"id";"data_inversa";"dia_semana";"horario";"uf";"br";"km";"municipio";"causa_acidente";"tipo_acidente";"classificacao_acidente";"fase_dia";"sentido_via";"condicao_metereologica";"tipo_pista";"tracado_via";"uso_solo";"pessoas";"mortos";"feridos_leves";"feridos_graves";"ilesos";"ignorados";"feridos";"veiculos";"latitude";"longitude";"regional";"delegacia";"uop"
184490;2019-01-11;"sexta-feira";"07:00:00";"RN";101;104,5;"PARNAMIRIM";"Falta de Atenção à Condução";"Colisão lateral";"Com Vítimas Feridas";"Pleno dia";"Decrescente";"Sol";"Dupla";"Reta";"Sim";3;0;1;0;1;1;1;3;-5,892745;-35,257225;"SPRF-RN";"DEL01-RN";"UOP01-DEL01-RN"
184493;2019-01-11;"sexta-feira";"08:20:00";"SC";101;339,2;"TUBARAO";"Desobediência às normas de trânsito pelo condutor";"Colisão transversal";"Com Vítimas Feridas";"Pleno dia";"Decrescente";"Céu Claro";"Múltipla";"Interseção de Vias;Viaduto";"Sim";2;0;0;1;1;0;1;2;-28,5026;-49,0474;"SPRF-SC";"DEL02-SC";"UOP01-DEL02-SC"
184500;2019-01-07;"segunda-feira";"20:30:00";"SE";235;59,4;"ITABAIANA";"Falta de Atenção à Condução";"Colisão lateral";"Sem Vítimas";"Plena Noite";"Crescente";"Céu Claro";"Simples";"Reta";"Não";2;0;0;0;2;0;0;2;-10,63273;-37,45686;"SPRF-SE";"DEL01-SE";"UOP02-DEL01-SE"
184505;2019-01-07;"segunda-feira";"22:50:00";"ES";101;253,6;"SERRA";"Condutor Dormindo";"Colisão frontal";"Com Vítimas Fatais";"Plena Noite";"Decrescente";"Céu Claro";"Simples";"Curva";"Não";3;1;0;0;1;1;0;3;-20,08513019;-40,3466624;"SPRF-ES";"DEL02-ES";"UOP01-DEL02-ES"
184508;2019-01-11;"sexta-feira";"10:40:00";"SP";116;219;"GUARULHOS";"Não guardar distância de segurança";"Colisão lateral";"Com Vítimas Feridas";"Pleno dia";"Crescente";"Sol";"Simples";"Reta";"Não";2;0;1;0;1;0;1;2;-23,46400725;-46,49734955;"SPRF-SP";"DEL01-SP";"UOP01-DEL01-SP"
184512;2019-01-07;"segunda-feira";"17:20:00";"CE";116;141,8;"RUSSAS";"Falta de Atenção à Condução";"Colisão frontal";"Com Vítimas Feridas";"Anoitecer";"Crescente";"Nublado";"Simples";"Reta";"Não";2;0;1;0;1;0;1;2;-4,766018;-38,056034;"SPRF-CE";"DEL03-CE";"UOP01-DEL03-CE"
184514;2019-01-07;"segunda-feira";"22:00:00";"SC";101;251,8;"PAULO LOPES";"Animais na Pista";"Atropelamento de Animal";"Sem Vítimas";"Plena Noite";"Decrescente";"Nublado";"Dupla";"Reta";"Sim";2;0;0;0;2;0;0;2;-27,9615;-48,6793;"SPRF-SC";"DEL02-SC";"UOP03-DEL02-SC"
184515;2019-01-11;"sexta-feira";"11:00:00";"GO";60;38,9;"GOIANIA";"Velocidade Incompatível";"Tombamento";"Com Vítimas Feridas";"Pleno dia";"Decrescente";"Céu Claro";"Dupla";"Rotatória";"Sim";2;0;1;0;0;1;1;2;-16,6777;-49,2676;"SPRF-GO";"DEL01-GO";"UOP03-DEL01-GO"
184520;2019-01-11;"sexta-feira";"08:05:00";"MG";153;96;"PRATA";"Defeito Mecânico no Veículo";"Capotamento";"Com Vítimas Feridas";"Pleno dia";"Decrescente";"Céu Claro";"Simples";"Declive";"Não";3;0;1;0;1;1;1;2;-19,25605302;-48,92555237;"SPRF-MG";"DEL15-MG";"UOP03-DEL15-MG"
184524;2019-01-11;"sexta-feira";"11:35:00";"SP";116;443,5;"REGISTRO";"Não guardar distância de segurança";"Colisão lateral";"Com Vítimas Feridas";"Pleno dia";"Decrescente";"Céu Claro";"Dupla";"Reta";"Não";2;0;0;1;1;0;1;2;-24,4866799;-47,83394694;"SPRF-SP";"DEL05-SP";"UOP01-DEL05-SP"
184531;2019-01-08;"terça-feira";"03:40:00";"ES";101;266,3;"SERRA";"Desobediência às normas de trânsito pelo condutor";"Colisão transversal";"Com Vítimas Feridas";"Plena Noite";"Crescente";"Céu Claro";"Dupla";"Interseção de Vias";"Sim";2;0;1;0;1;0;1;2;-20,19359065;-40,26853893;"SPRF-ES";"DEL02-ES";"UOP01-DEL02-ES"
184533;2019-01-11;"sexta-feira";"09:30:00";"PI";230;198,3;"OEIRAS";"Falta de Atenção à Condução";"Colisão lateral";"Com Vítimas Feridas";"Pleno dia";"Crescente";"Céu Claro";"Simples";"Reta";"Sim";5;0;3;0;1;2;3;4;-7,01511613;-42,13799715;"SPRF-PI";"DEL04-PI";"UOP01-DEL04-PI"
184534;2019-01-11;"sexta-feira";"12:00:00";"RJ";356;174,6;"SAO JOAO DA BARRA";"Defeito Mecânico no Veículo";"Tombamento";"Com Vítimas Feridas";"Pleno dia";"Crescente";"Sol";"Simples";"Interseção de Vias";"Não";1;0;1;0;0;0;1;1;-21,71790236;-41,05713129;"SPRF-RJ";"DEL08-RJ";"UOP02-DEL08-RJ"
184535;2019-01-11;"sexta-feira";"12:30:00";"PR";277;500,7;"GUARANIACU";"Ultrapassagem Indevida";"Colisão lateral";"Com Vítimas Feridas";"Pleno dia";"Crescente";"Sol";"Simples";"Reta";"Não";3;0;1;0;1;1;1;2;-25,14592561;-52,70130873;"SPRF-PR";"DEL04-PR";"UOP04-DEL04-PR"
184536;2019-01-11;"sexta-feira";"11:30:00";"RJ";101;417;"MANGARATIBA";"Desobediência às normas de trânsito pelo condutor";"Colisão traseira";"Com Vítimas Feridas";"Pleno dia";"Decrescente";"Céu Claro";"Múltipla";"Curva";"Não";5;0;1;0;3;1;1;5;-22,912937;-43,897324;"SPRF-RJ";"DEL03-RJ";"UOP01-DEL03-RJ"
184541;2019-01-11;"sexta-feira";"13:20:00";"SC";282;4,2;"SAO JOSE";"Falta de Atenção à Condução";"Colisão lateral";"Sem Vítimas";"Pleno dia";"Crescente";"Sol";"Dupla";"Reta";"Sim";3;0;0;0;2;1;0;3;-27,592646;-48,604034;"SPRF-SC";"DEL01-SC";"UOP01-DEL01-SC"
184547;2019-01-11;"sexta-feira";"13:30:00";"SP";116;189;"SANTA ISABEL";"Defeito Mecânico no Veículo";"Capotamento";"Com Vítimas Feridas";"Pleno dia";"Crescente";"Sol";"Dupla";"Reta";"Não";2;0;1;0;1;0;1;1;-23,36677296;-46,23022199;"SPRF-SP";"DEL02-SP";"UOP01-DEL02-SP"
184559;2019-01-11;"sexta-feira";"14:00:00";"PR";277;68;"SAO JOSE DOS PINHAIS";"Velocidade Incompatível";"Queda de ocupante de veículo";"Com Vítimas Feridas";"Pleno dia";"Decrescente";"Céu Claro";"Dupla";"Reta";"Não";3;0;1;0;1;2;1;4;-25,52691695;-49,0938811;"SPRF-PR";"DEL01-PR";"UOP07-DEL01-PR"
184561;2019-01-11;"sexta-feira";"13:30:00";"SC";470;319,4;"CAMPOS NOVOS";"Desobediência às normas de trânsito pelo condutor";"Colisão transversal";"Com Vítimas Feridas";"Pleno dia";"Crescente";"Céu Claro";"Simples";"Interseção de Vias";"Sim";2;0;0;1;1;0;1;2;-27,41177622;-51,23100758;"SPRF-SC";"DEL07-SC";"UOP06-DEL07-SC"
184563;2019-01-11;"sexta-feira";"11:20:00";"MG";262;773,5;"UBERABA";"Velocidade Incompatível";"Saída de leito carroçável";"Com Vítimas Feridas";"Pleno dia";"Decrescente";"Chuva";"Simples";"Reta";"Não";2;0;2;0;0;0;2;1;-19,685202;-47,676212;"SPRF-MG";"DEL13-MG";"UOP01-DEL13-MG"
184564;2019-01-11;"sexta-feira";"13:20:00";"MG";50;176,5;"UBERABA";"Falta de Atenção à Condução";"Tombamento";"Com Vítimas Feridas";"Pleno dia";"Decrescente";"Chuva";"Dupla";"Declive";"Sim";2;0;1;0;0;2;1;3;-19,7792;-47,9505;"SPRF-MG";"DEL13-MG";"UOP01-DEL13-MG"
184565;2019-01-11;"sexta-feira";"15:10:00";"SC";470;49;"BLUMENAU";"Desobediência às normas de trânsito pelo condutor";"Colisão lateral";"Com Vítimas Feridas";"Pleno dia";"Crescente";"Céu Claro";"Simples";"Reta";"Não";3;0;0;1;1;1;1;3;-26,860662;-49,065159;"SPRF-SC";"DEL04-SC";"UOP01-DEL04-SC"
184566;2019-01-07;"segunda-feira";"18:00:00";"GO";153;499,9;"GOIANIA";"Velocidade Incompatível";"Engavetamento";"Com Vítimas Feridas";"Anoitecer";"Decrescente";"Céu Claro";"Dupla";"Reta";"Sim";5;0;2;0;3;0;2;3;-16,7033;-49,2311;"SPRF-GO";"DEL01-GO";"UOP01-DEL01-GO"
184570;2019-01-11;"sexta-feira";"12:30:00";"CE";116;187;"LIMOEIRO DO NORTE";"Falta de Atenção à Condução";"Colisão traseira";"Com Vítimas Feridas";"Pleno dia";"Decrescente";"Céu Claro";"Simples";"Reta";"Não";2;0;1;0;1;0;1;2;-5,11159018;-38,13736439;"SPRF-CE";"DEL03-CE";"UOP01-DEL03-CE"
184574;2019-01-10;"quinta-feira";"06:00:00";"SC";280;134,2;"RIO NEGRINHO";"Falta de Atenção à Condução";"Saída de leito carroçável";"Com Vítimas Feridas";"Pleno dia";"Decrescente";"Céu Claro";"Simples";"Curva";"Não";2;0;1;1;0;0;2;2;-26,272507;-49,563301;"SPRF-SC";"DEL06-SC";"UOP03-DEL06-SC"
184579;2019-01-07;"segunda-feira";"20:55:00";"PR";277;519,6;"GUARANIACU";"Desobediência às normas de trânsito pelo condutor";"Colisão lateral";"Com Vítimas Feridas";"Plena Noite";"Crescente";"Chuva";"Simples";"Reta";"Não";4;0;1;0;2;1;1;3;-25,10489685;-52,87355684;"SPRF-PR";"DEL04-PR";"UOP04-DEL04-PR"
184583;2019-01-11;"sexta-feira";"16:30:00";"MG";50;69;"UBERLANDIA";"Falta de Atenção à Condução";"Colisão lateral";"Com Vítimas Feridas";"Pleno dia";"Crescente";"Chuva";"Dupla";"Retorno Regulamentado";"Sim";3;0;1;0;1;2;1;4;-18,8907;-48,256;"SPRF-MG";"DEL15-MG";"UOP01-DEL15-MG"
184585;2019-01-11;"sexta-feira";"16:30:00";"PR";116;93;"SAO JOSE DOS PINHAIS";"Falta de Atenção à Condução";"Colisão traseira";"Com Vítimas Feridas";"Pleno dia";"Decrescente";"Chuva";"Múltipla";"Reta";"Não";2;0;1;0;1;0;1;2;-25,482296;-49,105915;"SPRF-PR";"DEL01-PR";"UOP01-DEL01-PR"
184586;2019-01-11;"sexta-feira";"17:00:00";"MG";381;445,4;"SANTA LUZIA";"Velocidade Incompatível";"Colisão traseira";"Com Vítimas Feridas";"Pleno dia";"Crescente";"Sol";"Simples";"Curva";"Não";9;0;3;1;4;1;4;5;-19,80934616;-43,78257751;"SPRF-MG";"DEL01-MG";"UOP01-DEL01-MG"
184592;2019-01-11;"sexta-feira";"15:54:00";"RJ";116;222,9;"PIRAI";"Defeito Mecânico no Veículo";"Colisão com objeto estático";"Com Vítimas Feridas";"Pleno dia";"Decrescente";"Céu Claro";"Dupla";"Curva";"Não";5;0;2;1;2;0;3;3;-22,67896551;-43,83613586;"SPRF-RJ";"DEL07-RJ";"UOP01-DEL07-RJ"
184595;2019-01-11;"sexta-feira";"14:30:00";"GO";70;367,2;"MONTES CLAROS DE GOIAS";"Avarias e/ou desgaste excessivo no pneu";"Colisão transversal";"Com Vítimas Fatais";"Pleno dia";"Crescente";"Chuva";"Simples";"Reta";"Não";3;1;1;0;0;2;1;4;-15,93506483;-51,33999109;"SPRF-GO";"DEL04-GO";"UOP01-DEL04-GO"
184597;2019-01-11;"sexta-feira";"17:30:00";"ES";101;296,7;"CARIACICA";"Falta de Atenção à Condução";"Colisão lateral";"Sem Vítimas";"Pleno dia";"Crescente";"Sol";"Dupla";"Reta";"Sim";2;0;0;0;2;0;0;2;-20,34570881;-40,4106242;"SPRF-ES";"DEL01-ES";"UOP01-DEL01-ES"
184606;2019-01-11;"sexta-feira";"18:10:00";"PE";104;65;"CARUARU";"Não guardar distância de segurança";"Colisão lateral";"Com Vítimas Feridas";"Plena Noite";"Decrescente";"Nublado";"Dupla";"Reta";"Sim";5;0;2;0;3;0;2;3;-8,2867;-35,9838;"SPRF-PE";"DEL02-PE";"UOP01-DEL02-PE"
184619;2019-01-11;"sexta-feira";"19:30:00";"SP";381;63,8;"MAIRIPORA";"Defeito Mecânico no Veículo";"Colisão traseira";"Sem Vítimas";"Anoitecer";"Crescente";"Nublado";"Dupla";"Reta";"Não";4;0;0;0;3;2;0;5;-23,30688377;-46,57652373;"SPRF-SP";"DEL03-SP";"UOP01-DEL03-SP"
184620;2019-01-11;"sexta-feira";"14:40:00";"SC";280;238;"CANOINHAS";"Condutor Dormindo";"Colisão lateral";"Com Vítimas Feridas";"Pleno dia";"Crescente";"Céu Claro";"Simples";"Reta";"Não";2;0;1;0;1;0;1;2;-26,2052637;-50,43864012;"SPRF-SC";"DEL06-SC";"UOP04-DEL06-SC"
184621;2019-01-11;"sexta-feira";"15:50:00";"SC";470;256,3;"CURITIBANOS";"Ultrapassagem Indevida";"Colisão frontal";"Com Vítimas Feridas";"Pleno dia";"Decrescente";"Céu Claro";"Simples";"Reta";"Não";3;0;1;1;1;0;2;3;-27,309309;-50,630985;"SPRF-SC";"DEL05-SC";"UOP03-DEL05-SC"
184622;2019-01-11;"sexta-feira";"19:30:00";"SP";116;169;"JACAREI";"Pista Escorregadia";"Tombamento";"Sem Vítimas";"Anoitecer";"Decrescente";"Chuva";"Simples";"Curva";"Não";1;0;0;0;1;0;0;1;-23,30797088;-46,04583621;"SPRF-SP";"DEL02-SP";"UOP01-DEL02-SP"
184636;2019-01-11;"sexta-feira";"17:00:00";"SC";280;33,1;"ARAQUARI";"Falta de Atenção à Condução";"Colisão traseira";"Com Vítimas Fatais";"Pleno dia";"Decrescente";"Céu Claro";"Simples";"Curva;Declive;Interseção de Vias";"Não";6;2;0;1;2;1;1;4;-26,42645312;-48,78851295;"SPRF-SC";"DEL03-SC";"UOP03-DEL03-SC"
184638;2019-01-11;"sexta-feira";"21:10:00";"PR";277;580,2;"CASCAVEL";"Falta de Atenção à Condução";"Colisão com objeto estático";"Sem Vítimas";"Plena Noite";"Crescente";"Céu Claro";"Simples";"Viaduto";"Sim";2;0;0;0;2;0;0;2;-24,98270826;-53,47350782;"SPRF-PR";"DEL04-PR";"UOP01-DEL04-PR"
184643;2019-01-10;"quinta-feira";"22:15:00";"PR";376;437,3;"TIBAGI";"Velocidade Incompatível";"Tombamento";"Com Vítimas Fatais";"Plena Noite";"Decrescente";"Céu Claro";"Dupla";"Curva";"Não";3;1;0;1;0;1;1;2;-24,789804;-50,504444;"SPRF-PR";"DEL03-PR";"UOP02-DEL03-PR"
184648;2019-01-11;"sexta-feira";"19:00:00";"PR";476;226,7;"LAPA";"Pista Escorregadia";"Colisão frontal";"Com Vítimas Feridas";"Anoitecer";"Crescente";"Chuva";"Simples";"Curva";"Não";3;0;1;0;1;1;1;3;-25,855112;-49,958683;"SPRF-PR";"DEL02-PR";"UOP04-DEL02-PR"
184655;2019-01-11;"sexta-feira";"22:30:00";"SC";282;47,2;"AGUAS MORNAS";"Não guardar distância de segurança";"Colisão traseira";"Com Vítimas Feridas";"Plena Noite";"Decrescente";"Nublado";"Simples";"Reta";"Não";5;0;4;0;0;1;4;3;-27,71985263;-48,93707514;"SPRF-SC";"DEL01-SC";"UOP03-DEL01-SC"
184659;2019-01-11;"sexta-feira";"20:10:00";"MG";146;511,2;"POCOS DE CALDAS";"Avarias e/ou desgaste excessivo no pneu";"Tombamento";"Com Vítimas Feridas";"Plena Noite";"Decrescente";"Nublado";"Simples";"Curva";"Não";3;0;0;1;1;1;1;3;-21,77557;-46,43222;"SPRF-MG";"DEL13-MG";"UOP01-DEL13-MG"
184661;2019-01-11;"sexta-feira";"23:45:00";"RS";116;315;"BARRA DO RIBEIRO";"Velocidade Incompatível";"Colisão traseira";"Com Vítimas Feridas";"Plena Noite";"Decrescente";"Garoa/Chuvisco";"Simples";"Reta";"Não";6;0;0;4;1;1;4;3;-30,245632;-51,405949;"SPRF-RS";"DEL02-RS";"UOP01-DEL02-RS"
184667;2019-01-12;"sábado";"01:15:00";"RJ";101;120,4;"CAMPOS DOS GOYTACAZES";"Falta de Atenção à Condução";"Colisão transversal";"Com Vítimas Feridas";"Plena Noite";"Crescente";"Céu Claro";"Dupla";"Reta";"Não";3;0;1;0;2;0;1;2;-22,026218;-41,691715;"SPRF-RJ";"DEL08-RJ";"UOP02-DEL08-RJ"
184680;2019-01-12;"sábado";"05:45:00";"PR";373;269,3;"PRUDENTOPOLIS";"Condutor Dormindo";"Colisão frontal";"Com Vítimas Fatais";"Plena Noite";"Decrescente";"Céu Claro";"Simples";"Declive;Reta";"Não";3;1;0;0;1;1;0;3;-25,2155055;-51,012524;"SPRF-PR";"DEL03-PR";"UOP01-DEL03-PR"
184685;2019-01-12;"sábado";"06:00:00";"MG";365;593;"ARAGUARI";"Defeito Mecânico no Veículo";"Saída de leito carroçável";"Com Vítimas Feridas";"Amanhecer";"Crescente";"Céu Claro";"Simples";"Curva";"Não";2;0;2;0;0;0;2;1;-18,88086893;-48,04887772;"SPRF-MG";"DEL15-MG";"UOP02-DEL15-MG"
184694;2019-01-12;"sábado";"07:20:00";"SC";101;161,5;"TIJUCAS";"Falta de Atenção à Condução";"Colisão com objeto estático";"Sem Vítimas";"Pleno dia";"Decrescente";"Céu Claro";"Simples";"Reta";"Sim";2;0;0;0;1;1;0;2;-27,2237;-48,6271;"SPRF-SC";"DEL04-SC";"UOP03-DEL04-SC"
184701;2019-01-12;"sábado";"07:00:00";"MT";158;593,1;"AGUA BOA";"Falta de Atenção à Condução";"Tombamento";"Com Vítimas Feridas";"Amanhecer";"Crescente";"Céu Claro";"Simples";"Reta";"Não";2;0;1;0;0;1;1;2;-14,086872;-52,16088;"SPRF-MT";"DEL07-MT";"UOP02-DEL07-MT"
184710;2019-01-09;"quarta-feira";"00:00:00";"SC";282;95,1;"ALFREDO WAGNER";"Velocidade Incompatível";"Tombamento";"Sem Vítimas";"Plena Noite";"Crescente";"Nublado";"Simples";"Curva";"Não";1;0;0;0;1;0;0;1;-27,71188;-49,255035;"SPRF-SC";"DEL01-SC";"UOP03-DEL01-SC"
184720;2019-01-12;"sábado";"08:45:00";"RS";470;206,8;"BENTO GONCALVES";"Ingestão de Álcool";"Colisão frontal";"Com Vítimas Feridas";"Pleno dia";"Crescente";"Céu Claro";"Simples";"Reta";"Não";9;0;1;0;7;1;1;6;-29,09508333;-51,54803395;"SPRF-RS";"DEL06-RS";"UOP01-DEL06-RS"
184723;2019-01-12;"sábado";"08:30:00";"MG";50;64,1;"UBERLANDIA";"Ultrapassagem Indevida";"Colisão traseira";"Com Vítimas Feridas";"Pleno dia";"Decrescente";"Sol";"Dupla";"Reta;Declive";"Não";4;0;2;0;2;0;2;2;-18,8551;-48,2537;"SPRF-MG";"DEL15-MG";"UOP02-DEL15-MG"
184727;2019-01-12;"sábado";"07:30:00";"MG";354;732,3;"POUSO ALTO";"Velocidade Incompatível";"Tombamento";"Com Vítimas Feridas";"Pleno dia";"Decrescente";"Céu Claro";"Simples";"Curva";"Não";2;0;1;0;0;1;1;2;-22,1736551;-44,96438026;"SPRF-MG";"DEL16-MG";"UOP02-DEL16-MG"
184728;2019-01-07;"segunda-feira";"15:30:00";"MS";163;486,3;"CAMPO GRANDE";"Desobediência às normas de trânsito pelo condutor";"Colisão traseira";"Com Vítimas Feridas";"Pleno dia";"Crescente";"Chuva";"Simples";"Declive";"Sim";4;0;1;0;2;2;1;4;-20,430339;-54,544306;"SPRF-MS";"DEL01-MS";"UOP02-DEL01-MS"
184732;2019-01-12;"sábado";"09:12:00";"PE";101;75;"RECIFE";"Falta de Atenção à Condução";"Colisão lateral";"Com Vítimas Feridas";"Pleno dia";"Decrescente";"Chuva";"Simples";"Reta";"Sim";2;0;1;0;0;1;1;2;-8,1194;-34,9429;"SPRF-PE";"DEL01-PE";"UOP01-DEL01-PE"
184735;2019-01-12;"sábado";"10:00:00";"MG";40;224,3;"JOAO PINHEIRO";"Velocidade Incompatível";"Tombamento";"Com Vítimas Feridas";"Pleno dia";"Crescente";"Céu Claro";"Simples";"Rotatória";"Não";3;0;2;0;0;1;2;2;-17,979826;-45,617336;"SPRF-MG";"DEL14-MG";"UOP02-DEL14-MG"
184737;2019-01-12;"sábado";"07:00:00";"BA";110;371;"POJUCA";"Falta de Atenção à Condução";"Tombamento";"Sem Vítimas";"Pleno dia";"Crescente";"Céu Claro";"Simples";"Curva";"Não";2;0;0;0;1;2;0;3;-12,4;-38,3765;"SPRF-BA";"DEL01-BA";"UOP04-DEL01-BA"
184739;2019-01-10;"quinta-feira";"21:30:00";"AM";174;985;"PRESIDENTE FIGUEIREDO";"Defeito Mecânico no Veículo";"Saída de leito carroçável";"Sem Vítimas";"Plena Noite";"Crescente";"Ignorado";"Simples";"Aclive";"Não";1;0;0;0;1;0;0;1;-2,10855557;-59,99333382;"SPRF-AM";"DEL01-AM";"UOP02-DEL01-AM"
184752;2019-01-12;"sábado";"12:00:00";"GO";40;17;"LUZIANIA";"Falta de Atenção à Condução";"Colisão lateral";"Com Vítimas Feridas";"Pleno dia";"Crescente";"Céu Claro";"Dupla";"Reta";"Sim";3;0;1;0;1;1;1;2;-16,18487;-47,928641;"SPRF-DF";"DEL01-DF";"UOP01-DEL01-DF"
184757;2019-01-12;"sábado";"12:20:00";"SC";101;123;"ITAJAI";"Avarias e/ou desgaste excessivo no pneu";"Colisão com objeto estático";"Com Vítimas Feridas";"Pleno dia";"Decrescente";"Sol";"Dupla";"Reta";"Não";1;0;0;1;0;0;1;1;-26,9366;-48,6987;"SPRF-SC";"DEL04-SC";"UOP04-DEL04-SC"
184762;2019-01-12;"sábado";"12:40:00";"RJ";101;248,2;"SILVA JARDIM";"Falta de Atenção à Condução";"Colisão traseira";"Com Vítimas Feridas";"Pleno dia";"Crescente";"Céu Claro";"Dupla";"Reta";"Não";8;0;2;4;1;1;6;4;-22,661955;-42,502647;"SPRF-RJ";"DEL02-RJ";"UOP03-DEL02-RJ"
184763;2019-01-12;"sábado";"13:08:00";"MG";40;525;"CONTAGEM";"Velocidade Incompatível";"Engavetamento";"Com Vítimas Feridas";"Pleno dia";"Decrescente";"Céu Claro";"Dupla";"Reta";"Não";4;0;1;0;3;0;1;3;-19,8971;-44,0497;"SPRF-MG";"DEL01-MG";"UOP03-DEL01-MG"
184767;2019-01-12;"sábado";"13:25:00";"RS";101;34,8;"TRES CACHOEIRAS";"Falta de Atenção à Condução";"Colisão traseira";"Com Vítimas Feridas";"Pleno dia";"Decrescente";"Chuva";"Dupla";"Reta";"Não";2;0;0;1;1;0;1;2;-29,50881;-49,986858;"SPRF-RS";"DEL03-RS";"DEL9/3-UOP03/RS"
184776;2019-01-12;"sábado";"12:30:00";"SC";282;516;"XAXIM";"Condutor Dormindo";"Tombamento";"Com Vítimas Feridas";"Pleno dia";"Crescente";"Sol";"Simples";"Curva";"Não";2;0;1;0;0;1;1;2;-26,930862;-52,499157;"SPRF-SC";"DEL07-SC";"UOP01-DEL07-SC"
184795;2019-01-12;"sábado";"14:00:00";"BA";101;751;"ITABELA";"Velocidade Incompatível";"Tombamento";"Com Vítimas Feridas";"Pleno dia";"Decrescente";"Céu Claro";"Simples";"Curva";"Não";6;0;3;0;2;1;3;3;-16,6091;-39,5458;"SPRF-BA";"DEL09-BA";"UOP01-DEL09-BA"
184806;2019-01-12;"sábado";"17:14:00";"SP";116;17,5;"LAVRINHAS";"Ingestão de Álcool";"Colisão lateral";"Sem Vítimas";"Pleno dia";"Crescente";"Céu Claro";"Dupla";"Curva";"Não";2;0;0;0;2;0;0;2;-22,55709094;-44,85269487;"SPRF-SP";"DEL08-SP";"UOP02-DEL08-SP"
184808;2019-01-12;"sábado";"17:55:00";"SP";153;55,9;"SAO JOSE DO RIO PRETO";"Falta de Atenção à Condução";"Colisão lateral";"Sem Vítimas";"Pleno dia";"Crescente";"Chuva";"Simples";"Rotatória";"Sim";3;0;0;0;3;0;0;2;-20,753166;-49,342579;"SPRF-SP";"DEL09-SP";"UOP01-DEL09-SP"
184824;2019-01-12;"sábado";"18:15:00";"MS";163;491,6;"CAMPO GRANDE";"Animais na Pista";"Colisão frontal";"Com Vítimas Feridas";"Pleno dia";"Decrescente";"Nublado";"Múltipla";"Reta";"Sim";3;0;0;1;1;2;1;4;-20,38872173;-54,54986572;"SPRF-MS";"DEL01-MS";"UOP02-DEL01-MS"
184825;2019-01-12;"sábado";"16:25:00";"PI";316;169,7;"ELESBAO VELOSO";"Ingestão de Álcool";"Saída de leito carroçável";"Com Vítimas Feridas";"Pleno dia";"Crescente";"Nublado";"Simples";"Reta";"Não";3;0;1;0;1;2;1;3;-6,23744748;-42,04772472;"SPRF-PI";"DEL04-PI";"UOP02-DEL04-PI"
184826;2019-01-12;"sábado";"18:45:00";"AP";210;3;"MACAPA";"Falta de Atenção à Condução";"Colisão traseira";"Com Vítimas Feridas";"Anoitecer";"Crescente";"Céu Claro";"Simples";"Curva";"Sim";3;0;1;0;2;0;1;2;0,087255;-51,085796;"SPRF-AP";"DEL01-AP";"UOP01-DEL01-AP"
184832;2019-01-12;"sábado";"20:30:00";"AL";423;77;"AGUA BRANCA";"Ingestão de Álcool";"Colisão lateral";"Sem Vítimas";"Plena Noite";"Decrescente";"Céu Claro";"Simples";"Reta";"Não";2;0;0;0;2;0;0;2;-9,321755;-37,96011;"SPRF-AL";"DEL03-AL";"UOP02-DEL03-AL"
184839;2019-01-12;"sábado";"22:00:00";"ES";101;164;"LINHARES";"Desobediência às normas de trânsito pelo condutor";"Colisão frontal";"Com Vítimas Fatais";"Plena Noite";"Decrescente";"Nublado";"Simples";"Reta";"Não";2;1;1;0;0;0;1;2;-19,49183863;-40,1279068;"SPRF-ES";"DEL04-ES";"UOP01-DEL04-ES"
184863;2019-01-13;"domingo";"00:20:00";"SP";116;297;"ITAPECERICA DA SERRA";"Defeito na Via";"Colisão com objeto estático";"Com Vítimas Feridas";"Plena Noite";"Decrescente";"Nublado";"Dupla";"Curva";"Não";3;0;1;1;0;1;2;2;-23,77138722;-46,91166783;"SPRF-SP";"DEL04-SP";"UOP01-DEL04-SP"
184877;2019-01-12;"sábado";"23:10:00";"MG";365;6;"MONTES CLAROS";"Velocidade Incompatível";"Tombamento";"Com Vítimas Feridas";"Plena Noite";"Decrescente";"Céu Claro";"Simples";"Curva";"Não";1;0;1;0;0;0;1;1;-16,816128;-43,915218;"SPRF-MG";"DEL12-MG";"UOP01-DEL12-MG"
184880;2019-01-13;"domingo";"01:50:00";"MT";70;281;"PRIMAVERA DO LESTE";"Ingestão de Álcool";"Saída de leito carroçável";"Sem Vítimas";"Plena Noite";"Crescente";"Céu Claro";"Simples";"Retorno Regulamentado";"Sim";3;0;0;0;2;3;0;5;-15,567039;-54,305145;"SPRF-MT";"DEL05-MT";"UOP01-DEL05-MT"
184883;2019-01-13;"domingo";"04:00:00";"PR";373;412,5;"CANDOI";"Desobediência às normas de trânsito pelo condutor";"Colisão transversal";"Com Vítimas Feridas";"Plena Noite";"Crescente";"Nublado";"Simples";"Reta";"Não";6;0;4;1;1;0;5;2;-25,65425438;-52,11238146;"SPRF-PR";"DEL03-PR";"UOP01-DEL08-PR"
184887;2019-01-13;"domingo";"05:03:00";"SP";116;108;"TAUBATE";"Falta de Atenção do Pedestre";"Atropelamento de Pedestre";"Com Vítimas Fatais";"Plena Noite";"Decrescente";"Céu Claro";"Dupla";"Reta";"Sim";2;1;0;0;0;1;0;2;-23,023352;-45,537693;"SPRF-SP";"DEL06-SP";"UOP01-DEL06-SP"
184893;2019-01-13;"domingo";"06:15:00";"RS";153;48,9;"ERECHIM";"Ingestão de Álcool";"Colisão frontal";"Com Vítimas Feridas";"Amanhecer";"Crescente";"Céu Claro";"Simples";"Reta";"Não";2;0;1;1;0;0;2;2;-27,651188;-52,257259;"SPRF-RS";"DEL08-RS";"UOP04-DEL08-RS"