"id";"data_inversa";"dia_semana";"horario";"uf";"br";"km";"municipio";"causa_acidente";"tipo_acidente";"classificacao_acidente";"fase_dia";"sentido_via";"condicao_metereologica";"tipo_pista";"tracado_via";"uso_solo";"pessoas";"mortos";"feridos_leves";"feridos_graves";"ilesos";"ignorados";"feridos";"veiculos";"latitude";"longitude";"regional";"delegacia";"uop"
184894;2019-01-12;"sábado";"20:40:00";"SP";116;506;"CAJATI";"Defeito Mecânico no Veículo";"Incêndio";"Sem Vítimas";"Plena Noite";"Decrescente";"Céu Claro";"Simples";"Reta";"Não";2;0;0;0;1;1;0;2;-24,80914851;-48,21204185;"SPRF-SP";"DEL05-SP";"UAP01-DEL05-SP"
184901;2019-01-13;"domingo";"06:20:00";"PE";101;56,3;"RECIFE";"Falta de Atenção à Condução";"Colisão lateral";"Com Vítimas Feridas";"Amanhecer";"Decrescente";"Céu Claro";"Dupla";"Reta";"Sim";2;0;0;1;1;0;1;2;-7,9641;-34,9158;"SPRF-PE";"DEL01-PE";"UOP02-DEL01-PE"
184906;2019-01-13;"domingo";"05:50:00";"MT";364;261;"JUSCIMEIRA";"Falta de Atenção à Condução";"Colisão frontal";"Com Vítimas Feridas";"Pleno dia";"Crescente";"Ignorado";"Simples";"Declive";"Não";3;0;1;0;1;2;1;4;-16,031467;-54,894554;"SPRF-MT";"DEL02-MT";"UOP02-DEL05-MT"
184933;2019-01-10;"quinta-feira";"07:10:00";"MG";381;437,9;"SABARA";"Velocidade Incompatível";"Derramamento de carga";"Com Vítimas Fatais";"Pleno dia";"Crescente";"Céu Claro";"Simples";"Curva";"Não";4;1;0;1;0;2;1;3;-19,78899543;-43,7310791;"SPRF-MG";"DEL01-MG";"UOP01-DEL01-MG"
184942;2019-01-13;"domingo";"12:30:00";"ES";101;379,5;"ICONHA";"Velocidade Incompatível";"Tombamento";"Com Vítimas Feridas";"Pleno dia";"Decrescente";"Céu Claro";"Simples";"Curva";"Não";3;0;2;0;0;2;2;3;-20,8042;-40,8295;"SPRF-ES";"DEL03-ES";"UOP01-DEL03-ES"
184945;2019-01-13;"domingo";"12:30:00";"PE";104;12,2;"TAQUARITINGA DO NORTE";"Ultrapassagem Indevida";"Colisão frontal";"Com Vítimas Fatais";"Pleno dia";"Crescente";"Céu Claro";"Simples";"Reta";"Não";3;1;0;0;2;0;0;3;-7,888657;-36,110435;"SPRF-PE";"DEL02-PE";"UOP01-DEL02-PE"
184953;2019-01-13;"domingo";"15:15:00";"PR";163;279;"QUATRO PONTES";"Ultrapassagem Indevida";"Colisão frontal";"Com Vítimas Feridas";"Pleno dia";"Decrescente";"Céu Claro";"Simples";"Curva";"Não";5;0;1;1;2;2;2;4;-24,5837;-53,9851;"SPRF-PR";"DEL06-PR";"UOP02-DEL06-PR"
184957;2019-01-12;"sábado";"09:00:00";"MT";163;1111;"GUARANTA DO NORTE";"Velocidade Incompatível";"Tombamento";"Sem Vítimas";"Pleno dia";"Crescente";"Céu Claro";"Simples";"Declive;Curva";"Não";2;0;0;0;1;3;0;4;-9,601397;-54,886204;"SPRF-MT";"DEL06-MT";"UOP02-DEL06-MT"
184959;2019-01-13;"domingo";"14:50:00";"MG";262;177;"SAO DOMINGOS DO PRATA";"Defeito Mecânico no Veículo";"Incêndio";"Sem Vítimas";"Pleno dia";"Crescente";"Céu Claro";"Simples";"Reta";"Não";2;0;0;0;1;1;0;2;-19,928415;-42,972904;"SPRF-MG";"DEL03-MG";"UOP01-DEL03-MG"
184967;2019-01-13;"domingo";"10:45:00";"SC";116;204,2;"PONTE ALTA";"Velocidade Incompatível";"Saída de leito carroçável";"Com Vítimas Feridas";"Pleno dia";"Decrescente";"Sol";"Simples";"Reta";"Não";1;0;1;0;0;0;1;1;-27,481998;-50,379116;"SPRF-SC";"DEL05-SC";"UOP03-DEL05-SC"
184971;2019-01-13;"domingo";"16:00:00";"MS";163;14;"MUNDO NOVO";"Desobediência às normas de trânsito pelo condutor";"Colisão transversal";"Com Vítimas Feridas";"Pleno dia";"Crescente";"Chuva";"Simples";"Curva";"Não";3;0;1;0;1;1;1;3;-23,950075;-54,308708;"SPRF-MS";"DEL09-MS";"UOP02-DEL09-MS"
184976;2019-01-13;"domingo";"16:35:00";"MG";381;760,1;"TRES CORACOES";"Condutor Dormindo";"Saída de leito carroçável";"Com Vítimas Feridas";"Pleno dia";"Crescente";"Sol";"Dupla";"Reta;Aclive";"Não";6;0;2;0;3;2;2;4;-21,7011;-45,3673;"SPRF-MG";"DEL16-MG";"UOP02-DEL16-MG"
184978;2019-01-13;"domingo";"11:20:00";"RJ";354;13,8;"RESENDE";"Velocidade Incompatível";"Colisão frontal";"Com Vítimas Fatais";"Pleno dia";"Decrescente";"Céu Claro";"Simples";"Curva;Aclive";"Não";2;1;0;0;1;0;0;2;-22,436623;-44,735523;"SPRF-RJ";"DEL07-RJ";"DEL5/7-UOP03/RJ"
184987;2019-01-13;"domingo";"16:05:00";"RS";386;315;"MARQUES DE SOUZA";"Avarias e/ou desgaste excessivo no pneu";"Colisão frontal";"Com Vítimas Fatais";"Pleno dia";"Crescente";"Chuva";"Simples";"Declive;Reta";"Não";7;3;0;2;1;1;2;3;-29,26049395;-52,15029716;"SPRF-RS";"DEL04-RS";"UOP01-DEL04-RS"
184999;2019-01-13;"domingo";"15:15:00";"RJ";101;267,5;"RIO BONITO";"Falta de Atenção à Condução";"Colisão lateral";"Com Vítimas Feridas";"Pleno dia";"Decrescente";"Sol";"Dupla";"Reta";"Não";5;0;0;3;2;0;3;2;-22,707306;-42,660637;"SPRF-RJ";"DEL02-RJ";"UOP03-DEL02-RJ"
185015;2019-01-09;"quarta-feira";"20:00:00";"SC";282;507,9;"XANXERE";"Falta de Atenção à Condução";"Colisão traseira";"Sem Vítimas";"Anoitecer";"Crescente";"Nublado";"Simples";"Aclive";"Não";2;0;0;0;2;0;0;2;-26,886171;-52,43911;"SPRF-SC";"DEL07-SC";"UOP01-DEL07-SC"
185018;2019-01-13;"domingo";"18:30:00";"MS";163;672,2;"RIO VERDE DE MATO GROSSO";"Ingestão de Álcool";"Colisão lateral";"Com Vítimas Feridas";"Anoitecer";"Decrescente";"Céu Claro";"Múltipla";"Aclive";"Não";4;0;0;1;1;3;1;5;-18,987893;-54,828168;"SPRF-MS";"DEL06-MS";"UOP02-DEL06-MS"
185024;2019-01-13;"domingo";"17:15:00";"PE";407;126,1;"PETROLINA";"Falta de Atenção à Condução";"Colisão com objeto estático";"Com Vítimas Feridas";"Pleno dia";"Decrescente";"Céu Claro";"Dupla";"Curva";"Sim";2;0;1;0;0;1;1;2;-9,3868728;-40,5258477;"SPRF-PE";"DEL06-PE";"UOP01-DEL06-PE"
185032;2019-01-13;"domingo";"15:45:00";"GO";60;199;"GUAPO";"Falta de Atenção à Condução";"Saída de leito carroçável";"Sem Vítimas";"Pleno dia";"Crescente";"Chuva";"Dupla";"Reta";"Não";2;0;0;0;1;2;0;3;-16,87952273;-49,61640358;"SPRF-GO";"DEL01-GO";"UOP02-DEL01-GO"
185034;2019-01-13;"domingo";"15:00:00";"BA";116;477,2;"SANTO ESTEVAO";"Desobediência às normas de trânsito pelo condutor";"Colisão transversal";"Com Vítimas Feridas";"Pleno dia";"Crescente";"Sol";"Dupla";"Aclive";"Não";3;0;1;0;2;0;1;2;-12,51206628;-39,37502774;"SPRF-BA";"DEL02-BA";"UOP01-DEL02-BA"
185040;2019-01-13;"domingo";"15:20:00";"BA";116;642,5;"JAGUAQUARA";"Defeito Mecânico no Veículo";"Colisão frontal";"Com Vítimas Feridas";"Pleno dia";"Crescente";"Céu Claro";"Simples";"Curva";"Não";4;0;0;2;1;3;2;6;-13,5835895;-40,08327484;"SPRF-BA";"DEL03-BA";"UOP01-DEL03-BA"
185050;2019-01-13;"domingo";"22:15:00";"RS";285;455,6;"IJUI";"Ingestão de Álcool";"Colisão frontal";"Com Vítimas Feridas";"Plena Noite";"Crescente";"Chuva";"Simples";"Reta";"Sim";2;0;1;0;1;0;1;2;-28,38566169;-53,88905525;"SPRF-RS";"DEL10-RS";"UOP01-DEL10-RS"
185051;2019-01-13;"domingo";"22:10:00";"SC";101;114;"ITAJAI";"Velocidade Incompatível";"Colisão traseira";"Com Vítimas Fatais";"Plena Noite";"Decrescente";"Chuva";"Dupla";"Viaduto";"Não";2;1;0;0;1;0;0;2;-26,8708;-48,7293;"SPRF-SC";"DEL04-SC";"UOP04-DEL04-SC"
185061;2019-01-13;"domingo";"19:50:00";"MA";222;253;"ITAPECURU MIRIM";"Restrição de Visibilidade";"Colisão traseira";"Com Vítimas Feridas";"Plena Noite";"Crescente";"Chuva";"Simples";"Reta";"Sim";3;0;2;0;0;1;2;2;-3,48052343;-44,09088135;"SPRF-MA";"DEL01-MA";"UOP02-DEL01-MA"
185074;2019-01-13;"domingo";"22:30:00";"SP";116;496,5;"CAJATI";"Condutor Dormindo";"Saída de leito carroçável";"Sem Vítimas";"Plena Noite";"Decrescente";"Nublado";"Simples";"Reta";"Não";2;0;0;0;1;1;0;2;-24,7693616;-48,15170288;"SPRF-SP";"DEL05-SP";"UAP01-DEL05-SP"
185076;2019-01-13;"domingo";"23:50:00";"RS";290;0;"OSORIO";"Condutor Dormindo";"Saída de leito carroçável";"Com Vítimas Fatais";"Plena Noite";"Crescente";"Nublado";"Dupla";"Aclive";"Sim";2;1;0;0;0;1;0;2;-29,894957;-50,286026;"SPRF-RS";"DEL03-RS";"UOP02-DEL03-RS"
185084;2019-01-13;"domingo";"19:50:00";"SC";282;84,9;"ALFREDO WAGNER";"Falta de Atenção à Condução";"Colisão frontal";"Com Vítimas Fatais";"Plena Noite";"Decrescente";"Chuva";"Simples";"Curva";"Não";8;1;3;0;1;3;3;4;-27,666992;-49,183552;"SPRF-SC";"DEL01-SC";"UOP03-DEL01-SC"
185088;2019-01-05;"sábado";"08:50:00";"SC";101;24,8;"JOINVILLE";"Falta de Atenção à Condução";"Colisão transversal";"Com Vítimas Feridas";"Pleno dia";"Decrescente";"Garoa/Chuvisco";"Dupla";"Interseção de Vias";"Sim";6;0;2;0;4;0;2;2;-26,18178327;-48,90954494;"SPRF-SC";"DEL03-SC";"UOP01-DEL03-SC"
185098;2019-01-14;"segunda-feira";"01:50:00";"RN";101;110;"PARNAMIRIM";"Desobediência às normas de trânsito pelo condutor";"Colisão lateral";"Com Vítimas Feridas";"Plena Noite";"Decrescente";"Nublado";"Dupla";"Reta";"Sim";3;0;2;0;0;1;2;2;-5,946376;-35,264851;"SPRF-RN";"DEL01-RN";"UOP01-DEL01-RN"
185105;2019-01-14;"segunda-feira";"03:20:00";"PA";10;47,8;"DOM ELISEU";"Falta de Atenção à Condução";"Colisão traseira";"Com Vítimas Feridas";"Plena Noite";"Decrescente";"Céu Claro";"Simples";"Reta";"Não";9;0;7;0;1;1;7;2;-4,293095;-47,556904;"SPRF-PA";"DEL02-PA";"UOP02-DEL02-PA"
185109;2019-01-14;"segunda-feira";"05:35:00";"PR";277;4;"PARANAGUA";"Ingestão de Álcool";"Colisão transversal";"Com Vítimas Feridas";"Amanhecer";"Crescente";"Céu Claro";"Simples";"Interseção de Vias";"Sim";3;0;1;0;1;1;1;3;-25,5205;-48,5095;"SPRF-PR";"DEL01-PR";"UOP05-DEL01-PR"
185110;2019-01-14;"segunda-feira";"06:00:00";"ES";101;34,7;"CONCEICAO DA BARRA";"Objeto estático sobre o leito carroçável";"Colisão com objeto estático";"Com Vítimas Feridas";"Amanhecer";"Crescente";"Nublado";"Simples";"Reta";"Não";3;0;1;0;1;2;1;4;-18,44446;-39,932148;"SPRF-ES";"DEL04-ES";"UOP02-DEL04-ES"
185115;2019-01-14;"segunda-feira";"06:00:00";"MS";262;355,4;"CAMPO GRANDE";"Falta de Atenção do Pedestre";"Atropelamento de Pedestre";"Com Vítimas Feridas";"Pleno dia";"Decrescente";"Nublado";"Simples";"Reta";"Sim";2;0;1;0;1;0;1;2;-20,5505968;-54,6740064;"SPRF-MS";"DEL01-MS";"UOP03-DEL01-MS"
185136;2019-01-03;"quinta-feira";"01:00:00";"PR";376;550;"PALMEIRA";"Desobediência às normas de trânsito pelo condutor";"Capotamento";"Com Vítimas Feridas";"Plena Noite";"Decrescente";"Céu Claro";"Dupla";"Reta";"Não";5;0;4;0;0;1;4;2;-25,42004058;-49,76779819;"SPRF-PR";"DEL01-PR";"UOP06-DEL01-PR"
185138;2019-01-14;"segunda-feira";"07:00:00";"SP";116;282,5;"EMBU DAS ARTES";"Velocidade Incompatível";"Colisão traseira";"Com Vítimas Feridas";"Pleno dia";"Decrescente";"Céu Claro";"Dupla";"Reta";"Não";3;0;1;0;2;0;1;2;-23,6560566;-46,8500678;"SPRF-SP";"DEL04-SP";"UOP01-DEL04-SP"
185140;2019-01-14;"segunda-feira";"02:30:00";"RS";285;321,9;"PASSO FUNDO";"Condutor Dormindo";"Saída de leito carroçável";"Com Vítimas Feridas";"Plena Noite";"Decrescente";"Nublado";"Simples";"Curva";"Não";1;0;0;1;0;0;1;1;-28,2672699;-52,62545586;"SPRF-RS";"DEL08-RS";"UOP03-DEL08-RS"
185144;2019-01-14;"segunda-feira";"07:40:00";"PR";277;718,4;"FOZ DO IGUACU";"Não guardar distância de segurança";"Queda de ocupante de veículo";"Com Vítimas Feridas";"Pleno dia";"Crescente";"Céu Claro";"Dupla";"Reta";"Não";3;0;0;1;2;0;1;2;-25,480068;-54,485416;"SPRF-PR";"DEL05-PR";"UOP01-DEL05-PR"
185148;2019-01-14;"segunda-feira";"08:25:00";"MG";381;495,9;"BETIM";"Falta de Atenção à Condução";"Colisão traseira";"Com Vítimas Feridas";"Pleno dia";"Decrescente";"Sol";"Múltipla";"Reta";"Sim";2;0;1;0;1;0;1;2;-19,9754;-44,1937;"SPRF-MG";"DEL01-MG";"UOP03-DEL01-MG"
185168;2019-01-14;"segunda-feira";"08:30:00";"MG";40;521;"CONTAGEM";"Velocidade Incompatível";"Colisão lateral";"Com Vítimas Feridas";"Pleno dia";"Crescente";"Céu Claro";"Dupla";"Reta";"Sim";2;0;1;0;1;0;1;2;-19,8665;-44,064;"SPRF-MG";"DEL01-MG";"UOP03-DEL01-MG"
185170;2019-01-14;"segunda-feira";"07:15:00";"BA";101;591;"CAMACAN";"Falta de Atenção à Condução";"Colisão transversal";"Com Vítimas Fatais";"Pleno dia";"Decrescente";"Céu Claro";"Simples";"Interseção de Vias";"Não";4;1;0;0;2;2;0;4;-15,431;-39,4464;"SPRF-BA";"DEL05-BA";"UOP02-DEL05-BA"
185172;2019-01-14;"segunda-feira";"08:20:00";"PI";343;340;"TERESINA";"Pista Escorregadia";"Tombamento";"Com Vítimas Feridas";"Pleno dia";"Crescente";"Nublado";"Simples";"Em Obras;Reta";"Sim";2;0;1;0;1;0;1;2;-5,074137;-42,73629;"SPRF-PI";"DEL01-PI";"UOP01-DEL01-PI"
185177;2019-01-14;"segunda-feira";"07:30:00";"BA";242;246,1;"ITABERABA";"Pista Escorregadia";"Colisão lateral";"Com Vítimas Feridas";"Pleno dia";"Crescente";"Chuva";"Simples";"Curva";"Não";3;0;1;0;1;1;1;3;-12,511013;-40,442356;"SPRF-BA";"DEL06-BA";"UOP02-DEL06-BA"
185182;2019-01-14;"segunda-feira";"10:10:00";"SC";280;52,7;"GUARAMIRIM";"Falta de Atenção à Condução";"Saída de leito carroçável";"Com Vítimas Feridas";"Pleno dia";"Crescente";"Céu Claro";"Simples";"Interseção de Vias";"Sim";2;0;1;0;1;0;1;2;-26,47138776;-48,97138059;"SPRF-SC";"DEL03-SC";"UOP03-DEL03-SC"
185186;2019-01-14;"segunda-feira";"10:55:00";"RS";386;341;"LAJEADO";"Falta de Atenção à Condução";"Colisão traseira";"Com Vítimas Feridas";"Plena Noite";"Crescente";"Sol";"Simples";"Interseção de Vias";"Sim";2;0;1;0;1;0;1;2;-29,43392115;-52,00768585;"SPRF-RS";"DEL04-RS";"UOP01-DEL04-RS"
185188;2019-01-14;"segunda-feira";"08:30:00";"MT";163;39,9;"ITIQUIRA";"Condutor Dormindo";"Saída de leito carroçável";"Sem Vítimas";"Pleno dia";"Decrescente";"Sol";"Dupla";"Reta";"Não";2;0;0;0;1;1;0;2;-17,173063;-54,760029;"SPRF-MT";"DEL02-MT";"DEL2/2-UOP02/MT"
185190;2019-01-14;"segunda-feira";"11:15:00";"RJ";40;17;"TRES RIOS";"Desobediência às normas de trânsito pelo condutor";"Colisão traseira";"Com Vítimas Fatais";"Pleno dia";"Decrescente";"Sol";"Dupla";"Reta";"Não";8;1;0;1;6;0;1;2;-22,093;-43,1708;"SPRF-RJ";"DEL06-RJ";"UOP02-DEL05-RJ"
185192;2019-01-14;"segunda-feira";"11:30:00";"RS";158;195;"CRUZ ALTA";"Desobediência às normas de trânsito pelo condutor";"Colisão lateral";"Com Vítimas Feridas";"Pleno dia";"Decrescente";"Sol";"Simples";"Interseção de Vias";"Sim";4;0;1;0;3;0;1;2;-28,64547754;-53,57339144;"SPRF-RS";"DEL10-RS";"UOP02-DEL10-RS"
185195;2019-01-14;"segunda-feira";"10:55:00";"MG";381;515;"IGARAPE";"Falta de Atenção à Condução";"Colisão traseira";"Com Vítimas Feridas";"Pleno dia";"Decrescente";"Sol";"Dupla";"Declive";"Não";3;0;1;0;1;1;1;3;-20,0989;-44,3171;"SPRF-MG";"DEL01-MG";"UOP03-DEL01-MG"
185200;2019-01-14;"segunda-feira";"11:50:00";"ES";101;339,4;"GUARAPARI";"Falta de Atenção à Condução";"Colisão lateral";"Sem Vítimas";"Pleno dia";"Decrescente";"Céu Claro";"Simples";"Reta";"Não";3;0;0;0;3;0;0;2;-20,66689861;-40,60982466;"SPRF-ES";"DEL03-ES";"UOP01-DEL03-ES"
185203;2019-01-14;"segunda-feira";"12:45:00";"SP";381;32,9;"ATIBAIA";"Falta de Atenção à Condução";"Colisão traseira";"Com Vítimas Fatais";"Pleno dia";"Decrescente";"Céu Claro";"Dupla";"Reta";"Não";2;1;0;0;1;0;0;2;-23,064737;-46,570454;"SPRF-SP";"DEL03-SP";"UOP02-DEL03-SP"
185204;2019-01-14;"segunda-feira";"12:36:00";"PR";369;149,2;"LONDRINA";"Ingestão de álcool e/ou substâncias psicoativas pelo pedestre";"Atropelamento de Pedestre";"Com Vítimas Fatais";"Pleno dia";"Decrescente";"Céu Claro";"Dupla";"Reta";"Sim";3;1;0;0;1;1;0;2;-23,29273238;-51,15373313;"SPRF-PR";"DEL07-PR";"UOP01-DEL07-PR"
185211;2019-01-14;"segunda-feira";"14:40:00";"ES";101;237,4;"FUNDAO";"Velocidade Incompatível";"Capotamento";"Com Vítimas Fatais";"Pleno dia";"Crescente";"Céu Claro";"Simples";"Reta";"Não";1;1;0;0;0;0;0;1;-19,99741173;-40,41410035;"SPRF-ES";"DEL02-ES";"UOP01-DEL02-ES"
185214;2019-01-14;"segunda-feira";"12:15:00";"AL";316;148;"PALMEIRA DOS INDIOS";"Falta de Atenção à Condução";"Colisão lateral";"Sem Vítimas";"Pleno dia";"Decrescente";"Céu Claro";"Simples";"Interseção de Vias";"Sim";4;0;0;0;4;0;0;2;-9,407182;-36,689068;"SPRF-AL";"DEL03-AL";"UOP01-DEL03-AL"
185215;2019-01-14;"segunda-feira";"12:55:00";"MG";116;488,7;"INHAPIM";"Não guardar distância de segurança";"Colisão traseira";"Com Vítimas Feridas";"Pleno dia";"Decrescente";"Céu Claro";"Simples";"Curva";"Não";3;0;1;0;2;0;1;2;-19,451946;-42,128465;"SPRF-MG";"DEL06-MG";"UOP02-DEL06-MG"
185226;2019-01-14;"segunda-feira";"15:00:00";"PR";116;115;"CURITIBA";"Não guardar distância de segurança";"Colisão traseira";"Com Vítimas Feridas";"Pleno dia";"Crescente";"Nublado";"Dupla";"Reta";"Não";4;0;1;0;2;2;1;5;-25,544559;-49,30146;"SPRF-PR";"DEL01-PR";"UOP01-DEL01-PR"
185232;2019-01-14;"segunda-feira";"16:40:00";"PR";369;184,6;"ARAPONGAS";"Falta de Atenção à Condução";"Colisão lateral";"Com Vítimas Feridas";"Pleno dia";"Decrescente";"Céu Claro";"Simples";"Reta";"Sim";2;0;0;1;1;0;1;2;-23,403025;-51,428042;"SPRF-PR";"DEL07-PR";"UOP03-DEL07-PR"
185243;2019-01-14;"segunda-feira";"17:50:00";"SP";381;44;"ATIBAIA";"Velocidade Incompatível";"Colisão traseira";"Com Vítimas Feridas";"Pleno dia";"Crescente";"Céu Claro";"Dupla";"Reta";"Sim";4;0;0;1;1;2;1;4;-23,138622;-46,575844;"SPRF-SP";"DEL03-SP";"UOP01-DEL03-SP"
185246;2019-01-14;"segunda-feira";"12:50:00";"SC";153;27,1;"AGUA DOCE";"Agressão Externa";"Saída de leito carroçável";"Com Vítimas Feridas";"Pleno dia";"Decrescente";"Céu Claro";"Simples";"Reta";"Não";4;0;4;0;0;0;4;1;-26,766655;-51,67094;"SPRF-SC";"DEL07-SC";"UOP07-DEL07-SC"
185247;2019-01-14;"segunda-feira";"11:35:00";"CE";222;221,6;"SOBRAL";"Desobediência às normas de trânsito pelo condutor";"Tombamento";"Sem Vítimas";"Pleno dia";"Crescente";"Chuva";"Simples";"Curva";"Sim";1;0;0;0;1;0;0;1;-3,727039;-40,322338;"SPRF-CE";"DEL04-CE";"UOP01-DEL04-CE"
185248;2019-01-13;"domingo";"18:50:00";"PI";135;557;"CORRENTE";"Ingestão de Álcool";"Colisão lateral";"Sem Vítimas";"Plena Noite";"Decrescente";"Céu Claro";"Simples";"Reta";"Não";3;0;0;0;2;1;0;3;-10,145636;-45,193714;"SPRF-PI";"DEL03-PI";"UOP02-DEL03-PI"
185262;2019-01-14;"segunda-feira";"17:00:00";"SC";470;120,9;"IBIRAMA";"Falta de Atenção à Condução";"Tombamento";"Com Vítimas Feridas";"Pleno dia";"Decrescente";"Sol";"Simples";"Curva";"Não";1;0;1;0;0;0;1;1;-27,089924;-49,520416;"SPRF-SC";"DEL04-SC";"UOP02-DEL04-SC"
185263;2019-01-14;"segunda-feira";"17:00:00";"MT";364;276;"JACIARA";"Falta de Atenção à Condução";"Saída de leito carroçável";"Com Vítimas Feridas";"Pleno dia";"Decrescente";"Céu Claro";"Simples";"Aclive";"Não";2;0;1;0;0;2;1;3;-15,953446;-54,99099;"SPRF-MT";"DEL02-MT";"UOP02-DEL05-MT"
185267;2019-01-14;"segunda-feira";"18:40:00";"PR";376;666;"GUARATUBA";"Falta de Atenção à Condução";"Colisão traseira";"Sem Vítimas";"Pleno dia";"Decrescente";"Chuva";"Dupla";"Aclive;Reta";"Não";3;0;0;0;3;0;0;2;-25,85366241;-48,95370483;"SPRF-PR";"DEL01-PR";"DEL7/1-UOP08/PR"
185269;2019-01-14;"segunda-feira";"14:15:00";"SC";470;107,3;"APIUNA";"Condutor Dormindo";"Colisão lateral";"Com Vítimas Feridas";"Pleno dia";"Crescente";"Sol";"Simples";"Curva";"Não";6;0;1;0;4;1;1;3;-27,077623;-49,43145;"SPRF-SC";"DEL04-SC";"UOP02-DEL04-SC"
185270;2019-01-14;"segunda-feira";"19:30:00";"PR";116;23,5;"ANTONINA";"Velocidade Incompatível";"Colisão com objeto estático";"Sem Vítimas";"Plena Noite";"Decrescente";"Chuva";"Dupla";"Curva";"Não";1;0;0;0;1;0;0;1;-25,110476;-48,75592;"SPRF-PR";"DEL01-PR";"UOP02-DEL01-PR"
185272;2019-01-14;"segunda-feira";"17:10:00";"BA";101;394,5;"IBIRAPITANGA";"Avarias e/ou desgaste excessivo no pneu";"Colisão com objeto estático";"Com Vítimas Fatais";"Pleno dia";"Crescente";"Ignorado";"Simples";"Curva";"Não";3;2;0;0;1;0;0;1;-13,976225;-39,480023;"SPRF-BA";"DEL05-BA";"UOP03-DEL05-BA"
185277;2019-01-14;"segunda-feira";"17:45:00";"PA";155;307;"MARABA";"Desobediência às normas de trânsito pelo condutor";"Colisão frontal";"Com Vítimas Fatais";"Pleno dia";"Crescente";"Sol";"Simples";"Reta";"Não";4;2;0;1;1;0;1;2;-5,67835;-49,114597;"SPRF-PA";"DEL03-PA";"UOP01-DEL03-PA"
185286;2019-01-14;"segunda-feira";"22:15:00";"ES";101;313,9;"GUARAPARI";"Condutor Dormindo";"Colisão com objeto estático";"Com Vítimas Feridas";"Plena Noite";"Crescente";"Céu Claro";"Simples";"Reta";"Não";2;0;1;0;0;1;1;2;-20,54261435;-40,48192285;"SPRF-ES";"DEL03-ES";"UOP01-DEL03-ES"
185288;2019-01-14;"segunda-feira";"22:45:00";"MG";50;97;"UBERLANDIA";"Deficiência ou não Acionamento do Sistema de Iluminação/Sinalização do Veículo";"Colisão traseira";"Com Vítimas Feridas";"Plena Noite";"Decrescente";"Céu Claro";"Dupla";"Reta";"Não";5;0;4;0;1;0;4;2;-19,1194;-48,1756;"SPRF-MG";"DEL15-MG";"UOP01-DEL15-MG"
185290;2019-01-14;"segunda-feira";"22:40:00";"SP";459;20,3;"PIQUETE";"Velocidade Incompatível";"Colisão transversal";"Sem Vítimas";"Plena Noite";"Decrescente";"Nublado";"Simples";"Curva";"Não";3;0;0;0;2;1;0;3;-22,646566;-45,144917;"SPRF-SP";"DEL08-SP";"UOP03-DEL08-SP"
185292;2019-01-14;"segunda-feira";"20:10:00";"BA";110;67;"JEREMOABO";"Falta de Atenção à Condução";"Colisão transversal";"Com Vítimas Feridas";"Plena Noite";"Decrescente";"Céu Claro";"Simples";"Curva";"Não";3;0;1;1;0;1;2;3;-9,9841;-38,3126;"SPRF-BA";"DEL07-BA";"UOP01-DEL07-BA"
185294;2019-01-15;"terça-feira";"00:30:00";"MG";381;688,8;"LAVRAS";"Condutor Dormindo";"Colisão traseira";"Com Vítimas Feridas";"Plena Noite";"Crescente";"Nublado";"Dupla";"Reta";"Não";2;0;1;0;1;0;1;2;-21,1946;-45,1182;"SPRF-MG";"DEL04-MG";"UOP02-DEL04-MG"
185296;2019-01-14;"segunda-feira";"23:10:00";"RS";386;293;"POUSO NOVO";"Fenômenos da Natureza";"Colisão com objeto em movimento";"Sem Vítimas";"Plena Noite";"Crescente";"Chuva";"Dupla";"Reta";"Não";3;0;0;0;2;1;0;3;-29,114208;-52,244186;"SPRF-RS";"DEL04-RS";"UOP01-DEL04-RS"
185298;2019-01-15;"terça-feira";"01:20:00";"BA";101;513;"ITABUNA";"Animais na Pista";"Atropelamento de Animal";"Sem Vítimas";"Plena Noite";"Decrescente";"Nublado";"Simples";"Reta";"Não";1;0;0;0;1;0;0;1;-14,8596;-39,2795;"SPRF-BA";"DEL05-BA";"UOP01-DEL05-BA"
185299;2019-01-15;"terça-feira";"03:30:00";"SP";116;72,2;"APARECIDA";"Velocidade Incompatível";"Colisão traseira";"Com Vítimas Feridas";"Plena Noite";"Crescente";"Nublado";"Múltipla";"Aclive";"Não";4;0;1;0;2;1;1;3;-22,863543;-45,237461;"SPRF-SP";"DEL08-SP";"UOP01-DEL08-SP"
185300;2019-01-14;"segunda-feira";"23:20:00";"MA";222;628;"ACAILANDIA";"Pista Escorregadia";"";"Com Vítimas Feridas";"Plena Noite";"Crescente";"Chuva";"Simples";"Reta";"Não";3;0;0;1;1;2;1;4;-4,778386;-47,130708;"SPRF-MA";"DEL04-MA";"UOP03-DEL04-MA"
185307;2019-01-15;"terça-feira";"02:30:00";"MG";116;486,1;"DOM CAVATI";"Falta de Atenção à Condução";"Colisão lateral";"Com Vítimas Fatais";"Plena Noite";"Decrescente";"Céu Claro";"Simples";"Reta";"Não";2;1;0;0;0;1;0;2;-19,433904;-42,123805;"SPRF-MG";"DEL06-MG";"UOP02-DEL06-MG"