"id";"data_inversa";"dia_semana";"horario";"uf";"br";"km";"municipio";"causa_acidente";"tipo_acidente";"classificacao_acidente";"fase_dia";"sentido_via";"condicao_metereologica";"tipo_pista";"tracado_via";"uso_solo";"pessoas";"mortos";"feridos_leves";"feridos_graves";"ilesos";"ignorados";"feridos";"veiculos";"latitude";"longitude";"regional";"delegacia";"uop"
185309;2019-01-15;"terça-feira";"06:10:00";"MG";40;580,8;"ITABIRITO";"Agressão Externa";"Colisão lateral";"Com Vítimas Fatais";"Amanhecer";"Crescente";"Céu Claro";"Simples";"Reta";"Não";4;1;0;0;2;1;0;4;-20,2972;-43,9399;"SPRF-MG";"DEL01-MG";"UOP02-DEL01-MG"
185315;2019-01-15;"terça-feira";"06:40:00";"MG";40;787,3;"JUIZ DE FORA";"Falta de Atenção à Condução";"Colisão frontal";"Com Vítimas Feridas";"Pleno dia";"Decrescente";"Céu Claro";"Dupla";"Curva";"Não";2;0;1;0;1;0;1;2;-21,7599;-43,4407;"SPRF-MG";"DEL05-MG";"UOP01-DEL05-MG"
185316;2019-01-15;"terça-feira";"06:15:00";"MT";163;743,7;"SORRISO";"Não guardar distância de segurança";"Colisão traseira";"Com Vítimas Feridas";"Pleno dia";"Crescente";"Nevoeiro/Neblina";"Simples";"Reta";"Não";5;0;1;0;3;1;1;3;-12,62331743;-55,76819681;"SPRF-MT";"DEL06-MT";"UOP01-DEL06-MT"
185318;2019-01-15;"terça-feira";"06:45:00";"RS";116;37,8;"VACARIA";"Desobediência às normas de trânsito pelo condutor";"Colisão transversal";"Com Vítimas Feridas";"Amanhecer";"Crescente";"Nublado";"Simples";"Interseção de Vias;Aclive;Reta";"Sim";3;0;1;0;1;1;1;3;-28,49868858;-50,91776848;"SPRF-RS";"DEL05-RS";"UOP03-DEL05-RS"
185335;2019-01-15;"terça-feira";"09:00:00";"ES";101;284,4;"CARIACICA";"Falta de Atenção à Condução";"Tombamento";"Com Vítimas Feridas";"Pleno dia";"Decrescente";"Céu Claro";"Dupla";"Reta";"Não";1;0;0;1;0;0;1;1;-20,2502121;-40,37170594;"SPRF-ES";"DEL01-ES";"UOP01-DEL01-ES"
185337;2019-01-15;"terça-feira";"07:00:00";"MG";381;931,4;"EXTREMA";"Defeito Mecânico no Veículo";"Tombamento";"Sem Vítimas";"Pleno dia";"Decrescente";"Céu Claro";"Dupla";"Curva";"Sim";2;0;0;0;1;1;0;2;-22,7926;-46,2459;"SPRF-MG";"DEL16-MG";"UOP03-DEL16-MG"
185339;2019-01-15;"terça-feira";"07:45:00";"PR";277;110,1;"CAMPO LARGO";"Defeito Mecânico no Veículo";"Colisão lateral";"Sem Vítimas";"Pleno dia";"Crescente";"Céu Claro";"Dupla";"Reta;Declive";"Sim";3;0;0;0;2;1;0;3;-25,4414215;-49,45312532;"SPRF-PR";"DEL01-PR";"UOP06-DEL01-PR"
185343;2019-01-07;"segunda-feira";"05:30:00";"RJ";116;244;"PIRAI";"Condutor Dormindo";"Colisão traseira";"Com Vítimas Feridas";"Amanhecer";"Decrescente";"Céu Claro";"Simples";"Aclive";"Não";2;0;0;1;1;0;1;2;-22,624538;-43,917652;"SPRF-RJ";"DEL07-RJ";"UOP01-DEL07-RJ"
185355;2019-01-15;"terça-feira";"09:15:00";"MG";50;38;"ARAGUARI";"Falta de Atenção à Condução";"Colisão traseira";"Com Vítimas Feridas";"Pleno dia";"Crescente";"Céu Claro";"Dupla";"Reta";"Sim";3;0;1;0;1;2;1;4;-18,66112706;-48,16286087;"SPRF-MG";"DEL15-MG";"UOP02-DEL15-MG"
185357;2019-01-15;"terça-feira";"10:30:00";"SP";153;47,8;"SAO JOSE DO RIO PRETO";"Ultrapassagem Indevida";"Colisão frontal";"Com Vítimas Fatais";"Pleno dia";"Crescente";"Céu Claro";"Simples";"Declive";"Não";4;1;0;0;2;1;0;4;-20,681963;-49,340157;"SPRF-SP";"DEL09-SP";"UOP01-DEL09-SP"
185361;2019-01-15;"terça-feira";"03:30:00";"PI";402;93,5;"LUIS CORREIA";"Carga excessiva e/ou mal acondicionada";"Tombamento";"Sem Vítimas";"Plena Noite";"Crescente";"Nublado";"Simples";"Reta";"Não";1;0;0;0;1;0;0;1;-3,06509583;-41,29966736;"SPRF-PI";"DEL05-PI";"UOP01-DEL05-PI"
185365;2019-01-15;"terça-feira";"11:45:00";"RS";386;267,9;"FONTOURA XAVIER";"Falta de Atenção à Condução";"Colisão transversal";"Com Vítimas Feridas";"Pleno dia";"Decrescente";"Sol";"Simples";"Reta";"Não";3;0;1;0;1;2;1;4;-28,96648592;-52,37128437;"SPRF-RS";"DEL04-RS";"NPF/DEL04-RS"
185373;2019-01-15;"terça-feira";"13:30:00";"SP";116;465;"PARIQUERA-ACU";"Falta de Atenção à Condução";"Tombamento";"Com Vítimas Feridas";"Pleno dia";"Crescente";"Céu Claro";"Dupla";"Curva";"Não";1;0;1;0;0;0;1;1;-24,6148829;-47,88579941;"SPRF-SP";"DEL05-SP";"UAP01-DEL05-SP"
185374;2019-01-15;"terça-feira";"12:00:00";"RO";364;709;"PORTO VELHO";"Falta de Atenção à Condução";"Colisão lateral";"Com Vítimas Feridas";"Pleno dia";"Crescente";"Céu Claro";"Dupla";"Reta";"Não";3;0;1;0;2;0;1;2;-8,79449913;-63,84275621;"SPRF-RO";"DEL01-RO";"UOP01-DEL01-RO"
185375;2019-01-15;"terça-feira";"12:54:00";"SE";235;53,3;"ITABAIANA";"Falta de Atenção à Condução";"Colisão transversal";"Com Vítimas Feridas";"Pleno dia";"Crescente";"Céu Claro";"Simples";"Reta";"Sim";2;0;0;1;1;0;1;2;-10,684707;-37,440544;"SPRF-SE";"DEL01-SE";"UOP02-DEL01-SE"
185378;2019-01-15;"terça-feira";"14:00:00";"MG";381;525,5;"BRUMADINHO";"Falta de Atenção à Condução";"Tombamento";"Com Vítimas Feridas";"Pleno dia";"Crescente";"Céu Claro";"Dupla";"Curva";"Não";2;0;1;0;0;1;1;2;-20,1511;-44,3256;"SPRF-MG";"DEL04-MG";"UOP03-DEL04-MG"
185384;2019-01-15;"terça-feira";"14:00:00";"TO";153;358;"FORTALEZA DO TABOCAO";"Avarias e/ou desgaste excessivo no pneu";"Colisão frontal";"Com Vítimas Fatais";"Pleno dia";"Decrescente";"Chuva";"Simples";"Reta";"Não";5;1;1;0;2;1;1;4;-9,047272;-48,514725;"SPRF-TO";"DEL02-TO";"UOP02-DEL02-TO"
185385;2019-01-15;"terça-feira";"14:43:00";"MG";50;53;"ARAGUARI";"Agressão Externa";"Colisão traseira";"Com Vítimas Feridas";"Pleno dia";"Decrescente";"Céu Claro";"Dupla";"Reta";"Não";5;0;0;1;1;3;1;4;-18,7703;-48,2455;"SPRF-MG";"DEL15-MG";"UOP02-DEL15-MG"
185386;2019-01-15;"terça-feira";"15:10:00";"RJ";40;109;"DUQUE DE CAXIAS";"Falta de Atenção à Condução";"Colisão traseira";"Com Vítimas Feridas";"Pleno dia";"Decrescente";"Céu Claro";"Múltipla";"Reta";"Sim";3;0;1;0;2;0;1;3;-22,680391;-43,28570366;"SPRF-RJ";"DEL01-RJ";"UOP01-DEL01-RJ"
185393;2019-01-15;"terça-feira";"15:55:00";"RS";470;225;"GARIBALDI";"Falta de Atenção do Pedestre";"Atropelamento de Pedestre";"Com Vítimas Feridas";"Pleno dia";"Crescente";"Nublado";"Simples";"Reta";"Sim";3;0;0;1;1;1;1;2;-29,24630793;-51,51607455;"SPRF-RS";"DEL06-RS";"UOP01-DEL06-RS"
185397;2019-01-15;"terça-feira";"10:00:00";"AM";174;1114;"PRESIDENTE FIGUEIREDO";"Condutor Dormindo";"Tombamento";"Sem Vítimas";"Amanhecer";"Crescente";"Chuva";"Simples";"Reta";"Não";2;0;0;0;1;1;0;2;-1,13701033;-60,44677734;"SPRF-AM";"DEL01-AM";"UOP02-DEL01-AM"
185402;2019-01-15;"terça-feira";"16:00:00";"PR";116;28;"ADRIANOPOLIS";"Falta de Atenção à Condução";"Tombamento";"Sem Vítimas";"Pleno dia";"Crescente";"Céu Claro";"Simples";"Curva";"Não";2;0;0;0;1;1;0;2;-24,75930244;-49,01000977;"SPRF-PR";"DEL01-PR";"UOP02-DEL01-PR"
185403;2019-01-15;"terça-feira";"15:00:00";"MS";163;455,2;"CAMPO GRANDE";"Falta de Atenção à Condução";"Colisão traseira";"Com Vítimas Fatais";"Pleno dia";"Crescente";"Céu Claro";"Simples";"Reta";"Não";10;1;4;1;2;5;5;8;-20,68017;-54,5554;"SPRF-MS";"DEL01-MS";"UOP01-DEL01-MS"
185407;2019-01-15;"terça-feira";"15:50:00";"MS";463;1;"DOURADOS";"Falta de Atenção à Condução";"Colisão traseira";"Com Vítimas Feridas";"Pleno dia";"Decrescente";"Céu Claro";"Simples";"Reta";"Sim";2;0;0;1;1;0;1;2;-22,259064;-54,813751;"SPRF-MS";"DEL04-MS";"UOP01-DEL04-MS"
185408;2019-01-15;"terça-feira";"17:40:00";"ES";101;67;"SAO MATEUS";"Desobediência às normas de trânsito pelo condutor";"Colisão lateral";"Com Vítimas Feridas";"Pleno dia";"Crescente";"Céu Claro";"Simples";"Reta";"Sim";3;0;2;0;1;0;2;2;-18,720545;-39,865883;"SPRF-ES";"DEL04-ES";"UOP02-DEL04-ES"
185410;2019-01-15;"terça-feira";"16:15:00";"RS";290;107;"ELDORADO DO SUL";"Ingestão de Álcool";"Colisão lateral";"Com Vítimas Feridas";"Pleno dia";"Decrescente";"Céu Claro";"Dupla";"Viaduto";"Sim";3;0;1;0;1;1;1;3;-30,001852;-51,304264;"SPRF-RS";"DEL02-RS";"UOP01-DEL02-RS"
185423;2019-01-15;"terça-feira";"16:30:00";"RO";364;679;"CANDEIAS DO JAMARI";"Defeito Mecânico no Veículo";"Danos eventuais";"Sem Vítimas";"Pleno dia";"Decrescente";"Céu Claro";"Simples";"Reta";"Não";3;0;0;0;3;0;0;3;-8,78366782;-63,5828054;"SPRF-RO";"DEL01-RO";"UOP01-DEL01-RO"
185425;2019-01-15;"terça-feira";"18:20:00";"MG";381;757,8;"TRES CORACOES";"Mal Súbito";"Saída de leito carroçável";"Com Vítimas Feridas";"Anoitecer";"Decrescente";"Nublado";"Dupla";"Reta";"Não";2;0;1;0;0;1;1;2;-21,6869;-45,3464;"SPRF-MG";"DEL16-MG";"UOP02-DEL16-MG"
185432;2019-01-15;"terça-feira";"14:00:00";"RR";401;91;"BONFIM";"Mal Súbito";"Saída de leito carroçável";"Com Vítimas Feridas";"Pleno dia";"Decrescente";"Céu Claro";"Simples";"Reta";"Não";1;0;1;0;0;0;1;1;3,262093;-60,074284;"SPRF-RR";"DEL01-RR";"UOP03/RR"
185437;2019-01-15;"terça-feira";"18:00:00";"RO";364;713;"PORTO VELHO";"Desobediência às normas de trânsito pelo condutor";"Colisão traseira";"Sem Vítimas";"Pleno dia";"Decrescente";"Céu Claro";"Dupla";"Reta";"Sim";2;0;0;0;2;0;0;2;-8,77923396;-63,8695997;"SPRF-RO";"DEL01-RO";"UOP01-DEL01-RO"
185441;2019-01-15;"terça-feira";"19:00:00";"PR";163;289;"MARECHAL CANDIDO RONDON";"Defeito Mecânico no Veículo";"Colisão frontal";"Com Vítimas Feridas";"Anoitecer";"Crescente";"Chuva";"Dupla";"Curva";"Não";3;0;1;0;1;1;1;3;-24,5197;-54,0716;"SPRF-PR";"DEL06-PR";"UOP02-DEL06-PR"
185443;2019-01-15;"terça-feira";"20:52:00";"ES";101;148;"LINHARES";"Ingestão de Álcool";"";"Sem Vítimas";"Plena Noite";"Crescente";"Céu Claro";"Dupla";"Reta";"Sim";2;0;0;0;2;0;0;2;-19,38471211;-40,06733363;"SPRF-ES";"DEL04-ES";"UOP01-DEL04-ES"
185449;2019-01-15;"terça-feira";"21:20:00";"PI";316;10;"TERESINA";"Sinalização da via insuficiente ou inadequada";"Saída de leito carroçável";"Sem Vítimas";"Plena Noite";"Crescente";"Chuva";"Múltipla";"Reta";"Sim";2;0;0;0;1;1;0;2;-5,182895;-42,763474;"SPRF-PI";"DEL01-PI";"UOP02-DEL01-PI"
185450;2019-01-15;"terça-feira";"21:45:00";"GO";153;592,8;"MORRINHOS";"Condutor Dormindo";"Colisão traseira";"Sem Vítimas";"Plena Noite";"Crescente";"Céu Claro";"Dupla";"Curva";"Não";3;0;0;0;2;3;0;5;-17,4826;-49,2097;"SPRF-GO";"DEL03-GO";"UOP01-DEL03-GO"
185458;2019-01-15;"terça-feira";"23:00:00";"MG";153;27;"CENTRALINA";"Falta de Atenção à Condução";"Tombamento";"Com Vítimas Feridas";"Plena Noite";"Decrescente";"Céu Claro";"Dupla";"Reta";"Não";3;0;1;0;1;1;1;2;-18,6616;-49,1663;"SPRF-MG";"DEL15-MG";"UOP03-DEL15-MG"
185464;2019-01-15;"terça-feira";"22:30:00";"SP";459;22;"LORENA";"Falta de Atenção à Condução";"Colisão traseira";"Com Vítimas Feridas";"Plena Noite";"Decrescente";"Céu Claro";"Simples";"Reta";"Não";4;0;2;0;1;1;2;3;-22,663296;-45,142551;"SPRF-SP";"DEL08-SP";"UOP03-DEL08-SP"
185466;2019-01-16;"quarta-feira";"00:05:00";"SC";101;208,6;"SAO JOSE";"Falta de Atenção à Condução";"Colisão traseira";"Com Vítimas Feridas";"Plena Noite";"Crescente";"Chuva";"Dupla";"Reta";"Não";5;0;2;0;2;1;2;4;-27,6101;-48,6388;"SPRF-SC";"DEL01-SC";"UOP01-DEL01-SC"
185467;2019-01-16;"quarta-feira";"00:20:00";"PR";376;388;"IMBAU";"Desobediência às normas de trânsito pelo condutor";"Colisão com objeto estático";"Com Vítimas Fatais";"Plena Noite";"Crescente";"Nublado";"Simples";"Declive;Reta";"Não";2;1;0;0;1;0;0;2;-24,4637335;-50,7494329;"SPRF-PR";"DEL03-PR";"UOP02-DEL03-PR"
185470;2019-01-16;"quarta-feira";"01:00:00";"BA";101;491;"ITAJUIPE";"Desobediência às normas de trânsito pelo condutor";"Colisão transversal";"Sem Vítimas";"Plena Noite";"Crescente";"Garoa/Chuvisco";"Simples";"Interseção de Vias";"Não";4;0;0;0;3;1;0;3;-14,692;-39,3655;"SPRF-BA";"DEL05-BA";"UOP01-DEL05-BA"
185474;2019-01-16;"quarta-feira";"01:40:00";"CE";222;204;"FORQUILHA";"Não guardar distância de segurança";"Colisão lateral";"Com Vítimas Feridas";"Plena Noite";"Crescente";"Céu Claro";"Simples";"Reta";"Não";2;0;2;0;0;0;2;2;-3,782076;-40,223076;"SPRF-CE";"DEL04-CE";"UOP01-DEL04-CE"
185478;2019-01-16;"quarta-feira";"04:00:00";"RS";287;326;"SAO VICENTE DO SUL";"Ingestão de Álcool";"Saída de leito carroçável";"Sem Vítimas";"Plena Noite";"Decrescente";"Nublado";"Simples";"Reta";"Não";2;0;0;0;1;1;0;2;-29,679338;-54,628502;"SPRF-RS";"DEL09-RS";"UOP01-DEL09-RS"
185485;2019-01-16;"quarta-feira";"06:50:00";"SC";282;3,7;"FLORIANOPOLIS";"Desobediência às normas de trânsito pelo condutor";"Tombamento";"Com Vítimas Fatais";"Pleno dia";"Decrescente";"Céu Claro";"Dupla";"Curva";"Sim";3;1;1;0;1;0;1;2;-27,59563051;-48,60132694;"SPRF-SC";"DEL01-SC";"UOP01-DEL01-SC"
185489;2019-01-16;"quarta-feira";"07:40:00";"RJ";101;59;"CAMPOS DOS GOYTACAZES";"Não guardar distância de segurança";"Colisão traseira";"Com Vítimas Feridas";"Pleno dia";"Crescente";"Céu Claro";"Simples";"Reta";"Sim";2;0;1;0;1;0;1;2;-21,71364;-41,308613;"SPRF-RJ";"DEL08-RJ";"UOP01-DEL08-RJ"
185490;2019-01-16;"quarta-feira";"07:15:00";"PE";101;117,5;"ESCADA";"Animais na Pista";"Colisão traseira";"Com Vítimas Feridas";"Pleno dia";"Decrescente";"Céu Claro";"Dupla";"Reta";"Não";4;0;1;0;2;1;1;3;-8,353;-35,1577;"SPRF-PE";"DEL01-PE";"UOP03-DEL01-PE"
185494;2019-01-16;"quarta-feira";"07:00:00";"MG";40;518;"CONTAGEM";"Mal Súbito";"Colisão traseira";"Com Vítimas Feridas";"Pleno dia";"Decrescente";"Céu Claro";"Dupla";"Reta";"Não";3;0;2;0;1;0;2;2;-19,843;-44,0749;"SPRF-MG";"DEL01-MG";"UOP03-DEL01-MG"
185495;2019-01-16;"quarta-feira";"07:00:00";"RS";285;348,3;"CARAZINHO";"Condutor Dormindo";"Colisão lateral";"Com Vítimas Feridas";"Pleno dia";"Decrescente";"Céu Claro";"Simples";"Reta";"Não";3;0;1;0;1;1;1;3;-28,332596;-52,866474;"SPRF-RS";"DEL08-RS";"UOP03-DEL08-RS"
185501;2019-01-16;"quarta-feira";"05:40:00";"GO";153;658,7;"GOIATUBA";"Condutor Dormindo";"Colisão traseira";"Com Vítimas Feridas";"Plena Noite";"Crescente";"Céu Claro";"Dupla";"Reta";"Não";3;0;3;0;0;0;3;2;-18,0366;-49,2665;"SPRF-GO";"DEL03-GO";"UOP01-DEL03-GO"
185520;2019-01-16;"quarta-feira";"08:45:00";"SP";116;147;"SAO JOSE DOS CAMPOS";"Desobediência às normas de trânsito pelo condutor";"Colisão lateral";"Com Vítimas Feridas";"Pleno dia";"Decrescente";"Sol";"Múltipla";"Reta";"Sim";2;0;1;0;1;0;1;2;-23,195473;-45,871849;"SPRF-SP";"DEL02-SP";"UOP01-DEL02-SP"
185526;2019-01-16;"quarta-feira";"09:20:00";"SC";101;79,5;"ARAQUARI";"Falta de Atenção à Condução";"Colisão transversal";"Com Vítimas Feridas";"Pleno dia";"Decrescente";"Sol";"Dupla";"Curva;Retorno Regulamentado";"Não";3;0;1;0;2;0;1;2;-26,59544001;-48,72249305;"SPRF-SC";"DEL03-SC";"UOP02-DEL03-SC"
185528;2019-01-16;"quarta-feira";"07:00:00";"SC";470;191,8;"POUSO REDONDO";"Velocidade Incompatível";"Tombamento";"Com Vítimas Feridas";"Amanhecer";"Decrescente";"Nublado";"Simples";"Curva";"Não";2;0;1;0;0;1;1;2;-27,284445;-50,07766;"SPRF-SC";"DEL04-SC";"UOP02-DEL04-SC"
185530;2019-01-16;"quarta-feira";"10:10:00";"SP";116;380,1;"MIRACATU";"Falta de Atenção à Condução";"Colisão traseira";"Com Vítimas Feridas";"Pleno dia";"Decrescente";"Sol";"Dupla";"Curva";"Não";4;0;1;0;2;2;1;4;-24,22025586;-47,3652792;"SPRF-SP";"DEL04-SP";"UOP02-DEL04-SP"
185531;2019-01-16;"quarta-feira";"10:00:00";"PR";116;107;"SAO JOSE DOS PINHAIS";"Falta de Atenção à Condução";"Engavetamento";"Com Vítimas Feridas";"Pleno dia";"Decrescente";"Céu Claro";"Dupla";"Reta";"Não";5;0;2;0;2;2;2;5;-25,5688748;-49,2281021;"SPRF-PR";"DEL01-PR";"UOP01-DEL01-PR"
185533;2019-01-16;"quarta-feira";"10:30:00";"DF";60;1,8;"BRASILIA";"Velocidade Incompatível";"Colisão traseira";"Com Vítimas Feridas";"Pleno dia";"Decrescente";"Céu Claro";"Dupla";"Reta";"Sim";3;0;1;0;1;1;1;3;-15,885093;-48,068954;"SPRF-DF";"DEL01-DF";"UOP01-DEL03-DF"
185536;2019-01-16;"quarta-feira";"11:15:00";"PR";277;485,1;"NOVA LARANJEIRAS";"Falta de Atenção à Condução";"Tombamento";"Sem Vítimas";"Pleno dia";"Decrescente";"Céu Claro";"Simples";"Curva";"Não";2;0;0;0;1;1;0;2;-25,24857756;-52,6294899;"SPRF-PR";"DEL04-PR";"UOP02-DEL04-PR"
185538;2019-01-16;"quarta-feira";"08:40:00";"GO";0;0;"CATALAO";"Falta de Atenção à Condução";"Colisão transversal";"Com Vítimas Feridas";"Pleno dia";"Não Informado";"Sol";"Simples";"Interseção de Vias;Em Obras";"Não";2;0;1;0;1;0;1;2;-18,10702393;-47,8894043;"SPRF-GO";"DEL06-GO";"UOP01-DEL06-GO"
185542;2019-01-16;"quarta-feira";"10:50:00";"ES";101;301,5;"VIANA";"Desobediência às normas de trânsito pelo condutor";"Colisão transversal";"Com Vítimas Feridas";"Pleno dia";"Decrescente";"Céu Claro";"Dupla";"Retorno Regulamentado";"Sim";5;0;1;1;1;2;2;4;-20,36507537;-40,44347916;"SPRF-ES";"DEL01-ES";"UOP01-DEL01-ES"
185551;2019-01-16;"quarta-feira";"12:10:00";"SC";101;121,2;"ITAJAI";"Falta de Atenção à Condução";"Colisão lateral";"Com Vítimas Feridas";"Pleno dia";"Crescente";"Sol";"Múltipla";"Reta";"Sim";2;0;1;0;1;0;1;2;-26,9297;-48,7048;"SPRF-SC";"DEL04-SC";"UOP04-DEL04-SC"
185557;2019-01-16;"quarta-feira";"11:30:00";"PR";467;72,3;"TOLEDO";"Falta de Atenção à Condução";"Colisão traseira";"Com Vítimas Feridas";"Pleno dia";"Decrescente";"Céu Claro";"Dupla";"Reta";"Não";3;0;1;0;1;2;1;4;-24,7253;-53,7052;"SPRF-PR";"DEL04-PR";"UOP01-DEL04-PR"
185558;2019-01-16;"quarta-feira";"13:30:00";"MG";267;230,9;"LIBERDADE";"Velocidade Incompatível";"Colisão frontal";"Com Vítimas Fatais";"Pleno dia";"Decrescente";"Céu Claro";"Simples";"Curva";"Não";4;1;2;1;0;0;3;2;-21,95005128;-44,34150696;"SPRF-MG";"DEL05-MG";"UOP01-DEL17-MG"
185561;2019-01-16;"quarta-feira";"14:10:00";"RS";386;180,2;"CARAZINHO";"Falta de Atenção à Condução";"Colisão transversal";"Com Vítimas Fatais";"Pleno dia";"Crescente";"Chuva";"Simples";"Reta";"Não";3;1;1;0;1;0;1;2;-28,30366278;-52,74205685;"SPRF-RS";"DEL08-RS";"UOP01-DEL08-RS"
185563;2019-01-16;"quarta-feira";"13:30:00";"RJ";493;17;"GUAPIMIRIM";"Falta de Atenção à Condução";"Colisão traseira";"Com Vítimas Feridas";"Pleno dia";"Crescente";"Céu Claro";"Simples";"Reta";"Não";3;0;1;0;2;0;1;2;-22,667933;-43,00909;"SPRF-RJ";"DEL04-RJ";"UOP02-DEL04-RJ"
185568;2019-01-16;"quarta-feira";"12:30:00";"PR";116;108;"SAO JOSE DOS PINHAIS";"Falta de Atenção à Condução";"Colisão lateral";"Sem Vítimas";"Pleno dia";"Decrescente";"Céu Claro";"Dupla";"Reta";"Sim";3;0;0;0;2;2;0;4;-25,56720285;-49,23872709;"SPRF-PR";"DEL01-PR";"UOP01-DEL01-PR"
185574;2019-01-16;"quarta-feira";"15:30:00";"RS";290;87;"PORTO ALEGRE";"Falta de Atenção à Condução";"Colisão lateral";"Sem Vítimas";"Pleno dia";"Crescente";"Céu Claro";"Dupla";"Reta";"Sim";3;0;0;0;3;0;0;3;-29,967838;-51,127197;"SPRF-RS";"DEL01-RS";"UOP01-DEL01-RS"
185583;2019-01-16;"quarta-feira";"14:00:00";"MT";364;233;"RONDONOPOLIS";"Objeto estático sobre o leito carroçável";"Colisão lateral";"Sem Vítimas";"Pleno dia";"Decrescente";"Céu Claro";"Simples";"Reta";"Não";3;0;0;0;2;3;0;5;-16,239941;-54,781345;"SPRF-MT";"DEL02-MT";"UOP01-DEL02-MT"
185586;2019-01-16;"quarta-feira";"16:45:00";"RJ";393;174,9;"TRES RIOS";"Falta de Atenção à Condução";"Colisão frontal";"Com Vítimas Feridas";"Pleno dia";"Decrescente";"Nublado";"Simples";"Curva";"Não";5;0;0;1;3;1;1;4;-22,130531;-43,220409;"SPRF-RJ";"DEL06-RJ";"UOP01-DEL05-RJ"
185590;2019-01-16;"quarta-feira";"17:00:00";"GO";452;72;"MAURILANDIA";"Falta de Atenção à Condução";"Saída de leito carroçável";"Com Vítimas Fatais";"Pleno dia";"Crescente";"Céu Claro";"Simples";"Curva";"Não";2;1;0;0;0;1;0;2;-18,03763;-50,284615;"SPRF-GO";"DEL04-GO";"UOP01-DEL04-GO"
185600;2019-01-16;"quarta-feira";"14:00:00";"RJ";116;204,5;"SEROPEDICA";"Não guardar distância de segurança";"Colisão traseira";"Com Vítimas Feridas";"Pleno dia";"Crescente";"Sol";"Dupla";"Reta";"Não";3;0;0;1;2;0;1;3;-22,728951;-43,631889;"SPRF-RJ";"DEL01-RJ";"UOP03-DEL01-RJ"
185602;2019-01-16;"quarta-feira";"17:15:00";"PR";376;594,9;"CURITIBA";"Falta de Atenção à Condução";"Colisão lateral";"Com Vítimas Feridas";"Pleno dia";"Crescente";"Céu Claro";"Dupla";"Reta";"Não";3;0;0;1;1;2;1;4;-25,48196511;-49,3488767;"SPRF-PR";"DEL01-PR";"UOP06-DEL01-PR"
185614;2019-01-16;"quarta-feira";"17:50:00";"SC";163;70,4;"SAO MIGUEL DO OESTE";"Falta de Atenção à Condução";"Colisão lateral";"Com Vítimas Feridas";"Pleno dia";"Crescente";"Sol";"Dupla";"Reta";"Sim";2;0;1;0;1;0;1;2;-26,734585;-53,506851;"SPRF-SC";"DEL07-SC";"UOP03-DEL07-SC"
185615;2019-01-16;"quarta-feira";"17:30:00";"RJ";116;282;"BARRA MANSA";"Falta de Atenção à Condução";"Engavetamento";"Com Vítimas Feridas";"Pleno dia";"Decrescente";"Chuva";"Dupla";"Reta";"Não";7;0;3;0;4;0;3;4;-22,547443;-44,183659;"SPRF-RJ";"DEL07-RJ";"UOP02-DEL07-RJ"
185621;2019-01-16;"quarta-feira";"15:00:00";"BA";101;739,5;"ITABELA";"Velocidade Incompatível";"Tombamento";"Com Vítimas Feridas";"Pleno dia";"Crescente";"Sol";"Dupla";"Curva;Aclive";"Não";2;0;1;0;0;1;1;2;-16,5271;-39,5673;"SPRF-BA";"DEL09-BA";"UOP01-DEL09-BA"
185623;2019-01-16;"quarta-feira";"19:30:00";"SC";101;196,2;"BIGUACU";"Ultrapassagem Indevida";"Tombamento";"Com Vítimas Feridas";"Anoitecer";"Crescente";"Garoa/Chuvisco";"Dupla";"Reta";"Sim";3;0;2;0;1;0;2;2;-27,51791578;-48,63896554;"SPRF-SC";"DEL01-SC";"UOP01-DEL01-SC"
185629;2019-01-16;"quarta-feira";"15:20:00";"MA";230;4;"BARAO DE GRAJAU";"Defeito na Via";"Colisão lateral";"Sem Vítimas";"Pleno dia";"Decrescente";"Céu Claro";"Simples";"Declive";"Não";4;0;0;0;3;1;0;3;-6,74811;-43,044304;"SPRF-PI";"DEL03-PI";"UOP01-DEL03-PI"
185637;2019-01-16;"quarta-feira";"17:00:00";"MG";262;607;"CAMPOS ALTOS";"Pista Escorregadia";"Colisão frontal";"Com Vítimas Feridas";"Pleno dia";"Crescente";"Chuva";"Simples";"Curva";"Não";7;0;4;0;2;1;4;4;-19,666414;-46,16032;"SPRF-MG";"DEL08-MG";"UOP02-DEL08-MG"
185639;2019-01-16;"quarta-feira";"17:00:00";"RS";285;162;"MUITOS CAPOES";"Velocidade Incompatível";"Tombamento";"Com Vítimas Feridas";"Pleno dia";"Crescente";"Céu Claro";"Simples";"Curva";"Não";2;0;1;0;0;1;1;2;-28,318995;-51,246716;"SPRF-RS";"DEL05-RS";"UOP03-DEL05-RS"
185646;2019-01-16;"quarta-feira";"22:00:00";"PR";277;393,8;"CANDOI";"Velocidade Incompatível";"Colisão frontal";"Com Vítimas Feridas";"Plena Noite";"Crescente";"Céu Claro";"Simples";"Curva";"Não";4;0;1;0;2;1;1;3;-25,44955244;-51,91838264;"SPRF-PR";"DEL03-PR";"UOP01-DEL08-PR"
185649;2019-01-16;"quarta-feira";"15:15:00";"PE";104;94;"AGRESTINA";"Defeito Mecânico no Veículo";"Tombamento";"Com Vítimas Feridas";"Pleno dia";"Decrescente";"Céu Claro";"Simples";"Reta";"Não";2;0;1;0;0;1;1;2;-8,513535;-35,942421;"SPRF-PE";"DEL02-PE";"UOP01-DEL02-PE"
185654;2019-01-16;"quarta-feira";"18:00:00";"BA";418;112,5;"NOVA VICOSA";"Ultrapassagem Indevida";"Colisão frontal";"Com Vítimas Fatais";"Anoitecer";"Decrescente";"Céu Claro";"Simples";"Reta";"Não";3;1;0;0;1;3;0;5;-17,890428;-40,070116;"SPRF-BA";"DEL09-BA";"UOP02-DEL09-BA"