"id";"data_inversa";"dia_semana";"horario";"uf";"br";"km";"municipio";"causa_acidente";"tipo_acidente";"classificacao_acidente";"fase_dia";"sentido_via";"condicao_metereologica";"tipo_pista";"tracado_via";"uso_solo";"pessoas";"mortos";"feridos_leves";"feridos_graves";"ilesos";"ignorados";"feridos";"veiculos";"latitude";"longitude";"regional";"delegacia";"uop"
185655;2019-01-16;"quarta-feira";"22:20:00";"SP";381;61;"MAIRIPORA";"Velocidade Incompatível";"Colisão com objeto estático";"Sem Vítimas";"Plena Noite";"Crescente";"Chuva";"Dupla";"Reta";"Não";2;0;0;0;1;1;0;2;-23,28846641;-46,58864913;"SPRF-SP";"DEL03-SP";"UOP01-DEL03-SP"
185656;2019-01-16;"quarta-feira";"23:20:00";"MT";364;348,8;"SANTO ANTONIO DO LEVERGER";"Falta de Atenção à Condução";"Tombamento";"Com Vítimas Fatais";"Plena Noite";"Crescente";"Céu Claro";"Dupla";"Curva";"Não";3;2;0;0;0;2;0;3;-15,7926523;-55,58047771;"SPRF-MT";"DEL02-MT";"UOP02-DEL01-MT"
185657;2019-01-16;"quarta-feira";"19:40:00";"MA";230;448;"RIACHAO";"Falta de Atenção à Condução";"Colisão traseira";"Com Vítimas Feridas";"Anoitecer";"Crescente";"Céu Claro";"Simples";"Reta";"Não";3;0;0;2;1;0;2;2;-7,422111;-46,667156;"SPRF-MA";"DEL05-MA";"UOP01-DEL05-MA"
185658;2019-01-16;"quarta-feira";"23:50:00";"MG";40;530,1;"CONTAGEM";"Condutor Dormindo";"Colisão traseira";"Com Vítimas Feridas";"Plena Noite";"Crescente";"Nublado";"Dupla";"Reta";"Sim";3;0;1;0;1;1;1;3;-19,9214;-44,023;"SPRF-MG";"DEL01-MG";"UOP03-DEL01-MG"
185660;2019-01-16;"quarta-feira";"20:40:00";"SP";116;394;"MIRACATU";"Ingestão de Álcool";"Colisão lateral";"Sem Vítimas";"Pleno dia";"Decrescente";"Chuva";"Dupla";"Reta";"Não";2;0;0;0;1;1;0;2;-24,28725179;-47,45262265;"SPRF-SP";"DEL04-SP";"UOP02-DEL04-SP"
185661;2019-01-17;"quinta-feira";"00:15:00";"AL";316;261,3;"PILAR";"Animais na Pista";"Colisão frontal";"Sem Vítimas";"Plena Noite";"Crescente";"Chuva";"Simples";"Reta";"Não";3;0;0;0;2;2;0;4;-9,588771;-35,887005;"SPRF-AL";"DEL02-AL";"UOP01-DEL02-AL"
185663;2019-01-17;"quinta-feira";"00:42:00";"PR";163;287;"MARECHAL CANDIDO RONDON";"Velocidade Incompatível";"Tombamento";"Sem Vítimas";"Plena Noite";"Crescente";"Ignorado";"Múltipla";"Curva;Declive";"Não";1;0;0;0;1;0;0;1;-24,52354283;-54,05977249;"SPRF-PR";"DEL06-PR";"UOP02-DEL06-PR"
185666;2019-01-17;"quinta-feira";"02:30:00";"SP";116;133,3;"CACAPAVA";"Condutor Dormindo";"Colisão traseira";"Com Vítimas Feridas";"Plena Noite";"Decrescente";"Nublado";"Dupla";"Reta";"Não";4;0;1;0;2;1;1;3;-23,135967;-45,753292;"SPRF-SP";"DEL06-SP";"UOP02-DEL02-SP"
185672;2019-01-17;"quinta-feira";"05:25:00";"MG";40;449,8;"CAETANOPOLIS";"Pista Escorregadia";"Saída de leito carroçável";"Com Vítimas Feridas";"Amanhecer";"Decrescente";"Chuva";"Dupla";"Reta";"Não";2;0;1;0;0;2;1;3;-19,3248;-44,3646;"SPRF-MG";"DEL02-MG";"UOP01-DEL02-MG"
185683;2019-01-17;"quinta-feira";"06:30:00";"MG";251;504,6;"FRANCISCO SA";"Velocidade Incompatível";"Tombamento";"Com Vítimas Feridas";"Amanhecer";"Decrescente";"Céu Claro";"Simples";"Viaduto";"Não";2;0;1;0;0;2;1;3;-16,609;-43,6592;"SPRF-MG";"DEL12-MG";"UOP01-DEL12-MG"
185684;2019-01-17;"quinta-feira";"06:00:00";"RN";304;205,2;"LAJES";"Condutor Dormindo";"Colisão frontal";"Com Vítimas Fatais";"Pleno dia";"Decrescente";"Céu Claro";"Simples";"Declive";"Não";5;3;0;0;2;0;0;2;-5,73662717;-36,11846566;"SPRF-RN";"DEL01-RN";"UOP03-DEL01-RN"
185688;2019-01-17;"quinta-feira";"08:05:00";"RS";158;332;"SANTA MARIA";"Falta de Atenção à Condução";"Colisão transversal";"Com Vítimas Feridas";"Pleno dia";"Crescente";"Chuva";"Dupla";"Reta;Retorno Regulamentado";"Sim";3;0;0;1;1;1;1;3;-29,707563;-53,854141;"SPRF-RS";"DEL09-RS";"UOP01-DEL09-RS"
185697;2019-01-17;"quinta-feira";"08:20:00";"SC";280;51;"GUARAMIRIM";"Falta de Atenção à Condução";"Colisão transversal";"Com Vítimas Feridas";"Pleno dia";"Crescente";"Céu Claro";"Simples";"Reta";"Sim";2;0;1;0;1;0;1;2;-26,467038;-48,960478;"SPRF-SC";"DEL03-SC";"UOP03-DEL03-SC"
185698;2019-01-17;"quinta-feira";"08:40:00";"MG";50;69;"UBERLANDIA";"Falta de Atenção à Condução";"Colisão traseira";"Com Vítimas Feridas";"Pleno dia";"Crescente";"Nublado";"Dupla";"Reta";"Sim";2;0;1;0;1;0;1;2;-18,8907;-48,256;"SPRF-MG";"DEL15-MG";"UOP01-DEL15-MG"
185701;2019-01-17;"quinta-feira";"07:45:00";"RJ";116;241,1;"PIRAI";"Falta de Atenção à Condução";"Tombamento";"Sem Vítimas";"Pleno dia";"Decrescente";"Céu Claro";"Dupla";"Reta";"Não";2;0;0;0;1;1;0;2;-22,658323;-43,889694;"SPRF-RJ";"DEL07-RJ";"UOP01-DEL07-RJ"
185712;2019-01-17;"quinta-feira";"05:30:00";"MG";251;423,7;"GRAO MOGOL";"Defeito Mecânico no Veículo";"Incêndio";"Sem Vítimas";"Amanhecer";"Crescente";"Ignorado";"Simples";"Aclive;Reta";"Não";2;0;0;0;1;1;0;2;-16,311;-43,0964;"SPRF-MG";"DEL12-MG";"UOP01-DEL12-MG"
185715;2019-01-17;"quinta-feira";"06:30:00";"CE";222;69,8;"SAO LUIS DO CURU";"Falta de Atenção à Condução";"Colisão lateral";"Sem Vítimas";"Pleno dia";"Crescente";"Céu Claro";"Simples";"Reta";"Não";3;0;0;0;2;1;0;3;-3,67138179;-39,22153473;"SPRF-CE";"DEL01-CE";"UOP03-DEL01-CE"
185724;2019-01-17;"quinta-feira";"10:20:00";"RJ";116;141,1;"DUQUE DE CAXIAS";"Falta de Atenção à Condução";"Colisão traseira";"Com Vítimas Feridas";"Pleno dia";"Crescente";"Céu Claro";"Dupla";"Reta";"Sim";3;0;1;0;1;2;1;4;-22,66185849;-43,25626373;"SPRF-RJ";"DEL04-RJ";"UOP02-DEL04-RJ"
185728;2019-01-17;"quinta-feira";"10:00:00";"PE";423;144,4;"IATI";"Falta de Atenção do Pedestre";"Atropelamento de Pedestre";"Com Vítimas Fatais";"Pleno dia";"Crescente";"Céu Claro";"Simples";"Reta";"Sim";3;1;0;0;1;2;0;4;-9,003867;-36,860493;"SPRF-PE";"DEL03-PE";"UOP01-DEL03-PE"
185734;2019-01-17;"quinta-feira";"12:00:00";"PR";373;422,7;"CANDOI";"Defeito Mecânico no Veículo";"Saída de leito carroçável";"Com Vítimas Feridas";"Pleno dia";"Crescente";"Céu Claro";"Simples";"Reta;Declive";"Não";2;0;1;0;0;1;1;2;-25,70789823;-52,17681885;"SPRF-PR";"DEL03-PR";"UOP01-DEL08-PR"
185736;2019-01-17;"quinta-feira";"04:30:00";"PA";10;321;"SAO MIGUEL DO GUAMA";"Restrição de Visibilidade";"Colisão traseira";"Com Vítimas Feridas";"Plena Noite";"Crescente";"Nevoeiro/Neblina";"Simples";"Reta";"Sim";4;0;1;0;2;3;1;5;-1,627098;-47,481216;"SPRF-PA";"DEL01-PA";"UOP02-DEL01-PA"
185738;2019-01-17;"quinta-feira";"13:20:00";"SC";470;84,5;"ASCURRA";"Ultrapassagem Indevida";"Colisão lateral";"Com Vítimas Feridas";"Pleno dia";"Decrescente";"Sol";"Simples";"Reta";"Não";4;0;0;1;2;1;1;4;-26,96137;-49,342415;"SPRF-SC";"DEL04-SC";"UOP01-DEL04-SC"
185743;2019-01-17;"quinta-feira";"12:40:00";"CE";20;413;"MARACANAU";"Falta de Atenção à Condução";"Colisão transversal";"Com Vítimas Feridas";"Pleno dia";"Crescente";"Céu Claro";"Dupla";"Reta";"Sim";5;0;1;0;3;1;1;3;-3,76999;-38,670063;"SPRF-CE";"DEL01-CE";"UOP01-DEL01-CE"
185749;2019-01-17;"quinta-feira";"11:10:00";"MT";163;854;"SINOP";"Desobediência às normas de trânsito pelo condutor";"Colisão transversal";"Com Vítimas Feridas";"Pleno dia";"Crescente";"Céu Claro";"Simples";"Rotatória";"Sim";3;0;1;0;1;2;1;4;-11,82434148;-55,52490234;"SPRF-MT";"DEL06-MT";"UOP02-DEL06-MT"
185752;2019-01-17;"quinta-feira";"11:50:00";"SP";153;140;"PROMISSAO";"Falta de Atenção à Condução";"Saída de leito carroçável";"Sem Vítimas";"Pleno dia";"Decrescente";"Céu Claro";"Dupla";"Curva";"Não";2;0;0;0;1;2;0;3;-21,327637;-49,791409;"SPRF-SP";"DEL07-SP";"UOP01-DEL07-SP"
185753;2019-01-17;"quinta-feira";"13:30:00";"PI";316;293,1;"PICOS";"Falta de Atenção à Condução";"Colisão frontal";"Com Vítimas Feridas";"Pleno dia";"Decrescente";"Céu Claro";"Simples";"Reta";"Não";2;0;1;0;1;0;1;2;-7,010364;-41,594886;"SPRF-PI";"DEL04-PI";"UOP01-DEL04-PI"
185754;2019-01-17;"quinta-feira";"14:25:00";"PR";373;223,5;"IMBITUVA";"Falta de Atenção à Condução";"Colisão lateral";"Com Vítimas Feridas";"Pleno dia";"Decrescente";"Céu Claro";"Dupla";"Rotatória";"Não";4;0;2;0;2;0;2;2;-25,18103467;-50,59662826;"SPRF-PR";"DEL03-PR";"UOP01-DEL03-PR"
185758;2019-01-17;"quinta-feira";"14:30:00";"RJ";40;84;"DUQUE DE CAXIAS";"Falta de Atenção à Condução";"Colisão com objeto estático";"Com Vítimas Feridas";"Pleno dia";"Crescente";"Céu Claro";"Simples";"Curva";"Não";2;0;0;1;1;0;1;1;-22,5511;-43,2257;"SPRF-RJ";"DEL06-RJ";"UOP01-DEL06-RJ"
185760;2019-01-17;"quinta-feira";"05:10:00";"MT";364;238;"JUSCIMEIRA";"Defeito na Via";"Colisão lateral";"Com Vítimas Feridas";"Amanhecer";"Decrescente";"Céu Claro";"Dupla";"Declive";"Não";3;0;1;0;0;3;1;4;-16,19824268;-54,78231967;"SPRF-MT";"DEL02-MT";"UOP01-DEL02-MT"
185761;2019-01-17;"quinta-feira";"07:00:00";"MT";364;139,7;"PEDRA PRETA";"Carga excessiva e/ou mal acondicionada";"Tombamento";"Com Vítimas Feridas";"Pleno dia";"Decrescente";"Céu Claro";"Simples";"Curva;Aclive";"Não";2;0;1;0;0;1;1;2;-16,79294513;-54,1966939;"SPRF-MT";"DEL02-MT";"UOP01-DEL02-MT"
185770;2019-01-17;"quinta-feira";"12:30:00";"RJ";116;305;"RESENDE";"Falta de Atenção à Condução";"Colisão transversal";"Com Vítimas Feridas";"Pleno dia";"Crescente";"Céu Claro";"Dupla";"Reta";"Sim";3;0;1;0;2;0;1;2;-22,459236;-44,434776;"SPRF-RJ";"DEL07-RJ";"DEL5/7-UOP03/RJ"
185771;2019-01-17;"quinta-feira";"16:15:00";"PR";116;47;"CAMPINA GRANDE DO SUL";"Velocidade Incompatível";"Tombamento";"Sem Vítimas";"Pleno dia";"Crescente";"Chuva";"Dupla";"Curva";"Não";2;0;0;0;1;1;0;2;-25,210619;-48,897217;"SPRF-PR";"DEL01-PR";"UOP02-DEL01-PR"
185774;2019-01-17;"quinta-feira";"14:40:00";"CE";402;286,3;"TURURU";"Falta de Atenção à Condução";"Colisão frontal";"Com Vítimas Feridas";"Pleno dia";"Crescente";"Céu Claro";"Simples";"Reta";"Sim";5;0;3;0;2;0;3;2;-3,60626056;-39,43557501;"SPRF-CE";"DEL01-CE";"UOP03-DEL01-CE"
185776;2019-01-17;"quinta-feira";"13:30:00";"SC";101;14,4;"GARUVA";"Falta de Atenção à Condução";"Colisão traseira";"Sem Vítimas";"Pleno dia";"Crescente";"Nublado";"Dupla";"Reta";"Não";3;0;0;0;2;1;0;3;-26,1013518;-48,86943;"SPRF-SC";"DEL03-SC";"UOP01-DEL03-SC"
185777;2019-01-17;"quinta-feira";"15:30:00";"SC";470;167,7;"POUSO REDONDO";"Velocidade Incompatível";"Colisão frontal";"Sem Vítimas";"Pleno dia";"Decrescente";"Nublado";"Múltipla";"Reta;Aclive";"Não";5;0;0;0;3;4;0;7;-27,269835;-49,863087;"SPRF-SC";"DEL04-SC";"UOP02-DEL04-SC"
185779;2019-01-17;"quinta-feira";"15:15:00";"RS";392;53,6;"RIO GRANDE";"Defeito Mecânico no Veículo";"Saída de leito carroçável";"Sem Vítimas";"Pleno dia";"Decrescente";"Nublado";"Dupla";"Reta";"Não";2;0;0;0;1;1;0;2;-31,84727565;-52,3270082;"SPRF-RS";"DEL07-RS";"UOP02-DEL07-RS"
185780;2019-01-17;"quinta-feira";"09:30:00";"GO";364;217;"JATAI";"Defeito Mecânico no Veículo";"Incêndio";"Sem Vítimas";"Pleno dia";"Decrescente";"Céu Claro";"Simples";"Reta";"Não";2;0;0;0;1;2;0;3;-17,860395;-51,894672;"SPRF-GO";"DEL05-GO";"UOP01-DEL05-GO"
185782;2019-01-17;"quinta-feira";"17:00:00";"MG";381;338;"NOVA ERA";"Falta de Atenção à Condução";"Colisão lateral";"Com Vítimas Feridas";"Pleno dia";"Decrescente";"Chuva";"Simples";"Aclive";"Não";3;0;2;0;1;0;2;2;-19,7784;-43,0437;"SPRF-MG";"DEL03-MG";"UOP01-DEL03-MG"
185786;2019-01-17;"quinta-feira";"13:00:00";"ES";101;296;"CARIACICA";"Falta de Atenção à Condução";"Colisão transversal";"Com Vítimas Feridas";"Pleno dia";"Decrescente";"Céu Claro";"Simples";"Viaduto";"Sim";2;0;0;1;1;0;1;2;-20,34333932;-40,40531158;"SPRF-ES";"DEL01-ES";"UOP01-DEL01-ES"
185787;2019-01-17;"quinta-feira";"16:45:00";"SC";101;20;"JOINVILLE";"Fenômenos da Natureza";"Saída de leito carroçável";"Com Vítimas Feridas";"Pleno dia";"Decrescente";"Vento";"Dupla";"Reta";"Sim";2;0;2;0;0;0;2;1;-26,1487;-48,9091;"SPRF-SC";"DEL03-SC";"UOP01-DEL03-SC"
185788;2019-01-17;"quinta-feira";"15:00:00";"MT";163;922;"ITAUBA";"Objeto estático sobre o leito carroçável";"Danos eventuais";"Sem Vítimas";"Pleno dia";"Crescente";"Céu Claro";"Simples";"Reta";"Não";7;0;0;0;6;3;0;6;-11,02174342;-55,25985718;"SPRF-MT";"DEL06-MT";"UOP02-DEL06-MT"
185789;2019-01-17;"quinta-feira";"17:50:00";"RJ";116;240,8;"PIRAI";"Condutor Dormindo";"Saída de leito carroçável";"Com Vítimas Feridas";"Plena Noite";"Crescente";"Céu Claro";"Dupla";"Curva";"Não";1;0;1;0;0;0;1;1;-22,658323;-43,889694;"SPRF-RJ";"DEL07-RJ";"UOP01-DEL07-RJ"
185791;2019-01-17;"quinta-feira";"14:10:00";"PE";101;49,5;"ABREU E LIMA";"Falta de Atenção à Condução";"Colisão traseira";"Sem Vítimas";"Pleno dia";"Decrescente";"Sol";"Múltipla";"Reta";"Sim";3;0;0;0;2;1;0;3;-7,9068;-34,9013;"SPRF-PE";"DEL01-PE";"UOP02-DEL01-PE"
185792;2019-01-17;"quinta-feira";"17:40:00";"ES";101;266,7;"SERRA";"Não guardar distância de segurança";"Colisão traseira";"Com Vítimas Feridas";"Pleno dia";"Decrescente";"Sol";"Múltipla";"Reta";"Sim";3;0;1;0;2;0;1;3;-20,21464321;-40,26811123;"SPRF-ES";"DEL02-ES";"UOP01-DEL02-ES"
185793;2019-01-17;"quinta-feira";"16:35:00";"MT";364;47,7;"ALTO GARCAS";"Falta de Atenção à Condução";"Colisão traseira";"Sem Vítimas";"Pleno dia";"Crescente";"Nublado";"Simples";"Reta";"Não";3;0;0;0;2;3;0;5;-17,024385;-53,489117;"SPRF-MT";"DEL02-MT";"UOP02-DEL02-MT"
185799;2019-01-17;"quinta-feira";"18:15:00";"RS";158;317,7;"SANTA MARIA";"Falta de Atenção à Condução";"Saída de leito carroçável";"Com Vítimas Feridas";"Anoitecer";"Crescente";"Chuva";"Dupla";"Curva";"Não";2;0;1;0;0;1;1;2;-29,655787;-53,773739;"SPRF-RS";"DEL09-RS";"UOP01-DEL09-RS"
185808;2019-01-17;"quinta-feira";"18:00:00";"SP";116;418,5;"JUQUIA";"Falta de Atenção à Condução";"Colisão lateral";"Com Vítimas Feridas";"Anoitecer";"Crescente";"Nublado";"Dupla";"Curva";"Não";3;0;1;0;1;1;1;3;-24,3779098;-47,67563123;"SPRF-SP";"DEL05-SP";"UOP01-DEL05-SP"
185814;2019-01-17;"quinta-feira";"19:20:00";"PR";376;644,5;"TIJUCAS DO SUL";"Pista Escorregadia";"Colisão lateral";"Com Vítimas Feridas";"Anoitecer";"Crescente";"Chuva";"Dupla";"Curva";"Não";2;0;1;0;1;0;1;2;-25,82220225;-49,12697554;"SPRF-PR";"DEL01-PR";"DEL7/1-UOP08/PR"
185816;2019-01-17;"quinta-feira";"16:45:00";"SC";280;127;"RIO NEGRINHO";"Velocidade Incompatível";"Colisão com objeto estático";"Sem Vítimas";"Pleno dia";"Crescente";"Chuva";"Simples";"Interseção de Vias";"Sim";2;0;0;0;1;1;0;2;-26,239437;-49,504192;"SPRF-SC";"DEL06-SC";"UOP03-DEL06-SC"
185822;2019-01-17;"quinta-feira";"17:15:00";"TO";226;25;"PALMEIRAS DO TOCANTINS";"Carga excessiva e/ou mal acondicionada";"Tombamento";"Com Vítimas Feridas";"Anoitecer";"Crescente";"Céu Claro";"Simples";"Reta";"Não";2;0;1;0;0;1;1;2;-6,638903;-47,658455;"SPRF-TO";"DEL02-TO";"UOP03-DEL02-TO"
185835;2019-01-17;"quinta-feira";"22:30:00";"GO";153;508,1;"APARECIDA DE GOIANIA";"Falta de Atenção à Condução";"Colisão traseira";"Com Vítimas Feridas";"Plena Noite";"Decrescente";"Céu Claro";"Múltipla";"Reta";"Não";2;0;0;1;1;0;1;2;-16,7804;-49,2371;"SPRF-GO";"DEL01-GO";"UOP03-DEL01-GO"
185844;2019-01-17;"quinta-feira";"21:56:00";"RS";392;94;"PELOTAS";"Pista Escorregadia";"Saída de leito carroçável";"Com Vítimas Feridas";"Plena Noite";"Crescente";"Chuva";"Simples";"Reta";"Não";1;0;1;0;0;0;1;1;-31,575714;-52,537376;"SPRF-RS";"DEL07-RS";"UOP01-DEL07-RS"
185859;2019-01-18;"sexta-feira";"05:50:00";"RS";290;4,8;"OSORIO";"Falta de Atenção à Condução";"Colisão traseira";"Com Vítimas Feridas";"Amanhecer";"Decrescente";"Nublado";"Dupla";"Reta";"Não";4;0;1;0;2;1;1;2;-29,898134;-50,31419;"SPRF-RS";"DEL03-RS";"UOP02-DEL03-RS"
185860;2019-01-17;"quinta-feira";"22:00:00";"PR";476;309,5;"SAO MATEUS DO SUL";"Velocidade Incompatível";"Tombamento";"Com Vítimas Fatais";"Plena Noite";"Decrescente";"Nublado";"Simples";"Curva";"Não";2;1;0;0;0;2;0;3;-26,017345;-50,64333;"SPRF-PR";"DEL02-PR";"UOP04-DEL02-PR"
185863;2019-01-17;"quinta-feira";"20:45:00";"SC";470;224,3;"SAO CRISTOVAO DO SUL";"Pista Escorregadia";"Saída de leito carroçável";"Com Vítimas Feridas";"Plena Noite";"Crescente";"Chuva";"Simples";"Reta";"Não";3;0;1;0;1;1;1;2;-27,31840478;-50,33372467;"SPRF-SC";"DEL05-SC";"UOP03-DEL05-SC"
185865;2019-01-18;"sexta-feira";"07:00:00";"MG";251;504;"FRANCISCO SA";"Falta de Atenção à Condução";"Colisão lateral";"Com Vítimas Feridas";"Amanhecer";"Crescente";"Céu Claro";"Simples";"Reta";"Não";24;0;1;0;22;1;1;4;-16,609;-43,6592;"SPRF-MG";"DEL12-MG";"UOP01-DEL12-MG"
185867;2019-01-17;"quinta-feira";"16:00:00";"MG";381;249;"GOVERNADOR VALADARES";"Desobediência às normas de trânsito pelo condutor";"Colisão traseira";"Com Vítimas Feridas";"Pleno dia";"Crescente";"Céu Claro";"Simples";"Reta";"Não";3;0;1;0;1;1;1;3;-18,9168009;-41,9408619;"SPRF-MG";"DEL06-MG";"UOP01-DEL06-MG"
185868;2019-01-18;"sexta-feira";"07:50:00";"PR";376;464,5;"PONTA GROSSA";"Falta de Atenção à Condução";"Colisão traseira";"Com Vítimas Feridas";"Pleno dia";"Crescente";"Céu Claro";"Dupla";"Curva";"Não";4;0;1;0;2;2;1;4;-24,98465765;-50,36939621;"SPRF-PR";"DEL03-PR";"UOP01-DEL03-PR"
185879;2019-01-18;"sexta-feira";"07:35:00";"PB";230;37;"SANTA RITA";"Velocidade Incompatível";"Colisão traseira";"Com Vítimas Fatais";"Pleno dia";"Crescente";"Céu Claro";"Dupla";"Reta";"Sim";4;1;0;0;1;2;0;3;-7,1293;-34,9536;"SPRF-PB";"DEL01-PB";"UOP01-DEL01-PB"
185883;2019-01-18;"sexta-feira";"08:05:00";"TO";153;676,5;"GURUPI";"Desobediência às normas de trânsito pelo condutor";"Saída de leito carroçável";"Com Vítimas Feridas";"Pleno dia";"Crescente";"Céu Claro";"Simples";"Reta";"Não";6;0;3;0;2;1;3;3;-11,760287;-49,096313;"SPRF-TO";"DEL02-TO";"UOP02-DEL01-TO"
185885;2019-01-18;"sexta-feira";"08:00:00";"ES";101;273;"SERRA";"Falta de Atenção à Condução";"Colisão traseira";"Sem Vítimas";"Pleno dia";"Crescente";"Céu Claro";"Múltipla";"Reta";"Sim";3;0;0;0;2;1;0;3;-20,21914126;-40,29089483;"SPRF-ES";"DEL02-ES";"UOP01-DEL02-ES"
185888;2019-01-18;"sexta-feira";"09:10:00";"PR";376;590,5;"CURITIBA";"Falta de Atenção à Condução";"Engavetamento";"Com Vítimas Feridas";"Pleno dia";"Decrescente";"Céu Claro";"Dupla";"Reta";"Sim";3;0;1;0;1;1;1;3;-25,455174;-49,361027;"SPRF-PR";"DEL01-PR";"UOP06-DEL01-PR"
185894;2019-01-18;"sexta-feira";"07:40:00";"SC";101;443,7;"SANTA ROSA DO SUL";"Defeito Mecânico no Veículo";"Colisão traseira";"Com Vítimas Feridas";"Pleno dia";"Crescente";"Chuva";"Dupla";"Reta";"Sim";3;0;0;1;2;0;1;2;-29,135;-49,7066;"SPRF-SC";"DEL02-SC";"UOP02-DEL02-SC"
185899;2019-01-18;"sexta-feira";"10:35:00";"MG";40;476;"SETE LAGOAS";"Falta de Atenção à Condução";"Capotamento";"Com Vítimas Feridas";"Pleno dia";"Crescente";"Céu Claro";"Dupla";"Reta";"Sim";2;0;1;0;1;0;1;1;-19,5236;-44,2634;"SPRF-MG";"DEL02-MG";"UOP01-DEL02-MG"
185901;2019-01-18;"sexta-feira";"08:30:00";"BA";101;817,7;"ITAMARAJU";"Velocidade Incompatível";"Tombamento";"Com Vítimas Feridas";"Pleno dia";"Decrescente";"Céu Claro";"Simples";"Curva";"Não";2;0;1;0;0;2;1;3;-17,0847;-39,5712;"SPRF-BA";"DEL09-BA";"UOP01-DEL09-BA"
185903;2019-01-18;"sexta-feira";"10:45:00";"PR";376;628;"SAO JOSE DOS PINHAIS";"Falta de Atenção à Condução";"Colisão traseira";"Com Vítimas Feridas";"Pleno dia";"Decrescente";"Céu Claro";"Dupla";"Reta";"Não";3;0;1;0;1;1;1;3;-25,68887232;-49,14596558;"SPRF-PR";"DEL01-PR";"DEL7/1-UOP08/PR"
185907;2019-01-18;"sexta-feira";"11:00:00";"PR";376;590,4;"CURITIBA";"Falta de Atenção à Condução";"Colisão traseira";"Com Vítimas Feridas";"Pleno dia";"Decrescente";"Céu Claro";"Dupla";"Aclive";"Sim";3;0;0;1;1;2;1;4;-25,4525213;-49,36211497;"SPRF-PR";"DEL01-PR";"UOP06-DEL01-PR"
185911;2019-01-18;"sexta-feira";"10:45:00";"MT";163;671,1;"LUCAS DO RIO VERDE";"Ultrapassagem Indevida";"Colisão traseira";"Sem Vítimas";"Pleno dia";"Crescente";"Céu Claro";"Simples";"Reta";"Não";4;0;0;0;3;3;0;6;-13,21089;-55,99832;"SPRF-MT";"DEL06-MT";"UOP01-DEL06-MT"
185912;2019-01-18;"sexta-feira";"12:00:00";"GO";414;268;"VILA PROPICIO";"Condutor Dormindo";"Saída de leito carroçável";"Com Vítimas Feridas";"Pleno dia";"Crescente";"Sol";"Simples";"Curva";"Não";2;0;0;1;0;1;1;2;-15,01609062;-48,69449615;"SPRF-GO";"DEL07-GO";"UOP02-DEL07-GO"
185913;2019-01-18;"sexta-feira";"10:55:00";"PE";101;57;"PAULISTA";"Desobediência às normas de trânsito pelo condutor";"Colisão transversal";"Com Vítimas Feridas";"Pleno dia";"Decrescente";"Sol";"Dupla";"Reta";"Sim";3;0;2;0;1;0;2;2;-7,9717;-34,921;"SPRF-PE";"DEL01-PE";"UOP02-DEL01-PE"
185915;2019-01-18;"sexta-feira";"11:00:00";"ES";101;188,1;"ARACRUZ";"Falta de Atenção à Condução";"Tombamento";"Sem Vítimas";"Pleno dia";"Decrescente";"Céu Claro";"Simples";"Curva";"Não";2;0;0;0;1;1;0;2;-19,67668203;-40,26531285;"SPRF-ES";"DEL04-ES";"UOP01-DEL04-ES"
185927;2019-01-18;"sexta-feira";"13:40:00";"PR";373;229,6;"IMBITUVA";"Falta de Atenção à Condução";"Colisão transversal";"Com Vítimas Feridas";"Pleno dia";"Crescente";"Nublado";"Simples";"Em Obras;Interseção de Vias";"Não";8;0;6;0;1;1;6;3;-25,17836417;-50,65241934;"SPRF-PR";"DEL03-PR";"UOP01-DEL03-PR"
185930;2019-01-18;"sexta-feira";"14:00:00";"SP";116;213,1;"GUARULHOS";"Falta de Atenção à Condução";"Tombamento";"Com Vítimas Feridas";"Pleno dia";"Crescente";"Sol";"Múltipla";"Reta";"Sim";2;0;1;0;1;0;1;2;-23,43902628;-46,43586837;"SPRF-SP";"DEL01-SP";"UOP01-DEL01-SP"
185932;2019-01-18;"sexta-feira";"08:20:00";"MG";262;491,6;"MOEMA";"Ultrapassagem Indevida";"Tombamento";"Com Vítimas Feridas";"Pleno dia";"Crescente";"Sol";"Simples";"Reta";"Não";2;0;0;1;0;1;1;2;-19,785557;-45,389137;"SPRF-MG";"DEL08-MG";"UOP03-DEL08-MG"
185933;2019-01-18;"sexta-feira";"14:26:00";"GO";50;267,3;"CATALAO";"Condutor Dormindo";"Colisão frontal";"Com Vítimas Fatais";"Pleno dia";"Crescente";"Céu Claro";"Dupla";"Aclive";"Não";8;2;4;0;0;2;4;3;-18,087;-47,871;"SPRF-GO";"DEL06-GO";"UOP01-DEL06-GO"
185934;2019-01-18;"sexta-feira";"11:30:00";"RS";285;607,6;"SANTO ANTONIO DAS MISSOES";"Pista Escorregadia";"Saída de leito carroçável";"Sem Vítimas";"Pleno dia";"Crescente";"Chuva";"Simples";"Reta";"Não";1;0;0;0;1;0;0;1;-28,49294982;-55,365787;"SPRF-RS";"DEL12-RS";"UOP01-DEL12-RS"
185942;2019-01-18;"sexta-feira";"15:05:00";"MG";381;858,1;"POUSO ALEGRE";"Condutor Dormindo";"Colisão lateral";"Com Vítimas Feridas";"Pleno dia";"Decrescente";"Céu Claro";"Dupla";"Reta";"Não";3;0;1;0;1;3;1;5;-22,3129;-45,9036;"SPRF-MG";"DEL16-MG";"UOP01-DEL16-MG"
185944;2019-01-18;"sexta-feira";"14:40:00";"PE";101;80;"JABOATAO DOS GUARARAPES";"Falta de Atenção à Condução";"Colisão traseira";"Sem Vítimas";"Pleno dia";"Decrescente";"Céu Claro";"Dupla";"Reta";"Não";3;0;0;0;2;1;0;3;-8,1623;-34,9394;"SPRF-PE";"DEL01-PE";"UOP01-DEL01-PE"