"id";"data_inversa";"dia_semana";"horario";"uf";"br";"km";"municipio";"causa_acidente";"tipo_acidente";"classificacao_acidente";"fase_dia";"sentido_via";"condicao_metereologica";"tipo_pista";"tracado_via";"uso_solo";"pessoas";"mortos";"feridos_leves";"feridos_graves";"ilesos";"ignorados";"feridos";"veiculos";"latitude";"longitude";"regional";"delegacia";"uop"
185947;2019-01-18;"sexta-feira";"15:20:00";"MG";381;505,5;"BETIM";"Falta de Atenção à Condução";"Colisão lateral";"Sem Vítimas";"Pleno dia";"Decrescente";"Sol";"Dupla";"Aclive;Reta";"Não";3;0;0;0;1;2;0;3;-20,0384;-44,2529;"SPRF-MG";"DEL01-MG";"UOP03-DEL01-MG"
185948;2019-01-18;"sexta-feira";"15:04:00";"MG";50;19,1;"UBERLANDIA";"Falta de Atenção à Condução";"Colisão traseira";"Com Vítimas Feridas";"Pleno dia";"Decrescente";"Céu Claro";"Dupla";"Reta";"Não";4;0;0;1;3;0;1;2;-18,933435;-48,199319;"SPRF-MG";"DEL15-MG";"UOP02-DEL15-MG"
185949;2019-01-18;"sexta-feira";"10:30:00";"MG";365;614,2;"UBERLANDIA";"Carga excessiva e/ou mal acondicionada";"Colisão com objeto estático";"Sem Vítimas";"Pleno dia";"Crescente";"Céu Claro";"Simples";"Reta";"Sim";2;0;0;0;1;1;0;2;-18,8974;-48,2715;"SPRF-MG";"DEL15-MG";"UOP01-DEL15-MG"
185951;2019-01-18;"sexta-feira";"16:00:00";"ES";262;5,8;"CARIACICA";"Falta de Atenção à Condução";"Colisão transversal";"Com Vítimas Feridas";"Pleno dia";"Crescente";"Céu Claro";"Múltipla";"Interseção de Vias;Reta";"Sim";4;0;0;2;2;0;2;3;-20,3374;-40,3859;"SPRF-ES";"DEL01-ES";"UOP01-DEL01-ES"
185954;2019-01-18;"sexta-feira";"15:50:00";"GO";40;29,6;"LUZIANIA";"Desobediência às normas de trânsito pelo condutor";"Colisão lateral";"Com Vítimas Feridas";"Pleno dia";"Crescente";"Céu Claro";"Dupla";"Reta";"Não";3;0;1;0;2;0;1;2;-16,273718;-47,871456;"SPRF-DF";"DEL01-DF";"UOP01-DEL01-DF"
185955;2019-01-18;"sexta-feira";"15:00:00";"GO";40;91,7;"CRISTALINA";"Falta de Atenção à Condução";"Colisão traseira";"Sem Vítimas";"Pleno dia";"Decrescente";"Céu Claro";"Simples";"Reta";"Sim";3;0;0;0;2;1;0;3;-16,72736;-47,634957;"SPRF-DF";"DEL01-DF";"UOP02-DEL01-DF"
185961;2019-01-18;"sexta-feira";"16:40:00";"GO";20;1,8;"FORMOSA";"Desobediência às normas de trânsito pelo condutor";"Colisão transversal";"Com Vítimas Feridas";"Pleno dia";"Decrescente";"Chuva";"Simples";"Reta";"Sim";8;0;0;1;6;1;1;7;-15,579424;-47,334297;"SPRF-DF";"DEL02-DF";"UOP01-DEL02-DF"
185964;2019-01-18;"sexta-feira";"17:00:00";"GO";153;527,5;"HIDROLANDIA";"Pista Escorregadia";"Saída de leito carroçável";"Com Vítimas Feridas";"Pleno dia";"Crescente";"Chuva";"Dupla";"Curva";"Não";4;0;3;0;1;0;3;1;-16,9533;-49,2437;"SPRF-GO";"DEL01-GO";"UOP03-DEL01-GO"
185993;2019-01-18;"sexta-feira";"14:15:00";"MT";70;264;"PRIMAVERA DO LESTE";"Defeito na Via";"Saída de leito carroçável";"Sem Vítimas";"Pleno dia";"Decrescente";"Céu Claro";"Simples";"Reta";"Não";3;0;0;0;2;2;0;3;-15,570728;-54,191246;"SPRF-MT";"DEL05-MT";"UOP01-DEL05-MT"
185996;2019-01-18;"sexta-feira";"18:05:00";"PR";277;694;"SAO MIGUEL DO IGUACU";"Fenômenos da Natureza";"Colisão transversal";"Com Vítimas Feridas";"Pleno dia";"Decrescente";"Chuva";"Dupla";"Declive";"Não";6;0;1;0;4;2;1;4;-25,377277;-54,278534;"SPRF-PR";"DEL05-PR";"UOP01-DEL05-PR"
185999;2019-01-18;"sexta-feira";"18:45:00";"PR";376;283,4;"MARILANDIA DO SUL";"Desobediência às normas de trânsito pelo condutor";"Colisão lateral";"Sem Vítimas";"Pleno dia";"Crescente";"Céu Claro";"Simples";"Curva";"Não";4;0;0;0;3;1;0;3;-23,844998;-51,256663;"SPRF-PR";"DEL07-PR";"UOP02-DEL07-PR"
186000;2019-01-18;"sexta-feira";"18:50:00";"MG";381;872,9;"ESTIVA";"Velocidade Incompatível";"Colisão com objeto estático";"Com Vítimas Feridas";"Anoitecer";"Crescente";"Chuva";"Simples";"Declive;Reta";"Não";4;0;3;0;0;1;3;2;-22,4133;-45,961;"SPRF-MG";"DEL16-MG";"UOP01-DEL16-MG"
186008;2019-01-18;"sexta-feira";"18:45:00";"RS";116;495,4;"PELOTAS";"Pista Escorregadia";"Saída de leito carroçável";"Sem Vítimas";"Pleno dia";"Crescente";"Chuva";"Simples";"Declive;Reta";"Não";6;0;0;0;6;0;0;1;-31,64636715;-52,33062744;"SPRF-RS";"DEL07-RS";"UOP01-DEL07-RS"
186010;2019-01-18;"sexta-feira";"18:20:00";"RJ";393;162;"TRES RIOS";"Velocidade Incompatível";"Tombamento";"Com Vítimas Feridas";"Pleno dia";"Decrescente";"Sol";"Simples";"Curva";"Não";2;0;0;1;0;1;1;2;-22,12020256;-43,13339174;"SPRF-RJ";"DEL06-RJ";"UOP01-DEL05-RJ"
186013;2019-01-18;"sexta-feira";"15:30:00";"RO";364;423;"JARU";"Falta de Atenção à Condução";"Colisão traseira";"Com Vítimas Feridas";"Pleno dia";"Decrescente";"Céu Claro";"Simples";"Reta";"Sim";2;0;1;0;1;0;1;2;-10,452208;-62,46072;"SPRF-RO";"DEL03-RO";"UOP02-DEL03-RO"
186017;2019-01-18;"sexta-feira";"21:00:00";"SC";101;161;"TIJUCAS";"Velocidade Incompatível";"Colisão lateral";"Com Vítimas Feridas";"Plena Noite";"Decrescente";"Chuva";"Dupla";"Reta";"Não";2;0;0;1;1;0;1;2;-27,2237;-48,6271;"SPRF-SC";"DEL04-SC";"UOP03-DEL04-SC"
186026;2019-01-18;"sexta-feira";"15:10:00";"PR";376;588;"CURITIBA";"Velocidade Incompatível";"Colisão traseira";"Sem Vítimas";"Pleno dia";"Decrescente";"Céu Claro";"Dupla";"Reta";"Sim";5;0;0;0;4;1;0;5;-25,43806286;-49,36483741;"SPRF-PR";"DEL01-PR";"UOP06-DEL01-PR"
186028;2019-01-18;"sexta-feira";"20:30:00";"PB";101;110;"ALHANDRA";"Falta de Atenção à Condução";"Colisão transversal";"Com Vítimas Fatais";"Plena Noite";"Crescente";"Céu Claro";"Dupla";"Reta";"Sim";2;1;0;0;1;0;0;2;-7,35290106;-34,94950533;"SPRF-PB";"DEL01-PB";"UOP01-DEL01-PB"
186029;2019-01-18;"sexta-feira";"22:00:00";"SC";101;114,6;"ITAJAI";"Falta de Atenção à Condução";"Colisão traseira";"Com Vítimas Fatais";"Plena Noite";"Decrescente";"Chuva";"Dupla";"Reta";"Sim";5;1;0;0;1;3;0;4;-26,8533;-48,7265;"SPRF-SC";"DEL04-SC";"UOP04-DEL04-SC"
186033;2019-01-18;"sexta-feira";"21:50:00";"SP";116;332,8;"JUQUITIBA";"Defeito Mecânico no Veículo";"Incêndio";"Sem Vítimas";"Plena Noite";"Crescente";"Céu Claro";"Dupla";"Reta";"Não";2;0;0;0;1;1;0;2;-23,95935711;-47,11746454;"SPRF-SP";"DEL04-SP";"UOP03-DEL04-SP"
186038;2019-01-18;"sexta-feira";"22:40:00";"SP";116;149;"SAO JOSE DOS CAMPOS";"Falta de Atenção à Condução";"Tombamento";"Com Vítimas Feridas";"Plena Noite";"Decrescente";"Nublado";"Dupla";"Reta";"Sim";3;0;1;1;0;1;2;3;-23,207001;-45,886269;"SPRF-SP";"DEL02-SP";"UOP01-DEL02-SP"
186044;2019-01-18;"sexta-feira";"22:15:00";"DF";40;1,8;"BRASILIA";"Avarias e/ou desgaste excessivo no pneu";"Danos eventuais";"Sem Vítimas";"Plena Noite";"Crescente";"Céu Claro";"Dupla";"Reta";"Sim";2;0;0;0;1;2;0;3;-15,985532;-47,987747;"SPRF-DF";"DEL01-DF";"UOP01-DEL01-DF"
186047;2019-01-18;"sexta-feira";"22:40:00";"PR";277;650;"MATELANDIA";"Desobediência às normas de trânsito pelo condutor";"Colisão traseira";"Com Vítimas Feridas";"Plena Noite";"Decrescente";"Nublado";"Simples";"Reta";"Não";5;0;1;0;4;0;1;2;-25,190388;-53,937366;"SPRF-PR";"DEL05-PR";"UOP02-DEL05-PR"
186054;2019-01-18;"sexta-feira";"22:00:00";"MT";364;174,5;"NOBRES";"Falta de Atenção à Condução";"Colisão traseira";"Sem Vítimas";"Plena Noite";"Crescente";"Céu Claro";"Dupla";"Reta";"Não";3;0;0;0;2;2;0;4;-14,64205368;-56,2802124;"SPRF-MT";"DEL02-MT";"UOP01-DEL02-MT"
186071;2019-01-19;"sábado";"03:30:00";"MG";116;787,3;"LEOPOLDINA";"Falta de Atenção à Condução";"Colisão com objeto estático";"Sem Vítimas";"Plena Noite";"Decrescente";"Nublado";"Simples";"Ponte;Reta";"Não";1;0;0;0;1;0;0;1;-21,65677008;-42,72043347;"SPRF-MG";"DEL07-MG";"UOP01-DEL07-MG"
186072;2019-01-19;"sábado";"04:35:00";"ES";262;5,5;"CARIACICA";"Falta de Atenção à Condução";"Colisão com objeto em movimento";"Com Vítimas Feridas";"Plena Noite";"Crescente";"Céu Claro";"Dupla";"Reta";"Sim";3;0;0;2;1;0;2;2;-20,3374;-40,3859;"SPRF-ES";"DEL01-ES";"UOP01-DEL01-ES"
186080;2019-01-19;"sábado";"05:15:00";"MG";50;54;"ARAGUARI";"Velocidade Incompatível";"Tombamento";"Com Vítimas Feridas";"Amanhecer";"Crescente";"Céu Claro";"Dupla";"Curva";"Não";2;0;1;0;0;1;1;2;-18,7765;-48,2393;"SPRF-MG";"DEL15-MG";"UOP02-DEL15-MG"
186098;2019-01-19;"sábado";"02:00:00";"PA";308;290;"VISEU";"Defeito na Via";"Capotamento";"Com Vítimas Fatais";"Plena Noite";"Crescente";"Chuva";"Simples";"Declive";"Não";3;1;0;2;0;0;2;1;-1,442125;-46,339214;"SPRF-PA";"DEL01-PA";"UOP03-DEL01-PA"
186101;2019-01-19;"sábado";"08:10:00";"PR";277;4,8;"PARANAGUA";"Falta de Atenção à Condução";"Colisão lateral";"Com Vítimas Feridas";"Pleno dia";"Decrescente";"Nublado";"Múltipla";"Interseção de Vias;Curva;Em Obras";"Sim";4;0;1;1;1;3;2;5;-25,55605115;-48,5641408;"SPRF-PR";"DEL01-PR";"UOP05-DEL01-PR"
186108;2019-01-18;"sexta-feira";"19:59:00";"RO";364;396;"OURO PRETO DO OESTE";"Falta de Atenção à Condução";"Tombamento";"Com Vítimas Feridas";"Plena Noite";"Crescente";"Chuva";"Simples";"Reta";"Não";2;0;1;0;0;2;1;3;-10,631429;-62,320072;"SPRF-RO";"DEL03-RO";"UOP02-DEL03-RO"
186109;2019-01-18;"sexta-feira";"19:30:00";"RO";364;396;"OURO PRETO DO OESTE";"Falta de Atenção à Condução";"Saída de leito carroçável";"Com Vítimas Feridas";"Plena Noite";"Decrescente";"Chuva";"Simples";"Aclive;Reta";"Não";2;0;1;0;0;1;1;2;-10,631429;-62,320072;"SPRF-RO";"DEL03-RO";"UOP02-DEL03-RO"
186111;2019-01-19;"sábado";"01:05:00";"BA";101;295;"LAJE";"Ultrapassagem Indevida";"Colisão frontal";"Com Vítimas Fatais";"Plena Noite";"Crescente";"Céu Claro";"Simples";"Reta";"Não";2;1;0;0;1;0;0;2;-13,2208;-39,3249;"SPRF-BA";"DEL01-BA";"UOP02-DEL01-BA"
186118;2019-01-15;"terça-feira";"18:00:00";"SC";280;57,4;"GUARAMIRIM";"Não guardar distância de segurança";"Colisão traseira";"Com Vítimas Feridas";"Pleno dia";"Crescente";"Sol";"Simples";"Reta";"Sim";4;0;2;0;2;0;2;3;-26,478106;-49,012608;"SPRF-SC";"DEL03-SC";"UOP03-DEL03-SC"
186123;2019-01-19;"sábado";"09:35:00";"MT";364;215,8;"RONDONOPOLIS";"Desobediência às normas de trânsito pelo condutor";"Saída de leito carroçável";"Com Vítimas Feridas";"Pleno dia";"Decrescente";"Sol";"Dupla";"Aclive;Reta";"Não";6;0;1;0;3;3;1;5;-16,37779154;-54,7170639;"SPRF-MT";"DEL02-MT";"UOP01-DEL02-MT"
186124;2019-01-19;"sábado";"08:10:00";"MT";364;238;"JUSCIMEIRA";"Velocidade Incompatível";"Saída de leito carroçável";"Com Vítimas Feridas";"Pleno dia";"Decrescente";"Céu Claro";"Dupla";"Reta";"Não";2;0;1;0;0;2;1;3;-16,196342;-54,783165;"SPRF-MT";"DEL02-MT";"UOP01-DEL02-MT"
186129;2019-01-19;"sábado";"10:00:00";"PA";316;20;"BENEVIDES";"Velocidade Incompatível";"Colisão transversal";"Com Vítimas Feridas";"Pleno dia";"Decrescente";"Nublado";"Dupla";"Reta";"Sim";3;0;1;0;2;0;1;2;-1,360972;-48,262413;"SPRF-PA";"DEL01-PA";"DEL19/1-UOP05/PA"
186131;2019-01-19;"sábado";"09:20:00";"MG";381;568,7;"ITAGUARA";"Velocidade Incompatível";"Tombamento";"Com Vítimas Feridas";"Pleno dia";"Crescente";"Céu Claro";"Dupla";"Curva";"Não";4;0;1;1;1;1;2;2;-20,4119;-44,5272;"SPRF-MG";"DEL04-MG";"UOP03-DEL04-MG"
186132;2019-01-19;"sábado";"05:40:00";"ES";101;358;"ANCHIETA";"Falta de Atenção à Condução";"Colisão frontal";"Com Vítimas Feridas";"Amanhecer";"Crescente";"Céu Claro";"Simples";"Reta";"Não";3;0;1;0;1;1;1;3;-20,71437289;-40,72666168;"SPRF-ES";"DEL03-ES";"UOP01-DEL03-ES"
186134;2019-01-19;"sábado";"08:00:00";"MA";230;70;"SAO JOAO DOS PATOS";"Falta de Atenção à Condução";"Saída de leito carroçável";"Com Vítimas Feridas";"Pleno dia";"Crescente";"Céu Claro";"Simples";"Reta";"Não";2;0;2;0;0;0;2;1;-6,591704;-43,46545;"SPRF-PI";"DEL03-PI";"UOP01-DEL03-PI"
186137;2019-01-19;"sábado";"10:40:00";"PR";376;659,7;"TIJUCAS DO SUL";"Falta de Atenção à Condução";"Queda de ocupante de veículo";"Com Vítimas Feridas";"Pleno dia";"Crescente";"Céu Claro";"Dupla";"Curva";"Não";3;0;1;0;1;1;1;3;-25,85304449;-49,00108337;"SPRF-PR";"DEL01-PR";"DEL7/1-UOP08/PR"
186138;2019-01-19;"sábado";"11:20:00";"GO";158;274;"JATAI";"Velocidade Incompatível";"Colisão transversal";"Sem Vítimas";"Pleno dia";"Crescente";"Céu Claro";"Simples";"Reta";"Sim";3;0;0;0;2;3;0;5;-17,90981578;-51,72320366;"SPRF-GO";"DEL05-GO";"UOP01-DEL05-GO"
186141;2019-01-19;"sábado";"10:20:00";"PR";277;112,6;"CAMPO LARGO";"Falta de Atenção à Condução";"Colisão lateral";"Com Vítimas Fatais";"Pleno dia";"Crescente";"Céu Claro";"Dupla";"Reta";"Sim";4;1;0;0;1;3;0;5;-25,44668483;-49,47795868;"SPRF-PR";"DEL01-PR";"UOP06-DEL01-PR"
186143;2019-01-19;"sábado";"12:04:00";"ES";101;304;"VIANA";"Falta de Atenção à Condução";"Colisão traseira";"Com Vítimas Feridas";"Pleno dia";"Crescente";"Céu Claro";"Dupla";"Reta";"Sim";4;0;1;0;2;1;1;3;-20,38430773;-40,46172749;"SPRF-ES";"DEL01-ES";"UOP01-DEL01-ES"
186149;2019-01-19;"sábado";"11:00:00";"TO";153;222,2;"COLINAS DO TOCANTINS";"Ingestão de Álcool";"Colisão lateral";"Com Vítimas Feridas";"Pleno dia";"Crescente";"Céu Claro";"Simples";"Reta";"Não";6;0;2;1;2;1;3;3;-7,836279;-48,45599;"SPRF-TO";"DEL02-TO";"UOP01-DEL02-TO"
186151;2019-01-19;"sábado";"12:15:00";"MG";153;71,5;"MONTE ALEGRE DE MINAS";"Não guardar distância de segurança";"Saída de leito carroçável";"Com Vítimas Feridas";"Pleno dia";"Crescente";"Céu Claro";"Simples";"Ponte";"Não";2;0;1;1;0;0;2;1;-18,8878;-49,051;"SPRF-MG";"DEL15-MG";"UOP03-DEL15-MG"
186160;2019-01-19;"sábado";"13:45:00";"RJ";116;167;"SAO JOAO DE MERITI";"Falta de Atenção à Condução";"Colisão traseira";"Com Vítimas Feridas";"Pleno dia";"Crescente";"Céu Claro";"Dupla";"Reta";"Sim";3;0;1;0;2;0;1;2;-22,818039;-43,307873;"SPRF-RJ";"DEL01-RJ";"UOP02-DEL01-RJ"
186174;2019-01-19;"sábado";"13:45:00";"MG";116;787,5;"LEOPOLDINA";"Velocidade Incompatível";"Tombamento";"Com Vítimas Feridas";"Pleno dia";"Decrescente";"Sol";"Simples";"Curva";"Não";2;0;1;0;0;2;1;3;-21,65806637;-42,72445679;"SPRF-MG";"DEL07-MG";"UOP01-DEL07-MG"
186176;2019-01-19;"sábado";"12:45:00";"MT";158;628;"AGUA BOA";"Falta de Atenção à Condução";"Saída de leito carroçável";"Com Vítimas Feridas";"Pleno dia";"Decrescente";"Sol";"Simples";"Reta";"Não";2;0;0;1;0;1;1;2;-14,512;-52,296;"SPRF-MT";"DEL07-MT";"UOP02-DEL07-MT"
186178;2019-01-19;"sábado";"14:00:00";"MT";163;827;"SINOP";"Falta de Atenção à Condução";"Saída de leito carroçável";"Sem Vítimas";"Pleno dia";"Decrescente";"Sol";"Dupla";"Retorno Regulamentado";"Sim";7;0;0;0;6;3;0;5;-11,89506824;-55,50395966;"SPRF-MT";"DEL06-MT";"UOP01-DEL06-MT"
186192;2019-01-19;"sábado";"16:15:00";"SC";470;161;"TROMBUDO CENTRAL";"Falta de Atenção à Condução";"Colisão transversal";"Com Vítimas Feridas";"Pleno dia";"Decrescente";"Chuva";"Simples";"Curva";"Sim";2;0;1;0;1;0;1;2;-27,28672892;-49,79409456;"SPRF-SC";"DEL04-SC";"UOP02-DEL04-SC"
186193;2019-01-19;"sábado";"15:30:00";"BA";242;617;"MUQUEM DE SAO FRANCISCO";"Defeito Mecânico no Veículo";"Incêndio";"Sem Vítimas";"Pleno dia";"Crescente";"Céu Claro";"Simples";"Curva";"Não";2;0;0;0;1;2;0;3;-12,22728634;-43,46466064;"SPRF-BA";"DEL10-BA";"UOP03-DEL06-BA"
186197;2019-01-19;"sábado";"15:35:00";"CE";116;526,5;"JATI";"Desobediência às normas de trânsito pelo condutor";"Colisão frontal";"Com Vítimas Feridas";"Pleno dia";"Decrescente";"Céu Claro";"Simples";"Interseção de Vias";"Sim";3;0;0;1;1;1;1;3;-7,69049301;-39,00867462;"SPRF-CE";"DEL05-CE";"UOP03-DEL05-CE"
186200;2019-01-19;"sábado";"15:50:00";"GO";60;275,4;"JANDAIA";"Ingestão de Álcool";"Colisão traseira";"Sem Vítimas";"Pleno dia";"Decrescente";"Céu Claro";"Dupla";"Reta";"Não";4;0;0;0;3;1;0;3;-17,215;-50,1678;"SPRF-GO";"DEL04-GO";"UOP01-DEL04-GO"
186210;2019-01-19;"sábado";"17:00:00";"CE";222;128;"ITAPAJE";"Velocidade Incompatível";"Tombamento";"Sem Vítimas";"Pleno dia";"Crescente";"Nublado";"Simples";"Curva";"Sim";2;0;0;0;1;1;0;2;-3,704279;-39,615295;"SPRF-CE";"DEL04-CE";"UOP03-DEL04-CE"
186214;2019-01-19;"sábado";"17:40:00";"PE";232;417;"SERRA TALHADA";"Pista Escorregadia";"Colisão lateral";"Com Vítimas Feridas";"Anoitecer";"Decrescente";"Chuva";"Simples";"Reta";"Não";4;0;1;2;1;0;3;2;-7,988571;-38,329723;"SPRF-PE";"DEL04-PE";"UOP01-DEL04-PE"
186229;2019-01-19;"sábado";"17:00:00";"RO";364;273,8;"CACOAL";"Desobediência às normas de trânsito pelo condutor";"Colisão transversal";"Com Vítimas Feridas";"Pleno dia";"Crescente";"Céu Claro";"Simples";"Rotatória";"Não";3;0;0;1;1;1;1;3;-11,38546519;-61,74865723;"SPRF-RO";"DEL02-RO";"UOP02-DEL02-RO"
186231;2019-01-19;"sábado";"18:55:00";"MS";163;481,8;"CAMPO GRANDE";"Ingestão de Álcool";"Colisão frontal";"Com Vítimas Feridas";"Anoitecer";"Decrescente";"Nublado";"Simples";"Viaduto";"Sim";3;0;1;0;1;1;1;3;-20,463915;-54,555949;"SPRF-MS";"DEL01-MS";"UOP02-DEL01-MS"
186235;2019-01-19;"sábado";"18:00:00";"PI";343;597,3;"FLORIANO";"Falta de Atenção à Condução";"Colisão transversal";"Com Vítimas Feridas";"Anoitecer";"Decrescente";"Céu Claro";"Dupla";"Reta";"Sim";3;0;1;0;1;2;1;4;-6,812184;-43,056244;"SPRF-PI";"DEL03-PI";"UOP01-DEL03-PI"
186248;2019-01-19;"sábado";"18:30:00";"PR";476;242,7;"LAPA";"Velocidade Incompatível";"Colisão frontal";"Com Vítimas Feridas";"Pleno dia";"Crescente";"Chuva";"Simples";"Curva";"Não";4;0;2;0;1;1;2;3;-25,858768;-50,08609;"SPRF-PR";"DEL02-PR";"UOP04-DEL02-PR"
186256;2019-01-19;"sábado";"20:30:00";"TO";230;49;"NAZARE";"Falta de Atenção à Condução";"Colisão com objeto estático";"Com Vítimas Fatais";"Plena Noite";"Crescente";"Céu Claro";"Simples";"Reta";"Não";3;1;0;0;2;0;0;2;-6,321803;-47,736515;"SPRF-TO";"DEL02-TO";"UOP03-DEL02-TO"
186265;2019-01-19;"sábado";"20:30:00";"SP";116;411;"JUQUIA";"Falta de Atenção à Condução";"Colisão traseira";"Sem Vítimas";"Plena Noite";"Crescente";"Garoa/Chuvisco";"Dupla";"Reta";"Não";2;0;0;0;1;1;0;2;-24,33083055;-47,58281708;"SPRF-SP";"DEL05-SP";"UOP01-DEL05-SP"
186267;2019-01-19;"sábado";"22:25:00";"SC";101;47,7;"JOINVILLE";"Falta de Atenção à Condução";"Tombamento";"Com Vítimas Feridas";"Plena Noite";"Decrescente";"Chuva";"Dupla";"Curva";"Não";2;0;1;0;0;1;1;2;-26,3752;-48,8549;"SPRF-SC";"DEL03-SC";"UOP01-DEL03-SC"
186269;2019-01-19;"sábado";"17:55:00";"MG";262;62,7;"MATIPO";"Velocidade Incompatível";"Colisão frontal";"Com Vítimas Fatais";"Pleno dia";"Decrescente";"Sol";"Simples";"Declive;Curva";"Não";4;1;1;1;0;2;2;4;-20,292633;-42,226898;"SPRF-MG";"DEL06-MG";"UOP03-DEL06-MG"
186278;2019-01-19;"sábado";"16:00:00";"PI";135;523,5;"GILBUES";"Desobediência às normas de trânsito pelo condutor";"Colisão traseira";"Com Vítimas Fatais";"Pleno dia";"Decrescente";"Céu Claro";"Simples";"Reta";"Não";3;1;0;0;1;1;0;3;-9,901671;-45,341549;"SPRF-PI";"DEL03-PI";"UOP02-DEL03-PI"
186282;2019-01-20;"domingo";"00:15:00";"SP";381;21;"BRAGANCA PAULISTA";"Falta de Atenção à Condução";"Atropelamento de Pedestre";"Com Vítimas Feridas";"Plena Noite";"Crescente";"Garoa/Chuvisco";"Múltipla";"Curva";"Não";4;0;2;2;0;0;4;3;-22,991409;-46,508789;"SPRF-SP";"DEL03-SP";"UOP02-DEL03-SP"
186291;2019-01-20;"domingo";"00:20:00";"CE";116;35;"HORIZONTE";"Ingestão de Álcool";"Colisão traseira";"Com Vítimas Feridas";"Plena Noite";"Crescente";"Céu Claro";"Dupla";"Reta";"Sim";7;0;1;2;2;3;3;4;-4,0664;-38,5024;"SPRF-CE";"DEL01-CE";"UOP02-DEL01-CE"
186303;2019-01-20;"domingo";"02:15:00";"SP";116;486,8;"CAJATI";"Falta de Atenção do Pedestre";"Atropelamento de Pedestre";"Com Vítimas Feridas";"Plena Noite";"Decrescente";"Garoa/Chuvisco";"Dupla";"Reta";"Não";2;0;0;1;1;0;1;2;-24,73122645;-48,10386786;"SPRF-SP";"DEL05-SP";"UAP01-DEL05-SP"
186314;2019-01-20;"domingo";"04:10:00";"CE";20;411,2;"MARACANAU";"Desobediência às normas de trânsito pelo condutor";"Colisão lateral";"Sem Vítimas";"Plena Noite";"Decrescente";"Céu Claro";"Simples";"Aclive;Reta";"Não";4;0;0;0;3;1;0;4;-3,76999;-38,670063;"SPRF-CE";"DEL01-CE";"UOP01-DEL01-CE"
186327;2019-01-20;"domingo";"07:50:00";"MG";153;10;"ARAPORA";"Falta de Atenção à Condução";"Tombamento";"Sem Vítimas";"Pleno dia";"Decrescente";"Céu Claro";"Dupla";"Curva";"Não";2;0;0;0;1;1;0;2;-18,5148;-49,1894;"SPRF-MG";"DEL15-MG";"UOP03-DEL15-MG"
186329;2019-01-20;"domingo";"08:30:00";"DF";40;2,7;"BRASILIA";"Falta de Atenção à Condução";"Colisão lateral";"Com Vítimas Feridas";"Pleno dia";"Crescente";"Sol";"Dupla";"Reta";"Sim";3;0;2;0;1;0;2;2;-15,99435;-47,985947;"SPRF-DF";"DEL01-DF";"UOP01-DEL01-DF"
186335;2019-01-20;"domingo";"06:20:00";"PA";222;239;"MARABA";"Ultrapassagem Indevida";"Colisão frontal";"Com Vítimas Fatais";"Amanhecer";"Decrescente";"Nublado";"Simples";"Curva";"Não";4;1;0;0;2;1;0;4;-5,302089;-49,0723;"SPRF-PA";"DEL03-PA";"UOP01-DEL03-PA"
186341;2019-01-20;"domingo";"08:00:00";"TO";153;466,5;"BARROLANDIA";"Ultrapassagem Indevida";"Colisão frontal";"Com Vítimas Feridas";"Pleno dia";"Decrescente";"Nublado";"Múltipla";"Aclive;Reta";"Não";5;0;0;1;3;1;1;3;-9,97138664;-48,74505043;"SPRF-TO";"DEL02-TO";"UOP01-DEL01-TO"
186355;2019-01-20;"domingo";"10:00:00";"AL";101;29;"JOAQUIM GOMES";"Carga excessiva e/ou mal acondicionada";"Tombamento";"Sem Vítimas";"Pleno dia";"Decrescente";"Garoa/Chuvisco";"Simples";"Curva";"Não";2;0;0;0;1;1;0;2;-9,076606;-35,744316;"SPRF-AL";"DEL01-AL";"UOP01-DEL01-AL"
186356;2019-01-20;"domingo";"10:20:00";"PR";277;4,7;"PARANAGUA";"Desobediência às normas de trânsito pelo condutor";"Colisão transversal";"Sem Vítimas";"Pleno dia";"Decrescente";"Nublado";"Simples";"Interseção de Vias";"Sim";3;0;0;0;2;3;0;5;-25,55514131;-48,56506348;"SPRF-PR";"DEL01-PR";"UOP05-DEL01-PR"
186361;2019-01-20;"domingo";"09:00:00";"MT";364;139,6;"PEDRA PRETA";"Defeito Mecânico no Veículo";"Incêndio";"Sem Vítimas";"Pleno dia";"Crescente";"Nublado";"Simples";"Reta";"Não";2;0;0;0;1;1;0;2;-16,800938;-54,109947;"SPRF-MT";"DEL02-MT";"UOP01-DEL02-MT"
186363;2019-01-20;"domingo";"07:30:00";"MA";226;501;"LAJEADO NOVO";"Condutor Dormindo";"Colisão frontal";"Com Vítimas Feridas";"Pleno dia";"Crescente";"Sol";"Simples";"Reta";"Não";5;0;4;0;1;0;4;2;-6,105648;-46,81;"SPRF-MA";"DEL04-MA";"UOP02-DEL04-MA"
186365;2019-01-20;"domingo";"10:30:00";"SC";280;196,5;"MAFRA";"Velocidade Incompatível";"Tombamento";"Sem Vítimas";"Pleno dia";"Crescente";"Céu Claro";"Simples";"Curva";"Não";2;0;0;0;1;3;0;4;-26,174635;-50,03373;"SPRF-SC";"DEL06-SC";"UOP01-DEL06-SC"
186372;2019-01-20;"domingo";"11:45:00";"SC";101;122,1;"ITAJAI";"Não guardar distância de segurança";"Colisão traseira";"Com Vítimas Feridas";"Pleno dia";"Decrescente";"Nublado";"Dupla";"Reta";"Sim";6;0;3;0;2;1;3;4;-26,9366;-48,6987;"SPRF-SC";"DEL04-SC";"UOP04-DEL04-SC"
186384;2019-01-20;"domingo";"13:45:00";"SP";116;32,4;"CRUZEIRO";"Defeito Mecânico no Veículo";"Colisão traseira";"Com Vítimas Feridas";"Pleno dia";"Crescente";"Céu Claro";"Dupla";"Reta";"Não";9;0;3;0;5;1;3;5;-22,642225;-44,947342;"SPRF-SP";"DEL08-SP";"UOP02-DEL08-SP"