"id";"data_inversa";"dia_semana";"horario";"uf";"br";"km";"municipio";"causa_acidente";"tipo_acidente";"classificacao_acidente";"fase_dia";"sentido_via";"condicao_metereologica";"tipo_pista";"tracado_via";"uso_solo";"pessoas";"mortos";"feridos_leves";"feridos_graves";"ilesos";"ignorados";"feridos";"veiculos";"latitude";"longitude";"regional";"delegacia";"uop"
186388;2019-01-20;"domingo";"07:40:00";"MT";163;548;"DIAMANTINO";"Ingestão de Álcool";"Colisão frontal";"Com Vítimas Feridas";"Amanhecer";"Decrescente";"Céu Claro";"Simples";"Reta";"Não";4;0;1;0;2;2;1;5;-14,34894498;-56,14449263;"SPRF-MT";"DEL01-MT";"UOP01-DEL01-MT"
186389;2019-01-20;"domingo";"12:40:00";"PR";277;110,7;"CAMPO LARGO";"Falta de Atenção à Condução";"Saída de leito carroçável";"Sem Vítimas";"Pleno dia";"Decrescente";"Garoa/Chuvisco";"Dupla";"Reta";"Não";2;0;0;0;2;0;0;1;-25,4433645;-49,4622656;"SPRF-PR";"DEL01-PR";"UOP06-DEL01-PR"
186412;2019-01-20;"domingo";"15:00:00";"MG";251;364;"GRAO MOGOL";"Condutor Dormindo";"Saída de leito carroçável";"Com Vítimas Feridas";"Pleno dia";"Crescente";"Sol";"Simples";"Reta";"Não";2;0;1;0;0;1;1;2;-16,2535;-42,6259;"SPRF-MG";"DEL12-MG";"UOP01-DEL12-MG"
186413;2019-01-20;"domingo";"14:00:00";"MG";267;251,5;"CARVALHOS";"Velocidade Incompatível";"Tombamento";"Sem Vítimas";"Pleno dia";"Decrescente";"Céu Claro";"Simples";"Curva";"Não";2;0;0;0;1;2;0;3;-21,93430279;-44,49262798;"SPRF-MG";"DEL05-MG";"UOP01-DEL17-MG"
186437;2019-01-20;"domingo";"18:00:00";"MG";381;633,5;"OLIVEIRA";"Condutor Dormindo";"Colisão lateral";"Com Vítimas Feridas";"Pleno dia";"Crescente";"Céu Claro";"Dupla";"Curva";"Não";3;0;1;0;1;1;1;3;-20,8519;-44,8354;"SPRF-MG";"DEL04-MG";"UOP01-DEL04-MG"
186443;2019-01-20;"domingo";"17:25:00";"PR";376;294,6;"MAUA DA SERRA";"Ultrapassagem Indevida";"Colisão frontal";"Com Vítimas Feridas";"Pleno dia";"Crescente";"Céu Claro";"Simples";"Reta";"Não";5;0;1;1;2;4;2;7;-23,905766;-51,198186;"SPRF-PR";"DEL07-PR";"UOP02-DEL07-PR"
186449;2019-01-20;"domingo";"18:50:00";"ES";101;267,5;"SERRA";"Falta de Atenção à Condução";"Colisão traseira";"Com Vítimas Feridas";"Anoitecer";"Decrescente";"Céu Claro";"Múltipla";"Reta";"Sim";3;0;0;1;2;0;1;3;-20,20659412;-40,26918596;"SPRF-ES";"DEL02-ES";"UOP01-DEL02-ES"
186451;2019-01-20;"domingo";"18:55:00";"SC";470;172,7;"POUSO REDONDO";"Ingestão de Álcool";"Colisão traseira";"Com Vítimas Feridas";"Pleno dia";"Crescente";"Garoa/Chuvisco";"Simples";"Reta";"Sim";6;0;3;0;2;1;3;5;-27,257526;-49,909592;"SPRF-SC";"DEL04-SC";"UOP02-DEL04-SC"
186462;2019-01-20;"domingo";"15:00:00";"MA";316;275;"BELA VISTA DO MARANHAO";"Falta de Atenção à Condução";"Colisão traseira";"Com Vítimas Feridas";"Pleno dia";"Crescente";"Sol";"Simples";"Reta";"Não";2;0;1;0;0;1;1;2;-3,724337;-45,27808;"SPRF-MA";"DEL02-MA";"UI04-DEL02-MA"
186475;2019-01-20;"domingo";"19:30:00";"PE";101;147,6;"RIBEIRAO";"Falta de Atenção à Condução";"Colisão com objeto estático";"Com Vítimas Feridas";"Plena Noite";"Decrescente";"Céu Claro";"Dupla";"Aclive;Curva";"Não";3;0;1;1;0;1;2;2;-8,475417;-35,37169;"SPRF-PE";"DEL01-PE";"UOP03-DEL01-PE"
186489;2019-01-20;"domingo";"22:00:00";"SP";116;357;"MIRACATU";"Velocidade Incompatível";"Tombamento";"Sem Vítimas";"Plena Noite";"Decrescente";"Nublado";"Dupla";"Curva;Aclive";"Não";2;0;0;0;1;1;0;2;-24,10273685;-47,25688653;"SPRF-SP";"DEL04-SP";"UOP03-DEL04-SP"
186492;2019-01-20;"domingo";"18:00:00";"MT";163;837;"SINOP";"Desobediência às normas de trânsito pelo condutor";"Colisão transversal";"Com Vítimas Feridas";"Pleno dia";"Decrescente";"Céu Claro";"Múltipla";"Reta";"Sim";2;0;1;0;1;0;1;2;-11,84317756;-55,49051735;"SPRF-MT";"DEL06-MT";"UOP02-DEL06-MT"
186499;2019-01-20;"domingo";"17:50:00";"MT";163;529,7;"DIAMANTINO";"Falta de Atenção à Condução";"Saída de leito carroçável";"Com Vítimas Feridas";"Anoitecer";"Decrescente";"Chuva";"Simples";"Reta";"Não";2;0;1;0;0;2;1;3;-14,36185413;-56,14597321;"SPRF-MT";"DEL01-MT";"UOP01-DEL01-MT"
186518;2019-01-21;"segunda-feira";"02:30:00";"MG";40;424,6;"PARAOPEBA";"Objeto estático sobre o leito carroçável";"Colisão traseira";"Com Vítimas Feridas";"Plena Noite";"Decrescente";"Céu Claro";"Dupla";"Aclive";"Não";3;0;0;1;1;1;1;3;-19,16142463;-44,52360749;"SPRF-MG";"DEL02-MG";"UOP01-DEL02-MG"
186524;2019-01-21;"segunda-feira";"01:50:00";"MG";50;118,4;"UBERABA";"Ingestão de Álcool";"Colisão lateral";"Sem Vítimas";"Plena Noite";"Decrescente";"Céu Claro";"Dupla";"Retorno Regulamentado";"Não";3;0;0;0;2;1;0;2;-19,2995;-48,1139;"SPRF-MG";"DEL13-MG";"UOP01-DEL13-MG"
186528;2019-01-21;"segunda-feira";"06:10:00";"SP";153;276,3;"OCAUCU";"Ultrapassagem Indevida";"Colisão lateral";"Com Vítimas Fatais";"Plena Noite";"Crescente";"Nublado";"Simples";"Reta";"Não";6;1;1;1;2;2;2;5;-22,37842;-49,866512;"SPRF-SP";"DEL07-SP";"UOP02-DEL07-SP"
186529;2019-01-21;"segunda-feira";"06:01:00";"GO";364;7,1;"SAO SIMAO";"Desobediência às normas de trânsito pelo pedestre";"Colisão frontal";"Com Vítimas Fatais";"Amanhecer";"Crescente";"Céu Claro";"Simples";"Reta";"Não";2;1;0;0;1;0;0;2;-19,009096;-50,548683;"SPRF-GO";"DEL05-GO";"UOP02-DEL05-GO"
186533;2019-01-21;"segunda-feira";"05:40:00";"MG";381;308,8;"ANTONIO DIAS";"Falta de Atenção à Condução";"Colisão traseira";"Com Vítimas Feridas";"Plena Noite";"Crescente";"Céu Claro";"Simples";"Curva";"Não";3;0;0;1;2;0;1;3;-19,64301382;-42,91934274;"SPRF-MG";"DEL03-MG";"UOP02-DEL03-MG"
186534;2019-01-20;"domingo";"18:30:00";"PI";135;161,7;"BERTOLINIA";"Objeto estático sobre o leito carroçável";"Colisão com objeto estático";"Com Vítimas Fatais";"Anoitecer";"Crescente";"Céu Claro";"Simples";"Reta";"Não";4;1;0;0;2;1;0;4;-7,903041;-43,804741;"SPRF-PI";"DEL03-PI";"UOP01-DEL03-PI"
186547;2019-01-21;"segunda-feira";"04:00:00";"MG";381;730,7;"CARMO DA CACHOEIRA";"Condutor Dormindo";"Saída de leito carroçável";"Sem Vítimas";"Plena Noite";"Decrescente";"Ignorado";"Dupla";"Curva";"Não";1;0;0;0;1;0;0;1;-21,5117;-45,2167;"SPRF-MG";"DEL04-MG";"UOP02-DEL04-MG"
186550;2019-01-21;"segunda-feira";"07:40:00";"SC";470;62,8;"INDAIAL";"Ultrapassagem Indevida";"Colisão lateral";"Com Vítimas Feridas";"Pleno dia";"Decrescente";"Nublado";"Simples";"Curva";"Não";3;0;0;1;2;0;1;3;-26,874521;-49,182938;"SPRF-SC";"DEL04-SC";"UOP01-DEL04-SC"
186556;2019-01-21;"segunda-feira";"07:30:00";"PE";101;78,5;"RECIFE";"Falta de Atenção à Condução";"Colisão traseira";"Com Vítimas Feridas";"Pleno dia";"Crescente";"Céu Claro";"Simples";"Reta";"Sim";3;0;1;0;2;0;1;3;-8,14084;-34,946605;"SPRF-PE";"DEL01-PE";"UOP01-DEL01-PE"
186568;2019-01-21;"segunda-feira";"08:45:00";"RN";101;101,1;"PARNAMIRIM";"Defeito Mecânico no Veículo";"Colisão traseira";"Com Vítimas Feridas";"Pleno dia";"Crescente";"Céu Claro";"Múltipla";"Viaduto";"Sim";6;0;3;0;3;0;3;2;-5,88692;-35,232064;"SPRF-RN";"DEL01-RN";"UOP01-DEL01-RN"
186572;2019-01-21;"segunda-feira";"10:00:00";"SP";381;15,8;"BRAGANCA PAULISTA";"Falta de Atenção à Condução";"Colisão traseira";"Com Vítimas Feridas";"Pleno dia";"Crescente";"Céu Claro";"Dupla";"Reta";"Não";7;0;3;0;3;2;3;5;-22,949152;-46,479111;"SPRF-SP";"DEL03-SP";"UOP02-DEL03-SP"
186576;2019-01-21;"segunda-feira";"07:20:00";"BA";415;48;"ITABUNA";"Desobediência às normas de trânsito pelo condutor";"Colisão transversal";"Com Vítimas Feridas";"Pleno dia";"Decrescente";"Céu Claro";"Simples";"Interseção de Vias";"Sim";2;0;0;1;1;0;1;2;-14,814651;-39,296741;"SPRF-BA";"DEL05-BA";"UOP01-DEL05-BA"
186577;2019-01-21;"segunda-feira";"07:50:00";"GO";364;232;"JATAI";"Condutor Dormindo";"Saída de leito carroçável";"Com Vítimas Feridas";"Pleno dia";"Crescente";"Céu Claro";"Simples";"Curva";"Não";2;0;0;1;0;2;1;3;-17,818481;-52,021004;"SPRF-GO";"DEL05-GO";"UOP01-DEL05-GO"
186578;2019-01-21;"segunda-feira";"09:30:00";"MT";163;829;"SINOP";"Falta de Atenção do Pedestre";"Atropelamento de Pedestre";"Com Vítimas Fatais";"Pleno dia";"Crescente";"Céu Claro";"Dupla";"Retorno Regulamentado";"Sim";4;1;0;0;2;6;0;9;-11,914;-55,509;"SPRF-MT";"DEL06-MT";"UOP01-DEL06-MT"
186580;2019-01-21;"segunda-feira";"09:30:00";"MT";163;695;"SORRISO";"Condutor Dormindo";"Colisão traseira";"Com Vítimas Fatais";"Pleno dia";"Decrescente";"Céu Claro";"Simples";"Reta;Em Obras";"Não";5;1;0;1;1;3;1;5;-13,02608247;-55,89683318;"SPRF-MT";"DEL06-MT";"UOP01-DEL06-MT"
186597;2019-01-21;"segunda-feira";"12:30:00";"MG";381;767,4;"CAMPANHA";"Restrição de Visibilidade";"Engavetamento";"Com Vítimas Feridas";"Pleno dia";"Crescente";"Céu Claro";"Dupla";"Curva";"Não";12;0;1;3;7;2;4;8;-21,7528;-45,3956;"SPRF-MG";"DEL16-MG";"UOP02-DEL16-MG"
186598;2019-01-21;"segunda-feira";"11:35:00";"ES";101;386,6;"RIO NOVO DO SUL";"Falta de Atenção à Condução";"Colisão frontal";"Com Vítimas Feridas";"Pleno dia";"Decrescente";"Céu Claro";"Simples";"Reta";"Não";5;0;0;1;2;2;1;5;-20,86487094;-40,90031192;"SPRF-ES";"DEL03-ES";"UOP01-DEL03-ES"
186599;2019-01-21;"segunda-feira";"12:55:00";"PR";369;150,3;"LONDRINA";"Defeito Mecânico no Veículo";"Engavetamento";"Com Vítimas Feridas";"Pleno dia";"Decrescente";"Céu Claro";"Dupla";"Reta;Declive";"Sim";4;0;1;0;2;1;1;4;-23,29292678;-51,16345078;"SPRF-PR";"DEL07-PR";"UOP01-DEL07-PR"
186605;2019-01-21;"segunda-feira";"12:30:00";"CE";116;375,7;"ICO";"Desobediência às normas de trânsito pelo condutor";"Colisão transversal";"Com Vítimas Feridas";"Pleno dia";"Crescente";"Céu Claro";"Simples";"Interseção de Vias";"Sim";3;0;0;1;2;0;1;2;-6,405386;-38,84573;"SPRF-CE";"DEL05-CE";"UOP01-DEL05-CE"
186616;2019-01-21;"segunda-feira";"14:20:00";"MG";381;925;"ITAPEVA";"Falta de Atenção à Condução";"Colisão lateral";"Sem Vítimas";"Pleno dia";"Crescente";"Chuva";"Dupla";"Curva;Aclive";"Não";5;0;0;0;4;2;0;4;-22,7686;-46,207;"SPRF-MG";"DEL16-MG";"UOP03-DEL16-MG"
186626;2019-01-21;"segunda-feira";"14:15:00";"SP";116;550;"BARRA DO TURVO";"Carga excessiva e/ou mal acondicionada";"Derramamento de carga";"Sem Vítimas";"Pleno dia";"Decrescente";"Sol";"Dupla";"Curva";"Não";1;0;0;0;1;0;0;1;-24,96901823;-48,44100789;"SPRF-SP";"DEL05-SP";"UOP02-DEL05-SP"
186631;2019-01-21;"segunda-feira";"16:15:00";"PR";376;679;"GUARATUBA";"Defeito Mecânico no Veículo";"Incêndio";"Sem Vítimas";"Pleno dia";"Crescente";"Céu Claro";"Dupla";"Declive;Reta";"Não";2;0;0;0;1;1;0;2;-25,958735;-48,90102;"SPRF-PR";"DEL01-PR";"DEL7/1-UOP08/PR"
186633;2019-01-21;"segunda-feira";"12:05:00";"BA";116;779,7;"PLANALTO";"Falta de Atenção à Condução";"Colisão lateral";"Com Vítimas Feridas";"Pleno dia";"Decrescente";"Céu Claro";"Simples";"Reta";"Sim";5;0;1;0;3;1;1;3;-14,67508;-40,49696;"SPRF-BA";"DEL08-BA";"UOP02-DEL08-BA"
186637;2019-01-21;"segunda-feira";"15:55:00";"PR";376;474,2;"PONTA GROSSA";"Avarias e/ou desgaste excessivo no pneu";"Saída de leito carroçável";"Com Vítimas Feridas";"Pleno dia";"Crescente";"Chuva";"Dupla";"Curva";"Não";5;0;2;1;1;1;3;3;-25,03564414;-50,29880047;"SPRF-PR";"DEL03-PR";"UOP01-DEL03-PR"
186638;2019-01-21;"segunda-feira";"14:55:00";"MG";381;453;"SABARA";"Condutor Dormindo";"Colisão frontal";"Com Vítimas Feridas";"Pleno dia";"Crescente";"Sol";"Simples";"Curva";"Não";9;0;4;1;3;1;5;5;-19,83438826;-43,84934306;"SPRF-MG";"DEL01-MG";"UOP01-DEL01-MG"
186639;2019-01-21;"segunda-feira";"16:30:00";"RS";116;268;"CANOAS";"Defeito Mecânico no Veículo";"Queda de ocupante de veículo";"Com Vítimas Feridas";"Pleno dia";"Decrescente";"Céu Claro";"Múltipla";"Reta";"Sim";2;0;1;0;1;0;1;2;-29,950392;-51,176533;"SPRF-RS";"DEL01-RS";"UOP01-DEL01-RS"
186641;2019-01-21;"segunda-feira";"16:45:00";"RS";116;230,3;"IVOTI";"Velocidade Incompatível";"Colisão frontal";"Com Vítimas Feridas";"Pleno dia";"Decrescente";"Nublado";"Simples";"Curva";"Não";4;0;0;1;3;0;1;2;-29,622221;-51,130394;"SPRF-RS";"DEL01-RS";"UOP02-DEL01-RS"
186658;2019-01-21;"segunda-feira";"17:00:00";"TO";153;182,5;"NOVA OLINDA";"Avarias e/ou desgaste excessivo no pneu";"Colisão frontal";"Com Vítimas Feridas";"Pleno dia";"Crescente";"Chuva";"Simples";"Curva";"Não";4;0;1;1;1;1;2;3;-7,497767;-48,383625;"SPRF-TO";"DEL02-TO";"UOP01-DEL02-TO"
186659;2019-01-21;"segunda-feira";"10:00:00";"MA";222;275;"ARARI";"Condutor Dormindo";"Tombamento";"Sem Vítimas";"Pleno dia";"Decrescente";"Sol";"Simples";"Reta";"Não";2;0;0;0;1;1;0;2;-3,50425389;-44,7609981;"SPRF-MA";"DEL01-MA";"UOP02-DEL01-MA"
186660;2019-01-21;"segunda-feira";"18:15:00";"SC";101;132,5;"BALNEARIO CAMBORIU";"Falta de Atenção à Condução";"Colisão lateral";"Com Vítimas Feridas";"Pleno dia";"Crescente";"Nublado";"Simples";"Curva";"Sim";2;0;1;0;0;1;1;2;-26,9992;-48,646;"SPRF-SC";"DEL04-SC";"UOP03-DEL04-SC"
186673;2019-01-21;"segunda-feira";"17:50:00";"SP";153;114;"JOSE BONIFACIO";"Falta de Atenção à Condução";"Colisão lateral";"Sem Vítimas";"Pleno dia";"Crescente";"Céu Claro";"Simples";"Aclive";"Não";2;0;0;0;2;0;0;2;-21,121183;-49,690845;"SPRF-SP";"DEL09-SP";"UOP01-DEL09-SP"
186674;2019-01-21;"segunda-feira";"19:00:00";"SP";116;283;"EMBU DAS ARTES";"Falta de Atenção à Condução";"Colisão lateral";"Com Vítimas Feridas";"Anoitecer";"Crescente";"Céu Claro";"Dupla";"Reta";"Sim";3;0;1;0;1;1;1;3;-23,6893004;-46,8620411;"SPRF-SP";"DEL04-SP";"UOP01-DEL04-SP"
186675;2019-01-21;"segunda-feira";"18:20:00";"RN";101;105,3;"PARNAMIRIM";"Falta de Atenção à Condução";"Colisão lateral";"Com Vítimas Feridas";"Plena Noite";"Crescente";"Ignorado";"Múltipla";"Em Obras";"Sim";5;0;2;0;2;1;2;3;-5,901648;-35,259281;"SPRF-RN";"DEL01-RN";"UOP01-DEL01-RN"
186684;2019-01-21;"segunda-feira";"19:00:00";"RS";116;239,8;"NOVO HAMBURGO";"Defeito Mecânico no Veículo";"Saída de leito carroçável";"Sem Vítimas";"Anoitecer";"Crescente";"Nublado";"Dupla";"Aclive";"Sim";2;0;0;0;1;1;0;2;-29,696178;-51,144566;"SPRF-RS";"DEL01-RS";"UOP02-DEL01-RS"
186685;2019-01-21;"segunda-feira";"20:35:00";"SP";116;23,2;"LAVRINHAS";"Defeito Mecânico no Veículo";"Incêndio";"Sem Vítimas";"Plena Noite";"Crescente";"Nublado";"Dupla";"Curva";"Não";2;0;0;0;1;1;0;2;-22,589794;-44,885368;"SPRF-SP";"DEL08-SP";"UOP02-DEL08-SP"
186691;2019-01-21;"segunda-feira";"20:00:00";"BA";101;382;"GANDU";"Falta de Atenção à Condução";"Tombamento";"Com Vítimas Feridas";"Plena Noite";"Crescente";"Céu Claro";"Simples";"Curva";"Não";2;0;1;0;0;1;1;2;-13,8797;-39,4884;"SPRF-BA";"DEL05-BA";"UOP03-DEL05-BA"
186694;2019-01-21;"segunda-feira";"21:00:00";"RS";392;59;"PELOTAS";"Restrição de Visibilidade";"Saída de leito carroçável";"Sem Vítimas";"Plena Noite";"Decrescente";"Céu Claro";"Simples";"Reta";"Não";2;0;0;0;1;2;0;3;-31,77400201;-52,3601532;"SPRF-RS";"DEL07-RS";"UOP02-DEL07-RS"
186696;2019-01-21;"segunda-feira";"18:30:00";"GO";364;277;"MINEIROS";"Defeito Mecânico no Veículo";"Tombamento";"Sem Vítimas";"Anoitecer";"Decrescente";"Céu Claro";"Simples";"Reta";"Não";2;0;0;0;1;1;0;2;-17,645481;-52,366634;"SPRF-GO";"DEL05-GO";"UOP01-DEL05-GO"
186697;2019-01-21;"segunda-feira";"20:00:00";"PE";101;185,2;"PALMARES";"Defeito Mecânico no Veículo";"Incêndio";"Sem Vítimas";"Plena Noite";"Crescente";"Céu Claro";"Dupla";"Reta";"Sim";2;0;0;0;1;1;0;2;-8,6834;-35,5796;"SPRF-PE";"DEL01-PE";"UOP03-DEL01-PE"
186699;2019-01-21;"segunda-feira";"22:45:00";"GO";50;265,1;"CATALAO";"Sinalização da via insuficiente ou inadequada";"Saída de leito carroçável";"Sem Vítimas";"Plena Noite";"Decrescente";"Céu Claro";"Simples";"Em Obras";"Não";1;0;0;0;1;0;0;1;-18,0702;-47,8644;"SPRF-GO";"DEL06-GO";"UOP01-DEL06-GO"
186700;2019-01-21;"segunda-feira";"20:00:00";"CE";222;81,5;"SAO LUIS DO CURU";"Falta de Atenção à Condução";"Tombamento";"Sem Vítimas";"Plena Noite";"Decrescente";"Céu Claro";"Simples";"Curva";"Não";2;0;0;0;1;2;0;3;-3,67573;-39,268383;"SPRF-CE";"DEL04-CE";"UOP03-DEL04-CE"
186701;2019-01-21;"segunda-feira";"23:00:00";"RS";290;213,8;"PANTANO GRANDE";"Falta de Atenção à Condução";"Tombamento";"Com Vítimas Feridas";"Plena Noite";"Crescente";"Céu Claro";"Simples";"Interseção de Vias";"Não";3;0;1;0;2;0;1;1;-30,182795;-52,346878;"SPRF-RS";"DEL02-RS";"UOP02-DEL02-RS"
186703;2019-01-21;"segunda-feira";"16:20:00";"PR";277;347;"GUARAPUAVA";"Ingestão de Álcool";"Colisão traseira";"Sem Vítimas";"Pleno dia";"Crescente";"Chuva";"Simples";"Reta";"Sim";3;0;0;0;2;1;0;3;-25,37559282;-51,50364876;"SPRF-PR";"DEL03-PR";"UOP01-DEL08-PR"
186705;2019-01-21;"segunda-feira";"23:40:00";"MG";381;842,8;"SAO SEBASTIAO DA BELA VISTA";"Condutor Dormindo";"Colisão traseira";"Com Vítimas Feridas";"Plena Noite";"Crescente";"Céu Claro";"Dupla";"Reta";"Não";2;0;0;1;1;0;1;2;-22,1892;-45,8455;"SPRF-MG";"DEL16-MG";"UOP01-DEL16-MG"
186706;2019-01-22;"terça-feira";"00:05:00";"MG";381;818;"CAREACU";"Falta de Atenção à Condução";"Colisão lateral";"Com Vítimas Feridas";"Plena Noite";"Decrescente";"Céu Claro";"Dupla";"Reta";"Não";2;0;1;0;1;0;1;2;-22,0594;-45,6992;"SPRF-MG";"DEL16-MG";"UOP02-DEL16-MG"
186707;2019-01-21;"segunda-feira";"20:25:00";"RO";364;521;"ARIQUEMES";"Falta de Atenção à Condução";"Colisão traseira";"Com Vítimas Feridas";"Plena Noite";"Decrescente";"Céu Claro";"Simples";"Reta";"Não";6;0;2;0;4;0;2;2;-9,870522;-63,057796;"SPRF-RO";"DEL03-RO";"UOP01-DEL03-RO"
186710;2019-01-22;"terça-feira";"01:05:00";"PR";376;290;"MAUA DA SERRA";"Condutor Dormindo";"Colisão frontal";"Com Vítimas Feridas";"Plena Noite";"Crescente";"Céu Claro";"Simples";"Curva";"Não";8;0;3;5;0;0;8;2;-23,886;-51,236;"SPRF-PR";"DEL07-PR";"UOP02-DEL07-PR"
186711;2019-01-21;"segunda-feira";"23:50:00";"PE";232;76,5;"GRAVATA";"Falta de Atenção do Pedestre";"Atropelamento de Pedestre";"Com Vítimas Fatais";"Plena Noite";"Crescente";"Céu Claro";"Dupla";"Reta";"Sim";2;1;0;0;0;1;0;2;-8,193439;-35,543007;"SPRF-PE";"DEL01-PE";"UOP02-DEL02PE"
186713;2019-01-22;"terça-feira";"00:10:00";"RJ";354;14,5;"RESENDE";"Agressão Externa";"Saída de leito carroçável";"Sem Vítimas";"Plena Noite";"Crescente";"Nevoeiro/Neblina";"Simples";"Ponte";"Não";2;0;0;0;2;0;0;2;-22,443802;-44,732731;"SPRF-RJ";"DEL07-RJ";"DEL5/7-UOP03/RJ"
186717;2019-01-21;"segunda-feira";"22:40:00";"MG";116;488;"INHAPIM";"Velocidade Incompatível";"Tombamento";"Com Vítimas Feridas";"Plena Noite";"Crescente";"Céu Claro";"Simples";"Curva";"Não";3;0;0;1;1;2;1;4;-19,453315;-42,129792;"SPRF-MG";"DEL06-MG";"UOP02-DEL06-MG"
186720;2019-01-22;"terça-feira";"04:20:00";"MG";262;385;"MATEUS LEME";"Mal Súbito";"Capotamento";"Com Vítimas Fatais";"Plena Noite";"Crescente";"Céu Claro";"Dupla";"Curva";"Não";1;1;0;0;0;0;0;1;-19,9201;-44,4779;"SPRF-MG";"DEL01-MG";"UOP03-DEL01-MG"
186721;2019-01-21;"segunda-feira";"23:03:00";"PR";116;159;"QUITANDINHA";"Velocidade Incompatível";"Tombamento";"Com Vítimas Feridas";"Plena Noite";"Decrescente";"Céu Claro";"Simples";"Curva";"Não";2;0;0;1;0;1;1;2;-25,867712;-49,3647;"SPRF-PR";"DEL01-PR";"UOP03-DEL01-PR"
186722;2019-01-22;"terça-feira";"05:30:00";"SP";116;301;"SAO LOURENCO DA SERRA";"Falta de Atenção à Condução";"Colisão traseira";"Com Vítimas Feridas";"Amanhecer";"Decrescente";"Nevoeiro/Neblina";"Dupla";"Reta";"Não";21;0;20;0;1;0;20;2;-23,82064763;-46,92502543;"SPRF-SP";"DEL04-SP";"UOP01-DEL04-SP"
186723;2019-01-22;"terça-feira";"03:30:00";"MG";40;298,5;"TRES MARIAS";"Avarias e/ou desgaste excessivo no pneu";"Saída de leito carroçável";"Sem Vítimas";"Plena Noite";"Decrescente";"Céu Claro";"Simples";"Reta";"Não";2;0;0;0;1;1;0;2;-18,335888;-45,104877;"SPRF-MG";"DEL14-MG";"UOP02-DEL14-MG"
186727;2019-01-22;"terça-feira";"06:15:00";"SP";381;28,5;"ATIBAIA";"Desobediência às normas de trânsito pelo condutor";"Colisão lateral";"Com Vítimas Feridas";"Amanhecer";"Decrescente";"Céu Claro";"Dupla";"Curva";"Não";4;0;1;0;3;0;1;2;-23,036167;-46,551922;"SPRF-SP";"DEL03-SP";"UOP02-DEL03-SP"
186730;2019-01-22;"terça-feira";"06:30:00";"PR";116;87,4;"PIRAQUARA";"Falta de Atenção à Condução";"Colisão traseira";"Com Vítimas Feridas";"Pleno dia";"Crescente";"Céu Claro";"Dupla";"Reta";"Não";3;0;2;0;0;1;2;3;-25,441029;-49,092434;"SPRF-PR";"DEL01-PR";"UOP01-DEL01-PR"
186746;2019-01-22;"terça-feira";"07:35:00";"PA";155;343;"MARABA";"Não guardar distância de segurança";"";"Com Vítimas Feridas";"Pleno dia";"Crescente";"Nublado";"Simples";"Reta";"Sim";2;0;1;0;1;0;1;2;-5,369574;-49,077969;"SPRF-PA";"DEL03-PA";"UOP01-DEL03-PA"
186753;2019-01-22;"terça-feira";"08:40:00";"GO";50;105,3;"CRISTALINA";"Desobediência às normas de trânsito pelo condutor";"Colisão traseira";"Com Vítimas Feridas";"Pleno dia";"Decrescente";"Céu Claro";"Dupla";"Reta";"Não";6;0;3;2;1;0;5;2;-16,81594119;-47,66914129;"SPRF-DF";"DEL01-DF";"UOP02-DEL01-DF"
186755;2019-01-22;"terça-feira";"07:30:00";"MS";163;385;"CAMPO GRANDE";"Desobediência às normas de trânsito pelo condutor";"Colisão transversal";"Com Vítimas Feridas";"Pleno dia";"Decrescente";"Sol";"Simples";"Reta";"Sim";3;0;1;0;1;1;1;3;-20,438045;-54,543078;"SPRF-MS";"DEL02-MS";"UOP01-DEL02-MS"
186769;2019-01-22;"terça-feira";"09:20:00";"PE";101;181,9;"PALMARES";"Falta de Atenção à Condução";"Colisão traseira";"Sem Vítimas";"Pleno dia";"Crescente";"Chuva";"Dupla";"Curva";"Não";3;0;0;0;2;1;0;3;-8,65678;-35,56526;"SPRF-PE";"DEL01-PE";"UOP03-DEL01-PE"
186774;2019-01-22;"terça-feira";"09:40:00";"PR";158;529;"PATO BRANCO";"Defeito Mecânico no Veículo";"Tombamento";"Com Vítimas Feridas";"Pleno dia";"Crescente";"Céu Claro";"Simples";"Curva";"Não";1;0;1;0;0;0;1;1;-26,20228;-52,678215;"SPRF-PR";"DEL02-PR";"UOP01-DEL02-PR"
186776;2019-01-22;"terça-feira";"10:20:00";"MG";40;739,5;"SANTOS DUMONT";"Velocidade Incompatível";"Tombamento";"Sem Vítimas";"Pleno dia";"Decrescente";"Céu Claro";"Simples";"Curva";"Não";3;0;0;0;2;1;0;3;-21,4229;-43,5578;"SPRF-MG";"DEL05-MG";"UOP01-DEL05-MG"
186779;2019-01-22;"terça-feira";"10:00:00";"RN";101;107;"PARNAMIRIM";"Falta de Atenção à Condução";"Colisão lateral";"Sem Vítimas";"Pleno dia";"Crescente";"Céu Claro";"Dupla";"Interseção de Vias";"Sim";2;0;0;0;2;0;0;2;-5,919193;-35,264118;"SPRF-RN";"DEL01-RN";"UOP01-DEL01-RN"
186781;2019-01-22;"terça-feira";"11:35:00";"MG";365;673,3;"MONTE ALEGRE DE MINAS";"Desobediência às normas de trânsito pelo pedestre";"Atropelamento de Pedestre";"Com Vítimas Feridas";"Pleno dia";"Crescente";"Céu Claro";"Dupla";"Reta";"Não";3;0;1;0;1;3;1;5;-18,8876;-48,7161;"SPRF-MG";"DEL15-MG";"UOP01-DEL15-MG"
186783;2019-01-22;"terça-feira";"08:50:00";"RJ";101;520;"ANGRA DOS REIS";"Velocidade Incompatível";"Saída de leito carroçável";"Com Vítimas Feridas";"Pleno dia";"Crescente";"Céu Claro";"Simples";"Declive";"Não";2;0;2;0;0;0;2;1;-23,00521531;-44,45301577;"SPRF-RJ";"DEL03-RJ";"UOP02-DEL03-RJ"