"id";"data_inversa";"dia_semana";"horario";"uf";"br";"km";"municipio";"causa_acidente";"tipo_acidente";"classificacao_acidente";"fase_dia";"sentido_via";"condicao_metereologica";"tipo_pista";"tracado_via";"uso_solo";"pessoas";"mortos";"feridos_leves";"feridos_graves";"ilesos";"ignorados";"feridos";"veiculos";"latitude";"longitude";"regional";"delegacia";"uop"
187095;2019-01-24;"quinta-feira";"06:20:00";"ES";101;266;"SERRA";"Desobediência às normas de trânsito pelo condutor";"Colisão transversal";"Com Vítimas Feridas";"Amanhecer";"Crescente";"Céu Claro";"Múltipla";"Interseção de Vias";"Sim";4;0;1;1;1;1;2;3;-20,19360519;-40,26857441;"SPRF-ES";"DEL02-ES";"UOP01-DEL02-ES"
187101;2019-01-24;"quinta-feira";"06:08:00";"RJ";101;324;"NITEROI";"Defeito Mecânico no Veículo";"Tombamento";"Com Vítimas Feridas";"Amanhecer";"Decrescente";"Céu Claro";"Dupla";"Reta";"Não";2;0;1;0;1;0;1;1;-22,873808;-43,126438;"SPRF-RJ";"DEL02-RJ";"UOP02-DEL02-RJ"
187105;2019-01-24;"quinta-feira";"07:30:00";"PA";316;34;"SANTA IZABEL DO PARA";"Desobediência às normas de trânsito pelo condutor";"Colisão transversal";"Sem Vítimas";"Amanhecer";"Crescente";"Céu Claro";"Dupla";"Reta";"Sim";2;0;0;0;2;0;0;2;-1,289763;-48,156025;"SPRF-PA";"DEL01-PA";"DEL19/1-UOP05/PA"
187111;2019-01-24;"quinta-feira";"09:00:00";"PR";376;587,8;"CURITIBA";"Defeito Mecânico no Veículo";"Tombamento";"Sem Vítimas";"Pleno dia";"Decrescente";"Céu Claro";"Dupla";"Declive;Curva";"Sim";2;0;0;0;1;1;0;2;-25,43009786;-49,36504841;"SPRF-PR";"DEL01-PR";"UOP06-DEL01-PR"
187113;2019-01-24;"quinta-feira";"04:00:00";"PA";230;724;"MEDICILANDIA";"Carga excessiva e/ou mal acondicionada";"Danos eventuais";"Sem Vítimas";"Amanhecer";"Decrescente";"Nublado";"Simples";"Ponte";"Não";1;0;0;0;1;0;0;1;-3,46407419;-52,92938232;"SPRF-PA";"DEL04-PA";"UOP01-DEL04-PA"
187122;2019-01-24;"quinta-feira";"11:00:00";"SC";101;186,2;"BIGUACU";"Falta de Atenção à Condução";"Colisão traseira";"Com Vítimas Feridas";"Pleno dia";"Decrescente";"Chuva";"Dupla";"Reta";"Não";3;0;1;0;2;0;1;2;-27,4432;-48,6284;"SPRF-SC";"DEL01-SC";"UOP01-DEL01-SC"
187123;2019-01-24;"quinta-feira";"10:00:00";"ES";101;293,3;"CARIACICA";"Falta de Atenção à Condução";"Colisão transversal";"Com Vítimas Feridas";"Pleno dia";"Crescente";"Céu Claro";"Dupla";"Reta";"Sim";4;0;0;1;2;2;1;5;-20,31809306;-40,39646214;"SPRF-ES";"DEL01-ES";"UOP01-DEL01-ES"
187126;2019-01-24;"quinta-feira";"09:10:00";"MG";262;56,5;"MANHUACU";"Falta de Atenção à Condução";"Saída de leito carroçável";"Com Vítimas Feridas";"Pleno dia";"Crescente";"Céu Claro";"Simples";"Reta";"Não";1;0;1;0;0;0;1;1;-20,26896;-42,1824125;"SPRF-MG";"DEL06-MG";"UOP03-DEL06-MG"
187132;2019-01-24;"quinta-feira";"10:10:00";"MT";364;385,7;"SANTO ANTONIO DO LEVERGER";"Não guardar distância de segurança";"Colisão traseira";"Sem Vítimas";"Pleno dia";"Crescente";"Céu Claro";"Simples";"Reta";"Não";2;0;0;0;2;0;0;2;-15,702424;-55,809483;"SPRF-MT";"DEL02-MT";"UOP02-DEL01-MT"
187134;2019-01-24;"quinta-feira";"09:30:00";"MT";364;266,6;"JACIARA";"Velocidade Incompatível";"Colisão lateral";"Com Vítimas Fatais";"Pleno dia";"Crescente";"Céu Claro";"Simples";"Aclive";"Sim";3;1;0;0;1;2;0;4;-15,995973;-54,922596;"SPRF-MT";"DEL02-MT";"UOP02-DEL05-MT"
187135;2019-01-24;"quinta-feira";"08:30:00";"BA";242;351,1;"LENCOIS";"Carga excessiva e/ou mal acondicionada";"Tombamento";"Com Vítimas Feridas";"Pleno dia";"Crescente";"Céu Claro";"Simples";"Curva";"Não";2;0;0;1;0;2;1;3;-12,492483;-41,328094;"SPRF-BA";"DEL06-BA";"UOP01-DEL06-BA"
187138;2019-01-24;"quinta-feira";"12:10:00";"ES";101;269;"SERRA";"Falta de Atenção à Condução";"Colisão transversal";"Sem Vítimas";"Pleno dia";"Crescente";"Céu Claro";"Dupla";"Reta";"Sim";2;0;0;0;2;0;0;2;-20,23014258;-40,27290886;"SPRF-ES";"DEL02-ES";"UOP01-DEL02-ES"
187143;2019-01-24;"quinta-feira";"13:45:00";"PR";277;590;"CASCAVEL";"Mal Súbito";"Colisão frontal";"Com Vítimas Feridas";"Pleno dia";"Crescente";"Céu Claro";"Simples";"Reta";"Sim";4;0;1;1;1;1;2;3;-25,02817;-53,55983;"SPRF-PR";"DEL04-PR";"UOP01-DEL04-PR"
187144;2019-01-24;"quinta-feira";"13:45:00";"SC";101;206,7;"SAO JOSE";"Ultrapassagem Indevida";"Colisão lateral";"Com Vítimas Feridas";"Pleno dia";"Crescente";"Chuva";"Dupla";"Reta";"Sim";2;0;0;1;1;0;1;2;-27,59699539;-48,62019008;"SPRF-SC";"DEL01-SC";"UOP01-DEL01-SC"
187156;2019-01-24;"quinta-feira";"12:15:00";"AL";101;113;"PILAR";"Velocidade Incompatível";"Saída de leito carroçável";"Com Vítimas Feridas";"Pleno dia";"Crescente";"Céu Claro";"Simples";"Curva";"Não";2;0;0;1;0;1;1;2;-9,628554;-36,030724;"SPRF-AL";"DEL02-AL";"UOP01-DEL02-AL"
187166;2019-01-24;"quinta-feira";"14:07:00";"RS";392;8,9;"RIO GRANDE";"Falta de Atenção à Condução";"Colisão transversal";"Sem Vítimas";"Pleno dia";"Crescente";"Céu Claro";"Simples";"Curva";"Não";3;0;0;0;2;3;0;5;-32,11096845;-52,11218834;"SPRF-RS";"DEL07-RS";"UOP02-DEL07-RS"
187170;2019-01-24;"quinta-feira";"15:00:00";"GO";153;507,9;"APARECIDA DE GOIANIA";"Não guardar distância de segurança";"Colisão traseira";"Com Vítimas Feridas";"Pleno dia";"Crescente";"Sol";"Múltipla";"Reta";"Sim";2;0;0;1;1;0;1;2;-16,76920666;-49,23930645;"SPRF-GO";"DEL01-GO";"UOP03-DEL01-GO"
187175;2019-01-24;"quinta-feira";"15:00:00";"BA";116;672;"JEQUIE";"Falta de Atenção à Condução";"Colisão traseira";"Com Vítimas Feridas";"Pleno dia";"Crescente";"Sol";"Simples";"Reta";"Não";2;0;0;1;1;0;1;2;-13,85188361;-40,11415612;"SPRF-BA";"DEL03-BA";"UOP01-DEL03-BA"
187176;2019-01-24;"quinta-feira";"10:00:00";"PB";230;386;"SAO BENTINHO";"Condutor Dormindo";"Colisão lateral";"Com Vítimas Feridas";"Pleno dia";"Crescente";"Céu Claro";"Simples";"Curva";"Não";3;0;1;0;2;0;1;2;-6,9052;-37,6851;"SPRF-PB";"DEL03-PB";"UOP02-DEL03-PB"
187180;2019-01-24;"quinta-feira";"10:50:00";"RO";364;690;"CANDEIAS DO JAMARI";"Defeito Mecânico no Veículo";"Saída de leito carroçável";"Sem Vítimas";"Pleno dia";"Crescente";"Nublado";"Simples";"Reta";"Não";2;0;0;0;1;2;0;3;-8,79579601;-63,68185839;"SPRF-RO";"DEL01-RO";"UOP01-DEL01-RO"
187183;2019-01-24;"quinta-feira";"11:30:00";"RO";364;68,5;"VILHENA";"Velocidade Incompatível";"Saída de leito carroçável";"Sem Vítimas";"Pleno dia";"Crescente";"Chuva";"Simples";"Declive";"Não";3;0;0;0;2;1;0;2;-12,484755;-60,494205;"SPRF-RO";"DEL04-RO";"DEL21/4-UOP03/RO"
187184;2019-01-24;"quinta-feira";"16:30:00";"SC";101;175;"BIGUACU";"Avarias e/ou desgaste excessivo no pneu";"Saída de leito carroçável";"Com Vítimas Feridas";"Pleno dia";"Decrescente";"Garoa/Chuvisco";"Dupla";"Curva";"Não";1;0;1;0;0;0;1;1;-27,347;-48,6328;"SPRF-SC";"DEL01-SC";"UOP01-DEL01-SC"
187186;2019-01-24;"quinta-feira";"14:11:00";"MG";381;936,2;"EXTREMA";"Falta de Atenção à Condução";"Colisão com objeto estático";"Sem Vítimas";"Pleno dia";"Crescente";"Chuva";"Dupla";"Declive;Curva";"Não";2;0;0;0;1;1;0;2;-22,80842642;-46,27881289;"SPRF-MG";"DEL16-MG";"UOP03-DEL16-MG"
187188;2019-01-24;"quinta-feira";"16:20:00";"MG";459;105,5;"POUSO ALEGRE";"Falta de Atenção à Condução";"Engavetamento";"Com Vítimas Feridas";"Pleno dia";"Crescente";"Nublado";"Dupla";"Viaduto";"Sim";8;0;3;0;5;0;3;6;-22,227884;-45,903973;"SPRF-MG";"DEL16-MG";"UOP01-DEL16-MG"
187190;2019-01-24;"quinta-feira";"17:00:00";"RS";392;121,6;"CANGUCU";"Falta de Atenção à Condução";"Saída de leito carroçável";"Com Vítimas Feridas";"Pleno dia";"Decrescente";"Céu Claro";"Simples";"Curva";"Não";2;0;1;0;0;1;1;2;-31,391342;-52,699188;"SPRF-RS";"DEL07-RS";"UOP01-DEL07-RS"
187191;2019-01-24;"quinta-feira";"09:10:00";"MT";174;554;"COMODORO";"Falta de Atenção à Condução";"Capotamento";"Sem Vítimas";"Pleno dia";"Decrescente";"Sol";"Simples";"Declive";"Não";4;0;0;0;3;2;0;5;-13,100101;-59,88871;"SPRF-RO";"DEL04-RO";"UOP01-DEL04-RO"
187192;2019-01-24;"quinta-feira";"08:20:00";"MG";262;418,9;"PARA DE MINAS";"Falta de Atenção do Pedestre";"Atropelamento de Pedestre";"Com Vítimas Feridas";"Pleno dia";"Decrescente";"Céu Claro";"Dupla";"Reta";"Não";2;0;0;1;1;0;1;2;-19,8827;-44,7629;"SPRF-MG";"DEL08-MG";"UOP03-DEL08-MG"
187194;2019-01-24;"quinta-feira";"17:40:00";"RJ";356;65;"ITAPERUNA";"Desobediência às normas de trânsito pelo condutor";"Colisão frontal";"Com Vítimas Fatais";"Pleno dia";"Decrescente";"Céu Claro";"Simples";"Curva";"Não";3;1;0;0;2;0;0;3;-21,349068;-41,713776;"SPRF-RJ";"DEL08-RJ";"UOP03-DEL08-RJ"
187196;2019-01-24;"quinta-feira";"17:00:00";"CE";222;244,2;"SOBRAL";"Desobediência às normas de trânsito pelo condutor";"Colisão traseira";"Sem Vítimas";"Pleno dia";"Crescente";"Chuva";"Simples";"Reta;Aclive";"Não";3;0;0;0;3;0;0;3;-3,749192;-40,5079;"SPRF-CE";"DEL04-CE";"UOP01-DEL04-CE"
187198;2019-01-24;"quinta-feira";"16:20:00";"SP";116;27;"LAVRINHAS";"Falta de Atenção à Condução";"Colisão traseira";"Sem Vítimas";"Pleno dia";"Decrescente";"Nublado";"Múltipla";"Aclive;Reta";"Não";3;0;0;0;2;1;0;3;-22,620018;-44,908443;"SPRF-SP";"DEL08-SP";"UOP02-DEL08-SP"
187199;2019-01-24;"quinta-feira";"14:00:00";"PR";476;242,6;"LAPA";"Pista Escorregadia";"Colisão frontal";"Com Vítimas Feridas";"Pleno dia";"Crescente";"Chuva";"Simples";"Curva";"Não";3;0;0;1;1;3;1;5;-25,858768;-50,08609;"SPRF-PR";"DEL02-PR";"UOP04-DEL02-PR"
187200;2019-01-24;"quinta-feira";"18:15:00";"SP";381;25,6;"BRAGANCA PAULISTA";"Velocidade Incompatível";"Tombamento";"Com Vítimas Feridas";"Pleno dia";"Crescente";"Nublado";"Dupla";"Reta";"Não";3;0;0;1;1;1;1;2;-23,02022;-46,529705;"SPRF-SP";"DEL03-SP";"UOP02-DEL03-SP"
187201;2019-01-24;"quinta-feira";"17:46:00";"SP";116;197;"ARUJA";"Velocidade Incompatível";"Colisão com objeto estático";"Sem Vítimas";"Pleno dia";"Decrescente";"Céu Claro";"Dupla";"Declive;Reta";"Sim";1;0;0;0;1;0;0;1;-23,39439304;-46,28802574;"SPRF-SP";"DEL01-SP";"UOP02-DEL01-SP"
187214;2019-01-24;"quinta-feira";"18:40:00";"PE";232;30;"MORENO";"Falta de Atenção à Condução";"Colisão traseira";"Com Vítimas Fatais";"Plena Noite";"Crescente";"Céu Claro";"Múltipla";"Reta";"Não";3;1;0;0;1;1;0;3;-8,110632;-35,151997;"SPRF-PE";"DEL01-PE";"UOP02-DEL02PE"
187229;2019-01-24;"quinta-feira";"20:00:00";"MG";381;559;"ITAGUARA";"Falta de Atenção à Condução";"Colisão lateral";"Com Vítimas Feridas";"Pleno dia";"Crescente";"Céu Claro";"Dupla";"Curva";"Não";3;0;1;0;1;1;1;3;-20,3637;-44,4681;"SPRF-MG";"DEL04-MG";"UOP03-DEL04-MG"
187232;2019-01-24;"quinta-feira";"17:15:00";"SC";163;2,5;"DIONISIO CERQUEIRA";"Falta de Atenção à Condução";"Colisão lateral";"Com Vítimas Fatais";"Pleno dia";"Crescente";"Nublado";"Simples";"Reta";"Sim";3;1;0;0;1;1;0;3;-26,26738361;-53,6373353;"SPRF-SC";"DEL07-SC";"UOP04-DEL07-SC"
187234;2019-01-24;"quinta-feira";"21:10:00";"RS";472;120,5;"BOA VISTA DO BURICA";"Ultrapassagem Indevida";"Colisão lateral";"Com Vítimas Feridas";"Plena Noite";"Decrescente";"Céu Claro";"Simples";"Curva";"Não";3;0;1;1;1;0;2;2;-27,68813581;-54,158746;"SPRF-RS";"DEL10-RS";"UOP01-DEL10-RS"
187235;2019-01-24;"quinta-feira";"20:55:00";"MG";381;890,3;"CAMBUI";"Falta de Atenção à Condução";"Colisão lateral";"Com Vítimas Feridas";"Plena Noite";"Decrescente";"Céu Claro";"Dupla";"Reta";"Não";4;0;2;0;1;1;2;3;-22,54097501;-46,03746772;"SPRF-MG";"DEL16-MG";"UOP03-DEL16-MG"
187238;2019-01-24;"quinta-feira";"19:30:00";"BA";324;551;"AMELIA RODRIGUES";"Falta de Atenção à Condução";"Colisão com objeto estático";"Sem Vítimas";"Plena Noite";"Decrescente";"Céu Claro";"Múltipla";"Reta";"Não";2;0;0;0;1;3;0;4;-12,45161421;-38,70823145;"SPRF-BA";"DEL01-BA";"UOP01-DEL01-BA"
187243;2019-01-24;"quinta-feira";"21:11:00";"BA";324;603;"SIMOES FILHO";"Falta de Atenção à Condução";"Tombamento";"Com Vítimas Feridas";"Plena Noite";"Crescente";"Céu Claro";"Dupla";"Curva";"Sim";1;0;1;0;0;0;1;1;-12,78293085;-38,41375362;"SPRF-BA";"DEL01-BA";"UOP01-DEL01-BA"
187249;2019-01-24;"quinta-feira";"21:40:00";"PR";163;281,1;"QUATRO PONTES";"Falta de Atenção à Condução";"Colisão lateral";"Com Vítimas Feridas";"Plena Noite";"Crescente";"Céu Claro";"Simples";"Reta";"Não";4;0;2;0;1;2;2;4;-24,5706;-53,9995;"SPRF-PR";"DEL06-PR";"UOP02-DEL06-PR"
187254;2019-01-24;"quinta-feira";"21:30:00";"MA";226;117;"SAO JOAO DO SOTER";"Desobediência às normas de trânsito pelo condutor";"Colisão traseira";"Com Vítimas Fatais";"Plena Noite";"Crescente";"Nevoeiro/Neblina";"Simples";"Reta";"Não";5;1;1;0;2;2;1;4;-5,272594;-43,787132;"SPRF-MA";"DEL03-MA";"UOP02-DEL03-MA"
187256;2019-01-24;"quinta-feira";"23:00:00";"AL";101;108;"PILAR";"Falta de Atenção à Condução";"Tombamento";"Com Vítimas Fatais";"Plena Noite";"Decrescente";"Nublado";"Simples";"Curva;Declive";"Não";3;1;0;0;0;2;0;3;-9,586626;-35,9893;"SPRF-AL";"DEL02-AL";"UOP01-DEL02-AL"
187260;2019-01-25;"sexta-feira";"00:30:00";"SP";381;31;"ATIBAIA";"Falta de Atenção à Condução";"Colisão com objeto estático";"Com Vítimas Feridas";"Plena Noite";"Decrescente";"Céu Claro";"Dupla";"Reta";"Não";3;0;0;1;1;2;1;4;-23,056067;-46,570698;"SPRF-SP";"DEL03-SP";"UOP02-DEL03-SP"
187264;2019-01-25;"sexta-feira";"00:10:00";"MT";163;970;"TERRA NOVA DO NORTE";"Defeito Mecânico no Veículo";"Derramamento de carga";"Sem Vítimas";"Plena Noite";"Crescente";"Céu Claro";"Múltipla";"Aclive";"Não";2;0;0;0;1;2;0;3;-10,68992187;-55,12743518;"SPRF-MT";"DEL06-MT";"UOP02-DEL06-MT"
187266;2019-01-25;"sexta-feira";"02:45:00";"MG";116;781,6;"LEOPOLDINA";"Defeito Mecânico no Veículo";"Incêndio";"Sem Vítimas";"Plena Noite";"Crescente";"Ignorado";"Simples";"Curva";"Não";2;0;0;0;1;1;0;2;-21,5475363;-42,6641643;"SPRF-MG";"DEL07-MG";"UOP01-DEL07-MG"
187268;2019-01-25;"sexta-feira";"05:05:00";"PR";277;42,1;"MORRETES";"Falta de Atenção à Condução";"Colisão traseira";"Com Vítimas Fatais";"Plena Noite";"Decrescente";"Céu Claro";"Dupla";"Curva";"Não";3;1;0;0;2;0;0;2;-25,58848694;-48,87354434;"SPRF-PR";"DEL01-PR";"UOP07-DEL01-PR"
187269;2019-01-25;"sexta-feira";"04:30:00";"MG";459;9,8;"CALDAS";"Velocidade Incompatível";"Saída de leito carroçável";"Com Vítimas Fatais";"Plena Noite";"Crescente";"Céu Claro";"Simples";"Curva";"Não";2;1;0;0;0;1;0;2;-21,81706785;-46,46139085;"SPRF-MG";"DEL13-MG";"UOP01-DEL13-MG"
187270;2019-01-25;"sexta-feira";"05:05:00";"PR";369;412,3;"JURANDA";"Falta de Atenção à Condução";"Colisão traseira";"Com Vítimas Feridas";"Plena Noite";"Crescente";"Céu Claro";"Simples";"Curva";"Não";5;0;1;1;2;1;2;3;-24,3445;-52,7277;"SPRF-PR";"DEL04-PR";"UOP03-DEL04-PR"
187271;2019-01-25;"sexta-feira";"04:30:00";"MG";381;527,7;"BRUMADINHO";"Velocidade Incompatível";"Tombamento";"Sem Vítimas";"Plena Noite";"Decrescente";"Céu Claro";"Dupla";"Curva";"Não";2;0;0;0;1;1;0;2;-20,167;-44,3321;"SPRF-MG";"DEL04-MG";"UOP03-DEL04-MG"
187272;2019-01-25;"sexta-feira";"04:20:00";"SP";116;388,5;"MIRACATU";"Velocidade Incompatível";"Colisão com objeto estático";"Com Vítimas Feridas";"Plena Noite";"Decrescente";"Nublado";"Dupla";"Reta";"Não";1;0;0;1;0;0;1;1;-24,2709937;-47,40199957;"SPRF-SP";"DEL04-SP";"UOP02-DEL04-SP"
187276;2019-01-25;"sexta-feira";"06:45:00";"RS";480;67,4;"BARAO DE COTEGIPE";"Desobediência às normas de trânsito pelo condutor";"Colisão lateral";"Com Vítimas Feridas";"Pleno dia";"Crescente";"Céu Claro";"Simples";"Reta";"Não";2;0;1;0;1;0;1;2;-27,634285;-52,35564;"SPRF-RS";"DEL08-RS";"UOP04-DEL08-RS"
187279;2019-01-25;"sexta-feira";"05:55:00";"MT";163;635;"NOVA MUTUM";"Mal Súbito";"Colisão traseira";"Com Vítimas Feridas";"Amanhecer";"Decrescente";"Céu Claro";"Simples";"Reta";"Não";3;0;1;0;1;1;1;3;-13,48912814;-56,05636597;"SPRF-MT";"DEL01-MT";"UOP01-DEL01-MT"
187281;2019-01-25;"sexta-feira";"06:20:00";"PE";101;73;"RECIFE";"Falta de Atenção à Condução";"Colisão traseira";"Com Vítimas Feridas";"Pleno dia";"Crescente";"Sol";"Simples";"Curva";"Não";3;0;1;0;1;1;1;3;-8,1027;-34,9483;"SPRF-PE";"DEL01-PE";"UOP01-DEL01-PE"
187282;2019-01-25;"sexta-feira";"06:50:00";"RJ";116;180;"NOVA IGUACU";"Falta de Atenção à Condução";"Colisão traseira";"Com Vítimas Feridas";"Pleno dia";"Crescente";"Céu Claro";"Dupla";"Reta";"Sim";5;0;2;0;2;1;2;4;-22,738836;-43,472469;"SPRF-RJ";"DEL01-RJ";"UOP02-DEL01-RJ"
187283;2019-01-25;"sexta-feira";"05:00:00";"PE";232;228;"PESQUEIRA";"Defeito Mecânico no Veículo";"Colisão lateral";"Sem Vítimas";"Pleno dia";"Crescente";"Céu Claro";"Simples";"Reta";"Não";2;0;0;0;2;0;0;2;-8,376836;-36,722221;"SPRF-PE";"DEL03-PE";"UOP02-DEL03-PE"
187284;2019-01-24;"quinta-feira";"22:00:00";"MA";226;361,5;"GRAJAU";"Ultrapassagem Indevida";"Saída de leito carroçável";"Com Vítimas Feridas";"Plena Noite";"Crescente";"Céu Claro";"Simples";"Reta";"Não";3;0;0;1;1;2;1;4;-5,59343484;-45,71651459;"SPRF-MA";"DEL04-MA";"UOP02-DEL04-MA"
187295;2019-01-25;"sexta-feira";"08:35:00";"PR";277;589,6;"CASCAVEL";"Não guardar distância de segurança";"Colisão traseira";"Com Vítimas Feridas";"Pleno dia";"Crescente";"Sol";"Simples";"Reta";"Sim";2;0;0;1;1;0;1;2;-24,97745886;-53,44674918;"SPRF-PR";"DEL04-PR";"UOP01-DEL04-PR"
187297;2019-01-25;"sexta-feira";"07:15:00";"MT";70;517,9;"VARZEA GRANDE";"Falta de Atenção à Condução";"Colisão traseira";"Com Vítimas Feridas";"Pleno dia";"Decrescente";"Céu Claro";"Simples";"Reta";"Sim";2;0;1;0;1;0;1;2;-15,68089039;-56,17412567;"SPRF-MT";"DEL01-MT";"DEL2/4-UOP02/MT"
187299;2019-01-25;"sexta-feira";"07:45:00";"MS";163;562,6;"BANDEIRANTES";"Mal Súbito";"Colisão traseira";"Com Vítimas Feridas";"Pleno dia";"Decrescente";"Céu Claro";"Simples";"Reta";"Não";7;0;2;0;5;0;2;2;-19,791758;-54,367062;"SPRF-MS";"DEL01-MS";"UOP02-DEL01-MS"
187303;2019-01-25;"sexta-feira";"07:45:00";"AL";101;3,9;"NOVO LINO";"Defeito Mecânico no Veículo";"Tombamento";"Sem Vítimas";"Pleno dia";"Decrescente";"Céu Claro";"Dupla";"Reta";"Não";1;0;0;0;1;0;0;1;-8,904559;-35,637218;"SPRF-AL";"DEL01-AL";"UOP01-DEL01-AL"
187325;2019-01-25;"sexta-feira";"10:42:00";"PR";376;671;"GUARATUBA";"Falta de Atenção à Condução";"Colisão lateral";"Com Vítimas Feridas";"Pleno dia";"Crescente";"Céu Claro";"Múltipla";"Retorno Regulamentado;Reta";"Não";5;0;1;0;4;0;1;2;-25,85335345;-48,97911072;"SPRF-PR";"DEL01-PR";"DEL7/1-UOP08/PR"
187330;2019-01-25;"sexta-feira";"05:10:00";"MT";364;18,5;"ALTO ARAGUAIA";"Defeito Mecânico no Veículo";"Colisão frontal";"Com Vítimas Fatais";"Amanhecer";"Decrescente";"Nublado";"Simples";"Curva";"Não";3;1;1;0;0;4;1;6;-17,2149202;-53,33450317;"SPRF-MT";"DEL02-MT";"UOP02-DEL02-MT"
187331;2019-01-25;"sexta-feira";"10:54:00";"ES";101;286,9;"CARIACICA";"Falta de Atenção à Condução";"Colisão transversal";"Com Vítimas Feridas";"Pleno dia";"Crescente";"Céu Claro";"Dupla";"Retorno Regulamentado";"Sim";3;0;0;1;1;2;1;4;-20,25911267;-40,37772959;"SPRF-ES";"DEL01-ES";"UOP01-DEL01-ES"
187332;2019-01-25;"sexta-feira";"11:20:00";"GO";50;239,5;"CATALAO";"Velocidade Incompatível";"Tombamento";"Com Vítimas Feridas";"Pleno dia";"Crescente";"Céu Claro";"Dupla";"Em Obras;Reta;Desvio Temporário";"Não";2;0;1;0;0;1;1;2;-17,8745;-47,7889;"SPRF-GO";"DEL06-GO";"UOP01-DEL06-GO"
187338;2019-01-18;"sexta-feira";"08:30:00";"SE";101;67,6;"MARUIM";"Ultrapassagem Indevida";"Colisão frontal";"Com Vítimas Fatais";"Pleno dia";"Crescente";"Céu Claro";"Simples";"Reta";"Não";8;1;0;6;0;1;6;2;-10,7853;-37,1421;"SPRF-SE";"DEL01-SE";"UOP01-DEL01-SE"
187345;2019-01-25;"sexta-feira";"12:24:00";"RJ";116;142;"DUQUE DE CAXIAS";"Falta de Atenção à Condução";"Colisão lateral";"Com Vítimas Feridas";"Pleno dia";"Decrescente";"Céu Claro";"Dupla";"Reta";"Sim";4;0;1;0;2;1;1;3;-22,648762;-43,230316;"SPRF-RJ";"DEL04-RJ";"UOP02-DEL04-RJ"
187348;2019-01-25;"sexta-feira";"12:00:00";"PE";232;13,4;"JABOATAO DOS GUARARAPES";"Falta de Atenção à Condução";"Saída de leito carroçável";"Com Vítimas Feridas";"Pleno dia";"Crescente";"Céu Claro";"Dupla";"Curva";"Não";1;0;1;0;0;0;1;1;-8,088272;-35,013311;"SPRF-PE";"DEL01-PE";"UOP01-DEL01-PE"
187351;2019-01-25;"sexta-feira";"13:12:00";"PR";277;367,9;"GUARAPUAVA";"Falta de Atenção à Condução";"Colisão transversal";"Com Vítimas Feridas";"Pleno dia";"Decrescente";"Sol";"Simples";"Reta;Interseção de Vias";"Não";3;0;2;0;1;0;2;2;-25,41374118;-51,67599678;"SPRF-PR";"DEL03-PR";"UOP01-DEL08-PR"
187355;2019-01-25;"sexta-feira";"08:50:00";"RS";285;96;"MONTE ALEGRE DOS CAMPOS";"Falta de Atenção à Condução";"Colisão transversal";"Com Vítimas Feridas";"Pleno dia";"Decrescente";"Céu Claro";"Simples";"Interseção de Vias";"Não";5;0;2;1;2;0;3;2;-28,597429;-50,742641;"SPRF-RS";"DEL05-RS";"UOP03-DEL05-RS"
187358;2019-01-25;"sexta-feira";"13:56:00";"RS";116;248,3;"SAO LEOPOLDO";"Velocidade Incompatível";"Colisão traseira";"Com Vítimas Feridas";"Pleno dia";"Decrescente";"Sol";"Dupla";"Curva";"Sim";5;0;0;1;4;0;1;5;-29,776119;-51,155102;"SPRF-RS";"DEL01-RS";"UOP02-DEL01-RS"
187364;2019-01-25;"sexta-feira";"13:50:00";"RN";226;12;"MACAIBA";"Falta de Atenção à Condução";"Colisão traseira";"Com Vítimas Feridas";"Pleno dia";"Decrescente";"Sol";"Simples";"Reta";"Sim";2;0;0;1;1;0;1;2;-5,847669;-35,312698;"SPRF-RN";"DEL01-RN";"UOP02-DEL01-RN"
187366;2019-01-25;"sexta-feira";"13:30:00";"PB";230;23,8;"JOAO PESSOA";"Não guardar distância de segurança";"Engavetamento";"Com Vítimas Feridas";"Pleno dia";"Decrescente";"Sol";"Dupla";"Viaduto;Declive;Reta";"Sim";10;0;4;1;5;0;5;8;-7,16252138;-34,86097097;"SPRF-PB";"DEL01-PB";"UOP01-DEL01-PB"
187369;2019-01-25;"sexta-feira";"12:45:00";"ES";101;12,5;"PEDRO CANARIO";"Carga excessiva e/ou mal acondicionada";"Tombamento";"Com Vítimas Feridas";"Pleno dia";"Decrescente";"Céu Claro";"Simples";"Curva";"Não";2;0;1;0;0;2;1;3;-18,265766;-39,957359;"SPRF-ES";"DEL04-ES";"UOP02-DEL04-ES"
187375;2019-01-25;"sexta-feira";"15:30:00";"GO";153;574,8;"PROFESSOR JAMIL";"Falta de Atenção à Condução";"Saída de leito carroçável";"Com Vítimas Feridas";"Pleno dia";"Decrescente";"Céu Claro";"Dupla";"Curva";"Não";2;0;1;0;0;2;1;3;-17,3387;-49,2399;"SPRF-GO";"DEL03-GO";"UOP01-DEL03-GO"
187383;2019-01-25;"sexta-feira";"14:45:00";"RJ";101;326;"NITEROI";"Não guardar distância de segurança";"Colisão traseira";"Com Vítimas Feridas";"Pleno dia";"Decrescente";"Céu Claro";"Dupla";"Reta";"Não";3;0;1;0;2;0;1;2;-22,872055;-43,146187;"SPRF-RJ";"DEL02-RJ";"UOP02-DEL02-RJ"
187387;2019-01-25;"sexta-feira";"14:40:00";"SP";116;350;"MIRACATU";"Condutor Dormindo";"Colisão traseira";"Com Vítimas Feridas";"Pleno dia";"Decrescente";"Nublado";"Dupla";"Aclive;Curva";"Não";6;0;1;0;4;1;1;3;-24,05818156;-47,22528934;"SPRF-SP";"DEL04-SP";"UOP03-DEL04-SP"