"id";"data_inversa";"dia_semana";"horario";"uf";"br";"km";"municipio";"causa_acidente";"tipo_acidente";"classificacao_acidente";"fase_dia";"sentido_via";"condicao_metereologica";"tipo_pista";"tracado_via";"uso_solo";"pessoas";"mortos";"feridos_leves";"feridos_graves";"ilesos";"ignorados";"feridos";"veiculos";"latitude";"longitude";"regional";"delegacia";"uop"
188459;2019-01-31;"quinta-feira";"09:35:00";"PE";316;91;"OURICURI";"Falta de Atenção à Condução";"Colisão transversal";"Com Vítimas Feridas";"Pleno dia";"Decrescente";"Céu Claro";"Simples";"Reta";"Sim";2;0;1;0;1;0;1;2;-7,906827;-40,021515;"SPRF-PE";"DEL05-PE";"UOP02-DEL05-PE"
188462;2019-01-06;"domingo";"18:00:00";"MT";163;1042;"MATUPA";"Falta de Atenção à Condução";"Colisão traseira";"Com Vítimas Feridas";"Anoitecer";"Decrescente";"Céu Claro";"Simples";"Reta";"Não";6;0;3;1;1;1;4;3;-10,14293148;-54,9298504;"SPRF-MT";"DEL06-MT";"UOP02-DEL06-MT"
188465;2019-01-31;"quinta-feira";"11:00:00";"MS";163;106;"ITAQUIRAI";"Falta de Atenção à Condução";"Colisão lateral";"Com Vítimas Feridas";"Pleno dia";"Crescente";"Céu Claro";"Dupla";"Reta";"Não";3;0;1;0;2;0;1;3;-23,22826;-54,219696;"SPRF-MS";"DEL09-MS";"UOP01-DEL09-MS"
188467;2019-01-31;"quinta-feira";"11:00:00";"PR";116;102;"SAO JOSE DOS PINHAIS";"Não guardar distância de segurança";"Colisão traseira";"Sem Vítimas";"Pleno dia";"Crescente";"Céu Claro";"Dupla";"Reta";"Sim";4;0;0;0;3;4;0;7;-25,550711;-49,150246;"SPRF-PR";"DEL01-PR";"UOP01-DEL01-PR"
188471;2019-01-31;"quinta-feira";"12:30:00";"GO";153;640,3;"MORRINHOS";"Falta de Atenção à Condução";"Colisão traseira";"Com Vítimas Feridas";"Pleno dia";"Decrescente";"Céu Claro";"Dupla";"Aclive";"Não";4;0;2;0;0;3;2;5;-17,8799;-49,2301;"SPRF-GO";"DEL03-GO";"UOP01-DEL03-GO"
188472;2019-01-31;"quinta-feira";"11:40:00";"PR";116;31;"CAMPINA GRANDE DO SUL";"Falta de Atenção à Condução";"Tombamento";"Sem Vítimas";"Pleno dia";"Decrescente";"Nublado";"Dupla";"Reta";"Não";2;0;0;0;1;1;0;2;-25,101589;-48,830654;"SPRF-PR";"DEL01-PR";"UOP02-DEL01-PR"
188473;2019-01-31;"quinta-feira";"11:35:00";"MG";40;51,9;"PARACATU";"Falta de Atenção à Condução";"Colisão lateral";"Com Vítimas Feridas";"Pleno dia";"Crescente";"Sol";"Simples";"Reta";"Não";3;0;1;0;1;2;1;4;-17,243937;-46,792484;"SPRF-MG";"DEL14-MG";"UOP01-DEL14-MG"
188475;2019-01-31;"quinta-feira";"13:31:00";"ES";101;305;"VIANA";"Falta de Atenção à Condução";"Colisão transversal";"Com Vítimas Feridas";"Pleno dia";"Decrescente";"Céu Claro";"Simples";"Em Obras";"Não";3;0;1;0;1;1;1;3;-20,38445898;-40,46248198;"SPRF-ES";"DEL03-ES";"UOP01-DEL03-ES"
188476;2019-01-31;"quinta-feira";"10:30:00";"PB";230;277,8;"SANTA LUZIA";"Não guardar distância de segurança";"Colisão traseira";"Sem Vítimas";"Pleno dia";"Crescente";"Céu Claro";"Simples";"Declive";"Não";2;0;0;0;2;0;0;2;-6,9579;-36,8398;"SPRF-PB";"DEL03-PB";"UOP01-DEL03-PB"
188478;2019-01-31;"quinta-feira";"13:50:00";"SP";116;354,8;"MIRACATU";"Defeito Mecânico no Veículo";"Incêndio";"Sem Vítimas";"Pleno dia";"Decrescente";"Céu Claro";"Dupla";"Reta";"Não";1;0;0;0;1;0;0;1;-24,0527344;-47,20241547;"SPRF-SP";"DEL04-SP";"UOP03-DEL04-SP"
188483;2019-01-31;"quinta-feira";"14:10:00";"RJ";393;171;"TRES RIOS";"Falta de Atenção à Condução";"Colisão transversal";"Com Vítimas Feridas";"Pleno dia";"Crescente";"Céu Claro";"Simples";"Reta";"Não";3;0;0;1;1;1;1;3;-22,119568;-43,160095;"SPRF-RJ";"DEL06-RJ";"UOP01-DEL05-RJ"
188484;2019-01-31;"quinta-feira";"14:10:00";"GO";60;396;"RIO VERDE";"Condutor Dormindo";"Colisão traseira";"Com Vítimas Feridas";"Pleno dia";"Decrescente";"Céu Claro";"Dupla";"Reta";"Não";4;0;0;2;1;3;2;5;-17,8244;-51,0172;"SPRF-GO";"DEL04-GO";"UOP01-DEL04-GO"
188485;2019-01-31;"quinta-feira";"14:40:00";"RJ";116;268,8;"BARRA MANSA";"Falta de Atenção do Pedestre";"Atropelamento de Pedestre";"Com Vítimas Fatais";"Pleno dia";"Decrescente";"Céu Claro";"Dupla";"Curva";"Não";3;1;0;0;1;1;0;3;-22,560883;-44,122238;"SPRF-RJ";"DEL07-RJ";"UOP02-DEL07-RJ"
188487;2019-01-31;"quinta-feira";"14:50:00";"RS";158;202,3;"CRUZ ALTA";"Desobediência às normas de trânsito pelo condutor";"Colisão lateral";"Com Vítimas Feridas";"Pleno dia";"Crescente";"Céu Claro";"Simples";"Reta";"Não";4;0;1;0;2;1;1;3;-28,70383835;-53,60092163;"SPRF-RS";"DEL10-RS";"UOP02-DEL10-RS"
188489;2019-01-31;"quinta-feira";"14:50:00";"SC";101;359;"SANGAO";"Carga excessiva e/ou mal acondicionada";"Saída de leito carroçável";"Com Vítimas Feridas";"Pleno dia";"Decrescente";"Céu Claro";"Múltipla";"Interseção de Vias";"Não";1;0;1;0;0;0;1;1;-28,6532;-49,1067;"SPRF-SC";"DEL02-SC";"UOP01-DEL02-SC"
188496;2019-01-31;"quinta-feira";"11:30:00";"PR";369;178,8;"ARAPONGAS";"Não guardar distância de segurança";"Colisão traseira";"Com Vítimas Feridas";"Pleno dia";"Decrescente";"Sol";"Múltipla";"Reta;Declive";"Não";3;0;1;0;2;0;1;2;-23,36112356;-51,39921427;"SPRF-PR";"DEL07-PR";"UOP01-DEL07-PR"
188501;2019-01-31;"quinta-feira";"15:15:00";"AL";316;257;"PILAR";"Falta de Atenção à Condução";"Colisão transversal";"Com Vítimas Feridas";"Pleno dia";"Crescente";"Céu Claro";"Simples";"Reta";"Não";3;0;2;0;1;0;2;3;-9,590915;-35,9394;"SPRF-AL";"DEL02-AL";"UOP01-DEL02-AL"
188505;2019-01-31;"quinta-feira";"16:20:00";"MG";381;485;"BETIM";"Carga excessiva e/ou mal acondicionada";"Colisão com objeto em movimento";"Com Vítimas Feridas";"Pleno dia";"Crescente";"Céu Claro";"Dupla";"Reta";"Sim";3;0;1;0;2;0;1;2;-19,9561;-44,1064;"SPRF-MG";"DEL01-MG";"UOP03-DEL01-MG"
188508;2019-01-31;"quinta-feira";"16:40:00";"MG";262;130;"RIO CASCA";"Ultrapassagem Indevida";"Tombamento";"Sem Vítimas";"Pleno dia";"Decrescente";"Sol";"Simples";"Curva";"Não";2;0;0;0;1;1;0;2;-20,155416;-42,694904;"SPRF-MG";"DEL03-MG";"UOP03-DEL03-MG"
188511;2019-01-31;"quinta-feira";"16:30:00";"RS";386;401,7;"TRIUNFO";"Pista Escorregadia";"Colisão frontal";"Com Vítimas Feridas";"Pleno dia";"Decrescente";"Chuva";"Simples";"Reta";"Não";7;0;3;2;2;0;5;2;-29,762325;-51,585972;"SPRF-RS";"DEL04-RS";"UOP02-DEL04-RS"
188512;2019-01-31;"quinta-feira";"16:40:00";"MG";153;58;"MONTE ALEGRE DE MINAS";"Defeito Mecânico no Veículo";"Saída de leito carroçável";"Com Vítimas Feridas";"Pleno dia";"Crescente";"Céu Claro";"Dupla";"Rotatória";"Não";1;0;1;0;0;0;1;1;-18,87832933;-49,05694306;"SPRF-MG";"DEL15-MG";"UOP03-DEL15-MG"
188514;2019-01-31;"quinta-feira";"17:26:00";"MG";50;100;"UBERLANDIA";"Mal Súbito";"Colisão traseira";"Com Vítimas Feridas";"Pleno dia";"Decrescente";"Céu Claro";"Dupla";"Reta";"Não";3;0;0;1;1;3;1;5;-19,08063344;-48,1876874;"SPRF-MG";"DEL15-MG";"UOP01-DEL15-MG"
188516;2019-01-31;"quinta-feira";"17:00:00";"SC";101;232,8;"PALHOCA";"Ultrapassagem Indevida";"Tombamento";"Sem Vítimas";"Pleno dia";"Crescente";"Nublado";"Dupla";"Reta";"Não";3;0;0;0;1;2;0;3;-27,8032;-48,6381;"SPRF-SC";"DEL01-SC";"UOP02-DEL01-SC"
188521;2019-01-31;"quinta-feira";"17:40:00";"RS";116;324,7;"BARRA DO RIBEIRO";"Desobediência às normas de trânsito pelo condutor";"Colisão frontal";"Com Vítimas Fatais";"Pleno dia";"Crescente";"Céu Claro";"Simples";"Reta";"Não";3;1;0;0;1;1;0;3;-30,326962;-51,421684;"SPRF-RS";"DEL02-RS";"UOP01-DEL02-RS"
188524;2019-01-31;"quinta-feira";"14:30:00";"SC";282;488,1;"FAXINAL DOS GUEDES";"Velocidade Incompatível";"Tombamento";"Com Vítimas Feridas";"Pleno dia";"Decrescente";"Sol";"Simples";"Rotatória";"Sim";1;0;1;0;0;0;1;1;-26,85757613;-52,26200581;"SPRF-SC";"DEL07-SC";"UOP01-DEL07-SC"
188533;2019-01-31;"quinta-feira";"14:30:00";"MA";402;56,2;"MORROS";"Desobediência às normas de trânsito pelo condutor";"Colisão frontal";"Com Vítimas Fatais";"Pleno dia";"Crescente";"Chuva";"Simples";"Curva";"Não";16;5;7;4;0;0;11;2;-2,852267;-43,89262;"SPRF-MA";"DEL01-MA";"UOP01-DEL01-MA"
188551;2019-01-31;"quinta-feira";"22:40:00";"SP";116;222;"GUARULHOS";"Não guardar distância de segurança";"Colisão lateral";"Com Vítimas Feridas";"Plena Noite";"Decrescente";"Céu Claro";"Múltipla";"Reta";"Sim";4;0;1;0;2;1;1;4;-23,47422924;-46,52226811;"SPRF-SP";"DEL01-SP";"UOP01-DEL01-SP"
188554;2019-01-31;"quinta-feira";"23:10:00";"MG";381;750,1;"TRES CORACOES";"Velocidade Incompatível";"Saída de leito carroçável";"Com Vítimas Feridas";"Plena Noite";"Crescente";"Nublado";"Dupla";"Curva";"Não";2;0;1;0;0;1;1;2;-21,6469;-45,2967;"SPRF-MG";"DEL16-MG";"UOP02-DEL16-MG"
188562;2019-02-01;"sexta-feira";"00:30:00";"RJ";40;80;"PETROPOLIS";"Velocidade Incompatível";"Tombamento";"Com Vítimas Feridas";"Plena Noite";"Crescente";"Céu Claro";"Simples";"Curva";"Não";2;0;1;0;0;1;1;2;-22,51985;-43,228428;"SPRF-RJ";"DEL06-RJ";"UOP01-DEL06-RJ"
188565;2019-01-31;"quinta-feira";"22:30:00";"RS";158;310;"ITAARA";"Ultrapassagem Indevida";"Colisão lateral";"Sem Vítimas";"Plena Noite";"Crescente";"Garoa/Chuvisco";"Simples";"Reta";"Sim";3;0;0;0;2;2;0;4;-29,612303;-53,766605;"SPRF-RS";"DEL09-RS";"UOP01-DEL09-RS"
188569;2019-01-31;"quinta-feira";"23:40:00";"PI";407;423;"PICOS";"Desobediência às normas de trânsito pelo condutor";"Colisão frontal";"Com Vítimas Feridas";"Plena Noite";"Decrescente";"Vento";"Simples";"Reta";"Sim";3;0;2;0;1;0;2;2;-7,079333;-41,433254;"SPRF-PI";"DEL04-PI";"UOP01-DEL04-PI"
188570;2019-02-01;"sexta-feira";"02:30:00";"SC";470;3,5;"NAVEGANTES";"Ingestão de Álcool";"Colisão traseira";"Sem Vítimas";"Plena Noite";"Decrescente";"Céu Claro";"Simples";"Reta";"Não";2;0;0;0;1;1;0;2;-26,861937;-48,681618;"SPRF-SC";"DEL04-SC";"UOP04-DEL04-SC"
188571;2019-01-31;"quinta-feira";"17:30:00";"MG";381;313;"ANTONIO DIAS";"Defeito Mecânico no Veículo";"Saída de leito carroçável";"Sem Vítimas";"Pleno dia";"Crescente";"Céu Claro";"Simples";"Reta";"Não";4;0;0;0;3;1;0;2;-19,65616512;-42,95838925;"SPRF-MG";"DEL03-MG";"UOP02-DEL03-MG"
188572;2019-02-01;"sexta-feira";"03:20:00";"PR";277;0,3;"FOZ DO IGUACU";"Desobediência às normas de trânsito pelo condutor";"Colisão transversal";"Com Vítimas Feridas";"Plena Noite";"Crescente";"Céu Claro";"Dupla";"Retorno Regulamentado;Reta";"Sim";2;0;1;0;1;0;1;2;-25,5469;-54,5882;"SPRF-PR";"DEL05-PR";"UOP03-DEL05-PR"
188574;2019-02-01;"sexta-feira";"04:32:00";"SC";470;38,3;"GASPAR";"Condutor Dormindo";"Capotamento";"Com Vítimas Feridas";"Plena Noite";"Crescente";"Céu Claro";"Simples";"Desvio Temporário";"Sim";1;0;1;0;0;0;1;1;-26,904108;-48,980164;"SPRF-SC";"DEL04-SC";"UOP01-DEL04-SC"
188576;2019-01-31;"quinta-feira";"23:00:00";"MT";70;695;"CACERES";"Velocidade Incompatível";"Tombamento";"Sem Vítimas";"Plena Noite";"Decrescente";"Céu Claro";"Simples";"Curva";"Não";2;0;0;0;1;1;0;2;-16,205067;-57,405003;"SPRF-MT";"DEL03-MT";"UOP01-DEL03-MT"
188580;2019-02-01;"sexta-feira";"05:45:00";"SP";116;404,7;"MIRACATU";"Mal Súbito";"Colisão com objeto estático";"Sem Vítimas";"Amanhecer";"Decrescente";"Céu Claro";"Dupla";"Reta";"Não";2;0;0;0;1;1;0;2;-24,32233;-47,54267;"SPRF-SP";"DEL04-SP";"UOP02-DEL04-SP"
188582;2019-02-01;"sexta-feira";"01:10:00";"RJ";116;96;"GUAPIMIRIM";"Velocidade Incompatível";"Saída de leito carroçável";"Com Vítimas Feridas";"Plena Noite";"Decrescente";"Céu Claro";"Simples";"Curva";"Não";3;0;3;0;0;0;3;1;-22,480257;-42,997448;"SPRF-RJ";"DEL04-RJ";"UOP02-DEL04-RJ"
188586;2019-02-01;"sexta-feira";"06:50:00";"SP";381;73;"SAO PAULO";"Carga excessiva e/ou mal acondicionada";"Derramamento de carga";"Sem Vítimas";"Pleno dia";"Crescente";"Céu Claro";"Múltipla";"Curva";"Sim";2;0;0;0;1;1;0;2;-23,38229342;-46,56381006;"SPRF-SP";"DEL03-SP";"UOP01-DEL03-SP"
188590;2019-01-20;"domingo";"17:30:00";"MG";381;946,5;"EXTREMA";"Falta de Atenção à Condução";"Colisão com objeto estático";"Com Vítimas Feridas";"Pleno dia";"Crescente";"Chuva";"Dupla";"Curva;Declive;Ponte";"Não";16;0;4;3;8;2;7;8;-22,86070431;-46,34358287;"SPRF-MG";"DEL16-MG";"UOP03-DEL16-MG"
188591;2019-02-01;"sexta-feira";"06:20:00";"SP";381;82,7;"SAO PAULO";"Falta de Atenção à Condução";"Saída de leito carroçável";"Com Vítimas Fatais";"Amanhecer";"Crescente";"Céu Claro";"Múltipla";"Reta";"Não";2;1;0;0;1;0;0;2;-23,435804;-46,568438;"SPRF-SP";"DEL03-SP";"UOP01-DEL03-SP"
188595;2019-02-01;"sexta-feira";"01:40:00";"RO";364;604,7;"ITAPUA DO OESTE";"Sinalização da via insuficiente ou inadequada";"Tombamento";"Sem Vítimas";"Plena Noite";"Decrescente";"Chuva";"Dupla";"Reta";"Sim";1;0;0;0;1;0;0;1;-9,192122;-63,188835;"SPRF-RO";"DEL03-RO";"UOP04-DEL01-RO"
188600;2019-01-31;"quinta-feira";"23:15:00";"BA";116;656,8;"JEQUIE";"Falta de Atenção à Condução";"Colisão frontal";"Com Vítimas Fatais";"Plena Noite";"Crescente";"Céu Claro";"Simples";"Aclive";"Não";6;1;1;0;3;4;1;7;-13,72277;-40,09648;"SPRF-BA";"DEL03-BA";"UOP01-DEL03-BA"
188603;2019-01-25;"sexta-feira";"00:10:00";"MS";267;223,3;"NOVA ALVORADA DO SUL";"Condutor Dormindo";"Tombamento";"Com Vítimas Feridas";"Plena Noite";"Crescente";"Céu Claro";"Simples";"Reta";"Sim";2;0;1;0;0;1;1;2;-21,54106196;-54,15958796;"SPRF-MS";"DEL02-MS";"UOP01-DEL02-MS"
188604;2019-01-12;"sábado";"11:50:00";"RO";364;709;"PORTO VELHO";"Desobediência às normas de trânsito pelo condutor";"Colisão lateral";"Com Vítimas Feridas";"Pleno dia";"Crescente";"Nublado";"Múltipla";"Reta";"Sim";4;0;0;1;1;3;1;5;-8,7882965;-63,85332411;"SPRF-RO";"DEL01-RO";"UOP01-DEL01-RO"
188609;2019-02-01;"sexta-feira";"08:56:00";"MG";381;494;"BETIM";"Velocidade Incompatível";"Colisão lateral";"Com Vítimas Feridas";"Pleno dia";"Decrescente";"Céu Claro";"Múltipla";"Reta";"Sim";7;0;2;0;4;1;2;7;-19,9731;-44,1843;"SPRF-MG";"DEL01-MG";"UOP03-DEL01-MG"
188610;2019-02-01;"sexta-feira";"07:30:00";"SC";163;92,3;"GUARACIABA";"Deficiência ou não Acionamento do Sistema de Iluminação/Sinalização do Veículo";"Colisão traseira";"Com Vítimas Feridas";"Pleno dia";"Decrescente";"Céu Claro";"Simples";"Curva;Em Obras;Aclive";"Não";3;0;1;1;0;1;2;3;-26,53373119;-53,52175355;"SPRF-SC";"DEL07-SC";"UOP03-DEL07-SC"
188611;2019-02-01;"sexta-feira";"08:30:00";"MG";459;13,2;"CALDAS";"Velocidade Incompatível";"Colisão frontal";"Com Vítimas Feridas";"Pleno dia";"Decrescente";"Céu Claro";"Simples";"Curva";"Não";3;0;1;1;0;1;2;3;-21,84018403;-46,44074857;"SPRF-MG";"DEL13-MG";"UOP01-DEL13-MG"
188612;2019-02-01;"sexta-feira";"07:10:00";"MG";116;571,8;"MANHUACU";"Velocidade Incompatível";"Capotamento";"Com Vítimas Fatais";"Pleno dia";"Crescente";"Sol";"Simples";"Curva";"Não";3;2;1;0;0;0;1;1;-20,112162;-42,178111;"SPRF-MG";"DEL06-MG";"UOP03-DEL06-MG"
188615;2019-02-01;"sexta-feira";"06:30:00";"PE";110;227;"PETROLANDIA";"Falta de Atenção à Condução";"Colisão transversal";"Com Vítimas Feridas";"Pleno dia";"Decrescente";"Céu Claro";"Simples";"Reta";"Não";3;0;2;0;1;0;2;2;-9,039303;-38,257042;"SPRF-BA";"DEL07-BA";"UOP01-DEL07-BA"
188617;2019-02-01;"sexta-feira";"10:29:00";"SC";282;330;"CAMPOS NOVOS";"Condutor Dormindo";"Colisão frontal";"Com Vítimas Feridas";"Pleno dia";"Decrescente";"Céu Claro";"Simples";"Aclive;Reta";"Não";7;0;1;0;5;1;1;3;-27,384575;-51,106579;"SPRF-SC";"DEL07-SC";"UOP06-DEL07-SC"
188618;2019-02-01;"sexta-feira";"11:00:00";"ES";101;296;"CARIACICA";"Falta de Atenção à Condução";"Colisão lateral";"Com Vítimas Feridas";"Pleno dia";"Crescente";"Sol";"Simples";"Reta";"Sim";3;0;0;1;1;1;1;3;-20,34462694;-40,4070282;"SPRF-ES";"DEL01-ES";"UOP01-DEL01-ES"
188619;2019-02-01;"sexta-feira";"10:50:00";"PR";277;601;"CASCAVEL";"Velocidade Incompatível";"Engavetamento";"Com Vítimas Feridas";"Pleno dia";"Crescente";"Sol";"Dupla";"Em Obras";"Não";7;0;3;0;4;0;3;5;-25,02215092;-53,54873657;"SPRF-PR";"DEL04-PR";"UOP01-DEL04-PR"
188621;2019-02-01;"sexta-feira";"08:30:00";"MT";163;836;"SINOP";"Desobediência às normas de trânsito pelo condutor";"Colisão transversal";"Com Vítimas Feridas";"Pleno dia";"Decrescente";"Céu Claro";"Dupla";"Reta";"Sim";2;0;1;0;1;0;1;2;-11,85031064;-55,49214017;"SPRF-MT";"DEL06-MT";"UOP01-DEL06-MT"
188622;2019-02-01;"sexta-feira";"09:13:00";"MG";381;495;"BETIM";"Falta de Atenção à Condução";"Colisão traseira";"Com Vítimas Feridas";"Pleno dia";"Decrescente";"Céu Claro";"Múltipla";"Reta";"Sim";7;0;1;0;5;1;1;7;-19,9754;-44,1937;"SPRF-MG";"DEL01-MG";"UOP03-DEL01-MG"
188623;2019-02-01;"sexta-feira";"10:10:00";"PE";101;58,4;"PAULISTA";"Defeito Mecânico no Veículo";"Saída de leito carroçável";"Sem Vítimas";"Pleno dia";"Crescente";"Sol";"Dupla";"Curva";"Sim";1;0;0;0;1;0;0;1;-7,978;-34,9271;"SPRF-PE";"DEL01-PE";"UOP02-DEL01-PE"
188626;2019-02-01;"sexta-feira";"04:30:00";"BA";116;135;"CANUDOS";"Falta de Atenção à Condução";"Tombamento";"Com Vítimas Feridas";"Amanhecer";"Crescente";"Céu Claro";"Simples";"Reta";"Não";2;0;1;0;0;1;1;2;-9,79112;-39,142147;"SPRF-BA";"DEL07-BA";"UOP01-DEL07-BA"
188628;2019-02-01;"sexta-feira";"11:30:00";"RS";153;617,2;"HULHA NEGRA";"Pista Escorregadia";"Saída de leito carroçável";"Com Vítimas Feridas";"Pleno dia";"Crescente";"Chuva";"Simples";"Reta";"Não";4;0;1;2;1;0;3;1;-31,30595;-53,926186;"SPRF-RS";"DEL11-RS";"UOP03-DEL11-RS"
188630;2019-02-01;"sexta-feira";"11:05:00";"MA";135;5,5;"SAO LUIS";"Falta de Atenção à Condução";"Colisão transversal";"Com Vítimas Feridas";"Pleno dia";"Crescente";"Céu Claro";"Dupla";"Reta";"Sim";3;0;0;1;1;1;1;3;-2,62289001;-44,25898612;"SPRF-MA";"DEL01-MA";"UOP01-DEL01-MA"
188648;2019-02-01;"sexta-feira";"14:50:00";"MS";60;48,2;"PARAISO DAS AGUAS";"Falta de Atenção à Condução";"Saída de leito carroçável";"Com Vítimas Fatais";"Pleno dia";"Crescente";"Nublado";"Simples";"Reta";"Não";1;1;0;0;0;0;0;1;-18,963432;-52,841885;"SPRF-MS";"DEL08-MS";"UOP01-DEL08-MS"
188650;2019-02-01;"sexta-feira";"16:00:00";"PR";277;134,8;"BALSA NOVA";"Falta de Atenção à Condução";"Colisão traseira";"Com Vítimas Feridas";"Pleno dia";"Decrescente";"Sol";"Dupla";"Reta";"Não";3;0;1;0;1;1;1;3;-25,4706061;-49,6862684;"SPRF-PR";"DEL01-PR";"UOP06-DEL01-PR"
188653;2019-02-01;"sexta-feira";"14:15:00";"SC";101;170;"TIJUCAS";"Velocidade Incompatível";"Colisão traseira";"Com Vítimas Fatais";"Pleno dia";"Decrescente";"Céu Claro";"Dupla";"Reta";"Sim";3;1;0;0;2;0;0;3;-27,3047;-48,6324;"SPRF-SC";"DEL04-SC";"UOP03-DEL04-SC"
188655;2019-02-01;"sexta-feira";"15:40:00";"PR";277;47,5;"MORRETES";"Defeito Mecânico no Veículo";"Colisão com objeto em movimento";"Com Vítimas Feridas";"Pleno dia";"Crescente";"Sol";"Múltipla";"Aclive";"Não";4;0;0;1;3;0;1;2;-25,59186733;-48,8795923;"SPRF-PR";"DEL01-PR";"UOP07-DEL01-PR"
188660;2019-02-01;"sexta-feira";"16:45:00";"DF";70;13,7;"BRASILIA";"Ingestão de Álcool";"Colisão traseira";"Sem Vítimas";"Pleno dia";"Decrescente";"Céu Claro";"Dupla";"Rotatória";"Não";2;0;0;0;2;0;0;2;-15,794558;-48,166584;"SPRF-DF";"DEL01-DF";"UOP02-DEL03-DF"
188661;2019-02-01;"sexta-feira";"16:00:00";"MT";163;725;"SORRISO";"Não guardar distância de segurança";"Colisão traseira";"Com Vítimas Feridas";"Pleno dia";"Crescente";"Nublado";"Simples";"Reta";"Não";3;0;1;0;1;3;1;5;-12,77;-55,836;"SPRF-MT";"DEL06-MT";"UOP01-DEL06-MT"
188662;2019-02-01;"sexta-feira";"16:50:00";"PR";376;671,9;"GUARATUBA";"Falta de Atenção à Condução";"Colisão lateral";"Sem Vítimas";"Pleno dia";"Crescente";"Sol";"Dupla";"Declive;Reta";"Não";2;0;0;0;2;0;0;2;-25,92072627;-48,91795635;"SPRF-PR";"DEL01-PR";"DEL7/1-UOP08/PR"
188666;2019-01-31;"quinta-feira";"15:50:00";"MT";70;176,4;"GENERAL CARNEIRO";"Defeito na Via";"Saída de leito carroçável";"Sem Vítimas";"Pleno dia";"Crescente";"Céu Claro";"Simples";"Curva";"Não";1;0;0;0;1;0;0;1;-15,64155175;-53,57517242;"SPRF-MT";"DEL05-MT";"UOP01-DEL05-MT"
188672;2019-02-01;"sexta-feira";"17:30:00";"ES";262;56;"MARECHAL FLORIANO";"Velocidade Incompatível";"Tombamento";"Com Vítimas Feridas";"Anoitecer";"Crescente";"Céu Claro";"Simples";"Curva";"Não";2;0;1;0;0;1;1;2;-20,4109;-40,7541;"SPRF-ES";"DEL01-ES";"UOP01-DEL01-ES"
188677;2019-02-01;"sexta-feira";"16:00:00";"PE";101;17;"GOIANA";"Não guardar distância de segurança";"Colisão traseira";"Com Vítimas Feridas";"Pleno dia";"Decrescente";"Céu Claro";"Dupla";"Reta";"Não";2;0;1;0;1;0;1;2;-7,6477;-34,9504;"SPRF-PE";"DEL01-PE";"UOP02-DEL01-PE"
188680;2019-02-01;"sexta-feira";"16:45:00";"PE";232;232,1;"PESQUEIRA";"Falta de Atenção à Condução";"Colisão frontal";"Com Vítimas Fatais";"Pleno dia";"Crescente";"Céu Claro";"Simples";"Curva";"Não";2;1;0;0;1;0;0;2;-8,40485639;-36,89733289;"SPRF-PE";"DEL03-PE";"UOP02-DEL03-PE"
188684;2019-02-01;"sexta-feira";"16:55:00";"MS";163;767,5;"COXIM";"Sinalização da via insuficiente ou inadequada";"Colisão transversal";"Com Vítimas Feridas";"Pleno dia";"Decrescente";"Céu Claro";"Simples";"Em Obras;Interseção de Vias;Reta";"Não";4;0;2;0;1;1;2;3;-18,18563933;-54,65464354;"SPRF-MS";"DEL06-MS";"UOP01-DEL06-MS"
188687;2019-02-01;"sexta-feira";"16:40:00";"PE";101;125;"ESCADA";"Falta de Atenção à Condução";"Colisão traseira";"Sem Vítimas";"Pleno dia";"Crescente";"Céu Claro";"Dupla";"Reta";"Sim";3;0;0;0;2;1;0;3;-8,368;-35,2269;"SPRF-PE";"DEL01-PE";"UOP03-DEL01-PE"
188688;2019-02-01;"sexta-feira";"15:00:00";"BA";101;92;"ALAGOINHAS";"Ultrapassagem Indevida";"Colisão frontal";"Com Vítimas Fatais";"Pleno dia";"Decrescente";"Sol";"Simples";"Reta";"Não";4;1;1;0;1;1;1;4;-12,0512;-38,3084;"SPRF-BA";"DEL01-BA";"UOP04-DEL01-BA"
188689;2019-02-01;"sexta-feira";"16:28:00";"CE";116;154,9;"RUSSAS";"Falta de Atenção à Condução";"Colisão lateral";"Com Vítimas Feridas";"Pleno dia";"Crescente";"Nublado";"Simples";"Reta";"Não";3;0;0;1;1;1;1;3;-4,845421;-38,041958;"SPRF-CE";"DEL03-CE";"UOP01-DEL03-CE"
188690;2019-01-17;"quinta-feira";"06:00:00";"RJ";116;174;"BELFORD ROXO";"Falta de Atenção à Condução";"Colisão traseira";"Com Vítimas Fatais";"Pleno dia";"Crescente";"Céu Claro";"Dupla";"Reta";"Sim";2;1;0;0;1;0;0;2;-22,794237;-43,364037;"SPRF-RJ";"DEL01-RJ";"UOP02-DEL01-RJ"
188692;2019-02-01;"sexta-feira";"18:40:00";"SC";282;221;"LAGES";"Velocidade Incompatível";"Colisão traseira";"Com Vítimas Feridas";"Plena Noite";"Decrescente";"Garoa/Chuvisco";"Simples";"Declive";"Não";3;0;1;0;2;0;1;2;-27,796358;-50,343426;"SPRF-SC";"DEL05-SC";"UOP01-DEL05-SC"
188693;2019-02-01;"sexta-feira";"17:35:00";"CE";402;285,3;"TURURU";"Falta de Atenção à Condução";"Colisão lateral";"Sem Vítimas";"Anoitecer";"Crescente";"Céu Claro";"Simples";"Reta";"Não";3;0;0;0;3;0;0;2;-3,59551008;-39,43836451;"SPRF-CE";"DEL01-CE";"UOP03-DEL01-CE"