"id";"data_inversa";"dia_semana";"horario";"uf";"br";"km";"municipio";"causa_acidente";"tipo_acidente";"classificacao_acidente";"fase_dia";"sentido_via";"condicao_metereologica";"tipo_pista";"tracado_via";"uso_solo";"pessoas";"mortos";"feridos_leves";"feridos_graves";"ilesos";"ignorados";"feridos";"veiculos";"latitude";"longitude";"regional";"delegacia";"uop"
188701;2019-02-01;"sexta-feira";"17:00:00";"BA";101;196;"CONCEICAO DA FEIRA";"Desobediência às normas de trânsito pelo condutor";"Colisão traseira";"Com Vítimas Feridas";"Pleno dia";"Decrescente";"Sol";"Simples";"Reta";"Não";6;0;2;3;1;0;5;3;-12,5508;-38,9791;"SPRF-BA";"DEL01-BA";"UOP03-DEL01-BA"
188708;2019-02-01;"sexta-feira";"16:40:00";"MG";153;232,8;"FRONTEIRA";"Defeito Mecânico no Veículo";"Derramamento de carga";"Sem Vítimas";"Pleno dia";"Decrescente";"Céu Claro";"Simples";"Reta";"Não";2;0;0;0;1;2;0;3;-20,22524193;-49,14908499;"SPRF-MG";"DEL13-MG";"UOP02-DEL13-MG"
188713;2019-02-01;"sexta-feira";"19:15:00";"MT";163;736;"SORRISO";"Velocidade Incompatível";"Colisão frontal";"Com Vítimas Fatais";"Anoitecer";"Decrescente";"Céu Claro";"Simples";"Reta";"Não";3;1;0;0;1;3;0;5;-12,67226141;-55,79377955;"SPRF-MT";"DEL06-MT";"UOP01-DEL06-MT"
188716;2019-02-01;"sexta-feira";"12:55:00";"MG";381;220,3;"BELO ORIENTE";"Condutor Dormindo";"Colisão lateral";"Com Vítimas Feridas";"Pleno dia";"Crescente";"Céu Claro";"Simples";"Curva";"Não";4;0;1;0;2;1;1;3;-19,3243;-42,4169;"SPRF-MG";"DEL06-MG";"UOP01-DEL06-MG"
188724;2019-02-01;"sexta-feira";"19:45:00";"BA";324;564,4;"SAO SEBASTIAO DO PASSE";"Falta de Atenção à Condução";"Tombamento";"Com Vítimas Feridas";"Plena Noite";"Decrescente";"Céu Claro";"Dupla";"Reta";"Não";1;0;0;1;0;0;1;1;-12,52641244;-38,60767365;"SPRF-BA";"DEL01-BA";"UOP01-DEL01-BA"
188730;2019-02-01;"sexta-feira";"21:15:00";"MG";40;509;"RIBEIRAO DAS NEVES";"Falta de Atenção do Pedestre";"Atropelamento de Pedestre";"Com Vítimas Fatais";"Pleno dia";"Crescente";"Céu Claro";"Dupla";"Curva";"Sim";4;1;0;0;1;2;0;3;-19,7774;-44,1209;"SPRF-MG";"DEL01-MG";"UOP03-DEL01-MG"
188733;2019-02-01;"sexta-feira";"13:30:00";"MA";135;269,6;"CAPINZAL DO NORTE";"Defeito Mecânico no Veículo";"Danos eventuais";"Sem Vítimas";"Pleno dia";"Crescente";"Céu Claro";"Simples";"Reta";"Não";1;0;0;0;1;0;0;1;-4,741916;-44,329654;"SPRF-MA";"DEL03-MA";"UOP01-DEL03-MA"
188735;2019-02-01;"sexta-feira";"21:45:00";"PR";376;37,9;"NOVA LONDRINA";"Falta de Atenção à Condução";"Colisão transversal";"Com Vítimas Fatais";"Plena Noite";"Decrescente";"Céu Claro";"Simples";"Rotatória";"Não";3;1;0;1;1;0;1;2;-22,814455;-53,015739;"SPRF-PR";"DEL07-PR";"UOP02-DEL09-PR"
188741;2019-02-01;"sexta-feira";"22:30:00";"RJ";101;254;"RIO BONITO";"Falta de Atenção à Condução";"Colisão traseira";"Com Vítimas Fatais";"Plena Noite";"Crescente";"Céu Claro";"Dupla";"Ponte";"Não";5;1;0;2;1;1;2;3;-22,693037;-42,553536;"SPRF-RJ";"DEL02-RJ";"UOP03-DEL02-RJ"
188742;2019-02-01;"sexta-feira";"20:20:00";"PR";476;147,9;"ARAUCARIA";"Falta de Atenção à Condução";"Colisão traseira";"Com Vítimas Feridas";"Plena Noite";"Decrescente";"Céu Claro";"Dupla";"Reta";"Sim";3;0;1;0;1;1;1;3;-25,554628;-49,339268;"SPRF-PR";"DEL01-PR";"UOP06-DEL01-PR"
188744;2019-02-01;"sexta-feira";"21:00:00";"MG";116;557;"MANHUACU";"Ingestão de Álcool";"Colisão lateral";"Sem Vítimas";"Plena Noite";"Crescente";"Céu Claro";"Simples";"Reta";"Não";3;0;0;0;2;1;0;3;-20,0334009;-42,1746884;"SPRF-MG";"DEL06-MG";"UOP02-DEL06-MG"
188755;2019-02-02;"sábado";"00:30:00";"MT";364;269;"JACIARA";"Falta de Atenção à Condução";"Colisão traseira";"Com Vítimas Feridas";"Plena Noite";"Crescente";"Céu Claro";"Simples";"Reta";"Sim";2;0;1;0;0;1;1;2;-15,974228;-54,938;"SPRF-MT";"DEL02-MT";"UOP02-DEL05-MT"
188762;2019-02-02;"sábado";"01:00:00";"GO";60;41,9;"APARECIDA DE GOIANIA";"Condutor Dormindo";"Saída de leito carroçável";"Sem Vítimas";"Plena Noite";"Crescente";"Céu Claro";"Dupla";"Reta";"Sim";2;0;0;0;1;1;0;2;-16,7703;-49,318295;"SPRF-GO";"DEL01-GO";"UOP03-DEL01-GO"
188765;2019-02-01;"sexta-feira";"23:05:00";"SC";101;395;"MARACAJA";"Velocidade Incompatível";"Colisão traseira";"Com Vítimas Feridas";"Plena Noite";"Crescente";"Nublado";"Dupla";"Reta";"Sim";2;0;1;0;1;0;1;2;-28,82783161;-49,40946579;"SPRF-SC";"DEL02-SC";"UOP02-DEL02-SC"
188774;2019-02-02;"sábado";"03:00:00";"MG";251;449,8;"FRANCISCO SA";"Velocidade Incompatível";"Saída de leito carroçável";"Com Vítimas Feridas";"Plena Noite";"Decrescente";"Céu Claro";"Simples";"Curva";"Não";1;0;0;1;0;0;1;1;-16,4332;-43,2806;"SPRF-MG";"DEL12-MG";"UOP01-DEL12-MG"
188783;2019-02-02;"sábado";"05:50:00";"MG";262;42,1;"MANHUACU";"Velocidade Incompatível";"Saída de leito carroçável";"Com Vítimas Feridas";"Amanhecer";"Decrescente";"Céu Claro";"Simples";"Curva";"Não";1;0;1;0;0;0;1;1;-20,269745;-42,068989;"SPRF-MG";"DEL06-MG";"UOP03-DEL06-MG"
188784;2019-02-02;"sábado";"04:10:00";"MT";163;757;"SORRISO";"Fenômenos da Natureza";"Saída de leito carroçável";"Sem Vítimas";"Plena Noite";"Crescente";"Chuva";"Simples";"Aclive";"Não";2;0;0;0;1;1;0;2;-12,53681334;-55,70611607;"SPRF-MT";"DEL06-MT";"UOP01-DEL06-MT"
188785;2019-02-02;"sábado";"04:20:00";"SC";101;311,6;"LAGUNA";"Falta de Atenção à Condução";"Colisão traseira";"Com Vítimas Feridas";"Plena Noite";"Crescente";"Nublado";"Dupla";"Reta";"Sim";6;0;4;0;1;1;4;4;-28,44079401;-48,81888092;"SPRF-SC";"DEL02-SC";"UOP01-DEL02-SC"
188786;2019-02-02;"sábado";"04:40:00";"MG";381;778;"CAMPANHA";"Condutor Dormindo";"Saída de leito carroçável";"Sem Vítimas";"Plena Noite";"Decrescente";"Céu Claro";"Dupla";"Reta";"Não";1;0;0;0;1;0;0;1;-21,8065;-45,4787;"SPRF-MG";"DEL16-MG";"UOP02-DEL16-MG"
188787;2019-02-02;"sábado";"05:30:00";"ES";101;99;"SOORETAMA";"Falta de Atenção à Condução";"Colisão frontal";"Com Vítimas Fatais";"Pleno dia";"Decrescente";"Céu Claro";"Simples";"Reta";"Não";5;1;0;1;2;2;1;6;-18,9782143;-39,99452591;"SPRF-ES";"DEL04-ES";"UOP02-DEL04-ES"
188790;2019-02-02;"sábado";"04:45:00";"MG";40;504,7;"ESMERALDAS";"Condutor Dormindo";"Colisão traseira";"Com Vítimas Fatais";"Plena Noite";"Crescente";"Céu Claro";"Dupla";"Aclive;Reta";"Não";6;2;0;2;1;1;2;3;-19,735477;-44,150652;"SPRF-MG";"DEL02-MG";"UOP01-DEL02-MG"
188793;2019-02-02;"sábado";"05:45:00";"SP";116;456,3;"REGISTRO";"Condutor Dormindo";"Tombamento";"Sem Vítimas";"Amanhecer";"Crescente";"Nublado";"Dupla";"Curva";"Não";2;0;0;0;1;1;0;2;-24,58162683;-47,88476944;"SPRF-SP";"DEL05-SP";"UOP01-DEL05-SP"
188794;2019-02-02;"sábado";"05:30:00";"RS";386;419,5;"MONTENEGRO";"Desobediência às normas de trânsito pelo condutor";"Colisão transversal";"Com Vítimas Feridas";"Plena Noite";"Crescente";"Nublado";"Simples";"Reta";"Sim";5;0;3;0;1;1;3;3;-29,81820012;-51,42798977;"SPRF-RS";"DEL04-RS";"UOP02-DEL04-RS"
188807;2019-02-02;"sábado";"04:30:00";"BA";242;568;"IBOTIRAMA";"Condutor Dormindo";"Colisão lateral";"Com Vítimas Feridas";"Amanhecer";"Decrescente";"Céu Claro";"Simples";"Reta";"Não";4;0;1;0;2;2;1;5;-12,0806101;-43,1254429;"SPRF-BA";"DEL10-BA";"UOP03-DEL06-BA"
188816;2019-02-02;"sábado";"08:45:00";"MG";381;449,3;"SANTA LUZIA";"Carga excessiva e/ou mal acondicionada";"Derramamento de carga";"Sem Vítimas";"Pleno dia";"Crescente";"Sol";"Simples";"Curva";"Não";4;0;0;0;3;2;0;5;-19,82306421;-43,81383061;"SPRF-MG";"DEL01-MG";"UOP01-DEL01-MG"
188821;2019-02-02;"sábado";"09:30:00";"SC";101;208;"SAO JOSE";"Falta de Atenção à Condução";"Colisão lateral";"Com Vítimas Feridas";"Pleno dia";"Crescente";"Céu Claro";"Múltipla";"Curva";"Sim";4;0;1;0;2;1;1;3;-27,6101;-48,6388;"SPRF-SC";"DEL01-SC";"UOP01-DEL01-SC"
188822;2019-02-02;"sábado";"06:45:00";"PR";116;180,1;"CAMPO DO TENENTE";"Agressão Externa";"Saída de leito carroçável";"Sem Vítimas";"Pleno dia";"Crescente";"Céu Claro";"Dupla";"Reta";"Não";1;0;0;0;1;0;0;1;-25,90771801;-49,57649231;"SPRF-PR";"DEL01-PR";"UOP03-DEL01-PR"
188828;2019-02-02;"sábado";"10:20:00";"RJ";393;155;"TRES RIOS";"Velocidade Incompatível";"Tombamento";"Sem Vítimas";"Pleno dia";"Decrescente";"Céu Claro";"Simples";"Rotatória";"Sim";1;0;0;0;1;0;0;1;-22,127502;-43,147022;"SPRF-RJ";"DEL06-RJ";"UOP01-DEL05-RJ"
188833;2019-02-02;"sábado";"10:30:00";"RN";226;166;"CURRAIS NOVOS";"Falta de Atenção à Condução";"Tombamento";"Com Vítimas Feridas";"Pleno dia";"Decrescente";"Sol";"Simples";"Curva";"Não";3;0;2;0;0;1;2;2;-6,204627;-36,402527;"SPRF-RN";"DEL03-RN";"UOP02-DEL03-RN"
188837;2019-02-02;"sábado";"03:00:00";"MG";251;405,6;"GRAO MOGOL";"Avarias e/ou desgaste excessivo no pneu";"Colisão com objeto estático";"Com Vítimas Feridas";"Plena Noite";"Decrescente";"Céu Claro";"Simples";"Reta";"Não";3;0;1;0;1;1;1;2;-16,2324;-42,9103;"SPRF-MG";"DEL12-MG";"UOP01-DEL12-MG"
188839;2019-02-02;"sábado";"11:20:00";"MG";251;400;"GRAO MOGOL";"Falta de Atenção à Condução";"Colisão traseira";"Sem Vítimas";"Pleno dia";"Crescente";"Céu Claro";"Simples";"Reta";"Não";2;0;0;0;2;0;0;2;-16,228;-42,9031;"SPRF-MG";"DEL12-MG";"UOP01-DEL12-MG"
188840;2019-02-02;"sábado";"12:30:00";"PR";376;127,9;"ALTO PARANA";"Defeito Mecânico no Veículo";"Tombamento";"Com Vítimas Feridas";"Pleno dia";"Crescente";"Céu Claro";"Dupla";"Aclive";"Não";4;0;2;0;1;1;2;2;-23,132568;-52,297016;"SPRF-PR";"DEL07-PR";"UOP02-DEL09-PR"
188845;2019-02-02;"sábado";"11:10:00";"SC";163;68,8;"SAO MIGUEL DO OESTE";"Falta de Atenção à Condução";"Colisão transversal";"Com Vítimas Feridas";"Pleno dia";"Crescente";"Céu Claro";"Dupla";"Reta";"Sim";2;0;1;0;1;0;1;2;-26,73238784;-53,51011276;"SPRF-SC";"DEL07-SC";"UOP03-DEL07-SC"
188859;2019-02-02;"sábado";"12:50:00";"PR";376;489,7;"PONTA GROSSA";"Falta de Atenção à Condução";"Colisão traseira";"Com Vítimas Fatais";"Pleno dia";"Crescente";"Céu Claro";"Dupla";"Reta";"Sim";3;1;0;1;1;0;1;2;-25,10176666;-50,19721985;"SPRF-PR";"DEL03-PR";"UOP04-DEL03-PR"
188860;2019-02-02;"sábado";"13:50:00";"SC";116;35;"ITAIOPOLIS";"Falta de Atenção à Condução";"Colisão traseira";"Com Vítimas Feridas";"Pleno dia";"Decrescente";"Céu Claro";"Simples";"Reta";"Não";3;0;0;1;1;1;1;3;-26,273455;-49,921173;"SPRF-SC";"DEL06-SC";"UOP01-DEL06-SC"
188867;2019-02-02;"sábado";"14:50:00";"PR";277;456,7;"SANTA TEREZA DO OESTE";"Velocidade Incompatível";"Colisão lateral";"Com Vítimas Feridas";"Pleno dia";"Crescente";"Chuva";"Simples";"Reta";"Não";3;0;1;0;1;1;1;3;-25,02817;-53,55983;"SPRF-PR";"DEL04-PR";"UOP02-DEL04-PR"
188876;2019-02-02;"sábado";"09:15:00";"PA";316;70;"CASTANHAL";"Desobediência às normas de trânsito pelo condutor";"Colisão lateral";"Sem Vítimas";"Pleno dia";"Crescente";"Céu Claro";"Simples";"Declive";"Não";2;0;0;0;2;0;0;2;-1,31240811;-47,73181915;"SPRF-PA";"DEL01-PA";"UOP01-DEL01-PA"
188885;2019-02-02;"sábado";"14:30:00";"BA";116;683,4;"JEQUIE";"Falta de Atenção à Condução";"Colisão lateral";"Sem Vítimas";"Pleno dia";"Crescente";"Sol";"Simples";"Reta";"Não";3;0;0;0;1;2;0;3;-13,92535221;-40,15906703;"SPRF-BA";"DEL03-BA";"UOP01-DEL03-BA"
188894;2019-02-02;"sábado";"16:00:00";"SC";101;192,1;"BIGUACU";"Falta de Atenção à Condução";"Colisão lateral";"Com Vítimas Feridas";"Pleno dia";"Decrescente";"Céu Claro";"Dupla";"Reta";"Não";3;0;1;0;1;1;1;3;-27,4897;-48,6559;"SPRF-SC";"DEL01-SC";"UOP01-DEL01-SC"
188896;2019-02-02;"sábado";"05:30:00";"BA";101;24,8;"ESPLANADA";"Condutor Dormindo";"Saída de leito carroçável";"Sem Vítimas";"Amanhecer";"Crescente";"Nublado";"Múltipla";"Reta";"Não";1;0;0;0;1;0;0;1;-11,6857;-37,9015;"SPRF-SE";"DEL02-SE";"UOP03-DEL02-SE"
188903;2019-02-02;"sábado";"16:25:00";"BA";116;826,1;"VITORIA DA CONQUISTA";"Ingestão de Álcool";"Tombamento";"Com Vítimas Feridas";"Pleno dia";"Crescente";"Sol";"Dupla";"Retorno Regulamentado";"Sim";1;0;1;0;0;0;1;1;-14,88104568;-40,85634112;"SPRF-BA";"DEL08-BA";"UOP01-DEL08-BA"
188917;2019-02-02;"sábado";"18:45:00";"GO";60;14,2;"ALEXANIA";"Defeito Mecânico no Veículo";"Colisão traseira";"Com Vítimas Feridas";"Anoitecer";"Crescente";"Céu Claro";"Simples";"Curva";"Não";2;0;1;0;1;0;1;2;-16,094168;-48,517212;"SPRF-DF";"DEL01-DF";"UOP01-DEL03-DF"
188920;2019-02-02;"sábado";"17:45:00";"CE";116;16;"FORTALEZA";"Falta de Atenção à Condução";"Colisão lateral";"Sem Vítimas";"Anoitecer";"Crescente";"Céu Claro";"Dupla";"Reta";"Sim";2;0;0;0;1;1;0;2;-3,8998;-38,5038;"SPRF-CE";"DEL01-CE";"UOP02-DEL01-CE"
188922;2019-02-02;"sábado";"10:20:00";"MA";10;187;"RIBAMAR FIQUENE";"Desobediência às normas de trânsito pelo pedestre";"Atropelamento de Pedestre";"Com Vítimas Fatais";"Pleno dia";"Decrescente";"Nublado";"Simples";"Declive";"Não";5;1;0;0;3;2;0;4;-6,080558;-47,381935;"SPRF-MA";"DEL04-MA";"UOP01-DEL04-MA"
188930;2019-02-02;"sábado";"18:45:00";"CE";20;416;"MARACANAU";"Desobediência às normas de trânsito pelo condutor";"Colisão transversal";"Com Vítimas Fatais";"Plena Noite";"Crescente";"Céu Claro";"Dupla";"Em Obras;Reta";"Sim";3;1;0;0;1;1;0;3;-3,83492393;-38,61099958;"SPRF-CE";"DEL01-CE";"UOP02-DEL01-CE"
188937;2019-02-02;"sábado";"16:30:00";"PR";476;233,2;"LAPA";"Falta de Atenção à Condução";"Colisão lateral";"Com Vítimas Feridas";"Pleno dia";"Decrescente";"Chuva";"Simples";"Curva";"Não";4;0;1;0;2;1;1;3;-25,882042;-50,008629;"SPRF-PR";"DEL02-PR";"UOP04-DEL02-PR"
188949;2019-02-02;"sábado";"20:20:00";"ES";101;293;"CARIACICA";"Velocidade Incompatível";"Tombamento";"Com Vítimas Feridas";"Plena Noite";"Crescente";"Céu Claro";"Dupla";"Retorno Regulamentado";"Sim";3;0;1;0;1;1;1;2;-20,30687889;-40,39518356;"SPRF-ES";"DEL01-ES";"UOP01-DEL01-ES"
188954;2019-02-02;"sábado";"20:50:00";"SC";280;30,2;"ARAQUARI";"Falta de Atenção à Condução";"Colisão transversal";"Com Vítimas Feridas";"Plena Noite";"Decrescente";"Chuva";"Simples";"Reta";"Não";2;0;1;0;1;0;1;2;-26,414183;-48,762218;"SPRF-SC";"DEL03-SC";"UOP03-DEL03-SC"
188969;2019-02-02;"sábado";"22:05:00";"SP";116;152;"SAO JOSE DOS CAMPOS";"Falta de Atenção à Condução";"Colisão traseira";"Com Vítimas Feridas";"Plena Noite";"Crescente";"Céu Claro";"Múltipla";"Aclive";"Sim";3;0;1;0;1;1;1;3;-23,219809;-45,899918;"SPRF-SP";"DEL02-SP";"UOP01-DEL02-SP"
188976;2019-02-02;"sábado";"21:00:00";"BA";110;274;"INHAMBUPE";"Agressão Externa";"Tombamento";"Sem Vítimas";"Plena Noite";"Decrescente";"Céu Claro";"Simples";"Reta";"Não";2;0;0;0;1;2;0;3;-11,6417;-38,3033;"SPRF-BA";"DEL01-BA";"UOP04-DEL01-BA"
188977;2019-02-02;"sábado";"23:40:00";"SP";116;488,7;"CAJATI";"Falta de Atenção à Condução";"Colisão traseira";"Com Vítimas Feridas";"Plena Noite";"Decrescente";"Céu Claro";"Dupla";"Reta";"Não";3;0;2;0;1;0;2;2;-24,73591802;-48,11771393;"SPRF-SP";"DEL05-SP";"UAP01-DEL05-SP"
188988;2019-02-03;"domingo";"01:00:00";"MT";364;399;"CUIABA";"Defeito Mecânico no Veículo";"Colisão com objeto estático";"Sem Vítimas";"Plena Noite";"Crescente";"Céu Claro";"Simples";"Reta";"Não";1;0;0;0;1;0;0;1;-15,679162;-55,930019;"SPRF-MT";"DEL02-MT";"UOP02-DEL01-MT"
189011;2019-02-03;"domingo";"07:30:00";"MG";262;360,2;"BETIM";"Ingestão de Álcool";"Colisão lateral";"Com Vítimas Feridas";"Pleno dia";"Decrescente";"Sol";"Dupla";"Aclive;Curva";"Não";3;0;2;0;1;0;2;2;-19,9726;-44,279;"SPRF-MG";"DEL01-MG";"UOP03-DEL01-MG"
189036;2019-02-03;"domingo";"06:00:00";"RO";364;449;"JARU";"Falta de Atenção à Condução";"Colisão transversal";"Sem Vítimas";"Pleno dia";"Crescente";"Céu Claro";"Simples";"Reta";"Não";3;0;0;0;2;4;0;6;-10,305009;-62,64645;"SPRF-RO";"DEL03-RO";"UOP02-DEL03-RO"
189039;2019-02-03;"domingo";"09:30:00";"AL";101;129;"SAO MIGUEL DOS CAMPOS";"Falta de Atenção à Condução";"Colisão transversal";"Com Vítimas Feridas";"Pleno dia";"Decrescente";"Nublado";"Simples";"Interseção de Vias";"Não";3;0;0;1;1;1;1;3;-9,749633;-36,065311;"SPRF-AL";"DEL02-AL";"UOP01-DEL02-AL"
189042;2019-02-03;"domingo";"10:35:00";"RJ";116;220;"PIRAI";"Falta de Atenção à Condução";"Tombamento";"Sem Vítimas";"Pleno dia";"Decrescente";"Nublado";"Simples";"Curva";"Não";2;0;0;0;1;1;0;2;-22,700907;-43,757046;"SPRF-RJ";"DEL07-RJ";"UOP01-DEL07-RJ"
189045;2019-02-03;"domingo";"09:00:00";"PB";230;291,1;"SANTA LUZIA";"Falta de Atenção do Pedestre";"Atropelamento de Pedestre";"Com Vítimas Fatais";"Pleno dia";"Decrescente";"Céu Claro";"Simples";"Reta";"Sim";3;1;0;0;1;1;0;3;-6,8691;-36,9142;"SPRF-PB";"DEL03-PB";"UOP01-DEL03-PB"
189049;2019-02-03;"domingo";"11:20:00";"RS";471;150,5;"SANTA CRUZ DO SUL";"Desobediência às normas de trânsito pelo condutor";"Colisão frontal";"Com Vítimas Feridas";"Pleno dia";"Decrescente";"Céu Claro";"Simples";"Reta";"Sim";2;0;0;1;1;0;1;2;-29,817495;-52,403397;"SPRF-RS";"DEL02-RS";"UOP02-DEL02-RS"
189055;2019-01-15;"terça-feira";"05:20:00";"GO";50;295,4;"CATALAO";"Condutor Dormindo";"Colisão frontal";"Com Vítimas Fatais";"Plena Noite";"Crescente";"Céu Claro";"Simples";"Curva";"Não";7;3;0;3;0;1;3;3;-18,2894;-48,0093;"SPRF-GO";"DEL06-GO";"UOP01-DEL06-GO"
189056;2019-02-03;"domingo";"13:03:00";"MG";251;518,2;"MONTES CLAROS";"Agressão Externa";"Queda de ocupante de veículo";"Com Vítimas Feridas";"Pleno dia";"Crescente";"Céu Claro";"Simples";"Aclive";"Não";2;0;1;0;0;1;1;2;-16,6622;-43,7657;"SPRF-MG";"DEL12-MG";"UOP01-DEL12-MG"
189058;2019-02-03;"domingo";"09:45:00";"BA";116;909,8;"ENCRUZILHADA";"Defeito Mecânico no Veículo";"Colisão traseira";"Com Vítimas Feridas";"Pleno dia";"Crescente";"Sol";"Simples";"Ponte";"Sim";7;0;1;0;5;1;1;3;-15,51348362;-41,23729175;"SPRF-BA";"DEL08-BA";"UOP03-DEL08-BA"
189060;2019-02-03;"domingo";"13:40:00";"SC";470;182,7;"POUSO REDONDO";"Ultrapassagem Indevida";"Colisão frontal";"Com Vítimas Fatais";"Pleno dia";"Decrescente";"Chuva";"Simples";"Reta";"Não";5;3;0;0;1;1;0;3;-27,252682;-50,006802;"SPRF-SC";"DEL04-SC";"UOP02-DEL04-SC"
189104;2019-02-03;"domingo";"17:10:00";"GO";364;58;"CACHOEIRA ALTA";"Falta de Atenção à Condução";"Colisão lateral";"Com Vítimas Feridas";"Pleno dia";"Crescente";"Céu Claro";"Simples";"Interseção de Vias";"Não";3;0;1;0;1;3;1;5;-18,750378;-50,936588;"SPRF-GO";"DEL05-GO";"UOP02-DEL05-GO"
189110;2019-02-03;"domingo";"09:00:00";"PR";476;170;"CONTENDA";"Condutor Dormindo";"Saída de leito carroçável";"Com Vítimas Feridas";"Pleno dia";"Crescente";"Nublado";"Dupla";"Aclive;Reta";"Sim";2;0;1;0;0;2;1;3;-25,668074;-49,503948;"SPRF-PR";"DEL01-PR";"UOP06-DEL01-PR"
189114;2019-02-03;"domingo";"18:18:00";"MG";40;467,2;"SETE LAGOAS";"Não guardar distância de segurança";"Saída de leito carroçável";"Com Vítimas Feridas";"Pleno dia";"Crescente";"Céu Claro";"Dupla";"Reta";"Não";4;0;1;0;2;1;1;3;-19,4593;-44,3033;"SPRF-MG";"DEL02-MG";"UOP01-DEL02-MG"
189123;2019-02-03;"domingo";"18:45:00";"SC";101;78,1;"ARAQUARI";"Falta de Atenção à Condução";"Colisão traseira";"Com Vítimas Feridas";"Anoitecer";"Decrescente";"Garoa/Chuvisco";"Múltipla";"Reta";"Não";7;0;3;0;3;1;3;4;-26,5708;-48,7214;"SPRF-SC";"DEL03-SC";"UOP02-DEL03-SC"
189127;2019-01-06;"domingo";"22:40:00";"RJ";40;60;"PETROPOLIS";"Falta de Atenção à Condução";"Colisão transversal";"Com Vítimas Feridas";"Plena Noite";"Crescente";"Céu Claro";"Dupla";"Reta";"Não";5;0;3;1;1;0;4;2;-22,4032;-43,1389;"SPRF-RJ";"DEL06-RJ";"UOP01-DEL06-RJ"
189129;2019-02-03;"domingo";"19:00:00";"SC";470;122,8;"IBIRAMA";"Pista Escorregadia";"Colisão frontal";"Com Vítimas Feridas";"Anoitecer";"Decrescente";"Chuva";"Simples";"Curva";"Não";7;0;3;2;1;1;5;3;-27,0954745;-49,53019738;"SPRF-SC";"DEL04-SC";"UOP02-DEL04-SC"
189133;2019-02-03;"domingo";"16:35:00";"MT";364;539,9;"VARZEA GRANDE";"Pista Escorregadia";"Colisão frontal";"Com Vítimas Feridas";"Pleno dia";"Crescente";"Chuva";"Simples";"Curva";"Não";4;0;2;0;2;0;2;2;-15,6033629;-56,20433807;"SPRF-MT";"DEL01-MT";"UOP01-DEL01-MT"
189148;2019-02-03;"domingo";"20:00:00";"MG";267;201,5;"BOM JARDIM DE MINAS";"Velocidade Incompatível";"Tombamento";"Com Vítimas Feridas";"Pleno dia";"Decrescente";"Céu Claro";"Simples";"Curva";"Não";2;0;1;0;0;1;1;2;-21,93022332;-44,10440826;"SPRF-MG";"DEL05-MG";"UOP01-DEL05-MG"
189157;2019-02-03;"domingo";"19:40:00";"MT";163;993;"TERRA NOVA DO NORTE";"Defeito na Via";"Colisão lateral";"Com Vítimas Feridas";"Plena Noite";"Decrescente";"Céu Claro";"Simples";"Reta";"Não";3;0;0;1;1;1;1;3;-10,538237;-55,083199;"SPRF-MT";"DEL06-MT";"UOP02-DEL06-MT"
189161;2019-02-03;"domingo";"20:30:00";"RJ";101;97,5;"CAMPOS DOS GOYTACAZES";"Desobediência às normas de trânsito pelo condutor";"Colisão frontal";"Com Vítimas Feridas";"Plena Noite";"Crescente";"Céu Claro";"Dupla";"Reta";"Não";5;0;2;0;1;2;2;4;-21,870911;-41,565804;"SPRF-RJ";"DEL08-RJ";"UOP02-DEL08-RJ"
189178;2019-02-03;"domingo";"19:50:00";"MT";163;1026;"PEIXOTO DE AZEVEDO";"Falta de Atenção à Condução";"Colisão traseira";"Com Vítimas Fatais";"Plena Noite";"Crescente";"Céu Claro";"Simples";"Reta";"Não";4;1;0;0;0;3;0;4;-10,33518508;-55,04013062;"SPRF-MT";"DEL06-MT";"UOP02-DEL06-MT"
189179;2019-02-03;"domingo";"20:45:00";"RJ";116;76,4;"TERESOPOLIS";"Falta de Atenção à Condução";"Capotamento";"Com Vítimas Feridas";"Plena Noite";"Crescente";"Nublado";"Simples";"Curva";"Sim";3;0;1;0;1;1;1;3;-22,38225854;-42,95502305;"SPRF-RJ";"DEL04-RJ";"UOP01-DEL04-RJ"
189192;2019-02-03;"domingo";"16:10:00";"MG";116;643,2;"FERVEDOURO";"Velocidade Incompatível";"Tombamento";"Sem Vítimas";"Pleno dia";"Crescente";"Sol";"Simples";"Curva";"Não";2;0;0;0;1;2;0;3;-20,65220441;-42,25804302;"SPRF-MG";"DEL07-MG";"UOP03-DEL07-MG"
189193;2019-02-03;"domingo";"22:00:00";"MS";163;600,9;"SAO GABRIEL DO OESTE";"Animais na Pista";"Atropelamento de Animal";"Sem Vítimas";"Plena Noite";"Decrescente";"Nublado";"Dupla";"Declive;Ponte";"Não";1;0;0;0;1;0;0;1;-19,49236227;-54,4820604;"SPRF-MS";"DEL06-MS";"UOP02-DEL06-MS"
189196;2019-02-03;"domingo";"17:40:00";"RO";364;493;"ARIQUEMES";"Não guardar distância de segurança";"Saída de leito carroçável";"Com Vítimas Feridas";"Anoitecer";"Decrescente";"Céu Claro";"Simples";"Curva";"Não";2;0;1;0;0;1;1;2;-10,090503;-62,970062;"SPRF-RO";"DEL03-RO";"UOP01-DEL03-RO"
189217;2019-02-04;"segunda-feira";"02:00:00";"SP";116;142,3;"SAO JOSE DOS CAMPOS";"Condutor Dormindo";"Colisão traseira";"Com Vítimas Feridas";"Plena Noite";"Decrescente";"Nublado";"Dupla";"Reta";"Não";3;0;1;0;1;2;1;4;-23,174294;-45,829464;"SPRF-SP";"DEL06-SP";"UOP02-DEL02-SP"
189224;2019-02-04;"segunda-feira";"03:30:00";"MT";163;80;"RONDONOPOLIS";"Condutor Dormindo";"Saída de leito carroçável";"Sem Vítimas";"Plena Noite";"Crescente";"Céu Claro";"Dupla";"Declive";"Não";3;0;0;0;2;1;0;2;-16,818165;-54,690937;"SPRF-MT";"DEL02-MT";"DEL2/2-UOP02/MT"