"id";"data_inversa";"dia_semana";"horario";"uf";"br";"km";"municipio";"causa_acidente";"tipo_acidente";"classificacao_acidente";"fase_dia";"sentido_via";"condicao_metereologica";"tipo_pista";"tracado_via";"uso_solo";"pessoas";"mortos";"feridos_leves";"feridos_graves";"ilesos";"ignorados";"feridos";"veiculos";"latitude";"longitude";"regional";"delegacia";"uop"
189840;2019-01-18;"sexta-feira";"16:11:00";"MG";381;408;"NOVA UNIAO";"Mal Súbito";"Colisão lateral";"Com Vítimas Feridas";"Pleno dia";"Crescente";"Céu Claro";"Simples";"Curva";"Sim";3;0;0;1;1;1;1;3;-19,7473052;-43,54665347;"SPRF-MG";"DEL01-MG";"UOP01-DEL01-MG"
189858;2019-02-07;"quinta-feira";"13:00:00";"GO";153;320,7;"RIANAPOLIS";"Pista Escorregadia";"Colisão com objeto estático";"Sem Vítimas";"Pleno dia";"Crescente";"Chuva";"Múltipla";"Ponte";"Não";1;0;0;0;1;0;0;1;-15,447845;-49,505455;"SPRF-GO";"DEL02-GO";"UOP02-DEL02-GO"
189865;2019-02-07;"quinta-feira";"08:40:00";"PR";376;675,9;"GUARATUBA";"Defeito Mecânico no Veículo";"Colisão traseira";"Com Vítimas Feridas";"Pleno dia";"Crescente";"Sol";"Dupla";"Reta";"Não";4;0;1;0;2;3;1;6;-25,9328985;-48,91073048;"SPRF-PR";"DEL01-PR";"DEL7/1-UOP08/PR"
189866;2019-02-07;"quinta-feira";"10:40:00";"PR";376;664;"GUARATUBA";"Velocidade Incompatível";"Colisão traseira";"Com Vítimas Feridas";"Pleno dia";"Crescente";"Céu Claro";"Dupla";"Reta";"Não";4;0;1;0;2;1;1;3;-25,854728;-48,959002;"SPRF-PR";"DEL01-PR";"DEL7/1-UOP08/PR"
189867;2019-02-07;"quinta-feira";"13:31:00";"MG";116;638,2;"DIVINO";"Velocidade Incompatível";"Colisão lateral";"Com Vítimas Feridas";"Pleno dia";"Decrescente";"Chuva";"Simples";"Reta";"Não";5;0;3;0;2;0;3;2;-20,62951645;-42,22781008;"SPRF-MG";"DEL07-MG";"UOP03-DEL07-MG"
189872;2019-02-07;"quinta-feira";"13:55:00";"MG";381;484;"BETIM";"Velocidade Incompatível";"Colisão lateral";"Com Vítimas Feridas";"Pleno dia";"Decrescente";"Chuva";"Dupla";"Reta";"Sim";7;0;2;0;4;1;2;4;-19,9595136;-44,08886433;"SPRF-MG";"DEL01-MG";"UOP03-DEL01-MG"
189873;2019-02-07;"quinta-feira";"10:00:00";"GO";153;29;"PORANGATU";"Mal Súbito";"Saída de leito carroçável";"Com Vítimas Feridas";"Pleno dia";"Decrescente";"Céu Claro";"Simples";"Reta";"Não";2;0;1;0;0;2;1;3;-13,078622;-49,188919;"SPRF-GO";"DEL07-GO";"UOP01-DEL07-GO"
189874;2019-02-07;"quinta-feira";"12:45:00";"MG";153;56;"MONTE ALEGRE DE MINAS";"Falta de Atenção à Condução";"Tombamento";"Com Vítimas Feridas";"Pleno dia";"Crescente";"Céu Claro";"Dupla";"Declive";"Não";2;0;1;0;0;1;1;2;-18,87;-49,0638;"SPRF-MG";"DEL15-MG";"UOP03-DEL15-MG"
189878;2019-02-07;"quinta-feira";"14:30:00";"MG";381;663,5;"SANTO ANTONIO DO AMPARO";"Defeito Mecânico no Veículo";"Tombamento";"Com Vítimas Feridas";"Pleno dia";"Decrescente";"Sol";"Dupla";"Curva";"Não";1;0;1;0;0;0;1;1;-21,0363;-45,0019;"SPRF-MG";"DEL04-MG";"UOP02-DEL04-MG"
189891;2019-02-07;"quinta-feira";"14:50:00";"MG";381;478,2;"CONTAGEM";"Velocidade Incompatível";"Colisão traseira";"Com Vítimas Feridas";"Pleno dia";"Decrescente";"Céu Claro";"Dupla";"Reta";"Sim";7;0;2;0;5;0;2;5;-19,9643137;-44,04693604;"SPRF-MG";"DEL01-MG";"UOP03-DEL01-MG"
189893;2019-02-07;"quinta-feira";"14:10:00";"AL";101;108;"PILAR";"Velocidade Incompatível";"Tombamento";"Sem Vítimas";"Pleno dia";"Decrescente";"Céu Claro";"Simples";"Curva;Declive;Em Obras";"Não";2;0;0;0;1;1;0;2;-9,586626;-35,9893;"SPRF-AL";"DEL02-AL";"UOP01-DEL02-AL"
189902;2019-02-07;"quinta-feira";"12:45:00";"MG";251;473,4;"FRANCISCO SA";"Velocidade Incompatível";"Saída de leito carroçável";"Com Vítimas Feridas";"Pleno dia";"Crescente";"Chuva";"Simples";"Reta";"Não";1;0;1;0;0;0;1;1;-16,4673;-43,4322;"SPRF-MG";"DEL12-MG";"UOP01-DEL12-MG"
189906;2019-02-07;"quinta-feira";"15:15:00";"SC";116;258,4;"CAPAO ALTO";"Ultrapassagem Indevida";"Colisão frontal";"Com Vítimas Fatais";"Pleno dia";"Crescente";"Céu Claro";"Simples";"Curva";"Não";2;1;0;1;0;0;1;2;-27,952471;-50,47995;"SPRF-SC";"DEL05-SC";"UOP02-DEL05-SC"
189916;2019-02-07;"quinta-feira";"16:40:00";"PE";101;78,2;"JABOATAO DOS GUARARAPES";"Desobediência às normas de trânsito pelo condutor";"Colisão transversal";"Com Vítimas Feridas";"Pleno dia";"Decrescente";"Céu Claro";"Simples";"Em Obras;Reta";"Sim";2;0;1;0;1;0;1;2;-8,1456;-34,9465;"SPRF-PE";"DEL01-PE";"UOP01-DEL01-PE"
189917;2019-02-07;"quinta-feira";"16:50:00";"MG";381;315;"NOVA ERA";"Velocidade Incompatível";"Colisão frontal";"Com Vítimas Feridas";"Pleno dia";"Crescente";"Nublado";"Simples";"Curva";"Não";3;0;2;0;1;0;2;3;-19,662674;-42,962402;"SPRF-MG";"DEL03-MG";"UOP02-DEL03-MG"
189931;2019-02-07;"quinta-feira";"17:25:00";"RJ";40;109,8;"DUQUE DE CAXIAS";"Desobediência às normas de trânsito pelo condutor";"Colisão traseira";"Com Vítimas Feridas";"Pleno dia";"Decrescente";"Céu Claro";"Múltipla";"Interseção de Vias";"Sim";3;0;1;0;2;0;1;2;-22,67287825;-43,28489196;"SPRF-RJ";"DEL01-RJ";"UOP01-DEL01-RJ"
189932;2019-02-07;"quinta-feira";"18:25:00";"MG";40;502,2;"ESMERALDAS";"Falta de Atenção à Condução";"Tombamento";"Sem Vítimas";"Anoitecer";"Crescente";"Céu Claro";"Dupla";"Retorno Regulamentado";"Não";1;0;0;0;1;0;0;1;-19,7282;-44,1532;"SPRF-MG";"DEL02-MG";"UOP01-DEL02-MG"
189942;2019-02-07;"quinta-feira";"20:30:00";"ES";101;66;"SAO MATEUS";"Falta de Atenção à Condução";"Colisão transversal";"Com Vítimas Feridas";"Plena Noite";"Decrescente";"Céu Claro";"Simples";"Reta";"Sim";2;0;0;1;1;0;1;2;-18,716522;-39,874359;"SPRF-ES";"DEL04-ES";"UOP02-DEL04-ES"
189945;2019-02-07;"quinta-feira";"13:55:00";"MT";163;827;"SINOP";"Falta de Atenção à Condução";"Colisão traseira";"Com Vítimas Feridas";"Pleno dia";"Crescente";"Céu Claro";"Dupla";"Retorno Regulamentado";"Sim";3;0;1;0;2;0;1;2;-11,92939;-55,5129;"SPRF-MT";"DEL06-MT";"UOP01-DEL06-MT"
189947;2019-02-07;"quinta-feira";"13:45:00";"MT";163;702;"SORRISO";"Defeito Mecânico no Veículo";"Incêndio";"Sem Vítimas";"Pleno dia";"Decrescente";"Céu Claro";"Simples";"Declive";"Não";2;0;0;0;1;3;0;4;-12,9574;-55,87011;"SPRF-MT";"DEL06-MT";"UOP01-DEL06-MT"
189951;2019-02-07;"quinta-feira";"18:50:00";"RJ";116;211;"SEROPEDICA";"Falta de Atenção à Condução";"Colisão lateral";"Sem Vítimas";"Anoitecer";"Decrescente";"Céu Claro";"Dupla";"Reta";"Não";3;0;0;0;2;1;0;3;-22,718443;-43,700897;"SPRF-RJ";"DEL01-RJ";"UOP03-DEL01-RJ"
189955;2019-02-07;"quinta-feira";"16:30:00";"MT";163;622;"NOVA MUTUM";"Falta de Atenção à Condução";"Engavetamento";"Sem Vítimas";"Pleno dia";"Decrescente";"Céu Claro";"Simples";"Reta";"Não";3;0;0;0;2;2;0;4;-13,46575736;-56,07559204;"SPRF-MT";"DEL01-MT";"UOP01-DEL01-MT"
189956;2019-02-07;"quinta-feira";"11:20:00";"PR";476;76;"BOCAIUVA DO SUL";"Falta de Atenção à Condução";"Saída de leito carroçável";"Com Vítimas Feridas";"Pleno dia";"Crescente";"Céu Claro";"Simples";"Curva";"Não";1;0;1;0;0;0;1;1;-25,104088;-49,112267;"SPRF-PR";"DEL01-PR";"UOP01-DEL01-PR"
189957;2019-02-07;"quinta-feira";"21:15:00";"MT";163;110,9;"RONDONOPOLIS";"Desobediência às normas de trânsito pelo condutor";"Colisão traseira";"Com Vítimas Feridas";"Plena Noite";"Crescente";"Céu Claro";"Dupla";"Reta";"Não";4;0;2;0;1;1;2;3;-16,57815;-54,68671;"SPRF-MT";"DEL02-MT";"UOP01-DEL02-MT"
189959;2019-02-07;"quinta-feira";"22:50:00";"RJ";393;215,4;"VASSOURAS";"Falta de Atenção do Pedestre";"Atropelamento de Pedestre";"Com Vítimas Feridas";"Plena Noite";"Crescente";"Céu Claro";"Dupla";"Aclive";"Não";2;0;1;0;1;0;1;2;-22,253601;-43,441303;"SPRF-RJ";"DEL05-RJ";"UOP03-DEL05-RJ"
189962;2019-02-07;"quinta-feira";"23:25:00";"MG";251;472,2;"FRANCISCO SA";"Velocidade Incompatível";"Colisão com objeto estático";"Com Vítimas Feridas";"Plena Noite";"Crescente";"Nublado";"Simples";"Curva";"Não";2;0;1;0;1;0;1;1;-16,472;-43,4251;"SPRF-MG";"DEL12-MG";"UOP01-DEL12-MG"
189963;2019-02-07;"quinta-feira";"20:20:00";"MG";365;406,5;"PATOS DE MINAS";"Defeito Mecânico no Veículo";"Colisão frontal";"Com Vítimas Fatais";"Plena Noite";"Decrescente";"Ignorado";"Múltipla";"Reta";"Não";2;1;0;1;0;0;1;2;-18,634;-46,479;"SPRF-MG";"DEL10-MG";"UOP01-DEL10-MG"
189964;2019-02-07;"quinta-feira";"22:00:00";"PI";343;348;"TERESINA";"Ultrapassagem Indevida";"Colisão transversal";"Com Vítimas Feridas";"Plena Noite";"Decrescente";"Chuva";"Dupla";"Reta";"Sim";5;0;2;0;3;0;2;3;-5,11713628;-42,78316498;"SPRF-PI";"DEL01-PI";"UOP01-DEL01-PI"
189967;2019-02-08;"sexta-feira";"01:00:00";"GO";153;534,6;"HIDROLANDIA";"Falta de Atenção do Pedestre";"Atropelamento de Pedestre";"Com Vítimas Fatais";"Plena Noite";"Crescente";"Céu Claro";"Dupla";"Declive";"Não";2;1;0;0;1;0;0;2;-17,0016;-49,2231;"SPRF-GO";"DEL01-GO";"UOP03-DEL01-GO"
189969;2019-02-08;"sexta-feira";"00:15:00";"SP";116;444,1;"REGISTRO";"Velocidade Incompatível";"Tombamento";"Com Vítimas Feridas";"Plena Noite";"Decrescente";"Céu Claro";"Dupla";"Reta";"Não";2;0;1;0;0;1;1;2;-24,49117119;-47,83615708;"SPRF-SP";"DEL05-SP";"UOP01-DEL05-SP"
189971;2019-02-07;"quinta-feira";"22:10:00";"MG";40;52,1;"PARACATU";"Falta de Atenção à Condução";"Saída de leito carroçável";"Sem Vítimas";"Plena Noite";"Crescente";"Nublado";"Simples";"Reta";"Não";2;0;0;0;1;1;0;2;-17,251781;-46,788681;"SPRF-MG";"DEL14-MG";"UOP01-DEL14-MG"
189974;2019-02-08;"sexta-feira";"02:20:00";"MT";163;926;"ITAUBA";"Condutor Dormindo";"Colisão frontal";"Com Vítimas Fatais";"Plena Noite";"Decrescente";"Céu Claro";"Simples";"Reta";"Não";4;2;0;0;2;0;0;2;-11,087774;-55,289997;"SPRF-MT";"DEL06-MT";"UOP02-DEL06-MT"
189977;2019-02-08;"sexta-feira";"00:30:00";"RO";364;451;"JARU";"Ingestão de Álcool";"Colisão transversal";"Com Vítimas Feridas";"Plena Noite";"Crescente";"Céu Claro";"Simples";"Reta";"Não";6;0;1;0;3;4;1;8;-10,294221;-62,661133;"SPRF-RO";"DEL03-RO";"UOP02-DEL03-RO"
189978;2019-02-08;"sexta-feira";"04:05:00";"MT";163;750,8;"SORRISO";"Falta de Atenção à Condução";"Colisão traseira";"Com Vítimas Feridas";"Plena Noite";"Crescente";"Garoa/Chuvisco";"Dupla";"Reta";"Sim";3;0;0;1;0;2;1;3;-12,56705;-55,72387;"SPRF-MT";"DEL06-MT";"UOP01-DEL06-MT"
189980;2019-02-08;"sexta-feira";"04:30:00";"SC";101;186;"BIGUACU";"Condutor Dormindo";"Tombamento";"Com Vítimas Feridas";"Plena Noite";"Crescente";"Céu Claro";"Múltipla";"Curva";"Não";2;0;1;0;0;1;1;2;-27,4432;-48,6284;"SPRF-SC";"DEL01-SC";"UOP01-DEL01-SC"
189981;2019-02-08;"sexta-feira";"03:40:00";"CE";116;25,4;"ITAITINGA";"Condutor Dormindo";"Colisão com objeto estático";"Com Vítimas Feridas";"Plena Noite";"Decrescente";"Céu Claro";"Dupla";"Reta";"Não";2;0;0;1;1;0;1;2;-3,9797;-38,514;"SPRF-CE";"DEL01-CE";"UOP02-DEL01-CE"
189984;2019-02-08;"sexta-feira";"05:40:00";"RJ";116;224;"PARACAMBI";"Falta de Atenção à Condução";"Colisão traseira";"Sem Vítimas";"Amanhecer";"Decrescente";"Céu Claro";"Simples";"Curva";"Não";3;0;0;0;2;2;0;4;-22,679905;-43,814217;"SPRF-RJ";"DEL07-RJ";"UOP01-DEL07-RJ"
189986;2019-02-08;"sexta-feira";"05:05:00";"PE";101;25,2;"IGARASSU";"Falta de Atenção à Condução";"Colisão traseira";"Com Vítimas Feridas";"Pleno dia";"Crescente";"Céu Claro";"Dupla";"Aclive;Reta";"Não";2;0;1;0;1;0;1;2;-7,7087;-34,9284;"SPRF-PE";"DEL01-PE";"UOP02-DEL01-PE"
189992;2019-02-08;"sexta-feira";"06:20:00";"MS";163;470,8;"CAMPO GRANDE";"Desobediência às normas de trânsito pelo condutor";"Colisão lateral";"Com Vítimas Feridas";"Pleno dia";"Decrescente";"Céu Claro";"Simples";"Interseção de Vias";"Não";2;0;0;1;0;1;1;2;-20,554848;-54,555852;"SPRF-MS";"DEL01-MS";"UOP01-DEL01-MS"
189993;2019-02-08;"sexta-feira";"06:00:00";"GO";153;412;"PIRENOPOLIS";"Defeito Mecânico no Veículo";"Saída de leito carroçável";"Com Vítimas Feridas";"Amanhecer";"Decrescente";"Nublado";"Simples";"Declive;Reta";"Não";3;0;1;0;0;3;1;4;-16,112646;-49,03146;"SPRF-GO";"DEL02-GO";"UOP01-DEL02-GO"
189994;2019-02-08;"sexta-feira";"05:00:00";"RJ";101;206;"CASIMIRO DE ABREU";"Condutor Dormindo";"Colisão traseira";"Com Vítimas Feridas";"Amanhecer";"Decrescente";"Céu Claro";"Simples";"Reta";"Sim";6;0;2;0;3;1;2;3;-22,476734;-42,201725;"SPRF-RJ";"DEL02-RJ";"UOP04-DEL08-RJ"
189998;2019-02-08;"sexta-feira";"05:00:00";"PI";135;617;"CRISTALANDIA DO PIAUI";"Pista Escorregadia";"Tombamento";"Com Vítimas Feridas";"Amanhecer";"Crescente";"Chuva";"Simples";"Reta";"Não";13;0;7;3;2;1;10;3;-10,643916;-45,182087;"SPRF-PI";"DEL03-PI";"UOP02-DEL03-PI"
190006;2019-02-08;"sexta-feira";"08:10:00";"MG";381;503,8;"BETIM";"Não guardar distância de segurança";"Engavetamento";"Com Vítimas Feridas";"Pleno dia";"Decrescente";"Céu Claro";"Dupla";"Reta";"Sim";4;0;1;0;2;1;1;4;-20,0304;-44,236;"SPRF-MG";"DEL01-MG";"UOP03-DEL01-MG"
190014;2019-02-08;"sexta-feira";"07:30:00";"PB";101;87,5;"JOAO PESSOA";"Não guardar distância de segurança";"Colisão lateral";"Com Vítimas Feridas";"Pleno dia";"Crescente";"Nublado";"Dupla";"Reta";"Sim";9;0;5;0;3;1;5;4;-7,16350073;-34,9016118;"SPRF-PB";"DEL01-PB";"UOP01-DEL01-PB"
190017;2019-02-08;"sexta-feira";"07:40:00";"MS";262;326,7;"CAMPO GRANDE";"Falta de Atenção à Condução";"Colisão transversal";"Sem Vítimas";"Pleno dia";"Decrescente";"Céu Claro";"Dupla";"Reta";"Sim";3;0;0;0;2;1;0;3;-20,467199;-54,540829;"SPRF-MS";"DEL01-MS";"UOP01-DEL01-MS"
190019;2019-01-31;"quinta-feira";"21:55:00";"SC";101;226;"PALHOCA";"Ultrapassagem Indevida";"Colisão lateral";"Com Vítimas Feridas";"Plena Noite";"Crescente";"Nublado";"Dupla";"Reta";"Não";2;0;1;0;1;0;1;2;-27,7508;-48,6346;"SPRF-SC";"DEL01-SC";"UOP02-DEL01-SC"
190021;2019-02-07;"quinta-feira";"17:30:00";"AC";364;111;"RIO BRANCO";"Ingestão de Álcool";"Colisão frontal";"Com Vítimas Feridas";"Pleno dia";"Crescente";"Nublado";"Simples";"Reta";"Não";3;0;1;0;2;0;1;3;-10,013854;-67,674088;"SPRF-AC";"DEL01-AC";"UOP01-DEL01-AC"
190025;2019-02-08;"sexta-feira";"09:25:00";"RS";101;86;"OSORIO";"Desobediência às normas de trânsito pelo pedestre";"Atropelamento de Pedestre";"Com Vítimas Fatais";"Pleno dia";"Crescente";"Céu Claro";"Dupla";"Retorno Regulamentado";"Sim";4;1;1;0;1;1;1;3;-29,8797;-50,2617;"SPRF-RS";"DEL03-RS";"UOP01-DEL03-RS"
190030;2019-02-07;"quinta-feira";"23:45:00";"RN";101;36,4;"MAXARANGUAPE";"Agressão Externa";"Saída de leito carroçável";"Com Vítimas Feridas";"Plena Noite";"Crescente";"Nublado";"Simples";"Reta";"Não";2;0;1;0;1;0;1;2;-5,415179;-35,350685;"SPRF-RN";"DEL02-RN";"UOP01-DEL02-RN"
190034;2019-02-08;"sexta-feira";"09:35:00";"RN";304;277,9;"MACAIBA";"Desobediência às normas de trânsito pelo condutor";"Colisão frontal";"Com Vítimas Fatais";"Pleno dia";"Crescente";"Céu Claro";"Simples";"Reta";"Não";3;1;0;0;1;1;0;3;-5,887838;-35,498127;"SPRF-RN";"DEL01-RN";"UOP02-DEL01-RN"
190036;2019-02-08;"sexta-feira";"10:15:00";"MA";135;7,4;"SAO LUIS";"Desobediência às normas de trânsito pelo condutor";"Colisão transversal";"Sem Vítimas";"Pleno dia";"Crescente";"Céu Claro";"Dupla";"Reta";"Sim";2;0;0;0;2;0;0;2;-2,636088;-44,268486;"SPRF-MA";"DEL01-MA";"UOP01-DEL01-MA"
190038;2019-01-03;"quinta-feira";"21:10:00";"SC";101;135;"BALNEARIO CAMBORIU";"Falta de Atenção à Condução";"Colisão traseira";"Sem Vítimas";"Plena Noite";"Decrescente";"Chuva";"Simples";"Reta";"Não";3;0;0;0;2;1;0;3;-27,0081;-48,617;"SPRF-SC";"DEL04-SC";"UOP03-DEL04-SC"
190039;2019-02-08;"sexta-feira";"11:45:00";"MG";381;498,8;"BETIM";"Falta de Atenção à Condução";"Colisão lateral";"Sem Vítimas";"Pleno dia";"Crescente";"Nublado";"Dupla";"Reta;Declive";"Não";3;0;0;0;2;2;0;4;-19,9954;-44,208;"SPRF-MG";"DEL01-MG";"UOP03-DEL01-MG"
190040;2019-02-08;"sexta-feira";"11:00:00";"PE";232;515;"SALGUEIRO";"Falta de Atenção à Condução";"Colisão lateral";"Com Vítimas Feridas";"Pleno dia";"Decrescente";"Céu Claro";"Simples";"Aclive;Reta";"Sim";3;0;1;0;1;1;1;3;-8,0655106;-39,19048104;"SPRF-PE";"DEL05-PE";"UOP01-DEL05-PE"
190041;2019-02-08;"sexta-feira";"09:25:00";"MA";10;249;"IMPERATRIZ";"Desobediência às normas de trânsito pelo condutor";"Colisão lateral";"Com Vítimas Feridas";"Pleno dia";"Crescente";"Céu Claro";"Simples";"Reta";"Não";3;0;1;0;2;0;1;3;-5,558508;-47,45417;"SPRF-MA";"DEL04-MA";"UOP01-DEL04-MA"
190043;2019-02-08;"sexta-feira";"11:20:00";"RS";285;289,3;"PASSO FUNDO";"Desobediência às normas de trânsito pelo condutor";"Colisão transversal";"Com Vítimas Feridas";"Pleno dia";"Crescente";"Sol";"Dupla";"Interseção de Vias";"Sim";3;0;0;2;1;0;2;2;-28,23706534;-52,37440109;"SPRF-RS";"DEL08-RS";"UOP03-DEL08-RS"
190047;2019-02-08;"sexta-feira";"12:00:00";"PR";277;294;"PRUDENTOPOLIS";"Falta de Atenção à Condução";"Colisão lateral";"Com Vítimas Feridas";"Pleno dia";"Crescente";"Céu Claro";"Simples";"Reta";"Não";3;0;0;1;1;1;1;3;-25,29938697;-51,11674916;"SPRF-PR";"DEL03-PR";"UOP02-DEL08-PR"
190048;2019-02-08;"sexta-feira";"06:00:00";"MT";364;1;"ALTO ARAGUAIA";"Falta de Atenção à Condução";"Colisão lateral";"Com Vítimas Feridas";"Amanhecer";"Decrescente";"Céu Claro";"Dupla";"Reta";"Sim";2;0;0;1;1;0;1;2;-17,312273;-53,218285;"SPRF-MT";"DEL02-MT";"UOP02-DEL02-MT"
190056;2019-02-08;"sexta-feira";"13:25:00";"MG";40;626,9;"CONSELHEIRO LAFAIETE";"Falta de Atenção à Condução";"Colisão transversal";"Com Vítimas Feridas";"Pleno dia";"Decrescente";"Céu Claro";"Simples";"Curva";"Não";2;0;2;0;0;0;2;2;-20,6366;-43,8139;"SPRF-MG";"DEL05-MG";"UOP02-DEL05-MG"
190057;2019-02-08;"sexta-feira";"12:20:00";"RJ";101;208;"CASIMIRO DE ABREU";"Falta de Atenção à Condução";"Colisão lateral";"Sem Vítimas";"Pleno dia";"Crescente";"Céu Claro";"Simples";"Reta";"Não";2;0;0;0;2;0;0;2;-22,480673;-42,220177;"SPRF-RJ";"DEL02-RJ";"UOP04-DEL08-RJ"
190058;2019-02-08;"sexta-feira";"13:30:00";"MG";50;101;"UBERLANDIA";"Falta de Atenção à Condução";"Colisão lateral";"Sem Vítimas";"Pleno dia";"Crescente";"Céu Claro";"Dupla";"Aclive";"Não";6;0;0;0;5;2;0;6;-19,1545;-48,1652;"SPRF-MG";"DEL15-MG";"UOP01-DEL15-MG"
190065;2019-02-08;"sexta-feira";"07:55:00";"SC";282;43,8;"AGUAS MORNAS";"Velocidade Incompatível";"Saída de leito carroçável";"Com Vítimas Fatais";"Pleno dia";"Decrescente";"Céu Claro";"Simples";"Curva";"Não";1;1;0;0;0;0;0;1;-27,719458;-48,897526;"SPRF-SC";"DEL01-SC";"UOP03-DEL01-SC"
190073;2019-02-08;"sexta-feira";"12:00:00";"MA";316;615,9;"TIMON";"Falta de Atenção à Condução";"Colisão traseira";"Sem Vítimas";"Pleno dia";"Crescente";"Céu Claro";"Dupla";"Reta";"Sim";3;0;0;0;2;1;0;3;-5,086548;-42,837265;"SPRF-MA";"DEL03-MA";"UOP02-DEL03-MA"
190075;2019-02-08;"sexta-feira";"12:00:00";"MG";365;253,4;"JOAO PINHEIRO";"Pista Escorregadia";"Capotamento";"Com Vítimas Feridas";"Pleno dia";"Crescente";"Chuva";"Simples";"Curva";"Não";2;0;2;0;0;0;2;1;-17,850876;-45,464699;"SPRF-MG";"DEL14-MG";"UOP02-DEL14-MG"
190076;2019-02-08;"sexta-feira";"14:00:00";"PR";116;109,3;"CURITIBA";"Falta de Atenção à Condução";"Colisão lateral";"Com Vítimas Feridas";"Pleno dia";"Decrescente";"Sol";"Dupla";"Reta";"Sim";3;0;1;0;2;0;1;2;-25,569897;-49,187782;"SPRF-PR";"DEL01-PR";"UOP01-DEL01-PR"
190078;2019-02-08;"sexta-feira";"09:00:00";"RO";364;483;"CACAULANDIA";"Falta de Atenção à Condução";"Saída de leito carroçável";"Sem Vítimas";"Pleno dia";"Crescente";"Céu Claro";"Simples";"Reta";"Não";2;0;0;0;1;1;0;2;-10,126549;-62,887638;"SPRF-RO";"DEL03-RO";"UOP01-DEL03-RO"
190084;2019-02-08;"sexta-feira";"15:05:00";"SC";101;199,5;"SAO JOSE";"Falta de Atenção à Condução";"Engavetamento";"Com Vítimas Feridas";"Pleno dia";"Crescente";"Céu Claro";"Dupla";"Aclive";"Sim";10;0;3;0;6;1;3;8;-27,5402;-48,6226;"SPRF-SC";"DEL01-SC";"UOP01-DEL01-SC"
190090;2019-02-08;"sexta-feira";"15:45:00";"GO";60;180,5;"ABADIA DE GOIAS";"Defeito Mecânico no Veículo";"Danos eventuais";"Sem Vítimas";"Pleno dia";"Decrescente";"Céu Claro";"Dupla";"Aclive";"Não";2;0;0;0;1;1;0;2;-16,7666;-49,4751;"SPRF-GO";"DEL01-GO";"UOP02-DEL01-GO"
190091;2019-02-08;"sexta-feira";"05:30:00";"MG";262;570;"CORREGO DANTA";"Falta de Atenção à Condução";"Saída de leito carroçável";"Sem Vítimas";"Plena Noite";"Crescente";"Céu Claro";"Simples";"Curva";"Não";1;0;0;0;1;0;0;1;-19,72961;-46,018539;"SPRF-MG";"N/A";"N/A"
190095;2019-02-08;"sexta-feira";"14:10:00";"RO";364;241,2;"CACOAL";"Fenômenos da Natureza";"Tombamento";"Com Vítimas Fatais";"Pleno dia";"Crescente";"Chuva";"Simples";"Curva";"Sim";3;1;0;0;2;0;0;2;-11,440706;-61,478619;"SPRF-RO";"DEL02-RO";"UOP02-DEL02-RO"
190096;2019-02-08;"sexta-feira";"13:30:00";"MT";364;584;"DIAMANTINO";"Pista Escorregadia";"Saída de leito carroçável";"Sem Vítimas";"Pleno dia";"Decrescente";"Chuva";"Dupla";"Declive";"Não";2;0;0;0;1;3;0;4;-14,54603472;-56,2304306;"SPRF-MT";"DEL01-MT";"UOP01-DEL01-MT"
190099;2019-02-08;"sexta-feira";"12:10:00";"MG";116;126,8;"ITAOBIM";"Falta de Atenção à Condução";"Tombamento";"Com Vítimas Feridas";"Pleno dia";"Crescente";"Céu Claro";"Simples";"Curva";"Não";3;0;1;0;0;2;1;3;-16,66607991;-41,50255064;"SPRF-MG";"DEL11-MG";"UOP02-DEL11-MG"
190106;2019-02-08;"sexta-feira";"16:45:00";"GO";60;239;"INDIARA";"Fenômenos da Natureza";"Saída de leito carroçável";"Sem Vítimas";"Pleno dia";"Crescente";"Chuva";"Dupla";"Aclive;Retorno Regulamentado";"Não";2;0;0;0;1;1;0;2;-17,0946;-49,8649;"SPRF-GO";"DEL01-GO";"UOP02-DEL01-GO"
190116;2019-02-08;"sexta-feira";"15:45:00";"PR";376;127,1;"ALTO PARANA";"Mal Súbito";"Colisão traseira";"Com Vítimas Feridas";"Pleno dia";"Decrescente";"Céu Claro";"Dupla";"Reta;Aclive";"Não";3;0;1;0;1;3;1;5;-23,132568;-52,297016;"SPRF-PR";"DEL07-PR";"UOP02-DEL09-PR"
190128;2019-02-08;"sexta-feira";"16:00:00";"CE";222;4,9;"CAUCAIA";"Falta de Atenção à Condução";"Colisão traseira";"Com Vítimas Feridas";"Pleno dia";"Decrescente";"Céu Claro";"Simples";"Reta";"Sim";3;0;1;0;1;1;1;3;-3,74312527;-38,61341357;"SPRF-CE";"DEL01-CE";"UOP01-DEL01-CE"
190130;2019-02-08;"sexta-feira";"16:50:00";"MG";116;269,7;"TEOFILO OTONI";"Desobediência às normas de trânsito pelo pedestre";"Queda de ocupante de veículo";"Com Vítimas Feridas";"Pleno dia";"Decrescente";"Sol";"Simples";"Curva;Aclive";"Não";2;0;1;0;0;1;1;1;-17,797257;-41,499383;"SPRF-MG";"DEL11-MG";"UOP01-DEL11-MG"
190132;2019-02-08;"sexta-feira";"17:45:00";"RJ";40;82;"PETROPOLIS";"Falta de Atenção à Condução";"Colisão lateral";"Sem Vítimas";"Pleno dia";"Decrescente";"Nublado";"Simples";"Em Obras";"Não";2;0;0;0;2;0;0;2;-22,5399;-43,2241;"SPRF-RJ";"DEL06-RJ";"UOP01-DEL06-RJ"
190134;2019-02-08;"sexta-feira";"16:35:00";"MG";262;629,8;"IBIA";"Ultrapassagem Indevida";"Saída de leito carroçável";"Com Vítimas Feridas";"Pleno dia";"Crescente";"Sol";"Simples";"Curva";"Não";1;0;1;0;0;0;1;1;-19,591888;-46,48101;"SPRF-MG";"DEL08-MG";"UOP01-DEL08-MG"