"id";"data_inversa";"dia_semana";"horario";"uf";"br";"km";"municipio";"causa_acidente";"tipo_acidente";"classificacao_acidente";"fase_dia";"sentido_via";"condicao_metereologica";"tipo_pista";"tracado_via";"uso_solo";"pessoas";"mortos";"feridos_leves";"feridos_graves";"ilesos";"ignorados";"feridos";"veiculos";"latitude";"longitude";"regional";"delegacia";"uop"
191463;2019-02-07;"quinta-feira";"18:40:00";"ES";101;255,9;"SERRA";"Desobediência às normas de trânsito pelo pedestre";"Atropelamento de Pedestre";"Com Vítimas Fatais";"Anoitecer";"Decrescente";"Chuva";"Simples";"Aclive";"Sim";4;1;0;0;1;2;0;3;-20,11983465;-40,30962288;"SPRF-ES";"DEL02-ES";"UOP01-DEL02-ES"
191464;2019-02-15;"sexta-feira";"12:00:00";"MT";364;250;"JUSCIMEIRA";"Defeito Mecânico no Veículo";"Incêndio";"Sem Vítimas";"Pleno dia";"Decrescente";"Sol";"Múltipla";"Reta";"Não";2;0;0;0;1;2;0;3;-16,120285;-54,853344;"SPRF-MT";"DEL02-MT";"UOP01-DEL02-MT"
191466;2019-02-15;"sexta-feira";"15:50:00";"MG";381;489,9;"BETIM";"Falta de Atenção à Condução";"Colisão lateral";"Com Vítimas Feridas";"Pleno dia";"Crescente";"Sol";"Dupla";"Reta";"Sim";4;0;2;0;1;1;2;4;-19,9563;-44,1428;"SPRF-MG";"DEL01-MG";"UOP03-DEL01-MG"
191467;2019-01-14;"segunda-feira";"16:00:00";"MG";50;177;"UBERABA";"Falta de Atenção à Condução";"Colisão lateral";"Com Vítimas Feridas";"Pleno dia";"Crescente";"Ignorado";"Dupla";"Viaduto";"Sim";2;0;0;1;0;1;1;2;-19,779;-47,9413;"SPRF-MG";"DEL13-MG";"UOP01-DEL13-MG"
191479;2019-02-15;"sexta-feira";"15:50:00";"TO";153;141,3;"ARAGUAINA";"Falta de Atenção à Condução";"Colisão lateral";"Sem Vítimas";"Pleno dia";"Decrescente";"Céu Claro";"Dupla";"Reta";"Sim";3;0;0;0;2;2;0;4;-7,17597;-48,219559;"SPRF-TO";"DEL02-TO";"UOP01-DEL02-TO"
191480;2019-02-15;"sexta-feira";"13:30:00";"SP";116;504;"CAJATI";"Pista Escorregadia";"Colisão com objeto estático";"Sem Vítimas";"Pleno dia";"Decrescente";"Chuva";"Simples";"Curva";"Não";2;0;0;0;1;1;0;2;-24,79702002;-48,20895195;"SPRF-SP";"DEL05-SP";"UAP01-DEL05-SP"
191498;2019-02-15;"sexta-feira";"16:55:00";"SC";280;241;"CANOINHAS";"Não guardar distância de segurança";"Colisão lateral";"Com Vítimas Feridas";"Pleno dia";"Decrescente";"Garoa/Chuvisco";"Simples";"Reta;Aclive";"Não";3;0;1;0;2;0;1;2;-26,225103;-50,460045;"SPRF-SC";"DEL06-SC";"UOP04-DEL06-SC"
191504;2019-02-15;"sexta-feira";"11:20:00";"SP";116;163,9;"JACAREI";"Falta de Atenção à Condução";"Colisão traseira";"Com Vítimas Fatais";"Pleno dia";"Crescente";"Nublado";"Dupla";"Reta";"Não";8;1;1;4;2;0;5;3;-23,289843;-45,997548;"SPRF-SP";"DEL02-SP";"UOP01-DEL02-SP"
191508;2019-02-15;"sexta-feira";"18:30:00";"RN";304;152,3;"ANGICOS";"Animais na Pista";"Atropelamento de Animal";"Com Vítimas Feridas";"Plena Noite";"Crescente";"Céu Claro";"Simples";"Reta";"Não";5;0;3;0;1;1;3;3;-5,692399;-36,589134;"SPRF-RN";"DEL04-RN";"UOP01-DEL04-RN"
191509;2019-02-15;"sexta-feira";"19:40:00";"ES";101;143;"LINHARES";"Falta de Atenção à Condução";"Colisão traseira";"Com Vítimas Feridas";"Plena Noite";"Crescente";"Céu Claro";"Dupla";"Reta";"Sim";2;0;1;0;1;0;1;2;-19,3684021;-40,06546855;"SPRF-ES";"DEL04-ES";"UOP01-DEL04-ES"
191510;2019-02-15;"sexta-feira";"17:50:00";"BA";324;612;"SIMOES FILHO";"Não guardar distância de segurança";"Colisão traseira";"Com Vítimas Feridas";"Anoitecer";"Crescente";"Céu Claro";"Dupla";"Reta";"Sim";6;0;6;0;0;0;6;2;-12,85619;-38,420879;"SPRF-BA";"DEL01-BA";"UOP01-DEL01-BA"
191520;2019-02-15;"sexta-feira";"18:50:00";"BA";101;333;"PRESIDENTE TANCREDO NEVES";"Velocidade Incompatível";"Colisão traseira";"Com Vítimas Fatais";"Plena Noite";"Decrescente";"Céu Claro";"Simples";"Reta";"Não";3;2;0;0;0;1;0;2;-13,4965;-39,4342;"SPRF-BA";"DEL05-BA";"UOP03-DEL05-BA"
191521;2019-02-15;"sexta-feira";"15:20:00";"SC";282;498;"XANXERE";"Ingestão de Álcool";"Colisão lateral";"Com Vítimas Fatais";"Pleno dia";"Decrescente";"Nublado";"Simples";"Aclive";"Não";6;1;0;2;2;1;2;6;-26,87978;-52,353825;"SPRF-SC";"DEL07-SC";"UOP01-DEL07-SC"
191522;2019-02-15;"sexta-feira";"20:20:00";"MG";354;760,9;"ITAMONTE";"Pista Escorregadia";"Colisão frontal";"Com Vítimas Feridas";"Plena Noite";"Decrescente";"Nublado";"Simples";"Curva";"Não";5;0;1;2;2;0;3;2;-22,32925795;-44,83615659;"SPRF-MG";"DEL16-MG";"UOP02-DEL16-MG"
191528;2019-02-15;"sexta-feira";"19:45:00";"MT";364;448;"VARZEA GRANDE";"Restrição de Visibilidade";"Colisão traseira";"Com Vítimas Feridas";"Plena Noite";"Decrescente";"Chuva";"Simples";"Reta";"Não";3;0;2;0;1;0;2;2;-15,599837;-56,208927;"SPRF-MT";"DEL01-MT";"DEL2/4-UOP02/MT"
191535;2019-02-15;"sexta-feira";"18:50:00";"BA";110;396,2;"SAO SEBASTIAO DO PASSE";"Falta de Atenção à Condução";"Colisão frontal";"Sem Vítimas";"Plena Noite";"Decrescente";"Céu Claro";"Simples";"Reta";"Sim";3;0;0;0;1;2;0;3;-12,52938688;-38,50167274;"SPRF-BA";"DEL01-BA";"UOP01-DEL01-BA"
191542;2019-02-15;"sexta-feira";"18:00:00";"PR";376;525;"PONTA GROSSA";"Avarias e/ou desgaste excessivo no pneu";"Saída de leito carroçável";"Com Vítimas Feridas";"Pleno dia";"Decrescente";"Chuva";"Dupla";"Curva";"Não";2;0;2;0;0;0;2;1;-25,26489642;-49,95741427;"SPRF-PR";"DEL03-PR";"UOP04-DEL03-PR"
191543;2019-02-15;"sexta-feira";"17:25:00";"MT";364;348;"SANTO ANTONIO DO LEVERGER";"Defeito Mecânico no Veículo";"Colisão traseira";"Com Vítimas Feridas";"Pleno dia";"Crescente";"Céu Claro";"Dupla";"Declive";"Não";3;0;1;0;1;3;1;5;-15,80417;-55,554317;"SPRF-MT";"DEL02-MT";"UOP02-DEL01-MT"
191546;2019-02-15;"sexta-feira";"19:00:00";"RS";392;265;"CACAPAVA DO SUL";"Velocidade Incompatível";"Colisão transversal";"Com Vítimas Feridas";"Pleno dia";"Crescente";"Chuva";"Simples";"Curva";"Não";5;0;4;0;1;0;4;2;-30,434811;-53,500072;"SPRF-RS";"DEL09-RS";"UOP02-DEL09-RS"
191556;2019-02-15;"sexta-feira";"21:00:00";"RS";101;7;"TORRES";"Desobediência às normas de trânsito pelo condutor";"Colisão transversal";"Com Vítimas Feridas";"Plena Noite";"Decrescente";"Céu Claro";"Dupla";"Curva";"Sim";4;0;3;0;0;1;3;3;-29,354038;-49,800503;"SPRF-RS";"DEL03-RS";"DEL9/3-UOP03/RS"
191560;2019-02-15;"sexta-feira";"16:30:00";"PR";476;338;"PAULA FREITAS";"Mal Súbito";"Colisão frontal";"Com Vítimas Fatais";"Pleno dia";"Decrescente";"Chuva";"Simples";"Reta";"Não";4;1;0;1;0;2;1;4;-26,15086;-50,876347;"SPRF-PR";"DEL02-PR";"UOP03-DEL02-PR"
191564;2019-02-15;"sexta-feira";"21:20:00";"MG";40;527;"CONTAGEM";"Falta de Atenção à Condução";"Colisão traseira";"Com Vítimas Feridas";"Plena Noite";"Decrescente";"Nublado";"Dupla";"Declive;Reta";"Sim";4;0;2;0;2;0;2;3;-19,9105;-44,0427;"SPRF-MG";"DEL01-MG";"UOP03-DEL01-MG"
191571;2019-02-15;"sexta-feira";"18:00:00";"PI";316;407;"MARCOLANDIA";"Pista Escorregadia";"Saída de leito carroçável";"Sem Vítimas";"Plena Noite";"Crescente";"Chuva";"Simples";"Reta";"Não";1;0;0;0;1;0;0;1;-7,4230394;-40,70709597;"SPRF-PI";"DEL04-PI";"UOP03-DEL04-PI"
191574;2019-02-15;"sexta-feira";"23:30:00";"TO";153;749,8;"ALVORADA";"Ultrapassagem Indevida";"Colisão frontal";"Com Vítimas Fatais";"Plena Noite";"Crescente";"Nublado";"Simples";"Curva";"Não";3;1;0;0;2;0;0;3;-12,40031282;-49,12934661;"SPRF-TO";"DEL02-TO";"UOP02-DEL01-TO"
191602;2019-02-16;"sábado";"02:00:00";"GO";20;61,6;"FORMOSA";"Defeito Mecânico no Veículo";"Tombamento";"Sem Vítimas";"Plena Noite";"Decrescente";"Céu Claro";"Simples";"Aclive";"Não";3;0;0;0;2;1;0;2;-15,238772;-47,17049;"SPRF-DF";"DEL02-DF";"UOP01-DEL02-DF"
191610;2019-02-16;"sábado";"07:10:00";"SC";101;184;"BIGUACU";"Condutor Dormindo";"Colisão traseira";"Com Vítimas Feridas";"Pleno dia";"Decrescente";"Nublado";"Dupla";"Reta";"Não";2;0;1;0;1;0;1;2;-27,4254;-48,6244;"SPRF-SC";"DEL01-SC";"UOP01-DEL01-SC"
191615;2019-02-16;"sábado";"07:50:00";"MG";381;415,5;"NOVA UNIAO";"Desobediência às normas de trânsito pelo condutor";"Colisão frontal";"Com Vítimas Feridas";"Pleno dia";"Crescente";"Chuva";"Simples";"Curva";"Não";4;0;2;0;1;1;2;3;-19,7235016;-43,5794946;"SPRF-MG";"DEL01-MG";"UOP01-DEL01-MG"
191620;2019-02-16;"sábado";"08:03:00";"MG";153;104,1;"PRATA";"Pista Escorregadia";"Colisão frontal";"Com Vítimas Fatais";"Pleno dia";"Crescente";"Chuva";"Simples";"Declive";"Não";5;2;0;0;1;2;0;4;-19,286355;-48,9125061;"SPRF-MG";"DEL15-MG";"UOP03-DEL15-MG"
191625;2019-02-16;"sábado";"06:00:00";"RJ";116;15;"SAPUCAIA";"Velocidade Incompatível";"Colisão frontal";"Com Vítimas Feridas";"Amanhecer";"Crescente";"Chuva";"Simples";"Curva";"Não";2;0;1;1;0;0;2;2;-21,967014;-42,742409;"SPRF-RJ";"DEL04-RJ";"UOP01-DEL04-RJ"
191628;2019-02-16;"sábado";"07:35:00";"PR";376;1,2;"SAO JOSE DOS PINHAIS";"Falta de Atenção à Condução";"Colisão lateral";"Sem Vítimas";"Pleno dia";"Crescente";"Garoa/Chuvisco";"Múltipla";"Interseção de Vias";"Sim";2;0;0;0;2;0;0;2;-25,55840581;-49,18526622;"SPRF-PR";"DEL01-PR";"DEL7/1-UOP08/PR"
191636;2019-02-11;"segunda-feira";"15:30:00";"BA";116;576;"BREJOES";"Ultrapassagem Indevida";"Colisão frontal";"Com Vítimas Feridas";"Pleno dia";"Decrescente";"Céu Claro";"Simples";"Curva";"Não";5;0;0;2;2;1;2;4;-13,05845098;-39,95703936;"SPRF-BA";"DEL03-BA";"UOP02-DEL03-BA"
191641;2019-02-16;"sábado";"09:20:00";"MS";163;843;"SONORA";"Falta de Atenção à Condução";"Tombamento";"Com Vítimas Feridas";"Pleno dia";"Decrescente";"Céu Claro";"Simples";"Reta";"Não";2;0;1;0;0;2;1;3;-17,55260817;-54,74150511;"SPRF-MS";"DEL06-MS";"UOP01-DEL06-MS"
191643;2019-02-16;"sábado";"10:00:00";"MG";381;931,5;"EXTREMA";"Objeto estático sobre o leito carroçável";"Colisão traseira";"Com Vítimas Fatais";"Pleno dia";"Decrescente";"Chuva";"Dupla";"Curva";"Não";12;1;2;0;8;3;2;9;-22,78864022;-46,24429286;"SPRF-MG";"DEL16-MG";"UOP03-DEL16-MG"
191647;2019-02-16;"sábado";"09:40:00";"CE";222;31,6;"CAUCAIA";"Desobediência às normas de trânsito pelo condutor";"Colisão transversal";"Com Vítimas Feridas";"Pleno dia";"Crescente";"Nublado";"Dupla";"Interseção de Vias";"Não";3;0;1;0;1;1;1;3;-3,702955;-38,855762;"SPRF-CE";"DEL01-CE";"UOP01-DEL01-CE"
191657;2019-02-16;"sábado";"11:23:00";"ES";101;342;"GUARAPARI";"Não guardar distância de segurança";"Colisão com objeto em movimento";"Com Vítimas Feridas";"Pleno dia";"Decrescente";"Céu Claro";"Simples";"Reta";"Não";5;0;0;1;4;0;1;3;-20,66332678;-40,59290193;"SPRF-ES";"DEL03-ES";"UOP01-DEL03-ES"
191670;2019-02-16;"sábado";"11:00:00";"MG";381;377;"SAO GONCALO DO RIO ABAIXO";"Pista Escorregadia";"Colisão lateral";"Com Vítimas Feridas";"Pleno dia";"Crescente";"Chuva";"Simples";"Curva";"Não";4;0;3;0;1;0;3;2;-19,84075816;-43,333354;"SPRF-MG";"DEL01-MG";"UOP01-DEL01-MG"
191671;2019-02-16;"sábado";"12:30:00";"MG";40;776,1;"JUIZ DE FORA";"Falta de Atenção à Condução";"Colisão lateral";"Sem Vítimas";"Pleno dia";"Crescente";"Chuva";"Dupla";"Viaduto";"Sim";2;0;0;0;2;0;0;2;-21,67044823;-43,43794138;"SPRF-MG";"DEL05-MG";"UOP01-DEL05-MG"
191673;2019-02-16;"sábado";"08:15:00";"MG";153;28;"CENTRALINA";"Agressão Externa";"Colisão lateral";"Com Vítimas Feridas";"Pleno dia";"Decrescente";"Céu Claro";"Dupla";"Reta";"Não";3;0;1;0;1;1;1;2;-18,6699;-49,1616;"SPRF-MG";"DEL15-MG";"UOP03-DEL15-MG"
191676;2019-02-16;"sábado";"11:45:00";"CE";304;0,5;"BEBERIBE";"Carga excessiva e/ou mal acondicionada";"Tombamento";"Com Vítimas Feridas";"Pleno dia";"Crescente";"Céu Claro";"Dupla";"Curva";"Sim";2;0;1;0;0;1;1;2;-4,593258;-38,210205;"SPRF-CE";"DEL03-CE";"UOP03-DEL03-CE"
191681;2019-02-16;"sábado";"04:50:00";"RN";427;128,2;"SERRA NEGRA DO NORTE";"Defeito Mecânico no Veículo";"Incêndio";"Sem Vítimas";"Amanhecer";"Decrescente";"Nublado";"Simples";"Aclive";"Não";2;0;0;0;1;2;0;3;-6,570898;-37,281921;"SPRF-RN";"DEL03-RN";"UOP01-DEL03-RN"
191688;2019-02-16;"sábado";"13:00:00";"PR";116;109,7;"CURITIBA";"Falta de Atenção à Condução";"Colisão transversal";"Com Vítimas Fatais";"Pleno dia";"Decrescente";"Garoa/Chuvisco";"Dupla";"Reta";"Não";2;1;0;0;1;0;0;2;-25,569897;-49,187782;"SPRF-PR";"DEL01-PR";"UOP01-DEL01-PR"
191689;2019-02-16;"sábado";"13:20:00";"DF";40;0;"BRASILIA";"Velocidade Incompatível";"Tombamento";"Com Vítimas Feridas";"Pleno dia";"Crescente";"Nublado";"Múltipla";"Reta";"Não";2;0;1;0;0;1;1;2;-15,97740518;-47,99029291;"SPRF-DF";"DEL01-DF";"UOP01-DEL01-DF"
191691;2019-02-16;"sábado";"14:00:00";"PR";376;157;"MANDAGUACU";"Falta de Atenção à Condução";"Saída de leito carroçável";"Com Vítimas Feridas";"Pleno dia";"Crescente";"Céu Claro";"Dupla";"Curva";"Sim";3;0;2;0;0;1;2;1;-23,352516;-52,09127;"SPRF-PR";"DEL07-PR";"UOP01-DEL09-PR"
191693;2019-02-16;"sábado";"13:30:00";"MG";116;193,5;"CARAI";"Ingestão de Álcool";"Colisão lateral";"Com Vítimas Feridas";"Pleno dia";"Decrescente";"Nublado";"Simples";"Reta";"Não";4;0;1;1;1;1;2;3;-17,187712;-41,486593;"SPRF-MG";"DEL11-MG";"UOP01-DEL11-MG"
191699;2019-02-16;"sábado";"14:35:00";"PR";373;173;"PONTA GROSSA";"Falta de Atenção à Condução";"Colisão transversal";"Sem Vítimas";"Pleno dia";"Decrescente";"Chuva";"Dupla";"Reta";"Sim";3;0;0;0;2;1;0;3;-25,2133596;-50,0605307;"SPRF-PR";"DEL03-PR";"UOP01-DEL03-PR"
191702;2019-02-16;"sábado";"12:10:00";"RS";158;86,5;"BOA VISTA DAS MISSOES";"Velocidade Incompatível";"Colisão frontal";"Com Vítimas Feridas";"Pleno dia";"Crescente";"Céu Claro";"Simples";"Curva";"Não";3;0;0;1;1;2;1;4;-27,793224;-53,334042;"SPRF-RS";"DEL08-RS";"UOP02-DEL08-RS"
191710;2019-02-16;"sábado";"11:38:00";"MG";381;531,1;"ITATIAIUCU";"Velocidade Incompatível";"Saída de leito carroçável";"Com Vítimas Feridas";"Pleno dia";"Crescente";"Chuva";"Dupla";"Curva";"Não";2;0;1;0;0;1;1;2;-20,1644;-44,3667;"SPRF-MG";"DEL04-MG";"UOP03-DEL04-MG"
191714;2019-02-16;"sábado";"13:50:00";"BA";101;97;"ALAGOINHAS";"Falta de Atenção à Condução";"Tombamento";"Sem Vítimas";"Pleno dia";"Decrescente";"Céu Claro";"Dupla";"Curva";"Não";1;0;0;0;1;0;0;1;-12,0769;-38,3424;"SPRF-BA";"DEL01-BA";"UOP04-DEL01-BA"
191721;2019-02-16;"sábado";"14:00:00";"SP";116;545;"BARRA DO TURVO";"Velocidade Incompatível";"Colisão traseira";"Com Vítimas Feridas";"Pleno dia";"Crescente";"Chuva";"Dupla";"Declive;Curva";"Não";4;0;0;1;2;1;1;4;-24,9617827;-48,47305298;"SPRF-SP";"DEL05-SP";"UOP02-DEL05-SP"
191725;2019-02-16;"sábado";"13:45:00";"PA";10;78;"ULIANOPOLIS";"Desobediência às normas de trânsito pelo condutor";"Colisão transversal";"Com Vítimas Fatais";"Pleno dia";"Crescente";"Céu Claro";"Simples";"Declive";"Sim";4;2;0;0;1;1;0;3;-3,721266;-47,489651;"SPRF-PA";"DEL02-PA";"UOP02-DEL02-PA"
191730;2019-02-16;"sábado";"14:55:00";"MT";174;269;"PONTES E LACERDA";"Falta de Atenção à Condução";"Tombamento";"Sem Vítimas";"Pleno dia";"Decrescente";"Nublado";"Simples";"Aclive";"Não";2;0;0;0;1;1;0;2;-15,36704638;-59,1967392;"SPRF-MT";"DEL04-MT";"UOP01-DEL04-MT"
191731;2019-02-16;"sábado";"17:00:00";"MG";40;487;"ESMERALDAS";"Velocidade Incompatível";"Colisão traseira";"Com Vítimas Feridas";"Anoitecer";"Crescente";"Nublado";"Dupla";"Reta";"Não";5;0;3;0;2;0;3;2;-19,6114;-44,2176;"SPRF-MG";"DEL02-MG";"UOP01-DEL02-MG"
191746;2019-02-16;"sábado";"17:00:00";"SP";381;69;"MAIRIPORA";"Velocidade Incompatível";"Colisão com objeto estático";"Sem Vítimas";"Anoitecer";"Decrescente";"Chuva";"Dupla";"Curva";"Não";3;0;0;0;2;1;0;3;-23,35005738;-46,5598495;"SPRF-SP";"DEL03-SP";"UOP01-DEL03-SP"
191757;2019-02-16;"sábado";"17:50:00";"MS";163;487,8;"CAMPO GRANDE";"Falta de Atenção à Condução";"Colisão traseira";"Com Vítimas Feridas";"Pleno dia";"Decrescente";"Céu Claro";"Simples";"Reta";"Sim";6;0;1;0;3;2;1;4;-20,41736;-54,54726;"SPRF-MS";"DEL01-MS";"UOP02-DEL01-MS"
191760;2019-02-16;"sábado";"17:40:00";"PR";376;126,8;"ALTO PARANA";"Velocidade Incompatível";"Colisão lateral";"Com Vítimas Feridas";"Pleno dia";"Crescente";"Céu Claro";"Dupla";"Declive";"Não";4;0;0;1;2;4;1;7;-23,132568;-52,297016;"SPRF-PR";"DEL07-PR";"UOP02-DEL09-PR"
191764;2019-02-16;"sábado";"19:00:00";"MG";153;130;"PRATA";"Não guardar distância de segurança";"Colisão transversal";"Com Vítimas Feridas";"Anoitecer";"Crescente";"Chuva";"Simples";"Reta";"Não";3;0;1;0;1;1;1;3;-19,37884663;-48,89808655;"SPRF-MG";"DEL15-MG";"UOP03-DEL15-MG"
191773;2019-02-16;"sábado";"19:45:00";"ES";101;176,1;"ARACRUZ";"Desobediência às normas de trânsito pelo condutor";"Colisão traseira";"Com Vítimas Feridas";"Plena Noite";"Decrescente";"Chuva";"Simples";"Reta";"Sim";2;0;0;1;1;0;1;2;-19,596142536;-40,1992538106;"SPRF-ES";"DEL04-ES";"UOP01-DEL04-ES"
191775;2019-02-16;"sábado";"18:20:00";"MG";381;557;"ITAGUARA";"Falta de Atenção à Condução";"Colisão traseira";"Com Vítimas Feridas";"Pleno dia";"Crescente";"Chuva";"Dupla";"Curva";"Não";7;0;2;1;3;2;3;5;-20,3544;-44,4529;"SPRF-MG";"DEL04-MG";"UOP03-DEL04-MG"
191790;2019-02-16;"sábado";"18:45:00";"RS";290;169;"BUTIA";"Ingestão de Substâncias Psicoativas";"Queda de ocupante de veículo";"Com Vítimas Feridas";"Pleno dia";"Crescente";"Sol";"Simples";"Reta";"Não";2;0;0;1;1;0;1;1;-30,12451;-51,899761;"SPRF-RS";"DEL02-RS";"UOP02-DEL02-RS"
191805;2019-02-16;"sábado";"22:00:00";"ES";101;302,5;"VIANA";"Ingestão de Álcool";"Colisão transversal";"Sem Vítimas";"Plena Noite";"Decrescente";"Nublado";"Dupla";"Curva";"Sim";3;0;0;0;2;1;0;3;-20,36540403;-40,44354027;"SPRF-ES";"DEL01-ES";"UOP01-DEL01-ES"
191822;2019-02-16;"sábado";"17:00:00";"SP";116;548,5;"BARRA DO TURVO";"Velocidade Incompatível";"Colisão com objeto estático";"Sem Vítimas";"Pleno dia";"Crescente";"Garoa/Chuvisco";"Simples";"Curva;Declive";"Não";4;0;0;0;3;2;0;5;-24,95326551;-48,4503226;"SPRF-SP";"DEL05-SP";"UOP02-DEL05-SP"
191827;2019-02-16;"sábado";"20:30:00";"MG";116;243,1;"TEOFILO OTONI";"Falta de Atenção do Pedestre";"Atropelamento de Pedestre";"Com Vítimas Feridas";"Plena Noite";"Decrescente";"Ignorado";"Simples";"Reta";"Sim";2;0;0;1;1;0;1;2;-17,59560799;-41,49095567;"SPRF-MG";"DEL11-MG";"UOP01-DEL11-MG"
191836;2019-02-16;"sábado";"22:10:00";"GO";452;177;"GOIATUBA";"Pista Escorregadia";"Colisão traseira";"Com Vítimas Feridas";"Plena Noite";"Crescente";"Chuva";"Simples";"Reta";"Não";3;0;1;0;2;0;1;2;-18,051043;-50,184875;"SPRF-GO";"DEL03-GO";"UOP02-DEL03-GO"
191848;2019-02-16;"sábado";"22:00:00";"GO";40;1,7;"VALPARAISO DE GOIAS";"Falta de Atenção à Condução";"Engavetamento";"Sem Vítimas";"Plena Noite";"Crescente";"Chuva";"Dupla";"Reta";"Sim";10;0;0;0;10;0;0;3;-16,058245;-47,982825;"SPRF-DF";"DEL01-DF";"UOP01-DEL01-DF"
191849;2019-02-16;"sábado";"21:00:00";"BA";116;567;"BREJOES";"Falta de Atenção à Condução";"Saída de leito carroçável";"Com Vítimas Feridas";"Plena Noite";"Decrescente";"Céu Claro";"Simples";"Reta";"Não";2;0;1;0;0;1;1;2;-13,018856;-39,959461;"SPRF-BA";"DEL03-BA";"UOP02-DEL03-BA"
191867;2019-02-16;"sábado";"23:15:00";"MA";222;673;"ACAILANDIA";"Desobediência às normas de trânsito pelo condutor";"Colisão lateral";"Com Vítimas Feridas";"Plena Noite";"Decrescente";"Garoa/Chuvisco";"Simples";"Aclive";"Sim";2;0;1;0;1;0;1;2;-4,91921063;-47,4212494;"SPRF-MA";"DEL04-MA";"UOP03-DEL04-MA"
191871;2019-02-17;"domingo";"01:00:00";"RS";293;124;"PINHEIRO MACHADO";"Ingestão de Álcool";"Colisão transversal";"Sem Vítimas";"Plena Noite";"Crescente";"Céu Claro";"Simples";"Reta";"Não";3;0;0;0;2;1;0;3;-31,520416;-53,535934;"SPRF-RS";"DEL11-RS";"UOP03-DEL11-RS"
191872;2019-02-17;"domingo";"04:00:00";"BA";410;5;"RIBEIRA DO POMBAL";"Falta de Atenção à Condução";"Saída de leito carroçável";"Com Vítimas Feridas";"Amanhecer";"Decrescente";"Céu Claro";"Simples";"Declive";"Não";4;0;1;0;2;1;1;3;-10,839252;-38,56847;"SPRF-BA";"DEL07-BA";"UOP02-DEL07-BA"
191875;2019-02-17;"domingo";"05:35:00";"PR";376;498,1;"PONTA GROSSA";"Falta de Atenção do Pedestre";"Atropelamento de Pedestre";"Com Vítimas Feridas";"Amanhecer";"Decrescente";"Nublado";"Dupla";"Reta";"Sim";3;0;0;1;1;1;1;3;-25,15155956;-50,14143024;"SPRF-PR";"DEL03-PR";"UOP04-DEL03-PR"
191876;2019-02-17;"domingo";"02:00:00";"GO";153;37,5;"PORANGATU";"Defeito Mecânico no Veículo";"Incêndio";"Sem Vítimas";"Plena Noite";"Decrescente";"Chuva";"Simples";"Reta";"Não";2;0;0;0;1;1;0;2;-13,144278;-49,186893;"SPRF-GO";"DEL07-GO";"UOP01-DEL07-GO"
191897;2019-02-17;"domingo";"05:40:00";"MT";364;367;"SANTO ANTONIO DO LEVERGER";"Desobediência às normas de trânsito pelo condutor";"Colisão traseira";"Com Vítimas Feridas";"Amanhecer";"Crescente";"Céu Claro";"Dupla";"Reta";"Não";4;0;1;0;2;1;1;2;-15,742094;-55,662846;"SPRF-MT";"DEL02-MT";"UOP02-DEL01-MT"
191899;2019-02-17;"domingo";"05:45:00";"GO";40;57,2;"LUZIANIA";"Falta de Atenção à Condução";"Saída de leito carroçável";"Com Vítimas Feridas";"Plena Noite";"Crescente";"Nublado";"Dupla";"Reta";"Não";1;0;1;0;0;0;1;1;-16,49525165;-47,81280225;"SPRF-DF";"DEL01-DF";"UOP02-DEL01-DF"
191900;2019-02-17;"domingo";"07:20:00";"MG";381;723;"CARMO DA CACHOEIRA";"Velocidade Incompatível";"Tombamento";"Sem Vítimas";"Pleno dia";"Decrescente";"Garoa/Chuvisco";"Dupla";"Curva";"Não";4;0;0;0;3;4;0;7;-21,4571;-45,2109;"SPRF-MG";"DEL04-MG";"UOP02-DEL04-MG"
191905;2019-02-17;"domingo";"06:20:00";"MG";365;371,5;"PATOS DE MINAS";"Velocidade Incompatível";"Saída de leito carroçável";"Sem Vítimas";"Pleno dia";"Decrescente";"Chuva";"Simples";"Curva";"Não";2;0;0;0;1;1;0;2;-18,546;-46,208;"SPRF-MG";"DEL10-MG";"UOP01-DEL10-MG"
191906;2019-02-17;"domingo";"05:50:00";"GO";364;304;"MINEIROS";"Condutor Dormindo";"Colisão frontal";"Com Vítimas Fatais";"Amanhecer";"Crescente";"Nublado";"Simples";"Reta";"Não";4;1;0;0;1;3;0;5;-17,524496;-52,530273;"SPRF-GO";"DEL05-GO";"UOP01-DEL05-GO"
191926;2019-02-14;"quinta-feira";"06:15:00";"RJ";40;43;"AREAL";"Carga excessiva e/ou mal acondicionada";"Derramamento de carga";"Sem Vítimas";"Pleno dia";"Decrescente";"Nublado";"Dupla";"Curva";"Não";2;0;0;0;1;1;0;2;-22,273;-43,1105;"SPRF-RJ";"DEL06-RJ";"UOP02-DEL05-RJ"
191929;2019-02-14;"quinta-feira";"00:30:00";"MG";40;280,5;"TRES MARIAS";"Defeito na Via";"Tombamento";"Sem Vítimas";"Plena Noite";"Crescente";"Chuva";"Simples";"Reta";"Não";2;0;0;0;1;1;0;2;-18,23509;-45,213764;"SPRF-MG";"DEL14-MG";"UOP02-DEL14-MG"
191933;2019-02-17;"domingo";"11:00:00";"PR";116;131;"FAZENDA RIO GRANDE";"Pista Escorregadia";"Saída de leito carroçável";"Com Vítimas Feridas";"Pleno dia";"Decrescente";"Chuva";"Dupla";"Reta";"Não";3;0;0;1;1;1;1;3;-25,630278;-49,313812;"SPRF-PR";"DEL01-PR";"UOP03-DEL01-PR"
191937;2019-02-17;"domingo";"11:55:00";"AL";101;191,2;"SAO SEBASTIAO";"Falta de Atenção à Condução";"Colisão frontal";"Com Vítimas Feridas";"Pleno dia";"Decrescente";"Chuva";"Simples";"Reta";"Sim";5;0;3;1;1;0;4;2;-9,950817;-36,541134;"SPRF-AL";"DEL02-AL";"UOP02-DEL02-AL"