"id";"data_inversa";"dia_semana";"horario";"uf";"br";"km";"municipio";"causa_acidente";"tipo_acidente";"classificacao_acidente";"fase_dia";"sentido_via";"condicao_metereologica";"tipo_pista";"tracado_via";"uso_solo";"pessoas";"mortos";"feridos_leves";"feridos_graves";"ilesos";"ignorados";"feridos";"veiculos";"latitude";"longitude";"regional";"delegacia";"uop"
191939;2019-02-17;"domingo";"11:40:00";"PR";153;44,2;"SANTO ANTONIO DA PLATINA";"Falta de Atenção à Condução";"Colisão lateral";"Com Vítimas Feridas";"Pleno dia";"Decrescente";"Sol";"Simples";"Reta";"Não";3;0;1;0;1;1;1;3;-23,310602;-50,070324;"SPRF-PR";"DEL07-PR";"UOP04-DEL07-PR"
191962;2019-01-28;"segunda-feira";"10:04:00";"SE";101;3;"PROPRIA";"Pista Escorregadia";"Tombamento";"Sem Vítimas";"Pleno dia";"Decrescente";"Nublado";"Simples";"Reta";"Sim";1;0;0;0;1;0;0;1;-10,229956;-36,839184;"SPRF-SE";"DEL02-SE";"UOP02-DEL02-SE"
191969;2019-02-17;"domingo";"14:20:00";"PI";343;340,1;"TERESINA";"Falta de Atenção à Condução";"Capotamento";"Com Vítimas Feridas";"Pleno dia";"Crescente";"Céu Claro";"Simples";"Rotatória";"Não";1;0;1;0;0;0;1;1;-5,074137;-42,73629;"SPRF-PI";"DEL01-PI";"UOP01-DEL01-PI"
191972;2019-02-17;"domingo";"15:40:00";"MG";116;781,1;"LEOPOLDINA";"Velocidade Incompatível";"Tombamento";"Com Vítimas Feridas";"Pleno dia";"Decrescente";"Céu Claro";"Simples";"Curva";"Não";2;0;1;0;0;2;1;3;-21,62264357;-42,69287109;"SPRF-MG";"DEL07-MG";"UOP01-DEL07-MG"
191986;2019-02-16;"sábado";"07:30:00";"PA";230;1102;"ITAITUBA";"Defeito Mecânico no Veículo";"Colisão traseira";"Sem Vítimas";"Pleno dia";"Crescente";"Céu Claro";"Simples";"Ponte";"Não";3;0;0;0;2;4;0;6;-4,370269;-55,837864;"SPRF-PA";"DEL05-PA";"UOP01-DEL05-PA"
191995;2019-02-17;"domingo";"18:00:00";"BA";116;836;"VITORIA DA CONQUISTA";"Falta de Atenção à Condução";"Colisão traseira";"Sem Vítimas";"Anoitecer";"Decrescente";"Nublado";"Simples";"Reta";"Não";3;0;0;0;2;1;0;3;-14,94890356;-40,89388848;"SPRF-BA";"DEL08-BA";"UOP01-DEL08-BA"
191996;2019-02-17;"domingo";"15:20:00";"PE";232;370;"FLORES";"Ingestão de Álcool";"Colisão traseira";"Com Vítimas Feridas";"Pleno dia";"Crescente";"Céu Claro";"Simples";"Reta";"Não";2;0;1;0;1;0;1;2;-8,04733;-37,849506;"SPRF-PE";"DEL04-PE";"UOP01-DEL04-PE"
191997;2019-02-17;"domingo";"17:30:00";"GO";60;41;"ALEXANIA";"Avarias e/ou desgaste excessivo no pneu";"Tombamento";"Sem Vítimas";"Pleno dia";"Crescente";"Chuva";"Dupla";"Reta";"Não";2;0;0;0;1;3;0;4;-16,1104;-48,5742;"SPRF-DF";"DEL01-DF";"UOP01-DEL03-DF"
191998;2019-02-17;"domingo";"18:20:00";"TO";153;411,5;"MIRANORTE";"Defeito Mecânico no Veículo";"Tombamento";"Com Vítimas Feridas";"Plena Noite";"Crescente";"Céu Claro";"Dupla";"Interseção de Vias";"Não";1;0;1;0;0;0;1;1;-9,507273;-48,588051;"SPRF-TO";"DEL02-TO";"UOP02-DEL02-TO"
192001;2019-02-17;"domingo";"15:10:00";"MT";174;427;"NOVA LACERDA";"Condutor Dormindo";"Colisão traseira";"Com Vítimas Feridas";"Pleno dia";"Crescente";"Céu Claro";"Simples";"Reta";"Não";6;0;4;0;1;1;4;3;-14,166276;-59,700699;"SPRF-MT";"DEL04-MT";"UOP01-DEL04-MT"
192009;2019-02-17;"domingo";"16:15:00";"SC";470;99,4;"APIUNA";"Falta de Atenção à Condução";"Colisão traseira";"Com Vítimas Feridas";"Pleno dia";"Crescente";"Nublado";"Simples";"Reta";"Não";6;0;1;0;4;1;1;5;-27,04567234;-49,39418793;"SPRF-SC";"DEL04-SC";"UOP01-DEL04-SC"
192024;2019-02-17;"domingo";"15:00:00";"BA";101;386;"IBIRAPITANGA";"Velocidade Incompatível";"Colisão transversal";"Com Vítimas Feridas";"Pleno dia";"Crescente";"Chuva";"Simples";"Curva";"Não";3;0;1;0;1;2;1;4;-13,9103;-39,4816;"SPRF-BA";"DEL05-BA";"UOP03-DEL05-BA"
192029;2019-02-17;"domingo";"20:15:00";"PR";376;668;"TIJUCAS DO SUL";"Falta de Atenção à Condução";"Tombamento";"Sem Vítimas";"Plena Noite";"Crescente";"Chuva";"Dupla";"Reta";"Não";1;0;0;0;1;0;0;1;-25,868151;-48,933743;"SPRF-PR";"DEL01-PR";"DEL7/1-UOP08/PR"
192030;2019-02-17;"domingo";"20:40:00";"MG";40;464,9;"SETE LAGOAS";"Falta de Atenção à Condução";"Colisão traseira";"Com Vítimas Feridas";"Plena Noite";"Decrescente";"Chuva";"Dupla";"Declive;Reta";"Não";7;0;2;2;3;0;4;2;-19,43753;-44,33196;"SPRF-MG";"DEL02-MG";"UOP01-DEL02-MG"
192031;2019-02-17;"domingo";"18:55:00";"MT";174;557,6;"COMODORO";"Falta de Atenção à Condução";"Colisão frontal";"Com Vítimas Feridas";"Plena Noite";"Crescente";"Céu Claro";"Simples";"Reta";"Não";4;0;1;0;2;3;1;6;-13,08217;-59,893047;"SPRF-RO";"DEL04-RO";"UOP01-DEL04-RO"
192033;2019-02-17;"domingo";"19:30:00";"SC";101;235;"PALHOCA";"Falta de Atenção à Condução";"Colisão lateral";"Com Vítimas Feridas";"Plena Noite";"Decrescente";"Chuva";"Dupla";"Aclive";"Não";2;0;1;0;1;0;1;2;-27,827;-48,63;"SPRF-SC";"DEL01-SC";"UOP02-DEL01-SC"
192047;2019-02-17;"domingo";"20:30:00";"MT";163;1046;"MATUPA";"Falta de Atenção à Condução";"Colisão frontal";"Com Vítimas Fatais";"Plena Noite";"Crescente";"Chuva";"Simples";"Reta";"Não";4;1;0;0;1;3;0;5;-10,111531;-54,930545;"SPRF-MT";"DEL06-MT";"UOP02-DEL06-MT"
192056;2019-02-17;"domingo";"23:00:00";"MS";359;189;"COXIM";"Falta de Atenção à Condução";"Colisão lateral";"Com Vítimas Feridas";"Plena Noite";"Crescente";"Céu Claro";"Simples";"Curva";"Não";2;0;0;1;0;1;1;2;-18,308664;-54,243542;"SPRF-MS";"DEL06-MS";"UOP01-DEL06-MS"
192061;2019-02-17;"domingo";"13:50:00";"SP";116;512;"CAJATI";"Defeito Mecânico no Veículo";"Tombamento";"Com Vítimas Feridas";"Pleno dia";"Decrescente";"Céu Claro";"Simples";"Curva";"Não";2;0;0;1;0;1;1;2;-24,83393421;-48,2144022;"SPRF-SP";"DEL05-SP";"UAP01-DEL05-SP"
192066;2019-02-18;"segunda-feira";"02:00:00";"MT";163;768;"SORRISO";"Ingestão de Álcool";"Saída de leito carroçável";"Sem Vítimas";"Plena Noite";"Crescente";"Chuva";"Simples";"Reta";"Não";2;0;0;0;1;1;0;2;-12,429306;-55,644477;"SPRF-MT";"DEL06-MT";"UOP01-DEL06-MT"
192074;2019-02-17;"domingo";"19:30:00";"GO";153;259,7;"SAO LUIZ DO NORTE";"Defeito Mecânico no Veículo";"Incêndio";"Sem Vítimas";"Plena Noite";"Crescente";"Céu Claro";"Simples";"Reta";"Não";2;0;0;0;1;1;0;2;-14,985942;-49,401287;"SPRF-GO";"DEL07-GO";"UOP02-DEL07-GO"
192075;2019-02-18;"segunda-feira";"06:15:00";"MG";40;740,9;"SANTOS DUMONT";"Desobediência às normas de trânsito pelo condutor";"Tombamento";"Com Vítimas Fatais";"Pleno dia";"Crescente";"Céu Claro";"Simples";"Curva";"Não";2;1;0;0;0;1;0;2;-21,4301;-43,5563;"SPRF-MG";"DEL05-MG";"UOP01-DEL05-MG"
192096;2019-02-18;"segunda-feira";"07:45:00";"PR";277;83;"CURITIBA";"Não guardar distância de segurança";"Colisão lateral";"Com Vítimas Feridas";"Pleno dia";"Crescente";"Nublado";"Dupla";"Reta";"Sim";3;0;1;0;2;0;1;3;-25,44938866;-49,22881734;"SPRF-PR";"DEL01-PR";"UOP01-DEL01-PR"
192098;2019-02-18;"segunda-feira";"07:25:00";"MG";381;428;"CAETE";"Defeito Mecânico no Veículo";"Engavetamento";"Com Vítimas Feridas";"Pleno dia";"Decrescente";"Céu Claro";"Simples";"Declive";"Não";4;0;1;0;3;0;1;4;-19,78636386;-43,66923545;"SPRF-MG";"DEL01-MG";"UOP01-DEL01-MG"
192102;2019-02-18;"segunda-feira";"07:15:00";"RS";386;299,4;"POUSO NOVO";"Falta de Atenção à Condução";"Saída de leito carroçável";"Com Vítimas Feridas";"Pleno dia";"Decrescente";"Sol";"Simples";"Reta";"Não";3;0;2;0;1;0;2;1;-29,155434;-52,229389;"SPRF-RS";"DEL04-RS";"UOP01-DEL04-RS"
192103;2019-01-23;"quarta-feira";"14:50:00";"CE";20;428;"FORTALEZA";"Velocidade Incompatível";"Colisão traseira";"Com Vítimas Fatais";"Pleno dia";"Crescente";"Céu Claro";"Dupla";"Reta";"Sim";2;1;0;0;1;0;0;2;-3,8681997;-38,5102362;"SPRF-CE";"DEL01-CE";"UOP02-DEL01-CE"
192113;2019-02-18;"segunda-feira";"04:40:00";"SC";470;77,1;"RODEIO";"Avarias e/ou desgaste excessivo no pneu";"Tombamento";"Com Vítimas Feridas";"Amanhecer";"Crescente";"Chuva";"Simples";"Curva";"Não";1;0;1;0;0;0;1;1;-26,940817;-49,29287;"SPRF-SC";"DEL04-SC";"UOP01-DEL04-SC"
192121;2019-02-18;"segunda-feira";"06:15:00";"MG";267;165,9;"JUIZ DE FORA";"Velocidade Incompatível";"Capotamento";"Com Vítimas Feridas";"Pleno dia";"Crescente";"Nublado";"Simples";"Curva";"Não";1;0;1;0;0;0;1;1;-21,771578;-43,29119;"SPRF-MG";"DEL05-MG";"UOP01-DEL05-MG"
192126;2019-02-18;"segunda-feira";"08:50:00";"BA";101;422;"IBIRAPITANGA";"Falta de Atenção à Condução";"Tombamento";"Com Vítimas Fatais";"Pleno dia";"Crescente";"Sol";"Simples";"Curva";"Não";2;1;1;0;0;0;1;1;-14,13557687;-39,35817719;"SPRF-BA";"DEL05-BA";"UOP03-DEL05-BA"
192131;2019-02-18;"segunda-feira";"10:28:00";"ES";101;146,7;"LINHARES";"Falta de Atenção à Condução";"Colisão traseira";"Com Vítimas Feridas";"Pleno dia";"Crescente";"Céu Claro";"Dupla";"Reta";"Sim";3;0;1;0;2;0;1;2;-19,3763025;-40,06634833;"SPRF-ES";"DEL04-ES";"UOP01-DEL04-ES"
192132;2019-02-18;"segunda-feira";"09:00:00";"RO";364;268;"CACOAL";"Defeito na Via";"Capotamento";"Com Vítimas Feridas";"Pleno dia";"Decrescente";"Sol";"Simples";"Declive;Reta";"Não";2;0;1;0;0;1;1;2;-11,37735;-61,695942;"SPRF-RO";"DEL02-RO";"UOP02-DEL02-RO"
192134;2019-02-18;"segunda-feira";"10:15:00";"SC";470;47,6;"BLUMENAU";"Desobediência às normas de trânsito pelo condutor";"Colisão traseira";"Com Vítimas Feridas";"Pleno dia";"Crescente";"Nublado";"Simples";"Reta";"Não";6;0;3;0;3;0;3;5;-26,864044;-49,046516;"SPRF-SC";"DEL04-SC";"UOP01-DEL04-SC"
192137;2019-02-18;"segunda-feira";"10:40:00";"PR";277;344;"GUARAPUAVA";"Desobediência às normas de trânsito pelo condutor";"Tombamento";"Sem Vítimas";"Pleno dia";"Decrescente";"Sol";"Dupla";"Viaduto;Declive";"Sim";2;0;0;0;1;2;0;3;-25,364633;-51,476668;"SPRF-PR";"DEL03-PR";"UOP01-DEL08-PR"
192139;2019-02-18;"segunda-feira";"07:45:00";"RS";386;426;"MONTENEGRO";"Falta de Atenção à Condução";"Engavetamento";"Com Vítimas Feridas";"Pleno dia";"Crescente";"Céu Claro";"Dupla";"Reta";"Não";11;0;5;0;6;0;5;6;-29,819479;-51,36208;"SPRF-RS";"DEL04-RS";"UOP02-DEL04-RS"
192143;2019-02-18;"segunda-feira";"09:00:00";"PR";153;513;"GENERAL CARNEIRO";"Falta de Atenção à Condução";"Colisão lateral";"Com Vítimas Feridas";"Pleno dia";"Decrescente";"Céu Claro";"Simples";"Reta";"Não";3;0;1;0;2;0;1;2;-26,608736;-51,476875;"SPRF-PR";"DEL02-PR";"UOP03-DEL02-PR"
192153;2019-02-18;"segunda-feira";"12:15:00";"DF";20;17,5;"BRASILIA";"Pista Escorregadia";"Saída de leito carroçável";"Com Vítimas Feridas";"Pleno dia";"Crescente";"Chuva";"Dupla";"Reta;Declive";"Sim";1;0;1;0;0;0;1;1;-15,61970459;-47,71396101;"SPRF-DF";"DEL02-DF";"UOP01-DEL02-DF"
192154;2019-02-18;"segunda-feira";"03:40:00";"MG";116;164,9;"PADRE PARAISO";"Carga excessiva e/ou mal acondicionada";"Derramamento de carga";"Com Vítimas Feridas";"Plena Noite";"Crescente";"Nublado";"Simples";"Curva";"Não";3;0;1;0;1;1;1;3;-17,0290441;-41,44666704;"SPRF-MG";"DEL11-MG";"UOP02-DEL11-MG"
192157;2019-02-18;"segunda-feira";"11:55:00";"SC";116;257,9;"CAPAO ALTO";"Falta de Atenção à Condução";"Colisão traseira";"Com Vítimas Feridas";"Pleno dia";"Crescente";"Céu Claro";"Simples";"Reta";"Não";3;0;1;0;2;0;1;2;-27,952471;-50,47995;"SPRF-SC";"DEL05-SC";"UOP02-DEL05-SC"
192163;2019-02-18;"segunda-feira";"14:00:00";"MG";40;446;"PARAOPEBA";"Pista Escorregadia";"Saída de leito carroçável";"Com Vítimas Feridas";"Pleno dia";"Crescente";"Chuva";"Dupla";"Reta";"Não";2;0;0;1;0;1;1;2;-19,301;-44,3777;"SPRF-MG";"DEL02-MG";"UOP01-DEL02-MG"
192176;2019-02-18;"segunda-feira";"01:29:00";"MA";10;171;"PORTO FRANCO";"Defeito Mecânico no Veículo";"Incêndio";"Com Vítimas Feridas";"Plena Noite";"Decrescente";"Céu Claro";"Simples";"Reta";"Não";1;0;1;0;0;0;1;1;-6,22131;-47,353931;"SPRF-MA";"DEL04-MA";"UOP02-DEL04-MA"
192185;2019-02-18;"segunda-feira";"15:50:00";"PR";376;396,2;"IMBAU";"Não guardar distância de segurança";"Colisão traseira";"Com Vítimas Fatais";"Pleno dia";"Decrescente";"Nublado";"Simples";"Aclive;Curva";"Não";6;2;1;0;2;1;1;4;-24,52063585;-50,71079515;"SPRF-PR";"DEL03-PR";"UOP02-DEL03-PR"
192189;2019-02-18;"segunda-feira";"17:25:00";"DF";70;3,9;"BRASILIA";"Falta de Atenção à Condução";"Colisão traseira";"Com Vítimas Feridas";"Pleno dia";"Decrescente";"Chuva";"Simples";"Reta";"Não";2;0;1;0;1;0;1;2;-15,802453;-48,080387;"SPRF-DF";"DEL01-DF";"UOP02-DEL03-DF"
192192;2019-02-06;"quarta-feira";"11:50:00";"MT";70;704,5;"CACERES";"Pista Escorregadia";"Colisão frontal";"Com Vítimas Feridas";"Pleno dia";"Decrescente";"Chuva";"Simples";"Curva";"Não";7;0;0;5;1;1;5;4;-16,2497294;-57,51747879;"SPRF-MT";"DEL03-MT";"UOP01-DEL03-MT"
192199;2019-02-18;"segunda-feira";"18:10:00";"ES";101;214;"IBIRACU";"Falta de Atenção à Condução";"Colisão transversal";"Com Vítimas Feridas";"Anoitecer";"Decrescente";"Nublado";"Simples";"Interseção de Vias";"Sim";3;0;1;0;2;0;1;2;-19,83001268;-40,37319129;"SPRF-ES";"DEL02-ES";"UOP01-DEL02-ES"
192200;2019-02-18;"segunda-feira";"17:30:00";"GO";60;180,8;"ABADIA DE GOIAS";"Falta de Atenção à Condução";"Colisão traseira";"Sem Vítimas";"Pleno dia";"Decrescente";"Garoa/Chuvisco";"Dupla";"Reta";"Não";3;0;0;0;2;2;0;4;-16,7666;-49,4751;"SPRF-GO";"DEL01-GO";"UOP02-DEL01-GO"
192205;2019-02-18;"segunda-feira";"17:25:00";"GO";364;63,2;"CACHOEIRA ALTA";"Condutor Dormindo";"Colisão traseira";"Com Vítimas Feridas";"Anoitecer";"Decrescente";"Céu Claro";"Simples";"Reta";"Não";3;0;1;0;1;4;1;6;-18,70801;-50,96352;"SPRF-GO";"DEL05-GO";"UOP02-DEL05-GO"
192206;2019-02-18;"segunda-feira";"18:30:00";"RS";158;326,7;"SANTA MARIA";"Falta de Atenção à Condução";"Colisão transversal";"Sem Vítimas";"Pleno dia";"Crescente";"Céu Claro";"Simples";"Reta";"Sim";3;0;0;0;3;0;0;3;-29,71456698;-53,81390344;"SPRF-RS";"DEL09-RS";"UOP01-DEL09-RS"
192218;2019-02-18;"segunda-feira";"18:40:00";"MG";40;563,8;"NOVA LIMA";"Velocidade Incompatível";"Saída de leito carroçável";"Com Vítimas Feridas";"Plena Noite";"Crescente";"Chuva";"Simples";"Aclive;Reta";"Não";2;0;1;0;0;1;1;2;-20,1693;-43,9655;"SPRF-MG";"DEL01-MG";"UOP02-DEL01-MG"
192220;2019-02-18;"segunda-feira";"18:00:00";"SC";116;246;"LAGES";"Falta de Atenção à Condução";"Colisão lateral";"Com Vítimas Feridas";"Pleno dia";"Decrescente";"Céu Claro";"Simples";"Reta";"Sim";3;0;1;0;2;0;1;2;-27,804199;-50,365093;"SPRF-SC";"DEL05-SC";"UOP02-DEL05-SC"
192224;2019-02-18;"segunda-feira";"19:30:00";"SC";101;194,7;"BIGUACU";"Desobediência às normas de trânsito pelo pedestre";"Atropelamento de Pedestre";"Com Vítimas Fatais";"Plena Noite";"Decrescente";"Nublado";"Múltipla";"Reta";"Sim";5;1;0;0;3;1;0;3;-27,5055;-48,6491;"SPRF-SC";"DEL01-SC";"UOP01-DEL01-SC"
192225;2019-02-18;"segunda-feira";"20:30:00";"BA";101;164;"CONCEICAO DO JACUIPE";"Desobediência às normas de trânsito pelo condutor";"Colisão transversal";"Com Vítimas Feridas";"Plena Noite";"Crescente";"Céu Claro";"Simples";"Reta";"Não";4;0;1;0;1;2;1;3;-12,3543;-38,8057;"SPRF-BA";"DEL01-BA";"UOP03-DEL01-BA"
192230;2019-02-18;"segunda-feira";"20:13:00";"ES";101;394;"RIO NOVO DO SUL";"Falta de Atenção à Condução";"Tombamento";"Sem Vítimas";"Amanhecer";"Decrescente";"Nublado";"Simples";"Reta";"Não";2;0;0;0;1;1;0;2;-20,8656564;-40,9273814;"SPRF-ES";"DEL03-ES";"UOP02-DEL03-ES"
192231;2019-02-18;"segunda-feira";"16:15:00";"MG";116;344,2;"CAMPANARIO";"Pista Escorregadia";"Saída de leito carroçável";"Com Vítimas Feridas";"Pleno dia";"Crescente";"Céu Claro";"Simples";"Reta";"Não";2;0;1;0;0;1;1;2;-18,3532221;-41,77482605;"SPRF-MG";"DEL11-MG";"UOP01-DEL11-MG"
192234;2019-02-18;"segunda-feira";"15:15:00";"PA";163;547;"TRAIRAO";"Velocidade Incompatível";"Saída de leito carroçável";"Sem Vítimas";"Pleno dia";"Crescente";"Chuva";"Simples";"Curva";"Não";3;0;0;0;2;3;0;4;-5,20004307;-56,04118395;"SPRF-PA";"DEL05-PA";"UOP01-DEL05-PA"
192236;2019-02-18;"segunda-feira";"21:30:00";"AL";101;71;"MESSIAS";"Desobediência às normas de trânsito pelo condutor";"Colisão traseira";"Com Vítimas Feridas";"Plena Noite";"Crescente";"Céu Claro";"Dupla";"Curva";"Não";5;0;0;2;2;1;2;4;-9,37787342;-35,82693838;"SPRF-AL";"DEL01-AL";"UOP01-DEL01-AL"
192243;2019-02-18;"segunda-feira";"22:30:00";"RJ";101;39;"CAMPOS DOS GOYTACAZES";"Mal Súbito";"Colisão frontal";"Com Vítimas Fatais";"Plena Noite";"Crescente";"Chuva";"Simples";"Reta";"Não";5;1;0;3;1;0;3;2;-21,543971;-41,339658;"SPRF-RJ";"DEL08-RJ";"UOP01-DEL08-RJ"
192246;2019-02-18;"segunda-feira";"22:20:00";"RO";364;197,1;"PIMENTA BUENO";"Falta de Atenção à Condução";"Tombamento";"Com Vítimas Feridas";"Plena Noite";"Crescente";"Nublado";"Simples";"Reta";"Sim";2;0;0;1;1;0;1;2;-11,677914;-61,188048;"SPRF-RO";"DEL02-RO";"UOP02-DEL02-RO"
192250;2019-02-19;"terça-feira";"00:10:00";"SP";116;544,5;"BARRA DO TURVO";"Velocidade Incompatível";"Tombamento";"Com Vítimas Feridas";"Plena Noite";"Decrescente";"Céu Claro";"Dupla";"Curva";"Não";3;0;0;2;0;1;2;2;-24,96350917;-48,42927933;"SPRF-SP";"DEL05-SP";"UOP02-DEL05-SP"
192251;2019-02-18;"segunda-feira";"23:10:00";"BA";116;807,3;"VITORIA DA CONQUISTA";"Ingestão de Álcool";"Saída de leito carroçável";"Sem Vítimas";"Plena Noite";"Decrescente";"Céu Claro";"Simples";"Reta";"Não";1;0;0;0;1;0;0;1;-14,77802;-40,73129;"SPRF-BA";"DEL08-BA";"UOP01-DEL08-BA"
192257;2019-02-18;"segunda-feira";"23:50:00";"RJ";101;256,8;"RIO BONITO";"Deficiência ou não Acionamento do Sistema de Iluminação/Sinalização do Veículo";"Colisão traseira";"Com Vítimas Fatais";"Plena Noite";"Decrescente";"Nublado";"Dupla";"Reta";"Não";4;1;0;0;2;1;0;3;-22,696228;-42,568623;"SPRF-RJ";"DEL02-RJ";"UOP03-DEL02-RJ"
192259;2019-02-19;"terça-feira";"02:00:00";"DF";60;8,2;"BRASILIA";"Condutor Dormindo";"Colisão traseira";"Com Vítimas Fatais";"Plena Noite";"Decrescente";"Céu Claro";"Simples";"Reta";"Sim";3;1;0;0;1;2;0;4;-15,90324;-48,130695;"SPRF-DF";"DEL01-DF";"UOP01-DEL03-DF"
192269;2019-02-19;"terça-feira";"05:00:00";"PR";116;74;"QUATRO BARRAS";"Não guardar distância de segurança";"Colisão traseira";"Com Vítimas Feridas";"Plena Noite";"Crescente";"Nublado";"Dupla";"Reta";"Não";4;0;1;1;1;1;2;3;-25,365171;-49,042229;"SPRF-PR";"DEL01-PR";"UOP01-DEL01-PR"
192270;2019-02-19;"terça-feira";"06:10:00";"SC";101;132;"BALNEARIO CAMBORIU";"Desobediência às normas de trânsito pelo pedestre";"Atropelamento de Pedestre";"Com Vítimas Feridas";"Amanhecer";"Crescente";"Céu Claro";"Dupla";"Reta";"Sim";2;0;1;0;1;0;1;2;-26,9992;-48,646;"SPRF-SC";"DEL04-SC";"UOP03-DEL04-SC"
192271;2019-02-19;"terça-feira";"06:20:00";"DF";70;6,5;"BRASILIA";"Falta de Atenção à Condução";"Colisão lateral";"Com Vítimas Feridas";"Pleno dia";"Decrescente";"Céu Claro";"Dupla";"Reta";"Sim";3;0;1;0;2;0;1;2;-15,791242;-48,105759;"SPRF-DF";"DEL01-DF";"UOP02-DEL03-DF"
192274;2019-02-19;"terça-feira";"06:50:00";"PR";116;184,2;"CAMPO DO TENENTE";"Sinalização da via insuficiente ou inadequada";"Tombamento";"Com Vítimas Feridas";"Pleno dia";"Crescente";"Céu Claro";"Simples";"Curva";"Não";7;0;1;1;4;3;2;9;-25,9361044;-49,63811967;"SPRF-PR";"DEL01-PR";"UOP03-DEL01-PR"
192275;2019-02-19;"terça-feira";"05:40:00";"PR";116;74;"QUATRO BARRAS";"Velocidade Incompatível";"Colisão traseira";"Com Vítimas Feridas";"Amanhecer";"Crescente";"Nublado";"Dupla";"Reta";"Não";2;0;1;0;1;0;1;2;-25,365171;-49,042229;"SPRF-PR";"DEL01-PR";"UOP01-DEL01-PR"
192277;2019-02-19;"terça-feira";"06:50:00";"PR";163;350;"GUAIRA";"Defeito Mecânico no Veículo";"Incêndio";"Sem Vítimas";"Pleno dia";"Crescente";"Céu Claro";"Simples";"Rotatória";"Sim";1;0;0;0;1;0;0;1;-24,0742;-54,2446;"SPRF-PR";"DEL06-PR";"UOP01-DEL06-PR"
192280;2019-02-19;"terça-feira";"07:00:00";"SP";153;112,9;"JOSE BONIFACIO";"Não guardar distância de segurança";"Colisão com objeto estático";"Com Vítimas Feridas";"Amanhecer";"Crescente";"Céu Claro";"Simples";"Reta;Declive";"Não";2;0;1;0;0;1;1;2;-21,104811;-49,682751;"SPRF-SP";"DEL09-SP";"UOP01-DEL09-SP"
192284;2019-02-19;"terça-feira";"07:55:00";"RS";285;457,6;"IJUI";"Não guardar distância de segurança";"Engavetamento";"Sem Vítimas";"Pleno dia";"Crescente";"Sol";"Simples";"Reta";"Não";5;0;0;0;4;2;0;6;-28,400869;-53,898464;"SPRF-RS";"DEL10-RS";"UOP01-DEL10-RS"
192287;2019-02-19;"terça-feira";"08:10:00";"MG";40;603;"CONGONHAS";"Defeito Mecânico no Veículo";"Colisão traseira";"Com Vítimas Feridas";"Pleno dia";"Crescente";"Céu Claro";"Simples";"Reta";"Sim";2;0;1;0;1;0;1;2;-20,4505;-43,8408;"SPRF-MG";"DEL05-MG";"UOP02-DEL05-MG"
192288;2019-02-19;"terça-feira";"08:50:00";"SC";101;216;"PALHOCA";"Não guardar distância de segurança";"Colisão traseira";"Com Vítimas Feridas";"Pleno dia";"Crescente";"Céu Claro";"Múltipla";"Declive";"Sim";3;0;1;0;2;0;1;2;-27,659815;-48,677479;"SPRF-SC";"DEL01-SC";"UOP02-DEL01-SC"
192289;2019-02-19;"terça-feira";"08:30:00";"AL";101;44,1;"FLEXEIRAS";"Velocidade Incompatível";"Tombamento";"Com Vítimas Feridas";"Pleno dia";"Decrescente";"Céu Claro";"Dupla";"Curva";"Não";2;0;1;0;0;1;1;2;-9,19907981;-35,78871489;"SPRF-AL";"DEL01-AL";"UOP01-DEL01-AL"
192290;2019-02-19;"terça-feira";"06:10:00";"AL";101;121;"SAO MIGUEL DOS CAMPOS";"Falta de Atenção à Condução";"Tombamento";"Sem Vítimas";"Amanhecer";"Crescente";"Céu Claro";"Simples";"Curva";"Não";2;0;0;0;1;2;0;3;-9,680881;-36,037369;"SPRF-AL";"DEL02-AL";"UOP01-DEL02-AL"
192294;2019-01-19;"sábado";"07:00:00";"PB";104;110,9;"LAGOA SECA";"Desobediência às normas de trânsito pelo condutor";"Colisão transversal";"Com Vítimas Fatais";"Pleno dia";"Decrescente";"Sol";"Simples";"Reta";"Não";2;1;0;0;1;0;0;2;-7,13504552;-35,86066246;"SPRF-PB";"DEL02-PB";"UOP04-DEL02-PB"
192304;2019-02-19;"terça-feira";"10:00:00";"BA";324;626;"SALVADOR";"Defeito Mecânico no Veículo";"Atropelamento de Pedestre";"Com Vítimas Feridas";"Pleno dia";"Decrescente";"Céu Claro";"Dupla";"Interseção de Vias";"Sim";2;0;0;1;1;0;1;2;-12,96403996;-38,47671077;"SPRF-BA";"DEL01-BA";"UOP01-DEL01-BA"
192309;2019-02-19;"terça-feira";"06:40:00";"PR";116;184;"CAMPO DO TENENTE";"Velocidade Incompatível";"Tombamento";"Sem Vítimas";"Amanhecer";"Crescente";"Nevoeiro/Neblina";"Simples";"Curva";"Não";2;0;0;0;1;1;0;2;-25,987011;-49,665298;"SPRF-PR";"DEL01-PR";"UOP03-DEL01-PR"
192310;2019-02-19;"terça-feira";"10:45:00";"SP";381;90;"GUARULHOS";"Falta de Atenção à Condução";"Colisão traseira";"Com Vítimas Feridas";"Pleno dia";"Decrescente";"Céu Claro";"Dupla";"Reta";"Não";2;0;2;0;0;0;2;2;-23,49851438;-46,55937195;"SPRF-SP";"DEL03-SP";"UOP01-DEL03-SP"
192311;2019-01-19;"sábado";"03:55:00";"PR";369;61,1;"BANDEIRANTES";"Desobediência às normas de trânsito pelo condutor";"Colisão transversal";"Com Vítimas Fatais";"Plena Noite";"Crescente";"Céu Claro";"Simples";"Reta";"Não";5;1;1;1;1;1;2;3;-23,13614112;-50,40523052;"SPRF-PR";"DEL07-PR";"UOP05-DEL07-PR"