"id";"data_inversa";"dia_semana";"horario";"uf";"br";"km";"municipio";"causa_acidente";"tipo_acidente";"classificacao_acidente";"fase_dia";"sentido_via";"condicao_metereologica";"tipo_pista";"tracado_via";"uso_solo";"pessoas";"mortos";"feridos_leves";"feridos_graves";"ilesos";"ignorados";"feridos";"veiculos";"latitude";"longitude";"regional";"delegacia";"uop"
192312;2019-02-19;"terça-feira";"08:40:00";"RO";364;260;"CACOAL";"Falta de Atenção à Condução";"Colisão traseira";"Com Vítimas Feridas";"Pleno dia";"Decrescente";"Sol";"Simples";"Aclive";"Não";3;0;0;1;1;2;1;4;-11,417313;-61,643604;"SPRF-RO";"DEL02-RO";"UOP02-DEL02-RO"
192319;2019-02-19;"terça-feira";"09:27:00";"PE";423;70,5;"JUPI";"Falta de Atenção do Pedestre";"Atropelamento de Pedestre";"Com Vítimas Feridas";"Pleno dia";"Crescente";"Céu Claro";"Simples";"Reta";"Não";2;0;0;1;1;0;1;2;-8,68397;-36,407703;"SPRF-PE";"DEL03-PE";"UOP01-DEL03-PE"
192323;2019-02-19;"terça-feira";"11:50:00";"PE";232;424,7;"SERRA TALHADA";"Avarias e/ou desgaste excessivo no pneu";"Capotamento";"Com Vítimas Feridas";"Pleno dia";"Crescente";"Céu Claro";"Simples";"Reta";"Não";2;0;1;0;1;0;1;1;-8,001183;-38,429585;"SPRF-PE";"DEL04-PE";"UOP01-DEL04-PE"
192325;2019-02-19;"terça-feira";"12:00:00";"MG";381;929,9;"ITAPEVA";"Velocidade Incompatível";"Tombamento";"Com Vítimas Feridas";"Pleno dia";"Crescente";"Céu Claro";"Dupla";"Curva";"Não";2;0;1;0;0;1;1;2;-22,77489102;-46,23889625;"SPRF-MG";"DEL16-MG";"UOP03-DEL16-MG"
192332;2019-02-19;"terça-feira";"04:30:00";"AM";174;1049,9;"PRESIDENTE FIGUEIREDO";"Defeito na Via";"Tombamento";"Com Vítimas Feridas";"Amanhecer";"Decrescente";"Nevoeiro/Neblina";"Simples";"Reta";"Não";2;0;1;0;0;1;1;2;-1,40061732;-60,33691406;"SPRF-AM";"DEL01-AM";"UOP02-DEL01-AM"
192336;2019-02-19;"terça-feira";"14:30:00";"PR";376;594,3;"CURITIBA";"Falta de Atenção à Condução";"Colisão lateral";"Sem Vítimas";"Pleno dia";"Decrescente";"Nublado";"Múltipla";"Reta";"Sim";3;0;0;0;3;0;0;2;-25,489989;-49,34505;"SPRF-PR";"DEL01-PR";"UOP06-DEL01-PR"
192338;2019-02-19;"terça-feira";"13:00:00";"MG";267;238,2;"SERITINGA";"Velocidade Incompatível";"Tombamento";"Com Vítimas Feridas";"Pleno dia";"Decrescente";"Céu Claro";"Simples";"Aclive;Curva";"Não";2;0;1;0;0;1;1;2;-21,94865948;-44,36368188;"SPRF-MG";"DEL05-MG";"UOP01-DEL17-MG"
192345;2019-02-19;"terça-feira";"11:30:00";"SC";282;424;"VARGEM BONITA";"Pista Escorregadia";"Colisão frontal";"Com Vítimas Fatais";"Pleno dia";"Crescente";"Nublado";"Simples";"Curva";"Não";4;1;0;1;1;1;1;3;-26,99502592;-51,75272942;"SPRF-SC";"DEL07-SC";"UOP05-DEL07-SC"
192347;2019-02-10;"domingo";"06:45:00";"MS";163;148,2;"NAVIRAI";"Falta de Atenção à Condução";"Saída de leito carroçável";"Com Vítimas Feridas";"Pleno dia";"Decrescente";"Sol";"Simples";"Reta";"Não";4;0;1;0;2;1;1;3;-22,973828;-54,416524;"SPRF-MS";"DEL09-MS";"UOP01-DEL09-MS"
192351;2019-02-19;"terça-feira";"15:25:00";"PR";376;282;"MARILANDIA DO SUL";"Falta de Atenção à Condução";"Colisão traseira";"Com Vítimas Feridas";"Pleno dia";"Crescente";"Chuva";"Simples";"Aclive";"Não";6;0;1;0;5;0;1;3;-23,77837599;-51,26660585;"SPRF-PR";"DEL07-PR";"UOP02-DEL07-PR"
192353;2019-02-19;"terça-feira";"16:00:00";"PR";476;129,2;"CURITIBA";"Defeito Mecânico no Veículo";"Colisão com objeto estático";"Sem Vítimas";"Pleno dia";"Crescente";"Céu Claro";"Simples";"Curva";"Sim";2;0;0;0;2;0;0;2;-25,440983;-49,233715;"SPRF-PR";"DEL01-PR";"UOP07-DEL01-PR"
192355;2019-02-19;"terça-feira";"11:00:00";"PE";101;116;"IPOJUCA";"Defeito Mecânico no Veículo";"Saída de leito carroçável";"Com Vítimas Feridas";"Pleno dia";"Crescente";"Nublado";"Dupla";"Reta";"Não";3;0;1;1;0;1;2;2;-8,3515;-35,15;"SPRF-PE";"DEL01-PE";"UOP03-DEL01-PE"
192356;2019-02-19;"terça-feira";"15:00:00";"SP";116;360;"MIRACATU";"Defeito Mecânico no Veículo";"Tombamento";"Com Vítimas Feridas";"Pleno dia";"Decrescente";"Céu Claro";"Múltipla";"Curva";"Não";2;0;1;0;0;1;1;2;-24,10943207;-47,268949;"SPRF-SP";"DEL04-SP";"UOP03-DEL04-SP"
192359;2019-02-19;"terça-feira";"16:00:00";"SC";101;335,4;"TUBARAO";"Não guardar distância de segurança";"Colisão traseira";"Com Vítimas Feridas";"Pleno dia";"Crescente";"Chuva";"Múltipla";"Declive";"Sim";3;0;1;0;2;0;1;2;-28,4745;-49,0267;"SPRF-SC";"DEL02-SC";"UOP01-DEL02-SC"
192365;2019-02-19;"terça-feira";"16:15:00";"MG";365;619;"UBERLANDIA";"Desobediência às normas de trânsito pelo condutor";"Colisão lateral";"Com Vítimas Feridas";"Pleno dia";"Crescente";"Céu Claro";"Dupla";"Reta";"Sim";3;0;1;1;1;0;2;2;-18,8974;-48,2715;"SPRF-MG";"DEL15-MG";"UOP01-DEL15-MG"
192369;2019-02-19;"terça-feira";"16:45:00";"GO";60;377,4;"RIO VERDE";"Falta de Atenção do Pedestre";"Atropelamento de Pedestre";"Com Vítimas Fatais";"Pleno dia";"Decrescente";"Chuva";"Dupla";"Retorno Regulamentado";"Não";6;1;1;2;1;1;3;2;-17,74181991;-50,87363005;"SPRF-GO";"DEL04-GO";"UOP01-DEL04-GO"
192380;2019-02-19;"terça-feira";"17:15:00";"SC";282;332,5;"CAMPOS NOVOS";"Falta de Atenção à Condução";"Saída de leito carroçável";"Sem Vítimas";"Pleno dia";"Decrescente";"Céu Claro";"Simples";"Curva";"Não";2;0;0;0;2;0;0;2;-27,390564;-51,125843;"SPRF-SC";"DEL07-SC";"UOP06-DEL07-SC"
192381;2019-02-19;"terça-feira";"18:20:00";"SP";116;361,3;"MIRACATU";"Falta de Atenção à Condução";"Colisão traseira";"Com Vítimas Feridas";"Anoitecer";"Crescente";"Nublado";"Dupla";"Curva";"Não";6;0;1;0;5;0;1;2;-24,12123323;-47,26963162;"SPRF-SP";"DEL04-SP";"UOP03-DEL04-SP"
192383;2019-02-19;"terça-feira";"16:30:00";"PR";153;499,5;"GENERAL CARNEIRO";"Pista Escorregadia";"Capotamento";"Com Vítimas Feridas";"Pleno dia";"Decrescente";"Chuva";"Simples";"Reta";"Não";4;0;1;1;1;1;2;4;-26,429985;-51,315231;"SPRF-PR";"DEL02-PR";"UOP03-DEL02-PR"
192384;2019-02-19;"terça-feira";"16:30:00";"BA";101;845,3;"TEIXEIRA DE FREITAS";"Ultrapassagem Indevida";"Saída de leito carroçável";"Com Vítimas Feridas";"Anoitecer";"Decrescente";"Céu Claro";"Simples";"Reta";"Não";6;0;0;2;1;3;2;3;-17,2801;-39,635;"SPRF-BA";"DEL09-BA";"UOP02-DEL09-BA"
192385;2019-02-19;"terça-feira";"16:20:00";"PR";153;493;"GENERAL CARNEIRO";"Carga excessiva e/ou mal acondicionada";"Colisão traseira";"Sem Vítimas";"Pleno dia";"Crescente";"Chuva";"Simples";"Reta";"Não";3;0;0;0;2;1;0;3;-26,429985;-51,315231;"SPRF-PR";"DEL02-PR";"UOP03-DEL02-PR"
192395;2019-02-19;"terça-feira";"07:30:00";"MG";381;239;"SANTANA DO PARAISO";"Falta de Atenção à Condução";"Saída de leito carroçável";"Com Vítimas Feridas";"Amanhecer";"Decrescente";"Céu Claro";"Simples";"Reta";"Não";1;0;1;0;0;0;1;1;-19,3243;-42,4169;"SPRF-MG";"DEL06-MG";"UOP01-DEL06-MG"
192396;2019-02-19;"terça-feira";"19:30:00";"RJ";393;174;"TRES RIOS";"Pista Escorregadia";"Tombamento";"Com Vítimas Feridas";"Plena Noite";"Decrescente";"Chuva";"Simples";"Reta";"Não";3;0;1;0;1;1;1;3;-22,130531;-43,220409;"SPRF-RJ";"DEL06-RJ";"UOP01-DEL05-RJ"
192397;2019-02-19;"terça-feira";"18:40:00";"MA";135;0,7;"SAO LUIS";"Falta de Atenção à Condução";"Queda de ocupante de veículo";"Com Vítimas Feridas";"Plena Noite";"Crescente";"Nublado";"Dupla";"Reta";"Não";2;0;1;0;1;0;1;2;-2,674387;-44,29796398;"SPRF-MA";"DEL01-MA";"UOP01-DEL01-MA"
192402;2019-02-19;"terça-feira";"20:30:00";"DF";70;18,6;"BRASILIA";"Desobediência às normas de trânsito pelo condutor";"Colisão transversal";"Com Vítimas Feridas";"Plena Noite";"Crescente";"Nublado";"Dupla";"Reta";"Sim";2;0;1;0;0;1;1;2;-15,791093;-48,21096;"SPRF-DF";"DEL01-DF";"UOP02-DEL03-DF"
192408;2019-02-19;"terça-feira";"20:00:00";"PR";476;30,1;"ADRIANOPOLIS";"Falta de Atenção à Condução";"Colisão traseira";"Com Vítimas Fatais";"Plena Noite";"Crescente";"Céu Claro";"Simples";"Reta";"Não";3;1;0;0;1;1;0;3;-24,81547;-49,040592;"SPRF-PR";"DEL01-PR";"UOP01-DEL01-PR"
192409;2019-02-19;"terça-feira";"20:30:00";"MT";163;930;"ITAUBA";"Pista Escorregadia";"Saída de leito carroçável";"Sem Vítimas";"Plena Noite";"Decrescente";"Chuva";"Simples";"Declive";"Não";2;0;0;0;1;1;0;2;-11,05508888;-55,27230109;"SPRF-MT";"DEL06-MT";"UOP02-DEL06-MT"
192410;2019-02-19;"terça-feira";"19:00:00";"BA";242;657;"MUQUEM DE SAO FRANCISCO";"Velocidade Incompatível";"Colisão traseira";"Com Vítimas Feridas";"Plena Noite";"Decrescente";"Nublado";"Simples";"Reta";"Não";4;0;2;0;1;1;2;3;-12,219813;-43,820428;"SPRF-BA";"DEL10-BA";"UOP03-DEL06-BA"
192418;2019-02-19;"terça-feira";"21:10:00";"MT";163;757;"SORRISO";"Falta de Atenção à Condução";"Saída de leito carroçável";"Sem Vítimas";"Plena Noite";"Crescente";"Nublado";"Dupla";"Aclive";"Não";2;0;0;0;1;1;0;2;-12,5175;-55,69811;"SPRF-MT";"DEL06-MT";"UOP01-DEL06-MT"
192420;2019-02-19;"terça-feira";"22:50:00";"SE";101;148;"ESTANCIA";"Condutor Dormindo";"Colisão com objeto estático";"Com Vítimas Feridas";"Plena Noite";"Crescente";"Céu Claro";"Dupla";"Curva;Rotatória";"Sim";2;0;0;1;0;2;1;3;-11,23767425;-37,42973328;"SPRF-SE";"DEL02-SE";"UOP01-DEL02-SE"
192423;2019-02-19;"terça-feira";"22:30:00";"MG";381;385,9;"SAO GONCALO DO RIO ABAIXO";"Falta de Atenção do Pedestre";"Atropelamento de Pedestre";"Com Vítimas Fatais";"Plena Noite";"Crescente";"Nublado";"Simples";"Reta";"Sim";3;1;0;0;1;1;0;3;-19,83410472;-43,37360501;"SPRF-MG";"DEL01-MG";"UOP01-DEL01-MG"
192425;2019-02-19;"terça-feira";"22:40:00";"SC";282;549,9;"NOVA ITABERABA";"Ingestão de Álcool";"Colisão lateral";"Sem Vítimas";"Plena Noite";"Decrescente";"Céu Claro";"Simples";"Reta";"Não";2;0;0;0;2;0;0;2;-26,962664;-52,762272;"SPRF-SC";"DEL07-SC";"UOP01-DEL07-SC"
192427;2019-02-19;"terça-feira";"22:20:00";"MG";50;84;"UBERLANDIA";"Falta de Atenção à Condução";"Colisão traseira";"Com Vítimas Feridas";"Pleno dia";"Crescente";"Nublado";"Dupla";"Reta";"Não";3;0;0;1;1;2;1;4;-19,0074;-48,2087;"SPRF-MG";"DEL15-MG";"UOP01-DEL15-MG"
192429;2019-02-20;"quarta-feira";"02:00:00";"SC";101;41,7;"JOINVILLE";"Falta de Atenção à Condução";"Atropelamento de Pedestre";"Com Vítimas Feridas";"Plena Noite";"Decrescente";"Céu Claro";"Dupla";"Reta";"Sim";2;0;1;0;0;1;1;2;-26,324;-48,8672;"SPRF-SC";"DEL03-SC";"UOP01-DEL03-SC"
192430;2019-02-20;"quarta-feira";"01:00:00";"SC";101;303;"LAGUNA";"Condutor Dormindo";"Colisão traseira";"Sem Vítimas";"Plena Noite";"Crescente";"Céu Claro";"Dupla";"Reta";"Não";3;0;0;0;2;2;0;4;-28,3728;-48,7601;"SPRF-SC";"DEL02-SC";"UOP03-DEL02-SC"
192431;2019-02-20;"quarta-feira";"01:50:00";"RO";364;202;"PIMENTA BUENO";"Falta de Atenção à Condução";"Colisão traseira";"Com Vítimas Feridas";"Plena Noite";"Crescente";"Garoa/Chuvisco";"Dupla";"Reta;Aclive";"Não";3;0;0;1;1;1;1;3;-11,62978573;-61,20556355;"SPRF-RO";"DEL02-RO";"UOP02-DEL02-RO"
192435;2019-02-20;"quarta-feira";"04:20:00";"PR";376;666,9;"GUARATUBA";"Defeito Mecânico no Veículo";"Tombamento";"Sem Vítimas";"Plena Noite";"Crescente";"Céu Claro";"Dupla";"Curva";"Não";1;0;0;0;1;0;0;1;-25,86711588;-48,93293381;"SPRF-PR";"DEL01-PR";"DEL7/1-UOP08/PR"
192438;2019-01-06;"domingo";"22:45:00";"RS";290;56,5;"GLORINHA";"Condutor Dormindo";"Colisão traseira";"Sem Vítimas";"Plena Noite";"Crescente";"Céu Claro";"Dupla";"Reta";"Não";8;0;0;0;7;1;0;8;-29,915447;-50,818508;"SPRF-RS";"DEL03-RS";"UOP02-DEL03-RS"
192439;2019-02-20;"quarta-feira";"04:30:00";"RN";101;148;"GOIANINHA";"Condutor Dormindo";"Colisão com objeto estático";"Sem Vítimas";"Amanhecer";"Crescente";"Céu Claro";"Dupla";"Reta";"Sim";2;0;0;0;1;2;0;3;-6,279491;-35,204899;"SPRF-RN";"DEL01-RN";"UOP01-DEL01-RN"
192440;2019-02-20;"quarta-feira";"04:00:00";"BA";116;28;"VITORIA DA CONQUISTA";"Animais na Pista";"Atropelamento de Animal";"Sem Vítimas";"Amanhecer";"Decrescente";"Nublado";"Simples";"Reta";"Sim";1;0;0;0;1;0;0;1;-14,83935827;-40,81905842;"SPRF-BA";"DEL08-BA";"UOP01-DEL08-BA"
192443;2019-02-20;"quarta-feira";"05:15:00";"SP";116;23,6;"LAVRINHAS";"Objeto estático sobre o leito carroçável";"Colisão com objeto estático";"Sem Vítimas";"Amanhecer";"Decrescente";"Céu Claro";"Dupla";"Reta";"Não";2;0;0;0;2;0;0;2;-22,594556;-44,88668;"SPRF-SP";"DEL08-SP";"UOP02-DEL08-SP"
192445;2019-02-19;"terça-feira";"21:10:00";"BA";116;427;"FEIRA DE SANTANA";"Defeito na Via";"Tombamento";"Sem Vítimas";"Plena Noite";"Decrescente";"Céu Claro";"Dupla";"Reta";"Não";1;0;0;0;1;0;0;1;-12,27501755;-38,9955551;"SPRF-BA";"DEL02-BA";"UOP01-DEL02-BA"
192448;2019-02-20;"quarta-feira";"05:25:00";"RO";364;440,5;"JARU";"Condutor Dormindo";"Colisão lateral";"Com Vítimas Feridas";"Plena Noite";"Decrescente";"Nublado";"Simples";"Reta";"Não";8;0;3;0;4;2;3;4;-10,354854;-62,581497;"SPRF-RO";"DEL03-RO";"UOP02-DEL03-RO"
192454;2019-02-06;"quarta-feira";"18:30:00";"MT";70;240;"PRIMAVERA DO LESTE";"Velocidade Incompatível";"Colisão frontal";"Com Vítimas Fatais";"Plena Noite";"Crescente";"Nublado";"Simples";"Curva";"Não";4;1;0;1;1;4;1;6;-15,622176;-54,028831;"SPRF-MT";"DEL05-MT";"UOP01-DEL05-MT"
192456;2019-02-13;"quarta-feira";"18:30:00";"MT";364;248;"JUSCIMEIRA";"Sinalização da via insuficiente ou inadequada";"Colisão traseira";"Com Vítimas Feridas";"Anoitecer";"Decrescente";"Nublado";"Dupla";"Reta";"Sim";2;0;1;0;1;0;1;2;-16,130329;-54,838242;"SPRF-MT";"DEL02-MT";"UOP01-DEL02-MT"
192457;2019-02-03;"domingo";"20:35:00";"GO";153;665,1;"GOIATUBA";"Falta de Atenção à Condução";"Colisão lateral";"Com Vítimas Fatais";"Plena Noite";"Decrescente";"Céu Claro";"Dupla";"Reta";"Não";2;1;0;0;1;0;0;2;-18,0987;-49,2738;"SPRF-GO";"DEL03-GO";"UOP02-DEL03-GO"
192458;2019-02-20;"quarta-feira";"06:00:00";"PB";101;5;"MATARACA";"Defeito Mecânico no Veículo";"Incêndio";"Sem Vítimas";"Pleno dia";"Decrescente";"Sol";"Dupla";"Reta";"Não";2;0;0;0;1;2;0;3;-6,5566;-35,132;"SPRF-PB";"DEL01-PB";"UOP04-DEL01-PB"
192470;2019-02-20;"quarta-feira";"07:30:00";"MG";40;750;"SANTOS DUMONT";"Velocidade Incompatível";"Tombamento";"Com Vítimas Feridas";"Pleno dia";"Decrescente";"Céu Claro";"Dupla";"Curva";"Não";2;0;0;1;0;1;1;2;-21,4903;-43,535;"SPRF-MG";"DEL05-MG";"UOP01-DEL05-MG"
192476;2019-02-20;"quarta-feira";"07:00:00";"MA";316;393,9;"BACABAL";"Desobediência às normas de trânsito pelo condutor";"Colisão lateral";"Com Vítimas Fatais";"Amanhecer";"Decrescente";"Céu Claro";"Simples";"Reta";"Não";2;1;0;0;0;1;0;2;-4,176689;-44,514091;"SPRF-MA";"DEL02-MA";"DEL18/2-UOP03/MA"
192481;2019-02-20;"quarta-feira";"07:15:00";"BA";242;778;"BARREIRAS";"Pista Escorregadia";"Tombamento";"Com Vítimas Feridas";"Pleno dia";"Crescente";"Chuva";"Simples";"Curva";"Não";2;0;1;0;0;1;1;2;-12,15170788;-44,88677155;"SPRF-BA";"DEL10-BA";"UOP01-DEL10-BA"
192482;2019-02-20;"quarta-feira";"10:00:00";"CE";116;13;"FORTALEZA";"Falta de Atenção à Condução";"Colisão lateral";"Sem Vítimas";"Pleno dia";"Crescente";"Céu Claro";"Múltipla";"Reta";"Sim";2;0;0;0;2;0;0;2;-3,8732;-38,499;"SPRF-CE";"DEL01-CE";"UOP02-DEL01-CE"
192488;2019-02-20;"quarta-feira";"05:50:00";"MG";251;319,4;"SALINAS";"Velocidade Incompatível";"Tombamento";"Sem Vítimas";"Amanhecer";"Decrescente";"Céu Claro";"Simples";"Declive;Curva";"Não";2;0;0;0;1;2;0;3;-16,1778;-42,3327;"SPRF-MG";"DEL12-MG";"UOP01-DEL12-MG"
192489;2019-02-20;"quarta-feira";"05:45:00";"PE";407;23,8;"AFRANIO";"Não guardar distância de segurança";"Tombamento";"Sem Vítimas";"Amanhecer";"Crescente";"Céu Claro";"Simples";"Curva";"Não";2;0;0;0;1;2;0;3;-8,509351;-41,008175;"SPRF-PE";"DEL06-PE";"UOP02-DEL06-PE"
192492;2019-02-20;"quarta-feira";"11:00:00";"PR";277;108;"CAMPO LARGO";"Falta de Atenção à Condução";"Colisão traseira";"Com Vítimas Feridas";"Pleno dia";"Decrescente";"Garoa/Chuvisco";"Dupla";"Reta";"Sim";2;0;1;0;1;0;1;2;-25,44079439;-49,5401001;"SPRF-PR";"DEL01-PR";"UOP06-DEL01-PR"
192493;2019-02-20;"quarta-feira";"12:00:00";"PR";376;220,3;"CAMBIRA";"Defeito Mecânico no Veículo";"Saída de leito carroçável";"Sem Vítimas";"Pleno dia";"Crescente";"Céu Claro";"Simples";"Reta";"Não";2;0;0;0;2;0;0;2;-23,58503432;-51,5591383;"SPRF-PR";"DEL07-PR";"UOP03-DEL07-PR"
192496;2019-02-20;"quarta-feira";"10:30:00";"SP";116;315;"JUQUITIBA";"Defeito Mecânico no Veículo";"Incêndio";"Sem Vítimas";"Pleno dia";"Crescente";"Céu Claro";"Dupla";"Reta";"Sim";2;0;0;0;1;1;0;2;-23,906052;-46,99201;"SPRF-SP";"DEL04-SP";"UOP03-DEL04-SP"
192497;2019-02-20;"quarta-feira";"12:10:00";"MG";365;645,9;"UBERLANDIA";"Avarias e/ou desgaste excessivo no pneu";"Saída de leito carroçável";"Com Vítimas Feridas";"Pleno dia";"Decrescente";"Nublado";"Dupla";"Reta";"Não";2;0;1;0;0;1;1;2;-18,8857;-48,4645;"SPRF-MG";"DEL15-MG";"UOP01-DEL15-MG"
192500;2019-02-20;"quarta-feira";"12:20:00";"GO";251;27,5;"CRISTALINA";"Falta de Atenção à Condução";"Colisão lateral";"Com Vítimas Feridas";"Pleno dia";"Decrescente";"Céu Claro";"Simples";"Reta";"Não";2;0;0;1;1;0;1;2;-16,2028;-47,4392;"SPRF-DF";"DEL01-DF";"UOP01-DEL01-DF"
192502;2019-02-20;"quarta-feira";"11:45:00";"MT";70;516;"VARZEA GRANDE";"Desobediência às normas de trânsito pelo condutor";"Colisão frontal";"Com Vítimas Feridas";"Pleno dia";"Crescente";"Sol";"Simples";"Reta";"Sim";3;0;1;0;1;3;1;5;-15,66651117;-56,23455048;"SPRF-MT";"DEL01-MT";"DEL2/4-UOP02/MT"
192504;2019-02-20;"quarta-feira";"13:10:00";"ES";101;106,4;"SOORETAMA";"Avarias e/ou desgaste excessivo no pneu";"Tombamento";"Com Vítimas Feridas";"Pleno dia";"Crescente";"Céu Claro";"Simples";"Aclive";"Não";3;0;1;0;2;0;1;1;-19,03258606;-40,02053261;"SPRF-ES";"DEL04-ES";"UOP01-DEL04-ES"
192505;2019-02-20;"quarta-feira";"14:00:00";"PR";272;566;"GUAIRA";"Falta de Atenção à Condução";"Colisão transversal";"Com Vítimas Feridas";"Pleno dia";"Crescente";"Nublado";"Simples";"Interseção de Vias";"Sim";3;0;0;1;1;1;1;3;-24,10554511;-54,26346097;"SPRF-PR";"DEL06-PR";"UAP01-DEL06-PR"
192506;2019-02-20;"quarta-feira";"08:40:00";"MG";40;532;"BELO HORIZONTE";"Falta de Atenção à Condução";"Colisão traseira";"Com Vítimas Feridas";"Pleno dia";"Crescente";"Céu Claro";"Dupla";"Declive";"Sim";4;0;0;1;2;3;1;6;-19,9256;-44,0053;"SPRF-MG";"DEL01-MG";"UOP03-DEL01-MG"
192510;2019-02-10;"domingo";"00:05:00";"MA";316;619,8;"TIMON";"Falta de Atenção à Condução";"Colisão transversal";"Com Vítimas Fatais";"Plena Noite";"Crescente";"Céu Claro";"Simples";"Reta";"Sim";2;1;0;0;1;0;0;2;-5,119788;-42,824196;"SPRF-MA";"DEL03-MA";"UOP02-DEL03-MA"
192511;2019-02-20;"quarta-feira";"14:20:00";"PR";116;110;"CURITIBA";"Falta de Atenção à Condução";"Colisão lateral";"Sem Vítimas";"Pleno dia";"Crescente";"Sol";"Dupla";"Reta";"Sim";3;0;0;0;2;2;0;4;-25,569897;-49,187782;"SPRF-PR";"DEL01-PR";"UOP01-DEL01-PR"
192514;2019-01-05;"sábado";"11:00:00";"GO";153;132;"ESTRELA DO NORTE";"Velocidade Incompatível";"Saída de leito carroçável";"Com Vítimas Feridas";"Pleno dia";"Crescente";"Céu Claro";"Simples";"Reta;Aclive";"Não";3;0;2;1;0;0;3;1;-13,92662;-49,070942;"SPRF-GO";"DEL07-GO";"UOP01-DEL07-GO"
192518;2019-02-20;"quarta-feira";"15:15:00";"PE";101;67;"RECIFE";"Falta de Atenção à Condução";"Colisão lateral";"Com Vítimas Feridas";"Pleno dia";"Crescente";"Sol";"Dupla";"Reta";"Sim";2;0;1;0;1;0;1;2;-8,044895;-34,944449;"SPRF-PE";"DEL01-PE";"UOP01-DEL01-PE"
192520;2019-02-20;"quarta-feira";"14:15:00";"MG";365;319,5;"JOAO PINHEIRO";"Falta de Atenção à Condução";"Colisão traseira";"Sem Vítimas";"Pleno dia";"Crescente";"Céu Claro";"Simples";"Reta";"Não";2;0;0;0;2;0;0;2;-18,19091975;-45,82537234;"SPRF-MG";"DEL10-MG";"UOP01-DEL10-MG"
192529;2019-02-20;"quarta-feira";"16:20:00";"SC";282;4,6;"SAO JOSE";"Falta de Atenção à Condução";"Colisão lateral";"Com Vítimas Feridas";"Pleno dia";"Crescente";"Céu Claro";"Dupla";"Reta";"Não";2;0;1;0;0;1;1;2;-27,592646;-48,604034;"SPRF-SC";"DEL01-SC";"UOP01-DEL01-SC"
192536;2019-02-20;"quarta-feira";"16:30:00";"MG";262;192,5;"JOAO MONLEVADE";"Desobediência às normas de trânsito pelo condutor";"Colisão traseira";"Com Vítimas Feridas";"Anoitecer";"Decrescente";"Nublado";"Simples";"Reta";"Não";3;0;2;0;1;0;2;2;-19,869349;-43,083492;"SPRF-MG";"DEL03-MG";"UOP01-DEL03-MG"
192543;2019-02-20;"quarta-feira";"11:35:00";"MG";116;590;"MANHUACU";"Falta de Atenção à Condução";"Tombamento";"Sem Vítimas";"Pleno dia";"Crescente";"Céu Claro";"Simples";"Rotatória";"Sim";1;0;0;0;1;0;0;1;-20,2473472;-42,1429248;"SPRF-MG";"DEL06-MG";"UOP03-DEL06-MG"
192545;2019-01-15;"terça-feira";"06:50:00";"BA";420;80,3;"SALVADOR";"Falta de Atenção à Condução";"Engavetamento";"Sem Vítimas";"Pleno dia";"Decrescente";"Céu Claro";"Múltipla";"Reta";"Sim";4;0;0;0;4;0;0;4;-12,881128;-38,433105;"SPRF-BA";"DEL01-BA";"UOP01-DEL01-BA"
192546;2019-02-20;"quarta-feira";"17:50:00";"PB";230;19;"JOAO PESSOA";"Defeito Mecânico no Veículo";"Colisão com objeto estático";"Sem Vítimas";"Anoitecer";"Crescente";"Céu Claro";"Dupla";"Reta";"Sim";3;0;0;0;3;0;0;1;-7,1281;-34,8466;"SPRF-PB";"DEL01-PB";"UOP01-DEL01-PB"
192549;2019-02-20;"quarta-feira";"15:30:00";"MS";158;271,4;"TRES LAGOAS";"Falta de Atenção à Condução";"Colisão traseira";"Com Vítimas Feridas";"Pleno dia";"Crescente";"Sol";"Simples";"Reta";"Sim";3;0;1;0;2;0;1;2;-20,782061;-51,671108;"SPRF-MS";"DEL07-MS";"UOP01-DEL07-MS"
192561;2019-02-20;"quarta-feira";"18:00:00";"PB";230;96,9;"GURINHEM";"Defeito Mecânico no Veículo";"Saída de leito carroçável";"Sem Vítimas";"Anoitecer";"Decrescente";"Céu Claro";"Dupla";"Reta";"Não";1;0;0;0;1;0;0;1;-7,18853552;-35,46066105;"SPRF-PB";"DEL01-PB";"UOP03-DEL01-PB"
192563;2019-02-20;"quarta-feira";"18:00:00";"SC";101;207;"SAO JOSE";"Falta de Atenção à Condução";"Tombamento";"Com Vítimas Feridas";"Pleno dia";"Decrescente";"Céu Claro";"Múltipla";"Reta";"Não";2;0;1;0;1;0;1;2;-27,6034;-48,632;"SPRF-SC";"DEL01-SC";"UOP01-DEL01-SC"
192569;2019-02-20;"quarta-feira";"20:15:00";"RS";386;49,9;"SEBERI";"Falta de Atenção do Pedestre";"Atropelamento de Pedestre";"Com Vítimas Fatais";"Plena Noite";"Crescente";"Nublado";"Simples";"Reta";"Sim";3;1;0;0;0;2;0;2;-27,482555;-53,392845;"SPRF-RS";"DEL08-RS";"UOP02-DEL08-RS"
192573;2019-02-20;"quarta-feira";"18:30:00";"MA";230;80;"SAO JOAO DOS PATOS";"Desobediência às normas de trânsito pelo condutor";"Colisão lateral";"Com Vítimas Fatais";"Anoitecer";"Decrescente";"Ignorado";"Simples";"Curva";"Não";2;1;0;0;1;0;0;2;-6,492675;-43,710655;"SPRF-PI";"DEL03-PI";"UOP01-DEL03-PI"
192574;2019-02-20;"quarta-feira";"18:30:00";"MG";262;472;"BOM DESPACHO";"Não guardar distância de segurança";"Engavetamento";"Com Vítimas Feridas";"Anoitecer";"Crescente";"Céu Claro";"Simples";"Aclive";"Não";4;0;1;0;2;2;1;5;-19,783918;-45,25713;"SPRF-MG";"DEL08-MG";"UOP03-DEL08-MG"