"id";"data_inversa";"dia_semana";"horario";"uf";"br";"km";"municipio";"causa_acidente";"tipo_acidente";"classificacao_acidente";"fase_dia";"sentido_via";"condicao_metereologica";"tipo_pista";"tracado_via";"uso_solo";"pessoas";"mortos";"feridos_leves";"feridos_graves";"ilesos";"ignorados";"feridos";"veiculos";"latitude";"longitude";"regional";"delegacia";"uop"
193304;2019-02-24;"domingo";"13:50:00";"AL";101;203,8;"SAO SEBASTIAO";"Velocidade Incompatível";"Tombamento";"Com Vítimas Fatais";"Pleno dia";"Crescente";"Céu Claro";"Dupla";"Curva";"Não";2;1;0;0;0;1;0;2;-9,97355978;-36,55619114;"SPRF-AL";"DEL02-AL";"UOP02-DEL02-AL"
193322;2019-02-24;"domingo";"15:00:00";"PA";10;224,6;"IPIXUNA DO PARA";"Desobediência às normas de trânsito pelo condutor";"Colisão traseira";"Com Vítimas Feridas";"Pleno dia";"Decrescente";"Nublado";"Simples";"Ponte";"Não";4;0;1;0;1;2;1;4;-2,88648914;-47,4336188;"SPRF-PA";"DEL02-PA";"UOP01-DEL02-PA"
193330;2019-02-24;"domingo";"16:00:00";"PI";343;456;"SAO PEDRO DO PIAUI";"Falta de Atenção à Condução";"Colisão frontal";"Com Vítimas Fatais";"Anoitecer";"Crescente";"Céu Claro";"Simples";"Reta";"Não";2;1;0;0;1;0;0;2;-5,954489;-42,723389;"SPRF-PI";"DEL01-PI";"UOP02-DEL01-PI"
193331;2019-02-24;"domingo";"17:20:00";"TO";153;692,3;"CARIRI DO TOCANTINS";"Desobediência às normas de trânsito pelo condutor";"Colisão frontal";"Com Vítimas Feridas";"Pleno dia";"Crescente";"Céu Claro";"Simples";"Retorno Regulamentado";"Sim";6;0;4;0;2;0;4;2;-11,887465;-49,164433;"SPRF-TO";"DEL02-TO";"UOP02-DEL01-TO"
193347;2019-02-24;"domingo";"18:30:00";"BA";116;358;"SERRINHA";"Falta de Atenção do Pedestre";"Atropelamento de Pedestre";"Com Vítimas Feridas";"Plena Noite";"Crescente";"Céu Claro";"Simples";"Declive";"Não";3;0;1;0;1;1;1;3;-11,6582739;-38,99663315;"SPRF-BA";"DEL02-BA";"UOP01-DEL02-BA"
193351;2019-02-24;"domingo";"18:00:00";"TO";230;82;"CACHOEIRINHA";"Falta de Atenção à Condução";"Saída de leito carroçável";"Com Vítimas Feridas";"Plena Noite";"Decrescente";"Céu Claro";"Simples";"Reta";"Não";3;0;0;1;0;2;1;3;-6,100427;-47,906529;"SPRF-TO";"DEL02-TO";"UOP03-DEL02-TO"
193352;2019-02-24;"domingo";"17:15:00";"SC";101;439,6;"SOMBRIO";"Falta de Atenção à Condução";"Colisão lateral";"Com Vítimas Feridas";"Pleno dia";"Decrescente";"Chuva";"Dupla";"Reta";"Não";2;0;1;0;1;0;1;2;-29,1243;-49,6673;"SPRF-SC";"DEL02-SC";"UOP02-DEL02-SC"
193354;2019-02-24;"domingo";"18:20:00";"MG";262;118,5;"RIO CASCA";"Desobediência às normas de trânsito pelo pedestre";"Atropelamento de Pedestre";"Com Vítimas Feridas";"Anoitecer";"Crescente";"Céu Claro";"Simples";"Reta";"Não";4;0;1;0;1;3;1;4;-20,229946;-42,636993;"SPRF-MG";"DEL03-MG";"UOP03-DEL03-MG"
193360;2019-02-24;"domingo";"19:30:00";"AL";101;98;"PILAR";"Ingestão de Álcool";"Colisão frontal";"Com Vítimas Fatais";"Plena Noite";"Decrescente";"Céu Claro";"Simples";"Reta";"Sim";3;1;0;0;1;1;0;3;-9,54234936;-35,95520448;"SPRF-AL";"DEL01-AL";"UOP01-DEL01-AL"
193369;2019-02-24;"domingo";"17:30:00";"MG";116;428;"ALPERCATA";"Falta de Atenção à Condução";"Colisão frontal";"Com Vítimas Feridas";"Pleno dia";"Crescente";"Céu Claro";"Simples";"Reta";"Não";2;0;1;0;1;0;1;2;-18,98129855;-41,98631287;"SPRF-MG";"DEL06-MG";"UOP01-DEL06-MG"
193372;2019-02-24;"domingo";"17:30:00";"RS";386;399;"TRIUNFO";"Defeito Mecânico no Veículo";"Colisão com objeto em movimento";"Sem Vítimas";"Pleno dia";"Decrescente";"Chuva";"Simples";"Curva";"Não";2;0;0;0;2;0;0;2;-29,749271;-51,609505;"SPRF-RS";"DEL04-RS";"UOP02-DEL04-RS"
193378;2019-02-24;"domingo";"20:40:00";"SE";235;110,7;"CARIRA";"Desobediência às normas de trânsito pelo condutor";"Colisão frontal";"Com Vítimas Fatais";"Plena Noite";"Crescente";"Céu Claro";"Simples";"Curva";"Não";4;1;1;1;0;1;2;4;-10,343814;-37,714977;"SPRF-SE";"DEL01-SE";"UOP02-DEL01-SE"
193382;2019-02-24;"domingo";"20:10:00";"SC";101;146;"ITAPEMA";"Falta de Atenção à Condução";"Colisão traseira";"Com Vítimas Feridas";"Anoitecer";"Decrescente";"Céu Claro";"Dupla";"Reta";"Sim";7;0;1;0;5;1;1;7;-27,0918;-48,6168;"SPRF-SC";"DEL04-SC";"UOP03-DEL04-SC"
193391;2019-02-24;"domingo";"21:30:00";"BA";242;902;"LUIS EDUARDO MAGALHAES";"Desobediência às normas de trânsito pelo condutor";"Colisão transversal";"Com Vítimas Feridas";"Plena Noite";"Decrescente";"Céu Claro";"Simples";"Interseção de Vias;Reta";"Não";4;0;1;0;3;0;1;2;-12,11465258;-45,9709315;"SPRF-BA";"DEL10-BA";"UOP01-DEL10-BA"
193395;2019-02-24;"domingo";"16:00:00";"BA";101;803,8;"ITAMARAJU";"Velocidade Incompatível";"Capotamento";"Sem Vítimas";"Pleno dia";"Decrescente";"Céu Claro";"Simples";"Curva";"Não";2;0;0;0;1;3;0;4;-16,9782;-39,552;"SPRF-BA";"DEL09-BA";"UOP01-DEL09-BA"
193396;2019-02-24;"domingo";"21:50:00";"RS";392;90,4;"PELOTAS";"Velocidade Incompatível";"Tombamento";"Com Vítimas Feridas";"Plena Noite";"Crescente";"Chuva";"Simples";"Declive";"Não";3;0;1;1;0;2;2;3;-31,605858;-52,517689;"SPRF-RS";"DEL07-RS";"UOP01-DEL07-RS"
193400;2019-02-24;"domingo";"17:30:00";"MG";116;93,5;"MEDINA";"Falta de Atenção à Condução";"Tombamento";"Com Vítimas Feridas";"Pleno dia";"Crescente";"Sol";"Simples";"Reta";"Não";3;0;2;0;0;2;2;3;-16,383576;-41,473102;"SPRF-MG";"DEL11-MG";"UOP02-DEL11-MG"
193405;2019-02-24;"domingo";"22:20:00";"ES";101;305;"VIANA";"Sinalização da via insuficiente ou inadequada";"Colisão transversal";"Com Vítimas Feridas";"Plena Noite";"Crescente";"Céu Claro";"Múltipla";"Em Obras";"Sim";4;0;2;0;2;0;2;2;-20,38492576;-40,46291655;"SPRF-ES";"DEL03-ES";"UOP01-DEL03-ES"
193407;2019-02-24;"domingo";"22:55:00";"MG";40;444;"PARAOPEBA";"Carga excessiva e/ou mal acondicionada";"Tombamento";"Sem Vítimas";"Plena Noite";"Crescente";"Céu Claro";"Dupla";"Aclive;Curva";"Não";1;0;0;0;1;0;0;1;-19,2887;-44,3908;"SPRF-MG";"DEL02-MG";"UOP01-DEL02-MG"
193411;2019-02-24;"domingo";"23:00:00";"MG";50;174;"UBERABA";"Ingestão de Álcool";"Colisão traseira";"Com Vítimas Feridas";"Plena Noite";"Decrescente";"Chuva";"Dupla";"Reta";"Não";4;0;1;0;2;1;1;3;-19,7787;-47,97;"SPRF-MG";"DEL13-MG";"UOP01-DEL13-MG"
193413;2019-02-24;"domingo";"23:22:00";"CE";116;20,1;"EUSEBIO";"Defeito Mecânico no Veículo";"Colisão com objeto estático";"Com Vítimas Feridas";"Plena Noite";"Decrescente";"Nublado";"Dupla";"Reta";"Sim";3;0;1;0;1;1;1;2;-3,923748;-38,507555;"SPRF-CE";"DEL01-CE";"UOP02-DEL01-CE"
193422;2019-02-24;"domingo";"20:30:00";"MA";230;69,5;"SAO JOAO DOS PATOS";"Defeito Mecânico no Veículo";"Incêndio";"Sem Vítimas";"Plena Noite";"Decrescente";"Chuva";"Simples";"Reta";"Não";2;0;0;0;1;1;0;2;-6,591704;-43,46545;"SPRF-PI";"DEL03-PI";"UOP01-DEL03-PI"
193430;2019-02-24;"domingo";"22:35:00";"RS";392;43,1;"RIO GRANDE";"Ingestão de Álcool";"Colisão transversal";"Com Vítimas Feridas";"Plena Noite";"Crescente";"Garoa/Chuvisco";"Dupla";"Reta";"Não";4;0;1;0;1;2;1;4;-31,939211;-52,311016;"SPRF-RS";"DEL07-RS";"UOP02-DEL07-RS"
193431;2019-02-24;"domingo";"23:55:00";"SC";101;143,4;"ITAPEMA";"Falta de Atenção à Condução";"Colisão traseira";"Sem Vítimas";"Plena Noite";"Crescente";"Céu Claro";"Dupla";"Reta";"Não";2;0;0;0;2;0;0;2;-27,0734;-48,5966;"SPRF-SC";"DEL04-SC";"UOP03-DEL04-SC"
193459;2019-02-25;"segunda-feira";"00:30:00";"PA";155;342,3;"MARABA";"Ultrapassagem Indevida";"Colisão frontal";"Com Vítimas Fatais";"Plena Noite";"Crescente";"Chuva";"Simples";"Reta";"Não";4;3;0;1;0;0;1;2;-5,378458;-49,076744;"SPRF-PA";"DEL03-PA";"UOP01-DEL03-PA"
193463;2019-02-25;"segunda-feira";"06:20:00";"SC";101;10;"GARUVA";"Velocidade Incompatível";"Tombamento";"Com Vítimas Feridas";"Amanhecer";"Decrescente";"Nublado";"Simples";"Interseção de Vias";"Não";2;0;1;0;0;2;1;3;-26,0722;-48,8608;"SPRF-SC";"DEL03-SC";"UOP01-DEL03-SC"
193464;2019-02-25;"segunda-feira";"05:10:00";"MS";60;378,5;"CAMPO GRANDE";"Falta de Atenção à Condução";"Colisão frontal";"Com Vítimas Feridas";"Amanhecer";"Crescente";"Céu Claro";"Simples";"Reta";"Não";2;0;0;1;1;0;1;2;-20,615;-54,7443;"SPRF-MS";"DEL01-MS";"UOP04-DEL01-MS"
193466;2019-02-25;"segunda-feira";"06:30:00";"GO";153;675,5;"PANAMA";"Defeito Mecânico no Veículo";"Saída de leito carroçável";"Com Vítimas Feridas";"Pleno dia";"Crescente";"Céu Claro";"Dupla";"Interseção de Vias";"Não";2;0;1;0;0;1;1;2;-18,1855;-49,2895;"SPRF-GO";"DEL03-GO";"UOP02-DEL03-GO"
193487;2019-02-25;"segunda-feira";"07:40:00";"GO";153;494,9;"GOIANIA";"Falta de Atenção à Condução";"Colisão traseira";"Com Vítimas Feridas";"Pleno dia";"Crescente";"Nublado";"Dupla";"Reta";"Sim";2;0;0;1;1;0;1;2;-16,6614;-49,2218;"SPRF-GO";"DEL01-GO";"UOP01-DEL01-GO"
193493;2019-02-25;"segunda-feira";"07:15:00";"MT";70;281;"PRIMAVERA DO LESTE";"Não guardar distância de segurança";"Colisão transversal";"Com Vítimas Feridas";"Pleno dia";"Decrescente";"Céu Claro";"Simples";"Reta";"Não";2;0;1;0;1;0;1;2;-15,567039;-54,305145;"SPRF-MT";"DEL05-MT";"UOP01-DEL05-MT"
193496;2019-02-25;"segunda-feira";"08:50:00";"SP";116;308,2;"SAO LOURENCO DA SERRA";"Falta de Atenção do Pedestre";"Atropelamento de Pedestre";"Com Vítimas Feridas";"Pleno dia";"Crescente";"Sol";"Dupla";"Aclive;Reta";"Não";3;0;0;1;1;1;1;3;-23,85925536;-46,94518274;"SPRF-SP";"DEL04-SP";"UOP01-DEL04-SP"
193512;2019-02-25;"segunda-feira";"10:40:00";"RS";293;1;"PELOTAS";"Não guardar distância de segurança";"Colisão traseira";"Sem Vítimas";"Pleno dia";"Decrescente";"Céu Claro";"Simples";"Reta";"Sim";1;0;0;0;1;0;0;1;-31,752359;-52,359131;"SPRF-RS";"DEL07-RS";"UOP01-DEL07-RS"
193515;2019-02-25;"segunda-feira";"11:10:00";"TO";153;350;"FORTALEZA DO TABOCAO";"Pista Escorregadia";"Tombamento";"Sem Vítimas";"Pleno dia";"Decrescente";"Garoa/Chuvisco";"Simples";"Declive";"Não";2;0;0;0;2;0;0;2;-8,978217;-48,497658;"SPRF-TO";"DEL02-TO";"UOP02-DEL02-TO"
193519;2019-02-21;"quinta-feira";"09:00:00";"SC";280;230,2;"CANOINHAS";"Falta de Atenção à Condução";"Colisão transversal";"Com Vítimas Feridas";"Pleno dia";"Crescente";"Céu Claro";"Simples";"Rotatória";"Não";3;0;1;0;2;0;1;2;-26,187521;-50,361839;"SPRF-SC";"DEL06-SC";"UOP04-DEL06-SC"
193522;2019-02-25;"segunda-feira";"11:45:00";"GO";20;94,6;"VILA BOA";"Condutor Dormindo";"Colisão frontal";"Com Vítimas Fatais";"Pleno dia";"Crescente";"Céu Claro";"Simples";"Reta";"Não";3;1;1;0;0;1;1;3;-14,990489;-47,025421;"SPRF-DF";"DEL02-DF";"UOP03-DEL02-DF"
193523;2019-02-25;"segunda-feira";"12:10:00";"BA";101;616;"MASCOTE";"Falta de Atenção à Condução";"Colisão frontal";"Com Vítimas Fatais";"Pleno dia";"Crescente";"Céu Claro";"Simples";"Reta";"Sim";3;1;0;0;2;0;0;2;-15,6146;-39,4325;"SPRF-BA";"DEL05-BA";"UOP02-DEL05-BA"
193525;2019-02-25;"segunda-feira";"11:05:00";"MT";163;865;"SINOP";"Falta de Atenção à Condução";"Saída de leito carroçável";"Sem Vítimas";"Pleno dia";"Decrescente";"Sol";"Simples";"Curva";"Não";2;0;0;0;1;2;0;3;-11,596522;-55,426412;"SPRF-MT";"DEL06-MT";"UOP02-DEL06-MT"
193528;2019-02-25;"segunda-feira";"12:48:00";"GO";60;107,9;"GOIANAPOLIS";"Defeito Mecânico no Veículo";"Engavetamento";"Com Vítimas Feridas";"Pleno dia";"Decrescente";"Nublado";"Dupla";"Reta";"Não";4;0;1;0;3;0;1;3;-16,431;-49,018;"SPRF-GO";"DEL01-GO";"UOP01-DEL01-GO"
193530;2019-02-25;"segunda-feira";"12:10:00";"ES";101;326,3;"GUARAPARI";"Falta de Atenção à Condução";"Colisão frontal";"Com Vítimas Fatais";"Pleno dia";"Crescente";"Céu Claro";"Simples";"Reta";"Não";8;1;0;1;6;0;1;5;-20,54858003;-40,48221588;"SPRF-ES";"DEL03-ES";"UOP01-DEL03-ES"
193534;2019-02-25;"segunda-feira";"10:45:00";"BA";330;752;"JITAUNA";"Falta de Atenção à Condução";"Colisão traseira";"Com Vítimas Feridas";"Pleno dia";"Crescente";"Céu Claro";"Simples";"Reta";"Não";3;0;2;0;1;0;2;2;-14,0109496;-39,87894854;"SPRF-BA";"DEL03-BA";"UOP01-DEL03-BA"
193537;2019-02-25;"segunda-feira";"13:10:00";"MG";40;568;"NOVA LIMA";"Pista Escorregadia";"Colisão transversal";"Com Vítimas Feridas";"Pleno dia";"Crescente";"Chuva";"Simples";"Reta";"Não";3;0;2;0;0;1;2;3;-20,2041;-43,9741;"SPRF-MG";"DEL01-MG";"UOP02-DEL01-MG"
193538;2019-02-25;"segunda-feira";"13:15:00";"MG";381;271,8;"TIMOTEO";"Falta de Atenção à Condução";"Colisão traseira";"Com Vítimas Feridas";"Pleno dia";"Crescente";"Céu Claro";"Simples";"Reta";"Não";2;0;0;1;1;0;1;2;-19,53837826;-42,67661355;"SPRF-MG";"DEL03-MG";"UOP02-DEL03-MG"
193539;2019-02-25;"segunda-feira";"13:50:00";"RJ";101;76;"CAMPOS DOS GOYTACAZES";"Condutor Dormindo";"Colisão frontal";"Com Vítimas Feridas";"Pleno dia";"Crescente";"Céu Claro";"Simples";"Reta";"Não";2;0;1;0;1;0;1;2;-21,82767978;-41,40648365;"SPRF-RJ";"DEL08-RJ";"UOP02-DEL08-RJ"
193543;2019-02-10;"domingo";"00:00:00";"MT";364;590;"DIAMANTINO";"Condutor Dormindo";"Colisão frontal";"Com Vítimas Feridas";"Plena Noite";"Crescente";"Nublado";"Simples";"Reta";"Não";3;0;2;0;1;0;2;2;-14,591146;-56,232323;"SPRF-MT";"DEL01-MT";"UOP01-DEL01-MT"
193544;2019-02-25;"segunda-feira";"14:10:00";"PR";163;131,9;"CAPITAO LEONIDAS MARQUES";"Ultrapassagem Indevida";"Colisão frontal";"Com Vítimas Fatais";"Pleno dia";"Crescente";"Nublado";"Simples";"Reta";"Não";4;1;1;2;0;0;3;2;-25,5491;-53,5915;"SPRF-PR";"DEL04-PR";"UOP05-DEL05-PR"
193545;2019-02-25;"segunda-feira";"12:30:00";"BA";324;565;"SAO SEBASTIAO DO PASSE";"Velocidade Incompatível";"Tombamento";"Com Vítimas Feridas";"Pleno dia";"Decrescente";"Céu Claro";"Simples";"Curva";"Não";1;0;1;0;0;0;1;1;-12,53023755;-38,60205364;"SPRF-BA";"DEL01-BA";"UOP01-DEL01-BA"
193550;2019-02-25;"segunda-feira";"08:30:00";"MG";267;223;"ARANTINA";"Condutor Dormindo";"Colisão traseira";"Sem Vítimas";"Pleno dia";"Decrescente";"Céu Claro";"Simples";"Curva";"Não";3;0;0;0;2;1;0;3;-21,9528641;-44,25333024;"SPRF-MG";"DEL05-MG";"UOP01-DEL17-MG"
193551;2019-02-25;"segunda-feira";"14:20:00";"RJ";40;102;"DUQUE DE CAXIAS";"Falta de Atenção à Condução";"Colisão traseira";"Sem Vítimas";"Pleno dia";"Crescente";"Céu Claro";"Múltipla";"Reta";"Sim";2;0;0;0;2;0;0;2;-22,6205;-43,2868;"SPRF-RJ";"DEL01-RJ";"UOP01-DEL01-RJ"
193553;2019-02-25;"segunda-feira";"14:40:00";"MG";40;567,3;"NOVA LIMA";"Sinalização da via insuficiente ou inadequada";"Saída de leito carroçável";"Com Vítimas Feridas";"Pleno dia";"Decrescente";"Chuva";"Simples";"Declive;Curva";"Não";3;0;1;1;0;1;2;2;-20,19319691;-43,97241354;"SPRF-MG";"DEL01-MG";"UOP02-DEL01-MG"
193559;2019-02-25;"segunda-feira";"15:00:00";"MG";116;415;"GOVERNADOR VALADARES";"Falta de Atenção à Condução";"Colisão traseira";"Com Vítimas Feridas";"Pleno dia";"Crescente";"Sol";"Simples";"Ponte";"Sim";3;0;1;0;1;1;1;3;-18,88322408;-41,95266724;"SPRF-MG";"DEL06-MG";"UOP01-DEL06-MG"
193574;2019-02-25;"segunda-feira";"16:00:00";"CE";116;107,8;"MORADA NOVA";"Falta de Atenção à Condução";"Saída de leito carroçável";"Sem Vítimas";"Pleno dia";"Decrescente";"Nublado";"Simples";"Reta";"Não";2;0;0;0;1;2;0;3;-4,56970868;-38,24307561;"SPRF-CE";"DEL03-CE";"UOP02-DEL03-CE"
193576;2019-02-25;"segunda-feira";"16:25:00";"SP";116;28;"CRUZEIRO";"Pista Escorregadia";"Tombamento";"Sem Vítimas";"Pleno dia";"Crescente";"Chuva";"Dupla";"Curva;Declive";"Não";2;0;0;0;1;1;0;2;-22,62492;-44,915722;"SPRF-SP";"DEL08-SP";"UOP02-DEL08-SP"
193578;2019-02-25;"segunda-feira";"17:10:00";"SP";116;313,5;"SAO LOURENCO DA SERRA";"Condutor Dormindo";"Colisão traseira";"Com Vítimas Feridas";"Pleno dia";"Crescente";"Céu Claro";"Dupla";"Reta";"Não";3;0;1;0;1;1;1;3;-23,88802622;-46,9790877;"SPRF-SP";"DEL04-SP";"UOP01-DEL04-SP"
193580;2019-02-25;"segunda-feira";"17:30:00";"GO";30;4,8;"FORMOSA";"Pista Escorregadia";"Saída de leito carroçável";"Sem Vítimas";"Pleno dia";"Crescente";"Chuva";"Simples";"Declive";"Sim";1;0;0;0;1;0;0;1;-15,55649538;-47,30833054;"SPRF-DF";"DEL02-DF";"UOP01-DEL02-DF"
193583;2019-02-25;"segunda-feira";"17:40:00";"PE";101;66;"RECIFE";"Desobediência às normas de trânsito pelo condutor";"Colisão lateral";"Com Vítimas Feridas";"Anoitecer";"Decrescente";"Nublado";"Dupla";"Reta";"Sim";3;0;1;0;2;0;1;3;-8,0431;-34,9433;"SPRF-PE";"DEL01-PE";"UOP01-DEL01-PE"
193584;2019-02-25;"segunda-feira";"11:00:00";"SC";470;157,3;"TROMBUDO CENTRAL";"Pista Escorregadia";"Colisão frontal";"Com Vítimas Feridas";"Pleno dia";"Crescente";"Chuva";"Simples";"Curva";"Sim";3;0;2;0;1;0;2;3;-27,285425;-49,76881;"SPRF-SC";"DEL04-SC";"UOP02-DEL04-SC"
193589;2019-02-25;"segunda-feira";"18:10:00";"MG";365;371,8;"PATOS DE MINAS";"Pista Escorregadia";"Saída de leito carroçável";"Com Vítimas Feridas";"Plena Noite";"Crescente";"Chuva";"Simples";"Curva";"Não";2;0;1;0;0;1;1;2;-18,540285;-46,205609;"SPRF-MG";"DEL10-MG";"UOP01-DEL10-MG"
193591;2019-02-25;"segunda-feira";"16:40:00";"BA";116;525,5;"ITATIM";"Ultrapassagem Indevida";"Saída de leito carroçável";"Sem Vítimas";"Pleno dia";"Crescente";"Céu Claro";"Simples";"Reta";"Não";2;0;0;0;1;1;0;2;-12,71875613;-39,7495124;"SPRF-BA";"DEL03-BA";"UOP02-DEL03-BA"
193599;2019-02-25;"segunda-feira";"18:10:00";"RS";386;172,3;"CARAZINHO";"Não guardar distância de segurança";"Engavetamento";"Sem Vítimas";"Anoitecer";"Decrescente";"Chuva";"Simples";"Reta";"Não";5;0;0;0;3;2;0;5;-28,250835;-52,798668;"SPRF-RS";"DEL08-RS";"UOP01-DEL08-RS"
193601;2019-02-25;"segunda-feira";"18:45:00";"RJ";101;420;"MANGARATIBA";"Pista Escorregadia";"Colisão frontal";"Sem Vítimas";"Plena Noite";"Crescente";"Chuva";"Simples";"Curva";"Não";2;0;0;0;2;0;0;2;-22,918983;-43,923222;"SPRF-RJ";"DEL03-RJ";"UOP01-DEL03-RJ"
193608;2019-02-25;"segunda-feira";"19:20:00";"SP";116;199,5;"ARUJA";"Velocidade Incompatível";"Tombamento";"Com Vítimas Feridas";"Plena Noite";"Crescente";"Chuva";"Dupla";"Curva";"Sim";1;0;1;0;0;0;1;1;-23,4024082;-46,3164769;"SPRF-SP";"DEL01-SP";"UOP02-DEL01-SP"
193613;2019-02-25;"segunda-feira";"20:40:00";"ES";101;407;"ITAPEMIRIM";"Ingestão de Álcool";"Colisão lateral";"Com Vítimas Feridas";"Plena Noite";"Crescente";"Céu Claro";"Simples";"Reta";"Não";5;0;1;0;3;1;1;4;-20,895;-41,026;"SPRF-ES";"DEL03-ES";"UOP02-DEL03-ES"
193614;2019-02-25;"segunda-feira";"20:05:00";"MG";381;481,5;"CONTAGEM";"Falta de Atenção à Condução";"Colisão lateral";"Com Vítimas Feridas";"Plena Noite";"Crescente";"Céu Claro";"Múltipla";"Reta";"Sim";2;0;1;0;1;0;1;2;-19,959;-44,0704;"SPRF-MG";"DEL01-MG";"UOP03-DEL01-MG"
193617;2019-02-25;"segunda-feira";"18:45:00";"MG";40;741,2;"SANTOS DUMONT";"Ingestão de Álcool";"Colisão frontal";"Com Vítimas Feridas";"Plena Noite";"Crescente";"Chuva";"Simples";"Reta";"Não";3;0;0;1;1;1;1;3;-21,4358;-43,5525;"SPRF-MG";"DEL05-MG";"UOP01-DEL05-MG"
193622;2019-02-25;"segunda-feira";"19:20:00";"MT";70;505;"ROSARIO OESTE";"Não guardar distância de segurança";"Colisão traseira";"Com Vítimas Feridas";"Plena Noite";"Crescente";"Chuva";"Simples";"Reta";"Não";3;0;1;0;1;1;1;3;-15;-56;"SPRF-MT";"DEL02-MT";"UOP02-DEL01-MT"
193634;2019-02-26;"terça-feira";"00:15:00";"SC";101;184,4;"BIGUACU";"Falta de Atenção à Condução";"Colisão traseira";"Sem Vítimas";"Plena Noite";"Crescente";"Garoa/Chuvisco";"Múltipla";"Reta";"Sim";6;0;0;0;5;1;0;5;-27,4254;-48,6244;"SPRF-SC";"DEL01-SC";"UOP01-DEL01-SC"
193637;2019-02-25;"segunda-feira";"19:40:00";"MT";364;504,9;"JANGADA";"Ingestão de Álcool";"Saída de leito carroçável";"Com Vítimas Feridas";"Plena Noite";"Decrescente";"Chuva";"Simples";"Reta";"Não";2;0;1;0;0;1;1;2;-15,229754;-56,496429;"SPRF-MT";"DEL01-MT";"DEL2/4-UOP02/MT"
193638;2019-02-26;"terça-feira";"01:30:00";"PE";101;44,8;"IGARASSU";"Falta de Atenção à Condução";"Queda de ocupante de veículo";"Com Vítimas Fatais";"Plena Noite";"Decrescente";"Céu Claro";"Dupla";"Reta";"Sim";3;1;0;0;1;1;0;3;-7,864;-34,9073;"SPRF-PE";"DEL01-PE";"UOP02-DEL01-PE"
193641;2019-02-26;"terça-feira";"03:30:00";"PR";376;440;"TIBAGI";"Velocidade Incompatível";"Tombamento";"Sem Vítimas";"Plena Noite";"Crescente";"Chuva";"Dupla";"Curva";"Não";2;0;0;0;1;1;0;2;-24,80496509;-50,48861596;"SPRF-PR";"DEL03-PR";"UOP02-DEL03-PR"
193644;2019-02-26;"terça-feira";"02:00:00";"MG";381;715,8;"CARMO DA CACHOEIRA";"Defeito Mecânico no Veículo";"Tombamento";"Sem Vítimas";"Plena Noite";"Crescente";"Nublado";"Dupla";"Aclive;Reta";"Não";2;0;0;0;1;1;0;2;-21,3955;-45,2022;"SPRF-MG";"DEL04-MG";"UOP02-DEL04-MG"
193645;2019-02-26;"terça-feira";"03:25:00";"MG";381;715,3;"CARMO DA CACHOEIRA";"Falta de Atenção à Condução";"Colisão traseira";"Com Vítimas Feridas";"Plena Noite";"Crescente";"Ignorado";"Dupla";"Curva";"Não";4;0;2;0;2;0;2;3;-21,3955;-45,2022;"SPRF-MG";"DEL04-MG";"UOP02-DEL04-MG"
193646;2019-02-26;"terça-feira";"03:35:00";"MG";381;735,7;"CARMO DA CACHOEIRA";"Falta de Atenção à Condução";"Colisão traseira";"Com Vítimas Feridas";"Plena Noite";"Crescente";"Nublado";"Múltipla";"Reta";"Não";3;0;1;0;1;1;1;3;-21,5489;-45,2422;"SPRF-MG";"DEL04-MG";"UOP02-DEL04-MG"
193647;2019-02-26;"terça-feira";"03:20:00";"MS";262;252,3;"RIBAS DO RIO PARDO";"Ultrapassagem Indevida";"Colisão frontal";"Com Vítimas Feridas";"Plena Noite";"Crescente";"Céu Claro";"Simples";"Declive";"Não";3;0;0;1;2;0;1;3;-20,41063043;-53,8686697;"SPRF-MS";"DEL01-MS";"UOP01-DEL01-MS"
193648;2019-02-26;"terça-feira";"04:20:00";"BA";101;817;"ITAMARAJU";"Falta de Atenção à Condução";"Tombamento";"Com Vítimas Feridas";"Plena Noite";"Crescente";"Céu Claro";"Simples";"Curva";"Não";1;0;1;0;0;0;1;1;-17,05433832;-39,6284312;"SPRF-BA";"DEL09-BA";"UOP01-DEL09-BA"
193651;2019-02-26;"terça-feira";"06:00:00";"RN";101;139,1;"ARES";"Condutor Dormindo";"Colisão traseira";"Com Vítimas Feridas";"Pleno dia";"Crescente";"Chuva";"Dupla";"Aclive";"Não";3;0;1;0;2;0;1;2;-6,197511;-35,213669;"SPRF-RN";"DEL01-RN";"UOP01-DEL01-RN"
193678;2019-02-26;"terça-feira";"07:20:00";"MG";365;160,8;"PIRAPORA";"Velocidade Incompatível";"Tombamento";"Com Vítimas Feridas";"Pleno dia";"Crescente";"Céu Claro";"Simples";"Rotatória";"Sim";2;0;1;0;0;1;1;2;-17,361441;-44,919682;"SPRF-MG";"DEL12-MG";"UOP01-DEL12-MG"
193680;2019-02-26;"terça-feira";"03:00:00";"MG";40;300;"TRES MARIAS";"Condutor Dormindo";"Saída de leito carroçável";"Sem Vítimas";"Plena Noite";"Decrescente";"Céu Claro";"Simples";"Curva";"Não";1;0;0;0;1;0;0;1;-18,350143;-45,093292;"SPRF-MG";"DEL14-MG";"UOP02-DEL14-MG"
193683;2019-02-26;"terça-feira";"07:35:00";"MG";365;371,8;"PATOS DE MINAS";"Defeito Mecânico no Veículo";"Colisão lateral";"Com Vítimas Feridas";"Pleno dia";"Decrescente";"Chuva";"Simples";"Curva";"Não";2;0;1;0;1;0;1;2;-18,5401;-46,2056;"SPRF-MG";"DEL10-MG";"UOP01-DEL10-MG"