"id";"data_inversa";"dia_semana";"horario";"uf";"br";"km";"municipio";"causa_acidente";"tipo_acidente";"classificacao_acidente";"fase_dia";"sentido_via";"condicao_metereologica";"tipo_pista";"tracado_via";"uso_solo";"pessoas";"mortos";"feridos_leves";"feridos_graves";"ilesos";"ignorados";"feridos";"veiculos";"latitude";"longitude";"regional";"delegacia";"uop"
193693;2019-02-26;"terça-feira";"09:45:00";"PR";376;5,3;"MARINGA";"Pista Escorregadia";"Colisão com objeto estático";"Com Vítimas Feridas";"Pleno dia";"Crescente";"Chuva";"Dupla";"Reta";"Sim";3;0;2;0;1;0;2;1;-23,379411;-51,947879;"SPRF-PR";"DEL07-PR";"UOP01-DEL09-PR"
193698;2019-02-26;"terça-feira";"07:55:00";"RN";304;273,4;"SAO PEDRO";"Falta de Atenção à Condução";"Saída de leito carroçável";"Sem Vítimas";"Pleno dia";"Crescente";"Nublado";"Simples";"Reta";"Não";2;0;0;0;1;1;0;2;-5,87725519;-35,55045258;"SPRF-RN";"DEL01-RN";"UOP02-DEL01-RN"
193704;2019-02-26;"terça-feira";"09:50:00";"ES";101;304;"VIANA";"Falta de Atenção à Condução";"Colisão traseira";"Sem Vítimas";"Pleno dia";"Crescente";"Céu Claro";"Dupla";"Reta";"Sim";3;0;0;0;2;1;0;3;-20,38339349;-40,46123765;"SPRF-ES";"DEL01-ES";"UOP01-DEL01-ES"
193708;2019-02-26;"terça-feira";"10:00:00";"MT";163;688;"LUCAS DO RIO VERDE";"Defeito Mecânico no Veículo";"Colisão traseira";"Com Vítimas Feridas";"Pleno dia";"Crescente";"Céu Claro";"Simples";"Reta";"Sim";4;0;1;0;2;4;1;7;-13,07456845;-55,93191884;"SPRF-MT";"DEL06-MT";"UOP01-DEL06-MT"
193709;2019-02-26;"terça-feira";"10:51:00";"PR";277;163;"PALMEIRA";"Carga excessiva e/ou mal acondicionada";"Tombamento";"Sem Vítimas";"Pleno dia";"Crescente";"Garoa/Chuvisco";"Simples";"Aclive";"Não";2;0;0;0;1;1;0;2;-25,45319498;-49,94384766;"SPRF-PR";"DEL01-PR";"UOP06-DEL01-PR"
193715;2019-02-26;"terça-feira";"12:00:00";"SC";470;45,7;"GASPAR";"Falta de Atenção à Condução";"Colisão traseira";"Com Vítimas Feridas";"Pleno dia";"Crescente";"Nublado";"Simples";"Reta";"Sim";2;0;1;0;0;1;1;2;-26,867064;-49,031109;"SPRF-SC";"DEL04-SC";"UOP01-DEL04-SC"
193718;2019-02-26;"terça-feira";"10:55:00";"PE";232;59,8;"POMBOS";"Não guardar distância de segurança";"Colisão traseira";"Sem Vítimas";"Pleno dia";"Crescente";"Céu Claro";"Dupla";"Aclive";"Sim";2;0;0;0;2;0;0;2;-8,147123;-35,398911;"SPRF-PE";"DEL01-PE";"UOP02-DEL02PE"
193726;2019-02-26;"terça-feira";"11:45:00";"MG";365;825,8;"SANTA VITORIA";"Defeito na Via";"Saída de leito carroçável";"Com Vítimas Feridas";"Pleno dia";"Decrescente";"Céu Claro";"Simples";"Curva";"Não";3;0;0;1;0;3;1;4;-18,87660523;-50,12304068;"SPRF-MG";"DEL15-MG";"UOP03-DEL15-MG"
193729;2019-02-26;"terça-feira";"12:30:00";"GO";364;210;"JATAI";"Sinalização da via insuficiente ou inadequada";"Colisão traseira";"Com Vítimas Feridas";"Pleno dia";"Decrescente";"Céu Claro";"Simples";"Reta";"Não";2;0;1;0;1;0;1;2;-17,891758;-51,840656;"SPRF-GO";"DEL05-GO";"UOP01-DEL05-GO"
193734;2019-02-26;"terça-feira";"13:45:00";"RS";116;265;"CANOAS";"Falta de Atenção à Condução";"Colisão traseira";"Com Vítimas Feridas";"Pleno dia";"Decrescente";"Céu Claro";"Múltipla";"Reta";"Não";4;0;2;0;2;0;2;3;-29,923407;-51,177811;"SPRF-RS";"DEL01-RS";"UOP01-DEL01-RS"
193741;2019-02-26;"terça-feira";"14:00:00";"SP";116;316;"JUQUITIBA";"Falta de Atenção à Condução";"Tombamento";"Com Vítimas Feridas";"Pleno dia";"Decrescente";"Chuva";"Dupla";"Curva";"Não";1;0;0;1;0;0;1;1;-23,92852358;-46,99504852;"SPRF-SP";"DEL04-SP";"UOP03-DEL04-SP"
193750;2019-02-26;"terça-feira";"14:35:00";"RJ";393;117;"SAPUCAIA";"Mal Súbito";"Colisão frontal";"Com Vítimas Fatais";"Pleno dia";"Decrescente";"Céu Claro";"Simples";"Reta";"Não";2;1;0;0;1;0;0;2;-21,88167;-42,687073;"SPRF-RJ";"DEL06-RJ";"UOP01-DEL05-RJ"
193751;2019-02-26;"terça-feira";"09:00:00";"SC";282;32;"AGUAS MORNAS";"Não guardar distância de segurança";"Saída de leito carroçável";"Sem Vítimas";"Pleno dia";"Decrescente";"Céu Claro";"Simples";"Reta";"Sim";1;0;0;0;1;0;0;1;-27,70116;-48,800175;"SPRF-SC";"DEL01-SC";"UOP03-DEL01-SC"
193761;2019-02-26;"terça-feira";"16:30:00";"MG";40;528;"CONTAGEM";"Pista Escorregadia";"Tombamento";"Com Vítimas Feridas";"Pleno dia";"Decrescente";"Chuva";"Dupla";"Declive";"Sim";3;0;3;0;0;0;3;1;-19,9191;-44,0391;"SPRF-MG";"DEL01-MG";"UOP03-DEL01-MG"
193763;2019-02-26;"terça-feira";"16:10:00";"PR";476;138;"CURITIBA";"Falta de Atenção à Condução";"Colisão traseira";"Com Vítimas Feridas";"Pleno dia";"Decrescente";"Nublado";"Múltipla";"Reta";"Sim";3;0;0;1;2;0;1;3;-25,505564;-49,283417;"SPRF-PR";"DEL01-PR";"UOP07-DEL01-PR"
193765;2019-02-26;"terça-feira";"16:45:00";"ES";101;107,6;"SOORETAMA";"Ingestão de Álcool";"Colisão lateral";"Com Vítimas Feridas";"Pleno dia";"Crescente";"Céu Claro";"Simples";"Aclive";"Não";8;0;2;0;5;1;2;4;-19,04611727;-40,02676271;"SPRF-ES";"DEL04-ES";"UOP01-DEL04-ES"
193766;2019-02-26;"terça-feira";"16:40:00";"SC";101;205,2;"SAO JOSE";"Falta de Atenção à Condução";"Colisão lateral";"Sem Vítimas";"Pleno dia";"Crescente";"Céu Claro";"Dupla";"Reta";"Sim";2;0;0;0;2;0;0;2;-27,592;-48,6181;"SPRF-SC";"DEL01-SC";"UOP01-DEL01-SC"
193769;2019-02-26;"terça-feira";"16:20:00";"RS";290;116,1;"ELDORADO DO SUL";"Desobediência às normas de trânsito pelo condutor";"Colisão frontal";"Com Vítimas Fatais";"Pleno dia";"Decrescente";"Céu Claro";"Simples";"Reta";"Não";7;1;3;0;2;5;3;10;-30,046543;-51,367748;"SPRF-RS";"DEL02-RS";"UOP01-DEL02-RS"
193780;2019-02-26;"terça-feira";"16:40:00";"ES";101;1;"SERRA";"Desobediência às normas de trânsito pelo condutor";"Colisão lateral";"Sem Vítimas";"Pleno dia";"Crescente";"Sol";"Dupla";"Reta";"Sim";4;0;0;0;4;0;0;4;-20,23849339;-40,27862918;"SPRF-ES";"DEL02-ES";"UOP01-DEL02-ES"
193783;2019-02-26;"terça-feira";"17:55:00";"CE";20;419;"MARACANAU";"Defeito na Via";"Colisão com objeto estático";"Sem Vítimas";"Anoitecer";"Crescente";"Céu Claro";"Dupla";"Interseção de Vias";"Sim";4;0;0;0;3;1;0;4;-3,84502437;-38,57867545;"SPRF-CE";"DEL01-CE";"UOP02-DEL01-CE"
193785;2019-02-26;"terça-feira";"18:45:00";"PE";408;85;"SAO LOURENCO DA MATA";"Falta de Atenção à Condução";"Colisão com objeto estático";"Com Vítimas Feridas";"Plena Noite";"Crescente";"Nublado";"Dupla";"Declive;Curva";"Não";3;0;2;0;0;1;2;2;-7,954069;-35,102776;"SPRF-PE";"DEL01-PE";"UOP01-DEL01-PE"
193787;2019-02-26;"terça-feira";"17:40:00";"MT";163;927;"ITAUBA";"Ultrapassagem Indevida";"Saída de leito carroçável";"Sem Vítimas";"Pleno dia";"Crescente";"Ignorado";"Simples";"Reta";"Não";2;0;0;0;1;2;0;3;-11,07721912;-55,28330371;"SPRF-MT";"DEL06-MT";"UOP02-DEL06-MT"
193792;2019-02-26;"terça-feira";"17:50:00";"RS";386;35;"FREDERICO WESTPHALEN";"Falta de Atenção à Condução";"Colisão transversal";"Com Vítimas Feridas";"Pleno dia";"Decrescente";"Sol";"Simples";"Reta";"Sim";3;0;1;0;1;1;1;3;-27,36633481;-53,39624941;"SPRF-RS";"DEL08-RS";"UOP02-DEL08-RS"
193798;2019-02-26;"terça-feira";"19:20:00";"PB";101;82;"BAYEUX";"Falta de Atenção à Condução";"Colisão transversal";"Com Vítimas Feridas";"Plena Noite";"Decrescente";"Céu Claro";"Dupla";"Reta";"Sim";3;0;1;0;1;1;1;3;-7,1313;-34,9326;"SPRF-PB";"DEL01-PB";"UOP01-DEL01-PB"
193799;2019-02-26;"terça-feira";"17:20:00";"MG";381;529;"RIO MANSO";"Falta de Atenção à Condução";"Engavetamento";"Com Vítimas Feridas";"Pleno dia";"Decrescente";"Chuva";"Dupla";"Curva";"Não";6;0;0;1;4;3;1;8;-20,1623;-44,3484;"SPRF-MG";"DEL04-MG";"UOP03-DEL04-MG"
193802;2019-02-26;"terça-feira";"15:50:00";"MS";163;420,3;"CAMPO GRANDE";"Falta de Atenção à Condução";"Colisão transversal";"Sem Vítimas";"Pleno dia";"Decrescente";"Chuva";"Dupla";"Reta";"Sim";3;0;0;0;2;1;0;3;-20,98827855;-54,50624596;"SPRF-MS";"DEL01-MS";"UOP01-DEL01-MS"
193805;2019-02-26;"terça-feira";"18:38:00";"RO";364;23;"VILHENA";"Falta de Atenção à Condução";"Colisão frontal";"Com Vítimas Feridas";"Plena Noite";"Decrescente";"Chuva";"Simples";"Reta";"Não";3;0;0;1;1;2;1;4;-12,724921;-60,220432;"SPRF-RO";"DEL04-RO";"UOP01-DEL04-RO"
193807;2019-02-26;"terça-feira";"19:20:00";"MG";116;415;"GOVERNADOR VALADARES";"Ultrapassagem Indevida";"Queda de ocupante de veículo";"Com Vítimas Feridas";"Anoitecer";"Decrescente";"Ignorado";"Simples";"Reta";"Sim";3;0;0;1;1;1;1;3;-18,88378795;-41,95004052;"SPRF-MG";"DEL06-MG";"UOP01-DEL06-MG"
193823;2019-02-26;"terça-feira";"16:20:00";"CE";222;128;"ITAPAJE";"Defeito Mecânico no Veículo";"Tombamento";"Sem Vítimas";"Pleno dia";"Crescente";"Chuva";"Simples";"Curva";"Não";2;0;0;0;1;2;0;3;-3,704279;-39,615295;"SPRF-CE";"DEL04-CE";"UOP03-DEL04-CE"
193824;2019-02-26;"terça-feira";"21:40:00";"MG";381;838,1;"SAO SEBASTIAO DA BELA VISTA";"Defeito Mecânico no Veículo";"Saída de leito carroçável";"Com Vítimas Feridas";"Plena Noite";"Crescente";"Chuva";"Dupla";"Curva";"Não";2;0;2;0;0;0;2;1;-22,1586;-45,8273;"SPRF-MG";"DEL16-MG";"UOP01-DEL16-MG"
193826;2019-02-26;"terça-feira";"23:00:00";"SP";116;465,5;"PARIQUERA-ACU";"Objeto estático sobre o leito carroçável";"Colisão com objeto estático";"Sem Vítimas";"Plena Noite";"Crescente";"Nublado";"Dupla";"Curva";"Não";3;0;0;0;3;0;0;2;-24,64696841;-47,92169809;"SPRF-SP";"DEL05-SP";"UAP01-DEL05-SP"
193829;2019-02-26;"terça-feira";"22:00:00";"PI";316;408,7;"MARCOLANDIA";"Falta de Atenção à Condução";"Saída de leito carroçável";"Com Vítimas Feridas";"Plena Noite";"Decrescente";"Nublado";"Simples";"Curva";"Não";1;0;0;1;0;0;1;1;-7,42545343;-40,69988251;"SPRF-PI";"DEL04-PI";"UOP03-DEL04-PI"
193832;2019-02-26;"terça-feira";"23:15:00";"RJ";116;274;"BARRA MANSA";"Falta de Atenção à Condução";"Colisão traseira";"Com Vítimas Feridas";"Plena Noite";"Crescente";"Garoa/Chuvisco";"Dupla";"Aclive";"Não";2;0;1;0;1;0;1;2;-22,561834;-44,165886;"SPRF-RJ";"DEL07-RJ";"UOP02-DEL07-RJ"
193836;2019-02-26;"terça-feira";"19:15:00";"MG";153;116;"PRATA";"Ultrapassagem Indevida";"Colisão frontal";"Com Vítimas Feridas";"Anoitecer";"Decrescente";"Chuva";"Simples";"Reta";"Não";3;0;1;0;1;1;1;3;-19,3370618;-48,90014648;"SPRF-MG";"DEL15-MG";"UOP03-DEL15-MG"
193837;2019-02-27;"quarta-feira";"01:40:00";"PE";428;83;"SANTA MARIA DA BOA VISTA";"Animais na Pista";"Colisão lateral";"Sem Vítimas";"Plena Noite";"Crescente";"Garoa/Chuvisco";"Simples";"Curva";"Não";4;0;0;0;3;1;0;2;-8,794326;-39,825375;"SPRF-PE";"DEL06-PE";"UOP03-DEL06-PE"
193844;2019-02-26;"terça-feira";"23:15:00";"SC";101;13,9;"JOINVILLE";"Defeito Mecânico no Veículo";"Incêndio";"Sem Vítimas";"Plena Noite";"Decrescente";"Nublado";"Dupla";"Reta";"Não";2;0;0;0;1;1;0;2;-26,0982;-48,8676;"SPRF-SC";"DEL03-SC";"UOP01-DEL03-SC"
193847;2019-02-27;"quarta-feira";"05:00:00";"SC";101;416,5;"ARARANGUA";"Condutor Dormindo";"Colisão com objeto estático";"Sem Vítimas";"Plena Noite";"Crescente";"Nublado";"Múltipla";"Reta";"Sim";1;0;0;0;1;0;0;1;-28,975981;-49,53255069;"SPRF-SC";"DEL02-SC";"UOP02-DEL02-SC"
193848;2019-02-27;"quarta-feira";"04:50:00";"RJ";101;285;"ITABORAI";"Falta de Atenção à Condução";"Colisão traseira";"Com Vítimas Feridas";"Amanhecer";"Crescente";"Nublado";"Dupla";"Reta";"Não";3;0;1;0;1;1;1;3;-22,74992;-42,816509;"SPRF-RJ";"DEL02-RJ";"UOP03-DEL02-RJ"
193850;2019-02-26;"terça-feira";"23:00:00";"PI";316;268;"DOM EXPEDITO LOPES";"Defeito na Via";"Tombamento";"Sem Vítimas";"Plena Noite";"Crescente";"Ignorado";"Simples";"Reta";"Não";1;0;0;0;1;0;0;1;-6,92574521;-41,74427032;"SPRF-PI";"DEL04-PI";"UOP02-DEL04-PI"
193854;2019-02-27;"quarta-feira";"01:30:00";"RJ";116;220,8;"PIRAI";"Falta de Atenção à Condução";"Colisão traseira";"Com Vítimas Feridas";"Plena Noite";"Crescente";"Nevoeiro/Neblina";"Simples";"Curva";"Não";2;0;1;0;1;0;1;2;-22,700907;-43,757046;"SPRF-RJ";"DEL07-RJ";"UOP01-DEL07-RJ"
193861;2019-02-27;"quarta-feira";"07:50:00";"SP";153;71,8;"SAO JOSE DO RIO PRETO";"Falta de Atenção à Condução";"Colisão traseira";"Com Vítimas Feridas";"Pleno dia";"Decrescente";"Nublado";"Dupla";"Declive;Em Obras;Reta";"Sim";2;0;1;0;1;0;1;2;-20,858019;-49,406662;"SPRF-SP";"DEL09-SP";"UOP01-DEL09-SP"
193869;2019-02-27;"quarta-feira";"08:45:00";"CE";20;414;"CAUCAIA";"Falta de Atenção à Condução";"Colisão transversal";"Com Vítimas Feridas";"Pleno dia";"Crescente";"Chuva";"Dupla";"Reta;Em Obras";"Sim";2;0;1;0;1;0;1;2;-3,824085;-38,628128;"SPRF-CE";"DEL01-CE";"UOP01-DEL01-CE"
193873;2019-02-27;"quarta-feira";"08:00:00";"RJ";40;61;"PETROPOLIS";"Defeito Mecânico no Veículo";"Colisão frontal";"Com Vítimas Feridas";"Pleno dia";"Crescente";"Céu Claro";"Dupla";"Reta";"Não";2;0;1;0;1;0;1;2;-22,4064;-43,1475;"SPRF-RJ";"DEL06-RJ";"UOP01-DEL06-RJ"
193875;2019-02-27;"quarta-feira";"09:10:00";"RN";304;152,3;"ANGICOS";"Falta de Atenção à Condução";"Saída de leito carroçável";"Com Vítimas Feridas";"Pleno dia";"Crescente";"Céu Claro";"Simples";"Reta";"Não";5;0;3;0;1;1;3;2;-5,692399;-36,589134;"SPRF-RN";"DEL04-RN";"UOP01-DEL04-RN"
193880;2019-02-27;"quarta-feira";"09:45:00";"PI";343;15;"PARNAIBA";"Desobediência às normas de trânsito pelo condutor";"Colisão transversal";"Com Vítimas Feridas";"Pleno dia";"Crescente";"Sol";"Simples";"Reta";"Sim";2;0;1;0;1;0;1;2;-2,93659;-41,754936;"SPRF-PI";"DEL05-PI";"UOP01-DEL05-PI"
193886;2019-02-27;"quarta-feira";"10:30:00";"MG";381;0,5;"BETIM";"Defeito Mecânico no Veículo";"Colisão com objeto estático";"Com Vítimas Feridas";"Pleno dia";"Crescente";"Céu Claro";"Dupla";"Reta";"Sim";1;0;1;0;0;0;1;1;-19,96627;-44,15911674;"SPRF-MG";"DEL01-MG";"UOP03-DEL01-MG"
193892;2019-02-27;"quarta-feira";"10:40:00";"MG";381;525,9;"BRUMADINHO";"Velocidade Incompatível";"Tombamento";"Com Vítimas Feridas";"Pleno dia";"Crescente";"Nublado";"Dupla";"Declive;Curva";"Não";1;0;1;0;0;0;1;1;-20,150719;-44,326249;"SPRF-MG";"DEL04-MG";"UOP03-DEL04-MG"
193896;2019-02-27;"quarta-feira";"11:05:00";"RS";158;316,5;"ITAARA";"Defeito Mecânico no Veículo";"Saída de leito carroçável";"Sem Vítimas";"Pleno dia";"Decrescente";"Sol";"Simples";"Curva";"Não";1;0;0;0;1;0;0;1;-29,652288;-53,764927;"SPRF-RS";"DEL09-RS";"UOP01-DEL09-RS"
193897;2019-02-27;"quarta-feira";"10:58:00";"PI";407;505;"PATOS DO PIAUI";"Sinalização da via insuficiente ou inadequada";"Tombamento";"Sem Vítimas";"Pleno dia";"Crescente";"Céu Claro";"Simples";"Declive";"Não";2;0;0;0;1;1;0;2;-7,624902;-41,28828;"SPRF-PI";"DEL04-PI";"UOP01-DEL04-PI"
193904;2019-02-27;"quarta-feira";"12:30:00";"PE";101;43,6;"IGARASSU";"Desobediência às normas de trânsito pelo condutor";"Colisão transversal";"Com Vítimas Feridas";"Pleno dia";"Crescente";"Sol";"Múltipla";"Reta";"Sim";4;0;1;0;2;1;1;4;-7,8543;-34,9087;"SPRF-PE";"DEL01-PE";"UOP02-DEL01-PE"
193910;2019-02-27;"quarta-feira";"13:05:00";"SC";470;141;"RIO DO SUL";"Defeito Mecânico no Veículo";"Colisão traseira";"Com Vítimas Feridas";"Pleno dia";"Crescente";"Chuva";"Simples";"Reta";"Sim";3;0;0;1;1;2;1;4;-27,20078565;-49,63262558;"SPRF-SC";"DEL04-SC";"UOP02-DEL04-SC"
193914;2019-02-27;"quarta-feira";"12:50:00";"SC";101;214;"PALHOCA";"Defeito Mecânico no Veículo";"Colisão traseira";"Com Vítimas Feridas";"Pleno dia";"Crescente";"Garoa/Chuvisco";"Dupla";"Reta";"Sim";3;0;0;1;1;1;1;3;-27,652;-48,676;"SPRF-SC";"DEL01-SC";"UOP02-DEL01-SC"
193915;2019-02-27;"quarta-feira";"07:15:00";"MG";251;333,6;"FRUTA DE LEITE";"Velocidade Incompatível";"Tombamento";"Com Vítimas Feridas";"Amanhecer";"Decrescente";"Nublado";"Simples";"Curva";"Não";2;0;1;0;0;3;1;4;-16,2626;-42,4093;"SPRF-MG";"DEL12-MG";"UOP01-DEL12-MG"
193920;2019-02-27;"quarta-feira";"10:30:00";"PR";476;33;"ADRIANOPOLIS";"Velocidade Incompatível";"Colisão frontal";"Com Vítimas Feridas";"Pleno dia";"Crescente";"Chuva";"Simples";"Reta;Aclive";"Não";3;0;1;0;1;1;1;3;-24,838242;-49,051598;"SPRF-PR";"DEL01-PR";"UOP01-DEL01-PR"
193924;2019-02-27;"quarta-feira";"13:30:00";"PR";376;623,8;"SAO JOSE DOS PINHAIS";"Falta de Atenção à Condução";"Colisão lateral";"Com Vítimas Feridas";"Pleno dia";"Decrescente";"Chuva";"Dupla";"Reta";"Não";2;0;1;0;1;0;1;2;-25,64741;-49,158109;"SPRF-PR";"DEL01-PR";"DEL7/1-UOP08/PR"
193926;2019-02-27;"quarta-feira";"14:15:00";"RS";386;434,5;"NOVA SANTA RITA";"Mal Súbito";"Saída de leito carroçável";"Com Vítimas Feridas";"Pleno dia";"Decrescente";"Céu Claro";"Dupla";"Reta";"Não";2;0;2;0;0;0;2;1;-29,843386;-51,285454;"SPRF-RS";"DEL04-RS";"UOP02-DEL04-RS"
193933;2019-02-27;"quarta-feira";"15:16:00";"PR";116;203,8;"RIO NEGRO";"Restrição de Visibilidade";"Colisão traseira";"Sem Vítimas";"Pleno dia";"Crescente";"Céu Claro";"Simples";"Reta";"Não";4;0;0;0;4;0;0;2;-26,07058419;-49,73879814;"SPRF-SC";"DEL06-SC";"UOP01-DEL06-SC"
193937;2019-02-27;"quarta-feira";"12:35:00";"RS";116;52,4;"VACARIA";"Velocidade Incompatível";"Tombamento";"Com Vítimas Feridas";"Pleno dia";"Decrescente";"Céu Claro";"Simples";"Curva";"Não";3;0;2;0;0;1;2;2;-28,58274111;-51,02412343;"SPRF-RS";"DEL05-RS";"UOP03-DEL05-RS"
193940;2019-02-27;"quarta-feira";"10:00:00";"PI";135;232;"ALVORADA DO GURGUEIA";"Pista Escorregadia";"Colisão frontal";"Com Vítimas Feridas";"Pleno dia";"Crescente";"Chuva";"Simples";"Curva";"Não";5;0;0;3;2;0;3;2;-8,222422;-43,791618;"SPRF-PI";"DEL03-PI";"UOP02-DEL03-PI"
193942;2019-02-27;"quarta-feira";"15:50:00";"RS";116;148,9;"CAXIAS DO SUL";"Desobediência às normas de trânsito pelo condutor";"Colisão traseira";"Sem Vítimas";"Pleno dia";"Decrescente";"Sol";"Dupla";"Reta";"Sim";2;0;0;0;2;0;0;2;-29,15444;-51,151005;"SPRF-RS";"DEL05-RS";"UOP01-DEL05-RS"
193956;2019-02-27;"quarta-feira";"15:50:00";"SC";116;221,2;"CORREIA PINTO";"Falta de Atenção à Condução";"Colisão transversal";"Com Vítimas Feridas";"Pleno dia";"Crescente";"Chuva";"Simples";"Interseção de Vias;Reta";"Sim";3;0;2;0;1;0;2;2;-27,59525018;-50,3587532;"SPRF-SC";"DEL05-SC";"UOP03-DEL05-SC"
193957;2019-02-27;"quarta-feira";"17:15:00";"RJ";40;98;"DUQUE DE CAXIAS";"Falta de Atenção à Condução";"Tombamento";"Com Vítimas Feridas";"Anoitecer";"Crescente";"Nublado";"Simples";"Curva";"Não";3;0;2;0;1;0;2;1;-22,591;-43,2743;"SPRF-RJ";"DEL06-RJ";"UOP01-DEL06-RJ"
193961;2019-02-27;"quarta-feira";"16:10:00";"PR";277;356;"GUARAPUAVA";"Falta de Atenção à Condução";"Colisão traseira";"Com Vítimas Feridas";"Pleno dia";"Decrescente";"Nublado";"Simples";"Reta";"Não";3;0;0;1;2;0;1;3;-25,4209508;-51,58072472;"SPRF-PR";"DEL03-PR";"UOP01-DEL08-PR"
193964;2019-02-27;"quarta-feira";"16:25:00";"SP";116;490;"CAJATI";"Falta de Atenção à Condução";"Saída de leito carroçável";"Com Vítimas Feridas";"Pleno dia";"Crescente";"Garoa/Chuvisco";"Dupla";"Reta";"Não";1;0;1;0;0;0;1;1;-24,7421543;-48,12844276;"SPRF-SP";"DEL05-SP";"UAP01-DEL05-SP"
193978;2019-02-27;"quarta-feira";"19:00:00";"PE";428;25,9;"CABROBO";"Falta de Atenção à Condução";"Colisão traseira";"Com Vítimas Fatais";"Plena Noite";"Crescente";"Céu Claro";"Simples";"Reta";"Sim";2;1;0;0;0;1;0;2;-8,49484;-39,446271;"SPRF-PE";"DEL05-PE";"UOP03-DEL05-PE"
193983;2019-02-27;"quarta-feira";"17:40:00";"MT";364;203,9;"RONDONOPOLIS";"Falta de Atenção à Condução";"Colisão transversal";"Com Vítimas Feridas";"Plena Noite";"Decrescente";"Garoa/Chuvisco";"Dupla";"Reta";"Sim";4;0;2;0;1;2;2;4;-16,46375241;-54,65893686;"SPRF-MT";"DEL02-MT";"UOP01-DEL02-MT"
193986;2019-02-27;"quarta-feira";"19:00:00";"PR";277;158,1;"PORTO AMAZONAS";"Desobediência às normas de trânsito pelo condutor";"Capotamento";"Com Vítimas Feridas";"Plena Noite";"Decrescente";"Nublado";"Simples";"Declive";"Não";4;0;3;0;1;0;3;2;-25,46963196;-49,90212321;"SPRF-PR";"DEL01-PR";"UOP06-DEL01-PR"
193997;2019-02-27;"quarta-feira";"20:08:00";"SP";116;380;"MIRACATU";"Falta de Atenção à Condução";"Tombamento";"Sem Vítimas";"Plena Noite";"Crescente";"Céu Claro";"Dupla";"Reta";"Não";1;0;0;0;1;0;0;1;-24,17585172;-47,34589403;"SPRF-SP";"DEL04-SP";"UOP02-DEL04-SP"
194004;2019-02-27;"quarta-feira";"19:10:00";"RJ";101;395;"RIO DE JANEIRO";"Falta de Atenção à Condução";"Colisão lateral";"Sem Vítimas";"Pleno dia";"Decrescente";"Nublado";"Dupla";"Reta";"Não";5;0;0;0;5;0;0;5;-22,882349;-43,722134;"SPRF-RJ";"DEL03-RJ";"UOP01-DEL03-RJ"
194006;2019-02-27;"quarta-feira";"18:00:00";"SP";153;187,4;"LINS";"Defeito Mecânico no Veículo";"Saída de leito carroçável";"Com Vítimas Feridas";"Plena Noite";"Crescente";"Nublado";"Simples";"Reta";"Não";2;0;2;0;0;0;2;1;-21,728687;-49,83437;"SPRF-SP";"DEL07-SP";"UOP01-DEL07-SP"
194007;2019-02-27;"quarta-feira";"21:55:00";"MG";40;44;"PARACATU";"Falta de Atenção à Condução";"Colisão lateral";"Sem Vítimas";"Plena Noite";"Crescente";"Céu Claro";"Simples";"Curva";"Sim";7;0;0;0;7;0;0;2;-17,231016;-46,853905;"SPRF-MG";"DEL14-MG";"UOP01-DEL14-MG"
194010;2019-02-27;"quarta-feira";"21:40:00";"SC";101;233;"PALHOCA";"Velocidade Incompatível";"Saída de leito carroçável";"Sem Vítimas";"Plena Noite";"Crescente";"Céu Claro";"Dupla";"Curva";"Não";2;0;0;0;1;1;0;2;-27,8102;-48,6355;"SPRF-SC";"DEL01-SC";"UOP02-DEL01-SC"
194014;2019-02-27;"quarta-feira";"21:00:00";"SP";116;360,3;"MIRACATU";"Falta de Atenção à Condução";"Colisão com objeto estático";"Sem Vítimas";"Plena Noite";"Decrescente";"Garoa/Chuvisco";"Dupla";"Curva";"Não";2;0;0;0;1;1;0;2;-24,11298318;-47,26898789;"SPRF-SP";"DEL04-SP";"UOP03-DEL04-SP"
194017;2019-02-27;"quarta-feira";"13:20:00";"CE";222;205,8;"FORQUILHA";"Pista Escorregadia";"Saída de leito carroçável";"Com Vítimas Feridas";"Pleno dia";"Crescente";"Chuva";"Simples";"Curva";"Não";4;0;1;0;2;1;1;2;-3,781783;-40,230492;"SPRF-CE";"DEL04-CE";"UOP01-DEL04-CE"
194022;2019-02-28;"quinta-feira";"00:02:00";"SP";116;364;"MIRACATU";"Velocidade Incompatível";"Tombamento";"Sem Vítimas";"Plena Noite";"Crescente";"Chuva";"Dupla";"Curva";"Não";2;0;0;0;0;2;0;2;-24,1431508;-47,28652954;"SPRF-SP";"DEL04-SP";"UOP03-DEL04-SP"
194023;2019-02-27;"quarta-feira";"23:50:00";"MS";163;376,3;"NOVA ALVORADA DO SUL";"Velocidade Incompatível";"Colisão traseira";"Com Vítimas Fatais";"Plena Noite";"Crescente";"Chuva";"Simples";"Reta";"Não";35;2;5;0;28;0;5;3;-21,37302;-54,41325;"SPRF-MS";"DEL02-MS";"UOP01-DEL02-MS"
194024;2019-02-28;"quinta-feira";"01:10:00";"PE";232;21;"MORENO";"Condutor Dormindo";"Colisão traseira";"Com Vítimas Feridas";"Plena Noite";"Decrescente";"Céu Claro";"Simples";"Reta";"Sim";4;0;0;1;2;2;1;4;-8,095819;-35,080173;"SPRF-PE";"DEL01-PE";"UOP01-DEL01-PE"
194025;2019-02-27;"quarta-feira";"22:34:00";"MT";364;261,9;"JUSCIMEIRA";"Falta de Atenção à Condução";"Saída de leito carroçável";"Com Vítimas Feridas";"Plena Noite";"Crescente";"Ignorado";"Dupla";"Aclive";"Não";2;0;1;0;0;1;1;2;-16,031467;-54,894554;"SPRF-MT";"DEL02-MT";"UOP02-DEL05-MT"