"id";"data_inversa";"dia_semana";"horario";"uf";"br";"km";"municipio";"causa_acidente";"tipo_acidente";"classificacao_acidente";"fase_dia";"sentido_via";"condicao_metereologica";"tipo_pista";"tracado_via";"uso_solo";"pessoas";"mortos";"feridos_leves";"feridos_graves";"ilesos";"ignorados";"feridos";"veiculos";"latitude";"longitude";"regional";"delegacia";"uop"
194027;2019-02-28;"quinta-feira";"02:00:00";"MG";262;371;"JUATUBA";"Falta de Atenção à Condução";"Saída de leito carroçável";"Sem Vítimas";"Plena Noite";"Decrescente";"Céu Claro";"Dupla";"Reta";"Não";1;0;0;0;1;0;0;1;-19,9537;-44,3708;"SPRF-MG";"DEL01-MG";"UOP03-DEL01-MG"
194030;2019-02-28;"quinta-feira";"03:00:00";"SP";116;227;"GUARULHOS";"Falta de Atenção à Condução";"Colisão traseira";"Com Vítimas Fatais";"Plena Noite";"Decrescente";"Nublado";"Dupla";"Curva;Ponte";"Sim";5;1;1;1;1;2;2;4;-23,50075316;-46,56188533;"SPRF-SP";"DEL01-SP";"UOP01-DEL01-SP"
194032;2019-02-28;"quinta-feira";"04:00:00";"ES";262;151;"IBATIBA";"Velocidade Incompatível";"Capotamento";"Com Vítimas Feridas";"Plena Noite";"Crescente";"Céu Claro";"Simples";"Curva";"Não";1;0;1;0;0;0;1;1;-20,21595393;-41,4500501;"SPRF-ES";"DEL01-ES";"UOP02-DEL01-ES"
194034;2019-02-07;"quinta-feira";"12:35:00";"MG";116;799,5;"ALEM PARAIBA";"Falta de Atenção à Condução";"Tombamento";"Com Vítimas Feridas";"Pleno dia";"Decrescente";"Céu Claro";"Simples";"Reta";"Não";2;0;1;0;0;1;1;2;-21,75636862;-42,73305327;"SPRF-MG";"DEL07-MG";"UOP01-DEL07-MG"
194035;2019-02-28;"quinta-feira";"04:45:00";"MG";365;726;"CANAPOLIS";"Pista Escorregadia";"Colisão frontal";"Com Vítimas Fatais";"Plena Noite";"Crescente";"Chuva";"Simples";"Declive";"Não";3;1;0;0;1;1;0;3;-18,87997559;-49,15557861;"SPRF-MG";"DEL15-MG";"UOP03-DEL15-MG"
194038;2019-02-28;"quinta-feira";"06:00:00";"SP";116;402;"MIRACATU";"Falta de Atenção à Condução";"Saída de leito carroçável";"Sem Vítimas";"Amanhecer";"Decrescente";"Chuva";"Dupla";"Reta";"Não";1;0;0;0;1;0;0;1;-24,31397085;-47,51954377;"SPRF-SP";"DEL04-SP";"UOP02-DEL04-SP"
194042;2019-02-28;"quinta-feira";"06:35:00";"GO";40;95;"CRISTALINA";"Desobediência às normas de trânsito pelo condutor";"Colisão transversal";"Com Vítimas Feridas";"Pleno dia";"Crescente";"Céu Claro";"Simples";"Reta";"Sim";2;0;2;0;0;0;2;2;-16,750555;-47,607549;"SPRF-DF";"DEL01-DF";"UOP02-DEL01-DF"
194043;2019-02-28;"quinta-feira";"05:30:00";"MT";163;110,3;"RONDONOPOLIS";"Não guardar distância de segurança";"Colisão traseira";"Com Vítimas Feridas";"Amanhecer";"Decrescente";"Céu Claro";"Dupla";"Aclive";"Não";3;0;1;0;1;5;1;7;-16,57815;-54,68671;"SPRF-MT";"DEL02-MT";"UOP01-DEL02-MT"
194044;2019-02-27;"quarta-feira";"19:30:00";"SC";116;125;"SANTA CECILIA";"Defeito Mecânico no Veículo";"Colisão traseira";"Com Vítimas Feridas";"Plena Noite";"Crescente";"Céu Claro";"Simples";"Aclive";"Não";3;0;1;0;1;1;1;3;-26,907774;-50,441204;"SPRF-SC";"DEL06-SC";"UOP02-DEL06-SC"
194051;2019-02-27;"quarta-feira";"21:50:00";"SC";116;115;"SANTA CECILIA";"Condutor Dormindo";"Colisão com objeto estático";"Com Vítimas Feridas";"Plena Noite";"Crescente";"Céu Claro";"Simples";"Declive;Curva";"Não";1;0;0;1;0;0;1;1;-26,80262399;-50,33936901;"SPRF-SC";"DEL06-SC";"UOP02-DEL06-SC"
194055;2019-02-28;"quinta-feira";"07:30:00";"SP";153;46,8;"SAO JOSE DO RIO PRETO";"Não guardar distância de segurança";"Engavetamento";"Com Vítimas Feridas";"Pleno dia";"Crescente";"Garoa/Chuvisco";"Simples";"Reta";"Não";21;0;3;0;17;1;3;4;-20,672958;-49,340477;"SPRF-SP";"DEL09-SP";"UOP01-DEL09-SP"
194058;2019-02-28;"quinta-feira";"08:45:00";"PR";277;617;"CEU AZUL";"Falta de Atenção à Condução";"Colisão frontal";"Com Vítimas Feridas";"Pleno dia";"Decrescente";"Céu Claro";"Simples";"Reta";"Não";4;0;0;2;1;1;2;3;-25,074165;-53,683266;"SPRF-PR";"DEL05-PR";"UOP02-DEL05-PR"
194062;2019-02-28;"quinta-feira";"08:30:00";"RO";364;190,9;"PIMENTA BUENO";"Falta de Atenção à Condução";"Colisão traseira";"Sem Vítimas";"Pleno dia";"Crescente";"Nublado";"Simples";"Aclive";"Não";4;0;0;0;3;1;0;3;-11,722936;-61,14312;"SPRF-RO";"DEL02-RO";"UOP02-DEL02-RO"
194063;2019-02-28;"quinta-feira";"09:45:00";"MG";381;437;"SABARA";"Mal Súbito";"Colisão frontal";"Com Vítimas Feridas";"Pleno dia";"Crescente";"Nublado";"Simples";"Reta";"Não";4;0;0;1;1;2;1;4;-19,78784;-43,7296;"SPRF-MG";"DEL01-MG";"UOP01-DEL01-MG"
194068;2019-02-28;"quinta-feira";"10:20:00";"BA";420;39,8;"SAO SEBASTIAO DO PASSE";"Falta de Atenção à Condução";"Colisão lateral";"Com Vítimas Feridas";"Pleno dia";"Crescente";"Céu Claro";"Dupla";"Reta";"Não";3;0;1;0;1;3;1;5;-12,57271;-38,538055;"SPRF-BA";"DEL01-BA";"UOP01-DEL01-BA"
194069;2019-02-28;"quinta-feira";"10:00:00";"PR";277;38,7;"MORRETES";"Falta de Atenção à Condução";"Colisão com objeto estático";"Sem Vítimas";"Pleno dia";"Decrescente";"Nublado";"Dupla";"Declive";"Não";2;0;0;0;1;1;0;2;-25,57375395;-48,84493958;"SPRF-PR";"DEL01-PR";"UOP05-DEL01-PR"
194073;2019-02-28;"quinta-feira";"07:15:00";"GO";50;183,4;"CAMPO ALEGRE DE GOIAS";"Defeito Mecânico no Veículo";"Incêndio";"Sem Vítimas";"Amanhecer";"Decrescente";"Céu Claro";"Dupla";"Reta";"Não";1;0;0;0;1;0;0;1;-17,4328;-47,7986;"SPRF-GO";"DEL06-GO";"UOP01-DEL06-GO"
194079;2019-02-28;"quinta-feira";"11:33:00";"SP";116;223;"GUARULHOS";"Não guardar distância de segurança";"Colisão traseira";"Com Vítimas Feridas";"Pleno dia";"Crescente";"Garoa/Chuvisco";"Múltipla";"Reta";"Sim";3;0;1;0;2;0;1;3;-23,47710049;-46,52754026;"SPRF-SP";"DEL01-SP";"UOP01-DEL01-SP"
194085;2019-02-28;"quinta-feira";"11:55:00";"RS";153;48,3;"ERECHIM";"Ultrapassagem Indevida";"Colisão lateral";"Com Vítimas Feridas";"Pleno dia";"Decrescente";"Céu Claro";"Múltipla";"Reta";"Não";4;0;0;2;2;0;2;3;-27,651188;-52,257259;"SPRF-RS";"DEL08-RS";"UOP04-DEL08-RS"
194090;2019-02-28;"quinta-feira";"12:45:00";"PR";277;634,1;"CEU AZUL";"Mal Súbito";"Colisão frontal";"Sem Vítimas";"Pleno dia";"Crescente";"Céu Claro";"Simples";"Reta";"Sim";3;0;0;0;2;2;0;4;-25,132233;-53,824944;"SPRF-PR";"DEL05-PR";"UOP02-DEL05-PR"
194096;2019-02-07;"quinta-feira";"08:20:00";"SC";101;410;"ARARANGUA";"Desobediência às normas de trânsito pelo condutor";"Tombamento";"Sem Vítimas";"Pleno dia";"Crescente";"Céu Claro";"Dupla";"Reta";"Não";2;0;0;0;1;2;0;3;-28,93064602;-49,51366425;"SPRF-SC";"DEL02-SC";"UOP02-DEL02-SC"
194107;2019-02-28;"quinta-feira";"08:20:00";"MA";135;43;"BACABEIRA";"Não guardar distância de segurança";"Colisão lateral";"Sem Vítimas";"Pleno dia";"Decrescente";"Céu Claro";"Dupla";"Declive";"Sim";3;0;0;0;3;0;0;3;-2,912626;-44,354046;"SPRF-MA";"DEL01-MA";"UOP01-DEL01-MA"
194108;2019-02-28;"quinta-feira";"14:30:00";"GO";60;166,2;"GOIANIA";"Velocidade Incompatível";"Colisão traseira";"Com Vítimas Feridas";"Pleno dia";"Decrescente";"Chuva";"Dupla";"Reta";"Sim";3;0;1;1;1;0;2;2;-16,71360714;-49,35944125;"SPRF-GO";"DEL01-GO";"UOP02-DEL01-GO"
194111;2019-02-28;"quinta-feira";"14:20:00";"GO";153;263,6;"NOVA GLORIA";"Defeito Mecânico no Veículo";"Tombamento";"Sem Vítimas";"Pleno dia";"Decrescente";"Céu Claro";"Simples";"Reta";"Não";3;0;0;0;1;3;0;4;-15,01614;-49,421726;"SPRF-GO";"DEL07-GO";"UOP02-DEL07-GO"
194117;2019-02-28;"quinta-feira";"13:40:00";"PR";476;150;"ARAUCARIA";"Velocidade Incompatível";"Colisão traseira";"Sem Vítimas";"Pleno dia";"Decrescente";"Nublado";"Dupla";"Reta";"Não";3;0;0;0;2;1;0;3;-25,558477;-49,368313;"SPRF-PR";"DEL01-PR";"UOP06-DEL01-PR"
194118;2019-02-28;"quinta-feira";"09:27:00";"MT";364;33,2;"ALTO ARAGUAIA";"Ultrapassagem Indevida";"Colisão frontal";"Com Vítimas Feridas";"Pleno dia";"Crescente";"Chuva";"Simples";"Reta";"Não";3;0;1;0;1;1;1;3;-17,138285;-53,434826;"SPRF-MT";"DEL02-MT";"UOP02-DEL02-MT"
194121;2019-02-28;"quinta-feira";"15:55:00";"GO";153;535,2;"HIDROLANDIA";"Velocidade Incompatível";"Saída de leito carroçável";"Com Vítimas Feridas";"Pleno dia";"Decrescente";"Chuva";"Dupla";"Declive;Curva";"Não";3;0;2;0;1;0;2;1;-17,0193;-49,2217;"SPRF-GO";"DEL01-GO";"UOP03-DEL01-GO"
194124;2019-02-28;"quinta-feira";"11:25:00";"MG";381;704,6;"LAVRAS";"Velocidade Incompatível";"Colisão com objeto estático";"Com Vítimas Feridas";"Pleno dia";"Decrescente";"Garoa/Chuvisco";"Dupla";"Curva";"Não";2;0;1;0;0;1;1;2;-21,3156;-45,1672;"SPRF-MG";"DEL04-MG";"UOP02-DEL04-MG"
194131;2019-02-28;"quinta-feira";"06:50:00";"PA";316;27,9;"BENEVIDES";"Falta de Atenção à Condução";"Colisão lateral";"Com Vítimas Feridas";"Amanhecer";"Crescente";"Céu Claro";"Dupla";"Reta";"Não";3;0;0;1;1;1;1;3;-1,31206488;-48,22182655;"SPRF-PA";"DEL01-PA";"DEL19/1-UOP05/PA"
194134;2019-02-28;"quinta-feira";"15:15:00";"RO";364;340,5;"JI-PARANA";"Falta de Atenção à Condução";"Colisão lateral";"Com Vítimas Feridas";"Pleno dia";"Decrescente";"Chuva";"Dupla";"Reta";"Sim";4;0;2;0;1;2;2;4;-10,898911;-61,930458;"SPRF-RO";"DEL02-RO";"UOP01-DEL02-RO"
194135;2019-02-28;"quinta-feira";"15:40:00";"ES";101;294,9;"CARIACICA";"Falta de Atenção à Condução";"Colisão traseira";"Com Vítimas Feridas";"Pleno dia";"Crescente";"Céu Claro";"Dupla";"Reta";"Não";4;0;0;3;0;1;3;3;-20,32595528;-40,39775848;"SPRF-ES";"DEL01-ES";"UOP01-DEL01-ES"
194137;2019-02-28;"quinta-feira";"17:10:00";"PR";277;66;"SAO JOSE DOS PINHAIS";"Desobediência às normas de trânsito pelo condutor";"Colisão traseira";"Com Vítimas Feridas";"Pleno dia";"Decrescente";"Nublado";"Dupla";"Reta";"Não";3;0;0;1;1;2;1;4;-25,52918142;-49,08877644;"SPRF-PR";"DEL01-PR";"UOP07-DEL01-PR"
194138;2019-02-28;"quinta-feira";"15:30:00";"MG";365;17,6;"MONTES CLAROS";"Velocidade Incompatível";"Saída de leito carroçável";"Sem Vítimas";"Pleno dia";"Decrescente";"Chuva";"Simples";"Curva;Declive";"Não";1;0;0;0;1;0;0;1;-16,877241;-43,993404;"SPRF-MG";"DEL12-MG";"UOP01-DEL12-MG"
194146;2019-02-28;"quinta-feira";"17:30:00";"MG";365;59,2;"CLARO DOS POCOES";"Velocidade Incompatível";"Colisão frontal";"Com Vítimas Fatais";"Anoitecer";"Crescente";"Chuva";"Simples";"Curva";"Não";3;1;0;0;1;1;0;3;-16,949532;-44,243755;"SPRF-MG";"DEL12-MG";"UOP01-DEL12-MG"
194147;2019-02-28;"quinta-feira";"17:45:00";"SP";381;86;"SAO PAULO";"Falta de Atenção à Condução";"Colisão traseira";"Com Vítimas Feridas";"Pleno dia";"Crescente";"Garoa/Chuvisco";"Dupla";"Reta";"Sim";7;0;1;1;4;1;2;7;-23,46956654;-46,56863594;"SPRF-SP";"DEL03-SP";"UOP01-DEL03-SP"
194151;2019-02-28;"quinta-feira";"18:00:00";"PR";376;669;"GUARATUBA";"Velocidade Incompatível";"Tombamento";"Com Vítimas Feridas";"Anoitecer";"Crescente";"Nublado";"Dupla";"Curva";"Não";1;0;1;0;0;0;1;1;-25,8767549;-48,93602371;"SPRF-PR";"DEL01-PR";"DEL7/1-UOP08/PR"
194155;2019-02-28;"quinta-feira";"17:50:00";"RS";386;437;"NOVA SANTA RITA";"Falta de Atenção à Condução";"Colisão traseira";"Sem Vítimas";"Pleno dia";"Crescente";"Céu Claro";"Dupla";"Reta";"Sim";4;0;0;0;3;2;0;4;-29,85803;-51,261227;"SPRF-RS";"DEL04-RS";"UOP02-DEL04-RS"
194159;2019-02-28;"quinta-feira";"18:15:00";"PR";116;151,5;"MANDIRITUBA";"Falta de Atenção à Condução";"Colisão lateral";"Com Vítimas Feridas";"Anoitecer";"Crescente";"Nublado";"Simples";"Curva";"Sim";4;0;0;1;2;1;1;4;-25,8511907;-49,35728073;"SPRF-PR";"DEL01-PR";"UOP03-DEL01-PR"
194162;2019-02-28;"quinta-feira";"18:40:00";"SP";381;85;"SAO PAULO";"Falta de Atenção à Condução";"Engavetamento";"Com Vítimas Feridas";"Anoitecer";"Crescente";"Chuva";"Dupla";"Reta";"Sim";5;0;1;0;4;0;1;4;-23,454202;-46,571039;"SPRF-SP";"DEL03-SP";"UOP01-DEL03-SP"
194165;2019-02-28;"quinta-feira";"19:00:00";"RJ";493;9;"GUAPIMIRIM";"Defeito na Via";"Colisão frontal";"Com Vítimas Feridas";"Plena Noite";"Crescente";"Nublado";"Simples";"Em Obras";"Não";4;0;2;0;1;1;2;3;-22,704386;-42,955006;"SPRF-RJ";"DEL04-RJ";"UOP02-DEL04-RJ"
194166;2019-02-28;"quinta-feira";"18:50:00";"SE";101;177,4;"SANTA LUZIA DO ITANHY";"Ultrapassagem Indevida";"Colisão frontal";"Com Vítimas Fatais";"Plena Noite";"Crescente";"Céu Claro";"Simples";"Reta";"Não";3;1;0;0;1;1;0;3;-11,36118451;-37,61913137;"SPRF-SE";"DEL02-SE";"UOP03-DEL02-SE"
194173;2019-02-28;"quinta-feira";"19:30:00";"PR";277;593,6;"CASCAVEL";"Desobediência às normas de trânsito pelo condutor";"Colisão frontal";"Com Vítimas Feridas";"Plena Noite";"Crescente";"Céu Claro";"Simples";"Reta";"Sim";2;0;1;0;1;0;1;2;-25,02817;-53,55983;"SPRF-PR";"DEL04-PR";"UOP01-DEL04-PR"
194176;2019-02-28;"quinta-feira";"19:50:00";"PR";116;205;"RIO NEGRO";"Ingestão de Álcool";"Colisão lateral";"Sem Vítimas";"Plena Noite";"Decrescente";"Céu Claro";"Simples";"Reta;Declive";"Não";2;0;0;0;2;0;0;2;-26,101749;-49,780796;"SPRF-SC";"DEL06-SC";"UOP01-DEL06-SC"
194177;2019-02-28;"quinta-feira";"19:30:00";"PA";222;227;"MARABA";"Falta de Atenção à Condução";"Atropelamento de Pedestre";"Com Vítimas Feridas";"Plena Noite";"Crescente";"Nublado";"Simples";"Rotatória";"Sim";4;0;1;0;1;2;1;3;-5,215363;-49,048996;"SPRF-PA";"DEL03-PA";"UOP01-DEL03-PA"
194178;2019-02-28;"quinta-feira";"17:30:00";"PR";277;31,8;"MORRETES";"Velocidade Incompatível";"Colisão com objeto estático";"Sem Vítimas";"Pleno dia";"Decrescente";"Garoa/Chuvisco";"Dupla";"Curva";"Não";2;0;0;0;1;1;0;2;-25,56117132;-48,81090939;"SPRF-PR";"DEL01-PR";"UOP05-DEL01-PR"
194183;2019-02-28;"quinta-feira";"19:40:00";"SC";280;124;"RIO NEGRINHO";"Desobediência às normas de trânsito pelo condutor";"Colisão traseira";"Com Vítimas Feridas";"Plena Noite";"Decrescente";"Céu Claro";"Simples";"Reta;Declive";"Sim";5;0;0;1;1;3;1;4;-26,241304;-49,475143;"SPRF-SC";"DEL06-SC";"UOP03-DEL06-SC"
194188;2019-02-28;"quinta-feira";"19:45:00";"TO";153;133,2;"WANDERLANDIA";"Velocidade Incompatível";"Tombamento";"Com Vítimas Feridas";"Plena Noite";"Decrescente";"Chuva";"Dupla";"Rotatória";"Não";2;0;1;0;0;3;1;4;-7,11650024;-48,18869591;"SPRF-TO";"DEL02-TO";"UOP01-DEL02-TO"
194190;2019-02-28;"quinta-feira";"21:10:00";"RS";285;426;"PANAMBI";"Condutor Dormindo";"Saída de leito carroçável";"Com Vítimas Feridas";"Plena Noite";"Decrescente";"Céu Claro";"Simples";"Reta";"Não";4;0;1;0;0;3;1;3;-28,320379;-53,607491;"SPRF-RS";"DEL10-RS";"UOP01-DEL10-RS"
194193;2019-02-28;"quinta-feira";"20:15:00";"ES";262;85;"DOMINGOS MARTINS";"Desobediência às normas de trânsito pelo condutor";"Colisão lateral";"Sem Vítimas";"Plena Noite";"Crescente";"Nublado";"Simples";"Reta";"Não";3;0;0;0;2;1;0;3;-20,401;-40,9808;"SPRF-ES";"DEL01-ES";"UOP02-DEL01-ES"
194197;2019-02-28;"quinta-feira";"22:30:00";"RS";116;498,8;"PELOTAS";"Falta de Atenção do Pedestre";"Atropelamento de Pedestre";"Com Vítimas Feridas";"Plena Noite";"Crescente";"Céu Claro";"Simples";"Aclive;Reta";"Não";3;0;0;1;1;1;1;3;-31,56478764;-52,25578308;"SPRF-RS";"DEL07-RS";"UOP01-DEL07-RS"
194204;2019-02-28;"quinta-feira";"23:30:00";"TO";153;194;"NOVA OLINDA";"Falta de Atenção à Condução";"Colisão lateral";"Com Vítimas Feridas";"Plena Noite";"Decrescente";"Garoa/Chuvisco";"Simples";"Reta";"Não";2;0;1;0;1;0;1;2;-7,595322;-48,420399;"SPRF-TO";"DEL02-TO";"UOP01-DEL02-TO"
194205;2019-03-01;"sexta-feira";"00:00:00";"PR";376;667,3;"GUARATUBA";"Velocidade Incompatível";"Engavetamento";"Sem Vítimas";"Plena Noite";"Crescente";"Nublado";"Dupla";"Curva";"Não";13;0;0;0;12;1;0;13;-25,86347148;-48,93610954;"SPRF-PR";"DEL01-PR";"DEL7/1-UOP08/PR"
194207;2019-02-28;"quinta-feira";"23:30:00";"RJ";101;258,9;"RIO BONITO";"Falta de Atenção do Pedestre";"Atropelamento de Pedestre";"Com Vítimas Fatais";"Plena Noite";"Crescente";"Céu Claro";"Dupla";"Reta";"Sim";2;1;0;0;1;0;0;2;-22,701618;-42,587021;"SPRF-RJ";"DEL02-RJ";"UOP03-DEL02-RJ"
194209;2019-02-28;"quinta-feira";"19:33:00";"MA";226;476;"SITIO NOVO";"Defeito Mecânico no Veículo";"Saída de leito carroçável";"Sem Vítimas";"Plena Noite";"Decrescente";"Céu Claro";"Simples";"Reta";"Não";2;0;0;0;1;1;0;2;-6,03664;-46,625778;"SPRF-MA";"DEL04-MA";"UOP02-DEL04-MA"
194219;2019-03-01;"sexta-feira";"02:43:00";"SC";470;68;"INDAIAL";"Condutor Dormindo";"Colisão transversal";"Sem Vítimas";"Plena Noite";"Crescente";"Céu Claro";"Simples";"Rotatória";"Não";3;0;0;0;2;1;0;3;-26,877615;-49,239231;"SPRF-SC";"DEL04-SC";"UOP01-DEL04-SC"
194221;2019-03-01;"sexta-feira";"03:20:00";"PA";10;195;"IPIXUNA DO PARA";"Condutor Dormindo";"Colisão frontal";"Com Vítimas Feridas";"Plena Noite";"Crescente";"Garoa/Chuvisco";"Simples";"Declive";"Não";4;0;1;1;1;2;2;4;-2,885434;-47,434994;"SPRF-PA";"DEL02-PA";"UOP01-DEL02-PA"
194223;2019-03-01;"sexta-feira";"04:30:00";"SP";381;63;"MAIRIPORA";"Condutor Dormindo";"Colisão lateral";"Com Vítimas Feridas";"Plena Noite";"Crescente";"Chuva";"Dupla";"Reta";"Não";4;0;2;0;1;1;2;3;-23,30587122;-46,57490926;"SPRF-SP";"DEL03-SP";"UOP01-DEL03-SP"
194224;2019-03-01;"sexta-feira";"04:00:00";"ES";101;417;"CACHOEIRO DE ITAPEMIRIM";"Animais na Pista";"Atropelamento de Animal";"Sem Vítimas";"Plena Noite";"Crescente";"Céu Claro";"Simples";"Reta";"Não";2;0;0;0;2;0;0;2;-20,94754835;-41,08943045;"SPRF-ES";"DEL03-ES";"UOP02-DEL03-ES"
194231;2019-03-01;"sexta-feira";"01:30:00";"MG";262;729,8;"PERDIZES";"Restrição de Visibilidade";"Saída de leito carroçável";"Com Vítimas Feridas";"Plena Noite";"Crescente";"Nevoeiro/Neblina";"Simples";"Curva";"Não";2;0;0;1;0;1;1;2;-19,62253895;-47,28172302;"SPRF-MG";"DEL08-MG";"UOP01-DEL08-MG"
194232;2019-03-01;"sexta-feira";"05:50:00";"MA";10;257;"IMPERATRIZ";"Desobediência às normas de trânsito pelo condutor";"Colisão traseira";"Com Vítimas Feridas";"Amanhecer";"Crescente";"Nublado";"Simples";"Declive";"Não";2;0;0;1;0;1;1;2;-5,490634;-47,471973;"SPRF-MA";"DEL04-MA";"UOP01-DEL04-MA"
194235;2019-03-01;"sexta-feira";"06:30:00";"BA";101;534,7;"BUERAREMA";"Velocidade Incompatível";"Tombamento";"Com Vítimas Fatais";"Pleno dia";"Decrescente";"Céu Claro";"Simples";"Reta";"Não";2;1;0;0;0;1;0;2;-15,0218;-39,3291;"SPRF-BA";"DEL05-BA";"UOP01-DEL05-BA"
194236;2019-03-01;"sexta-feira";"05:30:00";"PR";376;488,1;"PONTA GROSSA";"Falta de Atenção à Condução";"Colisão lateral";"Sem Vítimas";"Amanhecer";"Crescente";"Nublado";"Dupla";"Reta";"Sim";2;0;0;0;2;0;0;2;-25,08547076;-50,19212794;"SPRF-PR";"DEL03-PR";"UOP04-DEL03-PR"
194245;2019-02-28;"quinta-feira";"23:15:00";"SC";153;74,7;"IRANI";"Velocidade Incompatível";"Saída de leito carroçável";"Com Vítimas Fatais";"Plena Noite";"Crescente";"Céu Claro";"Simples";"Curva";"Não";2;1;0;0;0;1;0;2;-27,078651;-51,904682;"SPRF-SC";"DEL07-SC";"UOP04-DEL07-SC"
194251;2019-03-01;"sexta-feira";"06:00:00";"MG";262;463,5;"NOVA SERRANA";"Restrição de Visibilidade";"Saída de leito carroçável";"Com Vítimas Feridas";"Amanhecer";"Decrescente";"Nevoeiro/Neblina";"Simples";"Reta";"Não";2;0;1;0;0;1;1;2;-19,79771749;-45,14659882;"SPRF-MG";"DEL08-MG";"UOP03-DEL08-MG"
194257;2019-02-03;"domingo";"04:30:00";"MT";364;160;"PEDRA PRETA";"Falta de Atenção à Condução";"Colisão lateral";"Com Vítimas Feridas";"Amanhecer";"Crescente";"Nublado";"Simples";"Reta";"Não";3;0;0;1;1;1;1;3;-16,72057;-54,263824;"SPRF-MT";"DEL02-MT";"UOP01-DEL02-MT"
194258;2019-03-01;"sexta-feira";"08:00:00";"GO";153;499,9;"GOIANIA";"Não guardar distância de segurança";"Colisão traseira";"Com Vítimas Feridas";"Pleno dia";"Crescente";"Céu Claro";"Dupla";"Reta";"Sim";3;0;1;0;2;0;1;3;-16,7033;-49,2311;"SPRF-GO";"DEL01-GO";"UOP01-DEL01-GO"
194266;2019-02-28;"quinta-feira";"23:00:00";"MG";381;314;"ANTONIO DIAS";"Velocidade Incompatível";"Tombamento";"Com Vítimas Feridas";"Plena Noite";"Decrescente";"Céu Claro";"Simples";"Curva;Declive";"Não";3;0;1;0;1;2;1;4;-19,66780639;-42,96581268;"SPRF-MG";"DEL03-MG";"UOP02-DEL03-MG"
194267;2019-03-01;"sexta-feira";"08:58:00";"MG";381;498;"BETIM";"Falta de Atenção à Condução";"Colisão lateral";"Com Vítimas Feridas";"Pleno dia";"Decrescente";"Nublado";"Dupla";"Curva";"Sim";2;0;1;0;1;0;1;2;-19,9954;-44,208;"SPRF-MG";"DEL01-MG";"UOP03-DEL01-MG"
194271;2019-03-01;"sexta-feira";"07:15:00";"PR";476;233;"LAPA";"Velocidade Incompatível";"Derramamento de carga";"Sem Vítimas";"Pleno dia";"Crescente";"Céu Claro";"Simples";"Curva";"Não";2;0;0;0;1;1;0;2;-25,882042;-50,008629;"SPRF-PR";"DEL02-PR";"UOP04-DEL02-PR"
194278;2019-03-01;"sexta-feira";"09:41:00";"MG";381;578,5;"CARMOPOLIS DE MINAS";"Falta de Atenção à Condução";"Incêndio";"Sem Vítimas";"Pleno dia";"Crescente";"Nublado";"Dupla";"Reta";"Não";2;0;0;0;1;1;0;2;-20,49228188;-44,60322315;"SPRF-MG";"DEL04-MG";"UOP01-DEL04-MG"
194279;2019-03-01;"sexta-feira";"09:30:00";"BA";20;146;"SAO DESIDERIO";"Ultrapassagem Indevida";"Colisão frontal";"Com Vítimas Feridas";"Pleno dia";"Decrescente";"Chuva";"Simples";"Curva";"Não";3;0;0;1;1;1;1;3;-12,68447095;-45,93083382;"SPRF-BA";"DEL10-BA";"UOP01-DEL10-BA"
194282;2019-03-01;"sexta-feira";"10:20:00";"PR";277;386,8;"CANDOI";"Falta de Atenção à Condução";"Colisão frontal";"Com Vítimas Fatais";"Pleno dia";"Decrescente";"Céu Claro";"Simples";"Aclive;Reta";"Não";2;1;0;0;1;0;0;2;-25,442586;-51,846142;"SPRF-PR";"DEL03-PR";"UOP01-DEL08-PR"
194283;2019-02-24;"domingo";"04:30:00";"SC";101;184,7;"BIGUACU";"Falta de Atenção à Condução";"Colisão traseira";"Com Vítimas Feridas";"Plena Noite";"Crescente";"Céu Claro";"Dupla";"Reta";"Sim";2;0;1;0;1;0;1;2;-27,4254;-48,6244;"SPRF-SC";"DEL01-SC";"UOP01-DEL01-SC"
194284;2019-03-01;"sexta-feira";"10:12:00";"MG";381;576,8;"CARMOPOLIS DE MINAS";"Velocidade Incompatível";"Colisão lateral";"Sem Vítimas";"Pleno dia";"Crescente";"Garoa/Chuvisco";"Dupla";"Reta";"Não";5;0;0;0;4;1;0;3;-20,4635;-44,5754;"SPRF-MG";"DEL04-MG";"UOP03-DEL04-MG"
194288;2019-03-01;"sexta-feira";"08:40:00";"RS";285;671,9;"SAO BORJA";"Falta de Atenção à Condução";"Colisão lateral";"Com Vítimas Feridas";"Pleno dia";"Crescente";"Céu Claro";"Simples";"Reta";"Sim";3;0;2;0;0;1;2;3;-28,672358;-55,968838;"SPRF-RS";"DEL12-RS";"UOP01-DEL12-RS"
194292;2019-03-01;"sexta-feira";"10:50:00";"MG";40;739,2;"SANTOS DUMONT";"Velocidade Incompatível";"Tombamento";"Com Vítimas Feridas";"Pleno dia";"Decrescente";"Céu Claro";"Simples";"Reta";"Não";2;0;1;0;0;1;1;2;-21,4229;-43,5578;"SPRF-MG";"DEL05-MG";"UOP01-DEL05-MG"
194293;2019-03-01;"sexta-feira";"10:15:00";"RS";101;23,9;"TRES CACHOEIRAS";"Defeito Mecânico no Veículo";"Colisão lateral";"Sem Vítimas";"Pleno dia";"Crescente";"Céu Claro";"Simples";"Reta";"Sim";2;0;0;0;2;0;0;2;-29,445307;-49,909184;"SPRF-RS";"DEL03-RS";"DEL9/3-UOP03/RS"
194303;2019-03-01;"sexta-feira";"09:10:00";"SC";282;358,5;"CAMPOS NOVOS";"Falta de Atenção à Condução";"Colisão traseira";"Com Vítimas Feridas";"Pleno dia";"Decrescente";"Céu Claro";"Simples";"Aclive";"Não";5;0;2;0;3;0;2;2;-27,33151516;-51,3519001;"SPRF-SC";"DEL07-SC";"UOP05-DEL07-SC"