"id";"data_inversa";"dia_semana";"horario";"uf";"br";"km";"municipio";"causa_acidente";"tipo_acidente";"classificacao_acidente";"fase_dia";"sentido_via";"condicao_metereologica";"tipo_pista";"tracado_via";"uso_solo";"pessoas";"mortos";"feridos_leves";"feridos_graves";"ilesos";"ignorados";"feridos";"veiculos";"latitude";"longitude";"regional";"delegacia";"uop"
194304;2019-03-01;"sexta-feira";"11:20:00";"SP";116;158;"JACAREI";"Falta de Atenção à Condução";"Engavetamento";"Com Vítimas Feridas";"Pleno dia";"Crescente";"Garoa/Chuvisco";"Dupla";"Declive";"Sim";24;0;1;0;23;0;1;7;-23,26117933;-45,95273137;"SPRF-SP";"DEL02-SP";"UOP01-DEL02-SP"
194305;2019-03-01;"sexta-feira";"05:00:00";"PR";158;361;"MARQUINHO";"Velocidade Incompatível";"Capotamento";"Com Vítimas Fatais";"Plena Noite";"Decrescente";"Céu Claro";"Simples";"Curva";"Não";1;1;0;0;0;0;0;1;-25,113264;-52,262852;"SPRF-PR";"DEL04-PR";"UOP02-DEL04-PR"
194307;2019-03-01;"sexta-feira";"11:40:00";"PE";101;87;"JABOATAO DOS GUARARAPES";"Falta de Atenção à Condução";"Colisão traseira";"Sem Vítimas";"Pleno dia";"Decrescente";"Céu Claro";"Dupla";"Reta";"Não";8;0;0;0;7;1;0;8;-8,1999;-34,9787;"SPRF-PE";"DEL01-PE";"UOP03-DEL01-PE"
194310;2019-03-01;"sexta-feira";"10:00:00";"RJ";40;90;"PETROPOLIS";"Defeito Mecânico no Veículo";"Danos eventuais";"Sem Vítimas";"Pleno dia";"Decrescente";"Nublado";"Simples";"Curva";"Não";1;0;0;0;1;0;0;1;-22,5598;-43,2322;"SPRF-RJ";"DEL06-RJ";"UOP01-DEL06-RJ"
194319;2019-03-01;"sexta-feira";"11:30:00";"MG";381;521,5;"BRUMADINHO";"Condutor Dormindo";"Saída de leito carroçável";"Sem Vítimas";"Pleno dia";"Decrescente";"Nublado";"Dupla";"Reta";"Não";1;0;0;0;1;0;0;1;-20,13846621;-44,31715274;"SPRF-MG";"DEL04-MG";"UOP03-DEL04-MG"
194339;2019-02-13;"quarta-feira";"11:00:00";"MG";267;8,3;"LEOPOLDINA";"Desobediência às normas de trânsito pelo condutor";"Colisão frontal";"Com Vítimas Fatais";"Pleno dia";"Decrescente";"Céu Claro";"Simples";"Reta";"Não";3;1;0;0;1;1;0;3;-21,5704;-42,6914;"SPRF-MG";"DEL07-MG";"UOP01-DEL07-MG"
194357;2019-03-01;"sexta-feira";"14:45:00";"MG";40;467,5;"SETE LAGOAS";"Velocidade Incompatível";"Colisão com objeto estático";"Sem Vítimas";"Pleno dia";"Crescente";"Chuva";"Dupla";"Reta";"Sim";1;0;0;0;1;0;0;1;-19,4593;-44,3033;"SPRF-MG";"DEL02-MG";"UOP01-DEL02-MG"
194365;2019-03-01;"sexta-feira";"15:00:00";"RJ";101;254,5;"RIO BONITO";"Condutor Dormindo";"Colisão com objeto estático";"Com Vítimas Feridas";"Pleno dia";"Crescente";"Chuva";"Dupla";"Reta";"Não";2;0;1;0;0;1;1;2;-22,692238;-42,549614;"SPRF-RJ";"DEL02-RJ";"UOP03-DEL02-RJ"
194370;2019-03-01;"sexta-feira";"15:30:00";"BA";116;467;"SANTO ESTEVAO";"Velocidade Incompatível";"Colisão traseira";"Com Vítimas Feridas";"Pleno dia";"Decrescente";"Céu Claro";"Dupla";"Reta";"Não";6;0;1;0;4;2;1;4;-12,45626515;-39,26217393;"SPRF-BA";"DEL02-BA";"UOP01-DEL02-BA"
194377;2019-03-01;"sexta-feira";"15:40:00";"SC";101;124,5;"ITAJAI";"Não guardar distância de segurança";"Colisão traseira";"Com Vítimas Feridas";"Pleno dia";"Crescente";"Sol";"Dupla";"Reta";"Sim";3;0;0;1;2;0;1;3;-26,9479;-48,6832;"SPRF-SC";"DEL04-SC";"UOP04-DEL04-SC"
194380;2019-03-01;"sexta-feira";"15:40:00";"GO";158;179,1;"CAIAPONIA";"Defeito Mecânico no Veículo";"Colisão traseira";"Com Vítimas Feridas";"Pleno dia";"Decrescente";"Garoa/Chuvisco";"Simples";"Aclive";"Não";2;0;1;0;1;0;1;2;-17,131127;-51,882352;"SPRF-GO";"DEL05-GO";"UOP01-DEL05-GO"
194381;2019-03-01;"sexta-feira";"15:50:00";"PR";376;593,6;"CURITIBA";"Falta de Atenção à Condução";"Colisão lateral";"Com Vítimas Feridas";"Pleno dia";"Decrescente";"Céu Claro";"Dupla";"Reta";"Sim";2;0;1;0;1;0;1;2;-25,48698009;-49,34474945;"SPRF-PR";"DEL01-PR";"UOP06-DEL01-PR"
194383;2019-03-01;"sexta-feira";"16:20:00";"PR";376;663,9;"GUARATUBA";"Avarias e/ou desgaste excessivo no pneu";"Saída de leito carroçável";"Com Vítimas Feridas";"Pleno dia";"Decrescente";"Garoa/Chuvisco";"Dupla";"Curva";"Não";7;0;3;0;3;1;3;3;-25,85381689;-48,95741701;"SPRF-PR";"DEL01-PR";"DEL7/1-UOP08/PR"
194390;2019-03-01;"sexta-feira";"16:40:00";"SP";116;73;"APARECIDA";"Falta de Atenção à Condução";"Colisão lateral";"Com Vítimas Feridas";"Pleno dia";"Decrescente";"Chuva";"Dupla";"Aclive;Curva";"Não";5;0;1;0;3;1;1;3;-22,869858;-45,244387;"SPRF-SP";"DEL08-SP";"UOP01-DEL08-SP"
194408;2019-03-01;"sexta-feira";"17:45:00";"BA";242;890;"LUIS EDUARDO MAGALHAES";"Falta de Atenção à Condução";"Colisão frontal";"Com Vítimas Feridas";"Anoitecer";"Crescente";"Céu Claro";"Simples";"Reta";"Não";4;0;1;1;1;4;2;6;-12,0800059;-45,804991;"SPRF-BA";"DEL10-BA";"UOP01-DEL10-BA"
194424;2019-03-01;"sexta-feira";"18:30:00";"ES";262;108;"VENDA NOVA DO IMIGRANTE";"Desobediência às normas de trânsito pelo condutor";"Colisão lateral";"Com Vítimas Feridas";"Plena Noite";"Crescente";"Nublado";"Simples";"Reta";"Sim";2;0;1;0;1;0;1;2;-20,3343;-41,1639;"SPRF-ES";"DEL01-ES";"UOP02-DEL01-ES"
194426;2019-03-01;"sexta-feira";"19:20:00";"SP";116;146,9;"SAO JOSE DOS CAMPOS";"Falta de Atenção à Condução";"Colisão traseira";"Com Vítimas Feridas";"Plena Noite";"Decrescente";"Chuva";"Dupla";"Declive";"Não";3;0;1;0;2;0;1;3;-23,19405333;-45,86924493;"SPRF-SP";"DEL02-SP";"UOP01-DEL02-SP"
194428;2019-03-01;"sexta-feira";"19:20:00";"PR";153;338,9;"IRATI";"Ingestão de Álcool";"Colisão frontal";"Com Vítimas Fatais";"Anoitecer";"Decrescente";"Céu Claro";"Simples";"Reta";"Sim";2;1;0;0;1;0;0;2;-25,52257592;-50,65405369;"SPRF-PR";"DEL03-PR";"UOP02-DEL08-PR"
194431;2019-03-01;"sexta-feira";"18:30:00";"MA";316;376,2;"BACABAL";"Não guardar distância de segurança";"Colisão traseira";"Sem Vítimas";"Anoitecer";"Crescente";"Chuva";"Simples";"Reta";"Não";2;0;0;0;2;0;0;2;-4,212711;-44,655064;"SPRF-MA";"DEL02-MA";"DEL18/2-UOP03/MA"
194435;2019-03-01;"sexta-feira";"20:00:00";"SC";101;112,4;"ITAJAI";"Desobediência às normas de trânsito pelo condutor";"Colisão lateral";"Com Vítimas Feridas";"Pleno dia";"Crescente";"Sol";"Múltipla";"Reta";"Sim";3;0;1;0;1;2;1;4;-26,85691136;-48,72759646;"SPRF-SC";"DEL04-SC";"UOP04-DEL04-SC"
194437;2019-03-01;"sexta-feira";"20:15:00";"RS";386;10,4;"IRAI";"Ingestão de álcool e/ou substâncias psicoativas pelo pedestre";"Atropelamento de Pedestre";"Com Vítimas Fatais";"Plena Noite";"Decrescente";"Céu Claro";"Simples";"Reta";"Não";2;1;0;0;0;1;0;2;-27,22210246;-53,30711746;"SPRF-RS";"DEL08-RS";"UOP02-DEL08-RS"
194441;2019-03-01;"sexta-feira";"20:40:00";"ES";101;401,8;"ITAPEMIRIM";"Velocidade Incompatível";"Saída de leito carroçável";"Com Vítimas Fatais";"Plena Noite";"Decrescente";"Céu Claro";"Simples";"Curva";"Não";3;1;0;0;2;0;0;1;-20,88915418;-40,98995361;"SPRF-ES";"DEL03-ES";"UOP02-DEL03-ES"
194449;2019-03-01;"sexta-feira";"17:45:00";"PR";277;402,5;"CANDOI";"Ultrapassagem Indevida";"Colisão lateral";"Com Vítimas Feridas";"Pleno dia";"Decrescente";"Céu Claro";"Simples";"Reta";"Não";5;0;1;0;3;1;1;5;-25,43929;-51,98349;"SPRF-PR";"DEL03-PR";"UOP01-DEL08-PR"
194453;2019-03-01;"sexta-feira";"21:10:00";"ES";101;424;"ATILIO VIVACQUA";"Falta de Atenção à Condução";"Colisão lateral";"Com Vítimas Feridas";"Plena Noite";"Crescente";"Céu Claro";"Simples";"Curva";"Não";2;0;1;0;1;0;1;2;-21,00183002;-41,13143921;"SPRF-ES";"DEL03-ES";"UOP02-DEL03-ES"
194461;2019-03-01;"sexta-feira";"21:45:00";"MA";135;9,4;"SAO LUIS";"Desobediência às normas de trânsito pelo condutor";"Colisão traseira";"Sem Vítimas";"Plena Noite";"Decrescente";"Céu Claro";"Dupla";"Reta";"Não";4;0;0;0;3;1;0;4;-2,65141214;-44,28301427;"SPRF-MA";"DEL01-MA";"UOP01-DEL01-MA"
194463;2019-03-01;"sexta-feira";"21:50:00";"PR";163;177;"LINDOESTE";"Falta de Atenção à Condução";"Colisão lateral";"Com Vítimas Feridas";"Plena Noite";"Decrescente";"Céu Claro";"Simples";"Reta";"Não";2;0;1;0;1;0;1;2;-25,2066;-53,5973;"SPRF-PR";"DEL04-PR";"UOP05-DEL05-PR"
194469;2019-03-01;"sexta-feira";"19:45:00";"SC";280;141,5;"MAFRA";"Falta de Atenção à Condução";"Colisão frontal";"Com Vítimas Feridas";"Plena Noite";"Decrescente";"Nublado";"Simples";"Curva";"Não";4;0;0;2;2;0;2;3;-26,255922;-49,622276;"SPRF-SC";"DEL06-SC";"UOP03-DEL06-SC"
194474;2019-03-01;"sexta-feira";"20:15:00";"PA";163;652;"ITAITUBA";"Condutor Dormindo";"Tombamento";"Com Vítimas Feridas";"Plena Noite";"Crescente";"Nublado";"Simples";"Reta";"Não";2;0;1;0;0;2;1;3;-4,517779;-55,869182;"SPRF-PA";"DEL05-PA";"UOP01-DEL05-PA"
194478;2019-03-01;"sexta-feira";"23:50:00";"TO";153;242;"COLINAS DO TOCANTINS";"Ultrapassagem Indevida";"Colisão frontal";"Com Vítimas Fatais";"Plena Noite";"Crescente";"Garoa/Chuvisco";"Simples";"Reta";"Não";6;3;0;2;1;0;2;2;-8,012206;-48,465225;"SPRF-TO";"DEL02-TO";"UOP01-DEL02-TO"
194492;2019-03-02;"sábado";"02:20:00";"RS";101;44,6;"TERRA DE AREIA";"Falta de Atenção à Condução";"Colisão lateral";"Sem Vítimas";"Plena Noite";"Decrescente";"Céu Claro";"Dupla";"Reta";"Sim";7;0;0;0;6;1;0;3;-29,57538947;-50,06226886;"SPRF-RS";"DEL03-RS";"DEL9/3-UOP03/RS"
194497;2019-03-02;"sábado";"01:28:00";"SP";116;23,6;"LAVRINHAS";"Defeito Mecânico no Veículo";"Colisão com objeto estático";"Sem Vítimas";"Plena Noite";"Decrescente";"Chuva";"Dupla";"Reta";"Não";1;0;0;0;1;0;0;1;-22,589794;-44,885368;"SPRF-SP";"DEL08-SP";"UOP02-DEL08-SP"
194508;2019-03-02;"sábado";"03:45:00";"RS";392;345,6;"SANTA MARIA";"Falta de Atenção à Condução";"Saída de leito carroçável";"Com Vítimas Feridas";"Plena Noite";"Decrescente";"Céu Claro";"Simples";"Reta";"Sim";2;0;1;0;0;1;1;2;-29,77607436;-53,783741;"SPRF-RS";"DEL09-RS";"UOP01-DEL09-RS"
194519;2019-03-02;"sábado";"05:33:00";"MG";40;348,6;"FELIXLANDIA";"Condutor Dormindo";"Colisão frontal";"Com Vítimas Fatais";"Amanhecer";"Crescente";"Nublado";"Simples";"Reta;Aclive";"Não";5;2;0;2;1;0;2;2;-18,712297;-44,952095;"SPRF-MG";"DEL02-MG";"UOP01-DEL02-MG"
194521;2019-03-02;"sábado";"05:10:00";"MT";163;829;"SINOP";"Desobediência às normas de trânsito pelo condutor";"Colisão traseira";"Com Vítimas Fatais";"Amanhecer";"Crescente";"Chuva";"Dupla";"Retorno Regulamentado";"Sim";6;1;0;2;2;1;2;3;-11,9134;-55,50875;"SPRF-MT";"DEL06-MT";"UOP01-DEL06-MT"
194524;2019-03-02;"sábado";"04:30:00";"MA";316;618;"TIMON";"Falta de Atenção à Condução";"Saída de leito carroçável";"Com Vítimas Feridas";"Plena Noite";"Decrescente";"Céu Claro";"Simples";"Reta";"Sim";3;0;1;0;0;2;1;3;-5,111158;-42,826832;"SPRF-MA";"DEL03-MA";"UOP02-DEL03-MA"
194533;2019-03-02;"sábado";"04:45:00";"RS";470;245;"BARAO";"Desobediência às normas de trânsito pelo condutor";"Colisão frontal";"Com Vítimas Feridas";"Amanhecer";"Crescente";"Céu Claro";"Simples";"Curva";"Não";2;0;0;1;0;1;1;2;-29,40583055;-51,51212813;"SPRF-RS";"DEL06-RS";"UOP01-DEL06-RS"
194536;2019-03-01;"sexta-feira";"18:30:00";"ES";262;96;"DOMINGOS MARTINS";"Falta de Atenção à Condução";"Tombamento";"Com Vítimas Feridas";"Plena Noite";"Crescente";"Céu Claro";"Simples";"Reta";"Não";1;0;1;0;0;0;1;1;-20,3637;-41,0676;"SPRF-ES";"DEL01-ES";"UOP02-DEL01-ES"
194537;2019-03-02;"sábado";"07:40:00";"CE";116;53;"PACAJUS";"Velocidade Incompatível";"Tombamento";"Sem Vítimas";"Pleno dia";"Decrescente";"Céu Claro";"Dupla";"Curva";"Não";3;0;0;0;2;2;0;4;-4,19718124;-38,46948624;"SPRF-CE";"DEL03-CE";"UOP02-DEL03-CE"
194541;2019-02-28;"quinta-feira";"21:40:00";"SC";282;398,9;"JOACABA";"Falta de Atenção à Condução";"Colisão traseira";"Com Vítimas Feridas";"Plena Noite";"Crescente";"Céu Claro";"Simples";"Reta";"Não";2;0;1;0;0;1;1;2;-27,143419;-51,613823;"SPRF-SC";"DEL07-SC";"UOP05-DEL07-SC"
194545;2019-03-02;"sábado";"07:30:00";"BA";101;207;"GOVERNADOR MANGABEIRA";"Falta de Atenção à Condução";"Colisão traseira";"Com Vítimas Feridas";"Pleno dia";"Crescente";"Céu Claro";"Simples";"Aclive";"Não";6;0;2;0;3;1;2;4;-12,5967;-39,0355;"SPRF-BA";"DEL01-BA";"UOP03-DEL01-BA"
194548;2019-03-02;"sábado";"08:30:00";"BA";116;676;"JEQUIE";"Ingestão de Álcool";"Colisão lateral";"Sem Vítimas";"Pleno dia";"Crescente";"Céu Claro";"Simples";"Curva";"Não";2;0;0;0;2;0;0;2;-13,87330904;-40,12809992;"SPRF-BA";"DEL03-BA";"UOP01-DEL03-BA"
194549;2019-03-02;"sábado";"09:05:00";"PR";158;526;"PATO BRANCO";"Desobediência às normas de trânsito pelo condutor";"Colisão lateral";"Com Vítimas Feridas";"Pleno dia";"Crescente";"Céu Claro";"Simples";"Reta";"Não";6;0;4;0;2;0;4;2;-26,20228;-52,678215;"SPRF-PR";"DEL02-PR";"UOP01-DEL02-PR"
194553;2019-03-02;"sábado";"09:30:00";"GO";251;28,1;"CRISTALINA";"Ultrapassagem Indevida";"Colisão lateral";"Com Vítimas Feridas";"Pleno dia";"Decrescente";"Nublado";"Simples";"Reta";"Sim";5;0;3;0;2;0;3;3;-16,0917533;-47,51136303;"SPRF-DF";"DEL01-DF";"UOP01-DEL01-DF"
194569;2019-03-02;"sábado";"10:30:00";"RN";405;0,5;"MOSSORO";"Desobediência às normas de trânsito pelo condutor";"Colisão transversal";"Com Vítimas Feridas";"Pleno dia";"Decrescente";"Céu Claro";"Dupla";"Retorno Regulamentado";"Sim";2;0;1;0;1;0;1;2;-5,195731;-37,39817;"SPRF-RN";"DEL04-RN";"UOP02-DEL04-RN"
194599;2019-03-02;"sábado";"11:55:00";"GO";60;212;"VARJAO";"Ingestão de álcool e/ou substâncias psicoativas pelo pedestre";"Colisão traseira";"Com Vítimas Feridas";"Pleno dia";"Crescente";"Chuva";"Dupla";"Curva";"Não";2;0;0;1;1;0;1;2;-16,9521;-49,6829;"SPRF-GO";"DEL01-GO";"UOP02-DEL01-GO"
194602;2019-03-02;"sábado";"13:50:00";"RS";290;689;"URUGUAIANA";"Defeito na Via";"Saída de leito carroçável";"Com Vítimas Feridas";"Pleno dia";"Decrescente";"Céu Claro";"Simples";"Reta";"Não";2;0;1;0;0;1;1;2;-29,878025;-56,782131;"SPRF-RS";"DEL13-RS";"UOP01-DEL13-RS"
194615;2019-03-02;"sábado";"14:30:00";"PR";277;67,1;"SAO JOSE DOS PINHAIS";"Ingestão de Álcool";"Colisão traseira";"Com Vítimas Feridas";"Pleno dia";"Decrescente";"Nublado";"Múltipla";"Reta";"Não";9;0;2;1;5;1;3;4;-25,55437987;-49,1588974;"SPRF-PR";"DEL01-PR";"UOP07-DEL01-PR"
194617;2019-03-02;"sábado";"13:00:00";"RJ";101;152,8;"MACAE";"Falta de Atenção à Condução";"Colisão frontal";"Com Vítimas Fatais";"Pleno dia";"Crescente";"Céu Claro";"Simples";"Reta";"Não";5;2;3;0;0;0;3;2;-22,24915138;-41,81529996;"SPRF-RJ";"DEL02-RJ";"UOP04-DEL08-RJ"
194619;2019-03-02;"sábado";"14:40:00";"CE";20;417,3;"MARACANAU";"Pista Escorregadia";"Colisão traseira";"Com Vítimas Feridas";"Pleno dia";"Decrescente";"Chuva";"Dupla";"Declive";"Sim";2;0;1;0;1;0;1;2;-3,76999;-38,670063;"SPRF-CE";"DEL01-CE";"UOP02-DEL01-CE"
194620;2019-03-02;"sábado";"12:10:00";"ES";101;97,9;"JAGUARE";"Não guardar distância de segurança";"Colisão traseira";"Com Vítimas Feridas";"Pleno dia";"Decrescente";"Chuva";"Simples";"Reta";"Não";5;0;0;1;4;0;1;2;-18,96575407;-39,98844632;"SPRF-ES";"DEL04-ES";"UOP02-DEL04-ES"
194627;2019-03-02;"sábado";"08:38:00";"SC";282;581;"PINHALZINHO";"Falta de Atenção à Condução";"Colisão lateral";"Com Vítimas Feridas";"Pleno dia";"Crescente";"Céu Claro";"Simples";"Em Obras;Reta;Declive";"Não";7;0;2;0;4;1;2;6;-26,828749;-52,997929;"SPRF-SC";"DEL07-SC";"UOP02-DEL07-SC"
194633;2019-03-02;"sábado";"15:20:00";"CE";116;67;"CHOROZINHO";"Ultrapassagem Indevida";"Colisão frontal";"Com Vítimas Feridas";"Pleno dia";"Decrescente";"Chuva";"Simples";"Reta";"Não";5;0;0;1;3;1;1;3;-4,3222636;-38,48971765;"SPRF-CE";"DEL03-CE";"UOP02-DEL03-CE"
194640;2019-03-02;"sábado";"08:10:00";"PR";376;374,5;"ORTIGUEIRA";"Ingestão de Álcool";"Colisão lateral";"Sem Vítimas";"Pleno dia";"Crescente";"Sol";"Simples";"Curva";"Não";3;0;0;0;2;3;0;5;-24,36492437;-50,80524445;"SPRF-PR";"DEL03-PR";"UOP02-DEL03-PR"
194649;2019-03-02;"sábado";"16:00:00";"DF";20;18;"BRASILIA";"Pista Escorregadia";"Saída de leito carroçável";"Sem Vítimas";"Pleno dia";"Crescente";"Chuva";"Dupla";"Reta";"Não";2;0;0;0;1;1;0;2;-15,616901;-47,708927;"SPRF-DF";"DEL02-DF";"UOP01-DEL02-DF"
194664;2019-03-01;"sexta-feira";"15:45:00";"MG";381;457;"BELO HORIZONTE";"Não guardar distância de segurança";"Colisão traseira";"Com Vítimas Feridas";"Pleno dia";"Decrescente";"Céu Claro";"Simples";"Reta";"Não";2;0;0;1;1;0;1;2;-19,84142343;-43,87067534;"SPRF-MG";"DEL01-MG";"UOP01-DEL01-MG"
194670;2019-03-02;"sábado";"16:50:00";"PR";277;366;"GUARAPUAVA";"Ingestão de Álcool";"Colisão lateral";"Sem Vítimas";"Pleno dia";"Crescente";"Céu Claro";"Simples";"Reta";"Não";3;0;0;0;2;3;0;5;-25,425388;-51,662336;"SPRF-PR";"DEL03-PR";"UOP01-DEL08-PR"
194676;2019-03-02;"sábado";"18:10:00";"MG";116;416,9;"GOVERNADOR VALADARES";"Ultrapassagem Indevida";"Tombamento";"Com Vítimas Feridas";"Anoitecer";"Decrescente";"Céu Claro";"Simples";"Curva";"Sim";5;0;1;1;1;2;2;4;-18,89630366;-41,94773734;"SPRF-MG";"DEL06-MG";"UOP01-DEL06-MG"
194692;2019-03-02;"sábado";"19:20:00";"RS";470;224,4;"GARIBALDI";"Desobediência às normas de trânsito pelo condutor";"Colisão transversal";"Com Vítimas Feridas";"Anoitecer";"Decrescente";"Céu Claro";"Simples";"Curva";"Sim";2;0;0;1;1;0;1;2;-29,2352855;-51,51635539;"SPRF-RS";"DEL06-RS";"UOP01-DEL06-RS"
194695;2019-03-02;"sábado";"18:35:00";"MG";381;566,5;"ITAGUARA";"Velocidade Incompatível";"Saída de leito carroçável";"Sem Vítimas";"Anoitecer";"Crescente";"Chuva";"Dupla";"Curva";"Não";2;0;0;0;1;2;0;3;-20,4025;-44,5126;"SPRF-MG";"DEL04-MG";"UOP03-DEL04-MG"
194701;2019-03-02;"sábado";"18:45:00";"PR";376;659,5;"TIJUCAS DO SUL";"Velocidade Incompatível";"Tombamento";"Sem Vítimas";"Plena Noite";"Crescente";"Céu Claro";"Dupla";"Reta";"Não";1;0;0;0;1;0;0;1;-25,854134;-48,999039;"SPRF-PR";"DEL01-PR";"DEL7/1-UOP08/PR"
194707;2019-03-02;"sábado";"19:30:00";"RS";290;156,9;"ARROIO DOS RATOS";"Falta de Atenção à Condução";"Colisão lateral";"Com Vítimas Feridas";"Plena Noite";"Crescente";"Céu Claro";"Simples";"Reta";"Não";2;0;1;0;1;0;1;2;-30,106392;-51,767815;"SPRF-RS";"DEL02-RS";"UOP01-DEL02-RS"
194712;2019-03-02;"sábado";"16:30:00";"PA";163;618;"TRAIRAO";"Velocidade Incompatível";"Tombamento";"Com Vítimas Feridas";"Anoitecer";"Crescente";"Nublado";"Simples";"Curva";"Não";3;0;1;0;1;4;1;6;-4,732783;-56,048036;"SPRF-PA";"DEL05-PA";"UOP01-DEL05-PA"
194725;2019-03-02;"sábado";"21:50:00";"PR";116;124,8;"FAZENDA RIO GRANDE";"Ingestão de Álcool";"Colisão lateral";"Sem Vítimas";"Plena Noite";"Decrescente";"Nublado";"Dupla";"Reta";"Sim";2;0;0;0;2;0;0;2;-25,621508;-49,316216;"SPRF-PR";"DEL01-PR";"UOP03-DEL01-PR"
194741;2019-03-02;"sábado";"17:35:00";"PR";153;154;"VENTANIA";"Falta de Atenção à Condução";"Tombamento";"Com Vítimas Feridas";"Pleno dia";"Decrescente";"Nublado";"Simples";"Aclive;Curva";"Não";2;0;0;1;0;1;1;2;-24,232613;-50,231232;"SPRF-PR";"DEL07-PR";"UOP04-DEL07-PR"
194757;2019-03-03;"domingo";"00:20:00";"MT";70;4;"BARRA DO GARCAS";"Ingestão de Álcool";"Colisão com objeto estático";"Sem Vítimas";"Plena Noite";"Decrescente";"Céu Claro";"Dupla";"Reta";"Sim";3;0;0;0;2;2;0;4;-15,879057;-52,285675;"SPRF-MT";"DEL07-MT";"UOP01-DEL07-MT"
194758;2019-03-02;"sábado";"23:20:00";"MT";70;147,5;"GENERAL CARNEIRO";"Falta de Atenção à Condução";"Tombamento";"Sem Vítimas";"Plena Noite";"Decrescente";"Céu Claro";"Simples";"Reta";"Não";1;0;0;0;1;0;0;1;-15,587938;-53,345737;"SPRF-MT";"DEL07-MT";"UOP01-DEL07-MT"
194763;2019-03-03;"domingo";"01:00:00";"MA";10;142,8;"PORTO FRANCO";"Defeito Mecânico no Veículo";"Saída de leito carroçável";"Com Vítimas Feridas";"Plena Noite";"Decrescente";"Chuva";"Simples";"Curva";"Não";3;0;2;0;0;1;2;2;-6,477829;-47,392159;"SPRF-MA";"DEL04-MA";"UOP02-DEL04-MA"
194767;2019-03-02;"sábado";"20:00:00";"MA";230;233;"SAO FELIX DE BALSAS";"Falta de Atenção à Condução";"Tombamento";"Sem Vítimas";"Plena Noite";"Decrescente";"Céu Claro";"Simples";"Reta;Declive";"Não";2;0;0;0;1;1;0;2;-6,821669;-44,83979;"SPRF-MA";"DEL05-MA";"UOP01-DEL05-MA"
194772;2019-03-03;"domingo";"03:30:00";"SC";101;123;"ITAJAI";"Ingestão de Álcool";"Colisão traseira";"Sem Vítimas";"Plena Noite";"Decrescente";"Nublado";"Dupla";"Reta";"Não";3;0;0;0;1;2;0;3;-26,9434;-48,6917;"SPRF-SC";"DEL04-SC";"UOP04-DEL04-SC"
194782;2019-03-03;"domingo";"05:10:00";"SE";101;148;"ESTANCIA";"Condutor Dormindo";"Tombamento";"Sem Vítimas";"Amanhecer";"Crescente";"Nublado";"Dupla";"Rotatória";"Sim";2;0;0;0;1;11;0;12;-11,23761111;-37,42981911;"SPRF-SE";"DEL02-SE";"UOP01-DEL02-SE"
194787;2019-03-03;"domingo";"05:45:00";"GO";158;157;"CAIAPONIA";"Ingestão de Álcool";"Colisão frontal";"Com Vítimas Feridas";"Amanhecer";"Crescente";"Nublado";"Simples";"Reta";"Sim";3;0;0;1;1;2;1;4;-16,95504931;-51,82765961;"SPRF-GO";"DEL05-GO";"UOP01-DEL05-GO"
194799;2019-03-03;"domingo";"07:55:00";"GO";153;321;"RIANAPOLIS";"Ultrapassagem Indevida";"Colisão frontal";"Com Vítimas Feridas";"Pleno dia";"Decrescente";"Sol";"Simples";"Reta";"Não";8;0;1;4;1;2;5;5;-15,46559265;-49,49941635;"SPRF-GO";"DEL02-GO";"UOP02-DEL02-GO"
194801;2019-03-03;"domingo";"07:50:00";"PR";376;661;"TIJUCAS DO SUL";"Falta de Atenção à Condução";"Tombamento";"Sem Vítimas";"Pleno dia";"Crescente";"Céu Claro";"Dupla";"Aclive;Reta";"Não";2;0;0;0;1;1;0;2;-25,85489824;-48,99490356;"SPRF-PR";"DEL01-PR";"DEL7/1-UOP08/PR"
194803;2019-03-02;"sábado";"23:00:00";"RO";435;63;"COLORADO DO OESTE";"Velocidade Incompatível";"Saída de leito carroçável";"Com Vítimas Feridas";"Plena Noite";"Crescente";"Garoa/Chuvisco";"Simples";"Curva";"Não";2;0;1;0;0;2;1;3;-13,076929;-60,382294;"SPRF-RO";"DEL04-RO";"UOP02-DEL04-RO"
194808;2019-03-03;"domingo";"07:00:00";"MS";163;258;"DOURADOS";"Falta de Atenção à Condução";"Colisão lateral";"Com Vítimas Feridas";"Pleno dia";"Decrescente";"Céu Claro";"Dupla";"Rotatória";"Sim";2;0;0;1;1;0;1;2;-22,25804613;-54,78237217;"SPRF-MS";"DEL04-MS";"UOP01-DEL04-MS"
194813;2019-02-28;"quinta-feira";"04:30:00";"PR";277;36;"MORRETES";"Falta de Atenção à Condução";"Colisão lateral";"Com Vítimas Feridas";"Plena Noite";"Decrescente";"Nublado";"Dupla";"Reta;Declive;Em Obras";"Não";4;0;1;0;2;1;1;3;-25,57894476;-48,86222154;"SPRF-PR";"DEL01-PR";"UOP05-DEL01-PR"
194838;2019-03-03;"domingo";"09:50:00";"RO";364;224;"PIMENTA BUENO";"Ingestão de Álcool";"Colisão traseira";"Com Vítimas Feridas";"Pleno dia";"Crescente";"Sol";"Simples";"Declive";"Não";3;0;1;0;1;5;1;7;-11,51492614;-61,3539081;"SPRF-RO";"DEL02-RO";"UOP02-DEL02-RO"
194840;2019-03-03;"domingo";"11:50:00";"MS";163;529,3;"JARAGUARI";"Falta de Atenção à Condução";"Saída de leito carroçável";"Com Vítimas Feridas";"Pleno dia";"Crescente";"Sol";"Simples";"Aclive;Reta";"Não";2;0;1;0;0;1;1;2;-20,078324;-54,429257;"SPRF-MS";"DEL01-MS";"UOP02-DEL01-MS"