"id";"data_inversa";"dia_semana";"horario";"uf";"br";"km";"municipio";"causa_acidente";"tipo_acidente";"classificacao_acidente";"fase_dia";"sentido_via";"condicao_metereologica";"tipo_pista";"tracado_via";"uso_solo";"pessoas";"mortos";"feridos_leves";"feridos_graves";"ilesos";"ignorados";"feridos";"veiculos";"latitude";"longitude";"regional";"delegacia";"uop"
194849;2019-03-03;"domingo";"12:15:00";"MT";174;506;"COMODORO";"Defeito Mecânico no Veículo";"Saída de leito carroçável";"Com Vítimas Feridas";"Pleno dia";"Decrescente";"Céu Claro";"Simples";"Reta";"Não";1;0;0;1;0;0;1;1;-13,485441;-59,839443;"SPRF-MT";"DEL04-MT";"UOP01-DEL04-MT"
194853;2019-03-03;"domingo";"13:40:00";"PE";101;79;"JABOATAO DOS GUARARAPES";"Animais na Pista";"Saída de leito carroçável";"Sem Vítimas";"Pleno dia";"Decrescente";"Chuva";"Simples";"Curva";"Sim";1;0;0;0;1;0;0;1;-8,1533;-34,9421;"SPRF-PE";"DEL01-PE";"UOP01-DEL01-PE"
194855;2019-03-03;"domingo";"12:00:00";"MG";262;437,5;"NOVA SERRANA";"Ingestão de Álcool";"Colisão transversal";"Com Vítimas Feridas";"Pleno dia";"Decrescente";"Sol";"Dupla";"Retorno Regulamentado;Curva";"Não";6;0;3;0;2;1;3;3;-19,896221;-44,869728;"SPRF-MG";"DEL08-MG";"UOP03-DEL08-MG"
194856;2019-03-03;"domingo";"13:30:00";"MS";158;81;"PARANAIBA";"Falta de Atenção à Condução";"Colisão frontal";"Com Vítimas Fatais";"Pleno dia";"Crescente";"Chuva";"Simples";"Reta";"Não";6;3;0;1;1;2;1;4;-19,569298;-51,240286;"SPRF-MS";"DEL08-MS";"UOP01-DEL08-MS"
194858;2019-03-03;"domingo";"13:40:00";"ES";262;120,5;"CONCEICAO DO CASTELO";"Carga excessiva e/ou mal acondicionada";"Tombamento";"Com Vítimas Feridas";"Pleno dia";"Decrescente";"Sol";"Simples";"Curva";"Não";2;0;1;0;0;1;1;2;-20,2994;-41,2306;"SPRF-ES";"DEL01-ES";"UOP02-DEL01-ES"
194860;2019-03-03;"domingo";"09:00:00";"MS";262;79,7;"TRES LAGOAS";"Defeito Mecânico no Veículo";"Saída de leito carroçável";"Sem Vítimas";"Pleno dia";"Crescente";"Céu Claro";"Simples";"Reta";"Não";2;0;0;0;1;1;0;2;-20,73192813;-52,1204154;"SPRF-MS";"DEL07-MS";"UOP02-DEL07-MS"
194868;2019-03-03;"domingo";"15:45:00";"SC";470;143;"RIO DO SUL";"Velocidade Incompatível";"Colisão frontal";"Com Vítimas Feridas";"Pleno dia";"Decrescente";"Sol";"Simples";"Curva";"Sim";3;0;2;0;0;1;2;3;-27,233143;-49,672886;"SPRF-SC";"DEL04-SC";"UOP02-DEL04-SC"
194871;2019-03-03;"domingo";"16:45:00";"MG";40;513;"RIBEIRAO DAS NEVES";"Falta de Atenção à Condução";"Colisão traseira";"Com Vítimas Feridas";"Pleno dia";"Crescente";"Céu Claro";"Dupla";"Curva";"Sim";2;0;0;1;1;0;1;2;-19,8048;-44,0972;"SPRF-MG";"DEL01-MG";"UOP03-DEL01-MG"
194915;2019-03-03;"domingo";"12:15:00";"PR";153;523;"GENERAL CARNEIRO";"Agressão Externa";"Tombamento";"Sem Vítimas";"Pleno dia";"Decrescente";"Céu Claro";"Simples";"Aclive";"Não";2;0;0;0;1;1;0;2;-26,5805445;-51,44863129;"SPRF-PR";"DEL02-PR";"UOP03-DEL02-PR"
194920;2019-03-03;"domingo";"19:00:00";"SP";116;557;"BARRA DO TURVO";"Condutor Dormindo";"Tombamento";"Sem Vítimas";"Anoitecer";"Crescente";"Céu Claro";"Dupla";"Reta;Declive";"Não";2;0;0;0;1;2;0;3;-24,9899126;-48,50777149;"SPRF-SP";"DEL05-SP";"UOP02-DEL05-SP"
194923;2019-03-03;"domingo";"19:45:00";"RS";290;38;"SANTO ANTONIO DA PATRULHA";"Condutor Dormindo";"Colisão traseira";"Com Vítimas Feridas";"Plena Noite";"Crescente";"Nublado";"Dupla";"Reta";"Não";4;0;1;0;2;1;1;3;-29,886322;-50,637886;"SPRF-RS";"DEL03-RS";"UOP02-DEL03-RS"
194938;2019-03-03;"domingo";"21:25:00";"SP";381;21;"BRAGANCA PAULISTA";"Velocidade Incompatível";"Colisão frontal";"Com Vítimas Fatais";"Plena Noite";"Crescente";"Chuva";"Dupla";"Curva";"Não";3;1;1;0;0;2;1;4;-22,991409;-46,508789;"SPRF-SP";"DEL03-SP";"UOP02-DEL03-SP"
194939;2019-03-03;"domingo";"20:50:00";"BA";116;783,9;"PLANALTO";"Ingestão de Álcool";"Colisão lateral";"Com Vítimas Feridas";"Plena Noite";"Decrescente";"Céu Claro";"Simples";"Reta";"Não";2;0;1;0;1;0;1;2;-14,65785594;-40,46029014;"SPRF-BA";"DEL08-BA";"UOP02-DEL08-BA"
194952;2019-03-03;"domingo";"21:30:00";"MT";70;517;"VARZEA GRANDE";"Falta de Atenção à Condução";"Colisão transversal";"Com Vítimas Feridas";"Plena Noite";"Crescente";"Céu Claro";"Simples";"Reta";"Sim";3;0;0;1;1;1;1;3;-15,70187891;-56,15936279;"SPRF-MT";"DEL01-MT";"DEL2/4-UOP02/MT"
194956;2019-03-03;"domingo";"22:38:00";"RS";386;308,9;"MARQUES DE SOUZA";"Ingestão de Álcool";"Tombamento";"Com Vítimas Feridas";"Plena Noite";"Crescente";"Céu Claro";"Simples";"Curva;Ponte";"Não";7;0;4;0;1;2;4;4;-29,228141;-52,16674447;"SPRF-RS";"DEL04-RS";"UOP01-DEL04-RS"
194966;2019-03-04;"segunda-feira";"00:15:00";"PR";272;368;"CAMPO MOURAO";"Ingestão de Álcool";"Colisão com objeto estático";"Com Vítimas Feridas";"Plena Noite";"Crescente";"Nublado";"Dupla";"Reta";"Sim";7;0;4;0;2;1;4;4;-24,054752;-52,410614;"SPRF-PR";"DEL04-PR";"UOP03-DEL09-PR"
194982;2019-03-03;"domingo";"16:30:00";"MT";70;602;"POCONE";"Defeito Mecânico no Veículo";"Incêndio";"Sem Vítimas";"Pleno dia";"Decrescente";"Céu Claro";"Simples";"Reta";"Não";2;0;0;0;1;1;0;2;-15,826454;-56,745396;"SPRF-MT";"DEL03-MT";"UOP02-DEL03-MT"
194983;2019-03-03;"domingo";"19:00:00";"BA";242;351,9;"LENCOIS";"Ingestão de Álcool";"Colisão frontal";"Com Vítimas Fatais";"Plena Noite";"Decrescente";"Garoa/Chuvisco";"Simples";"Aclive";"Não";6;1;0;3;1;2;3;4;-12,492483;-41,328094;"SPRF-BA";"DEL06-BA";"UOP01-DEL06-BA"
194989;2019-02-26;"terça-feira";"20:40:00";"MT";174;568;"COMODORO";"Falta de Atenção à Condução";"Tombamento";"Sem Vítimas";"Plena Noite";"Crescente";"Garoa/Chuvisco";"Simples";"Reta;Aclive";"Não";2;0;0;0;1;3;0;4;-13,024004;-59,923141;"SPRF-RO";"DEL04-RO";"UOP01-DEL04-RO"
194990;2019-03-04;"segunda-feira";"03:10:00";"GO";60;109;"GOIANAPOLIS";"Avarias e/ou desgaste excessivo no pneu";"Capotamento";"Com Vítimas Feridas";"Plena Noite";"Crescente";"Garoa/Chuvisco";"Dupla";"Declive;Curva";"Não";2;0;1;0;1;0;1;1;-16,4478;-49,0224;"SPRF-GO";"DEL01-GO";"UOP01-DEL01-GO"
194991;2019-03-04;"segunda-feira";"04:20:00";"PR";369;195,1;"APUCARANA";"Ingestão de Álcool";"Colisão traseira";"Com Vítimas Feridas";"Plena Noite";"Crescente";"Céu Claro";"Dupla";"Reta";"Sim";2;0;0;1;1;0;1;2;-23,498;-51,423662;"SPRF-PR";"DEL07-PR";"UOP03-DEL07-PR"
194996;2019-03-04;"segunda-feira";"05:40:00";"SC";101;418,7;"ARARANGUA";"Desobediência às normas de trânsito pelo condutor";"Colisão transversal";"Com Vítimas Feridas";"Amanhecer";"Decrescente";"Nublado";"Simples";"Retorno Regulamentado";"Sim";2;0;0;1;1;0;1;2;-28,9856;-49,5422;"SPRF-SC";"DEL02-SC";"UOP02-DEL02-SC"
195029;2019-03-04;"segunda-feira";"07:35:00";"PR";376;339,8;"ORTIGUEIRA";"Condutor Dormindo";"Saída de leito carroçável";"Com Vítimas Feridas";"Pleno dia";"Crescente";"Céu Claro";"Simples";"Curva";"Não";2;0;1;1;0;0;2;1;-24,14800672;-50,98617554;"SPRF-PR";"DEL07-PR";"UOP02-DEL07-PR"
195031;2019-03-04;"segunda-feira";"09:20:00";"SC";101;36,4;"JOINVILLE";"Pista Escorregadia";"Tombamento";"Com Vítimas Fatais";"Pleno dia";"Decrescente";"Sol";"Dupla";"Reta";"Sim";3;1;1;0;1;0;1;3;-26,2845;-48,8882;"SPRF-SC";"DEL03-SC";"UOP01-DEL03-SC"
195037;2019-03-04;"segunda-feira";"08:30:00";"MG";365;615;"UBERLANDIA";"Velocidade Incompatível";"Saída de leito carroçável";"Com Vítimas Feridas";"Pleno dia";"Decrescente";"Céu Claro";"Dupla";"Curva";"Sim";1;0;1;0;0;0;1;1;-18,91180801;-48,2213974;"SPRF-MG";"DEL15-MG";"UOP01-DEL15-MG"
195046;2019-03-04;"segunda-feira";"10:45:00";"MG";40;727;"OLIVEIRA FORTES";"Velocidade Incompatível";"Tombamento";"Com Vítimas Feridas";"Pleno dia";"Crescente";"Céu Claro";"Dupla";"Curva";"Não";2;0;1;0;0;1;1;2;-21,3356;-43,587;"SPRF-MG";"DEL05-MG";"UOP01-DEL05-MG"
195052;2019-03-04;"segunda-feira";"11:30:00";"PI";343;250,4;"CAMPO MAIOR";"Pista Escorregadia";"Colisão lateral";"Com Vítimas Feridas";"Pleno dia";"Crescente";"Chuva";"Simples";"Reta";"Não";2;0;0;1;1;0;1;2;-4,725317;-42,103371;"SPRF-PI";"DEL01-PI";"UOP03-DEL01-PI"
195055;2019-03-04;"segunda-feira";"12:00:00";"RS";158;290,9;"JULIO DE CASTILHOS";"Falta de Atenção à Condução";"Saída de leito carroçável";"Com Vítimas Feridas";"Pleno dia";"Crescente";"Céu Claro";"Simples";"Reta;Declive";"Não";2;0;2;0;0;0;2;1;-29,467546;-53,686661;"SPRF-RS";"DEL09-RS";"UOP01-DEL09-RS"
195062;2019-01-21;"segunda-feira";"19:00:00";"BA";135;125;"RIACHAO DAS NEVES";"Condutor Dormindo";"Colisão lateral";"Com Vítimas Feridas";"Plena Noite";"Crescente";"Garoa/Chuvisco";"Simples";"Declive";"Não";4;0;0;1;2;1;1;3;-11,77393121;-44,89974976;"SPRF-BA";"DEL10-BA";"UOP01-DEL10-BA"
195066;2019-03-04;"segunda-feira";"12:30:00";"SC";282;436,3;"VARGEM BONITA";"Falta de Atenção à Condução";"Colisão transversal";"Com Vítimas Feridas";"Pleno dia";"Decrescente";"Céu Claro";"Simples";"Interseção de Vias";"Não";5;0;2;0;3;0;2;2;-26,96978499;-51,8544066;"SPRF-SC";"DEL07-SC";"UOP04-DEL07-SC"
195069;2019-03-04;"segunda-feira";"11:00:00";"MG";381;588,1;"CARMOPOLIS DE MINAS";"Falta de Atenção à Condução";"Saída de leito carroçável";"Com Vítimas Feridas";"Pleno dia";"Crescente";"Nublado";"Dupla";"Reta";"Não";2;0;1;0;0;1;1;2;-20,541;-44,6429;"SPRF-MG";"DEL04-MG";"UOP01-DEL04-MG"
195091;2019-03-04;"segunda-feira";"17:00:00";"PE";423;177;"AGUAS BELAS";"Sinalização da via insuficiente ou inadequada";"Derramamento de carga";"Sem Vítimas";"Anoitecer";"Decrescente";"Chuva";"Simples";"Reta";"Não";2;0;0;0;1;1;0;2;-9,130103;-37,119088;"SPRF-PE";"DEL03-PE";"UOP01-DEL03-PE"
195096;2019-03-04;"segunda-feira";"17:00:00";"MG";40;749,9;"SANTOS DUMONT";"Defeito Mecânico no Veículo";"Incêndio";"Sem Vítimas";"Pleno dia";"Crescente";"Nublado";"Dupla";"Curva";"Sim";2;0;0;0;1;1;0;2;-21,4837;-43,538;"SPRF-MG";"DEL05-MG";"UOP01-DEL05-MG"
195099;2019-03-04;"segunda-feira";"14:05:00";"PR";277;454;"LARANJEIRAS DO SUL";"Falta de Atenção à Condução";"Colisão lateral";"Com Vítimas Feridas";"Pleno dia";"Crescente";"Sol";"Simples";"Rotatória";"Sim";3;0;2;0;1;0;2;2;-25,3855963;-52,41096497;"SPRF-PR";"DEL04-PR";"UOP02-DEL04-PR"
195113;2019-03-04;"segunda-feira";"15:50:00";"SC";282;664,5;"GUARACIABA";"Desobediência às normas de trânsito pelo condutor";"Saída de leito carroçável";"Com Vítimas Feridas";"Pleno dia";"Crescente";"Céu Claro";"Simples";"Curva";"Não";4;0;2;0;2;0;2;2;-26,65766121;-53,60745549;"SPRF-SC";"DEL07-SC";"UOP03-DEL07-SC"
195114;2019-03-04;"segunda-feira";"18:10:00";"MG";381;863,1;"POUSO ALEGRE";"Avarias e/ou desgaste excessivo no pneu";"Colisão com objeto estático";"Sem Vítimas";"Anoitecer";"Decrescente";"Céu Claro";"Dupla";"Reta";"Não";1;0;0;0;1;0;0;1;-22,3478;-45,9265;"SPRF-MG";"DEL16-MG";"UOP01-DEL16-MG"
195125;2019-03-04;"segunda-feira";"21:00:00";"MG";381;710,2;"NEPOMUCENO";"Condutor Dormindo";"Tombamento";"Sem Vítimas";"Plena Noite";"Crescente";"Nublado";"Dupla";"Curva";"Não";1;0;0;0;1;0;0;1;-21,35581666;-45,18318991;"SPRF-MG";"DEL04-MG";"UOP02-DEL04-MG"
195126;2019-03-04;"segunda-feira";"21:00:00";"SP";116;380;"MIRACATU";"Ingestão de Álcool";"Colisão transversal";"Com Vítimas Feridas";"Plena Noite";"Crescente";"Chuva";"Dupla";"Reta";"Não";3;0;1;1;1;0;2;2;-24,22962456;-47,36142939;"SPRF-SP";"DEL04-SP";"UOP02-DEL04-SP"
195127;2019-03-04;"segunda-feira";"07:30:00";"MS";267;170,1;"NOVA ALVORADA DO SUL";"Desobediência às normas de trânsito pelo condutor";"Tombamento";"Sem Vítimas";"Pleno dia";"Decrescente";"Céu Claro";"Simples";"Reta";"Não";2;0;0;0;1;3;0;4;-21,6204155;-53,6736012;"SPRF-MS";"DEL02-MS";"UOP03-DEL02-MS"
195132;2019-03-04;"segunda-feira";"21:00:00";"GO";20;0,5;"FORMOSA";"Ingestão de Álcool";"Colisão frontal";"Com Vítimas Feridas";"Plena Noite";"Decrescente";"Nublado";"Dupla";"Reta;Interseção de Vias;Declive";"Sim";2;0;1;0;1;0;1;2;-15,581744;-47,343241;"SPRF-DF";"DEL02-DF";"UOP01-DEL02-DF"
195136;2019-03-04;"segunda-feira";"17:30:00";"SP";116;564;"BARRA DO TURVO";"Velocidade Incompatível";"Colisão com objeto estático";"Sem Vítimas";"Anoitecer";"Crescente";"Chuva";"Simples";"Aclive;Curva";"Não";2;0;0;0;1;1;0;2;-25,03574317;-48,53687547;"SPRF-SP";"DEL05-SP";"UOP02-DEL05-SP"
195137;2019-03-04;"segunda-feira";"19:40:00";"BA";116;822;"VITORIA DA CONQUISTA";"Ingestão de Álcool";"Colisão lateral";"Sem Vítimas";"Plena Noite";"Decrescente";"Céu Claro";"Simples";"Reta";"Sim";2;0;0;0;2;0;0;2;-14,851503;-40,84856;"SPRF-BA";"DEL08-BA";"UOP01-DEL08-BA"
195139;2019-03-04;"segunda-feira";"21:30:00";"PR";376;440,1;"TIBAGI";"Velocidade Incompatível";"Tombamento";"Com Vítimas Feridas";"Plena Noite";"Crescente";"Ignorado";"Dupla";"Curva;Aclive";"Não";2;0;0;1;0;1;1;2;-24,80571112;-50,48828647;"SPRF-PR";"DEL03-PR";"UOP02-DEL03-PR"
195142;2019-03-04;"segunda-feira";"21:15:00";"RJ";116;78;"TERESOPOLIS";"Desobediência às normas de trânsito pelo condutor";"Queda de ocupante de veículo";"Com Vítimas Feridas";"Plena Noite";"Crescente";"Céu Claro";"Simples";"Aclive;Reta";"Sim";2;0;0;1;1;0;1;2;-22,3505829;-42,9368226;"SPRF-RJ";"DEL04-RJ";"UOP01-DEL04-RJ"
195146;2019-03-04;"segunda-feira";"18:00:00";"PR";476;147,9;"ARAUCARIA";"Pista Escorregadia";"Saída de leito carroçável";"Sem Vítimas";"Anoitecer";"Crescente";"Chuva";"Simples";"Declive";"Sim";2;0;0;0;1;1;0;2;-25,554628;-49,339268;"SPRF-PR";"DEL01-PR";"UOP06-DEL01-PR"
195148;2019-02-28;"quinta-feira";"18:30:00";"PA";163;378;"NOVO PROGRESSO";"Pista Escorregadia";"Colisão frontal";"Com Vítimas Feridas";"Pleno dia";"Crescente";"Nublado";"Simples";"Declive";"Não";3;0;1;0;1;4;1;6;-6,66915422;-55,49835216;"SPRF-PA";"DEL05-PA";"UOP01-DEL05-PA"
195149;2019-03-04;"segunda-feira";"19:20:00";"MT";364;1233,2;"COMODORO";"Defeito na Via";"Saída de leito carroçável";"Com Vítimas Feridas";"Anoitecer";"Crescente";"Nublado";"Simples";"Reta";"Não";2;0;1;0;0;3;1;4;-13,75237;-59,68928;"SPRF-MT";"DEL04-MT";"UOP01-DEL04-MT"
195157;2019-03-05;"terça-feira";"01:05:00";"MG";40;460;"SETE LAGOAS";"Carga excessiva e/ou mal acondicionada";"Tombamento";"Sem Vítimas";"Plena Noite";"Crescente";"Céu Claro";"Dupla";"Curva";"Não";1;0;0;0;1;0;0;1;-19,4129;-44,3377;"SPRF-MG";"DEL02-MG";"UOP01-DEL02-MG"
195160;2019-03-04;"segunda-feira";"22:30:00";"SC";470;187,5;"POUSO REDONDO";"Desobediência às normas de trânsito pelo condutor";"Colisão lateral";"Sem Vítimas";"Plena Noite";"Decrescente";"Céu Claro";"Simples";"Reta";"Não";3;0;0;0;2;1;0;3;-27,261072;-50,053226;"SPRF-SC";"DEL04-SC";"UOP02-DEL04-SC"
195164;2019-03-05;"terça-feira";"01:30:00";"PR";116;115;"CURITIBA";"Falta de Atenção à Condução";"Colisão transversal";"Com Vítimas Feridas";"Plena Noite";"Decrescente";"Nublado";"Múltipla";"Reta";"Sim";3;0;0;2;1;0;2;2;-25,54979825;-49,30436611;"SPRF-PR";"DEL01-PR";"UOP01-DEL01-PR"
195169;2019-03-05;"terça-feira";"03:00:00";"TO";153;788,5;"TALISMA";"Condutor Dormindo";"Tombamento";"Com Vítimas Feridas";"Plena Noite";"Decrescente";"Chuva";"Simples";"Reta";"Não";2;0;1;0;0;1;1;2;-12,710489;-49,075035;"SPRF-TO";"DEL02-TO";"UOP02-DEL01-TO"
195171;2019-03-05;"terça-feira";"03:00:00";"MG";365;593,1;"UBERLANDIA";"Condutor Dormindo";"Saída de leito carroçável";"Com Vítimas Feridas";"Plena Noite";"Crescente";"Céu Claro";"Simples";"Curva";"Não";2;0;0;1;0;1;1;2;-18,88127499;-48,04741859;"SPRF-MG";"DEL15-MG";"UOP02-DEL15-MG"
195176;2019-03-05;"terça-feira";"04:55:00";"MS";163;432,4;"CAMPO GRANDE";"Não guardar distância de segurança";"Colisão traseira";"Com Vítimas Feridas";"Amanhecer";"Decrescente";"Chuva";"Dupla";"Reta";"Não";3;0;1;0;1;3;1;5;-20,8818;-54,5049;"SPRF-MS";"DEL01-MS";"UOP01-DEL01-MS"
195182;2019-03-05;"terça-feira";"06:15:00";"SP";116;123,4;"CACAPAVA";"Ingestão de Álcool";"Colisão traseira";"Com Vítimas Feridas";"Pleno dia";"Decrescente";"Céu Claro";"Dupla";"Declive";"Não";3;0;1;0;2;0;1;2;-23,087582;-45,669758;"SPRF-SP";"DEL06-SP";"UOP02-DEL02-SP"
195188;2019-03-01;"sexta-feira";"12:30:00";"BA";101;482;"URUCUCA";"Falta de Atenção à Condução";"Colisão frontal";"Sem Vítimas";"Pleno dia";"Crescente";"Céu Claro";"Simples";"Reta";"Não";2;0;0;0;2;0;0;2;-14,625146;-39,331764;"SPRF-BA";"DEL05-BA";"UOP01-DEL05-BA"
195194;2019-03-05;"terça-feira";"06:00:00";"MA";230;409;"BALSAS";"Falta de Atenção à Condução";"Colisão frontal";"Com Vítimas Feridas";"Pleno dia";"Crescente";"Céu Claro";"Simples";"Reta";"Não";3;0;0;1;1;3;1;5;-7,51309855;-46,0844362;"SPRF-MA";"DEL05-MA";"UOP01-DEL05-MA"
195212;2019-03-04;"segunda-feira";"21:43:00";"BA";324;430;"RIACHAO DO JACUIPE";"Velocidade Incompatível";"Tombamento";"Com Vítimas Feridas";"Plena Noite";"Crescente";"Céu Claro";"Simples";"Interseção de Vias";"Não";2;0;1;0;0;1;1;2;-11,77384;-39,45138;"SPRF-BA";"DEL04-BA";"UOP02-DEL04-BA"
195219;2019-03-01;"sexta-feira";"13:40:00";"RO";435;94;"COLORADO DO OESTE";"Defeito Mecânico no Veículo";"Tombamento";"Sem Vítimas";"Pleno dia";"Crescente";"Céu Claro";"Simples";"Declive";"Não";2;0;0;0;1;2;0;3;-13,189569;-60,558968;"SPRF-RO";"DEL04-RO";"UOP02-DEL04-RO"
195232;2019-03-05;"terça-feira";"15:10:00";"MG";381;561,4;"ITAGUARA";"Velocidade Incompatível";"Colisão traseira";"Com Vítimas Feridas";"Pleno dia";"Crescente";"Céu Claro";"Dupla";"Curva";"Não";4;0;1;2;0;1;3;4;-20,39224209;-44,49492995;"SPRF-MG";"DEL04-MG";"UOP03-DEL04-MG"
195236;2019-03-05;"terça-feira";"15:50:00";"SP";381;57;"MAIRIPORA";"Falta de Atenção à Condução";"Colisão traseira";"Com Vítimas Feridas";"Pleno dia";"Crescente";"Céu Claro";"Dupla";"Reta";"Sim";4;0;1;0;2;1;1;3;-23,267;-46,584;"SPRF-SP";"DEL03-SP";"UOP01-DEL03-SP"
195239;2019-03-05;"terça-feira";"15:45:00";"RS";285;468,5;"CORONEL BARROS";"Não guardar distância de segurança";"Colisão traseira";"Com Vítimas Feridas";"Pleno dia";"Crescente";"Nublado";"Simples";"Reta";"Não";5;0;3;0;1;1;3;3;-28,390245;-53,982056;"SPRF-RS";"DEL10-RS";"UOP01-DEL10-RS"
195242;2019-03-05;"terça-feira";"14:30:00";"CE";116;139;"RUSSAS";"Defeito na Via";"Colisão frontal";"Com Vítimas Feridas";"Pleno dia";"Crescente";"Chuva";"Simples";"Curva";"Não";3;0;1;0;1;1;1;3;-4,75147981;-38,06476096;"SPRF-CE";"DEL03-CE";"UOP01-DEL03-CE"
195248;2019-03-05;"terça-feira";"15:45:00";"SC";470;66,4;"INDAIAL";"Animais na Pista";"Atropelamento de Animal";"Sem Vítimas";"Pleno dia";"Crescente";"Céu Claro";"Simples";"Rotatória";"Sim";2;0;0;0;1;1;0;2;-26,8701742;-49,22748059;"SPRF-SC";"DEL04-SC";"UOP01-DEL04-SC"
195251;2019-03-05;"terça-feira";"16:35:00";"SP";116;229;"GUARULHOS";"Falta de Atenção à Condução";"Colisão traseira";"Com Vítimas Feridas";"Pleno dia";"Crescente";"Nublado";"Múltipla";"Reta";"Sim";6;0;1;0;4;1;1;3;-23,51807797;-46,58166111;"SPRF-SP";"DEL01-SP";"UOP01-DEL01-SP"
195254;2019-03-05;"terça-feira";"13:55:00";"SC";282;208;"LAGES";"Não guardar distância de segurança";"Colisão traseira";"Sem Vítimas";"Pleno dia";"Decrescente";"Nublado";"Simples";"Reta";"Não";2;0;0;0;2;0;0;2;-27,775284;-50,211971;"SPRF-SC";"DEL05-SC";"UOP01-DEL05-SC"
195255;2019-03-05;"terça-feira";"16:50:00";"PR";277;4,5;"PARANAGUA";"Falta de Atenção à Condução";"Colisão lateral";"Com Vítimas Feridas";"Pleno dia";"Crescente";"Céu Claro";"Dupla";"Reta";"Sim";2;0;1;0;0;1;1;2;-25,5205;-48,5095;"SPRF-PR";"DEL01-PR";"UOP05-DEL01-PR"
195258;2019-03-05;"terça-feira";"12:30:00";"RS";392;207,7;"SANTANA DA BOA VISTA";"Velocidade Incompatível";"Colisão transversal";"Com Vítimas Feridas";"Pleno dia";"Decrescente";"Chuva";"Simples";"Curva";"Não";6;0;4;0;1;2;4;4;-30,82849298;-53,17127764;"SPRF-RS";"DEL09-RS";"UOP02-DEL09-RS"
195259;2019-03-05;"terça-feira";"17:00:00";"PR";163;32,4;"SANTO ANTONIO DO SUDOESTE";"Não guardar distância de segurança";"Saída de leito carroçável";"Com Vítimas Feridas";"Pleno dia";"Decrescente";"Céu Claro";"Simples";"Reta";"Não";2;0;1;0;1;0;1;2;-26,08587526;-53,71580156;"SPRF-PR";"DEL02-PR";"UOP02-DEL02-PR"
195267;2019-03-05;"terça-feira";"17:50:00";"PR";376;679;"GUARATUBA";"Defeito Mecânico no Veículo";"Queda de ocupante de veículo";"Com Vítimas Feridas";"Pleno dia";"Decrescente";"Chuva";"Dupla";"Reta";"Não";4;0;2;0;1;1;2;3;-25,95050276;-48,90514477;"SPRF-PR";"DEL01-PR";"DEL7/1-UOP08/PR"
195272;2019-03-05;"terça-feira";"14:15:00";"GO";452;131,5;"BOM JESUS DE GOIAS";"Defeito na Via";"Tombamento";"Sem Vítimas";"Pleno dia";"Crescente";"Céu Claro";"Simples";"Aclive";"Sim";2;0;0;0;1;1;0;2;-18,22776759;-49,73445466;"SPRF-GO";"DEL03-GO";"UOP02-DEL03-GO"
195294;2019-03-05;"terça-feira";"19:50:00";"BA";418;87,8;"NOVA VICOSA";"Falta de Atenção à Condução";"Colisão lateral";"Com Vítimas Feridas";"Plena Noite";"Crescente";"Céu Claro";"Simples";"Reta";"Não";2;0;1;0;1;0;1;2;-17,892078;-39,81627;"SPRF-BA";"DEL09-BA";"UOP02-DEL09-BA"
195299;2019-03-05;"terça-feira";"08:30:00";"MT";158;557;"AGUA BOA";"Falta de Atenção à Condução";"Capotamento";"Com Vítimas Feridas";"Pleno dia";"Decrescente";"Céu Claro";"Simples";"Reta";"Não";2;0;1;0;0;1;1;2;-13,96585002;-52,12248897;"SPRF-MT";"DEL07-MT";"UOP02-DEL07-MT"
195314;2019-03-05;"terça-feira";"21:00:00";"RJ";116;255;"PIRAI";"Desobediência às normas de trânsito pelo condutor";"Colisão lateral";"Com Vítimas Feridas";"Plena Noite";"Crescente";"Nublado";"Dupla";"Reta";"Não";5;0;3;1;1;0;4;2;-22,58171235;-43,99533787;"SPRF-RJ";"DEL07-RJ";"UOP02-DEL07-RJ"
195326;2019-03-06;"quarta-feira";"00:40:00";"BA";324;596;"CANDEIAS";"Ingestão de Álcool";"Colisão traseira";"Com Vítimas Feridas";"Plena Noite";"Crescente";"Céu Claro";"Dupla";"Reta";"Não";2;0;1;0;1;0;1;2;-12,73478777;-38,44170213;"SPRF-BA";"DEL01-BA";"UOP01-DEL01-BA"
195328;2019-03-05;"terça-feira";"22:30:00";"PR";373;184;"PONTA GROSSA";"Falta de Atenção à Condução";"Saída de leito carroçável";"Com Vítimas Feridas";"Plena Noite";"Crescente";"Chuva";"Simples";"Rotatória";"Não";2;0;1;0;0;1;1;2;-25,03902693;-50,2804327;"SPRF-PR";"DEL03-PR";"UOP01-DEL03-PR"
195331;2019-03-05;"terça-feira";"19:45:00";"PR";373;237,4;"IMBITUVA";"Velocidade Incompatível";"Saída de leito carroçável";"Com Vítimas Feridas";"Plena Noite";"Decrescente";"Céu Claro";"Simples";"Curva";"Não";1;0;0;1;0;0;1;1;-25,1851891;-50,73228787;"SPRF-PR";"DEL03-PR";"UOP01-DEL03-PR"
195334;2019-03-06;"quarta-feira";"05:05:00";"PR";116;52,5;"CAMPINA GRANDE DO SUL";"Condutor Dormindo";"Colisão traseira";"Com Vítimas Feridas";"Amanhecer";"Decrescente";"Nevoeiro/Neblina";"Dupla";"Reta;Aclive";"Sim";3;0;0;1;1;1;1;3;-25,24905809;-48,90839593;"SPRF-PR";"DEL01-PR";"UOP02-DEL01-PR"