"id";"data_inversa";"dia_semana";"horario";"uf";"br";"km";"municipio";"causa_acidente";"tipo_acidente";"classificacao_acidente";"fase_dia";"sentido_via";"condicao_metereologica";"tipo_pista";"tracado_via";"uso_solo";"pessoas";"mortos";"feridos_leves";"feridos_graves";"ilesos";"ignorados";"feridos";"veiculos";"latitude";"longitude";"regional";"delegacia";"uop"
195335;2019-03-06;"quarta-feira";"03:30:00";"MG";40;530;"CONTAGEM";"Ingestão de álcool e/ou substâncias psicoativas pelo pedestre";"Colisão traseira";"Sem Vítimas";"Plena Noite";"Crescente";"Céu Claro";"Dupla";"Reta";"Sim";3;0;0;0;1;2;0;3;-19,92064782;-44,0335681;"SPRF-MG";"DEL01-MG";"UOP03-DEL01-MG"
195337;2019-03-06;"quarta-feira";"04:45:00";"RS";293;99,6;"PINHEIRO MACHADO";"Falta de Atenção à Condução";"Tombamento";"Sem Vítimas";"Amanhecer";"Decrescente";"Nublado";"Simples";"Curva";"Não";2;0;0;0;1;2;0;3;-31,60807108;-53,30104702;"SPRF-RS";"DEL11-RS";"UOP03-DEL11-RS"
195340;2019-03-06;"quarta-feira";"06:40:00";"GO";452;42,5;"SANTA HELENA DE GOIAS";"Defeito Mecânico no Veículo";"Incêndio";"Sem Vítimas";"Pleno dia";"Crescente";"Céu Claro";"Simples";"Reta";"Não";2;0;0;0;1;2;0;3;-17,93427191;-50,54299896;"SPRF-GO";"DEL04-GO";"UOP01-DEL04-GO"
195342;2019-03-06;"quarta-feira";"05:30:00";"PR";277;501,2;"GUARANIACU";"Ultrapassagem Indevida";"Colisão frontal";"Com Vítimas Feridas";"Pleno dia";"Decrescente";"Céu Claro";"Simples";"Curva";"Não";4;0;2;0;2;0;2;3;-25,163989;-52,69176;"SPRF-PR";"DEL04-PR";"UOP04-DEL04-PR"
195345;2019-02-23;"sábado";"15:40:00";"MS";163;171,4;"JUTI";"Desobediência às normas de trânsito pelo condutor";"Colisão transversal";"Sem Vítimas";"Pleno dia";"Crescente";"Sol";"Simples";"Interseção de Vias;Curva";"Sim";3;0;0;0;1;3;0;4;-22,86829092;-54,60500306;"SPRF-MS";"DEL09-MS";"UOP01-DEL09-MS"
195347;2019-03-06;"quarta-feira";"07:30:00";"RS";448;0;"SAPUCAIA DO SUL";"Velocidade Incompatível";"Tombamento";"Sem Vítimas";"Pleno dia";"Decrescente";"Nublado";"Dupla";"Curva";"Sim";2;0;0;0;1;1;0;2;-29,827246;-51,173317;"SPRF-RS";"DEL01-RS";"UOP02-DEL01-RS"
195348;2019-03-06;"quarta-feira";"07:10:00";"GO";50;185,9;"CAMPO ALEGRE DE GOIAS";"Ingestão de Álcool";"Colisão traseira";"Com Vítimas Feridas";"Pleno dia";"Decrescente";"Céu Claro";"Dupla";"Reta";"Não";3;0;0;1;1;2;1;4;-17,4498;-47,805;"SPRF-GO";"DEL06-GO";"UOP01-DEL06-GO"
195351;2019-03-06;"quarta-feira";"08:30:00";"SC";282;21,3;"PALHOCA";"Falta de Atenção à Condução";"Colisão traseira";"Com Vítimas Feridas";"Pleno dia";"Crescente";"Céu Claro";"Simples";"Reta";"Sim";3;0;1;0;2;0;1;2;-27,68907;-48,717541;"SPRF-SC";"DEL01-SC";"UOP02-DEL01-SC"
195359;2019-03-06;"quarta-feira";"09:05:00";"RS";386;317,4;"MARQUES DE SOUZA";"Condutor Dormindo";"Colisão frontal";"Com Vítimas Fatais";"Pleno dia";"Decrescente";"Nublado";"Simples";"Reta";"Não";7;1;3;1;1;1;4;3;-29,263786;-52,145988;"SPRF-RS";"DEL04-RS";"UOP01-DEL04-RS"
195370;2019-03-06;"quarta-feira";"10:00:00";"PR";116;0,5;"CAMPINA GRANDE DO SUL";"Falta de Atenção à Condução";"Saída de leito carroçável";"Sem Vítimas";"Pleno dia";"Decrescente";"Céu Claro";"Dupla";"Curva;Declive";"Não";1;0;0;0;1;0;0;1;-25,0604;-48,562973;"SPRF-PR";"DEL01-PR";"UOP02-DEL01-PR"
195372;2019-03-06;"quarta-feira";"11:51:00";"PR";369;198,6;"APUCARANA";"Falta de Atenção do Pedestre";"Atropelamento de Pedestre";"Com Vítimas Feridas";"Pleno dia";"Crescente";"Céu Claro";"Simples";"Reta";"Sim";4;0;0;1;1;2;1;3;-23,531246;-51,452992;"SPRF-PR";"DEL07-PR";"UOP03-DEL07-PR"
195376;2019-03-06;"quarta-feira";"10:00:00";"PR";476;125;"CURITIBA";"Falta de Atenção à Condução";"Colisão transversal";"Com Vítimas Feridas";"Pleno dia";"Crescente";"Sol";"Múltipla";"Reta";"Sim";4;0;1;0;2;2;1;4;-25,4083;-49,219658;"SPRF-PR";"DEL01-PR";"UOP07-DEL01-PR"
195386;2019-03-06;"quarta-feira";"12:50:00";"MG";381;524,2;"BRUMADINHO";"Falta de Atenção à Condução";"Colisão traseira";"Com Vítimas Feridas";"Pleno dia";"Decrescente";"Nublado";"Dupla";"Reta";"Não";2;0;0;1;0;1;1;2;-20,160736;-44,329843;"SPRF-MG";"DEL04-MG";"UOP03-DEL04-MG"
195388;2019-03-06;"quarta-feira";"11:50:00";"MG";50;70,2;"UBERLANDIA";"Desobediência às normas de trânsito pelo pedestre";"Atropelamento de Pedestre";"Com Vítimas Feridas";"Pleno dia";"Decrescente";"Céu Claro";"Dupla";"Reta";"Sim";2;0;0;1;1;0;1;2;-18,85140204;-48,25345932;"SPRF-MG";"DEL15-MG";"UOP01-DEL15-MG"
195406;2019-03-06;"quarta-feira";"14:00:00";"RS";471;165;"RIO PARDO";"Falta de Atenção à Condução";"Colisão traseira";"Com Vítimas Feridas";"Pleno dia";"Decrescente";"Céu Claro";"Simples";"Aclive";"Não";2;0;1;0;1;0;1;2;-29,947697;-52,380466;"SPRF-RS";"DEL02-RS";"UOP02-DEL02-RS"
195407;2019-03-06;"quarta-feira";"07:50:00";"RS";290;187,4;"MINAS DO LEAO";"Defeito Mecânico no Veículo";"Capotamento";"Sem Vítimas";"Pleno dia";"Decrescente";"Sol";"Simples";"Aclive;Reta";"Não";2;0;0;0;1;1;0;2;-30,152441;-52,083591;"SPRF-RS";"DEL02-RS";"UOP02-DEL02-RS"
195414;2019-03-06;"quarta-feira";"14:20:00";"PR";376;528,9;"PONTA GROSSA";"Desobediência às normas de trânsito pelo condutor";"Colisão lateral";"Com Vítimas Feridas";"Pleno dia";"Crescente";"Nublado";"Dupla";"Reta";"Não";3;0;0;1;1;1;1;3;-25,2871997;-49,90451843;"SPRF-PR";"DEL03-PR";"UOP04-DEL03-PR"
195418;2019-03-06;"quarta-feira";"13:00:00";"PR";277;410,8;"CANDOI";"Falta de Atenção à Condução";"Tombamento";"Com Vítimas Feridas";"Pleno dia";"Crescente";"Céu Claro";"Simples";"Curva";"Não";3;0;1;1;0;1;2;2;-25,43184986;-52,00714351;"SPRF-PR";"DEL04-PR";"UOP02-DEL04-PR"
195427;2019-03-06;"quarta-feira";"14:45:00";"PR";277;12,1;"PARANAGUA";"Defeito Mecânico no Veículo";"Incêndio";"Sem Vítimas";"Pleno dia";"Decrescente";"Céu Claro";"Dupla";"Reta";"Não";2;0;0;0;1;2;0;3;-25,568198;-48,615292;"SPRF-PR";"DEL01-PR";"UOP05-DEL01-PR"
195429;2019-03-06;"quarta-feira";"15:55:00";"GO";153;603,3;"MORRINHOS";"Defeito Mecânico no Veículo";"Tombamento";"Com Vítimas Feridas";"Pleno dia";"Decrescente";"Chuva";"Dupla";"Interseção de Vias;Reta;Declive";"Não";1;0;1;0;0;0;1;1;-17,5779;-49,1974;"SPRF-GO";"DEL03-GO";"UOP01-DEL03-GO"
195435;2019-03-06;"quarta-feira";"16:00:00";"PR";376;474,3;"PONTA GROSSA";"Defeito na Via";"Colisão com objeto estático";"Com Vítimas Feridas";"Pleno dia";"Decrescente";"Chuva";"Dupla";"Curva";"Não";11;0;2;4;3;2;6;6;-25,02479524;-50,32115936;"SPRF-PR";"DEL03-PR";"UOP01-DEL03-PR"
195438;2019-03-06;"quarta-feira";"16:00:00";"ES";262;0,6;"VITORIA";"Falta de Atenção à Condução";"Colisão lateral";"Sem Vítimas";"Pleno dia";"Decrescente";"Céu Claro";"Dupla";"Ponte";"Sim";2;0;0;0;2;0;0;2;-20,3228383;-40,35407804;"SPRF-ES";"DEL01-ES";"UOP01-DEL01-ES"
195445;2019-03-06;"quarta-feira";"13:00:00";"MS";163;14,9;"MUNDO NOVO";"Desobediência às normas de trânsito pelo condutor";"Tombamento";"Com Vítimas Feridas";"Pleno dia";"Decrescente";"Garoa/Chuvisco";"Simples";"Reta";"Sim";2;0;1;0;0;1;1;2;-23,95007428;-54,30870967;"SPRF-MS";"DEL09-MS";"UOP02-DEL09-MS"
195451;2019-03-06;"quarta-feira";"13:00:00";"SC";282;516,9;"XAXIM";"Condutor Dormindo";"Saída de leito carroçável";"Com Vítimas Feridas";"Pleno dia";"Decrescente";"Sol";"Simples";"Reta";"Não";2;0;1;0;0;1;1;2;-26,930862;-52,499157;"SPRF-SC";"DEL07-SC";"UOP01-DEL07-SC"
195454;2019-03-06;"quarta-feira";"16:30:00";"RJ";116;228;"PIRAI";"Falta de Atenção à Condução";"Colisão traseira";"Sem Vítimas";"Pleno dia";"Decrescente";"Chuva";"Simples";"Curva";"Não";4;0;0;0;3;1;0;4;-22,660623;-43,82667;"SPRF-RJ";"DEL07-RJ";"UOP01-DEL07-RJ"
195457;2019-03-06;"quarta-feira";"18:00:00";"BA";101;896;"NOVA VICOSA";"Sinalização da via insuficiente ou inadequada";"Capotamento";"Sem Vítimas";"Plena Noite";"Crescente";"Céu Claro";"Simples";"Curva";"Não";3;0;0;0;2;1;0;2;-17,89587195;-39,81936412;"SPRF-BA";"DEL09-BA";"UOP02-DEL09-BA"
195458;2019-03-06;"quarta-feira";"17:35:00";"SC";280;55,7;"GUARAMIRIM";"Falta de Atenção à Condução";"Engavetamento";"Sem Vítimas";"Pleno dia";"Decrescente";"Chuva";"Simples";"Reta";"Sim";4;0;0;0;4;0;0;4;-26,47584353;-48,9937858;"SPRF-SC";"DEL03-SC";"UOP03-DEL03-SC"
195466;2019-03-06;"quarta-feira";"18:50:00";"SC";470;185,4;"POUSO REDONDO";"Pista Escorregadia";"Saída de leito carroçável";"Com Vítimas Feridas";"Plena Noite";"Decrescente";"Chuva";"Simples";"Reta";"Não";1;0;1;0;0;0;1;1;-27,254034;-50,036575;"SPRF-SC";"DEL04-SC";"UOP02-DEL04-SC"
195467;2019-03-06;"quarta-feira";"19:00:00";"SC";470;185,5;"POUSO REDONDO";"Defeito na Via";"Colisão traseira";"Com Vítimas Feridas";"Plena Noite";"Decrescente";"Chuva";"Simples";"Reta";"Não";3;0;1;0;2;0;1;3;-27,254034;-50,036575;"SPRF-SC";"DEL04-SC";"UOP02-DEL04-SC"
195469;2019-03-06;"quarta-feira";"18:40:00";"SC";101;117;"ITAJAI";"Defeito Mecânico no Veículo";"Queda de ocupante de veículo";"Com Vítimas Feridas";"Plena Noite";"Crescente";"Nublado";"Dupla";"Reta";"Não";4;0;1;1;1;1;2;3;-26,88747187;-48,72252969;"SPRF-SC";"DEL04-SC";"UOP04-DEL04-SC"
195471;2019-03-06;"quarta-feira";"18:40:00";"SP";381;82;"SAO PAULO";"Falta de Atenção à Condução";"Colisão traseira";"Com Vítimas Feridas";"Plena Noite";"Decrescente";"Garoa/Chuvisco";"Múltipla";"Reta";"Não";3;0;1;0;2;0;1;3;-23,44482133;-46,56829834;"SPRF-SP";"DEL03-SP";"UOP01-DEL03-SP"
195472;2019-03-06;"quarta-feira";"18:30:00";"SP";116;548,9;"BARRA DO TURVO";"Velocidade Incompatível";"Saída de leito carroçável";"Com Vítimas Feridas";"Plena Noite";"Crescente";"Chuva";"Dupla";"Curva";"Não";1;0;1;0;0;0;1;1;-24,9543124;-48,45133781;"SPRF-SP";"DEL05-SP";"UOP02-DEL05-SP"
195476;2019-03-06;"quarta-feira";"16:30:00";"MA";222;301,8;"VITORIA DO MEARIM";"Pista Escorregadia";"Colisão frontal";"Com Vítimas Feridas";"Pleno dia";"Decrescente";"Chuva";"Simples";"Reta";"Não";7;0;4;1;1;1;5;3;-3,50607593;-44,88339932;"SPRF-MA";"DEL02-MA";"UI04-DEL02-MA"
195479;2019-03-06;"quarta-feira";"19:55:00";"GO";60;30;"ALEXANIA";"Ingestão de Álcool";"Colisão traseira";"Sem Vítimas";"Plena Noite";"Decrescente";"Nublado";"Dupla";"Reta";"Sim";2;0;0;0;2;0;0;2;-16,09361269;-48,491292;"SPRF-DF";"DEL01-DF";"UOP01-DEL03-DF"
195483;2019-03-06;"quarta-feira";"19:10:00";"PA";10;76;"ULIANOPOLIS";"Deficiência ou não Acionamento do Sistema de Iluminação/Sinalização do Veículo";"Colisão traseira";"Com Vítimas Feridas";"Plena Noite";"Crescente";"Nublado";"Simples";"Reta";"Sim";4;0;2;0;1;1;2;3;-3,78238206;-47,50497977;"SPRF-PA";"DEL02-PA";"UOP02-DEL02-PA"
195485;2019-03-06;"quarta-feira";"18:50:00";"RJ";116;213;"SEROPEDICA";"Defeito Mecânico no Veículo";"Incêndio";"Sem Vítimas";"Plena Noite";"Crescente";"Céu Claro";"Dupla";"Reta";"Não";2;0;0;0;1;1;0;2;-22,713438;-43,734085;"SPRF-RJ";"DEL01-RJ";"UOP03-DEL01-RJ"
195487;2019-03-06;"quarta-feira";"16:50:00";"RO";364;10;"VILHENA";"Desobediência às normas de trânsito pelo condutor";"Colisão traseira";"Com Vítimas Feridas";"Pleno dia";"Crescente";"Nublado";"Dupla";"Reta";"Sim";3;0;1;0;2;0;1;2;-12,75194006;-60,10600907;"SPRF-RO";"DEL04-RO";"UOP01-DEL04-RO"
195489;2019-02-08;"sexta-feira";"00:45:00";"PR";476;248,8;"LAPA";"Velocidade Incompatível";"Tombamento";"Com Vítimas Feridas";"Plena Noite";"Crescente";"Nublado";"Múltipla";"Curva";"Não";2;0;0;1;0;1;1;2;-25,86219712;-50,13696671;"SPRF-PR";"DEL02-PR";"UOP04-DEL02-PR"
195490;2019-03-06;"quarta-feira";"14:20:00";"MT";70;241,2;"POXOREO";"Falta de Atenção à Condução";"Saída de leito carroçável";"Com Vítimas Feridas";"Pleno dia";"Decrescente";"Céu Claro";"Simples";"Curva";"Não";2;0;1;0;0;2;1;3;-15,61807719;-54,03831482;"SPRF-MT";"DEL05-MT";"UOP01-DEL05-MT"
195494;2019-03-06;"quarta-feira";"20:25:00";"MG";40;648,4;"CRISTIANO OTONI";"Desobediência às normas de trânsito pelo condutor";"Colisão transversal";"Com Vítimas Feridas";"Plena Noite";"Crescente";"Céu Claro";"Simples";"Reta";"Não";3;0;1;0;1;1;1;3;-20,80885498;-43,80831265;"SPRF-MG";"DEL05-MG";"UOP02-DEL05-MG"
195496;2019-03-06;"quarta-feira";"21:00:00";"GO";364;8,3;"SAO SIMAO";"Falta de Atenção à Condução";"Colisão transversal";"Com Vítimas Feridas";"Pleno dia";"Crescente";"Nublado";"Simples";"Reta";"Não";3;0;2;0;1;0;2;2;-18,99708968;-50,56448048;"SPRF-GO";"DEL05-GO";"UOP02-DEL05-GO"
195498;2019-03-06;"quarta-feira";"20:20:00";"MG";365;825,7;"SANTA VITORIA";"Defeito na Via";"Saída de leito carroçável";"Com Vítimas Feridas";"Plena Noite";"Crescente";"Nublado";"Simples";"Curva";"Não";1;0;1;0;0;0;1;1;-18,88297757;-50,14140179;"SPRF-MG";"DEL15-MG";"UOP03-DEL15-MG"
195499;2019-03-06;"quarta-feira";"22:00:00";"GO";60;33,9;"ALEXANIA";"Falta de Atenção à Condução";"Colisão traseira";"Com Vítimas Feridas";"Plena Noite";"Decrescente";"Nublado";"Dupla";"Aclive;Reta";"Sim";3;0;1;1;1;0;2;2;-16,0963;-48,5202;"SPRF-DF";"DEL01-DF";"UOP01-DEL03-DF"
195500;2019-03-06;"quarta-feira";"21:40:00";"SP";381;49,4;"ATIBAIA";"Falta de Atenção à Condução";"Colisão traseira";"Com Vítimas Feridas";"Plena Noite";"Crescente";"Garoa/Chuvisco";"Dupla";"Reta";"Sim";3;0;1;0;1;1;1;3;-23,21033846;-46,59259915;"SPRF-SP";"DEL03-SP";"UOP01-DEL03-SP"
195508;2019-03-06;"quarta-feira";"20:10:00";"MT";364;311;"CAMPO VERDE";"Falta de Atenção à Condução";"Colisão transversal";"Com Vítimas Feridas";"Plena Noite";"Crescente";"Céu Claro";"Dupla";"Reta";"Não";4;0;1;0;2;2;1;4;-15,81397503;-55,247677;"SPRF-MT";"DEL02-MT";"UOP02-DEL05-MT"
195509;2019-03-07;"quinta-feira";"00:30:00";"MG";381;405;"BOM JESUS DO AMPARO";"Defeito Mecânico no Veículo";"Saída de leito carroçável";"Com Vítimas Feridas";"Plena Noite";"Crescente";"Céu Claro";"Simples";"Curva";"Não";1;0;0;1;0;0;1;1;-19,74358347;-43,55101725;"SPRF-MG";"DEL01-MG";"UOP01-DEL01-MG"
195510;2019-03-06;"quarta-feira";"23:05:00";"SC";153;81;"IRANI";"Velocidade Incompatível";"Saída de leito carroçável";"Com Vítimas Feridas";"Plena Noite";"Decrescente";"Chuva";"Simples";"Curva";"Não";2;0;1;0;0;2;1;3;-27,120626;-51,922867;"SPRF-SC";"DEL07-SC";"UOP04-DEL07-SC"
195511;2019-03-07;"quinta-feira";"03:30:00";"PR";376;183;"SARANDI";"Desobediência às normas de trânsito pelo pedestre";"Atropelamento de Pedestre";"Com Vítimas Feridas";"Plena Noite";"Decrescente";"Nublado";"Dupla";"Reta";"Sim";3;0;0;1;1;1;1;3;-23,44159097;-51,87067398;"SPRF-PR";"DEL07-PR";"UOP01-DEL09-PR"
195512;2019-03-06;"quarta-feira";"16:40:00";"MT";364;276;"JACIARA";"Defeito Mecânico no Veículo";"Colisão traseira";"Com Vítimas Feridas";"Pleno dia";"Decrescente";"Sol";"Simples";"Reta";"Não";8;0;0;1;6;9;1;16;-15,95344474;-54,99098104;"SPRF-MT";"DEL02-MT";"UOP02-DEL05-MT"
195514;2019-03-06;"quarta-feira";"21:20:00";"MT";364;310,8;"JACIARA";"Falta de Atenção à Condução";"Colisão traseira";"Com Vítimas Fatais";"Plena Noite";"Crescente";"Ignorado";"Dupla";"Reta";"Não";5;1;1;0;2;6;1;10;-15,81540349;-55,23875092;"SPRF-MT";"DEL02-MT";"UOP02-DEL05-MT"
195515;2019-03-07;"quinta-feira";"04:30:00";"RJ";116;198;"QUEIMADOS";"Objeto estático sobre o leito carroçável";"Tombamento";"Com Vítimas Feridas";"Plena Noite";"Crescente";"Céu Claro";"Dupla";"Reta";"Não";1;0;1;0;0;0;1;1;-22,72952183;-43,57481597;"SPRF-RJ";"DEL01-RJ";"UOP03-DEL01-RJ"
195524;2019-03-07;"quinta-feira";"06:50:00";"SC";470;50,2;"BLUMENAU";"Desobediência às normas de trânsito pelo condutor";"Colisão transversal";"Com Vítimas Feridas";"Pleno dia";"Decrescente";"Nublado";"Simples";"Interseção de Vias";"Não";2;0;1;0;1;0;1;2;-26,860662;-49,065159;"SPRF-SC";"DEL04-SC";"UOP01-DEL04-SC"
195525;2019-03-07;"quinta-feira";"05:10:00";"RR";401;2;"BOA VISTA";"Falta de Atenção à Condução";"Colisão lateral";"Com Vítimas Feridas";"Amanhecer";"Crescente";"Céu Claro";"Simples";"Ponte";"Sim";2;0;0;1;1;0;1;2;2,79809718;-60,6745759;"SPRF-RR";"DEL01-RR";"UOP01-DEL01-RR"
195527;2019-03-07;"quinta-feira";"06:40:00";"MG";381;674,5;"PERDOES";"Velocidade Incompatível";"Tombamento";"Com Vítimas Feridas";"Pleno dia";"Crescente";"Céu Claro";"Dupla";"Curva;Declive";"Não";2;0;0;1;0;1;1;2;-21,08922774;-45,06786069;"SPRF-MG";"DEL04-MG";"UOP02-DEL04-MG"
195531;2019-03-07;"quinta-feira";"08:15:00";"GO";40;8,2;"VALPARAISO DE GOIAS";"Desobediência às normas de trânsito pelo condutor";"Colisão transversal";"Sem Vítimas";"Pleno dia";"Decrescente";"Céu Claro";"Dupla";"Reta";"Sim";2;0;0;0;2;0;0;2;-16,116158;-47,96761;"SPRF-DF";"DEL01-DF";"UOP01-DEL01-DF"
195533;2019-03-07;"quinta-feira";"01:30:00";"MG";381;889,3;"CAMBUI";"Velocidade Incompatível";"Saída de leito carroçável";"Sem Vítimas";"Plena Noite";"Crescente";"Nublado";"Dupla";"Curva";"Não";1;0;0;0;1;0;0;1;-22,57874206;-46,04473491;"SPRF-MG";"DEL16-MG";"UOP03-DEL16-MG"
195534;2019-03-07;"quinta-feira";"06:45:00";"PR";476;148;"ARAUCARIA";"Falta de Atenção à Condução";"Colisão traseira";"Sem Vítimas";"Pleno dia";"Crescente";"Chuva";"Dupla";"Reta";"Não";3;0;0;0;2;2;0;4;-25,557121;-49,348732;"SPRF-PR";"DEL01-PR";"UOP06-DEL01-PR"
195537;2019-03-07;"quinta-feira";"07:35:00";"PR";163;273,1;"QUATRO PONTES";"Ultrapassagem Indevida";"Saída de leito carroçável";"Com Vítimas Feridas";"Amanhecer";"Decrescente";"Nublado";"Simples";"Reta";"Não";3;0;1;0;1;2;1;4;-24,61125308;-53,95455801;"SPRF-PR";"DEL04-PR";"UOP01-DEL04-PR"
195544;2019-03-07;"quinta-feira";"07:10:00";"MS";163;626;"SAO GABRIEL DO OESTE";"Defeito Mecânico no Veículo";"Incêndio";"Com Vítimas Feridas";"Pleno dia";"Decrescente";"Sol";"Dupla";"Reta";"Não";2;0;1;0;0;2;1;3;-19,308123;-54,623557;"SPRF-MS";"DEL06-MS";"UOP02-DEL06-MS"
195548;2019-02-13;"quarta-feira";"07:30:00";"PR";277;410;"CANDOI";"Velocidade Incompatível";"Tombamento";"Sem Vítimas";"Pleno dia";"Crescente";"Nublado";"Simples";"Curva";"Não";2;0;0;0;1;2;0;3;-25,43184986;-52,00714351;"SPRF-PR";"DEL04-PR";"UOP02-DEL04-PR"
195551;2019-03-06;"quarta-feira";"20:05:00";"PR";476;211,7;"LAPA";"Desobediência às normas de trânsito pelo condutor";"Colisão frontal";"Com Vítimas Feridas";"Plena Noite";"Crescente";"Chuva";"Simples";"Reta";"Não";4;0;0;1;2;1;1;4;-25,7841;-49,857063;"SPRF-PR";"DEL02-PR";"UOP04-DEL02-PR"
195557;2019-03-03;"domingo";"08:15:00";"BA";101;618;"MASCOTE";"Velocidade Incompatível";"Tombamento";"Com Vítimas Feridas";"Pleno dia";"Crescente";"Céu Claro";"Simples";"Curva";"Não";2;0;1;0;0;1;1;2;-15,75042705;-39,4801369;"SPRF-BA";"DEL05-BA";"UOP02-DEL05-BA"
195561;2019-03-07;"quinta-feira";"09:20:00";"CE";116;28,9;"ITAITINGA";"Falta de Atenção à Condução";"Colisão traseira";"Com Vítimas Feridas";"Pleno dia";"Crescente";"Nublado";"Dupla";"Reta";"Sim";4;0;2;0;2;0;2;2;-3,993072;-38,516277;"SPRF-CE";"DEL01-CE";"UOP02-DEL01-CE"
195565;2019-03-07;"quinta-feira";"08:30:00";"SC";282;111;"ALFREDO WAGNER";"Velocidade Incompatível";"Colisão frontal";"Com Vítimas Feridas";"Pleno dia";"Crescente";"Chuva";"Simples";"Curva";"Não";4;0;2;0;2;0;2;3;-27,733616;-49,367538;"SPRF-SC";"DEL01-SC";"UOP03-DEL01-SC"
195567;2019-03-07;"quinta-feira";"10:25:00";"PR";369;39;"ANDIRA";"Desobediência às normas de trânsito pelo condutor";"Queda de ocupante de veículo";"Com Vítimas Feridas";"Pleno dia";"Crescente";"Nublado";"Simples";"Interseção de Vias";"Não";3;0;1;0;2;0;1;3;-23,0585686;-50,24846077;"SPRF-PR";"DEL07-PR";"UOP05-DEL07-PR"
195569;2019-03-07;"quinta-feira";"09:10:00";"SC";280;56,3;"GUARAMIRIM";"Falta de Atenção à Condução";"Colisão transversal";"Com Vítimas Feridas";"Pleno dia";"Crescente";"Garoa/Chuvisco";"Simples";"Interseção de Vias";"Sim";2;0;0;1;1;0;1;2;-26,47944683;-49,00593281;"SPRF-SC";"DEL03-SC";"UOP03-DEL03-SC"
195572;2019-03-07;"quinta-feira";"12:10:00";"RJ";493;20;"MAGE";"Falta de Atenção à Condução";"Colisão transversal";"Com Vítimas Feridas";"Pleno dia";"Crescente";"Céu Claro";"Simples";"Reta";"Sim";3;0;2;0;1;0;2;2;-22,663639;-43,036495;"SPRF-RJ";"DEL04-RJ";"UOP02-DEL04-RJ"
195587;2019-03-07;"quinta-feira";"14:10:00";"PE";232;75;"GRAVATA";"Objeto estático sobre o leito carroçável";"Incêndio";"Sem Vítimas";"Pleno dia";"Decrescente";"Sol";"Dupla";"Reta";"Não";2;0;0;0;2;0;0;2;-8,19737799;-35,525476;"SPRF-PE";"DEL01-PE";"UOP02-DEL02PE"
195588;2019-03-07;"quinta-feira";"14:00:00";"RJ";116;285,5;"BARRA MANSA";"Falta de Atenção à Condução";"Colisão com objeto estático";"Com Vítimas Feridas";"Pleno dia";"Crescente";"Céu Claro";"Dupla";"Curva";"Sim";3;0;1;0;2;0;1;2;-22,50496778;-44,22509483;"SPRF-RJ";"DEL07-RJ";"UOP02-DEL07-RJ"
195589;2019-03-07;"quinta-feira";"14:30:00";"RN";304;43,8;"MOSSORO";"Não guardar distância de segurança";"Colisão traseira";"Com Vítimas Feridas";"Pleno dia";"Crescente";"Nublado";"Dupla";"Reta";"Não";2;0;0;1;0;1;1;2;-5,21815835;-37,36500124;"SPRF-RN";"DEL04-RN";"UOP01-DEL04-RN"
195591;2019-03-07;"quinta-feira";"14:50:00";"MG";40;576;"ITABIRITO";"Falta de Atenção à Condução";"Colisão transversal";"Com Vítimas Feridas";"Pleno dia";"Crescente";"Céu Claro";"Dupla";"Reta";"Não";4;0;2;0;1;1;2;3;-20,26485707;-43,9573481;"SPRF-MG";"DEL01-MG";"UOP02-DEL01-MG"
195592;2019-03-07;"quinta-feira";"14:45:00";"RS";386;5;"IRAI";"Falta de Atenção à Condução";"Colisão lateral";"Com Vítimas Feridas";"Pleno dia";"Decrescente";"Chuva";"Simples";"Reta";"Sim";2;0;0;1;1;0;1;2;-27,190504;-53,265858;"SPRF-RS";"DEL08-RS";"UOP02-DEL08-RS"
195602;2019-03-07;"quinta-feira";"15:30:00";"RJ";40;112;"DUQUE DE CAXIAS";"Desobediência às normas de trânsito pelo condutor";"Atropelamento de Pedestre";"Com Vítimas Fatais";"Pleno dia";"Crescente";"Céu Claro";"Múltipla";"Reta";"Sim";4;1;1;0;1;1;1;3;-22,7004454;-43,29014851;"SPRF-RJ";"DEL01-RJ";"UOP01-DEL01-RJ"
195607;2019-03-07;"quinta-feira";"16:30:00";"SP";116;128,5;"CACAPAVA";"Falta de Atenção à Condução";"Engavetamento";"Com Vítimas Feridas";"Pleno dia";"Decrescente";"Chuva";"Dupla";"Reta";"Sim";4;0;0;1;2;2;1;5;-23,11454664;-45,71105567;"SPRF-SP";"DEL06-SP";"UOP02-DEL02-SP"
195611;2019-03-07;"quinta-feira";"16:30:00";"MA";230;7,1;"BARAO DE GRAJAU";"Falta de Atenção à Condução";"Saída de leito carroçável";"Com Vítimas Feridas";"Pleno dia";"Decrescente";"Céu Claro";"Simples";"Reta";"Não";2;0;1;0;0;1;1;2;-6,73917454;-43,0675607;"SPRF-PI";"DEL03-PI";"UOP01-DEL03-PI"
195618;2019-03-07;"quinta-feira";"09:30:00";"SC";116;265;"CAPAO ALTO";"Falta de Atenção à Condução";"Colisão lateral";"Com Vítimas Feridas";"Pleno dia";"Decrescente";"Nublado";"Simples";"Curva";"Não";2;0;0;1;1;0;1;2;-27,93678308;-50,47036393;"SPRF-SC";"DEL05-SC";"UOP02-DEL05-SC"