"id";"data_inversa";"dia_semana";"horario";"uf";"br";"km";"municipio";"causa_acidente";"tipo_acidente";"classificacao_acidente";"fase_dia";"sentido_via";"condicao_metereologica";"tipo_pista";"tracado_via";"uso_solo";"pessoas";"mortos";"feridos_leves";"feridos_graves";"ilesos";"ignorados";"feridos";"veiculos";"latitude";"longitude";"regional";"delegacia";"uop"
195619;2019-03-07;"quinta-feira";"17:05:00";"GO";60;181;"ABADIA DE GOIAS";"Falta de Atenção à Condução";"Colisão traseira";"Sem Vítimas";"Pleno dia";"Crescente";"Chuva";"Dupla";"Reta";"Não";2;0;0;0;1;1;0;2;-16,7709;-49,4844;"SPRF-GO";"DEL01-GO";"UOP02-DEL01-GO"
195625;2019-03-07;"quinta-feira";"16:00:00";"RS";386;178;"CARAZINHO";"Falta de Atenção do Pedestre";"Atropelamento de Pedestre";"Com Vítimas Feridas";"Pleno dia";"Decrescente";"Nublado";"Simples";"Reta";"Não";2;0;1;0;1;0;1;2;-28,2883;-52,759373;"SPRF-RS";"DEL08-RS";"UOP01-DEL08-RS"
195639;2019-03-07;"quinta-feira";"19:45:00";"RS";116;530,1;"CAPAO DO LEAO";"Desobediência às normas de trânsito pelo condutor";"Colisão transversal";"Com Vítimas Feridas";"Plena Noite";"Decrescente";"Céu Claro";"Simples";"Interseção de Vias";"Sim";4;0;1;1;1;1;2;3;-31,7590834;-52,43687971;"SPRF-RS";"DEL07-RS";"UOP01-DEL07-RS"
195652;2019-03-07;"quinta-feira";"21:30:00";"PA";10;114;"PARAGOMINAS";"Falta de Atenção à Condução";"Saída de leito carroçável";"Com Vítimas Feridas";"Plena Noite";"Crescente";"Céu Claro";"Simples";"Ponte";"Não";1;0;1;0;0;0;1;1;-3,442999;-47,460514;"SPRF-PA";"DEL02-PA";"UOP02-DEL02-PA"
195655;2019-03-07;"quinta-feira";"22:00:00";"RS";386;445,2;"CANOAS";"Pista Escorregadia";"Tombamento";"Sem Vítimas";"Plena Noite";"Crescente";"Garoa/Chuvisco";"Dupla";"Reta";"Não";1;0;0;0;1;0;0;1;-29,892885;-51,192703;"SPRF-RS";"DEL01-RS";"UOP01-DEL01-RS"
195657;2019-03-07;"quinta-feira";"22:55:00";"MG";365;480;"PATROCINIO";"Falta de Atenção à Condução";"Tombamento";"Com Vítimas Feridas";"Plena Noite";"Crescente";"Céu Claro";"Simples";"Reta";"Não";2;0;1;0;0;1;1;2;-18,89211322;-47,06972105;"SPRF-MG";"DEL10-MG";"UOP01-DEL10-MG"
195661;2019-03-07;"quinta-feira";"22:15:00";"TO";226;1,2;"AGUIARNOPOLIS";"Falta de Atenção à Condução";"Colisão frontal";"Sem Vítimas";"Plena Noite";"Crescente";"Nublado";"Simples";"Aclive;Reta";"Sim";3;0;0;0;2;3;0;5;-6,561846;-47,467415;"SPRF-TO";"DEL02-TO";"UOP03-DEL02-TO"
195663;2019-03-07;"quinta-feira";"21:40:00";"GO";60;333;"SANTO ANTONIO DA BARRA";"Avarias e/ou desgaste excessivo no pneu";"Incêndio";"Com Vítimas Feridas";"Plena Noite";"Decrescente";"Céu Claro";"Dupla";"Aclive";"Não";1;0;1;0;0;0;1;1;-17,5502;-50,5451;"SPRF-GO";"DEL04-GO";"UOP01-DEL04-GO"
195669;2019-03-08;"sexta-feira";"01:20:00";"SC";470;59;"BLUMENAU";"Ingestão de Álcool";"Colisão frontal";"Com Vítimas Feridas";"Plena Noite";"Crescente";"Nublado";"Simples";"Curva";"Não";3;0;0;1;1;1;1;3;-26,882812;-49,1548;"SPRF-SC";"DEL04-SC";"UOP01-DEL04-SC"
195672;2019-03-08;"sexta-feira";"04:00:00";"SP";116;342;"MIRACATU";"Condutor Dormindo";"Saída de leito carroçável";"Sem Vítimas";"Plena Noite";"Decrescente";"Nublado";"Dupla";"Reta";"Não";1;0;0;0;1;0;0;1;-24,01587182;-47,16799736;"SPRF-SP";"DEL04-SP";"UOP03-DEL04-SP"
195674;2019-03-08;"sexta-feira";"05:20:00";"RJ";101;94;"CAMPOS DOS GOYTACAZES";"Falta de Atenção à Condução";"Colisão traseira";"Com Vítimas Feridas";"Amanhecer";"Decrescente";"Céu Claro";"Dupla";"Reta";"Não";3;0;0;2;0;1;2;2;-21,86517883;-41,53963896;"SPRF-RJ";"DEL08-RJ";"UOP02-DEL08-RJ"
195675;2019-03-08;"sexta-feira";"05:30:00";"MG";381;932,3;"EXTREMA";"Defeito Mecânico no Veículo";"Tombamento";"Sem Vítimas";"Plena Noite";"Crescente";"Nublado";"Dupla";"Curva";"Não";2;0;0;0;1;3;0;4;-22,81198015;-46,28431295;"SPRF-MG";"DEL16-MG";"UOP03-DEL16-MG"
195678;2019-03-08;"sexta-feira";"06:15:00";"ES";101;144,9;"LINHARES";"Falta de Atenção à Condução";"Colisão lateral";"Com Vítimas Feridas";"Pleno dia";"Decrescente";"Céu Claro";"Múltipla";"Interseção de Vias";"Sim";8;0;3;2;2;2;5;5;-19,36089598;-40,06464018;"SPRF-ES";"DEL04-ES";"UOP01-DEL04-ES"
195682;2019-03-08;"sexta-feira";"06:15:00";"RS";392;26,5;"RIO GRANDE";"Condutor Dormindo";"Saída de leito carroçável";"Com Vítimas Feridas";"Pleno dia";"Crescente";"Céu Claro";"Dupla";"Curva";"Não";1;0;1;0;0;0;1;1;-32,07835445;-52,25665029;"SPRF-RS";"DEL07-RS";"UOP02-DEL07-RS"
195694;2019-03-08;"sexta-feira";"07:30:00";"PR";376;528;"PONTA GROSSA";"Desobediência às normas de trânsito pelo condutor";"Colisão traseira";"Com Vítimas Feridas";"Pleno dia";"Crescente";"Chuva";"Dupla";"Aclive;Reta";"Não";3;0;2;0;0;1;2;2;-25,33411669;-49,85609969;"SPRF-PR";"DEL03-PR";"UOP04-DEL03-PR"
195697;2019-03-08;"sexta-feira";"08:30:00";"PE";408;61,9;"CARPINA";"Ultrapassagem Indevida";"Colisão frontal";"Com Vítimas Fatais";"Pleno dia";"Decrescente";"Céu Claro";"Simples";"Curva";"Não";2;1;0;0;1;0;0;2;-7,835165;-35,244032;"SPRF-PE";"DEL01-PE";"UOP01-DEL01-PE"
195700;2019-03-08;"sexta-feira";"08:12:00";"PR";476;141;"CURITIBA";"Defeito Mecânico no Veículo";"Danos eventuais";"Com Vítimas Feridas";"Pleno dia";"Crescente";"Garoa/Chuvisco";"Múltipla";"Reta";"Sim";4;0;1;0;1;2;1;3;-25,528614;-49,298798;"SPRF-PR";"DEL01-PR";"UOP07-DEL01-PR"
195705;2019-03-08;"sexta-feira";"08:45:00";"RS";386;264,6;"FONTOURA XAVIER";"Avarias e/ou desgaste excessivo no pneu";"Colisão frontal";"Com Vítimas Feridas";"Pleno dia";"Decrescente";"Chuva";"Simples";"Curva";"Não";5;0;3;0;1;2;3;5;-28,93729388;-52,37597823;"SPRF-RS";"DEL04-RS";"NPF/DEL04-RS"
195706;2019-03-08;"sexta-feira";"08:50:00";"PR";369;141;"IBIPORA";"Velocidade Incompatível";"Tombamento";"Com Vítimas Feridas";"Pleno dia";"Crescente";"Céu Claro";"Simples";"Interseção de Vias;Curva;Rotatória";"Sim";2;0;1;0;0;1;1;2;-23,27648926;-51,06234846;"SPRF-PR";"DEL07-PR";"UOP01-DEL07-PR"
195708;2019-03-08;"sexta-feira";"01:30:00";"BA";242;227;"ITABERABA";"Animais na Pista";"Colisão traseira";"Com Vítimas Feridas";"Plena Noite";"Decrescente";"Céu Claro";"Simples";"Declive;Reta";"Sim";41;0;0;1;40;0;1;2;-12,51259728;-40,29557913;"SPRF-BA";"DEL06-BA";"UOP02-DEL06-BA"
195709;2019-03-08;"sexta-feira";"09:40:00";"SC";470;44;"GASPAR";"Não guardar distância de segurança";"Colisão traseira";"Sem Vítimas";"Pleno dia";"Crescente";"Céu Claro";"Simples";"Reta";"Não";3;0;0;0;3;0;0;3;-26,870665;-49,021896;"SPRF-SC";"DEL04-SC";"UOP01-DEL04-SC"
195710;2019-03-08;"sexta-feira";"09:55:00";"PR";376;187;"MARIALVA";"Falta de Atenção à Condução";"Colisão traseira";"Com Vítimas Fatais";"Pleno dia";"Decrescente";"Céu Claro";"Dupla";"Reta";"Não";4;1;0;0;1;3;0;5;-23,4584418;-51,8429741;"SPRF-PR";"DEL07-PR";"UOP01-DEL09-PR"
195711;2019-03-08;"sexta-feira";"05:10:00";"MG";381;932,1;"EXTREMA";"Falta de Atenção à Condução";"Colisão traseira";"Com Vítimas Feridas";"Amanhecer";"Crescente";"Céu Claro";"Dupla";"Curva";"Sim";4;0;2;0;1;1;2;3;-22,81198015;-46,28431295;"SPRF-MG";"DEL16-MG";"UOP03-DEL16-MG"
195714;2019-03-08;"sexta-feira";"08:32:00";"PB";104;114;"LAGOA SECA";"Defeito Mecânico no Veículo";"Saída de leito carroçável";"Sem Vítimas";"Pleno dia";"Crescente";"Céu Claro";"Simples";"Reta";"Sim";2;0;0;0;2;0;0;2;-7,1620139;-35,85712429;"SPRF-PB";"DEL02-PB";"UOP04-DEL02-PB"
195715;2019-03-08;"sexta-feira";"10:25:00";"RS";290;102,8;"PORTO ALEGRE";"Desobediência às normas de trânsito pelo condutor";"Colisão lateral";"Sem Vítimas";"Pleno dia";"Crescente";"Céu Claro";"Dupla";"Reta";"Não";3;0;0;0;1;2;0;3;-29,987228;-51,25613;"SPRF-RS";"DEL01-RS";"UOP01-DEL01-RS"
195717;2019-03-08;"sexta-feira";"07:30:00";"SC";116;162,3;"PONTE ALTA DO NORTE";"Falta de Atenção à Condução";"Tombamento";"Com Vítimas Feridas";"Pleno dia";"Crescente";"Nublado";"Simples";"Curva";"Não";2;0;1;0;0;1;1;2;-27,12566109;-50,45721887;"SPRF-SC";"DEL05-SC";"UOP03-DEL05-SC"
195726;2019-03-08;"sexta-feira";"11:35:00";"RS";470;215,1;"BENTO GONCALVES";"Desobediência às normas de trânsito pelo condutor";"Queda de ocupante de veículo";"Com Vítimas Feridas";"Pleno dia";"Crescente";"Chuva";"Simples";"Reta;Interseção de Vias";"Sim";3;0;1;0;1;1;1;3;-29,16023696;-51,52877659;"SPRF-RS";"DEL06-RS";"UOP01-DEL06-RS"
195729;2019-03-08;"sexta-feira";"11:30:00";"RJ";116;142;"DUQUE DE CAXIAS";"Falta de Atenção à Condução";"Colisão lateral";"Com Vítimas Feridas";"Pleno dia";"Decrescente";"Céu Claro";"Dupla";"Reta";"Não";5;0;3;0;1;1;3;3;-22,64922485;-43,23171616;"SPRF-RJ";"DEL04-RJ";"UOP02-DEL04-RJ"
195731;2019-03-08;"sexta-feira";"12:00:00";"RJ";116;125;"MAGE";"Falta de Atenção à Condução";"Derramamento de carga";"Sem Vítimas";"Pleno dia";"Decrescente";"Céu Claro";"Dupla";"Curva";"Sim";2;0;0;0;1;1;0;2;-22,65156898;-43,07769901;"SPRF-RJ";"DEL04-RJ";"UOP02-DEL04-RJ"
195741;2019-03-08;"sexta-feira";"13:45:00";"SC";101;137,7;"BALNEARIO CAMBORIU";"Falta de Atenção à Condução";"Colisão lateral";"Com Vítimas Feridas";"Pleno dia";"Decrescente";"Sol";"Dupla";"Reta";"Sim";2;0;1;0;1;0;1;2;-27,0157238;-48,61192763;"SPRF-SC";"DEL04-SC";"UOP03-DEL04-SC"
195742;2019-03-08;"sexta-feira";"13:45:00";"ES";101;443,5;"MIMOSO DO SUL";"Condutor Dormindo";"Colisão lateral";"Com Vítimas Feridas";"Pleno dia";"Crescente";"Céu Claro";"Simples";"Curva";"Não";2;0;1;0;1;0;1;2;-21,09789425;-41,25305078;"SPRF-ES";"DEL03-ES";"UOP02-DEL03-ES"
195745;2019-03-08;"sexta-feira";"12:55:00";"RS";290;24,8;"SANTO ANTONIO DA PATRULHA";"Condutor Dormindo";"Saída de leito carroçável";"Com Vítimas Feridas";"Pleno dia";"Decrescente";"Céu Claro";"Múltipla";"Reta";"Não";2;0;1;0;1;0;1;1;-29,882015;-50,493973;"SPRF-RS";"DEL03-RS";"UOP02-DEL03-RS"
195748;2019-03-08;"sexta-feira";"14:15:00";"PR";376;149;"PRESIDENTE CASTELO BRANCO";"Falta de Atenção à Condução";"Colisão traseira";"Com Vítimas Feridas";"Pleno dia";"Crescente";"Garoa/Chuvisco";"Dupla";"Reta";"Não";5;0;1;0;3;1;1;3;-23,29216468;-52,12876506;"SPRF-PR";"DEL07-PR";"UOP01-DEL09-PR"
195749;2019-03-08;"sexta-feira";"13:20:00";"ES";101;343,3;"GUARAPARI";"Falta de Atenção à Condução";"Colisão lateral";"Sem Vítimas";"Pleno dia";"Crescente";"Sol";"Simples";"Curva";"Não";3;0;0;0;2;2;0;4;-20,66191662;-40,59045821;"SPRF-ES";"DEL03-ES";"UOP01-DEL03-ES"
195758;2019-03-08;"sexta-feira";"15:15:00";"PR";277;132,4;"CAMPO LARGO";"Falta de Atenção à Condução";"Tombamento";"Sem Vítimas";"Pleno dia";"Crescente";"Céu Claro";"Dupla";"Reta;Declive";"Não";2;0;0;0;1;3;0;4;-25,4720858;-49,681433;"SPRF-PR";"DEL01-PR";"UOP06-DEL01-PR"
195769;2019-03-08;"sexta-feira";"15:30:00";"GO";364;203,5;"JATAI";"Falta de Atenção à Condução";"Colisão traseira";"Sem Vítimas";"Pleno dia";"Decrescente";"Nublado";"Simples";"Reta";"Não";3;0;0;0;2;2;0;4;-17,909494;-51,782795;"SPRF-GO";"DEL05-GO";"UOP01-DEL05-GO"
195770;2019-03-08;"sexta-feira";"16:05:00";"SC";116;193,1;"PONTE ALTA";"Velocidade Incompatível";"Tombamento";"Com Vítimas Feridas";"Pleno dia";"Decrescente";"Nublado";"Simples";"Curva";"Não";4;0;3;0;0;1;3;2;-27,37129308;-50,42970441;"SPRF-SC";"DEL05-SC";"UOP03-DEL05-SC"
195775;2019-03-08;"sexta-feira";"12:15:00";"SC";280;33,2;"ARAQUARI";"Falta de Atenção à Condução";"Colisão transversal";"Com Vítimas Feridas";"Pleno dia";"Decrescente";"Nublado";"Simples";"Reta";"Não";4;0;4;0;0;0;4;2;-26,42638586;-48,78844857;"SPRF-SC";"DEL03-SC";"UOP03-DEL03-SC"
195776;2019-03-08;"sexta-feira";"16:45:00";"PB";230;25;"JOAO PESSOA";"Não guardar distância de segurança";"Colisão traseira";"Sem Vítimas";"Pleno dia";"Crescente";"Sol";"Dupla";"Interseção de Vias";"Sim";3;0;0;0;3;0;0;3;-7,165266;-34,894441;"SPRF-PB";"DEL01-PB";"UOP01-DEL01-PB"
195778;2019-03-08;"sexta-feira";"16:00:00";"PI";316;4,6;"TERESINA";"Falta de Atenção à Condução";"Colisão lateral";"Sem Vítimas";"Pleno dia";"Crescente";"Céu Claro";"Múltipla";"Reta";"Não";2;0;0;0;2;0;0;2;-5,13655894;-42,78900388;"SPRF-PI";"DEL01-PI";"UOP02-DEL01-PI"
195782;2019-03-08;"sexta-feira";"15:30:00";"MG";381;429;"SABARA";"Falta de Atenção à Condução";"Colisão traseira";"Sem Vítimas";"Pleno dia";"Decrescente";"Céu Claro";"Simples";"Em Obras";"Não";3;0;0;0;3;0;0;3;-19,7865074;-43,66945803;"SPRF-MG";"DEL01-MG";"UOP01-DEL01-MG"
195791;2019-03-08;"sexta-feira";"17:45:00";"ES";101;145;"LINHARES";"Velocidade Incompatível";"Colisão lateral";"Com Vítimas Feridas";"Anoitecer";"Crescente";"Céu Claro";"Simples";"Reta";"Sim";2;0;1;0;1;0;1;2;-19,36089598;-40,06464018;"SPRF-ES";"DEL04-ES";"UOP01-DEL04-ES"
195792;2019-03-08;"sexta-feira";"18:00:00";"RS";285;300;"PASSO FUNDO";"Falta de Atenção à Condução";"Colisão frontal";"Com Vítimas Feridas";"Pleno dia";"Crescente";"Nublado";"Simples";"Reta";"Não";3;0;2;0;0;2;2;4;-28,229494;-52,441837;"SPRF-RS";"DEL08-RS";"UOP03-DEL08-RS"
195793;2019-03-08;"sexta-feira";"15:40:00";"MG";262;32;"MANHUACU";"Falta de Atenção à Condução";"Colisão transversal";"Com Vítimas Fatais";"Pleno dia";"Decrescente";"Céu Claro";"Simples";"Reta";"Não";3;1;0;0;1;1;0;3;-20,25556389;-41,99814902;"SPRF-MG";"DEL06-MG";"UOP03-DEL06-MG"
195800;2019-03-08;"sexta-feira";"18:45:00";"MG";365;620;"UBERLANDIA";"Pista Escorregadia";"Colisão lateral";"Com Vítimas Feridas";"Plena Noite";"Crescente";"Céu Claro";"Dupla";"Reta";"Não";4;0;2;0;1;1;2;3;-18,90349687;-48,28130603;"SPRF-MG";"DEL15-MG";"UOP01-DEL15-MG"
195801;2019-03-08;"sexta-feira";"14:40:00";"MG";116;16,6;"CACHOEIRA DE PAJEU";"Defeito Mecânico no Veículo";"Incêndio";"Sem Vítimas";"Pleno dia";"Decrescente";"Céu Claro";"Simples";"Reta";"Não";1;0;0;0;1;0;0;1;-15,81176708;-41,38078596;"SPRF-BA";"DEL08-BA";"UOP03-DEL08-BA"
195802;2019-03-08;"sexta-feira";"14:20:00";"MT";174;255;"VALE DE SAO DOMINGOS";"Falta de Atenção à Condução";"Colisão traseira";"Com Vítimas Feridas";"Pleno dia";"Crescente";"Céu Claro";"Simples";"Reta";"Não";2;0;0;1;1;0;1;2;-15,45834474;-59,09723762;"SPRF-MT";"DEL04-MT";"UOP01-DEL04-MT"
195804;2019-03-08;"sexta-feira";"18:00:00";"SP";381;7;"VARGEM";"Desobediência às normas de trânsito pelo condutor";"Colisão lateral";"Com Vítimas Feridas";"Anoitecer";"Decrescente";"Nublado";"Dupla";"Reta";"Não";4;0;1;0;1;3;1;5;-22,905385;-46,422421;"SPRF-SP";"DEL03-SP";"UOP02-DEL03-SP"
195812;2019-03-08;"sexta-feira";"18:30:00";"RS";285;204,5;"LAGOA VERMELHA";"Falta de Atenção à Condução";"Colisão frontal";"Com Vítimas Fatais";"Anoitecer";"Decrescente";"Nublado";"Simples";"Declive";"Não";10;1;5;1;2;1;6;6;-28,214172;-51,570881;"SPRF-RS";"DEL08-RS";"UOP05-DEL08-RS"
195814;2019-03-08;"sexta-feira";"19:10:00";"SP";381;78,8;"SAO PAULO";"Defeito Mecânico no Veículo";"Colisão traseira";"Com Vítimas Feridas";"Plena Noite";"Crescente";"Céu Claro";"Dupla";"Curva;Declive";"Sim";18;0;17;0;1;0;17;2;-23,39620774;-46,57355227;"SPRF-SP";"DEL03-SP";"UOP01-DEL03-SP"
195818;2019-03-08;"sexta-feira";"19:30:00";"MG";153;2;"ARAPORA";"Falta de Atenção à Condução";"Colisão traseira";"Com Vítimas Feridas";"Plena Noite";"Decrescente";"Nublado";"Dupla";"Retorno Regulamentado";"Sim";4;0;0;1;2;1;1;3;-18,4343521;-49,19082831;"SPRF-MG";"DEL15-MG";"UOP03-DEL15-MG"
195820;2019-03-08;"sexta-feira";"19:30:00";"SC";101;349,7;"TUBARAO";"Falta de Atenção à Condução";"Colisão lateral";"Com Vítimas Feridas";"Plena Noite";"Crescente";"Chuva";"Dupla";"Declive";"Não";2;0;1;0;1;0;1;2;-28,5820168;-49,05059372;"SPRF-SC";"DEL02-SC";"UOP01-DEL02-SC"
195826;2019-03-08;"sexta-feira";"19:20:00";"MT";163;842;"SINOP";"Falta de Atenção à Condução";"Colisão transversal";"Sem Vítimas";"Plena Noite";"Crescente";"Nublado";"Simples";"Reta";"Sim";5;0;0;0;5;0;0;3;-11,92479503;-55,5117839;"SPRF-MT";"DEL06-MT";"UOP02-DEL06-MT"
195835;2019-03-08;"sexta-feira";"19:55:00";"RO";364;301,8;"PRESIDENTE MEDICI";"Ingestão de Álcool";"Colisão lateral";"Com Vítimas Feridas";"Plena Noite";"Crescente";"Nublado";"Simples";"Reta";"Não";5;0;1;0;3;6;1;10;-11,235692;-61,90194418;"SPRF-RO";"DEL02-RO";"UOP01-DEL02-RO"
195836;2019-03-08;"sexta-feira";"18:30:00";"BA";110;145;"RIBEIRA DO POMBAL";"Falta de Atenção à Condução";"Colisão traseira";"Com Vítimas Feridas";"Plena Noite";"Decrescente";"Céu Claro";"Simples";"Aclive";"Não";3;0;0;2;0;1;2;3;-10,65946825;-38,41422255;"SPRF-BA";"DEL07-BA";"UOP02-DEL07-BA"
195840;2019-03-08;"sexta-feira";"19:55:00";"PR";376;545,6;"BALSA NOVA";"Defeito Mecânico no Veículo";"Tombamento";"Sem Vítimas";"Plena Noite";"Decrescente";"Nublado";"Dupla";"Curva";"Não";2;0;0;0;1;1;0;2;-25,44135309;-49,74842191;"SPRF-PR";"DEL01-PR";"UOP06-DEL01-PR"
195843;2019-03-08;"sexta-feira";"21:30:00";"BA";324;561;"SAO SEBASTIAO DO PASSE";"Falta de Atenção à Condução";"Capotamento";"Com Vítimas Feridas";"Plena Noite";"Crescente";"Céu Claro";"Dupla";"Declive";"Não";5;0;4;0;1;0;4;2;-12,49783433;-38,64646092;"SPRF-BA";"DEL01-BA";"UOP01-DEL01-BA"
195847;2019-03-08;"sexta-feira";"19:20:00";"MG";116;176,6;"PADRE PARAISO";"Velocidade Incompatível";"Tombamento";"Com Vítimas Feridas";"Anoitecer";"Crescente";"Céu Claro";"Simples";"Curva";"Não";2;0;1;0;0;1;1;2;-17,06126897;-41,46810305;"SPRF-MG";"DEL11-MG";"UOP02-DEL11-MG"
195850;2019-03-08;"sexta-feira";"19:00:00";"MG";116;564,5;"MANHUACU";"Defeito Mecânico no Veículo";"Incêndio";"Sem Vítimas";"Plena Noite";"Decrescente";"Céu Claro";"Simples";"Curva";"Não";1;0;0;0;1;0;0;1;-20,06216515;-42,17191471;"SPRF-MG";"DEL06-MG";"UOP03-DEL06-MG"
195852;2019-03-08;"sexta-feira";"22:20:00";"PR";376;668,7;"GUARATUBA";"Velocidade Incompatível";"Colisão lateral";"Com Vítimas Feridas";"Plena Noite";"Crescente";"Céu Claro";"Dupla";"Declive;Curva";"Não";6;0;3;0;2;2;3;6;-25,864159;-48,937538;"SPRF-PR";"DEL01-PR";"DEL7/1-UOP08/PR"
195864;2019-03-09;"sábado";"00:45:00";"PR";277;234;"FERNANDES PINHEIRO";"Ingestão de Álcool";"Saída de leito carroçável";"Sem Vítimas";"Plena Noite";"Decrescente";"Nublado";"Simples";"Reta";"Não";1;0;0;0;1;0;0;1;-25,46555918;-50,58218524;"SPRF-PR";"DEL03-PR";"UOP02-DEL08-PR"
195865;2019-03-09;"sábado";"01:20:00";"SC";101;113,5;"ITAJAI";"Ingestão de Álcool";"Tombamento";"Com Vítimas Feridas";"Plena Noite";"Crescente";"Garoa/Chuvisco";"Dupla";"Reta";"Sim";3;0;1;0;1;1;1;3;-26,85311393;-48,72689927;"SPRF-SC";"DEL04-SC";"UOP04-DEL04-SC"
195875;2019-03-09;"sábado";"01:30:00";"PR";277;32;"MORRETES";"Condutor Dormindo";"Tombamento";"Sem Vítimas";"Plena Noite";"Decrescente";"Céu Claro";"Dupla";"Curva;Declive";"Não";2;0;0;0;1;1;0;2;-25,547373;-48,790559;"SPRF-PR";"DEL01-PR";"UOP05-DEL01-PR"
195876;2019-03-09;"sábado";"01:00:00";"PI";135;407;"REDENCAO DO GURGUEIA";"Falta de Atenção à Condução";"Tombamento";"Com Vítimas Feridas";"Plena Noite";"Decrescente";"Céu Claro";"Simples";"Curva";"Não";2;0;1;0;0;2;1;3;-9,4622821;-44,5978937;"SPRF-PI";"DEL03-PI";"UOP02-DEL03-PI"
195882;2019-03-09;"sábado";"00:20:00";"MG";381;930,4;"ITAPEVA";"Condutor Dormindo";"Colisão traseira";"Com Vítimas Feridas";"Plena Noite";"Decrescente";"Céu Claro";"Dupla";"Reta";"Não";3;0;0;1;1;2;1;4;-22,77994613;-46,23999166;"SPRF-MG";"DEL16-MG";"UOP03-DEL16-MG"
195884;2019-03-09;"sábado";"05:00:00";"BA";242;778;"BARREIRAS";"Pista Escorregadia";"Tombamento";"Com Vítimas Feridas";"Amanhecer";"Crescente";"Chuva";"Simples";"Curva";"Não";1;0;1;0;0;0;1;1;-12,15464258;-44,69270978;"SPRF-BA";"DEL10-BA";"UOP01-DEL10-BA"
195887;2019-03-09;"sábado";"00:10:00";"RN";110;84,2;"UPANEMA";"Defeito Mecânico no Veículo";"Incêndio";"Sem Vítimas";"Plena Noite";"Crescente";"Nublado";"Simples";"Reta";"Não";2;0;0;0;1;1;0;2;-5,52474199;-37,32554064;"SPRF-RN";"DEL04-RN";"UOP01-DEL04-RN"
195888;2019-03-09;"sábado";"04:30:00";"RN";110;84,2;"UPANEMA";"Desobediência às normas de trânsito pelo condutor";"Colisão com objeto estático";"Com Vítimas Fatais";"Plena Noite";"Crescente";"Nublado";"Simples";"Reta";"Não";7;4;0;1;1;1;1;3;-5,52474199;-37,32554064;"SPRF-RN";"DEL04-RN";"UOP01-DEL04-RN"
195891;2019-03-09;"sábado";"06:15:00";"RS";290;213;"PANTANO GRANDE";"Sinalização da via insuficiente ou inadequada";"Tombamento";"Com Vítimas Feridas";"Plena Noite";"Decrescente";"Garoa/Chuvisco";"Simples";"Interseção de Vias";"Não";2;0;0;1;0;1;1;2;-30,18638632;-52,35877991;"SPRF-RS";"DEL02-RS";"UOP02-DEL02-RS"
195900;2019-03-09;"sábado";"02:55:00";"PR";153;33,3;"SANTO ANTONIO DA PLATINA";"Desobediência às normas de trânsito pelo condutor";"Tombamento";"Com Vítimas Fatais";"Plena Noite";"Decrescente";"Nublado";"Simples";"Curva";"Não";2;1;0;0;0;1;0;2;-23,23229394;-50,0364961;"SPRF-PR";"DEL07-PR";"UOP04-DEL07-PR"
195905;2019-03-09;"sábado";"08:15:00";"MG";354;713,4;"CAXAMBU";"Velocidade Incompatível";"Tombamento";"Com Vítimas Feridas";"Pleno dia";"Crescente";"Sol";"Simples";"Curva";"Não";2;0;1;0;0;1;1;2;-22,0566569;-44,9272015;"SPRF-MG";"DEL05-MG";"UOP01-DEL17-MG"
195907;2019-03-09;"sábado";"08:30:00";"PR";476;108;"COLOMBO";"Velocidade Incompatível";"Tombamento";"Sem Vítimas";"Pleno dia";"Decrescente";"Céu Claro";"Simples";"Curva";"Não";2;0;0;0;1;2;0;3;-25,298958;-49,152153;"SPRF-PR";"DEL01-PR";"UOP01-DEL01-PR"
195910;2019-03-09;"sábado";"09:25:00";"SC";101;206;"SAO JOSE";"Não guardar distância de segurança";"Colisão traseira";"Com Vítimas Feridas";"Pleno dia";"Crescente";"Céu Claro";"Múltipla";"Reta";"Sim";3;0;1;0;2;0;1;3;-27,59193546;-48,61824557;"SPRF-SC";"DEL01-SC";"UOP01-DEL01-SC"
195913;2019-03-09;"sábado";"08:40:00";"RS";290;215;"PANTANO GRANDE";"Falta de Atenção à Condução";"Saída de leito carroçável";"Sem Vítimas";"Pleno dia";"Decrescente";"Garoa/Chuvisco";"Simples";"Desvio Temporário";"Sim";1;0;0;0;1;0;0;1;-30,188616;-52,366409;"SPRF-RS";"DEL02-RS";"UOP02-DEL02-RS"
195915;2019-03-09;"sábado";"10:00:00";"SP";116;230,4;"SAO PAULO";"Falta de Atenção do Pedestre";"Atropelamento de Pedestre";"Com Vítimas Fatais";"Pleno dia";"Crescente";"Sol";"Múltipla";"Reta";"Sim";3;1;0;0;1;1;0;3;-23,52251783;-46,5855702;"SPRF-SP";"DEL01-SP";"UOP01-DEL01-SP"
195916;2019-03-09;"sábado";"05:40:00";"PI";343;617;"FLORIANO";"Defeito na Via";"Saída de leito carroçável";"Sem Vítimas";"Amanhecer";"Decrescente";"Nublado";"Simples";"Reta";"Não";2;0;0;0;1;3;0;4;-6,929653;-43,186806;"SPRF-PI";"DEL03-PI";"UOP01-DEL03-PI"
195921;2019-03-09;"sábado";"07:00:00";"SC";470;285,6;"BRUNOPOLIS";"Ingestão de Álcool";"Colisão frontal";"Com Vítimas Fatais";"Pleno dia";"Crescente";"Nublado";"Simples";"Reta";"Não";3;1;0;1;1;0;1;2;-27,33111;-50,90443;"SPRF-SC";"DEL07-SC";"UOP06-DEL07-SC"
195926;2019-03-09;"sábado";"10:45:00";"PR";277;83;"CURITIBA";"Não guardar distância de segurança";"Engavetamento";"Sem Vítimas";"Pleno dia";"Crescente";"Céu Claro";"Dupla";"Declive";"Sim";4;0;0;0;4;0;0;4;-25,568939;-49,181978;"SPRF-PR";"DEL01-PR";"UOP01-DEL01-PR"