"id";"data_inversa";"dia_semana";"horario";"uf";"br";"km";"municipio";"causa_acidente";"tipo_acidente";"classificacao_acidente";"fase_dia";"sentido_via";"condicao_metereologica";"tipo_pista";"tracado_via";"uso_solo";"pessoas";"mortos";"feridos_leves";"feridos_graves";"ilesos";"ignorados";"feridos";"veiculos";"latitude";"longitude";"regional";"delegacia";"uop"
195928;2019-03-09;"sábado";"09:30:00";"SC";280;231,5;"CANOINHAS";"Falta de Atenção do Pedestre";"Atropelamento de Pedestre";"Com Vítimas Fatais";"Pleno dia";"Decrescente";"Nublado";"Simples";"Rotatória";"Sim";4;1;0;0;1;2;0;3;-26,19056372;-50,37506104;"SPRF-SC";"DEL06-SC";"UOP04-DEL06-SC"
195930;2019-03-09;"sábado";"10:10:00";"MS";163;402,7;"NOVA ALVORADA DO SUL";"Velocidade Incompatível";"Colisão frontal";"Com Vítimas Feridas";"Pleno dia";"Crescente";"Chuva";"Simples";"Reta";"Não";5;0;4;1;0;0;5;2;-21,15025399;-54,47667485;"SPRF-MS";"DEL02-MS";"UOP01-DEL02-MS"
195931;2019-03-09;"sábado";"08:30:00";"MG";50;15;"ARAGUARI";"Condutor Dormindo";"Saída de leito carroçável";"Com Vítimas Feridas";"Pleno dia";"Crescente";"Céu Claro";"Simples";"Rotatória";"Não";2;0;1;0;0;1;1;2;-18,54683487;-48,05117222;"SPRF-MG";"DEL15-MG";"UOP02-DEL15-MG"
195932;2019-03-09;"sábado";"11:30:00";"PR";376;78,3;"GUAIRACA";"Ingestão de Álcool";"Colisão frontal";"Com Vítimas Fatais";"Pleno dia";"Crescente";"Nublado";"Simples";"Reta";"Não";2;1;0;0;1;0;0;2;-22,95697439;-52,66854195;"SPRF-PR";"DEL07-PR";"UOP02-DEL09-PR"
195945;2019-03-09;"sábado";"13:00:00";"MG";365;705,9;"MONTE ALEGRE DE MINAS";"Falta de Atenção à Condução";"Colisão frontal";"Com Vítimas Feridas";"Pleno dia";"Decrescente";"Céu Claro";"Dupla";"Curva";"Não";3;0;1;2;0;0;3;2;-18,88029779;-49,04540696;"SPRF-MG";"DEL15-MG";"UOP03-DEL15-MG"
195946;2019-03-09;"sábado";"12:15:00";"MG";116;273,3;"TEOFILO OTONI";"Falta de Atenção à Condução";"Colisão lateral";"Com Vítimas Feridas";"Pleno dia";"Crescente";"Céu Claro";"Simples";"Reta";"Não";9;0;7;0;1;1;7;4;-17,82616139;-41,50619857;"SPRF-MG";"DEL11-MG";"UOP01-DEL11-MG"
195947;2019-03-09;"sábado";"09:50:00";"MG";262;777;"UBERABA";"Fenômenos da Natureza";"Incêndio";"Sem Vítimas";"Pleno dia";"Decrescente";"Céu Claro";"Simples";"Reta";"Não";2;0;0;0;1;2;0;3;-19,73029928;-47,73733298;"SPRF-MG";"DEL13-MG";"UOP01-DEL13-MG"
195951;2019-03-09;"sábado";"13:15:00";"PR";116;108,8;"CURITIBA";"Falta de Atenção do Pedestre";"Atropelamento de Pedestre";"Com Vítimas Feridas";"Pleno dia";"Crescente";"Céu Claro";"Dupla";"Reta";"Não";3;0;0;1;1;2;1;4;-25,56552097;-49,24501486;"SPRF-PR";"DEL01-PR";"UOP01-DEL01-PR"
195955;2019-03-09;"sábado";"13:20:00";"RJ";40;68,1;"PETROPOLIS";"Velocidade Incompatível";"Colisão com objeto estático";"Com Vítimas Feridas";"Pleno dia";"Decrescente";"Céu Claro";"Dupla";"Curva";"Não";1;0;1;0;0;0;1;1;-22,4381808;-43,18488009;"SPRF-RJ";"DEL06-RJ";"UOP01-DEL06-RJ"
195956;2019-03-09;"sábado";"14:35:00";"ES";101;282,2;"CARIACICA";"Falta de Atenção à Condução";"Colisão com objeto estático";"Com Vítimas Fatais";"Pleno dia";"Decrescente";"Céu Claro";"Dupla";"Curva";"Não";2;1;0;0;0;1;0;2;-20,22694;-40,36458;"SPRF-ES";"DEL01-ES";"UOP01-DEL01-ES"
195959;2019-03-09;"sábado";"14:54:00";"PA";163;980;"SANTAREM";"Falta de Atenção à Condução";"Colisão lateral";"Com Vítimas Feridas";"Pleno dia";"Crescente";"Céu Claro";"Simples";"Reta";"Sim";2;0;0;1;1;0;1;2;-2,63482156;-54,74836014;"SPRF-PA";"DEL05-PA";"UOP01-DEL05-PA"
195964;2019-03-09;"sábado";"12:30:00";"CE";222;26;"CAUCAIA";"Defeito Mecânico no Veículo";"Colisão frontal";"Com Vítimas Feridas";"Pleno dia";"Crescente";"Nublado";"Simples";"Reta";"Não";6;0;3;1;1;3;4;6;-3,723467;-38,785534;"SPRF-CE";"DEL01-CE";"UOP01-DEL01-CE"
195976;2019-03-09;"sábado";"15:10:00";"RJ";116;79;"TERESOPOLIS";"Falta de Atenção à Condução";"Colisão transversal";"Com Vítimas Feridas";"Pleno dia";"Decrescente";"Sol";"Simples";"Curva";"Sim";2;0;0;1;1;0;1;2;-22,381704;-42,954777;"SPRF-RJ";"DEL04-RJ";"UOP01-DEL04-RJ"
195979;2019-03-09;"sábado";"16:10:00";"SC";101;88,4;"BARRA VELHA";"Falta de Atenção à Condução";"Colisão lateral";"Com Vítimas Feridas";"Pleno dia";"Crescente";"Sol";"Múltipla";"Curva";"Sim";5;0;1;0;2;2;1;5;-26,64253985;-48,68950684;"SPRF-SC";"DEL03-SC";"UOP02-DEL03-SC"
195986;2019-03-09;"sábado";"16:30:00";"PB";101;85;"BAYEUX";"Velocidade Incompatível";"Colisão lateral";"Sem Vítimas";"Pleno dia";"Decrescente";"Sol";"Dupla";"Reta";"Sim";5;0;0;0;4;1;0;4;-7,14291446;-34,9193351;"SPRF-PB";"DEL01-PB";"UOP01-DEL01-PB"
195991;2019-03-09;"sábado";"17:15:00";"ES";101;305;"VIANA";"Desobediência às normas de trânsito pelo condutor";"Colisão transversal";"Com Vítimas Feridas";"Pleno dia";"Crescente";"Céu Claro";"Dupla";"Em Obras";"Sim";4;0;1;0;2;1;1;3;-20,38392;-40,461254;"SPRF-ES";"DEL03-ES";"UOP01-DEL03-ES"
195994;2019-03-09;"sábado";"16:10:00";"SC";282;610,4;"MARAVILHA";"Desobediência às normas de trânsito pelo condutor";"Colisão transversal";"Com Vítimas Feridas";"Pleno dia";"Decrescente";"Céu Claro";"Simples";"Declive";"Não";2;0;1;0;1;0;1;2;-26,756321;-53,230247;"SPRF-SC";"DEL07-SC";"UOP02-DEL07-SC"
195996;2019-03-09;"sábado";"16:50:00";"RO";364;289,7;"PRESIDENTE MEDICI";"Pista Escorregadia";"Colisão frontal";"Sem Vítimas";"Pleno dia";"Decrescente";"Chuva";"Simples";"Reta";"Não";2;0;0;0;2;0;0;2;-11,33065215;-61,87405586;"SPRF-RO";"DEL02-RO";"UOP01-DEL02-RO"
196000;2019-03-09;"sábado";"18:25:00";"PE";101;38,1;"ITAPISSUMA";"Falta de Atenção à Condução";"Colisão traseira";"Com Vítimas Feridas";"Plena Noite";"Decrescente";"Céu Claro";"Dupla";"Curva";"Não";2;0;0;1;0;1;1;2;-7,80600806;-34,92522908;"SPRF-PE";"DEL01-PE";"UOP02-DEL01-PE"
196001;2019-03-09;"sábado";"16:30:00";"SC";282;40,7;"AGUAS MORNAS";"Velocidade Incompatível";"Colisão lateral";"Com Vítimas Feridas";"Pleno dia";"Decrescente";"Chuva";"Simples";"Curva";"Sim";2;0;1;0;1;0;1;2;-27,716148;-48,869583;"SPRF-SC";"DEL01-SC";"UOP03-DEL01-SC"
196009;2019-03-09;"sábado";"18:50:00";"PR";277;73;"SAO JOSE DOS PINHAIS";"Falta de Atenção à Condução";"Colisão lateral";"Com Vítimas Feridas";"Anoitecer";"Crescente";"Nublado";"Dupla";"Reta";"Sim";3;0;1;0;2;0;1;2;-25,5081598;-49,1353704;"SPRF-PR";"DEL01-PR";"UOP01-DEL01-PR"
196019;2019-03-09;"sábado";"17:10:00";"PA";163;354,3;"NOVO PROGRESSO";"Falta de Atenção à Condução";"Colisão transversal";"Sem Vítimas";"Pleno dia";"Decrescente";"Céu Claro";"Simples";"Reta";"Não";5;0;0;0;5;0;0;2;-6,68674216;-55,48927932;"SPRF-PA";"DEL05-PA";"UOP01-DEL05-PA"
196025;2019-03-09;"sábado";"19:40:00";"SC";470;9,5;"NAVEGANTES";"Ingestão de Álcool";"Colisão transversal";"Com Vítimas Feridas";"Plena Noite";"Decrescente";"Chuva";"Simples";"Interseção de Vias";"Sim";4;0;1;0;2;1;1;4;-26,833143;-48,727432;"SPRF-SC";"DEL04-SC";"UOP04-DEL04-SC"
196028;2019-03-09;"sábado";"15:00:00";"SC";480;129,6;"CHAPECO";"Velocidade Incompatível";"Colisão traseira";"Com Vítimas Feridas";"Pleno dia";"Crescente";"Chuva";"Simples";"Aclive";"Sim";4;0;1;0;2;2;1;4;-27,04656607;-52,63577131;"SPRF-SC";"DEL07-SC";"UOP01-DEL07-SC"
196039;2019-03-09;"sábado";"19:30:00";"MG";116;117,1;"ITAOBIM";"Desobediência às normas de trânsito pelo condutor";"Colisão transversal";"Com Vítimas Feridas";"Plena Noite";"Crescente";"Céu Claro";"Simples";"Interseção de Vias";"Sim";4;0;2;0;2;0;2;2;-16,57411225;-41,50497449;"SPRF-MG";"DEL11-MG";"UOP02-DEL11-MG"
196047;2019-03-09;"sábado";"21:10:00";"MT";163;864,7;"SINOP";"Ultrapassagem Indevida";"Saída de leito carroçável";"Com Vítimas Feridas";"Plena Noite";"Crescente";"Céu Claro";"Simples";"Reta";"Não";1;0;1;0;0;0;1;1;-11,727563;-55,460443;"SPRF-MT";"DEL06-MT";"UOP02-DEL06-MT"
196052;2019-03-09;"sábado";"22:15:00";"SP";116;143,2;"SAO JOSE DOS CAMPOS";"Falta de Atenção à Condução";"Colisão traseira";"Com Vítimas Feridas";"Plena Noite";"Crescente";"Céu Claro";"Dupla";"Reta";"Sim";2;0;1;0;1;0;1;2;-23,17849879;-45,83787411;"SPRF-SP";"DEL06-SP";"UOP02-DEL02-SP"
196054;2019-03-09;"sábado";"19:12:00";"PR";116;209,3;"RIO NEGRO";"Ingestão de Álcool";"Colisão frontal";"Com Vítimas Fatais";"Plena Noite";"Decrescente";"Nublado";"Simples";"Curva";"Sim";2;1;0;0;1;0;0;2;-26,07620916;-49,75230908;"SPRF-SC";"DEL06-SC";"UOP01-DEL06-SC"
196068;2019-03-09;"sábado";"21:40:00";"MT";70;507,7;"CUIABA";"Ingestão de Álcool";"Colisão traseira";"Sem Vítimas";"Plena Noite";"Crescente";"Nublado";"Simples";"Reta";"Não";2;0;0;0;2;0;0;2;-15,65737737;-55,98146613;"SPRF-MT";"DEL02-MT";"UOP02-DEL01-MT"
196070;2019-03-10;"domingo";"00:15:00";"BA";116;457,4;"SANTO ESTEVAO";"Falta de Atenção à Condução";"Colisão transversal";"Com Vítimas Fatais";"Plena Noite";"Decrescente";"Céu Claro";"Dupla";"Reta";"Não";2;1;0;0;1;0;0;2;-12,42895721;-39,21138081;"SPRF-BA";"DEL02-BA";"UOP01-DEL02-BA"
196072;2019-03-10;"domingo";"00:10:00";"MG";40;493,9;"ESMERALDAS";"Condutor Dormindo";"Saída de leito carroçável";"Sem Vítimas";"Plena Noite";"Decrescente";"Céu Claro";"Dupla";"Curva;Declive";"Não";1;0;0;0;1;0;0;1;-19,64620694;-44,20301977;"SPRF-MG";"DEL02-MG";"UOP01-DEL02-MG"
196092;2019-03-10;"domingo";"05:50:00";"PR";116;97,5;"SAO JOSE DOS PINHAIS";"Falta de Atenção à Condução";"Colisão traseira";"Com Vítimas Feridas";"Amanhecer";"Decrescente";"Nublado";"Dupla";"Reta";"Não";3;0;1;0;1;1;1;3;-25,5319476;-49,14459229;"SPRF-PR";"DEL01-PR";"UOP01-DEL01-PR"
196105;2019-03-10;"domingo";"07:00:00";"PR";153;511,5;"GENERAL CARNEIRO";"Pista Escorregadia";"Colisão frontal";"Com Vítimas Fatais";"Pleno dia";"Decrescente";"Chuva";"Simples";"Reta";"Não";3;1;1;0;0;1;1;3;-26,53816574;-51,42065048;"SPRF-PR";"DEL02-PR";"UOP03-DEL02-PR"
196111;2019-02-26;"terça-feira";"11:30:00";"PE";101;147;"RIBEIRAO";"Condutor Dormindo";"Colisão traseira";"Com Vítimas Feridas";"Pleno dia";"Decrescente";"Céu Claro";"Dupla";"Reta";"Não";3;0;1;0;1;2;1;4;-8,475417;-35,37169;"SPRF-PE";"DEL01-PE";"UOP03-DEL01-PE"
196112;2019-03-10;"domingo";"08:35:00";"BA";101;750,1;"ITABELA";"Não guardar distância de segurança";"Colisão lateral";"Com Vítimas Feridas";"Pleno dia";"Crescente";"Céu Claro";"Simples";"Curva;Declive";"Não";3;0;1;0;1;1;1;3;-16,61076838;-39,54600155;"SPRF-BA";"DEL09-BA";"UOP01-DEL09-BA"
196117;2019-03-10;"domingo";"08:40:00";"CE";304;40,2;"ARACATI";"Desobediência às normas de trânsito pelo condutor";"Colisão transversal";"Com Vítimas Feridas";"Pleno dia";"Crescente";"Céu Claro";"Simples";"Reta";"Não";3;0;2;0;1;0;2;2;-4,57971887;-37,84978867;"SPRF-CE";"DEL03-CE";"UOP03-DEL03-CE"
196119;2019-03-10;"domingo";"04:30:00";"MG";116;804,4;"ALEM PARAIBA";"Velocidade Incompatível";"Tombamento";"Sem Vítimas";"Plena Noite";"Crescente";"Céu Claro";"Simples";"Curva";"Não";2;0;0;0;0;3;0;3;-21,79286161;-42,71488284;"SPRF-MG";"DEL07-MG";"UOP01-DEL07-MG"
196123;2019-03-10;"domingo";"10:20:00";"SE";101;58;"ROSARIO DO CATETE";"Falta de Atenção à Condução";"Colisão transversal";"Com Vítimas Feridas";"Pleno dia";"Crescente";"Céu Claro";"Simples";"Reta";"Não";5;0;0;2;2;1;2;3;-10,65974535;-37,02841043;"SPRF-SE";"DEL02-SE";"UOP02-DEL02-SE"
196128;2019-03-09;"sábado";"22:00:00";"PR";476;260;"SAO MATEUS DO SUL";"Velocidade Incompatível";"Saída de leito carroçável";"Sem Vítimas";"Plena Noite";"Decrescente";"Nublado";"Múltipla";"Curva";"Não";2;0;0;0;1;2;0;3;-25,887142;-50,246178;"SPRF-PR";"DEL02-PR";"UOP04-DEL02-PR"
196130;2019-03-10;"domingo";"06:30:00";"MS";267;32;"BATAGUASSU";"Velocidade Incompatível";"Capotamento";"Com Vítimas Feridas";"Pleno dia";"Decrescente";"Céu Claro";"Múltipla";"Aclive";"Não";2;0;1;0;0;2;1;3;-21,73094727;-52,44889984;"SPRF-MS";"DEL02-MS";"UOP04-DEL02-MS"
196134;2019-03-10;"domingo";"12:50:00";"SE";101;93,7;"NOSSA SENHORA DO SOCORRO";"Falta de Atenção à Condução";"Colisão com objeto estático";"Com Vítimas Fatais";"Pleno dia";"Decrescente";"Céu Claro";"Dupla";"Curva";"Sim";3;1;0;0;2;0;0;2;-10,90212319;-37,14494787;"SPRF-SE";"DEL01-SE";"UOP01-DEL01-SE"
196136;2019-03-10;"domingo";"13:00:00";"RJ";116;279;"BARRA MANSA";"Falta de Atenção à Condução";"Colisão lateral";"Com Vítimas Feridas";"Pleno dia";"Decrescente";"Sol";"Dupla";"Curva";"Não";3;0;1;0;1;1;1;3;-22,55271018;-44,17778004;"SPRF-RJ";"DEL07-RJ";"UOP02-DEL07-RJ"
196138;2019-03-10;"domingo";"13:25:00";"PR";376;405,8;"TIBAGI";"Condutor Dormindo";"Colisão lateral";"Com Vítimas Feridas";"Pleno dia";"Decrescente";"Céu Claro";"Simples";"Reta;Declive";"Não";4;0;1;0;2;2;1;4;-24,634064;-50,636837;"SPRF-PR";"DEL03-PR";"UOP02-DEL03-PR"
196139;2019-03-10;"domingo";"05:00:00";"BA";242;498;"OLIVEIRA DOS BREJINHOS";"Defeito Mecânico no Veículo";"Tombamento";"Sem Vítimas";"Pleno dia";"Decrescente";"Céu Claro";"Simples";"Reta";"Não";2;0;0;0;1;2;0;3;-12,37392274;-42,4332979;"SPRF-BA";"DEL06-BA";"UOP01-DEL06-BA"
196140;2019-03-10;"domingo";"08:30:00";"MT";70;379,6;"CAMPO VERDE";"Desobediência às normas de trânsito pelo condutor";"Colisão frontal";"Com Vítimas Feridas";"Pleno dia";"Crescente";"Céu Claro";"Simples";"Reta";"Não";3;0;0;1;1;3;1;5;-15,50814794;-55,11189906;"SPRF-MT";"DEL05-MT";"UOP01-DEL05-MT"
196144;2019-03-10;"domingo";"13:05:00";"SP";116;132,9;"CACAPAVA";"Defeito Mecânico no Veículo";"Capotamento";"Com Vítimas Feridas";"Pleno dia";"Decrescente";"Céu Claro";"Dupla";"Reta";"Não";3;0;2;0;0;1;2;2;-23,13169757;-45,74481322;"SPRF-SP";"DEL06-SP";"UOP02-DEL02-SP"
196152;2019-03-10;"domingo";"14:40:00";"ES";101;427,3;"ATILIO VIVACQUA";"Velocidade Incompatível";"Colisão transversal";"Com Vítimas Fatais";"Pleno dia";"Crescente";"Céu Claro";"Simples";"Reta";"Não";5;2;0;0;1;2;0;4;-21,01229992;-41,14715009;"SPRF-ES";"DEL03-ES";"UOP02-DEL03-ES"
196154;2019-03-10;"domingo";"14:00:00";"DF";80;29,4;"BRASILIA";"Velocidade Incompatível";"Colisão lateral";"Com Vítimas Fatais";"Pleno dia";"Crescente";"Nublado";"Simples";"Curva";"Não";14;1;6;3;4;0;9;4;-15,5885132;-48,19284797;"SPRF-DF";"DEL01-DF";"UOP02-DEL03-DF"
196163;2019-03-10;"domingo";"14:30:00";"MS";158;256;"TRES LAGOAS";"Desobediência às normas de trânsito pelo condutor";"Colisão frontal";"Com Vítimas Fatais";"Pleno dia";"Decrescente";"Céu Claro";"Simples";"Reta";"Não";3;1;0;0;1;3;0;5;-20,69083899;-51,76561399;"SPRF-MS";"DEL07-MS";"UOP01-DEL07-MS"
196165;2019-03-10;"domingo";"15:50:00";"PE";101;36,9;"ITAPISSUMA";"Ingestão de Álcool";"Colisão lateral";"Com Vítimas Feridas";"Pleno dia";"Crescente";"Céu Claro";"Dupla";"Reta";"Não";4;0;1;0;2;1;1;3;-7,788367;-34,92981702;"SPRF-PE";"DEL01-PE";"UOP02-DEL01-PE"
196182;2019-03-10;"domingo";"17:20:00";"RS";290;19;"SANTO ANTONIO DA PATRULHA";"Falta de Atenção à Condução";"Colisão traseira";"Sem Vítimas";"Pleno dia";"Decrescente";"Nublado";"Múltipla";"Reta";"Sim";2;0;0;0;2;0;0;2;-29,884407;-50,444893;"SPRF-RS";"DEL03-RS";"UOP02-DEL03-RS"
196191;2019-03-10;"domingo";"17:50:00";"PE";232;432,9;"SERRA TALHADA";"Ultrapassagem Indevida";"Colisão traseira";"Com Vítimas Fatais";"Anoitecer";"Decrescente";"Sol";"Simples";"Reta;Aclive";"Não";7;2;0;3;1;1;3;3;-8,00516838;-38,49070587;"SPRF-PE";"DEL04-PE";"UOP01-DEL04-PE"
196195;2019-03-10;"domingo";"18:25:00";"SE";101;146,1;"ESTANCIA";"Falta de Atenção à Condução";"Tombamento";"Com Vítimas Feridas";"Plena Noite";"Crescente";"Céu Claro";"Dupla";"Declive";"Não";2;0;1;0;0;2;1;3;-11,21285446;-37,41509724;"SPRF-SE";"DEL02-SE";"UOP01-DEL02-SE"
196197;2019-03-10;"domingo";"15:40:00";"MT";364;346,1;"SANTO ANTONIO DO LEVERGER";"Falta de Atenção à Condução";"Saída de leito carroçável";"Com Vítimas Feridas";"Pleno dia";"Crescente";"Céu Claro";"Dupla";"Declive";"Não";3;0;2;0;0;2;2;3;-15,81193889;-55,53981241;"SPRF-MT";"DEL02-MT";"UOP02-DEL01-MT"
196206;2019-03-10;"domingo";"18:00:00";"MS";158;297,1;"TRES LAGOAS";"Defeito Mecânico no Veículo";"Tombamento";"Com Vítimas Feridas";"Plena Noite";"Decrescente";"Nublado";"Múltipla";"Aclive";"Não";2;0;1;0;0;1;1;2;-20,93468208;-51,82783478;"SPRF-MS";"DEL07-MS";"UOP01-DEL07-MS"
196209;2019-03-10;"domingo";"17:00:00";"MA";230;387;"BALSAS";"Falta de Atenção à Condução";"Tombamento";"Com Vítimas Feridas";"Anoitecer";"Decrescente";"Céu Claro";"Simples";"Reta";"Não";2;0;1;0;0;2;1;3;-7,38440187;-45,97981127;"SPRF-MA";"DEL05-MA";"UOP01-DEL05-MA"
196211;2019-03-10;"domingo";"18:50:00";"BA";324;620;"SALVADOR";"Defeito Mecânico no Veículo";"Tombamento";"Sem Vítimas";"Plena Noite";"Crescente";"Céu Claro";"Dupla";"Reta";"Sim";2;0;0;0;2;0;0;1;-12,90482172;-38,45556535;"SPRF-BA";"DEL01-BA";"UOP01-DEL01-BA"
196225;2019-03-10;"domingo";"19:30:00";"MT";163;627;"NOVA MUTUM";"Falta de Atenção à Condução";"Colisão lateral";"Sem Vítimas";"Plena Noite";"Crescente";"Chuva";"Simples";"Reta";"Não";3;0;0;0;2;1;0;3;-13,67377202;-56,03778485;"SPRF-MT";"DEL01-MT";"UOP01-DEL01-MT"
196226;2019-03-10;"domingo";"18:50:00";"MT";163;628;"NOVA MUTUM";"Defeito na Via";"Tombamento";"Com Vítimas Feridas";"Plena Noite";"Crescente";"Chuva";"Simples";"Reta";"Não";1;0;1;0;0;0;1;1;-13,66484401;-56,03702991;"SPRF-MT";"DEL01-MT";"UOP01-DEL01-MT"
196232;2019-03-10;"domingo";"17:15:00";"MG";262;611,4;"IBIA";"Velocidade Incompatível";"Saída de leito carroçável";"Com Vítimas Feridas";"Pleno dia";"Crescente";"Chuva";"Simples";"Declive;Curva";"Não";2;0;1;0;0;1;1;2;-19,59794921;-46,2913541;"SPRF-MG";"DEL08-MG";"UOP02-DEL08-MG"
196233;2019-03-10;"domingo";"21:15:00";"GO";40;155;"CRISTALINA";"Falta de Atenção à Condução";"Colisão traseira";"Com Vítimas Feridas";"Plena Noite";"Decrescente";"Céu Claro";"Simples";"Curva";"Não";4;0;1;0;3;0;1;4;-17,029805;-47,175895;"SPRF-DF";"DEL01-DF";"UOP02-DEL01-DF"
196239;2019-03-10;"domingo";"21:15:00";"MG";381;523,9;"BRUMADINHO";"Velocidade Incompatível";"Colisão lateral";"Sem Vítimas";"Plena Noite";"Crescente";"Chuva";"Dupla";"Declive";"Não";2;0;0;0;1;1;0;2;-20,1530682;-44,32617552;"SPRF-MG";"DEL04-MG";"UOP03-DEL04-MG"
196240;2019-03-10;"domingo";"19:15:00";"SC";280;129,5;"RIO NEGRINHO";"Desobediência às normas de trânsito pelo condutor";"Colisão lateral";"Com Vítimas Feridas";"Plena Noite";"Crescente";"Garoa/Chuvisco";"Simples";"Aclive";"Sim";6;0;3;0;2;1;3;4;-26,24586437;-49,52284615;"SPRF-SC";"DEL06-SC";"UOP03-DEL06-SC"
196245;2019-03-10;"domingo";"20:00:00";"MG";381;530;"RIO MANSO";"Desobediência às normas de trânsito pelo condutor";"Saída de leito carroçável";"Sem Vítimas";"Plena Noite";"Decrescente";"Chuva";"Dupla";"Curva";"Não";3;0;0;0;3;0;0;2;-20,17327539;-44,37545454;"SPRF-MG";"DEL04-MG";"UOP03-DEL04-MG"
196246;2019-03-10;"domingo";"23:00:00";"MG";251;389,7;"GRAO MOGOL";"Falta de Atenção à Condução";"Saída de leito carroçável";"Com Vítimas Feridas";"Plena Noite";"Crescente";"Céu Claro";"Simples";"Reta";"Não";3;0;1;0;1;1;1;2;-16,25060401;-42,84054301;"SPRF-MG";"DEL12-MG";"UOP01-DEL12-MG"
196250;2019-03-10;"domingo";"22:00:00";"SC";101;303;"LAGUNA";"Falta de Atenção à Condução";"Colisão lateral";"Sem Vítimas";"Plena Noite";"Crescente";"Garoa/Chuvisco";"Múltipla";"Reta";"Não";3;0;0;0;2;1;0;3;-28,38138668;-48,7684859;"SPRF-SC";"DEL02-SC";"UOP03-DEL02-SC"
196251;2019-03-10;"domingo";"23:00:00";"SC";470;101,1;"APIUNA";"Ingestão de Álcool";"Colisão frontal";"Sem Vítimas";"Plena Noite";"Crescente";"Garoa/Chuvisco";"Simples";"Curva";"Não";3;0;0;0;2;1;0;3;-27,053085;-49,390018;"SPRF-SC";"DEL04-SC";"UOP02-DEL04-SC"
196255;2019-03-11;"segunda-feira";"00:10:00";"PR";476;169;"CONTENDA";"Condutor Dormindo";"Tombamento";"Sem Vítimas";"Plena Noite";"Decrescente";"Garoa/Chuvisco";"Simples";"Aclive";"Não";2;0;0;0;1;1;0;2;-25,666254;-49,495918;"SPRF-PR";"DEL01-PR";"UOP06-DEL01-PR"
196258;2019-03-10;"domingo";"23:50:00";"PR";376;623;"SAO JOSE DOS PINHAIS";"Falta de Atenção à Condução";"Colisão traseira";"Com Vítimas Feridas";"Plena Noite";"Decrescente";"Nublado";"Dupla";"Reta";"Não";4;0;2;0;1;1;2;3;-25,63462416;-49,16182135;"SPRF-PR";"DEL01-PR";"DEL7/1-UOP08/PR"
196260;2019-03-10;"domingo";"19:00:00";"MG";251;259,5;"CURRAL DE DENTRO";"Defeito Mecânico no Veículo";"Incêndio";"Sem Vítimas";"Plena Noite";"Decrescente";"Céu Claro";"Simples";"Reta";"Não";2;0;0;0;1;1;0;2;-15,98377373;-41,8510437;"SPRF-MG";"DEL11-MG";"UOP02-DEL11-MG"
196262;2019-03-10;"domingo";"20:20:00";"SC";280;152,5;"MAFRA";"Falta de Atenção à Condução";"Colisão frontal";"Com Vítimas Fatais";"Plena Noite";"Decrescente";"Garoa/Chuvisco";"Simples";"Reta";"Não";5;1;0;0;1;3;0;4;-26,22730215;-49,7063452;"SPRF-SC";"DEL06-SC";"UOP03-DEL06-SC"
196268;2019-03-11;"segunda-feira";"03:30:00";"PR";476;125,1;"CURITIBA";"Desobediência às normas de trânsito pelo pedestre";"Atropelamento de Pedestre";"Com Vítimas Fatais";"Pleno dia";"Crescente";"Chuva";"Dupla";"Reta";"Sim";2;1;0;0;1;0;0;2;-25,4083;-49,219658;"SPRF-PR";"DEL01-PR";"UOP07-DEL01-PR"
196273;2019-03-11;"segunda-feira";"04:30:00";"PR";277;659,5;"MATELANDIA";"Velocidade Incompatível";"Colisão com objeto estático";"Com Vítimas Feridas";"Amanhecer";"Crescente";"Céu Claro";"Dupla";"Declive;Curva";"Não";1;0;1;0;0;0;1;1;-25,25031454;-53,98361921;"SPRF-PR";"DEL05-PR";"UOP02-DEL05-PR"
196274;2019-03-11;"segunda-feira";"04:40:00";"MG";40;585;"ITABIRITO";"Falta de Atenção à Condução";"Tombamento";"Com Vítimas Feridas";"Amanhecer";"Crescente";"Chuva";"Simples";"Reta";"Não";2;0;1;0;0;1;1;2;-20,33915445;-43,91990662;"SPRF-MG";"DEL01-MG";"UOP02-DEL01-MG"
196278;2019-03-11;"segunda-feira";"03:30:00";"PE";423;50;"CACHOEIRINHA";"Condutor Dormindo";"Saída de leito carroçável";"Sem Vítimas";"Plena Noite";"Decrescente";"Nublado";"Simples";"Reta";"Não";2;0;0;0;1;1;0;2;-8,57335227;-36,28367654;"SPRF-PE";"DEL03-PE";"UOP01-DEL03-PE"
196279;2019-03-11;"segunda-feira";"05:24:00";"MT";158;706;"BARRA DO GARCAS";"Falta de Atenção à Condução";"Colisão lateral";"Com Vítimas Feridas";"Amanhecer";"Crescente";"Nublado";"Simples";"Reta";"Não";6;0;4;0;2;0;4;2;-15,10820998;-52,21274494;"SPRF-MT";"DEL07-MT";"UOP01-DEL07-MT"
196281;2019-03-11;"segunda-feira";"06:40:00";"SC";470;62,4;"INDAIAL";"Falta de Atenção à Condução";"Colisão lateral";"Com Vítimas Feridas";"Pleno dia";"Crescente";"Céu Claro";"Simples";"Curva";"Sim";5;0;2;0;2;1;2;4;-26,874521;-49,182938;"SPRF-SC";"DEL04-SC";"UOP01-DEL04-SC"
196285;2019-03-11;"segunda-feira";"05:12:00";"RS";392;14,1;"RIO GRANDE";"Animais na Pista";"Tombamento";"Sem Vítimas";"Plena Noite";"Decrescente";"Céu Claro";"Dupla";"Reta";"Não";2;0;0;0;1;2;0;3;-32,11915816;-52,15522135;"SPRF-RS";"DEL07-RS";"UOP02-DEL07-RS"