"id";"data_inversa";"dia_semana";"horario";"uf";"br";"km";"municipio";"causa_acidente";"tipo_acidente";"classificacao_acidente";"fase_dia";"sentido_via";"condicao_metereologica";"tipo_pista";"tracado_via";"uso_solo";"pessoas";"mortos";"feridos_leves";"feridos_graves";"ilesos";"ignorados";"feridos";"veiculos";"latitude";"longitude";"regional";"delegacia";"uop"
196286;2019-03-11;"segunda-feira";"03:00:00";"MA";10;154;"PORTO FRANCO";"Condutor Dormindo";"Saída de leito carroçável";"Com Vítimas Feridas";"Amanhecer";"Crescente";"Céu Claro";"Simples";"Reta";"Sim";2;0;1;0;1;0;1;1;-6,373761;-47,380894;"SPRF-MA";"DEL04-MA";"UOP02-DEL04-MA"
196289;2019-03-11;"segunda-feira";"07:10:00";"SP";101;46,5;"UBATUBA";"Condutor Dormindo";"Colisão frontal";"Com Vítimas Feridas";"Pleno dia";"Crescente";"Chuva";"Simples";"Curva";"Sim";3;0;1;1;1;0;2;3;-23,42887008;-45,0811333;"SPRF-SP";"DEL06-SP";"UOP01-DEL06-SP"
196298;2019-03-11;"segunda-feira";"08:00:00";"ES";101;304;"VIANA";"Ingestão de Álcool";"Engavetamento";"Sem Vítimas";"Pleno dia";"Decrescente";"Sol";"Dupla";"Reta";"Sim";3;0;0;0;3;0;0;3;-20,3800645;-40,45431391;"SPRF-ES";"DEL01-ES";"UOP01-DEL01-ES"
196320;2019-03-11;"segunda-feira";"07:30:00";"MG";251;353,9;"PADRE CARVALHO";"Carga excessiva e/ou mal acondicionada";"Saída de leito carroçável";"Com Vítimas Feridas";"Pleno dia";"Decrescente";"Céu Claro";"Simples";"Reta";"Não";2;0;1;0;0;1;1;2;-16,27666394;-42,55328994;"SPRF-MG";"DEL12-MG";"UOP01-DEL12-MG"
196323;2019-03-11;"segunda-feira";"09:00:00";"PR";116;89;"PIRAQUARA";"Falta de Atenção à Condução";"Colisão traseira";"Com Vítimas Feridas";"Pleno dia";"Decrescente";"Nublado";"Dupla";"Curva";"Não";4;0;0;1;1;3;1;5;-25,482074;-49,105324;"SPRF-PR";"DEL01-PR";"UOP01-DEL01-PR"
196327;2019-03-11;"segunda-feira";"09:35:00";"PE";104;24;"TAQUARITINGA DO NORTE";"Não guardar distância de segurança";"Colisão traseira";"Com Vítimas Fatais";"Pleno dia";"Decrescente";"Sol";"Simples";"Declive;Em Obras;Reta";"Não";4;1;0;1;1;1;1;3;-7,977156;-36,103249;"SPRF-PE";"DEL02-PE";"UOP01-DEL02-PE"
196330;2019-03-11;"segunda-feira";"10:04:00";"PR";476;133,1;"CURITIBA";"Falta de Atenção à Condução";"Colisão lateral";"Com Vítimas Feridas";"Pleno dia";"Decrescente";"Nublado";"Múltipla";"Reta";"Sim";3;0;1;0;1;1;1;3;-25,469219;-49,254143;"SPRF-PR";"DEL01-PR";"UOP07-DEL01-PR"
196341;2019-03-11;"segunda-feira";"07:10:00";"MT";364;346;"SANTO ANTONIO DO LEVERGER";"Falta de Atenção à Condução";"Colisão traseira";"Sem Vítimas";"Pleno dia";"Crescente";"Céu Claro";"Dupla";"Reta";"Não";4;0;0;0;3;5;0;8;-15,81193889;-55,53981241;"SPRF-MT";"DEL02-MT";"UOP02-DEL01-MT"
196355;2019-02-14;"quinta-feira";"10:00:00";"PR";277;41,5;"MORRETES";"Defeito Mecânico no Veículo";"Colisão com objeto estático";"Sem Vítimas";"Pleno dia";"Crescente";"Chuva";"Dupla";"Declive";"Não";3;0;0;0;2;1;0;3;-25,58062986;-48,8763346;"SPRF-PR";"DEL01-PR";"UOP07-DEL01-PR"
196356;2019-03-11;"segunda-feira";"12:45:00";"MG";381;335;"NOVA ERA";"Carga excessiva e/ou mal acondicionada";"Derramamento de carga";"Sem Vítimas";"Pleno dia";"Decrescente";"Céu Claro";"Simples";"Curva";"Não";2;0;0;0;1;2;0;3;-19,81700707;-43,06661887;"SPRF-MG";"DEL03-MG";"UOP01-DEL03-MG"
196357;2019-03-11;"segunda-feira";"12:05:00";"SP";153;162,2;"PROMISSAO";"Desobediência às normas de trânsito pelo condutor";"Colisão lateral";"Com Vítimas Feridas";"Pleno dia";"Crescente";"Sol";"Simples";"Reta";"Não";3;0;1;1;1;0;2;2;-21,52532797;-49,78132669;"SPRF-SP";"DEL07-SP";"UOP01-DEL07-SP"
196367;2019-03-11;"segunda-feira";"13:55:00";"RJ";116;126;"MAGE";"Fenômenos da Natureza";"Colisão com objeto estático";"Sem Vítimas";"Pleno dia";"Decrescente";"Chuva";"Dupla";"Curva";"Sim";2;0;0;0;1;2;0;3;-22,66311288;-43,11579502;"SPRF-RJ";"DEL04-RJ";"UOP02-DEL04-RJ"
196370;2019-03-11;"segunda-feira";"14:30:00";"RN";101;77,4;"NATAL";"Desobediência às normas de trânsito pelo condutor";"Colisão transversal";"Com Vítimas Feridas";"Pleno dia";"Decrescente";"Céu Claro";"Dupla";"Reta";"Sim";3;0;0;1;1;2;1;4;-5,73180495;-35,29112135;"SPRF-RN";"DEL02-RN";"UOP01-DEL02-RN"
196379;2019-03-11;"segunda-feira";"15:40:00";"PE";232;308,9;"SERTANIA";"Desobediência às normas de trânsito pelo condutor";"Colisão traseira";"Sem Vítimas";"Pleno dia";"Crescente";"Céu Claro";"Simples";"Reta";"Não";3;0;0;0;3;0;0;3;-8,1709842;-37,45960426;"SPRF-PE";"DEL03-PE";"UOP02-DEL03-PE"
196380;2019-03-11;"segunda-feira";"15:10:00";"CE";222;313;"TIANGUA";"Desobediência às normas de trânsito pelo condutor";"Colisão transversal";"Com Vítimas Feridas";"Pleno dia";"Crescente";"Nublado";"Simples";"Reta";"Sim";2;0;0;1;1;0;1;2;-3,73120947;-41,00101948;"SPRF-CE";"DEL04-CE";"UOP02-DEL04-CE"
196385;2019-03-11;"segunda-feira";"12:40:00";"MG";116;457,3;"ENGENHEIRO CALDAS";"Desobediência às normas de trânsito pelo condutor";"Colisão transversal";"Com Vítimas Feridas";"Pleno dia";"Crescente";"Céu Claro";"Simples";"Reta";"Sim";4;0;2;0;1;1;2;3;-19,2086853;-42,05227849;"SPRF-MG";"DEL06-MG";"UOP02-DEL06-MG"
196389;2019-03-11;"segunda-feira";"17:05:00";"GO";153;541,5;"HIDROLANDIA";"Desobediência às normas de trânsito pelo condutor";"Colisão traseira";"Com Vítimas Feridas";"Pleno dia";"Decrescente";"Céu Claro";"Dupla";"Reta;Aclive";"Não";3;0;1;0;1;1;1;3;-17,0648;-49,2252;"SPRF-GO";"DEL01-GO";"UOP03-DEL01-GO"
196392;2019-03-11;"segunda-feira";"16:30:00";"PR";272;523;"FRANCISCO ALVES";"Objeto estático sobre o leito carroçável";"Colisão com objeto em movimento";"Com Vítimas Feridas";"Anoitecer";"Crescente";"Céu Claro";"Simples";"Curva";"Não";3;0;1;0;1;1;1;2;-24,06581399;-53,84976994;"SPRF-PR";"DEL06-PR";"UAP01-DEL06-PR"
196396;2019-03-11;"segunda-feira";"15:50:00";"SC";280;128,4;"RIO NEGRINHO";"Falta de Atenção à Condução";"Colisão transversal";"Sem Vítimas";"Pleno dia";"Crescente";"Nublado";"Múltipla";"Aclive;Reta;Interseção de Vias";"Sim";6;0;0;0;6;0;0;2;-26,24317941;-49,51320018;"SPRF-SC";"DEL06-SC";"UOP03-DEL06-SC"
196404;2019-03-11;"segunda-feira";"16:40:00";"RS";386;75,3;"BOA VISTA DAS MISSOES";"Desobediência às normas de trânsito pelo condutor";"Colisão frontal";"Com Vítimas Feridas";"Pleno dia";"Crescente";"Céu Claro";"Simples";"Reta";"Não";2;0;2;0;0;0;2;2;-27,706947;-53,291302;"SPRF-RS";"DEL08-RS";"UOP02-DEL08-RS"
196410;2019-03-11;"segunda-feira";"18:50:00";"PA";230;116;"MARABA";"Desobediência às normas de trânsito pelo condutor";"Colisão transversal";"Com Vítimas Feridas";"Anoitecer";"Crescente";"Nublado";"Dupla";"Reta";"Sim";2;0;1;0;1;0;1;2;-5,35947454;-49,08301084;"SPRF-PA";"DEL03-PA";"UOP01-DEL03-PA"
196411;2019-03-11;"segunda-feira";"14:50:00";"MT";364;289;"JACIARA";"Velocidade Incompatível";"Colisão com objeto estático";"Sem Vítimas";"Pleno dia";"Crescente";"Céu Claro";"Dupla";"Curva";"Não";4;0;0;0;2;2;0;4;-15,90640833;-55,08298593;"SPRF-MT";"DEL02-MT";"UOP02-DEL05-MT"
196414;2019-03-11;"segunda-feira";"18:05:00";"PR";163;288;"MARECHAL CANDIDO RONDON";"Velocidade Incompatível";"Tombamento";"Sem Vítimas";"Anoitecer";"Crescente";"Nublado";"Múltipla";"Curva";"Não";2;0;0;0;1;3;0;4;-24,51982917;-54,07015985;"SPRF-PR";"DEL06-PR";"UOP02-DEL06-PR"
196422;2019-03-11;"segunda-feira";"19:15:00";"PE";423;48;"CACHOEIRINHA";"Animais na Pista";"Tombamento";"Com Vítimas Feridas";"Plena Noite";"Crescente";"Céu Claro";"Simples";"Reta";"Não";2;0;1;0;0;1;1;2;-8,55743702;-36,27516696;"SPRF-PE";"DEL03-PE";"UOP01-DEL03-PE"
196424;2019-03-11;"segunda-feira";"18:15:00";"CE";116;33;"HORIZONTE";"Falta de Atenção à Condução";"Colisão traseira";"Com Vítimas Feridas";"Plena Noite";"Crescente";"Céu Claro";"Dupla";"Reta";"Não";2;0;1;0;1;0;1;2;-4,03469893;-38,51047275;"SPRF-CE";"DEL01-CE";"UOP02-DEL01-CE"
196425;2019-03-11;"segunda-feira";"19:50:00";"ES";101;267,5;"SERRA";"Desobediência às normas de trânsito pelo condutor";"Colisão transversal";"Sem Vítimas";"Plena Noite";"Decrescente";"Céu Claro";"Múltipla";"Reta";"Sim";2;0;0;0;1;1;0;2;-20,19930999;-40,26884609;"SPRF-ES";"DEL02-ES";"UOP01-DEL02-ES"
196429;2019-03-03;"domingo";"18:30:00";"MG";153;126;"PRATA";"Pista Escorregadia";"Saída de leito carroçável";"Com Vítimas Feridas";"Anoitecer";"Crescente";"Chuva";"Dupla";"Reta";"Não";2;0;1;1;0;0;2;1;-19,45454671;-48,8830246;"SPRF-MG";"DEL15-MG";"UOP03-DEL15-MG"
196435;2019-03-11;"segunda-feira";"19:40:00";"GO";60;259,1;"INDIARA";"Falta de Atenção à Condução";"Colisão traseira";"Com Vítimas Fatais";"Anoitecer";"Decrescente";"Céu Claro";"Dupla";"Aclive";"Não";2;1;0;0;0;1;0;2;-17,1596;-50,0359;"SPRF-GO";"DEL01-GO";"UOP02-DEL01-GO"
196438;2019-03-11;"segunda-feira";"19:20:00";"RN";226;328,4;"MESSIAS TARGINO";"Falta de Atenção à Condução";"Atropelamento de Pedestre";"Com Vítimas Fatais";"Plena Noite";"Crescente";"Ignorado";"Simples";"Reta";"Não";3;1;0;1;0;1;1;3;-6,08101897;-37,554691;"SPRF-RN";"DEL04-RN";"UOP01-DEL04-RN"
196445;2019-03-11;"segunda-feira";"21:00:00";"MG";50;64,8;"UBERLANDIA";"Condutor Dormindo";"Colisão traseira";"Com Vítimas Feridas";"Plena Noite";"Crescente";"Nublado";"Dupla";"Aclive;Reta";"Não";3;0;1;0;1;4;1;6;-18,84248402;-48,25258395;"SPRF-MG";"DEL15-MG";"UOP02-DEL15-MG"
196446;2019-03-11;"segunda-feira";"20:55:00";"AL";101;201,1;"SAO SEBASTIAO";"Falta de Atenção à Condução";"Colisão frontal";"Com Vítimas Fatais";"Plena Noite";"Crescente";"Céu Claro";"Dupla";"Reta";"Sim";3;1;0;0;1;1;0;3;-9,95860397;-36,54588466;"SPRF-AL";"DEL02-AL";"UOP02-DEL02-AL"
196450;2019-03-11;"segunda-feira";"20:45:00";"TO";153;285,5;"BRASILANDIA DO TOCANTINS";"Falta de Atenção à Condução";"Tombamento";"Com Vítimas Feridas";"Plena Noite";"Decrescente";"Céu Claro";"Simples";"Declive";"Não";1;0;1;0;0;0;1;1;-8,39933509;-48,48484742;"SPRF-TO";"DEL02-TO";"UOP02-DEL02-TO"
196451;2019-03-11;"segunda-feira";"21:20:00";"BA";101;171;"FEIRA DE SANTANA";"Falta de Atenção à Condução";"Colisão transversal";"Com Vítimas Fatais";"Plena Noite";"Crescente";"Céu Claro";"Simples";"Reta";"Sim";2;1;0;0;1;0;0;2;-12,35664639;-38,86093184;"SPRF-BA";"DEL01-BA";"UOP03-DEL01-BA"
196456;2019-03-11;"segunda-feira";"17:35:00";"RS";116;40,2;"VACARIA";"Falta de Atenção à Condução";"Colisão transversal";"Com Vítimas Feridas";"Pleno dia";"Decrescente";"Chuva";"Simples";"Interseção de Vias";"Sim";3;0;1;0;2;0;1;2;-28,51839098;-50,93942202;"SPRF-RS";"DEL05-RS";"UOP03-DEL05-RS"
196462;2019-03-12;"terça-feira";"00:00:00";"PR";277;712;"SANTA TEREZINHA DE ITAIPU";"Falta de Atenção à Condução";"Tombamento";"Sem Vítimas";"Plena Noite";"Decrescente";"Chuva";"Dupla";"Reta";"Não";1;0;0;0;1;0;0;1;-25,45780735;-54,43119986;"SPRF-PR";"DEL05-PR";"UOP01-DEL05-PR"
196463;2019-02-28;"quinta-feira";"06:10:00";"MG";365;726,5;"ITUIUTABA";"Velocidade Incompatível";"Colisão traseira";"Com Vítimas Feridas";"Amanhecer";"Decrescente";"Chuva";"Simples";"Reta";"Não";4;0;1;0;3;0;1;3;-18,89215248;-49,23735917;"SPRF-MG";"DEL15-MG";"UOP03-DEL15-MG"
196464;2019-03-12;"terça-feira";"00:10:00";"MG";365;608;"UBERLANDIA";"Deficiência ou não Acionamento do Sistema de Iluminação/Sinalização do Veículo";"Colisão traseira";"Com Vítimas Feridas";"Plena Noite";"Crescente";"Céu Claro";"Simples";"Reta";"Sim";4;0;0;1;0;3;1;4;-18,9265447;-48,19551945;"SPRF-MG";"DEL15-MG";"UOP01-DEL15-MG"
196466;2019-03-11;"segunda-feira";"23:45:00";"MS";163;529;"JARAGUARI";"Condutor Dormindo";"Saída de leito carroçável";"Com Vítimas Feridas";"Plena Noite";"Crescente";"Nublado";"Simples";"Reta";"Não";2;0;1;0;0;1;1;2;-20,08519991;-54,43235422;"SPRF-MS";"DEL01-MS";"UOP02-DEL01-MS"
196474;2019-03-12;"terça-feira";"02:20:00";"MG";381;422;"CAETE";"Defeito Mecânico no Veículo";"Tombamento";"Sem Vítimas";"Plena Noite";"Crescente";"Céu Claro";"Simples";"Reta";"Não";1;0;0;0;1;0;0;1;-19,78353087;-43,66633394;"SPRF-MG";"DEL01-MG";"UOP01-DEL01-MG"
196475;2019-03-12;"terça-feira";"03:25:00";"SP";116;167;"JACAREI";"Falta de Atenção à Condução";"Colisão traseira";"Com Vítimas Feridas";"Plena Noite";"Decrescente";"Céu Claro";"Dupla";"Reta";"Sim";5;0;3;0;2;0;3;2;-23,30254924;-46,02640493;"SPRF-SP";"DEL02-SP";"UOP01-DEL02-SP"
196477;2019-03-12;"terça-feira";"03:15:00";"TO";226;36,5;"DARCINOPOLIS";"Defeito na Via";"Tombamento";"Com Vítimas Feridas";"Plena Noite";"Decrescente";"Nublado";"Simples";"Reta";"Não";2;0;1;0;0;3;1;4;-6,682549;-47,739311;"SPRF-TO";"DEL02-TO";"UOP03-DEL02-TO"
196479;2019-03-12;"terça-feira";"06:15:00";"SP";116;486,3;"CAJATI";"Falta de Atenção à Condução";"Colisão traseira";"Com Vítimas Feridas";"Pleno dia";"Decrescente";"Nublado";"Dupla";"Curva";"Não";4;0;1;0;2;1;1;2;-24,7217453;-48,08178493;"SPRF-SP";"DEL05-SP";"UAP01-DEL05-SP"
196480;2019-03-12;"terça-feira";"05:00:00";"PB";230;34;"SANTA RITA";"Não guardar distância de segurança";"Colisão traseira";"Sem Vítimas";"Amanhecer";"Decrescente";"Céu Claro";"Simples";"Reta";"Sim";2;0;0;0;2;0;0;2;-7,131;-34,9332;"SPRF-PB";"DEL01-PB";"UOP01-DEL01-PB"
196496;2019-03-12;"terça-feira";"08:30:00";"BA";324;581;"CANDEIAS";"Falta de Atenção à Condução";"Colisão lateral";"Sem Vítimas";"Pleno dia";"Crescente";"Nublado";"Dupla";"Reta";"Não";2;0;0;0;2;0;0;2;-12,60312907;-38,50096504;"SPRF-BA";"DEL01-BA";"UOP01-DEL01-BA"
196497;2019-03-12;"terça-feira";"08:15:00";"PR";116;117,1;"CURITIBA";"Falta de Atenção à Condução";"Colisão traseira";"Com Vítimas Feridas";"Pleno dia";"Crescente";"Nublado";"Dupla";"Declive;Curva";"Sim";3;0;0;1;1;1;1;3;-25,56002922;-49,30750966;"SPRF-PR";"DEL01-PR";"UOP07-DEL01-PR"
196498;2019-03-12;"terça-feira";"07:55:00";"ES";101;147;"LINHARES";"Desobediência às normas de trânsito pelo condutor";"Colisão transversal";"Com Vítimas Feridas";"Pleno dia";"Decrescente";"Céu Claro";"Múltipla";"Interseção de Vias";"Não";3;0;0;1;2;0;1;2;-19,37887202;-40,06657892;"SPRF-ES";"DEL04-ES";"UOP01-DEL04-ES"
196500;2019-03-12;"terça-feira";"07:00:00";"SC";282;236,6;"LAGES";"Velocidade Incompatível";"Saída de leito carroçável";"Com Vítimas Feridas";"Pleno dia";"Crescente";"Chuva";"Simples";"Curva";"Não";2;0;0;2;0;0;2;1;-27,78798548;-50,48689842;"SPRF-SC";"DEL05-SC";"UOP02-DEL05-SC"
196501;2019-03-12;"terça-feira";"02:30:00";"MT";70;497;"CUIABA";"Falta de Atenção à Condução";"Saída de leito carroçável";"Sem Vítimas";"Plena Noite";"Decrescente";"Nublado";"Simples";"Reta";"Não";1;0;0;0;1;0;0;1;-15,69464314;-55,89988508;"SPRF-MT";"DEL02-MT";"UOP02-DEL01-MT"
196503;2019-02-25;"segunda-feira";"14:20:00";"MG";116;299,8;"ITAMBACURI";"Pista Escorregadia";"Colisão frontal";"Com Vítimas Fatais";"Pleno dia";"Decrescente";"Chuva";"Simples";"Reta";"Não";6;3;0;0;2;1;0;3;-18,01440977;-41,58590876;"SPRF-MG";"DEL11-MG";"UOP01-DEL11-MG"
196504;2019-03-12;"terça-feira";"09:50:00";"PE";101;68,8;"RECIFE";"Falta de Atenção à Condução";"Colisão lateral";"Sem Vítimas";"Pleno dia";"Crescente";"Nublado";"Múltipla";"Reta";"Sim";3;0;0;0;3;0;0;2;-8,05074296;-34,94580619;"SPRF-PE";"DEL01-PE";"UOP01-DEL01-PE"
196511;2019-03-12;"terça-feira";"08:40:00";"SC";282;368,8;"ERVAL VELHO";"Velocidade Incompatível";"Colisão transversal";"Com Vítimas Feridas";"Pleno dia";"Crescente";"Garoa/Chuvisco";"Simples";"Reta";"Não";4;0;1;0;2;1;1;3;-27,283747;-51,434963;"SPRF-SC";"DEL07-SC";"UOP05-DEL07-SC"
196512;2019-03-11;"segunda-feira";"10:00:00";"BA";101;284;"LAJE";"Desobediência às normas de trânsito pelo condutor";"Colisão lateral";"Com Vítimas Feridas";"Pleno dia";"Crescente";"Céu Claro";"Simples";"Reta";"Não";2;0;0;1;1;0;1;2;-13,26062292;-39,32435125;"SPRF-BA";"DEL01-BA";"UOP02-DEL01-BA"
196522;2019-03-12;"terça-feira";"11:40:00";"CE";304;47;"ARACATI";"Defeito Mecânico no Veículo";"Incêndio";"Sem Vítimas";"Pleno dia";"Decrescente";"Céu Claro";"Dupla";"Reta";"Sim";2;0;0;0;1;1;0;2;-4,57573881;-37,78945494;"SPRF-CE";"DEL03-CE";"UOP03-DEL03-CE"
196529;2019-03-12;"terça-feira";"09:20:00";"PB";101;81,2;"BAYEUX";"Falta de Atenção à Condução";"Colisão lateral";"Sem Vítimas";"Pleno dia";"Crescente";"Nublado";"Simples";"Reta";"Sim";5;0;0;0;4;1;0;3;-7,12508575;-34,94513217;"SPRF-PB";"DEL01-PB";"UOP01-DEL01-PB"
196534;2019-03-12;"terça-feira";"11:50:00";"PR";163;319;"GUAIRA";"Não guardar distância de segurança";"Colisão traseira";"Sem Vítimas";"Pleno dia";"Decrescente";"Céu Claro";"Simples";"Reta";"Não";3;0;0;0;2;2;0;4;-24,35318399;-54,14934204;"SPRF-PR";"DEL06-PR";"UOP01-DEL06-PR"
196540;2019-03-12;"terça-feira";"12:30:00";"PA";316;93,7;"SAO FRANCISCO DO PARA";"Pista Escorregadia";"Colisão transversal";"Sem Vítimas";"Pleno dia";"Crescente";"Chuva";"Simples";"Reta";"Não";3;0;0;0;3;0;0;2;-1,32412974;-47,66551295;"SPRF-PA";"DEL01-PA";"UOP02-DEL01-PA"
196545;2019-03-12;"terça-feira";"14:00:00";"GO";60;104;"GOIANAPOLIS";"Pista Escorregadia";"Saída de leito carroçável";"Com Vítimas Feridas";"Pleno dia";"Crescente";"Chuva";"Dupla";"Declive;Reta";"Não";2;0;1;0;0;1;1;2;-16,4118;-49,0004;"SPRF-GO";"DEL02-GO";"UOP01-DEL02-GO"
196547;2019-03-12;"terça-feira";"14:55:00";"SC";101;198;"BIGUACU";"Não guardar distância de segurança";"Colisão traseira";"Com Vítimas Feridas";"Pleno dia";"Decrescente";"Chuva";"Dupla";"Reta";"Não";4;0;1;0;3;0;1;4;-27,52658712;-48,63506019;"SPRF-SC";"DEL01-SC";"UOP01-DEL01-SC"
196555;2019-03-12;"terça-feira";"13:50:00";"MG";365;621,1;"UBERLANDIA";"Defeito Mecânico no Veículo";"Engavetamento";"Sem Vítimas";"Pleno dia";"Crescente";"Céu Claro";"Dupla";"Reta";"Sim";5;0;0;0;5;0;0;5;-18,89550683;-48,27167273;"SPRF-MG";"DEL15-MG";"UOP01-DEL15-MG"
196557;2019-03-12;"terça-feira";"14:00:00";"MT";364;484;"JANGADA";"Pista Escorregadia";"Saída de leito carroçável";"Sem Vítimas";"Pleno dia";"Decrescente";"Nublado";"Simples";"Reta";"Não";1;0;0;0;1;0;0;1;-15,37386488;-56,40350683;"SPRF-MT";"DEL01-MT";"DEL2/4-UOP02/MT"
196564;2019-03-12;"terça-feira";"14:50:00";"MS";267;482;"JARDIM";"Falta de Atenção à Condução";"Colisão transversal";"Com Vítimas Feridas";"Pleno dia";"Crescente";"Céu Claro";"Simples";"Reta";"Sim";2;0;1;0;1;0;1;2;-21,48307021;-56,14631299;"SPRF-MS";"DEL05-MS";"UOP01-DEL05-MS"
196577;2019-03-12;"terça-feira";"17:00:00";"SC";282;21;"PALHOCA";"Falta de Atenção à Condução";"Colisão frontal";"Com Vítimas Feridas";"Pleno dia";"Decrescente";"Chuva";"Simples";"Curva";"Não";3;0;1;0;1;2;1;4;-27,68907;-48,717541;"SPRF-SC";"DEL01-SC";"UOP02-DEL01-SC"
196579;2019-03-12;"terça-feira";"18:05:00";"RJ";116;289,4;"BARRA MANSA";"Pista Escorregadia";"Colisão com objeto estático";"Sem Vítimas";"Anoitecer";"Crescente";"Chuva";"Dupla";"Aclive;Curva";"Não";5;0;0;0;4;1;0;4;-22,48279212;-44,25963807;"SPRF-RJ";"DEL07-RJ";"UOP02-DEL07-RJ"
196584;2019-03-12;"terça-feira";"15:20:00";"SC";153;39,5;"VARGEM BONITA";"Falta de Atenção à Condução";"Saída de leito carroçável";"Com Vítimas Feridas";"Pleno dia";"Crescente";"Chuva";"Simples";"Reta";"Não";2;0;1;0;0;1;1;2;-26,836941;-51,74242;"SPRF-SC";"DEL07-SC";"UOP07-DEL07-SC"
196597;2019-03-12;"terça-feira";"18:20:00";"GO";40;3;"VALPARAISO DE GOIAS";"Desobediência às normas de trânsito pelo condutor";"Colisão traseira";"Com Vítimas Feridas";"Plena Noite";"Crescente";"Garoa/Chuvisco";"Dupla";"Reta";"Sim";3;0;1;0;2;0;1;2;-16,076081;-47,985671;"SPRF-DF";"DEL01-DF";"UOP01-DEL01-DF"
196598;2019-03-12;"terça-feira";"18:15:00";"PR";277;4;"PARANAGUA";"Animais na Pista";"Colisão frontal";"Com Vítimas Feridas";"Anoitecer";"Decrescente";"Nublado";"Simples";"Reta";"Sim";3;0;1;0;1;2;1;4;-25,55576078;-48,56437683;"SPRF-PR";"DEL01-PR";"UOP05-DEL01-PR"
196605;2019-03-12;"terça-feira";"14:05:00";"RS";116;592,1;"ARROIO GRANDE";"Condutor Dormindo";"Saída de leito carroçável";"Sem Vítimas";"Pleno dia";"Crescente";"Céu Claro";"Simples";"Curva";"Não";2;0;0;0;1;1;0;2;-32,07459663;-52,88596038;"SPRF-RS";"DEL07-RS";"UOP03-DEL07-RS"
196606;2019-03-12;"terça-feira";"18:30:00";"MA";230;72;"SUCUPIRA DO RIACHAO";"Falta de Atenção à Condução";"Colisão frontal";"Com Vítimas Fatais";"Anoitecer";"Crescente";"Ignorado";"Simples";"Reta";"Não";4;1;0;0;3;0;0;2;-6,57349085;-43,46943369;"SPRF-PI";"DEL03-PI";"UOP01-DEL03-PI"
196622;2019-03-12;"terça-feira";"19:00:00";"PR";467;73,2;"TOLEDO";"Falta de Atenção à Condução";"Colisão traseira";"Com Vítimas Feridas";"Anoitecer";"Crescente";"Céu Claro";"Dupla";"Declive";"Não";4;0;1;0;2;1;1;4;-24,7322;-53,7;"SPRF-PR";"DEL04-PR";"UOP01-DEL04-PR"
196625;2019-03-12;"terça-feira";"20:45:00";"PR";376;459;"TIBAGI";"Velocidade Incompatível";"Saída de leito carroçável";"Sem Vítimas";"Plena Noite";"Crescente";"Chuva";"Dupla";"Declive;Curva";"Não";6;0;0;0;5;1;0;4;-24,9421333;-50,40342808;"SPRF-PR";"DEL03-PR";"UOP01-DEL03-PR"
196628;2019-03-12;"terça-feira";"21:00:00";"ES";101;332,1;"GUARAPARI";"Ingestão de Álcool";"Tombamento";"Com Vítimas Feridas";"Plena Noite";"Crescente";"Céu Claro";"Simples";"Curva";"Não";2;0;0;1;0;1;1;2;-20,60724162;-40,50889326;"SPRF-ES";"DEL03-ES";"UOP01-DEL03-ES"
196635;2019-03-12;"terça-feira";"20:20:00";"RJ";493;108;"ITAGUAI";"Falta de Atenção à Condução";"Colisão traseira";"Com Vítimas Feridas";"Plena Noite";"Decrescente";"Nublado";"Dupla";"Reta";"Não";4;0;1;0;3;0;1;2;-22,79378;-43,78277;"SPRF-RJ";"DEL03-RJ";"UOP01-DEL03-RJ"
196637;2019-03-12;"terça-feira";"15:20:00";"MT";174;554,9;"COMODORO";"Defeito Mecânico no Veículo";"Colisão lateral";"Sem Vítimas";"Pleno dia";"Crescente";"Céu Claro";"Simples";"Aclive";"Não";3;0;0;0;2;5;0;7;-13,100123;-59,888706;"SPRF-RO";"DEL04-RO";"UOP01-DEL04-RO"
196639;2019-03-12;"terça-feira";"22:50:00";"SE";101;21,5;"MALHADA DOS BOIS";"Ingestão de Álcool";"Atropelamento de Animal";"Com Vítimas Feridas";"Plena Noite";"Crescente";"Céu Claro";"Dupla";"Reta";"Sim";3;0;1;0;2;0;1;2;-10,36933692;-36,91236318;"SPRF-SE";"DEL02-SE";"UOP02-DEL02-SE"
196640;2019-03-12;"terça-feira";"20:50:00";"MA";135;93;"ITAPECURU MIRIM";"Defeito na Via";"Tombamento";"Com Vítimas Feridas";"Plena Noite";"Decrescente";"Céu Claro";"Simples";"Reta";"Sim";2;0;1;0;0;2;1;3;-3,31440313;-44,43044386;"SPRF-MA";"DEL01-MA";"UOP02-DEL01-MA"
196641;2019-03-12;"terça-feira";"23:40:00";"MG";365;480;"PATROCINIO";"Restrição de Visibilidade";"Colisão lateral";"Com Vítimas Feridas";"Plena Noite";"Crescente";"Céu Claro";"Simples";"Reta";"Não";6;0;0;1;4;2;1;5;-18,90209;-47,055098;"SPRF-MG";"DEL10-MG";"UOP01-DEL10-MG"