"id";"data_inversa";"dia_semana";"horario";"uf";"br";"km";"municipio";"causa_acidente";"tipo_acidente";"classificacao_acidente";"fase_dia";"sentido_via";"condicao_metereologica";"tipo_pista";"tracado_via";"uso_solo";"pessoas";"mortos";"feridos_leves";"feridos_graves";"ilesos";"ignorados";"feridos";"veiculos";"latitude";"longitude";"regional";"delegacia";"uop"
196874;2019-03-14;"quinta-feira";"08:15:00";"SC";101;119;"ITAJAI";"Falta de Atenção à Condução";"Colisão traseira";"Com Vítimas Feridas";"Pleno dia";"Decrescente";"Sol";"Dupla";"Reta";"Não";4;0;1;0;3;0;1;4;-26,9043179;-48,71555481;"SPRF-SC";"DEL04-SC";"UOP04-DEL04-SC"
196876;2019-03-14;"quinta-feira";"09:00:00";"PE";101;74,7;"RECIFE";"Falta de Atenção à Condução";"Colisão frontal";"Sem Vítimas";"Pleno dia";"Decrescente";"Céu Claro";"Dupla";"Reta";"Sim";2;0;0;0;1;1;0;2;-8,107553;-34,947738;"SPRF-PE";"DEL01-PE";"UOP01-DEL01-PE"
196877;2019-03-14;"quinta-feira";"07:45:00";"RS";116;524,6;"PELOTAS";"Falta de Atenção à Condução";"Engavetamento";"Com Vítimas Feridas";"Pleno dia";"Decrescente";"Céu Claro";"Dupla";"Reta";"Não";5;0;1;0;4;0;1;5;-31,72863738;-52,38746675;"SPRF-RS";"DEL07-RS";"UOP01-DEL07-RS"
196881;2019-03-14;"quinta-feira";"07:45:00";"PR";376;660,2;"TIJUCAS DO SUL";"Velocidade Incompatível";"Engavetamento";"Sem Vítimas";"Pleno dia";"Crescente";"Céu Claro";"Dupla";"Curva";"Não";10;0;0;0;9;5;0;14;-25,8516758;-49,00332398;"SPRF-PR";"DEL01-PR";"DEL7/1-UOP08/PR"
196892;2019-03-14;"quinta-feira";"10:25:00";"RS";287;282;"SAO PEDRO DO SUL";"Ingestão de Álcool";"Colisão transversal";"Com Vítimas Feridas";"Pleno dia";"Crescente";"Céu Claro";"Simples";"Reta";"Não";3;0;1;0;2;0;1;2;-29,63590192;-54,18948019;"SPRF-RS";"DEL09-RS";"UOP01-DEL09-RS"
196895;2019-02-26;"terça-feira";"16:30:00";"MG";262;358,1;"BETIM";"Velocidade Incompatível";"Saída de leito carroçável";"Sem Vítimas";"Pleno dia";"Crescente";"Chuva";"Dupla";"Curva";"Não";2;0;0;0;1;1;0;2;-19,976;-44,2595;"SPRF-MG";"DEL01-MG";"UOP03-DEL01-MG"
196899;2019-03-14;"quinta-feira";"11:00:00";"PB";101;54;"SANTA RITA";"Velocidade Incompatível";"Colisão traseira";"Com Vítimas Feridas";"Pleno dia";"Crescente";"Céu Claro";"Dupla";"Reta";"Não";2;0;1;0;1;0;1;2;-6,95396379;-35,09058058;"SPRF-PB";"DEL01-PB";"UOP04-DEL01-PB"
196900;2019-03-14;"quinta-feira";"06:45:00";"MG";381;908,6;"CAMBUI";"Velocidade Incompatível";"Colisão lateral";"Sem Vítimas";"Amanhecer";"Crescente";"Chuva";"Múltipla";"Curva";"Não";3;0;0;0;2;3;0;5;-22,71744092;-46,12652111;"SPRF-MG";"DEL16-MG";"UOP03-DEL16-MG"
196902;2019-03-14;"quinta-feira";"10:30:00";"RJ";101;59;"CAMPOS DOS GOYTACAZES";"Não guardar distância de segurança";"Colisão traseira";"Sem Vítimas";"Pleno dia";"Crescente";"Céu Claro";"Simples";"Reta";"Sim";3;0;0;0;2;1;0;3;-21,71366497;-41,30861915;"SPRF-RJ";"DEL08-RJ";"UOP01-DEL08-RJ"
196906;2019-03-14;"quinta-feira";"12:15:00";"RS";101;87;"OSORIO";"Falta de Atenção à Condução";"Saída de leito carroçável";"Com Vítimas Feridas";"Pleno dia";"Crescente";"Céu Claro";"Simples";"Interseção de Vias";"Sim";3;0;1;0;1;2;1;4;-29,88364911;-50,26780701;"SPRF-RS";"DEL03-RS";"UOP01-DEL03-RS"
196911;2019-03-14;"quinta-feira";"13:20:00";"RJ";116;292;"PORTO REAL";"Falta de Atenção à Condução";"Colisão traseira";"Sem Vítimas";"Pleno dia";"Crescente";"Céu Claro";"Dupla";"Interseção de Vias";"Sim";2;0;0;0;2;0;0;2;-22,46511993;-44,28491095;"SPRF-RJ";"DEL07-RJ";"DEL5/7-UOP03/RJ"
196913;2019-03-02;"sábado";"16:00:00";"GO";158;48;"BOM JARDIM DE GOIAS";"Falta de Atenção à Condução";"Saída de leito carroçável";"Com Vítimas Feridas";"Pleno dia";"Crescente";"Céu Claro";"Simples";"Reta";"Não";4;0;1;0;2;1;1;3;-16,21599325;-52,12085724;"SPRF-GO";"DEL04-GO";"UOP01-DEL04-GO"
196914;2019-03-14;"quinta-feira";"13:00:00";"PB";230;411;"POMBAL";"Condutor Dormindo";"Colisão frontal";"Com Vítimas Feridas";"Pleno dia";"Crescente";"Nublado";"Simples";"Reta";"Não";3;0;1;1;1;0;2;2;-6,7409;-37,7871;"SPRF-PB";"DEL03-PB";"UOP02-DEL03-PB"
196915;2019-03-14;"quinta-feira";"07:40:00";"TO";153;488,7;"PARAISO DO TOCANTINS";"Defeito Mecânico no Veículo";"Saída de leito carroçável";"Com Vítimas Feridas";"Pleno dia";"Decrescente";"Sol";"Simples";"Reta";"Não";3;0;2;0;0;1;2;2;-10,1095071;-48,87437183;"SPRF-TO";"DEL02-TO";"UOP01-DEL01-TO"
196916;2019-03-14;"quinta-feira";"12:20:00";"SP";381;60;"MAIRIPORA";"Falta de Atenção à Condução";"Colisão traseira";"Sem Vítimas";"Pleno dia";"Crescente";"Sol";"Dupla";"Curva";"Não";3;0;0;0;3;0;0;2;-23,28957673;-46,58729853;"SPRF-SP";"DEL03-SP";"UOP01-DEL03-SP"
196920;2019-03-14;"quinta-feira";"14:00:00";"RN";226;3;"NATAL";"Defeito Mecânico no Veículo";"Colisão lateral";"Com Vítimas Feridas";"Pleno dia";"Decrescente";"Céu Claro";"Simples";"Curva";"Sim";4;0;3;0;1;0;3;3;-5,82085671;-35,25187091;"SPRF-RN";"DEL01-RN";"UOP02-DEL01-RN"
196922;2019-03-14;"quinta-feira";"14:20:00";"PR";376;645,3;"TIJUCAS DO SUL";"Velocidade Incompatível";"Colisão traseira";"Sem Vítimas";"Pleno dia";"Crescente";"Céu Claro";"Dupla";"Reta";"Não";3;0;0;0;2;2;0;4;-25,82417238;-49,12463665;"SPRF-PR";"DEL01-PR";"DEL7/1-UOP08/PR"
196924;2019-03-14;"quinta-feira";"14:50:00";"GO";153;510;"APARECIDA DE GOIANIA";"Desobediência às normas de trânsito pelo condutor";"Colisão traseira";"Com Vítimas Feridas";"Pleno dia";"Crescente";"Céu Claro";"Dupla";"Reta";"Sim";2;0;1;0;1;0;1;2;-16,7977;-49,2386;"SPRF-GO";"DEL01-GO";"UOP03-DEL01-GO"
196928;2019-03-14;"quinta-feira";"15:25:00";"SP";116;217;"GUARULHOS";"Não guardar distância de segurança";"Colisão traseira";"Sem Vítimas";"Pleno dia";"Crescente";"Céu Claro";"Simples";"Curva";"Não";2;0;0;0;2;0;0;2;-23,45368553;-46,47167402;"SPRF-SP";"DEL01-SP";"UOP01-DEL01-SP"
196939;2019-03-14;"quinta-feira";"16:00:00";"DF";20;20;"BRASILIA";"Defeito Mecânico no Veículo";"Derramamento de carga";"Sem Vítimas";"Pleno dia";"Crescente";"Nublado";"Dupla";"Declive";"Sim";2;0;0;0;1;1;0;2;-15,607905;-47,692791;"SPRF-DF";"DEL02-DF";"UOP01-DEL02-DF"
196941;2019-03-14;"quinta-feira";"09:10:00";"MG";381;804,8;"SAO GONCALO DO SAPUCAI";"Falta de Atenção à Condução";"Colisão traseira";"Sem Vítimas";"Pleno dia";"Decrescente";"Garoa/Chuvisco";"Dupla";"Curva";"Não";2;0;0;0;1;1;0;2;-21,996186;-45,6744899;"SPRF-MG";"DEL16-MG";"UOP02-DEL16-MG"
196942;2019-03-14;"quinta-feira";"14:25:00";"PR";476;270;"SAO MATEUS DO SUL";"Falta de Atenção à Condução";"Colisão traseira";"Sem Vítimas";"Pleno dia";"Crescente";"Sol";"Simples";"Reta";"Não";3;0;0;0;2;1;0;3;-25,897345;-50,33913;"SPRF-PR";"DEL02-PR";"UOP04-DEL02-PR"
196947;2019-03-14;"quinta-feira";"17:00:00";"BA";101;655;"ITAPEBI";"Velocidade Incompatível";"Tombamento";"Com Vítimas Feridas";"Pleno dia";"Crescente";"Céu Claro";"Simples";"Declive;Curva";"Não";2;0;1;0;0;1;1;2;-16,06032115;-39,61950067;"SPRF-BA";"DEL05-BA";"UOP02-DEL05-BA"
196948;2019-03-14;"quinta-feira";"17:00:00";"MG";381;411;"NOVA UNIAO";"Objeto estático sobre o leito carroçável";"Colisão frontal";"Com Vítimas Feridas";"Pleno dia";"Decrescente";"Céu Claro";"Simples";"Reta";"Não";8;0;4;1;1;2;5;5;-19,73988455;-43,55667114;"SPRF-MG";"DEL01-MG";"UOP01-DEL01-MG"
196958;2019-03-14;"quinta-feira";"18:00:00";"PE";232;332;"CUSTODIA";"Velocidade Incompatível";"Colisão traseira";"Sem Vítimas";"Plena Noite";"Decrescente";"Chuva";"Simples";"Reta";"Sim";3;0;0;0;3;0;0;3;-8,08916179;-37,62141598;"SPRF-PE";"DEL03-PE";"UOP02-DEL03-PE"
196960;2019-03-14;"quinta-feira";"15:35:00";"PR";153;129,8;"VENTANIA";"Carga excessiva e/ou mal acondicionada";"Derramamento de carga";"Sem Vítimas";"Pleno dia";"Decrescente";"Chuva";"Simples";"Curva";"Não";2;0;0;0;1;3;0;4;-23,99700208;-50,23935776;"SPRF-PR";"DEL07-PR";"UOP04-DEL07-PR"
196965;2019-03-14;"quinta-feira";"17:40:00";"MG";381;350,8;"JOAO MONLEVADE";"Falta de Atenção à Condução";"Colisão traseira";"Com Vítimas Feridas";"Pleno dia";"Crescente";"Céu Claro";"Simples";"Reta";"Sim";5;0;3;0;2;0;3;2;-19,84953832;-43,15779198;"SPRF-MG";"DEL03-MG";"UOP01-DEL03-MG"
196967;2019-03-14;"quinta-feira";"17:15:00";"BA";101;716,3;"ITABELA";"Falta de Atenção à Condução";"Colisão transversal";"Com Vítimas Feridas";"Plena Noite";"Decrescente";"Céu Claro";"Simples";"Interseção de Vias";"Sim";2;0;1;0;1;0;1;2;-16,53177499;-39,56684478;"SPRF-BA";"DEL09-BA";"UOP01-DEL09-BA"
196970;2019-03-14;"quinta-feira";"18:30:00";"SE";101;190;"CRISTINAPOLIS";"Animais na Pista";"Atropelamento de Animal";"Com Vítimas Feridas";"Plena Noite";"Decrescente";"Chuva";"Simples";"Reta";"Não";3;0;1;0;1;1;1;3;-11,42524494;-37,71286607;"SPRF-SE";"DEL02-SE";"UOP03-DEL02-SE"
196975;2019-03-14;"quinta-feira";"18:40:00";"PE";101;43;"IGARASSU";"Falta de Atenção à Condução";"Colisão lateral";"Sem Vítimas";"Plena Noite";"Decrescente";"Céu Claro";"Dupla";"Reta";"Sim";2;0;0;0;2;0;0;2;-7,84753808;-34,90977038;"SPRF-PE";"DEL01-PE";"UOP02-DEL01-PE"
196979;2019-03-02;"sábado";"11:00:00";"BA";101;449;"AURELINO LEAL";"Não guardar distância de segurança";"Colisão traseira";"Com Vítimas Feridas";"Pleno dia";"Decrescente";"Céu Claro";"Simples";"Aclive";"Não";5;0;2;0;3;0;2;3;-14,35353914;-39,31663513;"SPRF-BA";"DEL05-BA";"UOP01-DEL05-BA"
196980;2019-03-14;"quinta-feira";"18:40:00";"ES";101;289;"CARIACICA";"Desobediência às normas de trânsito pelo condutor";"Colisão traseira";"Com Vítimas Feridas";"Plena Noite";"Crescente";"Nublado";"Dupla";"Reta";"Não";5;0;3;0;2;0;3;3;-20,28029304;-40,39302931;"SPRF-ES";"DEL01-ES";"UOP01-DEL01-ES"
196987;2019-03-14;"quinta-feira";"19:00:00";"BA";101;251;"CONCEICAO DO ALMEIDA";"Animais na Pista";"Atropelamento de Animal";"Com Vítimas Fatais";"Plena Noite";"Crescente";"Céu Claro";"Simples";"Reta";"Não";2;1;0;0;0;1;0;2;-12,99277217;-39,28802128;"SPRF-BA";"DEL01-BA";"UOP02-DEL01-BA"
196992;2019-03-14;"quinta-feira";"15:30:00";"MG";116;446,5;"ENGENHEIRO CALDAS";"Ultrapassagem Indevida";"Saída de leito carroçável";"Com Vítimas Feridas";"Pleno dia";"Decrescente";"Céu Claro";"Simples";"Reta";"Não";1;0;1;0;0;0;1;1;-19,12011982;-42,00851425;"SPRF-MG";"DEL06-MG";"UOP02-DEL06-MG"
196995;2019-03-14;"quinta-feira";"20:20:00";"RS";290;145,1;"ELDORADO DO SUL";"Desobediência às normas de trânsito pelo condutor";"Colisão transversal";"Sem Vítimas";"Plena Noite";"Decrescente";"Céu Claro";"Simples";"Interseção de Vias";"Sim";3;0;0;0;1;3;0;4;-30,100563;-51,656773;"SPRF-RS";"DEL02-RS";"UOP01-DEL02-RS"
196996;2019-03-14;"quinta-feira";"20:45:00";"MG";251;351,2;"FRUTA DE LEITE";"Velocidade Incompatível";"Colisão traseira";"Com Vítimas Feridas";"Plena Noite";"Decrescente";"Céu Claro";"Simples";"Reta";"Não";4;0;1;1;1;2;2;4;-16,287026;-42,53906;"SPRF-MG";"DEL12-MG";"UOP01-DEL12-MG"
196998;2019-01-25;"sexta-feira";"12:10:00";"BA";116;676;"JEQUIE";"Falta de Atenção à Condução";"Tombamento";"Sem Vítimas";"Pleno dia";"Decrescente";"Céu Claro";"Simples";"Reta";"Não";2;0;0;0;1;2;0;3;-13,87518584;-40,13289236;"SPRF-BA";"DEL03-BA";"UOP01-DEL03-BA"
197005;2019-03-14;"quinta-feira";"16:30:00";"MG";381;908;"CAMBUI";"Velocidade Incompatível";"Saída de leito carroçável";"Sem Vítimas";"Anoitecer";"Decrescente";"Chuva";"Dupla";"Declive;Curva";"Não";2;0;0;0;1;2;0;3;-22,71744092;-46,12652111;"SPRF-MG";"DEL16-MG";"UOP03-DEL16-MG"
197006;2019-03-14;"quinta-feira";"14:15:00";"SC";153;36,9;"AGUA DOCE";"Condutor Dormindo";"Saída de leito carroçável";"Sem Vítimas";"Pleno dia";"Crescente";"Céu Claro";"Simples";"Reta;Aclive";"Não";2;0;0;0;1;1;0;2;-26,821478;-51,720905;"SPRF-SC";"DEL07-SC";"UOP07-DEL07-SC"
197007;2019-03-14;"quinta-feira";"22:45:00";"SC";470;66,5;"INDAIAL";"Falta de Atenção à Condução";"Colisão lateral";"Com Vítimas Feridas";"Plena Noite";"Decrescente";"Nublado";"Simples";"Reta";"Não";2;0;1;0;1;0;1;2;-26,870407;-49,221844;"SPRF-SC";"DEL04-SC";"UOP01-DEL04-SC"
197008;2019-03-14;"quinta-feira";"21:50:00";"SC";116;193;"PONTE ALTA";"Velocidade Incompatível";"Capotamento";"Com Vítimas Feridas";"Plena Noite";"Decrescente";"Céu Claro";"Simples";"Curva";"Não";1;0;1;0;0;0;1;1;-27,37129308;-50,42970441;"SPRF-SC";"DEL05-SC";"UOP03-DEL05-SC"
197010;2019-03-14;"quinta-feira";"23:15:00";"PR";373;181,3;"PONTA GROSSA";"Falta de Atenção do Pedestre";"Atropelamento de Pedestre";"Com Vítimas Fatais";"Plena Noite";"Decrescente";"Nublado";"Simples";"Reta";"Sim";3;1;0;0;1;1;0;3;-25,04266233;-50,25791089;"SPRF-PR";"DEL03-PR";"UOP01-DEL03-PR"
197014;2019-03-14;"quinta-feira";"23:39:00";"PR";373;181,3;"PONTA GROSSA";"Desobediência às normas de trânsito pelo condutor";"Colisão com objeto estático";"Sem Vítimas";"Plena Noite";"Crescente";"Nublado";"Simples";"Declive;Curva";"Não";4;0;0;0;3;1;0;3;-25,04328225;-50,25995228;"SPRF-PR";"DEL03-PR";"UOP01-DEL03-PR"
197015;2019-03-14;"quinta-feira";"23:15:00";"MG";459;74,2;"CONGONHAL";"Falta de Atenção à Condução";"Colisão frontal";"Com Vítimas Fatais";"Plena Noite";"Crescente";"Nublado";"Simples";"Curva";"Não";2;1;0;0;1;0;0;2;-22,138563;-46,146851;"SPRF-MG";"DEL13-MG";"UOP01-DEL13-MG"
197016;2019-03-14;"quinta-feira";"23:00:00";"MG";40;587;"ITABIRITO";"Defeito Mecânico no Veículo";"Saída de leito carroçável";"Com Vítimas Feridas";"Plena Noite";"Crescente";"Céu Claro";"Simples";"Curva";"Sim";2;0;1;0;0;1;1;2;-20,34858326;-43,92200604;"SPRF-MG";"DEL01-MG";"UOP02-DEL01-MG"
197022;2019-03-15;"sexta-feira";"00:10:00";"PA";230;116,7;"MARABA";"Desobediência às normas de trânsito pelo condutor";"Colisão transversal";"Sem Vítimas";"Plena Noite";"Crescente";"Céu Claro";"Dupla";"Interseção de Vias";"Sim";3;0;0;0;2;1;0;3;-5,35030121;-49,10223668;"SPRF-PA";"DEL03-PA";"UOP01-DEL03-PA"
197023;2019-03-14;"quinta-feira";"22:15:00";"MT";174;277;"PONTES E LACERDA";"Defeito na Via";"Tombamento";"Sem Vítimas";"Plena Noite";"Decrescente";"Céu Claro";"Dupla";"Curva";"Não";3;0;0;0;2;2;0;4;-15,31311891;-59,24466094;"SPRF-MT";"DEL04-MT";"UOP01-DEL04-MT"
197026;2019-03-15;"sexta-feira";"04:30:00";"PB";101;119;"CAAPORA";"Velocidade Incompatível";"Colisão traseira";"Com Vítimas Feridas";"Amanhecer";"Decrescente";"Nevoeiro/Neblina";"Dupla";"Aclive;Reta";"Não";2;0;0;1;1;0;1;2;-7,42897814;-34,96672977;"SPRF-PB";"DEL01-PB";"UOP01-DEL01-PB"
197029;2019-03-15;"sexta-feira";"04:00:00";"CE";222;278;"FRECHEIRINHA";"Defeito Mecânico no Veículo";"Colisão com objeto estático";"Com Vítimas Feridas";"Amanhecer";"Crescente";"Nublado";"Simples";"Reta";"Não";1;0;1;0;0;0;1;1;-3,75925239;-40,80011108;"SPRF-CE";"DEL04-CE";"UOP02-DEL04-CE"
197030;2019-03-15;"sexta-feira";"05:30:00";"SP";116;505,6;"CAJATI";"Agressão Externa";"Saída de leito carroçável";"Com Vítimas Feridas";"Amanhecer";"Decrescente";"Céu Claro";"Dupla";"Curva";"Não";2;0;1;0;0;1;1;2;-24,7907865;-48,20577621;"SPRF-SP";"DEL05-SP";"UAP01-DEL05-SP"
197031;2019-03-14;"quinta-feira";"23:20:00";"MG";262;748,9;"SACRAMENTO";"Defeito Mecânico no Veículo";"Saída de leito carroçável";"Com Vítimas Feridas";"Plena Noite";"Decrescente";"Garoa/Chuvisco";"Simples";"Reta";"Não";41;0;6;1;33;1;7;3;-19,628841;-47,494158;"SPRF-MG";"DEL13-MG";"UOP01-DEL13-MG"
197032;2019-03-15;"sexta-feira";"05:30:00";"MG";262;751,3;"SACRAMENTO";"Velocidade Incompatível";"Colisão traseira";"Com Vítimas Feridas";"Pleno dia";"Decrescente";"Nevoeiro/Neblina";"Simples";"Reta";"Não";3;0;1;0;2;0;1;2;-19,644333;-47,517403;"SPRF-MG";"DEL13-MG";"UOP01-DEL13-MG"
197041;2019-03-15;"sexta-feira";"05:45:00";"RO";364;680;"CANDEIAS DO JAMARI";"Falta de Atenção à Condução";"Saída de leito carroçável";"Sem Vítimas";"Amanhecer";"Crescente";"Céu Claro";"Simples";"Reta";"Não";2;0;0;0;1;3;0;4;-8,7856782;-63,58829598;"SPRF-RO";"DEL01-RO";"UOP01-DEL01-RO"
197045;2019-03-14;"quinta-feira";"23:00:00";"RS";470;329,5;"TRIUNFO";"Defeito Mecânico no Veículo";"Tombamento";"Com Vítimas Feridas";"Plena Noite";"Crescente";"Céu Claro";"Simples";"Curva";"Não";2;0;1;0;0;1;1;2;-29,84496194;-51,69436455;"SPRF-RS";"DEL04-RS";"UOP02-DEL04-RS"
197046;2019-03-15;"sexta-feira";"07:30:00";"SP";116;363;"MIRACATU";"Falta de Atenção à Condução";"Tombamento";"Sem Vítimas";"Pleno dia";"Decrescente";"Sol";"Dupla";"Curva";"Não";2;0;0;0;1;1;0;2;-24,13038097;-47,27114281;"SPRF-SP";"DEL04-SP";"UOP03-DEL04-SP"
197050;2019-03-15;"sexta-feira";"04:30:00";"MG";40;447;"CAETANOPOLIS";"Falta de Atenção à Condução";"Saída de leito carroçável";"Sem Vítimas";"Amanhecer";"Crescente";"Céu Claro";"Dupla";"Reta";"Não";2;0;0;0;1;2;0;3;-19,29359592;-44,38358492;"SPRF-MG";"DEL02-MG";"UOP01-DEL02-MG"
197058;2019-03-14;"quinta-feira";"21:00:00";"MA";10;159,5;"PORTO FRANCO";"Desobediência às normas de trânsito pelo condutor";"Colisão frontal";"Com Vítimas Fatais";"Plena Noite";"Decrescente";"Nublado";"Simples";"Reta";"Não";2;1;0;0;1;0;0;2;-6,329586;-47,37007;"SPRF-MA";"DEL04-MA";"UOP02-DEL04-MA"
197060;2019-03-15;"sexta-feira";"08:30:00";"SC";101;157,5;"PORTO BELO";"Não guardar distância de segurança";"Colisão traseira";"Com Vítimas Feridas";"Pleno dia";"Decrescente";"Céu Claro";"Dupla";"Reta";"Não";3;0;1;0;2;0;1;2;-27,181625;-48,6121179;"SPRF-SC";"DEL04-SC";"UOP03-DEL04-SC"
197061;2019-03-15;"sexta-feira";"08:00:00";"MT";70;523;"VARZEA GRANDE";"Desobediência às normas de trânsito pelo condutor";"Colisão transversal";"Sem Vítimas";"Pleno dia";"Decrescente";"Sol";"Simples";"Reta";"Sim";3;0;0;0;2;2;0;4;-15,65279213;-56,20159149;"SPRF-MT";"DEL01-MT";"DEL2/4-UOP02/MT"
197062;2019-03-15;"sexta-feira";"08:20:00";"MS";163;359,5;"NOVA ALVORADA DO SUL";"Desobediência às normas de trânsito pelo condutor";"Colisão frontal";"Com Vítimas Fatais";"Pleno dia";"Decrescente";"Chuva";"Simples";"Reta";"Não";4;2;0;0;1;2;0;4;-21,51639299;-54,40135181;"SPRF-MS";"DEL02-MS";"UOP02-DEL02-MS"
197064;2019-03-15;"sexta-feira";"08:50:00";"CE";222;310;"TIANGUA";"Falta de Atenção à Condução";"Colisão transversal";"Com Vítimas Feridas";"Pleno dia";"Decrescente";"Chuva";"Simples";"Reta";"Sim";2;0;1;0;0;1;1;2;-3,70670595;-40,97707006;"SPRF-CE";"DEL04-CE";"UOP02-DEL04-CE"
197065;2019-03-15;"sexta-feira";"08:15:00";"BA";101;490;"ITAJUIPE";"Mal Súbito";"Colisão transversal";"Com Vítimas Feridas";"Pleno dia";"Crescente";"Céu Claro";"Simples";"Reta";"Não";3;0;1;0;1;1;1;3;-14,695527;-39,36538696;"SPRF-BA";"DEL05-BA";"UOP01-DEL05-BA"
197069;2019-03-15;"sexta-feira";"07:40:00";"RO";364;451,5;"JARU";"Ultrapassagem Indevida";"Colisão frontal";"Com Vítimas Fatais";"Pleno dia";"Decrescente";"Céu Claro";"Simples";"Reta";"Não";4;1;1;0;0;3;1;5;-10,29426297;-62,66107398;"SPRF-RO";"DEL03-RO";"UOP02-DEL03-RO"
197070;2019-03-15;"sexta-feira";"08:40:00";"MT";163;1006;"TERRA NOVA DO NORTE";"Falta de Atenção à Condução";"Saída de leito carroçável";"Com Vítimas Feridas";"Pleno dia";"Crescente";"Céu Claro";"Simples";"Reta";"Não";2;0;1;0;0;2;1;3;-10,57037901;-55,09184785;"SPRF-MT";"DEL06-MT";"UOP02-DEL06-MT"
197071;2019-03-15;"sexta-feira";"07:00:00";"SC";116;174,8;"PONTE ALTA DO NORTE";"Falta de Atenção à Condução";"Saída de leito carroçável";"Com Vítimas Feridas";"Pleno dia";"Crescente";"Nublado";"Simples";"Reta";"Não";2;0;1;0;0;1;1;2;-27,22776811;-50,46775818;"SPRF-SC";"DEL05-SC";"UOP03-DEL05-SC"
197077;2019-03-15;"sexta-feira";"09:45:00";"ES";101;204,9;"JOAO NEIVA";"Falta de Atenção à Condução";"Engavetamento";"Com Vítimas Feridas";"Pleno dia";"Crescente";"Céu Claro";"Simples";"Declive;Reta";"Sim";4;0;1;0;3;0;1;4;-19,74948916;-40,37922678;"SPRF-ES";"DEL02-ES";"UOP01-DEL02-ES"
197082;2019-03-15;"sexta-feira";"09:30:00";"MG";365;153;"PIRAPORA";"Defeito Mecânico no Veículo";"Derramamento de carga";"Sem Vítimas";"Pleno dia";"Crescente";"Sol";"Simples";"Reta";"Não";2;0;0;0;1;2;0;3;-17,306223;-44,89450302;"SPRF-MG";"DEL12-MG";"UOP01-DEL12-MG"
197083;2019-03-15;"sexta-feira";"09:55:00";"RO";364;202,6;"PIMENTA BUENO";"Desobediência às normas de trânsito pelo condutor";"Colisão transversal";"Com Vítimas Feridas";"Pleno dia";"Decrescente";"Sol";"Simples";"Interseção de Vias";"Sim";2;0;1;0;1;0;1;2;-11,63675443;-61,20027925;"SPRF-RO";"DEL02-RO";"UOP02-DEL02-RO"
197085;2019-03-15;"sexta-feira";"07:30:00";"RJ";101;261;"RIO BONITO";"Não guardar distância de segurança";"Colisão traseira";"Com Vítimas Feridas";"Pleno dia";"Crescente";"Sol";"Dupla";"Curva";"Não";4;0;2;0;1;1;2;3;-22,71139378;-42,61157199;"SPRF-RJ";"DEL02-RJ";"UOP03-DEL02-RJ"
197097;2019-03-15;"sexta-feira";"11:40:00";"PA";316;64;"CASTANHAL";"Desobediência às normas de trânsito pelo condutor";"Colisão lateral";"Com Vítimas Fatais";"Pleno dia";"Crescente";"Céu Claro";"Dupla";"Interseção de Vias";"Sim";2;1;0;0;1;0;0;2;-1,29629557;-47,91983997;"SPRF-PA";"DEL01-PA";"UOP01-DEL01-PA"
197099;2019-03-15;"sexta-feira";"12:50:00";"PE";101;42,7;"IGARASSU";"Falta de Atenção à Condução";"Colisão transversal";"Sem Vítimas";"Pleno dia";"Decrescente";"Sol";"Múltipla";"Reta";"Sim";2;0;0;0;2;0;0;2;-7,83887431;-34,91196739;"SPRF-PE";"DEL01-PE";"UOP02-DEL01-PE"
197102;2019-03-15;"sexta-feira";"12:15:00";"PR";277;347,1;"GUARAPUAVA";"Ultrapassagem Indevida";"Colisão lateral";"Com Vítimas Feridas";"Pleno dia";"Decrescente";"Nublado";"Simples";"Reta";"Não";3;0;1;0;1;1;1;3;-25,42343143;-51,58613205;"SPRF-PR";"DEL03-PR";"UOP01-DEL08-PR"
197111;2019-03-15;"sexta-feira";"12:45:00";"MT";364;289;"JACIARA";"Avarias e/ou desgaste excessivo no pneu";"Saída de leito carroçável";"Com Vítimas Feridas";"Pleno dia";"Decrescente";"Sol";"Dupla";"Reta;Aclive";"Não";2;0;1;0;0;1;1;2;-15,90640833;-55,08298593;"SPRF-MT";"DEL02-MT";"UOP02-DEL05-MT"
197117;2019-03-15;"sexta-feira";"14:30:00";"PB";101;82,1;"BAYEUX";"Velocidade Incompatível";"Engavetamento";"Com Vítimas Feridas";"Pleno dia";"Decrescente";"Sol";"Dupla";"Reta";"Sim";7;0;2;0;3;2;2;6;-7,12911;-34,93714;"SPRF-PB";"DEL01-PB";"UOP01-DEL01-PB"
197118;2019-03-15;"sexta-feira";"14:40:00";"RS";290;461,6;"ROSARIO DO SUL";"Desobediência às normas de trânsito pelo condutor";"Colisão transversal";"Com Vítimas Feridas";"Pleno dia";"Crescente";"Céu Claro";"Simples";"Interseção de Vias";"Não";2;0;1;0;1;0;1;2;-30,227598;-54,716141;"SPRF-RS";"DEL11-RS";"UOP02-DEL11-RS"
197119;2019-03-15;"sexta-feira";"15:10:00";"GO";40;2,5;"VALPARAISO DE GOIAS";"Desobediência às normas de trânsito pelo condutor";"Tombamento";"Com Vítimas Feridas";"Pleno dia";"Crescente";"Céu Claro";"Dupla";"Reta";"Sim";3;0;1;0;2;0;1;2;-16,067129;-47,984235;"SPRF-DF";"DEL01-DF";"UOP01-DEL01-DF"