"id";"data_inversa";"dia_semana";"horario";"uf";"br";"km";"municipio";"causa_acidente";"tipo_acidente";"classificacao_acidente";"fase_dia";"sentido_via";"condicao_metereologica";"tipo_pista";"tracado_via";"uso_solo";"pessoas";"mortos";"feridos_leves";"feridos_graves";"ilesos";"ignorados";"feridos";"veiculos";"latitude";"longitude";"regional";"delegacia";"uop"
197120;2019-03-15;"sexta-feira";"14:15:00";"GO";153;184;"CAMPINORTE";"Desobediência às normas de trânsito pelo condutor";"Colisão lateral";"Com Vítimas Fatais";"Pleno dia";"Crescente";"Céu Claro";"Simples";"Reta";"Não";12;2;1;0;8;1;1;6;-14,377925;-49,15807;"SPRF-GO";"DEL07-GO";"UOP02-DEL07-GO"
197125;2019-03-15;"sexta-feira";"13:39:00";"RJ";101;179;"RIO DAS OSTRAS";"Fenômenos da Natureza";"Colisão com objeto estático";"Com Vítimas Feridas";"Pleno dia";"Crescente";"Chuva";"Simples";"Curva";"Não";2;0;1;0;1;0;1;1;-22,40006602;-41,99621581;"SPRF-RJ";"DEL02-RJ";"UOP04-DEL08-RJ"
197126;2019-03-15;"sexta-feira";"15:25:00";"SC";101;230,3;"PALHOCA";"Desobediência às normas de trânsito pelo condutor";"Colisão lateral";"Com Vítimas Feridas";"Pleno dia";"Crescente";"Nublado";"Dupla";"Reta";"Sim";2;0;1;0;1;0;1;2;-27,77781898;-48,63489608;"SPRF-SC";"DEL01-SC";"UOP02-DEL01-SC"
197135;2019-03-15;"sexta-feira";"16:20:00";"SC";282;223,6;"LAGES";"Avarias e/ou desgaste excessivo no pneu";"Colisão com objeto em movimento";"Com Vítimas Feridas";"Pleno dia";"Decrescente";"Céu Claro";"Simples";"Reta";"Não";4;0;1;0;2;1;1;3;-27,79669839;-50,36787271;"SPRF-SC";"DEL05-SC";"UOP02-DEL05-SC"
197136;2019-03-15;"sexta-feira";"16:00:00";"ES";101;219,9;"IBIRACU";"Defeito na Via";"Colisão com objeto estático";"Com Vítimas Feridas";"Pleno dia";"Crescente";"Chuva";"Dupla";"Declive;Curva";"Não";3;0;1;0;2;0;1;2;-19,86460092;-40,38336629;"SPRF-ES";"DEL02-ES";"UOP01-DEL02-ES"
197138;2019-03-15;"sexta-feira";"15:30:00";"MT";158;690;"BARRA DO GARCAS";"Falta de Atenção à Condução";"Colisão traseira";"Com Vítimas Feridas";"Pleno dia";"Decrescente";"Céu Claro";"Simples";"Reta";"Não";3;0;1;0;2;0;1;2;-14,97538097;-52,26260183;"SPRF-MT";"DEL07-MT";"UOP01-DEL07-MT"
197146;2019-03-15;"sexta-feira";"13:50:00";"SC";282;393;"JOACABA";"Velocidade Incompatível";"Colisão frontal";"Com Vítimas Feridas";"Pleno dia";"Crescente";"Céu Claro";"Simples";"Curva";"Não";4;0;1;0;1;2;1;4;-27,160221;-51,573895;"SPRF-SC";"DEL07-SC";"UOP05-DEL07-SC"
197150;2019-03-15;"sexta-feira";"17:00:00";"BA";324;615,9;"SALVADOR";"Não guardar distância de segurança";"Colisão lateral";"Sem Vítimas";"Pleno dia";"Decrescente";"Céu Claro";"Dupla";"Reta";"Sim";2;0;0;0;2;0;0;2;-12,88743632;-38,44009015;"SPRF-BA";"DEL01-BA";"UOP01-DEL01-BA"
197154;2019-03-15;"sexta-feira";"17:30:00";"SE";235;4;"NOSSA SENHORA DO SOCORRO";"Falta de Atenção à Condução";"Colisão traseira";"Sem Vítimas";"Plena Noite";"Decrescente";"Céu Claro";"Dupla";"Reta";"Não";3;0;0;0;2;1;0;3;-10,90608579;-37,11185396;"SPRF-SE";"DEL01-SE";"UOP01-DEL01-SE"
197166;2019-03-15;"sexta-feira";"16:05:00";"MG";153;2;"ARAPORA";"Falta de Atenção à Condução";"Saída de leito carroçável";"Sem Vítimas";"Pleno dia";"Crescente";"Chuva";"Dupla";"Reta";"Sim";2;0;0;0;1;1;0;2;-18,4343521;-49,19082831;"SPRF-MG";"DEL15-MG";"UOP03-DEL15-MG"
197171;2019-03-15;"sexta-feira";"17:45:00";"PR";153;240;"TIBAGI";"Velocidade Incompatível";"Colisão frontal";"Com Vítimas Fatais";"Pleno dia";"Decrescente";"Nublado";"Simples";"Curva";"Não";6;1;0;4;0;1;4;3;-24,77360378;-50,46393477;"SPRF-PR";"DEL03-PR";"UOP02-DEL03-PR"
197172;2019-03-15;"sexta-feira";"18:35:00";"MG";459;13,4;"CALDAS";"Velocidade Incompatível";"Tombamento";"Sem Vítimas";"Plena Noite";"Crescente";"Céu Claro";"Simples";"Curva";"Não";3;0;0;0;1;3;0;4;-21,840883;-46,440918;"SPRF-MG";"DEL13-MG";"UOP01-DEL13-MG"
197183;2019-03-15;"sexta-feira";"19:25:00";"SC";282;244,3;"SAO JOSE DO CERRITO";"Defeito Mecânico no Veículo";"Tombamento";"Com Vítimas Fatais";"Plena Noite";"Decrescente";"Céu Claro";"Simples";"Curva;Declive";"Não";3;2;0;0;0;1;0;2;-27,73609;-50,51841;"SPRF-SC";"DEL05-SC";"UOP02-DEL05-SC"
197188;2019-03-04;"segunda-feira";"00:40:00";"DF";80;26;"BRASILIA";"Falta de Atenção à Condução";"Colisão traseira";"Com Vítimas Feridas";"Plena Noite";"Decrescente";"Nublado";"Dupla";"Declive;Reta";"Sim";4;0;1;0;2;3;1;5;-15,612259;-48,198044;"SPRF-DF";"DEL01-DF";"UOP02-DEL03-DF"
197189;2019-03-15;"sexta-feira";"17:10:00";"RS";392;110;"CANGUCU";"Desobediência às normas de trânsito pelo condutor";"Colisão lateral";"Sem Vítimas";"Anoitecer";"Decrescente";"Céu Claro";"Simples";"Reta";"Não";2;0;0;0;2;0;0;2;-31,46286685;-52,63497175;"SPRF-RS";"DEL07-RS";"UOP01-DEL07-RS"
197193;2019-03-15;"sexta-feira";"18:50:00";"MG";262;354,2;"BETIM";"Velocidade Incompatível";"Colisão traseira";"Com Vítimas Feridas";"Plena Noite";"Decrescente";"Nublado";"Dupla";"Reta";"Sim";2;0;1;0;1;0;1;2;-19,9835933;-44,20907021;"SPRF-MG";"DEL01-MG";"UOP03-DEL01-MG"
197197;2019-03-15;"sexta-feira";"19:40:00";"SC";101;23,5;"JOINVILLE";"Ingestão de Álcool";"Colisão traseira";"Com Vítimas Feridas";"Plena Noite";"Crescente";"Nublado";"Dupla";"Reta";"Sim";3;0;0;1;1;1;1;3;-26,16872691;-48,90739918;"SPRF-SC";"DEL03-SC";"UOP01-DEL03-SC"
197204;2019-03-15;"sexta-feira";"16:00:00";"PI";316;56;"MONSENHOR GIL";"Não guardar distância de segurança";"Colisão traseira";"Com Vítimas Feridas";"Pleno dia";"Crescente";"Sol";"Simples";"Reta";"Não";4;0;1;0;1;2;1;4;-5,54323473;-42,62283776;"SPRF-PI";"DEL01-PI";"UOP02-DEL01-PI"
197205;2019-03-15;"sexta-feira";"21:00:00";"BA";242;903;"LUIS EDUARDO MAGALHAES";"Falta de Atenção à Condução";"Colisão transversal";"Com Vítimas Feridas";"Plena Noite";"Crescente";"Céu Claro";"Simples";"Interseção de Vias";"Não";4;0;2;0;1;2;2;4;-12,08785171;-45,76987503;"SPRF-BA";"DEL10-BA";"UOP01-DEL10-BA"
197207;2019-03-15;"sexta-feira";"18:25:00";"MG";153;2;"ARAPORA";"Não guardar distância de segurança";"Colisão traseira";"Sem Vítimas";"Anoitecer";"Crescente";"Chuva";"Dupla";"Reta";"Sim";3;0;0;0;2;1;0;3;-18,43222483;-49,19182062;"SPRF-MG";"DEL15-MG";"UOP03-DEL15-MG"
197210;2019-03-15;"sexta-feira";"20:45:00";"RS";386;412,4;"MONTENEGRO";"Falta de Atenção do Pedestre";"Atropelamento de Pedestre";"Com Vítimas Fatais";"Plena Noite";"Crescente";"Céu Claro";"Dupla";"Reta";"Sim";2;1;0;0;1;0;0;2;-29,807285;-51,499722;"SPRF-RS";"DEL04-RS";"UOP02-DEL04-RS"
197213;2019-03-15;"sexta-feira";"18:00:00";"SC";470;82;"RODEIO";"Desobediência às normas de trânsito pelo condutor";"Colisão frontal";"Com Vítimas Fatais";"Anoitecer";"Decrescente";"Nublado";"Simples";"Aclive";"Não";2;1;0;0;1;0;0;2;-26,958838;-49,324978;"SPRF-SC";"DEL04-SC";"UOP01-DEL04-SC"
197215;2019-03-15;"sexta-feira";"07:00:00";"BA";242;463;"IBITIARA";"Falta de Atenção à Condução";"Tombamento";"Com Vítimas Feridas";"Pleno dia";"Decrescente";"Céu Claro";"Simples";"Curva";"Não";3;0;1;1;0;2;2;3;-12,4423791;-42,17379204;"SPRF-BA";"DEL06-BA";"UOP01-DEL06-BA"
197216;2019-03-15;"sexta-feira";"17:50:00";"MG";116;718,3;"MURIAE";"Velocidade Incompatível";"Colisão frontal";"Com Vítimas Feridas";"Anoitecer";"Decrescente";"Chuva";"Simples";"Curva";"Não";7;0;5;1;1;0;6;2;-21,22900805;-42,39468185;"SPRF-MG";"DEL07-MG";"UOP02-DEL07-MG"
197218;2019-03-15;"sexta-feira";"21:20:00";"PB";230;161,2;"CAMPINA GRANDE";"Ingestão de Álcool";"Colisão frontal";"Com Vítimas Feridas";"Plena Noite";"Crescente";"Céu Claro";"Simples";"Aclive";"Sim";3;0;0;2;1;0;2;2;-7,2361;-35,941;"SPRF-PB";"DEL02-PB";"UOP01-DEL02-PB"
197220;2019-03-15;"sexta-feira";"22:15:00";"SP";116;362,7;"MIRACATU";"Pista Escorregadia";"Colisão com objeto estático";"Com Vítimas Feridas";"Plena Noite";"Crescente";"Chuva";"Dupla";"Curva";"Não";2;0;0;1;0;2;1;3;-24,1220177;-47,27047772;"SPRF-SP";"DEL04-SP";"UOP03-DEL04-SP"
197223;2019-03-15;"sexta-feira";"21:55:00";"PR";373;191;"PONTA GROSSA";"Condutor Dormindo";"Colisão traseira";"Com Vítimas Feridas";"Plena Noite";"Decrescente";"Nublado";"Simples";"Reta";"Não";3;0;1;0;1;1;1;3;-25,05786317;-50,34675466;"SPRF-PR";"DEL03-PR";"UOP01-DEL03-PR"
197225;2019-03-15;"sexta-feira";"21:51:00";"PR";376;304;"MAUA DA SERRA";"Velocidade Incompatível";"Tombamento";"Sem Vítimas";"Plena Noite";"Crescente";"Nevoeiro/Neblina";"Dupla";"Curva";"Não";1;0;0;0;1;0;0;1;-23,952969;-51,114033;"SPRF-PR";"DEL07-PR";"UOP02-DEL07-PR"
197227;2019-03-15;"sexta-feira";"22:20:00";"RS";116;331,1;"BARRA DO RIBEIRO";"Desobediência às normas de trânsito pelo condutor";"Colisão lateral";"Sem Vítimas";"Plena Noite";"Crescente";"Céu Claro";"Simples";"Curva";"Não";2;0;0;0;2;0;0;2;-30,3899817;-51,43352143;"SPRF-RS";"DEL02-RS";"UOP01-DEL02-RS"
197233;2019-03-15;"sexta-feira";"19:50:00";"MG";116;396;"GOVERNADOR VALADARES";"Objeto estático sobre o leito carroçável";"Saída de leito carroçável";"Com Vítimas Feridas";"Plena Noite";"Crescente";"Chuva";"Simples";"Curva";"Não";1;0;1;0;0;0;1;1;-18,74773492;-41,98373226;"SPRF-MG";"DEL06-MG";"UOP01-DEL06-MG"
197235;2019-03-15;"sexta-feira";"22:25:00";"MG";381;834,9;"SAO SEBASTIAO DA BELA VISTA";"Velocidade Incompatível";"Colisão lateral";"Com Vítimas Fatais";"Plena Noite";"Decrescente";"Nublado";"Dupla";"Declive;Reta";"Não";5;1;0;0;3;1;0;5;-22,130344;-45,804404;"SPRF-MG";"DEL16-MG";"UOP01-DEL16-MG"
197238;2019-03-15;"sexta-feira";"23:50:00";"TO";153;647,1;"DUERE";"Condutor Dormindo";"Colisão traseira";"Com Vítimas Feridas";"Plena Noite";"Crescente";"Céu Claro";"Simples";"Aclive";"Não";3;0;1;0;1;3;1;5;-11,50919091;-49,00974428;"SPRF-TO";"DEL02-TO";"UOP02-DEL01-TO"
197240;2019-03-15;"sexta-feira";"19:40:00";"GO";40;92,7;"CRISTALINA";"Falta de Atenção à Condução";"Colisão transversal";"Com Vítimas Feridas";"Plena Noite";"Decrescente";"Céu Claro";"Simples";"Interseção de Vias";"Sim";3;0;2;0;1;0;2;2;-16,730814;-47,626211;"SPRF-DF";"DEL01-DF";"UOP02-DEL01-DF"
197246;2019-03-15;"sexta-feira";"18:00:00";"PR";277;346;"GUARAPUAVA";"Desobediência às normas de trânsito pelo condutor";"Colisão transversal";"Com Vítimas Feridas";"Anoitecer";"Crescente";"Nublado";"Simples";"Interseção de Vias";"Sim";4;0;0;2;1;2;2;4;-25,36774249;-51,49339937;"SPRF-PR";"DEL03-PR";"UOP01-DEL08-PR"
197250;2019-03-16;"sábado";"01:00:00";"SC";101;126;"ITAJAI";"Falta de Atenção à Condução";"Colisão traseira";"Com Vítimas Feridas";"Plena Noite";"Crescente";"Garoa/Chuvisco";"Dupla";"Reta";"Não";2;0;1;0;1;0;1;2;-26,95564404;-48,67978366;"SPRF-SC";"DEL04-SC";"UOP04-DEL04-SC"
197251;2019-03-16;"sábado";"01:30:00";"MG";40;420;"CURVELO";"Defeito Mecânico no Veículo";"Incêndio";"Sem Vítimas";"Plena Noite";"Decrescente";"Céu Claro";"Dupla";"Reta";"Não";2;0;0;0;1;1;0;2;-19,1560839;-44,56655801;"SPRF-MG";"DEL02-MG";"UOP01-DEL02-MG"
197254;2019-03-16;"sábado";"02:40:00";"MG";40;588;"ITABIRITO";"Velocidade Incompatível";"Tombamento";"Com Vítimas Feridas";"Plena Noite";"Crescente";"Céu Claro";"Simples";"Declive;Curva";"Não";2;0;0;1;1;0;1;2;-20,35149094;-43,91313094;"SPRF-MG";"DEL01-MG";"UOP02-DEL01-MG"
197257;2019-03-15;"sexta-feira";"23:00:00";"RS";470;216;"BENTO GONCALVES";"Falta de Atenção à Condução";"Colisão com objeto estático";"Sem Vítimas";"Plena Noite";"Crescente";"Nublado";"Simples";"Reta";"Sim";2;0;0;0;1;1;0;2;-29,15887096;-51,53142395;"SPRF-RS";"DEL06-RS";"UOP01-DEL06-RS"
197258;2019-03-16;"sábado";"03:15:00";"MG";40;588;"ITABIRITO";"Defeito Mecânico no Veículo";"Colisão lateral";"Com Vítimas Feridas";"Plena Noite";"Crescente";"Nublado";"Simples";"Reta";"Não";4;0;0;1;2;2;1;5;-20,35149094;-43,91313094;"SPRF-MG";"DEL01-MG";"UOP02-DEL01-MG"
197274;2019-03-15;"sexta-feira";"18:10:00";"MG";116;575,8;"MANHUACU";"Velocidade Incompatível";"Tombamento";"Com Vítimas Feridas";"Anoitecer";"Crescente";"Nublado";"Simples";"Curva";"Não";2;0;0;1;0;1;1;2;-20,14598091;-42,18538333;"SPRF-MG";"DEL06-MG";"UOP03-DEL06-MG"
197275;2019-03-16;"sábado";"06:00:00";"PR";277;594;"CASCAVEL";"Ingestão de álcool e/ou substâncias psicoativas pelo pedestre";"Colisão traseira";"Com Vítimas Feridas";"Amanhecer";"Decrescente";"Céu Claro";"Dupla";"Curva";"Não";4;0;0;1;2;1;1;4;-24,9794792;-53,49232599;"SPRF-PR";"DEL04-PR";"UOP01-DEL04-PR"
197278;2019-03-01;"sexta-feira";"07:20:00";"RS";158;249,7;"JULIO DE CASTILHOS";"Desobediência às normas de trânsito pelo condutor";"Colisão lateral";"Com Vítimas Fatais";"Pleno dia";"Crescente";"Céu Claro";"Simples";"Ponte";"Não";9;1;3;2;2;1;5;5;-29,11378565;-53,65064275;"SPRF-RS";"DEL10-RS";"UOP02-DEL10-RS"
197286;2019-03-16;"sábado";"07:05:00";"BA";116;819;"VITORIA DA CONQUISTA";"Velocidade Incompatível";"Tombamento";"Sem Vítimas";"Pleno dia";"Decrescente";"Sol";"Simples";"Viaduto";"Não";2;0;0;0;1;3;0;4;-14,82844;-40,82797;"SPRF-BA";"DEL08-BA";"UOP01-DEL08-BA"
197287;2019-03-16;"sábado";"06:35:00";"CE";20;408,1;"CAUCAIA";"Velocidade Incompatível";"Colisão traseira";"Com Vítimas Fatais";"Pleno dia";"Crescente";"Chuva";"Dupla";"Declive;Reta";"Sim";6;1;0;1;3;1;1;3;-3,78440643;-38,65611434;"SPRF-CE";"DEL01-CE";"UOP01-DEL01-CE"
197289;2019-03-16;"sábado";"07:20:00";"TO";153;608;"CRIXAS DO TOCANTINS";"Falta de Atenção à Condução";"Tombamento";"Com Vítimas Feridas";"Pleno dia";"Crescente";"Céu Claro";"Simples";"Reta";"Não";3;0;1;1;0;1;2;2;-11,16704503;-48,92694172;"SPRF-TO";"DEL02-TO";"UOP02-DEL01-TO"
197294;2019-03-16;"sábado";"07:30:00";"RS";285;527,8;"SAO MIGUEL DAS MISSOES";"Ultrapassagem Indevida";"Saída de leito carroçável";"Com Vítimas Feridas";"Pleno dia";"Decrescente";"Céu Claro";"Simples";"Reta";"Não";3;0;0;1;1;2;1;4;-28,411362;-54,561928;"SPRF-RS";"DEL10-RS";"UOP01-DEL10-RS"
197297;2019-03-16;"sábado";"08:10:00";"SE";101;49;"JAPARATUBA";"Defeito Mecânico no Veículo";"Tombamento";"Com Vítimas Feridas";"Pleno dia";"Crescente";"Céu Claro";"Dupla";"Interseção de Vias";"Não";2;0;0;1;0;1;1;2;-10,59423;-36,97488;"SPRF-SE";"DEL02-SE";"UOP02-DEL02-SE"
197298;2019-03-16;"sábado";"05:00:00";"MG";381;543,9;"ITATIAIUCU";"Defeito Mecânico no Veículo";"Incêndio";"Sem Vítimas";"Plena Noite";"Crescente";"Nublado";"Dupla";"Curva";"Não";2;0;0;0;1;1;0;2;-20,27336801;-44,42585498;"SPRF-MG";"DEL04-MG";"UOP03-DEL04-MG"
197301;2019-03-16;"sábado";"04:55:00";"SC";280;82;"CORUPA";"Falta de Atenção à Condução";"Colisão com objeto estático";"Sem Vítimas";"Plena Noite";"Crescente";"Garoa/Chuvisco";"Simples";"Rotatória";"Sim";1;0;0;0;1;0;0;1;-26,44009491;-49,22605498;"SPRF-SC";"DEL06-SC";"UOP03-DEL06-SC"
197308;2019-03-16;"sábado";"02:45:00";"RJ";116;191;"QUEIMADOS";"Falta de Atenção do Pedestre";"Atropelamento de Pedestre";"Com Vítimas Fatais";"Plena Noite";"Crescente";"Nublado";"Dupla";"Curva";"Sim";2;1;0;0;1;0;0;2;-22,74421443;-43,509822;"SPRF-RJ";"DEL01-RJ";"UOP03-DEL01-RJ"
197311;2019-02-17;"domingo";"20:20:00";"SC";101;321,5;"PESCARIA BRAVA";"Falta de Atenção à Condução";"Colisão traseira";"Com Vítimas Feridas";"Plena Noite";"Decrescente";"Chuva";"Dupla";"Reta";"Não";2;0;1;0;1;0;1;2;-28,42532339;-48,8919091;"SPRF-SC";"DEL02-SC";"UOP01-DEL02-SC"
197312;2019-03-16;"sábado";"08:30:00";"PR";277;5;"PARANAGUA";"Desobediência às normas de trânsito pelo condutor";"Colisão transversal";"Com Vítimas Feridas";"Pleno dia";"Crescente";"Céu Claro";"Dupla";"Interseção de Vias";"Sim";3;0;1;0;2;0;1;2;-25,568198;-48,615292;"SPRF-PR";"DEL01-PR";"UOP05-DEL01-PR"
197320;2019-03-16;"sábado";"09:35:00";"MG";116;528,3;"CARATINGA";"Falta de Atenção à Condução";"Colisão traseira";"Com Vítimas Feridas";"Pleno dia";"Crescente";"Céu Claro";"Dupla";"Aclive";"Sim";2;0;1;0;1;0;1;2;-19,794033;-42,13731414;"SPRF-MG";"DEL06-MG";"UOP02-DEL06-MG"
197325;2019-03-16;"sábado";"11:30:00";"PR";163;85,4;"CAPANEMA";"Falta de Atenção à Condução";"Colisão transversal";"Com Vítimas Feridas";"Pleno dia";"Crescente";"Nublado";"Simples";"Reta";"Não";2;0;0;1;1;0;1;2;-25,72429696;-53,77992115;"SPRF-PR";"DEL02-PR";"UOP02-DEL02-PR"
197328;2019-02-04;"segunda-feira";"20:00:00";"GO";452;46;"SANTA HELENA DE GOIAS";"Defeito Mecânico no Veículo";"Colisão lateral";"Com Vítimas Feridas";"Plena Noite";"Crescente";"Céu Claro";"Simples";"Curva";"Não";3;0;1;0;1;2;1;4;-17,951124;-50,510712;"SPRF-GO";"DEL04-GO";"UOP01-DEL04-GO"
197330;2019-03-16;"sábado";"12:50:00";"SC";101;135;"BALNEARIO CAMBORIU";"Falta de Atenção à Condução";"Colisão lateral";"Com Vítimas Feridas";"Pleno dia";"Decrescente";"Sol";"Dupla";"Reta";"Sim";4;0;1;0;2;1;1;4;-27,0050108;-48,62677494;"SPRF-SC";"DEL04-SC";"UOP03-DEL04-SC"
197331;2019-03-16;"sábado";"12:55:00";"ES";101;245,3;"SERRA";"Não guardar distância de segurança";"Colisão traseira";"Com Vítimas Feridas";"Pleno dia";"Decrescente";"Nublado";"Dupla";"Reta";"Não";3;0;1;0;2;0;1;2;-20,05454495;-40,38189997;"SPRF-ES";"DEL02-ES";"UOP01-DEL02-ES"
197332;2019-03-16;"sábado";"12:00:00";"BA";242;847;"BARREIRAS";"Ingestão de Álcool";"Colisão lateral";"Sem Vítimas";"Pleno dia";"Crescente";"Céu Claro";"Simples";"Reta";"Não";4;0;0;0;3;2;0;4;-12,11380015;-45,26120202;"SPRF-BA";"DEL10-BA";"UOP01-DEL10-BA"
197337;2019-03-16;"sábado";"12:45:00";"RS";101;47;"GLORINHA";"Condutor Dormindo";"Tombamento";"Com Vítimas Feridas";"Pleno dia";"Decrescente";"Céu Claro";"Dupla";"Reta";"Não";2;0;1;0;0;1;1;2;-29,8953;-50,731;"SPRF-RS";"DEL03-RS";"DEL9/3-UOP03/RS"
197339;2019-03-16;"sábado";"13:50:00";"MG";354;719,3;"POUSO ALTO";"Defeito Mecânico no Veículo";"Saída de leito carroçável";"Com Vítimas Feridas";"Pleno dia";"Crescente";"Nublado";"Simples";"Declive;Curva";"Não";2;0;1;1;0;0;2;1;-22,08480539;-44,95462641;"SPRF-MG";"DEL16-MG";"UOP02-DEL16-MG"
197341;2019-02-17;"domingo";"01:00:00";"SP";381;90;"GUARULHOS";"Não guardar distância de segurança";"Colisão com objeto estático";"Com Vítimas Feridas";"Plena Noite";"Crescente";"Chuva";"Múltipla";"Declive;Reta";"Sim";3;0;2;0;0;1;2;3;-23,49799782;-46,55965901;"SPRF-SP";"DEL03-SP";"UOP01-DEL03-SP"
197342;2019-03-16;"sábado";"13:00:00";"SP";116;362;"MIRACATU";"Velocidade Incompatível";"Colisão com objeto estático";"Com Vítimas Feridas";"Pleno dia";"Crescente";"Garoa/Chuvisco";"Dupla";"Reta";"Não";2;0;0;1;0;1;1;2;-24,1220177;-47,27047772;"SPRF-SP";"DEL04-SP";"UOP03-DEL04-SP"
197352;2019-03-16;"sábado";"14:30:00";"CE";222;228,7;"SOBRAL";"Falta de Atenção à Condução";"Colisão traseira";"Sem Vítimas";"Pleno dia";"Crescente";"Nublado";"Simples";"Reta";"Não";3;0;0;0;3;0;0;3;-3,69724662;-40,37600252;"SPRF-CE";"DEL04-CE";"UOP01-DEL04-CE"
197356;2019-03-16;"sábado";"13:10:00";"MG";40;612;"CONGONHAS";"Falta de Atenção à Condução";"Colisão frontal";"Com Vítimas Feridas";"Pleno dia";"Crescente";"Chuva";"Simples";"Reta";"Sim";4;0;1;0;2;1;1;3;-20,51778098;-43,83603641;"SPRF-MG";"DEL05-MG";"UOP02-DEL05-MG"
197358;2019-02-28;"quinta-feira";"19:45:00";"SP";381;63;"MAIRIPORA";"Não guardar distância de segurança";"Colisão traseira";"Com Vítimas Feridas";"Plena Noite";"Crescente";"Chuva";"Dupla";"Reta";"Sim";4;0;1;1;2;0;2;3;-23,30177657;-46,57236929;"SPRF-SP";"DEL03-SP";"UOP01-DEL03-SP"
197359;2019-03-16;"sábado";"15:05:00";"SC";101;46,5;"JOINVILLE";"Falta de Atenção à Condução";"Colisão com objeto estático";"Com Vítimas Feridas";"Pleno dia";"Decrescente";"Nublado";"Dupla";"Reta";"Não";4;0;1;2;1;0;3;2;-26,33150083;-48,86187762;"SPRF-SC";"DEL03-SC";"UOP01-DEL03-SC"
197361;2019-03-16;"sábado";"12:20:00";"SC";101;133;"BALNEARIO CAMBORIU";"Velocidade Incompatível";"Colisão traseira";"Com Vítimas Feridas";"Pleno dia";"Decrescente";"Nublado";"Dupla";"Reta";"Sim";6;0;2;0;2;2;2;4;-26,99936;-48,64609;"SPRF-SC";"DEL04-SC";"UOP03-DEL04-SC"
197362;2019-03-16;"sábado";"12:00:00";"MG";40;750;"SANTOS DUMONT";"Desobediência às normas de trânsito pelo condutor";"Tombamento";"Sem Vítimas";"Pleno dia";"Decrescente";"Céu Claro";"Dupla";"Curva";"Não";2;0;0;0;1;1;0;2;-21,45724301;-43,55822199;"SPRF-MG";"DEL05-MG";"UOP01-DEL05-MG"
197366;2019-03-16;"sábado";"15:10:00";"MG";251;506,5;"FRANCISCO SA";"Velocidade Incompatível";"Tombamento";"Com Vítimas Feridas";"Pleno dia";"Crescente";"Chuva";"Simples";"Reta;Declive";"Não";2;0;1;0;0;1;1;2;-16,61678273;-43,66988182;"SPRF-MG";"DEL12-MG";"UOP01-DEL12-MG"
197368;2019-03-16;"sábado";"16:05:00";"RN";304;115,1;"ACU";"Não guardar distância de segurança";"Engavetamento";"Com Vítimas Feridas";"Pleno dia";"Decrescente";"Céu Claro";"Simples";"Ponte";"Não";4;0;1;0;3;0;1;3;-5,61387215;-36,89679107;"SPRF-RN";"DEL04-RN";"UOP01-DEL04-RN"
197375;2019-03-16;"sábado";"14:20:00";"PR";369;474,1;"CORBELIA";"Falta de Atenção à Condução";"Colisão frontal";"Com Vítimas Feridas";"Pleno dia";"Crescente";"Nublado";"Simples";"Curva";"Não";2;0;1;0;1;0;1;2;-24,5887;-53,2022;"SPRF-PR";"DEL04-PR";"UOP03-DEL04-PR"
197376;2019-03-16;"sábado";"17:40:00";"MG";251;474;"FRANCISCO SA";"Velocidade Incompatível";"Tombamento";"Sem Vítimas";"Anoitecer";"Crescente";"Nublado";"Simples";"Curva";"Não";2;0;0;0;1;12;0;13;-16,47130466;-43,45673904;"SPRF-MG";"DEL12-MG";"UOP01-DEL12-MG"
197380;2019-03-16;"sábado";"16:30:00";"SC";101;17;"GARUVA";"Fenômenos da Natureza";"Atropelamento de Pedestre";"Com Vítimas Feridas";"Pleno dia";"Crescente";"Chuva";"Dupla";"Reta";"Não";5;0;2;1;1;1;3;4;-26,12141519;-48,88262078;"SPRF-SC";"DEL03-SC";"UOP01-DEL03-SC"
197381;2019-03-16;"sábado";"11:00:00";"MA";230;288;"SAMBAIBA";"Falta de Atenção à Condução";"Colisão transversal";"Com Vítimas Feridas";"Pleno dia";"Crescente";"Céu Claro";"Simples";"Curva";"Não";2;0;0;1;0;1;1;2;-6,89954195;-45,27901602;"SPRF-MA";"DEL05-MA";"UOP01-DEL05-MA"
197382;2019-03-16;"sábado";"17:30:00";"PI";343;533,5;"AMARANTE";"Defeito Mecânico no Veículo";"Incêndio";"Sem Vítimas";"Plena Noite";"Decrescente";"Céu Claro";"Simples";"Reta";"Não";2;0;0;0;2;0;0;1;-6,47413;-42,794014;"SPRF-PI";"DEL03-PI";"UOP01-DEL03-PI"
197388;2019-03-16;"sábado";"15:00:00";"MG";262;363,5;"JUATUBA";"Falta de Atenção à Condução";"Colisão traseira";"Com Vítimas Feridas";"Pleno dia";"Decrescente";"Céu Claro";"Dupla";"Curva";"Sim";5;0;0;1;1;3;1;3;-19,98332997;-44,23572401;"SPRF-MG";"DEL01-MG";"UOP03-DEL01-MG"
197401;2019-03-16;"sábado";"17:50:00";"PR";116;172;"QUITANDINHA";"Condutor Dormindo";"Colisão traseira";"Com Vítimas Feridas";"Plena Noite";"Crescente";"Garoa/Chuvisco";"Simples";"Aclive";"Sim";4;0;2;0;1;1;2;4;-25,89061595;-49,51784849;"SPRF-PR";"DEL01-PR";"UOP03-DEL01-PR"
197414;2019-03-16;"sábado";"19:27:00";"SC";280;52,7;"GUARAMIRIM";"Falta de Atenção à Condução";"Colisão transversal";"Com Vítimas Feridas";"Plena Noite";"Crescente";"Nublado";"Simples";"Reta";"Não";5;0;1;0;3;1;1;4;-26,47131253;-48,97142887;"SPRF-SC";"DEL03-SC";"UOP03-DEL03-SC"