"id";"data_inversa";"dia_semana";"horario";"uf";"br";"km";"municipio";"causa_acidente";"tipo_acidente";"classificacao_acidente";"fase_dia";"sentido_via";"condicao_metereologica";"tipo_pista";"tracado_via";"uso_solo";"pessoas";"mortos";"feridos_leves";"feridos_graves";"ilesos";"ignorados";"feridos";"veiculos";"latitude";"longitude";"regional";"delegacia";"uop"
197415;2019-03-16;"sábado";"17:15:00";"BA";116;929,3;"ENCRUZILHADA";"Falta de Atenção à Condução";"Colisão frontal";"Com Vítimas Fatais";"Pleno dia";"Decrescente";"Céu Claro";"Simples";"Reta";"Não";2;1;0;0;1;0;0;2;-15,57717073;-41,27405951;"SPRF-BA";"DEL08-BA";"UOP03-DEL08-BA"
197423;2019-03-16;"sábado";"19:30:00";"PR";376;195,9;"MARIALVA";"Desobediência às normas de trânsito pelo condutor";"Queda de ocupante de veículo";"Com Vítimas Fatais";"Plena Noite";"Decrescente";"Nublado";"Dupla";"Retorno Regulamentado";"Não";5;1;0;0;4;0;0;2;-23,49796205;-51,77372722;"SPRF-PR";"DEL07-PR";"UOP01-DEL09-PR"
197436;2019-03-16;"sábado";"20:15:00";"GO";452;146,5;"BOM JESUS DE GOIAS";"Defeito na Via";"Incêndio";"Sem Vítimas";"Plena Noite";"Crescente";"Céu Claro";"Simples";"Reta";"Não";1;0;0;0;1;0;0;1;-18,28543012;-49,61279869;"SPRF-GO";"DEL03-GO";"UOP02-DEL03-GO"
197438;2019-03-16;"sábado";"16:20:00";"MG";365;481;"PATROCINIO";"Pista Escorregadia";"Colisão frontal";"Com Vítimas Fatais";"Pleno dia";"Decrescente";"Chuva";"Simples";"Curva";"Não";4;2;0;0;1;1;0;3;-18,88974103;-47,07887601;"SPRF-MG";"DEL10-MG";"UOP01-DEL10-MG"
197447;2019-03-16;"sábado";"19:40:00";"PR";153;42;"SANTO ANTONIO DA PLATINA";"Desobediência às normas de trânsito pelo condutor";"Colisão transversal";"Com Vítimas Feridas";"Plena Noite";"Decrescente";"Céu Claro";"Simples";"Interseção de Vias";"Sim";2;0;1;0;1;0;1;2;-23,29708917;-50,06844873;"SPRF-PR";"DEL07-PR";"UOP04-DEL07-PR"
197453;2019-03-14;"quinta-feira";"06:30:00";"BA";242;463;"IBITIARA";"Avarias e/ou desgaste excessivo no pneu";"Saída de leito carroçável";"Com Vítimas Feridas";"Pleno dia";"Crescente";"Céu Claro";"Simples";"Curva";"Não";1;0;1;0;0;0;1;1;-12,4423791;-42,17379204;"SPRF-BA";"DEL06-BA";"UOP01-DEL06-BA"
197456;2019-03-16;"sábado";"22:15:00";"SP";459;8,9;"PIQUETE";"Ultrapassagem Indevida";"Colisão com objeto estático";"Sem Vítimas";"Plena Noite";"Decrescente";"Garoa/Chuvisco";"Simples";"Reta;Declive";"Não";2;0;0;0;1;1;0;2;-22,575514;-45,193367;"SPRF-SP";"DEL08-SP";"UOP03-DEL08-SP"
197464;2019-03-16;"sábado";"23:20:00";"MG";50;65,7;"UBERLANDIA";"Falta de Atenção à Condução";"Colisão traseira";"Com Vítimas Feridas";"Pleno dia";"Crescente";"Nublado";"Dupla";"Aclive";"Não";4;0;2;0;1;1;2;3;-18,86223345;-48,25428531;"SPRF-MG";"DEL15-MG";"UOP02-DEL15-MG"
197465;2019-03-16;"sábado";"23:10:00";"PR";369;89,3;"CORNELIO PROCOPIO";"Falta de Atenção à Condução";"Colisão traseira";"Com Vítimas Feridas";"Plena Noite";"Crescente";"Garoa/Chuvisco";"Simples";"Reta";"Sim";2;0;1;0;1;0;1;2;-23,18958591;-50,6448859;"SPRF-PR";"DEL07-PR";"UOP05-DEL07-PR"
197481;2019-03-16;"sábado";"21:05:00";"PR";476;198,5;"LAPA";"Desobediência às normas de trânsito pelo condutor";"Colisão frontal";"Sem Vítimas";"Plena Noite";"Crescente";"Nublado";"Simples";"Curva";"Não";3;0;0;0;1;3;0;4;-25,765606;-49,73917;"SPRF-PR";"DEL01-PR";"UOP06-DEL01-PR"
197485;2019-03-17;"domingo";"01:00:00";"BA";242;801,9;"BARREIRAS";"Falta de Atenção à Condução";"Saída de leito carroçável";"Com Vítimas Feridas";"Plena Noite";"Crescente";"Chuva";"Simples";"Curva";"Não";1;0;1;0;0;0;1;1;-12,14355725;-44,88395691;"SPRF-BA";"DEL10-BA";"UOP01-DEL10-BA"
197487;2019-03-17;"domingo";"02:15:00";"MG";381;493,7;"BETIM";"Ingestão de álcool e/ou substâncias psicoativas pelo pedestre";"Atropelamento de Pedestre";"Com Vítimas Feridas";"Plena Noite";"Decrescente";"Chuva";"Múltipla";"Reta";"Sim";3;0;1;0;1;1;1;3;-19,97670801;-44,19962698;"SPRF-MG";"DEL01-MG";"UOP03-DEL01-MG"
197490;2019-03-16;"sábado";"23:10:00";"RS";293;225;"DOM PEDRITO";"Ingestão de Álcool";"Saída de leito carroçável";"Sem Vítimas";"Plena Noite";"Crescente";"Céu Claro";"Simples";"Reta";"Não";2;0;0;0;1;1;0;2;-31,09730675;-54,4496479;"SPRF-RS";"DEL11-RS";"UOP03-DEL11-RS"
197494;2019-03-17;"domingo";"02:15:00";"SC";470;142,6;"RIO DO SUL";"Desobediência às normas de trânsito pelo condutor";"Colisão frontal";"Com Vítimas Feridas";"Plena Noite";"Crescente";"Nublado";"Simples";"Aclive";"Sim";3;0;0;1;1;2;1;4;-27,229801;-49,6693;"SPRF-SC";"DEL04-SC";"UOP02-DEL04-SC"
197498;2019-03-17;"domingo";"04:40:00";"MG";381;499,6;"BETIM";"Defeito Mecânico no Veículo";"Colisão com objeto estático";"Sem Vítimas";"Amanhecer";"Decrescente";"Céu Claro";"Dupla";"Reta";"Não";3;0;0;0;3;0;0;2;-20,01792651;-44,2261448;"SPRF-MG";"DEL01-MG";"UOP03-DEL01-MG"
197515;2019-03-17;"domingo";"03:30:00";"MG";116;702,6;"MURIAE";"Condutor Dormindo";"Colisão lateral";"Com Vítimas Feridas";"Plena Noite";"Crescente";"Ignorado";"Simples";"Curva";"Sim";3;0;2;0;1;0;2;2;-21,11938311;-42,38006362;"SPRF-MG";"DEL07-MG";"UOP02-DEL07-MG"
197528;2019-03-14;"quinta-feira";"08:40:00";"RJ";116;130;"MAGE";"Desobediência às normas de trânsito pelo condutor";"Colisão traseira";"Com Vítimas Feridas";"Pleno dia";"Crescente";"Sol";"Dupla";"Reta";"Não";3;0;1;0;1;2;1;4;-22,65949914;-43,11671944;"SPRF-RJ";"DEL04-RJ";"UOP02-DEL04-RJ"
197529;2019-03-17;"domingo";"08:30:00";"AL";101;101,3;"PILAR";"Falta de Atenção à Condução";"Colisão lateral";"Com Vítimas Feridas";"Pleno dia";"Decrescente";"Céu Claro";"Simples";"Rotatória";"Sim";3;0;1;0;0;2;1;3;-9,56416014;-35,96916436;"SPRF-AL";"DEL01-AL";"UOP01-DEL01-AL"
197530;2019-03-17;"domingo";"07:30:00";"MG";116;777,6;"LEOPOLDINA";"Velocidade Incompatível";"Tombamento";"Com Vítimas Feridas";"Amanhecer";"Crescente";"Céu Claro";"Simples";"Reta";"Não";2;0;1;0;0;2;1;3;-21,60159985;-42,69912624;"SPRF-MG";"DEL07-MG";"UOP01-DEL07-MG"
197539;2019-03-17;"domingo";"10:10:00";"BA";101;385;"IBIRAPITANGA";"Velocidade Incompatível";"Tombamento";"Com Vítimas Feridas";"Pleno dia";"Crescente";"Céu Claro";"Simples";"Curva";"Não";2;0;1;0;0;1;1;2;-14,00704057;-39,44548763;"SPRF-BA";"DEL05-BA";"UOP03-DEL05-BA"
197542;2019-03-17;"domingo";"08:30:00";"PA";222;240;"MARABA";"Carga excessiva e/ou mal acondicionada";"Tombamento";"Sem Vítimas";"Pleno dia";"Decrescente";"Céu Claro";"Dupla";"Curva";"Não";1;0;0;0;1;0;0;1;-5,322347;-49,084007;"SPRF-PA";"DEL03-PA";"UOP01-DEL03-PA"
197543;2019-03-17;"domingo";"07:30:00";"RJ";354;18;"RESENDE";"Falta de Atenção à Condução";"Tombamento";"Com Vítimas Feridas";"Pleno dia";"Decrescente";"Nublado";"Simples";"Curva";"Não";2;0;1;0;0;1;1;2;-22,465595;-44,716988;"SPRF-RJ";"DEL07-RJ";"DEL5/7-UOP03/RJ"
197553;2019-03-17;"domingo";"11:15:00";"RJ";116;104;"GUAPIMIRIM";"Desobediência às normas de trânsito pelo condutor";"Colisão transversal";"Com Vítimas Feridas";"Pleno dia";"Decrescente";"Nublado";"Dupla";"Interseção de Vias";"Sim";2;0;0;1;1;0;1;2;-22,50841847;-42,99821493;"SPRF-RJ";"DEL04-RJ";"UOP02-DEL04-RJ"
197555;2019-03-17;"domingo";"11:35:00";"SP";381;50;"ATIBAIA";"Velocidade Incompatível";"Colisão lateral";"Sem Vítimas";"Pleno dia";"Decrescente";"Nublado";"Dupla";"Reta;Em Obras";"Sim";3;0;0;0;2;1;0;3;-23,21359807;-46,59367981;"SPRF-SP";"DEL03-SP";"UOP01-DEL03-SP"
197562;2019-03-17;"domingo";"13:00:00";"GO";60;84,9;"ANAPOLIS";"Condutor Dormindo";"Colisão traseira";"Sem Vítimas";"Pleno dia";"Crescente";"Céu Claro";"Dupla";"Reta";"Não";2;0;0;0;2;0;0;2;-16,3162;-48,8552;"SPRF-GO";"DEL02-GO";"UOP01-DEL02-GO"
197574;2019-03-17;"domingo";"14:30:00";"GO";364;175,8;"JATAI";"Desobediência às normas de trânsito pelo condutor";"Colisão frontal";"Com Vítimas Feridas";"Pleno dia";"Crescente";"Céu Claro";"Simples";"Curva";"Não";3;0;0;1;1;1;1;3;-17,99592;-51,576782;"SPRF-GO";"DEL05-GO";"UOP01-DEL05-GO"
197575;2019-03-17;"domingo";"13:45:00";"SP";116;342;"MIRACATU";"Falta de Atenção à Condução";"Engavetamento";"Sem Vítimas";"Pleno dia";"Crescente";"Chuva";"Dupla";"Declive;Reta";"Não";4;0;0;0;3;1;0;4;-24,01616064;-47,16845716;"SPRF-SP";"DEL04-SP";"UOP03-DEL04-SP"
197577;2019-03-17;"domingo";"15:00:00";"BA";116;786,8;"PLANALTO";"Desobediência às normas de trânsito pelo condutor";"Colisão frontal";"Com Vítimas Feridas";"Pleno dia";"Decrescente";"Céu Claro";"Simples";"Reta";"Sim";3;0;0;1;1;1;1;3;-14,6731;-40,48802;"SPRF-BA";"DEL08-BA";"UOP02-DEL08-BA"
197580;2019-03-17;"domingo";"15:30:00";"MG";381;691;"LAVRAS";"Falta de Atenção à Condução";"Colisão traseira";"Sem Vítimas";"Pleno dia";"Decrescente";"Nublado";"Dupla";"Reta";"Não";2;0;0;0;2;0;0;2;-21,24242696;-45,13576519;"SPRF-MG";"DEL04-MG";"UOP02-DEL04-MG"
197581;2019-03-17;"domingo";"14:42:00";"MG";262;584;"CAMPOS ALTOS";"Velocidade Incompatível";"Colisão frontal";"Com Vítimas Feridas";"Pleno dia";"Crescente";"Chuva";"Simples";"Declive;Curva";"Não";3;0;1;0;1;2;1;4;-19,65530504;-46,08642825;"SPRF-MG";"DEL08-MG";"UOP02-DEL08-MG"
197588;2019-03-17;"domingo";"09:45:00";"RS";293;49,9;"CERRITO";"Pista Escorregadia";"Saída de leito carroçável";"Com Vítimas Feridas";"Pleno dia";"Crescente";"Chuva";"Simples";"Declive";"Não";3;0;3;0;0;0;3;1;-31,72963633;-52,83510804;"SPRF-RS";"DEL07-RS";"UOP01-DEL07-RS"
197600;2019-03-17;"domingo";"16:45:00";"PR";376;491,2;"PONTA GROSSA";"Defeito Mecânico no Veículo";"Colisão traseira";"Sem Vítimas";"Pleno dia";"Crescente";"Chuva";"Dupla";"Curva";"Não";5;0;0;0;4;1;0;5;-25,15130703;-50,1421625;"SPRF-PR";"DEL03-PR";"UOP04-DEL03-PR"
197603;2019-03-17;"domingo";"17:30:00";"SP";116;293;"ITAPECERICA DA SERRA";"Pista Escorregadia";"Colisão traseira";"Sem Vítimas";"Pleno dia";"Decrescente";"Chuva";"Dupla";"Reta";"Sim";3;0;0;0;2;1;0;3;-23,75393807;-46,90168863;"SPRF-SP";"DEL04-SP";"UOP01-DEL04-SP"
197609;2019-03-17;"domingo";"18:40:00";"GO";251;28;"CRISTALINA";"Não guardar distância de segurança";"Colisão traseira";"Sem Vítimas";"Plena Noite";"Decrescente";"Nublado";"Simples";"Reta";"Sim";8;0;0;0;6;2;0;4;-16,09412543;-47,50868954;"SPRF-DF";"DEL01-DF";"UOP01-DEL01-DF"
197619;2019-03-17;"domingo";"19:30:00";"PA";222;244;"MARABA";"Defeito Mecânico no Veículo";"Colisão com objeto estático";"Sem Vítimas";"Plena Noite";"Crescente";"Céu Claro";"Simples";"Reta";"Sim";3;0;0;0;3;0;0;3;-5,347676;-49,080456;"SPRF-PA";"DEL03-PA";"UOP01-DEL03-PA"
197626;2019-03-17;"domingo";"20:03:00";"SC";470;243,9;"CURITIBANOS";"Falta de Atenção à Condução";"Colisão frontal";"Com Vítimas Feridas";"Plena Noite";"Crescente";"Garoa/Chuvisco";"Simples";"Curva";"Não";5;0;4;0;1;0;4;2;-27,31636441;-50,52649856;"SPRF-SC";"DEL05-SC";"UOP03-DEL05-SC"
197641;2019-03-17;"domingo";"20:40:00";"PR";376;597,8;"CURITIBA";"Falta de Atenção do Pedestre";"Atropelamento de Pedestre";"Com Vítimas Fatais";"Plena Noite";"Decrescente";"Céu Claro";"Dupla";"Reta";"Não";2;1;0;0;0;1;0;2;-25,510571;-49,338848;"SPRF-PR";"DEL01-PR";"UOP06-DEL01-PR"
197647;2019-03-17;"domingo";"21:00:00";"ES";101;341,5;"GUARAPARI";"Condutor Dormindo";"Colisão lateral";"Com Vítimas Feridas";"Plena Noite";"Crescente";"Céu Claro";"Simples";"Reta";"Não";3;0;0;1;1;2;1;4;-20,65278033;-40,57410974;"SPRF-ES";"DEL03-ES";"UOP01-DEL03-ES"
197653;2019-03-17;"domingo";"20:55:00";"MS";60;383,1;"CAMPO GRANDE";"Avarias e/ou desgaste excessivo no pneu";"Colisão frontal";"Com Vítimas Fatais";"Plena Noite";"Decrescente";"Céu Claro";"Simples";"Reta";"Não";4;2;0;1;1;0;1;2;-20,6559181;-54,7550638;"SPRF-MS";"DEL01-MS";"UOP04-DEL01-MS"
197673;2019-03-17;"domingo";"23:05:00";"BA";101;370;"GANDU";"Falta de Atenção à Condução";"Colisão transversal";"Com Vítimas Feridas";"Plena Noite";"Crescente";"Céu Claro";"Simples";"Reta";"Não";2;0;1;0;1;0;1;2;-13,754776;-39,487544;"SPRF-BA";"DEL05-BA";"UOP03-DEL05-BA"
197685;2019-03-18;"segunda-feira";"01:30:00";"BA";101;820,7;"VEREDA";"Falta de Atenção à Condução";"Tombamento";"Com Vítimas Feridas";"Plena Noite";"Decrescente";"Céu Claro";"Simples";"Curva";"Não";2;0;1;0;0;1;1;2;-17,27849698;-39,6350988;"SPRF-BA";"DEL09-BA";"UOP01-DEL09-BA"
197686;2019-03-17;"domingo";"15:40:00";"RS";116;253;"SAPUCAIA DO SUL";"Não guardar distância de segurança";"Colisão lateral";"Com Vítimas Feridas";"Pleno dia";"Crescente";"Nublado";"Dupla";"Viaduto";"Sim";2;0;1;0;1;0;1;2;-29,81784209;-51,16996166;"SPRF-RS";"DEL01-RS";"UOP02-DEL01-RS"
197688;2019-03-18;"segunda-feira";"02:10:00";"SC";470;152,8;"AGRONOMICA";"Ingestão de Álcool";"Colisão frontal";"Com Vítimas Feridas";"Plena Noite";"Crescente";"Céu Claro";"Simples";"Reta";"Não";2;0;0;1;1;0;1;2;-27,27599202;-49,73871231;"SPRF-SC";"DEL04-SC";"UOP02-DEL04-SC"
197689;2019-03-18;"segunda-feira";"05:15:00";"SC";101;122,9;"ITAJAI";"Ingestão de Álcool";"Colisão traseira";"Com Vítimas Feridas";"Plena Noite";"Crescente";"Nublado";"Dupla";"Reta";"Sim";3;0;1;0;1;1;1;3;-26,92955916;-48,70499836;"SPRF-SC";"DEL04-SC";"UOP04-DEL04-SC"
197691;2019-03-18;"segunda-feira";"05:20:00";"ES";101;301,5;"VIANA";"Condutor Dormindo";"Colisão transversal";"Com Vítimas Feridas";"Plena Noite";"Crescente";"Céu Claro";"Dupla";"Interseção de Vias";"Sim";3;0;0;1;1;1;1;3;-20,36544654;-40,44358226;"SPRF-ES";"DEL01-ES";"UOP01-DEL01-ES"
197699;2019-03-18;"segunda-feira";"05:45:00";"RS";101;82,9;"OSORIO";"Falta de Atenção à Condução";"Colisão traseira";"Com Vítimas Feridas";"Plena Noite";"Crescente";"Garoa/Chuvisco";"Dupla";"Reta";"Não";3;0;1;0;1;1;1;3;-29,85169301;-50,24642896;"SPRF-RS";"DEL03-RS";"UOP01-DEL03-RS"
197703;2019-03-17;"domingo";"21:30:00";"BA";116;551;"MILAGRES";"Ultrapassagem Indevida";"Colisão frontal";"Com Vítimas Feridas";"Plena Noite";"Decrescente";"Céu Claro";"Simples";"Reta";"Não";2;0;0;1;1;0;1;2;-12,86744895;-39,85551617;"SPRF-BA";"DEL03-BA";"UOP02-DEL03-BA"
197710;2019-03-18;"segunda-feira";"06:20:00";"MG";40;620,8;"CONSELHEIRO LAFAIETE";"Falta de Atenção à Condução";"Colisão lateral";"Com Vítimas Feridas";"Pleno dia";"Decrescente";"Céu Claro";"Simples";"Reta";"Não";2;0;1;0;1;0;1;2;-20,57784016;-43,80982006;"SPRF-MG";"DEL05-MG";"UOP02-DEL05-MG"
197714;2019-03-18;"segunda-feira";"07:00:00";"RJ";116;274,8;"BARRA MANSA";"Desobediência às normas de trânsito pelo condutor";"Derramamento de carga";"Sem Vítimas";"Amanhecer";"Decrescente";"Nublado";"Dupla";"Curva";"Não";2;0;0;0;1;1;0;2;-22,56163574;-44,14771584;"SPRF-RJ";"DEL07-RJ";"UOP02-DEL07-RJ"
197718;2019-03-18;"segunda-feira";"07:30:00";"PE";101;79,8;"JABOATAO DOS GUARARAPES";"Desobediência às normas de trânsito pelo condutor";"Colisão transversal";"Com Vítimas Feridas";"Pleno dia";"Crescente";"Chuva";"Simples";"Reta;Em Obras";"Sim";2;0;0;1;1;0;1;2;-8,14366112;-34,94723453;"SPRF-PE";"DEL01-PE";"UOP01-DEL01-PE"
197719;2019-03-17;"domingo";"10:00:00";"SP";116;502,5;"CAJATI";"Falta de Atenção à Condução";"Tombamento";"Sem Vítimas";"Pleno dia";"Crescente";"Nublado";"Simples";"Reta";"Não";2;0;0;0;1;1;0;2;-24,7750833;-48,20117012;"SPRF-SP";"DEL05-SP";"UAP01-DEL05-SP"
197738;2019-03-18;"segunda-feira";"08:15:00";"PR";376;530,5;"PONTA GROSSA";"Defeito Mecânico no Veículo";"Queda de ocupante de veículo";"Com Vítimas Feridas";"Pleno dia";"Crescente";"Sol";"Dupla";"Ponte";"Não";2;0;0;1;0;2;1;3;-25,29903778;-49,8924458;"SPRF-PR";"DEL03-PR";"UOP04-DEL03-PR"
197742;2019-03-15;"sexta-feira";"00:40:00";"MA";316;609,9;"TIMON";"Falta de Atenção à Condução";"Colisão frontal";"Com Vítimas Feridas";"Plena Noite";"Crescente";"Chuva";"Simples";"Reta";"Não";3;0;1;0;2;0;1;2;-5,065395;-42,884464;"SPRF-MA";"DEL03-MA";"UOP02-DEL03-MA"
197747;2019-03-18;"segunda-feira";"09:10:00";"CE";20;425,9;"MARACANAU";"Falta de Atenção à Condução";"Colisão traseira";"Com Vítimas Feridas";"Pleno dia";"Crescente";"Nublado";"Dupla";"Reta";"Não";3;0;0;1;1;1;1;3;-3,86;-38,53;"SPRF-CE";"DEL01-CE";"UOP02-DEL01-CE"
197751;2019-03-17;"domingo";"22:10:00";"RJ";40;123;"DUQUE DE CAXIAS";"Falta de Atenção à Condução";"Colisão traseira";"Com Vítimas Feridas";"Plena Noite";"Crescente";"Chuva";"Múltipla";"Declive";"Não";4;0;2;0;1;1;2;2;-22,79907687;-43,29015739;"SPRF-RJ";"DEL01-RJ";"UOP01-DEL01-RJ"
197753;2019-03-14;"quinta-feira";"15:20:00";"MT";70;733;"CACERES";"Falta de Atenção à Condução";"Colisão frontal";"Com Vítimas Feridas";"Pleno dia";"Decrescente";"Céu Claro";"Simples";"Reta";"Sim";3;0;2;0;1;0;2;2;-16,14718607;-57,643994;"SPRF-MT";"DEL03-MT";"UOP01-DEL03-MT"
197754;2019-03-18;"segunda-feira";"04:00:00";"BA";116;888;"CANDIDO SALES";"Condutor Dormindo";"Capotamento";"Com Vítimas Feridas";"Amanhecer";"Crescente";"Céu Claro";"Simples";"Reta";"Não";2;0;1;0;0;1;1;2;-15,27033924;-41,12408961;"SPRF-BA";"DEL08-BA";"UOP03-DEL08-BA"
197756;2019-03-18;"segunda-feira";"09:05:00";"RS";116;244,4;"SAO LEOPOLDO";"Não guardar distância de segurança";"Colisão lateral";"Com Vítimas Feridas";"Pleno dia";"Crescente";"Nublado";"Dupla";"Reta";"Sim";2;0;0;1;1;0;1;2;-29,74088003;-51,15039566;"SPRF-RS";"DEL01-RS";"UOP02-DEL01-RS"
197757;2019-03-18;"segunda-feira";"09:00:00";"RS";448;16;"CANOAS";"Defeito Mecânico no Veículo";"Colisão com objeto estático";"Sem Vítimas";"Pleno dia";"Crescente";"Céu Claro";"Simples";"Reta";"Sim";1;0;0;0;1;0;0;1;-29,93223;-51,211967;"SPRF-RS";"DEL01-RS";"UOP01-DEL01-RS"
197758;2019-03-17;"domingo";"19:50:00";"BA";242;274;"RUY BARBOSA";"Defeito Mecânico no Veículo";"Incêndio";"Sem Vítimas";"Plena Noite";"Crescente";"Céu Claro";"Simples";"Curva";"Não";2;0;0;0;1;1;0;2;-12,44791908;-40,66549802;"SPRF-BA";"DEL06-BA";"UOP02-DEL06-BA"
197762;2019-02-11;"segunda-feira";"18:10:00";"PB";230;35;"SANTA RITA";"Não guardar distância de segurança";"Colisão lateral";"Com Vítimas Feridas";"Plena Noite";"Decrescente";"Céu Claro";"Dupla";"Curva";"Sim";3;0;2;0;0;1;2;2;-7,1268;-34,9412;"SPRF-PB";"DEL01-PB";"UOP01-DEL01-PB"
197765;2019-03-18;"segunda-feira";"10:00:00";"RS";386;71,9;"BOA VISTA DAS MISSOES";"Desobediência às normas de trânsito pelo condutor";"Colisão transversal";"Com Vítimas Feridas";"Pleno dia";"Decrescente";"Chuva";"Simples";"Reta";"Não";3;0;1;0;1;1;1;3;-27,66216417;-53,3140629;"SPRF-RS";"DEL08-RS";"UOP02-DEL08-RS"
197767;2019-03-18;"segunda-feira";"09:10:00";"GO";153;303,9;"RIALMA";"Desobediência às normas de trânsito pelo condutor";"Colisão transversal";"Com Vítimas Feridas";"Pleno dia";"Decrescente";"Céu Claro";"Simples";"Interseção de Vias";"Sim";6;0;4;0;2;0;4;3;-15,302937;-49,570522;"SPRF-GO";"DEL02-GO";"UOP02-DEL02-GO"
197768;2019-03-18;"segunda-feira";"08:50:00";"PR";376;451,8;"TIBAGI";"Desobediência às normas de trânsito pelo condutor";"Colisão traseira";"Com Vítimas Feridas";"Pleno dia";"Crescente";"Céu Claro";"Dupla";"Reta";"Não";3;0;0;1;1;1;1;3;-24,94239016;-50,40224704;"SPRF-PR";"DEL03-PR";"UOP02-DEL03-PR"
197769;2019-03-18;"segunda-feira";"10:10:00";"MG";116;705;"MURIAE";"Falta de Atenção à Condução";"Colisão traseira";"Com Vítimas Feridas";"Pleno dia";"Crescente";"Sol";"Simples";"Reta";"Sim";2;0;1;0;1;0;1;2;-21,12883019;-42,38467455;"SPRF-MG";"DEL07-MG";"UOP02-DEL07-MG"
197780;2019-03-18;"segunda-feira";"10:35:00";"RO";364;343,1;"JI-PARANA";"Defeito Mecânico no Veículo";"Colisão frontal";"Com Vítimas Feridas";"Pleno dia";"Crescente";"Sol";"Dupla";"Reta";"Sim";3;0;1;0;1;3;1;5;-10,87878519;-61,94499012;"SPRF-RO";"DEL02-RO";"UOP01-DEL02-RO"
197782;2019-03-17;"domingo";"09:15:00";"MA";10;176;"CAMPESTRE DO MARANHAO";"Desobediência às normas de trânsito pelo condutor";"Colisão transversal";"Com Vítimas Feridas";"Pleno dia";"Crescente";"Céu Claro";"Simples";"Reta";"Sim";3;0;2;0;1;0;2;2;-6,177224;-47,363708;"SPRF-MA";"DEL04-MA";"UOP02-DEL04-MA"
197784;2019-03-18;"segunda-feira";"12:10:00";"PR";277;342,8;"GUARAPUAVA";"Desobediência às normas de trânsito pelo condutor";"Colisão transversal";"Com Vítimas Feridas";"Pleno dia";"Crescente";"Garoa/Chuvisco";"Simples";"Interseção de Vias";"Sim";3;0;1;0;1;2;1;4;-25,34327686;-51,41076788;"SPRF-PR";"DEL03-PR";"UOP01-DEL08-PR"
197785;2019-03-18;"segunda-feira";"10:45:00";"SC";101;215,6;"PALHOCA";"Desobediência às normas de trânsito pelo condutor";"Colisão transversal";"Com Vítimas Feridas";"Pleno dia";"Crescente";"Sol";"Simples";"Rotatória";"Sim";4;0;1;1;2;0;2;3;-27,65184843;-48,67604941;"SPRF-SC";"DEL01-SC";"UOP02-DEL01-SC"
197786;2019-03-18;"segunda-feira";"11:20:00";"MG";40;786,1;"JUIZ DE FORA";"Mal Súbito";"Tombamento";"Com Vítimas Feridas";"Pleno dia";"Crescente";"Céu Claro";"Dupla";"Curva";"Não";1;0;1;0;0;0;1;1;-21,72733544;-43,4385309;"SPRF-MG";"DEL05-MG";"UOP01-DEL05-MG"
197789;2019-03-18;"segunda-feira";"12:40:00";"PE";423;173,4;"AGUAS BELAS";"Falta de Atenção à Condução";"Colisão traseira";"Com Vítimas Feridas";"Pleno dia";"Decrescente";"Céu Claro";"Simples";"Declive";"Não";4;0;1;0;2;1;1;3;-9,1288795;-37,07829703;"SPRF-PE";"DEL03-PE";"UOP01-DEL03-PE"
197793;2019-03-18;"segunda-feira";"13:50:00";"SC";101;70;"ARAQUARI";"Falta de Atenção à Condução";"Colisão lateral";"Com Vítimas Feridas";"Pleno dia";"Decrescente";"Nublado";"Múltipla";"Reta";"Não";3;0;1;0;2;0;1;2;-26,51082007;-48,72345612;"SPRF-SC";"DEL03-SC";"UOP02-DEL03-SC"
197794;2019-03-18;"segunda-feira";"11:26:00";"MS";163;467,3;"CAMPO GRANDE";"Falta de Atenção à Condução";"Saída de leito carroçável";"Com Vítimas Feridas";"Pleno dia";"Decrescente";"Chuva";"Simples";"Reta";"Não";6;0;4;0;1;1;4;2;-20,75951198;-54,53107192;"SPRF-MS";"DEL01-MS";"UOP01-DEL01-MS"
197798;2019-03-18;"segunda-feira";"12:30:00";"BA";116;540;"MILAGRES";"Ultrapassagem Indevida";"Colisão lateral";"Com Vítimas Fatais";"Pleno dia";"Decrescente";"Céu Claro";"Simples";"Aclive;Reta";"Não";5;1;1;1;2;0;2;4;-12,829217;-39,829018;"SPRF-BA";"DEL03-BA";"UOP02-DEL03-BA"
197804;2019-03-18;"segunda-feira";"14:00:00";"SE";235;23,9;"LARANJEIRAS";"Carga excessiva e/ou mal acondicionada";"Capotamento";"Sem Vítimas";"Pleno dia";"Decrescente";"Sol";"Simples";"Declive";"Não";2;0;0;0;2;0;0;2;-10,818329;-37,24316;"SPRF-SE";"DEL01-SE";"UOP01-DEL01-SE"
197807;2019-03-18;"segunda-feira";"10:15:00";"BA";101;828;"TEIXEIRA DE FREITAS";"Velocidade Incompatível";"Tombamento";"Com Vítimas Feridas";"Pleno dia";"Decrescente";"Céu Claro";"Simples";"Curva";"Não";3;0;1;1;0;1;2;2;-17,350571;-39,62935684;"SPRF-BA";"DEL09-BA";"UOP01-DEL09-BA"