"id";"data_inversa";"dia_semana";"horario";"uf";"br";"km";"municipio";"causa_acidente";"tipo_acidente";"classificacao_acidente";"fase_dia";"sentido_via";"condicao_metereologica";"tipo_pista";"tracado_via";"uso_solo";"pessoas";"mortos";"feridos_leves";"feridos_graves";"ilesos";"ignorados";"feridos";"veiculos";"latitude";"longitude";"regional";"delegacia";"uop"
197809;2019-03-18;"segunda-feira";"14:30:00";"SC";282;192,3;"LAGES";"Falta de Atenção à Condução";"Engavetamento";"Com Vítimas Feridas";"Pleno dia";"Decrescente";"Garoa/Chuvisco";"Simples";"Aclive";"Não";4;0;1;0;3;0;1;3;-27,743231;-50,055424;"SPRF-SC";"DEL05-SC";"UOP01-DEL05-SC"
197811;2019-03-18;"segunda-feira";"15:00:00";"SP";116;226;"GUARULHOS";"Não guardar distância de segurança";"Colisão traseira";"Com Vítimas Feridas";"Pleno dia";"Crescente";"Sol";"Múltipla";"Reta";"Sim";4;0;1;0;2;1;1;3;-23,49102507;-46,54878195;"SPRF-SP";"DEL01-SP";"UOP01-DEL01-SP"
197820;2019-02-25;"segunda-feira";"08:20:00";"SC";158;135;"CAIBI";"Defeito na Via";"Colisão traseira";"Sem Vítimas";"Pleno dia";"Crescente";"Chuva";"Simples";"Reta";"Não";3;0;0;0;2;2;0;4;-27,06777744;-53,22808921;"SPRF-SC";"DEL07-SC";"UOP02-DEL07-SC"
197822;2019-03-18;"segunda-feira";"16:05:00";"SC";470;60;"BLUMENAU";"Desobediência às normas de trânsito pelo condutor";"Colisão transversal";"Com Vítimas Feridas";"Pleno dia";"Decrescente";"Nublado";"Simples";"Reta";"Sim";3;0;1;0;2;0;1;3;-26,88138;-49,164543;"SPRF-SC";"DEL04-SC";"UOP01-DEL04-SC"
197823;2019-03-18;"segunda-feira";"15:20:00";"PR";163;93,4;"CAPANEMA";"Desobediência às normas de trânsito pelo condutor";"Colisão frontal";"Com Vítimas Fatais";"Pleno dia";"Decrescente";"Nublado";"Simples";"Aclive";"Não";3;1;1;0;0;1;1;3;-25,646987;-53,803146;"SPRF-PR";"DEL02-PR";"UOP02-DEL02-PR"
197824;2019-03-18;"segunda-feira";"17:10:00";"RN";226;33;"MACAIBA";"Desobediência às normas de trânsito pelo condutor";"Colisão transversal";"Sem Vítimas";"Pleno dia";"Crescente";"Céu Claro";"Simples";"Rotatória";"Não";3;0;0;0;2;1;0;3;-5,89008802;-35,49127599;"SPRF-RN";"DEL01-RN";"UOP02-DEL01-RN"
197833;2019-03-18;"segunda-feira";"16:00:00";"SC";101;124;"ITAJAI";"Falta de Atenção à Condução";"Colisão traseira";"Com Vítimas Feridas";"Pleno dia";"Decrescente";"Chuva";"Dupla";"Curva";"Não";2;0;1;0;1;0;1;2;-26,94335064;-48,69198648;"SPRF-SC";"DEL04-SC";"UOP04-DEL04-SC"
197839;2019-03-18;"segunda-feira";"17:30:00";"AL";101;128;"SAO MIGUEL DOS CAMPOS";"Não guardar distância de segurança";"Colisão traseira";"Sem Vítimas";"Plena Noite";"Crescente";"Céu Claro";"Simples";"Reta";"Não";2;0;0;0;2;0;0;2;-9,74164602;-36,06105597;"SPRF-AL";"DEL02-AL";"UOP01-DEL02-AL"
197845;2019-03-18;"segunda-feira";"16:50:00";"MG";262;576,1;"CORREGO DANTA";"Não guardar distância de segurança";"Saída de leito carroçável";"Com Vítimas Feridas";"Pleno dia";"Decrescente";"Chuva";"Simples";"Reta";"Não";1;0;1;0;0;0;1;1;-19,67070085;-46,04779422;"SPRF-MG";"DEL08-MG";"UOP02-DEL08-MG"
197848;2019-03-18;"segunda-feira";"18:30:00";"MG";381;618;"OLIVEIRA";"Velocidade Incompatível";"Colisão transversal";"Com Vítimas Feridas";"Plena Noite";"Crescente";"Chuva";"Dupla";"Curva";"Não";4;0;1;0;2;1;1;4;-20,76895697;-44,78171707;"SPRF-MG";"DEL04-MG";"UOP01-DEL04-MG"
197849;2019-03-18;"segunda-feira";"18:30:00";"MG";365;546;"ROMARIA";"Defeito Mecânico no Veículo";"Tombamento";"Sem Vítimas";"Anoitecer";"Decrescente";"Garoa/Chuvisco";"Simples";"Reta";"Não";2;0;0;0;1;2;0;3;-18,93205374;-47,64765491;"SPRF-MG";"DEL10-MG";"UOP01-DEL10-MG"
197851;2019-03-18;"segunda-feira";"14:30:00";"SP";116;367;"MIRACATU";"Falta de Atenção à Condução";"Saída de leito carroçável";"Sem Vítimas";"Pleno dia";"Crescente";"Céu Claro";"Dupla";"Curva";"Não";2;0;0;0;1;1;0;2;-24,14628882;-47,29333804;"SPRF-SP";"DEL04-SP";"UOP02-DEL04-SP"
197853;2019-03-18;"segunda-feira";"19:00:00";"PA";163;1003;"SANTAREM";"Não guardar distância de segurança";"Colisão traseira";"Com Vítimas Feridas";"Plena Noite";"Crescente";"Céu Claro";"Dupla";"Reta";"Sim";3;0;1;0;1;1;1;2;-2,438931;-54,732664;"SPRF-PA";"DEL05-PA";"UOP01-DEL05-PA"
197857;2019-03-18;"segunda-feira";"17:45:00";"SC";280;31;"ARAQUARI";"Falta de Atenção à Condução";"Tombamento";"Com Vítimas Fatais";"Pleno dia";"Crescente";"Céu Claro";"Simples";"Curva";"Sim";2;1;0;0;1;0;0;2;-26,41649938;-48,77181215;"SPRF-SC";"DEL03-SC";"UOP03-DEL03-SC"
197859;2019-03-18;"segunda-feira";"17:55:00";"SC";280;232;"CANOINHAS";"Ingestão de Álcool";"Colisão transversal";"Com Vítimas Feridas";"Anoitecer";"Decrescente";"Céu Claro";"Simples";"Reta";"Não";2;0;1;0;1;0;1;2;-26,19014736;-50,38186997;"SPRF-SC";"DEL06-SC";"UOP04-DEL06-SC"
197861;2019-03-18;"segunda-feira";"19:30:00";"MG";262;761,6;"UBERABA";"Falta de Atenção à Condução";"Colisão frontal";"Com Vítimas Fatais";"Plena Noite";"Decrescente";"Nublado";"Simples";"Reta";"Não";3;1;0;0;1;1;0;3;-19,66972593;-47,61691332;"SPRF-MG";"DEL13-MG";"UOP01-DEL13-MG"
197862;2019-03-18;"segunda-feira";"19:00:00";"RS";116;323,3;"BARRA DO RIBEIRO";"Falta de Atenção à Condução";"Colisão traseira";"Com Vítimas Feridas";"Plena Noite";"Decrescente";"Céu Claro";"Simples";"Reta";"Não";4;0;1;0;2;3;1;6;-30,31825499;-51,41803405;"SPRF-RS";"DEL02-RS";"UOP01-DEL02-RS"
197865;2019-03-18;"segunda-feira";"18:43:00";"RJ";40;109;"DUQUE DE CAXIAS";"Restrição de Visibilidade";"Colisão lateral";"Com Vítimas Feridas";"Plena Noite";"Crescente";"Céu Claro";"Múltipla";"Curva";"Não";5;0;3;0;2;0;3;2;-22,67374628;-43,28638368;"SPRF-RJ";"DEL01-RJ";"UOP01-DEL01-RJ"
197866;2019-03-18;"segunda-feira";"20:25:00";"RS";386;344;"LAJEADO";"Falta de Atenção à Condução";"Colisão traseira";"Com Vítimas Feridas";"Plena Noite";"Crescente";"Céu Claro";"Simples";"Retorno Regulamentado";"Sim";4;0;0;1;2;1;1;4;-29,44462934;-51,97997874;"SPRF-RS";"DEL04-RS";"UOP01-DEL04-RS"
197867;2019-03-18;"segunda-feira";"15:30:00";"BA";101;422;"IBIRAPITANGA";"Falta de Atenção à Condução";"Tombamento";"Com Vítimas Feridas";"Pleno dia";"Crescente";"Ignorado";"Simples";"Curva";"Não";2;0;1;0;0;1;1;2;-14,13679;-39,358178;"SPRF-BA";"DEL05-BA";"UOP03-DEL05-BA"
197868;2019-03-18;"segunda-feira";"20:00:00";"PR";376;528;"PONTA GROSSA";"Falta de Atenção à Condução";"Colisão traseira";"Com Vítimas Feridas";"Plena Noite";"Crescente";"Nublado";"Dupla";"Reta";"Não";3;0;1;0;1;1;1;3;-25,28443775;-49,91123199;"SPRF-PR";"DEL03-PR";"UOP04-DEL03-PR"
197875;2019-03-18;"segunda-feira";"16:30:00";"MG";116;589;"MANHUACU";"Velocidade Incompatível";"Tombamento";"Com Vítimas Feridas";"Pleno dia";"Crescente";"Sol";"Simples";"Curva";"Não";2;0;1;0;0;1;1;2;-20,247452;-42,1437;"SPRF-MG";"DEL06-MG";"UOP03-DEL06-MG"
197877;2019-03-18;"segunda-feira";"15:30:00";"RJ";116;29;"SAPUCAIA";"Defeito Mecânico no Veículo";"Colisão traseira";"Com Vítimas Feridas";"Pleno dia";"Decrescente";"Céu Claro";"Simples";"Declive";"Não";3;0;1;0;2;0;1;3;-22,06451983;-42,79542346;"SPRF-RJ";"DEL04-RJ";"UOP01-DEL04-RJ"
197879;2019-03-18;"segunda-feira";"21:13:00";"ES";262;4,5;"CARIACICA";"Pista Escorregadia";"Colisão traseira";"Com Vítimas Feridas";"Plena Noite";"Crescente";"Chuva";"Múltipla";"Reta";"Sim";4;0;1;0;3;0;1;3;-20,33609327;-40,37812784;"SPRF-ES";"DEL01-ES";"UOP01-DEL01-ES"
197881;2019-03-18;"segunda-feira";"19:10:00";"MS";158;115;"APARECIDA DO TABOADO";"Defeito na Via";"Colisão com objeto estático";"Sem Vítimas";"Plena Noite";"Decrescente";"Chuva";"Simples";"Reta";"Não";2;0;0;0;1;2;0;3;-19,83171297;-51,11232486;"SPRF-MS";"DEL08-MS";"UOP01-DEL08-MS"
197885;2019-03-18;"segunda-feira";"22:30:00";"PR";376;369,9;"ORTIGUEIRA";"Desobediência às normas de trânsito pelo condutor";"Colisão lateral";"Sem Vítimas";"Plena Noite";"Decrescente";"Nublado";"Simples";"Curva";"Não";3;0;0;0;2;1;0;3;-24,33661066;-50,83360168;"SPRF-PR";"DEL03-PR";"UOP02-DEL03-PR"
197890;2019-03-18;"segunda-feira";"21:20:00";"RJ";40;92,4;"PETROPOLIS";"Defeito na Via";"Colisão com objeto estático";"Com Vítimas Feridas";"Plena Noite";"Crescente";"Nublado";"Simples";"Curva";"Não";2;0;1;0;0;2;1;3;-22,55191954;-43,25068815;"SPRF-RJ";"DEL06-RJ";"UOP01-DEL06-RJ"
197893;2019-03-18;"segunda-feira";"21:50:00";"AL";101;51,7;"FLEXEIRAS";"Falta de Atenção à Condução";"Tombamento";"Com Vítimas Fatais";"Plena Noite";"Crescente";"Céu Claro";"Dupla";"Curva";"Não";3;1;0;1;0;2;1;4;-9,241987;-35,760014;"SPRF-AL";"DEL01-AL";"UOP01-DEL01-AL"
197899;2019-03-19;"terça-feira";"00:20:00";"MG";381;682,3;"PERDOES";"Falta de Atenção à Condução";"Colisão traseira";"Com Vítimas Feridas";"Plena Noite";"Crescente";"Céu Claro";"Dupla";"Reta";"Não";4;0;2;0;1;1;2;3;-21,14533643;-45,10886302;"SPRF-MG";"DEL04-MG";"UOP02-DEL04-MG"
197901;2019-03-18;"segunda-feira";"22:00:00";"AP";210;40;"MACAPA";"Falta de Atenção à Condução";"Saída de leito carroçável";"Sem Vítimas";"Plena Noite";"Crescente";"Chuva";"Simples";"Reta";"Não";2;0;0;0;1;2;0;3;0,1045;-51,126076;"SPRF-AP";"DEL01-AP";"UOP01-DEL01-AP"
197909;2019-03-19;"terça-feira";"04:30:00";"MT";364;474;"JANGADA";"Defeito na Via";"Colisão com objeto estático";"Com Vítimas Feridas";"Plena Noite";"Crescente";"Céu Claro";"Simples";"Declive;Ponte";"Não";3;0;1;0;1;5;1;7;-15,41198133;-56,35643005;"SPRF-MT";"DEL01-MT";"DEL2/4-UOP02/MT"
197912;2019-03-18;"segunda-feira";"07:00:00";"MG";267;259;"SERITINGA";"Velocidade Incompatível";"Tombamento";"Com Vítimas Feridas";"Pleno dia";"Decrescente";"Céu Claro";"Simples";"Curva";"Não";2;0;1;0;0;1;1;2;-21,93050597;-44,5541954;"SPRF-MG";"DEL05-MG";"UOP01-DEL17-MG"
197915;2019-03-19;"terça-feira";"07:10:00";"MG";40;520;"CONTAGEM";"Desobediência às normas de trânsito pelo condutor";"Colisão traseira";"Com Vítimas Feridas";"Pleno dia";"Decrescente";"Céu Claro";"Dupla";"Reta";"Sim";2;0;1;0;1;0;1;2;-19,85289748;-44,07190715;"SPRF-MG";"DEL01-MG";"UOP03-DEL01-MG"
197924;2019-03-19;"terça-feira";"07:40:00";"PR";369;164,1;"CAMBE";"Falta de Atenção à Condução";"Colisão traseira";"Com Vítimas Fatais";"Pleno dia";"Crescente";"Nublado";"Dupla";"Reta";"Não";4;1;0;1;1;1;1;3;-23,295223;-51,287781;"SPRF-PR";"DEL07-PR";"UOP01-DEL07-PR"
197933;2019-03-19;"terça-feira";"08:30:00";"PE";232;209;"PESQUEIRA";"Não guardar distância de segurança";"Colisão traseira";"Com Vítimas Feridas";"Pleno dia";"Decrescente";"Céu Claro";"Simples";"Reta";"Sim";6;0;3;0;2;1;3;4;-8,36666789;-36,68869898;"SPRF-PE";"DEL02-PE";"UOP03-DEL02-PE"
197938;2019-03-19;"terça-feira";"08:15:00";"PR";376;451,1;"TIBAGI";"Velocidade Incompatível";"Tombamento";"Com Vítimas Feridas";"Pleno dia";"Crescente";"Nublado";"Dupla";"Reta";"Não";2;0;1;0;0;2;1;3;-24,94239016;-50,40224704;"SPRF-PR";"DEL03-PR";"UOP02-DEL03-PR"
197942;2019-03-19;"terça-feira";"08:00:00";"PR";476;180;"CONTENDA";"Avarias e/ou desgaste excessivo no pneu";"Tombamento";"Com Vítimas Feridas";"Pleno dia";"Crescente";"Nublado";"Simples";"Curva";"Não";2;0;0;1;0;1;1;2;-25,706665;-49,591278;"SPRF-PR";"DEL01-PR";"UOP06-DEL01-PR"
197947;2019-03-19;"terça-feira";"09:00:00";"RJ";40;77;"PETROPOLIS";"Condutor Dormindo";"Colisão traseira";"Com Vítimas Feridas";"Pleno dia";"Decrescente";"Nublado";"Simples";"Reta";"Não";2;0;1;0;1;0;1;2;-22,48005592;-43,23543994;"SPRF-RJ";"DEL06-RJ";"UOP01-DEL06-RJ"
197948;2019-03-19;"terça-feira";"09:15:00";"MT";163;119;"RONDONOPOLIS";"Falta de Atenção à Condução";"Colisão lateral";"Com Vítimas Feridas";"Pleno dia";"Crescente";"Céu Claro";"Dupla";"Reta";"Sim";4;0;1;0;2;2;1;4;-16,505412;-54,65154;"SPRF-MT";"DEL02-MT";"UOP01-DEL02-MT"
197951;2019-03-19;"terça-feira";"09:50:00";"MG";153;145,5;"CAMPO FLORIDO";"Ultrapassagem Indevida";"Colisão frontal";"Com Vítimas Feridas";"Pleno dia";"Crescente";"Céu Claro";"Simples";"Reta";"Não";5;0;0;2;2;5;2;8;-19,6079631;-48,83760379;"SPRF-MG";"DEL13-MG";"UOP02-DEL13-MG"
197955;2019-03-19;"terça-feira";"09:40:00";"BA";242;860;"BARREIRAS";"Falta de Atenção à Condução";"Colisão transversal";"Sem Vítimas";"Pleno dia";"Crescente";"Chuva";"Simples";"Reta";"Não";3;0;0;0;2;2;0;4;-12,06605501;-45,57841301;"SPRF-BA";"DEL10-BA";"UOP01-DEL10-BA"
197956;2019-03-07;"quinta-feira";"16:00:00";"RJ";40;112;"DUQUE DE CAXIAS";"Falta de Atenção à Condução";"Colisão transversal";"Com Vítimas Feridas";"Pleno dia";"Decrescente";"Céu Claro";"Dupla";"Reta;Aclive";"Sim";3;0;1;0;2;0;1;2;-22,7004454;-43,29014851;"SPRF-RJ";"DEL01-RJ";"UOP01-DEL01-RJ"
197958;2019-03-19;"terça-feira";"10:50:00";"PB";230;160;"CAMPINA GRANDE";"Desobediência às normas de trânsito pelo condutor";"Colisão transversal";"Com Vítimas Feridas";"Pleno dia";"Crescente";"Céu Claro";"Simples";"Reta";"Sim";3;0;1;0;2;0;1;2;-7,2436;-35,9375;"SPRF-PB";"DEL02-PB";"UOP01-DEL02-PB"
197959;2019-03-19;"terça-feira";"11:00:00";"GO";40;9;"LUZIANIA";"Desobediência às normas de trânsito pelo condutor";"Atropelamento de Pedestre";"Com Vítimas Feridas";"Pleno dia";"Crescente";"Nublado";"Dupla";"Reta";"Sim";2;0;0;1;1;0;1;2;-16,131158;-47,957739;"SPRF-DF";"DEL01-DF";"UOP01-DEL01-DF"
197961;2019-03-19;"terça-feira";"05:00:00";"MG";267;219,8;"ARANTINA";"Carga excessiva e/ou mal acondicionada";"Saída de leito carroçável";"Com Vítimas Feridas";"Amanhecer";"Decrescente";"Nublado";"Simples";"Curva";"Não";1;0;1;0;0;0;1;1;-21,94238263;-44,24362725;"SPRF-MG";"DEL05-MG";"UOP01-DEL17-MG"
197967;2019-03-19;"terça-feira";"12:00:00";"MG";459;83,4;"CONGONHAL";"Falta de Atenção à Condução";"Colisão lateral";"Com Vítimas Feridas";"Pleno dia";"Crescente";"Sol";"Simples";"Reta";"Sim";3;0;1;0;2;0;1;2;-22,154463;-46,071995;"SPRF-MG";"N/A";"N/A"
197970;2019-03-19;"terça-feira";"12:40:00";"RJ";393;155;"TRES RIOS";"Velocidade Incompatível";"Tombamento";"Com Vítimas Feridas";"Pleno dia";"Decrescente";"Sol";"Simples";"Rotatória";"Não";2;0;1;0;0;1;1;2;-22,08606995;-43,05495303;"SPRF-RJ";"DEL06-RJ";"UOP01-DEL05-RJ"
197971;2019-03-19;"terça-feira";"12:20:00";"BA";324;613;"SALVADOR";"Falta de Atenção à Condução";"Colisão traseira";"Com Vítimas Feridas";"Pleno dia";"Crescente";"Céu Claro";"Dupla";"Reta";"Sim";3;0;1;0;2;0;1;2;-12,85531601;-38,42055197;"SPRF-BA";"DEL01-BA";"UOP01-DEL01-BA"
197972;2019-03-19;"terça-feira";"12:30:00";"MG";354;713,5;"CAXAMBU";"Velocidade Incompatível";"Tombamento";"Com Vítimas Feridas";"Pleno dia";"Crescente";"Céu Claro";"Simples";"Curva";"Não";2;0;1;0;0;1;1;2;-22,0566569;-44,9272015;"SPRF-MG";"DEL05-MG";"UOP01-DEL17-MG"
197977;2019-02-08;"sexta-feira";"14:00:00";"MG";116;748,8;"LEOPOLDINA";"Condutor Dormindo";"Colisão frontal";"Com Vítimas Feridas";"Pleno dia";"Crescente";"Céu Claro";"Simples";"Reta";"Não";5;0;1;3;0;1;4;3;-21,39745869;-42,49443054;"SPRF-MG";"DEL07-MG";"UOP01-DEL07-MG"
197978;2019-03-19;"terça-feira";"13:25:00";"GO";70;1,3;"AGUAS LINDAS DE GOIAS";"Falta de Atenção à Condução";"Colisão transversal";"Com Vítimas Feridas";"Pleno dia";"Crescente";"Nublado";"Dupla";"Reta;Aclive";"Sim";2;0;1;0;1;0;1;2;-15,77579351;-48,23259001;"SPRF-DF";"DEL01-DF";"UOP02-DEL03-DF"
197979;2019-03-19;"terça-feira";"08:20:00";"MT";364;72,7;"ALTO GARCAS";"Ultrapassagem Indevida";"Colisão frontal";"Com Vítimas Fatais";"Pleno dia";"Crescente";"Céu Claro";"Simples";"Curva";"Não";6;1;0;3;1;1;3;3;-16,90973972;-53,6384169;"SPRF-MT";"DEL02-MT";"UOP02-DEL02-MT"
197984;2019-03-19;"terça-feira";"14:00:00";"MG";381;337;"BELA VISTA DE MINAS";"Falta de Atenção à Condução";"Colisão transversal";"Com Vítimas Feridas";"Pleno dia";"Decrescente";"Céu Claro";"Simples";"Reta";"Sim";3;0;3;0;0;0;3;2;-19,82388218;-43,08235792;"SPRF-MG";"DEL03-MG";"UOP01-DEL03-MG"
197986;2019-03-19;"terça-feira";"13:55:00";"BA";116;414,8;"FEIRA DE SANTANA";"Defeito Mecânico no Veículo";"Colisão lateral";"Sem Vítimas";"Pleno dia";"Crescente";"Céu Claro";"Simples";"Aclive";"Não";3;0;0;0;2;1;0;3;-12,15091699;-38,96471948;"SPRF-BA";"DEL02-BA";"UOP01-DEL02-BA"
197992;2019-03-19;"terça-feira";"14:05:00";"PR";116;17;"CURITIBA";"Agressão Externa";"Derramamento de carga";"Sem Vítimas";"Pleno dia";"Decrescente";"Céu Claro";"Dupla";"Reta";"Sim";2;0;0;0;1;1;0;2;-25,389;-49,1867;"SPRF-PR";"DEL01-PR";"UOP02-DEL01-PR"
197995;2019-03-19;"terça-feira";"14:40:00";"MG";40;760,1;"JUIZ DE FORA";"Velocidade Incompatível";"Colisão frontal";"Com Vítimas Fatais";"Pleno dia";"Decrescente";"Chuva";"Simples";"Curva;Declive";"Não";6;4;0;1;1;0;1;2;-21,52936511;-43,51813418;"SPRF-MG";"DEL05-MG";"UOP01-DEL05-MG"
197997;2019-03-19;"terça-feira";"15:15:00";"PR";376;623;"SAO JOSE DOS PINHAIS";"Não guardar distância de segurança";"Saída de leito carroçável";"Com Vítimas Feridas";"Pleno dia";"Decrescente";"Céu Claro";"Dupla";"Reta";"Não";2;0;1;0;1;0;1;2;-25,63462416;-49,16182135;"SPRF-PR";"DEL01-PR";"UOP01-DEL01-PR"
197998;2019-03-19;"terça-feira";"15:15:00";"PE";101;78;"RECIFE";"Falta de Atenção à Condução";"Colisão transversal";"Com Vítimas Feridas";"Pleno dia";"Crescente";"Sol";"Dupla";"Reta";"Sim";3;0;1;1;1;0;2;2;-8,13496499;-34,94738614;"SPRF-PE";"DEL01-PE";"UOP01-DEL01-PE"
198002;2019-03-19;"terça-feira";"16:30:00";"SP";116;211;"GUARULHOS";"Falta de Atenção à Condução";"Colisão com objeto estático";"Com Vítimas Feridas";"Pleno dia";"Crescente";"Nublado";"Múltipla";"Reta";"Sim";4;0;1;0;2;1;1;4;-23,4322798;-46,41971022;"SPRF-SP";"DEL01-SP";"UOP01-DEL01-SP"
198005;2019-03-19;"terça-feira";"15:19:00";"MG";381;520,9;"BRUMADINHO";"Falta de Atenção à Condução";"Colisão lateral";"Sem Vítimas";"Pleno dia";"Crescente";"Chuva";"Dupla";"Curva";"Não";2;0;0;0;1;1;0;2;-20,13363702;-44,309515;"SPRF-MG";"DEL04-MG";"UOP03-DEL04-MG"
198007;2019-03-19;"terça-feira";"16:35:00";"SC";101;92,8;"BARRA VELHA";"Falta de Atenção à Condução";"Colisão lateral";"Com Vítimas Feridas";"Pleno dia";"Crescente";"Céu Claro";"Dupla";"Reta";"Não";2;0;1;0;1;0;1;2;-26,6806041;-48,6931497;"SPRF-SC";"DEL03-SC";"UOP02-DEL03-SC"
198008;2019-03-19;"terça-feira";"16:20:00";"SE";101;103,1;"SAO CRISTOVAO";"Falta de Atenção à Condução";"Atropelamento de Pedestre";"Com Vítimas Feridas";"Pleno dia";"Crescente";"Sol";"Dupla";"Reta";"Não";3;0;1;0;2;0;1;3;-10,95195715;-37,21793532;"SPRF-SE";"DEL02-SE";"UOP01-DEL02-SE"
198010;2019-03-19;"terça-feira";"16:45:00";"RJ";101;429,3;"MANGARATIBA";"Falta de Atenção à Condução";"Colisão frontal";"Com Vítimas Feridas";"Pleno dia";"Crescente";"Chuva";"Simples";"Curva";"Não";7;0;5;1;1;0;6;2;-22,937274;-44,009944;"SPRF-RJ";"DEL03-RJ";"UOP01-DEL03-RJ"
198018;2019-03-19;"terça-feira";"16:30:00";"BA";116;818,2;"VITORIA DA CONQUISTA";"Condutor Dormindo";"Colisão frontal";"Com Vítimas Feridas";"Pleno dia";"Crescente";"Nublado";"Simples";"Reta";"Sim";2;0;0;1;1;0;1;2;-14,82497;-40,82112;"SPRF-BA";"DEL08-BA";"UOP01-DEL08-BA"
198021;2019-03-19;"terça-feira";"14:37:00";"BA";324;518;"FEIRA DE SANTANA";"Falta de Atenção à Condução";"Colisão traseira";"Com Vítimas Feridas";"Pleno dia";"Crescente";"Céu Claro";"Dupla";"Reta";"Sim";3;0;1;0;1;1;1;3;-12,258195;-38,932182;"SPRF-BA";"DEL01-BA";"UOP01-DEL01-BA"
198022;2019-03-19;"terça-feira";"18:00:00";"RS";285;456,6;"IJUI";"Falta de Atenção à Condução";"Colisão transversal";"Sem Vítimas";"Pleno dia";"Crescente";"Sol";"Simples";"Reta";"Sim";3;0;0;0;3;0;0;3;-28,3935523;-53,89575005;"SPRF-RS";"DEL10-RS";"UOP01-DEL10-RS"
198023;2019-03-19;"terça-feira";"18:30:00";"MG";381;915,9;"CAMANDUCAIA";"Defeito Mecânico no Veículo";"Saída de leito carroçável";"Com Vítimas Feridas";"Anoitecer";"Crescente";"Nublado";"Dupla";"Curva";"Não";2;0;1;0;0;1;1;2;-22,76087082;-46,16278597;"SPRF-MG";"DEL16-MG";"UOP03-DEL16-MG"
198027;2019-03-19;"terça-feira";"17:10:00";"PR";153;402;"MALLET";"Falta de Atenção à Condução";"Tombamento";"Com Vítimas Feridas";"Pleno dia";"Crescente";"Céu Claro";"Simples";"Declive";"Não";2;0;1;0;0;1;1;2;-25,97756901;-50,8392222;"SPRF-PR";"DEL02-PR";"UOP03-DEL02-PR"
198030;2019-03-19;"terça-feira";"19:00:00";"PE";232;5;"RECIFE";"Falta de Atenção à Condução";"Colisão lateral";"Sem Vítimas";"Plena Noite";"Crescente";"Ignorado";"Dupla";"Interseção de Vias";"Não";4;0;0;0;3;1;0;3;-8,06795766;-34,94535414;"SPRF-PE";"DEL01-PE";"UOP01-DEL01-PE"
198032;2019-03-19;"terça-feira";"18:00:00";"PA";316;42;"SANTA IZABEL DO PARA";"Falta de Atenção à Condução";"Colisão lateral";"Sem Vítimas";"Anoitecer";"Crescente";"Chuva";"Dupla";"Reta";"Sim";2;0;0;0;2;0;0;2;-1,27648404;-48,104951;"SPRF-PA";"DEL01-PA";"UOP01-DEL01-PA"
198045;2019-03-19;"terça-feira";"18:50:00";"BA";116;611,4;"IRAJUBA";"Condutor Dormindo";"Saída de leito carroçável";"Com Vítimas Fatais";"Anoitecer";"Crescente";"Céu Claro";"Simples";"Aclive";"Não";1;1;0;0;0;0;0;1;-13,29146806;-40,02289375;"SPRF-BA";"DEL03-BA";"UOP01-DEL03-BA"
198046;2019-03-19;"terça-feira";"18:40:00";"MA";10;250,5;"IMPERATRIZ";"Defeito Mecânico no Veículo";"Colisão com objeto em movimento";"Sem Vítimas";"Anoitecer";"Decrescente";"Céu Claro";"Simples";"Reta";"Sim";2;0;0;0;2;0;0;2;-5,54574607;-47,46286869;"SPRF-MA";"DEL04-MA";"UOP01-DEL04-MA"
198052;2019-03-19;"terça-feira";"16:00:00";"AL";316;241,9;"ATALAIA";"Falta de Atenção à Condução";"Colisão traseira";"Sem Vítimas";"Anoitecer";"Decrescente";"Céu Claro";"Simples";"Curva";"Sim";2;0;0;0;2;0;0;2;-9,5015368;-36,0262847;"SPRF-AL";"DEL01-AL";"UOP01-DEL01-AL"
198053;2019-03-19;"terça-feira";"20:40:00";"BA";324;615,9;"SALVADOR";"Não guardar distância de segurança";"Colisão traseira";"Sem Vítimas";"Plena Noite";"Crescente";"Nublado";"Dupla";"Reta";"Sim";2;0;0;0;1;1;0;2;-12,84877296;-38,38120267;"SPRF-BA";"DEL01-BA";"UOP01-DEL01-BA"
198067;2019-03-19;"terça-feira";"22:20:00";"SC";101;379,6;"ICARA";"Desobediência às normas de trânsito pelo condutor";"Colisão traseira";"Com Vítimas Feridas";"Plena Noite";"Decrescente";"Nublado";"Dupla";"Declive";"Sim";2;0;1;0;1;0;1;2;-28,74651646;-49,2599038;"SPRF-SC";"DEL02-SC";"UOP01-DEL02-SC"
198069;2019-03-19;"terça-feira";"21:55:00";"SP";116;324;"JUQUITIBA";"Falta de Atenção à Condução";"Colisão traseira";"Sem Vítimas";"Plena Noite";"Crescente";"Céu Claro";"Dupla";"Reta";"Não";3;0;0;0;2;1;0;3;-23,94029914;-47,04398301;"SPRF-SP";"DEL04-SP";"UOP03-DEL04-SP"
198070;2019-03-19;"terça-feira";"20:55:00";"SC";282;384,4;"JOACABA";"Falta de Atenção à Condução";"Tombamento";"Com Vítimas Feridas";"Plena Noite";"Crescente";"Céu Claro";"Simples";"Curva";"Não";2;0;1;0;0;1;1;2;-27,20299;-51,515095;"SPRF-SC";"DEL07-SC";"UOP05-DEL07-SC"