"id";"data_inversa";"dia_semana";"horario";"uf";"br";"km";"municipio";"causa_acidente";"tipo_acidente";"classificacao_acidente";"fase_dia";"sentido_via";"condicao_metereologica";"tipo_pista";"tracado_via";"uso_solo";"pessoas";"mortos";"feridos_leves";"feridos_graves";"ilesos";"ignorados";"feridos";"veiculos";"latitude";"longitude";"regional";"delegacia";"uop"
198077;2019-03-19;"terça-feira";"19:45:00";"MG";153;48,5;"MONTE ALEGRE DE MINAS";"Falta de Atenção à Condução";"Saída de leito carroçável";"Com Vítimas Feridas";"Plena Noite";"Crescente";"Céu Claro";"Dupla";"Reta";"Não";1;0;1;0;0;0;1;1;-18,80471613;-49,08293767;"SPRF-MG";"DEL15-MG";"UOP03-DEL15-MG"
198080;2019-03-20;"quarta-feira";"04:45:00";"SP";116;372,9;"MIRACATU";"Condutor Dormindo";"Colisão traseira";"Com Vítimas Feridas";"Plena Noite";"Crescente";"Nublado";"Dupla";"Reta";"Não";3;0;0;1;1;2;1;4;-24,16675314;-47,33475029;"SPRF-SP";"DEL04-SP";"UOP02-DEL04-SP"
198081;2019-03-20;"quarta-feira";"04:00:00";"PA";316;27,8;"SANTA IZABEL DO PARA";"Falta de Atenção à Condução";"Colisão transversal";"Com Vítimas Feridas";"Amanhecer";"Decrescente";"Chuva";"Dupla";"Reta";"Sim";3;0;1;0;1;2;1;4;-1,31824794;-48,22663008;"SPRF-PA";"DEL01-PA";"DEL19/1-UOP05/PA"
198084;2019-03-20;"quarta-feira";"04:30:00";"RJ";393;223,8;"VASSOURAS";"Condutor Dormindo";"Tombamento";"Com Vítimas Feridas";"Plena Noite";"Crescente";"Céu Claro";"Simples";"Reta";"Não";1;0;1;0;0;0;1;1;-22,3520119;-43,5779195;"SPRF-RJ";"DEL05-RJ";"UOP03-DEL05-RJ"
198085;2019-03-19;"terça-feira";"17:50:00";"SC";101;298;"IMBITUBA";"Não guardar distância de segurança";"Colisão lateral";"Sem Vítimas";"Anoitecer";"Decrescente";"Nublado";"Dupla";"Reta";"Sim";2;0;0;0;2;0;0;2;-28,3210612;-48,7281906;"SPRF-SC";"DEL02-SC";"UOP03-DEL02-SC"
198087;2019-03-20;"quarta-feira";"05:52:00";"PB";230;25,8;"JOAO PESSOA";"Restrição de Visibilidade";"Colisão com objeto estático";"Com Vítimas Feridas";"Pleno dia";"Decrescente";"Sol";"Múltipla";"Viaduto";"Sim";3;0;1;0;1;1;1;3;-7,1707;-34,8684;"SPRF-PB";"DEL01-PB";"UOP01-DEL01-PB"
198088;2019-03-20;"quarta-feira";"06:20:00";"PB";101;17;"MAMANGUAPE";"Falta de Atenção à Condução";"Colisão traseira";"Com Vítimas Feridas";"Pleno dia";"Decrescente";"Céu Claro";"Dupla";"Aclive";"Não";7;0;5;0;1;2;5;4;-6,63844408;-35,12334336;"SPRF-PB";"DEL01-PB";"UOP04-DEL01-PB"
198097;2019-03-20;"quarta-feira";"04:20:00";"PA";10;351;"SANTA MARIA DO PARA";"Mal Súbito";"Colisão lateral";"Com Vítimas Feridas";"Plena Noite";"Crescente";"Céu Claro";"Simples";"Reta";"Não";4;0;2;1;0;1;3;3;-1,37355006;-47,56819711;"SPRF-PA";"DEL01-PA";"UOP02-DEL01-PA"
198101;2019-03-20;"quarta-feira";"07:10:00";"CE";116;501,6;"BREJO SANTO";"Falta de Atenção à Condução";"Tombamento";"Com Vítimas Feridas";"Pleno dia";"Crescente";"Céu Claro";"Simples";"Declive;Reta";"Sim";4;0;1;1;2;0;2;2;-7,45382915;-38,97311755;"SPRF-CE";"DEL05-CE";"UOP03-DEL05-CE"
198103;2019-03-18;"segunda-feira";"05:00:00";"BA";101;663,5;"ITAPEBI";"Velocidade Incompatível";"Saída de leito carroçável";"Com Vítimas Feridas";"Pleno dia";"Decrescente";"Céu Claro";"Simples";"Curva";"Não";2;0;0;1;0;2;1;3;-15,958909;-39,560905;"SPRF-BA";"DEL09-BA";"UOP01-DEL09-BA"
198106;2019-03-20;"quarta-feira";"07:40:00";"ES";101;293;"CARIACICA";"Defeito Mecânico no Veículo";"Colisão traseira";"Com Vítimas Feridas";"Pleno dia";"Crescente";"Céu Claro";"Dupla";"Reta";"Sim";2;0;1;0;1;0;1;2;-20,31526144;-40,39567044;"SPRF-ES";"DEL01-ES";"UOP01-DEL01-ES"
198107;2019-03-20;"quarta-feira";"07:10:00";"GO";452;48;"RIO VERDE";"Falta de Atenção à Condução";"Colisão lateral";"Com Vítimas Fatais";"Pleno dia";"Crescente";"Céu Claro";"Simples";"Reta";"Sim";4;1;0;0;1;2;0;4;-17,95973114;-50,49481969;"SPRF-GO";"DEL04-GO";"UOP01-DEL04-GO"
198115;2019-03-20;"quarta-feira";"08:15:00";"PB";104;113,6;"LAGOA SECA";"Falta de Atenção do Pedestre";"Atropelamento de Pedestre";"Com Vítimas Feridas";"Pleno dia";"Crescente";"Sol";"Simples";"Reta";"Sim";3;0;0;1;1;1;1;2;-7,156613;-35,853303;"SPRF-PB";"DEL02-PB";"UOP04-DEL02-PB"
198120;2019-03-20;"quarta-feira";"07:00:00";"MT";158;798;"BARRA DO GARCAS";"Defeito Mecânico no Veículo";"Saída de leito carroçável";"Com Vítimas Feridas";"Pleno dia";"Decrescente";"Céu Claro";"Simples";"Reta";"Sim";3;0;1;0;1;2;1;4;-15,87816947;-52,298264;"SPRF-MT";"DEL07-MT";"UOP01-DEL07-MT"
198125;2019-03-20;"quarta-feira";"09:50:00";"PR";476;271,9;"SAO MATEUS DO SUL";"Falta de Atenção à Condução";"Colisão lateral";"Com Vítimas Feridas";"Pleno dia";"Decrescente";"Céu Claro";"Simples";"Reta";"Não";4;0;0;1;2;2;1;5;-25,89579;-50,348907;"SPRF-PR";"DEL02-PR";"UOP04-DEL02-PR"
198127;2019-03-20;"quarta-feira";"06:30:00";"MS";267;203,6;"NOVA ALVORADA DO SUL";"Desobediência às normas de trânsito pelo condutor";"Colisão com objeto estático";"Com Vítimas Feridas";"Pleno dia";"Decrescente";"Nublado";"Simples";"Reta;Aclive";"Não";4;0;1;0;2;2;1;5;-21,58905207;-53,97772799;"SPRF-MS";"DEL02-MS";"UOP03-DEL02-MS"
198133;2019-03-20;"quarta-feira";"09:50:00";"RN";110;10,2;"AREIA BRANCA";"Carga excessiva e/ou mal acondicionada";"Derramamento de carga";"Com Vítimas Feridas";"Pleno dia";"Decrescente";"Céu Claro";"Simples";"Reta";"Não";2;0;0;1;0;1;1;2;-4,99328888;-37,09031022;"SPRF-RN";"DEL04-RN";"UOP01-DEL04-RN"
198140;2019-03-20;"quarta-feira";"09:55:00";"ES";259;19,1;"JOAO NEIVA";"Desobediência às normas de trânsito pelo condutor";"Colisão frontal";"Com Vítimas Feridas";"Pleno dia";"Crescente";"Sol";"Simples";"Declive;Reta";"Não";4;0;1;0;2;1;1;3;-19,66055731;-40,45631938;"SPRF-ES";"DEL02-ES";"UOP01-DEL02-ES"
198145;2019-03-20;"quarta-feira";"11:00:00";"MG";153;65;"MONTE ALEGRE DE MINAS";"Defeito Mecânico no Veículo";"Colisão traseira";"Sem Vítimas";"Pleno dia";"Crescente";"Céu Claro";"Simples";"Declive";"Não";2;0;0;0;2;0;0;2;-18,93538417;-49,0295424;"SPRF-MG";"DEL15-MG";"UOP03-DEL15-MG"
198146;2019-03-20;"quarta-feira";"11:20:00";"DF";60;2,6;"BRASILIA";"Falta de Atenção à Condução";"Colisão lateral";"Sem Vítimas";"Pleno dia";"Crescente";"Céu Claro";"Dupla";"Reta";"Sim";2;0;0;0;2;0;0;2;-15,887383;-48,077988;"SPRF-DF";"DEL01-DF";"UOP01-DEL03-DF"
198152;2019-03-20;"quarta-feira";"08:10:00";"RJ";40;80,9;"PETROPOLIS";"Falta de Atenção do Pedestre";"Atropelamento de Pedestre";"Com Vítimas Feridas";"Pleno dia";"Crescente";"Chuva";"Simples";"Aclive;Curva";"Não";2;0;1;0;1;0;1;2;-22,49798597;-43,22878703;"SPRF-RJ";"DEL06-RJ";"UOP01-DEL06-RJ"
198153;2019-03-20;"quarta-feira";"13:00:00";"MA";226;598,6;"ESTREITO";"Falta de Atenção do Pedestre";"Atropelamento de Pedestre";"Com Vítimas Feridas";"Pleno dia";"Decrescente";"Sol";"Simples";"Reta";"Sim";3;0;1;0;1;2;1;4;-6,55734638;-47,44790991;"SPRF-MA";"DEL04-MA";"UOP02-DEL04-MA"
198154;2019-03-20;"quarta-feira";"12:25:00";"GO";153;521,4;"HIDROLANDIA";"Falta de Atenção à Condução";"Colisão transversal";"Com Vítimas Feridas";"Pleno dia";"Decrescente";"Céu Claro";"Dupla";"Reta";"Sim";2;0;1;0;1;0;1;2;-16,8937;-49,2557;"SPRF-GO";"DEL01-GO";"UOP03-DEL01-GO"
198155;2019-03-20;"quarta-feira";"10:30:00";"SC";470;247,5;"CURITIBANOS";"Velocidade Incompatível";"Saída de leito carroçável";"Com Vítimas Feridas";"Pleno dia";"Crescente";"Nublado";"Simples";"Rotatória";"Sim";2;0;1;0;0;1;1;2;-27,31245128;-50,57779312;"SPRF-SC";"DEL05-SC";"UOP03-DEL05-SC"
198157;2019-03-20;"quarta-feira";"07:10:00";"MG";262;761,6;"UBERABA";"Falta de Atenção à Condução";"Colisão traseira";"Com Vítimas Feridas";"Pleno dia";"Crescente";"Céu Claro";"Simples";"Reta";"Não";4;0;1;0;2;1;1;3;-19,66958449;-47,6167202;"SPRF-MG";"DEL13-MG";"UOP01-DEL13-MG"
198166;2019-03-20;"quarta-feira";"13:15:00";"RS";470;230;"CARLOS BARBOSA";"Falta de Atenção à Condução";"Colisão lateral";"Sem Vítimas";"Pleno dia";"Crescente";"Nublado";"Simples";"Reta";"Não";10;0;0;0;9;1;0;4;-29,27859697;-51,49265262;"SPRF-RS";"DEL06-RS";"UOP01-DEL06-RS"
198168;2019-03-20;"quarta-feira";"14:30:00";"RN";304;29,8;"MOSSORO";"Desobediência às normas de trânsito pelo condutor";"Capotamento";"Com Vítimas Feridas";"Pleno dia";"Crescente";"Céu Claro";"Simples";"Aclive";"Não";2;0;1;0;0;1;1;2;-5,10820698;-37,33904209;"SPRF-RN";"DEL04-RN";"UOP02-DEL04-RN"
198170;2019-03-20;"quarta-feira";"14:30:00";"CE";20;406,5;"CAUCAIA";"Falta de Atenção à Condução";"Tombamento";"Com Vítimas Feridas";"Pleno dia";"Crescente";"Céu Claro";"Dupla";"Reta";"Não";1;0;1;0;0;0;1;1;-3,76947221;-38,66453648;"SPRF-CE";"DEL01-CE";"UOP01-DEL01-CE"
198171;2019-03-20;"quarta-feira";"10:40:00";"RJ";116;92;"GUAPIMIRIM";"Defeito Mecânico no Veículo";"Tombamento";"Com Vítimas Feridas";"Pleno dia";"Decrescente";"Nublado";"Simples";"Curva";"Não";3;0;1;1;1;0;2;1;-22,47374702;-43,00117923;"SPRF-RJ";"DEL04-RJ";"UOP02-DEL04-RJ"
198180;2019-03-20;"quarta-feira";"14:50:00";"SC";101;233,6;"PALHOCA";"Falta de Atenção à Condução";"Colisão traseira";"Com Vítimas Feridas";"Pleno dia";"Decrescente";"Céu Claro";"Dupla";"Curva";"Não";5;0;1;0;3;1;1;4;-27,80376397;-48,63826211;"SPRF-SC";"DEL01-SC";"UOP02-DEL01-SC"
198184;2019-03-20;"quarta-feira";"14:50:00";"PR";376;596;"CURITIBA";"Desobediência às normas de trânsito pelo condutor";"Colisão traseira";"Sem Vítimas";"Pleno dia";"Crescente";"Céu Claro";"Dupla";"Reta";"Sim";4;0;0;0;1;3;0;4;-25,50194708;-49,3415524;"SPRF-PR";"DEL01-PR";"UOP06-DEL01-PR"
198190;2019-03-20;"quarta-feira";"16:47:00";"RN";226;1;"NATAL";"Falta de Atenção à Condução";"Colisão lateral";"Sem Vítimas";"Pleno dia";"Crescente";"Céu Claro";"Dupla";"Curva";"Sim";3;0;0;0;3;0;0;3;-5,80642132;-35,24167278;"SPRF-RN";"DEL01-RN";"UOP02-DEL01-RN"
198195;2019-03-20;"quarta-feira";"17:05:00";"MG";381;566,3;"ITAGUARA";"Falta de Atenção à Condução";"Saída de leito carroçável";"Com Vítimas Feridas";"Pleno dia";"Crescente";"Chuva";"Dupla";"Curva";"Não";2;0;1;0;0;2;1;3;-20,41642409;-44,52998184;"SPRF-MG";"DEL04-MG";"UOP03-DEL04-MG"
198196;2019-03-20;"quarta-feira";"16:40:00";"MT";158;631;"AGUA BOA";"Falta de Atenção à Condução";"Colisão frontal";"Com Vítimas Feridas";"Pleno dia";"Crescente";"Nublado";"Simples";"Curva";"Não";3;0;1;0;1;3;1;5;-14,54068228;-52,31210781;"SPRF-MT";"DEL07-MT";"UOP02-DEL07-MT"
198198;2019-03-20;"quarta-feira";"17:10:00";"RJ";393;280;"BARRA DO PIRAI";"Falta de Atenção à Condução";"Colisão transversal";"Com Vítimas Feridas";"Pleno dia";"Decrescente";"Céu Claro";"Simples";"Reta";"Sim";2;0;0;1;1;0;1;2;-22,47615736;-44,00889998;"SPRF-RJ";"DEL05-RJ";"UOP04-DEL05-RJ"
198200;2019-03-20;"quarta-feira";"15:57:00";"MG";365;9,8;"MONTES CLAROS";"Velocidade Incompatível";"Saída de leito carroçável";"Com Vítimas Feridas";"Pleno dia";"Decrescente";"Chuva";"Simples";"Reta";"Não";4;0;4;0;0;0;4;1;-16,83452;-43,943562;"SPRF-MG";"DEL12-MG";"UOP01-DEL12-MG"
198201;2019-03-20;"quarta-feira";"17:00:00";"ES";101;283,7;"CARIACICA";"Não guardar distância de segurança";"Colisão traseira";"Com Vítimas Feridas";"Pleno dia";"Crescente";"Chuva";"Múltipla";"Aclive";"Sim";2;0;1;0;1;0;1;2;-20,24334991;-40,3696926;"SPRF-ES";"DEL01-ES";"UOP01-DEL01-ES"
198204;2019-03-20;"quarta-feira";"09:15:00";"BA";101;430;"MARAU";"Ultrapassagem Indevida";"Saída de leito carroçável";"Com Vítimas Feridas";"Pleno dia";"Decrescente";"Céu Claro";"Simples";"Curva";"Não";4;0;0;3;0;1;3;2;-14,18484475;-39,31835175;"SPRF-BA";"DEL05-BA";"UOP03-DEL05-BA"
198206;2019-03-20;"quarta-feira";"17:00:00";"BA";110;394;"SAO SEBASTIAO DO PASSE";"Desobediência às normas de trânsito pelo condutor";"Colisão transversal";"Com Vítimas Feridas";"Anoitecer";"Crescente";"Céu Claro";"Simples";"Declive";"Sim";2;0;0;1;1;0;1;2;-12,50766107;-38,49626949;"SPRF-BA";"DEL01-BA";"UOP04-DEL01-BA"
198207;2019-03-20;"quarta-feira";"10:45:00";"MG";381;274;"JAGUARACU";"Falta de Atenção à Condução";"Saída de leito carroçável";"Sem Vítimas";"Pleno dia";"Crescente";"Nublado";"Simples";"Aclive;Interseção de Vias;Curva";"Não";2;0;0;0;1;1;0;2;-19,53995368;-42,68654108;"SPRF-MG";"DEL03-MG";"UOP02-DEL03-MG"
198208;2019-03-20;"quarta-feira";"17:59:00";"GO";153;215,9;"URUACU";"Ingestão de Álcool";"Colisão frontal";"Com Vítimas Feridas";"Anoitecer";"Decrescente";"Céu Claro";"Simples";"Reta";"Não";3;0;0;1;1;1;1;3;-14,655978;-49,189954;"SPRF-GO";"DEL07-GO";"UOP02-DEL07-GO"
198218;2019-03-20;"quarta-feira";"14:40:00";"MG";262;577;"CORREGO DANTA";"Não guardar distância de segurança";"Engavetamento";"Com Vítimas Feridas";"Anoitecer";"Decrescente";"Chuva";"Simples";"Reta";"Não";4;0;0;1;2;2;1;5;-19,67731202;-46,04341517;"SPRF-MG";"DEL08-MG";"UOP02-DEL08-MG"
198220;2019-03-20;"quarta-feira";"19:50:00";"MG";116;761,3;"LEOPOLDINA";"Ingestão de Álcool";"Colisão frontal";"Com Vítimas Feridas";"Plena Noite";"Crescente";"Nublado";"Simples";"Reta";"Sim";5;0;1;1;1;3;2;5;-21,52207278;-42,61775334;"SPRF-MG";"DEL07-MG";"UOP01-DEL07-MG"
198221;2019-03-20;"quarta-feira";"17:47:00";"RO";364;706;"PORTO VELHO";"Não guardar distância de segurança";"Engavetamento";"Com Vítimas Feridas";"Anoitecer";"Crescente";"Céu Claro";"Múltipla";"Interseção de Vias";"Não";3;0;0;1;2;0;1;3;-8,80030539;-63,823428;"SPRF-RO";"DEL01-RO";"UOP01-DEL01-RO"
198222;2019-03-20;"quarta-feira";"18:15:00";"RO";364;237,4;"CACOAL";"Falta de Atenção à Condução";"Colisão lateral";"Sem Vítimas";"Plena Noite";"Crescente";"Chuva";"Simples";"Reta";"Sim";2;0;0;0;2;0;0;2;-11,44341056;-61,44672787;"SPRF-RO";"DEL02-RO";"UOP02-DEL02-RO"
198224;2019-03-20;"quarta-feira";"17:00:00";"RJ";116;29;"SAPUCAIA";"Defeito Mecânico no Veículo";"Colisão com objeto estático";"Sem Vítimas";"Pleno dia";"Decrescente";"Nublado";"Simples";"Em Obras;Declive";"Não";1;0;0;0;1;0;0;1;-22,06451983;-42,79542346;"SPRF-RJ";"DEL04-RJ";"UOP01-DEL04-RJ"
198229;2019-03-20;"quarta-feira";"17:50:00";"RO";364;71;"VILHENA";"Ultrapassagem Indevida";"Tombamento";"Sem Vítimas";"Anoitecer";"Crescente";"Céu Claro";"Simples";"Aclive";"Não";3;0;0;0;2;4;0;6;-12,45997357;-60,50376957;"SPRF-RO";"DEL04-RO";"DEL21/4-UOP03/RO"
198231;2019-03-20;"quarta-feira";"17:26:00";"PR";153;92,8;"JAPIRA";"Desobediência às normas de trânsito pelo condutor";"Colisão frontal";"Com Vítimas Feridas";"Pleno dia";"Crescente";"Chuva";"Simples";"Declive";"Não";3;0;1;0;1;1;1;3;-23,71108726;-50,17616231;"SPRF-PR";"DEL07-PR";"UOP04-DEL07-PR"
198233;2019-03-20;"quarta-feira";"22:00:00";"SP";116;182,5;"SANTA ISABEL";"Defeito Mecânico no Veículo";"Colisão traseira";"Com Vítimas Feridas";"Plena Noite";"Decrescente";"Céu Claro";"Dupla";"Reta";"Não";3;0;2;0;1;0;2;2;-23,34505765;-46,16213519;"SPRF-SP";"DEL02-SP";"UOP01-DEL02-SP"
198236;2019-03-20;"quarta-feira";"20:20:00";"PR";277;482,9;"NOVA LARANJEIRAS";"Velocidade Incompatível";"Tombamento";"Com Vítimas Fatais";"Plena Noite";"Decrescente";"Céu Claro";"Simples";"Curva";"Não";2;1;0;0;0;1;0;2;-25,26775816;-52,62368292;"SPRF-PR";"DEL04-PR";"UOP02-DEL04-PR"
198237;2019-03-20;"quarta-feira";"22:50:00";"DF";40;2;"BRASILIA";"Restrição de Visibilidade";"Colisão traseira";"Com Vítimas Feridas";"Plena Noite";"Decrescente";"Chuva";"Dupla";"Reta";"Não";3;0;1;0;1;2;1;4;-15,99435;-47,985947;"SPRF-DF";"DEL01-DF";"UOP01-DEL01-DF"
198239;2019-03-20;"quarta-feira";"05:30:00";"MG";381;400;"BOM JESUS DO AMPARO";"Sinalização da via insuficiente ou inadequada";"Saída de leito carroçável";"Com Vítimas Feridas";"Amanhecer";"Crescente";"Nevoeiro/Neblina";"Simples";"Reta;Aclive";"Não";2;0;1;0;0;1;1;2;-19,74021885;-43,51724307;"SPRF-MG";"DEL01-MG";"UOP01-DEL01-MG"
198248;2019-03-21;"quinta-feira";"02:20:00";"SP";116;154,3;"SAO JOSE DOS CAMPOS";"Não guardar distância de segurança";"Colisão traseira";"Com Vítimas Feridas";"Plena Noite";"Decrescente";"Garoa/Chuvisco";"Dupla";"Aclive";"Não";3;0;1;0;1;1;1;2;-23,238759;-45,921629;"SPRF-SP";"DEL02-SP";"UOP01-DEL02-SP"
198249;2019-03-20;"quarta-feira";"23:50:00";"RJ";116;17,7;"SAPUCAIA";"Falta de Atenção à Condução";"Tombamento";"Com Vítimas Feridas";"Plena Noite";"Crescente";"Nublado";"Simples";"Curva";"Não";3;0;1;1;0;1;2;2;-21,98507485;-42,75569916;"SPRF-RJ";"DEL04-RJ";"UOP01-DEL04-RJ"
198250;2019-03-11;"segunda-feira";"22:30:00";"RO";429;129,9;"SAO MIGUEL DO GUAPORE";"Falta de Atenção à Condução";"Saída de leito carroçável";"Com Vítimas Feridas";"Plena Noite";"Crescente";"Ignorado";"Simples";"Curva";"Não";2;0;1;0;0;2;1;3;-11,50761255;-62,53452301;"SPRF-RO";"DEL02-RO";"UOP03-DEL02-RO"
198251;2019-03-21;"quinta-feira";"01:45:00";"SC";101;142;"BALNEARIO CAMBORIU";"Velocidade Incompatível";"Colisão lateral";"Com Vítimas Feridas";"Plena Noite";"Crescente";"Nublado";"Simples";"Reta";"Não";3;0;1;0;1;1;1;3;-27,056089;-48,599449;"SPRF-SC";"DEL04-SC";"UOP03-DEL04-SC"
198254;2019-03-21;"quinta-feira";"04:45:00";"SP";116;511;"CAJATI";"Velocidade Incompatível";"Tombamento";"Com Vítimas Feridas";"Amanhecer";"Crescente";"Garoa/Chuvisco";"Simples";"Ponte;Curva;Declive";"Não";2;0;1;0;0;1;1;2;-24,83558399;-48,2223738;"SPRF-SP";"DEL05-SP";"UAP01-DEL05-SP"
198258;2019-03-21;"quinta-feira";"05:30:00";"RS";386;271;"FONTOURA XAVIER";"Condutor Dormindo";"Saída de leito carroçável";"Com Vítimas Feridas";"Plena Noite";"Decrescente";"Céu Claro";"Simples";"Aclive";"Não";2;0;1;0;1;0;1;1;-28,99283357;-52,36138257;"SPRF-RS";"DEL04-RS";"NPF/DEL04-RS"
198262;2019-03-21;"quinta-feira";"03:40:00";"PR";376;460;"TIBAGI";"Velocidade Incompatível";"Tombamento";"Sem Vítimas";"Plena Noite";"Crescente";"Céu Claro";"Dupla";"Declive";"Não";2;0;0;0;1;1;0;2;-25,00668306;-50,35541903;"SPRF-PR";"DEL03-PR";"UOP01-DEL03-PR"
198263;2019-03-21;"quinta-feira";"06:45:00";"MG";365;671;"MONTE ALEGRE DE MINAS";"Falta de Atenção à Condução";"Saída de leito carroçável";"Com Vítimas Feridas";"Amanhecer";"Decrescente";"Céu Claro";"Dupla";"Reta";"Não";2;0;1;0;0;2;1;3;-18,87919566;-48,74332477;"SPRF-MG";"DEL15-MG";"UOP01-DEL15-MG"
198266;2019-03-21;"quinta-feira";"06:30:00";"MG";381;440;"SABARA";"Falta de Atenção à Condução";"Colisão traseira";"Com Vítimas Feridas";"Amanhecer";"Decrescente";"Chuva";"Simples";"Reta";"Não";6;0;3;0;2;2;3;5;-19,81160206;-43,79604396;"SPRF-MG";"DEL01-MG";"UOP01-DEL01-MG"
198270;2019-03-13;"quarta-feira";"15:40:00";"BA";101;185;"SAO GONCALO DOS CAMPOS";"Agressão Externa";"Incêndio";"Sem Vítimas";"Pleno dia";"Decrescente";"Céu Claro";"Simples";"Reta";"Não";1;0;0;0;1;0;0;1;-12,44449709;-38,92177105;"SPRF-BA";"DEL01-BA";"UOP03-DEL01-BA"
198274;2019-03-13;"quarta-feira";"13:15:00";"MG";262;403,4;"PARA DE MINAS";"Falta de Atenção à Condução";"Colisão lateral";"Com Vítimas Feridas";"Pleno dia";"Decrescente";"Céu Claro";"Dupla";"Reta";"Não";2;0;0;2;0;0;2;2;-19,89468798;-44,57131499;"SPRF-MG";"DEL08-MG";"UOP03-DEL08-MG"
198276;2019-03-13;"quarta-feira";"13:00:00";"RS";116;45,4;"VACARIA";"Desobediência às normas de trânsito pelo condutor";"Colisão frontal";"Com Vítimas Fatais";"Pleno dia";"Crescente";"Nublado";"Simples";"Curva";"Não";3;1;0;0;1;1;0;3;-28,54860227;-50,97948074;"SPRF-RS";"DEL05-RS";"UOP03-DEL05-RS"
198287;2019-03-21;"quinta-feira";"09:10:00";"RJ";101;296;"ITABORAI";"Não guardar distância de segurança";"Colisão traseira";"Com Vítimas Feridas";"Pleno dia";"Crescente";"Garoa/Chuvisco";"Dupla";"Reta";"Sim";2;0;1;0;1;0;1;2;-22,7670498;-42,91019601;"SPRF-RJ";"DEL02-RJ";"DEL5/2-UOP04/RJ"
198288;2019-03-21;"quinta-feira";"07:30:00";"RS";287;275,7;"SANTA MARIA";"Falta de Atenção à Condução";"Colisão traseira";"Com Vítimas Feridas";"Pleno dia";"Crescente";"Céu Claro";"Simples";"Reta";"Não";2;0;1;0;1;0;1;2;-29,66188963;-54,12516993;"SPRF-RS";"DEL09-RS";"UOP01-DEL09-RS"
198289;2019-03-21;"quinta-feira";"09:15:00";"MG";381;728,9;"CARMO DA CACHOEIRA";"Mal Súbito";"Tombamento";"Com Vítimas Feridas";"Pleno dia";"Decrescente";"Nublado";"Dupla";"Curva";"Não";2;0;1;0;0;1;1;2;-21,52361199;-45,22481701;"SPRF-MG";"DEL04-MG";"UOP02-DEL04-MG"
198292;2019-01-28;"segunda-feira";"16:30:00";"PR";116;122;"CURITIBA";"Falta de Atenção à Condução";"Colisão traseira";"Com Vítimas Feridas";"Pleno dia";"Crescente";"Céu Claro";"Dupla";"Declive";"Sim";14;0;6;1;2;6;7;4;-25,551222;-49,305038;"SPRF-PR";"DEL01-PR";"UOP03-DEL01-PR"
198295;2019-03-21;"quinta-feira";"10:30:00";"ES";101;349,8;"GUARAPARI";"Não guardar distância de segurança";"Atropelamento de Pedestre";"Com Vítimas Feridas";"Pleno dia";"Crescente";"Nublado";"Simples";"Reta;Em Obras";"Não";3;0;0;1;1;1;1;2;-20,6527553;-40,64346758;"SPRF-ES";"DEL03-ES";"UOP01-DEL03-ES"
198296;2019-03-21;"quinta-feira";"11:35:00";"PE";101;62,7;"RECIFE";"Não guardar distância de segurança";"Colisão traseira";"Com Vítimas Feridas";"Pleno dia";"Crescente";"Céu Claro";"Dupla";"Reta";"Sim";2;0;1;0;1;0;1;2;-7,99905898;-34,93899295;"SPRF-PE";"DEL01-PE";"UOP02-DEL01-PE"
198298;2019-03-21;"quinta-feira";"08:15:00";"PR";153;138,8;"VENTANIA";"Velocidade Incompatível";"Saída de leito carroçável";"Com Vítimas Feridas";"Pleno dia";"Decrescente";"Céu Claro";"Simples";"Curva";"Não";1;0;1;0;0;0;1;1;-24,06329917;-50,25299369;"SPRF-PR";"DEL07-PR";"UOP04-DEL07-PR"
198302;2019-03-17;"domingo";"02:48:00";"PA";163;623;"TRAIRAO";"Falta de Atenção à Condução";"Saída de leito carroçável";"Sem Vítimas";"Plena Noite";"Decrescente";"Nublado";"Simples";"Curva";"Sim";1;0;0;0;1;0;0;1;-4,71056414;-56,01142789;"SPRF-PA";"DEL05-PA";"UOP01-DEL05-PA"
198308;2019-03-21;"quinta-feira";"10:55:00";"BA";101;393;"IBIRAPITANGA";"Velocidade Incompatível";"Saída de leito carroçável";"Com Vítimas Feridas";"Pleno dia";"Crescente";"Chuva";"Simples";"Curva";"Não";2;0;1;0;0;1;1;2;-13,9777;-39,4797;"SPRF-BA";"DEL05-BA";"UOP03-DEL05-BA"
198314;2019-03-21;"quinta-feira";"12:30:00";"MA";316;438,2;"PERITORO";"Avarias e/ou desgaste excessivo no pneu";"Saída de leito carroçável";"Sem Vítimas";"Pleno dia";"Crescente";"Chuva";"Simples";"Reta";"Não";1;0;0;0;1;0;0;1;-4,420809;-44,224987;"SPRF-MA";"DEL03-MA";"UOP01-DEL03-MA"
198318;2019-03-21;"quinta-feira";"12:15:00";"MA";316;436,5;"PERITORO";"Defeito na Via";"Saída de leito carroçável";"Sem Vítimas";"Pleno dia";"Decrescente";"Chuva";"Simples";"Curva";"Não";1;0;0;0;1;0;0;1;-4,413616;-44,2411;"SPRF-MA";"DEL03-MA";"UOP01-DEL03-MA"
198319;2019-03-21;"quinta-feira";"12:10:00";"PR";376;667,1;"GUARATUBA";"Não guardar distância de segurança";"Colisão traseira";"Com Vítimas Feridas";"Pleno dia";"Crescente";"Garoa/Chuvisco";"Dupla";"Reta";"Não";4;0;0;2;1;1;2;3;-25,86640631;-48,94598007;"SPRF-PR";"DEL01-PR";"DEL7/1-UOP08/PR"