"id";"data_inversa";"dia_semana";"horario";"uf";"br";"km";"municipio";"causa_acidente";"tipo_acidente";"classificacao_acidente";"fase_dia";"sentido_via";"condicao_metereologica";"tipo_pista";"tracado_via";"uso_solo";"pessoas";"mortos";"feridos_leves";"feridos_graves";"ilesos";"ignorados";"feridos";"veiculos";"latitude";"longitude";"regional";"delegacia";"uop"
198320;2019-03-21;"quinta-feira";"12:45:00";"SC";470;1,7;"NAVEGANTES";"Falta de Atenção à Condução";"Colisão lateral";"Com Vítimas Feridas";"Pleno dia";"Crescente";"Sol";"Simples";"Curva";"Não";2;0;0;1;1;0;1;2;-26,875383;-48,668285;"SPRF-SC";"DEL04-SC";"UOP04-DEL04-SC"
198324;2019-03-21;"quinta-feira";"12:30:00";"BA";135;61,6;"FORMOSA DO RIO PRETO";"Objeto estático sobre o leito carroçável";"Colisão traseira";"Sem Vítimas";"Pleno dia";"Decrescente";"Chuva";"Simples";"Curva";"Não";4;0;0;0;3;2;0;5;-11,272003;-45,012238;"SPRF-BA";"DEL10-BA";"UOP01-DEL10-BA"
198327;2019-03-21;"quinta-feira";"14:00:00";"GO";60;382;"RIO VERDE";"Desobediência às normas de trânsito pelo condutor";"Colisão transversal";"Com Vítimas Feridas";"Pleno dia";"Crescente";"Céu Claro";"Dupla";"Rotatória";"Sim";2;0;1;0;1;0;1;2;-17,78707936;-50,90326434;"SPRF-GO";"DEL04-GO";"UOP01-DEL04-GO"
198329;2019-03-21;"quinta-feira";"13:05:00";"BA";110;376;"CATU";"Desobediência às normas de trânsito pelo condutor";"Colisão frontal";"Com Vítimas Fatais";"Pleno dia";"Decrescente";"Céu Claro";"Simples";"Aclive";"Não";4;2;0;0;1;1;0;3;-12,41579896;-38,47467614;"SPRF-BA";"DEL01-BA";"UOP01-DEL01-BA"
198330;2019-03-21;"quinta-feira";"14:30:00";"BA";101;225;"CRUZ DAS ALMAS";"Mal Súbito";"Colisão frontal";"Com Vítimas Feridas";"Pleno dia";"Decrescente";"Nublado";"Simples";"Reta";"Não";6;0;1;1;4;0;2;3;-12,6787376;-39,13873762;"SPRF-BA";"DEL01-BA";"UOP02-DEL01-BA"
198333;2019-03-21;"quinta-feira";"13:00:00";"MT";163;1111;"GUARANTA DO NORTE";"Defeito Mecânico no Veículo";"Tombamento";"Sem Vítimas";"Pleno dia";"Crescente";"Nublado";"Simples";"Declive";"Não";2;0;0;0;1;3;0;4;-9,60328878;-54,8806572;"SPRF-MT";"DEL06-MT";"UOP02-DEL06-MT"
198338;2019-03-21;"quinta-feira";"14:45:00";"MG";40;507,4;"RIBEIRAO DAS NEVES";"Falta de Atenção à Condução";"Colisão lateral";"Com Vítimas Feridas";"Pleno dia";"Crescente";"Céu Claro";"Dupla";"Reta";"Sim";2;0;1;0;1;0;1;2;-19,75431705;-44,14152606;"SPRF-MG";"DEL02-MG";"UOP01-DEL02-MG"
198341;2019-03-21;"quinta-feira";"10:07:00";"SC";280;13,3;"SAO FRANCISCO DO SUL";"Falta de Atenção à Condução";"Colisão frontal";"Com Vítimas Fatais";"Pleno dia";"Decrescente";"Céu Claro";"Simples";"Reta";"Não";5;1;2;0;1;1;2;4;-26,32171113;-48,64798666;"SPRF-SC";"DEL03-SC";"UOP03-DEL03-SC"
198344;2019-03-21;"quinta-feira";"15:45:00";"BA";418;80,4;"NOVA VICOSA";"Falta de Atenção à Condução";"Saída de leito carroçável";"Com Vítimas Feridas";"Pleno dia";"Crescente";"Chuva";"Simples";"Reta";"Não";2;0;1;1;0;0;2;1;-17,87014913;-39,75939393;"SPRF-BA";"DEL09-BA";"UOP02-DEL09-BA"
198345;2019-03-21;"quinta-feira";"15:30:00";"ES";101;22;"PEDRO CANARIO";"Ingestão de Álcool";"Colisão lateral";"Sem Vítimas";"Pleno dia";"Decrescente";"Chuva";"Simples";"Reta;Aclive";"Não";2;0;0;0;1;1;0;2;-18,34285601;-39,95904671;"SPRF-ES";"DEL04-ES";"UOP02-DEL04-ES"
198348;2019-03-21;"quinta-feira";"14:00:00";"MG";40;739,8;"SANTOS DUMONT";"Velocidade Incompatível";"Tombamento";"Sem Vítimas";"Pleno dia";"Crescente";"Nublado";"Simples";"Curva";"Não";2;0;0;0;1;1;0;2;-21,394039;-43,56680295;"SPRF-MG";"DEL05-MG";"UOP01-DEL05-MG"
198351;2019-03-21;"quinta-feira";"16:10:00";"SP";116;58,2;"GUARATINGUETA";"Velocidade Incompatível";"Tombamento";"Sem Vítimas";"Pleno dia";"Decrescente";"Nublado";"Simples";"Retorno Regulamentado";"Sim";1;0;0;0;1;0;0;1;-22,782001;-45,146151;"SPRF-SP";"DEL08-SP";"UOP01-DEL08-SP"
198359;2019-03-21;"quinta-feira";"11:20:00";"MG";116;244,2;"TEOFILO OTONI";"Carga excessiva e/ou mal acondicionada";"Tombamento";"Sem Vítimas";"Pleno dia";"Crescente";"Chuva";"Simples";"Curva";"Não";1;0;0;0;1;0;0;1;-17,59451802;-41,49128013;"SPRF-MG";"DEL11-MG";"UOP01-DEL11-MG"
198360;2019-03-21;"quinta-feira";"16:30:00";"BA";101;371;"GANDU";"Velocidade Incompatível";"Saída de leito carroçável";"Com Vítimas Feridas";"Pleno dia";"Decrescente";"Chuva";"Simples";"Curva";"Não";1;0;1;0;0;0;1;1;-13,7962;-39,4955;"SPRF-BA";"DEL05-BA";"UOP03-DEL05-BA"
198361;2019-03-21;"quinta-feira";"17:20:00";"PI";343;319;"ALTOS";"Não guardar distância de segurança";"Colisão traseira";"Com Vítimas Feridas";"Anoitecer";"Crescente";"Céu Claro";"Simples";"Reta";"Não";3;0;1;0;2;0;1;3;-5,048245;-42,560604;"SPRF-PI";"DEL01-PI";"UOP01-DEL01-PI"
198362;2019-03-21;"quinta-feira";"17:49:00";"RN";304;47;"MOSSORO";"Condutor Dormindo";"Colisão traseira";"Com Vítimas Feridas";"Anoitecer";"Crescente";"Nublado";"Dupla";"Reta";"Sim";2;0;1;0;1;0;1;2;-5,22597224;-37,33086797;"SPRF-RN";"DEL04-RN";"UOP01-DEL04-RN"
198363;2019-03-21;"quinta-feira";"15:50:00";"MS";163;567;"BANDEIRANTES";"Não guardar distância de segurança";"Colisão traseira";"Sem Vítimas";"Pleno dia";"Crescente";"Céu Claro";"Simples";"Reta";"Não";3;0;0;0;2;3;0;5;-19,755111;-54,357619;"SPRF-MS";"DEL01-MS";"UOP02-DEL01-MS"
198365;2019-03-21;"quinta-feira";"12:30:00";"SC";470;121;"IBIRAMA";"Falta de Atenção à Condução";"Saída de leito carroçável";"Com Vítimas Fatais";"Pleno dia";"Decrescente";"Nublado";"Simples";"Curva";"Não";3;1;0;1;0;2;1;3;-27,095861;-49,526859;"SPRF-SC";"DEL04-SC";"UOP02-DEL04-SC"
198379;2019-03-21;"quinta-feira";"18:25:00";"GO";153;699;"ITUMBIARA";"Falta de Atenção à Condução";"Colisão lateral";"Com Vítimas Feridas";"Anoitecer";"Crescente";"Céu Claro";"Dupla";"Reta";"Não";6;0;1;0;4;1;1;3;-18,3862;-49,2076;"SPRF-GO";"DEL03-GO";"UOP02-DEL03-GO"
198383;2019-03-21;"quinta-feira";"18:15:00";"RJ";101;184,7;"CASIMIRO DE ABREU";"Falta de Atenção à Condução";"Queda de ocupante de veículo";"Com Vítimas Fatais";"Anoitecer";"Crescente";"Chuva";"Simples";"Curva";"Não";4;1;0;0;1;2;0;4;-22,42858628;-42,02598288;"SPRF-RJ";"DEL02-RJ";"UOP04-DEL08-RJ"
198386;2019-03-21;"quinta-feira";"18:30:00";"BA";324;549;"AMELIA RODRIGUES";"Condutor Dormindo";"Tombamento";"Com Vítimas Feridas";"Plena Noite";"Crescente";"Nublado";"Dupla";"Reta";"Não";2;0;1;0;0;2;1;3;-12,43255269;-38,7319107;"SPRF-BA";"DEL01-BA";"UOP01-DEL01-BA"
198389;2019-03-21;"quinta-feira";"18:25:00";"MS";163;261,4;"DOURADOS";"Desobediência às normas de trânsito pelo condutor";"Colisão traseira";"Com Vítimas Feridas";"Plena Noite";"Decrescente";"Céu Claro";"Dupla";"Reta";"Sim";2;0;1;0;0;1;1;2;-22,23864271;-54,76552912;"SPRF-MS";"DEL04-MS";"UOP01-DEL04-MS"
198397;2019-03-21;"quinta-feira";"17:10:00";"PR";153;75,7;"CONSELHEIRO MAIRINCK";"Falta de Atenção à Condução";"Tombamento";"Com Vítimas Fatais";"Pleno dia";"Decrescente";"Céu Claro";"Simples";"Curva";"Não";3;1;0;1;0;1;1;2;-23,56153514;-50,14239777;"SPRF-PR";"DEL07-PR";"UOP04-DEL07-PR"
198398;2019-03-21;"quinta-feira";"20:20:00";"MG";50;86;"UBERLANDIA";"Falta de Atenção à Condução";"Saída de leito carroçável";"Com Vítimas Feridas";"Plena Noite";"Decrescente";"Céu Claro";"Dupla";"Reta";"Não";5;0;3;0;1;1;3;3;-19,02302252;-48,20442807;"SPRF-MG";"DEL15-MG";"UOP01-DEL15-MG"
198400;2019-03-21;"quinta-feira";"18:20:00";"PI";316;14,5;"TERESINA";"Falta de Atenção do Pedestre";"Atropelamento de Pedestre";"Com Vítimas Feridas";"Plena Noite";"Decrescente";"Nublado";"Simples";"Reta";"Não";2;0;0;1;1;0;1;2;-5,21837815;-42,75257727;"SPRF-PI";"DEL01-PI";"UOP02-DEL01-PI"
198404;2019-03-21;"quinta-feira";"18:00:00";"GO";153;606;"MORRINHOS";"Velocidade Incompatível";"Colisão traseira";"Com Vítimas Feridas";"Anoitecer";"Decrescente";"Céu Claro";"Dupla";"Declive";"Não";10;0;2;0;3;6;2;7;-17,6034;-49,1878;"SPRF-GO";"DEL03-GO";"UOP01-DEL03-GO"
198413;2019-03-21;"quinta-feira";"11:00:00";"MA";316;585;"CAXIAS";"Pista Escorregadia";"Saída de leito carroçável";"Sem Vítimas";"Pleno dia";"Crescente";"Chuva";"Simples";"Curva;Declive";"Não";1;0;0;0;1;0;0;1;-4,981047;-43,080875;"SPRF-MA";"DEL03-MA";"UOP02-DEL03-MA"
198414;2019-03-21;"quinta-feira";"19:55:00";"AL";101;184,8;"JUNQUEIRO";"Falta de Atenção à Condução";"Tombamento";"Sem Vítimas";"Plena Noite";"Crescente";"Chuva";"Dupla";"Reta";"Não";2;0;0;0;1;1;0;2;-9,89837586;-36,43841999;"SPRF-AL";"DEL02-AL";"UOP02-DEL02-AL"
198419;2019-03-21;"quinta-feira";"15:20:00";"PR";476;193,2;"LAPA";"Ultrapassagem Indevida";"Colisão traseira";"Com Vítimas Feridas";"Pleno dia";"Crescente";"Céu Claro";"Simples";"Declive";"Não";6;0;2;0;4;0;2;4;-25,731451;-49,709415;"SPRF-PR";"DEL01-PR";"UOP03-DEL01-PR"
198420;2019-03-21;"quinta-feira";"21:40:00";"MG";40;440,9;"PARAOPEBA";"Defeito Mecânico no Veículo";"Tombamento";"Com Vítimas Feridas";"Plena Noite";"Crescente";"Chuva";"Dupla";"Reta";"Não";1;0;1;0;0;0;1;1;-19,23100428;-44,43562244;"SPRF-MG";"DEL02-MG";"UOP01-DEL02-MG"
198421;2019-03-21;"quinta-feira";"23:00:00";"SC";101;172;"TIJUCAS";"Falta de Atenção à Condução";"Colisão traseira";"Com Vítimas Feridas";"Plena Noite";"Decrescente";"Céu Claro";"Dupla";"Reta";"Não";3;0;1;0;1;1;1;3;-27,31398818;-48,63155831;"SPRF-SC";"DEL04-SC";"UOP03-DEL04-SC"
198422;2019-03-21;"quinta-feira";"18:30:00";"MG";40;57,5;"PARACATU";"Falta de Atenção à Condução";"Colisão lateral";"Com Vítimas Feridas";"Plena Noite";"Crescente";"Garoa/Chuvisco";"Simples";"Reta";"Não";6;0;1;1;3;1;2;3;-17,29349791;-46,77346153;"SPRF-MG";"DEL14-MG";"UOP01-DEL14-MG"
198424;2019-03-21;"quinta-feira";"16:30:00";"SC";101;396,2;"MARACAJA";"Falta de Atenção à Condução";"Colisão traseira";"Com Vítimas Feridas";"Pleno dia";"Decrescente";"Nublado";"Múltipla";"Aclive";"Sim";3;0;1;0;1;1;1;3;-28,82459572;-49,40472033;"SPRF-SC";"DEL02-SC";"UOP02-DEL02-SC"
198427;2019-03-21;"quinta-feira";"19:30:00";"MS";262;138;"AGUA CLARA";"Falta de Atenção à Condução";"Tombamento";"Sem Vítimas";"Plena Noite";"Crescente";"Nublado";"Simples";"Reta";"Não";2;0;0;0;1;1;0;2;-20,45549396;-52,82801697;"SPRF-MS";"DEL07-MS";"UOP02-DEL07-MS"
198428;2019-03-22;"sexta-feira";"00:05:00";"ES";262;35;"DOMINGOS MARTINS";"Falta de Atenção à Condução";"Tombamento";"Sem Vítimas";"Plena Noite";"Decrescente";"Céu Claro";"Simples";"Curva";"Não";1;0;0;0;1;0;0;1;-20,38002181;-40,5951714;"SPRF-ES";"DEL01-ES";"UOP01-DEL01-ES"
198432;2019-03-22;"sexta-feira";"00:30:00";"MG";381;786,3;"SAO GONCALO DO SAPUCAI";"Falta de Atenção à Condução";"Colisão traseira";"Com Vítimas Feridas";"Plena Noite";"Decrescente";"Chuva";"Dupla";"Reta";"Não";4;0;1;0;2;1;1;3;-21,89171107;-45,54839084;"SPRF-MG";"DEL16-MG";"UOP02-DEL16-MG"
198433;2019-03-22;"sexta-feira";"00:40:00";"BA";101;817;"VEREDA";"Falta de Atenção à Condução";"Tombamento";"Com Vítimas Feridas";"Plena Noite";"Crescente";"Chuva";"Simples";"Curva;Declive";"Não";4;0;2;0;1;1;2;2;-17,25428798;-39,63099022;"SPRF-BA";"DEL09-BA";"UOP01-DEL09-BA"
198434;2019-03-21;"quinta-feira";"18:39:00";"GO";158;60,8;"BOM JARDIM DE GOIAS";"Desobediência às normas de trânsito pelo condutor";"Colisão traseira";"Sem Vítimas";"Pleno dia";"Crescente";"Ignorado";"Simples";"Curva;Declive";"Não";3;0;0;0;0;3;0;3;-16,280502;-51,987742;"SPRF-GO";"DEL04-GO";"UOP01-DEL04-GO"
198442;2019-03-22;"sexta-feira";"03:25:00";"RJ";393;244,3;"VASSOURAS";"Condutor Dormindo";"Saída de leito carroçável";"Sem Vítimas";"Plena Noite";"Crescente";"Garoa/Chuvisco";"Simples";"Curva";"Não";2;0;0;0;1;1;0;2;-22,43221286;-43,73837471;"SPRF-RJ";"DEL05-RJ";"UOP03-DEL05-RJ"
198445;2019-03-22;"sexta-feira";"04:50:00";"PR";376;672,5;"GUARATUBA";"Condutor Dormindo";"Colisão lateral";"Com Vítimas Feridas";"Plena Noite";"Crescente";"Chuva";"Dupla";"Declive;Reta";"Não";3;0;1;0;1;2;1;4;-25,89358488;-48,93146782;"SPRF-PR";"DEL01-PR";"UOP04-DEL01-PR"
198447;2019-03-22;"sexta-feira";"04:00:00";"SP";116;320,6;"JUQUITIBA";"Velocidade Incompatível";"Colisão traseira";"Com Vítimas Feridas";"Plena Noite";"Decrescente";"Nublado";"Dupla";"Reta";"Não";2;0;1;0;1;0;1;2;-23,93226;-47,00835;"SPRF-SP";"DEL04-SP";"UOP03-DEL04-SP"
198451;2019-03-21;"quinta-feira";"16:40:00";"MT";70;696;"CACERES";"Condutor Dormindo";"Colisão traseira";"Sem Vítimas";"Pleno dia";"Crescente";"Sol";"Dupla";"Aclive";"Não";2;0;0;0;2;0;0;2;-16,25019291;-57,46767998;"SPRF-MT";"DEL03-MT";"UOP01-DEL03-MT"
198452;2019-03-22;"sexta-feira";"04:00:00";"BA";101;21;"RIO REAL";"Condutor Dormindo";"Tombamento";"Com Vítimas Feridas";"Plena Noite";"Decrescente";"Nublado";"Simples";"Reta";"Não";2;0;1;0;0;1;1;2;-11,71215983;-37,92091523;"SPRF-SE";"DEL02-SE";"UOP03-DEL02-SE"
198453;2019-03-22;"sexta-feira";"06:00:00";"SC";101;168;"TIJUCAS";"Falta de Atenção à Condução";"Saída de leito carroçável";"Com Vítimas Feridas";"Amanhecer";"Crescente";"Nublado";"Dupla";"Retorno Regulamentado;Reta";"Não";3;0;1;0;1;1;1;3;-27,27956792;-48,63143206;"SPRF-SC";"DEL04-SC";"UOP03-DEL04-SC"
198465;2019-03-22;"sexta-feira";"05:40:00";"RJ";116;196;"QUEIMADOS";"Falta de Atenção à Condução";"Colisão traseira";"Com Vítimas Feridas";"Amanhecer";"Decrescente";"Garoa/Chuvisco";"Dupla";"Reta";"Não";2;0;1;0;1;0;1;2;-22,73336575;-43,55659479;"SPRF-RJ";"DEL01-RJ";"UOP03-DEL01-RJ"
198466;2019-03-22;"sexta-feira";"07:30:00";"ES";101;270;"SERRA";"Desobediência às normas de trânsito pelo condutor";"Colisão transversal";"Com Vítimas Feridas";"Pleno dia";"Decrescente";"Nublado";"Múltipla";"Reta";"Sim";2;0;1;0;1;0;1;2;-20,22662056;-40,27075088;"SPRF-ES";"DEL02-ES";"UOP01-DEL02-ES"
198472;2019-03-22;"sexta-feira";"07:50:00";"GO";60;296;"ACREUNA";"Falta de Atenção à Condução";"Colisão traseira";"Com Vítimas Feridas";"Pleno dia";"Crescente";"Céu Claro";"Dupla";"Reta";"Não";4;0;1;0;2;1;1;3;-17,3374;-50,3116;"SPRF-GO";"DEL04-GO";"UOP01-DEL04-GO"
198474;2019-03-22;"sexta-feira";"05:45:00";"RJ";493;4;"ITABORAI";"Defeito na Via";"Derramamento de carga";"Sem Vítimas";"Amanhecer";"Decrescente";"Chuva";"Simples";"Desvio Temporário;Em Obras";"Sim";2;0;0;0;1;1;0;2;-22,74828913;-42,9500441;"SPRF-RJ";"DEL04-RJ";"UOP02-DEL04-RJ"
198482;2019-03-21;"quinta-feira";"23:00:00";"MG";262;447,5;"NOVA SERRANA";"Ingestão de Álcool";"Colisão frontal";"Sem Vítimas";"Plena Noite";"Decrescente";"Chuva";"Simples";"Reta";"Não";3;0;0;0;2;2;0;4;-19,87341662;-44,96007194;"SPRF-MG";"DEL08-MG";"UOP03-DEL08-MG"
198485;2019-03-14;"quinta-feira";"14:20:00";"BA";324;384;"SAO SEBASTIAO DO PASSE";"Condutor Dormindo";"Colisão frontal";"Com Vítimas Feridas";"Pleno dia";"Crescente";"Chuva";"Simples";"Declive";"Não";2;0;1;0;1;0;1;2;-12,48467207;-38,48440483;"SPRF-BA";"DEL04-BA";"UOP02-DEL04-BA"
198487;2019-03-22;"sexta-feira";"09:15:00";"SE";235;52,1;"ITABAIANA";"Desobediência às normas de trânsito pelo condutor";"Colisão transversal";"Com Vítimas Feridas";"Pleno dia";"Crescente";"Céu Claro";"Simples";"Interseção de Vias";"Sim";3;0;2;0;1;0;2;2;-10,693279;-37,437557;"SPRF-SE";"DEL01-SE";"UOP02-DEL01-SE"
198489;2019-03-18;"segunda-feira";"20:40:00";"BA";407;93,8;"JAGUARARI";"Animais na Pista";"Atropelamento de Animal";"Sem Vítimas";"Pleno dia";"Decrescente";"Céu Claro";"Simples";"Reta";"Não";2;0;0;0;2;0;0;1;-10,17681404;-40,2248002;"SPRF-BA";"DEL04-BA";"UOP01-DEL04-BA"
198491;2019-03-22;"sexta-feira";"10:00:00";"RJ";101;61,5;"CAMPOS DOS GOYTACAZES";"Desobediência às normas de trânsito pelo condutor";"Colisão transversal";"Com Vítimas Feridas";"Pleno dia";"Crescente";"Céu Claro";"Simples";"Interseção de Vias;Reta";"Sim";5;0;2;0;2;1;2;4;-21,72655788;-41,32133519;"SPRF-RJ";"DEL08-RJ";"UOP01-DEL08-RJ"
198495;2019-03-22;"sexta-feira";"08:40:00";"MG";116;439,1;"ENGENHEIRO CALDAS";"Velocidade Incompatível";"Saída de leito carroçável";"Com Vítimas Feridas";"Pleno dia";"Decrescente";"Sol";"Simples";"Curva";"Não";2;0;1;0;0;1;1;2;-19,06864201;-42,00222599;"SPRF-MG";"DEL06-MG";"UOP01-DEL06-MG"
198498;2019-03-18;"segunda-feira";"19:25:00";"PR";376;215;"JANDAIA DO SUL";"Falta de Atenção à Condução";"Colisão lateral";"Com Vítimas Feridas";"Plena Noite";"Decrescente";"Ignorado";"Simples";"Interseção de Vias";"Sim";2;0;1;0;0;1;1;2;-23,58807426;-51,64582193;"SPRF-PR";"DEL07-PR";"UOP01-DEL09-PR"
198501;2019-03-22;"sexta-feira";"09:40:00";"SP";381;73;"SAO PAULO";"Falta de Atenção à Condução";"Tombamento";"Sem Vítimas";"Pleno dia";"Crescente";"Nublado";"Múltipla";"Curva";"Não";2;0;0;0;1;1;0;2;-23,36553404;-46,55253934;"SPRF-SP";"DEL03-SP";"UOP01-DEL03-SP"
198505;2019-03-22;"sexta-feira";"10:13:00";"PR";376;657,7;"TIJUCAS DO SUL";"Pista Escorregadia";"Colisão com objeto estático";"Com Vítimas Feridas";"Pleno dia";"Decrescente";"Chuva";"Dupla";"Curva;Aclive";"Não";4;0;1;0;2;1;1;3;-25,84315731;-49,01550293;"SPRF-PR";"DEL01-PR";"UOP04-DEL01-PR"
198506;2019-03-22;"sexta-feira";"09:50:00";"CE";116;375,5;"ICO";"Falta de Atenção à Condução";"Colisão frontal";"Com Vítimas Feridas";"Pleno dia";"Crescente";"Sol";"Simples";"Interseção de Vias";"Sim";2;0;0;1;1;0;1;2;-6,3951252;-38,83101685;"SPRF-CE";"DEL05-CE";"UOP01-DEL05-CE"
198507;2019-03-06;"quarta-feira";"10:51:00";"CE";222;130,8;"ITAPAJE";"Desobediência às normas de trânsito pelo condutor";"Colisão frontal";"Com Vítimas Fatais";"Pleno dia";"Crescente";"Chuva";"Simples";"Curva";"Sim";5;2;1;1;0;1;2;3;-3,71251;-39,630753;"SPRF-CE";"DEL04-CE";"UOP03-DEL04-CE"
198513;2019-03-22;"sexta-feira";"10:50:00";"MG";381;315;"NOVA ERA";"Falta de Atenção à Condução";"Colisão frontal";"Com Vítimas Feridas";"Pleno dia";"Decrescente";"Chuva";"Simples";"Curva";"Não";5;0;2;2;1;0;4;2;-19,69154909;-42,99258988;"SPRF-MG";"DEL03-MG";"UOP02-DEL03-MG"
198515;2019-03-22;"sexta-feira";"11:10:00";"MT";163;813;"SINOP";"Defeito Mecânico no Veículo";"Colisão traseira";"Com Vítimas Feridas";"Pleno dia";"Crescente";"Céu Claro";"Simples";"Reta";"Não";4;0;0;2;1;2;2;4;-12,18052509;-55,52606686;"SPRF-MT";"DEL06-MT";"UOP01-DEL06-MT"
198518;2019-03-22;"sexta-feira";"12:45:00";"BA";116;920,7;"ENCRUZILHADA";"Não guardar distância de segurança";"Colisão traseira";"Com Vítimas Feridas";"Pleno dia";"Decrescente";"Chuva";"Simples";"Reta";"Não";7;0;3;0;3;2;3;7;-15,59899;-41,28082;"SPRF-BA";"DEL08-BA";"UOP03-DEL08-BA"
198519;2019-03-21;"quinta-feira";"20:00:00";"AL";101;111;"PILAR";"Desobediência às normas de trânsito pelo pedestre";"Atropelamento de Pedestre";"Com Vítimas Fatais";"Plena Noite";"Crescente";"Ignorado";"Simples";"Reta";"Não";2;1;0;0;1;0;0;2;-9,61085904;-36,02756681;"SPRF-AL";"DEL02-AL";"UOP01-DEL02-AL"
198521;2019-03-22;"sexta-feira";"11:40:00";"RS";290;194,8;"RIO PARDO";"Falta de Atenção à Condução";"Saída de leito carroçável";"Sem Vítimas";"Pleno dia";"Crescente";"Sol";"Simples";"Aclive";"Não";1;0;0;0;1;0;0;1;-30,163651;-52,15506;"SPRF-RS";"DEL02-RS";"UOP02-DEL02-RS"
198525;2019-03-22;"sexta-feira";"11:40:00";"RS";290;131,8;"ELDORADO DO SUL";"Carga excessiva e/ou mal acondicionada";"Colisão com objeto em movimento";"Sem Vítimas";"Pleno dia";"Crescente";"Sol";"Simples";"Reta";"Não";3;0;0;0;1;3;0;4;-30,060116;-51,520683;"SPRF-RS";"DEL02-RS";"UOP01-DEL02-RS"
198526;2019-03-22;"sexta-feira";"13:25:00";"SP";116;285;"ITAPECERICA DA SERRA";"Falta de Atenção à Condução";"Colisão com objeto estático";"Sem Vítimas";"Pleno dia";"Crescente";"Nublado";"Simples";"Reta";"Sim";1;0;0;0;1;0;0;1;-23,70407794;-46,87249709;"SPRF-SP";"DEL04-SP";"UOP01-DEL04-SP"
198527;2019-02-02;"sábado";"17:40:00";"PR";116;98,9;"SAO JOSE DOS PINHAIS";"Falta de Atenção do Pedestre";"Atropelamento de Pedestre";"Com Vítimas Fatais";"Pleno dia";"Crescente";"Nublado";"Dupla";"Reta";"Não";5;1;0;0;2;3;0;6;-25,519745;-49,134327;"SPRF-PR";"DEL01-PR";"UOP01-DEL01-PR"
198533;2019-03-22;"sexta-feira";"12:53:00";"SC";101;116;"ITAJAI";"Não guardar distância de segurança";"Colisão lateral";"Com Vítimas Feridas";"Pleno dia";"Decrescente";"Nublado";"Múltipla";"Interseção de Vias";"Não";3;0;1;0;2;0;1;2;-26,87905605;-48,72603512;"SPRF-SC";"DEL04-SC";"UOP04-DEL04-SC"
198537;2019-03-22;"sexta-feira";"15:00:00";"MG";381;901;"CAMBUI";"Defeito Mecânico no Veículo";"Colisão com objeto estático";"Com Vítimas Feridas";"Pleno dia";"Decrescente";"Nublado";"Dupla";"Reta";"Não";2;0;1;0;0;1;1;2;-22,66922696;-46,09354146;"SPRF-MG";"DEL16-MG";"UOP03-DEL16-MG"
198540;2019-03-22;"sexta-feira";"14:40:00";"PB";101;3;"MATARACA";"Condutor Dormindo";"Colisão traseira";"Com Vítimas Feridas";"Pleno dia";"Crescente";"Céu Claro";"Dupla";"Reta";"Não";3;0;0;1;1;1;1;3;-6,53182311;-35,11546245;"SPRF-PB";"DEL01-PB";"UOP04-DEL01-PB"
198542;2019-03-22;"sexta-feira";"13:10:00";"SC";101;131,3;"BALNEARIO CAMBORIU";"Não guardar distância de segurança";"Colisão traseira";"Com Vítimas Feridas";"Pleno dia";"Decrescente";"Nublado";"Simples";"Reta";"Sim";2;0;1;0;1;0;1;2;-26,99064209;-48,66310912;"SPRF-SC";"DEL04-SC";"UOP03-DEL04-SC"
198544;2019-03-22;"sexta-feira";"13:20:00";"PR";467;100,9;"CASCAVEL";"Velocidade Incompatível";"Tombamento";"Com Vítimas Feridas";"Pleno dia";"Decrescente";"Sol";"Dupla";"Curva";"Não";2;0;1;0;0;1;1;2;-24,8947;-53,5355;"SPRF-PR";"DEL04-PR";"UOP05-DEL05-PR"
198545;2019-03-22;"sexta-feira";"12:10:00";"SC";101;24,2;"JOINVILLE";"Falta de Atenção à Condução";"Colisão traseira";"Com Vítimas Feridas";"Pleno dia";"Decrescente";"Chuva";"Dupla";"Reta";"Não";4;0;1;0;2;1;1;3;-26,17483309;-48,90767978;"SPRF-SC";"DEL03-SC";"UOP01-DEL03-SC"
198547;2019-03-22;"sexta-feira";"14:50:00";"RJ";40;123;"DUQUE DE CAXIAS";"Defeito Mecânico no Veículo";"Incêndio";"Sem Vítimas";"Pleno dia";"Decrescente";"Nublado";"Múltipla";"Reta";"Sim";3;0;0;0;2;1;0;3;-22,79907687;-43,29015739;"SPRF-RJ";"DEL01-RJ";"UOP01-DEL01-RJ"
198552;2019-03-22;"sexta-feira";"08:40:00";"MG";381;683,7;"RIBEIRAO VERMELHO";"Falta de Atenção à Condução";"Tombamento";"Sem Vítimas";"Pleno dia";"Decrescente";"Nublado";"Dupla";"Curva";"Não";1;0;0;0;1;0;0;1;-21,15675804;-45,11594157;"SPRF-MG";"DEL04-MG";"UOP02-DEL04-MG"
198553;2019-03-22;"sexta-feira";"15:50:00";"PR";476;133;"CURITIBA";"Velocidade Incompatível";"Colisão traseira";"Sem Vítimas";"Pleno dia";"Decrescente";"Nublado";"Dupla";"Curva";"Sim";2;0;0;0;1;1;0;2;-25,469219;-49,254143;"SPRF-PR";"DEL01-PR";"UOP03-DEL01-PR"
198556;2019-03-22;"sexta-feira";"16:20:00";"BA";116;462,7;"SANTO ESTEVAO";"Desobediência às normas de trânsito pelo condutor";"Atropelamento de Pedestre";"Com Vítimas Feridas";"Pleno dia";"Crescente";"Nublado";"Dupla";"Reta";"Sim";6;0;0;1;3;2;1;3;-12,45273335;-39,25520794;"SPRF-BA";"DEL02-BA";"UOP01-DEL02-BA"