"id";"data_inversa";"dia_semana";"horario";"uf";"br";"km";"municipio";"causa_acidente";"tipo_acidente";"classificacao_acidente";"fase_dia";"sentido_via";"condicao_metereologica";"tipo_pista";"tracado_via";"uso_solo";"pessoas";"mortos";"feridos_leves";"feridos_graves";"ilesos";"ignorados";"feridos";"veiculos";"latitude";"longitude";"regional";"delegacia";"uop"
198983;2019-03-20;"quarta-feira";"15:00:00";"PR";116;27;"CAMPINA GRANDE DO SUL";"Falta de Atenção à Condução";"Saída de leito carroçável";"Sem Vítimas";"Pleno dia";"Decrescente";"Garoa/Chuvisco";"Dupla";"Curva";"Não";2;0;0;0;1;1;0;2;-25,10840189;-48,79505902;"SPRF-PR";"DEL01-PR";"UOP02-DEL01-PR"
198985;2019-03-24;"domingo";"12:50:00";"PR";277;42;"MORRETES";"Falta de Atenção à Condução";"Colisão traseira";"Com Vítimas Feridas";"Pleno dia";"Crescente";"Céu Claro";"Dupla";"Reta";"Não";2;0;0;1;1;0;1;2;-25,57361239;-48,84469597;"SPRF-PR";"DEL01-PR";"UOP07-DEL01-PR"
198994;2019-03-24;"domingo";"13:00:00";"CE";222;128,3;"ITAPAJE";"Pista Escorregadia";"Colisão transversal";"Com Vítimas Fatais";"Pleno dia";"Crescente";"Chuva";"Simples";"Curva";"Não";6;3;1;0;1;1;1;4;-3,70427286;-39,61528609;"SPRF-CE";"DEL04-CE";"UOP03-DEL04-CE"
199006;2019-03-21;"quinta-feira";"07:40:00";"ES";262;95,2;"DOMINGOS MARTINS";"Desobediência às normas de trânsito pelo condutor";"Colisão transversal";"Com Vítimas Feridas";"Pleno dia";"Crescente";"Nublado";"Simples";"Reta";"Sim";2;0;1;0;1;0;1;2;-20,3659225;-41,06040133;"SPRF-ES";"DEL01-ES";"UOP02-DEL01-ES"
199009;2019-03-24;"domingo";"12:30:00";"GO";364;219,3;"JATAI";"Defeito na Via";"Tombamento";"Sem Vítimas";"Pleno dia";"Decrescente";"Céu Claro";"Simples";"Reta";"Não";2;0;0;0;1;1;0;2;-17,850466;-51,910355;"SPRF-GO";"DEL05-GO";"UOP01-DEL05-GO"
199010;2019-03-24;"domingo";"15:37:00";"MG";365;38,1;"CLARO DOS POCOES";"Velocidade Incompatível";"Tombamento";"Com Vítimas Feridas";"Pleno dia";"Decrescente";"Garoa/Chuvisco";"Simples";"Curva";"Não";3;0;1;0;1;1;1;3;-16,86773508;-44,16350591;"SPRF-MG";"DEL12-MG";"UOP01-DEL12-MG"
199019;2019-03-24;"domingo";"15:00:00";"MG";153;30;"CENTRALINA";"Falta de Atenção à Condução";"Colisão lateral";"Com Vítimas Feridas";"Pleno dia";"Crescente";"Nublado";"Dupla";"Reta";"Não";2;0;1;0;1;0;1;2;-18,67926678;-49,15604759;"SPRF-MG";"DEL15-MG";"UOP03-DEL15-MG"
199023;2019-03-24;"domingo";"16:00:00";"RS";392;351,9;"SANTA MARIA";"Desobediência às normas de trânsito pelo condutor";"Colisão transversal";"Com Vítimas Feridas";"Pleno dia";"Decrescente";"Sol";"Simples";"Curva;Aclive;Interseção de Vias";"Sim";3;0;1;0;1;1;1;3;-29,7284269;-53,80323691;"SPRF-RS";"DEL09-RS";"UOP01-DEL09-RS"
199065;2019-03-24;"domingo";"20:10:00";"SP";116;432,6;"REGISTRO";"Defeito Mecânico no Veículo";"Saída de leito carroçável";"Sem Vítimas";"Plena Noite";"Decrescente";"Céu Claro";"Dupla";"Reta";"Não";1;0;0;0;1;0;0;1;-24,416593;-47,76187;"SPRF-SP";"DEL05-SP";"UOP01-DEL05-SP"
199071;2019-03-24;"domingo";"19:30:00";"MG";262;375;"JUATUBA";"Agressão Externa";"Colisão com objeto estático";"Com Vítimas Feridas";"Plena Noite";"Decrescente";"Céu Claro";"Dupla";"Reta";"Não";2;0;0;1;0;1;1;2;-19,959929;-44,337997;"SPRF-MG";"DEL01-MG";"UOP03-DEL01-MG"
199074;2019-03-24;"domingo";"17:35:00";"PR";376;266,2;"MARILANDIA DO SUL";"Falta de Atenção à Condução";"Colisão traseira";"Com Vítimas Feridas";"Anoitecer";"Crescente";"Céu Claro";"Simples";"Reta";"Sim";5;0;2;1;2;0;3;2;-23,73390825;-51,28327917;"SPRF-PR";"DEL07-PR";"UOP03-DEL07-PR"
199075;2019-03-24;"domingo";"20:30:00";"MG";251;487,4;"FRANCISCO SA";"Falta de Atenção à Condução";"Colisão traseira";"Com Vítimas Feridas";"Plena Noite";"Crescente";"Chuva";"Simples";"Reta";"Não";2;0;0;1;0;1;1;2;-16,51784211;-43,55947992;"SPRF-MG";"DEL12-MG";"UOP01-DEL12-MG"
199081;2019-03-24;"domingo";"18:15:00";"SC";282;208,6;"LAGES";"Falta de Atenção do Pedestre";"Atropelamento de Pedestre";"Com Vítimas Feridas";"Pleno dia";"Decrescente";"Céu Claro";"Simples";"Declive";"Não";2;0;1;0;1;0;1;2;-27,775284;-50,211971;"SPRF-SC";"DEL05-SC";"UOP01-DEL05-SC"
199084;2019-03-24;"domingo";"20:30:00";"MG";40;718,5;"BARBACENA";"Falta de Atenção à Condução";"Colisão traseira";"Com Vítimas Feridas";"Plena Noite";"Crescente";"Céu Claro";"Dupla";"Reta";"Sim";4;0;0;1;1;2;1;4;-21,2656332;-43,65557499;"SPRF-MG";"DEL05-MG";"UOP01-DEL05-MG"
199091;2019-03-24;"domingo";"22:10:00";"SP";116;13,4;"QUELUZ";"Falta de Atenção à Condução";"Colisão lateral";"Com Vítimas Feridas";"Plena Noite";"Crescente";"Céu Claro";"Dupla";"Curva";"Não";3;0;0;1;2;0;1;2;-22,55124414;-44,8118935;"SPRF-SP";"DEL08-SP";"UOP02-DEL08-SP"
199092;2019-03-24;"domingo";"20:25:00";"PI";316;315,8;"PICOS";"Falta de Atenção à Condução";"Colisão traseira";"Com Vítimas Feridas";"Plena Noite";"Decrescente";"Céu Claro";"Simples";"Reta";"Sim";3;0;0;1;1;1;1;3;-7,07951262;-41,43236492;"SPRF-PI";"DEL04-PI";"UOP01-DEL04-PI"
199113;2019-03-24;"domingo";"21:05:00";"SC";282;518,6;"XAXIM";"Ingestão de álcool e/ou substâncias psicoativas pelo pedestre";"Atropelamento de Pedestre";"Com Vítimas Feridas";"Plena Noite";"Decrescente";"Céu Claro";"Simples";"Reta";"Não";3;0;0;1;1;1;1;3;-26,94548525;-52,51293182;"SPRF-SC";"DEL07-SC";"UOP01-DEL07-SC"
199115;2019-03-24;"domingo";"22:30:00";"MT";163;104,9;"RONDONOPOLIS";"Falta de Atenção à Condução";"Colisão traseira";"Com Vítimas Feridas";"Plena Noite";"Crescente";"Céu Claro";"Dupla";"Curva";"Não";5;0;1;0;3;1;1;3;-16,6287819;-54,69729761;"SPRF-MT";"DEL02-MT";"UOP01-DEL02-MT"
199120;2019-03-24;"domingo";"19:28:00";"PR";376;624;"SAO JOSE DOS PINHAIS";"Falta de Atenção à Condução";"Saída de leito carroçável";"Sem Vítimas";"Plena Noite";"Decrescente";"Nublado";"Dupla";"Reta;Declive";"Não";1;0;0;0;1;0;0;1;-25,64336599;-49,15942795;"SPRF-PR";"DEL01-PR";"UOP01-DEL01-PR"
199123;2019-03-25;"segunda-feira";"01:10:00";"ES";101;8,5;"PEDRO CANARIO";"Falta de Atenção à Condução";"Saída de leito carroçável";"Com Vítimas Feridas";"Plena Noite";"Decrescente";"Nublado";"Simples";"Reta";"Não";1;0;0;1;0;0;1;1;-18,23027961;-39,95278417;"SPRF-ES";"DEL04-ES";"UOP02-DEL04-ES"
199128;2019-03-24;"domingo";"23:00:00";"GO";414;341;"COCALZINHO DE GOIAS";"Ingestão de Álcool";"Colisão frontal";"Com Vítimas Feridas";"Plena Noite";"Crescente";"Chuva";"Simples";"Reta";"Não";5;0;0;3;1;1;3;3;-15,53936825;-48,62308502;"SPRF-GO";"DEL02-GO";"UOP01-DEL02-GO"
199132;2019-02-24;"domingo";"16:40:00";"PB";230;239,5;"JUAZEIRINHO";"Desobediência às normas de trânsito pelo pedestre";"Atropelamento de Pedestre";"Com Vítimas Feridas";"Pleno dia";"Decrescente";"Sol";"Simples";"Reta";"Sim";2;0;0;1;1;0;1;2;-7,0595;-36,555;"SPRF-PB";"DEL02-PB";"UOP02-DEL02-PB"
199142;2019-03-25;"segunda-feira";"05:32:00";"PA";316;99;"SANTA MARIA DO PARA";"Ultrapassagem Indevida";"Colisão transversal";"Com Vítimas Feridas";"Plena Noite";"Crescente";"Nevoeiro/Neblina";"Simples";"Declive";"Não";5;0;1;0;4;0;1;2;-1,33574782;-47,60032654;"SPRF-PA";"DEL01-PA";"UOP02-DEL01-PA"
199146;2019-03-25;"segunda-feira";"03:00:00";"RO";364;456;"JARU";"Velocidade Incompatível";"Tombamento";"Sem Vítimas";"Plena Noite";"Crescente";"Céu Claro";"Simples";"Curva";"Não";2;0;0;0;1;2;0;3;-10,26727425;-62,69772512;"SPRF-RO";"DEL03-RO";"UOP02-DEL03-RO"
199149;2019-03-24;"domingo";"19:45:00";"RS";290;347,3;"SAO SEPE";"Animais na Pista";"Atropelamento de Animal";"Sem Vítimas";"Plena Noite";"Crescente";"Nublado";"Simples";"Reta";"Não";3;0;0;0;3;0;0;1;-30,365965;-53,643803;"SPRF-RS";"DEL09-RS";"UOP02-DEL09-RS"
199156;2019-03-25;"segunda-feira";"07:44:00";"MA";316;615;"TIMON";"Objeto estático sobre o leito carroçável";"Colisão traseira";"Com Vítimas Fatais";"Pleno dia";"Crescente";"Céu Claro";"Simples";"Reta";"Sim";4;1;0;0;1;4;0;6;-5,086548;-42,837265;"SPRF-MA";"DEL03-MA";"UOP02-DEL03-MA"
199161;2019-03-25;"segunda-feira";"07:00:00";"CE";222;223;"SOBRAL";"Velocidade Incompatível";"Saída de leito carroçável";"Com Vítimas Feridas";"Pleno dia";"Decrescente";"Nublado";"Simples";"Rotatória";"Não";2;0;1;0;0;1;1;2;-3,71763404;-40,33424377;"SPRF-CE";"DEL04-CE";"UOP01-DEL04-CE"
199168;2019-03-25;"segunda-feira";"06:40:00";"PB";230;81,1;"CALDAS BRANDAO";"Não guardar distância de segurança";"Colisão traseira";"Sem Vítimas";"Pleno dia";"Decrescente";"Céu Claro";"Dupla";"Declive";"Sim";2;0;0;0;2;0;0;2;-7,1785;-35,3219;"SPRF-PB";"DEL01-PB";"UOP03-DEL01-PB"
199170;2019-03-25;"segunda-feira";"08:50:00";"PR";476;136,2;"CURITIBA";"Falta de Atenção à Condução";"Colisão traseira";"Com Vítimas Feridas";"Pleno dia";"Decrescente";"Céu Claro";"Dupla";"Aclive";"Sim";3;0;1;0;2;0;1;3;-25,491047;-49,271679;"SPRF-PR";"DEL01-PR";"UOP03-DEL01-PR"
199175;2019-03-09;"sábado";"14:00:00";"MT";163;621;"NOVA MUTUM";"Não guardar distância de segurança";"Colisão traseira";"Com Vítimas Feridas";"Pleno dia";"Decrescente";"Céu Claro";"Simples";"Reta";"Não";3;0;1;0;2;0;1;2;-13,60312693;-56;"SPRF-MT";"DEL01-MT";"UOP01-DEL01-MT"
199180;2019-03-25;"segunda-feira";"10:00:00";"GO";20;12;"FORMOSA";"Defeito Mecânico no Veículo";"Danos eventuais";"Sem Vítimas";"Pleno dia";"Decrescente";"Céu Claro";"Simples";"Reta";"Não";2;0;0;0;1;2;0;3;-15,565637;-47,249306;"SPRF-DF";"DEL02-DF";"UOP01-DEL02-DF"
199184;2019-03-25;"segunda-feira";"11:00:00";"GO";153;77;"PORANGATU";"Defeito Mecânico no Veículo";"Saída de leito carroçável";"Com Vítimas Feridas";"Pleno dia";"Decrescente";"Céu Claro";"Simples";"Reta";"Não";2;0;1;0;0;1;1;2;-13,506414;-49,125942;"SPRF-GO";"DEL07-GO";"UOP01-DEL07-GO"
199188;2019-03-25;"segunda-feira";"10:54:00";"SP";116;205;"ARUJA";"Ingestão de Álcool";"Colisão lateral";"Com Vítimas Feridas";"Pleno dia";"Decrescente";"Céu Claro";"Dupla";"Reta";"Sim";2;0;1;0;1;0;1;2;-23,41475243;-46,36600788;"SPRF-SP";"DEL01-SP";"UOP01-DEL01-SP"
199191;2019-03-25;"segunda-feira";"10:40:00";"PB";230;16,9;"JOAO PESSOA";"Falta de Atenção à Condução";"Colisão traseira";"Sem Vítimas";"Pleno dia";"Decrescente";"Céu Claro";"Dupla";"Reta";"Sim";2;0;0;0;2;0;0;2;-7,1039;-34,8458;"SPRF-PB";"DEL01-PB";"UOP01-DEL01-PB"
199193;2019-02-15;"sexta-feira";"12:10:00";"PE";101;49,4;"ABREU E LIMA";"Falta de Atenção à Condução";"Colisão traseira";"Sem Vítimas";"Pleno dia";"Crescente";"Céu Claro";"Múltipla";"Reta";"Sim";2;0;0;0;2;0;0;2;-7,9068;-34,9013;"SPRF-PE";"DEL01-PE";"UOP02-DEL01-PE"
199197;2019-03-25;"segunda-feira";"12:20:00";"ES";259;49,1;"COLATINA";"Falta de Atenção à Condução";"Tombamento";"Com Vítimas Feridas";"Pleno dia";"Crescente";"Sol";"Simples";"Interseção de Vias";"Não";1;0;1;0;0;0;1;1;-19,51263159;-40,60413837;"SPRF-ES";"DEL02-ES";"UOP01-DEL02-ES"
199205;2019-03-25;"segunda-feira";"12:50:00";"SC";470;133,2;"RIO DO SUL";"Falta de Atenção à Condução";"Colisão lateral";"Com Vítimas Feridas";"Pleno dia";"Crescente";"Céu Claro";"Simples";"Reta";"Não";2;0;1;0;0;1;1;2;-27,174187;-49,588497;"SPRF-SC";"DEL04-SC";"UOP02-DEL04-SC"
199206;2019-03-25;"segunda-feira";"13:20:00";"RS";470;175,8;"VERANOPOLIS";"Falta de Atenção à Condução";"Colisão transversal";"Com Vítimas Feridas";"Pleno dia";"Decrescente";"Céu Claro";"Simples";"Reta";"Sim";2;0;0;1;1;0;1;2;-28,91926201;-51,53914905;"SPRF-RS";"DEL06-RS";"UOP02-DEL06-RS"
199208;2019-03-25;"segunda-feira";"13:20:00";"TO";153;796,4;"TALISMA";"Falta de Atenção à Condução";"Colisão traseira";"Com Vítimas Feridas";"Pleno dia";"Crescente";"Nublado";"Simples";"Reta";"Sim";3;0;0;1;1;1;1;3;-12,66032723;-48,97556142;"SPRF-TO";"DEL02-TO";"UOP02-DEL01-TO"
199210;2019-03-25;"segunda-feira";"13:40:00";"RS";116;233,6;"NOVO HAMBURGO";"Falta de Atenção à Condução";"Colisão frontal";"Com Vítimas Feridas";"Pleno dia";"Decrescente";"Céu Claro";"Simples";"Ponte";"Sim";2;0;1;0;1;0;1;2;-29,64746814;-51,14367669;"SPRF-RS";"DEL01-RS";"UOP02-DEL01-RS"
199212;2019-03-25;"segunda-feira";"12:30:00";"PR";277;302,4;"GUARAPUAVA";"Velocidade Incompatível";"Saída de leito carroçável";"Com Vítimas Feridas";"Pleno dia";"Decrescente";"Sol";"Simples";"Curva";"Não";1;0;1;0;0;0;1;1;-25,41395537;-51,55916231;"SPRF-PR";"DEL03-PR";"UOP01-DEL08-PR"
199213;2019-03-25;"segunda-feira";"02:50:00";"BA";116;670,8;"JEQUIE";"Ultrapassagem Indevida";"Colisão lateral";"Com Vítimas Fatais";"Plena Noite";"Decrescente";"Nublado";"Simples";"Reta";"Sim";3;1;0;0;1;1;0;2;-13,84119991;-40,10941016;"SPRF-BA";"DEL03-BA";"UOP01-DEL03-BA"
199214;2019-03-25;"segunda-feira";"14:05:00";"PR";277;591,4;"CASCAVEL";"Desobediência às normas de trânsito pelo condutor";"Colisão lateral";"Com Vítimas Feridas";"Pleno dia";"Decrescente";"Céu Claro";"Simples";"Curva";"Sim";3;0;0;1;1;1;1;3;-24,98473242;-53,46501885;"SPRF-PR";"DEL04-PR";"UOP01-DEL04-PR"
199215;2019-02-17;"domingo";"09:30:00";"MG";365;281,4;"JOAO PINHEIRO";"Desobediência às normas de trânsito pelo condutor";"Colisão com objeto estático";"Com Vítimas Fatais";"Plena Noite";"Crescente";"Chuva";"Simples";"Reta";"Não";8;6;0;1;1;0;1;2;-18,00863;-45,62943;"SPRF-MG";"DEL10-MG";"UOP01-DEL10-MG"
199216;2019-03-25;"segunda-feira";"13:25:00";"SP";116;336,7;"JUQUITIBA";"Falta de Atenção à Condução";"Colisão lateral";"Com Vítimas Feridas";"Pleno dia";"Crescente";"Céu Claro";"Dupla";"Reta";"Sim";4;0;1;0;3;0;1;2;-23,975182;-47,140694;"SPRF-SP";"DEL04-SP";"UOP03-DEL04-SP"
199221;2019-03-25;"segunda-feira";"14:40:00";"PE";232;22,2;"MORENO";"Defeito Mecânico no Veículo";"Colisão lateral";"Com Vítimas Fatais";"Pleno dia";"Crescente";"Sol";"Dupla";"Reta";"Não";3;1;1;0;1;0;1;2;-8,09712273;-35,088592;"SPRF-PE";"DEL01-PE";"UOP02-DEL02PE"
199222;2019-03-25;"segunda-feira";"14:40:00";"MG";262;22,2;"MARTINS SOARES";"Desobediência às normas de trânsito pelo condutor";"Colisão transversal";"Com Vítimas Feridas";"Pleno dia";"Crescente";"Céu Claro";"Simples";"Curva";"Não";3;0;1;0;2;0;1;2;-20,24575292;-41,92502101;"SPRF-MG";"DEL06-MG";"UOP03-DEL06-MG"
199225;2019-03-25;"segunda-feira";"15:40:00";"PR";153;330,2;"IRATI";"Falta de Atenção à Condução";"Colisão transversal";"Com Vítimas Feridas";"Pleno dia";"Decrescente";"Céu Claro";"Dupla";"Reta";"Sim";5;0;2;0;2;2;2;4;-25,45471011;-50,6196247;"SPRF-PR";"DEL03-PR";"UOP02-DEL08-PR"
199228;2019-03-25;"segunda-feira";"15:55:00";"ES";262;3,7;"CARIACICA";"Falta de Atenção à Condução";"Colisão lateral";"Com Vítimas Feridas";"Pleno dia";"Crescente";"Sol";"Dupla";"Curva;Retorno Regulamentado;Aclive";"Sim";3;0;1;1;1;0;2;2;-20,33374432;-40,36910933;"SPRF-ES";"DEL01-ES";"UOP01-DEL01-ES"
199232;2019-03-25;"segunda-feira";"16:40:00";"MG";40;458,5;"SETE LAGOAS";"Não guardar distância de segurança";"Colisão traseira";"Com Vítimas Feridas";"Pleno dia";"Crescente";"Céu Claro";"Dupla";"Aclive;Reta";"Não";4;0;0;2;1;1;2;3;-19,380294;-44,33825395;"SPRF-MG";"DEL02-MG";"UOP01-DEL02-MG"
199238;2019-03-25;"segunda-feira";"16:30:00";"MG";381;919,3;"CAMANDUCAIA";"Velocidade Incompatível";"Colisão traseira";"Com Vítimas Feridas";"Pleno dia";"Crescente";"Céu Claro";"Dupla";"Aclive;Curva";"Não";3;0;0;1;1;1;1;3;-22,75617115;-46,15418859;"SPRF-MG";"DEL16-MG";"UOP03-DEL16-MG"
199241;2019-03-25;"segunda-feira";"16:45:00";"MS";60;134,3;"PARAISO DAS AGUAS";"Defeito na Via";"Saída de leito carroçável";"Com Vítimas Feridas";"Pleno dia";"Crescente";"Céu Claro";"Simples";"Reta";"Não";1;0;1;0;0;0;1;1;-19,35302464;-53,52517707;"SPRF-MS";"DEL06-MS";"UOP02-DEL06-MS"
199242;2019-03-25;"segunda-feira";"16:50:00";"RN";304;297,2;"MACAIBA";"Falta de Atenção à Condução";"Colisão lateral";"Com Vítimas Feridas";"Anoitecer";"Decrescente";"Céu Claro";"Simples";"Interseção de Vias";"Sim";3;0;1;0;1;1;1;3;-5,86364667;-35,34404755;"SPRF-RN";"DEL01-RN";"UOP02-DEL01-RN"
199246;2019-03-25;"segunda-feira";"17:40:00";"SP";116;90;"PINDAMONHANGABA";"Falta de Atenção à Condução";"Colisão com objeto estático";"Com Vítimas Feridas";"Pleno dia";"Decrescente";"Céu Claro";"Dupla";"Reta";"Não";2;0;1;0;0;1;1;2;-22,94361839;-45,3873088;"SPRF-SP";"DEL06-SP";"UOP01-DEL06-SP"
199249;2019-03-25;"segunda-feira";"17:00:00";"RS";392;36;"RIO GRANDE";"Restrição de Visibilidade";"Colisão traseira";"Com Vítimas Feridas";"Pleno dia";"Decrescente";"Céu Claro";"Dupla";"Reta";"Sim";4;0;1;0;2;2;1;5;-31,99762093;-52,28884683;"SPRF-RS";"DEL07-RS";"UOP02-DEL07-RS"
199251;2019-03-25;"segunda-feira";"17:16:00";"PR";277;300,2;"PRUDENTOPOLIS";"Ingestão de Álcool";"Colisão transversal";"Sem Vítimas";"Pleno dia";"Decrescente";"Sol";"Simples";"Reta";"Sim";3;0;0;0;2;1;0;3;-25,31084217;-51,09699901;"SPRF-PR";"DEL03-PR";"UOP01-DEL08-PR"
199260;2019-03-25;"segunda-feira";"18:20:00";"RS";472;188,1;"SANTO CRISTO";"Desobediência às normas de trânsito pelo condutor";"Colisão traseira";"Com Vítimas Feridas";"Anoitecer";"Crescente";"Céu Claro";"Simples";"Reta";"Não";6;0;1;0;2;3;1;4;-27,83783169;-54,63912427;"SPRF-RS";"DEL10-RS";"UOP01-DEL10-RS"
199269;2019-03-25;"segunda-feira";"19:30:00";"RJ";116;141;"DUQUE DE CAXIAS";"Falta de Atenção do Pedestre";"Atropelamento de Pedestre";"Com Vítimas Fatais";"Plena Noite";"Decrescente";"Céu Claro";"Dupla";"Reta";"Não";3;1;0;0;1;1;0;2;-22,64876087;-43,23031638;"SPRF-RJ";"DEL04-RJ";"UOP02-DEL04-RJ"
199276;2019-03-25;"segunda-feira";"14:40:00";"TO";153;549;"NOVA ROSALANDIA";"Defeito na Via";"Colisão traseira";"Sem Vítimas";"Pleno dia";"Decrescente";"Nublado";"Simples";"Reta";"Não";3;0;0;0;2;3;0;5;-10,63867299;-48,91009181;"SPRF-TO";"DEL02-TO";"UOP01-DEL01-TO"
199279;2019-03-25;"segunda-feira";"19:45:00";"SP";116;513,2;"CAJATI";"Falta de Atenção à Condução";"Tombamento";"Com Vítimas Feridas";"Plena Noite";"Decrescente";"Nublado";"Simples";"Curva";"Não";2;0;1;1;0;0;2;1;-24,85109616;-48,21802405;"SPRF-SP";"DEL05-SP";"UAP01-DEL05-SP"
199280;2019-03-25;"segunda-feira";"20:00:00";"SC";470;72,2;"INDAIAL";"Falta de Atenção à Condução";"Colisão traseira";"Com Vítimas Feridas";"Plena Noite";"Crescente";"Céu Claro";"Simples";"Ponte";"Não";2;0;1;0;1;0;1;2;-26,901979;-49,268745;"SPRF-SC";"DEL04-SC";"UOP01-DEL04-SC"
199283;2019-03-25;"segunda-feira";"20:30:00";"GO";20;198,2;"POSSE";"Fenômenos da Natureza";"Colisão frontal";"Com Vítimas Feridas";"Plena Noite";"Decrescente";"Chuva";"Simples";"Reta";"Não";3;0;0;2;1;0;2;2;-14,330847;-46,439438;"SPRF-DF";"DEL02-DF";"UOP03-DEL02-DF"
199286;2019-03-25;"segunda-feira";"20:40:00";"GO";364;383;"SANTA RITA DO ARAGUAIA";"Ultrapassagem Indevida";"Colisão transversal";"Com Vítimas Feridas";"Plena Noite";"Crescente";"Céu Claro";"Simples";"Reta";"Não";3;0;0;1;1;1;1;3;-17,339317;-53,178375;"SPRF-GO";"DEL05-GO";"UOP01-DEL05-GO"
199287;2019-03-25;"segunda-feira";"20:25:00";"SC";101;106,5;"PENHA";"Carga excessiva e/ou mal acondicionada";"Colisão com objeto estático";"Com Vítimas Feridas";"Plena Noite";"Crescente";"Céu Claro";"Múltipla";"Reta";"Sim";3;0;1;0;1;1;1;3;-26,81031601;-48,68293896;"SPRF-SC";"DEL03-SC";"UOP02-DEL03-SC"
199288;2019-03-25;"segunda-feira";"17:00:00";"MA";230;58,9;"SAO JOAO DOS PATOS";"Defeito Mecânico no Veículo";"Incêndio";"Sem Vítimas";"Anoitecer";"Decrescente";"Nublado";"Simples";"Reta";"Não";2;0;0;0;1;2;0;3;-6,59170406;-43,46545072;"SPRF-PI";"DEL03-PI";"UOP01-DEL03-PI"
199291;2019-03-25;"segunda-feira";"16:45:00";"SC";101;406,8;"ARARANGUA";"Defeito Mecânico no Veículo";"Incêndio";"Sem Vítimas";"Pleno dia";"Decrescente";"Céu Claro";"Múltipla";"Reta";"Não";2;0;0;0;1;1;0;2;-28,89284011;-49,46880088;"SPRF-SC";"DEL02-SC";"UOP02-DEL02-SC"
199292;2019-03-25;"segunda-feira";"16:10:00";"BA";242;352,4;"LENCOIS";"Velocidade Incompatível";"Tombamento";"Com Vítimas Fatais";"Pleno dia";"Decrescente";"Nublado";"Simples";"Curva;Declive";"Não";2;1;0;0;0;1;0;2;-12,49857081;-41,33159186;"SPRF-BA";"DEL06-BA";"UOP01-DEL06-BA"
199296;2019-03-25;"segunda-feira";"22:15:00";"CE";222;301,7;"TIANGUA";"Defeito Mecânico no Veículo";"Tombamento";"Com Vítimas Feridas";"Plena Noite";"Crescente";"Céu Claro";"Simples";"Curva;Declive";"Não";1;0;0;1;0;0;1;1;-3,66;-40,951;"SPRF-CE";"DEL04-CE";"UOP02-DEL04-CE"
199297;2019-03-25;"segunda-feira";"20:55:00";"SC";470;141,1;"RIO DO SUL";"Falta de Atenção à Condução";"Colisão com objeto estático";"Sem Vítimas";"Plena Noite";"Crescente";"Céu Claro";"Simples";"Túnel";"Sim";1;0;0;0;1;0;0;1;-27,226065;-49,666161;"SPRF-SC";"DEL04-SC";"UOP02-DEL04-SC"
199303;2019-03-25;"segunda-feira";"23:45:00";"SP";116;513;"CAJATI";"Velocidade Incompatível";"Tombamento";"Com Vítimas Feridas";"Plena Noite";"Decrescente";"Céu Claro";"Dupla";"Curva;Declive";"Não";2;0;1;0;0;1;1;2;-24,85684586;-48,21247101;"SPRF-SP";"DEL05-SP";"UAP01-DEL05-SP"
199304;2019-03-26;"terça-feira";"01:20:00";"PE";423;104,6;"GARANHUNS";"Falta de Atenção à Condução";"Colisão frontal";"Com Vítimas Feridas";"Plena Noite";"Decrescente";"Céu Claro";"Simples";"Reta";"Não";3;0;1;0;1;1;1;3;-8,87705776;-36,55534007;"SPRF-PE";"DEL03-PE";"UOP01-DEL03-PE"
199305;2019-03-26;"terça-feira";"00:30:00";"MS";163;648,7;"SAO GABRIEL DO OESTE";"Condutor Dormindo";"Tombamento";"Com Vítimas Feridas";"Plena Noite";"Decrescente";"Céu Claro";"Simples";"Reta";"Não";3;0;1;0;1;1;1;3;-19,17474073;-54,75501716;"SPRF-MS";"DEL06-MS";"UOP02-DEL06-MS"
199310;2019-03-26;"terça-feira";"01:15:00";"MG";40;462,7;"SETE LAGOAS";"Condutor Dormindo";"Saída de leito carroçável";"Com Vítimas Feridas";"Plena Noite";"Crescente";"Céu Claro";"Dupla";"Declive";"Não";2;0;1;0;0;1;1;2;-19,4136917;-44,33879427;"SPRF-MG";"DEL02-MG";"UOP01-DEL02-MG"
199312;2019-03-26;"terça-feira";"05:30:00";"SP";116;37;"CACHOEIRA PAULISTA";"Falta de Atenção à Condução";"Colisão traseira";"Com Vítimas Feridas";"Amanhecer";"Crescente";"Nublado";"Dupla";"Reta";"Não";3;0;2;1;0;0;3;2;-22,66497021;-44,98430985;"SPRF-SP";"DEL08-SP";"UOP02-DEL08-SP"
199313;2019-03-26;"terça-feira";"05:10:00";"MG";381;740,5;"TRES CORACOES";"Condutor Dormindo";"Saída de leito carroçável";"Com Vítimas Feridas";"Amanhecer";"Crescente";"Céu Claro";"Dupla";"Curva";"Não";3;0;1;0;1;1;1;3;-21,58898876;-45,23751578;"SPRF-MG";"DEL16-MG";"UOP02-DEL16-MG"
199317;2019-03-26;"terça-feira";"06:45:00";"PR";158;503,1;"CORONEL VIVIDA";"Falta de Atenção à Condução";"Colisão transversal";"Com Vítimas Feridas";"Pleno dia";"Crescente";"Céu Claro";"Simples";"Reta";"Sim";3;0;1;0;1;3;1;5;-25,99111233;-52,55704663;"SPRF-PR";"DEL02-PR";"UOP01-DEL02-PR"