"id";"data_inversa";"dia_semana";"horario";"uf";"br";"km";"municipio";"causa_acidente";"tipo_acidente";"classificacao_acidente";"fase_dia";"sentido_via";"condicao_metereologica";"tipo_pista";"tracado_via";"uso_solo";"pessoas";"mortos";"feridos_leves";"feridos_graves";"ilesos";"ignorados";"feridos";"veiculos";"latitude";"longitude";"regional";"delegacia";"uop"
199321;2019-03-26;"terça-feira";"01:20:00";"SC";116;157,2;"SANTA CECILIA";"Falta de Atenção à Condução";"Tombamento";"Sem Vítimas";"Plena Noite";"Decrescente";"Nevoeiro/Neblina";"Simples";"Curva";"Não";1;0;0;0;1;0;0;1;-27,08465913;-50,44357078;"SPRF-SC";"DEL06-SC";"UOP02-DEL06-SC"
199323;2019-03-26;"terça-feira";"07:10:00";"SP";381;72;"SAO PAULO";"Defeito Mecânico no Veículo";"Incêndio";"Sem Vítimas";"Pleno dia";"Crescente";"Céu Claro";"Dupla";"Reta";"Não";1;0;0;0;1;0;0;1;-23,35761806;-46,54970281;"SPRF-SP";"DEL03-SP";"UOP01-DEL03-SP"
199329;2019-03-26;"terça-feira";"07:30:00";"RS";392;673,6;"SALVADOR DAS MISSOES";"Desobediência às normas de trânsito pelo condutor";"Colisão transversal";"Com Vítimas Feridas";"Pleno dia";"Crescente";"Sol";"Simples";"Reta";"Sim";5;0;0;2;1;2;2;3;-28,11673198;-54,83696901;"SPRF-RS";"DEL10-RS";"UOP01-DEL10-RS"
199333;2019-03-26;"terça-feira";"08:50:00";"PE";101;50;"ABREU E LIMA";"Não guardar distância de segurança";"Colisão traseira";"Com Vítimas Feridas";"Pleno dia";"Crescente";"Nublado";"Dupla";"Reta";"Sim";3;0;2;0;1;0;2;2;-7,90938602;-34,90123228;"SPRF-PE";"DEL01-PE";"UOP02-DEL01-PE"
199335;2019-03-26;"terça-feira";"09:00:00";"TO";153;260;"COLINAS DO TOCANTINS";"Velocidade Incompatível";"Colisão frontal";"Com Vítimas Fatais";"Pleno dia";"Decrescente";"Chuva";"Simples";"Ponte";"Não";5;1;1;0;2;3;1;7;-8,17174301;-48,46378306;"SPRF-TO";"DEL02-TO";"UOP02-DEL02-TO"
199336;2019-03-26;"terça-feira";"09:00:00";"GO";153;53;"PORANGATU";"Pista Escorregadia";"Colisão frontal";"Com Vítimas Feridas";"Pleno dia";"Crescente";"Chuva";"Simples";"Reta";"Não";3;0;0;1;1;1;1;3;-13,276153;-49,129692;"SPRF-GO";"DEL07-GO";"UOP01-DEL07-GO"
199343;2019-03-26;"terça-feira";"08:45:00";"PE";101;86;"CABO DE SANTO AGOSTINHO";"Pista Escorregadia";"Saída de leito carroçável";"Com Vítimas Feridas";"Pleno dia";"Crescente";"Chuva";"Dupla";"Reta";"Sim";2;0;2;0;0;0;2;1;-8,18470013;-34,96816895;"SPRF-PE";"DEL01-PE";"UOP03-DEL01-PE"
199344;2019-03-26;"terça-feira";"09:35:00";"PR";476;129,7;"CURITIBA";"Desobediência às normas de trânsito pelo condutor";"Colisão transversal";"Com Vítimas Feridas";"Pleno dia";"Decrescente";"Nublado";"Múltipla";"Reta";"Sim";5;0;1;0;3;1;1;5;-25,440983;-49,233715;"SPRF-PR";"DEL01-PR";"UOP07-DEL01-PR"
199345;2019-03-26;"terça-feira";"09:20:00";"SP";116;231,4;"SAO PAULO";"Falta de Atenção à Condução";"Colisão lateral";"Com Vítimas Feridas";"Pleno dia";"Crescente";"Céu Claro";"Múltipla";"Reta";"Sim";2;0;1;0;0;1;1;2;-23,5290581;-46,59398303;"SPRF-SP";"DEL01-SP";"UOP01-DEL01-SP"
199347;2019-03-26;"terça-feira";"09:30:00";"PI";316;87,9;"OLHO DAGUA DO PIAUI";"Falta de Atenção à Condução";"Tombamento";"Com Vítimas Feridas";"Pleno dia";"Decrescente";"Céu Claro";"Simples";"Curva";"Não";2;0;1;0;1;0;1;1;-5,78094848;-42,56498337;"SPRF-PI";"DEL04-PI";"UOP02-DEL04-PI"
199351;2019-03-26;"terça-feira";"09:45:00";"SC";282;54,9;"AGUAS MORNAS";"Velocidade Incompatível";"Colisão frontal";"Com Vítimas Feridas";"Pleno dia";"Crescente";"Garoa/Chuvisco";"Simples";"Curva";"Não";3;0;2;0;1;0;2;2;-27,68968435;-48,98164272;"SPRF-SC";"DEL01-SC";"UOP03-DEL01-SC"
199355;2019-03-26;"terça-feira";"10:40:00";"CE";116;63,5;"CHOROZINHO";"Pista Escorregadia";"Colisão transversal";"Com Vítimas Feridas";"Pleno dia";"Decrescente";"Chuva";"Simples";"Declive";"Não";4;0;3;0;0;1;3;3;-4,27263318;-38,49159144;"SPRF-CE";"DEL03-CE";"UOP02-DEL03-CE"
199356;2019-03-22;"sexta-feira";"07:37:00";"MG";381;599,5;"CARMOPOLIS DE MINAS";"Falta de Atenção à Condução";"Colisão lateral";"Sem Vítimas";"Pleno dia";"Decrescente";"Céu Claro";"Dupla";"Curva;Declive";"Não";4;0;0;0;3;1;0;4;-20,60183577;-44,71422672;"SPRF-MG";"DEL04-MG";"UOP01-DEL04-MG"
199357;2019-03-26;"terça-feira";"08:15:00";"MT";70;514;"VARZEA GRANDE";"Não guardar distância de segurança";"Colisão traseira";"Com Vítimas Feridas";"Pleno dia";"Decrescente";"Céu Claro";"Simples";"Reta";"Não";6;0;1;0;3;3;1;5;-15,70105263;-56,1157608;"SPRF-MT";"DEL01-MT";"DEL2/4-UOP02/MT"
199360;2019-03-26;"terça-feira";"10:50:00";"PE";423;132,1;"SALOA";"Defeito Mecânico no Veículo";"Colisão frontal";"Com Vítimas Fatais";"Pleno dia";"Crescente";"Céu Claro";"Simples";"Declive";"Não";3;2;1;0;0;0;1;2;-8,95943517;-36,76461912;"SPRF-PE";"DEL03-PE";"UOP01-DEL03-PE"
199361;2019-03-26;"terça-feira";"11:15:00";"RN";406;170;"SAO GONCALO DO AMARANTE";"Não guardar distância de segurança";"Colisão traseira";"Com Vítimas Feridas";"Pleno dia";"Crescente";"Céu Claro";"Dupla";"Reta";"Não";2;0;1;0;1;0;1;2;-5,75767809;-35,30220509;"SPRF-RN";"DEL02-RN";"UOP01-DEL02-RN"
199362;2019-03-26;"terça-feira";"11:20:00";"BA";20;206;"LUIS EDUARDO MAGALHAES";"Defeito Mecânico no Veículo";"Saída de leito carroçável";"Com Vítimas Feridas";"Pleno dia";"Decrescente";"Chuva";"Simples";"Aclive;Reta";"Não";2;0;1;0;0;1;1;2;-12,13692352;-45,81555432;"SPRF-BA";"DEL10-BA";"UOP01-DEL10-BA"
199375;2019-03-26;"terça-feira";"11:15:00";"SC";163;115,4;"DIONISIO CERQUEIRA";"Defeito na Via";"Saída de leito carroçável";"Com Vítimas Feridas";"Pleno dia";"Decrescente";"Céu Claro";"Simples";"Declive";"Não";2;0;1;0;0;1;1;2;-26,36827905;-53,53348015;"SPRF-SC";"DEL07-SC";"UOP04-DEL07-SC"
199378;2019-03-26;"terça-feira";"12:00:00";"ES";101;214,1;"IBIRACU";"Desobediência às normas de trânsito pelo condutor";"Colisão transversal";"Com Vítimas Feridas";"Pleno dia";"Decrescente";"Céu Claro";"Simples";"Interseção de Vias";"Sim";2;0;1;0;1;0;1;2;-19,82999127;-40,37211181;"SPRF-ES";"DEL02-ES";"UOP01-DEL02-ES"
199381;2019-03-26;"terça-feira";"07:30:00";"SP";116;175,4;"GUARAREMA";"Defeito Mecânico no Veículo";"Colisão traseira";"Sem Vítimas";"Pleno dia";"Crescente";"Céu Claro";"Dupla";"Aclive";"Não";4;0;0;0;3;1;0;4;-23,32173972;-46,100353;"SPRF-SP";"DEL02-SP";"UOP01-DEL02-SP"
199386;2019-03-26;"terça-feira";"13:10:00";"PB";230;156,8;"CAMPINA GRANDE";"Desobediência às normas de trânsito pelo condutor";"Colisão transversal";"Com Vítimas Feridas";"Pleno dia";"Decrescente";"Nublado";"Simples";"Interseção de Vias";"Sim";5;0;2;0;3;0;2;2;-7,2693;-35,9138;"SPRF-PB";"DEL02-PB";"UOP01-DEL02-PB"
199389;2019-03-26;"terça-feira";"14:50:00";"PR";116;151;"MANDIRITUBA";"Velocidade Incompatível";"Colisão transversal";"Com Vítimas Feridas";"Pleno dia";"Decrescente";"Nublado";"Simples";"Reta";"Sim";4;0;2;0;1;1;2;3;-25,82348404;-49,33547684;"SPRF-PR";"DEL01-PR";"UOP03-DEL01-PR"
199390;2019-01-15;"terça-feira";"23:00:00";"GO";20;170,2;"ALVORADA DO NORTE";"Falta de Atenção do Pedestre";"Atropelamento de Pedestre";"Com Vítimas Fatais";"Plena Noite";"Decrescente";"Céu Claro";"Simples";"Reta";"Não";2;1;0;0;1;0;0;2;-14,547201;-46,55225;"SPRF-DF";"DEL02-DF";"UOP03-DEL02-DF"
199393;2019-03-26;"terça-feira";"09:00:00";"PA";222;156;"ABEL FIGUEIREDO";"Falta de Atenção à Condução";"Colisão transversal";"Com Vítimas Fatais";"Pleno dia";"Crescente";"Nublado";"Simples";"Curva";"Não";4;2;0;1;1;0;1;2;-4,988525;-48,458538;"SPRF-PA";"DEL03-PA";"UOP01-DEL03-PA"
199395;2019-03-26;"terça-feira";"15:00:00";"RJ";101;400;"ITAGUAI";"Carga excessiva e/ou mal acondicionada";"Colisão com objeto em movimento";"Sem Vítimas";"Pleno dia";"Decrescente";"Céu Claro";"Dupla";"Reta";"Sim";2;0;0;0;2;0;0;2;-22,8483707;-43,76952338;"SPRF-RJ";"DEL03-RJ";"UOP01-DEL03-RJ"
199396;2019-03-26;"terça-feira";"15:10:00";"MG";381;398;"BOM JESUS DO AMPARO";"Falta de Atenção do Pedestre";"Atropelamento de Pedestre";"Com Vítimas Feridas";"Pleno dia";"Crescente";"Céu Claro";"Simples";"Reta";"Não";4;0;0;1;1;2;1;3;-19,74180501;-43,50517402;"SPRF-MG";"DEL01-MG";"UOP01-DEL01-MG"
199398;2019-03-26;"terça-feira";"11:20:00";"MG";381;830,2;"SAO SEBASTIAO DA BELA VISTA";"Falta de Atenção à Condução";"Tombamento";"Com Vítimas Feridas";"Pleno dia";"Crescente";"Céu Claro";"Dupla";"Reta";"Não";2;0;1;0;0;2;1;3;-22,13939205;-45,81344194;"SPRF-MG";"DEL16-MG";"UOP01-DEL16-MG"
199401;2019-03-26;"terça-feira";"08:45:00";"MG";381;849;"POUSO ALEGRE";"Velocidade Incompatível";"Tombamento";"Com Vítimas Feridas";"Pleno dia";"Decrescente";"Céu Claro";"Dupla";"Curva";"Não";2;0;1;0;0;1;1;2;-22,26991499;-45,89241402;"SPRF-MG";"DEL16-MG";"UOP01-DEL16-MG"
199402;2019-03-26;"terça-feira";"14:00:00";"SP";116;362,5;"MIRACATU";"Falta de Atenção à Condução";"Tombamento";"Com Vítimas Feridas";"Pleno dia";"Crescente";"Céu Claro";"Dupla";"Curva";"Não";2;0;1;0;0;1;1;2;-24,14115355;-47,27262497;"SPRF-SP";"DEL04-SP";"UOP03-DEL04-SP"
199404;2019-03-26;"terça-feira";"16:40:00";"BA";116;454;"SANTO ESTEVAO";"Desobediência às normas de trânsito pelo condutor";"Colisão lateral";"Com Vítimas Feridas";"Pleno dia";"Crescente";"Céu Claro";"Dupla";"Reta";"Não";3;0;0;2;1;0;2;2;-12,3926489;-39,15245802;"SPRF-BA";"DEL02-BA";"UOP01-DEL02-BA"
199407;2019-01-05;"sábado";"18:30:00";"MT";364;574;"NOBRES";"Defeito Mecânico no Veículo";"Incêndio";"Sem Vítimas";"Amanhecer";"Decrescente";"Céu Claro";"Dupla";"Declive";"Não";2;0;0;0;1;2;0;3;-14,699872;-56,317268;"SPRF-MT";"DEL01-MT";"UOP01-DEL01-MT"
199408;2019-03-26;"terça-feira";"16:10:00";"CE";20;171,7;"BOA VIAGEM";"Falta de Atenção à Condução";"Saída de leito carroçável";"Com Vítimas Feridas";"Pleno dia";"Crescente";"Chuva";"Simples";"Reta";"Não";1;0;1;0;0;0;1;1;-5,32719357;-39,92964445;"SPRF-CE";"DEL02-CE";"UOP02-DEL02-CE"
199409;2019-03-26;"terça-feira";"16:30:00";"PE";232;134;"CARUARU";"Ingestão de Álcool";"Colisão traseira";"Sem Vítimas";"Pleno dia";"Decrescente";"Chuva";"Múltipla";"Declive";"Sim";3;0;0;0;2;1;0;3;-8,30808;-36,02228;"SPRF-PE";"DEL02-PE";"UOP03-DEL02-PE"
199415;2019-03-26;"terça-feira";"17:00:00";"GO";153;510,7;"APARECIDA DE GOIANIA";"Ingestão de Álcool";"Saída de leito carroçável";"Com Vítimas Feridas";"Pleno dia";"Decrescente";"Chuva";"Simples";"Reta";"Sim";1;0;0;1;0;0;1;1;-16,7977;-49,2386;"SPRF-GO";"DEL01-GO";"UOP03-DEL01-GO"
199421;2019-03-26;"terça-feira";"18:10:00";"ES";262;19;"VIANA";"Ultrapassagem Indevida";"Colisão lateral";"Com Vítimas Feridas";"Anoitecer";"Crescente";"Céu Claro";"Simples";"Reta";"Não";3;0;1;0;2;0;1;2;-20,3919143;-40,49002338;"SPRF-ES";"DEL01-ES";"UOP01-DEL01-ES"
199424;2019-03-26;"terça-feira";"17:55:00";"BA";116;490,7;"RAFAEL JAMBEIRO";"Falta de Atenção à Condução";"Colisão traseira";"Com Vítimas Feridas";"Plena Noite";"Decrescente";"Céu Claro";"Dupla";"Aclive";"Não";3;0;1;0;1;2;1;4;-12,54909415;-39,44976293;"SPRF-BA";"DEL02-BA";"UOP01-DEL02-BA"
199430;2019-03-26;"terça-feira";"13:25:00";"SC";282;486,6;"FAXINAL DOS GUEDES";"Desobediência às normas de trânsito pelo condutor";"Colisão traseira";"Com Vítimas Feridas";"Pleno dia";"Decrescente";"Sol";"Simples";"Reta";"Não";2;0;1;0;1;0;1;2;-26,855415;-52,25423;"SPRF-SC";"DEL07-SC";"UOP01-DEL07-SC"
199444;2019-03-26;"terça-feira";"20:15:00";"SP";153;61,8;"SAO JOSE DO RIO PRETO";"Objeto estático sobre o leito carroçável";"Colisão traseira";"Com Vítimas Feridas";"Plena Noite";"Decrescente";"Céu Claro";"Dupla";"Reta";"Sim";5;0;1;0;3;4;1;7;-20,80502876;-49,35574909;"SPRF-SP";"DEL09-SP";"UOP01-DEL09-SP"
199449;2019-03-26;"terça-feira";"18:55:00";"RO";364;339,9;"JI-PARANA";"Desobediência às normas de trânsito pelo condutor";"Colisão lateral";"Com Vítimas Feridas";"Plena Noite";"Crescente";"Chuva";"Múltipla";"Reta";"Não";32;0;1;0;30;1;1;3;-10,907816;-61,93017402;"SPRF-RO";"DEL02-RO";"UOP01-DEL02-RO"
199450;2019-03-26;"terça-feira";"19:45:00";"MS";163;175;"JUTI";"Desobediência às normas de trânsito pelo condutor";"Colisão traseira";"Com Vítimas Feridas";"Plena Noite";"Crescente";"Céu Claro";"Simples";"Reta";"Não";4;0;1;1;2;0;2;2;-22,85637712;-54,63753104;"SPRF-MS";"DEL09-MS";"UOP01-DEL09-MS"
199454;2019-03-26;"terça-feira";"19:10:00";"GO";153;410,5;"PIRENOPOLIS";"Falta de Atenção à Condução";"Saída de leito carroçável";"Sem Vítimas";"Plena Noite";"Decrescente";"Chuva";"Simples";"Curva;Ponte";"Não";1;0;0;0;1;0;0;1;-16,095764;-49,033852;"SPRF-GO";"DEL02-GO";"UOP01-DEL02-GO"
199459;2019-03-26;"terça-feira";"20:30:00";"RS";290;140,2;"ELDORADO DO SUL";"Falta de Atenção à Condução";"Colisão lateral";"Com Vítimas Feridas";"Plena Noite";"Crescente";"Céu Claro";"Simples";"Reta";"Não";6;0;1;0;4;1;1;4;-30,082417;-51,609337;"SPRF-RS";"DEL02-RS";"UOP01-DEL02-RS"
199461;2019-03-26;"terça-feira";"20:40:00";"PR";369;164,8;"CAMBE";"Condutor Dormindo";"Colisão traseira";"Com Vítimas Feridas";"Plena Noite";"Crescente";"Nublado";"Dupla";"Reta;Aclive";"Não";2;0;1;0;1;0;1;2;-23,29510951;-51,29034609;"SPRF-PR";"DEL07-PR";"UOP01-DEL07-PR"
199466;2019-03-26;"terça-feira";"20:00:00";"PR";116;3;"QUATRO BARRAS";"Defeito Mecânico no Veículo";"Incêndio";"Sem Vítimas";"Plena Noite";"Crescente";"Garoa/Chuvisco";"Dupla";"Reta";"Sim";2;0;0;0;1;1;0;2;-25,35544734;-49,0662242;"SPRF-PR";"DEL01-PR";"UOP01-DEL01-PR"
199468;2019-03-26;"terça-feira";"22:45:00";"RO";364;341,3;"JI-PARANA";"Não guardar distância de segurança";"Colisão traseira";"Sem Vítimas";"Plena Noite";"Decrescente";"Chuva";"Dupla";"Reta";"Sim";4;0;0;0;3;1;0;3;-10,88987987;-61,93126772;"SPRF-RO";"DEL02-RO";"UOP01-DEL02-RO"
199471;2019-03-26;"terça-feira";"16:30:00";"BA";110;137;"CICERO DANTAS";"Pista Escorregadia";"Tombamento";"Com Vítimas Feridas";"Pleno dia";"Decrescente";"Chuva";"Simples";"Curva";"Não";2;0;1;0;0;2;1;3;-10,58317696;-38,37435277;"SPRF-BA";"DEL07-BA";"UOP02-DEL07-BA"
199472;2019-03-27;"quarta-feira";"00:10:00";"MG";381;721;"CARMO DA CACHOEIRA";"Objeto estático sobre o leito carroçável";"Colisão traseira";"Com Vítimas Feridas";"Plena Noite";"Crescente";"Céu Claro";"Dupla";"Curva";"Não";6;0;2;0;3;1;2;4;-21,43320878;-45,21059384;"SPRF-MG";"DEL04-MG";"UOP02-DEL04-MG"
199476;2019-03-27;"quarta-feira";"00:25:00";"SC";470;86,8;"ASCURRA";"Defeito na Via";"Derramamento de carga";"Sem Vítimas";"Plena Noite";"Crescente";"Nublado";"Simples";"Curva";"Não";2;0;0;0;1;1;0;2;-26,949951;-49,357296;"SPRF-SC";"DEL04-SC";"UOP01-DEL04-SC"
199478;2019-03-26;"terça-feira";"20:50:00";"BA";242;430;"SEABRA";"Desobediência às normas de trânsito pelo condutor";"Colisão frontal";"Com Vítimas Fatais";"Plena Noite";"Crescente";"Céu Claro";"Simples";"Reta";"Não";3;1;0;0;1;1;0;3;-12,390192;-41,900593;"SPRF-BA";"DEL06-BA";"UOP01-DEL06-BA"
199479;2019-03-27;"quarta-feira";"01:29:00";"MT";163;733;"SORRISO";"Defeito Mecânico no Veículo";"Saída de leito carroçável";"Com Vítimas Feridas";"Plena Noite";"Crescente";"Chuva";"Simples";"Reta";"Não";1;0;1;0;0;0;1;1;-12,6974835;-55,8111722;"SPRF-MT";"DEL06-MT";"UOP01-DEL06-MT"
199480;2019-03-27;"quarta-feira";"02:09:00";"PA";316;204;"SANTA LUZIA DO PARA";"Animais na Pista";"Saída de leito carroçável";"Com Vítimas Feridas";"Plena Noite";"Decrescente";"Garoa/Chuvisco";"Simples";"Reta";"Não";2;0;1;0;0;1;1;2;-1,56605192;-46,86143391;"SPRF-PA";"DEL01-PA";"UOP03-DEL01-PA"
199484;2019-03-27;"quarta-feira";"05:00:00";"SC";470;127,1;"LONTRAS";"Falta de Atenção à Condução";"Colisão traseira";"Com Vítimas Feridas";"Plena Noite";"Decrescente";"Nublado";"Simples";"Reta";"Não";2;0;2;0;0;0;2;1;-27,136574;-49,543015;"SPRF-SC";"DEL04-SC";"UOP02-DEL04-SC"
199494;2019-03-27;"quarta-feira";"06:30:00";"MT";163;731,1;"SORRISO";"Desobediência às normas de trânsito pelo condutor";"Colisão lateral";"Com Vítimas Feridas";"Pleno dia";"Crescente";"Nublado";"Simples";"Reta";"Não";4;0;1;0;2;2;1;4;-12,82833704;-55,82495813;"SPRF-MT";"DEL06-MT";"UOP01-DEL06-MT"
199495;2019-03-26;"terça-feira";"21:30:00";"BA";101;884,6;"IBIRAPUA";"Carga excessiva e/ou mal acondicionada";"Danos eventuais";"Sem Vítimas";"Plena Noite";"Decrescente";"Céu Claro";"Simples";"Curva";"Não";2;0;0;0;1;1;0;2;-17,79839296;-39,78177014;"SPRF-BA";"DEL09-BA";"UOP02-DEL09-BA"
199496;2019-03-27;"quarta-feira";"07:00:00";"SP";116;143;"SAO JOSE DOS CAMPOS";"Não guardar distância de segurança";"Engavetamento";"Com Vítimas Feridas";"Pleno dia";"Decrescente";"Céu Claro";"Dupla";"Reta";"Sim";3;0;1;0;2;0;1;3;-23,17849879;-45,83787411;"SPRF-SP";"DEL06-SP";"UOP02-DEL02-SP"
199499;2019-03-26;"terça-feira";"20:20:00";"MS";60;532,9;"NIOAQUE";"Defeito Mecânico no Veículo";"Colisão com objeto estático";"Com Vítimas Fatais";"Plena Noite";"Crescente";"Céu Claro";"Simples";"Reta";"Não";5;2;0;2;0;1;2;4;-21,13295241;-55,76523376;"SPRF-MS";"DEL05-MS";"UOP01-DEL05-MS"
199505;2019-03-27;"quarta-feira";"08:20:00";"MA";135;5,2;"SAO LUIS";"Falta de Atenção à Condução";"Colisão lateral";"Sem Vítimas";"Pleno dia";"Decrescente";"Nublado";"Dupla";"Reta";"Sim";5;0;0;0;4;1;0;5;-2,62145385;-44,25797421;"SPRF-MA";"DEL01-MA";"UOP01-DEL01-MA"
199506;2019-02-28;"quinta-feira";"03:25:00";"PR";369;80,3;"SANTA MARIANA";"Falta de Atenção à Condução";"Colisão traseira";"Com Vítimas Fatais";"Plena Noite";"Crescente";"Nublado";"Simples";"Reta";"Não";10;1;7;0;1;1;7;3;-23,14454361;-50,58454156;"SPRF-PR";"DEL07-PR";"UOP05-DEL07-PR"
199508;2019-03-27;"quarta-feira";"08:45:00";"MG";116;410;"GOVERNADOR VALADARES";"Falta de Atenção à Condução";"Atropelamento de Pedestre";"Com Vítimas Feridas";"Pleno dia";"Crescente";"Céu Claro";"Dupla";"Reta";"Sim";2;0;1;0;0;1;1;2;-18,855625;-41,975623;"SPRF-MG";"DEL06-MG";"UOP01-DEL06-MG"
199510;2019-03-27;"quarta-feira";"09:00:00";"SC";101;120,5;"ITAJAI";"Falta de Atenção à Condução";"Colisão lateral";"Com Vítimas Feridas";"Pleno dia";"Decrescente";"Nublado";"Dupla";"Reta";"Sim";3;0;1;0;1;1;1;3;-26,912758;-48,711998;"SPRF-SC";"DEL04-SC";"UOP04-DEL04-SC"
199512;2019-02-04;"segunda-feira";"06:45:00";"PB";101;82,9;"BAYEUX";"Ingestão de Álcool";"Colisão traseira";"Com Vítimas Feridas";"Pleno dia";"Crescente";"Sol";"Dupla";"Viaduto";"Sim";2;0;1;0;1;0;1;2;-7,13285;-34,930609;"SPRF-PB";"DEL01-PB";"UOP01-DEL01-PB"
199513;2019-03-27;"quarta-feira";"09:30:00";"MG";381;316;"NOVA ERA";"Não guardar distância de segurança";"Colisão lateral";"Com Vítimas Feridas";"Pleno dia";"Decrescente";"Céu Claro";"Simples";"Curva";"Não";2;0;1;0;1;0;1;2;-19,69896406;-42,99486928;"SPRF-MG";"DEL03-MG";"UOP02-DEL03-MG"
199514;2019-03-27;"quarta-feira";"09:50:00";"PR";277;580;"CASCAVEL";"Defeito Mecânico no Veículo";"Colisão com objeto estático";"Sem Vítimas";"Pleno dia";"Decrescente";"Sol";"Simples";"Reta";"Não";2;0;0;0;1;1;0;2;-24,984741;-53,368952;"SPRF-PR";"DEL04-PR";"UOP01-DEL04-PR"
199519;2019-03-27;"quarta-feira";"10:30:00";"SP";381;79;"SAO PAULO";"Falta de Atenção à Condução";"Tombamento";"Com Vítimas Feridas";"Pleno dia";"Crescente";"Céu Claro";"Dupla";"Curva";"Sim";1;0;0;1;0;0;1;1;-23,40319901;-46,57564699;"SPRF-SP";"DEL03-SP";"UOP01-DEL03-SP"
199525;2019-03-27;"quarta-feira";"11:30:00";"GO";153;73;"PORANGATU";"Desobediência às normas de trânsito pelo condutor";"Colisão traseira";"Com Vítimas Feridas";"Pleno dia";"Crescente";"Céu Claro";"Simples";"Reta";"Não";4;0;1;0;2;3;1;5;-13,513705;-49,121609;"SPRF-GO";"DEL07-GO";"UOP01-DEL07-GO"
199528;2019-03-27;"quarta-feira";"12:00:00";"PE";101;79;"JABOATAO DOS GUARARAPES";"Defeito Mecânico no Veículo";"Colisão lateral";"Com Vítimas Feridas";"Pleno dia";"Crescente";"Sol";"Simples";"Reta";"Sim";2;0;1;0;1;0;1;2;-8,14366112;-34,94723453;"SPRF-PE";"DEL01-PE";"UOP01-DEL01-PE"
199539;2019-03-27;"quarta-feira";"12:35:00";"RS";153;42,8;"ERECHIM";"Defeito Mecânico no Veículo";"Incêndio";"Sem Vítimas";"Pleno dia";"Decrescente";"Céu Claro";"Simples";"Reta";"Não";1;0;0;0;1;0;0;1;-27,60602218;-52,23788583;"SPRF-RS";"DEL08-RS";"UOP04-DEL08-RS"
199541;2019-03-27;"quarta-feira";"13:10:00";"GO";60;223,7;"CEZARINA";"Pista Escorregadia";"Saída de leito carroçável";"Com Vítimas Feridas";"Pleno dia";"Crescente";"Chuva";"Dupla";"Curva";"Não";2;0;1;0;0;1;1;2;-16,9998;-49,768;"SPRF-GO";"DEL01-GO";"UOP02-DEL01-GO"
199542;2019-03-27;"quarta-feira";"13:20:00";"ES";101;174;"ARACRUZ";"Falta de Atenção à Condução";"Colisão traseira";"Com Vítimas Feridas";"Pleno dia";"Crescente";"Sol";"Múltipla";"Reta";"Sim";5;0;0;3;1;1;3;3;-19,58047007;-40,18782185;"SPRF-ES";"DEL04-ES";"UOP01-DEL04-ES"
199543;2019-03-27;"quarta-feira";"13:00:00";"RJ";101;315;"SAO GONCALO";"Não guardar distância de segurança";"Engavetamento";"Com Vítimas Feridas";"Pleno dia";"Crescente";"Céu Claro";"Dupla";"Reta";"Não";4;0;2;0;1;1;2;4;-22,82262092;-43,08460805;"SPRF-RJ";"DEL02-RJ";"DEL5/2-UOP04/RJ"
199552;2019-03-27;"quarta-feira";"12:30:00";"RJ";116;88;"TERESOPOLIS";"Velocidade Incompatível";"Tombamento";"Com Vítimas Feridas";"Pleno dia";"Decrescente";"Nublado";"Simples";"Reta";"Não";2;0;1;0;0;1;1;2;-22,453468;-42,954449;"SPRF-RJ";"DEL04-RJ";"UOP01-DEL04-RJ"
199553;2019-03-27;"quarta-feira";"14:45:00";"CE";116;3;"FORTALEZA";"Falta de Atenção à Condução";"Colisão lateral";"Sem Vítimas";"Pleno dia";"Decrescente";"Céu Claro";"Dupla";"Reta";"Não";2;0;0;0;2;0;0;2;-3,77866493;-38,51490171;"SPRF-CE";"DEL01-CE";"UOP02-DEL01-CE"
199555;2019-03-27;"quarta-feira";"15:10:00";"BA";116;3,1;"VITORIA DA CONQUISTA";"Desobediência às normas de trânsito pelo condutor";"Colisão transversal";"Com Vítimas Feridas";"Pleno dia";"Decrescente";"Nublado";"Simples";"Reta";"Não";2;0;1;0;1;0;1;2;-14,82481;-40,861976;"SPRF-BA";"DEL08-BA";"UOP01-DEL08-BA"
199559;2019-03-27;"quarta-feira";"15:30:00";"SC";101;207;"SAO JOSE";"Falta de Atenção à Condução";"Colisão traseira";"Com Vítimas Feridas";"Pleno dia";"Crescente";"Nublado";"Múltipla";"Reta";"Sim";5;0;1;1;3;0;2;5;-27,59193546;-48,61824557;"SPRF-SC";"DEL01-SC";"UOP01-DEL01-SC"
199564;2019-03-27;"quarta-feira";"17:15:00";"PE";101;55;"PAULISTA";"Falta de Atenção à Condução";"Colisão lateral";"Com Vítimas Feridas";"Pleno dia";"Crescente";"Céu Claro";"Dupla";"Aclive";"Sim";5;0;3;0;0;2;3;3;-7,94806621;-34,9062148;"SPRF-PE";"DEL01-PE";"UOP02-DEL01-PE"
199578;2019-03-27;"quarta-feira";"16:50:00";"SC";116;3,3;"MAFRA";"Não guardar distância de segurança";"Colisão lateral";"Com Vítimas Feridas";"Pleno dia";"Crescente";"Céu Claro";"Simples";"Curva";"Não";2;0;1;0;1;0;1;2;-26,13073161;-49,79922442;"SPRF-SC";"DEL06-SC";"UOP01-DEL06-SC"