"id";"data_inversa";"dia_semana";"horario";"uf";"br";"km";"municipio";"causa_acidente";"tipo_acidente";"classificacao_acidente";"fase_dia";"sentido_via";"condicao_metereologica";"tipo_pista";"tracado_via";"uso_solo";"pessoas";"mortos";"feridos_leves";"feridos_graves";"ilesos";"ignorados";"feridos";"veiculos";"latitude";"longitude";"regional";"delegacia";"uop"
199587;2019-03-27;"quarta-feira";"09:20:00";"MT";364;522;"ROSARIO OESTE";"Falta de Atenção à Condução";"Tombamento";"Com Vítimas Feridas";"Pleno dia";"Decrescente";"Sol";"Simples";"Reta";"Não";2;0;1;0;0;1;1;2;-15,076138;-56,51811592;"SPRF-MT";"DEL01-MT";"DEL2/4-UOP02/MT"
199600;2019-03-27;"quarta-feira";"18:30:00";"SP";116;355,6;"MIRACATU";"Velocidade Incompatível";"Tombamento";"Com Vítimas Feridas";"Anoitecer";"Crescente";"Nublado";"Dupla";"Curva";"Não";2;0;1;0;0;1;1;2;-24,08289401;-47,25237399;"SPRF-SP";"DEL04-SP";"UOP03-DEL04-SP"
199604;2019-02-21;"quinta-feira";"05:00:00";"RS";470;176;"VERANOPOLIS";"Ingestão de Álcool";"Colisão lateral";"Sem Vítimas";"Amanhecer";"Crescente";"Céu Claro";"Simples";"Reta";"Sim";2;0;0;0;2;0;0;2;-28,925185;-51,539819;"SPRF-RS";"DEL06-RS";"UOP02-DEL06-RS"
199611;2019-03-27;"quarta-feira";"18:20:00";"PA";222;238;"MARABA";"Desobediência às normas de trânsito pelo condutor";"Colisão transversal";"Com Vítimas Feridas";"Anoitecer";"Crescente";"Céu Claro";"Simples";"Reta";"Sim";4;0;2;0;0;2;2;3;-5,301523;-49,072395;"SPRF-PA";"DEL03-PA";"UOP01-DEL03-PA"
199617;2019-03-27;"quarta-feira";"21:30:00";"BA";407;183;"PONTO NOVO";"Não guardar distância de segurança";"Colisão traseira";"Com Vítimas Feridas";"Plena Noite";"Decrescente";"Chuva";"Simples";"Reta";"Não";6;0;2;2;1;2;4;4;-10,95604399;-40,1043458;"SPRF-BA";"DEL04-BA";"UOP02-DEL04-BA"
199622;2019-03-27;"quarta-feira";"19:40:00";"SC";101;427,8;"SOMBRIO";"Falta de Atenção à Condução";"Colisão traseira";"Com Vítimas Fatais";"Plena Noite";"Decrescente";"Céu Claro";"Dupla";"Aclive";"Sim";5;2;0;1;1;1;1;3;-29,04504458;-49,61599052;"SPRF-SC";"DEL02-SC";"UOP02-DEL02-SC"
199624;2019-03-27;"quarta-feira";"22:15:00";"DF";80;23;"BRASILIA";"Desobediência às normas de trânsito pelo condutor";"Colisão transversal";"Com Vítimas Feridas";"Plena Noite";"Crescente";"Chuva";"Simples";"Reta";"Não";5;0;3;0;2;0;3;3;-15,638944;-48,20079;"SPRF-DF";"DEL01-DF";"UOP02-DEL03-DF"
199626;2019-03-27;"quarta-feira";"21:00:00";"BA";116;322;"ARACI";"Ingestão de Álcool";"Colisão traseira";"Sem Vítimas";"Plena Noite";"Decrescente";"Nublado";"Simples";"Reta";"Não";2;0;0;0;2;0;0;2;-11,34759099;-38,96083307;"SPRF-BA";"DEL02-BA";"UOP01-DEL02-BA"
199627;2019-03-27;"quarta-feira";"21:10:00";"MG";381;561;"ITAGUARA";"Velocidade Incompatível";"Tombamento";"Com Vítimas Feridas";"Plena Noite";"Crescente";"Céu Claro";"Dupla";"Curva;Declive";"Não";1;0;1;0;0;0;1;1;-20,39224209;-44,49492995;"SPRF-MG";"DEL04-MG";"UOP03-DEL04-MG"
199630;2019-03-27;"quarta-feira";"22:30:00";"SP";116;515,8;"CAJATI";"Velocidade Incompatível";"Colisão traseira";"Sem Vítimas";"Plena Noite";"Decrescente";"Garoa/Chuvisco";"Simples";"Curva";"Não";3;0;0;0;2;1;0;3;-24,86704083;-48,21738184;"SPRF-SP";"DEL05-SP";"UAP01-DEL05-SP"
199634;2019-03-27;"quarta-feira";"23:00:00";"SC";470;143;"RIO DO SUL";"Falta de Atenção à Condução";"Colisão traseira";"Com Vítimas Feridas";"Plena Noite";"Decrescente";"Nublado";"Simples";"Reta";"Sim";2;0;1;0;1;0;1;2;-27,22273086;-49,66292381;"SPRF-SC";"DEL04-SC";"UOP02-DEL04-SC"
199636;2019-03-27;"quarta-feira";"17:00:00";"MS";262;369;"TERENOS";"Falta de Atenção à Condução";"Colisão frontal";"Com Vítimas Feridas";"Anoitecer";"Crescente";"Céu Claro";"Simples";"Curva";"Sim";3;0;2;0;1;0;2;2;-20,479548;-54,769619;"SPRF-MS";"DEL01-MS";"UOP03-DEL01-MS"
199643;2019-03-27;"quarta-feira";"20:30:00";"AL";101;16,4;"JOAQUIM GOMES";"Velocidade Incompatível";"Derramamento de carga";"Sem Vítimas";"Plena Noite";"Crescente";"Céu Claro";"Dupla";"Curva";"Não";1;0;0;0;1;0;0;1;-8,99730698;-35,6760262;"SPRF-AL";"DEL01-AL";"UOP01-DEL01-AL"
199646;2019-03-28;"quinta-feira";"00:15:00";"PR";476;327,1;"PAULO FRONTIN";"Condutor Dormindo";"Colisão frontal";"Com Vítimas Feridas";"Plena Noite";"Decrescente";"Céu Claro";"Simples";"Reta";"Não";3;0;1;0;1;2;1;4;-26,095057;-50,789616;"SPRF-PR";"DEL02-PR";"UOP04-DEL02-PR"
199648;2019-03-27;"quarta-feira";"22:00:00";"MT";70;298;"POXOREO";"Animais na Pista";"Tombamento";"Sem Vítimas";"Plena Noite";"Decrescente";"Nublado";"Simples";"Reta";"Não";4;0;0;0;3;1;0;3;-15,58080453;-54,45501395;"SPRF-MT";"DEL05-MT";"UOP01-DEL05-MT"
199649;2019-03-28;"quinta-feira";"02:30:00";"PE";424;16;"PEDRA";"Animais na Pista";"Atropelamento de Animal";"Sem Vítimas";"Plena Noite";"Decrescente";"Céu Claro";"Simples";"Reta";"Não";2;0;0;0;1;1;0;2;-8,49967931;-36,95655101;"SPRF-PE";"DEL03-PE";"UOP02-DEL03-PE"
199650;2019-03-28;"quinta-feira";"03:55:00";"SC";101;209,7;"SAO JOSE";"Desobediência às normas de trânsito pelo condutor";"Colisão lateral";"Sem Vítimas";"Plena Noite";"Crescente";"Nublado";"Múltipla";"Interseção de Vias";"Sim";3;0;0;0;2;1;0;3;-27,59193546;-48,61824557;"SPRF-SC";"DEL01-SC";"UOP01-DEL01-SC"
199651;2019-03-28;"quinta-feira";"05:45:00";"SP";381;36,5;"ATIBAIA";"Desobediência às normas de trânsito pelo condutor";"Colisão frontal";"Com Vítimas Fatais";"Amanhecer";"Crescente";"Céu Claro";"Dupla";"Reta";"Sim";3;1;0;0;1;1;0;3;-23,10226601;-46,56868885;"SPRF-SP";"DEL03-SP";"UOP02-DEL03-SP"
199653;2019-03-28;"quinta-feira";"02:42:00";"RS";392;9;"RIO GRANDE";"Falta de Atenção à Condução";"Colisão traseira";"Com Vítimas Feridas";"Plena Noite";"Decrescente";"Céu Claro";"Simples";"Reta";"Não";4;0;1;0;2;3;1;6;-32,11099;-52,112198;"SPRF-RS";"DEL07-RS";"UOP02-DEL07-RS"
199656;2019-03-28;"quinta-feira";"03:00:00";"MG";365;669,1;"MONTE ALEGRE DE MINAS";"Condutor Dormindo";"Saída de leito carroçável";"Com Vítimas Feridas";"Plena Noite";"Decrescente";"Céu Claro";"Dupla";"Reta";"Não";1;0;1;0;0;0;1;1;-18,889926;-48,7016;"SPRF-MG";"DEL15-MG";"UOP01-DEL15-MG"
199669;2019-03-28;"quinta-feira";"06:50:00";"AL";101;79;"RIO LARGO";"Velocidade Incompatível";"Saída de leito carroçável";"Com Vítimas Feridas";"Pleno dia";"Crescente";"Céu Claro";"Dupla";"Viaduto";"Não";2;0;1;0;0;1;1;2;-9,440261;-35,836445;"SPRF-AL";"DEL01-AL";"UOP01-DEL01-AL"
199671;2019-03-28;"quinta-feira";"00:30:00";"RJ";116;25;"SAPUCAIA";"Defeito Mecânico no Veículo";"Incêndio";"Sem Vítimas";"Plena Noite";"Decrescente";"Nublado";"Simples";"Curva";"Não";1;0;0;0;1;0;0;1;-22,02255641;-42,7728653;"SPRF-RJ";"DEL04-RJ";"UOP01-DEL04-RJ"
199672;2019-03-28;"quinta-feira";"07:50:00";"RS";290;130,8;"ELDORADO DO SUL";"Falta de Atenção à Condução";"Colisão lateral";"Sem Vítimas";"Pleno dia";"Decrescente";"Céu Claro";"Simples";"Em Obras;Interseção de Vias";"Não";3;0;0;0;2;1;0;3;-30,058458;-51,510532;"SPRF-RS";"DEL02-RS";"UOP01-DEL02-RS"
199673;2019-03-28;"quinta-feira";"05:10:00";"PR";476;314,9;"SAO MATEUS DO SUL";"Falta de Atenção à Condução";"Saída de leito carroçável";"Sem Vítimas";"Plena Noite";"Decrescente";"Garoa/Chuvisco";"Simples";"Curva;Declive";"Não";2;0;0;0;1;1;0;2;-26,033367;-50,688385;"SPRF-PR";"DEL02-PR";"UOP04-DEL02-PR"
199674;2019-03-28;"quinta-feira";"07:45:00";"MG";50;148,2;"UBERABA";"Falta de Atenção à Condução";"Saída de leito carroçável";"Com Vítimas Feridas";"Pleno dia";"Crescente";"Céu Claro";"Dupla";"Reta";"Não";2;0;0;1;0;1;1;2;-19,54676795;-48,03584554;"SPRF-MG";"DEL13-MG";"UOP01-DEL13-MG"
199677;2019-03-28;"quinta-feira";"08:20:00";"AL";423;70,9;"AGUA BRANCA";"Ultrapassagem Indevida";"Colisão frontal";"Com Vítimas Fatais";"Pleno dia";"Decrescente";"Céu Claro";"Simples";"Reta";"Não";3;1;1;0;0;1;1;3;-9,30650164;-37,89829007;"SPRF-AL";"DEL03-AL";"UOP02-DEL03-AL"
199680;2019-03-28;"quinta-feira";"09:00:00";"GO";60;164,8;"GOIANIA";"Falta de Atenção à Condução";"Colisão lateral";"Com Vítimas Feridas";"Pleno dia";"Decrescente";"Chuva";"Dupla";"Reta";"Sim";2;0;0;1;1;0;1;2;-16,7036;-49,342;"SPRF-GO";"DEL01-GO";"UOP02-DEL01-GO"
199681;2019-03-28;"quinta-feira";"06:10:00";"MG";251;235;"SANTA CRUZ DE SALINAS";"Desobediência às normas de trânsito pelo condutor";"Colisão lateral";"Com Vítimas Feridas";"Amanhecer";"Decrescente";"Nublado";"Simples";"Curva";"Não";5;0;1;0;3;3;1;7;-15,98394113;-41,74450396;"SPRF-MG";"DEL11-MG";"UOP02-DEL11-MG"
199690;2019-03-28;"quinta-feira";"10:05:00";"CE";20;417;"MARACANAU";"Agressão Externa";"Saída de leito carroçável";"Sem Vítimas";"Pleno dia";"Crescente";"Nublado";"Dupla";"Reta";"Sim";1;0;0;0;1;0;0;1;-3,841668;-38,595163;"SPRF-CE";"DEL01-CE";"UOP02-DEL01-CE"
199692;2019-03-28;"quinta-feira";"08:26:00";"PR";376;201;"MANDAGUARI";"Defeito Mecânico no Veículo";"Colisão com objeto estático";"Sem Vítimas";"Pleno dia";"Decrescente";"Céu Claro";"Dupla";"Reta";"Sim";2;0;0;0;2;0;0;1;-23,50951388;-51,72140497;"SPRF-PR";"DEL07-PR";"UOP01-DEL09-PR"
199693;2019-03-28;"quinta-feira";"09:50:00";"RJ";116;273;"BARRA MANSA";"Avarias e/ou desgaste excessivo no pneu";"Colisão transversal";"Com Vítimas Feridas";"Pleno dia";"Crescente";"Chuva";"Dupla";"Reta";"Sim";3;0;1;0;1;1;1;3;-22,56100142;-44,13833993;"SPRF-RJ";"DEL07-RJ";"UOP02-DEL07-RJ"
199696;2019-01-31;"quinta-feira";"18:42:00";"PR";116;105;"SAO JOSE DOS PINHAIS";"Não guardar distância de segurança";"Saída de leito carroçável";"Sem Vítimas";"Pleno dia";"Decrescente";"Céu Claro";"Dupla";"Reta";"Sim";4;0;0;0;3;1;0;4;-25,566381;-49,168457;"SPRF-PR";"DEL01-PR";"UOP07-DEL01-PR"
199698;2019-03-28;"quinta-feira";"09:40:00";"PR";476;193,3;"LAPA";"Não guardar distância de segurança";"Colisão traseira";"Com Vítimas Feridas";"Pleno dia";"Decrescente";"Nublado";"Simples";"Reta";"Não";4;0;1;0;2;1;1;3;-25,731451;-49,709415;"SPRF-PR";"DEL01-PR";"UOP03-DEL01-PR"
199701;2019-03-28;"quinta-feira";"07:40:00";"MG";251;371,5;"PADRE CARVALHO";"Falta de Atenção à Condução";"Colisão traseira";"Com Vítimas Feridas";"Pleno dia";"Decrescente";"Nublado";"Simples";"Reta";"Não";5;0;0;1;3;6;1;10;-16,28786559;-42,6965112;"SPRF-MG";"DEL12-MG";"UOP01-DEL12-MG"
199712;2019-03-28;"quinta-feira";"10:30:00";"MG";251;233,8;"SANTA CRUZ DE SALINAS";"Condutor Dormindo";"Saída de leito carroçável";"Com Vítimas Feridas";"Pleno dia";"Decrescente";"Nublado";"Simples";"Reta";"Não";1;0;1;0;0;0;1;1;-15,97661796;-41,72769502;"SPRF-MG";"DEL11-MG";"UOP02-DEL11-MG"
199717;2019-03-28;"quinta-feira";"07:50:00";"MG";153;31,8;"CENTRALINA";"Condutor Dormindo";"Saída de leito carroçável";"Com Vítimas Feridas";"Amanhecer";"Decrescente";"Céu Claro";"Dupla";"Reta";"Não";4;0;3;0;0;1;3;2;-18,68732403;-49,15155305;"SPRF-MG";"DEL15-MG";"UOP03-DEL15-MG"
199718;2019-03-28;"quinta-feira";"13:00:00";"PR";476;134;"CURITIBA";"Falta de Atenção à Condução";"Colisão traseira";"Com Vítimas Feridas";"Pleno dia";"Crescente";"Céu Claro";"Dupla";"Reta";"Sim";3;0;1;0;2;0;1;3;-25,476524;-49,259937;"SPRF-PR";"DEL01-PR";"UOP03-DEL01-PR"
199724;2019-03-28;"quinta-feira";"11:00:00";"RJ";393;131;"SAPUCAIA";"Falta de Atenção à Condução";"Tombamento";"Com Vítimas Feridas";"Pleno dia";"Decrescente";"Céu Claro";"Simples";"Curva";"Sim";2;0;1;0;0;1;1;2;-21,96975292;-42,87664106;"SPRF-RJ";"DEL06-RJ";"UOP01-DEL05-RJ"
199725;2019-03-28;"quinta-feira";"14:30:00";"SC";470;56,3;"BLUMENAU";"Falta de Atenção à Condução";"Colisão frontal";"Com Vítimas Feridas";"Pleno dia";"Decrescente";"Nublado";"Simples";"Reta";"Não";3;0;1;0;1;1;1;3;-26,87811479;-49,13203955;"SPRF-SC";"DEL04-SC";"UOP01-DEL04-SC"
199728;2019-03-28;"quinta-feira";"13:00:00";"MG";40;515,9;"RIBEIRAO DAS NEVES";"Falta de Atenção à Condução";"Colisão traseira";"Com Vítimas Feridas";"Pleno dia";"Decrescente";"Céu Claro";"Dupla";"Reta";"Sim";3;0;1;0;1;1;1;3;-19,8090079;-44,09493479;"SPRF-MG";"DEL01-MG";"UOP03-DEL01-MG"
199729;2019-03-28;"quinta-feira";"11:00:00";"RS";392;79,3;"PELOTAS";"Falta de Atenção à Condução";"Saída de leito carroçável";"Sem Vítimas";"Pleno dia";"Decrescente";"Céu Claro";"Simples";"Reta";"Não";2;0;0;0;1;1;0;2;-31,68196393;-52,44676696;"SPRF-RS";"DEL07-RS";"UOP01-DEL07-RS"
199731;2019-03-28;"quinta-feira";"14:30:00";"RJ";116;65,6;"TERESOPOLIS";"Falta de Atenção à Condução";"Colisão lateral";"Sem Vítimas";"Pleno dia";"Crescente";"Chuva";"Simples";"Curva";"Não";2;0;0;0;2;0;0;2;-22,27707804;-42,92764378;"SPRF-RJ";"DEL04-RJ";"UOP01-DEL04-RJ"
199732;2019-03-28;"quinta-feira";"13:40:00";"PR";163;163,6;"LINDOESTE";"Falta de Atenção à Condução";"Colisão traseira";"Com Vítimas Feridas";"Pleno dia";"Decrescente";"Céu Claro";"Simples";"Reta;Em Obras";"Não";4;0;1;0;2;1;1;4;-25,2672221;-53,5731715;"SPRF-PR";"DEL04-PR";"UOP05-DEL05-PR"
199739;2019-03-28;"quinta-feira";"16:00:00";"MA";10;248,6;"IMPERATRIZ";"Não guardar distância de segurança";"Colisão traseira";"Sem Vítimas";"Pleno dia";"Crescente";"Céu Claro";"Simples";"Reta";"Sim";3;0;0;0;3;0;0;3;-5,566143;-47,449028;"SPRF-MA";"DEL04-MA";"UOP01-DEL04-MA"
199740;2019-03-28;"quinta-feira";"16:00:00";"SE";101;56,3;"ROSARIO DO CATETE";"Falta de Atenção à Condução";"Colisão lateral";"Com Vítimas Feridas";"Pleno dia";"Decrescente";"Céu Claro";"Simples";"Aclive;Reta";"Não";3;0;1;0;1;1;1;3;-10,64406408;-37,01815109;"SPRF-SE";"DEL02-SE";"UOP02-DEL02-SE"
199744;2019-03-28;"quinta-feira";"16:00:00";"PR";376;667;"GUARATUBA";"Condutor Dormindo";"Colisão com objeto estático";"Com Vítimas Feridas";"Amanhecer";"Crescente";"Garoa/Chuvisco";"Dupla";"Declive;Em Obras";"Não";2;0;1;0;0;1;1;2;-25,86345477;-48,93586354;"SPRF-PR";"DEL01-PR";"UOP04-DEL01-PR"
199745;2019-03-28;"quinta-feira";"15:05:00";"PI";343;594;"FLORIANO";"Objeto estático sobre o leito carroçável";"Tombamento";"Com Vítimas Feridas";"Pleno dia";"Decrescente";"Céu Claro";"Simples";"Reta";"Sim";2;0;1;0;1;0;1;2;-6,788374;-43,044399;"SPRF-PI";"DEL03-PI";"UOP01-DEL03-PI"
199749;2019-03-28;"quinta-feira";"16:30:00";"PE";101;88,9;"CABO DE SANTO AGOSTINHO";"Falta de Atenção do Pedestre";"Atropelamento de Pedestre";"Com Vítimas Feridas";"Pleno dia";"Crescente";"Ignorado";"Simples";"Reta";"Sim";2;0;0;1;1;0;1;2;-8,19971387;-34,9785382;"SPRF-PE";"DEL01-PE";"UOP03-DEL01-PE"
199757;2019-03-28;"quinta-feira";"18:10:00";"SE";101;102,6;"SAO CRISTOVAO";"Ingestão de Álcool";"Colisão traseira";"Sem Vítimas";"Anoitecer";"Crescente";"Ignorado";"Dupla";"Reta";"Não";3;0;0;0;1;2;0;3;-10,94982939;-37,21372962;"SPRF-SE";"DEL02-SE";"UOP01-DEL02-SE"
199759;2019-03-28;"quinta-feira";"17:15:00";"BA";116;545;"MILAGRES";"Falta de Atenção à Condução";"Colisão lateral";"Com Vítimas Feridas";"Pleno dia";"Crescente";"Céu Claro";"Simples";"Reta";"Não";8;0;1;0;6;2;1;4;-12,866;-39,855;"SPRF-BA";"DEL03-BA";"UOP02-DEL03-BA"
199762;2019-03-28;"quinta-feira";"17:25:00";"PR";116;108,2;"CURITIBA";"Não guardar distância de segurança";"Colisão lateral";"Com Vítimas Feridas";"Pleno dia";"Decrescente";"Nublado";"Dupla";"Reta";"Sim";4;0;1;0;2;1;1;3;-25,55097432;-49,20095623;"SPRF-PR";"DEL01-PR";"UOP07-DEL01-PR"
199766;2019-03-28;"quinta-feira";"17:10:00";"PR";277;2;"PARANAGUA";"Velocidade Incompatível";"Colisão traseira";"Com Vítimas Feridas";"Anoitecer";"Crescente";"Chuva";"Simples";"Reta";"Sim";4;0;1;1;1;2;2;4;-25,53324668;-48,55189584;"SPRF-PR";"DEL01-PR";"UOP05-DEL01-PR"
199774;2019-03-28;"quinta-feira";"17:45:00";"MG";262;37,3;"MANHUACU";"Falta de Atenção à Condução";"Colisão traseira";"Com Vítimas Feridas";"Anoitecer";"Crescente";"Céu Claro";"Simples";"Reta";"Sim";2;0;1;0;0;1;1;2;-20,25748975;-42,03048732;"SPRF-MG";"DEL06-MG";"UOP03-DEL06-MG"
199775;2019-03-28;"quinta-feira";"15:50:00";"SC";101;111,5;"NAVEGANTES";"Defeito Mecânico no Veículo";"Colisão traseira";"Sem Vítimas";"Pleno dia";"Crescente";"Nublado";"Dupla";"Reta";"Não";3;0;0;0;2;2;0;4;-26,83955734;-48,71418074;"SPRF-SC";"DEL04-SC";"UOP04-DEL04-SC"
199781;2019-03-28;"quinta-feira";"18:40:00";"MG";262;426,2;"IGARATINGA";"Condutor Dormindo";"Colisão traseira";"Com Vítimas Feridas";"Plena Noite";"Decrescente";"Céu Claro";"Dupla";"Reta";"Não";3;0;1;0;1;1;1;3;-19,88336175;-44,76794905;"SPRF-MG";"DEL08-MG";"UOP03-DEL08-MG"
199783;2019-03-28;"quinta-feira";"20:57:00";"MG";40;151,7;"JOAO PINHEIRO";"Ingestão de Álcool";"Colisão frontal";"Com Vítimas Fatais";"Plena Noite";"Crescente";"Céu Claro";"Simples";"Curva";"Não";3;1;0;0;1;1;0;3;-17,79832404;-46,13492109;"SPRF-MG";"DEL14-MG";"UOP02-DEL14-MG"
199788;2019-03-28;"quinta-feira";"21:40:00";"SC";470;72,4;"INDAIAL";"Falta de Atenção à Condução";"Colisão transversal";"Com Vítimas Feridas";"Plena Noite";"Decrescente";"Nublado";"Simples";"Reta";"Sim";2;0;1;0;1;0;1;2;-26,9056629;-49,27211523;"SPRF-SC";"DEL04-SC";"UOP01-DEL04-SC"
199791;2019-03-28;"quinta-feira";"21:10:00";"PR";376;490,9;"PONTA GROSSA";"Velocidade Incompatível";"Colisão traseira";"Com Vítimas Feridas";"Plena Noite";"Crescente";"Céu Claro";"Dupla";"Reta";"Sim";3;0;1;0;2;0;1;2;-25,10736049;-50,19202265;"SPRF-PR";"DEL03-PR";"UOP04-DEL03-PR"
199793;2019-03-28;"quinta-feira";"20:30:00";"SC";282;80;"RANCHO QUEIMADO";"Falta de Atenção à Condução";"Colisão transversal";"Com Vítimas Feridas";"Plena Noite";"Crescente";"Céu Claro";"Simples";"Curva";"Não";2;0;1;0;1;0;1;2;-27,663555;-49,159309;"SPRF-SC";"DEL01-SC";"UOP03-DEL01-SC"
199794;2019-03-28;"quinta-feira";"17:05:00";"MT";364;491;"JANGADA";"Falta de Atenção à Condução";"Colisão traseira";"Sem Vítimas";"Pleno dia";"Decrescente";"Chuva";"Simples";"Reta";"Não";5;0;0;0;4;2;0;5;-15,31822775;-56,43162957;"SPRF-MT";"DEL01-MT";"DEL2/4-UOP02/MT"
199796;2019-03-28;"quinta-feira";"20:05:00";"MG";381;821;"CAREACU";"Falta de Atenção à Condução";"Colisão lateral";"Com Vítimas Feridas";"Plena Noite";"Crescente";"Ignorado";"Dupla";"Reta";"Não";3;0;1;0;1;1;1;3;-22,11209226;-45,74742779;"SPRF-MG";"DEL16-MG";"UOP02-DEL16-MG"
199803;2019-03-29;"sexta-feira";"00:10:00";"MG";381;901,6;"CAMBUI";"Condutor Dormindo";"Colisão com objeto estático";"Com Vítimas Feridas";"Plena Noite";"Decrescente";"Céu Claro";"Dupla";"Reta";"Não";4;0;2;0;1;3;2;6;-22,67131468;-46,09354017;"SPRF-MG";"DEL16-MG";"UOP03-DEL16-MG"
199808;2019-03-29;"sexta-feira";"00:00:00";"MT";364;222;"RONDONOPOLIS";"Ingestão de Álcool";"Colisão lateral";"Com Vítimas Feridas";"Plena Noite";"Decrescente";"Garoa/Chuvisco";"Dupla";"Declive";"Não";2;0;1;0;1;0;1;2;-16,33227499;-54,74804497;"SPRF-MT";"DEL02-MT";"UOP01-DEL02-MT"
199811;2019-03-28;"quinta-feira";"22:30:00";"SC";470;163,8;"TROMBUDO CENTRAL";"Falta de Atenção à Condução";"Colisão traseira";"Com Vítimas Feridas";"Plena Noite";"Crescente";"Nublado";"Simples";"Aclive";"Não";2;0;1;0;1;0;1;2;-27,278976;-49,825996;"SPRF-SC";"DEL04-SC";"UOP02-DEL04-SC"
199816;2019-03-29;"sexta-feira";"02:50:00";"RS";392;115,7;"CANGUCU";"Desobediência às normas de trânsito pelo condutor";"Colisão frontal";"Com Vítimas Feridas";"Plena Noite";"Crescente";"Céu Claro";"Múltipla";"Curva";"Não";4;0;0;2;1;1;2;3;-31,42456531;-52,66149946;"SPRF-RS";"DEL07-RS";"UOP01-DEL07-RS"
199818;2019-03-28;"quinta-feira";"20:25:00";"SC";101;299,7;"LAGUNA";"Defeito Mecânico no Veículo";"Tombamento";"Sem Vítimas";"Plena Noite";"Decrescente";"Chuva";"Múltipla";"Reta";"Não";2;0;0;0;1;1;0;2;-28,35818627;-48,74654174;"SPRF-SC";"DEL02-SC";"UOP03-DEL02-SC"
199819;2019-03-29;"sexta-feira";"04:40:00";"PE";101;75,4;"RECIFE";"Falta de Atenção à Condução";"Colisão lateral";"Com Vítimas Feridas";"Amanhecer";"Decrescente";"Chuva";"Dupla";"Reta";"Sim";7;0;4;0;2;1;4;3;-8,10973523;-34,94660151;"SPRF-PE";"DEL01-PE";"UOP01-DEL01-PE"
199822;2019-03-29;"sexta-feira";"01:59:00";"MG";381;816,2;"CAREACU";"Defeito Mecânico no Veículo";"Incêndio";"Sem Vítimas";"Plena Noite";"Crescente";"Céu Claro";"Dupla";"Reta";"Sim";2;0;0;0;1;1;0;2;-22,0934877;-45,71077521;"SPRF-MG";"DEL16-MG";"UOP02-DEL16-MG"
199824;2019-03-29;"sexta-feira";"06:45:00";"SP";153;151;"PROMISSAO";"Ultrapassagem Indevida";"Saída de leito carroçável";"Com Vítimas Feridas";"Pleno dia";"Decrescente";"Céu Claro";"Simples";"Reta";"Sim";2;0;1;0;0;1;1;2;-21,42475243;-49,7865361;"SPRF-SP";"DEL07-SP";"UOP01-DEL07-SP"
199828;2019-03-29;"sexta-feira";"06:15:00";"RS";158;229;"CRUZ ALTA";"Ultrapassagem Indevida";"Saída de leito carroçável";"Com Vítimas Feridas";"Amanhecer";"Decrescente";"Céu Claro";"Simples";"Aclive";"Não";1;0;1;0;0;0;1;1;-28,93375505;-53,64293588;"SPRF-RS";"DEL10-RS";"UOP02-DEL10-RS"
199832;2019-02-20;"quarta-feira";"18:40:00";"SC";101;203;"SAO JOSE";"Desobediência às normas de trânsito pelo condutor";"Colisão traseira";"Com Vítimas Feridas";"Plena Noite";"Decrescente";"Nublado";"Dupla";"Reta";"Não";3;0;0;1;1;1;1;3;-27,5742;-48,6134;"SPRF-SC";"DEL01-SC";"UOP01-DEL01-SC"
199837;2019-03-29;"sexta-feira";"07:40:00";"SC";280;67,2;"JARAGUA DO SUL";"Falta de Atenção à Condução";"Engavetamento";"Com Vítimas Feridas";"Pleno dia";"Decrescente";"Garoa/Chuvisco";"Simples";"Reta";"Sim";4;0;2;0;2;0;2;3;-26,4775146;-49,10363575;"SPRF-SC";"DEL03-SC";"UOP03-DEL03-SC"
199841;2019-03-29;"sexta-feira";"07:55:00";"MG";356;277,1;"EUGENOPOLIS";"Velocidade Incompatível";"Tombamento";"Com Vítimas Feridas";"Pleno dia";"Decrescente";"Nublado";"Simples";"Curva";"Não";4;0;3;0;0;1;3;3;-21,12798729;-42,27478537;"SPRF-MG";"DEL07-MG";"UOP02-DEL07-MG"
199843;2019-03-29;"sexta-feira";"06:40:00";"MA";135;12;"SAO LUIS";"Falta de Atenção à Condução";"Colisão traseira";"Com Vítimas Feridas";"Pleno dia";"Decrescente";"Nublado";"Dupla";"Reta";"Sim";3;0;0;1;1;1;1;3;-2,68053538;-44,29512283;"SPRF-MA";"DEL01-MA";"UOP01-DEL01-MA"
199850;2019-03-29;"sexta-feira";"07:40:00";"AL";101;129,4;"SAO MIGUEL DOS CAMPOS";"Falta de Atenção à Condução";"Colisão transversal";"Com Vítimas Feridas";"Pleno dia";"Decrescente";"Céu Claro";"Simples";"Interseção de Vias";"Não";3;0;0;1;2;0;1;2;-9,74963266;-36,06531248;"SPRF-AL";"DEL02-AL";"UOP01-DEL02-AL"
199851;2019-03-29;"sexta-feira";"03:00:00";"GO";153;563;"PROFESSOR JAMIL";"Defeito Mecânico no Veículo";"Derramamento de carga";"Sem Vítimas";"Plena Noite";"Decrescente";"Céu Claro";"Dupla";"Reta";"Não";2;0;0;0;1;1;0;2;-17,2383;-49,239;"SPRF-GO";"DEL03-GO";"UOP01-DEL03-GO"
199852;2019-03-29;"sexta-feira";"07:00:00";"MT";70;522;"VARZEA GRANDE";"Não guardar distância de segurança";"Colisão traseira";"Com Vítimas Feridas";"Pleno dia";"Decrescente";"Céu Claro";"Simples";"Reta";"Sim";6;0;1;0;3;4;1;8;-15,65361861;-56,20450974;"SPRF-MT";"DEL01-MT";"DEL2/4-UOP02/MT"