"id";"data_inversa";"dia_semana";"horario";"uf";"br";"km";"municipio";"causa_acidente";"tipo_acidente";"classificacao_acidente";"fase_dia";"sentido_via";"condicao_metereologica";"tipo_pista";"tracado_via";"uso_solo";"pessoas";"mortos";"feridos_leves";"feridos_graves";"ilesos";"ignorados";"feridos";"veiculos";"latitude";"longitude";"regional";"delegacia";"uop"
199854;2019-03-29;"sexta-feira";"07:30:00";"SP";116;136,1;"SAO JOSE DOS CAMPOS";"Falta de Atenção à Condução";"Colisão traseira";"Com Vítimas Feridas";"Pleno dia";"Crescente";"Céu Claro";"Dupla";"Reta";"Sim";4;0;1;0;2;1;1;4;-23,14874471;-45,77863714;"SPRF-SP";"DEL06-SP";"UOP02-DEL02-SP"
199856;2019-03-29;"sexta-feira";"06:10:00";"PB";230;137,3;"MASSARANDUBA";"Carga excessiva e/ou mal acondicionada";"Derramamento de carga";"Sem Vítimas";"Pleno dia";"Crescente";"Céu Claro";"Dupla";"Curva";"Não";2;0;0;0;1;1;0;2;-7,2766;-35,7739;"SPRF-PB";"DEL02-PB";"UOP01-DEL02-PB"
199861;2019-03-29;"sexta-feira";"09:10:00";"PE";232;64;"POMBOS";"Defeito Mecânico no Veículo";"Queda de ocupante de veículo";"Com Vítimas Feridas";"Pleno dia";"Decrescente";"Nublado";"Dupla";"Curva;Declive";"Não";3;0;0;1;2;0;1;1;-8,16152271;-35,43959107;"SPRF-PE";"DEL01-PE";"UOP02-DEL02PE"
199869;2019-03-29;"sexta-feira";"09:55:00";"MA";10;246,7;"IMPERATRIZ";"Falta de Atenção à Condução";"Colisão lateral";"Com Vítimas Feridas";"Pleno dia";"Crescente";"Céu Claro";"Simples";"Reta";"Sim";2;0;1;0;1;0;1;2;-5,57577358;-47,44259119;"SPRF-MA";"DEL04-MA";"UOP01-DEL04-MA"
199873;2019-03-28;"quinta-feira";"19:40:00";"GO";364;370;"MINEIROS";"Falta de Atenção à Condução";"Saída de leito carroçável";"Com Vítimas Feridas";"Plena Noite";"Crescente";"Ignorado";"Simples";"Curva";"Não";2;0;1;0;0;2;1;3;-17,376051;-53,076962;"SPRF-GO";"DEL05-GO";"UOP01-DEL05-GO"
199879;2019-03-29;"sexta-feira";"10:30:00";"PB";101;35,4;"MAMANGUAPE";"Não guardar distância de segurança";"Colisão traseira";"Com Vítimas Feridas";"Pleno dia";"Crescente";"Nublado";"Dupla";"Reta";"Não";2;0;1;0;0;1;1;2;-6,79401305;-35,13707183;"SPRF-PB";"DEL01-PB";"UOP04-DEL01-PB"
199883;2019-03-29;"sexta-feira";"11:45:00";"RS";392;66,9;"PELOTAS";"Desobediência às normas de trânsito pelo condutor";"Colisão transversal";"Com Vítimas Feridas";"Pleno dia";"Crescente";"Céu Claro";"Simples";"Interseção de Vias";"Sim";2;0;1;0;1;0;1;2;-31,7627503;-52,39165019;"SPRF-RS";"DEL07-RS";"UOP01-DEL07-RS"
199891;2019-03-25;"segunda-feira";"13:45:00";"MS";163;161,3;"JUTI";"Falta de Atenção à Condução";"Colisão frontal";"Com Vítimas Feridas";"Pleno dia";"Crescente";"Céu Claro";"Simples";"Curva";"Não";5;0;3;0;2;0;3;2;-22,91472209;-54,51938107;"SPRF-MS";"DEL09-MS";"UOP01-DEL09-MS"
199899;2019-03-29;"sexta-feira";"12:40:00";"PR";277;144;"BALSA NOVA";"Falta de Atenção à Condução";"Colisão frontal";"Com Vítimas Feridas";"Pleno dia";"Decrescente";"Céu Claro";"Simples";"Ponte";"Não";2;0;0;1;1;0;1;2;-25,46656943;-49,76726885;"SPRF-PR";"DEL01-PR";"UOP06-DEL01-PR"
199904;2019-03-29;"sexta-feira";"14:30:00";"MG";381;905,3;"CAMBUI";"Falta de Atenção à Condução";"Colisão traseira";"Com Vítimas Feridas";"Pleno dia";"Decrescente";"Céu Claro";"Dupla";"Declive;Curva";"Não";4;0;1;0;3;0;1;2;-22,66158669;-46,0886783;"SPRF-MG";"DEL16-MG";"UOP03-DEL16-MG"
199905;2019-03-29;"sexta-feira";"11:00:00";"PI";343;108;"COCAL";"Falta de Atenção à Condução";"Colisão traseira";"Com Vítimas Feridas";"Pleno dia";"Crescente";"Nublado";"Simples";"Interseção de Vias";"Não";2;0;1;0;1;0;1;2;-3,637508;-41,676113;"SPRF-PI";"DEL05-PI";"UOP01-DEL05-PI"
199906;2019-03-29;"sexta-feira";"15:00:00";"CE";116;8,7;"FORTALEZA";"Não guardar distância de segurança";"Colisão lateral";"Com Vítimas Feridas";"Pleno dia";"Decrescente";"Nublado";"Dupla";"Reta";"Sim";2;0;1;0;1;0;1;2;-3,8192799;-38,50268337;"SPRF-CE";"DEL01-CE";"UOP02-DEL01-CE"
199915;2019-03-29;"sexta-feira";"05:30:00";"BA";242;549;"OLIVEIRA DOS BREJINHOS";"Defeito na Via";"Tombamento";"Com Vítimas Feridas";"Amanhecer";"Decrescente";"Céu Claro";"Simples";"Reta";"Não";2;0;1;0;0;2;1;3;-12,17171791;-42,84378291;"SPRF-BA";"DEL10-BA";"UOP03-DEL06-BA"
199925;2019-03-29;"sexta-feira";"16:00:00";"TO";153;620,7;"ALIANCA DO TOCANTINS";"Falta de Atenção à Condução";"Colisão transversal";"Com Vítimas Fatais";"Pleno dia";"Crescente";"Céu Claro";"Simples";"Reta";"Sim";3;1;0;0;1;1;0;3;-11,27393201;-48,93746995;"SPRF-TO";"DEL02-TO";"UOP02-DEL01-TO"
199927;2019-03-29;"sexta-feira";"08:10:00";"SC";101;284;"IMBITUBA";"Falta de Atenção à Condução";"Colisão lateral";"Com Vítimas Feridas";"Pleno dia";"Decrescente";"Garoa/Chuvisco";"Dupla";"Reta";"Não";4;0;1;1;1;1;2;3;-28,21289363;-48,69940996;"SPRF-SC";"DEL02-SC";"UOP03-DEL02-SC"
199928;2019-03-29;"sexta-feira";"16:30:00";"PE";101;76,3;"RECIFE";"Falta de Atenção à Condução";"Saída de leito carroçável";"Com Vítimas Feridas";"Pleno dia";"Crescente";"Céu Claro";"Dupla";"Reta";"Sim";1;0;1;0;0;0;1;1;-8,122461;-34,943386;"SPRF-PE";"DEL01-PE";"UOP01-DEL01-PE"
199932;2019-03-29;"sexta-feira";"16:50:00";"BA";101;739,6;"ITABELA";"Velocidade Incompatível";"Saída de leito carroçável";"Com Vítimas Feridas";"Pleno dia";"Decrescente";"Nublado";"Simples";"Curva;Declive";"Não";2;0;1;1;0;0;2;1;-16,689233;-39,480426;"SPRF-BA";"DEL09-BA";"UOP01-DEL09-BA"
199935;2019-03-29;"sexta-feira";"17:20:00";"SP";381;82;"SAO PAULO";"Sinalização da via insuficiente ou inadequada";"Colisão lateral";"Com Vítimas Feridas";"Anoitecer";"Decrescente";"Céu Claro";"Dupla";"Reta";"Sim";2;0;1;0;1;0;1;2;-23,42399;-46,575112;"SPRF-SP";"DEL03-SP";"UOP01-DEL03-SP"
199936;2019-03-29;"sexta-feira";"19:00:00";"GO";153;235;"SAO LUIZ DO NORTE";"Defeito Mecânico no Veículo";"Saída de leito carroçável";"Sem Vítimas";"Plena Noite";"Crescente";"Céu Claro";"Simples";"Reta";"Não";2;0;0;0;1;1;0;2;-14,801251;-49,285381;"SPRF-GO";"DEL07-GO";"UOP02-DEL07-GO"
199946;2019-03-29;"sexta-feira";"18:50:00";"PB";101;75,2;"SANTA RITA";"Defeito na Via";"Tombamento";"Com Vítimas Feridas";"Plena Noite";"Crescente";"Chuva";"Dupla";"Curva;Declive";"Não";1;0;1;0;0;0;1;1;-7,08342296;-34,97202399;"SPRF-PB";"DEL01-PB";"UOP01-DEL01-PB"
199949;2019-03-29;"sexta-feira";"16:30:00";"MT";174;90,1;"CACERES";"Falta de Atenção à Condução";"Colisão lateral";"Sem Vítimas";"Pleno dia";"Decrescente";"Nublado";"Simples";"Reta";"Não";2;0;0;0;2;0;0;2;-15,90673513;-57,8088112;"SPRF-MT";"DEL03-MT";"UOP01-DEL03-MT"
199950;2019-03-29;"sexta-feira";"18:00:00";"SE";235;44,6;"ITABAIANA";"Falta de Atenção à Condução";"Colisão lateral";"Com Vítimas Feridas";"Plena Noite";"Crescente";"Céu Claro";"Simples";"Reta;Aclive";"Não";3;0;1;1;1;0;2;2;-10,75489;-37,394836;"SPRF-SE";"DEL01-SE";"UOP02-DEL01-SE"
199951;2019-03-29;"sexta-feira";"17:10:00";"MA";135;57;"BACABEIRA";"Ultrapassagem Indevida";"Colisão frontal";"Com Vítimas Feridas";"Pleno dia";"Decrescente";"Chuva";"Simples";"Reta";"Não";5;0;0;3;2;0;3;3;-3,025272;-44,31586402;"SPRF-MA";"DEL01-MA";"UOP02-DEL01-MA"
199952;2019-03-29;"sexta-feira";"08:00:00";"GO";20;44;"FORMOSA";"Condutor Dormindo";"Colisão frontal";"Sem Vítimas";"Pleno dia";"Crescente";"Céu Claro";"Simples";"Reta";"Não";3;0;0;0;2;1;0;3;-15,374446;-47,101234;"SPRF-DF";"DEL02-DF";"UOP01-DEL02-DF"
199953;2019-03-29;"sexta-feira";"19:10:00";"PR";376;641,8;"TIJUCAS DO SUL";"Velocidade Incompatível";"Saída de leito carroçável";"Sem Vítimas";"Plena Noite";"Crescente";"Garoa/Chuvisco";"Dupla";"Curva";"Não";2;0;0;0;1;2;0;3;-25,79034012;-49,12563183;"SPRF-PR";"DEL01-PR";"UOP04-DEL01-PR"
199964;2019-03-29;"sexta-feira";"17:50:00";"MG";381;903,3;"CAMBUI";"Velocidade Incompatível";"Colisão traseira";"Com Vítimas Fatais";"Pleno dia";"Decrescente";"Céu Claro";"Dupla";"Curva";"Não";8;1;4;0;2;2;4;7;-22,64619499;-46,08770549;"SPRF-MG";"DEL16-MG";"UOP03-DEL16-MG"
199965;2019-03-29;"sexta-feira";"14:00:00";"ES";262;81;"DOMINGOS MARTINS";"Desobediência às normas de trânsito pelo condutor";"Saída de leito carroçável";"Com Vítimas Feridas";"Pleno dia";"Crescente";"Nublado";"Simples";"Reta";"Não";2;0;1;0;0;1;1;2;-20,40766791;-40,94804886;"SPRF-ES";"DEL01-ES";"UOP02-DEL01-ES"
199971;2019-03-29;"sexta-feira";"16:00:00";"MT";163;608;"NOVA MUTUM";"Pista Escorregadia";"Colisão frontal";"Sem Vítimas";"Pleno dia";"Decrescente";"Chuva";"Simples";"Reta";"Não";3;0;0;0;2;2;0;4;-13,73838459;-56,04984283;"SPRF-MT";"DEL01-MT";"UOP01-DEL01-MT"
199975;2019-03-29;"sexta-feira";"15:30:00";"RS";285;670;"SAO BORJA";"Carga excessiva e/ou mal acondicionada";"Derramamento de carga";"Sem Vítimas";"Pleno dia";"Decrescente";"Céu Claro";"Simples";"Reta";"Não";2;0;0;0;1;1;0;2;-28,669565;-55,95982;"SPRF-RS";"DEL12-RS";"UOP01-DEL12-RS"
199990;2019-03-29;"sexta-feira";"16:50:00";"SC";101;219;"PALHOCA";"Falta de Atenção à Condução";"Colisão traseira";"Com Vítimas Feridas";"Pleno dia";"Crescente";"Nublado";"Múltipla";"Reta";"Não";2;0;0;1;1;0;1;2;-27,68392194;-48,66710085;"SPRF-SC";"DEL01-SC";"UOP02-DEL01-SC"
199994;2019-03-29;"sexta-feira";"21:20:00";"RJ";356;61;"ITAPERUNA";"Falta de Atenção à Condução";"Derramamento de carga";"Sem Vítimas";"Plena Noite";"Decrescente";"Céu Claro";"Simples";"Reta";"Não";1;0;0;0;1;0;0;1;-21,31606803;-41,70737964;"SPRF-RJ";"DEL08-RJ";"UOP03-DEL08-RJ"
199999;2019-03-29;"sexta-feira";"22:00:00";"PR";116;99;"PIRAQUARA";"Falta de Atenção do Pedestre";"Atropelamento de Pedestre";"Com Vítimas Fatais";"Plena Noite";"Crescente";"Céu Claro";"Dupla";"Reta";"Não";2;1;0;0;1;0;0;2;-25,5267129;-49,1405707;"SPRF-PR";"DEL01-PR";"UOP07-DEL01-PR"
200004;2019-03-29;"sexta-feira";"22:45:00";"BA";324;615,7;"SALVADOR";"Falta de Atenção à Condução";"Colisão traseira";"Com Vítimas Feridas";"Plena Noite";"Crescente";"Céu Claro";"Dupla";"Aclive";"Sim";2;0;1;0;1;0;1;2;-12,87206398;-38,42746403;"SPRF-BA";"DEL01-BA";"UOP01-DEL01-BA"
200011;2019-03-30;"sábado";"00:40:00";"RS";392;66;"PELOTAS";"Desobediência às normas de trânsito pelo condutor";"Colisão frontal";"Com Vítimas Feridas";"Plena Noite";"Crescente";"Céu Claro";"Simples";"Reta";"Sim";6;0;1;0;4;1;1;3;-31,7627503;-52,39165019;"SPRF-RS";"DEL07-RS";"UOP01-DEL07-RS"
200016;2019-03-29;"sexta-feira";"19:40:00";"PB";230;156,3;"CAMPINA GRANDE";"Mal Súbito";"Saída de leito carroçável";"Com Vítimas Feridas";"Plena Noite";"Crescente";"Céu Claro";"Simples";"Reta";"Sim";1;0;1;0;0;0;1;1;-7,2693;-35,9138;"SPRF-PB";"DEL02-PB";"UOP01-DEL02-PB"
200017;2019-03-30;"sábado";"02:00:00";"RJ";101;309;"SAO GONCALO";"Não guardar distância de segurança";"Colisão traseira";"Com Vítimas Feridas";"Plena Noite";"Decrescente";"Nublado";"Dupla";"Reta";"Sim";2;0;0;1;1;0;1;2;-22,79498873;-43,03446105;"SPRF-RJ";"DEL02-RJ";"DEL5/2-UOP04/RJ"
200019;2019-03-30;"sábado";"01:00:00";"SC";280;51,5;"GUARAMIRIM";"Falta de Atenção à Condução";"Colisão frontal";"Com Vítimas Feridas";"Plena Noite";"Decrescente";"Garoa/Chuvisco";"Simples";"Reta";"Não";5;0;3;2;0;0;5;2;-26,46538871;-48,95544449;"SPRF-SC";"DEL03-SC";"UOP03-DEL03-SC"
200021;2019-03-30;"sábado";"03:10:00";"MG";381;519,8;"IGARAPE";"Condutor Dormindo";"Colisão traseira";"Com Vítimas Feridas";"Plena Noite";"Decrescente";"Céu Claro";"Dupla";"Reta";"Não";2;0;1;0;1;0;1;2;-20,12834104;-44,30330781;"SPRF-MG";"DEL01-MG";"UOP03-DEL01-MG"
200028;2019-03-30;"sábado";"03:00:00";"PR";163;123,6;"REALEZA";"Falta de Atenção à Condução";"Tombamento";"Com Vítimas Feridas";"Plena Noite";"Decrescente";"Céu Claro";"Simples";"Interseção de Vias";"Não";2;0;0;1;0;1;1;2;-25,60437915;-53,56315613;"SPRF-PR";"DEL02-PR";"UOP02-DEL02-PR"
200030;2019-03-30;"sábado";"03:40:00";"SP";116;222,2;"GUARULHOS";"Ingestão de Álcool";"Colisão lateral";"Sem Vítimas";"Plena Noite";"Decrescente";"Nublado";"Múltipla";"Reta";"Sim";2;0;0;0;1;1;0;2;-23,47093408;-46,51631097;"SPRF-SP";"DEL01-SP";"UOP01-DEL01-SP"
200035;2019-03-30;"sábado";"05:10:00";"ES";262;6;"CARIACICA";"Desobediência às normas de trânsito pelo condutor";"Colisão frontal";"Sem Vítimas";"Pleno dia";"Decrescente";"Céu Claro";"Múltipla";"Reta";"Sim";2;0;0;0;2;0;0;2;-20,34007493;-40,39451305;"SPRF-ES";"DEL01-ES";"UOP01-DEL01-ES"
200038;2019-03-30;"sábado";"04:50:00";"PI";343;321;"ALTOS";"Falta de Atenção à Condução";"Colisão lateral";"Com Vítimas Feridas";"Amanhecer";"Crescente";"Céu Claro";"Simples";"Reta";"Não";3;0;0;1;1;1;1;3;-5,051889;-42,57745;"SPRF-PI";"DEL01-PI";"UOP01-DEL01-PI"
200045;2019-03-30;"sábado";"06:35:00";"TO";153;129,8;"WANDERLANDIA";"Condutor Dormindo";"Colisão frontal";"Com Vítimas Fatais";"Pleno dia";"Decrescente";"Céu Claro";"Simples";"Curva";"Não";2;1;0;0;1;0;0;2;-7,08893865;-48,16292616;"SPRF-TO";"DEL02-TO";"UOP01-DEL02-TO"
200046;2019-03-30;"sábado";"06:15:00";"CE";116;17;"EUSEBIO";"Desobediência às normas de trânsito pelo condutor";"Colisão transversal";"Sem Vítimas";"Pleno dia";"Crescente";"Céu Claro";"Dupla";"Reta;Aclive";"Sim";3;0;0;0;2;1;0;3;-3,89617918;-38,50336042;"SPRF-CE";"DEL01-CE";"UOP02-DEL01-CE"
200048;2019-03-29;"sexta-feira";"23:45:00";"RS";472;478,2;"ITAQUI";"Ingestão de Álcool";"Saída de leito carroçável";"Com Vítimas Feridas";"Plena Noite";"Decrescente";"Céu Claro";"Simples";"Reta";"Não";1;0;1;0;0;0;1;1;-29,16685209;-56,48483276;"SPRF-RS";"DEL12-RS";"UOP01-DEL12-RS"
200053;2019-03-30;"sábado";"07:00:00";"ES";101;285,5;"CARIACICA";"Falta de Atenção à Condução";"Colisão traseira";"Com Vítimas Feridas";"Pleno dia";"Crescente";"Céu Claro";"Dupla";"Aclive;Reta";"Sim";3;0;2;0;1;0;2;2;-20,25148171;-40,37270066;"SPRF-ES";"DEL01-ES";"UOP01-DEL01-ES"
200054;2019-03-30;"sábado";"07:00:00";"GO";60;192,9;"GUAPO";"Defeito na Via";"Capotamento";"Sem Vítimas";"Pleno dia";"Decrescente";"Céu Claro";"Dupla";"Reta";"Não";1;0;0;0;1;0;0;1;-16,8429;-49,5503;"SPRF-GO";"DEL01-GO";"UOP02-DEL01-GO"
200055;2019-03-30;"sábado";"07:15:00";"SP";116;210,2;"GUARULHOS";"Falta de Atenção à Condução";"Colisão lateral";"Com Vítimas Feridas";"Pleno dia";"Crescente";"Céu Claro";"Dupla";"Reta";"Não";2;0;1;0;0;1;1;2;-23,42991803;-46,41408205;"SPRF-SP";"DEL01-SP";"UOP01-DEL01-SP"
200059;2019-03-30;"sábado";"08:00:00";"PE";232;97;"BEZERROS";"Condutor Dormindo";"Colisão traseira";"Com Vítimas Feridas";"Pleno dia";"Crescente";"Garoa/Chuvisco";"Dupla";"Reta";"Não";3;0;1;0;2;0;1;2;-8,23379718;-35,71628894;"SPRF-PE";"DEL01-PE";"UOP02-DEL02PE"
200060;2019-03-29;"sexta-feira";"20:30:00";"SC";282;72;"RANCHO QUEIMADO";"Velocidade Incompatível";"Colisão frontal";"Com Vítimas Feridas";"Plena Noite";"Decrescente";"Chuva";"Simples";"Curva";"Não";2;0;1;0;1;0;1;2;-27,683439;-49,105259;"SPRF-SC";"DEL01-SC";"UOP03-DEL01-SC"
200061;2019-03-30;"sábado";"06:20:00";"BA";116;922,5;"ENCRUZILHADA";"Falta de Atenção à Condução";"Colisão traseira";"Sem Vítimas";"Pleno dia";"Crescente";"Céu Claro";"Simples";"Reta";"Não";3;0;0;0;2;1;0;3;-15,523232;-41,243477;"SPRF-BA";"DEL08-BA";"UOP03-DEL08-BA"
200064;2019-03-02;"sábado";"07:40:00";"MG";262;716,1;"ARAXA";"Ingestão de álcool e/ou substâncias psicoativas pelo pedestre";"Saída de leito carroçável";"Com Vítimas Feridas";"Pleno dia";"Crescente";"Chuva";"Simples";"Reta";"Não";2;0;1;0;0;1;1;2;-19,60792077;-47,15801066;"SPRF-MG";"DEL08-MG";"UOP01-DEL08-MG"
200067;2019-03-30;"sábado";"08:10:00";"RS";116;513,9;"PELOTAS";"Falta de Atenção à Condução";"Colisão transversal";"Com Vítimas Feridas";"Pleno dia";"Decrescente";"Céu Claro";"Simples";"Interseção de Vias";"Não";2;0;1;0;1;0;1;2;-31,64313197;-52,33497415;"SPRF-RS";"DEL07-RS";"UOP01-DEL07-RS"
200070;2019-03-30;"sábado";"09:20:00";"ES";101;419,1;"CACHOEIRO DE ITAPEMIRIM";"Falta de Atenção à Condução";"Colisão com objeto em movimento";"Com Vítimas Feridas";"Pleno dia";"Crescente";"Céu Claro";"Simples";"Curva";"Não";2;0;1;0;0;1;1;2;-20,95924919;-41,10118693;"SPRF-ES";"DEL03-ES";"UOP02-DEL03-ES"
200071;2019-03-30;"sábado";"08:45:00";"CE";222;153;"IRAUCUBA";"Falta de Atenção à Condução";"Colisão transversal";"Com Vítimas Feridas";"Pleno dia";"Decrescente";"Nublado";"Simples";"Reta";"Não";2;0;0;1;1;0;1;2;-3,73604265;-39,81449294;"SPRF-CE";"DEL04-CE";"UOP03-DEL04-CE"
200074;2019-03-30;"sábado";"06:00:00";"MS";60;515,7;"NIOAQUE";"Velocidade Incompatível";"Saída de leito carroçável";"Com Vítimas Fatais";"Amanhecer";"Crescente";"Céu Claro";"Simples";"Curva;Declive";"Não";2;1;0;0;0;1;0;2;-21,17732695;-55,628235;"SPRF-MS";"DEL05-MS";"UOP01-DEL05-MS"
200079;2019-03-30;"sábado";"09:10:00";"PR";116;181;"CAMPO DO TENENTE";"Defeito Mecânico no Veículo";"Saída de leito carroçável";"Sem Vítimas";"Pleno dia";"Crescente";"Céu Claro";"Simples";"Reta";"Não";1;0;0;0;1;0;0;1;-25,90843967;-49,58233507;"SPRF-PR";"DEL01-PR";"UOP03-DEL01-PR"
200082;2019-03-30;"sábado";"09:30:00";"MG";381;363;"JOAO MONLEVADE";"Velocidade Incompatível";"Tombamento";"Com Vítimas Feridas";"Pleno dia";"Crescente";"Céu Claro";"Simples";"Curva";"Não";2;0;2;0;0;0;2;1;-19,85130197;-43,24808594;"SPRF-MG";"DEL03-MG";"UOP01-DEL03-MG"
200084;2019-03-30;"sábado";"09:35:00";"RO";364;330;"JI-PARANA";"Desobediência às normas de trânsito pelo condutor";"Colisão lateral";"Com Vítimas Feridas";"Pleno dia";"Crescente";"Céu Claro";"Simples";"Reta";"Não";6;0;1;1;3;1;2;3;-10,984673;-61,9171;"SPRF-RO";"DEL02-RO";"UOP01-DEL02-RO"
200086;2019-03-30;"sábado";"09:50:00";"SP";116;317,8;"JUQUITIBA";"Falta de Atenção à Condução";"Colisão traseira";"Com Vítimas Feridas";"Pleno dia";"Crescente";"Céu Claro";"Dupla";"Reta";"Sim";5;0;1;0;3;2;1;4;-23,92245308;-46,99243069;"SPRF-SP";"DEL04-SP";"UOP03-DEL04-SP"
200094;2019-03-30;"sábado";"08:10:00";"RS";153;45,6;"ERECHIM";"Velocidade Incompatível";"Colisão frontal";"Com Vítimas Feridas";"Pleno dia";"Crescente";"Céu Claro";"Simples";"Curva";"Não";3;0;0;1;1;1;1;3;-27,63214303;-52,23626162;"SPRF-RS";"DEL08-RS";"UOP04-DEL08-RS"
200098;2019-03-30;"sábado";"09:29:00";"RJ";40;113;"DUQUE DE CAXIAS";"Falta de Atenção à Condução";"Colisão traseira";"Com Vítimas Feridas";"Pleno dia";"Crescente";"Céu Claro";"Múltipla";"Reta";"Sim";4;0;1;0;2;1;1;3;-22,70948502;-43,29040354;"SPRF-RJ";"DEL01-RJ";"UOP01-DEL01-RJ"
200100;2019-03-30;"sábado";"09:30:00";"AL";423;22,8;"CANAPI";"Falta de Atenção à Condução";"Tombamento";"Sem Vítimas";"Pleno dia";"Decrescente";"Chuva";"Simples";"Reta";"Não";3;0;0;0;3;0;0;1;-9,18236527;-37,48030491;"SPRF-AL";"DEL03-AL";"UOP02-DEL03-AL"
200108;2019-03-30;"sábado";"11:10:00";"RS";153;3,9;"MARCELINO RAMOS";"Ultrapassagem Indevida";"Colisão frontal";"Com Vítimas Feridas";"Pleno dia";"Crescente";"Céu Claro";"Simples";"Curva";"Não";4;0;0;1;2;1;1;4;-27,39202692;-52,00953309;"SPRF-RS";"DEL08-RS";"UOP04-DEL08-RS"
200109;2019-03-30;"sábado";"10:15:00";"MG";381;596,5;"CARMOPOLIS DE MINAS";"Falta de Atenção à Condução";"Colisão lateral";"Sem Vítimas";"Pleno dia";"Decrescente";"Céu Claro";"Dupla";"Reta;Declive";"Não";3;0;0;0;2;1;0;3;-20,58324328;-44,69193041;"SPRF-MG";"DEL04-MG";"UOP01-DEL04-MG"
200110;2019-03-30;"sábado";"07:00:00";"MG";381;839;"SAO SEBASTIAO DA BELA VISTA";"Desobediência às normas de trânsito pelo condutor";"Saída de leito carroçável";"Sem Vítimas";"Pleno dia";"Decrescente";"Ignorado";"Dupla";"Reta";"Não";9;0;0;0;8;2;0;4;-22,19834327;-45,85343083;"SPRF-MG";"DEL16-MG";"UOP01-DEL16-MG"
200113;2019-03-30;"sábado";"12:50:00";"MG";40;603,5;"CONGONHAS";"Velocidade Incompatível";"Colisão com objeto estático";"Com Vítimas Fatais";"Pleno dia";"Decrescente";"Céu Claro";"Simples";"Curva;Declive";"Não";6;4;1;1;0;0;2;2;-20,45222799;-43,84086796;"SPRF-MG";"DEL05-MG";"UOP02-DEL05-MG"
200116;2019-03-30;"sábado";"11:50:00";"MG";381;489;"BETIM";"Falta de Atenção à Condução";"Colisão traseira";"Sem Vítimas";"Pleno dia";"Decrescente";"Céu Claro";"Simples";"Reta";"Sim";3;0;0;0;2;1;0;3;-19,96245618;-44,16455495;"SPRF-MG";"DEL01-MG";"UOP03-DEL01-MG"
200119;2019-03-30;"sábado";"10:10:00";"MS";163;485,5;"CAMPO GRANDE";"Falta de Atenção à Condução";"Engavetamento";"Sem Vítimas";"Pleno dia";"Decrescente";"Céu Claro";"Simples";"Reta";"Sim";4;0;0;0;3;1;0;4;-20,44233707;-54,54201834;"SPRF-MS";"DEL01-MS";"UOP02-DEL01-MS"
200133;2019-03-30;"sábado";"13:50:00";"MG";262;823,5;"UBERABA";"Velocidade Incompatível";"Colisão traseira";"Com Vítimas Fatais";"Pleno dia";"Crescente";"Sol";"Dupla";"Reta";"Não";3;1;0;1;1;0;1;2;-19,76282638;-48,10295105;"SPRF-MG";"DEL13-MG";"UOP01-DEL13-MG"
200137;2019-03-30;"sábado";"14:25:00";"RS";116;507,4;"PELOTAS";"Falta de Atenção à Condução";"Colisão frontal";"Com Vítimas Feridas";"Pleno dia";"Decrescente";"Nublado";"Simples";"Reta";"Não";4;0;1;2;1;0;3;3;-31,60227796;-52,29404104;"SPRF-RS";"DEL07-RS";"UOP01-DEL07-RS"
200144;2019-03-30;"sábado";"14:30:00";"SC";101;198;"BIGUACU";"Avarias e/ou desgaste excessivo no pneu";"Colisão traseira";"Com Vítimas Feridas";"Pleno dia";"Crescente";"Céu Claro";"Múltipla";"Declive";"Sim";4;0;0;1;2;2;1;5;-27,52658712;-48,63506019;"SPRF-SC";"DEL01-SC";"UOP01-DEL01-SC"
200146;2019-03-30;"sábado";"15:00:00";"RS";116;246,7;"SAO LEOPOLDO";"Falta de Atenção do Pedestre";"Atropelamento de Pedestre";"Com Vítimas Feridas";"Pleno dia";"Crescente";"Céu Claro";"Dupla";"Ponte";"Não";4;0;0;1;1;2;1;2;-29,758751;-51,15186806;"SPRF-RS";"DEL01-RS";"UOP02-DEL01-RS"
200148;2019-03-30;"sábado";"10:40:00";"BA";242;375;"PALMEIRAS";"Ingestão de Álcool";"Tombamento";"Com Vítimas Feridas";"Pleno dia";"Decrescente";"Céu Claro";"Simples";"Curva";"Não";2;0;0;1;0;2;1;3;-12,43548598;-41,49192602;"SPRF-BA";"DEL06-BA";"UOP01-DEL06-BA"
200150;2019-03-30;"sábado";"13:15:00";"SP";116;401,5;"MIRACATU";"Falta de Atenção à Condução";"Saída de leito carroçável";"Com Vítimas Feridas";"Pleno dia";"Crescente";"Nublado";"Dupla";"Reta";"Não";1;0;1;0;0;0;1;1;-24,31221583;-47,5160408;"SPRF-SP";"DEL04-SP";"UOP02-DEL04-SP"
200153;2019-03-30;"sábado";"14:30:00";"PA";316;69;"CASTANHAL";"Condutor Dormindo";"Colisão lateral";"Com Vítimas Fatais";"Pleno dia";"Crescente";"Céu Claro";"Simples";"Reta";"Não";7;1;2;1;2;4;3;7;-1,29277675;-47,87507708;"SPRF-PA";"DEL01-PA";"UOP01-DEL01-PA"
200156;2019-03-30;"sábado";"13:30:00";"RO";364;604;"ITAPUA DO OESTE";"Desobediência às normas de trânsito pelo condutor";"Colisão lateral";"Com Vítimas Feridas";"Pleno dia";"Crescente";"Céu Claro";"Simples";"Curva";"Sim";4;0;1;1;2;0;2;2;-9,19212253;-63,18883452;"SPRF-RO";"DEL03-RO";"UOP04-DEL01-RO"