"id";"data_inversa";"dia_semana";"horario";"uf";"br";"km";"municipio";"causa_acidente";"tipo_acidente";"classificacao_acidente";"fase_dia";"sentido_via";"condicao_metereologica";"tipo_pista";"tracado_via";"uso_solo";"pessoas";"mortos";"feridos_leves";"feridos_graves";"ilesos";"ignorados";"feridos";"veiculos";"latitude";"longitude";"regional";"delegacia";"uop"
200159;2019-03-30;"sábado";"13:30:00";"MG";116;585,3;"MANHUACU";"Velocidade Incompatível";"Colisão lateral";"Sem Vítimas";"Pleno dia";"Crescente";"Céu Claro";"Simples";"Curva";"Não";3;0;0;0;2;3;0;5;-20,22987753;-42,17260057;"SPRF-MG";"DEL06-MG";"UOP03-DEL06-MG"
200161;2019-03-30;"sábado";"15:45:00";"MG";251;496;"FRANCISCO SA";"Ingestão de Álcool";"Saída de leito carroçável";"Com Vítimas Feridas";"Pleno dia";"Decrescente";"Céu Claro";"Simples";"Aclive;Reta";"Não";2;0;1;0;0;1;1;2;-16,56915479;-43,62221124;"SPRF-MG";"DEL12-MG";"UOP01-DEL12-MG"
200163;2019-03-30;"sábado";"09:30:00";"PA";163;335,9;"NOVO PROGRESSO";"Falta de Atenção à Condução";"Colisão com objeto estático";"Sem Vítimas";"Pleno dia";"Decrescente";"Garoa/Chuvisco";"Simples";"Reta";"Não";1;0;0;0;1;0;0;1;-6,85401645;-55,45803321;"SPRF-PA";"DEL05-PA";"UOP01-DEL05-PA"
200164;2019-03-30;"sábado";"16:30:00";"SP";116;561,3;"BARRA DO TURVO";"Velocidade Incompatível";"Tombamento";"Sem Vítimas";"Pleno dia";"Decrescente";"Céu Claro";"Dupla";"Curva";"Não";2;0;0;0;1;1;0;2;-25,02045097;-48,51586004;"SPRF-SP";"DEL05-SP";"UOP02-DEL05-SP"
200184;2019-03-30;"sábado";"19:30:00";"PE";101;136;"ESCADA";"Carga excessiva e/ou mal acondicionada";"Tombamento";"Sem Vítimas";"Anoitecer";"Decrescente";"Chuva";"Dupla";"Curva;Declive";"Não";1;0;0;0;1;0;0;1;-8,41439454;-35,3044618;"SPRF-PE";"DEL01-PE";"UOP03-DEL01-PE"
200187;2019-03-30;"sábado";"17:18:00";"MA";135;6,9;"SAO LUIS";"Falta de Atenção à Condução";"Queda de ocupante de veículo";"Com Vítimas Feridas";"Pleno dia";"Crescente";"Chuva";"Dupla";"Reta";"Sim";2;0;1;0;1;0;1;2;-2,62877986;-44,26321818;"SPRF-MA";"DEL01-MA";"UOP01-DEL01-MA"
200193;2019-03-30;"sábado";"19:10:00";"MG";365;344;"VARJAO DE MINAS";"Falta de Atenção à Condução";"Colisão traseira";"Com Vítimas Feridas";"Plena Noite";"Decrescente";"Céu Claro";"Simples";"Reta";"Não";3;0;1;0;1;1;1;3;-18,31606807;-45,981434;"SPRF-MG";"DEL10-MG";"UOP01-DEL10-MG"
200198;2019-03-30;"sábado";"18:30:00";"PE";316;0,7;"ARARIPINA";"Ingestão de Álcool";"Colisão transversal";"Com Vítimas Fatais";"Plena Noite";"Crescente";"Nublado";"Simples";"Reta";"Sim";2;1;0;0;1;0;0;2;-7,446132;-40,66125;"SPRF-PE";"DEL05-PE";"UOP02-DEL05-PE"
200204;2019-03-30;"sábado";"09:20:00";"MS";163;258;"DOURADOS";"Falta de Atenção à Condução";"Colisão transversal";"Com Vítimas Feridas";"Pleno dia";"Decrescente";"Céu Claro";"Dupla";"Rotatória";"Sim";2;0;1;0;1;0;1;2;-22,25813502;-54,78240788;"SPRF-MS";"DEL04-MS";"UOP01-DEL04-MS"
200205;2019-03-30;"sábado";"18:50:00";"MT";174;28,3;"VILA BELA DA SANTISSIMA TRINDADE";"Desobediência às normas de trânsito pelo condutor";"Colisão frontal";"Com Vítimas Fatais";"Anoitecer";"Crescente";"Céu Claro";"Simples";"Curva";"Não";3;1;0;0;2;0;0;2;-15,15163;-59,51484;"SPRF-MT";"DEL03-MT";"UOP01-DEL03-MT"
200208;2019-03-30;"sábado";"20:00:00";"MG";116;646;"FERVEDOURO";"Desobediência às normas de trânsito pelo condutor";"Colisão transversal";"Com Vítimas Feridas";"Plena Noite";"Crescente";"Nublado";"Simples";"Reta";"Não";6;0;4;0;1;2;4;4;-20,687344;-42,273285;"SPRF-MG";"DEL07-MG";"UOP03-DEL07-MG"
200236;2019-03-30;"sábado";"18:15:00";"RS";480;67,3;"BARAO DE COTEGIPE";"Mal Súbito";"Saída de leito carroçável";"Com Vítimas Feridas";"Plena Noite";"Decrescente";"Céu Claro";"Simples";"Curva";"Não";1;0;0;1;0;0;1;1;-27,63591639;-52,35183318;"SPRF-RS";"DEL08-RS";"UOP04-DEL08-RS"
200242;2019-03-30;"sábado";"23:10:00";"CE";116;344,9;"ICO";"Falta de Atenção à Condução";"Saída de leito carroçável";"Com Vítimas Fatais";"Plena Noite";"Crescente";"Chuva";"Simples";"Reta";"Não";1;1;0;0;0;0;0;1;-6,2137486;-38,66731329;"SPRF-CE";"DEL05-CE";"UOP02-DEL05-CE"
200247;2019-03-30;"sábado";"18:40:00";"MT";70;512;"VARZEA GRANDE";"Ingestão de álcool e/ou substâncias psicoativas pelo pedestre";"Colisão lateral";"Sem Vítimas";"Plena Noite";"Decrescente";"Céu Claro";"Simples";"Reta";"Não";4;0;0;0;2;2;0;4;-15,71295073;-56,13464355;"SPRF-MT";"DEL01-MT";"DEL2/4-UOP02/MT"
200249;2019-03-30;"sábado";"18:55:00";"RS";392;207;"SANTANA DA BOA VISTA";"Velocidade Incompatível";"Colisão frontal";"Com Vítimas Fatais";"Anoitecer";"Decrescente";"Chuva";"Simples";"Curva";"Não";5;1;0;2;1;3;2;5;-30,82849298;-53,17127764;"SPRF-RS";"DEL09-RS";"UOP02-DEL09-RS"
200250;2019-03-30;"sábado";"23:40:00";"PR";373;216,4;"IMBITUVA";"Falta de Atenção à Condução";"Colisão transversal";"Com Vítimas Fatais";"Plena Noite";"Crescente";"Céu Claro";"Simples";"Reta";"Não";4;1;0;1;1;2;1;4;-25,15715795;-50,54211301;"SPRF-PR";"DEL03-PR";"UOP01-DEL03-PR"
200261;2019-03-30;"sábado";"21:35:00";"SC";282;580,9;"PINHALZINHO";"Falta de Atenção à Condução";"Colisão frontal";"Com Vítimas Fatais";"Plena Noite";"Decrescente";"Céu Claro";"Simples";"Reta;Aclive";"Sim";4;2;0;0;2;0;0;3;-26,832148;-52,994308;"SPRF-SC";"DEL07-SC";"UOP02-DEL07-SC"
200265;2019-03-30;"sábado";"18:40:00";"MT";364;393;"CUIABA";"Desobediência às normas de trânsito pelo condutor";"Colisão frontal";"Com Vítimas Feridas";"Plena Noite";"Decrescente";"Ignorado";"Simples";"Reta";"Não";4;0;0;2;1;2;2;4;-15,68449068;-55,91805166;"SPRF-MT";"DEL02-MT";"UOP02-DEL01-MT"
200267;2019-03-30;"sábado";"22:00:00";"SC";280;6;"SAO FRANCISCO DO SUL";"Falta de Atenção à Condução";"Colisão transversal";"Com Vítimas Feridas";"Plena Noite";"Decrescente";"Nublado";"Simples";"Reta";"Sim";2;0;0;1;1;0;1;2;-26,26836494;-48,63748312;"SPRF-SC";"DEL03-SC";"UOP03-DEL03-SC"
200281;2019-03-31;"domingo";"03:00:00";"BA";116;433,2;"FEIRA DE SANTANA";"Desobediência às normas de trânsito pelo condutor";"Saída de leito carroçável";"Sem Vítimas";"Plena Noite";"Decrescente";"Céu Claro";"Dupla";"Curva";"Não";2;0;0;0;1;2;0;3;-12,30244872;-39,04082987;"SPRF-BA";"DEL02-BA";"UOP01-DEL02-BA"
200295;2019-03-31;"domingo";"03:51:00";"ES";101;320;"GUARAPARI";"Não guardar distância de segurança";"Colisão traseira";"Com Vítimas Feridas";"Amanhecer";"Crescente";"Céu Claro";"Simples";"Reta";"Sim";3;0;1;0;1;2;1;4;-20,51234104;-40,47639192;"SPRF-ES";"DEL03-ES";"UOP01-DEL03-ES"
200303;2019-03-31;"domingo";"06:51:00";"RN";304;42,8;"MOSSORO";"Pista Escorregadia";"Saída de leito carroçável";"Com Vítimas Feridas";"Pleno dia";"Crescente";"Chuva";"Dupla";"Curva";"Sim";1;0;1;0;0;0;1;1;-5,21278093;-37,37221494;"SPRF-RN";"DEL04-RN";"UOP01-DEL04-RN"
200304;2019-03-31;"domingo";"05:10:00";"CE";222;121;"ITAPAJE";"Ingestão de Álcool";"Colisão frontal";"Com Vítimas Feridas";"Amanhecer";"Decrescente";"Nublado";"Simples";"Curva";"Não";2;0;0;1;1;0;1;2;-3,70701491;-39,56968688;"SPRF-CE";"DEL04-CE";"UOP03-DEL04-CE"
200308;2019-03-31;"domingo";"06:00:00";"BA";242;856,9;"BARREIRAS";"Falta de Atenção à Condução";"Colisão frontal";"Com Vítimas Fatais";"Amanhecer";"Crescente";"Sol";"Simples";"Reta";"Não";3;1;0;0;1;2;0;4;-12,10143703;-45,342871;"SPRF-BA";"DEL10-BA";"UOP01-DEL10-BA"
200317;2019-03-31;"domingo";"05:00:00";"SP";116;151,8;"SAO JOSE DOS CAMPOS";"Falta de Atenção à Condução";"Colisão traseira";"Com Vítimas Feridas";"Plena Noite";"Crescente";"Céu Claro";"Dupla";"Aclive";"Sim";2;0;1;0;1;0;1;2;-23,21980694;-45,89991605;"SPRF-SP";"DEL02-SP";"UOP01-DEL02-SP"
200322;2019-03-31;"domingo";"08:45:00";"SC";470;158,4;"TROMBUDO CENTRAL";"Velocidade Incompatível";"Colisão transversal";"Sem Vítimas";"Pleno dia";"Decrescente";"Nublado";"Simples";"Interseção de Vias";"Não";3;0;0;0;2;2;0;4;-27,287016;-49,778389;"SPRF-SC";"DEL04-SC";"UOP02-DEL04-SC"
200332;2019-03-31;"domingo";"11:05:00";"MG";40;474,5;"SETE LAGOAS";"Falta de Atenção à Condução";"Colisão lateral";"Sem Vítimas";"Pleno dia";"Crescente";"Céu Claro";"Dupla";"Aclive";"Não";3;0;0;0;2;1;0;3;-19,49804878;-44,27929974;"SPRF-MG";"DEL02-MG";"UOP01-DEL02-MG"
200339;2019-03-31;"domingo";"12:45:00";"ES";262;38,9;"DOMINGOS MARTINS";"Defeito Mecânico no Veículo";"Colisão com objeto em movimento";"Com Vítimas Feridas";"Pleno dia";"Decrescente";"Nublado";"Simples";"Reta";"Não";3;0;0;1;1;1;1;2;-20,38085315;-40,62068704;"SPRF-ES";"DEL01-ES";"UOP01-DEL01-ES"
200341;2019-03-31;"domingo";"11:30:00";"MG";40;487;"CAPIM BRANCO";"Falta de Atenção à Condução";"Colisão traseira";"Sem Vítimas";"Pleno dia";"Decrescente";"Céu Claro";"Múltipla";"Reta";"Não";2;0;0;0;2;0;0;2;-19,59896404;-44,22303708;"SPRF-MG";"DEL02-MG";"UOP01-DEL02-MG"
200345;2019-03-31;"domingo";"13:06:00";"SP";116;101,3;"PINDAMONHANGABA";"Falta de Atenção à Condução";"Colisão lateral";"Com Vítimas Feridas";"Pleno dia";"Crescente";"Céu Claro";"Dupla";"Reta";"Não";3;0;1;0;2;0;1;2;-22,99074204;-45,48115098;"SPRF-SP";"DEL06-SP";"UOP01-DEL06-SP"
200349;2019-03-31;"domingo";"10:55:00";"MG";116;530,3;"CARATINGA";"Falta de Atenção à Condução";"Colisão com objeto estático";"Sem Vítimas";"Pleno dia";"Crescente";"Céu Claro";"Simples";"Curva";"Não";1;0;0;0;1;0;0;1;-19,79997869;-42,13874817;"SPRF-MG";"DEL06-MG";"UOP02-DEL06-MG"
200350;2019-01-30;"quarta-feira";"21:30:00";"BA";242;137;"RAFAEL JAMBEIRO";"Falta de Atenção à Condução";"Colisão com objeto estático";"Com Vítimas Feridas";"Plena Noite";"Crescente";"Chuva";"Simples";"Reta";"Não";1;0;0;1;0;0;1;1;-12,583307;-39,52112;"SPRF-BA";"DEL01-BA";"UOP02-DEL01-BA"
200365;2019-03-31;"domingo";"15:00:00";"PE";101;80,6;"JABOATAO DOS GUARARAPES";"Falta de Atenção à Condução";"Colisão frontal";"Com Vítimas Feridas";"Pleno dia";"Crescente";"Nublado";"Simples";"Reta";"Não";3;0;0;1;1;2;1;4;-8,15112589;-34,9428866;"SPRF-PE";"DEL01-PE";"UOP03-DEL01-PE"
200377;2019-03-18;"segunda-feira";"09:45:00";"PB";101;122,5;"CAAPORA";"Falta de Atenção à Condução";"Colisão traseira";"Com Vítimas Feridas";"Pleno dia";"Crescente";"Chuva";"Dupla";"Curva;Declive";"Não";4;0;1;0;2;1;1;3;-7,44758171;-34,97909546;"SPRF-PB";"DEL01-PB";"UOP01-DEL01-PB"
200385;2019-03-31;"domingo";"15:30:00";"BA";242;896;"LUIS EDUARDO MAGALHAES";"Falta de Atenção à Condução";"Tombamento";"Com Vítimas Feridas";"Pleno dia";"Crescente";"Sol";"Simples";"Reta";"Não";2;0;0;1;0;1;1;2;-12,10549081;-45,9051168;"SPRF-BA";"DEL10-BA";"UOP01-DEL10-BA"
200425;2019-03-31;"domingo";"19:20:00";"MG";381;506;"BETIM";"Falta de Atenção à Condução";"Colisão traseira";"Com Vítimas Feridas";"Plena Noite";"Decrescente";"Céu Claro";"Dupla";"Reta";"Sim";4;0;1;0;3;0;1;3;-20,05039397;-44,27962502;"SPRF-MG";"DEL01-MG";"UOP03-DEL01-MG"
200432;2019-03-31;"domingo";"20:10:00";"SC";470;85,9;"RODEIO";"Ultrapassagem Indevida";"Colisão frontal";"Com Vítimas Fatais";"Plena Noite";"Decrescente";"Nublado";"Simples";"Reta";"Não";2;1;0;0;1;0;0;2;-26,956114;-49,350414;"SPRF-SC";"DEL04-SC";"UOP01-DEL04-SC"
200438;2019-03-31;"domingo";"19:25:00";"MG";50;54,2;"ARAGUARI";"Carga excessiva e/ou mal acondicionada";"Colisão com objeto estático";"Sem Vítimas";"Plena Noite";"Crescente";"Céu Claro";"Dupla";"Curva;Declive";"Não";2;0;0;0;1;2;0;3;-18,76664393;-48,24409132;"SPRF-MG";"DEL15-MG";"UOP02-DEL15-MG"
200441;2019-03-31;"domingo";"15:20:00";"MG";251;198,7;"CACHOEIRA DE PAJEU";"Defeito Mecânico no Veículo";"Saída de leito carroçável";"Com Vítimas Feridas";"Pleno dia";"Decrescente";"Céu Claro";"Simples";"Reta";"Não";3;0;1;0;1;1;1;3;-15,87178672;-41,46417498;"SPRF-MG";"DEL11-MG";"UOP02-DEL11-MG"
200443;2019-03-31;"domingo";"19:30:00";"MA";135;55;"BACABEIRA";"Falta de Atenção à Condução";"Queda de ocupante de veículo";"Com Vítimas Feridas";"Plena Noite";"Decrescente";"Chuva";"Simples";"Reta";"Não";3;0;1;0;1;1;1;3;-3,00723897;-44,31418329;"SPRF-MA";"DEL01-MA";"UOP02-DEL01-MA"
200448;2019-03-31;"domingo";"20:15:00";"PR";116;12,5;"COLOMBO";"Defeito Mecânico no Veículo";"Colisão com objeto em movimento";"Com Vítimas Feridas";"Plena Noite";"Crescente";"Céu Claro";"Dupla";"Reta";"Sim";6;0;3;0;2;2;3;5;-25,37639927;-49,15159643;"SPRF-PR";"DEL01-PR";"UOP01-DEL01-PR"
200455;2019-03-31;"domingo";"21:20:00";"RN";304;223,1;"CAICARA DO RIO DO VENTO";"Condutor Dormindo";"Saída de leito carroçável";"Com Vítimas Feridas";"Plena Noite";"Decrescente";"Garoa/Chuvisco";"Simples";"Reta";"Não";2;0;1;0;0;1;1;2;-5,75658931;-35,96484091;"SPRF-RN";"DEL01-RN";"UOP03-DEL01-RN"
200480;2019-03-31;"domingo";"17:30:00";"MT";70;569,7;"NOSSA SENHORA DO LIVRAMENTO";"Falta de Atenção à Condução";"Colisão lateral";"Com Vítimas Fatais";"Pleno dia";"Decrescente";"Céu Claro";"Simples";"Reta";"Não";3;1;0;0;1;2;0;4;-15,7083238;-56,47728306;"SPRF-MT";"DEL01-MT";"DEL2/4-UOP02/MT"
200484;2019-04-01;"segunda-feira";"01:05:00";"ES";101;263,8;"SERRA";"Desobediência às normas de trânsito pelo condutor";"Colisão lateral";"Com Vítimas Feridas";"Plena Noite";"Crescente";"Céu Claro";"Múltipla";"Reta";"Não";3;0;1;0;1;1;1;3;-20,17292791;-40,26736384;"SPRF-ES";"DEL02-ES";"UOP01-DEL02-ES"
200485;2019-03-31;"domingo";"22:00:00";"MG";251;218,7;"CACHOEIRA DE PAJEU";"Defeito Mecânico no Veículo";"Incêndio";"Sem Vítimas";"Plena Noite";"Crescente";"Céu Claro";"Simples";"Reta";"Não";1;0;0;0;1;0;0;1;-15,93660119;-41,60719879;"SPRF-MG";"DEL11-MG";"UOP02-DEL11-MG"
200487;2019-04-01;"segunda-feira";"01:40:00";"SC";101;132;"BALNEARIO CAMBORIU";"Falta de Atenção à Condução";"Colisão com objeto estático";"Com Vítimas Feridas";"Pleno dia";"Decrescente";"Céu Claro";"Dupla";"Reta";"Sim";2;0;1;0;1;0;1;2;-26,99654133;-48,65564711;"SPRF-SC";"DEL04-SC";"UOP03-DEL04-SC"
200488;2019-03-31;"domingo";"18:00:00";"RO";364;640;"CANDEIAS DO JAMARI";"Defeito Mecânico no Veículo";"Incêndio";"Sem Vítimas";"Anoitecer";"Crescente";"Céu Claro";"Simples";"Reta";"Não";2;0;0;0;1;3;0;4;-9,011074;-63,42149106;"SPRF-RO";"DEL03-RO";"UOP04-DEL01-RO"
200492;2019-03-31;"domingo";"21:00:00";"PI";135;216;"ELISEU MARTINS";"Objeto estático sobre o leito carroçável";"Colisão traseira";"Com Vítimas Fatais";"Pleno dia";"Crescente";"Céu Claro";"Simples";"Reta";"Não";4;1;1;1;1;0;2;2;-8,1323436;-43,70741014;"SPRF-PI";"DEL03-PI";"UOP02-DEL03-PI"
200494;2019-03-31;"domingo";"19:16:00";"SC";101;22,5;"JOINVILLE";"Não guardar distância de segurança";"Colisão lateral";"Sem Vítimas";"Plena Noite";"Decrescente";"Nublado";"Dupla";"Reta";"Não";3;0;0;0;2;1;0;3;-26,15679993;-48,90786269;"SPRF-SC";"DEL03-SC";"UOP01-DEL03-SC"
200503;2019-04-01;"segunda-feira";"01:00:00";"ES";101;366,5;"ANCHIETA";"Falta de Atenção à Condução";"Saída de leito carroçável";"Com Vítimas Feridas";"Plena Noite";"Decrescente";"Nublado";"Simples";"Curva";"Não";1;0;1;0;0;0;1;1;-20,73590976;-40,7597842;"SPRF-ES";"DEL03-ES";"UOP01-DEL03-ES"
200508;2019-04-01;"segunda-feira";"06:30:00";"RJ";116;179;"NOVA IGUACU";"Falta de Atenção à Condução";"Colisão traseira";"Com Vítimas Feridas";"Pleno dia";"Decrescente";"Céu Claro";"Dupla";"Reta";"Sim";6;0;1;0;5;0;1;4;-22,769902;-43,408036;"SPRF-RJ";"DEL01-RJ";"UOP02-DEL01-RJ"
200512;2019-04-01;"segunda-feira";"08:00:00";"MG";116;738,5;"LARANJAL";"Falta de Atenção à Condução";"Colisão traseira";"Com Vítimas Feridas";"Pleno dia";"Crescente";"Sol";"Simples";"Reta";"Sim";3;0;0;1;2;0;1;2;-21,36645356;-42,47494161;"SPRF-MG";"DEL07-MG";"UOP01-DEL07-MG"
200513;2019-04-01;"segunda-feira";"08:10:00";"RS";285;292;"PASSO FUNDO";"Falta de Atenção à Condução";"Engavetamento";"Com Vítimas Feridas";"Pleno dia";"Decrescente";"Céu Claro";"Simples";"Reta";"Sim";6;0;3;0;2;1;3;6;-28,239017;-52,365276;"SPRF-RS";"DEL08-RS";"UOP03-DEL08-RS"
200515;2019-04-01;"segunda-feira";"03:00:00";"MG";251;307,7;"SALINAS";"Defeito Mecânico no Veículo";"Incêndio";"Sem Vítimas";"Plena Noite";"Crescente";"Nublado";"Simples";"Reta";"Não";2;0;0;0;1;1;0;2;-16,13437689;-42,29354318;"SPRF-MG";"DEL11-MG";"UOP02-DEL11-MG"
200519;2019-04-01;"segunda-feira";"05:37:00";"PR";476;134;"CURITIBA";"Falta de Atenção à Condução";"Colisão traseira";"Com Vítimas Feridas";"Amanhecer";"Decrescente";"Céu Claro";"Simples";"Reta";"Sim";2;0;0;1;1;0;1;2;-25,476524;-49,259937;"SPRF-PR";"DEL01-PR";"UOP03-DEL01-PR"
200524;2019-04-01;"segunda-feira";"07:40:00";"ES";101;296;"CARIACICA";"Desobediência às normas de trânsito pelo condutor";"Colisão lateral";"Sem Vítimas";"Pleno dia";"Crescente";"Sol";"Múltipla";"Interseção de Vias";"Sim";8;0;0;0;3;6;0;5;-20,34261502;-40,40622354;"SPRF-ES";"DEL01-ES";"UOP01-DEL01-ES"
200533;2019-04-01;"segunda-feira";"08:30:00";"RS";472;400;"SAO BORJA";"Desobediência às normas de trânsito pelo condutor";"Colisão transversal";"Com Vítimas Feridas";"Pleno dia";"Crescente";"Céu Claro";"Simples";"Interseção de Vias";"Sim";3;0;2;0;1;0;2;2;-28,68456405;-55,99456787;"SPRF-RS";"DEL12-RS";"UOP01-DEL12-RS"
200534;2019-04-01;"segunda-feira";"09:00:00";"CE";222;58;"SAO GONCALO DO AMARANTE";"Falta de Atenção à Condução";"Colisão frontal";"Com Vítimas Feridas";"Pleno dia";"Crescente";"Nublado";"Simples";"Reta";"Não";4;0;3;0;1;0;3;3;-3,67025018;-39,06296199;"SPRF-CE";"DEL01-CE";"UOP03-DEL01-CE"
200537;2019-04-01;"segunda-feira";"08:30:00";"BA";116;345,1;"TEOFILANDIA";"Velocidade Incompatível";"Saída de leito carroçável";"Sem Vítimas";"Pleno dia";"Decrescente";"Céu Claro";"Simples";"Reta";"Não";2;0;0;0;1;1;0;2;-11,54673796;-38,99080056;"SPRF-BA";"DEL02-BA";"UOP01-DEL02-BA"
200539;2019-04-01;"segunda-feira";"09:00:00";"MG";40;371;"FELIXLANDIA";"Condutor Dormindo";"Colisão traseira";"Com Vítimas Feridas";"Pleno dia";"Decrescente";"Céu Claro";"Simples";"Aclive";"Não";6;0;4;0;1;2;4;4;-18,82205984;-44,78440083;"SPRF-MG";"DEL02-MG";"UOP01-DEL02-MG"
200540;2019-04-01;"segunda-feira";"07:45:00";"RO";364;422,5;"JARU";"Falta de Atenção à Condução";"Colisão lateral";"Com Vítimas Feridas";"Pleno dia";"Decrescente";"Sol";"Simples";"Reta";"Sim";4;0;1;1;1;2;2;4;-10,4597532;-62,4558043;"SPRF-RO";"DEL03-RO";"UOP02-DEL03-RO"
200552;2019-04-01;"segunda-feira";"10:15:00";"RJ";116;189;"QUEIMADOS";"Falta de Atenção à Condução";"Colisão lateral";"Com Vítimas Feridas";"Pleno dia";"Decrescente";"Sol";"Dupla";"Reta";"Não";2;0;1;0;0;1;1;2;-22,73765712;-43,49182298;"SPRF-RJ";"DEL01-RJ";"UOP03-DEL01-RJ"
200557;2019-04-01;"segunda-feira";"12:25:00";"RJ";493;14;"GUAPIMIRIM";"Condutor Dormindo";"Colisão frontal";"Com Vítimas Feridas";"Pleno dia";"Crescente";"Sol";"Simples";"Reta";"Não";3;0;0;1;1;1;1;3;-22,67034011;-42,98256206;"SPRF-RJ";"DEL04-RJ";"UOP02-DEL04-RJ"
200561;2019-04-01;"segunda-feira";"13:00:00";"PA";316;56;"CASTANHAL";"Falta de Atenção à Condução";"Colisão traseira";"Com Vítimas Feridas";"Pleno dia";"Crescente";"Céu Claro";"Dupla";"Reta";"Sim";3;0;1;0;2;0;1;3;-1,30296976;-47,99063907;"SPRF-PA";"DEL01-PA";"UOP01-DEL01-PA"
200570;2019-04-01;"segunda-feira";"12:40:00";"SC";101;358,2;"SANGAO";"Desobediência às normas de trânsito pelo condutor";"Colisão lateral";"Com Vítimas Feridas";"Pleno dia";"Crescente";"Céu Claro";"Múltipla";"Reta";"Sim";2;0;0;1;1;0;1;2;-28,642765;-49,100403;"SPRF-SC";"DEL02-SC";"UOP01-DEL02-SC"
200571;2019-04-01;"segunda-feira";"15:00:00";"SE";101;127,2;"ITAPORANGA DAJUDA";"Não guardar distância de segurança";"Colisão traseira";"Sem Vítimas";"Pleno dia";"Crescente";"Céu Claro";"Dupla";"Desvio Temporário";"Não";2;0;0;0;2;0;0;2;-11,07307112;-37,36285266;"SPRF-SE";"DEL02-SE";"UOP01-DEL02-SE"
200572;2019-04-01;"segunda-feira";"14:50:00";"MG";262;380,2;"JUATUBA";"Velocidade Incompatível";"Colisão traseira";"Com Vítimas Feridas";"Pleno dia";"Crescente";"Céu Claro";"Dupla";"Curva";"Não";3;0;1;0;2;0;1;2;-19,947864;-44,381226;"SPRF-MG";"DEL01-MG";"UOP03-DEL01-MG"
200574;2019-04-01;"segunda-feira";"14:50:00";"SP";381;28;"ATIBAIA";"Defeito Mecânico no Veículo";"Colisão frontal";"Sem Vítimas";"Pleno dia";"Crescente";"Céu Claro";"Dupla";"Reta";"Não";3;0;0;0;2;1;0;3;-23,03614495;-46,55183601;"SPRF-SP";"DEL03-SP";"UOP02-DEL03-SP"
200575;2019-04-01;"segunda-feira";"12:30:00";"BA";101;913,7;"NOVA VICOSA";"Falta de Atenção à Condução";"Colisão lateral";"Com Vítimas Feridas";"Pleno dia";"Crescente";"Céu Claro";"Simples";"Declive";"Não";5;0;2;0;3;0;2;2;-18,03101192;-39,86412233;"SPRF-BA";"DEL09-BA";"UOP02-DEL09-BA"
200577;2019-04-01;"segunda-feira";"15:00:00";"RS";290;119;"ELDORADO DO SUL";"Falta de Atenção à Condução";"Colisão frontal";"Sem Vítimas";"Pleno dia";"Decrescente";"Sol";"Simples";"Reta";"Não";4;0;0;0;3;1;0;3;-30,049431;-51,398045;"SPRF-RS";"DEL02-RS";"UOP01-DEL02-RS"
200582;2019-04-01;"segunda-feira";"13:10:00";"RS";392;1;"RIO GRANDE";"Falta de Atenção à Condução";"Colisão lateral";"Com Vítimas Feridas";"Pleno dia";"Crescente";"Céu Claro";"Simples";"Reta";"Não";4;0;0;1;2;1;1;4;-32,04488513;-52,0855305;"SPRF-RS";"DEL07-RS";"UOP02-DEL07-RS"
200590;2019-04-01;"segunda-feira";"16:20:00";"SC";101;116;"ITAJAI";"Falta de Atenção à Condução";"Colisão lateral";"Com Vítimas Feridas";"Pleno dia";"Crescente";"Sol";"Dupla";"Reta";"Não";2;0;1;0;1;0;1;2;-26,87905605;-48,72603512;"SPRF-SC";"DEL04-SC";"UOP04-DEL04-SC"
200591;2019-04-01;"segunda-feira";"15:30:00";"RS";290;696,8;"URUGUAIANA";"Falta de Atenção à Condução";"Colisão traseira";"Com Vítimas Feridas";"Pleno dia";"Crescente";"Céu Claro";"Simples";"Declive";"Não";4;0;1;0;1;12;1;14;-29,870333;-56,854012;"SPRF-RS";"DEL13-RS";"UOP01-DEL13-RS"
200596;2019-04-01;"segunda-feira";"17:35:00";"ES";101;325;"GUARAPARI";"Objeto estático sobre o leito carroçável";"Colisão com objeto estático";"Com Vítimas Feridas";"Anoitecer";"Crescente";"Céu Claro";"Simples";"Reta";"Não";3;0;2;0;1;0;2;2;-20,55491301;-40,48064614;"SPRF-ES";"DEL03-ES";"UOP01-DEL03-ES"
200605;2019-04-01;"segunda-feira";"18:15:00";"MG";116;638,4;"DIVINO";"Ingestão de álcool e/ou substâncias psicoativas pelo pedestre";"Atropelamento de Pedestre";"Com Vítimas Fatais";"Plena Noite";"Decrescente";"Garoa/Chuvisco";"Simples";"Reta";"Não";3;1;0;0;0;2;0;2;-20,63071131;-42,22989148;"SPRF-MG";"DEL07-MG";"UOP03-DEL07-MG"
200606;2019-04-01;"segunda-feira";"17:30:00";"ES";101;270,7;"SERRA";"Velocidade Incompatível";"Tombamento";"Com Vítimas Feridas";"Plena Noite";"Crescente";"Céu Claro";"Dupla";"Viaduto";"Sim";1;0;1;0;0;0;1;1;-20,22662056;-40,27075088;"SPRF-ES";"DEL02-ES";"UOP01-DEL02-ES"