"id";"data_inversa";"dia_semana";"horario";"uf";"br";"km";"municipio";"causa_acidente";"tipo_acidente";"classificacao_acidente";"fase_dia";"sentido_via";"condicao_metereologica";"tipo_pista";"tracado_via";"uso_solo";"pessoas";"mortos";"feridos_leves";"feridos_graves";"ilesos";"ignorados";"feridos";"veiculos";"latitude";"longitude";"regional";"delegacia";"uop"
200607;2019-04-01;"segunda-feira";"18:30:00";"BA";116;461;"SANTO ESTEVAO";"Desobediência às normas de trânsito pelo condutor";"Colisão traseira";"Com Vítimas Fatais";"Plena Noite";"Decrescente";"Céu Claro";"Simples";"Desvio Temporário";"Sim";4;1;1;0;1;1;1;3;-12,44717913;-39,24260616;"SPRF-BA";"DEL02-BA";"UOP01-DEL02-BA"
200619;2019-04-01;"segunda-feira";"17:50:00";"BA";116;764,5;"POCOES";"Não guardar distância de segurança";"Engavetamento";"Com Vítimas Feridas";"Anoitecer";"Crescente";"Céu Claro";"Simples";"Reta";"Não";3;0;1;0;2;0;1;3;-14,51619902;-40,36913998;"SPRF-BA";"DEL08-BA";"UOP02-DEL08-BA"
200620;2019-04-01;"segunda-feira";"18:20:00";"MG";40;577;"ITABIRITO";"Falta de Atenção à Condução";"Colisão transversal";"Com Vítimas Feridas";"Plena Noite";"Crescente";"Céu Claro";"Simples";"Reta";"Não";3;0;0;1;1;1;1;3;-20,27233504;-43,95198504;"SPRF-MG";"DEL01-MG";"UOP02-DEL01-MG"
200621;2019-04-01;"segunda-feira";"10:40:00";"SC";282;533,2;"CORDILHEIRA ALTA";"Não guardar distância de segurança";"Colisão lateral";"Com Vítimas Feridas";"Pleno dia";"Crescente";"Sol";"Simples";"Curva";"Não";2;0;0;1;1;0;1;2;-26,995323;-52,625305;"SPRF-SC";"DEL07-SC";"UOP01-DEL07-SC"
200625;2019-04-01;"segunda-feira";"18:25:00";"SC";282;85;"ALFREDO WAGNER";"Velocidade Incompatível";"Colisão lateral";"Sem Vítimas";"Anoitecer";"Crescente";"Garoa/Chuvisco";"Simples";"Curva";"Não";3;0;0;0;2;1;0;3;-27,667007;-49,192802;"SPRF-SC";"DEL01-SC";"UOP03-DEL01-SC"
200632;2019-04-01;"segunda-feira";"09:30:00";"GO";50;154,1;"CAMPO ALEGRE DE GOIAS";"Condutor Dormindo";"Colisão traseira";"Com Vítimas Feridas";"Pleno dia";"Decrescente";"Céu Claro";"Dupla";"Reta";"Não";3;0;1;0;1;1;1;3;-17,2055;-47,744;"SPRF-GO";"DEL06-GO";"UOP01-DEL06-GO"
200634;2019-04-01;"segunda-feira";"20:10:00";"AL";316;202,2;"MARIBONDO";"Desobediência às normas de trânsito pelo condutor";"Colisão transversal";"Com Vítimas Fatais";"Plena Noite";"Decrescente";"Céu Claro";"Simples";"Reta";"Sim";3;1;0;0;1;1;0;3;-9,5815;-36,3081;"SPRF-AL";"DEL03-AL";"UOP01-DEL03-AL"
200636;2019-04-01;"segunda-feira";"19:20:00";"PR";476;277,3;"SAO MATEUS DO SUL";"Ingestão de Álcool";"Colisão frontal";"Com Vítimas Feridas";"Pleno dia";"Crescente";"Céu Claro";"Simples";"Curva";"Sim";4;0;2;0;2;0;2;3;-25,87065398;-50,39529562;"SPRF-PR";"DEL02-PR";"UOP04-DEL02-PR"
200639;2019-04-01;"segunda-feira";"18:45:00";"MG";381;279;"JAGUARACU";"Falta de Atenção à Condução";"Colisão frontal";"Com Vítimas Fatais";"Plena Noite";"Decrescente";"Céu Claro";"Simples";"Curva";"Não";2;1;0;0;1;0;0;2;-19,5726896;-42,71407127;"SPRF-MG";"DEL03-MG";"UOP02-DEL03-MG"
200640;2019-04-01;"segunda-feira";"17:50:00";"RO";364;591,6;"ITAPUA DO OESTE";"Avarias e/ou desgaste excessivo no pneu";"Derramamento de carga";"Sem Vítimas";"Anoitecer";"Decrescente";"Céu Claro";"Simples";"Reta";"Não";2;0;0;0;1;2;0;3;-9,30121192;-63,15106772;"SPRF-RO";"DEL03-RO";"UOP04-DEL01-RO"
200642;2019-04-01;"segunda-feira";"16:45:00";"PR";277;2;"PARANAGUA";"Desobediência às normas de trânsito pelo condutor";"Colisão traseira";"Sem Vítimas";"Pleno dia";"Crescente";"Sol";"Dupla";"Reta";"Sim";3;0;0;0;1;2;0;3;-25,54849148;-48,54771495;"SPRF-PR";"DEL01-PR";"UOP05-DEL01-PR"
200645;2019-04-01;"segunda-feira";"18:15:00";"RJ";116;81,7;"TERESOPOLIS";"Falta de Atenção à Condução";"Colisão frontal";"Com Vítimas Feridas";"Plena Noite";"Crescente";"Céu Claro";"Simples";"Curva";"Não";7;0;3;2;2;0;5;3;-22,39843405;-42,95507553;"SPRF-RJ";"DEL04-RJ";"UOP01-DEL04-RJ"
200648;2019-04-01;"segunda-feira";"20:30:00";"MG";153;13,3;"ARAPORA";"Falta de Atenção à Condução";"Saída de leito carroçável";"Com Vítimas Feridas";"Plena Noite";"Decrescente";"Céu Claro";"Dupla";"Reta";"Não";2;0;1;0;0;1;1;2;-18,53526622;-49,19251263;"SPRF-MG";"DEL15-MG";"UOP03-DEL15-MG"
200649;2019-04-01;"segunda-feira";"20:30:00";"GO";60;433,2;"RIO VERDE";"Falta de Atenção à Condução";"Colisão lateral";"Com Vítimas Feridas";"Plena Noite";"Crescente";"Céu Claro";"Dupla";"Reta";"Não";4;0;1;0;2;1;1;3;-17,8291;-51,3566;"SPRF-GO";"DEL04-GO";"UOP01-DEL04-GO"
200652;2019-04-01;"segunda-feira";"19:40:00";"MA";316;438;"PERITORO";"Defeito na Via";"Colisão lateral";"Com Vítimas Feridas";"Plena Noite";"Crescente";"Chuva";"Simples";"Reta";"Não";4;0;1;0;2;1;1;4;-4,420809;-44,224987;"SPRF-MA";"DEL03-MA";"UOP01-DEL03-MA"
200655;2019-04-01;"segunda-feira";"19:55:00";"MA";316;550,6;"CAXIAS";"Falta de Atenção à Condução";"Colisão transversal";"Com Vítimas Feridas";"Plena Noite";"Decrescente";"Nublado";"Simples";"Reta";"Não";4;0;0;1;2;1;1;4;-4,886773;-43,362507;"SPRF-MA";"DEL03-MA";"UOP02-DEL03-MA"
200659;2019-04-01;"segunda-feira";"22:30:00";"SC";470;77,3;"RODEIO";"Avarias e/ou desgaste excessivo no pneu";"Tombamento";"Com Vítimas Fatais";"Plena Noite";"Decrescente";"Nublado";"Simples";"Curva";"Não";2;1;0;0;0;1;0;2;-26,94102351;-49,29308474;"SPRF-SC";"DEL04-SC";"UOP01-DEL04-SC"
200661;2019-04-01;"segunda-feira";"22:35:00";"PE";232;146;"SAO CAITANO";"Objeto estático sobre o leito carroçável";"Colisão traseira";"Com Vítimas Feridas";"Plena Noite";"Crescente";"Nublado";"Dupla";"Aclive";"Sim";2;0;0;1;0;1;1;2;-8,33171977;-36,12793922;"SPRF-PE";"DEL02-PE";"UOP03-DEL02-PE"
200668;2019-04-01;"segunda-feira";"20:00:00";"MS";60;659,8;"BELA VISTA";"Condutor Dormindo";"Colisão com objeto estático";"Com Vítimas Feridas";"Plena Noite";"Crescente";"Chuva";"Simples";"Reta";"Não";2;0;2;0;0;0;2;1;-21,96268;-56,44125;"SPRF-MS";"DEL05-MS";"UOP01-DEL05-MS"
200669;2019-04-02;"terça-feira";"00:50:00";"RJ";116;299;"RESENDE";"Condutor Dormindo";"Colisão traseira";"Sem Vítimas";"Plena Noite";"Crescente";"Nublado";"Múltipla";"Reta";"Não";3;0;0;0;2;1;0;3;-22,45153554;-44,34627905;"SPRF-RJ";"DEL07-RJ";"DEL5/7-UOP03/RJ"
200673;2019-04-02;"terça-feira";"01:00:00";"PE";316;265;"BELEM DE SAO FRANCISCO";"Condutor Dormindo";"Saída de leito carroçável";"Com Vítimas Feridas";"Plena Noite";"Decrescente";"Céu Claro";"Simples";"Reta";"Não";1;0;0;1;0;0;1;1;-8,72046213;-38,90228393;"SPRF-PE";"DEL05-PE";"UOP03-DEL05-PE"
200677;2019-04-02;"terça-feira";"04:15:00";"PR";369;149;"LONDRINA";"Falta de Atenção à Condução";"Colisão traseira";"Com Vítimas Feridas";"Plena Noite";"Crescente";"Céu Claro";"Dupla";"Reta";"Sim";4;0;3;0;1;0;3;2;-23,29287974;-51,15441442;"SPRF-PR";"DEL07-PR";"UOP01-DEL07-PR"
200678;2019-04-02;"terça-feira";"04:30:00";"PB";230;162,5;"CAMPINA GRANDE";"Animais na Pista";"Atropelamento de Animal";"Com Vítimas Feridas";"Amanhecer";"Crescente";"Nevoeiro/Neblina";"Simples";"Curva";"Sim";1;0;1;0;0;0;1;1;-7,2277;-35,9439;"SPRF-PB";"DEL02-PB";"UOP01-DEL02-PB"
200683;2019-04-02;"terça-feira";"04:55:00";"SC";101;269,4;"IMBITUBA";"Falta de Atenção à Condução";"Colisão traseira";"Sem Vítimas";"Plena Noite";"Decrescente";"Céu Claro";"Dupla";"Reta";"Não";4;0;0;0;3;2;0;5;-28,09417595;-48,70917593;"SPRF-SC";"DEL02-SC";"UOP03-DEL02-SC"
200685;2019-04-02;"terça-feira";"03:10:00";"SC";280;189;"MAFRA";"Velocidade Incompatível";"Saída de leito carroçável";"Com Vítimas Feridas";"Plena Noite";"Decrescente";"Céu Claro";"Simples";"Curva";"Não";1;0;0;1;0;0;1;1;-26,17539008;-49,96813774;"SPRF-SC";"DEL06-SC";"UOP01-DEL06-SC"
200689;2019-04-02;"terça-feira";"04:00:00";"PE";423;75,6;"JUPI";"Velocidade Incompatível";"Capotamento";"Com Vítimas Feridas";"Pleno dia";"Crescente";"Nublado";"Simples";"Curva";"Não";2;0;1;0;0;1;1;2;-8,72421234;-36,42879161;"SPRF-PE";"DEL03-PE";"UOP01-DEL03-PE"
200693;2019-04-02;"terça-feira";"06:00:00";"SP";381;90;"GUARULHOS";"Não guardar distância de segurança";"Colisão traseira";"Com Vítimas Feridas";"Amanhecer";"Crescente";"Céu Claro";"Dupla";"Reta";"Sim";4;0;1;0;2;1;1;3;-23,49479479;-46,55959864;"SPRF-SP";"DEL03-SP";"UOP01-DEL03-SP"
200696;2019-04-01;"segunda-feira";"18:00:00";"PR";153;153;"VENTANIA";"Avarias e/ou desgaste excessivo no pneu";"Colisão transversal";"Com Vítimas Feridas";"Anoitecer";"Crescente";"Chuva";"Simples";"Declive";"Não";3;0;0;1;2;0;1;2;-24,1796657;-50,2132138;"SPRF-PR";"DEL07-PR";"UOP04-DEL07-PR"
200700;2019-04-02;"terça-feira";"06:50:00";"RN";101;110,3;"PARNAMIRIM";"Falta de Atenção à Condução";"Colisão com objeto estático";"Sem Vítimas";"Pleno dia";"Decrescente";"Sol";"Dupla";"Reta";"Não";1;0;0;0;1;0;0;1;-5,946376;-35,26485;"SPRF-RN";"DEL01-RN";"UOP01-DEL01-RN"
200704;2019-04-02;"terça-feira";"06:00:00";"RJ";116;237,7;"PIRAI";"Condutor Dormindo";"Colisão com objeto estático";"Com Vítimas Feridas";"Amanhecer";"Decrescente";"Céu Claro";"Dupla";"Curva";"Não";2;0;1;0;0;1;1;2;-22,6648253;-43,8735;"SPRF-RJ";"DEL07-RJ";"UOP01-DEL07-RJ"
200705;2019-04-02;"terça-feira";"06:20:00";"RJ";116;239,5;"PIRAI";"Velocidade Incompatível";"Colisão traseira";"Sem Vítimas";"Pleno dia";"Decrescente";"Sol";"Dupla";"Reta";"Não";4;0;0;0;3;1;0;3;-22,65832258;-43,88969593;"SPRF-RJ";"DEL07-RJ";"UOP01-DEL07-RJ"
200706;2019-04-02;"terça-feira";"08:20:00";"AL";101;113,6;"PILAR";"Velocidade Incompatível";"Colisão transversal";"Com Vítimas Feridas";"Pleno dia";"Crescente";"Nublado";"Simples";"Aclive";"Não";5;0;2;0;2;1;2;3;-9,62855442;-36,03072188;"SPRF-AL";"DEL02-AL";"UOP01-DEL02-AL"
200708;2019-02-19;"terça-feira";"05:55:00";"GO";40;48;"LUZIANIA";"Condutor Dormindo";"Colisão frontal";"Com Vítimas Fatais";"Amanhecer";"Crescente";"Céu Claro";"Simples";"Curva;Aclive";"Não";5;1;0;3;1;0;3;2;-16,427776;-47,821183;"SPRF-DF";"DEL01-DF";"UOP02-DEL01-DF"
200715;2019-04-02;"terça-feira";"08:30:00";"MA";10;295;"CIDELANDIA";"Desobediência às normas de trânsito pelo condutor";"Colisão transversal";"Com Vítimas Feridas";"Pleno dia";"Decrescente";"Céu Claro";"Simples";"Reta";"Não";6;0;1;1;3;1;2;3;-5,157523;-47,53841;"SPRF-MA";"DEL04-MA";"UOP01-DEL04-MA"
200716;2019-04-02;"terça-feira";"09:30:00";"MG";381;328;"NOVA ERA";"Falta de Atenção à Condução";"Colisão transversal";"Com Vítimas Feridas";"Pleno dia";"Decrescente";"Nublado";"Dupla";"Interseção de Vias";"Não";3;0;3;0;0;0;3;2;-19,75705085;-43,02741766;"SPRF-MG";"DEL03-MG";"UOP01-DEL03-MG"
200731;2019-04-02;"terça-feira";"09:20:00";"PR";116;109;"CURITIBA";"Falta de Atenção à Condução";"Saída de leito carroçável";"Sem Vítimas";"Pleno dia";"Crescente";"Sol";"Dupla";"Reta";"Sim";3;0;0;0;2;2;0;4;-25,57140489;-49,20748999;"SPRF-PR";"DEL01-PR";"UOP07-DEL01-PR"
200739;2019-04-01;"segunda-feira";"20:50:00";"PI";135;480,3;"MONTE ALEGRE DO PIAUI";"Falta de Atenção à Condução";"Saída de leito carroçável";"Sem Vítimas";"Pleno dia";"Decrescente";"Céu Claro";"Simples";"Curva";"Não";2;0;0;0;1;1;0;2;-9,77440373;-45,32177812;"SPRF-PI";"DEL03-PI";"UOP02-DEL03-PI"
200744;2019-04-02;"terça-feira";"14:00:00";"MG";381;530;"RIO MANSO";"Condutor Dormindo";"Saída de leito carroçável";"Com Vítimas Feridas";"Pleno dia";"Decrescente";"Chuva";"Múltipla";"Curva;Declive;Viaduto";"Não";4;0;1;0;2;2;1;5;-20,17327539;-44,37545454;"SPRF-MG";"DEL04-MG";"UOP03-DEL04-MG"
200751;2019-03-02;"sábado";"00:15:00";"SP";116;342,6;"MIRACATU";"Desobediência às normas de trânsito pelo condutor";"Engavetamento";"Com Vítimas Feridas";"Plena Noite";"Crescente";"Nublado";"Dupla";"Curva";"Não";42;0;0;1;39;13;1;21;-24,02079404;-47,17200014;"SPRF-SP";"DEL04-SP";"UOP03-DEL04-SP"
200753;2019-04-02;"terça-feira";"15:10:00";"SP";116;210,1;"GUARULHOS";"Não guardar distância de segurança";"Colisão lateral";"Com Vítimas Feridas";"Pleno dia";"Crescente";"Céu Claro";"Dupla";"Reta";"Não";2;0;1;0;0;1;1;2;-23,42906158;-46,41189337;"SPRF-SP";"DEL01-SP";"UOP01-DEL01-SP"
200754;2019-04-02;"terça-feira";"15:45:00";"BA";116;419;"FEIRA DE SANTANA";"Falta de Atenção à Condução";"Colisão traseira";"Com Vítimas Feridas";"Pleno dia";"Crescente";"Céu Claro";"Dupla";"Reta";"Sim";3;0;1;0;2;0;1;3;-12,20286557;-38,96556985;"SPRF-BA";"DEL02-BA";"UOP01-DEL02-BA"
200755;2019-04-01;"segunda-feira";"20:00:00";"PE";232;127;"CARUARU";"Defeito Mecânico no Veículo";"Saída de leito carroçável";"Sem Vítimas";"Plena Noite";"Crescente";"Céu Claro";"Dupla";"Reta";"Sim";1;0;0;0;1;0;0;1;-8,30610303;-35,96342301;"SPRF-PE";"DEL02-PE";"UOP03-DEL02-PE"
200761;2019-04-02;"terça-feira";"13:15:00";"SC";153;48,7;"VARGEM BONITA";"Defeito Mecânico no Veículo";"Saída de leito carroçável";"Sem Vítimas";"Pleno dia";"Decrescente";"Céu Claro";"Simples";"Curva;Aclive";"Não";1;0;0;0;1;0;0;1;-26,904951;-51,774128;"SPRF-SC";"DEL07-SC";"UOP07-DEL07-SC"
200768;2019-04-02;"terça-feira";"16:20:00";"SC";470;44;"GASPAR";"Desobediência às normas de trânsito pelo condutor";"Colisão frontal";"Com Vítimas Fatais";"Pleno dia";"Crescente";"Céu Claro";"Simples";"Reta";"Sim";2;1;1;0;0;0;1;2;-26,870665;-49,021896;"SPRF-SC";"DEL04-SC";"UOP01-DEL04-SC"
200771;2019-04-02;"terça-feira";"17:35:00";"PE";101;77,5;"RECIFE";"Falta de Atenção do Pedestre";"Atropelamento de Pedestre";"Com Vítimas Feridas";"Anoitecer";"Decrescente";"Céu Claro";"Dupla";"Reta;Retorno Regulamentado";"Sim";2;0;0;1;1;0;1;2;-8,126982;-34,94386;"SPRF-PE";"DEL01-PE";"UOP01-DEL01-PE"
200773;2019-04-02;"terça-feira";"18:00:00";"DF";60;0,9;"BRASILIA";"Falta de Atenção à Condução";"Colisão traseira";"Com Vítimas Fatais";"Anoitecer";"Crescente";"Céu Claro";"Dupla";"Reta";"Sim";2;1;0;0;1;0;0;2;-15,882499;-48,060212;"SPRF-DF";"DEL01-DF";"UOP01-DEL03-DF"
200774;2019-04-02;"terça-feira";"17:25:00";"RS";285;203;"LAGOA VERMELHA";"Falta de Atenção à Condução";"Colisão com objeto estático";"Sem Vítimas";"Pleno dia";"Decrescente";"Céu Claro";"Simples";"Reta";"Não";1;0;0;0;1;0;0;1;-28,215328;-51,553638;"SPRF-RS";"DEL08-RS";"UOP05-DEL08-RS"
200775;2019-04-02;"terça-feira";"11:30:00";"RO";364;571,2;"ITAPUA DO OESTE";"Defeito Mecânico no Veículo";"Incêndio";"Com Vítimas Feridas";"Pleno dia";"Crescente";"Garoa/Chuvisco";"Simples";"Aclive";"Não";2;0;1;0;0;2;1;3;-9,47569987;-63,10276877;"SPRF-RO";"DEL03-RO";"UOP04-DEL01-RO"
200781;2019-04-02;"terça-feira";"18:20:00";"SC";101;201;"SAO JOSE";"Desobediência às normas de trânsito pelo condutor";"Colisão lateral";"Com Vítimas Feridas";"Plena Noite";"Crescente";"Céu Claro";"Dupla";"Reta";"Sim";3;0;0;1;2;0;1;3;-27,54836599;-48,61977975;"SPRF-SC";"DEL01-SC";"UOP01-DEL01-SC"
200790;2019-04-02;"terça-feira";"18:30:00";"MG";251;506,5;"FRANCISCO SA";"Desobediência às normas de trânsito pelo condutor";"Colisão lateral";"Com Vítimas Feridas";"Anoitecer";"Crescente";"Céu Claro";"Simples";"Curva";"Não";7;0;6;0;0;1;6;4;-16,61894941;-43,6887828;"SPRF-MG";"DEL12-MG";"UOP01-DEL12-MG"
200792;2019-04-02;"terça-feira";"17:10:00";"SC";470;317,9;"CAMPOS NOVOS";"Desobediência às normas de trânsito pelo condutor";"Colisão transversal";"Com Vítimas Feridas";"Pleno dia";"Decrescente";"Chuva";"Simples";"Rotatória;Retorno Regulamentado";"Não";5;0;2;1;1;1;3;3;-27,404869;-51,206257;"SPRF-SC";"DEL07-SC";"UOP06-DEL07-SC"
200793;2019-03-02;"sábado";"06:55:00";"MG";381;517;"IGARAPE";"Defeito Mecânico no Veículo";"Tombamento";"Com Vítimas Feridas";"Pleno dia";"Decrescente";"Céu Claro";"Dupla";"Curva";"Não";2;0;1;0;0;1;1;2;-20,111;-44,326;"SPRF-MG";"DEL01-MG";"UOP03-DEL01-MG"
200795;2019-04-02;"terça-feira";"12:55:00";"RS";116;78,9;"CAMPESTRE DA SERRA";"Velocidade Incompatível";"Tombamento";"Com Vítimas Feridas";"Pleno dia";"Crescente";"Céu Claro";"Simples";"Curva";"Sim";2;0;1;0;0;1;1;2;-28,78519606;-51,09862221;"SPRF-RS";"DEL05-RS";"UOP03-DEL05-RS"
200801;2019-04-02;"terça-feira";"21:30:00";"MA";316;609,5;"TIMON";"Defeito Mecânico no Veículo";"Colisão traseira";"Com Vítimas Fatais";"Plena Noite";"Crescente";"Chuva";"Dupla";"Aclive";"Não";4;1;0;1;0;2;1;3;-5,065395;-42,884464;"SPRF-MA";"DEL03-MA";"UOP02-DEL03-MA"
200808;2019-04-02;"terça-feira";"19:15:00";"MG";50;86,7;"UBERLANDIA";"Falta de Atenção à Condução";"Colisão traseira";"Com Vítimas Feridas";"Plena Noite";"Decrescente";"Vento";"Dupla";"Retorno Regulamentado";"Não";3;0;1;1;1;0;2;2;-19,0137791;-48,2072524;"SPRF-MG";"DEL15-MG";"UOP01-DEL15-MG"
200810;2019-04-02;"terça-feira";"20:11:00";"SP";116;380,3;"MIRACATU";"Falta de Atenção à Condução";"Colisão transversal";"Com Vítimas Fatais";"Plena Noite";"Crescente";"Nublado";"Dupla";"Reta";"Não";3;1;0;0;2;0;0;2;-24,21753686;-47,36651776;"SPRF-SP";"DEL04-SP";"UOP02-DEL04-SP"
200813;2019-04-02;"terça-feira";"20:40:00";"BA";324;596;"CANDEIAS";"Falta de Atenção do Pedestre";"Atropelamento de Pedestre";"Com Vítimas Fatais";"Plena Noite";"Crescente";"Nublado";"Dupla";"Reta";"Não";2;1;0;0;1;0;0;2;-12,72003796;-38,45130588;"SPRF-BA";"DEL01-BA";"UOP01-DEL01-BA"
200814;2019-04-02;"terça-feira";"16:00:00";"AM";174;947,9;"MANAUS";"Falta de Atenção à Condução";"Danos eventuais";"Sem Vítimas";"Pleno dia";"Crescente";"Céu Claro";"Simples";"Declive";"Não";4;0;0;0;3;1;0;3;-2,42562793;-60,02995571;"SPRF-AM";"DEL01-AM";"UOP01-DEL01-AM"
200815;2019-04-02;"terça-feira";"18:30:00";"PR";163;151;"SANTA LUCIA";"Defeito Mecânico no Veículo";"Incêndio";"Sem Vítimas";"Plena Noite";"Crescente";"Chuva";"Simples";"Reta";"Não";2;0;0;0;2;0;0;1;-25,41040897;-53,5718868;"SPRF-PR";"DEL04-PR";"UOP05-DEL05-PR"
200816;2019-04-02;"terça-feira";"19:00:00";"MG";40;576;"ITABIRITO";"Velocidade Incompatível";"Colisão transversal";"Sem Vítimas";"Plena Noite";"Crescente";"Céu Claro";"Simples";"Reta";"Não";3;0;0;0;2;1;0;3;-20,26485707;-43,9573481;"SPRF-MG";"DEL01-MG";"UOP02-DEL01-MG"
200817;2019-04-02;"terça-feira";"19:15:00";"PI";316;100,5;"TERESINA";"Falta de Atenção à Condução";"Colisão lateral";"Sem Vítimas";"Plena Noite";"Crescente";"Nublado";"Múltipla";"Rotatória";"Sim";3;0;0;0;2;1;0;3;-5,1988397;-42,7587969;"SPRF-PI";"DEL04-PI";"UOP02-DEL04-PI"
200824;2019-04-02;"terça-feira";"21:00:00";"MG";381;940,5;"EXTREMA";"Velocidade Incompatível";"Derramamento de carga";"Com Vítimas Feridas";"Plena Noite";"Decrescente";"Céu Claro";"Dupla";"Curva";"Sim";6;0;3;0;2;1;3;3;-22,85421396;-46,33740277;"SPRF-MG";"DEL16-MG";"UOP03-DEL16-MG"
200826;2019-04-02;"terça-feira";"21:51:00";"MG";50;79,7;"UBERLANDIA";"Falta de Atenção à Condução";"Colisão traseira";"Com Vítimas Feridas";"Plena Noite";"Decrescente";"Céu Claro";"Dupla";"Reta";"Sim";3;0;0;1;1;1;1;3;-18,986906;-48,211853;"SPRF-MG";"DEL15-MG";"UOP01-DEL15-MG"
200828;2019-04-02;"terça-feira";"21:05:00";"MG";40;607,6;"CONGONHAS";"Falta de Atenção do Pedestre";"Atropelamento de Pedestre";"Com Vítimas Fatais";"Plena Noite";"Crescente";"Céu Claro";"Simples";"Reta";"Não";3;1;0;0;1;1;0;2;-20,47579776;-43,84269847;"SPRF-MG";"DEL05-MG";"UOP02-DEL05-MG"
200832;2019-04-02;"terça-feira";"19:50:00";"SC";282;572;"NOVA ERECHIM";"Ingestão de Álcool";"Colisão lateral";"Com Vítimas Feridas";"Plena Noite";"Crescente";"Céu Claro";"Simples";"Curva";"Não";2;0;1;0;1;0;1;2;-26,879332;-52,949421;"SPRF-SC";"DEL07-SC";"UOP02-DEL07-SC"
200837;2019-04-02;"terça-feira";"22:40:00";"ES";262;170,9;"IBATIBA";"Defeito Mecânico no Veículo";"Danos eventuais";"Sem Vítimas";"Plena Noite";"Crescente";"Céu Claro";"Simples";"Reta";"Não";2;0;0;0;1;2;0;3;-20,2647513;-41,58453796;"SPRF-ES";"DEL01-ES";"UOP02-DEL01-ES"
200841;2019-04-02;"terça-feira";"23:50:00";"SP";381;62;"MAIRIPORA";"Defeito Mecânico no Veículo";"Incêndio";"Sem Vítimas";"Plena Noite";"Decrescente";"Céu Claro";"Dupla";"Reta";"Não";2;0;0;0;1;1;0;2;-23,29437896;-46,57254696;"SPRF-SP";"DEL03-SP";"UOP01-DEL03-SP"
200842;2019-04-02;"terça-feira";"21:40:00";"AL";101;115;"PILAR";"Não guardar distância de segurança";"Saída de leito carroçável";"Com Vítimas Fatais";"Plena Noite";"Decrescente";"Nublado";"Simples";"Em Obras";"Não";3;1;0;0;1;1;0;3;-9,64267498;-36,02457883;"SPRF-AL";"DEL02-AL";"UOP01-DEL02-AL"
200843;2019-04-03;"quarta-feira";"00:40:00";"PR";277;592;"CASCAVEL";"Desobediência às normas de trânsito pelo condutor";"Colisão transversal";"Com Vítimas Feridas";"Plena Noite";"Crescente";"Céu Claro";"Simples";"Interseção de Vias";"Sim";3;0;1;0;2;0;1;2;-24,98285697;-53,47319399;"SPRF-PR";"DEL04-PR";"UOP01-DEL04-PR"
200844;2019-03-07;"quinta-feira";"04:30:00";"SP";153;18,5;"NOVA GRANADA";"Falta de Atenção à Condução";"Colisão traseira";"Com Vítimas Feridas";"Plena Noite";"Crescente";"Céu Claro";"Simples";"Reta";"Não";36;0;3;1;32;0;4;2;-20,44382107;-49,28091485;"SPRF-SP";"DEL09-SP";"UOP01-DEL09-SP"
200846;2019-04-03;"quarta-feira";"01:40:00";"BA";116;671;"JEQUIE";"Condutor Dormindo";"Tombamento";"Sem Vítimas";"Plena Noite";"Decrescente";"Céu Claro";"Simples";"Aclive";"Sim";1;0;0;0;0;1;0;1;-13,848541;-40,11366;"SPRF-BA";"DEL03-BA";"UOP01-DEL03-BA"
200848;2019-04-03;"quarta-feira";"02:40:00";"RO";319;63,8;"PORTO VELHO";"Desobediência às normas de trânsito pelo condutor";"Colisão transversal";"Com Vítimas Feridas";"Plena Noite";"Crescente";"Céu Claro";"Dupla";"Reta;Interseção de Vias";"Sim";2;0;0;1;1;0;1;2;-8,766685;-63,884052;"SPRF-RO";"DEL01-RO";"UOP01-DEL01-RO"
200851;2019-04-03;"quarta-feira";"01:00:00";"CE";222;309,6;"TIANGUA";"Desobediência às normas de trânsito pelo pedestre";"Atropelamento de Pedestre";"Com Vítimas Fatais";"Plena Noite";"Crescente";"Chuva";"Simples";"Reta";"Sim";2;1;0;0;0;1;0;2;-3,69785396;-40,97573638;"SPRF-CE";"DEL04-CE";"UOP02-DEL04-CE"
200852;2019-04-03;"quarta-feira";"05:10:00";"SP";116;524;"BARRA DO TURVO";"Falta de Atenção à Condução";"Colisão traseira";"Com Vítimas Feridas";"Plena Noite";"Decrescente";"Nevoeiro/Neblina";"Dupla";"Reta";"Não";2;0;1;0;1;0;1;2;-24,91989431;-48,25856355;"SPRF-SP";"DEL05-SP";"UOP02-DEL05-SP"
200856;2019-04-03;"quarta-feira";"05:11:00";"MT";163;511,9;"DIAMANTINO";"Ultrapassagem Indevida";"Saída de leito carroçável";"Com Vítimas Feridas";"Amanhecer";"Decrescente";"Nublado";"Simples";"Reta";"Não";2;0;1;0;0;3;1;4;-14,58119697;-56,22660003;"SPRF-MT";"DEL01-MT";"UOP01-DEL01-MT"
200872;2019-03-19;"terça-feira";"21:00:00";"ES";101;429,7;"ATILIO VIVACQUA";"Condutor Dormindo";"Colisão lateral";"Com Vítimas Feridas";"Pleno dia";"Crescente";"Chuva";"Simples";"Reta";"Não";4;0;1;0;2;1;1;3;-21,0256572;-41,15890984;"SPRF-ES";"DEL03-ES";"UOP02-DEL03-ES"
200875;2019-04-03;"quarta-feira";"09:00:00";"CE";20;431;"EUSEBIO";"Falta de Atenção à Condução";"Colisão traseira";"Sem Vítimas";"Pleno dia";"Crescente";"Nublado";"Dupla";"Curva";"Sim";4;0;0;0;2;2;0;2;-3,8729894;-38,48793983;"SPRF-CE";"DEL01-CE";"UOP02-DEL01-CE"