"id";"data_inversa";"dia_semana";"horario";"uf";"br";"km";"municipio";"causa_acidente";"tipo_acidente";"classificacao_acidente";"fase_dia";"sentido_via";"condicao_metereologica";"tipo_pista";"tracado_via";"uso_solo";"pessoas";"mortos";"feridos_leves";"feridos_graves";"ilesos";"ignorados";"feridos";"veiculos";"latitude";"longitude";"regional";"delegacia";"uop"
200878;2019-04-02;"terça-feira";"19:50:00";"SC";101;396;"MARACAJA";"Falta de Atenção à Condução";"Colisão traseira";"Com Vítimas Feridas";"Plena Noite";"Decrescente";"Nublado";"Dupla";"Reta";"Não";2;0;0;1;1;0;1;2;-28,82459572;-49,40472033;"SPRF-SC";"DEL02-SC";"UOP02-DEL02-SC"
200879;2019-04-03;"quarta-feira";"08:53:00";"PR";376;666,8;"GUARATUBA";"Velocidade Incompatível";"Colisão traseira";"Com Vítimas Feridas";"Pleno dia";"Crescente";"Sol";"Dupla";"Declive;Em Obras;Reta";"Não";8;0;3;0;4;4;3;10;-25,86037408;-48,95087256;"SPRF-PR";"DEL01-PR";"UOP04-DEL01-PR"
200882;2019-04-03;"quarta-feira";"08:50:00";"MG";381;446;"SABARA";"Falta de Atenção à Condução";"Colisão traseira";"Com Vítimas Feridas";"Pleno dia";"Crescente";"Céu Claro";"Simples";"Curva";"Não";6;0;1;0;5;0;1;5;-19,82950465;-43,84255613;"SPRF-MG";"DEL01-MG";"UOP01-DEL01-MG"
200884;2019-04-03;"quarta-feira";"09:25:00";"ES";101;416,7;"CACHOEIRO DE ITAPEMIRIM";"Não guardar distância de segurança";"Colisão traseira";"Sem Vítimas";"Pleno dia";"Crescente";"Céu Claro";"Simples";"Reta";"Não";3;0;0;0;2;2;0;4;-20,93997009;-41,08374492;"SPRF-ES";"DEL03-ES";"UOP02-DEL03-ES"
200885;2019-02-14;"quinta-feira";"04:30:00";"RS";116;234,2;"ESTANCIA VELHA";"Desobediência às normas de trânsito pelo condutor";"Engavetamento";"Com Vítimas Feridas";"Plena Noite";"Crescente";"Céu Claro";"Simples";"Reta";"Sim";9;0;2;2;5;0;4;5;-29,651213;-51,144444;"SPRF-RS";"DEL01-RS";"UOP02-DEL01-RS"
200891;2019-03-03;"domingo";"00:45:00";"PI";407;519,4;"PATOS DO PIAUI";"Falta de Atenção à Condução";"Saída de leito carroçável";"Com Vítimas Feridas";"Plena Noite";"Decrescente";"Céu Claro";"Simples";"Reta";"Não";2;0;0;2;0;0;2;1;-7,708304;-41,249832;"SPRF-PI";"DEL04-PI";"UOP01-DEL04-PI"
200893;2019-04-03;"quarta-feira";"10:00:00";"PE";316;7;"ARARIPINA";"Desobediência às normas de trânsito pelo condutor";"Colisão transversal";"Com Vítimas Feridas";"Pleno dia";"Crescente";"Céu Claro";"Simples";"Reta";"Não";2;0;1;0;0;1;1;2;-7,48071193;-40,61057493;"SPRF-PE";"DEL05-PE";"UOP02-DEL05-PE"
200902;2019-02-13;"quarta-feira";"05:45:00";"MA";135;37;"BACABEIRA";"Falta de Atenção à Condução";"Colisão lateral";"Com Vítimas Fatais";"Amanhecer";"Crescente";"Nublado";"Simples";"Reta";"Não";4;1;2;0;0;2;2;4;-2,867076;-44,374821;"SPRF-MA";"DEL01-MA";"UOP01-DEL01-MA"
200907;2019-04-03;"quarta-feira";"11:00:00";"BA";324;564,4;"SAO SEBASTIAO DO PASSE";"Falta de Atenção à Condução";"Saída de leito carroçável";"Com Vítimas Feridas";"Pleno dia";"Crescente";"Chuva";"Dupla";"Reta";"Não";2;0;2;0;0;0;2;1;-12,5138723;-38,62480322;"SPRF-BA";"DEL01-BA";"UOP01-DEL01-BA"
200908;2019-04-03;"quarta-feira";"11:20:00";"MG";262;413;"IGARATINGA";"Falta de Atenção à Condução";"Tombamento";"Com Vítimas Feridas";"Pleno dia";"Decrescente";"Sol";"Dupla";"Retorno Regulamentado;Reta";"Sim";3;0;2;0;1;0;2;2;-19,89668113;-44,65663188;"SPRF-MG";"DEL08-MG";"UOP03-DEL08-MG"
200909;2019-04-03;"quarta-feira";"12:20:00";"DF";70;5,5;"BRASILIA";"Desobediência às normas de trânsito pelo condutor";"Colisão traseira";"Com Vítimas Feridas";"Pleno dia";"Decrescente";"Céu Claro";"Dupla";"Reta";"Sim";4;0;2;0;2;0;2;2;-15,794656;-48,096779;"SPRF-DF";"DEL01-DF";"UOP02-DEL03-DF"
200910;2019-04-03;"quarta-feira";"11:00:00";"PR";476;309;"PAULO FRONTIN";"Falta de Atenção à Condução";"Colisão frontal";"Com Vítimas Feridas";"Pleno dia";"Crescente";"Céu Claro";"Simples";"Reta";"Não";3;0;1;0;1;2;1;4;-26,017345;-50,64333;"SPRF-PR";"DEL02-PR";"UOP04-DEL02-PR"
200912;2019-04-03;"quarta-feira";"10:08:00";"PR";153;37,9;"SANTO ANTONIO DA PLATINA";"Velocidade Incompatível";"Tombamento";"Sem Vítimas";"Pleno dia";"Crescente";"Céu Claro";"Simples";"Curva";"Não";2;0;0;0;1;2;0;3;-23,26079778;-50,0568062;"SPRF-PR";"DEL07-PR";"UOP04-DEL07-PR"
200920;2019-04-03;"quarta-feira";"14:30:00";"MG";381;453;"SABARA";"Falta de Atenção à Condução";"Colisão traseira";"Com Vítimas Feridas";"Pleno dia";"Crescente";"Chuva";"Simples";"Reta";"Sim";3;0;0;1;2;0;1;3;-19,85197588;-43,88851019;"SPRF-MG";"DEL01-MG";"UOP01-DEL01-MG"
200921;2019-04-03;"quarta-feira";"14:00:00";"MG";365;372,8;"PRESIDENTE OLEGARIO";"Pista Escorregadia";"Colisão frontal";"Sem Vítimas";"Pleno dia";"Decrescente";"Chuva";"Simples";"Curva";"Não";3;0;0;0;2;2;0;4;-18,54618397;-46,20769606;"SPRF-MG";"DEL10-MG";"UOP01-DEL10-MG"
200925;2019-04-03;"quarta-feira";"13:00:00";"RS";287;361,5;"JAGUARI";"Desobediência às normas de trânsito pelo condutor";"Colisão transversal";"Sem Vítimas";"Pleno dia";"Crescente";"Céu Claro";"Simples";"Curva";"Não";2;0;0;0;2;0;0;2;-29,44840799;-54,73160196;"SPRF-RS";"DEL12-RS";"UOP02-DEL12-RS"
200928;2019-04-03;"quarta-feira";"10:30:00";"SC";282;218;"LAGES";"Falta de Atenção à Condução";"Colisão lateral";"Sem Vítimas";"Pleno dia";"Decrescente";"Céu Claro";"Dupla";"Interseção de Vias";"Não";3;0;0;0;2;2;0;4;-27,797235;-50,31361;"SPRF-SC";"DEL05-SC";"UOP01-DEL05-SC"
200931;2019-04-03;"quarta-feira";"15:20:00";"CE";20;420;"MARACANAU";"Não guardar distância de segurança";"Colisão traseira";"Com Vítimas Feridas";"Pleno dia";"Crescente";"Chuva";"Dupla";"Interseção de Vias;Em Obras;Reta";"Sim";3;0;1;0;2;0;1;2;-3,76999035;-38,67006282;"SPRF-CE";"DEL01-CE";"UOP02-DEL01-CE"
200934;2019-04-03;"quarta-feira";"14:30:00";"MG";381;895,2;"CAMBUI";"Velocidade Incompatível";"Saída de leito carroçável";"Com Vítimas Feridas";"Pleno dia";"Decrescente";"Céu Claro";"Dupla";"Reta";"Não";2;0;1;1;0;0;2;1;-22,62324893;-46,07503911;"SPRF-MG";"DEL16-MG";"UOP03-DEL16-MG"
200937;2019-04-03;"quarta-feira";"15:30:00";"MG";381;344;"BELA VISTA DE MINAS";"Velocidade Incompatível";"Colisão frontal";"Com Vítimas Feridas";"Pleno dia";"Crescente";"Chuva";"Simples";"Curva";"Não";2;0;1;0;1;0;1;2;-19,85986781;-43,11280984;"SPRF-MG";"DEL03-MG";"UOP01-DEL03-MG"
200938;2019-04-03;"quarta-feira";"12:40:00";"SC";282;306;"VARGEM";"Falta de Atenção à Condução";"Tombamento";"Com Vítimas Feridas";"Pleno dia";"Decrescente";"Céu Claro";"Dupla";"Aclive";"Não";1;0;1;0;0;0;1;1;-27,495869;-50,952518;"SPRF-SC";"DEL07-SC";"UOP06-DEL07-SC"
200939;2019-04-03;"quarta-feira";"16:00:00";"RS";116;115,6;"SAO MARCOS";"Falta de Atenção do Pedestre";"Atropelamento de Pedestre";"Com Vítimas Feridas";"Pleno dia";"Decrescente";"Céu Claro";"Simples";"Reta";"Sim";4;0;0;1;3;0;1;4;-28,9712;-51,072197;"SPRF-RS";"DEL05-RS";"UOP01-DEL05-RS"
200942;2019-04-03;"quarta-feira";"13:45:00";"RO";364;375,6;"OURO PRETO DO OESTE";"Falta de Atenção à Condução";"Saída de leito carroçável";"Com Vítimas Feridas";"Pleno dia";"Decrescente";"Chuva";"Simples";"Reta";"Não";1;0;0;1;0;0;1;1;-10,73949672;-62,18555898;"SPRF-RO";"DEL02-RO";"UOP01-DEL02-RO"
200943;2019-04-03;"quarta-feira";"17:20:00";"CE";20;420;"MARACANAU";"Não guardar distância de segurança";"Colisão traseira";"Com Vítimas Feridas";"Pleno dia";"Crescente";"Nublado";"Dupla";"Reta";"Sim";4;0;1;0;2;1;1;3;-3,76999035;-38,67006282;"SPRF-CE";"DEL01-CE";"UOP02-DEL01-CE"
200944;2019-04-03;"quarta-feira";"17:15:00";"PR";163;166;"LINDOESTE";"Falta de Atenção à Condução";"Colisão transversal";"Com Vítimas Feridas";"Pleno dia";"Crescente";"Céu Claro";"Simples";"Reta";"Sim";2;0;1;0;1;0;1;2;-25,29248982;-53,57038619;"SPRF-PR";"DEL04-PR";"UOP05-DEL05-PR"
200955;2019-04-03;"quarta-feira";"15:35:00";"RS";116;175;"NOVA PETROPOLIS";"Velocidade Incompatível";"Capotamento";"Com Vítimas Feridas";"Pleno dia";"Decrescente";"Céu Claro";"Simples";"Curva";"Não";3;0;0;1;2;0;1;2;-29,33774313;-51,1570501;"SPRF-RS";"DEL05-RS";"UOP02-DEL05-RS"
200961;2019-04-03;"quarta-feira";"18:20:00";"SC";470;44,5;"GASPAR";"Desobediência às normas de trânsito pelo pedestre";"Atropelamento de Pedestre";"Com Vítimas Feridas";"Anoitecer";"Decrescente";"Céu Claro";"Simples";"Reta";"Não";2;0;1;0;1;0;1;2;-26,870665;-49,021896;"SPRF-SC";"DEL04-SC";"UOP01-DEL04-SC"
200963;2019-04-03;"quarta-feira";"17:30:00";"MT";163;833;"SINOP";"Ingestão de Álcool";"Colisão lateral";"Sem Vítimas";"Plena Noite";"Crescente";"Chuva";"Dupla";"Retorno Regulamentado";"Sim";3;0;0;0;2;2;0;4;-12,004832;-55,51713;"SPRF-MT";"DEL06-MT";"UOP01-DEL06-MT"
200969;2019-02-15;"sexta-feira";"05:15:00";"RJ";116;288,6;"BARRA MANSA";"Agressão Externa";"Colisão lateral";"Com Vítimas Feridas";"Plena Noite";"Decrescente";"Nublado";"Dupla";"Reta";"Não";5;0;4;0;1;0;4;2;-22,449371;-44,321712;"SPRF-RJ";"DEL07-RJ";"UOP02-DEL07-RJ"
200982;2019-04-03;"quarta-feira";"19:30:00";"GO";153;647,4;"MORRINHOS";"Desobediência às normas de trânsito pelo condutor";"Colisão lateral";"Com Vítimas Feridas";"Plena Noite";"Decrescente";"Chuva";"Dupla";"Reta";"Não";6;0;3;0;2;2;3;4;-17,9406;-49,2466;"SPRF-GO";"DEL03-GO";"UOP01-DEL03-GO"
200986;2019-04-03;"quarta-feira";"20:35:00";"GO";20;30;"FORMOSA";"Fenômenos da Natureza";"Incêndio";"Sem Vítimas";"Anoitecer";"Crescente";"Céu Claro";"Simples";"Reta";"Não";2;0;0;0;1;1;0;2;-15,498156;-47,109814;"SPRF-DF";"DEL02-DF";"UOP01-DEL02-DF"
200987;2019-04-03;"quarta-feira";"16:00:00";"RJ";493;79;"JAPERI";"Falta de Atenção à Condução";"Derramamento de carga";"Sem Vítimas";"Pleno dia";"Decrescente";"Nublado";"Dupla";"Reta";"Sim";2;0;0;0;1;1;0;2;-22,6571928;-43,61369222;"SPRF-RJ";"DEL01-RJ";"UOP03-DEL01-RJ"
200990;2019-04-03;"quarta-feira";"21:00:00";"RS";285;450,6;"IJUI";"Falta de Atenção à Condução";"Colisão frontal";"Com Vítimas Feridas";"Plena Noite";"Crescente";"Céu Claro";"Simples";"Curva";"Não";4;0;2;0;1;1;2;3;-28,37539169;-53,84433746;"SPRF-RS";"DEL10-RS";"UOP01-DEL10-RS"
200993;2019-04-03;"quarta-feira";"21:00:00";"SC";101;213,8;"PALHOCA";"Não guardar distância de segurança";"Colisão traseira";"Com Vítimas Feridas";"Plena Noite";"Decrescente";"Céu Claro";"Dupla";"Reta";"Sim";3;0;0;1;2;0;1;2;-27,63697369;-48,66514142;"SPRF-SC";"DEL01-SC";"UOP02-DEL01-SC"
201004;2019-04-03;"quarta-feira";"21:45:00";"PR";369;502,5;"CORBELIA";"Agressão Externa";"Saída de leito carroçável";"Com Vítimas Fatais";"Plena Noite";"Decrescente";"Céu Claro";"Simples";"Reta";"Não";3;1;1;0;0;1;1;2;-24,801;-53,2905;"SPRF-PR";"DEL04-PR";"UOP03-DEL04-PR"
201008;2019-04-03;"quarta-feira";"22:42:00";"MG";40;175,5;"JOAO PINHEIRO";"Velocidade Incompatível";"Tombamento";"Com Vítimas Feridas";"Plena Noite";"Crescente";"Céu Claro";"Simples";"Curva";"Não";2;0;2;0;0;0;2;1;-17,95361306;-46,02013215;"SPRF-MG";"DEL14-MG";"UOP02-DEL14-MG"
201009;2019-04-03;"quarta-feira";"23:20:00";"PR";376;490;"PONTA GROSSA";"Objeto estático sobre o leito carroçável";"Colisão lateral";"Com Vítimas Feridas";"Plena Noite";"Crescente";"Ignorado";"Dupla";"Curva";"Sim";3;0;1;0;1;1;1;3;-25,14692309;-50,15072006;"SPRF-PR";"DEL03-PR";"UOP04-DEL03-PR"
201010;2019-04-03;"quarta-feira";"22:10:00";"MT";364;208;"RONDONOPOLIS";"Velocidade Incompatível";"Saída de leito carroçável";"Com Vítimas Feridas";"Plena Noite";"Decrescente";"Céu Claro";"Dupla";"Reta";"Sim";3;0;2;0;0;1;2;2;-16,43109083;-54,69034196;"SPRF-MT";"DEL02-MT";"UOP01-DEL02-MT"
201014;2019-04-03;"quarta-feira";"22:40:00";"MT";364;511;"JANGADA";"Condutor Dormindo";"Saída de leito carroçável";"Com Vítimas Feridas";"Plena Noite";"Decrescente";"Nublado";"Simples";"Reta";"Não";2;0;1;0;0;1;1;2;-15,17443126;-56,52465724;"SPRF-MT";"DEL01-MT";"DEL2/4-UOP02/MT"
201016;2019-04-04;"quinta-feira";"00:40:00";"PR";369;188;"ARAPONGAS";"Ingestão de Álcool";"Colisão traseira";"Com Vítimas Feridas";"Plena Noite";"Crescente";"Céu Claro";"Simples";"Reta";"Sim";4;0;0;1;3;0;1;2;-23,382952;-51,418261;"SPRF-PR";"DEL07-PR";"UOP03-DEL07-PR"
201018;2019-04-03;"quarta-feira";"20:30:00";"SC";282;453,7;"PONTE SERRADA";"Falta de Atenção à Condução";"Tombamento";"Com Vítimas Feridas";"Plena Noite";"Decrescente";"Céu Claro";"Simples";"Reta";"Não";2;0;1;0;0;1;1;2;-26,89823;-51,976665;"SPRF-SC";"DEL07-SC";"UOP04-DEL07-SC"
201022;2019-04-04;"quinta-feira";"04:50:00";"PR";153;467;"PORTO VITORIA";"Condutor Dormindo";"Saída de leito carroçável";"Sem Vítimas";"Plena Noite";"Crescente";"Nublado";"Múltipla";"Reta";"Não";2;0;0;0;2;0;0;1;-26,28137164;-51,18691206;"SPRF-PR";"DEL02-PR";"UOP03-DEL02-PR"
201024;2019-04-04;"quinta-feira";"06:05:00";"DF";20;19;"BRASILIA";"Falta de Atenção à Condução";"Colisão lateral";"Com Vítimas Feridas";"Pleno dia";"Decrescente";"Céu Claro";"Dupla";"Reta";"Não";2;0;1;0;1;0;1;2;-15,61291078;-47,70241141;"SPRF-DF";"DEL02-DF";"UOP01-DEL02-DF"
201025;2019-04-04;"quinta-feira";"04:40:00";"MT";364;1238,5;"COMODORO";"Objeto estático sobre o leito carroçável";"Colisão traseira";"Com Vítimas Fatais";"Amanhecer";"Decrescente";"Nevoeiro/Neblina";"Simples";"Reta";"Não";32;3;22;6;0;1;28;3;-13,78996901;-59,65469501;"SPRF-MT";"DEL04-MT";"UOP01-DEL04-MT"
201030;2019-04-04;"quinta-feira";"06:25:00";"DF";40;5,7;"BRASILIA";"Desobediência às normas de trânsito pelo condutor";"Colisão lateral";"Sem Vítimas";"Pleno dia";"Decrescente";"Céu Claro";"Dupla";"Reta";"Sim";3;0;0;0;2;2;0;4;-16,020903;-47,980541;"SPRF-DF";"DEL01-DF";"UOP01-DEL01-DF"
201032;2019-04-04;"quinta-feira";"07:20:00";"PE";101;68,1;"RECIFE";"Defeito Mecânico no Veículo";"Colisão traseira";"Com Vítimas Feridas";"Pleno dia";"Decrescente";"Sol";"Dupla";"Viaduto";"Sim";5;0;2;0;3;0;2;5;-8,05074296;-34,94580619;"SPRF-PE";"DEL01-PE";"UOP01-DEL01-PE"
201035;2019-04-04;"quinta-feira";"06:18:00";"PA";155;341;"MARABA";"Condutor Dormindo";"Colisão transversal";"Com Vítimas Feridas";"Amanhecer";"Crescente";"Chuva";"Simples";"Reta";"Não";8;0;1;1;4;2;2;3;-5,387271;-49,079014;"SPRF-PA";"DEL03-PA";"UOP01-DEL03-PA"
201038;2019-04-04;"quinta-feira";"07:40:00";"PR";376;659,8;"TIJUCAS DO SUL";"Velocidade Incompatível";"Colisão com objeto estático";"Sem Vítimas";"Pleno dia";"Crescente";"Céu Claro";"Dupla";"Declive;Curva";"Não";2;0;0;0;1;1;0;2;-25,8497383;-49,01288607;"SPRF-PR";"DEL01-PR";"UOP04-DEL01-PR"
201043;2019-04-03;"quarta-feira";"21:50:00";"PR";153;144,4;"VENTANIA";"Velocidade Incompatível";"Tombamento";"Com Vítimas Feridas";"Plena Noite";"Decrescente";"Nublado";"Simples";"Curva";"Não";2;0;1;0;0;1;1;2;-24,11520209;-50,24475554;"SPRF-PR";"DEL07-PR";"UOP04-DEL07-PR"
201044;2019-04-04;"quinta-feira";"08:20:00";"PR";116;40,1;"CAMPINA GRANDE DO SUL";"Velocidade Incompatível";"Tombamento";"Com Vítimas Feridas";"Pleno dia";"Decrescente";"Sol";"Dupla";"Curva";"Não";2;0;0;1;0;1;1;2;-25,16445203;-48,86237697;"SPRF-PR";"DEL01-PR";"UOP02-DEL01-PR"
201046;2019-04-04;"quinta-feira";"07:10:00";"RJ";116;6;"SAPUCAIA";"Falta de Atenção à Condução";"Colisão lateral";"Com Vítimas Feridas";"Pleno dia";"Crescente";"Céu Claro";"Simples";"Reta";"Não";3;0;1;0;2;0;1;2;-21,90897631;-42,69105244;"SPRF-RJ";"DEL04-RJ";"UOP01-DEL04-RJ"
201048;2019-03-27;"quarta-feira";"10:00:00";"MS";163;32;"ELDORADO";"Falta de Atenção à Condução";"Colisão lateral";"Com Vítimas Feridas";"Pleno dia";"Crescente";"Céu Claro";"Simples";"Reta";"Não";5;0;1;0;3;1;1;3;-23,83294599;-54,33311204;"SPRF-MS";"DEL09-MS";"UOP02-DEL09-MS"
201052;2019-04-04;"quinta-feira";"08:00:00";"RS";468;81;"CAMPO NOVO";"Falta de Atenção à Condução";"Colisão lateral";"Com Vítimas Feridas";"Pleno dia";"Crescente";"Céu Claro";"Simples";"Reta";"Não";3;0;1;0;2;0;1;2;-27,61739378;-53,86292749;"SPRF-RS";"DEL08-RS";"UOP02-DEL08-RS"
201059;2019-04-04;"quinta-feira";"09:50:00";"ES";101;190,5;"ARACRUZ";"Falta de Atenção à Condução";"Colisão transversal";"Com Vítimas Feridas";"Pleno dia";"Crescente";"Céu Claro";"Simples";"Rotatória";"Sim";3;0;0;2;1;0;2;2;-19,68560509;-40,27853793;"SPRF-ES";"DEL04-ES";"UOP01-DEL04-ES"
201065;2019-04-03;"quarta-feira";"18:00:00";"MA";222;615;"ACAILANDIA";"Defeito na Via";"Tombamento";"Sem Vítimas";"Anoitecer";"Crescente";"Ignorado";"Simples";"Aclive";"Não";2;0;0;0;1;3;0;4;-4,71889586;-47,00261631;"SPRF-MA";"DEL04-MA";"UOP03-DEL04-MA"
201067;2019-04-04;"quinta-feira";"09:15:00";"SC";101;40,5;"JOINVILLE";"Agressão Externa";"Colisão lateral";"Sem Vítimas";"Pleno dia";"Crescente";"Sol";"Dupla";"Aclive";"Sim";5;0;0;0;4;1;0;3;-26,27176094;-48,89468382;"SPRF-SC";"DEL03-SC";"UOP01-DEL03-SC"
201071;2019-04-04;"quinta-feira";"11:05:00";"GO";70;322;"GOIAS";"Desobediência às normas de trânsito pelo condutor";"Colisão lateral";"Com Vítimas Fatais";"Pleno dia";"Crescente";"Céu Claro";"Simples";"Reta";"Sim";2;1;0;0;1;0;0;2;-15,89534882;-50,44062194;"SPRF-GO";"DEL04-GO";"UOP01-DEL04-GO"
201076;2019-04-04;"quinta-feira";"11:40:00";"MG";381;477,7;"CONTAGEM";"Defeito Mecânico no Veículo";"Colisão lateral";"Com Vítimas Feridas";"Pleno dia";"Crescente";"Sol";"Dupla";"Reta";"Sim";3;0;2;0;1;0;2;2;-19,96179268;-44,05041676;"SPRF-MG";"DEL01-MG";"UOP03-DEL01-MG"
201077;2019-04-04;"quinta-feira";"11:40:00";"GO";452;125,4;"BOM JESUS DE GOIAS";"Falta de Atenção à Condução";"Tombamento";"Com Vítimas Feridas";"Pleno dia";"Crescente";"Sol";"Simples";"Curva";"Não";3;0;2;0;0;1;2;3;-18,19733241;-49,78138208;"SPRF-GO";"DEL03-GO";"UOP02-DEL03-GO"
201078;2019-04-04;"quinta-feira";"11:15:00";"SC";101;200,9;"SAO JOSE";"Defeito Mecânico no Veículo";"Colisão com objeto estático";"Sem Vítimas";"Pleno dia";"Crescente";"Céu Claro";"Múltipla";"Reta";"Sim";3;0;0;0;3;0;0;3;-27,54018513;-48,62287714;"SPRF-SC";"DEL01-SC";"UOP01-DEL01-SC"
201080;2019-04-04;"quinta-feira";"12:05:00";"BA";324;566;"SAO SEBASTIAO DO PASSE";"Falta de Atenção à Condução";"Tombamento";"Com Vítimas Feridas";"Pleno dia";"Decrescente";"Nublado";"Dupla";"Reta";"Não";2;0;1;0;0;2;1;3;-12,52455997;-38,61040198;"SPRF-BA";"DEL01-BA";"UOP01-DEL01-BA"
201083;2019-04-04;"quinta-feira";"12:00:00";"RJ";116;275;"BARRA MANSA";"Defeito Mecânico no Veículo";"Colisão com objeto estático";"Com Vítimas Feridas";"Pleno dia";"Crescente";"Céu Claro";"Múltipla";"Interseção de Vias";"Não";4;0;1;0;3;0;1;2;-22,56207185;-44,15671311;"SPRF-RJ";"DEL07-RJ";"UOP02-DEL07-RJ"
201086;2019-04-04;"quinta-feira";"12:50:00";"MG";40;608;"CONGONHAS";"Falta de Atenção à Condução";"Colisão traseira";"Com Vítimas Feridas";"Pleno dia";"Decrescente";"Céu Claro";"Simples";"Reta";"Sim";7;0;2;0;3;4;2;8;-20,48427186;-43,83895771;"SPRF-MG";"DEL05-MG";"UOP02-DEL05-MG"
201088;2019-04-04;"quinta-feira";"13:00:00";"MG";153;83;"PRATA";"Condutor Dormindo";"Saída de leito carroçável";"Com Vítimas Feridas";"Pleno dia";"Crescente";"Sol";"Simples";"Aclive;Reta";"Não";2;0;1;0;0;1;1;2;-19,08815127;-48,99176131;"SPRF-MG";"DEL15-MG";"UOP03-DEL15-MG"
201098;2019-04-04;"quinta-feira";"09:20:00";"SC";282;481;"FAXINAL DOS GUEDES";"Velocidade Incompatível";"Colisão lateral";"Com Vítimas Fatais";"Pleno dia";"Crescente";"Sol";"Simples";"Reta";"Não";4;2;1;0;1;0;1;3;-26,865356;-52,209568;"SPRF-SC";"DEL07-SC";"UOP01-DEL07-SC"
201105;2019-04-04;"quinta-feira";"15:00:00";"PR";116;152;"MANDIRITUBA";"Ingestão de Álcool";"Colisão transversal";"Com Vítimas Feridas";"Pleno dia";"Crescente";"Chuva";"Simples";"Retorno Regulamentado";"Sim";2;0;0;2;0;0;2;2;-25,83236296;-49,33609707;"SPRF-PR";"DEL01-PR";"UOP03-DEL01-PR"
201106;2019-04-04;"quinta-feira";"15:00:00";"RS";392;150;"CANGUCU";"Falta de Atenção à Condução";"Capotamento";"Com Vítimas Fatais";"Pleno dia";"Decrescente";"Céu Claro";"Simples";"Interseção de Vias";"Não";1;1;0;0;0;0;0;1;-31,17168485;-52,85179138;"SPRF-RS";"DEL07-RS";"UOP01-DEL07-RS"
201116;2019-04-04;"quinta-feira";"15:20:00";"RS";392;254,5;"CACAPAVA DO SUL";"Velocidade Incompatível";"Tombamento";"Com Vítimas Feridas";"Pleno dia";"Decrescente";"Chuva";"Simples";"Curva";"Não";2;0;1;0;0;2;1;3;-30,51892155;-53,45598271;"SPRF-RS";"DEL09-RS";"UOP02-DEL09-RS"
201117;2019-04-04;"quinta-feira";"15:00:00";"SP";116;149,4;"SAO JOSE DOS CAMPOS";"Falta de Atenção à Condução";"Colisão traseira";"Sem Vítimas";"Pleno dia";"Decrescente";"Sol";"Dupla";"Reta";"Sim";3;0;0;0;2;2;0;4;-23,20700047;-45,88626861;"SPRF-SP";"DEL02-SP";"UOP01-DEL02-SP"
201119;2019-04-04;"quinta-feira";"15:12:00";"PE";232;413,6;"SERRA TALHADA";"Falta de Atenção à Condução";"Colisão transversal";"Com Vítimas Feridas";"Pleno dia";"Decrescente";"Sol";"Simples";"Reta";"Sim";3;0;0;2;1;0;2;2;-7,9873957;-38,3275454;"SPRF-PE";"DEL04-PE";"UOP01-DEL04-PE"
201122;2019-04-04;"quinta-feira";"16:45:00";"PR";376;157,5;"MANDAGUACU";"Velocidade Incompatível";"Derramamento de carga";"Com Vítimas Feridas";"Pleno dia";"Crescente";"Sol";"Dupla";"Viaduto";"Sim";4;0;2;0;1;1;2;3;-23,34926937;-52,09088087;"SPRF-PR";"DEL07-PR";"UOP01-DEL09-PR"
201124;2019-04-04;"quinta-feira";"16:30:00";"GO";153;591;"PROFESSOR JAMIL";"Defeito Mecânico no Veículo";"Saída de leito carroçável";"Com Vítimas Feridas";"Pleno dia";"Decrescente";"Nublado";"Dupla";"Declive";"Não";1;0;1;0;0;0;1;1;-17,46711938;-49,21847641;"SPRF-GO";"DEL03-GO";"UOP01-DEL03-GO"
201128;2019-04-04;"quinta-feira";"15:20:00";"PR";376;440,1;"TIBAGI";"Velocidade Incompatível";"Tombamento";"Sem Vítimas";"Pleno dia";"Crescente";"Sol";"Dupla";"Curva;Aclive";"Não";2;0;0;0;1;2;0;3;-24,80660344;-50,4887867;"SPRF-PR";"DEL03-PR";"UOP02-DEL03-PR"
201129;2019-04-04;"quinta-feira";"16:45:00";"SC";470;158,4;"TROMBUDO CENTRAL";"Falta de Atenção à Condução";"Colisão transversal";"Com Vítimas Feridas";"Pleno dia";"Crescente";"Chuva";"Simples";"Interseção de Vias";"Não";5;0;1;0;3;1;1;4;-27,287016;-49,778389;"SPRF-SC";"DEL04-SC";"UOP02-DEL04-SC"
201132;2019-04-04;"quinta-feira";"14:00:00";"MA";10;253;"IMPERATRIZ";"Desobediência às normas de trânsito pelo condutor";"Colisão lateral";"Com Vítimas Feridas";"Pleno dia";"Crescente";"Nublado";"Simples";"Reta";"Sim";2;0;0;1;1;0;1;2;-5,526911;-47,471455;"SPRF-MA";"DEL04-MA";"UOP01-DEL04-MA"
201133;2019-04-04;"quinta-feira";"17:30:00";"RS";116;52,5;"VACARIA";"Mal Súbito";"Saída de leito carroçável";"Com Vítimas Feridas";"Pleno dia";"Decrescente";"Nublado";"Simples";"Reta";"Não";2;0;1;0;0;1;1;2;-28,58535593;-51,0287494;"SPRF-RS";"DEL05-RS";"UOP03-DEL05-RS"