"id";"data_inversa";"dia_semana";"horario";"uf";"br";"km";"municipio";"causa_acidente";"tipo_acidente";"classificacao_acidente";"fase_dia";"sentido_via";"condicao_metereologica";"tipo_pista";"tracado_via";"uso_solo";"pessoas";"mortos";"feridos_leves";"feridos_graves";"ilesos";"ignorados";"feridos";"veiculos";"latitude";"longitude";"regional";"delegacia";"uop"
201135;2019-04-04;"quinta-feira";"17:15:00";"RS";386;341,2;"LAJEADO";"Falta de Atenção à Condução";"Colisão transversal";"Sem Vítimas";"Pleno dia";"Crescente";"Céu Claro";"Simples";"Reta";"Sim";2;0;0;0;2;0;0;2;-29,425882;-52,019684;"SPRF-RS";"DEL04-RS";"UOP01-DEL04-RS"
201141;2019-04-04;"quinta-feira";"17:30:00";"MG";381;481,7;"BETIM";"Não guardar distância de segurança";"Colisão com objeto estático";"Com Vítimas Feridas";"Pleno dia";"Decrescente";"Sol";"Dupla";"Reta;Declive";"Sim";3;0;2;0;1;0;2;3;-19,95931561;-44,08825597;"SPRF-MG";"DEL01-MG";"UOP03-DEL01-MG"
201146;2019-04-04;"quinta-feira";"18:40:00";"CE";222;11,8;"CAUCAIA";"Defeito na Via";"Tombamento";"Com Vítimas Fatais";"Plena Noite";"Decrescente";"Nublado";"Dupla";"Curva";"Sim";3;1;0;0;1;1;0;3;-3,76553254;-38,66713285;"SPRF-CE";"DEL01-CE";"UOP01-DEL01-CE"
201151;2019-04-04;"quinta-feira";"19:20:00";"RN";304;296,9;"MACAIBA";"Falta de Atenção do Pedestre";"Atropelamento de Pedestre";"Com Vítimas Feridas";"Plena Noite";"Crescente";"Céu Claro";"Dupla";"Reta";"Não";2;0;0;1;1;0;1;2;-5,86484905;-35,34931012;"SPRF-RN";"DEL01-RN";"UOP02-DEL01-RN"
201155;2019-04-04;"quinta-feira";"18:20:00";"PR";163;298;"MERCEDES";"Ultrapassagem Indevida";"Colisão lateral";"Com Vítimas Feridas";"Plena Noite";"Crescente";"Nublado";"Simples";"Reta";"Não";4;0;2;0;1;1;2;3;-24,47652508;-54,13238525;"SPRF-PR";"DEL06-PR";"UOP02-DEL06-PR"
201159;2019-04-04;"quinta-feira";"18:45:00";"ES";262;2;"CARIACICA";"Falta de Atenção à Condução";"Colisão lateral";"Com Vítimas Feridas";"Plena Noite";"Decrescente";"Garoa/Chuvisco";"Dupla";"Reta";"Sim";2;0;1;0;1;0;1;2;-20,33275688;-40,36077696;"SPRF-ES";"DEL01-ES";"UOP01-DEL01-ES"
201168;2019-04-04;"quinta-feira";"20:20:00";"MG";381;925,2;"ITAPEVA";"Velocidade Incompatível";"Derramamento de carga";"Sem Vítimas";"Plena Noite";"Crescente";"Céu Claro";"Dupla";"Curva";"Não";2;0;0;0;2;0;0;2;-22,777207;-46,23911301;"SPRF-MG";"DEL16-MG";"UOP03-DEL16-MG"
201171;2019-04-04;"quinta-feira";"19:50:00";"RS";392;4,9;"RIO GRANDE";"Ingestão de Álcool";"Colisão traseira";"Com Vítimas Feridas";"Plena Noite";"Crescente";"Chuva";"Simples";"Reta";"Sim";2;0;1;0;1;0;1;2;-32,06960295;-52,09547805;"SPRF-RS";"DEL07-RS";"UOP02-DEL07-RS"
201175;2019-04-04;"quinta-feira";"21:40:00";"GO";153;511;"APARECIDA DE GOIANIA";"Pista Escorregadia";"Colisão traseira";"Com Vítimas Feridas";"Plena Noite";"Crescente";"Chuva";"Dupla";"Declive";"Sim";3;0;2;0;1;0;2;2;-16,8067;-49,2394;"SPRF-GO";"DEL01-GO";"UOP03-DEL01-GO"
201176;2019-04-04;"quinta-feira";"20:40:00";"SC";101;432,2;"SOMBRIO";"Ingestão de Álcool";"Colisão traseira";"Com Vítimas Feridas";"Plena Noite";"Decrescente";"Céu Claro";"Dupla";"Reta";"Sim";3;0;1;0;1;3;1;5;-29,07326609;-49,62717768;"SPRF-SC";"DEL02-SC";"UOP02-DEL02-SC"
201177;2019-04-04;"quinta-feira";"18:45:00";"RN";304;114,7;"ACU";"Falta de Atenção à Condução";"Colisão traseira";"Com Vítimas Feridas";"Plena Noite";"Crescente";"Céu Claro";"Simples";"Reta";"Não";4;0;1;1;1;1;2;3;-5,60985893;-36,90493696;"SPRF-RN";"DEL04-RN";"UOP01-DEL04-RN"
201179;2019-04-04;"quinta-feira";"18:00:00";"MA";316;439,2;"PERITORO";"Falta de Atenção à Condução";"Colisão traseira";"Com Vítimas Feridas";"Anoitecer";"Decrescente";"Garoa/Chuvisco";"Simples";"Declive";"Não";4;0;1;0;2;2;1;5;-4,423808;-44,214956;"SPRF-MA";"DEL03-MA";"UOP01-DEL03-MA"
201189;2019-04-04;"quinta-feira";"21:20:00";"MG";40;612;"CONGONHAS";"Falta de Atenção à Condução";"Colisão traseira";"Com Vítimas Feridas";"Plena Noite";"Crescente";"Céu Claro";"Simples";"Reta";"Sim";3;0;0;1;1;1;1;3;-20,51778098;-43,83603641;"SPRF-MG";"DEL05-MG";"UOP02-DEL05-MG"
201196;2019-04-04;"quinta-feira";"18:00:00";"RJ";116;196,5;"QUEIMADOS";"Restrição de Visibilidade";"Atropelamento de Pedestre";"Com Vítimas Fatais";"Plena Noite";"Crescente";"Céu Claro";"Dupla";"Reta";"Sim";5;1;0;0;3;1;0;4;-22,73336575;-43,55659479;"SPRF-RJ";"DEL01-RJ";"UOP03-DEL01-RJ"
201203;2019-04-04;"quinta-feira";"23:30:00";"CE";116;36;"HORIZONTE";"Falta de Atenção à Condução";"Colisão traseira";"Sem Vítimas";"Plena Noite";"Crescente";"Céu Claro";"Dupla";"Reta";"Não";2;0;0;0;1;1;0;2;-4,06091689;-38,50402951;"SPRF-CE";"DEL01-CE";"UOP02-DEL01-CE"
201204;2019-04-04;"quinta-feira";"21:20:00";"MG";381;558,7;"ITAGUARA";"Falta de Atenção à Condução";"Colisão traseira";"Com Vítimas Feridas";"Plena Noite";"Crescente";"Céu Claro";"Dupla";"Reta";"Não";6;0;0;1;4;2;1;5;-20,35651781;-44,45838506;"SPRF-MG";"DEL04-MG";"UOP03-DEL04-MG"
201205;2019-04-04;"quinta-feira";"23:30:00";"SP";116;38;"CACHOEIRA PAULISTA";"Velocidade Incompatível";"Colisão traseira";"Com Vítimas Fatais";"Plena Noite";"Decrescente";"Nublado";"Dupla";"Reta";"Não";3;1;1;0;1;0;1;2;-22,67026579;-44,99183604;"SPRF-SP";"DEL08-SP";"UOP02-DEL08-SP"
201208;2019-04-04;"quinta-feira";"23:30:00";"CE";116;105,7;"MORADA NOVA";"Animais na Pista";"Atropelamento de Animal";"Sem Vítimas";"Plena Noite";"Decrescente";"Nublado";"Simples";"Reta";"Não";5;0;0;0;5;0;0;1;-4,54857288;-38,28304795;"SPRF-CE";"DEL03-CE";"UOP02-DEL03-CE"
201212;2019-04-05;"sexta-feira";"00:10:00";"RS";285;398,7;"PANAMBI";"Velocidade Incompatível";"Colisão frontal";"Com Vítimas Fatais";"Plena Noite";"Decrescente";"Chuva";"Simples";"Reta";"Não";31;1;21;2;7;0;23;2;-28,38474926;-53,34605455;"SPRF-RS";"DEL10-RS";"UOP02-DEL10-RS"
201214;2019-04-04;"quinta-feira";"23:08:00";"PR";376;676;"GUARATUBA";"Defeito Mecânico no Veículo";"Saída de leito carroçável";"Sem Vítimas";"Plena Noite";"Decrescente";"Nublado";"Dupla";"Retorno Regulamentado";"Não";1;0;0;0;1;0;0;1;-25,9253011;-48,91465313;"SPRF-PR";"DEL01-PR";"UOP04-DEL01-PR"
201216;2019-04-05;"sexta-feira";"00:30:00";"RS";290;35,9;"SANTO ANTONIO DA PATRULHA";"Condutor Dormindo";"Saída de leito carroçável";"Com Vítimas Fatais";"Plena Noite";"Decrescente";"Chuva";"Dupla";"Reta";"Não";2;1;0;0;0;1;0;2;-29,885258;-50,606964;"SPRF-RS";"DEL03-RS";"UOP01-DEL03-RS"
201220;2019-04-05;"sexta-feira";"02:00:00";"BA";116;468,2;"SANTO ESTEVAO";"Condutor Dormindo";"Saída de leito carroçável";"Com Vítimas Feridas";"Plena Noite";"Crescente";"Nublado";"Dupla";"Reta";"Não";2;0;1;0;0;1;1;2;-12,47596965;-39,30219104;"SPRF-BA";"DEL02-BA";"UOP01-DEL02-BA"
201221;2019-04-05;"sexta-feira";"02:50:00";"ES";101;246,3;"SERRA";"Condutor Dormindo";"Saída de leito carroçável";"Sem Vítimas";"Plena Noite";"Crescente";"Céu Claro";"Dupla";"Reta";"Não";2;0;0;0;2;0;0;1;-20,06198397;-40,37678888;"SPRF-ES";"DEL02-ES";"UOP01-DEL02-ES"
201223;2019-04-05;"sexta-feira";"00:00:00";"RR";174;23;"RORAINOPOLIS";"Falta de Atenção à Condução";"Colisão lateral";"Com Vítimas Feridas";"Plena Noite";"Decrescente";"Céu Claro";"Simples";"Aclive";"Não";6;0;2;1;2;1;3;2;-0,664476;-60,591164;"SPRF-RR";"DEL01-RR";"UOP04/RR"
201226;2019-04-05;"sexta-feira";"04:40:00";"ES";101;154;"LINHARES";"Falta de Atenção à Condução";"Colisão lateral";"Com Vítimas Feridas";"Amanhecer";"Decrescente";"Céu Claro";"Simples";"Reta";"Sim";2;0;1;0;1;0;1;2;-19,43087618;-40,08393774;"SPRF-ES";"DEL04-ES";"UOP01-DEL04-ES"
201227;2019-04-05;"sexta-feira";"02:10:00";"MG";381;688,3;"LAVRAS";"Condutor Dormindo";"Tombamento";"Com Vítimas Feridas";"Plena Noite";"Decrescente";"Céu Claro";"Dupla";"Curva";"Não";1;0;1;0;0;0;1;1;-21,21737985;-45,1265452;"SPRF-MG";"DEL04-MG";"UOP02-DEL04-MG"
201229;2019-04-05;"sexta-feira";"04:00:00";"SP";116;511,1;"CAJATI";"Velocidade Incompatível";"Colisão com objeto estático";"Com Vítimas Feridas";"Amanhecer";"Crescente";"Nublado";"Simples";"Curva;Declive";"Não";2;0;1;0;1;0;1;1;-24,83558399;-48,2223738;"SPRF-SP";"DEL05-SP";"UAP01-DEL05-SP"
201230;2019-04-05;"sexta-feira";"05:30:00";"RN";427;87,6;"CAICO";"Falta de Atenção à Condução";"Colisão frontal";"Com Vítimas Feridas";"Pleno dia";"Crescente";"Céu Claro";"Simples";"Reta";"Não";2;0;0;1;1;0;1;2;-6,49901334;-37,01300751;"SPRF-RN";"DEL03-RN";"UOP01-DEL03-RN"
201234;2019-04-04;"quinta-feira";"23:30:00";"RS";116;361,2;"TAPES";"Ingestão de Álcool";"Colisão traseira";"Sem Vítimas";"Plena Noite";"Decrescente";"Chuva";"Simples";"Reta";"Não";2;0;0;0;2;0;0;2;-30,63341897;-51,54988909;"SPRF-RS";"DEL02-RS";"UOP03-DEL02-RS"
201249;2019-04-05;"sexta-feira";"06:10:00";"MT";364;347;"SANTO ANTONIO DO LEVERGER";"Defeito Mecânico no Veículo";"Saída de leito carroçável";"Com Vítimas Feridas";"Amanhecer";"Crescente";"Céu Claro";"Dupla";"Declive";"Não";3;0;2;0;0;2;2;3;-15,807347;-55,54692;"SPRF-MT";"DEL02-MT";"UOP02-DEL01-MT"
201252;2019-04-05;"sexta-feira";"07:30:00";"PI";343;343,5;"TERESINA";"Ultrapassagem Indevida";"Colisão lateral";"Com Vítimas Feridas";"Pleno dia";"Decrescente";"Nublado";"Simples";"Interseção de Vias";"Sim";2;0;0;1;1;0;1;2;-5,087362;-42,757851;"SPRF-PI";"DEL01-PI";"UOP01-DEL01-PI"
201254;2019-04-05;"sexta-feira";"08:30:00";"MG";381;350;"JOAO MONLEVADE";"Velocidade Incompatível";"Saída de leito carroçável";"Com Vítimas Feridas";"Pleno dia";"Crescente";"Céu Claro";"Simples";"Curva";"Não";2;0;1;0;0;1;1;2;-19,84953832;-43,15779198;"SPRF-MG";"DEL03-MG";"UOP01-DEL03-MG"
201257;2019-04-05;"sexta-feira";"02:20:00";"RJ";40;94;"DUQUE DE CAXIAS";"Falta de Atenção à Condução";"Tombamento";"Com Vítimas Feridas";"Plena Noite";"Crescente";"Garoa/Chuvisco";"Simples";"Reta";"Não";1;0;1;0;0;0;1;1;-22,55763285;-43,26574352;"SPRF-RJ";"DEL06-RJ";"UOP01-DEL06-RJ"
201260;2019-04-05;"sexta-feira";"08:00:00";"RS";290;93,5;"PORTO ALEGRE";"Falta de Atenção à Condução";"Colisão lateral";"Com Vítimas Feridas";"Pleno dia";"Crescente";"Nublado";"Dupla";"Curva";"Sim";2;0;1;0;1;0;1;2;-29,97147293;-51,1945983;"SPRF-RS";"DEL01-RS";"UOP01-DEL01-RS"
201263;2019-04-05;"sexta-feira";"08:30:00";"BA";101;140,7;"TEODORO SAMPAIO";"Falta de Atenção à Condução";"Colisão lateral";"Com Vítimas Feridas";"Pleno dia";"Decrescente";"Céu Claro";"Simples";"Reta";"Não";5;0;2;0;2;1;2;4;-12,27962454;-38,69316101;"SPRF-BA";"DEL01-BA";"UOP03-DEL01-BA"
201268;2019-04-05;"sexta-feira";"09:00:00";"PR";277;272;"PRUDENTOPOLIS";"Ultrapassagem Indevida";"Colisão traseira";"Com Vítimas Feridas";"Pleno dia";"Crescente";"Sol";"Simples";"Reta";"Não";4;0;1;0;1;2;1;4;-25,38455445;-50,84650092;"SPRF-PR";"DEL03-PR";"UOP02-DEL08-PR"
201271;2019-04-05;"sexta-feira";"09:55:00";"ES";101;264;"SERRA";"Desobediência às normas de trânsito pelo condutor";"Colisão transversal";"Com Vítimas Feridas";"Pleno dia";"Crescente";"Céu Claro";"Múltipla";"Reta";"Sim";3;0;1;0;1;1;1;3;-20,17292791;-40,26736384;"SPRF-ES";"DEL02-ES";"UOP01-DEL02-ES"
201272;2019-02-08;"sexta-feira";"16:20:00";"PR";369;57,5;"BANDEIRANTES";"Desobediência às normas de trânsito pelo condutor";"Colisão transversal";"Com Vítimas Feridas";"Pleno dia";"Crescente";"Sol";"Simples";"Declive;Reta";"Não";2;0;1;0;1;0;1;2;-23,11773122;-50,37528098;"SPRF-PR";"DEL07-PR";"UOP05-DEL07-PR"
201277;2019-04-05;"sexta-feira";"06:45:00";"RO";364;666;"CANDEIAS DO JAMARI";"Ultrapassagem Indevida";"Colisão lateral";"Com Vítimas Fatais";"Pleno dia";"Decrescente";"Céu Claro";"Simples";"Reta";"Não";6;1;0;2;2;4;2;7;-8,78045509;-63,47574234;"SPRF-RO";"DEL01-RO";"UOP01-DEL01-RO"
201284;2019-04-05;"sexta-feira";"10:40:00";"BA";116;420;"FEIRA DE SANTANA";"Falta de Atenção à Condução";"Colisão transversal";"Com Vítimas Feridas";"Pleno dia";"Crescente";"Céu Claro";"Simples";"Reta";"Sim";2;0;0;1;1;0;1;2;-12,20321398;-38,96555531;"SPRF-BA";"DEL02-BA";"UOP01-DEL02-BA"
201285;2019-01-15;"terça-feira";"13:50:00";"RJ";101;311;"SAO GONCALO";"Falta de Atenção à Condução";"Colisão lateral";"Com Vítimas Feridas";"Pleno dia";"Decrescente";"Céu Claro";"Dupla";"Reta";"Não";5;0;1;1;2;2;2;4;-22,7928921;-43,0248792;"SPRF-RJ";"DEL02-RJ";"DEL5/2-UOP04/RJ"
201288;2019-04-05;"sexta-feira";"11:10:00";"BA";110;341,4;"ALAGOINHAS";"Defeito Mecânico no Veículo";"Colisão lateral";"Sem Vítimas";"Pleno dia";"Crescente";"Chuva";"Simples";"Curva";"Não";3;0;0;0;3;0;0;2;-12,16805787;-38,41129303;"SPRF-BA";"DEL01-BA";"UOP04-DEL01-BA"
201292;2019-04-05;"sexta-feira";"11:20:00";"TO";153;671,6;"GURUPI";"Desobediência às normas de trânsito pelo condutor";"Colisão lateral";"Com Vítimas Feridas";"Pleno dia";"Decrescente";"Céu Claro";"Dupla";"Interseção de Vias";"Sim";2;0;1;0;1;0;1;2;-11,72075725;-49,07713594;"SPRF-TO";"DEL02-TO";"UOP02-DEL01-TO"
201299;2019-04-05;"sexta-feira";"11:33:00";"MS";163;241,3;"DOURADOS";"Falta de Atenção à Condução";"Colisão frontal";"Com Vítimas Fatais";"Pleno dia";"Decrescente";"Nublado";"Simples";"Curva";"Não";4;1;0;1;1;1;1;3;-22,37928565;-54,79254663;"SPRF-MS";"DEL04-MS";"UOP01-DEL04-MS"
201303;2019-04-05;"sexta-feira";"12:35:00";"RJ";393;167,8;"TRES RIOS";"Desobediência às normas de trânsito pelo condutor";"Atropelamento de Pedestre";"Com Vítimas Feridas";"Pleno dia";"Crescente";"Céu Claro";"Simples";"Reta";"Sim";6;0;0;3;1;2;3;5;-22,127502;-43,147022;"SPRF-RJ";"DEL06-RJ";"UOP01-DEL05-RJ"
201304;2019-04-05;"sexta-feira";"10:00:00";"BA";101;442;"UBAITABA";"Falta de Atenção à Condução";"Colisão transversal";"Com Vítimas Feridas";"Pleno dia";"Crescente";"Céu Claro";"Simples";"Reta";"Não";5;0;2;1;1;1;3;3;-14,292738;-39,324718;"SPRF-BA";"DEL05-BA";"UOP01-DEL05-BA"
201306;2019-04-05;"sexta-feira";"12:50:00";"MG";251;447;"GRAO MOGOL";"Velocidade Incompatível";"Colisão frontal";"Com Vítimas Feridas";"Pleno dia";"Crescente";"Garoa/Chuvisco";"Simples";"Curva";"Não";4;0;1;2;0;1;3;3;-16,43408996;-43,27992195;"SPRF-MG";"DEL12-MG";"UOP01-DEL12-MG"
201307;2019-04-05;"sexta-feira";"12:55:00";"SC";101;362,4;"SANGAO";"Não guardar distância de segurança";"Colisão traseira";"Com Vítimas Feridas";"Pleno dia";"Decrescente";"Nublado";"Múltipla";"Aclive";"Não";3;0;1;0;1;1;1;3;-28,67136197;-49,12225505;"SPRF-SC";"DEL02-SC";"UOP01-DEL02-SC"
201312;2019-04-05;"sexta-feira";"12:40:00";"MA";316;412,4;"ALTO ALEGRE DO MARANHAO";"Não guardar distância de segurança";"Colisão traseira";"Sem Vítimas";"Pleno dia";"Decrescente";"Céu Claro";"Simples";"Reta";"Não";3;0;0;0;2;1;0;3;-4,298169;-44,415096;"SPRF-MA";"DEL03-MA";"UOP01-DEL03-MA"
201313;2019-04-05;"sexta-feira";"12:45:00";"MG";40;70,8;"PARACATU";"Não guardar distância de segurança";"Saída de leito carroçável";"Com Vítimas Feridas";"Pleno dia";"Crescente";"Nublado";"Simples";"Reta";"Não";2;0;0;1;0;1;1;2;-17,400838;-46,727587;"SPRF-MG";"DEL14-MG";"UOP01-DEL14-MG"
201316;2019-04-05;"sexta-feira";"14:20:00";"MG";356;265,8;"MURIAE";"Falta de Atenção à Condução";"Colisão transversal";"Com Vítimas Feridas";"Pleno dia";"Crescente";"Céu Claro";"Simples";"Rotatória";"Sim";4;0;1;0;3;0;1;2;-21,12838898;-42,366803;"SPRF-MG";"DEL07-MG";"UOP02-DEL07-MG"
201321;2019-04-05;"sexta-feira";"12:40:00";"SC";282;495,1;"XANXERE";"Pista Escorregadia";"Tombamento";"Com Vítimas Feridas";"Pleno dia";"Crescente";"Chuva";"Simples";"Curva";"Não";2;0;1;0;0;1;1;2;-26,875349;-52,327076;"SPRF-SC";"DEL07-SC";"UOP01-DEL07-SC"
201324;2019-04-05;"sexta-feira";"14:45:00";"PR";376;217;"JANDAIA DO SUL";"Falta de Atenção do Pedestre";"Atropelamento de Pedestre";"Com Vítimas Fatais";"Pleno dia";"Crescente";"Céu Claro";"Simples";"Rotatória";"Sim";2;1;0;0;1;0;0;2;-23,59524634;-51,64140701;"SPRF-PR";"DEL07-PR";"UOP03-DEL07-PR"
201325;2019-04-05;"sexta-feira";"13:00:00";"MT";163;826;"SINOP";"Falta de Atenção à Condução";"Colisão transversal";"Com Vítimas Feridas";"Pleno dia";"Crescente";"Nublado";"Dupla";"Retorno Regulamentado";"Sim";2;0;0;1;1;0;1;2;-11,87376604;-55,49824119;"SPRF-MT";"DEL06-MT";"UOP01-DEL06-MT"
201326;2019-04-05;"sexta-feira";"14:50:00";"MG";267;302,6;"CAXAMBU";"Velocidade Incompatível";"Colisão lateral";"Com Vítimas Feridas";"Pleno dia";"Crescente";"Céu Claro";"Simples";"Curva";"Não";4;0;1;0;2;1;1;4;-21,95795411;-44,91516374;"SPRF-MG";"DEL05-MG";"UOP01-DEL17-MG"
201327;2019-04-05;"sexta-feira";"11:30:00";"BA";116;736;"BOA NOVA";"Velocidade Incompatível";"Saída de leito carroçável";"Com Vítimas Feridas";"Pleno dia";"Decrescente";"Céu Claro";"Simples";"Curva";"Não";1;0;1;0;0;0;1;1;-14,32130297;-40,32617043;"SPRF-BA";"DEL08-BA";"UOP02-DEL08-BA"
201336;2019-04-05;"sexta-feira";"12:10:00";"CE";222;301;"TIANGUA";"Velocidade Incompatível";"Capotamento";"Com Vítimas Feridas";"Pleno dia";"Crescente";"Nublado";"Simples";"Curva";"Não";1;0;1;0;0;0;1;1;-3,66159701;-40,940041;"SPRF-CE";"DEL04-CE";"UOP02-DEL04-CE"
201337;2019-04-05;"sexta-feira";"16:20:00";"MG";116;810,4;"ALEM PARAIBA";"Desobediência às normas de trânsito pelo condutor";"Colisão com objeto estático";"Com Vítimas Feridas";"Pleno dia";"Crescente";"Céu Claro";"Simples";"Curva;Declive";"Não";4;0;1;2;0;1;3;2;-21,84029908;-42,68088324;"SPRF-MG";"DEL07-MG";"UOP01-DEL07-MG"
201341;2019-04-05;"sexta-feira";"07:40:00";"CE";116;109;"MORADA NOVA";"Defeito na Via";"Saída de leito carroçável";"Sem Vítimas";"Pleno dia";"Decrescente";"Céu Claro";"Simples";"Reta";"Não";1;0;0;0;1;0;0;1;-4,56533401;-38,251164;"SPRF-CE";"DEL03-CE";"UOP02-DEL03-CE"
201347;2019-04-05;"sexta-feira";"14:40:00";"SC";158;102,3;"CUNHA PORA";"Não guardar distância de segurança";"Colisão lateral";"Com Vítimas Feridas";"Pleno dia";"Decrescente";"Chuva";"Simples";"Aclive";"Não";4;0;1;0;2;1;1;3;-26,84425606;-53,17106511;"SPRF-SC";"DEL07-SC";"UOP02-DEL07-SC"
201350;2019-04-05;"sexta-feira";"16:40:00";"GO";60;78,2;"ANAPOLIS";"Mal Súbito";"Colisão traseira";"Com Vítimas Feridas";"Pleno dia";"Crescente";"Céu Claro";"Dupla";"Reta;Aclive";"Sim";2;0;1;0;0;1;1;2;-16,2967;-48,8039;"SPRF-GO";"DEL02-GO";"UOP01-DEL02-GO"
201358;2019-04-05;"sexta-feira";"16:30:00";"SC";282;180,9;"BOCAINA DO SUL";"Velocidade Incompatível";"Colisão transversal";"Com Vítimas Feridas";"Pleno dia";"Crescente";"Céu Claro";"Simples";"Rotatória";"Não";2;0;1;0;1;0;1;2;-27,742239;-49,939873;"SPRF-SC";"DEL05-SC";"UOP01-DEL05-SC"
201366;2019-04-05;"sexta-feira";"18:10:00";"CE";116;1;"FORTALEZA";"Velocidade Incompatível";"Engavetamento";"Sem Vítimas";"Plena Noite";"Decrescente";"Céu Claro";"Dupla";"Reta";"Sim";5;0;0;0;5;0;0;5;-3,76159894;-38,51900662;"SPRF-CE";"DEL01-CE";"UOP02-DEL01-CE"
201372;2019-04-05;"sexta-feira";"19:00:00";"PA";163;994;"SANTAREM";"Ultrapassagem Indevida";"Colisão lateral";"Com Vítimas Feridas";"Plena Noite";"Decrescente";"Nublado";"Simples";"Curva";"Não";3;0;0;2;0;1;2;2;-2,51065088;-54,72411459;"SPRF-PA";"DEL05-PA";"UOP01-DEL05-PA"
201378;2019-04-05;"sexta-feira";"19:10:00";"MG";365;593;"UBERLANDIA";"Falta de Atenção à Condução";"Colisão lateral";"Com Vítimas Feridas";"Plena Noite";"Crescente";"Céu Claro";"Simples";"Curva";"Não";1;0;1;0;0;0;1;1;-18,87604631;-48,07055213;"SPRF-MG";"DEL15-MG";"UOP02-DEL15-MG"
201385;2019-04-05;"sexta-feira";"10:30:00";"GO";60;301,4;"ACREUNA";"Falta de Atenção à Condução";"Saída de leito carroçável";"Sem Vítimas";"Pleno dia";"Crescente";"Céu Claro";"Dupla";"Reta";"Não";1;0;0;0;1;0;0;1;-17,3713;-50,3425;"SPRF-GO";"DEL04-GO";"UOP01-DEL04-GO"
201386;2019-04-05;"sexta-feira";"18:40:00";"SC";101;211,3;"PALHOCA";"Falta de Atenção à Condução";"Colisão transversal";"Com Vítimas Feridas";"Plena Noite";"Crescente";"Céu Claro";"Simples";"Reta";"Sim";3;0;1;0;1;1;1;3;-27,62329313;-48,65245588;"SPRF-SC";"DEL01-SC";"UOP02-DEL01-SC"
201388;2019-04-05;"sexta-feira";"19:00:00";"PR";277;43;"MORRETES";"Não guardar distância de segurança";"Saída de leito carroçável";"Sem Vítimas";"Plena Noite";"Decrescente";"Céu Claro";"Dupla";"Declive;Curva";"Não";2;0;0;0;1;2;0;3;-25,57437908;-48,85418905;"SPRF-PR";"DEL01-PR";"UOP07-DEL01-PR"
201389;2019-04-05;"sexta-feira";"15:45:00";"PR";376;314,3;"ORTIGUEIRA";"Velocidade Incompatível";"Colisão transversal";"Com Vítimas Feridas";"Pleno dia";"Crescente";"Sol";"Simples";"Curva;Declive";"Não";3;0;0;2;0;2;2;4;-23,98509102;-51,08310521;"SPRF-PR";"DEL07-PR";"UOP02-DEL07-PR"
201399;2019-04-05;"sexta-feira";"17:30:00";"RO";319;40;"PORTO VELHO";"Falta de Atenção à Condução";"Colisão lateral";"Sem Vítimas";"Plena Noite";"Decrescente";"Garoa/Chuvisco";"Simples";"Reta";"Não";3;0;0;0;3;0;0;3;-8,63988203;-63,99604448;"SPRF-RO";"DEL01-RO";"UOP01-DEL01-RO"
201409;2019-04-05;"sexta-feira";"21:36:00";"GO";153;429,9;"ANAPOLIS";"Deficiência ou não Acionamento do Sistema de Iluminação/Sinalização do Veículo";"Colisão traseira";"Com Vítimas Feridas";"Plena Noite";"Decrescente";"Céu Claro";"Dupla";"Aclive";"Sim";3;0;1;0;1;1;1;3;-16,245422;-49,001404;"SPRF-GO";"DEL02-GO";"UOP01-DEL02-GO"
201417;2019-04-05;"sexta-feira";"19:45:00";"PR";116;98;"PIRAQUARA";"Falta de Atenção à Condução";"Capotamento";"Com Vítimas Feridas";"Plena Noite";"Decrescente";"Garoa/Chuvisco";"Dupla";"Curva";"Não";5;0;2;0;2;1;2;3;-25,40649601;-49,06060696;"SPRF-PR";"DEL01-PR";"UOP07-DEL01-PR"
201418;2019-04-05;"sexta-feira";"19:50:00";"SC";282;445;"PONTE SERRADA";"Falta de Atenção à Condução";"Colisão lateral";"Com Vítimas Feridas";"Plena Noite";"Decrescente";"Nublado";"Simples";"Curva";"Não";5;0;3;0;1;1;3;3;-26,908545;-51,905785;"SPRF-SC";"DEL07-SC";"UOP04-DEL07-SC"
201434;2019-04-05;"sexta-feira";"23:50:00";"MG";381;490;"BETIM";"Não guardar distância de segurança";"Engavetamento";"Com Vítimas Feridas";"Plena Noite";"Decrescente";"Céu Claro";"Múltipla";"Reta";"Sim";5;0;2;0;2;1;2;4;-19,956186;-44,144075;"SPRF-MG";"DEL01-MG";"UOP03-DEL01-MG"
201436;2019-04-05;"sexta-feira";"23:47:00";"PR";376;631,5;"SAO JOSE DOS PINHAIS";"Falta de Atenção à Condução";"Colisão traseira";"Com Vítimas Feridas";"Plena Noite";"Decrescente";"Nublado";"Dupla";"Reta";"Sim";4;0;0;2;2;0;2;3;-25,70434399;-49,14198595;"SPRF-PR";"DEL01-PR";"UOP04-DEL01-PR"
201437;2019-03-04;"segunda-feira";"14:30:00";"MT";364;792;"CAMPO NOVO DO PARECIS";"Defeito Mecânico no Veículo";"Incêndio";"Sem Vítimas";"Pleno dia";"Decrescente";"Céu Claro";"Simples";"Reta";"Não";2;0;0;0;1;1;0;2;-13,3374736;-58,02465007;"SPRF-MT";"DEL01-MT";"UOP01-DEL01-MT"
201440;2019-04-05;"sexta-feira";"23:15:00";"PR";163;315;"MERCEDES";"Velocidade Incompatível";"Saída de leito carroçável";"Com Vítimas Feridas";"Plena Noite";"Decrescente";"Céu Claro";"Simples";"Curva;Declive";"Não";2;0;1;0;0;2;1;3;-24,38679711;-54,15455126;"SPRF-PR";"DEL06-PR";"UOP02-DEL06-PR"