"id";"data_inversa";"dia_semana";"horario";"uf";"br";"km";"municipio";"causa_acidente";"tipo_acidente";"classificacao_acidente";"fase_dia";"sentido_via";"condicao_metereologica";"tipo_pista";"tracado_via";"uso_solo";"pessoas";"mortos";"feridos_leves";"feridos_graves";"ilesos";"ignorados";"feridos";"veiculos";"latitude";"longitude";"regional";"delegacia";"uop"
201442;2019-04-05;"sexta-feira";"21:15:00";"PR";476;331,8;"PAULO FRONTIN";"Falta de Atenção à Condução";"Colisão frontal";"Com Vítimas Fatais";"Plena Noite";"Decrescente";"Nublado";"Simples";"Reta";"Não";3;1;0;0;1;1;0;3;-26,116962;-50,820679;"SPRF-PR";"DEL02-PR";"UOP04-DEL02-PR"
201444;2019-04-06;"sábado";"00:45:00";"RS";386;305,9;"POUSO NOVO";"Defeito Mecânico no Veículo";"Incêndio";"Sem Vítimas";"Plena Noite";"Decrescente";"Céu Claro";"Dupla";"Reta";"Não";2;0;0;0;1;1;0;2;-29,186541;-52,18951;"SPRF-RS";"DEL04-RS";"UOP01-DEL04-RS"
201457;2019-04-06;"sábado";"02:15:00";"MT";364;458;"VARZEA GRANDE";"Pista Escorregadia";"Saída de leito carroçável";"Com Vítimas Feridas";"Plena Noite";"Crescente";"Chuva";"Simples";"Curva";"Não";2;0;1;0;0;2;1;3;-15,41516377;-56,35034083;"SPRF-MT";"DEL01-MT";"DEL2/4-UOP02/MT"
201461;2019-04-06;"sábado";"03:05:00";"PR";476;139,3;"CURITIBA";"Ingestão de Álcool";"Colisão traseira";"Sem Vítimas";"Plena Noite";"Crescente";"Nublado";"Múltipla";"Reta";"Sim";2;0;0;0;2;0;0;2;-25,51454938;-49,29053664;"SPRF-PR";"DEL01-PR";"UOP03-DEL01-PR"
201464;2019-04-06;"sábado";"04:20:00";"PE";423;22,2;"SAO CAITANO";"Condutor Dormindo";"Saída de leito carroçável";"Com Vítimas Fatais";"Amanhecer";"Decrescente";"Nublado";"Simples";"Curva";"Não";2;1;1;0;0;0;1;1;-8,35258392;-36,17123712;"SPRF-PE";"DEL02-PE";"UOP03-DEL02-PE"
201468;2019-04-06;"sábado";"02:40:00";"MG";262;761,7;"SACRAMENTO";"Ingestão de Álcool";"Tombamento";"Com Vítimas Feridas";"Plena Noite";"Crescente";"Nublado";"Simples";"Reta";"Não";2;0;1;0;0;1;1;2;-19,66828463;-47,61093008;"SPRF-MG";"DEL13-MG";"UOP01-DEL13-MG"
201475;2019-04-06;"sábado";"06:00:00";"CE";116;544,5;"PENAFORTE";"Ingestão de Álcool";"Colisão traseira";"Sem Vítimas";"Amanhecer";"Decrescente";"Sol";"Simples";"Reta";"Sim";2;0;0;0;2;0;0;2;-7,79538396;-39,0777361;"SPRF-CE";"DEL05-CE";"UOP03-DEL05-CE"
201480;2019-04-06;"sábado";"06:15:00";"ES";101;109,7;"SOORETAMA";"Falta de Atenção à Condução";"Colisão frontal";"Com Vítimas Fatais";"Pleno dia";"Decrescente";"Céu Claro";"Dupla";"Reta;Declive";"Não";4;2;0;0;1;1;0;3;-19,0539768;-40,0308224;"SPRF-ES";"DEL04-ES";"UOP01-DEL04-ES"
201481;2019-04-06;"sábado";"02:40:00";"BA";110;213;"NOVA SOURE";"Condutor Dormindo";"Saída de leito carroçável";"Sem Vítimas";"Plena Noite";"Decrescente";"Nevoeiro/Neblina";"Simples";"Reta";"Não";1;0;0;0;1;0;0;1;-11,21968195;-38,48769686;"SPRF-BA";"DEL07-BA";"UOP02-DEL07-BA"
201484;2019-04-06;"sábado";"07:00:00";"PR";116;97;"SAO JOSE DOS PINHAIS";"Desobediência às normas de trânsito pelo condutor";"Saída de leito carroçável";"Com Vítimas Feridas";"Amanhecer";"Crescente";"Céu Claro";"Dupla";"Reta";"Sim";1;0;1;0;0;0;1;1;-25,51232495;-49,12871007;"SPRF-PR";"DEL01-PR";"UOP07-DEL01-PR"
201486;2019-04-05;"sexta-feira";"17:20:00";"SC";282;34,1;"AGUAS MORNAS";"Velocidade Incompatível";"Colisão frontal";"Com Vítimas Feridas";"Pleno dia";"Crescente";"Chuva";"Simples";"Curva;Aclive";"Não";2;0;0;1;1;0;1;2;-27,704247;-48,817547;"SPRF-SC";"DEL01-SC";"UOP03-DEL01-SC"
201498;2019-04-06;"sábado";"06:30:00";"BA";407;112;"SENHOR DO BONFIM";"Condutor Dormindo";"Saída de leito carroçável";"Sem Vítimas";"Pleno dia";"Crescente";"Céu Claro";"Simples";"Reta";"Não";1;0;0;0;1;0;0;1;-10,333475;-40,16767292;"SPRF-BA";"DEL04-BA";"UOP01-DEL04-BA"
201516;2019-03-21;"quinta-feira";"08:13:00";"MG";40;549;"NOVA LIMA";"Condutor Dormindo";"Colisão traseira";"Com Vítimas Feridas";"Pleno dia";"Crescente";"Nublado";"Dupla";"Reta";"Sim";2;0;1;0;1;0;1;2;-20,03972326;-43,96703232;"SPRF-MG";"DEL01-MG";"UOP02-DEL01-MG"
201519;2019-04-06;"sábado";"09:55:00";"ES";101;65;"SAO MATEUS";"Desobediência às normas de trânsito pelo condutor";"Colisão transversal";"Com Vítimas Feridas";"Pleno dia";"Crescente";"Céu Claro";"Simples";"Interseção de Vias";"Sim";3;0;1;0;1;1;1;3;-18,71685242;-39,87370145;"SPRF-ES";"DEL04-ES";"UOP02-DEL04-ES"
201523;2019-04-06;"sábado";"07:31:00";"PR";153;18,8;"JACAREZINHO";"Falta de Atenção do Pedestre";"Atropelamento de Pedestre";"Com Vítimas Feridas";"Pleno dia";"Crescente";"Céu Claro";"Simples";"Reta;Declive";"Sim";3;0;0;1;1;1;1;3;-23,15061987;-49,95438337;"SPRF-PR";"DEL07-PR";"UOP04-DEL07-PR"
201527;2019-03-22;"sexta-feira";"06:35:00";"GO";40;80,5;"CRISTALINA";"Desobediência às normas de trânsito pelo condutor";"Colisão traseira";"Com Vítimas Feridas";"Pleno dia";"Decrescente";"Nevoeiro/Neblina";"Dupla";"Reta";"Não";3;0;2;0;0;1;2;3;-16,669464;-47,713391;"SPRF-DF";"DEL01-DF";"UOP02-DEL01-DF"
201528;2019-04-06;"sábado";"08:45:00";"GO";153;402;"PIRENOPOLIS";"Ingestão de Álcool";"Colisão traseira";"Sem Vítimas";"Pleno dia";"Decrescente";"Chuva";"Simples";"Reta";"Não";3;0;0;0;2;2;0;4;-16,02411824;-49,10317898;"SPRF-GO";"DEL02-GO";"UOP01-DEL02-GO"
201531;2019-04-06;"sábado";"08:45:00";"RJ";101;326;"NITEROI";"Falta de Atenção à Condução";"Colisão traseira";"Com Vítimas Feridas";"Pleno dia";"Crescente";"Céu Claro";"Dupla";"Reta";"Não";2;0;0;1;1;0;1;2;-22,87206203;-43,146105;"SPRF-RJ";"DEL02-RJ";"UOP02-DEL02-RJ"
201532;2019-04-06;"sábado";"09:00:00";"MG";365;498,5;"PATROCINIO";"Não guardar distância de segurança";"Colisão frontal";"Com Vítimas Feridas";"Pleno dia";"Crescente";"Nublado";"Simples";"Reta";"Não";2;0;0;1;1;0;1;2;-18,94027306;-47,21904491;"SPRF-MG";"DEL10-MG";"UOP01-DEL10-MG"
201537;2019-04-06;"sábado";"10:20:00";"MG";381;477,5;"CONTAGEM";"Falta de Atenção à Condução";"Colisão lateral";"Com Vítimas Feridas";"Pleno dia";"Crescente";"Céu Claro";"Dupla";"Reta";"Sim";3;0;1;0;2;0;1;2;-19,96179268;-44,05041676;"SPRF-MG";"DEL01-MG";"UOP03-DEL01-MG"
201539;2019-04-06;"sábado";"11:10:00";"ES";101;270,2;"SERRA";"Falta de Atenção à Condução";"Colisão traseira";"Com Vítimas Feridas";"Pleno dia";"Decrescente";"Sol";"Múltipla";"Reta";"Sim";3;0;2;0;0;1;2;2;-20,22921091;-40,27224183;"SPRF-ES";"DEL02-ES";"UOP01-DEL02-ES"
201544;2019-04-06;"sábado";"10:50:00";"BA";101;910;"NOVA VICOSA";"Velocidade Incompatível";"Tombamento";"Com Vítimas Fatais";"Pleno dia";"Decrescente";"Céu Claro";"Simples";"Ponte";"Não";3;1;0;0;0;2;0;3;-18,00411802;-39,86107176;"SPRF-BA";"DEL09-BA";"UOP02-DEL09-BA"
201551;2019-04-06;"sábado";"12:10:00";"PR";373;179,4;"PONTA GROSSA";"Falta de Atenção à Condução";"Colisão lateral";"Com Vítimas Feridas";"Pleno dia";"Crescente";"Garoa/Chuvisco";"Dupla";"Reta";"Sim";3;0;0;1;1;1;1;3;-25,04281018;-50,23950211;"SPRF-PR";"DEL03-PR";"UOP01-DEL03-PR"
201553;2019-04-06;"sábado";"13:00:00";"RS";470;195;"BENTO GONCALVES";"Desobediência às normas de trânsito pelo condutor";"Colisão transversal";"Com Vítimas Feridas";"Pleno dia";"Crescente";"Chuva";"Simples";"Curva";"Não";3;0;0;1;1;1;1;3;-29,05097073;-51,58205288;"SPRF-RS";"DEL06-RS";"UOP02-DEL06-RS"
201558;2019-04-06;"sábado";"12:50:00";"RS";472;572;"URUGUAIANA";"Desobediência às normas de trânsito pelo condutor";"Colisão lateral";"Com Vítimas Feridas";"Pleno dia";"Decrescente";"Céu Claro";"Simples";"Reta";"Sim";6;0;3;0;2;1;3;4;-29,73717678;-56,9690701;"SPRF-RS";"DEL13-RS";"UOP01-DEL13-RS"
201560;2019-04-06;"sábado";"09:00:00";"PR";376;668;"GUARATUBA";"Defeito Mecânico no Veículo";"Saída de leito carroçável";"Com Vítimas Feridas";"Pleno dia";"Crescente";"Céu Claro";"Dupla";"Reta";"Não";1;0;1;0;0;0;1;1;-25,864159;-48,937538;"SPRF-PR";"DEL01-PR";"UOP04-DEL01-PR"
201563;2019-04-06;"sábado";"10:30:00";"PR";116;117;"CURITIBA";"Falta de Atenção à Condução";"Colisão traseira";"Com Vítimas Feridas";"Pleno dia";"Crescente";"Céu Claro";"Dupla";"Declive";"Não";3;0;1;0;2;0;1;2;-25,54988723;-49,28248211;"SPRF-PR";"DEL01-PR";"UOP03-DEL01-PR"
201566;2019-03-27;"quarta-feira";"13:30:00";"BA";407;4,9;"JUAZEIRO";"Sinalização da via insuficiente ou inadequada";"Colisão transversal";"Com Vítimas Feridas";"Pleno dia";"Crescente";"Céu Claro";"Simples";"Rotatória";"Sim";5;0;3;0;1;1;3;3;-9,43957495;-40,49433089;"SPRF-PE";"DEL06-PE";"UOP01-DEL06-PE"
201567;2019-04-06;"sábado";"14:00:00";"SP";381;69,7;"MAIRIPORA";"Velocidade Incompatível";"Colisão com objeto estático";"Com Vítimas Feridas";"Pleno dia";"Decrescente";"Chuva";"Múltipla";"Curva";"Não";7;0;2;0;5;0;2;4;-23,347379;-46,561733;"SPRF-SP";"DEL03-SP";"UOP01-DEL03-SP"
201568;2019-04-06;"sábado";"13:32:00";"MG";262;575,5;"CORREGO DANTA";"Velocidade Incompatível";"Colisão frontal";"Com Vítimas Feridas";"Pleno dia";"Crescente";"Chuva";"Simples";"Curva";"Não";3;0;0;1;1;1;1;3;-19,67251133;-46,0437502;"SPRF-MG";"DEL08-MG";"UOP02-DEL08-MG"
201570;2019-04-06;"sábado";"14:40:00";"RN";101;81;"NATAL";"Falta de Atenção à Condução";"Queda de ocupante de veículo";"Com Vítimas Feridas";"Pleno dia";"Decrescente";"Chuva";"Dupla";"Reta";"Sim";3;0;0;1;1;1;1;3;-5,76469466;-35,28295988;"SPRF-RN";"DEL02-RN";"UOP01-DEL02-RN"
201579;2019-04-06;"sábado";"15:30:00";"MG";381;497;"BETIM";"Defeito Mecânico no Veículo";"Colisão lateral";"Com Vítimas Feridas";"Pleno dia";"Crescente";"Chuva";"Dupla";"Reta";"Sim";4;0;1;0;2;1;1;3;-20,00483625;-44,21367172;"SPRF-MG";"DEL01-MG";"UOP03-DEL01-MG"
201581;2019-04-06;"sábado";"10:25:00";"RS";116;52,5;"VACARIA";"Defeito Mecânico no Veículo";"Colisão transversal";"Sem Vítimas";"Pleno dia";"Crescente";"Garoa/Chuvisco";"Simples";"Curva;Declive";"Não";3;0;0;0;3;0;0;3;-28,58527541;-51,02900505;"SPRF-RS";"DEL05-RS";"UOP03-DEL05-RS"
201586;2019-04-06;"sábado";"14:15:00";"SC";470;122,8;"IBIRAMA";"Velocidade Incompatível";"Saída de leito carroçável";"Sem Vítimas";"Pleno dia";"Crescente";"Garoa/Chuvisco";"Simples";"Curva";"Não";2;0;0;0;1;1;0;2;-27,099888;-49,527679;"SPRF-SC";"DEL04-SC";"UOP02-DEL04-SC"
201591;2019-04-06;"sábado";"16:00:00";"BA";116;587,4;"NOVA ITARANA";"Não guardar distância de segurança";"Colisão traseira";"Com Vítimas Fatais";"Pleno dia";"Decrescente";"Nublado";"Simples";"Reta";"Não";3;1;1;0;1;0;1;2;-13,14548409;-40,00118542;"SPRF-BA";"DEL03-BA";"UOP02-DEL03-BA"
201592;2019-04-06;"sábado";"09:00:00";"MG";365;271,9;"JOAO PINHEIRO";"Falta de Atenção à Condução";"Saída de leito carroçável";"Com Vítimas Feridas";"Pleno dia";"Crescente";"Chuva";"Simples";"Reta";"Não";1;0;1;0;0;0;1;1;-17,94161303;-45,58352695;"SPRF-MG";"DEL14-MG";"UOP02-DEL14-MG"
201595;2019-04-06;"sábado";"16:30:00";"SC";101;86,6;"BARRA VELHA";"Falta de Atenção à Condução";"Colisão traseira";"Com Vítimas Feridas";"Pleno dia";"Crescente";"Céu Claro";"Múltipla";"Reta";"Sim";4;0;2;0;1;1;2;3;-26,63277317;-48,70232513;"SPRF-SC";"DEL03-SC";"UOP02-DEL03-SC"
201608;2019-04-06;"sábado";"17:40:00";"CE";20;420,5;"MARACANAU";"Desobediência às normas de trânsito pelo condutor";"Colisão transversal";"Com Vítimas Feridas";"Anoitecer";"Crescente";"Céu Claro";"Dupla";"Em Obras";"Sim";3;0;0;1;1;1;1;3;-3,8458973;-38,57675683;"SPRF-CE";"DEL01-CE";"UOP02-DEL01-CE"
201612;2019-04-06;"sábado";"18:20:00";"RJ";116;249,9;"PIRAI";"Falta de Atenção à Condução";"Colisão traseira";"Com Vítimas Fatais";"Plena Noite";"Decrescente";"Céu Claro";"Dupla";"Reta";"Não";2;1;0;0;1;0;0;2;-22,59967462;-43,95005595;"SPRF-RJ";"DEL07-RJ";"UOP01-DEL07-RJ"
201636;2019-04-06;"sábado";"19:10:00";"RS";290;202;"RIO PARDO";"Ultrapassagem Indevida";"Colisão frontal";"Com Vítimas Feridas";"Anoitecer";"Decrescente";"Nublado";"Simples";"Reta";"Não";5;0;1;1;2;1;2;4;-30,172281;-52,237423;"SPRF-RS";"DEL02-RS";"UOP02-DEL02-RS"
201643;2019-04-06;"sábado";"20:00:00";"BA";242;894;"LUIS EDUARDO MAGALHAES";"Pista Escorregadia";"Tombamento";"Com Vítimas Feridas";"Plena Noite";"Crescente";"Céu Claro";"Simples";"Reta";"Não";7;0;1;0;5;3;1;7;-12,104675;-45,896282;"SPRF-BA";"DEL10-BA";"UOP01-DEL10-BA"
201645;2019-04-06;"sábado";"14:00:00";"MT";70;730,4;"CACERES";"Falta de Atenção à Condução";"Colisão lateral";"Com Vítimas Feridas";"Pleno dia";"Decrescente";"Nublado";"Simples";"Reta";"Sim";3;0;1;1;1;0;2;2;-16,15478485;-57,61815581;"SPRF-MT";"DEL03-MT";"UOP01-DEL03-MT"
201648;2019-04-06;"sábado";"19:15:00";"SP";153;51,7;"SAO JOSE DO RIO PRETO";"Falta de Atenção à Condução";"Colisão lateral";"Sem Vítimas";"Plena Noite";"Decrescente";"Garoa/Chuvisco";"Simples";"Declive";"Sim";2;0;0;0;1;1;0;2;-20,71801801;-49,33874223;"SPRF-SP";"DEL09-SP";"UOP01-DEL09-SP"
201650;2019-04-06;"sábado";"20:15:00";"PR";116;26;"CAMPINA GRANDE DO SUL";"Ingestão de Álcool";"Colisão com objeto estático";"Sem Vítimas";"Plena Noite";"Decrescente";"Chuva";"Múltipla";"Curva";"Não";2;0;0;0;2;0;0;2;-25,10683694;-48,785333;"SPRF-PR";"DEL01-PR";"UOP02-DEL01-PR"
201666;2019-04-06;"sábado";"20:15:00";"RS";392;207,6;"SANTANA DA BOA VISTA";"Pista Escorregadia";"Colisão frontal";"Com Vítimas Fatais";"Plena Noite";"Crescente";"Chuva";"Simples";"Declive;Curva";"Não";3;1;0;0;1;2;0;4;-30,82849298;-53,17127764;"SPRF-RS";"DEL09-RS";"UOP02-DEL09-RS"
201695;2019-04-06;"sábado";"17:20:00";"ES";262;28,8;"VIANA";"Defeito Mecânico no Veículo";"Incêndio";"Sem Vítimas";"Pleno dia";"Decrescente";"Céu Claro";"Simples";"Reta";"Não";2;0;0;0;1;1;0;2;-20,38426904;-40,55863435;"SPRF-ES";"DEL01-ES";"UOP01-DEL01-ES"
201700;2019-04-06;"sábado";"22:10:00";"MG";381;704,5;"LAVRAS";"Avarias e/ou desgaste excessivo no pneu";"Colisão com objeto estático";"Sem Vítimas";"Plena Noite";"Crescente";"Chuva";"Dupla";"Curva";"Não";2;0;0;0;1;1;0;2;-21,34177704;-45,17643719;"SPRF-MG";"DEL04-MG";"UOP02-DEL04-MG"
201707;2019-04-06;"sábado";"13:55:00";"MG";40;465,5;"SETE LAGOAS";"Pista Escorregadia";"Saída de leito carroçável";"Com Vítimas Feridas";"Pleno dia";"Decrescente";"Chuva";"Dupla";"Aclive;Reta";"Não";2;0;1;0;1;0;1;1;-19,43835777;-44,33103681;"SPRF-MG";"DEL02-MG";"UOP01-DEL02-MG"
201711;2019-04-06;"sábado";"23:15:00";"MG";365;599;"UBERLANDIA";"Falta de Atenção à Condução";"Colisão lateral";"Sem Vítimas";"Plena Noite";"Crescente";"Vento";"Simples";"Curva";"Não";4;0;0;0;1;3;0;3;-18,87347844;-48,08818817;"SPRF-MG";"DEL15-MG";"UOP01-DEL15-MG"
201712;2019-04-06;"sábado";"22:15:00";"MG";50;12,8;"UBERLANDIA";"Desobediência às normas de trânsito pelo condutor";"Saída de leito carroçável";"Com Vítimas Feridas";"Plena Noite";"Crescente";"Garoa/Chuvisco";"Dupla";"Viaduto;Interseção de Vias;Rotatória";"Não";1;0;1;0;0;0;1;1;-18,92793854;-48,19198317;"SPRF-MG";"DEL15-MG";"UOP02-DEL15-MG"
201716;2019-04-07;"domingo";"02:41:00";"MT";364;202,8;"RONDONOPOLIS";"Ingestão de Álcool";"Colisão traseira";"Com Vítimas Feridas";"Plena Noite";"Decrescente";"Nevoeiro/Neblina";"Dupla";"Reta";"Não";4;0;1;1;1;2;2;4;-16,48347324;-54,64970354;"SPRF-MT";"DEL02-MT";"UOP01-DEL02-MT"
201724;2019-03-09;"sábado";"09:30:00";"PR";376;635;"SAO JOSE DOS PINHAIS";"Falta de Atenção à Condução";"Colisão lateral";"Com Vítimas Feridas";"Pleno dia";"Crescente";"Céu Claro";"Dupla";"Reta";"Não";7;0;3;1;2;1;4;3;-25,73890105;-49,13059434;"SPRF-PR";"DEL01-PR";"DEL7/1-UOP08/PR"
201738;2019-04-07;"domingo";"05:50:00";"SC";116;107,2;"MONTE CASTELO";"Velocidade Incompatível";"Tombamento";"Com Vítimas Feridas";"Amanhecer";"Decrescente";"Céu Claro";"Simples";"Curva";"Não";2;0;0;1;0;1;1;2;-26,75616815;-50,32845497;"SPRF-SC";"DEL06-SC";"UOP02-DEL06-SC"
201748;2019-03-20;"quarta-feira";"18:03:00";"MG";381;622,5;"OLIVEIRA";"Velocidade Incompatível";"Saída de leito carroçável";"Sem Vítimas";"Anoitecer";"Decrescente";"Chuva";"Dupla";"Curva";"Não";1;0;0;0;1;0;0;1;-20,77317365;-44,78190696;"SPRF-MG";"DEL04-MG";"UOP01-DEL04-MG"
201750;2019-04-07;"domingo";"06:00:00";"ES";101;83;"SAO MATEUS";"Velocidade Incompatível";"Tombamento";"Sem Vítimas";"Pleno dia";"Crescente";"Céu Claro";"Simples";"Declive;Reta";"Não";2;0;0;0;1;1;0;2;-18,84352214;-39,92324081;"SPRF-ES";"DEL04-ES";"UOP02-DEL04-ES"
201771;2019-04-07;"domingo";"08:30:00";"PA";316;39;"SANTA IZABEL DO PARA";"Falta de Atenção à Condução";"Colisão traseira";"Com Vítimas Feridas";"Pleno dia";"Crescente";"Chuva";"Dupla";"Reta";"Sim";5;0;1;0;2;2;1;5;-1,28141702;-48,131196;"SPRF-PA";"DEL01-PA";"UOP01-DEL01-PA"
201778;2019-04-07;"domingo";"08:10:00";"PR";153;474;"PORTO VITORIA";"Ingestão de Substâncias Psicoativas";"Colisão com objeto estático";"Sem Vítimas";"Pleno dia";"Crescente";"Garoa/Chuvisco";"Simples";"Curva";"Não";2;0;0;0;1;1;0;2;-26,2330086;-51,14435578;"SPRF-PR";"DEL02-PR";"UOP03-DEL02-PR"
201789;2019-04-07;"domingo";"10:30:00";"MG";40;737,8;"SANTOS DUMONT";"Velocidade Incompatível";"Tombamento";"Com Vítimas Feridas";"Pleno dia";"Crescente";"Céu Claro";"Simples";"Curva";"Não";2;0;1;0;0;2;1;3;-21,3915449;-43,56748581;"SPRF-MG";"DEL05-MG";"UOP01-DEL05-MG"
201795;2019-04-07;"domingo";"11:15:00";"PR";373;229,5;"IMBITUVA";"Falta de Atenção à Condução";"Colisão transversal";"Com Vítimas Fatais";"Pleno dia";"Decrescente";"Chuva";"Simples";"Interseção de Vias";"Sim";2;1;0;0;1;0;0;2;-25,17897128;-50,6584799;"SPRF-PR";"DEL03-PR";"UOP01-DEL03-PR"
201801;2019-04-07;"domingo";"11:50:00";"MG";381;502,3;"BETIM";"Desobediência às normas de trânsito pelo condutor";"Colisão lateral";"Com Vítimas Feridas";"Pleno dia";"Decrescente";"Sol";"Dupla";"Reta";"Sim";3;0;1;0;1;1;1;3;-20,03619694;-44,24586303;"SPRF-MG";"DEL01-MG";"UOP03-DEL01-MG"
201807;2019-04-07;"domingo";"12:38:00";"SC";101;345;"TUBARAO";"Ingestão de Álcool";"Colisão traseira";"Com Vítimas Feridas";"Pleno dia";"Crescente";"Chuva";"Dupla";"Reta";"Não";3;0;1;0;2;0;1;2;-28,54565997;-49,05345334;"SPRF-SC";"DEL02-SC";"UOP01-DEL02-SC"
201809;2019-04-07;"domingo";"12:40:00";"MG";459;43;"SANTA RITA DE CALDAS";"Desobediência às normas de trânsito pelo condutor";"Queda de ocupante de veículo";"Com Vítimas Feridas";"Pleno dia";"Decrescente";"Céu Claro";"Simples";"Interseção de Vias";"Não";4;0;1;1;1;1;2;2;-22,01622065;-46,31252825;"SPRF-MG";"DEL13-MG";"UOP01-DEL13-MG"
201816;2019-04-07;"domingo";"11:20:00";"PE";232;508,7;"SALGUEIRO";"Falta de Atenção à Condução";"Colisão lateral";"Com Vítimas Fatais";"Pleno dia";"Crescente";"Céu Claro";"Simples";"Reta";"Sim";2;1;0;0;1;0;0;2;-8,06234212;-39,12144542;"SPRF-PE";"DEL05-PE";"UOP01-DEL05-PE"
201818;2019-04-07;"domingo";"10:30:00";"RJ";40;86;"PETROPOLIS";"Falta de Atenção à Condução";"Colisão com objeto estático";"Sem Vítimas";"Pleno dia";"Decrescente";"Céu Claro";"Simples";"Curva;Aclive";"Não";1;0;0;0;1;0;0;1;-22,56130598;-43,22642868;"SPRF-RJ";"DEL06-RJ";"UOP01-DEL06-RJ"
201822;2019-04-07;"domingo";"10:50:00";"BA";410;27;"TUCANO";"Ultrapassagem Indevida";"Colisão frontal";"Com Vítimas Feridas";"Pleno dia";"Crescente";"Céu Claro";"Simples";"Aclive";"Não";5;0;2;0;2;1;2;3;-10,95142068;-38,73229015;"SPRF-BA";"DEL07-BA";"UOP02-DEL07-BA"
201826;2019-04-07;"domingo";"12:50:00";"MT";163;949;"NOVA SANTA HELENA";"Ultrapassagem Indevida";"Colisão lateral";"Sem Vítimas";"Pleno dia";"Crescente";"Nublado";"Simples";"Aclive";"Não";3;0;0;0;2;3;0;5;-10,90693188;-55,19696244;"SPRF-MT";"DEL06-MT";"UOP02-DEL06-MT"
201838;2019-04-07;"domingo";"10:05:00";"MG";381;316;"NOVA ERA";"Velocidade Incompatível";"Tombamento";"Com Vítimas Feridas";"Pleno dia";"Decrescente";"Céu Claro";"Simples";"Curva";"Não";2;0;0;1;0;1;1;2;-19,69896406;-42,99486928;"SPRF-MG";"DEL03-MG";"UOP02-DEL03-MG"
201842;2019-04-04;"quinta-feira";"23:32:00";"RS";116;443,2;"CRISTAL";"Condutor Dormindo";"Saída de leito carroçável";"Sem Vítimas";"Plena Noite";"Crescente";"Chuva";"Simples";"Reta";"Não";2;0;0;0;1;1;0;2;-31,131035;-52,02895801;"SPRF-RS";"DEL02-RS";"UOP03-DEL02-RS"
201846;2019-04-07;"domingo";"14:20:00";"PR";373;236;"IMBITUVA";"Velocidade Incompatível";"Saída de leito carroçável";"Com Vítimas Feridas";"Pleno dia";"Crescente";"Ignorado";"Simples";"Curva";"Sim";2;0;1;0;0;2;1;3;-25,18059403;-50,72520901;"SPRF-PR";"DEL03-PR";"UOP01-DEL03-PR"
201860;2019-04-07;"domingo";"16:00:00";"MG";251;359;"PADRE CARVALHO";"Ingestão de Álcool";"Tombamento";"Com Vítimas Feridas";"Pleno dia";"Crescente";"Céu Claro";"Simples";"Reta";"Não";2;0;0;1;0;1;1;2;-16,27083436;-42,60207918;"SPRF-MG";"DEL12-MG";"UOP01-DEL12-MG"
201871;2019-04-07;"domingo";"17:00:00";"MG";381;260;"CORONEL FABRICIANO";"Ultrapassagem Indevida";"Colisão lateral";"Com Vítimas Feridas";"Pleno dia";"Decrescente";"Céu Claro";"Simples";"Reta";"Não";7;0;0;4;1;2;4;5;-19,53123633;-42,62069343;"SPRF-MG";"DEL03-MG";"UOP02-DEL03-MG"
201875;2019-04-07;"domingo";"19:00:00";"PE";232;11;"JABOATAO DOS GUARARAPES";"Não guardar distância de segurança";"Colisão traseira";"Com Vítimas Feridas";"Plena Noite";"Decrescente";"Céu Claro";"Dupla";"Reta";"Sim";2;0;1;0;1;0;1;2;-8,08195464;-34,99545022;"SPRF-PE";"DEL01-PE";"UOP01-DEL01-PE"
201907;2019-04-07;"domingo";"20:00:00";"BA";101;665,8;"ITAPEBI";"Velocidade Incompatível";"Tombamento";"Com Vítimas Feridas";"Plena Noite";"Crescente";"Céu Claro";"Simples";"Curva";"Não";2;0;1;0;0;1;1;2;-15,98657913;-39,56940651;"SPRF-BA";"DEL09-BA";"UOP01-DEL09-BA"
201908;2019-04-07;"domingo";"19:00:00";"MG";381;525;"BRUMADINHO";"Falta de Atenção à Condução";"Saída de leito carroçável";"Com Vítimas Feridas";"Plena Noite";"Crescente";"Nublado";"Dupla";"Curva";"Não";1;0;0;1;0;0;1;1;-20,16710798;-44,33422398;"SPRF-MG";"DEL04-MG";"UOP03-DEL04-MG"
201911;2019-04-07;"domingo";"16:00:00";"RO";364;854;"PORTO VELHO";"Defeito na Via";"Tombamento";"Com Vítimas Feridas";"Pleno dia";"Crescente";"Sol";"Simples";"Aclive";"Não";2;0;1;0;0;1;1;2;-9,48925365;-64,78654527;"SPRF-RO";"DEL01-RO";"UOP02-DEL01-RO"
201916;2019-04-07;"domingo";"08:55:00";"PR";153;135,9;"VENTANIA";"Velocidade Incompatível";"Tombamento";"Sem Vítimas";"Pleno dia";"Crescente";"Nublado";"Simples";"Curva";"Não";2;0;0;0;1;3;0;4;-24,042482;-50,250282;"SPRF-PR";"DEL07-PR";"UOP04-DEL07-PR"
201917;2019-04-07;"domingo";"20:40:00";"PR";376;131,5;"NOVA ESPERANCA";"Não guardar distância de segurança";"Colisão traseira";"Com Vítimas Fatais";"Plena Noite";"Crescente";"Nublado";"Dupla";"Aclive";"Não";5;1;0;0;2;3;0;5;-23,17504848;-52,23423918;"SPRF-PR";"DEL07-PR";"UOP02-DEL09-PR"