"id";"data_inversa";"dia_semana";"horario";"uf";"br";"km";"municipio";"causa_acidente";"tipo_acidente";"classificacao_acidente";"fase_dia";"sentido_via";"condicao_metereologica";"tipo_pista";"tracado_via";"uso_solo";"pessoas";"mortos";"feridos_leves";"feridos_graves";"ilesos";"ignorados";"feridos";"veiculos";"latitude";"longitude";"regional";"delegacia";"uop"
201918;2019-04-07;"domingo";"20:50:00";"SC";101;210;"SAO JOSE";"Falta de Atenção à Condução";"Saída de leito carroçável";"Com Vítimas Feridas";"Plena Noite";"Crescente";"Chuva";"Dupla";"Reta";"Sim";3;0;2;0;0;1;2;2;-27,6167305;-48,6457265;"SPRF-SC";"DEL01-SC";"UOP01-DEL01-SC"
201919;2019-04-07;"domingo";"20:10:00";"MT";163;543;"DIAMANTINO";"Falta de Atenção à Condução";"Colisão lateral";"Com Vítimas Feridas";"Plena Noite";"Decrescente";"Céu Claro";"Simples";"Reta";"Não";3;0;1;0;1;1;1;3;-14,36459123;-56,14081519;"SPRF-MT";"DEL01-MT";"UOP01-DEL01-MT"
201931;2019-04-07;"domingo";"22:00:00";"SP";116;554;"BARRA DO TURVO";"Desobediência às normas de trânsito pelo condutor";"Colisão frontal";"Com Vítimas Feridas";"Plena Noite";"Decrescente";"Chuva";"Dupla";"Curva";"Não";3;0;2;0;1;0;2;2;-24,97035013;-48,49691597;"SPRF-SP";"DEL05-SP";"UOP02-DEL05-SP"
201938;2019-04-07;"domingo";"22:07:00";"MG";40;51;"PARACATU";"Desobediência às normas de trânsito pelo condutor";"Colisão frontal";"Com Vítimas Fatais";"Plena Noite";"Decrescente";"Nublado";"Simples";"Reta";"Não";3;1;0;0;1;1;0;3;-17,24393726;-46,79248346;"SPRF-MG";"DEL14-MG";"UOP01-DEL14-MG"
201939;2019-04-07;"domingo";"20:00:00";"BA";116;919;"ENCRUZILHADA";"Velocidade Incompatível";"Tombamento";"Com Vítimas Feridas";"Plena Noite";"Crescente";"Céu Claro";"Simples";"Curva";"Não";1;0;1;0;0;0;1;1;-15,508603;-41,235264;"SPRF-BA";"DEL08-BA";"UOP03-DEL08-BA"
201943;2019-04-07;"domingo";"21:30:00";"MG";365;13,8;"MONTES CLAROS";"Falta de Atenção à Condução";"Saída de leito carroçável";"Com Vítimas Feridas";"Plena Noite";"Decrescente";"Céu Claro";"Simples";"Reta";"Não";2;0;1;0;0;1;1;2;-16,8539912;-43,97116184;"SPRF-MG";"DEL12-MG";"UOP01-DEL12-MG"
201945;2019-04-07;"domingo";"22:20:00";"AL";101;107;"PILAR";"Velocidade Incompatível";"Saída de leito carroçável";"Com Vítimas Feridas";"Plena Noite";"Decrescente";"Chuva";"Simples";"Curva";"Não";2;0;1;0;1;0;1;1;-9,59200401;-36,00249993;"SPRF-AL";"DEL02-AL";"UOP01-DEL02-AL"
201958;2019-04-08;"segunda-feira";"00:20:00";"RS";116;139,8;"CAXIAS DO SUL";"Ingestão de Álcool";"Colisão frontal";"Com Vítimas Feridas";"Plena Noite";"Decrescente";"Garoa/Chuvisco";"Simples";"Curva";"Não";2;0;1;0;1;0;1;2;-29,09753038;-51,10965833;"SPRF-RS";"DEL05-RS";"UOP01-DEL05-RS"
201959;2019-04-07;"domingo";"20:00:00";"MG";116;236,8;"TEOFILO OTONI";"Falta de Atenção à Condução";"Colisão com objeto estático";"Sem Vítimas";"Plena Noite";"Decrescente";"Nublado";"Simples";"Reta";"Não";2;0;0;0;1;1;0;2;-17,53279012;-41,48171425;"SPRF-MG";"DEL11-MG";"UOP01-DEL11-MG"
201966;2019-04-07;"domingo";"19:00:00";"MG";267;258,6;"AIURUOCA";"Velocidade Incompatível";"Colisão frontal";"Com Vítimas Fatais";"Pleno dia";"Crescente";"Céu Claro";"Simples";"Curva;Aclive";"Não";2;1;1;0;0;0;1;2;-21,92990189;-44,54412811;"SPRF-MG";"DEL05-MG";"UOP01-DEL17-MG"
201968;2019-04-08;"segunda-feira";"02:10:00";"ES";101;184,6;"ARACRUZ";"Condutor Dormindo";"Colisão lateral";"Com Vítimas Feridas";"Plena Noite";"Decrescente";"Nublado";"Simples";"Reta;Declive";"Não";3;0;2;0;0;1;2;3;-19,65524008;-40,23355674;"SPRF-ES";"DEL04-ES";"UOP01-DEL04-ES"
201973;2019-04-08;"segunda-feira";"03:20:00";"SP";101;24,3;"UBATUBA";"Carga excessiva e/ou mal acondicionada";"Tombamento";"Com Vítimas Feridas";"Plena Noite";"Decrescente";"Chuva";"Simples";"Curva";"Não";2;0;1;0;0;1;1;2;-23,34811618;-44,94553789;"SPRF-SP";"DEL06-SP";"UOP01-DEL06-SP"
201977;2019-04-07;"domingo";"17:00:00";"MG";262;193;"BELA VISTA DE MINAS";"Velocidade Incompatível";"Saída de leito carroçável";"Sem Vítimas";"Pleno dia";"Decrescente";"Céu Claro";"Simples";"Reta";"Não";2;0;0;0;1;1;0;2;-19,86386999;-43,09050699;"SPRF-MG";"DEL03-MG";"UOP01-DEL03-MG"
201982;2019-04-07;"domingo";"22:30:00";"BA";116;452;"ANTONIO CARDOSO";"Condutor Dormindo";"Colisão lateral";"Com Vítimas Feridas";"Plena Noite";"Decrescente";"Céu Claro";"Simples";"Reta";"Não";4;0;0;1;2;2;1;4;-12,38957672;-39,14396716;"SPRF-BA";"DEL02-BA";"UOP01-DEL02-BA"
201983;2019-04-08;"segunda-feira";"06:00:00";"SC";101;232,1;"PALHOCA";"Objeto estático sobre o leito carroçável";"Colisão traseira";"Com Vítimas Feridas";"Pleno dia";"Crescente";"Chuva";"Dupla";"Reta";"Não";7;0;4;1;1;1;5;3;-27,795666;-48,638153;"SPRF-SC";"DEL01-SC";"UOP02-DEL01-SC"
201984;2019-04-08;"segunda-feira";"06:45:00";"PR";369;177;"ROLANDIA";"Defeito Mecânico no Veículo";"Queda de ocupante de veículo";"Com Vítimas Feridas";"Pleno dia";"Crescente";"Céu Claro";"Simples";"Reta";"Sim";4;0;1;0;2;1;1;3;-23,3390069;-51,38779879;"SPRF-PR";"DEL07-PR";"UOP01-DEL07-PR"
201999;2019-04-08;"segunda-feira";"08:00:00";"GO";153;499;"GOIANIA";"Não guardar distância de segurança";"Colisão traseira";"Com Vítimas Feridas";"Pleno dia";"Crescente";"Nublado";"Dupla";"Reta";"Sim";6;0;1;0;4;2;1;7;-16,7033;-49,2311;"SPRF-GO";"DEL01-GO";"UOP01-DEL01-GO"
202004;2019-04-07;"domingo";"14:50:00";"PR";277;473;"NOVA LARANJEIRAS";"Defeito Mecânico no Veículo";"Tombamento";"Sem Vítimas";"Pleno dia";"Crescente";"Céu Claro";"Simples";"Curva";"Não";1;0;0;0;1;0;0;1;-25,30364784;-52,55946681;"SPRF-PR";"DEL04-PR";"UOP02-DEL04-PR"
202021;2019-04-04;"quinta-feira";"22:35:00";"RJ";101;419;"MANGARATIBA";"Ingestão de Álcool";"Colisão frontal";"Sem Vítimas";"Plena Noite";"Crescente";"Céu Claro";"Simples";"Reta";"Sim";3;0;0;0;2;1;0;3;-22,91808988;-43,91359106;"SPRF-RJ";"DEL03-RJ";"UOP01-DEL03-RJ"
202023;2019-04-08;"segunda-feira";"09:00:00";"BA";242;720;"CRISTOPOLIS";"Falta de Atenção à Condução";"Colisão transversal";"Com Vítimas Fatais";"Pleno dia";"Crescente";"Céu Claro";"Simples";"Reta";"Não";3;1;0;0;1;2;0;4;-12,23284554;-44,38297056;"SPRF-BA";"DEL10-BA";"UOP01-DEL10-BA"
202029;2019-01-05;"sábado";"16:40:00";"PB";101;119,1;"CAAPORA";"Velocidade Incompatível";"Colisão traseira";"Com Vítimas Feridas";"Pleno dia";"Decrescente";"Sol";"Dupla";"Aclive;Reta";"Não";5;0;1;1;2;1;2;2;-7,4435;-34,9782;"SPRF-PB";"DEL01-PB";"UOP01-DEL01-PB"
202032;2019-04-08;"segunda-feira";"09:15:00";"PR";116;112,5;"CURITIBA";"Velocidade Incompatível";"Capotamento";"Com Vítimas Feridas";"Pleno dia";"Crescente";"Nublado";"Dupla";"Reta";"Não";2;0;1;0;0;1;1;2;-25,55108654;-49,27982222;"SPRF-PR";"DEL01-PR";"UOP06-DEL01-PR"
202033;2019-04-08;"segunda-feira";"09:45:00";"SP";116;73;"APARECIDA";"Falta de Atenção à Condução";"Colisão traseira";"Sem Vítimas";"Pleno dia";"Crescente";"Nublado";"Dupla";"Reta";"Não";2;0;0;0;2;0;0;2;-22,86998483;-45,24430721;"SPRF-SP";"DEL08-SP";"UOP01-DEL08-SP"
202036;2019-04-08;"segunda-feira";"09:45:00";"RN";304;54,1;"MOSSORO";"Falta de Atenção à Condução";"Colisão lateral";"Com Vítimas Feridas";"Pleno dia";"Crescente";"Céu Claro";"Simples";"Reta";"Não";2;0;1;0;1;0;1;2;-5,27596204;-37,29569307;"SPRF-RN";"DEL04-RN";"UOP01-DEL04-RN"
202037;2019-04-08;"segunda-feira";"10:20:00";"PR";376;657,9;"TIJUCAS DO SUL";"Velocidade Incompatível";"Colisão com objeto estático";"Com Vítimas Feridas";"Pleno dia";"Decrescente";"Chuva";"Simples";"Curva";"Não";7;0;3;0;3;2;3;4;-25,85232468;-49,03032776;"SPRF-PR";"DEL01-PR";"UOP04-DEL01-PR"
202042;2019-04-08;"segunda-feira";"10:00:00";"MG";262;584;"CAMPOS ALTOS";"Velocidade Incompatível";"Colisão lateral";"Com Vítimas Feridas";"Pleno dia";"Decrescente";"Chuva";"Simples";"Curva";"Não";6;0;3;0;3;0;3;2;-19,65530504;-46,08642825;"SPRF-MG";"DEL08-MG";"UOP02-DEL08-MG"
202045;2019-04-08;"segunda-feira";"10:30:00";"SP";381;62,1;"MAIRIPORA";"Falta de Atenção à Condução";"Colisão traseira";"Com Vítimas Feridas";"Pleno dia";"Crescente";"Chuva";"Dupla";"Reta";"Não";4;0;2;0;2;0;2;3;-23,29521028;-46,57198906;"SPRF-SP";"DEL03-SP";"UOP01-DEL03-SP"
202055;2019-04-08;"segunda-feira";"09:15:00";"PI";343;310,8;"ALTOS";"Falta de Atenção à Condução";"Colisão com objeto em movimento";"Com Vítimas Feridas";"Pleno dia";"Decrescente";"Céu Claro";"Simples";"Reta";"Não";2;0;0;1;1;0;1;2;-5,040502;-42,485443;"SPRF-PI";"DEL01-PI";"UOP01-DEL01-PI"
202058;2019-04-08;"segunda-feira";"09:00:00";"GO";20;150;"ALVORADA DO NORTE";"Desobediência às normas de trânsito pelo condutor";"Saída de leito carroçável";"Com Vítimas Feridas";"Pleno dia";"Crescente";"Céu Claro";"Simples";"Reta";"Não";4;0;1;0;1;2;1;3;-14,697994;-46,648884;"SPRF-DF";"DEL02-DF";"UOP03-DEL02-DF"
202061;2019-04-08;"segunda-feira";"12:10:00";"PR";277;586,7;"CASCAVEL";"Falta de Atenção do Pedestre";"Atropelamento de Pedestre";"Com Vítimas Fatais";"Pleno dia";"Crescente";"Sol";"Simples";"Reta";"Sim";3;1;0;0;1;1;0;3;-24,9649472;-53,4210459;"SPRF-PR";"DEL04-PR";"UOP01-DEL04-PR"
202067;2019-04-08;"segunda-feira";"12:40:00";"PE";101;83;"JABOATAO DOS GUARARAPES";"Defeito na Via";"Colisão lateral";"Sem Vítimas";"Pleno dia";"Decrescente";"Céu Claro";"Simples";"Em Obras";"Sim";2;0;0;0;2;0;0;2;-8,175172;-34,942642;"SPRF-PE";"DEL01-PE";"UOP03-DEL01-PE"
202069;2019-04-08;"segunda-feira";"13:45:00";"AL";104;29,8;"UNIAO DOS PALMARES";"Falta de Atenção à Condução";"Colisão frontal";"Com Vítimas Fatais";"Pleno dia";"Crescente";"Chuva";"Simples";"Reta";"Não";2;1;0;0;1;0;0;2;-9,11969886;-36,04038686;"SPRF-AL";"DEL01-AL";"UOP02-DEL01-AL"
202072;2019-04-08;"segunda-feira";"12:00:00";"RO";364;605;"ITAPUA DO OESTE";"Falta de Atenção à Condução";"Colisão transversal";"Com Vítimas Feridas";"Pleno dia";"Decrescente";"Nublado";"Simples";"Reta";"Sim";4;0;1;0;2;3;1;5;-9,18603983;-63,19487383;"SPRF-RO";"DEL03-RO";"UOP04-DEL01-RO"
202076;2019-04-08;"segunda-feira";"14:10:00";"ES";259;54;"COLATINA";"Falta de Atenção à Condução";"Colisão traseira";"Com Vítimas Feridas";"Pleno dia";"Decrescente";"Céu Claro";"Simples";"Reta";"Não";2;0;0;1;1;0;1;2;-19,49751752;-40,63894272;"SPRF-ES";"DEL02-ES";"UOP01-DEL02-ES"
202079;2019-04-08;"segunda-feira";"14:20:00";"RJ";393;170,9;"TRES RIOS";"Avarias e/ou desgaste excessivo no pneu";"Colisão transversal";"Com Vítimas Feridas";"Pleno dia";"Decrescente";"Chuva";"Simples";"Reta";"Não";2;0;0;1;1;0;1;2;-22,11956789;-43,16009506;"SPRF-RJ";"DEL06-RJ";"UOP01-DEL05-RJ"
202081;2019-04-08;"segunda-feira";"13:20:00";"SC";101;343;"TUBARAO";"Falta de Atenção à Condução";"Colisão lateral";"Com Vítimas Fatais";"Pleno dia";"Decrescente";"Nublado";"Dupla";"Reta";"Sim";4;1;0;0;1;2;0;4;-28,54389942;-49,05321479;"SPRF-SC";"DEL02-SC";"UOP01-DEL02-SC"
202083;2019-04-08;"segunda-feira";"14:30:00";"RJ";116;94;"GUAPIMIRIM";"Condutor Dormindo";"Colisão traseira";"Com Vítimas Feridas";"Pleno dia";"Crescente";"Garoa/Chuvisco";"Simples";"Reta";"Não";4;0;2;0;1;1;2;3;-22,46643519;-43,00088701;"SPRF-RJ";"DEL04-RJ";"UOP02-DEL04-RJ"
202084;2019-04-07;"domingo";"19:30:00";"GO";364;129;"APARECIDA DO RIO DOCE";"Defeito na Via";"Tombamento";"Com Vítimas Feridas";"Plena Noite";"Decrescente";"Céu Claro";"Simples";"Reta";"Não";1;0;1;0;0;0;1;1;-18,243916;-51,267155;"SPRF-GO";"DEL05-GO";"UOP01-DEL05-GO"
202094;2019-04-08;"segunda-feira";"15:15:00";"MG";262;547,2;"LUZ";"Não guardar distância de segurança";"Engavetamento";"Com Vítimas Feridas";"Pleno dia";"Crescente";"Chuva";"Simples";"Curva";"Não";6;0;2;0;3;2;2;5;-19,74018668;-45,86034892;"SPRF-MG";"DEL08-MG";"UOP02-DEL08-MG"
202095;2019-03-27;"quarta-feira";"17:10:00";"PA";316;96;"SANTA MARIA DO PARA";"Mal Súbito";"Saída de leito carroçável";"Com Vítimas Fatais";"Pleno dia";"Decrescente";"Céu Claro";"Dupla";"Reta";"Não";2;1;0;0;0;1;0;2;-1,32682384;-47,65045166;"SPRF-PA";"DEL01-PA";"UOP02-DEL01-PA"
202098;2019-04-08;"segunda-feira";"07:00:00";"MG";262;611,2;"IBIA";"Falta de Atenção à Condução";"Colisão lateral";"Com Vítimas Feridas";"Pleno dia";"Crescente";"Chuva";"Simples";"Interseção de Vias;Declive";"Não";3;0;1;0;1;3;1;5;-19,59794921;-46,2913541;"SPRF-MG";"DEL08-MG";"UOP02-DEL08-MG"
202100;2019-04-08;"segunda-feira";"16:30:00";"RJ";116;126;"MAGE";"Pista Escorregadia";"Tombamento";"Com Vítimas Feridas";"Pleno dia";"Crescente";"Chuva";"Dupla";"Declive;Curva";"Sim";13;0;1;0;11;2;1;13;-22,662631;-43,116046;"SPRF-RJ";"DEL04-RJ";"UOP02-DEL04-RJ"
202101;2019-04-08;"segunda-feira";"16:50:00";"PE";101;49;"ABREU E LIMA";"Falta de Atenção à Condução";"Colisão lateral";"Com Vítimas Feridas";"Pleno dia";"Crescente";"Céu Claro";"Dupla";"Aclive;Curva";"Sim";2;0;1;0;0;1;1;2;-7,9005152;-34,90180641;"SPRF-PE";"DEL01-PE";"UOP02-DEL01-PE"
202102;2019-04-08;"segunda-feira";"16:25:00";"RJ";116;90;"GUAPIMIRIM";"Pista Escorregadia";"Saída de leito carroçável";"Com Vítimas Feridas";"Pleno dia";"Crescente";"Chuva";"Simples";"Curva";"Não";5;0;1;2;1;1;3;3;-22,46035934;-42,96568206;"SPRF-RJ";"DEL04-RJ";"UOP02-DEL04-RJ"
202138;2019-04-08;"segunda-feira";"19:00:00";"MG";251;476,9;"FRANCISCO SA";"Ingestão de Álcool";"Colisão frontal";"Com Vítimas Feridas";"Plena Noite";"Decrescente";"Nublado";"Simples";"Aclive";"Sim";3;0;0;1;1;1;1;3;-16,47033272;-43,47513494;"SPRF-MG";"DEL12-MG";"UOP01-DEL12-MG"
202139;2019-04-08;"segunda-feira";"18:00:00";"CE";116;274,4;"JAGUARIBARA";"Ultrapassagem Indevida";"Saída de leito carroçável";"Sem Vítimas";"Plena Noite";"Crescente";"Céu Claro";"Simples";"Reta";"Não";2;0;0;0;1;1;0;2;-5,647903;-38,454357;"SPRF-CE";"DEL05-CE";"UOP02-DEL05-CE"
202144;2019-04-08;"segunda-feira";"19:58:00";"PR";376;130,8;"NOVA ESPERANCA";"Não guardar distância de segurança";"Colisão traseira";"Com Vítimas Feridas";"Plena Noite";"Crescente";"Céu Claro";"Dupla";"Aclive";"Não";2;0;1;0;0;1;1;2;-23,17504848;-52,23423918;"SPRF-PR";"DEL07-PR";"UOP02-DEL09-PR"
202156;2019-04-08;"segunda-feira";"20:55:00";"MG";262;383;"MATEUS LEME";"Agressão Externa";"Tombamento";"Sem Vítimas";"Plena Noite";"Decrescente";"Chuva";"Dupla";"Declive;Curva";"Não";1;0;0;0;1;0;0;1;-19,92308455;-44,46518898;"SPRF-MG";"DEL01-MG";"UOP03-DEL01-MG"
202160;2019-04-08;"segunda-feira";"21:00:00";"MG";40;503,4;"ESMERALDAS";"Desobediência às normas de trânsito pelo condutor";"Saída de leito carroçável";"Sem Vítimas";"Pleno dia";"Crescente";"Garoa/Chuvisco";"Dupla";"Reta";"Sim";4;0;0;0;2;2;0;4;-19,72138499;-44,15573599;"SPRF-MG";"DEL02-MG";"UOP01-DEL02-MG"
202166;2019-04-08;"segunda-feira";"22:50:00";"TO";230;63,1;"LUZINOPOLIS";"Defeito Mecânico no Veículo";"Incêndio";"Sem Vítimas";"Plena Noite";"Crescente";"Céu Claro";"Simples";"Declive;Reta";"Não";2;0;0;0;1;1;0;2;-6,22302319;-47,81339414;"SPRF-TO";"DEL02-TO";"UOP03-DEL02-TO"
202169;2019-04-08;"segunda-feira";"17:40:00";"MG";116;106;"ITAOBIM";"Defeito Mecânico no Veículo";"Incêndio";"Sem Vítimas";"Anoitecer";"Crescente";"Céu Claro";"Simples";"Reta";"Não";2;0;0;0;1;2;0;3;-16,48218075;-41,50531769;"SPRF-MG";"DEL11-MG";"UOP02-DEL11-MG"
202170;2019-04-08;"segunda-feira";"23:50:00";"RJ";40;44,9;"AREAL";"Mal Súbito";"Colisão com objeto estático";"Com Vítimas Feridas";"Plena Noite";"Crescente";"Garoa/Chuvisco";"Dupla";"Reta";"Não";1;0;1;0;0;0;1;1;-22,27275475;-43,10869115;"SPRF-RJ";"DEL06-RJ";"UOP02-DEL05-RJ"
202171;2019-04-08;"segunda-feira";"19:00:00";"PE";116;35,8;"SALGUEIRO";"Velocidade Incompatível";"Colisão com objeto estático";"Sem Vítimas";"Plena Noite";"Crescente";"Céu Claro";"Simples";"Ponte";"Não";1;0;0;0;1;0;0;1;-8,144699;-39,111214;"SPRF-PE";"DEL05-PE";"UOP01-DEL05-PE"
202173;2019-04-09;"terça-feira";"00:50:00";"MG";40;287;"TRES MARIAS";"Ingestão de Álcool";"Colisão lateral";"Sem Vítimas";"Plena Noite";"Crescente";"Céu Claro";"Simples";"Reta";"Não";2;0;0;0;2;0;0;2;-18,25619211;-45,15924117;"SPRF-MG";"DEL14-MG";"UOP02-DEL14-MG"
202174;2019-04-09;"terça-feira";"01:20:00";"RN";101;135;"ARES";"Condutor Dormindo";"Colisão traseira";"Com Vítimas Feridas";"Plena Noite";"Decrescente";"Céu Claro";"Dupla";"Curva";"Não";1;0;1;0;0;0;1;1;-6,16443306;-35,22487309;"SPRF-RN";"DEL01-RN";"UOP01-DEL01-RN"
202179;2019-04-09;"terça-feira";"02:00:00";"MG";381;888,9;"CAMBUI";"Condutor Dormindo";"Tombamento";"Sem Vítimas";"Plena Noite";"Decrescente";"Chuva";"Dupla";"Curva";"Não";2;0;0;0;1;1;0;2;-22,531908;-46,02784932;"SPRF-MG";"DEL16-MG";"UOP03-DEL16-MG"
202180;2019-04-09;"terça-feira";"02:30:00";"SC";101;17,9;"GARUVA";"Velocidade Incompatível";"Colisão traseira";"Com Vítimas Feridas";"Plena Noite";"Crescente";"Nublado";"Dupla";"Reta";"Não";4;0;2;0;1;1;2;3;-26,12141519;-48,88262078;"SPRF-SC";"DEL03-SC";"UOP01-DEL03-SC"
202182;2019-04-09;"terça-feira";"01:50:00";"MG";381;509;"SAO JOAQUIM DE BICAS";"Falta de Atenção à Condução";"Colisão traseira";"Sem Vítimas";"Plena Noite";"Crescente";"Céu Claro";"Dupla";"Reta";"Não";3;0;0;0;2;1;0;3;-20,05815854;-44,28816319;"SPRF-MG";"DEL01-MG";"UOP03-DEL01-MG"
202183;2019-04-09;"terça-feira";"04:20:00";"GO";60;371;"RIO VERDE";"Defeito Mecânico no Veículo";"Capotamento";"Com Vítimas Feridas";"Amanhecer";"Decrescente";"Chuva";"Dupla";"Reta";"Não";1;0;1;0;0;0;1;1;-17,6949;-50,8414;"SPRF-GO";"DEL04-GO";"UOP01-DEL04-GO"
202187;2019-04-09;"terça-feira";"06:00:00";"MG";365;495;"PATROCINIO";"Agressão Externa";"Tombamento";"Com Vítimas Feridas";"Amanhecer";"Crescente";"Céu Claro";"Dupla";"Aclive";"Não";2;0;1;0;0;1;1;2;-18,917469;-47,203773;"SPRF-MG";"DEL10-MG";"UOP01-DEL10-MG"
202189;2019-04-09;"terça-feira";"06:45:00";"PE";428;192;"PETROLINA";"Desobediência às normas de trânsito pelo condutor";"Colisão transversal";"Com Vítimas Feridas";"Pleno dia";"Crescente";"Céu Claro";"Simples";"Curva";"Sim";2;0;0;1;1;0;1;2;-9,38634167;-40,52393697;"SPRF-PE";"DEL06-PE";"UOP01-DEL06-PE"
202192;2019-04-09;"terça-feira";"06:50:00";"MG";116;197,1;"CARAI";"Velocidade Incompatível";"Colisão traseira";"Com Vítimas Feridas";"Pleno dia";"Decrescente";"Sol";"Simples";"Reta;Declive";"Não";13;0;7;2;1;4;9;5;-17,21824491;-41,49273665;"SPRF-MG";"DEL11-MG";"UOP01-DEL11-MG"
202194;2019-04-09;"terça-feira";"06:20:00";"ES";262;6,5;"CARIACICA";"Falta de Atenção à Condução";"Colisão traseira";"Com Vítimas Feridas";"Pleno dia";"Decrescente";"Nublado";"Múltipla";"Reta";"Sim";4;0;1;0;3;0;1;3;-20,34007493;-40,39451305;"SPRF-ES";"DEL01-ES";"UOP01-DEL01-ES"
202199;2019-04-09;"terça-feira";"07:50:00";"PE";104;62;"CARUARU";"Defeito Mecânico no Veículo";"Saída de leito carroçável";"Sem Vítimas";"Pleno dia";"Crescente";"Céu Claro";"Dupla";"Viaduto";"Sim";1;0;0;0;1;0;0;1;-8,2618;-35,976;"SPRF-PE";"DEL02-PE";"UOP01-DEL02-PE"
202207;2019-04-09;"terça-feira";"06:00:00";"PA";155;270;"ELDORADO DO CARAJAS";"Deficiência ou não Acionamento do Sistema de Iluminação/Sinalização do Veículo";"Colisão traseira";"Com Vítimas Feridas";"Amanhecer";"Decrescente";"Nevoeiro/Neblina";"Simples";"Reta";"Não";2;0;1;0;1;0;1;1;-5,982484;-49,23516;"SPRF-PA";"DEL03-PA";"UOP01-DEL03-PA"
202210;2019-04-09;"terça-feira";"07:05:00";"MG";50;174,9;"UBERABA";"Pista Escorregadia";"Colisão lateral";"Com Vítimas Feridas";"Amanhecer";"Crescente";"Chuva";"Dupla";"Curva";"Sim";3;0;0;1;1;2;1;4;-19,770817;-47,973434;"SPRF-MG";"DEL13-MG";"UOP01-DEL13-MG"
202213;2019-04-09;"terça-feira";"07:00:00";"BA";101;338,9;"TEOLANDIA";"Velocidade Incompatível";"Saída de leito carroçável";"Com Vítimas Feridas";"Pleno dia";"Crescente";"Céu Claro";"Simples";"Curva";"Não";3;0;1;1;0;1;2;2;-13,64624293;-39,48617042;"SPRF-BA";"DEL05-BA";"UOP03-DEL05-BA"
202217;2019-04-09;"terça-feira";"09:30:00";"MG";381;482,9;"BETIM";"Desobediência às normas de trânsito pelo condutor";"Colisão lateral";"Com Vítimas Feridas";"Pleno dia";"Decrescente";"Nublado";"Dupla";"Curva";"Sim";3;0;1;0;1;1;1;3;-19,955532;-44,097209;"SPRF-MG";"DEL01-MG";"UOP03-DEL01-MG"
202218;2019-04-09;"terça-feira";"10:10:00";"SE";235;6,2;"NOSSA SENHORA DO SOCORRO";"Falta de Atenção à Condução";"Colisão lateral";"Com Vítimas Feridas";"Pleno dia";"Decrescente";"Sol";"Dupla";"Interseção de Vias";"Não";2;0;1;0;1;0;1;2;-10,903851;-37,128677;"SPRF-SE";"DEL01-SE";"UOP01-DEL01-SE"
202222;2019-04-09;"terça-feira";"10:29:00";"ES";101;257,7;"SERRA";"Falta de Atenção do Pedestre";"Atropelamento de Pedestre";"Com Vítimas Fatais";"Pleno dia";"Crescente";"Sol";"Dupla";"Aclive";"Não";4;1;0;0;1;2;0;3;-20,12853811;-40,29866695;"SPRF-ES";"DEL02-ES";"UOP01-DEL02-ES"
202228;2019-04-09;"terça-feira";"11:20:00";"PB";101;98,3;"CONDE";"Falta de Atenção à Condução";"Colisão traseira";"Com Vítimas Feridas";"Pleno dia";"Decrescente";"Sol";"Dupla";"Reta";"Não";3;0;2;0;1;0;2;2;-7,24692282;-34,93113937;"SPRF-PB";"DEL01-PB";"UOP01-DEL01-PB"
202233;2019-04-09;"terça-feira";"11:30:00";"SP";116;507;"CAJATI";"Falta de Atenção à Condução";"Colisão com objeto estático";"Com Vítimas Feridas";"Pleno dia";"Decrescente";"Garoa/Chuvisco";"Simples";"Declive;Curva";"Não";3;0;1;0;1;2;1;4;-24,805288;-48,214966;"SPRF-SP";"DEL05-SP";"UAP01-DEL05-SP"
202235;2019-04-09;"terça-feira";"12:35:00";"RN";101;107;"PARNAMIRIM";"Falta de Atenção à Condução";"Colisão transversal";"Com Vítimas Feridas";"Pleno dia";"Decrescente";"Sol";"Dupla";"Reta";"Sim";2;0;1;0;1;0;1;2;-5,91920796;-35,26412409;"SPRF-RN";"DEL01-RN";"UOP01-DEL01-RN"
202241;2019-04-09;"terça-feira";"12:30:00";"ES";101;291,9;"CARIACICA";"Falta de Atenção à Condução";"Colisão traseira";"Com Vítimas Feridas";"Pleno dia";"Decrescente";"Nublado";"Dupla";"Reta";"Sim";4;0;1;0;2;1;1;4;-20,29755744;-40,39445616;"SPRF-ES";"DEL01-ES";"UOP01-DEL01-ES"
202242;2019-04-09;"terça-feira";"12:40:00";"PR";476;155,2;"ARAUCARIA";"Falta de Atenção à Condução";"Colisão transversal";"Com Vítimas Feridas";"Pleno dia";"Crescente";"Nublado";"Dupla";"Reta";"Sim";3;0;1;0;1;2;1;4;-25,59179098;-49,41220164;"SPRF-PR";"DEL01-PR";"UOP03-DEL01-PR"
202246;2019-04-09;"terça-feira";"13:30:00";"SC";280;14,2;"SAO FRANCISCO DO SUL";"Falta de Atenção à Condução";"Colisão traseira";"Com Vítimas Feridas";"Pleno dia";"Crescente";"Nublado";"Simples";"Reta";"Não";4;0;1;1;1;2;2;4;-26,3301861;-48,65148076;"SPRF-SC";"DEL03-SC";"UOP03-DEL03-SC"
202254;2019-04-09;"terça-feira";"13:10:00";"PR";476;177,9;"CONTENDA";"Falta de Atenção à Condução";"Saída de leito carroçável";"Com Vítimas Feridas";"Pleno dia";"Crescente";"Nublado";"Simples";"Curva;Aclive";"Não";2;0;1;0;0;1;1;2;-25,696129;-49,563389;"SPRF-PR";"DEL01-PR";"UOP03-DEL01-PR"