"id";"data_inversa";"dia_semana";"horario";"uf";"br";"km";"municipio";"causa_acidente";"tipo_acidente";"classificacao_acidente";"fase_dia";"sentido_via";"condicao_metereologica";"tipo_pista";"tracado_via";"uso_solo";"pessoas";"mortos";"feridos_leves";"feridos_graves";"ilesos";"ignorados";"feridos";"veiculos";"latitude";"longitude";"regional";"delegacia";"uop"
202257;2019-04-09;"terça-feira";"14:20:00";"ES";101;146,5;"LINHARES";"Não guardar distância de segurança";"Colisão traseira";"Com Vítimas Feridas";"Pleno dia";"Decrescente";"Sol";"Múltipla";"Reta";"Sim";3;0;0;1;2;0;1;3;-19,36990998;-40,06560718;"SPRF-ES";"DEL04-ES";"UOP01-DEL04-ES"
202258;2019-04-09;"terça-feira";"12:20:00";"AC";364;136;"RIO BRANCO";"Desobediência às normas de trânsito pelo condutor";"Colisão transversal";"Com Vítimas Feridas";"Pleno dia";"Decrescente";"Céu Claro";"Dupla";"Rotatória";"Sim";2;0;1;0;1;0;1;2;-9,977578;-67,8489;"SPRF-AC";"DEL01-AC";"UOP01-DEL01-AC"
202264;2019-04-09;"terça-feira";"13:45:00";"MT";364;439;"VARZEA GRANDE";"Velocidade Incompatível";"Tombamento";"Com Vítimas Feridas";"Pleno dia";"Crescente";"Céu Claro";"Simples";"Curva";"Não";3;0;2;0;0;2;2;3;-15,64077261;-56,17215786;"SPRF-MT";"DEL01-MT";"DEL2/4-UOP02/MT"
202269;2019-04-09;"terça-feira";"14:00:00";"AM";174;904;"MANAUS";"Falta de Atenção à Condução";"Colisão frontal";"Sem Vítimas";"Pleno dia";"Crescente";"Chuva";"Simples";"Reta";"Não";2;0;0;0;1;1;0;2;-2,79817299;-60,03686249;"SPRF-AM";"DEL01-AM";"UOP01-DEL01-AM"
202270;2019-04-09;"terça-feira";"14:10:00";"MG";116;720,9;"MURIAE";"Pista Escorregadia";"Colisão com objeto estático";"Com Vítimas Feridas";"Pleno dia";"Crescente";"Chuva";"Simples";"Declive;Curva";"Não";2;0;1;0;0;1;1;2;-21,24577695;-42,3942351;"SPRF-MG";"DEL07-MG";"UOP02-DEL07-MG"
202274;2019-04-09;"terça-feira";"16:05:00";"PE";101;63,7;"RECIFE";"Desobediência às normas de trânsito pelo condutor";"Colisão traseira";"Com Vítimas Feridas";"Pleno dia";"Crescente";"Céu Claro";"Dupla";"Reta";"Sim";2;0;1;0;1;0;1;2;-8,00800604;-34,93756535;"SPRF-PE";"DEL01-PE";"UOP01-DEL01-PE"
202280;2019-04-09;"terça-feira";"15:30:00";"SP";116;391;"MIRACATU";"Ingestão de Álcool";"Tombamento";"Sem Vítimas";"Pleno dia";"Crescente";"Chuva";"Dupla";"Reta";"Não";2;0;0;0;1;1;0;2;-24,27988597;-47,42392801;"SPRF-SP";"DEL04-SP";"UOP02-DEL04-SP"
202281;2019-04-09;"terça-feira";"13:35:00";"RS";392;186,3;"SANTANA DA BOA VISTA";"Falta de Atenção à Condução";"Colisão lateral";"Com Vítimas Feridas";"Pleno dia";"Decrescente";"Céu Claro";"Simples";"Curva";"Não";3;0;1;0;1;4;1;6;-30,94965455;-53,05668292;"SPRF-RS";"DEL07-RS";"UOP01-DEL07-RS"
202286;2019-04-09;"terça-feira";"18:00:00";"PE";116;9,5;"SALGUEIRO";"Defeito Mecânico no Veículo";"Incêndio";"Sem Vítimas";"Plena Noite";"Crescente";"Céu Claro";"Simples";"Reta";"Não";2;0;0;0;1;1;0;2;-7,928212;-39,121658;"SPRF-PE";"DEL05-PE";"UOP01-DEL05-PE"
202294;2019-04-09;"terça-feira";"17:50:00";"PE";232;410,2;"SERRA TALHADA";"Falta de Atenção à Condução";"Colisão traseira";"Com Vítimas Feridas";"Anoitecer";"Crescente";"Céu Claro";"Simples";"Reta";"Sim";2;0;0;1;1;0;1;2;-7,981944;-38,289467;"SPRF-PE";"DEL04-PE";"UOP01-DEL04-PE"
202297;2019-04-09;"terça-feira";"17:50:00";"MT";158;550,8;"AGUA BOA";"Falta de Atenção à Condução";"Saída de leito carroçável";"Com Vítimas Feridas";"Anoitecer";"Decrescente";"Céu Claro";"Simples";"Reta";"Não";2;0;1;0;0;1;1;2;-13,91398603;-52,08686498;"SPRF-MT";"DEL07-MT";"UOP02-DEL07-MT"
202303;2019-04-09;"terça-feira";"18:55:00";"GO";414;422,3;"ABADIANIA";"Ultrapassagem Indevida";"Colisão lateral";"Com Vítimas Feridas";"Plena Noite";"Decrescente";"Céu Claro";"Simples";"Curva";"Não";4;0;2;0;2;0;2;2;-16,140961;-48,89140401;"SPRF-GO";"DEL02-GO";"UOP01-DEL02-GO"
202306;2019-04-09;"terça-feira";"18:20:00";"MS";163;470,7;"CAMPO GRANDE";"Desobediência às normas de trânsito pelo condutor";"Colisão frontal";"Com Vítimas Feridas";"Anoitecer";"Crescente";"Céu Claro";"Simples";"Interseção de Vias";"Não";5;0;1;2;1;2;3;4;-20,55496929;-54,55592752;"SPRF-MS";"DEL01-MS";"UOP01-DEL01-MS"
202312;2019-04-09;"terça-feira";"19:35:00";"SP";153;44,6;"ONDA VERDE";"Velocidade Incompatível";"Colisão traseira";"Com Vítimas Feridas";"Plena Noite";"Crescente";"Céu Claro";"Simples";"Reta";"Não";3;0;0;1;1;2;1;4;-20,65997195;-49,3411231;"SPRF-SP";"DEL09-SP";"UOP01-DEL09-SP"
202313;2019-04-09;"terça-feira";"20:38:00";"SC";101;190;"BIGUACU";"Desobediência às normas de trânsito pelo condutor";"Colisão lateral";"Sem Vítimas";"Plena Noite";"Decrescente";"Céu Claro";"Dupla";"Reta";"Não";3;0;0;0;2;1;0;3;-27,468056;-48,641712;"SPRF-SC";"DEL01-SC";"UOP01-DEL01-SC"
202320;2019-04-09;"terça-feira";"18:20:00";"MG";116;409,6;"GOVERNADOR VALADARES";"Falta de Atenção à Condução";"Colisão transversal";"Com Vítimas Feridas";"Plena Noite";"Crescente";"Chuva";"Dupla";"Reta";"Sim";2;0;0;1;1;0;1;2;-18,84936788;-41,97891368;"SPRF-MG";"DEL06-MG";"UOP01-DEL06-MG"
202323;2019-04-09;"terça-feira";"20:30:00";"PR";163;216;"CASCAVEL";"Velocidade Incompatível";"Tombamento";"Com Vítimas Feridas";"Plena Noite";"Crescente";"Céu Claro";"Simples";"Curva";"Não";2;0;1;0;0;1;1;2;-24,9955871;-53,55699127;"SPRF-PR";"DEL04-PR";"UOP01-DEL04-PR"
202331;2019-04-09;"terça-feira";"22:30:00";"MG";381;737,7;"TRES CORACOES";"Velocidade Incompatível";"Colisão com objeto estático";"Com Vítimas Feridas";"Plena Noite";"Crescente";"Céu Claro";"Dupla";"Curva;Declive";"Não";3;0;1;0;1;1;1;3;-21,59740119;-45,23880352;"SPRF-MG";"DEL16-MG";"UOP02-DEL16-MG"
202333;2019-04-09;"terça-feira";"19:35:00";"MG";40;592,8;"OURO PRETO";"Velocidade Incompatível";"Colisão com objeto estático";"Com Vítimas Feridas";"Plena Noite";"Decrescente";"Chuva";"Dupla";"Declive;Curva";"Não";2;0;1;0;0;1;1;2;-20,38067507;-43,90128711;"SPRF-MG";"DEL05-MG";"UOP02-DEL05-MG"
202338;2019-04-09;"terça-feira";"19:30:00";"MA";10;128;"ESTREITO";"Falta de Atenção à Condução";"Colisão transversal";"Com Vítimas Feridas";"Plena Noite";"Crescente";"Garoa/Chuvisco";"Simples";"Reta";"Sim";4;0;2;0;1;1;2;3;-6,55424885;-47,44154513;"SPRF-MA";"DEL04-MA";"UOP02-DEL04-MA"
202341;2019-04-09;"terça-feira";"23:15:00";"RJ";101;53,9;"CAMPOS DOS GOYTACAZES";"Falta de Atenção à Condução";"Colisão lateral";"Com Vítimas Fatais";"Plena Noite";"Crescente";"Garoa/Chuvisco";"Simples";"Reta";"Não";4;1;2;0;1;0;2;2;-21,660484;-41,31128898;"SPRF-RJ";"DEL08-RJ";"UOP01-DEL08-RJ"
202342;2019-04-10;"quarta-feira";"00:10:00";"RJ";101;77;"CAMPOS DOS GOYTACAZES";"Falta de Atenção à Condução";"Colisão traseira";"Com Vítimas Feridas";"Plena Noite";"Crescente";"Garoa/Chuvisco";"Simples";"Reta";"Não";4;0;2;0;1;1;2;3;-21,82996408;-41,41023594;"SPRF-RJ";"DEL08-RJ";"UOP02-DEL08-RJ"
202347;2019-04-10;"quarta-feira";"01:40:00";"RO";364;344;"JI-PARANA";"Defeito Mecânico no Veículo";"Colisão com objeto estático";"Sem Vítimas";"Plena Noite";"Crescente";"Céu Claro";"Dupla";"Reta";"Sim";1;0;0;0;1;0;0;1;-10,87376391;-61,95256893;"SPRF-RO";"DEL02-RO";"UOP01-DEL02-RO"
202350;2019-03-21;"quinta-feira";"05:00:00";"PR";116;52;"CAMPINA GRANDE DO SUL";"Velocidade Incompatível";"Tombamento";"Com Vítimas Feridas";"Plena Noite";"Crescente";"Garoa/Chuvisco";"Dupla";"Curva";"Não";1;0;1;0;0;0;1;1;-25,24905809;-48,90839593;"SPRF-PR";"DEL01-PR";"UOP02-DEL01-PR"
202354;2019-04-10;"quarta-feira";"04:30:00";"ES";101;332;"GUARAPARI";"Velocidade Incompatível";"Saída de leito carroçável";"Sem Vítimas";"Plena Noite";"Crescente";"Céu Claro";"Simples";"Curva";"Não";1;0;0;0;1;0;0;1;-20,60724162;-40,50889326;"SPRF-ES";"DEL03-ES";"UOP01-DEL03-ES"
202356;2019-04-10;"quarta-feira";"04:45:00";"MG";267;251,7;"CARVALHOS";"Velocidade Incompatível";"Tombamento";"Com Vítimas Feridas";"Plena Noite";"Decrescente";"Céu Claro";"Simples";"Curva";"Não";1;0;1;0;0;0;1;1;-21,934095;-44,49315;"SPRF-MG";"DEL05-MG";"UOP01-DEL17-MG"
202357;2019-04-10;"quarta-feira";"05:40:00";"BA";324;517;"FEIRA DE SANTANA";"Falta de Atenção à Condução";"Colisão transversal";"Sem Vítimas";"Amanhecer";"Decrescente";"Céu Claro";"Simples";"Reta";"Sim";2;0;0;0;2;0;0;2;-12,24953308;-38,93362525;"SPRF-BA";"DEL02-BA";"UOP01-DEL02-BA"
202366;2019-04-10;"quarta-feira";"06:30:00";"SP";116;218,9;"GUARULHOS";"Não guardar distância de segurança";"Colisão traseira";"Sem Vítimas";"Pleno dia";"Crescente";"Nublado";"Múltipla";"Reta";"Não";3;0;0;0;3;0;0;3;-23,457972;-46,479927;"SPRF-SP";"DEL01-SP";"UOP01-DEL01-SP"
202370;2019-04-10;"quarta-feira";"08:15:00";"GO";153;494;"GOIANIA";"Falta de Atenção à Condução";"Colisão traseira";"Com Vítimas Feridas";"Pleno dia";"Crescente";"Sol";"Dupla";"Reta";"Sim";3;0;0;1;2;0;1;2;-16,6614;-49,2218;"SPRF-GO";"DEL01-GO";"UOP01-DEL01-GO"
202372;2019-04-10;"quarta-feira";"06:20:00";"PE";101;136;"ESCADA";"Defeito na Via";"Tombamento";"Com Vítimas Feridas";"Pleno dia";"Decrescente";"Céu Claro";"Dupla";"Curva";"Não";2;0;1;0;1;0;1;1;-8,41439454;-35,3044618;"SPRF-PE";"DEL01-PE";"UOP03-DEL01-PE"
202376;2019-04-09;"terça-feira";"17:20:00";"GO";364;226,2;"JATAI";"Velocidade Incompatível";"Tombamento";"Com Vítimas Feridas";"Anoitecer";"Crescente";"Garoa/Chuvisco";"Simples";"Curva";"Não";1;0;1;0;0;0;1;1;-17,819904;-51,966988;"SPRF-GO";"DEL05-GO";"UOP01-DEL05-GO"
202377;2019-04-10;"quarta-feira";"07:35:00";"PR";376;639;"TIJUCAS DO SUL";"Velocidade Incompatível";"Colisão com objeto estático";"Sem Vítimas";"Pleno dia";"Crescente";"Garoa/Chuvisco";"Dupla";"Reta";"Não";2;0;0;0;1;1;0;2;-25,77360113;-49,12143434;"SPRF-PR";"DEL01-PR";"UOP04-DEL01-PR"
202378;2019-04-10;"quarta-feira";"07:30:00";"RS";386;435,7;"NOVA SANTA RITA";"Desobediência às normas de trânsito pelo condutor";"Colisão transversal";"Com Vítimas Feridas";"Pleno dia";"Crescente";"Sol";"Dupla";"Interseção de Vias";"Sim";2;0;1;0;1;0;1;2;-29,846369;-51,275738;"SPRF-RS";"DEL04-RS";"UOP02-DEL04-RS"
202379;2019-04-10;"quarta-feira";"08:20:00";"GO";153;516;"APARECIDA DE GOIANIA";"Falta de Atenção do Pedestre";"Atropelamento de Pedestre";"Com Vítimas Feridas";"Pleno dia";"Crescente";"Nublado";"Dupla";"Reta";"Sim";2;0;1;0;1;0;1;2;-16,84137377;-49,24495166;"SPRF-GO";"DEL01-GO";"UOP03-DEL01-GO"
202381;2019-04-10;"quarta-feira";"06:30:00";"ES";101;335;"GUARAPARI";"Velocidade Incompatível";"Tombamento";"Sem Vítimas";"Amanhecer";"Crescente";"Céu Claro";"Simples";"Curva";"Não";2;0;0;0;1;1;0;2;-20,62718356;-40,52742029;"SPRF-ES";"DEL03-ES";"UOP01-DEL03-ES"
202383;2019-04-10;"quarta-feira";"06:15:00";"SC";116;210,9;"PONTE ALTA";"Condutor Dormindo";"Tombamento";"Com Vítimas Feridas";"Amanhecer";"Crescente";"Céu Claro";"Simples";"Curva";"Não";4;0;1;1;1;1;2;3;-27,50285695;-50,36575969;"SPRF-SC";"DEL05-SC";"UOP03-DEL05-SC"
202385;2019-04-10;"quarta-feira";"06:30:00";"MG";116;253;"TEOFILO OTONI";"Pista Escorregadia";"Colisão transversal";"Com Vítimas Feridas";"Pleno dia";"Crescente";"Chuva";"Simples";"Curva";"Não";3;0;1;0;1;1;1;3;-17,66754938;-41,49340126;"SPRF-MG";"DEL11-MG";"UOP01-DEL11-MG"
202387;2019-04-10;"quarta-feira";"09:40:00";"SP";116;219,7;"GUARULHOS";"Desobediência às normas de trânsito pelo pedestre";"Atropelamento de Pedestre";"Com Vítimas Feridas";"Pleno dia";"Crescente";"Nublado";"Múltipla";"Reta";"Sim";2;0;0;1;1;0;1;2;-23,46442241;-46,49834096;"SPRF-SP";"DEL01-SP";"UOP01-DEL01-SP"
202388;2019-04-09;"terça-feira";"18:00:00";"GO";364;130;"APARECIDA DO RIO DOCE";"Defeito na Via";"Colisão traseira";"Sem Vítimas";"Anoitecer";"Decrescente";"Ignorado";"Simples";"Reta";"Não";3;0;0;0;2;5;0;7;-18,23842;-51,27425;"SPRF-GO";"DEL05-GO";"UOP01-DEL05-GO"
202390;2019-04-10;"quarta-feira";"10:00:00";"SE";235;36,8;"AREIA BRANCA";"Falta de Atenção à Condução";"Colisão frontal";"Com Vítimas Feridas";"Pleno dia";"Decrescente";"Céu Claro";"Simples";"Reta";"Não";3;0;0;1;1;1;1;3;-10,767558;-37,328533;"SPRF-SE";"DEL01-SE";"UOP02-DEL01-SE"
202393;2019-04-10;"quarta-feira";"11:00:00";"PE";104;118,9;"PANELAS";"Carga excessiva e/ou mal acondicionada";"Capotamento";"Com Vítimas Fatais";"Pleno dia";"Crescente";"Céu Claro";"Simples";"Curva";"Não";3;2;0;0;0;1;0;3;-8,687511;-36,017384;"SPRF-PE";"DEL02-PE";"UOP01-DEL02-PE"
202396;2019-02-22;"sexta-feira";"22:30:00";"SC";101;205,5;"SAO JOSE";"Falta de Atenção à Condução";"Colisão lateral";"Com Vítimas Feridas";"Plena Noite";"Decrescente";"Céu Claro";"Dupla";"Reta";"Sim";6;0;4;0;1;1;4;3;-27,58723004;-48,61653507;"SPRF-SC";"DEL01-SC";"UOP01-DEL01-SC"
202397;2019-04-10;"quarta-feira";"10:05:00";"BA";116;751,6;"POCOES";"Falta de Atenção à Condução";"Colisão transversal";"Com Vítimas Feridas";"Pleno dia";"Crescente";"Nublado";"Simples";"Reta";"Não";3;0;1;0;1;1;1;3;-14,48222047;-40,33716202;"SPRF-BA";"DEL08-BA";"UOP02-DEL08-BA"
202401;2019-04-10;"quarta-feira";"11:30:00";"PR";376;199,8;"MARIALVA";"Defeito Mecânico no Veículo";"Saída de leito carroçável";"Com Vítimas Feridas";"Pleno dia";"Decrescente";"Céu Claro";"Dupla";"Declive";"Não";4;0;3;0;0;1;3;3;-23,50719669;-51,73201193;"SPRF-PR";"DEL07-PR";"UOP01-DEL09-PR"
202403;2019-04-10;"quarta-feira";"11:45:00";"DF";80;22,4;"BRASILIA";"Falta de Atenção à Condução";"Colisão transversal";"Com Vítimas Feridas";"Pleno dia";"Crescente";"Céu Claro";"Simples";"Reta";"Não";2;0;1;0;1;0;1;2;-15,647892;-48,201756;"SPRF-DF";"DEL01-DF";"UOP02-DEL03-DF"
202407;2019-04-10;"quarta-feira";"06:30:00";"BA";242;490;"BROTAS DE MACAUBAS";"Falta de Atenção à Condução";"Tombamento";"Com Vítimas Feridas";"Amanhecer";"Crescente";"Céu Claro";"Simples";"Reta";"Não";1;0;0;1;0;0;1;1;-12,40813704;-42,37388109;"SPRF-BA";"DEL06-BA";"UOP01-DEL06-BA"
202411;2019-04-10;"quarta-feira";"13:00:00";"PR";476;159;"ARAUCARIA";"Desobediência às normas de trânsito pelo condutor";"Colisão transversal";"Com Vítimas Feridas";"Pleno dia";"Decrescente";"Céu Claro";"Simples";"Reta";"Não";2;0;1;0;1;0;1;2;-25,617157;-49,43169;"SPRF-PR";"DEL01-PR";"UOP03-DEL01-PR"
202416;2019-04-10;"quarta-feira";"13:40:00";"GO";60;98;"ANAPOLIS";"Defeito Mecânico no Veículo";"Colisão traseira";"Com Vítimas Feridas";"Pleno dia";"Crescente";"Chuva";"Dupla";"Reta";"Sim";2;0;1;0;1;0;1;2;-16,3846;-48,9541;"SPRF-GO";"DEL02-GO";"UOP01-DEL02-GO"
202417;2019-04-10;"quarta-feira";"11:05:00";"ES";101;409;"CACHOEIRO DE ITAPEMIRIM";"Velocidade Incompatível";"Colisão frontal";"Com Vítimas Feridas";"Pleno dia";"Crescente";"Chuva";"Simples";"Curva";"Não";2;0;1;0;1;0;1;2;-20,89643008;-41,04527197;"SPRF-ES";"DEL03-ES";"UOP02-DEL03-ES"
202428;2019-04-10;"quarta-feira";"15:15:00";"PE";101;136,1;"ESCADA";"Velocidade Incompatível";"Colisão traseira";"Com Vítimas Feridas";"Pleno dia";"Decrescente";"Céu Claro";"Dupla";"Curva";"Não";5;0;1;0;3;2;1;6;-8,41439454;-35,3044618;"SPRF-PE";"DEL01-PE";"UOP03-DEL01-PE"
202430;2019-04-10;"quarta-feira";"15:30:00";"ES";262;28,9;"VIANA";"Defeito Mecânico no Veículo";"Tombamento";"Com Vítimas Fatais";"Pleno dia";"Crescente";"Céu Claro";"Simples";"Ponte";"Não";4;1;0;1;0;2;1;2;-20,38426904;-40,55863435;"SPRF-ES";"DEL01-ES";"UOP01-DEL01-ES"
202433;2019-04-10;"quarta-feira";"16:05:00";"ES";101;260,8;"SERRA";"Falta de Atenção à Condução";"Colisão frontal";"Com Vítimas Fatais";"Pleno dia";"Decrescente";"Sol";"Dupla";"Curva;Declive";"Sim";5;1;0;0;2;2;0;5;-20,14616415;-40,28836206;"SPRF-ES";"DEL02-ES";"UOP01-DEL02-ES"
202435;2019-04-10;"quarta-feira";"14:14:00";"MG";40;428,7;"PARAOPEBA";"Defeito Mecânico no Veículo";"Incêndio";"Sem Vítimas";"Pleno dia";"Decrescente";"Sol";"Dupla";"Reta";"Não";2;0;0;0;1;1;0;2;-19,17978192;-44,50112094;"SPRF-MG";"DEL02-MG";"UOP01-DEL02-MG"
202436;2019-04-10;"quarta-feira";"09:30:00";"BA";101;117;"ALAGOINHAS";"Falta de Atenção à Condução";"Colisão transversal";"Com Vítimas Feridas";"Pleno dia";"Decrescente";"Céu Claro";"Simples";"Interseção de Vias";"Não";2;0;2;0;0;0;2;2;-12,16507;-38,476496;"SPRF-BA";"DEL01-BA";"UOP04-DEL01-BA"
202437;2019-04-10;"quarta-feira";"12:10:00";"SC";280;8;"SAO FRANCISCO DO SUL";"Defeito Mecânico no Veículo";"Colisão frontal";"Com Vítimas Feridas";"Pleno dia";"Decrescente";"Céu Claro";"Simples";"Declive;Curva";"Sim";7;0;4;0;2;1;4;6;-26,27887292;-48,64668626;"SPRF-SC";"DEL03-SC";"UOP03-DEL03-SC"
202440;2019-04-10;"quarta-feira";"16:10:00";"BA";116;423;"FEIRA DE SANTANA";"Falta de Atenção à Condução";"Colisão lateral";"Sem Vítimas";"Pleno dia";"Decrescente";"Céu Claro";"Simples";"Interseção de Vias";"Sim";2;0;0;0;2;0;0;2;-12,23498255;-38,97683144;"SPRF-BA";"DEL02-BA";"UOP01-DEL02-BA"
202446;2019-04-10;"quarta-feira";"16:40:00";"RJ";393;293;"BARRA MANSA";"Falta de Atenção à Condução";"Colisão transversal";"Com Vítimas Feridas";"Pleno dia";"Decrescente";"Nublado";"Simples";"Reta";"Não";3;0;1;0;1;1;1;3;-22,51745661;-44,11043815;"SPRF-RJ";"DEL05-RJ";"UOP04-DEL05-RJ"
202456;2019-04-10;"quarta-feira";"15:30:00";"PR";376;668,2;"GUARATUBA";"Falta de Atenção à Condução";"Saída de leito carroçável";"Com Vítimas Feridas";"Pleno dia";"Crescente";"Sol";"Dupla";"Declive;Curva";"Não";2;0;1;0;0;1;1;2;-25,86970792;-48,934865;"SPRF-PR";"DEL01-PR";"UOP04-DEL01-PR"
202459;2019-04-10;"quarta-feira";"18:00:00";"PR";277;333;"GUARAPUAVA";"Velocidade Incompatível";"Tombamento";"Com Vítimas Feridas";"Pleno dia";"Decrescente";"Céu Claro";"Dupla";"Declive;Curva";"Não";2;0;1;0;0;2;1;3;-25,34654702;-51,38292789;"SPRF-PR";"DEL03-PR";"UOP01-DEL08-PR"
202467;2019-04-10;"quarta-feira";"16:00:00";"BA";242;236;"ITABERABA";"Velocidade Incompatível";"Tombamento";"Com Vítimas Feridas";"Pleno dia";"Decrescente";"Céu Claro";"Simples";"Curva";"Não";2;0;1;0;0;2;1;3;-12,521212;-40,374353;"SPRF-BA";"DEL06-BA";"UOP02-DEL06-BA"
202471;2019-04-10;"quarta-feira";"17:33:00";"MT";364;202,7;"RONDONOPOLIS";"Falta de Atenção à Condução";"Colisão lateral";"Sem Vítimas";"Plena Noite";"Crescente";"Céu Claro";"Dupla";"Reta";"Sim";2;0;0;0;1;1;0;2;-16,48347324;-54,64970354;"SPRF-MT";"DEL02-MT";"UOP01-DEL02-MT"
202472;2019-04-10;"quarta-feira";"14:30:00";"MA";222;186,2;"ITAPECURU MIRIM";"Carga excessiva e/ou mal acondicionada";"Saída de leito carroçável";"Com Vítimas Feridas";"Pleno dia";"Crescente";"Sol";"Simples";"Curva";"Não";2;0;1;1;0;0;2;1;-3,48326494;-44,24468994;"SPRF-MA";"DEL01-MA";"DEL18/1-UOP03/MA"
202477;2019-04-10;"quarta-feira";"19:40:00";"ES";101;128;"SOORETAMA";"Falta de Atenção à Condução";"Colisão transversal";"Com Vítimas Feridas";"Plena Noite";"Crescente";"Céu Claro";"Simples";"Interseção de Vias";"Não";2;0;0;1;1;0;1;2;-19,21191395;-40,09457556;"SPRF-ES";"DEL04-ES";"UOP01-DEL04-ES"
202479;2019-04-10;"quarta-feira";"17:20:00";"PR";153;22,8;"JACAREZINHO";"Ingestão de Álcool";"Colisão lateral";"Com Vítimas Feridas";"Pleno dia";"Crescente";"Céu Claro";"Simples";"Reta";"Não";5;0;2;0;3;0;2;3;-23,17225028;-49,96840286;"SPRF-PR";"DEL07-PR";"UOP04-DEL07-PR"
202487;2019-04-10;"quarta-feira";"17:35:00";"PR";277;302,1;"PRUDENTOPOLIS";"Defeito Mecânico no Veículo";"Colisão traseira";"Sem Vítimas";"Pleno dia";"Decrescente";"Céu Claro";"Múltipla";"Reta";"Sim";3;0;0;0;3;0;0;3;-25,30979302;-51,16805613;"SPRF-PR";"DEL03-PR";"UOP01-DEL08-PR"
202488;2019-04-10;"quarta-feira";"21:20:00";"CE";116;27,8;"AQUIRAZ";"Desobediência às normas de trânsito pelo condutor";"Colisão lateral";"Sem Vítimas";"Plena Noite";"Decrescente";"Nublado";"Dupla";"Reta";"Não";3;0;0;0;2;1;0;3;-4,00883777;-38,51729393;"SPRF-CE";"DEL01-CE";"UOP02-DEL01-CE"
202489;2019-04-10;"quarta-feira";"19:45:00";"SC";116;211,8;"PONTE ALTA";"Não guardar distância de segurança";"Colisão traseira";"Sem Vítimas";"Plena Noite";"Decrescente";"Céu Claro";"Simples";"Reta;Declive;Em Obras";"Não";3;0;0;0;2;2;0;4;-27,51040007;-50,36397936;"SPRF-SC";"DEL05-SC";"UOP03-DEL05-SC"
202490;2019-04-10;"quarta-feira";"21:35:00";"SC";470;4;"NAVEGANTES";"Ingestão de Álcool";"Colisão frontal";"Com Vítimas Fatais";"Plena Noite";"Decrescente";"Nublado";"Simples";"Reta";"Sim";2;1;0;0;1;0;0;2;-26,858473;-48,690788;"SPRF-SC";"DEL04-SC";"UOP04-DEL04-SC"
202494;2019-04-10;"quarta-feira";"14:00:00";"RO";364;437;"JARU";"Falta de Atenção à Condução";"Saída de leito carroçável";"Sem Vítimas";"Pleno dia";"Crescente";"Chuva";"Simples";"Reta";"Não";2;0;0;0;1;1;0;2;-10,37089715;-62,55935212;"SPRF-RO";"DEL03-RO";"UOP02-DEL03-RO"
202498;2019-04-10;"quarta-feira";"22:40:00";"AL";101;51,8;"FLEXEIRAS";"Falta de Atenção à Condução";"Tombamento";"Com Vítimas Feridas";"Plena Noite";"Crescente";"Céu Claro";"Dupla";"Curva";"Não";2;0;1;0;0;1;1;2;-9,24808461;-35,75715784;"SPRF-AL";"DEL01-AL";"UOP01-DEL01-AL"
202499;2019-04-10;"quarta-feira";"18:30:00";"MT";70;575;"POCONE";"Pista Escorregadia";"Saída de leito carroçável";"Sem Vítimas";"Plena Noite";"Decrescente";"Chuva";"Simples";"Reta";"Não";1;0;0;0;1;0;0;1;-15,73158291;-56,52700208;"SPRF-MT";"DEL03-MT";"UOP02-DEL03-MT"
202500;2019-04-10;"quarta-feira";"22:00:00";"MG";262;666;"ARAXA";"Defeito Mecânico no Veículo";"Incêndio";"Sem Vítimas";"Plena Noite";"Decrescente";"Céu Claro";"Simples";"Reta";"Não";1;0;0;0;1;0;0;1;-19,55296816;-46,76580297;"SPRF-MG";"DEL08-MG";"UOP01-DEL08-MG"
202504;2019-04-10;"quarta-feira";"23:30:00";"BA";242;777;"BARREIRAS";"Pista Escorregadia";"Colisão frontal";"Com Vítimas Feridas";"Plena Noite";"Decrescente";"Chuva";"Simples";"Reta";"Não";3;0;1;0;1;4;1;6;-12,15875;-44,879801;"SPRF-BA";"DEL10-BA";"UOP01-DEL10-BA"
202507;2019-04-10;"quarta-feira";"19:10:00";"RS";471;572;"SANTA VITORIA DO PALMAR";"Desobediência às normas de trânsito pelo condutor";"Colisão transversal";"Com Vítimas Feridas";"Plena Noite";"Decrescente";"Céu Claro";"Simples";"Reta";"Não";2;0;1;1;0;0;2;2;-32,99714649;-52,82157898;"SPRF-RS";"DEL07-RS";"UOP04-DEL07-RS"
202508;2019-04-11;"quinta-feira";"00:08:00";"GO";60;397,7;"RIO VERDE";"Animais na Pista";"Tombamento";"Com Vítimas Feridas";"Plena Noite";"Decrescente";"Céu Claro";"Dupla";"Reta";"Não";2;0;1;0;0;2;1;3;-17,8235;-51,0254;"SPRF-GO";"DEL04-GO";"UOP01-DEL04-GO"
202510;2019-04-11;"quinta-feira";"01:00:00";"SP";116;414;"JUQUIA";"Falta de Atenção à Condução";"Colisão com objeto estático";"Com Vítimas Feridas";"Plena Noite";"Decrescente";"Céu Claro";"Dupla";"Reta";"Não";3;0;0;1;1;1;1;3;-24,33164;-47,632774;"SPRF-SP";"DEL05-SP";"UOP01-DEL05-SP"
202512;2019-04-10;"quarta-feira";"19:50:00";"RS";293;249,5;"DOM PEDRITO";"Falta de Atenção à Condução";"Colisão lateral";"Com Vítimas Feridas";"Plena Noite";"Decrescente";"Céu Claro";"Simples";"Reta";"Sim";3;0;1;0;2;0;1;2;-30,97716756;-54,64588881;"SPRF-RS";"DEL11-RS";"UOP01-DEL11-RS"