"id";"data_inversa";"dia_semana";"horario";"uf";"br";"km";"municipio";"causa_acidente";"tipo_acidente";"classificacao_acidente";"fase_dia";"sentido_via";"condicao_metereologica";"tipo_pista";"tracado_via";"uso_solo";"pessoas";"mortos";"feridos_leves";"feridos_graves";"ilesos";"ignorados";"feridos";"veiculos";"latitude";"longitude";"regional";"delegacia";"uop"
202860;2019-04-12;"sexta-feira";"19:00:00";"RS";386;254,6;"SOLEDADE";"Ingestão de Álcool";"Colisão frontal";"Com Vítimas Feridas";"Plena Noite";"Crescente";"Nublado";"Simples";"Aclive";"Não";2;0;1;0;1;0;1;2;-28,852131;-52,446842;"SPRF-RS";"DEL04-RS";"UOP03-DEL04-RS"
202861;2019-04-12;"sexta-feira";"19:30:00";"SP";116;419;"JUQUIA";"Falta de Atenção à Condução";"Colisão lateral";"Com Vítimas Feridas";"Plena Noite";"Crescente";"Céu Claro";"Dupla";"Reta";"Não";4;0;1;0;2;1;1;3;-24,35575938;-47,66795511;"SPRF-SP";"DEL05-SP";"UOP01-DEL05-SP"
202863;2019-04-12;"sexta-feira";"20:00:00";"PE";232;28,1;"MORENO";"Falta de Atenção à Condução";"Colisão traseira";"Com Vítimas Feridas";"Plena Noite";"Crescente";"Céu Claro";"Dupla";"Reta";"Não";2;0;1;0;1;0;1;2;-8,11290892;-35,13442099;"SPRF-PE";"DEL01-PE";"UOP02-DEL02PE"
202864;2019-04-12;"sexta-feira";"19:45:00";"PE";407;47,8;"PETROLINA";"Desobediência às normas de trânsito pelo condutor";"Colisão frontal";"Com Vítimas Fatais";"Plena Noite";"Decrescente";"Céu Claro";"Simples";"Reta";"Não";2;1;0;0;1;0;0;2;-8,79178343;-40,87357537;"SPRF-PE";"DEL06-PE";"UOP02-DEL06-PE"
202871;2019-04-12;"sexta-feira";"20:10:00";"RN";405;56,5;"APODI";"Defeito na Via";"Saída de leito carroçável";"Com Vítimas Feridas";"Plena Noite";"Crescente";"Céu Claro";"Simples";"Reta";"Não";3;0;1;1;0;2;2;3;-5,503864;-37,706798;"SPRF-RN";"DEL04-RN";"UOP02-DEL04-RN"
202880;2019-04-12;"sexta-feira";"18:30:00";"RO";364;446;"JARU";"Falta de Atenção à Condução";"Engavetamento";"Sem Vítimas";"Anoitecer";"Decrescente";"Céu Claro";"Simples";"Declive;Reta";"Não";9;0;0;0;8;1;0;4;-10,32726006;-62,61760003;"SPRF-RO";"DEL03-RO";"UOP02-DEL03-RO"
202884;2019-03-23;"sábado";"14:00:00";"RJ";393;151,4;"TRES RIOS";"Falta de Atenção à Condução";"Tombamento";"Com Vítimas Feridas";"Pleno dia";"Crescente";"Céu Claro";"Simples";"Curva";"Não";2;0;1;0;0;1;1;2;-22,06019504;-43,02885795;"SPRF-RJ";"DEL06-RJ";"UOP01-DEL05-RJ"
202886;2019-04-12;"sexta-feira";"17:30:00";"SC";280;239,9;"CANOINHAS";"Não guardar distância de segurança";"Colisão traseira";"Com Vítimas Feridas";"Pleno dia";"Decrescente";"Céu Claro";"Simples";"Declive";"Não";5;0;2;0;2;1;2;4;-26,20971113;-50,44782084;"SPRF-SC";"DEL06-SC";"UOP04-DEL06-SC"
202889;2019-04-12;"sexta-feira";"21:30:00";"MG";50;65,5;"UBERLANDIA";"Falta de Atenção à Condução";"Colisão traseira";"Com Vítimas Feridas";"Plena Noite";"Crescente";"Céu Claro";"Dupla";"Reta";"Não";4;0;2;0;1;2;2;4;-18,85140204;-48,25345932;"SPRF-MG";"DEL15-MG";"UOP02-DEL15-MG"
202893;2019-04-12;"sexta-feira";"22:35:00";"MG";153;80;"PRATA";"Falta de Atenção à Condução";"Tombamento";"Com Vítimas Feridas";"Plena Noite";"Crescente";"Chuva";"Simples";"Aclive";"Não";1;0;1;0;0;0;1;1;-19,0652129;-49,00663485;"SPRF-MG";"DEL15-MG";"UOP03-DEL15-MG"
202899;2019-04-12;"sexta-feira";"23:00:00";"MG";381;360;"JOAO MONLEVADE";"Desobediência às normas de trânsito pelo condutor";"Colisão transversal";"Com Vítimas Feridas";"Plena Noite";"Crescente";"Céu Claro";"Simples";"Curva";"Sim";2;0;0;1;1;0;1;2;-19,85985912;-43,22566968;"SPRF-MG";"DEL03-MG";"UOP01-DEL03-MG"
202914;2019-04-13;"sábado";"00:50:00";"SC";101;132,1;"BALNEARIO CAMBORIU";"Velocidade Incompatível";"Colisão com objeto estático";"Com Vítimas Feridas";"Plena Noite";"Crescente";"Céu Claro";"Dupla";"Reta";"Sim";2;0;1;0;1;0;1;2;-26,99654133;-48,65564711;"SPRF-SC";"DEL04-SC";"UOP03-DEL04-SC"
202919;2019-04-12;"sexta-feira";"23:30:00";"SC";280;38,9;"ARAQUARI";"Falta de Atenção à Condução";"Colisão frontal";"Com Vítimas Fatais";"Plena Noite";"Decrescente";"Nublado";"Simples";"Reta";"Não";3;1;0;0;1;1;0;3;-26,44980076;-48,85491371;"SPRF-SC";"DEL03-SC";"UOP03-DEL03-SC"
202921;2019-04-13;"sábado";"01:45:00";"RS";392;113;"CANGUCU";"Desobediência às normas de trânsito pelo condutor";"Colisão frontal";"Com Vítimas Fatais";"Plena Noite";"Crescente";"Céu Claro";"Simples";"Reta";"Não";3;1;0;0;1;2;0;4;-31,43953295;-52,64988094;"SPRF-RS";"DEL07-RS";"UOP01-DEL07-RS"
202934;2019-04-12;"sexta-feira";"23:10:00";"PR";277;182,2;"PALMEIRA";"Desobediência às normas de trânsito pelo condutor";"Colisão lateral";"Com Vítimas Fatais";"Plena Noite";"Decrescente";"Céu Claro";"Simples";"Reta";"Não";5;2;0;0;1;2;0;4;-25,43072602;-50,03889898;"SPRF-PR";"DEL03-PR";"UOP02-DEL08-PR"
202937;2019-04-13;"sábado";"03:30:00";"CE";116;498,6;"BREJO SANTO";"Falta de Atenção à Condução";"Tombamento";"Com Vítimas Feridas";"Plena Noite";"Crescente";"Nublado";"Dupla";"Reta;Aclive";"Não";3;0;1;0;2;0;1;1;-7,456929;-38,974199;"SPRF-CE";"DEL05-CE";"UOP03-DEL05-CE"
202942;2019-04-13;"sábado";"04:30:00";"PB";230;11;"CABEDELO";"Desobediência às normas de trânsito pelo condutor";"Colisão lateral";"Sem Vítimas";"Amanhecer";"Decrescente";"Nublado";"Dupla";"Reta";"Sim";2;0;0;0;2;0;0;2;-7,06453428;-34,85024583;"SPRF-PB";"DEL01-PB";"UOP01-DEL01-PB"
202943;2019-04-13;"sábado";"05:40:00";"CE";222;148,1;"IRAUCUBA";"Falta de Atenção à Condução";"Colisão traseira";"Com Vítimas Feridas";"Pleno dia";"Decrescente";"Céu Claro";"Simples";"Reta";"Sim";33;0;23;0;7;3;23;4;-3,75001226;-39,77295298;"SPRF-CE";"DEL04-CE";"UOP03-DEL04-CE"
202945;2019-04-13;"sábado";"05:55:00";"SC";101;258,2;"PAULO LOPES";"Não guardar distância de segurança";"Colisão traseira";"Com Vítimas Feridas";"Plena Noite";"Decrescente";"Céu Claro";"Dupla";"Reta;Aclive";"Não";3;0;2;0;1;0;2;2;-28,00482282;-48,69190437;"SPRF-SC";"DEL02-SC";"UOP03-DEL02-SC"
202951;2019-04-13;"sábado";"06:15:00";"DF";80;24,8;"BRASILIA";"Ingestão de Álcool";"Colisão lateral";"Sem Vítimas";"Amanhecer";"Decrescente";"Céu Claro";"Simples";"Ponte";"Sim";3;0;0;0;1;2;0;3;-15,62309883;-48,19919944;"SPRF-DF";"DEL01-DF";"UOP02-DEL03-DF"
202953;2019-04-13;"sábado";"06:20:00";"RJ";116;123;"MAGE";"Condutor Dormindo";"Capotamento";"Sem Vítimas";"Pleno dia";"Decrescente";"Céu Claro";"Dupla";"Declive";"Não";2;0;0;0;2;0;0;2;-22,64080106;-43,06288894;"SPRF-RJ";"DEL04-RJ";"UOP02-DEL04-RJ"
202959;2019-04-13;"sábado";"00:10:00";"PR";476;244,9;"LAPA";"Velocidade Incompatível";"Tombamento";"Com Vítimas Fatais";"Plena Noite";"Decrescente";"Céu Claro";"Simples";"Curva";"Não";3;1;0;1;0;1;1;2;-25,862598;-50,114258;"SPRF-PR";"DEL02-PR";"UOP04-DEL02-PR"
202968;2019-04-13;"sábado";"08:00:00";"MG";381;368;"SAO GONCALO DO RIO ABAIXO";"Velocidade Incompatível";"Tombamento";"Com Vítimas Feridas";"Pleno dia";"Crescente";"Céu Claro";"Simples";"Curva";"Não";5;0;3;0;1;1;3;3;-19,85072732;-43,28377384;"SPRF-MG";"DEL03-MG";"UOP01-DEL03-MG"
202972;2019-04-13;"sábado";"09:00:00";"PR";116;98;"PIRAQUARA";"Ingestão de Álcool";"Colisão lateral";"Sem Vítimas";"Pleno dia";"Decrescente";"Sol";"Dupla";"Reta;Declive";"Não";3;0;0;0;2;1;0;3;-25,48047177;-49,10133362;"SPRF-PR";"DEL01-PR";"UOP07-DEL01-PR"
202977;2019-04-13;"sábado";"07:00:00";"CE";222;201,9;"FORQUILHA";"Velocidade Incompatível";"Tombamento";"Com Vítimas Feridas";"Pleno dia";"Crescente";"Céu Claro";"Simples";"Curva";"Não";3;0;1;1;0;1;2;2;-3,80136098;-40,20767198;"SPRF-CE";"DEL04-CE";"UOP01-DEL04-CE"
202987;2019-04-10;"quarta-feira";"17:30:00";"MA";230;194;"SAO DOMINGOS DO AZEITAO";"Defeito Mecânico no Veículo";"Derramamento de carga";"Sem Vítimas";"Anoitecer";"Crescente";"Ignorado";"Simples";"Reta";"Não";2;0;0;0;1;2;0;3;-6,82967131;-44,48178185;"SPRF-MA";"DEL05-MA";"UOP01-DEL05-MA"
202991;2019-04-13;"sábado";"08:50:00";"SC";282;601,8;"CUNHA PORA";"Desobediência às normas de trânsito pelo condutor";"Colisão transversal";"Com Vítimas Feridas";"Pleno dia";"Decrescente";"Céu Claro";"Simples";"Em Obras;Reta;Interseção de Vias";"Não";2;0;1;0;1;0;1;2;-26,809002;-53,169399;"SPRF-SC";"DEL07-SC";"UOP02-DEL07-SC"
202993;2019-04-13;"sábado";"10:40:00";"SC";101;60,8;"ARAQUARI";"Falta de Atenção do Pedestre";"Atropelamento de Pedestre";"Com Vítimas Fatais";"Pleno dia";"Decrescente";"Céu Claro";"Dupla";"Reta";"Não";3;1;0;0;1;1;0;3;-26,45416812;-48,77840638;"SPRF-SC";"DEL03-SC";"UOP02-DEL03-SC"
202995;2019-04-13;"sábado";"11:00:00";"ES";262;176,7;"IBATIBA";"Defeito Mecânico no Veículo";"Colisão lateral";"Com Vítimas Feridas";"Pleno dia";"Decrescente";"Céu Claro";"Simples";"Curva";"Não";6;0;1;0;3;2;1;6;-20,27596464;-41,63802391;"SPRF-ES";"DEL01-ES";"UOP02-DEL01-ES"
202998;2019-04-13;"sábado";"10:30:00";"BA";101;134;"TEODORO SAMPAIO";"Agressão Externa";"Tombamento";"Com Vítimas Feridas";"Pleno dia";"Decrescente";"Céu Claro";"Simples";"Reta";"Não";3;0;1;1;0;2;2;4;-12,2503083;-38,64214458;"SPRF-BA";"DEL01-BA";"UOP04-DEL01-BA"
203002;2019-04-13;"sábado";"10:05:00";"MT";364;261;"JUSCIMEIRA";"Falta de Atenção à Condução";"Tombamento";"Com Vítimas Feridas";"Pleno dia";"Crescente";"Céu Claro";"Simples";"Aclive";"Não";3;0;2;0;0;3;2;4;-16,03146754;-54,89455522;"SPRF-MT";"DEL02-MT";"UOP02-DEL05-MT"
203008;2019-04-13;"sábado";"12:44:00";"RJ";40;89,4;"PETROPOLIS";"Velocidade Incompatível";"Tombamento";"Com Vítimas Fatais";"Pleno dia";"Crescente";"Céu Claro";"Dupla";"Curva";"Não";2;1;0;0;0;1;0;2;-22,556263;-43,23718;"SPRF-RJ";"DEL06-RJ";"UOP01-DEL06-RJ"
203016;2019-04-13;"sábado";"12:30:00";"MS";163;552,1;"BANDEIRANTES";"Avarias e/ou desgaste excessivo no pneu";"Saída de leito carroçável";"Sem Vítimas";"Pleno dia";"Crescente";"Nublado";"Simples";"Declive";"Não";1;0;0;0;1;0;0;1;-19,89097297;-54,37395156;"SPRF-MS";"DEL01-MS";"UOP02-DEL01-MS"
203026;2019-04-13;"sábado";"13:30:00";"MG";267;286,5;"BAEPENDI";"Velocidade Incompatível";"Capotamento";"Com Vítimas Feridas";"Pleno dia";"Crescente";"Céu Claro";"Simples";"Curva";"Não";1;0;1;0;0;0;1;1;-21,92460612;-44,77877599;"SPRF-MG";"DEL05-MG";"UOP01-DEL17-MG"
203027;2019-04-13;"sábado";"12:55:00";"MT";70;622;"POCONE";"Pista Escorregadia";"Saída de leito carroçável";"Sem Vítimas";"Pleno dia";"Decrescente";"Chuva";"Simples";"Aclive";"Não";1;0;0;0;1;0;0;1;-15,92917;-56,95703;"SPRF-MT";"DEL03-MT";"UOP02-DEL03-MT"
203030;2019-04-13;"sábado";"13:52:00";"PR";476;122,9;"CURITIBA";"Não guardar distância de segurança";"Colisão lateral";"Com Vítimas Feridas";"Pleno dia";"Decrescente";"Céu Claro";"Dupla";"Curva";"Sim";3;0;0;1;2;0;1;3;-25,385775;-49,203377;"SPRF-PR";"DEL01-PR";"UOP07-DEL01-PR"
203031;2019-04-13;"sábado";"13:00:00";"GO";153;206;"URUACU";"Desobediência às normas de trânsito pelo condutor";"Colisão lateral";"Sem Vítimas";"Pleno dia";"Crescente";"Céu Claro";"Simples";"Aclive";"Não";3;0;0;0;2;1;0;3;-14,567051;-49,156227;"SPRF-GO";"DEL07-GO";"UOP02-DEL07-GO"
203037;2019-04-13;"sábado";"16:00:00";"PE";423;132,1;"SALOA";"Velocidade Incompatível";"Capotamento";"Com Vítimas Fatais";"Anoitecer";"Crescente";"Céu Claro";"Simples";"Declive";"Não";3;2;0;0;0;1;0;2;-8,958964;-36,76534;"SPRF-PE";"DEL03-PE";"UOP01-DEL03-PE"
203047;2019-04-13;"sábado";"14:45:00";"MA";135;139;"MATOES DO NORTE";"Desobediência às normas de trânsito pelo condutor";"Colisão frontal";"Sem Vítimas";"Pleno dia";"Crescente";"Chuva";"Simples";"Reta";"Não";2;0;0;0;2;0;0;2;-3,66558305;-44,53547412;"SPRF-MA";"DEL01-MA";"UOP02-DEL01-MA"
203057;2019-04-13;"sábado";"17:20:00";"SC";101;34,3;"JOINVILLE";"Ingestão de Álcool";"Colisão lateral";"Sem Vítimas";"Pleno dia";"Crescente";"Nublado";"Dupla";"Reta";"Não";3;0;0;0;2;1;0;3;-26,23667403;-48,91486706;"SPRF-SC";"DEL03-SC";"UOP01-DEL03-SC"
203058;2019-04-13;"sábado";"16:15:00";"RJ";101;276;"TANGUA";"Desobediência às normas de trânsito pelo condutor";"Colisão com objeto estático";"Sem Vítimas";"Pleno dia";"Crescente";"Céu Claro";"Dupla";"Retorno Regulamentado";"Não";5;0;0;0;4;1;0;3;-22,73796393;-42,73871802;"SPRF-RJ";"DEL02-RJ";"UOP03-DEL02-RJ"
203059;2019-04-13;"sábado";"15:00:00";"MT";364;394;"CUIABA";"Falta de Atenção à Condução";"Colisão transversal";"Com Vítimas Feridas";"Pleno dia";"Decrescente";"Céu Claro";"Simples";"Reta";"Sim";4;0;1;0;3;0;1;4;-15,700119;-55,890619;"SPRF-MT";"DEL02-MT";"UOP02-DEL01-MT"
203068;2019-04-13;"sábado";"19:00:00";"MG";40;420,9;"CURVELO";"Desobediência às normas de trânsito pelo condutor";"Colisão transversal";"Com Vítimas Fatais";"Plena Noite";"Crescente";"Céu Claro";"Simples";"Reta";"Não";4;1;1;1;0;1;2;3;-19,1560839;-44,56655801;"SPRF-MG";"DEL02-MG";"UOP01-DEL02-MG"
203096;2019-04-13;"sábado";"15:15:00";"RS";392;189,1;"SANTANA DA BOA VISTA";"Falta de Atenção à Condução";"Colisão lateral";"Sem Vítimas";"Pleno dia";"Decrescente";"Céu Claro";"Simples";"Reta";"Não";5;0;0;0;4;2;0;4;-30,94428868;-53,08627995;"SPRF-RS";"DEL09-RS";"UOP02-DEL09-RS"
203098;2019-04-13;"sábado";"19:40:00";"MT";364;262;"JACIARA";"Defeito na Via";"Tombamento";"Com Vítimas Feridas";"Plena Noite";"Crescente";"Céu Claro";"Simples";"Aclive";"Não";2;0;1;0;0;1;1;2;-16,02890844;-54,89582634;"SPRF-MT";"DEL02-MT";"UOP02-DEL05-MT"
203100;2019-04-13;"sábado";"19:45:00";"MS";163;270,3;"DOURADOS";"Desobediência às normas de trânsito pelo condutor";"Colisão traseira";"Com Vítimas Feridas";"Plena Noite";"Crescente";"Céu Claro";"Dupla";"Retorno Regulamentado";"Não";4;0;1;0;3;0;1;2;-22,194847;-54,69295;"SPRF-MS";"DEL04-MS";"UOP01-DEL04-MS"
203101;2019-04-13;"sábado";"21:00:00";"PE";316;77,6;"OURICURI";"Não guardar distância de segurança";"Colisão traseira";"Com Vítimas Fatais";"Plena Noite";"Crescente";"Nublado";"Simples";"Reta";"Não";2;1;0;0;1;0;0;2;-7,84472319;-40,12960214;"SPRF-PE";"DEL05-PE";"UOP02-DEL05-PE"
203109;2019-04-13;"sábado";"18:00:00";"GO";153;310;"RIALMA";"Defeito Mecânico no Veículo";"Danos eventuais";"Sem Vítimas";"Pleno dia";"Decrescente";"Céu Claro";"Simples";"Reta";"Não";2;0;0;0;1;2;0;3;-15,366833;-49,560471;"SPRF-GO";"DEL02-GO";"UOP02-DEL02-GO"
203124;2019-04-13;"sábado";"20:55:00";"BA";116;778,3;"PLANALTO";"Falta de Atenção à Condução";"Colisão frontal";"Sem Vítimas";"Plena Noite";"Decrescente";"Céu Claro";"Simples";"Reta";"Sim";3;0;0;0;2;1;0;2;-14,6157981;-40,44411375;"SPRF-BA";"DEL08-BA";"UOP02-DEL08-BA"
203131;2019-04-13;"sábado";"22:40:00";"RJ";393;114;"SAPUCAIA";"Falta de Atenção à Condução";"Tombamento";"Com Vítimas Feridas";"Plena Noite";"Decrescente";"Céu Claro";"Simples";"Curva";"Não";3;0;1;0;1;1;1;2;-21,90846963;-42,73541595;"SPRF-RJ";"DEL06-RJ";"UOP01-DEL05-RJ"
203159;2019-04-14;"domingo";"02:10:00";"PR";277;107;"CURITIBA";"Ingestão de Álcool";"Colisão traseira";"Sem Vítimas";"Plena Noite";"Crescente";"Céu Claro";"Dupla";"Reta";"Não";3;0;0;0;2;2;0;4;-25,47205175;-49,3538475;"SPRF-PR";"DEL01-PR";"UOP06-DEL01-PR"
203163;2019-04-14;"domingo";"00:00:00";"PR";153;393,9;"MALLET";"Falta de Atenção à Condução";"Saída de leito carroçável";"Com Vítimas Feridas";"Plena Noite";"Decrescente";"Céu Claro";"Simples";"Reta";"Não";2;0;1;0;0;2;1;3;-25,90691432;-50,83776366;"SPRF-PR";"DEL02-PR";"UOP03-DEL02-PR"
203166;2019-04-14;"domingo";"00:45:00";"MG";381;764,8;"CAMPANHA";"Velocidade Incompatível";"Saída de leito carroçável";"Com Vítimas Feridas";"Plena Noite";"Decrescente";"Nublado";"Dupla";"Curva";"Não";2;0;1;0;0;2;1;3;-21,75303088;-45,39670305;"SPRF-MG";"DEL16-MG";"UOP02-DEL16-MG"
203173;2019-04-14;"domingo";"02:00:00";"GO";60;33,5;"ALEXANIA";"Condutor Dormindo";"Colisão traseira";"Com Vítimas Feridas";"Plena Noite";"Decrescente";"Céu Claro";"Dupla";"Aclive;Reta";"Sim";5;0;2;0;0;3;2;2;-16,09294908;-48,51560354;"SPRF-DF";"DEL01-DF";"UOP01-DEL03-DF"
203181;2019-04-14;"domingo";"04:50:00";"MG";251;467,8;"FRANCISCO SA";"Defeito Mecânico no Veículo";"Incêndio";"Sem Vítimas";"Amanhecer";"Decrescente";"Céu Claro";"Simples";"Reta";"Não";2;0;0;0;1;1;0;2;-16,47434005;-43,40876432;"SPRF-MG";"DEL12-MG";"UOP01-DEL12-MG"
203182;2019-04-14;"domingo";"05:40:00";"SP";116;223;"GUARULHOS";"Falta de Atenção à Condução";"Tombamento";"Com Vítimas Feridas";"Plena Noite";"Crescente";"Garoa/Chuvisco";"Múltipla";"Reta";"Sim";2;0;1;0;1;0;1;1;-23,47559815;-46,5246609;"SPRF-SP";"DEL01-SP";"UOP01-DEL01-SP"
203201;2019-04-14;"domingo";"05:50:00";"MG";40;597,3;"OURO PRETO";"Falta de Atenção à Condução";"Colisão traseira";"Com Vítimas Feridas";"Amanhecer";"Decrescente";"Nevoeiro/Neblina";"Dupla";"Reta";"Não";3;0;1;0;1;1;1;3;-20,41730221;-43,88841571;"SPRF-MG";"DEL05-MG";"UOP02-DEL05-MG"
203204;2019-04-14;"domingo";"07:12:00";"PR";376;616;"SAO JOSE DOS PINHAIS";"Falta de Atenção do Pedestre";"Atropelamento de Pedestre";"Com Vítimas Feridas";"Pleno dia";"Crescente";"Céu Claro";"Múltipla";"Reta";"Não";4;0;1;0;1;3;1;4;-25,57583659;-49,17953679;"SPRF-PR";"DEL01-PR";"UOP01-DEL01-PR"
203209;2019-04-14;"domingo";"06:30:00";"SC";116;196,2;"PONTE ALTA";"Falta de Atenção à Condução";"Colisão traseira";"Com Vítimas Feridas";"Amanhecer";"Decrescente";"Nublado";"Simples";"Reta";"Não";3;0;1;0;1;3;1;5;-27,39725689;-50,42484078;"SPRF-SC";"DEL05-SC";"UOP03-DEL05-SC"
203210;2019-04-14;"domingo";"06:50:00";"MG";146;510;"POCOS DE CALDAS";"Defeito Mecânico no Veículo";"Capotamento";"Com Vítimas Feridas";"Pleno dia";"Decrescente";"Chuva";"Simples";"Curva";"Não";2;0;0;1;0;1;1;2;-21,7735289;-46,42238617;"SPRF-MG";"DEL13-MG";"UOP01-DEL13-MG"
203212;2019-04-14;"domingo";"08:13:00";"RS";158;318,9;"SANTA MARIA";"Velocidade Incompatível";"Tombamento";"Com Vítimas Feridas";"Pleno dia";"Crescente";"Céu Claro";"Simples";"Curva;Declive";"Não";2;0;1;0;0;2;1;3;-29,66358197;-53,77555695;"SPRF-RS";"DEL09-RS";"UOP01-DEL09-RS"
203214;2019-04-14;"domingo";"08:00:00";"MG";40;610;"CONGONHAS";"Velocidade Incompatível";"Colisão frontal";"Com Vítimas Feridas";"Pleno dia";"Decrescente";"Nublado";"Simples";"Curva";"Não";5;0;1;0;3;1;1;3;-20,5019758;-43,83840447;"SPRF-MG";"DEL05-MG";"UOP02-DEL05-MG"
203231;2019-04-14;"domingo";"09:30:00";"BA";116;3,6;"ABARE";"Condutor Dormindo";"Tombamento";"Com Vítimas Feridas";"Pleno dia";"Decrescente";"Céu Claro";"Simples";"Curva";"Não";1;0;1;0;0;0;1;1;-8,64082996;-39,26717918;"SPRF-PE";"DEL05-PE";"UOP03-DEL05-PE"
203234;2019-04-14;"domingo";"07:25:00";"MG";116;232;"TEOFILO OTONI";"Velocidade Incompatível";"Saída de leito carroçável";"Com Vítimas Feridas";"Amanhecer";"Crescente";"Céu Claro";"Simples";"Reta";"Não";3;0;2;0;0;1;2;2;-17,50404904;-41,48959009;"SPRF-MG";"DEL11-MG";"UOP01-DEL11-MG"
203235;2019-04-14;"domingo";"06:30:00";"MA";316;465;"CODO";"Velocidade Incompatível";"Colisão com objeto estático";"Com Vítimas Fatais";"Pleno dia";"Crescente";"Garoa/Chuvisco";"Simples";"Curva";"Não";2;1;0;0;0;1;0;2;-4,541063;-44,018379;"SPRF-MA";"DEL03-MA";"UOP01-DEL03-MA"
203243;2019-04-14;"domingo";"06:55:00";"BA";101;410;"IBIRAPITANGA";"Velocidade Incompatível";"Saída de leito carroçável";"Com Vítimas Feridas";"Pleno dia";"Decrescente";"Nublado";"Simples";"Curva";"Não";2;0;1;0;0;1;1;2;-14,043926;-39,39316;"SPRF-BA";"DEL05-BA";"UOP03-DEL05-BA"
203245;2019-04-14;"domingo";"12:15:00";"ES";262;119;"CONCEICAO DO CASTELO";"Falta de Atenção à Condução";"Tombamento";"Com Vítimas Feridas";"Pleno dia";"Decrescente";"Céu Claro";"Simples";"Curva";"Não";2;0;1;0;0;2;1;3;-20,30715895;-41,23089731;"SPRF-ES";"DEL01-ES";"UOP02-DEL01-ES"
203252;2019-04-14;"domingo";"13:10:00";"SC";101;170;"TIJUCAS";"Falta de Atenção à Condução";"Colisão lateral";"Com Vítimas Feridas";"Pleno dia";"Decrescente";"Céu Claro";"Dupla";"Reta";"Sim";4;0;2;0;2;0;2;2;-27,29669601;-48,63147594;"SPRF-SC";"DEL04-SC";"UOP03-DEL04-SC"
203257;2019-04-14;"domingo";"07:20:00";"SC";101;412,8;"ARARANGUA";"Condutor Dormindo";"Colisão frontal";"Com Vítimas Feridas";"Pleno dia";"Decrescente";"Nevoeiro/Neblina";"Simples";"Reta";"Sim";3;0;0;1;1;1;1;3;-28,939333;-49,497513;"SPRF-SC";"DEL02-SC";"UOP02-DEL02-SC"
203272;2019-04-14;"domingo";"13:00:00";"RJ";40;115;"DUQUE DE CAXIAS";"Falta de Atenção à Condução";"Colisão traseira";"Com Vítimas Feridas";"Pleno dia";"Decrescente";"Nublado";"Dupla";"Reta";"Não";5;0;3;0;2;0;3;2;-22,72756999;-43,2891609;"SPRF-RJ";"DEL01-RJ";"UOP01-DEL01-RJ"
203274;2019-04-14;"domingo";"13:15:00";"PR";116;130;"FAZENDA RIO GRANDE";"Falta de Atenção à Condução";"Saída de leito carroçável";"Com Vítimas Feridas";"Pleno dia";"Crescente";"Céu Claro";"Dupla";"Reta";"Não";4;0;0;2;1;1;2;3;-25,63927799;-49,31302988;"SPRF-PR";"DEL01-PR";"UOP03-DEL01-PR"
203276;2019-04-14;"domingo";"10:50:00";"MG";262;862,6;"VERISSIMO";"Falta de Atenção à Condução";"Colisão traseira";"Com Vítimas Fatais";"Pleno dia";"Crescente";"Chuva";"Dupla";"Reta";"Não";3;1;0;2;0;0;2;2;-19,78880474;-48,41294808;"SPRF-MG";"DEL13-MG";"UOP01-DEL13-MG"
203286;2019-04-14;"domingo";"16:00:00";"ES";101;203;"JOAO NEIVA";"Desobediência às normas de trânsito pelo condutor";"Colisão lateral";"Com Vítimas Feridas";"Pleno dia";"Crescente";"Céu Claro";"Simples";"Curva";"Não";3;0;0;1;1;1;1;3;-19,74448248;-40,37263506;"SPRF-ES";"DEL04-ES";"UOP01-DEL04-ES"
203300;2019-04-14;"domingo";"17:10:00";"RJ";116;299;"RESENDE";"Falta de Atenção à Condução";"Colisão lateral";"Com Vítimas Feridas";"Pleno dia";"Crescente";"Chuva";"Simples";"Curva";"Sim";4;0;1;1;1;1;2;3;-22,45153554;-44,34627905;"SPRF-RJ";"DEL07-RJ";"DEL5/7-UOP03/RJ"
203307;2019-04-14;"domingo";"18:00:00";"BA";242;507;"OLIVEIRA DOS BREJINHOS";"Defeito Mecânico no Veículo";"Incêndio";"Sem Vítimas";"Plena Noite";"Crescente";"Nublado";"Simples";"Reta";"Não";2;0;0;0;1;1;0;2;-12,3454102;-42,51082908;"SPRF-BA";"DEL06-BA";"UOP01-DEL06-BA"
203312;2019-04-14;"domingo";"12:15:00";"SC";116;155;"SANTA CECILIA";"Falta de Atenção à Condução";"Tombamento";"Com Vítimas Feridas";"Pleno dia";"Decrescente";"Céu Claro";"Simples";"Curva";"Não";3;0;1;1;0;1;2;2;-27,07453696;-50,42919788;"SPRF-SC";"DEL06-SC";"UOP02-DEL06-SC"
203324;2019-04-14;"domingo";"17:45:00";"SC";101;145,4;"ITAPEMA";"Falta de Atenção à Condução";"Colisão lateral";"Com Vítimas Feridas";"Anoitecer";"Decrescente";"Nublado";"Dupla";"Reta;Aclive";"Sim";3;0;1;0;1;1;1;3;-27,08362067;-48,60385895;"SPRF-SC";"DEL04-SC";"UOP03-DEL04-SC"