"id";"data_inversa";"dia_semana";"horario";"uf";"br";"km";"municipio";"causa_acidente";"tipo_acidente";"classificacao_acidente";"fase_dia";"sentido_via";"condicao_metereologica";"tipo_pista";"tracado_via";"uso_solo";"pessoas";"mortos";"feridos_leves";"feridos_graves";"ilesos";"ignorados";"feridos";"veiculos";"latitude";"longitude";"regional";"delegacia";"uop"
203966;2019-04-18;"quinta-feira";"03:20:00";"MG";354;740;"POUSO ALTO";"Falta de Atenção à Condução";"Saída de leito carroçável";"Com Vítimas Feridas";"Plena Noite";"Crescente";"Ignorado";"Simples";"Curva";"Não";2;0;1;0;0;1;1;2;-22,21864616;-44,94174287;"SPRF-MG";"DEL05-MG";"UOP01-DEL17-MG"
203967;2019-04-18;"quinta-feira";"03:00:00";"PR";376;450,9;"TIBAGI";"Velocidade Incompatível";"Tombamento";"Com Vítimas Feridas";"Plena Noite";"Crescente";"Ignorado";"Dupla";"Curva";"Não";2;0;1;0;0;2;1;3;-24,90617627;-50,4223685;"SPRF-PR";"DEL03-PR";"UOP02-DEL03-PR"
203968;2019-04-18;"quinta-feira";"01:20:00";"GO";153;127;"MARA ROSA";"Deficiência ou não Acionamento do Sistema de Iluminação/Sinalização do Veículo";"Colisão traseira";"Com Vítimas Feridas";"Plena Noite";"Crescente";"Céu Claro";"Simples";"Reta";"Não";2;0;0;1;1;0;1;2;-13,884283;-49,055367;"SPRF-GO";"DEL07-GO";"UOP01-DEL07-GO"
203969;2019-04-18;"quinta-feira";"04:10:00";"RJ";40;24;"TRES RIOS";"Velocidade Incompatível";"Tombamento";"Sem Vítimas";"Plena Noite";"Crescente";"Céu Claro";"Dupla";"Curva";"Não";8;0;0;0;7;1;0;3;-22,13812601;-43,1592825;"SPRF-RJ";"DEL06-RJ";"UOP02-DEL05-RJ"
203973;2019-04-17;"quarta-feira";"14:45:00";"SP";116;544;"BARRA DO TURVO";"Velocidade Incompatível";"Tombamento";"Com Vítimas Feridas";"Pleno dia";"Decrescente";"Céu Claro";"Dupla";"Declive;Curva";"Não";2;0;1;0;0;1;1;2;-24,95781406;-48,42123049;"SPRF-SP";"DEL05-SP";"UOP02-DEL05-SP"
203976;2019-04-18;"quinta-feira";"05:48:00";"PE";232;173;"BELO JARDIM";"Carga excessiva e/ou mal acondicionada";"Derramamento de carga";"Com Vítimas Feridas";"Pleno dia";"Crescente";"Céu Claro";"Simples";"Reta";"Não";2;0;1;0;1;0;1;2;-8,33916255;-36,36917103;"SPRF-PE";"DEL02-PE";"UOP03-DEL02-PE"
203978;2019-04-18;"quinta-feira";"04:00:00";"MG";381;620,9;"OLIVEIRA";"Falta de Atenção do Pedestre";"Capotamento";"Com Vítimas Feridas";"Plena Noite";"Crescente";"Garoa/Chuvisco";"Dupla";"Reta";"Não";4;0;3;0;1;0;3;2;-20,78558012;-44,78578864;"SPRF-MG";"DEL04-MG";"UOP01-DEL04-MG"
203979;2019-04-18;"quinta-feira";"06:25:00";"RN";101;106;"PARNAMIRIM";"Não guardar distância de segurança";"Colisão lateral";"Com Vítimas Feridas";"Pleno dia";"Decrescente";"Céu Claro";"Dupla";"Reta";"Sim";2;0;1;0;1;0;1;2;-5,91056401;-35,26130795;"SPRF-RN";"DEL01-RN";"UOP01-DEL01-RN"
203987;2019-04-18;"quinta-feira";"06:40:00";"RJ";40;123,3;"DUQUE DE CAXIAS";"Falta de Atenção à Condução";"Colisão traseira";"Com Vítimas Feridas";"Pleno dia";"Crescente";"Céu Claro";"Múltipla";"Reta";"Sim";2;0;1;0;1;0;1;2;-22,79907687;-43,29015739;"SPRF-RJ";"DEL01-RJ";"UOP01-DEL01-RJ"
203994;2019-04-18;"quinta-feira";"06:30:00";"RS";293;162,5;"HULHA NEGRA";"Condutor Dormindo";"Colisão frontal";"Com Vítimas Feridas";"Amanhecer";"Crescente";"Sol";"Simples";"Reta";"Não";4;0;1;0;2;2;1;4;-31,38669046;-53,89174319;"SPRF-RS";"DEL11-RS";"UOP03-DEL11-RS"
203996;2019-04-18;"quinta-feira";"05:40:00";"MG";381;946;"EXTREMA";"Falta de Atenção à Condução";"Colisão traseira";"Com Vítimas Feridas";"Plena Noite";"Decrescente";"Nevoeiro/Neblina";"Dupla";"Reta";"Não";3;0;1;0;1;1;1;3;-22,85949295;-46,34003987;"SPRF-MG";"DEL16-MG";"UOP03-DEL16-MG"
203997;2019-04-18;"quinta-feira";"08:10:00";"SP";116;204;"ARUJA";"Mal Súbito";"Colisão lateral";"Sem Vítimas";"Pleno dia";"Crescente";"Céu Claro";"Dupla";"Reta";"Não";3;0;0;0;2;1;0;3;-23,41236123;-46,35692496;"SPRF-SP";"DEL01-SP";"UOP02-DEL01-SP"
204005;2019-04-18;"quinta-feira";"08:10:00";"SP";116;102,2;"PINDAMONHANGABA";"Falta de Atenção à Condução";"Colisão traseira";"Com Vítimas Feridas";"Pleno dia";"Crescente";"Céu Claro";"Dupla";"Aclive";"Não";6;0;1;0;4;1;1;4;-22,99497994;-45,48951403;"SPRF-SP";"DEL06-SP";"UOP01-DEL06-SP"
204020;2019-04-18;"quinta-feira";"07:50:00";"BA";116;920;"ENCRUZILHADA";"Mal Súbito";"Colisão lateral";"Sem Vítimas";"Pleno dia";"Crescente";"Céu Claro";"Simples";"Reta";"Não";3;0;0;0;2;2;0;4;-15,51498634;-41,23800934;"SPRF-BA";"DEL08-BA";"UOP03-DEL08-BA"
204022;2019-04-18;"quinta-feira";"09:20:00";"MS";463;59,3;"PONTA PORA";"Pista Escorregadia";"Derramamento de carga";"Com Vítimas Feridas";"Pleno dia";"Crescente";"Céu Claro";"Simples";"Curva";"Não";5;0;3;0;2;0;3;2;-22,45316937;-55,38428166;"SPRF-MS";"DEL04-MS";"UOP03-DEL04-MS"
204025;2019-04-18;"quinta-feira";"10:40:00";"BA";110;373;"CATU";"Não guardar distância de segurança";"Colisão traseira";"Com Vítimas Feridas";"Pleno dia";"Crescente";"Céu Claro";"Dupla";"Aclive";"Não";1;0;1;0;0;0;1;1;-12,41407659;-38,44906399;"SPRF-BA";"DEL01-BA";"UOP01-DEL01-BA"
204028;2019-04-18;"quinta-feira";"10:20:00";"PB";230;116,9;"INGA";"Desobediência às normas de trânsito pelo condutor";"Colisão transversal";"Sem Vítimas";"Pleno dia";"Crescente";"Sol";"Dupla";"Retorno Regulamentado;Aclive;Reta";"Não";2;0;0;0;2;0;0;2;-7,240352;-35,619813;"SPRF-PB";"DEL01-PB";"UOP03-DEL01-PB"
204031;2019-04-18;"quinta-feira";"10:47:00";"SC";470;57;"BLUMENAU";"Desobediência às normas de trânsito pelo condutor";"Colisão transversal";"Com Vítimas Feridas";"Pleno dia";"Crescente";"Céu Claro";"Simples";"Reta";"Sim";2;0;1;0;1;0;1;2;-26,880428;-49,136532;"SPRF-SC";"DEL04-SC";"UOP01-DEL04-SC"
204032;2019-04-18;"quinta-feira";"10:35:00";"CE";222;3,1;"FORTALEZA";"Desobediência às normas de trânsito pelo condutor";"Colisão lateral";"Com Vítimas Feridas";"Pleno dia";"Crescente";"Céu Claro";"Múltipla";"Reta";"Sim";4;0;1;0;2;1;1;3;-3,7403769;-38,59569202;"SPRF-CE";"DEL01-CE";"UOP01-DEL01-CE"
204033;2019-04-18;"quinta-feira";"07:30:00";"MG";116;810,3;"ALEM PARAIBA";"Condutor Dormindo";"Saída de leito carroçável";"Com Vítimas Feridas";"Pleno dia";"Crescente";"Sol";"Simples";"Curva";"Não";1;0;0;1;0;0;1;1;-21,8327779;-42,67715755;"SPRF-MG";"DEL07-MG";"UOP01-DEL07-MG"
204037;2019-04-18;"quinta-feira";"11:25:00";"MG";40;522;"CONTAGEM";"Avarias e/ou desgaste excessivo no pneu";"Tombamento";"Com Vítimas Feridas";"Pleno dia";"Decrescente";"Céu Claro";"Dupla";"Reta";"Sim";2;0;0;1;1;0;1;2;-19,8638731;-44,06749809;"SPRF-MG";"DEL01-MG";"UOP02-DEL01-MG"
204038;2019-04-18;"quinta-feira";"11:20:00";"ES";101;297,8;"VIANA";"Falta de Atenção à Condução";"Colisão lateral";"Com Vítimas Feridas";"Pleno dia";"Crescente";"Céu Claro";"Dupla";"Em Obras";"Sim";5;0;1;0;2;2;1;4;-20,34283738;-40,40434616;"SPRF-ES";"DEL01-ES";"UOP01-DEL01-ES"
204039;2019-04-18;"quinta-feira";"11:15:00";"RN";226;111;"SANTA CRUZ";"Falta de Atenção à Condução";"Colisão frontal";"Com Vítimas Feridas";"Pleno dia";"Crescente";"Sol";"Simples";"Reta";"Sim";2;0;1;0;1;0;1;2;-6,22841881;-36,0177456;"SPRF-RN";"DEL03-RN";"UOP02-DEL03-RN"
204046;2019-04-18;"quinta-feira";"11:00:00";"RS";470;160;"NOVA PRATA";"Falta de Atenção à Condução";"Colisão transversal";"Com Vítimas Feridas";"Pleno dia";"Decrescente";"Céu Claro";"Simples";"Retorno Regulamentado";"Não";2;0;1;0;1;0;1;2;-28,81066741;-51,60061401;"SPRF-RS";"DEL06-RS";"UOP02-DEL06-RS"
204051;2019-04-18;"quinta-feira";"09:55:00";"RS";472;578;"URUGUAIANA";"Desobediência às normas de trânsito pelo condutor";"Colisão lateral";"Com Vítimas Feridas";"Pleno dia";"Crescente";"Céu Claro";"Simples";"Reta";"Sim";4;0;1;1;1;1;2;3;-29,7671399;-57,018372;"SPRF-RS";"DEL13-RS";"UOP01-DEL13-RS"
204062;2019-04-18;"quinta-feira";"12:20:00";"MG";40;480;"SETE LAGOAS";"Defeito Mecânico no Veículo";"Incêndio";"Sem Vítimas";"Pleno dia";"Decrescente";"Céu Claro";"Dupla";"Curva";"Não";2;0;0;0;1;1;0;2;-19,54293519;-44,2485434;"SPRF-MG";"DEL02-MG";"UOP01-DEL02-MG"
204066;2019-04-18;"quinta-feira";"13:10:00";"MG";40;463,2;"SETE LAGOAS";"Defeito Mecânico no Veículo";"Saída de leito carroçável";"Com Vítimas Feridas";"Pleno dia";"Crescente";"Céu Claro";"Dupla";"Reta;Declive";"Não";2;0;1;0;0;1;1;2;-19,42224803;-44,33870213;"SPRF-MG";"DEL02-MG";"UOP01-DEL02-MG"
204071;2019-04-18;"quinta-feira";"13:00:00";"PR";280;296,4;"FLOR DA SERRA DO SUL";"Desobediência às normas de trânsito pelo condutor";"Colisão transversal";"Com Vítimas Feridas";"Pleno dia";"Crescente";"Sol";"Simples";"Interseção de Vias";"Não";3;0;0;1;1;2;1;4;-26,2478708;-53,36323696;"SPRF-PR";"DEL02-PR";"UOP01-DEL02-PR"
204081;2019-04-18;"quinta-feira";"14:15:00";"GO";40;11,8;"LUZIANIA";"Falta de Atenção à Condução";"Colisão transversal";"Com Vítimas Feridas";"Pleno dia";"Crescente";"Céu Claro";"Dupla";"Reta";"Sim";3;0;1;1;1;0;2;2;-16,138336;-47,951644;"SPRF-DF";"DEL01-DF";"UOP01-DEL01-DF"
204084;2019-04-18;"quinta-feira";"12:45:00";"BA";242;394;"SEABRA";"Falta de Atenção à Condução";"Colisão transversal";"Com Vítimas Feridas";"Pleno dia";"Crescente";"Céu Claro";"Simples";"Interseção de Vias";"Não";2;0;0;1;1;0;1;2;-12,45770117;-41,64262399;"SPRF-BA";"DEL06-BA";"UOP01-DEL06-BA"
204085;2019-04-18;"quinta-feira";"09:00:00";"MT";163;1097;"GUARANTA DO NORTE";"Defeito Mecânico no Veículo";"Incêndio";"Sem Vítimas";"Pleno dia";"Decrescente";"Céu Claro";"Simples";"Reta";"Não";1;0;0;0;1;0;0;1;-9,69052887;-54,87683773;"SPRF-MT";"DEL06-MT";"UOP02-DEL06-MT"
204086;2019-04-18;"quinta-feira";"13:50:00";"PR";153;466;"PORTO VITORIA";"Falta de Atenção à Condução";"Colisão lateral";"Sem Vítimas";"Pleno dia";"Crescente";"Céu Claro";"Simples";"Reta";"Não";2;0;0;0;2;0;0;2;-26,28495015;-51,19637489;"SPRF-PR";"DEL02-PR";"UOP03-DEL02-PR"
204098;2019-04-18;"quinta-feira";"15:15:00";"RJ";101;25,6;"CAMPOS DOS GOYTACAZES";"Ultrapassagem Indevida";"Tombamento";"Com Vítimas Feridas";"Pleno dia";"Crescente";"Céu Claro";"Simples";"Curva";"Não";6;0;0;1;0;7;1;6;-21,42934112;-41,34550095;"SPRF-RJ";"DEL08-RJ";"UOP01-DEL08-RJ"
204104;2019-04-18;"quinta-feira";"11:00:00";"RJ";101;502;"ANGRA DOS REIS";"Não guardar distância de segurança";"Colisão traseira";"Sem Vítimas";"Pleno dia";"Crescente";"Sol";"Simples";"Reta";"Sim";2;0;0;0;2;0;0;2;-22,9902534;-44,2422961;"SPRF-RJ";"DEL03-RJ";"UOP03-DEL03-RJ"
204105;2019-04-18;"quinta-feira";"12:40:00";"SP";116;230,6;"SAO PAULO";"Falta de Atenção à Condução";"Colisão lateral";"Sem Vítimas";"Pleno dia";"Decrescente";"Sol";"Múltipla";"Curva";"Não";4;0;0;0;4;0;0;2;-23,52077614;-46,58330354;"SPRF-SP";"DEL01-SP";"UOP01-DEL01-SP"
204111;2019-04-18;"quinta-feira";"16:20:00";"BA";324;617;"SALVADOR";"Não guardar distância de segurança";"Colisão traseira";"Com Vítimas Feridas";"Pleno dia";"Decrescente";"Céu Claro";"Dupla";"Reta";"Sim";9;0;4;0;4;2;4;6;-12,8860325;-38,43806469;"SPRF-BA";"DEL01-BA";"UOP01-DEL01-BA"
204114;2019-04-18;"quinta-feira";"16:00:00";"MG";381;866,7;"POUSO ALEGRE";"Falta de Atenção à Condução";"Colisão lateral";"Com Vítimas Feridas";"Pleno dia";"Decrescente";"Sol";"Dupla";"Aclive;Reta";"Não";4;0;2;0;1;2;2;4;-22,36779567;-45,9323903;"SPRF-MG";"DEL16-MG";"UOP01-DEL16-MG"
204116;2019-04-10;"quarta-feira";"14:29:00";"RJ";101;331;"RIO DE JANEIRO";"Falta de Atenção à Condução";"Colisão traseira";"Com Vítimas Feridas";"Pleno dia";"Crescente";"Nublado";"Dupla";"Reta";"Não";2;0;1;0;1;0;1;2;-22,867662;-43,195337;"SPRF-RJ";"DEL02-RJ";"UOP02-DEL02-RJ"
204117;2019-04-18;"quinta-feira";"14:00:00";"MA";316;460;"CODO";"Falta de Atenção à Condução";"Saída de leito carroçável";"Com Vítimas Feridas";"Pleno dia";"Decrescente";"Garoa/Chuvisco";"Simples";"Reta";"Não";2;0;2;0;0;0;2;1;-4,518064;-44,05735;"SPRF-MA";"DEL03-MA";"UOP01-DEL03-MA"
204135;2019-04-18;"quinta-feira";"17:25:00";"GO";153;499,3;"GOIANIA";"Falta de Atenção à Condução";"Colisão traseira";"Com Vítimas Feridas";"Pleno dia";"Crescente";"Céu Claro";"Múltipla";"Reta";"Sim";2;0;1;0;0;1;1;2;-16,7033;-49,2311;"SPRF-GO";"DEL01-GO";"UOP01-DEL01-GO"
204144;2019-04-18;"quinta-feira";"17:30:00";"PR";376;599;"CURITIBA";"Falta de Atenção à Condução";"Engavetamento";"Sem Vítimas";"Anoitecer";"Decrescente";"Céu Claro";"Múltipla";"Reta";"Sim";7;0;0;0;6;1;0;5;-25,52629711;-49,32958412;"SPRF-PR";"DEL01-PR";"UOP06-DEL01-PR"
204155;2019-04-18;"quinta-feira";"18:45:00";"SP";116;385,1;"MIRACATU";"Falta de Atenção à Condução";"Colisão frontal";"Com Vítimas Fatais";"Plena Noite";"Decrescente";"Nublado";"Dupla";"Reta";"Não";3;1;0;0;0;2;0;3;-24,254993;-47,375412;"SPRF-SP";"DEL04-SP";"UOP02-DEL04-SP"
204156;2019-04-18;"quinta-feira";"18:30:00";"SC";101;122;"ITAJAI";"Falta de Atenção à Condução";"Colisão traseira";"Com Vítimas Feridas";"Plena Noite";"Crescente";"Céu Claro";"Dupla";"Reta";"Sim";4;0;0;1;2;1;1;4;-26,92955916;-48,70499836;"SPRF-SC";"DEL04-SC";"UOP04-DEL04-SC"
204174;2019-04-18;"quinta-feira";"12:30:00";"PE";428;157,4;"PETROLINA";"Defeito Mecânico no Veículo";"Saída de leito carroçável";"Com Vítimas Feridas";"Pleno dia";"Crescente";"Céu Claro";"Simples";"Reta";"Não";4;0;2;0;2;0;2;1;-9,12404985;-40,34330825;"SPRF-PE";"DEL06-PE";"UOP01-DEL06-PE"
204176;2019-04-18;"quinta-feira";"17:50:00";"GO";60;24;"ALEXANIA";"Pista Escorregadia";"Tombamento";"Com Vítimas Feridas";"Anoitecer";"Crescente";"Chuva";"Dupla";"Declive;Reta";"Não";1;0;1;0;0;0;1;1;-16,11075091;-48,44552279;"SPRF-DF";"DEL01-DF";"UOP01-DEL03-DF"
204186;2019-04-18;"quinta-feira";"20:30:00";"SE";101;163,3;"SANTA LUZIA DO ITANHY";"Não guardar distância de segurança";"Colisão traseira";"Com Vítimas Feridas";"Plena Noite";"Decrescente";"Céu Claro";"Simples";"Reta";"Não";4;0;2;1;0;1;3;2;-11,32878328;-37,56697367;"SPRF-SE";"DEL02-SE";"UOP01-DEL02-SE"
204211;2019-04-18;"quinta-feira";"20:15:00";"RS";285;358,2;"COLORADO";"Desobediência às normas de trânsito pelo condutor";"Colisão lateral";"Com Vítimas Feridas";"Plena Noite";"Decrescente";"Céu Claro";"Simples";"Reta";"Não";3;0;1;0;2;0;1;2;-28,37015764;-52,98730195;"SPRF-RS";"DEL08-RS";"UOP03-DEL08-RS"
204216;2019-04-18;"quinta-feira";"23:00:00";"BA";116;602;"IRAJUBA";"Desobediência às normas de trânsito pelo pedestre";"Atropelamento de Pedestre";"Com Vítimas Feridas";"Plena Noite";"Crescente";"Céu Claro";"Simples";"Reta";"Não";2;0;0;1;1;0;1;2;-13,221848;-40,027343;"SPRF-BA";"DEL03-BA";"UOP02-DEL03-BA"
204217;2019-04-18;"quinta-feira";"23:17:00";"RJ";101;327;"NITEROI";"Falta de Atenção à Condução";"Colisão traseira";"Com Vítimas Feridas";"Plena Noite";"Decrescente";"Céu Claro";"Dupla";"Reta";"Não";2;0;1;0;1;0;1;2;-22,87117393;-43,15595099;"SPRF-RJ";"DEL02-RJ";"UOP02-DEL02-RJ"
204220;2019-04-18;"quinta-feira";"23:30:00";"SP";116;110,4;"TAUBATE";"Desobediência às normas de trânsito pelo condutor";"Colisão traseira";"Com Vítimas Feridas";"Plena Noite";"Decrescente";"Céu Claro";"Dupla";"Reta";"Sim";3;0;0;1;1;1;1;3;-23,03412614;-45,5526999;"SPRF-SP";"DEL06-SP";"UOP01-DEL06-SP"
204223;2019-04-18;"quinta-feira";"23:50:00";"SP";116;216,8;"GUARULHOS";"Falta de Atenção à Condução";"Colisão lateral";"Sem Vítimas";"Plena Noite";"Crescente";"Céu Claro";"Múltipla";"Reta";"Sim";2;0;0;0;2;0;0;2;-23,45417733;-46,47197301;"SPRF-SP";"DEL01-SP";"UOP01-DEL01-SP"
204226;2019-04-19;"sexta-feira";"00:10:00";"BA";242;835;"BARREIRAS";"Condutor Dormindo";"Colisão frontal";"Com Vítimas Fatais";"Plena Noite";"Crescente";"Céu Claro";"Simples";"Reta";"Não";9;4;3;1;0;1;4;3;-12,099254;-45,357069;"SPRF-BA";"DEL10-BA";"UOP01-DEL10-BA"
204227;2019-04-18;"quinta-feira";"23:30:00";"SC";470;140,8;"RIO DO SUL";"Ingestão de álcool e/ou substâncias psicoativas pelo pedestre";"Colisão lateral";"Sem Vítimas";"Plena Noite";"Decrescente";"Céu Claro";"Simples";"Reta";"Sim";3;0;0;0;2;1;0;3;-27,20601473;-49,64644432;"SPRF-SC";"DEL04-SC";"UOP02-DEL04-SC"
204228;2019-04-18;"quinta-feira";"07:20:00";"MG";381;250,1;"SANTANA DO PARAISO";"Não guardar distância de segurança";"Engavetamento";"Com Vítimas Feridas";"Pleno dia";"Decrescente";"Nublado";"Simples";"Reta;Aclive";"Não";3;0;1;0;2;0;1;3;-19,48378419;-42,55378491;"SPRF-MG";"DEL06-MG";"UOP01-DEL06-MG"
204245;2019-04-19;"sexta-feira";"02:45:00";"GO";20;6;"FORMOSA";"Condutor Dormindo";"Saída de leito carroçável";"Com Vítimas Feridas";"Pleno dia";"Decrescente";"Céu Claro";"Simples";"Reta";"Sim";1;0;1;0;0;0;1;1;-15,54921;-47,300228;"SPRF-DF";"DEL02-DF";"UOP01-DEL02-DF"
204254;2019-04-19;"sexta-feira";"02:10:00";"MT";163;968;"NOVA SANTA HELENA";"Ingestão de Álcool";"Tombamento";"Com Vítimas Feridas";"Plena Noite";"Crescente";"Céu Claro";"Simples";"Aclive;Reta";"Não";2;0;1;0;0;2;1;3;-10,86391007;-55,19388084;"SPRF-MT";"DEL06-MT";"UOP02-DEL06-MT"
204259;2019-04-19;"sexta-feira";"06:00:00";"SC";101;65,6;"ARAQUARI";"Falta de Atenção à Condução";"Colisão lateral";"Sem Vítimas";"Amanhecer";"Decrescente";"Céu Claro";"Dupla";"Reta";"Não";3;0;0;0;2;1;0;3;-26,47135714;-48,74457217;"SPRF-SC";"DEL03-SC";"UOP02-DEL03-SC"
204267;2019-04-19;"sexta-feira";"02:50:00";"RJ";116;175;"NOVA IGUACU";"Condutor Dormindo";"Colisão traseira";"Com Vítimas Feridas";"Plena Noite";"Crescente";"Céu Claro";"Dupla";"Reta";"Sim";3;0;1;0;1;1;1;3;-22,78923555;-43,37275272;"SPRF-RJ";"DEL01-RJ";"UOP02-DEL01-RJ"
204269;2019-04-19;"sexta-feira";"08:00:00";"GO";153;297;"RIALMA";"Falta de Atenção à Condução";"Colisão transversal";"Com Vítimas Feridas";"Pleno dia";"Crescente";"Sol";"Simples";"Reta";"Não";4;0;1;1;1;1;2;3;-15,262218;-49,547047;"SPRF-GO";"DEL02-GO";"UOP02-DEL02-GO"
204279;2019-04-19;"sexta-feira";"07:10:00";"RJ";101;266;"RIO BONITO";"Falta de Atenção à Condução";"Colisão lateral";"Com Vítimas Feridas";"Pleno dia";"Crescente";"Céu Claro";"Dupla";"Reta";"Não";3;0;1;0;1;1;1;3;-22,70861445;-42,65178735;"SPRF-RJ";"DEL02-RJ";"UOP03-DEL02-RJ"
204280;2019-04-19;"sexta-feira";"07:40:00";"PI";135;127;"BERTOLINIA";"Velocidade Incompatível";"Colisão frontal";"Com Vítimas Fatais";"Pleno dia";"Crescente";"Chuva";"Simples";"Curva";"Não";6;1;2;1;1;1;3;3;-7,66499735;-43,95114347;"SPRF-PI";"DEL03-PI";"UOP01-DEL03-PI"
204287;2019-04-19;"sexta-feira";"09:45:00";"RJ";101;67;"CAMPOS DOS GOYTACAZES";"Falta de Atenção à Condução";"Engavetamento";"Com Vítimas Feridas";"Pleno dia";"Crescente";"Céu Claro";"Simples";"Reta";"Sim";13;0;3;0;10;0;3;5;-21,76751094;-41,34876249;"SPRF-RJ";"DEL08-RJ";"UOP02-DEL08-RJ"
204305;2019-04-19;"sexta-feira";"11:50:00";"MG";365;651;"UBERLANDIA";"Falta de Atenção à Condução";"Colisão traseira";"Com Vítimas Feridas";"Pleno dia";"Crescente";"Céu Claro";"Dupla";"Reta";"Não";3;0;1;0;2;0;1;2;-18,86755464;-48,56819793;"SPRF-MG";"DEL15-MG";"UOP01-DEL15-MG"
204311;2019-04-19;"sexta-feira";"13:00:00";"RS";290;509,1;"ROSARIO DO SUL";"Falta de Atenção à Condução";"Saída de leito carroçável";"Com Vítimas Feridas";"Pleno dia";"Decrescente";"Céu Claro";"Simples";"Reta";"Não";2;0;1;0;0;3;1;4;-30,153795;-55,188263;"SPRF-RS";"DEL11-RS";"UOP02-DEL11-RS"
204324;2019-04-19;"sexta-feira";"10:50:00";"RJ";116;318;"ITATIAIA";"Não guardar distância de segurança";"Colisão traseira";"Com Vítimas Feridas";"Pleno dia";"Decrescente";"Sol";"Dupla";"Reta";"Sim";3;0;1;0;1;1;1;3;-22,46797868;-44,51030403;"SPRF-RJ";"DEL07-RJ";"DEL5/7-UOP03/RJ"
204331;2019-04-19;"sexta-feira";"14:30:00";"MA";316;551;"CAXIAS";"Falta de Atenção à Condução";"Colisão frontal";"Com Vítimas Feridas";"Pleno dia";"Crescente";"Céu Claro";"Simples";"Reta";"Sim";2;0;0;1;1;0;1;2;-4,886332;-43,353386;"SPRF-MA";"DEL03-MA";"UOP02-DEL03-MA"
204362;2019-03-14;"quinta-feira";"19:30:00";"SC";101;91,9;"BARRA VELHA";"Mal Súbito";"Saída de leito carroçável";"Com Vítimas Feridas";"Plena Noite";"Crescente";"Nublado";"Múltipla";"Reta";"Não";2;0;1;0;0;1;1;2;-26,67120698;-48,69011814;"SPRF-SC";"DEL03-SC";"UOP02-DEL03-SC"
204387;2019-04-19;"sexta-feira";"21:30:00";"PA";163;983;"SANTAREM";"Restrição de Visibilidade";"Colisão frontal";"Com Vítimas Fatais";"Plena Noite";"Decrescente";"Chuva";"Simples";"Curva";"Não";3;1;0;0;1;1;0;3;-2,60432164;-54,71955299;"SPRF-PA";"DEL05-PA";"UOP01-DEL05-PA"
204388;2019-04-19;"sexta-feira";"23:00:00";"TO";153;533,6;"PUGMIL";"Ultrapassagem Indevida";"Colisão lateral";"Com Vítimas Feridas";"Plena Noite";"Decrescente";"Céu Claro";"Simples";"Reta";"Não";3;0;1;0;1;2;1;4;-10,49993899;-48,90649808;"SPRF-TO";"DEL02-TO";"UOP01-DEL01-TO"
204396;2019-04-19;"sexta-feira";"18:53:00";"RS";285;568;"SAO LUIZ GONZAGA";"Ingestão de Álcool";"Colisão frontal";"Sem Vítimas";"Anoitecer";"Crescente";"Céu Claro";"Simples";"Reta";"Sim";2;0;0;0;2;0;0;2;-28,414005;-54,976131;"SPRF-RS";"DEL12-RS";"UOP01-DEL12-RS"
204399;2019-04-20;"sábado";"00:05:00";"GO";60;234,9;"CEZARINA";"Não guardar distância de segurança";"Colisão traseira";"Com Vítimas Feridas";"Plena Noite";"Crescente";"Ignorado";"Dupla";"Reta";"Não";7;0;1;3;2;1;4;3;-17,0757;-49,8215;"SPRF-GO";"DEL01-GO";"UOP02-DEL01-GO"
204409;2019-04-20;"sábado";"02:30:00";"SP";116;421,8;"JUQUIA";"Condutor Dormindo";"Saída de leito carroçável";"Com Vítimas Feridas";"Plena Noite";"Crescente";"Nublado";"Dupla";"Reta";"Não";1;0;0;1;0;0;1;1;-24,35878659;-47,68690825;"SPRF-SP";"DEL05-SP";"UOP01-DEL05-SP"
204419;2019-04-20;"sábado";"05:30:00";"PR";277;584;"CASCAVEL";"Desobediência às normas de trânsito pelo condutor";"Colisão transversal";"Sem Vítimas";"Pleno dia";"Crescente";"Céu Claro";"Simples";"Reta";"Não";2;0;0;0;2;0;0;2;-24,96505081;-53,40531349;"SPRF-PR";"DEL04-PR";"UOP01-DEL04-PR"
204423;2019-04-20;"sábado";"02:00:00";"MT";163;880;"CLAUDIA";"Defeito Mecânico no Veículo";"Incêndio";"Sem Vítimas";"Plena Noite";"Decrescente";"Céu Claro";"Simples";"Reta";"Não";1;0;0;0;1;0;0;1;-11,50963107;-55,37109375;"SPRF-MT";"DEL06-MT";"UOP02-DEL06-MT"
204428;2019-04-20;"sábado";"06:55:00";"MG";116;524,8;"CARATINGA";"Falta de Atenção à Condução";"Colisão transversal";"Com Vítimas Feridas";"Pleno dia";"Crescente";"Céu Claro";"Simples";"Rotatória";"Não";2;0;0;1;1;0;1;2;-19,76027352;-42,13398823;"SPRF-MG";"DEL06-MG";"UOP02-DEL06-MG"
204435;2019-04-20;"sábado";"08:45:00";"MG";365;183,3;"BURITIZEIRO";"Defeito na Via";"Tombamento";"Com Vítimas Feridas";"Pleno dia";"Decrescente";"Céu Claro";"Simples";"Reta";"Não";2;0;1;0;0;1;1;2;-17,42205;-45,111675;"SPRF-MG";"DEL12-MG";"UOP01-DEL12-MG"