"id";"data_inversa";"dia_semana";"horario";"uf";"br";"km";"municipio";"causa_acidente";"tipo_acidente";"classificacao_acidente";"fase_dia";"sentido_via";"condicao_metereologica";"tipo_pista";"tracado_via";"uso_solo";"pessoas";"mortos";"feridos_leves";"feridos_graves";"ilesos";"ignorados";"feridos";"veiculos";"latitude";"longitude";"regional";"delegacia";"uop"
204978;2019-04-22;"segunda-feira";"14:30:00";"MT";163;998,4;"TERRA NOVA DO NORTE";"Defeito Mecânico no Veículo";"Saída de leito carroçável";"Sem Vítimas";"Pleno dia";"Decrescente";"Céu Claro";"Simples";"Aclive;Reta";"Não";2;0;0;0;1;1;0;2;-10,628157;-55,128791;"SPRF-MT";"DEL06-MT";"UOP02-DEL06-MT"
204983;2019-04-22;"segunda-feira";"15:50:00";"RJ";493;11,9;"GUAPIMIRIM";"Defeito na Via";"Engavetamento";"Com Vítimas Feridas";"Pleno dia";"Crescente";"Céu Claro";"Simples";"Reta";"Sim";4;0;1;0;2;2;1;5;-22,68668536;-42,95909846;"SPRF-RJ";"DEL04-RJ";"UOP02-DEL04-RJ"
205002;2019-04-22;"segunda-feira";"14:30:00";"RJ";116;188,1;"QUEIMADOS";"Ultrapassagem Indevida";"Colisão traseira";"Com Vítimas Feridas";"Pleno dia";"Crescente";"Céu Claro";"Dupla";"Reta";"Sim";3;0;2;0;1;0;2;2;-22,73718256;-43,53792451;"SPRF-RJ";"DEL01-RJ";"UOP03-DEL01-RJ"
205009;2019-04-22;"segunda-feira";"15:45:00";"SC";470;191,5;"POUSO REDONDO";"Falta de Atenção à Condução";"Colisão traseira";"Sem Vítimas";"Pleno dia";"Crescente";"Garoa/Chuvisco";"Simples";"Reta";"Não";4;0;0;0;4;0;0;4;-27,28999936;-50,07790446;"SPRF-SC";"DEL04-SC";"UOP02-DEL04-SC"
205011;2019-03-22;"sexta-feira";"16:00:00";"BA";242;400;"SEABRA";"Pista Escorregadia";"Colisão transversal";"Com Vítimas Feridas";"Pleno dia";"Crescente";"Chuva";"Simples";"Declive";"Não";3;0;0;1;1;2;1;4;-12,47134497;-41,69102199;"SPRF-BA";"DEL10-BA";"UOP03-DEL06-BA"
205013;2019-04-22;"segunda-feira";"18:40:00";"PE";232;4;"RECIFE";"Falta de Atenção à Condução";"Colisão traseira";"Com Vítimas Feridas";"Plena Noite";"Crescente";"Céu Claro";"Múltipla";"Viaduto";"Sim";2;0;1;0;1;0;1;2;-8,067036;-34,943042;"SPRF-PE";"DEL01-PE";"UOP01-DEL01-PE"
205015;2019-04-22;"segunda-feira";"18:30:00";"MT";158;320;"BOM JESUS DO ARAGUAIA";"Falta de Atenção à Condução";"Tombamento";"Com Vítimas Feridas";"Anoitecer";"Decrescente";"Nublado";"Simples";"Curva";"Não";3;0;1;0;1;2;1;3;-12,09828115;-51,69935691;"SPRF-MT";"DEL07-MT";"UOP02-DEL07-MT"
205018;2019-04-22;"segunda-feira";"14:55:00";"SC";101;289,9;"IMBITUBA";"Defeito Mecânico no Veículo";"Colisão lateral";"Com Vítimas Fatais";"Pleno dia";"Decrescente";"Nublado";"Dupla";"Declive";"Não";3;1;1;0;1;0;1;2;-28,25395282;-48,70289554;"SPRF-SC";"DEL02-SC";"UOP03-DEL02-SC"
205021;2019-04-22;"segunda-feira";"19:20:00";"PE";101;31,8;"IGARASSU";"Animais na Pista";"Atropelamento de Animal";"Sem Vítimas";"Plena Noite";"Crescente";"Chuva";"Dupla";"Reta";"Não";2;0;0;0;1;1;0;2;-7,74443874;-34,93872764;"SPRF-PE";"DEL01-PE";"UOP02-DEL01-PE"
205029;2019-04-22;"segunda-feira";"19:15:00";"PR";277;494;"GUARANIACU";"Desobediência às normas de trânsito pelo condutor";"Colisão transversal";"Com Vítimas Feridas";"Plena Noite";"Crescente";"Céu Claro";"Simples";"Declive;Curva";"Não";2;0;0;1;1;0;1;2;-25,20939187;-52,65144369;"SPRF-PR";"DEL04-PR";"UOP04-DEL04-PR"
205040;2019-04-22;"segunda-feira";"19:55:00";"TO";153;144;"ARAGUAINA";"Ingestão de Álcool";"Colisão transversal";"Com Vítimas Feridas";"Plena Noite";"Crescente";"Céu Claro";"Múltipla";"Reta";"Não";6;0;2;2;1;1;4;3;-7,19662811;-48,23636977;"SPRF-TO";"DEL02-TO";"UOP01-DEL02-TO"
205047;2019-04-22;"segunda-feira";"20:20:00";"MG";381;446;"SABARA";"Falta de Atenção à Condução";"Colisão traseira";"Com Vítimas Feridas";"Plena Noite";"Crescente";"Céu Claro";"Simples";"Reta";"Não";7;0;4;0;3;0;4;3;-19,82950465;-43,84255613;"SPRF-MG";"DEL01-MG";"UOP01-DEL01-MG"
205058;2019-04-22;"segunda-feira";"18:15:00";"PR";476;104;"COLOMBO";"Falta de Atenção à Condução";"Colisão lateral";"Com Vítimas Feridas";"Anoitecer";"Decrescente";"Nublado";"Simples";"Reta";"Não";3;0;1;0;1;2;1;4;-25,271278;-49,140888;"SPRF-PR";"DEL01-PR";"UOP07-DEL01-PR"
205059;2019-04-22;"segunda-feira";"18:20:00";"MT";70;710;"CACERES";"Ultrapassagem Indevida";"Colisão frontal";"Com Vítimas Feridas";"Plena Noite";"Decrescente";"Chuva";"Simples";"Curva";"Não";3;0;2;0;1;0;2;2;-16,2470009;-57,51219207;"SPRF-MT";"DEL03-MT";"UOP01-DEL03-MT"
205067;2019-04-22;"segunda-feira";"19:00:00";"PR";153;105,1;"IBAITI";"Falta de Atenção à Condução";"Colisão transversal";"Com Vítimas Feridas";"Plena Noite";"Decrescente";"Céu Claro";"Simples";"Interseção de Vias";"Não";3;0;1;0;1;1;1;3;-23,814184;-50,179108;"SPRF-PR";"DEL07-PR";"UOP04-DEL07-PR"
205069;2019-04-22;"segunda-feira";"18:40:00";"RS";285;131,1;"VACARIA";"Velocidade Incompatível";"Colisão lateral";"Com Vítimas Fatais";"Plena Noite";"Decrescente";"Nublado";"Simples";"Curva";"Não";3;1;0;1;1;0;1;2;-28,442188;-50,996849;"SPRF-RS";"DEL05-RS";"UOP03-DEL05-RS"
205073;2019-04-22;"segunda-feira";"20:05:00";"SC";101;354,5;"SANGAO";"Falta de Atenção à Condução";"Colisão traseira";"Com Vítimas Fatais";"Plena Noite";"Decrescente";"Nublado";"Dupla";"Aclive;Reta";"Não";3;1;0;0;1;1;0;3;-28,61806302;-49,07013199;"SPRF-SC";"DEL02-SC";"UOP01-DEL02-SC"
205075;2019-04-22;"segunda-feira";"20:45:00";"PR";153;390;"MALLET";"Ingestão de Álcool";"Saída de leito carroçável";"Sem Vítimas";"Plena Noite";"Crescente";"Garoa/Chuvisco";"Simples";"Reta";"Não";1;0;0;0;1;0;0;1;-25,88072767;-50,83652623;"SPRF-PR";"DEL02-PR";"UOP03-DEL02-PR"
205080;2019-04-23;"terça-feira";"03:30:00";"RJ";493;25,4;"MAGE";"Defeito Mecânico no Veículo";"Incêndio";"Sem Vítimas";"Plena Noite";"Crescente";"Céu Claro";"Simples";"Reta";"Não";1;0;0;0;0;1;0;1;-22,65788388;-43,079654;"SPRF-RJ";"DEL04-RJ";"UOP02-DEL04-RJ"
205082;2019-04-23;"terça-feira";"03:20:00";"MG";381;720,8;"CARMO DA CACHOEIRA";"Carga excessiva e/ou mal acondicionada";"Derramamento de carga";"Sem Vítimas";"Plena Noite";"Decrescente";"Nublado";"Dupla";"Declive;Curva";"Não";2;0;0;0;1;1;0;2;-21,43868426;-45,20931423;"SPRF-MG";"DEL04-MG";"UOP02-DEL04-MG"
205085;2019-04-23;"terça-feira";"05:18:00";"RJ";101;69,1;"CAMPOS DOS GOYTACAZES";"Ultrapassagem Indevida";"Colisão traseira";"Com Vítimas Feridas";"Amanhecer";"Decrescente";"Céu Claro";"Simples";"Reta";"Não";3;0;0;2;1;0;2;2;-21,77624383;-41,3653321;"SPRF-RJ";"DEL08-RJ";"UOP02-DEL08-RJ"
205089;2019-04-22;"segunda-feira";"21:40:00";"GO";153;276;"NOVA GLORIA";"Falta de Atenção à Condução";"Colisão lateral";"Com Vítimas Feridas";"Plena Noite";"Decrescente";"Vento";"Simples";"Reta";"Não";3;0;0;1;1;2;1;4;-15,112444;-49,489918;"SPRF-GO";"DEL07-GO";"UOP02-DEL07-GO"
205091;2019-04-23;"terça-feira";"06:20:00";"PR";277;43,7;"MORRETES";"Falta de Atenção à Condução";"Colisão traseira";"Com Vítimas Fatais";"Amanhecer";"Decrescente";"Nevoeiro/Neblina";"Dupla";"Curva";"Não";6;1;1;2;1;1;3;3;-25,57437908;-48,85418905;"SPRF-PR";"DEL01-PR";"UOP07-DEL01-PR"
205097;2019-04-23;"terça-feira";"06:45:00";"SP";116;207,8;"GUARULHOS";"Não guardar distância de segurança";"Colisão traseira";"Com Vítimas Feridas";"Amanhecer";"Crescente";"Nublado";"Dupla";"Reta";"Sim";2;0;1;0;0;1;1;2;-23,41948275;-46,38388038;"SPRF-SP";"DEL01-SP";"UOP01-DEL01-SP"
205100;2019-04-23;"terça-feira";"05:15:00";"MT";174;322,3;"PONTES E LACERDA";"Ultrapassagem Indevida";"Colisão frontal";"Com Vítimas Fatais";"Amanhecer";"Decrescente";"Céu Claro";"Simples";"Curva";"Não";6;4;0;0;1;1;0;3;-14,948819;-59,29012997;"SPRF-MT";"DEL04-MT";"UOP01-DEL04-MT"
205102;2019-04-18;"quinta-feira";"23:40:00";"SC";282;343,2;"CAMPOS NOVOS";"Desobediência às normas de trânsito pelo condutor";"Colisão frontal";"Com Vítimas Feridas";"Plena Noite";"Decrescente";"Céu Claro";"Simples";"Declive;Reta";"Não";9;0;6;2;1;0;8;4;-27,387402;-51,232861;"SPRF-SC";"DEL07-SC";"UOP06-DEL07-SC"
205109;2019-04-23;"terça-feira";"07:50:00";"RN";110;48,1;"MOSSORO";"Desobediência às normas de trânsito pelo condutor";"Colisão traseira";"Com Vítimas Feridas";"Pleno dia";"Decrescente";"Céu Claro";"Dupla";"Interseção de Vias";"Sim";3;0;1;0;2;0;1;2;-5,20881178;-37,33285083;"SPRF-RN";"DEL04-RN";"UOP01-DEL04-RN"
205111;2019-04-23;"terça-feira";"05:50:00";"MG";262;421;"IGARATINGA";"Desobediência às normas de trânsito pelo condutor";"Colisão traseira";"Com Vítimas Feridas";"Amanhecer";"Decrescente";"Céu Claro";"Dupla";"Reta";"Não";3;0;0;1;2;0;1;2;-19,88573008;-44,72054503;"SPRF-MG";"DEL08-MG";"UOP03-DEL08-MG"
205123;2019-04-23;"terça-feira";"09:40:00";"PE";424;25;"VENTUROSA";"Ultrapassagem Indevida";"Colisão lateral";"Com Vítimas Feridas";"Pleno dia";"Crescente";"Céu Claro";"Simples";"Aclive";"Não";3;0;1;0;1;1;1;3;-8,532546;-36,915788;"SPRF-PE";"DEL03-PE";"UOP02-DEL03-PE"
205124;2019-04-23;"terça-feira";"05:00:00";"PR";376;357;"ORTIGUEIRA";"Defeito Mecânico no Veículo";"Incêndio";"Sem Vítimas";"Amanhecer";"Decrescente";"Céu Claro";"Simples";"Reta";"Não";2;0;0;0;1;1;0;2;-24,29316601;-50,87585101;"SPRF-PR";"DEL03-PR";"UOP02-DEL03-PR"
205125;2019-04-23;"terça-feira";"07:38:00";"MG";381;580;"CARMOPOLIS DE MINAS";"Condutor Dormindo";"Colisão transversal";"Sem Vítimas";"Pleno dia";"Crescente";"Céu Claro";"Dupla";"Curva";"Não";3;0;0;0;2;2;0;4;-20,50796117;-44,61144676;"SPRF-MG";"DEL04-MG";"UOP01-DEL04-MG"
205127;2019-04-23;"terça-feira";"09:40:00";"RN";101;105,5;"PARNAMIRIM";"Não guardar distância de segurança";"Colisão traseira";"Sem Vítimas";"Pleno dia";"Crescente";"Sol";"Dupla";"Reta";"Sim";2;0;0;0;1;1;0;2;-5,90165196;-35,25928517;"SPRF-RN";"DEL01-RN";"UOP01-DEL01-RN"
205128;2019-04-23;"terça-feira";"09:20:00";"SC";101;202,6;"SAO JOSE";"Não guardar distância de segurança";"Colisão lateral";"Com Vítimas Fatais";"Pleno dia";"Crescente";"Nublado";"Dupla";"Reta";"Sim";4;1;0;0;1;2;0;3;-27,561355;-48,616638;"SPRF-SC";"DEL01-SC";"UOP01-DEL01-SC"
205130;2019-04-23;"terça-feira";"10:00:00";"PB";101;110,8;"ALHANDRA";"Desobediência às normas de trânsito pelo condutor";"Colisão lateral";"Com Vítimas Feridas";"Pleno dia";"Decrescente";"Sol";"Dupla";"Aclive;Retorno Regulamentado;Curva";"Sim";3;0;1;0;1;1;1;3;-7,35255626;-34,94940909;"SPRF-PB";"DEL01-PB";"UOP01-DEL01-PB"
205131;2019-04-23;"terça-feira";"11:50:00";"AL";101;113,5;"PILAR";"Defeito Mecânico no Veículo";"Tombamento";"Sem Vítimas";"Pleno dia";"Crescente";"Nublado";"Simples";"Curva";"Não";1;0;0;0;1;0;0;1;-9,62855442;-36,03072188;"SPRF-AL";"DEL02-AL";"UOP01-DEL02-AL"
205139;2019-04-23;"terça-feira";"12:25:00";"GO";452;0;"RIO VERDE";"Falta de Atenção à Condução";"Saída de leito carroçável";"Com Vítimas Feridas";"Pleno dia";"Crescente";"Céu Claro";"Dupla";"Curva";"Sim";2;0;1;0;0;1;1;2;-17,786345;-50,901516;"SPRF-GO";"DEL04-GO";"UOP01-DEL04-GO"
205142;2019-04-23;"terça-feira";"13:15:00";"BA";116;419;"FEIRA DE SANTANA";"Falta de Atenção à Condução";"Colisão traseira";"Com Vítimas Feridas";"Pleno dia";"Crescente";"Céu Claro";"Dupla";"Reta";"Sim";3;0;1;1;1;0;2;2;-12,194529;-38,965336;"SPRF-BA";"DEL02-BA";"UOP01-DEL02-BA"
205143;2019-04-23;"terça-feira";"12:59:00";"SC";101;318;"PESCARIA BRAVA";"Não guardar distância de segurança";"Colisão traseira";"Sem Vítimas";"Pleno dia";"Crescente";"Céu Claro";"Dupla";"Reta";"Sim";3;0;0;0;2;1;0;3;-28,4266481;-48,86160099;"SPRF-SC";"DEL02-SC";"UOP01-DEL02-SC"
205156;2019-04-23;"terça-feira";"13:50:00";"AL";101;117,8;"PILAR";"Falta de Atenção à Condução";"Saída de leito carroçável";"Sem Vítimas";"Pleno dia";"Decrescente";"Chuva";"Simples";"Reta";"Não";3;0;0;0;2;3;0;5;-9,66002291;-36,01975024;"SPRF-AL";"DEL02-AL";"UOP01-DEL02-AL"
205159;2019-02-17;"domingo";"08:50:00";"BA";242;598;"MUQUEM DE SAO FRANCISCO";"Pista Escorregadia";"Colisão traseira";"Com Vítimas Feridas";"Pleno dia";"Decrescente";"Nublado";"Simples";"Curva;Declive";"Não";3;0;1;0;1;2;1;4;-12,12938;-43,34357;"SPRF-BA";"DEL10-BA";"UOP03-DEL06-BA"
205161;2019-04-23;"terça-feira";"16:10:00";"RS";285;334;"CARAZINHO";"Falta de Atenção à Condução";"Colisão lateral";"Com Vítimas Feridas";"Pleno dia";"Decrescente";"Céu Claro";"Simples";"Declive";"Sim";2;0;1;0;1;0;1;2;-28,306229;-52,746593;"SPRF-RS";"DEL08-RS";"UOP03-DEL08-RS"
205163;2019-04-23;"terça-feira";"15:30:00";"BA";116;418,7;"FEIRA DE SANTANA";"Falta de Atenção à Condução";"Colisão traseira";"Com Vítimas Feridas";"Pleno dia";"Crescente";"Céu Claro";"Dupla";"Reta";"Sim";3;0;1;0;2;0;1;2;-12,185808;-38,965225;"SPRF-BA";"DEL02-BA";"UOP01-DEL02-BA"
205164;2019-04-23;"terça-feira";"15:30:00";"SC";101;81;"BARRA VELHA";"Condutor Dormindo";"Saída de leito carroçável";"Sem Vítimas";"Pleno dia";"Decrescente";"Nublado";"Múltipla";"Reta";"Não";3;0;0;0;2;2;0;4;-26,60256101;-48,72553524;"SPRF-SC";"DEL03-SC";"UOP02-DEL03-SC"
205173;2019-04-23;"terça-feira";"16:30:00";"SE";101;119;"ITAPORANGA DAJUDA";"Defeito Mecânico no Veículo";"Colisão com objeto estático";"Sem Vítimas";"Pleno dia";"Decrescente";"Nublado";"Dupla";"Curva;Aclive;Retorno Regulamentado";"Sim";1;0;0;0;1;0;0;1;-11,03022732;-37,33192083;"SPRF-SE";"DEL02-SE";"UOP01-DEL02-SE"
205182;2019-04-23;"terça-feira";"18:20:00";"ES";101;140,2;"LINHARES";"Desobediência às normas de trânsito pelo pedestre";"Atropelamento de Pedestre";"Com Vítimas Feridas";"Plena Noite";"Crescente";"Céu Claro";"Múltipla";"Reta";"Sim";2;0;0;1;1;0;1;2;-19,31817306;-40,07552313;"SPRF-ES";"DEL04-ES";"UOP01-DEL04-ES"
205199;2019-04-23;"terça-feira";"19:00:00";"RJ";356;16,4;"ITAPERUNA";"Desobediência às normas de trânsito pelo condutor";"Colisão frontal";"Com Vítimas Fatais";"Plena Noite";"Crescente";"Céu Claro";"Simples";"Reta";"Não";4;2;0;0;1;1;0;4;-21,178669;-42,043947;"SPRF-RJ";"DEL08-RJ";"UOP03-DEL08-RJ"
205201;2019-04-23;"terça-feira";"18:00:00";"RJ";493;67;"NOVA IGUACU";"Desobediência às normas de trânsito pelo condutor";"Colisão lateral";"Com Vítimas Feridas";"Plena Noite";"Crescente";"Nublado";"Dupla";"Curva";"Sim";2;0;0;1;0;1;1;2;-22,68372765;-43,46094132;"SPRF-RJ";"DEL01-RJ";"UOP03-DEL01-RJ"
205218;2019-04-23;"terça-feira";"21:35:00";"SC";101;132,4;"BALNEARIO CAMBORIU";"Falta de Atenção à Condução";"Colisão lateral";"Com Vítimas Feridas";"Plena Noite";"Decrescente";"Nublado";"Dupla";"Curva";"Sim";3;0;2;0;1;0;2;3;-26,99654133;-48,65564711;"SPRF-SC";"DEL04-SC";"UOP03-DEL04-SC"
205222;2019-04-23;"terça-feira";"19:50:00";"RS";472;425,5;"ITAQUI";"Defeito Mecânico no Veículo";"Colisão frontal";"Sem Vítimas";"Plena Noite";"Crescente";"Céu Claro";"Simples";"Reta";"Não";5;0;0;0;5;0;0;2;-28,82771205;-56,06279594;"SPRF-RS";"DEL12-RS";"UOP01-DEL12-RS"
205224;2019-04-23;"terça-feira";"17:00:00";"MG";40;652,6;"CRISTIANO OTONI";"Falta de Atenção à Condução";"Colisão lateral";"Com Vítimas Feridas";"Pleno dia";"Decrescente";"Céu Claro";"Simples";"Reta";"Não";2;0;1;0;1;0;1;2;-20,84062503;-43,79907712;"SPRF-MG";"DEL05-MG";"UOP02-DEL05-MG"
205225;2019-04-23;"terça-feira";"21:15:00";"SC";101;288,2;"IMBITUBA";"Carga excessiva e/ou mal acondicionada";"Derramamento de carga";"Sem Vítimas";"Plena Noite";"Crescente";"Nublado";"Dupla";"Reta;Viaduto";"Sim";2;0;0;0;1;2;0;3;-28,24598003;-48,70010284;"SPRF-SC";"DEL02-SC";"UOP03-DEL02-SC"
205230;2019-04-23;"terça-feira";"22:15:00";"RS";116;300,8;"GUAIBA";"Desobediência às normas de trânsito pelo condutor";"Colisão frontal";"Com Vítimas Fatais";"Plena Noite";"Crescente";"Chuva";"Simples";"Reta";"Não";4;1;1;0;1;1;1;4;-30,12651411;-51,35036588;"SPRF-RS";"DEL02-RS";"UOP01-DEL02-RS"
205231;2019-04-24;"quarta-feira";"01:55:00";"SC";101;122;"ITAJAI";"Desobediência às normas de trânsito pelo condutor";"Colisão frontal";"Com Vítimas Feridas";"Plena Noite";"Crescente";"Nublado";"Dupla";"Reta";"Não";2;0;0;1;1;0;1;2;-26,93668609;-48,69876905;"SPRF-SC";"DEL04-SC";"UOP04-DEL04-SC"
205235;2019-04-24;"quarta-feira";"02:50:00";"BA";116;816,8;"VITORIA DA CONQUISTA";"Desobediência às normas de trânsito pelo pedestre";"Atropelamento de Pedestre";"Com Vítimas Fatais";"Plena Noite";"Decrescente";"Céu Claro";"Simples";"Reta";"Não";3;1;0;0;1;1;0;3;-14,77751018;-40,73036091;"SPRF-BA";"DEL08-BA";"UOP01-DEL08-BA"
205236;2019-04-24;"quarta-feira";"01:20:00";"MT";70;352;"CAMPO VERDE";"Falta de Atenção do Pedestre";"Atropelamento de Pedestre";"Com Vítimas Fatais";"Plena Noite";"Decrescente";"Céu Claro";"Simples";"Reta";"Não";2;1;0;0;1;0;0;2;-15,49575771;-54,89134083;"SPRF-MT";"DEL05-MT";"UOP01-DEL05-MT"
205246;2019-04-24;"quarta-feira";"06:45:00";"PR";369;162,3;"CAMBE";"Defeito Mecânico no Veículo";"Saída de leito carroçável";"Com Vítimas Feridas";"Pleno dia";"Crescente";"Céu Claro";"Dupla";"Declive";"Não";2;0;1;0;0;1;1;2;-23,29533123;-51,27090007;"SPRF-PR";"DEL07-PR";"UOP01-DEL07-PR"
205250;2019-04-24;"quarta-feira";"06:00:00";"GO";364;330;"PORTELANDIA";"Falta de Atenção à Condução";"Colisão frontal";"Com Vítimas Fatais";"Pleno dia";"Crescente";"Céu Claro";"Simples";"Reta";"Não";6;3;0;0;3;0;0;2;-17,39863;-52,720497;"SPRF-GO";"DEL05-GO";"UOP01-DEL05-GO"
205259;2019-04-16;"terça-feira";"21:40:00";"RJ";101;399;"RIO DE JANEIRO";"Falta de Atenção à Condução";"Colisão lateral";"Com Vítimas Feridas";"Plena Noite";"Decrescente";"Nublado";"Dupla";"Curva";"Não";2;0;1;0;1;0;1;2;-22,89214838;-43,69606018;"SPRF-RJ";"DEL03-RJ";"UOP01-DEL03-RJ"
205267;2019-04-24;"quarta-feira";"08:50:00";"PR";376;315;"ORTIGUEIRA";"Velocidade Incompatível";"Tombamento";"Sem Vítimas";"Pleno dia";"Crescente";"Céu Claro";"Simples";"Curva";"Não";2;0;0;0;1;2;0;3;-24,02668686;-51,09740947;"SPRF-PR";"DEL07-PR";"UOP02-DEL07-PR"
205287;2019-04-24;"quarta-feira";"10:30:00";"PA";230;17;"BREJO GRANDE DO ARAGUAIA";"Defeito na Via";"Colisão com objeto estático";"Com Vítimas Feridas";"Pleno dia";"Decrescente";"Céu Claro";"Simples";"Aclive";"Não";2;0;1;0;0;1;1;2;-5,696301;-48,34225;"SPRF-PA";"DEL03-PA";"UOP01-DEL03-PA"
205292;2019-04-24;"quarta-feira";"10:15:00";"SC";101;368,9;"SANGAO";"Falta de Atenção à Condução";"Colisão lateral";"Com Vítimas Feridas";"Pleno dia";"Decrescente";"Sol";"Múltipla";"Reta";"Sim";3;0;1;0;1;1;1;3;-28,6957326;-49,17347228;"SPRF-SC";"DEL02-SC";"UOP01-DEL02-SC"
205296;2019-04-24;"quarta-feira";"12:00:00";"PR";376;293,7;"MAUA DA SERRA";"Velocidade Incompatível";"Colisão traseira";"Com Vítimas Feridas";"Pleno dia";"Decrescente";"Nublado";"Simples";"Reta";"Não";3;0;1;0;1;2;1;4;-23,91850384;-51,17851182;"SPRF-PR";"DEL07-PR";"UOP02-DEL07-PR"
205297;2019-04-24;"quarta-feira";"09:45:00";"MG";381;429;"CAETE";"Falta de Atenção à Condução";"Colisão traseira";"Com Vítimas Feridas";"Pleno dia";"Decrescente";"Sol";"Simples";"Curva";"Não";10;0;7;0;3;0;7;7;-19,78914181;-43,67209196;"SPRF-MG";"DEL01-MG";"UOP01-DEL01-MG"
205299;2019-04-24;"quarta-feira";"12:05:00";"PR";277;4,5;"PARANAGUA";"Falta de Atenção à Condução";"Engavetamento";"Com Vítimas Feridas";"Pleno dia";"Crescente";"Céu Claro";"Dupla";"Reta";"Sim";5;0;1;0;3;4;1;7;-25,55497535;-48,55856486;"SPRF-PR";"DEL01-PR";"UOP05-DEL01-PR"
205301;2019-04-24;"quarta-feira";"09:45:00";"PR";280;312,8;"BARRACAO";"Falta de Atenção à Condução";"Saída de leito carroçável";"Com Vítimas Feridas";"Pleno dia";"Decrescente";"Céu Claro";"Simples";"Reta";"Não";4;0;1;0;1;3;1;5;-26,2997745;-53,50039693;"SPRF-PR";"DEL02-PR";"UOP01-DEL02-PR"
205303;2019-04-24;"quarta-feira";"10:00:00";"TO";153;697,6;"CARIRI DO TOCANTINS";"Ultrapassagem Indevida";"Tombamento";"Com Vítimas Feridas";"Pleno dia";"Decrescente";"Céu Claro";"Simples";"Reta";"Não";3;0;1;1;0;2;2;3;-11,9282522;-49,18389058;"SPRF-TO";"DEL02-TO";"UOP02-DEL01-TO"
205311;2019-03-27;"quarta-feira";"15:55:00";"MG";365;619;"UBERLANDIA";"Falta de Atenção à Condução";"Colisão traseira";"Sem Vítimas";"Pleno dia";"Crescente";"Céu Claro";"Dupla";"Interseção de Vias";"Sim";2;0;0;0;0;2;0;2;-18,88502642;-48,26480091;"SPRF-MG";"DEL15-MG";"UOP01-DEL15-MG"
205313;2019-02-24;"domingo";"22:20:00";"MA";10;143,2;"PORTO FRANCO";"Desobediência às normas de trânsito pelo condutor";"Colisão frontal";"Com Vítimas Fatais";"Plena Noite";"Crescente";"Chuva";"Simples";"Reta";"Não";3;1;0;1;1;0;1;2;-6,46734081;-47,39659667;"SPRF-MA";"DEL04-MA";"UOP02-DEL04-MA"
205319;2019-04-22;"segunda-feira";"11:40:00";"MS";163;583;"BANDEIRANTES";"Não guardar distância de segurança";"Engavetamento";"Com Vítimas Feridas";"Pleno dia";"Crescente";"Nublado";"Dupla";"Reta";"Não";5;0;1;0;3;1;1;4;-19,62316122;-54,37913031;"SPRF-MS";"DEL06-MS";"UOP02-DEL06-MS"
205322;2019-04-24;"quarta-feira";"15:05:00";"CE";222;300,1;"TIANGUA";"Falta de Atenção à Condução";"Tombamento";"Com Vítimas Feridas";"Pleno dia";"Crescente";"Céu Claro";"Simples";"Curva;Aclive";"Não";2;0;0;1;0;1;1;2;-3,66159701;-40,940041;"SPRF-CE";"DEL04-CE";"UOP02-DEL04-CE"
205329;2019-04-24;"quarta-feira";"15:40:00";"ES";101;391,5;"ITAPEMIRIM";"Sinalização da via insuficiente ou inadequada";"Engavetamento";"Com Vítimas Feridas";"Pleno dia";"Crescente";"Céu Claro";"Simples";"Reta";"Não";13;0;7;1;5;0;8;4;-20,8657929;-40,89634385;"SPRF-ES";"DEL03-ES";"UOP02-DEL03-ES"
205335;2019-04-24;"quarta-feira";"15:20:00";"MS";163;724,6;"COXIM";"Falta de Atenção à Condução";"Colisão lateral";"Com Vítimas Feridas";"Pleno dia";"Decrescente";"Céu Claro";"Simples";"Reta";"Não";9;0;3;3;2;3;6;6;-18,56046808;-54,75517984;"SPRF-MS";"DEL06-MS";"UOP01-DEL06-MS"
205337;2019-04-24;"quarta-feira";"16:10:00";"MG";381;353,1;"JOAO MONLEVADE";"Condutor Dormindo";"Colisão frontal";"Com Vítimas Feridas";"Pleno dia";"Crescente";"Sol";"Simples";"Curva";"Não";3;0;2;0;1;0;2;3;-19,83894801;-43,18248641;"SPRF-MG";"DEL03-MG";"UOP01-DEL03-MG"
205338;2019-04-24;"quarta-feira";"15:35:00";"RJ";393;179,5;"PARAIBA DO SUL";"Condutor Dormindo";"Saída de leito carroçável";"Com Vítimas Fatais";"Pleno dia";"Decrescente";"Céu Claro";"Simples";"Reta";"Não";2;1;0;0;0;1;0;2;-22,139775;-43,26162;"SPRF-RJ";"DEL05-RJ";"UOP03-DEL05-RJ"
205340;2019-04-24;"quarta-feira";"12:05:00";"SC";116;255,8;"CAPAO ALTO";"Desobediência às normas de trânsito pelo condutor";"Colisão frontal";"Com Vítimas Fatais";"Pleno dia";"Crescente";"Céu Claro";"Simples";"Reta";"Não";2;1;1;0;0;0;1;2;-27,87910431;-50,40746212;"SPRF-SC";"DEL05-SC";"UOP02-DEL05-SC"