"id";"data_inversa";"dia_semana";"horario";"uf";"br";"km";"municipio";"causa_acidente";"tipo_acidente";"classificacao_acidente";"fase_dia";"sentido_via";"condicao_metereologica";"tipo_pista";"tracado_via";"uso_solo";"pessoas";"mortos";"feridos_leves";"feridos_graves";"ilesos";"ignorados";"feridos";"veiculos";"latitude";"longitude";"regional";"delegacia";"uop"
205342;2019-04-24;"quarta-feira";"17:00:00";"PR";376;298,7;"MAUA DA SERRA";"Falta de Atenção à Condução";"Colisão frontal";"Com Vítimas Feridas";"Pleno dia";"Decrescente";"Céu Claro";"Dupla";"Reta;Declive";"Não";3;0;1;0;1;1;1;3;-23,93672399;-51,14431015;"SPRF-PR";"DEL07-PR";"UOP02-DEL07-PR"
205346;2019-04-24;"quarta-feira";"17:00:00";"MG";381;921,4;"CAMANDUCAIA";"Falta de Atenção à Condução";"Derramamento de carga";"Sem Vítimas";"Pleno dia";"Crescente";"Céu Claro";"Dupla";"Curva";"Não";2;0;0;0;1;1;0;2;-22,7680939;-46,20854399;"SPRF-MG";"DEL16-MG";"UOP03-DEL16-MG"
205351;2019-04-24;"quarta-feira";"15:16:00";"PR";163;32,9;"SANTO ANTONIO DO SUDOESTE";"Ultrapassagem Indevida";"Saída de leito carroçável";"Com Vítimas Feridas";"Pleno dia";"Decrescente";"Céu Claro";"Simples";"Reta";"Não";2;0;0;1;0;1;1;2;-26,11918755;-53,67982774;"SPRF-PR";"DEL02-PR";"UOP02-DEL02-PR"
205353;2019-04-24;"quarta-feira";"14:30:00";"BA";116;864,9;"VITORIA DA CONQUISTA";"Condutor Dormindo";"Colisão lateral";"Com Vítimas Feridas";"Pleno dia";"Crescente";"Sol";"Simples";"Reta";"Não";5;0;3;0;1;1;3;3;-15,166352;-41,060576;"SPRF-BA";"DEL08-BA";"UOP03-DEL08-BA"
205354;2019-04-24;"quarta-feira";"17:20:00";"MG";365;406;"PATOS DE MINAS";"Não guardar distância de segurança";"Colisão traseira";"Com Vítimas Feridas";"Anoitecer";"Decrescente";"Céu Claro";"Dupla";"Rotatória";"Não";2;0;1;0;1;0;1;2;-18,63902047;-46,49098979;"SPRF-MG";"N/A";"N/A"
205366;2019-04-24;"quarta-feira";"17:40:00";"PR";376;519,8;"PONTA GROSSA";"Falta de Atenção à Condução";"Saída de leito carroçável";"Sem Vítimas";"Anoitecer";"Crescente";"Céu Claro";"Dupla";"Reta";"Não";3;0;0;0;2;1;0;3;-25,2795877;-49,91965685;"SPRF-PR";"DEL03-PR";"UOP04-DEL03-PR"
205369;2019-04-24;"quarta-feira";"19:00:00";"PE";232;408,8;"SERRA TALHADA";"Falta de Atenção à Condução";"Colisão transversal";"Com Vítimas Feridas";"Plena Noite";"Crescente";"Céu Claro";"Simples";"Reta";"Sim";3;0;2;0;1;0;2;2;-7,98371447;-38,28047709;"SPRF-PE";"DEL04-PE";"UOP01-DEL04-PE"
205391;2019-03-21;"quinta-feira";"13:30:00";"MG";116;286,5;"TEOFILO OTONI";"Defeito Mecânico no Veículo";"Colisão traseira";"Com Vítimas Feridas";"Pleno dia";"Decrescente";"Chuva";"Simples";"Reta";"Não";2;0;1;0;1;0;1;2;-17,93577075;-41,52783055;"SPRF-MG";"DEL11-MG";"UOP01-DEL11-MG"
205395;2019-04-24;"quarta-feira";"21:28:00";"PB";101;119;"CAAPORA";"Falta de Atenção à Condução";"Colisão traseira";"Sem Vítimas";"Plena Noite";"Decrescente";"Céu Claro";"Dupla";"Aclive;Reta";"Não";3;0;0;0;1;3;0;4;-7,42897814;-34,96672977;"SPRF-PB";"DEL01-PB";"UOP01-DEL01-PB"
205396;2019-04-24;"quarta-feira";"21:30:00";"RJ";116;97;"GUAPIMIRIM";"Defeito Mecânico no Veículo";"Tombamento";"Com Vítimas Fatais";"Plena Noite";"Crescente";"Nublado";"Simples";"Ponte";"Não";3;3;0;0;0;0;0;1;-22,47811419;-42,99603471;"SPRF-RJ";"DEL04-RJ";"UOP02-DEL04-RJ"
205397;2019-04-24;"quarta-feira";"22:00:00";"RS";290;12;"OSORIO";"Falta de Atenção à Condução";"Saída de leito carroçável";"Sem Vítimas";"Plena Noite";"Crescente";"Nublado";"Dupla";"Reta";"Não";2;0;0;0;1;1;0;2;-29,882519;-50,390564;"SPRF-RS";"DEL03-RS";"UOP01-DEL03-RS"
205402;2019-04-24;"quarta-feira";"22:30:00";"MG";381;429;"SABARA";"Defeito na Via";"Tombamento";"Sem Vítimas";"Pleno dia";"Crescente";"Céu Claro";"Dupla";"Reta";"Não";1;0;0;0;1;0;0;1;-19,78663743;-43,71433695;"SPRF-MG";"DEL01-MG";"UOP01-DEL01-MG"
205403;2019-04-24;"quarta-feira";"20:20:00";"MT";364;118,5;"ALTO GARCAS";"Defeito Mecânico no Veículo";"Incêndio";"Sem Vítimas";"Plena Noite";"Crescente";"Céu Claro";"Simples";"Curva";"Não";2;0;0;0;1;1;0;2;-16,86769231;-53,89126597;"SPRF-MT";"DEL02-MT";"UOP02-DEL02-MT"
205407;2019-04-24;"quarta-feira";"23:50:00";"ES";101;310,8;"VIANA";"Condutor Dormindo";"Colisão com objeto estático";"Com Vítimas Feridas";"Plena Noite";"Decrescente";"Nublado";"Simples";"Viaduto";"Não";2;0;0;1;0;1;1;2;-20,42590098;-40,46036505;"SPRF-ES";"DEL03-ES";"UOP01-DEL03-ES"
205408;2019-04-25;"quinta-feira";"00:25:00";"MG";262;473;"BOM DESPACHO";"Ingestão de Álcool";"Saída de leito carroçável";"Sem Vítimas";"Plena Noite";"Decrescente";"Céu Claro";"Simples";"Reta";"Não";2;0;0;0;1;1;0;2;-19,79019148;-45,18399783;"SPRF-MG";"DEL08-MG";"UOP03-DEL08-MG"
205411;2019-04-25;"quinta-feira";"01:00:00";"MT";158;706,9;"BARRA DO GARCAS";"Falta de Atenção à Condução";"Colisão traseira";"Com Vítimas Feridas";"Pleno dia";"Crescente";"Céu Claro";"Simples";"Reta";"Não";7;0;5;0;1;2;5;5;-15,10820998;-52,21274494;"SPRF-MT";"DEL07-MT";"UOP01-DEL07-MT"
205413;2019-04-24;"quarta-feira";"19:30:00";"MG";40;586,8;"ITABIRITO";"Falta de Atenção à Condução";"Saída de leito carroçável";"Com Vítimas Fatais";"Plena Noite";"Crescente";"Céu Claro";"Simples";"Reta";"Não";2;1;0;0;0;1;0;2;-20,34175518;-43,92038073;"SPRF-MG";"DEL01-MG";"UOP02-DEL01-MG"
205415;2019-04-25;"quinta-feira";"02:30:00";"PR";376;668;"GUARATUBA";"Defeito Mecânico no Veículo";"Tombamento";"Sem Vítimas";"Plena Noite";"Crescente";"Nublado";"Dupla";"Curva";"Não";1;0;0;0;1;0;0;1;-25,864159;-48,937538;"SPRF-PR";"DEL01-PR";"UOP04-DEL01-PR"
205416;2019-04-25;"quinta-feira";"03:35:00";"GO";364;285,3;"MINEIROS";"Defeito Mecânico no Veículo";"Incêndio";"Sem Vítimas";"Plena Noite";"Decrescente";"Céu Claro";"Simples";"Reta";"Não";3;0;0;0;2;1;0;2;-17,589972;-52,467594;"SPRF-GO";"DEL05-GO";"UOP01-DEL05-GO"
205424;2019-04-25;"quinta-feira";"00:10:00";"MG";262;601,5;"CAMPOS ALTOS";"Condutor Dormindo";"Colisão frontal";"Com Vítimas Fatais";"Plena Noite";"Decrescente";"Céu Claro";"Simples";"Reta";"Não";3;1;1;0;0;2;1;4;-19,65359998;-46,22346799;"SPRF-MG";"DEL08-MG";"UOP02-DEL08-MG"
205436;2019-04-24;"quarta-feira";"20:15:00";"MG";116;96,8;"MEDINA";"Velocidade Incompatível";"Tombamento";"Com Vítimas Feridas";"Plena Noite";"Crescente";"Céu Claro";"Simples";"Curva";"Não";2;0;1;0;0;1;1;2;-16,40244787;-41,47432334;"SPRF-MG";"DEL11-MG";"UOP02-DEL11-MG"
205445;2019-04-25;"quinta-feira";"06:20:00";"RS";392;207,8;"SANTANA DA BOA VISTA";"Velocidade Incompatível";"Saída de leito carroçável";"Com Vítimas Feridas";"Amanhecer";"Crescente";"Chuva";"Simples";"Curva";"Não";2;0;1;0;0;1;1;2;-30,82849298;-53,17127764;"SPRF-RS";"DEL09-RS";"UOP02-DEL09-RS"
205450;2019-04-25;"quinta-feira";"08:30:00";"CE";116;371,8;"ICO";"Não guardar distância de segurança";"Colisão traseira";"Com Vítimas Feridas";"Pleno dia";"Crescente";"Nublado";"Simples";"Reta";"Sim";5;0;1;0;4;0;1;2;-6,37318104;-38,80311799;"SPRF-CE";"DEL05-CE";"UOP01-DEL05-CE"
205462;2019-04-25;"quinta-feira";"09:45:00";"PR";369;165,4;"CAMBE";"Falta de Atenção à Condução";"Colisão traseira";"Com Vítimas Feridas";"Pleno dia";"Crescente";"Céu Claro";"Dupla";"Reta";"Não";2;0;1;0;1;0;1;2;-23,2945057;-51,30460739;"SPRF-PR";"DEL07-PR";"UOP01-DEL07-PR"
205464;2019-02-25;"segunda-feira";"05:30:00";"MG";381;593;"CARMOPOLIS DE MINAS";"Falta de Atenção à Condução";"Colisão traseira";"Com Vítimas Feridas";"Amanhecer";"Decrescente";"Céu Claro";"Dupla";"Reta";"Não";3;0;1;0;1;2;1;4;-20,569;-44,6758;"SPRF-MG";"DEL04-MG";"UOP01-DEL04-MG"
205467;2019-04-25;"quinta-feira";"09:50:00";"MG";40;498;"ESMERALDAS";"Mal Súbito";"Saída de leito carroçável";"Com Vítimas Feridas";"Pleno dia";"Decrescente";"Céu Claro";"Dupla";"Aclive";"Não";3;0;1;0;2;0;1;1;-19,68467685;-44,18191183;"SPRF-MG";"DEL02-MG";"UOP01-DEL02-MG"
205469;2019-04-25;"quinta-feira";"07:40:00";"RJ";354;20;"RESENDE";"Velocidade Incompatível";"Tombamento";"Sem Vítimas";"Pleno dia";"Crescente";"Céu Claro";"Simples";"Curva";"Não";2;0;0;0;1;1;0;2;-22,477699;-44,70911;"SPRF-RJ";"DEL07-RJ";"DEL5/7-UOP03/RJ"
205471;2019-04-25;"quinta-feira";"11:30:00";"GO";364;298,5;"MINEIROS";"Ultrapassagem Indevida";"Colisão frontal";"Com Vítimas Feridas";"Pleno dia";"Crescente";"Céu Claro";"Simples";"Curva";"Sim";3;0;0;1;1;2;1;4;-17,56536087;-52,5316;"SPRF-GO";"DEL05-GO";"UOP01-DEL05-GO"
205473;2019-04-25;"quinta-feira";"11:30:00";"RS";448;10;"CANOAS";"Falta de Atenção à Condução";"Colisão traseira";"Sem Vítimas";"Pleno dia";"Decrescente";"Céu Claro";"Dupla";"Reta";"Não";11;0;0;0;10;1;0;5;-29,903273;-51,244934;"SPRF-RS";"DEL01-RS";"UOP01-DEL01-RS"
205474;2019-04-25;"quinta-feira";"09:10:00";"BA";242;453,9;"IBITIARA";"Falta de Atenção à Condução";"Colisão transversal";"Com Vítimas Feridas";"Pleno dia";"Decrescente";"Céu Claro";"Simples";"Declive";"Não";3;0;0;1;1;1;1;3;-12,42099893;-42,09681702;"SPRF-BA";"DEL06-BA";"UOP01-DEL06-BA"
205477;2019-04-25;"quinta-feira";"11:50:00";"DF";20;46,7;"BRASILIA";"Mal Súbito";"Colisão traseira";"Com Vítimas Feridas";"Pleno dia";"Decrescente";"Céu Claro";"Dupla";"Aclive";"Não";2;0;1;0;1;0;1;2;-15,580584;-47,458492;"SPRF-DF";"DEL02-DF";"UOP01-DEL02-DF"
205480;2019-04-25;"quinta-feira";"12:30:00";"SC";101;126;"ITAJAI";"Falta de Atenção à Condução";"Colisão transversal";"Com Vítimas Feridas";"Pleno dia";"Crescente";"Sol";"Dupla";"Reta";"Não";4;0;1;0;2;1;1;3;-26,95564404;-48,67978366;"SPRF-SC";"DEL04-SC";"UOP04-DEL04-SC"
205483;2019-04-25;"quinta-feira";"13:20:00";"AL";101;70;"MESSIAS";"Ingestão de Álcool";"Tombamento";"Sem Vítimas";"Pleno dia";"Decrescente";"Garoa/Chuvisco";"Dupla";"Reta";"Não";1;0;0;0;1;0;0;1;-9,36495593;-35,83611996;"SPRF-AL";"DEL01-AL";"UOP01-DEL01-AL"
205488;2019-04-25;"quinta-feira";"14:00:00";"PA";10;46;"DOM ELISEU";"Falta de Atenção à Condução";"Colisão transversal";"Com Vítimas Feridas";"Pleno dia";"Crescente";"Céu Claro";"Simples";"Reta";"Não";3;0;1;0;1;1;1;3;-4,06256298;-47,54505157;"SPRF-PA";"DEL02-PA";"UOP02-DEL02-PA"
205489;2019-04-25;"quinta-feira";"14:25:00";"BA";324;616;"SALVADOR";"Falta de Atenção à Condução";"Colisão lateral";"Sem Vítimas";"Pleno dia";"Crescente";"Nublado";"Múltipla";"Reta";"Sim";2;0;0;0;2;0;0;2;-12,87957905;-38,43213893;"SPRF-BA";"DEL01-BA";"UOP01-DEL01-BA"
205490;2019-04-25;"quinta-feira";"13:30:00";"CE";222;41,3;"CAUCAIA";"Falta de Atenção à Condução";"Colisão transversal";"Com Vítimas Feridas";"Pleno dia";"Crescente";"Sol";"Simples";"Reta";"Sim";2;0;1;0;1;0;1;2;-3,68442213;-38,91593973;"SPRF-CE";"DEL01-CE";"UOP03-DEL01-CE"
205495;2019-04-25;"quinta-feira";"12:30:00";"MG";365;410;"PATOS DE MINAS";"Não guardar distância de segurança";"Engavetamento";"Sem Vítimas";"Pleno dia";"Decrescente";"Sol";"Simples";"Reta;Ponte;Aclive";"Não";7;0;0;0;5;3;0;8;-18,64819694;-46,50868893;"SPRF-MG";"DEL10-MG";"UOP01-DEL10-MG"
205496;2019-04-25;"quinta-feira";"14:00:00";"RS";392;326,3;"SAO SEPE";"Falta de Atenção à Condução";"Colisão com objeto estático";"Sem Vítimas";"Pleno dia";"Crescente";"Nublado";"Simples";"Reta";"Não";3;0;0;0;2;1;0;3;-29,93661285;-53,71290283;"SPRF-RS";"DEL09-RS";"UOP01-DEL09-RS"
205499;2019-04-25;"quinta-feira";"10:40:00";"SC";282;493,6;"FAXINAL DOS GUEDES";"Condutor Dormindo";"Colisão lateral";"Com Vítimas Feridas";"Pleno dia";"Crescente";"Sol";"Simples";"Reta";"Não";3;0;1;0;2;0;1;3;-26,869814;-52,310135;"SPRF-SC";"DEL07-SC";"UOP01-DEL07-SC"
205502;2019-04-25;"quinta-feira";"07:40:00";"GO";158;155,5;"CAIAPONIA";"Defeito Mecânico no Veículo";"Derramamento de carga";"Sem Vítimas";"Pleno dia";"Crescente";"Céu Claro";"Simples";"Curva";"Não";2;0;0;0;1;1;0;2;-16,92939132;-51,80397034;"SPRF-GO";"DEL04-GO";"UOP01-DEL04-GO"
205504;2019-04-25;"quinta-feira";"10:50:00";"SC";282;451,5;"PONTE SERRADA";"Defeito Mecânico no Veículo";"Saída de leito carroçável";"Sem Vítimas";"Pleno dia";"Decrescente";"Céu Claro";"Simples";"Curva";"Não";3;0;0;0;1;2;0;3;-26,912806;-51,962536;"SPRF-SC";"DEL07-SC";"UOP04-DEL07-SC"
205507;2019-04-25;"quinta-feira";"15:30:00";"ES";101;307,3;"VIANA";"Condutor Dormindo";"Colisão frontal";"Com Vítimas Feridas";"Pleno dia";"Crescente";"Céu Claro";"Simples";"Curva";"Não";3;0;1;0;2;0;1;3;-20,39978524;-40,45604748;"SPRF-ES";"DEL03-ES";"UOP01-DEL03-ES"
205510;2019-04-25;"quinta-feira";"16:00:00";"ES";259;34,7;"COLATINA";"Desobediência às normas de trânsito pelo condutor";"Tombamento";"Com Vítimas Feridas";"Pleno dia";"Crescente";"Céu Claro";"Simples";"Curva";"Não";2;0;0;1;0;1;1;2;-19,56368925;-40,49945574;"SPRF-ES";"DEL02-ES";"UOP01-DEL02-ES"
205516;2019-04-25;"quinta-feira";"15:40:00";"CE";116;36,4;"HORIZONTE";"Defeito Mecânico no Veículo";"Incêndio";"Sem Vítimas";"Pleno dia";"Crescente";"Nublado";"Dupla";"Reta";"Sim";3;0;0;0;3;0;0;1;-4,06091689;-38,50402951;"SPRF-CE";"DEL01-CE";"UOP02-DEL01-CE"
205517;2019-04-25;"quinta-feira";"16:30:00";"RS";290;46,1;"GLORINHA";"Falta de Atenção à Condução";"Colisão traseira";"Com Vítimas Feridas";"Pleno dia";"Crescente";"Nublado";"Dupla";"Reta";"Não";3;0;1;0;2;0;1;2;-29,891537;-50,720207;"SPRF-RS";"DEL03-RS";"UOP01-DEL03-RS"
205522;2019-04-25;"quinta-feira";"15:30:00";"PE";101;3,6;"GOIANA";"Velocidade Incompatível";"Saída de leito carroçável";"Com Vítimas Feridas";"Pleno dia";"Crescente";"Nublado";"Dupla";"Reta;Declive";"Não";2;0;1;0;0;1;1;2;-7,52387351;-34,99333161;"SPRF-PE";"DEL01-PE";"UOP02-DEL01-PE"
205524;2019-04-25;"quinta-feira";"09:30:00";"SP";116;514;"CAJATI";"Defeito Mecânico no Veículo";"Colisão com objeto estático";"Com Vítimas Feridas";"Pleno dia";"Decrescente";"Nublado";"Simples";"Curva";"Não";2;0;1;0;0;2;1;3;-24,86010377;-48,21145535;"SPRF-SP";"DEL05-SP";"UAP01-DEL05-SP"
205525;2019-04-25;"quinta-feira";"17:25:00";"RS";290;8,1;"OSORIO";"Pista Escorregadia";"Colisão traseira";"Sem Vítimas";"Pleno dia";"Crescente";"Chuva";"Múltipla";"Reta";"Não";5;0;0;0;4;1;0;3;-29,89323;-50,353348;"SPRF-RS";"DEL03-RS";"UOP01-DEL03-RS"
205529;2019-04-25;"quinta-feira";"15:10:00";"MT";364;397;"CUIABA";"Desobediência às normas de trânsito pelo condutor";"Colisão transversal";"Com Vítimas Feridas";"Pleno dia";"Crescente";"Nublado";"Simples";"Reta";"Não";2;0;1;0;1;0;1;2;-15,68642489;-55,91347495;"SPRF-MT";"DEL02-MT";"UOP02-DEL01-MT"
205532;2019-04-25;"quinta-feira";"18:15:00";"RS";290;113;"ELDORADO DO SUL";"Condutor Dormindo";"Colisão lateral";"Com Vítimas Feridas";"Plena Noite";"Decrescente";"Nublado";"Simples";"Reta";"Sim";4;0;1;0;2;1;1;4;-30,043636;-51,337456;"SPRF-RS";"DEL02-RS";"UOP01-DEL02-RS"
205539;2019-04-25;"quinta-feira";"18:25:00";"SC";470;169,8;"POUSO REDONDO";"Falta de Atenção à Condução";"Colisão com objeto estático";"Com Vítimas Feridas";"Plena Noite";"Crescente";"Nublado";"Simples";"Reta";"Sim";2;0;1;0;1;0;1;2;-27,26574047;-49,88910913;"SPRF-SC";"DEL04-SC";"UOP02-DEL04-SC"
205545;2019-04-25;"quinta-feira";"19:10:00";"ES";101;83,5;"SAO MATEUS";"Ingestão de Álcool";"Colisão traseira";"Com Vítimas Feridas";"Plena Noite";"Crescente";"Nublado";"Simples";"Reta";"Não";3;0;1;0;1;1;1;3;-18,84352214;-39,92324081;"SPRF-ES";"DEL04-ES";"UOP02-DEL04-ES"
205546;2019-04-25;"quinta-feira";"19:05:00";"SP";116;328,8;"JUQUITIBA";"Defeito Mecânico no Veículo";"Colisão com objeto em movimento";"Com Vítimas Feridas";"Plena Noite";"Crescente";"Nublado";"Dupla";"Reta";"Não";3;0;1;0;1;1;1;3;-23,9386981;-47,08670681;"SPRF-SP";"DEL04-SP";"UOP03-DEL04-SP"
205550;2019-04-25;"quinta-feira";"18:20:00";"MG";116;704,4;"MURIAE";"Falta de Atenção à Condução";"Colisão traseira";"Com Vítimas Feridas";"Plena Noite";"Crescente";"Ignorado";"Múltipla";"Reta";"Sim";2;0;1;0;1;0;1;2;-21,13416858;-42,38722798;"SPRF-MG";"DEL07-MG";"UOP02-DEL07-MG"
205556;2019-04-25;"quinta-feira";"16:05:00";"MG";50;181;"UBERABA";"Falta de Atenção à Condução";"Tombamento";"Com Vítimas Feridas";"Pleno dia";"Decrescente";"Nublado";"Dupla";"Reta";"Não";2;0;0;1;0;1;1;2;-19,785967;-47,916336;"SPRF-MG";"DEL13-MG";"UOP01-DEL13-MG"
205557;2019-04-25;"quinta-feira";"19:10:00";"PI";230;198,2;"OEIRAS";"Ingestão de Álcool";"Colisão frontal";"Com Vítimas Fatais";"Plena Noite";"Crescente";"Céu Claro";"Simples";"Reta";"Sim";4;1;0;0;2;1;0;3;-7,013799;-42,135582;"SPRF-PI";"DEL04-PI";"UOP01-DEL04-PI"
205558;2019-04-25;"quinta-feira";"19:40:00";"SC";101;206;"FLORIANOPOLIS";"Falta de Atenção à Condução";"Colisão lateral";"Com Vítimas Feridas";"Plena Noite";"Crescente";"Nublado";"Múltipla";"Reta";"Não";3;0;0;1;1;2;1;4;-27,59193546;-48,61824557;"SPRF-SC";"DEL01-SC";"UOP01-DEL01-SC"
205559;2019-04-25;"quinta-feira";"19:30:00";"MG";40;731,6;"OLIVEIRA FORTES";"Velocidade Incompatível";"Tombamento";"Sem Vítimas";"Plena Noite";"Crescente";"Céu Claro";"Dupla";"Curva";"Não";2;0;0;0;1;1;0;2;-21,36046783;-43,57883001;"SPRF-MG";"DEL05-MG";"UOP01-DEL05-MG"
205560;2019-04-25;"quinta-feira";"15:40:00";"BA";101;666;"EUNAPOLIS";"Velocidade Incompatível";"Derramamento de carga";"Sem Vítimas";"Pleno dia";"Decrescente";"Céu Claro";"Simples";"Curva";"Não";2;0;0;0;1;1;0;2;-16,15425999;-39,59547205;"SPRF-BA";"DEL09-BA";"UOP01-DEL09-BA"
205564;2019-04-25;"quinta-feira";"20:20:00";"SC";470;123,2;"IBIRAMA";"Ingestão de Álcool";"Colisão frontal";"Sem Vítimas";"Plena Noite";"Crescente";"Céu Claro";"Simples";"Curva";"Não";3;0;0;0;2;1;0;3;-27,106783;-49,522049;"SPRF-SC";"DEL04-SC";"UOP02-DEL04-SC"
205567;2019-04-25;"quinta-feira";"19:00:00";"RS";472;126;"TRES DE MAIO";"Falta de Atenção à Condução";"Colisão frontal";"Com Vítimas Feridas";"Plena Noite";"Crescente";"Nublado";"Simples";"Curva;Aclive";"Não";3;0;1;0;1;1;1;3;-27,72078983;-54,18845135;"SPRF-RS";"DEL10-RS";"UOP01-DEL10-RS"
205568;2019-04-25;"quinta-feira";"18:10:00";"ES";482;86,7;"ALEGRE";"Defeito Mecânico no Veículo";"Incêndio";"Sem Vítimas";"Plena Noite";"Crescente";"Céu Claro";"Simples";"Aclive";"Não";1;0;0;0;1;0;0;1;-20,75869695;-41,54812985;"SPRF-ES";"DEL03-ES";"UOP02-DEL03-ES"
205571;2019-04-05;"sexta-feira";"21:45:00";"MG";381;379,2;"SAO GONCALO DO RIO ABAIXO";"Velocidade Incompatível";"Tombamento";"Com Vítimas Feridas";"Plena Noite";"Crescente";"Chuva";"Simples";"Curva";"Não";3;0;1;0;1;2;1;4;-19,83530691;-43,36946606;"SPRF-MG";"DEL01-MG";"UOP01-DEL01-MG"
205572;2019-04-25;"quinta-feira";"18:10:00";"SC";470;244,9;"CURITIBANOS";"Falta de Atenção à Condução";"Colisão traseira";"Com Vítimas Feridas";"Anoitecer";"Crescente";"Nublado";"Simples";"Reta";"Não";4;0;1;1;1;2;2;4;-27,31515855;-50,5352211;"SPRF-SC";"DEL05-SC";"UOP03-DEL05-SC"
205584;2019-04-25;"quinta-feira";"21:35:00";"SC";101;81;"BARRA VELHA";"Falta de Atenção à Condução";"Colisão traseira";"Com Vítimas Feridas";"Plena Noite";"Decrescente";"Nublado";"Dupla";"Reta";"Não";3;0;1;0;1;2;1;4;-26,60256101;-48,72553524;"SPRF-SC";"DEL03-SC";"UOP02-DEL03-SC"
205590;2019-04-25;"quinta-feira";"22:00:00";"MT";364;392;"CUIABA";"Falta de Atenção à Condução";"Saída de leito carroçável";"Com Vítimas Feridas";"Plena Noite";"Decrescente";"Ignorado";"Simples";"Reta";"Sim";2;0;1;0;0;1;1;2;-15,70114238;-55,872733;"SPRF-MT";"DEL02-MT";"UOP02-DEL01-MT"
205592;2019-04-25;"quinta-feira";"21:00:00";"SC";280;153,5;"MAFRA";"Ultrapassagem Indevida";"Colisão lateral";"Com Vítimas Feridas";"Plena Noite";"Decrescente";"Nevoeiro/Neblina";"Simples";"Aclive";"Não";4;0;1;0;2;1;1;4;-26,21774809;-49,71420765;"SPRF-SC";"DEL06-SC";"UOP03-DEL06-SC"
205595;2019-04-26;"sexta-feira";"00:01:00";"GO";153;588,7;"PIRACANJUBA";"Condutor Dormindo";"Saída de leito carroçável";"Com Vítimas Feridas";"Plena Noite";"Crescente";"Céu Claro";"Dupla";"Reta";"Não";2;0;1;0;0;1;1;2;-17,4509;-49,2274;"SPRF-GO";"DEL03-GO";"UOP01-DEL03-GO"
205597;2019-04-26;"sexta-feira";"01:15:00";"ES";101;8;"PEDRO CANARIO";"Falta de Atenção à Condução";"Tombamento";"Com Vítimas Feridas";"Plena Noite";"Crescente";"Céu Claro";"Simples";"Curva";"Não";2;0;1;0;0;1;1;2;-18,23027961;-39,95278417;"SPRF-ES";"DEL04-ES";"UOP02-DEL04-ES"
205598;2019-04-25;"quinta-feira";"22:45:00";"PE";423;59;"LAJEDO";"Animais na Pista";"Tombamento";"Com Vítimas Feridas";"Plena Noite";"Decrescente";"Céu Claro";"Simples";"Reta";"Não";2;0;1;0;0;2;1;3;-8,64676387;-36,31558317;"SPRF-PE";"DEL03-PE";"UOP01-DEL03-PE"
205602;2019-04-26;"sexta-feira";"02:00:00";"MG";251;474,2;"FRANCISCO SA";"Defeito Mecânico no Veículo";"Tombamento";"Sem Vítimas";"Plena Noite";"Crescente";"Céu Claro";"Simples";"Curva;Declive";"Não";1;0;0;0;1;0;0;1;-16,465743;-43,435368;"SPRF-MG";"DEL12-MG";"UOP01-DEL12-MG"
205608;2019-04-26;"sexta-feira";"05:25:00";"MG";381;721;"CARMO DA CACHOEIRA";"Velocidade Incompatível";"Tombamento";"Sem Vítimas";"Amanhecer";"Crescente";"Céu Claro";"Dupla";"Curva";"Não";2;0;0;0;1;1;0;2;-21,46901694;-45,20581183;"SPRF-MG";"DEL04-MG";"UOP02-DEL04-MG"
205609;2019-04-26;"sexta-feira";"05:30:00";"MG";153;57;"MONTE ALEGRE DE MINAS";"Condutor Dormindo";"Colisão traseira";"Com Vítimas Feridas";"Plena Noite";"Decrescente";"Céu Claro";"Dupla";"Reta";"Não";2;0;1;1;0;0;2;2;-18,87131545;-49,0623664;"SPRF-MG";"DEL15-MG";"UOP03-DEL15-MG"
205618;2019-04-26;"sexta-feira";"07:30:00";"CE";116;295,3;"JAGUARIBE";"Defeito na Via";"Tombamento";"Com Vítimas Feridas";"Pleno dia";"Crescente";"Céu Claro";"Simples";"Reta";"Não";2;0;1;0;0;1;1;2;-5,80944788;-38,53277133;"SPRF-CE";"DEL05-CE";"UOP02-DEL05-CE"
205619;2019-04-26;"sexta-feira";"07:15:00";"PR";376;455;"TIBAGI";"Falta de Atenção à Condução";"Saída de leito carroçável";"Com Vítimas Feridas";"Pleno dia";"Crescente";"Céu Claro";"Dupla";"Reta";"Não";5;0;1;2;2;0;3;2;-24,97197186;-50,3825899;"SPRF-PR";"DEL03-PR";"UOP02-DEL03-PR"
205624;2019-04-26;"sexta-feira";"07:25:00";"GO";414;391;"CORUMBA DE GOIAS";"Falta de Atenção à Condução";"Colisão frontal";"Com Vítimas Feridas";"Pleno dia";"Crescente";"Céu Claro";"Simples";"Reta";"Não";4;0;1;1;1;1;2;4;-15,9070339;-48,8011153;"SPRF-GO";"DEL02-GO";"UOP01-DEL02-GO"
205632;2019-04-26;"sexta-feira";"06:55:00";"PR";277;42,6;"MORRETES";"Falta de Atenção à Condução";"Colisão traseira";"Sem Vítimas";"Pleno dia";"Decrescente";"Ignorado";"Dupla";"Curva";"Não";3;0;0;0;3;0;0;2;-25,57361239;-48,84469597;"SPRF-PR";"DEL01-PR";"UOP07-DEL01-PR"
205633;2019-04-26;"sexta-feira";"08:45:00";"MA";135;7;"SAO LUIS";"Falta de Atenção à Condução";"Colisão transversal";"Sem Vítimas";"Pleno dia";"Decrescente";"Céu Claro";"Dupla";"Reta";"Sim";2;0;0;0;2;0;0;2;-2,64342093;-44,27374175;"SPRF-MA";"DEL01-MA";"UOP01-DEL01-MA"