"id";"data_inversa";"dia_semana";"horario";"uf";"br";"km";"municipio";"causa_acidente";"tipo_acidente";"classificacao_acidente";"fase_dia";"sentido_via";"condicao_metereologica";"tipo_pista";"tracado_via";"uso_solo";"pessoas";"mortos";"feridos_leves";"feridos_graves";"ilesos";"ignorados";"feridos";"veiculos";"latitude";"longitude";"regional";"delegacia";"uop"
205639;2019-04-25;"quinta-feira";"22:30:00";"MT";70;592;"POCONE";"Ultrapassagem Indevida";"Tombamento";"Sem Vítimas";"Plena Noite";"Crescente";"Céu Claro";"Simples";"Reta";"Não";3;0;0;0;3;0;0;3;-15,82324;-56,73874;"SPRF-MT";"DEL03-MT";"UOP02-DEL03-MT"
205650;2019-04-26;"sexta-feira";"11:30:00";"PR";376;676;"GUARATUBA";"Não guardar distância de segurança";"Engavetamento";"Sem Vítimas";"Pleno dia";"Crescente";"Sol";"Dupla";"Reta";"Não";5;0;0;0;4;2;0;6;-25,9253011;-48,91465313;"SPRF-PR";"DEL01-PR";"UOP04-DEL01-PR"
205652;2019-02-25;"segunda-feira";"23:55:00";"SP";116;358,8;"MIRACATU";"Falta de Atenção à Condução";"Colisão traseira";"Com Vítimas Feridas";"Plena Noite";"Crescente";"Nublado";"Dupla";"Reta";"Não";4;0;1;1;1;2;2;4;-24,10868681;-47,26521763;"SPRF-SP";"DEL04-SP";"UOP03-DEL04-SP"
205657;2019-04-26;"sexta-feira";"12:30:00";"BA";415;62,5;"ITABUNA";"Velocidade Incompatível";"Saída de leito carroçável";"Com Vítimas Feridas";"Pleno dia";"Decrescente";"Nublado";"Simples";"Curva";"Não";1;0;0;1;0;0;1;1;-14,81574494;-39,29612388;"SPRF-BA";"DEL05-BA";"UOP01-DEL05-BA"
205659;2019-04-26;"sexta-feira";"11:10:00";"ES";101;426,7;"ATILIO VIVACQUA";"Velocidade Incompatível";"Tombamento";"Com Vítimas Feridas";"Pleno dia";"Crescente";"Céu Claro";"Simples";"Curva";"Não";2;0;0;1;0;1;1;2;-21,00770847;-41,13888973;"SPRF-ES";"DEL03-ES";"UOP02-DEL03-ES"
205661;2019-04-26;"sexta-feira";"10:50:00";"ES";101;447,9;"MIMOSO DO SUL";"Velocidade Incompatível";"Tombamento";"Com Vítimas Feridas";"Pleno dia";"Crescente";"Céu Claro";"Simples";"Curva";"Não";2;0;1;0;0;1;1;2;-21,12405791;-41,27538314;"SPRF-ES";"DEL03-ES";"UOP02-DEL03-ES"
205663;2019-04-26;"sexta-feira";"13:22:00";"GO";60;88,5;"ANAPOLIS";"Falta de Atenção à Condução";"Colisão traseira";"Com Vítimas Feridas";"Pleno dia";"Crescente";"Céu Claro";"Dupla";"Reta";"Não";3;0;1;1;1;0;2;2;-16,33492472;-48,89383793;"SPRF-GO";"DEL02-GO";"UOP01-DEL02-GO"
205664;2019-04-26;"sexta-feira";"12:45:00";"MG";365;637,5;"UBERLANDIA";"Falta de Atenção à Condução";"Colisão traseira";"Com Vítimas Feridas";"Pleno dia";"Crescente";"Céu Claro";"Dupla";"Reta";"Não";3;0;1;0;1;2;1;4;-18,889801;-48,43735;"SPRF-MG";"DEL15-MG";"UOP01-DEL15-MG"
205667;2019-04-26;"sexta-feira";"13:35:00";"PE";101;51,4;"ABREU E LIMA";"Falta de Atenção à Condução";"Colisão traseira";"Com Vítimas Feridas";"Pleno dia";"Crescente";"Céu Claro";"Múltipla";"Curva";"Sim";3;0;0;1;1;2;1;4;-7,9169968;-34,89689272;"SPRF-PE";"DEL01-PE";"UOP02-DEL01-PE"
205670;2019-04-26;"sexta-feira";"10:45:00";"RS";116;35;"VACARIA";"Condutor Dormindo";"Saída de leito carroçável";"Sem Vítimas";"Pleno dia";"Crescente";"Nublado";"Simples";"Curva";"Não";2;0;0;0;1;2;0;3;-28,48584707;-50,90345093;"SPRF-RS";"DEL05-RS";"UOP03-DEL05-RS"
205671;2019-04-25;"quinta-feira";"04:00:00";"GO";452;181;"ITUMBIARA";"Falta de Atenção à Condução";"Tombamento";"Sem Vítimas";"Plena Noite";"Crescente";"Céu Claro";"Simples";"Reta";"Não";2;0;0;0;1;2;0;3;-18,38027813;-49,34810609;"SPRF-GO";"DEL03-GO";"UOP02-DEL03-GO"
205672;2019-04-26;"sexta-feira";"12:10:00";"RS";392;255;"CACAPAVA DO SUL";"Ultrapassagem Indevida";"Saída de leito carroçável";"Com Vítimas Feridas";"Pleno dia";"Crescente";"Nublado";"Simples";"Declive";"Não";2;0;1;0;0;1;1;2;-30,514311;-53,461451;"SPRF-RS";"DEL09-RS";"UOP02-DEL09-RS"
205676;2019-04-26;"sexta-feira";"12:30:00";"MG";381;925;"ITAPEVA";"Velocidade Incompatível";"Tombamento";"Com Vítimas Feridas";"Pleno dia";"Crescente";"Céu Claro";"Dupla";"Curva";"Não";2;0;1;0;0;1;1;2;-22,77091425;-46,19989341;"SPRF-MG";"DEL16-MG";"UOP03-DEL16-MG"
205681;2019-04-26;"sexta-feira";"13:40:00";"PR";376;664,4;"GUARATUBA";"Defeito Mecânico no Veículo";"Saída de leito carroçável";"Sem Vítimas";"Pleno dia";"Decrescente";"Céu Claro";"Dupla";"Reta";"Não";2;0;0;0;1;1;0;2;-25,85321576;-48,96608688;"SPRF-PR";"DEL01-PR";"UOP04-DEL01-PR"
205684;2019-04-26;"sexta-feira";"13:00:00";"PE";232;89;"GRAVATA";"Falta de Atenção à Condução";"Tombamento";"Sem Vítimas";"Pleno dia";"Decrescente";"Sol";"Dupla";"Reta";"Não";1;0;0;0;1;0;0;1;-8,21622964;-35,64675492;"SPRF-PE";"DEL01-PE";"UOP02-DEL02PE"
205685;2019-04-26;"sexta-feira";"14:30:00";"SP";116;140,7;"SAO JOSE DOS CAMPOS";"Falta de Atenção do Pedestre";"Atropelamento de Pedestre";"Com Vítimas Fatais";"Pleno dia";"Decrescente";"Céu Claro";"Dupla";"Reta";"Não";4;1;0;0;1;2;0;3;-23,16577714;-45,81246193;"SPRF-SP";"DEL06-SP";"UOP02-DEL02-SP"
205687;2019-04-26;"sexta-feira";"13:25:00";"RS";470;3,5;"BARRACAO";"Velocidade Incompatível";"Tombamento";"Com Vítimas Feridas";"Pleno dia";"Decrescente";"Céu Claro";"Simples";"Declive;Curva";"Não";3;0;1;0;1;1;1;2;-27,61696795;-51,48360201;"SPRF-RS";"DEL08-RS";"UOP05-DEL08-RS"
205693;2019-04-26;"sexta-feira";"14:35:00";"GO";153;236,3;"HIDROLINA";"Defeito Mecânico no Veículo";"Incêndio";"Sem Vítimas";"Pleno dia";"Crescente";"Céu Claro";"Simples";"Reta";"Não";3;0;0;0;1;2;0;3;-14,811063;-49,291547;"SPRF-GO";"DEL07-GO";"UOP02-DEL07-GO"
205701;2019-04-26;"sexta-feira";"16:45:00";"SC";101;135,6;"BALNEARIO CAMBORIU";"Não guardar distância de segurança";"Engavetamento";"Com Vítimas Feridas";"Pleno dia";"Crescente";"Céu Claro";"Dupla";"Reta";"Sim";3;0;1;0;2;0;1;3;-27,00560821;-48,62462997;"SPRF-SC";"DEL04-SC";"UOP03-DEL04-SC"
205710;2019-04-22;"segunda-feira";"06:50:00";"PR";277;635,3;"CEU AZUL";"Condutor Dormindo";"Colisão frontal";"Com Vítimas Fatais";"Amanhecer";"Decrescente";"Nublado";"Simples";"Aclive";"Sim";4;1;1;0;0;3;1;5;-25,14015274;-53,82955233;"SPRF-PR";"DEL05-PR";"UOP02-DEL05-PR"
205715;2019-04-26;"sexta-feira";"05:00:00";"MA";230;287;"LORETO";"Defeito na Via";"Tombamento";"Sem Vítimas";"Amanhecer";"Decrescente";"Céu Claro";"Simples";"Reta";"Não";2;0;0;0;1;1;0;2;-6,89549402;-45,27094699;"SPRF-MA";"DEL05-MA";"UOP01-DEL05-MA"
205716;2019-04-26;"sexta-feira";"17:20:00";"ES";101;309,4;"VILA VELHA";"Desobediência às normas de trânsito pelo condutor";"Colisão transversal";"Com Vítimas Feridas";"Anoitecer";"Crescente";"Céu Claro";"Simples";"Interseção de Vias";"Não";2;0;0;1;1;0;1;2;-20,417;-40,45984911;"SPRF-ES";"DEL03-ES";"UOP01-DEL03-ES"
205722;2019-04-26;"sexta-feira";"17:58:00";"PR";277;584;"CASCAVEL";"Ingestão de Álcool";"Colisão transversal";"Com Vítimas Feridas";"Anoitecer";"Crescente";"Céu Claro";"Simples";"Interseção de Vias";"Não";4;0;1;0;1;2;1;3;-24,96684176;-53,40258186;"SPRF-PR";"DEL04-PR";"UOP01-DEL04-PR"
205729;2019-04-26;"sexta-feira";"13:00:00";"MG";381;942,8;"EXTREMA";"Defeito Mecânico no Veículo";"Incêndio";"Sem Vítimas";"Pleno dia";"Crescente";"Sol";"Dupla";"Aclive";"Não";2;0;0;0;1;1;0;2;-22,83745094;-46,32781228;"SPRF-MG";"DEL16-MG";"UOP03-DEL16-MG"
205734;2019-04-26;"sexta-feira";"18:05:00";"MS";163;182;"JUTI";"Falta de Atenção à Condução";"Colisão transversal";"Com Vítimas Feridas";"Anoitecer";"Decrescente";"Garoa/Chuvisco";"Simples";"Curva";"Não";2;0;1;0;0;1;1;2;-22,82214031;-54,69452171;"SPRF-MS";"DEL09-MS";"UOP01-DEL09-MS"
205737;2019-04-26;"sexta-feira";"18:00:00";"MG";381;525;"BRUMADINHO";"Defeito Mecânico no Veículo";"Incêndio";"Sem Vítimas";"Anoitecer";"Crescente";"Céu Claro";"Dupla";"Curva;Declive";"Não";2;0;0;0;1;1;0;2;-20,16710798;-44,33422398;"SPRF-MG";"DEL04-MG";"UOP03-DEL04-MG"
205738;2019-04-26;"sexta-feira";"18:40:00";"SE";235;54;"ITABAIANA";"Falta de Atenção à Condução";"Colisão traseira";"Com Vítimas Feridas";"Plena Noite";"Decrescente";"Céu Claro";"Simples";"Reta";"Sim";2;0;1;0;1;0;1;2;-10,676047;-37,443279;"SPRF-SE";"DEL01-SE";"UOP02-DEL01-SE"
205740;2019-04-26;"sexta-feira";"18:10:00";"BA";324;525,9;"FEIRA DE SANTANA";"Restrição de Visibilidade";"Atropelamento de Pedestre";"Com Vítimas Fatais";"Plena Noite";"Crescente";"Céu Claro";"Dupla";"Reta";"Não";2;1;0;0;0;1;0;2;-12,30106981;-38,8977869;"SPRF-BA";"DEL01-BA";"UOP01-DEL01-BA"
205745;2019-04-26;"sexta-feira";"16:30:00";"ES";101;386,6;"RIO NOVO DO SUL";"Não guardar distância de segurança";"Colisão traseira";"Com Vítimas Feridas";"Pleno dia";"Crescente";"Nublado";"Simples";"Reta";"Não";3;0;1;0;1;1;1;3;-20,8463;-40,8766;"SPRF-ES";"DEL03-ES";"UOP01-DEL03-ES"
205748;2019-04-26;"sexta-feira";"19:30:00";"BA";101;742;"ITABELA";"Defeito Mecânico no Veículo";"Colisão com objeto estático";"Sem Vítimas";"Plena Noite";"Crescente";"Céu Claro";"Múltipla";"Declive;Curva";"Não";2;0;0;0;1;1;0;2;-16,71289569;-39,45239586;"SPRF-BA";"DEL09-BA";"UOP01-DEL09-BA"
205749;2019-04-26;"sexta-feira";"19:05:00";"MG";116;702,5;"MURIAE";"Desobediência às normas de trânsito pelo condutor";"Colisão lateral";"Sem Vítimas";"Plena Noite";"Crescente";"Céu Claro";"Simples";"Curva";"Sim";3;0;0;0;1;2;0;3;-21,10719321;-42,37882029;"SPRF-MG";"DEL07-MG";"UOP02-DEL07-MG"
205750;2019-04-26;"sexta-feira";"20:00:00";"ES";393;3,4;"CACHOEIRO DE ITAPEMIRIM";"Velocidade Incompatível";"Colisão transversal";"Com Vítimas Feridas";"Plena Noite";"Crescente";"Céu Claro";"Simples";"Reta";"Sim";3;0;1;0;1;2;1;4;-20,82654236;-41,18519425;"SPRF-ES";"DEL03-ES";"UOP02-DEL03-ES"
205759;2019-04-26;"sexta-feira";"08:40:00";"BA";324;531,5;"FEIRA DE SANTANA";"Falta de Atenção à Condução";"Colisão traseira";"Com Vítimas Feridas";"Pleno dia";"Decrescente";"Céu Claro";"Dupla";"Reta";"Sim";7;0;3;0;3;2;3;5;-12,33362408;-38,85454306;"SPRF-BA";"DEL01-BA";"UOP01-DEL01-BA"
205762;2019-04-26;"sexta-feira";"21:20:00";"MG";262;441;"NOVA SERRANA";"Ingestão de Substâncias Psicoativas";"Colisão traseira";"Com Vítimas Feridas";"Plena Noite";"Crescente";"Céu Claro";"Dupla";"Reta";"Não";4;0;1;1;1;1;2;4;-19,88296154;-44,90293014;"SPRF-MG";"DEL08-MG";"UOP03-DEL08-MG"
205763;2019-04-26;"sexta-feira";"16:17:00";"MA";222;610;"ACAILANDIA";"Desobediência às normas de trânsito pelo condutor";"Colisão frontal";"Com Vítimas Fatais";"Pleno dia";"Decrescente";"Nublado";"Simples";"Reta";"Não";3;1;0;0;1;1;0;3;-4,681365;-46,97940801;"SPRF-MA";"DEL04-MA";"UOP03-DEL04-MA"
205765;2019-04-26;"sexta-feira";"21:30:00";"MG";381;459;"BELO HORIZONTE";"Avarias e/ou desgaste excessivo no pneu";"Colisão transversal";"Com Vítimas Feridas";"Plena Noite";"Decrescente";"Céu Claro";"Dupla";"Reta";"Sim";4;0;1;0;2;1;1;4;-19,86832234;-43,9373869;"SPRF-MG";"DEL01-MG";"UOP01-DEL01-MG"
205766;2019-04-26;"sexta-feira";"19:30:00";"SC";282;302;"VARGEM";"Ingestão de Álcool";"Colisão frontal";"Com Vítimas Feridas";"Plena Noite";"Crescente";"Céu Claro";"Simples";"Reta";"Não";3;0;1;0;1;1;1;3;-27,505852;-50,926998;"SPRF-SC";"DEL07-SC";"UOP06-DEL07-SC"
205768;2019-04-26;"sexta-feira";"20:45:00";"RS";392;11,8;"RIO GRANDE";"Falta de Atenção à Condução";"Colisão traseira";"Sem Vítimas";"Plena Noite";"Decrescente";"Chuva";"Dupla";"Reta";"Sim";3;0;0;0;2;2;0;4;-32,12596016;-52,1400815;"SPRF-RS";"DEL07-RS";"UOP02-DEL07-RS"
205773;2019-04-26;"sexta-feira";"20:20:00";"RJ";40;93,9;"PETROPOLIS";"Defeito Mecânico no Veículo";"Colisão com objeto estático";"Com Vítimas Feridas";"Plena Noite";"Crescente";"Nublado";"Simples";"Declive;Curva";"Não";2;0;2;0;0;0;2;1;-22,5554282;-43,25829998;"SPRF-RJ";"DEL06-RJ";"UOP01-DEL06-RJ"
205776;2019-04-26;"sexta-feira";"22:05:00";"PR";376;491,8;"PONTA GROSSA";"Ingestão de Álcool";"Colisão traseira";"Sem Vítimas";"Plena Noite";"Crescente";"Céu Claro";"Dupla";"Reta";"Não";2;0;0;0;1;1;0;2;-25,15130703;-50,1421625;"SPRF-PR";"DEL03-PR";"UOP04-DEL03-PR"
205779;2019-04-26;"sexta-feira";"22:30:00";"MS";163;9,2;"MUNDO NOVO";"Desobediência às normas de trânsito pelo condutor";"Colisão traseira";"Com Vítimas Feridas";"Plena Noite";"Decrescente";"Garoa/Chuvisco";"Simples";"Aclive;Reta";"Não";2;0;1;0;0;1;1;2;-23,98707101;-54,33136162;"SPRF-MS";"DEL09-MS";"UOP02-DEL09-MS"
205780;2019-04-26;"sexta-feira";"22:50:00";"PR";116;189;"CAMPO DO TENENTE";"Falta de Atenção à Condução";"Colisão frontal";"Com Vítimas Fatais";"Plena Noite";"Crescente";"Nublado";"Simples";"Reta";"Não";3;1;0;0;1;2;0;4;-25,94704813;-49,64358785;"SPRF-PR";"DEL01-PR";"UOP03-DEL01-PR"
205782;2019-04-27;"sábado";"00:20:00";"SC";282;61,6;"RANCHO QUEIMADO";"Falta de Atenção à Condução";"Colisão com objeto estático";"Sem Vítimas";"Plena Noite";"Crescente";"Nevoeiro/Neblina";"Dupla";"Reta";"Não";2;0;0;0;1;1;0;2;-27,682718;-49,029194;"SPRF-SC";"DEL01-SC";"UOP03-DEL01-SC"
205783;2019-04-26;"sexta-feira";"22:30:00";"PI";316;235;"INHUMA";"Defeito Mecânico no Veículo";"Saída de leito carroçável";"Com Vítimas Feridas";"Plena Noite";"Crescente";"Céu Claro";"Simples";"Declive";"Não";3;0;1;0;1;2;1;3;-6,60710902;-41,72346818;"SPRF-PI";"DEL04-PI";"UOP02-DEL04-PI"
205786;2019-04-27;"sábado";"01:30:00";"ES";101;162;"LINHARES";"Falta de Atenção à Condução";"Colisão frontal";"Com Vítimas Feridas";"Plena Noite";"Crescente";"Céu Claro";"Simples";"Reta";"Não";3;0;0;1;1;1;1;3;-19,49015283;-40,12624024;"SPRF-ES";"DEL04-ES";"UOP01-DEL04-ES"
205801;2019-04-27;"sábado";"03:10:00";"PR";376;13,4;"MARINGA";"Ingestão de Álcool";"Colisão traseira";"Com Vítimas Feridas";"Plena Noite";"Crescente";"Céu Claro";"Dupla";"Reta";"Não";3;0;0;2;1;0;2;2;-23,39519294;-51,88708901;"SPRF-PR";"DEL07-PR";"UOP01-DEL09-PR"
205803;2019-04-26;"sexta-feira";"13:30:00";"SC";101;441,7;"SANTA ROSA DO SUL";"Defeito Mecânico no Veículo";"Incêndio";"Sem Vítimas";"Pleno dia";"Crescente";"Nublado";"Múltipla";"Declive";"Sim";2;0;0;0;1;2;0;3;-29,12676736;-49,67703089;"SPRF-SC";"DEL02-SC";"UOP02-DEL02-SC"
205807;2019-04-27;"sábado";"05:30:00";"MG";50;85;"UBERLANDIA";"Falta de Atenção à Condução";"Saída de leito carroçável";"Com Vítimas Feridas";"Amanhecer";"Crescente";"Céu Claro";"Dupla";"Reta";"Não";2;0;1;0;0;3;1;4;-19,00488399;-48,20910294;"SPRF-MG";"DEL15-MG";"UOP01-DEL15-MG"
205814;2019-04-27;"sábado";"05:15:00";"SC";101;148,7;"ITAPEMA";"Ingestão de Álcool";"Colisão lateral";"Com Vítimas Fatais";"Plena Noite";"Decrescente";"Céu Claro";"Dupla";"Aclive";"Sim";5;1;2;0;1;1;2;3;-27,106486;-48,614636;"SPRF-SC";"DEL04-SC";"UOP03-DEL04-SC"
205821;2019-04-27;"sábado";"00:30:00";"SC";280;91,1;"CORUPA";"Velocidade Incompatível";"Saída de leito carroçável";"Com Vítimas Feridas";"Plena Noite";"Decrescente";"Nublado";"Simples";"Curva;Declive";"Não";2;0;1;0;0;1;1;2;-26,40198057;-49,29053774;"SPRF-SC";"DEL06-SC";"UOP03-DEL06-SC"
205824;2019-04-27;"sábado";"05:00:00";"PE";116;40;"SALGUEIRO";"Agressão Externa";"Saída de leito carroçável";"Com Vítimas Feridas";"Amanhecer";"Decrescente";"Céu Claro";"Simples";"Reta";"Não";2;0;1;0;1;0;1;1;-8,195062;-39,101446;"SPRF-PE";"DEL05-PE";"UOP01-DEL05-PE"
205832;2019-04-27;"sábado";"04:00:00";"PI";402;65,3;"LUIS CORREIA";"Defeito na Via";"Capotamento";"Com Vítimas Feridas";"Amanhecer";"Crescente";"Céu Claro";"Simples";"Curva";"Não";3;0;0;1;1;1;1;2;-3,09161406;-41,54005005;"SPRF-PI";"DEL05-PI";"UOP01-DEL05-PI"
205833;2019-04-27;"sábado";"07:15:00";"RS";392;253,9;"CACAPAVA DO SUL";"Velocidade Incompatível";"Tombamento";"Com Vítimas Feridas";"Amanhecer";"Crescente";"Chuva";"Simples";"Declive;Curva";"Não";2;0;1;0;0;2;1;3;-30,52636426;-53,44768806;"SPRF-RS";"DEL09-RS";"UOP02-DEL09-RS"
205835;2019-04-27;"sábado";"07:30:00";"SP";381;90;"GUARULHOS";"Carga excessiva e/ou mal acondicionada";"Derramamento de carga";"Sem Vítimas";"Pleno dia";"Crescente";"Céu Claro";"Dupla";"Rotatória";"Sim";2;0;0;0;1;1;0;2;-23,49479479;-46,55959864;"SPRF-SP";"DEL03-SP";"UOP01-DEL03-SP"
205836;2019-04-27;"sábado";"08:05:00";"PR";376;667;"GUARATUBA";"Velocidade Incompatível";"Colisão traseira";"Com Vítimas Feridas";"Pleno dia";"Crescente";"Céu Claro";"Dupla";"Em Obras;Declive;Curva";"Não";7;0;0;1;5;3;1;8;-25,86649659;-48,94666822;"SPRF-PR";"DEL01-PR";"UOP04-DEL01-PR"
205840;2019-04-27;"sábado";"04:00:00";"SC";282;476,4;"VARGEAO";"Ingestão de álcool e/ou substâncias psicoativas pelo pedestre";"Colisão transversal";"Sem Vítimas";"Plena Noite";"Crescente";"Nublado";"Simples";"Reta";"Sim";3;0;0;0;2;2;0;4;-26,882666;-52,169231;"SPRF-SC";"DEL07-SC";"UOP01-DEL07-SC"
205859;2019-04-27;"sábado";"11:10:00";"SC";470;120,9;"IBIRAMA";"Velocidade Incompatível";"Colisão frontal";"Com Vítimas Fatais";"Pleno dia";"Crescente";"Chuva";"Simples";"Curva";"Sim";26;4;13;6;2;1;19;4;-27,095861;-49,526859;"SPRF-SC";"DEL04-SC";"UOP02-DEL04-SC"
205861;2019-04-27;"sábado";"11:25:00";"SP";116;105,6;"TAUBATE";"Falta de Atenção à Condução";"Colisão frontal";"Com Vítimas Fatais";"Pleno dia";"Crescente";"Sol";"Dupla";"Reta";"Não";3;1;0;0;1;1;0;3;-23,00757973;-45,51466613;"SPRF-SP";"DEL06-SP";"UOP01-DEL06-SP"
205862;2019-04-27;"sábado";"11:15:00";"SP";153;270,1;"OCAUCU";"Defeito Mecânico no Veículo";"Incêndio";"Sem Vítimas";"Pleno dia";"Crescente";"Sol";"Simples";"Aclive";"Não";1;0;0;0;1;0;0;1;-22,34736026;-49,89590137;"SPRF-SP";"DEL07-SP";"UOP02-DEL07-SP"
205864;2019-04-27;"sábado";"11:25:00";"PR";277;653,2;"MATELANDIA";"Velocidade Incompatível";"Colisão frontal";"Com Vítimas Feridas";"Pleno dia";"Crescente";"Céu Claro";"Simples";"Reta";"Não";3;0;2;0;1;0;2;2;-25,213354;-53,95143726;"SPRF-PR";"DEL05-PR";"UOP02-DEL05-PR"
205865;2019-03-27;"quarta-feira";"18:25:00";"RO";364;24;"VILHENA";"Restrição de Visibilidade";"Colisão frontal";"Com Vítimas Feridas";"Plena Noite";"Decrescente";"Chuva";"Simples";"Reta";"Não";36;0;0;5;31;0;5;3;-12,72462637;-60,22962301;"SPRF-RO";"DEL04-RO";"UOP01-DEL04-RO"
205866;2019-04-27;"sábado";"09:00:00";"SC";116;23,7;"ITAIOPOLIS";"Falta de Atenção à Condução";"Colisão transversal";"Com Vítimas Feridas";"Pleno dia";"Decrescente";"Céu Claro";"Simples";"Em Obras";"Não";4;0;0;1;1;2;1;4;-26,26545939;-49,91656109;"SPRF-SC";"DEL06-SC";"UOP01-DEL06-SC"
205868;2019-04-27;"sábado";"11:55:00";"SP";116;544;"BARRA DO TURVO";"Velocidade Incompatível";"Tombamento";"Com Vítimas Feridas";"Pleno dia";"Decrescente";"Céu Claro";"Dupla";"Curva";"Não";3;0;2;0;0;1;2;2;-24,95781406;-48,42123049;"SPRF-SP";"DEL05-SP";"UOP02-DEL05-SP"
205872;2019-04-27;"sábado";"12:45:00";"SE";101;142,3;"ESTANCIA";"Ingestão de Álcool";"Saída de leito carroçável";"Com Vítimas Feridas";"Pleno dia";"Crescente";"Céu Claro";"Dupla";"Reta";"Não";1;0;1;0;0;0;1;1;-11,1880435;-37,4042769;"SPRF-SE";"DEL02-SE";"UOP01-DEL02-SE"
205878;2019-04-27;"sábado";"12:30:00";"SC";153;5,4;"AGUA DOCE";"Falta de Atenção à Condução";"Colisão lateral";"Sem Vítimas";"Pleno dia";"Decrescente";"Sol";"Simples";"Curva";"Não";3;0;0;0;2;1;0;3;-26,647917;-51,520252;"SPRF-SC";"DEL07-SC";"UOP07-DEL07-SC"
205885;2019-04-27;"sábado";"13:25:00";"BA";101;917,9;"NOVA VICOSA";"Ultrapassagem Indevida";"Colisão frontal";"Com Vítimas Fatais";"Pleno dia";"Crescente";"Chuva";"Simples";"Reta";"Não";7;4;0;0;1;3;0;5;-17,87118862;-39,80710119;"SPRF-BA";"DEL09-BA";"UOP02-DEL09-BA"
205886;2019-04-27;"sábado";"13:40:00";"SP";116;224;"GUARULHOS";"Não guardar distância de segurança";"Colisão traseira";"Com Vítimas Feridas";"Pleno dia";"Crescente";"Céu Claro";"Simples";"Reta";"Não";2;0;1;0;1;0;1;2;-23,48071896;-46,53271603;"SPRF-SP";"DEL01-SP";"UOP01-DEL01-SP"
205899;2019-04-27;"sábado";"09:25:00";"PR";277;485,2;"NOVA LARANJEIRAS";"Velocidade Incompatível";"Saída de leito carroçável";"Sem Vítimas";"Pleno dia";"Decrescente";"Nublado";"Simples";"Curva";"Não";1;0;0;0;0;1;0;1;-25,26613423;-52,62116896;"SPRF-PR";"DEL04-PR";"UOP02-DEL04-PR"
205902;2019-04-27;"sábado";"13:40:00";"MG";116;507,8;"UBAPORANGA";"Ingestão de Álcool";"Colisão traseira";"Com Vítimas Feridas";"Pleno dia";"Crescente";"Nublado";"Simples";"Reta";"Não";3;0;2;0;1;0;2;2;-19,61953715;-42,10872923;"SPRF-MG";"DEL06-MG";"UOP02-DEL06-MG"
205903;2019-04-27;"sábado";"15:10:00";"MT";158;562;"AGUA BOA";"Desobediência às normas de trânsito pelo condutor";"Colisão traseira";"Sem Vítimas";"Pleno dia";"Decrescente";"Céu Claro";"Simples";"Reta";"Não";2;0;0;0;2;0;0;2;-14,00253804;-52,14939588;"SPRF-MT";"DEL07-MT";"UOP02-DEL07-MT"
205909;2019-04-27;"sábado";"08:30:00";"MT";158;559,6;"AGUA BOA";"Falta de Atenção à Condução";"Colisão lateral";"Com Vítimas Feridas";"Pleno dia";"Crescente";"Céu Claro";"Simples";"Reta";"Não";3;0;1;0;1;2;1;4;-13,98011;-52,134007;"SPRF-MT";"DEL07-MT";"UOP02-DEL07-MT"
205918;2019-04-27;"sábado";"16:50:00";"PI";316;1;"TERESINA";"Ingestão de Álcool";"Colisão transversal";"Sem Vítimas";"Pleno dia";"Decrescente";"Nublado";"Dupla";"Curva";"Sim";3;0;0;0;2;2;0;4;-5,12861853;-42,80706778;"SPRF-PI";"DEL01-PI";"UOP02-DEL01-PI"
205920;2019-04-27;"sábado";"15:50:00";"RO";364;236,3;"CACOAL";"Falta de Atenção à Condução";"Colisão transversal";"Com Vítimas Feridas";"Pleno dia";"Crescente";"Nublado";"Simples";"Reta";"Sim";4;0;1;0;2;1;1;3;-11,44436876;-61,44252062;"SPRF-RO";"DEL02-RO";"UOP02-DEL02-RO"
205924;2019-04-27;"sábado";"17:10:00";"CE";116;14;"FORTALEZA";"Não guardar distância de segurança";"Colisão com objeto estático";"Com Vítimas Feridas";"Pleno dia";"Decrescente";"Céu Claro";"Dupla";"Reta";"Sim";4;0;1;0;2;1;1;3;-3,87266342;-38,4988529;"SPRF-CE";"DEL01-CE";"UOP02-DEL01-CE"
205937;2019-04-27;"sábado";"17:10:00";"MG";40;620,2;"CONSELHEIRO LAFAIETE";"Falta de Atenção do Pedestre";"Atropelamento de Pedestre";"Com Vítimas Fatais";"Pleno dia";"Crescente";"Céu Claro";"Simples";"Reta";"Não";3;1;0;0;1;1;0;2;-20,583048;-43,807639;"SPRF-MG";"DEL05-MG";"UOP02-DEL05-MG"
205939;2019-04-27;"sábado";"08:30:00";"MS";163;609,3;"SAO GABRIEL DO OESTE";"Falta de Atenção à Condução";"Tombamento";"Com Vítimas Feridas";"Pleno dia";"Decrescente";"Céu Claro";"Simples";"Aclive;Reta";"Não";2;0;1;0;0;2;1;3;-19,4409361;-54,53079011;"SPRF-MS";"DEL06-MS";"UOP02-DEL06-MS"
205942;2019-04-27;"sábado";"17:40:00";"GO";60;93,4;"ANAPOLIS";"Não guardar distância de segurança";"Colisão traseira";"Sem Vítimas";"Anoitecer";"Crescente";"Céu Claro";"Dupla";"Curva";"Não";2;0;0;0;1;1;0;2;-16,3538;-48,9268;"SPRF-GO";"DEL02-GO";"UOP01-DEL02-GO"
205944;2019-04-27;"sábado";"16:25:00";"MS";262;475,3;"ANASTACIO";"Falta de Atenção à Condução";"Colisão traseira";"Com Vítimas Feridas";"Pleno dia";"Crescente";"Nublado";"Simples";"Reta";"Não";3;0;0;1;1;1;1;3;-20,50849901;-55,672743;"SPRF-MS";"DEL03-MS";"UOP01-DEL03-MS"