"id";"data_inversa";"dia_semana";"horario";"uf";"br";"km";"municipio";"causa_acidente";"tipo_acidente";"classificacao_acidente";"fase_dia";"sentido_via";"condicao_metereologica";"tipo_pista";"tracado_via";"uso_solo";"pessoas";"mortos";"feridos_leves";"feridos_graves";"ilesos";"ignorados";"feridos";"veiculos";"latitude";"longitude";"regional";"delegacia";"uop"
205948;2019-04-27;"sábado";"18:30:00";"SC";101;123;"ITAJAI";"Não guardar distância de segurança";"Colisão traseira";"Com Vítimas Feridas";"Plena Noite";"Crescente";"Chuva";"Dupla";"Aclive";"Não";3;0;1;0;1;1;1;3;-26,93668609;-48,69876905;"SPRF-SC";"DEL04-SC";"UOP04-DEL04-SC"
205956;2019-04-27;"sábado";"19:00:00";"MA";135;18,8;"SAO LUIS";"Falta de Atenção à Condução";"Colisão traseira";"Com Vítimas Feridas";"Plena Noite";"Decrescente";"Nublado";"Dupla";"Reta";"Não";2;0;1;0;0;1;1;2;-2,71719899;-44,32099307;"SPRF-MA";"DEL01-MA";"UOP01-DEL01-MA"
205960;2019-04-25;"quinta-feira";"20:05:00";"RO";429;273,9;"SAO FRANCISCO DO GUAPORE";"Falta de Atenção à Condução";"Atropelamento de Pedestre";"Com Vítimas Fatais";"Plena Noite";"Decrescente";"Ignorado";"Simples";"Reta";"Sim";2;1;0;0;0;1;0;2;-12,06101652;-63,57960376;"SPRF-RO";"DEL02-RO";"UOP03-DEL02-RO"
205963;2019-04-27;"sábado";"13:30:00";"SC";280;283;"IRINEOPOLIS";"Desobediência às normas de trânsito pelo condutor";"Saída de leito carroçável";"Com Vítimas Feridas";"Pleno dia";"Decrescente";"Garoa/Chuvisco";"Simples";"Reta";"Não";7;0;4;0;0;3;4;4;-26,29391936;-50,85814305;"SPRF-SC";"DEL06-SC";"UOP04-DEL06-SC"
205973;2019-04-27;"sábado";"19:20:00";"MT";364;208;"RONDONOPOLIS";"Ingestão de Álcool";"Colisão transversal";"Com Vítimas Feridas";"Plena Noite";"Crescente";"Céu Claro";"Dupla";"Reta";"Sim";2;0;1;0;1;0;1;2;-16,43621099;-54,68287599;"SPRF-MT";"DEL02-MT";"UOP01-DEL02-MT"
205977;2019-04-27;"sábado";"20:00:00";"ES";101;269,8;"SERRA";"Desobediência às normas de trânsito pelo condutor";"Colisão transversal";"Com Vítimas Fatais";"Plena Noite";"Crescente";"Céu Claro";"Múltipla";"Interseção de Vias";"Sim";3;2;0;0;1;0;0;2;-20,21740496;-40,26990578;"SPRF-ES";"DEL02-ES";"UOP01-DEL02-ES"
205989;2019-04-27;"sábado";"22:15:00";"PR";376;430,5;"TIBAGI";"Velocidade Incompatível";"Colisão frontal";"Com Vítimas Fatais";"Plena Noite";"Crescente";"Chuva";"Simples";"Curva";"Não";7;1;0;3;3;0;3;3;-24,74237049;-50,53784631;"SPRF-PR";"DEL03-PR";"UOP02-DEL03-PR"
206021;2019-04-28;"domingo";"01:30:00";"BA";235;31;"CORONEL JOAO SA";"Restrição de Visibilidade";"Saída de leito carroçável";"Com Vítimas Feridas";"Plena Noite";"Decrescente";"Céu Claro";"Dupla";"Rotatória";"Não";2;0;2;0;0;0;2;1;-10,1610538;-37,95003913;"SPRF-SE";"DEL01-SE";"UOP02-DEL01-SE"
206034;2019-04-28;"domingo";"05:10:00";"RS";101;22;"TRES CACHOEIRAS";"Ingestão de Álcool";"Colisão transversal";"Com Vítimas Feridas";"Plena Noite";"Crescente";"Céu Claro";"Dupla";"Reta";"Sim";4;0;2;0;2;0;2;2;-29,4398072;-49,90113887;"SPRF-RS";"DEL03-RS";"UOP02-DEL03-RS"
206037;2019-04-28;"domingo";"05:00:00";"MG";381;873,6;"ESTIVA";"Velocidade Incompatível";"Saída de leito carroçável";"Com Vítimas Feridas";"Amanhecer";"Decrescente";"Ignorado";"Dupla";"Curva";"Não";2;0;1;0;0;2;1;3;-22,450796;-46,000139;"SPRF-MG";"DEL16-MG";"UOP01-DEL16-MG"
206045;2019-04-28;"domingo";"04:30:00";"CE";116;146,4;"RUSSAS";"Não guardar distância de segurança";"Colisão traseira";"Sem Vítimas";"Amanhecer";"Crescente";"Céu Claro";"Simples";"Reta";"Não";2;0;0;0;2;0;0;2;-4,80514594;-38,06055534;"SPRF-CE";"DEL03-CE";"UOP01-DEL03-CE"
206048;2019-04-27;"sábado";"22:30:00";"BA";235;98;"JEREMOABO";"Falta de Atenção à Condução";"Tombamento";"Com Vítimas Feridas";"Plena Noite";"Decrescente";"Céu Claro";"Simples";"Reta";"Não";4;0;4;0;0;0;4;1;-10,05494471;-38,49322673;"SPRF-BA";"DEL07-BA";"UOP01-DEL07-BA"
206050;2019-04-28;"domingo";"06:20:00";"SP";116;145,9;"SAO JOSE DOS CAMPOS";"Condutor Dormindo";"Saída de leito carroçável";"Com Vítimas Feridas";"Amanhecer";"Crescente";"Céu Claro";"Dupla";"Reta";"Sim";1;0;1;0;0;0;1;1;-23,1869844;-45,8548078;"SPRF-SP";"DEL02-SP";"UOP01-DEL02-SP"
206063;2019-04-27;"sábado";"12:00:00";"BA";135;91;"RIACHAO DAS NEVES";"Defeito Mecânico no Veículo";"Incêndio";"Sem Vítimas";"Pleno dia";"Decrescente";"Céu Claro";"Simples";"Reta";"Não";2;0;0;0;1;2;0;3;-11,47643988;-44,86486474;"SPRF-BA";"DEL10-BA";"UOP01-DEL10-BA"
206075;2019-04-28;"domingo";"07:10:00";"GO";60;187,2;"GUAPO";"Desobediência às normas de trânsito pelo condutor";"Colisão com objeto estático";"Sem Vítimas";"Pleno dia";"Decrescente";"Céu Claro";"Dupla";"Reta";"Sim";2;0;0;0;1;1;0;2;-16,8068;-49,5257;"SPRF-GO";"DEL01-GO";"UOP02-DEL01-GO"
206078;2019-04-28;"domingo";"09:00:00";"BA";101;588;"CAMACAN";"Não guardar distância de segurança";"Colisão traseira";"Com Vítimas Feridas";"Pleno dia";"Crescente";"Céu Claro";"Simples";"Reta";"Não";3;0;0;1;2;0;1;2;-15,57185184;-39,40626224;"SPRF-BA";"DEL05-BA";"UOP02-DEL05-BA"
206080;2019-04-28;"domingo";"09:40:00";"TO";153;762,5;"ALVORADA";"Condutor Dormindo";"Colisão lateral";"Com Vítimas Feridas";"Pleno dia";"Decrescente";"Céu Claro";"Simples";"Curva";"Não";5;0;2;1;1;2;3;4;-12,49015302;-49,1170002;"SPRF-TO";"DEL02-TO";"UOP02-DEL01-TO"
206082;2019-04-28;"domingo";"08:40:00";"RS";392;262,3;"CACAPAVA DO SUL";"Velocidade Incompatível";"Colisão frontal";"Com Vítimas Feridas";"Pleno dia";"Decrescente";"Nublado";"Simples";"Curva";"Não";3;0;2;0;0;4;2;6;-30,45893508;-53,48996935;"SPRF-RS";"DEL09-RS";"UOP02-DEL09-RS"
206091;2019-04-28;"domingo";"10:30:00";"SC";101;138,6;"BALNEARIO CAMBORIU";"Velocidade Incompatível";"Colisão lateral";"Com Vítimas Feridas";"Pleno dia";"Crescente";"Chuva";"Simples";"Curva";"Sim";3;0;1;0;1;1;1;3;-27,02397426;-48,60761649;"SPRF-SC";"DEL04-SC";"UOP03-DEL04-SC"
206093;2019-04-28;"domingo";"11:30:00";"CE";116;64,9;"CHOROZINHO";"Desobediência às normas de trânsito pelo condutor";"Colisão transversal";"Sem Vítimas";"Pleno dia";"Crescente";"Sol";"Simples";"Interseção de Vias";"Sim";2;0;0;0;2;0;0;2;-4,28125187;-38,49423541;"SPRF-CE";"DEL03-CE";"UOP02-DEL03-CE"
206103;2019-04-28;"domingo";"12:10:00";"SC";101;211,9;"PALHOCA";"Falta de Atenção à Condução";"Colisão lateral";"Sem Vítimas";"Pleno dia";"Crescente";"Chuva";"Múltipla";"Reta";"Não";2;0;0;0;2;0;0;2;-27,62329313;-48,65245588;"SPRF-SC";"DEL01-SC";"UOP02-DEL01-SC"
206128;2019-04-28;"domingo";"16:15:00";"MG";153;237,5;"FRONTEIRA";"Mal Súbito";"Saída de leito carroçável";"Com Vítimas Feridas";"Pleno dia";"Crescente";"Nublado";"Simples";"Reta";"Não";2;0;1;0;0;1;1;2;-20,28330203;-49,19598196;"SPRF-MG";"DEL13-MG";"UOP02-DEL13-MG"
206129;2019-04-28;"domingo";"16:40:00";"MA";226;75,1;"CAXIAS";"Desobediência às normas de trânsito pelo condutor";"Colisão transversal";"Com Vítimas Fatais";"Pleno dia";"Decrescente";"Céu Claro";"Simples";"Interseção de Vias";"Sim";17;7;0;7;1;2;7;3;-5,224909;-43,451706;"SPRF-MA";"DEL03-MA";"UOP02-DEL03-MA"
206141;2019-04-28;"domingo";"17:30:00";"PA";10;95,3;"ULIANOPOLIS";"Falta de Atenção à Condução";"Tombamento";"Sem Vítimas";"Anoitecer";"Crescente";"Chuva";"Simples";"Aclive";"Não";1;0;0;0;1;0;0;1;-3,61247701;-47,48914317;"SPRF-PA";"DEL02-PA";"UOP02-DEL02-PA"
206147;2019-04-28;"domingo";"18:20:00";"SC";470;23,7;"ILHOTA";"Mal Súbito";"Colisão lateral";"Com Vítimas Feridas";"Plena Noite";"Decrescente";"Nublado";"Simples";"Reta";"Não";3;0;0;1;1;1;1;3;-26,8815503;-48,85332584;"SPRF-SC";"DEL04-SC";"UOP04-DEL04-SC"
206148;2019-04-28;"domingo";"17:00:00";"GO";153;429;"ANAPOLIS";"Falta de Atenção à Condução";"Tombamento";"Sem Vítimas";"Pleno dia";"Crescente";"Céu Claro";"Dupla";"Retorno Regulamentado";"Não";1;0;0;0;1;0;0;1;-16,22813989;-49,01012074;"SPRF-GO";"DEL02-GO";"UOP01-DEL02-GO"
206149;2019-04-28;"domingo";"14:30:00";"MG";40;120,3;"LAGOA GRANDE";"Ingestão de Álcool";"Colisão traseira";"Com Vítimas Feridas";"Pleno dia";"Decrescente";"Céu Claro";"Simples";"Reta";"Não";5;0;0;2;2;1;2;3;-17,66215873;-46,36488595;"SPRF-MG";"DEL14-MG";"UOP01-DEL14-MG"
206159;2019-04-28;"domingo";"19:10:00";"MG";381;829,5;"SAO SEBASTIAO DA BELA VISTA";"Falta de Atenção à Condução";"Saída de leito carroçável";"Com Vítimas Feridas";"Plena Noite";"Decrescente";"Nublado";"Dupla";"Reta";"Sim";1;0;1;0;0;0;1;1;-22,13347012;-45,80792092;"SPRF-MG";"DEL16-MG";"UOP01-DEL16-MG"
206160;2019-04-28;"domingo";"19:10:00";"GO";153;495;"GOIANIA";"Falta de Atenção à Condução";"Colisão lateral";"Com Vítimas Feridas";"Plena Noite";"Crescente";"Ignorado";"Dupla";"Reta";"Sim";4;0;1;1;1;3;2;5;-16,6681;-49,2263;"SPRF-GO";"DEL01-GO";"UOP01-DEL01-GO"
206174;2019-04-28;"domingo";"16:20:00";"SC";163;92,2;"GUARACIABA";"Falta de Atenção à Condução";"Colisão lateral";"Com Vítimas Feridas";"Pleno dia";"Crescente";"Céu Claro";"Simples";"Curva";"Não";2;0;1;0;1;0;1;2;-26,55101083;-53,51692782;"SPRF-SC";"DEL07-SC";"UOP03-DEL07-SC"
206188;2019-04-28;"domingo";"21:30:00";"PE";232;385,7;"SERRA TALHADA";"Objeto estático sobre o leito carroçável";"Derramamento de carga";"Com Vítimas Feridas";"Plena Noite";"Crescente";"Céu Claro";"Simples";"Reta";"Não";4;0;1;0;3;0;1;2;-8,03720709;-38,09468901;"SPRF-PE";"DEL04-PE";"UOP01-DEL04-PE"
206189;2019-04-28;"domingo";"20:50:00";"ES";101;91,7;"JAGUARE";"Falta de Atenção à Condução";"Colisão lateral";"Sem Vítimas";"Plena Noite";"Crescente";"Céu Claro";"Simples";"Reta";"Não";2;0;0;0;2;0;0;2;-18,90626994;-39,95995813;"SPRF-ES";"DEL04-ES";"UOP02-DEL04-ES"
206190;2019-04-28;"domingo";"20:10:00";"BA";116;674;"JEQUIE";"Falta de Atenção do Pedestre";"Atropelamento de Pedestre";"Com Vítimas Feridas";"Plena Noite";"Decrescente";"Céu Claro";"Simples";"Reta";"Sim";4;0;0;1;2;1;1;3;-13,87161222;-40,11709582;"SPRF-BA";"DEL03-BA";"UOP01-DEL03-BA"
206191;2019-04-28;"domingo";"16:00:00";"PA";10;301;"IRITUIA";"Não guardar distância de segurança";"Saída de leito carroçável";"Sem Vítimas";"Pleno dia";"Crescente";"Chuva";"Simples";"Reta";"Não";3;0;0;0;2;1;0;3;-1,79908701;-47,51402881;"SPRF-PA";"DEL02-PA";"UOP01-DEL02-PA"
206196;2019-04-28;"domingo";"14:50:00";"RO";364;46;"VILHENA";"Pista Escorregadia";"Saída de leito carroçável";"Com Vítimas Feridas";"Pleno dia";"Crescente";"Chuva";"Simples";"Reta";"Não";1;0;1;0;0;0;1;1;-12,58433298;-60,34423392;"SPRF-RO";"DEL04-RO";"DEL21/4-UOP03/RO"
206197;2019-04-28;"domingo";"20:10:00";"PR";153;31,6;"SANTO ANTONIO DA PLATINA";"Ingestão de Álcool";"Colisão frontal";"Com Vítimas Feridas";"Plena Noite";"Decrescente";"Céu Claro";"Simples";"Reta";"Não";4;0;3;0;0;2;3;4;-23,22262134;-50,02015382;"SPRF-PR";"DEL07-PR";"UOP04-DEL07-PR"
206202;2019-04-28;"domingo";"21:50:00";"SC";153;100,6;"CONCORDIA";"Falta de Atenção à Condução";"Colisão transversal";"Com Vítimas Feridas";"Plena Noite";"Crescente";"Nevoeiro/Neblina";"Simples";"Reta";"Não";3;0;1;0;1;2;1;4;-27,242643;-51,95171;"SPRF-SC";"DEL07-SC";"UOP04-DEL07-SC"
206203;2019-04-28;"domingo";"22:30:00";"SP";116;353,5;"MIRACATU";"Não guardar distância de segurança";"Colisão traseira";"Sem Vítimas";"Plena Noite";"Decrescente";"Nublado";"Múltipla";"Reta";"Não";3;0;0;0;2;2;0;4;-24,07491092;-47,24973213;"SPRF-SP";"DEL04-SP";"UOP03-DEL04-SP"
206206;2019-04-28;"domingo";"23:30:00";"ES";262;6;"CARIACICA";"Ingestão de Álcool";"Colisão traseira";"Com Vítimas Feridas";"Plena Noite";"Decrescente";"Céu Claro";"Dupla";"Reta";"Sim";4;0;1;1;1;1;2;3;-20,34007493;-40,39451305;"SPRF-ES";"DEL01-ES";"UOP01-DEL01-ES"
206207;2019-04-28;"domingo";"23:30:00";"DF";20;17;"BRASILIA";"Falta de Atenção à Condução";"Colisão traseira";"Com Vítimas Feridas";"Pleno dia";"Decrescente";"Céu Claro";"Dupla";"Reta";"Sim";4;0;3;0;1;0;3;2;-15,621374;-47,71698;"SPRF-DF";"DEL02-DF";"UOP01-DEL02-DF"
206223;2019-04-29;"segunda-feira";"09:00:00";"SP";381;60;"MAIRIPORA";"Carga excessiva e/ou mal acondicionada";"Tombamento";"Com Vítimas Feridas";"Pleno dia";"Crescente";"Chuva";"Múltipla";"Declive;Curva";"Não";1;0;1;0;0;0;1;1;-23,28957673;-46,58729853;"SPRF-SP";"DEL03-SP";"UOP01-DEL03-SP"
206225;2019-04-29;"segunda-feira";"08:55:00";"RS";153;41,5;"ERECHIM";"Ingestão de Álcool";"Colisão traseira";"Com Vítimas Feridas";"Pleno dia";"Crescente";"Nublado";"Simples";"Reta;Interseção de Vias;Declive";"Não";3;0;1;0;1;1;1;3;-27,59755702;-52,2349289;"SPRF-RS";"DEL08-RS";"UOP04-DEL08-RS"
206229;2019-04-29;"segunda-feira";"01:50:00";"SC";101;376;"ICARA";"Agressão Externa";"Saída de leito carroçável";"Sem Vítimas";"Plena Noite";"Crescente";"Nublado";"Dupla";"Reta";"Não";1;0;0;0;1;0;0;1;-28,72736111;-49,24066084;"SPRF-SC";"DEL02-SC";"UOP01-DEL02-SC"
206232;2019-04-29;"segunda-feira";"03:00:00";"GO";50;105,9;"CRISTALINA";"Condutor Dormindo";"Tombamento";"Com Vítimas Feridas";"Plena Noite";"Decrescente";"Céu Claro";"Dupla";"Curva";"Não";2;0;1;1;0;0;2;1;-16,82139194;-47,67262548;"SPRF-DF";"DEL01-DF";"UOP02-DEL01-DF"
206234;2019-04-18;"quinta-feira";"14:40:00";"GO";364;294,4;"MINEIROS";"Velocidade Incompatível";"Colisão traseira";"Com Vítimas Feridas";"Pleno dia";"Decrescente";"Céu Claro";"Simples";"Curva";"Não";7;0;1;0;4;3;1;7;-17,584251;-52,50275;"SPRF-GO";"DEL05-GO";"UOP01-DEL05-GO"
206238;2019-04-29;"segunda-feira";"08:35:00";"MG";50;69;"UBERLANDIA";"Falta de Atenção à Condução";"Colisão lateral";"Com Vítimas Feridas";"Pleno dia";"Decrescente";"Céu Claro";"Dupla";"Reta";"Sim";3;0;1;0;1;2;1;4;-18,85140204;-48,25345932;"SPRF-MG";"DEL15-MG";"UOP01-DEL15-MG"
206239;2019-04-29;"segunda-feira";"06:40:00";"RS";472;133,7;"TRES DE MAIO";"Não guardar distância de segurança";"Colisão traseira";"Com Vítimas Feridas";"Amanhecer";"Decrescente";"Nevoeiro/Neblina";"Simples";"Reta";"Não";2;0;1;0;1;0;1;2;-27,75372951;-54,24919987;"SPRF-RS";"DEL10-RS";"UOP01-DEL10-RS"
206241;2019-03-02;"sábado";"00:30:00";"AC";364;120,1;"RIO BRANCO";"Falta de Atenção do Pedestre";"Atropelamento de Pedestre";"Com Vítimas Feridas";"Plena Noite";"Crescente";"Céu Claro";"Dupla";"Reta";"Não";4;0;0;1;1;2;1;2;-10,01226643;-67,75533501;"SPRF-AC";"DEL01-AC";"UOP01-DEL01-AC"
206245;2019-04-16;"terça-feira";"08:00:00";"SC";101;162;"TIJUCAS";"Defeito Mecânico no Veículo";"Colisão traseira";"Com Vítimas Feridas";"Pleno dia";"Crescente";"Céu Claro";"Dupla";"Viaduto;Aclive";"Sim";3;0;1;0;2;0;1;2;-27,22554009;-48,6279367;"SPRF-SC";"DEL04-SC";"UOP03-DEL04-SC"
206246;2019-04-29;"segunda-feira";"10:00:00";"MG";40;532;"BELO HORIZONTE";"Falta de Atenção à Condução";"Colisão lateral";"Com Vítimas Feridas";"Pleno dia";"Crescente";"Sol";"Dupla";"Declive";"Sim";4;0;0;1;1;2;1;4;-19,92372561;-44,01700789;"SPRF-MG";"DEL01-MG";"UOP02-DEL01-MG"
206247;2019-04-29;"segunda-feira";"10:05:00";"GO";153;496,2;"GOIANIA";"Defeito Mecânico no Veículo";"Colisão com objeto em movimento";"Sem Vítimas";"Pleno dia";"Decrescente";"Céu Claro";"Simples";"Reta";"Sim";3;0;0;0;3;0;0;3;-16,6681;-49,2263;"SPRF-GO";"DEL01-GO";"UOP01-DEL01-GO"
206248;2019-03-26;"terça-feira";"22:00:00";"SP";381;81;"SAO PAULO";"Velocidade Incompatível";"Colisão lateral";"Sem Vítimas";"Plena Noite";"Decrescente";"Céu Claro";"Dupla";"Reta";"Sim";4;0;0;0;3;3;0;6;-23,41704481;-46,58022057;"SPRF-SP";"DEL03-SP";"UOP01-DEL03-SP"
206251;2019-04-29;"segunda-feira";"06:50:00";"MG";365;741;"ITUIUTABA";"Falta de Atenção à Condução";"Colisão lateral";"Com Vítimas Feridas";"Amanhecer";"Crescente";"Céu Claro";"Simples";"Declive";"Não";2;0;1;0;1;0;1;2;-18,91363311;-49,38245598;"SPRF-MG";"DEL15-MG";"UOP03-DEL15-MG"
206254;2019-04-29;"segunda-feira";"08:14:00";"SP";116;513;"CAJATI";"Falta de Atenção à Condução";"Tombamento";"Com Vítimas Feridas";"Pleno dia";"Decrescente";"Chuva";"Simples";"Curva";"Não";2;0;1;0;0;1;1;2;-24,85109616;-48,21802405;"SPRF-SP";"DEL05-SP";"UAP01-DEL05-SP"
206256;2019-04-29;"segunda-feira";"10:45:00";"PR";277;680,4;"MEDIANEIRA";"Falta de Atenção à Condução";"Colisão traseira";"Com Vítimas Feridas";"Pleno dia";"Crescente";"Céu Claro";"Dupla";"Reta";"Não";2;0;1;0;1;0;1;2;-25,32254101;-54,16501799;"SPRF-PR";"DEL05-PR";"UOP01-DEL05-PR"
206267;2019-04-29;"segunda-feira";"12:30:00";"SP";116;401,8;"MIRACATU";"Falta de Atenção à Condução";"Tombamento";"Com Vítimas Feridas";"Pleno dia";"Crescente";"Garoa/Chuvisco";"Dupla";"Reta";"Não";2;0;1;0;0;1;1;2;-24,3129198;-47,51707077;"SPRF-SP";"DEL04-SP";"UOP02-DEL04-SP"
206268;2019-04-29;"segunda-feira";"12:45:00";"SC";101;88;"BARRA VELHA";"Desobediência às normas de trânsito pelo condutor";"Colisão transversal";"Com Vítimas Feridas";"Pleno dia";"Decrescente";"Céu Claro";"Simples";"Interseção de Vias";"Sim";2;0;1;0;1;0;1;2;-26,64253985;-48,68950684;"SPRF-SC";"DEL03-SC";"UOP02-DEL03-SC"
206269;2019-04-29;"segunda-feira";"08:40:00";"RS";290;305;"CACHOEIRA DO SUL";"Falta de Atenção à Condução";"Colisão transversal";"Sem Vítimas";"Pleno dia";"Crescente";"Céu Claro";"Simples";"Reta";"Não";3;0;0;0;2;1;0;3;-30,328127;-53,258999;"SPRF-RS";"DEL09-RS";"UOP02-DEL09-RS"
206271;2019-04-29;"segunda-feira";"11:50:00";"BA";101;145,9;"CONCEICAO DO JACUIPE";"Defeito Mecânico no Veículo";"Incêndio";"Sem Vítimas";"Pleno dia";"Decrescente";"Céu Claro";"Simples";"Curva";"Não";2;0;0;0;1;2;0;3;-12,30610301;-38,71948397;"SPRF-BA";"DEL01-BA";"UOP03-DEL01-BA"
206282;2019-04-29;"segunda-feira";"12:50:00";"MS";163;669;"RIO VERDE DE MATO GROSSO";"Condutor Dormindo";"Capotamento";"Com Vítimas Feridas";"Pleno dia";"Decrescente";"Céu Claro";"Simples";"Reta";"Não";2;0;2;0;0;0;2;1;-19,01532004;-54,82748117;"SPRF-MS";"DEL06-MS";"UOP02-DEL06-MS"
206291;2019-04-29;"segunda-feira";"14:30:00";"RS";285;543,6;"SAO LUIZ GONZAGA";"Ultrapassagem Indevida";"Colisão lateral";"Sem Vítimas";"Pleno dia";"Crescente";"Sol";"Simples";"Reta;Aclive";"Não";3;0;0;0;1;2;0;3;-28,408222;-54,72303;"SPRF-RS";"DEL10-RS";"UOP01-DEL10-RS"
206297;2019-04-29;"segunda-feira";"05:40:00";"PR";369;163,1;"CAMBE";"Desobediência às normas de trânsito pelo condutor";"Colisão transversal";"Com Vítimas Feridas";"Amanhecer";"Crescente";"Céu Claro";"Dupla";"Interseção de Vias";"Sim";3;0;1;0;1;1;1;3;-23,29706286;-51,27802134;"SPRF-PR";"DEL07-PR";"UOP01-DEL07-PR"
206306;2019-04-29;"segunda-feira";"16:00:00";"SC";101;211,2;"PALHOCA";"Falta de Atenção do Pedestre";"Atropelamento de Pedestre";"Com Vítimas Feridas";"Pleno dia";"Crescente";"Céu Claro";"Múltipla";"Reta";"Sim";3;0;1;0;1;3;1;5;-27,62329313;-48,65245588;"SPRF-SC";"DEL01-SC";"UOP02-DEL01-SC"
206309;2019-04-29;"segunda-feira";"15:55:00";"RS";116;52,4;"VACARIA";"Velocidade Incompatível";"Tombamento";"Com Vítimas Feridas";"Pleno dia";"Decrescente";"Sol";"Simples";"Curva;Aclive";"Não";2;0;1;0;0;1;1;2;-28,58229507;-51,02378683;"SPRF-RS";"DEL05-RS";"UOP03-DEL05-RS"
206310;2019-04-29;"segunda-feira";"17:25:00";"SC";101;48,1;"JOINVILLE";"Restrição de Visibilidade";"Colisão traseira";"Com Vítimas Feridas";"Anoitecer";"Crescente";"Nublado";"Dupla";"Reta";"Sim";5;0;1;0;3;1;1;3;-26,375269;-48,8549537;"SPRF-SC";"DEL03-SC";"UOP01-DEL03-SC"
206319;2019-04-29;"segunda-feira";"16:35:00";"MG";381;6,5;"BETIM";"Objeto estático sobre o leito carroçável";"Danos eventuais";"Com Vítimas Feridas";"Pleno dia";"Crescente";"Céu Claro";"Dupla";"Curva";"Sim";2;0;1;0;0;1;1;2;-19,98875564;-44,20432806;"SPRF-MG";"DEL01-MG";"UOP03-DEL01-MG"
206321;2019-04-29;"segunda-feira";"17:50:00";"ES";262;43,8;"MARECHAL FLORIANO";"Desobediência às normas de trânsito pelo condutor";"Colisão frontal";"Com Vítimas Fatais";"Anoitecer";"Crescente";"Céu Claro";"Dupla";"Reta";"Não";4;2;0;0;1;1;0;3;-20,3844778;-40,66251868;"SPRF-ES";"DEL01-ES";"UOP01-DEL01-ES"
206322;2019-04-29;"segunda-feira";"16:35:00";"CE";116;325,8;"JAGUARIBE";"Pista Escorregadia";"Colisão frontal";"Sem Vítimas";"Pleno dia";"Crescente";"Garoa/Chuvisco";"Simples";"Reta";"Não";3;0;0;0;2;1;0;3;-6,03230093;-38,64455732;"SPRF-CE";"DEL05-CE";"UOP02-DEL05-CE"
206339;2019-04-29;"segunda-feira";"18:15:00";"PB";230;293,2;"SANTA LUZIA";"Ingestão de Álcool";"Atropelamento de Pedestre";"Com Vítimas Feridas";"Plena Noite";"Crescente";"Céu Claro";"Simples";"Reta";"Sim";3;0;0;1;1;1;1;2;-6,8748;-36,9296;"SPRF-PB";"DEL03-PB";"UOP01-DEL03-PB"
206343;2019-04-29;"segunda-feira";"20:33:00";"SC";101;25,3;"JOINVILLE";"Desobediência às normas de trânsito pelo condutor";"Colisão frontal";"Com Vítimas Feridas";"Plena Noite";"Decrescente";"Nublado";"Simples";"Reta";"Sim";4;0;1;1;1;1;2;3;-26,1834739;-48,9105912;"SPRF-SC";"DEL03-SC";"UOP01-DEL03-SC"
206346;2019-04-29;"segunda-feira";"20:30:00";"GO";452;28;"RIO VERDE";"Defeito na Via";"Tombamento";"Com Vítimas Feridas";"Plena Noite";"Crescente";"Nublado";"Simples";"Reta";"Não";1;0;1;0;0;0;1;1;-17,89188718;-50,66204606;"SPRF-GO";"DEL04-GO";"UOP01-DEL04-GO"
206349;2019-04-29;"segunda-feira";"21:40:00";"RJ";40;37;"TRES RIOS";"Mal Súbito";"Colisão com objeto estático";"Com Vítimas Feridas";"Plena Noite";"Decrescente";"Céu Claro";"Dupla";"Reta";"Não";1;0;1;0;0;0;1;1;-22,22225309;-43,12711619;"SPRF-RJ";"DEL06-RJ";"UOP02-DEL05-RJ"
206350;2019-04-29;"segunda-feira";"18:30:00";"MG";262;658,8;"IBIA";"Defeito Mecânico no Veículo";"Incêndio";"Sem Vítimas";"Plena Noite";"Crescente";"Céu Claro";"Simples";"Curva";"Não";2;0;0;0;1;1;0;2;-19,58082263;-46,69938911;"SPRF-MG";"DEL08-MG";"UOP01-DEL08-MG"
206354;2019-04-29;"segunda-feira";"22:10:00";"RJ";116;222;"PIRAI";"Carga excessiva e/ou mal acondicionada";"Tombamento";"Sem Vítimas";"Plena Noite";"Decrescente";"Céu Claro";"Simples";"Curva";"Não";3;0;0;0;2;1;0;2;-22,68006433;-43,83888245;"SPRF-RJ";"DEL07-RJ";"UOP01-DEL07-RJ"
206357;2019-04-29;"segunda-feira";"21:00:00";"RJ";116;29;"SAPUCAIA";"Defeito Mecânico no Veículo";"Tombamento";"Sem Vítimas";"Plena Noite";"Decrescente";"Nublado";"Simples";"Curva";"Não";1;0;0;0;1;0;0;1;-22,06451983;-42,79542346;"SPRF-RJ";"DEL04-RJ";"UOP01-DEL04-RJ"
206362;2019-04-29;"segunda-feira";"19:35:00";"RJ";116;220,3;"PIRAI";"Velocidade Incompatível";"Tombamento";"Com Vítimas Feridas";"Plena Noite";"Crescente";"Nublado";"Dupla";"Aclive;Curva";"Não";1;0;1;0;0;0;1;1;-22,69305776;-43,77362606;"SPRF-RJ";"DEL07-RJ";"UOP01-DEL07-RJ"
206363;2019-04-29;"segunda-feira";"20:20:00";"MG";365;187,6;"BURITIZEIRO";"Defeito Mecânico no Veículo";"Incêndio";"Sem Vítimas";"Plena Noite";"Decrescente";"Céu Claro";"Simples";"Reta";"Não";1;0;0;0;1;0;0;1;-17,42140806;-45,12874603;"SPRF-MG";"DEL12-MG";"UOP01-DEL12-MG"