"id";"data_inversa";"dia_semana";"horario";"uf";"br";"km";"municipio";"causa_acidente";"tipo_acidente";"classificacao_acidente";"fase_dia";"sentido_via";"condicao_metereologica";"tipo_pista";"tracado_via";"uso_solo";"pessoas";"mortos";"feridos_leves";"feridos_graves";"ilesos";"ignorados";"feridos";"veiculos";"latitude";"longitude";"regional";"delegacia";"uop"
206365;2019-04-29;"segunda-feira";"22:30:00";"SC";101;150;"ITAPEMA";"Falta de Atenção à Condução";"Colisão traseira";"Com Vítimas Feridas";"Plena Noite";"Decrescente";"Céu Claro";"Dupla";"Reta";"Sim";2;0;0;1;1;0;1;2;-27,0659568;-48,5958243;"SPRF-SC";"DEL04-SC";"UOP03-DEL04-SC"
206370;2019-04-30;"terça-feira";"02:00:00";"RS";290;22;"SANTO ANTONIO DA PATRULHA";"Condutor Dormindo";"Saída de leito carroçável";"Com Vítimas Feridas";"Plena Noite";"Crescente";"Nublado";"Dupla";"Reta";"Não";3;0;1;0;1;2;1;3;-29,888826;-50,474819;"SPRF-RS";"DEL03-RS";"UOP01-DEL03-RS"
206371;2019-04-29;"segunda-feira";"22:30:00";"RO";364;441,7;"JARU";"Mal Súbito";"Colisão lateral";"Com Vítimas Fatais";"Plena Noite";"Crescente";"Nublado";"Simples";"Reta";"Não";5;3;0;0;1;2;0;5;-10,34928269;-62,58865075;"SPRF-RO";"DEL03-RO";"UOP02-DEL03-RO"
206380;2019-04-30;"terça-feira";"04:00:00";"PE";101;2;"GOIANA";"Velocidade Incompatível";"Saída de leito carroçável";"Sem Vítimas";"Amanhecer";"Crescente";"Nublado";"Múltipla";"Declive";"Não";1;0;0;0;1;0;0;1;-7,51675334;-34,99198357;"SPRF-PE";"DEL01-PE";"UOP02-DEL01-PE"
206382;2019-04-13;"sábado";"13:45:00";"MG";262;107;"ABRE CAMPO";"Falta de Atenção à Condução";"Colisão lateral";"Com Vítimas Feridas";"Pleno dia";"Decrescente";"Céu Claro";"Simples";"Curva";"Não";2;0;0;1;0;1;1;2;-20,27440096;-42,56313226;"SPRF-MG";"DEL03-MG";"UOP03-DEL03-MG"
206383;2019-04-30;"terça-feira";"06:45:00";"SE";101;103,1;"SAO CRISTOVAO";"Desobediência às normas de trânsito pelo pedestre";"Atropelamento de Pedestre";"Com Vítimas Fatais";"Pleno dia";"Crescente";"Céu Claro";"Dupla";"Reta;Declive";"Não";3;1;0;0;2;0;0;2;-10,95275718;-37,21920991;"SPRF-SE";"DEL02-SE";"UOP01-DEL02-SE"
206384;2019-04-30;"terça-feira";"05:45:00";"GO";153;43;"PORANGATU";"Falta de Atenção à Condução";"Colisão lateral";"Com Vítimas Feridas";"Amanhecer";"Decrescente";"Céu Claro";"Simples";"Reta";"Não";2;0;1;0;1;0;1;2;-13,192286;-49,161922;"SPRF-GO";"DEL07-GO";"UOP01-DEL07-GO"
206390;2019-04-29;"segunda-feira";"22:35:00";"SC";153;75;"IRANI";"Carga excessiva e/ou mal acondicionada";"Saída de leito carroçável";"Com Vítimas Feridas";"Plena Noite";"Crescente";"Céu Claro";"Simples";"Curva";"Não";2;0;0;1;0;1;1;2;-27,0849;-51,909855;"SPRF-SC";"DEL07-SC";"UOP04-DEL07-SC"
206392;2019-04-30;"terça-feira";"05:30:00";"RJ";101;295;"ITABORAI";"Condutor Dormindo";"Tombamento";"Com Vítimas Feridas";"Pleno dia";"Decrescente";"Chuva";"Dupla";"Reta";"Sim";1;0;1;0;0;0;1;1;-22,76365068;-42,90223623;"SPRF-RJ";"DEL02-RJ";"DEL5/2-UOP04/RJ"
206399;2019-04-30;"terça-feira";"06:55:00";"RJ";116;267;"BARRA MANSA";"Falta de Atenção à Condução";"Colisão traseira";"Com Vítimas Feridas";"Amanhecer";"Crescente";"Sol";"Dupla";"Curva";"Não";7;0;2;1;2;2;3;4;-22,58964229;-44,10482516;"SPRF-RJ";"DEL07-RJ";"UOP02-DEL07-RJ"
206402;2019-04-30;"terça-feira";"08:36:00";"PR";376;618;"SAO JOSE DOS PINHAIS";"Falta de Atenção à Condução";"Colisão traseira";"Com Vítimas Feridas";"Pleno dia";"Decrescente";"Céu Claro";"Múltipla";"Reta";"Sim";4;0;2;0;1;2;2;4;-25,59168398;-49,17197705;"SPRF-PR";"DEL01-PR";"UOP01-DEL01-PR"
206405;2019-04-30;"terça-feira";"08:45:00";"RS";158;338,7;"SANTA MARIA";"Desobediência às normas de trânsito pelo condutor";"Colisão lateral";"Com Vítimas Feridas";"Pleno dia";"Decrescente";"Céu Claro";"Simples";"Reta";"Não";4;0;0;1;2;1;1;4;-29,72520501;-53,90770498;"SPRF-RS";"DEL09-RS";"UOP01-DEL09-RS"
206409;2019-04-30;"terça-feira";"09:15:00";"PR";369;150;"LONDRINA";"Falta de Atenção à Condução";"Colisão transversal";"Com Vítimas Feridas";"Pleno dia";"Crescente";"Céu Claro";"Dupla";"Reta";"Sim";2;0;1;0;1;0;1;2;-23,2929557;-51,1615633;"SPRF-PR";"DEL07-PR";"UOP01-DEL07-PR"
206412;2019-04-30;"terça-feira";"06:40:00";"MT";364;348;"SANTO ANTONIO DO LEVERGER";"Velocidade Incompatível";"Colisão com objeto estático";"Sem Vítimas";"Pleno dia";"Crescente";"Chuva";"Dupla";"Curva";"Não";2;0;0;0;1;2;0;3;-15,80416834;-55,55429598;"SPRF-MT";"DEL02-MT";"UOP02-DEL01-MT"
206413;2019-04-30;"terça-feira";"09:50:00";"GO";153;508,9;"APARECIDA DE GOIANIA";"Não guardar distância de segurança";"Colisão lateral";"Com Vítimas Feridas";"Pleno dia";"Decrescente";"Céu Claro";"Múltipla";"Reta";"Sim";3;0;0;1;1;1;1;3;-16,7804;-49,2371;"SPRF-GO";"DEL01-GO";"UOP03-DEL01-GO"
206414;2019-04-30;"terça-feira";"09:50:00";"PB";230;110,6;"INGA";"Mal Súbito";"Colisão com objeto estático";"Com Vítimas Feridas";"Pleno dia";"Crescente";"Céu Claro";"Dupla";"Reta";"Não";4;0;1;0;3;0;1;3;-7,210301;-35,577822;"SPRF-PB";"DEL01-PB";"UOP03-DEL01-PB"
206416;2019-04-30;"terça-feira";"10:00:00";"ES";101;342,9;"GUARAPARI";"Ultrapassagem Indevida";"Colisão lateral";"Com Vítimas Feridas";"Pleno dia";"Crescente";"Céu Claro";"Simples";"Reta";"Não";5;0;1;0;3;2;1;5;-20,65737321;-40,5823519;"SPRF-ES";"DEL03-ES";"UOP01-DEL03-ES"
206418;2019-04-30;"terça-feira";"09:40:00";"SP";116;230,6;"SAO PAULO";"Não guardar distância de segurança";"Colisão lateral";"Com Vítimas Feridas";"Pleno dia";"Crescente";"Sol";"Múltipla";"Reta";"Sim";3;0;1;0;1;2;1;4;-23,52151618;-46,58487439;"SPRF-SP";"DEL01-SP";"UOP01-DEL01-SP"
206421;2019-04-11;"quinta-feira";"05:15:00";"PR";476;192,1;"LAPA";"Falta de Atenção à Condução";"Colisão lateral";"Com Vítimas Feridas";"Amanhecer";"Decrescente";"Nublado";"Simples";"Curva";"Não";3;0;0;1;1;1;1;3;-25,7293;-49,701283;"SPRF-PR";"DEL01-PR";"UOP03-DEL01-PR"
206425;2019-04-30;"terça-feira";"11:00:00";"RJ";40;123;"DUQUE DE CAXIAS";"Falta de Atenção à Condução";"Colisão lateral";"Sem Vítimas";"Pleno dia";"Crescente";"Céu Claro";"Múltipla";"Reta";"Não";2;0;0;0;2;0;0;2;-22,79907687;-43,29015739;"SPRF-RJ";"DEL01-RJ";"UOP01-DEL01-RJ"
206426;2019-04-15;"segunda-feira";"01:30:00";"CE";116;476,6;"MILAGRES";"Desobediência às normas de trânsito pelo condutor";"Colisão frontal";"Com Vítimas Fatais";"Plena Noite";"Crescente";"Céu Claro";"Simples";"Aclive";"Não";5;3;0;0;1;1;0;3;-7,292112;-38,87065;"SPRF-CE";"DEL05-CE";"UOP03-DEL05-CE"
206432;2019-04-30;"terça-feira";"11:50:00";"SP";116;218,2;"GUARULHOS";"Defeito Mecânico no Veículo";"Colisão lateral";"Com Vítimas Feridas";"Pleno dia";"Crescente";"Céu Claro";"Simples";"Reta";"Não";8;0;2;0;6;0;2;2;-23,457972;-46,479927;"SPRF-SP";"DEL01-SP";"UOP01-DEL01-SP"
206443;2019-04-30;"terça-feira";"13:30:00";"RN";304;167,2;"ANGICOS";"Falta de Atenção à Condução";"Colisão lateral";"Com Vítimas Feridas";"Pleno dia";"Crescente";"Chuva";"Simples";"Reta";"Não";2;0;1;0;1;0;1;2;-5,6806294;-36,45476004;"SPRF-RN";"DEL01-RN";"UOP03-DEL01-RN"
206444;2019-04-30;"terça-feira";"13:30:00";"PE";110;121,3;"IBIMIRIM";"Falta de Atenção à Condução";"Saída de leito carroçável";"Sem Vítimas";"Pleno dia";"Decrescente";"Chuva";"Simples";"Curva";"Não";1;0;0;0;1;0;0;1;-8,45844941;-37,476511;"SPRF-PE";"DEL03-PE";"UOP02-DEL03-PE"
206445;2019-04-30;"terça-feira";"13:00:00";"MG";381;645,1;"SANTO ANTONIO DO AMPARO";"Velocidade Incompatível";"Tombamento";"Com Vítimas Feridas";"Pleno dia";"Decrescente";"Sol";"Múltipla";"Aclive;Retorno Regulamentado;Curva";"Não";2;0;1;0;0;1;1;2;-20,9545835;-44,8944085;"SPRF-MG";"DEL04-MG";"UOP01-DEL04-MG"
206446;2019-04-30;"terça-feira";"13:05:00";"SP";116;34,3;"CACHOEIRA PAULISTA";"Falta de Atenção à Condução";"Colisão lateral";"Com Vítimas Feridas";"Pleno dia";"Crescente";"Sol";"Dupla";"Declive";"Não";3;0;1;0;2;0;1;2;-22,655579;-44,960667;"SPRF-SP";"DEL08-SP";"UOP02-DEL08-SP"
206450;2019-04-30;"terça-feira";"07:40:00";"MG";40;613;"CONGONHAS";"Carga excessiva e/ou mal acondicionada";"Colisão com objeto em movimento";"Com Vítimas Feridas";"Pleno dia";"Decrescente";"Céu Claro";"Simples";"Reta";"Não";5;0;2;0;2;1;2;3;-20,52545967;-43,82739815;"SPRF-MG";"DEL05-MG";"UOP02-DEL05-MG"
206452;2019-04-30;"terça-feira";"13:45:00";"MG";381;457;"BELO HORIZONTE";"Não guardar distância de segurança";"Colisão traseira";"Com Vítimas Feridas";"Pleno dia";"Crescente";"Céu Claro";"Simples";"Reta";"Sim";3;0;1;0;1;1;1;3;-19,83923709;-43,87847722;"SPRF-MG";"DEL01-MG";"UOP01-DEL01-MG"
206454;2019-04-30;"terça-feira";"11:00:00";"TO";153;488;"PARAISO DO TOCANTINS";"Falta de Atenção à Condução";"Colisão lateral";"Sem Vítimas";"Pleno dia";"Decrescente";"Céu Claro";"Simples";"Reta";"Não";3;0;0;0;3;0;0;2;-10,1095071;-48,87437183;"SPRF-TO";"DEL02-TO";"UOP01-DEL01-TO"
206455;2019-04-30;"terça-feira";"12:40:00";"SC";470;7,8;"NAVEGANTES";"Avarias e/ou desgaste excessivo no pneu";"Tombamento";"Com Vítimas Feridas";"Pleno dia";"Decrescente";"Céu Claro";"Simples";"Interseção de Vias";"Sim";2;0;1;0;0;1;1;2;-26,83996313;-48,71702671;"SPRF-SC";"DEL04-SC";"UOP04-DEL04-SC"
206456;2019-04-30;"terça-feira";"13:45:00";"MG";40;240;"SAO GONCALO DO ABAETE";"Falta de Atenção à Condução";"Colisão lateral";"Com Vítimas Feridas";"Pleno dia";"Crescente";"Céu Claro";"Simples";"Reta";"Não";3;0;1;0;2;0;1;2;-18,06680587;-45,51050589;"SPRF-MG";"DEL14-MG";"UOP02-DEL14-MG"
206458;2019-04-30;"terça-feira";"13:40:00";"GO";20;1;"FORMOSA";"Velocidade Incompatível";"Tombamento";"Com Vítimas Feridas";"Pleno dia";"Crescente";"Chuva";"Dupla";"Interseção de Vias";"Sim";1;0;1;0;0;0;1;1;-15,579424;-47,334297;"SPRF-DF";"DEL02-DF";"UOP01-DEL02-DF"
206459;2019-04-30;"terça-feira";"11:25:00";"AM";174;908,1;"MANAUS";"Falta de Atenção à Condução";"Danos eventuais";"Sem Vítimas";"Pleno dia";"Decrescente";"Nublado";"Simples";"Reta";"Não";2;0;0;0;0;2;0;2;-2,76133098;-60,03711178;"SPRF-AM";"DEL01-AM";"UOP01-DEL01-AM"
206461;2019-04-30;"terça-feira";"15:00:00";"GO";60;466,5;"JATAI";"Falta de Atenção à Condução";"Tombamento";"Com Vítimas Feridas";"Pleno dia";"Crescente";"Sol";"Dupla";"Reta";"Não";2;0;1;0;0;1;1;2;-17,8947;-51,663;"SPRF-GO";"DEL05-GO";"UOP01-DEL05-GO"
206463;2019-04-30;"terça-feira";"14:10:00";"PB";230;154,6;"CAMPINA GRANDE";"Falta de Atenção à Condução";"Colisão transversal";"Com Vítimas Feridas";"Pleno dia";"Crescente";"Céu Claro";"Simples";"Curva";"Sim";2;0;0;1;1;0;1;2;-7,2777;-35,8985;"SPRF-PB";"DEL02-PB";"UOP01-DEL02-PB"
206469;2019-04-30;"terça-feira";"15:10:00";"SC";101;117;"ITAJAI";"Falta de Atenção à Condução";"Colisão transversal";"Com Vítimas Feridas";"Pleno dia";"Crescente";"Sol";"Simples";"Interseção de Vias";"Sim";3;0;1;0;1;1;1;3;-26,88747187;-48,72252969;"SPRF-SC";"DEL04-SC";"UOP04-DEL04-SC"
206471;2019-04-30;"terça-feira";"12:30:00";"GO";352;265;"CATALAO";"Falta de Atenção à Condução";"Tombamento";"Com Vítimas Feridas";"Pleno dia";"Crescente";"Céu Claro";"Dupla";"Reta";"Não";3;0;1;0;1;2;1;4;-18,110937;-47,88962;"SPRF-GO";"DEL06-GO";"UOP01-DEL06-GO"
206477;2019-04-30;"terça-feira";"15:20:00";"GO";153;369;"JARAGUA";"Não guardar distância de segurança";"Colisão traseira";"Com Vítimas Feridas";"Pleno dia";"Decrescente";"Céu Claro";"Simples";"Reta";"Não";3;0;1;0;1;2;1;4;-15,821109;-49,28595;"SPRF-GO";"DEL02-GO";"UOP02-DEL02-GO"
206481;2019-04-30;"terça-feira";"16:30:00";"BA";324;524;"FEIRA DE SANTANA";"Falta de Atenção à Condução";"Colisão traseira";"Com Vítimas Feridas";"Pleno dia";"Crescente";"Céu Claro";"Dupla";"Reta";"Não";4;0;2;0;2;0;2;2;-12,2955119;-38,90487093;"SPRF-BA";"DEL01-BA";"UOP01-DEL01-BA"
206482;2019-04-30;"terça-feira";"08:15:00";"SC";116;235,8;"CORREIA PINTO";"Falta de Atenção à Condução";"Colisão frontal";"Com Vítimas Feridas";"Pleno dia";"Crescente";"Nublado";"Simples";"Reta";"Não";3;0;1;0;1;1;1;3;-27,711685;-50,33625903;"SPRF-SC";"DEL05-SC";"UOP01-DEL05-SC"
206487;2019-04-30;"terça-feira";"09:40:00";"SC";280;97;"SAO BENTO DO SUL";"Condutor Dormindo";"Saída de leito carroçável";"Com Vítimas Feridas";"Pleno dia";"Crescente";"Céu Claro";"Simples";"Reta;Declive";"Sim";2;0;1;0;0;1;1;2;-26,37833107;-49,31732124;"SPRF-SC";"DEL06-SC";"UOP03-DEL06-SC"
206488;2019-04-30;"terça-feira";"17:45:00";"PE";101;43,8;"IGARASSU";"Falta de Atenção à Condução";"Colisão lateral";"Com Vítimas Feridas";"Anoitecer";"Decrescente";"Nublado";"Dupla";"Reta";"Sim";4;0;1;0;2;1;1;3;-7,84753808;-34,90977038;"SPRF-PE";"DEL01-PE";"UOP02-DEL01-PE"
206489;2019-04-30;"terça-feira";"14:20:00";"PR";373;311,5;"GUARAPUAVA";"Falta de Atenção à Condução";"Colisão lateral";"Com Vítimas Feridas";"Pleno dia";"Decrescente";"Céu Claro";"Simples";"Curva";"Não";4;0;0;1;1;4;1;6;-25,36804473;-51,33351694;"SPRF-PR";"DEL03-PR";"UOP01-DEL08-PR"
206496;2019-04-30;"terça-feira";"17:30:00";"RS";116;488,5;"TURUCU";"Falta de Atenção à Condução";"Tombamento";"Sem Vítimas";"Pleno dia";"Decrescente";"Céu Claro";"Simples";"Reta";"Não";2;0;0;0;1;1;0;2;-31,45150701;-52,20482999;"SPRF-RS";"DEL07-RS";"UOP01-DEL07-RS"
206497;2019-04-30;"terça-feira";"19:00:00";"PR";376;187;"MARIALVA";"Falta de Atenção à Condução";"Colisão transversal";"Com Vítimas Feridas";"Plena Noite";"Decrescente";"Nublado";"Dupla";"Reta";"Sim";3;0;1;0;1;2;1;4;-23,46141044;-51,83659926;"SPRF-PR";"DEL07-PR";"UOP01-DEL09-PR"
206499;2019-04-30;"terça-feira";"18:50:00";"RS";293;61,5;"PIRATINI";"Defeito Mecânico no Veículo";"Derramamento de carga";"Sem Vítimas";"Plena Noite";"Crescente";"Céu Claro";"Simples";"Reta;Declive";"Não";3;0;0;0;2;2;0;4;-31,69945656;-52,94950157;"SPRF-RS";"DEL07-RS";"UOP01-DEL07-RS"
206510;2019-04-30;"terça-feira";"19:12:00";"SP";116;148,1;"SAO JOSE DOS CAMPOS";"Falta de Atenção à Condução";"Engavetamento";"Com Vítimas Feridas";"Plena Noite";"Decrescente";"Céu Claro";"Simples";"Reta";"Sim";5;0;2;0;3;0;2;4;-23,20067421;-45,8795018;"SPRF-SP";"DEL02-SP";"UOP01-DEL02-SP"
206514;2019-04-30;"terça-feira";"19:00:00";"PA";316;64,1;"CASTANHAL";"Falta de Atenção à Condução";"Colisão lateral";"Com Vítimas Feridas";"Plena Noite";"Decrescente";"Céu Claro";"Dupla";"Reta";"Sim";4;0;0;1;1;2;1;4;-1,29629557;-47,91983997;"SPRF-PA";"DEL01-PA";"UOP01-DEL01-PA"
206517;2019-04-30;"terça-feira";"20:25:00";"MG";381;479,5;"CONTAGEM";"Falta de Atenção à Condução";"Colisão traseira";"Com Vítimas Feridas";"Plena Noite";"Decrescente";"Céu Claro";"Múltipla";"Reta";"Sim";7;0;2;0;4;1;2;6;-19,95889605;-44,069202;"SPRF-MG";"DEL01-MG";"UOP03-DEL01-MG"
206522;2019-04-30;"terça-feira";"20:10:00";"GO";40;3,7;"VALPARAISO DE GOIAS";"Desobediência às normas de trânsito pelo condutor";"Colisão traseira";"Com Vítimas Feridas";"Plena Noite";"Crescente";"Céu Claro";"Dupla";"Reta";"Sim";2;0;0;1;0;1;1;2;-16,076081;-47,985671;"SPRF-DF";"DEL01-DF";"UOP01-DEL01-DF"
206531;2019-04-30;"terça-feira";"20:10:00";"DF";80;27,9;"BRASILIA";"Falta de Atenção à Condução";"Colisão frontal";"Com Vítimas Feridas";"Pleno dia";"Decrescente";"Céu Claro";"Simples";"Declive;Curva";"Não";5;0;1;0;3;2;1;4;-15,604162;-48,198906;"SPRF-DF";"DEL01-DF";"UOP02-DEL03-DF"
206532;2019-04-30;"terça-feira";"21:10:00";"BA";116;557,2;"NOVA ITARANA";"Falta de Atenção à Condução";"Colisão traseira";"Sem Vítimas";"Plena Noite";"Crescente";"Céu Claro";"Simples";"Reta";"Não";3;0;0;0;3;0;0;2;-12,92479;-39,879839;"SPRF-BA";"DEL03-BA";"UOP02-DEL03-BA"
206534;2019-04-30;"terça-feira";"21:30:00";"MG";381;935,5;"EXTREMA";"Falta de Atenção à Condução";"Colisão traseira";"Com Vítimas Feridas";"Plena Noite";"Decrescente";"Céu Claro";"Múltipla";"Reta";"Não";2;0;1;0;1;0;1;2;-22,82329661;-46,30805019;"SPRF-MG";"DEL16-MG";"UOP03-DEL16-MG"
206537;2019-04-30;"terça-feira";"20:30:00";"BA";110;374;"CATU";"Falta de Atenção à Condução";"Colisão traseira";"Com Vítimas Feridas";"Plena Noite";"Decrescente";"Céu Claro";"Dupla";"Aclive";"Não";4;0;1;0;2;1;1;3;-12,41265011;-38,45800404;"SPRF-BA";"DEL01-BA";"UOP01-DEL01-BA"
206549;2019-04-30;"terça-feira";"23:00:00";"PR";476;335,8;"PAULA FREITAS";"Restrição de Visibilidade";"Colisão com objeto estático";"Com Vítimas Feridas";"Plena Noite";"Crescente";"Nevoeiro/Neblina";"Simples";"Reta";"Não";2;0;0;1;0;1;1;2;-26,131454;-50,855904;"SPRF-PR";"DEL02-PR";"UOP04-DEL02-PR"
206551;2019-05-01;"quarta-feira";"00:05:00";"SC";282;340,1;"CAMPOS NOVOS";"Desobediência às normas de trânsito pelo condutor";"Colisão traseira";"Com Vítimas Feridas";"Plena Noite";"Crescente";"Céu Claro";"Simples";"Curva;Aclive";"Não";6;0;2;0;3;1;2;3;-27,388266;-51,203793;"SPRF-SC";"DEL07-SC";"UOP06-DEL07-SC"
206554;2019-05-01;"quarta-feira";"01:35:00";"SP";116;44,3;"CANAS";"Animais na Pista";"Atropelamento de Animal";"Com Vítimas Feridas";"Plena Noite";"Crescente";"Céu Claro";"Dupla";"Reta";"Não";3;0;1;0;1;1;1;3;-22,70287975;-45,03787617;"SPRF-SP";"DEL08-SP";"UOP02-DEL08-SP"
206556;2019-05-01;"quarta-feira";"02:30:00";"RN";304;147,3;"ANGICOS";"Defeito Mecânico no Veículo";"Incêndio";"Sem Vítimas";"Plena Noite";"Crescente";"Céu Claro";"Simples";"Reta;Declive";"Não";1;0;0;0;1;0;0;1;-5,676681;-36,619053;"SPRF-RN";"DEL04-RN";"UOP01-DEL04-RN"
206557;2019-05-01;"quarta-feira";"01:30:00";"SP";116;44,3;"CANAS";"Animais na Pista";"Atropelamento de Animal";"Sem Vítimas";"Plena Noite";"Crescente";"Céu Claro";"Dupla";"Reta";"Não";2;0;0;0;1;1;0;2;-22,70287975;-45,03787617;"SPRF-SP";"DEL08-SP";"UOP02-DEL08-SP"
206562;2019-05-01;"quarta-feira";"04:15:00";"AL";316;262;"SATUBA";"Fenômenos da Natureza";"Colisão frontal";"Com Vítimas Feridas";"Amanhecer";"Decrescente";"Chuva";"Simples";"Reta";"Sim";5;0;2;1;1;1;3;3;-9,58877051;-35,88700493;"SPRF-AL";"DEL02-AL";"UOP01-DEL02-AL"
206566;2019-05-01;"quarta-feira";"04:40:00";"SP";116;90,5;"PINDAMONHANGABA";"Falta de Atenção do Pedestre";"Colisão traseira";"Sem Vítimas";"Plena Noite";"Crescente";"Nublado";"Dupla";"Reta";"Não";3;0;0;0;2;1;0;3;-22,94361839;-45,3873088;"SPRF-SP";"DEL06-SP";"UOP01-DEL06-SP"
206567;2019-05-01;"quarta-feira";"02:25:00";"SP";116;379,9;"MIRACATU";"Condutor Dormindo";"Saída de leito carroçável";"Com Vítimas Feridas";"Plena Noite";"Crescente";"Nublado";"Dupla";"Reta";"Não";2;0;0;1;0;1;1;2;-24,20982408;-47,37100817;"SPRF-SP";"DEL04-SP";"UOP02-DEL04-SP"
206571;2019-04-30;"terça-feira";"23:00:00";"MG";381;695,3;"LAVRAS";"Falta de Atenção à Condução";"Colisão traseira";"Com Vítimas Feridas";"Plena Noite";"Crescente";"Nublado";"Dupla";"Reta;Aclive";"Não";3;0;0;1;1;3;1;5;-21,24371582;-45,13633479;"SPRF-MG";"DEL04-MG";"UOP02-DEL04-MG"
206580;2019-05-01;"quarta-feira";"03:40:00";"RS";285;183,3;"LAGOA VERMELHA";"Falta de Atenção à Condução";"Colisão frontal";"Com Vítimas Fatais";"Plena Noite";"Decrescente";"Garoa/Chuvisco";"Simples";"Curva;Declive";"Não";5;1;0;2;1;1;2;3;-28,293627;-51,431511;"SPRF-RS";"DEL08-RS";"UOP05-DEL08-RS"
206584;2019-05-01;"quarta-feira";"05:40:00";"MG";40;820,1;"SIMAO PEREIRA";"Falta de Atenção à Condução";"Colisão traseira";"Com Vítimas Feridas";"Pleno dia";"Decrescente";"Céu Claro";"Dupla";"Reta";"Não";4;0;1;0;2;1;1;3;-21,93762999;-43,30996199;"SPRF-MG";"DEL05-MG";"UOP01-DEL05-MG"
206589;2019-03-18;"segunda-feira";"05:15:00";"PB";101;83,5;"BAYEUX";"Desobediência às normas de trânsito pelo condutor";"Colisão traseira";"Com Vítimas Feridas";"Amanhecer";"Crescente";"Céu Claro";"Dupla";"Reta";"Não";2;0;0;1;0;1;1;2;-7,143149;-34,919012;"SPRF-PB";"DEL01-PB";"UOP01-DEL01-PB"
206590;2019-05-01;"quarta-feira";"02:50:00";"MG";381;351;"JOAO MONLEVADE";"Deficiência ou não Acionamento do Sistema de Iluminação/Sinalização do Veículo";"Colisão traseira";"Com Vítimas Feridas";"Plena Noite";"Decrescente";"Nublado";"Simples";"Curva";"Não";6;0;2;1;2;1;3;3;-19,84644336;-43,16611234;"SPRF-MG";"DEL03-MG";"UOP01-DEL03-MG"
206598;2019-05-01;"quarta-feira";"07:30:00";"PR";116;66;"CAMPINA GRANDE DO SUL";"Falta de Atenção à Condução";"Colisão traseira";"Com Vítimas Fatais";"Pleno dia";"Crescente";"Nublado";"Dupla";"Reta";"Não";2;1;0;0;1;0;0;2;-25,31033956;-49,01212903;"SPRF-PR";"DEL01-PR";"UOP02-DEL01-PR"
206599;2019-05-01;"quarta-feira";"06:05:00";"SC";280;181;"MAFRA";"Objeto estático sobre o leito carroçável";"Colisão com objeto estático";"Sem Vítimas";"Amanhecer";"Crescente";"Garoa/Chuvisco";"Simples";"Ponte";"Não";4;0;0;0;2;3;0;5;-26,17201114;-49,89655396;"SPRF-SC";"DEL06-SC";"UOP01-DEL06-SC"
206614;2019-05-01;"quarta-feira";"08:15:00";"MG";40;71;"PARACATU";"Falta de Atenção à Condução";"Colisão lateral";"Sem Vítimas";"Pleno dia";"Crescente";"Céu Claro";"Simples";"Reta";"Não";4;0;0;0;1;3;0;4;-17,40773313;-46,72153313;"SPRF-MG";"DEL14-MG";"UOP01-DEL14-MG"
206618;2019-05-01;"quarta-feira";"09:00:00";"MA";135;0;"SAO LUIS";"Falta de Atenção à Condução";"Tombamento";"Com Vítimas Feridas";"Pleno dia";"Decrescente";"Nublado";"Dupla";"Curva";"Sim";2;0;1;0;0;2;1;3;-2,67488534;-44,29515839;"SPRF-MA";"DEL01-MA";"UOP01-DEL01-MA"
206634;2019-05-01;"quarta-feira";"11:32:00";"PE";423;131,3;"SALOA";"Falta de Atenção à Condução";"Tombamento";"Com Vítimas Feridas";"Pleno dia";"Crescente";"Céu Claro";"Simples";"Declive;Curva";"Não";3;0;1;0;1;3;1;5;-8,96397013;-36,75772197;"SPRF-PE";"DEL03-PE";"UOP01-DEL03-PE"
206636;2019-05-01;"quarta-feira";"07:30:00";"BA";242;441;"IBITIARA";"Velocidade Incompatível";"Saída de leito carroçável";"Com Vítimas Feridas";"Pleno dia";"Crescente";"Céu Claro";"Simples";"Curva";"Não";2;0;1;1;0;0;2;1;-12,44224;-42,17432;"SPRF-BA";"DEL06-BA";"UOP01-DEL06-BA"
206645;2019-05-01;"quarta-feira";"11:20:00";"BA";101;155;"CONCEICAO DO JACUIPE";"Desobediência às normas de trânsito pelo condutor";"Colisão transversal";"Com Vítimas Fatais";"Pleno dia";"Decrescente";"Céu Claro";"Simples";"Reta";"Não";3;2;0;0;0;1;0;2;-12,35551436;-38,782478;"SPRF-BA";"DEL01-BA";"UOP03-DEL01-BA"
206651;2019-05-01;"quarta-feira";"03:10:00";"BA";101;841;"TEIXEIRA DE FREITAS";"Pista Escorregadia";"Tombamento";"Sem Vítimas";"Plena Noite";"Decrescente";"Céu Claro";"Simples";"Curva";"Não";2;0;0;0;1;1;0;2;-17,44478792;-39,69338817;"SPRF-BA";"DEL09-BA";"UOP02-DEL09-BA"
206653;2019-05-01;"quarta-feira";"15:05:00";"SC";101;135,6;"BALNEARIO CAMBORIU";"Falta de Atenção à Condução";"Colisão traseira";"Com Vítimas Feridas";"Pleno dia";"Crescente";"Céu Claro";"Dupla";"Reta";"Sim";3;0;0;1;1;1;1;3;-27,0050108;-48,62677494;"SPRF-SC";"DEL04-SC";"UOP03-DEL04-SC"
206654;2019-05-01;"quarta-feira";"08:30:00";"MA";222;635,8;"ACAILANDIA";"Defeito na Via";"Colisão frontal";"Com Vítimas Feridas";"Pleno dia";"Crescente";"Nublado";"Simples";"Declive;Curva";"Não";3;0;1;1;0;1;2;3;-4,77973453;-47,15650103;"SPRF-MA";"DEL04-MA";"UOP03-DEL04-MA"