"id";"data_inversa";"dia_semana";"horario";"uf";"br";"km";"municipio";"causa_acidente";"tipo_acidente";"classificacao_acidente";"fase_dia";"sentido_via";"condicao_metereologica";"tipo_pista";"tracado_via";"uso_solo";"pessoas";"mortos";"feridos_leves";"feridos_graves";"ilesos";"ignorados";"feridos";"veiculos";"latitude";"longitude";"regional";"delegacia";"uop"
206655;2019-05-01;"quarta-feira";"15:50:00";"SC";470;211,7;"SAO CRISTOVAO DO SUL";"Defeito Mecânico no Veículo";"Saída de leito carroçável";"Com Vítimas Feridas";"Pleno dia";"Decrescente";"Garoa/Chuvisco";"Simples";"Reta";"Não";3;0;2;0;0;1;2;2;-27,306231;-50,228275;"SPRF-SC";"DEL05-SC";"UOP03-DEL05-SC"
206657;2019-05-01;"quarta-feira";"16:00:00";"GO";364;301,7;"MINEIROS";"Animais na Pista";"Saída de leito carroçável";"Com Vítimas Feridas";"Pleno dia";"Crescente";"Nublado";"Simples";"Reta";"Sim";2;0;1;0;0;3;1;4;-17,544714;-52,528976;"SPRF-GO";"DEL05-GO";"UOP01-DEL05-GO"
206664;2019-05-01;"quarta-feira";"17:00:00";"RJ";116;262,7;"BARRA MANSA";"Falta de Atenção à Condução";"Colisão com objeto estático";"Sem Vítimas";"Anoitecer";"Decrescente";"Céu Claro";"Dupla";"Reta";"Não";3;0;0;0;2;1;0;3;-22,5876092;-44,05945791;"SPRF-RJ";"DEL07-RJ";"UOP02-DEL07-RJ"
206667;2019-02-19;"terça-feira";"16:33:00";"RJ";101;303;"SAO GONCALO";"Não guardar distância de segurança";"Colisão lateral";"Com Vítimas Feridas";"Pleno dia";"Decrescente";"Céu Claro";"Dupla";"Reta";"Sim";5;0;3;1;0;1;4;2;-22,782822;-42,976677;"SPRF-RJ";"DEL02-RJ";"DEL5/2-UOP04/RJ"
206671;2019-05-01;"quarta-feira";"17:40:00";"SC";101;197;"BIGUACU";"Falta de Atenção à Condução";"Colisão lateral";"Com Vítimas Feridas";"Plena Noite";"Crescente";"Céu Claro";"Múltipla";"Reta";"Sim";5;0;1;0;2;3;1;5;-27,51844497;-48,63848496;"SPRF-SC";"DEL01-SC";"UOP01-DEL01-SC"
206672;2019-05-01;"quarta-feira";"17:40:00";"RS";285;439,6;"BOZANO";"Ultrapassagem Indevida";"Colisão frontal";"Com Vítimas Feridas";"Pleno dia";"Crescente";"Céu Claro";"Simples";"Curva";"Não";5;0;0;2;2;1;2;4;-28,35998482;-53,7348175;"SPRF-RS";"DEL10-RS";"UOP01-DEL10-RS"
206676;2019-05-01;"quarta-feira";"18:35:00";"DF";20;5;"BRASILIA";"Não guardar distância de segurança";"Colisão lateral";"Com Vítimas Fatais";"Anoitecer";"Decrescente";"Céu Claro";"Simples";"Reta";"Sim";5;1;0;1;1;2;1;4;-15,670546;-47,816044;"SPRF-DF";"DEL02-DF";"UOP01-DEL02-DF"
206679;2019-05-01;"quarta-feira";"17:50:00";"BA";101;84;"ENTRE RIOS";"Defeito Mecânico no Veículo";"Incêndio";"Sem Vítimas";"Plena Noite";"Crescente";"Céu Claro";"Simples";"Aclive";"Não";2;0;0;0;1;1;0;2;-12,04221219;-38,3029088;"SPRF-BA";"DEL01-BA";"UOP04-DEL01-BA"
206684;2019-05-01;"quarta-feira";"17:10:00";"MT";364;299,5;"JACIARA";"Velocidade Incompatível";"Colisão traseira";"Com Vítimas Fatais";"Anoitecer";"Decrescente";"Chuva";"Dupla";"Curva";"Não";4;1;1;0;1;2;1;4;-15,84691555;-55,14590671;"SPRF-MT";"DEL02-MT";"UOP02-DEL05-MT"
206688;2019-05-01;"quarta-feira";"18:30:00";"ES";101;267;"SERRA";"Não guardar distância de segurança";"Colisão lateral";"Com Vítimas Feridas";"Plena Noite";"Crescente";"Céu Claro";"Múltipla";"Reta";"Sim";6;0;1;0;4;1;1;5;-20,19930999;-40,26884609;"SPRF-ES";"DEL02-ES";"UOP01-DEL02-ES"
206697;2019-05-01;"quarta-feira";"19:00:00";"PE";232;407;"SERRA TALHADA";"Ingestão de Álcool";"Atropelamento de Pedestre";"Com Vítimas Feridas";"Plena Noite";"Crescente";"Céu Claro";"Simples";"Declive";"Sim";2;0;0;1;0;1;1;2;-7,9854402;-38,27148304;"SPRF-PE";"DEL04-PE";"UOP01-DEL04-PE"
206706;2019-05-01;"quarta-feira";"19:20:00";"PE";428;21,5;"CABROBO";"Ultrapassagem Indevida";"Colisão lateral";"Com Vítimas Feridas";"Plena Noite";"Crescente";"Nublado";"Simples";"Reta;Aclive";"Não";6;0;5;0;1;0;5;3;-8,489785;-39,412266;"SPRF-PE";"DEL05-PE";"UOP03-DEL05-PE"
206707;2019-05-01;"quarta-feira";"19:50:00";"PI";316;211,8;"VALENCA DO PIAUI";"Falta de Atenção à Condução";"Colisão traseira";"Com Vítimas Feridas";"Plena Noite";"Crescente";"Céu Claro";"Simples";"Reta";"Não";2;0;1;0;1;0;1;2;-6,39291;-41,758537;"SPRF-PI";"DEL04-PI";"UOP02-DEL04-PI"
206718;2019-05-01;"quarta-feira";"22:30:00";"SC";101;224,3;"PALHOCA";"Desobediência às normas de trânsito pelo condutor";"Colisão lateral";"Com Vítimas Feridas";"Plena Noite";"Crescente";"Nublado";"Dupla";"Reta";"Sim";4;0;1;0;2;1;1;3;-27,72384789;-48,64386769;"SPRF-SC";"DEL01-SC";"UOP02-DEL01-SC"
206726;2019-05-01;"quarta-feira";"18:40:00";"SC";280;97,6;"SAO BENTO DO SUL";"Ingestão de Álcool";"Saída de leito carroçável";"Com Vítimas Feridas";"Anoitecer";"Crescente";"Chuva";"Múltipla";"Curva";"Não";2;0;1;0;0;1;1;2;-26,37833107;-49,31732124;"SPRF-SC";"DEL06-SC";"UOP03-DEL06-SC"
206733;2019-05-01;"quarta-feira";"22:28:00";"SC";101;391,9;"ICARA";"Ingestão de álcool e/ou substâncias psicoativas pelo pedestre";"Colisão transversal";"Com Vítimas Feridas";"Plena Noite";"Crescente";"Nublado";"Múltipla";"Declive;Reta";"Não";4;0;0;1;1;2;1;4;-28,80004819;-49,36282789;"SPRF-SC";"DEL02-SC";"UOP02-DEL02-SC"
206736;2019-05-01;"quarta-feira";"23:40:00";"BA";101;619,8;"MASCOTE";"Velocidade Incompatível";"Tombamento";"Com Vítimas Feridas";"Plena Noite";"Crescente";"Garoa/Chuvisco";"Simples";"Curva";"Não";2;0;0;1;0;1;1;2;-15,858785;-39,520394;"SPRF-BA";"DEL05-BA";"UOP02-DEL05-BA"
206737;2019-05-02;"quinta-feira";"01:25:00";"PB";230;33;"BAYEUX";"Ingestão de Álcool";"Colisão com objeto estático";"Sem Vítimas";"Plena Noite";"Crescente";"Céu Claro";"Dupla";"Reta";"Não";2;0;0;0;1;1;0;2;-7,1366;-34,9264;"SPRF-PB";"DEL01-PB";"UOP01-DEL01-PB"
206742;2019-05-02;"quinta-feira";"02:40:00";"MG";267;124,6;"JUIZ DE FORA";"Velocidade Incompatível";"Saída de leito carroçável";"Sem Vítimas";"Plena Noite";"Decrescente";"Nublado";"Simples";"Curva";"Sim";2;0;0;0;1;2;0;3;-21,70510643;-43,50102496;"SPRF-MG";"DEL05-MG";"UOP01-DEL05-MG"
206745;2019-05-02;"quinta-feira";"04:30:00";"SC";470;2;"NAVEGANTES";"Falta de Atenção à Condução";"Tombamento";"Com Vítimas Feridas";"Plena Noite";"Crescente";"Nublado";"Simples";"Reta";"Não";2;0;1;0;0;1;1;2;-26,868551;-48,674831;"SPRF-SC";"DEL04-SC";"UOP04-DEL04-SC"
206748;2019-05-02;"quinta-feira";"06:05:00";"PE";101;42;"IGARASSU";"Falta de Atenção à Condução";"Colisão traseira";"Com Vítimas Feridas";"Pleno dia";"Decrescente";"Nublado";"Múltipla";"Declive";"Sim";4;0;2;0;1;1;2;4;-7,83887431;-34,91196739;"SPRF-PE";"DEL01-PE";"UOP02-DEL01-PE"
206750;2019-05-02;"quinta-feira";"06:05:00";"MG";116;782;"LEOPOLDINA";"Velocidade Incompatível";"Tombamento";"Com Vítimas Feridas";"Amanhecer";"Decrescente";"Nublado";"Simples";"Curva;Declive";"Não";2;0;1;0;0;1;1;2;-21,627038;-42,69996898;"SPRF-MG";"DEL07-MG";"UOP01-DEL07-MG"
206751;2019-05-01;"quarta-feira";"18:00:00";"GO";158;114,6;"PIRANHAS";"Mal Súbito";"Saída de leito carroçável";"Com Vítimas Fatais";"Anoitecer";"Crescente";"Céu Claro";"Simples";"Reta";"Não";1;1;0;0;0;0;0;1;-16,57760415;-51,74540325;"SPRF-GO";"DEL04-GO";"UOP01-DEL04-GO"
206756;2019-05-02;"quinta-feira";"06:20:00";"ES";101;20;"CONCEICAO DA BARRA";"Desobediência às normas de trânsito pelo condutor";"Colisão frontal";"Com Vítimas Feridas";"Amanhecer";"Crescente";"Céu Claro";"Simples";"Reta";"Não";6;0;3;2;1;0;5;2;-18,32566444;-39,95840192;"SPRF-ES";"DEL04-ES";"UOP02-DEL04-ES"
206760;2019-05-02;"quinta-feira";"07:00:00";"SP";116;22;"LAVRINHAS";"Defeito Mecânico no Veículo";"Tombamento";"Com Vítimas Feridas";"Pleno dia";"Decrescente";"Nublado";"Dupla";"Ponte";"Não";2;0;1;0;0;1;1;2;-22,58368521;-44,87772952;"SPRF-SP";"DEL08-SP";"UOP02-DEL08-SP"
206767;2019-05-01;"quarta-feira";"21:30:00";"BA";242;443;"IBITIARA";"Defeito Mecânico no Veículo";"Colisão traseira";"Com Vítimas Feridas";"Plena Noite";"Crescente";"Céu Claro";"Simples";"Curva";"Não";4;0;1;0;3;0;1;2;-12,4423791;-42,17379204;"SPRF-BA";"DEL06-BA";"UOP01-DEL06-BA"
206770;2019-05-02;"quinta-feira";"06:40:00";"RS";392;44;"RIO GRANDE";"Desobediência às normas de trânsito pelo condutor";"Colisão traseira";"Com Vítimas Feridas";"Amanhecer";"Decrescente";"Céu Claro";"Dupla";"Reta";"Não";5;0;0;1;2;2;1;5;-31,92816308;-52,31293137;"SPRF-RS";"DEL07-RS";"UOP02-DEL07-RS"
206776;2019-05-02;"quinta-feira";"08:00:00";"MG";153;44,9;"CANAPOLIS";"Falta de Atenção à Condução";"Colisão traseira";"Com Vítimas Feridas";"Pleno dia";"Crescente";"Céu Claro";"Dupla";"Reta";"Não";3;0;1;0;1;2;1;4;-18,77297399;-49,07332603;"SPRF-MG";"DEL15-MG";"UOP03-DEL15-MG"
206777;2019-04-29;"segunda-feira";"04:45:00";"SC";470;60,5;"BLUMENAU";"Falta de Atenção à Condução";"Colisão frontal";"Sem Vítimas";"Plena Noite";"Crescente";"Céu Claro";"Simples";"Reta";"Não";2;0;0;0;2;0;0;2;-26,88138;-49,164543;"SPRF-SC";"DEL04-SC";"UOP01-DEL04-SC"
206778;2019-05-02;"quinta-feira";"08:00:00";"SP";116;147,1;"SAO JOSE DOS CAMPOS";"Falta de Atenção à Condução";"Colisão lateral";"Com Vítimas Feridas";"Pleno dia";"Crescente";"Céu Claro";"Dupla";"Reta";"Sim";3;0;1;0;1;1;1;3;-23,19465936;-45,87047338;"SPRF-SP";"DEL02-SP";"UOP01-DEL02-SP"
206781;2019-05-02;"quinta-feira";"09:00:00";"PE";232;82;"GRAVATA";"Falta de Atenção à Condução";"Colisão traseira";"Com Vítimas Feridas";"Pleno dia";"Crescente";"Céu Claro";"Dupla";"Reta";"Sim";4;0;1;0;3;0;1;3;-8,19892804;-35,58720589;"SPRF-PE";"DEL01-PE";"UOP02-DEL02PE"
206785;2019-04-20;"sábado";"15:45:00";"BA";116;704;"MANOEL VITORINO";"Ultrapassagem Indevida";"Colisão frontal";"Com Vítimas Fatais";"Pleno dia";"Decrescente";"Céu Claro";"Simples";"Reta";"Não";5;1;1;0;2;1;1;4;-14,06331897;-40,20550622;"SPRF-BA";"DEL03-BA";"UOP01-DEL03-BA"
206786;2019-05-02;"quinta-feira";"04:30:00";"MA";222;603;"ACAILANDIA";"Falta de Atenção à Condução";"Tombamento";"Sem Vítimas";"Amanhecer";"Decrescente";"Céu Claro";"Simples";"Curva";"Não";2;0;0;0;0;2;0;2;-4,62723894;-46,9530981;"SPRF-MA";"DEL04-MA";"UOP03-DEL04-MA"
206790;2019-05-02;"quinta-feira";"07:35:00";"SC";280;23,9;"ARAQUARI";"Falta de Atenção à Condução";"Colisão transversal";"Com Vítimas Feridas";"Pleno dia";"Crescente";"Céu Claro";"Simples";"Reta";"Sim";2;0;1;0;1;0;1;2;-26,37146;-48,711887;"SPRF-SC";"DEL03-SC";"UOP03-DEL03-SC"
206793;2019-05-02;"quinta-feira";"09:00:00";"RJ";116;169;"SAO JOAO DE MERITI";"Não guardar distância de segurança";"Colisão traseira";"Com Vítimas Feridas";"Pleno dia";"Decrescente";"Céu Claro";"Dupla";"Reta";"Sim";3;0;1;0;2;0;1;2;-22,816206;-43,324463;"SPRF-RJ";"DEL01-RJ";"UOP02-DEL01-RJ"
206794;2019-04-12;"sexta-feira";"13:50:00";"RJ";40;111;"DUQUE DE CAXIAS";"Não guardar distância de segurança";"Colisão traseira";"Com Vítimas Feridas";"Pleno dia";"Crescente";"Céu Claro";"Múltipla";"Reta";"Sim";2;0;1;0;0;1;1;2;-22,69277844;-43,28778595;"SPRF-RJ";"DEL01-RJ";"UOP01-DEL01-RJ"
206799;2019-05-02;"quinta-feira";"09:55:00";"PR";476;119;"COLOMBO";"Falta de Atenção à Condução";"Colisão lateral";"Com Vítimas Feridas";"Pleno dia";"Crescente";"Céu Claro";"Múltipla";"Reta";"Sim";3;0;2;0;1;0;2;2;-25,36378714;-49,1855979;"SPRF-PR";"DEL01-PR";"UOP07-DEL01-PR"
206801;2019-05-02;"quinta-feira";"09:08:00";"MG";116;225,8;"CATUJI";"Não guardar distância de segurança";"Saída de leito carroçável";"Sem Vítimas";"Pleno dia";"Decrescente";"Céu Claro";"Simples";"Curva";"Não";2;0;0;0;1;1;0;2;-17,45272285;-41,4999207;"SPRF-MG";"DEL11-MG";"UOP01-DEL11-MG"
206802;2019-05-02;"quinta-feira";"03:50:00";"BA";116;424,7;"FEIRA DE SANTANA";"Falta de Atenção à Condução";"Colisão lateral";"Com Vítimas Feridas";"Plena Noite";"Decrescente";"Céu Claro";"Simples";"Reta";"Sim";3;0;1;0;1;2;1;4;-12,24419228;-38,9850001;"SPRF-BA";"DEL02-BA";"UOP01-DEL02-BA"
206804;2019-05-02;"quinta-feira";"09:28:00";"CE";222;3,8;"FORTALEZA";"Falta de Atenção à Condução";"Colisão lateral";"Com Vítimas Feridas";"Pleno dia";"Decrescente";"Nublado";"Múltipla";"Reta";"Sim";2;0;1;0;1;0;1;2;-3,70486637;-38,57128143;"SPRF-CE";"DEL01-CE";"UOP01-DEL01-CE"
206806;2019-01-09;"quarta-feira";"17:55:00";"MG";381;888,9;"CAMBUI";"Velocidade Incompatível";"Tombamento";"Com Vítimas Feridas";"Pleno dia";"Decrescente";"Sol";"Dupla";"Curva";"Não";2;0;1;0;0;3;1;4;-22,5331;-46,0297;"SPRF-MG";"DEL16-MG";"UOP03-DEL16-MG"
206807;2019-05-02;"quinta-feira";"10:35:00";"MG";116;412,1;"GOVERNADOR VALADARES";"Ingestão de Álcool";"Colisão com objeto estático";"Com Vítimas Feridas";"Pleno dia";"Decrescente";"Céu Claro";"Simples";"Rotatória";"Sim";1;0;1;0;0;0;1;1;-18,86882342;-41,97144241;"SPRF-MG";"DEL06-MG";"UOP01-DEL06-MG"
206808;2019-04-11;"quinta-feira";"10:30:00";"MA";230;402;"BALSAS";"Falta de Atenção à Condução";"Colisão transversal";"Com Vítimas Fatais";"Pleno dia";"Decrescente";"Céu Claro";"Simples";"Interseção de Vias";"Sim";3;1;0;0;1;3;0;5;-7,50857084;-46,03158637;"SPRF-MA";"DEL05-MA";"UOP01-DEL05-MA"
206812;2019-05-02;"quinta-feira";"11:25:00";"SP";116;145,9;"SAO JOSE DOS CAMPOS";"Falta de Atenção à Condução";"Colisão lateral";"Com Vítimas Feridas";"Pleno dia";"Decrescente";"Sol";"Dupla";"Aclive;Reta";"Sim";3;0;1;0;1;1;1;3;-23,18907309;-45,85882723;"SPRF-SP";"DEL02-SP";"UOP01-DEL02-SP"
206813;2019-05-02;"quinta-feira";"11:45:00";"MG";146;516;"POCOS DE CALDAS";"Pista Escorregadia";"Saída de leito carroçável";"Com Vítimas Feridas";"Pleno dia";"Decrescente";"Nublado";"Simples";"Curva";"Não";6;0;2;0;1;3;2;4;-21,80487535;-46,45492673;"SPRF-MG";"DEL16-MG";"UOP01-DEL09-MG"
206822;2019-05-02;"quinta-feira";"13:19:00";"PB";230;511;"CAJAZEIRAS";"Falta de Atenção à Condução";"Colisão com objeto estático";"Sem Vítimas";"Pleno dia";"Crescente";"Céu Claro";"Simples";"Curva";"Não";1;0;0;0;1;0;0;1;-6,885606;-38,617042;"SPRF-PB";"DEL03-PB";"UOP03-DEL03-PB"
206827;2019-05-02;"quinta-feira";"12:20:00";"RJ";40;122;"DUQUE DE CAXIAS";"Carga excessiva e/ou mal acondicionada";"Tombamento";"Com Vítimas Feridas";"Pleno dia";"Crescente";"Céu Claro";"Simples";"Viaduto;Curva;Aclive";"Sim";2;0;1;0;1;0;1;1;-22,79083113;-43,28611569;"SPRF-RJ";"DEL01-RJ";"UOP01-DEL01-RJ"
206835;2019-05-02;"quinta-feira";"13:00:00";"GO";60;383,9;"RIO VERDE";"Defeito Mecânico no Veículo";"Derramamento de carga";"Sem Vítimas";"Pleno dia";"Decrescente";"Sol";"Dupla";"Aclive";"Sim";2;0;0;0;1;1;0;2;-17,79756371;-50,9150219;"SPRF-GO";"DEL04-GO";"UOP01-DEL04-GO"
206836;2019-05-02;"quinta-feira";"14:20:00";"PR";277;107,2;"CAMPO LARGO";"Condutor Dormindo";"Colisão lateral";"Com Vítimas Feridas";"Pleno dia";"Decrescente";"Nublado";"Dupla";"Reta";"Não";2;0;1;0;1;0;1;2;-25,47157895;-49,35341791;"SPRF-PR";"DEL01-PR";"UOP06-DEL01-PR"
206837;2019-05-02;"quinta-feira";"14:45:00";"SC";470;62,1;"INDAIAL";"Falta de Atenção à Condução";"Colisão traseira";"Com Vítimas Feridas";"Pleno dia";"Crescente";"Nublado";"Simples";"Reta";"Não";5;0;1;0;3;1;1;4;-26,87449257;-49,18689609;"SPRF-SC";"DEL04-SC";"UOP01-DEL04-SC"
206838;2019-05-02;"quinta-feira";"12:50:00";"SC";158;115;"CUNHA PORA";"Falta de Atenção à Condução";"Tombamento";"Com Vítimas Feridas";"Pleno dia";"Decrescente";"Sol";"Simples";"Curva;Aclive";"Não";3;0;1;0;1;1;1;2;-26,93967013;-53,20472717;"SPRF-SC";"DEL07-SC";"UOP02-DEL07-SC"
206840;2019-05-02;"quinta-feira";"14:45:00";"SP";381;81;"SAO PAULO";"Não guardar distância de segurança";"Colisão traseira";"Com Vítimas Feridas";"Pleno dia";"Crescente";"Céu Claro";"Dupla";"Reta";"Sim";4;0;1;0;2;3;1;6;-23,42164863;-46,57745004;"SPRF-SP";"DEL03-SP";"UOP01-DEL03-SP"
206842;2019-05-02;"quinta-feira";"14:20:00";"ES";262;58,7;"MARECHAL FLORIANO";"Velocidade Incompatível";"Tombamento";"Com Vítimas Feridas";"Pleno dia";"Crescente";"Chuva";"Simples";"Curva";"Não";2;0;0;1;0;1;1;2;-20,42168121;-40,77787375;"SPRF-ES";"DEL01-ES";"UOP01-DEL01-ES"
206844;2019-05-02;"quinta-feira";"14:50:00";"RS";290;74,8;"GRAVATAI";"Carga excessiva e/ou mal acondicionada";"Saída de leito carroçável";"Com Vítimas Feridas";"Pleno dia";"Crescente";"Céu Claro";"Múltipla";"Aclive";"Sim";2;0;1;0;0;1;1;2;-29,953354;-50,996696;"SPRF-RS";"DEL01-RS";"UOP01-DEL01-RS"
206852;2019-05-02;"quinta-feira";"15:50:00";"MG";381;365;"SAO GONCALO DO RIO ABAIXO";"Pista Escorregadia";"Colisão frontal";"Com Vítimas Fatais";"Pleno dia";"Crescente";"Chuva";"Simples";"Curva";"Não";3;2;0;0;1;0;0;2;-19,854651;-43,261071;"SPRF-MG";"DEL03-MG";"UOP01-DEL03-MG"
206853;2019-05-02;"quinta-feira";"14:30:00";"TO";153;526,8;"PUGMIL";"Falta de Atenção à Condução";"Tombamento";"Com Vítimas Feridas";"Pleno dia";"Decrescente";"Céu Claro";"Simples";"Reta";"Não";2;0;1;0;1;0;1;1;-10,43450502;-48,89913988;"SPRF-TO";"DEL02-TO";"UOP01-DEL01-TO"
206860;2019-05-02;"quinta-feira";"15:40:00";"MA";10;257;"IMPERATRIZ";"Falta de Atenção à Condução";"Colisão transversal";"Com Vítimas Feridas";"Pleno dia";"Crescente";"Céu Claro";"Simples";"Reta";"Sim";3;0;0;2;1;0;2;2;-5,490634;-47,471973;"SPRF-MA";"DEL04-MA";"UOP01-DEL04-MA"
206861;2019-05-02;"quinta-feira";"16:20:00";"MG";267;90;"JUIZ DE FORA";"Falta de Atenção à Condução";"Colisão com objeto estático";"Sem Vítimas";"Pleno dia";"Crescente";"Céu Claro";"Simples";"Reta";"Sim";2;0;0;0;1;2;0;3;-21,75070983;-43,28034306;"SPRF-MG";"DEL05-MG";"UOP01-DEL05-MG"
206866;2019-05-02;"quinta-feira";"17:50:00";"PR";369;185,9;"ARAPONGAS";"Desobediência às normas de trânsito pelo condutor";"Colisão lateral";"Com Vítimas Feridas";"Plena Noite";"Crescente";"Nublado";"Simples";"Reta";"Sim";2;0;1;0;1;0;1;2;-23,415513;-51,427215;"SPRF-PR";"DEL07-PR";"UOP03-DEL07-PR"
206868;2019-05-02;"quinta-feira";"16:30:00";"MG";262;431,3;"NOVA SERRANA";"Falta de Atenção à Condução";"Capotamento";"Sem Vítimas";"Pleno dia";"Decrescente";"Nublado";"Dupla";"Curva";"Não";2;0;0;0;2;0;0;2;-19,89717972;-44,87640381;"SPRF-MG";"DEL08-MG";"UOP03-DEL08-MG"
206871;2019-05-02;"quinta-feira";"18:30:00";"RN";226;0,5;"NATAL";"Desobediência às normas de trânsito pelo condutor";"Colisão lateral";"Com Vítimas Feridas";"Plena Noite";"Decrescente";"Céu Claro";"Simples";"Curva";"Sim";2;0;0;1;1;0;1;2;-5,80257414;-35,23762822;"SPRF-RN";"DEL01-RN";"UOP02-DEL01-RN"
206874;2019-05-02;"quinta-feira";"16:50:00";"MG";153;108,5;"PRATA";"Condutor Dormindo";"Colisão lateral";"Com Vítimas Feridas";"Pleno dia";"Decrescente";"Céu Claro";"Simples";"Declive";"Não";5;0;1;1;2;3;2;6;-19,30361557;-48,90726507;"SPRF-MG";"DEL15-MG";"UOP03-DEL15-MG"
206884;2019-01-22;"terça-feira";"07:30:00";"MA";230;93;"SAO JOAO DOS PATOS";"Falta de Atenção à Condução";"Tombamento";"Com Vítimas Feridas";"Pleno dia";"Decrescente";"Céu Claro";"Simples";"Aclive";"Não";2;0;1;0;0;1;1;2;-6,492675;-43,710655;"SPRF-PI";"DEL03-PI";"UOP01-DEL03-PI"
206885;2019-05-02;"quinta-feira";"15:30:00";"MG";381;338;"NOVA ERA";"Falta de Atenção à Condução";"Colisão frontal";"Com Vítimas Feridas";"Pleno dia";"Crescente";"Chuva";"Simples";"Curva";"Não";2;0;1;0;1;0;1;2;-19,82924241;-43,0894489;"SPRF-MG";"DEL03-MG";"UOP01-DEL03-MG"
206891;2019-05-02;"quinta-feira";"18:50:00";"MG";251;359,4;"PADRE CARVALHO";"Falta de Atenção à Condução";"Colisão transversal";"Com Vítimas Feridas";"Plena Noite";"Decrescente";"Céu Claro";"Simples";"Reta";"Não";3;0;0;1;1;1;1;3;-16,27083436;-42,60207918;"SPRF-MG";"DEL12-MG";"UOP01-DEL12-MG"
206897;2019-05-02;"quinta-feira";"13:20:00";"MG";116;109,9;"ITAOBIM";"Defeito Mecânico no Veículo";"Tombamento";"Com Vítimas Feridas";"Pleno dia";"Crescente";"Céu Claro";"Simples";"Curva";"Não";2;0;1;0;0;1;1;2;-16,504778;-41,509861;"SPRF-MG";"DEL11-MG";"UOP02-DEL11-MG"
206899;2019-05-02;"quinta-feira";"20:00:00";"MG";365;763;"ITUIUTABA";"Ingestão de Álcool";"Colisão frontal";"Com Vítimas Feridas";"Plena Noite";"Crescente";"Céu Claro";"Simples";"Reta";"Não";3;0;1;0;1;2;1;4;-18,96425872;-49,54031799;"SPRF-MG";"DEL15-MG";"UOP03-DEL15-MG"
206901;2019-05-02;"quinta-feira";"20:00:00";"PR";116;135;"MANDIRITUBA";"Falta de Atenção à Condução";"Colisão traseira";"Com Vítimas Feridas";"Plena Noite";"Crescente";"Céu Claro";"Simples";"Declive";"Não";2;0;1;0;1;0;1;2;-25,68413003;-49,31639964;"SPRF-PR";"DEL01-PR";"UOP03-DEL01-PR"
206903;2019-05-02;"quinta-feira";"17:15:00";"RS";116;5,3;"VACARIA";"Não guardar distância de segurança";"Colisão traseira";"Com Vítimas Feridas";"Pleno dia";"Decrescente";"Céu Claro";"Simples";"Curva";"Não";3;0;2;0;1;0;2;2;-28,2477362;-50,77738166;"SPRF-RS";"DEL05-RS";"UOP03-DEL05-RS"
206904;2019-05-02;"quinta-feira";"18:40:00";"MT";364;201,5;"RONDONOPOLIS";"Falta de Atenção à Condução";"Colisão traseira";"Com Vítimas Fatais";"Plena Noite";"Decrescente";"Céu Claro";"Simples";"Reta";"Sim";3;1;0;0;1;2;0;4;-16,491405;-54,646378;"SPRF-MT";"DEL02-MT";"UOP01-DEL02-MT"
206908;2019-04-09;"terça-feira";"16:15:00";"MT";70;518;"VARZEA GRANDE";"Ultrapassagem Indevida";"Colisão lateral";"Com Vítimas Feridas";"Pleno dia";"Decrescente";"Céu Claro";"Simples";"Curva";"Sim";2;0;1;0;1;0;1;2;-15,70040758;-56,1635167;"SPRF-MT";"DEL01-MT";"DEL2/4-UOP02/MT"
206910;2019-05-02;"quinta-feira";"20:30:00";"PR";116;126,4;"FAZENDA RIO GRANDE";"Defeito Mecânico no Veículo";"Colisão transversal";"Com Vítimas Feridas";"Plena Noite";"Decrescente";"Céu Claro";"Dupla";"Interseção de Vias";"Sim";3;0;1;0;2;0;1;2;-25,60389895;-49,31824423;"SPRF-PR";"DEL01-PR";"UOP03-DEL01-PR"
206911;2019-05-02;"quinta-feira";"21:00:00";"MT";158;796,8;"BARRA DO GARCAS";"Velocidade Incompatível";"Colisão frontal";"Com Vítimas Feridas";"Plena Noite";"Crescente";"Nublado";"Simples";"Reta";"Sim";3;0;0;1;1;2;1;4;-15,87425662;-52,31551604;"SPRF-MT";"DEL07-MT";"UOP01-DEL07-MT"
206912;2019-05-02;"quinta-feira";"20:09:00";"MT";364;408,9;"CUIABA";"Falta de Atenção à Condução";"Colisão traseira";"Com Vítimas Fatais";"Plena Noite";"Crescente";"Céu Claro";"Múltipla";"Reta";"Sim";2;1;0;0;1;0;0;2;-15,647738;-56,005013;"SPRF-MT";"DEL02-MT";"UOP02-DEL01-MT"
206914;2019-05-02;"quinta-feira";"21:00:00";"BA";110;66;"JEREMOABO";"Defeito Mecânico no Veículo";"Tombamento";"Sem Vítimas";"Plena Noite";"Decrescente";"Céu Claro";"Simples";"Curva";"Não";2;0;0;0;1;1;0;2;-10,02015426;-38,32185556;"SPRF-BA";"DEL07-BA";"UOP01-DEL07-BA"
206916;2019-05-02;"quinta-feira";"22:17:00";"SC";101;269,5;"IMBITUBA";"Falta de Atenção à Condução";"Colisão traseira";"Com Vítimas Feridas";"Plena Noite";"Decrescente";"Céu Claro";"Dupla";"Reta";"Não";3;0;1;0;1;2;1;4;-28,09417595;-48,70917593;"SPRF-SC";"DEL02-SC";"UOP03-DEL02-SC"