"id";"data_inversa";"dia_semana";"horario";"uf";"br";"km";"municipio";"causa_acidente";"tipo_acidente";"classificacao_acidente";"fase_dia";"sentido_via";"condicao_metereologica";"tipo_pista";"tracado_via";"uso_solo";"pessoas";"mortos";"feridos_leves";"feridos_graves";"ilesos";"ignorados";"feridos";"veiculos";"latitude";"longitude";"regional";"delegacia";"uop"
207656;2019-05-06;"segunda-feira";"14:45:00";"PE";101;45;"IGARASSU";"Falta de Atenção à Condução";"Colisão traseira";"Sem Vítimas";"Pleno dia";"Decrescente";"Sol";"Múltipla";"Reta";"Sim";5;0;0;0;5;0;0;5;-7,86521297;-34,90715176;"SPRF-PE";"DEL01-PE";"UOP02-DEL01-PE"
207657;2019-05-06;"segunda-feira";"14:40:00";"PR";116;205,9;"RIO NEGRO";"Desobediência às normas de trânsito pelo condutor";"Colisão transversal";"Com Vítimas Fatais";"Pleno dia";"Crescente";"Céu Claro";"Múltipla";"Reta";"Não";4;1;0;1;1;1;1;3;-26,05749692;-49,72632005;"SPRF-SC";"DEL06-SC";"UOP01-DEL06-SC"
207662;2019-05-06;"segunda-feira";"16:00:00";"SC";470;96,5;"APIUNA";"Desobediência às normas de trânsito pelo condutor";"Colisão frontal";"Com Vítimas Fatais";"Pleno dia";"Crescente";"Sol";"Simples";"Curva";"Sim";4;2;0;0;1;1;0;3;-27,02076774;-49,37139988;"SPRF-SC";"DEL04-SC";"UOP01-DEL04-SC"
207675;2019-05-06;"segunda-feira";"16:50:00";"MG";459;94,2;"POUSO ALEGRE";"Falta de Atenção à Condução";"Colisão traseira";"Com Vítimas Fatais";"Pleno dia";"Decrescente";"Céu Claro";"Simples";"Reta";"Não";3;1;0;0;1;1;0;3;-22,184677;-45,988678;"SPRF-MG";"DEL13-MG";"UOP01-DEL13-MG"
207677;2019-05-06;"segunda-feira";"17:20:00";"SP";116;317,2;"JUQUITIBA";"Velocidade Incompatível";"Tombamento";"Com Vítimas Fatais";"Pleno dia";"Decrescente";"Céu Claro";"Dupla";"Curva;Declive";"Não";2;1;0;1;0;0;1;1;-23,91799802;-46,98973192;"SPRF-SP";"DEL04-SP";"UOP03-DEL04-SP"
207680;2019-05-06;"segunda-feira";"16:40:00";"MA";135;8;"SAO LUIS";"Falta de Atenção à Condução";"Colisão traseira";"Com Vítimas Feridas";"Pleno dia";"Crescente";"Nublado";"Dupla";"Rotatória";"Sim";3;0;2;0;1;0;2;2;-2,64342093;-44,27374175;"SPRF-MA";"DEL01-MA";"UOP01-DEL01-MA"
207681;2019-05-06;"segunda-feira";"17:00:00";"PE";428;192;"PETROLINA";"Desobediência às normas de trânsito pelo condutor";"Colisão transversal";"Com Vítimas Feridas";"Pleno dia";"Crescente";"Céu Claro";"Simples";"Reta";"Sim";2;0;1;0;1;0;1;2;-9,38601768;-40,52330912;"SPRF-PE";"DEL06-PE";"UOP01-DEL06-PE"
207685;2019-05-06;"segunda-feira";"14:50:00";"MG";116;770,7;"LEOPOLDINA";"Falta de Atenção à Condução";"Tombamento";"Com Vítimas Feridas";"Pleno dia";"Crescente";"Céu Claro";"Simples";"Curva";"Não";2;0;1;0;0;1;1;2;-21,55054675;-42,67361103;"SPRF-MG";"DEL07-MG";"UOP01-DEL07-MG"
207697;2019-05-06;"segunda-feira";"18:50:00";"SP";116;208;"GUARULHOS";"Mal Súbito";"Colisão lateral";"Com Vítimas Feridas";"Plena Noite";"Decrescente";"Céu Claro";"Múltipla";"Reta";"Sim";4;0;1;0;2;2;1;5;-23,42222263;-46,3932771;"SPRF-SP";"DEL01-SP";"UOP01-DEL01-SP"
207699;2019-05-06;"segunda-feira";"19:10:00";"GO";153;439,6;"ANAPOLIS";"Pista Escorregadia";"Derramamento de carga";"Com Vítimas Feridas";"Plena Noite";"Crescente";"Céu Claro";"Dupla";"Curva";"Sim";9;0;3;0;5;2;3;8;-16,298529;-48,928207;"SPRF-GO";"DEL02-GO";"UOP01-DEL02-GO"
207704;2019-05-06;"segunda-feira";"18:33:00";"MS";60;392,3;"SIDROLANDIA";"Falta de Atenção à Condução";"Colisão traseira";"Com Vítimas Feridas";"Plena Noite";"Crescente";"Nublado";"Simples";"Reta";"Não";6;0;1;0;4;1;1;4;-20,7294781;-54,77849564;"SPRF-MS";"DEL01-MS";"UOP04-DEL01-MS"
207705;2019-05-06;"segunda-feira";"19:10:00";"GO";153;99,5;"SANTA TEREZA DE GOIAS";"Ultrapassagem Indevida";"Colisão frontal";"Com Vítimas Feridas";"Plena Noite";"Crescente";"Céu Claro";"Simples";"Reta";"Não";2;0;1;1;0;0;2;2;-13,646474;-49,03952;"SPRF-GO";"DEL07-GO";"UOP01-DEL07-GO"
207709;2019-05-06;"segunda-feira";"19:45:00";"MG";146;543,9;"MUZAMBINHO";"Condutor Dormindo";"Colisão transversal";"Com Vítimas Feridas";"Plena Noite";"Crescente";"Céu Claro";"Simples";"Interseção de Vias";"Não";3;0;2;0;1;0;2;2;-21,358437;-46,473454;"SPRF-MG";"DEL16-MG";"UOP01-DEL09-MG"
207710;2019-05-06;"segunda-feira";"20:45:00";"SP";116;211,3;"GUARULHOS";"Velocidade Incompatível";"Colisão traseira";"Com Vítimas Feridas";"Plena Noite";"Decrescente";"Céu Claro";"Múltipla";"Reta";"Sim";3;0;0;1;1;1;1;3;-23,4324306;-46,4194352;"SPRF-SP";"DEL01-SP";"UOP01-DEL01-SP"
207711;2019-05-06;"segunda-feira";"17:00:00";"SC";101;252;"PAULO LOPES";"Desobediência às normas de trânsito pelo condutor";"Colisão transversal";"Com Vítimas Feridas";"Pleno dia";"Decrescente";"Nublado";"Simples";"Interseção de Vias;Reta";"Sim";2;0;1;0;1;0;1;2;-27,95672412;-48,6767588;"SPRF-SC";"DEL02-SC";"UOP03-DEL02-SC"
207717;2019-05-06;"segunda-feira";"18:20:00";"BA";242;182;"ITABERABA";"Defeito na Via";"Tombamento";"Com Vítimas Feridas";"Plena Noite";"Decrescente";"Céu Claro";"Simples";"Reta";"Não";2;0;0;1;0;1;1;2;-12,52350429;-40,22408606;"SPRF-BA";"DEL06-BA";"UOP02-DEL06-BA"
207723;2019-05-06;"segunda-feira";"22:45:00";"SP";116;8;"QUELUZ";"Condutor Dormindo";"Colisão traseira";"Com Vítimas Feridas";"Plena Noite";"Crescente";"Nublado";"Dupla";"Reta";"Sim";3;0;0;1;1;2;1;4;-22,536327;-44,7714;"SPRF-SP";"DEL08-SP";"UOP02-DEL08-SP"
207728;2019-05-06;"segunda-feira";"23:00:00";"AL";423;99,5;"DELMIRO GOUVEIA";"Falta de Atenção à Condução";"Colisão traseira";"Com Vítimas Fatais";"Plena Noite";"Crescente";"Céu Claro";"Simples";"Reta";"Não";6;1;1;2;2;0;3;2;-9,38724153;-38,14889982;"SPRF-BA";"DEL07-BA";"UOP01-DEL07-BA"
207731;2019-05-06;"segunda-feira";"21:00:00";"GO";414;417;"ABADIANIA";"Falta de Atenção à Condução";"Colisão lateral";"Com Vítimas Feridas";"Plena Noite";"Crescente";"Céu Claro";"Simples";"Curva";"Não";2;0;0;1;1;0;1;2;-16,10506206;-48,87174021;"SPRF-GO";"DEL02-GO";"UOP01-DEL02-GO"
207732;2019-05-07;"terça-feira";"01:30:00";"MG";262;480,1;"BOM DESPACHO";"Condutor Dormindo";"Colisão frontal";"Com Vítimas Fatais";"Plena Noite";"Decrescente";"Nublado";"Simples";"Aclive";"Não";4;1;1;1;0;1;2;3;-19,78696514;-45,24828201;"SPRF-MG";"DEL08-MG";"UOP03-DEL08-MG"
207733;2019-05-07;"terça-feira";"01:00:00";"MG";364;22,3;"FRUTAL";"Condutor Dormindo";"Colisão com objeto estático";"Sem Vítimas";"Plena Noite";"Crescente";"Céu Claro";"Simples";"Declive";"Não";2;0;0;0;1;1;0;2;-20,03085465;-48,88040543;"SPRF-MG";"DEL13-MG";"UOP02-DEL13-MG"
207735;2019-05-07;"terça-feira";"02:06:00";"SP";116;116,6;"TAUBATE";"Restrição de Visibilidade";"Atropelamento de Pedestre";"Com Vítimas Fatais";"Plena Noite";"Decrescente";"Chuva";"Dupla";"Reta";"Sim";2;1;0;0;1;0;0;2;-23,05376319;-45,6088049;"SPRF-SP";"DEL06-SP";"UOP02-DEL02-SP"
207741;2019-05-07;"terça-feira";"06:50:00";"MG";40;531,5;"CONTAGEM";"Não guardar distância de segurança";"Colisão traseira";"Com Vítimas Feridas";"Pleno dia";"Decrescente";"Sol";"Dupla";"Reta";"Sim";3;0;1;0;2;0;1;2;-19,91962483;-44,02522683;"SPRF-MG";"DEL01-MG";"UOP02-DEL01-MG"
207745;2019-05-07;"terça-feira";"06:23:00";"SC";470;129,9;"LONTRAS";"Falta de Atenção à Condução";"Colisão transversal";"Com Vítimas Feridas";"Pleno dia";"Decrescente";"Céu Claro";"Simples";"Reta";"Sim";3;0;1;0;1;1;1;3;-27,148499;-49,556137;"SPRF-SC";"DEL04-SC";"UOP02-DEL04-SC"
207746;2019-05-07;"terça-feira";"05:45:00";"RS";153;6;"MARCELINO RAMOS";"Defeito Mecânico no Veículo";"Incêndio";"Sem Vítimas";"Plena Noite";"Decrescente";"Nevoeiro/Neblina";"Simples";"Reta";"Não";2;0;0;0;1;1;0;2;-27,41003804;-52,0175761;"SPRF-RS";"DEL08-RS";"UOP04-DEL08-RS"
207756;2019-05-07;"terça-feira";"05:45:00";"RS";285;273,5;"MATO CASTELHANO";"Falta de Atenção à Condução";"Colisão transversal";"Com Vítimas Feridas";"Plena Noite";"Decrescente";"Nublado";"Simples";"Reta";"Sim";4;0;1;0;2;2;1;4;-28,277298;-52,194843;"SPRF-RS";"DEL08-RS";"UOP03-DEL08-RS"
207760;2019-05-07;"terça-feira";"08:25:00";"RJ";393;178,5;"PARAIBA DO SUL";"Falta de Atenção à Condução";"Colisão transversal";"Sem Vítimas";"Pleno dia";"Crescente";"Sol";"Simples";"Reta";"Sim";2;0;0;0;2;0;0;2;-22,13915524;-43,25470805;"SPRF-RJ";"DEL05-RJ";"UOP03-DEL05-RJ"
207768;2019-04-25;"quinta-feira";"18:00:00";"MS";267;72,7;"BATAGUASSU";"Objeto estático sobre o leito carroçável";"Colisão com objeto estático";"Com Vítimas Feridas";"Anoitecer";"Crescente";"Céu Claro";"Simples";"Aclive";"Não";6;0;3;0;3;0;3;2;-21,86335213;-52,78763697;"SPRF-MS";"DEL02-MS";"UOP04-DEL02-MS"
207772;2019-05-07;"terça-feira";"09:10:00";"PR";277;51;"SAO JOSE DOS PINHAIS";"Velocidade Incompatível";"Saída de leito carroçável";"Com Vítimas Feridas";"Pleno dia";"Decrescente";"Céu Claro";"Dupla";"Curva";"Não";2;0;0;1;0;1;1;2;-25,59515989;-48,90700787;"SPRF-PR";"DEL01-PR";"UOP07-DEL01-PR"
207774;2019-05-07;"terça-feira";"08:30:00";"MG";40;669,5;"CARANDAI";"Falta de Atenção à Condução";"Colisão lateral";"Com Vítimas Feridas";"Pleno dia";"Crescente";"Sol";"Simples";"Declive;Reta";"Não";5;0;1;0;3;1;1;4;-20,95949689;-43,78978984;"SPRF-MG";"DEL05-MG";"UOP02-DEL05-MG"
207775;2019-05-07;"terça-feira";"08:00:00";"MG";381;634,1;"OLIVEIRA";"Velocidade Incompatível";"Tombamento";"Com Vítimas Feridas";"Pleno dia";"Decrescente";"Céu Claro";"Dupla";"Curva";"Não";3;0;2;0;0;1;2;2;-20,87602422;-44,84695195;"SPRF-MG";"DEL04-MG";"UOP01-DEL04-MG"
207781;2019-04-18;"quinta-feira";"05:30:00";"RJ";116;174;"MESQUITA";"Não guardar distância de segurança";"Engavetamento";"Com Vítimas Feridas";"Amanhecer";"Decrescente";"Céu Claro";"Múltipla";"Reta";"Sim";5;0;2;0;3;0;2;4;-22,79423806;-43,36403759;"SPRF-RJ";"DEL01-RJ";"UOP02-DEL01-RJ"
207784;2019-01-05;"sábado";"01:50:00";"MG";40;455,7;"CAETANOPOLIS";"Condutor Dormindo";"Colisão traseira";"Com Vítimas Feridas";"Plena Noite";"Crescente";"Céu Claro";"Dupla";"Curva;Aclive";"Não";2;0;0;1;1;0;1;2;-19,361;-44,342;"SPRF-MG";"DEL02-MG";"UOP01-DEL02-MG"
207789;2019-05-07;"terça-feira";"10:50:00";"PR";376;4;"SAO JOSE DOS PINHAIS";"Falta de Atenção à Condução";"Colisão lateral";"Sem Vítimas";"Pleno dia";"Crescente";"Nublado";"Dupla";"Reta";"Não";3;0;0;0;1;2;0;3;-25,5307;-49,1958;"SPRF-PR";"DEL01-PR";"UOP01-DEL01-PR"
207792;2019-05-07;"terça-feira";"07:40:00";"SC";280;288,6;"PORTO UNIAO";"Falta de Atenção à Condução";"Colisão lateral";"Com Vítimas Feridas";"Pleno dia";"Crescente";"Céu Claro";"Simples";"Reta";"Não";2;0;1;0;1;0;1;2;-26,29662996;-50,905271;"SPRF-SC";"DEL06-SC";"UOP04-DEL06-SC"
207793;2019-05-07;"terça-feira";"11:50:00";"PE";232;508,2;"SALGUEIRO";"Desobediência às normas de trânsito pelo condutor";"Colisão com objeto estático";"Com Vítimas Feridas";"Pleno dia";"Crescente";"Céu Claro";"Simples";"Interseção de Vias";"Sim";4;0;1;0;1;3;1;5;-8,06223271;-39,12095006;"SPRF-PE";"DEL05-PE";"UOP01-DEL05-PE"
207795;2019-05-07;"terça-feira";"10:20:00";"PA";230;128;"MARABA";"Desobediência às normas de trânsito pelo pedestre";"Atropelamento de Pedestre";"Com Vítimas Fatais";"Pleno dia";"Decrescente";"Céu Claro";"Simples";"Reta";"Sim";3;1;0;0;1;2;0;4;-5,3732012;-49,16779803;"SPRF-PA";"DEL03-PA";"UOP01-DEL03-PA"
207798;2019-05-07;"terça-feira";"11:35:00";"CE";222;300;"TIANGUA";"Defeito Mecânico no Veículo";"Colisão traseira";"Sem Vítimas";"Pleno dia";"Crescente";"Céu Claro";"Simples";"Declive;Curva";"Não";4;0;0;0;3;1;0;3;-3,65653078;-40,9347551;"SPRF-CE";"DEL04-CE";"UOP02-DEL04-CE"
207801;2019-05-07;"terça-feira";"06:00:00";"MG";381;799;"SAO GONCALO DO SAPUCAI";"Condutor Dormindo";"Saída de leito carroçável";"Com Vítimas Feridas";"Amanhecer";"Crescente";"Céu Claro";"Dupla";"Curva";"Não";2;0;1;0;1;0;1;1;-21,97237106;-45,63123585;"SPRF-MG";"DEL16-MG";"UOP02-DEL16-MG"
207803;2019-05-07;"terça-feira";"13:00:00";"RS";470;226;"GARIBALDI";"Falta de Atenção à Condução";"Colisão lateral";"Sem Vítimas";"Pleno dia";"Decrescente";"Nublado";"Simples";"Aclive;Reta";"Não";2;0;0;0;2;0;0;2;-29,26119233;-51,50693538;"SPRF-RS";"DEL06-RS";"UOP01-DEL06-RS"
207808;2019-05-07;"terça-feira";"12:30:00";"MG";251;465,2;"FRANCISCO SA";"Velocidade Incompatível";"Derramamento de carga";"Sem Vítimas";"Pleno dia";"Crescente";"Céu Claro";"Simples";"Curva";"Não";2;0;0;0;1;1;0;2;-16,44149786;-43,39706898;"SPRF-MG";"DEL12-MG";"UOP01-DEL12-MG"
207810;2019-04-05;"sexta-feira";"15:00:00";"MG";365;638,5;"UBERLANDIA";"Falta de Atenção à Condução";"Colisão traseira";"Com Vítimas Feridas";"Pleno dia";"Crescente";"Céu Claro";"Dupla";"Reta;Declive";"Não";7;0;0;4;1;2;4;4;-18,88535924;-48,46544904;"SPRF-MG";"DEL15-MG";"UOP01-DEL15-MG"
207812;2019-05-07;"terça-feira";"13:20:00";"ES";101;270,7;"SERRA";"Desobediência às normas de trânsito pelo condutor";"Colisão transversal";"Com Vítimas Feridas";"Pleno dia";"Decrescente";"Sol";"Múltipla";"Interseção de Vias";"Sim";4;0;0;1;3;0;1;2;-20,23030821;-40,27291775;"SPRF-ES";"DEL02-ES";"UOP01-DEL02-ES"
207814;2019-05-07;"terça-feira";"13:25:00";"RJ";116;177,8;"MESQUITA";"Falta de Atenção à Condução";"Colisão traseira";"Com Vítimas Feridas";"Pleno dia";"Decrescente";"Céu Claro";"Dupla";"Reta";"Sim";4;0;1;1;2;0;2;2;-22,80288347;-43,47781604;"SPRF-RJ";"DEL01-RJ";"UOP02-DEL01-RJ"
207815;2019-05-07;"terça-feira";"11:10:00";"SP";116;363;"MIRACATU";"Falta de Atenção à Condução";"Tombamento";"Com Vítimas Feridas";"Pleno dia";"Crescente";"Céu Claro";"Dupla";"Reta";"Não";2;0;1;0;0;1;1;2;-24,13038097;-47,27114281;"SPRF-SP";"DEL04-SP";"UOP03-DEL04-SP"
207820;2019-05-07;"terça-feira";"14:00:00";"MG";365;688;"MONTE ALEGRE DE MINAS";"Defeito Mecânico no Veículo";"Colisão com objeto estático";"Com Vítimas Feridas";"Pleno dia";"Crescente";"Céu Claro";"Dupla";"Declive";"Não";6;0;1;0;4;1;1;6;-18,87623321;-48,88400401;"SPRF-MG";"DEL15-MG";"UOP03-DEL15-MG"
207823;2019-03-07;"quinta-feira";"01:00:00";"SC";470;222,3;"SAO CRISTOVAO DO SUL";"Condutor Dormindo";"Colisão traseira";"Com Vítimas Feridas";"Plena Noite";"Crescente";"Garoa/Chuvisco";"Dupla";"Reta";"Não";6;0;4;0;1;2;4;4;-27,316019;-50,327316;"SPRF-SC";"DEL05-SC";"UOP03-DEL05-SC"
207828;2019-05-07;"terça-feira";"14:15:00";"SP";459;31,5;"LORENA";"Ingestão de Álcool";"Colisão lateral";"Com Vítimas Feridas";"Pleno dia";"Crescente";"Céu Claro";"Simples";"Reta";"Não";4;0;3;0;1;0;3;3;-22,732813;-45,098679;"SPRF-SP";"DEL08-SP";"UOP03-DEL08-SP"
207837;2019-05-07;"terça-feira";"16:20:00";"PR";369;522;"CASCAVEL";"Falta de Atenção à Condução";"Colisão transversal";"Com Vítimas Feridas";"Pleno dia";"Crescente";"Céu Claro";"Simples";"Interseção de Vias";"Não";3;0;0;1;1;2;1;4;-24,9408;-53,3978;"SPRF-PR";"DEL04-PR";"UOP01-DEL04-PR"
207839;2019-05-07;"terça-feira";"14:30:00";"MT";364;197,2;"RONDONOPOLIS";"Ultrapassagem Indevida";"Saída de leito carroçável";"Com Vítimas Feridas";"Pleno dia";"Crescente";"Céu Claro";"Simples";"Reta";"Não";4;0;1;0;1;2;1;3;-16,51125876;-54,61517884;"SPRF-MT";"DEL02-MT";"UOP01-DEL02-MT"
207843;2019-05-07;"terça-feira";"15:50:00";"MS";163;492,2;"CAMPO GRANDE";"Falta de Atenção à Condução";"Colisão traseira";"Com Vítimas Feridas";"Pleno dia";"Crescente";"Céu Claro";"Simples";"Em Obras";"Não";4;0;1;0;2;1;1;3;-20,36949987;-54,5320492;"SPRF-MS";"DEL01-MS";"UOP02-DEL01-MS"
207846;2019-02-14;"quinta-feira";"06:00:00";"MT";158;330;"CANABRAVA DO NORTE";"Falta de Atenção à Condução";"Colisão frontal";"Com Vítimas Fatais";"Amanhecer";"Crescente";"Céu Claro";"Simples";"Reta";"Não";3;1;0;0;1;3;0;5;-11,128852;-51,702858;"SPRF-MT";"DEL07-MT";"UOP02-DEL07-MT"
207857;2019-05-07;"terça-feira";"17:20:00";"MT";364;203;"RONDONOPOLIS";"Falta de Atenção à Condução";"Engavetamento";"Com Vítimas Feridas";"Plena Noite";"Crescente";"Céu Claro";"Dupla";"Reta";"Sim";5;0;1;0;3;4;1;8;-16,47555256;-54,65344724;"SPRF-MT";"DEL02-MT";"UOP01-DEL02-MT"
207866;2019-05-07;"terça-feira";"19:30:00";"SP";116;401;"MIRACATU";"Falta de Atenção à Condução";"Colisão traseira";"Com Vítimas Fatais";"Plena Noite";"Decrescente";"Céu Claro";"Dupla";"Reta";"Não";4;1;0;0;2;1;0;4;-24,31051469;-47,50995275;"SPRF-SP";"DEL04-SP";"UOP02-DEL04-SP"
207873;2019-05-07;"terça-feira";"19:30:00";"MG";381;291;"ANTONIO DIAS";"Defeito Mecânico no Veículo";"Incêndio";"Sem Vítimas";"Plena Noite";"Crescente";"Céu Claro";"Simples";"Reta";"Não";2;0;0;0;1;1;0;2;-19,61790034;-42,79700518;"SPRF-MG";"DEL03-MG";"UOP02-DEL03-MG"
207874;2019-05-07;"terça-feira";"15:40:00";"MA";226;542;"PORTO FRANCO";"Defeito na Via";"Saída de leito carroçável";"Com Vítimas Feridas";"Pleno dia";"Crescente";"Céu Claro";"Simples";"Reta";"Não";3;0;1;1;1;0;2;1;-6,24642542;-47,14775723;"SPRF-MA";"DEL04-MA";"UOP02-DEL04-MA"
207878;2019-05-07;"terça-feira";"20:20:00";"MS";163;35;"ELDORADO";"Desobediência às normas de trânsito pelo condutor";"Colisão lateral";"Com Vítimas Feridas";"Plena Noite";"Decrescente";"Céu Claro";"Simples";"Declive;Reta";"Não";5;0;0;3;0;3;3;6;-23,80896016;-54,32247995;"SPRF-MS";"DEL09-MS";"UOP02-DEL09-MS"
207904;2019-05-07;"terça-feira";"21:20:00";"MG";262;661,9;"IBIA";"Desobediência às normas de trânsito pelo condutor";"Colisão lateral";"Sem Vítimas";"Plena Noite";"Decrescente";"Chuva";"Simples";"Reta;Ponte";"Não";4;0;0;0;3;1;0;4;-19,57766396;-46,72788197;"SPRF-MG";"DEL08-MG";"UOP01-DEL08-MG"
207905;2019-05-07;"terça-feira";"22:00:00";"SP";381;13;"BRAGANCA PAULISTA";"Falta de Atenção à Condução";"Colisão traseira";"Sem Vítimas";"Plena Noite";"Crescente";"Nublado";"Dupla";"Reta";"Não";3;0;0;0;2;1;0;3;-22,93319831;-46,46980452;"SPRF-SP";"DEL03-SP";"UOP02-DEL03-SP"
207908;2019-05-07;"terça-feira";"22:30:00";"RN";304;223,6;"CAICARA DO RIO DO VENTO";"Fenômenos da Natureza";"Saída de leito carroçável";"Com Vítimas Feridas";"Plena Noite";"Crescente";"Chuva";"Simples";"Aclive";"Não";2;0;0;1;0;1;1;2;-5,75313;-35,95785;"SPRF-RN";"DEL01-RN";"UOP03-DEL01-RN"
207911;2019-05-07;"terça-feira";"20:11:00";"BA";367;32,5;"PORTO SEGURO";"Animais na Pista";"Atropelamento de Animal";"Sem Vítimas";"Plena Noite";"Crescente";"Ignorado";"Simples";"Reta";"Não";1;0;0;0;1;0;0;1;-16,42202306;-39,14457302;"SPRF-BA";"DEL09-BA";"UOP01-DEL09-BA"
207912;2019-05-07;"terça-feira";"21:00:00";"RO";364;423;"JARU";"Falta de Atenção à Condução";"Colisão transversal";"Com Vítimas Feridas";"Plena Noite";"Crescente";"Céu Claro";"Simples";"Reta";"Sim";2;0;0;1;1;0;1;2;-10,45220802;-62,46072003;"SPRF-RO";"DEL03-RO";"UOP02-DEL03-RO"
207915;2019-05-07;"terça-feira";"22:50:00";"SC";280;19,2;"ARAQUARI";"Falta de Atenção à Condução";"Colisão traseira";"Com Vítimas Feridas";"Plena Noite";"Decrescente";"Garoa/Chuvisco";"Simples";"Reta";"Não";3;0;1;0;1;1;1;3;-26,3693676;-48,67221803;"SPRF-SC";"DEL03-SC";"UOP03-DEL03-SC"
207922;2019-05-08;"quarta-feira";"01:30:00";"PB";101;123;"CAAPORA";"Falta de Atenção à Condução";"Colisão com objeto estático";"Com Vítimas Feridas";"Plena Noite";"Decrescente";"Chuva";"Dupla";"Curva";"Não";2;0;1;0;0;2;1;3;-7,45899116;-34,98028636;"SPRF-PB";"DEL01-PB";"UOP01-DEL01-PB"
207923;2019-05-08;"quarta-feira";"02:10:00";"MG";40;437,4;"PARAOPEBA";"Falta de Atenção do Pedestre";"Atropelamento de Pedestre";"Com Vítimas Fatais";"Plena Noite";"Crescente";"Céu Claro";"Dupla";"Reta";"Não";2;1;0;0;1;0;0;2;-19,23100428;-44,43562244;"SPRF-MG";"DEL02-MG";"UOP01-DEL02-MG"
207924;2019-05-08;"quarta-feira";"02:50:00";"RJ";40;120;"DUQUE DE CAXIAS";"Não guardar distância de segurança";"Colisão traseira";"Com Vítimas Feridas";"Plena Noite";"Crescente";"Nublado";"Múltipla";"Reta";"Sim";3;0;1;0;2;0;1;2;-22,77675525;-43,28599334;"SPRF-RJ";"DEL01-RJ";"UOP01-DEL01-RJ"
207929;2019-05-08;"quarta-feira";"01:30:00";"ES";101;400;"ITAPEMIRIM";"Condutor Dormindo";"Saída de leito carroçável";"Com Vítimas Feridas";"Plena Noite";"Crescente";"Chuva";"Simples";"Curva";"Não";2;0;1;0;0;1;1;2;-20,88154434;-40,97435202;"SPRF-ES";"DEL03-ES";"UOP02-DEL03-ES"
207933;2019-05-08;"quarta-feira";"04:30:00";"MT";364;547;"ROSARIO OESTE";"Falta de Atenção do Pedestre";"Atropelamento de Pedestre";"Com Vítimas Fatais";"Amanhecer";"Decrescente";"Céu Claro";"Dupla";"Reta";"Sim";2;1;0;0;0;1;0;2;-14,87035692;-56,4590843;"SPRF-MT";"DEL01-MT";"UOP01-DEL01-MT"
207936;2019-05-08;"quarta-feira";"05:15:00";"MT";364;404;"CUIABA";"Falta de Atenção à Condução";"Colisão lateral";"Com Vítimas Feridas";"Amanhecer";"Crescente";"Ignorado";"Dupla";"Rotatória";"Sim";3;0;1;0;1;1;1;3;-15,66158612;-55,97144205;"SPRF-MT";"DEL02-MT";"UOP02-DEL01-MT"
207940;2019-05-08;"quarta-feira";"07:10:00";"RJ";116;86;"TERESOPOLIS";"Pista Escorregadia";"Colisão frontal";"Com Vítimas Feridas";"Pleno dia";"Crescente";"Chuva";"Simples";"Curva";"Não";2;0;0;1;1;0;1;2;-22,43671224;-42,94971377;"SPRF-RJ";"DEL04-RJ";"UOP01-DEL04-RJ"
207945;2019-05-08;"quarta-feira";"08:30:00";"MG";50;15;"ARAGUARI";"Velocidade Incompatível";"Tombamento";"Sem Vítimas";"Pleno dia";"Crescente";"Céu Claro";"Simples";"Declive";"Não";1;0;0;0;1;0;0;1;-18,54683487;-48,05117222;"SPRF-MG";"DEL15-MG";"UOP02-DEL15-MG"
207946;2019-05-08;"quarta-feira";"07:00:00";"PR";376;187;"MARIALVA";"Objeto estático sobre o leito carroçável";"Colisão traseira";"Com Vítimas Feridas";"Pleno dia";"Crescente";"Céu Claro";"Dupla";"Reta";"Não";3;0;1;0;1;1;1;3;-23,46141044;-51,83659926;"SPRF-PR";"DEL07-PR";"UOP01-DEL09-PR"
207949;2019-05-08;"quarta-feira";"08:20:00";"RJ";116;104;"GUAPIMIRIM";"Falta de Atenção à Condução";"Colisão transversal";"Com Vítimas Feridas";"Pleno dia";"Decrescente";"Chuva";"Dupla";"Interseção de Vias;Reta";"Sim";2;0;0;1;1;0;1;2;-22,50841847;-42,99821493;"SPRF-RJ";"DEL04-RJ";"UOP02-DEL04-RJ"
207950;2019-05-08;"quarta-feira";"08:25:00";"PR";376;594,6;"CURITIBA";"Falta de Atenção à Condução";"Colisão com objeto estático";"Com Vítimas Feridas";"Amanhecer";"Decrescente";"Nublado";"Dupla";"Reta";"Sim";4;0;1;1;1;1;2;3;-25,48479613;-49,34730331;"SPRF-PR";"DEL01-PR";"UOP06-DEL01-PR"
207954;2019-05-08;"quarta-feira";"09:20:00";"PE";408;92,3;"SAO LOURENCO DA MATA";"Não guardar distância de segurança";"Colisão traseira";"Com Vítimas Feridas";"Pleno dia";"Decrescente";"Garoa/Chuvisco";"Dupla";"Reta";"Sim";2;0;0;1;1;0;1;2;-8,000781;-35,059306;"SPRF-PE";"DEL01-PE";"UOP01-DEL01-PE"
207956;2019-05-08;"quarta-feira";"09:40:00";"ES";101;293;"CARIACICA";"Falta de Atenção à Condução";"Colisão lateral";"Com Vítimas Feridas";"Pleno dia";"Decrescente";"Céu Claro";"Múltipla";"Interseção de Vias";"Sim";4;0;1;0;2;2;1;5;-20,31526144;-40,39567044;"SPRF-ES";"DEL01-ES";"UOP01-DEL01-ES"