"id";"data_inversa";"dia_semana";"horario";"uf";"br";"km";"municipio";"causa_acidente";"tipo_acidente";"classificacao_acidente";"fase_dia";"sentido_via";"condicao_metereologica";"tipo_pista";"tracado_via";"uso_solo";"pessoas";"mortos";"feridos_leves";"feridos_graves";"ilesos";"ignorados";"feridos";"veiculos";"latitude";"longitude";"regional";"delegacia";"uop"
208257;2019-05-09;"quinta-feira";"19:20:00";"SP";116;537;"BARRA DO TURVO";"Defeito Mecânico no Veículo";"Colisão traseira";"Sem Vítimas";"Plena Noite";"Crescente";"Garoa/Chuvisco";"Dupla";"Reta";"Não";3;0;0;0;2;2;0;4;-24,96954537;-48,36403797;"SPRF-SP";"DEL05-SP";"UOP02-DEL05-SP"
208261;2019-05-09;"quinta-feira";"19:30:00";"TO";153;402;"MIRANORTE";"Ultrapassagem Indevida";"Colisão frontal";"Com Vítimas Fatais";"Plena Noite";"Crescente";"Céu Claro";"Simples";"Aclive";"Não";4;1;0;0;2;1;0;4;-9,42769595;-48,5731633;"SPRF-TO";"DEL02-TO";"UOP02-DEL02-TO"
208262;2019-05-09;"quinta-feira";"19:50:00";"PE";101;71;"RECIFE";"Defeito na Via";"Tombamento";"Sem Vítimas";"Plena Noite";"Crescente";"Chuva";"Dupla";"Reta";"Sim";2;0;0;0;1;1;0;2;-8,07663102;-34,94277871;"SPRF-PE";"DEL01-PE";"UOP01-DEL01-PE"
208271;2019-05-09;"quinta-feira";"17:30:00";"RS";468;99,8;"TRES PASSOS";"Falta de Atenção à Condução";"Colisão transversal";"Sem Vítimas";"Anoitecer";"Crescente";"Chuva";"Simples";"Interseção de Vias";"Sim";3;0;0;0;2;1;0;3;-27,47870502;-53,91031202;"SPRF-RS";"DEL08-RS";"UOP02-DEL08-RS"
208272;2019-05-09;"quinta-feira";"18:10:00";"PR";277;4;"PARANAGUA";"Velocidade Incompatível";"Colisão frontal";"Com Vítimas Feridas";"Plena Noite";"Crescente";"Garoa/Chuvisco";"Simples";"Reta";"Sim";4;0;0;1;1;2;1;4;-25,54682746;-48,56036793;"SPRF-PR";"DEL01-PR";"UOP05-DEL01-PR"
208274;2019-05-09;"quinta-feira";"21:30:00";"AL";104;8;"SAO JOSE DA LAJE";"Defeito Mecânico no Veículo";"Saída de leito carroçável";"Com Vítimas Feridas";"Anoitecer";"Crescente";"Garoa/Chuvisco";"Simples";"Reta";"Não";1;0;1;0;0;0;1;1;-8,96386265;-36,02023815;"SPRF-AL";"DEL01-AL";"UOP02-DEL01-AL"
208276;2019-05-09;"quinta-feira";"22:15:00";"RJ";40;15;"TRES RIOS";"Defeito Mecânico no Veículo";"Incêndio";"Sem Vítimas";"Plena Noite";"Crescente";"Céu Claro";"Dupla";"Reta";"Sim";1;0;0;0;1;0;0;1;-22,07316096;-43,186878;"SPRF-RJ";"DEL06-RJ";"UOP02-DEL05-RJ"
208277;2019-05-09;"quinta-feira";"07:30:00";"PR";476;123;"CURITIBA";"Velocidade Incompatível";"Tombamento";"Sem Vítimas";"Pleno dia";"Decrescente";"Céu Claro";"Múltipla";"Curva";"Sim";2;0;0;0;1;1;0;2;-25,392904;-49,209557;"SPRF-PR";"DEL01-PR";"UOP07-DEL01-PR"
208278;2019-05-09;"quinta-feira";"20:45:00";"CE";222;312,8;"TIANGUA";"Ingestão de Álcool";"Colisão transversal";"Com Vítimas Feridas";"Plena Noite";"Crescente";"Céu Claro";"Simples";"Reta";"Sim";2;0;1;0;1;0;1;2;-3,71699311;-40,9914242;"SPRF-CE";"DEL04-CE";"UOP02-DEL04-CE"
208280;2019-01-25;"sexta-feira";"21:50:00";"BA";110;322;"ALAGOINHAS";"Velocidade Incompatível";"Tombamento";"Com Vítimas Feridas";"Plena Noite";"Crescente";"Céu Claro";"Simples";"Curva";"Não";2;0;1;0;0;1;1;2;-12,0431819;-38,36099625;"SPRF-BA";"DEL01-BA";"UOP04-DEL01-BA"
208284;2019-05-09;"quinta-feira";"20:40:00";"MG";354;732,7;"POUSO ALTO";"Ultrapassagem Indevida";"Capotamento";"Com Vítimas Feridas";"Plena Noite";"Decrescente";"Céu Claro";"Simples";"Reta";"Não";5;0;2;1;2;0;3;3;-22,17502858;-44,97005105;"SPRF-MG";"DEL05-MG";"UOP01-DEL17-MG"
208288;2019-05-09;"quinta-feira";"22:50:00";"ES";262;23;"VIANA";"Mal Súbito";"Incêndio";"Sem Vítimas";"Plena Noite";"Decrescente";"Céu Claro";"Simples";"Reta";"Não";2;0;0;0;1;2;0;3;-20,37858427;-40,52118301;"SPRF-ES";"DEL01-ES";"UOP01-DEL01-ES"
208295;2019-05-09;"quinta-feira";"21:50:00";"SC";470;170;"POUSO REDONDO";"Falta de Atenção à Condução";"Colisão lateral";"Sem Vítimas";"Plena Noite";"Decrescente";"Nublado";"Múltipla";"Aclive;Curva";"Não";5;0;0;0;4;2;0;6;-27,265903;-49,892441;"SPRF-SC";"DEL04-SC";"UOP02-DEL04-SC"
208296;2019-05-09;"quinta-feira";"23:30:00";"PE";232;91,3;"SAIRE";"Defeito Mecânico no Veículo";"Colisão com objeto estático";"Sem Vítimas";"Plena Noite";"Decrescente";"Céu Claro";"Dupla";"Reta";"Não";1;0;0;0;1;0;0;1;-8,21834835;-35,66463196;"SPRF-PE";"DEL01-PE";"UOP02-DEL02PE"
208301;2019-05-10;"sexta-feira";"00:20:00";"PR";376;500,9;"PONTA GROSSA";"Condutor Dormindo";"Saída de leito carroçável";"Sem Vítimas";"Plena Noite";"Decrescente";"Céu Claro";"Dupla";"Reta";"Não";2;0;0;0;1;2;0;3;-25,20185079;-50,07092178;"SPRF-PR";"DEL03-PR";"UOP04-DEL03-PR"
208306;2019-05-10;"sexta-feira";"01:10:00";"MG";251;225,3;"SANTA CRUZ DE SALINAS";"Condutor Dormindo";"Saída de leito carroçável";"Com Vítimas Feridas";"Plena Noite";"Crescente";"Nublado";"Simples";"Reta";"Não";1;0;1;0;0;0;1;1;-15,95745824;-41,66304202;"SPRF-MG";"DEL11-MG";"UOP02-DEL11-MG"
208307;2019-05-10;"sexta-feira";"02:20:00";"RJ";493;121;"ITAGUAI";"Condutor Dormindo";"Colisão com objeto estático";"Com Vítimas Feridas";"Plena Noite";"Decrescente";"Nublado";"Dupla";"Reta";"Não";2;0;1;0;0;1;1;2;-22,85909287;-43,81141663;"SPRF-RJ";"DEL03-RJ";"UOP01-DEL03-RJ"
208309;2019-05-10;"sexta-feira";"02:50:00";"SC";101;44,8;"JOINVILLE";"Condutor Dormindo";"Colisão traseira";"Com Vítimas Feridas";"Plena Noite";"Crescente";"Garoa/Chuvisco";"Dupla";"Reta";"Não";3;0;2;0;1;0;2;2;-26,31238996;-48,87458997;"SPRF-SC";"DEL03-SC";"UOP01-DEL03-SC"
208311;2019-05-09;"quinta-feira";"09:40:00";"PI";343;42,4;"BURITI DOS LOPES";"Falta de Atenção à Condução";"Colisão frontal";"Com Vítimas Feridas";"Pleno dia";"Decrescente";"Sol";"Simples";"Curva";"Não";4;0;3;1;0;0;4;2;-3,16286261;-41,82186127;"SPRF-PI";"DEL05-PI";"UOP01-DEL05-PI"
208313;2019-05-09;"quinta-feira";"23:15:00";"SP";153;326,2;"SAO PEDRO DO TURVO";"Ingestão de Álcool";"Colisão frontal";"Com Vítimas Fatais";"Plena Noite";"Decrescente";"Céu Claro";"Simples";"Reta";"Não";2;1;0;0;1;0;0;2;-22,816394;-49,88966214;"SPRF-SP";"DEL07-SP";"UOP03-DEL07-SP"
208314;2019-05-10;"sexta-feira";"03:15:00";"PR";467;91;"CASCAVEL";"Velocidade Incompatível";"Colisão traseira";"Com Vítimas Feridas";"Plena Noite";"Decrescente";"Céu Claro";"Dupla";"Reta";"Não";3;0;1;0;2;0;1;3;-24,8515;-53,6035;"SPRF-PR";"DEL04-PR";"UOP01-DEL04-PR"
208316;2019-05-10;"sexta-feira";"04:16:00";"BA";116;436;"FEIRA DE SANTANA";"Mal Súbito";"Saída de leito carroçável";"Com Vítimas Feridas";"Plena Noite";"Crescente";"Chuva";"Dupla";"Reta";"Não";2;0;0;1;0;1;1;2;-12,30097076;-39,03819619;"SPRF-BA";"DEL02-BA";"UOP01-DEL02-BA"
208322;2019-05-09;"quinta-feira";"20:30:00";"BA";101;663;"ITAPEBI";"Avarias e/ou desgaste excessivo no pneu";"Incêndio";"Sem Vítimas";"Plena Noite";"Crescente";"Céu Claro";"Simples";"Curva";"Não";1;0;0;0;1;0;0;1;-15,942826;-39,56009;"SPRF-BA";"DEL05-BA";"UOP02-DEL05-BA"
208327;2019-05-10;"sexta-feira";"04:10:00";"RS";290;152;"ARROIO DOS RATOS";"Defeito na Via";"Tombamento";"Com Vítimas Feridas";"Plena Noite";"Crescente";"Chuva";"Simples";"Reta";"Sim";6;0;2;0;3;1;2;3;-30,104769;-51,727539;"SPRF-RS";"DEL02-RS";"UOP01-DEL02-RS"
208340;2019-05-10;"sexta-feira";"07:58:00";"RS";287;247,8;"SANTA MARIA";"Não guardar distância de segurança";"Colisão traseira";"Sem Vítimas";"Pleno dia";"Decrescente";"Chuva";"Simples";"Reta";"Sim";5;0;0;0;3;2;0;4;-29,69853471;-53,84448947;"SPRF-RS";"DEL09-RS";"UOP01-DEL09-RS"
208341;2019-05-10;"sexta-feira";"06:40:00";"BA";242;631,6;"MUQUEM DE SAO FRANCISCO";"Desobediência às normas de trânsito pelo condutor";"Colisão com objeto em movimento";"Sem Vítimas";"Amanhecer";"Decrescente";"Céu Claro";"Simples";"Reta";"Não";4;0;0;0;3;6;0;9;-12,18485898;-43,39858903;"SPRF-BA";"DEL10-BA";"UOP03-DEL06-BA"
208353;2019-05-10;"sexta-feira";"08:50:00";"RN";110;49,5;"MOSSORO";"Não guardar distância de segurança";"Colisão traseira";"Com Vítimas Feridas";"Pleno dia";"Decrescente";"Sol";"Dupla";"Reta";"Sim";3;0;0;1;1;1;1;3;-5,21645975;-37,32927128;"SPRF-RN";"DEL04-RN";"UOP01-DEL04-RN"
208354;2019-05-10;"sexta-feira";"09:05:00";"MG";262;29,1;"REDUTO";"Falta de Atenção do Pedestre";"Atropelamento de Pedestre";"Com Vítimas Fatais";"Pleno dia";"Decrescente";"Nublado";"Simples";"Declive";"Não";4;1;0;0;1;2;0;3;-20,247223;-41,982025;"SPRF-MG";"DEL06-MG";"UOP03-DEL06-MG"
208359;2019-05-10;"sexta-feira";"08:35:00";"MG";153;233,3;"FRONTEIRA";"Ultrapassagem Indevida";"Tombamento";"Com Vítimas Feridas";"Pleno dia";"Decrescente";"Céu Claro";"Simples";"Reta";"Não";3;0;1;0;0;2;1;3;-20,25430427;-49,17267166;"SPRF-MG";"DEL13-MG";"UOP02-DEL13-MG"
208362;2019-05-10;"sexta-feira";"07:10:00";"BA";242;351,8;"LENCOIS";"Falta de Atenção à Condução";"Tombamento";"Com Vítimas Feridas";"Pleno dia";"Decrescente";"Céu Claro";"Simples";"Curva";"Não";2;0;1;0;0;2;1;3;-12,49243908;-41,3280788;"SPRF-BA";"DEL06-BA";"UOP01-DEL06-BA"
208368;2019-05-10;"sexta-feira";"08:40:00";"RS";392;207,6;"SANTANA DA BOA VISTA";"Velocidade Incompatível";"Colisão frontal";"Com Vítimas Feridas";"Pleno dia";"Decrescente";"Chuva";"Simples";"Curva";"Não";3;0;0;1;1;1;1;3;-30,82849298;-53,17127764;"SPRF-RS";"DEL09-RS";"UOP02-DEL09-RS"
208371;2019-05-10;"sexta-feira";"08:55:00";"AL";101;99,5;"PILAR";"Ultrapassagem Indevida";"Colisão lateral";"Sem Vítimas";"Pleno dia";"Crescente";"Céu Claro";"Simples";"Curva";"Sim";4;0;0;0;3;1;0;4;-9,54788307;-35,96232895;"SPRF-AL";"DEL01-AL";"UOP01-DEL01-AL"
208372;2019-05-10;"sexta-feira";"09:30:00";"MG";116;224,5;"CATUJI";"Defeito Mecânico no Veículo";"Incêndio";"Sem Vítimas";"Pleno dia";"Decrescente";"Nublado";"Simples";"Reta";"Não";1;0;0;0;1;0;0;1;-17,4396431;-41,51145911;"SPRF-MG";"DEL11-MG";"UOP01-DEL11-MG"
208378;2019-05-10;"sexta-feira";"11:45:00";"PR";369;52;"BANDEIRANTES";"Desobediência às normas de trânsito pelo condutor";"Queda de ocupante de veículo";"Com Vítimas Feridas";"Pleno dia";"Crescente";"Céu Claro";"Simples";"Rotatória";"Não";3;0;1;0;1;1;1;3;-23,11243237;-50,333004;"SPRF-PR";"DEL07-PR";"UOP05-DEL07-PR"
208380;2019-05-10;"sexta-feira";"09:30:00";"MG";251;473;"FRANCISCO SA";"Defeito Mecânico no Veículo";"Tombamento";"Sem Vítimas";"Pleno dia";"Crescente";"Céu Claro";"Simples";"Curva";"Não";2;0;0;0;1;1;0;2;-16,47012768;-43,44753404;"SPRF-MG";"DEL12-MG";"UOP01-DEL12-MG"
208381;2019-05-10;"sexta-feira";"12:10:00";"MG";50;83;"UBERLANDIA";"Falta de Atenção à Condução";"Colisão traseira";"Com Vítimas Feridas";"Pleno dia";"Crescente";"Sol";"Dupla";"Reta";"Não";3;0;1;0;1;2;1;4;-18,99622;-48,21069;"SPRF-MG";"DEL15-MG";"UOP01-DEL15-MG"
208382;2019-05-10;"sexta-feira";"08:40:00";"PI";407;550;"JACOBINA DO PIAUI";"Desobediência às normas de trânsito pelo condutor";"Colisão frontal";"Com Vítimas Fatais";"Pleno dia";"Crescente";"Sol";"Simples";"Reta";"Não";3;1;0;0;1;1;0;3;-7,93513635;-41,19383775;"SPRF-PI";"DEL04-PI";"UOP01-DEL04-PI"
208383;2019-05-10;"sexta-feira";"10:30:00";"PE";101;137;"ESCADA";"Falta de Atenção à Condução";"Tombamento";"Sem Vítimas";"Pleno dia";"Crescente";"Céu Claro";"Múltipla";"Curva";"Não";2;0;0;0;1;2;0;3;-8,41675194;-35,31126636;"SPRF-PE";"DEL01-PE";"UOP03-DEL01-PE"
208384;2019-05-10;"sexta-feira";"11:10:00";"CE";222;297,4;"TIANGUA";"Velocidade Incompatível";"Colisão transversal";"Com Vítimas Feridas";"Pleno dia";"Decrescente";"Céu Claro";"Simples";"Curva";"Não";3;0;1;0;1;1;1;3;-3,65056749;-40,93076706;"SPRF-CE";"DEL04-CE";"UOP02-DEL04-CE"
208386;2019-05-10;"sexta-feira";"11:35:00";"RS";470;261,8;"SALVADOR DO SUL";"Velocidade Incompatível";"Tombamento";"Com Vítimas Fatais";"Pleno dia";"Crescente";"Chuva";"Simples";"Curva";"Sim";4;2;0;0;1;1;0;3;-29,48155975;-51,48227692;"SPRF-RS";"DEL06-RS";"UOP01-DEL06-RS"
208388;2019-05-10;"sexta-feira";"11:30:00";"RS";290;74,7;"GRAVATAI";"Carga excessiva e/ou mal acondicionada";"Derramamento de carga";"Sem Vítimas";"Pleno dia";"Crescente";"Chuva";"Dupla";"Interseção de Vias";"Não";2;0;0;0;1;1;0;2;-29,953354;-50,996696;"SPRF-RS";"DEL01-RS";"UOP01-DEL01-RS"
208391;2019-05-10;"sexta-feira";"12:45:00";"MG";381;480,8;"CONTAGEM";"Falta de Atenção do Pedestre";"Atropelamento de Pedestre";"Com Vítimas Feridas";"Pleno dia";"Crescente";"Céu Claro";"Dupla";"Reta";"Sim";3;0;0;1;1;1;1;3;-19,95749597;-44,07899901;"SPRF-MG";"DEL01-MG";"UOP03-DEL01-MG"
208392;2019-05-10;"sexta-feira";"08:45:00";"BA";101;666;"ITAPEBI";"Velocidade Incompatível";"Tombamento";"Com Vítimas Feridas";"Pleno dia";"Decrescente";"Céu Claro";"Simples";"Curva";"Não";2;0;0;1;0;1;1;2;-15,99146855;-39,57655549;"SPRF-BA";"DEL09-BA";"UOP01-DEL09-BA"
208398;2019-05-10;"sexta-feira";"12:30:00";"SP";116;280,2;"EMBU DAS ARTES";"Falta de Atenção à Condução";"Colisão lateral";"Com Vítimas Feridas";"Pleno dia";"Decrescente";"Céu Claro";"Dupla";"Reta";"Sim";4;0;1;0;2;1;1;4;-23,66996108;-46,85590758;"SPRF-SP";"DEL04-SP";"UOP01-DEL04-SP"
208399;2019-05-07;"terça-feira";"17:20:00";"SC";470;56,3;"BLUMENAU";"Desobediência às normas de trânsito pelo condutor";"Colisão lateral";"Com Vítimas Feridas";"Anoitecer";"Decrescente";"Nublado";"Simples";"Reta";"Não";3;0;1;0;1;1;1;3;-26,87674;-49,127743;"SPRF-SC";"DEL04-SC";"UOP01-DEL04-SC"
208400;2019-05-10;"sexta-feira";"08:30:00";"MG";40;340;"FELIXLANDIA";"Falta de Atenção à Condução";"Colisão lateral";"Sem Vítimas";"Pleno dia";"Crescente";"Céu Claro";"Simples";"Curva";"Não";3;0;0;0;2;1;0;3;-18,65983207;-44,99744032;"SPRF-MG";"DEL02-MG";"UOP01-DEL02-MG"
208402;2019-05-10;"sexta-feira";"14:10:00";"SC";101;117;"ITAJAI";"Falta de Atenção à Condução";"Colisão traseira";"Com Vítimas Feridas";"Pleno dia";"Crescente";"Nublado";"Simples";"Interseção de Vias";"Não";3;0;1;0;2;0;1;2;-26,88747187;-48,72252969;"SPRF-SC";"DEL04-SC";"UOP04-DEL04-SC"
208408;2019-05-10;"sexta-feira";"10:25:00";"SC";282;644,1;"SAO MIGUEL DO OESTE";"Falta de Atenção à Condução";"Colisão traseira";"Com Vítimas Feridas";"Pleno dia";"Decrescente";"Céu Claro";"Simples";"Reta";"Não";4;0;2;0;1;1;2;3;-26,769157;-53,479385;"SPRF-SC";"DEL07-SC";"UOP03-DEL07-SC"
208421;2019-05-10;"sexta-feira";"13:19:00";"RJ";40;74;"PETROPOLIS";"Carga excessiva e/ou mal acondicionada";"Tombamento";"Sem Vítimas";"Pleno dia";"Decrescente";"Céu Claro";"Simples";"Curva";"Não";1;0;0;0;1;0;0;1;-22,47224973;-43,22332717;"SPRF-RJ";"DEL06-RJ";"UOP01-DEL06-RJ"
208427;2019-05-10;"sexta-feira";"16:00:00";"PB";230;35,2;"SANTA RITA";"Ingestão de Álcool";"Atropelamento de Pedestre";"Com Vítimas Feridas";"Pleno dia";"Decrescente";"Céu Claro";"Dupla";"Em Obras;Reta";"Sim";2;0;0;1;1;0;1;2;-7,12643125;-34,9493891;"SPRF-PB";"DEL01-PB";"UOP04-DEL01-PB"
208430;2019-05-10;"sexta-feira";"16:40:00";"SP";116;102;"PINDAMONHANGABA";"Falta de Atenção à Condução";"Colisão traseira";"Com Vítimas Feridas";"Anoitecer";"Decrescente";"Céu Claro";"Dupla";"Reta";"Sim";3;0;1;0;1;1;1;3;-22,99497994;-45,48951403;"SPRF-SP";"DEL06-SP";"UOP01-DEL06-SP"
208434;2019-05-10;"sexta-feira";"15:50:00";"RJ";465;21;"RIO DE JANEIRO";"Falta de Atenção à Condução";"Colisão traseira";"Sem Vítimas";"Pleno dia";"Decrescente";"Céu Claro";"Dupla";"Reta";"Não";2;0;0;0;2;0;0;2;-22,854782;-43,601933;"SPRF-RJ";"DEL01-RJ";"UOP01-DEL01-MS"
208435;2019-05-10;"sexta-feira";"17:10:00";"SC";101;192,5;"BIGUACU";"Não guardar distância de segurança";"Colisão traseira";"Com Vítimas Feridas";"Pleno dia";"Decrescente";"Céu Claro";"Dupla";"Ponte";"Sim";3;0;1;0;1;1;1;3;-27,48443781;-48,64765238;"SPRF-SC";"DEL01-SC";"UOP01-DEL01-SC"
208458;2019-05-10;"sexta-feira";"18:50:00";"SP";116;208,8;"GUARULHOS";"Falta de Atenção do Pedestre";"Atropelamento de Pedestre";"Com Vítimas Fatais";"Plena Noite";"Decrescente";"Céu Claro";"Dupla";"Reta";"Sim";2;1;0;0;1;0;0;2;-23,42222263;-46,3932771;"SPRF-SP";"DEL01-SP";"UOP01-DEL01-SP"
208469;2019-05-10;"sexta-feira";"18:40:00";"PR";277;123,9;"CAMPO LARGO";"Falta de Atenção à Condução";"Colisão traseira";"Com Vítimas Fatais";"Anoitecer";"Crescente";"Nublado";"Simples";"Interseção de Vias;Reta;Aclive";"Não";3;1;0;0;0;2;0;3;-25,44751981;-49,57960367;"SPRF-PR";"DEL01-PR";"UOP06-DEL01-PR"
208470;2019-05-10;"sexta-feira";"18:30:00";"MG";40;449;"CAETANOPOLIS";"Falta de Atenção à Condução";"Saída de leito carroçável";"Com Vítimas Feridas";"Plena Noite";"Decrescente";"Céu Claro";"Dupla";"Reta";"Não";2;0;1;0;0;1;1;2;-19,30931885;-44,37278577;"SPRF-MG";"DEL02-MG";"UOP01-DEL02-MG"
208480;2019-05-10;"sexta-feira";"16:30:00";"SC";282;407,2;"CATANDUVAS";"Velocidade Incompatível";"Colisão lateral";"Com Vítimas Feridas";"Pleno dia";"Decrescente";"Chuva";"Simples";"Reta;Declive";"Não";4;0;0;3;1;0;3;2;-27,083517;-51,662014;"SPRF-SC";"DEL07-SC";"UOP05-DEL07-SC"
208482;2019-05-10;"sexta-feira";"20:30:00";"PE";101;43,8;"IGARASSU";"Defeito Mecânico no Veículo";"Colisão traseira";"Sem Vítimas";"Plena Noite";"Crescente";"Céu Claro";"Múltipla";"Reta";"Sim";3;0;0;0;3;0;0;3;-7,84753808;-34,90977038;"SPRF-PE";"DEL01-PE";"UOP02-DEL01-PE"
208487;2019-05-10;"sexta-feira";"20:15:00";"RS";392;142,5;"CANGUCU";"Falta de Atenção à Condução";"Saída de leito carroçável";"Com Vítimas Feridas";"Plena Noite";"Crescente";"Garoa/Chuvisco";"Simples";"Curva";"Não";2;0;0;1;0;2;1;3;-31,23620917;-52,81239923;"SPRF-RS";"DEL07-RS";"UOP01-DEL07-RS"
208488;2019-05-10;"sexta-feira";"21:12:00";"SC";470;105,7;"APIUNA";"Falta de Atenção à Condução";"Colisão lateral";"Com Vítimas Feridas";"Plena Noite";"Crescente";"Nublado";"Simples";"Curva";"Não";5;0;2;2;1;0;4;2;-27,066006;-49,417019;"SPRF-SC";"DEL04-SC";"UOP02-DEL04-SC"
208490;2019-05-10;"sexta-feira";"20:20:00";"CE";20;414;"MARACANAU";"Não guardar distância de segurança";"Colisão traseira";"Com Vítimas Feridas";"Plena Noite";"Crescente";"Nublado";"Simples";"Em Obras;Reta";"Sim";4;0;2;0;2;0;2;3;-3,84361049;-38,58790111;"SPRF-CE";"DEL01-CE";"UOP01-DEL01-CE"
208496;2019-05-10;"sexta-feira";"20:30:00";"PE";316;106,2;"OURICURI";"Falta de Atenção à Condução";"Colisão traseira";"Com Vítimas Feridas";"Plena Noite";"Crescente";"Ignorado";"Simples";"Aclive";"Não";3;0;1;0;1;1;1;3;-7,95887692;-39,89722297;"SPRF-PE";"DEL05-PE";"UOP02-DEL05-PE"
208497;2019-05-10;"sexta-feira";"21:30:00";"PR";376;134,9;"NOVA ESPERANCA";"Desobediência às normas de trânsito pelo condutor";"Colisão transversal";"Com Vítimas Fatais";"Plena Noite";"Decrescente";"Garoa/Chuvisco";"Dupla";"Interseção de Vias";"Sim";3;1;0;0;1;1;0;3;-23,19411697;-52,20361948;"SPRF-PR";"DEL07-PR";"UOP02-DEL09-PR"
208498;2019-05-10;"sexta-feira";"21:27:00";"PR";376;186;"SARANDI";"Desobediência às normas de trânsito pelo condutor";"Tombamento";"Com Vítimas Feridas";"Plena Noite";"Crescente";"Céu Claro";"Dupla";"Reta";"Sim";3;0;1;0;1;2;1;4;-23,450583;-51,855442;"SPRF-PR";"DEL07-PR";"UOP01-DEL09-PR"
208505;2019-05-10;"sexta-feira";"21:00:00";"BA";101;12,1;"RIO REAL";"Agressão Externa";"Colisão traseira";"Com Vítimas Feridas";"Plena Noite";"Crescente";"Céu Claro";"Dupla";"Reta";"Não";7;0;4;1;1;1;5;4;-11,64028212;-37,89002257;"SPRF-SE";"DEL02-SE";"UOP03-DEL02-SE"
208516;2019-05-10;"sexta-feira";"20:10:00";"SC";470;257,1;"CURITIBANOS";"Deficiência ou não Acionamento do Sistema de Iluminação/Sinalização do Veículo";"Colisão traseira";"Com Vítimas Feridas";"Plena Noite";"Decrescente";"Chuva";"Simples";"Aclive";"Não";5;0;2;0;2;1;2;3;-27,308815;-50,641468;"SPRF-SC";"DEL05-SC";"UOP03-DEL05-SC"
208536;2019-05-11;"sábado";"02:40:00";"MG";381;903,5;"CAMBUI";"Velocidade Incompatível";"Tombamento";"Com Vítimas Feridas";"Plena Noite";"Decrescente";"Céu Claro";"Dupla";"Curva";"Não";3;0;1;0;1;1;1;3;-22,68185904;-46,10140424;"SPRF-MG";"DEL16-MG";"UOP03-DEL16-MG"
208537;2019-05-11;"sábado";"02:34:00";"MG";40;92,4;"LAGOA GRANDE";"Condutor Dormindo";"Colisão frontal";"Com Vítimas Fatais";"Plena Noite";"Crescente";"Céu Claro";"Simples";"Reta";"Não";7;5;0;0;1;2;0;4;-17,51038005;-46,56073206;"SPRF-MG";"DEL14-MG";"UOP01-DEL14-MG"
208541;2019-05-11;"sábado";"04:05:00";"RS";470;155;"NOVA PRATA";"Desobediência às normas de trânsito pelo pedestre";"Atropelamento de Pedestre";"Com Vítimas Feridas";"Plena Noite";"Decrescente";"Garoa/Chuvisco";"Simples";"Retorno Regulamentado";"Sim";4;0;0;1;1;2;1;3;-28,78243906;-51,61511825;"SPRF-RS";"DEL06-RS";"UOP02-DEL06-RS"
208544;2019-05-11;"sábado";"04:00:00";"SC";101;204;"SAO JOSE";"Ingestão de Álcool";"Colisão traseira";"Com Vítimas Feridas";"Plena Noite";"Decrescente";"Nublado";"Múltipla";"Reta";"Sim";4;0;2;0;2;0;2;2;-27,57413014;-48,61363083;"SPRF-SC";"DEL01-SC";"UOP01-DEL01-SC"
208547;2019-05-11;"sábado";"03:37:00";"MG";153;3;"ARAPORA";"Desobediência às normas de trânsito pelo condutor";"Colisão traseira";"Com Vítimas Fatais";"Plena Noite";"Decrescente";"Céu Claro";"Dupla";"Declive";"Sim";3;1;1;0;1;0;1;2;-18,44267098;-49,18831685;"SPRF-MG";"DEL15-MG";"UOP03-DEL15-MG"
208557;2019-05-11;"sábado";"05:45:00";"SP";116;100;"PINDAMONHANGABA";"Falta de Atenção à Condução";"Colisão traseira";"Com Vítimas Feridas";"Amanhecer";"Crescente";"Nevoeiro/Neblina";"Dupla";"Reta";"Não";3;0;0;1;1;2;1;4;-22,986552;-45,47276;"SPRF-SP";"DEL06-SP";"UOP01-DEL06-SP"
208561;2019-05-11;"sábado";"06:00:00";"MG";381;532,9;"ITATIAIUCU";"Velocidade Incompatível";"Capotamento";"Com Vítimas Feridas";"Amanhecer";"Decrescente";"Nevoeiro/Neblina";"Dupla";"Curva";"Não";1;0;0;1;0;0;1;1;-20,18182886;-44,37895835;"SPRF-MG";"DEL04-MG";"UOP03-DEL04-MG"
208569;2019-05-10;"sexta-feira";"22:40:00";"MG";116;779;"LEOPOLDINA";"Ultrapassagem Indevida";"Colisão lateral";"Com Vítimas Feridas";"Plena Noite";"Decrescente";"Céu Claro";"Simples";"Reta";"Não";7;0;6;0;1;0;6;2;-21,60837977;-42,69596393;"SPRF-MG";"DEL07-MG";"UOP01-DEL07-MG"
208570;2019-05-11;"sábado";"06:40:00";"PR";116;116,8;"CURITIBA";"Falta de Atenção à Condução";"Colisão lateral";"Com Vítimas Feridas";"Pleno dia";"Crescente";"Chuva";"Dupla";"Reta";"Sim";5;0;0;2;1;3;2;5;-25,55885808;-49,30698395;"SPRF-PR";"DEL01-PR";"UOP03-DEL01-PR"
208575;2019-05-10;"sexta-feira";"21:30:00";"MT";163;589,2;"NOVA MUTUM";"Ultrapassagem Indevida";"Colisão frontal";"Com Vítimas Fatais";"Plena Noite";"Crescente";"Nublado";"Simples";"Reta";"Não";6;1;0;0;4;2;0;5;-14,00516903;-56,09818679;"SPRF-MT";"DEL01-MT";"UOP01-DEL01-MT"
208576;2019-05-11;"sábado";"06:45:00";"RS";471;164,8;"RIO PARDO";"Ingestão de Álcool";"Colisão frontal";"Com Vítimas Feridas";"Amanhecer";"Decrescente";"Garoa/Chuvisco";"Simples";"Reta;Aclive";"Não";5;0;2;0;2;3;2;7;-29,89981461;-52,39216805;"SPRF-RS";"DEL02-RS";"UOP02-DEL02-RS"