"id";"data_inversa";"dia_semana";"horario";"uf";"br";"km";"municipio";"causa_acidente";"tipo_acidente";"classificacao_acidente";"fase_dia";"sentido_via";"condicao_metereologica";"tipo_pista";"tracado_via";"uso_solo";"pessoas";"mortos";"feridos_leves";"feridos_graves";"ilesos";"ignorados";"feridos";"veiculos";"latitude";"longitude";"regional";"delegacia";"uop"
208579;2019-05-11;"sábado";"08:15:00";"PE";407;122;"PETROLINA";"Falta de Atenção à Condução";"Colisão frontal";"Com Vítimas Fatais";"Pleno dia";"Crescente";"Nublado";"Simples";"Reta";"Sim";2;1;0;0;1;0;0;2;-9,35368726;-40,55051642;"SPRF-PE";"DEL06-PE";"UOP01-DEL06-PE"
208580;2019-05-11;"sábado";"06:30:00";"MG";365;487;"PATROCINIO";"Falta de Atenção à Condução";"Colisão traseira";"Com Vítimas Feridas";"Pleno dia";"Decrescente";"Céu Claro";"Simples";"Aclive;Reta";"Não";4;0;1;0;2;1;1;2;-18,90027198;-47,131934;"SPRF-MG";"DEL10-MG";"UOP01-DEL10-MG"
208582;2019-05-11;"sábado";"06:20:00";"SC";470;5,5;"NAVEGANTES";"Falta de Atenção à Condução";"Colisão transversal";"Com Vítimas Feridas";"Amanhecer";"Decrescente";"Nublado";"Simples";"Reta";"Não";4;0;0;2;1;1;2;3;-26,855688;-48,700333;"SPRF-SC";"DEL04-SC";"UOP04-DEL04-SC"
208583;2019-05-11;"sábado";"07:15:00";"PE";101;69,1;"RECIFE";"Desobediência às normas de trânsito pelo pedestre";"Atropelamento de Pedestre";"Com Vítimas Feridas";"Pleno dia";"Decrescente";"Céu Claro";"Dupla";"Reta";"Sim";4;0;0;1;1;2;1;2;-8,06024942;-34,94566441;"SPRF-PE";"DEL01-PE";"UOP01-DEL01-PE"
208592;2019-05-11;"sábado";"01:00:00";"PE";116;6;"SALGUEIRO";"Falta de Atenção à Condução";"Tombamento";"Com Vítimas Feridas";"Plena Noite";"Crescente";"Céu Claro";"Simples";"Curva";"Não";2;0;1;0;0;1;1;2;-7,903998;-39,114899;"SPRF-PE";"DEL05-PE";"UOP01-DEL05-PE"
208596;2019-05-11;"sábado";"07:40:00";"PR";376;591,2;"CURITIBA";"Objeto estático sobre o leito carroçável";"Derramamento de carga";"Sem Vítimas";"Pleno dia";"Crescente";"Chuva";"Dupla";"Reta";"Sim";4;0;0;0;3;2;0;4;-25,45999605;-49,35895013;"SPRF-PR";"DEL01-PR";"UOP06-DEL01-PR"
208605;2019-05-11;"sábado";"07:00:00";"SC";163;111,7;"GUARUJA DO SUL";"Falta de Atenção à Condução";"Saída de leito carroçável";"Com Vítimas Feridas";"Pleno dia";"Decrescente";"Nublado";"Simples";"Reta";"Sim";2;0;1;0;0;1;1;2;-26,39616397;-53,52416104;"SPRF-SC";"DEL07-SC";"UOP04-DEL07-SC"
208606;2019-05-10;"sexta-feira";"22:30:00";"MT";163;542;"NOVA MUTUM";"Condutor Dormindo";"Colisão com objeto estático";"Sem Vítimas";"Plena Noite";"Crescente";"Ignorado";"Simples";"Reta";"Não";1;0;0;0;1;0;0;1;-13,92549497;-56,09416031;"SPRF-MT";"DEL01-MT";"UOP01-DEL01-MT"
208613;2019-05-11;"sábado";"05:30:00";"MG";381;388,9;"BARAO DE COCAIS";"Falta de Atenção à Condução";"Tombamento";"Sem Vítimas";"Pleno dia";"Decrescente";"Nublado";"Simples";"Reta";"Não";2;0;0;0;1;1;0;2;-19,78768531;-43,42997106;"SPRF-MG";"DEL01-MG";"UOP01-DEL01-MG"
208617;2019-05-11;"sábado";"09:35:00";"SC";101;13,3;"GARUVA";"Falta de Atenção à Condução";"Colisão traseira";"Com Vítimas Feridas";"Pleno dia";"Decrescente";"Nublado";"Múltipla";"Retorno Regulamentado";"Não";2;0;1;0;1;0;1;2;-26,08986803;-48,86345096;"SPRF-SC";"DEL03-SC";"UOP01-DEL03-SC"
208618;2019-05-11;"sábado";"06:40:00";"GO";60;34,1;"GOIANIA";"Velocidade Incompatível";"Tombamento";"Com Vítimas Feridas";"Pleno dia";"Crescente";"Céu Claro";"Dupla";"Aclive";"Sim";2;0;1;0;0;1;1;2;-16,71296154;-49,35717529;"SPRF-GO";"DEL01-GO";"UOP02-DEL01-GO"
208631;2019-05-11;"sábado";"09:35:00";"MT";70;2;"BARRA DO GARCAS";"Falta de Atenção à Condução";"Colisão transversal";"Com Vítimas Feridas";"Pleno dia";"Decrescente";"Sol";"Dupla";"Reta";"Sim";2;0;0;1;1;0;1;2;-15,88749699;-52,26810568;"SPRF-MT";"DEL07-MT";"UOP01-DEL07-MT"
208633;2019-05-11;"sábado";"11:00:00";"SP";381;57,7;"MAIRIPORA";"Velocidade Incompatível";"Tombamento";"Sem Vítimas";"Pleno dia";"Decrescente";"Céu Claro";"Dupla";"Curva";"Não";1;0;0;0;1;0;0;1;-23,2658219;-46,5839857;"SPRF-SP";"DEL03-SP";"UOP01-DEL03-SP"
208644;2019-05-11;"sábado";"09:00:00";"SP";381;87,5;"GUARULHOS";"Ultrapassagem Indevida";"Colisão lateral";"Sem Vítimas";"Pleno dia";"Decrescente";"Céu Claro";"Múltipla";"Reta";"Sim";2;0;0;0;2;0;0;2;-23,46885001;-46,56996601;"SPRF-SP";"DEL03-SP";"UOP01-DEL03-SP"
208655;2019-05-11;"sábado";"13:30:00";"MG";267;183,9;"OLARIA";"Condutor Dormindo";"Colisão frontal";"Com Vítimas Feridas";"Pleno dia";"Decrescente";"Céu Claro";"Simples";"Declive;Reta";"Não";4;0;2;1;1;0;3;2;-21,90833014;-43,9604187;"SPRF-MG";"DEL05-MG";"UOP01-DEL05-MG"
208658;2019-05-11;"sábado";"14:00:00";"RN";226;4,4;"NATAL";"Desobediência às normas de trânsito pelo condutor";"Colisão transversal";"Com Vítimas Feridas";"Pleno dia";"Crescente";"Nublado";"Simples";"Curva";"Sim";2;0;0;1;1;0;1;2;-5,81919;-35,263408;"SPRF-RN";"DEL01-RN";"UOP02-DEL01-RN"
208662;2019-05-11;"sábado";"09:57:00";"BA";116;880,4;"VITORIA DA CONQUISTA";"Condutor Dormindo";"Colisão frontal";"Com Vítimas Fatais";"Pleno dia";"Decrescente";"Céu Claro";"Simples";"Reta";"Sim";3;1;0;0;1;1;0;3;-15,20854305;-41,08636792;"SPRF-BA";"DEL08-BA";"UOP03-DEL08-BA"
208663;2019-05-11;"sábado";"13:35:00";"RS";153;35,1;"TRES ARROIOS";"Defeito Mecânico no Veículo";"Colisão frontal";"Com Vítimas Feridas";"Pleno dia";"Crescente";"Chuva";"Simples";"Curva";"Não";3;0;1;0;1;1;1;3;-27,55334896;-52,20378104;"SPRF-RS";"DEL08-RS";"UOP04-DEL08-RS"
208675;2019-05-11;"sábado";"14:30:00";"ES";101;148;"LINHARES";"Falta de Atenção à Condução";"Colisão lateral";"Com Vítimas Feridas";"Pleno dia";"Crescente";"Céu Claro";"Múltipla";"Reta";"Sim";2;0;1;0;1;0;1;2;-19,38787399;-40,06752766;"SPRF-ES";"DEL04-ES";"UOP01-DEL04-ES"
208680;2019-05-11;"sábado";"15:30:00";"MG";381;770,4;"CAMPANHA";"Velocidade Incompatível";"Saída de leito carroçável";"Com Vítimas Feridas";"Pleno dia";"Crescente";"Céu Claro";"Dupla";"Reta";"Não";5;0;2;1;1;1;3;3;-21,78806301;-45,439064;"SPRF-MG";"DEL16-MG";"UOP02-DEL16-MG"
208687;2019-05-11;"sábado";"15:30:00";"SP";153;269,5;"MARILIA";"Mal Súbito";"Colisão traseira";"Com Vítimas Feridas";"Pleno dia";"Decrescente";"Nublado";"Simples";"Aclive";"Não";3;0;1;0;1;1;1;3;-22,339186;-49,89894098;"SPRF-SP";"DEL07-SP";"UOP02-DEL07-SP"
208689;2019-05-11;"sábado";"16:00:00";"BA";20;168;"SAO DESIDERIO";"Mal Súbito";"Colisão traseira";"Com Vítimas Feridas";"Pleno dia";"Crescente";"Céu Claro";"Simples";"Reta";"Não";3;0;1;0;1;3;1;5;-12,489183;-45,888077;"SPRF-BA";"DEL10-BA";"UOP01-DEL10-BA"
208693;2019-05-11;"sábado";"15:30:00";"MS";163;478;"CAMPO GRANDE";"Falta de Atenção à Condução";"Colisão traseira";"Com Vítimas Feridas";"Pleno dia";"Decrescente";"Céu Claro";"Simples";"Reta";"Sim";4;0;2;0;1;2;2;4;-20,49629699;-54,55916871;"SPRF-MS";"DEL01-MS";"UOP01-DEL01-MS"
208697;2019-05-11;"sábado";"13:00:00";"PR";476;0;"CONTENDA";"Velocidade Incompatível";"Tombamento";"Com Vítimas Feridas";"Pleno dia";"Crescente";"Nublado";"Simples";"Curva";"Sim";2;0;0;1;0;2;1;3;-25,699764;-49,572849;"SPRF-PR";"DEL01-PR";"UOP07-DEL01-PR"
208699;2019-05-11;"sábado";"15:00:00";"CE";116;224,1;"ALTO SANTO";"Condutor Dormindo";"Colisão frontal";"Com Vítimas Feridas";"Pleno dia";"Crescente";"Céu Claro";"Dupla";"Reta";"Não";3;0;0;1;1;1;1;3;-5,36914014;-38,2078279;"SPRF-CE";"DEL03-CE";"UOP01-DEL03-CE"
208702;2019-05-11;"sábado";"17:30:00";"TO";153;687,6;"CARIRI DO TOCANTINS";"Ingestão de Álcool";"Colisão lateral";"Sem Vítimas";"Pleno dia";"Crescente";"Céu Claro";"Simples";"Reta";"Não";3;0;0;0;2;1;0;3;-11,84661586;-49,14494829;"SPRF-TO";"DEL02-TO";"UOP02-DEL01-TO"
208708;2019-05-11;"sábado";"17:20:00";"PR";369;163;"CAMBE";"Não guardar distância de segurança";"Colisão traseira";"Com Vítimas Feridas";"Anoitecer";"Crescente";"Garoa/Chuvisco";"Dupla";"Reta";"Sim";3;0;1;0;1;1;1;3;-23,2967968;-51,27645493;"SPRF-PR";"DEL07-PR";"UOP01-DEL07-PR"
208709;2019-05-11;"sábado";"10:40:00";"CE";116;356,5;"ICO";"Mal Súbito";"Saída de leito carroçável";"Com Vítimas Feridas";"Pleno dia";"Crescente";"Céu Claro";"Simples";"Reta";"Não";2;0;0;1;0;1;1;2;-6,2928519;-38,7243427;"SPRF-CE";"DEL05-CE";"UOP02-DEL05-CE"
208726;2019-05-11;"sábado";"18:40:00";"MG";381;436,3;"SABARA";"Desobediência às normas de trânsito pelo condutor";"Colisão lateral";"Com Vítimas Fatais";"Plena Noite";"Decrescente";"Nublado";"Simples";"Reta";"Não";12;1;4;5;2;0;9;5;-19,786685;-43,718869;"SPRF-MG";"DEL01-MG";"UOP01-DEL01-MG"
208728;2019-05-11;"sábado";"19:00:00";"PR";376;191,9;"MARIALVA";"Falta de Atenção à Condução";"Colisão traseira";"Com Vítimas Fatais";"Plena Noite";"Crescente";"Nublado";"Dupla";"Retorno Regulamentado;Aclive";"Não";4;1;0;1;1;2;1;4;-23,486445;-51,81965;"SPRF-PR";"DEL07-PR";"UOP01-DEL09-PR"
208742;2019-05-11;"sábado";"20:10:00";"MG";365;695;"MONTE ALEGRE DE MINAS";"Velocidade Incompatível";"Tombamento";"Com Vítimas Fatais";"Plena Noite";"Crescente";"Céu Claro";"Dupla";"Reta";"Não";2;1;1;0;0;0;1;1;-18,87838133;-48,95058799;"SPRF-MG";"DEL15-MG";"UOP03-DEL15-MG"
208748;2019-05-11;"sábado";"19:15:00";"RS";471;552,8;"SANTA VITORIA DO PALMAR";"Falta de Atenção à Condução";"Colisão traseira";"Com Vítimas Feridas";"Plena Noite";"Crescente";"Chuva";"Simples";"Reta";"Não";3;0;1;0;2;0;1;2;-32,838348;-52,696472;"SPRF-RS";"DEL07-RS";"UOP04-DEL07-RS"
208753;2019-05-11;"sábado";"20:00:00";"RS";386;47,2;"SEBERI";"Ingestão de Álcool";"Colisão traseira";"Sem Vítimas";"Plena Noite";"Crescente";"Garoa/Chuvisco";"Simples";"Reta";"Não";2;0;0;0;1;1;0;2;-27,466236;-53,404499;"SPRF-RS";"DEL08-RS";"UOP02-DEL08-RS"
208757;2019-05-11;"sábado";"20:00:00";"BA";116;248;"QUIJINGUE";"Defeito Mecânico no Veículo";"Capotamento";"Com Vítimas Feridas";"Plena Noite";"Crescente";"Céu Claro";"Simples";"Declive";"Não";2;0;1;0;1;0;1;1;-10,75939591;-38,90206181;"SPRF-BA";"DEL07-BA";"UOP02-DEL07-BA"
208760;2019-05-11;"sábado";"20:30:00";"MG";267;153,5;"LIMA DUARTE";"Defeito Mecânico no Veículo";"Colisão traseira";"Com Vítimas Feridas";"Plena Noite";"Decrescente";"Nevoeiro/Neblina";"Simples";"Reta";"Não";3;0;1;0;1;1;1;3;-21,81238592;-43,72636378;"SPRF-MG";"DEL05-MG";"UOP01-DEL05-MG"
208763;2019-05-11;"sábado";"20:50:00";"BA";407;231;"CAPIM GROSSO";"Desobediência às normas de trânsito pelo condutor";"Colisão frontal";"Com Vítimas Feridas";"Plena Noite";"Crescente";"Nublado";"Simples";"Curva";"Sim";3;0;2;0;1;0;2;2;-11,36443597;-40,01315076;"SPRF-BA";"DEL04-BA";"UOP02-DEL04-BA"
208765;2019-05-11;"sábado";"20:40:00";"PR";476;242,6;"LAPA";"Pista Escorregadia";"Colisão frontal";"Com Vítimas Feridas";"Plena Noite";"Crescente";"Chuva";"Simples";"Curva";"Não";4;0;1;1;1;3;2;5;-25,858768;-50,08609;"SPRF-PR";"DEL02-PR";"UOP04-DEL02-PR"
208767;2019-05-11;"sábado";"20:15:00";"GO";60;30,9;"ALEXANIA";"Falta de Atenção à Condução";"Colisão traseira";"Sem Vítimas";"Plena Noite";"Crescente";"Céu Claro";"Dupla";"Reta";"Sim";3;0;0;0;2;1;0;3;-16,09439225;-48,49004745;"SPRF-DF";"DEL01-DF";"UOP01-DEL03-DF"
208768;2019-05-11;"sábado";"13:40:00";"MT";163;605,3;"NOVA MUTUM";"Defeito Mecânico no Veículo";"Tombamento";"Sem Vítimas";"Pleno dia";"Decrescente";"Céu Claro";"Simples";"Reta";"Não";2;0;0;0;1;2;0;3;-13,75785756;-56,05317062;"SPRF-MT";"DEL01-MT";"UOP01-DEL01-MT"
208770;2019-05-11;"sábado";"20:30:00";"RS";290;25,2;"SANTO ANTONIO DA PATRULHA";"Falta de Atenção à Condução";"Colisão traseira";"Com Vítimas Feridas";"Plena Noite";"Crescente";"Chuva";"Múltipla";"Reta";"Não";3;0;1;0;1;1;1;3;-29,880203;-50,503971;"SPRF-RS";"DEL03-RS";"UOP01-DEL03-RS"
208774;2019-05-11;"sábado";"21:30:00";"PR";163;151;"SANTA LUCIA";"Falta de Atenção à Condução";"Colisão transversal";"Com Vítimas Feridas";"Plena Noite";"Decrescente";"Nevoeiro/Neblina";"Simples";"Aclive";"Não";4;0;1;0;3;0;1;3;-25,41040897;-53,5718868;"SPRF-PR";"DEL04-PR";"UOP05-DEL05-PR"
208775;2019-05-11;"sábado";"20:45:00";"MS";359;137;"ALCINOPOLIS";"Deficiência ou não Acionamento do Sistema de Iluminação/Sinalização do Veículo";"Colisão com objeto estático";"Com Vítimas Fatais";"Plena Noite";"Decrescente";"Céu Claro";"Simples";"Reta";"Não";4;1;0;1;1;3;1;5;-18,24760603;-53,97738101;"SPRF-MS";"DEL06-MS";"UOP01-DEL06-MS"
208788;2019-05-11;"sábado";"22:45:00";"PI";316;1,8;"TERESINA";"Não guardar distância de segurança";"Colisão lateral";"Com Vítimas Feridas";"Plena Noite";"Crescente";"Céu Claro";"Múltipla";"Viaduto";"Sim";3;0;1;0;1;1;1;2;-5,12861853;-42,80706778;"SPRF-PI";"DEL01-PI";"UOP02-DEL01-PI"
208790;2019-05-11;"sábado";"23:28:00";"ES";101;266,2;"SERRA";"Desobediência às normas de trânsito pelo condutor";"Colisão transversal";"Com Vítimas Feridas";"Plena Noite";"Crescente";"Nublado";"Múltipla";"Interseção de Vias";"Sim";3;0;1;1;1;0;2;2;-20,18989412;-40,26845455;"SPRF-ES";"DEL02-ES";"UOP01-DEL02-ES"
208793;2019-05-11;"sábado";"19:30:00";"BA";242;295;"ANDARAI";"Animais na Pista";"Tombamento";"Com Vítimas Feridas";"Plena Noite";"Decrescente";"Céu Claro";"Simples";"Reta";"Não";7;0;4;0;2;5;4;9;-12,47490752;-41,04839342;"SPRF-BA";"DEL06-BA";"UOP02-DEL06-BA"
208799;2019-05-12;"domingo";"00:30:00";"MG";267;241,2;"SERITINGA";"Velocidade Incompatível";"Tombamento";"Com Vítimas Feridas";"Plena Noite";"Decrescente";"Nublado";"Simples";"Curva;Declive";"Não";2;0;1;0;0;2;1;3;-21,91922129;-44,41644453;"SPRF-MG";"DEL05-MG";"UOP01-DEL17-MG"
208834;2019-05-12;"domingo";"03:00:00";"SC";280;26;"ARAQUARI";"Falta de Atenção à Condução";"Colisão traseira";"Sem Vítimas";"Plena Noite";"Crescente";"Chuva";"Simples";"Reta";"Não";2;0;0;0;1;1;0;2;-26,38972308;-48,73411593;"SPRF-SC";"DEL03-SC";"UOP03-DEL03-SC"
208837;2019-05-12;"domingo";"02:50:00";"MG";262;765,1;"SACRAMENTO";"Falta de Atenção à Condução";"Colisão transversal";"Com Vítimas Feridas";"Plena Noite";"Decrescente";"Nublado";"Simples";"Reta";"Não";4;0;1;2;0;1;3;2;-19,66487652;-47,59598136;"SPRF-MG";"DEL13-MG";"UOP01-DEL13-MG"
208845;2019-05-12;"domingo";"04:45:00";"MG";40;613;"CONGONHAS";"Falta de Atenção à Condução";"Colisão frontal";"Com Vítimas Fatais";"Amanhecer";"Crescente";"Céu Claro";"Simples";"Reta";"Não";6;1;1;1;2;1;2;4;-20,52319889;-43,8291359;"SPRF-MG";"DEL05-MG";"UOP02-DEL05-MG"
208858;2019-05-11;"sábado";"23:30:00";"MA";316;391;"BACABAL";"Defeito na Via";"Colisão lateral";"Com Vítimas Feridas";"Plena Noite";"Decrescente";"Céu Claro";"Simples";"Reta";"Não";3;0;1;0;1;3;1;5;-4,173505;-44,531303;"SPRF-MA";"DEL02-MA";"DEL18/2-UOP03/MA"
208868;2019-05-12;"domingo";"05:40:00";"GO";20;16;"FORMOSA";"Falta de Atenção à Condução";"Colisão traseira";"Com Vítimas Feridas";"Amanhecer";"Crescente";"Céu Claro";"Simples";"Reta";"Sim";3;0;1;0;1;2;1;4;-15,56247;-47,215034;"SPRF-DF";"DEL02-DF";"UOP01-DEL02-DF"
208873;2019-05-12;"domingo";"07:25:00";"SC";101;344,9;"TUBARAO";"Condutor Dormindo";"Saída de leito carroçável";"Com Vítimas Feridas";"Pleno dia";"Decrescente";"Garoa/Chuvisco";"Dupla";"Reta";"Não";2;0;1;0;0;1;1;2;-28,55606608;-49,05425549;"SPRF-SC";"DEL02-SC";"UOP01-DEL02-SC"
208882;2019-05-12;"domingo";"05:50:00";"RJ";493;54,5;"DUQUE DE CAXIAS";"Mal Súbito";"Tombamento";"Com Vítimas Feridas";"Pleno dia";"Decrescente";"Céu Claro";"Dupla";"Reta";"Não";2;0;1;0;0;1;1;2;-22,66606707;-43,32538258;"SPRF-RJ";"DEL01-RJ";"UOP01-DEL01-RJ"
208885;2019-05-12;"domingo";"04:00:00";"PI";316;218,5;"VALENCA DO PIAUI";"Condutor Dormindo";"Saída de leito carroçável";"Com Vítimas Feridas";"Plena Noite";"Decrescente";"Nublado";"Simples";"Reta";"Não";1;0;0;1;0;0;1;1;-6,45514696;-41,74674273;"SPRF-PI";"DEL04-PI";"UOP02-DEL04-PI"
208900;2019-05-12;"domingo";"09:00:00";"MT";163;649,2;"LUCAS DO RIO VERDE";"Ultrapassagem Indevida";"Colisão lateral";"Com Vítimas Fatais";"Pleno dia";"Decrescente";"Céu Claro";"Simples";"Curva";"Não";3;2;0;0;1;0;0;2;-13,48678294;-56,05721992;"SPRF-MT";"DEL06-MT";"UOP01-DEL06-MT"
208905;2019-05-12;"domingo";"05:40:00";"MT";70;609;"POCONE";"Pista Escorregadia";"Saída de leito carroçável";"Sem Vítimas";"Amanhecer";"Decrescente";"Chuva";"Simples";"Curva";"Não";2;0;0;0;2;0;0;2;-15,84932911;-56,80410299;"SPRF-MT";"DEL03-MT";"UOP02-DEL03-MT"
208906;2019-05-12;"domingo";"11:20:00";"ES";101;298,5;"VIANA";"Desobediência às normas de trânsito pelo condutor";"Colisão lateral";"Com Vítimas Feridas";"Pleno dia";"Decrescente";"Céu Claro";"Dupla";"Reta";"Sim";2;0;0;1;1;0;1;2;-20,35374444;-40,4156433;"SPRF-ES";"DEL01-ES";"UOP01-DEL01-ES"
208918;2019-05-12;"domingo";"11:15:00";"BA";116;346,4;"SERRINHA";"Falta de Atenção à Condução";"Colisão lateral";"Com Vítimas Feridas";"Pleno dia";"Decrescente";"Nublado";"Simples";"Reta";"Não";3;0;0;1;1;2;1;4;-11,55563704;-38,9898143;"SPRF-BA";"DEL02-BA";"UOP01-DEL02-BA"
208919;2019-05-12;"domingo";"10:25:00";"MG";40;111,6;"LAGOA GRANDE";"Ultrapassagem Indevida";"Colisão transversal";"Com Vítimas Feridas";"Pleno dia";"Crescente";"Céu Claro";"Simples";"Reta";"Não";4;0;1;0;2;3;1;5;-17,63829797;-46,44542399;"SPRF-MG";"DEL14-MG";"UOP01-DEL14-MG"
208921;2019-05-12;"domingo";"10:10:00";"MT";364;460,2;"VARZEA GRANDE";"Falta de Atenção à Condução";"Tombamento";"Com Vítimas Fatais";"Pleno dia";"Decrescente";"Garoa/Chuvisco";"Simples";"Curva";"Não";8;1;0;1;5;3;1;6;-15,52718003;-56,27460882;"SPRF-MT";"DEL01-MT";"DEL2/4-UOP02/MT"
208928;2019-05-12;"domingo";"12:50:00";"DF";80;9,8;"BRASILIA";"Desobediência às normas de trânsito pelo condutor";"Colisão lateral";"Com Vítimas Feridas";"Pleno dia";"Crescente";"Céu Claro";"Simples";"Rotatória";"Não";2;0;1;0;1;0;1;2;-15,73075913;-48,16788197;"SPRF-DF";"DEL01-DF";"UOP02-DEL03-DF"
208962;2019-05-12;"domingo";"14:05:00";"PE";232;10,7;"JABOATAO DOS GUARARAPES";"Falta de Atenção do Pedestre";"Atropelamento de Pedestre";"Com Vítimas Feridas";"Pleno dia";"Decrescente";"Céu Claro";"Dupla";"Reta";"Não";3;0;1;0;1;1;1;3;-8,07917241;-34,98718609;"SPRF-PE";"DEL01-PE";"UOP01-DEL01-PE"
208964;2019-05-12;"domingo";"10:00:00";"MG";381;334;"NOVA ERA";"Velocidade Incompatível";"Saída de leito carroçável";"Com Vítimas Feridas";"Pleno dia";"Decrescente";"Céu Claro";"Simples";"Curva;Declive";"Não";2;0;1;0;0;2;1;3;-19,78508221;-43,04427668;"SPRF-MG";"DEL03-MG";"UOP01-DEL03-MG"
208976;2019-05-12;"domingo";"14:50:00";"MG";365;688;"MONTE ALEGRE DE MINAS";"Defeito Mecânico no Veículo";"Colisão traseira";"Com Vítimas Feridas";"Pleno dia";"Crescente";"Céu Claro";"Dupla";"Em Obras;Reta";"Sim";7;0;2;0;4;2;2;4;-18,87623321;-48,88400401;"SPRF-MG";"DEL15-MG";"UOP03-DEL15-MG"
209006;2019-05-11;"sábado";"19:30:00";"BA";110;81;"JEREMOABO";"Defeito Mecânico no Veículo";"Incêndio";"Sem Vítimas";"Plena Noite";"Crescente";"Ignorado";"Simples";"Reta";"Não";2;0;0;0;1;1;0;2;-10,13721082;-38,29644669;"SPRF-BA";"DEL07-BA";"UOP01-DEL07-BA"
209017;2019-05-12;"domingo";"15:00:00";"MG";251;221,8;"CACHOEIRA DE PAJEU";"Não guardar distância de segurança";"Colisão traseira";"Com Vítimas Fatais";"Pleno dia";"Decrescente";"Nublado";"Simples";"Reta";"Não";21;1;14;4;1;1;18;3;-15,95515343;-41,6268738;"SPRF-MG";"DEL11-MG";"UOP02-DEL11-MG"
209031;2019-05-12;"domingo";"15:45:00";"TO";153;354,3;"FORTALEZA DO TABOCAO";"Ultrapassagem Indevida";"Tombamento";"Com Vítimas Feridas";"Pleno dia";"Decrescente";"Céu Claro";"Simples";"Reta";"Não";2;0;0;2;0;0;2;2;-9,01400398;-48,50223118;"SPRF-TO";"DEL02-TO";"UOP02-DEL02-TO"
209036;2019-05-12;"domingo";"15:30:00";"PR";376;668;"GUARATUBA";"Velocidade Incompatível";"Colisão lateral";"Com Vítimas Feridas";"Pleno dia";"Decrescente";"Chuva";"Dupla";"Curva";"Não";3;0;1;0;2;0;1;2;-25,864159;-48,937538;"SPRF-PR";"DEL01-PR";"UOP04-DEL01-PR"
209049;2019-05-12;"domingo";"14:00:00";"CE";222;259;"COREAU";"Defeito Mecânico no Veículo";"Incêndio";"Sem Vítimas";"Pleno dia";"Decrescente";"Sol";"Simples";"Reta";"Não";1;0;0;0;1;0;0;1;-3,75079488;-40,63983599;"SPRF-CE";"DEL04-CE";"UOP02-DEL04-CE"
209053;2019-05-12;"domingo";"17:35:00";"MG";251;472;"FRANCISCO SA";"Velocidade Incompatível";"Colisão traseira";"Com Vítimas Fatais";"Anoitecer";"Crescente";"Céu Claro";"Simples";"Curva";"Não";4;1;0;1;1;2;1;4;-16,4669101;-43,43947986;"SPRF-MG";"DEL12-MG";"UOP01-DEL12-MG"
209061;2019-05-12;"domingo";"17:20:00";"PR";277;344;"GUARAPUAVA";"Falta de Atenção à Condução";"Tombamento";"Sem Vítimas";"Pleno dia";"Decrescente";"Nublado";"Dupla";"Viaduto;Interseção de Vias";"Sim";2;0;0;0;1;2;0;3;-25,33928412;-51,42880296;"SPRF-PR";"DEL03-PR";"UOP01-DEL08-PR"
209062;2019-05-12;"domingo";"18:35:00";"PR";476;159,3;"ARAUCARIA";"Falta de Atenção à Condução";"Colisão traseira";"Com Vítimas Feridas";"Plena Noite";"Decrescente";"Ignorado";"Simples";"Reta";"Não";7;0;4;0;2;1;4;4;-25,617157;-49,43169;"SPRF-PR";"DEL01-PR";"UOP03-DEL01-PR"
209073;2019-05-12;"domingo";"18:40:00";"PR";376;502,7;"PONTA GROSSA";"Velocidade Incompatível";"Colisão traseira";"Com Vítimas Feridas";"Plena Noite";"Decrescente";"Céu Claro";"Dupla";"Reta";"Sim";5;0;1;0;2;2;1;4;-25,20185079;-50,07092178;"SPRF-PR";"DEL03-PR";"UOP04-DEL03-PR"
209077;2019-05-12;"domingo";"19:00:00";"ES";262;116,5;"CONCEICAO DO CASTELO";"Falta de Atenção à Condução";"Tombamento";"Com Vítimas Feridas";"Plena Noite";"Decrescente";"Céu Claro";"Simples";"Curva";"Não";2;0;0;1;0;2;1;3;-20,31763106;-41,22741303;"SPRF-ES";"DEL01-ES";"UOP02-DEL01-ES"
209079;2019-05-12;"domingo";"18:30:00";"MG";262;368;"JUATUBA";"Não guardar distância de segurança";"Colisão traseira";"Com Vítimas Feridas";"Plena Noite";"Decrescente";"Céu Claro";"Dupla";"Viaduto";"Não";4;0;1;0;3;0;1;3;-19,97239513;-44,28042402;"SPRF-MG";"DEL01-MG";"UOP03-DEL01-MG"
209083;2019-05-12;"domingo";"16:20:00";"RO";364;424;"JARU";"Pista Escorregadia";"Saída de leito carroçável";"Sem Vítimas";"Pleno dia";"Decrescente";"Chuva";"Simples";"Reta;Declive";"Sim";2;0;0;0;1;3;0;4;-10,44457274;-62,46568412;"SPRF-RO";"DEL03-RO";"UOP02-DEL03-RO"
209092;2019-05-12;"domingo";"19:25:00";"RS";116;399;"CAMAQUA";"Deficiência ou não Acionamento do Sistema de Iluminação/Sinalização do Veículo";"Colisão traseira";"Com Vítimas Feridas";"Plena Noite";"Crescente";"Céu Claro";"Simples";"Reta";"Sim";2;0;1;0;1;0;1;2;-30,86691995;-51,80039803;"SPRF-RS";"DEL02-RS";"UOP03-DEL02-RS"
209095;2019-05-12;"domingo";"17:30:00";"MG";262;193;"BELA VISTA DE MINAS";"Desobediência às normas de trânsito pelo condutor";"Colisão lateral";"Com Vítimas Feridas";"Anoitecer";"Decrescente";"Nublado";"Simples";"Reta";"Não";7;0;3;2;1;1;5;4;-19,86386999;-43,09050699;"SPRF-MG";"DEL03-MG";"UOP01-DEL03-MG"