"id";"data_inversa";"dia_semana";"horario";"uf";"br";"km";"municipio";"causa_acidente";"tipo_acidente";"classificacao_acidente";"fase_dia";"sentido_via";"condicao_metereologica";"tipo_pista";"tracado_via";"uso_solo";"pessoas";"mortos";"feridos_leves";"feridos_graves";"ilesos";"ignorados";"feridos";"veiculos";"latitude";"longitude";"regional";"delegacia";"uop"
209497;2019-05-14;"terça-feira";"14:25:00";"RS";101;86;"OSORIO";"Falta de Atenção à Condução";"Tombamento";"Com Vítimas Feridas";"Pleno dia";"Decrescente";"Nublado";"Dupla";"Retorno Regulamentado;Curva";"Sim";1;0;1;0;0;0;1;1;-29,8754149;-50,25734711;"SPRF-RS";"DEL03-RS";"UOP01-DEL03-RS"
209498;2019-05-14;"terça-feira";"11:20:00";"PR";376;681;"GUARATUBA";"Velocidade Incompatível";"Colisão com objeto estático";"Com Vítimas Feridas";"Pleno dia";"Decrescente";"Nublado";"Dupla";"Reta";"Sim";2;0;1;0;1;0;1;2;-25,96596616;-48,89663319;"SPRF-PR";"DEL01-PR";"UOP04-DEL01-PR"
209502;2019-05-14;"terça-feira";"14:40:00";"MG";116;350,7;"JAMPRUCA";"Falta de Atenção à Condução";"Capotamento";"Com Vítimas Fatais";"Pleno dia";"Crescente";"Sol";"Simples";"Curva";"Não";2;1;0;0;0;1;0;2;-18,38628992;-41,81300101;"SPRF-MG";"DEL11-MG";"UOP01-DEL11-MG"
209506;2019-05-14;"terça-feira";"13:31:00";"RO";364;369;"OURO PRETO DO OESTE";"Desobediência às normas de trânsito pelo condutor";"Colisão lateral";"Com Vítimas Feridas";"Pleno dia";"Crescente";"Nublado";"Simples";"Declive";"Não";4;0;1;0;2;2;1;4;-10,76221523;-62,13663407;"SPRF-RO";"DEL02-RO";"UOP01-DEL02-RO"
209507;2019-05-14;"terça-feira";"15:10:00";"SP";116;54,4;"LORENA";"Desobediência às normas de trânsito pelo pedestre";"Atropelamento de Pedestre";"Com Vítimas Feridas";"Pleno dia";"Decrescente";"Nublado";"Dupla";"Reta";"Sim";4;0;0;1;1;2;1;3;-22,75803895;-45,11508003;"SPRF-SP";"DEL08-SP";"UOP01-DEL08-SP"
209509;2019-05-14;"terça-feira";"14:49:00";"PR";116;131,7;"FAZENDA RIO GRANDE";"Falta de Atenção à Condução";"Tombamento";"Com Vítimas Feridas";"Pleno dia";"Decrescente";"Nublado";"Simples";"Aclive;Curva";"Não";1;0;1;0;0;0;1;1;-25,648307;-49,31251207;"SPRF-PR";"DEL01-PR";"UOP03-DEL01-PR"
209512;2019-05-14;"terça-feira";"15:25:00";"SP";116;211;"GUARULHOS";"Não guardar distância de segurança";"Colisão traseira";"Sem Vítimas";"Pleno dia";"Decrescente";"Céu Claro";"Simples";"Reta";"Não";2;0;0;0;2;0;0;2;-23,4324306;-46,4194352;"SPRF-SP";"DEL01-SP";"UOP01-DEL01-SP"
209515;2019-05-14;"terça-feira";"16:20:00";"ES";101;289;"CARIACICA";"Falta de Atenção à Condução";"Colisão lateral";"Com Vítimas Feridas";"Pleno dia";"Crescente";"Céu Claro";"Dupla";"Reta";"Sim";3;0;1;0;1;1;1;3;-20,28029304;-40,39302931;"SPRF-ES";"DEL01-ES";"UOP01-DEL01-ES"
209517;2019-05-14;"terça-feira";"16:30:00";"MG";153;187,3;"FRUTAL";"Falta de Atenção à Condução";"Colisão traseira";"Com Vítimas Feridas";"Pleno dia";"Crescente";"Nublado";"Simples";"Declive";"Não";5;0;1;0;3;1;1;3;-19,91509495;-48,96299388;"SPRF-MG";"DEL13-MG";"UOP02-DEL13-MG"
209522;2019-05-14;"terça-feira";"08:30:00";"MT";158;676,1;"NOVA XAVANTINA";"Ultrapassagem Indevida";"Capotamento";"Com Vítimas Feridas";"Pleno dia";"Decrescente";"Sol";"Simples";"Curva";"Não";5;0;1;1;2;3;2;5;-14,85332807;-52,29097619;"SPRF-MT";"DEL07-MT";"UOP01-DEL07-MT"
209533;2019-05-14;"terça-feira";"16:30:00";"PI";316;276;"DOM EXPEDITO LOPES";"Velocidade Incompatível";"Colisão lateral";"Sem Vítimas";"Pleno dia";"Decrescente";"Céu Claro";"Simples";"Declive";"Não";2;0;0;0;2;0;0;2;-6,95650818;-41,71931513;"SPRF-PI";"DEL04-PI";"UOP01-DEL04-PI"
209536;2019-05-14;"terça-feira";"16:00:00";"BA";415;28;"ILHEUS";"Velocidade Incompatível";"Colisão frontal";"Com Vítimas Feridas";"Pleno dia";"Crescente";"Céu Claro";"Simples";"Curva";"Não";2;0;1;0;1;0;1;2;-14,8482;-39,281986;"SPRF-BA";"DEL05-BA";"UOP01-DEL05-BA"
209538;2019-05-14;"terça-feira";"16:00:00";"BA";101;536;"SAO JOSE DA VITORIA";"Velocidade Incompatível";"Tombamento";"Com Vítimas Feridas";"Pleno dia";"Decrescente";"Céu Claro";"Simples";"Curva";"Não";2;0;1;0;0;1;1;2;-15,15775202;-39,41074199;"SPRF-BA";"DEL05-BA";"UOP01-DEL05-BA"
209553;2019-05-14;"terça-feira";"18:42:00";"RS";392;27,2;"RIO GRANDE";"Falta de Atenção do Pedestre";"Atropelamento de Pedestre";"Com Vítimas Fatais";"Plena Noite";"Crescente";"Chuva";"Dupla";"Reta";"Sim";3;1;0;0;1;1;0;3;-32,05784542;-52,27191925;"SPRF-RS";"DEL07-RS";"UOP02-DEL07-RS"
209556;2019-05-14;"terça-feira";"19:00:00";"ES";101;298;"VIANA";"Desobediência às normas de trânsito pelo condutor";"Colisão lateral";"Com Vítimas Feridas";"Plena Noite";"Decrescente";"Céu Claro";"Dupla";"Reta";"Sim";2;0;0;1;1;0;1;2;-20,35374444;-40,4156433;"SPRF-ES";"DEL01-ES";"UOP01-DEL01-ES"
209562;2019-05-14;"terça-feira";"19:35:00";"MG";381;936;"EXTREMA";"Falta de Atenção à Condução";"Colisão traseira";"Com Vítimas Feridas";"Plena Noite";"Crescente";"Chuva";"Dupla";"Curva;Declive";"Não";6;0;2;0;3;1;2;3;-22,82914914;-46,31469547;"SPRF-MG";"DEL16-MG";"UOP03-DEL16-MG"
209564;2019-05-14;"terça-feira";"20:19:00";"SC";470;193,1;"POUSO REDONDO";"Falta de Atenção à Condução";"Colisão lateral";"Sem Vítimas";"Plena Noite";"Decrescente";"Nublado";"Simples";"Curva";"Não";3;0;0;0;2;1;0;3;-27,300575;-50,075451;"SPRF-SC";"DEL04-SC";"UOP02-DEL04-SC"
209566;2019-05-14;"terça-feira";"20:10:00";"RS";386;305,5;"POUSO NOVO";"Defeito Mecânico no Veículo";"Capotamento";"Com Vítimas Feridas";"Plena Noite";"Crescente";"Chuva";"Dupla";"Reta";"Não";1;0;1;0;0;0;1;1;-29,186541;-52,18951;"SPRF-RS";"DEL04-RS";"UOP01-DEL04-RS"
209571;2019-05-14;"terça-feira";"18:45:00";"MT";163;890;"CLAUDIA";"Ingestão de Álcool";"Colisão frontal";"Com Vítimas Feridas";"Plena Noite";"Crescente";"Céu Claro";"Simples";"Reta";"Não";3;0;1;0;1;3;1;5;-11,51728078;-55,37970538;"SPRF-MT";"DEL06-MT";"UOP02-DEL06-MT"
209572;2019-05-14;"terça-feira";"15:00:00";"BA";242;488;"OLIVEIRA DOS BREJINHOS";"Velocidade Incompatível";"Tombamento";"Com Vítimas Fatais";"Pleno dia";"Crescente";"Céu Claro";"Simples";"Curva";"Não";2;1;0;1;0;0;1;1;-12,41184944;-42,36143589;"SPRF-BA";"DEL06-BA";"UOP01-DEL06-BA"
209573;2019-05-14;"terça-feira";"17:45:00";"MG";365;787;"ITUIUTABA";"Não guardar distância de segurança";"Saída de leito carroçável";"Com Vítimas Feridas";"Plena Noite";"Crescente";"Céu Claro";"Simples";"Reta";"Não";5;0;2;1;1;1;3;3;-18,93614458;-49,78864285;"SPRF-MG";"DEL15-MG";"UOP03-DEL15-MG"
209574;2019-05-14;"terça-feira";"15:30:00";"BA";116;604,6;"IRAJUBA";"Falta de Atenção à Condução";"Colisão traseira";"Com Vítimas Feridas";"Pleno dia";"Crescente";"Céu Claro";"Simples";"Aclive";"Não";3;0;1;0;1;1;1;3;-13,23346504;-40,01732582;"SPRF-BA";"DEL03-BA";"UOP01-DEL03-BA"
209578;2019-05-14;"terça-feira";"20:59:00";"MG";381;674,6;"PERDOES";"Velocidade Incompatível";"Tombamento";"Com Vítimas Feridas";"Plena Noite";"Crescente";"Céu Claro";"Dupla";"Curva";"Não";1;0;1;0;0;0;1;1;-21,107021;-45,09114;"SPRF-MG";"DEL04-MG";"UOP02-DEL04-MG"
209579;2019-05-14;"terça-feira";"19:00:00";"SC";163;72;"SAO MIGUEL DO OESTE";"Não guardar distância de segurança";"Engavetamento";"Sem Vítimas";"Plena Noite";"Crescente";"Nublado";"Dupla";"Reta;Aclive";"Não";6;0;0;0;5;2;0;5;-26,65717539;-53,46668243;"SPRF-SC";"DEL07-SC";"UOP03-DEL07-SC"
209581;2019-05-14;"terça-feira";"17:40:00";"RS";290;533;"ALEGRETE";"Sinalização da via insuficiente ou inadequada";"Danos eventuais";"Com Vítimas Fatais";"Anoitecer";"Crescente";"Céu Claro";"Simples";"Reta";"Não";5;1;0;2;2;0;2;3;-30,025129;-55,371212;"SPRF-RS";"DEL13-RS";"UOP02-DEL13-RS"
209592;2019-05-15;"quarta-feira";"04:05:00";"PR";476;134;"CURITIBA";"Não guardar distância de segurança";"Colisão traseira";"Com Vítimas Feridas";"Plena Noite";"Decrescente";"Garoa/Chuvisco";"Múltipla";"Interseção de Vias";"Sim";3;0;1;0;2;0;1;2;-25,476524;-49,259937;"SPRF-PR";"DEL01-PR";"UOP03-DEL01-PR"
209593;2019-05-15;"quarta-feira";"03:00:00";"SC";101;373;"ICARA";"Condutor Dormindo";"Saída de leito carroçável";"Com Vítimas Feridas";"Plena Noite";"Crescente";"Céu Claro";"Dupla";"Reta";"Não";2;0;1;0;1;0;1;1;-28,7132671;-49,21763596;"SPRF-SC";"DEL02-SC";"UOP01-DEL02-SC"
209594;2019-05-15;"quarta-feira";"04:30:00";"PR";376;125,9;"ALTO PARANA";"Falta de Atenção do Pedestre";"Atropelamento de Pedestre";"Com Vítimas Fatais";"Plena Noite";"Decrescente";"Céu Claro";"Dupla";"Reta";"Não";3;1;0;0;1;1;0;3;-23,14972357;-52,27427368;"SPRF-PR";"DEL07-PR";"UOP02-DEL09-PR"
209596;2019-05-15;"quarta-feira";"05:50:00";"PE";101;73,5;"RECIFE";"Falta de Atenção à Condução";"Tombamento";"Com Vítimas Feridas";"Pleno dia";"Decrescente";"Sol";"Dupla";"Reta";"Sim";3;0;1;0;0;2;1;3;-8,093369;-34,947464;"SPRF-PE";"DEL01-PE";"UOP01-DEL01-PE"
209599;2019-05-14;"terça-feira";"23:00:00";"RO";364;656;"CANDEIAS DO JAMARI";"Falta de Atenção à Condução";"Tombamento";"Com Vítimas Feridas";"Plena Noite";"Decrescente";"Céu Claro";"Simples";"Reta";"Não";2;0;1;0;0;1;1;2;-8,867569;-63,44327997;"SPRF-RO";"DEL01-RO";"UOP01-DEL01-RO"
209601;2019-05-15;"quarta-feira";"07:00:00";"PR";369;35,5;"ANDIRA";"Falta de Atenção à Condução";"Colisão com objeto em movimento";"Com Vítimas Feridas";"Amanhecer";"Crescente";"Céu Claro";"Simples";"Reta";"Não";2;0;1;0;0;1;1;2;-23,03379926;-50,21830201;"SPRF-PR";"DEL07-PR";"UOP05-DEL07-PR"
209614;2019-05-15;"quarta-feira";"05:30:00";"RJ";101;169;"MACAE";"Pista Escorregadia";"Colisão transversal";"Com Vítimas Feridas";"Amanhecer";"Crescente";"Chuva";"Simples";"Declive";"Não";2;0;0;1;1;0;1;2;-22,35125958;-41,9221205;"SPRF-RJ";"DEL02-RJ";"UOP04-DEL08-RJ"
209615;2019-05-15;"quarta-feira";"06:50:00";"RO";364;195,2;"PIMENTA BUENO";"Falta de Atenção à Condução";"Colisão lateral";"Com Vítimas Feridas";"Pleno dia";"Decrescente";"Céu Claro";"Simples";"Reta;Interseção de Vias";"Sim";4;0;0;1;1;2;1;4;-11,6932879;-61,17742991;"SPRF-RO";"DEL02-RO";"UOP02-DEL02-RO"
209617;2019-05-15;"quarta-feira";"04:58:00";"PR";376;323,1;"ORTIGUEIRA";"Falta de Atenção à Condução";"Tombamento";"Sem Vítimas";"Amanhecer";"Crescente";"Nublado";"Simples";"Curva";"Não";2;0;0;0;1;1;0;2;-24,07453985;-51,0583234;"SPRF-PR";"DEL07-PR";"UOP02-DEL07-PR"
209626;2019-05-15;"quarta-feira";"06:50:00";"RJ";493;100;"SEROPEDICA";"Defeito na Via";"Saída de leito carroçável";"Com Vítimas Feridas";"Amanhecer";"Crescente";"Chuva";"Dupla";"Reta";"Sim";3;0;3;0;0;0;3;1;-22,74170267;-43,72089744;"SPRF-RJ";"DEL03-RJ";"UOP01-DEL03-RJ"
209629;2019-05-15;"quarta-feira";"07:45:00";"RS";158;314,2;"SANTA MARIA";"Ultrapassagem Indevida";"Colisão com objeto estático";"Com Vítimas Feridas";"Pleno dia";"Crescente";"Garoa/Chuvisco";"Simples";"Curva";"Não";1;0;0;1;0;0;1;1;-29,642699;-53,758895;"SPRF-RS";"DEL09-RS";"UOP01-DEL09-RS"
209630;2019-05-15;"quarta-feira";"08:24:00";"RS";101;22,3;"TRES CACHOEIRAS";"Não guardar distância de segurança";"Colisão traseira";"Com Vítimas Feridas";"Pleno dia";"Crescente";"Chuva";"Dupla";"Reta";"Sim";3;0;0;1;1;1;1;3;-29,44294714;-49,90590513;"SPRF-RS";"DEL03-RS";"UOP02-DEL03-RS"
209636;2019-05-02;"quinta-feira";"11:40:00";"PA";316;18;"MARITUBA";"Defeito Mecânico no Veículo";"Colisão com objeto em movimento";"Com Vítimas Feridas";"Pleno dia";"Crescente";"Céu Claro";"Dupla";"Reta";"Sim";3;0;1;0;1;1;1;3;-1,36485638;-48,29643999;"SPRF-PA";"DEL01-PA";"DEL19/1-UOP05/PA"
209642;2019-05-15;"quarta-feira";"09:40:00";"SC";101;438,3;"SOMBRIO";"Falta de Atenção à Condução";"Colisão traseira";"Sem Vítimas";"Pleno dia";"Crescente";"Nublado";"Dupla";"Reta";"Sim";3;0;0;0;2;2;0;4;-29,12329351;-49,64670312;"SPRF-SC";"DEL02-SC";"UOP02-DEL02-SC"
209646;2019-04-17;"quarta-feira";"18:00:00";"BA";415;52;"ITABUNA";"Falta de Atenção à Condução";"Colisão transversal";"Com Vítimas Feridas";"Anoitecer";"Crescente";"Céu Claro";"Simples";"Reta";"Sim";2;0;1;0;1;0;1;2;-14,81574494;-39,29612388;"SPRF-BA";"DEL05-BA";"UOP01-DEL05-BA"
209647;2019-05-15;"quarta-feira";"11:40:00";"PA";230;117;"MARABA";"Falta de Atenção à Condução";"Colisão traseira";"Sem Vítimas";"Pleno dia";"Crescente";"Céu Claro";"Dupla";"Reta";"Sim";6;0;0;0;5;1;0;6;-5,35569904;-49,09047302;"SPRF-PA";"DEL03-PA";"UOP01-DEL03-PA"
209651;2019-05-15;"quarta-feira";"11:25:00";"MG";381;437,6;"SABARA";"Velocidade Incompatível";"Colisão lateral";"Com Vítimas Feridas";"Pleno dia";"Decrescente";"Nublado";"Simples";"Curva;Declive";"Não";2;0;1;0;1;0;1;2;-19,80933086;-43,76826997;"SPRF-MG";"DEL01-MG";"UOP01-DEL01-MG"
209653;2019-05-15;"quarta-feira";"12:45:00";"MG";40;588;"ITABIRITO";"Pista Escorregadia";"Colisão frontal";"Com Vítimas Feridas";"Pleno dia";"Crescente";"Chuva";"Simples";"Curva";"Não";3;0;0;2;1;0;2;2;-20,35149094;-43,91313094;"SPRF-MG";"DEL01-MG";"UOP02-DEL01-MG"
209655;2019-05-15;"quarta-feira";"12:50:00";"GO";153;514;"APARECIDA DE GOIANIA";"Falta de Atenção à Condução";"Colisão lateral";"Com Vítimas Feridas";"Pleno dia";"Decrescente";"Nublado";"Dupla";"Interseção de Vias";"Sim";2;0;1;0;1;0;1;2;-16,8315;-49,2434;"SPRF-GO";"DEL01-GO";"UOP03-DEL01-GO"
209661;2019-05-15;"quarta-feira";"13:00:00";"RJ";393;155;"TRES RIOS";"Velocidade Incompatível";"Tombamento";"Sem Vítimas";"Pleno dia";"Decrescente";"Céu Claro";"Simples";"Rotatória";"Não";3;0;0;0;2;2;0;3;-22,08606995;-43,05495303;"SPRF-RJ";"DEL06-RJ";"UOP01-DEL05-RJ"
209662;2019-05-15;"quarta-feira";"13:15:00";"RS";116;238,8;"NOVO HAMBURGO";"Falta de Atenção do Pedestre";"Atropelamento de Pedestre";"Com Vítimas Fatais";"Pleno dia";"Decrescente";"Nublado";"Dupla";"Reta;Declive";"Sim";2;1;0;0;1;0;0;2;-29,69388897;-51,1438968;"SPRF-RS";"DEL01-RS";"UOP02-DEL01-RS"
209664;2019-05-15;"quarta-feira";"14:05:00";"TO";153;658,2;"GURUPI";"Falta de Atenção à Condução";"Tombamento";"Com Vítimas Feridas";"Pleno dia";"Decrescente";"Céu Claro";"Simples";"Reta";"Não";2;0;1;0;0;1;1;2;-11,60496792;-49,04177624;"SPRF-TO";"DEL02-TO";"UOP02-DEL01-TO"
209676;2019-05-15;"quarta-feira";"14:10:00";"CE";116;41;"HORIZONTE";"Falta de Atenção à Condução";"Colisão lateral";"Com Vítimas Feridas";"Pleno dia";"Crescente";"Céu Claro";"Simples";"Retorno Regulamentado";"Sim";2;0;1;0;1;0;1;2;-4,1024351;-38,50001011;"SPRF-CE";"DEL01-CE";"UOP02-DEL01-CE"
209680;2019-05-15;"quarta-feira";"14:10:00";"SC";116;69,1;"MONTE CASTELO";"Velocidade Incompatível";"Tombamento";"Com Vítimas Feridas";"Pleno dia";"Crescente";"Nublado";"Simples";"Declive;Rotatória";"Sim";2;0;1;0;0;1;1;2;-26,46036818;-50,22889671;"SPRF-SC";"DEL06-SC";"UOP02-DEL06-SC"
209685;2019-04-16;"terça-feira";"03:20:00";"RS";470;153,5;"NOVA PRATA";"Desobediência às normas de trânsito pelo condutor";"Colisão lateral";"Com Vítimas Feridas";"Plena Noite";"Decrescente";"Chuva";"Simples";"Reta";"Sim";3;0;2;0;0;1;2;3;-28,77133;-51,61788;"SPRF-RS";"DEL06-RS";"UOP02-DEL06-RS"
209686;2019-05-15;"quarta-feira";"15:20:00";"AL";101;26,7;"JOAQUIM GOMES";"Condutor Dormindo";"Colisão frontal";"Com Vítimas Feridas";"Pleno dia";"Crescente";"Céu Claro";"Simples";"Reta";"Não";4;0;3;0;0;1;3;3;-9,06049276;-35,72508709;"SPRF-AL";"DEL01-AL";"UOP01-DEL01-AL"
209687;2019-05-15;"quarta-feira";"12:50:00";"RJ";116;17;"SAPUCAIA";"Defeito Mecânico no Veículo";"Tombamento";"Sem Vítimas";"Pleno dia";"Crescente";"Céu Claro";"Simples";"Curva;Declive";"Não";2;0;0;0;1;1;0;2;-21,98043992;-42,75368608;"SPRF-RJ";"DEL04-RJ";"UOP01-DEL04-RJ"
209688;2019-05-15;"quarta-feira";"15:00:00";"PE";101;50;"ABREU E LIMA";"Falta de Atenção à Condução";"Colisão transversal";"Sem Vítimas";"Pleno dia";"Decrescente";"Sol";"Múltipla";"Reta";"Sim";4;0;0;0;3;1;0;3;-7,90938602;-34,90123228;"SPRF-PE";"DEL01-PE";"UOP02-DEL01-PE"
209690;2019-05-15;"quarta-feira";"13:45:00";"MT";174;268,5;"PONTES E LACERDA";"Mal Súbito";"Tombamento";"Com Vítimas Feridas";"Pleno dia";"Decrescente";"Céu Claro";"Dupla";"Reta";"Não";2;0;1;0;0;1;1;2;-15,375735;-59,183345;"SPRF-MT";"DEL04-MT";"UOP01-DEL04-MT"
209697;2019-05-15;"quarta-feira";"11:50:00";"MG";262;528,4;"LUZ";"Defeito Mecânico no Veículo";"Incêndio";"Sem Vítimas";"Pleno dia";"Decrescente";"Céu Claro";"Simples";"Reta";"Não";2;0;0;0;1;1;0;2;-19,7835411;-45,69549599;"SPRF-MG";"DEL08-MG";"UOP02-DEL08-MG"
209700;2019-05-15;"quarta-feira";"15:55:00";"DF";70;6,9;"BRASILIA";"Pista Escorregadia";"Colisão lateral";"Sem Vítimas";"Pleno dia";"Crescente";"Chuva";"Dupla";"Reta";"Sim";2;0;0;0;2;0;0;2;-15,791242;-48,105759;"SPRF-DF";"DEL01-DF";"UOP02-DEL03-DF"
209701;2019-05-15;"quarta-feira";"14:10:00";"SP";116;512;"CAJATI";"Velocidade Incompatível";"Tombamento";"Sem Vítimas";"Plena Noite";"Decrescente";"Chuva";"Dupla";"Curva";"Não";2;0;0;0;1;1;0;2;-24,83969562;-48,2130146;"SPRF-SP";"DEL05-SP";"UAP01-DEL05-SP"
209702;2019-05-15;"quarta-feira";"16:30:00";"SP";116;446,8;"REGISTRO";"Desobediência às normas de trânsito pelo condutor";"Colisão com objeto estático";"Com Vítimas Feridas";"Pleno dia";"Crescente";"Chuva";"Múltipla";"Reta";"Sim";6;0;1;1;3;1;2;3;-24,50467087;-47,84772743;"SPRF-SP";"DEL05-SP";"UOP01-DEL05-SP"
209704;2019-05-15;"quarta-feira";"17:07:00";"PR";376;656,1;"TIJUCAS DO SUL";"Falta de Atenção à Condução";"Engavetamento";"Sem Vítimas";"Pleno dia";"Decrescente";"Chuva";"Dupla";"Curva";"Não";6;0;0;0;5;2;0;7;-25,83956309;-49,02504891;"SPRF-PR";"DEL01-PR";"UOP04-DEL01-PR"
209710;2019-05-15;"quarta-feira";"17:30:00";"CE";304;62,8;"ARACATI";"Falta de Atenção à Condução";"Colisão transversal";"Com Vítimas Feridas";"Anoitecer";"Crescente";"Céu Claro";"Simples";"Reta";"Sim";5;0;1;0;3;1;1;3;-4,60614604;-37,66304905;"SPRF-CE";"DEL03-CE";"UOP03-DEL03-CE"
209713;2019-05-15;"quarta-feira";"18:30:00";"ES";101;246;"SERRA";"Falta de Atenção à Condução";"Capotamento";"Com Vítimas Feridas";"Plena Noite";"Crescente";"Nublado";"Dupla";"Reta";"Não";3;0;1;0;1;1;1;3;-20,06198397;-40,37678888;"SPRF-ES";"DEL02-ES";"UOP01-DEL02-ES"
209714;2019-05-15;"quarta-feira";"18:15:00";"MG";40;611,9;"CONGONHAS";"Defeito Mecânico no Veículo";"Danos eventuais";"Com Vítimas Fatais";"Plena Noite";"Crescente";"Chuva";"Simples";"Reta";"Não";8;1;2;0;4;1;2;4;-20,519011;-43,833919;"SPRF-MG";"DEL05-MG";"UOP02-DEL05-MG"
209728;2019-05-15;"quarta-feira";"19:00:00";"SE";101;148;"ESTANCIA";"Falta de Atenção à Condução";"Tombamento";"Com Vítimas Feridas";"Plena Noite";"Crescente";"Céu Claro";"Dupla";"Curva";"Sim";1;0;1;0;0;0;1;1;-11,23058903;-37,42573496;"SPRF-SE";"DEL02-SE";"UOP01-DEL02-SE"
209729;2019-05-15;"quarta-feira";"18:35:00";"RO";364;709;"PORTO VELHO";"Desobediência às normas de trânsito pelo condutor";"Colisão transversal";"Com Vítimas Feridas";"Plena Noite";"Crescente";"Céu Claro";"Múltipla";"Interseção de Vias";"Sim";2;0;0;1;1;0;1;2;-8,7909383;-63,84895617;"SPRF-RO";"DEL01-RO";"UOP01-DEL01-RO"
209731;2019-05-15;"quarta-feira";"19:30:00";"PR";467;96;"CASCAVEL";"Falta de Atenção à Condução";"Colisão lateral";"Sem Vítimas";"Plena Noite";"Crescente";"Nublado";"Dupla";"Aclive";"Não";3;0;0;0;2;2;0;4;-24,8743;-53,5637;"SPRF-PR";"DEL04-PR";"UOP01-DEL04-PR"
209732;2019-05-15;"quarta-feira";"20:40:00";"PR";376;305,5;"MAUA DA SERRA";"Defeito Mecânico no Veículo";"Incêndio";"Sem Vítimas";"Plena Noite";"Crescente";"Céu Claro";"Dupla";"Reta";"Não";2;0;0;0;1;2;0;3;-23,96167303;-51,11499389;"SPRF-PR";"DEL07-PR";"UOP02-DEL07-PR"
209735;2019-05-15;"quarta-feira";"21:00:00";"SC";101;205;"SAO JOSE";"Falta de Atenção à Condução";"Colisão traseira";"Com Vítimas Feridas";"Plena Noite";"Decrescente";"Nublado";"Dupla";"Reta";"Sim";5;0;2;1;1;1;3;3;-27,58313237;-48,61532885;"SPRF-SC";"DEL01-SC";"UOP01-DEL01-SC"
209751;2019-05-15;"quarta-feira";"20:10:00";"SC";101;407;"ARARANGUA";"Falta de Atenção à Condução";"Colisão traseira";"Com Vítimas Feridas";"Plena Noite";"Crescente";"Chuva";"Dupla";"Reta";"Não";3;0;0;1;1;2;1;4;-28,90009415;-49,47472781;"SPRF-SC";"DEL02-SC";"UOP02-DEL02-SC"
209752;2019-05-15;"quarta-feira";"23:00:00";"GO";20;5;"FORMOSA";"Velocidade Incompatível";"Saída de leito carroçável";"Com Vítimas Feridas";"Plena Noite";"Crescente";"Chuva";"Simples";"Reta;Declive";"Não";1;0;1;0;0;0;1;1;-15,555275;-47,306908;"SPRF-DF";"DEL02-DF";"UOP01-DEL02-DF"
209756;2019-05-15;"quarta-feira";"23:30:00";"PR";116;161,4;"QUITANDINHA";"Falta de Atenção à Condução";"Colisão lateral";"Com Vítimas Feridas";"Plena Noite";"Crescente";"Garoa/Chuvisco";"Simples";"Aclive";"Não";4;0;0;1;2;1;1;3;-25,86249393;-49,40112698;"SPRF-PR";"DEL01-PR";"UOP03-DEL01-PR"
209761;2019-05-15;"quarta-feira";"23:00:00";"PR";153;384,3;"MALLET";"Pista Escorregadia";"Saída de leito carroçável";"Sem Vítimas";"Plena Noite";"Crescente";"Garoa/Chuvisco";"Simples";"Reta";"Não";2;0;0;0;1;1;0;2;-25,83457601;-50,83898718;"SPRF-PR";"DEL03-PR";"UOP02-DEL08-PR"
209763;2019-05-15;"quarta-feira";"19:20:00";"RS";290;301,2;"CACAPAVA DO SUL";"Falta de Atenção do Pedestre";"Atropelamento de Pedestre";"Com Vítimas Fatais";"Plena Noite";"Crescente";"Céu Claro";"Simples";"Reta";"Não";3;1;0;0;1;1;0;3;-30,319717;-53,218117;"SPRF-RS";"DEL09-RS";"UOP02-DEL09-RS"
209764;2019-05-15;"quarta-feira";"18:30:00";"SP";116;512,5;"CAJATI";"Falta de Atenção à Condução";"Tombamento";"Com Vítimas Feridas";"Anoitecer";"Decrescente";"Garoa/Chuvisco";"Dupla";"Curva";"Não";2;0;1;0;0;1;1;2;-24,84246848;-48,21198463;"SPRF-SP";"DEL05-SP";"UAP01-DEL05-SP"
209768;2019-05-16;"quinta-feira";"00:50:00";"RS";392;8,9;"RIO GRANDE";"Desobediência às normas de trânsito pelo condutor";"Colisão transversal";"Sem Vítimas";"Plena Noite";"Decrescente";"Céu Claro";"Simples";"Rotatória";"Não";3;0;0;0;2;1;0;3;-32,11099159;-52,11216504;"SPRF-RS";"DEL07-RS";"UOP02-DEL07-RS"
209772;2019-05-16;"quinta-feira";"03:30:00";"RJ";116;318;"ITATIAIA";"Velocidade Incompatível";"Saída de leito carroçável";"Com Vítimas Feridas";"Plena Noite";"Crescente";"Nublado";"Dupla";"Reta";"Não";3;0;1;1;1;0;2;2;-22,46797868;-44,51030403;"SPRF-RJ";"DEL07-RJ";"DEL5/7-UOP03/RJ"
209774;2019-05-16;"quinta-feira";"04:20:00";"PE";232;552;"PARNAMIRIM";"Ingestão de Substâncias Psicoativas";"Colisão traseira";"Com Vítimas Feridas";"Plena Noite";"Crescente";"Céu Claro";"Simples";"Reta";"Não";3;0;0;1;1;1;1;3;-8,09045509;-39,50733198;"SPRF-PE";"DEL05-PE";"UOP01-DEL05-PE"
209783;2019-05-16;"quinta-feira";"05:35:00";"MT";364;711;"DIAMANTINO";"Falta de Atenção à Condução";"Tombamento";"Com Vítimas Feridas";"Amanhecer";"Decrescente";"Nevoeiro/Neblina";"Simples";"Reta";"Não";3;0;2;0;0;2;2;3;-14,164263;-57,110653;"SPRF-MT";"DEL01-MT";"UOP01-DEL01-MT"