"id";"data_inversa";"dia_semana";"horario";"uf";"br";"km";"municipio";"causa_acidente";"tipo_acidente";"classificacao_acidente";"fase_dia";"sentido_via";"condicao_metereologica";"tipo_pista";"tracado_via";"uso_solo";"pessoas";"mortos";"feridos_leves";"feridos_graves";"ilesos";"ignorados";"feridos";"veiculos";"latitude";"longitude";"regional";"delegacia";"uop"
209786;2019-05-16;"quinta-feira";"05:50:00";"BA";101;443;"URUCUCA";"Não guardar distância de segurança";"Colisão traseira";"Com Vítimas Feridas";"Pleno dia";"Crescente";"Céu Claro";"Simples";"Reta";"Sim";2;0;0;1;1;0;1;2;-14,44116205;-39,3263204;"SPRF-BA";"DEL05-BA";"UOP01-DEL05-BA"
209788;2019-05-16;"quinta-feira";"01:45:00";"RS";290;195;"RIO PARDO";"Condutor Dormindo";"Tombamento";"Com Vítimas Feridas";"Plena Noite";"Decrescente";"Céu Claro";"Simples";"Declive;Reta";"Não";2;0;0;1;0;1;1;2;-30,165445;-52,165237;"SPRF-RS";"DEL02-RS";"UOP02-DEL02-RS"
209797;2019-05-16;"quinta-feira";"08:45:00";"AL";316;265;"SATUBA";"Falta de Atenção à Condução";"Colisão traseira";"Com Vítimas Feridas";"Pleno dia";"Decrescente";"Céu Claro";"Dupla";"Reta;Aclive";"Não";3;0;1;0;2;0;1;2;-9,5871392;-35,86110997;"SPRF-AL";"DEL02-AL";"UOP01-DEL02-AL"
209800;2019-05-16;"quinta-feira";"06:30:00";"MS";262;4,1;"TRES LAGOAS";"Falta de Atenção à Condução";"Tombamento";"Com Vítimas Feridas";"Pleno dia";"Decrescente";"Céu Claro";"Simples";"Rotatória";"Sim";3;0;1;0;0;2;1;3;-20,78201978;-51,66435;"SPRF-MS";"DEL07-MS";"UOP01-DEL07-MS"
209801;2019-05-16;"quinta-feira";"08:15:00";"CE";222;18;"CAUCAIA";"Defeito Mecânico no Veículo";"Colisão lateral";"Sem Vítimas";"Pleno dia";"Crescente";"Céu Claro";"Simples";"Reta";"Não";4;0;0;0;3;1;0;4;-3,74923332;-38,71923964;"SPRF-CE";"DEL01-CE";"UOP01-DEL01-CE"
209802;2019-05-16;"quinta-feira";"05:40:00";"SC";282;639,3;"DESCANSO";"Desobediência às normas de trânsito pelo condutor";"Colisão frontal";"Com Vítimas Feridas";"Plena Noite";"Decrescente";"Céu Claro";"Simples";"Curva";"Não";3;0;0;2;1;0;2;2;-26,793066;-53,451859;"SPRF-SC";"DEL07-SC";"UOP03-DEL07-SC"
209804;2019-05-16;"quinta-feira";"08:00:00";"SC";101;124;"ITAJAI";"Condutor Dormindo";"Engavetamento";"Com Vítimas Feridas";"Pleno dia";"Decrescente";"Sol";"Dupla";"Em Obras";"Não";8;0;3;0;4;1;3;7;-26,9430145;-48,69214654;"SPRF-SC";"DEL04-SC";"UOP04-DEL04-SC"
209807;2019-05-16;"quinta-feira";"06:40:00";"GO";153;87;"SANTA TEREZA DE GOIAS";"Condutor Dormindo";"Colisão lateral";"Com Vítimas Feridas";"Amanhecer";"Decrescente";"Ignorado";"Simples";"Reta";"Não";3;0;1;0;2;0;1;2;-13,556277;-49,065784;"SPRF-GO";"DEL07-GO";"UOP01-DEL07-GO"
209814;2019-05-08;"quarta-feira";"18:40:00";"PR";467;108,9;"CASCAVEL";"Desobediência às normas de trânsito pelo condutor";"Colisão traseira";"Com Vítimas Fatais";"Plena Noite";"Decrescente";"Céu Claro";"Dupla";"Curva";"Sim";4;1;0;0;2;1;0;4;-24,9237;-53,4676;"SPRF-PR";"DEL04-PR";"UOP01-DEL04-PR"
209824;2019-05-16;"quinta-feira";"11:00:00";"RS";116;155,8;"CAXIAS DO SUL";"Desobediência às normas de trânsito pelo condutor";"Colisão transversal";"Com Vítimas Feridas";"Pleno dia";"Crescente";"Céu Claro";"Simples";"Interseção de Vias";"Sim";3;0;1;0;2;0;1;2;-29,19873129;-51,17629631;"SPRF-RS";"DEL05-RS";"UOP01-DEL05-RS"
209826;2019-05-16;"quinta-feira";"08:10:00";"RS";290;524;"ALEGRETE";"Falta de Atenção à Condução";"Saída de leito carroçável";"Com Vítimas Feridas";"Pleno dia";"Crescente";"Céu Claro";"Simples";"Reta";"Não";2;0;2;0;0;0;2;1;-30,06103428;-55,29513359;"SPRF-RS";"DEL11-RS";"UOP02-DEL11-RS"
209830;2019-05-16;"quinta-feira";"11:40:00";"DF";251;34;"BRASILIA";"Desobediência às normas de trânsito pelo condutor";"Colisão frontal";"Com Vítimas Fatais";"Pleno dia";"Crescente";"Céu Claro";"Dupla";"Reta";"Não";3;1;0;0;1;1;0;3;-15,938301;-47,759799;"SPRF-DF";"DEL01-DF";"UOP01-DEL01-DF"
209832;2019-05-16;"quinta-feira";"11:15:00";"PI";343;347,8;"TERESINA";"Não guardar distância de segurança";"Colisão traseira";"Sem Vítimas";"Pleno dia";"Decrescente";"Céu Claro";"Simples";"Reta";"Não";4;0;0;0;3;1;0;4;-5,114822;-42,778355;"SPRF-PI";"DEL01-PI";"UOP01-DEL01-PI"
209836;2019-05-16;"quinta-feira";"11:30:00";"SP";116;295;"ITAPECERICA DA SERRA";"Falta de Atenção à Condução";"Colisão traseira";"Com Vítimas Feridas";"Pleno dia";"Decrescente";"Chuva";"Dupla";"Reta";"Não";6;0;3;0;3;0;3;4;-23,75988316;-46,90367731;"SPRF-SP";"DEL04-SP";"UOP01-DEL04-SP"
209840;2019-05-16;"quinta-feira";"13:20:00";"RS";290;19;"SANTO ANTONIO DA PATRULHA";"Defeito Mecânico no Veículo";"Incêndio";"Sem Vítimas";"Pleno dia";"Decrescente";"Céu Claro";"Dupla";"Reta";"Não";3;0;0;0;1;13;0;14;-29,88467174;-50,44466972;"SPRF-RS";"DEL03-RS";"UOP01-DEL03-RS"
209842;2019-05-16;"quinta-feira";"08:50:00";"SC";153;37,1;"VARGEM BONITA";"Falta de Atenção à Condução";"Saída de leito carroçável";"Com Vítimas Feridas";"Pleno dia";"Decrescente";"Nublado";"Simples";"Reta;Aclive";"Não";2;0;0;1;0;1;1;2;-26,827137;-51,726971;"SPRF-SC";"DEL07-SC";"UOP07-DEL07-SC"
209844;2019-04-18;"quinta-feira";"12:40:00";"MT";163;716;"SORRISO";"Condutor Dormindo";"Colisão lateral";"Com Vítimas Feridas";"Pleno dia";"Crescente";"Céu Claro";"Simples";"Reta";"Não";2;0;1;0;1;0;1;2;-12,83874929;-55,8237648;"SPRF-MT";"DEL06-MT";"UOP01-DEL06-MT"
209858;2019-05-16;"quinta-feira";"14:05:00";"RS";290;112;"ELDORADO DO SUL";"Ultrapassagem Indevida";"Saída de leito carroçável";"Sem Vítimas";"Pleno dia";"Crescente";"Sol";"Simples";"Curva";"Sim";2;0;0;0;1;1;0;2;-30,04238679;-51,33190155;"SPRF-RS";"DEL02-RS";"UOP01-DEL02-RS"
209859;2019-05-16;"quinta-feira";"15:20:00";"SP";116;288;"ITAPECERICA DA SERRA";"Pista Escorregadia";"Atropelamento de Pedestre";"Com Vítimas Feridas";"Pleno dia";"Decrescente";"Garoa/Chuvisco";"Dupla";"Reta";"Não";2;0;0;1;1;0;1;2;-23,719254;-46,883144;"SPRF-SP";"DEL04-SP";"UOP01-DEL04-SP"
209865;2019-05-16;"quinta-feira";"15:40:00";"SC";101;136;"BALNEARIO CAMBORIU";"Falta de Atenção à Condução";"Queda de ocupante de veículo";"Com Vítimas Feridas";"Pleno dia";"Crescente";"Céu Claro";"Dupla";"Reta";"Não";2;0;1;0;0;1;1;2;-27,008113;-48,617245;"SPRF-SC";"DEL04-SC";"UOP03-DEL04-SC"
209868;2019-05-16;"quinta-feira";"16:10:00";"GO";153;504,5;"APARECIDA DE GOIANIA";"Desobediência às normas de trânsito pelo condutor";"Colisão frontal";"Com Vítimas Feridas";"Pleno dia";"Decrescente";"Nublado";"Simples";"Reta";"Sim";2;0;0;1;1;0;1;2;-16,7451;-49,2408;"SPRF-GO";"DEL01-GO";"UOP01-DEL01-GO"
209870;2019-05-16;"quinta-feira";"15:40:00";"RS";0;0;"CANOAS";"Falta de Atenção à Condução";"Colisão traseira";"Com Vítimas Feridas";"Pleno dia";"Não Informado";"Céu Claro";"Múltipla";"Reta";"Sim";2;0;1;0;1;0;1;2;-29,88931777;-51,17833119;"SPRF-RS";"DEL01-RS";"UOP01-DEL01-RS"
209871;2019-05-16;"quinta-feira";"15:35:00";"MG";381;817,5;"CAREACU";"Fenômenos da Natureza";"Incêndio";"Sem Vítimas";"Anoitecer";"Crescente";"Céu Claro";"Dupla";"Reta";"Não";2;0;0;0;1;1;0;2;-22,09779644;-45,71786074;"SPRF-MG";"DEL16-MG";"UOP02-DEL16-MG"
209877;2019-05-16;"quinta-feira";"14:30:00";"RS";472;146,4;"SANTA ROSA";"Velocidade Incompatível";"Colisão frontal";"Com Vítimas Feridas";"Pleno dia";"Decrescente";"Céu Claro";"Simples";"Curva;Declive";"Não";3;0;1;1;0;2;2;4;-27,78210054;-54,36968565;"SPRF-RS";"DEL10-RS";"UOP01-DEL10-RS"
209878;2019-05-16;"quinta-feira";"17:10:00";"RS";392;110,9;"CANGUCU";"Falta de Atenção à Condução";"Colisão transversal";"Com Vítimas Feridas";"Pleno dia";"Crescente";"Céu Claro";"Simples";"Reta";"Não";2;0;1;0;1;0;1;2;-31,46286685;-52,63497175;"SPRF-RS";"DEL07-RS";"UOP01-DEL07-RS"
209879;2019-05-16;"quinta-feira";"17:00:00";"RS";285;472,3;"CORONEL BARROS";"Velocidade Incompatível";"Colisão traseira";"Com Vítimas Feridas";"Pleno dia";"Crescente";"Céu Claro";"Simples";"Curva";"Não";4;0;2;0;1;1;2;3;-28,38385728;-54,03115332;"SPRF-RS";"DEL10-RS";"UOP01-DEL10-RS"
209886;2019-05-16;"quinta-feira";"17:15:00";"MG";365;479;"PATROCINIO";"Desobediência às normas de trânsito pelo condutor";"Colisão transversal";"Com Vítimas Feridas";"Pleno dia";"Crescente";"Sol";"Simples";"Reta";"Não";3;0;1;0;1;1;1;3;-18,8955808;-47,06116277;"SPRF-MG";"DEL10-MG";"UOP01-DEL10-MG"
209888;2019-05-16;"quinta-feira";"14:30:00";"RJ";493;68;"NOVA IGUACU";"Falta de Atenção do Pedestre";"Atropelamento de Pedestre";"Com Vítimas Feridas";"Pleno dia";"Crescente";"Céu Claro";"Dupla";"Reta";"Sim";2;0;0;1;1;0;1;2;-22,68656795;-43,48114014;"SPRF-RJ";"DEL01-RJ";"UOP03-DEL01-RJ"
209892;2019-05-16;"quinta-feira";"08:50:00";"RS";153;51;"ERECHIM";"Objeto estático sobre o leito carroçável";"Danos eventuais";"Sem Vítimas";"Pleno dia";"Crescente";"Céu Claro";"Simples";"Reta";"Sim";1;0;0;0;1;0;0;1;-27,66024898;-52,28414106;"SPRF-RS";"DEL08-RS";"UOP04-DEL08-RS"
209893;2019-05-16;"quinta-feira";"13:15:00";"RO";364;493,8;"ARIQUEMES";"Falta de Atenção à Condução";"Colisão traseira";"Sem Vítimas";"Pleno dia";"Decrescente";"Céu Claro";"Simples";"Reta";"Não";4;0;0;0;3;2;0;5;-10,09049706;-62,97006806;"SPRF-RO";"DEL03-RO";"UOP01-DEL03-RO"
209897;2019-05-16;"quinta-feira";"18:15:00";"RJ";393;293;"BARRA MANSA";"Falta de Atenção à Condução";"Colisão frontal";"Com Vítimas Feridas";"Plena Noite";"Crescente";"Céu Claro";"Simples";"Aclive";"Não";6;0;1;2;3;0;3;4;-22,54380855;-44,17196453;"SPRF-RJ";"DEL05-RJ";"UOP04-DEL05-RJ"
209901;2019-05-16;"quinta-feira";"17:20:00";"MT";364;574;"NOBRES";"Velocidade Incompatível";"Colisão traseira";"Sem Vítimas";"Anoitecer";"Decrescente";"Céu Claro";"Dupla";"Declive;Curva";"Não";4;0;0;0;3;6;0;9;-14,69987761;-56,31727433;"SPRF-MT";"DEL01-MT";"UOP01-DEL01-MT"
209904;2019-05-16;"quinta-feira";"17:45:00";"RS";290;267;"PORTO ALEGRE";"Falta de Atenção à Condução";"Colisão transversal";"Com Vítimas Feridas";"Anoitecer";"Decrescente";"Ignorado";"Dupla";"Reta";"Sim";5;0;2;0;2;1;2;5;-29,9744493;-51,1632879;"SPRF-RS";"DEL02-RS";"UOP02-DEL02-RS"
209911;2019-05-16;"quinta-feira";"18:15:00";"CE";222;18,5;"CAUCAIA";"Falta de Atenção à Condução";"Colisão traseira";"Com Vítimas Feridas";"Anoitecer";"Decrescente";"Céu Claro";"Simples";"Reta";"Não";3;0;1;0;2;0;1;3;-3,74923332;-38,71923964;"SPRF-CE";"DEL01-CE";"UOP01-DEL01-CE"
209923;2019-05-16;"quinta-feira";"18:20:00";"PR";376;214,2;"JANDAIA DO SUL";"Falta de Atenção à Condução";"Colisão transversal";"Sem Vítimas";"Anoitecer";"Crescente";"Céu Claro";"Simples";"Interseção de Vias";"Sim";3;0;0;0;2;2;0;4;-23,58980921;-51,64667048;"SPRF-PR";"DEL07-PR";"UOP03-DEL07-PR"
209930;2019-05-16;"quinta-feira";"18:10:00";"MG";50;148,2;"UBERABA";"Velocidade Incompatível";"Saída de leito carroçável";"Com Vítimas Feridas";"Anoitecer";"Crescente";"Céu Claro";"Dupla";"Reta";"Não";3;0;1;1;0;1;2;2;-19,54676795;-48,03584554;"SPRF-MG";"DEL13-MG";"UOP01-DEL13-MG"
209931;2019-05-16;"quinta-feira";"20:45:00";"PA";10;191,4;"IPIXUNA DO PARA";"Falta de Atenção à Condução";"Saída de leito carroçável";"Com Vítimas Fatais";"Plena Noite";"Decrescente";"Garoa/Chuvisco";"Simples";"Reta";"Não";4;1;1;0;0;3;1;4;-2,76103192;-47,45761954;"SPRF-PA";"DEL02-PA";"UOP01-DEL02-PA"
209937;2019-05-16;"quinta-feira";"18:30:00";"PR";116;6;"CAMPINA GRANDE DO SUL";"Velocidade Incompatível";"Saída de leito carroçável";"Sem Vítimas";"Plena Noite";"Crescente";"Chuva";"Dupla";"Curva";"Não";1;0;0;0;1;0;0;1;-25,08710459;-48,60776389;"SPRF-PR";"DEL01-PR";"UOP02-DEL01-PR"
209943;2019-05-16;"quinta-feira";"22:04:00";"BA";242;711;"CRISTOPOLIS";"Pista Escorregadia";"Colisão frontal";"Com Vítimas Feridas";"Plena Noite";"Crescente";"Chuva";"Simples";"Reta";"Não";4;0;1;0;2;2;1;5;-12,22247;-44,096948;"SPRF-BA";"DEL10-BA";"UOP01-DEL10-BA"
209949;2019-05-16;"quinta-feira";"22:50:00";"RS";290;0,7;"OSORIO";"Condutor Dormindo";"Saída de leito carroçável";"Com Vítimas Feridas";"Plena Noite";"Decrescente";"Céu Claro";"Simples";"Curva";"Não";3;0;2;0;1;0;2;1;-29,89490366;-50,28330803;"SPRF-RS";"DEL03-RS";"UOP01-DEL03-RS"
209957;2019-05-16;"quinta-feira";"23:30:00";"SC";101;433,7;"SOMBRIO";"Ingestão de Álcool";"Atropelamento de Pedestre";"Com Vítimas Feridas";"Plena Noite";"Decrescente";"Chuva";"Múltipla";"Reta";"Sim";2;0;0;1;0;1;1;2;-29,08200809;-49,6297237;"SPRF-SC";"DEL02-SC";"UOP02-DEL02-SC"
209959;2019-05-16;"quinta-feira";"22:30:00";"MG";365;596;"UBERLANDIA";"Defeito Mecânico no Veículo";"Incêndio";"Sem Vítimas";"Plena Noite";"Crescente";"Vento";"Simples";"Curva;Aclive";"Não";2;0;0;0;1;2;0;3;-18,87120437;-48,0840683;"SPRF-MG";"DEL15-MG";"UOP02-DEL15-MG"
209966;2019-05-17;"sexta-feira";"03:20:00";"SP";116;195,4;"ARUJA";"Falta de Atenção à Condução";"Colisão traseira";"Com Vítimas Feridas";"Plena Noite";"Crescente";"Garoa/Chuvisco";"Dupla";"Reta";"Não";3;0;1;0;1;1;1;3;-23,3888147;-46,27566213;"SPRF-SP";"DEL01-SP";"UOP02-DEL01-SP"
209970;2019-05-17;"sexta-feira";"03:30:00";"SP";116;195,4;"ARUJA";"Falta de Atenção à Condução";"Colisão traseira";"Com Vítimas Feridas";"Plena Noite";"Crescente";"Garoa/Chuvisco";"Dupla";"Reta";"Não";7;0;3;0;3;2;3;7;-23,39202223;-46,2833941;"SPRF-SP";"DEL01-SP";"UOP02-DEL01-SP"
209982;2019-05-17;"sexta-feira";"06:00:00";"PR";116;47;"CAMPINA GRANDE DO SUL";"Agressão Externa";"Colisão traseira";"Com Vítimas Feridas";"Amanhecer";"Crescente";"Chuva";"Dupla";"Reta";"Não";2;0;1;0;0;1;1;2;-25,21058799;-48,89720903;"SPRF-PR";"DEL01-PR";"UOP02-DEL01-PR"
209983;2019-05-17;"sexta-feira";"05:10:00";"MG";251;389,9;"GRAO MOGOL";"Condutor Dormindo";"Colisão frontal";"Com Vítimas Feridas";"Plena Noite";"Decrescente";"Nublado";"Simples";"Reta";"Não";7;0;3;3;0;1;6;3;-16,25060401;-42,84054301;"SPRF-MG";"DEL12-MG";"UOP01-DEL12-MG"
209991;2019-05-17;"sexta-feira";"05:40:00";"RS";386;56,3;"SEBERI";"Ultrapassagem Indevida";"Colisão frontal";"Com Vítimas Fatais";"Plena Noite";"Crescente";"Céu Claro";"Simples";"Reta";"Não";7;1;4;0;1;1;4;3;-27,544685;-53,366203;"SPRF-RS";"DEL08-RS";"UOP02-DEL08-RS"
209996;2019-05-17;"sexta-feira";"05:40:00";"GO";60;454;"JATAI";"Falta de Atenção à Condução";"Colisão traseira";"Com Vítimas Feridas";"Amanhecer";"Crescente";"Nevoeiro/Neblina";"Dupla";"Aclive";"Não";14;0;9;1;3;2;10;4;-17,8614;-51,5611;"SPRF-GO";"DEL05-GO";"UOP01-DEL05-GO"
210001;2019-05-17;"sexta-feira";"07:40:00";"MG";365;341;"VARJAO DE MINAS";"Pista Escorregadia";"Saída de leito carroçável";"Com Vítimas Feridas";"Pleno dia";"Crescente";"Céu Claro";"Simples";"Curva";"Não";2;0;2;0;0;0;2;2;-18,31339401;-45,96952499;"SPRF-MG";"DEL10-MG";"UOP01-DEL10-MG"
210003;2019-05-17;"sexta-feira";"07:00:00";"SP";116;126,8;"CACAPAVA";"Falta de Atenção à Condução";"Colisão lateral";"Com Vítimas Feridas";"Pleno dia";"Decrescente";"Nublado";"Dupla";"Reta";"Não";2;0;1;0;1;0;1;2;-23,10433057;-45,69425762;"SPRF-SP";"DEL06-SP";"UOP02-DEL02-SP"
210004;2019-05-17;"sexta-feira";"06:20:00";"GO";60;38,2;"GOIANIA";"Pista Escorregadia";"Queda de ocupante de veículo";"Com Vítimas Feridas";"Pleno dia";"Decrescente";"Chuva";"Dupla";"Declive";"Sim";4;0;1;1;1;2;2;4;-16,7481897;-49,34192441;"SPRF-DF";"DEL01-DF";"UOP01-DEL03-DF"
210005;2019-05-17;"sexta-feira";"08:10:00";"PR";376;6,1;"MARINGA";"Falta de Atenção à Condução";"Colisão traseira";"Com Vítimas Feridas";"Pleno dia";"Crescente";"Sol";"Dupla";"Reta";"Não";2;0;0;1;1;0;1;2;-23,37783325;-51,94377284;"SPRF-PR";"DEL07-PR";"UOP01-DEL09-PR"
210007;2019-05-17;"sexta-feira";"07:20:00";"MG";262;567;"CORREGO DANTA";"Velocidade Incompatível";"Tombamento";"Com Vítimas Feridas";"Amanhecer";"Decrescente";"Ignorado";"Simples";"Interseção de Vias";"Não";3;0;2;0;0;1;2;2;-19,7343616;-46,01572406;"SPRF-MG";"DEL08-MG";"UOP02-DEL08-MG"
210011;2019-05-17;"sexta-feira";"08:20:00";"SE";101;48,5;"JAPARATUBA";"Velocidade Incompatível";"Colisão com objeto estático";"Com Vítimas Fatais";"Pleno dia";"Crescente";"Chuva";"Dupla";"Reta";"Não";3;1;1;0;1;0;1;2;-10,58662416;-36,97002095;"SPRF-SE";"DEL02-SE";"UOP02-DEL02-SE"
210014;2019-05-17;"sexta-feira";"07:00:00";"RS";287;365,4;"JAGUARI";"Defeito Mecânico no Veículo";"Colisão com objeto estático";"Com Vítimas Feridas";"Amanhecer";"Crescente";"Céu Claro";"Simples";"Curva;Declive";"Não";2;0;0;1;1;0;1;1;-29,41730686;-54,72364084;"SPRF-RS";"DEL12-RS";"UOP02-DEL12-RS"
210019;2019-05-17;"sexta-feira";"09:24:00";"PA";163;1002;"SANTAREM";"Desobediência às normas de trânsito pelo condutor";"Colisão transversal";"Com Vítimas Fatais";"Pleno dia";"Crescente";"Garoa/Chuvisco";"Simples";"Reta";"Sim";3;1;0;0;1;1;0;3;-2,45567004;-54,72854541;"SPRF-PA";"DEL05-PA";"UOP01-DEL05-PA"
210023;2019-05-17;"sexta-feira";"09:17:00";"SP";153;25;"NOVA GRANADA";"Falta de Atenção à Condução";"Colisão transversal";"Com Vítimas Feridas";"Pleno dia";"Crescente";"Sol";"Simples";"Interseção de Vias";"Não";2;0;1;0;1;0;1;2;-20,496851;-49,315945;"SPRF-SP";"DEL09-SP";"UOP01-DEL09-SP"
210024;2019-05-17;"sexta-feira";"08:40:00";"MT";70;497;"CUIABA";"Falta de Atenção à Condução";"Tombamento";"Sem Vítimas";"Pleno dia";"Decrescente";"Céu Claro";"Simples";"Reta";"Não";2;0;0;0;1;1;0;2;-15,65659389;-56,00383759;"SPRF-MT";"DEL02-MT";"UOP02-DEL01-MT"
210025;2019-02-25;"segunda-feira";"06:20:00";"RJ";101;20;"CAMPOS DOS GOYTACAZES";"Falta de Atenção à Condução";"Colisão lateral";"Com Vítimas Feridas";"Amanhecer";"Decrescente";"Céu Claro";"Simples";"Curva";"Não";6;0;5;0;1;0;5;2;-21,382702;-41,341324;"SPRF-RJ";"DEL08-RJ";"UOP01-DEL08-RJ"
210032;2019-05-17;"sexta-feira";"10:40:00";"CE";116;405,4;"BAIXIO";"Defeito na Via";"Saída de leito carroçável";"Com Vítimas Feridas";"Pleno dia";"Crescente";"Céu Claro";"Simples";"Declive;Reta";"Não";2;0;1;0;0;1;1;2;-6,63729706;-38,82672818;"SPRF-CE";"DEL05-CE";"UOP01-DEL05-CE"
210034;2019-05-17;"sexta-feira";"07:00:00";"CE";116;496;"BREJO SANTO";"Defeito na Via";"Saída de leito carroçável";"Sem Vítimas";"Pleno dia";"Crescente";"Chuva";"Simples";"Reta";"Não";2;0;0;0;1;1;0;2;-7,40957269;-38,96640755;"SPRF-CE";"DEL05-CE";"UOP03-DEL05-CE"
210037;2019-05-17;"sexta-feira";"10:25:00";"RO";364;684;"CANDEIAS DO JAMARI";"Falta de Atenção à Condução";"Colisão traseira";"Com Vítimas Feridas";"Pleno dia";"Decrescente";"Céu Claro";"Simples";"Reta";"Não";4;0;1;0;2;1;1;2;-8,79603602;-63,68574321;"SPRF-RO";"DEL01-RO";"UOP01-DEL01-RO"
210042;2019-05-17;"sexta-feira";"08:00:00";"SC";101;333,7;"TUBARAO";"Desobediência às normas de trânsito pelo condutor";"Colisão traseira";"Com Vítimas Feridas";"Pleno dia";"Crescente";"Céu Claro";"Simples";"Reta";"Sim";2;0;0;1;1;0;1;2;-28,46630107;-48,99653096;"SPRF-SC";"DEL02-SC";"UOP01-DEL02-SC"
210043;2019-05-17;"sexta-feira";"11:30:00";"PE";116;55;"SALGUEIRO";"Desobediência às normas de trânsito pelo condutor";"Colisão transversal";"Com Vítimas Feridas";"Pleno dia";"Crescente";"Céu Claro";"Simples";"Reta";"Não";6;0;4;0;1;1;4;3;-8,319089;-39,128674;"SPRF-PE";"DEL05-PE";"UOP01-DEL05-PE"
210050;2019-04-28;"domingo";"05:00:00";"PR";116;151;"MANDIRITUBA";"Velocidade Incompatível";"Colisão frontal";"Com Vítimas Fatais";"Plena Noite";"Crescente";"Céu Claro";"Simples";"Curva";"Não";4;2;1;0;1;0;1;3;-25,82348404;-49,33547684;"SPRF-PR";"DEL01-PR";"UOP03-DEL01-PR"
210053;2019-05-17;"sexta-feira";"09:00:00";"SC";470;115;"IBIRAMA";"Defeito Mecânico no Veículo";"Colisão traseira";"Sem Vítimas";"Pleno dia";"Decrescente";"Céu Claro";"Simples";"Reta";"Não";3;0;0;0;2;1;0;2;-27,080416;-49,485348;"SPRF-SC";"DEL04-SC";"UOP02-DEL04-SC"
210054;2019-05-17;"sexta-feira";"13:15:00";"DF";20;29,9;"BRASILIA";"Mal Súbito";"Saída de leito carroçável";"Com Vítimas Feridas";"Pleno dia";"Crescente";"Céu Claro";"Dupla";"Reta";"Não";2;0;0;1;0;1;1;2;-15,598102;-47,612637;"SPRF-DF";"DEL02-DF";"UOP01-DEL02-DF"
210057;2019-05-17;"sexta-feira";"09:15:00";"SC";280;10;"SAO FRANCISCO DO SUL";"Falta de Atenção à Condução";"Colisão traseira";"Com Vítimas Feridas";"Pleno dia";"Crescente";"Nublado";"Simples";"Rotatória";"Não";3;0;1;0;1;2;1;4;-26,29625399;-48,64238799;"SPRF-SC";"DEL03-SC";"UOP03-DEL03-SC"
210065;2019-05-17;"sexta-feira";"13:00:00";"PR";376;464,5;"PONTA GROSSA";"Falta de Atenção à Condução";"Colisão traseira";"Com Vítimas Feridas";"Pleno dia";"Crescente";"Garoa/Chuvisco";"Dupla";"Reta";"Não";4;0;2;0;1;2;2;4;-25,02470207;-50,322659;"SPRF-PR";"DEL03-PR";"UOP01-DEL03-PR"
210066;2019-05-17;"sexta-feira";"08:44:00";"GO";60;457;"JATAI";"Falta de Atenção à Condução";"Colisão traseira";"Sem Vítimas";"Pleno dia";"Crescente";"Céu Claro";"Dupla";"Reta";"Não";2;0;0;0;2;0;0;2;-17,8679;-51,5883;"SPRF-GO";"DEL05-GO";"UOP01-DEL05-GO"
210078;2019-05-17;"sexta-feira";"15:05:00";"PR";376;1;"MARINGA";"Falta de Atenção do Pedestre";"Atropelamento de Pedestre";"Com Vítimas Feridas";"Pleno dia";"Decrescente";"Céu Claro";"Dupla";"Declive";"Sim";5;0;0;1;1;3;1;3;-23,4273;-51,9375;"SPRF-PR";"DEL07-PR";"UOP01-DEL09-PR"
210083;2019-05-17;"sexta-feira";"16:00:00";"RJ";493;7;"ITABORAI";"Falta de Atenção à Condução";"Colisão transversal";"Com Vítimas Feridas";"Pleno dia";"Crescente";"Chuva";"Simples";"Reta";"Sim";6;0;3;0;2;2;3;5;-22,72223999;-42,95160296;"SPRF-RJ";"DEL04-RJ";"UOP02-DEL04-RJ"
210084;2019-05-17;"sexta-feira";"15:30:00";"SP";116;513,2;"CAJATI";"Defeito Mecânico no Veículo";"Capotamento";"Com Vítimas Feridas";"Pleno dia";"Decrescente";"Chuva";"Dupla";"Curva";"Não";1;0;1;0;0;0;1;1;-24,85109616;-48,21802405;"SPRF-SP";"DEL05-SP";"UAP01-DEL05-SP"
210094;2019-05-17;"sexta-feira";"16:30:00";"BA";116;282;"TUCANO";"Falta de Atenção à Condução";"Colisão transversal";"Com Vítimas Fatais";"Anoitecer";"Decrescente";"Céu Claro";"Simples";"Rotatória";"Não";2;1;0;0;0;1;0;2;-11,02457407;-38,82385588;"SPRF-BA";"DEL02-BA";"UOP01-DEL02-BA"
210103;2019-05-17;"sexta-feira";"15:30:00";"MG";381;327;"NOVA ERA";"Falta de Atenção à Condução";"Colisão frontal";"Com Vítimas Feridas";"Pleno dia";"Decrescente";"Chuva";"Simples";"Curva";"Não";4;0;0;1;1;3;1;5;-19,76723696;-43,04699067;"SPRF-MG";"DEL03-MG";"UOP01-DEL03-MG"
210130;2019-05-17;"sexta-feira";"18:15:00";"RS";386;282,9;"SAO JOSE DO HERVAL";"Animais na Pista";"Atropelamento de Animal";"Com Vítimas Feridas";"Anoitecer";"Decrescente";"Céu Claro";"Simples";"Reta";"Não";3;0;0;1;1;1;1;3;-29,06453503;-52,28713274;"SPRF-RS";"DEL04-RS";"UOP03-DEL04-RS"