"id";"data_inversa";"dia_semana";"horario";"uf";"br";"km";"municipio";"causa_acidente";"tipo_acidente";"classificacao_acidente";"fase_dia";"sentido_via";"condicao_metereologica";"tipo_pista";"tracado_via";"uso_solo";"pessoas";"mortos";"feridos_leves";"feridos_graves";"ilesos";"ignorados";"feridos";"veiculos";"latitude";"longitude";"regional";"delegacia";"uop"
210131;2019-05-17;"sexta-feira";"17:35:00";"AC";364;125;"RIO BRANCO";"Falta de Atenção à Condução";"Atropelamento de Pedestre";"Com Vítimas Fatais";"Anoitecer";"Crescente";"Céu Claro";"Simples";"Rotatória";"Sim";2;1;0;0;1;0;0;2;-10,01280606;-67,80005697;"SPRF-AC";"DEL01-AC";"UOP01-DEL01-AC"
210132;2019-05-17;"sexta-feira";"14:30:00";"MT";364;349;"SANTO ANTONIO DO LEVERGER";"Velocidade Incompatível";"Saída de leito carroçável";"Com Vítimas Fatais";"Pleno dia";"Crescente";"Céu Claro";"Simples";"Curva";"Sim";3;1;0;2;0;0;2;2;-15,80502622;-55,5546431;"SPRF-MT";"DEL02-MT";"UOP02-DEL01-MT"
210143;2019-05-17;"sexta-feira";"14:00:00";"RS";287;401;"SANTIAGO";"Defeito Mecânico no Veículo";"Colisão transversal";"Com Vítimas Feridas";"Pleno dia";"Crescente";"Céu Claro";"Simples";"Interseção de Vias";"Sim";5;0;1;0;3;3;1;5;-29,16160561;-54,87894058;"SPRF-RS";"DEL12-RS";"UOP02-DEL12-RS"
210146;2019-05-17;"sexta-feira";"10:33:00";"RJ";40;93;"PETROPOLIS";"Pista Escorregadia";"Tombamento";"Com Vítimas Feridas";"Pleno dia";"Crescente";"Céu Claro";"Simples";"Curva";"Não";1;0;1;0;0;0;1;1;-22,57121911;-43,25231552;"SPRF-RJ";"DEL06-RJ";"UOP01-DEL06-RJ"
210151;2019-05-17;"sexta-feira";"20:30:00";"MG";365;400;"PATOS DE MINAS";"Ingestão de Álcool";"Colisão lateral";"Com Vítimas Feridas";"Plena Noite";"Crescente";"Nublado";"Múltipla";"Declive";"Não";4;0;1;0;1;2;1;3;-18,63328435;-46,4413799;"SPRF-MG";"DEL10-MG";"UOP01-DEL10-MG"
210152;2019-05-17;"sexta-feira";"21:00:00";"SP";116;283,1;"EMBU DAS ARTES";"Falta de Atenção do Pedestre";"Atropelamento de Pedestre";"Com Vítimas Feridas";"Plena Noite";"Decrescente";"Garoa/Chuvisco";"Dupla";"Reta";"Sim";2;0;0;1;0;1;1;2;-23,6692549;-46,85567206;"SPRF-SP";"DEL04-SP";"UOP01-DEL04-SP"
210154;2019-05-17;"sexta-feira";"20:30:00";"RJ";493;2;"ITABORAI";"Sinalização da via insuficiente ou inadequada";"Colisão com objeto estático";"Com Vítimas Feridas";"Plena Noite";"Crescente";"Nublado";"Dupla";"Em Obras";"Sim";2;0;1;0;0;1;1;2;-22,75950214;-42,93544822;"SPRF-RJ";"DEL04-RJ";"UOP02-DEL04-RJ"
210157;2019-05-17;"sexta-feira";"18:30:00";"GO";70;136,2;"JARAGUA";"Defeito Mecânico no Veículo";"Colisão lateral";"Com Vítimas Feridas";"Anoitecer";"Decrescente";"Nublado";"Simples";"Desvio Temporário";"Não";5;0;5;0;0;0;5;2;-15,84299987;-49,33275299;"SPRF-GO";"DEL02-GO";"UOP02-DEL02-GO"
210162;2019-05-17;"sexta-feira";"21:30:00";"PR";376;239,2;"APUCARANA";"Falta de Atenção do Pedestre";"Atropelamento de Pedestre";"Com Vítimas Fatais";"Plena Noite";"Decrescente";"Nublado";"Simples";"Interseção de Vias;Reta";"Não";3;1;0;0;1;1;0;3;-23,58261216;-51,44500092;"SPRF-PR";"DEL07-PR";"UOP03-DEL07-PR"
210175;2019-05-17;"sexta-feira";"22:50:00";"SP";116;128;"CACAPAVA";"Falta de Atenção à Condução";"Colisão lateral";"Sem Vítimas";"Plena Noite";"Crescente";"Chuva";"Dupla";"Aclive";"Sim";3;0;0;0;2;1;0;3;-23,11454664;-45,71105567;"SPRF-SP";"DEL06-SP";"UOP02-DEL02-SP"
210180;2019-05-17;"sexta-feira";"23:20:00";"CE";20;410;"CAUCAIA";"Desobediência às normas de trânsito pelo condutor";"Colisão transversal";"Com Vítimas Feridas";"Plena Noite";"Crescente";"Nublado";"Dupla";"Reta";"Não";3;0;0;1;1;1;1;3;-3,797901;-38,645578;"SPRF-CE";"DEL01-CE";"UOP01-DEL01-CE"
210181;2019-05-17;"sexta-feira";"22:50:00";"SC";280;204,2;"MAFRA";"Restrição de Visibilidade";"Colisão traseira";"Com Vítimas Fatais";"Plena Noite";"Crescente";"Nublado";"Simples";"Reta";"Não";3;2;0;0;1;0;0;2;-26,16642;-50,108794;"SPRF-SC";"DEL06-SC";"UOP01-DEL06-SC"
210188;2019-05-17;"sexta-feira";"23:30:00";"MG";381;770,5;"CAMPANHA";"Condutor Dormindo";"Saída de leito carroçável";"Com Vítimas Feridas";"Plena Noite";"Decrescente";"Chuva";"Dupla";"Curva";"Não";2;0;1;0;0;2;1;3;-21,76570243;-45,41530252;"SPRF-MG";"DEL16-MG";"UOP02-DEL16-MG"
210191;2019-05-17;"sexta-feira";"22:50:00";"PR";376;204;"MANDAGUARI";"Desobediência às normas de trânsito pelo condutor";"Colisão traseira";"Com Vítimas Feridas";"Plena Noite";"Crescente";"Céu Claro";"Dupla";"Curva";"Não";3;0;1;0;1;2;1;4;-23,53241554;-51,71645522;"SPRF-PR";"DEL07-PR";"UOP01-DEL09-PR"
210198;2019-05-18;"sábado";"01:00:00";"MG";153;12;"ARAPORA";"Falta de Atenção à Condução";"Tombamento";"Com Vítimas Feridas";"Plena Noite";"Decrescente";"Céu Claro";"Dupla";"Aclive;Reta";"Não";1;0;1;0;0;0;1;1;-18,52415703;-49,19080383;"SPRF-MG";"DEL15-MG";"UOP03-DEL15-MG"
210201;2019-05-17;"sexta-feira";"23:55:00";"MG";50;127,6;"UBERABA";"Condutor Dormindo";"Colisão lateral";"Com Vítimas Feridas";"Plena Noite";"Decrescente";"Céu Claro";"Dupla";"Reta";"Não";3;0;2;0;0;1;2;2;-19,362828;-48,07942696;"SPRF-MG";"DEL13-MG";"UOP01-DEL13-MG"
210207;2019-05-18;"sábado";"03:00:00";"MS";163;593,6;"SAO GABRIEL DO OESTE";"Ingestão de Álcool";"Saída de leito carroçável";"Com Vítimas Feridas";"Plena Noite";"Crescente";"Céu Claro";"Dupla";"Reta";"Não";2;0;1;0;0;2;1;3;-19,54929742;-54,43337661;"SPRF-MS";"DEL06-MS";"UOP02-DEL06-MS"
210209;2019-05-18;"sábado";"00:10:00";"SP";381;44,5;"ATIBAIA";"Falta de Atenção à Condução";"Atropelamento de Pedestre";"Com Vítimas Fatais";"Plena Noite";"Decrescente";"Chuva";"Dupla";"Aclive";"Sim";4;1;0;1;1;1;1;3;-23,16950084;-46,57576037;"SPRF-SP";"DEL03-SP";"UOP01-DEL03-SP"
210214;2019-05-18;"sábado";"04:45:00";"SC";101;327;"CAPIVARI DE BAIXO";"Falta de Atenção à Condução";"Colisão traseira";"Sem Vítimas";"Plena Noite";"Crescente";"Chuva";"Dupla";"Reta";"Não";5;0;0;0;4;1;0;5;-28,43023306;-48,95205197;"SPRF-SC";"DEL02-SC";"UOP01-DEL02-SC"
210215;2019-05-18;"sábado";"04:20:00";"MG";40;360;"FELIXLANDIA";"Desobediência às normas de trânsito pelo condutor";"Colisão transversal";"Com Vítimas Feridas";"Plena Noite";"Crescente";"Céu Claro";"Simples";"Reta";"Não";4;0;2;0;1;1;2;3;-18,74935288;-44,85229988;"SPRF-MG";"DEL02-MG";"UOP01-DEL02-MG"
210220;2019-05-18;"sábado";"05:30:00";"SC";101;46,4;"JOINVILLE";"Condutor Dormindo";"Saída de leito carroçável";"Com Vítimas Feridas";"Amanhecer";"Crescente";"Chuva";"Dupla";"Reta";"Sim";3;0;1;0;1;2;1;4;-26,33150083;-48,86187762;"SPRF-SC";"DEL03-SC";"UOP01-DEL03-SC"
210221;2019-05-18;"sábado";"05:10:00";"SP";116;173,8;"JACAREI";"Falta de Atenção à Condução";"Colisão traseira";"Com Vítimas Feridas";"Plena Noite";"Crescente";"Garoa/Chuvisco";"Dupla";"Aclive";"Não";2;0;1;0;1;0;1;2;-23,31710055;-46,08178719;"SPRF-SP";"DEL02-SP";"UOP01-DEL02-SP"
210222;2019-05-18;"sábado";"05:35:00";"PE";423;24,9;"SAO CAITANO";"Defeito Mecânico no Veículo";"Saída de leito carroçável";"Com Vítimas Feridas";"Pleno dia";"Crescente";"Céu Claro";"Simples";"Curva";"Não";2;0;0;1;0;1;1;2;-8,37042699;-36,17255236;"SPRF-PE";"DEL02-PE";"UOP03-DEL02-PE"
210224;2019-05-18;"sábado";"07:00:00";"RN";101;107;"PARNAMIRIM";"Defeito Mecânico no Veículo";"Colisão lateral";"Sem Vítimas";"Pleno dia";"Decrescente";"Céu Claro";"Dupla";"Reta";"Sim";2;0;0;0;2;0;0;2;-5,91920796;-35,26412409;"SPRF-RN";"DEL01-RN";"UOP01-DEL01-RN"
210226;2019-05-18;"sábado";"07:10:00";"SP";116;64,1;"GUARATINGUETA";"Velocidade Incompatível";"Saída de leito carroçável";"Sem Vítimas";"Amanhecer";"Decrescente";"Chuva";"Dupla";"Aclive";"Não";2;0;0;0;1;1;0;2;-22,81942006;-45,18421298;"SPRF-SP";"DEL08-SP";"UOP01-DEL08-SP"
210231;2019-05-18;"sábado";"07:20:00";"SP";153;117;"UBARANA";"Ingestão de Álcool";"Colisão transversal";"Com Vítimas Feridas";"Pleno dia";"Crescente";"Céu Claro";"Simples";"Reta";"Não";4;0;1;0;1;3;1;4;-21,14572082;-49,70300934;"SPRF-SP";"DEL09-SP";"UOP01-DEL09-SP"
210232;2019-05-18;"sábado";"05:45:00";"MG";381;157,2;"GOVERNADOR VALADARES";"Ultrapassagem Indevida";"Colisão lateral";"Com Vítimas Feridas";"Amanhecer";"Decrescente";"Nublado";"Simples";"Reta";"Não";4;0;1;0;2;2;1;5;-18,91099925;-42,00762101;"SPRF-MG";"DEL06-MG";"UOP01-DEL06-MG"
210241;2019-05-14;"terça-feira";"22:00:00";"SC";282;167;"BOCAINA DO SUL";"Velocidade Incompatível";"Saída de leito carroçável";"Sem Vítimas";"Plena Noite";"Decrescente";"Céu Claro";"Simples";"Interseção de Vias;Curva;Rotatória";"Não";2;0;0;0;1;2;0;3;-27,748844;-49,817348;"SPRF-SC";"DEL05-SC";"UOP01-DEL05-SC"
210245;2019-05-18;"sábado";"07:20:00";"PR";277;27;"MORRETES";"Defeito Mecânico no Veículo";"Tombamento";"Com Vítimas Feridas";"Pleno dia";"Decrescente";"Céu Claro";"Dupla";"Reta";"Não";2;0;0;1;0;2;1;3;-25,52935033;-48,72534598;"SPRF-PR";"DEL01-PR";"UOP05-DEL01-PR"
210246;2019-05-18;"sábado";"07:25:00";"BA";116;831,5;"VITORIA DA CONQUISTA";"Falta de Atenção à Condução";"Colisão transversal";"Com Vítimas Feridas";"Pleno dia";"Decrescente";"Céu Claro";"Simples";"Reta";"Não";3;0;1;0;2;0;1;2;-14,848261;-40,84835;"SPRF-BA";"DEL08-BA";"UOP01-DEL08-BA"
210248;2019-05-18;"sábado";"07:00:00";"MG";381;716,9;"CARMO DA CACHOEIRA";"Falta de Atenção à Condução";"Saída de leito carroçável";"Sem Vítimas";"Pleno dia";"Crescente";"Garoa/Chuvisco";"Dupla";"Curva";"Não";3;0;0;0;2;1;0;2;-21,42971604;-45,2107686;"SPRF-MG";"DEL04-MG";"UOP02-DEL04-MG"
210250;2019-05-04;"sábado";"19:30:00";"BA";20;164;"SAO DESIDERIO";"Ultrapassagem Indevida";"Tombamento";"Com Vítimas Feridas";"Plena Noite";"Crescente";"Céu Claro";"Simples";"Reta";"Não";2;0;0;1;0;2;1;3;-13,08421707;-46,29458427;"SPRF-BA";"DEL10-BA";"UOP01-DEL10-BA"
210253;2019-05-18;"sábado";"08:20:00";"MG";262;520;"LUZ";"Desobediência às normas de trânsito pelo condutor";"Danos eventuais";"Sem Vítimas";"Pleno dia";"Decrescente";"Céu Claro";"Simples";"Reta";"Não";4;0;0;0;3;2;0;5;-19,7891507;-45,61973095;"SPRF-MG";"DEL08-MG";"UOP03-DEL08-MG"
210256;2019-05-18;"sábado";"08:20:00";"PR";476;241,4;"LAPA";"Falta de Atenção à Condução";"Tombamento";"Com Vítimas Feridas";"Pleno dia";"Crescente";"Nublado";"Simples";"Curva";"Não";2;0;0;1;0;1;1;2;-25,85706092;-50,08083344;"SPRF-PR";"DEL02-PR";"UOP04-DEL02-PR"
210259;2019-05-18;"sábado";"08:40:00";"TO";153;188,2;"NOVA OLINDA";"Falta de Atenção à Condução";"Engavetamento";"Com Vítimas Feridas";"Pleno dia";"Decrescente";"Céu Claro";"Simples";"Reta";"Não";6;0;1;0;4;1;1;4;-7,54344612;-48,41263882;"SPRF-TO";"DEL02-TO";"UOP01-DEL02-TO"
210265;2019-05-18;"sábado";"10:30:00";"CE";20;427;"FORTALEZA";"Falta de Atenção à Condução";"Tombamento";"Sem Vítimas";"Pleno dia";"Crescente";"Céu Claro";"Dupla";"Reta";"Não";1;0;0;0;0;1;0;1;-3,76999035;-38,67006282;"SPRF-CE";"DEL01-CE";"UOP02-DEL01-CE"
210269;2019-05-18;"sábado";"11:50:00";"RN";101;98;"NATAL";"Não guardar distância de segurança";"Colisão traseira";"Sem Vítimas";"Pleno dia";"Crescente";"Sol";"Dupla";"Reta";"Sim";2;0;0;0;2;0;0;2;-5,86567888;-35,21651625;"SPRF-RN";"DEL01-RN";"UOP01-DEL01-RN"
210274;2019-05-18;"sábado";"10:30:00";"RO";364;16;"VILHENA";"Falta de Atenção à Condução";"Colisão lateral";"Sem Vítimas";"Pleno dia";"Decrescente";"Céu Claro";"Dupla";"Reta";"Não";3;0;0;0;2;1;0;3;-12,73437947;-60,15696986;"SPRF-RO";"DEL04-RO";"UOP01-DEL04-RO"
210280;2019-05-18;"sábado";"13:06:00";"MG";381;484,7;"BETIM";"Falta de Atenção à Condução";"Colisão lateral";"Com Vítimas Feridas";"Pleno dia";"Crescente";"Chuva";"Múltipla";"Curva";"Sim";4;0;1;0;3;0;1;4;-19,95842448;-44,09148216;"SPRF-MG";"DEL01-MG";"UOP03-DEL01-MG"
210283;2019-05-18;"sábado";"13:30:00";"RJ";493;9;"GUAPIMIRIM";"Pista Escorregadia";"Colisão frontal";"Com Vítimas Feridas";"Pleno dia";"Crescente";"Chuva";"Simples";"Reta";"Não";2;0;1;0;1;0;1;2;-22,70436802;-42,9550061;"SPRF-RJ";"DEL04-RJ";"UOP02-DEL04-RJ"
210291;2019-05-18;"sábado";"14:20:00";"RJ";116;75;"TERESOPOLIS";"Velocidade Incompatível";"Colisão com objeto estático";"Com Vítimas Feridas";"Pleno dia";"Crescente";"Chuva";"Simples";"Reta";"Não";2;0;1;0;0;1;1;2;-22,3617791;-42,94152556;"SPRF-RJ";"DEL04-RJ";"UOP01-DEL04-RJ"
210297;2019-05-18;"sábado";"15:00:00";"PR";277;625;"CEU AZUL";"Desobediência às normas de trânsito pelo condutor";"Colisão lateral";"Com Vítimas Feridas";"Pleno dia";"Crescente";"Céu Claro";"Simples";"Reta";"Não";11;0;2;0;8;3;2;8;-25,10778138;-53,74933802;"SPRF-PR";"DEL05-PR";"UOP02-DEL05-PR"
210308;2019-05-18;"sábado";"12:00:00";"PI";343;260;"CAMPO MAIOR";"Condutor Dormindo";"Colisão frontal";"Com Vítimas Fatais";"Pleno dia";"Decrescente";"Sol";"Simples";"Reta";"Não";2;1;0;0;1;0;0;2;-4,802398;-42,137829;"SPRF-PI";"DEL01-PI";"UOP03-DEL01-PI"
210311;2019-05-18;"sábado";"14:50:00";"RS";290;125,6;"ELDORADO DO SUL";"Falta de Atenção à Condução";"Colisão traseira";"Sem Vítimas";"Pleno dia";"Decrescente";"Céu Claro";"Simples";"Reta";"Não";5;0;0;0;4;1;0;5;-30,055038;-51,458992;"SPRF-RS";"DEL02-RS";"UOP01-DEL02-RS"
210313;2019-05-18;"sábado";"15:10:00";"MG";40;738,9;"SANTOS DUMONT";"Falta de Atenção à Condução";"Tombamento";"Com Vítimas Feridas";"Pleno dia";"Crescente";"Nublado";"Simples";"Reta";"Não";2;0;1;0;0;1;1;2;-21,38880304;-43,56910622;"SPRF-MG";"DEL05-MG";"UOP01-DEL05-MG"
210314;2019-05-18;"sábado";"07:00:00";"ES";482;18;"CACHOEIRO DE ITAPEMIRIM";"Pista Escorregadia";"Tombamento";"Com Vítimas Feridas";"Amanhecer";"Crescente";"Chuva";"Simples";"Curva";"Não";2;0;1;0;0;1;1;2;-20,8323342;-41,08891628;"SPRF-ES";"DEL03-ES";"UOP02-DEL03-ES"
210315;2019-05-18;"sábado";"10:38:00";"MG";381;770;"CAMPANHA";"Pista Escorregadia";"Tombamento";"Sem Vítimas";"Pleno dia";"Decrescente";"Chuva";"Dupla";"Reta";"Não";2;0;0;0;2;0;0;2;-21,76781203;-45,4194067;"SPRF-MG";"DEL16-MG";"UOP02-DEL16-MG"
210321;2019-05-18;"sábado";"16:50:00";"MG";40;473;"SETE LAGOAS";"Desobediência às normas de trânsito pelo condutor";"Colisão lateral";"Sem Vítimas";"Pleno dia";"Decrescente";"Nublado";"Dupla";"Reta";"Sim";2;0;0;0;1;2;0;3;-19,50551591;-44,27423377;"SPRF-MG";"DEL02-MG";"UOP01-DEL02-MG"
210322;2019-05-18;"sábado";"16:50:00";"RJ";393;282,9;"VOLTA REDONDA";"Velocidade Incompatível";"Colisão transversal";"Com Vítimas Feridas";"Anoitecer";"Crescente";"Chuva";"Simples";"Curva";"Não";3;0;1;0;1;1;1;3;-22,48082784;-44,04047201;"SPRF-RJ";"DEL05-RJ";"UOP04-DEL05-RJ"
210339;2019-05-18;"sábado";"19:05:00";"AL";101;191,4;"JUNQUEIRO";"Ingestão de Álcool";"Tombamento";"Sem Vítimas";"Plena Noite";"Decrescente";"Céu Claro";"Simples";"Curva";"Sim";1;0;0;0;1;0;0;1;-9,93330214;-36,47155881;"SPRF-AL";"DEL02-AL";"UOP02-DEL02-AL"
210344;2019-05-18;"sábado";"19:40:00";"ES";101;141,8;"LINHARES";"Não guardar distância de segurança";"Colisão traseira";"Com Vítimas Feridas";"Plena Noite";"Crescente";"Chuva";"Simples";"Reta";"Sim";3;0;0;1;2;0;1;3;-19,32655693;-40,07192387;"SPRF-ES";"DEL04-ES";"UOP01-DEL04-ES"
210357;2019-05-18;"sábado";"19:40:00";"ES";101;287;"CARIACICA";"Ingestão de Álcool";"Tombamento";"Com Vítimas Feridas";"Plena Noite";"Crescente";"Chuva";"Dupla";"Reta";"Não";2;0;2;0;0;0;2;1;-20,26477372;-40,38428307;"SPRF-ES";"DEL01-ES";"UOP01-DEL01-ES"
210359;2019-05-18;"sábado";"18:00:00";"MG";381;164,1;"GOVERNADOR VALADARES";"Desobediência às normas de trânsito pelo condutor";"Colisão frontal";"Com Vítimas Feridas";"Plena Noite";"Decrescente";"Céu Claro";"Simples";"Aclive";"Não";7;0;3;0;3;1;3;4;-18,94120195;-42,05863304;"SPRF-MG";"DEL06-MG";"UOP01-DEL06-MG"
210366;2019-05-18;"sábado";"18:30:00";"RJ";116;34;"SAPUCAIA";"Falta de Atenção à Condução";"Colisão traseira";"Com Vítimas Feridas";"Plena Noite";"Decrescente";"Nublado";"Simples";"Curva";"Não";4;0;1;1;1;1;2;3;-22,09396197;-42,80688484;"SPRF-RJ";"DEL04-RJ";"UOP01-DEL04-RJ"
210376;2019-05-18;"sábado";"07:15:00";"MA";230;210;"SAO DOMINGOS DO AZEITAO";"Defeito Mecânico no Veículo";"Tombamento";"Sem Vítimas";"Pleno dia";"Crescente";"Céu Claro";"Simples";"Curva;Declive";"Não";2;0;0;0;1;1;0;2;-6,81333378;-44,62518699;"SPRF-MA";"DEL05-MA";"UOP01-DEL05-MA"
210384;2019-05-18;"sábado";"22:50:00";"SP";153;42;"ONDA VERDE";"Falta de Atenção à Condução";"Colisão transversal";"Com Vítimas Feridas";"Plena Noite";"Decrescente";"Céu Claro";"Simples";"Reta";"Não";4;0;1;1;1;1;2;3;-20,63725202;-49,33843793;"SPRF-SP";"DEL09-SP";"UOP01-DEL09-SP"
210385;2019-05-18;"sábado";"22:20:00";"SP";116;99;"PINDAMONHANGABA";"Falta de Atenção à Condução";"Colisão traseira";"Com Vítimas Feridas";"Plena Noite";"Crescente";"Nublado";"Dupla";"Reta";"Sim";3;0;1;0;1;1;1;3;-22,98236971;-45,46436617;"SPRF-SP";"DEL06-SP";"UOP01-DEL06-SP"
210388;2019-05-18;"sábado";"22:40:00";"PI";343;602,3;"FLORIANO";"Falta de Atenção à Condução";"Colisão traseira";"Com Vítimas Feridas";"Plena Noite";"Crescente";"Céu Claro";"Simples";"Reta";"Sim";2;0;0;1;0;1;1;2;-6,79749526;-43,04692268;"SPRF-PI";"DEL03-PI";"UOP01-DEL03-PI"
210399;2019-05-18;"sábado";"23:45:00";"PR";116;102,5;"SAO JOSE DOS PINHAIS";"Ingestão de Álcool";"Colisão traseira";"Sem Vítimas";"Plena Noite";"Crescente";"Nublado";"Dupla";"Reta";"Não";2;0;0;0;2;0;0;2;-25,550639;-49,15025;"SPRF-PR";"DEL01-PR";"UOP01-DEL01-PR"
210407;2019-05-18;"sábado";"19:35:00";"RO";364;340,5;"JI-PARANA";"Desobediência às normas de trânsito pelo condutor";"Colisão traseira";"Com Vítimas Feridas";"Plena Noite";"Decrescente";"Céu Claro";"Dupla";"Reta";"Sim";2;0;0;1;1;0;1;2;-10,898802;-61,93046;"SPRF-RO";"DEL02-RO";"UOP01-DEL02-RO"
210415;2019-05-19;"domingo";"02:00:00";"SP";116;273,3;"TABOAO DA SERRA";"Falta de Atenção à Condução";"Colisão traseira";"Com Vítimas Feridas";"Plena Noite";"Decrescente";"Nublado";"Dupla";"Reta";"Sim";3;0;2;0;1;0;2;2;-23,62809795;-46,81870306;"SPRF-SP";"DEL04-SP";"UOP01-DEL04-SP"
210419;2019-05-19;"domingo";"02:45:00";"PE";232;163,3;"TACAIMBO";"Ingestão de Álcool";"Atropelamento de Pedestre";"Com Vítimas Fatais";"Plena Noite";"Decrescente";"Céu Claro";"Simples";"Reta";"Não";2;1;0;0;0;1;0;2;-8,33348442;-36,28057989;"SPRF-PE";"DEL02-PE";"UOP03-DEL02-PE"
210442;2019-05-19;"domingo";"04:50:00";"RS";392;16,5;"RIO GRANDE";"Desobediência às normas de trânsito pelo condutor";"Colisão frontal";"Com Vítimas Feridas";"Plena Noite";"Decrescente";"Céu Claro";"Dupla";"Reta";"Não";3;0;0;2;1;0;2;2;-32,1024397;-52,16347437;"SPRF-RS";"DEL07-RS";"UOP02-DEL07-RS"
210450;2019-05-19;"domingo";"07:00:00";"PE";101;36;"ITAPISSUMA";"Falta de Atenção à Condução";"Colisão com objeto estático";"Com Vítimas Feridas";"Pleno dia";"Decrescente";"Sol";"Dupla";"Declive";"Não";2;0;1;0;0;1;1;2;-7,788367;-34,92981702;"SPRF-PE";"DEL01-PE";"UOP02-DEL01-PE"
210453;2019-05-19;"domingo";"06:30:00";"PE";316;27,2;"ARARIPINA";"Não guardar distância de segurança";"Colisão traseira";"Com Vítimas Feridas";"Pleno dia";"Decrescente";"Céu Claro";"Simples";"Reta";"Sim";4;0;2;0;1;2;2;4;-7,61184793;-40,48660183;"SPRF-PE";"DEL05-PE";"UOP02-DEL05-PE"
210463;2019-05-19;"domingo";"07:30:00";"PR";277;432;"VIRMOND";"Falta de Atenção à Condução";"Colisão traseira";"Com Vítimas Feridas";"Amanhecer";"Crescente";"Céu Claro";"Simples";"Reta";"Não";4;0;1;0;2;2;1;4;-25,377454;-52,21179485;"SPRF-PR";"DEL04-PR";"UOP02-DEL04-PR"
210464;2019-05-18;"sábado";"00:40:00";"SC";280;234;"CANOINHAS";"Ingestão de Álcool";"Colisão frontal";"Sem Vítimas";"Plena Noite";"Crescente";"Céu Claro";"Simples";"Reta";"Não";4;0;0;0;2;4;0;6;-26,19130591;-50,40255601;"SPRF-SC";"DEL06-SC";"UOP04-DEL06-SC"
210465;2019-05-19;"domingo";"08:00:00";"MG";40;467;"SETE LAGOAS";"Ingestão de Álcool";"Colisão lateral";"Sem Vítimas";"Pleno dia";"Decrescente";"Céu Claro";"Dupla";"Reta";"Sim";5;0;0;0;2;3;0;4;-19,4745624;-44,2917248;"SPRF-MG";"DEL02-MG";"UOP01-DEL02-MG"
210471;2019-05-19;"domingo";"08:15:00";"SP";381;79;"SAO PAULO";"Desobediência às normas de trânsito pelo condutor";"Colisão traseira";"Com Vítimas Feridas";"Pleno dia";"Decrescente";"Céu Claro";"Dupla";"Reta";"Não";3;0;1;0;0;2;1;3;-23,407774;-46,58046;"SPRF-SP";"DEL03-SP";"UOP01-DEL03-SP"
210474;2019-05-19;"domingo";"09:20:00";"PR";277;711;"SANTA TEREZINHA DE ITAIPU";"Ultrapassagem Indevida";"Colisão lateral";"Com Vítimas Feridas";"Pleno dia";"Decrescente";"Céu Claro";"Dupla";"Reta";"Não";4;0;1;0;3;0;1;4;-25,45408037;-54,42224885;"SPRF-PR";"DEL05-PR";"UOP01-DEL05-PR"
210483;2019-05-19;"domingo";"08:50:00";"MT";70;732;"CACERES";"Desobediência às normas de trânsito pelo condutor";"Colisão transversal";"Com Vítimas Feridas";"Pleno dia";"Crescente";"Céu Claro";"Simples";"Interseção de Vias";"Sim";2;0;0;1;1;0;1;2;-16,14892769;-57,63505293;"SPRF-MT";"DEL03-MT";"UOP01-DEL03-MT"
210484;2019-05-19;"domingo";"06:30:00";"MG";40;24;"PARACATU";"Falta de Atenção à Condução";"Colisão transversal";"Com Vítimas Feridas";"Pleno dia";"Crescente";"Nevoeiro/Neblina";"Simples";"Reta";"Não";2;0;1;0;1;0;1;2;-17,12698254;-46,97983452;"SPRF-MG";"DEL14-MG";"UOP01-DEL14-MG"
210486;2019-05-19;"domingo";"09:00:00";"BA";242;246;"BOA VISTA DO TUPIM";"Pista Escorregadia";"Atropelamento de Pedestre";"Com Vítimas Feridas";"Pleno dia";"Decrescente";"Chuva";"Simples";"Declive";"Não";3;0;0;1;1;1;1;3;-12,45400982;-40,60134888;"SPRF-BA";"DEL06-BA";"UOP02-DEL06-BA"
210493;2019-05-19;"domingo";"12:40:00";"RS";116;0;"PORTO ALEGRE";"Carga excessiva e/ou mal acondicionada";"Tombamento";"Com Vítimas Feridas";"Pleno dia";"Decrescente";"Céu Claro";"Dupla";"Reta";"Sim";3;0;0;1;0;2;1;3;-29,97223111;-51,17669205;"SPRF-RS";"DEL01-RS";"UOP01-DEL01-RS"
210510;2019-05-19;"domingo";"14:45:00";"SC";101;10,3;"GARUVA";"Velocidade Incompatível";"Tombamento";"Com Vítimas Feridas";"Pleno dia";"Decrescente";"Nublado";"Dupla";"Viaduto";"Sim";2;0;1;0;0;1;1;2;-26,063011;-48,86020605;"SPRF-SC";"DEL03-SC";"UOP01-DEL03-SC"
210526;2019-05-19;"domingo";"16:10:00";"SP";116;337,4;"JUQUITIBA";"Defeito Mecânico no Veículo";"Colisão com objeto estático";"Sem Vítimas";"Pleno dia";"Decrescente";"Nublado";"Dupla";"Aclive";"Não";1;0;0;0;1;0;0;1;-23,99084001;-47,14794517;"SPRF-SP";"DEL04-SP";"UOP03-DEL04-SP"
210538;2019-05-19;"domingo";"17:50:00";"SP";116;323;"JUQUITIBA";"Falta de Atenção à Condução";"Colisão traseira";"Com Vítimas Feridas";"Plena Noite";"Decrescente";"Nublado";"Dupla";"Reta";"Não";2;0;1;0;1;0;1;2;-23,93663197;-47,03568002;"SPRF-SP";"DEL04-SP";"UOP03-DEL04-SP"
210540;2019-05-19;"domingo";"17:00:00";"AL";101;182;"JUNQUEIRO";"Falta de Atenção à Condução";"Colisão transversal";"Com Vítimas Feridas";"Plena Noite";"Decrescente";"Céu Claro";"Múltipla";"Reta";"Não";6;0;2;0;3;1;2;3;-9,8991741;-36,42042097;"SPRF-AL";"DEL02-AL";"UOP02-DEL02-AL"