"id";"data_inversa";"dia_semana";"horario";"uf";"br";"km";"municipio";"causa_acidente";"tipo_acidente";"classificacao_acidente";"fase_dia";"sentido_via";"condicao_metereologica";"tipo_pista";"tracado_via";"uso_solo";"pessoas";"mortos";"feridos_leves";"feridos_graves";"ilesos";"ignorados";"feridos";"veiculos";"latitude";"longitude";"regional";"delegacia";"uop"
210541;2019-05-19;"domingo";"17:30:00";"AL";104;1,7;"SAO JOSE DA LAJE";"Desobediência às normas de trânsito pelo condutor";"Colisão frontal";"Com Vítimas Feridas";"Anoitecer";"Decrescente";"Céu Claro";"Simples";"Reta";"Não";3;0;0;2;1;0;2;2;-8,90844615;-36,01877144;"SPRF-AL";"DEL01-AL";"UOP02-DEL01-AL"
210543;2019-05-19;"domingo";"17:50:00";"GO";153;330,8;"RIANAPOLIS";"Falta de Atenção à Condução";"Colisão traseira";"Com Vítimas Feridas";"Anoitecer";"Crescente";"Céu Claro";"Simples";"Reta";"Não";4;0;3;0;1;0;3;2;-15,526102;-49,461861;"SPRF-GO";"DEL02-GO";"UOP02-DEL02-GO"
210550;2019-05-19;"domingo";"14:30:00";"SC";470;157,7;"TROMBUDO CENTRAL";"Mal Súbito";"Tombamento";"Com Vítimas Feridas";"Pleno dia";"Decrescente";"Céu Claro";"Simples";"Curva";"Não";2;0;1;0;0;1;1;2;-27,285425;-49,76881;"SPRF-SC";"DEL04-SC";"UOP02-DEL04-SC"
210554;2019-05-19;"domingo";"18:40:00";"MG";459;98;"POUSO ALEGRE";"Ingestão de Álcool";"Atropelamento de Pedestre";"Com Vítimas Feridas";"Anoitecer";"Crescente";"Nublado";"Simples";"Reta";"Não";2;0;0;1;1;0;1;2;-22,202055;-45,960964;"SPRF-MG";"DEL16-MG";"UOP01-DEL16-MG"
210562;2019-05-19;"domingo";"19:30:00";"BA";116;424;"FEIRA DE SANTANA";"Ultrapassagem Indevida";"Colisão frontal";"Com Vítimas Feridas";"Pleno dia";"Decrescente";"Chuva";"Simples";"Declive";"Sim";2;0;1;0;1;0;1;2;-12,23257586;-38,97248506;"SPRF-BA";"DEL02-BA";"UOP01-DEL02-BA"
210565;2019-05-19;"domingo";"14:20:00";"BA";116;615,5;"IRAJUBA";"Falta de Atenção à Condução";"Tombamento";"Com Vítimas Feridas";"Pleno dia";"Decrescente";"Sol";"Simples";"Reta";"Não";3;0;1;1;0;2;2;4;-13,321861;-40,01699509;"SPRF-BA";"DEL03-BA";"UOP01-DEL03-BA"
210567;2019-05-19;"domingo";"19:00:00";"BA";242;586;"MUQUEM DE SAO FRANCISCO";"Falta de Atenção à Condução";"Tombamento";"Com Vítimas Feridas";"Plena Noite";"Decrescente";"Céu Claro";"Simples";"Curva";"Não";2;0;1;0;0;1;1;2;-12,1866346;-43,23679211;"SPRF-BA";"DEL10-BA";"UOP03-DEL06-BA"
210569;2019-05-19;"domingo";"15:45:00";"PI";316;32;"DEMERVAL LOBAO";"Falta de Atenção à Condução";"Colisão transversal";"Com Vítimas Fatais";"Pleno dia";"Decrescente";"Céu Claro";"Simples";"Reta";"Sim";2;1;0;0;1;0;0;2;-5,34217984;-42,68627493;"SPRF-PI";"DEL01-PI";"UOP02-DEL01-PI"
210572;2019-05-19;"domingo";"20:00:00";"RJ";40;85;"PETROPOLIS";"Velocidade Incompatível";"Colisão lateral";"Com Vítimas Fatais";"Plena Noite";"Crescente";"Céu Claro";"Dupla";"Curva";"Não";3;1;0;0;2;0;0;2;-22,52850694;-43,2349802;"SPRF-RJ";"DEL06-RJ";"UOP01-DEL06-RJ"
210579;2019-05-19;"domingo";"15:00:00";"RO";364;485;"ARIQUEMES";"Agressão Externa";"Capotamento";"Com Vítimas Feridas";"Pleno dia";"Crescente";"Sol";"Simples";"Reta";"Não";3;0;1;0;1;1;1;2;-10,11937081;-62,90435392;"SPRF-RO";"DEL03-RO";"UOP01-DEL03-RO"
210586;2019-05-19;"domingo";"20:35:00";"GO";153;243;"SAO LUIZ DO NORTE";"Desobediência às normas de trânsito pelo condutor";"Colisão transversal";"Com Vítimas Feridas";"Plena Noite";"Crescente";"Céu Claro";"Simples";"Reta";"Não";4;0;0;2;1;2;2;4;-14,861661;-49,325329;"SPRF-GO";"DEL07-GO";"UOP02-DEL07-GO"
210594;2019-05-19;"domingo";"20:20:00";"SC";282;213,7;"LAGES";"Ultrapassagem Indevida";"Colisão frontal";"Com Vítimas Feridas";"Plena Noite";"Crescente";"Nublado";"Simples";"Reta";"Sim";2;0;1;1;0;0;2;2;-27,785299;-50,261921;"SPRF-SC";"DEL05-SC";"UOP01-DEL05-SC"
210610;2019-05-19;"domingo";"16:30:00";"MT";364;143;"PEDRA PRETA";"Ingestão de Álcool";"Tombamento";"Sem Vítimas";"Anoitecer";"Crescente";"Céu Claro";"Simples";"Reta";"Não";2;0;0;0;1;3;0;4;-16,78662628;-54,15245311;"SPRF-MT";"DEL02-MT";"UOP01-DEL02-MT"
210619;2019-05-19;"domingo";"23:15:00";"MS";163;843,6;"SONORA";"Falta de Atenção à Condução";"Colisão frontal";"Com Vítimas Fatais";"Plena Noite";"Crescente";"Céu Claro";"Simples";"Reta;Declive";"Não";2;1;0;0;1;0;0;2;-17,54609699;-54,74124217;"SPRF-MS";"DEL06-MS";"UOP01-DEL06-MS"
210630;2019-05-19;"domingo";"18:30:00";"MS";262;93,7;"TRES LAGOAS";"Defeito na Via";"Saída de leito carroçável";"Com Vítimas Feridas";"Plena Noite";"Decrescente";"Céu Claro";"Simples";"Reta";"Não";2;0;1;0;0;1;1;2;-20,58966838;-52,43305716;"SPRF-MS";"DEL07-MS";"UOP02-DEL07-MS"
210633;2019-05-20;"segunda-feira";"03:35:00";"PR";376;314,3;"ORTIGUEIRA";"Velocidade Incompatível";"Tombamento";"Com Vítimas Feridas";"Plena Noite";"Crescente";"Nevoeiro/Neblina";"Simples";"Declive;Curva";"Não";3;0;0;1;0;2;1;3;-23,98515029;-51,08311594;"SPRF-PR";"DEL07-PR";"UOP02-DEL07-PR"
210635;2019-05-20;"segunda-feira";"02:30:00";"CE";20;416;"MARACANAU";"Sinalização da via insuficiente ou inadequada";"Tombamento";"Sem Vítimas";"Plena Noite";"Decrescente";"Chuva";"Simples";"Desvio Temporário;Em Obras";"Sim";1;0;0;0;1;0;0;1;-3,833393;-38,614265;"SPRF-CE";"DEL01-CE";"UOP02-DEL01-CE"
210646;2019-05-19;"domingo";"19:20:00";"RS";290;384,9;"SANTA MARGARIDA DO SUL";"Ingestão de Álcool";"Saída de leito carroçável";"Sem Vítimas";"Plena Noite";"Crescente";"Céu Claro";"Simples";"Curva";"Não";1;0;0;0;1;0;0;1;-30,34428111;-54,00335465;"SPRF-RS";"DEL09-RS";"UOP02-DEL09-RS"
210652;2019-05-20;"segunda-feira";"06:10:00";"MG";40;521,9;"CONTAGEM";"Não guardar distância de segurança";"Colisão traseira";"Com Vítimas Feridas";"Amanhecer";"Decrescente";"Céu Claro";"Dupla";"Reta";"Não";2;0;0;1;0;1;1;2;-19,85651501;-44,07213222;"SPRF-MG";"DEL01-MG";"UOP02-DEL01-MG"
210663;2019-05-20;"segunda-feira";"08:00:00";"RS";293;13,7;"CAPAO DO LEAO";"Falta de Atenção à Condução";"Colisão transversal";"Com Vítimas Feridas";"Pleno dia";"Crescente";"Nublado";"Simples";"Reta";"Sim";2;0;1;0;1;0;1;2;-31,7543548;-52,45089496;"SPRF-RS";"DEL07-RS";"UOP01-DEL07-RS"
210666;2019-05-20;"segunda-feira";"06:30:00";"RJ";40;90;"PETROPOLIS";"Defeito Mecânico no Veículo";"Incêndio";"Sem Vítimas";"Pleno dia";"Crescente";"Céu Claro";"Simples";"Reta";"Não";2;0;0;0;1;1;0;2;-22,550738;-43,236397;"SPRF-RJ";"DEL06-RJ";"UOP01-DEL06-RJ"
210674;2019-05-20;"segunda-feira";"06:15:00";"BA";116;393,1;"SANTA BARBARA";"Falta de Atenção à Condução";"Colisão traseira";"Com Vítimas Feridas";"Pleno dia";"Decrescente";"Nublado";"Simples";"Reta";"Não";6;0;4;0;1;1;4;3;-11,96552297;-38,97397182;"SPRF-BA";"DEL02-BA";"UOP01-DEL02-BA"
210682;2019-05-20;"segunda-feira";"08:20:00";"CE";222;224;"SOBRAL";"Pista Escorregadia";"Colisão frontal";"Com Vítimas Feridas";"Pleno dia";"Decrescente";"Nublado";"Simples";"Reta";"Não";2;0;0;1;1;0;1;2;-3,71179812;-40,34380504;"SPRF-CE";"DEL04-CE";"UOP01-DEL04-CE"
210683;2019-05-20;"segunda-feira";"08:05:00";"SC";153;111,2;"CONCORDIA";"Falta de Atenção à Condução";"Colisão transversal";"Com Vítimas Feridas";"Pleno dia";"Decrescente";"Nevoeiro/Neblina";"Simples";"Reta";"Sim";3;0;0;1;1;1;1;3;-27,319271;-51,983299;"SPRF-SC";"DEL07-SC";"UOP04-DEL07-SC"
210690;2019-05-20;"segunda-feira";"07:00:00";"AM";174;1046;"PRESIDENTE FIGUEIREDO";"Carga excessiva e/ou mal acondicionada";"Colisão traseira";"Com Vítimas Feridas";"Pleno dia";"Decrescente";"Sol";"Simples";"Aclive";"Não";3;0;1;0;1;2;1;4;-1,6138581;-60,1994982;"SPRF-AM";"DEL01-AM";"UOP02-DEL01-AM"
210692;2019-05-20;"segunda-feira";"09:20:00";"SP";153;78;"BADY BASSITT";"Desobediência às normas de trânsito pelo condutor";"Colisão frontal";"Com Vítimas Feridas";"Pleno dia";"Crescente";"Céu Claro";"Simples";"Reta;Declive";"Não";5;0;1;0;2;2;1;3;-20,90428329;-49,46169392;"SPRF-SP";"DEL09-SP";"UOP01-DEL09-SP"
210693;2019-05-20;"segunda-feira";"09:45:00";"CE";20;5,8;"FORTALEZA";"Desobediência às normas de trânsito pelo condutor";"Colisão transversal";"Com Vítimas Feridas";"Pleno dia";"Decrescente";"Chuva";"Dupla";"Reta";"Não";5;0;1;1;3;0;2;2;-3,864688;-38,518377;"SPRF-CE";"DEL02-CE";"UOP02-DEL02-CE"
210696;2019-05-20;"segunda-feira";"10:45:00";"BA";324;385;"GAVIAO";"Falta de Atenção à Condução";"Tombamento";"Com Vítimas Feridas";"Pleno dia";"Decrescente";"Sol";"Simples";"Declive";"Não";3;0;2;0;0;1;2;2;-11,48858977;-39,75706888;"SPRF-BA";"DEL04-BA";"UOP02-DEL04-BA"
210699;2019-05-20;"segunda-feira";"11:05:00";"SP";116;290,2;"ITAPECERICA DA SERRA";"Desobediência às normas de trânsito pelo condutor";"Capotamento";"Sem Vítimas";"Pleno dia";"Crescente";"Sol";"Dupla";"Curva";"Não";2;0;0;0;2;0;0;2;-23,7303281;-46,89425963;"SPRF-SP";"DEL04-SP";"UOP01-DEL04-SP"
210703;2019-05-20;"segunda-feira";"11:20:00";"SP";381;50;"ATIBAIA";"Falta de Atenção à Condução";"Colisão traseira";"Com Vítimas Feridas";"Pleno dia";"Decrescente";"Céu Claro";"Dupla";"Reta";"Sim";5;0;2;1;1;1;3;4;-23,21359807;-46,59367981;"SPRF-SP";"DEL03-SP";"UOP01-DEL03-SP"
210706;2019-05-20;"segunda-feira";"10:45:00";"RS";116;316,5;"BARRA DO RIBEIRO";"Condutor Dormindo";"Colisão lateral";"Com Vítimas Feridas";"Pleno dia";"Decrescente";"Nublado";"Simples";"Reta";"Não";7;0;4;0;3;0;4;4;-30,25478097;-51,40579629;"SPRF-RS";"DEL02-RS";"UOP01-DEL02-RS"
210712;2019-05-20;"segunda-feira";"11:05:00";"RO";364;732;"PORTO VELHO";"Desobediência às normas de trânsito pelo condutor";"Colisão lateral";"Com Vítimas Feridas";"Pleno dia";"Crescente";"Sol";"Simples";"Reta";"Não";2;0;0;1;1;0;1;2;-8,90915428;-63,9648056;"SPRF-RO";"DEL01-RO";"UOP01-DEL01-RO"
210714;2019-05-20;"segunda-feira";"07:30:00";"MG";262;423;"IGARATINGA";"Falta de Atenção à Condução";"Colisão traseira";"Com Vítimas Feridas";"Pleno dia";"Decrescente";"Sol";"Dupla";"Declive";"Não";2;0;0;1;1;0;1;2;-19,88411644;-44,73943306;"SPRF-MG";"DEL08-MG";"UOP03-DEL08-MG"
210718;2019-05-20;"segunda-feira";"08:00:00";"PI";135;401;"REDENCAO DO GURGUEIA";"Defeito na Via";"Saída de leito carroçável";"Com Vítimas Feridas";"Pleno dia";"Decrescente";"Céu Claro";"Simples";"Reta";"Não";2;0;1;0;0;1;1;2;-9,41075383;-44,59663522;"SPRF-PI";"DEL03-PI";"UOP02-DEL03-PI"
210722;2019-05-20;"segunda-feira";"13:00:00";"PI";407;472;"JAICOS";"Desobediência às normas de trânsito pelo condutor";"Colisão lateral";"Com Vítimas Feridas";"Pleno dia";"Crescente";"Céu Claro";"Simples";"Reta";"Não";2;0;0;1;1;0;1;2;-7,38598753;-41,16180152;"SPRF-PI";"DEL04-PI";"UOP01-DEL04-PI"
210723;2019-05-20;"segunda-feira";"12:20:00";"MT";364;352,9;"SANTO ANTONIO DO LEVERGER";"Defeito Mecânico no Veículo";"Tombamento";"Com Vítimas Fatais";"Pleno dia";"Crescente";"Céu Claro";"Dupla";"Curva";"Não";3;1;0;0;1;2;0;4;-15,80114637;-55,57413507;"SPRF-MT";"DEL02-MT";"UOP02-DEL01-MT"
210735;2019-05-19;"domingo";"09:20:00";"MA";316;306;"PIO XII";"Defeito na Via";"Colisão transversal";"Com Vítimas Feridas";"Pleno dia";"Decrescente";"Céu Claro";"Simples";"Reta";"Não";4;0;1;0;2;2;1;5;-3,954219;-45,137791;"SPRF-MA";"DEL02-MA";"UI04-DEL02-MA"
210737;2019-05-20;"segunda-feira";"15:30:00";"ES";262;5,1;"CARIACICA";"Falta de Atenção à Condução";"Colisão lateral";"Com Vítimas Feridas";"Pleno dia";"Decrescente";"Céu Claro";"Dupla";"Declive";"Sim";2;0;0;1;1;0;1;2;-20,33707281;-40,38649924;"SPRF-ES";"DEL01-ES";"UOP01-DEL01-ES"
210740;2019-05-20;"segunda-feira";"15:40:00";"PE";101;73,9;"RECIFE";"Velocidade Incompatível";"Tombamento";"Com Vítimas Feridas";"Pleno dia";"Decrescente";"Chuva";"Dupla";"Reta";"Não";3;0;2;0;1;0;2;1;-8,093369;-34,947464;"SPRF-PE";"DEL01-PE";"UOP01-DEL01-PE"
210743;2019-05-20;"segunda-feira";"15:30:00";"MA";316;606,4;"TIMON";"Desobediência às normas de trânsito pelo condutor";"Colisão frontal";"Com Vítimas Feridas";"Pleno dia";"Crescente";"Céu Claro";"Simples";"Declive";"Não";5;0;1;1;2;1;2;4;-5,052005;-42,907932;"SPRF-MA";"DEL03-MA";"UOP02-DEL03-MA"
210744;2019-05-20;"segunda-feira";"14:30:00";"DF";80;17;"BRASILIA";"Falta de Atenção à Condução";"Colisão traseira";"Com Vítimas Fatais";"Pleno dia";"Crescente";"Sol";"Dupla";"Reta";"Não";3;2;0;0;1;0;0;2;-15,692071;-48,205139;"SPRF-DF";"DEL01-DF";"UOP02-DEL03-DF"
210750;2019-05-20;"segunda-feira";"15:50:00";"RS";116;361,4;"TAPES";"Falta de Atenção à Condução";"Colisão transversal";"Com Vítimas Fatais";"Pleno dia";"Decrescente";"Sol";"Simples";"Reta";"Não";3;1;0;0;2;0;0;2;-30,63341897;-51,54988909;"SPRF-RS";"DEL02-RS";"UOP03-DEL02-RS"
210752;2019-05-20;"segunda-feira";"16:20:00";"RJ";40;84;"PETROPOLIS";"Defeito Mecânico no Veículo";"Colisão com objeto estático";"Com Vítimas Feridas";"Pleno dia";"Crescente";"Nublado";"Simples";"Curva";"Não";2;0;2;0;0;0;2;1;-22,52145512;-43,23707996;"SPRF-RJ";"DEL06-RJ";"UOP01-DEL06-RJ"
210761;2019-05-20;"segunda-feira";"14:15:00";"SP";116;157,6;"JACAREI";"Falta de Atenção à Condução";"Tombamento";"Com Vítimas Feridas";"Pleno dia";"Crescente";"Céu Claro";"Simples";"Curva";"Sim";1;0;1;0;0;0;1;1;-23,25558031;-45,9437828;"SPRF-SP";"DEL02-SP";"UOP01-DEL02-SP"
210762;2019-05-20;"segunda-feira";"16:40:00";"SC";101;268;"IMBITUBA";"Falta de Atenção à Condução";"Colisão lateral";"Sem Vítimas";"Pleno dia";"Crescente";"Céu Claro";"Dupla";"Reta";"Não";4;0;0;0;4;0;0;2;-28,08561804;-48,71086526;"SPRF-SC";"DEL02-SC";"UOP03-DEL02-SC"
210768;2019-05-20;"segunda-feira";"18:15:00";"RS";386;345,9;"LAJEADO";"Falta de Atenção à Condução";"Colisão lateral";"Com Vítimas Feridas";"Plena Noite";"Decrescente";"Céu Claro";"Dupla";"Reta";"Sim";3;0;1;0;1;1;1;3;-29,443069;-51,984135;"SPRF-RS";"DEL04-RS";"UOP01-DEL04-RS"
210769;2019-05-20;"segunda-feira";"16:00:00";"RR";174;502;"BOA VISTA";"Falta de Atenção à Condução";"Tombamento";"Com Vítimas Feridas";"Pleno dia";"Crescente";"Céu Claro";"Dupla";"Curva";"Sim";3;0;1;0;1;1;1;3;2,787376;-60,699524;"SPRF-RR";"DEL01-RR";"UOP01-DEL01-RR"
210771;2019-05-20;"segunda-feira";"18:00:00";"SC";101;206,2;"SAO JOSE";"Não guardar distância de segurança";"Colisão transversal";"Com Vítimas Feridas";"Plena Noite";"Decrescente";"Céu Claro";"Múltipla";"Reta";"Sim";3;0;0;1;1;1;1;3;-27,59193546;-48,61824557;"SPRF-SC";"DEL01-SC";"UOP01-DEL01-SC"
210776;2019-05-20;"segunda-feira";"16:00:00";"PE";232;449;"SAO JOSE DO BELMONTE";"Desobediência às normas de trânsito pelo condutor";"Colisão frontal";"Com Vítimas Fatais";"Pleno dia";"Decrescente";"Sol";"Simples";"Curva";"Sim";9;3;2;3;1;0;5;2;-7,98629482;-38,62748158;"SPRF-PE";"DEL04-PE";"UOP01-DEL04-PE"
210780;2019-05-20;"segunda-feira";"18:30:00";"RJ";101;49;"CAMPOS DOS GOYTACAZES";"Falta de Atenção à Condução";"Colisão transversal";"Com Vítimas Feridas";"Plena Noite";"Crescente";"Céu Claro";"Simples";"Reta";"Sim";2;0;1;0;1;0;1;2;-21,62508006;-41,31411242;"SPRF-RJ";"DEL08-RJ";"UOP01-DEL08-RJ"
210790;2019-05-17;"sexta-feira";"13:30:00";"PA";163;413;"ITAITUBA";"Não guardar distância de segurança";"Colisão traseira";"Com Vítimas Feridas";"Pleno dia";"Crescente";"Céu Claro";"Simples";"Aclive";"Não";4;0;1;0;2;6;1;9;-6,19537703;-55,63042016;"SPRF-PA";"DEL05-PA";"UOP01-DEL05-PA"
210791;2019-05-20;"segunda-feira";"15:30:00";"SC";470;23,3;"ILHOTA";"Condutor Dormindo";"Colisão com objeto estático";"Com Vítimas Feridas";"Pleno dia";"Crescente";"Sol";"Simples";"Reta";"Sim";2;0;1;0;1;0;1;2;-26,880913;-48,846237;"SPRF-SC";"DEL04-SC";"UOP04-DEL04-SC"
210792;2019-05-20;"segunda-feira";"17:30:00";"PR";163;41,9;"PRANCHITA";"Falta de Atenção à Condução";"Colisão transversal";"Com Vítimas Feridas";"Pleno dia";"Crescente";"Céu Claro";"Simples";"Interseção de Vias";"Sim";4;0;2;0;2;0;2;2;-26,012672;-53,733442;"SPRF-PR";"DEL02-PR";"UOP02-DEL02-PR"
210795;2019-05-20;"segunda-feira";"19:10:00";"MG";262;803,7;"UBERABA";"Não guardar distância de segurança";"Engavetamento";"Com Vítimas Feridas";"Plena Noite";"Crescente";"Céu Claro";"Dupla";"Interseção de Vias";"Sim";6;0;1;0;3;3;1;6;-19,7771083;-47,92224711;"SPRF-MG";"DEL13-MG";"UOP01-DEL13-MG"
210813;2019-05-20;"segunda-feira";"20:50:00";"SP";381;84,9;"SAO PAULO";"Desobediência às normas de trânsito pelo pedestre";"Atropelamento de Pedestre";"Com Vítimas Fatais";"Plena Noite";"Decrescente";"Céu Claro";"Dupla";"Reta";"Não";2;1;0;0;0;1;0;2;-23,43937;-46,56807;"SPRF-SP";"DEL03-SP";"UOP01-DEL03-SP"
210823;2019-05-20;"segunda-feira";"22:30:00";"MG";381;857,1;"POUSO ALEGRE";"Não guardar distância de segurança";"Colisão traseira";"Com Vítimas Feridas";"Plena Noite";"Crescente";"Nublado";"Dupla";"Reta";"Não";2;0;1;0;1;0;1;2;-22,3341773;-45,92156967;"SPRF-MG";"DEL16-MG";"UOP01-DEL16-MG"
210824;2019-05-20;"segunda-feira";"22:15:00";"PR";277;397,9;"CANDOI";"Falta de Atenção à Condução";"Colisão transversal";"Com Vítimas Feridas";"Plena Noite";"Decrescente";"Céu Claro";"Simples";"Interseção de Vias;Aclive;Reta";"Não";3;0;1;0;1;2;1;4;-25,44693293;-51,89773601;"SPRF-PR";"DEL03-PR";"UOP01-DEL08-PR"
210828;2019-05-20;"segunda-feira";"23:35:00";"SC";101;211;"PALHOCA";"Desobediência às normas de trânsito pelo condutor";"Colisão transversal";"Com Vítimas Feridas";"Plena Noite";"Decrescente";"Céu Claro";"Múltipla";"Interseção de Vias;Viaduto";"Sim";2;0;1;0;1;0;1;2;-27,62329313;-48,65245588;"SPRF-SC";"DEL01-SC";"UOP02-DEL01-SC"
210837;2019-05-20;"segunda-feira";"18:00:00";"MG";116;27,9;"CACHOEIRA DE PAJEU";"Agressão Externa";"Capotamento";"Com Vítimas Feridas";"Plena Noite";"Decrescente";"Ignorado";"Simples";"Reta";"Não";1;0;1;0;0;0;1;1;-15,990554;-41,40912;"SPRF-MG";"DEL11-MG";"UOP02-DEL11-MG"
210838;2019-05-21;"terça-feira";"01:00:00";"MG";40;603,3;"CONGONHAS";"Falta de Atenção do Pedestre";"Atropelamento de Pedestre";"Com Vítimas Feridas";"Plena Noite";"Decrescente";"Nublado";"Simples";"Aclive;Reta";"Sim";3;0;0;1;1;1;1;3;-20,44326;-43,83981;"SPRF-MG";"DEL05-MG";"UOP02-DEL05-MG"
210840;2019-05-21;"terça-feira";"00:01:00";"MT";163;866;"SINOP";"Condutor Dormindo";"Saída de leito carroçável";"Com Vítimas Feridas";"Plena Noite";"Decrescente";"Céu Claro";"Simples";"Reta";"Não";1;0;0;1;0;0;1;1;-11,57437;-55,41361;"SPRF-MT";"DEL06-MT";"UOP02-DEL06-MT"
210841;2019-05-20;"segunda-feira";"21:15:00";"SC";470;269,2;"BRUNOPOLIS";"Velocidade Incompatível";"Saída de leito carroçável";"Com Vítimas Feridas";"Plena Noite";"Crescente";"Céu Claro";"Simples";"Curva";"Não";2;0;0;1;0;1;1;2;-27,3192384;-50,76696396;"SPRF-SC";"DEL05-SC";"UOP03-DEL05-SC"
210842;2019-05-20;"segunda-feira";"21:00:00";"RS";285;636,4;"SANTO ANTONIO DAS MISSOES";"Velocidade Incompatível";"Colisão traseira";"Com Vítimas Feridas";"Plena Noite";"Crescente";"Garoa/Chuvisco";"Simples";"Reta";"Não";4;0;1;1;2;0;2;2;-28,58466;-55,626167;"SPRF-RS";"DEL12-RS";"UOP01-DEL12-RS"
210843;2019-05-21;"terça-feira";"03:50:00";"SC";101;191,5;"BIGUACU";"Condutor Dormindo";"Saída de leito carroçável";"Com Vítimas Feridas";"Plena Noite";"Crescente";"Nublado";"Dupla";"Curva";"Sim";2;0;1;0;0;1;1;2;-27,47730273;-48,64127329;"SPRF-SC";"DEL01-SC";"UOP01-DEL01-SC"
210844;2019-05-21;"terça-feira";"04:30:00";"MG";262;913;"CAMPO FLORIDO";"Condutor Dormindo";"Saída de leito carroçável";"Com Vítimas Feridas";"Plena Noite";"Crescente";"Céu Claro";"Simples";"Interseção de Vias";"Não";3;0;2;0;0;1;2;2;-19,629816;-48,84921;"SPRF-MG";"DEL13-MG";"UOP02-DEL13-MG"
210845;2019-05-21;"terça-feira";"00:30:00";"SC";282;465,8;"PONTE SERRADA";"Velocidade Incompatível";"Colisão frontal";"Com Vítimas Fatais";"Plena Noite";"Crescente";"Céu Claro";"Simples";"Curva";"Não";2;1;0;0;1;0;0;2;-26,853325;-52,07745;"SPRF-SC";"DEL07-SC";"UOP04-DEL07-SC"
210847;2019-05-21;"terça-feira";"05:50:00";"GO";364;201;"JATAI";"Ingestão de Álcool";"Colisão traseira";"Sem Vítimas";"Amanhecer";"Crescente";"Céu Claro";"Dupla";"Reta";"Não";2;0;0;0;2;0;0;2;-17,914806;-51,765602;"SPRF-GO";"DEL05-GO";"UOP01-DEL05-GO"
210848;2019-05-21;"terça-feira";"05:10:00";"SP";116;183,6;"SANTA ISABEL";"Falta de Atenção à Condução";"Colisão traseira";"Com Vítimas Feridas";"Plena Noite";"Crescente";"Nublado";"Dupla";"Aclive";"Não";4;0;0;2;1;1;2;3;-23,34888216;-46,17091894;"SPRF-SP";"DEL02-SP";"UOP01-DEL02-SP"
210855;2019-05-21;"terça-feira";"07:40:00";"SC";470;57,3;"BLUMENAU";"Desobediência às normas de trânsito pelo condutor";"Colisão lateral";"Com Vítimas Feridas";"Pleno dia";"Decrescente";"Céu Claro";"Simples";"Reta";"Sim";4;0;0;1;2;2;1;5;-26,880428;-49,136532;"SPRF-SC";"DEL04-SC";"UOP01-DEL04-SC"
210860;2019-05-21;"terça-feira";"07:30:00";"RS";116;411,4;"CAMAQUA";"Falta de Atenção à Condução";"Saída de leito carroçável";"Com Vítimas Feridas";"Amanhecer";"Decrescente";"Nublado";"Simples";"Reta";"Não";2;0;1;0;1;0;1;1;-30,92207258;-51,90087922;"SPRF-RS";"DEL02-RS";"UOP03-DEL02-RS"
210861;2019-05-13;"segunda-feira";"15:25:00";"PR";277;542,2;"IBEMA";"Restrição de Visibilidade";"Colisão transversal";"Sem Vítimas";"Pleno dia";"Decrescente";"Nevoeiro/Neblina";"Simples";"Reta";"Não";3;0;0;0;3;0;0;2;-25,10279832;-53,06298517;"SPRF-PR";"DEL04-PR";"UOP04-DEL04-PR"
210870;2019-05-21;"terça-feira";"08:00:00";"CE";222;4;"CAUCAIA";"Defeito na Via";"Colisão frontal";"Com Vítimas Feridas";"Pleno dia";"Crescente";"Nublado";"Simples";"Reta";"Sim";2;0;0;1;1;0;1;2;-3,73452;-38,67947;"SPRF-CE";"DEL01-CE";"UOP01-DEL01-CE"
210872;2019-05-21;"terça-feira";"08:20:00";"PE";316;266,4;"BELEM DE SAO FRANCISCO";"Não guardar distância de segurança";"Saída de leito carroçável";"Sem Vítimas";"Pleno dia";"Decrescente";"Céu Claro";"Simples";"Reta";"Não";2;0;0;0;1;1;0;2;-8,71630699;-38,89423601;"SPRF-PE";"DEL05-PE";"UOP03-DEL05-PE"
210875;2019-05-21;"terça-feira";"09:10:00";"SC";101;309,5;"LAGUNA";"Falta de Atenção à Condução";"Colisão lateral";"Sem Vítimas";"Pleno dia";"Crescente";"Céu Claro";"Dupla";"Reta";"Sim";3;0;0;0;3;0;0;2;-28,40755485;-48,79169438;"SPRF-SC";"DEL02-SC";"UOP01-DEL02-SC"
210878;2019-05-21;"terça-feira";"08:00:00";"CE";222;300;"TIANGUA";"Falta de Atenção à Condução";"Tombamento";"Sem Vítimas";"Pleno dia";"Crescente";"Céu Claro";"Simples";"Aclive;Curva";"Não";1;0;0;0;1;0;0;1;-3,65653078;-40,9347551;"SPRF-CE";"DEL04-CE";"UOP02-DEL04-CE"
210882;2019-05-21;"terça-feira";"06:00:00";"SC";282;451,2;"PONTE SERRADA";"Desobediência às normas de trânsito pelo condutor";"Tombamento";"Com Vítimas Feridas";"Amanhecer";"Crescente";"Nublado";"Simples";"Reta";"Não";3;0;2;0;1;0;2;1;-26,912806;-51,962536;"SPRF-SC";"DEL07-SC";"UOP04-DEL07-SC"