"id";"data_inversa";"dia_semana";"horario";"uf";"br";"km";"municipio";"causa_acidente";"tipo_acidente";"classificacao_acidente";"fase_dia";"sentido_via";"condicao_metereologica";"tipo_pista";"tracado_via";"uso_solo";"pessoas";"mortos";"feridos_leves";"feridos_graves";"ilesos";"ignorados";"feridos";"veiculos";"latitude";"longitude";"regional";"delegacia";"uop"
211368;2019-05-24;"sexta-feira";"03:45:00";"MT";364;439;"VARZEA GRANDE";"Desobediência às normas de trânsito pelo condutor";"Saída de leito carroçável";"Com Vítimas Feridas";"Plena Noite";"Crescente";"Céu Claro";"Simples";"Curva";"Não";2;0;1;0;0;3;1;4;-15,64077261;-56,17215786;"SPRF-MT";"DEL01-MT";"DEL2/4-UOP02/MT"
211370;2019-05-24;"sexta-feira";"05:00:00";"PR";476;127;"CURITIBA";"Falta de Atenção à Condução";"Colisão traseira";"Sem Vítimas";"Plena Noite";"Crescente";"Garoa/Chuvisco";"Múltipla";"Reta";"Sim";5;0;0;0;2;3;0;4;-25,425167;-49,227158;"SPRF-PR";"DEL01-PR";"UOP07-DEL01-PR"
211371;2019-05-24;"sexta-feira";"05:30:00";"RJ";101;222;"SILVA JARDIM";"Falta de Atenção do Pedestre";"Atropelamento de Pedestre";"Com Vítimas Fatais";"Amanhecer";"Decrescente";"Céu Claro";"Dupla";"Reta";"Não";2;1;0;0;1;0;0;2;-22,51705995;-42,32715501;"SPRF-RJ";"DEL02-RJ";"UOP03-DEL02-RJ"
211374;2019-05-24;"sexta-feira";"05:45:00";"SC";101;189;"BIGUACU";"Condutor Dormindo";"Colisão traseira";"Com Vítimas Feridas";"Amanhecer";"Decrescente";"Céu Claro";"Dupla";"Reta";"Não";3;0;2;0;0;1;2;3;-27,459393;-48,638914;"SPRF-SC";"DEL01-SC";"UOP01-DEL01-SC"
211377;2019-05-24;"sexta-feira";"05:45:00";"GO";153;618,3;"MORRINHOS";"Falta de Atenção à Condução";"Saída de leito carroçável";"Com Vítimas Feridas";"Amanhecer";"Decrescente";"Céu Claro";"Dupla";"Reta";"Não";1;0;1;0;0;0;1;1;-17,7039;-49,1552;"SPRF-GO";"DEL03-GO";"UOP01-DEL03-GO"
211380;2019-05-24;"sexta-feira";"07:05:00";"SC";470;10,5;"NAVEGANTES";"Falta de Atenção à Condução";"Colisão frontal";"Com Vítimas Feridas";"Amanhecer";"Decrescente";"Nublado";"Simples";"Reta";"Não";2;0;1;0;1;0;1;2;-26,833693;-48,73724;"SPRF-SC";"DEL04-SC";"UOP04-DEL04-SC"
211386;2019-05-24;"sexta-feira";"04:30:00";"MT";364;337,4;"SANTO ANTONIO DO LEVERGER";"Condutor Dormindo";"Saída de leito carroçável";"Com Vítimas Feridas";"Plena Noite";"Decrescente";"Nevoeiro/Neblina";"Dupla";"Curva";"Não";2;0;1;0;0;1;1;2;-15,833065;-55,468155;"SPRF-MT";"DEL02-MT";"UOP02-DEL05-MT"
211391;2019-05-24;"sexta-feira";"07:40:00";"CE";116;12;"FORTALEZA";"Ingestão de Álcool";"Colisão traseira";"Sem Vítimas";"Pleno dia";"Crescente";"Céu Claro";"Dupla";"Reta";"Sim";2;0;0;0;2;0;0;2;-3,852077;-38,495525;"SPRF-CE";"DEL01-CE";"UOP02-DEL01-CE"
211395;2019-05-09;"quinta-feira";"15:40:00";"AP";210;37,5;"MACAPA";"Ultrapassagem Indevida";"Colisão frontal";"Com Vítimas Fatais";"Pleno dia";"Decrescente";"Chuva";"Simples";"Reta";"Não";6;2;0;3;1;0;3;2;0,33876597;-51,09038413;"SPRF-AP";"DEL01-AP";"UOP01-DEL01-AP"
211396;2019-05-24;"sexta-feira";"08:30:00";"GO";50;273,4;"CATALAO";"Defeito Mecânico no Veículo";"Tombamento";"Com Vítimas Feridas";"Pleno dia";"Crescente";"Sol";"Simples";"Declive";"Não";5;0;2;0;2;3;2;5;-18,1302;-47,9047;"SPRF-GO";"DEL06-GO";"UOP01-DEL06-GO"
211398;2019-04-19;"sexta-feira";"21:30:00";"BA";116;518;"FEIRA DE SANTANA";"Falta de Atenção à Condução";"Colisão traseira";"Com Vítimas Feridas";"Plena Noite";"Crescente";"Céu Claro";"Simples";"Reta";"Sim";2;0;1;0;1;0;1;2;-12,19570343;-38,96512152;"SPRF-BA";"DEL03-BA";"UOP02-DEL03-BA"
211399;2019-05-23;"quinta-feira";"21:30:00";"PR";476;312,8;"PAULO FRONTIN";"Falta de Atenção à Condução";"Saída de leito carroçável";"Sem Vítimas";"Plena Noite";"Decrescente";"Chuva";"Simples";"Reta";"Não";1;0;0;0;1;0;0;1;-26,024607;-50,671589;"SPRF-PR";"DEL02-PR";"UOP04-DEL02-PR"
211401;2019-05-24;"sexta-feira";"00:30:00";"SE";101;98;"SAO CRISTOVAO";"Animais na Pista";"Colisão com objeto estático";"Sem Vítimas";"Plena Noite";"Decrescente";"Céu Claro";"Dupla";"Declive";"Não";1;0;0;0;1;0;0;1;-10,92633875;-37,17950463;"SPRF-SE";"DEL02-SE";"UOP01-DEL02-SE"
211403;2019-05-24;"sexta-feira";"06:05:00";"ES";262;55,5;"MARECHAL FLORIANO";"Carga excessiva e/ou mal acondicionada";"Derramamento de carga";"Com Vítimas Feridas";"Pleno dia";"Crescente";"Céu Claro";"Simples";"Curva";"Não";3;0;1;0;1;4;1;6;-20,41120651;-40,7479394;"SPRF-ES";"DEL01-ES";"UOP01-DEL01-ES"
211406;2019-05-24;"sexta-feira";"06:45:00";"MT";364;661;"DIAMANTINO";"Velocidade Incompatível";"Tombamento";"Com Vítimas Feridas";"Pleno dia";"Decrescente";"Céu Claro";"Simples";"Curva";"Não";2;0;1;0;0;2;1;3;-14,37879592;-56,37227995;"SPRF-MT";"DEL01-MT";"UOP01-DEL01-MT"
211413;2019-05-24;"sexta-feira";"09:10:00";"MT";364;259;"JUSCIMEIRA";"Falta de Atenção à Condução";"Colisão lateral";"Com Vítimas Feridas";"Pleno dia";"Crescente";"Céu Claro";"Simples";"Reta";"Sim";3;0;1;0;1;2;1;4;-16,04830616;-54,88713632;"SPRF-MT";"DEL02-MT";"UOP02-DEL05-MT"
211415;2019-05-16;"quinta-feira";"00:10:00";"SP";116;188,7;"SANTA ISABEL";"Defeito Mecânico no Veículo";"Capotamento";"Com Vítimas Feridas";"Plena Noite";"Crescente";"Garoa/Chuvisco";"Dupla";"Reta";"Não";2;0;1;0;1;0;1;2;-23,3594352;-46,21675791;"SPRF-SP";"DEL02-SP";"UOP01-DEL02-SP"
211417;2019-05-24;"sexta-feira";"10:20:00";"RS";386;176,8;"CARAZINHO";"Falta de Atenção à Condução";"Atropelamento de Pedestre";"Com Vítimas Feridas";"Pleno dia";"Decrescente";"Chuva";"Simples";"Reta";"Sim";2;0;0;1;0;1;1;2;-28,274448;-52,770943;"SPRF-RS";"DEL08-RS";"UOP01-DEL08-RS"
211423;2019-05-24;"sexta-feira";"11:25:00";"SC";470;68;"INDAIAL";"Velocidade Incompatível";"Colisão lateral";"Com Vítimas Feridas";"Pleno dia";"Crescente";"Chuva";"Simples";"Ponte";"Sim";4;0;1;1;2;0;2;4;-26,877615;-49,239231;"SPRF-SC";"DEL04-SC";"UOP01-DEL04-SC"
211431;2019-01-16;"quarta-feira";"08:30:00";"PA";230;400;"PACAJA";"Falta de Atenção à Condução";"Atropelamento de Pedestre";"Com Vítimas Feridas";"Pleno dia";"Crescente";"Ignorado";"Simples";"Aclive";"Não";2;0;0;1;1;0;1;2;-3,85248366;-50,50871417;"SPRF-PA";"DEL04-PA";"UOP01-DEL04-PA"
211432;2019-05-24;"sexta-feira";"11:20:00";"MT";158;418,6;"RIBEIRAO CASCALHEIRA";"Ingestão de Álcool";"Tombamento";"Com Vítimas Feridas";"Pleno dia";"Crescente";"Céu Claro";"Simples";"Reta";"Não";2;0;1;0;0;1;1;2;-12,90416002;-51,81687615;"SPRF-MT";"DEL07-MT";"UOP02-DEL07-MT"
211433;2019-05-24;"sexta-feira";"11:15:00";"MG";381;510,6;"IGARAPE";"Defeito Mecânico no Veículo";"Incêndio";"Sem Vítimas";"Pleno dia";"Crescente";"Céu Claro";"Dupla";"Reta";"Não";2;0;0;0;1;1;0;2;-20,07738209;-44,30434488;"SPRF-MG";"DEL01-MG";"UOP03-DEL01-MG"
211436;2019-05-24;"sexta-feira";"12:55:00";"SC";101;212,7;"PALHOCA";"Falta de Atenção à Condução";"Colisão lateral";"Com Vítimas Feridas";"Pleno dia";"Crescente";"Chuva";"Dupla";"Reta";"Sim";4;0;1;0;2;1;1;3;-27,62996929;-48,65903871;"SPRF-SC";"DEL01-SC";"UOP02-DEL01-SC"
211444;2019-05-24;"sexta-feira";"12:00:00";"MT";163;669,8;"LUCAS DO RIO VERDE";"Falta de Atenção à Condução";"Colisão traseira";"Com Vítimas Feridas";"Pleno dia";"Crescente";"Céu Claro";"Simples";"Reta";"Não";3;0;1;0;1;2;1;4;-13,33146783;-56,05150838;"SPRF-MT";"DEL06-MT";"UOP01-DEL06-MT"
211448;2019-04-27;"sábado";"05:40:00";"BA";101;843;"TEIXEIRA DE FREITAS";"Falta de Atenção à Condução";"Tombamento";"Com Vítimas Feridas";"Amanhecer";"Decrescente";"Céu Claro";"Simples";"Curva";"Não";2;0;1;0;0;1;1;2;-17,46119677;-39,70127548;"SPRF-BA";"DEL09-BA";"UOP02-DEL09-BA"
211450;2019-05-24;"sexta-feira";"14:30:00";"ES";101;255;"SERRA";"Falta de Atenção à Condução";"Colisão traseira";"Com Vítimas Feridas";"Pleno dia";"Crescente";"Céu Claro";"Dupla";"Reta";"Sim";4;0;1;0;3;0;1;3;-20,11487935;-40,31943619;"SPRF-ES";"DEL02-ES";"UOP01-DEL02-ES"
211457;2019-05-24;"sexta-feira";"11:30:00";"SC";470;0,9;"NAVEGANTES";"Falta de Atenção à Condução";"Colisão com objeto estático";"Sem Vítimas";"Pleno dia";"Crescente";"Chuva";"Dupla";"Reta";"Sim";1;0;0;0;0;1;0;1;-26,88232;-48,66183;"SPRF-SC";"DEL04-SC";"UOP04-DEL04-SC"
211459;2019-05-24;"sexta-feira";"12:40:00";"SC";282;72;"RANCHO QUEIMADO";"Falta de Atenção à Condução";"Colisão frontal";"Com Vítimas Feridas";"Pleno dia";"Crescente";"Chuva";"Simples";"Curva;Aclive";"Não";5;0;1;1;2;1;2;4;-27,683439;-49,105259;"SPRF-SC";"DEL01-SC";"UOP03-DEL01-SC"
211460;2019-05-24;"sexta-feira";"14:15:00";"GO";153;494,2;"GOIANIA";"Objeto estático sobre o leito carroçável";"Colisão traseira";"Com Vítimas Feridas";"Pleno dia";"Crescente";"Céu Claro";"Dupla";"Reta";"Sim";3;0;2;0;1;0;2;2;-16,6614;-49,2218;"SPRF-GO";"DEL01-GO";"UOP01-DEL01-GO"
211463;2019-05-24;"sexta-feira";"14:00:00";"SC";280;121,9;"RIO NEGRINHO";"Desobediência às normas de trânsito pelo condutor";"Saída de leito carroçável";"Sem Vítimas";"Pleno dia";"Crescente";"Garoa/Chuvisco";"Simples";"Reta";"Não";4;0;0;0;3;1;0;4;-26,25533096;-49,45057797;"SPRF-SC";"DEL06-SC";"UOP03-DEL06-SC"
211464;2019-05-08;"quarta-feira";"17:20:00";"BA";135;128,2;"RIACHAO DAS NEVES";"Velocidade Incompatível";"Derramamento de carga";"Sem Vítimas";"Pleno dia";"Crescente";"Céu Claro";"Simples";"Curva";"Não";2;0;0;0;1;2;0;3;-11,78410696;-44,89344592;"SPRF-BA";"DEL10-BA";"UOP01-DEL10-BA"
211467;2019-05-24;"sexta-feira";"12:30:00";"PR";376;676;"GUARATUBA";"Falta de Atenção à Condução";"Colisão lateral";"Com Vítimas Feridas";"Pleno dia";"Crescente";"Chuva";"Dupla";"Reta";"Não";3;0;1;0;1;1;1;3;-25,9253011;-48,91465313;"SPRF-PR";"DEL01-PR";"UOP04-DEL01-PR"
211471;2019-05-24;"sexta-feira";"15:55:00";"PR";116;108,1;"SAO JOSE DOS PINHAIS";"Falta de Atenção à Condução";"Colisão traseira";"Com Vítimas Feridas";"Pleno dia";"Decrescente";"Céu Claro";"Dupla";"Ponte";"Não";6;0;2;0;3;2;2;7;-25,57147018;-49,19760597;"SPRF-PR";"DEL01-PR";"UOP06-DEL01-PR"
211472;2019-05-24;"sexta-feira";"15:50:00";"CE";20;421;"MARACANAU";"Não guardar distância de segurança";"Colisão traseira";"Sem Vítimas";"Pleno dia";"Crescente";"Céu Claro";"Dupla";"Reta";"Não";2;0;0;0;2;0;0;2;-3,76999035;-38,67006282;"SPRF-CE";"DEL01-CE";"UOP02-DEL01-CE"
211484;2019-05-24;"sexta-feira";"17:10:00";"RS";386;225,7;"SOLEDADE";"Falta de Atenção à Condução";"Colisão frontal";"Com Vítimas Feridas";"Pleno dia";"Decrescente";"Garoa/Chuvisco";"Simples";"Reta";"Não";6;0;2;1;2;2;3;5;-28,68090267;-52,59913802;"SPRF-RS";"DEL04-RS";"UOP03-DEL04-RS"
211488;2019-05-24;"sexta-feira";"17:40:00";"PR";376;160;"MANDAGUACU";"Velocidade Incompatível";"Colisão transversal";"Com Vítimas Feridas";"Anoitecer";"Crescente";"Nublado";"Dupla";"Reta";"Não";3;0;0;1;1;1;1;3;-23,36838484;-52,06572891;"SPRF-PR";"DEL07-PR";"UOP01-DEL09-PR"
211491;2019-05-12;"domingo";"13:30:00";"BA";101;426,9;"MARAU";"Não guardar distância de segurança";"Colisão traseira";"Sem Vítimas";"Pleno dia";"Decrescente";"Chuva";"Simples";"Curva";"Não";2;0;0;0;1;1;0;2;-14,16054504;-39,32830811;"SPRF-BA";"DEL05-BA";"UOP01-DEL05-BA"
211494;2019-05-24;"sexta-feira";"11:04:00";"BA";116;425;"FEIRA DE SANTANA";"Desobediência às normas de trânsito pelo condutor";"Colisão transversal";"Sem Vítimas";"Pleno dia";"Crescente";"Céu Claro";"Simples";"Reta";"Sim";4;0;0;0;3;1;0;4;-12,23736613;-38,97999588;"SPRF-BA";"DEL02-BA";"UOP01-DEL02-BA"
211509;2019-05-24;"sexta-feira";"19:20:00";"GO";153;517,2;"HIDROLANDIA";"Falta de Atenção à Condução";"Tombamento";"Sem Vítimas";"Plena Noite";"Crescente";"Céu Claro";"Dupla";"Aclive";"Sim";1;0;0;0;1;0;0;1;-16,8581;-49,2488;"SPRF-GO";"DEL01-GO";"UOP03-DEL01-GO"
211514;2019-05-24;"sexta-feira";"15:40:00";"MG";262;762,5;"SACRAMENTO";"Ultrapassagem Indevida";"Colisão frontal";"Com Vítimas Feridas";"Pleno dia";"Decrescente";"Céu Claro";"Simples";"Reta";"Não";3;0;1;1;1;0;2;3;-19,67048503;-47,62033999;"SPRF-MG";"DEL13-MG";"UOP01-DEL13-MG"
211516;2019-05-24;"sexta-feira";"16:50:00";"MG";262;604,8;"CAMPOS ALTOS";"Falta de Atenção à Condução";"Colisão traseira";"Com Vítimas Feridas";"Pleno dia";"Decrescente";"Céu Claro";"Simples";"Reta";"Não";7;0;1;2;3;1;3;5;-19,62506079;-46,268794;"SPRF-MG";"DEL08-MG";"UOP02-DEL08-MG"
211519;2019-05-24;"sexta-feira";"16:30:00";"MA";316;354,9;"BACABAL";"Falta de Atenção à Condução";"Colisão frontal";"Com Vítimas Fatais";"Pleno dia";"Decrescente";"Céu Claro";"Simples";"Reta";"Não";3;1;0;0;1;1;0;3;-4,223215;-44,844193;"SPRF-MA";"DEL02-MA";"DEL18/2-UOP03/MA"
211525;2019-05-24;"sexta-feira";"17:45:00";"MT";364;400;"CUIABA";"Ingestão de Álcool";"Colisão lateral";"Sem Vítimas";"Plena Noite";"Crescente";"Nublado";"Simples";"Reta";"Sim";3;0;0;0;2;2;0;4;-15,67565189;-55,93822495;"SPRF-MT";"DEL02-MT";"UOP02-DEL01-MT"
211526;2019-05-24;"sexta-feira";"19:40:00";"SC";101;169;"TIJUCAS";"Desobediência às normas de trânsito pelo condutor";"Colisão transversal";"Com Vítimas Feridas";"Plena Noite";"Crescente";"Céu Claro";"Dupla";"Interseção de Vias";"Não";3;0;0;1;1;2;1;4;-27,28790602;-48,63095745;"SPRF-SC";"DEL04-SC";"UOP03-DEL04-SC"
211531;2019-05-24;"sexta-feira";"20:30:00";"MG";40;518;"CONTAGEM";"Falta de Atenção à Condução";"Colisão lateral";"Com Vítimas Feridas";"Plena Noite";"Decrescente";"Céu Claro";"Dupla";"Reta";"Sim";3;0;1;0;2;0;1;2;-19,8321242;-44,08208533;"SPRF-MG";"DEL01-MG";"UOP02-DEL01-MG"
211537;2019-05-24;"sexta-feira";"21:10:00";"PA";222;243;"MARABA";"Desobediência às normas de trânsito pelo condutor";"Colisão lateral";"Com Vítimas Fatais";"Plena Noite";"Crescente";"Céu Claro";"Simples";"Reta";"Sim";3;1;0;0;1;3;0;5;-5,339671;-49,08239;"SPRF-PA";"DEL03-PA";"UOP01-DEL03-PA"
211538;2019-05-24;"sexta-feira";"20:50:00";"RN";101;84;"NATAL";"Ingestão de Álcool";"Colisão lateral";"Sem Vítimas";"Plena Noite";"Crescente";"Nublado";"Dupla";"Declive";"Sim";2;0;0;0;2;0;0;2;-5,774175;-35,2578;"SPRF-RN";"DEL02-RN";"UOP01-DEL02-RN"
211543;2019-05-24;"sexta-feira";"21:20:00";"MG";381;580;"CARMOPOLIS DE MINAS";"Falta de Atenção à Condução";"Colisão traseira";"Com Vítimas Feridas";"Plena Noite";"Decrescente";"Céu Claro";"Dupla";"Reta";"Não";3;0;1;0;1;1;1;3;-20,48639892;-44,59279937;"SPRF-MG";"DEL04-MG";"UOP01-DEL04-MG"
211550;2019-05-23;"quinta-feira";"21:30:00";"RJ";493;49;"DUQUE DE CAXIAS";"Falta de Atenção do Pedestre";"Atropelamento de Pedestre";"Com Vítimas Fatais";"Plena Noite";"Crescente";"Céu Claro";"Múltipla";"Reta";"Sim";2;1;0;0;1;0;0;2;-22,672089;-43,285053;"SPRF-RJ";"DEL01-RJ";"UOP01-DEL01-RJ"
211560;2019-04-28;"domingo";"02:45:00";"BA";101;770,1;"ITABELA";"Condutor Dormindo";"Colisão frontal";"Com Vítimas Feridas";"Plena Noite";"Decrescente";"Céu Claro";"Simples";"Curva";"Não";3;0;0;1;1;1;1;3;-16,75110207;-39,45420384;"SPRF-BA";"DEL09-BA";"UOP01-DEL09-BA"
211561;2019-05-24;"sexta-feira";"22:45:00";"SP";116;90,1;"PINDAMONHANGABA";"Falta de Atenção à Condução";"Colisão traseira";"Com Vítimas Feridas";"Plena Noite";"Decrescente";"Céu Claro";"Dupla";"Reta";"Não";2;0;0;1;1;0;1;2;-22,94361839;-45,3873088;"SPRF-SP";"DEL06-SP";"UOP01-DEL06-SP"
211563;2019-05-24;"sexta-feira";"23:00:00";"MG";153;147,7;"CAMPO FLORIDO";"Condutor Dormindo";"Tombamento";"Com Vítimas Feridas";"Plena Noite";"Decrescente";"Céu Claro";"Simples";"Interseção de Vias";"Não";1;0;1;0;0;0;1;1;-19,62959262;-48,84912014;"SPRF-MG";"DEL13-MG";"UOP02-DEL13-MG"
211567;2019-05-25;"sábado";"00:45:00";"CE";116;161;"RUSSAS";"Falta de Atenção do Pedestre";"Atropelamento de Pedestre";"Com Vítimas Feridas";"Plena Noite";"Decrescente";"Céu Claro";"Simples";"Reta";"Sim";2;0;0;1;0;1;1;2;-4,92182572;-37,99428792;"SPRF-CE";"DEL03-CE";"UOP01-DEL03-CE"
211571;2019-05-25;"sábado";"02:30:00";"PR";116;99;"SAO JOSE DOS PINHAIS";"Falta de Atenção do Pedestre";"Atropelamento de Pedestre";"Com Vítimas Fatais";"Plena Noite";"Crescente";"Céu Claro";"Dupla";"Curva";"Sim";2;1;0;0;1;0;0;2;-25,52682231;-49,14038767;"SPRF-PR";"DEL01-PR";"UOP01-DEL01-PR"
211583;2019-05-25;"sábado";"01:40:00";"PR";116;3;"CAMPINA GRANDE DO SUL";"Condutor Dormindo";"Saída de leito carroçável";"Sem Vítimas";"Plena Noite";"Crescente";"Céu Claro";"Dupla";"Curva;Declive";"Não";1;0;0;0;1;0;0;1;-25,07163889;-48,58564619;"SPRF-PR";"DEL01-PR";"UOP02-DEL01-PR"
211588;2019-05-25;"sábado";"05:45:00";"RJ";356;149;"CAMPOS DOS GOYTACAZES";"Desobediência às normas de trânsito pelo condutor";"Colisão lateral";"Com Vítimas Feridas";"Amanhecer";"Crescente";"Céu Claro";"Simples";"Curva";"Sim";2;0;1;0;1;0;1;2;-21,77241727;-41,28125956;"SPRF-RJ";"DEL08-RJ";"UOP02-DEL08-RJ"
211618;2019-05-25;"sábado";"10:20:00";"RJ";116;93;"GUAPIMIRIM";"Pista Escorregadia";"Colisão frontal";"Com Vítimas Feridas";"Pleno dia";"Decrescente";"Céu Claro";"Simples";"Curva";"Não";4;0;0;2;2;0;2;2;-22,46416302;-42,99215699;"SPRF-RJ";"DEL04-RJ";"UOP02-DEL04-RJ"
211624;2019-05-25;"sábado";"10:40:00";"TO";226;35;"DARCINOPOLIS";"Não guardar distância de segurança";"Queda de ocupante de veículo";"Com Vítimas Feridas";"Pleno dia";"Decrescente";"Sol";"Simples";"Reta";"Não";2;0;1;0;0;1;1;2;-6,682549;-47,739311;"SPRF-TO";"DEL02-TO";"UOP03-DEL02-TO"
211625;2019-05-25;"sábado";"10:00:00";"MT";70;560;"POCONE";"Desobediência às normas de trânsito pelo condutor";"Colisão traseira";"Com Vítimas Feridas";"Pleno dia";"Crescente";"Céu Claro";"Simples";"Reta";"Não";3;0;1;0;2;0;1;2;-15,69906955;-56,42715454;"SPRF-MT";"DEL01-MT";"DEL2/4-UOP02/MT"
211629;2019-05-25;"sábado";"12:30:00";"RJ";101;112;"CAMPOS DOS GOYTACAZES";"Falta de Atenção à Condução";"Colisão lateral";"Sem Vítimas";"Pleno dia";"Crescente";"Céu Claro";"Dupla";"Curva";"Não";3;0;0;0;2;1;0;3;-21,97039604;-41,65213965;"SPRF-RJ";"DEL08-RJ";"UOP02-DEL08-RJ"
211636;2019-05-25;"sábado";"12:00:00";"MG";146;600;"POCOS DE CALDAS";"Velocidade Incompatível";"Colisão lateral";"Com Vítimas Feridas";"Pleno dia";"Crescente";"Céu Claro";"Simples";"Aclive";"Não";4;0;3;0;1;0;3;2;-21,77323187;-46,42247938;"SPRF-MG";"DEL16-MG";"UOP01-DEL09-MG"
211640;2019-05-25;"sábado";"13:53:00";"MG";116;414;"GOVERNADOR VALADARES";"Desobediência às normas de trânsito pelo condutor";"Colisão lateral";"Com Vítimas Feridas";"Pleno dia";"Crescente";"Céu Claro";"Simples";"Reta";"Sim";3;0;1;0;1;1;1;3;-18,88102703;-41,95910802;"SPRF-MG";"DEL06-MG";"UOP01-DEL06-MG"
211644;2019-05-25;"sábado";"14:35:00";"ES";101;64,5;"SAO MATEUS";"Desobediência às normas de trânsito pelo condutor";"Queda de ocupante de veículo";"Com Vítimas Feridas";"Pleno dia";"Crescente";"Céu Claro";"Simples";"Curva";"Não";3;0;0;2;0;1;2;2;-18,70744265;-39,87646949;"SPRF-ES";"DEL04-ES";"UOP02-DEL04-ES"
211649;2019-05-25;"sábado";"15:00:00";"CE";222;128,4;"ITAPAJE";"Velocidade Incompatível";"Tombamento";"Com Vítimas Feridas";"Pleno dia";"Crescente";"Céu Claro";"Simples";"Curva";"Não";2;0;1;0;0;1;1;2;-3,70427286;-39,61528609;"SPRF-CE";"DEL04-CE";"UOP03-DEL04-CE"
211654;2019-05-25;"sábado";"15:00:00";"SP";116;317,9;"JUQUITIBA";"Não guardar distância de segurança";"Colisão traseira";"Sem Vítimas";"Pleno dia";"Crescente";"Sol";"Dupla";"Reta";"Não";3;0;0;0;2;1;0;3;-23,924694;-46,99367523;"SPRF-SP";"DEL04-SP";"UOP03-DEL04-SP"
211658;2019-05-25;"sábado";"13:50:00";"MT";174;125;"MIRASSOL DOESTE";"Falta de Atenção à Condução";"Colisão transversal";"Sem Vítimas";"Pleno dia";"Crescente";"Céu Claro";"Simples";"Rotatória";"Não";2;0;0;0;2;0;0;2;-15,81811887;-58,08751166;"SPRF-MT";"DEL03-MT";"UOP01-DEL03-MT"
211663;2019-05-25;"sábado";"16:20:00";"MG";116;274,9;"TEOFILO OTONI";"Ingestão de Álcool";"Colisão lateral";"Com Vítimas Feridas";"Pleno dia";"Decrescente";"Céu Claro";"Simples";"Reta";"Sim";4;0;0;1;1;2;1;4;-17,83384514;-41,51094368;"SPRF-MG";"DEL11-MG";"UOP01-DEL11-MG"
211665;2019-05-25;"sábado";"12:00:00";"BA";242;491;"OLIVEIRA DOS BREJINHOS";"Defeito Mecânico no Veículo";"Capotamento";"Sem Vítimas";"Pleno dia";"Decrescente";"Sol";"Simples";"Reta";"Não";2;0;0;0;1;3;0;4;-12,40158974;-42,37914499;"SPRF-BA";"DEL06-BA";"UOP01-DEL06-BA"
211670;2019-05-25;"sábado";"17:30:00";"CE";222;28;"CAUCAIA";"Defeito Mecânico no Veículo";"Colisão traseira";"Com Vítimas Feridas";"Anoitecer";"Decrescente";"Céu Claro";"Simples";"Reta";"Não";3;0;1;0;1;1;1;3;-3,71479;-38,80975;"SPRF-CE";"DEL01-CE";"UOP01-DEL01-CE"
211681;2019-05-25;"sábado";"15:00:00";"MG";365;560;"INDIANOPOLIS";"Ultrapassagem Indevida";"Colisão traseira";"Com Vítimas Fatais";"Pleno dia";"Crescente";"Céu Claro";"Simples";"Reta";"Não";7;1;2;2;2;0;4;5;-18,92420368;-47,77919891;"SPRF-MG";"DEL15-MG";"UOP02-DEL15-MG"
211694;2019-05-25;"sábado";"18:15:00";"RS";101;7,9;"TORRES";"Falta de Atenção à Condução";"Colisão lateral";"Sem Vítimas";"Anoitecer";"Crescente";"Céu Claro";"Dupla";"Reta";"Não";3;0;0;0;2;2;0;4;-29,35399189;-49,8004501;"SPRF-RS";"DEL03-RS";"UOP02-DEL03-RS"
211698;2019-05-25;"sábado";"17:50:00";"MG";365;173,4;"BURITIZEIRO";"Defeito Mecânico no Veículo";"Incêndio";"Sem Vítimas";"Anoitecer";"Decrescente";"Céu Claro";"Simples";"Reta;Aclive";"Não";2;0;0;0;1;1;0;2;-17,407544;-45,026306;"SPRF-MG";"DEL12-MG";"UOP01-DEL12-MG"
211706;2019-05-25;"sábado";"18:40:00";"RS";392;200;"SANTANA DA BOA VISTA";"Ingestão de Álcool";"Colisão transversal";"Com Vítimas Feridas";"Plena Noite";"Crescente";"Céu Claro";"Simples";"Curva";"Não";3;0;1;0;1;1;1;3;-30,87177911;-53,13722109;"SPRF-RS";"DEL09-RS";"UOP02-DEL09-RS"
211713;2019-05-25;"sábado";"12:15:00";"MG";381;362;"JOAO MONLEVADE";"Velocidade Incompatível";"Tombamento";"Com Vítimas Feridas";"Pleno dia";"Crescente";"Céu Claro";"Simples";"Curva";"Não";2;0;1;0;0;1;1;2;-19,85643939;-43,24280693;"SPRF-MG";"DEL03-MG";"UOP01-DEL03-MG"
211714;2019-05-25;"sábado";"17:50:00";"PR";376;345;"ORTIGUEIRA";"Falta de Atenção à Condução";"Colisão traseira";"Com Vítimas Feridas";"Anoitecer";"Decrescente";"Céu Claro";"Simples";"Reta";"Não";5;0;1;1;2;1;2;4;-24,1704972;-50,96712112;"SPRF-PR";"DEL07-PR";"UOP02-DEL07-PR"
211739;2019-05-25;"sábado";"22:40:00";"BA";110;352,2;"ALAGOINHAS";"Falta de Atenção à Condução";"Colisão lateral";"Com Vítimas Fatais";"Plena Noite";"Decrescente";"Céu Claro";"Simples";"Curva";"Não";5;1;1;0;2;4;1;7;-12,24624383;-38,40143096;"SPRF-BA";"DEL01-BA";"UOP04-DEL01-BA"
211741;2019-05-25;"sábado";"20:50:00";"MG";50;98;"UBERLANDIA";"Falta de Atenção à Condução";"Colisão transversal";"Com Vítimas Feridas";"Plena Noite";"Decrescente";"Céu Claro";"Dupla";"Reta";"Não";3;0;1;0;1;1;1;3;-19,11861301;-48,17588405;"SPRF-MG";"DEL15-MG";"UOP01-DEL15-MG"