"id";"data_inversa";"dia_semana";"horario";"uf";"br";"km";"municipio";"causa_acidente";"tipo_acidente";"classificacao_acidente";"fase_dia";"sentido_via";"condicao_metereologica";"tipo_pista";"tracado_via";"uso_solo";"pessoas";"mortos";"feridos_leves";"feridos_graves";"ilesos";"ignorados";"feridos";"veiculos";"latitude";"longitude";"regional";"delegacia";"uop"
211746;2019-05-25;"sábado";"22:00:00";"MG";116;709,2;"MURIAE";"Ingestão de Álcool";"Saída de leito carroçável";"Com Vítimas Feridas";"Plena Noite";"Crescente";"Céu Claro";"Simples";"Curva;Aclive";"Sim";2;0;1;1;0;0;2;1;-21,158553;-42,383159;"SPRF-MG";"DEL07-MG";"UOP02-DEL07-MG"
211747;2019-05-26;"domingo";"00:07:00";"ES";101;156,3;"LINHARES";"Ingestão de Álcool";"Colisão frontal";"Com Vítimas Fatais";"Plena Noite";"Decrescente";"Céu Claro";"Simples";"Reta";"Não";5;1;2;2;0;0;4;3;-19,44596035;-40,09435048;"SPRF-ES";"DEL04-ES";"UOP01-DEL04-ES"
211751;2019-05-26;"domingo";"00:00:00";"SP";116;410,5;"JUQUIA";"Condutor Dormindo";"Saída de leito carroçável";"Com Vítimas Feridas";"Plena Noite";"Crescente";"Nublado";"Dupla";"Reta";"Não";2;0;1;0;0;1;1;2;-24,33501372;-47,59392601;"SPRF-SP";"DEL05-SP";"UOP01-DEL05-SP"
211758;2019-05-26;"domingo";"01:30:00";"PE";232;485;"VERDEJANTE";"Falta de Atenção à Condução";"Colisão com objeto estático";"Sem Vítimas";"Plena Noite";"Crescente";"Céu Claro";"Simples";"Reta";"Não";3;0;0;0;2;2;0;4;-8,00758456;-38,93223474;"SPRF-PE";"DEL05-PE";"UOP01-DEL05-PE"
211761;2019-05-26;"domingo";"02:00:00";"MG";381;674,5;"PERDOES";"Falta de Atenção à Condução";"Capotamento";"Sem Vítimas";"Plena Noite";"Crescente";"Céu Claro";"Dupla";"Reta";"Não";8;0;0;0;7;1;0;5;-21,107021;-45,09114;"SPRF-MG";"DEL04-MG";"UOP02-DEL04-MG"
211763;2019-05-25;"sábado";"23:25:00";"MG";50;15;"UBERLANDIA";"Condutor Dormindo";"Saída de leito carroçável";"Com Vítimas Feridas";"Plena Noite";"Crescente";"Céu Claro";"Dupla";"Viaduto";"Sim";2;0;1;0;0;1;1;2;-18,91408152;-48,17230225;"SPRF-MG";"DEL15-MG";"UOP02-DEL15-MG"
211770;2019-05-25;"sábado";"23:40:00";"PR";476;142,7;"CURITIBA";"Falta de Atenção à Condução";"Saída de leito carroçável";"Com Vítimas Feridas";"Plena Noite";"Decrescente";"Nublado";"Dupla";"Interseção de Vias;Curva";"Não";2;0;0;1;0;1;1;2;-25,5378481;-49,31126475;"SPRF-PR";"DEL01-PR";"UOP03-DEL01-PR"
211799;2019-05-26;"domingo";"06:30:00";"SC";116;206;"PONTE ALTA";"Velocidade Incompatível";"Tombamento";"Sem Vítimas";"Pleno dia";"Crescente";"Céu Claro";"Simples";"Rotatória";"Sim";2;0;0;0;1;1;0;2;-27,47335386;-50,3816746;"SPRF-SC";"DEL05-SC";"UOP03-DEL05-SC"
211810;2019-05-26;"domingo";"08:50:00";"BA";101;666,5;"ITAPEBI";"Velocidade Incompatível";"Tombamento";"Com Vítimas Feridas";"Pleno dia";"Decrescente";"Céu Claro";"Simples";"Curva";"Não";2;0;1;0;0;1;1;2;-15,98538185;-39,56944495;"SPRF-BA";"DEL09-BA";"UOP01-DEL09-BA"
211812;2019-05-26;"domingo";"08:50:00";"GO";60;379,2;"RIO VERDE";"Avarias e/ou desgaste excessivo no pneu";"Tombamento";"Com Vítimas Feridas";"Pleno dia";"Crescente";"Céu Claro";"Dupla";"Retorno Regulamentado";"Não";2;0;1;0;0;1;1;2;-17,75823017;-50,87991714;"SPRF-GO";"DEL04-GO";"UOP01-DEL04-GO"
211821;2019-05-26;"domingo";"10:00:00";"PE";232;58,9;"POMBOS";"Falta de Atenção à Condução";"Colisão com objeto estático";"Com Vítimas Feridas";"Pleno dia";"Decrescente";"Sol";"Dupla";"Reta";"Não";4;0;1;0;3;0;1;2;-8,14717743;-35,39765954;"SPRF-PE";"DEL01-PE";"UOP02-DEL02PE"
211829;2019-05-26;"domingo";"07:50:00";"RS";392;71,6;"PELOTAS";"Ingestão de Álcool";"Saída de leito carroçável";"Com Vítimas Feridas";"Pleno dia";"Crescente";"Céu Claro";"Simples";"Interseção de Vias";"Sim";1;0;1;0;0;0;1;1;-31,72790198;-52,38685478;"SPRF-RS";"DEL07-RS";"UOP01-DEL07-RS"
211833;2019-05-26;"domingo";"06:40:00";"MG";40;186;"JOAO PINHEIRO";"Condutor Dormindo";"Colisão traseira";"Com Vítimas Feridas";"Amanhecer";"Decrescente";"Céu Claro";"Simples";"Declive";"Não";6;0;4;0;1;1;4;3;-17,99179584;-45,93440797;"SPRF-MG";"DEL14-MG";"UOP02-DEL14-MG"
211842;2019-04-28;"domingo";"20:10:00";"BA";116;757,9;"POCOES";"Desobediência às normas de trânsito pelo condutor";"Colisão transversal";"Com Vítimas Fatais";"Plena Noite";"Decrescente";"Céu Claro";"Simples";"Reta";"Sim";3;1;0;0;1;1;0;3;-14,52774609;-40,38043141;"SPRF-BA";"DEL08-BA";"UOP02-DEL08-BA"
211855;2019-05-26;"domingo";"13:30:00";"MA";135;109;"ITAPECURU MIRIM";"Defeito na Via";"Colisão transversal";"Com Vítimas Feridas";"Pleno dia";"Crescente";"Céu Claro";"Simples";"Reta";"Sim";4;0;1;0;2;1;1;4;-3,42671872;-44,51781548;"SPRF-MA";"DEL01-MA";"UOP02-DEL01-MA"
211874;2019-05-26;"domingo";"16:15:00";"RO";364;270,5;"CACOAL";"Avarias e/ou desgaste excessivo no pneu";"Saída de leito carroçável";"Com Vítimas Feridas";"Pleno dia";"Crescente";"Céu Claro";"Simples";"Reta";"Não";2;0;1;1;0;0;2;1;-11,38043694;-61,71398001;"SPRF-RO";"DEL02-RO";"UOP02-DEL02-RO"
211876;2019-05-26;"domingo";"16:30:00";"BA";101;167,7;"CONCEICAO DO JACUIPE";"Falta de Atenção à Condução";"Colisão frontal";"Com Vítimas Feridas";"Pleno dia";"Crescente";"Céu Claro";"Simples";"Reta";"Sim";3;0;0;1;1;1;1;3;-12,35551436;-38,782478;"SPRF-BA";"DEL01-BA";"UOP03-DEL01-BA"
211877;2019-05-26;"domingo";"16:45:00";"MG";354;704,5;"CAXAMBU";"Carga excessiva e/ou mal acondicionada";"Tombamento";"Com Vítimas Feridas";"Pleno dia";"Crescente";"Sol";"Simples";"Curva";"Sim";2;0;2;0;0;0;2;1;-21,98404081;-44,92444142;"SPRF-MG";"DEL05-MG";"UOP01-DEL17-MG"
211879;2019-05-26;"domingo";"17:50:00";"SP";381;38,9;"ATIBAIA";"Falta de Atenção à Condução";"Colisão lateral";"Com Vítimas Feridas";"Anoitecer";"Crescente";"Céu Claro";"Dupla";"Reta";"Não";5;0;2;0;2;1;2;4;-23,1133221;-46,57174974;"SPRF-SP";"DEL03-SP";"UOP01-DEL03-SP"
211880;2019-05-26;"domingo";"16:45:00";"MG";262;472,8;"BOM DESPACHO";"Ultrapassagem Indevida";"Colisão frontal";"Com Vítimas Feridas";"Anoitecer";"Decrescente";"Sol";"Simples";"Reta";"Não";6;0;1;1;3;1;2;6;-19,78651123;-45,17550886;"SPRF-MG";"DEL08-MG";"UOP03-DEL08-MG"
211882;2019-05-26;"domingo";"16:30:00";"PR";373;305,5;"PRUDENTOPOLIS";"Ingestão de Álcool";"Saída de leito carroçável";"Com Vítimas Feridas";"Pleno dia";"Crescente";"Sol";"Simples";"Aclive";"Não";2;0;1;0;0;1;1;2;-25,32075736;-51,19046841;"SPRF-PR";"DEL03-PR";"UOP01-DEL08-PR"
211889;2019-05-26;"domingo";"18:10:00";"MG";381;817,2;"CAREACU";"Falta de Atenção à Condução";"Colisão traseira";"Com Vítimas Feridas";"Anoitecer";"Crescente";"Céu Claro";"Dupla";"Aclive;Reta";"Não";3;0;1;0;1;1;1;2;-22,09779644;-45,71786074;"SPRF-MG";"DEL16-MG";"UOP02-DEL16-MG"
211893;2019-05-26;"domingo";"17:40:00";"GO";452;144;"BOM JESUS DE GOIAS";"Restrição de Visibilidade";"Colisão com objeto estático";"Com Vítimas Feridas";"Pleno dia";"Decrescente";"Sol";"Simples";"Reta";"Não";3;0;1;0;1;1;1;3;-18,27653087;-49,63146794;"SPRF-GO";"DEL03-GO";"UOP02-DEL03-GO"
211898;2019-05-26;"domingo";"18:30:00";"RJ";116;304,9;"RESENDE";"Mal Súbito";"Engavetamento";"Com Vítimas Fatais";"Plena Noite";"Decrescente";"Céu Claro";"Dupla";"Reta;Aclive";"Sim";5;1;0;0;3;2;0;6;-22,4550412;-44,38649998;"SPRF-RJ";"DEL07-RJ";"DEL5/7-UOP03/RJ"
211900;2019-05-26;"domingo";"18:45:00";"ES";259;62,9;"COLATINA";"Falta de Atenção do Pedestre";"Atropelamento de Pedestre";"Com Vítimas Feridas";"Plena Noite";"Decrescente";"Céu Claro";"Simples";"Rotatória";"Sim";2;0;0;1;1;0;1;2;-19,53124185;-40,68990791;"SPRF-ES";"DEL02-ES";"UOP01-DEL02-ES"
211905;2019-05-26;"domingo";"19:45:00";"CE";116;102,9;"MORADA NOVA";"Defeito na Via";"Tombamento";"Sem Vítimas";"Plena Noite";"Crescente";"Céu Claro";"Simples";"Reta";"Não";2;0;0;0;1;1;0;2;-4,53408599;-38,30490297;"SPRF-CE";"DEL03-CE";"UOP02-DEL03-CE"
211907;2019-05-26;"domingo";"19:45:00";"RS";472;579;"URUGUAIANA";"Ingestão de Álcool";"Colisão lateral";"Sem Vítimas";"Plena Noite";"Crescente";"Céu Claro";"Simples";"Reta";"Não";5;0;0;0;2;3;0;3;-29,76624794;-57,02865899;"SPRF-RS";"DEL13-RS";"UOP01-DEL13-RS"
211916;2019-05-25;"sábado";"19:00:00";"PA";163;302;"NOVO PROGRESSO";"Não guardar distância de segurança";"Colisão traseira";"Com Vítimas Fatais";"Plena Noite";"Decrescente";"Céu Claro";"Simples";"Declive";"Não";4;1;1;0;1;7;1;10;-7,124392;-55,390657;"SPRF-PA";"DEL05-PA";"UOP01-DEL05-PA"
211918;2019-05-26;"domingo";"13:30:00";"SC";282;503,7;"XANXERE";"Velocidade Incompatível";"Tombamento";"Com Vítimas Feridas";"Pleno dia";"Decrescente";"Céu Claro";"Dupla";"Curva";"Sim";1;0;1;0;0;0;1;1;-26,88492;-52,399788;"SPRF-SC";"DEL07-SC";"UOP01-DEL07-SC"
211920;2019-05-26;"domingo";"19:40:00";"CE";304;73,2;"ARACATI";"Falta de Atenção à Condução";"Colisão lateral";"Com Vítimas Feridas";"Plena Noite";"Crescente";"Céu Claro";"Simples";"Reta";"Não";3;0;1;0;1;1;1;3;-4,67921871;-37,59648368;"SPRF-CE";"DEL03-CE";"UOP03-DEL03-CE"
211925;2019-05-26;"domingo";"21:00:00";"MT";70;42;"BARRA DO GARCAS";"Defeito na Via";"Tombamento";"Com Vítimas Feridas";"Plena Noite";"Decrescente";"Céu Claro";"Simples";"Reta";"Não";2;0;1;0;0;1;1;2;-15,77539522;-52,57181622;"SPRF-MT";"DEL07-MT";"UOP01-DEL07-MT"
211928;2019-05-26;"domingo";"20:30:00";"MA";135;64;"SANTA RITA";"Condutor Dormindo";"Colisão frontal";"Com Vítimas Fatais";"Plena Noite";"Crescente";"Nublado";"Simples";"Reta";"Não";2;1;0;0;1;0;0;2;-3,08771998;-44,32135822;"SPRF-MA";"DEL01-MA";"UOP02-DEL01-MA"
211929;2019-05-26;"domingo";"21:00:00";"PE";101;37,6;"IGARASSU";"Falta de Atenção à Condução";"Colisão transversal";"Com Vítimas Fatais";"Plena Noite";"Decrescente";"Céu Claro";"Dupla";"Reta;Retorno Regulamentado";"Não";2;1;0;0;0;1;0;2;-7,79726705;-34,9274932;"SPRF-PE";"DEL01-PE";"UOP02-DEL01-PE"
211933;2019-05-26;"domingo";"21:35:00";"GO";20;17;"FORMOSA";"Falta de Atenção à Condução";"Colisão transversal";"Com Vítimas Feridas";"Pleno dia";"Crescente";"Céu Claro";"Simples";"Reta";"Não";3;0;1;0;1;1;1;3;-15,559374;-47,204914;"SPRF-DF";"DEL02-DF";"UOP01-DEL02-DF"
211936;2019-05-26;"domingo";"21:40:00";"ES";101;262;"SERRA";"Velocidade Incompatível";"Colisão lateral";"Com Vítimas Feridas";"Plena Noite";"Decrescente";"Nublado";"Dupla";"Reta";"Sim";4;0;0;1;2;1;1;3;-20,1572331;-40,27678329;"SPRF-ES";"DEL02-ES";"UOP01-DEL02-ES"
211942;2019-05-26;"domingo";"20:40:00";"MG";381;921;"CAMANDUCAIA";"Velocidade Incompatível";"Tombamento";"Com Vítimas Feridas";"Plena Noite";"Crescente";"Céu Claro";"Dupla";"Curva";"Não";2;0;1;0;0;1;1;2;-22,76291312;-46,17040428;"SPRF-MG";"DEL16-MG";"UOP03-DEL16-MG"
211943;2019-05-26;"domingo";"22:35:00";"MG";116;246;"TEOFILO OTONI";"Ingestão de álcool e/ou substâncias psicoativas pelo pedestre";"Atropelamento de Animal";"Com Vítimas Feridas";"Plena Noite";"Decrescente";"Céu Claro";"Simples";"Reta";"Não";2;0;2;0;0;0;2;2;-17,6101981;-41,4975046;"SPRF-MG";"DEL11-MG";"UOP01-DEL11-MG"
211948;2019-05-26;"domingo";"13:30:00";"GO";153;306;"RIALMA";"Defeito Mecânico no Veículo";"Incêndio";"Sem Vítimas";"Pleno dia";"Decrescente";"Céu Claro";"Simples";"Reta";"Não";2;0;0;0;1;2;0;3;-15,328836;-49,570873;"SPRF-GO";"DEL02-GO";"UOP02-DEL02-GO"
211956;2019-05-26;"domingo";"23:15:00";"SC";101;238,9;"PALHOCA";"Condutor Dormindo";"Colisão traseira";"Com Vítimas Feridas";"Plena Noite";"Crescente";"Céu Claro";"Dupla";"Curva";"Não";3;0;0;1;1;2;1;4;-27,84293889;-48,63471922;"SPRF-SC";"DEL01-SC";"UOP02-DEL01-SC"
211963;2019-05-26;"domingo";"22:30:00";"SP";116;545;"BARRA DO TURVO";"Velocidade Incompatível";"Tombamento";"Com Vítimas Feridas";"Plena Noite";"Decrescente";"Nublado";"Dupla";"Curva";"Não";2;0;1;0;0;1;1;2;-24,95016699;-48,42400302;"SPRF-SP";"DEL05-SP";"UOP02-DEL05-SP"
211970;2019-05-27;"segunda-feira";"05:45:00";"RS";290;121,7;"ELDORADO DO SUL";"Condutor Dormindo";"Colisão lateral";"Sem Vítimas";"Amanhecer";"Crescente";"Chuva";"Simples";"Reta";"Não";5;0;0;0;4;1;0;2;-30,051365;-51,418243;"SPRF-RS";"DEL02-RS";"UOP01-DEL02-RS"
211973;2019-05-27;"segunda-feira";"05:15:00";"SC";470;77,9;"RODEIO";"Desobediência às normas de trânsito pelo condutor";"Colisão lateral";"Com Vítimas Feridas";"Plena Noite";"Crescente";"Céu Claro";"Simples";"Reta";"Não";8;0;5;1;1;1;6;5;-26,940817;-49,29287;"SPRF-SC";"DEL04-SC";"UOP01-DEL04-SC"
211975;2019-05-27;"segunda-feira";"06:05:00";"PE";232;414;"SERRA TALHADA";"Falta de Atenção à Condução";"Saída de leito carroçável";"Com Vítimas Feridas";"Pleno dia";"Decrescente";"Céu Claro";"Simples";"Reta";"Sim";4;0;1;0;3;0;1;4;-7,99236282;-38,33750809;"SPRF-PE";"DEL04-PE";"UOP01-DEL04-PE"
211981;2019-05-27;"segunda-feira";"06:50:00";"MG";40;48,9;"PARACATU";"Restrição de Visibilidade";"Colisão traseira";"Sem Vítimas";"Pleno dia";"Crescente";"Nevoeiro/Neblina";"Simples";"Aclive";"Não";9;0;0;0;9;0;0;5;-17,24150062;-46,81848808;"SPRF-MG";"DEL14-MG";"UOP01-DEL14-MG"
211984;2019-05-27;"segunda-feira";"00:30:00";"BA";242;363;"LENCOIS";"Ingestão de Álcool";"Tombamento";"Com Vítimas Feridas";"Plena Noite";"Decrescente";"Céu Claro";"Simples";"Reta";"Não";2;0;1;0;0;2;1;3;-12,46727769;-41,4150469;"SPRF-BA";"DEL06-BA";"UOP01-DEL06-BA"
211987;2019-05-27;"segunda-feira";"03:00:00";"PE";101;189,5;"PALMARES";"Velocidade Incompatível";"Tombamento";"Com Vítimas Feridas";"Amanhecer";"Decrescente";"Chuva";"Dupla";"Curva";"Não";1;0;0;1;0;0;1;1;-8,69036647;-35,60430503;"SPRF-PE";"DEL01-PE";"UOP03-DEL01-PE"
211988;2019-05-20;"segunda-feira";"15:50:00";"MG";262;607,4;"CAMPOS ALTOS";"Ultrapassagem Indevida";"Colisão lateral";"Com Vítimas Feridas";"Pleno dia";"Crescente";"Céu Claro";"Simples";"Reta";"Não";4;0;1;1;1;1;2;3;-19,62457601;-46,26930901;"SPRF-MG";"DEL08-MG";"UOP02-DEL08-MG"
211991;2019-05-26;"domingo";"14:00:00";"PA";163;370;"NOVO PROGRESSO";"Defeito na Via";"Tombamento";"Sem Vítimas";"Pleno dia";"Crescente";"Céu Claro";"Simples";"Reta;Em Obras";"Não";2;0;0;0;1;2;0;3;-6,55702677;-55,53150453;"SPRF-PA";"DEL05-PA";"UOP01-DEL05-PA"
211999;2019-05-27;"segunda-feira";"06:20:00";"SC";280;142;"MAFRA";"Falta de Atenção do Pedestre";"Atropelamento de Pedestre";"Com Vítimas Fatais";"Amanhecer";"Crescente";"Nevoeiro/Neblina";"Simples";"Aclive;Curva";"Sim";9;1;0;0;8;0;0;3;-26,25552877;-49,62571755;"SPRF-SC";"DEL06-SC";"UOP03-DEL06-SC"
212000;2019-05-27;"segunda-feira";"07:00:00";"RJ";116;167;"SAO JOAO DE MERITI";"Não guardar distância de segurança";"Colisão lateral";"Com Vítimas Feridas";"Pleno dia";"Decrescente";"Céu Claro";"Dupla";"Reta";"Sim";2;0;1;0;1;0;1;2;-22,81803977;-43,30787252;"SPRF-RJ";"DEL01-RJ";"UOP02-DEL01-RJ"
212009;2019-01-11;"sexta-feira";"13:43:00";"SC";470;10;"NAVEGANTES";"Falta de Atenção à Condução";"Engavetamento";"Com Vítimas Feridas";"Pleno dia";"Crescente";"Sol";"Simples";"Declive;Reta";"Não";4;0;2;0;2;0;2;3;-26,833693;-48,73724;"SPRF-SC";"DEL04-SC";"UOP04-DEL04-SC"
212010;2019-05-27;"segunda-feira";"08:10:00";"SC";282;506,8;"XANXERE";"Velocidade Incompatível";"Tombamento";"Com Vítimas Feridas";"Pleno dia";"Crescente";"Nublado";"Dupla";"Rotatória";"Sim";2;0;0;1;0;1;1;2;-26,88494743;-52,43465424;"SPRF-SC";"DEL07-SC";"UOP01-DEL07-SC"
212015;2019-05-27;"segunda-feira";"09:40:00";"PB";230;123,2;"RIACHAO DO BACAMARTE";"Velocidade Incompatível";"Saída de leito carroçável";"Com Vítimas Feridas";"Pleno dia";"Decrescente";"Chuva";"Dupla";"Reta";"Não";1;0;1;0;0;0;1;1;-7,2552222;-35,67274354;"SPRF-PB";"DEL02-PB";"UOP01-DEL02-PB"
212017;2019-05-27;"segunda-feira";"09:45:00";"PR";476;0,4;"ADRIANOPOLIS";"Defeito Mecânico no Veículo";"Colisão frontal";"Com Vítimas Feridas";"Pleno dia";"Crescente";"Sol";"Simples";"Reta";"Sim";3;0;1;0;2;0;1;3;-24,656086;-49,004463;"SPRF-PR";"DEL01-PR";"UOP07-DEL01-PR"
212018;2019-05-27;"segunda-feira";"09:30:00";"SC";280;221,1;"TRES BARRAS";"Velocidade Incompatível";"Tombamento";"Com Vítimas Feridas";"Pleno dia";"Crescente";"Nublado";"Simples";"Rotatória";"Não";1;0;1;0;0;0;1;1;-26,173056;-50,27445;"SPRF-SC";"DEL06-SC";"UOP04-DEL06-SC"
212020;2019-03-28;"quinta-feira";"14:06:00";"TO";153;540;"NOVA ROSALANDIA";"Defeito Mecânico no Veículo";"Colisão lateral";"Com Vítimas Feridas";"Pleno dia";"Crescente";"Céu Claro";"Dupla";"Interseção de Vias";"Sim";4;0;1;0;2;1;1;3;-10,56258187;-48,91353744;"SPRF-TO";"DEL02-TO";"UOP01-DEL01-TO"
212026;2019-05-27;"segunda-feira";"09:50:00";"RO";364;238,1;"CACOAL";"Falta de Atenção à Condução";"Colisão traseira";"Com Vítimas Feridas";"Pleno dia";"Decrescente";"Céu Claro";"Simples";"Reta";"Sim";5;0;1;0;3;1;1;3;-11,4388578;-61,45471289;"SPRF-RO";"DEL02-RO";"UOP02-DEL02-RO"
212029;2019-05-25;"sábado";"23:40:00";"RO";319;1;"PORTO VELHO";"Carga excessiva e/ou mal acondicionada";"Colisão com objeto estático";"Sem Vítimas";"Plena Noite";"Decrescente";"Céu Claro";"Simples";"Reta";"Não";5;0;0;0;3;2;0;3;-7,977178;-63,390567;"SPRF-RO";"DEL01-RO";"UOP01-DEL01-RO"
212035;2019-05-24;"sexta-feira";"18:50:00";"SC";101;356,8;"SANGAO";"Defeito na Via";"Colisão com objeto estático";"Com Vítimas Feridas";"Anoitecer";"Decrescente";"Chuva";"Simples";"Ponte;Reta";"Não";2;0;1;0;1;0;1;1;-28,64058128;-49,09790039;"SPRF-SC";"DEL02-SC";"UOP01-DEL02-SC"
212036;2019-05-27;"segunda-feira";"12:00:00";"MG";40;796;"JUIZ DE FORA";"Não guardar distância de segurança";"Colisão traseira";"Com Vítimas Feridas";"Pleno dia";"Decrescente";"Céu Claro";"Dupla";"Reta";"Sim";3;0;2;0;0;2;2;4;-21,80580672;-43,39942932;"SPRF-MG";"DEL05-MG";"UOP01-DEL05-MG"
212037;2019-05-27;"segunda-feira";"12:40:00";"ES";262;106,7;"VENDA NOVA DO IMIGRANTE";"Não guardar distância de segurança";"Colisão lateral";"Com Vítimas Feridas";"Pleno dia";"Crescente";"Céu Claro";"Múltipla";"Reta";"Sim";4;0;0;2;1;2;2;4;-20,32850064;-41,15002155;"SPRF-ES";"DEL01-ES";"UOP02-DEL01-ES"
212038;2019-05-27;"segunda-feira";"12:30:00";"GO";40;0;"VALPARAISO DE GOIAS";"Defeito Mecânico no Veículo";"Saída de leito carroçável";"Com Vítimas Feridas";"Pleno dia";"Crescente";"Sol";"Dupla";"Reta";"Sim";1;0;1;0;0;0;1;1;-16,058273;-47,982655;"SPRF-DF";"DEL01-DF";"UOP01-DEL01-DF"
212040;2019-05-26;"domingo";"10:50:00";"BA";116;765;"POCOES";"Desobediência às normas de trânsito pelo condutor";"Engavetamento";"Com Vítimas Feridas";"Pleno dia";"Decrescente";"Céu Claro";"Simples";"Reta";"Não";4;0;1;0;3;0;1;4;-14,52270968;-40,3754883;"SPRF-BA";"DEL08-BA";"UOP02-DEL08-BA"
212047;2019-05-27;"segunda-feira";"13:25:00";"PR";116;150;"MANDIRITUBA";"Mal Súbito";"Tombamento";"Com Vítimas Feridas";"Pleno dia";"Decrescente";"Sol";"Simples";"Reta;Interseção de Vias";"Sim";4;0;3;1;0;0;4;1;-25,81557015;-49,33088979;"SPRF-PR";"DEL01-PR";"UOP03-DEL01-PR"
212053;2019-05-27;"segunda-feira";"10:40:00";"MG";381;925,2;"ITAPEVA";"Velocidade Incompatível";"Colisão com objeto estático";"Com Vítimas Feridas";"Pleno dia";"Decrescente";"Céu Claro";"Dupla";"Curva";"Não";2;0;0;1;0;1;1;2;-22,777207;-46,23911301;"SPRF-MG";"DEL16-MG";"UOP03-DEL16-MG"
212059;2019-05-27;"segunda-feira";"13:00:00";"RO";319;62;"PORTO VELHO";"Falta de Atenção à Condução";"Colisão lateral";"Com Vítimas Feridas";"Pleno dia";"Decrescente";"Céu Claro";"Dupla";"Interseção de Vias";"Sim";4;0;1;0;1;3;1;5;-8,766685;-63,884052;"SPRF-RO";"DEL01-RO";"UOP01-DEL01-RO"
212061;2019-05-27;"segunda-feira";"15:00:00";"CE";20;308;"CANINDE";"Desobediência às normas de trânsito pelo condutor";"Colisão lateral";"Com Vítimas Feridas";"Pleno dia";"Crescente";"Céu Claro";"Simples";"Aclive";"Não";3;0;2;0;1;0;2;2;-4,34943993;-39,29934009;"SPRF-CE";"DEL02-CE";"UOP01-DEL02-CE"
212062;2019-05-27;"segunda-feira";"15:15:00";"RS";287;251,9;"SANTA MARIA";"Desobediência às normas de trânsito pelo condutor";"Colisão transversal";"Com Vítimas Feridas";"Pleno dia";"Decrescente";"Garoa/Chuvisco";"Simples";"Reta";"Sim";3;0;1;0;2;0;1;2;-29,68773859;-53,88038188;"SPRF-RS";"DEL09-RS";"UOP01-DEL09-RS"
212063;2019-04-21;"domingo";"18:05:00";"ES";101;310;"VIANA";"Desobediência às normas de trânsito pelo pedestre";"Atropelamento de Pedestre";"Com Vítimas Feridas";"Plena Noite";"Decrescente";"Céu Claro";"Simples";"Curva";"Não";3;0;0;1;1;1;1;3;-20,42590098;-40,46036505;"SPRF-ES";"DEL03-ES";"UOP01-DEL03-ES"
212067;2019-05-27;"segunda-feira";"16:00:00";"SC";101;139,6;"BALNEARIO CAMBORIU";"Falta de Atenção à Condução";"Colisão traseira";"Com Vítimas Feridas";"Pleno dia";"Crescente";"Nublado";"Dupla";"Reta";"Não";3;0;1;0;1;1;1;3;-27,02982303;-48,60115006;"SPRF-SC";"DEL04-SC";"UOP03-DEL04-SC"
212068;2019-05-27;"segunda-feira";"16:10:00";"MG";40;498,3;"ESMERALDAS";"Desobediência às normas de trânsito pelo condutor";"Colisão transversal";"Com Vítimas Fatais";"Pleno dia";"Decrescente";"Céu Claro";"Dupla";"Reta";"Não";2;1;0;0;1;0;0;2;-19,67802022;-44,18830216;"SPRF-MG";"DEL02-MG";"UOP01-DEL02-MG"
212071;2019-05-27;"segunda-feira";"13:00:00";"PR";277;426,2;"CANTAGALO";"Defeito Mecânico no Veículo";"Tombamento";"Com Vítimas Feridas";"Pleno dia";"Decrescente";"Sol";"Simples";"Reta";"Não";2;0;1;0;0;1;1;2;-25,38220585;-52,11624364;"SPRF-PR";"DEL04-PR";"UOP02-DEL04-PR"
212072;2019-05-27;"segunda-feira";"16:20:00";"PR";116;112;"CURITIBA";"Falta de Atenção à Condução";"Engavetamento";"Com Vítimas Feridas";"Pleno dia";"Crescente";"Céu Claro";"Dupla";"Reta";"Sim";5;0;1;0;3;2;1;6;-25,56730763;-49,23706792;"SPRF-PR";"DEL01-PR";"UOP06-DEL01-PR"
212075;2019-05-27;"segunda-feira";"13:40:00";"AC";364;176,1;"BUJARI";"Defeito Mecânico no Veículo";"Colisão traseira";"Com Vítimas Feridas";"Pleno dia";"Decrescente";"Céu Claro";"Simples";"Aclive;Reta";"Não";3;0;1;0;1;1;1;3;-9,73810755;-68,10355271;"SPRF-AC";"DEL01-AC";"UOP01-DEL01-AC"
212076;2019-05-27;"segunda-feira";"15:00:00";"SC";101;56;"JOINVILLE";"Defeito Mecânico no Veículo";"Saída de leito carroçável";"Com Vítimas Feridas";"Pleno dia";"Decrescente";"Sol";"Dupla";"Reta";"Não";1;0;1;0;0;0;1;1;-26,43207484;-48,82263984;"SPRF-SC";"DEL03-SC";"UOP01-DEL03-SC"
212090;2019-05-27;"segunda-feira";"16:50:00";"RJ";40;124;"DUQUE DE CAXIAS";"Defeito Mecânico no Veículo";"Colisão com objeto em movimento";"Com Vítimas Feridas";"Anoitecer";"Crescente";"Céu Claro";"Múltipla";"Reta";"Sim";2;0;1;0;1;0;1;2;-22,807953;-43,289124;"SPRF-RJ";"DEL01-RJ";"UOP02-DEL01-RJ"
212092;2019-05-27;"segunda-feira";"18:20:00";"PE";232;19;"JABOATAO DOS GUARARAPES";"Defeito na Via";"Capotamento";"Com Vítimas Feridas";"Plena Noite";"Decrescente";"Nublado";"Dupla";"Em Obras;Desvio Temporário;Reta";"Não";1;0;1;0;0;0;1;1;-8,09822484;-35,06316202;"SPRF-PE";"DEL01-PE";"UOP01-DEL01-PE"