"id";"data_inversa";"dia_semana";"horario";"uf";"br";"km";"municipio";"causa_acidente";"tipo_acidente";"classificacao_acidente";"fase_dia";"sentido_via";"condicao_metereologica";"tipo_pista";"tracado_via";"uso_solo";"pessoas";"mortos";"feridos_leves";"feridos_graves";"ilesos";"ignorados";"feridos";"veiculos";"latitude";"longitude";"regional";"delegacia";"uop"
213484;2019-06-03;"segunda-feira";"18:45:00";"SC";101;218,1;"PALHOCA";"Velocidade Incompatível";"Atropelamento de Pedestre";"Com Vítimas Fatais";"Plena Noite";"Decrescente";"Nublado";"Múltipla";"Reta";"Sim";3;2;0;0;0;1;0;3;-27,67763058;-48,66981268;"SPRF-SC";"DEL01-SC";"UOP02-DEL01-SC"
213489;2019-06-04;"terça-feira";"01:20:00";"SP";116;99;"PINDAMONHANGABA";"Defeito Mecânico no Veículo";"Saída de leito carroçável";"Com Vítimas Feridas";"Plena Noite";"Decrescente";"Nublado";"Dupla";"Declive";"Não";2;0;1;0;0;1;1;2;-22,98236971;-45,46436617;"SPRF-SP";"DEL06-SP";"UOP01-DEL06-SP"
213506;2019-06-03;"segunda-feira";"07:30:00";"BA";324;518;"FEIRA DE SANTANA";"Falta de Atenção à Condução";"Colisão traseira";"Com Vítimas Feridas";"Pleno dia";"Decrescente";"Céu Claro";"Dupla";"Interseção de Vias";"Não";4;0;1;0;2;1;1;4;-12,27291509;-38,93520355;"SPRF-BA";"DEL02-BA";"UOP01-DEL02-BA"
213509;2019-06-03;"segunda-feira";"10:00:00";"BA";242;189;"ITABERABA";"Defeito Mecânico no Veículo";"Incêndio";"Com Vítimas Feridas";"Pleno dia";"Decrescente";"Céu Claro";"Simples";"Reta";"Não";2;0;0;1;0;2;1;3;-12,51960566;-39,94814306;"SPRF-BA";"DEL06-BA";"UOP02-DEL06-BA"
213511;2019-06-03;"segunda-feira";"19:30:00";"RJ";356;59,8;"ITAPERUNA";"Velocidade Incompatível";"Saída de leito carroçável";"Sem Vítimas";"Plena Noite";"Decrescente";"Chuva";"Simples";"Declive";"Não";1;0;0;0;1;0;0;1;-21,305648;-41,707895;"SPRF-RJ";"DEL08-RJ";"UOP03-DEL08-RJ"
213512;2019-06-04;"terça-feira";"07:40:00";"RS";116;525,5;"PELOTAS";"Falta de Atenção à Condução";"Colisão traseira";"Com Vítimas Feridas";"Amanhecer";"Decrescente";"Céu Claro";"Simples";"Interseção de Vias";"Sim";5;0;1;0;3;2;1;5;-31,7359522;-52,39349776;"SPRF-RS";"DEL07-RS";"UOP01-DEL07-RS"
213514;2019-06-04;"terça-feira";"07:20:00";"SP";153;115,6;"UBARANA";"Falta de Atenção à Condução";"Colisão lateral";"Com Vítimas Feridas";"Pleno dia";"Crescente";"Nevoeiro/Neblina";"Simples";"Reta";"Sim";3;0;1;0;1;1;1;3;-21,12936492;-49,69487819;"SPRF-SP";"DEL09-SP";"UOP01-DEL09-SP"
213524;2019-06-04;"terça-feira";"08:00:00";"BA";116;415;"FEIRA DE SANTANA";"Desobediência às normas de trânsito pelo condutor";"Colisão transversal";"Com Vítimas Feridas";"Pleno dia";"Decrescente";"Céu Claro";"Simples";"Reta";"Não";2;0;1;0;1;0;1;2;-12,168362;-38,964993;"SPRF-BA";"DEL02-BA";"UOP01-DEL02-BA"
213525;2019-06-04;"terça-feira";"05:30:00";"MT";163;65,5;"RONDONOPOLIS";"Falta de Atenção à Condução";"Tombamento";"Com Vítimas Feridas";"Amanhecer";"Decrescente";"Nevoeiro/Neblina";"Dupla";"Reta";"Não";2;0;1;0;0;2;1;3;-16,94492006;-54,73615182;"SPRF-MT";"DEL02-MT";"DEL2/2-UOP02/MT"
213530;2019-06-04;"terça-feira";"08:30:00";"RJ";116;288;"BARRA MANSA";"Pista Escorregadia";"Colisão com objeto estático";"Sem Vítimas";"Pleno dia";"Crescente";"Nublado";"Dupla";"Curva";"Não";4;0;0;0;4;0;0;4;-22,48686584;-44,25027602;"SPRF-RJ";"DEL07-RJ";"UOP02-DEL07-RJ"
213536;2019-06-04;"terça-feira";"09:00:00";"PE";101;46;"IGARASSU";"Ultrapassagem Indevida";"Colisão lateral";"Com Vítimas Feridas";"Pleno dia";"Decrescente";"Sol";"Múltipla";"Reta";"Sim";3;0;0;2;1;0;2;2;-7,87406004;-34,90588126;"SPRF-PE";"DEL01-PE";"UOP02-DEL01-PE"
213538;2019-05-23;"quinta-feira";"21:45:00";"MG";251;468,8;"FRANCISCO SA";"Defeito Mecânico no Veículo";"Incêndio";"Sem Vítimas";"Plena Noite";"Crescente";"Céu Claro";"Simples";"Reta";"Não";2;0;0;0;1;2;0;3;-16,48154143;-43,41101901;"SPRF-MG";"DEL12-MG";"UOP01-DEL12-MG"
213541;2019-06-04;"terça-feira";"06:52:00";"MT";174;290;"PONTES E LACERDA";"Desobediência às normas de trânsito pelo condutor";"Colisão transversal";"Sem Vítimas";"Pleno dia";"Crescente";"Céu Claro";"Simples";"Reta";"Sim";3;0;0;0;3;0;0;2;-15,21535504;-59,32007434;"SPRF-MT";"DEL04-MT";"UOP01-DEL04-MT"
213544;2019-06-04;"terça-feira";"08:30:00";"RJ";116;223;"PARACAMBI";"Defeito Mecânico no Veículo";"Colisão com objeto estático";"Com Vítimas Feridas";"Pleno dia";"Decrescente";"Céu Claro";"Simples";"Declive";"Não";1;0;1;0;0;0;1;1;-22,68972504;-43,801317;"SPRF-RJ";"DEL07-RJ";"UOP01-DEL07-RJ"
213545;2019-06-04;"terça-feira";"10:00:00";"MG";40;762,9;"JUIZ DE FORA";"Fenômenos da Natureza";"Saída de leito carroçável";"Com Vítimas Feridas";"Pleno dia";"Decrescente";"Chuva";"Simples";"Curva";"Não";2;0;1;0;1;0;1;2;-21,5460179;-43,50917993;"SPRF-MG";"DEL05-MG";"UOP01-DEL05-MG"
213551;2019-04-17;"quarta-feira";"10:30:00";"GO";70;427;"BOM JARDIM DE GOIAS";"Falta de Atenção à Condução";"Tombamento";"Com Vítimas Feridas";"Pleno dia";"Decrescente";"Ignorado";"Simples";"Reta";"Não";1;0;0;1;0;0;1;1;-15,887494;-51,886214;"SPRF-GO";"DEL04-GO";"UOP01-DEL04-GO"
213553;2019-06-04;"terça-feira";"11:00:00";"SP";116;199;"ARUJA";"Defeito Mecânico no Veículo";"Incêndio";"Sem Vítimas";"Pleno dia";"Crescente";"Nublado";"Dupla";"Aclive";"Sim";2;0;0;0;1;1;0;2;-23,39265978;-46,2844631;"SPRF-SP";"DEL01-SP";"UOP02-DEL01-SP"
213554;2019-06-04;"terça-feira";"11:30:00";"GO";452;187,7;"ITUMBIARA";"Falta de Atenção à Condução";"Colisão transversal";"Com Vítimas Feridas";"Pleno dia";"Crescente";"Sol";"Dupla";"Interseção de Vias";"Sim";2;0;0;1;1;0;1;2;-18,39880136;-49,30123965;"SPRF-GO";"DEL03-GO";"UOP02-DEL03-GO"
213556;2019-06-04;"terça-feira";"11:30:00";"PB";361;3,8;"PATOS";"Desobediência às normas de trânsito pelo condutor";"Colisão lateral";"Com Vítimas Feridas";"Pleno dia";"Crescente";"Céu Claro";"Simples";"Reta";"Sim";2;0;0;1;0;1;1;2;-7,02992098;-37,285079;"SPRF-PB";"DEL03-PB";"UOP01-DEL03-PB"
213558;2019-06-04;"terça-feira";"10:55:00";"PR";277;109;"CAMPO LARGO";"Falta de Atenção à Condução";"Colisão lateral";"Sem Vítimas";"Pleno dia";"Decrescente";"Céu Claro";"Dupla";"Reta";"Sim";3;0;0;0;2;2;0;4;-25,45492411;-49,36103728;"SPRF-PR";"DEL01-PR";"UOP06-DEL01-PR"
213560;2019-06-04;"terça-feira";"12:25:00";"RS";290;88;"PORTO ALEGRE";"Falta de Atenção à Condução";"Colisão traseira";"Com Vítimas Feridas";"Pleno dia";"Decrescente";"Céu Claro";"Múltipla";"Reta";"Não";2;0;1;0;1;0;1;2;-29,967531;-51,137264;"SPRF-RS";"DEL01-RS";"UOP01-DEL01-RS"
213562;2019-06-04;"terça-feira";"12:50:00";"SC";101;192;"BIGUACU";"Desobediência às normas de trânsito pelo condutor";"Tombamento";"Com Vítimas Feridas";"Pleno dia";"Decrescente";"Céu Claro";"Dupla";"Ponte";"Sim";2;0;1;0;1;0;1;2;-27,48443781;-48,64765238;"SPRF-SC";"DEL01-SC";"UOP01-DEL01-SC"
213565;2019-06-04;"terça-feira";"12:30:00";"SC";101;208;"SAO JOSE";"Não guardar distância de segurança";"Colisão traseira";"Sem Vítimas";"Pleno dia";"Decrescente";"Céu Claro";"Múltipla";"Reta";"Sim";2;0;0;0;2;0;0;2;-27,60327979;-48,63201818;"SPRF-SC";"DEL01-SC";"UOP01-DEL01-SC"
213566;2019-06-04;"terça-feira";"11:30:00";"BA";324;525;"FEIRA DE SANTANA";"Falta de Atenção à Condução";"Colisão lateral";"Sem Vítimas";"Pleno dia";"Decrescente";"Sol";"Dupla";"Reta";"Não";3;0;0;0;2;1;0;3;-12,30106981;-38,8977869;"SPRF-BA";"DEL01-BA";"UOP01-DEL01-BA"
213567;2019-06-04;"terça-feira";"12:20:00";"PR";376;673,8;"GUARATUBA";"Defeito Mecânico no Veículo";"Colisão traseira";"Com Vítimas Fatais";"Pleno dia";"Crescente";"Sol";"Múltipla";"Reta";"Não";8;1;3;1;1;2;4;5;-25,90092097;-48,92572096;"SPRF-PR";"DEL01-PR";"UOP04-DEL01-PR"
213569;2019-06-04;"terça-feira";"07:40:00";"SC";480;130,7;"CHAPECO";"Falta de Atenção à Condução";"Colisão transversal";"Sem Vítimas";"Pleno dia";"Crescente";"Céu Claro";"Simples";"Aclive";"Sim";2;0;0;0;2;0;0;2;-27,06371182;-52,63210773;"SPRF-SC";"DEL07-SC";"UOP01-DEL07-SC"
213571;2019-06-04;"terça-feira";"13:10:00";"SC";470;67;"INDAIAL";"Desobediência às normas de trânsito pelo condutor";"Colisão frontal";"Com Vítimas Feridas";"Pleno dia";"Decrescente";"Sol";"Simples";"Reta";"Não";4;0;2;0;2;0;2;3;-26,872158;-49,23127;"SPRF-SC";"DEL04-SC";"UOP01-DEL04-SC"
213575;2019-06-04;"terça-feira";"10:40:00";"BA";116;418,8;"FEIRA DE SANTANA";"Desobediência às normas de trânsito pelo condutor";"Colisão traseira";"Com Vítimas Feridas";"Pleno dia";"Crescente";"Céu Claro";"Dupla";"Reta";"Sim";2;0;1;0;1;0;1;2;-12,185808;-38,965225;"SPRF-BA";"DEL02-BA";"UOP01-DEL02-BA"
213577;2019-06-04;"terça-feira";"13:00:00";"CE";222;123,5;"ITAPAJE";"Falta de Atenção à Condução";"Colisão lateral";"Com Vítimas Feridas";"Pleno dia";"Decrescente";"Céu Claro";"Simples";"Reta";"Sim";4;0;0;2;1;3;2;5;-3,69455322;-39,58167619;"SPRF-CE";"DEL04-CE";"UOP03-DEL04-CE"
213583;2019-05-15;"quarta-feira";"18:15:00";"MG";116;525,1;"CARATINGA";"Desobediência às normas de trânsito pelo condutor";"Tombamento";"Com Vítimas Fatais";"Plena Noite";"Crescente";"Nublado";"Simples";"Reta";"Sim";3;1;0;0;1;2;0;4;-19,75813677;-42,13383621;"SPRF-MG";"DEL06-MG";"UOP02-DEL06-MG"
213588;2019-06-04;"terça-feira";"14:10:00";"RN";406;108,3;"JOAO CAMARA";"Não guardar distância de segurança";"Colisão traseira";"Sem Vítimas";"Pleno dia";"Decrescente";"Céu Claro";"Simples";"Reta";"Não";2;0;0;0;2;0;0;2;-5,55142129;-35,77105278;"SPRF-RN";"DEL02-RN";"UOP01-DEL02-RN"
213589;2019-06-04;"terça-feira";"14:30:00";"PR";376;600;"CURITIBA";"Desobediência às normas de trânsito pelo condutor";"Colisão lateral";"Com Vítimas Feridas";"Pleno dia";"Crescente";"Céu Claro";"Dupla";"Reta";"Não";3;0;1;0;1;2;1;4;-25,53195602;-49,32205901;"SPRF-PR";"DEL01-PR";"UOP06-DEL01-PR"
213591;2019-06-04;"terça-feira";"11:45:00";"SC";101;398,9;"MARACAJA";"Defeito Mecânico no Veículo";"Tombamento";"Com Vítimas Feridas";"Pleno dia";"Crescente";"Céu Claro";"Dupla";"Reta";"Sim";1;0;1;0;0;0;1;1;-28,836033;-49,420303;"SPRF-SC";"DEL02-SC";"UOP02-DEL02-SC"
213594;2019-06-04;"terça-feira";"11:50:00";"SC";101;398,8;"MARACAJA";"Falta de Atenção à Condução";"Colisão traseira";"Com Vítimas Feridas";"Pleno dia";"Crescente";"Céu Claro";"Dupla";"Reta";"Não";2;0;0;1;1;0;1;2;-28,836033;-49,420303;"SPRF-SC";"DEL02-SC";"UOP02-DEL02-SC"
213595;2019-06-04;"terça-feira";"15:30:00";"CE";116;425,2;"IPAUMIRIM";"Velocidade Incompatível";"Tombamento";"Sem Vítimas";"Pleno dia";"Decrescente";"Céu Claro";"Simples";"Rotatória";"Não";1;0;0;0;0;1;0;1;-6,84394192;-38,73779297;"SPRF-CE";"DEL05-CE";"UOP03-DEL05-CE"
213598;2019-06-04;"terça-feira";"15:00:00";"PI";343;346,3;"TERESINA";"Carga excessiva e/ou mal acondicionada";"Tombamento";"Com Vítimas Feridas";"Pleno dia";"Decrescente";"Sol";"Dupla";"Rotatória";"Sim";1;0;1;0;0;0;1;1;-5,110751;-42,770531;"SPRF-PI";"DEL01-PI";"UOP01-DEL01-PI"
213600;2019-06-04;"terça-feira";"10:30:00";"GO";60;425;"RIO VERDE";"Ingestão de Álcool";"Colisão transversal";"Sem Vítimas";"Pleno dia";"Decrescente";"Céu Claro";"Dupla";"Reta";"Não";3;0;0;0;2;4;0;6;-17,8145;-51,2842;"SPRF-GO";"DEL04-GO";"UOP01-DEL04-GO"
213601;2019-06-04;"terça-feira";"14:30:00";"MS";163;776,9;"COXIM";"Defeito Mecânico no Veículo";"Danos eventuais";"Com Vítimas Feridas";"Pleno dia";"Decrescente";"Céu Claro";"Dupla";"Declive";"Não";2;0;1;0;0;2;1;3;-18,13078309;-54,69813415;"SPRF-MS";"DEL06-MS";"UOP01-DEL06-MS"
213603;2019-06-04;"terça-feira";"16:10:00";"MG";354;709;"CAXAMBU";"Velocidade Incompatível";"Tombamento";"Sem Vítimas";"Pleno dia";"Crescente";"Sol";"Simples";"Aclive;Curva";"Não";2;0;0;0;1;1;0;2;-22,0423675;-44,92800951;"SPRF-MG";"DEL05-MG";"UOP01-DEL17-MG"
213605;2019-06-04;"terça-feira";"15:55:00";"PR";153;140;"VENTANIA";"Defeito Mecânico no Veículo";"Colisão traseira";"Com Vítimas Feridas";"Pleno dia";"Decrescente";"Céu Claro";"Simples";"Declive;Curva";"Não";4;0;1;0;2;1;1;4;-24,07981117;-50,24907123;"SPRF-PR";"DEL07-PR";"UOP04-DEL07-PR"
213608;2019-06-04;"terça-feira";"16:45:00";"PR";116;73;"QUATRO BARRAS";"Falta de Atenção à Condução";"Colisão traseira";"Com Vítimas Feridas";"Pleno dia";"Decrescente";"Céu Claro";"Dupla";"Curva;Em Obras";"Não";4;0;1;0;2;2;1;4;-25,35839801;-49,04074819;"SPRF-PR";"DEL01-PR";"UOP01-DEL01-PR"
213613;2019-06-04;"terça-feira";"17:00:00";"PR";487;162,5;"CAMBE";"Falta de Atenção à Condução";"Colisão traseira";"Com Vítimas Feridas";"Pleno dia";"Crescente";"Céu Claro";"Dupla";"Interseção de Vias";"Sim";16;0;4;0;12;0;4;2;-23,29677384;-51,27631182;"SPRF-PR";"DEL04-PR";"UOP03-DEL09-PR"
213615;2019-06-04;"terça-feira";"17:45:00";"RS";392;622,9;"SANTO ANGELO";"Animais na Pista";"Atropelamento de Animal";"Sem Vítimas";"Anoitecer";"Crescente";"Céu Claro";"Simples";"Reta";"Não";1;0;0;0;1;0;0;1;-28,18032827;-54,37440096;"SPRF-RS";"DEL10-RS";"UOP01-DEL10-RS"
213616;2019-06-04;"terça-feira";"18:00:00";"SC";470;175;"POUSO REDONDO";"Desobediência às normas de trânsito pelo condutor";"Colisão transversal";"Com Vítimas Feridas";"Anoitecer";"Crescente";"Céu Claro";"Simples";"Interseção de Vias";"Sim";4;0;2;0;1;1;2;3;-27,25617;-49,938969;"SPRF-SC";"DEL04-SC";"UOP02-DEL04-SC"
213618;2019-06-04;"terça-feira";"17:30:00";"MG";40;608;"CONGONHAS";"Falta de Atenção à Condução";"Colisão traseira";"Com Vítimas Feridas";"Anoitecer";"Crescente";"Céu Claro";"Simples";"Curva";"Não";4;0;1;0;2;1;1;3;-20,48427186;-43,83895771;"SPRF-MG";"DEL05-MG";"UOP02-DEL05-MG"
213628;2019-06-04;"terça-feira";"18:05:00";"RS";116;231,2;"IVOTI";"Falta de Atenção à Condução";"Tombamento";"Com Vítimas Fatais";"Plena Noite";"Crescente";"Céu Claro";"Simples";"Declive;Curva";"Não";4;1;1;0;2;0;1;3;-29,62743221;-51,13858608;"SPRF-RS";"DEL01-RS";"UOP02-DEL01-RS"
213629;2019-06-04;"terça-feira";"18:45:00";"MG";116;84,6;"MEDINA";"Falta de Atenção à Condução";"Colisão traseira";"Com Vítimas Fatais";"Plena Noite";"Crescente";"Céu Claro";"Simples";"Reta";"Não";7;1;4;1;0;2;5;4;-16,30408709;-41,46990681;"SPRF-MG";"DEL11-MG";"UOP02-DEL11-MG"
213630;2019-06-04;"terça-feira";"18:45:00";"GO";20;13,8;"FORMOSA";"Ultrapassagem Indevida";"Colisão frontal";"Com Vítimas Fatais";"Plena Noite";"Crescente";"Céu Claro";"Simples";"Reta";"Não";4;1;0;0;2;1;0;3;-15,569321;-47,240578;"SPRF-DF";"DEL02-DF";"UOP01-DEL02-DF"
213633;2019-05-27;"segunda-feira";"10:55:00";"PR";376;667;"GUARATUBA";"Defeito Mecânico no Veículo";"Colisão traseira";"Com Vítimas Fatais";"Pleno dia";"Crescente";"Céu Claro";"Múltipla";"Curva;Declive";"Não";4;1;0;0;1;3;0;5;-25,86649659;-48,94666822;"SPRF-PR";"DEL01-PR";"UOP04-DEL01-PR"
213643;2019-06-04;"terça-feira";"19:40:00";"MG";50;119,1;"UBERABA";"Desobediência às normas de trânsito pelo condutor";"Colisão transversal";"Com Vítimas Feridas";"Plena Noite";"Decrescente";"Nublado";"Dupla";"Reta";"Não";3;0;1;0;1;2;1;4;-19,27451393;-48,12473983;"SPRF-MG";"DEL13-MG";"UOP01-DEL13-MG"
213651;2019-06-04;"terça-feira";"21:00:00";"GO";50;99;"CRISTALINA";"Ingestão de Álcool";"Colisão transversal";"Com Vítimas Feridas";"Plena Noite";"Crescente";"Céu Claro";"Simples";"Reta";"Sim";4;0;2;0;1;1;2;3;-16,77605089;-47,62442443;"SPRF-DF";"DEL01-DF";"UOP02-DEL01-DF"
213652;2019-06-04;"terça-feira";"20:35:00";"PR";376;345,4;"ORTIGUEIRA";"Defeito Mecânico no Veículo";"Colisão traseira";"Sem Vítimas";"Plena Noite";"Crescente";"Céu Claro";"Simples";"Curva";"Não";2;0;0;0;2;0;0;2;-24,17234635;-50,9670648;"SPRF-PR";"DEL07-PR";"UOP02-DEL07-PR"
213654;2019-06-04;"terça-feira";"07:50:00";"SC";480;130,7;"CHAPECO";"Falta de Atenção do Pedestre";"Atropelamento de Pedestre";"Com Vítimas Fatais";"Pleno dia";"Crescente";"Sol";"Dupla";"Reta";"Sim";3;1;0;1;1;0;1;3;-27,05534298;-52,63652069;"SPRF-SC";"DEL07-SC";"UOP01-DEL07-SC"
213666;2019-06-04;"terça-feira";"16:40:00";"MA";135;5;"SAO LUIS";"Pista Escorregadia";"Colisão com objeto em movimento";"Com Vítimas Feridas";"Pleno dia";"Decrescente";"Chuva";"Dupla";"Reta";"Sim";2;0;1;0;0;1;1;2;-2,62145385;-44,25797421;"SPRF-MA";"DEL01-MA";"UOP01-DEL01-MA"
213667;2019-06-04;"terça-feira";"20:45:00";"GO";70;184,4;"ITABERAI";"Ingestão de álcool e/ou substâncias psicoativas pelo pedestre";"Colisão frontal";"Com Vítimas Feridas";"Pleno dia";"Decrescente";"Céu Claro";"Simples";"Reta";"Não";4;0;0;1;1;3;1;5;-15,99482612;-49,73550095;"SPRF-GO";"DEL02-GO";"UOP02-DEL02-GO"
213668;2019-06-04;"terça-feira";"16:40:00";"PR";277;483,1;"NOVA LARANJEIRAS";"Velocidade Incompatível";"Tombamento";"Com Vítimas Feridas";"Pleno dia";"Crescente";"Céu Claro";"Simples";"Curva";"Não";2;0;1;0;0;1;1;2;-25,264086;-52,6241425;"SPRF-PR";"DEL04-PR";"UOP02-DEL04-PR"
213673;2019-06-04;"terça-feira";"18:30:00";"MT";174;287,3;"PONTES E LACERDA";"Defeito Mecânico no Veículo";"Colisão traseira";"Com Vítimas Fatais";"Plena Noite";"Crescente";"Céu Claro";"Simples";"Reta";"Não";3;1;0;0;1;1;0;3;-15,24297301;-59,31386001;"SPRF-MT";"DEL04-MT";"UOP01-DEL04-MT"
213679;2019-06-04;"terça-feira";"23:50:00";"PI";343;8,6;"PARNAIBA";"Ingestão de Álcool";"Colisão com objeto estático";"Sem Vítimas";"Plena Noite";"Decrescente";"Céu Claro";"Simples";"Reta";"Sim";1;0;0;0;1;0;0;1;-2,899382;-41,723724;"SPRF-PI";"DEL05-PI";"UOP01-DEL05-PI"
213681;2019-06-04;"terça-feira";"23:40:00";"GO";153;179;"CAMPINORTE";"Condutor Dormindo";"Colisão traseira";"Sem Vítimas";"Plena Noite";"Decrescente";"Céu Claro";"Simples";"Reta";"Não";3;0;0;0;2;1;0;3;-14,335745;-49,154831;"SPRF-GO";"DEL07-GO";"UOP02-DEL07-GO"
213682;2019-06-04;"terça-feira";"22:55:00";"PR";116;28;"CAMPINA GRANDE DO SUL";"Velocidade Incompatível";"Tombamento";"Com Vítimas Feridas";"Plena Noite";"Decrescente";"Céu Claro";"Dupla";"Curva";"Não";2;0;1;0;0;1;1;2;-25,10670298;-48,80405799;"SPRF-PR";"DEL01-PR";"UOP02-DEL01-PR"
213685;2019-06-05;"quarta-feira";"01:00:00";"PR";277;59;"SAO JOSE DOS PINHAIS";"Condutor Dormindo";"Colisão com objeto estático";"Com Vítimas Feridas";"Plena Noite";"Crescente";"Nublado";"Dupla";"Reta";"Não";1;0;1;0;0;0;1;1;-25,57488091;-48,980886;"SPRF-PR";"DEL01-PR";"UOP07-DEL01-PR"
213686;2019-06-05;"quarta-feira";"03:30:00";"SC";101;11,3;"GARUVA";"Falta de Atenção do Pedestre";"Atropelamento de Pedestre";"Com Vítimas Feridas";"Plena Noite";"Decrescente";"Nublado";"Dupla";"Reta";"Não";3;0;0;1;1;1;1;3;-26,07202503;-48,86100853;"SPRF-SC";"DEL03-SC";"UOP01-DEL03-SC"
213687;2019-06-05;"quarta-feira";"03:25:00";"MS";158;93;"PARANAIBA";"Ingestão de Álcool";"Colisão transversal";"Com Vítimas Feridas";"Plena Noite";"Decrescente";"Céu Claro";"Dupla";"Reta";"Sim";2;0;1;0;1;0;1;2;-19,67487732;-51,20365103;"SPRF-MS";"DEL08-MS";"UOP01-DEL08-MS"
213693;2019-06-05;"quarta-feira";"06:00:00";"RO";364;274;"CACOAL";"Restrição de Visibilidade";"Saída de leito carroçável";"Com Vítimas Feridas";"Pleno dia";"Crescente";"Céu Claro";"Simples";"Declive";"Não";3;0;1;0;1;2;1;4;-11,38661395;-61,75015601;"SPRF-RO";"DEL02-RO";"UOP02-DEL02-RO"
213695;2019-06-05;"quarta-feira";"08:40:00";"RJ";101;205;"CASIMIRO DE ABREU";"Falta de Atenção à Condução";"Colisão lateral";"Com Vítimas Feridas";"Pleno dia";"Decrescente";"Céu Claro";"Simples";"Reta";"Sim";3;0;0;1;2;0;1;2;-22,475714;-42,19184;"SPRF-RJ";"DEL02-RJ";"UOP04-DEL08-RJ"
213697;2019-06-05;"quarta-feira";"08:30:00";"MG";262;62,8;"MATIPO";"Velocidade Incompatível";"Tombamento";"Com Vítimas Feridas";"Pleno dia";"Crescente";"Céu Claro";"Simples";"Curva";"Não";2;0;1;0;0;1;1;2;-20,29261013;-42,22680397;"SPRF-MG";"DEL06-MG";"UOP03-DEL06-MG"
213698;2019-06-05;"quarta-feira";"07:00:00";"MG";116;771,6;"LEOPOLDINA";"Velocidade Incompatível";"Saída de leito carroçável";"Com Vítimas Feridas";"Pleno dia";"Decrescente";"Sol";"Simples";"Curva";"Não";2;0;1;0;1;0;1;1;-21,55638202;-42,67583002;"SPRF-MG";"DEL07-MG";"UOP01-DEL07-MG"
213702;2019-06-05;"quarta-feira";"06:00:00";"MG";365;5,5;"MONTES CLAROS";"Velocidade Incompatível";"Capotamento";"Com Vítimas Feridas";"Amanhecer";"Decrescente";"Céu Claro";"Simples";"Curva;Declive";"Não";1;0;1;0;0;0;1;1;-16,74574399;-43,88392402;"SPRF-MG";"DEL12-MG";"UOP01-DEL12-MG"
213707;2019-06-05;"quarta-feira";"07:10:00";"RS";116;257,9;"ESTEIO";"Falta de Atenção à Condução";"Colisão traseira";"Com Vítimas Feridas";"Amanhecer";"Crescente";"Céu Claro";"Simples";"Interseção de Vias";"Sim";2;0;0;1;1;0;1;2;-29,85262195;-51,17968329;"SPRF-RS";"DEL01-RS";"UOP02-DEL01-RS"
213710;2019-06-05;"quarta-feira";"07:30:00";"SP";116;404;"MIRACATU";"Falta de Atenção à Condução";"Saída de leito carroçável";"Sem Vítimas";"Pleno dia";"Decrescente";"Garoa/Chuvisco";"Dupla";"Reta";"Não";1;0;0;0;1;0;0;1;-24,32141494;-47,53653401;"SPRF-SP";"DEL04-SP";"UOP02-DEL04-SP"
213712;2019-05-25;"sábado";"06:10:00";"PE";423;88,2;"SAO JOAO";"Não guardar distância de segurança";"Colisão traseira";"Com Vítimas Fatais";"Amanhecer";"Crescente";"Céu Claro";"Simples";"Reta";"Não";6;3;0;0;1;2;0;4;-8,83119;-36,45311;"SPRF-PE";"DEL03-PE";"UOP01-DEL03-PE"
213719;2019-06-05;"quarta-feira";"09:10:00";"SC";101;337;"TUBARAO";"Falta de Atenção à Condução";"Colisão lateral";"Com Vítimas Feridas";"Pleno dia";"Crescente";"Céu Claro";"Dupla";"Reta;Túnel";"Não";5;0;2;0;2;1;2;3;-28,48860871;-49,03903127;"SPRF-SC";"DEL02-SC";"UOP01-DEL02-SC"
213721;2019-06-05;"quarta-feira";"10:30:00";"SC";470;36;"GASPAR";"Velocidade Incompatível";"Colisão lateral";"Com Vítimas Feridas";"Pleno dia";"Crescente";"Nublado";"Simples";"Desvio Temporário";"Sim";5;0;0;1;3;2;1;6;-26,914196;-48,968948;"SPRF-SC";"DEL04-SC";"UOP01-DEL04-SC"
213724;2019-06-05;"quarta-feira";"11:00:00";"MG";365;735;"ITUIUTABA";"Defeito Mecânico no Veículo";"Colisão traseira";"Sem Vítimas";"Pleno dia";"Decrescente";"Céu Claro";"Simples";"Declive";"Não";3;0;0;0;2;3;0;5;-18,90585964;-49,32623604;"SPRF-MG";"DEL15-MG";"UOP03-DEL15-MG"
213725;2019-06-05;"quarta-feira";"10:10:00";"RJ";101;33;"CAMPOS DOS GOYTACAZES";"Falta de Atenção à Condução";"Danos eventuais";"Com Vítimas Feridas";"Pleno dia";"Crescente";"Céu Claro";"Simples";"Curva";"Não";1;0;1;0;0;0;1;1;-21,4475786;-41,3431726;"SPRF-RJ";"DEL08-RJ";"UOP01-DEL08-RJ"
213726;2019-06-05;"quarta-feira";"10:50:00";"RJ";116;253,5;"PIRAI";"Falta de Atenção à Condução";"Colisão traseira";"Com Vítimas Feridas";"Pleno dia";"Decrescente";"Sol";"Dupla";"Reta";"Sim";4;0;1;0;2;1;1;4;-22,58099934;-43,97818317;"SPRF-RJ";"DEL07-RJ";"UOP02-DEL07-RJ"