"id";"data_inversa";"dia_semana";"horario";"uf";"br";"km";"municipio";"causa_acidente";"tipo_acidente";"classificacao_acidente";"fase_dia";"sentido_via";"condicao_metereologica";"tipo_pista";"tracado_via";"uso_solo";"pessoas";"mortos";"feridos_leves";"feridos_graves";"ilesos";"ignorados";"feridos";"veiculos";"latitude";"longitude";"regional";"delegacia";"uop"
214564;2019-06-09;"domingo";"09:00:00";"PR";476;232,2;"LAPA";"Desobediência às normas de trânsito pelo condutor";"Colisão lateral";"Com Vítimas Feridas";"Pleno dia";"Crescente";"Céu Claro";"Simples";"Reta;Aclive";"Não";3;0;0;1;1;1;1;3;-25,883068;-49,998787;"SPRF-PR";"DEL02-PR";"UOP04-DEL02-PR"
214565;2019-06-09;"domingo";"06:15:00";"MG";262;8,2;"MARTINS SOARES";"Restrição de Visibilidade";"Colisão traseira";"Com Vítimas Feridas";"Amanhecer";"Decrescente";"Nevoeiro/Neblina";"Simples";"Reta";"Não";3;0;1;0;1;1;1;3;-20,25369605;-41,82611703;"SPRF-MG";"DEL06-MG";"UOP03-DEL06-MG"
214575;2019-06-09;"domingo";"09:00:00";"PR";163;32,5;"SANTO ANTONIO DO SUDOESTE";"Desobediência às normas de trânsito pelo condutor";"Saída de leito carroçável";"Com Vítimas Feridas";"Pleno dia";"Decrescente";"Nublado";"Simples";"Aclive;Reta";"Não";5;0;4;0;0;1;4;3;-26,085863;-53,715819;"SPRF-PR";"DEL02-PR";"UOP02-DEL02-PR"
214590;2019-06-09;"domingo";"11:45:00";"MG";381;533;"ITATIAIUCU";"Desobediência às normas de trânsito pelo condutor";"Queda de ocupante de veículo";"Com Vítimas Feridas";"Pleno dia";"Crescente";"Sol";"Simples";"Curva";"Não";2;0;1;0;1;0;1;1;-20,19896036;-44,38641307;"SPRF-MG";"DEL04-MG";"UOP03-DEL04-MG"
214591;2019-06-09;"domingo";"13:25:00";"PI";343;344,6;"TERESINA";"Falta de Atenção à Condução";"Colisão transversal";"Com Vítimas Fatais";"Pleno dia";"Decrescente";"Sol";"Simples";"Reta";"Sim";3;1;0;0;1;1;0;3;-5,09945058;-42,76495814;"SPRF-PI";"DEL01-PI";"UOP01-DEL01-PI"
214596;2019-06-09;"domingo";"14:00:00";"BA";101;696,7;"EUNAPOLIS";"Ultrapassagem Indevida";"Colisão lateral";"Com Vítimas Feridas";"Pleno dia";"Crescente";"Céu Claro";"Simples";"Declive";"Não";3;0;2;0;0;1;2;2;-16,38434705;-39,58531391;"SPRF-BA";"DEL09-BA";"UOP01-DEL09-BA"
214599;2019-06-09;"domingo";"10:20:00";"SC";282;642,3;"SAO MIGUEL DO OESTE";"Velocidade Incompatível";"Colisão frontal";"Sem Vítimas";"Pleno dia";"Decrescente";"Nublado";"Simples";"Curva";"Não";8;0;0;0;7;2;0;5;-26,76854759;-53,46606284;"SPRF-SC";"DEL07-SC";"UOP03-DEL07-SC"
214603;2019-06-09;"domingo";"11:27:00";"MG";262;900;"CAMPO FLORIDO";"Velocidade Incompatível";"Tombamento";"Com Vítimas Feridas";"Pleno dia";"Crescente";"Céu Claro";"Dupla";"Curva";"Não";2;0;1;0;0;1;1;2;-19,69913799;-48,76355952;"SPRF-MG";"DEL13-MG";"UOP02-DEL13-MG"
214621;2019-06-09;"domingo";"15:30:00";"CE";116;151,6;"RUSSAS";"Defeito na Via";"Colisão traseira";"Com Vítimas Feridas";"Pleno dia";"Crescente";"Céu Claro";"Dupla";"Reta";"Não";5;0;2;0;2;1;2;2;-4,84542142;-38,04195641;"SPRF-CE";"DEL03-CE";"UOP01-DEL03-CE"
214623;2019-06-09;"domingo";"16:30:00";"ES";101;314;"VILA VELHA";"Não guardar distância de segurança";"Colisão traseira";"Com Vítimas Feridas";"Pleno dia";"Crescente";"Nublado";"Simples";"Reta;Aclive";"Não";6;0;3;0;2;1;3;5;-20,461157;-40,46533;"SPRF-ES";"DEL03-ES";"UOP01-DEL03-ES"
214641;2019-06-09;"domingo";"18:00:00";"RN";101;85,9;"SAO GONCALO DO AMARANTE";"Falta de Atenção à Condução";"Engavetamento";"Sem Vítimas";"Plena Noite";"Crescente";"Nublado";"Dupla";"Ponte";"Sim";7;0;0;0;7;0;0;3;-5,777664;-35,24937;"SPRF-RN";"DEL02-RN";"UOP01-DEL02-RN"
214653;2019-06-09;"domingo";"18:10:00";"PR";277;345,9;"GUARAPUAVA";"Falta de Atenção à Condução";"Colisão transversal";"Com Vítimas Feridas";"Anoitecer";"Decrescente";"Céu Claro";"Simples";"Interseção de Vias";"Sim";4;0;1;2;1;0;3;2;-25,36743046;-51,49353147;"SPRF-PR";"DEL03-PR";"UOP01-DEL08-PR"
214657;2019-06-09;"domingo";"12:00:00";"PI";135;388;"BOM JESUS";"Defeito na Via";"Tombamento";"Com Vítimas Feridas";"Pleno dia";"Decrescente";"Céu Claro";"Simples";"Reta";"Não";1;0;1;0;0;0;1;1;-9,33351203;-44,52121394;"SPRF-PI";"DEL03-PI";"UOP02-DEL03-PI"
214662;2019-06-09;"domingo";"17:30:00";"RN";304;223;"CAICARA DO RIO DO VENTO";"Ultrapassagem Indevida";"Tombamento";"Com Vítimas Feridas";"Plena Noite";"Crescente";"Céu Claro";"Simples";"Aclive";"Não";1;0;1;0;0;0;1;1;-5,75658931;-35,96484091;"SPRF-RN";"DEL01-RN";"UOP03-DEL01-RN"
214672;2019-06-09;"domingo";"18:55:00";"RS";285;296;"PASSO FUNDO";"Falta de Atenção à Condução";"Colisão lateral";"Sem Vítimas";"Plena Noite";"Decrescente";"Nublado";"Simples";"Reta";"Sim";3;0;0;0;3;0;0;3;-28,23238;-52,4039;"SPRF-RS";"DEL08-RS";"UOP03-DEL08-RS"
214673;2019-06-09;"domingo";"19:40:00";"CE";20;95,9;"TAUA";"Falta de Atenção à Condução";"Colisão frontal";"Com Vítimas Fatais";"Plena Noite";"Crescente";"Céu Claro";"Simples";"Reta";"Não";4;2;0;0;1;2;0;4;-5,92373862;-40,22018055;"SPRF-CE";"DEL02-CE";"UOP02-DEL02-CE"
214696;2019-06-09;"domingo";"21:00:00";"GO";153;367,3;"JARAGUA";"Ingestão de Álcool";"Colisão frontal";"Com Vítimas Fatais";"Plena Noite";"Decrescente";"Céu Claro";"Simples";"Reta";"Não";5;1;2;0;0;3;2;6;-15,807127;-49,296074;"SPRF-GO";"DEL02-GO";"UOP02-DEL02-GO"
214697;2019-06-09;"domingo";"17:55:00";"SC";282;519,8;"XAXIM";"Velocidade Incompatível";"Colisão traseira";"Com Vítimas Feridas";"Plena Noite";"Crescente";"Céu Claro";"Simples";"Reta";"Não";5;0;2;0;2;1;2;3;-26,947527;-52,517536;"SPRF-SC";"DEL07-SC";"UOP01-DEL07-SC"
214703;2019-06-09;"domingo";"20:55:00";"RS";386;374,5;"TAQUARI";"Mal Súbito";"Saída de leito carroçável";"Com Vítimas Feridas";"Plena Noite";"Crescente";"Nevoeiro/Neblina";"Dupla";"Reta";"Não";1;0;1;0;0;0;1;1;-29,615551;-51,796562;"SPRF-RS";"DEL04-RS";"UOP02-DEL04-RS"
214716;2019-06-09;"domingo";"20:30:00";"PR";116;126;"FAZENDA RIO GRANDE";"Falta de Atenção à Condução";"Atropelamento de Pedestre";"Com Vítimas Feridas";"Plena Noite";"Decrescente";"Nublado";"Dupla";"Reta";"Não";4;0;1;1;2;0;2;3;-25,60389895;-49,31824423;"SPRF-PR";"DEL01-PR";"UOP03-DEL01-PR"
214721;2019-06-09;"domingo";"20:00:00";"RS";158;188,7;"CRUZ ALTA";"Ingestão de Álcool";"Colisão traseira";"Com Vítimas Feridas";"Plena Noite";"Crescente";"Nublado";"Simples";"Reta";"Não";3;0;0;1;1;2;1;4;-28,587364;-53,56960898;"SPRF-RS";"DEL10-RS";"UOP02-DEL10-RS"
214732;2019-06-09;"domingo";"23:45:00";"PB";230;93,4;"GURINHEM";"Defeito Mecânico no Veículo";"Incêndio";"Sem Vítimas";"Plena Noite";"Decrescente";"Céu Claro";"Dupla";"Reta";"Não";2;0;0;0;1;1;0;2;-7,1777;-35,4181;"SPRF-PB";"DEL01-PB";"UOP03-DEL01-PB"
214734;2019-06-09;"domingo";"23:20:00";"SE";235;92,4;"FREI PAULO";"Falta de Atenção à Condução";"Colisão frontal";"Com Vítimas Fatais";"Plena Noite";"Crescente";"Chuva";"Simples";"Reta";"Não";2;1;0;0;1;0;0;2;-10,487271;-37,657276;"SPRF-SE";"DEL01-SE";"UOP02-DEL01-SE"
214744;2019-06-09;"domingo";"19:30:00";"PR";153;135;"VENTANIA";"Velocidade Incompatível";"Saída de leito carroçável";"Sem Vítimas";"Plena Noite";"Crescente";"Céu Claro";"Simples";"Curva";"Não";2;0;0;0;1;2;0;3;-24,042482;-50,250282;"SPRF-PR";"DEL07-PR";"UOP04-DEL07-PR"
214752;2019-06-10;"segunda-feira";"01:00:00";"RS";386;174;"CARAZINHO";"Condutor Dormindo";"Colisão frontal";"Com Vítimas Feridas";"Plena Noite";"Decrescente";"Céu Claro";"Simples";"Reta";"Não";2;0;1;0;1;0;1;2;-28,263548;-52,786312;"SPRF-RS";"DEL08-RS";"UOP01-DEL08-RS"
214762;2019-06-10;"segunda-feira";"02:20:00";"CE";222;253,1;"SOBRAL";"Defeito na Via";"Tombamento";"Com Vítimas Feridas";"Plena Noite";"Decrescente";"Céu Claro";"Simples";"Reta";"Não";2;0;1;0;0;1;1;2;-3,75413988;-40,58599699;"SPRF-CE";"DEL04-CE";"UOP02-DEL04-CE"
214763;2019-06-09;"domingo";"21:00:00";"AL";423;99;"DELMIRO GOUVEIA";"Ingestão de Álcool";"Colisão traseira";"Com Vítimas Feridas";"Plena Noite";"Decrescente";"Garoa/Chuvisco";"Simples";"Reta";"Não";6;0;3;2;1;0;5;3;-9,38724153;-38,14889982;"SPRF-BA";"DEL07-BA";"UOP01-DEL07-BA"
214765;2019-06-10;"segunda-feira";"02:45:00";"BA";242;735;"BARREIRAS";"Desobediência às normas de trânsito pelo condutor";"Colisão com objeto estático";"Com Vítimas Fatais";"Plena Noite";"Decrescente";"Céu Claro";"Simples";"Reta";"Não";3;1;0;0;2;0;0;2;-12,099597;-45,354957;"SPRF-BA";"DEL10-BA";"UOP01-DEL10-BA"
214768;2019-06-10;"segunda-feira";"05:20:00";"SP";116;199,2;"ARUJA";"Restrição de Visibilidade";"Colisão traseira";"Com Vítimas Fatais";"Plena Noite";"Crescente";"Nevoeiro/Neblina";"Dupla";"Reta;Aclive";"Sim";4;1;0;1;2;0;1;2;-23,40163258;-46,31153584;"SPRF-SP";"DEL01-SP";"UOP02-DEL01-SP"
214770;2019-06-10;"segunda-feira";"06:00:00";"PR";369;150,8;"LONDRINA";"Sinalização da via insuficiente ou inadequada";"Colisão com objeto estático";"Com Vítimas Fatais";"Plena Noite";"Decrescente";"Céu Claro";"Dupla";"Reta";"Sim";3;1;0;0;1;1;0;3;-23,29281345;-51,16862208;"SPRF-PR";"DEL07-PR";"UOP01-DEL07-PR"
214772;2019-06-10;"segunda-feira";"06:10:00";"GO";153;547,5;"PIRACANJUBA";"Falta de Atenção à Condução";"Colisão traseira";"Com Vítimas Feridas";"Amanhecer";"Decrescente";"Céu Claro";"Dupla";"Reta;Aclive";"Não";5;0;1;3;1;0;4;2;-17,1147;-49,2132;"SPRF-GO";"DEL01-GO";"UOP03-DEL01-GO"
214775;2019-06-10;"segunda-feira";"06:30:00";"SC";470;79,7;"RODEIO";"Ultrapassagem Indevida";"Colisão lateral";"Com Vítimas Fatais";"Amanhecer";"Crescente";"Nublado";"Simples";"Reta";"Não";4;1;0;0;2;1;0;4;-26,951565;-49,306534;"SPRF-SC";"DEL04-SC";"UOP01-DEL04-SC"
214778;2019-06-10;"segunda-feira";"06:40:00";"SP";116;67,4;"APARECIDA";"Falta de Atenção à Condução";"Colisão com objeto estático";"Com Vítimas Feridas";"Amanhecer";"Decrescente";"Céu Claro";"Dupla";"Reta";"Sim";2;0;1;0;1;0;1;1;-22,82867578;-45,2088941;"SPRF-SP";"DEL08-SP";"UOP01-DEL08-SP"
214784;2019-06-09;"domingo";"20:10:00";"SC";282;561,3;"NOVA ERECHIM";"Ingestão de Álcool";"Tombamento";"Com Vítimas Feridas";"Plena Noite";"Decrescente";"Céu Claro";"Simples";"Ponte;Curva;Declive";"Não";1;0;1;0;0;0;1;1;-26,919464;-52,861614;"SPRF-SC";"DEL07-SC";"UOP02-DEL07-SC"
214788;2019-06-10;"segunda-feira";"07:55:00";"CE";116;17;"EUSEBIO";"Desobediência às normas de trânsito pelo condutor";"Colisão traseira";"Com Vítimas Feridas";"Pleno dia";"Decrescente";"Céu Claro";"Dupla";"Aclive";"Sim";4;0;1;1;2;0;2;3;-3,89617918;-38,50336042;"SPRF-CE";"DEL01-CE";"UOP02-DEL01-CE"
214790;2019-06-10;"segunda-feira";"06:50:00";"MG";381;934;"EXTREMA";"Falta de Atenção à Condução";"Colisão lateral";"Sem Vítimas";"Pleno dia";"Decrescente";"Céu Claro";"Dupla";"Curva";"Não";2;0;0;0;2;0;0;2;-22,82007572;-46,29934031;"SPRF-MG";"DEL16-MG";"UOP03-DEL16-MG"
214799;2019-06-10;"segunda-feira";"08:40:00";"BA";324;0,7;"FEIRA DE SANTANA";"Falta de Atenção à Condução";"Colisão lateral";"Com Vítimas Feridas";"Pleno dia";"Decrescente";"Garoa/Chuvisco";"Múltipla";"Reta";"Sim";2;0;1;0;1;0;1;2;-12,27861813;-38,94069672;"SPRF-BA";"DEL02-BA";"UOP01-DEL02-BA"
214802;2019-06-10;"segunda-feira";"00:30:00";"SP";116;135,7;"SAO JOSE DOS CAMPOS";"Falta de Atenção à Condução";"Colisão traseira";"Sem Vítimas";"Plena Noite";"Crescente";"Céu Claro";"Dupla";"Reta";"Sim";3;0;0;0;2;1;0;3;-23,144484;-45,77018;"SPRF-SP";"DEL06-SP";"UOP02-DEL02-SP"
214803;2019-06-01;"sábado";"07:40:00";"MS";163;479,2;"CAMPO GRANDE";"Falta de Atenção à Condução";"Colisão transversal";"Com Vítimas Feridas";"Pleno dia";"Crescente";"Sol";"Simples";"Reta";"Sim";3;0;0;1;2;0;1;3;-20,487322;-54,55929095;"SPRF-MS";"DEL01-MS";"UOP01-DEL01-MS"
214804;2019-05-29;"quarta-feira";"10:55:00";"PR";277;454,3;"LARANJEIRAS DO SUL";"Falta de Atenção à Condução";"Colisão transversal";"Com Vítimas Feridas";"Pleno dia";"Decrescente";"Sol";"Simples";"Rotatória";"Sim";2;0;1;0;1;0;1;2;-25,38601872;-52,41336515;"SPRF-PR";"DEL04-PR";"UOP02-DEL04-PR"
214806;2019-06-10;"segunda-feira";"07:30:00";"PB";230;81,9;"CALDAS BRANDAO";"Falta de Atenção à Condução";"Saída de leito carroçável";"Com Vítimas Feridas";"Pleno dia";"Crescente";"Nublado";"Simples";"Curva";"Não";1;0;1;0;0;0;1;1;-7,1727;-35,3284;"SPRF-PB";"DEL01-PB";"UOP03-DEL01-PB"
214809;2019-06-10;"segunda-feira";"09:20:00";"PR";116;150;"MANDIRITUBA";"Desobediência às normas de trânsito pelo condutor";"Colisão frontal";"Com Vítimas Feridas";"Pleno dia";"Crescente";"Céu Claro";"Simples";"Reta";"Não";2;0;1;0;1;0;1;2;-25,81557015;-49,33088979;"SPRF-PR";"DEL01-PR";"UOP03-DEL01-PR"
214811;2019-06-10;"segunda-feira";"08:00:00";"MG";381;430;"CAETE";"Falta de Atenção à Condução";"Atropelamento de Pedestre";"Com Vítimas Feridas";"Pleno dia";"Decrescente";"Céu Claro";"Simples";"Reta";"Não";4;0;0;1;2;1;1;4;-19,78496805;-43,72311799;"SPRF-MG";"DEL01-MG";"UOP01-DEL01-MG"
214812;2019-06-10;"segunda-feira";"07:25:00";"RS";392;274;"SAO SEPE";"Velocidade Incompatível";"Tombamento";"Com Vítimas Feridas";"Pleno dia";"Crescente";"Céu Claro";"Simples";"Interseção de Vias";"Não";3;0;1;0;1;1;1;2;-30,35817695;-53,51833184;"SPRF-RS";"DEL09-RS";"UOP02-DEL09-RS"
214818;2019-06-10;"segunda-feira";"07:25:00";"RS";290;226,3;"PANTANO GRANDE";"Condutor Dormindo";"Colisão frontal";"Com Vítimas Feridas";"Pleno dia";"Crescente";"Nublado";"Simples";"Reta";"Não";3;0;2;0;1;0;2;2;-30,204834;-52,478748;"SPRF-RS";"DEL02-RS";"UOP02-DEL02-RS"
214831;2019-06-10;"segunda-feira";"12:00:00";"SE";235;2;"ARACAJU";"Falta de Atenção do Pedestre";"Atropelamento de Pedestre";"Com Vítimas Feridas";"Pleno dia";"Decrescente";"Céu Claro";"Dupla";"Reta";"Não";3;0;1;0;1;1;1;3;-10,9062;-37,1034;"SPRF-SE";"DEL01-SE";"UOP01-DEL01-SE"
214834;2019-06-10;"segunda-feira";"10:40:00";"RJ";101;273;"TANGUA";"Falta de Atenção à Condução";"Colisão traseira";"Com Vítimas Feridas";"Pleno dia";"Crescente";"Céu Claro";"Simples";"Reta";"Sim";2;0;1;0;1;0;1;2;-22,7316093;-42,71051285;"SPRF-RJ";"DEL02-RJ";"UOP03-DEL02-RJ"
214835;2019-06-10;"segunda-feira";"12:10:00";"SP";381;77;"SAO PAULO";"Falta de Atenção à Condução";"Colisão traseira";"Com Vítimas Feridas";"Pleno dia";"Decrescente";"Céu Claro";"Dupla";"Reta";"Sim";2;0;0;1;1;0;1;2;-23,388839;-46,5693478;"SPRF-SP";"DEL03-SP";"UOP01-DEL03-SP"
214846;2019-03-23;"sábado";"13:45:00";"SC";282;503,1;"XANXERE";"Velocidade Incompatível";"Colisão lateral";"Com Vítimas Feridas";"Pleno dia";"Decrescente";"Sol";"Dupla";"Curva";"Sim";4;0;0;1;1;2;1;4;-26,88576081;-52,39802599;"SPRF-SC";"DEL07-SC";"UOP01-DEL07-SC"
214847;2019-06-10;"segunda-feira";"14:15:00";"TO";153;501,5;"PARAISO DO TOCANTINS";"Condutor Dormindo";"Colisão lateral";"Com Vítimas Feridas";"Pleno dia";"Decrescente";"Céu Claro";"Simples";"Reta;Declive";"Não";2;0;1;1;0;0;2;2;-10,20951418;-48,87409438;"SPRF-TO";"DEL02-TO";"UOP01-DEL01-TO"
214854;2019-06-02;"domingo";"18:50:00";"MG";153;43;"CANAPOLIS";"Falta de Atenção à Condução";"Tombamento";"Com Vítimas Feridas";"Plena Noite";"Crescente";"Céu Claro";"Dupla";"Reta";"Não";2;0;1;0;0;1;1;2;-18,76410695;-49,07452386;"SPRF-MG";"DEL15-MG";"UOP03-DEL15-MG"
214858;2019-06-10;"segunda-feira";"09:15:00";"MT";364;143,5;"PEDRA PRETA";"Falta de Atenção à Condução";"Colisão traseira";"Com Vítimas Feridas";"Pleno dia";"Decrescente";"Céu Claro";"Simples";"Reta";"Não";4;0;1;0;2;3;1;5;-16,77773271;-54,22898769;"SPRF-MT";"DEL02-MT";"UOP01-DEL02-MT"
214868;2019-06-10;"segunda-feira";"15:55:00";"RN";101;96,5;"NATAL";"Não guardar distância de segurança";"Colisão lateral";"Com Vítimas Feridas";"Pleno dia";"Decrescente";"Chuva";"Dupla";"Reta";"Sim";3;0;1;0;1;1;1;3;-5,84949622;-35,20890752;"SPRF-RN";"DEL01-RN";"UOP01-DEL01-RN"
214873;2019-06-10;"segunda-feira";"16:30:00";"SC";470;53;"BLUMENAU";"Falta de Atenção à Condução";"Colisão frontal";"Com Vítimas Feridas";"Pleno dia";"Crescente";"Céu Claro";"Simples";"Curva";"Não";2;0;1;0;1;0;1;2;-26,867121;-49,102066;"SPRF-SC";"DEL04-SC";"UOP01-DEL04-SC"
214880;2019-06-10;"segunda-feira";"14:30:00";"BA";101;300,4;"VALENCA";"Pista Escorregadia";"Saída de leito carroçável";"Com Vítimas Feridas";"Pleno dia";"Decrescente";"Chuva";"Simples";"Curva";"Não";2;0;2;0;0;0;2;1;-13,26234227;-39,32567321;"SPRF-BA";"DEL01-BA";"UOP02-DEL01-BA"
214882;2019-06-10;"segunda-feira";"15:10:00";"RO";435;74;"COLORADO DO OESTE";"Velocidade Incompatível";"Colisão traseira";"Com Vítimas Feridas";"Pleno dia";"Decrescente";"Céu Claro";"Simples";"Declive";"Não";7;0;1;0;5;3;1;6;-13,10405532;-60,43558593;"SPRF-RO";"DEL04-RO";"UOP02-DEL04-RO"
214884;2019-06-10;"segunda-feira";"06:30:00";"MG";381;211,9;"NAQUE";"Velocidade Incompatível";"Tombamento";"Sem Vítimas";"Amanhecer";"Decrescente";"Céu Claro";"Simples";"Curva";"Não";2;0;0;0;1;1;0;2;-19,21626305;-42,30650425;"SPRF-MG";"DEL06-MG";"UOP01-DEL06-MG"
214885;2019-06-10;"segunda-feira";"17:10:00";"PR";369;186;"ARAPONGAS";"Desobediência às normas de trânsito pelo condutor";"Colisão lateral";"Com Vítimas Feridas";"Plena Noite";"Decrescente";"Céu Claro";"Simples";"Reta";"Sim";2;0;1;0;1;0;1;2;-23,41320689;-51,42706096;"SPRF-PR";"DEL07-PR";"UOP03-DEL07-PR"
214890;2019-06-10;"segunda-feira";"18:00:00";"RN";405;0,6;"MOSSORO";"Desobediência às normas de trânsito pelo condutor";"Colisão lateral";"Com Vítimas Feridas";"Anoitecer";"Crescente";"Céu Claro";"Dupla";"Interseção de Vias";"Sim";2;0;1;0;1;0;1;2;-5,1914673;-37,351887;"SPRF-RN";"DEL04-RN";"UOP02-DEL04-RN"
214899;2019-06-10;"segunda-feira";"18:20:00";"RS";287;264,3;"SANTA MARIA";"Ultrapassagem Indevida";"Colisão lateral";"Com Vítimas Feridas";"Anoitecer";"Crescente";"Céu Claro";"Simples";"Aclive;Reta";"Não";5;0;1;2;1;2;3;5;-29,67166595;-54,01104212;"SPRF-RS";"DEL09-RS";"UOP01-DEL09-RS"
214914;2019-06-10;"segunda-feira";"13:30:00";"MT";364;29;"ALTO ARAGUAIA";"Agressão Externa";"Saída de leito carroçável";"Com Vítimas Feridas";"Pleno dia";"Crescente";"Céu Claro";"Simples";"Curva";"Não";2;0;1;0;0;3;1;4;-17,1652858;-53,40949869;"SPRF-MT";"DEL02-MT";"UOP02-DEL02-MT"
214916;2019-06-10;"segunda-feira";"19:30:00";"SC";470;72;"INDAIAL";"Desobediência às normas de trânsito pelo condutor";"Colisão transversal";"Com Vítimas Feridas";"Plena Noite";"Crescente";"Céu Claro";"Simples";"Reta";"Sim";3;0;0;1;2;0;1;2;-26,901979;-49,268745;"SPRF-SC";"DEL04-SC";"UOP01-DEL04-SC"
214923;2019-06-10;"segunda-feira";"16:30:00";"MT";163;595;"NOVA MUTUM";"Mal Súbito";"Saída de leito carroçável";"Com Vítimas Feridas";"Pleno dia";"Crescente";"Céu Claro";"Dupla";"Reta";"Sim";2;0;1;0;0;3;1;4;-13,952127;-56,09686301;"SPRF-MT";"DEL01-MT";"UOP01-DEL01-MT"
214925;2019-06-10;"segunda-feira";"19:27:00";"MT";70;42,2;"BARRA DO GARCAS";"Falta de Atenção à Condução";"Tombamento";"Com Vítimas Feridas";"Plena Noite";"Decrescente";"Céu Claro";"Simples";"Reta";"Não";7;0;0;2;4;4;2;8;-15,7690862;-52,5780752;"SPRF-MT";"DEL07-MT";"UOP01-DEL07-MT"
214927;2019-06-10;"segunda-feira";"20:30:00";"MG";381;358;"JOAO MONLEVADE";"Falta de Atenção à Condução";"Colisão transversal";"Com Vítimas Feridas";"Plena Noite";"Crescente";"Nublado";"Simples";"Curva";"Não";3;0;1;0;2;0;1;2;-19,85592801;-43,21689055;"SPRF-MG";"DEL03-MG";"UOP01-DEL03-MG"
214933;2019-06-10;"segunda-feira";"09:30:00";"PR";153;403;"MALLET";"Desobediência às normas de trânsito pelo condutor";"Tombamento";"Sem Vítimas";"Pleno dia";"Crescente";"Céu Claro";"Simples";"Curva";"Não";4;0;0;0;3;2;0;4;-25,98732405;-50,83897212;"SPRF-PR";"DEL02-PR";"UOP03-DEL02-PR"
214937;2019-06-10;"segunda-feira";"22:20:00";"PE";232;71,4;"GRAVATA";"Defeito Mecânico no Veículo";"Incêndio";"Sem Vítimas";"Plena Noite";"Crescente";"Céu Claro";"Dupla";"Reta";"Sim";1;0;0;0;1;0;0;1;-8,18344403;-35,49296599;"SPRF-PE";"DEL01-PE";"UOP02-DEL02PE"
214938;2019-06-10;"segunda-feira";"21:14:00";"RS";290;41,3;"SANTO ANTONIO DA PATRULHA";"Condutor Dormindo";"Saída de leito carroçável";"Sem Vítimas";"Plena Noite";"Crescente";"Céu Claro";"Dupla";"Reta";"Não";2;0;0;0;1;12;0;13;-29,887197;-50,668839;"SPRF-RS";"DEL03-RS";"UOP01-DEL03-RS"
214939;2019-06-10;"segunda-feira";"21:30:00";"SC";282;398,5;"JOACABA";"Desobediência às normas de trânsito pelo condutor";"Colisão frontal";"Com Vítimas Feridas";"Plena Noite";"Decrescente";"Céu Claro";"Simples";"Reta;Declive";"Não";2;0;1;0;0;1;1;2;-27,143419;-51,613823;"SPRF-SC";"DEL07-SC";"UOP05-DEL07-SC"
214940;2019-06-10;"segunda-feira";"15:50:00";"MT";163;619;"NOVA MUTUM";"Falta de Atenção à Condução";"Colisão lateral";"Sem Vítimas";"Pleno dia";"Decrescente";"Céu Claro";"Simples";"Reta";"Não";3;0;0;0;2;3;0;5;-13,74393307;-56,05121575;"SPRF-MT";"DEL01-MT";"UOP01-DEL01-MT"
214943;2019-06-10;"segunda-feira";"21:30:00";"PR";116;18;"CAMPINA GRANDE DO SUL";"Falta de Atenção à Condução";"Engavetamento";"Sem Vítimas";"Plena Noite";"Decrescente";"Nublado";"Dupla";"Declive";"Sim";3;0;0;0;3;0;0;3;-25,103973;-48,710786;"SPRF-PR";"DEL01-PR";"UOP02-DEL01-PR"
214950;2019-06-11;"terça-feira";"00:04:00";"GO";40;87,8;"CRISTALINA";"Falta de Atenção à Condução";"Colisão com objeto em movimento";"Sem Vítimas";"Plena Noite";"Decrescente";"Céu Claro";"Simples";"Reta";"Não";2;0;0;0;2;0;0;2;-16,713217;-47,670047;"SPRF-DF";"DEL01-DF";"UOP02-DEL01-DF"
214951;2019-06-10;"segunda-feira";"17:20:00";"PB";116;4,9;"CACHOEIRA DOS INDIOS";"Falta de Atenção à Condução";"Colisão lateral";"Sem Vítimas";"Pleno dia";"Crescente";"Céu Claro";"Simples";"Reta";"Não";2;0;0;0;2;0;0;2;-6,9313;-38,725307;"SPRF-CE";"DEL05-CE";"UOP03-DEL05-CE"
214956;2019-06-11;"terça-feira";"03:20:00";"AL";101;113;"PILAR";"Não guardar distância de segurança";"Colisão lateral";"Com Vítimas Fatais";"Plena Noite";"Crescente";"Chuva";"Simples";"Aclive;Curva";"Não";3;1;0;0;1;1;0;3;-9,62855442;-36,03072188;"SPRF-AL";"DEL02-AL";"UOP01-DEL02-AL"
214959;2019-06-11;"terça-feira";"05:15:00";"SC";280;30;"ARAQUARI";"Avarias e/ou desgaste excessivo no pneu";"Colisão com objeto em movimento";"Com Vítimas Feridas";"Amanhecer";"Decrescente";"Nevoeiro/Neblina";"Simples";"Reta";"Sim";4;0;1;0;2;2;1;5;-26,4141523;-48,76209493;"SPRF-SC";"DEL03-SC";"UOP03-DEL03-SC"
214960;2019-06-11;"terça-feira";"05:10:00";"SP";116;307,8;"SAO LOURENCO DA SERRA";"Falta de Atenção à Condução";"Colisão traseira";"Com Vítimas Fatais";"Amanhecer";"Decrescente";"Nevoeiro/Neblina";"Dupla";"Reta";"Sim";2;1;0;0;1;0;0;2;-23,85630016;-46,94096988;"SPRF-SP";"DEL04-SP";"UOP01-DEL04-SP"
214961;2019-06-11;"terça-feira";"05:35:00";"SP";116;427,9;"REGISTRO";"Condutor Dormindo";"Saída de leito carroçável";"Com Vítimas Feridas";"Plena Noite";"Decrescente";"Nublado";"Dupla";"Reta";"Não";1;0;1;0;0;0;1;1;-24,39235791;-47,72343119;"SPRF-SP";"DEL05-SP";"UOP01-DEL05-SP"