"id";"data_inversa";"dia_semana";"horario";"uf";"br";"km";"municipio";"causa_acidente";"tipo_acidente";"classificacao_acidente";"fase_dia";"sentido_via";"condicao_metereologica";"tipo_pista";"tracado_via";"uso_solo";"pessoas";"mortos";"feridos_leves";"feridos_graves";"ilesos";"ignorados";"feridos";"veiculos";"latitude";"longitude";"regional";"delegacia";"uop"
214967;2019-06-10;"segunda-feira";"20:15:00";"MG";262;482;"BOM DESPACHO";"Condutor Dormindo";"Colisão traseira";"Com Vítimas Feridas";"Pleno dia";"Crescente";"Céu Claro";"Simples";"Aclive;Reta";"Não";3;0;1;0;1;2;1;4;-19,78223048;-45,26624285;"SPRF-MG";"DEL08-MG";"UOP03-DEL08-MG"
214981;2019-06-11;"terça-feira";"09:05:00";"MG";40;473,8;"SETE LAGOAS";"Desobediência às normas de trânsito pelo condutor";"Colisão lateral";"Com Vítimas Feridas";"Pleno dia";"Decrescente";"Céu Claro";"Simples";"Reta";"Não";3;0;1;0;1;1;1;3;-19,496351;-44,27992;"SPRF-MG";"DEL02-MG";"UOP01-DEL02-MG"
214985;2019-06-11;"terça-feira";"06:50:00";"RO";364;236,3;"CACOAL";"Desobediência às normas de trânsito pelo condutor";"Colisão transversal";"Com Vítimas Feridas";"Pleno dia";"Decrescente";"Céu Claro";"Simples";"Interseção de Vias;Reta";"Sim";10;0;5;0;5;0;5;2;-11,44587672;-61,43784993;"SPRF-RO";"DEL02-RO";"UOP02-DEL02-RO"
214987;2019-06-11;"terça-feira";"09:15:00";"PB";101;86,4;"JOAO PESSOA";"Desobediência às normas de trânsito pelo condutor";"Colisão traseira";"Com Vítimas Feridas";"Pleno dia";"Crescente";"Chuva";"Dupla";"Retorno Regulamentado";"Sim";2;0;1;0;0;1;1;2;-7,15118983;-34,91012184;"SPRF-PB";"DEL01-PB";"UOP01-DEL01-PB"
214991;2019-06-11;"terça-feira";"09:50:00";"PR";376;349,5;"ORTIGUEIRA";"Velocidade Incompatível";"Tombamento";"Com Vítimas Feridas";"Pleno dia";"Crescente";"Sol";"Dupla";"Curva";"Não";1;0;0;1;0;0;1;1;-24,23741824;-50,91757915;"SPRF-PR";"DEL03-PR";"UOP02-DEL03-PR"
214999;2019-05-26;"domingo";"19:15:00";"GO";153;528;"HIDROLANDIA";"Não guardar distância de segurança";"Engavetamento";"Com Vítimas Feridas";"Plena Noite";"Decrescente";"Céu Claro";"Dupla";"Aclive";"Não";4;0;2;0;2;0;2;3;-16,9533;-49,2437;"SPRF-GO";"DEL01-GO";"UOP03-DEL01-GO"
215003;2019-06-11;"terça-feira";"06:10:00";"PR";476;123;"CURITIBA";"Falta de Atenção à Condução";"Colisão lateral";"Com Vítimas Feridas";"Amanhecer";"Decrescente";"Céu Claro";"Dupla";"Rotatória";"Sim";2;0;0;1;1;0;1;2;-25,38914385;-49,20660496;"SPRF-PR";"DEL01-PR";"UOP07-DEL01-PR"
215009;2019-06-11;"terça-feira";"08:50:00";"PR";280;262;"MARMELEIRO";"Falta de Atenção à Condução";"Colisão traseira";"Com Vítimas Feridas";"Pleno dia";"Crescente";"Céu Claro";"Simples";"Reta";"Não";2;0;1;0;1;0;1;2;-26,18574678;-53,07714718;"SPRF-PR";"DEL02-PR";"UOP01-DEL02-PR"
215011;2019-06-11;"terça-feira";"08:30:00";"PR";376;650,8;"TIJUCAS DO SUL";"Velocidade Incompatível";"Saída de leito carroçável";"Com Vítimas Feridas";"Pleno dia";"Crescente";"Céu Claro";"Dupla";"Declive";"Não";2;0;1;0;0;1;1;2;-25,84564757;-49,08816197;"SPRF-PR";"DEL01-PR";"UOP04-DEL01-PR"
215015;2019-06-11;"terça-feira";"11:41:00";"RS";470;222,7;"GARIBALDI";"Desobediência às normas de trânsito pelo condutor";"Colisão lateral";"Sem Vítimas";"Pleno dia";"Decrescente";"Céu Claro";"Simples";"Retorno Regulamentado";"Não";5;0;0;0;4;1;0;3;-29,20372835;-51,51786908;"SPRF-RS";"DEL06-RS";"UOP01-DEL06-RS"
215026;2019-06-11;"terça-feira";"12:00:00";"PI";343;306,3;"ALTOS";"Falta de Atenção à Condução";"Colisão lateral";"Com Vítimas Feridas";"Pleno dia";"Decrescente";"Céu Claro";"Simples";"Reta";"Sim";2;0;1;0;1;0;1;2;-5,038756;-42,450893;"SPRF-PI";"DEL01-PI";"UOP01-DEL01-PI"
215031;2019-06-11;"terça-feira";"14:15:00";"MG";40;462,5;"SETE LAGOAS";"Falta de Atenção à Condução";"Saída de leito carroçável";"Com Vítimas Feridas";"Pleno dia";"Crescente";"Céu Claro";"Dupla";"Curva";"Não";1;0;0;1;0;0;1;1;-19,4136917;-44,33879427;"SPRF-MG";"DEL02-MG";"UOP01-DEL02-MG"
215033;2019-05-14;"terça-feira";"14:30:00";"BA";20;207;"LUIS EDUARDO MAGALHAES";"Falta de Atenção à Condução";"Colisão frontal";"Com Vítimas Fatais";"Pleno dia";"Decrescente";"Céu Claro";"Simples";"Reta";"Não";3;1;0;0;0;3;0;4;-12,1319774;-45,81504822;"SPRF-BA";"DEL10-BA";"UOP01-DEL10-BA"
215034;2019-06-11;"terça-feira";"13:30:00";"RJ";40;110;"DUQUE DE CAXIAS";"Desobediência às normas de trânsito pelo condutor";"Colisão traseira";"Com Vítimas Feridas";"Pleno dia";"Crescente";"Céu Claro";"Dupla";"Reta";"Sim";2;0;1;0;1;0;1;2;-22,68289906;-43,28549346;"SPRF-RJ";"DEL01-RJ";"UOP01-DEL01-RJ"
215039;2019-06-11;"terça-feira";"14:40:00";"PE";101;73;"RECIFE";"Não guardar distância de segurança";"Colisão traseira";"Sem Vítimas";"Pleno dia";"Decrescente";"Céu Claro";"Simples";"Reta";"Sim";3;0;0;0;2;1;0;3;-8,093369;-34,947464;"SPRF-PE";"DEL01-PE";"UOP01-DEL01-PE"
215041;2019-06-11;"terça-feira";"14:25:00";"BA";20;175;"LUIS EDUARDO MAGALHAES";"Falta de Atenção à Condução";"Tombamento";"Sem Vítimas";"Pleno dia";"Crescente";"Céu Claro";"Simples";"Reta";"Não";2;0;0;0;1;3;0;4;-12,38460501;-45,86688995;"SPRF-BA";"DEL10-BA";"UOP01-DEL10-BA"
215056;2019-06-11;"terça-feira";"16:50:00";"PR";277;332;"GUARAPUAVA";"Não guardar distância de segurança";"Colisão traseira";"Com Vítimas Feridas";"Pleno dia";"Crescente";"Sol";"Dupla";"Reta";"Não";2;0;1;0;1;0;1;2;-25,36964786;-51,32653697;"SPRF-PR";"DEL03-PR";"UOP01-DEL08-PR"
215068;2019-06-11;"terça-feira";"17:10:00";"MT";364;350;"SANTO ANTONIO DO LEVERGER";"Defeito Mecânico no Veículo";"Tombamento";"Com Vítimas Fatais";"Anoitecer";"Crescente";"Céu Claro";"Dupla";"Declive";"Não";2;1;0;0;0;1;0;2;-15,80518241;-55,55686807;"SPRF-MT";"DEL02-MT";"UOP02-DEL01-MT"
215079;2019-06-11;"terça-feira";"18:30:00";"PA";155;261;"ELDORADO DO CARAJAS";"Restrição de Visibilidade";"Colisão traseira";"Com Vítimas Feridas";"Anoitecer";"Crescente";"Céu Claro";"Simples";"Reta";"Não";9;0;5;1;1;3;6;6;-6,04218191;-49,28629213;"SPRF-PA";"DEL03-PA";"UOP01-DEL03-PA"
215080;2019-06-11;"terça-feira";"17:50:00";"SP";116;274;"TABOAO DA SERRA";"Falta de Atenção à Condução";"Colisão lateral";"Com Vítimas Feridas";"Plena Noite";"Decrescente";"Céu Claro";"Dupla";"Reta";"Não";3;0;1;0;1;1;1;3;-23,63445084;-46,82418514;"SPRF-SP";"DEL04-SP";"UOP01-DEL04-SP"
215086;2019-06-11;"terça-feira";"19:35:00";"GO";153;436,7;"ANAPOLIS";"Falta de Atenção à Condução";"Colisão lateral";"Com Vítimas Feridas";"Plena Noite";"Decrescente";"Céu Claro";"Dupla";"Reta";"Sim";3;0;1;0;0;2;1;3;-16,28520019;-48,94804001;"SPRF-GO";"DEL02-GO";"UOP01-DEL02-GO"
215088;2019-06-11;"terça-feira";"19:26:00";"PR";373;178;"PONTA GROSSA";"Falta de Atenção do Pedestre";"Atropelamento de Pedestre";"Com Vítimas Fatais";"Plena Noite";"Crescente";"Céu Claro";"Dupla";"Reta";"Não";3;1;0;0;1;2;0;4;-25,05025485;-50,23418475;"SPRF-PR";"DEL03-PR";"UOP01-DEL03-PR"
215092;2019-06-11;"terça-feira";"16:00:00";"MG";381;158,9;"GOVERNADOR VALADARES";"Falta de Atenção à Condução";"Colisão transversal";"Com Vítimas Feridas";"Pleno dia";"Crescente";"Céu Claro";"Simples";"Reta";"Sim";3;0;2;0;1;0;2;2;-18,91795246;-42,01337465;"SPRF-MG";"DEL06-MG";"UOP01-DEL06-MG"
215104;2019-06-11;"terça-feira";"18:00:00";"MG";251;450,4;"GRAO MOGOL";"Carga excessiva e/ou mal acondicionada";"Tombamento";"Sem Vítimas";"Plena Noite";"Crescente";"Céu Claro";"Simples";"Curva";"Não";2;0;0;0;1;1;0;2;-16,41910292;-43,29880499;"SPRF-MG";"DEL12-MG";"UOP01-DEL12-MG"
215105;2019-06-11;"terça-feira";"22:00:00";"SC";470;185;"POUSO REDONDO";"Defeito Mecânico no Veículo";"Saída de leito carroçável";"Com Vítimas Feridas";"Plena Noite";"Decrescente";"Nevoeiro/Neblina";"Simples";"Declive";"Não";2;0;1;0;0;2;1;3;-27,256105;-50,045559;"SPRF-SC";"DEL04-SC";"UOP02-DEL04-SC"
215106;2019-06-11;"terça-feira";"21:10:00";"BA";242;399;"SEABRA";"Pista Escorregadia";"Colisão lateral";"Com Vítimas Feridas";"Plena Noite";"Decrescente";"Chuva";"Simples";"Reta";"Não";3;0;1;0;1;2;1;4;-12,47381495;-41,68234998;"SPRF-BA";"DEL06-BA";"UOP01-DEL06-BA"
215109;2019-06-11;"terça-feira";"21:00:00";"MS";163;131,5;"NAVIRAI";"Falta de Atenção à Condução";"Colisão frontal";"Com Vítimas Fatais";"Plena Noite";"Crescente";"Céu Claro";"Simples";"Reta";"Não";3;1;0;0;1;1;0;3;-23,0356812;-54,26786512;"SPRF-MS";"DEL09-MS";"UOP01-DEL09-MS"
215111;2019-06-11;"terça-feira";"21:23:00";"RS";392;9,3;"RIO GRANDE";"Falta de Atenção à Condução";"Colisão traseira";"Com Vítimas Feridas";"Plena Noite";"Decrescente";"Céu Claro";"Simples";"Reta";"Sim";4;0;0;1;2;4;1;7;-32,11099;-52,112198;"SPRF-RS";"DEL07-RS";"UOP02-DEL07-RS"
215114;2019-06-11;"terça-feira";"22:20:00";"PR";476;180,3;"CONTENDA";"Velocidade Incompatível";"Tombamento";"Com Vítimas Feridas";"Plena Noite";"Decrescente";"Céu Claro";"Simples";"Curva";"Não";3;0;2;0;0;1;2;2;-25,71826066;-49,64447021;"SPRF-PR";"DEL01-PR";"UOP06-DEL01-PR"
215118;2019-06-11;"terça-feira";"23:00:00";"GO";20;191;"SIMOLANDIA";"Avarias e/ou desgaste excessivo no pneu";"Tombamento";"Com Vítimas Feridas";"Plena Noite";"Crescente";"Céu Claro";"Simples";"Reta";"Não";3;0;1;0;1;2;1;3;-14,390564;-46,448238;"SPRF-DF";"DEL02-DF";"UOP03-DEL02-DF"
215131;2019-06-11;"terça-feira";"21:50:00";"PE";424;87,7;"GARANHUNS";"Desobediência às normas de trânsito pelo condutor";"Colisão frontal";"Com Vítimas Fatais";"Plena Noite";"Decrescente";"Nublado";"Simples";"Aclive";"Sim";4;1;0;1;2;0;1;2;-8,88303644;-36,508255;"SPRF-PE";"DEL03-PE";"UOP01-DEL03-PE"
215139;2019-06-12;"quarta-feira";"06:30:00";"PR";376;539,4;"PALMEIRA";"Falta de Atenção à Condução";"Saída de leito carroçável";"Com Vítimas Fatais";"Amanhecer";"Decrescente";"Céu Claro";"Dupla";"Reta;Declive";"Não";4;1;1;1;0;1;2;3;-25,3534685;-49,8365692;"SPRF-PR";"DEL01-PR";"UOP06-DEL01-PR"
215142;2019-05-23;"quinta-feira";"08:00:00";"PR";277;7;"PARANAGUA";"Desobediência às normas de trânsito pelo condutor";"Colisão transversal";"Com Vítimas Feridas";"Pleno dia";"Crescente";"Chuva";"Simples";"Interseção de Vias;Reta";"Sim";3;0;0;1;1;1;1;3;-25,5107409;-48,51938719;"SPRF-PR";"DEL01-PR";"UOP05-DEL01-PR"
215144;2019-06-12;"quarta-feira";"07:00:00";"PR";116;125,8;"FAZENDA RIO GRANDE";"Falta de Atenção à Condução";"Colisão transversal";"Com Vítimas Feridas";"Pleno dia";"Crescente";"Nevoeiro/Neblina";"Múltipla";"Interseção de Vias;Reta";"Sim";5;0;0;3;1;1;3;3;-25,63705771;-49,31326032;"SPRF-PR";"DEL01-PR";"UOP03-DEL01-PR"
215151;2019-06-12;"quarta-feira";"07:50:00";"GO";50;115,6;"CRISTALINA";"Não guardar distância de segurança";"Colisão lateral";"Com Vítimas Feridas";"Pleno dia";"Decrescente";"Céu Claro";"Dupla";"Reta";"Não";3;0;1;0;1;3;1;5;-16,90730213;-47,68238068;"SPRF-DF";"DEL01-DF";"UOP02-DEL01-DF"
215152;2019-06-12;"quarta-feira";"08:00:00";"RN";427;96,8;"CAICO";"Desobediência às normas de trânsito pelo condutor";"Colisão transversal";"Com Vítimas Feridas";"Pleno dia";"Crescente";"Céu Claro";"Simples";"Interseção de Vias";"Sim";2;0;1;0;1;0;1;2;-6,47045368;-37,08422184;"SPRF-RN";"DEL03-RN";"UOP01-DEL03-RN"
215174;2019-06-12;"quarta-feira";"09:40:00";"SP";116;155,2;"SAO JOSE DOS CAMPOS";"Ultrapassagem Indevida";"Colisão lateral";"Com Vítimas Feridas";"Pleno dia";"Crescente";"Céu Claro";"Dupla";"Declive";"Sim";6;0;3;0;1;2;3;4;-23,24524337;-45,92772774;"SPRF-SP";"DEL02-SP";"UOP01-DEL02-SP"
215175;2019-06-12;"quarta-feira";"09:15:00";"BA";116;672,8;"JEQUIE";"Falta de Atenção à Condução";"Colisão transversal";"Com Vítimas Feridas";"Pleno dia";"Crescente";"Sol";"Simples";"Interseção de Vias";"Sim";2;0;1;0;1;0;1;2;-13,79970305;-40,11130458;"SPRF-BA";"DEL03-BA";"UOP01-DEL03-BA"
215180;2019-06-12;"quarta-feira";"08:00:00";"PE";101;60,9;"RECIFE";"Velocidade Incompatível";"Engavetamento";"Com Vítimas Feridas";"Pleno dia";"Crescente";"Nublado";"Dupla";"Reta";"Sim";4;0;1;0;2;1;1;4;-7,98344307;-34,93176727;"SPRF-PE";"DEL01-PE";"UOP02-DEL01-PE"
215182;2019-06-12;"quarta-feira";"09:45:00";"SC";101;349;"JAGUARUNA";"Não guardar distância de segurança";"Colisão traseira";"Sem Vítimas";"Pleno dia";"Crescente";"Céu Claro";"Dupla";"Curva";"Não";3;0;0;0;2;1;0;3;-28,5820168;-49,05059372;"SPRF-SC";"DEL02-SC";"UOP01-DEL02-SC"
215190;2019-06-12;"quarta-feira";"10:30:00";"MG";251;505;"FRANCISCO SA";"Pista Escorregadia";"Colisão frontal";"Com Vítimas Feridas";"Pleno dia";"Crescente";"Garoa/Chuvisco";"Simples";"Curva";"Não";3;0;2;0;1;0;2;2;-16,61623136;-43,68084596;"SPRF-MG";"DEL12-MG";"UOP01-DEL12-MG"
215193;2019-06-12;"quarta-feira";"10:10:00";"SP";116;224;"GUARULHOS";"Falta de Atenção à Condução";"Colisão lateral";"Com Vítimas Feridas";"Pleno dia";"Crescente";"Sol";"Múltipla";"Reta";"Não";3;0;1;0;1;1;1;3;-23,48071896;-46,53271603;"SPRF-SP";"DEL01-SP";"UOP01-DEL01-SP"
215198;2019-06-12;"quarta-feira";"08:15:00";"RO";364;472;"ARIQUEMES";"Falta de Atenção à Condução";"Colisão lateral";"Com Vítimas Feridas";"Pleno dia";"Decrescente";"Céu Claro";"Simples";"Reta";"Não";2;0;1;0;1;0;1;2;-10,18665481;-62,81226087;"SPRF-RO";"DEL03-RO";"UOP01-DEL03-RO"
215210;2019-06-12;"quarta-feira";"13:20:00";"PE";408;102;"RECIFE";"Condutor Dormindo";"Capotamento";"Com Vítimas Feridas";"Pleno dia";"Crescente";"Nublado";"Dupla";"Reta";"Não";3;0;1;0;1;2;1;4;-8,05323195;-35,00247996;"SPRF-PE";"DEL01-PE";"UOP01-DEL01-PE"
215211;2019-06-12;"quarta-feira";"13:50:00";"SC";470;8,5;"NAVEGANTES";"Falta de Atenção à Condução";"Colisão lateral";"Com Vítimas Feridas";"Pleno dia";"Crescente";"Sol";"Simples";"Reta";"Não";3;0;2;0;1;0;2;2;-26,83688;-48,718853;"SPRF-SC";"DEL04-SC";"UOP04-DEL04-SC"
215212;2019-06-12;"quarta-feira";"14:00:00";"MT";158;569,2;"AGUA BOA";"Falta de Atenção do Pedestre";"Atropelamento de Pedestre";"Com Vítimas Feridas";"Pleno dia";"Crescente";"Sol";"Dupla";"Declive";"Não";2;0;0;1;1;0;1;2;-14,06431192;-52,15395871;"SPRF-MT";"DEL07-MT";"UOP02-DEL07-MT"
215213;2019-06-12;"quarta-feira";"13:45:00";"BA";242;602;"MUQUEM DE SAO FRANCISCO";"Defeito Mecânico no Veículo";"Saída de leito carroçável";"Sem Vítimas";"Pleno dia";"Crescente";"Céu Claro";"Simples";"Curva";"Não";1;0;0;0;1;0;0;1;-12,16345011;-43,18821184;"SPRF-BA";"DEL10-BA";"UOP03-DEL06-BA"
215218;2019-06-12;"quarta-feira";"14:35:00";"MG";40;118,9;"LAGOA GRANDE";"Desobediência às normas de trânsito pelo condutor";"Colisão transversal";"Com Vítimas Feridas";"Pleno dia";"Decrescente";"Céu Claro";"Simples";"Reta;Interseção de Vias";"Não";3;0;0;1;1;1;1;3;-17,66039012;-46,37467504;"SPRF-MG";"DEL14-MG";"UOP01-DEL14-MG"
215219;2019-06-12;"quarta-feira";"14:35:00";"RJ";493;8;"ITABORAI";"Não guardar distância de segurança";"Colisão traseira";"Com Vítimas Feridas";"Pleno dia";"Crescente";"Céu Claro";"Simples";"Ponte";"Não";3;0;1;0;2;0;1;2;-22,7130247;-42,95334578;"SPRF-RJ";"DEL04-RJ";"UOP02-DEL04-RJ"
215221;2019-06-12;"quarta-feira";"00:30:00";"PA";230;530;"ANAPU";"Restrição de Visibilidade";"Colisão traseira";"Com Vítimas Feridas";"Plena Noite";"Decrescente";"Ignorado";"Simples";"Reta";"Não";6;0;4;0;2;0;4;2;-3,2963519;-51,42990892;"SPRF-PA";"DEL04-PA";"UOP01-DEL04-PA"
215223;2019-06-11;"terça-feira";"20:50:00";"PE";101;66,9;"RECIFE";"Desobediência às normas de trânsito pelo condutor";"Colisão lateral";"Sem Vítimas";"Plena Noite";"Decrescente";"Céu Claro";"Dupla";"Reta";"Sim";3;0;0;0;2;1;0;3;-8,03368534;-34,94184125;"SPRF-PE";"DEL01-PE";"UOP01-DEL01-PE"
215225;2019-06-12;"quarta-feira";"10:30:00";"SC";282;288;"SAO JOSE DO CERRITO";"Velocidade Incompatível";"Colisão transversal";"Com Vítimas Feridas";"Pleno dia";"Crescente";"Céu Claro";"Simples";"Reta";"Não";3;0;0;2;1;0;2;2;-27,565604;-50,824675;"SPRF-SC";"DEL05-SC";"UOP02-DEL05-SC"
215226;2019-06-12;"quarta-feira";"09:50:00";"MG";262;445,8;"NOVA SERRANA";"Ingestão de Substâncias Psicoativas";"Atropelamento de Pedestre";"Com Vítimas Feridas";"Pleno dia";"Crescente";"Sol";"Dupla";"Reta";"Sim";3;0;1;0;1;2;1;4;-19,87799664;-44,94086286;"SPRF-MG";"DEL08-MG";"UOP03-DEL08-MG"
215227;2019-06-12;"quarta-feira";"15:20:00";"MG";40;531,7;"BELO HORIZONTE";"Falta de Atenção à Condução";"Colisão traseira";"Com Vítimas Feridas";"Pleno dia";"Crescente";"Céu Claro";"Dupla";"Reta";"Sim";2;0;0;1;1;0;1;2;-19,91962483;-44,02522683;"SPRF-MG";"DEL01-MG";"UOP02-DEL01-MG"
215229;2019-06-12;"quarta-feira";"15:20:00";"SC";101;38;"JOINVILLE";"Desobediência às normas de trânsito pelo condutor";"Colisão lateral";"Sem Vítimas";"Pleno dia";"Decrescente";"Céu Claro";"Dupla";"Reta";"Sim";3;0;0;0;2;1;0;3;-26,2954157;-48,88401031;"SPRF-SC";"DEL03-SC";"UOP01-DEL03-SC"
215233;2019-06-12;"quarta-feira";"14:20:00";"PI";343;226,5;"COCAL DE TELHA";"Falta de Atenção à Condução";"Tombamento";"Com Vítimas Feridas";"Pleno dia";"Decrescente";"Céu Claro";"Simples";"Reta";"Não";2;0;1;0;0;2;1;3;-4,565175;-41,975414;"SPRF-PI";"DEL01-PI";"UOP03-DEL01-PI"
215236;2019-06-12;"quarta-feira";"15:45:00";"GO";70;31,8;"COCALZINHO DE GOIAS";"Desobediência às normas de trânsito pelo condutor";"Colisão frontal";"Com Vítimas Fatais";"Pleno dia";"Crescente";"Céu Claro";"Dupla";"Reta";"Não";3;2;0;0;0;2;0;4;-15,77083781;-48,46017408;"SPRF-DF";"DEL01-DF";"UOP02-DEL03-DF"
215238;2019-06-12;"quarta-feira";"16:00:00";"DF";70;13,8;"BRASILIA";"Desobediência às normas de trânsito pelo condutor";"Colisão transversal";"Sem Vítimas";"Pleno dia";"Decrescente";"Céu Claro";"Dupla";"Reta";"Não";2;0;0;0;2;0;0;2;-15,794558;-48,166584;"SPRF-DF";"DEL01-DF";"UOP02-DEL03-DF"
215244;2019-06-12;"quarta-feira";"13:30:00";"MG";40;604;"CONGONHAS";"Falta de Atenção à Condução";"Tombamento";"Sem Vítimas";"Pleno dia";"Crescente";"Céu Claro";"Simples";"Curva";"Não";1;0;0;0;1;0;0;1;-20,45222799;-43,84086796;"SPRF-MG";"DEL05-MG";"UOP02-DEL05-MG"
215249;2019-06-12;"quarta-feira";"15:30:00";"BA";101;376;"GANDU";"Falta de Atenção à Condução";"Colisão traseira";"Com Vítimas Feridas";"Pleno dia";"Decrescente";"Céu Claro";"Simples";"Aclive";"Não";3;0;1;0;1;1;1;3;-13,83557;-39,495079;"SPRF-BA";"DEL05-BA";"UOP03-DEL05-BA"
215252;2019-06-12;"quarta-feira";"15:20:00";"BA";101;677;"EUNAPOLIS";"Falta de Atenção à Condução";"Colisão traseira";"Com Vítimas Feridas";"Pleno dia";"Crescente";"Céu Claro";"Simples";"Reta";"Não";4;0;1;0;3;0;1;2;-16,24419994;-39,60443193;"SPRF-BA";"DEL09-BA";"UOP01-DEL09-BA"
215268;2019-06-12;"quarta-feira";"18:15:00";"GO";60;205,2;"GUAPO";"Ingestão de Álcool";"Colisão lateral";"Com Vítimas Fatais";"Anoitecer";"Decrescente";"Céu Claro";"Dupla";"Reta";"Sim";3;1;0;0;1;1;0;3;-16,9041;-49,6466;"SPRF-GO";"DEL01-GO";"UOP02-DEL01-GO"
215270;2019-06-12;"quarta-feira";"18:30:00";"SP";116;302,3;"SAO LOURENCO DA SERRA";"Falta de Atenção à Condução";"Colisão traseira";"Com Vítimas Feridas";"Anoitecer";"Crescente";"Céu Claro";"Dupla";"Declive";"Sim";7;0;6;0;1;0;6;2;-23,81957108;-46,92449376;"SPRF-SP";"DEL04-SP";"UOP01-DEL04-SP"
215271;2019-06-12;"quarta-feira";"18:30:00";"BA";116;678,4;"JEQUIE";"Falta de Atenção à Condução";"Colisão traseira";"Com Vítimas Feridas";"Anoitecer";"Decrescente";"Céu Claro";"Simples";"Reta";"Não";46;0;1;1;43;2;2;5;-13,84885308;-40,11380384;"SPRF-BA";"DEL03-BA";"UOP01-DEL03-BA"
215272;2019-06-12;"quarta-feira";"17:50:00";"SP";116;143,8;"SAO JOSE DOS CAMPOS";"Falta de Atenção à Condução";"Colisão traseira";"Com Vítimas Feridas";"Plena Noite";"Crescente";"Céu Claro";"Dupla";"Reta";"Sim";3;0;2;0;0;1;2;2;-23,17849879;-45,83787411;"SPRF-SP";"DEL02-SP";"UOP01-DEL02-SP"
215274;2019-06-12;"quarta-feira";"18:20:00";"SC";282;610,3;"MARAVILHA";"Sinalização da via insuficiente ou inadequada";"Colisão traseira";"Sem Vítimas";"Plena Noite";"Crescente";"Céu Claro";"Simples";"Declive;Em Obras;Reta";"Não";6;0;0;0;3;3;0;5;-26,75497325;-53,23482784;"SPRF-SC";"DEL07-SC";"UOP02-DEL07-SC"
215280;2019-06-12;"quarta-feira";"18:50:00";"PR";277;110;"CURITIBA";"Falta de Atenção à Condução";"Colisão traseira";"Sem Vítimas";"Plena Noite";"Decrescente";"Céu Claro";"Dupla";"Reta";"Sim";2;0;0;0;2;0;0;2;-25,43257515;-49,36978297;"SPRF-PR";"DEL01-PR";"UOP06-DEL01-PR"
215285;2019-06-12;"quarta-feira";"20:00:00";"GO";40;29,5;"LUZIANIA";"Ingestão de Álcool";"Atropelamento de Pedestre";"Com Vítimas Fatais";"Plena Noite";"Crescente";"Céu Claro";"Dupla";"Reta";"Sim";2;1;0;0;1;0;0;2;-16,273718;-47,871456;"SPRF-DF";"DEL01-DF";"UOP01-DEL01-DF"
215291;2019-06-12;"quarta-feira";"20:35:00";"PR";376;141;"NOVA ESPERANCA";"Desobediência às normas de trânsito pelo condutor";"Colisão transversal";"Com Vítimas Feridas";"Plena Noite";"Decrescente";"Céu Claro";"Simples";"Reta";"Não";4;0;1;0;2;1;1;3;-23,24847;-52,168648;"SPRF-PR";"DEL07-PR";"UOP02-DEL09-PR"
215292;2019-06-12;"quarta-feira";"15:25:00";"SC";470;125;"LONTRAS";"Falta de Atenção à Condução";"Colisão transversal";"Com Vítimas Feridas";"Pleno dia";"Crescente";"Céu Claro";"Simples";"Reta";"Não";3;0;1;0;2;0;1;2;-27,120506;-49,534946;"SPRF-SC";"DEL04-SC";"UOP02-DEL04-SC"
215293;2019-06-12;"quarta-feira";"19:00:00";"RS";116;626;"ARROIO GRANDE";"Restrição de Visibilidade";"Colisão lateral";"Com Vítimas Feridas";"Plena Noite";"Decrescente";"Chuva";"Dupla";"Reta";"Não";2;0;1;0;1;0;1;2;-32,367402;-53,185982;"SPRF-RS";"DEL07-RS";"UOP03-DEL07-RS"
215304;2019-06-12;"quarta-feira";"20:30:00";"MT";163;890;"CLAUDIA";"Ingestão de Álcool";"Saída de leito carroçável";"Sem Vítimas";"Plena Noite";"Decrescente";"Céu Claro";"Simples";"Reta";"Não";4;0;0;0;3;6;0;9;-11,39026911;-55,34451574;"SPRF-MT";"DEL06-MT";"UOP02-DEL06-MT"
215314;2019-06-12;"quarta-feira";"23:00:00";"RN";101;110;"PARNAMIRIM";"Animais na Pista";"Atropelamento de Animal";"Sem Vítimas";"Plena Noite";"Decrescente";"Garoa/Chuvisco";"Dupla";"Reta";"Sim";2;0;0;0;2;0;0;2;-5,946376;-35,26485;"SPRF-RN";"DEL01-RN";"UOP01-DEL01-RN"
215316;2019-06-12;"quarta-feira";"19:45:00";"MG";116;510,9;"UBAPORANGA";"Não guardar distância de segurança";"Colisão traseira";"Com Vítimas Feridas";"Plena Noite";"Crescente";"Nublado";"Simples";"Reta";"Sim";2;0;1;0;1;0;1;2;-19,64532085;-42,10796743;"SPRF-MG";"DEL06-MG";"UOP02-DEL06-MG"
215322;2019-06-12;"quarta-feira";"20:30:00";"RO";364;1032,5;"PORTO VELHO";"Sinalização da via insuficiente ou inadequada";"Colisão frontal";"Com Vítimas Fatais";"Plena Noite";"Crescente";"Ignorado";"Simples";"Aclive";"Não";7;3;1;0;0;3;1;4;-9,76042;-66,270348;"SPRF-RO";"DEL01-RO";"UOP03-DEL01-RO"