"id";"data_inversa";"dia_semana";"horario";"uf";"br";"km";"municipio";"causa_acidente";"tipo_acidente";"classificacao_acidente";"fase_dia";"sentido_via";"condicao_metereologica";"tipo_pista";"tracado_via";"uso_solo";"pessoas";"mortos";"feridos_leves";"feridos_graves";"ilesos";"ignorados";"feridos";"veiculos";"latitude";"longitude";"regional";"delegacia";"uop"
215324;2019-06-12;"quarta-feira";"18:00:00";"SC";480;128,5;"CHAPECO";"Falta de Atenção à Condução";"Tombamento";"Com Vítimas Feridas";"Anoitecer";"Decrescente";"Céu Claro";"Dupla";"Reta";"Sim";2;0;1;0;0;1;1;2;-27,03781899;-52,63432603;"SPRF-SC";"DEL07-SC";"UOP01-DEL07-SC"
215326;2019-06-13;"quinta-feira";"01:20:00";"DF";20;50;"BRASILIA";"Condutor Dormindo";"Saída de leito carroçável";"Com Vítimas Feridas";"Plena Noite";"Crescente";"Céu Claro";"Dupla";"Reta";"Não";1;0;0;1;0;0;1;1;-15,581447;-47,421925;"SPRF-DF";"DEL02-DF";"UOP01-DEL02-DF"
215331;2019-06-13;"quinta-feira";"02:40:00";"RJ";393;253;"BARRA DO PIRAI";"Falta de Atenção à Condução";"Tombamento";"Com Vítimas Feridas";"Plena Noite";"Crescente";"Céu Claro";"Simples";"Reta";"Não";5;0;1;0;3;1;1;4;-22,452761;-43,818033;"SPRF-RJ";"DEL05-RJ";"UOP04-DEL05-RJ"
215335;2019-06-13;"quinta-feira";"01:00:00";"BA";242;491,8;"OLIVEIRA DOS BREJINHOS";"Velocidade Incompatível";"Tombamento";"Com Vítimas Feridas";"Plena Noite";"Crescente";"Nublado";"Simples";"Curva";"Não";1;0;1;0;0;0;1;1;-12,40158974;-42,37914499;"SPRF-BA";"DEL06-BA";"UOP01-DEL06-BA"
215336;2019-06-13;"quinta-feira";"03:45:00";"SC";101;12,6;"GARUVA";"Velocidade Incompatível";"Colisão traseira";"Com Vítimas Feridas";"Plena Noite";"Decrescente";"Nevoeiro/Neblina";"Dupla";"Declive";"Não";2;0;0;1;1;0;1;2;-26,08104399;-48,86175612;"SPRF-SC";"DEL03-SC";"UOP01-DEL03-SC"
215337;2019-06-13;"quinta-feira";"02:15:00";"MG";262;462;"ARAUJOS";"Condutor Dormindo";"Colisão traseira";"Com Vítimas Feridas";"Plena Noite";"Decrescente";"Céu Claro";"Simples";"Reta";"Não";2;0;0;1;1;0;1;2;-19,81682578;-45,08869985;"SPRF-MG";"DEL08-MG";"UOP03-DEL08-MG"
215341;2019-06-13;"quinta-feira";"05:15:00";"CE";222;23;"CAUCAIA";"Falta de Atenção à Condução";"Colisão traseira";"Com Vítimas Feridas";"Pleno dia";"Crescente";"Chuva";"Simples";"Reta";"Sim";2;0;0;1;1;0;1;2;-3,73178984;-38,75974197;"SPRF-CE";"DEL01-CE";"UOP01-DEL01-CE"
215343;2019-06-13;"quinta-feira";"02:30:00";"GO";414;355;"VILA PROPICIO";"Animais na Pista";"Tombamento";"Sem Vítimas";"Plena Noite";"Decrescente";"Céu Claro";"Simples";"Curva";"Não";2;0;0;0;1;2;0;3;-15,20091703;-48,70185812;"SPRF-GO";"DEL02-GO";"UOP01-DEL02-GO"
215345;2019-06-13;"quinta-feira";"06:10:00";"GO";153;574,6;"PROFESSOR JAMIL";"Condutor Dormindo";"Colisão traseira";"Com Vítimas Feridas";"Amanhecer";"Decrescente";"Céu Claro";"Dupla";"Reta";"Não";4;0;4;0;0;0;4;2;-17,3417856;-49,24400752;"SPRF-GO";"DEL03-GO";"UOP01-DEL03-GO"
215347;2019-06-13;"quinta-feira";"04:40:00";"MT";163;780,7;"SORRISO";"Falta de Atenção à Condução";"Colisão traseira";"Com Vítimas Feridas";"Plena Noite";"Decrescente";"Céu Claro";"Simples";"Reta";"Não";3;0;1;0;1;1;1;3;-12,44381988;-55,65547316;"SPRF-MT";"DEL06-MT";"UOP01-DEL06-MT"
215349;2019-06-13;"quinta-feira";"06:50:00";"SC";101;158,2;"PORTO BELO";"Não guardar distância de segurança";"Colisão traseira";"Com Vítimas Feridas";"Pleno dia";"Decrescente";"Céu Claro";"Dupla";"Reta";"Sim";2;0;0;1;1;0;1;2;-27,19096301;-48,61259017;"SPRF-SC";"DEL04-SC";"UOP03-DEL04-SC"
215356;2019-06-13;"quinta-feira";"05:40:00";"MG";262;110;"SANTO ANTONIO DO GRAMA";"Desobediência às normas de trânsito pelo condutor";"Colisão lateral";"Com Vítimas Feridas";"Pleno dia";"Crescente";"Céu Claro";"Simples";"Curva";"Não";2;0;1;0;0;1;1;2;-20,269447;-42,586014;"SPRF-MG";"DEL03-MG";"UOP03-DEL03-MG"
215361;2019-06-13;"quinta-feira";"07:10:00";"MG";50;35,2;"ARAGUARI";"Restrição de Visibilidade";"Colisão traseira";"Com Vítimas Feridas";"Amanhecer";"Decrescente";"Céu Claro";"Simples";"Reta";"Sim";5;0;0;2;2;1;2;3;-18,65298486;-48,14309835;"SPRF-MG";"DEL15-MG";"UOP02-DEL15-MG"
215362;2019-06-13;"quinta-feira";"07:25:00";"GO";60;82,5;"ANAPOLIS";"Condutor Dormindo";"Colisão traseira";"Sem Vítimas";"Pleno dia";"Crescente";"Céu Claro";"Dupla";"Reta";"Não";3;0;0;0;2;1;0;3;-16,3136;-48,8366;"SPRF-GO";"DEL02-GO";"UOP01-DEL02-GO"
215373;2019-06-13;"quinta-feira";"07:15:00";"PR";476;232,4;"LAPA";"Condutor Dormindo";"Tombamento";"Com Vítimas Feridas";"Pleno dia";"Crescente";"Céu Claro";"Simples";"Curva";"Não";2;0;1;0;0;1;1;2;-25,883068;-49,998787;"SPRF-PR";"DEL02-PR";"UOP04-DEL02-PR"
215378;2019-06-13;"quinta-feira";"08:45:00";"PE";101;90,8;"JABOATAO DOS GUARARAPES";"Pista Escorregadia";"Saída de leito carroçável";"Com Vítimas Feridas";"Pleno dia";"Crescente";"Chuva";"Dupla";"Reta";"Sim";2;0;1;0;1;0;1;2;-8,21612792;-34,98772817;"SPRF-PE";"DEL01-PE";"UOP03-DEL01-PE"
215379;2019-06-13;"quinta-feira";"08:50:00";"SC";101;142;"ITAPEMA";"Falta de Atenção à Condução";"Tombamento";"Com Vítimas Feridas";"Pleno dia";"Crescente";"Céu Claro";"Dupla";"Reta";"Não";3;0;1;0;1;1;1;3;-27,056089;-48,599449;"SPRF-SC";"DEL04-SC";"UOP03-DEL04-SC"
215382;2019-06-13;"quinta-feira";"10:00:00";"SP";116;123;"CACAPAVA";"Falta de Atenção à Condução";"Derramamento de carga";"Com Vítimas Feridas";"Pleno dia";"Crescente";"Céu Claro";"Dupla";"Reta";"Não";2;0;1;0;0;1;1;2;-23,08754228;-45,66969781;"SPRF-SP";"DEL06-SP";"UOP02-DEL02-SP"
215389;2019-06-13;"quinta-feira";"08:20:00";"PI";316;309;"PICOS";"Falta de Atenção do Pedestre";"Atropelamento de Pedestre";"Com Vítimas Feridas";"Pleno dia";"Crescente";"Sol";"Simples";"Reta";"Sim";2;0;1;0;1;0;1;2;-7,07636237;-41,47647858;"SPRF-PI";"DEL04-PI";"UOP01-DEL04-PI"
215393;2019-06-13;"quinta-feira";"10:30:00";"RS";101;86,4;"OSORIO";"Avarias e/ou desgaste excessivo no pneu";"Incêndio";"Sem Vítimas";"Pleno dia";"Crescente";"Sol";"Dupla";"Reta";"Sim";2;0;0;0;1;1;0;2;-29,88283918;-50,2670002;"SPRF-RS";"DEL03-RS";"UOP01-DEL03-RS"
215395;2019-06-13;"quinta-feira";"09:25:00";"MT";70;522;"VARZEA GRANDE";"Desobediência às normas de trânsito pelo condutor";"Colisão transversal";"Com Vítimas Feridas";"Pleno dia";"Crescente";"Céu Claro";"Simples";"Reta";"Sim";4;0;1;1;1;3;2;5;-15,65727055;-56,18860424;"SPRF-MT";"DEL01-MT";"DEL2/4-UOP02/MT"
215401;2019-06-13;"quinta-feira";"09:00:00";"MS";267;54;"BATAGUASSU";"Não guardar distância de segurança";"Colisão lateral";"Com Vítimas Feridas";"Pleno dia";"Decrescente";"Céu Claro";"Simples";"Reta";"Não";3;0;1;0;2;0;1;2;-21,82796612;-52,6121816;"SPRF-MS";"DEL02-MS";"UOP04-DEL02-MS"
215403;2019-06-13;"quinta-feira";"11:05:00";"RS";470;232;"CARLOS BARBOSA";"Falta de Atenção à Condução";"Colisão transversal";"Com Vítimas Feridas";"Pleno dia";"Decrescente";"Sol";"Simples";"Interseção de Vias";"Não";4;0;2;0;1;1;2;3;-29,2985213;-51,48108786;"SPRF-RS";"DEL06-RS";"UOP01-DEL06-RS"
215406;2019-06-13;"quinta-feira";"09:50:00";"RO";364;358,1;"OURO PRETO DO OESTE";"Ultrapassagem Indevida";"Colisão lateral";"Com Vítimas Feridas";"Pleno dia";"Decrescente";"Sol";"Simples";"Reta;Declive";"Não";3;0;1;1;1;0;2;2;-10,79098663;-62,04115379;"SPRF-RO";"DEL02-RO";"UOP01-DEL02-RO"
215407;2019-06-13;"quinta-feira";"11:35:00";"SC";101;194,7;"BIGUACU";"Falta de Atenção do Pedestre";"Atropelamento de Pedestre";"Com Vítimas Fatais";"Pleno dia";"Decrescente";"Sol";"Dupla";"Reta";"Sim";2;1;0;0;1;0;0;2;-27,49815117;-48,65661236;"SPRF-SC";"DEL01-SC";"UOP01-DEL01-SC"
215408;2019-06-13;"quinta-feira";"09:30:00";"BA";242;370;"PALMEIRAS";"Falta de Atenção à Condução";"Colisão transversal";"Com Vítimas Feridas";"Pleno dia";"Crescente";"Chuva";"Simples";"Declive";"Não";3;0;2;0;1;0;2;2;-12,46131491;-41,46948804;"SPRF-BA";"DEL06-BA";"UOP01-DEL06-BA"
215409;2019-06-13;"quinta-feira";"06:30:00";"SC";116;113,9;"SANTA CECILIA";"Falta de Atenção à Condução";"Engavetamento";"Com Vítimas Fatais";"Plena Noite";"Crescente";"Nevoeiro/Neblina";"Simples";"Reta;Aclive";"Não";8;1;2;2;1;2;4;5;-26,78591907;-50,34487121;"SPRF-SC";"DEL06-SC";"UOP02-DEL06-SC"
215415;2019-06-13;"quinta-feira";"05:30:00";"MA";222;399;"SANTA LUZIA";"Ingestão de Álcool";"Colisão frontal";"Sem Vítimas";"Amanhecer";"Decrescente";"Céu Claro";"Simples";"Reta";"Não";3;0;0;0;1;2;0;3;-3,94461975;-45,64463139;"SPRF-MA";"DEL02-MA";"UI04-DEL02-MA"
215420;2019-06-13;"quinta-feira";"13:24:00";"RS";116;262;"CANOAS";"Carga excessiva e/ou mal acondicionada";"Tombamento";"Sem Vítimas";"Pleno dia";"Decrescente";"Céu Claro";"Dupla";"Reta";"Sim";1;0;0;0;1;0;0;1;-29,896475;-51,17593;"SPRF-RS";"DEL01-RS";"UOP01-DEL01-RS"
215428;2019-06-13;"quinta-feira";"13:20:00";"SP";116;392,4;"MIRACATU";"Ingestão de Álcool";"Colisão lateral";"Sem Vítimas";"Pleno dia";"Crescente";"Céu Claro";"Dupla";"Reta";"Não";2;0;0;0;2;0;0;2;-24,2823606;-47,4330272;"SPRF-SP";"DEL04-SP";"UOP02-DEL04-SP"
215432;2019-06-13;"quinta-feira";"14:20:00";"MG";40;779,7;"JUIZ DE FORA";"Falta de Atenção à Condução";"Colisão lateral";"Com Vítimas Feridas";"Pleno dia";"Crescente";"Céu Claro";"Simples";"Curva";"Não";3;0;1;0;1;1;1;3;-21,67721021;-43,44749451;"SPRF-MG";"DEL05-MG";"UOP01-DEL05-MG"
215442;2019-06-13;"quinta-feira";"13:45:00";"SP";116;162;"JACAREI";"Velocidade Incompatível";"Tombamento";"Com Vítimas Feridas";"Pleno dia";"Crescente";"Céu Claro";"Simples";"Curva";"Não";2;0;1;0;0;1;1;2;-23,28133317;-45,98394689;"SPRF-SP";"DEL02-SP";"UOP01-DEL02-SP"
215444;2019-06-13;"quinta-feira";"15:20:00";"SC";101;93,8;"BARRA VELHA";"Velocidade Incompatível";"Colisão traseira";"Com Vítimas Feridas";"Pleno dia";"Crescente";"Céu Claro";"Dupla";"Curva";"Sim";4;0;0;1;2;2;1;4;-26,6899011;-48,69663873;"SPRF-SC";"DEL03-SC";"UOP02-DEL03-SC"
215448;2019-06-13;"quinta-feira";"14:20:00";"MT";364;534;"ROSARIO OESTE";"Falta de Atenção à Condução";"Colisão com objeto estático";"Com Vítimas Feridas";"Pleno dia";"Decrescente";"Céu Claro";"Simples";"Reta";"Não";4;0;1;0;2;2;1;5;-14,96960698;-56,51566704;"SPRF-MT";"DEL01-MT";"UOP01-DEL01-MT"
215450;2019-06-13;"quinta-feira";"15:20:00";"SP";116;513,1;"CAJATI";"Defeito Mecânico no Veículo";"Colisão traseira";"Sem Vítimas";"Pleno dia";"Decrescente";"Céu Claro";"Dupla";"Curva";"Não";2;0;0;0;2;0;0;2;-24,85109616;-48,21802405;"SPRF-SP";"DEL05-SP";"UAP01-DEL05-SP"
215451;2019-06-13;"quinta-feira";"13:10:00";"SC";282;572,9;"PINHALZINHO";"Falta de Atenção à Condução";"Colisão traseira";"Com Vítimas Feridas";"Pleno dia";"Decrescente";"Céu Claro";"Simples";"Reta";"Não";3;0;1;0;1;2;1;4;-26,879332;-52,949421;"SPRF-SC";"DEL07-SC";"UOP02-DEL07-SC"
215454;2019-06-13;"quinta-feira";"16:00:00";"SP";381;78,9;"SAO PAULO";"Pista Escorregadia";"Tombamento";"Com Vítimas Feridas";"Pleno dia";"Decrescente";"Céu Claro";"Múltipla";"Aclive;Curva";"Não";4;0;1;0;3;0;1;3;-23,404936;-46,579088;"SPRF-SP";"DEL03-SP";"UOP01-DEL03-SP"
215456;2019-06-13;"quinta-feira";"16:00:00";"MG";381;500;"BETIM";"Não guardar distância de segurança";"Colisão lateral";"Sem Vítimas";"Pleno dia";"Decrescente";"Céu Claro";"Dupla";"Reta";"Não";3;0;0;0;2;1;0;3;-20,02513493;-44,23112709;"SPRF-MG";"DEL01-MG";"UOP03-DEL01-MG"
215461;2019-06-13;"quinta-feira";"16:20:00";"MT";163;924;"ITAUBA";"Ultrapassagem Indevida";"Colisão traseira";"Com Vítimas Feridas";"Pleno dia";"Decrescente";"Céu Claro";"Simples";"Reta";"Não";7;0;1;0;4;9;1;14;-11,22521;-55,3023802;"SPRF-MT";"DEL06-MT";"UOP02-DEL06-MT"
215462;2019-06-13;"quinta-feira";"15:45:00";"CE";222;27;"CAUCAIA";"Falta de Atenção à Condução";"Saída de leito carroçável";"Sem Vítimas";"Pleno dia";"Crescente";"Nublado";"Simples";"Reta";"Não";1;0;0;0;1;0;0;1;-3,72045534;-38,79404612;"SPRF-CE";"DEL01-CE";"UOP01-DEL01-CE"
215473;2019-06-13;"quinta-feira";"17:00:00";"RS";158;335,4;"SANTA MARIA";"Falta de Atenção à Condução";"Colisão transversal";"Com Vítimas Feridas";"Pleno dia";"Crescente";"Céu Claro";"Simples";"Reta";"Sim";4;0;0;3;1;0;3;2;-29,70851535;-53,88442286;"SPRF-RS";"DEL09-RS";"UOP01-DEL09-RS"
215474;2019-06-13;"quinta-feira";"19:00:00";"SP";116;161,7;"JACAREI";"Falta de Atenção do Pedestre";"Atropelamento de Pedestre";"Com Vítimas Fatais";"Plena Noite";"Decrescente";"Céu Claro";"Dupla";"Reta";"Sim";2;1;0;0;1;0;0;2;-23,27617003;-45,97592098;"SPRF-SP";"DEL02-SP";"UOP01-DEL02-SP"
215491;2019-06-13;"quinta-feira";"20:15:00";"AL";104;35,4;"UNIAO DOS PALMARES";"Falta de Atenção à Condução";"Colisão traseira";"Com Vítimas Feridas";"Plena Noite";"Crescente";"Garoa/Chuvisco";"Simples";"Reta";"Sim";2;0;1;0;1;0;1;2;-9,1616676;-36,01701171;"SPRF-AL";"DEL01-AL";"UOP02-DEL01-AL"
215496;2019-06-13;"quinta-feira";"19:00:00";"MT";163;784,5;"SORRISO";"Carga excessiva e/ou mal acondicionada";"Derramamento de carga";"Sem Vítimas";"Plena Noite";"Decrescente";"Céu Claro";"Simples";"Reta";"Não";2;0;0;0;1;2;0;3;-12,41515491;-55,63378712;"SPRF-MT";"DEL06-MT";"UOP01-DEL06-MT"
215502;2019-06-13;"quinta-feira";"21:30:00";"PR";277;322,5;"GUARAPUAVA";"Falta de Atenção à Condução";"Colisão lateral";"Com Vítimas Feridas";"Plena Noite";"Crescente";"Céu Claro";"Simples";"Reta";"Não";4;0;1;0;1;2;1;4;-25,37681422;-51,29312754;"SPRF-PR";"DEL03-PR";"UOP01-DEL08-PR"
215508;2019-06-13;"quinta-feira";"18:30:00";"MT";70;261;"PRIMAVERA DO LESTE";"Velocidade Incompatível";"Saída de leito carroçável";"Sem Vítimas";"Anoitecer";"Decrescente";"Céu Claro";"Dupla";"Reta";"Não";2;0;0;0;1;2;0;3;-15,59721099;-54,18939092;"SPRF-MT";"DEL05-MT";"UOP01-DEL05-MT"
215510;2019-06-14;"sexta-feira";"00:00:00";"GO";153;504;"GOIANIA";"Ingestão de Álcool";"Colisão lateral";"Com Vítimas Feridas";"Plena Noite";"Crescente";"Céu Claro";"Dupla";"Declive";"Sim";4;0;2;0;1;2;2;4;-16,7451;-49,2408;"SPRF-GO";"DEL01-GO";"UOP01-DEL01-GO"
215511;2019-06-13;"quinta-feira";"16:15:00";"PA";163;317;"NOVO PROGRESSO";"Desobediência às normas de trânsito pelo condutor";"Colisão traseira";"Com Vítimas Feridas";"Pleno dia";"Decrescente";"Céu Claro";"Simples";"Aclive";"Não";3;0;1;0;1;2;1;4;-7,00242905;-55,43736814;"SPRF-PA";"DEL05-PA";"UOP01-DEL05-PA"
215514;2019-06-14;"sexta-feira";"00:15:00";"PR";277;38,6;"MORRETES";"Defeito Mecânico no Veículo";"Colisão lateral";"Sem Vítimas";"Plena Noite";"Decrescente";"Nublado";"Dupla";"Reta";"Não";4;0;0;0;3;5;0;8;-25,56584471;-48,81116269;"SPRF-PR";"DEL01-PR";"UOP05-DEL01-PR"
215519;2019-06-13;"quinta-feira";"21:25:00";"MT";163;22,8;"ITIQUIRA";"Falta de Atenção à Condução";"Tombamento";"Sem Vítimas";"Plena Noite";"Decrescente";"Céu Claro";"Dupla";"Reta";"Não";2;0;0;0;1;1;0;2;-17,32505699;-54,76070288;"SPRF-MT";"DEL02-MT";"DEL2/2-UOP02/MT"
215523;2019-06-14;"sexta-feira";"03:20:00";"SP";381;60,4;"MAIRIPORA";"Velocidade Incompatível";"Tombamento";"Com Vítimas Feridas";"Plena Noite";"Crescente";"Céu Claro";"Dupla";"Curva";"Não";3;0;2;0;0;1;2;2;-23,29022435;-46,58559151;"SPRF-SP";"DEL03-SP";"UOP01-DEL03-SP"
215529;2019-06-14;"sexta-feira";"05:00:00";"MG";381;613;"OLIVEIRA";"Falta de Atenção à Condução";"Saída de leito carroçável";"Com Vítimas Feridas";"Plena Noite";"Crescente";"Céu Claro";"Dupla";"Curva";"Não";1;0;1;0;0;0;1;1;-20,70345161;-44,75094241;"SPRF-MG";"DEL04-MG";"UOP01-DEL04-MG"
215535;2019-06-14;"sexta-feira";"06:20:00";"MT";364;261;"JUSCIMEIRA";"Defeito na Via";"Tombamento";"Com Vítimas Feridas";"Pleno dia";"Crescente";"Céu Claro";"Simples";"Aclive";"Sim";2;0;1;0;0;2;1;3;-16,03146754;-54,89455522;"SPRF-MT";"DEL02-MT";"UOP02-DEL05-MT"
215541;2019-06-14;"sexta-feira";"07:35:00";"RJ";40;57;"PETROPOLIS";"Falta de Atenção à Condução";"Colisão traseira";"Com Vítimas Feridas";"Pleno dia";"Decrescente";"Sol";"Dupla";"Reta";"Não";2;0;0;1;1;0;1;2;-22,37036795;-43,12819612;"SPRF-RJ";"DEL06-RJ";"UOP01-DEL06-RJ"
215544;2019-06-14;"sexta-feira";"07:00:00";"RJ";116;233,7;"PIRAI";"Defeito Mecânico no Veículo";"Colisão lateral";"Sem Vítimas";"Pleno dia";"Decrescente";"Céu Claro";"Dupla";"Reta";"Não";3;0;0;0;2;1;0;3;-22,66692746;-43,84437561;"SPRF-RJ";"DEL07-RJ";"UOP01-DEL07-RJ"
215546;2019-06-14;"sexta-feira";"05:45:00";"SC";116;183;"SAO CRISTOVAO DO SUL";"Ultrapassagem Indevida";"Colisão frontal";"Com Vítimas Feridas";"Plena Noite";"Crescente";"Nevoeiro/Neblina";"Simples";"Curva";"Não";3;0;1;1;1;0;2;2;-27,2929189;-50,43356775;"SPRF-SC";"DEL05-SC";"UOP03-DEL05-SC"
215547;2019-06-14;"sexta-feira";"06:44:00";"MG";40;523,5;"CONTAGEM";"Falta de Atenção à Condução";"Colisão traseira";"Sem Vítimas";"Pleno dia";"Crescente";"Céu Claro";"Dupla";"Reta";"Sim";6;0;0;0;6;0;0;6;-19,86874894;-44,05962197;"SPRF-MG";"DEL01-MG";"UOP02-DEL01-MG"
215553;2019-06-14;"sexta-feira";"06:00:00";"SP";381;90;"SAO PAULO";"Falta de Atenção à Condução";"Colisão lateral";"Sem Vítimas";"Pleno dia";"Crescente";"Céu Claro";"Dupla";"Reta";"Sim";3;0;0;0;2;2;0;4;-23,49479479;-46,55959864;"SPRF-SP";"DEL03-SP";"UOP01-DEL03-SP"
215554;2019-06-09;"domingo";"06:50:00";"MG";365;613;"UBERLANDIA";"Falta de Atenção à Condução";"Colisão com objeto estático";"Sem Vítimas";"Amanhecer";"Decrescente";"Céu Claro";"Simples";"Reta";"Sim";2;0;0;0;1;1;0;2;-18,884602;-48,26594;"SPRF-MG";"DEL15-MG";"UOP01-DEL15-MG"
215556;2019-06-10;"segunda-feira";"06:30:00";"PR";116;111;"CURITIBA";"Ultrapassagem Indevida";"Saída de leito carroçável";"Sem Vítimas";"Amanhecer";"Decrescente";"Céu Claro";"Dupla";"Reta";"Não";2;0;0;0;2;0;0;2;-25,56885181;-49,22724597;"SPRF-PR";"DEL01-PR";"UOP06-DEL01-PR"
215557;2019-06-14;"sexta-feira";"09:30:00";"MG";381;874;"ESTIVA";"Velocidade Incompatível";"Colisão com objeto estático";"Com Vítimas Feridas";"Pleno dia";"Crescente";"Céu Claro";"Dupla";"Curva";"Não";1;0;0;1;0;0;1;1;-22,45619351;-46,00792634;"SPRF-MG";"DEL16-MG";"UOP01-DEL16-MG"
215565;2019-06-14;"sexta-feira";"10:20:00";"RJ";101;70;"CAMPOS DOS GOYTACAZES";"Falta de Atenção à Condução";"Colisão frontal";"Com Vítimas Feridas";"Pleno dia";"Crescente";"Céu Claro";"Simples";"Reta";"Não";5;0;1;1;2;1;2;3;-21,781011;-41,373363;"SPRF-RJ";"DEL08-RJ";"UOP02-DEL08-RJ"
215566;2019-06-14;"sexta-feira";"09:50:00";"RJ";101;473;"ANGRA DOS REIS";"Falta de Atenção à Condução";"Colisão transversal";"Com Vítimas Feridas";"Pleno dia";"Decrescente";"Sol";"Dupla";"Retorno Regulamentado";"Sim";2;0;1;0;1;0;1;2;-22,98960623;-44,24168693;"SPRF-RJ";"DEL03-RJ";"UOP03-DEL03-RJ"
215568;2019-06-14;"sexta-feira";"08:35:00";"MG";365;160,3;"PIRAPORA";"Carga excessiva e/ou mal acondicionada";"Tombamento";"Sem Vítimas";"Pleno dia";"Decrescente";"Céu Claro";"Simples";"Rotatória";"Sim";2;0;0;0;1;1;0;2;-17,36147194;-44,91972105;"SPRF-MG";"DEL12-MG";"UOP01-DEL12-MG"
215571;2019-06-03;"segunda-feira";"21:00:00";"RR";174;138;"RORAINOPOLIS";"Agressão Externa";"Saída de leito carroçável";"Com Vítimas Feridas";"Plena Noite";"Decrescente";"Nublado";"Simples";"Reta";"Não";2;0;1;0;0;1;1;2;0,297476;-60,521362;"SPRF-RR";"DEL01-RR";"UOP04/RR"
215572;2019-01-22;"terça-feira";"06:00:00";"MT";163;524;"DIAMANTINO";"Falta de Atenção à Condução";"Colisão frontal";"Sem Vítimas";"Amanhecer";"Decrescente";"Céu Claro";"Simples";"Reta";"Não";3;0;0;0;2;4;0;6;-14,47723421;-56,16348267;"SPRF-MT";"DEL01-MT";"UOP01-DEL01-MT"
215577;2019-06-14;"sexta-feira";"12:00:00";"MG";40;601,6;"CONGONHAS";"Falta de Atenção à Condução";"Colisão transversal";"Com Vítimas Feridas";"Pleno dia";"Crescente";"Céu Claro";"Simples";"Reta";"Sim";3;0;0;1;1;1;1;3;-20,43153322;-43,85435616;"SPRF-MG";"DEL05-MG";"UOP02-DEL05-MG"
215581;2019-06-14;"sexta-feira";"13:10:00";"RJ";101;322;"NITEROI";"Falta de Atenção à Condução";"Colisão traseira";"Com Vítimas Feridas";"Pleno dia";"Decrescente";"Céu Claro";"Dupla";"Reta";"Sim";4;0;2;0;2;0;2;2;-22,878923;-43,110676;"SPRF-RJ";"DEL02-RJ";"UOP02-DEL02-RJ"
215589;2019-06-14;"sexta-feira";"13:30:00";"MG";381;821,3;"CAREACU";"Não guardar distância de segurança";"Colisão traseira";"Com Vítimas Feridas";"Pleno dia";"Decrescente";"Céu Claro";"Dupla";"Reta";"Não";4;0;2;0;2;0;2;2;-22,115744;-45,75104535;"SPRF-MG";"DEL16-MG";"UOP02-DEL16-MG"
215591;2019-06-14;"sexta-feira";"14:00:00";"PR";373;271;"PRUDENTOPOLIS";"Falta de Atenção à Condução";"Colisão traseira";"Com Vítimas Feridas";"Pleno dia";"Crescente";"Sol";"Simples";"Aclive;Reta";"Não";3;0;1;0;2;0;1;2;-25,223231;-51,025425;"SPRF-PR";"DEL03-PR";"UOP01-DEL03-PR"
215605;2019-06-14;"sexta-feira";"15:27:00";"PB";230;30;"JOAO PESSOA";"Não guardar distância de segurança";"Colisão traseira";"Sem Vítimas";"Pleno dia";"Crescente";"Nublado";"Dupla";"Reta";"Sim";3;0;0;0;3;0;0;3;-7,1549;-34,9077;"SPRF-PB";"DEL01-PB";"UOP01-DEL01-PB"
215609;2019-06-14;"sexta-feira";"15:40:00";"SP";116;34,2;"CACHOEIRA PAULISTA";"Falta de Atenção à Condução";"Colisão traseira";"Com Vítimas Feridas";"Pleno dia";"Crescente";"Sol";"Dupla";"Reta";"Não";3;0;1;0;1;2;1;4;-22,65447396;-44,95940103;"SPRF-SP";"DEL08-SP";"UOP02-DEL08-SP"
215613;2019-06-14;"sexta-feira";"07:30:00";"MG";116;445,2;"ENGENHEIRO CALDAS";"Condutor Dormindo";"Colisão lateral";"Com Vítimas Feridas";"Pleno dia";"Crescente";"Céu Claro";"Simples";"Curva";"Não";3;0;1;0;1;1;1;3;-19,11245363;-42,00351446;"SPRF-MG";"DEL06-MG";"UOP02-DEL06-MG"
215617;2019-06-14;"sexta-feira";"08:00:00";"MG";381;247,1;"SANTANA DO PARAISO";"Não guardar distância de segurança";"Colisão traseira";"Com Vítimas Feridas";"Pleno dia";"Decrescente";"Nevoeiro/Neblina";"Simples";"Reta";"Não";6;0;2;2;1;1;4;5;-19,43009128;-42,50387192;"SPRF-MG";"DEL06-MG";"UOP01-DEL06-MG"
215621;2019-06-14;"sexta-feira";"14:30:00";"MT";364;15,8;"ALTO ARAGUAIA";"Velocidade Incompatível";"Tombamento";"Com Vítimas Feridas";"Pleno dia";"Decrescente";"Sol";"Simples";"Rotatória";"Não";2;0;1;0;0;3;1;4;-17,23346851;-53,32207918;"SPRF-MT";"DEL02-MT";"UOP02-DEL02-MT"
215644;2019-06-14;"sexta-feira";"18:30:00";"RJ";40;121;"DUQUE DE CAXIAS";"Não guardar distância de segurança";"Engavetamento";"Com Vítimas Feridas";"Plena Noite";"Decrescente";"Céu Claro";"Múltipla";"Reta";"Sim";7;0;4;0;3;0;4;4;-22,78185499;-43,28571273;"SPRF-RJ";"DEL01-RJ";"UOP01-DEL01-RJ"
215648;2019-06-14;"sexta-feira";"18:25:00";"ES";101;295,4;"CARIACICA";"Falta de Atenção à Condução";"Colisão lateral";"Com Vítimas Feridas";"Plena Noite";"Crescente";"Céu Claro";"Dupla";"Reta";"Sim";4;0;1;0;2;1;1;3;-20,33223667;-40,40004683;"SPRF-ES";"DEL01-ES";"UOP01-DEL01-ES"
215650;2019-06-14;"sexta-feira";"18:20:00";"PR";277;56;"SAO JOSE DOS PINHAIS";"Desobediência às normas de trânsito pelo condutor";"Colisão transversal";"Com Vítimas Feridas";"Plena Noite";"Decrescente";"Céu Claro";"Dupla";"Reta";"Não";4;0;1;1;1;1;2;3;-25,58612344;-48,95485311;"SPRF-PR";"DEL01-PR";"UOP07-DEL01-PR"