"id";"data_inversa";"dia_semana";"horario";"uf";"br";"km";"municipio";"causa_acidente";"tipo_acidente";"classificacao_acidente";"fase_dia";"sentido_via";"condicao_metereologica";"tipo_pista";"tracado_via";"uso_solo";"pessoas";"mortos";"feridos_leves";"feridos_graves";"ilesos";"ignorados";"feridos";"veiculos";"latitude";"longitude";"regional";"delegacia";"uop"
215654;2019-06-14;"sexta-feira";"16:30:00";"GO";364;149;"APARECIDA DO RIO DOCE";"Ingestão de Álcool";"Saída de leito carroçável";"Com Vítimas Feridas";"Pleno dia";"Decrescente";"Céu Claro";"Simples";"Curva";"Não";2;0;1;0;0;2;1;3;-18,165903;-51,420219;"SPRF-GO";"DEL05-GO";"UOP01-DEL05-GO"
215655;2019-06-14;"sexta-feira";"17:55:00";"SC";101;129,4;"BALNEARIO CAMBORIU";"Falta de Atenção à Condução";"Colisão traseira";"Com Vítimas Feridas";"Anoitecer";"Decrescente";"Céu Claro";"Dupla";"Reta";"Não";2;0;0;1;1;0;1;2;-26,98064277;-48,6790679;"SPRF-SC";"DEL04-SC";"UOP03-DEL04-SC"
215657;2019-06-14;"sexta-feira";"08:20:00";"SP";116;359,3;"MIRACATU";"Desobediência às normas de trânsito pelo condutor";"Tombamento";"Com Vítimas Feridas";"Pleno dia";"Decrescente";"Céu Claro";"Dupla";"Curva";"Não";1;0;1;0;0;0;1;1;-24,10862227;-47,26589989;"SPRF-SP";"DEL04-SP";"UOP03-DEL04-SP"
215662;2019-06-14;"sexta-feira";"17:30:00";"ES";259;50,7;"COLATINA";"Defeito Mecânico no Veículo";"Danos eventuais";"Com Vítimas Feridas";"Anoitecer";"Decrescente";"Céu Claro";"Simples";"Reta";"Sim";2;0;1;0;0;1;1;2;-19,510103;-40,60615;"SPRF-ES";"DEL02-ES";"UOP01-DEL02-ES"
215663;2019-06-14;"sexta-feira";"17:00:00";"BA";116;695;"JEQUIE";"Ultrapassagem Indevida";"Tombamento";"Sem Vítimas";"Pleno dia";"Decrescente";"Céu Claro";"Simples";"Reta";"Não";2;0;0;0;1;1;0;2;-13,98440895;-40,17644743;"SPRF-BA";"DEL03-BA";"UOP01-DEL03-BA"
215664;2019-06-14;"sexta-feira";"17:45:00";"AC";364;129;"RIO BRANCO";"Ultrapassagem Indevida";"Colisão lateral";"Com Vítimas Fatais";"Anoitecer";"Crescente";"Céu Claro";"Simples";"Reta";"Não";3;1;0;0;1;1;0;3;-10,02882024;-67,82932804;"SPRF-AC";"DEL01-AC";"UOP01-DEL01-AC"
215670;2019-06-14;"sexta-feira";"10:15:00";"BA";116;903;"CANDIDO SALES";"Ultrapassagem Indevida";"Colisão frontal";"Com Vítimas Feridas";"Pleno dia";"Crescente";"Nevoeiro/Neblina";"Simples";"Reta;Aclive";"Não";3;0;2;0;0;1;2;3;-15,37997916;-41,19853984;"SPRF-BA";"DEL08-BA";"UOP03-DEL08-BA"
215676;2019-06-14;"sexta-feira";"20:15:00";"RS";293;50,1;"CERRITO";"Desobediência às normas de trânsito pelo condutor";"Colisão transversal";"Com Vítimas Fatais";"Plena Noite";"Crescente";"Nublado";"Simples";"Reta";"Não";3;1;0;0;1;1;0;3;-31,72832684;-52,8361702;"SPRF-RS";"DEL07-RS";"UOP01-DEL07-RS"
215680;2019-06-14;"sexta-feira";"19:20:00";"MG";50;43,2;"ARAGUARI";"Desobediência às normas de trânsito pelo condutor";"Colisão traseira";"Com Vítimas Feridas";"Plena Noite";"Decrescente";"Céu Claro";"Dupla";"Reta";"Não";2;0;1;0;1;0;1;2;-18,69601921;-48,18331003;"SPRF-MG";"DEL15-MG";"UOP02-DEL15-MG"
215688;2019-06-14;"sexta-feira";"19:20:00";"SC";282;483,7;"FAXINAL DOS GUEDES";"Falta de Atenção à Condução";"Colisão lateral";"Com Vítimas Feridas";"Plena Noite";"Decrescente";"Céu Claro";"Simples";"Curva";"Não";3;0;1;0;1;1;1;3;-26,861937;-52,227974;"SPRF-SC";"DEL07-SC";"UOP01-DEL07-SC"
215698;2019-06-14;"sexta-feira";"14:40:00";"BA";116;359,2;"SERRINHA";"Velocidade Incompatível";"Tombamento";"Com Vítimas Feridas";"Pleno dia";"Crescente";"Nublado";"Dupla";"Curva";"Sim";2;0;1;0;0;1;1;2;-11,66618301;-39,00086165;"SPRF-BA";"DEL02-BA";"UOP01-DEL02-BA"
215702;2019-06-14;"sexta-feira";"17:35:00";"MT";70;626;"POCONE";"Não guardar distância de segurança";"Colisão traseira";"Com Vítimas Feridas";"Anoitecer";"Decrescente";"Céu Claro";"Simples";"Reta";"Não";2;0;1;0;1;0;1;2;-15,933503;-56,994131;"SPRF-MT";"DEL03-MT";"UOP02-DEL03-MT"
215706;2019-06-14;"sexta-feira";"19:00:00";"RS";386;190,1;"SANTO ANTONIO DO PLANALTO";"Defeito Mecânico no Veículo";"Incêndio";"Sem Vítimas";"Plena Noite";"Crescente";"Céu Claro";"Simples";"Declive";"Não";2;0;0;0;1;1;0;2;-28,380714;-52,703381;"SPRF-RS";"DEL08-RS";"UOP01-DEL08-RS"
215709;2019-06-14;"sexta-feira";"21:15:00";"SC";470;175,6;"POUSO REDONDO";"Ingestão de Álcool";"Atropelamento de Pedestre";"Com Vítimas Fatais";"Plena Noite";"Crescente";"Nevoeiro/Neblina";"Múltipla";"Curva;Aclive";"Não";2;1;0;0;1;0;0;2;-27,25518455;-49,94415544;"SPRF-SC";"DEL04-SC";"UOP02-DEL04-SC"
215712;2019-06-15;"sábado";"00:20:00";"PR";277;429,1;"VIRMOND";"Ingestão de Álcool";"Colisão transversal";"Sem Vítimas";"Plena Noite";"Decrescente";"Céu Claro";"Simples";"Curva;Aclive";"Não";2;0;0;0;2;0;0;2;-25,39253622;-52,23222256;"SPRF-PR";"DEL04-PR";"UOP02-DEL04-PR"
215713;2019-06-14;"sexta-feira";"23:00:00";"GO";153;255,1;"SAO LUIZ DO NORTE";"Falta de Atenção à Condução";"Saída de leito carroçável";"Com Vítimas Feridas";"Plena Noite";"Decrescente";"Céu Claro";"Simples";"Interseção de Vias;Reta";"Não";2;0;1;0;0;1;1;2;-14,95606;-49,380375;"SPRF-GO";"DEL07-GO";"UOP02-DEL07-GO"
215727;2019-06-15;"sábado";"01:40:00";"RS";101;52,4;"TERRA DE AREIA";"Condutor Dormindo";"Saída de leito carroçável";"Sem Vítimas";"Plena Noite";"Crescente";"Nublado";"Dupla";"Curva";"Não";2;0;0;0;1;1;0;2;-29,62267366;-50,09718947;"SPRF-RS";"DEL03-RS";"UOP02-DEL03-RS"
215737;2019-06-15;"sábado";"01:40:00";"MA";10;195,2;"RIBAMAR FIQUENE";"Defeito Mecânico no Veículo";"Incêndio";"Sem Vítimas";"Plena Noite";"Crescente";"Céu Claro";"Simples";"Reta";"Não";2;0;0;0;1;2;0;3;-6,009688;-47,382977;"SPRF-MA";"DEL04-MA";"UOP01-DEL04-MA"
215738;2019-06-15;"sábado";"04:00:00";"GO";452;13,8;"RIO VERDE";"Falta de Atenção à Condução";"Tombamento";"Com Vítimas Feridas";"Plena Noite";"Crescente";"Céu Claro";"Simples";"Reta";"Não";1;0;1;0;0;0;1;1;-17,8421988;-50,79337593;"SPRF-GO";"DEL04-GO";"UOP01-DEL04-GO"
215741;2019-06-15;"sábado";"05:20:00";"SC";470;105,1;"APIUNA";"Falta de Atenção à Condução";"Colisão frontal";"Com Vítimas Fatais";"Plena Noite";"Decrescente";"Céu Claro";"Simples";"Curva";"Não";6;2;0;2;1;1;2;3;-27,066006;-49,417019;"SPRF-SC";"DEL04-SC";"UOP02-DEL04-SC"
215744;2019-06-15;"sábado";"05:10:00";"PE";424;83,8;"GARANHUNS";"Falta de Atenção à Condução";"Tombamento";"Com Vítimas Feridas";"Pleno dia";"Decrescente";"Céu Claro";"Simples";"Curva";"Não";2;0;1;0;0;1;1;2;-8,84593423;-36,52457016;"SPRF-PE";"DEL03-PE";"UOP01-DEL03-PE"
215746;2019-05-10;"sexta-feira";"06:20:00";"RS";287;249;"SANTA MARIA";"Ingestão de Álcool";"Saída de leito carroçável";"Com Vítimas Feridas";"Amanhecer";"Crescente";"Chuva";"Simples";"Reta";"Não";3;0;0;1;2;0;1;2;-29,69400654;-53,86100019;"SPRF-RS";"DEL09-RS";"UOP01-DEL09-RS"
215751;2019-06-15;"sábado";"04:30:00";"GO";158;245;"JATAI";"Defeito Mecânico no Veículo";"Colisão com objeto estático";"Com Vítimas Feridas";"Plena Noite";"Crescente";"Céu Claro";"Simples";"Reta";"Sim";4;0;2;0;2;0;2;2;-17,64508597;-51,84642788;"SPRF-GO";"DEL05-GO";"UOP01-DEL05-GO"
215767;2019-06-15;"sábado";"07:55:00";"MT";364;190,4;"RONDONOPOLIS";"Ultrapassagem Indevida";"Tombamento";"Sem Vítimas";"Pleno dia";"Decrescente";"Céu Claro";"Simples";"Reta";"Não";2;0;0;0;1;2;0;3;-16,5554419;-54,57066995;"SPRF-MT";"DEL02-MT";"UOP01-DEL02-MT"
215773;2019-06-14;"sexta-feira";"05:20:00";"MT";174;209,6;"FIGUEIROPOLIS DOESTE";"Falta de Atenção à Condução";"Tombamento";"Com Vítimas Fatais";"Amanhecer";"Decrescente";"Nublado";"Simples";"Curva";"Não";6;4;0;0;0;2;0;4;-15,64829298;-58,74536299;"SPRF-MT";"DEL04-MT";"UOP01-DEL04-MT"
215779;2019-06-14;"sexta-feira";"22:15:00";"BA";407;207;"CALDEIRAO GRANDE";"Animais na Pista";"Atropelamento de Animal";"Com Vítimas Fatais";"Plena Noite";"Crescente";"Céu Claro";"Simples";"Reta";"Não";6;3;0;1;1;1;1;3;-11,16499996;-40,05247087;"SPRF-BA";"DEL04-BA";"UOP02-DEL04-BA"
215782;2019-06-15;"sábado";"09:30:00";"MS";267;392,7;"MARACAJU";"Defeito Mecânico no Veículo";"Saída de leito carroçável";"Com Vítimas Feridas";"Pleno dia";"Decrescente";"Céu Claro";"Simples";"Curva";"Não";1;0;1;0;0;0;1;1;-21,61650664;-55,39449793;"SPRF-MS";"DEL05-MS";"UOP01-DEL05-MS"
215793;2019-06-15;"sábado";"11:00:00";"MA";135;23,3;"SAO LUIS";"Falta de Atenção à Condução";"Colisão traseira";"Sem Vítimas";"Pleno dia";"Crescente";"Céu Claro";"Simples";"Reta";"Sim";2;0;0;0;2;0;0;2;-2,75265593;-44,34833106;"SPRF-MA";"DEL01-MA";"UOP01-DEL01-MA"
215795;2019-06-15;"sábado";"11:05:00";"MG";40;483;"SETE LAGOAS";"Falta de Atenção à Condução";"Tombamento";"Com Vítimas Feridas";"Pleno dia";"Decrescente";"Céu Claro";"Dupla";"Curva";"Não";3;0;1;0;1;1;1;3;-19,56753;-44,23715;"SPRF-MG";"DEL02-MG";"UOP01-DEL02-MG"
215797;2019-06-15;"sábado";"12:00:00";"SP";116;409,5;"JUQUIA";"Falta de Atenção à Condução";"Colisão lateral";"Com Vítimas Feridas";"Pleno dia";"Crescente";"Céu Claro";"Dupla";"Declive";"Não";3;0;1;0;1;1;1;3;-24,331595;-47,584785;"SPRF-SP";"DEL05-SP";"UOP01-DEL05-SP"
215800;2019-06-15;"sábado";"08:45:00";"PR";376;399;"ORTIGUEIRA";"Velocidade Incompatível";"Tombamento";"Sem Vítimas";"Pleno dia";"Crescente";"Céu Claro";"Simples";"Curva";"Não";2;0;0;0;1;1;0;2;-24,15827354;-50,97252846;"SPRF-PR";"DEL03-PR";"UOP02-DEL03-PR"
215801;2019-06-15;"sábado";"12:20:00";"GO";70;7,7;"AGUAS LINDAS DE GOIAS";"Falta de Atenção à Condução";"Colisão lateral";"Com Vítimas Feridas";"Pleno dia";"Decrescente";"Céu Claro";"Dupla";"Reta;Declive";"Sim";3;0;1;0;1;1;1;3;-15,73867591;-48,27304065;"SPRF-DF";"DEL01-DF";"UOP02-DEL03-DF"
215808;2019-06-14;"sexta-feira";"03:00:00";"BA";242;469;"IBITIARA";"Defeito Mecânico no Veículo";"Tombamento";"Com Vítimas Feridas";"Plena Noite";"Crescente";"Céu Claro";"Simples";"Declive";"Não";3;0;1;1;1;0;2;2;-12,45772551;-42,21998085;"SPRF-BA";"DEL06-BA";"UOP01-DEL06-BA"
215811;2019-06-15;"sábado";"13:30:00";"ES";101;331;"GUARAPARI";"Ultrapassagem Indevida";"Colisão lateral";"Com Vítimas Feridas";"Pleno dia";"Crescente";"Céu Claro";"Simples";"Curva";"Sim";3;0;2;0;1;0;2;2;-20,60149301;-40,50248706;"SPRF-ES";"DEL03-ES";"UOP01-DEL03-ES"
215815;2019-06-15;"sábado";"13:45:00";"BA";407;24;"JUAZEIRO";"Não guardar distância de segurança";"Colisão traseira";"Com Vítimas Fatais";"Pleno dia";"Decrescente";"Nublado";"Simples";"Reta";"Não";3;1;1;0;1;0;1;2;-9,57728977;-40,42853856;"SPRF-BA";"DEL04-BA";"UOP01-DEL04-BA"
215818;2019-06-15;"sábado";"07:00:00";"RO";364;553;"ALTO PARAISO";"Condutor Dormindo";"Tombamento";"Com Vítimas Feridas";"Pleno dia";"Crescente";"Céu Claro";"Simples";"Reta";"Não";2;0;1;0;0;3;1;4;-9,62485;-63,07286307;"SPRF-RO";"DEL03-RO";"UOP01-DEL03-RO"
215820;2019-05-31;"sexta-feira";"23:40:00";"MG";365;682,3;"MONTE ALEGRE DE MINAS";"Falta de Atenção à Condução";"Colisão lateral";"Com Vítimas Feridas";"Plena Noite";"Crescente";"Céu Claro";"Dupla";"Reta";"Não";4;0;1;0;2;1;1;3;-18,85061244;-48,83796296;"SPRF-MG";"DEL15-MG";"UOP01-DEL15-MG"
215825;2019-06-15;"sábado";"12:15:00";"MG";381;635;"SANTO ANTONIO DO AMPARO";"Velocidade Incompatível";"Tombamento";"Com Vítimas Feridas";"Pleno dia";"Crescente";"Céu Claro";"Dupla";"Curva";"Não";4;0;1;0;2;2;1;5;-20,88278809;-44,85183046;"SPRF-MG";"DEL04-MG";"UOP01-DEL04-MG"
215827;2019-06-11;"terça-feira";"11:00:00";"BA";101;624;"MASCOTE";"Velocidade Incompatível";"Colisão frontal";"Sem Vítimas";"Pleno dia";"Decrescente";"Chuva";"Simples";"Curva";"Não";4;0;0;0;2;2;0;2;-15,858785;-39,520394;"SPRF-BA";"DEL05-BA";"UOP02-DEL05-BA"
215829;2019-06-15;"sábado";"14:30:00";"PR";277;654,8;"MATELANDIA";"Falta de Atenção à Condução";"Tombamento";"Com Vítimas Feridas";"Pleno dia";"Decrescente";"Céu Claro";"Simples";"Curva";"Não";2;0;1;0;0;1;1;2;-25,25339058;-53,98612976;"SPRF-PR";"DEL05-PR";"UOP02-DEL05-PR"
215834;2019-06-15;"sábado";"11:30:00";"SC";280;210;"TRES BARRAS";"Desobediência às normas de trânsito pelo condutor";"Colisão transversal";"Com Vítimas Feridas";"Pleno dia";"Decrescente";"Céu Claro";"Simples";"Reta";"Não";5;0;1;1;2;1;2;3;-26,17399809;-50,16814498;"SPRF-SC";"DEL06-SC";"UOP04-DEL06-SC"
215836;2019-06-15;"sábado";"13:55:00";"MT";364;336,3;"SANTO ANTONIO DO LEVERGER";"Falta de Atenção à Condução";"Colisão traseira";"Com Vítimas Feridas";"Pleno dia";"Crescente";"Sol";"Dupla";"Reta";"Não";3;0;0;1;1;2;1;4;-15,82922629;-55,46004487;"SPRF-MT";"DEL02-MT";"UOP02-DEL05-MT"
215841;2019-06-15;"sábado";"13:45:00";"MT";364;475;"JANGADA";"Desobediência às normas de trânsito pelo condutor";"Colisão lateral";"Sem Vítimas";"Pleno dia";"Crescente";"Céu Claro";"Simples";"Reta";"Não";5;0;0;0;4;9;0;13;-15,4248342;-56,34374535;"SPRF-MT";"DEL01-MT";"DEL2/4-UOP02/MT"
215843;2019-02-23;"sábado";"01:00:00";"BA";116;325;"ARACI";"Defeito Mecânico no Veículo";"Incêndio";"Sem Vítimas";"Plena Noite";"Decrescente";"Céu Claro";"Simples";"Reta";"Não";2;0;0;0;1;1;0;2;-11,37406601;-38,96457692;"SPRF-BA";"DEL02-BA";"UOP01-DEL02-BA"
215844;2019-06-15;"sábado";"16:20:00";"PA";155;343;"MARABA";"Ingestão de Álcool";"Colisão com objeto estático";"Sem Vítimas";"Pleno dia";"Crescente";"Céu Claro";"Simples";"Reta";"Sim";3;0;0;0;1;2;0;3;-5,36957395;-49,07796968;"SPRF-PA";"DEL03-PA";"UOP01-DEL03-PA"
215850;2019-06-15;"sábado";"16:40:00";"MT";364;254,4;"JUSCIMEIRA";"Desobediência às normas de trânsito pelo condutor";"Colisão frontal";"Com Vítimas Fatais";"Pleno dia";"Decrescente";"Céu Claro";"Simples";"Aclive";"Não";4;1;0;0;1;2;0;4;-16,08922789;-54,86945773;"SPRF-MT";"DEL02-MT";"UOP01-DEL02-MT"
215858;2019-06-15;"sábado";"18:15:00";"SP";153;87,5;"MIRASSOL";"Desobediência às normas de trânsito pelo condutor";"Colisão frontal";"Com Vítimas Feridas";"Anoitecer";"Decrescente";"Céu Claro";"Simples";"Declive";"Não";8;0;4;0;4;0;4;3;-20,94498178;-49,53459612;"SPRF-SP";"DEL09-SP";"UOP01-DEL09-SP"
215862;2019-06-15;"sábado";"06:40:00";"MG";381;211,9;"NAQUE";"Velocidade Incompatível";"Tombamento";"Com Vítimas Feridas";"Pleno dia";"Decrescente";"Sol";"Simples";"Curva";"Não";2;0;1;0;0;2;1;3;-19,23795112;-42,33237583;"SPRF-MG";"DEL06-MG";"UOP01-DEL06-MG"
215867;2019-05-30;"quinta-feira";"11:10:00";"SP";381;80,9;"SAO PAULO";"Falta de Atenção à Condução";"Colisão lateral";"Com Vítimas Fatais";"Pleno dia";"Crescente";"Céu Claro";"Dupla";"Reta";"Sim";4;1;0;0;2;1;0;3;-23,40889686;-46,58095945;"SPRF-SP";"DEL03-SP";"UOP01-DEL03-SP"
215869;2019-06-15;"sábado";"14:00:00";"PI";135;387;"BOM JESUS";"Defeito na Via";"Saída de leito carroçável";"Sem Vítimas";"Pleno dia";"Decrescente";"Céu Claro";"Simples";"Curva";"Não";3;0;0;0;1;3;0;4;-9,32512007;-44,51784779;"SPRF-PI";"DEL03-PI";"UOP02-DEL03-PI"
215894;2019-02-11;"segunda-feira";"21:17:00";"MG";365;320,2;"SAO GONCALO DO ABAETE";"Falta de Atenção à Condução";"Colisão lateral";"Com Vítimas Feridas";"Plena Noite";"Crescente";"Céu Claro";"Dupla";"Reta";"Não";55;0;32;13;10;0;45;2;-18,269438;-45,885796;"SPRF-MG";"DEL10-MG";"UOP01-DEL10-MG"
215899;2019-06-15;"sábado";"20:00:00";"RJ";116;168;"SAO JOAO DE MERITI";"Falta de Atenção à Condução";"Atropelamento de Pedestre";"Com Vítimas Feridas";"Plena Noite";"Decrescente";"Céu Claro";"Múltipla";"Reta";"Sim";2;0;1;0;1;0;1;2;-22,819969;-43,31499997;"SPRF-RJ";"DEL01-RJ";"UOP02-DEL01-RJ"
215901;2019-06-15;"sábado";"20:05:00";"PR";163;247;"TOLEDO";"Falta de Atenção à Condução";"Colisão frontal";"Sem Vítimas";"Plena Noite";"Crescente";"Céu Claro";"Simples";"Reta";"Não";5;0;0;0;3;3;0;5;-24,717822;-53,711597;"SPRF-PR";"DEL06-PR";"UOP02-DEL06-PR"
215910;2019-06-15;"sábado";"14:30:00";"MT";163;786,4;"VERA";"Falta de Atenção à Condução";"Colisão traseira";"Com Vítimas Feridas";"Pleno dia";"Decrescente";"Céu Claro";"Simples";"Interseção de Vias;Reta";"Não";6;0;3;0;2;2;3;4;-12,28608222;-55,56172371;"SPRF-MT";"DEL06-MT";"UOP01-DEL06-MT"
215925;2019-06-15;"sábado";"22:15:00";"CE";222;20,4;"CAUCAIA";"Desobediência às normas de trânsito pelo condutor";"Colisão frontal";"Sem Vítimas";"Plena Noite";"Crescente";"Chuva";"Simples";"Reta";"Não";3;0;0;0;1;2;0;3;-3,73715313;-38,74293507;"SPRF-CE";"DEL01-CE";"UOP01-DEL01-CE"
215931;2019-06-15;"sábado";"23:30:00";"RJ";101;47;"CAMPOS DOS GOYTACAZES";"Ultrapassagem Indevida";"Colisão frontal";"Com Vítimas Fatais";"Plena Noite";"Decrescente";"Céu Claro";"Simples";"Reta";"Sim";4;1;0;1;1;1;1;3;-21,60743504;-41,31655533;"SPRF-RJ";"DEL08-RJ";"UOP01-DEL08-RJ"
215938;2019-06-15;"sábado";"16:40:00";"MT";70;691,7;"CACERES";"Defeito Mecânico no Veículo";"Colisão traseira";"Sem Vítimas";"Pleno dia";"Decrescente";"Céu Claro";"Simples";"Reta";"Não";7;0;0;0;6;4;0;8;-16,23581113;-57,44241739;"SPRF-MT";"DEL03-MT";"UOP01-DEL03-MT"
215943;2019-06-16;"domingo";"01:25:00";"PR";277;25,9;"MORRETES";"Falta de Atenção à Condução";"Colisão traseira";"Com Vítimas Feridas";"Plena Noite";"Decrescente";"Nublado";"Dupla";"Reta";"Não";3;0;1;0;1;2;1;4;-25,5343724;-48,70654307;"SPRF-PR";"DEL01-PR";"UOP05-DEL01-PR"
215944;2019-06-16;"domingo";"00:55:00";"SP";116;118,3;"TAUBATE";"Falta de Atenção à Condução";"Colisão traseira";"Com Vítimas Feridas";"Plena Noite";"Decrescente";"Céu Claro";"Dupla";"Reta";"Não";3;0;1;0;1;1;1;3;-23,06266296;-45,62665044;"SPRF-SP";"DEL06-SP";"UOP02-DEL02-SP"
215947;2019-06-16;"domingo";"00:20:00";"PI";343;299;"ALTOS";"Velocidade Incompatível";"Tombamento";"Com Vítimas Feridas";"Plena Noite";"Crescente";"Céu Claro";"Simples";"Curva";"Não";3;0;2;0;0;1;2;2;-4,995781;-42,408192;"SPRF-PI";"DEL01-PI";"UOP03-DEL01-PI"
215951;2019-06-16;"domingo";"02:45:00";"ES";101;202,3;"JOAO NEIVA";"Desobediência às normas de trânsito pelo condutor";"Colisão frontal";"Com Vítimas Fatais";"Plena Noite";"Crescente";"Céu Claro";"Simples";"Reta";"Não";2;1;0;0;1;0;0;2;-19,74171801;-40,36521517;"SPRF-ES";"DEL04-ES";"UOP01-DEL04-ES"
215956;2019-06-16;"domingo";"02:45:00";"ES";101;84,1;"SAO MATEUS";"Condutor Dormindo";"Saída de leito carroçável";"Com Vítimas Feridas";"Plena Noite";"Crescente";"Céu Claro";"Simples";"Reta";"Não";2;0;1;0;0;2;1;3;-18,85087778;-39,9287233;"SPRF-ES";"DEL04-ES";"UOP02-DEL04-ES"
215958;2019-06-16;"domingo";"03:30:00";"GO";20;60;"FORMOSA";"Defeito Mecânico no Veículo";"Colisão traseira";"Com Vítimas Feridas";"Plena Noite";"Decrescente";"Céu Claro";"Simples";"Reta";"Não";5;0;2;0;2;1;2;3;-15,24751;-47,168667;"SPRF-DF";"DEL02-DF";"UOP01-DEL02-DF"
215985;2019-06-16;"domingo";"03:35:00";"MG";381;812;"CAREACU";"Condutor Dormindo";"Tombamento";"Com Vítimas Feridas";"Plena Noite";"Decrescente";"Céu Claro";"Dupla";"Reta";"Não";3;0;1;0;1;1;1;2;-22,06199504;-45,70068392;"SPRF-MG";"DEL16-MG";"UOP02-DEL16-MG"
215992;2019-06-15;"sábado";"09:50:00";"MT";70;690;"CACERES";"Velocidade Incompatível";"Capotamento";"Com Vítimas Feridas";"Pleno dia";"Decrescente";"Céu Claro";"Simples";"Curva";"Não";2;0;1;0;0;2;1;3;-16,1845441;-57,36780792;"SPRF-MT";"DEL03-MT";"UOP01-DEL03-MT"
215994;2019-06-11;"terça-feira";"21:30:00";"BA";101;614;"MASCOTE";"Pista Escorregadia";"Tombamento";"Sem Vítimas";"Plena Noite";"Crescente";"Chuva";"Simples";"Curva";"Não";1;0;0;0;1;0;0;1;-15,75042705;-39,4801369;"SPRF-BA";"DEL05-BA";"UOP02-DEL05-BA"
215998;2019-06-15;"sábado";"21:40:00";"PA";10;60,6;"ULIANOPOLIS";"Defeito Mecânico no Veículo";"Incêndio";"Sem Vítimas";"Pleno dia";"Decrescente";"Céu Claro";"Simples";"Reta";"Não";3;0;0;0;1;2;0;3;-3,92277708;-47,5324347;"SPRF-PA";"DEL02-PA";"UOP02-DEL02-PA"
216001;2019-05-31;"sexta-feira";"06:00:00";"MT";70;225;"GENERAL CARNEIRO";"Defeito na Via";"Colisão frontal";"Com Vítimas Feridas";"Pleno dia";"Decrescente";"Céu Claro";"Simples";"Curva";"Não";3;0;1;0;1;4;1;6;-15,65888924;-53,90781663;"SPRF-MT";"DEL05-MT";"UOP01-DEL05-MT"
216004;2019-05-17;"sexta-feira";"16:40:00";"RS";386;352,9;"ESTRELA";"Desobediência às normas de trânsito pelo condutor";"Colisão transversal";"Com Vítimas Feridas";"Pleno dia";"Crescente";"Sol";"Dupla";"Retorno Regulamentado";"Não";4;0;2;0;1;1;2;3;-29,500067;-51,949615;"SPRF-RS";"DEL04-RS";"UOP01-DEL04-RS"
216006;2019-06-16;"domingo";"08:05:00";"PR";116;26;"CAMPINA GRANDE DO SUL";"Falta de Atenção à Condução";"Saída de leito carroçável";"Sem Vítimas";"Pleno dia";"Decrescente";"Sol";"Dupla";"Curva";"Não";2;0;0;0;1;1;0;2;-25,10683694;-48,785333;"SPRF-PR";"DEL01-PR";"UOP02-DEL01-PR"
216007;2019-06-16;"domingo";"07:00:00";"AL";101;114;"PILAR";"Velocidade Incompatível";"Saída de leito carroçável";"Sem Vítimas";"Pleno dia";"Crescente";"Céu Claro";"Simples";"Declive;Curva";"Não";2;0;0;0;1;1;0;2;-9,64028551;-36,02771228;"SPRF-AL";"DEL02-AL";"UOP01-DEL02-AL"
216009;2019-06-16;"domingo";"05:00:00";"BA";242;419;"SEABRA";"Falta de Atenção à Condução";"Tombamento";"Com Vítimas Fatais";"Amanhecer";"Decrescente";"Céu Claro";"Simples";"Reta";"Não";2;1;0;0;0;2;0;3;-12,432916;-41,811745;"SPRF-BA";"DEL06-BA";"UOP01-DEL06-BA"
216010;2019-06-16;"domingo";"07:00:00";"MG";381;768;"CAMPANHA";"Condutor Dormindo";"Tombamento";"Com Vítimas Feridas";"Pleno dia";"Decrescente";"Céu Claro";"Dupla";"Reta";"Não";2;0;1;0;0;1;1;2;-21,77370307;-45,42761992;"SPRF-MG";"DEL16-MG";"UOP02-DEL16-MG"
216011;2019-06-16;"domingo";"08:30:00";"RJ";101;61;"CAMPOS DOS GOYTACAZES";"Falta de Atenção à Condução";"Colisão com objeto em movimento";"Com Vítimas Feridas";"Amanhecer";"Crescente";"Céu Claro";"Simples";"Interseção de Vias";"Não";5;0;2;2;1;0;4;2;-21,72655788;-41,32133519;"SPRF-RJ";"DEL08-RJ";"UOP01-DEL08-RJ"
216019;2019-06-16;"domingo";"08:15:00";"MG";365;643;"UBERLANDIA";"Ingestão de Álcool";"Saída de leito carroçável";"Com Vítimas Feridas";"Pleno dia";"Decrescente";"Céu Claro";"Dupla";"Aclive;Reta";"Não";2;0;1;0;0;1;1;2;-18,8808611;-48,49354102;"SPRF-MG";"DEL15-MG";"UOP01-DEL15-MG"
216025;2019-06-16;"domingo";"09:45:00";"MG";116;1,9;"DIVISA ALEGRE";"Falta de Atenção à Condução";"Colisão transversal";"Com Vítimas Feridas";"Pleno dia";"Decrescente";"Céu Claro";"Simples";"Reta";"Sim";2;0;1;0;1;0;1;2;-15,7093019;-41,33721024;"SPRF-BA";"DEL08-BA";"UOP03-DEL08-BA"
216035;2019-06-16;"domingo";"11:20:00";"PR";376;679,1;"GUARATUBA";"Velocidade Incompatível";"Tombamento";"Com Vítimas Feridas";"Pleno dia";"Decrescente";"Sol";"Dupla";"Curva";"Não";4;0;1;0;3;0;1;2;-25,95050276;-48,90514477;"SPRF-PR";"DEL01-PR";"UOP04-DEL01-PR"