"id";"data_inversa";"dia_semana";"horario";"uf";"br";"km";"municipio";"causa_acidente";"tipo_acidente";"classificacao_acidente";"fase_dia";"sentido_via";"condicao_metereologica";"tipo_pista";"tracado_via";"uso_solo";"pessoas";"mortos";"feridos_leves";"feridos_graves";"ilesos";"ignorados";"feridos";"veiculos";"latitude";"longitude";"regional";"delegacia";"uop"
216702;2019-06-19;"quarta-feira";"07:00:00";"MT";70;62,7;"BARRA DO GARCAS";"Falta de Atenção à Condução";"Saída de leito carroçável";"Com Vítimas Feridas";"Pleno dia";"Crescente";"Céu Claro";"Simples";"Curva";"Não";2;0;1;0;0;1;1;2;-15,70557389;-52,72944693;"SPRF-MT";"DEL07-MT";"UOP01-DEL07-MT"
216705;2019-06-19;"quarta-feira";"13:15:00";"MG";116;778,6;"LEOPOLDINA";"Velocidade Incompatível";"Tombamento";"Com Vítimas Feridas";"Pleno dia";"Crescente";"Céu Claro";"Simples";"Curva";"Não";2;0;1;0;0;1;1;2;-21,60159985;-42,69912624;"SPRF-MG";"DEL07-MG";"UOP01-DEL07-MG"
216706;2019-06-19;"quarta-feira";"14:00:00";"ES";101;299;"VIANA";"Falta de Atenção à Condução";"Colisão lateral";"Sem Vítimas";"Pleno dia";"Crescente";"Céu Claro";"Múltipla";"Reta";"Sim";3;0;0;0;2;1;0;3;-20,35860628;-40,42327504;"SPRF-ES";"DEL01-ES";"UOP01-DEL01-ES"
216715;2019-05-11;"sábado";"19:52:00";"SP";116;176,4;"GUARAREMA";"Não guardar distância de segurança";"Colisão com objeto estático";"Com Vítimas Fatais";"Plena Noite";"Crescente";"Chuva";"Dupla";"Declive";"Sim";6;1;0;2;2;1;2;4;-23,32435586;-46,12185001;"SPRF-SP";"DEL02-SP";"UOP01-DEL02-SP"
216721;2019-06-19;"quarta-feira";"14:50:00";"PA";222;236;"MARABA";"Desobediência às normas de trânsito pelo condutor";"Colisão transversal";"Com Vítimas Feridas";"Pleno dia";"Crescente";"Céu Claro";"Simples";"Interseção de Vias";"Sim";2;0;1;0;1;0;1;2;-5,285714;-49,07513;"SPRF-PA";"DEL03-PA";"UOP01-DEL03-PA"
216727;2019-06-19;"quarta-feira";"10:00:00";"MT";163;1102;"GUARANTA DO NORTE";"Defeito Mecânico no Veículo";"Saída de leito carroçável";"Com Vítimas Feridas";"Pleno dia";"Decrescente";"Céu Claro";"Simples";"Curva";"Não";1;0;0;1;0;0;1;1;-9,64842995;-54,87235492;"SPRF-MT";"DEL06-MT";"UOP02-DEL06-MT"
216732;2019-06-19;"quarta-feira";"16:45:00";"RJ";116;122;"MAGE";"Desobediência às normas de trânsito pelo condutor";"Colisão frontal";"Com Vítimas Feridas";"Pleno dia";"Crescente";"Céu Claro";"Dupla";"Reta";"Não";2;0;0;1;1;0;1;2;-22,63509742;-43,05577963;"SPRF-RJ";"DEL04-RJ";"UOP02-DEL04-RJ"
216745;2019-05-27;"segunda-feira";"06:20:00";"ES";393;26,4;"MUQUI";"Fenômenos da Natureza";"Colisão traseira";"Com Vítimas Fatais";"Amanhecer";"Crescente";"Céu Claro";"Simples";"Reta";"Sim";9;1;3;3;2;0;6;2;-20,95248352;-41,35692145;"SPRF-ES";"DEL03-ES";"UOP02-DEL03-ES"
216746;2019-06-19;"quarta-feira";"17:50:00";"MG";116;776;"LEOPOLDINA";"Defeito Mecânico no Veículo";"Tombamento";"Com Vítimas Feridas";"Anoitecer";"Decrescente";"Céu Claro";"Simples";"Curva";"Não";2;0;1;0;0;1;1;2;-21,57965258;-42,683824;"SPRF-MG";"DEL07-MG";"UOP01-DEL07-MG"
216747;2019-06-19;"quarta-feira";"16:20:00";"SC";470;319,3;"CAMPOS NOVOS";"Defeito Mecânico no Veículo";"Colisão transversal";"Sem Vítimas";"Pleno dia";"Crescente";"Nublado";"Simples";"Interseção de Vias";"Sim";2;0;0;0;2;0;0;2;-27,409864;-51,224949;"SPRF-SC";"DEL07-SC";"UOP06-DEL07-SC"
216753;2019-06-19;"quarta-feira";"10:40:00";"BA";101;756,2;"ITABELA";"Falta de Atenção à Condução";"Saída de leito carroçável";"Com Vítimas Feridas";"Pleno dia";"Crescente";"Sol";"Simples";"Declive;Curva";"Não";1;0;1;0;0;0;1;1;-16,80601901;-39,48209102;"SPRF-BA";"DEL09-BA";"UOP01-DEL09-BA"
216754;2019-06-19;"quarta-feira";"17:50:00";"PB";101;88;"JOAO PESSOA";"Não guardar distância de segurança";"Colisão traseira";"Com Vítimas Feridas";"Anoitecer";"Crescente";"Céu Claro";"Dupla";"Reta";"Não";2;0;0;1;0;1;1;2;-7,16470016;-34,89993643;"SPRF-PB";"DEL01-PB";"UOP01-DEL01-PB"
216757;2019-06-19;"quarta-feira";"17:40:00";"MG";381;432;"SABARA";"Defeito Mecânico no Veículo";"Tombamento";"Com Vítimas Feridas";"Pleno dia";"Crescente";"Céu Claro";"Simples";"Curva";"Não";4;0;3;0;0;1;3;2;-19,78750571;-43,73981096;"SPRF-MG";"DEL01-MG";"UOP01-DEL01-MG"
216780;2019-06-19;"quarta-feira";"19:40:00";"BA";324;600;"SIMOES FILHO";"Falta de Atenção à Condução";"Colisão lateral";"Com Vítimas Feridas";"Plena Noite";"Decrescente";"Nublado";"Dupla";"Reta";"Não";6;0;2;0;3;1;2;2;-12,74882798;-38,43296497;"SPRF-BA";"DEL01-BA";"UOP01-DEL01-BA"
216784;2019-06-19;"quarta-feira";"18:10:00";"PR";277;345,9;"GUARAPUAVA";"Falta de Atenção à Condução";"Colisão transversal";"Com Vítimas Feridas";"Anoitecer";"Crescente";"Nublado";"Simples";"Reta";"Não";3;0;1;0;1;1;1;3;-25,33928412;-51,42880296;"SPRF-PR";"DEL03-PR";"UOP01-DEL08-PR"
216789;2019-06-19;"quarta-feira";"19:35:00";"MS";163;158,6;"JUTI";"Objeto estático sobre o leito carroçável";"Derramamento de carga";"Com Vítimas Feridas";"Plena Noite";"Crescente";"Céu Claro";"Simples";"Reta";"Não";9;0;4;2;2;1;6;4;-22,92723393;-54,494378;"SPRF-MS";"DEL09-MS";"UOP01-DEL09-MS"
216790;2019-06-19;"quarta-feira";"17:25:00";"SC";470;2;"NAVEGANTES";"Falta de Atenção do Pedestre";"Atropelamento de Pedestre";"Com Vítimas Feridas";"Anoitecer";"Crescente";"Nublado";"Simples";"Reta";"Sim";2;0;1;0;1;0;1;2;-26,874326;-48,669231;"SPRF-SC";"DEL04-SC";"UOP04-DEL04-SC"
216798;2019-06-19;"quarta-feira";"20:15:00";"MT";163;774;"SORRISO";"Não guardar distância de segurança";"Colisão traseira";"Com Vítimas Feridas";"Plena Noite";"Crescente";"Céu Claro";"Simples";"Reta";"Não";4;0;1;0;3;0;1;2;-12,38359901;-55,61382294;"SPRF-MT";"DEL06-MT";"UOP01-DEL06-MT"
216800;2019-06-19;"quarta-feira";"22:00:00";"SC";101;131,5;"BALNEARIO CAMBORIU";"Falta de Atenção do Pedestre";"Atropelamento de Pedestre";"Com Vítimas Fatais";"Plena Noite";"Crescente";"Céu Claro";"Dupla";"Reta";"Não";4;1;0;0;2;1;0;4;-27,00218;-48,636433;"SPRF-SC";"DEL04-SC";"UOP03-DEL04-SC"
216801;2019-06-19;"quarta-feira";"21:30:00";"PR";376;621;"SAO JOSE DOS PINHAIS";"Falta de Atenção à Condução";"Colisão traseira";"Com Vítimas Feridas";"Plena Noite";"Decrescente";"Nublado";"Dupla";"Reta;Aclive";"Não";4;0;0;1;2;1;1;4;-25,61783292;-49,1690968;"SPRF-PR";"DEL01-PR";"UOP01-DEL01-PR"
216803;2019-06-19;"quarta-feira";"17:20:00";"BA";242;374,9;"PALMEIRAS";"Velocidade Incompatível";"Incêndio";"Com Vítimas Fatais";"Pleno dia";"Crescente";"Céu Claro";"Simples";"Curva";"Não";2;1;0;0;0;1;0;2;-12,43456493;-41,49021149;"SPRF-BA";"DEL06-BA";"UOP01-DEL06-BA"
216806;2019-06-19;"quarta-feira";"22:30:00";"CE";116;108,6;"MORADA NOVA";"Defeito na Via";"Tombamento";"Com Vítimas Feridas";"Plena Noite";"Decrescente";"Céu Claro";"Simples";"Reta";"Não";2;0;1;0;0;1;1;2;-4,56963457;-38,24324677;"SPRF-CE";"DEL03-CE";"UOP02-DEL03-CE"
216808;2019-06-20;"quinta-feira";"00:15:00";"SP";116;168,1;"JACAREI";"Agressão Externa";"Atropelamento de Pedestre";"Com Vítimas Fatais";"Plena Noite";"Decrescente";"Céu Claro";"Dupla";"Reta;Aclive";"Não";2;1;0;0;1;0;0;2;-23,30545902;-46,03567599;"SPRF-SP";"DEL02-SP";"UOP01-DEL02-SP"
216809;2019-06-20;"quinta-feira";"00:05:00";"RS";448;14;"CANOAS";"Mal Súbito";"Saída de leito carroçável";"Com Vítimas Fatais";"Plena Noite";"Decrescente";"Céu Claro";"Dupla";"Viaduto";"Não";2;1;0;0;0;1;0;2;-29,924847;-51,225426;"SPRF-RS";"DEL01-RS";"UOP01-DEL01-RS"
216811;2019-06-19;"quarta-feira";"20:00:00";"PR";376;652;"TIJUCAS DO SUL";"Defeito Mecânico no Veículo";"Colisão com objeto estático";"Com Vítimas Feridas";"Plena Noite";"Crescente";"Céu Claro";"Dupla";"Curva";"Não";1;0;0;1;0;0;1;1;-25,8461583;-49,068884;"SPRF-PR";"DEL01-PR";"UOP04-DEL01-PR"
216812;2019-06-19;"quarta-feira";"20:45:00";"MG";262;459,2;"NOVA SERRANA";"Ultrapassagem Indevida";"Colisão lateral";"Com Vítimas Fatais";"Plena Noite";"Decrescente";"Nublado";"Simples";"Reta";"Não";7;1;1;2;0;3;3;5;-19,83154436;-45,06546119;"SPRF-MG";"DEL08-MG";"UOP03-DEL08-MG"
216813;2019-06-20;"quinta-feira";"02:00:00";"SC";101;125,1;"ITAJAI";"Falta de Atenção à Condução";"Colisão traseira";"Com Vítimas Feridas";"Plena Noite";"Crescente";"Céu Claro";"Dupla";"Reta";"Sim";3;0;1;0;1;1;1;3;-26,94802427;-48,68338515;"SPRF-SC";"DEL04-SC";"UOP04-DEL04-SC"
216814;2019-06-20;"quinta-feira";"02:45:00";"SP";116;173,9;"JACAREI";"Falta de Atenção à Condução";"Colisão traseira";"Com Vítimas Feridas";"Plena Noite";"Crescente";"Céu Claro";"Dupla";"Aclive";"Não";2;0;0;1;1;0;1;2;-23,31710055;-46,08178719;"SPRF-SP";"DEL02-SP";"UOP01-DEL02-SP"
216815;2019-06-20;"quinta-feira";"03:30:00";"SE";101;114;"ITAPORANGA DAJUDA";"Falta de Atenção à Condução";"Colisão transversal";"Com Vítimas Feridas";"Plena Noite";"Decrescente";"Nublado";"Dupla";"Declive;Reta;Retorno Regulamentado";"Não";3;0;1;1;1;0;2;2;-11,00300828;-37,30733871;"SPRF-SE";"DEL02-SE";"UOP01-DEL02-SE"
216820;2019-06-20;"quinta-feira";"02:50:00";"PE";232;391,4;"SERRA TALHADA";"Condutor Dormindo";"Colisão traseira";"Sem Vítimas";"Plena Noite";"Crescente";"Céu Claro";"Simples";"Reta";"Não";6;0;0;0;5;1;0;2;-8,03043186;-38,14760499;"SPRF-PE";"DEL04-PE";"UOP01-DEL04-PE"
216824;2019-06-20;"quinta-feira";"05:10:00";"PR";277;255,4;"IRATI";"Ultrapassagem Indevida";"Colisão lateral";"Com Vítimas Feridas";"Plena Noite";"Crescente";"Céu Claro";"Simples";"Reta";"Não";10;0;4;3;2;2;7;6;-25,41283026;-50,77209234;"SPRF-PR";"DEL03-PR";"UOP02-DEL08-PR"
216829;2019-06-20;"quinta-feira";"04:27:00";"MG";381;926,8;"ITAPEVA";"Velocidade Incompatível";"Tombamento";"Sem Vítimas";"Plena Noite";"Crescente";"Céu Claro";"Dupla";"Reta";"Sim";1;0;0;0;1;0;0;1;-22,79271225;-46,24636988;"SPRF-MG";"DEL16-MG";"UOP03-DEL16-MG"
216830;2019-06-20;"quinta-feira";"00:20:00";"MT";70;704;"CACERES";"Falta de Atenção à Condução";"Colisão traseira";"Sem Vítimas";"Plena Noite";"Crescente";"Céu Claro";"Simples";"Reta";"Não";4;0;0;0;3;2;0;4;-16,24546;-57,53856;"SPRF-MT";"DEL03-MT";"UOP01-DEL03-MT"
216832;2019-06-20;"quinta-feira";"06:25:00";"PR";116;17;"ANTONINA";"Velocidade Incompatível";"Tombamento";"Com Vítimas Feridas";"Amanhecer";"Crescente";"Sol";"Dupla";"Curva";"Não";2;0;0;1;0;1;1;2;-25,10305915;-48,70103892;"SPRF-PR";"DEL01-PR";"UOP02-DEL01-PR"
216836;2019-06-20;"quinta-feira";"06:50:00";"RS";293;15;"CAPAO DO LEAO";"Falta de Atenção à Condução";"Colisão transversal";"Com Vítimas Feridas";"Amanhecer";"Crescente";"Céu Claro";"Simples";"Interseção de Vias";"Sim";4;0;0;3;1;0;3;2;-31,74887046;-52,47853518;"SPRF-RS";"DEL07-RS";"UOP01-DEL07-RS"
216843;2019-06-20;"quinta-feira";"07:40:00";"SP";116;360;"MIRACATU";"Velocidade Incompatível";"Tombamento";"Com Vítimas Feridas";"Pleno dia";"Decrescente";"Céu Claro";"Múltipla";"Curva";"Não";2;0;1;0;0;1;1;2;-24,11248793;-47,26510606;"SPRF-SP";"DEL04-SP";"UOP03-DEL04-SP"
216848;2019-06-20;"quinta-feira";"06:45:00";"MG";365;621,1;"UBERLANDIA";"Condutor Dormindo";"Colisão traseira";"Com Vítimas Feridas";"Pleno dia";"Decrescente";"Céu Claro";"Dupla";"Curva;Aclive";"Sim";5;0;1;0;2;3;1;5;-18,89326492;-48,27164121;"SPRF-MG";"DEL15-MG";"UOP01-DEL15-MG"
216852;2019-06-20;"quinta-feira";"02:10:00";"RO";364;16;"VILHENA";"Desobediência às normas de trânsito pelo condutor";"Queda de ocupante de veículo";"Com Vítimas Feridas";"Plena Noite";"Crescente";"Céu Claro";"Simples";"Reta";"Não";3;0;1;0;1;1;1;3;-12,73437947;-60,15696986;"SPRF-RO";"DEL04-RO";"UOP01-DEL04-RO"
216861;2019-06-20;"quinta-feira";"09:00:00";"SP";116;37;"CACHOEIRA PAULISTA";"Falta de Atenção à Condução";"Saída de leito carroçável";"Sem Vítimas";"Pleno dia";"Crescente";"Céu Claro";"Dupla";"Reta";"Não";2;0;0;0;2;0;0;2;-22,66497021;-44,98430985;"SPRF-SP";"DEL08-SP";"UOP02-DEL08-SP"
216869;2019-06-20;"quinta-feira";"09:50:00";"RN";101;99;"NATAL";"Defeito Mecânico no Veículo";"Danos eventuais";"Sem Vítimas";"Pleno dia";"Decrescente";"Céu Claro";"Simples";"Reta";"Sim";2;0;0;0;2;0;0;2;-5,87359183;-35,22063023;"SPRF-RN";"DEL01-RN";"UOP01-DEL01-RN"
216880;2019-06-20;"quinta-feira";"10:40:00";"SP";116;120;"CACAPAVA";"Falta de Atenção à Condução";"Colisão traseira";"Com Vítimas Feridas";"Pleno dia";"Decrescente";"Sol";"Dupla";"Reta";"Não";4;0;1;0;2;1;1;3;-23,0715638;-45,64459209;"SPRF-SP";"DEL06-SP";"UOP02-DEL02-SP"
216887;2019-06-20;"quinta-feira";"11:25:00";"PR";376;589;"CURITIBA";"Falta de Atenção à Condução";"Colisão traseira";"Com Vítimas Feridas";"Pleno dia";"Crescente";"Céu Claro";"Dupla";"Reta";"Sim";3;0;1;0;1;1;1;3;-25,44273905;-49,36419842;"SPRF-PR";"DEL01-PR";"UOP06-DEL01-PR"
216896;2019-06-20;"quinta-feira";"11:30:00";"BA";116;646,3;"JAGUAQUARA";"Falta de Atenção à Condução";"Colisão traseira";"Com Vítimas Feridas";"Pleno dia";"Crescente";"Sol";"Simples";"Reta";"Não";5;0;2;0;2;1;2;3;-13,58007199;-40,08034578;"SPRF-BA";"DEL03-BA";"UOP01-DEL03-BA"
216898;2019-06-20;"quinta-feira";"12:00:00";"MG";381;579,3;"CARMOPOLIS DE MINAS";"Não guardar distância de segurança";"Colisão lateral";"Com Vítimas Feridas";"Pleno dia";"Decrescente";"Céu Claro";"Dupla";"Reta";"Não";6;0;1;0;4;1;1;3;-20,49967704;-44,60847254;"SPRF-MG";"DEL04-MG";"UOP01-DEL04-MG"
216902;2019-06-20;"quinta-feira";"11:15:00";"SC";116;120,2;"SANTA CECILIA";"Falta de Atenção à Condução";"Saída de leito carroçável";"Sem Vítimas";"Pleno dia";"Crescente";"Sol";"Simples";"Reta";"Não";2;0;0;0;1;1;0;2;-26,82744878;-50,37663407;"SPRF-SC";"DEL06-SC";"UOP02-DEL06-SC"
216903;2019-06-20;"quinta-feira";"12:30:00";"RS";470;4,6;"BARRACAO";"Velocidade Incompatível";"Tombamento";"Com Vítimas Feridas";"Pleno dia";"Decrescente";"Céu Claro";"Simples";"Curva;Declive";"Não";2;0;0;1;0;1;1;2;-27,61836313;-51,48305099;"SPRF-RS";"DEL08-RS";"UOP05-DEL08-RS"
216907;2019-06-20;"quinta-feira";"11:30:00";"PE";232;54;"POMBOS";"Defeito Mecânico no Veículo";"Colisão transversal";"Sem Vítimas";"Pleno dia";"Crescente";"Céu Claro";"Dupla";"Reta";"Não";4;0;0;0;2;4;0;6;-8,12919504;-35,35716398;"SPRF-PE";"DEL01-PE";"UOP02-DEL02PE"
216908;2019-06-20;"quinta-feira";"09:00:00";"RS";153;562;"BAGE";"Carga excessiva e/ou mal acondicionada";"Tombamento";"Sem Vítimas";"Pleno dia";"Crescente";"Céu Claro";"Simples";"Curva";"Não";3;0;0;0;2;2;0;4;-30,92602095;-53,63273713;"SPRF-RS";"DEL11-RS";"UOP03-DEL11-RS"
216912;2019-06-20;"quinta-feira";"11:00:00";"MG";40;299;"TRES MARIAS";"Velocidade Incompatível";"Saída de leito carroçável";"Com Vítimas Feridas";"Pleno dia";"Decrescente";"Céu Claro";"Simples";"Curva";"Não";3;0;1;1;0;1;2;2;-18,3429839;-45,09908688;"SPRF-MG";"DEL14-MG";"UOP02-DEL14-MG"
216917;2019-06-20;"quinta-feira";"14:15:00";"SP";116;93,2;"PINDAMONHANGABA";"Falta de Atenção do Pedestre";"Atropelamento de Pedestre";"Com Vítimas Fatais";"Pleno dia";"Decrescente";"Céu Claro";"Dupla";"Reta";"Não";3;1;0;0;1;1;0;3;-22,95653207;-45,41300297;"SPRF-SP";"DEL06-SP";"UOP01-DEL06-SP"
216918;2019-06-20;"quinta-feira";"13:00:00";"RN";110;25;"AREIA BRANCA";"Desobediência às normas de trânsito pelo condutor";"Colisão frontal";"Com Vítimas Feridas";"Pleno dia";"Crescente";"Sol";"Simples";"Reta";"Não";3;0;0;1;1;1;1;3;-5,08746204;-37,18713096;"SPRF-RN";"DEL04-RN";"UOP01-DEL04-RN"
216921;2019-06-20;"quinta-feira";"14:45:00";"PR";277;698;"SAO MIGUEL DO IGUACU";"Falta de Atenção à Condução";"Colisão traseira";"Com Vítimas Feridas";"Pleno dia";"Decrescente";"Céu Claro";"Dupla";"Reta";"Não";3;0;1;0;2;0;1;2;-25,3964712;-54,31179289;"SPRF-PR";"DEL05-PR";"UOP01-DEL05-PR"
216925;2019-06-20;"quinta-feira";"14:10:00";"SP";116;23;"LAVRINHAS";"Sinalização da via insuficiente ou inadequada";"Engavetamento";"Sem Vítimas";"Pleno dia";"Decrescente";"Céu Claro";"Dupla";"Reta;Declive";"Não";7;0;0;0;6;2;0;8;-22,58978112;-44,88535587;"SPRF-SP";"DEL08-SP";"UOP02-DEL08-SP"
216930;2019-06-20;"quinta-feira";"14:00:00";"MT";364;139;"PEDRA PRETA";"Velocidade Incompatível";"Tombamento";"Com Vítimas Feridas";"Pleno dia";"Decrescente";"Céu Claro";"Simples";"Curva";"Não";2;0;1;0;0;2;1;3;-16,8011055;-54,16711986;"SPRF-MT";"DEL02-MT";"UOP01-DEL02-MT"
216931;2019-06-20;"quinta-feira";"16:20:00";"BA";407;130;"SENHOR DO BONFIM";"Falta de Atenção à Condução";"Colisão traseira";"Com Vítimas Feridas";"Pleno dia";"Crescente";"Garoa/Chuvisco";"Simples";"Reta";"Não";3;0;1;0;2;0;1;2;-10,48728548;-40,16471871;"SPRF-BA";"DEL04-BA";"UOP01-DEL04-BA"
216946;2019-06-20;"quinta-feira";"17:40:00";"GO";158;61,2;"PIRANHAS";"Restrição de Visibilidade";"Colisão lateral";"Com Vítimas Feridas";"Anoitecer";"Crescente";"Céu Claro";"Simples";"Curva";"Não";3;0;2;0;0;2;2;4;-16,28143372;-51,9856328;"SPRF-GO";"DEL04-GO";"UOP01-DEL04-GO"
216954;2019-06-20;"quinta-feira";"17:35:00";"RS";158;327,9;"SANTA MARIA";"Não guardar distância de segurança";"Colisão lateral";"Com Vítimas Feridas";"Anoitecer";"Decrescente";"Céu Claro";"Simples";"Interseção de Vias";"Sim";2;0;1;0;1;0;1;2;-29,714945;-53,81083;"SPRF-RS";"DEL09-RS";"UOP01-DEL09-RS"
216957;2019-06-20;"quinta-feira";"18:30:00";"ES";101;128;"SOORETAMA";"Falta de Atenção à Condução";"Colisão transversal";"Com Vítimas Fatais";"Plena Noite";"Crescente";"Céu Claro";"Múltipla";"Reta";"Não";2;1;0;0;1;0;0;2;-19,21359856;-40,09450793;"SPRF-ES";"DEL04-ES";"UOP01-DEL04-ES"
216969;2019-06-20;"quinta-feira";"17:28:00";"RJ";116;306;"RESENDE";"Falta de Atenção à Condução";"Colisão transversal";"Com Vítimas Feridas";"Anoitecer";"Crescente";"Nublado";"Dupla";"Reta";"Não";6;0;4;0;1;1;4;3;-22,45645538;-44,40259093;"SPRF-RJ";"DEL07-RJ";"DEL5/7-UOP03/RJ"
216970;2019-06-20;"quinta-feira";"15:15:00";"PR";277;40,9;"MORRETES";"Desobediência às normas de trânsito pelo condutor";"Colisão traseira";"Com Vítimas Feridas";"Pleno dia";"Decrescente";"Nevoeiro/Neblina";"Múltipla";"Declive";"Não";3;0;1;0;2;0;1;2;-25,57368831;-48,82659689;"SPRF-PR";"DEL01-PR";"UOP07-DEL01-PR"
216973;2019-06-20;"quinta-feira";"18:30:00";"BA";116;3;"ABARE";"Desobediência às normas de trânsito pelo condutor";"Colisão frontal";"Com Vítimas Fatais";"Plena Noite";"Decrescente";"Céu Claro";"Simples";"Curva";"Não";3;1;0;0;1;1;0;3;-8,64082996;-39,26717918;"SPRF-PE";"DEL05-PE";"UOP03-DEL05-PE"
216977;2019-06-20;"quinta-feira";"15:30:00";"MT";163;560;"DIAMANTINO";"Defeito Mecânico no Veículo";"Engavetamento";"Sem Vítimas";"Pleno dia";"Decrescente";"Céu Claro";"Simples";"Reta";"Não";7;0;0;0;6;12;0;18;-14,23756178;-56,11786216;"SPRF-MT";"DEL01-MT";"UOP01-DEL01-MT"
216982;2019-06-01;"sábado";"00:30:00";"MG";354;713,5;"CAXAMBU";"Ingestão de Álcool";"Saída de leito carroçável";"Com Vítimas Feridas";"Plena Noite";"Crescente";"Céu Claro";"Simples";"Curva";"Não";1;0;1;0;0;0;1;1;-22,0566569;-44,9272015;"SPRF-MG";"DEL05-MG";"UOP01-DEL17-MG"
216984;2019-06-20;"quinta-feira";"19:20:00";"SC";282;554,1;"NOVA ITABERABA";"Mal Súbito";"Colisão frontal";"Com Vítimas Fatais";"Plena Noite";"Crescente";"Céu Claro";"Simples";"Curva";"Não";3;1;0;0;1;1;0;3;-26,93523207;-52,79763222;"SPRF-SC";"DEL07-SC";"UOP01-DEL07-SC"
216992;2019-06-20;"quinta-feira";"21:25:00";"PB";230;77,7;"RIACHAO DO POCO";"Não guardar distância de segurança";"Colisão traseira";"Com Vítimas Feridas";"Plena Noite";"Decrescente";"Céu Claro";"Dupla";"Reta";"Não";3;0;0;1;1;1;1;3;-7,18783002;-35,28172613;"SPRF-PB";"DEL01-PB";"UOP03-DEL01-PB"
216994;2019-06-20;"quinta-feira";"20:00:00";"PR";476;160,5;"ARAUCARIA";"Ingestão de Álcool";"Colisão transversal";"Sem Vítimas";"Plena Noite";"Crescente";"Céu Claro";"Simples";"Declive";"Sim";3;0;0;0;2;1;0;3;-25,61696269;-49,43097787;"SPRF-PR";"DEL01-PR";"UOP06-DEL01-PR"
216998;2019-06-20;"quinta-feira";"13:30:00";"RS";116;5,9;"VACARIA";"Mal Súbito";"Colisão frontal";"Com Vítimas Fatais";"Pleno dia";"Decrescente";"Céu Claro";"Simples";"Reta";"Não";9;1;0;5;1;3;5;6;-28,24772986;-50,77734332;"SPRF-RS";"DEL05-RS";"UOP03-DEL05-RS"
217004;2019-06-20;"quinta-feira";"22:30:00";"PR";376;187,4;"MARIALVA";"Velocidade Incompatível";"Saída de leito carroçável";"Com Vítimas Fatais";"Plena Noite";"Crescente";"Céu Claro";"Dupla";"Reta";"Sim";4;1;0;0;0;3;0;4;-23,46141044;-51,83659926;"SPRF-PR";"DEL07-PR";"UOP01-DEL09-PR"
217005;2019-06-20;"quinta-feira";"21:55:00";"RJ";116;142;"DUQUE DE CAXIAS";"Falta de Atenção à Condução";"Colisão transversal";"Com Vítimas Feridas";"Plena Noite";"Crescente";"Chuva";"Dupla";"Reta";"Sim";6;0;2;2;1;1;4;3;-22,64876087;-43,23031638;"SPRF-RJ";"DEL04-RJ";"UOP02-DEL04-RJ"
217008;2019-06-20;"quinta-feira";"17:50:00";"PR";277;34;"MORRETES";"Defeito Mecânico no Veículo";"Colisão lateral";"Com Vítimas Feridas";"Plena Noite";"Decrescente";"Garoa/Chuvisco";"Dupla";"Curva";"Não";4;0;0;2;1;3;2;6;-25,547373;-48,790559;"SPRF-PR";"DEL01-PR";"UOP05-DEL01-PR"
217013;2019-06-20;"quinta-feira";"20:00:00";"MG";116;529;"CARATINGA";"Falta de Atenção à Condução";"Colisão lateral";"Sem Vítimas";"Plena Noite";"Decrescente";"Céu Claro";"Dupla";"Reta";"Sim";2;0;0;0;2;0;0;2;-19,80209596;-42,13678193;"SPRF-MG";"DEL06-MG";"UOP02-DEL06-MG"
217015;2019-06-20;"quinta-feira";"23:30:00";"SP";116;393,1;"MIRACATU";"Condutor Dormindo";"Colisão traseira";"Com Vítimas Feridas";"Plena Noite";"Decrescente";"Nublado";"Dupla";"Reta";"Sim";4;0;2;0;1;1;2;3;-24,28558932;-47,44194093;"SPRF-SP";"DEL04-SP";"UOP02-DEL04-SP"
217017;2019-06-20;"quinta-feira";"16:00:00";"MT";158;594;"AGUA BOA";"Falta de Atenção à Condução";"Saída de leito carroçável";"Com Vítimas Feridas";"Pleno dia";"Decrescente";"Céu Claro";"Simples";"Reta";"Não";2;0;1;0;0;1;1;2;-14,267634;-52,168964;"SPRF-MT";"DEL07-MT";"UOP02-DEL07-MT"
217022;2019-06-20;"quinta-feira";"23:40:00";"SC";470;207;"SAO CRISTOVAO DO SUL";"Falta de Atenção à Condução";"Tombamento";"Com Vítimas Feridas";"Plena Noite";"Decrescente";"Céu Claro";"Simples";"Curva";"Não";2;0;0;1;0;1;1;2;-27,291355;-50,194443;"SPRF-SC";"DEL05-SC";"UOP03-DEL05-SC"
217026;2019-06-21;"sexta-feira";"02:55:00";"PI";343;268,9;"CAMPO MAIOR";"Carga excessiva e/ou mal acondicionada";"Colisão com objeto estático";"Sem Vítimas";"Plena Noite";"Crescente";"Céu Claro";"Dupla";"Reta";"Sim";1;0;0;0;1;0;0;1;-4,842865;-42,187584;"SPRF-PI";"DEL01-PI";"UOP03-DEL01-PI"
217034;2019-06-21;"sexta-feira";"04:30:00";"SP";116;134,2;"SAO JOSE DOS CAMPOS";"Falta de Atenção à Condução";"Colisão traseira";"Sem Vítimas";"Plena Noite";"Decrescente";"Céu Claro";"Dupla";"Declive";"Não";3;0;0;0;3;0;0;3;-23,1402216;-45,7617252;"SPRF-SP";"DEL06-SP";"UOP02-DEL02-SP"