"id";"data_inversa";"dia_semana";"horario";"uf";"br";"km";"municipio";"causa_acidente";"tipo_acidente";"classificacao_acidente";"fase_dia";"sentido_via";"condicao_metereologica";"tipo_pista";"tracado_via";"uso_solo";"pessoas";"mortos";"feridos_leves";"feridos_graves";"ilesos";"ignorados";"feridos";"veiculos";"latitude";"longitude";"regional";"delegacia";"uop"
217932;2019-06-25;"terça-feira";"11:20:00";"SP";116;211;"GUARULHOS";"Falta de Atenção à Condução";"Colisão lateral";"Com Vítimas Feridas";"Pleno dia";"Crescente";"Sol";"Múltipla";"Reta";"Sim";11;0;1;0;10;0;1;10;-23,43312721;-46,4214313;"SPRF-SP";"DEL01-SP";"UOP01-DEL01-SP"
217935;2019-02-02;"sábado";"23:55:00";"PR";376;280,5;"MARILANDIA DO SUL";"Ingestão de Álcool";"Colisão transversal";"Com Vítimas Fatais";"Plena Noite";"Crescente";"Céu Claro";"Simples";"Reta";"Não";3;1;0;0;1;2;0;4;-23,82164016;-51,26821518;"SPRF-PR";"DEL07-PR";"UOP02-DEL07-PR"
217947;2019-06-25;"terça-feira";"13:40:00";"SC";101;144;"ITAPEMA";"Não guardar distância de segurança";"Colisão traseira";"Com Vítimas Feridas";"Pleno dia";"Crescente";"Céu Claro";"Dupla";"Reta";"Sim";2;0;1;0;0;1;1;2;-27,0732659;-48,59672716;"SPRF-SC";"DEL04-SC";"UOP03-DEL04-SC"
217948;2019-06-17;"segunda-feira";"06:30:00";"RS";116;258;"ESTEIO";"Desobediência às normas de trânsito pelo condutor";"Colisão transversal";"Com Vítimas Fatais";"Amanhecer";"Crescente";"Nevoeiro/Neblina";"Múltipla";"Interseção de Vias";"Sim";2;1;0;0;1;0;0;2;-29,86150502;-51,18091535;"SPRF-RS";"DEL01-RS";"UOP02-DEL01-RS"
217954;2019-06-25;"terça-feira";"14:00:00";"ES";101;191,7;"ARACRUZ";"Não guardar distância de segurança";"Saída de leito carroçável";"Com Vítimas Feridas";"Pleno dia";"Crescente";"Céu Claro";"Simples";"Reta;Declive";"Não";2;0;1;0;0;1;1;2;-19,68908911;-40,28696073;"SPRF-ES";"DEL04-ES";"UOP01-DEL04-ES"
217957;2019-06-25;"terça-feira";"13:30:00";"MG";381;598,8;"CARMOPOLIS DE MINAS";"Velocidade Incompatível";"Colisão com objeto em movimento";"Com Vítimas Feridas";"Pleno dia";"Decrescente";"Céu Claro";"Dupla";"Reta";"Não";2;0;1;0;1;0;1;2;-20,60716895;-44,73310303;"SPRF-MG";"DEL04-MG";"UOP01-DEL04-MG"
217959;2019-06-25;"terça-feira";"14:35:00";"RJ";493;102;"SEROPEDICA";"Restrição de Visibilidade";"Colisão traseira";"Com Vítimas Feridas";"Pleno dia";"Crescente";"Céu Claro";"Dupla";"Reta";"Não";5;0;2;1;1;3;3;7;-22,75762239;-43,7323451;"SPRF-RJ";"DEL03-RJ";"UOP01-DEL03-RJ"
217960;2019-06-25;"terça-feira";"14:00:00";"MA";316;441;"PERITORO";"Ultrapassagem Indevida";"Colisão lateral";"Com Vítimas Feridas";"Pleno dia";"Decrescente";"Céu Claro";"Simples";"Curva";"Não";5;0;2;1;2;0;3;2;-4,434803;-44,203098;"SPRF-MA";"DEL03-MA";"UOP01-DEL03-MA"
217966;2019-05-20;"segunda-feira";"10:30:00";"MT";70;591;"POCONE";"Velocidade Incompatível";"Tombamento";"Com Vítimas Fatais";"Pleno dia";"Decrescente";"Céu Claro";"Simples";"Curva";"Não";3;1;0;1;0;1;1;2;-15,79168191;-56,65677806;"SPRF-MT";"DEL03-MT";"UOP02-DEL03-MT"
217971;2019-06-25;"terça-feira";"14:25:00";"AC";317;210;"XAPURI";"Falta de Atenção à Condução";"Colisão frontal";"Com Vítimas Feridas";"Pleno dia";"Crescente";"Céu Claro";"Simples";"Reta;Declive";"Não";5;0;1;0;4;0;1;2;-10,69966182;-68,19168791;"SPRF-AC";"DEL01-AC";"UOP02-DEL01-AC"
217977;2019-06-25;"terça-feira";"16:35:00";"MG";116;712,3;"MURIAE";"Velocidade Incompatível";"Tombamento";"Com Vítimas Feridas";"Anoitecer";"Decrescente";"Céu Claro";"Simples";"Curva";"Não";3;0;1;0;0;2;1;3;-21,19049794;-42,3684161;"SPRF-MG";"DEL07-MG";"UOP02-DEL07-MG"
217980;2019-06-25;"terça-feira";"16:50:00";"SP";153;285,8;"OCAUCU";"Falta de Atenção à Condução";"Colisão lateral";"Com Vítimas Feridas";"Pleno dia";"Crescente";"Nublado";"Simples";"Declive";"Não";4;0;2;0;2;0;2;2;-22,45381704;-49,86982698;"SPRF-SP";"DEL07-SP";"UOP02-DEL07-SP"
217984;2019-06-25;"terça-feira";"04:30:00";"GO";60;226,1;"CEZARINA";"Velocidade Incompatível";"Saída de leito carroçável";"Com Vítimas Feridas";"Plena Noite";"Decrescente";"Céu Claro";"Dupla";"Declive;Reta";"Não";1;0;1;0;0;0;1;1;-17,0231;-49,7776;"SPRF-GO";"DEL01-GO";"UOP02-DEL01-GO"
217987;2019-06-15;"sábado";"15:30:00";"BA";101;895;"CARAVELAS";"Falta de Atenção à Condução";"Colisão frontal";"Com Vítimas Fatais";"Pleno dia";"Crescente";"Nublado";"Simples";"Curva";"Não";4;1;0;0;1;2;0;4;-17,69235523;-39,77462769;"SPRF-BA";"DEL09-BA";"UOP02-DEL09-BA"
217990;2019-06-25;"terça-feira";"17:50:00";"PE";101;77,3;"RECIFE";"Falta de Atenção à Condução";"Colisão lateral";"Sem Vítimas";"Anoitecer";"Decrescente";"Céu Claro";"Dupla";"Reta";"Não";3;0;0;0;2;1;0;3;-8,131239;-34,945225;"SPRF-PE";"DEL01-PE";"UOP01-DEL01-PE"
218008;2019-06-25;"terça-feira";"19:55:00";"MG";381;512;"IGARAPE";"Desobediência às normas de trânsito pelo condutor";"Queda de ocupante de veículo";"Com Vítimas Feridas";"Plena Noite";"Decrescente";"Céu Claro";"Simples";"Reta";"Sim";3;0;1;0;0;2;1;3;-20,09239724;-44,31458341;"SPRF-MG";"DEL01-MG";"UOP03-DEL01-MG"
218009;2019-06-25;"terça-feira";"16:00:00";"PR";163;124,9;"REALEZA";"Defeito Mecânico no Veículo";"Saída de leito carroçável";"Sem Vítimas";"Pleno dia";"Crescente";"Nublado";"Simples";"Aclive;Reta";"Não";2;0;0;0;1;1;0;2;-25,604372;-53,574118;"SPRF-PR";"DEL02-PR";"UOP02-DEL02-PR"
218010;2019-06-25;"terça-feira";"17:15:00";"RS";392;207;"SANTANA DA BOA VISTA";"Pista Escorregadia";"Colisão lateral";"Sem Vítimas";"Anoitecer";"Crescente";"Chuva";"Simples";"Declive;Curva";"Não";3;0;0;0;2;1;0;3;-30,82849298;-53,17127764;"SPRF-RS";"DEL09-RS";"UOP02-DEL09-RS"
218011;2019-06-25;"terça-feira";"19:30:00";"PR";376;4;"SAO JOSE DOS PINHAIS";"Falta de Atenção à Condução";"Colisão traseira";"Com Vítimas Feridas";"Plena Noite";"Crescente";"Céu Claro";"Dupla";"Reta";"Não";3;0;1;0;2;0;1;2;-25,5307;-49,1958;"SPRF-PR";"DEL01-PR";"UOP01-DEL01-PR"
218013;2019-06-25;"terça-feira";"19:00:00";"PI";407;600,7;"ACAUA";"Falta de Atenção à Condução";"Colisão traseira";"Com Vítimas Fatais";"Plena Noite";"Decrescente";"Ignorado";"Simples";"Reta";"Não";2;1;0;0;1;0;0;2;-8,34086699;-41,06296704;"SPRF-PI";"DEL04-PI";"UOP01-DEL04-PI"
218019;2019-06-25;"terça-feira";"16:10:00";"MT";364;200;"RONDONOPOLIS";"Falta de Atenção à Condução";"Tombamento";"Sem Vítimas";"Pleno dia";"Decrescente";"Céu Claro";"Dupla";"Retorno Regulamentado";"Sim";2;0;0;0;1;1;0;2;-16,48995829;-54,64724064;"SPRF-MT";"DEL02-MT";"UOP01-DEL02-MT"
218020;2019-06-25;"terça-feira";"19:00:00";"MG";40;522;"CONTAGEM";"Velocidade Incompatível";"Colisão traseira";"Com Vítimas Feridas";"Plena Noite";"Decrescente";"Céu Claro";"Dupla";"Reta";"Sim";4;0;2;0;2;0;2;2;-19,8638731;-44,06749809;"SPRF-MG";"DEL01-MG";"UOP02-DEL01-MG"
218026;2019-06-25;"terça-feira";"21:50:00";"RN";226;322,6;"MESSIAS TARGINO";"Defeito Mecânico no Veículo";"Saída de leito carroçável";"Com Vítimas Fatais";"Plena Noite";"Crescente";"Céu Claro";"Simples";"Reta";"Não";1;1;0;0;0;0;0;1;-6,07002014;-37,50301987;"SPRF-RN";"DEL04-RN";"UOP01-DEL04-RN"
218029;2019-06-25;"terça-feira";"22:14:00";"GO";40;15;"LUZIANIA";"Não guardar distância de segurança";"Colisão traseira";"Com Vítimas Fatais";"Plena Noite";"Decrescente";"Céu Claro";"Dupla";"Aclive";"Sim";3;1;0;0;1;1;0;3;-16,1671;-47,930161;"SPRF-DF";"DEL01-DF";"UOP01-DEL01-DF"
218034;2019-06-25;"terça-feira";"22:40:00";"SC";282;174,5;"BOCAINA DO SUL";"Condutor Dormindo";"Saída de leito carroçável";"Com Vítimas Feridas";"Plena Noite";"Crescente";"Nublado";"Simples";"Curva";"Não";7;0;6;0;1;0;6;1;-27,742559;-49,882248;"SPRF-SC";"DEL05-SC";"UOP01-DEL05-SC"
218038;2019-06-25;"terça-feira";"20:00:00";"SC";116;109,4;"MONTE CASTELO";"Falta de Atenção à Condução";"Colisão traseira";"Com Vítimas Feridas";"Plena Noite";"Crescente";"Céu Claro";"Simples";"Aclive;Reta";"Não";2;0;0;1;1;0;1;2;-26,7575178;-50,34172617;"SPRF-SC";"DEL06-SC";"UOP02-DEL06-SC"
218041;2019-06-25;"terça-feira";"08:15:00";"PR";280;261,7;"MARMELEIRO";"Desobediência às normas de trânsito pelo condutor";"Colisão transversal";"Com Vítimas Feridas";"Plena Noite";"Decrescente";"Nublado";"Simples";"Curva";"Não";2;0;1;0;0;1;1;2;-26,17825795;-53,07204111;"SPRF-PR";"DEL02-PR";"UOP01-DEL02-PR"
218042;2019-06-26;"quarta-feira";"00:30:00";"RN";304;223,6;"CAICARA DO RIO DO VENTO";"Falta de Atenção à Condução";"Capotamento";"Com Vítimas Feridas";"Plena Noite";"Decrescente";"Nublado";"Simples";"Reta";"Não";2;0;1;0;0;1;1;2;-5,75658931;-35,96484091;"SPRF-RN";"DEL01-RN";"UOP03-DEL01-RN"
218043;2019-06-25;"terça-feira";"23:00:00";"PR";476;121;"CURITIBA";"Sinalização da via insuficiente ou inadequada";"Colisão transversal";"Com Vítimas Feridas";"Plena Noite";"Crescente";"Céu Claro";"Múltipla";"Interseção de Vias";"Não";2;0;1;0;1;0;1;2;-25,379221;-49,197685;"SPRF-PR";"DEL01-PR";"UOP07-DEL01-PR"
218046;2019-06-25;"terça-feira";"23:30:00";"PE";232;55;"POMBOS";"Falta de Atenção à Condução";"Colisão traseira";"Com Vítimas Feridas";"Plena Noite";"Decrescente";"Céu Claro";"Dupla";"Reta";"Não";2;0;1;0;1;0;1;2;-8,13255758;-35,36570027;"SPRF-PE";"DEL01-PE";"UOP02-DEL02PE"
218047;2019-06-26;"quarta-feira";"01:30:00";"GO";153;587,2;"PIRACANJUBA";"Defeito Mecânico no Veículo";"Colisão com objeto estático";"Com Vítimas Feridas";"Plena Noite";"Decrescente";"Céu Claro";"Dupla";"Reta";"Não";3;0;1;1;1;0;2;2;-17,443;-49,2317;"SPRF-GO";"DEL03-GO";"UOP01-DEL03-GO"
218048;2019-06-26;"quarta-feira";"03:35:00";"SC";101;104,3;"PENHA";"Falta de Atenção à Condução";"Colisão traseira";"Com Vítimas Fatais";"Plena Noite";"Crescente";"Garoa/Chuvisco";"Dupla";"Reta";"Não";2;1;0;0;1;0;0;2;-26,79532487;-48,68019462;"SPRF-SC";"DEL03-SC";"UOP02-DEL03-SC"
218050;2019-06-26;"quarta-feira";"05:30:00";"SC";280;276,1;"IRINEOPOLIS";"Falta de Atenção à Condução";"Colisão traseira";"Com Vítimas Feridas";"Plena Noite";"Crescente";"Céu Claro";"Simples";"Reta;Aclive";"Não";2;0;0;1;1;0;1;2;-26,29126407;-50,79052397;"SPRF-SC";"DEL06-SC";"UOP04-DEL06-SC"
218052;2019-06-25;"terça-feira";"20:00:00";"PA";10;285;"MAE DO RIO";"Defeito na Via";"Colisão traseira";"Sem Vítimas";"Plena Noite";"Crescente";"Chuva";"Simples";"Reta";"Não";4;0;0;0;3;2;0;5;-1,94131376;-47,52415918;"SPRF-PA";"DEL02-PA";"UOP01-DEL02-PA"
218053;2019-06-26;"quarta-feira";"06:00:00";"TO";153;306;"GUARAI";"Condutor Dormindo";"Tombamento";"Com Vítimas Feridas";"Amanhecer";"Decrescente";"Céu Claro";"Simples";"Ponte";"Não";4;0;2;1;0;1;3;2;-8,58407652;-48,49416733;"SPRF-TO";"DEL02-TO";"UOP02-DEL02-TO"
218055;2019-06-26;"quarta-feira";"05:21:00";"MG";365;408;"PATOS DE MINAS";"Falta de Atenção à Condução";"Queda de ocupante de veículo";"Com Vítimas Feridas";"Amanhecer";"Crescente";"Céu Claro";"Simples";"Reta";"Sim";2;0;1;0;1;0;1;2;-18,64784618;-46,50720896;"SPRF-MG";"DEL10-MG";"UOP01-DEL10-MG"
218056;2019-06-26;"quarta-feira";"05:15:00";"PR";369;79;"SANTA MARIANA";"Desobediência às normas de trânsito pelo condutor";"Colisão traseira";"Com Vítimas Feridas";"Plena Noite";"Decrescente";"Céu Claro";"Simples";"Reta";"Não";3;0;1;0;1;1;1;3;-23,14454296;-50,58508873;"SPRF-PR";"DEL07-PR";"UOP05-DEL07-PR"
218059;2019-06-26;"quarta-feira";"05:10:00";"RO";364;424,5;"JARU";"Falta de Atenção à Condução";"Colisão lateral";"Com Vítimas Feridas";"Amanhecer";"Decrescente";"Céu Claro";"Simples";"Reta";"Sim";3;0;2;0;1;0;2;2;-10,44457274;-62,46568412;"SPRF-RO";"DEL03-RO";"UOP02-DEL03-RO"
218062;2019-06-26;"quarta-feira";"05:40:00";"BA";242;414;"SEABRA";"Falta de Atenção à Condução";"Colisão frontal";"Com Vítimas Fatais";"Pleno dia";"Crescente";"Garoa/Chuvisco";"Simples";"Curva";"Sim";3;1;0;0;1;2;0;4;-12,42752418;-41,76177979;"SPRF-BA";"DEL06-BA";"UOP01-DEL06-BA"
218066;2019-06-26;"quarta-feira";"07:30:00";"BA";116;808;"VITORIA DA CONQUISTA";"Mal Súbito";"Colisão traseira";"Com Vítimas Feridas";"Pleno dia";"Crescente";"Céu Claro";"Simples";"Reta";"Não";3;0;1;0;1;1;1;3;-14,7433918;-40,66503611;"SPRF-BA";"DEL08-BA";"UOP01-DEL08-BA"
218074;2019-06-26;"quarta-feira";"06:00:00";"RS";392;277;"SAO SEPE";"Velocidade Incompatível";"Tombamento";"Sem Vítimas";"Plena Noite";"Decrescente";"Nublado";"Simples";"Declive;Curva";"Não";2;0;0;0;1;2;0;3;-30,32813834;-53,53191376;"SPRF-RS";"DEL09-RS";"UOP02-DEL09-RS"
218075;2019-06-26;"quarta-feira";"07:35:00";"SP";116;511,5;"CAJATI";"Velocidade Incompatível";"Tombamento";"Com Vítimas Feridas";"Pleno dia";"Crescente";"Céu Claro";"Dupla";"Curva";"Não";2;0;1;0;0;1;1;2;-24,83558399;-48,2223738;"SPRF-SP";"DEL05-SP";"UAP01-DEL05-SP"
218081;2019-06-26;"quarta-feira";"06:00:00";"SC";101;127,2;"ITAJAI";"Falta de Atenção à Condução";"Colisão traseira";"Com Vítimas Fatais";"Pleno dia";"Decrescente";"Chuva";"Dupla";"Reta";"Não";3;1;0;0;1;1;0;3;-26,9639319;-48,68328024;"SPRF-SC";"DEL04-SC";"UOP04-DEL04-SC"
218090;2019-03-11;"segunda-feira";"07:50:00";"MG";116;757,5;"LEOPOLDINA";"Condutor Dormindo";"Colisão frontal";"Com Vítimas Feridas";"Pleno dia";"Decrescente";"Céu Claro";"Simples";"Reta";"Não";4;0;1;1;1;1;2;3;-21,49867034;-42,59199078;"SPRF-MG";"DEL07-MG";"UOP01-DEL07-MG"
218091;2019-06-26;"quarta-feira";"07:20:00";"RJ";101;296;"ITABORAI";"Velocidade Incompatível";"Colisão lateral";"Com Vítimas Feridas";"Pleno dia";"Crescente";"Céu Claro";"Simples";"Reta";"Sim";7;0;6;0;1;0;6;2;-22,7670498;-42,91019601;"SPRF-RJ";"DEL02-RJ";"DEL5/2-UOP04/RJ"
218092;2019-06-26;"quarta-feira";"08:00:00";"AL";101;20,6;"JOAQUIM GOMES";"Defeito na Via";"Tombamento";"Com Vítimas Feridas";"Pleno dia";"Crescente";"Céu Claro";"Simples";"Curva";"Não";2;0;1;0;0;1;1;2;-9,06394016;-35,7333829;"SPRF-AL";"DEL01-AL";"UOP01-DEL01-AL"
218095;2019-06-26;"quarta-feira";"07:40:00";"PR";116;121,6;"CURITIBA";"Não guardar distância de segurança";"Colisão lateral";"Com Vítimas Feridas";"Pleno dia";"Decrescente";"Nublado";"Dupla";"Reta";"Não";3;0;2;0;1;0;2;3;-25,5599323;-49,30743945;"SPRF-PR";"DEL01-PR";"UOP03-DEL01-PR"
218096;2019-06-17;"segunda-feira";"20:30:00";"RO";364;380,1;"OURO PRETO DO OESTE";"Defeito Mecânico no Veículo";"Colisão traseira";"Sem Vítimas";"Plena Noite";"Crescente";"Céu Claro";"Simples";"Reta";"Não";2;0;0;0;2;0;0;2;-10,73873806;-62,22637307;"SPRF-RO";"DEL02-RO";"UOP01-DEL02-RO"
218101;2019-06-26;"quarta-feira";"09:30:00";"RS";392;62;"PELOTAS";"Falta de Atenção à Condução";"Colisão traseira";"Sem Vítimas";"Pleno dia";"Crescente";"Céu Claro";"Simples";"Rotatória";"Não";2;0;0;0;2;0;0;2;-31,77948;-52,359173;"SPRF-RS";"DEL07-RS";"UOP01-DEL07-RS"
218102;2019-06-14;"sexta-feira";"08:20:00";"MS";163;277;"DOURADOS";"Falta de Atenção à Condução";"Atropelamento de Pedestre";"Com Vítimas Feridas";"Pleno dia";"Crescente";"Sol";"Dupla";"Reta";"Não";3;0;0;1;2;0;1;2;-22,15520269;-54,64147924;"SPRF-MS";"DEL04-MS";"UOP01-DEL04-MS"
218107;2019-06-19;"quarta-feira";"13:25:00";"SE";101;155,9;"ESTANCIA";"Ultrapassagem Indevida";"Colisão frontal";"Com Vítimas Fatais";"Pleno dia";"Crescente";"Nublado";"Simples";"Reta";"Não";3;2;0;0;1;0;0;2;-11,28543839;-37,45485295;"SPRF-SE";"DEL02-SE";"UOP01-DEL02-SE"
218108;2019-06-26;"quarta-feira";"09:20:00";"CE";116;40;"HORIZONTE";"Não guardar distância de segurança";"Colisão traseira";"Sem Vítimas";"Pleno dia";"Decrescente";"Céu Claro";"Dupla";"Reta";"Sim";2;0;0;0;2;0;0;2;-4,09611852;-38,50338047;"SPRF-CE";"DEL01-CE";"UOP02-DEL01-CE"
218109;2019-06-26;"quarta-feira";"09:30:00";"CE";116;40;"HORIZONTE";"Falta de Atenção à Condução";"Colisão com objeto estático";"Com Vítimas Fatais";"Pleno dia";"Decrescente";"Sol";"Dupla";"Reta";"Sim";11;2;4;1;3;1;5;3;-4,08722773;-38,500659;"SPRF-CE";"DEL01-CE";"UOP02-DEL01-CE"
218113;2019-06-26;"quarta-feira";"10:30:00";"PE";101;83;"JABOATAO DOS GUARARAPES";"Defeito Mecânico no Veículo";"Saída de leito carroçável";"Sem Vítimas";"Pleno dia";"Crescente";"Chuva";"Dupla";"Curva";"Não";1;0;0;0;1;0;0;1;-8,175172;-34,942642;"SPRF-PE";"DEL01-PE";"UOP03-DEL01-PE"
218114;2019-06-26;"quarta-feira";"10:40:00";"CE";20;426;"FORTALEZA";"Falta de Atenção à Condução";"Saída de leito carroçável";"Com Vítimas Feridas";"Pleno dia";"Decrescente";"Céu Claro";"Dupla";"Declive";"Sim";4;0;1;0;1;2;1;4;-3,86478;-38,51833;"SPRF-CE";"DEL01-CE";"UOP02-DEL01-CE"
218117;2019-06-26;"quarta-feira";"11:00:00";"PR";277;297,5;"PRUDENTOPOLIS";"Falta de Atenção à Condução";"Colisão traseira";"Com Vítimas Feridas";"Pleno dia";"Crescente";"Chuva";"Simples";"Reta;Aclive";"Não";4;0;1;0;2;2;1;4;-25,29358059;-51,12556458;"SPRF-PR";"DEL03-PR";"UOP02-DEL08-PR"
218118;2019-06-26;"quarta-feira";"10:15:00";"SC";101;334,1;"TUBARAO";"Defeito na Via";"Colisão com objeto estático";"Sem Vítimas";"Pleno dia";"Crescente";"Nublado";"Dupla";"Curva;Declive";"Sim";2;0;0;0;1;1;0;2;-28,46730446;-49,00604302;"SPRF-SC";"DEL02-SC";"UOP01-DEL02-SC"
218124;2019-06-26;"quarta-feira";"12:40:00";"SC";470;64,9;"INDAIAL";"Desobediência às normas de trânsito pelo condutor";"Colisão transversal";"Com Vítimas Feridas";"Pleno dia";"Decrescente";"Chuva";"Simples";"Reta";"Sim";2;0;1;0;1;0;1;2;-26,869867;-49,201859;"SPRF-SC";"DEL04-SC";"UOP01-DEL04-SC"
218131;2019-06-26;"quarta-feira";"12:55:00";"PR";376;601,5;"CURITIBA";"Não guardar distância de segurança";"Colisão traseira";"Com Vítimas Feridas";"Pleno dia";"Decrescente";"Chuva";"Múltipla";"Reta;Viaduto";"Sim";17;0;9;5;2;3;14;6;-25,54454306;-49,30362659;"SPRF-PR";"DEL01-PR";"UOP06-DEL01-PR"
218132;2019-06-26;"quarta-feira";"13:45:00";"PR";277;0,5;"PARANAGUA";"Não guardar distância de segurança";"Colisão traseira";"Com Vítimas Feridas";"Pleno dia";"Crescente";"Chuva";"Simples";"Reta";"Sim";7;0;3;0;3;4;3;8;-25,52385392;-48,54686737;"SPRF-PR";"DEL01-PR";"UOP05-DEL01-PR"
218134;2019-06-26;"quarta-feira";"12:20:00";"MS";163;690;"RIO VERDE DE MATO GROSSO";"Falta de Atenção à Condução";"Colisão com objeto estático";"Sem Vítimas";"Pleno dia";"Crescente";"Garoa/Chuvisco";"Simples";"Curva";"Não";3;0;0;0;2;1;0;3;-18,84339808;-54,81605383;"SPRF-MS";"DEL06-MS";"UOP01-DEL06-MS"
218139;2019-06-26;"quarta-feira";"12:40:00";"MT";163;654,5;"LUCAS DO RIO VERDE";"Falta de Atenção à Condução";"Colisão frontal";"Com Vítimas Feridas";"Pleno dia";"Decrescente";"Céu Claro";"Simples";"Reta";"Não";4;0;1;2;0;1;3;3;-13,45010491;-56,08339868;"SPRF-MT";"DEL06-MT";"UOP01-DEL06-MT"
218141;2019-06-26;"quarta-feira";"11:45:00";"SC";282;486,6;"FAXINAL DOS GUEDES";"Falta de Atenção à Condução";"Colisão traseira";"Com Vítimas Feridas";"Pleno dia";"Crescente";"Nevoeiro/Neblina";"Simples";"Reta";"Sim";3;0;1;0;2;0;1;3;-26,855415;-52,25423;"SPRF-SC";"DEL07-SC";"UOP01-DEL07-SC"
218143;2019-06-26;"quarta-feira";"06:30:00";"MG";381;565,7;"ITAGUARA";"Carga excessiva e/ou mal acondicionada";"Tombamento";"Sem Vítimas";"Amanhecer";"Decrescente";"Céu Claro";"Dupla";"Curva";"Não";1;0;0;0;1;0;0;1;-20,40868701;-44,52561498;"SPRF-MG";"DEL04-MG";"UOP03-DEL04-MG"
218150;2019-05-28;"terça-feira";"18:00:00";"SC";101;277,5;"IMBITUBA";"Falta de Atenção à Condução";"Colisão traseira";"Com Vítimas Feridas";"Plena Noite";"Decrescente";"Nublado";"Dupla";"Reta";"Sim";4;0;1;1;1;2;2;4;-28,15478103;-48,69265474;"SPRF-SC";"DEL02-SC";"UOP03-DEL02-SC"
218152;2019-06-26;"quarta-feira";"14:30:00";"DF";20;15;"BRASILIA";"Falta de Atenção à Condução";"Saída de leito carroçável";"Com Vítimas Feridas";"Pleno dia";"Decrescente";"Céu Claro";"Dupla";"Reta";"Sim";6;0;1;0;5;0;1;2;-15,630189;-47,733288;"SPRF-DF";"DEL02-DF";"UOP01-DEL02-DF"
218153;2019-06-26;"quarta-feira";"13:45:00";"PR";476;127;"CURITIBA";"Falta de Atenção à Condução";"Colisão lateral";"Com Vítimas Feridas";"Pleno dia";"Decrescente";"Chuva";"Dupla";"Viaduto";"Sim";5;0;1;1;3;0;2;4;-25,425167;-49,227158;"SPRF-PR";"DEL01-PR";"UOP07-DEL01-PR"
218156;2019-06-26;"quarta-feira";"13:30:00";"PA";316;18,6;"BENEVIDES";"Não guardar distância de segurança";"Colisão traseira";"Com Vítimas Feridas";"Pleno dia";"Crescente";"Céu Claro";"Dupla";"Reta";"Sim";3;0;1;0;1;1;1;3;-1,36485638;-48,29643999;"SPRF-PA";"DEL01-PA";"DEL19/1-UOP05/PA"
218157;2019-06-26;"quarta-feira";"13:25:00";"RJ";116;183,9;"NOVA IGUACU";"Falta de Atenção à Condução";"Colisão lateral";"Sem Vítimas";"Pleno dia";"Decrescente";"Sol";"Dupla";"Retorno Regulamentado;Viaduto";"Sim";2;0;0;0;2;0;0;2;-22,74012099;-43,49766755;"SPRF-RJ";"DEL01-RJ";"UOP02-DEL01-RJ"
218162;2019-06-26;"quarta-feira";"12:15:00";"PR";116;106,5;"SAO JOSE DOS PINHAIS";"Falta de Atenção à Condução";"Saída de leito carroçável";"Sem Vítimas";"Pleno dia";"Decrescente";"Garoa/Chuvisco";"Dupla";"Reta";"Não";2;0;0;0;1;1;0;2;-25,56830653;-49,17799791;"SPRF-PR";"DEL01-PR";"UOP06-DEL01-PR"
218167;2019-06-26;"quarta-feira";"14:04:00";"CE";116;480,1;"MILAGRES";"Desobediência às normas de trânsito pelo condutor";"Tombamento";"Sem Vítimas";"Pleno dia";"Crescente";"Céu Claro";"Simples";"Reta";"Não";2;0;0;0;2;0;0;1;-7,308072;-38,927906;"SPRF-CE";"DEL05-CE";"UOP03-DEL05-CE"
218168;2019-06-26;"quarta-feira";"15:40:00";"RJ";40;72,8;"PETROPOLIS";"Velocidade Incompatível";"Colisão lateral";"Sem Vítimas";"Pleno dia";"Decrescente";"Céu Claro";"Simples";"Curva";"Não";4;0;0;0;3;1;0;3;-22,4585308;-43,21600514;"SPRF-RJ";"DEL06-RJ";"UOP01-DEL06-RJ"
218169;2019-06-26;"quarta-feira";"13:30:00";"PE";407;92,8;"PETROLINA";"Defeito Mecânico no Veículo";"Colisão transversal";"Sem Vítimas";"Pleno dia";"Decrescente";"Céu Claro";"Simples";"Declive";"Não";2;0;0;0;2;0;0;2;-9,10716916;-40,64757531;"SPRF-PE";"DEL06-PE";"UOP02-DEL06-PE"
218170;2019-06-26;"quarta-feira";"14:30:00";"MT";163;654,8;"LUCAS DO RIO VERDE";"Deficiência ou não Acionamento do Sistema de Iluminação/Sinalização do Veículo";"Colisão com objeto estático";"Sem Vítimas";"Pleno dia";"Crescente";"Sol";"Simples";"Desvio Temporário";"Não";3;0;0;0;3;0;0;2;-13,45010491;-56,08339868;"SPRF-MT";"DEL06-MT";"UOP01-DEL06-MT"
218174;2019-06-26;"quarta-feira";"10:50:00";"RS";287;353,5;"JAGUARI";"Carga excessiva e/ou mal acondicionada";"Danos eventuais";"Sem Vítimas";"Pleno dia";"Decrescente";"Céu Claro";"Simples";"Curva";"Não";2;0;0;0;1;1;0;2;-29,49011446;-54,68045712;"SPRF-RS";"DEL12-RS";"UOP02-DEL12-RS"
218175;2019-06-26;"quarta-feira";"15:40:00";"GO";153;365,5;"JARAGUA";"Defeito Mecânico no Veículo";"Capotamento";"Com Vítimas Fatais";"Pleno dia";"Decrescente";"Céu Claro";"Simples";"Declive";"Não";2;1;0;1;0;0;1;1;-15,791342;-49,302017;"SPRF-GO";"DEL02-GO";"UOP02-DEL02-GO"