"id";"data_inversa";"dia_semana";"horario";"uf";"br";"km";"municipio";"causa_acidente";"tipo_acidente";"classificacao_acidente";"fase_dia";"sentido_via";"condicao_metereologica";"tipo_pista";"tracado_via";"uso_solo";"pessoas";"mortos";"feridos_leves";"feridos_graves";"ilesos";"ignorados";"feridos";"veiculos";"latitude";"longitude";"regional";"delegacia";"uop"
218446;2019-06-27;"quinta-feira";"22:50:00";"MG";381;670,6;"PERDOES";"Falta de Atenção à Condução";"Colisão traseira";"Com Vítimas Feridas";"Plena Noite";"Decrescente";"Céu Claro";"Dupla";"Aclive;Reta";"Não";4;0;1;0;2;1;1;3;-21,05821188;-45,04848385;"SPRF-MG";"DEL04-MG";"UOP02-DEL04-MG"
218450;2019-06-27;"quinta-feira";"20:15:00";"MG";40;118,9;"LAGOA GRANDE";"Desobediência às normas de trânsito pelo condutor";"Colisão transversal";"Com Vítimas Feridas";"Plena Noite";"Decrescente";"Céu Claro";"Simples";"Rotatória";"Não";5;0;0;2;2;1;2;3;-17,66039012;-46,37502909;"SPRF-MG";"DEL14-MG";"UOP01-DEL14-MG"
218452;2019-06-27;"quinta-feira";"20:30:00";"PR";153;143,8;"VENTANIA";"Desobediência às normas de trânsito pelo condutor";"Colisão lateral";"Com Vítimas Feridas";"Plena Noite";"Crescente";"Céu Claro";"Simples";"Curva";"Não";4;0;1;0;3;0;1;2;-24,10443105;-50,24661083;"SPRF-PR";"DEL07-PR";"UOP04-DEL07-PR"
218453;2019-06-28;"sexta-feira";"01:40:00";"SC";101;12,6;"JOINVILLE";"Condutor Dormindo";"Colisão traseira";"Com Vítimas Feridas";"Plena Noite";"Crescente";"Nublado";"Dupla";"Reta";"Não";3;0;1;0;1;4;1;6;-26,08104399;-48,86175612;"SPRF-SC";"DEL03-SC";"UOP01-DEL03-SC"
218454;2019-06-27;"quinta-feira";"14:30:00";"SC";280;84,3;"CORUPA";"Falta de Atenção à Condução";"Saída de leito carroçável";"Sem Vítimas";"Pleno dia";"Crescente";"Nublado";"Simples";"Reta";"Não";1;0;0;0;1;0;0;1;-26,43589072;-49,24351466;"SPRF-SC";"DEL06-SC";"UOP03-DEL06-SC"
218457;2019-06-28;"sexta-feira";"01:20:00";"MG";381;719;"CARMO DA CACHOEIRA";"Falta de Atenção à Condução";"Colisão lateral";"Sem Vítimas";"Plena Noite";"Crescente";"Céu Claro";"Dupla";"Curva";"Não";5;0;0;0;4;2;0;4;-21,37762855;-45,19421339;"SPRF-MG";"DEL04-MG";"UOP02-DEL04-MG"
218458;2019-05-26;"domingo";"23:30:00";"MG";251;345;"FRUTA DE LEITE";"Defeito Mecânico no Veículo";"Incêndio";"Sem Vítimas";"Plena Noite";"Decrescente";"Céu Claro";"Simples";"Reta";"Não";2;0;0;0;1;2;0;3;-16,25893502;-42,46167272;"SPRF-MG";"DEL12-MG";"UOP01-DEL12-MG"
218459;2019-06-28;"sexta-feira";"03:40:00";"RJ";116;164;"RIO DE JANEIRO";"Não guardar distância de segurança";"Colisão traseira";"Com Vítimas Feridas";"Plena Noite";"Decrescente";"Céu Claro";"Múltipla";"Reta";"Sim";5;0;2;0;2;1;2;2;-22,81074068;-43,28844363;"SPRF-RJ";"DEL01-RJ";"UOP02-DEL01-RJ"
218460;2019-06-28;"sexta-feira";"00:35:00";"CE";116;472,3;"MILAGRES";"Desobediência às normas de trânsito pelo condutor";"Colisão traseira";"Com Vítimas Fatais";"Plena Noite";"Crescente";"Nublado";"Simples";"Reta;Declive";"Não";4;1;0;0;2;1;0;4;-7,28519016;-38,86498276;"SPRF-CE";"DEL05-CE";"UOP03-DEL05-CE"
218461;2019-06-28;"sexta-feira";"06:00:00";"SP";116;386;"MIRACATU";"Defeito Mecânico no Veículo";"Tombamento";"Com Vítimas Feridas";"Amanhecer";"Decrescente";"Céu Claro";"Dupla";"Curva";"Não";2;0;1;0;1;0;1;1;-24,26280509;-47,37943995;"SPRF-SP";"DEL04-SP";"UOP02-DEL04-SP"
218463;2019-06-28;"sexta-feira";"06:00:00";"PR";116;90,5;"PIRAQUARA";"Velocidade Incompatível";"Saída de leito carroçável";"Sem Vítimas";"Plena Noite";"Crescente";"Ignorado";"Dupla";"Reta";"Não";4;0;0;0;1;4;0;5;-25,4934665;-49,11503526;"SPRF-PR";"DEL01-PR";"UOP01-DEL01-PR"
218471;2019-05-30;"quinta-feira";"08:30:00";"MG";365;751;"ITUIUTABA";"Falta de Atenção à Condução";"Colisão traseira";"Com Vítimas Feridas";"Pleno dia";"Crescente";"Céu Claro";"Simples";"Declive";"Não";3;0;1;0;1;2;1;4;-18,93793339;-49,43876589;"SPRF-MG";"DEL15-MG";"UOP03-DEL15-MG"
218472;2019-06-28;"sexta-feira";"07:05:00";"SC";101;100,8;"BALNEARIO PICARRAS";"Falta de Atenção à Condução";"Colisão frontal";"Com Vítimas Feridas";"Pleno dia";"Crescente";"Céu Claro";"Simples";"Interseção de Vias";"Sim";3;0;0;1;1;1;1;3;-26,76218429;-48,68668556;"SPRF-SC";"DEL03-SC";"UOP02-DEL03-SC"
218473;2019-06-28;"sexta-feira";"05:30:00";"SC";480;127,3;"CHAPECO";"Velocidade Incompatível";"Tombamento";"Sem Vítimas";"Amanhecer";"Decrescente";"Céu Claro";"Dupla";"Reta";"Sim";1;0;0;0;1;0;0;1;-27,02885905;-52,63380035;"SPRF-SC";"DEL07-SC";"UOP01-DEL07-SC"
218478;2019-06-28;"sexta-feira";"07:25:00";"MG";381;538,1;"ITATIAIUCU";"Falta de Atenção à Condução";"Colisão traseira";"Com Vítimas Feridas";"Pleno dia";"Crescente";"Céu Claro";"Dupla";"Declive;Reta";"Não";3;0;0;1;1;1;1;3;-20,23654769;-44,40777735;"SPRF-MG";"DEL04-MG";"UOP03-DEL04-MG"
218480;2019-06-28;"sexta-feira";"07:00:00";"GO";364;101,3;"CACHOEIRA ALTA";"Falta de Atenção à Condução";"Colisão transversal";"Com Vítimas Feridas";"Amanhecer";"Decrescente";"Céu Claro";"Simples";"Reta";"Não";4;0;1;0;2;1;1;3;-18,407518;-51,102043;"SPRF-GO";"DEL05-GO";"UOP02-DEL05-GO"
218483;2019-06-28;"sexta-feira";"08:35:00";"BA";110;362,9;"CATU";"Falta de Atenção à Condução";"Tombamento";"Com Vítimas Feridas";"Pleno dia";"Crescente";"Nublado";"Simples";"Reta";"Sim";1;0;1;0;0;0;1;1;-12,36659322;-38,38801135;"SPRF-BA";"DEL01-BA";"UOP04-DEL01-BA"
218497;2019-05-31;"sexta-feira";"19:30:00";"PR";277;107;"CAMPO LARGO";"Condutor Dormindo";"Colisão traseira";"Com Vítimas Feridas";"Plena Noite";"Crescente";"Garoa/Chuvisco";"Dupla";"Reta";"Não";3;0;1;0;1;2;1;4;-25,43242327;-49,42783356;"SPRF-PR";"DEL01-PR";"UOP06-DEL01-PR"
218498;2019-06-28;"sexta-feira";"09:15:00";"PR";163;49;"PRANCHITA";"Desobediência às normas de trânsito pelo condutor";"Colisão lateral";"Com Vítimas Feridas";"Pleno dia";"Decrescente";"Céu Claro";"Simples";"Aclive";"Não";2;0;0;1;1;0;1;2;-25,99281902;-53,72115896;"SPRF-PR";"DEL02-PR";"UOP02-DEL02-PR"
218505;2019-06-28;"sexta-feira";"09:05:00";"TO";153;601,2;"CRIXAS DO TOCANTINS";"Não guardar distância de segurança";"Colisão traseira";"Sem Vítimas";"Pleno dia";"Decrescente";"Céu Claro";"Simples";"Em Obras";"Não";3;0;0;0;2;1;0;3;-11,10470302;-48,92081382;"SPRF-TO";"DEL02-TO";"UOP02-DEL01-TO"
218507;2019-06-28;"sexta-feira";"08:20:00";"MG";50;180;"UBERABA";"Desobediência às normas de trânsito pelo condutor";"Colisão lateral";"Com Vítimas Feridas";"Pleno dia";"Decrescente";"Céu Claro";"Simples";"Curva";"Sim";3;0;1;0;1;1;1;3;-19,77848216;-47,92194709;"SPRF-MG";"DEL13-MG";"UOP01-DEL13-MG"
218512;2019-06-28;"sexta-feira";"08:20:00";"GO";153;304,7;"RIALMA";"Não guardar distância de segurança";"Engavetamento";"Sem Vítimas";"Pleno dia";"Decrescente";"Céu Claro";"Simples";"Aclive";"Sim";5;0;0;0;4;3;0;7;-15,311009;-49,572147;"SPRF-GO";"DEL02-GO";"UOP02-DEL02-GO"
218531;2019-06-27;"quinta-feira";"22:00:00";"BA";110;59;"JEREMOABO";"Condutor Dormindo";"Colisão traseira";"Com Vítimas Feridas";"Plena Noite";"Crescente";"Chuva";"Simples";"Reta";"Não";1;0;1;0;0;0;1;1;-9,96029705;-38,3059529;"SPRF-BA";"DEL07-BA";"UOP01-DEL07-BA"
218533;2019-06-28;"sexta-feira";"13:00:00";"MG";381;487;"BETIM";"Não guardar distância de segurança";"Colisão traseira";"Com Vítimas Feridas";"Pleno dia";"Crescente";"Sol";"Dupla";"Declive;Curva";"Sim";3;0;1;0;1;1;1;3;-19,95586853;-44,14609501;"SPRF-MG";"DEL01-MG";"UOP03-DEL01-MG"
218542;2019-06-28;"sexta-feira";"12:20:00";"MT";163;596;"NOVA MUTUM";"Falta de Atenção do Pedestre";"Atropelamento de Pedestre";"Com Vítimas Fatais";"Pleno dia";"Decrescente";"Céu Claro";"Simples";"Reta";"Sim";4;1;0;0;2;4;0;7;-13,94323505;-56,09610157;"SPRF-MT";"DEL01-MT";"UOP01-DEL01-MT"
218546;2019-06-28;"sexta-feira";"13:20:00";"SP";116;137,9;"SAO JOSE DOS CAMPOS";"Falta de Atenção à Condução";"Colisão traseira";"Com Vítimas Feridas";"Pleno dia";"Crescente";"Céu Claro";"Dupla";"Reta";"Não";4;0;1;0;2;1;1;3;-23,15300766;-45,78709317;"SPRF-SP";"DEL06-SP";"UOP02-DEL02-SP"
218548;2019-06-28;"sexta-feira";"12:00:00";"BA";101;63,5;"ENTRE RIOS";"Falta de Atenção à Condução";"Saída de leito carroçável";"Com Vítimas Feridas";"Pleno dia";"Decrescente";"Nublado";"Simples";"Reta";"Não";1;0;1;0;0;0;1;1;-11,95647249;-38,08555668;"SPRF-BA";"DEL01-BA";"UOP04-DEL01-BA"
218550;2019-06-28;"sexta-feira";"14:00:00";"PE";101;75,1;"RECIFE";"Não guardar distância de segurança";"Colisão traseira";"Com Vítimas Feridas";"Pleno dia";"Decrescente";"Nublado";"Dupla";"Reta";"Sim";2;0;1;0;1;0;1;2;-8,10973523;-34,94660151;"SPRF-PE";"DEL01-PE";"UOP01-DEL01-PE"
218559;2019-06-28;"sexta-feira";"12:40:00";"SC";282;592,7;"SAUDADES";"Mal Súbito";"Colisão traseira";"Com Vítimas Feridas";"Pleno dia";"Decrescente";"Céu Claro";"Simples";"Reta";"Não";2;0;0;1;0;1;1;2;-26,825869;-53,091843;"SPRF-SC";"DEL07-SC";"UOP02-DEL07-SC"
218561;2019-06-28;"sexta-feira";"13:50:00";"RJ";116;253;"PINHEIRAL";"Defeito Mecânico no Veículo";"Incêndio";"Sem Vítimas";"Pleno dia";"Crescente";"Céu Claro";"Dupla";"Reta";"Não";2;0;0;0;1;2;0;3;-22,58168054;-44,03423309;"SPRF-RJ";"DEL07-RJ";"UOP02-DEL07-RJ"
218562;2019-06-28;"sexta-feira";"14:20:00";"RS";386;191,8;"SANTO ANTONIO DO PLANALTO";"Desobediência às normas de trânsito pelo condutor";"Capotamento";"Com Vítimas Fatais";"Pleno dia";"Crescente";"Céu Claro";"Simples";"Reta";"Não";4;1;0;1;1;1;1;3;-28,39415634;-52,69319773;"SPRF-RS";"DEL08-RS";"UOP01-DEL08-RS"
218563;2019-06-28;"sexta-feira";"11:15:00";"GO";153;219;"URUACU";"Falta de Atenção à Condução";"Colisão com objeto estático";"Sem Vítimas";"Pleno dia";"Crescente";"Céu Claro";"Simples";"Declive";"Não";1;0;0;0;1;0;0;1;-14,680264;-49,205601;"SPRF-GO";"DEL07-GO";"UOP02-DEL07-GO"
218566;2019-06-28;"sexta-feira";"15:05:00";"SC";101;200;"SAO JOSE";"Avarias e/ou desgaste excessivo no pneu";"Tombamento";"Com Vítimas Fatais";"Pleno dia";"Crescente";"Céu Claro";"Dupla";"Aclive";"Sim";3;1;1;0;1;0;1;2;-27,54018513;-48,62287714;"SPRF-SC";"DEL01-SC";"UOP01-DEL01-SC"
218574;2019-06-28;"sexta-feira";"15:10:00";"SE";101;39,7;"CAPELA";"Velocidade Incompatível";"Tombamento";"Com Vítimas Feridas";"Pleno dia";"Crescente";"Chuva";"Dupla";"Reta";"Não";2;0;1;0;1;0;1;1;-10,517972;-36,950147;"SPRF-SE";"DEL02-SE";"UOP02-DEL02-SE"
218577;2019-06-28;"sexta-feira";"15:20:00";"PR";277;595;"CASCAVEL";"Restrição de Visibilidade";"Colisão frontal";"Com Vítimas Feridas";"Pleno dia";"Decrescente";"Céu Claro";"Simples";"Reta";"Sim";2;0;0;1;1;0;1;2;-24,98154632;-53,50141969;"SPRF-PR";"DEL04-PR";"UOP01-DEL04-PR"
218593;2019-05-11;"sábado";"15:30:00";"PE";423;116,9;"PARANATAMA";"Ingestão de Álcool";"Colisão frontal";"Com Vítimas Feridas";"Pleno dia";"Crescente";"Céu Claro";"Simples";"Aclive;Reta";"Não";2;0;0;1;1;0;1;2;-8,9043579;-36,66026303;"SPRF-PE";"DEL03-PE";"UOP01-DEL03-PE"
218595;2019-06-28;"sexta-feira";"17:50:00";"PE";101;40;"IGARASSU";"Falta de Atenção do Pedestre";"Colisão transversal";"Com Vítimas Feridas";"Anoitecer";"Crescente";"Nublado";"Dupla";"Reta";"Sim";2;0;0;1;1;0;1;2;-7,821475;-34,916545;"SPRF-PE";"DEL01-PE";"UOP02-DEL01-PE"
218601;2019-06-28;"sexta-feira";"18:20:00";"RJ";116;225;"PIRAI";"Defeito Mecânico no Veículo";"Colisão com objeto estático";"Com Vítimas Feridas";"Plena Noite";"Decrescente";"Céu Claro";"Simples";"Curva";"Não";1;0;1;0;0;0;1;1;-22,679905;-43,814217;"SPRF-RJ";"DEL07-RJ";"UOP01-DEL07-RJ"
218612;2019-06-22;"sábado";"15:03:00";"MT";163;557;"DIAMANTINO";"Ultrapassagem Indevida";"Colisão lateral";"Sem Vítimas";"Pleno dia";"Crescente";"Céu Claro";"Simples";"Reta";"Não";4;0;0;0;2;2;0;3;-14,2536656;-56,1397763;"SPRF-MT";"DEL01-MT";"UOP01-DEL01-MT"
218619;2019-06-28;"sexta-feira";"19:15:00";"ES";101;302;"VIANA";"Falta de Atenção à Condução";"Engavetamento";"Com Vítimas Feridas";"Plena Noite";"Crescente";"Céu Claro";"Dupla";"Curva";"Sim";6;0;1;0;4;1;1;5;-20,36958283;-40,44384551;"SPRF-ES";"DEL01-ES";"UOP01-DEL01-ES"
218628;2019-06-28;"sexta-feira";"19:45:00";"SP";116;545;"BARRA DO TURVO";"Velocidade Incompatível";"Tombamento";"Com Vítimas Feridas";"Plena Noite";"Decrescente";"Nevoeiro/Neblina";"Dupla";"Declive;Curva";"Não";3;0;2;0;1;0;2;1;-24,95016699;-48,42400302;"SPRF-SP";"DEL05-SP";"UOP02-DEL05-SP"
218641;2019-06-28;"sexta-feira";"21:20:00";"GO";60;270,2;"JANDAIA";"Não guardar distância de segurança";"Colisão traseira";"Com Vítimas Feridas";"Plena Noite";"Crescente";"Céu Claro";"Dupla";"Reta";"Não";5;0;0;1;2;2;1;4;-17,2092;-50,14;"SPRF-GO";"DEL01-GO";"UOP02-DEL01-GO"
218645;2019-06-28;"sexta-feira";"17:30:00";"SP";116;451;"REGISTRO";"Falta de Atenção à Condução";"Colisão lateral";"Com Vítimas Feridas";"Anoitecer";"Crescente";"Céu Claro";"Dupla";"Reta";"Não";3;0;1;0;1;1;1;3;-24,58396836;-47,88322449;"SPRF-SP";"DEL05-SP";"UOP01-DEL05-SP"
218651;2019-06-28;"sexta-feira";"22:15:00";"MG";40;506,5;"RIBEIRAO DAS NEVES";"Falta de Atenção à Condução";"Colisão com objeto estático";"Com Vítimas Feridas";"Plena Noite";"Crescente";"Céu Claro";"Dupla";"Reta";"Sim";4;0;1;2;0;1;3;2;-19,74716686;-44,14731173;"SPRF-MG";"DEL02-MG";"UOP01-DEL02-MG"
218656;2019-06-28;"sexta-feira";"18:40:00";"MG";116;659;"SAO FRANCISCO DO GLORIA";"Carga excessiva e/ou mal acondicionada";"Tombamento";"Com Vítimas Feridas";"Anoitecer";"Crescente";"Céu Claro";"Simples";"Interseção de Vias;Curva;Declive";"Sim";3;0;1;0;2;0;1;3;-20,77154081;-42,2995958;"SPRF-MG";"DEL07-MG";"UOP03-DEL07-MG"
218661;2019-06-29;"sábado";"00:05:00";"PR";476;104;"COLOMBO";"Desobediência às normas de trânsito pelo condutor";"Colisão transversal";"Com Vítimas Fatais";"Plena Noite";"Crescente";"Céu Claro";"Simples";"Curva";"Não";3;1;0;0;1;1;0;3;-25,271278;-49,140888;"SPRF-PR";"DEL01-PR";"UOP07-DEL01-PR"
218663;2019-06-28;"sexta-feira";"21:15:00";"MG";116;527,6;"CARATINGA";"Desobediência às normas de trânsito pelo condutor";"Queda de ocupante de veículo";"Com Vítimas Feridas";"Plena Noite";"Crescente";"Céu Claro";"Simples";"Curva";"Sim";3;0;0;1;1;1;1;3;-19,7770422;-42,13394165;"SPRF-MG";"DEL06-MG";"UOP02-DEL06-MG"
218668;2019-06-28;"sexta-feira";"19:20:00";"SC";280;239,6;"CANOINHAS";"Objeto estático sobre o leito carroçável";"Colisão traseira";"Com Vítimas Feridas";"Plena Noite";"Decrescente";"Nevoeiro/Neblina";"Simples";"Reta";"Não";5;0;1;2;1;1;3;3;-26,20971113;-50,44782084;"SPRF-SC";"DEL06-SC";"UOP04-DEL06-SC"
218669;2019-06-29;"sábado";"01:00:00";"SC";101;386;"ICARA";"Ingestão de Álcool";"Colisão lateral";"Sem Vítimas";"Plena Noite";"Crescente";"Nublado";"Dupla";"Viaduto;Reta;Aclive";"Não";2;0;0;0;2;0;0;2;-28,78593783;-49,33818609;"SPRF-SC";"DEL02-SC";"UOP02-DEL02-SC"
218671;2019-06-29;"sábado";"02:15:00";"TO";153;672;"GURUPI";"Falta de Atenção à Condução";"Colisão frontal";"Com Vítimas Feridas";"Plena Noite";"Decrescente";"Céu Claro";"Dupla";"Reta";"Não";2;0;0;1;1;0;1;2;-11,72948104;-49,07908783;"SPRF-TO";"DEL02-TO";"UOP02-DEL01-TO"
218673;2019-06-29;"sábado";"01:55:00";"PR";277;132;"BALSA NOVA";"Velocidade Incompatível";"Atropelamento de Pedestre";"Com Vítimas Feridas";"Plena Noite";"Crescente";"Nevoeiro/Neblina";"Múltipla";"Reta";"Não";2;0;1;0;0;1;1;2;-25,47227292;-49,65940475;"SPRF-PR";"DEL01-PR";"UOP06-DEL01-PR"
218674;2019-06-28;"sexta-feira";"21:30:00";"RJ";116;29;"SAPUCAIA";"Defeito Mecânico no Veículo";"Derramamento de carga";"Com Vítimas Feridas";"Plena Noite";"Crescente";"Céu Claro";"Simples";"Curva";"Não";2;0;0;1;1;0;1;2;-22,06451983;-42,79542346;"SPRF-RJ";"DEL04-RJ";"UOP01-DEL04-RJ"
218675;2019-06-29;"sábado";"01:57:00";"PE";232;183;"BELO JARDIM";"Defeito Mecânico no Veículo";"Colisão frontal";"Com Vítimas Fatais";"Plena Noite";"Decrescente";"Garoa/Chuvisco";"Simples";"Reta";"Não";3;1;0;0;1;1;0;3;-8,34981605;-36,45554399;"SPRF-PE";"DEL02-PE";"UOP03-DEL02-PE"
218678;2019-06-29;"sábado";"03:10:00";"MG";262;379;"JUATUBA";"Agressão Externa";"Colisão lateral";"Sem Vítimas";"Plena Noite";"Crescente";"Céu Claro";"Dupla";"Curva";"Não";3;0;0;0;1;2;0;2;-19,95241506;-44,37342001;"SPRF-MG";"DEL01-MG";"UOP03-DEL01-MG"
218684;2019-06-29;"sábado";"02:00:00";"BA";407;162;"FILADELFIA";"Falta de Atenção à Condução";"Saída de leito carroçável";"Sem Vítimas";"Plena Noite";"Decrescente";"Céu Claro";"Simples";"Declive";"Não";2;0;0;0;1;2;0;3;-10,76738802;-40,11927727;"SPRF-BA";"DEL04-BA";"UOP01-DEL04-BA"
218685;2019-06-05;"quarta-feira";"05:00:00";"BA";101;688,5;"EUNAPOLIS";"Falta de Atenção à Condução";"Colisão transversal";"Com Vítimas Feridas";"Plena Noite";"Decrescente";"Chuva";"Simples";"Reta;Interseção de Vias";"Não";6;0;3;0;2;2;3;4;-16,32428911;-39,59284407;"SPRF-BA";"DEL09-BA";"UOP01-DEL09-BA"
218686;2019-06-29;"sábado";"04:40:00";"ES";101;264,3;"SERRA";"Ingestão de Álcool";"Colisão traseira";"Sem Vítimas";"Plena Noite";"Decrescente";"Céu Claro";"Dupla";"Retorno Regulamentado";"Sim";3;0;0;0;2;1;0;3;-20,17292791;-40,26736384;"SPRF-ES";"DEL02-ES";"UOP01-DEL02-ES"
218690;2019-06-29;"sábado";"03:30:00";"RJ";356;2;"ITAPERUNA";"Falta de Atenção à Condução";"Colisão com objeto estático";"Com Vítimas Feridas";"Pleno dia";"Crescente";"Ignorado";"Simples";"Curva";"Não";1;0;0;1;0;0;1;1;-21,14747369;-42,16443672;"SPRF-RJ";"DEL08-RJ";"UOP03-DEL08-RJ"
218699;2019-06-29;"sábado";"07:00:00";"CE";116;15;"EUSEBIO";"Desobediência às normas de trânsito pelo condutor";"Colisão lateral";"Sem Vítimas";"Pleno dia";"Decrescente";"Céu Claro";"Dupla";"Reta";"Não";2;0;0;0;2;0;0;2;-3,87839882;-38,50066893;"SPRF-CE";"DEL01-CE";"UOP02-DEL01-CE"
218704;2019-06-29;"sábado";"05:20:00";"BA";116;563;"NOVA ITARANA";"Falta de Atenção à Condução";"Colisão traseira";"Sem Vítimas";"Amanhecer";"Crescente";"Céu Claro";"Simples";"Reta";"Não";2;0;0;0;2;0;0;2;-12,95610303;-39,92190696;"SPRF-BA";"DEL03-BA";"UOP02-DEL03-BA"
218705;2019-06-29;"sábado";"07:40:00";"GO";40;3,5;"VALPARAISO DE GOIAS";"Falta de Atenção à Condução";"Colisão traseira";"Com Vítimas Fatais";"Pleno dia";"Decrescente";"Céu Claro";"Dupla";"Reta";"Sim";5;1;0;0;2;2;0;5;-16,076081;-47,985671;"SPRF-DF";"DEL01-DF";"UOP01-DEL01-DF"
218706;2019-06-29;"sábado";"04:30:00";"SP";116;185,9;"GUARAREMA";"Restrição de Visibilidade";"Colisão frontal";"Sem Vítimas";"Amanhecer";"Decrescente";"Nevoeiro/Neblina";"Múltipla";"Reta";"Não";2;0;0;0;2;0;0;2;-23,35176424;-46,18966001;"SPRF-SP";"DEL02-SP";"UOP01-DEL02-SP"
218708;2019-06-29;"sábado";"07:40:00";"CE";20;160,4;"PEDRA BRANCA";"Defeito Mecânico no Veículo";"Incêndio";"Sem Vítimas";"Pleno dia";"Crescente";"Céu Claro";"Simples";"Reta";"Não";2;0;0;0;1;1;0;2;-5,41048818;-39,97971375;"SPRF-CE";"DEL02-CE";"UOP02-DEL02-CE"
218720;2019-06-29;"sábado";"08:50:00";"RS";116;96,7;"SAO MARCOS";"Defeito Mecânico no Veículo";"Colisão com objeto estático";"Com Vítimas Feridas";"Pleno dia";"Decrescente";"Céu Claro";"Simples";"Curva";"Não";1;0;0;1;0;0;1;1;-28,881926;-51,148136;"SPRF-RS";"DEL05-RS";"UOP01-DEL05-RS"
218737;2019-06-29;"sábado";"08:00:00";"MT";364;138;"PEDRA PRETA";"Falta de Atenção à Condução";"Tombamento";"Sem Vítimas";"Pleno dia";"Crescente";"Céu Claro";"Múltipla";"Curva";"Não";2;0;0;0;1;2;0;3;-16,79961903;-54,18707642;"SPRF-MT";"DEL02-MT";"UOP01-DEL02-MT"
218740;2019-06-29;"sábado";"11:20:00";"PE";101;51,4;"ABREU E LIMA";"Falta de Atenção do Pedestre";"Atropelamento de Pedestre";"Sem Vítimas";"Pleno dia";"Crescente";"Céu Claro";"Múltipla";"Reta";"Sim";3;0;0;0;1;2;0;3;-7,9169968;-34,89689272;"SPRF-PE";"DEL01-PE";"UOP02-DEL01-PE"
218742;2019-06-29;"sábado";"11:30:00";"PR";116;63,6;"QUATRO BARRAS";"Falta de Atenção à Condução";"Colisão lateral";"Sem Vítimas";"Pleno dia";"Crescente";"Céu Claro";"Dupla";"Reta";"Não";2;0;0;0;2;0;0;2;-25,30701957;-48,98962498;"SPRF-PR";"DEL01-PR";"UOP02-DEL01-PR"
218743;2019-06-29;"sábado";"11:30:00";"SC";101;20,7;"JOINVILLE";"Não guardar distância de segurança";"Colisão lateral";"Com Vítimas Feridas";"Pleno dia";"Crescente";"Céu Claro";"Dupla";"Ponte;Reta";"Não";4;0;1;0;1;3;1;5;-26,140675;-48,902995;"SPRF-SC";"DEL03-SC";"UOP01-DEL03-SC"
218744;2019-06-17;"segunda-feira";"19:15:00";"PA";316;102;"SANTA MARIA DO PARA";"Falta de Atenção à Condução";"Colisão com objeto estático";"Sem Vítimas";"Plena Noite";"Decrescente";"Chuva";"Simples";"Reta";"Não";2;0;0;0;1;3;0;4;-1,33808348;-47,58656009;"SPRF-PA";"DEL01-PA";"UOP02-DEL01-PA"
218748;2019-06-29;"sábado";"12:00:00";"PR";277;2;"PARANAGUA";"Não guardar distância de segurança";"Colisão traseira";"Com Vítimas Feridas";"Pleno dia";"Crescente";"Sol";"Simples";"Reta";"Sim";2;0;1;0;1;0;1;2;-25,53531658;-48,55579376;"SPRF-PR";"DEL01-PR";"UOP05-DEL01-PR"
218750;2019-06-29;"sábado";"10:50:00";"BA";242;394;"SEABRA";"Desobediência às normas de trânsito pelo condutor";"Colisão transversal";"Com Vítimas Feridas";"Pleno dia";"Crescente";"Céu Claro";"Simples";"Reta";"Não";6;0;1;3;1;2;4;4;-12,45770117;-41,64262399;"SPRF-BA";"DEL06-BA";"UOP01-DEL06-BA"
218751;2019-06-29;"sábado";"12:50:00";"MG";251;471,3;"FRANCISCO SA";"Defeito Mecânico no Veículo";"Tombamento";"Com Vítimas Feridas";"Pleno dia";"Crescente";"Céu Claro";"Simples";"Curva";"Não";2;0;0;1;0;1;1;2;-16,46801304;-43,43121303;"SPRF-MG";"DEL12-MG";"UOP01-DEL12-MG"
218757;2019-06-29;"sábado";"12:30:00";"RJ";116;222,3;"PARACAMBI";"Falta de Atenção à Condução";"Tombamento";"Sem Vítimas";"Pleno dia";"Decrescente";"Céu Claro";"Dupla";"Curva";"Não";2;0;0;0;1;1;0;2;-22,68941875;-43,79493713;"SPRF-RJ";"DEL07-RJ";"UOP01-DEL07-RJ"
218764;2019-06-29;"sábado";"13:20:00";"PR";376;597,5;"CURITIBA";"Não guardar distância de segurança";"Colisão traseira";"Sem Vítimas";"Pleno dia";"Decrescente";"Céu Claro";"Dupla";"Reta";"Não";4;0;0;0;3;2;0;5;-25,510571;-49,338848;"SPRF-PR";"DEL01-PR";"UOP06-DEL01-PR"
218776;2019-06-29;"sábado";"15:15:00";"PA";10;20;"DOM ELISEU";"Ultrapassagem Indevida";"Colisão traseira";"Sem Vítimas";"Pleno dia";"Decrescente";"Céu Claro";"Simples";"Aclive";"Não";3;0;0;0;2;2;0;4;-4,27528701;-47,5594881;"SPRF-PA";"DEL02-PA";"UOP02-DEL02-PA"
218787;2019-06-29;"sábado";"15:20:00";"SC";101;436;"SOMBRIO";"Falta de Atenção à Condução";"Colisão transversal";"Com Vítimas Feridas";"Pleno dia";"Decrescente";"Céu Claro";"Múltipla";"Viaduto";"Sim";3;0;1;0;1;1;1;3;-29,10817487;-49,63739835;"SPRF-SC";"DEL02-SC";"UOP02-DEL02-SC"
218788;2019-06-29;"sábado";"09:42:00";"MT";364;544;"ROSARIO OESTE";"Carga excessiva e/ou mal acondicionada";"Incêndio";"Sem Vítimas";"Pleno dia";"Decrescente";"Céu Claro";"Dupla";"Reta";"Sim";2;0;0;0;1;1;0;2;-14,84425333;-56,44569397;"SPRF-MT";"DEL01-MT";"UOP01-DEL01-MT"