"id";"data_inversa";"dia_semana";"horario";"uf";"br";"km";"municipio";"causa_acidente";"tipo_acidente";"classificacao_acidente";"fase_dia";"sentido_via";"condicao_metereologica";"tipo_pista";"tracado_via";"uso_solo";"pessoas";"mortos";"feridos_leves";"feridos_graves";"ilesos";"ignorados";"feridos";"veiculos";"latitude";"longitude";"regional";"delegacia";"uop"
219212;2019-07-01;"segunda-feira";"09:35:00";"RS";101;22;"TRES CACHOEIRAS";"Defeito Mecânico no Veículo";"Colisão lateral";"Sem Vítimas";"Pleno dia";"Crescente";"Chuva";"Dupla";"Reta";"Sim";5;0;0;0;5;0;0;2;-29,4398072;-49,90113887;"SPRF-RS";"DEL03-RS";"UOP02-DEL03-RS"
219217;2019-04-02;"terça-feira";"13:25:00";"SC";101;357;"SANGAO";"Desobediência às normas de trânsito pelo condutor";"Colisão transversal";"Com Vítimas Feridas";"Pleno dia";"Decrescente";"Céu Claro";"Simples";"Interseção de Vias;Reta;Aclive";"Não";2;0;0;1;1;0;1;2;-28,642765;-49,100403;"SPRF-SC";"DEL02-SC";"UOP01-DEL02-SC"
219218;2019-07-01;"segunda-feira";"10:40:00";"PR";277;4,8;"PARANAGUA";"Falta de Atenção à Condução";"Colisão transversal";"Sem Vítimas";"Pleno dia";"Decrescente";"Nublado";"Dupla";"Reta;Em Obras;Interseção de Vias";"Sim";3;0;0;0;2;1;0;3;-25,55623187;-48,56455559;"SPRF-PR";"DEL01-PR";"UOP05-DEL01-PR"
219220;2019-07-01;"segunda-feira";"09:50:00";"RO";364;382;"OURO PRETO DO OESTE";"Defeito Mecânico no Veículo";"Colisão com objeto estático";"Com Vítimas Feridas";"Pleno dia";"Decrescente";"Céu Claro";"Simples";"Reta";"Não";5;0;3;0;1;2;3;3;-10,72605374;-62,23652595;"SPRF-RO";"DEL02-RO";"UOP01-DEL02-RO"
219225;2019-07-01;"segunda-feira";"09:00:00";"CE";222;2,2;"FORTALEZA";"Falta de Atenção à Condução";"Colisão lateral";"Sem Vítimas";"Pleno dia";"Crescente";"Céu Claro";"Múltipla";"Reta";"Não";2;0;0;0;2;0;0;2;-3,73911117;-38,58687498;"SPRF-CE";"DEL01-CE";"UOP01-DEL01-CE"
219228;2019-07-01;"segunda-feira";"11:20:00";"SE";101;15;"SAO FRANCISCO";"Velocidade Incompatível";"Colisão com objeto estático";"Com Vítimas Feridas";"Pleno dia";"Crescente";"Nublado";"Simples";"Reta";"Não";6;0;4;0;1;1;4;4;-10,32028898;-36,89367839;"SPRF-SE";"DEL02-SE";"UOP02-DEL02-SE"
219232;2019-07-01;"segunda-feira";"08:00:00";"MT";163;772,8;"SORRISO";"Falta de Atenção à Condução";"Saída de leito carroçável";"Sem Vítimas";"Pleno dia";"Crescente";"Céu Claro";"Simples";"Curva";"Não";2;0;0;0;1;2;0;3;-12,39935927;-55,62206268;"SPRF-MT";"DEL06-MT";"UOP01-DEL06-MT"
219233;2019-07-01;"segunda-feira";"09:00:00";"SC";470;222;"SAO CRISTOVAO DO SUL";"Pista Escorregadia";"Saída de leito carroçável";"Com Vítimas Feridas";"Pleno dia";"Crescente";"Chuva";"Simples";"Curva";"Não";1;0;1;0;0;0;1;1;-27,316019;-50,327316;"SPRF-SC";"DEL05-SC";"UOP03-DEL05-SC"
219238;2019-07-01;"segunda-feira";"11:00:00";"GO";60;100;"ANAPOLIS";"Falta de Atenção à Condução";"Colisão lateral";"Sem Vítimas";"Pleno dia";"Decrescente";"Sol";"Dupla";"Aclive";"Sim";3;0;0;0;2;1;0;3;-16,3979;-48,9664;"SPRF-GO";"DEL02-GO";"UOP01-DEL02-GO"
219240;2019-07-01;"segunda-feira";"12:37:00";"DF";20;14;"BRASILIA";"Não guardar distância de segurança";"Colisão traseira";"Com Vítimas Feridas";"Pleno dia";"Decrescente";"Céu Claro";"Dupla";"Reta";"Sim";2;0;1;0;1;0;1;2;-15,634938;-47,741241;"SPRF-DF";"DEL02-DF";"UOP01-DEL02-DF"
219252;2019-07-01;"segunda-feira";"12:32:00";"SC";101;201,1;"SAO JOSE";"Ingestão de Álcool";"Colisão com objeto estático";"Sem Vítimas";"Pleno dia";"Decrescente";"Chuva";"Dupla";"Reta";"Não";2;0;0;0;1;1;0;2;-27,54836599;-48,61977975;"SPRF-SC";"DEL01-SC";"UOP01-DEL01-SC"
219253;2019-07-01;"segunda-feira";"13:00:00";"PR";116;69,1;"QUATRO BARRAS";"Falta de Atenção à Condução";"Colisão com objeto estático";"Com Vítimas Feridas";"Pleno dia";"Decrescente";"Sol";"Dupla";"Reta";"Não";3;0;1;0;0;2;1;3;-25,33112288;-49,03156015;"SPRF-PR";"DEL01-PR";"UOP01-DEL01-PR"
219254;2019-07-01;"segunda-feira";"12:10:00";"SP";116;138,2;"SAO JOSE DOS CAMPOS";"Falta de Atenção à Condução";"Colisão lateral";"Sem Vítimas";"Pleno dia";"Crescente";"Céu Claro";"Dupla";"Reta";"Sim";2;0;0;0;2;0;0;2;-23,1572739;-45,79554605;"SPRF-SP";"DEL06-SP";"UOP02-DEL02-SP"
219255;2019-07-01;"segunda-feira";"14:30:00";"MG";365;800;"GURINHATA";"Desobediência às normas de trânsito pelo condutor";"Colisão transversal";"Com Vítimas Feridas";"Pleno dia";"Crescente";"Céu Claro";"Simples";"Curva";"Não";3;0;1;0;1;2;1;4;-18,906106;-49,908029;"SPRF-MG";"DEL15-MG";"UOP03-DEL15-MG"
219257;2019-07-01;"segunda-feira";"13:50:00";"RS";158;533,5;"SANTANA DO LIVRAMENTO";"Condutor Dormindo";"Colisão frontal";"Com Vítimas Feridas";"Pleno dia";"Crescente";"Céu Claro";"Simples";"Reta";"Não";6;0;0;2;3;1;2;3;-30,789024;-55,196194;"SPRF-RS";"DEL11-RS";"UOP01-DEL11-RS"
219258;2019-07-01;"segunda-feira";"14:00:00";"SC";101;137,8;"BALNEARIO CAMBORIU";"Desobediência às normas de trânsito pelo condutor";"Colisão transversal";"Com Vítimas Feridas";"Pleno dia";"Crescente";"Chuva";"Simples";"Reta";"Sim";3;0;0;1;1;1;1;3;-27,0157238;-48,61192763;"SPRF-SC";"DEL04-SC";"UOP03-DEL04-SC"
219268;2019-07-01;"segunda-feira";"13:40:00";"ES";393;2;"CACHOEIRO DE ITAPEMIRIM";"Carga excessiva e/ou mal acondicionada";"Derramamento de carga";"Sem Vítimas";"Pleno dia";"Crescente";"Céu Claro";"Simples";"Reta";"Sim";1;0;0;0;1;0;0;1;-20,83242503;-41,17491003;"SPRF-ES";"DEL03-ES";"UOP02-DEL03-ES"
219270;2019-07-01;"segunda-feira";"13:30:00";"BA";116;398,4;"SANTA BARBARA";"Condutor Dormindo";"Colisão lateral";"Sem Vítimas";"Pleno dia";"Crescente";"Sol";"Simples";"Reta";"Não";3;0;0;0;3;0;0;3;-12,01047;-38,97125907;"SPRF-BA";"DEL02-BA";"UOP01-DEL02-BA"
219271;2019-07-01;"segunda-feira";"13:15:00";"SC";280;186,8;"MAFRA";"Desobediência às normas de trânsito pelo condutor";"Colisão transversal";"Com Vítimas Feridas";"Pleno dia";"Crescente";"Garoa/Chuvisco";"Simples";"Curva";"Não";4;0;2;1;1;0;3;2;-26,16977284;-49,94508991;"SPRF-SC";"DEL06-SC";"UOP01-DEL06-SC"
219272;2019-06-27;"quinta-feira";"13:55:00";"MT";163;112,5;"RONDONOPOLIS";"Desobediência às normas de trânsito pelo condutor";"Colisão traseira";"Com Vítimas Feridas";"Pleno dia";"Decrescente";"Céu Claro";"Dupla";"Reta;Aclive";"Não";5;0;2;0;2;3;2;5;-16,56184522;-54,67930759;"SPRF-MT";"DEL02-MT";"UOP01-DEL02-MT"
219279;2019-07-01;"segunda-feira";"16:15:00";"RS";285;482,8;"ENTRE-IJUIS";"Falta de Atenção à Condução";"Colisão traseira";"Com Vítimas Feridas";"Pleno dia";"Decrescente";"Nublado";"Simples";"Aclive";"Não";3;0;1;0;1;1;1;3;-28,37076;-54,11834;"SPRF-RS";"DEL10-RS";"UOP01-DEL10-RS"
219283;2019-07-01;"segunda-feira";"17:11:00";"RJ";101;60,1;"CAMPOS DOS GOYTACAZES";"Desobediência às normas de trânsito pelo condutor";"Colisão transversal";"Com Vítimas Feridas";"Pleno dia";"Decrescente";"Céu Claro";"Simples";"Interseção de Vias";"Sim";2;0;1;0;0;1;1;2;-21,72048414;-41,31448591;"SPRF-RJ";"DEL08-RJ";"UOP01-DEL08-RJ"
219284;2019-07-01;"segunda-feira";"17:05:00";"SC";101;61,3;"ARAQUARI";"Falta de Atenção do Pedestre";"Atropelamento de Pedestre";"Com Vítimas Feridas";"Anoitecer";"Decrescente";"Garoa/Chuvisco";"Dupla";"Reta";"Não";5;0;0;2;1;2;2;4;-26,45474174;-48,77699195;"SPRF-SC";"DEL03-SC";"UOP02-DEL03-SC"
219290;2019-07-01;"segunda-feira";"17:40:00";"GO";153;136;"MARA ROSA";"Defeito na Via";"Tombamento";"Com Vítimas Feridas";"Plena Noite";"Crescente";"Céu Claro";"Simples";"Ponte";"Não";3;0;1;0;1;2;1;3;-13,958405;-49,087955;"SPRF-GO";"DEL07-GO";"UOP01-DEL07-GO"
219292;2019-07-01;"segunda-feira";"15:45:00";"CE";116;17;"EUSEBIO";"Falta de Atenção à Condução";"Tombamento";"Sem Vítimas";"Pleno dia";"Decrescente";"Sol";"Dupla";"Reta";"Sim";1;0;0;0;1;0;0;1;-3,89617918;-38,50336042;"SPRF-CE";"DEL01-CE";"UOP02-DEL01-CE"
219294;2019-07-01;"segunda-feira";"17:15:00";"PR";116;98;"SAO JOSE DOS PINHAIS";"Não guardar distância de segurança";"Colisão traseira";"Com Vítimas Feridas";"Anoitecer";"Crescente";"Nublado";"Dupla";"Reta";"Sim";3;0;2;0;1;0;2;2;-25,553087;-49,149984;"SPRF-PR";"DEL01-PR";"UOP01-DEL01-PR"
219300;2019-07-01;"segunda-feira";"15:35:00";"MG";381;843,5;"SAO SEBASTIAO DA BELA VISTA";"Ingestão de Álcool";"Colisão traseira";"Sem Vítimas";"Pleno dia";"Decrescente";"Nublado";"Múltipla";"Reta";"Não";3;0;0;0;2;1;0;3;-22,19960391;-45,85542619;"SPRF-MG";"DEL16-MG";"UOP01-DEL16-MG"
219303;2019-07-01;"segunda-feira";"18:35:00";"BA";324;519;"FEIRA DE SANTANA";"Falta de Atenção à Condução";"Colisão lateral";"Com Vítimas Feridas";"Plena Noite";"Crescente";"Nublado";"Dupla";"Reta";"Sim";2;0;1;0;0;1;1;2;-12,27360767;-38,93441699;"SPRF-BA";"DEL02-BA";"UOP01-DEL02-BA"
219306;2019-07-01;"segunda-feira";"18:45:00";"SP";381;36,9;"ATIBAIA";"Defeito Mecânico no Veículo";"Tombamento";"Com Vítimas Fatais";"Plena Noite";"Decrescente";"Céu Claro";"Dupla";"Reta";"Sim";3;2;0;0;1;0;0;2;-23,10373371;-46,56829834;"SPRF-SP";"DEL03-SP";"UOP02-DEL03-SP"
219311;2019-07-01;"segunda-feira";"16:30:00";"MG";262;471,4;"BOM DESPACHO";"Falta de Atenção à Condução";"Colisão frontal";"Com Vítimas Fatais";"Pleno dia";"Crescente";"Sol";"Simples";"Reta";"Não";5;1;0;0;1;6;0;7;-19,78632286;-45,16679393;"SPRF-MG";"DEL08-MG";"UOP03-DEL08-MG"
219314;2019-07-01;"segunda-feira";"18:00:00";"PR";373;479;"CORONEL VIVIDA";"Desobediência às normas de trânsito pelo condutor";"Colisão frontal";"Com Vítimas Feridas";"Anoitecer";"Crescente";"Nevoeiro/Neblina";"Simples";"Curva";"Não";2;0;1;0;1;0;1;2;-25,97849917;-52,53923293;"SPRF-PR";"DEL02-PR";"UOP01-DEL02-PR"
219319;2019-07-01;"segunda-feira";"18:23:00";"PR";277;351,6;"GUARAPUAVA";"Restrição de Visibilidade";"Colisão transversal";"Com Vítimas Feridas";"Anoitecer";"Decrescente";"Garoa/Chuvisco";"Simples";"Aclive;Reta";"Sim";3;0;1;0;1;2;1;4;-25,390621;-51,521241;"SPRF-PR";"DEL03-PR";"UOP01-DEL08-PR"
219324;2019-07-01;"segunda-feira";"18:10:00";"MS";262;465,4;"ANASTACIO";"Falta de Atenção à Condução";"Colisão traseira";"Com Vítimas Feridas";"Plena Noite";"Crescente";"Céu Claro";"Simples";"Aclive";"Não";7;0;0;1;6;0;1;2;-20,53048325;-55,58204612;"SPRF-MS";"DEL03-MS";"UOP01-DEL03-MS"
219327;2019-07-01;"segunda-feira";"18:20:00";"RS";116;402,2;"CAMAQUA";"Falta de Atenção à Condução";"Colisão frontal";"Com Vítimas Feridas";"Plena Noite";"Crescente";"Céu Claro";"Simples";"Reta";"Não";4;0;0;1;2;1;1;3;-30,88140317;-51,82514791;"SPRF-RS";"DEL02-RS";"UOP03-DEL02-RS"
219331;2019-07-01;"segunda-feira";"19:00:00";"SC";282;596;"SAUDADES";"Falta de Atenção à Condução";"Colisão transversal";"Com Vítimas Feridas";"Pleno dia";"Crescente";"Garoa/Chuvisco";"Simples";"Reta";"Não";2;0;1;0;1;0;1;2;-26,829437;-53,127995;"SPRF-SC";"DEL07-SC";"UOP02-DEL07-SC"
219337;2019-07-01;"segunda-feira";"20:20:00";"SC";101;99;"BALNEARIO PICARRAS";"Velocidade Incompatível";"Saída de leito carroçável";"Com Vítimas Feridas";"Plena Noite";"Crescente";"Chuva";"Dupla";"Reta";"Não";2;0;1;0;1;0;1;1;-26,7471002;-48,69654831;"SPRF-SC";"DEL03-SC";"UOP02-DEL03-SC"
219340;2019-07-01;"segunda-feira";"21:30:00";"SE";101;34,4;"CAPELA";"Ingestão de Álcool";"Colisão lateral";"Com Vítimas Feridas";"Plena Noite";"Decrescente";"Nublado";"Simples";"Reta";"Não";3;0;1;0;2;0;1;2;-10,47630604;-36,95093032;"SPRF-SE";"DEL02-SE";"UOP02-DEL02-SE"
219341;2019-07-01;"segunda-feira";"20:10:00";"SP";116;320;"JUQUITIBA";"Falta de Atenção à Condução";"Colisão traseira";"Sem Vítimas";"Plena Noite";"Decrescente";"Céu Claro";"Dupla";"Reta";"Não";3;0;0;0;2;2;0;4;-23,93226;-47,00835;"SPRF-SP";"DEL04-SP";"UOP03-DEL04-SP"
219342;2019-07-01;"segunda-feira";"21:49:00";"MG";381;512,7;"IGARAPE";"Velocidade Incompatível";"Tombamento";"Com Vítimas Feridas";"Plena Noite";"Decrescente";"Céu Claro";"Dupla";"Rotatória";"Sim";3;0;2;0;0;1;2;2;-20,09239724;-44,31458341;"SPRF-MG";"DEL01-MG";"UOP03-DEL01-MG"
219350;2019-07-01;"segunda-feira";"21:30:00";"SC";470;150,7;"AGRONOMICA";"Animais na Pista";"Atropelamento de Animal";"Com Vítimas Feridas";"Plena Noite";"Crescente";"Garoa/Chuvisco";"Simples";"Reta";"Não";5;0;1;0;2;3;1;6;-27,26248838;-49,72231865;"SPRF-SC";"DEL04-SC";"UOP02-DEL04-SC"
219356;2019-07-01;"segunda-feira";"21:13:00";"RO";364;68;"VILHENA";"Condutor Dormindo";"Colisão traseira";"Com Vítimas Feridas";"Plena Noite";"Crescente";"Céu Claro";"Dupla";"Aclive";"Não";3;0;1;0;1;2;1;4;-12,48484596;-60,49418284;"SPRF-RO";"DEL04-RO";"DEL21/4-UOP03/RO"
219357;2019-07-01;"segunda-feira";"18:30:00";"RS";116;40,2;"VACARIA";"Falta de Atenção à Condução";"Colisão transversal";"Com Vítimas Feridas";"Anoitecer";"Decrescente";"Nublado";"Simples";"Interseção de Vias";"Sim";5;0;3;0;1;1;3;3;-28,51839098;-50,93942202;"SPRF-RS";"DEL05-RS";"UOP03-DEL05-RS"
219358;2019-07-01;"segunda-feira";"23:00:00";"PR";376;515;"PONTA GROSSA";"Falta de Atenção à Condução";"Colisão traseira";"Sem Vítimas";"Plena Noite";"Decrescente";"Céu Claro";"Dupla";"Reta";"Não";3;0;0;0;2;1;0;3;-25,26550955;-49,95449282;"SPRF-PR";"DEL03-PR";"UOP04-DEL03-PR"
219361;2019-07-01;"segunda-feira";"23:30:00";"SC";101;165;"TIJUCAS";"Falta de Atenção à Condução";"Tombamento";"Sem Vítimas";"Plena Noite";"Crescente";"Chuva";"Dupla";"Reta";"Não";2;0;0;0;1;1;0;2;-27,252663;-48,63154894;"SPRF-SC";"DEL04-SC";"UOP03-DEL04-SC"
219362;2019-07-01;"segunda-feira";"15:30:00";"RJ";40;60;"PETROPOLIS";"Falta de Atenção à Condução";"Saída de leito carroçável";"Com Vítimas Feridas";"Pleno dia";"Crescente";"Céu Claro";"Simples";"Curva";"Não";4;0;0;1;3;0;1;2;-22,39450315;-43,13468983;"SPRF-RJ";"DEL06-RJ";"UOP01-DEL06-RJ"
219363;2019-07-01;"segunda-feira";"17:00:00";"MG";116;277;"TEOFILO OTONI";"Falta de Atenção à Condução";"Colisão lateral";"Sem Vítimas";"Pleno dia";"Crescente";"Céu Claro";"Múltipla";"Reta";"Sim";3;0;0;0;2;1;0;3;-17,859945;-41,515144;"SPRF-MG";"DEL11-MG";"UOP01-DEL11-MG"
219366;2019-07-02;"terça-feira";"00:15:00";"RJ";40;21;"TRES RIOS";"Falta de Atenção à Condução";"Tombamento";"Com Vítimas Feridas";"Plena Noite";"Crescente";"Céu Claro";"Simples";"Curva";"Não";1;0;1;0;0;0;1;1;-22,11423526;-43,15858581;"SPRF-RJ";"DEL06-RJ";"UOP02-DEL05-RJ"
219369;2019-07-01;"segunda-feira";"23:15:00";"PE";104;28,1;"TORITAMA";"Ingestão de Álcool";"Capotamento";"Com Vítimas Feridas";"Plena Noite";"Crescente";"Céu Claro";"Simples";"Reta";"Sim";1;0;1;0;0;0;1;1;-8,004883;-36,082188;"SPRF-PE";"DEL02-PE";"UOP01-DEL02-PE"
219370;2019-07-01;"segunda-feira";"19:43:00";"MT";364;542,6;"ROSARIO OESTE";"Falta de Atenção à Condução";"Colisão transversal";"Com Vítimas Feridas";"Plena Noite";"Crescente";"Céu Claro";"Simples";"Reta";"Sim";6;0;2;2;1;1;4;3;-14,83632991;-56,43593073;"SPRF-MT";"DEL01-MT";"UOP01-DEL01-MT"
219371;2019-07-02;"terça-feira";"03:20:00";"MG";381;702;"LAVRAS";"Falta de Atenção à Condução";"Colisão traseira";"Sem Vítimas";"Plena Noite";"Decrescente";"Ignorado";"Dupla";"Reta";"Não";3;0;0;0;2;1;0;3;-21,32686224;-45,16839467;"SPRF-MG";"DEL04-MG";"UOP02-DEL04-MG"
219372;2019-07-02;"terça-feira";"04:40:00";"MT";163;949;"NOVA SANTA HELENA";"Falta de Atenção à Condução";"Colisão traseira";"Sem Vítimas";"Plena Noite";"Decrescente";"Céu Claro";"Simples";"Reta;Aclive";"Não";3;0;0;0;2;1;0;3;-10,9007392;-55,19891739;"SPRF-MT";"DEL06-MT";"UOP02-DEL06-MT"
219375;2019-07-02;"terça-feira";"05:10:00";"RJ";116;203;"SEROPEDICA";"Condutor Dormindo";"Saída de leito carroçável";"Com Vítimas Feridas";"Plena Noite";"Decrescente";"Céu Claro";"Dupla";"Reta";"Não";2;0;1;0;0;1;1;2;-22,72226472;-43,67744923;"SPRF-RJ";"DEL01-RJ";"UOP03-DEL01-RJ"
219377;2019-07-02;"terça-feira";"05:20:00";"AL";101;40;"FLEXEIRAS";"Não guardar distância de segurança";"Tombamento";"Com Vítimas Feridas";"Pleno dia";"Decrescente";"Céu Claro";"Dupla";"Curva";"Não";2;0;1;0;0;1;1;2;-9,16377891;-35,77034503;"SPRF-AL";"DEL01-AL";"UOP01-DEL01-AL"
219378;2019-07-02;"terça-feira";"04:45:00";"MS";163;402,7;"NOVA ALVORADA DO SUL";"Condutor Dormindo";"Colisão lateral";"Com Vítimas Feridas";"Plena Noite";"Decrescente";"Nevoeiro/Neblina";"Simples";"Reta";"Não";5;0;3;0;1;2;3;4;-21,1438965797;-54,4769220427;"SPRF-MS";"DEL02-MS";"UOP01-DEL02-MS"
219379;2019-07-02;"terça-feira";"06:35:00";"MG";381;497;"BETIM";"Desobediência às normas de trânsito pelo condutor";"Colisão lateral";"Sem Vítimas";"Pleno dia";"Crescente";"Sol";"Dupla";"Curva;Declive";"Sim";3;0;0;0;3;0;0;3;-20,00483625;-44,21367172;"SPRF-MG";"DEL01-MG";"UOP03-DEL01-MG"
219384;2019-07-02;"terça-feira";"06:30:00";"PE";232;178;"BELO JARDIM";"Falta de Atenção à Condução";"Colisão traseira";"Com Vítimas Feridas";"Amanhecer";"Decrescente";"Nublado";"Simples";"Reta";"Sim";2;0;0;1;1;0;1;2;-8,347448;-36,411818;"SPRF-PE";"DEL02-PE";"UOP03-DEL02-PE"
219386;2019-07-02;"terça-feira";"07:30:00";"PE";428;188,3;"PETROLINA";"Desobediência às normas de trânsito pelo condutor";"Colisão transversal";"Com Vítimas Feridas";"Pleno dia";"Decrescente";"Céu Claro";"Múltipla";"Reta";"Sim";2;0;1;0;1;0;1;2;-9,36400596;-40,48266808;"SPRF-PE";"DEL06-PE";"UOP01-DEL06-PE"
219389;2019-07-02;"terça-feira";"07:15:00";"MG";381;362;"JOAO MONLEVADE";"Restrição de Visibilidade";"Colisão frontal";"Com Vítimas Feridas";"Amanhecer";"Decrescente";"Céu Claro";"Simples";"Curva";"Não";2;0;0;1;1;0;1;2;-19,85643939;-43,24280693;"SPRF-MG";"DEL03-MG";"UOP01-DEL03-MG"
219395;2019-07-02;"terça-feira";"07:50:00";"MG";381;361;"JOAO MONLEVADE";"Velocidade Incompatível";"Colisão traseira";"Com Vítimas Feridas";"Pleno dia";"Crescente";"Céu Claro";"Simples";"Reta";"Não";2;0;0;1;1;0;1;2;-19,85881293;-43,234108;"SPRF-MG";"DEL03-MG";"UOP01-DEL03-MG"
219398;2019-07-02;"terça-feira";"05:35:00";"PR";476;348,1;"PAULA FREITAS";"Não guardar distância de segurança";"Colisão lateral";"Com Vítimas Feridas";"Amanhecer";"Crescente";"Garoa/Chuvisco";"Simples";"Reta";"Não";2;0;1;0;1;0;1;2;-26,181463;-50,960186;"SPRF-PR";"DEL02-PR";"UOP03-DEL02-PR"
219402;2019-07-02;"terça-feira";"06:30:00";"BA";101;481;"URUCUCA";"Defeito Mecânico no Veículo";"Saída de leito carroçável";"Com Vítimas Feridas";"Pleno dia";"Decrescente";"Chuva";"Simples";"Reta";"Não";3;0;1;1;0;2;2;3;-14,6352596;-39,33523357;"SPRF-BA";"DEL05-BA";"UOP01-DEL05-BA"
219403;2019-07-02;"terça-feira";"08:50:00";"GO";60;380;"RIO VERDE";"Falta de Atenção à Condução";"Tombamento";"Com Vítimas Feridas";"Pleno dia";"Crescente";"Céu Claro";"Dupla";"Retorno Regulamentado";"Sim";1;0;1;0;0;0;1;1;-17,7646;-50,8822;"SPRF-GO";"DEL04-GO";"UOP01-DEL04-GO"
219407;2019-07-02;"terça-feira";"07:20:00";"SC";163;84,5;"GUARACIABA";"Ultrapassagem Indevida";"Colisão frontal";"Com Vítimas Feridas";"Pleno dia";"Decrescente";"Nevoeiro/Neblina";"Simples";"Curva;Declive";"Sim";4;0;2;0;1;2;2;5;-26,59719997;-53,51406097;"SPRF-SC";"DEL07-SC";"UOP03-DEL07-SC"
219409;2019-07-02;"terça-feira";"06:28:00";"SC";101;120;"ITAJAI";"Falta de Atenção à Condução";"Colisão com objeto em movimento";"Com Vítimas Fatais";"Amanhecer";"Decrescente";"Garoa/Chuvisco";"Simples";"Reta";"Sim";3;1;0;0;1;1;0;3;-26,912758;-48,711998;"SPRF-SC";"DEL04-SC";"UOP04-DEL04-SC"
219411;2019-07-02;"terça-feira";"07:30:00";"PR";116;27,8;"CAMPINA GRANDE DO SUL";"Falta de Atenção à Condução";"Tombamento";"Sem Vítimas";"Pleno dia";"Decrescente";"Nublado";"Dupla";"Aclive;Reta";"Não";2;0;0;0;1;3;0;4;-25,10840189;-48,79505902;"SPRF-PR";"DEL01-PR";"UOP02-DEL01-PR"
219416;2019-07-02;"terça-feira";"07:30:00";"RO";364;667;"CANDEIAS DO JAMARI";"Condutor Dormindo";"Saída de leito carroçável";"Com Vítimas Feridas";"Pleno dia";"Crescente";"Sol";"Simples";"Aclive";"Não";2;0;2;0;0;0;2;1;-8,775691;-63,479378;"SPRF-RO";"DEL01-RO";"UOP01-DEL01-RO"
219418;2019-07-02;"terça-feira";"08:30:00";"RS";158;249,6;"JULIO DE CASTILHOS";"Condutor Dormindo";"Colisão com objeto estático";"Sem Vítimas";"Pleno dia";"Crescente";"Nevoeiro/Neblina";"Simples";"Ponte";"Não";2;0;0;0;1;1;0;2;-29,10973298;-53,65093978;"SPRF-RS";"DEL10-RS";"UOP02-DEL10-RS"
219420;2019-07-02;"terça-feira";"09:30:00";"ES";101;271,3;"SERRA";"Desobediência às normas de trânsito pelo condutor";"Colisão traseira";"Com Vítimas Feridas";"Pleno dia";"Crescente";"Céu Claro";"Dupla";"Reta;Interseção de Vias";"Sim";3;0;1;0;1;1;1;3;-20,23267;-40,27658;"SPRF-ES";"DEL02-ES";"UOP01-DEL02-ES"
219421;2019-07-02;"terça-feira";"10:10:00";"PE";232;173,9;"BELO JARDIM";"Desobediência às normas de trânsito pelo condutor";"Colisão lateral";"Com Vítimas Feridas";"Pleno dia";"Crescente";"Sol";"Simples";"Aclive";"Não";5;0;2;0;2;1;2;3;-8,33916255;-36,36917103;"SPRF-PE";"DEL02-PE";"UOP03-DEL02-PE"
219433;2019-06-30;"domingo";"20:32:00";"BA";235;288;"JUAZEIRO";"Falta de Atenção à Condução";"Colisão traseira";"Com Vítimas Fatais";"Plena Noite";"Decrescente";"Ignorado";"Simples";"Reta";"Não";2;1;0;0;1;0;0;2;-9,54482213;-39,98295505;"SPRF-BA";"DEL07-BA";"UOP01-DEL07-BA"
219441;2019-07-02;"terça-feira";"12:15:00";"RS";116;142,2;"CAXIAS DO SUL";"Desobediência às normas de trânsito pelo condutor";"Atropelamento de Pedestre";"Com Vítimas Feridas";"Pleno dia";"Decrescente";"Nublado";"Múltipla";"Interseção de Vias";"Sim";3;0;1;0;1;1;1;3;-29,11878062;-51,11657381;"SPRF-RS";"DEL05-RS";"UOP01-DEL05-RS"
219442;2019-07-02;"terça-feira";"12:15:00";"MG";50;71;"UBERLANDIA";"Falta de Atenção à Condução";"Colisão traseira";"Sem Vítimas";"Pleno dia";"Crescente";"Sol";"Dupla";"Reta";"Sim";3;0;0;0;3;0;0;3;-18,85140204;-48,25345932;"SPRF-MG";"DEL15-MG";"UOP01-DEL15-MG"
219444;2019-07-02;"terça-feira";"10:00:00";"SC";282;432,6;"VARGEM BONITA";"Falta de Atenção à Condução";"Colisão lateral";"Com Vítimas Feridas";"Pleno dia";"Decrescente";"Chuva";"Simples";"Curva";"Não";4;0;1;0;2;3;1;6;-26,981241;-51,814842;"SPRF-SC";"DEL07-SC";"UOP05-DEL07-SC"
219445;2019-07-02;"terça-feira";"12:50:00";"SP";116;2;"GUARULHOS";"Desobediência às normas de trânsito pelo condutor";"Colisão com objeto estático";"Com Vítimas Feridas";"Pleno dia";"Crescente";"Céu Claro";"Simples";"Reta";"Não";2;0;1;0;1;0;1;2;-23,463257;-46,53373;"SPRF-SP";"DEL01-SP";"UOP01-DEL01-SP"
219448;2019-07-02;"terça-feira";"11:00:00";"SC";282;446,3;"PONTE SERRADA";"Pista Escorregadia";"Colisão frontal";"Com Vítimas Feridas";"Pleno dia";"Decrescente";"Chuva";"Simples";"Curva";"Não";3;0;1;0;1;2;1;4;-26,910217;-51,914951;"SPRF-SC";"DEL07-SC";"UOP04-DEL07-SC"
219449;2019-07-02;"terça-feira";"13:18:00";"RN";101;96;"NATAL";"Falta de Atenção à Condução";"Colisão traseira";"Com Vítimas Feridas";"Pleno dia";"Crescente";"Céu Claro";"Múltipla";"Reta";"Sim";2;0;0;1;1;0;1;2;-5,84949622;-35,20890752;"SPRF-RN";"DEL01-RN";"UOP01-DEL01-RN"