"id";"data_inversa";"dia_semana";"horario";"uf";"br";"km";"municipio";"causa_acidente";"tipo_acidente";"classificacao_acidente";"fase_dia";"sentido_via";"condicao_metereologica";"tipo_pista";"tracado_via";"uso_solo";"pessoas";"mortos";"feridos_leves";"feridos_graves";"ilesos";"ignorados";"feridos";"veiculos";"latitude";"longitude";"regional";"delegacia";"uop"
219739;2019-07-04;"quinta-feira";"05:30:00";"BA";116;471;"SANTO ESTEVAO";"Falta de Atenção à Condução";"Saída de leito carroçável";"Sem Vítimas";"Pleno dia";"Decrescente";"Céu Claro";"Dupla";"Curva";"Não";2;0;0;0;1;1;0;2;-12,47244824;-39,29477088;"SPRF-BA";"DEL02-BA";"UOP01-DEL02-BA"
219746;2019-07-04;"quinta-feira";"07:00:00";"RS";290;100;"PORTO ALEGRE";"Ingestão de Álcool";"Atropelamento de Pedestre";"Com Vítimas Feridas";"Pleno dia";"Decrescente";"Céu Claro";"Dupla";"Reta";"Sim";3;0;1;0;2;0;1;3;-29,988646;-51,236553;"SPRF-RS";"DEL01-RS";"UOP01-DEL01-RS"
219747;2019-07-04;"quinta-feira";"04:45:00";"BA";116;792,5;"PLANALTO";"Condutor Dormindo";"Colisão lateral";"Com Vítimas Feridas";"Plena Noite";"Decrescente";"Nevoeiro/Neblina";"Simples";"Reta";"Não";7;0;4;0;2;1;4;3;-14,68274969;-40,53254307;"SPRF-BA";"DEL08-BA";"UOP02-DEL08-BA"
219749;2019-07-04;"quinta-feira";"07:10:00";"PR";277;723;"FOZ DO IGUACU";"Desobediência às normas de trânsito pelo condutor";"Colisão transversal";"Com Vítimas Feridas";"Amanhecer";"Crescente";"Céu Claro";"Dupla";"Reta";"Não";2;0;1;0;1;0;1;2;-25,49878215;-54,52985294;"SPRF-PR";"DEL05-PR";"UOP01-DEL05-PR"
219750;2019-07-03;"quarta-feira";"23:45:00";"MG";262;543,5;"LUZ";"Velocidade Incompatível";"Tombamento";"Com Vítimas Feridas";"Plena Noite";"Crescente";"Céu Claro";"Simples";"Curva";"Não";2;0;1;0;0;1;1;2;-19,74646311;-45,82593299;"SPRF-MG";"DEL08-MG";"UOP02-DEL08-MG"
219772;2019-07-04;"quinta-feira";"07:40:00";"MG";40;510;"RIBEIRAO DAS NEVES";"Falta de Atenção à Condução";"Colisão traseira";"Com Vítimas Feridas";"Pleno dia";"Crescente";"Céu Claro";"Dupla";"Reta";"Sim";2;0;0;1;1;0;1;2;-19,77463885;-44,12321882;"SPRF-MG";"DEL01-MG";"UOP02-DEL01-MG"
219774;2019-06-19;"quarta-feira";"14:10:00";"RS";386;394,1;"TRIUNFO";"Falta de Atenção à Condução";"Colisão traseira";"Com Vítimas Fatais";"Pleno dia";"Decrescente";"Céu Claro";"Dupla";"Reta";"Não";6;1;1;0;1;3;1;3;-29,718338;-51,642879;"SPRF-RS";"DEL04-RS";"UOP02-DEL04-RS"
219775;2019-07-04;"quinta-feira";"08:05:00";"SC";101;117;"ITAJAI";"Desobediência às normas de trânsito pelo condutor";"Colisão lateral";"Com Vítimas Feridas";"Pleno dia";"Crescente";"Sol";"Dupla";"Reta";"Não";3;0;1;0;1;1;1;3;-26,88747187;-48,72252969;"SPRF-SC";"DEL04-SC";"UOP04-DEL04-SC"
219779;2019-07-03;"quarta-feira";"22:00:00";"MG";262;453;"NOVA SERRANA";"Ingestão de Álcool";"Colisão frontal";"Com Vítimas Feridas";"Plena Noite";"Crescente";"Céu Claro";"Simples";"Curva";"Não";4;0;0;2;1;1;2;3;-19,8563698;-45,01560692;"SPRF-MG";"DEL08-MG";"UOP03-DEL08-MG"
219784;2019-07-03;"quarta-feira";"13:45:00";"PR";476;240,9;"LAPA";"Falta de Atenção à Condução";"Tombamento";"Com Vítimas Feridas";"Pleno dia";"Crescente";"Chuva";"Simples";"Curva";"Não";1;0;1;0;0;0;1;1;-25,864338;-50,069801;"SPRF-PR";"DEL02-PR";"UOP04-DEL02-PR"
219785;2019-07-04;"quinta-feira";"08:40:00";"MT";163;747;"SORRISO";"Defeito Mecânico no Veículo";"Colisão com objeto estático";"Sem Vítimas";"Pleno dia";"Crescente";"Céu Claro";"Dupla";"Reta";"Sim";2;0;0;0;1;2;0;3;-12,59165;-55,7417;"SPRF-MT";"DEL06-MT";"UOP01-DEL06-MT"
219789;2019-07-04;"quinta-feira";"09:10:00";"RJ";393;114;"SAPUCAIA";"Velocidade Incompatível";"Tombamento";"Sem Vítimas";"Pleno dia";"Decrescente";"Céu Claro";"Simples";"Curva";"Não";2;0;0;0;1;1;0;2;-21,90846963;-42,73541595;"SPRF-RJ";"DEL06-RJ";"UOP01-DEL05-RJ"
219790;2019-07-04;"quinta-feira";"10:20:00";"ES";262;101;"VENDA NOVA DO IMIGRANTE";"Defeito Mecânico no Veículo";"Colisão frontal";"Com Vítimas Feridas";"Pleno dia";"Crescente";"Céu Claro";"Simples";"Curva;Viaduto;Declive";"Não";4;0;1;0;3;0;1;4;-20,34357039;-41,10950531;"SPRF-ES";"DEL01-ES";"UOP02-DEL01-ES"
219795;2019-07-04;"quinta-feira";"05:45:00";"MG";381;633,9;"OLIVEIRA";"Condutor Dormindo";"Saída de leito carroçável";"Com Vítimas Feridas";"Amanhecer";"Crescente";"Céu Claro";"Dupla";"Declive;Reta";"Não";5;0;4;0;0;1;4;4;-20,86933705;-44,84336892;"SPRF-MG";"DEL04-MG";"UOP01-DEL04-MG"
219801;2019-07-04;"quinta-feira";"13:00:00";"RN";304;215,2;"CAICARA DO RIO DO VENTO";"Ultrapassagem Indevida";"Colisão lateral";"Com Vítimas Feridas";"Pleno dia";"Crescente";"Céu Claro";"Simples";"Reta";"Não";4;0;1;1;2;0;2;3;-5,75427196;-36,03341699;"SPRF-RN";"DEL01-RN";"UOP03-DEL01-RN"
219802;2019-07-04;"quinta-feira";"12:10:00";"CE";116;309,1;"JAGUARIBE";"Desobediência às normas de trânsito pelo condutor";"Colisão transversal";"Com Vítimas Feridas";"Pleno dia";"Crescente";"Céu Claro";"Simples";"Interseção de Vias";"Sim";3;0;0;1;2;0;1;2;-5,9028742;-38,6231366;"SPRF-CE";"DEL05-CE";"UOP02-DEL05-CE"
219803;2019-07-04;"quinta-feira";"11:55:00";"RJ";493;110;"ITAGUAI";"Fenômenos da Natureza";"Colisão traseira";"Sem Vítimas";"Pleno dia";"Decrescente";"Céu Claro";"Dupla";"Reta";"Não";3;0;0;0;3;0;0;3;-22,79596456;-43,78223419;"SPRF-RJ";"DEL03-RJ";"UOP01-DEL03-RJ"
219814;2019-07-04;"quinta-feira";"15:00:00";"GO";60;218,1;"CEZARINA";"Desobediência às normas de trânsito pelo condutor";"Colisão transversal";"Com Vítimas Feridas";"Pleno dia";"Crescente";"Sol";"Dupla";"Reta";"Não";3;0;1;0;1;1;1;3;-16,9695;-49,7325;"SPRF-GO";"DEL01-GO";"UOP02-DEL01-GO"
219818;2019-07-04;"quinta-feira";"03:00:00";"BA";242;587;"MUQUEM DE SAO FRANCISCO";"Ultrapassagem Indevida";"Colisão lateral";"Com Vítimas Feridas";"Plena Noite";"Crescente";"Céu Claro";"Simples";"Reta";"Não";3;0;1;0;1;2;1;4;-12,16583838;-43,27762082;"SPRF-BA";"DEL10-BA";"UOP03-DEL06-BA"
219822;2019-04-14;"domingo";"06:00:00";"AL";101;192;"JUNQUEIRO";"Falta de Atenção à Condução";"Colisão transversal";"Com Vítimas Feridas";"Pleno dia";"Crescente";"Garoa/Chuvisco";"Simples";"Curva";"Não";2;0;0;1;1;0;1;2;-9,93276016;-36,48032295;"SPRF-AL";"DEL02-AL";"UOP02-DEL02-AL"
219827;2019-07-04;"quinta-feira";"16:00:00";"RJ";393;227,3;"VASSOURAS";"Falta de Atenção à Condução";"Capotamento";"Com Vítimas Feridas";"Pleno dia";"Crescente";"Céu Claro";"Simples";"Reta";"Não";2;0;1;0;0;1;1;2;-22,35103555;-43,57457882;"SPRF-RJ";"DEL05-RJ";"UOP03-DEL05-RJ"
219831;2019-07-04;"quinta-feira";"16:50:00";"CE";20;421;"MARACANAU";"Desobediência às normas de trânsito pelo condutor";"Colisão transversal";"Com Vítimas Feridas";"Pleno dia";"Crescente";"Sol";"Dupla";"Reta";"Sim";3;0;1;1;1;0;2;2;-3,85336277;-38,55892181;"SPRF-CE";"DEL01-CE";"UOP02-DEL01-CE"
219833;2019-07-04;"quinta-feira";"15:30:00";"RO";319;62;"PORTO VELHO";"Falta de Atenção à Condução";"Colisão lateral";"Sem Vítimas";"Pleno dia";"Crescente";"Sol";"Dupla";"Interseção de Vias";"Sim";2;0;0;0;2;0;0;2;-8,766685;-63,884052;"SPRF-RO";"DEL01-RO";"UOP01-DEL01-RO"
219835;2019-07-04;"quinta-feira";"17:00:00";"SE";101;17,4;"SAO FRANCISCO";"Desobediência às normas de trânsito pelo condutor";"Colisão transversal";"Com Vítimas Fatais";"Pleno dia";"Decrescente";"Céu Claro";"Simples";"Reta";"Não";5;1;0;0;3;2;0;6;-10,34642149;-36,8979388;"SPRF-SE";"DEL02-SE";"UOP02-DEL02-SE"
219844;2019-07-04;"quinta-feira";"17:55:00";"RS";392;1;"PELOTAS";"Desobediência às normas de trânsito pelo condutor";"Colisão transversal";"Com Vítimas Feridas";"Anoitecer";"Decrescente";"Céu Claro";"Simples";"Reta";"Não";3;0;1;0;2;0;1;2;-31,772423;-52,34297;"SPRF-RS";"DEL07-RS";"UOP01-DEL07-RS"
219846;2019-07-04;"quinta-feira";"16:00:00";"RS";285;119;"VACARIA";"Ingestão de Álcool";"Colisão traseira";"Sem Vítimas";"Pleno dia";"Crescente";"Céu Claro";"Simples";"Interseção de Vias";"Sim";3;0;0;0;3;0;0;2;-28,50109289;-50,91968894;"SPRF-RS";"DEL05-RS";"UOP03-DEL05-RS"
219855;2019-07-04;"quinta-feira";"18:00:00";"RS";116;242;"SAO LEOPOLDO";"Falta de Atenção à Condução";"Colisão traseira";"Com Vítimas Feridas";"Plena Noite";"Decrescente";"Nublado";"Múltipla";"Reta";"Sim";2;0;1;0;1;0;1;2;-29,71396796;-51,1476744;"SPRF-RS";"DEL01-RS";"UOP02-DEL01-RS"
219857;2019-07-04;"quinta-feira";"18:35:00";"SC";101;211;"SAO JOSE";"Falta de Atenção à Condução";"Colisão com objeto em movimento";"Sem Vítimas";"Pleno dia";"Decrescente";"Céu Claro";"Dupla";"Reta";"Sim";3;0;0;0;3;0;0;3;-27,62329313;-48,65245588;"SPRF-SC";"DEL01-SC";"UOP02-DEL01-SC"
219867;2019-07-04;"quinta-feira";"18:50:00";"CE";222;17;"CAUCAIA";"Falta de Atenção à Condução";"Colisão traseira";"Com Vítimas Feridas";"Plena Noite";"Decrescente";"Céu Claro";"Simples";"Reta";"Não";3;0;1;1;0;1;2;2;-3,75327316;-38,71134808;"SPRF-CE";"DEL01-CE";"UOP01-DEL01-CE"
219879;2019-07-04;"quinta-feira";"12:20:00";"MG";381;365;"SAO GONCALO DO RIO ABAIXO";"Falta de Atenção à Condução";"Colisão frontal";"Com Vítimas Feridas";"Pleno dia";"Crescente";"Céu Claro";"Simples";"Curva";"Não";6;0;0;3;2;1;3;4;-19,854651;-43,261071;"SPRF-MG";"DEL03-MG";"UOP01-DEL03-MG"
219881;2019-07-04;"quinta-feira";"20:00:00";"MG";365;461;"PATROCINIO";"Falta de Atenção à Condução";"Colisão frontal";"Sem Vítimas";"Pleno dia";"Crescente";"Céu Claro";"Simples";"Interseção de Vias";"Não";3;0;0;0;1;2;0;3;-18,87025197;-46,90171503;"SPRF-MG";"DEL10-MG";"UOP01-DEL10-MG"
219882;2019-07-04;"quinta-feira";"20:00:00";"GO";60;384;"RIO VERDE";"Falta de Atenção do Pedestre";"Atropelamento de Pedestre";"Com Vítimas Feridas";"Plena Noite";"Crescente";"Céu Claro";"Dupla";"Reta";"Sim";2;0;1;0;1;0;1;2;-17,7906;-50,9071;"SPRF-GO";"DEL04-GO";"UOP01-DEL04-GO"
219890;2019-07-04;"quinta-feira";"18:50:00";"PI";135;306;"CRISTINO CASTRO";"Defeito na Via";"Tombamento";"Com Vítimas Feridas";"Anoitecer";"Crescente";"Céu Claro";"Simples";"Reta";"Não";2;0;1;0;0;1;1;2;-8,74902387;-44,15237111;"SPRF-PI";"DEL03-PI";"UOP02-DEL03-PI"
219893;2019-07-04;"quinta-feira";"23:30:00";"RJ";101;178;"MACAE";"Falta de Atenção à Condução";"Colisão lateral";"Com Vítimas Fatais";"Plena Noite";"Crescente";"Céu Claro";"Simples";"Reta";"Não";3;1;1;0;0;1;1;3;-22,39202493;-41,99331104;"SPRF-RJ";"DEL02-RJ";"UOP04-DEL08-RJ"
219899;2019-07-04;"quinta-feira";"23:30:00";"GO";20;36,7;"FORMOSA";"Defeito na Via";"Colisão lateral";"Com Vítimas Feridas";"Plena Noite";"Crescente";"Céu Claro";"Simples";"Declive;Reta";"Não";3;0;1;0;1;2;1;4;-15,44072358;-47,09788442;"SPRF-DF";"DEL02-DF";"UOP01-DEL02-DF"
219902;2019-07-05;"sexta-feira";"01:35:00";"TO";235;180;"TUPIRAMA";"Condutor Dormindo";"Saída de leito carroçável";"Com Vítimas Feridas";"Plena Noite";"Crescente";"Céu Claro";"Simples";"Reta";"Não";3;0;2;0;0;2;2;3;-8,95728486;-48,30326501;"SPRF-TO";"DEL02-TO";"UOP02-DEL02-TO"
219903;2019-07-05;"sexta-feira";"00:35:00";"SP";381;33;"ATIBAIA";"Falta de Atenção à Condução";"Colisão traseira";"Com Vítimas Feridas";"Plena Noite";"Decrescente";"Chuva";"Dupla";"Declive;Reta";"Sim";6;0;4;0;1;1;4;4;-23,0728028;-46,56673562;"SPRF-SP";"DEL03-SP";"UOP02-DEL03-SP"
219907;2019-07-05;"sexta-feira";"04:00:00";"PR";116;99;"SAO JOSE DOS PINHAIS";"Falta de Atenção à Condução";"Tombamento";"Sem Vítimas";"Plena Noite";"Crescente";"Garoa/Chuvisco";"Dupla";"Reta";"Não";2;0;0;0;1;1;0;2;-25,52682231;-49,14038767;"SPRF-PR";"DEL01-PR";"UOP01-DEL01-PR"
219910;2019-07-05;"sexta-feira";"04:20:00";"MG";381;335;"NOVA ERA";"Velocidade Incompatível";"Tombamento";"Com Vítimas Feridas";"Plena Noite";"Decrescente";"Céu Claro";"Simples";"Curva";"Não";2;0;0;1;0;1;1;2;-19,81700707;-43,06661887;"SPRF-MG";"DEL03-MG";"UOP01-DEL03-MG"
219913;2019-07-05;"sexta-feira";"04:00:00";"AP";210;33;"MACAPA";"Condutor Dormindo";"Tombamento";"Com Vítimas Feridas";"Amanhecer";"Decrescente";"Céu Claro";"Simples";"Reta";"Não";1;0;1;0;0;0;1;1;0,30376691;-51,08461846;"SPRF-AP";"DEL01-AP";"UOP01-DEL01-AP"
219914;2019-07-05;"sexta-feira";"04:50:00";"SE";101;201,9;"CRISTINAPOLIS";"Animais na Pista";"Atropelamento de Animal";"Sem Vítimas";"Plena Noite";"Crescente";"Nevoeiro/Neblina";"Simples";"Reta";"Não";2;0;0;0;1;1;0;2;-11,49070496;-37,77641305;"SPRF-SE";"DEL02-SE";"UOP03-DEL02-SE"
219915;2019-07-05;"sexta-feira";"05:30:00";"SP";116;91,3;"PINDAMONHANGABA";"Velocidade Incompatível";"Atropelamento de Animal";"Com Vítimas Fatais";"Plena Noite";"Decrescente";"Chuva";"Dupla";"Reta";"Sim";12;2;2;2;4;2;4;7;-22,95222732;-45,40443885;"SPRF-SP";"DEL06-SP";"UOP01-DEL06-SP"
219921;2019-07-05;"sexta-feira";"05:40:00";"CE";116;3;"FORTALEZA";"Falta de Atenção à Condução";"Tombamento";"Com Vítimas Fatais";"Pleno dia";"Crescente";"Sol";"Dupla";"Viaduto";"Sim";4;1;0;1;2;0;1;2;-3,77866493;-38,51490171;"SPRF-CE";"DEL01-CE";"UOP02-DEL01-CE"
219925;2019-07-05;"sexta-feira";"04:00:00";"RJ";493;4;"ITABORAI";"Falta de Atenção à Condução";"Saída de leito carroçável";"Sem Vítimas";"Plena Noite";"Crescente";"Chuva";"Simples";"Reta";"Não";1;0;0;0;1;0;0;1;-22,74828913;-42,9500441;"SPRF-RJ";"DEL04-RJ";"UOP02-DEL04-RJ"
219929;2019-07-05;"sexta-feira";"06:25:00";"MG";381;731,3;"CARMO DA CACHOEIRA";"Defeito Mecânico no Veículo";"Saída de leito carroçável";"Com Vítimas Feridas";"Amanhecer";"Decrescente";"Garoa/Chuvisco";"Dupla";"Curva";"Não";6;0;1;0;4;2;1;6;-21,52155288;-45,22350973;"SPRF-MG";"DEL04-MG";"UOP02-DEL04-MG"
219931;2019-07-05;"sexta-feira";"03:10:00";"BA";101;908;"NOVA VICOSA";"Falta de Atenção à Condução";"Tombamento";"Sem Vítimas";"Plena Noite";"Crescente";"Céu Claro";"Simples";"Reta";"Não";2;0;0;0;1;2;0;3;-17,98609603;-39,85969159;"SPRF-BA";"DEL09-BA";"UOP02-DEL09-BA"
219933;2019-07-05;"sexta-feira";"06:30:00";"PR";277;10,5;"PARANAGUA";"Desobediência às normas de trânsito pelo condutor";"Colisão frontal";"Com Vítimas Fatais";"Amanhecer";"Crescente";"Chuva";"Dupla";"Reta";"Sim";3;1;0;0;1;2;0;4;-25,568198;-48,615292;"SPRF-PR";"DEL01-PR";"UOP05-DEL01-PR"
219934;2019-07-05;"sexta-feira";"06:10:00";"SC";101;208;"SAO JOSE";"Falta de Atenção à Condução";"Colisão traseira";"Com Vítimas Feridas";"Amanhecer";"Decrescente";"Céu Claro";"Dupla";"Declive";"Sim";6;0;1;0;5;0;1;5;-27,60327979;-48,63201818;"SPRF-SC";"DEL01-SC";"UOP01-DEL01-SC"
219947;2019-07-05;"sexta-feira";"07:40:00";"GO";70;7,6;"AGUAS LINDAS DE GOIAS";"Falta de Atenção à Condução";"Colisão traseira";"Sem Vítimas";"Pleno dia";"Crescente";"Céu Claro";"Dupla";"Reta";"Sim";3;0;0;0;3;0;0;2;-15,74375533;-48,26779708;"SPRF-DF";"DEL01-DF";"UOP02-DEL03-DF"
219948;2019-07-05;"sexta-feira";"07:00:00";"RS";285;148,5;"MUITOS CAPOES";"Não guardar distância de segurança";"Colisão traseira";"Com Vítimas Feridas";"Amanhecer";"Decrescente";"Céu Claro";"Simples";"Reta";"Não";3;0;1;0;2;0;1;2;-28,354595;-51,125458;"SPRF-RS";"DEL05-RS";"UOP03-DEL05-RS"
219952;2019-07-05;"sexta-feira";"07:50:00";"GO";60;469;"JATAI";"Velocidade Incompatível";"Colisão com objeto estático";"Com Vítimas Feridas";"Pleno dia";"Crescente";"Garoa/Chuvisco";"Dupla";"Reta";"Sim";4;0;1;1;1;1;2;4;-17,91;-51,6853;"SPRF-GO";"DEL05-GO";"UOP01-DEL05-GO"
219958;2019-07-05;"sexta-feira";"08:18:00";"ES";101;296,8;"CARIACICA";"Desobediência às normas de trânsito pelo pedestre";"Atropelamento de Pedestre";"Com Vítimas Feridas";"Pleno dia";"Crescente";"Céu Claro";"Dupla";"Curva";"Não";2;0;0;1;0;1;1;2;-20,34029997;-40,40405712;"SPRF-ES";"DEL01-ES";"UOP01-DEL01-ES"
219963;2019-07-05;"sexta-feira";"08:00:00";"RJ";40;84;"PETROPOLIS";"Objeto estático sobre o leito carroçável";"Colisão lateral";"Sem Vítimas";"Pleno dia";"Crescente";"Chuva";"Simples";"Túnel;Curva";"Não";4;0;0;0;4;0;0;4;-22,52145512;-43,23707996;"SPRF-RJ";"DEL06-RJ";"UOP01-DEL06-RJ"
219969;2019-07-05;"sexta-feira";"07:15:00";"SP";381;8,4;"VARGEM";"Pista Escorregadia";"Colisão lateral";"Com Vítimas Feridas";"Pleno dia";"Decrescente";"Garoa/Chuvisco";"Dupla";"Reta";"Não";3;0;1;0;1;1;1;3;-22,9135528;-46,42676441;"SPRF-SP";"DEL03-SP";"UOP02-DEL03-SP"
219973;2019-07-05;"sexta-feira";"09:00:00";"PR";376;601;"CURITIBA";"Falta de Atenção à Condução";"Colisão traseira";"Com Vítimas Feridas";"Pleno dia";"Decrescente";"Céu Claro";"Dupla";"Reta";"Sim";3;0;1;0;1;2;1;4;-25,54007946;-49,31191921;"SPRF-PR";"DEL01-PR";"UOP06-DEL01-PR"
219984;2019-07-05;"sexta-feira";"02:30:00";"PR";476;198,3;"LAPA";"Ingestão de Álcool";"Colisão frontal";"Sem Vítimas";"Plena Noite";"Decrescente";"Nublado";"Múltipla";"Reta";"Sim";3;0;0;0;1;2;0;3;-25,765606;-49,73917;"SPRF-PR";"DEL01-PR";"UOP06-DEL01-PR"
219987;2019-06-25;"terça-feira";"16:27:00";"SP";116;230;"SAO PAULO";"Falta de Atenção à Condução";"Colisão traseira";"Com Vítimas Feridas";"Pleno dia";"Crescente";"Céu Claro";"Simples";"Reta";"Não";3;0;1;0;1;1;1;3;-23,52251783;-46,5855702;"SPRF-SP";"DEL01-SP";"UOP01-DEL01-SP"
219993;2019-07-05;"sexta-feira";"08:00:00";"MT";70;166;"GENERAL CARNEIRO";"Mal Súbito";"Tombamento";"Sem Vítimas";"Pleno dia";"Crescente";"Céu Claro";"Simples";"Reta";"Não";3;0;0;0;2;3;0;5;-15,59094594;-53,49439705;"SPRF-MT";"DEL05-MT";"UOP01-DEL05-MT"
219994;2019-07-05;"sexta-feira";"11:25:00";"MG";40;599,4;"OURO PRETO";"Falta de Atenção à Condução";"Engavetamento";"Com Vítimas Feridas";"Pleno dia";"Crescente";"Nublado";"Simples";"Reta;Declive";"Não";4;0;1;0;2;2;1;5;-20,42264639;-43,87103002;"SPRF-MG";"DEL05-MG";"UOP02-DEL05-MG"
219997;2019-07-05;"sexta-feira";"11:35:00";"RJ";101;281;"TANGUA";"Animais na Pista";"Colisão traseira";"Com Vítimas Feridas";"Pleno dia";"Crescente";"Garoa/Chuvisco";"Simples";"Reta";"Não";3;0;1;0;2;0;1;2;-22,73786208;-42,78692501;"SPRF-RJ";"DEL02-RJ";"UOP03-DEL02-RJ"
219998;2019-07-05;"sexta-feira";"11:30:00";"CE";402;282;"TURURU";"Defeito Mecânico no Veículo";"Tombamento";"Com Vítimas Fatais";"Pleno dia";"Decrescente";"Céu Claro";"Simples";"Reta";"Não";3;1;2;0;0;0;2;1;-3,56877708;-39,46260013;"SPRF-CE";"DEL01-CE";"UOP03-DEL01-CE"
219999;2019-07-05;"sexta-feira";"11:30:00";"ES";101;290;"CARIACICA";"Falta de Atenção à Condução";"Engavetamento";"Com Vítimas Feridas";"Pleno dia";"Crescente";"Céu Claro";"Dupla";"Curva";"Sim";3;0;1;0;2;0;1;3;-20,29114111;-40,391922;"SPRF-ES";"DEL01-ES";"UOP01-DEL01-ES"
220004;2019-07-05;"sexta-feira";"08:50:00";"PI";222;63,5;"PIRIPIRI";"Defeito Mecânico no Veículo";"Saída de leito carroçável";"Sem Vítimas";"Pleno dia";"Crescente";"Céu Claro";"Simples";"Reta";"Não";2;0;0;0;1;3;0;4;-4,21130767;-41,68450234;"SPRF-PI";"DEL02-PI";"UOP01-DEL02-PI"
220005;2019-07-05;"sexta-feira";"12:00:00";"BA";116;875,2;"VITORIA DA CONQUISTA";"Condutor Dormindo";"Colisão lateral";"Com Vítimas Feridas";"Pleno dia";"Crescente";"Nublado";"Simples";"Reta";"Não";3;0;2;0;1;0;2;2;-15,16992312;-41,06280781;"SPRF-BA";"DEL08-BA";"UOP03-DEL08-BA"
220007;2019-07-05;"sexta-feira";"11:33:00";"SP";153;105,2;"JOSE BONIFACIO";"Falta de Atenção à Condução";"Saída de leito carroçável";"Com Vítimas Feridas";"Pleno dia";"Crescente";"Nublado";"Simples";"Reta";"Não";1;0;1;0;0;0;1;1;-21,047516;-49,654482;"SPRF-SP";"DEL09-SP";"UOP01-DEL09-SP"
220016;2019-07-05;"sexta-feira";"12:00:00";"MG";50;71;"UBERLANDIA";"Pista Escorregadia";"Queda de ocupante de veículo";"Com Vítimas Feridas";"Pleno dia";"Decrescente";"Chuva";"Dupla";"Declive";"Sim";2;0;1;0;1;0;1;2;-18,85140204;-48,25345932;"SPRF-MG";"DEL15-MG";"UOP01-DEL15-MG"
220019;2019-07-05;"sexta-feira";"13:05:00";"RS";470;253;"SAO PEDRO DA SERRA";"Condutor Dormindo";"Atropelamento de Pedestre";"Com Vítimas Feridas";"Pleno dia";"Crescente";"Céu Claro";"Simples";"Curva";"Não";2;0;1;1;0;0;2;2;-29,40056278;-51,50572009;"SPRF-RS";"DEL06-RS";"UOP01-DEL06-RS"
220029;2019-04-12;"sexta-feira";"22:05:00";"SE";101;18,3;"SAO FRANCISCO";"Ultrapassagem Indevida";"Colisão lateral";"Com Vítimas Feridas";"Plena Noite";"Crescente";"Céu Claro";"Simples";"Reta";"Não";4;0;1;0;2;2;1;5;-10,34642149;-36,8979388;"SPRF-SE";"DEL02-SE";"UOP02-DEL02-SE"
220031;2019-07-05;"sexta-feira";"13:00:00";"RJ";101;430;"MANGARATIBA";"Pista Escorregadia";"Saída de leito carroçável";"Com Vítimas Feridas";"Pleno dia";"Crescente";"Chuva";"Simples";"Declive";"Não";2;0;1;0;1;0;1;2;-22,93710123;-44,01083798;"SPRF-RJ";"DEL03-RJ";"UOP01-DEL03-RJ"
220032;2019-07-05;"sexta-feira";"12:10:00";"SC";282;391,4;"JOACABA";"Falta de Atenção à Condução";"Colisão lateral";"Com Vítimas Feridas";"Pleno dia";"Crescente";"Céu Claro";"Simples";"Aclive";"Não";5;0;0;1;1;3;1;5;-27,170649;-51,559193;"SPRF-SC";"DEL07-SC";"UOP05-DEL07-SC"
220036;2019-07-05;"sexta-feira";"14:25:00";"PR";277;383;"CANDOI";"Desobediência às normas de trânsito pelo condutor";"Colisão frontal";"Com Vítimas Fatais";"Pleno dia";"Decrescente";"Sol";"Simples";"Reta;Aclive";"Não";6;2;0;1;2;2;1;5;-25,40945785;-51,76927865;"SPRF-PR";"DEL03-PR";"UOP01-DEL08-PR"
220059;2019-07-05;"sexta-feira";"07:30:00";"BA";242;351;"LENCOIS";"Falta de Atenção à Condução";"Tombamento";"Com Vítimas Feridas";"Pleno dia";"Decrescente";"Céu Claro";"Simples";"Curva";"Não";1;0;0;1;0;0;1;1;-12,49243908;-41,3280788;"SPRF-BA";"DEL06-BA";"UOP01-DEL06-BA"
220061;2019-07-05;"sexta-feira";"15:25:00";"BA";324;513,8;"FEIRA DE SANTANA";"Falta de Atenção à Condução";"Colisão traseira";"Com Vítimas Feridas";"Pleno dia";"Decrescente";"Nublado";"Simples";"Reta";"Sim";6;0;1;1;3;1;2;6;-12,23098007;-38,96101401;"SPRF-BA";"DEL02-BA";"UOP01-DEL02-BA"
220062;2019-07-05;"sexta-feira";"15:30:00";"SC";101;215,6;"PALHOCA";"Falta de Atenção à Condução";"Queda de ocupante de veículo";"Com Vítimas Feridas";"Pleno dia";"Decrescente";"Céu Claro";"Múltipla";"Curva";"Não";2;0;0;1;1;0;1;2;-27,65184843;-48,67604941;"SPRF-SC";"DEL01-SC";"UOP02-DEL01-SC"
220065;2019-07-05;"sexta-feira";"14:25:00";"MT";163;833,2;"SINOP";"Falta de Atenção à Condução";"Colisão traseira";"Sem Vítimas";"Pleno dia";"Crescente";"Céu Claro";"Dupla";"Interseção de Vias";"Sim";7;0;0;0;4;3;0;4;-11,87609;-55,49908;"SPRF-MT";"DEL06-MT";"UOP01-DEL06-MT"
220069;2019-07-05;"sexta-feira";"15:30:00";"PR";277;104;"CAMPO LARGO";"Desobediência às normas de trânsito pelo pedestre";"Atropelamento de Pedestre";"Com Vítimas Fatais";"Pleno dia";"Crescente";"Sol";"Dupla";"Reta";"Sim";2;1;0;0;1;0;0;2;-25,43295;-49,404784;"SPRF-PR";"DEL01-PR";"UOP06-DEL01-PR"
220072;2019-07-05;"sexta-feira";"15:00:00";"MT";70;510;"CUIABA";"Falta de Atenção à Condução";"Colisão traseira";"Sem Vítimas";"Pleno dia";"Crescente";"Céu Claro";"Simples";"Reta";"Não";3;0;0;0;2;1;0;3;-15,65051022;-55,99823809;"SPRF-MT";"DEL02-MT";"UOP02-DEL01-MT"