"id";"data_inversa";"dia_semana";"horario";"uf";"br";"km";"municipio";"causa_acidente";"tipo_acidente";"classificacao_acidente";"fase_dia";"sentido_via";"condicao_metereologica";"tipo_pista";"tracado_via";"uso_solo";"pessoas";"mortos";"feridos_leves";"feridos_graves";"ilesos";"ignorados";"feridos";"veiculos";"latitude";"longitude";"regional";"delegacia";"uop"
220080;2019-07-05;"sexta-feira";"16:40:00";"ES";101;253,2;"SERRA";"Falta de Atenção à Condução";"Colisão traseira";"Com Vítimas Feridas";"Pleno dia";"Crescente";"Céu Claro";"Simples";"Reta";"Sim";4;0;1;0;3;0;1;3;-20,10550828;-40,33201218;"SPRF-ES";"DEL02-ES";"UOP01-DEL02-ES"
220082;2019-07-05;"sexta-feira";"16:30:00";"MA";230;49;"BARAO DE GRAJAU";"Carga excessiva e/ou mal acondicionada";"Saída de leito carroçável";"Com Vítimas Feridas";"Pleno dia";"Decrescente";"Céu Claro";"Simples";"Curva";"Não";4;0;3;0;0;1;3;2;-6,61265242;-43,39803382;"SPRF-PI";"DEL03-PI";"UOP01-DEL03-PI"
220083;2019-07-05;"sexta-feira";"17:10:00";"CE";116;0;"FORTALEZA";"Falta de Atenção à Condução";"Colisão lateral";"Sem Vítimas";"Anoitecer";"Crescente";"Céu Claro";"Dupla";"Reta";"Sim";2;0;0;0;2;0;0;2;-3,76159894;-38,51900662;"SPRF-CE";"DEL01-CE";"UOP02-DEL01-CE"
220084;2019-07-05;"sexta-feira";"16:30:00";"RS";386;414,6;"MONTENEGRO";"Mal Súbito";"Saída de leito carroçável";"Com Vítimas Feridas";"Pleno dia";"Decrescente";"Céu Claro";"Simples";"Reta";"Não";2;0;1;0;0;2;1;3;-29,816236;-51,483341;"SPRF-RS";"DEL04-RS";"UOP02-DEL04-RS"
220086;2019-07-05;"sexta-feira";"17:23:00";"GO";40;21,4;"LUZIANIA";"Pista Escorregadia";"Tombamento";"Sem Vítimas";"Anoitecer";"Decrescente";"Chuva";"Dupla";"Declive";"Sim";2;0;0;0;1;1;0;2;-16,218542;-47,915731;"SPRF-DF";"DEL01-DF";"UOP01-DEL01-DF"
220090;2019-07-05;"sexta-feira";"16:05:00";"MT";70;521,8;"VARZEA GRANDE";"Falta de Atenção à Condução";"Colisão transversal";"Com Vítimas Feridas";"Pleno dia";"Decrescente";"Céu Claro";"Simples";"Reta";"Sim";3;0;1;0;1;2;1;4;-15,67361827;-56,17824554;"SPRF-MT";"DEL01-MT";"DEL2/4-UOP02/MT"
220095;2019-07-05;"sexta-feira";"17:30:00";"PR";376;163,5;"CAMBE";"Falta de Atenção à Condução";"Colisão transversal";"Sem Vítimas";"Anoitecer";"Crescente";"Céu Claro";"Dupla";"Reta";"Não";3;0;0;0;2;1;0;3;-23,29626837;-51,28396511;"SPRF-PR";"DEL07-PR";"UOP01-DEL09-PR"
220102;2019-07-05;"sexta-feira";"15:11:00";"PR";277;522,6;"GUARANIACU";"Falta de Atenção à Condução";"Colisão lateral";"Com Vítimas Fatais";"Pleno dia";"Decrescente";"Céu Claro";"Simples";"Reta";"Não";4;1;0;1;1;1;1;3;-25,11018112;-52,85167802;"SPRF-PR";"DEL04-PR";"UOP04-DEL04-PR"
220103;2019-07-05;"sexta-feira";"18:00:00";"SP";116;438,8;"REGISTRO";"Ingestão de Álcool";"Colisão lateral";"Sem Vítimas";"Plena Noite";"Crescente";"Céu Claro";"Dupla";"Reta";"Sim";4;0;0;0;3;1;0;4;-24,44811308;-47,80555693;"SPRF-SP";"DEL05-SP";"UOP01-DEL05-SP"
220107;2019-07-05;"sexta-feira";"16:40:00";"PR";467;71,5;"TOLEDO";"Velocidade Incompatível";"Queda de ocupante de veículo";"Com Vítimas Feridas";"Pleno dia";"Crescente";"Céu Claro";"Dupla";"Reta";"Não";3;0;2;0;1;0;2;2;-24,7190502;-53,7109207;"SPRF-PR";"DEL04-PR";"UOP01-DEL04-PR"
220114;2019-07-05;"sexta-feira";"17:50:00";"MT";163;927;"ITAUBA";"Ultrapassagem Indevida";"Colisão traseira";"Sem Vítimas";"Plena Noite";"Decrescente";"Céu Claro";"Simples";"Reta";"Não";2;0;0;0;2;0;0;2;-11,19868697;-55,30697185;"SPRF-MT";"DEL06-MT";"UOP02-DEL06-MT"
220115;2019-07-05;"sexta-feira";"19:00:00";"MG";381;479,7;"CONTAGEM";"Desobediência às normas de trânsito pelo condutor";"Colisão lateral";"Com Vítimas Feridas";"Plena Noite";"Crescente";"Céu Claro";"Dupla";"Reta";"Não";3;0;0;1;1;1;1;3;-19,95889605;-44,069202;"SPRF-MG";"DEL01-MG";"UOP03-DEL01-MG"
220120;2019-07-05;"sexta-feira";"19:40:00";"DF";20;4;"BRASILIA";"Falta de Atenção à Condução";"Colisão lateral";"Com Vítimas Feridas";"Plena Noite";"Crescente";"Céu Claro";"Dupla";"Reta";"Sim";2;0;1;0;1;0;1;2;-15,675484;-47,823761;"SPRF-DF";"DEL02-DF";"UOP01-DEL02-DF"
220142;2019-07-05;"sexta-feira";"09:30:00";"MT";70;594;"POCONE";"Condutor Dormindo";"Saída de leito carroçável";"Sem Vítimas";"Pleno dia";"Decrescente";"Garoa/Chuvisco";"Simples";"Reta";"Não";1;0;0;0;1;0;0;1;-15,7946064;-56,68258607;"SPRF-MT";"DEL03-MT";"UOP02-DEL03-MT"
220145;2019-07-05;"sexta-feira";"19:40:00";"PR";376;49;"LOANDA";"Deficiência ou não Acionamento do Sistema de Iluminação/Sinalização do Veículo";"Colisão traseira";"Com Vítimas Feridas";"Plena Noite";"Crescente";"Céu Claro";"Simples";"Reta";"Não";3;0;2;0;1;0;2;2;-22,88376665;-52,94071198;"SPRF-PR";"DEL07-PR";"UOP02-DEL09-PR"
220147;2019-07-05;"sexta-feira";"18:15:00";"BA";116;636;"JAGUAQUARA";"Falta de Atenção à Condução";"Colisão transversal";"Com Vítimas Fatais";"Plena Noite";"Decrescente";"Céu Claro";"Simples";"Reta";"Não";4;1;0;0;2;2;0;5;-13,49889298;-40,05022605;"SPRF-BA";"DEL03-BA";"UOP01-DEL03-BA"
220150;2019-07-05;"sexta-feira";"18:20:00";"MG";116;575,9;"MANHUACU";"Falta de Atenção à Condução";"Colisão lateral";"Com Vítimas Fatais";"Plena Noite";"Decrescente";"Céu Claro";"Simples";"Reta";"Não";3;1;0;0;2;0;0;3;-20,14598091;-42,18538333;"SPRF-MG";"DEL06-MG";"UOP03-DEL06-MG"
220155;2019-07-05;"sexta-feira";"08:20:00";"RS";290;317,1;"CACAPAVA DO SUL";"Falta de Atenção à Condução";"Colisão transversal";"Com Vítimas Feridas";"Plena Noite";"Crescente";"Céu Claro";"Simples";"Reta";"Não";3;0;1;0;1;2;1;4;-30,366072;-53,359306;"SPRF-RS";"DEL09-RS";"UOP02-DEL09-RS"
220158;2019-07-05;"sexta-feira";"18:15:00";"MG";262;539,4;"LUZ";"Carga excessiva e/ou mal acondicionada";"Tombamento";"Com Vítimas Feridas";"Plena Noite";"Decrescente";"Céu Claro";"Simples";"Curva";"Não";1;0;1;0;0;0;1;1;-19,76268587;-45,79506296;"SPRF-MG";"DEL08-MG";"UOP02-DEL08-MG"
220160;2019-07-05;"sexta-feira";"21:45:00";"RS";285;671;"SAO BORJA";"Falta de Atenção à Condução";"Danos eventuais";"Sem Vítimas";"Plena Noite";"Decrescente";"Céu Claro";"Simples";"Reta";"Não";2;0;0;0;1;1;0;2;-28,672358;-55,968838;"SPRF-RS";"DEL12-RS";"UOP01-DEL12-RS"
220162;2019-07-05;"sexta-feira";"21:15:00";"RS";290;44,8;"GLORINHA";"Ingestão de Álcool";"Colisão lateral";"Sem Vítimas";"Plena Noite";"Crescente";"Vento";"Dupla";"Reta";"Não";3;0;0;0;2;2;0;4;-29,889887;-50,699654;"SPRF-RS";"DEL03-RS";"UOP01-DEL03-RS"
220163;2019-07-05;"sexta-feira";"22:50:00";"SC";470;69;"INDAIAL";"Ingestão de Álcool";"Colisão com objeto estático";"Sem Vítimas";"Plena Noite";"Decrescente";"Céu Claro";"Simples";"Interseção de Vias";"Sim";2;0;0;0;1;1;0;2;-26,883745;-49,246704;"SPRF-SC";"DEL04-SC";"UOP01-DEL04-SC"
220168;2019-07-05;"sexta-feira";"09:05:00";"MG";381;837,9;"SAO SEBASTIAO DA BELA VISTA";"Velocidade Incompatível";"Saída de leito carroçável";"Com Vítimas Feridas";"Pleno dia";"Crescente";"Chuva";"Múltipla";"Curva;Declive";"Não";5;0;4;0;0;1;4;2;-22,15091616;-45,82338989;"SPRF-MG";"DEL16-MG";"UOP01-DEL16-MG"
220171;2019-07-05;"sexta-feira";"20:25:00";"SC";282;457,7;"PONTE SERRADA";"Ultrapassagem Indevida";"Colisão lateral";"Com Vítimas Feridas";"Plena Noite";"Decrescente";"Céu Claro";"Simples";"Curva";"Não";4;0;1;0;2;2;1;5;-26,880604;-52,013371;"SPRF-SC";"DEL07-SC";"UOP04-DEL07-SC"
220172;2019-07-05;"sexta-feira";"20:00:00";"PR";376;632;"SAO JOSE DOS PINHAIS";"Falta de Atenção à Condução";"Colisão lateral";"Sem Vítimas";"Plena Noite";"Crescente";"Céu Claro";"Dupla";"Reta";"Não";2;0;0;0;2;0;0;2;-25,71601812;-49,13849831;"SPRF-PR";"DEL01-PR";"UOP04-DEL01-PR"
220173;2019-07-05;"sexta-feira";"20:00:00";"PR";277;47;"MORRETES";"Objeto estático sobre o leito carroçável";"Colisão com objeto estático";"Sem Vítimas";"Plena Noite";"Decrescente";"Céu Claro";"Dupla";"Reta";"Não";3;0;0;0;2;1;0;3;-25,58937591;-48,87336932;"SPRF-PR";"DEL01-PR";"UOP07-DEL01-PR"
220180;2019-07-05;"sexta-feira";"22:00:00";"RS";468;27,3;"PALMEIRA DAS MISSOES";"Ingestão de Álcool";"Colisão traseira";"Sem Vítimas";"Plena Noite";"Decrescente";"Céu Claro";"Simples";"Reta";"Não";2;0;0;0;2;0;0;2;-27,75928825;-53,50048912;"SPRF-RS";"DEL08-RS";"UOP01-DEL08-RS"
220181;2019-07-05;"sexta-feira";"23:05:00";"PR";116;6;"CAMPINA GRANDE DO SUL";"Condutor Dormindo";"Colisão traseira";"Com Vítimas Feridas";"Plena Noite";"Decrescente";"Céu Claro";"Dupla";"Reta";"Não";4;0;1;0;2;2;1;4;-25,08735277;-48,60784471;"SPRF-PR";"DEL01-PR";"UOP02-DEL01-PR"
220183;2019-07-05;"sexta-feira";"23:45:00";"MG";365;96,5;"JEQUITAI";"Condutor Dormindo";"Saída de leito carroçável";"Com Vítimas Fatais";"Plena Noite";"Decrescente";"Céu Claro";"Simples";"Reta";"Não";1;1;0;0;0;0;0;1;-17,21703558;-44,45658252;"SPRF-MG";"DEL12-MG";"UOP01-DEL12-MG"
220184;2019-07-06;"sábado";"00:50:00";"PB";101;39,5;"MAMANGUAPE";"Falta de Atenção do Pedestre";"Atropelamento de Pedestre";"Com Vítimas Fatais";"Plena Noite";"Crescente";"Céu Claro";"Dupla";"Reta;Declive";"Sim";2;1;0;0;0;1;0;2;-6,83765697;-35,13695955;"SPRF-PB";"DEL01-PB";"UOP04-DEL01-PB"
220186;2019-07-05;"sexta-feira";"18:00:00";"AC";364;260;"SENA MADUREIRA";"Defeito Mecânico no Veículo";"Colisão com objeto em movimento";"Com Vítimas Feridas";"Anoitecer";"Decrescente";"Céu Claro";"Simples";"Reta";"Não";4;0;0;1;2;1;1;3;-9,15094205;-68,58218507;"SPRF-AC";"DEL01-AC";"UOP01-DEL01-AC"
220191;2019-07-05;"sexta-feira";"23:30:00";"RS";290;4,7;"OSORIO";"Condutor Dormindo";"Saída de leito carroçável";"Sem Vítimas";"Plena Noite";"Decrescente";"Céu Claro";"Múltipla";"Reta";"Não";1;0;0;0;1;0;0;1;-29,898134;-50,31419;"SPRF-RS";"DEL03-RS";"UOP01-DEL03-RS"
220196;2019-07-05;"sexta-feira";"18:00:00";"PB";104;13,5;"CUITE";"Defeito Mecânico no Veículo";"Tombamento";"Com Vítimas Feridas";"Plena Noite";"Decrescente";"Céu Claro";"Simples";"Curva";"Não";3;0;0;3;0;0;3;1;-6,51013105;-36,14802986;"SPRF-PB";"DEL02-PB";"UOP04-DEL02-PB"
220200;2019-07-06;"sábado";"04:05:00";"SC";470;61;"BLUMENAU";"Ingestão de Álcool";"Colisão lateral";"Com Vítimas Feridas";"Plena Noite";"Crescente";"Nublado";"Simples";"Reta";"Sim";4;0;3;0;1;0;3;2;-26,878952;-49,17421;"SPRF-SC";"DEL04-SC";"UOP01-DEL04-SC"
220201;2019-07-06;"sábado";"03:50:00";"MG";40;583,8;"ITABIRITO";"Falta de Atenção à Condução";"Saída de leito carroçável";"Com Vítimas Fatais";"Plena Noite";"Decrescente";"Céu Claro";"Simples";"Curva";"Não";2;1;0;0;0;1;0;2;-20,31930517;-43,93397532;"SPRF-MG";"DEL01-MG";"UOP02-DEL01-MG"
220204;2019-07-06;"sábado";"05:00:00";"SC";280;51;"GUARAMIRIM";"Ingestão de Álcool";"Colisão frontal";"Sem Vítimas";"Plena Noite";"Decrescente";"Céu Claro";"Simples";"Reta";"Não";4;0;0;0;3;1;0;4;-26,46538871;-48,95544449;"SPRF-SC";"DEL03-SC";"UOP03-DEL03-SC"
220210;2019-07-06;"sábado";"04:20:00";"TO";153;710,6;"CARIRI DO TOCANTINS";"Defeito Mecânico no Veículo";"Incêndio";"Sem Vítimas";"Plena Noite";"Decrescente";"Céu Claro";"Simples";"Reta";"Não";1;0;0;0;1;0;0;1;-12,04024296;-49,19953225;"SPRF-TO";"DEL02-TO";"UOP02-DEL01-TO"
220220;2019-07-06;"sábado";"07:00:00";"MG";116;651,7;"FERVEDOURO";"Velocidade Incompatível";"Tombamento";"Com Vítimas Fatais";"Pleno dia";"Decrescente";"Céu Claro";"Simples";"Curva;Declive";"Não";4;1;1;1;0;1;2;2;-20,71517845;-42,28222045;"SPRF-MG";"DEL07-MG";"UOP03-DEL07-MG"
220221;2019-07-06;"sábado";"05:30:00";"SC";280;36;"ARAQUARI";"Falta de Atenção à Condução";"Colisão transversal";"Com Vítimas Feridas";"Amanhecer";"Crescente";"Céu Claro";"Simples";"Reta";"Não";2;0;0;1;1;0;1;2;-26,44201783;-48,80964363;"SPRF-SC";"DEL03-SC";"UOP03-DEL03-SC"
220226;2019-07-06;"sábado";"07:25:00";"PR";277;587;"CASCAVEL";"Defeito Mecânico no Veículo";"Colisão traseira";"Com Vítimas Feridas";"Amanhecer";"Decrescente";"Céu Claro";"Simples";"Reta";"Sim";2;0;0;1;1;0;1;2;-24,96941255;-53,42959722;"SPRF-PR";"DEL04-PR";"UOP01-DEL04-PR"
220230;2019-07-06;"sábado";"07:25:00";"MG";381;660,3;"SANTO ANTONIO DO AMPARO";"Condutor Dormindo";"Colisão lateral";"Com Vítimas Feridas";"Pleno dia";"Decrescente";"Sol";"Dupla";"Reta";"Não";5;0;3;0;1;1;3;3;-21,032535;-45,002186;"SPRF-MG";"DEL04-MG";"UOP02-DEL04-MG"
220236;2019-07-06;"sábado";"07:20:00";"RJ";40;99;"DUQUE DE CAXIAS";"Falta de Atenção à Condução";"Colisão traseira";"Com Vítimas Feridas";"Pleno dia";"Crescente";"Nublado";"Simples";"Reta";"Não";4;0;3;0;1;0;3;2;-22,58585204;-43,27716391;"SPRF-RJ";"DEL06-RJ";"UOP01-DEL06-RJ"
220238;2019-07-06;"sábado";"09:00:00";"ES";259;6,5;"JOAO NEIVA";"Velocidade Incompatível";"Tombamento";"Com Vítimas Fatais";"Pleno dia";"Crescente";"Nublado";"Simples";"Curva";"Não";3;1;0;0;2;0;0;2;-19,69140506;-40,3885746;"SPRF-ES";"DEL02-ES";"UOP01-DEL02-ES"
220239;2019-07-06;"sábado";"07:10:00";"PE";101;60,3;"RECIFE";"Defeito Mecânico no Veículo";"Tombamento";"Com Vítimas Feridas";"Pleno dia";"Crescente";"Sol";"Dupla";"Reta";"Sim";1;0;1;0;0;0;1;1;-7,98344307;-34,93176727;"SPRF-PE";"DEL01-PE";"UOP02-DEL01-PE"
220246;2019-07-06;"sábado";"04:30:00";"AM";174;975;"MANAUS";"Condutor Dormindo";"Saída de leito carroçável";"Com Vítimas Feridas";"Pleno dia";"Crescente";"Sol";"Simples";"Reta";"Não";3;0;2;0;0;1;2;2;-2,18114601;-60,01087395;"SPRF-AM";"DEL01-AM";"UOP02-DEL01-AM"
220249;2019-07-06;"sábado";"00:30:00";"MA";230;73,8;"SAO JOAO DOS PATOS";"Condutor Dormindo";"Saída de leito carroçável";"Com Vítimas Feridas";"Plena Noite";"Crescente";"Céu Claro";"Simples";"Reta";"Não";2;0;1;0;0;1;1;2;-6,51183489;-43,56237996;"SPRF-PI";"DEL03-PI";"UOP01-DEL03-PI"
220250;2019-07-06;"sábado";"10:10:00";"BA";116;523;"ITATIM";"Condutor Dormindo";"Colisão frontal";"Com Vítimas Fatais";"Pleno dia";"Decrescente";"Nublado";"Simples";"Reta";"Não";4;1;1;1;0;2;2;4;-12,69631697;-39,70397401;"SPRF-BA";"DEL03-BA";"UOP02-DEL03-BA"
220253;2019-06-29;"sábado";"04:50:00";"MS";163;351,4;"NOVA ALVORADA DO SUL";"Condutor Dormindo";"Saída de leito carroçável";"Com Vítimas Feridas";"Amanhecer";"Crescente";"Céu Claro";"Simples";"Reta";"Não";2;0;1;0;0;2;1;3;-21,58345273;-54,42927935;"SPRF-MS";"DEL02-MS";"UOP02-DEL02-MS"
220255;2019-07-06;"sábado";"09:00:00";"GO";153;163;"CAMPINORTE";"Defeito Mecânico no Veículo";"Saída de leito carroçável";"Com Vítimas Feridas";"Pleno dia";"Decrescente";"Céu Claro";"Simples";"Declive";"Não";2;0;1;0;0;1;1;2;-14,195677;-49,128353;"SPRF-GO";"DEL07-GO";"UOP02-DEL07-GO"
220258;2019-07-06;"sábado";"10:50:00";"PB";230;22;"JOAO PESSOA";"Não guardar distância de segurança";"Engavetamento";"Com Vítimas Feridas";"Pleno dia";"Decrescente";"Sol";"Dupla";"Reta";"Sim";6;0;1;0;5;0;1;5;-7,157166;-34,857798;"SPRF-PB";"DEL01-PB";"UOP01-DEL01-PB"
220262;2019-07-06;"sábado";"10:50:00";"PR";376;527,2;"PONTA GROSSA";"Sinalização da via insuficiente ou inadequada";"Colisão lateral";"Com Vítimas Feridas";"Pleno dia";"Decrescente";"Céu Claro";"Dupla";"Declive";"Não";5;0;0;1;3;4;1;8;-25,28420492;-49,91007328;"SPRF-PR";"DEL03-PR";"UOP04-DEL03-PR"
220266;2019-07-06;"sábado";"11:45:00";"MG";116;585,3;"MANHUACU";"Falta de Atenção à Condução";"Colisão traseira";"Com Vítimas Fatais";"Pleno dia";"Crescente";"Sol";"Simples";"Reta";"Não";3;1;0;0;1;1;0;3;-20,22987753;-42,17260057;"SPRF-MG";"DEL06-MG";"UOP03-DEL06-MG"
220274;2019-07-05;"sexta-feira";"14:30:00";"BA";242;505,5;"OLIVEIRA DOS BREJINHOS";"Condutor Dormindo";"Colisão frontal";"Com Vítimas Fatais";"Pleno dia";"Crescente";"Sol";"Simples";"Reta";"Não";5;1;1;1;1;2;2;4;-12,35174935;-42,49360013;"SPRF-BA";"DEL06-BA";"UOP01-DEL06-BA"
220276;2019-07-06;"sábado";"12:35:00";"MG";381;3,2;"BETIM";"Falta de Atenção à Condução";"Colisão lateral";"Com Vítimas Feridas";"Pleno dia";"Decrescente";"Céu Claro";"Dupla";"Curva";"Sim";3;0;1;0;1;2;1;4;-19,96825;-44,198708;"SPRF-MG";"DEL01-MG";"UOP03-DEL01-MG"
220283;2019-07-06;"sábado";"11:25:00";"MT";70;199;"GENERAL CARNEIRO";"Falta de Atenção à Condução";"Saída de leito carroçável";"Com Vítimas Feridas";"Pleno dia";"Decrescente";"Céu Claro";"Simples";"Reta";"Não";2;0;1;0;0;2;1;3;-15,716431;-53,73893;"SPRF-MT";"DEL05-MT";"UOP01-DEL05-MT"
220288;2019-07-06;"sábado";"13:00:00";"PI";343;344,5;"TERESINA";"Falta de Atenção à Condução";"Colisão com objeto estático";"Sem Vítimas";"Pleno dia";"Decrescente";"Céu Claro";"Simples";"Reta";"Sim";1;0;0;0;1;0;0;1;-5,094729;-42,762775;"SPRF-PI";"DEL01-PI";"UOP01-DEL01-PI"
220308;2019-07-06;"sábado";"11:20:00";"RO";364;597,6;"ITAPUA DO OESTE";"Falta de Atenção à Condução";"Capotamento";"Sem Vítimas";"Pleno dia";"Crescente";"Céu Claro";"Simples";"Reta";"Não";2;0;0;0;1;3;0;4;-9,24866599;-63,16459996;"SPRF-RO";"DEL03-RO";"UOP04-DEL01-RO"
220320;2019-07-06;"sábado";"15:50:00";"SP";116;438,5;"REGISTRO";"Falta de Atenção à Condução";"Saída de leito carroçável";"Com Vítimas Feridas";"Pleno dia";"Crescente";"Céu Claro";"Dupla";"Reta";"Não";10;0;1;0;8;1;1;5;-24,44811308;-47,80555693;"SPRF-SP";"DEL05-SP";"UOP01-DEL05-SP"
220322;2019-07-06;"sábado";"15:30:00";"PI";316;31,5;"DEMERVAL LOBAO";"Falta de Atenção à Condução";"Colisão transversal";"Com Vítimas Feridas";"Pleno dia";"Crescente";"Céu Claro";"Simples";"Reta";"Sim";3;0;1;0;1;1;1;3;-5,33958796;-42,69400899;"SPRF-PI";"DEL01-PI";"UOP02-DEL01-PI"
220323;2019-07-06;"sábado";"15:45:00";"MS";463;105,1;"PONTA PORA";"Falta de Atenção à Condução";"Saída de leito carroçável";"Com Vítimas Feridas";"Pleno dia";"Crescente";"Sol";"Simples";"Reta";"Não";6;0;6;0;0;0;6;1;-22,60240524;-55,6579092;"SPRF-MS";"DEL04-MS";"UOP03-DEL04-MS"
220324;2019-07-06;"sábado";"14:00:00";"ES";101;127;"SOORETAMA";"Falta de Atenção à Condução";"Colisão traseira";"Com Vítimas Feridas";"Pleno dia";"Crescente";"Sol";"Dupla";"Declive";"Sim";2;0;1;0;1;0;1;2;-19,202898;-40,095524;"SPRF-ES";"DEL04-ES";"UOP01-DEL04-ES"
220328;2019-07-06;"sábado";"16:30:00";"PA";163;341;"NOVO PROGRESSO";"Ingestão de Álcool";"Colisão lateral";"Com Vítimas Feridas";"Pleno dia";"Decrescente";"Céu Claro";"Simples";"Declive";"Não";5;0;1;0;3;2;1;4;-6,802489;-55,470854;"SPRF-PA";"DEL05-PA";"UOP01-DEL05-PA"
220330;2019-07-06;"sábado";"15:50:00";"PR";277;57;"SAO JOSE DOS PINHAIS";"Falta de Atenção à Condução";"Colisão traseira";"Com Vítimas Feridas";"Anoitecer";"Decrescente";"Céu Claro";"Dupla";"Aclive";"Não";4;0;1;0;2;4;1;7;-25,58123713;-48,96273806;"SPRF-PR";"DEL01-PR";"UOP07-DEL01-PR"
220333;2019-07-06;"sábado";"08:30:00";"PI";235;418;"MONTE ALEGRE DO PIAUI";"Falta de Atenção à Condução";"Tombamento";"Com Vítimas Feridas";"Pleno dia";"Decrescente";"Céu Claro";"Simples";"Curva";"Não";2;0;1;0;0;2;1;3;-9,76759;-45,31834;"SPRF-PI";"DEL03-PI";"UOP02-DEL03-PI"
220335;2019-07-06;"sábado";"17:15:00";"BA";116;816;"VITORIA DA CONQUISTA";"Ingestão de Álcool";"Colisão frontal";"Com Vítimas Feridas";"Anoitecer";"Crescente";"Céu Claro";"Simples";"Reta";"Não";3;0;1;0;1;1;1;3;-14,81812875;-40,80809724;"SPRF-BA";"DEL08-BA";"UOP01-DEL08-BA"
220338;2019-07-06;"sábado";"17:05:00";"SP";381;64;"MAIRIPORA";"Falta de Atenção à Condução";"Colisão traseira";"Com Vítimas Feridas";"Anoitecer";"Decrescente";"Céu Claro";"Múltipla";"Reta";"Não";4;0;2;0;1;1;2;3;-23,3089645;-46,57924651;"SPRF-SP";"DEL03-SP";"UOP01-DEL03-SP"
220340;2019-07-06;"sábado";"18:25:00";"SC";470;6,1;"NAVEGANTES";"Restrição de Visibilidade";"Colisão traseira";"Com Vítimas Fatais";"Plena Noite";"Crescente";"Céu Claro";"Simples";"Curva;Em Obras";"Sim";2;1;0;0;0;1;0;2;-26,85198621;-48,70977402;"SPRF-SC";"DEL04-SC";"UOP04-DEL04-SC"
220348;2019-07-06;"sábado";"12:30:00";"MG";251;242,9;"SANTA CRUZ DE SALINAS";"Falta de Atenção à Condução";"Saída de leito carroçável";"Sem Vítimas";"Pleno dia";"Decrescente";"Sol";"Simples";"Declive";"Não";2;0;0;0;1;1;0;2;-16,00883576;-41,80162496;"SPRF-MG";"DEL11-MG";"UOP02-DEL11-MG"
220370;2019-07-06;"sábado";"19:00:00";"PR";277;506;"GUARANIACU";"Falta de Atenção à Condução";"Colisão frontal";"Com Vítimas Feridas";"Plena Noite";"Decrescente";"Céu Claro";"Simples";"Reta";"Não";5;0;3;0;1;1;3;3;-25,13252031;-52,72094503;"SPRF-PR";"DEL04-PR";"UOP04-DEL04-PR"
220373;2019-07-06;"sábado";"19:20:00";"MG";251;449,8;"GRAO MOGOL";"Velocidade Incompatível";"Tombamento";"Com Vítimas Fatais";"Plena Noite";"Decrescente";"Céu Claro";"Simples";"Curva";"Não";2;1;0;0;0;1;0;2;-16,420528;-43,28967;"SPRF-MG";"DEL12-MG";"UOP01-DEL12-MG"
220376;2019-07-06;"sábado";"20:10:00";"SC";101;44;"JOINVILLE";"Ingestão de Álcool";"Colisão lateral";"Sem Vítimas";"Plena Noite";"Crescente";"Céu Claro";"Dupla";"Declive;Reta";"Sim";3;0;0;0;2;1;0;3;-26,31238996;-48,87458997;"SPRF-SC";"DEL03-SC";"UOP01-DEL03-SC"
220381;2019-07-06;"sábado";"20:40:00";"MS";163;174;"JUTI";"Defeito Mecânico no Veículo";"Incêndio";"Sem Vítimas";"Plena Noite";"Decrescente";"Céu Claro";"Simples";"Reta";"Não";2;0;0;0;1;2;0;3;-22,85963099;-54,62834999;"SPRF-MS";"DEL09-MS";"UOP01-DEL09-MS"
220389;2019-07-06;"sábado";"21:30:00";"PR";277;582;"CASCAVEL";"Ingestão de Álcool";"Colisão lateral";"Sem Vítimas";"Plena Noite";"Crescente";"Céu Claro";"Dupla";"Reta";"Sim";3;0;0;0;2;1;0;3;-24,97675228;-53,38623215;"SPRF-PR";"DEL04-PR";"UOP01-DEL04-PR"
220396;2019-05-03;"sexta-feira";"08:00:00";"MT";163;529;"DIAMANTINO";"Pista Escorregadia";"Colisão frontal";"Com Vítimas Fatais";"Pleno dia";"Decrescente";"Chuva";"Simples";"Reta";"Não";8;2;0;5;0;2;5;4;-14,46297832;-56,14910673;"SPRF-MT";"DEL01-MT";"UOP01-DEL01-MT"
220398;2019-07-06;"sábado";"19:55:00";"BA";116;586;"NOVA ITARANA";"Ultrapassagem Indevida";"Colisão frontal";"Sem Vítimas";"Plena Noite";"Decrescente";"Céu Claro";"Simples";"Reta";"Não";6;0;0;0;5;2;0;5;-13,10964805;-39,99424704;"SPRF-BA";"DEL03-BA";"UOP02-DEL03-BA"
220402;2019-07-06;"sábado";"22:00:00";"RJ";101;174;"MACAE";"Condutor Dormindo";"Colisão frontal";"Com Vítimas Fatais";"Plena Noite";"Decrescente";"Nublado";"Simples";"Reta";"Não";3;1;1;1;0;0;2;2;-22,37503386;-41,960354;"SPRF-RJ";"DEL02-RJ";"UOP04-DEL08-RJ"
220406;2019-07-06;"sábado";"22:05:00";"ES";101;270,3;"SERRA";"Falta de Atenção à Condução";"Colisão lateral";"Com Vítimas Fatais";"Plena Noite";"Crescente";"Céu Claro";"Dupla";"Interseção de Vias";"Sim";10;3;2;3;0;2;5;3;-20,23248542;-40,27526292;"SPRF-ES";"DEL02-ES";"UOP01-DEL02-ES"
220408;2019-07-06;"sábado";"23:00:00";"TO";153;335;"GUARAI";"Avarias e/ou desgaste excessivo no pneu";"Incêndio";"Sem Vítimas";"Plena Noite";"Crescente";"Céu Claro";"Dupla";"Reta";"Sim";2;0;0;0;1;1;0;2;-8,84481597;-48,5107318;"SPRF-TO";"DEL02-TO";"UOP02-DEL02-TO"