"id";"data_inversa";"dia_semana";"horario";"uf";"br";"km";"municipio";"causa_acidente";"tipo_acidente";"classificacao_acidente";"fase_dia";"sentido_via";"condicao_metereologica";"tipo_pista";"tracado_via";"uso_solo";"pessoas";"mortos";"feridos_leves";"feridos_graves";"ilesos";"ignorados";"feridos";"veiculos";"latitude";"longitude";"regional";"delegacia";"uop"
220411;2019-07-06;"sábado";"21:55:00";"PR";476;136;"CURITIBA";"Falta de Atenção à Condução";"Colisão lateral";"Sem Vítimas";"Plena Noite";"Decrescente";"Céu Claro";"Dupla";"Reta";"Sim";2;0;0;0;2;0;0;2;-25,491047;-49,271679;"SPRF-PR";"DEL01-PR";"UOP03-DEL01-PR"
220422;2019-07-07;"domingo";"00:55:00";"GO";20;125;"FLORES DE GOIAS";"Condutor Dormindo";"Colisão traseira";"Com Vítimas Feridas";"Plena Noite";"Decrescente";"Céu Claro";"Simples";"Reta";"Não";2;0;1;0;1;0;1;2;-14,854227;-46,78397;"SPRF-DF";"DEL02-DF";"UOP03-DEL02-DF"
220428;2019-07-07;"domingo";"01:25:00";"PR";373;182;"PONTA GROSSA";"Falta de Atenção à Condução";"Colisão transversal";"Com Vítimas Feridas";"Plena Noite";"Crescente";"Nublado";"Simples";"Reta";"Não";4;0;1;0;2;2;1;4;-25,040691;-50,270683;"SPRF-PR";"DEL03-PR";"UOP01-DEL03-PR"
220430;2019-07-07;"domingo";"02:10:00";"SC";101;220,5;"PALHOCA";"Ingestão de Álcool";"Colisão lateral";"Com Vítimas Feridas";"Plena Noite";"Crescente";"Céu Claro";"Dupla";"Reta;Em Obras;Desvio Temporário";"Sim";2;0;0;1;1;0;1;2;-27,69198941;-48,66368358;"SPRF-SC";"DEL01-SC";"UOP02-DEL01-SC"
220446;2019-07-07;"domingo";"05:30:00";"MA";316;612,1;"TIMON";"Desobediência às normas de trânsito pelo condutor";"Colisão frontal";"Com Vítimas Fatais";"Amanhecer";"Decrescente";"Céu Claro";"Simples";"Reta";"Não";5;2;1;1;1;0;2;2;-5,075141;-42,859455;"SPRF-MA";"DEL03-MA";"UOP02-DEL03-MA"
220463;2019-07-07;"domingo";"07:15:00";"RJ";116;237;"PIRAI";"Falta de Atenção à Condução";"Colisão transversal";"Com Vítimas Feridas";"Pleno dia";"Decrescente";"Céu Claro";"Simples";"Reta";"Não";4;0;1;0;2;1;1;3;-22,6648253;-43,8735;"SPRF-RJ";"DEL07-RJ";"UOP01-DEL07-RJ"
220465;2019-07-07;"domingo";"07:20:00";"RS";116;223,4;"DOIS IRMAOS";"Falta de Atenção à Condução";"Colisão com objeto estático";"Com Vítimas Feridas";"Amanhecer";"Decrescente";"Céu Claro";"Simples";"Curva";"Não";1;0;0;1;0;0;1;1;-29,58827044;-51,09917696;"SPRF-RS";"DEL01-RS";"UOP02-DEL01-RS"
220471;2019-07-07;"domingo";"07:15:00";"AL";101;113;"PILAR";"Desobediência às normas de trânsito pelo condutor";"Saída de leito carroçável";"Com Vítimas Feridas";"Pleno dia";"Crescente";"Céu Claro";"Simples";"Declive;Curva";"Não";3;0;2;0;0;1;2;2;-9,63307649;-36,0291481;"SPRF-AL";"DEL02-AL";"UOP01-DEL02-AL"
220473;2019-07-07;"domingo";"07:20:00";"PI";343;264;"CAMPO MAIOR";"Condutor Dormindo";"Colisão transversal";"Com Vítimas Feridas";"Pleno dia";"Crescente";"Céu Claro";"Simples";"Reta";"Sim";3;0;1;0;1;1;1;3;-4,827662;-42,162594;"SPRF-PI";"DEL01-PI";"UOP03-DEL01-PI"
220474;2019-07-07;"domingo";"07:30:00";"MS";163;104;"ITAQUIRAI";"Falta de Atenção à Condução";"Saída de leito carroçável";"Com Vítimas Feridas";"Pleno dia";"Decrescente";"Céu Claro";"Simples";"Aclive;Rotatória";"Não";4;0;1;0;2;3;1;4;-23,24560635;-54,22489172;"SPRF-MS";"DEL09-MS";"UOP01-DEL09-MS"
220481;2019-07-07;"domingo";"08:30:00";"SP";116;312;"SAO LOURENCO DA SERRA";"Defeito Mecânico no Veículo";"Incêndio";"Sem Vítimas";"Pleno dia";"Decrescente";"Céu Claro";"Dupla";"Reta";"Sim";1;0;0;0;0;1;0;1;-23,88342825;-46,97368879;"SPRF-SP";"DEL04-SP";"UOP01-DEL04-SP"
220487;2019-07-07;"domingo";"09:00:00";"MG";40;456,4;"CAETANOPOLIS";"Defeito Mecânico no Veículo";"Tombamento";"Com Vítimas Feridas";"Pleno dia";"Decrescente";"Céu Claro";"Dupla";"Curva";"Não";2;0;1;0;0;1;1;2;-19,36639733;-44,3375802;"SPRF-MG";"DEL02-MG";"UOP01-DEL02-MG"
220489;2019-07-07;"domingo";"09:40:00";"CE";116;352,1;"ICO";"Falta de Atenção à Condução";"Colisão traseira";"Com Vítimas Feridas";"Pleno dia";"Crescente";"Sol";"Simples";"Reta";"Não";6;0;2;2;1;1;4;2;-6,25562295;-38,69643806;"SPRF-CE";"DEL05-CE";"UOP02-DEL05-CE"
220493;2019-07-07;"domingo";"09:45:00";"TO";153;405,1;"MIRANORTE";"Desobediência às normas de trânsito pelo condutor";"Saída de leito carroçável";"Com Vítimas Feridas";"Pleno dia";"Decrescente";"Sol";"Simples";"Declive";"Não";3;0;2;0;0;2;2;3;-9,45445904;-48,57818379;"SPRF-TO";"DEL02-TO";"UOP02-DEL02-TO"
220501;2019-07-07;"domingo";"08:30:00";"SC";470;110;"APIUNA";"Falta de Atenção à Condução";"Colisão frontal";"Com Vítimas Fatais";"Pleno dia";"Crescente";"Céu Claro";"Simples";"Curva";"Não";3;1;0;0;1;1;0;3;-27,086622;-49,458096;"SPRF-SC";"DEL04-SC";"UOP02-DEL04-SC"
220505;2019-03-24;"domingo";"23:00:00";"BA";101;725;"ITABELA";"Falta de Atenção à Condução";"Tombamento";"Com Vítimas Feridas";"Plena Noite";"Decrescente";"Nublado";"Simples";"Curva";"Não";3;0;0;1;1;2;1;4;-16,59628792;-39,55057482;"SPRF-BA";"DEL09-BA";"UOP01-DEL09-BA"
220520;2019-07-07;"domingo";"13:20:00";"PI";230;308,8;"FLORIANO";"Falta de Atenção à Condução";"Colisão frontal";"Com Vítimas Feridas";"Pleno dia";"Crescente";"Céu Claro";"Simples";"Reta";"Sim";2;0;0;1;1;0;1;2;-6,77574048;-43,0058527;"SPRF-PI";"DEL03-PI";"UOP01-DEL03-PI"
220545;2019-07-07;"domingo";"15:00:00";"BA";116;18;"VITORIA DA CONQUISTA";"Ingestão de Álcool";"Colisão transversal";"Com Vítimas Feridas";"Pleno dia";"Crescente";"Nublado";"Simples";"Reta";"Não";3;0;0;1;1;1;1;3;-14,851;-40,8485;"SPRF-BA";"DEL08-BA";"UOP01-DEL08-BA"
220547;2019-07-07;"domingo";"16:15:00";"MG";381;946,2;"EXTREMA";"Desobediência às normas de trânsito pelo condutor";"Colisão lateral";"Com Vítimas Feridas";"Pleno dia";"Crescente";"Sol";"Dupla";"Curva;Declive";"Não";3;0;2;0;0;1;2;2;-22,86074656;-46,34354544;"SPRF-MG";"DEL16-MG";"UOP03-DEL16-MG"
220549;2019-07-07;"domingo";"12:20:00";"SP";116;185,2;"SANTA ISABEL";"Defeito Mecânico no Veículo";"Saída de leito carroçável";"Sem Vítimas";"Pleno dia";"Crescente";"Céu Claro";"Dupla";"Aclive";"Não";2;0;0;0;1;2;0;3;-23,35176424;-46,18966001;"SPRF-SP";"DEL02-SP";"UOP01-DEL02-SP"
220554;2019-07-07;"domingo";"15:30:00";"BA";101;947;"MUCURI";"Falta de Atenção à Condução";"Tombamento";"Com Vítimas Feridas";"Pleno dia";"Decrescente";"Nublado";"Simples";"Curva";"Não";2;0;1;0;0;12;1;13;-18,16840196;-39,91873914;"SPRF-BA";"DEL09-BA";"UOP02-DEL09-BA"
220558;2019-07-07;"domingo";"14:30:00";"SP";116;359,2;"MIRACATU";"Velocidade Incompatível";"Tombamento";"Com Vítimas Feridas";"Pleno dia";"Decrescente";"Sol";"Dupla";"Curva";"Não";2;0;1;0;0;1;1;2;-24,10862227;-47,26589989;"SPRF-SP";"DEL04-SP";"UOP03-DEL04-SP"
220559;2019-07-07;"domingo";"15:05:00";"MT";364;210;"RONDONOPOLIS";"Ingestão de Álcool";"Tombamento";"Com Vítimas Feridas";"Pleno dia";"Decrescente";"Céu Claro";"Dupla";"Reta";"Sim";2;0;1;0;0;2;1;3;-16,4229595;-54,70116159;"SPRF-MT";"DEL02-MT";"UOP01-DEL02-MT"
220577;2019-07-07;"domingo";"16:55:00";"PR";277;14;"PARANAGUA";"Falta de Atenção à Condução";"Colisão lateral";"Com Vítimas Feridas";"Pleno dia";"Crescente";"Sol";"Dupla";"Reta";"Não";2;0;0;1;0;1;1;2;-25,568198;-48,615292;"SPRF-PR";"DEL01-PR";"UOP05-DEL01-PR"
220578;2019-07-07;"domingo";"09:50:00";"RO";364;807;"PORTO VELHO";"Desobediência às normas de trânsito pelo condutor";"Colisão transversal";"Com Vítimas Feridas";"Pleno dia";"Crescente";"Céu Claro";"Simples";"Reta";"Não";3;0;0;1;1;1;1;3;-9,26427;-64,46005;"SPRF-RO";"DEL01-RO";"UOP02-DEL01-RO"
220607;2019-06-25;"terça-feira";"08:15:00";"PE";232;9;"JABOATAO DOS GUARARAPES";"Falta de Atenção à Condução";"Colisão traseira";"Com Vítimas Feridas";"Pleno dia";"Decrescente";"Ignorado";"Dupla";"Interseção de Vias";"Sim";2;0;1;0;1;0;1;2;-8,07851549;-34,98221219;"SPRF-PE";"DEL01-PE";"UOP01-DEL01-PE"
220609;2019-07-07;"domingo";"20:20:00";"RN";110;27,2;"MOSSORO";"Ingestão de Álcool";"Colisão lateral";"Com Vítimas Fatais";"Plena Noite";"Decrescente";"Céu Claro";"Simples";"Reta";"Não";2;1;0;0;0;1;0;2;-5,10244903;-37,19671393;"SPRF-RN";"DEL04-RN";"UOP01-DEL04-RN"
220617;2019-07-07;"domingo";"05:30:00";"PA";163;351,1;"NOVO PROGRESSO";"Defeito Mecânico no Veículo";"Saída de leito carroçável";"Sem Vítimas";"Amanhecer";"Decrescente";"Céu Claro";"Simples";"Aclive";"Não";1;0;0;0;1;0;0;1;-6,71285803;-55,48226515;"SPRF-PA";"DEL05-PA";"UOP01-DEL05-PA"
220620;2019-07-07;"domingo";"20:45:00";"CE";222;290,3;"FRECHEIRINHA";"Desobediência às normas de trânsito pelo condutor";"Colisão transversal";"Com Vítimas Fatais";"Plena Noite";"Crescente";"Céu Claro";"Simples";"Reta";"Não";2;1;0;0;0;1;0;2;-3,69182602;-40,88269117;"SPRF-CE";"DEL04-CE";"UOP02-DEL04-CE"
220624;2019-07-07;"domingo";"21:00:00";"BA";116;860;"VITORIA DA CONQUISTA";"Falta de Atenção à Condução";"Colisão traseira";"Com Vítimas Feridas";"Pleno dia";"Decrescente";"Nevoeiro/Neblina";"Simples";"Reta";"Sim";2;0;1;0;1;0;1;2;-15,05881005;-40,98658496;"SPRF-BA";"DEL08-BA";"UOP03-DEL08-BA"
220636;2019-07-07;"domingo";"22:00:00";"PR";369;154,4;"LONDRINA";"Não guardar distância de segurança";"Colisão traseira";"Sem Vítimas";"Plena Noite";"Decrescente";"Céu Claro";"Dupla";"Interseção de Vias";"Sim";3;0;0;0;3;0;0;3;-23,29737103;-51,20170444;"SPRF-PR";"DEL07-PR";"UOP01-DEL07-PR"
220637;2019-07-07;"domingo";"21:05:00";"RS";116;396,9;"CAMAQUA";"Ingestão de Álcool";"Colisão frontal";"Sem Vítimas";"Plena Noite";"Crescente";"Nublado";"Simples";"Reta";"Não";3;0;0;0;2;1;0;3;-30,85277648;-51,77498979;"SPRF-RS";"DEL02-RS";"UOP03-DEL02-RS"
220644;2019-07-07;"domingo";"23:00:00";"RJ";116;27;"SAPUCAIA";"Carga excessiva e/ou mal acondicionada";"Derramamento de carga";"Sem Vítimas";"Plena Noite";"Decrescente";"Céu Claro";"Simples";"Curva";"Sim";1;0;0;0;1;0;0;1;-22,05084092;-42,78853;"SPRF-RJ";"DEL04-RJ";"UOP01-DEL04-RJ"
220656;2019-07-07;"domingo";"18:00:00";"BA";20;70;"CORRENTINA";"Falta de Atenção à Condução";"Colisão transversal";"Sem Vítimas";"Anoitecer";"Crescente";"Céu Claro";"Simples";"Reta";"Não";3;0;0;0;2;2;0;4;-14,0143592;-46,2191391;"SPRF-BA";"DEL10-BA";"UOP01-DEL10-BA"
220657;2019-07-08;"segunda-feira";"02:40:00";"PE";232;63,9;"POMBOS";"Falta de Atenção à Condução";"Colisão traseira";"Com Vítimas Feridas";"Plena Noite";"Decrescente";"Chuva";"Dupla";"Reta;Declive";"Não";7;0;1;2;4;0;3;2;-8,15842797;-35,43147902;"SPRF-PE";"DEL01-PE";"UOP02-DEL02PE"
220661;2019-07-08;"segunda-feira";"03:15:00";"RJ";101;461;"ANGRA DOS REIS";"Desobediência às normas de trânsito pelo condutor";"Colisão frontal";"Com Vítimas Fatais";"Plena Noite";"Crescente";"Céu Claro";"Simples";"Curva";"Não";2;1;0;0;1;0;0;2;-23,02906521;-44,1997005;"SPRF-RJ";"DEL03-RJ";"UOP03-DEL03-RJ"
220662;2019-07-08;"segunda-feira";"02:20:00";"PR";277;105,1;"CAMPO LARGO";"Ingestão de Álcool";"Saída de leito carroçável";"Sem Vítimas";"Plena Noite";"Decrescente";"Nublado";"Dupla";"Curva";"Não";1;0;0;0;1;0;0;1;-25,4343469;-49,4121823;"SPRF-PR";"DEL01-PR";"UOP06-DEL01-PR"
220664;2019-07-08;"segunda-feira";"03:40:00";"PR";376;515,5;"PONTA GROSSA";"Ingestão de Álcool";"Colisão lateral";"Sem Vítimas";"Plena Noite";"Crescente";"Céu Claro";"Dupla";"Reta";"Não";3;0;0;0;2;2;0;4;-25,26550955;-49,95449282;"SPRF-PR";"DEL03-PR";"UOP04-DEL03-PR"
220669;2019-07-08;"segunda-feira";"06:45:00";"TO";153;679;"CARIRI DO TOCANTINS";"Falta de Atenção à Condução";"Colisão lateral";"Com Vítimas Feridas";"Pleno dia";"Crescente";"Céu Claro";"Simples";"Reta";"Não";4;0;1;0;2;2;1;4;-11,78176489;-49,11301313;"SPRF-TO";"DEL02-TO";"UOP02-DEL01-TO"
220670;2019-07-08;"segunda-feira";"06:30:00";"PR";116;122;"CURITIBA";"Falta de Atenção à Condução";"Colisão traseira";"Com Vítimas Feridas";"Pleno dia";"Decrescente";"Nevoeiro/Neblina";"Dupla";"Reta";"Sim";2;0;1;0;1;0;1;2;-25,60322779;-49,31793809;"SPRF-PR";"DEL01-PR";"UOP03-DEL01-PR"
220673;2019-07-08;"segunda-feira";"07:00:00";"RS";386;438;"NOVA SANTA RITA";"Falta de Atenção à Condução";"Colisão transversal";"Com Vítimas Feridas";"Amanhecer";"Decrescente";"Céu Claro";"Dupla";"Reta";"Sim";2;0;1;0;1;0;1;2;-29,86284633;-51,25358105;"SPRF-RS";"DEL04-RS";"UOP02-DEL04-RS"
220680;2019-07-08;"segunda-feira";"07:30:00";"RS";158;145,5;"PANAMBI";"Velocidade Incompatível";"Colisão traseira";"Com Vítimas Fatais";"Amanhecer";"Crescente";"Céu Claro";"Simples";"Reta";"Não";3;1;0;0;1;1;0;3;-28,24134706;-53,48065714;"SPRF-RS";"DEL10-RS";"UOP02-DEL10-RS"
220681;2019-07-08;"segunda-feira";"07:20:00";"SC";280;33;"ARAQUARI";"Falta de Atenção à Condução";"Colisão transversal";"Com Vítimas Feridas";"Pleno dia";"Crescente";"Céu Claro";"Simples";"Reta";"Não";4;0;2;0;1;2;2;4;-26,42576441;-48,78741376;"SPRF-SC";"DEL03-SC";"UOP03-DEL03-SC"
220683;2019-07-08;"segunda-feira";"07:45:00";"RS";386;149,5;"ALMIRANTE TAMANDARE DO SUL";"Não guardar distância de segurança";"Colisão frontal";"Com Vítimas Fatais";"Pleno dia";"Decrescente";"Céu Claro";"Simples";"Ponte";"Não";5;2;0;0;2;1;0;5;-28,073166;-52,866364;"SPRF-RS";"DEL08-RS";"UOP01-DEL08-RS"
220689;2019-07-08;"segunda-feira";"04:30:00";"AC";317;115;"SENADOR GUIOMARD";"Velocidade Incompatível";"Tombamento";"Sem Vítimas";"Amanhecer";"Crescente";"Céu Claro";"Simples";"Curva";"Não";2;0;0;0;1;2;0;3;-10,347131;-67,6879991;"SPRF-AC";"DEL01-AC";"UOP01-DEL01-AC"
220690;2019-07-08;"segunda-feira";"07:50:00";"RN";406;84,6;"JOAO CAMARA";"Falta de Atenção à Condução";"Colisão lateral";"Com Vítimas Feridas";"Pleno dia";"Decrescente";"Céu Claro";"Simples";"Reta";"Não";3;0;1;0;1;1;1;3;-5,4474231;-35,95469507;"SPRF-RN";"DEL02-RN";"UOP01-DEL02-RN"
220698;2019-07-08;"segunda-feira";"07:50:00";"PR";163;339;"GUAIRA";"Falta de Atenção à Condução";"Colisão frontal";"Com Vítimas Feridas";"Pleno dia";"Crescente";"Céu Claro";"Simples";"Reta";"Não";8;0;2;3;2;2;5;5;-24,151715;-54,235649;"SPRF-PR";"DEL06-PR";"UOP01-DEL06-PR"
220699;2019-07-08;"segunda-feira";"08:35:00";"PR";369;155;"CAMBE";"Falta de Atenção à Condução";"Atropelamento de Pedestre";"Com Vítimas Feridas";"Pleno dia";"Decrescente";"Céu Claro";"Dupla";"Reta";"Sim";2;0;1;0;1;0;1;2;-23,29534824;-51,30393684;"SPRF-PR";"DEL07-PR";"UOP01-DEL07-PR"
220703;2019-07-08;"segunda-feira";"07:57:00";"ES";101;148,6;"LINHARES";"Falta de Atenção à Condução";"Colisão traseira";"Com Vítimas Feridas";"Pleno dia";"Decrescente";"Nublado";"Dupla";"Interseção de Vias";"Sim";2;0;1;0;1;0;1;2;-19,39619083;-40,06435871;"SPRF-ES";"DEL04-ES";"UOP01-DEL04-ES"
220706;2019-07-08;"segunda-feira";"07:00:00";"SE";101;145,7;"ESTANCIA";"Falta de Atenção à Condução";"Tombamento";"Sem Vítimas";"Pleno dia";"Crescente";"Chuva";"Dupla";"Declive";"Não";2;0;0;0;1;1;0;2;-11,20665403;-37,41238793;"SPRF-SE";"DEL02-SE";"UOP01-DEL02-SE"
220707;2019-07-08;"segunda-feira";"07:55:00";"MG";381;447;"SANTA LUZIA";"Defeito Mecânico no Veículo";"Tombamento";"Sem Vítimas";"Pleno dia";"Decrescente";"Céu Claro";"Simples";"Curva";"Não";1;0;0;0;1;0;0;1;-19,83389278;-43,84712219;"SPRF-MG";"DEL01-MG";"UOP01-DEL01-MG"
220712;2019-07-08;"segunda-feira";"05:40:00";"MT";158;629;"AGUA BOA";"Falta de Atenção à Condução";"Capotamento";"Com Vítimas Feridas";"Amanhecer";"Crescente";"Céu Claro";"Simples";"Reta";"Não";1;0;1;0;0;0;1;1;-14,52498911;-52,30291179;"SPRF-MT";"DEL07-MT";"UOP02-DEL07-MT"
220715;2019-07-08;"segunda-feira";"09:15:00";"PR";376;156,9;"MANDAGUACU";"Não guardar distância de segurança";"Engavetamento";"Com Vítimas Feridas";"Pleno dia";"Crescente";"Céu Claro";"Dupla";"Curva";"Sim";10;0;2;0;8;0;2;8;-23,3431911;-52,09041624;"SPRF-PR";"DEL07-PR";"UOP01-DEL09-PR"
220719;2019-07-08;"segunda-feira";"08:50:00";"MG";381;432;"SABARA";"Falta de Atenção à Condução";"Colisão frontal";"Com Vítimas Feridas";"Pleno dia";"Crescente";"Sol";"Simples";"Curva";"Não";4;0;2;0;1;1;2;3;-19,78964153;-43,70773315;"SPRF-MG";"DEL01-MG";"UOP01-DEL01-MG"
220720;2019-07-08;"segunda-feira";"09:50:00";"MG";146;515,6;"GUAXUPE";"Falta de Atenção à Condução";"Colisão lateral";"Com Vítimas Feridas";"Pleno dia";"Crescente";"Céu Claro";"Simples";"Rotatória";"Não";2;0;1;0;1;0;1;2;-21,28569101;-46,69158547;"SPRF-MG";"DEL16-MG";"UOP01-DEL09-MG"
220722;2019-07-08;"segunda-feira";"10:35:00";"MG";40;469;"SETE LAGOAS";"Falta de Atenção à Condução";"Tombamento";"Com Vítimas Feridas";"Pleno dia";"Crescente";"Céu Claro";"Dupla";"Reta";"Não";2;0;1;0;0;1;1;2;-19,46099279;-44,30121988;"SPRF-MG";"DEL02-MG";"UOP01-DEL02-MG"
220729;2019-07-08;"segunda-feira";"11:30:00";"PR";369;165,9;"CAMBE";"Desobediência às normas de trânsito pelo condutor";"Saída de leito carroçável";"Com Vítimas Feridas";"Pleno dia";"Crescente";"Sol";"Dupla";"Reta;Aclive";"Não";5;0;0;1;4;0;1;4;-23,29511713;-51,30304635;"SPRF-PR";"DEL07-PR";"UOP01-DEL07-PR"
220734;2019-07-08;"segunda-feira";"10:20:00";"PR";376;178;"MARINGA";"Desobediência às normas de trânsito pelo condutor";"Colisão traseira";"Com Vítimas Feridas";"Pleno dia";"Decrescente";"Céu Claro";"Múltipla";"Reta";"Sim";2;0;1;0;1;0;1;2;-23,4192146;-51,91293985;"SPRF-PR";"DEL07-PR";"UOP01-DEL09-PR"
220740;2019-07-08;"segunda-feira";"11:40:00";"PE";101;73,1;"RECIFE";"Velocidade Incompatível";"Colisão lateral";"Com Vítimas Feridas";"Pleno dia";"Decrescente";"Céu Claro";"Dupla";"Curva";"Sim";4;0;1;0;2;1;1;3;-8,102197;-34,94856;"SPRF-PE";"DEL01-PE";"UOP01-DEL01-PE"
220749;2019-06-30;"domingo";"18:25:00";"SC";280;52,7;"GUARAMIRIM";"Falta de Atenção à Condução";"Colisão transversal";"Com Vítimas Feridas";"Anoitecer";"Decrescente";"Nublado";"Simples";"Interseção de Vias";"Sim";3;0;1;0;1;2;1;4;-26,468904;-48,96492;"SPRF-SC";"DEL03-SC";"UOP03-DEL03-SC"
220758;2019-07-08;"segunda-feira";"12:10:00";"MA";135;10,6;"SAO LUIS";"Falta de Atenção à Condução";"Colisão transversal";"Com Vítimas Feridas";"Pleno dia";"Decrescente";"Céu Claro";"Dupla";"Reta";"Sim";3;0;1;1;1;0;2;2;-2,655912;-44,28629098;"SPRF-MA";"DEL01-MA";"UOP01-DEL01-MA"
220781;2019-07-08;"segunda-feira";"16:30:00";"MG";381;633;"OLIVEIRA";"Falta de Atenção à Condução";"Colisão traseira";"Com Vítimas Feridas";"Pleno dia";"Crescente";"Céu Claro";"Dupla";"Reta";"Não";5;0;2;0;2;1;2;4;-20,86933705;-44,84336892;"SPRF-MG";"DEL04-MG";"UOP01-DEL04-MG"
220786;2019-07-08;"segunda-feira";"16:30:00";"RS";116;377,9;"TAPES";"Falta de Atenção à Condução";"Colisão frontal";"Com Vítimas Fatais";"Pleno dia";"Decrescente";"Nublado";"Simples";"Reta";"Não";3;1;0;0;1;1;0;3;-30,74673812;-51,63195186;"SPRF-RS";"DEL02-RS";"UOP03-DEL02-RS"
220787;2019-07-08;"segunda-feira";"17:10:00";"MG";381;358;"JOAO MONLEVADE";"Desobediência às normas de trânsito pelo condutor";"Colisão transversal";"Com Vítimas Feridas";"Anoitecer";"Decrescente";"Céu Claro";"Simples";"Reta";"Sim";2;0;1;0;1;0;1;2;-19,85592801;-43,21689055;"SPRF-MG";"DEL03-MG";"UOP01-DEL03-MG"
220797;2019-07-08;"segunda-feira";"11:30:00";"MT";70;587;"NOSSA SENHORA DO LIVRAMENTO";"Falta de Atenção à Condução";"Colisão frontal";"Com Vítimas Fatais";"Pleno dia";"Decrescente";"Céu Claro";"Simples";"Reta";"Não";2;1;0;0;1;0;0;2;-15,78361933;-56,62178887;"SPRF-MT";"DEL03-MT";"UOP02-DEL03-MT"
220817;2019-07-08;"segunda-feira";"19:40:00";"RJ";101;39,4;"CAMPOS DOS GOYTACAZES";"Ingestão de Álcool";"Colisão frontal";"Com Vítimas Feridas";"Plena Noite";"Decrescente";"Céu Claro";"Simples";"Reta";"Não";2;0;1;0;1;0;1;2;-21,5418371;-41,34113017;"SPRF-RJ";"DEL08-RJ";"UOP01-DEL08-RJ"
220821;2019-06-15;"sábado";"09:00:00";"PR";280;300,5;"FLOR DA SERRA DO SUL";"Desobediência às normas de trânsito pelo condutor";"Colisão transversal";"Com Vítimas Feridas";"Pleno dia";"Crescente";"Céu Claro";"Simples";"Reta";"Não";3;0;2;0;0;1;2;3;-26,26145008;-53,39793598;"SPRF-PR";"DEL02-PR";"UOP01-DEL02-PR"
220830;2019-07-08;"segunda-feira";"19:30:00";"MG";116;444,3;"ENGENHEIRO CALDAS";"Condutor Dormindo";"Colisão frontal";"Com Vítimas Feridas";"Plena Noite";"Crescente";"Céu Claro";"Simples";"Curva";"Não";3;0;2;0;1;0;2;2;-19,100505;-42,007034;"SPRF-MG";"DEL06-MG";"UOP02-DEL06-MG"
220833;2019-07-08;"segunda-feira";"12:35:00";"MA";10;261,5;"IMPERATRIZ";"Não guardar distância de segurança";"Colisão traseira";"Sem Vítimas";"Pleno dia";"Crescente";"Nublado";"Simples";"Reta";"Sim";2;0;0;0;2;0;0;2;-5,454371;-47,472439;"SPRF-MA";"DEL04-MA";"UOP01-DEL04-MA"
220834;2019-07-08;"segunda-feira";"08:30:00";"MG";116;411;"GOVERNADOR VALADARES";"Desobediência às normas de trânsito pelo condutor";"Colisão transversal";"Com Vítimas Feridas";"Pleno dia";"Decrescente";"Sol";"Dupla";"Reta";"Sim";2;0;0;1;1;0;1;2;-18,85714307;-41,9750315;"SPRF-MG";"DEL06-MG";"UOP01-DEL06-MG"
220837;2019-07-08;"segunda-feira";"18:30:00";"GO";153;544;"PIRACANJUBA";"Falta de Atenção à Condução";"Colisão lateral";"Sem Vítimas";"Anoitecer";"Decrescente";"Céu Claro";"Dupla";"Reta";"Não";3;0;0;0;2;1;0;3;-17,0895;-49,2208;"SPRF-GO";"DEL01-GO";"UOP03-DEL01-GO"
220840;2019-07-08;"segunda-feira";"20:20:00";"BA";324;462;"CANDEAL";"Falta de Atenção à Condução";"Colisão traseira";"Com Vítimas Fatais";"Plena Noite";"Decrescente";"Chuva";"Simples";"Reta";"Sim";17;2;10;5;0;0;15;2;-11,94031714;-39,21490307;"SPRF-BA";"DEL02-BA";"UOP01-DEL02-BA"
220846;2019-07-08;"segunda-feira";"13:10:00";"RJ";495;12;"PETROPOLIS";"Velocidade Incompatível";"Colisão frontal";"Sem Vítimas";"Pleno dia";"Decrescente";"Céu Claro";"Simples";"Curva";"Não";2;0;0;0;2;0;0;2;-22,408934;-43,044971;"SPRF-RJ";"DEL06-RJ";"UOP02-DEL05-RJ"
220847;2019-07-08;"segunda-feira";"20:24:00";"GO";50;234,5;"CATALAO";"Falta de Atenção à Condução";"Colisão traseira";"Com Vítimas Feridas";"Plena Noite";"Decrescente";"Céu Claro";"Dupla";"Aclive";"Não";4;0;1;1;1;1;2;3;-17,8361;-47,7727;"SPRF-GO";"DEL06-GO";"UOP01-DEL06-GO"
220852;2019-07-08;"segunda-feira";"17:30:00";"MG";365;408;"PATOS DE MINAS";"Falta de Atenção à Condução";"Colisão frontal";"Com Vítimas Feridas";"Anoitecer";"Crescente";"Céu Claro";"Simples";"Reta";"Não";2;0;1;0;1;0;1;2;-18,63956616;-46,4926064;"SPRF-MG";"DEL10-MG";"UOP01-DEL10-MG"
220853;2019-07-08;"segunda-feira";"19:30:00";"SP";116;337,4;"JUQUITIBA";"Falta de Atenção do Pedestre";"Atropelamento de Pedestre";"Com Vítimas Fatais";"Plena Noite";"Crescente";"Ignorado";"Dupla";"Reta";"Não";3;1;0;0;1;1;0;3;-23,98466461;-47,14726925;"SPRF-SP";"DEL04-SP";"UOP03-DEL04-SP"