"id";"data_inversa";"dia_semana";"horario";"uf";"br";"km";"municipio";"causa_acidente";"tipo_acidente";"classificacao_acidente";"fase_dia";"sentido_via";"condicao_metereologica";"tipo_pista";"tracado_via";"uso_solo";"pessoas";"mortos";"feridos_leves";"feridos_graves";"ilesos";"ignorados";"feridos";"veiculos";"latitude";"longitude";"regional";"delegacia";"uop"
220854;2019-07-08;"segunda-feira";"21:00:00";"PR";476;149;"ARAUCARIA";"Desobediência às normas de trânsito pelo condutor";"Colisão transversal";"Com Vítimas Feridas";"Plena Noite";"Decrescente";"Nublado";"Dupla";"Reta";"Não";3;0;1;1;1;0;2;2;-25,557926;-49,358585;"SPRF-PR";"DEL01-PR";"UOP06-DEL01-PR"
220865;2019-07-09;"terça-feira";"03:00:00";"PE";116;5,7;"SALGUEIRO";"Velocidade Incompatível";"Tombamento";"Com Vítimas Feridas";"Plena Noite";"Decrescente";"Céu Claro";"Simples";"Curva";"Não";1;0;0;1;0;0;1;1;-7,896859;-39,110252;"SPRF-PE";"DEL05-PE";"UOP01-DEL05-PE"
220871;2019-07-09;"terça-feira";"05:30:00";"SE";235;4;"NOSSA SENHORA DO SOCORRO";"Falta de Atenção à Condução";"Colisão traseira";"Com Vítimas Feridas";"Pleno dia";"Decrescente";"Chuva";"Dupla";"Reta";"Não";4;0;1;0;2;2;1;4;-10,9064;-37,1197;"SPRF-SE";"DEL01-SE";"UOP01-DEL01-SE"
220872;2019-07-09;"terça-feira";"06:30:00";"SP";116;155,3;"SAO JOSE DOS CAMPOS";"Desobediência às normas de trânsito pelo condutor";"Colisão traseira";"Com Vítimas Feridas";"Amanhecer";"Decrescente";"Céu Claro";"Múltipla";"Reta";"Sim";6;0;2;0;2;2;2;5;-23,24524337;-45,92772774;"SPRF-SP";"DEL02-SP";"UOP01-DEL02-SP"
220874;2019-07-09;"terça-feira";"06:20:00";"RS";386;375,2;"TAQUARI";"Desobediência às normas de trânsito pelo condutor";"Colisão transversal";"Com Vítimas Feridas";"Plena Noite";"Crescente";"Nevoeiro/Neblina";"Dupla";"Rotatória";"Não";2;0;1;0;1;0;1;2;-29,616631;-51,78643;"SPRF-RS";"DEL04-RS";"UOP02-DEL04-RS"
220877;2019-07-09;"terça-feira";"07:40:00";"RJ";116;184;"NOVA IGUACU";"Falta de Atenção à Condução";"Colisão lateral";"Com Vítimas Feridas";"Pleno dia";"Decrescente";"Céu Claro";"Dupla";"Reta";"Sim";3;0;2;0;1;0;2;2;-22,74647215;-43,44594311;"SPRF-RJ";"DEL01-RJ";"UOP03-DEL01-RJ"
220881;2019-07-09;"terça-feira";"08:20:00";"BA";407;80;"JAGUARARI";"Defeito Mecânico no Veículo";"Colisão transversal";"Com Vítimas Feridas";"Pleno dia";"Crescente";"Céu Claro";"Simples";"Reta";"Não";3;0;1;0;1;1;1;3;-10,06058895;-40,23036221;"SPRF-BA";"DEL04-BA";"UOP01-DEL04-BA"
220886;2019-07-09;"terça-feira";"07:44:00";"MS";163;413,1;"NOVA ALVORADA DO SUL";"Desobediência às normas de trânsito pelo condutor";"Colisão frontal";"Com Vítimas Feridas";"Pleno dia";"Decrescente";"Céu Claro";"Simples";"Reta";"Não";3;0;1;0;2;0;1;2;-21,052690912;-54,49878238;"SPRF-MS";"DEL02-MS";"UOP01-DEL02-MS"
220893;2019-07-09;"terça-feira";"09:50:00";"MG";381;508,2;"SAO JOAQUIM DE BICAS";"Velocidade Incompatível";"Colisão traseira";"Com Vítimas Feridas";"Pleno dia";"Decrescente";"Sol";"Dupla";"Reta";"Sim";5;0;2;1;1;1;3;4;-20,06086952;-44,29153204;"SPRF-MG";"DEL01-MG";"UOP03-DEL01-MG"
220894;2019-07-09;"terça-feira";"09:35:00";"GO";153;492;"GOIANIA";"Falta de Atenção à Condução";"Colisão lateral";"Sem Vítimas";"Pleno dia";"Crescente";"Sol";"Dupla";"Reta";"Sim";3;0;0;0;2;2;0;4;-16,6461;-49,2114;"SPRF-GO";"DEL01-GO";"UOP01-DEL01-GO"
220901;2019-07-09;"terça-feira";"10:00:00";"PE";101;81,9;"JABOATAO DOS GUARARAPES";"Falta de Atenção à Condução";"Colisão traseira";"Sem Vítimas";"Pleno dia";"Crescente";"Céu Claro";"Múltipla";"Reta";"Sim";2;0;0;0;2;0;0;2;-8,1597489;-34,94024569;"SPRF-PE";"DEL01-PE";"UOP03-DEL01-PE"
220906;2019-07-02;"terça-feira";"09:55:00";"MS";163;773;"COXIM";"Falta de Atenção do Pedestre";"Atropelamento de Pedestre";"Com Vítimas Feridas";"Pleno dia";"Decrescente";"Céu Claro";"Simples";"Declive;Curva";"Não";2;0;0;1;1;0;1;2;-18,14861824;-54,67704221;"SPRF-MS";"DEL06-MS";"UOP01-DEL06-MS"
220913;2019-07-09;"terça-feira";"11:20:00";"MG";381;2;"BETIM";"Não guardar distância de segurança";"Saída de leito carroçável";"Com Vítimas Feridas";"Pleno dia";"Crescente";"Céu Claro";"Dupla";"Reta";"Não";2;0;1;0;1;0;1;1;-19,95947688;-44,15416308;"SPRF-MG";"DEL01-MG";"UOP03-DEL01-MG"
220914;2019-07-09;"terça-feira";"12:00:00";"PE";104;84;"AGRESTINA";"Falta de Atenção à Condução";"Colisão traseira";"Com Vítimas Feridas";"Pleno dia";"Decrescente";"Sol";"Simples";"Reta";"Não";4;0;2;0;2;0;2;3;-8,430662;-35,959164;"SPRF-PE";"DEL02-PE";"UOP01-DEL02-PE"
220919;2019-07-09;"terça-feira";"11:05:00";"MG";116;706;"MURIAE";"Falta de Atenção à Condução";"Colisão lateral";"Com Vítimas Feridas";"Pleno dia";"Crescente";"Sol";"Simples";"Interseção de Vias";"Sim";2;0;1;0;1;0;1;2;-21,1383298;-42,38559279;"SPRF-MG";"DEL07-MG";"UOP02-DEL07-MG"
220924;2019-07-09;"terça-feira";"12:45:00";"SC";101;348,1;"JAGUARUNA";"Falta de Atenção à Condução";"Colisão transversal";"Com Vítimas Feridas";"Pleno dia";"Decrescente";"Céu Claro";"Múltipla";"Reta";"Sim";2;0;1;0;1;0;1;2;-28,57317505;-49,05292143;"SPRF-SC";"DEL02-SC";"UOP01-DEL02-SC"
220930;2019-07-09;"terça-feira";"08:05:00";"SC";282;530,1;"CORDILHEIRA ALTA";"Desobediência às normas de trânsito pelo condutor";"Saída de leito carroçável";"Sem Vítimas";"Pleno dia";"Crescente";"Sol";"Simples";"Interseção de Vias";"Sim";2;0;0;0;2;0;0;2;-26,986555;-52,60524;"SPRF-SC";"DEL07-SC";"UOP01-DEL07-SC"
220933;2019-07-09;"terça-feira";"08:00:00";"BA";101;535;"SAO JOSE DA VITORIA";"Falta de Atenção à Condução";"Saída de leito carroçável";"Com Vítimas Feridas";"Pleno dia";"Decrescente";"Céu Claro";"Simples";"Curva";"Não";2;0;2;0;0;0;2;1;-15,15775202;-39,41074199;"SPRF-BA";"DEL05-BA";"UOP01-DEL05-BA"
220934;2019-07-09;"terça-feira";"13:30:00";"SE";235;0,4;"ARACAJU";"Falta de Atenção à Condução";"Colisão traseira";"Com Vítimas Feridas";"Pleno dia";"Decrescente";"Chuva";"Múltipla";"Reta";"Sim";4;0;2;0;2;0;2;2;-10,9087;-37,0855;"SPRF-SE";"DEL01-SE";"UOP01-DEL01-SE"
220941;2019-07-09;"terça-feira";"13:20:00";"RS";290;79;"GRAVATAI";"Falta de Atenção à Condução";"Colisão traseira";"Com Vítimas Feridas";"Pleno dia";"Crescente";"Sol";"Dupla";"Reta";"Não";3;0;1;0;1;1;1;3;-29,952908;-51,048054;"SPRF-RS";"DEL01-RS";"UOP01-DEL01-RS"
220944;2019-07-09;"terça-feira";"14:20:00";"MG";40;475;"SETE LAGOAS";"Falta de Atenção à Condução";"Colisão traseira";"Com Vítimas Feridas";"Pleno dia";"Decrescente";"Céu Claro";"Dupla";"Reta";"Sim";2;0;1;0;1;0;1;2;-19,50551591;-44,27423377;"SPRF-MG";"DEL02-MG";"UOP01-DEL02-MG"
220946;2019-07-09;"terça-feira";"14:15:00";"SC";282;5,9;"SAO JOSE";"Ingestão de Álcool";"Colisão com objeto estático";"Com Vítimas Feridas";"Pleno dia";"Crescente";"Sol";"Dupla";"Curva";"Sim";7;0;1;2;3;1;3;5;-27,588425;-48,612919;"SPRF-SC";"DEL01-SC";"UOP01-DEL01-SC"
220947;2019-07-09;"terça-feira";"13:15:00";"RO";319;63,9;"PORTO VELHO";"Falta de Atenção à Condução";"Colisão lateral";"Sem Vítimas";"Pleno dia";"Decrescente";"Céu Claro";"Dupla";"Reta";"Sim";3;0;0;0;2;3;0;5;-8,766685;-63,884052;"SPRF-RO";"DEL01-RO";"UOP01-DEL01-RO"
220948;2019-07-09;"terça-feira";"15:03:00";"GO";60;178,8;"ABADIA DE GOIAS";"Falta de Atenção à Condução";"Colisão lateral";"Com Vítimas Feridas";"Pleno dia";"Crescente";"Sol";"Dupla";"Aclive";"Não";5;0;3;0;1;1;3;3;-16,7602;-49,4578;"SPRF-GO";"DEL01-GO";"UOP02-DEL01-GO"
220961;2019-07-09;"terça-feira";"13:40:00";"RJ";356;85;"CARDOSO MOREIRA";"Velocidade Incompatível";"Saída de leito carroçável";"Sem Vítimas";"Pleno dia";"Crescente";"Céu Claro";"Simples";"Curva";"Não";2;0;0;0;1;1;0;2;-21,483525;-41,647646;"SPRF-RJ";"DEL08-RJ";"UOP03-DEL08-RJ"
220969;2019-07-09;"terça-feira";"13:45:00";"BA";135;183;"BARREIRAS";"Falta de Atenção à Condução";"Tombamento";"Com Vítimas Feridas";"Pleno dia";"Decrescente";"Céu Claro";"Simples";"Reta";"Não";3;0;1;1;0;1;2;2;-12,17502398;-45,00985929;"SPRF-BA";"DEL10-BA";"UOP01-DEL10-BA"
220972;2019-07-09;"terça-feira";"16:45:00";"RS";386;180;"CARAZINHO";"Desobediência às normas de trânsito pelo condutor";"Colisão transversal";"Com Vítimas Feridas";"Pleno dia";"Decrescente";"Sol";"Simples";"Interseção de Vias";"Sim";5;0;3;0;1;1;3;3;-28,300436;-52,744934;"SPRF-RS";"DEL08-RS";"UOP01-DEL08-RS"
220976;2019-07-09;"terça-feira";"16:45:00";"GO";60;92,8;"ANAPOLIS";"Falta de Atenção à Condução";"Colisão traseira";"Com Vítimas Feridas";"Pleno dia";"Crescente";"Céu Claro";"Dupla";"Reta";"Sim";2;0;1;0;1;0;1;2;-16,353;-48,9178;"SPRF-GO";"DEL02-GO";"UOP01-DEL02-GO"
220977;2019-07-09;"terça-feira";"09:30:00";"BA";110;347;"ALAGOINHAS";"Defeito Mecânico no Veículo";"Colisão lateral";"Sem Vítimas";"Pleno dia";"Crescente";"Garoa/Chuvisco";"Simples";"Declive";"Não";3;0;0;0;2;1;0;3;-12,26355197;-38,38133197;"SPRF-BA";"DEL01-BA";"UOP04-DEL01-BA"
220983;2019-07-09;"terça-feira";"17:25:00";"PR";277;304,3;"PRUDENTOPOLIS";"Defeito Mecânico no Veículo";"Tombamento";"Com Vítimas Feridas";"Pleno dia";"Decrescente";"Sol";"Simples";"Curva";"Não";5;0;3;1;0;2;4;5;-25,31217943;-51,18343592;"SPRF-PR";"DEL03-PR";"UOP01-DEL03-PR"
220984;2019-07-09;"terça-feira";"17:45:00";"RS";158;310,7;"ITAARA";"Desobediência às normas de trânsito pelo condutor";"Colisão transversal";"Com Vítimas Feridas";"Anoitecer";"Decrescente";"Céu Claro";"Simples";"Reta;Declive";"Sim";5;0;2;0;1;3;2;5;-29,61237001;-53,76663196;"SPRF-RS";"DEL09-RS";"UOP01-DEL09-RS"
220995;2019-07-09;"terça-feira";"18:30:00";"MG";381;938;"EXTREMA";"Velocidade Incompatível";"Tombamento";"Sem Vítimas";"Anoitecer";"Decrescente";"Céu Claro";"Dupla";"Retorno Regulamentado";"Sim";2;0;0;0;1;1;0;2;-22,83909203;-46,32850893;"SPRF-MG";"DEL16-MG";"UOP03-DEL16-MG"
221002;2019-07-09;"terça-feira";"19:05:00";"MG";381;483;"BETIM";"Falta de Atenção à Condução";"Colisão traseira";"Com Vítimas Feridas";"Plena Noite";"Crescente";"Céu Claro";"Dupla";"Curva;Declive";"Sim";3;0;1;0;1;1;1;2;-19,95594491;-44,10721699;"SPRF-MG";"DEL01-MG";"UOP03-DEL01-MG"
221008;2019-07-09;"terça-feira";"18:50:00";"ES";101;227,3;"FUNDAO";"Desobediência às normas de trânsito pelo condutor";"Colisão lateral";"Com Vítimas Feridas";"Plena Noite";"Decrescente";"Nublado";"Simples";"Reta";"Não";6;0;0;1;4;3;1;8;-19,909845;-40,406837;"SPRF-ES";"DEL02-ES";"UOP01-DEL02-ES"
221012;2019-07-09;"terça-feira";"17:20:00";"MG";116;581,2;"MANHUACU";"Ultrapassagem Indevida";"Colisão lateral";"Com Vítimas Feridas";"Anoitecer";"Crescente";"Céu Claro";"Simples";"Curva";"Não";5;0;2;0;2;1;2;4;-20,19603401;-42,18344405;"SPRF-MG";"DEL06-MG";"UOP03-DEL06-MG"
221020;2019-07-09;"terça-feira";"20:00:00";"BA";101;37;"ESPLANADA";"Falta de Atenção do Pedestre";"Atropelamento de Pedestre";"Com Vítimas Fatais";"Plena Noite";"Crescente";"Chuva";"Simples";"Aclive;Reta";"Sim";2;1;0;0;0;1;0;2;-11,83041202;-37,99123193;"SPRF-SE";"DEL02-SE";"UOP03-DEL02-SE"
221021;2019-07-09;"terça-feira";"21:00:00";"PR";277;601,9;"CASCAVEL";"Desobediência às normas de trânsito pelo condutor";"Colisão lateral";"Com Vítimas Feridas";"Plena Noite";"Decrescente";"Céu Claro";"Dupla";"Aclive;Reta";"Não";3;0;2;0;1;0;2;2;-25,02444941;-53,55128203;"SPRF-PR";"DEL04-PR";"UOP01-DEL04-PR"
221023;2019-07-09;"terça-feira";"18:25:00";"MT";163;686;"LUCAS DO RIO VERDE";"Falta de Atenção à Condução";"Colisão transversal";"Com Vítimas Feridas";"Plena Noite";"Decrescente";"Céu Claro";"Simples";"Curva";"Sim";5;0;1;0;3;1;1;3;-13,0852698;-55,94176244;"SPRF-MT";"DEL06-MT";"UOP01-DEL06-MT"
221033;2019-07-09;"terça-feira";"21:20:00";"MG";153;81;"PRATA";"Condutor Dormindo";"Colisão traseira";"Com Vítimas Feridas";"Plena Noite";"Crescente";"Céu Claro";"Simples";"Reta";"Não";4;0;1;0;2;7;1;10;-19,05627684;-49,01052475;"SPRF-MG";"DEL15-MG";"UOP03-DEL15-MG"
221034;2019-07-09;"terça-feira";"20:50:00";"PR";376;156,3;"MANDAGUACU";"Defeito Mecânico no Veículo";"Incêndio";"Sem Vítimas";"Plena Noite";"Crescente";"Céu Claro";"Dupla";"Reta";"Sim";1;0;0;0;1;0;0;1;-23,33985;-52,0945;"SPRF-PR";"DEL07-PR";"UOP01-DEL09-PR"
221036;2019-07-09;"terça-feira";"22:30:00";"MG";262;913;"CAMPO FLORIDO";"Falta de Atenção à Condução";"Tombamento";"Com Vítimas Feridas";"Plena Noite";"Crescente";"Céu Claro";"Simples";"Reta";"Não";2;0;1;0;0;1;1;2;-19,629816;-48,84921;"SPRF-MG";"DEL13-MG";"UOP02-DEL13-MG"
221038;2019-07-09;"terça-feira";"11:50:00";"RO";364;580;"ITAPUA DO OESTE";"Falta de Atenção à Condução";"Tombamento";"Com Vítimas Feridas";"Pleno dia";"Crescente";"Céu Claro";"Simples";"Declive;Reta";"Não";2;0;1;0;0;1;1;2;-9,39761402;-63,12653109;"SPRF-RO";"DEL03-RO";"UOP04-DEL01-RO"
221039;2019-07-09;"terça-feira";"14:50:00";"RS";287;363;"JAGUARI";"Velocidade Incompatível";"Tombamento";"Sem Vítimas";"Pleno dia";"Decrescente";"Céu Claro";"Simples";"Curva";"Não";2;0;0;0;1;3;0;4;-29,4341969;-54,72607613;"SPRF-RS";"DEL12-RS";"UOP02-DEL12-RS"
221040;2019-07-09;"terça-feira";"17:35:00";"PA";10;196;"IPIXUNA DO PARA";"Avarias e/ou desgaste excessivo no pneu";"Tombamento";"Sem Vítimas";"Anoitecer";"Decrescente";"Céu Claro";"Simples";"Reta";"Não";1;0;0;0;1;0;0;1;-2,716578;-47,46557899;"SPRF-PA";"DEL02-PA";"UOP01-DEL02-PA"
221043;2019-07-05;"sexta-feira";"18:10:00";"GO";40;9,8;"LUZIANIA";"Velocidade Incompatível";"Saída de leito carroçável";"Com Vítimas Feridas";"Anoitecer";"Decrescente";"Chuva";"Dupla";"Reta";"Não";1;0;1;0;0;0;1;1;-16,131158;-47,957739;"SPRF-DF";"DEL01-DF";"UOP01-DEL01-DF"
221047;2019-07-09;"terça-feira";"15:30:00";"MT";163;543;"DIAMANTINO";"Falta de Atenção à Condução";"Colisão lateral";"Com Vítimas Feridas";"Pleno dia";"Decrescente";"Céu Claro";"Simples";"Reta";"Não";3;0;1;0;0;2;1;3;-14,36459123;-56,14081519;"SPRF-MT";"DEL01-MT";"UOP01-DEL01-MT"
221049;2019-07-10;"quarta-feira";"01:40:00";"ES";101;310,6;"VIANA";"Condutor Dormindo";"Colisão frontal";"Com Vítimas Fatais";"Plena Noite";"Crescente";"Nublado";"Simples";"Reta";"Não";3;1;0;0;1;1;0;3;-20,42590098;-40,46036505;"SPRF-ES";"DEL03-ES";"UOP01-DEL03-ES"
221053;2019-07-10;"quarta-feira";"04:15:00";"SP";116;156,6;"SAO JOSE DOS CAMPOS";"Defeito Mecânico no Veículo";"Colisão traseira";"Sem Vítimas";"Plena Noite";"Crescente";"Nevoeiro/Neblina";"Dupla";"Reta";"Não";2;0;0;0;2;0;0;2;-23,25581715;-45,94452918;"SPRF-SP";"DEL02-SP";"UOP01-DEL02-SP"
221054;2019-07-10;"quarta-feira";"02:45:00";"RJ";393;114,7;"SAPUCAIA";"Condutor Dormindo";"Tombamento";"Com Vítimas Feridas";"Plena Noite";"Crescente";"Céu Claro";"Simples";"Curva";"Não";1;0;0;1;0;0;1;1;-21,90846963;-42,73541595;"SPRF-RJ";"DEL06-RJ";"UOP01-DEL05-RJ"
221057;2019-07-10;"quarta-feira";"04:30:00";"MT";163;1025,5;"PEIXOTO DE AZEVEDO";"Falta de Atenção do Pedestre";"Atropelamento de Pedestre";"Com Vítimas Fatais";"Plena Noite";"Crescente";"Céu Claro";"Simples";"Declive";"Sim";2;1;0;0;0;1;0;2;-10;-54;"SPRF-MT";"DEL06-MT";"UOP02-DEL06-MT"
221058;2019-07-10;"quarta-feira";"06:05:00";"RS";290;75;"GRAVATAI";"Falta de Atenção à Condução";"Tombamento";"Sem Vítimas";"Plena Noite";"Crescente";"Nevoeiro/Neblina";"Dupla";"Curva";"Não";1;0;0;0;1;0;0;1;-29,95521;-51,006855;"SPRF-RS";"DEL01-RS";"UOP01-DEL01-RS"
221060;2019-07-10;"quarta-feira";"06:25:00";"GO";20;106,8;"FLORES DE GOIAS";"Falta de Atenção à Condução";"Colisão lateral";"Com Vítimas Fatais";"Pleno dia";"Crescente";"Céu Claro";"Simples";"Reta";"Não";6;2;0;1;2;1;1;3;-14,914956;-46,94873;"SPRF-DF";"DEL02-DF";"UOP03-DEL02-DF"
221071;2019-07-10;"quarta-feira";"07:30:00";"MG";381;921;"ITAPEVA";"Velocidade Incompatível";"Tombamento";"Com Vítimas Feridas";"Pleno dia";"Crescente";"Céu Claro";"Dupla";"Curva";"Não";2;0;0;1;0;1;1;2;-22,7680939;-46,20854399;"SPRF-MG";"DEL16-MG";"UOP03-DEL16-MG"
221074;2019-07-10;"quarta-feira";"07:55:00";"GO";153;496,2;"GOIANIA";"Desobediência às normas de trânsito pelo condutor";"Colisão lateral";"Com Vítimas Feridas";"Pleno dia";"Crescente";"Sol";"Dupla";"Viaduto;Reta";"Sim";3;0;1;0;2;0;1;3;-16,6776;-49,2314;"SPRF-GO";"DEL01-GO";"UOP01-DEL01-GO"
221080;2019-07-10;"quarta-feira";"06:40:00";"MG";262;452;"NOVA SERRANA";"Falta de Atenção à Condução";"Colisão transversal";"Com Vítimas Feridas";"Pleno dia";"Crescente";"Sol";"Simples";"Reta";"Não";3;0;1;0;1;1;1;3;-19,85998384;-45,00696635;"SPRF-MG";"DEL08-MG";"UOP03-DEL08-MG"
221082;2019-07-10;"quarta-feira";"08:20:00";"SC";470;33,4;"GASPAR";"Desobediência às normas de trânsito pelo condutor";"Tombamento";"Com Vítimas Feridas";"Pleno dia";"Crescente";"Céu Claro";"Simples";"Reta";"Sim";2;0;1;0;1;0;1;2;-26,906223;-48,940575;"SPRF-SC";"DEL04-SC";"UOP01-DEL04-SC"
221083;2019-07-10;"quarta-feira";"08:45:00";"SC";470;124,5;"IBIRAMA";"Desobediência às normas de trânsito pelo condutor";"Colisão traseira";"Com Vítimas Feridas";"Pleno dia";"Crescente";"Sol";"Simples";"Reta";"Não";4;0;1;0;3;0;1;4;-27,113192;-49,529163;"SPRF-SC";"DEL04-SC";"UOP02-DEL04-SC"
221084;2019-07-10;"quarta-feira";"08:15:00";"PR";277;518,2;"GUARANIACU";"Desobediência às normas de trânsito pelo condutor";"Colisão transversal";"Com Vítimas Feridas";"Pleno dia";"Crescente";"Sol";"Simples";"Rotatória;Reta";"Sim";3;0;0;1;1;1;1;3;-25,11240772;-52,83208297;"SPRF-PR";"DEL04-PR";"UOP04-DEL04-PR"
221089;2019-07-10;"quarta-feira";"08:00:00";"SC";101;456,7;"SAO JOAO DO SUL";"Falta de Atenção à Condução";"Colisão lateral";"Sem Vítimas";"Pleno dia";"Crescente";"Céu Claro";"Dupla";"Reta";"Não";5;0;0;0;5;0;0;2;-29,22330598;-49,76018824;"SPRF-SC";"DEL02-SC";"UOP02-DEL02-SC"
221090;2019-03-18;"segunda-feira";"08:05:00";"PA";163;628;"TRAIRAO";"Ingestão de Álcool";"Colisão lateral";"Com Vítimas Feridas";"Pleno dia";"Decrescente";"Céu Claro";"Simples";"Reta";"Não";3;0;1;0;1;2;1;4;-4,6849168;-55,97681943;"SPRF-PA";"DEL05-PA";"UOP01-DEL05-PA"
221093;2019-07-10;"quarta-feira";"09:20:00";"AL";316;250;"PILAR";"Falta de Atenção à Condução";"Colisão lateral";"Com Vítimas Feridas";"Pleno dia";"Crescente";"Céu Claro";"Simples";"Reta";"Não";2;0;1;0;1;0;1;2;-9,55605726;-35,97591943;"SPRF-AL";"DEL01-AL";"UOP01-DEL01-AL"
221095;2019-07-10;"quarta-feira";"08:20:00";"RS";116;338;"BARRA DO RIBEIRO";"Não guardar distância de segurança";"Colisão traseira";"Com Vítimas Feridas";"Pleno dia";"Crescente";"Céu Claro";"Simples";"Reta";"Não";4;0;1;0;2;1;1;3;-30,43867711;-51,47955282;"SPRF-RS";"DEL02-RS";"UOP03-DEL02-RS"
221097;2019-07-10;"quarta-feira";"08:50:00";"SC";282;73,1;"RANCHO QUEIMADO";"Falta de Atenção à Condução";"Colisão traseira";"Com Vítimas Feridas";"Pleno dia";"Decrescente";"Céu Claro";"Simples";"Reta";"Não";2;0;1;0;1;0;1;2;-27,681437;-49,113388;"SPRF-SC";"DEL01-SC";"UOP03-DEL01-SC"
221103;2019-07-08;"segunda-feira";"11:50:00";"RS";386;327,5;"MARQUES DE SOUZA";"Falta de Atenção à Condução";"Colisão frontal";"Com Vítimas Feridas";"Pleno dia";"Decrescente";"Céu Claro";"Simples";"Curva";"Não";3;0;1;0;1;1;1;3;-29,334064;-52,096725;"SPRF-RS";"DEL04-RS";"UOP01-DEL04-RS"
221104;2019-07-10;"quarta-feira";"09:30:00";"SP";116;270,5;"TABOAO DA SERRA";"Falta de Atenção à Condução";"Colisão traseira";"Com Vítimas Feridas";"Pleno dia";"Decrescente";"Sol";"Dupla";"Reta";"Sim";2;0;1;0;0;1;1;2;-23,60759726;-46,76174018;"SPRF-SP";"DEL04-SP";"UOP01-DEL04-SP"
221106;2019-07-10;"quarta-feira";"10:20:00";"RN";405;1,8;"MOSSORO";"Defeito Mecânico no Veículo";"Colisão traseira";"Sem Vítimas";"Pleno dia";"Crescente";"Nublado";"Dupla";"Reta";"Sim";3;0;0;0;3;0;0;3;-5,19170196;-37,361471;"SPRF-RN";"DEL04-RN";"UOP02-DEL04-RN"
221112;2019-07-10;"quarta-feira";"07:20:00";"MG";381;302;"ANTONIO DIAS";"Defeito Mecânico no Veículo";"Colisão traseira";"Com Vítimas Feridas";"Pleno dia";"Decrescente";"Céu Claro";"Simples";"Em Obras;Declive;Reta";"Não";4;0;0;1;2;1;1;3;-19,64614211;-42,91069811;"SPRF-MG";"DEL03-MG";"UOP02-DEL03-MG"
221114;2019-07-10;"quarta-feira";"09:10:00";"TO";153;465,3;"BARROLANDIA";"Não guardar distância de segurança";"Colisão traseira";"Sem Vítimas";"Pleno dia";"Crescente";"Céu Claro";"Simples";"Aclive;Reta";"Não";4;0;0;0;3;2;0;5;-9,957962;-48,74406002;"SPRF-TO";"DEL02-TO";"UOP01-DEL01-TO"
221118;2019-07-09;"terça-feira";"18:25:00";"ES";101;145,8;"LINHARES";"Restrição de Visibilidade";"Colisão lateral";"Com Vítimas Feridas";"Plena Noite";"Decrescente";"Nublado";"Simples";"Reta";"Sim";2;0;1;0;1;0;1;2;-19,36089598;-40,06464018;"SPRF-ES";"DEL04-ES";"UOP01-DEL04-ES"
221120;2019-07-10;"quarta-feira";"10:15:00";"RO";364;512;"ARIQUEMES";"Falta de Atenção à Condução";"Colisão frontal";"Com Vítimas Feridas";"Pleno dia";"Crescente";"Céu Claro";"Simples";"Reta";"Não";4;0;1;0;2;1;1;3;-9,95093501;-63,05095013;"SPRF-RO";"DEL03-RO";"UOP01-DEL03-RO"
221122;2019-07-10;"quarta-feira";"11:40:00";"PB";101;107;"ALHANDRA";"Falta de Atenção à Condução";"Colisão transversal";"Com Vítimas Feridas";"Pleno dia";"Crescente";"Céu Claro";"Dupla";"Reta";"Não";4;0;1;1;1;1;2;3;-7,32549201;-34,94709877;"SPRF-PB";"DEL01-PB";"UOP01-DEL01-PB"
221124;2019-07-10;"quarta-feira";"11:00:00";"MS";158;118,3;"APARECIDA DO TABOADO";"Ingestão de Álcool";"Colisão traseira";"Com Vítimas Feridas";"Pleno dia";"Crescente";"Céu Claro";"Simples";"Reta";"Não";2;0;0;1;1;0;1;2;-19,84856616;-51,11706667;"SPRF-MS";"DEL08-MS";"UOP01-DEL08-MS"
221127;2019-07-10;"quarta-feira";"11:20:00";"MT";70;501;"CUIABA";"Não guardar distância de segurança";"Colisão traseira";"Com Vítimas Feridas";"Pleno dia";"Crescente";"Céu Claro";"Simples";"Reta";"Não";3;0;1;0;1;1;1;3;-15,67848081;-55,93160992;"SPRF-MT";"DEL02-MT";"UOP02-DEL01-MT"
221130;2019-07-10;"quarta-feira";"12:20:00";"ES";262;4;"CARIACICA";"Falta de Atenção à Condução";"Colisão traseira";"Com Vítimas Feridas";"Pleno dia";"Decrescente";"Céu Claro";"Dupla";"Reta";"Sim";4;0;0;1;2;2;1;4;-20,33609327;-40,37812784;"SPRF-ES";"DEL01-ES";"UOP01-DEL01-ES"
221136;2019-07-10;"quarta-feira";"12:40:00";"PI";316;408,4;"MARCOLANDIA";"Defeito Mecânico no Veículo";"Tombamento";"Sem Vítimas";"Pleno dia";"Decrescente";"Sol";"Simples";"Curva";"Não";2;0;0;0;0;2;0;2;-7,39910018;-40,72817409;"SPRF-PI";"DEL04-PI";"UOP03-DEL04-PI"
221137;2019-07-10;"quarta-feira";"10:00:00";"BA";101;382;"IBIRAPITANGA";"Desobediência às normas de trânsito pelo condutor";"Saída de leito carroçável";"Com Vítimas Feridas";"Pleno dia";"Crescente";"Céu Claro";"Simples";"Curva";"Não";2;0;1;1;0;0;2;1;-13,99107404;-39,46292304;"SPRF-BA";"DEL05-BA";"UOP03-DEL05-BA"
221141;2019-07-10;"quarta-feira";"13:15:00";"MG";381;1,5;"BETIM";"Não guardar distância de segurança";"Colisão traseira";"Com Vítimas Feridas";"Pleno dia";"Decrescente";"Céu Claro";"Dupla";"Reta";"Sim";3;0;1;0;2;0;1;2;-19,97246143;-44,16031837;"SPRF-MG";"DEL01-MG";"UOP03-DEL01-MG"