"id";"data_inversa";"dia_semana";"horario";"uf";"br";"km";"municipio";"causa_acidente";"tipo_acidente";"classificacao_acidente";"fase_dia";"sentido_via";"condicao_metereologica";"tipo_pista";"tracado_via";"uso_solo";"pessoas";"mortos";"feridos_leves";"feridos_graves";"ilesos";"ignorados";"feridos";"veiculos";"latitude";"longitude";"regional";"delegacia";"uop"
221149;2019-07-10;"quarta-feira";"14:00:00";"GO";70;355,9;"JUSSARA";"Falta de Atenção à Condução";"Colisão traseira";"Com Vítimas Fatais";"Pleno dia";"Crescente";"Céu Claro";"Simples";"Reta";"Não";3;1;1;0;1;0;1;2;-15,93942;-51,193633;"SPRF-GO";"DEL04-GO";"UOP01-DEL04-GO"
221153;2019-07-10;"quarta-feira";"08:20:00";"MG";381;827,3;"SAO SEBASTIAO DA BELA VISTA";"Velocidade Incompatível";"Saída de leito carroçável";"Com Vítimas Feridas";"Pleno dia";"Decrescente";"Céu Claro";"Dupla";"Reta";"Não";4;0;1;0;2;1;1;2;-22,12362394;-45,79487203;"SPRF-MG";"DEL16-MG";"UOP01-DEL16-MG"
221170;2019-07-10;"quarta-feira";"16:00:00";"CE";222;1,5;"FORTALEZA";"Falta de Atenção à Condução";"Colisão lateral";"Sem Vítimas";"Pleno dia";"Decrescente";"Sol";"Múltipla";"Reta";"Sim";2;0;0;0;2;0;0;2;-3,737804;-38,578061;"SPRF-CE";"DEL01-CE";"UOP01-DEL01-CE"
221172;2019-07-10;"quarta-feira";"13:15:00";"SC";470;120,7;"IBIRAMA";"Velocidade Incompatível";"Tombamento";"Sem Vítimas";"Pleno dia";"Decrescente";"Sol";"Simples";"Curva";"Não";3;0;0;0;2;2;0;4;-27,089924;-49,520416;"SPRF-SC";"DEL04-SC";"UOP02-DEL04-SC"
221174;2019-07-10;"quarta-feira";"13:50:00";"MA";222;209;"ITAPECURU MIRIM";"Carga excessiva e/ou mal acondicionada";"Colisão transversal";"Com Vítimas Feridas";"Pleno dia";"Decrescente";"Céu Claro";"Simples";"Reta";"Sim";3;0;0;1;1;3;1;5;-3,38508169;-44,3690367;"SPRF-MA";"DEL01-MA";"UOP02-DEL01-MA"
221178;2019-07-10;"quarta-feira";"11:30:00";"PI";135;389;"BOM JESUS";"Defeito na Via";"Tombamento";"Com Vítimas Feridas";"Pleno dia";"Decrescente";"Céu Claro";"Simples";"Reta";"Não";2;0;1;0;0;12;1;13;-9,33976812;-44,52708195;"SPRF-PI";"DEL03-PI";"UOP02-DEL03-PI"
221180;2019-07-10;"quarta-feira";"16:45:00";"SP";116;319;"JUQUITIBA";"Defeito Mecânico no Veículo";"Colisão lateral";"Com Vítimas Feridas";"Anoitecer";"Decrescente";"Céu Claro";"Dupla";"Reta";"Não";4;0;1;0;2;1;1;3;-23,93100968;-46,9996511;"SPRF-SP";"DEL04-SP";"UOP03-DEL04-SP"
221182;2019-07-10;"quarta-feira";"16:40:00";"SP";116;208;"GUARULHOS";"Falta de Atenção à Condução";"Colisão traseira";"Com Vítimas Feridas";"Pleno dia";"Decrescente";"Nublado";"Múltipla";"Reta";"Não";2;0;1;0;1;0;1;2;-23,42222263;-46,3932771;"SPRF-SP";"DEL01-SP";"UOP01-DEL01-SP"
221188;2019-07-10;"quarta-feira";"17:15:00";"PR";277;136;"BALSA NOVA";"Falta de Atenção à Condução";"Saída de leito carroçável";"Com Vítimas Feridas";"Pleno dia";"Crescente";"Sol";"Dupla";"Curva";"Não";2;0;1;0;0;1;1;2;-25,47148351;-49,67330933;"SPRF-PR";"DEL01-PR";"UOP06-DEL01-PR"
221189;2019-07-10;"quarta-feira";"16:00:00";"PE";101;74;"RECIFE";"Desobediência às normas de trânsito pelo condutor";"Colisão lateral";"Com Vítimas Feridas";"Pleno dia";"Decrescente";"Nublado";"Dupla";"Reta";"Não";2;0;1;0;1;0;1;2;-8,10146485;-34,94901577;"SPRF-PE";"DEL01-PE";"UOP01-DEL01-PE"
221196;2019-04-10;"quarta-feira";"03:55:00";"MG";381;733,8;"CARMO DA CACHOEIRA";"Falta de Atenção à Condução";"Colisão lateral";"Sem Vítimas";"Plena Noite";"Decrescente";"Céu Claro";"Dupla";"Reta";"Não";3;0;0;0;2;1;0;3;-21,56277607;-45,24379974;"SPRF-MG";"DEL04-MG";"UOP02-DEL04-MG"
221204;2019-07-10;"quarta-feira";"16:00:00";"ES";259;8,3;"JOAO NEIVA";"Falta de Atenção à Condução";"Tombamento";"Com Vítimas Feridas";"Pleno dia";"Decrescente";"Sol";"Simples";"Curva";"Não";2;0;1;0;0;1;1;2;-19,68073376;-40,39141693;"SPRF-ES";"DEL02-ES";"UOP01-DEL02-ES"
221205;2019-07-10;"quarta-feira";"12:10:00";"MG";381;188;"PERIQUITO";"Velocidade Incompatível";"Tombamento";"Com Vítimas Feridas";"Pleno dia";"Crescente";"Céu Claro";"Simples";"Declive;Curva";"Não";2;0;0;1;0;1;1;2;-19,09255133;-42,19074995;"SPRF-MG";"DEL06-MG";"UOP01-DEL06-MG"
221207;2019-07-10;"quarta-feira";"18:30:00";"SC";470;85;"RODEIO";"Ultrapassagem Indevida";"Colisão frontal";"Com Vítimas Feridas";"Plena Noite";"Crescente";"Céu Claro";"Simples";"Reta";"Não";5;0;1;2;2;0;3;3;-26,956114;-49,350414;"SPRF-SC";"DEL04-SC";"UOP01-DEL04-SC"
221208;2019-07-10;"quarta-feira";"18:33:00";"SP";116;213;"GUARULHOS";"Falta de Atenção à Condução";"Colisão lateral";"Com Vítimas Feridas";"Pleno dia";"Decrescente";"Nublado";"Múltipla";"Declive";"Sim";2;0;1;0;1;0;1;2;-23,43971486;-46,43667806;"SPRF-SP";"DEL01-SP";"UOP01-DEL01-SP"
221216;2019-07-10;"quarta-feira";"18:10:00";"MS";463;6,5;"DOURADOS";"Sinalização da via insuficiente ou inadequada";"Colisão com objeto estático";"Com Vítimas Feridas";"Plena Noite";"Decrescente";"Céu Claro";"Simples";"Reta";"Não";2;0;1;0;1;0;1;2;-22,25638441;-54,86165608;"SPRF-MS";"DEL04-MS";"UOP01-DEL04-MS"
221222;2019-07-10;"quarta-feira";"19:00:00";"MG";365;133,5;"VARZEA DA PALMA";"Falta de Atenção à Condução";"Colisão frontal";"Com Vítimas Fatais";"Plena Noite";"Crescente";"Céu Claro";"Simples";"Reta";"Não";2;1;0;0;1;0;0;2;-17,18258496;-44,80487204;"SPRF-MG";"DEL12-MG";"UOP01-DEL12-MG"
221225;2019-07-10;"quarta-feira";"17:50:00";"MG";381;585;"CARMOPOLIS DE MINAS";"Deficiência ou não Acionamento do Sistema de Iluminação/Sinalização do Veículo";"Colisão traseira";"Com Vítimas Feridas";"Anoitecer";"Decrescente";"Céu Claro";"Dupla";"Reta";"Não";3;0;0;1;2;0;1;3;-20,538292;-44,64046;"SPRF-MG";"DEL04-MG";"UOP01-DEL04-MG"
221226;2019-07-10;"quarta-feira";"19:28:00";"MG";40;652,4;"CRISTIANO OTONI";"Desobediência às normas de trânsito pelo condutor";"Colisão transversal";"Com Vítimas Feridas";"Plena Noite";"Crescente";"Céu Claro";"Simples";"Reta";"Não";3;0;2;0;1;0;2;2;-20,84770567;-43,79847321;"SPRF-MG";"DEL05-MG";"UOP02-DEL05-MG"
221235;2019-07-10;"quarta-feira";"18:45:00";"GO";60;459;"JATAI";"Condutor Dormindo";"Colisão traseira";"Com Vítimas Feridas";"Anoitecer";"Crescente";"Céu Claro";"Dupla";"Reta";"Não";3;0;1;0;1;1;1;3;-17,8702;-51,6065;"SPRF-GO";"DEL05-GO";"UOP01-DEL05-GO"
221237;2019-07-10;"quarta-feira";"19:15:00";"MG";251;473,8;"FRANCISCO SA";"Defeito Mecânico no Veículo";"Tombamento";"Sem Vítimas";"Plena Noite";"Crescente";"Céu Claro";"Simples";"Declive;Curva";"Não";2;0;0;0;1;1;0;2;-16,47012768;-43,44753404;"SPRF-MG";"DEL12-MG";"UOP01-DEL12-MG"
221239;2019-07-10;"quarta-feira";"21:40:00";"MG";262;362,5;"JUATUBA";"Ingestão de Álcool";"Colisão lateral";"Com Vítimas Feridas";"Plena Noite";"Decrescente";"Céu Claro";"Dupla";"Reta";"Sim";2;0;1;0;1;0;1;2;-19,97203792;-44,28241253;"SPRF-MG";"DEL01-MG";"UOP03-DEL01-MG"
221240;2019-05-09;"quinta-feira";"19:30:00";"RS";285;467,1;"CORONEL BARROS";"Ultrapassagem Indevida";"Colisão frontal";"Com Vítimas Feridas";"Anoitecer";"Decrescente";"Garoa/Chuvisco";"Simples";"Declive;Reta";"Não";6;0;2;1;2;1;3;4;-28,393915;-53,97274;"SPRF-RS";"DEL10-RS";"UOP01-DEL10-RS"
221243;2019-07-10;"quarta-feira";"18:10:00";"SC";480;127,3;"CHAPECO";"Não guardar distância de segurança";"Engavetamento";"Com Vítimas Fatais";"Plena Noite";"Decrescente";"Céu Claro";"Dupla";"Reta";"Sim";4;1;0;0;3;0;0;4;-27,02885905;-52,63380035;"SPRF-SC";"DEL07-SC";"UOP01-DEL07-SC"
221249;2019-07-10;"quarta-feira";"22:00:00";"AL";101;51,4;"FLEXEIRAS";"Falta de Atenção à Condução";"Tombamento";"Com Vítimas Feridas";"Plena Noite";"Crescente";"Chuva";"Dupla";"Curva";"Não";2;0;1;1;0;0;2;1;-9,241987;-35,760014;"SPRF-AL";"DEL01-AL";"UOP01-DEL01-AL"
221250;2019-07-10;"quarta-feira";"22:00:00";"SP";116;303;"SAO LOURENCO DA SERRA";"Falta de Atenção à Condução";"Atropelamento de Pedestre";"Com Vítimas Feridas";"Plena Noite";"Crescente";"Nublado";"Dupla";"Reta;Aclive";"Não";3;0;0;1;0;2;1;2;-23,82080368;-46,92513498;"SPRF-SP";"DEL04-SP";"UOP01-DEL04-SP"
221251;2019-07-10;"quarta-feira";"18:10:00";"SP";153;161,4;"PROMISSAO";"Falta de Atenção à Condução";"Colisão transversal";"Com Vítimas Fatais";"Anoitecer";"Decrescente";"Céu Claro";"Simples";"Interseção de Vias";"Não";5;1;0;0;2;3;0;6;-21,51956244;-49,78104293;"SPRF-SP";"DEL07-SP";"UOP01-DEL07-SP"
221258;2019-04-02;"terça-feira";"04:10:00";"BA";324;606;"SALVADOR";"Falta de Atenção à Condução";"Queda de ocupante de veículo";"Com Vítimas Feridas";"Amanhecer";"Crescente";"Chuva";"Dupla";"Aclive";"Sim";3;0;1;1;1;0;2;2;-12,79340512;-38,40485325;"SPRF-BA";"DEL01-BA";"UOP01-DEL01-BA"
221259;2019-07-11;"quinta-feira";"02:20:00";"MG";354;716,1;"CAXAMBU";"Velocidade Incompatível";"Tombamento";"Com Vítimas Feridas";"Plena Noite";"Crescente";"Céu Claro";"Simples";"Curva";"Não";2;0;1;0;0;1;1;2;-22,0735299;-44,94524167;"SPRF-MG";"DEL05-MG";"UOP01-DEL17-MG"
221260;2019-07-11;"quinta-feira";"02:30:00";"RJ";393;130,2;"SAPUCAIA";"Falta de Atenção à Condução";"Tombamento";"Com Vítimas Feridas";"Plena Noite";"Decrescente";"Nublado";"Simples";"Curva";"Não";1;0;0;1;0;0;1;1;-21,96535716;-42,86837098;"SPRF-RJ";"DEL06-RJ";"UOP01-DEL05-RJ"
221263;2019-07-11;"quinta-feira";"02:15:00";"MG";116;160,1;"PONTO DOS VOLANTES";"Condutor Dormindo";"Saída de leito carroçável";"Com Vítimas Feridas";"Plena Noite";"Crescente";"Céu Claro";"Simples";"Reta";"Não";2;0;1;0;0;1;1;2;-16,93419597;-41,46276268;"SPRF-MG";"DEL11-MG";"UOP02-DEL11-MG"
221264;2019-07-11;"quinta-feira";"04:10:00";"MG";381;351;"JOAO MONLEVADE";"Falta de Atenção à Condução";"Colisão frontal";"Com Vítimas Feridas";"Plena Noite";"Decrescente";"Nevoeiro/Neblina";"Simples";"Curva";"Não";4;0;1;0;2;1;1;3;-19,84644336;-43,16611234;"SPRF-MG";"DEL03-MG";"UOP01-DEL03-MG"
221265;2019-07-11;"quinta-feira";"04:20:00";"TO";153;485;"PARAISO DO TOCANTINS";"Desobediência às normas de trânsito pelo condutor";"Colisão traseira";"Com Vítimas Fatais";"Plena Noite";"Decrescente";"Céu Claro";"Simples";"Reta";"Não";4;1;0;0;2;1;0;3;-10,08646891;-48,86003811;"SPRF-TO";"DEL02-TO";"UOP01-DEL01-TO"
221266;2019-07-11;"quinta-feira";"04:10:00";"ES";101;120,4;"SOORETAMA";"Defeito Mecânico no Veículo";"Tombamento";"Com Vítimas Feridas";"Plena Noite";"Crescente";"Nublado";"Simples";"Aclive";"Não";1;0;1;0;0;0;1;1;-19,1438532;-40,0751016;"SPRF-ES";"DEL04-ES";"UOP01-DEL04-ES"
221267;2019-07-11;"quinta-feira";"04:20:00";"SP";116;128,6;"CACAPAVA";"Falta de Atenção à Condução";"Colisão traseira";"Com Vítimas Feridas";"Plena Noite";"Decrescente";"Nevoeiro/Neblina";"Dupla";"Reta";"Sim";3;0;1;0;1;1;1;3;-23,11454664;-45,71105567;"SPRF-SP";"DEL06-SP";"UOP02-DEL02-SP"
221268;2019-07-11;"quinta-feira";"05:20:00";"AL";104;83;"RIO LARGO";"Defeito Mecânico no Veículo";"Tombamento";"Sem Vítimas";"Amanhecer";"Crescente";"Chuva";"Dupla";"Curva";"Não";1;0;0;0;1;0;0;1;-9,44165773;-35,83538341;"SPRF-AL";"DEL01-AL";"UOP01-DEL01-AL"
221272;2019-07-11;"quinta-feira";"06:00:00";"SC";101;209,7;"SAO JOSE";"Desobediência às normas de trânsito pelo pedestre";"Atropelamento de Pedestre";"Com Vítimas Fatais";"Plena Noite";"Crescente";"Céu Claro";"Múltipla";"Reta";"Sim";2;1;0;0;1;0;0;2;-27,61000542;-48,63895057;"SPRF-SC";"DEL01-SC";"UOP01-DEL01-SC"
221274;2019-07-10;"quarta-feira";"20:30:00";"PR";116;15;"CAMPINA GRANDE DO SUL";"Falta de Atenção à Condução";"Colisão com objeto estático";"Com Vítimas Feridas";"Plena Noite";"Decrescente";"Céu Claro";"Dupla";"Curva";"Não";2;0;1;0;0;1;1;2;-25,09832756;-48,68266005;"SPRF-PR";"DEL01-PR";"UOP02-DEL01-PR"
221276;2019-07-11;"quinta-feira";"05:20:00";"MT";364;173,4;"PEDRA PRETA";"Falta de Atenção à Condução";"Colisão lateral";"Com Vítimas Feridas";"Amanhecer";"Decrescente";"Céu Claro";"Simples";"Reta";"Não";13;0;4;1;7;1;5;5;-16,63345611;-54,43793008;"SPRF-MT";"DEL02-MT";"UOP01-DEL02-MT"
221280;2019-07-11;"quinta-feira";"07:15:00";"RN";304;299;"MACAIBA";"Falta de Atenção à Condução";"Colisão transversal";"Com Vítimas Feridas";"Pleno dia";"Crescente";"Céu Claro";"Dupla";"Reta";"Sim";2;0;1;0;1;0;1;2;-5,87095859;-35,32359587;"SPRF-RN";"DEL01-RN";"UOP02-DEL01-RN"
221288;2019-07-11;"quinta-feira";"06:05:00";"GO";153;623,9;"MORRINHOS";"Falta de Atenção à Condução";"Colisão traseira";"Com Vítimas Feridas";"Pleno dia";"Crescente";"Céu Claro";"Dupla";"Aclive;Reta";"Não";3;0;0;2;1;0;2;2;-17,7483;-49,1598;"SPRF-GO";"DEL03-GO";"UOP01-DEL03-GO"
221289;2019-07-11;"quinta-feira";"08:05:00";"PE";428;188,5;"PETROLINA";"Não guardar distância de segurança";"Colisão lateral";"Com Vítimas Feridas";"Pleno dia";"Crescente";"Céu Claro";"Dupla";"Reta";"Sim";3;0;1;0;1;1;1;3;-9,36400596;-40,48266808;"SPRF-PE";"DEL06-PE";"UOP01-DEL06-PE"
221296;2019-07-11;"quinta-feira";"08:35:00";"PE";101;66,8;"RECIFE";"Não guardar distância de segurança";"Colisão lateral";"Com Vítimas Feridas";"Pleno dia";"Crescente";"Céu Claro";"Múltipla";"Reta";"Sim";3;0;1;0;1;1;1;3;-8,036154;-34,941464;"SPRF-PE";"DEL01-PE";"UOP01-DEL01-PE"
221300;2019-07-11;"quinta-feira";"07:50:00";"MT";163;838;"SINOP";"Desobediência às normas de trânsito pelo condutor";"Colisão transversal";"Com Vítimas Feridas";"Pleno dia";"Crescente";"Sol";"Múltipla";"Reta";"Sim";2;0;1;0;1;0;1;2;-11,83455237;-55,48818156;"SPRF-MT";"DEL06-MT";"UOP02-DEL06-MT"
221305;2019-07-11;"quinta-feira";"09:10:00";"PE";101;77;"JABOATAO DOS GUARARAPES";"Falta de Atenção à Condução";"Colisão traseira";"Com Vítimas Feridas";"Pleno dia";"Crescente";"Céu Claro";"Simples";"Reta";"Sim";4;0;3;0;1;0;3;2;-8,126982;-34,94386;"SPRF-PE";"DEL01-PE";"UOP01-DEL01-PE"
221311;2019-07-11;"quinta-feira";"07:45:00";"SC";470;185,3;"POUSO REDONDO";"Defeito Mecânico no Veículo";"Tombamento";"Com Vítimas Feridas";"Pleno dia";"Decrescente";"Nevoeiro/Neblina";"Simples";"Curva";"Não";1;0;1;0;0;0;1;1;-27,254034;-50,036575;"SPRF-SC";"DEL04-SC";"UOP02-DEL04-SC"
221315;2019-07-11;"quinta-feira";"10:30:00";"PR";376;194,5;"MARIALVA";"Falta de Atenção à Condução";"Colisão frontal";"Com Vítimas Feridas";"Pleno dia";"Crescente";"Céu Claro";"Dupla";"Reta";"Não";7;0;2;1;2;3;3;7;-23,49621201;-51,80861592;"SPRF-PR";"DEL07-PR";"UOP01-DEL09-PR"
221332;2019-07-11;"quinta-feira";"05:00:00";"PA";316;24,5;"BENEVIDES";"Falta de Atenção à Condução";"Colisão traseira";"Com Vítimas Fatais";"Amanhecer";"Crescente";"Céu Claro";"Dupla";"Reta";"Sim";3;2;0;0;1;0;0;2;-1,34599732;-48,25152822;"SPRF-PA";"DEL01-PA";"DEL19/1-UOP05/PA"
221333;2019-07-11;"quinta-feira";"11:15:00";"MG";116;782,6;"LEOPOLDINA";"Defeito Mecânico no Veículo";"Tombamento";"Com Vítimas Feridas";"Pleno dia";"Decrescente";"Céu Claro";"Simples";"Curva";"Não";4;0;2;0;1;1;2;4;-21,63157761;-42,69886047;"SPRF-MG";"DEL07-MG";"UOP01-DEL07-MG"
221338;2019-07-11;"quinta-feira";"11:30:00";"MG";40;364,1;"FELIXLANDIA";"Defeito Mecânico no Veículo";"Incêndio";"Sem Vítimas";"Pleno dia";"Decrescente";"Céu Claro";"Simples";"Reta";"Não";1;0;0;0;1;0;0;1;-18,77563932;-44,8263102;"SPRF-MG";"DEL02-MG";"UOP01-DEL02-MG"
221339;2019-07-11;"quinta-feira";"08:35:00";"GO";414;392,7;"CORUMBA DE GOIAS";"Velocidade Incompatível";"Colisão com objeto estático";"Com Vítimas Fatais";"Pleno dia";"Decrescente";"Céu Claro";"Dupla";"Curva";"Sim";6;1;1;1;2;1;2;3;-15,92299409;-48,80639791;"SPRF-GO";"DEL02-GO";"UOP01-DEL02-GO"
221344;2019-06-17;"segunda-feira";"16:20:00";"SP";116;442,8;"REGISTRO";"Defeito Mecânico no Veículo";"Tombamento";"Sem Vítimas";"Pleno dia";"Decrescente";"Céu Claro";"Dupla";"Reta";"Não";2;0;0;0;1;1;0;2;-24,47609886;-47,8273532;"SPRF-SP";"DEL05-SP";"UOP01-DEL05-SP"
221347;2019-06-29;"sábado";"09:20:00";"BA";101;156;"CONCEICAO DO JACUIPE";"Não guardar distância de segurança";"Colisão lateral";"Com Vítimas Feridas";"Pleno dia";"Crescente";"Chuva";"Simples";"Reta";"Não";4;0;1;0;2;2;1;5;-12,35551436;-38,782478;"SPRF-BA";"DEL01-BA";"UOP03-DEL01-BA"
221349;2019-07-11;"quinta-feira";"11:30:00";"PR";153;485;"GENERAL CARNEIRO";"Objeto estático sobre o leito carroçável";"Colisão com objeto estático";"Sem Vítimas";"Pleno dia";"Crescente";"Céu Claro";"Simples";"Reta";"Não";3;0;0;0;1;2;0;3;-26,39084223;-51,27865434;"SPRF-PR";"DEL02-PR";"UOP03-DEL02-PR"
221358;2019-07-11;"quinta-feira";"12:25:00";"MT";163;818,1;"SINOP";"Objeto estático sobre o leito carroçável";"Colisão traseira";"Com Vítimas Fatais";"Pleno dia";"Crescente";"Céu Claro";"Simples";"Declive";"Não";3;1;0;0;1;1;0;3;-12,0114;-55,5172;"SPRF-MT";"DEL06-MT";"UOP01-DEL06-MT"
221359;2019-07-11;"quinta-feira";"13:10:00";"RS";116;147;"CAXIAS DO SUL";"Defeito Mecânico no Veículo";"Colisão com objeto estático";"Sem Vítimas";"Pleno dia";"Decrescente";"Céu Claro";"Dupla";"Reta";"Sim";1;0;0;0;1;0;0;1;-29,14908014;-51,1429969;"SPRF-RS";"DEL05-RS";"UOP01-DEL05-RS"
221362;2019-07-11;"quinta-feira";"14:20:00";"ES";101;265,2;"SERRA";"Falta de Atenção à Condução";"Colisão lateral";"Com Vítimas Feridas";"Pleno dia";"Crescente";"Céu Claro";"Múltipla";"Reta";"Sim";4;0;1;0;2;1;1;4;-20,1816849;-40,26536036;"SPRF-ES";"DEL02-ES";"UOP01-DEL02-ES"
221363;2019-07-11;"quinta-feira";"12:30:00";"MT";70;705;"CACERES";"Velocidade Incompatível";"Colisão com objeto em movimento";"Sem Vítimas";"Pleno dia";"Crescente";"Céu Claro";"Simples";"Reta";"Não";3;0;0;0;2;2;0;4;-16,24937795;-57,46991991;"SPRF-MT";"DEL03-MT";"UOP01-DEL03-MT"
221365;2019-07-11;"quinta-feira";"08:00:00";"SC";470;294;"CAMPOS NOVOS";"Restrição de Visibilidade";"Colisão frontal";"Com Vítimas Feridas";"Pleno dia";"Crescente";"Céu Claro";"Simples";"Reta";"Não";5;0;0;1;1;3;1;4;-27,344725;-51,000042;"SPRF-SC";"DEL07-SC";"UOP06-DEL07-SC"
221367;2019-07-11;"quinta-feira";"14:00:00";"CE";116;4,8;"FORTALEZA";"Falta de Atenção à Condução";"Colisão transversal";"Sem Vítimas";"Pleno dia";"Decrescente";"Céu Claro";"Múltipla";"Reta";"Sim";3;0;0;0;2;1;0;3;-3,7867209;-38,5114568;"SPRF-CE";"DEL01-CE";"UOP02-DEL01-CE"
221368;2019-07-11;"quinta-feira";"13:50:00";"SP";116;473;"JACUPIRANGA";"Falta de Atenção à Condução";"Colisão traseira";"Com Vítimas Feridas";"Pleno dia";"Decrescente";"Céu Claro";"Dupla";"Reta";"Não";3;0;1;0;1;1;1;3;-24,67227596;-47,97879913;"SPRF-SP";"DEL05-SP";"UAP01-DEL05-SP"
221374;2019-07-11;"quinta-feira";"12:00:00";"PE";116;74,7;"CABROBO";"Ultrapassagem Indevida";"Colisão frontal";"Com Vítimas Feridas";"Pleno dia";"Decrescente";"Chuva";"Simples";"Reta";"Não";3;0;1;0;1;2;1;4;-8,479997;-39,20347;"SPRF-PE";"DEL05-PE";"UOP03-DEL05-PE"
221394;2019-07-11;"quinta-feira";"17:30:00";"BA";116;835;"VITORIA DA CONQUISTA";"Não guardar distância de segurança";"Colisão traseira";"Com Vítimas Feridas";"Pleno dia";"Crescente";"Céu Claro";"Simples";"Reta";"Não";2;0;1;0;0;1;1;2;-14,95133604;-40,90003967;"SPRF-BA";"DEL08-BA";"UOP01-DEL08-BA"
221397;2019-07-11;"quinta-feira";"16:20:00";"CE";222;241,1;"SOBRAL";"Defeito na Via";"Tombamento";"Sem Vítimas";"Pleno dia";"Crescente";"Nublado";"Simples";"Reta";"Não";1;0;0;0;1;0;0;1;-3,73533935;-40,48476434;"SPRF-CE";"DEL04-CE";"UOP01-DEL04-CE"
221409;2019-07-11;"quinta-feira";"17:50:00";"RJ";101;59;"CAMPOS DOS GOYTACAZES";"Falta de Atenção à Condução";"Colisão transversal";"Com Vítimas Fatais";"Plena Noite";"Decrescente";"Céu Claro";"Simples";"Reta";"Sim";2;1;0;0;1;0;0;2;-21,71366497;-41,30861915;"SPRF-RJ";"DEL08-RJ";"UOP01-DEL08-RJ"
221413;2019-07-11;"quinta-feira";"17:00:00";"MA";135;98,6;"ITAPECURU MIRIM";"Defeito Mecânico no Veículo";"Colisão traseira";"Sem Vítimas";"Pleno dia";"Crescente";"Sol";"Simples";"Reta";"Não";3;0;0;0;2;3;0;5;-3,348353;-44,46035;"SPRF-MA";"DEL01-MA";"UOP02-DEL01-MA"
221415;2019-07-11;"quinta-feira";"12:15:00";"SP";116;353,7;"MIRACATU";"Defeito Mecânico no Veículo";"Saída de leito carroçável";"Com Vítimas Feridas";"Pleno dia";"Crescente";"Sol";"Dupla";"Reta";"Não";2;0;2;0;0;0;2;1;-24,07031103;-47,24202498;"SPRF-SP";"DEL04-SP";"UOP03-DEL04-SP"
221421;2019-07-11;"quinta-feira";"19:30:00";"AL";101;115;"PILAR";"Mal Súbito";"Colisão com objeto estático";"Com Vítimas Fatais";"Plena Noite";"Decrescente";"Nublado";"Simples";"Ponte";"Não";1;1;0;0;0;0;0;1;-9,63663301;-36,03046002;"SPRF-AL";"DEL02-AL";"UOP01-DEL02-AL"
221423;2019-06-17;"segunda-feira";"18:20:00";"MG";381;621;"OLIVEIRA";"Animais na Pista";"Atropelamento de Animal";"Sem Vítimas";"Plena Noite";"Decrescente";"Céu Claro";"Dupla";"Reta";"Não";3;0;0;0;2;2;0;4;-20,74327172;-44,77203369;"SPRF-MG";"DEL04-MG";"UOP01-DEL04-MG"
221424;2019-07-11;"quinta-feira";"19:30:00";"TO";153;93,9;"WANDERLANDIA";"Ultrapassagem Indevida";"Colisão frontal";"Com Vítimas Fatais";"Plena Noite";"Crescente";"Céu Claro";"Simples";"Reta";"Não";6;1;1;1;2;2;2;5;-6,85508282;-47,97299287;"SPRF-TO";"DEL02-TO";"UOP01-DEL02-TO"
221427;2019-07-11;"quinta-feira";"15:00:00";"RO";364;997;"PORTO VELHO";"Não guardar distância de segurança";"Colisão traseira";"Com Vítimas Feridas";"Pleno dia";"Decrescente";"Céu Claro";"Simples";"Reta";"Não";2;0;0;1;0;1;1;2;-9,66728257;-65,82164526;"SPRF-RO";"DEL01-RO";"UOP03-DEL01-RO"
221437;2019-07-11;"quinta-feira";"20:30:00";"MG";381;892;"CAMBUI";"Condutor Dormindo";"Saída de leito carroçável";"Com Vítimas Feridas";"Plena Noite";"Decrescente";"Céu Claro";"Dupla";"Reta";"Não";2;0;1;0;0;1;1;2;-22,60214538;-46,05862156;"SPRF-MG";"DEL16-MG";"UOP03-DEL16-MG"
221441;2019-07-11;"quinta-feira";"18:20:00";"SC";280;164,7;"MAFRA";"Ingestão de Álcool";"Colisão traseira";"Com Vítimas Feridas";"Plena Noite";"Decrescente";"Céu Claro";"Simples";"Reta";"Não";2;0;1;0;1;0;1;2;-26,19131398;-49,80487298;"SPRF-SC";"DEL06-SC";"UOP01-DEL06-SC"
221444;2019-07-11;"quinta-feira";"21:45:00";"MG";365;520,7;"MONTE CARMELO";"Não guardar distância de segurança";"Colisão traseira";"Com Vítimas Feridas";"Plena Noite";"Decrescente";"Céu Claro";"Simples";"Reta";"Não";3;0;1;0;1;1;1;3;-18,91586;-47,39521;"SPRF-MG";"DEL10-MG";"UOP01-DEL10-MG"
221447;2019-07-11;"quinta-feira";"18:20:00";"RO";364;493,9;"ARIQUEMES";"Desobediência às normas de trânsito pelo condutor";"Colisão traseira";"Com Vítimas Feridas";"Anoitecer";"Crescente";"Céu Claro";"Simples";"Reta";"Não";3;0;0;1;1;2;1;4;-10,09049706;-62,97006806;"SPRF-RO";"DEL03-RO";"UOP01-DEL03-RO"
221450;2019-07-11;"quinta-feira";"22:45:00";"PR";376;652;"TIJUCAS DO SUL";"Defeito Mecânico no Veículo";"Derramamento de carga";"Com Vítimas Feridas";"Plena Noite";"Decrescente";"Céu Claro";"Dupla";"Curva";"Não";4;0;1;0;1;3;1;5;-25,8461583;-49,068884;"SPRF-PR";"DEL01-PR";"UOP04-DEL01-PR"