"id";"data_inversa";"dia_semana";"horario";"uf";"br";"km";"municipio";"causa_acidente";"tipo_acidente";"classificacao_acidente";"fase_dia";"sentido_via";"condicao_metereologica";"tipo_pista";"tracado_via";"uso_solo";"pessoas";"mortos";"feridos_leves";"feridos_graves";"ilesos";"ignorados";"feridos";"veiculos";"latitude";"longitude";"regional";"delegacia";"uop"
221456;2019-07-11;"quinta-feira";"22:15:00";"BA";116;13;"VITORIA DA CONQUISTA";"Ingestão de Álcool";"Colisão frontal";"Sem Vítimas";"Plena Noite";"Crescente";"Céu Claro";"Simples";"Reta";"Sim";2;0;0;0;2;0;0;2;-14,87231011;-40,87147063;"SPRF-BA";"DEL08-BA";"UOP01-DEL08-BA"
221457;2019-07-11;"quinta-feira";"19:00:00";"RS";386;431,9;"NOVA SANTA RITA";"Desobediência às normas de trânsito pelo condutor";"Colisão transversal";"Com Vítimas Fatais";"Plena Noite";"Decrescente";"Céu Claro";"Simples";"Retorno Regulamentado";"Não";4;1;0;1;1;2;1;4;-29,833067;-51,313625;"SPRF-RS";"DEL04-RS";"UOP02-DEL04-RS"
221460;2019-07-11;"quinta-feira";"20:30:00";"BA";101;934;"MUCURI";"Falta de Atenção à Condução";"Colisão transversal";"Com Vítimas Feridas";"Plena Noite";"Crescente";"Nublado";"Simples";"Reta";"Sim";3;0;1;0;1;3;1;5;-18,16840196;-39,91873914;"SPRF-BA";"DEL09-BA";"UOP02-DEL09-BA"
221462;2019-07-11;"quinta-feira";"22:40:00";"PR";376;175,9;"MARINGA";"Ingestão de Álcool";"Colisão lateral";"Sem Vítimas";"Plena Noite";"Crescente";"Céu Claro";"Dupla";"Reta";"Sim";3;0;0;0;3;0;0;3;-23,41162591;-51,94083562;"SPRF-PR";"DEL07-PR";"UOP01-DEL09-PR"
221464;2019-07-12;"sexta-feira";"00:10:00";"PE";232;150,8;"SAO CAITANO";"Ingestão de Álcool";"Colisão lateral";"Sem Vítimas";"Plena Noite";"Crescente";"Chuva";"Simples";"Curva";"Não";2;0;0;0;2;0;0;2;-8,32712286;-36,16299497;"SPRF-PE";"DEL02-PE";"UOP03-DEL02-PE"
221468;2019-07-12;"sexta-feira";"01:00:00";"MG";381;882,8;"CAMBUI";"Condutor Dormindo";"Colisão traseira";"Com Vítimas Fatais";"Plena Noite";"Crescente";"Céu Claro";"Dupla";"Reta";"Não";2;1;0;0;1;0;0;2;-22,48189805;-46,01090848;"SPRF-MG";"DEL16-MG";"UOP01-DEL16-MG"
221469;2019-07-11;"quinta-feira";"23:10:00";"PR";277;412,1;"CANTAGALO";"Velocidade Incompatível";"Tombamento";"Com Vítimas Feridas";"Plena Noite";"Crescente";"Céu Claro";"Simples";"Curva";"Não";1;0;1;0;0;0;1;1;-25,42374367;-52,02135088;"SPRF-PR";"DEL04-PR";"UOP02-DEL04-PR"
221470;2019-07-12;"sexta-feira";"00:45:00";"MG";40;548;"NOVA LIMA";"Falta de Atenção à Condução";"Colisão traseira";"Com Vítimas Feridas";"Plena Noite";"Decrescente";"Céu Claro";"Dupla";"Curva";"Não";3;0;1;0;1;1;1;3;-20,03136499;-43,96967792;"SPRF-MG";"DEL01-MG";"UOP02-DEL01-MG"
221471;2019-07-12;"sexta-feira";"01:00:00";"MG";381;894,1;"CAMBUI";"Condutor Dormindo";"Saída de leito carroçável";"Com Vítimas Feridas";"Plena Noite";"Decrescente";"Céu Claro";"Dupla";"Curva";"Não";1;0;0;1;0;0;1;1;-22,6103125;-46,0623465;"SPRF-MG";"DEL16-MG";"UOP03-DEL16-MG"
221472;2019-07-12;"sexta-feira";"02:00:00";"TO";153;389;"RIO DOS BOIS";"Falta de Atenção à Condução";"Colisão frontal";"Com Vítimas Feridas";"Plena Noite";"Decrescente";"Céu Claro";"Simples";"Reta";"Sim";2;0;1;0;1;0;1;2;-9,32090992;-48,54216382;"SPRF-TO";"DEL02-TO";"UOP02-DEL02-TO"
221477;2019-07-12;"sexta-feira";"03:45:00";"PE";104;27,5;"TORITAMA";"Falta de Atenção à Condução";"Colisão lateral";"Sem Vítimas";"Plena Noite";"Decrescente";"Nublado";"Simples";"Reta;Aclive";"Sim";3;0;0;0;2;1;0;2;-8,0051;-36,0804;"SPRF-PE";"DEL02-PE";"UOP01-DEL02-PE"
221479;2019-07-12;"sexta-feira";"01:00:00";"PA";10;233,8;"IPIXUNA DO PARA";"Falta de Atenção à Condução";"Colisão lateral";"Com Vítimas Feridas";"Plena Noite";"Crescente";"Nublado";"Simples";"Reta";"Sim";5;0;2;0;1;2;2;3;-2,39570587;-47,53613479;"SPRF-PA";"DEL02-PA";"UOP01-DEL02-PA"
221481;2019-07-12;"sexta-feira";"05:30:00";"SP";116;211;"GUARULHOS";"Falta de Atenção à Condução";"Colisão com objeto estático";"Com Vítimas Feridas";"Amanhecer";"Crescente";"Céu Claro";"Dupla";"Reta";"Sim";7;0;0;1;6;0;1;7;-23,4324306;-46,4194352;"SPRF-SP";"DEL01-SP";"UOP01-DEL01-SP"
221482;2019-07-12;"sexta-feira";"06:30:00";"CE";222;211;"FORQUILHA";"Falta de Atenção à Condução";"Colisão transversal";"Sem Vítimas";"Pleno dia";"Crescente";"Céu Claro";"Simples";"Interseção de Vias";"Sim";2;0;0;0;2;0;0;2;-3,794107;-40,275047;"SPRF-CE";"DEL04-CE";"UOP01-DEL04-CE"
221483;2019-07-12;"sexta-feira";"06:10:00";"MG";262;54,4;"MANHUACU";"Restrição de Visibilidade";"Tombamento";"Com Vítimas Fatais";"Amanhecer";"Crescente";"Nevoeiro/Neblina";"Simples";"Reta";"Não";2;1;0;0;1;0;0;2;-20,26134902;-42,16469099;"SPRF-MG";"DEL06-MG";"UOP03-DEL06-MG"
221488;2019-07-12;"sexta-feira";"05:40:00";"MG";381;480,6;"CONTAGEM";"Velocidade Incompatível";"Colisão com objeto estático";"Com Vítimas Feridas";"Amanhecer";"Crescente";"Céu Claro";"Dupla";"Curva";"Sim";10;0;6;3;0;1;9;7;-19,95749597;-44,07899901;"SPRF-MG";"DEL01-MG";"UOP03-DEL01-MG"
221491;2019-07-12;"sexta-feira";"06:50:00";"ES";101;266,8;"SERRA";"Falta de Atenção à Condução";"Colisão lateral";"Com Vítimas Feridas";"Pleno dia";"Crescente";"Sol";"Múltipla";"Reta";"Sim";2;0;1;0;1;0;1;2;-20,190199;-40,26828891;"SPRF-ES";"DEL02-ES";"UOP01-DEL02-ES"
221494;2019-07-12;"sexta-feira";"06:40:00";"MT";364;201;"RONDONOPOLIS";"Falta de Atenção à Condução";"Queda de ocupante de veículo";"Com Vítimas Feridas";"Pleno dia";"Decrescente";"Céu Claro";"Dupla";"Reta";"Sim";4;0;2;0;1;3;2;5;-16,491405;-54,646378;"SPRF-MT";"DEL02-MT";"UOP01-DEL02-MT"
221502;2019-07-12;"sexta-feira";"08:30:00";"MG";116;644,8;"FERVEDOURO";"Desobediência às normas de trânsito pelo condutor";"Colisão frontal";"Com Vítimas Feridas";"Pleno dia";"Crescente";"Céu Claro";"Simples";"Curva";"Não";2;0;1;0;1;0;1;2;-20,67036494;-42,26892041;"SPRF-MG";"DEL07-MG";"UOP03-DEL07-MG"
221508;2019-07-12;"sexta-feira";"07:30:00";"RJ";40;122;"DUQUE DE CAXIAS";"Falta de Atenção à Condução";"Colisão traseira";"Com Vítimas Feridas";"Pleno dia";"Crescente";"Sol";"Múltipla";"Reta";"Sim";3;0;0;2;1;0;2;2;-22,79083113;-43,28611569;"SPRF-RJ";"DEL01-RJ";"UOP01-DEL01-RJ"
221513;2019-07-12;"sexta-feira";"06:30:00";"RO";421;27,3;"MONTE NEGRO";"Desobediência às normas de trânsito pelo condutor";"Colisão frontal";"Com Vítimas Fatais";"Amanhecer";"Decrescente";"Céu Claro";"Simples";"Reta";"Não";5;1;1;3;0;0;4;2;-10,089358;-63,22068;"SPRF-RO";"DEL03-RO";"DEL21/3-UOP04/RO"
221515;2019-07-12;"sexta-feira";"08:20:00";"RO";364;508,9;"ARIQUEMES";"Falta de Atenção à Condução";"Queda de ocupante de veículo";"Com Vítimas Feridas";"Pleno dia";"Decrescente";"Céu Claro";"Simples";"Reta";"Não";2;0;1;0;1;0;1;2;-9,97800567;-63,03088672;"SPRF-RO";"DEL03-RO";"UOP01-DEL03-RO"
221527;2019-07-12;"sexta-feira";"11:10:00";"MG";40;710,8;"BARBACENA";"Velocidade Incompatível";"Tombamento";"Com Vítimas Feridas";"Pleno dia";"Crescente";"Céu Claro";"Dupla";"Curva";"Não";8;0;4;0;3;1;4;4;-21,24345674;-43,71417309;"SPRF-MG";"DEL05-MG";"UOP02-DEL05-MG"
221529;2019-07-12;"sexta-feira";"11:05:00";"PR";116;99,5;"SAO JOSE DOS PINHAIS";"Falta de Atenção à Condução";"Colisão lateral";"Sem Vítimas";"Pleno dia";"Decrescente";"Sol";"Dupla";"Reta";"Não";2;0;0;0;2;0;0;2;-25,52682231;-49,14038767;"SPRF-PR";"DEL01-PR";"UOP01-DEL01-PR"
221531;2019-07-12;"sexta-feira";"09:20:00";"RO";364;25;"VILHENA";"Desobediência às normas de trânsito pelo condutor";"Colisão traseira";"Com Vítimas Feridas";"Pleno dia";"Decrescente";"Céu Claro";"Simples";"Reta";"Não";4;0;2;0;1;2;2;5;-12,72462637;-60,22962301;"SPRF-RO";"DEL04-RO";"UOP01-DEL04-RO"
221536;2019-07-12;"sexta-feira";"09:30:00";"MG";40;275;"TRES MARIAS";"Falta de Atenção à Condução";"Colisão transversal";"Com Vítimas Feridas";"Pleno dia";"Decrescente";"Céu Claro";"Simples";"Reta;Interseção de Vias";"Sim";3;0;1;1;1;0;2;2;-18,20105594;-45,23622936;"SPRF-MG";"DEL14-MG";"UOP02-DEL14-MG"
221537;2019-05-17;"sexta-feira";"13:40:00";"MG";365;649;"UBERLANDIA";"Defeito Mecânico no Veículo";"Incêndio";"Com Vítimas Feridas";"Pleno dia";"Crescente";"Nublado";"Dupla";"Reta";"Não";1;0;1;0;0;0;1;1;-18,87111351;-48,5495801;"SPRF-MG";"DEL15-MG";"UOP01-DEL15-MG"
221538;2019-07-12;"sexta-feira";"09:15:00";"MT";163;33;"ITIQUIRA";"Defeito Mecânico no Veículo";"Colisão com objeto estático";"Com Vítimas Feridas";"Pleno dia";"Decrescente";"Céu Claro";"Múltipla";"Reta";"Não";1;0;1;0;0;0;1;1;-17,22667198;-54,75934919;"SPRF-MT";"DEL02-MT";"DEL2/2-UOP02/MT"
221539;2019-07-12;"sexta-feira";"12:00:00";"MG";381;449,9;"SANTA LUZIA";"Não guardar distância de segurança";"Engavetamento";"Com Vítimas Feridas";"Pleno dia";"Decrescente";"Sol";"Simples";"Reta";"Não";6;0;2;0;4;0;2;3;-19,82980073;-43,84321153;"SPRF-MG";"DEL01-MG";"UOP01-DEL01-MG"
221544;2019-07-12;"sexta-feira";"13:00:00";"MG";40;408;"CURVELO";"Defeito Mecânico no Veículo";"Saída de leito carroçável";"Com Vítimas Feridas";"Pleno dia";"Decrescente";"Céu Claro";"Simples";"Reta";"Não";1;0;0;1;0;0;1;1;-19,10122005;-44,65198533;"SPRF-MG";"DEL02-MG";"UOP01-DEL02-MG"
221545;2019-07-12;"sexta-feira";"07:50:00";"MT";70;277;"PRIMAVERA DO LESTE";"Falta de Atenção à Condução";"Colisão traseira";"Sem Vítimas";"Pleno dia";"Crescente";"Céu Claro";"Simples";"Reta";"Não";3;0;0;0;2;2;0;4;-15,55572064;-54,27085588;"SPRF-MT";"DEL05-MT";"UOP01-DEL05-MT"
221546;2019-07-12;"sexta-feira";"09:00:00";"MG";459;92;"CONGONHAL";"Fenômenos da Natureza";"Colisão lateral";"Sem Vítimas";"Pleno dia";"Decrescente";"Céu Claro";"Simples";"Curva";"Não";3;0;0;0;3;0;0;3;-22,173647;-46,001644;"SPRF-MG";"DEL16-MG";"UOP01-DEL09-MG"
221547;2019-07-12;"sexta-feira";"13:00:00";"SP";116;229;"SAO PAULO";"Falta de Atenção à Condução";"Colisão traseira";"Com Vítimas Feridas";"Pleno dia";"Crescente";"Céu Claro";"Múltipla";"Reta";"Sim";3;0;2;0;1;0;2;2;-23,51291902;-46,57604698;"SPRF-SP";"DEL01-SP";"UOP01-DEL01-SP"
221553;2019-07-12;"sexta-feira";"13:25:00";"RS";285;118,8;"VACARIA";"Falta de Atenção à Condução";"Colisão lateral";"Com Vítimas Feridas";"Pleno dia";"Decrescente";"Sol";"Simples";"Reta";"Sim";3;0;1;0;1;1;1;3;-28,508183;-50,912724;"SPRF-RS";"DEL05-RS";"UOP03-DEL05-RS"
221561;2019-07-12;"sexta-feira";"14:00:00";"SC";101;68,8;"ARAQUARI";"Não guardar distância de segurança";"Engavetamento";"Com Vítimas Feridas";"Pleno dia";"Decrescente";"Céu Claro";"Dupla";"Reta";"Não";4;0;1;0;3;0;1;4;-26,5012059;-48,72904301;"SPRF-SC";"DEL03-SC";"UOP02-DEL03-SC"
221565;2019-07-12;"sexta-feira";"14:55:00";"PE";408;89,4;"SAO LOURENCO DA MATA";"Falta de Atenção à Condução";"Colisão traseira";"Com Vítimas Feridas";"Pleno dia";"Crescente";"Céu Claro";"Dupla";"Reta";"Sim";2;0;1;0;1;0;1;2;-7,98149086;-35,08112279;"SPRF-PE";"DEL01-PE";"UOP01-DEL01-PE"
221566;2019-07-12;"sexta-feira";"07:40:00";"SP";381;33,5;"ATIBAIA";"Restrição de Visibilidade";"Colisão traseira";"Com Vítimas Feridas";"Pleno dia";"Decrescente";"Céu Claro";"Dupla";"Aclive";"Sim";2;0;0;1;1;0;1;2;-23,0728028;-46,56673562;"SPRF-SP";"DEL03-SP";"UOP02-DEL03-SP"
221569;2019-02-22;"sexta-feira";"16:00:00";"MS";262;310,5;"CAMPO GRANDE";"Restrição de Visibilidade";"Engavetamento";"Com Vítimas Feridas";"Pleno dia";"Crescente";"Céu Claro";"Simples";"Reta";"Não";9;0;3;0;4;2;3;8;-20,47927561;-54,34906483;"SPRF-MS";"DEL01-MS";"UOP01-DEL01-MS"
221575;2019-07-12;"sexta-feira";"15:30:00";"ES";101;176;"LINHARES";"Não guardar distância de segurança";"Colisão traseira";"Com Vítimas Feridas";"Pleno dia";"Crescente";"Céu Claro";"Simples";"Reta";"Não";2;0;0;1;1;0;1;2;-19,59523801;-40,19835299;"SPRF-ES";"DEL04-ES";"UOP01-DEL04-ES"
221577;2019-07-12;"sexta-feira";"15:05:00";"RS";290;584;"ALEGRETE";"Falta de Atenção à Condução";"Colisão transversal";"Com Vítimas Feridas";"Pleno dia";"Decrescente";"Céu Claro";"Simples";"Reta";"Sim";3;0;1;0;2;0;1;2;-29,811197;-55,816822;"SPRF-RS";"DEL13-RS";"UOP02-DEL13-RS"
221579;2019-07-12;"sexta-feira";"09:00:00";"MG";0;0;"JOAO PINHEIRO";"Falta de Atenção à Condução";"Colisão com objeto estático";"Sem Vítimas";"Pleno dia";"Não Informado";"Céu Claro";"Simples";"Reta";"Sim";3;0;0;0;2;2;0;4;-17,99308069;-45,60066462;"SPRF-MG";"DEL14-MG";"UOP02-DEL14-MG"
221580;2019-07-12;"sexta-feira";"15:30:00";"ES";101;144,9;"LINHARES";"Não guardar distância de segurança";"Colisão traseira";"Com Vítimas Feridas";"Pleno dia";"Crescente";"Céu Claro";"Simples";"Reta";"Sim";2;0;1;0;1;0;1;2;-19,35188295;-40,0636685;"SPRF-ES";"DEL04-ES";"UOP01-DEL04-ES"
221586;2019-07-12;"sexta-feira";"14:45:00";"GO";153;599;"MORRINHOS";"Defeito Mecânico no Veículo";"Saída de leito carroçável";"Com Vítimas Feridas";"Pleno dia";"Decrescente";"Céu Claro";"Dupla";"Declive";"Não";3;0;2;0;0;1;2;2;-17,5439;-49,2093;"SPRF-GO";"DEL03-GO";"UOP01-DEL03-GO"
221596;2019-07-12;"sexta-feira";"16:45:00";"SC";101;214,2;"PALHOCA";"Desobediência às normas de trânsito pelo condutor";"Colisão lateral";"Com Vítimas Feridas";"Pleno dia";"Decrescente";"Céu Claro";"Múltipla";"Reta";"Sim";2;0;1;0;1;0;1;2;-27,64443;-48,67057;"SPRF-SC";"DEL01-SC";"UOP02-DEL01-SC"
221597;2019-07-12;"sexta-feira";"15:35:00";"PR";153;34,8;"SANTO ANTONIO DA PLATINA";"Falta de Atenção à Condução";"Colisão traseira";"Com Vítimas Feridas";"Pleno dia";"Crescente";"Céu Claro";"Simples";"Aclive;Reta";"Não";4;0;1;0;2;2;1;4;-23,24053595;-50,03827052;"SPRF-PR";"DEL07-PR";"UOP04-DEL07-PR"
221606;2019-07-12;"sexta-feira";"17:20:00";"SC";470;32,6;"GASPAR";"Ultrapassagem Indevida";"Colisão lateral";"Com Vítimas Feridas";"Anoitecer";"Crescente";"Ignorado";"Simples";"Reta";"Sim";3;0;0;1;2;0;1;3;-26,901793;-48,931812;"SPRF-SC";"DEL04-SC";"UOP01-DEL04-SC"
221608;2019-07-08;"segunda-feira";"15:40:00";"SC";101;50;"JOINVILLE";"Falta de Atenção à Condução";"Engavetamento";"Com Vítimas Feridas";"Pleno dia";"Crescente";"Céu Claro";"Múltipla";"Retorno Regulamentado;Reta";"Não";4;0;1;0;3;0;1;3;-26,37546719;-48,85479619;"SPRF-SC";"DEL03-SC";"UOP01-DEL03-SC"
221613;2019-07-12;"sexta-feira";"15:35:00";"MT";70;725;"CACERES";"Falta de Atenção à Condução";"Colisão lateral";"Sem Vítimas";"Pleno dia";"Decrescente";"Sol";"Simples";"Declive";"Não";4;0;0;0;3;1;0;4;-16,19497697;-57,6062649;"SPRF-MT";"DEL03-MT";"UOP01-DEL03-MT"
221616;2019-07-12;"sexta-feira";"16:45:00";"RO";364;758;"PORTO VELHO";"Não guardar distância de segurança";"Tombamento";"Com Vítimas Feridas";"Anoitecer";"Decrescente";"Céu Claro";"Simples";"Reta";"Não";2;0;1;0;1;0;1;1;-9,08648441;-64,0810558;"SPRF-RO";"DEL01-RO";"UOP02-DEL01-RO"
221622;2019-07-12;"sexta-feira";"18:20:00";"RS";386;176;"CARAZINHO";"Falta de Atenção à Condução";"Colisão transversal";"Com Vítimas Feridas";"Plena Noite";"Decrescente";"Céu Claro";"Simples";"Rotatória";"Sim";4;0;2;0;2;0;2;3;-28,274448;-52,770943;"SPRF-RS";"DEL08-RS";"UOP01-DEL08-RS"
221623;2019-07-12;"sexta-feira";"17:25:00";"MS";163;227,1;"CAARAPO";"Falta de Atenção à Condução";"Colisão transversal";"Com Vítimas Feridas";"Anoitecer";"Decrescente";"Céu Claro";"Simples";"Reta";"Não";3;0;1;0;1;2;1;4;-22,48228508;-54,86635369;"SPRF-MS";"DEL04-MS";"UOP02-DEL04-MS"
221625;2019-07-12;"sexta-feira";"18:00:00";"SC";101;307,6;"LAGUNA";"Agressão Externa";"Colisão lateral";"Com Vítimas Feridas";"Plena Noite";"Decrescente";"Céu Claro";"Simples";"Reta";"Sim";2;0;1;0;1;0;1;2;-28,41486334;-48,79420996;"SPRF-SC";"DEL02-SC";"UOP03-DEL02-SC"
221626;2019-07-06;"sábado";"03:25:00";"MS";163;798,2;"SONORA";"Ingestão de Álcool";"Colisão traseira";"Sem Vítimas";"Plena Noite";"Decrescente";"Céu Claro";"Simples";"Reta";"Não";2;0;0;0;2;0;0;2;-17,934858;-54,68485;"SPRF-MS";"DEL06-MS";"UOP01-DEL06-MS"
221642;2019-07-12;"sexta-feira";"18:50:00";"ES";101;294;"CARIACICA";"Não guardar distância de segurança";"Colisão com objeto estático";"Sem Vítimas";"Plena Noite";"Crescente";"Nublado";"Dupla";"Reta;Declive";"Sim";3;0;0;0;3;0;0;3;-20,32415948;-40,3952903;"SPRF-ES";"DEL01-ES";"UOP01-DEL01-ES"
221644;2019-07-12;"sexta-feira";"16:00:00";"RJ";101;61,6;"CAMPOS DOS GOYTACAZES";"Desobediência às normas de trânsito pelo condutor";"Colisão lateral";"Com Vítimas Feridas";"Pleno dia";"Crescente";"Céu Claro";"Simples";"Interseção de Vias";"Sim";3;0;1;0;1;1;1;3;-21,72655788;-41,32133519;"SPRF-RJ";"DEL08-RJ";"UOP01-DEL08-RJ"
221647;2019-07-12;"sexta-feira";"16:16:00";"MG";381;842,9;"SAO SEBASTIAO DA BELA VISTA";"Falta de Atenção à Condução";"Colisão traseira";"Sem Vítimas";"Pleno dia";"Decrescente";"Céu Claro";"Dupla";"Reta";"Não";3;0;0;0;2;3;0;5;-22,21565425;-45,86960261;"SPRF-MG";"DEL16-MG";"UOP01-DEL16-MG"
221650;2019-07-12;"sexta-feira";"16:30:00";"PI";222;1,5;"SAO JOAO DA FRONTEIRA";"Defeito Mecânico no Veículo";"Saída de leito carroçável";"Com Vítimas Feridas";"Anoitecer";"Crescente";"Céu Claro";"Simples";"Curva";"Não";1;0;0;1;0;0;1;1;-3,91754773;-41,24171405;"SPRF-PI";"DEL02-PI";"UOP01-DEL02-PI"
221668;2019-07-12;"sexta-feira";"22:05:00";"BA";116;426,1;"FEIRA DE SANTANA";"Desobediência às normas de trânsito pelo condutor";"Colisão transversal";"Com Vítimas Feridas";"Plena Noite";"Decrescente";"Céu Claro";"Simples";"Reta";"Sim";2;0;0;1;1;0;1;2;-12,25379224;-38,98910522;"SPRF-BA";"DEL02-BA";"UOP01-DEL02-BA"
221670;2019-07-12;"sexta-feira";"20:05:00";"SC";101;37;"JOINVILLE";"Ingestão de Álcool";"Colisão traseira";"Com Vítimas Feridas";"Plena Noite";"Crescente";"Céu Claro";"Dupla";"Reta";"Sim";2;0;1;0;1;0;1;2;-26,25050176;-48,90863867;"SPRF-SC";"DEL03-SC";"UOP01-DEL03-SC"
221671;2019-07-12;"sexta-feira";"19:00:00";"BA";407;220;"CAPIM GROSSO";"Falta de Atenção à Condução";"Colisão lateral";"Com Vítimas Fatais";"Plena Noite";"Crescente";"Nublado";"Simples";"Reta";"Não";2;1;0;0;1;0;0;2;-11,271311;-40,02266804;"SPRF-BA";"DEL04-BA";"UOP02-DEL04-BA"
221674;2019-07-12;"sexta-feira";"18:40:00";"RO";364;489;"ARIQUEMES";"Desobediência às normas de trânsito pelo condutor";"Colisão frontal";"Com Vítimas Feridas";"Anoitecer";"Crescente";"Céu Claro";"Simples";"Declive";"Não";5;0;2;0;2;2;2;5;-10,10773598;-62,93825599;"SPRF-RO";"DEL03-RO";"UOP01-DEL03-RO"
221678;2019-07-12;"sexta-feira";"22:10:00";"SP";116;37,2;"CACHOEIRA PAULISTA";"Falta de Atenção à Condução";"Colisão lateral";"Com Vítimas Feridas";"Plena Noite";"Crescente";"Céu Claro";"Dupla";"Reta";"Não";4;0;1;0;2;1;1;3;-22,66497021;-44,98430985;"SPRF-SP";"DEL08-SP";"UOP02-DEL08-SP"
221687;2019-07-12;"sexta-feira";"23:10:00";"MG";40;486;"ESMERALDAS";"Condutor Dormindo";"Colisão traseira";"Com Vítimas Feridas";"Plena Noite";"Decrescente";"Céu Claro";"Dupla";"Reta";"Não";2;0;0;1;1;0;1;2;-19,59064511;-44,22670625;"SPRF-MG";"DEL02-MG";"UOP01-DEL02-MG"
221688;2019-07-12;"sexta-feira";"23:15:00";"GO";40;8,8;"VALPARAISO DE GOIAS";"Ingestão de Álcool";"Colisão traseira";"Com Vítimas Feridas";"Plena Noite";"Decrescente";"Céu Claro";"Dupla";"Reta";"Sim";3;0;0;1;2;0;1;3;-16,116158;-47,96761;"SPRF-DF";"DEL01-DF";"UOP01-DEL01-DF"
221691;2019-07-12;"sexta-feira";"21:00:00";"PI";135;543;"SAO GONCALO DO GURGUEIA";"Defeito Mecânico no Veículo";"Tombamento";"Sem Vítimas";"Plena Noite";"Decrescente";"Céu Claro";"Simples";"Curva";"Não";2;0;0;0;1;3;0;4;-10,05498197;-45,27626292;"SPRF-PI";"DEL03-PI";"UOP02-DEL03-PI"
221693;2019-07-12;"sexta-feira";"23:25:00";"MG";50;70;"UBERLANDIA";"Falta de Atenção à Condução";"Colisão transversal";"Sem Vítimas";"Plena Noite";"Decrescente";"Céu Claro";"Dupla";"Reta";"Sim";3;0;0;0;3;0;0;2;-18,85140204;-48,25345932;"SPRF-MG";"DEL15-MG";"UOP01-DEL15-MG"
221694;2019-07-12;"sexta-feira";"23:50:00";"MG";381;761,3;"CAMPANHA";"Condutor Dormindo";"Colisão com objeto estático";"Com Vítimas Feridas";"Plena Noite";"Decrescente";"Ignorado";"Dupla";"Curva";"Não";1;0;1;0;0;0;1;1;-21,73238173;-45,38248249;"SPRF-MG";"DEL16-MG";"UOP02-DEL16-MG"
221695;2019-07-12;"sexta-feira";"20:00:00";"MG";116;70,2;"MEDINA";"Falta de Atenção à Condução";"Colisão transversal";"Com Vítimas Fatais";"Plena Noite";"Decrescente";"Céu Claro";"Simples";"Reta";"Não";2;1;1;0;0;0;1;2;-16,21174316;-41,47629569;"SPRF-MG";"DEL11-MG";"UOP02-DEL11-MG"
221704;2019-07-13;"sábado";"00:45:00";"RR";174;508;"BOA VISTA";"Ingestão de Álcool";"Colisão traseira";"Sem Vítimas";"Plena Noite";"Crescente";"Nublado";"Simples";"Reta";"Sim";2;0;0;0;2;0;0;2;2,830893;-60,708496;"SPRF-RR";"DEL01-RR";"UOP01-DEL01-RR"
221706;2019-07-13;"sábado";"02:10:00";"RS";290;10;"OSORIO";"Desobediência às normas de trânsito pelo condutor";"Colisão com objeto estático";"Sem Vítimas";"Plena Noite";"Decrescente";"Chuva";"Múltipla";"Reta";"Não";2;0;0;0;1;1;0;2;-29,891388;-50,373714;"SPRF-RS";"DEL03-RS";"UOP01-DEL03-RS"
221707;2019-07-13;"sábado";"02:30:00";"DF";80;9,9;"BRASILIA";"Defeito Mecânico no Veículo";"Saída de leito carroçável";"Sem Vítimas";"Plena Noite";"Crescente";"Céu Claro";"Simples";"Rotatória;Reta";"Não";1;0;0;0;1;0;0;1;-15,731064;-48,159393;"SPRF-DF";"DEL01-DF";"UOP02-DEL03-DF"
221711;2019-07-12;"sexta-feira";"22:45:00";"SC";280;1;"SAO FRANCISCO DO SUL";"Falta de Atenção à Condução";"Colisão transversal";"Com Vítimas Feridas";"Plena Noite";"Crescente";"Nublado";"Simples";"Curva";"Não";4;0;0;2;1;2;2;4;-26,23513098;-48,62815601;"SPRF-SC";"DEL03-SC";"UOP03-DEL03-SC"
221713;2019-07-13;"sábado";"03:50:00";"MG";116;774,7;"LEOPOLDINA";"Velocidade Incompatível";"Tombamento";"Com Vítimas Feridas";"Plena Noite";"Decrescente";"Nublado";"Simples";"Curva";"Não";2;0;1;0;0;1;1;2;-21,58153704;-42,68870355;"SPRF-MG";"DEL07-MG";"UOP01-DEL07-MG"
221725;2019-07-13;"sábado";"05:50:00";"PR";277;35;"MORRETES";"Defeito Mecânico no Veículo";"Colisão traseira";"Com Vítimas Feridas";"Amanhecer";"Decrescente";"Céu Claro";"Dupla";"Reta";"Não";4;0;0;2;1;2;2;4;-25,56011566;-48,81439895;"SPRF-PR";"DEL01-PR";"UOP05-DEL01-PR"
221727;2019-07-13;"sábado";"06:00:00";"MG";153;218,8;"FRUTAL";"Falta de Atenção à Condução";"Colisão transversal";"Com Vítimas Fatais";"Amanhecer";"Crescente";"Céu Claro";"Simples";"Reta";"Não";4;1;1;0;1;3;1;5;-20,13632401;-49,10999889;"SPRF-MG";"DEL13-MG";"UOP02-DEL13-MG"
221728;2019-07-13;"sábado";"06:00:00";"PR";376;593;"CURITIBA";"Ingestão de Álcool";"Colisão traseira";"Com Vítimas Feridas";"Amanhecer";"Crescente";"Céu Claro";"Dupla";"Reta";"Sim";8;0;2;0;5;1;2;3;-25,47642706;-49,35092413;"SPRF-PR";"DEL01-PR";"UOP06-DEL01-PR"