"id";"data_inversa";"dia_semana";"horario";"uf";"br";"km";"municipio";"causa_acidente";"tipo_acidente";"classificacao_acidente";"fase_dia";"sentido_via";"condicao_metereologica";"tipo_pista";"tracado_via";"uso_solo";"pessoas";"mortos";"feridos_leves";"feridos_graves";"ilesos";"ignorados";"feridos";"veiculos";"latitude";"longitude";"regional";"delegacia";"uop"
221749;2019-07-13;"sábado";"07:30:00";"BA";324;612,4;"SALVADOR";"Não guardar distância de segurança";"Colisão traseira";"Com Vítimas Feridas";"Pleno dia";"Decrescente";"Garoa/Chuvisco";"Dupla";"Reta";"Sim";8;0;1;0;6;1;1;7;-12,84664721;-38,41741648;"SPRF-BA";"DEL01-BA";"UOP01-DEL01-BA"
221763;2019-07-13;"sábado";"07:40:00";"GO";80;69;"PADRE BERNARDO";"Velocidade Incompatível";"Tombamento";"Com Vítimas Fatais";"Pleno dia";"Crescente";"Céu Claro";"Simples";"Curva";"Não";2;1;0;0;0;2;0;3;-15,210366;-48,473693;"SPRF-DF";"DEL01-DF";"UOP02-DEL03-DF"
221767;2019-07-13;"sábado";"08:40:00";"MT";163;666,9;"LUCAS DO RIO VERDE";"Defeito Mecânico no Veículo";"Colisão frontal";"Com Vítimas Feridas";"Pleno dia";"Crescente";"Céu Claro";"Simples";"Reta";"Não";15;0;0;2;2;13;2;6;-13,24529259;-56,01379395;"SPRF-MT";"DEL06-MT";"UOP01-DEL06-MT"
221768;2019-07-13;"sábado";"10:00:00";"BA";116;373;"SANTA BARBARA";"Ingestão de Álcool";"Colisão frontal";"Sem Vítimas";"Pleno dia";"Decrescente";"Sol";"Simples";"Curva";"Não";3;0;0;0;2;1;0;3;-11,788313;-38,98560509;"SPRF-BA";"DEL02-BA";"UOP01-DEL02-BA"
221772;2019-07-13;"sábado";"05:20:00";"BA";110;84;"JEREMOABO";"Condutor Dormindo";"Colisão frontal";"Com Vítimas Fatais";"Amanhecer";"Crescente";"Céu Claro";"Simples";"Declive";"Não";4;1;1;1;1;0;2;2;-10,15988418;-38,28147226;"SPRF-BA";"DEL07-BA";"UOP01-DEL07-BA"
221778;2019-07-13;"sábado";"10:30:00";"SC";280;22;"ARAQUARI";"Falta de Atenção à Condução";"Colisão transversal";"Com Vítimas Feridas";"Pleno dia";"Crescente";"Sol";"Simples";"Reta";"Não";4;0;2;0;2;0;2;2;-26,37092616;-48,70204099;"SPRF-SC";"DEL03-SC";"UOP03-DEL03-SC"
221786;2019-07-13;"sábado";"12:00:00";"MG";153;158,7;"COMENDADOR GOMES";"Ingestão de Álcool";"Tombamento";"Com Vítimas Feridas";"Pleno dia";"Crescente";"Céu Claro";"Simples";"Reta";"Não";2;0;1;0;0;1;1;2;-19,64088879;-48,96764236;"SPRF-MG";"DEL13-MG";"UOP02-DEL13-MG"
221789;2019-07-13;"sábado";"08:45:00";"MG";116;771;"LEOPOLDINA";"Falta de Atenção à Condução";"Tombamento";"Com Vítimas Feridas";"Pleno dia";"Crescente";"Céu Claro";"Simples";"Curva";"Sim";2;0;1;0;0;1;1;2;-21,55092647;-42,67140538;"SPRF-MG";"DEL07-MG";"UOP01-DEL07-MG"
221791;2019-07-13;"sábado";"13:05:00";"PR";116;196;"RIO NEGRO";"Não guardar distância de segurança";"Colisão traseira";"Com Vítimas Feridas";"Pleno dia";"Crescente";"Céu Claro";"Simples";"Declive";"Não";2;0;1;0;1;0;1;2;-26,00463004;-49,66991783;"SPRF-SC";"DEL06-SC";"UOP01-DEL06-SC"
221792;2019-07-13;"sábado";"13:00:00";"MG";365;742;"ITUIUTABA";"Defeito Mecânico no Veículo";"Colisão com objeto estático";"Com Vítimas Fatais";"Pleno dia";"Crescente";"Céu Claro";"Simples";"Ponte";"Não";3;1;0;0;0;2;0;3;-18,92045773;-49,41898027;"SPRF-MG";"DEL15-MG";"UOP03-DEL15-MG"
221794;2019-07-13;"sábado";"11:32:00";"SP";101;47,2;"UBATUBA";"Falta de Atenção à Condução";"Colisão lateral";"Com Vítimas Feridas";"Pleno dia";"Decrescente";"Céu Claro";"Simples";"Rotatória";"Sim";3;0;1;0;2;0;1;2;-23,429897;-45,082436;"SPRF-SP";"DEL06-SP";"UOP01-DEL06-SP"
221813;2019-07-13;"sábado";"14:40:00";"GO";452;15;"RIO VERDE";"Falta de Atenção à Condução";"Tombamento";"Com Vítimas Feridas";"Pleno dia";"Decrescente";"Sol";"Simples";"Reta";"Não";2;0;1;0;0;1;1;2;-17,84897532;-50,77576613;"SPRF-GO";"DEL04-GO";"UOP01-DEL04-GO"
221822;2019-07-13;"sábado";"16:00:00";"MG";153;50;"MONTE ALEGRE DE MINAS";"Velocidade Incompatível";"Colisão com objeto em movimento";"Com Vítimas Feridas";"Pleno dia";"Decrescente";"Céu Claro";"Dupla";"Reta";"Não";3;0;1;0;2;0;1;3;-18,82197896;-49,0877554;"SPRF-MG";"DEL15-MG";"UOP03-DEL15-MG"
221823;2019-07-13;"sábado";"16:00:00";"RN";304;43;"MOSSORO";"Falta de Atenção à Condução";"Colisão com objeto estático";"Com Vítimas Feridas";"Pleno dia";"Crescente";"Céu Claro";"Dupla";"Reta";"Sim";3;0;1;0;2;0;1;3;-5,21815835;-37,36500124;"SPRF-RN";"DEL04-RN";"UOP01-DEL04-RN"
221825;2019-07-13;"sábado";"11:30:00";"RJ";116;219,2;"PIRAI";"Defeito Mecânico no Veículo";"Tombamento";"Sem Vítimas";"Pleno dia";"Decrescente";"Céu Claro";"Simples";"Curva";"Não";2;0;0;0;1;2;0;3;-22,68340032;-43,8261795;"SPRF-RJ";"DEL07-RJ";"UOP01-DEL07-RJ"
221830;2019-07-13;"sábado";"17:10:00";"RN";304;48,9;"MOSSORO";"Falta de Atenção à Condução";"Colisão lateral";"Sem Vítimas";"Pleno dia";"Decrescente";"Sol";"Simples";"Reta";"Sim";3;0;0;0;1;3;0;4;-5,22868577;-37,32203081;"SPRF-RN";"DEL04-RN";"UOP01-DEL04-RN"
221835;2019-07-13;"sábado";"17:30:00";"BA";101;97;"ALAGOINHAS";"Falta de Atenção à Condução";"Colisão transversal";"Com Vítimas Feridas";"Anoitecer";"Crescente";"Céu Claro";"Simples";"Interseção de Vias";"Não";4;0;1;0;2;1;1;3;-12,11555315;-38,39184587;"SPRF-BA";"DEL01-BA";"UOP04-DEL01-BA"
221845;2019-07-13;"sábado";"18:30:00";"PR";277;6,8;"PARANAGUA";"Falta de Atenção do Pedestre";"Atropelamento de Pedestre";"Com Vítimas Fatais";"Plena Noite";"Crescente";"Céu Claro";"Dupla";"Interseção de Vias";"Sim";2;1;0;0;1;0;0;2;-25,51282427;-48,52089822;"SPRF-PR";"DEL01-PR";"UOP05-DEL01-PR"
221852;2019-07-13;"sábado";"16:30:00";"CE";20;230,1;"MADALENA";"Defeito Mecânico no Veículo";"Tombamento";"Sem Vítimas";"Pleno dia";"Decrescente";"Céu Claro";"Simples";"Reta";"Não";2;0;0;0;1;2;0;3;-4,9181969;-39,61902113;"SPRF-CE";"DEL02-CE";"UOP02-DEL02-CE"
221856;2019-07-13;"sábado";"18:45:00";"PR";373;183,3;"PONTA GROSSA";"Ingestão de Álcool";"Colisão transversal";"Com Vítimas Feridas";"Plena Noite";"Decrescente";"Céu Claro";"Dupla";"Reta";"Não";3;0;1;0;2;0;1;2;-25,03935712;-50,2767641;"SPRF-PR";"DEL03-PR";"UOP01-DEL03-PR"
221859;2019-07-13;"sábado";"18:55:00";"PR";373;172;"PONTA GROSSA";"Falta de Atenção à Condução";"Colisão lateral";"Com Vítimas Feridas";"Plena Noite";"Crescente";"Céu Claro";"Dupla";"Reta";"Sim";5;0;3;0;1;2;3;4;-25,08139932;-50,19200981;"SPRF-PR";"DEL03-PR";"UOP01-DEL03-PR"
221861;2019-07-13;"sábado";"19:30:00";"MG";459;101,3;"POUSO ALEGRE";"Velocidade Incompatível";"Colisão com objeto estático";"Com Vítimas Feridas";"Plena Noite";"Crescente";"Céu Claro";"Dupla";"Curva";"Sim";1;0;1;0;0;0;1;1;-22,22099642;-45,91321981;"SPRF-MG";"DEL16-MG";"UOP01-DEL16-MG"
221888;2019-07-13;"sábado";"22:10:00";"PR";376;181;"MARINGA";"Falta de Atenção à Condução";"Colisão lateral";"Com Vítimas Feridas";"Plena Noite";"Crescente";"Céu Claro";"Dupla";"Reta";"Sim";3;0;0;1;1;1;1;3;-23,42704349;-51,89555168;"SPRF-PR";"DEL07-PR";"UOP01-DEL09-PR"
221891;2019-07-13;"sábado";"14:30:00";"MT";364;516;"ROSARIO OESTE";"Falta de Atenção à Condução";"Colisão traseira";"Com Vítimas Feridas";"Pleno dia";"Crescente";"Céu Claro";"Simples";"Reta";"Não";2;0;1;0;1;0;1;2;-15,12974798;-56,52181633;"SPRF-MT";"DEL01-MT";"DEL2/4-UOP02/MT"
221896;2019-07-13;"sábado";"18:28:00";"MG";262;13,1;"MARTINS SOARES";"Falta de Atenção à Condução";"Colisão transversal";"Com Vítimas Feridas";"Plena Noite";"Crescente";"Céu Claro";"Simples";"Rotatória";"Sim";3;0;0;1;1;1;1;3;-20,25771509;-41,86161294;"SPRF-MG";"DEL06-MG";"UOP03-DEL06-MG"
221916;2019-07-13;"sábado";"22:15:00";"SP";116;511;"CAJATI";"Velocidade Incompatível";"Tombamento";"Com Vítimas Feridas";"Plena Noite";"Decrescente";"Céu Claro";"Dupla";"Curva";"Não";2;0;1;0;1;0;1;1;-24,84220366;-48,21418762;"SPRF-SP";"DEL05-SP";"UAP01-DEL05-SP"
221923;2019-07-13;"sábado";"17:13:00";"MT";163;750;"SORRISO";"Falta de Atenção à Condução";"Derramamento de carga";"Sem Vítimas";"Anoitecer";"Decrescente";"Céu Claro";"Múltipla";"Retorno Regulamentado";"Sim";3;0;0;0;2;3;0;5;-12,57290561;-55,72766846;"SPRF-MT";"DEL06-MT";"UOP01-DEL06-MT"
221925;2019-07-14;"domingo";"01:35:00";"SE";235;48,8;"ITABAIANA";"Animais na Pista";"Colisão frontal";"Sem Vítimas";"Plena Noite";"Crescente";"Nevoeiro/Neblina";"Simples";"Reta";"Não";1;0;0;0;1;0;0;1;-10,724387;-37,41708;"SPRF-SE";"DEL01-SE";"UOP02-DEL01-SE"
221926;2019-07-14;"domingo";"01:25:00";"BA";20;208;"LUIS EDUARDO MAGALHAES";"Falta de Atenção à Condução";"Colisão transversal";"Com Vítimas Feridas";"Plena Noite";"Decrescente";"Céu Claro";"Simples";"Reta";"Não";2;0;1;0;1;0;1;2;-12,112343;-45,810581;"SPRF-BA";"DEL10-BA";"UOP01-DEL10-BA"
221928;2019-07-13;"sábado";"19:40:00";"MG";116;503,5;"INHAPIM";"Desobediência às normas de trânsito pelo condutor";"Colisão frontal";"Com Vítimas Fatais";"Plena Noite";"Crescente";"Nublado";"Simples";"Reta";"Não";4;1;1;1;0;2;2;4;-19,58559493;-42,11244886;"SPRF-MG";"DEL06-MG";"UOP02-DEL06-MG"
221937;2019-07-13;"sábado";"23:20:00";"MG";262;487,5;"BOM DESPACHO";"Desobediência às normas de trânsito pelo condutor";"Colisão frontal";"Com Vítimas Fatais";"Plena Noite";"Crescente";"Céu Claro";"Simples";"Retorno Regulamentado";"Não";3;1;1;0;0;1;1;3;-19,78526432;-45,31343803;"SPRF-MG";"DEL08-MG";"UOP03-DEL08-MG"
221940;2019-07-14;"domingo";"02:20:00";"BA";116;815,7;"VITORIA DA CONQUISTA";"Ingestão de Álcool";"Colisão lateral";"Sem Vítimas";"Plena Noite";"Decrescente";"Nublado";"Simples";"Reta";"Não";3;0;0;0;2;1;0;3;-14,77315332;-40,72201784;"SPRF-BA";"DEL08-BA";"UOP01-DEL08-BA"
221947;2019-07-14;"domingo";"01:05:00";"SP";116;527;"BARRA DO TURVO";"Defeito Mecânico no Veículo";"Incêndio";"Sem Vítimas";"Plena Noite";"Crescente";"Nublado";"Dupla";"Reta";"Não";1;0;0;0;1;0;0;1;-24,93316099;-48,283076;"SPRF-SP";"DEL05-SP";"UOP02-DEL05-SP"
221953;2019-07-14;"domingo";"02:00:00";"MG";262;913;"CAMPO FLORIDO";"Falta de Atenção à Condução";"Saída de leito carroçável";"Com Vítimas Feridas";"Plena Noite";"Crescente";"Céu Claro";"Simples";"Interseção de Vias";"Não";3;0;2;0;0;2;2;3;-19,629816;-48,84921;"SPRF-MG";"DEL13-MG";"UOP02-DEL13-MG"
221955;2019-07-14;"domingo";"01:10:00";"MG";251;200,1;"CACHOEIRA DE PAJEU";"Defeito Mecânico no Veículo";"Incêndio";"Sem Vítimas";"Plena Noite";"Crescente";"Céu Claro";"Simples";"Reta";"Não";2;0;0;0;1;1;0;2;-15,86580112;-41,48103708;"SPRF-MG";"DEL11-MG";"UOP02-DEL11-MG"
221984;2019-07-14;"domingo";"08:55:00";"PR";116;95;"SAO JOSE DOS PINHAIS";"Falta de Atenção à Condução";"Queda de ocupante de veículo";"Com Vítimas Feridas";"Pleno dia";"Decrescente";"Céu Claro";"Múltipla";"Reta";"Não";5;0;2;0;2;1;2;5;-25,4971982;-49,11761871;"SPRF-PR";"DEL01-PR";"UOP01-DEL01-PR"
221989;2019-07-14;"domingo";"08:50:00";"GO";158;275,2;"JATAI";"Defeito Mecânico no Veículo";"Derramamento de carga";"Sem Vítimas";"Pleno dia";"Decrescente";"Céu Claro";"Dupla";"Curva";"Sim";1;0;0;0;1;0;0;1;-17,90323914;-51,72991613;"SPRF-GO";"DEL05-GO";"UOP01-DEL05-GO"
221993;2019-07-14;"domingo";"07:20:00";"BA";116;813,8;"VITORIA DA CONQUISTA";"Desobediência às normas de trânsito pelo condutor";"Colisão lateral";"Com Vítimas Feridas";"Pleno dia";"Crescente";"Céu Claro";"Simples";"Reta";"Sim";3;0;0;1;1;1;1;3;-14,764626;-40,70569;"SPRF-BA";"DEL08-BA";"UOP01-DEL08-BA"
221994;2019-07-14;"domingo";"07:15:00";"BA";116;747;"POCOES";"Velocidade Incompatível";"Saída de leito carroçável";"Sem Vítimas";"Pleno dia";"Decrescente";"Céu Claro";"Simples";"Curva;Declive";"Não";2;0;0;0;1;1;0;2;-14,40741502;-40,35443706;"SPRF-BA";"DEL08-BA";"UOP02-DEL08-BA"
221996;2019-06-05;"quarta-feira";"16:20:00";"PA";10;301,7;"IRITUIA";"Não guardar distância de segurança";"Colisão traseira";"Sem Vítimas";"Pleno dia";"Crescente";"Nublado";"Simples";"Reta";"Não";3;0;0;0;2;1;0;3;-1,79908701;-47,51402881;"SPRF-PA";"DEL02-PA";"UOP01-DEL02-PA"
222012;2019-07-14;"domingo";"10:45:00";"AL";423;17;"CANAPI";"Falta de Atenção à Condução";"Colisão lateral";"Com Vítimas Feridas";"Pleno dia";"Crescente";"Céu Claro";"Simples";"Reta";"Não";3;0;1;0;0;2;1;2;-9,16830758;-37,43720914;"SPRF-AL";"DEL03-AL";"UOP02-DEL03-AL"
222014;2019-07-14;"domingo";"10:25:00";"MS";158;117;"APARECIDA DO TABOADO";"Falta de Atenção à Condução";"Colisão frontal";"Com Vítimas Fatais";"Pleno dia";"Decrescente";"Céu Claro";"Simples";"Reta";"Não";5;1;2;0;0;3;2;5;-19,84856616;-51,11706667;"SPRF-MS";"DEL08-MS";"UOP01-DEL08-MS"
222026;2019-07-14;"domingo";"13:15:00";"GO";153;268,3;"NOVA GLORIA";"Não guardar distância de segurança";"Colisão lateral";"Com Vítimas Fatais";"Pleno dia";"Decrescente";"Céu Claro";"Simples";"Reta";"Não";9;3;1;2;2;1;3;4;-15,053931;-49,447121;"SPRF-GO";"DEL07-GO";"UOP02-DEL07-GO"
222028;2019-07-14;"domingo";"09:40:00";"RS";290;207,1;"RIO PARDO";"Falta de Atenção à Condução";"Colisão lateral";"Com Vítimas Feridas";"Pleno dia";"Decrescente";"Garoa/Chuvisco";"Simples";"Reta";"Não";4;0;1;0;2;1;1;2;-30,167908;-52,288261;"SPRF-RS";"DEL02-RS";"UOP02-DEL02-RS"
222029;2019-07-14;"domingo";"13:20:00";"PE";101;138;"ESCADA";"Velocidade Incompatível";"Tombamento";"Com Vítimas Feridas";"Pleno dia";"Crescente";"Chuva";"Dupla";"Curva";"Não";2;0;1;0;0;1;1;2;-8,42065517;-35,31808569;"SPRF-PE";"DEL01-PE";"UOP03-DEL01-PE"
222033;2019-07-14;"domingo";"11:30:00";"PR";373;242;"GUAMIRANGA";"Desobediência às normas de trânsito pelo condutor";"Colisão traseira";"Com Vítimas Feridas";"Pleno dia";"Crescente";"Sol";"Simples";"Reta";"Não";4;0;2;0;2;0;2;2;-25,196922;-50,77779;"SPRF-PR";"DEL03-PR";"UOP01-DEL03-PR"
222040;2019-07-14;"domingo";"14:30:00";"PR";376;262,8;"CALIFORNIA";"Falta de Atenção à Condução";"Tombamento";"Com Vítimas Feridas";"Pleno dia";"Crescente";"Céu Claro";"Simples";"Curva";"Não";2;0;0;1;0;1;1;2;-23,69822425;-51,33524315;"SPRF-PR";"DEL07-PR";"UOP03-DEL07-PR"
222067;2019-06-18;"terça-feira";"16:50:00";"PI";135;165;"MANOEL EMIDIO";"Velocidade Incompatível";"Saída de leito carroçável";"Com Vítimas Feridas";"Pleno dia";"Decrescente";"Céu Claro";"Simples";"Curva";"Não";2;0;0;1;0;1;1;2;-7,93652224;-43,80374788;"SPRF-PI";"DEL03-PI";"UOP01-DEL03-PI"
222071;2019-06-23;"domingo";"14:20:00";"MG";251;289;"SALINAS";"Ultrapassagem Indevida";"Colisão lateral";"Com Vítimas Feridas";"Pleno dia";"Crescente";"Céu Claro";"Simples";"Reta";"Não";3;0;1;0;1;1;1;3;-16,07996309;-42,21336691;"SPRF-MG";"DEL11-MG";"UOP02-DEL11-MG"
222074;2019-07-14;"domingo";"17:30:00";"ES";101;457,7;"MIMOSO DO SUL";"Falta de Atenção à Condução";"Colisão lateral";"Com Vítimas Feridas";"Anoitecer";"Crescente";"Céu Claro";"Simples";"Interseção de Vias";"Não";5;0;2;0;2;2;2;4;-21,19404508;-41,29778404;"SPRF-ES";"DEL03-ES";"UOP02-DEL03-ES"
222084;2019-07-14;"domingo";"17:50:00";"AP";210;4,5;"MACAPA";"Ingestão de Álcool";"Colisão lateral";"Com Vítimas Feridas";"Pleno dia";"Decrescente";"Céu Claro";"Dupla";"Curva";"Sim";3;0;1;0;2;0;1;2;0,08824228;-51,09472897;"SPRF-AP";"DEL01-AP";"UOP01-DEL01-AP"
222085;2019-07-14;"domingo";"18:11:00";"RS";290;130;"ELDORADO DO SUL";"Falta de Atenção à Condução";"Colisão transversal";"Com Vítimas Feridas";"Plena Noite";"Crescente";"Céu Claro";"Simples";"Retorno Regulamentado";"Não";6;0;3;0;3;0;3;2;-30,06008713;-51,52087927;"SPRF-RS";"DEL02-RS";"UOP01-DEL02-RS"
222086;2019-07-14;"domingo";"18:35:00";"RS";470;227;"GARIBALDI";"Desobediência às normas de trânsito pelo condutor";"Colisão lateral";"Com Vítimas Feridas";"Anoitecer";"Crescente";"Garoa/Chuvisco";"Simples";"Reta";"Sim";2;0;1;0;1;0;1;2;-29,21556004;-51,51743821;"SPRF-RS";"DEL06-RS";"UOP01-DEL06-RS"
222122;2019-07-14;"domingo";"19:30:00";"MT";163;865;"SINOP";"Não guardar distância de segurança";"Tombamento";"Com Vítimas Feridas";"Anoitecer";"Crescente";"Céu Claro";"Simples";"Reta";"Não";2;0;1;0;0;2;1;3;-11,72502892;-55,45976531;"SPRF-MT";"DEL06-MT";"UOP02-DEL06-MT"
222148;2019-07-14;"domingo";"21:35:00";"MG";459;39;"CALDAS";"Ingestão de Álcool";"Colisão frontal";"Com Vítimas Fatais";"Plena Noite";"Decrescente";"Céu Claro";"Simples";"Reta";"Não";3;1;0;0;1;1;0;3;-21,982487;-46,330185;"SPRF-MG";"DEL16-MG";"UOP01-DEL09-MG"
222159;2019-07-14;"domingo";"20:00:00";"MT";163;842;"SINOP";"Desobediência às normas de trânsito pelo condutor";"Colisão frontal";"Com Vítimas Feridas";"Plena Noite";"Decrescente";"Céu Claro";"Simples";"Reta";"Sim";5;0;2;0;2;3;2;5;-11,92479503;-55,5117839;"SPRF-MT";"DEL06-MT";"UOP02-DEL06-MT"
222162;2019-07-14;"domingo";"22:30:00";"PR";476;257,7;"ANTONIO OLINTO";"Ingestão de Álcool";"Colisão lateral";"Sem Vítimas";"Plena Noite";"Decrescente";"Nublado";"Simples";"Interseção de Vias";"Não";6;0;0;0;5;1;0;3;-25,888903;-50,216633;"SPRF-PR";"DEL02-PR";"UOP04-DEL02-PR"
222174;2019-07-15;"segunda-feira";"00:45:00";"SC";470;55,7;"BLUMENAU";"Ingestão de Álcool";"Colisão lateral";"Sem Vítimas";"Plena Noite";"Crescente";"Céu Claro";"Simples";"Reta";"Sim";2;0;0;0;2;0;0;2;-26,87645761;-49,12537873;"SPRF-SC";"DEL04-SC";"UOP01-DEL04-SC"
222179;2019-07-14;"domingo";"22:00:00";"BA";101;695,6;"EUNAPOLIS";"Ingestão de Álcool";"Colisão lateral";"Sem Vítimas";"Plena Noite";"Decrescente";"Céu Claro";"Simples";"Reta";"Sim";3;0;0;0;2;1;0;3;-16,38134277;-39,5836544;"SPRF-BA";"DEL09-BA";"UOP01-DEL09-BA"
222181;2019-07-15;"segunda-feira";"01:20:00";"SP";381;62,2;"MAIRIPORA";"Velocidade Incompatível";"Colisão com objeto estático";"Com Vítimas Fatais";"Plena Noite";"Crescente";"Céu Claro";"Dupla";"Reta";"Sim";2;1;0;0;0;1;0;2;-23,29437896;-46,57254696;"SPRF-SP";"DEL03-SP";"UOP01-DEL03-SP"
222182;2019-07-15;"segunda-feira";"02:00:00";"MG";40;563,5;"NOVA LIMA";"Desobediência às normas de trânsito pelo condutor";"Colisão frontal";"Com Vítimas Feridas";"Plena Noite";"Crescente";"Céu Claro";"Múltipla";"Retorno Regulamentado";"Não";4;0;0;2;1;1;2;3;-20,15241986;-43,96263156;"SPRF-MG";"DEL01-MG";"UOP02-DEL01-MG"
222183;2019-06-29;"sábado";"14:15:00";"GO";60;191,1;"GUAPO";"Não guardar distância de segurança";"Saída de leito carroçável";"Com Vítimas Feridas";"Pleno dia";"Decrescente";"Céu Claro";"Dupla";"Declive";"Não";5;0;1;2;1;1;3;3;-16,84554842;-49,5535792;"SPRF-GO";"DEL01-GO";"UOP02-DEL01-GO"
222184;2019-07-15;"segunda-feira";"04:30:00";"PE";232;26;"MORENO";"Desobediência às normas de trânsito pelo condutor";"Colisão lateral";"Sem Vítimas";"Amanhecer";"Decrescente";"Nublado";"Dupla";"Retorno Regulamentado";"Não";2;0;0;0;2;0;0;2;-8,11374411;-35,116886;"SPRF-PE";"DEL01-PE";"UOP02-DEL02PE"
222186;2019-07-15;"segunda-feira";"04:34:00";"PB";230;77,8;"RIACHAO DO POCO";"Ingestão de Álcool";"Atropelamento de Pedestre";"Com Vítimas Fatais";"Plena Noite";"Decrescente";"Nublado";"Dupla";"Reta";"Não";2;1;0;0;1;0;0;2;-7,1828;-35,3041;"SPRF-PB";"DEL01-PB";"UOP03-DEL01-PB"
222190;2019-07-15;"segunda-feira";"04:45:00";"PA";155;337;"MARABA";"Falta de Atenção à Condução";"Colisão transversal";"Sem Vítimas";"Plena Noite";"Decrescente";"Céu Claro";"Simples";"Reta";"Não";4;0;0;0;2;3;0;5;-5,42303401;-49,07624026;"SPRF-PA";"DEL03-PA";"UOP01-DEL03-PA"
222194;2019-07-15;"segunda-feira";"06:00:00";"SP";116;461;"PARIQUERA-ACU";"Falta de Atenção à Condução";"Colisão traseira";"Com Vítimas Feridas";"Amanhecer";"Decrescente";"Nublado";"Dupla";"Reta";"Não";3;0;0;1;1;3;1;5;-24,61672184;-47,88933615;"SPRF-SP";"DEL05-SP";"UOP01-DEL05-SP"
222199;2019-07-15;"segunda-feira";"06:30:00";"MG";116;275,7;"TEOFILO OTONI";"Falta de Atenção à Condução";"Colisão lateral";"Com Vítimas Feridas";"Pleno dia";"Crescente";"Sol";"Simples";"Reta";"Sim";2;0;1;0;1;0;1;2;-17,84235093;-41,51410418;"SPRF-MG";"DEL11-MG";"UOP01-DEL11-MG"
222200;2019-07-15;"segunda-feira";"06:30:00";"PE";232;512,3;"SALGUEIRO";"Velocidade Incompatível";"Colisão lateral";"Sem Vítimas";"Pleno dia";"Decrescente";"Céu Claro";"Simples";"Declive";"Não";4;0;0;0;3;2;0;4;-8,07399806;-39,15735039;"SPRF-PE";"DEL05-PE";"UOP01-DEL05-PE"
222203;2019-07-15;"segunda-feira";"07:00:00";"PB";101;100;"ALHANDRA";"Falta de Atenção à Condução";"Colisão lateral";"Com Vítimas Feridas";"Pleno dia";"Crescente";"Céu Claro";"Dupla";"Reta";"Não";2;0;1;0;0;1;1;2;-7,26469806;-34,93677965;"SPRF-PB";"DEL01-PB";"UOP01-DEL01-PB"
222207;2019-07-15;"segunda-feira";"07:50:00";"PR";376;316,6;"ORTIGUEIRA";"Defeito Mecânico no Veículo";"Colisão lateral";"Com Vítimas Feridas";"Pleno dia";"Crescente";"Chuva";"Simples";"Reta";"Não";3;0;1;0;1;2;1;4;-24,0333264;-51,09300803;"SPRF-PR";"DEL07-PR";"UOP02-DEL07-PR"
222210;2019-07-15;"segunda-feira";"07:38:00";"SP";153;45,1;"ONDA VERDE";"Desobediência às normas de trânsito pelo condutor";"Colisão transversal";"Com Vítimas Feridas";"Pleno dia";"Crescente";"Céu Claro";"Simples";"Reta";"Não";3;0;0;1;1;1;1;3;-20,66398299;-49,34086178;"SPRF-SP";"DEL09-SP";"UOP01-DEL09-SP"
222214;2019-07-15;"segunda-feira";"08:20:00";"BA";116;424;"FEIRA DE SANTANA";"Falta de Atenção à Condução";"Engavetamento";"Com Vítimas Feridas";"Pleno dia";"Decrescente";"Céu Claro";"Simples";"Curva";"Sim";5;0;1;0;4;0;1;5;-12,24775315;-38,98721695;"SPRF-BA";"DEL02-BA";"UOP01-DEL02-BA"
222216;2019-07-15;"segunda-feira";"07:20:00";"BA";101;213;"GOVERNADOR MANGABEIRA";"Condutor Dormindo";"Colisão frontal";"Com Vítimas Fatais";"Pleno dia";"Crescente";"Céu Claro";"Simples";"Curva";"Não";7;2;1;3;1;0;4;3;-12,6372658;-39,0961663;"SPRF-BA";"DEL01-BA";"UOP03-DEL01-BA"
222217;2019-07-15;"segunda-feira";"07:50:00";"MG";381;317;"NOVA ERA";"Condutor Dormindo";"Colisão lateral";"Com Vítimas Feridas";"Pleno dia";"Decrescente";"Céu Claro";"Simples";"Reta";"Não";7;0;0;2;5;0;2;2;-19,70673817;-42,99914266;"SPRF-MG";"DEL03-MG";"UOP02-DEL03-MG"
222219;2019-06-13;"quinta-feira";"11:00:00";"MG";153;114;"PRATA";"Falta de Atenção à Condução";"Colisão traseira";"Com Vítimas Feridas";"Pleno dia";"Crescente";"Céu Claro";"Simples";"Ponte";"Não";5;0;2;0;2;6;2;10;-19,34920801;-48,89751704;"SPRF-MG";"DEL15-MG";"UOP03-DEL15-MG"
222229;2019-07-15;"segunda-feira";"08:50:00";"ES";101;269,5;"SERRA";"Falta de Atenção à Condução";"Colisão lateral";"Com Vítimas Feridas";"Pleno dia";"Decrescente";"Céu Claro";"Simples";"Interseção de Vias";"Sim";4;0;1;0;2;1;1;4;-20,21740496;-40,26990578;"SPRF-ES";"DEL02-ES";"UOP01-DEL02-ES"
222231;2019-06-04;"terça-feira";"22:20:00";"SP";116;180,5;"GUARAREMA";"Defeito Mecânico no Veículo";"Colisão traseira";"Sem Vítimas";"Plena Noite";"Crescente";"Garoa/Chuvisco";"Dupla";"Reta";"Não";3;0;0;0;2;1;0;3;-23,336372;-46,14513;"SPRF-SP";"DEL02-SP";"UOP01-DEL02-SP"
222244;2019-07-15;"segunda-feira";"10:29:00";"PR";476;123;"CURITIBA";"Falta de Atenção à Condução";"Colisão traseira";"Com Vítimas Feridas";"Pleno dia";"Decrescente";"Garoa/Chuvisco";"Dupla";"Reta";"Sim";3;0;1;0;2;0;1;2;-25,392904;-49,209557;"SPRF-PR";"DEL01-PR";"UOP07-DEL01-PR"