"id";"data_inversa";"dia_semana";"horario";"uf";"br";"km";"municipio";"causa_acidente";"tipo_acidente";"classificacao_acidente";"fase_dia";"sentido_via";"condicao_metereologica";"tipo_pista";"tracado_via";"uso_solo";"pessoas";"mortos";"feridos_leves";"feridos_graves";"ilesos";"ignorados";"feridos";"veiculos";"latitude";"longitude";"regional";"delegacia";"uop"
222248;2019-07-15;"segunda-feira";"10:10:00";"PR";116;44;"CAMPINA GRANDE DO SUL";"Desobediência às normas de trânsito pelo condutor";"Saída de leito carroçável";"Com Vítimas Feridas";"Pleno dia";"Decrescente";"Chuva";"Dupla";"Curva";"Não";1;0;1;0;0;0;1;1;-25,1882321;-48,88492529;"SPRF-PR";"DEL01-PR";"UOP02-DEL01-PR"
222256;2019-07-15;"segunda-feira";"08:30:00";"PR";116;26;"CAMPINA GRANDE DO SUL";"Velocidade Incompatível";"Colisão com objeto estático";"Sem Vítimas";"Pleno dia";"Decrescente";"Garoa/Chuvisco";"Dupla";"Curva";"Não";5;0;0;0;3;4;0;7;-25,10683694;-48,785333;"SPRF-PR";"DEL01-PR";"UOP02-DEL01-PR"
222258;2019-07-15;"segunda-feira";"11:35:00";"SP";116;229,3;"SAO PAULO";"Pista Escorregadia";"Colisão lateral";"Com Vítimas Feridas";"Pleno dia";"Crescente";"Céu Claro";"Múltipla";"Reta";"Sim";2;0;1;0;1;0;1;2;-23,51291902;-46,57604698;"SPRF-SP";"DEL01-SP";"UOP01-DEL01-SP"
222267;2019-07-15;"segunda-feira";"09:30:00";"MG";116;276,5;"TEOFILO OTONI";"Falta de Atenção à Condução";"Colisão lateral";"Com Vítimas Feridas";"Pleno dia";"Crescente";"Céu Claro";"Simples";"Curva";"Sim";3;0;1;0;1;1;1;3;-17,85105696;-41,51454492;"SPRF-MG";"DEL11-MG";"UOP01-DEL11-MG"
222271;2019-07-15;"segunda-feira";"11:15:00";"MT";163;606;"NOVA MUTUM";"Defeito na Via";"Tombamento";"Sem Vítimas";"Pleno dia";"Decrescente";"Céu Claro";"Simples";"Reta";"Não";1;0;0;0;1;0;0;1;-13,74405403;-56,05155945;"SPRF-MT";"DEL01-MT";"UOP01-DEL01-MT"
222278;2019-07-15;"segunda-feira";"13:40:00";"ES";101;222,8;"IBIRACU";"Não guardar distância de segurança";"Colisão traseira";"Com Vítimas Feridas";"Pleno dia";"Decrescente";"Sol";"Simples";"Reta";"Não";6;0;3;0;2;2;3;5;-19,86967622;-40,40915873;"SPRF-ES";"DEL02-ES";"UOP01-DEL02-ES"
222291;2019-07-15;"segunda-feira";"14:15:00";"RS";290;259,5;"CACHOEIRA DO SUL";"Condutor Dormindo";"Colisão lateral";"Com Vítimas Feridas";"Pleno dia";"Crescente";"Sol";"Simples";"Reta";"Não";3;0;0;1;1;1;1;3;-30,257189;-52,815144;"SPRF-RS";"DEL02-RS";"UOP02-DEL02-RS"
222293;2019-07-15;"segunda-feira";"14:45:00";"MG";153;78;"PRATA";"Carga excessiva e/ou mal acondicionada";"Tombamento";"Com Vítimas Feridas";"Pleno dia";"Crescente";"Sol";"Simples";"Aclive";"Não";5;0;4;0;0;2;4;3;-19,04800011;-49,01135859;"SPRF-MG";"DEL15-MG";"UOP03-DEL15-MG"
222296;2019-07-15;"segunda-feira";"15:30:00";"RS";158;317,1;"SANTA MARIA";"Falta de Atenção do Pedestre";"Atropelamento de Pedestre";"Com Vítimas Feridas";"Pleno dia";"Crescente";"Céu Claro";"Simples";"Curva";"Não";4;0;1;0;1;2;1;3;-29,66087046;-53,77490044;"SPRF-RS";"DEL09-RS";"UOP01-DEL09-RS"
222300;2019-07-15;"segunda-feira";"16:00:00";"GO";60;5;"SANTO ANTONIO DO DESCOBERTO";"Velocidade Incompatível";"Tombamento";"Com Vítimas Feridas";"Pleno dia";"Decrescente";"Céu Claro";"Dupla";"Curva";"Não";1;0;0;1;0;0;1;1;-16,09089021;-48,27707562;"SPRF-DF";"DEL01-DF";"UOP01-DEL03-DF"
222301;2019-07-15;"segunda-feira";"16:00:00";"MG";40;729,6;"OLIVEIRA FORTES";"Falta de Atenção à Condução";"Colisão lateral";"Com Vítimas Feridas";"Pleno dia";"Crescente";"Céu Claro";"Dupla";"Aclive";"Não";5;0;1;1;2;1;2;3;-21,32603098;-43,58445806;"SPRF-MG";"DEL05-MG";"UOP01-DEL05-MG"
222303;2019-07-15;"segunda-feira";"14:35:00";"PR";376;314,2;"ORTIGUEIRA";"Velocidade Incompatível";"Colisão frontal";"Com Vítimas Feridas";"Pleno dia";"Crescente";"Chuva";"Simples";"Curva";"Não";3;0;1;0;1;2;1;4;-24,0189474;-51,09284357;"SPRF-PR";"DEL07-PR";"UOP02-DEL07-PR"
222316;2019-07-15;"segunda-feira";"18:20:00";"GO";153;498;"GOIANIA";"Falta de Atenção à Condução";"Colisão traseira";"Com Vítimas Feridas";"Plena Noite";"Decrescente";"Céu Claro";"Dupla";"Declive";"Sim";3;0;0;1;1;1;1;3;-16,685684;-49,233527;"SPRF-GO";"DEL01-GO";"UOP01-DEL01-GO"
222317;2019-07-15;"segunda-feira";"17:56:00";"RS";468;97,3;"TRES PASSOS";"Desobediência às normas de trânsito pelo condutor";"Colisão traseira";"Com Vítimas Feridas";"Anoitecer";"Crescente";"Céu Claro";"Simples";"Reta";"Sim";3;0;0;1;1;1;1;3;-27,48845026;-53,89320218;"SPRF-RS";"DEL08-RS";"UOP02-DEL08-RS"
222321;2019-07-15;"segunda-feira";"17:15:00";"MS";163;185,9;"JUTI";"Falta de Atenção à Condução";"Saída de leito carroçável";"Com Vítimas Feridas";"Anoitecer";"Decrescente";"Chuva";"Simples";"Reta";"Não";3;0;2;0;0;1;2;2;-22,80967201;-54,720188;"SPRF-MS";"DEL09-MS";"UOP01-DEL09-MS"
222322;2019-07-15;"segunda-feira";"14:30:00";"SP";116;387;"MIRACATU";"Falta de Atenção à Condução";"Colisão traseira";"Com Vítimas Feridas";"Pleno dia";"Decrescente";"Céu Claro";"Dupla";"Reta";"Não";3;0;1;0;1;1;1;3;-24,26558971;-47,38858809;"SPRF-SP";"DEL04-SP";"UOP02-DEL04-SP"
222329;2019-07-15;"segunda-feira";"18:50:00";"PR";277;113;"CAMPO LARGO";"Falta de Atenção à Condução";"Colisão lateral";"Com Vítimas Fatais";"Plena Noite";"Crescente";"Nublado";"Dupla";"Reta";"Sim";3;1;0;0;1;2;0;4;-25,446279;-49,4898382;"SPRF-PR";"DEL01-PR";"UOP06-DEL01-PR"
222334;2019-07-15;"segunda-feira";"14:00:00";"RJ";393;274;"BARRA DO PIRAI";"Condutor Dormindo";"Tombamento";"Com Vítimas Fatais";"Pleno dia";"Crescente";"Sol";"Simples";"Curva";"Não";2;1;0;0;0;1;0;2;-22,48328327;-43,96042792;"SPRF-RJ";"DEL05-RJ";"UOP04-DEL05-RJ"
222337;2019-07-15;"segunda-feira";"18:30:00";"ES";101;35,4;"CONCEICAO DA BARRA";"Velocidade Incompatível";"Colisão lateral";"Com Vítimas Feridas";"Anoitecer";"Decrescente";"Céu Claro";"Simples";"Retorno Regulamentado";"Não";2;0;0;1;1;0;1;2;-18,45972474;-39,92998123;"SPRF-ES";"DEL04-ES";"UOP02-DEL04-ES"
222338;2019-07-15;"segunda-feira";"16:30:00";"MG";365;160;"PIRAPORA";"Velocidade Incompatível";"Tombamento";"Com Vítimas Feridas";"Pleno dia";"Crescente";"Sol";"Simples";"Rotatória";"Não";2;0;1;0;0;1;1;2;-17,36147194;-44,91972105;"SPRF-MG";"DEL12-MG";"UOP01-DEL12-MG"
222341;2019-07-15;"segunda-feira";"20:10:00";"ES";101;255;"SERRA";"Ingestão de Álcool";"Atropelamento de Pedestre";"Com Vítimas Feridas";"Plena Noite";"Crescente";"Céu Claro";"Simples";"Interseção de Vias";"Não";4;0;0;1;1;2;1;3;-20,11487935;-40,31943619;"SPRF-ES";"DEL02-ES";"UOP01-DEL02-ES"
222343;2019-07-15;"segunda-feira";"17:30:00";"SC";470;167,9;"POUSO REDONDO";"Falta de Atenção à Condução";"Colisão com objeto estático";"Com Vítimas Fatais";"Anoitecer";"Crescente";"Nublado";"Simples";"Reta";"Não";2;1;1;0;0;0;1;1;-27,269835;-49,863087;"SPRF-SC";"DEL04-SC";"UOP02-DEL04-SC"
222347;2019-07-15;"segunda-feira";"16:00:00";"MG";364;28,4;"FRUTAL";"Velocidade Incompatível";"Colisão frontal";"Sem Vítimas";"Pleno dia";"Decrescente";"Céu Claro";"Simples";"Rotatória";"Sim";3;0;0;0;2;1;0;3;-20,02028606;-48,90392488;"SPRF-MG";"DEL13-MG";"UOP02-DEL13-MG"
222349;2019-07-15;"segunda-feira";"20:30:00";"RS";386;418,3;"MONTENEGRO";"Velocidade Incompatível";"Colisão traseira";"Com Vítimas Fatais";"Plena Noite";"Decrescente";"Nublado";"Simples";"Reta;Aclive";"Não";2;1;0;0;1;0;0;2;-29,819609;-51,442814;"SPRF-RS";"DEL04-RS";"UOP02-DEL04-RS"
222354;2019-07-15;"segunda-feira";"21:12:00";"PB";101;117;"CAAPORA";"Falta de Atenção à Condução";"Colisão traseira";"Sem Vítimas";"Pleno dia";"Crescente";"Céu Claro";"Dupla";"Reta";"Não";3;0;0;0;2;1;0;3;-7,41357983;-34,95743528;"SPRF-PB";"DEL01-PB";"UOP01-DEL01-PB"
222355;2019-07-15;"segunda-feira";"17:10:00";"RO";364;648,9;"CANDEIAS DO JAMARI";"Falta de Atenção à Condução";"Colisão frontal";"Com Vítimas Feridas";"Pleno dia";"Crescente";"Céu Claro";"Simples";"Declive";"Não";3;0;0;1;1;2;1;4;-8,939251;-63,43127203;"SPRF-RO";"DEL03-RO";"UOP04-DEL01-RO"
222361;2019-07-15;"segunda-feira";"22:30:00";"RS";101;26,4;"TRES CACHOEIRAS";"Falta de Atenção à Condução";"Colisão traseira";"Com Vítimas Fatais";"Plena Noite";"Crescente";"Céu Claro";"Dupla";"Reta";"Não";4;1;0;0;2;1;0;3;-29,45988893;-49,93472503;"SPRF-RS";"DEL03-RS";"UOP02-DEL03-RS"
222363;2019-07-06;"sábado";"10:55:00";"BA";101;677,6;"ITAGIMIRIM";"Velocidade Incompatível";"Colisão lateral";"Com Vítimas Feridas";"Pleno dia";"Decrescente";"Céu Claro";"Simples";"Interseção de Vias";"Sim";4;0;0;1;1;3;1;5;-16,06095886;-39,61969333;"SPRF-BA";"DEL09-BA";"UOP01-DEL09-BA"
222367;2019-07-15;"segunda-feira";"23:40:00";"MG";381;908;"CAMBUI";"Velocidade Incompatível";"Saída de leito carroçável";"Com Vítimas Feridas";"Plena Noite";"Decrescente";"Chuva";"Dupla";"Declive;Curva";"Não";2;0;1;0;0;1;1;2;-22,71744092;-46,12652111;"SPRF-MG";"DEL16-MG";"UOP03-DEL16-MG"
222368;2019-07-15;"segunda-feira";"23:00:00";"SP";116;461;"PARIQUERA-ACU";"Falta de Atenção à Condução";"Colisão traseira";"Com Vítimas Feridas";"Plena Noite";"Crescente";"Céu Claro";"Dupla";"Reta";"Não";3;0;1;0;1;3;1;5;-24,61672184;-47,88933615;"SPRF-SP";"DEL05-SP";"UOP01-DEL05-SP"
222370;2019-07-15;"segunda-feira";"19:00:00";"RJ";116;189,1;"QUEIMADOS";"Deficiência ou não Acionamento do Sistema de Iluminação/Sinalização do Veículo";"Colisão traseira";"Com Vítimas Feridas";"Plena Noite";"Decrescente";"Nublado";"Dupla";"Reta";"Sim";2;0;1;0;0;1;1;2;-22,73602568;-43,5445753;"SPRF-RJ";"DEL01-RJ";"UOP03-DEL01-RJ"
222371;2019-07-15;"segunda-feira";"21:30:00";"PR";277;176,6;"PALMEIRA";"Falta de Atenção à Condução";"Colisão traseira";"Com Vítimas Feridas";"Plena Noite";"Crescente";"Nublado";"Simples";"Reta";"Não";3;0;0;2;0;3;2;5;-25,43;-50,065;"SPRF-PR";"DEL03-PR";"UOP02-DEL08-PR"
222373;2019-07-16;"terça-feira";"01:00:00";"RJ";356;64,7;"ITAPERUNA";"Velocidade Incompatível";"Tombamento";"Com Vítimas Feridas";"Plena Noite";"Crescente";"Nevoeiro/Neblina";"Simples";"Curva";"Não";2;0;1;0;0;1;1;2;-21,341824;-41,71171;"SPRF-RJ";"DEL08-RJ";"UOP03-DEL08-RJ"
222377;2019-07-16;"terça-feira";"02:30:00";"MG";267;137,9;"JUIZ DE FORA";"Animais na Pista";"Atropelamento de Animal";"Com Vítimas Feridas";"Plena Noite";"Crescente";"Céu Claro";"Simples";"Reta";"Não";2;0;0;1;0;1;1;2;-21,78570928;-43,66179588;"SPRF-MG";"DEL05-MG";"UOP01-DEL05-MG"
222378;2019-07-16;"terça-feira";"03:50:00";"SP";381;78,6;"SAO PAULO";"Defeito Mecânico no Veículo";"Tombamento";"Sem Vítimas";"Amanhecer";"Crescente";"Céu Claro";"Dupla";"Curva";"Não";2;0;0;0;1;1;0;2;-23,39620774;-46,57355227;"SPRF-SP";"DEL03-SP";"UOP01-DEL03-SP"
222379;2019-07-16;"terça-feira";"05:40:00";"SC";101;131;"BALNEARIO CAMBORIU";"Defeito Mecânico no Veículo";"Tombamento";"Sem Vítimas";"Plena Noite";"Decrescente";"Nublado";"Dupla";"Reta";"Não";2;0;0;0;1;1;0;2;-26,99064209;-48,66310912;"SPRF-SC";"DEL04-SC";"UOP03-DEL04-SC"
222387;2019-07-16;"terça-feira";"03:30:00";"RS";392;207,3;"SANTANA DA BOA VISTA";"Velocidade Incompatível";"Saída de leito carroçável";"Com Vítimas Feridas";"Plena Noite";"Crescente";"Céu Claro";"Simples";"Curva;Declive";"Não";2;0;1;0;0;1;1;2;-30,82849298;-53,17127764;"SPRF-RS";"DEL09-RS";"UOP02-DEL09-RS"
222388;2019-07-16;"terça-feira";"06:30:00";"MG";381;268;"TIMOTEO";"Condutor Dormindo";"Colisão frontal";"Com Vítimas Fatais";"Amanhecer";"Crescente";"Céu Claro";"Simples";"Reta";"Não";7;1;0;4;0;3;4;5;-19,53877668;-42,68374715;"SPRF-MG";"DEL03-MG";"UOP02-DEL03-MG"
222389;2019-07-16;"terça-feira";"04:00:00";"PR";476;142,6;"CURITIBA";"Restrição de Visibilidade";"Colisão lateral";"Com Vítimas Feridas";"Plena Noite";"Decrescente";"Nublado";"Dupla";"Curva";"Sim";2;0;1;0;1;0;1;2;-25,537161;-49,301632;"SPRF-PR";"DEL01-PR";"UOP03-DEL01-PR"
222390;2019-07-16;"terça-feira";"07:00:00";"GO";60;175,5;"ABADIA DE GOIAS";"Falta de Atenção à Condução";"Tombamento";"Com Vítimas Feridas";"Pleno dia";"Decrescente";"Sol";"Dupla";"Reta";"Não";3;0;1;0;1;2;1;4;-16,757588;-49,45201635;"SPRF-GO";"DEL01-GO";"UOP02-DEL01-GO"
222392;2019-07-16;"terça-feira";"06:20:00";"RO";364;274;"CACOAL";"Desobediência às normas de trânsito pelo condutor";"Colisão lateral";"Com Vítimas Feridas";"Pleno dia";"Crescente";"Céu Claro";"Simples";"Declive";"Não";6;0;4;0;1;2;4;4;-11,38661395;-61,75015601;"SPRF-RO";"DEL02-RO";"UOP02-DEL02-RO"
222393;2019-07-16;"terça-feira";"06:30:00";"SP";116;402,5;"MIRACATU";"Falta de Atenção à Condução";"Saída de leito carroçável";"Sem Vítimas";"Amanhecer";"Decrescente";"Nublado";"Dupla";"Reta";"Não";3;0;0;0;1;2;0;3;-24,31365773;-47,5187501;"SPRF-SP";"DEL04-SP";"UOP02-DEL04-SP"
222400;2019-07-16;"terça-feira";"07:40:00";"MA";316;587,7;"CAXIAS";"Falta de Atenção à Condução";"Tombamento";"Com Vítimas Feridas";"Pleno dia";"Decrescente";"Céu Claro";"Simples";"Declive";"Não";2;0;1;0;0;2;1;3;-4,988132;-43,06432;"SPRF-MA";"DEL03-MA";"UOP02-DEL03-MA"
222404;2019-07-16;"terça-feira";"07:30:00";"BA";101;213,1;"MURITIBA";"Falta de Atenção à Condução";"Colisão lateral";"Com Vítimas Feridas";"Pleno dia";"Crescente";"Nublado";"Simples";"Curva";"Sim";2;0;1;0;1;0;1;2;-12,65351724;-39,12236761;"SPRF-BA";"DEL01-BA";"UOP03-DEL01-BA"
222405;2019-07-16;"terça-feira";"08:15:00";"PR";277;637;"CEU AZUL";"Falta de Atenção à Condução";"Colisão frontal";"Com Vítimas Feridas";"Pleno dia";"Crescente";"Céu Claro";"Simples";"Declive";"Sim";3;0;2;0;1;0;2;3;-25,15127997;-53,84435289;"SPRF-PR";"DEL05-PR";"UOP02-DEL05-PR"
222411;2019-07-16;"terça-feira";"07:30:00";"MG";40;599;"OURO PRETO";"Falta de Atenção à Condução";"Colisão traseira";"Com Vítimas Feridas";"Pleno dia";"Decrescente";"Céu Claro";"Simples";"Reta";"Não";5;0;1;0;3;2;1;6;-20,42418851;-43,86560094;"SPRF-MG";"DEL05-MG";"UOP02-DEL05-MG"
222412;2019-07-16;"terça-feira";"08:35:00";"PR";277;82;"CURITIBA";"Falta de Atenção à Condução";"Colisão lateral";"Com Vítimas Feridas";"Pleno dia";"Crescente";"Céu Claro";"Dupla";"Reta";"Sim";2;0;1;0;1;0;1;2;-25,568939;-49,181978;"SPRF-PR";"DEL01-PR";"UOP06-DEL01-PR"
222414;2019-07-16;"terça-feira";"08:20:00";"PR";277;725,5;"FOZ DO IGUACU";"Falta de Atenção à Condução";"Colisão traseira";"Com Vítimas Feridas";"Pleno dia";"Crescente";"Céu Claro";"Dupla";"Declive";"Sim";3;0;0;1;2;0;1;3;-25,50823541;-54,54619865;"SPRF-PR";"DEL05-PR";"UOP03-DEL05-PR"
222416;2019-07-16;"terça-feira";"09:42:00";"PR";116;87;"PIRAQUARA";"Falta de Atenção à Condução";"Colisão traseira";"Com Vítimas Feridas";"Pleno dia";"Decrescente";"Céu Claro";"Dupla";"Reta";"Não";2;0;0;1;1;0;1;2;-25,44106805;-49,09243759;"SPRF-PR";"DEL01-PR";"UOP01-DEL01-PR"
222424;2019-07-16;"terça-feira";"10:25:00";"MG";116;707,9;"MURIAE";"Condutor Dormindo";"Saída de leito carroçável";"Com Vítimas Feridas";"Pleno dia";"Decrescente";"Sol";"Simples";"Reta";"Sim";3;0;2;0;0;1;2;2;-21,14773327;-42,3820889;"SPRF-MG";"DEL07-MG";"UOP02-DEL07-MG"
222425;2019-07-16;"terça-feira";"06:00:00";"BA";116;921,7;"ENCRUZILHADA";"Falta de Atenção à Condução";"Colisão com objeto estático";"Com Vítimas Feridas";"Amanhecer";"Decrescente";"Céu Claro";"Simples";"Curva";"Não";2;0;0;1;1;0;1;1;-15,607608;-41,282797;"SPRF-BA";"DEL08-BA";"UOP03-DEL08-BA"
222429;2019-07-16;"terça-feira";"11:15:00";"PB";101;122;"CAAPORA";"Não guardar distância de segurança";"Colisão traseira";"Com Vítimas Feridas";"Pleno dia";"Decrescente";"Sol";"Dupla";"Aclive;Reta";"Não";2;0;1;0;1;0;1;2;-7,45142213;-34,9796319;"SPRF-PB";"DEL01-PB";"UOP01-DEL01-PB"
222434;2019-07-16;"terça-feira";"12:10:00";"PR";116;98;"SAO JOSE DOS PINHAIS";"Velocidade Incompatível";"Tombamento";"Sem Vítimas";"Pleno dia";"Decrescente";"Sol";"Dupla";"Reta";"Não";6;0;0;0;3;4;0;4;-25,51973222;-49,13431573;"SPRF-PR";"DEL01-PR";"UOP01-DEL01-PR"
222441;2019-07-16;"terça-feira";"12:45:00";"MG";146;602,4;"POCOS DE CALDAS";"Não guardar distância de segurança";"Colisão traseira";"Com Vítimas Feridas";"Pleno dia";"Crescente";"Sol";"Simples";"Curva";"Não";5;0;1;0;3;1;1;4;-21,78671985;-46,44009411;"SPRF-MG";"DEL16-MG";"UOP01-DEL09-MG"
222449;2019-07-16;"terça-feira";"11:30:00";"MG";381;526;"BRUMADINHO";"Velocidade Incompatível";"Capotamento";"Sem Vítimas";"Pleno dia";"Crescente";"Nublado";"Dupla";"Curva";"Não";1;0;0;0;1;0;0;1;-20,16175378;-44,34144636;"SPRF-MG";"DEL04-MG";"UOP03-DEL04-MG"
222455;2019-07-16;"terça-feira";"13:10:00";"BA";116;425;"FEIRA DE SANTANA";"Falta de Atenção à Condução";"Colisão traseira";"Com Vítimas Fatais";"Pleno dia";"Crescente";"Céu Claro";"Simples";"Reta";"Sim";3;1;0;0;1;2;0;4;-12,23736613;-38,97999588;"SPRF-BA";"DEL02-BA";"UOP01-DEL02-BA"
222456;2019-07-16;"terça-feira";"08:40:00";"MG";251;354;"PADRE CARVALHO";"Defeito Mecânico no Veículo";"Tombamento";"Sem Vítimas";"Pleno dia";"Crescente";"Céu Claro";"Simples";"Curva";"Não";2;0;0;0;1;1;0;2;-16,27089937;-42,56040226;"SPRF-MG";"DEL12-MG";"UOP01-DEL12-MG"
222459;2019-07-16;"terça-feira";"13:40:00";"AL";101;136,1;"SAO MIGUEL DOS CAMPOS";"Mal Súbito";"Colisão frontal";"Com Vítimas Feridas";"Pleno dia";"Crescente";"Céu Claro";"Simples";"Aclive";"Sim";3;0;1;1;1;0;2;2;-9,79561892;-36,10861314;"SPRF-AL";"DEL02-AL";"UOP01-DEL02-AL"
222466;2019-07-16;"terça-feira";"14:30:00";"SC";470;140,9;"RIO DO SUL";"Falta de Atenção à Condução";"Colisão com objeto estático";"Sem Vítimas";"Pleno dia";"Decrescente";"Céu Claro";"Simples";"Interseção de Vias";"Não";2;0;0;0;2;0;0;2;-27,222485;-49,662827;"SPRF-SC";"DEL04-SC";"UOP02-DEL04-SC"
222468;2019-07-16;"terça-feira";"07:30:00";"BA";324;524,8;"FEIRA DE SANTANA";"Mal Súbito";"Tombamento";"Com Vítimas Feridas";"Pleno dia";"Crescente";"Céu Claro";"Simples";"Retorno Regulamentado";"Não";2;0;0;1;0;1;1;2;-12,2955119;-38,90487093;"SPRF-BA";"DEL01-BA";"UOP01-DEL01-BA"
222469;2019-07-16;"terça-feira";"12:15:00";"MT";364;348,9;"SANTO ANTONIO DO LEVERGER";"Velocidade Incompatível";"Colisão transversal";"Com Vítimas Feridas";"Pleno dia";"Crescente";"Céu Claro";"Dupla";"Declive;Curva";"Não";5;0;2;1;1;3;3;5;-15,80416834;-55,55429598;"SPRF-MT";"DEL02-MT";"UOP02-DEL01-MT"
222470;2019-07-16;"terça-feira";"08:40:00";"SC";470;256,2;"CURITIBANOS";"Falta de Atenção à Condução";"Saída de leito carroçável";"Com Vítimas Feridas";"Pleno dia";"Decrescente";"Céu Claro";"Simples";"Reta";"Não";2;0;1;0;0;1;1;2;-27,309309;-50,630985;"SPRF-SC";"DEL05-SC";"UOP03-DEL05-SC"
222474;2019-07-16;"terça-feira";"12:35:00";"MG";381;749,7;"TRES CORACOES";"Defeito Mecânico no Veículo";"Incêndio";"Sem Vítimas";"Pleno dia";"Decrescente";"Céu Claro";"Dupla";"Reta";"Não";2;0;0;0;2;0;0;1;-21,64019649;-45,28585911;"SPRF-MG";"DEL16-MG";"UOP02-DEL16-MG"
222490;2019-07-16;"terça-feira";"09:55:00";"SC";153;35,6;"PONTE SERRADA";"Falta de Atenção à Condução";"Saída de leito carroçável";"Com Vítimas Feridas";"Pleno dia";"Decrescente";"Céu Claro";"Simples";"Curva";"Não";2;0;1;0;0;1;1;2;-26,82253887;-51,72466278;"SPRF-SC";"DEL07-SC";"UOP07-DEL07-SC"
222493;2019-07-16;"terça-feira";"09:40:00";"SC";282;127,8;"BOM RETIRO";"Desobediência às normas de trânsito pelo condutor";"Colisão com objeto estático";"Sem Vítimas";"Pleno dia";"Decrescente";"Céu Claro";"Simples";"Reta";"Sim";1;0;0;0;1;0;0;1;-27,800486;-49,478535;"SPRF-SC";"DEL05-SC";"UOP01-DEL05-SC"
222494;2019-07-16;"terça-feira";"17:28:00";"RN";304;32,3;"MOSSORO";"Desobediência às normas de trânsito pelo condutor";"Colisão transversal";"Com Vítimas Feridas";"Pleno dia";"Crescente";"Céu Claro";"Simples";"Reta";"Sim";4;0;1;0;2;3;1;5;-5,13471117;-37,34486327;"SPRF-RN";"DEL04-RN";"UOP02-DEL04-RN"
222495;2019-07-16;"terça-feira";"17:35:00";"PR";277;324,5;"GUARAPUAVA";"Ultrapassagem Indevida";"Colisão frontal";"Com Vítimas Fatais";"Pleno dia";"Decrescente";"Céu Claro";"Simples";"Curva";"Não";3;1;0;0;1;2;0;4;-25,37423085;-51,31264329;"SPRF-PR";"DEL03-PR";"UOP01-DEL08-PR"
222496;2019-07-16;"terça-feira";"17:00:00";"MG";381;392,1;"BARAO DE COCAIS";"Falta de Atenção do Pedestre";"Atropelamento de Pedestre";"Com Vítimas Fatais";"Anoitecer";"Decrescente";"Céu Claro";"Simples";"Reta";"Não";3;1;0;0;1;1;0;2;-19,75217473;-43,47556483;"SPRF-MG";"DEL01-MG";"UOP01-DEL01-MG"
222497;2019-07-04;"quinta-feira";"08:45:00";"MG";381;632,8;"OLIVEIRA";"Velocidade Incompatível";"Engavetamento";"Sem Vítimas";"Pleno dia";"Crescente";"Sol";"Dupla";"Curva";"Não";5;0;0;0;5;0;0;5;-20,86147692;-44,84048107;"SPRF-MG";"DEL04-MG";"UOP01-DEL04-MG"
222499;2019-06-03;"segunda-feira";"13:30:00";"MG";354;768,5;"ITAMONTE";"Velocidade Incompatível";"Saída de leito carroçável";"Com Vítimas Feridas";"Pleno dia";"Decrescente";"Chuva";"Simples";"Curva";"Não";2;0;1;0;0;1;1;2;-22,35304206;-44,79165104;"SPRF-MG";"DEL05-MG";"UOP01-DEL17-MG"
222502;2019-07-16;"terça-feira";"15:45:00";"MA";135;5,8;"SAO LUIS";"Falta de Atenção à Condução";"Colisão traseira";"Sem Vítimas";"Pleno dia";"Crescente";"Nublado";"Dupla";"Reta";"Sim";2;0;0;0;2;0;0;2;-2,62145385;-44,25797421;"SPRF-MA";"DEL01-MA";"UOP01-DEL01-MA"
222508;2019-07-16;"terça-feira";"16:30:00";"SC";470;174,5;"POUSO REDONDO";"Falta de Atenção à Condução";"Colisão com objeto estático";"Sem Vítimas";"Pleno dia";"Crescente";"Céu Claro";"Simples";"Reta";"Não";1;0;0;0;1;0;0;1;-27,258179;-49,929146;"SPRF-SC";"DEL04-SC";"UOP02-DEL04-SC"
222510;2019-07-16;"terça-feira";"17:20:00";"RJ";40;119;"DUQUE DE CAXIAS";"Não guardar distância de segurança";"Engavetamento";"Com Vítimas Feridas";"Anoitecer";"Decrescente";"Nublado";"Múltipla";"Reta";"Sim";6;0;3;0;3;0;3;3;-22,76375592;-43,28683062;"SPRF-RJ";"DEL01-RJ";"UOP01-DEL01-RJ"
222512;2019-07-16;"terça-feira";"18:00:00";"SP";116;108,6;"TAUBATE";"Falta de Atenção à Condução";"Engavetamento";"Sem Vítimas";"Plena Noite";"Crescente";"Nublado";"Dupla";"Reta";"Sim";4;0;0;0;4;0;0;4;-23,0233097;-45,53763622;"SPRF-SP";"DEL06-SP";"UOP01-DEL06-SP"
222513;2019-07-16;"terça-feira";"18:50:00";"MG";365;643;"UBERLANDIA";"Defeito Mecânico no Veículo";"Colisão traseira";"Sem Vítimas";"Plena Noite";"Decrescente";"Céu Claro";"Dupla";"Reta";"Não";3;0;0;0;2;4;0;6;-18,88809668;-48,4462738;"SPRF-MG";"DEL15-MG";"UOP01-DEL15-MG"
222521;2019-07-16;"terça-feira";"17:40:00";"PB";230;147,9;"CAMPINA GRANDE";"Desobediência às normas de trânsito pelo pedestre";"Queda de ocupante de veículo";"Com Vítimas Feridas";"Plena Noite";"Crescente";"Céu Claro";"Dupla";"Curva";"Sim";3;0;2;0;0;1;2;2;-7,237625;-35,86631;"SPRF-PB";"DEL02-PB";"UOP01-DEL02-PB"