"id";"data_inversa";"dia_semana";"horario";"uf";"br";"km";"municipio";"causa_acidente";"tipo_acidente";"classificacao_acidente";"fase_dia";"sentido_via";"condicao_metereologica";"tipo_pista";"tracado_via";"uso_solo";"pessoas";"mortos";"feridos_leves";"feridos_graves";"ilesos";"ignorados";"feridos";"veiculos";"latitude";"longitude";"regional";"delegacia";"uop"
222525;2019-07-16;"terça-feira";"17:05:00";"PR";376;330,4;"ORTIGUEIRA";"Falta de Atenção à Condução";"Colisão lateral";"Com Vítimas Feridas";"Pleno dia";"Decrescente";"Sol";"Simples";"Reta";"Não";3;0;1;1;1;0;2;2;-24,09135428;-51,04798436;"SPRF-PR";"DEL07-PR";"UOP02-DEL07-PR"
222526;2019-07-16;"terça-feira";"17:50:00";"PR";153;325,8;"IRATI";"Defeito Mecânico no Veículo";"Colisão traseira";"Com Vítimas Feridas";"Anoitecer";"Decrescente";"Céu Claro";"Simples";"Reta";"Não";2;0;0;1;1;0;1;2;-25,4225012;-50,60860634;"SPRF-PR";"DEL03-PR";"UOP02-DEL08-PR"
222536;2019-07-16;"terça-feira";"21:25:00";"PR";277;538,9;"IBEMA";"Desobediência às normas de trânsito pelo condutor";"Colisão frontal";"Com Vítimas Feridas";"Plena Noite";"Crescente";"Céu Claro";"Simples";"Reta";"Não";4;0;1;1;1;1;2;3;-25,11008458;-53,01640576;"SPRF-PR";"DEL04-PR";"UOP04-DEL04-PR"
222541;2019-07-16;"terça-feira";"20:45:00";"SC";282;527,5;"XAXIM";"Ultrapassagem Indevida";"Colisão frontal";"Com Vítimas Feridas";"Plena Noite";"Decrescente";"Céu Claro";"Simples";"Curva";"Sim";2;0;0;1;1;0;1;2;-26,973196;-52,583321;"SPRF-SC";"DEL07-SC";"UOP01-DEL07-SC"
222543;2019-07-16;"terça-feira";"18:30:00";"CE";222;328,1;"TIANGUA";"Ultrapassagem Indevida";"Colisão transversal";"Com Vítimas Feridas";"Plena Noite";"Crescente";"Céu Claro";"Simples";"Reta";"Não";3;0;1;1;1;0;2;3;-3,81511174;-41,09337144;"SPRF-CE";"DEL04-CE";"UOP02-DEL04-CE"
222545;2019-07-16;"terça-feira";"20:40:00";"SC";470;195,8;"PONTE ALTA";"Ultrapassagem Indevida";"Colisão frontal";"Com Vítimas Feridas";"Plena Noite";"Decrescente";"Céu Claro";"Simples";"Reta";"Não";5;0;2;1;1;1;3;3;-27,303724;-50,088837;"SPRF-SC";"DEL04-SC";"UOP02-DEL04-SC"
222549;2019-07-16;"terça-feira";"19:30:00";"MT";174;87,3;"CACERES";"Falta de Atenção à Condução";"Colisão traseira";"Com Vítimas Feridas";"Plena Noite";"Crescente";"Céu Claro";"Simples";"Reta";"Não";2;0;0;1;0;1;1;2;-15,92951396;-57,79371493;"SPRF-MT";"DEL03-MT";"UOP01-DEL03-MT"
222550;2019-07-16;"terça-feira";"23:05:00";"MG";381;722,4;"CARMO DA CACHOEIRA";"Velocidade Incompatível";"Tombamento";"Com Vítimas Feridas";"Plena Noite";"Decrescente";"Nublado";"Dupla";"Declive;Curva";"Não";1;0;1;0;0;0;1;1;-21,44264701;-45,20864392;"SPRF-MG";"DEL04-MG";"UOP02-DEL04-MG"
222552;2019-07-16;"terça-feira";"23:10:00";"MS";163;166,5;"JUTI";"Falta de Atenção à Condução";"Colisão traseira";"Com Vítimas Feridas";"Plena Noite";"Crescente";"Céu Claro";"Simples";"Reta;Aclive";"Não";3;0;0;1;1;2;1;4;-22,89739059;-54,56409981;"SPRF-MS";"DEL09-MS";"UOP01-DEL09-MS"
222561;2019-07-17;"quarta-feira";"01:25:00";"MG";381;722,4;"CARMO DA CACHOEIRA";"Falta de Atenção à Condução";"Tombamento";"Com Vítimas Feridas";"Plena Noite";"Decrescente";"Céu Claro";"Dupla";"Curva;Declive";"Não";4;0;1;0;1;2;1;4;-21,44262341;-45,20859003;"SPRF-MG";"DEL04-MG";"UOP02-DEL04-MG"
222562;2019-07-17;"quarta-feira";"02:50:00";"MG";50;181,8;"UBERABA";"Defeito Mecânico no Veículo";"Incêndio";"Sem Vítimas";"Plena Noite";"Decrescente";"Céu Claro";"Dupla";"Reta";"Sim";3;0;0;0;1;2;0;3;-19,785967;-47,916336;"SPRF-MG";"DEL13-MG";"UOP01-DEL13-MG"
222565;2019-07-17;"quarta-feira";"05:19:00";"GO";60;53;"ABADIANIA";"Condutor Dormindo";"Saída de leito carroçável";"Com Vítimas Feridas";"Amanhecer";"Crescente";"Céu Claro";"Múltipla";"Reta";"Sim";4;0;0;1;2;1;1;2;-16,1737;-48,6483;"SPRF-GO";"DEL02-GO";"UOP01-DEL02-GO"
222566;2019-07-17;"quarta-feira";"04:15:00";"MS";262;442,2;"DOIS IRMAOS DO BURITI";"Condutor Dormindo";"Saída de leito carroçável";"Com Vítimas Feridas";"Plena Noite";"Decrescente";"Nublado";"Simples";"Aclive";"Não";1;0;1;0;0;0;1;1;-20,51838186;-55,37400504;"SPRF-MS";"DEL03-MS";"UOP01-DEL03-MS"
222567;2019-07-16;"terça-feira";"18:30:00";"BA";101;649;"ITAPEBI";"Velocidade Incompatível";"Saída de leito carroçável";"Com Vítimas Feridas";"Anoitecer";"Decrescente";"Nublado";"Simples";"Curva";"Não";1;0;0;1;0;0;1;1;-16,00896021;-39,60267187;"SPRF-BA";"DEL05-BA";"UOP02-DEL05-BA"
222572;2019-07-17;"quarta-feira";"06:15:00";"BA";110;321,3;"ALAGOINHAS";"Falta de Atenção à Condução";"Saída de leito carroçável";"Sem Vítimas";"Amanhecer";"Crescente";"Nevoeiro/Neblina";"Simples";"Curva;Declive;Interseção de Vias";"Não";1;0;0;0;0;1;0;1;-12,07726003;-38,34468842;"SPRF-BA";"DEL01-BA";"UOP04-DEL01-BA"
222574;2019-07-17;"quarta-feira";"04:30:00";"MS";262;451,3;"DOIS IRMAOS DO BURITI";"Defeito Mecânico no Veículo";"Saída de leito carroçável";"Sem Vítimas";"Plena Noite";"Crescente";"Céu Claro";"Simples";"Reta;Aclive";"Não";2;0;0;0;1;1;0;2;-20,54952;-55,46961;"SPRF-MS";"DEL03-MS";"UOP01-DEL03-MS"
222575;2019-07-17;"quarta-feira";"05:50:00";"MT";163;965;"NOVA SANTA HELENA";"Condutor Dormindo";"Colisão lateral";"Com Vítimas Feridas";"Amanhecer";"Crescente";"Céu Claro";"Simples";"Reta";"Não";3;0;1;0;1;6;1;8;-10,80599121;-55,16887665;"SPRF-MT";"DEL06-MT";"UOP02-DEL06-MT"
222577;2019-07-17;"quarta-feira";"06:05:00";"PR";376;508,7;"PONTA GROSSA";"Falta de Atenção à Condução";"Saída de leito carroçável";"Sem Vítimas";"Amanhecer";"Crescente";"Nevoeiro/Neblina";"Dupla";"Reta";"Não";3;0;0;0;2;1;0;2;-25,25428794;-50,01605392;"SPRF-PR";"DEL03-PR";"UOP04-DEL03-PR"
222584;2019-07-17;"quarta-feira";"05:10:00";"MG";40;743,9;"SANTOS DUMONT";"Carga excessiva e/ou mal acondicionada";"Tombamento";"Sem Vítimas";"Amanhecer";"Crescente";"Nevoeiro/Neblina";"Simples";"Curva";"Não";2;0;0;0;1;1;0;2;-21,41562494;-43,56352376;"SPRF-MG";"DEL05-MG";"UOP01-DEL05-MG"
222587;2019-07-17;"quarta-feira";"07:30:00";"RO";364;17,1;"VILHENA";"Não guardar distância de segurança";"Colisão traseira";"Com Vítimas Feridas";"Pleno dia";"Decrescente";"Céu Claro";"Simples";"Reta";"Sim";44;0;2;0;41;2;2;4;-12,73207998;-60,16589399;"SPRF-RO";"DEL04-RO";"UOP01-DEL04-RO"
222597;2019-07-17;"quarta-feira";"09:45:00";"RJ";116;227;"PIRAI";"Falta de Atenção do Pedestre";"Colisão com objeto estático";"Sem Vítimas";"Pleno dia";"Decrescente";"Céu Claro";"Dupla";"Reta";"Não";2;0;0;0;1;1;0;2;-22,66505586;-43,8208548;"SPRF-RJ";"DEL07-RJ";"UOP01-DEL07-RJ"
222600;2019-07-17;"quarta-feira";"00:30:00";"RO";364;298;"PRESIDENTE MEDICI";"Defeito Mecânico no Veículo";"Colisão traseira";"Sem Vítimas";"Amanhecer";"Crescente";"Céu Claro";"Simples";"Reta";"Não";3;0;0;0;2;2;0;4;-11,262843;-61,90205;"SPRF-RO";"DEL02-RO";"UOP01-DEL02-RO"
222601;2019-07-17;"quarta-feira";"10:30:00";"ES";101;299,3;"VIANA";"Falta de Atenção à Condução";"Colisão traseira";"Com Vítimas Feridas";"Pleno dia";"Decrescente";"Céu Claro";"Múltipla";"Reta";"Sim";4;0;1;0;2;1;1;4;-20,35860628;-40,42327504;"SPRF-ES";"DEL01-ES";"UOP01-DEL01-ES"
222602;2019-07-17;"quarta-feira";"11:15:00";"PI";343;184;"PIRIPIRI";"Falta de Atenção à Condução";"Colisão lateral";"Com Vítimas Feridas";"Pleno dia";"Decrescente";"Céu Claro";"Simples";"Rotatória";"Sim";4;0;1;1;1;1;2;3;-4,272144;-41,761505;"SPRF-PI";"DEL02-PI";"UOP01-DEL02-PI"
222603;2019-07-01;"segunda-feira";"16:20:00";"SC";470;44,4;"GASPAR";"Falta de Atenção à Condução";"Derramamento de carga";"Sem Vítimas";"Pleno dia";"Decrescente";"Chuva";"Simples";"Reta";"Não";3;0;0;0;2;1;0;3;-26,870665;-49,021896;"SPRF-SC";"DEL04-SC";"UOP01-DEL04-SC"
222604;2019-07-17;"quarta-feira";"11:00:00";"MG";40;527,1;"CONTAGEM";"Falta de Atenção à Condução";"Colisão lateral";"Com Vítimas Feridas";"Pleno dia";"Crescente";"Céu Claro";"Múltipla";"Reta";"Sim";3;0;1;0;2;0;1;2;-19,90361332;-44,0493629;"SPRF-MG";"DEL01-MG";"UOP02-DEL01-MG"
222608;2019-07-17;"quarta-feira";"07:05:00";"MG";251;345,3;"PADRE CARVALHO";"Defeito Mecânico no Veículo";"Incêndio";"Sem Vítimas";"Amanhecer";"Decrescente";"Céu Claro";"Simples";"Curva";"Não";2;0;0;0;1;2;0;3;-16,26353036;-42,51107627;"SPRF-MG";"DEL12-MG";"UOP01-DEL12-MG"
222610;2019-07-17;"quarta-feira";"11:40:00";"SC";101;119;"ITAJAI";"Defeito na Via";"Colisão lateral";"Com Vítimas Feridas";"Pleno dia";"Crescente";"Sol";"Dupla";"Reta";"Sim";2;0;0;1;1;0;1;2;-26,9043179;-48,71555481;"SPRF-SC";"DEL04-SC";"UOP04-DEL04-SC"
222616;2019-05-22;"quarta-feira";"03:20:00";"AC";364;55;"PLACIDO DE CASTRO";"Condutor Dormindo";"Saída de leito carroçável";"Com Vítimas Feridas";"Plena Noite";"Decrescente";"Ignorado";"Simples";"Reta";"Não";1;0;1;0;0;0;1;1;-10,06178731;-67,31052876;"SPRF-AC";"DEL01-AC";"UOP01-DEL01-AC"
222617;2019-07-17;"quarta-feira";"12:01:00";"PR";369;155,5;"LONDRINA";"Falta de Atenção à Condução";"Colisão transversal";"Sem Vítimas";"Pleno dia";"Crescente";"Céu Claro";"Dupla";"Reta";"Sim";3;0;0;0;2;1;0;3;-23,29449631;-51,21074617;"SPRF-PR";"DEL07-PR";"UOP01-DEL07-PR"
222618;2019-07-17;"quarta-feira";"11:30:00";"MG";381;495,9;"BETIM";"Falta de Atenção à Condução";"Colisão lateral";"Sem Vítimas";"Pleno dia";"Crescente";"Céu Claro";"Dupla";"Reta";"Sim";3;0;0;0;2;2;0;4;-19,98890883;-44,20522016;"SPRF-MG";"DEL01-MG";"UOP03-DEL01-MG"
222620;2019-07-17;"quarta-feira";"12:48:00";"PE";232;31;"MORENO";"Sinalização da via insuficiente ou inadequada";"Tombamento";"Com Vítimas Feridas";"Pleno dia";"Decrescente";"Céu Claro";"Dupla";"Curva";"Não";1;0;1;0;0;0;1;1;-8,10678602;-35,15841205;"SPRF-PE";"DEL01-PE";"UOP02-DEL02PE"
222625;2019-07-17;"quarta-feira";"12:20:00";"RS";471;150,3;"SANTA CRUZ DO SUL";"Desobediência às normas de trânsito pelo condutor";"Colisão transversal";"Com Vítimas Feridas";"Pleno dia";"Decrescente";"Céu Claro";"Simples";"Interseção de Vias";"Sim";3;0;2;0;0;1;2;3;-29,77950124;-52,41531014;"SPRF-RS";"DEL02-RS";"UOP02-DEL02-RS"
222628;2019-03-04;"segunda-feira";"00:50:00";"TO";153;186;"ARAGUAINA";"Desobediência às normas de trânsito pelo condutor";"Colisão frontal";"Com Vítimas Fatais";"Plena Noite";"Crescente";"Céu Claro";"Simples";"Reta";"Não";2;1;0;0;1;0;0;2;-7,528361;-48,402645;"SPRF-TO";"DEL02-TO";"UOP01-DEL02-TO"
222630;2019-07-17;"quarta-feira";"13:35:00";"RS";470;216,7;"BENTO GONCALVES";"Falta de Atenção à Condução";"Colisão transversal";"Sem Vítimas";"Pleno dia";"Crescente";"Céu Claro";"Simples";"Reta";"Sim";5;0;0;0;4;1;0;3;-29,1611985;-51,52651375;"SPRF-RS";"DEL06-RS";"UOP01-DEL06-RS"
222634;2019-07-17;"quarta-feira";"08:00:00";"MT";158;571;"AGUA BOA";"Defeito Mecânico no Veículo";"Saída de leito carroçável";"Sem Vítimas";"Pleno dia";"Crescente";"Céu Claro";"Simples";"Reta";"Não";2;0;0;0;1;2;0;3;-14,0814012;-52,15733668;"SPRF-MT";"DEL07-MT";"UOP02-DEL07-MT"
222637;2019-07-17;"quarta-feira";"11:30:00";"PE";104;118,6;"PANELAS";"Defeito Mecânico no Veículo";"Saída de leito carroçável";"Com Vítimas Feridas";"Pleno dia";"Decrescente";"Céu Claro";"Simples";"Curva";"Não";1;0;0;1;0;0;1;1;-8,687511;-36,017384;"SPRF-PE";"DEL02-PE";"UOP01-DEL02-PE"
222638;2019-07-17;"quarta-feira";"08:20:00";"RO";364;573,1;"ITAPUA DO OESTE";"Avarias e/ou desgaste excessivo no pneu";"Tombamento";"Com Vítimas Feridas";"Pleno dia";"Decrescente";"Céu Claro";"Simples";"Reta";"Não";3;0;1;0;2;0;1;1;-9,45441201;-63,10215348;"SPRF-RO";"DEL03-RO";"UOP04-DEL01-RO"
222646;2019-07-17;"quarta-feira";"09:48:00";"GO";50;293,5;"CATALAO";"Falta de Atenção à Condução";"Colisão com objeto estático";"Sem Vítimas";"Pleno dia";"Decrescente";"Sol";"Simples";"Declive;Reta";"Não";1;0;0;0;1;0;0;1;-18,2734;-48,0003;"SPRF-GO";"DEL06-GO";"UOP01-DEL06-GO"
222647;2019-07-17;"quarta-feira";"14:01:00";"MG";262;485;"BOM DESPACHO";"Desobediência às normas de trânsito pelo condutor";"Colisão lateral";"Com Vítimas Feridas";"Pleno dia";"Decrescente";"Céu Claro";"Simples";"Ponte";"Não";3;0;1;0;1;1;1;3;-19,78606988;-45,29440001;"SPRF-MG";"DEL08-MG";"UOP03-DEL08-MG"
222648;2019-07-17;"quarta-feira";"14:08:00";"PR";476;159,9;"CURITIBA";"Defeito Mecânico no Veículo";"Colisão com objeto em movimento";"Com Vítimas Fatais";"Pleno dia";"Crescente";"Nublado";"Simples";"Reta";"Sim";5;1;0;0;2;3;0;5;-25,4541824;-49,2519424;"SPRF-PR";"DEL01-PR";"UOP06-DEL01-PR"
222650;2019-07-17;"quarta-feira";"13:04:00";"ES";101;368;"ANCHIETA";"Velocidade Incompatível";"Colisão lateral";"Com Vítimas Feridas";"Pleno dia";"Decrescente";"Céu Claro";"Simples";"Curva";"Não";4;0;1;0;2;2;1;5;-20,753749;-40,75894999;"SPRF-ES";"DEL03-ES";"UOP01-DEL03-ES"
222652;2019-07-17;"quarta-feira";"15:30:00";"SC";470;66,4;"INDAIAL";"Falta de Atenção à Condução";"Colisão traseira";"Com Vítimas Feridas";"Pleno dia";"Decrescente";"Céu Claro";"Simples";"Reta";"Não";3;0;1;0;1;1;1;3;-26,870407;-49,221844;"SPRF-SC";"DEL04-SC";"UOP01-DEL04-SC"
222659;2019-07-17;"quarta-feira";"16:10:00";"MG";40;635,2;"CONSELHEIRO LAFAIETE";"Falta de Atenção à Condução";"Colisão transversal";"Com Vítimas Feridas";"Pleno dia";"Crescente";"Sol";"Simples";"Reta";"Não";7;0;0;2;2;3;2;6;-20,69796589;-43,79213914;"SPRF-MG";"DEL05-MG";"UOP02-DEL05-MG"
222662;2019-07-17;"quarta-feira";"08:35:00";"CE";222;307;"TIANGUA";"Falta de Atenção à Condução";"Colisão com objeto estático";"Sem Vítimas";"Pleno dia";"Crescente";"Céu Claro";"Múltipla";"Reta";"Não";1;0;0;0;1;0;0;1;-3,68203653;-40,97306466;"SPRF-CE";"DEL04-CE";"UOP02-DEL04-CE"
222667;2019-07-17;"quarta-feira";"14:30:00";"MT";70;609,9;"POCONE";"Falta de Atenção à Condução";"Colisão lateral";"Sem Vítimas";"Pleno dia";"Crescente";"Céu Claro";"Simples";"Declive";"Não";3;0;0;0;2;3;0;5;-15,84932911;-56,80410299;"SPRF-MT";"DEL03-MT";"UOP02-DEL03-MT"
222668;2019-07-17;"quarta-feira";"16:45:00";"MS";158;100,8;"PARANAIBA";"Falta de Atenção à Condução";"Colisão traseira";"Com Vítimas Feridas";"Anoitecer";"Decrescente";"Céu Claro";"Simples";"Aclive";"Não";2;0;0;1;1;0;1;2;-19,70501364;-51,14980583;"SPRF-MS";"DEL08-MS";"UOP01-DEL08-MS"
222675;2019-07-17;"quarta-feira";"18:05:00";"SC";101;157,9;"TIJUCAS";"Desobediência às normas de trânsito pelo condutor";"Colisão traseira";"Com Vítimas Feridas";"Plena Noite";"Crescente";"Céu Claro";"Dupla";"Reta";"Sim";2;0;0;1;1;0;1;2;-27,181625;-48,6121179;"SPRF-SC";"DEL04-SC";"UOP03-DEL04-SC"
222682;2019-07-17;"quarta-feira";"14:45:00";"MA";316;493,8;"CODO";"Defeito Mecânico no Veículo";"Incêndio";"Sem Vítimas";"Pleno dia";"Decrescente";"Céu Claro";"Simples";"Reta";"Não";2;0;0;0;1;1;0;2;-4,678728;-43,816399;"SPRF-MA";"DEL03-MA";"UOP02-DEL03-MA"
222683;2019-05-13;"segunda-feira";"06:00:00";"SC";282;381,3;"HERVAL DOESTE";"Pista Escorregadia";"Colisão traseira";"Com Vítimas Feridas";"Pleno dia";"Crescente";"Garoa/Chuvisco";"Simples";"Reta";"Não";4;0;1;0;2;1;1;4;-27,204979;-51,501442;"SPRF-SC";"DEL07-SC";"UOP05-DEL07-SC"
222686;2019-07-17;"quarta-feira";"18:45:00";"PR";277;133,5;"TUNAS DO PARANA";"Falta de Atenção à Condução";"Colisão transversal";"Com Vítimas Feridas";"Plena Noite";"Decrescente";"Céu Claro";"Dupla";"Reta";"Não";3;0;1;0;1;1;1;2;-25;-49;"SPRF-PR";"DEL01-PR";"UOP06-DEL01-PR"
222687;2019-07-17;"quarta-feira";"17:15:00";"MG";50;69;"UBERLANDIA";"Falta de Atenção à Condução";"Colisão lateral";"Sem Vítimas";"Anoitecer";"Crescente";"Céu Claro";"Simples";"Curva;Aclive";"Não";4;0;0;0;2;4;0;6;-18,85140204;-48,25345932;"SPRF-MG";"DEL15-MG";"UOP01-DEL15-MG"
222695;2019-07-17;"quarta-feira";"18:50:00";"GO";20;3,5;"FORMOSA";"Velocidade Incompatível";"Tombamento";"Com Vítimas Feridas";"Plena Noite";"Crescente";"Céu Claro";"Dupla";"Retorno Regulamentado;Curva;Declive";"Sim";2;0;1;0;0;1;1;2;-15,56443391;-47,31695958;"SPRF-DF";"DEL02-DF";"UOP01-DEL02-DF"
222696;2019-07-17;"quarta-feira";"18:30:00";"PA";316;81,7;"SAO FRANCISCO DO PARA";"Falta de Atenção à Condução";"Colisão lateral";"Sem Vítimas";"Anoitecer";"Crescente";"Chuva";"Simples";"Reta";"Não";3;0;0;0;2;1;0;3;-1,30556013;-47,77095402;"SPRF-PA";"DEL01-PA";"UOP02-DEL01-PA"
222699;2019-07-17;"quarta-feira";"17:40:00";"PR";116;27;"CAMPINA GRANDE DO SUL";"Velocidade Incompatível";"Tombamento";"Com Vítimas Feridas";"Anoitecer";"Decrescente";"Céu Claro";"Dupla";"Curva";"Não";2;0;1;0;0;1;1;2;-25,10840189;-48,79505902;"SPRF-PR";"DEL01-PR";"UOP02-DEL01-PR"
222700;2019-07-17;"quarta-feira";"18:00:00";"BA";20;7;"CORRENTINA";"Velocidade Incompatível";"Colisão traseira";"Com Vítimas Fatais";"Plena Noite";"Decrescente";"Céu Claro";"Simples";"Reta";"Não";3;1;0;0;1;1;0;3;-13,893802;-46,18493;"SPRF-BA";"DEL10-BA";"UOP01-DEL10-BA"
222705;2019-07-17;"quarta-feira";"18:20:00";"SC";282;570,8;"NOVA ERECHIM";"Não guardar distância de segurança";"Colisão traseira";"Com Vítimas Feridas";"Plena Noite";"Crescente";"Céu Claro";"Simples";"Reta";"Não";3;0;1;0;2;0;1;2;-26,89006;-52,93306;"SPRF-SC";"DEL07-SC";"UOP02-DEL07-SC"
222706;2019-07-17;"quarta-feira";"14:15:00";"MG";251;514,6;"MONTES CLAROS";"Desobediência às normas de trânsito pelo condutor";"Colisão transversal";"Com Vítimas Feridas";"Pleno dia";"Decrescente";"Sol";"Simples";"Reta";"Não";7;0;2;3;0;3;5;5;-16,65853004;-43,735423;"SPRF-MG";"DEL12-MG";"UOP01-DEL12-MG"
222710;2019-07-17;"quarta-feira";"16:00:00";"RO";435;76;"COLORADO DO OESTE";"Falta de Atenção à Condução";"Colisão traseira";"Com Vítimas Feridas";"Pleno dia";"Decrescente";"Céu Claro";"Simples";"Declive";"Não";5;0;2;0;2;3;2;5;-13,10814097;-60,45269601;"SPRF-RO";"DEL04-RO";"UOP02-DEL04-RO"
222711;2019-07-17;"quarta-feira";"18:40:00";"PE";101;212,8;"XEXEU";"Desobediência às normas de trânsito pelo condutor";"Colisão traseira";"Com Vítimas Fatais";"Plena Noite";"Crescente";"Céu Claro";"Dupla";"Interseção de Vias";"Não";2;1;0;0;0;1;0;2;-8,86269194;-35,63166475;"SPRF-PE";"DEL01-PE";"UOP03-DEL01-PE"
222712;2019-07-17;"quarta-feira";"21:30:00";"PR";277;5,1;"PARANAGUA";"Desobediência às normas de trânsito pelo condutor";"Colisão traseira";"Com Vítimas Feridas";"Plena Noite";"Decrescente";"Céu Claro";"Simples";"Curva;Declive";"Sim";3;0;1;0;1;3;1;5;-25,55443149;-48,56287479;"SPRF-PR";"DEL01-PR";"UOP05-DEL01-PR"
222713;2019-07-17;"quarta-feira";"21:30:00";"PR";376;528,7;"PONTA GROSSA";"Falta de Atenção do Pedestre";"Atropelamento de Pedestre";"Com Vítimas Feridas";"Plena Noite";"Decrescente";"Céu Claro";"Dupla";"Reta";"Não";2;0;0;1;1;0;1;2;-25,33411669;-49,85609969;"SPRF-PR";"DEL03-PR";"UOP04-DEL03-PR"
222740;2019-07-18;"quinta-feira";"00:19:00";"MS";163;72;"ITAQUIRAI";"Defeito Mecânico no Veículo";"Incêndio";"Sem Vítimas";"Plena Noite";"Crescente";"Céu Claro";"Simples";"Reta";"Não";2;0;0;0;1;2;0;3;-23,52761097;-54,1919883;"SPRF-MS";"DEL09-MS";"UOP02-DEL09-MS"
222747;2019-07-18;"quinta-feira";"05:40:00";"PE";232;268,9;"SERTANIA";"Condutor Dormindo";"Colisão lateral";"Com Vítimas Feridas";"Pleno dia";"Crescente";"Nublado";"Simples";"Curva";"Não";3;0;1;0;1;1;1;3;-8,40626526;-37,20062302;"SPRF-PE";"DEL03-PE";"UOP02-DEL03-PE"
222748;2019-07-18;"quinta-feira";"05:20:00";"BA";324;435;"RIACHAO DO JACUIPE";"Falta de Atenção à Condução";"Tombamento";"Com Vítimas Fatais";"Amanhecer";"Decrescente";"Nublado";"Simples";"Reta";"Não";1;1;0;0;0;0;0;1;-11,79439978;-39,41559691;"SPRF-BA";"DEL04-BA";"UOP02-DEL04-BA"
222749;2019-07-18;"quinta-feira";"05:25:00";"ES";101;281,8;"SERRA";"Falta de Atenção à Condução";"Saída de leito carroçável";"Com Vítimas Feridas";"Amanhecer";"Crescente";"Chuva";"Dupla";"Reta";"Não";2;0;1;0;0;1;1;2;-20,22112792;-40,35720552;"SPRF-ES";"DEL02-ES";"UOP01-DEL02-ES"
222751;2019-07-18;"quinta-feira";"06:15:00";"MG";381;910;"CAMANDUCAIA";"Condutor Dormindo";"Colisão traseira";"Com Vítimas Feridas";"Amanhecer";"Decrescente";"Céu Claro";"Dupla";"Reta";"Sim";3;0;0;1;1;2;1;4;-22,70557219;-46,11991882;"SPRF-MG";"DEL16-MG";"UOP03-DEL16-MG"
222761;2019-07-18;"quinta-feira";"07:10:00";"RS";285;294;"PASSO FUNDO";"Restrição de Visibilidade";"Colisão traseira";"Com Vítimas Feridas";"Pleno dia";"Decrescente";"Céu Claro";"Simples";"Reta";"Não";2;0;1;0;1;0;1;2;-28,234547;-52,384975;"SPRF-RS";"DEL08-RS";"UOP03-DEL08-RS"
222765;2019-07-18;"quinta-feira";"06:45:00";"ES";262;28,9;"DOMINGOS MARTINS";"Defeito Mecânico no Veículo";"Saída de leito carroçável";"Com Vítimas Feridas";"Pleno dia";"Crescente";"Chuva";"Simples";"Curva";"Não";1;0;1;0;0;0;1;1;-20,38426904;-40,55863435;"SPRF-ES";"DEL01-ES";"UOP01-DEL01-ES"
222769;2019-07-18;"quinta-feira";"07:55:00";"GO";153;507;"APARECIDA DE GOIANIA";"Falta de Atenção à Condução";"Saída de leito carroçável";"Sem Vítimas";"Pleno dia";"Decrescente";"Céu Claro";"Simples";"Aclive;Curva";"Sim";1;0;0;0;1;0;0;1;-16,7715;-49,2387;"SPRF-GO";"DEL01-GO";"UOP03-DEL01-GO"
222771;2019-07-18;"quinta-feira";"06:45:00";"ES";101;386,9;"ICONHA";"Velocidade Incompatível";"Colisão frontal";"Com Vítimas Feridas";"Pleno dia";"Crescente";"Nublado";"Simples";"Curva";"Não";3;0;1;0;1;2;1;4;-20,75547179;-40,75730324;"SPRF-ES";"DEL03-ES";"UOP01-DEL03-ES"
222779;2019-07-18;"quinta-feira";"08:05:00";"PR";116;45;"CAMPINA GRANDE DO SUL";"Condutor Dormindo";"Colisão lateral";"Com Vítimas Feridas";"Pleno dia";"Crescente";"Nublado";"Dupla";"Reta";"Não";6;0;0;1;4;2;1;7;-25,19502698;-48,89003802;"SPRF-PR";"DEL01-PR";"UOP02-DEL01-PR"
222780;2019-07-18;"quinta-feira";"08:10:00";"PR";116;46;"CAMPINA GRANDE DO SUL";"Falta de Atenção à Condução";"Colisão traseira";"Com Vítimas Feridas";"Pleno dia";"Crescente";"Nublado";"Dupla";"Declive;Reta";"Não";5;0;2;0;2;1;2;4;-25,20185401;-48,8962139;"SPRF-PR";"DEL01-PR";"UOP02-DEL01-PR"
222784;2019-07-18;"quinta-feira";"07:50:00";"PR";277;584;"CASCAVEL";"Falta de Atenção à Condução";"Colisão lateral";"Sem Vítimas";"Pleno dia";"Decrescente";"Sol";"Dupla";"Rotatória";"Não";3;0;0;0;2;3;0;5;-24,96684176;-53,40258186;"SPRF-PR";"DEL04-PR";"UOP01-DEL04-PR"
222786;2019-07-18;"quinta-feira";"09:00:00";"RS";290;74,6;"GRAVATAI";"Velocidade Incompatível";"Colisão com objeto estático";"Sem Vítimas";"Pleno dia";"Decrescente";"Nevoeiro/Neblina";"Dupla";"Retorno Regulamentado;Declive;Curva";"Sim";1;0;0;0;1;0;0;1;-29,95516781;-51,00233685;"SPRF-RS";"DEL03-RS";"UOP01-DEL03-RS"
222787;2019-07-18;"quinta-feira";"08:30:00";"PE";101;39,6;"IGARASSU";"Falta de Atenção à Condução";"Colisão traseira";"Com Vítimas Feridas";"Pleno dia";"Crescente";"Sol";"Múltipla";"Aclive";"Não";4;0;0;1;3;0;1;2;-7,81259899;-34,91890497;"SPRF-PE";"DEL01-PE";"UOP02-DEL01-PE"