"id";"data_inversa";"dia_semana";"horario";"uf";"br";"km";"municipio";"causa_acidente";"tipo_acidente";"classificacao_acidente";"fase_dia";"sentido_via";"condicao_metereologica";"tipo_pista";"tracado_via";"uso_solo";"pessoas";"mortos";"feridos_leves";"feridos_graves";"ilesos";"ignorados";"feridos";"veiculos";"latitude";"longitude";"regional";"delegacia";"uop"
222789;2019-06-05;"quarta-feira";"00:55:00";"MG";381;405,4;"NOVA UNIAO";"Falta de Atenção à Condução";"Colisão lateral";"Com Vítimas Fatais";"Plena Noite";"Crescente";"Céu Claro";"Simples";"Curva";"Não";9;1;3;2;2;1;5;3;-19,741841;-43,5544;"SPRF-MG";"DEL01-MG";"UOP01-DEL01-MG"
222790;2019-07-18;"quinta-feira";"06:48:00";"BA";242;814;"BARREIRAS";"Falta de Atenção à Condução";"Saída de leito carroçável";"Com Vítimas Feridas";"Pleno dia";"Decrescente";"Céu Claro";"Simples";"Curva";"Não";3;0;0;1;1;1;1;2;-12,14560227;-44,99105087;"SPRF-BA";"DEL10-BA";"UOP01-DEL10-BA"
222797;2019-07-18;"quinta-feira";"10:00:00";"PR";376;615;"SAO JOSE DOS PINHAIS";"Desobediência às normas de trânsito pelo condutor";"Colisão lateral";"Com Vítimas Feridas";"Pleno dia";"Crescente";"Céu Claro";"Dupla";"Reta";"Sim";2;0;1;0;1;0;1;2;-25,569237;-49,183735;"SPRF-PR";"DEL01-PR";"UOP06-DEL01-PR"
222801;2019-07-18;"quinta-feira";"05:40:00";"MA";10;178;"CAMPESTRE DO MARANHAO";"Falta de Atenção à Condução";"Colisão transversal";"Com Vítimas Fatais";"Amanhecer";"Decrescente";"Céu Claro";"Simples";"Reta";"Não";3;1;0;0;1;3;0;5;-6,158751;-47,367653;"SPRF-MA";"DEL04-MA";"UOP01-DEL04-MA"
222802;2019-07-18;"quinta-feira";"11:20:00";"RJ";116;93;"GUAPIMIRIM";"Pista Escorregadia";"Colisão frontal";"Com Vítimas Feridas";"Pleno dia";"Decrescente";"Chuva";"Simples";"Curva";"Não";2;0;0;1;1;0;1;2;-22,46416302;-42,99215699;"SPRF-RJ";"DEL04-RJ";"UOP02-DEL04-RJ"
222803;2019-07-17;"quarta-feira";"21:30:00";"MG";365;76,2;"JEQUITAI";"Condutor Dormindo";"Saída de leito carroçável";"Com Vítimas Feridas";"Plena Noite";"Crescente";"Céu Claro";"Simples";"Aclive;Reta";"Não";1;0;1;0;0;0;1;1;-17,133612;-44,35523801;"SPRF-MG";"DEL12-MG";"UOP01-DEL12-MG"
222805;2019-06-24;"segunda-feira";"10:05:00";"SP";116;276,5;"EMBU DAS ARTES";"Falta de Atenção à Condução";"Colisão traseira";"Com Vítimas Feridas";"Pleno dia";"Decrescente";"Céu Claro";"Dupla";"Reta";"Sim";3;0;1;0;0;2;1;3;-23,62504601;-46,81619438;"SPRF-SP";"DEL04-SP";"UOP01-DEL04-SP"
222810;2019-07-18;"quinta-feira";"11:20:00";"PR";376;655,7;"TIJUCAS DO SUL";"Velocidade Incompatível";"Colisão com objeto estático";"Com Vítimas Feridas";"Pleno dia";"Decrescente";"Nublado";"Dupla";"Curva";"Não";3;0;1;0;1;1;1;3;-25,84006739;-49,02854919;"SPRF-PR";"DEL01-PR";"UOP04-DEL01-PR"
222815;2019-07-18;"quinta-feira";"12:30:00";"CE";116;42,5;"HORIZONTE";"Falta de Atenção à Condução";"Colisão lateral";"Sem Vítimas";"Pleno dia";"Crescente";"Céu Claro";"Dupla";"Reta";"Sim";3;0;0;0;2;2;0;4;-4,10857928;-38,4942173;"SPRF-CE";"DEL01-CE";"UOP02-DEL01-CE"
222816;2019-07-18;"quinta-feira";"12:30:00";"RS";290;1;"URUGUAIANA";"Desobediência às normas de trânsito pelo condutor";"Colisão frontal";"Com Vítimas Feridas";"Pleno dia";"Decrescente";"Céu Claro";"Simples";"Reta";"Sim";3;0;0;1;1;1;1;3;-29,77264283;-57,05033427;"SPRF-RS";"DEL13-RS";"UOP01-DEL13-RS"
222821;2019-07-18;"quinta-feira";"13:00:00";"ES";101;410,8;"ITAPEMIRIM";"Falta de Atenção à Condução";"Colisão lateral";"Com Vítimas Feridas";"Pleno dia";"Decrescente";"Nublado";"Simples";"Reta";"Não";9;0;2;4;1;2;6;5;-20,90297842;-41,05985641;"SPRF-ES";"DEL03-ES";"UOP02-DEL03-ES"
222829;2019-07-18;"quinta-feira";"13:50:00";"SP";116;282,1;"EMBU DAS ARTES";"Não guardar distância de segurança";"Colisão traseira";"Com Vítimas Feridas";"Pleno dia";"Decrescente";"Sol";"Dupla";"Reta";"Sim";3;0;1;0;1;1;1;3;-23,66330539;-46,8533672;"SPRF-SP";"DEL04-SP";"UOP01-DEL04-SP"
222832;2019-07-18;"quinta-feira";"13:10:00";"PR";158;536,5;"PATO BRANCO";"Desobediência às normas de trânsito pelo condutor";"Colisão frontal";"Com Vítimas Feridas";"Pleno dia";"Decrescente";"Céu Claro";"Simples";"Reta";"Sim";2;0;1;0;1;0;1;2;-26,23547098;-52,69066504;"SPRF-PR";"DEL02-PR";"UOP01-DEL02-PR"
222834;2019-02-05;"terça-feira";"05:50:00";"RJ";101;405,4;"ITAGUAI";"Pista Escorregadia";"Colisão com objeto estático";"Sem Vítimas";"Amanhecer";"Decrescente";"Chuva";"Dupla";"Aclive;Reta";"Sim";1;0;0;0;1;0;0;1;-22,867615;-43,802757;"SPRF-RJ";"DEL03-RJ";"UOP01-DEL03-RJ"
222836;2019-07-18;"quinta-feira";"13:00:00";"MT";163;949;"ITAUBA";"Falta de Atenção à Condução";"Colisão traseira";"Sem Vítimas";"Pleno dia";"Decrescente";"Céu Claro";"Simples";"Declive";"Não";4;0;0;0;3;5;0;8;-11,01705605;-55,25614996;"SPRF-MT";"DEL06-MT";"UOP02-DEL06-MT"
222837;2019-07-18;"quinta-feira";"11:10:00";"MT";174;291,2;"PONTES E LACERDA";"Falta de Atenção à Condução";"Colisão transversal";"Com Vítimas Fatais";"Pleno dia";"Crescente";"Céu Claro";"Simples";"Rotatória";"Não";2;1;0;0;1;0;0;2;-15,22574;-59,31868;"SPRF-MT";"DEL04-MT";"UOP01-DEL04-MT"
222838;2019-07-18;"quinta-feira";"14:40:00";"SC";101;89;"BARRA VELHA";"Falta de Atenção à Condução";"Colisão traseira";"Com Vítimas Feridas";"Pleno dia";"Decrescente";"Garoa/Chuvisco";"Dupla";"Reta";"Não";3;0;0;1;1;2;1;4;-26,65175997;-48,68721921;"SPRF-SC";"DEL03-SC";"UOP02-DEL03-SC"
222844;2019-07-18;"quinta-feira";"13:50:00";"MT";70;280,2;"PRIMAVERA DO LESTE";"Desobediência às normas de trânsito pelo condutor";"Colisão traseira";"Sem Vítimas";"Pleno dia";"Decrescente";"Céu Claro";"Simples";"Interseção de Vias";"Sim";3;0;0;0;2;2;0;4;-15,5628096;-54,2970162;"SPRF-MT";"DEL05-MT";"UOP01-DEL05-MT"
222846;2019-07-18;"quinta-feira";"15:00:00";"MS";158;72;"PARANAIBA";"Defeito Mecânico no Veículo";"Saída de leito carroçável";"Com Vítimas Feridas";"Pleno dia";"Crescente";"Céu Claro";"Simples";"Reta";"Não";2;0;1;0;0;1;1;2;-19,88471378;-51,13459155;"SPRF-MS";"DEL08-MS";"UOP01-DEL08-MS"
222847;2019-07-18;"quinta-feira";"16:00:00";"RN";101;108;"PARNAMIRIM";"Falta de Atenção à Condução";"Colisão lateral";"Sem Vítimas";"Pleno dia";"Decrescente";"Céu Claro";"Dupla";"Reta";"Sim";1;0;0;0;1;0;0;1;-5,92825102;-35,26465683;"SPRF-RN";"DEL01-RN";"UOP01-DEL01-RN"
222849;2019-07-18;"quinta-feira";"16:28:00";"SP";116;229;"SAO PAULO";"Falta de Atenção à Condução";"Colisão lateral";"Com Vítimas Feridas";"Pleno dia";"Crescente";"Nublado";"Múltipla";"Reta";"Sim";3;0;1;0;1;1;1;3;-23,51291902;-46,57604698;"SPRF-SP";"DEL01-SP";"UOP01-DEL01-SP"
222852;2019-07-18;"quinta-feira";"12:50:00";"AC";364;71,9;"PLACIDO DE CASTRO";"Falta de Atenção à Condução";"Saída de leito carroçável";"Com Vítimas Feridas";"Pleno dia";"Crescente";"Céu Claro";"Simples";"Reta";"Não";2;0;0;1;0;1;1;2;-10,06286301;-67,349278;"SPRF-AC";"DEL01-AC";"UOP01-DEL01-AC"
222856;2019-07-18;"quinta-feira";"16:40:00";"MG";365;678;"MONTE ALEGRE DE MINAS";"Falta de Atenção à Condução";"Colisão traseira";"Com Vítimas Feridas";"Pleno dia";"Crescente";"Céu Claro";"Dupla";"Reta";"Não";4;0;1;0;2;1;1;4;-18,8509065;-48,80033095;"SPRF-MG";"DEL15-MG";"UOP01-DEL15-MG"
222866;2019-07-18;"quinta-feira";"16:25:00";"PR";476;207,3;"LAPA";"Defeito Mecânico no Veículo";"Colisão frontal";"Sem Vítimas";"Pleno dia";"Crescente";"Céu Claro";"Simples";"Curva;Declive";"Não";3;0;0;0;2;1;0;3;-25,775969;-49,82312;"SPRF-PR";"DEL02-PR";"UOP04-DEL02-PR"
222867;2019-07-18;"quinta-feira";"17:30:00";"MG";381;437;"SABARA";"Falta de Atenção à Condução";"Colisão transversal";"Sem Vítimas";"Anoitecer";"Decrescente";"Céu Claro";"Simples";"Reta;Aclive";"Não";2;0;0;0;2;0;0;2;-19,80933086;-43,76826997;"SPRF-MG";"DEL01-MG";"UOP01-DEL01-MG"
222871;2019-07-18;"quinta-feira";"18:00:00";"PE";232;58,4;"POMBOS";"Ingestão de álcool e/ou substâncias psicoativas pelo pedestre";"Atropelamento de Pedestre";"Com Vítimas Feridas";"Plena Noite";"Crescente";"Céu Claro";"Dupla";"Reta";"Sim";3;0;0;1;1;1;1;2;-8,14462866;-35,39034714;"SPRF-PE";"DEL01-PE";"UOP02-DEL02PE"
222875;2019-07-14;"domingo";"18:00:00";"PR";277;110;"CAMPO LARGO";"Não guardar distância de segurança";"Colisão traseira";"Com Vítimas Feridas";"Anoitecer";"Decrescente";"Nublado";"Dupla";"Reta";"Sim";5;0;1;0;4;0;1;3;-25,44215077;-49,43984985;"SPRF-PR";"DEL01-PR";"UOP06-DEL01-PR"
222883;2019-07-18;"quinta-feira";"18:00:00";"MG";381;309;"ANTONIO DIAS";"Defeito Mecânico no Veículo";"Colisão transversal";"Sem Vítimas";"Plena Noite";"Decrescente";"Céu Claro";"Simples";"Reta";"Não";5;0;0;0;4;2;0;6;-19,656227;-42,958355;"SPRF-MG";"DEL03-MG";"UOP02-DEL03-MG"
222888;2019-07-18;"quinta-feira";"15:40:00";"GO";153;324,6;"RIANAPOLIS";"Não guardar distância de segurança";"Colisão traseira";"Com Vítimas Feridas";"Pleno dia";"Crescente";"Céu Claro";"Simples";"Declive";"Não";6;0;0;1;4;3;1;6;-15,481514;-49,493187;"SPRF-GO";"DEL02-GO";"UOP02-DEL02-GO"
222890;2019-07-18;"quinta-feira";"19:35:00";"SP";153;63,1;"SAO JOSE DO RIO PRETO";"Não guardar distância de segurança";"Engavetamento";"Com Vítimas Feridas";"Plena Noite";"Decrescente";"Céu Claro";"Dupla";"Reta";"Sim";5;0;0;1;4;0;1;4;-20,82149698;-49,35764818;"SPRF-SP";"DEL09-SP";"UOP01-DEL09-SP"
222894;2019-07-18;"quinta-feira";"18:05:00";"MG";267;13,7;"LEOPOLDINA";"Ultrapassagem Indevida";"Colisão frontal";"Com Vítimas Feridas";"Anoitecer";"Decrescente";"Céu Claro";"Simples";"Declive;Curva";"Não";4;0;3;0;0;1;3;3;-21,58002681;-42,72282704;"SPRF-MG";"DEL07-MG";"UOP01-DEL07-MG"
222895;2019-07-18;"quinta-feira";"19:00:00";"GO";153;557,3;"PROFESSOR JAMIL";"Falta de Atenção à Condução";"Colisão traseira";"Com Vítimas Feridas";"Plena Noite";"Crescente";"Céu Claro";"Dupla";"Reta";"Não";2;0;0;1;1;0;1;2;-17,2013;-49,2083;"SPRF-GO";"DEL03-GO";"UOP01-DEL03-GO"
222904;2019-07-18;"quinta-feira";"21:45:00";"RS";290;720;"URUGUAIANA";"Ingestão de Álcool";"Colisão lateral";"Com Vítimas Feridas";"Plena Noite";"Crescente";"Céu Claro";"Múltipla";"Aclive;Reta;Viaduto";"Sim";3;0;1;0;2;0;1;2;-29,766502;-57,058228;"SPRF-RS";"DEL13-RS";"UOP01-DEL13-RS"
222906;2019-07-18;"quinta-feira";"17:50:00";"RO";364;344;"JI-PARANA";"Falta de Atenção à Condução";"Colisão com objeto estático";"Sem Vítimas";"Anoitecer";"Decrescente";"Céu Claro";"Simples";"Reta";"Sim";2;0;0;0;1;3;0;4;-10,87376391;-61,95256893;"SPRF-RO";"DEL02-RO";"UOP01-DEL02-RO"
222908;2019-07-18;"quinta-feira";"22:00:00";"RJ";101;109;"CAMPOS DOS GOYTACAZES";"Falta de Atenção à Condução";"Colisão traseira";"Com Vítimas Feridas";"Plena Noite";"Crescente";"Nublado";"Dupla";"Reta";"Não";3;0;1;0;1;2;1;4;-21,94807706;-41,63725396;"SPRF-RJ";"DEL08-RJ";"UOP02-DEL08-RJ"
222912;2019-07-18;"quinta-feira";"18:30:00";"PI";316;123,8;"ELESBAO VELOSO";"Ultrapassagem Indevida";"Colisão traseira";"Com Vítimas Feridas";"Plena Noite";"Crescente";"Céu Claro";"Simples";"Reta";"Sim";5;0;1;0;2;2;1;4;-5,97525054;-42,33471036;"SPRF-PI";"DEL04-PI";"UOP02-DEL04-PI"
222915;2019-07-18;"quinta-feira";"21:00:00";"SC";282;66;"RANCHO QUEIMADO";"Velocidade Incompatível";"Colisão lateral";"Com Vítimas Feridas";"Plena Noite";"Decrescente";"Chuva";"Simples";"Declive;Curva";"Não";4;0;1;1;1;2;2;4;-27,699602;-49,062912;"SPRF-SC";"DEL01-SC";"UOP03-DEL01-SC"
222916;2019-07-18;"quinta-feira";"19:30:00";"MT";70;200;"GENERAL CARNEIRO";"Sinalização da via insuficiente ou inadequada";"Colisão lateral";"Com Vítimas Feridas";"Plena Noite";"Crescente";"Céu Claro";"Simples";"Interseção de Vias;Curva";"Não";3;0;1;0;1;2;1;4;-15,7126028;-53,74708491;"SPRF-MT";"DEL05-MT";"UOP01-DEL05-MT"
222919;2019-07-18;"quinta-feira";"20:26:00";"MT";364;293,2;"JACIARA";"Defeito Mecânico no Veículo";"Colisão frontal";"Com Vítimas Feridas";"Plena Noite";"Crescente";"Chuva";"Dupla";"Reta";"Não";3;0;0;1;1;1;1;3;-15,88519116;-55,1093702;"SPRF-MT";"DEL02-MT";"UOP02-DEL05-MT"
222920;2019-07-18;"quinta-feira";"23:30:00";"BA";101;136;"TEODORO SAMPAIO";"Falta de Atenção à Condução";"Derramamento de carga";"Sem Vítimas";"Plena Noite";"Crescente";"Chuva";"Simples";"Reta";"Não";3;0;0;0;1;3;0;4;-12,26160038;-38,65456671;"SPRF-BA";"DEL01-BA";"UOP04-DEL01-BA"
222921;2019-07-18;"quinta-feira";"22:40:00";"MT";364;292;"JACIARA";"Falta de Atenção à Condução";"Colisão traseira";"Com Vítimas Feridas";"Plena Noite";"Crescente";"Céu Claro";"Dupla";"Reta";"Não";3;0;1;0;1;1;1;3;-15,89220915;-55,1038862;"SPRF-MT";"DEL02-MT";"UOP02-DEL05-MT"
222925;2019-07-18;"quinta-feira";"21:00:00";"MG";116;514,3;"UBAPORANGA";"Ultrapassagem Indevida";"Tombamento";"Com Vítimas Feridas";"Plena Noite";"Decrescente";"Nublado";"Simples";"Aclive";"Não";1;0;0;1;0;0;1;1;-19,67880399;-42,11700024;"SPRF-MG";"DEL06-MG";"UOP02-DEL06-MG"
222927;2019-07-19;"sexta-feira";"01:23:00";"DF";20;19,6;"BRASILIA";"Falta de Atenção à Condução";"Colisão traseira";"Com Vítimas Fatais";"Plena Noite";"Crescente";"Céu Claro";"Dupla";"Aclive";"Sim";2;1;0;0;1;0;0;2;-15,60890155;-47,69443989;"SPRF-DF";"DEL02-DF";"UOP01-DEL02-DF"
222930;2019-07-19;"sexta-feira";"01:10:00";"RJ";40;113;"DUQUE DE CAXIAS";"Defeito Mecânico no Veículo";"Engavetamento";"Com Vítimas Feridas";"Plena Noite";"Crescente";"Nublado";"Múltipla";"Aclive;Reta";"Sim";4;0;1;0;3;0;1;4;-22,70948502;-43,29040354;"SPRF-RJ";"DEL01-RJ";"UOP01-DEL01-RJ"
222933;2019-07-19;"sexta-feira";"00:15:00";"ES";262;24,3;"VIANA";"Velocidade Incompatível";"Tombamento";"Sem Vítimas";"Plena Noite";"Decrescente";"Chuva";"Simples";"Curva";"Não";1;0;0;0;1;0;0;1;-20,37917648;-40,52624613;"SPRF-ES";"DEL01-ES";"UOP01-DEL01-ES"
222941;2019-07-19;"sexta-feira";"04:30:00";"RJ";116;251,8;"PIRAI";"Animais na Pista";"Atropelamento de Animal";"Sem Vítimas";"Plena Noite";"Decrescente";"Nevoeiro/Neblina";"Dupla";"Reta";"Não";3;0;0;0;2;1;0;3;-22,58482223;-43,95961921;"SPRF-RJ";"DEL07-RJ";"UOP01-DEL07-RJ"
222947;2019-07-19;"sexta-feira";"06:10:00";"SP";116;399,1;"MIRACATU";"Falta de Atenção à Condução";"Colisão traseira";"Com Vítimas Feridas";"Amanhecer";"Decrescente";"Nublado";"Dupla";"Reta";"Não";2;0;1;0;1;0;1;2;-24,30734845;-47,49913953;"SPRF-SP";"DEL04-SP";"UOP02-DEL04-SP"
222948;2019-07-19;"sexta-feira";"07:20:00";"PR";277;673,7;"MEDIANEIRA";"Condutor Dormindo";"Colisão traseira";"Com Vítimas Feridas";"Amanhecer";"Crescente";"Céu Claro";"Dupla";"Reta";"Sim";4;0;0;2;2;0;2;2;-25,29056476;-54,10646111;"SPRF-PR";"DEL05-PR";"UOP01-DEL05-PR"
222954;2019-07-19;"sexta-feira";"06:45:00";"SC";101;168,1;"TIJUCAS";"Falta de Atenção à Condução";"Colisão traseira";"Com Vítimas Feridas";"Pleno dia";"Decrescente";"Nublado";"Dupla";"Reta;Retorno Regulamentado";"Não";2;0;0;1;1;0;1;2;-27,279105;-48,631554;"SPRF-SC";"DEL04-SC";"UOP03-DEL04-SC"
222956;2019-07-19;"sexta-feira";"07:35:00";"CE";20;423,5;"MARACANAU";"Não guardar distância de segurança";"Colisão traseira";"Com Vítimas Feridas";"Pleno dia";"Crescente";"Sol";"Simples";"Reta";"Não";2;0;0;1;1;0;1;2;-3,76999035;-38,67006282;"SPRF-CE";"DEL01-CE";"UOP02-DEL01-CE"
222959;2019-07-19;"sexta-feira";"07:30:00";"MG";381;628,6;"OLIVEIRA";"Falta de Atenção à Condução";"Colisão traseira";"Com Vítimas Feridas";"Pleno dia";"Crescente";"Céu Claro";"Dupla";"Reta;Declive";"Não";36;0;1;1;34;0;2;2;-20,83304688;-44,8250553;"SPRF-MG";"DEL04-MG";"UOP01-DEL04-MG"
222963;2019-07-19;"sexta-feira";"07:35:00";"PR";277;307,1;"GUARAPUAVA";"Defeito Mecânico no Veículo";"Tombamento";"Com Vítimas Feridas";"Pleno dia";"Crescente";"Céu Claro";"Simples";"Curva;Declive";"Não";2;0;1;0;0;1;1;2;-25,32044251;-51,19491577;"SPRF-PR";"DEL03-PR";"UOP01-DEL08-PR"
222968;2019-07-19;"sexta-feira";"08:20:00";"RS";116;293,1;"ELDORADO DO SUL";"Desobediência às normas de trânsito pelo condutor";"Colisão lateral";"Sem Vítimas";"Pleno dia";"Decrescente";"Sol";"Dupla";"Reta";"Não";5;0;0;0;3;2;0;4;-30,05928855;-51,33838177;"SPRF-RS";"DEL02-RS";"UOP01-DEL02-RS"
222974;2019-07-19;"sexta-feira";"08:30:00";"SP";116;111;"TAUBATE";"Não guardar distância de segurança";"Engavetamento";"Com Vítimas Feridas";"Pleno dia";"Crescente";"Céu Claro";"Dupla";"Reta";"Sim";5;0;1;0;4;0;1;5;-23,03887149;-45,56097419;"SPRF-SP";"DEL06-SP";"UOP02-DEL02-SP"
222975;2019-07-19;"sexta-feira";"08:35:00";"PR";277;74;"SAO JOSE DOS PINHAIS";"Falta de Atenção à Condução";"Colisão lateral";"Com Vítimas Feridas";"Pleno dia";"Decrescente";"Nublado";"Dupla";"Reta";"Sim";2;0;1;0;1;0;1;2;-25,51726115;-49,11540707;"SPRF-PR";"DEL01-PR";"UOP01-DEL01-PR"
222983;2019-05-21;"terça-feira";"04:40:00";"MG";251;281,4;"SALINAS";"Restrição de Visibilidade";"Colisão frontal";"Com Vítimas Fatais";"Amanhecer";"Crescente";"Nevoeiro/Neblina";"Simples";"Reta";"Não";5;2;1;1;1;0;2;3;-16,03423393;-42,11749602;"SPRF-MG";"DEL11-MG";"UOP02-DEL11-MG"
222989;2019-07-19;"sexta-feira";"10:00:00";"MG";381;759,8;"TRES CORACOES";"Mal Súbito";"Saída de leito carroçável";"Com Vítimas Feridas";"Pleno dia";"Crescente";"Céu Claro";"Dupla";"Reta";"Não";2;0;1;0;0;1;1;2;-21,69498516;-45,35726018;"SPRF-MG";"DEL16-MG";"UOP02-DEL16-MG"
222991;2019-07-19;"sexta-feira";"10:45:00";"ES";101;269,5;"SERRA";"Desobediência às normas de trânsito pelo condutor";"Colisão transversal";"Com Vítimas Feridas";"Pleno dia";"Crescente";"Chuva";"Múltipla";"Interseção de Vias";"Sim";6;0;4;0;2;0;4;4;-20,22203294;-40,27047157;"SPRF-ES";"DEL02-ES";"UOP01-DEL02-ES"
222992;2019-07-19;"sexta-feira";"10:30:00";"MG";251;401,2;"GRAO MOGOL";"Defeito Mecânico no Veículo";"Colisão frontal";"Com Vítimas Feridas";"Pleno dia";"Decrescente";"Sol";"Simples";"Reta";"Não";3;0;1;0;1;1;1;3;-16,24158921;-42,92540287;"SPRF-MG";"DEL12-MG";"UOP01-DEL12-MG"
222993;2019-07-19;"sexta-feira";"11:00:00";"RJ";40;77;"PETROPOLIS";"Falta de Atenção à Condução";"Colisão traseira";"Com Vítimas Feridas";"Pleno dia";"Decrescente";"Céu Claro";"Dupla";"Reta";"Não";2;0;1;0;1;0;1;2;-22,49614;-43,22614;"SPRF-RJ";"DEL06-RJ";"UOP01-DEL06-RJ"
222996;2019-07-19;"sexta-feira";"11:40:00";"PI";343;183;"PIRIPIRI";"Falta de Atenção à Condução";"Colisão lateral";"Com Vítimas Feridas";"Pleno dia";"Crescente";"Sol";"Simples";"Rotatória";"Sim";2;0;0;1;1;0;1;2;-4,264742;-41,756226;"SPRF-PI";"DEL02-PI";"UOP01-DEL02-PI"
222997;2019-07-19;"sexta-feira";"12:20:00";"PB";230;32;"BAYEUX";"Falta de Atenção à Condução";"Colisão lateral";"Com Vítimas Feridas";"Pleno dia";"Decrescente";"Céu Claro";"Dupla";"Reta";"Sim";2;0;1;0;1;0;1;2;-7,1383174;-34,9243685;"SPRF-PB";"DEL01-PB";"UOP01-DEL01-PB"
222998;2019-07-19;"sexta-feira";"10:25:00";"SC";163;71,7;"SAO MIGUEL DO OESTE";"Não guardar distância de segurança";"Colisão traseira";"Com Vítimas Feridas";"Pleno dia";"Decrescente";"Céu Claro";"Dupla";"Aclive;Reta";"Sim";2;0;1;0;1;0;1;2;-26,72772401;-53,51281303;"SPRF-SC";"DEL07-SC";"UOP03-DEL07-SC"
223001;2019-07-19;"sexta-feira";"12:40:00";"MG";40;87,4;"PARACATU";"Falta de Atenção à Condução";"Colisão lateral";"Com Vítimas Fatais";"Pleno dia";"Decrescente";"Céu Claro";"Simples";"Reta";"Não";12;4;1;0;6;1;1;5;-17,49107256;-46,60245031;"SPRF-MG";"DEL14-MG";"UOP01-DEL14-MG"
223007;2019-07-19;"sexta-feira";"12:25:00";"SP";153;30;"NOVA GRANADA";"Falta de Atenção à Condução";"Colisão transversal";"Com Vítimas Feridas";"Pleno dia";"Decrescente";"Sol";"Simples";"Reta";"Não";3;0;1;0;1;1;1;3;-20,53857207;-49,33057559;"SPRF-SP";"DEL09-SP";"UOP01-DEL09-SP"
223009;2019-07-19;"sexta-feira";"11:55:00";"RS";116;374,2;"CAMAQUA";"Falta de Atenção à Condução";"Colisão lateral";"Com Vítimas Feridas";"Pleno dia";"Crescente";"Sol";"Simples";"Reta";"Não";7;0;1;0;6;0;1;2;-30,72576022;-51,61377275;"SPRF-RS";"DEL02-RS";"UOP03-DEL02-RS"
223010;2019-07-19;"sexta-feira";"11:10:00";"GO";50;113,7;"CRISTALINA";"Fenômenos da Natureza";"Colisão lateral";"Com Vítimas Feridas";"Pleno dia";"Decrescente";"Vento";"Dupla";"Reta";"Não";4;0;2;0;1;2;2;4;-16,9309;-47,7117;"SPRF-DF";"DEL01-DF";"UOP02-DEL01-DF"
223011;2019-07-19;"sexta-feira";"12:30:00";"RS";153;48,5;"ERECHIM";"Desobediência às normas de trânsito pelo condutor";"Colisão transversal";"Com Vítimas Feridas";"Pleno dia";"Crescente";"Garoa/Chuvisco";"Simples";"Reta";"Sim";2;0;1;0;1;0;1;2;-27,65118001;-52,257248;"SPRF-RS";"DEL08-RS";"UOP04-DEL08-RS"
223023;2019-07-19;"sexta-feira";"14:15:00";"MG";251;522,4;"MONTES CLAROS";"Falta de Atenção à Condução";"Colisão frontal";"Com Vítimas Feridas";"Pleno dia";"Crescente";"Céu Claro";"Simples";"Ponte";"Não";6;0;3;2;1;0;5;3;-16,6754567;-43,7987724;"SPRF-MG";"DEL12-MG";"UOP01-DEL12-MG"
223026;2019-07-19;"sexta-feira";"12:30:00";"MG";262;547;"LUZ";"Velocidade Incompatível";"Colisão lateral";"Com Vítimas Feridas";"Pleno dia";"Crescente";"Céu Claro";"Simples";"Curva";"Não";7;0;2;1;3;3;3;7;-19,74018668;-45,86034892;"SPRF-MG";"DEL08-MG";"UOP02-DEL08-MG"
223027;2019-07-19;"sexta-feira";"14:12:00";"GO";50;138;"IPAMERI";"Fenômenos da Natureza";"Incêndio";"Sem Vítimas";"Pleno dia";"Crescente";"Ignorado";"Dupla";"Reta";"Não";2;0;0;0;1;1;0;2;-17,072;-47,7397;"SPRF-GO";"DEL06-GO";"UOP01-DEL06-GO"
223029;2019-07-19;"sexta-feira";"14:05:00";"PR";376;595;"CURITIBA";"Não guardar distância de segurança";"Colisão lateral";"Com Vítimas Fatais";"Pleno dia";"Decrescente";"Céu Claro";"Dupla";"Reta";"Sim";5;1;0;1;2;2;1;5;-25,49317991;-49,34370776;"SPRF-PR";"DEL01-PR";"UOP06-DEL01-PR"
223032;2019-07-19;"sexta-feira";"06:40:00";"BA";242;132,4;"RAFAEL JAMBEIRO";"Defeito na Via";"Tombamento";"Sem Vítimas";"Pleno dia";"Decrescente";"Céu Claro";"Simples";"Reta";"Não";2;0;0;0;1;2;0;3;-12,583307;-39,52112;"SPRF-BA";"DEL01-BA";"UOP02-DEL01-BA"
223036;2019-07-19;"sexta-feira";"14:15:00";"BA";324;588;"CANDEIAS";"Não guardar distância de segurança";"Colisão traseira";"Sem Vítimas";"Pleno dia";"Decrescente";"Chuva";"Dupla";"Declive;Reta";"Não";3;0;0;0;2;1;0;3;-12,6556679;-38,47271864;"SPRF-BA";"DEL01-BA";"UOP01-DEL01-BA"
223042;2019-07-19;"sexta-feira";"13:30:00";"MS";163;608,5;"SAO GABRIEL DO OESTE";"Defeito Mecânico no Veículo";"Incêndio";"Com Vítimas Feridas";"Pleno dia";"Decrescente";"Céu Claro";"Simples";"Reta";"Não";2;0;1;0;0;1;1;2;-19,44442759;-54,52767313;"SPRF-MS";"DEL06-MS";"UOP02-DEL06-MS"
223045;2019-07-19;"sexta-feira";"14:25:00";"PR";277;454;"LARANJEIRAS DO SUL";"Falta de Atenção à Condução";"Colisão transversal";"Com Vítimas Feridas";"Pleno dia";"Decrescente";"Sol";"Simples";"Reta";"Não";4;0;2;0;1;1;2;3;-25,36980336;-52,37913399;"SPRF-PR";"DEL04-PR";"UOP02-DEL04-PR"