"id";"data_inversa";"dia_semana";"horario";"uf";"br";"km";"municipio";"causa_acidente";"tipo_acidente";"classificacao_acidente";"fase_dia";"sentido_via";"condicao_metereologica";"tipo_pista";"tracado_via";"uso_solo";"pessoas";"mortos";"feridos_leves";"feridos_graves";"ilesos";"ignorados";"feridos";"veiculos";"latitude";"longitude";"regional";"delegacia";"uop"
223046;2019-07-19;"sexta-feira";"10:30:00";"PR";116;0;"QUATRO BARRAS";"Falta de Atenção à Condução";"Saída de leito carroçável";"Sem Vítimas";"Pleno dia";"Decrescente";"Céu Claro";"Simples";"Reta";"Sim";2;0;0;0;1;2;0;3;-25,3478;-49,0493;"SPRF-PR";"DEL01-PR";"UOP01-DEL01-PR"
223049;2019-07-19;"sexta-feira";"14:45:00";"PR";476;268,6;"SAO MATEUS DO SUL";"Mal Súbito";"Colisão lateral";"Com Vítimas Feridas";"Pleno dia";"Crescente";"Nublado";"Simples";"Curva";"Não";2;0;1;0;1;0;1;2;-25,89912759;-50,32536366;"SPRF-PR";"DEL02-PR";"UOP04-DEL02-PR"
223053;2019-07-19;"sexta-feira";"08:30:00";"MT";364;345;"SANTO ANTONIO DO LEVERGER";"Velocidade Incompatível";"Colisão traseira";"Sem Vítimas";"Pleno dia";"Crescente";"Céu Claro";"Dupla";"Curva";"Não";4;0;0;0;3;5;0;8;-15,81787097;-55,53388099;"SPRF-MT";"DEL02-MT";"UOP02-DEL01-MT"
223064;2019-07-19;"sexta-feira";"16:00:00";"ES";101;293;"CARIACICA";"Não guardar distância de segurança";"Colisão traseira";"Com Vítimas Feridas";"Pleno dia";"Crescente";"Nublado";"Dupla";"Reta";"Sim";4;0;2;0;1;1;2;3;-20,31526144;-40,39567044;"SPRF-ES";"DEL01-ES";"UOP01-DEL01-ES"
223067;2019-07-19;"sexta-feira";"17:10:00";"SP";116;101,2;"PINDAMONHANGABA";"Falta de Atenção à Condução";"Colisão traseira";"Com Vítimas Feridas";"Pleno dia";"Crescente";"Céu Claro";"Dupla";"Reta";"Não";3;0;1;0;1;2;1;4;-22,99074204;-45,48115098;"SPRF-SP";"DEL06-SP";"UOP01-DEL06-SP"
223069;2019-07-19;"sexta-feira";"17:35:00";"PE";101;69;"RECIFE";"Restrição de Visibilidade";"Colisão lateral";"Com Vítimas Feridas";"Anoitecer";"Crescente";"Nublado";"Múltipla";"Reta";"Sim";4;0;1;0;2;1;1;3;-8,05951606;-34,94581024;"SPRF-PE";"DEL01-PE";"UOP01-DEL01-PE"
223071;2019-07-19;"sexta-feira";"16:20:00";"MT";163;950;"NOVA SANTA HELENA";"Não guardar distância de segurança";"Colisão traseira";"Sem Vítimas";"Pleno dia";"Crescente";"Céu Claro";"Simples";"Declive";"Não";3;0;0;0;2;4;0;6;-10,90078422;-55,19851598;"SPRF-MT";"DEL06-MT";"UOP02-DEL06-MT"
223072;2019-07-19;"sexta-feira";"17:45:00";"RS";386;343,2;"LAJEADO";"Falta de Atenção à Condução";"Colisão transversal";"Com Vítimas Feridas";"Pleno dia";"Decrescente";"Céu Claro";"Simples";"Interseção de Vias";"Sim";3;0;1;0;1;1;1;3;-29,43507099;-52,00026697;"SPRF-RS";"DEL04-RS";"UOP01-DEL04-RS"
223080;2019-07-19;"sexta-feira";"12:55:00";"MT";174;179,9;"PORTO ESPERIDIAO";"Falta de Atenção à Condução";"Colisão lateral";"Sem Vítimas";"Pleno dia";"Decrescente";"Céu Claro";"Simples";"Reta;Declive";"Não";2;0;0;0;2;0;0;2;-15,83684193;-58,54978296;"SPRF-MT";"DEL03-MT";"UOP01-DEL03-MT"
223081;2019-07-19;"sexta-feira";"17:50:00";"PA";316;65;"CASTANHAL";"Não guardar distância de segurança";"Colisão lateral";"Com Vítimas Fatais";"Pleno dia";"Decrescente";"Céu Claro";"Dupla";"Reta";"Sim";6;1;0;0;3;3;0;7;-1,29580361;-47,91084002;"SPRF-PA";"DEL01-PA";"UOP01-DEL01-PA"
223084;2019-07-19;"sexta-feira";"17:35:00";"PR";373;230,1;"IMBITUVA";"Falta de Atenção à Condução";"Colisão traseira";"Com Vítimas Feridas";"Anoitecer";"Crescente";"Céu Claro";"Simples";"Reta";"Não";5;0;3;0;2;0;3;2;-25,1807283;-50,66818293;"SPRF-PR";"DEL03-PR";"UOP01-DEL03-PR"
223086;2019-07-19;"sexta-feira";"17:50:00";"AL";104;91,8;"RIO LARGO";"Desobediência às normas de trânsito pelo condutor";"Colisão traseira";"Com Vítimas Feridas";"Anoitecer";"Crescente";"Chuva";"Dupla";"Reta";"Sim";4;0;1;0;3;0;1;4;-9,50898856;-35,80777135;"SPRF-AL";"DEL01-AL";"UOP01-DEL01-AL"
223087;2019-07-19;"sexta-feira";"05:30:00";"BA";116;54;"CHORROCHO";"Falta de Atenção à Condução";"Saída de leito carroçável";"Com Vítimas Feridas";"Pleno dia";"Crescente";"Chuva";"Simples";"Reta";"Não";1;0;1;0;0;0;1;1;-9,08143499;-39,15135097;"SPRF-PE";"DEL05-PE";"UOP03-DEL05-PE"
223096;2019-07-19;"sexta-feira";"07:30:00";"PI";135;217;"COLONIA DO GURGUEIA";"Falta de Atenção à Condução";"Colisão com objeto estático";"Com Vítimas Feridas";"Pleno dia";"Crescente";"Céu Claro";"Simples";"Aclive";"Não";2;0;0;1;1;0;1;2;-8,13540583;-43,71618406;"SPRF-PI";"DEL03-PI";"UOP02-DEL03-PI"
223099;2019-07-19;"sexta-feira";"17:00:00";"RS";471;173;"RIO PARDO";"Não guardar distância de segurança";"Colisão traseira";"Com Vítimas Feridas";"Pleno dia";"Crescente";"Céu Claro";"Simples";"Declive";"Sim";4;0;1;0;3;0;1;3;-30,014425;-52,369633;"SPRF-RS";"DEL02-RS";"UOP02-DEL02-RS"
223101;2019-07-19;"sexta-feira";"19:00:00";"RS";116;38;"VACARIA";"Falta de Atenção à Condução";"Colisão transversal";"Com Vítimas Feridas";"Plena Noite";"Crescente";"Nublado";"Simples";"Reta";"Sim";2;0;1;0;1;0;1;2;-28,50548;-50,92516;"SPRF-RS";"DEL05-RS";"UOP03-DEL05-RS"
223109;2019-07-19;"sexta-feira";"19:00:00";"SP";381;88,8;"GUARULHOS";"Não guardar distância de segurança";"Colisão traseira";"Com Vítimas Fatais";"Plena Noite";"Crescente";"Céu Claro";"Múltipla";"Reta";"Sim";3;1;0;0;1;1;0;3;-23,49044344;-46,55884552;"SPRF-SP";"DEL03-SP";"UOP01-DEL03-SP"
223110;2019-07-19;"sexta-feira";"16:10:00";"RO";364;219,8;"PIMENTA BUENO";"Ultrapassagem Indevida";"Saída de leito carroçável";"Com Vítimas Feridas";"Pleno dia";"Crescente";"Céu Claro";"Simples";"Curva";"Não";5;0;1;0;2;3;1;6;-11,53737746;-61,3146821;"SPRF-RO";"DEL02-RO";"UOP02-DEL02-RO"
223111;2019-07-19;"sexta-feira";"20:00:00";"RJ";40;105;"DUQUE DE CAXIAS";"Falta de Atenção do Pedestre";"Atropelamento de Pedestre";"Sem Vítimas";"Plena Noite";"Decrescente";"Céu Claro";"Simples";"Reta";"Sim";2;0;0;0;1;1;0;2;-22,63784806;-43,28428824;"SPRF-RJ";"DEL01-RJ";"UOP01-DEL01-RJ"
223113;2019-07-19;"sexta-feira";"18:40:00";"MA";135;70,4;"SANTA RITA";"Falta de Atenção à Condução";"Colisão traseira";"Sem Vítimas";"Anoitecer";"Crescente";"Céu Claro";"Dupla";"Reta";"Sim";3;0;0;0;2;2;0;4;-3,14173789;-44,3255132;"SPRF-MA";"DEL01-MA";"UOP02-DEL01-MA"
223116;2019-07-19;"sexta-feira";"16:10:00";"MT";163;956;"NOVA SANTA HELENA";"Falta de Atenção à Condução";"Colisão traseira";"Sem Vítimas";"Anoitecer";"Decrescente";"Céu Claro";"Simples";"Reta";"Sim";3;0;0;0;2;4;0;6;-10,963698;-55,22303101;"SPRF-MT";"DEL06-MT";"UOP02-DEL06-MT"
223119;2019-07-19;"sexta-feira";"16:45:00";"MG";381;444;"SABARA";"Velocidade Incompatível";"Colisão frontal";"Com Vítimas Feridas";"Pleno dia";"Decrescente";"Céu Claro";"Simples";"Reta";"Não";7;0;0;4;1;2;4;4;-19,82360393;-43,82539293;"SPRF-MG";"DEL01-MG";"UOP01-DEL01-MG"
223120;2019-07-19;"sexta-feira";"19:40:00";"MG";381;426;"CAETE";"Sinalização da via insuficiente ou inadequada";"Colisão frontal";"Com Vítimas Fatais";"Plena Noite";"Crescente";"Céu Claro";"Simples";"Curva";"Não";2;1;0;0;1;0;0;2;-19,78686195;-43,68924804;"SPRF-MG";"DEL01-MG";"UOP01-DEL01-MG"
223129;2019-07-19;"sexta-feira";"19:00:00";"MT";70;639;"POCONE";"Ultrapassagem Indevida";"Saída de leito carroçável";"Sem Vítimas";"Plena Noite";"Decrescente";"Céu Claro";"Simples";"Reta";"Não";3;0;0;0;2;1;0;3;-15,93752596;-57,031062;"SPRF-MT";"DEL03-MT";"UOP02-DEL03-MT"
223131;2019-07-19;"sexta-feira";"20:20:00";"RJ";393;105,8;"SAPUCAIA";"Ultrapassagem Indevida";"Colisão frontal";"Com Vítimas Feridas";"Plena Noite";"Decrescente";"Céu Claro";"Simples";"Reta";"Não";2;0;1;0;0;1;1;2;-21,874243;-42,66758;"SPRF-RJ";"DEL06-RJ";"UOP01-DEL05-RJ"
223133;2019-07-19;"sexta-feira";"20:15:00";"MG";365;614,3;"UBERLANDIA";"Desobediência às normas de trânsito pelo condutor";"Colisão com objeto estático";"Sem Vítimas";"Plena Noite";"Decrescente";"Céu Claro";"Simples";"Reta;Túnel";"Sim";2;0;0;0;1;1;0;2;-18,91228045;-48,21985429;"SPRF-MG";"DEL15-MG";"UOP01-DEL15-MG"
223138;2019-07-19;"sexta-feira";"06:30:00";"CE";20;416;"MARACANAU";"Falta de Atenção à Condução";"Colisão traseira";"Sem Vítimas";"Pleno dia";"Crescente";"Céu Claro";"Dupla";"Reta";"Não";3;0;0;0;1;2;0;3;-3,83068482;-38,62003326;"SPRF-CE";"DEL01-CE";"UOP02-DEL01-CE"
223140;2019-07-19;"sexta-feira";"18:30:00";"SC";280;151,2;"MAFRA";"Ultrapassagem Indevida";"Colisão frontal";"Com Vítimas Fatais";"Plena Noite";"Decrescente";"Nublado";"Simples";"Reta";"Não";3;1;1;0;0;1;1;3;-26,23248274;-49,69867393;"SPRF-SC";"DEL06-SC";"UOP03-DEL06-SC"
223144;2019-07-19;"sexta-feira";"20:40:00";"SC";101;110;"NAVEGANTES";"Falta de Atenção à Condução";"Colisão traseira";"Com Vítimas Feridas";"Plena Noite";"Decrescente";"Nublado";"Dupla";"Reta";"Não";3;0;1;0;1;1;1;3;-26,83477;-48,706151;"SPRF-SC";"DEL03-SC";"UOP02-DEL03-SC"
223148;2019-07-19;"sexta-feira";"17:05:00";"MG";381;619;"OLIVEIRA";"Não guardar distância de segurança";"Colisão traseira";"Com Vítimas Feridas";"Pleno dia";"Decrescente";"Céu Claro";"Dupla";"Reta";"Não";41;0;1;0;39;2;1;4;-20,77747317;-44,78250849;"SPRF-MG";"DEL04-MG";"UOP01-DEL04-MG"
223151;2019-07-19;"sexta-feira";"23:00:00";"PR";373;181,2;"PONTA GROSSA";"Desobediência às normas de trânsito pelo condutor";"Colisão traseira";"Com Vítimas Fatais";"Plena Noite";"Crescente";"Nublado";"Dupla";"Reta";"Não";4;1;0;1;1;1;1;3;-25,04266233;-50,25791089;"SPRF-PR";"DEL03-PR";"UOP01-DEL03-PR"
223171;2019-07-20;"sábado";"01:00:00";"MG";381;938,4;"EXTREMA";"Condutor Dormindo";"Colisão com objeto estático";"Com Vítimas Feridas";"Plena Noite";"Decrescente";"Céu Claro";"Dupla";"Curva";"Não";4;0;1;2;0;2;3;3;-22,81650958;-46,2924983;"SPRF-MG";"DEL16-MG";"UOP03-DEL16-MG"
223181;2019-07-20;"sábado";"00:50:00";"MA";135;92;"ITAPECURU MIRIM";"Defeito Mecânico no Veículo";"Capotamento";"Sem Vítimas";"Plena Noite";"Decrescente";"Chuva";"Simples";"Reta";"Não";2;0;0;0;2;0;0;2;-3,30760501;-44,42451199;"SPRF-MA";"DEL01-MA";"UOP02-DEL01-MA"
223183;2019-07-20;"sábado";"03:30:00";"SP";153;259;"MARILIA";"Defeito Mecânico no Veículo";"Tombamento";"Com Vítimas Feridas";"Plena Noite";"Crescente";"Céu Claro";"Simples";"Reta";"Não";2;0;1;0;1;0;1;1;-21,93812439;-49,91861343;"SPRF-SP";"DEL07-SP";"UOP02-DEL07-SP"
223198;2019-07-20;"sábado";"05:40:00";"DF";20;33;"BRASILIA";"Falta de Atenção à Condução";"Colisão traseira";"Com Vítimas Feridas";"Amanhecer";"Crescente";"Céu Claro";"Dupla";"Reta";"Não";6;0;1;0;5;0;1;2;-15,587365;-47,577034;"SPRF-DF";"DEL02-DF";"UOP01-DEL02-DF"
223200;2019-07-19;"sexta-feira";"16:00:00";"BA";420;237,2;"LAJE";"Falta de Atenção à Condução";"Colisão traseira";"Com Vítimas Fatais";"Pleno dia";"Crescente";"Céu Claro";"Simples";"Reta";"Não";2;1;0;0;1;0;0;2;-13,17286903;-39,38041001;"SPRF-BA";"DEL01-BA";"UOP02-DEL01-BA"
223201;2019-07-20;"sábado";"06:05:00";"BA";116;543;"MILAGRES";"Falta de Atenção à Condução";"Colisão transversal";"Com Vítimas Feridas";"Pleno dia";"Decrescente";"Céu Claro";"Simples";"Interseção de Vias";"Não";5;0;3;1;1;0;4;2;-12,84674629;-39,8409909;"SPRF-BA";"DEL03-BA";"UOP02-DEL03-BA"
223207;2019-07-20;"sábado";"07:10:00";"PA";316;112;"SANTA MARIA DO PARA";"Falta de Atenção à Condução";"Capotamento";"Sem Vítimas";"Pleno dia";"Crescente";"Céu Claro";"Simples";"Reta";"Não";3;0;0;0;2;1;0;3;-1,32218925;-47,51920385;"SPRF-PA";"DEL01-PA";"UOP02-DEL01-PA"
223208;2019-07-20;"sábado";"04:45:00";"RJ";40;112;"DUQUE DE CAXIAS";"Falta de Atenção à Condução";"Colisão com objeto estático";"Com Vítimas Feridas";"Plena Noite";"Crescente";"Céu Claro";"Múltipla";"Reta";"Sim";2;0;0;1;0;1;1;2;-22,7004454;-43,29014851;"SPRF-RJ";"DEL01-RJ";"UOP01-DEL01-RJ"
223209;2019-07-20;"sábado";"05:20:00";"MA";316;538,2;"CAXIAS";"Falta de Atenção à Condução";"Colisão traseira";"Com Vítimas Feridas";"Amanhecer";"Crescente";"Céu Claro";"Simples";"Aclive";"Não";46;0;4;0;41;1;4;3;-4,845354;-43,460888;"SPRF-MA";"DEL03-MA";"UOP02-DEL03-MA"
223212;2019-07-20;"sábado";"07:00:00";"PR";376;215;"JANDAIA DO SUL";"Desobediência às normas de trânsito pelo condutor";"Colisão transversal";"Com Vítimas Feridas";"Pleno dia";"Decrescente";"Céu Claro";"Simples";"Declive";"Sim";2;0;1;0;1;0;1;2;-23,595205;-51,641503;"SPRF-PR";"DEL07-PR";"UOP03-DEL07-PR"
223217;2019-07-20;"sábado";"02:40:00";"MG";153;57;"MONTE ALEGRE DE MINAS";"Falta de Atenção à Condução";"Tombamento";"Com Vítimas Feridas";"Plena Noite";"Decrescente";"Céu Claro";"Simples";"Rotatória";"Não";2;0;1;0;0;1;1;2;-18,87131545;-49,0623664;"SPRF-MG";"DEL15-MG";"UOP03-DEL15-MG"
223221;2019-07-20;"sábado";"07:00:00";"SC";101;108,7;"PENHA";"Ingestão de Álcool";"Tombamento";"Com Vítimas Feridas";"Amanhecer";"Crescente";"Nevoeiro/Neblina";"Dupla";"Curva";"Não";2;0;1;0;0;1;1;2;-26,82606902;-48,69052298;"SPRF-SC";"DEL03-SC";"UOP02-DEL03-SC"
223224;2019-07-20;"sábado";"06:50:00";"RO";174;20;"VILHENA";"Falta de Atenção à Condução";"Colisão traseira";"Com Vítimas Feridas";"Pleno dia";"Decrescente";"Céu Claro";"Dupla";"Reta";"Sim";2;0;1;0;1;0;1;2;-12,6830509;-60,1093422;"SPRF-RO";"DEL04-RO";"UOP01-DEL04-RO"
223233;2019-07-20;"sábado";"09:15:00";"SC";101;211;"PALHOCA";"Defeito Mecânico no Veículo";"Colisão lateral";"Com Vítimas Feridas";"Pleno dia";"Crescente";"Céu Claro";"Múltipla";"Reta";"Sim";4;0;1;0;2;1;1;3;-27,62329313;-48,65245588;"SPRF-SC";"DEL01-SC";"UOP02-DEL01-SC"
223236;2019-06-23;"domingo";"22:00:00";"MT";364;300,7;"JACIARA";"Não guardar distância de segurança";"Colisão traseira";"Com Vítimas Feridas";"Plena Noite";"Crescente";"Céu Claro";"Dupla";"Reta";"Não";3;0;1;0;1;1;1;3;-15,84205454;-55,15336269;"SPRF-MT";"DEL02-MT";"UOP02-DEL05-MT"
223238;2019-07-20;"sábado";"10:00:00";"MG";146;431,9;"GUAXUPE";"Condutor Dormindo";"Colisão frontal";"Com Vítimas Feridas";"Pleno dia";"Crescente";"Céu Claro";"Simples";"Curva";"Não";3;0;0;1;1;2;1;4;-21,3067;-46,660709;"SPRF-MG";"N/A";"N/A"
223241;2019-07-20;"sábado";"07:00:00";"TO";153;682,4;"CARIRI DO TOCANTINS";"Velocidade Incompatível";"Tombamento";"Com Vítimas Feridas";"Pleno dia";"Decrescente";"Céu Claro";"Simples";"Reta";"Não";2;0;1;0;0;2;1;3;-11,80580397;-49,12547006;"SPRF-TO";"DEL02-TO";"UOP02-DEL01-TO"
223249;2019-07-20;"sábado";"10:35:00";"PE";101;128;"ESCADA";"Sinalização da via insuficiente ou inadequada";"Colisão traseira";"Com Vítimas Feridas";"Pleno dia";"Decrescente";"Chuva";"Dupla";"Reta";"Sim";2;0;2;0;0;0;2;2;-8,37986492;-35,24406405;"SPRF-PE";"DEL01-PE";"UOP03-DEL01-PE"
223250;2019-07-20;"sábado";"11:10:00";"SC";101;172,2;"TIJUCAS";"Falta de Atenção à Condução";"Colisão traseira";"Com Vítimas Fatais";"Pleno dia";"Crescente";"Céu Claro";"Dupla";"Reta";"Não";2;1;0;0;0;1;0;2;-27,31398818;-48,63155831;"SPRF-SC";"DEL04-SC";"UOP03-DEL04-SC"
223252;2019-07-20;"sábado";"11:46:00";"RN";304;45;"MOSSORO";"Pista Escorregadia";"Saída de leito carroçável";"Com Vítimas Feridas";"Pleno dia";"Decrescente";"Chuva";"Dupla";"Retorno Regulamentado";"Sim";1;0;1;0;0;0;1;1;-5,2250698;-37,3490001;"SPRF-RN";"DEL04-RN";"UOP01-DEL04-RN"
223253;2019-07-20;"sábado";"11:15:00";"PR";369;167;"CAMBE";"Falta de Atenção à Condução";"Colisão lateral";"Com Vítimas Feridas";"Pleno dia";"Crescente";"Céu Claro";"Dupla";"Reta";"Sim";3;0;0;1;1;1;1;3;-23,29964553;-51,32521749;"SPRF-PR";"DEL07-PR";"UOP01-DEL07-PR"
223272;2019-07-20;"sábado";"13:00:00";"PR";369;27,5;"CAMBARA";"Falta de Atenção à Condução";"Colisão transversal";"Com Vítimas Feridas";"Pleno dia";"Crescente";"Céu Claro";"Simples";"Reta";"Não";3;0;1;0;1;2;1;4;-23,03444381;-50,14825344;"SPRF-PR";"DEL07-PR";"UOP05-DEL07-PR"
223275;2019-07-20;"sábado";"09:20:00";"SC";163;111,1;"GUARUJA DO SUL";"Velocidade Incompatível";"Capotamento";"Com Vítimas Feridas";"Pleno dia";"Decrescente";"Céu Claro";"Simples";"Rotatória";"Não";3;0;3;0;0;0;3;3;-26,38443081;-53,52129221;"SPRF-SC";"DEL07-SC";"UOP04-DEL07-SC"
223278;2019-07-20;"sábado";"14:00:00";"GO";153;343;"JARAGUA";"Velocidade Incompatível";"Tombamento";"Com Vítimas Feridas";"Pleno dia";"Crescente";"Céu Claro";"Simples";"Reta";"Não";1;0;1;0;0;0;1;1;-15,618568;-49,394127;"SPRF-GO";"DEL02-GO";"UOP02-DEL02-GO"
223281;2019-07-20;"sábado";"13:20:00";"RO";364;44;"VILHENA";"Falta de Atenção à Condução";"Tombamento";"Com Vítimas Feridas";"Pleno dia";"Crescente";"Céu Claro";"Simples";"Reta";"Não";3;0;1;0;1;2;1;4;-12,60211401;-60,34375015;"SPRF-RO";"DEL04-RO";"DEL21/4-UOP03/RO"
223286;2019-07-20;"sábado";"14:30:00";"SC";101;200;"SAO JOSE";"Falta de Atenção à Condução";"Colisão lateral";"Com Vítimas Feridas";"Pleno dia";"Decrescente";"Sol";"Múltipla";"Curva";"Sim";3;0;1;0;1;1;1;2;-27,54174496;-48,62134695;"SPRF-SC";"DEL01-SC";"UOP01-DEL01-SC"
223292;2019-07-20;"sábado";"14:10:00";"SC";101;139;"BALNEARIO CAMBORIU";"Falta de Atenção à Condução";"Colisão lateral";"Com Vítimas Feridas";"Pleno dia";"Crescente";"Sol";"Simples";"Aclive";"Não";3;0;1;0;2;0;1;2;-27,02982303;-48,60115006;"SPRF-SC";"DEL04-SC";"UOP03-DEL04-SC"
223297;2019-07-20;"sábado";"15:20:00";"SC";101;285,9;"IMBITUBA";"Ingestão de Álcool";"Colisão traseira";"Com Vítimas Feridas";"Pleno dia";"Crescente";"Céu Claro";"Dupla";"Reta";"Não";3;0;1;0;1;1;1;3;-28,22116606;-48,70063047;"SPRF-SC";"DEL02-SC";"UOP03-DEL02-SC"
223304;2019-04-13;"sábado";"19:50:00";"SE";101;93,9;"NOSSA SENHORA DO SOCORRO";"Desobediência às normas de trânsito pelo condutor";"Colisão transversal";"Com Vítimas Fatais";"Plena Noite";"Crescente";"Céu Claro";"Dupla";"Curva";"Sim";4;1;0;2;1;0;2;2;-10,90212319;-37,14494787;"SPRF-SE";"DEL01-SE";"UOP01-DEL01-SE"
223316;2019-02-22;"sexta-feira";"06:50:00";"MG";381;453;"SABARA";"Falta de Atenção à Condução";"Colisão transversal";"Com Vítimas Feridas";"Pleno dia";"Decrescente";"Nublado";"Simples";"Curva";"Sim";6;0;1;0;4;3;1;5;-19,83215183;-43,8452822;"SPRF-MG";"DEL01-MG";"UOP01-DEL01-MG"
223329;2019-07-20;"sábado";"17:58:00";"TO";153;467;"BARROLANDIA";"Restrição de Visibilidade";"Saída de leito carroçável";"Com Vítimas Feridas";"Anoitecer";"Crescente";"Céu Claro";"Simples";"Reta";"Não";3;0;1;0;1;1;1;2;-9,97518116;-48,74731571;"SPRF-TO";"DEL02-TO";"UOP01-DEL01-TO"
223335;2019-07-20;"sábado";"17:00:00";"PR";153;43,4;"SANTO ANTONIO DA PLATINA";"Falta de Atenção à Condução";"Colisão lateral";"Sem Vítimas";"Pleno dia";"Crescente";"Céu Claro";"Dupla";"Reta";"Sim";3;0;0;0;2;1;0;3;-23,30898162;-50,0703912;"SPRF-PR";"DEL07-PR";"UOP04-DEL07-PR"
223341;2019-07-20;"sábado";"09:30:00";"BA";101;448;"AURELINO LEAL";"Restrição de Visibilidade";"Tombamento";"Com Vítimas Feridas";"Pleno dia";"Crescente";"Chuva";"Simples";"Curva";"Não";1;0;1;0;0;0;1;1;-14,48285692;-39,32926641;"SPRF-BA";"DEL05-BA";"UOP01-DEL05-BA"
223356;2019-07-20;"sábado";"18:15:00";"MS";158;65;"PARANAIBA";"Falta de Atenção à Condução";"Colisão traseira";"Com Vítimas Feridas";"Plena Noite";"Crescente";"Céu Claro";"Simples";"Reta";"Não";7;0;0;1;5;2;1;5;-19,46332687;-51,33256191;"SPRF-MS";"DEL08-MS";"UOP01-DEL08-MS"
223363;2019-07-20;"sábado";"19:40:00";"PR";163;152,9;"SANTA LUCIA";"Sinalização da via insuficiente ou inadequada";"Colisão frontal";"Com Vítimas Feridas";"Plena Noite";"Decrescente";"Céu Claro";"Simples";"Em Obras";"Não";7;0;4;1;1;1;5;3;-25,40191702;-53,57498103;"SPRF-PR";"DEL04-PR";"UOP05-DEL05-PR"
223372;2019-07-20;"sábado";"10:30:00";"MG";116;412,7;"GOVERNADOR VALADARES";"Falta de Atenção à Condução";"Colisão traseira";"Com Vítimas Feridas";"Pleno dia";"Crescente";"Céu Claro";"Dupla";"Reta";"Sim";2;0;1;0;1;0;1;2;-18,86882342;-41,97144241;"SPRF-MG";"DEL06-MG";"UOP01-DEL06-MG"
223374;2019-07-20;"sábado";"20:00:00";"RS";116;233,2;"NOVO HAMBURGO";"Animais na Pista";"Atropelamento de Animal";"Com Vítimas Feridas";"Plena Noite";"Crescente";"Nublado";"Simples";"Declive";"Não";2;0;1;0;1;0;1;2;-29,64206007;-51,14268362;"SPRF-RS";"DEL01-RS";"UOP02-DEL01-RS"
223387;2019-07-20;"sábado";"18:40:00";"SC";163;101,8;"SAO JOSE DO CEDRO";"Ultrapassagem Indevida";"Colisão frontal";"Com Vítimas Feridas";"Plena Noite";"Decrescente";"Céu Claro";"Simples";"Reta";"Sim";4;0;1;0;1;3;1;5;-26,47803802;-53,50670007;"SPRF-SC";"DEL07-SC";"UOP03-DEL07-SC"
223393;2019-07-20;"sábado";"19:10:00";"RS";470;3,8;"BARRACAO";"Velocidade Incompatível";"Colisão lateral";"Com Vítimas Feridas";"Plena Noite";"Crescente";"Céu Claro";"Simples";"Reta";"Não";3;0;1;0;1;1;1;3;-27,61696795;-51,48360201;"SPRF-RS";"DEL08-RS";"UOP05-DEL08-RS"
223395;2019-07-20;"sábado";"22:11:00";"PI";343;184;"PIRIPIRI";"Ingestão de Álcool";"Colisão transversal";"Com Vítimas Feridas";"Plena Noite";"Crescente";"Nublado";"Simples";"Curva";"Sim";2;0;0;1;1;0;1;2;-4,272144;-41,761505;"SPRF-PI";"DEL02-PI";"UOP01-DEL02-PI"
223396;2019-07-20;"sábado";"20:45:00";"SC";470;247;"CURITIBANOS";"Velocidade Incompatível";"Tombamento";"Sem Vítimas";"Plena Noite";"Crescente";"Nublado";"Simples";"Rotatória";"Sim";2;0;0;0;1;1;0;2;-27,315269;-50,541786;"SPRF-SC";"DEL05-SC";"UOP03-DEL05-SC"
223397;2019-07-20;"sábado";"20:30:00";"SC";282;625;"IRACEMINHA";"Ingestão de Álcool";"Colisão frontal";"Com Vítimas Feridas";"Plena Noite";"Decrescente";"Céu Claro";"Simples";"Reta";"Não";3;0;1;0;1;1;1;3;-26,800232;-53,351334;"SPRF-SC";"DEL07-SC";"UOP02-DEL07-SC"
223399;2019-07-20;"sábado";"18:20:00";"RO";364;425;"JARU";"Falta de Atenção à Condução";"Colisão frontal";"Com Vítimas Feridas";"Anoitecer";"Crescente";"Céu Claro";"Dupla";"Reta";"Sim";3;0;1;0;1;2;1;4;-10,43752488;-62,47169791;"SPRF-RO";"DEL03-RO";"UOP02-DEL03-RO"
223412;2019-07-20;"sábado";"15:45:00";"MT";70;600,6;"POCONE";"Defeito Mecânico no Veículo";"Incêndio";"Sem Vítimas";"Pleno dia";"Decrescente";"Céu Claro";"Simples";"Reta";"Não";2;0;0;0;1;1;0;2;-15,82035371;-56,728418;"SPRF-MT";"DEL03-MT";"UOP02-DEL03-MT"
223420;2019-07-20;"sábado";"19:45:00";"MT";70;224;"POXOREO";"Falta de Atenção à Condução";"Saída de leito carroçável";"Sem Vítimas";"Plena Noite";"Crescente";"Céu Claro";"Simples";"Curva";"Não";2;0;0;0;1;2;0;3;-15,65470535;-53,89565903;"SPRF-MT";"DEL05-MT";"UOP01-DEL05-MT"
223422;2019-07-20;"sábado";"21:50:00";"MA";230;439;"RIACHAO";"Falta de Atenção à Condução";"Tombamento";"Com Vítimas Feridas";"Plena Noite";"Decrescente";"Céu Claro";"Simples";"Reta";"Não";3;0;2;0;0;1;2;3;-7,43484615;-46,3414001;"SPRF-MA";"DEL05-MA";"UOP01-DEL05-MA"
223427;2019-07-21;"domingo";"00:20:00";"RS";386;46,2;"SEBERI";"Ultrapassagem Indevida";"Colisão frontal";"Com Vítimas Fatais";"Plena Noite";"Crescente";"Céu Claro";"Simples";"Reta";"Não";4;1;2;0;0;1;2;3;-27,457483;-53,409458;"SPRF-RS";"DEL08-RS";"UOP02-DEL08-RS"