"id";"data_inversa";"dia_semana";"horario";"uf";"br";"km";"municipio";"causa_acidente";"tipo_acidente";"classificacao_acidente";"fase_dia";"sentido_via";"condicao_metereologica";"tipo_pista";"tracado_via";"uso_solo";"pessoas";"mortos";"feridos_leves";"feridos_graves";"ilesos";"ignorados";"feridos";"veiculos";"latitude";"longitude";"regional";"delegacia";"uop"
223443;2019-07-21;"domingo";"02:00:00";"PE";407;32,2;"AFRANIO";"Não guardar distância de segurança";"Colisão lateral";"Com Vítimas Fatais";"Plena Noite";"Crescente";"Céu Claro";"Simples";"Reta";"Não";2;1;0;0;0;1;0;2;-8,68354073;-40,94818883;"SPRF-PE";"DEL06-PE";"UOP02-DEL06-PE"
223447;2019-07-20;"sábado";"16:15:00";"MA";135;56,3;"BACABEIRA";"Falta de Atenção à Condução";"Colisão frontal";"Com Vítimas Feridas";"Pleno dia";"Crescente";"Nublado";"Simples";"Reta";"Não";3;0;0;1;1;3;1;5;-3,01625804;-44,31502066;"SPRF-MA";"DEL01-MA";"UOP02-DEL01-MA"
223455;2019-07-21;"domingo";"02:50:00";"PE";232;178,5;"BELO JARDIM";"Desobediência às normas de trânsito pelo condutor";"Colisão frontal";"Com Vítimas Feridas";"Plena Noite";"Decrescente";"Chuva";"Simples";"Declive;Reta";"Não";7;0;1;5;1;0;6;2;-8,34522;-36,41654;"SPRF-PE";"DEL02-PE";"UOP03-DEL02-PE"
223457;2019-07-21;"domingo";"05:40:00";"RN";427;87,4;"CAICO";"Velocidade Incompatível";"Saída de leito carroçável";"Com Vítimas Feridas";"Pleno dia";"Decrescente";"Céu Claro";"Simples";"Curva";"Não";4;0;2;0;1;1;2;2;-6,50335505;-37,01093373;"SPRF-RN";"DEL03-RN";"UOP01-DEL03-RN"
223459;2019-07-21;"domingo";"02:15:00";"MG";262;553;"LUZ";"Velocidade Incompatível";"Tombamento";"Com Vítimas Feridas";"Plena Noite";"Decrescente";"Céu Claro";"Simples";"Curva";"Não";2;0;0;1;0;1;1;2;-19,71819541;-45,89938601;"SPRF-MG";"DEL08-MG";"UOP02-DEL08-MG"
223461;2019-07-21;"domingo";"05:19:00";"MS";163;462,2;"CAMPO GRANDE";"Condutor Dormindo";"Colisão lateral";"Com Vítimas Fatais";"Plena Noite";"Decrescente";"Céu Claro";"Simples";"Reta";"Não";4;1;0;0;2;3;0;6;-20,62069293;-54,5742707;"SPRF-MS";"DEL01-MS";"UOP01-DEL01-MS"
223462;2019-07-21;"domingo";"04:40:00";"MS";158;51;"PARANAIBA";"Desobediência às normas de trânsito pelo condutor";"Colisão frontal";"Com Vítimas Feridas";"Amanhecer";"Decrescente";"Céu Claro";"Simples";"Reta";"Não";3;0;1;1;0;1;2;3;-19,28687764;-51,47551991;"SPRF-MS";"DEL08-MS";"UOP01-DEL08-MS"
223476;2019-07-21;"domingo";"03:50:00";"PR";277;121;"CAMPO LARGO";"Falta de Atenção à Condução";"Saída de leito carroçável";"Com Vítimas Feridas";"Plena Noite";"Decrescente";"Nublado";"Dupla";"Reta";"Não";2;0;1;0;0;2;1;3;-25,44291439;-49,44993394;"SPRF-PR";"DEL01-PR";"UOP06-DEL01-PR"
223487;2019-07-21;"domingo";"08:30:00";"GO";153;669;"GOIATUBA";"Defeito Mecânico no Veículo";"Saída de leito carroçável";"Com Vítimas Feridas";"Pleno dia";"Crescente";"Céu Claro";"Dupla";"Reta";"Não";4;0;1;0;2;2;1;3;-18,1326;-49,2861;"SPRF-GO";"DEL03-GO";"UOP02-DEL03-GO"
223498;2019-07-21;"domingo";"07:35:00";"BA";116;455,9;"SANTO ESTEVAO";"Velocidade Incompatível";"Colisão traseira";"Com Vítimas Feridas";"Pleno dia";"Decrescente";"Chuva";"Dupla";"Reta";"Não";3;0;0;1;1;2;1;4;-12,40577602;-39,1743426;"SPRF-BA";"DEL02-BA";"UOP01-DEL02-BA"
223509;2019-07-21;"domingo";"08:50:00";"BA";101;44,1;"ESPLANADA";"Velocidade Incompatível";"Colisão frontal";"Com Vítimas Fatais";"Pleno dia";"Decrescente";"Chuva";"Simples";"Curva";"Não";7;3;0;2;1;1;2;3;-11,88149901;-38,009833;"SPRF-SE";"DEL02-SE";"UOP03-DEL02-SE"
223514;2019-07-21;"domingo";"07:30:00";"BA";116;890,6;"CANDIDO SALES";"Ultrapassagem Indevida";"Colisão lateral";"Sem Vítimas";"Pleno dia";"Crescente";"Chuva";"Simples";"Curva";"Não";2;0;0;0;2;0;0;2;-15,28578591;-41,13352714;"SPRF-BA";"DEL08-BA";"UOP03-DEL08-BA"
223516;2019-07-21;"domingo";"10:00:00";"ES";101;388;"RIO NOVO DO SUL";"Velocidade Incompatível";"Tombamento";"Com Vítimas Feridas";"Pleno dia";"Decrescente";"Chuva";"Simples";"Curva";"Não";2;0;1;0;0;1;1;2;-20,85689511;-40,8767812;"SPRF-ES";"DEL03-ES";"UOP02-DEL03-ES"
223519;2019-07-21;"domingo";"11:00:00";"BA";116;812;"VITORIA DA CONQUISTA";"Falta de Atenção à Condução";"Colisão lateral";"Com Vítimas Fatais";"Pleno dia";"Decrescente";"Céu Claro";"Simples";"Reta";"Não";5;1;0;0;2;2;0;4;-14,79778729;-40,76871872;"SPRF-BA";"DEL08-BA";"UOP01-DEL08-BA"
223521;2019-07-21;"domingo";"11:10:00";"CE";116;10;"FORTALEZA";"Falta de Atenção à Condução";"Colisão lateral";"Sem Vítimas";"Pleno dia";"Crescente";"Sol";"Múltipla";"Reta";"Sim";3;0;0;0;2;2;0;4;-3,83603805;-38,5027281;"SPRF-CE";"DEL01-CE";"UOP02-DEL01-CE"
223541;2019-07-21;"domingo";"13:10:00";"MG";251;368,4;"GRAO MOGOL";"Falta de Atenção à Condução";"Colisão traseira";"Com Vítimas Feridas";"Pleno dia";"Decrescente";"Céu Claro";"Simples";"Reta";"Não";5;0;3;0;1;2;3;5;-16,27723109;-42,67083396;"SPRF-MG";"DEL12-MG";"UOP01-DEL12-MG"
223547;2019-07-21;"domingo";"09:50:00";"BA";116;698;"JEQUIE";"Velocidade Incompatível";"Tombamento";"Com Vítimas Feridas";"Pleno dia";"Crescente";"Chuva";"Simples";"Curva";"Não";2;0;1;0;0;1;1;2;-14,01081603;-40,18669795;"SPRF-BA";"DEL03-BA";"UOP01-DEL03-BA"
223548;2019-07-21;"domingo";"10:10:00";"BA";116;704;"MANOEL VITORINO";"Ultrapassagem Indevida";"Colisão frontal";"Com Vítimas Fatais";"Pleno dia";"Crescente";"Céu Claro";"Simples";"Reta";"Não";5;1;2;0;2;0;2;2;-14,06331897;-40,20550622;"SPRF-BA";"DEL03-BA";"UOP01-DEL03-BA"
223551;2019-07-21;"domingo";"07:30:00";"PB";230;481,5;"SAO JOAO DO RIO DO PEIXE";"Defeito Mecânico no Veículo";"Incêndio";"Sem Vítimas";"Pleno dia";"Crescente";"Nublado";"Simples";"Reta";"Não";2;0;0;0;1;1;0;2;-6,8451;-38,354;"SPRF-PB";"DEL03-PB";"UOP03-DEL03-PB"
223560;2019-07-19;"sexta-feira";"18:29:00";"MT";364;350;"SANTO ANTONIO DO LEVERGER";"Ingestão de Álcool";"Colisão lateral";"Sem Vítimas";"Plena Noite";"Decrescente";"Céu Claro";"Dupla";"Aclive";"Não";3;0;0;0;2;5;0;7;-15,80518241;-55,55686807;"SPRF-MT";"DEL02-MT";"UOP02-DEL01-MT"
223572;2019-07-21;"domingo";"17:40:00";"PR";277;18,9;"MORRETES";"Desobediência às normas de trânsito pelo condutor";"Colisão transversal";"Com Vítimas Fatais";"Anoitecer";"Decrescente";"Céu Claro";"Dupla";"Reta;Retorno Regulamentado";"Não";7;1;0;4;1;1;4;3;-25,537706;-48,697455;"SPRF-PR";"DEL01-PR";"UOP05-DEL01-PR"
223575;2019-04-15;"segunda-feira";"12:25:00";"ES";101;211;"IBIRACU";"Falta de Atenção à Condução";"Colisão lateral";"Com Vítimas Feridas";"Pleno dia";"Crescente";"Chuva";"Simples";"Curva";"Não";5;0;1;1;2;2;2;5;-19,80700903;-40,36767233;"SPRF-ES";"DEL02-ES";"UOP01-DEL02-ES"
223584;2019-07-21;"domingo";"16:30:00";"MG";381;692,2;"LAVRAS";"Ingestão de Álcool";"Tombamento";"Sem Vítimas";"Pleno dia";"Decrescente";"Céu Claro";"Dupla";"Reta";"Não";3;0;0;0;3;0;0;1;-21,25097297;-45,1385743;"SPRF-MG";"DEL04-MG";"UOP02-DEL04-MG"
223588;2019-07-21;"domingo";"14:00:00";"MA";222;255;"ARARI";"Condutor Dormindo";"Tombamento";"Com Vítimas Feridas";"Pleno dia";"Decrescente";"Céu Claro";"Simples";"Reta";"Não";2;0;1;0;0;1;1;2;-3,57475828;-44,68070984;"SPRF-MA";"DEL01-MA";"UOP02-DEL01-MA"
223592;2019-07-21;"domingo";"15:30:00";"PI";343;625,6;"FLORIANO";"Desobediência às normas de trânsito pelo condutor";"Saída de leito carroçável";"Com Vítimas Feridas";"Pleno dia";"Decrescente";"Céu Claro";"Simples";"Reta";"Não";4;0;2;0;1;1;2;2;-6,961323;-43,230404;"SPRF-PI";"DEL03-PI";"UOP01-DEL03-PI"
223596;2019-07-21;"domingo";"18:30:00";"PR";373;219;"IMBITUVA";"Ingestão de Álcool";"Colisão traseira";"Com Vítimas Feridas";"Plena Noite";"Decrescente";"Céu Claro";"Simples";"Curva";"Não";3;0;1;0;1;1;1;3;-25,1690707;-50,56712221;"SPRF-PR";"DEL03-PR";"UOP01-DEL03-PR"
223606;2019-07-21;"domingo";"19:00:00";"MG";116;637,2;"DIVINO";"Desobediência às normas de trânsito pelo condutor";"Colisão lateral";"Com Vítimas Fatais";"Plena Noite";"Decrescente";"Nublado";"Simples";"Interseção de Vias";"Não";2;1;0;0;1;0;0;2;-20,62283637;-42,22164008;"SPRF-MG";"DEL07-MG";"UOP03-DEL07-MG"
223607;2019-07-21;"domingo";"19:00:00";"TO";153;171,5;"ARAGUAINA";"Velocidade Incompatível";"Tombamento";"Sem Vítimas";"Plena Noite";"Crescente";"Céu Claro";"Simples";"Reta";"Não";2;0;0;0;1;2;0;3;-7,40185502;-48,35944785;"SPRF-TO";"DEL02-TO";"UOP01-DEL02-TO"
223609;2019-07-21;"domingo";"18:50:00";"MG";365;46,8;"CLARO DOS POCOES";"Falta de Atenção à Condução";"Colisão traseira";"Com Vítimas Fatais";"Plena Noite";"Crescente";"Céu Claro";"Simples";"Reta";"Não";6;1;2;2;1;0;4;2;-16,91989891;-44,21461213;"SPRF-MG";"DEL12-MG";"UOP01-DEL12-MG"
223612;2019-07-21;"domingo";"18:50:00";"AL";423;71;"AGUA BRANCA";"Falta de Atenção do Pedestre";"Atropelamento de Pedestre";"Com Vítimas Fatais";"Plena Noite";"Crescente";"Garoa/Chuvisco";"Simples";"Reta";"Não";2;1;0;0;1;0;0;2;-9,30830343;-37,90721292;"SPRF-AL";"DEL03-AL";"UOP02-DEL03-AL"
223614;2019-07-21;"domingo";"19:30:00";"MG";365;464,9;"PATROCINIO";"Velocidade Incompatível";"Colisão traseira";"Com Vítimas Fatais";"Plena Noite";"Crescente";"Céu Claro";"Simples";"Reta";"Não";4;2;0;0;2;0;0;3;-18,89880313;-46,95118193;"SPRF-MG";"DEL10-MG";"UOP01-DEL10-MG"
223615;2019-07-21;"domingo";"17:10:00";"PE";116;31,9;"SALGUEIRO";"Ingestão de Álcool";"Tombamento";"Com Vítimas Feridas";"Pleno dia";"Crescente";"Céu Claro";"Simples";"Curva";"Não";2;0;1;0;0;1;1;2;-8,11305;-39,123844;"SPRF-PE";"DEL05-PE";"UOP01-DEL05-PE"
223618;2019-07-21;"domingo";"19:40:00";"PR";277;595,9;"CASCAVEL";"Falta de Atenção do Pedestre";"Atropelamento de Pedestre";"Com Vítimas Fatais";"Plena Noite";"Decrescente";"Céu Claro";"Dupla";"Reta";"Sim";4;1;0;0;1;2;0;4;-24,98742533;-53,5066803;"SPRF-PR";"DEL04-PR";"UOP01-DEL04-PR"
223625;2019-07-21;"domingo";"15:20:00";"GO";158;240;"JATAI";"Desobediência às normas de trânsito pelo condutor";"Colisão frontal";"Com Vítimas Fatais";"Pleno dia";"Decrescente";"Céu Claro";"Simples";"Reta";"Não";4;1;0;1;1;1;1;3;-17,64508597;-51,84642788;"SPRF-GO";"DEL05-GO";"UOP01-DEL05-GO"
223632;2019-07-21;"domingo";"11:10:00";"PA";163;325,7;"NOVO PROGRESSO";"Desobediência às normas de trânsito pelo condutor";"Colisão frontal";"Com Vítimas Fatais";"Pleno dia";"Crescente";"Céu Claro";"Simples";"Reta";"Não";3;1;0;0;1;2;0;4;-6,93625413;-55,43974056;"SPRF-PA";"DEL05-PA";"UOP01-DEL05-PA"
223636;2019-07-21;"domingo";"19:40:00";"BA";242;429;"SEABRA";"Falta de Atenção à Condução";"Saída de leito carroçável";"Com Vítimas Feridas";"Plena Noite";"Crescente";"Nublado";"Simples";"Reta";"Não";9;0;0;2;6;1;2;5;-12,39248523;-41,91756248;"SPRF-BA";"DEL06-BA";"UOP01-DEL06-BA"
223645;2019-07-21;"domingo";"21:45:00";"GO";20;14;"FORMOSA";"Falta de Atenção à Condução";"Colisão traseira";"Com Vítimas Feridas";"Plena Noite";"Decrescente";"Céu Claro";"Simples";"Em Obras";"Não";3;0;1;0;1;4;1;6;-15,56727534;-47,23091125;"SPRF-DF";"DEL02-DF";"UOP01-DEL02-DF"
223671;2019-07-22;"segunda-feira";"00:25:00";"RS";116;251;"SAO LEOPOLDO";"Não guardar distância de segurança";"Colisão traseira";"Com Vítimas Feridas";"Plena Noite";"Crescente";"Céu Claro";"Simples";"Reta";"Sim";2;0;2;0;0;0;2;2;-29,80035406;-51,16550365;"SPRF-RS";"DEL01-RS";"UOP02-DEL01-RS"
223685;2019-07-22;"segunda-feira";"03:35:00";"MG";381;437,8;"SABARA";"Falta de Atenção à Condução";"Colisão frontal";"Com Vítimas Feridas";"Amanhecer";"Decrescente";"Céu Claro";"Simples";"Reta";"Não";7;0;2;3;2;0;5;3;-19,79931245;-43,74900699;"SPRF-MG";"DEL01-MG";"UOP01-DEL01-MG"
223689;2019-07-21;"domingo";"22:40:00";"RO";364;251,7;"CACOAL";"Restrição de Visibilidade";"Saída de leito carroçável";"Sem Vítimas";"Plena Noite";"Crescente";"Céu Claro";"Simples";"Declive";"Não";2;0;0;0;1;2;0;3;-11,43746362;-61,56992098;"SPRF-RO";"DEL02-RO";"UOP02-DEL02-RO"
223691;2019-07-22;"segunda-feira";"04:00:00";"PR";153;343,9;"IRATI";"Falta de Atenção à Condução";"Tombamento";"Sem Vítimas";"Plena Noite";"Decrescente";"Nublado";"Simples";"Curva";"Não";2;0;0;0;1;1;0;2;-25,55395107;-50,6723479;"SPRF-PR";"DEL03-PR";"UOP02-DEL08-PR"
223692;2019-07-22;"segunda-feira";"04:50:00";"PR";277;310,4;"GUARAPUAVA";"Falta de Atenção à Condução";"Colisão transversal";"Com Vítimas Feridas";"Plena Noite";"Decrescente";"Céu Claro";"Simples";"Reta";"Não";3;0;1;0;1;2;1;4;-25,3124214;-51,18087407;"SPRF-PR";"DEL03-PR";"UOP01-DEL08-PR"
223696;2019-07-22;"segunda-feira";"06:45:00";"SC";470;40,8;"GASPAR";"Ultrapassagem Indevida";"Colisão frontal";"Com Vítimas Feridas";"Amanhecer";"Crescente";"Nublado";"Simples";"Reta;Em Obras";"Não";2;0;0;1;1;0;1;2;-26,889574;-48,99094;"SPRF-SC";"DEL04-SC";"UOP01-DEL04-SC"
223699;2019-07-21;"domingo";"12:30:00";"GO";414;410,3;"ABADIANIA";"Desobediência às normas de trânsito pelo condutor";"Saída de leito carroçável";"Sem Vítimas";"Pleno dia";"Decrescente";"Céu Claro";"Simples";"Reta";"Sim";1;0;0;0;1;0;0;1;-16,05858626;-48,85401759;"SPRF-GO";"DEL02-GO";"UOP01-DEL02-GO"
223704;2019-07-22;"segunda-feira";"06:00:00";"MG";153;67;"MONTE ALEGRE DE MINAS";"Ingestão de Álcool";"Saída de leito carroçável";"Sem Vítimas";"Amanhecer";"Crescente";"Céu Claro";"Simples";"Curva";"Não";2;0;0;0;1;1;0;2;-18,95229796;-49,02719911;"SPRF-MG";"DEL15-MG";"UOP03-DEL15-MG"
223707;2019-07-22;"segunda-feira";"03:40:00";"MA";10;203,1;"RIBAMAR FIQUENE";"Condutor Dormindo";"Colisão traseira";"Com Vítimas Feridas";"Plena Noite";"Decrescente";"Céu Claro";"Simples";"Reta";"Sim";3;0;1;0;1;6;1;8;-5,93558669;-47,38388836;"SPRF-MA";"DEL04-MA";"UOP01-DEL04-MA"
223714;2019-07-22;"segunda-feira";"01:50:00";"MG";116;600;"SAO JOAO DO MANHUACU";"Desobediência às normas de trânsito pelo condutor";"Colisão frontal";"Com Vítimas Fatais";"Plena Noite";"Decrescente";"Céu Claro";"Simples";"Curva";"Não";3;1;0;0;1;1;0;3;-20,33157703;-42,14776317;"SPRF-MG";"DEL06-MG";"UOP03-DEL06-MG"
223716;2019-07-22;"segunda-feira";"06:55:00";"MG";381;447,9;"SABARA";"Falta de Atenção à Condução";"Colisão traseira";"Com Vítimas Feridas";"Pleno dia";"Decrescente";"Nublado";"Simples";"Aclive;Reta";"Sim";8;0;1;0;7;0;1;2;-19,83447607;-43,85011601;"SPRF-MG";"DEL01-MG";"UOP01-DEL01-MG"
223717;2019-07-22;"segunda-feira";"07:50:00";"MG";365;626,9;"UBERLANDIA";"Falta de Atenção à Condução";"Colisão lateral";"Com Vítimas Feridas";"Pleno dia";"Crescente";"Céu Claro";"Dupla";"Reta;Aclive";"Sim";3;0;1;0;1;2;1;4;-18,90659356;-48,33469405;"SPRF-MG";"DEL15-MG";"UOP01-DEL15-MG"
223720;2019-07-22;"segunda-feira";"05:30:00";"BA";101;145;"CONCEICAO DO JACUIPE";"Defeito Mecânico no Veículo";"Incêndio";"Sem Vítimas";"Amanhecer";"Decrescente";"Nublado";"Simples";"Reta";"Não";1;0;0;0;1;0;0;1;-12,30610301;-38,71948397;"SPRF-BA";"DEL01-BA";"UOP03-DEL01-BA"
223727;2019-07-22;"segunda-feira";"07:40:00";"MA";316;606,7;"TIMON";"Falta de Atenção à Condução";"Engavetamento";"Sem Vítimas";"Pleno dia";"Crescente";"Céu Claro";"Simples";"Aclive";"Não";4;0;0;0;4;0;0;4;-5,052005;-42,907932;"SPRF-MA";"DEL03-MA";"UOP02-DEL03-MA"
223728;2019-07-22;"segunda-feira";"07:45:00";"SP";116;503;"CAJATI";"Velocidade Incompatível";"Capotamento";"Com Vítimas Fatais";"Pleno dia";"Crescente";"Sol";"Simples";"Aclive;Curva";"Não";1;1;0;0;0;0;0;1;-24,77541893;-48,20947907;"SPRF-SP";"DEL05-SP";"UAP01-DEL05-SP"
223733;2019-07-22;"segunda-feira";"08:20:00";"RS";392;266,3;"CACAPAVA DO SUL";"Velocidade Incompatível";"Colisão com objeto estático";"Sem Vítimas";"Pleno dia";"Crescente";"Chuva";"Simples";"Reta;Declive";"Não";2;0;0;0;1;2;0;3;-30,42600205;-53,49895076;"SPRF-RS";"DEL09-RS";"UOP02-DEL09-RS"
223735;2019-07-22;"segunda-feira";"09:00:00";"MG";262;889,4;"CAMPO FLORIDO";"Defeito Mecânico no Veículo";"Tombamento";"Com Vítimas Feridas";"Pleno dia";"Decrescente";"Sol";"Simples";"Curva";"Não";1;0;1;0;0;0;1;1;-19,73950634;-48,67585128;"SPRF-MG";"DEL13-MG";"UOP02-DEL13-MG"
223741;2019-07-22;"segunda-feira";"09:50:00";"PE";101;48;"ABREU E LIMA";"Falta de Atenção do Pedestre";"Atropelamento de Pedestre";"Com Vítimas Feridas";"Pleno dia";"Crescente";"Céu Claro";"Dupla";"Reta";"Sim";2;0;0;1;0;1;1;2;-7,89169952;-34,90358775;"SPRF-PE";"DEL01-PE";"UOP02-DEL01-PE"
223745;2019-07-22;"segunda-feira";"09:00:00";"MG";262;405;"PARA DE MINAS";"Velocidade Incompatível";"Tombamento";"Com Vítimas Feridas";"Pleno dia";"Crescente";"Sol";"Dupla";"Retorno Regulamentado";"Não";2;0;1;0;0;1;1;2;-19,88921326;-44,58977508;"SPRF-MG";"DEL08-MG";"UOP03-DEL08-MG"
223746;2019-07-20;"sábado";"01:05:00";"MG";40;672;"CARANDAI";"Falta de Atenção à Condução";"Saída de leito carroçável";"Com Vítimas Feridas";"Plena Noite";"Crescente";"Céu Claro";"Simples";"Reta";"Não";2;0;2;0;0;0;2;1;-20,981935;-43,781046;"SPRF-MG";"DEL05-MG";"UOP02-DEL05-MG"
223756;2019-07-18;"quinta-feira";"11:30:00";"PR";476;122,1;"CURITIBA";"Desobediência às normas de trânsito pelo condutor";"Colisão lateral";"Com Vítimas Feridas";"Pleno dia";"Crescente";"Nublado";"Dupla";"Interseção de Vias";"Sim";2;0;1;0;1;0;1;2;-25,385775;-49,203377;"SPRF-PR";"DEL01-PR";"UOP07-DEL01-PR"
223757;2019-07-22;"segunda-feira";"08:37:00";"RO";364;425,3;"JARU";"Falta de Atenção à Condução";"Colisão lateral";"Sem Vítimas";"Pleno dia";"Crescente";"Céu Claro";"Simples";"Reta";"Sim";4;0;0;0;4;0;0;2;-10,43752488;-62,47169791;"SPRF-RO";"DEL03-RO";"UOP02-DEL03-RO"
223758;2019-07-22;"segunda-feira";"10:30:00";"BA";242;3;"BARREIRAS";"Falta de Atenção à Condução";"Colisão transversal";"Com Vítimas Feridas";"Pleno dia";"Crescente";"Sol";"Simples";"Rotatória";"Sim";2;0;1;0;1;0;1;2;-12,118478;-44,952516;"SPRF-BA";"DEL10-BA";"UOP01-DEL10-BA"
223761;2019-07-22;"segunda-feira";"11:30:00";"ES";262;4,9;"CARIACICA";"Falta de Atenção à Condução";"Atropelamento de Pedestre";"Com Vítimas Feridas";"Pleno dia";"Decrescente";"Nublado";"Dupla";"Reta";"Sim";3;0;2;0;1;0;2;3;-20,33609327;-40,37812784;"SPRF-ES";"DEL01-ES";"UOP01-DEL01-ES"
223763;2019-07-22;"segunda-feira";"10:50:00";"PI";222;22,6;"SAO JOAO DA FRONTEIRA";"Defeito na Via";"Tombamento";"Com Vítimas Feridas";"Pleno dia";"Decrescente";"Céu Claro";"Simples";"Reta";"Não";1;0;1;0;0;0;1;1;-3,99006049;-41,40651183;"SPRF-PI";"DEL02-PI";"UOP01-DEL02-PI"
223767;2019-07-22;"segunda-feira";"12:00:00";"MG";365;573;"INDIANOPOLIS";"Objeto estático sobre o leito carroçável";"Derramamento de carga";"Com Vítimas Feridas";"Pleno dia";"Crescente";"Céu Claro";"Simples";"Reta";"Não";6;0;3;0;3;0;3;3;-18,90641783;-47,89997698;"SPRF-MG";"DEL15-MG";"UOP02-DEL15-MG"
223769;2019-07-22;"segunda-feira";"11:30:00";"PI";343;310,2;"ALTOS";"Carga excessiva e/ou mal acondicionada";"Derramamento de carga";"Sem Vítimas";"Pleno dia";"Crescente";"Céu Claro";"Simples";"Reta";"Sim";2;0;0;0;2;0;0;2;-5,040502;-42,485443;"SPRF-PI";"DEL01-PI";"UOP01-DEL01-PI"
223770;2019-07-22;"segunda-feira";"12:00:00";"RN";304;285,5;"MACAIBA";"Não guardar distância de segurança";"Colisão lateral";"Sem Vítimas";"Pleno dia";"Crescente";"Chuva";"Simples";"Reta";"Não";3;0;0;0;3;0;0;3;-5,881594;-35,462207;"SPRF-RN";"DEL01-RN";"UOP02-DEL01-RN"
223976;2019-04-08;"segunda-feira";"16:20:00";"RS";392;58,4;"RIO GRANDE";"Defeito Mecânico no Veículo";"Tombamento";"Com Vítimas Feridas";"Pleno dia";"Decrescente";"Céu Claro";"Dupla";"Reta";"Não";5;0;2;0;2;2;2;5;-31,80429309;-52,32886107;"SPRF-RS";"DEL07-RS";"UOP02-DEL07-RS"
223977;2019-07-22;"segunda-feira";"14:10:00";"SC";470;28,8;"GASPAR";"Falta de Atenção à Condução";"Colisão traseira";"Com Vítimas Feridas";"Pleno dia";"Crescente";"Sol";"Dupla";"Reta";"Não";3;0;2;0;1;0;2;2;-26,893761;-48,893917;"SPRF-SC";"DEL04-SC";"UOP01-DEL04-SC"
223984;2019-07-22;"segunda-feira";"15:00:00";"PE";101;80;"JABOATAO DOS GUARARAPES";"Falta de Atenção à Condução";"Colisão lateral";"Com Vítimas Feridas";"Pleno dia";"Crescente";"Ignorado";"Dupla";"Rotatória";"Sim";3;0;1;0;1;1;1;3;-8,15112589;-34,9428866;"SPRF-PE";"DEL01-PE";"UOP03-DEL01-PE"
223985;2019-07-22;"segunda-feira";"12:00:00";"SC";282;231,4;"LAGES";"Falta de Atenção à Condução";"Colisão transversal";"Com Vítimas Feridas";"Pleno dia";"Crescente";"Sol";"Simples";"Interseção de Vias";"Não";2;0;2;0;0;0;2;2;-27,787624;-50,435722;"SPRF-SC";"DEL05-SC";"UOP02-DEL05-SC"
223986;2019-07-22;"segunda-feira";"11:30:00";"SC";280;6,5;"SAO FRANCISCO DO SUL";"Falta de Atenção à Condução";"Colisão frontal";"Com Vítimas Feridas";"Pleno dia";"Decrescente";"Céu Claro";"Simples";"Reta";"Sim";3;0;1;0;2;0;1;2;-26,268427;-48,6376539;"SPRF-SC";"DEL03-SC";"UOP03-DEL03-SC"
223988;2019-07-22;"segunda-feira";"12:00:00";"BA";242;372;"PALMEIRAS";"Pista Escorregadia";"Colisão frontal";"Com Vítimas Feridas";"Pleno dia";"Crescente";"Chuva";"Simples";"Curva";"Não";5;0;3;1;1;0;4;2;-12,45491007;-41,48413406;"SPRF-BA";"DEL06-BA";"UOP01-DEL06-BA"
223990;2019-07-22;"segunda-feira";"13:58:00";"BA";242;799;"BARREIRAS";"Ingestão de Álcool";"Saída de leito carroçável";"Sem Vítimas";"Pleno dia";"Decrescente";"Céu Claro";"Simples";"Retorno Regulamentado;Curva;Declive";"Não";1;0;0;0;1;0;0;1;-12,16431607;-44,8756091;"SPRF-BA";"DEL10-BA";"UOP01-DEL10-BA"
223994;2019-07-22;"segunda-feira";"13:20:00";"GO";70;396,3;"MONTES CLAROS DE GOIAS";"Falta de Atenção à Condução";"Colisão transversal";"Com Vítimas Feridas";"Pleno dia";"Crescente";"Céu Claro";"Simples";"Curva";"Não";3;0;2;0;1;0;2;2;-15,86508571;-51,58802032;"SPRF-GO";"DEL04-GO";"UOP01-DEL04-GO"
223995;2019-07-22;"segunda-feira";"14:00:00";"RJ";116;190,1;"QUEIMADOS";"Falta de Atenção à Condução";"Colisão traseira";"Com Vítimas Feridas";"Pleno dia";"Decrescente";"Céu Claro";"Simples";"Reta";"Sim";3;0;2;0;1;0;2;3;-22,74123776;-43,5007311;"SPRF-RJ";"DEL01-RJ";"UOP03-DEL01-RJ"
223998;2019-07-22;"segunda-feira";"16:20:00";"RS";158;149,8;"PANAMBI";"Desobediência às normas de trânsito pelo condutor";"Colisão com objeto estático";"Sem Vítimas";"Pleno dia";"Decrescente";"Garoa/Chuvisco";"Simples";"Rotatória";"Não";2;0;0;0;1;1;0;2;-28,27204195;-53,48398008;"SPRF-RS";"DEL10-RS";"UOP02-DEL10-RS"
223999;2019-07-22;"segunda-feira";"16:00:00";"BA";324;525;"FEIRA DE SANTANA";"Falta de Atenção à Condução";"Colisão traseira";"Com Vítimas Feridas";"Pleno dia";"Decrescente";"Céu Claro";"Dupla";"Reta";"Sim";4;0;1;0;3;0;1;3;-12,30106981;-38,8977869;"SPRF-BA";"DEL01-BA";"UOP01-DEL01-BA"