"id";"data_inversa";"dia_semana";"horario";"uf";"br";"km";"municipio";"causa_acidente";"tipo_acidente";"classificacao_acidente";"fase_dia";"sentido_via";"condicao_metereologica";"tipo_pista";"tracado_via";"uso_solo";"pessoas";"mortos";"feridos_leves";"feridos_graves";"ilesos";"ignorados";"feridos";"veiculos";"latitude";"longitude";"regional";"delegacia";"uop"
224341;2019-07-24;"quarta-feira";"13:13:00";"MG";381;419;"NOVA UNIAO";"Não guardar distância de segurança";"Colisão lateral";"Com Vítimas Fatais";"Pleno dia";"Decrescente";"Céu Claro";"Simples";"Reta";"Não";3;1;0;0;2;0;0;3;-19,74796304;-43,54499817;"SPRF-MG";"DEL01-MG";"UOP01-DEL01-MG"
224342;2019-07-24;"quarta-feira";"12:40:00";"BA";116;487,1;"RAFAEL JAMBEIRO";"Defeito Mecânico no Veículo";"Saída de leito carroçável";"Sem Vítimas";"Pleno dia";"Decrescente";"Céu Claro";"Dupla";"Reta";"Não";2;0;0;0;1;1;0;2;-12,53701833;-39,42527283;"SPRF-BA";"DEL02-BA";"UOP01-DEL02-BA"
224345;2019-07-24;"quarta-feira";"13:30:00";"PR";369;165;"CAMBE";"Falta de Atenção à Condução";"Colisão traseira";"Com Vítimas Feridas";"Pleno dia";"Decrescente";"Céu Claro";"Dupla";"Aclive";"Não";2;0;0;1;1;0;1;2;-23,2944596;-51,303611;"SPRF-PR";"DEL07-PR";"UOP01-DEL07-PR"
224346;2019-07-24;"quarta-feira";"13:00:00";"RJ";40;17;"TRES RIOS";"Defeito Mecânico no Veículo";"Danos eventuais";"Sem Vítimas";"Pleno dia";"Crescente";"Céu Claro";"Dupla";"Reta";"Não";4;0;0;0;3;2;0;4;-22,08639692;-43,17655185;"SPRF-RJ";"DEL06-RJ";"UOP02-DEL05-RJ"
224349;2019-07-24;"quarta-feira";"08:20:00";"PR";153;15,8;"JACAREZINHO";"Velocidade Incompatível";"Tombamento";"Com Vítimas Feridas";"Pleno dia";"Crescente";"Céu Claro";"Simples";"Curva";"Não";1;0;1;0;0;0;1;1;-23,11894605;-49,94417381;"SPRF-PR";"DEL07-PR";"UOP04-DEL07-PR"
224355;2019-07-24;"quarta-feira";"11:00:00";"RS";287;372;"NOVA ESPERANCA DO SUL";"Defeito Mecânico no Veículo";"Saída de leito carroçável";"Sem Vítimas";"Pleno dia";"Decrescente";"Chuva";"Simples";"Reta";"Não";3;0;0;0;2;1;0;2;-29,36785529;-54,74867776;"SPRF-RS";"DEL12-RS";"UOP02-DEL12-RS"
224356;2019-07-24;"quarta-feira";"07:00:00";"RS";290;130;"ELDORADO DO SUL";"Defeito na Via";"Saída de leito carroçável";"Sem Vítimas";"Amanhecer";"Decrescente";"Chuva";"Simples";"Curva";"Não";1;0;0;0;1;0;0;1;-30,058458;-51,510532;"SPRF-RS";"DEL02-RS";"UOP01-DEL02-RS"
224357;2019-07-24;"quarta-feira";"14:20:00";"RJ";116;45;"TERESOPOLIS";"Falta de Atenção à Condução";"Engavetamento";"Com Vítimas Feridas";"Pleno dia";"Decrescente";"Céu Claro";"Simples";"Reta;Em Obras";"Não";5;0;2;0;1;2;2;4;-22,15853413;-42,80593191;"SPRF-RJ";"DEL04-RJ";"UOP01-DEL04-RJ"
224358;2019-07-24;"quarta-feira";"14:35:00";"PE";232;45;"VITORIA DE SANTO ANTAO";"Defeito na Via";"Colisão transversal";"Com Vítimas Feridas";"Pleno dia";"Decrescente";"Chuva";"Dupla";"Reta";"Sim";4;0;1;0;2;1;1;3;-8,128181;-35,281677;"SPRF-PE";"DEL01-PE";"UOP02-DEL02PE"
224361;2019-07-20;"sábado";"12:00:00";"MS";262;157,2;"RIBAS DO RIO PARDO";"Condutor Dormindo";"Colisão frontal";"Com Vítimas Fatais";"Pleno dia";"Decrescente";"Céu Claro";"Simples";"Reta";"Não";7;2;1;1;2;1;2;3;-20,458892;-52,997203;"SPRF-MS";"DEL07-MS";"UOP02-DEL07-MS"
224371;2019-07-24;"quarta-feira";"12:30:00";"RS";290;97;"PORTO ALEGRE";"Carga excessiva e/ou mal acondicionada";"Tombamento";"Sem Vítimas";"Pleno dia";"Decrescente";"Chuva";"Simples";"Curva";"Sim";2;0;0;0;1;3;0;4;-29,997789;-51,20779;"SPRF-RS";"DEL01-RS";"UOP01-DEL01-RS"
224372;2019-07-24;"quarta-feira";"16:20:00";"SP";116;228;"SAO PAULO";"Falta de Atenção à Condução";"Colisão lateral";"Com Vítimas Feridas";"Pleno dia";"Decrescente";"Céu Claro";"Múltipla";"Declive";"Não";4;0;1;0;2;1;1;4;-23,50343484;-46,56638712;"SPRF-SP";"DEL01-SP";"UOP01-DEL01-SP"
224373;2019-07-24;"quarta-feira";"15:50:00";"PA";155;285;"ELDORADO DO CARAJAS";"Restrição de Visibilidade";"Colisão traseira";"Com Vítimas Feridas";"Pleno dia";"Decrescente";"Céu Claro";"Simples";"Reta";"Não";7;0;1;0;5;1;1;4;-5,85223587;-49,19313433;"SPRF-PA";"DEL03-PA";"UOP01-DEL03-PA"
224378;2019-07-24;"quarta-feira";"15:00:00";"PI";343;204,4;"CAPITAO DE CAMPOS";"Falta de Atenção à Condução";"Saída de leito carroçável";"Com Vítimas Feridas";"Pleno dia";"Decrescente";"Céu Claro";"Simples";"Reta";"Não";4;0;2;0;2;0;2;2;-4,407514;-41,872746;"SPRF-PI";"DEL02-PI";"UOP01-DEL02-PI"
224379;2019-07-24;"quarta-feira";"13:50:00";"SC";282;382,6;"HERVAL DOESTE";"Não guardar distância de segurança";"Colisão traseira";"Com Vítimas Feridas";"Pleno dia";"Crescente";"Céu Claro";"Simples";"Declive;Reta";"Não";4;0;0;2;1;1;2;3;-27,19607;-51,503044;"SPRF-SC";"DEL07-SC";"UOP05-DEL07-SC"
224384;2019-07-24;"quarta-feira";"14:00:00";"GO";60;124;"GOIANAPOLIS";"Falta de Atenção à Condução";"Saída de leito carroçável";"Com Vítimas Feridas";"Pleno dia";"Decrescente";"Céu Claro";"Dupla";"Reta";"Não";1;0;1;0;0;0;1;1;-16,5243;-49,1313;"SPRF-GO";"DEL01-GO";"UOP01-DEL01-GO"
224385;2019-07-24;"quarta-feira";"16:00:00";"MT";163;813;"SINOP";"Não guardar distância de segurança";"Colisão frontal";"Com Vítimas Feridas";"Pleno dia";"Crescente";"Céu Claro";"Simples";"Reta";"Não";3;0;0;1;1;2;1;4;-12,18052509;-55,52606686;"SPRF-MT";"DEL06-MT";"UOP01-DEL06-MT"
224386;2019-07-24;"quarta-feira";"14:30:00";"RJ";116;228,5;"PIRAI";"Falta de Atenção à Condução";"Colisão traseira";"Com Vítimas Feridas";"Pleno dia";"Crescente";"Céu Claro";"Dupla";"Reta";"Não";4;0;1;0;2;2;1;4;-22,660623;-43,82667;"SPRF-RJ";"DEL07-RJ";"UOP01-DEL07-RJ"
224389;2019-07-24;"quarta-feira";"17:00:00";"BA";116;702;"JEQUIE";"Falta de Atenção à Condução";"Tombamento";"Com Vítimas Feridas";"Pleno dia";"Decrescente";"Céu Claro";"Simples";"Curva";"Não";2;0;0;1;0;1;1;2;-14,044168;-40,204033;"SPRF-BA";"DEL03-BA";"UOP01-DEL03-BA"
224391;2019-07-24;"quarta-feira";"13:25:00";"SC";280;254;"CANOINHAS";"Falta de Atenção à Condução";"Colisão traseira";"Com Vítimas Feridas";"Pleno dia";"Decrescente";"Céu Claro";"Simples";"Declive";"Não";2;0;1;0;1;0;1;2;-26,26706992;-50,57903801;"SPRF-SC";"DEL06-SC";"UOP04-DEL06-SC"
224400;2019-07-24;"quarta-feira";"17:35:00";"MG";381;704,5;"LAVRAS";"Falta de Atenção à Condução";"Colisão com objeto estático";"Sem Vítimas";"Anoitecer";"Decrescente";"Céu Claro";"Dupla";"Declive;Curva";"Não";2;0;0;0;1;1;0;2;-21,34177704;-45,17643719;"SPRF-MG";"DEL04-MG";"UOP02-DEL04-MG"
224417;2019-07-24;"quarta-feira";"10:20:00";"RO";364;574;"ITAPUA DO OESTE";"Agressão Externa";"Incêndio";"Sem Vítimas";"Pleno dia";"Crescente";"Céu Claro";"Simples";"Curva";"Não";2;0;0;0;1;2;0;3;-9,445375;-63,10235038;"SPRF-RO";"DEL03-RO";"UOP04-DEL01-RO"
224418;2019-07-24;"quarta-feira";"19:30:00";"PR";277;11;"PARANAGUA";"Objeto estático sobre o leito carroçável";"Derramamento de carga";"Sem Vítimas";"Plena Noite";"Decrescente";"Céu Claro";"Dupla";"Reta";"Não";3;0;0;0;2;1;0;3;-25,53252847;-48,73535156;"SPRF-PR";"DEL01-PR";"UOP05-DEL01-PR"
224434;2019-07-24;"quarta-feira";"20:15:00";"RJ";116;116;"MAGE";"Falta de Atenção à Condução";"Colisão frontal";"Sem Vítimas";"Plena Noite";"Crescente";"Céu Claro";"Dupla";"Curva";"Não";3;0;0;0;3;0;0;3;-22,6463106;-43,1843926;"SPRF-RJ";"DEL04-RJ";"UOP02-DEL04-RJ"
224438;2019-07-24;"quarta-feira";"21:00:00";"BA";116;648;"JEQUIE";"Falta de Atenção à Condução";"Tombamento";"Sem Vítimas";"Plena Noite";"Crescente";"Nublado";"Simples";"Reta";"Não";2;0;0;0;1;1;0;2;-13,70007451;-40,09650752;"SPRF-BA";"DEL03-BA";"UOP01-DEL03-BA"
224441;2019-07-24;"quarta-feira";"21:00:00";"AL";101;139,8;"SAO MIGUEL DOS CAMPOS";"Restrição de Visibilidade";"Colisão traseira";"Com Vítimas Fatais";"Plena Noite";"Decrescente";"Nublado";"Dupla";"Reta";"Não";2;1;0;0;1;0;0;2;-9,81757382;-36,1216713;"SPRF-AL";"DEL02-AL";"UOP01-DEL02-AL"
224444;2019-07-24;"quarta-feira";"22:00:00";"MG";262;523,3;"LUZ";"Falta de Atenção à Condução";"Colisão lateral";"Com Vítimas Feridas";"Plena Noite";"Decrescente";"Céu Claro";"Simples";"Reta";"Sim";2;0;1;0;1;0;1;2;-19,78290788;-45,68388283;"SPRF-MG";"DEL08-MG";"UOP03-DEL08-MG"
224449;2019-07-24;"quarta-feira";"21:55:00";"PR";376;677,9;"GUARATUBA";"Defeito Mecânico no Veículo";"Incêndio";"Sem Vítimas";"Plena Noite";"Crescente";"Garoa/Chuvisco";"Dupla";"Declive;Reta";"Não";2;0;0;0;1;1;0;2;-25,94168315;-48,9094162;"SPRF-PR";"DEL01-PR";"UOP04-DEL01-PR"
224451;2019-07-24;"quarta-feira";"18:25:00";"RO";364;499;"ARIQUEMES";"Ingestão de Álcool";"Colisão traseira";"Com Vítimas Feridas";"Plena Noite";"Crescente";"Céu Claro";"Simples";"Declive;Reta";"Não";3;0;1;0;2;0;1;3;-10,03749603;-62,97660129;"SPRF-RO";"DEL03-RO";"UOP01-DEL03-RO"
224454;2019-07-25;"quinta-feira";"01:40:00";"RJ";116;265;"BARRA MANSA";"Falta de Atenção à Condução";"Colisão traseira";"Sem Vítimas";"Pleno dia";"Decrescente";"Céu Claro";"Dupla";"Reta";"Não";3;0;0;0;2;1;0;3;-22,58784914;-44,08578403;"SPRF-RJ";"DEL07-RJ";"UOP02-DEL07-RJ"
224458;2019-07-25;"quinta-feira";"03:00:00";"SP";116;473,3;"JACUPIRANGA";"Condutor Dormindo";"Saída de leito carroçável";"Com Vítimas Feridas";"Plena Noite";"Decrescente";"Nublado";"Dupla";"Reta";"Não";1;0;0;1;0;0;1;1;-24,67227596;-47,97879913;"SPRF-SP";"DEL05-SP";"UAP01-DEL05-SP"
224460;2019-07-25;"quinta-feira";"03:45:00";"PR";369;227,2;"JANDAIA DO SUL";"Desobediência às normas de trânsito pelo condutor";"Colisão transversal";"Com Vítimas Feridas";"Plena Noite";"Crescente";"Céu Claro";"Simples";"Interseção de Vias";"Sim";4;0;0;2;1;2;2;4;-23,58876698;-51,64621353;"SPRF-PR";"DEL07-PR";"UOP03-DEL07-PR"
224463;2019-07-25;"quinta-feira";"00:00:00";"MT";364;99,8;"ALTO GARCAS";"Agressão Externa";"Saída de leito carroçável";"Com Vítimas Feridas";"Plena Noite";"Crescente";"Céu Claro";"Simples";"Reta";"Não";1;0;1;0;0;0;1;1;-16,84505345;-53,77266437;"SPRF-MT";"DEL02-MT";"UOP02-DEL02-MT"
224465;2019-07-25;"quinta-feira";"04:42:00";"PR";376;326,6;"ORTIGUEIRA";"Avarias e/ou desgaste excessivo no pneu";"Tombamento";"Com Vítimas Fatais";"Pleno dia";"Decrescente";"Céu Claro";"Simples";"Curva;Aclive";"Não";2;1;0;0;0;1;0;2;-24,064722;-51,063057;"SPRF-PR";"DEL07-PR";"UOP02-DEL07-PR"
224467;2019-07-24;"quarta-feira";"22:40:00";"BA";101;669,8;"EUNAPOLIS";"Condutor Dormindo";"Colisão frontal";"Com Vítimas Feridas";"Plena Noite";"Crescente";"Chuva";"Simples";"Curva";"Não";5;0;1;3;1;0;4;2;-16,17926489;-39,60043014;"SPRF-BA";"DEL09-BA";"UOP01-DEL09-BA"
224468;2019-07-25;"quinta-feira";"05:10:00";"SC";101;253;"PAULO LOPES";"Falta de Atenção à Condução";"Colisão transversal";"Com Vítimas Feridas";"Plena Noite";"Decrescente";"Céu Claro";"Simples";"Interseção de Vias";"Sim";2;0;1;0;1;0;1;2;-27,96492999;-48,67962057;"SPRF-SC";"DEL02-SC";"UOP03-DEL02-SC"
224470;2019-07-25;"quinta-feira";"05:00:00";"SC";280;81,8;"CORUPA";"Falta de Atenção à Condução";"Colisão transversal";"Com Vítimas Feridas";"Plena Noite";"Crescente";"Nublado";"Simples";"Reta";"Sim";3;0;0;1;1;1;1;3;-26,44057489;-49,217056;"SPRF-SC";"DEL06-SC";"UOP03-DEL06-SC"
224473;2019-07-25;"quinta-feira";"07:00:00";"BA";116;441,8;"FEIRA DE SANTANA";"Velocidade Incompatível";"Tombamento";"Com Vítimas Fatais";"Pleno dia";"Decrescente";"Nublado";"Dupla";"Reta";"Não";4;1;1;0;1;1;1;2;-12,35316559;-39,09456968;"SPRF-BA";"DEL02-BA";"UOP01-DEL02-BA"
224479;2019-07-25;"quinta-feira";"06:45:00";"SC";470;138,1;"RIO DO SUL";"Falta de Atenção à Condução";"Colisão transversal";"Com Vítimas Fatais";"Amanhecer";"Decrescente";"Nublado";"Simples";"Interseção de Vias";"Sim";3;1;0;0;2;0;0;3;-27,207214;-49,648476;"SPRF-SC";"DEL04-SC";"UOP02-DEL04-SC"
224481;2019-07-25;"quinta-feira";"07:45:00";"PR";277;582,2;"CASCAVEL";"Falta de Atenção à Condução";"Colisão traseira";"Com Vítimas Feridas";"Pleno dia";"Decrescente";"Nevoeiro/Neblina";"Dupla";"Reta";"Sim";4;0;2;0;2;0;2;4;-24,97675228;-53,38623215;"SPRF-PR";"DEL04-PR";"UOP01-DEL04-PR"
224483;2019-07-25;"quinta-feira";"04:00:00";"RJ";101;286;"ITABORAI";"Falta de Atenção à Condução";"Colisão com objeto estático";"Sem Vítimas";"Plena Noite";"Decrescente";"Céu Claro";"Dupla";"Reta";"Não";3;0;0;0;2;1;0;3;-22,75409331;-42,82491696;"SPRF-RJ";"DEL02-RJ";"UOP03-DEL02-RJ"
224484;2019-07-25;"quinta-feira";"07:50:00";"MG";40;547;"NOVA LIMA";"Não guardar distância de segurança";"Colisão traseira";"Com Vítimas Feridas";"Pleno dia";"Crescente";"Sol";"Dupla";"Reta";"Sim";2;0;0;1;1;0;1;2;-20,02252424;-43,97026042;"SPRF-MG";"DEL01-MG";"UOP02-DEL01-MG"
224485;2019-07-25;"quinta-feira";"06:55:00";"MG";116;409;"GOVERNADOR VALADARES";"Falta de Atenção do Pedestre";"Atropelamento de Pedestre";"Com Vítimas Feridas";"Pleno dia";"Decrescente";"Céu Claro";"Dupla";"Reta";"Não";4;0;0;1;2;1;1;2;-18,84936788;-41,97891368;"SPRF-MG";"DEL06-MG";"UOP01-DEL06-MG"
224488;2019-07-25;"quinta-feira";"07:50:00";"MG";381;478,7;"CONTAGEM";"Falta de Atenção à Condução";"Colisão lateral";"Com Vítimas Feridas";"Pleno dia";"Decrescente";"Sol";"Dupla";"Declive;Reta";"Sim";2;0;1;0;1;0;1;2;-19,95826094;-44,05921101;"SPRF-MG";"DEL01-MG";"UOP03-DEL01-MG"
224498;2019-07-24;"quarta-feira";"02:00:00";"MG";381;505,3;"BETIM";"Falta de Atenção à Condução";"Colisão lateral";"Com Vítimas Feridas";"Plena Noite";"Crescente";"Céu Claro";"Dupla";"Reta";"Sim";3;0;1;0;1;2;1;4;-20,04478441;-44,27276484;"SPRF-MG";"DEL01-MG";"UOP03-DEL01-MG"
224506;2019-07-25;"quinta-feira";"09:50:00";"ES";482;96;"ALEGRE";"Defeito Mecânico no Veículo";"Colisão lateral";"Com Vítimas Fatais";"Pleno dia";"Decrescente";"Céu Claro";"Simples";"Reta";"Não";3;1;0;0;1;1;0;3;-20,76917066;-41,59862516;"SPRF-ES";"DEL03-ES";"UOP02-DEL03-ES"
224508;2019-07-06;"sábado";"05:17:00";"MG";381;573,2;"ITAGUARA";"Ingestão de Álcool";"Saída de leito carroçável";"Sem Vítimas";"Amanhecer";"Decrescente";"Céu Claro";"Dupla";"Reta";"Não";9;0;0;0;8;3;0;8;-20,46009378;-44,57276625;"SPRF-MG";"DEL04-MG";"UOP03-DEL04-MG"
224510;2019-07-25;"quinta-feira";"09:15:00";"PR";116;146;"MANDIRITUBA";"Falta de Atenção à Condução";"Colisão lateral";"Sem Vítimas";"Pleno dia";"Decrescente";"Nublado";"Simples";"Reta";"Sim";2;0;0;0;2;0;0;2;-25,78172684;-49,32535079;"SPRF-PR";"DEL01-PR";"UOP03-DEL01-PR"
224515;2019-07-25;"quinta-feira";"10:20:00";"PR";277;591,4;"CASCAVEL";"Falta de Atenção à Condução";"Colisão frontal";"Com Vítimas Feridas";"Pleno dia";"Decrescente";"Céu Claro";"Simples";"Reta";"Não";4;0;0;1;2;1;1;3;-24,98473242;-53,46501885;"SPRF-PR";"DEL04-PR";"UOP01-DEL04-PR"
224521;2019-07-25;"quinta-feira";"07:30:00";"SC";470;204,2;"PONTE ALTA";"Velocidade Incompatível";"Colisão frontal";"Com Vítimas Feridas";"Pleno dia";"Decrescente";"Garoa/Chuvisco";"Simples";"Declive;Curva";"Não";3;0;1;0;1;2;1;4;-27,28939868;-50,17026901;"SPRF-SC";"DEL05-SC";"UOP03-DEL05-SC"
224523;2019-06-18;"terça-feira";"06:40:00";"RS";392;4;"RIO GRANDE";"Pista Escorregadia";"Colisão transversal";"Com Vítimas Fatais";"Amanhecer";"Crescente";"Céu Claro";"Simples";"Reta";"Não";2;1;0;0;1;0;0;2;-32,06960295;-52,09547805;"SPRF-RS";"DEL07-RS";"UOP02-DEL07-RS"
224524;2019-07-25;"quinta-feira";"10:40:00";"MT";163;1010,8;"TERRA NOVA DO NORTE";"Não guardar distância de segurança";"Colisão lateral";"Com Vítimas Feridas";"Pleno dia";"Decrescente";"Céu Claro";"Simples";"Reta";"Não";4;0;2;0;1;3;2;5;-10,5293534;-55,08030122;"SPRF-MT";"DEL06-MT";"UOP02-DEL06-MT"
224526;2019-07-25;"quinta-feira";"12:00:00";"ES";101;393,8;"RIO NOVO DO SUL";"Ultrapassagem Indevida";"Colisão frontal";"Com Vítimas Feridas";"Pleno dia";"Crescente";"Sol";"Simples";"Declive";"Não";4;0;0;1;1;2;1;4;-20,865694;-40,91366;"SPRF-ES";"DEL03-ES";"UOP02-DEL03-ES"
224527;2019-07-25;"quinta-feira";"09:00:00";"MG";116;777,2;"LEOPOLDINA";"Velocidade Incompatível";"Tombamento";"Com Vítimas Fatais";"Pleno dia";"Decrescente";"Céu Claro";"Simples";"Curva";"Não";3;1;1;0;0;1;1;3;-21,59667204;-42,69376427;"SPRF-MG";"DEL07-MG";"UOP01-DEL07-MG"
224528;2019-06-19;"quarta-feira";"15:00:00";"SC";101;46,2;"JOINVILLE";"Desobediência às normas de trânsito pelo condutor";"Colisão transversal";"Com Vítimas Feridas";"Pleno dia";"Crescente";"Céu Claro";"Simples";"Reta";"Sim";2;0;2;0;0;0;2;2;-26,33150083;-48,86187762;"SPRF-SC";"DEL03-SC";"UOP01-DEL03-SC"
224529;2019-07-25;"quinta-feira";"09:40:00";"PR";277;484,2;"NOVA LARANJEIRAS";"Defeito Mecânico no Veículo";"Tombamento";"Sem Vítimas";"Pleno dia";"Decrescente";"Céu Claro";"Simples";"Curva";"Não";2;0;0;0;1;1;0;2;-25,27011524;-52,61299706;"SPRF-PR";"DEL04-PR";"UOP02-DEL04-PR"
224533;2019-07-25;"quinta-feira";"12:00:00";"MT";70;120;"GENERAL CARNEIRO";"Ultrapassagem Indevida";"Tombamento";"Com Vítimas Feridas";"Pleno dia";"Crescente";"Céu Claro";"Simples";"Reta";"Não";2;0;1;0;0;1;1;2;-15,59752533;-53,12106998;"SPRF-MT";"DEL07-MT";"UOP01-DEL07-MT"
224536;2019-07-25;"quinta-feira";"13:15:00";"RS";470;216;"BENTO GONCALVES";"Desobediência às normas de trânsito pelo condutor";"Colisão transversal";"Com Vítimas Feridas";"Pleno dia";"Crescente";"Céu Claro";"Dupla";"Rotatória";"Sim";2;0;1;0;1;0;1;2;-29,15887096;-51,53142395;"SPRF-RS";"DEL06-RS";"UOP01-DEL06-RS"
224537;2019-07-25;"quinta-feira";"11:10:00";"SC";101;115;"ITAJAI";"Falta de Atenção à Condução";"Engavetamento";"Com Vítimas Feridas";"Pleno dia";"Crescente";"Nublado";"Dupla";"Reta";"Sim";9;0;4;0;4;2;4;7;-26,87064015;-48,72954134;"SPRF-SC";"DEL04-SC";"UOP04-DEL04-SC"
224553;2019-07-25;"quinta-feira";"11:55:00";"SC";116;262;"CAPAO ALTO";"Desobediência às normas de trânsito pelo condutor";"Saída de leito carroçável";"Com Vítimas Feridas";"Pleno dia";"Crescente";"Nublado";"Simples";"Curva";"Não";2;0;1;0;1;0;1;2;-27,91854079;-50,45008746;"SPRF-SC";"DEL05-SC";"UOP02-DEL05-SC"
224555;2019-07-25;"quinta-feira";"15:20:00";"ES";101;228;"FUNDAO";"Falta de Atenção à Condução";"Colisão traseira";"Com Vítimas Feridas";"Pleno dia";"Crescente";"Céu Claro";"Simples";"Reta";"Não";4;0;1;0;2;2;1;5;-19,91868701;-40,40570613;"SPRF-ES";"DEL02-ES";"UOP01-DEL02-ES"
224557;2019-07-25;"quinta-feira";"12:00:00";"RJ";465;1;"SEROPEDICA";"Defeito Mecânico no Veículo";"Incêndio";"Sem Vítimas";"Pleno dia";"Crescente";"Sol";"Dupla";"Reta";"Sim";1;0;0;0;1;0;0;1;-22,719835;-43,725739;"SPRF-RJ";"DEL01-RJ";"UOP01-DEL01-MS"
224561;2019-07-25;"quinta-feira";"15:00:00";"RJ";493;5;"ITABORAI";"Falta de Atenção à Condução";"Saída de leito carroçável";"Sem Vítimas";"Pleno dia";"Decrescente";"Sol";"Simples";"Declive;Em Obras;Curva;Desvio Temporário";"Sim";1;0;0;0;1;0;0;1;-22,73998606;-42,95374823;"SPRF-RJ";"DEL04-RJ";"UOP02-DEL04-RJ"
224563;2019-07-25;"quinta-feira";"16:00:00";"SC";101;34,4;"JOINVILLE";"Defeito Mecânico no Veículo";"Colisão lateral";"Com Vítimas Feridas";"Pleno dia";"Crescente";"Nublado";"Dupla";"Reta";"Não";3;0;2;0;1;0;2;2;-26,23667403;-48,91486706;"SPRF-SC";"DEL03-SC";"UOP01-DEL03-SC"
224564;2019-07-25;"quinta-feira";"14:36:00";"MT";163;636;"NOVA MUTUM";"Defeito na Via";"Saída de leito carroçável";"Com Vítimas Feridas";"Pleno dia";"Decrescente";"Céu Claro";"Simples";"Reta";"Não";2;0;1;0;0;2;1;3;-13,59341597;-56,03112436;"SPRF-MT";"DEL01-MT";"UOP01-DEL01-MT"
224565;2019-07-25;"quinta-feira";"16:05:00";"GO";20;45;"FORMOSA";"Falta de Atenção à Condução";"Colisão lateral";"Com Vítimas Feridas";"Pleno dia";"Decrescente";"Céu Claro";"Simples";"Curva";"Não";3;0;0;1;1;2;1;4;-15,366211;-47,104855;"SPRF-DF";"DEL02-DF";"UOP01-DEL02-DF"
224566;2019-07-25;"quinta-feira";"15:30:00";"SP";116;91;"PINDAMONHANGABA";"Falta de Atenção à Condução";"Colisão traseira";"Com Vítimas Feridas";"Pleno dia";"Crescente";"Céu Claro";"Dupla";"Reta";"Não";2;0;1;0;1;0;1;2;-22,94792286;-45,39587407;"SPRF-SP";"DEL06-SP";"UOP01-DEL06-SP"
224567;2019-07-25;"quinta-feira";"15:15:00";"MG";365;627,5;"UBERLANDIA";"Falta de Atenção à Condução";"Colisão transversal";"Com Vítimas Fatais";"Pleno dia";"Decrescente";"Céu Claro";"Dupla";"Reta";"Sim";3;1;0;0;1;1;0;3;-18,90359335;-48,34361612;"SPRF-MG";"DEL15-MG";"UOP01-DEL15-MG"
224572;2019-07-25;"quinta-feira";"17:05:00";"GO";364;201;"JATAI";"Desobediência às normas de trânsito pelo condutor";"Colisão frontal";"Com Vítimas Feridas";"Anoitecer";"Crescente";"Céu Claro";"Simples";"Reta";"Não";3;0;0;2;0;3;2;5;-17,914806;-51,765602;"SPRF-GO";"DEL05-GO";"UOP01-DEL05-GO"
224573;2019-07-25;"quinta-feira";"15:45:00";"MG";251;473,6;"FRANCISCO SA";"Velocidade Incompatível";"Tombamento";"Sem Vítimas";"Pleno dia";"Crescente";"Céu Claro";"Simples";"Curva";"Não";2;0;0;0;1;1;0;2;-16,47012768;-43,44753404;"SPRF-MG";"DEL12-MG";"UOP01-DEL12-MG"
224574;2019-07-25;"quinta-feira";"17:10:00";"RS";116;418,6;"CAMAQUA";"Velocidade Incompatível";"Colisão frontal";"Com Vítimas Fatais";"Pleno dia";"Crescente";"Chuva";"Simples";"Reta";"Não";5;2;1;1;1;0;2;2;-30,95241694;-51,96069403;"SPRF-RS";"DEL02-RS";"UOP03-DEL02-RS"
224575;2019-07-25;"quinta-feira";"15:20:00";"GO";153;594,7;"PIRACANJUBA";"Velocidade Incompatível";"Colisão traseira";"Com Vítimas Feridas";"Pleno dia";"Crescente";"Céu Claro";"Dupla";"Reta";"Não";4;0;1;1;1;1;2;3;-17,4998;-49,2151;"SPRF-GO";"DEL03-GO";"UOP01-DEL03-GO"
224578;2019-07-25;"quinta-feira";"14:30:00";"MT";364;264;"SAO PEDRO DA CIPA";"Falta de Atenção à Condução";"Colisão traseira";"Com Vítimas Feridas";"Pleno dia";"Crescente";"Sol";"Simples";"Declive";"Não";3;0;1;0;1;1;1;3;-16,01057325;-54,91344724;"SPRF-MT";"DEL02-MT";"UOP02-DEL05-MT"
224580;2019-07-25;"quinta-feira";"12:10:00";"SC";282;382;"HERVAL DOESTE";"Mal Súbito";"Colisão frontal";"Com Vítimas Feridas";"Pleno dia";"Decrescente";"Céu Claro";"Simples";"Aclive;Reta";"Não";3;0;1;0;1;1;1;3;-27,19607;-51,503044;"SPRF-SC";"DEL07-SC";"UOP05-DEL07-SC"
224583;2019-07-25;"quinta-feira";"08:00:00";"MA";135;146,5;"MATOES DO NORTE";"Defeito na Via";"Tombamento";"Sem Vítimas";"Pleno dia";"Crescente";"Nublado";"Simples";"Reta";"Não";2;0;0;0;1;1;0;2;-3,72445497;-44,51353186;"SPRF-MA";"DEL01-MA";"UOP02-DEL01-MA"
224585;2019-07-25;"quinta-feira";"17:20:00";"SP";116;221,2;"GUARULHOS";"Não guardar distância de segurança";"Colisão lateral";"Com Vítimas Feridas";"Anoitecer";"Decrescente";"Céu Claro";"Múltipla";"Reta";"Sim";2;0;1;0;1;0;1;2;-23,4687379;-46,50935411;"SPRF-SP";"DEL01-SP";"UOP01-DEL01-SP"
224587;2019-07-25;"quinta-feira";"18:00:00";"MG";40;626;"CONSELHEIRO LAFAIETE";"Falta de Atenção à Condução";"Colisão transversal";"Com Vítimas Feridas";"Anoitecer";"Crescente";"Céu Claro";"Simples";"Reta";"Sim";4;0;0;1;2;1;1;3;-20,63268933;-43,81236261;"SPRF-MG";"DEL05-MG";"UOP02-DEL05-MG"