"id";"data_inversa";"dia_semana";"horario";"uf";"br";"km";"municipio";"causa_acidente";"tipo_acidente";"classificacao_acidente";"fase_dia";"sentido_via";"condicao_metereologica";"tipo_pista";"tracado_via";"uso_solo";"pessoas";"mortos";"feridos_leves";"feridos_graves";"ilesos";"ignorados";"feridos";"veiculos";"latitude";"longitude";"regional";"delegacia";"uop"
225468;2019-07-29;"segunda-feira";"15:30:00";"MT";364;355;"SANTO ANTONIO DO LEVERGER";"Falta de Atenção à Condução";"Saída de leito carroçável";"Com Vítimas Feridas";"Pleno dia";"Crescente";"Céu Claro";"Dupla";"Curva;Declive";"Não";2;0;1;0;0;2;1;3;-15,79702449;-55,60063602;"SPRF-MT";"DEL02-MT";"UOP02-DEL01-MT"
225474;2019-07-28;"domingo";"20:15:00";"MT";364;1203;"COMODORO";"Ingestão de Álcool";"Colisão transversal";"Com Vítimas Fatais";"Plena Noite";"Decrescente";"Céu Claro";"Simples";"Reta";"Não";3;1;0;0;1;3;0;5;-13,79307226;-59,45869446;"SPRF-MT";"DEL04-MT";"UOP01-DEL04-MT"
225478;2019-07-29;"segunda-feira";"16:30:00";"SP";153;110;"JOSE BONIFACIO";"Fenômenos da Natureza";"Incêndio";"Sem Vítimas";"Pleno dia";"Decrescente";"Sol";"Simples";"Reta;Aclive";"Não";3;0;0;0;3;0;0;1;-21,08821395;-49,67455387;"SPRF-SP";"DEL09-SP";"UOP01-DEL09-SP"
225491;2019-07-29;"segunda-feira";"17:20:00";"BA";110;77;"JEREMOABO";"Desobediência às normas de trânsito pelo condutor";"Colisão transversal";"Com Vítimas Fatais";"Plena Noite";"Decrescente";"Céu Claro";"Simples";"Curva";"Sim";7;1;1;2;2;1;3;3;-10,10420708;-38,31013947;"SPRF-BA";"DEL07-BA";"UOP01-DEL07-BA"
225492;2019-07-29;"segunda-feira";"18:00:00";"PA";163;1002;"SANTAREM";"Falta de Atenção à Condução";"Engavetamento";"Com Vítimas Feridas";"Pleno dia";"Crescente";"Céu Claro";"Simples";"Reta";"Sim";5;0;1;0;3;1;1;5;-2,45567004;-54,72854541;"SPRF-PA";"DEL05-PA";"UOP01-DEL05-PA"
225500;2019-07-29;"segunda-feira";"15:30:00";"MG";116;283,7;"TEOFILO OTONI";"Mal Súbito";"Colisão transversal";"Com Vítimas Feridas";"Pleno dia";"Crescente";"Garoa/Chuvisco";"Simples";"Reta";"Não";5;0;4;0;0;1;4;3;-17,91016695;-41,52564104;"SPRF-MG";"DEL11-MG";"UOP01-DEL11-MG"
225502;2019-07-29;"segunda-feira";"16:30:00";"ES";101;264,3;"SERRA";"Desobediência às normas de trânsito pelo condutor";"Colisão transversal";"Com Vítimas Feridas";"Pleno dia";"Crescente";"Nublado";"Múltipla";"Interseção de Vias";"Sim";2;0;0;1;1;0;1;2;-20,17292791;-40,26736384;"SPRF-ES";"DEL02-ES";"UOP01-DEL02-ES"
225504;2019-07-29;"segunda-feira";"15:30:00";"PE";116;79,9;"BELEM DE SAO FRANCISCO";"Ingestão de Álcool";"Colisão com objeto estático";"Sem Vítimas";"Pleno dia";"Crescente";"Céu Claro";"Simples";"Reta";"Não";1;0;0;0;1;0;0;1;-8,535424;-39,22189;"SPRF-PE";"DEL05-PE";"UOP03-DEL05-PE"
225506;2019-07-29;"segunda-feira";"16:15:00";"RS";386;383,3;"TABAI";"Defeito Mecânico no Veículo";"Tombamento";"Sem Vítimas";"Pleno dia";"Decrescente";"Céu Claro";"Dupla";"Reta";"Não";1;0;0;0;1;0;0;1;-29,668146;-51,736362;"SPRF-RS";"DEL04-RS";"UOP02-DEL04-RS"
225507;2019-07-29;"segunda-feira";"17:15:00";"RR";174;503;"BOA VISTA";"Ingestão de Substâncias Psicoativas";"Saída de leito carroçável";"Com Vítimas Feridas";"Pleno dia";"Decrescente";"Céu Claro";"Dupla";"Curva";"Sim";3;0;1;0;2;0;1;3;2,79791192;-60,69786429;"SPRF-RR";"DEL01-RR";"UOP01-DEL01-RR"
225511;2019-07-29;"segunda-feira";"18:00:00";"MS";163;543,7;"BANDEIRANTES";"Avarias e/ou desgaste excessivo no pneu";"Saída de leito carroçável";"Com Vítimas Feridas";"Anoitecer";"Crescente";"Céu Claro";"Simples";"Reta";"Não";1;0;1;0;0;0;1;1;-19,96315981;-54,37880145;"SPRF-MS";"DEL01-MS";"UOP02-DEL01-MS"
225512;2019-07-29;"segunda-feira";"17:00:00";"SC";280;284;"IRINEOPOLIS";"Desobediência às normas de trânsito pelo condutor";"Colisão traseira";"Com Vítimas Feridas";"Pleno dia";"Crescente";"Céu Claro";"Simples";"Declive";"Sim";3;0;1;0;2;0;1;3;-26,29310313;-50,86810503;"SPRF-SC";"DEL06-SC";"UOP04-DEL06-SC"
225515;2019-07-29;"segunda-feira";"19:40:00";"SC";470;63,3;"INDAIAL";"Desobediência às normas de trânsito pelo condutor";"Colisão lateral";"Com Vítimas Feridas";"Plena Noite";"Crescente";"Nublado";"Simples";"Aclive";"Sim";4;0;1;0;2;1;1;3;-26,872396;-49,19228;"SPRF-SC";"DEL04-SC";"UOP01-DEL04-SC"
225519;2019-07-29;"segunda-feira";"19:30:00";"ES";101;146;"LINHARES";"Falta de Atenção à Condução";"Colisão lateral";"Com Vítimas Feridas";"Plena Noite";"Crescente";"Céu Claro";"Múltipla";"Retorno Regulamentado";"Sim";2;0;1;0;1;0;1;2;-19,36990998;-40,06560718;"SPRF-ES";"DEL04-ES";"UOP01-DEL04-ES"
225522;2019-07-29;"segunda-feira";"19:40:00";"SC";280;53,3;"GUARAMIRIM";"Ingestão de Álcool";"Colisão transversal";"Sem Vítimas";"Plena Noite";"Decrescente";"Céu Claro";"Simples";"Reta";"Não";2;0;0;0;2;0;0;2;-26,47236756;-48,97426617;"SPRF-SC";"DEL03-SC";"UOP03-DEL03-SC"
225528;2019-07-29;"segunda-feira";"21:20:00";"SE";235;16;"NOSSA SENHORA DO SOCORRO";"Velocidade Incompatível";"Colisão frontal";"Com Vítimas Fatais";"Plena Noite";"Decrescente";"Chuva";"Simples";"Curva";"Não";3;2;0;0;1;0;0;2;-10,852552;-37,192886;"SPRF-SE";"DEL01-SE";"UOP02-DEL01-SE"
225534;2019-07-29;"segunda-feira";"23:30:00";"BA";116;186;"CANUDOS";"Falta de Atenção à Condução";"Colisão traseira";"Com Vítimas Fatais";"Plena Noite";"Decrescente";"Garoa/Chuvisco";"Simples";"Reta";"Não";5;3;0;0;1;1;0;3;-10,2697959;-39,07780263;"SPRF-BA";"DEL07-BA";"UOP02-DEL07-BA"
225536;2019-07-29;"segunda-feira";"23:20:00";"SP";116;499;"CAJATI";"Velocidade Incompatível";"Saída de leito carroçável";"Sem Vítimas";"Plena Noite";"Crescente";"Céu Claro";"Dupla";"Curva";"Não";3;0;0;0;2;1;0;2;-24,78228753;-48,17695233;"SPRF-SP";"DEL05-SP";"UAP01-DEL05-SP"
225539;2019-07-29;"segunda-feira";"23:15:00";"RS";116;353;"SENTINELA DO SUL";"Falta de Atenção à Condução";"Colisão traseira";"Sem Vítimas";"Plena Noite";"Crescente";"Chuva";"Simples";"Reta";"Não";3;0;0;0;1;2;0;3;-30,56584893;-51,52132618;"SPRF-RS";"DEL02-RS";"UOP03-DEL02-RS"
225540;2019-07-30;"terça-feira";"01:00:00";"PI";222;69;"PIRIPIRI";"Carga excessiva e/ou mal acondicionada";"Tombamento";"Sem Vítimas";"Plena Noite";"Decrescente";"Céu Claro";"Simples";"Curva";"Não";1;0;0;0;1;0;0;1;-4,24760919;-41,72095502;"SPRF-PI";"DEL02-PI";"UOP01-DEL02-PI"
225543;2019-07-30;"terça-feira";"00:30:00";"PR";369;413;"JURANDA";"Desobediência às normas de trânsito pelo condutor";"Colisão traseira";"Com Vítimas Feridas";"Plena Noite";"Crescente";"Céu Claro";"Simples";"Curva";"Não";15;0;10;0;3;3;10;5;-24,34754627;-52,73498654;"SPRF-PR";"DEL04-PR";"UOP03-DEL04-PR"
225544;2019-07-30;"terça-feira";"03:15:00";"TO";153;684,5;"CARIRI DO TOCANTINS";"Condutor Dormindo";"Colisão lateral";"Com Vítimas Feridas";"Plena Noite";"Crescente";"Céu Claro";"Simples";"Reta";"Não";4;0;1;0;2;1;1;3;-11,82213186;-49,1332553;"SPRF-TO";"DEL02-TO";"UOP02-DEL01-TO"
225545;2019-07-29;"segunda-feira";"23:30:00";"BA";116;503;"SANTA TERESINHA";"Condutor Dormindo";"Saída de leito carroçável";"Com Vítimas Fatais";"Plena Noite";"Crescente";"Nublado";"Simples";"Reta";"Não";2;1;0;0;0;1;0;2;-12,60461017;-39,55234392;"SPRF-BA";"DEL03-BA";"UOP02-DEL03-BA"
225548;2019-07-30;"terça-feira";"02:30:00";"RJ";40;30;"AREAL";"Carga excessiva e/ou mal acondicionada";"Derramamento de carga";"Sem Vítimas";"Plena Noite";"Decrescente";"Céu Claro";"Dupla";"Reta";"Não";2;0;0;0;1;1;0;2;-22,18633705;-43,16660309;"SPRF-RJ";"DEL06-RJ";"UOP02-DEL05-RJ"
225549;2019-07-19;"sexta-feira";"22:45:00";"PA";316;64;"CASTANHAL";"Desobediência às normas de trânsito pelo condutor";"Colisão transversal";"Com Vítimas Feridas";"Plena Noite";"Crescente";"Céu Claro";"Dupla";"Reta";"Sim";2;0;1;0;1;0;1;2;-1,29629557;-47,91983997;"SPRF-PA";"DEL01-PA";"UOP01-DEL01-PA"
225551;2019-07-30;"terça-feira";"06:10:00";"SC";101;114;"ITAJAI";"Desobediência às normas de trânsito pelo condutor";"Colisão traseira";"Com Vítimas Feridas";"Pleno dia";"Crescente";"Nublado";"Dupla";"Reta";"Não";3;0;0;1;1;1;1;3;-26,86192886;-48,7286704;"SPRF-SC";"DEL04-SC";"UOP04-DEL04-SC"
225552;2019-07-30;"terça-feira";"06:00:00";"MG";40;447;"CAETANOPOLIS";"Falta de Atenção à Condução";"Colisão traseira";"Com Vítimas Feridas";"Pleno dia";"Decrescente";"Céu Claro";"Dupla";"Reta";"Sim";3;0;1;0;1;2;1;4;-19,29359592;-44,38358492;"SPRF-MG";"DEL02-MG";"UOP01-DEL02-MG"
225558;2019-07-30;"terça-feira";"07:20:00";"SP";116;132;"CACAPAVA";"Não guardar distância de segurança";"Colisão lateral";"Com Vítimas Feridas";"Pleno dia";"Crescente";"Céu Claro";"Dupla";"Reta";"Não";6;0;5;0;1;0;5;2;-23,13169757;-45,74481322;"SPRF-SP";"DEL06-SP";"UOP02-DEL02-SP"
225562;2019-05-23;"quinta-feira";"19:20:00";"RS";116;433,4;"CRISTAL";"Ultrapassagem Indevida";"Colisão frontal";"Com Vítimas Fatais";"Plena Noite";"Decrescente";"Nublado";"Simples";"Reta";"Não";27;1;24;1;0;1;25;4;-31,03991793;-52,04337884;"SPRF-RS";"DEL02-RS";"UOP03-DEL02-RS"
225568;2019-07-30;"terça-feira";"07:40:00";"MT";163;844,4;"SINOP";"Velocidade Incompatível";"Colisão frontal";"Com Vítimas Feridas";"Pleno dia";"Decrescente";"Céu Claro";"Simples";"Interseção de Vias";"Sim";3;0;2;0;1;0;2;2;-11,77788823;-55,47343343;"SPRF-MT";"DEL06-MT";"UOP02-DEL06-MT"
225569;2019-06-12;"quarta-feira";"23:20:00";"PR";376;204,5;"MANDAGUARI";"Falta de Atenção à Condução";"Colisão traseira";"Com Vítimas Fatais";"Plena Noite";"Decrescente";"Céu Claro";"Dupla";"Curva";"Não";3;1;0;0;1;1;0;3;-23,54415988;-51,69891357;"SPRF-PR";"DEL07-PR";"UOP01-DEL09-PR"
225572;2019-04-06;"sábado";"04:30:00";"MG";262;594,7;"CAMPOS ALTOS";"Desobediência às normas de trânsito pelo condutor";"Colisão frontal";"Com Vítimas Feridas";"Plena Noite";"Crescente";"Chuva";"Simples";"Reta";"Não";4;0;2;2;0;0;4;3;-19,66173211;-46,17681719;"SPRF-MG";"DEL08-MG";"UOP02-DEL08-MG"
225573;2019-07-30;"terça-feira";"08:45:00";"MG";153;56;"MONTE ALEGRE DE MINAS";"Defeito Mecânico no Veículo";"Incêndio";"Com Vítimas Feridas";"Pleno dia";"Decrescente";"Céu Claro";"Dupla";"Reta";"Não";2;0;1;0;0;1;1;2;-18,86514031;-49,06925029;"SPRF-MG";"DEL15-MG";"UOP03-DEL15-MG"
225579;2019-07-30;"terça-feira";"08:30:00";"SC";470;143,7;"RIO DO SUL";"Falta de Atenção à Condução";"Colisão traseira";"Sem Vítimas";"Pleno dia";"Crescente";"Nublado";"Simples";"Retorno Regulamentado";"Sim";2;0;0;0;2;0;0;2;-27,233143;-49,672886;"SPRF-SC";"DEL04-SC";"UOP02-DEL04-SC"
225580;2019-07-30;"terça-feira";"09:10:00";"PR";153;478,9;"PORTO VITORIA";"Pista Escorregadia";"Saída de leito carroçável";"Com Vítimas Fatais";"Pleno dia";"Decrescente";"Chuva";"Simples";"Curva";"Não";3;1;0;0;1;1;0;3;-26,33101842;-51,22718811;"SPRF-PR";"DEL02-PR";"UOP03-DEL02-PR"
225581;2019-07-29;"segunda-feira";"10:04:00";"PA";230;296;"NOVO REPARTIMENTO";"Defeito na Via";"Danos eventuais";"Sem Vítimas";"Pleno dia";"Crescente";"Céu Claro";"Simples";"Ponte";"Não";2;0;0;0;1;1;0;2;-4,35222289;-49,94541173;"SPRF-PA";"DEL03-PA";"UOP01-DEL03-PA"
225582;2019-07-30;"terça-feira";"06:40:00";"MG";262;25,4;"REDUTO";"Falta de Atenção à Condução";"Colisão frontal";"Com Vítimas Fatais";"Pleno dia";"Decrescente";"Céu Claro";"Simples";"Curva";"Não";12;2;7;2;0;1;9;3;-20,24682025;-41,94929213;"SPRF-MG";"DEL06-MG";"UOP03-DEL06-MG"
225591;2019-07-30;"terça-feira";"09:00:00";"MA";316;518,8;"CAXIAS";"Ingestão de Álcool";"Saída de leito carroçável";"Sem Vítimas";"Pleno dia";"Decrescente";"Sol";"Simples";"Reta";"Não";2;0;0;0;1;1;0;2;-4,767323;-43,61478;"SPRF-MA";"DEL03-MA";"UOP02-DEL03-MA"
225592;2019-07-30;"terça-feira";"11:00:00";"SC";101;207,9;"SAO JOSE";"Não guardar distância de segurança";"Colisão lateral";"Com Vítimas Feridas";"Pleno dia";"Decrescente";"Céu Claro";"Dupla";"Reta";"Sim";3;0;1;0;1;1;1;3;-27,60001226;-48,6226467;"SPRF-SC";"DEL01-SC";"UOP01-DEL01-SC"
225604;2019-07-30;"terça-feira";"13:10:00";"MG";354;737,2;"POUSO ALTO";"Velocidade Incompatível";"Tombamento";"Com Vítimas Feridas";"Pleno dia";"Decrescente";"Sol";"Simples";"Curva";"Não";2;0;1;0;0;1;1;2;-22,20550588;-44,95828993;"SPRF-MG";"DEL05-MG";"UOP01-DEL17-MG"
225605;2019-07-30;"terça-feira";"12:00:00";"MS";163;267,8;"DOURADOS";"Ingestão de Álcool";"Colisão lateral";"Com Vítimas Feridas";"Pleno dia";"Decrescente";"Céu Claro";"Dupla";"Reta";"Sim";3;0;2;0;1;0;2;2;-22,20665524;-54,70785282;"SPRF-MS";"DEL04-MS";"UOP01-DEL04-MS"
225606;2019-07-30;"terça-feira";"11:40:00";"SP";116;74,6;"ROSEIRA";"Falta de Atenção à Condução";"Capotamento";"Com Vítimas Feridas";"Pleno dia";"Decrescente";"Sol";"Dupla";"Curva";"Não";3;0;1;0;1;1;1;3;-22,87353809;-45,25320023;"SPRF-SP";"DEL06-SP";"UOP01-DEL06-SP"
225607;2019-07-30;"terça-feira";"11:30:00";"PR";277;69;"SAO JOSE DOS PINHAIS";"Defeito Mecânico no Veículo";"Incêndio";"Sem Vítimas";"Pleno dia";"Crescente";"Nublado";"Dupla";"Reta";"Não";2;0;0;0;1;1;0;2;-25,53715243;-49,07076619;"SPRF-PR";"DEL01-PR";"UOP07-DEL01-PR"
225608;2019-07-30;"terça-feira";"07:45:00";"SP";116;509;"CAJATI";"Defeito Mecânico no Veículo";"Tombamento";"Sem Vítimas";"Pleno dia";"Crescente";"Nublado";"Simples";"Aclive;Curva";"Não";2;0;0;0;1;2;0;3;-24,82178987;-48,21419034;"SPRF-SP";"DEL05-SP";"UAP01-DEL05-SP"
225609;2019-07-30;"terça-feira";"13:45:00";"SP";116;231,2;"SAO PAULO";"Ingestão de Álcool";"Colisão traseira";"Sem Vítimas";"Pleno dia";"Decrescente";"Sol";"Múltipla";"Reta";"Não";2;0;0;0;1;1;0;2;-23,5290581;-46,59398303;"SPRF-SP";"DEL01-SP";"UOP01-DEL01-SP"
225618;2019-07-30;"terça-feira";"15:10:00";"RJ";40;30;"AREAL";"Falta de Atenção à Condução";"Tombamento";"Com Vítimas Feridas";"Pleno dia";"Decrescente";"Céu Claro";"Dupla";"Curva";"Não";2;0;1;0;0;1;1;2;-22,18633705;-43,16660309;"SPRF-RJ";"DEL06-RJ";"UOP02-DEL05-RJ"
225620;2019-07-30;"terça-feira";"15:40:00";"SC";101;204,4;"SAO JOSE";"Restrição de Visibilidade";"Colisão lateral";"Com Vítimas Feridas";"Pleno dia";"Crescente";"Céu Claro";"Múltipla";"Reta";"Não";5;0;3;0;2;0;3;2;-27,57413014;-48,61363083;"SPRF-SC";"DEL01-SC";"UOP01-DEL01-SC"
225631;2019-07-30;"terça-feira";"16:20:00";"GO";60;465;"JATAI";"Desobediência às normas de trânsito pelo condutor";"Colisão traseira";"Com Vítimas Feridas";"Pleno dia";"Decrescente";"Céu Claro";"Simples";"Reta";"Sim";3;0;1;0;1;2;1;4;-17,8893;-51,6555;"SPRF-GO";"DEL05-GO";"UOP01-DEL05-GO"
225634;2019-07-30;"terça-feira";"16:00:00";"GO";70;3;"AGUAS LINDAS DE GOIAS";"Falta de Atenção à Condução";"Colisão traseira";"Com Vítimas Feridas";"Pleno dia";"Decrescente";"Céu Claro";"Simples";"Declive";"Sim";3;0;1;0;1;2;1;4;-15,76177302;-48,2368693;"SPRF-DF";"DEL01-DF";"UOP02-DEL03-DF"
225643;2019-07-30;"terça-feira";"17:00:00";"SE";101;69;"MARUIM";"Falta de Atenção à Condução";"Colisão lateral";"Sem Vítimas";"Anoitecer";"Crescente";"Nublado";"Simples";"Em Obras;Reta";"Não";6;0;0;0;5;3;0;7;-10,72937357;-37,0810103;"SPRF-SE";"DEL01-SE";"UOP01-DEL01-SE"
225645;2019-07-30;"terça-feira";"14:30:00";"RS";448;22;"PORTO ALEGRE";"Velocidade Incompatível";"Colisão com objeto estático";"Com Vítimas Feridas";"Pleno dia";"Decrescente";"Sol";"Dupla";"Viaduto;Aclive;Curva";"Sim";1;0;1;0;0;0;1;1;-29,97460222;-51,1977911;"SPRF-RS";"DEL01-RS";"UOP01-DEL01-RS"
225646;2019-07-30;"terça-feira";"17:15:00";"GO";60;321;"ACREUNA";"Falta de Atenção à Condução";"Colisão transversal";"Com Vítimas Feridas";"Pleno dia";"Crescente";"Céu Claro";"Dupla";"Retorno Regulamentado";"Não";2;0;1;0;1;0;1;2;-17,4953;-50,4601;"SPRF-GO";"DEL04-GO";"UOP01-DEL04-GO"
225648;2019-07-30;"terça-feira";"16:30:00";"MG";381;934;"EXTREMA";"Velocidade Incompatível";"Tombamento";"Com Vítimas Feridas";"Pleno dia";"Decrescente";"Chuva";"Dupla";"Curva";"Não";1;0;1;0;0;0;1;1;-22,82007572;-46,29934031;"SPRF-MG";"DEL16-MG";"UOP03-DEL16-MG"
225650;2019-07-30;"terça-feira";"18:00:00";"CE";116;59,7;"CHOROZINHO";"Falta de Atenção à Condução";"Colisão frontal";"Com Vítimas Fatais";"Plena Noite";"Decrescente";"Céu Claro";"Simples";"Reta";"Não";4;1;1;0;1;1;1;4;-4,24875918;-38,48429739;"SPRF-CE";"DEL03-CE";"UOP02-DEL03-CE"
225651;2019-07-30;"terça-feira";"17:00:00";"MT";163;972;"TERRA NOVA DO NORTE";"Não guardar distância de segurança";"Saída de leito carroçável";"Sem Vítimas";"Pleno dia";"Decrescente";"Céu Claro";"Simples";"Reta";"Não";4;0;0;0;3;3;0;5;-10,714379;-55,124983;"SPRF-MT";"DEL06-MT";"UOP02-DEL06-MT"
225653;2019-07-30;"terça-feira";"14:10:00";"MT";158;553;"AGUA BOA";"Ultrapassagem Indevida";"Colisão traseira";"Com Vítimas Feridas";"Pleno dia";"Decrescente";"Céu Claro";"Simples";"Curva";"Não";5;0;1;0;2;5;1;8;-13,93685905;-52,10028684;"SPRF-MT";"DEL07-MT";"UOP02-DEL07-MT"
225662;2019-07-30;"terça-feira";"19:10:00";"PB";230;21,8;"JOAO PESSOA";"Desobediência às normas de trânsito pelo condutor";"Colisão traseira";"Com Vítimas Feridas";"Plena Noite";"Crescente";"Garoa/Chuvisco";"Dupla";"Reta";"Sim";3;0;1;0;2;0;1;3;-7,1415;-34,8519;"SPRF-PB";"DEL01-PB";"UOP01-DEL01-PB"
225672;2019-07-30;"terça-feira";"21:00:00";"ES";101;358,2;"ANCHIETA";"Não guardar distância de segurança";"Colisão lateral";"Com Vítimas Feridas";"Plena Noite";"Crescente";"Céu Claro";"Dupla";"Reta";"Não";3;0;1;0;1;1;1;3;-20,691717;-40,704254;"SPRF-ES";"DEL03-ES";"UOP01-DEL03-ES"
225674;2019-07-30;"terça-feira";"16:35:00";"PR";476;208,7;"LAPA";"Falta de Atenção à Condução";"Colisão frontal";"Com Vítimas Feridas";"Pleno dia";"Decrescente";"Céu Claro";"Dupla";"Reta";"Não";2;0;1;1;0;0;2;2;-25,779379;-49,831974;"SPRF-PR";"DEL02-PR";"UOP04-DEL02-PR"
225675;2019-06-30;"domingo";"12:00:00";"MT";163;1112;"GUARANTA DO NORTE";"Velocidade Incompatível";"Tombamento";"Sem Vítimas";"Pleno dia";"Crescente";"Céu Claro";"Simples";"Declive;Curva";"Não";2;0;0;0;1;2;0;3;-9,601465;-54,890232;"SPRF-MT";"DEL06-MT";"UOP02-DEL06-MT"
225681;2019-07-30;"terça-feira";"18:40:00";"MS";60;45;"PARAISO DAS AGUAS";"Falta de Atenção à Condução";"Colisão transversal";"Com Vítimas Feridas";"Plena Noite";"Crescente";"Céu Claro";"Simples";"Reta";"Não";4;0;1;1;1;3;2;5;-18,96909638;-52,86981692;"SPRF-MS";"DEL08-MS";"UOP01-DEL08-MS"
225683;2019-07-30;"terça-feira";"21:30:00";"SP";116;353,6;"MIRACATU";"Defeito Mecânico no Veículo";"Incêndio";"Sem Vítimas";"Plena Noite";"Crescente";"Nublado";"Simples";"Reta";"Não";2;0;0;0;1;1;0;2;-24,07205681;-47,24680468;"SPRF-SP";"DEL04-SP";"UOP03-DEL04-SP"
225685;2019-07-30;"terça-feira";"20:45:00";"SC";282;570;"NOVA ERECHIM";"Ingestão de álcool e/ou substâncias psicoativas pelo pedestre";"Colisão frontal";"Sem Vítimas";"Plena Noite";"Decrescente";"Céu Claro";"Simples";"Curva";"Não";2;0;0;0;2;0;0;2;-26,89006;-52,93306;"SPRF-SC";"DEL07-SC";"UOP02-DEL07-SC"
225688;2019-07-30;"terça-feira";"22:30:00";"BA";324;546;"AMELIA RODRIGUES";"Falta de Atenção à Condução";"Colisão traseira";"Com Vítimas Feridas";"Plena Noite";"Decrescente";"Nublado";"Dupla";"Reta";"Não";3;0;0;1;2;0;1;2;-12,41513603;-38,75158107;"SPRF-BA";"DEL01-BA";"UOP01-DEL01-BA"
225691;2019-07-18;"quinta-feira";"08:10:00";"GO";414;420,1;"ABADIANIA";"Ingestão de Álcool";"Colisão frontal";"Com Vítimas Fatais";"Pleno dia";"Crescente";"Céu Claro";"Simples";"Reta";"Não";5;2;0;0;3;0;0;4;-16,123541;-48,89446496;"SPRF-GO";"DEL02-GO";"UOP01-DEL02-GO"
225695;2019-07-31;"quarta-feira";"06:00:00";"MG";262;779,5;"UBERABA";"Ultrapassagem Indevida";"Colisão frontal";"Com Vítimas Feridas";"Amanhecer";"Crescente";"Céu Claro";"Simples";"Reta;Aclive";"Não";5;0;1;0;3;1;1;4;-19,73926371;-47,75334021;"SPRF-MG";"DEL13-MG";"UOP01-DEL13-MG"
225700;2019-07-30;"terça-feira";"14:45:00";"PR";476;194;"LAPA";"Falta de Atenção à Condução";"Saída de leito carroçável";"Sem Vítimas";"Pleno dia";"Crescente";"Chuva";"Dupla";"Curva";"Não";3;0;0;0;2;1;0;3;-25,74048;-49,710938;"SPRF-PR";"DEL01-PR";"UOP06-DEL01-PR"
225706;2019-07-30;"terça-feira";"18:10:00";"AM";230;590;"HUMAITA";"Falta de Atenção do Pedestre";"Atropelamento de Pedestre";"Com Vítimas Fatais";"Anoitecer";"Crescente";"Sol";"Simples";"Reta";"Não";2;1;0;0;0;1;0;2;-7,54718106;-62,87869309;"SPRF-RO";"DEL01-RO";"UOP05-DEL01-AM"
225712;2019-07-31;"quarta-feira";"05:35:00";"GO";40;97,3;"CRISTALINA";"Animais na Pista";"Atropelamento de Animal";"Sem Vítimas";"Amanhecer";"Crescente";"Nublado";"Dupla";"Declive";"Sim";1;0;0;0;1;0;0;1;-16,764631;-47,595763;"SPRF-DF";"DEL01-DF";"UOP02-DEL01-DF"
225714;2019-07-31;"quarta-feira";"07:45:00";"PR";376;664;"GUARATUBA";"Falta de Atenção à Condução";"Tombamento";"Sem Vítimas";"Pleno dia";"Crescente";"Céu Claro";"Dupla";"Curva";"Não";2;0;0;0;1;1;0;2;-25,85321576;-48,96608688;"SPRF-PR";"DEL01-PR";"UOP04-DEL01-PR"
225729;2019-07-26;"sexta-feira";"14:45:00";"BA";407;7;"JUAZEIRO";"Falta de Atenção à Condução";"Colisão transversal";"Com Vítimas Feridas";"Pleno dia";"Crescente";"Céu Claro";"Múltipla";"Reta";"Sim";2;0;0;1;1;0;1;2;-9,45907345;-40,4852736;"SPRF-PE";"DEL06-PE";"UOP01-DEL06-PE"
225732;2019-07-31;"quarta-feira";"08:00:00";"SC";470;82;"INDAIAL";"Velocidade Incompatível";"Capotamento";"Com Vítimas Feridas";"Pleno dia";"Decrescente";"Céu Claro";"Simples";"Curva";"Não";2;0;1;0;0;1;1;2;-26,956114;-49,350414;"SPRF-SC";"DEL04-SC";"UOP01-DEL04-SC"
225736;2019-07-31;"quarta-feira";"08:00:00";"RJ";40;118;"DUQUE DE CAXIAS";"Falta de Atenção à Condução";"Colisão transversal";"Com Vítimas Feridas";"Pleno dia";"Crescente";"Nublado";"Múltipla";"Reta";"Sim";2;0;1;0;1;0;1;2;-22,75470802;-43,28737838;"SPRF-RJ";"DEL01-RJ";"UOP01-DEL01-RJ"
225739;2019-07-31;"quarta-feira";"08:20:00";"PA";316;62;"CASTANHAL";"Falta de Atenção à Condução";"Colisão traseira";"Com Vítimas Feridas";"Pleno dia";"Decrescente";"Céu Claro";"Dupla";"Reta";"Sim";8;0;1;0;6;1;1;4;-1,29786885;-47,93764104;"SPRF-PA";"DEL01-PA";"UOP01-DEL01-PA"
225743;2019-07-31;"quarta-feira";"08:25:00";"PI";343;349,1;"TERESINA";"Não guardar distância de segurança";"Colisão lateral";"Sem Vítimas";"Pleno dia";"Crescente";"Céu Claro";"Simples";"Reta";"Não";2;0;0;0;2;0;0;2;-5,122515;-42,794392;"SPRF-PI";"DEL01-PI";"UOP02-DEL01-PI"
225744;2019-07-31;"quarta-feira";"09:00:00";"MG";381;850;"POUSO ALEGRE";"Pista Escorregadia";"Tombamento";"Com Vítimas Feridas";"Pleno dia";"Decrescente";"Sol";"Simples";"Declive;Retorno Regulamentado;Curva";"Não";4;0;3;0;1;0;3;4;-22,241259;-45,88129878;"SPRF-MG";"DEL16-MG";"UOP01-DEL16-MG"
225750;2019-07-31;"quarta-feira";"07:50:00";"MG";262;401,5;"PARA DE MINAS";"Condutor Dormindo";"Saída de leito carroçável";"Com Vítimas Feridas";"Pleno dia";"Decrescente";"Sol";"Dupla";"Curva";"Não";2;0;0;1;0;1;1;2;-19,90018759;-44,55287088;"SPRF-MG";"DEL08-MG";"UOP03-DEL08-MG"