"id";"data_inversa";"dia_semana";"horario";"uf";"br";"km";"municipio";"causa_acidente";"tipo_acidente";"classificacao_acidente";"fase_dia";"sentido_via";"condicao_metereologica";"tipo_pista";"tracado_via";"uso_solo";"pessoas";"mortos";"feridos_leves";"feridos_graves";"ilesos";"ignorados";"feridos";"veiculos";"latitude";"longitude";"regional";"delegacia";"uop"
225752;2019-07-31;"quarta-feira";"10:10:00";"MG";381;726,8;"CARMO DA CACHOEIRA";"Falta de Atenção à Condução";"Saída de leito carroçável";"Com Vítimas Feridas";"Pleno dia";"Decrescente";"Sol";"Dupla";"Curva";"Não";2;0;1;0;0;1;1;2;-21,50846497;-45,21540331;"SPRF-MG";"DEL04-MG";"UOP02-DEL04-MG"
225755;2019-07-31;"quarta-feira";"10:30:00";"RS";116;266;"CANOAS";"Falta de Atenção à Condução";"Colisão traseira";"Com Vítimas Feridas";"Pleno dia";"Crescente";"Céu Claro";"Dupla";"Reta";"Sim";4;0;2;1;1;0;3;3;-29,93242399;-51,17742077;"SPRF-RS";"DEL01-RS";"UOP01-DEL01-RS"
225756;2019-05-23;"quinta-feira";"18:00:00";"RS";290;50;"GLORINHA";"Ingestão de Álcool";"Saída de leito carroçável";"Sem Vítimas";"Plena Noite";"Crescente";"Chuva";"Dupla";"Reta";"Não";2;0;0;0;1;12;0;13;-29,906633;-50,757706;"SPRF-RS";"DEL03-RS";"UOP01-DEL03-RS"
225758;2019-07-31;"quarta-feira";"09:20:00";"MG";381;367;"SAO GONCALO DO RIO ABAIXO";"Velocidade Incompatível";"Tombamento";"Com Vítimas Feridas";"Pleno dia";"Crescente";"Céu Claro";"Simples";"Curva";"Não";2;0;1;0;0;1;1;2;-19,84959351;-43,27455396;"SPRF-MG";"DEL03-MG";"UOP01-DEL03-MG"
225759;2019-07-31;"quarta-feira";"09:15:00";"PE";428;175,2;"PETROLINA";"Desobediência às normas de trânsito pelo condutor";"Colisão frontal";"Com Vítimas Fatais";"Pleno dia";"Decrescente";"Céu Claro";"Simples";"Reta";"Não";3;1;0;0;1;1;0;3;-9,26025696;-40,42934308;"SPRF-PE";"DEL06-PE";"UOP01-DEL06-PE"
225760;2019-07-31;"quarta-feira";"10:40:00";"PR";476;148;"ARAUCARIA";"Não guardar distância de segurança";"Colisão traseira";"Com Vítimas Feridas";"Pleno dia";"Crescente";"Céu Claro";"Dupla";"Reta";"Sim";3;0;1;0;1;1;1;3;-25,557121;-49,348732;"SPRF-PR";"DEL01-PR";"UOP06-DEL01-PR"
225762;2019-07-31;"quarta-feira";"10:40:00";"SC";163;83,5;"GUARACIABA";"Não guardar distância de segurança";"Colisão traseira";"Com Vítimas Feridas";"Pleno dia";"Crescente";"Sol";"Simples";"Reta";"Sim";2;0;1;0;1;0;1;2;-26,60643811;-53,51696849;"SPRF-SC";"DEL07-SC";"UOP03-DEL07-SC"
225764;2019-07-31;"quarta-feira";"11:20:00";"MA";135;69,8;"SANTA RITA";"Falta de Atenção à Condução";"Colisão lateral";"Sem Vítimas";"Pleno dia";"Crescente";"Sol";"Dupla";"Reta";"Sim";3;0;0;0;2;2;0;4;-3,13287318;-44,32482824;"SPRF-MA";"DEL01-MA";"UOP02-DEL01-MA"
225768;2019-07-31;"quarta-feira";"09:30:00";"PR";116;25;"CAMPINA GRANDE DO SUL";"Falta de Atenção à Condução";"Colisão traseira";"Com Vítimas Feridas";"Pleno dia";"Crescente";"Céu Claro";"Múltipla";"Reta";"Não";3;0;1;0;2;0;1;2;-25,10784511;-48,77548601;"SPRF-PR";"DEL01-PR";"UOP02-DEL01-PR"
225769;2019-07-31;"quarta-feira";"12:00:00";"GO";364;343;"MINEIROS";"Falta de Atenção à Condução";"Colisão transversal";"Com Vítimas Feridas";"Pleno dia";"Crescente";"Céu Claro";"Simples";"Reta";"Não";4;0;0;2;1;2;2;4;-17,386227;-52,841187;"SPRF-GO";"DEL05-GO";"UOP01-DEL05-GO"
225785;2019-07-31;"quarta-feira";"13:15:00";"MG";116;296,9;"ITAMBACURI";"Defeito Mecânico no Veículo";"Colisão transversal";"Com Vítimas Feridas";"Pleno dia";"Crescente";"Céu Claro";"Simples";"Reta";"Não";2;0;0;1;1;0;1;2;-18,0024301;-41,58315485;"SPRF-MG";"DEL11-MG";"UOP01-DEL11-MG"
225788;2019-07-31;"quarta-feira";"11:20:00";"BA";242;749;"BARREIRAS";"Falta de Atenção à Condução";"Colisão traseira";"Com Vítimas Feridas";"Pleno dia";"Decrescente";"Céu Claro";"Simples";"Reta";"Não";4;0;1;0;2;1;1;4;-12,159983;-44,632811;"SPRF-BA";"DEL10-BA";"UOP01-DEL10-BA"
225791;2019-07-31;"quarta-feira";"12:50:00";"PR";116;27,6;"CAMPINA GRANDE DO SUL";"Velocidade Incompatível";"Saída de leito carroçável";"Com Vítimas Feridas";"Pleno dia";"Decrescente";"Céu Claro";"Dupla";"Curva";"Não";2;0;2;0;0;0;2;1;-25,10840189;-48,79505902;"SPRF-PR";"DEL01-PR";"UOP02-DEL01-PR"
225794;2019-07-31;"quarta-feira";"15:30:00";"RS";116;483,5;"TURUCU";"Falta de Atenção à Condução";"Colisão transversal";"Com Vítimas Feridas";"Pleno dia";"Crescente";"Céu Claro";"Simples";"Reta";"Sim";2;0;1;0;1;0;1;2;-31,41612663;-52,17144704;"SPRF-RS";"DEL07-RS";"UOP01-DEL07-RS"
225795;2019-07-04;"quinta-feira";"10:10:00";"ES";101;316;"VILA VELHA";"Falta de Atenção à Condução";"Colisão traseira";"Com Vítimas Feridas";"Pleno dia";"Decrescente";"Céu Claro";"Simples";"Curva";"Não";7;0;2;0;5;0;2;6;-20,47804112;-40,47130769;"SPRF-ES";"DEL03-ES";"UOP01-DEL03-ES"
225796;2019-07-31;"quarta-feira";"14:50:00";"MT";158;565,7;"AGUA BOA";"Falta de Atenção à Condução";"Colisão lateral";"Com Vítimas Feridas";"Pleno dia";"Decrescente";"Sol";"Dupla";"Reta";"Sim";2;0;1;0;1;0;1;2;-14,02874999;-52,15679016;"SPRF-MT";"DEL07-MT";"UOP02-DEL07-MT"
225797;2019-07-31;"quarta-feira";"15:10:00";"PR";376;2;"MANDAGUARI";"Desobediência às normas de trânsito pelo condutor";"Colisão transversal";"Com Vítimas Feridas";"Pleno dia";"Decrescente";"Sol";"Simples";"Reta";"Sim";2;0;1;0;1;0;1;2;-23,51435437;-51,69898868;"SPRF-PR";"DEL07-PR";"UOP01-DEL09-PR"
225798;2019-07-31;"quarta-feira";"15:40:00";"GO";60;41;"APARECIDA DE GOIANIA";"Falta de Atenção à Condução";"Colisão traseira";"Com Vítimas Feridas";"Pleno dia";"Crescente";"Sol";"Dupla";"Interseção de Vias";"Sim";2;0;1;0;1;0;1;2;-16,8101;-49,2397;"SPRF-GO";"DEL01-GO";"UOP03-DEL01-GO"
225799;2019-07-31;"quarta-feira";"15:50:00";"PR";376;175,1;"MARINGA";"Desobediência às normas de trânsito pelo condutor";"Engavetamento";"Com Vítimas Feridas";"Pleno dia";"Crescente";"Céu Claro";"Dupla";"Reta";"Sim";5;0;3;0;1;2;3;5;-23,41438264;-51,94945087;"SPRF-PR";"DEL07-PR";"UOP01-DEL09-PR"
225802;2019-07-31;"quarta-feira";"15:40:00";"PI";316;32,8;"DEMERVAL LOBAO";"Falta de Atenção à Condução";"Colisão transversal";"Com Vítimas Feridas";"Pleno dia";"Crescente";"Sol";"Simples";"Reta";"Sim";2;0;1;0;1;0;1;2;-5,34217984;-42,68627493;"SPRF-PI";"DEL01-PI";"UOP02-DEL01-PI"
225803;2019-07-31;"quarta-feira";"16:30:00";"CE";116;9,7;"FORTALEZA";"Falta de Atenção do Pedestre";"Atropelamento de Pedestre";"Com Vítimas Feridas";"Pleno dia";"Decrescente";"Céu Claro";"Dupla";"Reta";"Sim";2;0;1;0;0;1;1;2;-3,82779096;-38,50486117;"SPRF-CE";"DEL01-CE";"UOP02-DEL01-CE"
225808;2019-07-31;"quarta-feira";"16:55:00";"PR";476;108;"COLOMBO";"Desobediência às normas de trânsito pelo condutor";"Colisão transversal";"Com Vítimas Feridas";"Pleno dia";"Decrescente";"Céu Claro";"Simples";"Reta";"Sim";3;0;0;1;1;1;1;3;-25,298958;-49,152153;"SPRF-PR";"DEL01-PR";"UOP07-DEL01-PR"
225810;2019-07-31;"quarta-feira";"13:15:00";"PR";376;645;"TIJUCAS DO SUL";"Defeito Mecânico no Veículo";"Incêndio";"Com Vítimas Feridas";"Pleno dia";"Decrescente";"Céu Claro";"Dupla";"Reta";"Sim";2;0;1;0;0;2;1;3;-25,82214295;-49,12707913;"SPRF-PR";"DEL01-PR";"UOP04-DEL01-PR"
225812;2019-07-31;"quarta-feira";"14:30:00";"RS";116;354;"TAPES";"Falta de Atenção à Condução";"Engavetamento";"Com Vítimas Feridas";"Pleno dia";"Crescente";"Céu Claro";"Simples";"Reta";"Não";5;0;1;0;3;3;1;6;-30,57452819;-51,52475652;"SPRF-RS";"DEL02-RS";"UOP03-DEL02-RS"
225814;2019-03-17;"domingo";"16:45:00";"PR";376;668;"GUARATUBA";"Defeito Mecânico no Veículo";"Tombamento";"Com Vítimas Feridas";"Pleno dia";"Crescente";"Céu Claro";"Dupla";"Curva";"Não";4;0;1;1;1;2;2;4;-25,864159;-48,937538;"SPRF-PR";"DEL01-PR";"DEL7/1-UOP08/PR"
225826;2019-07-31;"quarta-feira";"18:30:00";"SP";381;90,2;"GUARULHOS";"Falta de Atenção à Condução";"Colisão lateral";"Com Vítimas Feridas";"Plena Noite";"Decrescente";"Céu Claro";"Dupla";"Reta";"Sim";3;0;1;0;1;1;1;3;-23,49479479;-46,55959864;"SPRF-SP";"DEL03-SP";"UOP01-DEL03-SP"
225829;2019-07-31;"quarta-feira";"18:00:00";"PR";476;158,9;"ARAUCARIA";"Falta de Atenção à Condução";"Colisão traseira";"Sem Vítimas";"Plena Noite";"Crescente";"Céu Claro";"Simples";"Reta";"Não";4;0;0;0;3;2;0;5;-25,617157;-49,43169;"SPRF-PR";"DEL01-PR";"UOP06-DEL01-PR"
225831;2019-07-31;"quarta-feira";"17:40:00";"RO";364;274;"CACOAL";"Falta de Atenção à Condução";"Colisão transversal";"Com Vítimas Fatais";"Anoitecer";"Crescente";"Céu Claro";"Simples";"Interseção de Vias";"Não";4;2;0;0;1;2;0;4;-11,38634;-61,74849;"SPRF-RO";"DEL02-RO";"UOP02-DEL02-RO"
225842;2019-07-31;"quarta-feira";"08:15:00";"MG";262;764;"UBERABA";"Defeito Mecânico no Veículo";"Saída de leito carroçável";"Com Vítimas Feridas";"Pleno dia";"Crescente";"Céu Claro";"Simples";"Reta";"Não";2;0;1;0;1;0;1;1;-19,66190618;-47,58380413;"SPRF-MG";"DEL13-MG";"UOP01-DEL13-MG"
225844;2019-07-31;"quarta-feira";"15:35:00";"SC";470;193,7;"POUSO REDONDO";"Velocidade Incompatível";"Tombamento";"Com Vítimas Feridas";"Pleno dia";"Crescente";"Céu Claro";"Simples";"Curva";"Não";3;0;1;0;1;1;1;3;-27,300575;-50,075451;"SPRF-SC";"DEL04-SC";"UOP02-DEL04-SC"
225850;2019-07-31;"quarta-feira";"16:30:00";"PE";232;43;"VITORIA DE SANTO ANTAO";"Defeito na Via";"Colisão com objeto em movimento";"Sem Vítimas";"Pleno dia";"Crescente";"Nublado";"Dupla";"Reta";"Não";4;0;0;0;4;0;0;2;-8,11729755;-35,26097515;"SPRF-PE";"DEL01-PE";"UOP02-DEL02PE"
225853;2019-07-31;"quarta-feira";"21:00:00";"SP";381;71,9;"SAO PAULO";"Falta de Atenção do Pedestre";"Atropelamento de Pedestre";"Com Vítimas Feridas";"Plena Noite";"Decrescente";"Céu Claro";"Múltipla";"Reta";"Não";2;0;0;1;0;1;1;2;-23,36035113;-46,55054292;"SPRF-SP";"DEL03-SP";"UOP01-DEL03-SP"
225855;2019-07-31;"quarta-feira";"21:00:00";"GO";50;105,2;"CRISTALINA";"Falta de Atenção à Condução";"Colisão transversal";"Com Vítimas Feridas";"Plena Noite";"Decrescente";"Céu Claro";"Dupla";"Retorno Regulamentado";"Não";4;0;2;0;1;1;2;3;-16,9309;-47,7117;"SPRF-DF";"DEL01-DF";"UOP02-DEL01-DF"
225859;2019-07-07;"domingo";"10:40:00";"PA";316;249;"CACHOEIRA DO PIRIA";"Falta de Atenção à Condução";"Saída de leito carroçável";"Com Vítimas Fatais";"Pleno dia";"Crescente";"Céu Claro";"Simples";"Reta";"Não";1;1;0;0;0;0;0;1;-1,77615298;-46,52331199;"SPRF-PA";"DEL01-PA";"UOP04-DEL01-PA"
225863;2019-07-31;"quarta-feira";"22:00:00";"PE";316;99,4;"OURICURI";"Desobediência às normas de trânsito pelo condutor";"Colisão com objeto estático";"Sem Vítimas";"Plena Noite";"Decrescente";"Nublado";"Simples";"Reta";"Não";4;0;0;0;3;2;0;5;-7,93450959;-39,95519983;"SPRF-PE";"DEL05-PE";"UOP02-DEL05-PE"
225867;2019-07-31;"quarta-feira";"21:10:00";"PI";316;30;"DEMERVAL LOBAO";"Falta de Atenção à Condução";"Colisão lateral";"Sem Vítimas";"Plena Noite";"Decrescente";"Céu Claro";"Simples";"Curva";"Não";2;0;0;0;2;0;0;2;-5,33309;-42,69755301;"SPRF-PI";"DEL01-PI";"UOP02-DEL01-PI"
225869;2019-07-31;"quarta-feira";"23:00:00";"ES";101;287,3;"CARIACICA";"Falta de Atenção à Condução";"Colisão traseira";"Com Vítimas Feridas";"Plena Noite";"Decrescente";"Céu Claro";"Dupla";"Reta";"Sim";1;0;1;0;0;0;1;1;-20,26493528;-40,38471702;"SPRF-ES";"DEL01-ES";"UOP01-DEL01-ES"
225871;2019-07-31;"quarta-feira";"23:25:00";"ES";262;151;"IBATIBA";"Velocidade Incompatível";"Tombamento";"Com Vítimas Fatais";"Plena Noite";"Crescente";"Céu Claro";"Simples";"Curva;Declive";"Não";1;1;0;0;0;0;0;1;-20,2148829;-41,44925529;"SPRF-ES";"DEL01-ES";"UOP02-DEL01-ES"
225872;2019-07-31;"quarta-feira";"15:50:00";"MG";262;553;"CORREGO DANTA";"Falta de Atenção à Condução";"Saída de leito carroçável";"Sem Vítimas";"Pleno dia";"Decrescente";"Céu Claro";"Simples";"Curva";"Não";1;0;0;0;1;0;0;1;-19,72057307;-45,89509131;"SPRF-MG";"DEL08-MG";"UOP02-DEL08-MG"
225873;2019-07-31;"quarta-feira";"18:40:00";"RO";421;50,5;"MONTE NEGRO";"Velocidade Incompatível";"Colisão traseira";"Com Vítimas Fatais";"Anoitecer";"Decrescente";"Céu Claro";"Simples";"Aclive";"Sim";4;1;0;1;1;1;1;3;-10,265562;-63,295811;"SPRF-RO";"DEL03-RO";"DEL21/3-UOP04/RO"
225874;2019-07-31;"quarta-feira";"21:50:00";"RS";153;587,6;"BAGE";"Animais na Pista";"Atropelamento de Animal";"Com Vítimas Feridas";"Plena Noite";"Decrescente";"Nublado";"Simples";"Reta";"Não";2;0;1;0;1;0;1;2;-31,10553962;-53,75505209;"SPRF-RS";"DEL11-RS";"UOP03-DEL11-RS"
225875;2019-08-01;"quinta-feira";"00:28:00";"SC";101;201,9;"SAO JOSE";"Desobediência às normas de trânsito pelo pedestre";"Atropelamento de Pedestre";"Com Vítimas Feridas";"Plena Noite";"Crescente";"Nublado";"Múltipla";"Reta";"Sim";3;0;0;2;0;1;2;3;-27,556074;-48,61927092;"SPRF-SC";"DEL01-SC";"UOP01-DEL01-SC"
225876;2019-07-31;"quarta-feira";"18:20:00";"PA";10;213,3;"IPIXUNA DO PARA";"Mal Súbito";"Tombamento";"Com Vítimas Fatais";"Anoitecer";"Crescente";"Céu Claro";"Simples";"Reta";"Não";2;1;0;0;0;1;0;2;-2,571006;-47,491902;"SPRF-PA";"DEL02-PA";"UOP01-DEL02-PA"
225882;2019-07-31;"quarta-feira";"23:40:00";"BA";101;941;"PRADO";"Falta de Atenção à Condução";"Saída de leito carroçável";"Com Vítimas Feridas";"Plena Noite";"Decrescente";"Céu Claro";"Simples";"Curva;Declive";"Não";1;0;0;1;0;0;1;1;-17,25279366;-39,62734222;"SPRF-BA";"DEL09-BA";"UOP02-DEL09-BA"
225886;2019-08-01;"quinta-feira";"04:30:00";"RJ";40;97,1;"DUQUE DE CAXIAS";"Velocidade Incompatível";"Tombamento";"Sem Vítimas";"Pleno dia";"Crescente";"Céu Claro";"Dupla";"Curva";"Não";2;0;0;0;1;1;0;2;-22,57356181;-43,27802893;"SPRF-RJ";"DEL06-RJ";"UOP01-DEL06-RJ"
225889;2019-08-01;"quinta-feira";"05:40:00";"AL";101;14;"NOVO LINO";"Velocidade Incompatível";"Tombamento";"Sem Vítimas";"Amanhecer";"Decrescente";"Chuva";"Dupla";"Curva";"Não";1;0;0;0;1;0;0;1;-8,98160808;-35,67369277;"SPRF-AL";"DEL01-AL";"UOP01-DEL01-AL"
225897;2019-08-01;"quinta-feira";"05:50:00";"SC";280;53,2;"GUARAMIRIM";"Desobediência às normas de trânsito pelo condutor";"Colisão transversal";"Com Vítimas Feridas";"Amanhecer";"Decrescente";"Nublado";"Simples";"Reta";"Sim";2;0;1;0;1;0;1;2;-26,47236756;-48,97426617;"SPRF-SC";"DEL03-SC";"UOP03-DEL03-SC"
225898;2019-07-31;"quarta-feira";"20:30:00";"RJ";116;214;"PARACAMBI";"Falta de Atenção à Condução";"Tombamento";"Com Vítimas Feridas";"Pleno dia";"Crescente";"Céu Claro";"Dupla";"Curva";"Sim";2;0;1;0;0;1;1;2;-22,6931486;-43,78279481;"SPRF-RJ";"DEL01-RJ";"UOP03-DEL01-RJ"
225909;2019-08-01;"quinta-feira";"09:11:00";"RN";226;111,7;"SANTA CRUZ";"Desobediência às normas de trânsito pelo condutor";"Colisão frontal";"Com Vítimas Feridas";"Pleno dia";"Decrescente";"Céu Claro";"Simples";"Interseção de Vias";"Sim";2;0;0;1;1;0;1;2;-6,22288912;-36,0204792;"SPRF-RN";"DEL03-RN";"UOP02-DEL03-RN"
225910;2019-08-01;"quinta-feira";"08:50:00";"MG";267;146,8;"LIMA DUARTE";"Falta de Atenção à Condução";"Colisão frontal";"Com Vítimas Feridas";"Pleno dia";"Crescente";"Céu Claro";"Simples";"Curva";"Não";7;0;2;0;3;2;2;5;-21,81204905;-43,722804;"SPRF-MG";"DEL05-MG";"UOP01-DEL05-MG"
225915;2019-07-04;"quinta-feira";"06:50:00";"GO";153;107;"SANTA TEREZA DE GOIAS";"Ultrapassagem Indevida";"Colisão lateral";"Com Vítimas Feridas";"Pleno dia";"Crescente";"Céu Claro";"Simples";"Reta";"Sim";4;0;1;0;2;1;1;3;-13,710165;-49,020992;"SPRF-GO";"DEL07-GO";"UOP01-DEL07-GO"
225916;2019-08-01;"quinta-feira";"08:00:00";"MS";262;76,9;"TRES LAGOAS";"Desobediência às normas de trânsito pelo condutor";"Colisão frontal";"Com Vítimas Feridas";"Pleno dia";"Crescente";"Céu Claro";"Simples";"Reta";"Não";4;0;1;0;1;3;1;4;-20,65634581;-52,2866819;"SPRF-MS";"DEL07-MS";"UOP02-DEL07-MS"
225919;2019-08-01;"quinta-feira";"09:00:00";"PA";222;224;"MARABA";"Carga excessiva e/ou mal acondicionada";"Atropelamento de Pedestre";"Com Vítimas Fatais";"Pleno dia";"Crescente";"Céu Claro";"Simples";"Curva";"Não";5;1;0;0;2;2;0;3;-5,20496;-49,025558;"SPRF-PA";"DEL03-PA";"UOP01-DEL03-PA"
225921;2019-08-01;"quinta-feira";"08:45:00";"SC";153;60;"IRANI";"Desobediência às normas de trânsito pelo condutor";"Colisão transversal";"Com Vítimas Feridas";"Pleno dia";"Crescente";"Céu Claro";"Simples";"Reta";"Não";5;0;3;0;1;1;3;3;-26,97267;-51,858185;"SPRF-SC";"DEL07-SC";"UOP04-DEL07-SC"
225922;2019-08-01;"quinta-feira";"11:10:00";"SC";101;208,8;"SAO JOSE";"Desobediência às normas de trânsito pelo condutor";"Colisão lateral";"Com Vítimas Feridas";"Pleno dia";"Crescente";"Céu Claro";"Múltipla";"Declive";"Sim";3;0;1;0;1;1;1;3;-27,60327979;-48,63201818;"SPRF-SC";"DEL01-SC";"UOP01-DEL01-SC"
225930;2019-08-01;"quinta-feira";"12:00:00";"SC";101;289,4;"IMBITUBA";"Falta de Atenção à Condução";"Colisão lateral";"Sem Vítimas";"Pleno dia";"Decrescente";"Céu Claro";"Dupla";"Declive";"Sim";3;0;0;0;2;2;0;4;-28,25395282;-48,70289554;"SPRF-SC";"DEL02-SC";"UOP03-DEL02-SC"
225932;2019-08-01;"quinta-feira";"11:40:00";"RS";470;211;"BENTO GONCALVES";"Velocidade Incompatível";"Tombamento";"Com Vítimas Feridas";"Pleno dia";"Crescente";"Céu Claro";"Simples";"Curva";"Não";5;0;3;0;1;1;3;2;-29,13272222;-51,54526776;"SPRF-RS";"DEL06-RS";"UOP01-DEL06-RS"
225933;2019-08-01;"quinta-feira";"12:00:00";"MG";365;711;"MONTE ALEGRE DE MINAS";"Agressão Externa";"Incêndio";"Sem Vítimas";"Pleno dia";"Crescente";"Céu Claro";"Dupla";"Reta";"Não";2;0;0;0;1;1;0;2;-18,87941008;-49,102015;"SPRF-MG";"DEL15-MG";"UOP03-DEL15-MG"
225935;2019-08-01;"quinta-feira";"09:00:00";"ES";262;170,9;"IBATIBA";"Velocidade Incompatível";"Tombamento";"Com Vítimas Feridas";"Pleno dia";"Crescente";"Céu Claro";"Simples";"Curva";"Não";2;0;0;1;0;1;1;2;-20,2647513;-41,58453796;"SPRF-ES";"DEL01-ES";"UOP02-DEL01-ES"
225942;2019-06-24;"segunda-feira";"19:20:00";"PE";232;192,3;"SANHARO";"Ingestão de Álcool";"Colisão transversal";"Com Vítimas Feridas";"Plena Noite";"Decrescente";"Chuva";"Simples";"Reta";"Sim";5;0;1;1;3;0;2;2;-8,35793154;-36,53676104;"SPRF-PE";"DEL02-PE";"UOP03-DEL02-PE"
225944;2019-08-01;"quinta-feira";"12:50:00";"RN";304;180,1;"ANGICOS";"Ultrapassagem Indevida";"Tombamento";"Com Vítimas Feridas";"Pleno dia";"Decrescente";"Nublado";"Simples";"Reta";"Não";2;0;1;0;0;1;1;2;-5,69083538;-36,33816002;"SPRF-RN";"DEL01-RN";"UOP03-DEL01-RN"
225947;2019-08-01;"quinta-feira";"13:20:00";"RS";386;77,9;"BOA VISTA DAS MISSOES";"Falta de Atenção à Condução";"Colisão frontal";"Com Vítimas Feridas";"Pleno dia";"Crescente";"Céu Claro";"Simples";"Reta";"Não";3;0;1;1;1;0;2;2;-27,711029;-53,273159;"SPRF-RS";"DEL08-RS";"UOP02-DEL08-RS"
225950;2019-06-05;"quarta-feira";"20:25:00";"PR";116;48;"CAMPINA GRANDE DO SUL";"Desobediência às normas de trânsito pelo condutor";"Colisão transversal";"Com Vítimas Feridas";"Plena Noite";"Crescente";"Garoa/Chuvisco";"Dupla";"Retorno Regulamentado";"Não";8;0;0;4;3;2;4;8;-25,21708693;-48,90395114;"SPRF-PR";"DEL01-PR";"UOP02-DEL01-PR"
225951;2019-08-01;"quinta-feira";"14:10:00";"BA";116;546;"MILAGRES";"Desobediência às normas de trânsito pelo pedestre";"Atropelamento de Pedestre";"Com Vítimas Fatais";"Pleno dia";"Crescente";"Céu Claro";"Simples";"Reta";"Sim";2;1;0;0;0;1;0;2;-12,856104;-39,847964;"SPRF-BA";"DEL03-BA";"UOP02-DEL03-BA"
225952;2019-08-01;"quinta-feira";"13:30:00";"MG";40;476;"SETE LAGOAS";"Velocidade Incompatível";"Capotamento";"Com Vítimas Feridas";"Pleno dia";"Crescente";"Sol";"Dupla";"Reta";"Não";2;0;1;0;1;0;1;2;-19,51363098;-44,27021397;"SPRF-MG";"DEL02-MG";"UOP01-DEL02-MG"
225960;2019-08-01;"quinta-feira";"15:30:00";"MT";174;535;"COMODORO";"Falta de Atenção à Condução";"Saída de leito carroçável";"Sem Vítimas";"Pleno dia";"Decrescente";"Céu Claro";"Simples";"Reta";"Não";5;0;0;0;3;3;0;6;-13,25464973;-59,86559093;"SPRF-MT";"DEL04-MT";"UOP01-DEL04-MT"
225969;2019-08-01;"quinta-feira";"14:00:00";"PR";476;112;"COLOMBO";"Falta de Atenção à Condução";"Colisão lateral";"Com Vítimas Feridas";"Pleno dia";"Decrescente";"Céu Claro";"Simples";"Reta";"Sim";2;0;1;0;1;0;1;2;-25,318485;-49,159;"SPRF-PR";"DEL01-PR";"UOP07-DEL01-PR"
225970;2019-08-01;"quinta-feira";"15:25:00";"GO";40;71;"CRISTALINA";"Falta de Atenção à Condução";"Tombamento";"Sem Vítimas";"Pleno dia";"Crescente";"Céu Claro";"Dupla";"Reta";"Não";2;0;0;0;1;1;0;2;-16,610105;-47,763344;"SPRF-DF";"DEL01-DF";"UOP02-DEL01-DF"
225975;2019-08-01;"quinta-feira";"16:30:00";"PR";376;679;"GUARATUBA";"Objeto estático sobre o leito carroçável";"Colisão traseira";"Com Vítimas Feridas";"Pleno dia";"Crescente";"Céu Claro";"Dupla";"Curva";"Não";5;0;1;0;2;2;1;4;-25,95050276;-48,90514477;"SPRF-PR";"DEL01-PR";"UOP04-DEL01-PR"
225978;2019-08-01;"quinta-feira";"16:00:00";"MT";163;838;"SINOP";"Defeito Mecânico no Veículo";"Incêndio";"Sem Vítimas";"Pleno dia";"Crescente";"Céu Claro";"Simples";"Retorno Regulamentado";"Sim";2;0;0;0;1;2;0;3;-11,960007;-55,516914;"SPRF-MT";"DEL06-MT";"UOP02-DEL06-MT"
225982;2019-08-01;"quinta-feira";"17:30:00";"PR";376;10,9;"MARINGA";"Velocidade Incompatível";"Colisão traseira";"Com Vítimas Feridas";"Pleno dia";"Decrescente";"Céu Claro";"Dupla";"Reta";"Não";5;0;1;2;1;1;3;3;-23,38508912;-51,90261407;"SPRF-PR";"DEL07-PR";"UOP01-DEL09-PR"
225996;2019-08-01;"quinta-feira";"16:40:00";"PR";376;2,1;"MARINGA";"Defeito Mecânico no Veículo";"Danos eventuais";"Com Vítimas Feridas";"Pleno dia";"Decrescente";"Céu Claro";"Dupla";"Reta";"Sim";3;0;0;1;1;2;1;4;-23,4273;-51,9375;"SPRF-PR";"DEL07-PR";"UOP01-DEL09-PR"
225997;2019-08-01;"quinta-feira";"18:20:00";"PE";116;19,9;"SALGUEIRO";"Falta de Atenção do Pedestre";"Atropelamento de Pedestre";"Com Vítimas Fatais";"Plena Noite";"Decrescente";"Céu Claro";"Simples";"Reta";"Não";2;1;0;0;1;0;0;2;-8,008562;-39,142254;"SPRF-PE";"DEL05-PE";"UOP01-DEL05-PE"
226000;2019-08-01;"quinta-feira";"07:30:00";"MG";262;755;"SACRAMENTO";"Falta de Atenção à Condução";"Saída de leito carroçável";"Com Vítimas Feridas";"Pleno dia";"Crescente";"Céu Claro";"Simples";"Curva";"Não";2;0;1;0;0;1;1;2;-19,65377333;-47,5548499;"SPRF-MG";"DEL13-MG";"UOP01-DEL13-MG"
226002;2019-02-02;"sábado";"09:30:00";"BA";101;137;"TEODORO SAMPAIO";"Ultrapassagem Indevida";"Colisão lateral";"Com Vítimas Feridas";"Pleno dia";"Crescente";"Nublado";"Simples";"Reta";"Não";3;0;1;0;1;2;1;4;-12,2207;-38,6196;"SPRF-BA";"DEL01-BA";"UOP04-DEL01-BA"
226005;2019-08-01;"quinta-feira";"18:50:00";"RS";386;145,4;"SARANDI";"Ingestão de Álcool";"Colisão frontal";"Com Vítimas Feridas";"Plena Noite";"Crescente";"Nublado";"Simples";"Reta";"Não";3;0;1;0;2;0;1;3;-28,039812;-52,873158;"SPRF-RS";"DEL08-RS";"UOP01-DEL08-RS"