"id";"data_inversa";"dia_semana";"horario";"uf";"br";"km";"municipio";"causa_acidente";"tipo_acidente";"classificacao_acidente";"fase_dia";"sentido_via";"condicao_metereologica";"tipo_pista";"tracado_via";"uso_solo";"pessoas";"mortos";"feridos_leves";"feridos_graves";"ilesos";"ignorados";"feridos";"veiculos";"latitude";"longitude";"regional";"delegacia";"uop"
226318;2019-08-03;"sábado";"00:45:00";"MG";40;673;"CARANDAI";"Falta de Atenção à Condução";"Saída de leito carroçável";"Com Vítimas Feridas";"Plena Noite";"Crescente";"Céu Claro";"Simples";"Reta";"Não";2;0;1;0;0;1;1;2;-20,981935;-43,781046;"SPRF-MG";"DEL05-MG";"UOP02-DEL05-MG"
226320;2019-08-03;"sábado";"07:00:00";"PE";101;41,5;"IGARASSU";"Desobediência às normas de trânsito pelo condutor";"Colisão traseira";"Sem Vítimas";"Pleno dia";"Decrescente";"Céu Claro";"Múltipla";"Curva";"Sim";3;0;0;0;1;2;0;3;-7,83038346;-34,91426785;"SPRF-PE";"DEL01-PE";"UOP02-DEL01-PE"
226323;2019-08-03;"sábado";"06:40:00";"GO";40;20,2;"LUZIANIA";"Ingestão de Álcool";"Colisão frontal";"Com Vítimas Feridas";"Amanhecer";"Decrescente";"Céu Claro";"Dupla";"Reta";"Sim";3;0;2;0;1;0;2;2;-16,21849;-47,915478;"SPRF-DF";"DEL01-DF";"UOP01-DEL01-DF"
226329;2019-08-03;"sábado";"05:10:00";"SC";282;83;"ALFREDO WAGNER";"Ingestão de Álcool";"Saída de leito carroçável";"Sem Vítimas";"Plena Noite";"Decrescente";"Nublado";"Simples";"Curva";"Não";1;0;0;0;1;0;0;1;-27,666153;-49,175022;"SPRF-SC";"DEL01-SC";"UOP03-DEL01-SC"
226330;2019-08-03;"sábado";"08:30:00";"RS";285;453,5;"IJUI";"Desobediência às normas de trânsito pelo condutor";"Colisão transversal";"Com Vítimas Feridas";"Pleno dia";"Crescente";"Sol";"Simples";"Reta";"Sim";5;0;0;3;1;2;3;4;-28,374586;-53,860813;"SPRF-RS";"DEL10-RS";"UOP01-DEL10-RS"
226337;2019-08-03;"sábado";"09:20:00";"RJ";116;143,5;"DUQUE DE CAXIAS";"Falta de Atenção à Condução";"Colisão com objeto estático";"Sem Vítimas";"Pleno dia";"Decrescente";"Chuva";"Múltipla";"Curva;Interseção de Vias;Aclive";"Sim";1;0;0;0;1;0;0;1;-22,65237271;-43,23918118;"SPRF-RJ";"DEL04-RJ";"UOP02-DEL04-RJ"
226346;2019-08-03;"sábado";"08:30:00";"MT";163;644;"LUCAS DO RIO VERDE";"Falta de Atenção à Condução";"Colisão lateral";"Com Vítimas Fatais";"Pleno dia";"Decrescente";"Céu Claro";"Simples";"Reta";"Não";6;2;1;0;2;8;1;12;-13,42858;-56,08091;"SPRF-MT";"DEL06-MT";"UOP01-DEL06-MT"
226348;2019-08-03;"sábado";"07:40:00";"SC";282;523,8;"XAXIM";"Não guardar distância de segurança";"Colisão traseira";"Com Vítimas Feridas";"Pleno dia";"Decrescente";"Céu Claro";"Simples";"Reta";"Não";2;0;1;0;1;0;1;2;-26,963129;-52,548851;"SPRF-SC";"DEL07-SC";"UOP01-DEL07-SC"
226367;2019-08-03;"sábado";"08:05:00";"BA";116;921;"ENCRUZILHADA";"Velocidade Incompatível";"Saída de leito carroçável";"Sem Vítimas";"Pleno dia";"Decrescente";"Sol";"Simples";"Reta";"Não";2;0;0;0;1;1;0;2;-15,59956016;-41,28078461;"SPRF-BA";"DEL08-BA";"UOP03-DEL08-BA"
226373;2019-08-03;"sábado";"12:15:00";"PE";428;127,5;"PETROLINA";"Ingestão de Álcool";"Colisão traseira";"Sem Vítimas";"Pleno dia";"Crescente";"Céu Claro";"Simples";"Reta";"Sim";3;0;0;0;2;1;0;3;-9,392517;-40,515414;"SPRF-PE";"DEL06-PE";"UOP03-DEL06-PE"
226377;2019-08-03;"sábado";"11:00:00";"MG";116;757,3;"LEOPOLDINA";"Falta de Atenção à Condução";"Saída de leito carroçável";"Com Vítimas Feridas";"Pleno dia";"Decrescente";"Nublado";"Simples";"Reta";"Não";3;0;0;1;1;1;1;3;-21,49867034;-42,59199078;"SPRF-MG";"DEL07-MG";"UOP01-DEL07-MG"
226378;2019-08-03;"sábado";"12:30:00";"PR";277;714;"SANTA TEREZINHA DE ITAIPU";"Falta de Atenção à Condução";"Colisão lateral";"Com Vítimas Feridas";"Pleno dia";"Decrescente";"Sol";"Dupla";"Desvio Temporário";"Não";4;0;1;0;2;1;1;3;-25,4650714;-54,44902954;"SPRF-PR";"DEL05-PR";"UOP01-DEL05-PR"
226383;2019-07-07;"domingo";"07:00:00";"RO";364;421,1;"JARU";"Não guardar distância de segurança";"Queda de ocupante de veículo";"Com Vítimas Feridas";"Amanhecer";"Decrescente";"Céu Claro";"Simples";"Reta";"Sim";2;0;0;1;0;1;1;2;-10,447036;-62,46425282;"SPRF-RO";"DEL03-RO";"UOP02-DEL03-RO"
226384;2019-08-03;"sábado";"14:05:00";"PR";376;489,5;"PONTA GROSSA";"Falta de Atenção à Condução";"Colisão lateral";"Sem Vítimas";"Pleno dia";"Decrescente";"Céu Claro";"Dupla";"Reta";"Sim";3;0;0;0;2;2;0;4;-25,14172584;-50,1586859;"SPRF-PR";"DEL03-PR";"UOP04-DEL03-PR"
226386;2019-08-03;"sábado";"14:15:00";"PR";476;347,8;"PAULA FREITAS";"Desobediência às normas de trânsito pelo condutor";"Colisão lateral";"Com Vítimas Feridas";"Pleno dia";"Crescente";"Céu Claro";"Simples";"Aclive";"Não";4;0;1;0;2;3;1;6;-26,18039683;-50,93502045;"SPRF-PR";"DEL02-PR";"UOP03-DEL02-PR"
226395;2019-08-03;"sábado";"14:40:00";"RS";392;81;"PELOTAS";"Falta de Atenção à Condução";"Engavetamento";"Com Vítimas Feridas";"Pleno dia";"Crescente";"Céu Claro";"Simples";"Reta";"Não";5;0;1;0;3;1;1;4;-31,66857878;-52,46031269;"SPRF-RS";"DEL07-RS";"UOP01-DEL07-RS"
226396;2019-08-03;"sábado";"15:00:00";"DF";20;7,4;"BRASILIA";"Velocidade Incompatível";"Colisão traseira";"Com Vítimas Feridas";"Pleno dia";"Decrescente";"Sol";"Dupla";"Reta";"Sim";5;0;3;0;1;1;3;3;-15,662208;-47,799866;"SPRF-DF";"DEL02-DF";"UOP01-DEL02-DF"
226402;2019-08-03;"sábado";"15:45:00";"RS";285;300,2;"PASSO FUNDO";"Desobediência às normas de trânsito pelo condutor";"Colisão transversal";"Com Vítimas Feridas";"Pleno dia";"Decrescente";"Céu Claro";"Simples";"Viaduto";"Sim";3;0;1;0;1;1;1;3;-28,22614526;-52,47662544;"SPRF-RS";"DEL08-RS";"UOP03-DEL08-RS"
226406;2019-08-03;"sábado";"15:45:00";"BA";101;735,3;"ITABELA";"Velocidade Incompatível";"Tombamento";"Com Vítimas Feridas";"Pleno dia";"Decrescente";"Céu Claro";"Simples";"Curva";"Não";3;0;1;1;0;1;2;2;-16,64351092;-39,51241493;"SPRF-BA";"DEL09-BA";"UOP01-DEL09-BA"
226408;2019-08-03;"sábado";"14:30:00";"MG";381;289;"ANTONIO DIAS";"Mal Súbito";"Colisão frontal";"Com Vítimas Feridas";"Pleno dia";"Crescente";"Céu Claro";"Simples";"Reta";"Não";3;0;0;1;1;1;1;3;-19,61720302;-42,79003143;"SPRF-MG";"DEL03-MG";"UOP02-DEL03-MG"
226410;2019-08-03;"sábado";"13:30:00";"RO";364;22;"VILHENA";"Mal Súbito";"Colisão lateral";"Com Vítimas Feridas";"Pleno dia";"Decrescente";"Céu Claro";"Simples";"Reta";"Não";7;0;1;0;5;3;1;6;-12,72526539;-60,21119301;"SPRF-RO";"DEL04-RO";"UOP01-DEL04-RO"
226411;2019-08-03;"sábado";"15:30:00";"SC";101;94,5;"BARRA VELHA";"Não guardar distância de segurança";"Colisão lateral";"Com Vítimas Feridas";"Pleno dia";"Crescente";"Céu Claro";"Dupla";"Reta;Aclive";"Não";4;0;1;0;2;1;1;4;-26,69940401;-48,69902784;"SPRF-SC";"DEL03-SC";"UOP02-DEL03-SC"
226429;2019-08-03;"sábado";"17:30:00";"RS";116;223;"DOIS IRMAOS";"Falta de Atenção à Condução";"Colisão frontal";"Sem Vítimas";"Pleno dia";"Decrescente";"Céu Claro";"Simples";"Curva";"Sim";2;0;0;0;2;0;0;2;-29,58827044;-51,09917696;"SPRF-RS";"DEL01-RS";"UOP02-DEL01-RS"
226430;2019-08-03;"sábado";"16:40:00";"MS";463;1,7;"DOURADOS";"Ingestão de Álcool";"Colisão lateral";"Com Vítimas Feridas";"Pleno dia";"Crescente";"Sol";"Simples";"Reta";"Sim";3;0;1;0;1;2;1;4;-22,259064;-54,8137;"SPRF-MS";"DEL04-MS";"UOP01-DEL04-MS"
226435;2019-06-15;"sábado";"22:00:00";"GO";452;158;"ITUMBIARA";"Falta de Atenção à Condução";"Colisão transversal";"Com Vítimas Feridas";"Plena Noite";"Decrescente";"Céu Claro";"Simples";"Reta";"Não";6;0;4;0;1;2;4;4;-18,30271335;-49,52157715;"SPRF-GO";"DEL03-GO";"UOP02-DEL03-GO"
226437;2019-08-03;"sábado";"18:00:00";"CE";116;470,9;"MILAGRES";"Ingestão de Álcool";"Colisão frontal";"Com Vítimas Feridas";"Plena Noite";"Crescente";"Céu Claro";"Simples";"Reta";"Sim";3;0;2;0;0;1;2;3;-7,277164;-38,855411;"SPRF-CE";"DEL05-CE";"UOP03-DEL05-CE"
226443;2019-08-03;"sábado";"17:20:00";"MT";364;459;"VARZEA GRANDE";"Desobediência às normas de trânsito pelo condutor";"Colisão frontal";"Com Vítimas Feridas";"Anoitecer";"Crescente";"Céu Claro";"Simples";"Curva";"Não";5;0;3;0;1;2;3;4;-15,47688789;-56,29533336;"SPRF-MT";"DEL01-MT";"DEL2/4-UOP02/MT"
226445;2019-08-03;"sábado";"18:00:00";"BA";116;391;"SANTA BARBARA";"Ingestão de Álcool";"Colisão frontal";"Sem Vítimas";"Anoitecer";"Crescente";"Céu Claro";"Simples";"Reta";"Não";3;0;0;0;2;1;0;3;-11,94784298;-38,9775739;"SPRF-BA";"DEL02-BA";"UOP01-DEL02-BA"
226462;2019-08-03;"sábado";"19:15:00";"SP";116;545;"BARRA DO TURVO";"Falta de Atenção à Condução";"Tombamento";"Com Vítimas Feridas";"Plena Noite";"Decrescente";"Céu Claro";"Simples";"Curva;Declive";"Não";2;0;1;0;0;1;1;2;-24,95016699;-48,42400302;"SPRF-SP";"DEL05-SP";"UOP02-DEL05-SP"
226469;2019-08-03;"sábado";"20:25:00";"BA";116;871;"VITORIA DA CONQUISTA";"Desobediência às normas de trânsito pelo condutor";"Colisão lateral";"Com Vítimas Feridas";"Plena Noite";"Decrescente";"Céu Claro";"Simples";"Reta";"Não";2;0;0;1;0;1;1;2;-15,19526012;-41,07931316;"SPRF-BA";"DEL08-BA";"UOP03-DEL08-BA"
226479;2019-08-03;"sábado";"18:00:00";"BA";101;508;"ITABUNA";"Desobediência às normas de trânsito pelo condutor";"Saída de leito carroçável";"Com Vítimas Feridas";"Anoitecer";"Decrescente";"Nublado";"Simples";"Reta";"Sim";4;0;2;0;1;1;2;2;-14,97000197;-39,31996203;"SPRF-BA";"DEL05-BA";"UOP01-DEL05-BA"
226480;2019-08-03;"sábado";"16:15:00";"MG";262;150,3;"SAO DOMINGOS DO PRATA";"Desobediência às normas de trânsito pelo condutor";"Tombamento";"Sem Vítimas";"Pleno dia";"Crescente";"Céu Claro";"Simples";"Reta";"Não";2;0;0;0;1;1;0;2;-20,00601886;-42,76744294;"SPRF-MG";"DEL03-MG";"UOP03-DEL03-MG"
226494;2019-08-03;"sábado";"16:30:00";"MT";70;381;"CAMPO VERDE";"Desobediência às normas de trânsito pelo condutor";"Colisão lateral";"Com Vítimas Feridas";"Pleno dia";"Crescente";"Céu Claro";"Simples";"Interseção de Vias";"Não";2;0;1;0;1;0;1;2;-15,52081988;-55,12450612;"SPRF-MT";"DEL05-MT";"UOP01-DEL05-MT"
226505;2019-08-03;"sábado";"21:45:00";"MG";262;796,8;"UBERABA";"Ingestão de Álcool";"Colisão traseira";"Com Vítimas Feridas";"Plena Noite";"Crescente";"Céu Claro";"Simples";"Reta";"Não";4;0;0;2;1;1;2;3;-19,7709394;-47,90833294;"SPRF-MG";"DEL13-MG";"UOP01-DEL13-MG"
226507;2019-08-03;"sábado";"18:00:00";"AM";174;1032;"PRESIDENTE FIGUEIREDO";"Objeto estático sobre o leito carroçável";"Colisão com objeto estático";"Com Vítimas Feridas";"Plena Noite";"Crescente";"Céu Claro";"Simples";"Reta";"Não";1;0;1;0;0;0;1;1;-1,72826898;-60,1538012;"SPRF-AM";"DEL01-AM";"UOP02-DEL01-AM"
226508;2019-08-03;"sábado";"12:00:00";"MG";381;908;"CAMBUI";"Pista Escorregadia";"Tombamento";"Sem Vítimas";"Pleno dia";"Decrescente";"Chuva";"Dupla";"Curva";"Não";2;0;0;0;1;1;0;2;-22,68066818;-46,10107899;"SPRF-MG";"DEL16-MG";"UOP03-DEL16-MG"
226509;2019-08-03;"sábado";"19:45:00";"MG";381;910;"CAMBUI";"Falta de Atenção à Condução";"Colisão traseira";"Com Vítimas Feridas";"Plena Noite";"Decrescente";"Nublado";"Dupla";"Reta";"Não";3;0;0;1;0;2;1;3;-22,69385322;-46,11116409;"SPRF-MG";"DEL16-MG";"UOP03-DEL16-MG"
226514;2019-08-03;"sábado";"22:30:00";"PE";232;355;"FLORES";"Velocidade Incompatível";"Saída de leito carroçável";"Com Vítimas Feridas";"Plena Noite";"Crescente";"Céu Claro";"Simples";"Curva";"Não";2;0;1;0;0;1;1;2;-8,06175015;-37,80911657;"SPRF-PE";"DEL04-PE";"UOP01-DEL04-PE"
226525;2019-08-03;"sábado";"18:00:00";"MT";364;562;"DIAMANTINO";"Falta de Atenção à Condução";"Colisão frontal";"Com Vítimas Fatais";"Anoitecer";"Crescente";"Céu Claro";"Simples";"Reta";"Não";4;1;0;1;1;1;1;3;-14,21917171;-56,57660052;"SPRF-MT";"DEL01-MT";"UOP01-DEL01-MT"
226534;2019-08-04;"domingo";"01:35:00";"ES";262;184,3;"IUNA";"Desobediência às normas de trânsito pelo condutor";"Colisão lateral";"Com Vítimas Feridas";"Plena Noite";"Crescente";"Nublado";"Simples";"Curva";"Não";3;0;0;1;1;1;1;3;-20,29551627;-41,70587605;"SPRF-ES";"DEL01-ES";"UOP02-DEL01-ES"
226539;2019-08-04;"domingo";"03:00:00";"RJ";465;5;"SEROPEDICA";"Defeito Mecânico no Veículo";"Colisão traseira";"Com Vítimas Fatais";"Plena Noite";"Crescente";"Chuva";"Dupla";"Reta";"Sim";7;1;2;0;1;3;2;3;-22,747673;-43,699196;"SPRF-RJ";"DEL01-RJ";"UOP01-DEL01-MS"
226542;2019-08-04;"domingo";"04:00:00";"PI";316;300;"PICOS";"Desobediência às normas de trânsito pelo condutor";"Colisão traseira";"Com Vítimas Feridas";"Plena Noite";"Crescente";"Céu Claro";"Simples";"Reta";"Não";3;0;1;0;1;1;1;3;-7,04184237;-41,54636128;"SPRF-PI";"DEL04-PI";"UOP01-DEL04-PI"
226544;2019-08-04;"domingo";"04:00:00";"MG";40;491,2;"SETE LAGOAS";"Ingestão de Álcool";"Colisão lateral";"Com Vítimas Feridas";"Plena Noite";"Decrescente";"Céu Claro";"Dupla";"Reta";"Não";3;0;0;1;1;1;1;3;-19,62850298;-44,20532179;"SPRF-MG";"DEL02-MG";"UOP01-DEL02-MG"
226555;2019-07-02;"terça-feira";"07:00:00";"BA";116;586;"NOVA ITARANA";"Falta de Atenção à Condução";"Saída de leito carroçável";"Sem Vítimas";"Pleno dia";"Crescente";"Céu Claro";"Simples";"Reta";"Não";1;0;0;0;1;0;0;1;-13,10964805;-39,99424704;"SPRF-BA";"DEL03-BA";"UOP02-DEL03-BA"
226564;2019-08-03;"sábado";"15:00:00";"MG";116;560,1;"MANHUACU";"Carga excessiva e/ou mal acondicionada";"Tombamento";"Com Vítimas Feridas";"Pleno dia";"Decrescente";"Céu Claro";"Simples";"Reta";"Não";1;0;1;0;0;0;1;1;-20,03218591;-42,17438624;"SPRF-MG";"DEL06-MG";"UOP03-DEL06-MG"
226567;2019-08-04;"domingo";"07:38:00";"MG";365;498,8;"PATROCINIO";"Ultrapassagem Indevida";"Colisão frontal";"Com Vítimas Fatais";"Pleno dia";"Crescente";"Nevoeiro/Neblina";"Simples";"Reta";"Não";15;2;8;1;1;4;9;5;-18,94027306;-47,21904491;"SPRF-MG";"DEL10-MG";"UOP01-DEL10-MG"
226571;2019-08-04;"domingo";"07:50:00";"BA";324;611;"SIMOES FILHO";"Falta de Atenção à Condução";"Colisão traseira";"Com Vítimas Feridas";"Pleno dia";"Crescente";"Céu Claro";"Dupla";"Reta";"Sim";3;0;2;0;0;1;2;2;-12,83798396;-38,41427011;"SPRF-BA";"DEL01-BA";"UOP01-DEL01-BA"
226592;2019-08-04;"domingo";"09:17:00";"PE";232;377;"FLORES";"Falta de Atenção à Condução";"Colisão transversal";"Com Vítimas Feridas";"Pleno dia";"Decrescente";"Sol";"Simples";"Reta";"Sim";3;0;1;0;1;2;1;4;-8,03386107;-38,02501395;"SPRF-PE";"DEL04-PE";"UOP01-DEL04-PE"
226599;2019-08-04;"domingo";"10:40:00";"MG";381;908;"CAMBUI";"Falta de Atenção à Condução";"Saída de leito carroçável";"Com Vítimas Feridas";"Pleno dia";"Decrescente";"Chuva";"Dupla";"Curva";"Não";2;0;1;0;0;1;1;2;-22,71744092;-46,12652111;"SPRF-MG";"DEL16-MG";"UOP03-DEL16-MG"
226603;2019-08-04;"domingo";"11:55:00";"RS";285;455,4;"IJUI";"Falta de Atenção à Condução";"Colisão transversal";"Com Vítimas Feridas";"Pleno dia";"Crescente";"Céu Claro";"Simples";"Reta";"Sim";5;0;3;0;1;1;3;3;-28,3847178;-53,88759613;"SPRF-RS";"DEL10-RS";"UOP01-DEL10-RS"
226609;2019-08-04;"domingo";"11:20:00";"MG";251;250,8;"CURRAL DE DENTRO";"Falta de Atenção à Condução";"Saída de leito carroçável";"Com Vítimas Feridas";"Pleno dia";"Crescente";"Céu Claro";"Simples";"Reta";"Não";2;0;1;0;0;1;1;2;-15,98708903;-41,86277099;"SPRF-MG";"DEL11-MG";"UOP02-DEL11-MG"
226612;2019-08-04;"domingo";"12:45:00";"SP";381;90;"GUARULHOS";"Velocidade Incompatível";"Tombamento";"Com Vítimas Feridas";"Pleno dia";"Decrescente";"Nublado";"Dupla";"Declive;Viaduto;Curva";"Sim";2;0;1;0;0;1;1;2;-23,49479479;-46,55959864;"SPRF-SP";"DEL03-SP";"UOP01-DEL03-SP"
226614;2019-08-04;"domingo";"13:30:00";"BA";101;751,1;"ITABELA";"Velocidade Incompatível";"Tombamento";"Com Vítimas Feridas";"Pleno dia";"Decrescente";"Nublado";"Simples";"Curva";"Não";2;0;0;1;0;1;1;2;-16,76698299;-39,47088666;"SPRF-BA";"DEL09-BA";"UOP01-DEL09-BA"
226615;2019-07-07;"domingo";"22:20:00";"MA";222;667;"ACAILANDIA";"Falta de Atenção à Condução";"Colisão lateral";"Com Vítimas Feridas";"Plena Noite";"Decrescente";"Garoa/Chuvisco";"Simples";"Reta";"Não";3;0;0;2;0;1;2;2;-4,90264174;-47,39968016;"SPRF-MA";"DEL04-MA";"UOP03-DEL04-MA"
226616;2019-08-04;"domingo";"08:25:00";"MG";116;222;"CATUJI";"Velocidade Incompatível";"Tombamento";"Com Vítimas Feridas";"Pleno dia";"Decrescente";"Nublado";"Simples";"Curva";"Não";2;0;1;0;0;1;1;2;-17,42343294;-41,51418802;"SPRF-MG";"DEL11-MG";"UOP01-DEL11-MG"
226623;2019-08-04;"domingo";"14:15:00";"CE";20;375,7;"CAUCAIA";"Falta de Atenção à Condução";"Colisão com objeto estático";"Com Vítimas Fatais";"Pleno dia";"Decrescente";"Céu Claro";"Simples";"Reta";"Não";6;1;2;0;2;1;2;2;-3,95377194;-38,87603208;"SPRF-CE";"DEL01-CE";"UOP01-DEL01-CE"
226625;2019-07-05;"sexta-feira";"12:00:00";"PI";222;27,1;"SAO JOAO DA FRONTEIRA";"Falta de Atenção à Condução";"Atropelamento de Animal";"Com Vítimas Feridas";"Pleno dia";"Decrescente";"Céu Claro";"Simples";"Reta";"Não";2;0;0;1;1;0;1;2;-4,00382895;-41,44901276;"SPRF-PI";"DEL02-PI";"UOP01-DEL02-PI"
226646;2019-08-04;"domingo";"15:54:00";"MG";381;893,7;"CAMBUI";"Falta de Atenção à Condução";"Saída de leito carroçável";"Com Vítimas Feridas";"Pleno dia";"Crescente";"Chuva";"Dupla";"Reta";"Não";2;0;1;0;0;1;1;2;-22,57182839;-46,04227162;"SPRF-MG";"DEL16-MG";"UOP03-DEL16-MG"
226665;2019-08-04;"domingo";"14:00:00";"BA";116;641;"JAGUAQUARA";"Defeito na Via";"Tombamento";"Sem Vítimas";"Pleno dia";"Decrescente";"Céu Claro";"Simples";"Aclive";"Não";1;0;0;0;1;0;0;1;-13,5395071;-40,06790376;"SPRF-BA";"DEL03-BA";"UOP01-DEL03-BA"
226668;2019-07-22;"segunda-feira";"17:00:00";"MG";381;674;"PERDOES";"Falta de Atenção à Condução";"Colisão lateral";"Com Vítimas Feridas";"Pleno dia";"Decrescente";"Sol";"Dupla";"Reta";"Não";3;0;2;0;1;0;2;2;-21,107021;-45,09114;"SPRF-MG";"DEL04-MG";"UOP02-DEL04-MG"
226670;2019-08-04;"domingo";"18:00:00";"SC";101;213;"PALHOCA";"Falta de Atenção à Condução";"Colisão traseira";"Com Vítimas Feridas";"Plena Noite";"Decrescente";"Céu Claro";"Dupla";"Reta";"Não";7;0;1;0;6;0;1;6;-27,63697369;-48,66514142;"SPRF-SC";"DEL01-SC";"UOP02-DEL01-SC"
226685;2019-08-04;"domingo";"19:00:00";"GO";153;327,8;"RIANAPOLIS";"Desobediência às normas de trânsito pelo condutor";"Colisão frontal";"Com Vítimas Fatais";"Plena Noite";"Crescente";"Céu Claro";"Simples";"Aclive;Reta";"Não";2;1;0;0;1;0;0;2;-15,51950306;-49,4684914;"SPRF-GO";"DEL02-GO";"UOP02-DEL02-GO"
226688;2019-08-04;"domingo";"17:35:00";"MG";381;761,8;"CAMPANHA";"Fenômenos da Natureza";"Saída de leito carroçável";"Com Vítimas Feridas";"Anoitecer";"Crescente";"Chuva";"Dupla";"Curva";"Não";2;0;1;0;1;0;1;1;-21,73238173;-45,38248249;"SPRF-MG";"DEL16-MG";"UOP02-DEL16-MG"
226692;2019-08-04;"domingo";"17:50:00";"PR";163;83;"PLANALTO";"Desobediência às normas de trânsito pelo condutor";"Colisão transversal";"Com Vítimas Feridas";"Plena Noite";"Decrescente";"Céu Claro";"Simples";"Interseção de Vias";"Não";6;0;1;0;4;1;1;3;-25,71018925;-53,76853824;"SPRF-PR";"DEL02-PR";"UOP02-DEL02-PR"
226696;2019-08-04;"domingo";"15:25:00";"PR";163;62,9;"PEROLA DOESTE";"Velocidade Incompatível";"Saída de leito carroçável";"Com Vítimas Fatais";"Pleno dia";"Decrescente";"Céu Claro";"Simples";"Declive;Curva";"Não";3;1;1;0;0;2;1;3;-25,84712844;-53,75402304;"SPRF-PR";"DEL02-PR";"UOP02-DEL02-PR"
226701;2019-08-04;"domingo";"19:00:00";"RJ";101;399;"ITAGUAI";"Ingestão de Álcool";"Colisão com objeto estático";"Sem Vítimas";"Plena Noite";"Decrescente";"Chuva";"Dupla";"Reta";"Não";3;0;0;0;2;2;0;4;-22,85921896;-43,75891497;"SPRF-RJ";"DEL03-RJ";"UOP01-DEL03-RJ"
226709;2019-08-04;"domingo";"20:10:00";"SC";470;97,9;"APIUNA";"Ingestão de álcool e/ou substâncias psicoativas pelo pedestre";"Colisão lateral";"Sem Vítimas";"Plena Noite";"Crescente";"Céu Claro";"Simples";"Reta";"Não";3;0;0;0;2;1;0;3;-27,026621;-49,378124;"SPRF-SC";"DEL04-SC";"UOP01-DEL04-SC"
226718;2019-08-04;"domingo";"19:50:00";"BA";116;836,7;"VITORIA DA CONQUISTA";"Desobediência às normas de trânsito pelo condutor";"Colisão frontal";"Sem Vítimas";"Plena Noite";"Decrescente";"Nublado";"Simples";"Reta";"Sim";3;0;0;0;2;2;0;4;-14,88507194;-40,85883509;"SPRF-BA";"DEL08-BA";"UOP01-DEL08-BA"
226722;2019-08-04;"domingo";"17:20:00";"MG";262;554;"LUZ";"Defeito Mecânico no Veículo";"Tombamento";"Sem Vítimas";"Pleno dia";"Decrescente";"Chuva";"Simples";"Declive;Curva";"Não";2;0;0;0;1;1;0;2;-19,70890356;-45,92209384;"SPRF-MG";"DEL08-MG";"UOP02-DEL08-MG"
226726;2019-08-04;"domingo";"16:30:00";"MG";50;45;"ARAGUARI";"Velocidade Incompatível";"Colisão lateral";"Com Vítimas Feridas";"Pleno dia";"Crescente";"Sol";"Dupla";"Declive;Reta";"Não";3;0;1;0;1;1;1;3;-18,71289097;-48,19662304;"SPRF-MG";"DEL15-MG";"UOP02-DEL15-MG"
226753;2019-08-04;"domingo";"23:00:00";"PE";232;127,9;"CARUARU";"Falta de Atenção à Condução";"Colisão traseira";"Com Vítimas Fatais";"Plena Noite";"Decrescente";"Chuva";"Dupla";"Reta";"Sim";2;1;0;0;0;1;0;2;-8,30610303;-35,96342301;"SPRF-PE";"DEL02-PE";"UOP03-DEL02-PE"
226758;2019-08-04;"domingo";"22:20:00";"SC";101;377,5;"ICARA";"Ingestão de Álcool";"Colisão lateral";"Com Vítimas Feridas";"Plena Noite";"Crescente";"Céu Claro";"Múltipla";"Reta";"Não";3;0;2;0;1;0;2;2;-28,7345708;-49,24624124;"SPRF-SC";"DEL02-SC";"UOP01-DEL02-SC"
226760;2019-08-04;"domingo";"22:35:00";"RO";364;24;"VILHENA";"Desobediência às normas de trânsito pelo condutor";"Colisão lateral";"Com Vítimas Feridas";"Plena Noite";"Crescente";"Céu Claro";"Simples";"Reta";"Não";4;0;0;1;1;4;1;6;-12,72462637;-60,22962301;"SPRF-RO";"DEL04-RO";"UOP01-DEL04-RO"
226768;2019-08-05;"segunda-feira";"00:30:00";"PB";104;7,9;"CUITE";"Não guardar distância de segurança";"Colisão traseira";"Com Vítimas Feridas";"Plena Noite";"Crescente";"Chuva";"Simples";"Reta";"Sim";2;0;0;1;0;1;1;2;-6,47743888;-36,17109092;"SPRF-PB";"DEL02-PB";"UOP04-DEL02-PB"
226774;2019-08-04;"domingo";"22:05:00";"RJ";393;151,8;"TRES RIOS";"Velocidade Incompatível";"Colisão frontal";"Com Vítimas Feridas";"Plena Noite";"Crescente";"Garoa/Chuvisco";"Simples";"Curva";"Não";4;0;2;1;0;1;3;2;-22,08449661;-43,05397153;"SPRF-RJ";"DEL06-RJ";"UOP01-DEL05-RJ"
226780;2019-08-05;"segunda-feira";"05:25:00";"ES";262;5,5;"CARIACICA";"Desobediência às normas de trânsito pelo condutor";"Colisão transversal";"Com Vítimas Feridas";"Amanhecer";"Crescente";"Chuva";"Múltipla";"Reta";"Sim";4;0;1;0;2;1;1;3;-20,33707281;-40,38649924;"SPRF-ES";"DEL01-ES";"UOP01-DEL01-ES"
226782;2019-08-05;"segunda-feira";"05:00:00";"AP";210;56;"MACAPA";"Defeito Mecânico no Veículo";"Incêndio";"Sem Vítimas";"Amanhecer";"Decrescente";"Céu Claro";"Simples";"Curva";"Não";2;0;0;0;1;1;0;2;0,46993371;-51,08203332;"SPRF-AP";"DEL01-AP";"UOP01-DEL01-AP"