"id";"data_inversa";"dia_semana";"horario";"uf";"br";"km";"municipio";"causa_acidente";"tipo_acidente";"classificacao_acidente";"fase_dia";"sentido_via";"condicao_metereologica";"tipo_pista";"tracado_via";"uso_solo";"pessoas";"mortos";"feridos_leves";"feridos_graves";"ilesos";"ignorados";"feridos";"veiculos";"latitude";"longitude";"regional";"delegacia";"uop"
226786;2019-08-05;"segunda-feira";"02:30:00";"MG";365;626;"UBERLANDIA";"Falta de Atenção à Condução";"Derramamento de carga";"Sem Vítimas";"Plena Noite";"Decrescente";"Céu Claro";"Dupla";"Reta";"Não";2;0;0;0;1;2;0;3;-18,90659356;-48,33469405;"SPRF-MG";"DEL15-MG";"UOP01-DEL15-MG"
226791;2019-08-05;"segunda-feira";"06:10:00";"PR";376;179;"MARINGA";"Falta de Atenção à Condução";"Colisão traseira";"Com Vítimas Feridas";"Amanhecer";"Decrescente";"Céu Claro";"Dupla";"Reta";"Sim";3;0;0;1;1;1;1;3;-23,42244278;-51,90360392;"SPRF-PR";"DEL07-PR";"UOP01-DEL09-PR"
226792;2019-08-05;"segunda-feira";"05:50:00";"SP";116;193,8;"SANTA ISABEL";"Condutor Dormindo";"Colisão traseira";"Com Vítimas Feridas";"Amanhecer";"Decrescente";"Nublado";"Dupla";"Reta";"Não";3;0;1;0;1;1;1;3;-23,380407;-46,258509;"SPRF-SP";"DEL02-SP";"UOP01-DEL02-SP"
226812;2019-08-05;"segunda-feira";"09:22:00";"SC";101;210;"SAO JOSE";"Falta de Atenção à Condução";"Colisão traseira";"Com Vítimas Feridas";"Pleno dia";"Decrescente";"Céu Claro";"Dupla";"Reta";"Sim";3;0;1;0;2;0;1;3;-27,60327979;-48,63201818;"SPRF-SC";"DEL01-SC";"UOP01-DEL01-SC"
226815;2019-08-03;"sábado";"21:50:00";"SC";116;121,5;"SANTA CECILIA";"Falta de Atenção à Condução";"Colisão traseira";"Sem Vítimas";"Plena Noite";"Decrescente";"Ignorado";"Simples";"Curva";"Não";3;0;0;0;2;1;0;3;-26,8303456;-50,38617912;"SPRF-SC";"DEL06-SC";"UOP02-DEL06-SC"
226816;2019-08-05;"segunda-feira";"08:45:00";"RS";386;15;"FREDERICO WESTPHALEN";"Defeito Mecânico no Veículo";"Saída de leito carroçável";"Sem Vítimas";"Pleno dia";"Decrescente";"Céu Claro";"Simples";"Curva";"Não";1;0;0;0;1;0;0;1;-27,239553;-53,328884;"SPRF-RS";"DEL08-RS";"UOP02-DEL08-RS"
226818;2019-08-05;"segunda-feira";"07:30:00";"BA";116;669,9;"JEQUIE";"Falta de Atenção à Condução";"Colisão lateral";"Sem Vítimas";"Pleno dia";"Decrescente";"Céu Claro";"Simples";"Curva";"Não";3;0;0;0;2;1;0;3;-13,77543794;-40,10191324;"SPRF-BA";"DEL03-BA";"UOP01-DEL03-BA"
226819;2019-08-05;"segunda-feira";"07:05:00";"RO";364;447;"JARU";"Avarias e/ou desgaste excessivo no pneu";"Capotamento";"Com Vítimas Feridas";"Pleno dia";"Decrescente";"Céu Claro";"Simples";"Reta";"Não";2;0;1;0;1;0;1;1;-10,31614123;-62,63196719;"SPRF-RO";"DEL03-RO";"UOP02-DEL03-RO"
226821;2019-08-05;"segunda-feira";"09:45:00";"SC";101;459,8;"PASSO DE TORRES";"Condutor Dormindo";"Saída de leito carroçável";"Com Vítimas Feridas";"Pleno dia";"Crescente";"Céu Claro";"Dupla";"Curva";"Não";4;0;1;0;2;2;1;4;-29,249493;-49,75304901;"SPRF-SC";"DEL02-SC";"UOP02-DEL02-SC"
226824;2019-08-05;"segunda-feira";"10:56:00";"MG";381;484;"BETIM";"Falta de Atenção à Condução";"Colisão lateral";"Com Vítimas Feridas";"Pleno dia";"Decrescente";"Céu Claro";"Dupla";"Curva";"Sim";4;0;2;0;1;1;2;2;-19,95531717;-44,11722196;"SPRF-MG";"DEL01-MG";"UOP03-DEL01-MG"
226830;2019-06-10;"segunda-feira";"18:40:00";"BA";135;169,4;"BARREIRAS";"Falta de Atenção do Pedestre";"Atropelamento de Pedestre";"Com Vítimas Fatais";"Anoitecer";"Crescente";"Céu Claro";"Simples";"Reta";"Não";5;1;1;1;1;3;2;5;-12,081188;-44,96973301;"SPRF-BA";"DEL10-BA";"UOP01-DEL10-BA"
226834;2019-08-05;"segunda-feira";"08:50:00";"RJ";101;317,3;"SAO GONCALO";"Falta de Atenção à Condução";"Colisão lateral";"Com Vítimas Feridas";"Pleno dia";"Decrescente";"Nublado";"Dupla";"Reta";"Sim";2;0;1;0;1;0;1;2;-22,83707798;-43,09492006;"SPRF-RJ";"DEL02-RJ";"DEL5/2-UOP04/RJ"
226835;2019-08-05;"segunda-feira";"09:38:00";"SP";153;97,2;"JACI";"Desobediência às normas de trânsito pelo condutor";"Colisão frontal";"Com Vítimas Fatais";"Pleno dia";"Crescente";"Céu Claro";"Simples";"Reta";"Não";6;1;2;0;0;4;2;5;-20,98473984;-49,61733921;"SPRF-SP";"DEL09-SP";"UOP01-DEL09-SP"
226852;2019-08-05;"segunda-feira";"10:00:00";"MT";364;348;"SANTO ANTONIO DO LEVERGER";"Defeito Mecânico no Veículo";"Saída de leito carroçável";"Com Vítimas Feridas";"Pleno dia";"Decrescente";"Céu Claro";"Simples";"Reta";"Não";2;0;1;0;0;1;1;2;-15,80086543;-55,57589315;"SPRF-MT";"DEL02-MT";"UOP02-DEL01-MT"
226853;2019-08-05;"segunda-feira";"07:10:00";"SP";116;363,8;"MIRACATU";"Velocidade Incompatível";"Tombamento";"Com Vítimas Feridas";"Pleno dia";"Decrescente";"Céu Claro";"Dupla";"Curva";"Não";2;0;1;0;0;2;1;3;-24,13881806;-47,27310246;"SPRF-SP";"DEL04-SP";"UOP03-DEL04-SP"
226854;2019-08-05;"segunda-feira";"11:10:00";"GO";153;133,5;"ESTRELA DO NORTE";"Ultrapassagem Indevida";"Tombamento";"Com Vítimas Feridas";"Pleno dia";"Decrescente";"Céu Claro";"Simples";"Reta";"Não";2;0;1;0;0;1;1;2;-13,934465;-49,075451;"SPRF-GO";"DEL07-GO";"UOP01-DEL07-GO"
226859;2019-08-05;"segunda-feira";"14:05:00";"MG";40;486;"SETE LAGOAS";"Falta de Atenção à Condução";"Tombamento";"Com Vítimas Feridas";"Pleno dia";"Crescente";"Sol";"Dupla";"Reta";"Não";2;0;0;1;0;1;1;2;-19,59064511;-44,22670625;"SPRF-MG";"DEL02-MG";"UOP01-DEL02-MG"
226863;2019-06-03;"segunda-feira";"04:30:00";"SC";101;199,2;"SAO JOSE";"Desobediência às normas de trânsito pelo pedestre";"Atropelamento de Pedestre";"Com Vítimas Fatais";"Plena Noite";"Crescente";"Garoa/Chuvisco";"Múltipla";"Reta";"Sim";4;1;0;0;1;2;0;2;-27,53413705;-48,63003205;"SPRF-SC";"DEL01-SC";"UOP01-DEL01-SC"
226868;2019-07-21;"domingo";"12:00:00";"GO";60;439,5;"JATAI";"Restrição de Visibilidade";"Colisão frontal";"Com Vítimas Fatais";"Pleno dia";"Decrescente";"Vento";"Dupla";"Reta";"Não";7;1;5;0;1;0;5;2;-17,8382;-51,4222;"SPRF-GO";"DEL05-GO";"UOP01-DEL05-GO"
226869;2019-08-05;"segunda-feira";"14:30:00";"RJ";101;205;"CASIMIRO DE ABREU";"Falta de Atenção à Condução";"Colisão transversal";"Com Vítimas Feridas";"Pleno dia";"Crescente";"Garoa/Chuvisco";"Simples";"Reta";"Não";10;0;8;0;2;0;8;2;-22,475714;-42,19184;"SPRF-RJ";"DEL02-RJ";"UOP04-DEL08-RJ"
226871;2019-08-05;"segunda-feira";"15:50:00";"CE";116;14,8;"EUSEBIO";"Não guardar distância de segurança";"Colisão traseira";"Com Vítimas Feridas";"Pleno dia";"Decrescente";"Céu Claro";"Dupla";"Reta";"Sim";4;0;1;0;3;0;1;3;-3,86973356;-38,49827361;"SPRF-CE";"DEL01-CE";"UOP02-DEL01-CE"
226879;2019-08-05;"segunda-feira";"15:20:00";"MT";364;346,2;"SANTO ANTONIO DO LEVERGER";"Defeito Mecânico no Veículo";"Colisão traseira";"Com Vítimas Fatais";"Pleno dia";"Crescente";"Céu Claro";"Dupla";"Curva";"Não";3;1;0;0;1;3;0;5;-15,81193889;-55,53981241;"SPRF-MT";"DEL02-MT";"UOP02-DEL01-MT"
226880;2019-08-05;"segunda-feira";"15:20:00";"MT";163;717,3;"SORRISO";"Ultrapassagem Indevida";"Colisão frontal";"Com Vítimas Feridas";"Pleno dia";"Decrescente";"Céu Claro";"Simples";"Reta";"Não";4;0;1;0;2;7;1;10;-12,94593709;-55,86559775;"SPRF-MT";"DEL06-MT";"UOP01-DEL06-MT"
226882;2019-08-05;"segunda-feira";"15:45:00";"PR";163;333;"GUAIRA";"Falta de Atenção à Condução";"Tombamento";"Sem Vítimas";"Pleno dia";"Crescente";"Céu Claro";"Dupla";"Reta";"Não";1;0;0;0;1;0;0;1;-24,240841;-54,19934555;"SPRF-PR";"DEL06-PR";"UOP01-DEL06-PR"
226884;2019-08-05;"segunda-feira";"15:55:00";"SC";280;52,7;"GUARAMIRIM";"Falta de Atenção à Condução";"Colisão transversal";"Com Vítimas Feridas";"Pleno dia";"Decrescente";"Céu Claro";"Simples";"Reta";"Sim";2;0;1;0;1;0;1;2;-26,468904;-48,96492;"SPRF-SC";"DEL03-SC";"UOP03-DEL03-SC"
226888;2019-08-05;"segunda-feira";"14:55:00";"SC";116;253,9;"LAGES";"Não guardar distância de segurança";"Colisão traseira";"Com Vítimas Feridas";"Pleno dia";"Crescente";"Céu Claro";"Simples";"Reta";"Não";3;0;1;0;2;0;1;3;-27,86039974;-50,38910326;"SPRF-SC";"DEL05-SC";"UOP02-DEL05-SC"
226889;2019-08-05;"segunda-feira";"16:30:00";"SC";101;368,2;"ICARA";"Falta de Atenção à Condução";"Colisão transversal";"Com Vítimas Feridas";"Pleno dia";"Crescente";"Céu Claro";"Múltipla";"Interseção de Vias";"Sim";3;0;1;1;1;0;2;2;-28,6957326;-49,17347228;"SPRF-SC";"DEL02-SC";"UOP01-DEL02-SC"
226891;2019-03-31;"domingo";"01:30:00";"BA";116;727,4;"BOA NOVA";"Defeito Mecânico no Veículo";"Incêndio";"Sem Vítimas";"Plena Noite";"Decrescente";"Céu Claro";"Simples";"Aclive";"Não";3;0;0;0;2;1;0;2;-14,29283;-40,31034;"SPRF-BA";"DEL08-BA";"UOP02-DEL08-BA"
226909;2019-08-05;"segunda-feira";"17:05:00";"BA";242;830;"BARREIRAS";"Falta de Atenção à Condução";"Colisão frontal";"Com Vítimas Feridas";"Pleno dia";"Decrescente";"Nublado";"Simples";"Reta";"Não";3;0;1;0;1;1;1;3;-12,10411658;-45,32546997;"SPRF-BA";"DEL10-BA";"UOP01-DEL10-BA"
226912;2019-08-05;"segunda-feira";"16:10:00";"PA";10;219,8;"IPIXUNA DO PARA";"Pista Escorregadia";"Colisão frontal";"Com Vítimas Feridas";"Pleno dia";"Crescente";"Chuva";"Simples";"Curva";"Não";3;0;1;0;1;1;1;3;-2,51353;-47,50598913;"SPRF-PA";"DEL02-PA";"UOP01-DEL02-PA"
226917;2019-08-05;"segunda-feira";"18:15:00";"ES";101;345,6;"GUARAPARI";"Falta de Atenção à Condução";"Engavetamento";"Com Vítimas Feridas";"Plena Noite";"Decrescente";"Garoa/Chuvisco";"Simples";"Reta";"Sim";4;0;2;0;2;0;2;3;-20,66063026;-40,60867306;"SPRF-ES";"DEL03-ES";"UOP01-DEL03-ES"
226925;2019-08-05;"segunda-feira";"14:30:00";"BA";101;546;"SAO JOSE DA VITORIA";"Velocidade Incompatível";"Colisão lateral";"Com Vítimas Feridas";"Pleno dia";"Decrescente";"Chuva";"Simples";"Curva";"Não";7;0;4;0;3;0;4;4;-15,108348;-39,369597;"SPRF-BA";"DEL05-BA";"UOP02-DEL05-BA"
226938;2019-07-20;"sábado";"13:35:00";"BA";116;829,1;"VITORIA DA CONQUISTA";"Falta de Atenção à Condução";"Engavetamento";"Com Vítimas Fatais";"Pleno dia";"Crescente";"Nublado";"Simples";"Declive";"Não";5;1;0;0;3;2;0;6;-14,9022;-40,86953;"SPRF-BA";"DEL08-BA";"UOP01-DEL08-BA"
226959;2019-08-06;"terça-feira";"01:45:00";"MG";381;713,7;"CARMO DA CACHOEIRA";"Falta de Atenção do Pedestre";"Atropelamento de Pedestre";"Com Vítimas Feridas";"Plena Noite";"Decrescente";"Nublado";"Dupla";"Reta";"Não";2;0;0;1;1;0;1;2;-21,38060043;-45,19540717;"SPRF-MG";"DEL04-MG";"UOP02-DEL04-MG"
226961;2019-08-06;"terça-feira";"03:00:00";"PR";376;655;"TIJUCAS DO SUL";"Velocidade Incompatível";"Tombamento";"Com Vítimas Feridas";"Plena Noite";"Decrescente";"Garoa/Chuvisco";"Dupla";"Curva";"Não";2;0;1;0;0;1;1;2;-25,840405;-49,02958;"SPRF-PR";"DEL01-PR";"UOP04-DEL01-PR"
226963;2019-08-06;"terça-feira";"02:20:00";"MG";365;25,1;"MONTES CLAROS";"Velocidade Incompatível";"Saída de leito carroçável";"Com Vítimas Feridas";"Plena Noite";"Crescente";"Céu Claro";"Simples";"Curva";"Não";1;0;1;0;0;0;1;1;-16,8557147;-44,06141289;"SPRF-MG";"DEL12-MG";"UOP01-DEL12-MG"
226967;2019-08-06;"terça-feira";"05:40:00";"PR";116;120;"FAZENDA RIO GRANDE";"Falta de Atenção à Condução";"Colisão lateral";"Com Vítimas Feridas";"Amanhecer";"Decrescente";"Garoa/Chuvisco";"Dupla";"Reta";"Sim";2;0;0;1;1;0;1;2;-25,65951903;-49,31200504;"SPRF-PR";"DEL01-PR";"UOP03-DEL01-PR"
226969;2019-08-05;"segunda-feira";"13:55:00";"PB";104;145,5;"QUEIMADAS";"Falta de Atenção à Condução";"Colisão frontal";"Com Vítimas Feridas";"Pleno dia";"Decrescente";"Vento";"Simples";"Reta";"Não";3;0;0;1;0;2;1;3;-7,42278697;-35,89513073;"SPRF-PB";"DEL02-PB";"UOP03-DEL02-PB"
226970;2019-08-06;"terça-feira";"06:25:00";"RJ";101;103;"CAMPOS DOS GOYTACAZES";"Falta de Atenção à Condução";"Colisão traseira";"Com Vítimas Feridas";"Pleno dia";"Decrescente";"Nublado";"Dupla";"Reta";"Não";7;0;6;0;0;1;6;3;-21,90327185;-41,60553822;"SPRF-RJ";"DEL08-RJ";"UOP02-DEL08-RJ"
226975;2019-08-06;"terça-feira";"06:50:00";"PR";277;3;"PARANAGUA";"Falta de Atenção à Condução";"Colisão lateral";"Com Vítimas Feridas";"Amanhecer";"Decrescente";"Céu Claro";"Simples";"Interseção de Vias";"Sim";4;0;1;0;2;3;1;6;-25,568198;-48,615292;"SPRF-PR";"DEL01-PR";"UOP05-DEL01-PR"
226976;2019-08-05;"segunda-feira";"22:40:00";"RS";386;53;"SEBERI";"Ingestão de Álcool";"Colisão lateral";"Sem Vítimas";"Plena Noite";"Crescente";"Céu Claro";"Simples";"Curva";"Não";3;0;0;0;2;2;0;4;-27,517271;-53,376904;"SPRF-RS";"DEL08-RS";"UOP02-DEL08-RS"
226984;2019-08-06;"terça-feira";"07:55:00";"RS";158;315;"ITAARA";"Não guardar distância de segurança";"Colisão traseira";"Com Vítimas Feridas";"Pleno dia";"Decrescente";"Céu Claro";"Dupla";"Reta";"Não";2;0;1;0;1;0;1;2;-29,65414642;-53,77082708;"SPRF-RS";"DEL09-RS";"UOP01-DEL09-RS"
226985;2019-08-06;"terça-feira";"07:40:00";"MG";381;2;"BETIM";"Velocidade Incompatível";"Saída de leito carroçável";"Com Vítimas Feridas";"Pleno dia";"Decrescente";"Nublado";"Dupla";"Curva";"Sim";3;0;1;0;1;3;1;5;-19,96825;-44,198708;"SPRF-MG";"DEL01-MG";"UOP03-DEL01-MG"
226986;2019-08-06;"terça-feira";"05:50:00";"MG";251;469,1;"FRANCISCO SA";"Velocidade Incompatível";"Colisão traseira";"Com Vítimas Feridas";"Amanhecer";"Crescente";"Garoa/Chuvisco";"Simples";"Curva;Declive";"Não";4;0;1;0;2;1;1;4;-16,47846186;-43,41953476;"SPRF-MG";"DEL12-MG";"UOP01-DEL12-MG"
226987;2019-08-06;"terça-feira";"06:20:00";"RO";364;331;"JI-PARANA";"Condutor Dormindo";"Colisão lateral";"Com Vítimas Feridas";"Pleno dia";"Crescente";"Céu Claro";"Simples";"Reta";"Não";3;0;0;1;1;2;1;4;-10,97565;-61,917217;"SPRF-RO";"DEL02-RO";"UOP01-DEL02-RO"
226993;2019-08-06;"terça-feira";"07:55:00";"PR";158;530,1;"PATO BRANCO";"Não guardar distância de segurança";"Colisão traseira";"Com Vítimas Feridas";"Pleno dia";"Crescente";"Céu Claro";"Simples";"Reta";"Sim";2;0;1;0;1;0;1;2;-26,19442709;-52,67299292;"SPRF-PR";"DEL02-PR";"UOP01-DEL02-PR"
226994;2019-08-06;"terça-feira";"06:20:00";"BA";242;415;"SEABRA";"Velocidade Incompatível";"Colisão traseira";"Com Vítimas Feridas";"Pleno dia";"Decrescente";"Céu Claro";"Simples";"Declive";"Sim";13;0;10;2;0;2;12;4;-12,42862043;-41,77926194;"SPRF-BA";"DEL06-BA";"UOP01-DEL06-BA"
226995;2019-08-04;"domingo";"15:00:00";"MG";459;66,9;"SENADOR JOSE BENTO";"Falta de Atenção à Condução";"Tombamento";"Sem Vítimas";"Pleno dia";"Decrescente";"Céu Claro";"Simples";"Aclive;Curva";"Não";2;0;0;0;1;2;0;3;-22,13403097;-46,17580935;"SPRF-MG";"DEL16-MG";"UOP01-DEL09-MG"
227001;2019-06-15;"sábado";"23:30:00";"MT";364;217,4;"RONDONOPOLIS";"Condutor Dormindo";"Colisão traseira";"Com Vítimas Fatais";"Plena Noite";"Decrescente";"Céu Claro";"Dupla";"Aclive";"Não";4;1;0;0;2;3;0;5;-16,36970289;-54,72371188;"SPRF-MT";"DEL02-MT";"UOP01-DEL02-MT"
227002;2019-08-06;"terça-feira";"07:00:00";"MT";163;827;"SINOP";"Falta de Atenção à Condução";"Colisão transversal";"Com Vítimas Feridas";"Pleno dia";"Decrescente";"Céu Claro";"Dupla";"Retorno Regulamentado";"Sim";4;0;2;0;1;2;2;4;-11,88282874;-55,5007913;"SPRF-MT";"DEL06-MT";"UOP01-DEL06-MT"
227004;2019-08-06;"terça-feira";"07:30:00";"GO";20;251,2;"GUARANI DE GOIAS";"Pista Escorregadia";"Tombamento";"Com Vítimas Feridas";"Pleno dia";"Decrescente";"Garoa/Chuvisco";"Simples";"Declive";"Não";3;0;1;0;1;1;1;2;-13,96575637;-46,19478531;"SPRF-DF";"DEL02-DF";"UOP03-DEL02-DF"
227005;2019-08-06;"terça-feira";"08:00:00";"MG";365;607,1;"UBERLANDIA";"Defeito Mecânico no Veículo";"Incêndio";"Sem Vítimas";"Pleno dia";"Crescente";"Nublado";"Simples";"Reta";"Não";2;0;0;0;1;2;0;3;-18,92245913;-48,18448691;"SPRF-MG";"DEL15-MG";"UOP01-DEL15-MG"
227012;2019-08-06;"terça-feira";"09:50:00";"RJ";116;125,9;"MAGE";"Falta de Atenção à Condução";"Colisão lateral";"Com Vítimas Feridas";"Pleno dia";"Crescente";"Céu Claro";"Dupla";"Curva";"Não";3;0;1;0;1;1;1;3;-22,65156898;-43,07769901;"SPRF-RJ";"DEL04-RJ";"UOP02-DEL04-RJ"
227016;2019-08-06;"terça-feira";"10:30:00";"SP";116;143,8;"SAO JOSE DOS CAMPOS";"Objeto estático sobre o leito carroçável";"Queda de ocupante de veículo";"Com Vítimas Feridas";"Pleno dia";"Decrescente";"Céu Claro";"Simples";"Reta";"Sim";5;0;0;1;1;4;1;5;-23,17849879;-45,83787411;"SPRF-SP";"DEL02-SP";"UOP01-DEL02-SP"
227019;2019-08-06;"terça-feira";"10:05:00";"PB";101;73,4;"SANTA RITA";"Velocidade Incompatível";"Colisão lateral";"Com Vítimas Feridas";"Pleno dia";"Crescente";"Sol";"Dupla";"Reta";"Não";4;0;1;1;2;0;2;3;-7,07828212;-34,98823508;"SPRF-PB";"DEL01-PB";"UOP04-DEL01-PB"
227021;2019-08-06;"terça-feira";"10:03:00";"RS";290;213,4;"PANTANO GRANDE";"Desobediência às normas de trânsito pelo condutor";"Colisão transversal";"Com Vítimas Feridas";"Pleno dia";"Decrescente";"Sol";"Simples";"Interseção de Vias";"Sim";3;0;1;0;1;2;1;4;-30,18905718;-52,37319946;"SPRF-RS";"DEL02-RS";"UOP02-DEL02-RS"
227025;2019-07-29;"segunda-feira";"21:45:00";"MG";50;166;"UBERABA";"Desobediência às normas de trânsito pelo condutor";"Colisão lateral";"Com Vítimas Feridas";"Plena Noite";"Crescente";"Vento";"Dupla";"Aclive;Reta";"Não";9;0;0;4;4;1;4;5;-19,70331622;-47,98588371;"SPRF-MG";"DEL13-MG";"UOP01-DEL13-MG"
227028;2019-08-06;"terça-feira";"11:10:00";"SC";470;199,3;"PONTE ALTA";"Desobediência às normas de trânsito pelo condutor";"Colisão transversal";"Com Vítimas Feridas";"Pleno dia";"Crescente";"Nublado";"Simples";"Interseção de Vias";"Não";3;0;2;0;1;0;2;2;-27,30791359;-50,13403773;"SPRF-SC";"DEL05-SC";"UOP03-DEL05-SC"
227029;2019-08-06;"terça-feira";"10:50:00";"PR";476;180,8;"LAPA";"Velocidade Incompatível";"Saída de leito carroçável";"Com Vítimas Feridas";"Pleno dia";"Crescente";"Céu Claro";"Simples";"Curva";"Não";2;0;2;0;0;0;2;1;-25,71176491;-49,60649014;"SPRF-PR";"DEL01-PR";"UOP06-DEL01-PR"
227032;2019-08-06;"terça-feira";"11:40:00";"SP";116;230;"SAO PAULO";"Não guardar distância de segurança";"Colisão lateral";"Com Vítimas Feridas";"Pleno dia";"Decrescente";"Céu Claro";"Simples";"Reta";"Não";2;0;1;0;1;0;1;2;-23,52251783;-46,5855702;"SPRF-SP";"DEL01-SP";"UOP01-DEL01-SP"
227038;2019-08-06;"terça-feira";"11:32:00";"PR";369;158;"LONDRINA";"Carga excessiva e/ou mal acondicionada";"Tombamento";"Sem Vítimas";"Pleno dia";"Decrescente";"Céu Claro";"Simples";"Curva";"Sim";2;0;0;0;1;1;0;2;-23,28550352;-51,23405457;"SPRF-PR";"DEL07-PR";"UOP01-DEL07-PR"
227043;2019-08-06;"terça-feira";"14:00:00";"RJ";101;295;"SAO GONCALO";"Falta de Atenção à Condução";"Engavetamento";"Sem Vítimas";"Pleno dia";"Crescente";"Céu Claro";"Dupla";"Reta";"Sim";4;0;0;0;4;0;0;3;-22,76365068;-42,90223623;"SPRF-RJ";"DEL02-RJ";"DEL5/2-UOP04/RJ"
227050;2019-08-06;"terça-feira";"13:45:00";"MG";459;90,4;"CONGONHAL";"Ultrapassagem Indevida";"Colisão frontal";"Com Vítimas Feridas";"Pleno dia";"Crescente";"Céu Claro";"Simples";"Declive;Curva";"Não";5;0;4;0;0;1;4;3;-22,157057;-46,007881;"SPRF-MG";"DEL16-MG";"UOP01-DEL09-MG"
227060;2019-08-06;"terça-feira";"14:20:00";"PR";116;119,3;"CURITIBA";"Falta de Atenção à Condução";"Engavetamento";"Com Vítimas Feridas";"Pleno dia";"Crescente";"Céu Claro";"Dupla";"Declive";"Não";6;0;2;0;4;0;2;4;-25,57975399;-49,31284558;"SPRF-PR";"DEL01-PR";"UOP03-DEL01-PR"
227061;2019-08-06;"terça-feira";"15:50:00";"MG";459;40,8;"SANTA RITA DE CALDAS";"Velocidade Incompatível";"Tombamento";"Com Vítimas Feridas";"Pleno dia";"Crescente";"Céu Claro";"Simples";"Curva";"Não";1;0;1;0;0;0;1;1;-21,991396;-46,329906;"SPRF-MG";"DEL16-MG";"UOP01-DEL09-MG"
227067;2019-08-06;"terça-feira";"16:40:00";"RS";386;325,8;"MARQUES DE SOUZA";"Desobediência às normas de trânsito pelo condutor";"Colisão transversal";"Com Vítimas Feridas";"Pleno dia";"Decrescente";"Céu Claro";"Simples";"Retorno Regulamentado";"Sim";4;0;1;0;2;1;1;4;-29,32535623;-52,10184574;"SPRF-RS";"DEL04-RS";"UOP01-DEL04-RS"
227070;2019-08-06;"terça-feira";"15:05:00";"BA";407;0;"JUAZEIRO";"Pista Escorregadia";"Engavetamento";"Sem Vítimas";"Pleno dia";"Crescente";"Chuva";"Simples";"Reta";"Sim";4;0;0;0;4;0;0;4;-9,409546;-40,505337;"SPRF-PE";"DEL06-PE";"UOP01-DEL06-PE"
227074;2019-08-06;"terça-feira";"16:50:00";"PR";277;608;"SANTA TEREZA DO OESTE";"Falta de Atenção à Condução";"Engavetamento";"Com Vítimas Feridas";"Pleno dia";"Decrescente";"Céu Claro";"Simples";"Reta";"Sim";3;0;1;0;2;0;1;3;-25,04299405;-53,60478197;"SPRF-PR";"DEL05-PR";"UOP02-DEL05-PR"
227077;2019-08-06;"terça-feira";"14:40:00";"PR";277;4,8;"PARANAGUA";"Desobediência às normas de trânsito pelo condutor";"Colisão transversal";"Com Vítimas Feridas";"Pleno dia";"Crescente";"Nublado";"Múltipla";"Em Obras;Interseção de Vias";"Não";3;0;1;0;1;4;1;6;-25,55622802;-48,56498569;"SPRF-PR";"DEL01-PR";"UOP05-DEL01-PR"
227088;2019-08-06;"terça-feira";"15:10:00";"RS";287;406,8;"SANTIAGO";"Falta de Atenção à Condução";"Colisão lateral";"Com Vítimas Feridas";"Pleno dia";"Crescente";"Céu Claro";"Simples";"Reta";"Não";3;0;0;1;1;2;1;4;-29,11882465;-54,9074017;"SPRF-RS";"DEL12-RS";"UOP02-DEL12-RS"
227095;2019-08-06;"terça-feira";"16:50:00";"RS";392;4,9;"RIO GRANDE";"Falta de Atenção à Condução";"Colisão transversal";"Com Vítimas Feridas";"Pleno dia";"Decrescente";"Céu Claro";"Simples";"Reta";"Sim";3;0;1;0;1;1;1;3;-32,06960295;-52,09547805;"SPRF-RS";"DEL07-RS";"UOP02-DEL07-RS"
227098;2019-08-06;"terça-feira";"19:05:00";"SC";101;113,2;"ITAJAI";"Não guardar distância de segurança";"Colisão traseira";"Com Vítimas Feridas";"Plena Noite";"Decrescente";"Céu Claro";"Dupla";"Reta";"Sim";2;0;1;0;0;1;1;2;-26,85311393;-48,72689927;"SPRF-SC";"DEL04-SC";"UOP04-DEL04-SC"
227100;2019-08-06;"terça-feira";"18:10:00";"RO";364;199,8;"PIMENTA BUENO";"Falta de Atenção à Condução";"Colisão transversal";"Com Vítimas Feridas";"Anoitecer";"Decrescente";"Nublado";"Simples";"Reta";"Sim";5;0;0;2;1;2;2;5;-11,661617;-61,191055;"SPRF-RO";"DEL02-RO";"UOP02-DEL02-RO"
227112;2019-08-06;"terça-feira";"22:00:00";"PR";376;177,7;"MARINGA";"Falta de Atenção à Condução";"Colisão traseira";"Com Vítimas Feridas";"Plena Noite";"Crescente";"Céu Claro";"Dupla";"Reta";"Sim";2;0;1;0;1;0;1;2;-23,41533795;-51,92475557;"SPRF-PR";"DEL07-PR";"UOP01-DEL09-PR"
227115;2019-08-06;"terça-feira";"20:30:00";"PE";232;174,2;"BELO JARDIM";"Desobediência às normas de trânsito pelo pedestre";"Atropelamento de Pedestre";"Com Vítimas Fatais";"Plena Noite";"Crescente";"Nublado";"Simples";"Reta";"Não";2;1;0;0;0;1;0;2;-8,3397857;-36,37821402;"SPRF-PE";"DEL02-PE";"UOP03-DEL02-PE"
227119;2019-08-06;"terça-feira";"22:15:00";"MT";163;1050;"MATUPA";"Falta de Atenção à Condução";"Colisão transversal";"Com Vítimas Fatais";"Plena Noite";"Crescente";"Céu Claro";"Simples";"Curva;Interseção de Vias";"Não";3;1;0;0;0;2;0;3;-10,072683;-54,906949;"SPRF-MT";"DEL06-MT";"UOP02-DEL06-MT"