"id";"data_inversa";"dia_semana";"horario";"uf";"br";"km";"municipio";"causa_acidente";"tipo_acidente";"classificacao_acidente";"fase_dia";"sentido_via";"condicao_metereologica";"tipo_pista";"tracado_via";"uso_solo";"pessoas";"mortos";"feridos_leves";"feridos_graves";"ilesos";"ignorados";"feridos";"veiculos";"latitude";"longitude";"regional";"delegacia";"uop"
227121;2019-08-07;"quarta-feira";"00:00:00";"RN";101;125,7;"SAO JOSE DE MIPIBU";"Falta de Atenção do Pedestre";"Atropelamento de Pedestre";"Com Vítimas Fatais";"Plena Noite";"Crescente";"Chuva";"Dupla";"Reta;Interseção de Vias";"Sim";2;1;0;0;0;1;0;2;-6,07815599;-35,23412006;"SPRF-RN";"DEL01-RN";"UOP01-DEL01-RN"
227122;2019-08-07;"quarta-feira";"00:20:00";"RJ";101;68;"CAMPOS DOS GOYTACAZES";"Ultrapassagem Indevida";"Colisão frontal";"Com Vítimas Fatais";"Plena Noite";"Decrescente";"Chuva";"Simples";"Reta";"Não";5;1;0;0;3;1;0;4;-21,77186768;-41,35705017;"SPRF-RJ";"DEL08-RJ";"UOP02-DEL08-RJ"
227124;2019-08-06;"terça-feira";"20:00:00";"PR";163;27;"SANTO ANTONIO DO SUDOESTE";"Falta de Atenção à Condução";"Saída de leito carroçável";"Com Vítimas Feridas";"Plena Noite";"Decrescente";"Céu Claro";"Simples";"Reta";"Não";3;0;1;0;1;1;1;2;-26,16088889;-53,67984584;"SPRF-PR";"DEL02-PR";"UOP02-DEL02-PR"
227125;2019-08-07;"quarta-feira";"00:10:00";"SC";101;192;"BIGUACU";"Restrição de Visibilidade";"Colisão traseira";"Com Vítimas Feridas";"Plena Noite";"Crescente";"Céu Claro";"Dupla";"Reta";"Não";12;0;3;2;6;1;5;3;-27,48443781;-48,64765238;"SPRF-SC";"DEL01-SC";"UOP01-DEL01-SC"
227127;2019-08-06;"terça-feira";"23:30:00";"BA";101;895,7;"CARAVELAS";"Velocidade Incompatível";"Colisão frontal";"Com Vítimas Fatais";"Plena Noite";"Crescente";"Céu Claro";"Simples";"Curva";"Não";5;3;0;0;1;2;0;4;-17,69239448;-39,77475471;"SPRF-BA";"DEL09-BA";"UOP02-DEL09-BA"
227129;2019-08-06;"terça-feira";"19:10:00";"MG";116;414;"GOVERNADOR VALADARES";"Desobediência às normas de trânsito pelo condutor";"Colisão lateral";"Sem Vítimas";"Plena Noite";"Crescente";"Céu Claro";"Simples";"Reta";"Sim";3;0;0;0;2;1;0;3;-18,88174704;-41,95820332;"SPRF-MG";"DEL06-MG";"UOP01-DEL06-MG"
227130;2019-08-06;"terça-feira";"19:30:00";"MG";116;416;"GOVERNADOR VALADARES";"Desobediência às normas de trânsito pelo condutor";"Colisão transversal";"Com Vítimas Feridas";"Plena Noite";"Crescente";"Céu Claro";"Simples";"Reta";"Sim";2;0;1;0;1;0;1;2;-18,89215187;-41,94699543;"SPRF-MG";"DEL06-MG";"UOP01-DEL06-MG"
227131;2019-08-07;"quarta-feira";"01:30:00";"PR";376;92;"PARANAVAI";"Não guardar distância de segurança";"Colisão traseira";"Com Vítimas Feridas";"Plena Noite";"Crescente";"Céu Claro";"Simples";"Reta";"Não";3;0;0;1;1;2;1;4;-23,00741;-52,54408;"SPRF-PR";"DEL07-PR";"UOP02-DEL09-PR"
227136;2019-08-07;"quarta-feira";"03:20:00";"SC";101;368,1;"ICARA";"Ingestão de Álcool";"Colisão lateral";"Com Vítimas Feridas";"Plena Noite";"Decrescente";"Céu Claro";"Simples";"Interseção de Vias";"Não";2;0;1;0;1;0;1;2;-28,6996224;-49,19059753;"SPRF-SC";"DEL02-SC";"UOP01-DEL02-SC"
227137;2019-08-07;"quarta-feira";"03:00:00";"RJ";40;114;"DUQUE DE CAXIAS";"Condutor Dormindo";"Colisão traseira";"Com Vítimas Fatais";"Plena Noite";"Crescente";"Céu Claro";"Múltipla";"Reta";"Não";4;1;0;0;3;0;0;2;-22,71853604;-43,28993324;"SPRF-RJ";"DEL01-RJ";"UOP01-DEL01-RJ"
227142;2019-08-07;"quarta-feira";"06:30:00";"SC";470;170,4;"POUSO REDONDO";"Não guardar distância de segurança";"Colisão traseira";"Com Vítimas Feridas";"Amanhecer";"Decrescente";"Nublado";"Simples";"Aclive";"Não";2;0;1;0;0;1;1;2;-27,265903;-49,892441;"SPRF-SC";"DEL04-SC";"UOP02-DEL04-SC"
227148;2019-08-07;"quarta-feira";"07:20:00";"PE";232;10,1;"RECIFE";"Falta de Atenção à Condução";"Colisão lateral";"Sem Vítimas";"Pleno dia";"Decrescente";"Nublado";"Múltipla";"Interseção de Vias";"Sim";3;0;0;0;2;1;0;3;-8,07917241;-34,98718609;"SPRF-PE";"DEL01-PE";"UOP01-DEL01-PE"
227154;2019-08-07;"quarta-feira";"07:15:00";"RJ";116;74;"TERESOPOLIS";"Condutor Dormindo";"Colisão com objeto estático";"Com Vítimas Feridas";"Pleno dia";"Decrescente";"Céu Claro";"Simples";"Curva;Declive";"Sim";1;0;1;0;0;0;1;1;-22,35343905;-42,94244164;"SPRF-RJ";"DEL04-RJ";"UOP01-DEL04-RJ"
227155;2019-08-07;"quarta-feira";"07:10:00";"RJ";393;283,6;"VOLTA REDONDA";"Falta de Atenção à Condução";"Colisão lateral";"Com Vítimas Feridas";"Pleno dia";"Crescente";"Céu Claro";"Simples";"Curva";"Sim";2;0;0;1;1;0;1;2;-22,49249;-44,065415;"SPRF-RJ";"DEL05-RJ";"UOP04-DEL05-RJ"
227158;2019-07-20;"sábado";"23:50:00";"PA";163;390;"ITAITUBA";"Não guardar distância de segurança";"Colisão lateral";"Sem Vítimas";"Plena Noite";"Decrescente";"Céu Claro";"Simples";"Em Obras";"Não";3;0;0;0;2;4;0;6;-6,38231225;-55,56635389;"SPRF-PA";"DEL05-PA";"UOP01-DEL05-PA"
227160;2019-08-07;"quarta-feira";"06:58:00";"AL";104;87,5;"RIO LARGO";"Falta de Atenção à Condução";"Colisão traseira";"Com Vítimas Feridas";"Pleno dia";"Crescente";"Nublado";"Dupla";"Reta";"Sim";4;0;2;0;2;0;2;4;-9,47532901;-35,82160002;"SPRF-AL";"DEL01-AL";"UOP01-DEL01-AL"
227163;2019-08-01;"quinta-feira";"12:30:00";"MT";174;280;"PONTES E LACERDA";"Falta de Atenção à Condução";"Colisão lateral";"Com Vítimas Feridas";"Pleno dia";"Crescente";"Céu Claro";"Simples";"Reta";"Não";4;0;1;0;2;4;1;6;-15,29559009;-59,26929706;"SPRF-MT";"DEL04-MT";"UOP01-DEL04-MT"
227165;2019-08-07;"quarta-feira";"08:00:00";"RJ";493;15;"GUAPIMIRIM";"Falta de Atenção à Condução";"Colisão traseira";"Com Vítimas Feridas";"Pleno dia";"Decrescente";"Sol";"Dupla";"Reta";"Não";2;0;1;0;1;0;1;2;-22,66580436;-42,99104217;"SPRF-RJ";"DEL04-RJ";"UOP02-DEL04-RJ"
227167;2019-08-07;"quarta-feira";"08:27:00";"PR";277;654,5;"MATELANDIA";"Desobediência às normas de trânsito pelo condutor";"Colisão frontal";"Com Vítimas Feridas";"Pleno dia";"Crescente";"Céu Claro";"Simples";"Reta";"Não";3;0;1;0;1;2;1;4;-25,22232211;-53,9513177;"SPRF-PR";"DEL05-PR";"UOP02-DEL05-PR"
227168;2019-08-07;"quarta-feira";"08:39:00";"RJ";101;326;"NITEROI";"Falta de Atenção à Condução";"Colisão traseira";"Sem Vítimas";"Pleno dia";"Decrescente";"Sol";"Dupla";"Aclive";"Sim";4;0;0;0;4;0;0;4;-22,87206203;-43,146105;"SPRF-RJ";"DEL02-RJ";"UOP02-DEL02-RJ"
227169;2019-08-07;"quarta-feira";"08:45:00";"GO";153;700;"ITUMBIARA";"Falta de Atenção do Pedestre";"Atropelamento de Pedestre";"Com Vítimas Feridas";"Pleno dia";"Crescente";"Céu Claro";"Dupla";"Reta";"Sim";2;0;1;0;1;0;1;2;-18,3945;-49,2051;"SPRF-GO";"DEL03-GO";"UOP02-DEL03-GO"
227170;2019-08-07;"quarta-feira";"07:55:00";"MT";163;927;"ITAUBA";"Deficiência ou não Acionamento do Sistema de Iluminação/Sinalização do Veículo";"Engavetamento";"Sem Vítimas";"Pleno dia";"Crescente";"Sol";"Simples";"Reta";"Não";4;0;0;0;3;4;0;7;-11,19868697;-55,30697185;"SPRF-MT";"DEL06-MT";"UOP02-DEL06-MT"
227194;2019-08-07;"quarta-feira";"08:35:00";"SC";282;216;"LAGES";"Desobediência às normas de trânsito pelo condutor";"Colisão lateral";"Com Vítimas Feridas";"Pleno dia";"Crescente";"Céu Claro";"Simples";"Rotatória";"Sim";2;0;1;0;1;0;1;2;-27,797529;-50,291862;"SPRF-SC";"DEL05-SC";"UOP01-DEL05-SC"
227199;2019-08-07;"quarta-feira";"11:15:00";"BA";324;611;"SIMOES FILHO";"Defeito Mecânico no Veículo";"Tombamento";"Sem Vítimas";"Pleno dia";"Crescente";"Céu Claro";"Dupla";"Reta";"Não";1;0;0;0;1;0;0;1;-12,83798396;-38,41427011;"SPRF-BA";"DEL01-BA";"UOP01-DEL01-BA"
227200;2019-08-07;"quarta-feira";"10:20:00";"SP";116;228,2;"GUARULHOS";"Não guardar distância de segurança";"Colisão traseira";"Com Vítimas Feridas";"Pleno dia";"Crescente";"Sol";"Múltipla";"Reta";"Não";6;0;2;0;3;2;2;7;-23,50343484;-46,56638712;"SPRF-SP";"DEL01-SP";"UOP01-DEL01-SP"
227202;2019-08-07;"quarta-feira";"10:00:00";"MT";163;684;"LUCAS DO RIO VERDE";"Falta de Atenção à Condução";"Colisão traseira";"Com Vítimas Feridas";"Pleno dia";"Decrescente";"Céu Claro";"Simples";"Reta";"Não";6;0;2;1;2;3;3;6;-13,20814904;-55,99714391;"SPRF-MT";"DEL06-MT";"UOP01-DEL06-MT"
227203;2019-08-07;"quarta-feira";"11:25:00";"BA";242;773;"BARREIRAS";"Defeito Mecânico no Veículo";"Saída de leito carroçável";"Sem Vítimas";"Pleno dia";"Crescente";"Sol";"Simples";"Reta";"Não";1;0;0;0;1;0;0;1;-12,16628641;-44,86301791;"SPRF-BA";"DEL10-BA";"UOP01-DEL10-BA"
227205;2019-06-09;"domingo";"21:55:00";"BA";242;722;"CRISTOPOLIS";"Velocidade Incompatível";"Colisão traseira";"Com Vítimas Feridas";"Plena Noite";"Decrescente";"Céu Claro";"Simples";"Reta";"Não";4;0;0;2;1;1;2;3;-12,233501;-44,405335;"SPRF-BA";"DEL10-BA";"UOP01-DEL10-BA"
227206;2019-08-07;"quarta-feira";"11:00:00";"PR";376;445,3;"IPIRANGA";"Velocidade Incompatível";"Tombamento";"Com Vítimas Feridas";"Pleno dia";"Crescente";"Sol";"Dupla";"Curva";"Não";2;0;0;1;0;1;1;2;-24,84851248;-50,47333717;"SPRF-PR";"DEL03-PR";"UOP02-DEL03-PR"
227227;2019-08-07;"quarta-feira";"14:10:00";"PE";101;79;"JABOATAO DOS GUARARAPES";"Ingestão de Álcool";"Tombamento";"Sem Vítimas";"Pleno dia";"Crescente";"Céu Claro";"Dupla";"Curva";"Sim";2;0;0;0;1;2;0;3;-8,14604;-34,946517;"SPRF-PE";"DEL01-PE";"UOP01-DEL01-PE"
227229;2019-08-07;"quarta-feira";"12:20:00";"GO";50;214,5;"CAMPO ALEGRE DE GOIAS";"Ingestão de Álcool";"Saída de leito carroçável";"Sem Vítimas";"Pleno dia";"Crescente";"Sol";"Dupla";"Reta";"Não";2;0;0;0;1;2;0;3;-17,6717;-47,7306;"SPRF-GO";"DEL06-GO";"UOP01-DEL06-GO"
227230;2019-08-07;"quarta-feira";"12:40:00";"GO";50;273,3;"CATALAO";"Falta de Atenção à Condução";"Tombamento";"Com Vítimas Feridas";"Pleno dia";"Crescente";"Céu Claro";"Dupla";"Curva";"Não";2;0;1;0;0;1;1;2;-18,1302;-47,9047;"SPRF-GO";"DEL06-GO";"UOP01-DEL06-GO"
227231;2019-07-23;"terça-feira";"09:40:00";"SC";101;179,6;"GOVERNADOR CELSO RAMOS";"Falta de Atenção à Condução";"Colisão transversal";"Com Vítimas Feridas";"Pleno dia";"Decrescente";"Sol";"Simples";"Reta";"Não";3;0;1;1;1;0;2;2;-27,37281717;-48,63322708;"SPRF-SC";"DEL01-SC";"UOP01-DEL01-SC"
227234;2019-08-07;"quarta-feira";"15:00:00";"SP";116;438;"REGISTRO";"Falta de Atenção à Condução";"Colisão traseira";"Com Vítimas Feridas";"Pleno dia";"Decrescente";"Sol";"Dupla";"Reta";"Não";2;0;1;0;1;0;1;2;-24,42794147;-47,78303325;"SPRF-SP";"DEL05-SP";"UOP01-DEL05-SP"
227235;2019-08-07;"quarta-feira";"13:20:00";"MT";364;258;"JUSCIMEIRA";"Desobediência às normas de trânsito pelo condutor";"Colisão transversal";"Com Vítimas Feridas";"Pleno dia";"Crescente";"Céu Claro";"Simples";"Reta";"Sim";4;0;2;0;1;1;2;3;-16,056505;-54,88351;"SPRF-MT";"DEL02-MT";"UOP02-DEL05-MT"
227236;2019-08-07;"quarta-feira";"14:50:00";"SC";101;204;"SAO JOSE";"Falta de Atenção à Condução";"Colisão lateral";"Com Vítimas Feridas";"Pleno dia";"Crescente";"Céu Claro";"Múltipla";"Reta";"Sim";4;0;1;0;2;1;1;3;-27,57413014;-48,61363083;"SPRF-SC";"DEL01-SC";"UOP01-DEL01-SC"
227237;2019-08-07;"quarta-feira";"11:00:00";"PR";476;318,9;"PAULO FRONTIN";"Velocidade Incompatível";"Saída de leito carroçável";"Sem Vítimas";"Pleno dia";"Decrescente";"Sol";"Simples";"Reta";"Não";3;0;0;0;2;3;0;5;-26,055408;-50,714249;"SPRF-PR";"DEL02-PR";"UOP04-DEL02-PR"
227238;2019-08-07;"quarta-feira";"14:15:00";"SP";381;66;"MAIRIPORA";"Defeito Mecânico no Veículo";"Colisão traseira";"Sem Vítimas";"Pleno dia";"Crescente";"Sol";"Dupla";"Reta";"Sim";2;0;0;0;2;0;0;2;-23,32451103;-46,58021504;"SPRF-SP";"DEL03-SP";"UOP01-DEL03-SP"
227241;2019-08-07;"quarta-feira";"08:15:00";"PR";153;397;"PAULO FRONTIN";"Desobediência às normas de trânsito pelo condutor";"Colisão frontal";"Com Vítimas Feridas";"Pleno dia";"Crescente";"Céu Claro";"Simples";"Reta";"Não";6;0;1;0;4;3;1;8;-26,0382758;-50,83099365;"SPRF-PR";"DEL02-PR";"UOP03-DEL02-PR"
227244;2019-08-07;"quarta-feira";"14:30:00";"SC";116;4,5;"MAFRA";"Velocidade Incompatível";"Tombamento";"Sem Vítimas";"Pleno dia";"Crescente";"Céu Claro";"Simples";"Interseção de Vias";"Sim";1;0;0;0;1;0;0;1;-26,13554917;-49,8072652;"SPRF-SC";"DEL06-SC";"UOP01-DEL06-SC"
227247;2019-08-07;"quarta-feira";"11:45:00";"MG";356;264,5;"MURIAE";"Falta de Atenção à Condução";"Colisão lateral";"Com Vítimas Feridas";"Pleno dia";"Crescente";"Céu Claro";"Simples";"Interseção de Vias";"Sim";3;0;1;0;2;0;1;3;-21,12477481;-42,38015863;"SPRF-MG";"DEL07-MG";"UOP02-DEL07-MG"
227249;2019-08-07;"quarta-feira";"14:30:00";"CE";20;423,5;"MARACANAU";"Falta de Atenção à Condução";"Colisão lateral";"Sem Vítimas";"Pleno dia";"Crescente";"Sol";"Múltipla";"Retorno Regulamentado";"Sim";2;0;0;0;1;1;0;2;-3,84606272;-38,57655114;"SPRF-CE";"DEL01-CE";"UOP02-DEL01-CE"
227256;2019-08-07;"quarta-feira";"15:50:00";"MG";40;487;"CAPIM BRANCO";"Velocidade Incompatível";"Colisão com objeto estático";"Sem Vítimas";"Pleno dia";"Decrescente";"Céu Claro";"Múltipla";"Reta";"Não";3;0;0;0;2;1;0;3;-19,59896404;-44,22303708;"SPRF-MG";"DEL02-MG";"UOP01-DEL02-MG"
227260;2019-08-07;"quarta-feira";"17:50:00";"SC";470;54,9;"BLUMENAU";"Desobediência às normas de trânsito pelo condutor";"Colisão transversal";"Com Vítimas Feridas";"Anoitecer";"Crescente";"Céu Claro";"Simples";"Reta";"Sim";2;0;0;1;1;0;1;2;-26,87552613;-49,11794186;"SPRF-SC";"DEL04-SC";"UOP01-DEL04-SC"
227263;2019-08-07;"quarta-feira";"17:55:00";"RJ";40;114,2;"DUQUE DE CAXIAS";"Restrição de Visibilidade";"Colisão lateral";"Com Vítimas Feridas";"Plena Noite";"Decrescente";"Céu Claro";"Dupla";"Reta";"Não";3;0;0;1;1;1;1;3;-22,70948502;-43,29040354;"SPRF-RJ";"DEL01-RJ";"UOP01-DEL01-RJ"
227268;2019-08-07;"quarta-feira";"17:00:00";"RS";290;266,8;"CACHOEIRA DO SUL";"Ultrapassagem Indevida";"Colisão frontal";"Com Vítimas Fatais";"Pleno dia";"Decrescente";"Sol";"Simples";"Reta";"Não";3;1;0;0;1;1;0;3;-30,268398;-52,885914;"SPRF-RS";"DEL02-RS";"UOP02-DEL02-RS"
227270;2019-08-07;"quarta-feira";"18:10:00";"SC";470;50,5;"GASPAR";"Desobediência às normas de trânsito pelo condutor";"Colisão transversal";"Com Vítimas Feridas";"Plena Noite";"Crescente";"Céu Claro";"Simples";"Em Obras";"Sim";6;0;3;0;2;1;3;5;-26,859768;-49,074493;"SPRF-SC";"DEL04-SC";"UOP01-DEL04-SC"
227273;2019-08-07;"quarta-feira";"17:40:00";"PR";277;692,8;"SAO MIGUEL DO IGUACU";"Falta de Atenção à Condução";"Colisão lateral";"Com Vítimas Feridas";"Pleno dia";"Decrescente";"Sol";"Dupla";"Reta;Declive";"Não";3;0;1;0;2;0;1;2;-25,36774473;-54,26181715;"SPRF-PR";"DEL05-PR";"UOP01-DEL05-PR"
227274;2019-08-07;"quarta-feira";"18:20:00";"ES";262;194,8;"IUNA";"Deficiência ou não Acionamento do Sistema de Iluminação/Sinalização do Veículo";"Colisão traseira";"Com Vítimas Feridas";"Plena Noite";"Decrescente";"Nublado";"Simples";"Aclive;Curva";"Não";3;0;0;1;1;1;1;3;-20,28544533;-41,76941872;"SPRF-ES";"DEL01-ES";"UOP02-DEL01-ES"
227284;2019-08-07;"quarta-feira";"18:45:00";"MS";60;544,1;"NIOAQUE";"Falta de Atenção à Condução";"Colisão traseira";"Com Vítimas Fatais";"Plena Noite";"Crescente";"Céu Claro";"Simples";"Reta";"Não";3;1;0;0;0;2;0;3;-21,16323392;-55,85639808;"SPRF-MS";"DEL05-MS";"UOP01-DEL05-MS"
227290;2019-08-07;"quarta-feira";"20:05:00";"PR";277;123,1;"BALSA NOVA";"Ingestão de Álcool";"Saída de leito carroçável";"Com Vítimas Feridas";"Plena Noite";"Decrescente";"Céu Claro";"Dupla";"Reta";"Não";3;0;1;0;1;1;1;3;-25,4619768;-49,58166545;"SPRF-PR";"DEL01-PR";"UOP06-DEL01-PR"
227292;2019-08-07;"quarta-feira";"18:00:00";"MT";163;829;"SINOP";"Não guardar distância de segurança";"Tombamento";"Sem Vítimas";"Plena Noite";"Crescente";"Céu Claro";"Dupla";"Reta";"Sim";2;0;0;0;1;3;0;4;-11,87933159;-55,50005805;"SPRF-MT";"DEL06-MT";"UOP01-DEL06-MT"
227293;2019-08-07;"quarta-feira";"19:20:00";"SP";116;130,5;"CACAPAVA";"Não guardar distância de segurança";"Engavetamento";"Com Vítimas Feridas";"Plena Noite";"Crescente";"Céu Claro";"Dupla";"Reta";"Sim";7;0;2;0;3;2;2;7;-23,12313858;-45,72792271;"SPRF-SP";"DEL06-SP";"UOP02-DEL02-SP"
227296;2019-08-07;"quarta-feira";"18:00:00";"RS";392;12;"RIO GRANDE";"Desobediência às normas de trânsito pelo condutor";"Colisão lateral";"Sem Vítimas";"Anoitecer";"Crescente";"Céu Claro";"Dupla";"Reta";"Não";3;0;0;0;2;1;0;3;-32,12601434;-52,13875392;"SPRF-RS";"DEL07-RS";"UOP02-DEL07-RS"
227299;2019-08-07;"quarta-feira";"20:00:00";"MT";364;273,3;"JACIARA";"Desobediência às normas de trânsito pelo pedestre";"Atropelamento de Pedestre";"Com Vítimas Feridas";"Plena Noite";"Decrescente";"Céu Claro";"Simples";"Reta";"Sim";3;0;1;0;2;0;1;3;-15,96077957;-54,96772983;"SPRF-MT";"DEL02-MT";"UOP02-DEL05-MT"
227303;2019-08-07;"quarta-feira";"22:15:00";"SP";116;509;"CAJATI";"Falta de Atenção à Condução";"Tombamento";"Sem Vítimas";"Plena Noite";"Decrescente";"Céu Claro";"Simples";"Curva";"Não";2;0;0;0;1;1;0;2;-24,82178987;-48,21419034;"SPRF-SP";"DEL05-SP";"UAP01-DEL05-SP"
227308;2019-08-07;"quarta-feira";"22:30:00";"PR";373;270,5;"PRUDENTOPOLIS";"Velocidade Incompatível";"Saída de leito carroçável";"Com Vítimas Feridas";"Plena Noite";"Decrescente";"Céu Claro";"Simples";"Curva";"Não";1;0;1;0;0;0;1;1;-25,23013882;-51,03346825;"SPRF-PR";"DEL03-PR";"UOP01-DEL03-PR"
227315;2019-08-08;"quinta-feira";"00:40:00";"ES";101;125;"SOORETAMA";"Condutor Dormindo";"Colisão traseira";"Com Vítimas Feridas";"Plena Noite";"Decrescente";"Ignorado";"Simples";"Reta";"Sim";2;0;1;0;1;0;1;2;-19,18496498;-40,09429827;"SPRF-ES";"DEL04-ES";"UOP01-DEL04-ES"
227316;2019-08-07;"quarta-feira";"22:20:00";"SC";101;314,8;"LAGUNA";"Falta de Atenção à Condução";"Colisão lateral";"Com Vítimas Feridas";"Plena Noite";"Decrescente";"Céu Claro";"Dupla";"Curva";"Não";2;0;1;0;1;0;1;2;-28,43283616;-48,84653449;"SPRF-SC";"DEL02-SC";"UOP01-DEL02-SC"
227320;2019-08-08;"quinta-feira";"00:40:00";"ES";101;270,4;"SERRA";"Desobediência às normas de trânsito pelo condutor";"Colisão transversal";"Com Vítimas Feridas";"Plena Noite";"Decrescente";"Nublado";"Múltipla";"Interseção de Vias;Reta";"Sim";5;0;1;1;1;2;2;4;-20,23116391;-40,27357221;"SPRF-ES";"DEL02-ES";"UOP01-DEL02-ES"
227321;2019-08-08;"quinta-feira";"00:40:00";"SP";116;298;"SAO LOURENCO DA SERRA";"Condutor Dormindo";"Colisão traseira";"Com Vítimas Feridas";"Plena Noite";"Crescente";"Nublado";"Dupla";"Reta";"Não";4;0;0;1;2;1;1;3;-23,790858;-46,91450298;"SPRF-SP";"DEL04-SP";"UOP01-DEL04-SP"
227326;2019-08-08;"quinta-feira";"01:50:00";"GO";153;615,3;"MORRINHOS";"Falta de Atenção à Condução";"Colisão traseira";"Com Vítimas Feridas";"Plena Noite";"Crescente";"Céu Claro";"Dupla";"Reta";"Não";4;0;2;0;1;1;2;3;-17,6778;-49,1621;"SPRF-GO";"DEL03-GO";"UOP01-DEL03-GO"
227327;2019-08-08;"quinta-feira";"02:50:00";"PR";116;20;"ANTONINA";"Condutor Dormindo";"Saída de leito carroçável";"Com Vítimas Feridas";"Plena Noite";"Crescente";"Céu Claro";"Dupla";"Curva";"Não";2;0;1;0;0;1;1;2;-25,10052421;-48,72981603;"SPRF-PR";"DEL01-PR";"UOP02-DEL01-PR"
227334;2019-08-08;"quinta-feira";"05:40:00";"PE";104;118,9;"PANELAS";"Falta de Atenção à Condução";"Tombamento";"Com Vítimas Fatais";"Amanhecer";"Decrescente";"Chuva";"Simples";"Curva";"Não";1;1;0;0;0;0;0;1;-8,687511;-36,017384;"SPRF-PE";"DEL02-PE";"UOP01-DEL02-PE"
227338;2019-08-08;"quinta-feira";"06:50:00";"PE";316;311;"FLORESTA";"Defeito Mecânico no Veículo";"Saída de leito carroçável";"Com Vítimas Feridas";"Pleno dia";"Decrescente";"Nevoeiro/Neblina";"Simples";"Declive";"Não";2;0;1;0;1;0;1;1;-8,66345703;-38,54702708;"SPRF-PE";"DEL04-PE";"UOP03-DEL04-PE"
227341;2019-08-08;"quinta-feira";"06:55:00";"MG";262;108,6;"SANTO ANTONIO DO GRAMA";"Pista Escorregadia";"Colisão frontal";"Com Vítimas Feridas";"Pleno dia";"Crescente";"Garoa/Chuvisco";"Simples";"Declive;Curva";"Não";3;0;1;1;1;0;2;2;-20,26873527;-42,56922396;"SPRF-MG";"DEL03-MG";"UOP03-DEL03-MG"
227344;2019-08-07;"quarta-feira";"10:20:00";"PR";277;4,4;"PARANAGUA";"Falta de Atenção à Condução";"Colisão transversal";"Com Vítimas Feridas";"Pleno dia";"Decrescente";"Céu Claro";"Simples";"Reta";"Sim";2;0;0;1;1;0;1;2;-25,54832693;-48,5609436;"SPRF-PR";"DEL01-PR";"UOP05-DEL01-PR"
227350;2019-08-08;"quinta-feira";"08:05:00";"PR";476;150;"ARAUCARIA";"Não guardar distância de segurança";"Colisão traseira";"Com Vítimas Feridas";"Pleno dia";"Decrescente";"Céu Claro";"Dupla";"Reta";"Não";6;0;1;0;5;0;1;6;-25,558477;-49,368313;"SPRF-PR";"DEL01-PR";"UOP06-DEL01-PR"
227352;2019-08-08;"quinta-feira";"07:15:00";"RS";285;475,7;"CORONEL BARROS";"Desobediência às normas de trânsito pelo condutor";"Colisão transversal";"Com Vítimas Feridas";"Pleno dia";"Crescente";"Sol";"Dupla";"Interseção de Vias";"Sim";13;0;2;0;11;0;2;2;-28,382809;-54,051552;"SPRF-RS";"DEL10-RS";"UOP01-DEL10-RS"
227354;2019-08-08;"quinta-feira";"07:45:00";"PR";277;199;"PALMEIRA";"Falta de Atenção à Condução";"Colisão frontal";"Com Vítimas Feridas";"Pleno dia";"Decrescente";"Céu Claro";"Simples";"Curva";"Não";4;0;2;0;2;0;2;2;-25,4655146;-50,27160379;"SPRF-PR";"DEL03-PR";"UOP02-DEL08-PR"
227355;2019-08-07;"quarta-feira";"11:30:00";"BA";20;72;"CORRENTINA";"Defeito Mecânico no Veículo";"Incêndio";"Sem Vítimas";"Pleno dia";"Decrescente";"Sol";"Simples";"Reta";"Não";2;0;0;0;1;1;0;2;-13,52586043;-46,10488068;"SPRF-BA";"DEL10-BA";"UOP01-DEL10-BA"
227358;2019-08-08;"quinta-feira";"07:45:00";"SP";116;508;"CAJATI";"Velocidade Incompatível";"Tombamento";"Com Vítimas Feridas";"Pleno dia";"Crescente";"Céu Claro";"Simples";"Curva";"Não";1;0;1;0;0;0;1;1;-24,81333299;-48,21310484;"SPRF-SP";"DEL05-SP";"UAP01-DEL05-SP"
227373;2019-08-08;"quinta-feira";"06:50:00";"MG";251;470,9;"FRANCISCO SA";"Velocidade Incompatível";"Saída de leito carroçável";"Com Vítimas Feridas";"Pleno dia";"Crescente";"Chuva";"Simples";"Reta";"Não";1;0;1;0;0;0;1;1;-16,4718381;-43,42537022;"SPRF-MG";"DEL12-MG";"UOP01-DEL12-MG"
227375;2019-08-08;"quinta-feira";"08:30:00";"MG";381;610,5;"OLIVEIRA";"Falta de Atenção à Condução";"Colisão traseira";"Com Vítimas Feridas";"Pleno dia";"Decrescente";"Céu Claro";"Dupla";"Curva";"Não";5;0;1;0;3;2;1;5;-20,70696772;-44,75457935;"SPRF-MG";"DEL04-MG";"UOP01-DEL04-MG"
227382;2019-08-08;"quinta-feira";"09:50:00";"RS";386;343,5;"LAJEADO";"Pista Escorregadia";"Tombamento";"Com Vítimas Feridas";"Pleno dia";"Crescente";"Céu Claro";"Simples";"Reta";"Sim";4;0;3;0;1;0;3;4;-29,434835;-52,002365;"SPRF-RS";"DEL04-RS";"UOP01-DEL04-RS"
227386;2019-07-06;"sábado";"14:45:00";"MG";365;456,5;"PATROCINIO";"Falta de Atenção à Condução";"Tombamento";"Com Vítimas Feridas";"Pleno dia";"Crescente";"Céu Claro";"Simples";"Reta";"Não";2;0;1;1;0;0;2;1;-18,85459953;-46,87941363;"SPRF-MG";"DEL10-MG";"UOP01-DEL10-MG"