"id";"data_inversa";"dia_semana";"horario";"uf";"br";"km";"municipio";"causa_acidente";"tipo_acidente";"classificacao_acidente";"fase_dia";"sentido_via";"condicao_metereologica";"tipo_pista";"tracado_via";"uso_solo";"pessoas";"mortos";"feridos_leves";"feridos_graves";"ilesos";"ignorados";"feridos";"veiculos";"latitude";"longitude";"regional";"delegacia";"uop"
227705;2019-08-09;"sexta-feira";"15:00:00";"GO";20;248,1;"GUARANI DE GOIAS";"Condutor Dormindo";"Colisão frontal";"Com Vítimas Fatais";"Pleno dia";"Crescente";"Céu Claro";"Simples";"Reta";"Não";4;2;1;0;0;2;1;4;-13,99195;-46,201012;"SPRF-DF";"DEL02-DF";"UOP03-DEL02-DF"
227711;2019-08-09;"sexta-feira";"04:30:00";"MA";226;216,5;"TUNTUM";"Não guardar distância de segurança";"Colisão traseira";"Com Vítimas Feridas";"Amanhecer";"Crescente";"Céu Claro";"Simples";"Aclive";"Não";3;0;2;0;0;1;2;2;-5,3198417;-44,59070515;"SPRF-MA";"DEL03-MA";"UOP01-DEL03-MA"
227712;2019-08-09;"sexta-feira";"19:10:00";"SP";116;212;"GUARULHOS";"Ingestão de Álcool";"Colisão traseira";"Sem Vítimas";"Plena Noite";"Crescente";"Céu Claro";"Múltipla";"Reta";"Sim";2;0;0;0;2;0;0;2;-23,43608315;-46,42805094;"SPRF-SP";"DEL01-SP";"UOP01-DEL01-SP"
227716;2019-08-09;"sexta-feira";"19:15:00";"MG";267;152;"LIMA DUARTE";"Ultrapassagem Indevida";"Colisão lateral";"Com Vítimas Feridas";"Plena Noite";"Crescente";"Céu Claro";"Simples";"Reta";"Não";5;0;2;0;2;1;2;4;-21,825264;-43,75612716;"SPRF-MG";"DEL05-MG";"UOP01-DEL05-MG"
227718;2019-08-09;"sexta-feira";"20:20:00";"ES";101;144;"LINHARES";"Falta de Atenção à Condução";"Colisão traseira";"Com Vítimas Feridas";"Plena Noite";"Decrescente";"Céu Claro";"Dupla";"Reta";"Sim";2;0;0;1;1;0;1;2;-19,35188295;-40,0636685;"SPRF-ES";"DEL04-ES";"UOP01-DEL04-ES"
227725;2019-08-09;"sexta-feira";"18:30:00";"CE";222;265,7;"COREAU";"Avarias e/ou desgaste excessivo no pneu";"Capotamento";"Sem Vítimas";"Plena Noite";"Crescente";"Céu Claro";"Simples";"Reta";"Não";1;0;0;0;1;0;0;1;-3,74873692;-40,69363201;"SPRF-CE";"DEL04-CE";"UOP02-DEL04-CE"
227727;2019-08-09;"sexta-feira";"19:30:00";"PR";277;119,5;"CAMPO LARGO";"Não guardar distância de segurança";"Colisão traseira";"Com Vítimas Feridas";"Plena Noite";"Decrescente";"Céu Claro";"Dupla";"Reta";"Não";3;0;1;0;1;1;1;3;-25,45638741;-49,5588702;"SPRF-PR";"DEL01-PR";"UOP06-DEL01-PR"
227732;2019-08-09;"sexta-feira";"18:50:00";"BA";116;443,9;"ANTONIO CARDOSO";"Falta de Atenção à Condução";"Colisão traseira";"Com Vítimas Feridas";"Plena Noite";"Crescente";"Nublado";"Dupla";"Reta";"Não";3;0;0;1;1;1;1;3;-12,36148889;-39,10403989;"SPRF-BA";"DEL02-BA";"UOP01-DEL02-BA"
227738;2019-08-09;"sexta-feira";"21:00:00";"SP";116;347,5;"MIRACATU";"Defeito Mecânico no Veículo";"Colisão traseira";"Sem Vítimas";"Plena Noite";"Crescente";"Ignorado";"Dupla";"Reta";"Não";2;0;0;0;2;0;0;2;-24,04908977;-47,19902515;"SPRF-SP";"DEL04-SP";"UOP03-DEL04-SP"
227747;2019-08-09;"sexta-feira";"22:25:00";"SE";235;12,7;"NOSSA SENHORA DO SOCORRO";"Pista Escorregadia";"Tombamento";"Com Vítimas Feridas";"Plena Noite";"Crescente";"Chuva";"Simples";"Aclive";"Não";3;0;3;0;0;0;3;1;-10,872643;-37,163246;"SPRF-SE";"DEL01-SE";"UOP01-DEL01-SE"
227751;2019-08-09;"sexta-feira";"21:30:00";"SC";282;214,1;"LAGES";"Condutor Dormindo";"Colisão frontal";"Com Vítimas Feridas";"Plena Noite";"Decrescente";"Céu Claro";"Simples";"Reta";"Sim";3;0;2;1;0;0;3;2;-27,78973191;-50,27264357;"SPRF-SC";"DEL05-SC";"UOP01-DEL05-SC"
227753;2019-08-09;"sexta-feira";"22:25:00";"RS";290;280,5;"CACHOEIRA DO SUL";"Falta de Atenção à Condução";"Colisão transversal";"Com Vítimas Feridas";"Plena Noite";"Crescente";"Chuva";"Simples";"Reta";"Não";5;0;1;0;3;2;1;4;-30,254091;-53,023884;"SPRF-RS";"DEL02-RS";"UOP02-DEL02-RS"
227760;2019-08-09;"sexta-feira";"23:00:00";"SP";116;198;"ARUJA";"Falta de Atenção do Pedestre";"Atropelamento de Pedestre";"Com Vítimas Fatais";"Plena Noite";"Decrescente";"Céu Claro";"Dupla";"Declive";"Sim";2;1;0;0;0;1;0;2;-23,399937;-46,302038;"SPRF-SP";"DEL01-SP";"UOP02-DEL01-SP"
227761;2019-08-09;"sexta-feira";"23:40:00";"TO";153;351,1;"FORTALEZA DO TABOCAO";"Falta de Atenção à Condução";"Colisão traseira";"Com Vítimas Feridas";"Plena Noite";"Crescente";"Nublado";"Simples";"Reta";"Não";3;0;1;0;1;1;1;3;-8,98695198;-48,49979919;"SPRF-TO";"DEL02-TO";"UOP02-DEL02-TO"
227766;2019-08-10;"sábado";"00:20:00";"PR";376;590,2;"CURITIBA";"Defeito Mecânico no Veículo";"Incêndio";"Sem Vítimas";"Plena Noite";"Decrescente";"Céu Claro";"Dupla";"Reta";"Sim";2;0;0;0;1;2;0;3;-25,45155592;-49,36237578;"SPRF-PR";"DEL01-PR";"UOP06-DEL01-PR"
227771;2019-08-09;"sexta-feira";"22:30:00";"SC";116;27,2;"ITAIOPOLIS";"Deficiência ou não Acionamento do Sistema de Iluminação/Sinalização do Veículo";"Colisão traseira";"Com Vítimas Fatais";"Pleno dia";"Decrescente";"Céu Claro";"Simples";"Reta";"Não";4;1;0;0;1;2;0;4;-26,29228969;-49,94234725;"SPRF-SC";"DEL06-SC";"UOP01-DEL06-SC"
227774;2019-08-10;"sábado";"00:40:00";"CE";116;179;"RUSSAS";"Desobediência às normas de trânsito pelo condutor";"Colisão transversal";"Com Vítimas Fatais";"Plena Noite";"Crescente";"Céu Claro";"Simples";"Interseção de Vias";"Não";3;2;0;0;1;0;0;2;-5,04131411;-38,090415;"SPRF-CE";"DEL03-CE";"UOP01-DEL03-CE"
227775;2019-08-10;"sábado";"01:50:00";"TO";226;66;"WANDERLANDIA";"Condutor Dormindo";"Saída de leito carroçável";"Com Vítimas Fatais";"Plena Noite";"Decrescente";"Céu Claro";"Simples";"Reta";"Não";2;1;0;0;0;1;0;2;-6,83614;-47,927681;"SPRF-TO";"DEL02-TO";"UOP03-DEL02-TO"
227777;2019-08-10;"sábado";"01:50:00";"PR";376;517,8;"PONTA GROSSA";"Falta de Atenção do Pedestre";"Atropelamento de Pedestre";"Com Vítimas Fatais";"Plena Noite";"Crescente";"Nublado";"Dupla";"Reta";"Não";5;1;0;0;1;3;0;2;-25,26986796;-49,93608;"SPRF-PR";"DEL03-PR";"UOP04-DEL03-PR"
227800;2019-08-10;"sábado";"03:45:00";"PR";476;211;"LAPA";"Falta de Atenção à Condução";"Tombamento";"Com Vítimas Feridas";"Plena Noite";"Crescente";"Céu Claro";"Múltipla";"Reta";"Não";2;0;1;0;0;1;1;2;-25,78335317;-49,85179424;"SPRF-PR";"DEL02-PR";"UOP04-DEL02-PR"
227806;2019-08-10;"sábado";"06:05:00";"SC";101;232;"PALHOCA";"Desobediência às normas de trânsito pelo condutor";"Colisão traseira";"Sem Vítimas";"Plena Noite";"Decrescente";"Nublado";"Dupla";"Declive";"Sim";2;0;0;0;2;0;0;2;-27,795666;-48,638153;"SPRF-SC";"DEL01-SC";"UOP02-DEL01-SC"
227823;2019-08-10;"sábado";"08:10:00";"PR";277;361,3;"GUARAPUAVA";"Falta de Atenção à Condução";"Colisão frontal";"Com Vítimas Fatais";"Pleno dia";"Decrescente";"Céu Claro";"Simples";"Reta";"Não";2;1;0;0;1;0;0;2;-25,41720101;-51,571591;"SPRF-PR";"DEL03-PR";"UOP01-DEL08-PR"
227828;2019-08-10;"sábado";"08:40:00";"PR";376;429;"TIBAGI";"Ultrapassagem Indevida";"Colisão frontal";"Com Vítimas Fatais";"Pleno dia";"Crescente";"Céu Claro";"Simples";"Curva";"Não";7;2;0;1;1;4;1;5;-24,78765388;-50,50695374;"SPRF-PR";"DEL03-PR";"UOP02-DEL03-PR"
227831;2019-07-26;"sexta-feira";"03:25:00";"PR";373;198;"IPIRANGA";"Velocidade Incompatível";"Tombamento";"Com Vítimas Feridas";"Plena Noite";"Decrescente";"Céu Claro";"Simples";"Curva";"Não";2;0;0;1;0;2;1;3;-25,07814896;-50,40118103;"SPRF-PR";"DEL03-PR";"UOP01-DEL03-PR"
227837;2019-08-10;"sábado";"07:30:00";"RS";116;400,4;"CAMAQUA";"Condutor Dormindo";"Colisão traseira";"Sem Vítimas";"Amanhecer";"Crescente";"Sol";"Simples";"Reta";"Não";2;0;0;0;2;0;0;2;-30,87210669;-51,80852516;"SPRF-RS";"DEL02-RS";"UOP03-DEL02-RS"
227838;2019-08-10;"sábado";"09:15:00";"PE";232;8;"RECIFE";"Velocidade Incompatível";"Engavetamento";"Sem Vítimas";"Pleno dia";"Crescente";"Céu Claro";"Dupla";"Reta";"Sim";3;0;0;0;3;0;0;3;-8,07583727;-34,97015791;"SPRF-PE";"DEL01-PE";"UOP01-DEL01-PE"
227844;2019-06-09;"domingo";"21:30:00";"BA";116;361;"SERRINHA";"Não guardar distância de segurança";"Colisão traseira";"Com Vítimas Feridas";"Plena Noite";"Decrescente";"Chuva";"Simples";"Reta";"Não";2;0;1;0;1;0;1;2;-11,68178208;-38,99221112;"SPRF-BA";"DEL02-BA";"UOP01-DEL02-BA"
227850;2019-08-10;"sábado";"09:30:00";"MG";40;751,4;"JUIZ DE FORA";"Defeito Mecânico no Veículo";"Colisão lateral";"Com Vítimas Feridas";"Pleno dia";"Decrescente";"Céu Claro";"Simples";"Reta";"Não";4;0;2;0;1;1;2;3;-21,6048672;-43,454839;"SPRF-MG";"DEL05-MG";"UOP01-DEL05-MG"
227854;2019-08-10;"sábado";"11:30:00";"AL";101;51,8;"FLEXEIRAS";"Defeito Mecânico no Veículo";"Tombamento";"Com Vítimas Feridas";"Pleno dia";"Crescente";"Sol";"Dupla";"Reta";"Não";2;0;1;0;0;1;1;2;-9,241987;-35,760014;"SPRF-AL";"DEL01-AL";"UOP01-DEL01-AL"
227859;2019-08-10;"sábado";"08:30:00";"MA";316;609,9;"TIMON";"Falta de Atenção à Condução";"Colisão traseira";"Com Vítimas Feridas";"Pleno dia";"Decrescente";"Céu Claro";"Simples";"Aclive";"Não";3;0;0;1;1;1;1;3;-5,065395;-42,884464;"SPRF-MA";"DEL03-MA";"UOP02-DEL03-MA"
227868;2019-08-10;"sábado";"11:30:00";"AM";174;890;"MANAUS";"Desobediência às normas de trânsito pelo condutor";"Colisão frontal";"Com Vítimas Fatais";"Pleno dia";"Decrescente";"Céu Claro";"Simples";"Reta";"Não";5;1;0;0;1;4;0;5;-2,92864028;-60,03513336;"SPRF-AM";"DEL01-AM";"UOP01-DEL01-AM"
227873;2019-08-10;"sábado";"10:30:00";"MG";381;535,9;"ITATIAIUCU";"Falta de Atenção à Condução";"Colisão traseira";"Com Vítimas Feridas";"Pleno dia";"Crescente";"Céu Claro";"Dupla";"Reta;Aclive";"Não";3;0;1;0;1;2;1;4;-20,21567611;-44,39359676;"SPRF-MG";"DEL04-MG";"UOP03-DEL04-MG"
227884;2019-08-10;"sábado";"14:25:00";"SC";470;57,5;"BLUMENAU";"Desobediência às normas de trânsito pelo condutor";"Colisão transversal";"Sem Vítimas";"Pleno dia";"Crescente";"Sol";"Simples";"Interseção de Vias";"Sim";2;0;0;0;2;0;0;2;-26,88266776;-49,14204511;"SPRF-SC";"DEL04-SC";"UOP01-DEL04-SC"
227885;2019-08-09;"sexta-feira";"21:00:00";"MA";222;619,2;"ACAILANDIA";"Defeito na Via";"Saída de leito carroçável";"Com Vítimas Feridas";"Plena Noite";"Crescente";"Céu Claro";"Simples";"Declive";"Sim";4;0;2;0;1;2;2;3;-4,74056529;-47,02947074;"SPRF-MA";"DEL04-MA";"UOP03-DEL04-MA"
227889;2019-08-10;"sábado";"14:45:00";"RJ";40;122;"DUQUE DE CAXIAS";"Falta de Atenção à Condução";"Colisão traseira";"Com Vítimas Feridas";"Pleno dia";"Crescente";"Céu Claro";"Múltipla";"Reta";"Sim";7;0;6;0;0;1;6;4;-22,79083113;-43,28611569;"SPRF-RJ";"DEL01-RJ";"UOP01-DEL01-RJ"
227891;2019-08-10;"sábado";"14:00:00";"SP";381;37,1;"ATIBAIA";"Falta de Atenção à Condução";"Colisão com objeto estático";"Sem Vítimas";"Pleno dia";"Decrescente";"Céu Claro";"Dupla";"Reta";"Sim";1;0;0;0;1;0;0;1;-23,10506237;-46,56881577;"SPRF-SP";"DEL03-SP";"UOP01-DEL03-SP"
227902;2019-08-10;"sábado";"14:30:00";"MT";163;783;"SORRISO";"Ingestão de Álcool";"Colisão transversal";"Com Vítimas Feridas";"Pleno dia";"Crescente";"Céu Claro";"Simples";"Reta";"Sim";4;0;2;0;1;2;2;4;-12,30992;-55,57742;"SPRF-MT";"DEL06-MT";"UOP01-DEL06-MT"
227911;2019-08-10;"sábado";"15:30:00";"SP";381;36,6;"ATIBAIA";"Velocidade Incompatível";"Tombamento";"Com Vítimas Feridas";"Pleno dia";"Decrescente";"Céu Claro";"Dupla";"Reta";"Não";2;0;1;0;0;1;1;2;-23,10111364;-46,56892598;"SPRF-SP";"DEL03-SP";"UOP02-DEL03-SP"
227918;2019-08-10;"sábado";"13:30:00";"MS";267;224,5;"NOVA ALVORADA DO SUL";"Mal Súbito";"Colisão lateral";"Com Vítimas Feridas";"Pleno dia";"Decrescente";"Céu Claro";"Simples";"Reta";"Não";5;0;1;0;3;6;1;10;-21,53997042;-54,16513586;"SPRF-MS";"DEL02-MS";"UOP01-DEL02-MS"
227923;2019-08-10;"sábado";"16:40:00";"PE";428;84;"SANTA MARIA DA BOA VISTA";"Falta de Atenção à Condução";"Colisão lateral";"Sem Vítimas";"Pleno dia";"Crescente";"Céu Claro";"Simples";"Reta";"Sim";3;0;0;0;1;2;0;3;-8,79836855;-39,83115382;"SPRF-PE";"DEL06-PE";"UOP03-DEL06-PE"
227926;2019-08-10;"sábado";"16:49:00";"RO";319;63,4;"PORTO VELHO";"Não guardar distância de segurança";"Colisão lateral";"Com Vítimas Feridas";"Pleno dia";"Crescente";"Céu Claro";"Dupla";"Reta";"Sim";3;0;1;0;2;0;1;3;-8,766685;-63,884052;"SPRF-RO";"DEL01-RO";"UOP01-DEL01-RO"
227928;2019-08-10;"sábado";"16:50:00";"AM";319;58,1;"CAREIRO";"Condutor Dormindo";"Saída de leito carroçável";"Sem Vítimas";"Pleno dia";"Crescente";"Sol";"Simples";"Reta";"Não";1;0;0;0;0;1;0;1;-3,46578114;-60,06076095;"SPRF-AM";"DEL01-AM";"UOP04-DEL01-AM"
227940;2019-08-10;"sábado";"19:20:00";"GO";80;50,8;"PADRE BERNARDO";"Falta de Atenção à Condução";"Colisão frontal";"Sem Vítimas";"Plena Noite";"Crescente";"Céu Claro";"Simples";"Reta;Aclive";"Não";3;0;0;0;3;0;0;3;-15,157113;-48,320441;"SPRF-DF";"DEL01-DF";"UOP02-DEL03-DF"
227949;2019-08-10;"sábado";"19:20:00";"CE";222;156;"IRAUCUBA";"Defeito Mecânico no Veículo";"Incêndio";"Sem Vítimas";"Plena Noite";"Crescente";"Céu Claro";"Simples";"Curva";"Não";1;0;0;0;1;0;0;1;-3,73602738;-39,84136494;"SPRF-CE";"DEL04-CE";"UOP03-DEL04-CE"
227953;2019-08-10;"sábado";"17:40:00";"BA";415;61,8;"ITAPE";"Falta de Atenção à Condução";"Colisão frontal";"Com Vítimas Feridas";"Anoitecer";"Decrescente";"Céu Claro";"Simples";"Curva";"Não";4;0;1;0;1;2;1;4;-14,84177988;-39,33145702;"SPRF-BA";"DEL05-BA";"UOP01-DEL05-BA"
227976;2019-08-10;"sábado";"20:45:00";"MS";163;494,1;"CAMPO GRANDE";"Falta de Atenção à Condução";"Colisão traseira";"Com Vítimas Feridas";"Plena Noite";"Crescente";"Céu Claro";"Simples";"Reta;Aclive";"Não";3;0;0;1;1;1;1;3;-20,38477282;-54,54412511;"SPRF-MS";"DEL01-MS";"UOP02-DEL01-MS"
227982;2019-08-10;"sábado";"21:00:00";"MS";262;741,9;"CORUMBA";"Animais na Pista";"Atropelamento de Animal";"Sem Vítimas";"Plena Noite";"Crescente";"Céu Claro";"Simples";"Reta";"Não";1;0;0;0;1;0;0;1;-19,29514476;-57,61541605;"SPRF-MS";"DEL03-MS";"UOP03-DEL03-MS"
227991;2019-08-10;"sábado";"21:30:00";"MT";163;1010;"TERRA NOVA DO NORTE";"Defeito na Via";"Colisão com objeto estático";"Com Vítimas Feridas";"Plena Noite";"Decrescente";"Céu Claro";"Simples";"Reta;Aclive";"Não";6;0;2;3;0;2;5;4;-10,53593598;-55,08238905;"SPRF-MT";"DEL06-MT";"UOP02-DEL06-MT"
227996;2019-08-10;"sábado";"23:00:00";"MG";365;606;"UBERLANDIA";"Defeito Mecânico no Veículo";"Engavetamento";"Com Vítimas Feridas";"Plena Noite";"Crescente";"Céu Claro";"Simples";"Reta";"Não";7;0;1;0;6;0;1;6;-18,91688593;-48,17707923;"SPRF-MG";"DEL15-MG";"UOP01-DEL15-MG"
228016;2019-08-10;"sábado";"21:50:00";"SP";116;350;"MIRACATU";"Ingestão de Álcool";"Colisão com objeto estático";"Sem Vítimas";"Plena Noite";"Crescente";"Céu Claro";"Dupla";"Curva";"Não";1;0;0;0;1;0;0;1;-24,05853299;-47,21739301;"SPRF-SP";"DEL04-SP";"UOP03-DEL04-SP"
228041;2019-08-11;"domingo";"03:40:00";"RJ";116;178,5;"NOVA IGUACU";"Ingestão de Álcool";"Colisão traseira";"Com Vítimas Feridas";"Plena Noite";"Crescente";"Céu Claro";"Dupla";"Reta";"Sim";3;0;1;0;2;0;1;3;-22,77496393;-43,40081465;"SPRF-RJ";"DEL01-RJ";"UOP02-DEL01-RJ"
228056;2019-08-11;"domingo";"03:45:00";"PR";153;119,2;"IBAITI";"Velocidade Incompatível";"Tombamento";"Com Vítimas Feridas";"Plena Noite";"Crescente";"Céu Claro";"Simples";"Declive;Curva";"Não";2;0;1;0;0;1;1;2;-23,91812302;-50,22862199;"SPRF-PR";"DEL07-PR";"UOP04-DEL07-PR"
228057;2019-08-11;"domingo";"05:50:00";"PR";476;280;"SAO MATEUS DO SUL";"Ingestão de Álcool";"Colisão frontal";"Com Vítimas Feridas";"Amanhecer";"Crescente";"Céu Claro";"Dupla";"Reta";"Sim";3;0;1;0;1;1;1;3;-25,87352;-50,415565;"SPRF-PR";"DEL02-PR";"UOP04-DEL02-PR"
228070;2019-08-11;"domingo";"07:15:00";"SE";235;33;"AREIA BRANCA";"Ingestão de Álcool";"Colisão traseira";"Com Vítimas Feridas";"Pleno dia";"Crescente";"Garoa/Chuvisco";"Simples";"Reta";"Sim";2;0;0;1;1;0;1;2;-10,762641;-37,30447;"SPRF-SE";"DEL01-SE";"UOP02-DEL01-SE"
228077;2019-08-11;"domingo";"06:30:00";"GO";452;12,9;"RIO VERDE";"Defeito na Via";"Saída de leito carroçável";"Com Vítimas Feridas";"Amanhecer";"Crescente";"Céu Claro";"Simples";"Reta";"Não";3;0;0;2;1;0;2;1;-17,83880159;-50,80217585;"SPRF-GO";"DEL04-GO";"UOP01-DEL04-GO"
228095;2019-08-11;"domingo";"09:10:00";"SP";116;336;"JUQUITIBA";"Falta de Atenção à Condução";"Colisão traseira";"Com Vítimas Fatais";"Pleno dia";"Crescente";"Céu Claro";"Dupla";"Curva;Declive";"Não";5;1;1;0;2;1;1;3;-23,97462;-47,13978;"SPRF-SP";"DEL04-SP";"UOP03-DEL04-SP"
228099;2019-08-11;"domingo";"09:30:00";"PA";163;985;"SANTAREM";"Falta de Atenção à Condução";"Colisão lateral";"Com Vítimas Feridas";"Pleno dia";"Crescente";"Céu Claro";"Simples";"Reta";"Sim";4;0;1;0;1;2;1;3;-2,60170904;-54,7193154;"SPRF-PA";"DEL05-PA";"UOP01-DEL05-PA"
228102;2019-08-11;"domingo";"09:30:00";"PR";277;124,7;"CAMPO LARGO";"Falta de Atenção à Condução";"Colisão lateral";"Sem Vítimas";"Pleno dia";"Crescente";"Nublado";"Dupla";"Reta";"Sim";2;0;0;0;2;0;0;2;-25,4472505;-49,47885404;"SPRF-PR";"DEL01-PR";"UOP06-DEL01-PR"
228130;2019-08-11;"domingo";"13:20:00";"BA";418;87,4;"NOVA VICOSA";"Falta de Atenção à Condução";"Colisão transversal";"Com Vítimas Feridas";"Pleno dia";"Decrescente";"Céu Claro";"Simples";"Reta";"Sim";2;0;0;1;1;0;1;2;-17,892078;-39,81627;"SPRF-BA";"DEL09-BA";"UOP02-DEL09-BA"
228133;2019-08-11;"domingo";"14:05:00";"RJ";116;303,3;"RESENDE";"Falta de Atenção à Condução";"Colisão lateral";"Com Vítimas Feridas";"Pleno dia";"Crescente";"Céu Claro";"Múltipla";"Reta;Declive";"Sim";3;0;1;0;1;1;1;3;-22,45434989;-44,37845201;"SPRF-RJ";"DEL07-RJ";"DEL5/7-UOP03/RJ"
228134;2019-08-11;"domingo";"17:28:00";"BA";116;828;"VITORIA DA CONQUISTA";"Ingestão de Substâncias Psicoativas";"Colisão lateral";"Sem Vítimas";"Pleno dia";"Decrescente";"Céu Claro";"Simples";"Reta";"Sim";2;0;0;0;2;0;0;2;-14,89608021;-40,86553574;"SPRF-BA";"DEL08-BA";"UOP01-DEL08-BA"
228135;2019-08-11;"domingo";"14:30:00";"BA";101;103;"ALAGOINHAS";"Falta de Atenção à Condução";"Colisão lateral";"Com Vítimas Feridas";"Pleno dia";"Decrescente";"Céu Claro";"Simples";"Aclive";"Não";3;0;1;0;2;0;1;3;-12,15963868;-38,41162324;"SPRF-BA";"DEL01-BA";"UOP04-DEL01-BA"
228136;2019-08-11;"domingo";"14:35:00";"MG";459;75,5;"SENADOR JOSE BENTO";"Desobediência às normas de trânsito pelo condutor";"Tombamento";"Com Vítimas Fatais";"Pleno dia";"Crescente";"Céu Claro";"Simples";"Curva";"Não";1;1;0;0;0;0;0;1;-22,15087144;-46,12072349;"SPRF-MG";"DEL16-MG";"UOP01-DEL09-MG"
228149;2019-08-11;"domingo";"11:00:00";"SP";116;568;"BARRA DO TURVO";"Velocidade Incompatível";"Tombamento";"Com Vítimas Feridas";"Pleno dia";"Decrescente";"Garoa/Chuvisco";"Simples";"Curva";"Não";2;0;1;0;0;1;1;2;-25,055473;-48,55555216;"SPRF-SP";"DEL05-SP";"UOP02-DEL05-SP"
228155;2019-08-11;"domingo";"10:20:00";"BA";101;703;"EUNAPOLIS";"Velocidade Incompatível";"Tombamento";"Sem Vítimas";"Pleno dia";"Decrescente";"Céu Claro";"Simples";"Rotatória";"Sim";1;0;0;0;1;0;0;1;-16,26794966;-39,58442688;"SPRF-BA";"DEL09-BA";"UOP01-DEL09-BA"
228156;2019-08-11;"domingo";"14:20:00";"MT";364;393;"CUIABA";"Agressão Externa";"Incêndio";"Sem Vítimas";"Pleno dia";"Decrescente";"Céu Claro";"Simples";"Reta";"Sim";2;0;0;0;2;0;0;2;-15,701122;-55,881774;"SPRF-MT";"DEL02-MT";"UOP02-DEL01-MT"
228158;2019-08-11;"domingo";"15:20:00";"MS";267;30;"BATAGUASSU";"Desobediência às normas de trânsito pelo condutor";"Colisão transversal";"Sem Vítimas";"Pleno dia";"Decrescente";"Céu Claro";"Dupla";"Retorno Regulamentado";"Sim";3;0;0;0;2;1;0;3;-21,7262874;-52,44076534;"SPRF-MS";"DEL02-MS";"UOP04-DEL02-MS"
228159;2019-08-11;"domingo";"16:00:00";"RJ";393;161;"TRES RIOS";"Defeito Mecânico no Veículo";"Saída de leito carroçável";"Com Vítimas Feridas";"Pleno dia";"Crescente";"Céu Claro";"Simples";"Curva";"Não";2;0;0;1;0;1;1;2;-22,10009245;-43,09370325;"SPRF-RJ";"DEL06-RJ";"UOP01-DEL05-RJ"
228171;2019-08-11;"domingo";"14:45:00";"BA";101;690,2;"EUNAPOLIS";"Falta de Atenção à Condução";"Colisão lateral";"Sem Vítimas";"Pleno dia";"Decrescente";"Céu Claro";"Simples";"Reta";"Não";3;0;0;0;2;1;0;3;-16,33255702;-39,58174321;"SPRF-BA";"DEL09-BA";"UOP01-DEL09-BA"
228172;2019-08-11;"domingo";"15:35:00";"PR";153;25,5;"JACAREZINHO";"Falta de Atenção à Condução";"Colisão lateral";"Com Vítimas Feridas";"Pleno dia";"Crescente";"Céu Claro";"Simples";"Declive;Reta";"Não";3;0;2;0;1;0;2;2;-23,19178786;-49,98571648;"SPRF-PR";"DEL07-PR";"UOP04-DEL07-PR"
228175;2019-08-11;"domingo";"14:00:00";"MT";364;548;"ROSARIO OESTE";"Falta de Atenção à Condução";"Tombamento";"Com Vítimas Feridas";"Pleno dia";"Decrescente";"Céu Claro";"Dupla";"Reta";"Não";1;0;1;0;0;0;1;1;-14,86197218;-56,45603069;"SPRF-MT";"DEL01-MT";"UOP01-DEL01-MT"
228183;2019-08-11;"domingo";"18:00:00";"MG";365;835;"SANTA VITORIA";"Mal Súbito";"Saída de leito carroçável";"Com Vítimas Feridas";"Plena Noite";"Crescente";"Céu Claro";"Simples";"Reta";"Não";2;0;1;0;0;1;1;2;-18,91450427;-50,2302929;"SPRF-MG";"DEL15-MG";"UOP03-DEL15-MG"
228198;2019-08-11;"domingo";"18:46:00";"SP";381;43,5;"ATIBAIA";"Falta de Atenção à Condução";"Colisão traseira";"Com Vítimas Feridas";"Anoitecer";"Decrescente";"Céu Claro";"Dupla";"Reta";"Sim";2;0;1;0;1;0;1;2;-23,16458615;-46,57418959;"SPRF-SP";"DEL03-SP";"UOP01-DEL03-SP"
228210;2019-08-11;"domingo";"16:45:00";"PR";376;637;"TIJUCAS DO SUL";"Falta de Atenção à Condução";"Colisão com objeto estático";"Sem Vítimas";"Pleno dia";"Decrescente";"Céu Claro";"Dupla";"Reta";"Não";2;0;0;0;2;0;0;2;-25,75614093;-49,12609667;"SPRF-PR";"DEL01-PR";"UOP04-DEL01-PR"
228214;2019-08-11;"domingo";"17:30:00";"BA";418;7,5;"CARAVELAS";"Carga excessiva e/ou mal acondicionada";"Tombamento";"Com Vítimas Feridas";"Anoitecer";"Crescente";"Nublado";"Simples";"Rotatória";"Não";2;0;1;0;0;2;1;3;-17,68170087;-39,2275795;"SPRF-BA";"DEL09-BA";"UOP02-DEL09-BA"
228257;2019-08-11;"domingo";"23:00:00";"PR";376;592;"CURITIBA";"Não guardar distância de segurança";"Colisão traseira";"Com Vítimas Feridas";"Plena Noite";"Crescente";"Céu Claro";"Dupla";"Reta";"Sim";3;0;1;1;0;1;2;2;-25,46833525;-49,35524543;"SPRF-PR";"DEL01-PR";"UOP06-DEL01-PR"
228260;2019-08-11;"domingo";"22:15:00";"MG";381;349,3;"JOAO MONLEVADE";"Falta de Atenção à Condução";"Colisão traseira";"Sem Vítimas";"Plena Noite";"Decrescente";"Céu Claro";"Simples";"Aclive;Reta";"Não";4;0;0;0;3;1;0;3;-19,85958092;-43,10766399;"SPRF-MG";"DEL03-MG";"UOP01-DEL03-MG"
228266;2019-08-11;"domingo";"17:15:00";"RS";392;269,8;"CACAPAVA DO SUL";"Falta de Atenção à Condução";"Saída de leito carroçável";"Sem Vítimas";"Pleno dia";"Crescente";"Céu Claro";"Simples";"Curva;Declive";"Não";2;0;0;0;1;2;0;3;-30,39363984;-53,50423028;"SPRF-RS";"DEL09-RS";"UOP02-DEL09-RS"