"id";"data_inversa";"dia_semana";"horario";"uf";"br";"km";"municipio";"causa_acidente";"tipo_acidente";"classificacao_acidente";"fase_dia";"sentido_via";"condicao_metereologica";"tipo_pista";"tracado_via";"uso_solo";"pessoas";"mortos";"feridos_leves";"feridos_graves";"ilesos";"ignorados";"feridos";"veiculos";"latitude";"longitude";"regional";"delegacia";"uop"
228270;2019-08-12;"segunda-feira";"01:30:00";"SC";470;61,4;"BLUMENAU";"Ingestão de Álcool";"Colisão lateral";"Sem Vítimas";"Plena Noite";"Crescente";"Nublado";"Simples";"Reta";"Não";3;0;0;0;3;0;0;3;-26,87684041;-49,1788727;"SPRF-SC";"DEL04-SC";"UOP01-DEL04-SC"
228272;2019-08-11;"domingo";"22:10:00";"MG";262;553,3;"LUZ";"Velocidade Incompatível";"Colisão lateral";"Com Vítimas Feridas";"Plena Noite";"Crescente";"Céu Claro";"Simples";"Reta";"Não";7;0;2;0;4;1;2;3;-19,71819541;-45,89938601;"SPRF-MG";"DEL08-MG";"UOP02-DEL08-MG"
228273;2019-08-11;"domingo";"23:40:00";"MG";116;25;"CACHOEIRA DE PAJEU";"Condutor Dormindo";"Tombamento";"Com Vítimas Feridas";"Plena Noite";"Decrescente";"Céu Claro";"Simples";"Rotatória";"Sim";3;0;1;0;1;1;1;2;-15,87339891;-41,43093651;"SPRF-MG";"DEL11-MG";"UOP02-DEL11-MG"
228274;2019-08-12;"segunda-feira";"01:50:00";"SC";101;257,4;"PAULO LOPES";"Ingestão de Álcool";"Saída de leito carroçável";"Com Vítimas Feridas";"Plena Noite";"Decrescente";"Céu Claro";"Simples";"Reta;Declive";"Não";2;0;1;0;1;0;1;2;-28,00400237;-48,69133651;"SPRF-SC";"DEL02-SC";"UOP03-DEL02-SC"
228277;2019-08-12;"segunda-feira";"02:30:00";"PR";116;113;"CURITIBA";"Velocidade Incompatível";"Colisão traseira";"Com Vítimas Feridas";"Plena Noite";"Decrescente";"Céu Claro";"Dupla";"Reta";"Sim";3;0;1;0;1;2;1;4;-25,56513636;-49,24675108;"SPRF-PR";"DEL01-PR";"UOP06-DEL01-PR"
228278;2019-08-12;"segunda-feira";"01:30:00";"PR";163;342;"GUAIRA";"Ingestão de Álcool";"Colisão lateral";"Com Vítimas Feridas";"Plena Noite";"Decrescente";"Céu Claro";"Simples";"Declive;Reta";"Não";4;0;1;1;1;2;2;4;-24,21375699;-54,19958751;"SPRF-PR";"DEL06-PR";"UOP01-DEL06-PR"
228281;2019-08-12;"segunda-feira";"01:30:00";"PI";230;194,2;"OEIRAS";"Ingestão de Álcool";"Colisão traseira";"Com Vítimas Fatais";"Plena Noite";"Crescente";"Céu Claro";"Simples";"Reta";"Sim";3;1;0;0;1;1;0;3;-6,99465451;-42,10490528;"SPRF-PI";"DEL04-PI";"UOP01-DEL04-PI"
228282;2019-08-11;"domingo";"22:30:00";"BA";242;462;"IBITIARA";"Condutor Dormindo";"Colisão traseira";"Com Vítimas Feridas";"Plena Noite";"Crescente";"Céu Claro";"Simples";"Curva";"Não";3;0;1;0;1;4;1;6;-12,44900705;-42,16775604;"SPRF-BA";"DEL06-BA";"UOP01-DEL06-BA"
228285;2019-08-12;"segunda-feira";"05:30:00";"MG";381;823,1;"CAREACU";"Condutor Dormindo";"Saída de leito carroçável";"Com Vítimas Feridas";"Plena Noite";"Decrescente";"Céu Claro";"Dupla";"Reta";"Não";3;0;2;0;0;1;2;2;-22,12013067;-45,76174313;"SPRF-MG";"DEL16-MG";"UOP02-DEL16-MG"
228289;2019-08-12;"segunda-feira";"06:50:00";"PR";277;4,8;"PARANAGUA";"Desobediência às normas de trânsito pelo condutor";"Colisão transversal";"Sem Vítimas";"Pleno dia";"Decrescente";"Nublado";"Dupla";"Interseção de Vias";"Sim";2;0;0;0;2;0;0;2;-25,55545104;-48,56437683;"SPRF-PR";"DEL01-PR";"UOP05-DEL01-PR"
228291;2019-08-12;"segunda-feira";"06:00:00";"MG";40;316,9;"TRES MARIAS";"Condutor Dormindo";"Colisão traseira";"Com Vítimas Feridas";"Amanhecer";"Decrescente";"Céu Claro";"Simples";"Aclive";"Não";5;0;2;0;2;1;2;3;-18,48024596;-45,06576905;"SPRF-MG";"DEL14-MG";"UOP02-DEL14-MG"
228311;2019-08-12;"segunda-feira";"07:50:00";"CE";116;17,1;"EUSEBIO";"Velocidade Incompatível";"Tombamento";"Sem Vítimas";"Pleno dia";"Decrescente";"Céu Claro";"Dupla";"Retorno Regulamentado";"Sim";2;0;0;0;1;1;0;2;-3,89724685;-38,50307107;"SPRF-CE";"DEL01-CE";"UOP02-DEL01-CE"
228312;2019-08-12;"segunda-feira";"07:00:00";"MG";40;521;"CONTAGEM";"Não guardar distância de segurança";"Colisão traseira";"Com Vítimas Feridas";"Pleno dia";"Crescente";"Céu Claro";"Dupla";"Reta";"Não";2;0;1;0;1;0;1;2;-19,85651501;-44,07213222;"SPRF-MG";"DEL01-MG";"UOP02-DEL01-MG"
228317;2019-08-12;"segunda-feira";"07:00:00";"ES";262;57,8;"MARECHAL FLORIANO";"Condutor Dormindo";"Capotamento";"Com Vítimas Feridas";"Pleno dia";"Decrescente";"Céu Claro";"Simples";"Curva";"Não";2;0;0;1;0;1;1;2;-20,42022609;-40,76684117;"SPRF-ES";"DEL01-ES";"UOP01-DEL01-ES"
228322;2019-08-12;"segunda-feira";"05:45:00";"MG";381;824;"CAREACU";"Velocidade Incompatível";"Colisão traseira";"Com Vítimas Feridas";"Amanhecer";"Decrescente";"Céu Claro";"Dupla";"Reta";"Não";4;0;2;0;1;1;2;3;-22,12136648;-45,77006905;"SPRF-MG";"DEL16-MG";"UOP02-DEL16-MG"
228324;2019-08-12;"segunda-feira";"09:20:00";"SC";101;119;"ITAJAI";"Falta de Atenção à Condução";"Engavetamento";"Com Vítimas Feridas";"Pleno dia";"Crescente";"Céu Claro";"Dupla";"Reta";"Sim";4;0;1;0;2;1;1;4;-26,9043179;-48,71555481;"SPRF-SC";"DEL04-SC";"UOP04-DEL04-SC"
228328;2019-08-12;"segunda-feira";"08:20:00";"PI";316;6,1;"TERESINA";"Falta de Atenção à Condução";"Colisão lateral";"Sem Vítimas";"Pleno dia";"Decrescente";"Sol";"Simples";"Rotatória";"Sim";3;0;0;0;2;1;0;3;-5,14702095;-42,77438982;"SPRF-PI";"DEL01-PI";"UOP02-DEL01-PI"
228330;2019-08-12;"segunda-feira";"09:45:00";"PE";232;32,8;"MORENO";"Pista Escorregadia";"Colisão traseira";"Com Vítimas Feridas";"Pleno dia";"Crescente";"Chuva";"Dupla";"Reta";"Não";4;0;1;0;3;0;1;2;-8,10541732;-35,1665671;"SPRF-PE";"DEL01-PE";"UOP02-DEL02PE"
228334;2019-08-12;"segunda-feira";"01:40:00";"MT";163;605;"NOVA MUTUM";"Desobediência às normas de trânsito pelo condutor";"Colisão lateral";"Sem Vítimas";"Plena Noite";"Crescente";"Ignorado";"Simples";"Reta";"Não";3;0;0;0;1;2;0;2;-13,86351018;-56,08627166;"SPRF-MT";"DEL01-MT";"UOP01-DEL01-MT"
228337;2019-08-12;"segunda-feira";"08:10:00";"MA";222;674;"ACAILANDIA";"Desobediência às normas de trânsito pelo condutor";"Colisão lateral";"Com Vítimas Feridas";"Pleno dia";"Crescente";"Céu Claro";"Simples";"Aclive";"Sim";3;0;1;0;1;1;1;3;-4,94934314;-47,48031378;"SPRF-MA";"DEL04-MA";"UOP03-DEL04-MA"
228338;2019-08-06;"terça-feira";"20:10:00";"MS";60;374,6;"CAMPO GRANDE";"Falta de Atenção à Condução";"Colisão traseira";"Com Vítimas Feridas";"Plena Noite";"Decrescente";"Ignorado";"Simples";"Reta";"Não";2;0;1;0;1;0;1;2;-20,58851;-54,7207;"SPRF-MS";"DEL01-MS";"UOP04-DEL01-MS"
228342;2019-08-12;"segunda-feira";"10:00:00";"ES";101;2,2;"VITORIA";"Falta de Atenção à Condução";"Colisão lateral";"Com Vítimas Feridas";"Pleno dia";"Decrescente";"Sol";"Dupla";"Reta";"Sim";2;0;1;0;1;0;1;2;-20,3154;-40,3018;"SPRF-ES";"DEL02-ES";"UOP01-DEL02-ES"
228344;2019-08-12;"segunda-feira";"07:40:00";"PR";376;77;"GUAIRACA";"Falta de Atenção à Condução";"Tombamento";"Com Vítimas Feridas";"Pleno dia";"Crescente";"Nublado";"Simples";"Curva";"Não";3;0;1;0;1;2;1;4;-22,95860213;-52,67815098;"SPRF-PR";"DEL07-PR";"UOP02-DEL09-PR"
228345;2019-08-12;"segunda-feira";"11:19:00";"SP";116;230;"SAO PAULO";"Falta de Atenção à Condução";"Colisão traseira";"Com Vítimas Feridas";"Pleno dia";"Crescente";"Céu Claro";"Múltipla";"Reta";"Sim";3;0;0;1;1;1;1;3;-23,52251783;-46,5855702;"SPRF-SP";"DEL01-SP";"UOP01-DEL01-SP"
228348;2019-08-12;"segunda-feira";"09:30:00";"MT";364;456,5;"VARZEA GRANDE";"Ultrapassagem Indevida";"Colisão frontal";"Com Vítimas Fatais";"Pleno dia";"Crescente";"Céu Claro";"Simples";"Reta";"Não";7;4;1;0;0;2;1;4;-15,55949493;-56,2645739;"SPRF-MT";"DEL01-MT";"DEL2/4-UOP02/MT"
228349;2019-08-12;"segunda-feira";"10:30:00";"RS";116;7;"VACARIA";"Desobediência às normas de trânsito pelo condutor";"Colisão com objeto estático";"Sem Vítimas";"Pleno dia";"Crescente";"Nublado";"Simples";"Reta";"Não";3;0;0;0;1;2;0;3;-28,26368803;-50,78618194;"SPRF-RS";"DEL05-RS";"UOP03-DEL05-RS"
228350;2019-08-12;"segunda-feira";"11:40:00";"PI";316;1,5;"TERESINA";"Falta de Atenção à Condução";"Colisão traseira";"Sem Vítimas";"Pleno dia";"Decrescente";"Sol";"Simples";"Reta";"Sim";3;0;0;0;2;1;0;3;-5,12861853;-42,80706778;"SPRF-PI";"DEL01-PI";"UOP02-DEL01-PI"
228357;2019-08-12;"segunda-feira";"12:50:00";"GO";60;2,6;"SANTO ANTONIO DO DESCOBERTO";"Mal Súbito";"Saída de leito carroçável";"Com Vítimas Feridas";"Pleno dia";"Decrescente";"Céu Claro";"Simples";"Curva";"Não";1;0;1;0;0;0;1;1;-16,06812875;-48,26389834;"SPRF-DF";"DEL01-DF";"UOP01-DEL03-DF"
228359;2019-07-28;"domingo";"18:40:00";"PR";376;311,8;"ORTIGUEIRA";"Animais na Pista";"Atropelamento de Animal";"Com Vítimas Fatais";"Plena Noite";"Crescente";"Céu Claro";"Simples";"Reta;Declive";"Não";5;2;0;1;1;1;1;3;-23,99593249;-51,08635604;"SPRF-PR";"DEL07-PR";"UOP02-DEL07-PR"
228367;2019-08-12;"segunda-feira";"12:00:00";"RJ";116;84;"TERESOPOLIS";"Falta de Atenção à Condução";"Colisão traseira";"Sem Vítimas";"Pleno dia";"Decrescente";"Céu Claro";"Simples";"Reta";"Sim";2;0;0;0;2;0;0;2;-22,4226117;-42,95115115;"SPRF-RJ";"DEL04-RJ";"UOP01-DEL04-RJ"
228385;2019-08-12;"segunda-feira";"10:00:00";"MG";262;539,6;"LUZ";"Velocidade Incompatível";"Saída de leito carroçável";"Com Vítimas Feridas";"Pleno dia";"Crescente";"Sol";"Simples";"Curva";"Não";2;0;0;1;0;1;1;2;-19,76268587;-45,79506296;"SPRF-MG";"DEL08-MG";"UOP02-DEL08-MG"
228396;2019-08-12;"segunda-feira";"16:40:00";"SC";101;215,2;"PALHOCA";"Desobediência às normas de trânsito pelo condutor";"Colisão transversal";"Com Vítimas Feridas";"Pleno dia";"Crescente";"Céu Claro";"Dupla";"Reta";"Sim";3;0;1;0;1;1;1;3;-27,65343619;-48,67752682;"SPRF-SC";"DEL01-SC";"UOP02-DEL01-SC"
228399;2019-08-12;"segunda-feira";"16:10:00";"RS";386;353,1;"ESTRELA";"Falta de Atenção à Condução";"Colisão traseira";"Com Vítimas Feridas";"Pleno dia";"Decrescente";"Chuva";"Dupla";"Reta";"Sim";2;0;1;0;1;0;1;2;-29,500067;-51,949615;"SPRF-RS";"DEL04-RS";"UOP02-DEL04-RS"
228406;2019-08-12;"segunda-feira";"16:10:00";"RS";386;415;"MONTENEGRO";"Desobediência às normas de trânsito pelo condutor";"Colisão transversal";"Com Vítimas Feridas";"Pleno dia";"Decrescente";"Chuva";"Simples";"Reta";"Sim";6;0;4;0;2;0;4;2;-29,817522;-51,473202;"SPRF-RS";"DEL04-RS";"UOP02-DEL04-RS"
228407;2019-08-12;"segunda-feira";"15:00:00";"GO";414;221;"NIQUELANDIA";"Avarias e/ou desgaste excessivo no pneu";"Saída de leito carroçável";"Com Vítimas Feridas";"Pleno dia";"Crescente";"Céu Claro";"Simples";"Reta";"Não";1;0;1;0;0;0;1;1;-14,58242054;-48,57089996;"SPRF-GO";"DEL07-GO";"UOP02-DEL07-GO"
228408;2019-08-12;"segunda-feira";"17:15:00";"GO";60;314,8;"ACREUNA";"Ingestão de Álcool";"Colisão traseira";"Com Vítimas Feridas";"Pleno dia";"Crescente";"Céu Claro";"Dupla";"Reta";"Não";2;0;1;0;1;0;1;2;-17,4425;-50,4294;"SPRF-GO";"DEL04-GO";"UOP01-DEL04-GO"
228422;2019-08-12;"segunda-feira";"18:20:00";"ES";101;290,5;"CARIACICA";"Desobediência às normas de trânsito pelo condutor";"Colisão frontal";"Com Vítimas Feridas";"Plena Noite";"Crescente";"Céu Claro";"Dupla";"Reta";"Sim";5;0;3;0;1;1;3;4;-20,28927747;-40,39181575;"SPRF-ES";"DEL01-ES";"UOP01-DEL01-ES"
228424;2019-08-12;"segunda-feira";"16:20:00";"RJ";101;165;"MACAE";"Falta de Atenção à Condução";"Colisão traseira";"Com Vítimas Feridas";"Pleno dia";"Crescente";"Céu Claro";"Simples";"Curva";"Não";3;0;2;0;1;0;2;2;-22,32158385;-41,90349311;"SPRF-RJ";"DEL02-RJ";"UOP04-DEL08-RJ"
228425;2019-08-12;"segunda-feira";"17:30:00";"MG";116;597,2;"SAO JOAO DO MANHUACU";"Falta de Atenção à Condução";"Colisão lateral";"Com Vítimas Feridas";"Anoitecer";"Crescente";"Céu Claro";"Simples";"Curva";"Não";3;0;1;0;1;2;1;4;-20,30758163;-42,1471677;"SPRF-MG";"DEL06-MG";"UOP03-DEL06-MG"
228427;2019-08-12;"segunda-feira";"15:40:00";"SC";282;142,6;"BOM RETIRO";"Desobediência às normas de trânsito pelo condutor";"Colisão lateral";"Com Vítimas Feridas";"Pleno dia";"Crescente";"Céu Claro";"Simples";"Curva";"Não";2;0;1;0;1;0;1;2;-27,813843;-49,606209;"SPRF-SC";"DEL05-SC";"UOP01-DEL05-SC"
228429;2019-08-12;"segunda-feira";"18:40:00";"SP";153;265,9;"MARILIA";"Falta de Atenção à Condução";"Engavetamento";"Com Vítimas Feridas";"Plena Noite";"Decrescente";"Céu Claro";"Simples";"Declive";"Não";8;0;4;0;3;1;4;4;-22,30485299;-49,90249099;"SPRF-SP";"DEL07-SP";"UOP02-DEL07-SP"
228431;2019-08-12;"segunda-feira";"14:00:00";"SC";282;575;"VARGEAO";"Fenômenos da Natureza";"Colisão lateral";"Com Vítimas Feridas";"Pleno dia";"Decrescente";"Céu Claro";"Simples";"Reta";"Não";3;0;0;1;2;0;1;2;-26,87180378;-52,14658683;"SPRF-SC";"DEL07-SC";"UOP02-DEL07-SC"
228432;2019-08-12;"segunda-feira";"19:30:00";"ES";101;177;"ARACRUZ";"Ingestão de Álcool";"Colisão frontal";"Sem Vítimas";"Plena Noite";"Crescente";"Céu Claro";"Simples";"Reta";"Não";2;0;0;0;2;0;0;2;-19,602874;-40,203264;"SPRF-ES";"DEL04-ES";"UOP01-DEL04-ES"
228443;2019-08-12;"segunda-feira";"21:30:00";"TO";153;466,7;"MIRACEMA DO TOCANTINS";"Defeito Mecânico no Veículo";"Derramamento de carga";"Sem Vítimas";"Plena Noite";"Decrescente";"Céu Claro";"Simples";"Reta";"Não";2;0;0;0;1;2;0;3;-9,97356908;-48,74623571;"SPRF-TO";"DEL02-TO";"UOP01-DEL01-TO"
228444;2019-08-12;"segunda-feira";"21:40:00";"SP";381;58,2;"MAIRIPORA";"Falta de Atenção à Condução";"Colisão traseira";"Com Vítimas Feridas";"Plena Noite";"Crescente";"Céu Claro";"Dupla";"Reta";"Não";3;0;1;0;1;1;1;3;-23,27438497;-46,58530615;"SPRF-SP";"DEL03-SP";"UOP01-DEL03-SP"
228466;2019-08-13;"terça-feira";"01:50:00";"CE";116;262;"ALTO SANTO";"Defeito na Via";"Danos eventuais";"Sem Vítimas";"Plena Noite";"Crescente";"Céu Claro";"Simples";"Reta;Declive";"Não";2;0;0;0;1;1;0;2;-5,57911203;-38,40087991;"SPRF-CE";"DEL05-CE";"UOP02-DEL05-CE"
228468;2019-08-13;"terça-feira";"02:30:00";"ES";262;170,5;"IUNA";"Falta de Atenção à Condução";"Tombamento";"Com Vítimas Feridas";"Plena Noite";"Crescente";"Céu Claro";"Simples";"Curva";"Não";2;0;0;1;0;1;1;2;-20,26468044;-41,57615064;"SPRF-ES";"DEL01-ES";"UOP02-DEL01-ES"
228476;2019-08-13;"terça-feira";"05:40:00";"MT";163;716,9;"SORRISO";"Condutor Dormindo";"Colisão frontal";"Com Vítimas Fatais";"Amanhecer";"Crescente";"Céu Claro";"Simples";"Curva";"Não";8;1;2;0;3;6;2;9;-12,83702;-55,82389;"SPRF-MT";"DEL06-MT";"UOP01-DEL06-MT"
228478;2019-08-13;"terça-feira";"06:30:00";"SP";116;70;"APARECIDA";"Defeito Mecânico no Veículo";"Tombamento";"Com Vítimas Feridas";"Pleno dia";"Decrescente";"Céu Claro";"Dupla";"Curva";"Sim";2;0;1;0;0;1;1;2;-22,84852898;-45,22705084;"SPRF-SP";"DEL08-SP";"UOP01-DEL08-SP"
228479;2019-08-13;"terça-feira";"06:15:00";"MG";40;614,6;"CONGONHAS";"Falta de Atenção à Condução";"Colisão traseira";"Com Vítimas Fatais";"Pleno dia";"Crescente";"Céu Claro";"Simples";"Reta";"Não";4;1;0;0;1;2;0;4;-20,52977973;-43,82351464;"SPRF-MG";"DEL05-MG";"UOP02-DEL05-MG"
228480;2019-08-13;"terça-feira";"07:00:00";"SE";235;9,5;"NOSSA SENHORA DO SOCORRO";"Falta de Atenção à Condução";"Saída de leito carroçável";"Com Vítimas Feridas";"Pleno dia";"Decrescente";"Nublado";"Simples";"Reta";"Não";2;0;1;0;1;0;1;1;-10,8814696;-37,1428442;"SPRF-SE";"DEL01-SE";"UOP01-DEL01-SE"
228481;2019-08-13;"terça-feira";"05:10:00";"RO";364;713,6;"PORTO VELHO";"Desobediência às normas de trânsito pelo condutor";"Colisão frontal";"Com Vítimas Feridas";"Amanhecer";"Crescente";"Nevoeiro/Neblina";"Dupla";"Viaduto";"Sim";2;0;1;0;1;0;1;2;-8,77115606;-63,88271928;"SPRF-RO";"DEL01-RO";"UOP01-DEL01-RO"
228484;2019-08-13;"terça-feira";"05:00:00";"MT";364;345,8;"SANTO ANTONIO DO LEVERGER";"Velocidade Incompatível";"Saída de leito carroçável";"Com Vítimas Feridas";"Pleno dia";"Crescente";"Céu Claro";"Dupla";"Reta";"Não";2;0;1;0;0;2;1;3;-15,81787097;-55,53388099;"SPRF-MT";"DEL02-MT";"UOP02-DEL01-MT"
228492;2019-08-13;"terça-feira";"08:00:00";"ES";101;119;"SOORETAMA";"Sinalização da via insuficiente ou inadequada";"Danos eventuais";"Com Vítimas Feridas";"Pleno dia";"Crescente";"Céu Claro";"Simples";"Declive";"Não";2;0;1;0;1;0;1;2;-19,13567283;-40,07109336;"SPRF-ES";"DEL04-ES";"UOP01-DEL04-ES"
228495;2019-08-13;"terça-feira";"07:40:00";"SP";116;11,4;"QUELUZ";"Desobediência às normas de trânsito pelo condutor";"Colisão traseira";"Com Vítimas Feridas";"Pleno dia";"Decrescente";"Sol";"Dupla";"Curva";"Não";3;0;1;0;1;2;1;4;-22,54158257;-44,79682894;"SPRF-SP";"DEL08-SP";"UOP02-DEL08-SP"
228512;2019-08-13;"terça-feira";"07:15:00";"RS";290;380,4;"VILA NOVA DO SUL";"Falta de Atenção à Condução";"Tombamento";"Com Vítimas Feridas";"Amanhecer";"Crescente";"Sol";"Simples";"Reta";"Não";1;0;1;0;0;0;1;1;-30,354263;-53,955105;"SPRF-RS";"DEL09-RS";"UOP02-DEL09-RS"
228521;2019-08-07;"quarta-feira";"20:20:00";"CE";304;63,9;"ARACATI";"Ingestão de Álcool";"Colisão lateral";"Com Vítimas Feridas";"Plena Noite";"Crescente";"Céu Claro";"Dupla";"Reta";"Sim";8;0;0;1;6;1;1;4;-4,61278199;-37,65698899;"SPRF-CE";"DEL03-CE";"UOP03-DEL03-CE"
228525;2019-08-13;"terça-feira";"09:37:00";"PR";116;105,9;"SAO JOSE DOS PINHAIS";"Velocidade Incompatível";"Tombamento";"Sem Vítimas";"Pleno dia";"Crescente";"Chuva";"Dupla";"Reta";"Sim";3;0;0;0;2;1;0;3;-25,56635207;-49,16833598;"SPRF-PR";"DEL01-PR";"UOP01-DEL01-PR"
228531;2019-08-13;"terça-feira";"11:00:00";"DF";40;6;"BRASILIA";"Defeito Mecânico no Veículo";"Incêndio";"Sem Vítimas";"Pleno dia";"Decrescente";"Céu Claro";"Dupla";"Reta";"Sim";1;0;0;0;1;0;0;1;-16,029741;-47,978867;"SPRF-DF";"DEL01-DF";"UOP01-DEL01-DF"
228540;2019-08-13;"terça-feira";"07:00:00";"BA";242;363;"LENCOIS";"Velocidade Incompatível";"Tombamento";"Com Vítimas Feridas";"Pleno dia";"Decrescente";"Céu Claro";"Simples";"Curva";"Não";2;0;0;1;0;2;1;3;-12,46440218;-41,41708374;"SPRF-BA";"DEL06-BA";"UOP01-DEL06-BA"
228545;2019-08-13;"terça-feira";"10:30:00";"RN";304;111,4;"ACU";"Ingestão de Álcool";"Tombamento";"Com Vítimas Feridas";"Pleno dia";"Crescente";"Sol";"Simples";"Reta";"Não";2;0;1;0;0;1;1;2;-5,59780065;-36,92936882;"SPRF-RN";"DEL04-RN";"UOP01-DEL04-RN"
228546;2019-08-13;"terça-feira";"12:55:00";"RS";386;220;"TIO HUGO";"Não guardar distância de segurança";"Colisão traseira";"Com Vítimas Feridas";"Pleno dia";"Decrescente";"Sol";"Simples";"Reta";"Não";3;0;1;0;1;2;1;4;-28,618174;-52,612541;"SPRF-RS";"DEL04-RS";"UOP03-DEL04-RS"
228548;2019-08-13;"terça-feira";"11:20:00";"MG";153;89;"PRATA";"Não guardar distância de segurança";"Colisão traseira";"Com Vítimas Feridas";"Pleno dia";"Decrescente";"Céu Claro";"Simples";"Reta";"Não";3;0;1;0;1;1;1;3;-19,13488186;-48,96609844;"SPRF-MG";"DEL15-MG";"UOP03-DEL15-MG"
228550;2019-08-13;"terça-feira";"12:00:00";"SC";470;72,7;"INDAIAL";"Falta de Atenção à Condução";"Colisão transversal";"Com Vítimas Feridas";"Pleno dia";"Decrescente";"Sol";"Simples";"Reta;Em Obras";"Sim";2;0;0;1;1;0;1;2;-26,901979;-49,268745;"SPRF-SC";"DEL04-SC";"UOP01-DEL04-SC"
228557;2019-08-13;"terça-feira";"13:50:00";"MG";262;513;"LUZ";"Condutor Dormindo";"Engavetamento";"Com Vítimas Feridas";"Pleno dia";"Crescente";"Céu Claro";"Múltipla";"Reta";"Não";4;0;1;0;3;0;1;4;-19,77891424;-45,55520389;"SPRF-MG";"DEL08-MG";"UOP03-DEL08-MG"
228560;2019-08-12;"segunda-feira";"14:30:00";"BA";407;121,5;"SENHOR DO BONFIM";"Falta de Atenção à Condução";"Colisão frontal";"Com Vítimas Feridas";"Pleno dia";"Decrescente";"Garoa/Chuvisco";"Simples";"Reta";"Não";3;0;1;1;0;2;2;4;-10,41234797;-40,1832681;"SPRF-BA";"DEL04-BA";"UOP01-DEL04-BA"
228561;2019-08-13;"terça-feira";"14:00:00";"GO";50;313,6;"CUMARI";"Falta de Atenção à Condução";"Colisão transversal";"Com Vítimas Feridas";"Pleno dia";"Crescente";"Céu Claro";"Simples";"Interseção de Vias";"Não";3;0;0;1;1;1;1;3;-18,42266702;-48,07135463;"SPRF-GO";"DEL06-GO";"UOP01-DEL06-GO"
228570;2019-08-13;"terça-feira";"08:45:00";"MT";70;217,1;"GENERAL CARNEIRO";"Desobediência às normas de trânsito pelo condutor";"Tombamento";"Sem Vítimas";"Pleno dia";"Decrescente";"Céu Claro";"Simples";"Curva";"Não";2;0;0;0;1;3;0;4;-15,68523501;-53,84637301;"SPRF-MT";"DEL05-MT";"UOP01-DEL05-MT"
228577;2019-08-13;"terça-feira";"14:48:00";"MG";381;748,8;"TRES CORACOES";"Defeito Mecânico no Veículo";"Incêndio";"Sem Vítimas";"Pleno dia";"Crescente";"Sol";"Dupla";"Reta";"Não";2;0;0;0;1;1;0;2;-21,656366;-45,301823;"SPRF-MG";"DEL16-MG";"UOP02-DEL16-MG"
228579;2019-03-01;"sexta-feira";"10:00:00";"PR";163;290;"MARECHAL CANDIDO RONDON";"Desobediência às normas de trânsito pelo condutor";"Colisão frontal";"Com Vítimas Fatais";"Pleno dia";"Crescente";"Céu Claro";"Simples";"Curva";"Não";7;1;1;2;2;1;3;5;-24,5169;-54,0784;"SPRF-PR";"DEL06-PR";"UOP02-DEL06-PR"
228582;2019-08-13;"terça-feira";"12:30:00";"RS";470;193;"VERANOPOLIS";"Velocidade Incompatível";"Tombamento";"Com Vítimas Feridas";"Pleno dia";"Decrescente";"Céu Claro";"Simples";"Curva";"Não";2;0;1;0;0;1;1;2;-29,04507912;-51,56926298;"SPRF-RS";"DEL06-RS";"UOP02-DEL06-RS"
228583;2019-08-13;"terça-feira";"16:00:00";"PR";369;209;"APUCARANA";"Falta de Atenção à Condução";"Colisão lateral";"Com Vítimas Feridas";"Pleno dia";"Crescente";"Céu Claro";"Dupla";"Reta";"Sim";2;0;0;1;1;0;1;2;-23,56680984;-51,50767744;"SPRF-PR";"DEL07-PR";"UOP03-DEL07-PR"
228584;2019-08-13;"terça-feira";"07:30:00";"RJ";40;100;"DUQUE DE CAXIAS";"Fenômenos da Natureza";"Colisão traseira";"Com Vítimas Feridas";"Pleno dia";"Decrescente";"Céu Claro";"Simples";"Reta";"Não";3;0;2;0;1;0;2;2;-22,59404803;-43,28079889;"SPRF-RJ";"DEL06-RJ";"UOP01-DEL06-RJ"
228585;2019-08-13;"terça-feira";"15:30:00";"MG";40;766,5;"JUIZ DE FORA";"Defeito Mecânico no Veículo";"Danos eventuais";"Sem Vítimas";"Pleno dia";"Crescente";"Céu Claro";"Simples";"Reta";"Não";2;0;0;0;1;1;0;2;-21,5688431;-43,47868311;"SPRF-MG";"DEL05-MG";"UOP01-DEL05-MG"
228586;2019-08-01;"quinta-feira";"11:10:00";"MT";163;567;"NOVA MUTUM";"Defeito na Via";"Colisão transversal";"Com Vítimas Feridas";"Pleno dia";"Decrescente";"Céu Claro";"Simples";"Reta";"Não";4;0;2;0;1;1;2;3;-14,188452;-56,08771799;"SPRF-MT";"DEL01-MT";"UOP01-DEL01-MT"
228589;2019-08-13;"terça-feira";"16:15:00";"RJ";116;221;"PIRAI";"Defeito Mecânico no Veículo";"Colisão com objeto estático";"Sem Vítimas";"Pleno dia";"Decrescente";"Nublado";"Simples";"Curva";"Não";2;0;0;0;1;1;0;2;-22,6931486;-43,78279481;"SPRF-RJ";"DEL07-RJ";"UOP01-DEL07-RJ"
228593;2019-08-13;"terça-feira";"11:40:00";"BA";407;92,2;"JAGUARARI";"Ingestão de Álcool";"Saída de leito carroçável";"Com Vítimas Feridas";"Pleno dia";"Decrescente";"Nublado";"Simples";"Reta";"Não";2;0;1;0;0;2;1;3;-10,167995;-40,22679602;"SPRF-BA";"DEL04-BA";"UOP01-DEL04-BA"