"id";"data_inversa";"dia_semana";"horario";"uf";"br";"km";"municipio";"causa_acidente";"tipo_acidente";"classificacao_acidente";"fase_dia";"sentido_via";"condicao_metereologica";"tipo_pista";"tracado_via";"uso_solo";"pessoas";"mortos";"feridos_leves";"feridos_graves";"ilesos";"ignorados";"feridos";"veiculos";"latitude";"longitude";"regional";"delegacia";"uop"
228604;2019-08-13;"terça-feira";"17:40:00";"PR";376;440;"TIBAGI";"Velocidade Incompatível";"Tombamento";"Com Vítimas Feridas";"Anoitecer";"Crescente";"Céu Claro";"Dupla";"Curva";"Não";2;0;1;0;0;1;1;2;-24,80663357;-50,48887622;"SPRF-PR";"DEL03-PR";"UOP02-DEL03-PR"
228613;2019-08-13;"terça-feira";"18:20:00";"SP";116;483;"CAJATI";"Defeito Mecânico no Veículo";"Incêndio";"Sem Vítimas";"Plena Noite";"Decrescente";"Nublado";"Dupla";"Reta";"Não";2;0;0;0;1;1;0;2;-24,72406824;-48,04904938;"SPRF-SP";"DEL05-SP";"UAP01-DEL05-SP"
228617;2019-08-13;"terça-feira";"18:40:00";"ES";262;174;"IBATIBA";"Velocidade Incompatível";"Colisão traseira";"Sem Vítimas";"Plena Noite";"Decrescente";"Céu Claro";"Simples";"Ponte;Reta";"Não";3;0;0;0;2;1;0;3;-20,27643926;-41,63550507;"SPRF-ES";"DEL01-ES";"UOP02-DEL01-ES"
228619;2019-08-13;"terça-feira";"08:00:00";"MG";116;222;"CATUJI";"Ultrapassagem Indevida";"Colisão lateral";"Com Vítimas Feridas";"Pleno dia";"Crescente";"Céu Claro";"Simples";"Curva";"Não";3;0;2;0;0;3;2;5;-17,42343294;-41,51418802;"SPRF-MG";"DEL11-MG";"UOP01-DEL11-MG"
228621;2019-08-13;"terça-feira";"19:50:00";"BA";407;12;"JUAZEIRO";"Condutor Dormindo";"Colisão traseira";"Com Vítimas Fatais";"Plena Noite";"Decrescente";"Céu Claro";"Simples";"Reta";"Não";2;1;0;0;1;0;0;2;-9,5045299;-40,46346078;"SPRF-BA";"DEL04-BA";"UOP01-DEL04-BA"
228622;2019-08-13;"terça-feira";"19:00:00";"MG";365;146;"PIRAPORA";"Defeito Mecânico no Veículo";"Incêndio";"Sem Vítimas";"Plena Noite";"Decrescente";"Céu Claro";"Simples";"Reta";"Não";2;0;0;0;1;1;0;2;-17,26133688;-44,84929511;"SPRF-MG";"DEL12-MG";"UOP01-DEL12-MG"
228626;2019-08-13;"terça-feira";"19:00:00";"MS";163;134,9;"NAVIRAI";"Falta de Atenção do Pedestre";"Atropelamento de Pedestre";"Com Vítimas Fatais";"Plena Noite";"Crescente";"Céu Claro";"Simples";"Curva";"Não";3;1;0;0;1;1;0;3;-23,022;-54,298;"SPRF-MS";"DEL09-MS";"UOP01-DEL09-MS"
228632;2019-08-13;"terça-feira";"20:20:00";"PR";153;491;"GENERAL CARNEIRO";"Desobediência às normas de trânsito pelo condutor";"Colisão traseira";"Sem Vítimas";"Plena Noite";"Crescente";"Céu Claro";"Simples";"Reta";"Sim";4;0;0;0;3;3;0;6;-26,42942187;-51,31374836;"SPRF-PR";"DEL02-PR";"UOP03-DEL02-PR"
228642;2019-08-13;"terça-feira";"23:00:00";"SC";470;69,7;"INDAIAL";"Falta de Atenção à Condução";"Colisão lateral";"Com Vítimas Feridas";"Plena Noite";"Crescente";"Nublado";"Simples";"Reta";"Sim";2;0;1;0;1;0;1;2;-26,88756503;-49,25203621;"SPRF-SC";"DEL04-SC";"UOP01-DEL04-SC"
228649;2019-08-13;"terça-feira";"23:40:00";"MG";40;366,9;"FELIXLANDIA";"Condutor Dormindo";"Colisão traseira";"Com Vítimas Feridas";"Pleno dia";"Decrescente";"Céu Claro";"Simples";"Reta";"Não";3;0;0;1;1;2;1;4;-18,78549183;-44,81039089;"SPRF-MG";"DEL02-MG";"UOP01-DEL02-MG"
228651;2019-08-14;"quarta-feira";"01:53:00";"DF";60;7,3;"BRASILIA";"Mal Súbito";"Tombamento";"Com Vítimas Feridas";"Plena Noite";"Decrescente";"Céu Claro";"Dupla";"Aclive;Reta";"Sim";2;0;1;0;0;1;1;2;-15,901237;-48,122334;"SPRF-DF";"DEL01-DF";"UOP01-DEL03-DF"
228652;2019-08-14;"quarta-feira";"02:22:00";"SC";101;123;"ITAJAI";"Ingestão de Álcool";"Colisão frontal";"Sem Vítimas";"Plena Noite";"Crescente";"Nublado";"Dupla";"Reta";"Não";2;0;0;0;1;1;0;2;-26,93668609;-48,69876905;"SPRF-SC";"DEL04-SC";"UOP04-DEL04-SC"
228654;2019-08-14;"quarta-feira";"02:30:00";"BA";324;6;"FEIRA DE SANTANA";"Desobediência às normas de trânsito pelo condutor";"Colisão traseira";"Com Vítimas Feridas";"Plena Noite";"Decrescente";"Nublado";"Dupla";"Reta";"Sim";3;0;1;0;2;0;1;3;-12,27573616;-38,98325097;"SPRF-BA";"DEL02-BA";"UOP01-DEL02-BA"
228659;2019-08-14;"quarta-feira";"05:40:00";"MG";365;387;"PATOS DE MINAS";"Velocidade Incompatível";"Colisão traseira";"Com Vítimas Fatais";"Amanhecer";"Decrescente";"Céu Claro";"Simples";"Reta";"Sim";57;1;0;3;51;2;3;4;-18,63174365;-46,31405896;"SPRF-MG";"DEL10-MG";"UOP01-DEL10-MG"
228662;2019-08-14;"quarta-feira";"06:25:00";"RJ";101;309;"SAO GONCALO";"Velocidade Incompatível";"Colisão com objeto estático";"Com Vítimas Feridas";"Pleno dia";"Decrescente";"Nublado";"Dupla";"Reta";"Não";5;0;1;0;4;0;1;2;-22,79498873;-43,03446105;"SPRF-RJ";"DEL02-RJ";"DEL5/2-UOP04/RJ"
228666;2019-08-14;"quarta-feira";"06:15:00";"PR";163;151;"SANTA LUCIA";"Defeito Mecânico no Veículo";"Engavetamento";"Sem Vítimas";"Amanhecer";"Decrescente";"Céu Claro";"Simples";"Reta";"Não";6;0;0;0;5;3;0;8;-25,41040897;-53,5718868;"SPRF-PR";"DEL04-PR";"UOP05-DEL05-PR"
228672;2019-08-14;"quarta-feira";"07:30:00";"MG";116;719,3;"MURIAE";"Falta de Atenção à Condução";"Colisão lateral";"Com Vítimas Feridas";"Pleno dia";"Decrescente";"Garoa/Chuvisco";"Simples";"Reta";"Não";4;0;1;0;2;1;1;3;-21,22737186;-42,3944709;"SPRF-MG";"DEL07-MG";"UOP02-DEL07-MG"
228674;2019-08-14;"quarta-feira";"08:30:00";"MG";40;526;"CONTAGEM";"Defeito Mecânico no Veículo";"Colisão traseira";"Com Vítimas Feridas";"Pleno dia";"Crescente";"Nublado";"Simples";"Declive;Reta";"Sim";4;0;3;0;1;0;3;4;-19,89255399;-44,04985478;"SPRF-MG";"DEL01-MG";"UOP02-DEL01-MG"
228675;2019-08-14;"quarta-feira";"08:34:00";"DF";70;2,5;"BRASILIA";"Velocidade Incompatível";"Engavetamento";"Com Vítimas Feridas";"Pleno dia";"Decrescente";"Céu Claro";"Dupla";"Reta";"Sim";6;0;1;0;5;0;1;5;-15,79828262;-48,07333946;"SPRF-DF";"DEL01-DF";"UOP02-DEL03-DF"
228680;2019-07-01;"segunda-feira";"04:30:00";"PE";101;82;"JABOATAO DOS GUARARAPES";"Falta de Atenção à Condução";"Colisão lateral";"Com Vítimas Feridas";"Amanhecer";"Decrescente";"Céu Claro";"Dupla";"Reta";"Sim";2;0;0;1;1;0;1;2;-8,17003221;-34,9389267;"SPRF-PE";"DEL01-PE";"UOP03-DEL01-PE"
228691;2019-01-31;"quinta-feira";"20:00:00";"PE";104;118,6;"PANELAS";"Velocidade Incompatível";"Tombamento";"Com Vítimas Feridas";"Plena Noite";"Decrescente";"Céu Claro";"Simples";"Curva";"Não";1;0;0;1;0;0;1;1;-8,687511;-36,017384;"SPRF-PE";"DEL02-PE";"UOP01-DEL02-PE"
228696;2019-08-14;"quarta-feira";"07:22:00";"SP";116;513,6;"CAJATI";"Velocidade Incompatível";"Tombamento";"Com Vítimas Feridas";"Pleno dia";"Decrescente";"Céu Claro";"Simples";"Curva;Declive";"Não";2;0;1;0;0;1;1;2;-24,8579751;-48,21169853;"SPRF-SP";"DEL05-SP";"UAP01-DEL05-SP"
228699;2019-08-14;"quarta-feira";"09:45:00";"SC";163;65;"SAO MIGUEL DO OESTE";"Falta de Atenção à Condução";"Colisão transversal";"Com Vítimas Feridas";"Pleno dia";"Decrescente";"Céu Claro";"Simples";"Rotatória";"Sim";3;0;0;1;1;2;1;4;-26,76124549;-53,50032806;"SPRF-SC";"DEL07-SC";"UOP03-DEL07-SC"
228708;2019-08-14;"quarta-feira";"14:00:00";"MG";40;462;"SETE LAGOAS";"Defeito Mecânico no Veículo";"Colisão transversal";"Com Vítimas Feridas";"Pleno dia";"Crescente";"Céu Claro";"Dupla";"Declive";"Não";5;0;2;0;2;1;2;4;-19,4136917;-44,33879427;"SPRF-MG";"DEL02-MG";"UOP01-DEL02-MG"
228713;2019-08-14;"quarta-feira";"14:40:00";"PE";101;187;"PALMARES";"Falta de Atenção à Condução";"Colisão lateral";"Com Vítimas Feridas";"Pleno dia";"Crescente";"Nublado";"Dupla";"Reta";"Não";1;0;1;0;0;0;1;1;-8,686644;-35,587478;"SPRF-PE";"DEL01-PE";"UOP03-DEL01-PE"
228717;2019-08-08;"quinta-feira";"17:05:00";"MS";163;246,5;"DOURADOS";"Desobediência às normas de trânsito pelo condutor";"Colisão transversal";"Com Vítimas Feridas";"Pleno dia";"Decrescente";"Céu Claro";"Simples";"Interseção de Vias";"Não";4;0;1;0;2;1;1;4;-22,33608658;-54,81337935;"SPRF-MS";"DEL04-MS";"UOP01-DEL04-MS"
228720;2019-08-14;"quarta-feira";"14:40:00";"ES";259;52,6;"COLATINA";"Falta de Atenção à Condução";"Colisão traseira";"Com Vítimas Feridas";"Pleno dia";"Crescente";"Céu Claro";"Dupla";"Curva";"Não";5;0;2;2;1;0;4;2;-19,50223983;-40,62081603;"SPRF-ES";"DEL02-ES";"UOP01-DEL02-ES"
228726;2019-08-14;"quarta-feira";"16:05:00";"AP";210;0;"MACAPA";"Falta de Atenção à Condução";"Colisão traseira";"Sem Vítimas";"Pleno dia";"Crescente";"Céu Claro";"Dupla";"Interseção de Vias";"Sim";2;0;0;0;2;0;0;2;0,07780012;-51,06097;"SPRF-AP";"DEL01-AP";"UOP01-DEL01-AP"
228728;2019-08-14;"quarta-feira";"16:05:00";"BA";407;124,9;"SENHOR DO BONFIM";"Restrição de Visibilidade";"Colisão transversal";"Sem Vítimas";"Pleno dia";"Crescente";"Céu Claro";"Simples";"Reta";"Sim";4;0;0;0;3;1;0;4;-10,43896901;-40,18718133;"SPRF-BA";"DEL04-BA";"UOP01-DEL04-BA"
228730;2019-08-14;"quarta-feira";"15:50:00";"RN";304;24,3;"MOSSORO";"Falta de Atenção à Condução";"Colisão traseira";"Com Vítimas Feridas";"Pleno dia";"Crescente";"Céu Claro";"Simples";"Rotatória";"Não";4;0;1;0;3;0;1;3;-5,06488233;-37,33287055;"SPRF-RN";"DEL04-RN";"UOP02-DEL04-RN"
228735;2019-08-14;"quarta-feira";"15:20:00";"GO";60;37,7;"GOIANIA";"Carga excessiva e/ou mal acondicionada";"Tombamento";"Com Vítimas Feridas";"Pleno dia";"Crescente";"Sol";"Dupla";"Rotatória";"Sim";2;0;1;0;0;1;1;2;-16,6777;-49,2676;"SPRF-GO";"DEL01-GO";"UOP02-DEL01-GO"
228739;2019-08-14;"quarta-feira";"16:45:00";"SC";101;208;"SAO JOSE";"Falta de Atenção à Condução";"Colisão lateral";"Com Vítimas Feridas";"Pleno dia";"Decrescente";"Céu Claro";"Múltipla";"Reta";"Sim";3;0;1;0;2;0;1;3;-27,60855154;-48,63723636;"SPRF-SC";"DEL01-SC";"UOP01-DEL01-SC"
228744;2019-08-14;"quarta-feira";"17:30:00";"BA";116;330,4;"TEOFILANDIA";"Não guardar distância de segurança";"Saída de leito carroçável";"Com Vítimas Feridas";"Anoitecer";"Decrescente";"Nublado";"Simples";"Reta";"Não";2;0;1;0;1;0;1;1;-11,41818405;-38,97078986;"SPRF-BA";"DEL02-BA";"UOP01-DEL02-BA"
228749;2019-08-14;"quarta-feira";"18:25:00";"MG";40;525;"CONTAGEM";"Desobediência às normas de trânsito pelo condutor";"Colisão lateral";"Com Vítimas Feridas";"Plena Noite";"Decrescente";"Céu Claro";"Dupla";"Reta";"Sim";4;0;0;1;2;1;1;4;-19,88661683;-44,05021369;"SPRF-MG";"DEL01-MG";"UOP02-DEL01-MG"
228750;2019-08-14;"quarta-feira";"18:20:00";"GO";153;495,8;"GOIANIA";"Falta de Atenção à Condução";"Colisão lateral";"Sem Vítimas";"Anoitecer";"Crescente";"Céu Claro";"Dupla";"Aclive;Viaduto;Reta";"Sim";2;0;0;0;2;0;0;2;-16,6681;-49,2263;"SPRF-GO";"DEL01-GO";"UOP01-DEL01-GO"
228751;2019-08-14;"quarta-feira";"14:45:00";"RO";364;642,8;"CANDEIAS DO JAMARI";"Falta de Atenção à Condução";"Saída de leito carroçável";"Com Vítimas Feridas";"Pleno dia";"Crescente";"Céu Claro";"Simples";"Reta";"Não";2;0;1;0;0;1;1;2;-8,99301696;-63,42231178;"SPRF-RO";"DEL03-RO";"UOP04-DEL01-RO"
228755;2019-08-14;"quarta-feira";"18:10:00";"RN";304;283;"MACAIBA";"Ingestão de Substâncias Psicoativas";"Atropelamento de Pedestre";"Com Vítimas Fatais";"Plena Noite";"Decrescente";"Céu Claro";"Simples";"Reta";"Não";3;1;0;0;1;1;0;2;-5,88178314;-35,46369696;"SPRF-RN";"DEL01-RN";"UOP02-DEL01-RN"
228756;2019-08-14;"quarta-feira";"17:20:00";"MT";163;981;"TERRA NOVA DO NORTE";"Desobediência às normas de trânsito pelo condutor";"Saída de leito carroçável";"Com Vítimas Fatais";"Anoitecer";"Decrescente";"Céu Claro";"Simples";"Curva";"Não";4;1;1;0;0;5;1;7;-10,67342877;-55,14038086;"SPRF-MT";"DEL06-MT";"UOP02-DEL06-MT"
228758;2019-08-14;"quarta-feira";"19:40:00";"TO";242;417,3;"CARIRI DO TOCANTINS";"Falta de Atenção à Condução";"Colisão lateral";"Com Vítimas Feridas";"Plena Noite";"Crescente";"Céu Claro";"Simples";"Reta";"Não";4;0;1;1;1;1;2;3;-11,94232769;-49,25299992;"SPRF-TO";"DEL02-TO";"UOP02-DEL01-TO"
228759;2019-08-14;"quarta-feira";"17:15:00";"SC";101;128;"ITAJAI";"Falta de Atenção à Condução";"Colisão traseira";"Com Vítimas Feridas";"Anoitecer";"Crescente";"Céu Claro";"Dupla";"Declive;Reta";"Não";2;0;1;0;1;0;1;2;-26,97284292;-48,68299451;"SPRF-SC";"DEL04-SC";"UOP03-DEL04-SC"
228768;2019-08-14;"quarta-feira";"17:25:00";"SC";470;43,6;"GASPAR";"Falta de Atenção à Condução";"Colisão traseira";"Com Vítimas Feridas";"Pleno dia";"Crescente";"Sol";"Simples";"Reta";"Não";2;0;0;1;1;0;1;2;-26,874519;-49,013454;"SPRF-SC";"DEL04-SC";"UOP01-DEL04-SC"
228774;2019-08-14;"quarta-feira";"17:20:00";"RJ";101;64,8;"CAMPOS DOS GOYTACAZES";"Falta de Atenção à Condução";"Colisão frontal";"Com Vítimas Feridas";"Pleno dia";"Decrescente";"Nublado";"Simples";"Reta";"Sim";3;0;1;0;1;1;1;3;-21,74908605;-41,33632461;"SPRF-RJ";"DEL08-RJ";"UOP02-DEL08-RJ"
228775;2019-08-14;"quarta-feira";"18:00:00";"SP";153;136;"UBARANA";"Falta de Atenção à Condução";"Colisão lateral";"Sem Vítimas";"Pleno dia";"Crescente";"Sol";"Simples";"Reta";"Não";4;0;0;0;3;2;0;4;-21,292056;-49,79269806;"SPRF-SP";"DEL09-SP";"UOP01-DEL09-SP"
228778;2019-08-14;"quarta-feira";"18:00:00";"MS";60;53,9;"PARAISO DAS AGUAS";"Deficiência ou não Acionamento do Sistema de Iluminação/Sinalização do Veículo";"Colisão traseira";"Com Vítimas Fatais";"Anoitecer";"Crescente";"Céu Claro";"Simples";"Reta";"Não";9;1;3;0;4;1;3;3;-18,98415324;-52,94431595;"SPRF-MS";"DEL08-MS";"UOP01-DEL08-MS"
228783;2019-08-14;"quarta-feira";"19:00:00";"GO";50;278,8;"CATALAO";"Falta de Atenção à Condução";"Colisão traseira";"Sem Vítimas";"Plena Noite";"Crescente";"Céu Claro";"Simples";"Reta";"Sim";2;0;0;0;2;0;0;2;-18,1696;-47,92;"SPRF-GO";"DEL06-GO";"UOP01-DEL06-GO"
228785;2019-08-14;"quarta-feira";"18:40:00";"GO";50;279;"CATALAO";"Ingestão de Álcool";"Colisão transversal";"Sem Vítimas";"Plena Noite";"Decrescente";"Céu Claro";"Simples";"Interseção de Vias";"Sim";3;0;0;0;2;2;0;4;-18,1739;-47,9289;"SPRF-GO";"DEL06-GO";"UOP01-DEL06-GO"
228790;2019-08-14;"quarta-feira";"21:50:00";"ES";101;267,8;"SERRA";"Desobediência às normas de trânsito pelo condutor";"Colisão transversal";"Com Vítimas Feridas";"Plena Noite";"Decrescente";"Chuva";"Dupla";"Reta";"Sim";8;0;5;2;1;0;7;2;-20,19930999;-40,26884609;"SPRF-ES";"DEL02-ES";"UOP01-DEL02-ES"
228794;2019-08-14;"quarta-feira";"19:30:00";"MS";267;241,1;"NOVA ALVORADA DO SUL";"Ingestão de Álcool";"Colisão lateral";"Sem Vítimas";"Plena Noite";"Decrescente";"Céu Claro";"Simples";"Reta";"Não";3;0;0;0;2;1;0;3;-21,48473272;-54,30737698;"SPRF-MS";"DEL02-MS";"UOP01-DEL02-MS"
228799;2019-08-14;"quarta-feira";"18:35:00";"SC";470;200,9;"PONTE ALTA";"Ingestão de Álcool";"Saída de leito carroçável";"Com Vítimas Feridas";"Plena Noite";"Crescente";"Céu Claro";"Simples";"Reta";"Não";2;0;1;0;0;1;1;2;-27,305405;-50,136627;"SPRF-SC";"DEL05-SC";"UOP03-DEL05-SC"
228800;2019-08-14;"quarta-feira";"21:40:00";"AL";316;96;"SANTANA DO IPANEMA";"Animais na Pista";"Atropelamento de Animal";"Sem Vítimas";"Plena Noite";"Decrescente";"Chuva";"Simples";"Reta";"Não";4;0;0;0;4;0;0;2;-9,38718651;-37,15250001;"SPRF-AL";"DEL03-AL";"UOP02-DEL03-AL"
228801;2019-08-14;"quarta-feira";"23:00:00";"MG";116;496,4;"INHAPIM";"Ingestão de Álcool";"Colisão transversal";"Com Vítimas Feridas";"Plena Noite";"Decrescente";"Céu Claro";"Simples";"Reta";"Não";2;0;1;0;1;0;1;2;-19,51782941;-42,12797642;"SPRF-MG";"DEL06-MG";"UOP02-DEL06-MG"
228802;2019-08-14;"quarta-feira";"19:00:00";"MG";116;191,6;"CARAI";"Desobediência às normas de trânsito pelo condutor";"Colisão frontal";"Com Vítimas Fatais";"Plena Noite";"Crescente";"Céu Claro";"Simples";"Reta";"Não";3;1;0;0;1;1;0;3;-17,17155195;-41,49657713;"SPRF-MG";"DEL11-MG";"UOP01-DEL11-MG"
228803;2019-08-15;"quinta-feira";"01:05:00";"PA";155;342;"MARABA";"Ingestão de Álcool";"Colisão lateral";"Sem Vítimas";"Plena Noite";"Crescente";"Céu Claro";"Simples";"Reta";"Sim";2;0;0;0;2;0;0;2;-5,37851903;-49,07674765;"SPRF-PA";"DEL03-PA";"UOP01-DEL03-PA"
228809;2019-08-14;"quarta-feira";"23:00:00";"MA";135;39,9;"BACABEIRA";"Carga excessiva e/ou mal acondicionada";"Saída de leito carroçável";"Com Vítimas Feridas";"Plena Noite";"Decrescente";"Céu Claro";"Dupla";"Reta";"Não";1;0;0;1;0;0;1;1;-2,88509899;-44,3749714;"SPRF-MA";"DEL01-MA";"UOP01-DEL01-MA"
228813;2019-08-15;"quinta-feira";"03:00:00";"RO";364;704;"PORTO VELHO";"Carga excessiva e/ou mal acondicionada";"Incêndio";"Sem Vítimas";"Plena Noite";"Decrescente";"Nevoeiro/Neblina";"Dupla";"Reta";"Não";2;0;0;0;1;2;0;3;-8,80032739;-63,804543;"SPRF-RO";"DEL01-RO";"UOP01-DEL01-RO"
228819;2019-08-15;"quinta-feira";"01:00:00";"MG";365;660,7;"MONTE ALEGRE DE MINAS";"Condutor Dormindo";"Colisão com objeto estático";"Sem Vítimas";"Plena Noite";"Crescente";"Céu Claro";"Dupla";"Reta";"Não";2;0;0;0;1;1;0;2;-18,89246253;-48,6428551;"SPRF-MG";"DEL15-MG";"UOP01-DEL15-MG"
228822;2019-08-14;"quarta-feira";"18:30:00";"BA";20;77;"SAO DESIDERIO";"Velocidade Incompatível";"Colisão traseira";"Com Vítimas Fatais";"Anoitecer";"Crescente";"Céu Claro";"Simples";"Aclive";"Não";2;1;0;0;1;0;0;2;-13,25635193;-46,05068564;"SPRF-BA";"DEL10-BA";"UOP01-DEL10-BA"
228826;2019-08-15;"quinta-feira";"05:20:00";"MT";364;43,5;"ALTO GARCAS";"Defeito na Via";"Tombamento";"Com Vítimas Feridas";"Amanhecer";"Decrescente";"Céu Claro";"Simples";"Reta";"Não";2;0;1;0;0;2;1;3;-17,05776603;-53,47356207;"SPRF-MT";"DEL02-MT";"UOP02-DEL02-MT"
228830;2019-08-15;"quinta-feira";"05:10:00";"AL";101;34;"JOAQUIM GOMES";"Falta de Atenção à Condução";"Saída de leito carroçável";"Com Vítimas Feridas";"Amanhecer";"Crescente";"Chuva";"Dupla";"Curva";"Não";1;0;1;0;0;0;1;1;-9,11439602;-35,76425074;"SPRF-AL";"DEL01-AL";"UOP01-DEL01-AL"
228837;2019-08-15;"quinta-feira";"07:20:00";"GO";364;332,8;"PORTELANDIA";"Condutor Dormindo";"Colisão frontal";"Com Vítimas Feridas";"Amanhecer";"Decrescente";"Céu Claro";"Simples";"Reta";"Não";3;0;0;1;1;4;1;6;-17,393606;-52,738472;"SPRF-GO";"DEL05-GO";"UOP01-DEL05-GO"
228839;2019-08-15;"quinta-feira";"07:00:00";"BA";242;462;"IBITIARA";"Falta de Atenção à Condução";"Tombamento";"Sem Vítimas";"Pleno dia";"Decrescente";"Céu Claro";"Simples";"Curva";"Não";3;0;0;0;2;3;0;5;-12,44900705;-42,16775604;"SPRF-BA";"DEL06-BA";"UOP01-DEL06-BA"
228841;2019-08-15;"quinta-feira";"07:50:00";"GO";60;447;"JATAI";"Falta de Atenção à Condução";"Colisão traseira";"Com Vítimas Feridas";"Pleno dia";"Crescente";"Céu Claro";"Dupla";"Reta";"Não";3;0;0;1;1;2;1;4;-17,8488;-51,4971;"SPRF-GO";"DEL05-GO";"UOP01-DEL05-GO"
228842;2019-07-26;"sexta-feira";"17:22:00";"MG";381;922;"CAMANDUCAIA";"Falta de Atenção à Condução";"Colisão lateral";"Sem Vítimas";"Pleno dia";"Decrescente";"Céu Claro";"Dupla";"Reta";"Não";6;0;0;0;6;0;0;2;-22,77136921;-46,18265609;"SPRF-MG";"DEL16-MG";"UOP03-DEL16-MG"
228847;2019-08-15;"quinta-feira";"07:25:00";"MG";116;780,7;"LEOPOLDINA";"Velocidade Incompatível";"Tombamento";"Com Vítimas Feridas";"Pleno dia";"Decrescente";"Céu Claro";"Simples";"Curva";"Não";3;0;2;0;0;2;2;3;-21,61874919;-42,69186443;"SPRF-MG";"DEL07-MG";"UOP01-DEL07-MG"
228850;2019-08-15;"quinta-feira";"08:45:00";"PR";277;234;"FERNANDES PINHEIRO";"Falta de Atenção à Condução";"Saída de leito carroçável";"Sem Vítimas";"Pleno dia";"Decrescente";"Céu Claro";"Simples";"Interseção de Vias";"Não";1;0;0;0;1;0;0;1;-25,47103055;-50,49767186;"SPRF-PR";"DEL03-PR";"UOP02-DEL08-PR"
228857;2019-08-15;"quinta-feira";"10:00:00";"SP";381;25,1;"BRAGANCA PAULISTA";"Falta de Atenção à Condução";"Colisão traseira";"Sem Vítimas";"Pleno dia";"Crescente";"Sol";"Dupla";"Reta";"Sim";3;0;0;0;2;2;0;4;-23,02679312;-46,53612988;"SPRF-SP";"DEL03-SP";"UOP02-DEL03-SP"
228858;2019-08-15;"quinta-feira";"09:50:00";"PR";376;403,1;"TIBAGI";"Velocidade Incompatível";"Engavetamento";"Sem Vítimas";"Pleno dia";"Crescente";"Sol";"Simples";"Curva";"Não";6;0;0;0;4;6;0;10;-24,57106104;-50,68656575;"SPRF-PR";"DEL03-PR";"UOP02-DEL03-PR"
228860;2019-08-15;"quinta-feira";"10:30:00";"RS";290;26;"SANTO ANTONIO DA PATRULHA";"Desobediência às normas de trânsito pelo condutor";"Colisão transversal";"Com Vítimas Feridas";"Pleno dia";"Decrescente";"Sol";"Simples";"Interseção de Vias";"Não";4;0;2;0;1;1;2;3;-29,880135;-50,514297;"SPRF-RS";"DEL03-RS";"UOP01-DEL03-RS"
228861;2019-08-15;"quinta-feira";"08:20:00";"RO";319;60;"PORTO VELHO";"Não guardar distância de segurança";"Colisão lateral";"Com Vítimas Feridas";"Pleno dia";"Decrescente";"Sol";"Dupla";"Rotatória";"Sim";4;0;1;0;2;1;1;3;-8,73964732;-63,8899309;"SPRF-RO";"DEL01-RO";"UOP01-DEL01-RO"
228863;2019-08-15;"quinta-feira";"10:30:00";"RS";116;139;"CAXIAS DO SUL";"Falta de Atenção à Condução";"Capotamento";"Com Vítimas Feridas";"Pleno dia";"Decrescente";"Sol";"Simples";"Curva";"Não";1;0;0;1;0;0;1;1;-29,09753038;-51,10965833;"SPRF-RS";"DEL05-RS";"UOP01-DEL05-RS"
228874;2019-08-15;"quinta-feira";"11:15:00";"PE";101;81;"JABOATAO DOS GUARARAPES";"Desobediência às normas de trânsito pelo condutor";"Colisão transversal";"Com Vítimas Feridas";"Pleno dia";"Crescente";"Céu Claro";"Dupla";"Reta";"Sim";2;0;1;0;1;0;1;2;-8,1597489;-34,94024569;"SPRF-PE";"DEL01-PE";"UOP03-DEL01-PE"
228881;2019-08-15;"quinta-feira";"12:00:00";"SE";101;51,5;"CARMOPOLIS";"Desobediência às normas de trânsito pelo condutor";"Colisão transversal";"Com Vítimas Fatais";"Pleno dia";"Decrescente";"Nublado";"Simples";"Reta";"Não";6;1;0;0;2;3;0;6;-10,61153091;-36,97737715;"SPRF-SE";"DEL02-SE";"UOP02-DEL02-SE"
228882;2019-08-15;"quinta-feira";"12:45:00";"BA";116;16;"VITORIA DA CONQUISTA";"Falta de Atenção à Condução";"Colisão transversal";"Com Vítimas Feridas";"Pleno dia";"Decrescente";"Nublado";"Simples";"Interseção de Vias";"Sim";2;0;1;0;1;0;1;2;-14,90241044;-40,84469145;"SPRF-BA";"DEL08-BA";"UOP01-DEL08-BA"
228889;2019-08-15;"quinta-feira";"13:45:00";"MG";381;525,2;"BRUMADINHO";"Velocidade Incompatível";"Saída de leito carroçável";"Com Vítimas Fatais";"Pleno dia";"Crescente";"Céu Claro";"Dupla";"Declive;Curva";"Não";2;1;1;0;0;0;1;1;-20,16710798;-44,33422398;"SPRF-MG";"DEL04-MG";"UOP03-DEL04-MG"
228892;2019-08-15;"quinta-feira";"11:30:00";"BA";242;804;"BARREIRAS";"Falta de Atenção à Condução";"Colisão traseira";"Sem Vítimas";"Pleno dia";"Decrescente";"Céu Claro";"Simples";"Reta";"Não";3;0;0;0;2;1;0;3;-12,114202;-45,076381;"SPRF-BA";"DEL10-BA";"UOP01-DEL10-BA"
228894;2019-08-15;"quinta-feira";"14:15:00";"SC";470;110;"APIUNA";"Condutor Dormindo";"Colisão lateral";"Com Vítimas Feridas";"Pleno dia";"Crescente";"Nublado";"Simples";"Curva";"Não";6;0;4;0;1;1;4;3;-27,09019379;-49,4587181;"SPRF-SC";"DEL04-SC";"UOP02-DEL04-SC"