"id";"data_inversa";"dia_semana";"horario";"uf";"br";"km";"municipio";"causa_acidente";"tipo_acidente";"classificacao_acidente";"fase_dia";"sentido_via";"condicao_metereologica";"tipo_pista";"tracado_via";"uso_solo";"pessoas";"mortos";"feridos_leves";"feridos_graves";"ilesos";"ignorados";"feridos";"veiculos";"latitude";"longitude";"regional";"delegacia";"uop"
228895;2019-08-15;"quinta-feira";"12:35:00";"PE";232;447,4;"SAO JOSE DO BELMONTE";"Falta de Atenção à Condução";"Colisão lateral";"Sem Vítimas";"Pleno dia";"Decrescente";"Sol";"Simples";"Reta";"Sim";3;0;0;0;2;3;0;5;-7,99961227;-38,61712517;"SPRF-PE";"DEL04-PE";"UOP01-DEL04-PE"
228896;2019-08-15;"quinta-feira";"14:20:00";"MG";365;501;"PATROCINIO";"Falta de Atenção à Condução";"Colisão lateral";"Com Vítimas Feridas";"Pleno dia";"Decrescente";"Céu Claro";"Simples";"Reta;Aclive";"Não";7;0;3;0;1;4;3;5;-18,94645542;-47,22310066;"SPRF-MG";"DEL10-MG";"UOP01-DEL10-MG"
228898;2019-08-15;"quinta-feira";"11:25:00";"MG";116;134,6;"PONTO DOS VOLANTES";"Falta de Atenção à Condução";"Tombamento";"Com Vítimas Feridas";"Pleno dia";"Crescente";"Nublado";"Simples";"Curva";"Não";2;0;1;0;0;1;1;2;-16,731626;-41,50644479;"SPRF-MG";"DEL11-MG";"UOP02-DEL11-MG"
228903;2019-08-15;"quinta-feira";"09:00:00";"ES";262;137,8;"BREJETUBA";"Ultrapassagem Indevida";"Tombamento";"Com Vítimas Feridas";"Pleno dia";"Decrescente";"Nublado";"Simples";"Curva";"Não";3;0;1;0;2;0;1;2;-20,23526078;-41,34327555;"SPRF-ES";"DEL01-ES";"UOP02-DEL01-ES"
228905;2019-08-15;"quinta-feira";"14:45:00";"RN";101;94;"NATAL";"Não guardar distância de segurança";"Colisão traseira";"Com Vítimas Feridas";"Pleno dia";"Decrescente";"Céu Claro";"Dupla";"Reta";"Sim";2;0;1;0;1;0;1;2;-5,83176615;-35,21191342;"SPRF-RN";"DEL01-RN";"UOP01-DEL01-RN"
228912;2019-08-07;"quarta-feira";"09:30:00";"PI";316;34;"DEMERVAL LOBAO";"Defeito Mecânico no Veículo";"Colisão frontal";"Com Vítimas Feridas";"Pleno dia";"Crescente";"Sol";"Simples";"Reta";"Não";3;0;1;0;1;1;1;3;-5,35690807;-42,6764932;"SPRF-PI";"DEL01-PI";"UOP02-DEL01-PI"
228924;2019-08-15;"quinta-feira";"16:20:00";"PR";163;351,7;"GUAIRA";"Falta de Atenção à Condução";"Colisão traseira";"Com Vítimas Feridas";"Pleno dia";"Decrescente";"Céu Claro";"Simples";"Ponte";"Não";5;0;1;0;3;1;1;4;-24,0657445;-54,25254822;"SPRF-PR";"DEL06-PR";"UOP01-DEL06-PR"
228925;2019-08-15;"quinta-feira";"16:15:00";"SC";101;274;"IMBITUBA";"Falta de Atenção do Pedestre";"Atropelamento de Pedestre";"Com Vítimas Fatais";"Pleno dia";"Decrescente";"Sol";"Dupla";"Reta";"Sim";3;1;0;0;2;0;0;2;-28,140341;-48,692044;"SPRF-SC";"DEL02-SC";"UOP03-DEL02-SC"
228942;2019-08-15;"quinta-feira";"16:00:00";"AC";364;60,9;"SENADOR GUIOMARD";"Ingestão de Álcool";"Colisão lateral";"Sem Vítimas";"Pleno dia";"Crescente";"Céu Claro";"Simples";"Reta";"Não";3;0;0;0;2;1;0;3;-10,03389706;-67,25856895;"SPRF-AC";"DEL01-AC";"UOP01-DEL01-AC"
228944;2019-08-15;"quinta-feira";"18:00:00";"MT";163;839;"SINOP";"Desobediência às normas de trânsito pelo condutor";"Colisão traseira";"Com Vítimas Feridas";"Plena Noite";"Crescente";"Céu Claro";"Simples";"Reta";"Sim";2;0;1;0;1;0;1;2;-11,951051;-55,516876;"SPRF-MT";"DEL06-MT";"UOP02-DEL06-MT"
228945;2019-08-15;"quinta-feira";"18:40:00";"PE";232;100,5;"BEZERROS";"Falta de Atenção à Condução";"Colisão traseira";"Com Vítimas Feridas";"Plena Noite";"Crescente";"Céu Claro";"Simples";"Declive";"Sim";3;0;0;1;2;0;1;3;-8,23791176;-35,74297705;"SPRF-PE";"DEL01-PE";"UOP02-DEL02PE"
228948;2019-08-15;"quinta-feira";"19:50:00";"SP";116;282,7;"EMBU DAS ARTES";"Falta de Atenção à Condução";"Colisão lateral";"Com Vítimas Feridas";"Plena Noite";"Crescente";"Nublado";"Dupla";"Reta";"Sim";4;0;1;0;2;1;1;3;-23,66614975;-46,85488885;"SPRF-SP";"DEL04-SP";"UOP01-DEL04-SP"
228949;2019-08-15;"quinta-feira";"20:05:00";"RS";285;562,8;"SAO LUIZ GONZAGA";"Falta de Atenção à Condução";"Colisão traseira";"Com Vítimas Feridas";"Plena Noite";"Decrescente";"Céu Claro";"Simples";"Reta";"Não";4;0;1;1;1;2;2;4;-28,417784;-54,916275;"SPRF-RS";"DEL10-RS";"UOP01-DEL10-RS"
228960;2019-06-09;"domingo";"20:30:00";"PA";316;185;"SANTA LUZIA DO PARA";"Falta de Atenção à Condução";"Colisão lateral";"Com Vítimas Feridas";"Plena Noite";"Decrescente";"Chuva";"Simples";"Reta";"Não";3;0;2;0;1;0;2;2;-1,43869597;-46,97550297;"SPRF-PA";"DEL01-PA";"UOP03-DEL01-PA"
228964;2019-08-15;"quinta-feira";"22:20:00";"GO";40;73,6;"CRISTALINA";"Falta de Atenção à Condução";"Colisão traseira";"Com Vítimas Fatais";"Plena Noite";"Crescente";"Céu Claro";"Dupla";"Reta";"Não";3;1;0;0;1;2;0;4;-16,621476;-47,748846;"SPRF-DF";"DEL01-DF";"UOP02-DEL01-DF"
228965;2019-08-15;"quinta-feira";"22:45:00";"PR";476;235,9;"LAPA";"Defeito Mecânico no Veículo";"Incêndio";"Sem Vítimas";"Plena Noite";"Crescente";"Céu Claro";"Simples";"Reta";"Não";2;0;0;0;1;1;0;2;-25,879135;-50,027172;"SPRF-PR";"DEL02-PR";"UOP04-DEL02-PR"
228981;2019-08-16;"sexta-feira";"01:15:00";"RJ";101;12;"CAMPOS DOS GOYTACAZES";"Não guardar distância de segurança";"Colisão traseira";"Com Vítimas Feridas";"Amanhecer";"Decrescente";"Céu Claro";"Simples";"Curva";"Não";2;0;1;0;1;0;1;2;-21,31648344;-41,32577696;"SPRF-RJ";"DEL08-RJ";"UOP01-DEL08-RJ"
228986;2019-06-17;"segunda-feira";"13:20:00";"TO";153;493;"PARAISO DO TOCANTINS";"Falta de Atenção à Condução";"Colisão traseira";"Com Vítimas Feridas";"Pleno dia";"Crescente";"Céu Claro";"Simples";"Reta";"Sim";10;0;3;0;6;2;3;5;-10,16039618;-48,88154257;"SPRF-TO";"DEL02-TO";"UOP01-DEL01-TO"
228993;2019-08-16;"sexta-feira";"04:40:00";"PE";101;65,4;"RECIFE";"Falta de Atenção à Condução";"Atropelamento de Pedestre";"Com Vítimas Feridas";"Amanhecer";"Decrescente";"Nublado";"Múltipla";"Reta";"Sim";3;0;0;1;0;2;1;2;-8,02478597;-34,94276635;"SPRF-PE";"DEL01-PE";"UOP01-DEL01-PE"
228994;2019-08-16;"sexta-feira";"05:10:00";"RN";101;84,1;"NATAL";"Falta de Atenção à Condução";"Colisão traseira";"Com Vítimas Feridas";"Amanhecer";"Crescente";"Céu Claro";"Dupla";"Reta";"Sim";2;0;0;1;1;0;1;2;-5,774175;-35,2578;"SPRF-RN";"DEL02-RN";"UOP01-DEL02-RN"
229002;2019-08-16;"sexta-feira";"06:45:00";"CE";222;67,8;"SAO GONCALO DO AMARANTE";"Desobediência às normas de trânsito pelo condutor";"Colisão lateral";"Com Vítimas Feridas";"Pleno dia";"Crescente";"Céu Claro";"Simples";"Reta;Aclive";"Não";3;0;1;0;1;3;1;5;-3,670898;-39,143053;"SPRF-CE";"DEL01-CE";"UOP03-DEL01-CE"
229004;2019-08-16;"sexta-feira";"07:00:00";"PR";373;201,5;"IPIRANGA";"Ultrapassagem Indevida";"Colisão frontal";"Com Vítimas Fatais";"Amanhecer";"Crescente";"Nevoeiro/Neblina";"Simples";"Reta";"Não";3;1;0;0;1;2;0;4;-25,07814896;-50,40118103;"SPRF-PR";"DEL03-PR";"UOP01-DEL03-PR"
229009;2019-08-16;"sexta-feira";"07:10:00";"RS";290;94;"PORTO ALEGRE";"Desobediência às normas de trânsito pelo condutor";"Colisão traseira";"Com Vítimas Feridas";"Pleno dia";"Crescente";"Céu Claro";"Dupla";"Reta";"Sim";2;0;1;0;1;0;1;2;-29,97600137;-51,19965607;"SPRF-RS";"DEL01-RS";"UOP01-DEL01-RS"
229012;2019-08-16;"sexta-feira";"07:00:00";"GO";153;223;"URUACU";"Velocidade Incompatível";"Tombamento";"Com Vítimas Feridas";"Pleno dia";"Crescente";"Céu Claro";"Simples";"Declive;Curva";"Não";1;0;1;0;0;0;1;1;-14,710747;-49,2253;"SPRF-GO";"DEL07-GO";"UOP02-DEL07-GO"
229014;2019-08-16;"sexta-feira";"07:50:00";"MG";116;779,3;"LEOPOLDINA";"Velocidade Incompatível";"Tombamento";"Com Vítimas Feridas";"Amanhecer";"Decrescente";"Céu Claro";"Simples";"Curva";"Não";2;0;1;0;0;1;1;2;-21,61482397;-42,69263203;"SPRF-MG";"DEL07-MG";"UOP01-DEL07-MG"
229021;2019-08-16;"sexta-feira";"07:30:00";"BA";242;872;"BARREIRAS";"Não guardar distância de segurança";"Engavetamento";"Sem Vítimas";"Pleno dia";"Crescente";"Céu Claro";"Simples";"Reta";"Não";4;0;0;0;2;2;0;4;-12,07948721;-45,48805403;"SPRF-BA";"DEL10-BA";"UOP01-DEL10-BA"
229023;2019-08-16;"sexta-feira";"08:10:00";"SC";470;59,7;"BLUMENAU";"Falta de Atenção à Condução";"Colisão traseira";"Sem Vítimas";"Pleno dia";"Decrescente";"Céu Claro";"Simples";"Reta";"Não";2;0;0;0;2;0;0;2;-26,882812;-49,1548;"SPRF-SC";"DEL04-SC";"UOP01-DEL04-SC"
229035;2019-08-16;"sexta-feira";"07:20:00";"PI";316;43,3;"LAGOA DO PIAUI";"Desobediência às normas de trânsito pelo condutor";"Colisão lateral";"Com Vítimas Feridas";"Pleno dia";"Crescente";"Sol";"Simples";"Reta";"Não";3;0;1;0;1;1;1;2;-5,42838588;-42,6368727;"SPRF-PI";"DEL01-PI";"UOP02-DEL01-PI"
229041;2019-08-16;"sexta-feira";"07:00:00";"BA";20;209;"LUIS EDUARDO MAGALHAES";"Desobediência às normas de trânsito pelo condutor";"Colisão transversal";"Sem Vítimas";"Pleno dia";"Decrescente";"Céu Claro";"Simples";"Reta";"Sim";4;0;0;0;1;3;0;3;-12,106153;-45,809344;"SPRF-BA";"DEL10-BA";"UOP01-DEL10-BA"
229043;2019-08-16;"sexta-feira";"10:15:00";"PR";376;450;"TIBAGI";"Agressão Externa";"Colisão traseira";"Sem Vítimas";"Pleno dia";"Crescente";"Céu Claro";"Dupla";"Curva";"Não";6;0;0;0;5;3;0;6;-24,934557;-50,40438302;"SPRF-PR";"DEL03-PR";"UOP02-DEL03-PR"
229064;2019-08-16;"sexta-feira";"10:15:00";"MG";251;355,8;"PADRE CARVALHO";"Não guardar distância de segurança";"Colisão traseira";"Com Vítimas Feridas";"Pleno dia";"Decrescente";"Céu Claro";"Simples";"Reta";"Não";2;0;1;0;1;0;1;2;-16,26556781;-42,56697499;"SPRF-MG";"DEL12-MG";"UOP01-DEL12-MG"
229068;2019-01-07;"segunda-feira";"17:20:00";"BA";116;797,7;"VITORIA DA CONQUISTA";"Condutor Dormindo";"Colisão lateral";"Com Vítimas Feridas";"Pleno dia";"Crescente";"Nublado";"Simples";"Reta";"Não";4;0;1;0;2;2;1;5;-14,73604;-40,65091;"SPRF-BA";"DEL08-BA";"UOP02-DEL08-BA"
229071;2019-08-16;"sexta-feira";"11:25:00";"MG";381;720,9;"CARMO DA CACHOEIRA";"Velocidade Incompatível";"Tombamento";"Sem Vítimas";"Pleno dia";"Decrescente";"Céu Claro";"Dupla";"Curva";"Não";2;0;0;0;1;1;0;2;-21,46061202;-45,20743901;"SPRF-MG";"DEL04-MG";"UOP02-DEL04-MG"
229074;2019-08-16;"sexta-feira";"13:00:00";"AL";101;67;"MESSIAS";"Pista Escorregadia";"Saída de leito carroçável";"Sem Vítimas";"Pleno dia";"Crescente";"Chuva";"Dupla";"Reta";"Não";2;0;0;0;1;2;0;3;-9,34144305;-35,83125567;"SPRF-AL";"DEL01-AL";"UOP01-DEL01-AL"
229080;2019-08-16;"sexta-feira";"13:30:00";"GO";50;163;"CAMPO ALEGRE DE GOIAS";"Falta de Atenção à Condução";"Tombamento";"Com Vítimas Feridas";"Pleno dia";"Crescente";"Céu Claro";"Simples";"Viaduto";"Não";2;0;1;0;0;2;1;3;-17,2794;-47,7614;"SPRF-GO";"DEL06-GO";"UOP01-DEL06-GO"
229082;2019-08-16;"sexta-feira";"12:40:00";"MT";163;662,5;"LUCAS DO RIO VERDE";"Ultrapassagem Indevida";"Colisão traseira";"Com Vítimas Feridas";"Pleno dia";"Crescente";"Sol";"Simples";"Reta";"Não";5;0;1;0;3;2;1;4;-13,38183476;-56,08753922;"SPRF-MT";"DEL06-MT";"UOP01-DEL06-MT"
229083;2019-08-16;"sexta-feira";"13:55:00";"PR";376;192,5;"MARIALVA";"Falta de Atenção à Condução";"Tombamento";"Com Vítimas Feridas";"Pleno dia";"Crescente";"Sol";"Dupla";"Aclive;Curva";"Não";3;0;1;0;1;1;1;3;-23,49374863;-51,78148171;"SPRF-PR";"DEL07-PR";"UOP01-DEL09-PR"
229084;2019-08-16;"sexta-feira";"12:30:00";"MG";153;121;"PRATA";"Falta de Atenção à Condução";"Tombamento";"Com Vítimas Feridas";"Pleno dia";"Decrescente";"Céu Claro";"Dupla";"Curva;Aclive";"Não";2;0;0;1;0;1;1;2;-19,41163408;-48,89360015;"SPRF-MG";"DEL15-MG";"UOP03-DEL15-MG"
229090;2019-08-16;"sexta-feira";"07:50:00";"PA";163;350;"NOVO PROGRESSO";"Não guardar distância de segurança";"Colisão traseira";"Sem Vítimas";"Pleno dia";"Decrescente";"Céu Claro";"Simples";"Reta";"Não";3;0;0;0;3;0;0;2;-6,7217159;-55,48055651;"SPRF-PA";"DEL05-PA";"UOP01-DEL05-PA"
229107;2019-08-16;"sexta-feira";"15:42:00";"PA";230;120;"MARABA";"Desobediência às normas de trânsito pelo condutor";"Colisão traseira";"Com Vítimas Fatais";"Pleno dia";"Crescente";"Céu Claro";"Dupla";"Declive";"Sim";5;1;2;1;1;0;3;2;-5,35038318;-49,11434;"SPRF-PA";"DEL03-PA";"UOP01-DEL03-PA"
229117;2019-08-16;"sexta-feira";"16:50:00";"BA";20;206;"LUIS EDUARDO MAGALHAES";"Ultrapassagem Indevida";"Colisão frontal";"Com Vítimas Feridas";"Pleno dia";"Crescente";"Céu Claro";"Simples";"Reta";"Não";2;0;1;0;0;1;1;2;-12,132707;-45,814608;"SPRF-BA";"DEL10-BA";"UOP01-DEL10-BA"
229120;2019-08-16;"sexta-feira";"16:00:00";"BA";116;700,6;"JEQUIE";"Ultrapassagem Indevida";"Colisão frontal";"Com Vítimas Fatais";"Pleno dia";"Decrescente";"Ignorado";"Simples";"Reta";"Não";7;2;0;2;2;2;2;5;-14,02757181;-40,19610925;"SPRF-BA";"DEL03-BA";"UOP01-DEL03-BA"
229121;2019-08-16;"sexta-feira";"13:30:00";"BA";116;254;"TUCANO";"Defeito Mecânico no Veículo";"Tombamento";"Sem Vítimas";"Pleno dia";"Crescente";"Céu Claro";"Simples";"Reta";"Não";2;0;0;0;1;1;0;2;-10,80743383;-38,87734583;"SPRF-BA";"DEL07-BA";"UOP02-DEL07-BA"
229123;2019-08-16;"sexta-feira";"16:00:00";"BA";116;222;"EUCLIDES DA CUNHA";"Falta de Atenção à Condução";"Colisão lateral";"Com Vítimas Feridas";"Pleno dia";"Crescente";"Chuva";"Simples";"Reta";"Não";2;0;1;0;1;0;1;2;-10,58516577;-38,98268272;"SPRF-BA";"DEL07-BA";"UOP02-DEL07-BA"
229124;2019-08-16;"sexta-feira";"17:00:00";"RJ";101;406;"ITAGUAI";"Falta de Atenção à Condução";"Atropelamento de Pedestre";"Com Vítimas Feridas";"Pleno dia";"Crescente";"Céu Claro";"Dupla";"Interseção de Vias";"Sim";2;0;0;1;1;0;1;2;-22,87281796;-43,81031558;"SPRF-RJ";"DEL03-RJ";"UOP01-DEL03-RJ"
229135;2019-08-16;"sexta-feira";"18:10:00";"RJ";116;304;"RESENDE";"Falta de Atenção à Condução";"Engavetamento";"Sem Vítimas";"Anoitecer";"Crescente";"Céu Claro";"Simples";"Reta";"Sim";3;0;0;0;3;0;0;3;-22,4550412;-44,38649998;"SPRF-RJ";"DEL07-RJ";"DEL5/7-UOP03/RJ"
229140;2019-08-16;"sexta-feira";"18:50:00";"RN";304;259,6;"SAO PEDRO";"Defeito Mecânico no Veículo";"Colisão frontal";"Com Vítimas Feridas";"Plena Noite";"Crescente";"Céu Claro";"Simples";"Reta";"Não";10;0;7;2;1;0;9;2;-5,84605499;-35,674025;"SPRF-RN";"DEL01-RN";"UOP02-DEL01-RN"
229143;2019-08-16;"sexta-feira";"17:40:00";"RJ";40;111;"DUQUE DE CAXIAS";"Falta de Atenção à Condução";"Colisão traseira";"Com Vítimas Feridas";"Anoitecer";"Decrescente";"Céu Claro";"Múltipla";"Reta";"Sim";2;0;1;0;0;1;1;2;-22,691868;-43,287453;"SPRF-RJ";"DEL01-RJ";"UOP01-DEL01-RJ"
229146;2019-08-16;"sexta-feira";"18:30:00";"MG";365;605,3;"UBERLANDIA";"Falta de Atenção à Condução";"Tombamento";"Sem Vítimas";"Plena Noite";"Crescente";"Céu Claro";"Dupla";"Curva";"Não";1;0;0;0;1;0;0;1;-18,91346;-48,17175;"SPRF-MG";"DEL15-MG";"UOP01-DEL15-MG"
229147;2019-08-16;"sexta-feira";"19:50:00";"SC";470;48;"BLUMENAU";"Ingestão de Álcool";"Colisão lateral";"Com Vítimas Feridas";"Plena Noite";"Decrescente";"Céu Claro";"Simples";"Reta";"Sim";5;0;0;1;3;1;1;5;-26,86029225;-49,06407505;"SPRF-SC";"DEL04-SC";"UOP01-DEL04-SC"
229162;2019-08-16;"sexta-feira";"18:00:00";"BA";101;235;"CONCEICAO DO ALMEIDA";"Velocidade Incompatível";"Colisão traseira";"Com Vítimas Feridas";"Plena Noite";"Crescente";"Chuva";"Simples";"Reta;Aclive";"Não";4;0;1;0;3;0;1;3;-12,76480318;-39,18303262;"SPRF-BA";"DEL01-BA";"UOP02-DEL01-BA"
229175;2019-08-16;"sexta-feira";"15:00:00";"RO";364;410;"JARU";"Não guardar distância de segurança";"Colisão traseira";"Com Vítimas Feridas";"Pleno dia";"Crescente";"Céu Claro";"Simples";"Curva;Declive";"Não";4;0;1;0;2;2;1;4;-10,532781;-62,398327;"SPRF-RO";"DEL03-RO";"UOP02-DEL03-RO"
229180;2019-08-16;"sexta-feira";"22:15:00";"RN";304;254;"SANTA MARIA";"Desobediência às normas de trânsito pelo condutor";"Colisão transversal";"Com Vítimas Fatais";"Plena Noite";"Decrescente";"Céu Claro";"Simples";"Reta";"Não";3;2;0;0;1;0;0;2;-5,83683576;-35,71822196;"SPRF-RN";"DEL01-RN";"UOP02-DEL01-RN"
229183;2019-08-16;"sexta-feira";"20:15:00";"MT";364;1142;"SAPEZAL";"Defeito Mecânico no Veículo";"Colisão frontal";"Com Vítimas Feridas";"Plena Noite";"Crescente";"Céu Claro";"Simples";"Reta";"Não";4;0;1;0;2;2;1;5;-13,52933682;-58,93862898;"SPRF-MT";"DEL04-MT";"UOP01-DEL04-MT"
229201;2019-08-16;"sexta-feira";"22:05:00";"MS";267;127;"NOVA ANDRADINA";"Animais na Pista";"Atropelamento de Animal";"Sem Vítimas";"Plena Noite";"Decrescente";"Céu Claro";"Simples";"Declive;Reta";"Não";2;0;0;0;1;1;0;2;-21,74699675;-53,27871786;"SPRF-MS";"DEL02-MS";"UOP03-DEL02-MS"
229204;2019-08-16;"sexta-feira";"23:00:00";"BA";407;143;"SENHOR DO BONFIM";"Defeito na Via";"Tombamento";"Sem Vítimas";"Pleno dia";"Crescente";"Céu Claro";"Simples";"Reta";"Não";1;0;0;0;1;0;0;1;-10,65217291;-40,12893677;"SPRF-BA";"DEL04-BA";"UOP01-DEL04-BA"
229206;2019-08-16;"sexta-feira";"23:30:00";"RS";386;246,1;"SOLEDADE";"Animais na Pista";"Atropelamento de Animal";"Sem Vítimas";"Plena Noite";"Crescente";"Céu Claro";"Simples";"Reta";"Sim";1;0;0;0;1;0;0;1;-28,808382;-52,502323;"SPRF-RS";"DEL04-RS";"UOP03-DEL04-RS"
229210;2019-08-17;"sábado";"02:41:00";"GO";40;8,3;"LUZIANIA";"Ingestão de Álcool";"Colisão lateral";"Com Vítimas Feridas";"Plena Noite";"Decrescente";"Céu Claro";"Dupla";"Reta";"Sim";4;0;0;1;2;1;1;4;-16,116158;-47,96761;"SPRF-DF";"DEL01-DF";"UOP01-DEL01-DF"
229212;2019-08-17;"sábado";"03:30:00";"SC";470;86,5;"ASCURRA";"Velocidade Incompatível";"Colisão com objeto estático";"Com Vítimas Feridas";"Plena Noite";"Crescente";"Céu Claro";"Simples";"Ponte";"Não";2;0;2;0;0;0;2;1;-26,961573;-49,371918;"SPRF-SC";"DEL04-SC";"UOP01-DEL04-SC"
229218;2019-08-17;"sábado";"02:00:00";"SC";101;87,2;"BARRA VELHA";"Desobediência às normas de trânsito pelo pedestre";"Atropelamento de Pedestre";"Com Vítimas Feridas";"Plena Noite";"Crescente";"Céu Claro";"Múltipla";"Reta";"Sim";2;0;1;0;1;0;1;2;-26,63713377;-48,69651057;"SPRF-SC";"DEL03-SC";"UOP02-DEL03-SC"
229223;2019-08-17;"sábado";"05:20:00";"SC";101;213,4;"PALHOCA";"Falta de Atenção à Condução";"Colisão traseira";"Com Vítimas Feridas";"Plena Noite";"Crescente";"Nublado";"Múltipla";"Reta";"Não";7;0;1;2;2;2;3;4;-27,63697369;-48,66514142;"SPRF-SC";"DEL01-SC";"UOP02-DEL01-SC"
229227;2019-08-17;"sábado";"03:00:00";"GO";60;399,9;"RIO VERDE";"Condutor Dormindo";"Saída de leito carroçável";"Com Vítimas Fatais";"Plena Noite";"Crescente";"Céu Claro";"Dupla";"Declive";"Não";3;1;0;1;0;1;1;2;-17,8224;-51,0447;"SPRF-GO";"DEL04-GO";"UOP01-DEL04-GO"
229228;2019-08-17;"sábado";"06:40:00";"TO";153;141,8;"ARAGUAINA";"Falta de Atenção à Condução";"Colisão transversal";"Com Vítimas Feridas";"Pleno dia";"Decrescente";"Céu Claro";"Dupla";"Reta";"Sim";3;0;1;0;1;1;1;3;-7,175959;-48,219548;"SPRF-TO";"DEL02-TO";"UOP01-DEL02-TO"
229236;2019-08-17;"sábado";"03:00:00";"MS";158;317;"TRES LAGOAS";"Defeito Mecânico no Veículo";"Incêndio";"Sem Vítimas";"Plena Noite";"Decrescente";"Céu Claro";"Simples";"Reta";"Não";2;0;0;0;1;3;0;4;-21,07685205;-51,93414182;"SPRF-MS";"DEL07-MS";"UOP01-DEL07-MS"
229250;2019-08-17;"sábado";"08:40:00";"SE";101;92,8;"NOSSA SENHORA DO SOCORRO";"Defeito na Via";"Derramamento de carga";"Sem Vítimas";"Pleno dia";"Decrescente";"Sol";"Dupla";"Curva";"Sim";2;0;0;0;1;1;0;2;-10,90169474;-37,13619222;"SPRF-SE";"DEL01-SE";"UOP01-DEL01-SE"
229253;2019-08-17;"sábado";"03:50:00";"RJ";116;201;"SEROPEDICA";"Falta de Atenção à Condução";"Colisão traseira";"Com Vítimas Feridas";"Plena Noite";"Crescente";"Ignorado";"Dupla";"Reta";"Não";3;0;1;0;1;1;1;3;-22,73124742;-43,60364806;"SPRF-RJ";"DEL01-RJ";"UOP03-DEL01-RJ"
229255;2019-08-17;"sábado";"07:50:00";"RJ";116;13;"SAPUCAIA";"Velocidade Incompatível";"Tombamento";"Com Vítimas Feridas";"Pleno dia";"Crescente";"Sol";"Simples";"Ponte;Curva";"Não";2;0;2;0;0;0;2;1;-21,95256217;-42,73351991;"SPRF-RJ";"DEL04-RJ";"UOP01-DEL04-RJ"
229257;2019-08-17;"sábado";"09:20:00";"CE";222;61;"SAO GONCALO DO AMARANTE";"Velocidade Incompatível";"Colisão lateral";"Com Vítimas Feridas";"Pleno dia";"Crescente";"Céu Claro";"Simples";"Reta;Declive";"Não";4;0;3;0;0;1;3;2;-3,67114761;-39,08954297;"SPRF-CE";"DEL01-CE";"UOP03-DEL01-CE"
229261;2019-08-17;"sábado";"09:35:00";"ES";101;304,3;"VIANA";"Falta de Atenção à Condução";"Colisão lateral";"Sem Vítimas";"Pleno dia";"Crescente";"Céu Claro";"Dupla";"Reta";"Sim";3;0;0;0;2;1;0;3;-20,3800645;-40,45431391;"SPRF-ES";"DEL01-ES";"UOP01-DEL01-ES"
229263;2019-08-17;"sábado";"08:30:00";"MG";116;598,1;"SAO JOAO DO MANHUACU";"Condutor Dormindo";"Colisão frontal";"Com Vítimas Feridas";"Pleno dia";"Crescente";"Céu Claro";"Simples";"Reta";"Não";2;0;0;1;1;0;1;2;-20,31596699;-42,14564902;"SPRF-MG";"DEL06-MG";"UOP03-DEL06-MG"
229274;2019-08-17;"sábado";"10:10:00";"SE";101;139,7;"ESTANCIA";"Falta de Atenção à Condução";"Saída de leito carroçável";"Sem Vítimas";"Pleno dia";"Crescente";"Céu Claro";"Dupla";"Reta";"Não";2;0;0;0;1;1;0;2;-11,17586;-37,39916682;"SPRF-SE";"DEL02-SE";"UOP01-DEL02-SE"
229280;2019-08-17;"sábado";"08:10:00";"SC";282;1,1;"FLORIANOPOLIS";"Desobediência às normas de trânsito pelo condutor";"Colisão com objeto estático";"Sem Vítimas";"Pleno dia";"Decrescente";"Céu Claro";"Múltipla";"Viaduto";"Sim";2;0;0;0;1;1;0;2;-27,602955;-48,580509;"SPRF-SC";"DEL01-SC";"UOP01-DEL01-SC"
229285;2019-08-17;"sábado";"10:20:00";"ES";101;304;"VIANA";"Falta de Atenção à Condução";"Colisão traseira";"Sem Vítimas";"Pleno dia";"Crescente";"Nublado";"Múltipla";"Reta";"Sim";4;0;0;0;3;1;0;3;-20,3800645;-40,45431391;"SPRF-ES";"DEL01-ES";"UOP01-DEL01-ES"
229292;2019-08-17;"sábado";"09:20:00";"MT";364;586;"DIAMANTINO";"Fenômenos da Natureza";"Incêndio";"Sem Vítimas";"Pleno dia";"Decrescente";"Vento";"Dupla";"Reta";"Não";3;0;0;0;1;3;0;4;-14,61648924;-56,25803777;"SPRF-MT";"DEL01-MT";"UOP01-DEL01-MT"
229302;2019-08-17;"sábado";"12:00:00";"SE";235;55;"ITABAIANA";"Falta de Atenção à Condução";"Colisão transversal";"Com Vítimas Feridas";"Pleno dia";"Crescente";"Céu Claro";"Simples";"Interseção de Vias";"Sim";2;0;1;0;1;0;1;2;-10,667386;-37,446014;"SPRF-SE";"DEL01-SE";"UOP02-DEL01-SE"
229312;2019-08-17;"sábado";"11:15:00";"MG";116;208,1;"CATUJI";"Falta de Atenção à Condução";"Atropelamento de Pedestre";"Com Vítimas Feridas";"Pleno dia";"Crescente";"Céu Claro";"Simples";"Reta";"Sim";2;0;1;0;1;0;1;2;-17,308365;-41,518593;"SPRF-MG";"DEL11-MG";"UOP01-DEL11-MG"
229318;2019-08-17;"sábado";"07:10:00";"PB";116;12,8;"CACHOEIRA DOS INDIOS";"Não guardar distância de segurança";"Colisão traseira";"Sem Vítimas";"Pleno dia";"Decrescente";"Chuva";"Simples";"Reta;Declive";"Não";2;0;0;0;1;1;0;2;-6,99676837;-38,74861836;"SPRF-CE";"DEL05-CE";"UOP03-DEL05-CE"
229325;2019-08-17;"sábado";"13:30:00";"MG";251;289;"SALINAS";"Defeito Mecânico no Veículo";"Saída de leito carroçável";"Com Vítimas Feridas";"Pleno dia";"Crescente";"Céu Claro";"Simples";"Curva";"Não";2;0;1;0;0;1;1;2;-16,05956695;-42,186276;"SPRF-MG";"DEL11-MG";"UOP02-DEL11-MG"