"id";"data_inversa";"dia_semana";"horario";"uf";"br";"km";"municipio";"causa_acidente";"tipo_acidente";"classificacao_acidente";"fase_dia";"sentido_via";"condicao_metereologica";"tipo_pista";"tracado_via";"uso_solo";"pessoas";"mortos";"feridos_leves";"feridos_graves";"ilesos";"ignorados";"feridos";"veiculos";"latitude";"longitude";"regional";"delegacia";"uop"
229327;2019-08-17;"sábado";"15:13:00";"PE";101;65,7;"RECIFE";"Desobediência às normas de trânsito pelo condutor";"Colisão com objeto estático";"Com Vítimas Fatais";"Pleno dia";"Decrescente";"Céu Claro";"Dupla";"Reta";"Sim";13;1;9;1;1;1;10;5;-8,02478597;-34,94276635;"SPRF-PE";"DEL01-PE";"UOP01-DEL01-PE"
229331;2019-08-17;"sábado";"14:09:00";"SC";116;4,9;"MAFRA";"Falta de Atenção à Condução";"Colisão frontal";"Com Vítimas Feridas";"Pleno dia";"Crescente";"Céu Claro";"Simples";"Reta";"Sim";4;0;0;1;3;0;1;2;-26,13554917;-49,8072652;"SPRF-SC";"DEL06-SC";"UOP01-DEL06-SC"
229339;2019-08-17;"sábado";"13:40:00";"BA";101;945,5;"MUCURI";"Condutor Dormindo";"Engavetamento";"Com Vítimas Feridas";"Pleno dia";"Crescente";"Céu Claro";"Simples";"Reta";"Não";6;0;2;1;2;2;3;5;-18,16840196;-39,91873914;"SPRF-BA";"DEL09-BA";"UOP02-DEL09-BA"
229350;2019-08-17;"sábado";"15:24:00";"MS";163;266,9;"DOURADOS";"Falta de Atenção à Condução";"Colisão com objeto estático";"Sem Vítimas";"Pleno dia";"Crescente";"Céu Claro";"Dupla";"Rotatória";"Sim";2;0;0;0;2;0;0;2;-22,21277067;-54,71564954;"SPRF-MS";"DEL04-MS";"UOP01-DEL04-MS"
229362;2019-08-17;"sábado";"18:15:00";"PE";232;229,2;"PESQUEIRA";"Falta de Atenção à Condução";"Colisão transversal";"Com Vítimas Fatais";"Plena Noite";"Decrescente";"Nublado";"Simples";"Reta";"Não";7;1;1;3;1;1;4;5;-8,40070446;-36,86507693;"SPRF-PE";"DEL03-PE";"UOP02-DEL03-PE"
229384;2019-08-17;"sábado";"14:00:00";"PR";153;37,9;"SANTO ANTONIO DA PLATINA";"Falta de Atenção à Condução";"Tombamento";"Sem Vítimas";"Pleno dia";"Decrescente";"Céu Claro";"Simples";"Curva";"Não";2;0;0;0;1;2;0;3;-23,26079778;-50,0568062;"SPRF-PR";"DEL07-PR";"UOP04-DEL07-PR"
229389;2019-08-17;"sábado";"15:30:00";"MG";365;302;"JOAO PINHEIRO";"Restrição de Visibilidade";"Colisão traseira";"Com Vítimas Feridas";"Pleno dia";"Decrescente";"Céu Claro";"Simples";"Reta";"Não";4;0;1;0;2;1;1;4;-18,16172841;-45,77099156;"SPRF-MG";"DEL10-MG";"UOP01-DEL10-MG"
229402;2019-08-17;"sábado";"17:00:00";"MT";174;144;"GLORIA DOESTE";"Ingestão de Álcool";"Colisão lateral";"Sem Vítimas";"Pleno dia";"Crescente";"Céu Claro";"Simples";"Reta";"Não";3;0;0;0;2;1;0;3;-15,82096119;-58,24733202;"SPRF-MT";"DEL03-MT";"UOP01-DEL03-MT"
229403;2019-08-17;"sábado";"17:50:00";"MA";135;172,5;"SAO MATEUS DO MARANHAO";"Defeito na Via";"Colisão transversal";"Com Vítimas Feridas";"Anoitecer";"Crescente";"Céu Claro";"Simples";"Reta";"Não";2;0;0;1;1;0;1;2;-3,95002499;-44,48024036;"SPRF-MA";"DEL01-MA";"UOP02-DEL01-MA"
229410;2019-08-17;"sábado";"21:35:00";"BA";242;750;"CRISTOPOLIS";"Falta de Atenção à Condução";"Colisão transversal";"Com Vítimas Feridas";"Plena Noite";"Crescente";"Céu Claro";"Simples";"Reta";"Não";3;0;1;0;1;2;1;4;-12,21755566;-44,44725037;"SPRF-BA";"DEL10-BA";"UOP01-DEL10-BA"
229412;2019-08-17;"sábado";"21:10:00";"BA";116;8;"VITORIA DA CONQUISTA";"Defeito Mecânico no Veículo";"Saída de leito carroçável";"Com Vítimas Feridas";"Plena Noite";"Crescente";"Garoa/Chuvisco";"Simples";"Reta";"Sim";3;0;1;1;0;1;2;2;-14,84521;-40,88892;"SPRF-BA";"DEL08-BA";"UOP01-DEL08-BA"
229436;2019-08-17;"sábado";"20:00:00";"PR";153;493,5;"GENERAL CARNEIRO";"Velocidade Incompatível";"Tombamento";"Com Vítimas Fatais";"Plena Noite";"Decrescente";"Céu Claro";"Simples";"Curva";"Não";2;1;0;0;0;1;0;2;-26,45028746;-51,32091522;"SPRF-PR";"DEL02-PR";"UOP03-DEL02-PR"
229441;2019-08-17;"sábado";"23:00:00";"MG";40;300;"TRES MARIAS";"Velocidade Incompatível";"Tombamento";"Com Vítimas Feridas";"Plena Noite";"Decrescente";"Céu Claro";"Simples";"Declive;Curva";"Não";2;0;0;1;0;1;1;2;-18,350118;-45,09330699;"SPRF-MG";"DEL14-MG";"UOP02-DEL14-MG"
229447;2019-08-17;"sábado";"22:30:00";"AC";317;280,8;"EPITACIOLANDIA";"Desobediência às normas de trânsito pelo condutor";"Colisão transversal";"Sem Vítimas";"Plena Noite";"Crescente";"Céu Claro";"Simples";"Curva";"Não";3;0;0;0;0;3;0;3;-10,9954281;-68,64267787;"SPRF-AC";"DEL01-AC";"UOP02-DEL01-AC"
229486;2019-08-18;"domingo";"02:50:00";"MS";163;33,2;"ELDORADO";"Falta de Atenção à Condução";"Saída de leito carroçável";"Sem Vítimas";"Plena Noite";"Crescente";"Céu Claro";"Dupla";"Aclive";"Não";2;0;0;0;1;2;0;3;-23,82254358;-54,33026975;"SPRF-MS";"DEL09-MS";"UOP02-DEL09-MS"
229489;2019-08-18;"domingo";"05:40:00";"MG";262;54,7;"MANHUACU";"Condutor Dormindo";"Saída de leito carroçável";"Com Vítimas Feridas";"Amanhecer";"Crescente";"Nublado";"Simples";"Reta";"Não";2;0;1;0;0;1;1;2;-20,26134902;-42,16469099;"SPRF-MG";"DEL06-MG";"UOP03-DEL06-MG"
229492;2019-08-17;"sábado";"18:00:00";"GO";452;145;"BOM JESUS DE GOIAS";"Velocidade Incompatível";"Colisão traseira";"Sem Vítimas";"Anoitecer";"Crescente";"Céu Claro";"Simples";"Reta";"Não";3;0;0;0;2;3;0;5;-18,28004135;-49,62383116;"SPRF-GO";"DEL03-GO";"UOP02-DEL03-GO"
229502;2019-08-18;"domingo";"07:30:00";"PR";116;87,6;"PIRAQUARA";"Falta de Atenção à Condução";"Colisão traseira";"Com Vítimas Feridas";"Pleno dia";"Decrescente";"Sol";"Dupla";"Curva";"Não";2;0;0;1;1;0;1;2;-25,44106805;-49,09243759;"SPRF-PR";"DEL01-PR";"UOP01-DEL01-PR"
229509;2019-07-15;"segunda-feira";"10:20:00";"PR";116;124,2;"FAZENDA RIO GRANDE";"Não guardar distância de segurança";"Colisão lateral";"Com Vítimas Feridas";"Pleno dia";"Crescente";"Chuva";"Dupla";"Reta";"Sim";3;0;0;1;1;1;1;3;-25,58620703;-49,31436887;"SPRF-PR";"DEL01-PR";"UOP03-DEL01-PR"
229547;2019-08-18;"domingo";"14:45:00";"DF";40;0;"BRASILIA";"Velocidade Incompatível";"Tombamento";"Com Vítimas Feridas";"Pleno dia";"Crescente";"Céu Claro";"Simples";"Interseção de Vias";"Sim";2;0;1;0;0;1;1;2;-15,976897;-47,990129;"SPRF-DF";"DEL01-DF";"UOP01-DEL01-DF"
229551;2019-08-18;"domingo";"13:00:00";"BA";101;3;"RIO REAL";"Condutor Dormindo";"Tombamento";"Com Vítimas Feridas";"Pleno dia";"Decrescente";"Céu Claro";"Simples";"Reta";"Não";2;0;1;0;0;1;1;2;-11,56172915;-37,86857445;"SPRF-SE";"DEL02-SE";"UOP03-DEL02-SE"
229571;2019-08-18;"domingo";"10:25:00";"BA";101;707;"EUNAPOLIS";"Ultrapassagem Indevida";"Colisão frontal";"Com Vítimas Fatais";"Pleno dia";"Decrescente";"Sol";"Simples";"Curva";"Não";3;1;0;0;1;2;0;4;-16,46698807;-39,5747981;"SPRF-BA";"DEL09-BA";"UOP01-DEL09-BA"
229603;2019-08-18;"domingo";"10:40:00";"MT";158;562,7;"AGUA BOA";"Ultrapassagem Indevida";"Saída de leito carroçável";"Com Vítimas Feridas";"Pleno dia";"Crescente";"Sol";"Simples";"Reta";"Sim";2;0;1;0;1;0;1;2;-14,00253804;-52,14939588;"SPRF-MT";"DEL07-MT";"UOP02-DEL07-MT"
229604;2019-08-18;"domingo";"18:25:00";"MG";40;755;"EWBANK DA CAMARA";"Velocidade Incompatível";"Tombamento";"Com Vítimas Feridas";"Plena Noite";"Decrescente";"Nublado";"Simples";"Reta";"Não";3;0;2;0;1;0;2;2;-21,486045;-43,53483;"SPRF-MG";"DEL05-MG";"UOP01-DEL05-MG"
229617;2019-08-18;"domingo";"19:30:00";"PR";116;211;"RIO NEGRO";"Desobediência às normas de trânsito pelo condutor";"Colisão transversal";"Com Vítimas Feridas";"Plena Noite";"Crescente";"Céu Claro";"Simples";"Interseção de Vias";"Sim";2;0;1;0;1;0;1;2;-26,07980928;-49,76934983;"SPRF-SC";"DEL06-SC";"UOP01-DEL06-SC"
229632;2019-08-18;"domingo";"19:40:00";"SP";116;192,9;"SANTA ISABEL";"Ingestão de Álcool";"Colisão lateral";"Com Vítimas Feridas";"Plena Noite";"Crescente";"Céu Claro";"Dupla";"Reta;Declive";"Não";9;0;2;0;7;0;2;3;-23,376923;-46,249733;"SPRF-SP";"DEL02-SP";"UOP01-DEL02-SP"
229637;2019-08-18;"domingo";"20:50:00";"RJ";101;92,8;"CAMPOS DOS GOYTACAZES";"Velocidade Incompatível";"Tombamento";"Com Vítimas Feridas";"Plena Noite";"Crescente";"Céu Claro";"Dupla";"Curva";"Não";2;0;2;0;0;0;2;1;-21,85456357;-41,52621893;"SPRF-RJ";"DEL08-RJ";"UOP02-DEL08-RJ"
229644;2019-08-18;"domingo";"19:05:00";"PR";376;370,3;"IMBAU";"Defeito Mecânico no Veículo";"Incêndio";"Sem Vítimas";"Plena Noite";"Decrescente";"Céu Claro";"Simples";"Reta";"Não";2;0;0;0;1;1;0;2;-24,3744819;-50,79478685;"SPRF-PR";"DEL03-PR";"UOP02-DEL03-PR"
229653;2019-08-18;"domingo";"19:00:00";"SC";101;89;"BARRA VELHA";"Condutor Dormindo";"Colisão lateral";"Com Vítimas Feridas";"Plena Noite";"Crescente";"Garoa/Chuvisco";"Dupla";"Reta";"Sim";1;0;1;0;0;0;1;1;-26,65175997;-48,68721921;"SPRF-SC";"DEL03-SC";"UOP02-DEL03-SC"
229667;2019-08-18;"domingo";"21:50:00";"MT";70;509;"CUIABA";"Falta de Atenção à Condução";"Colisão traseira";"Com Vítimas Feridas";"Plena Noite";"Crescente";"Céu Claro";"Simples";"Declive";"Não";2;0;1;0;0;1;1;2;-15,65051022;-55,99823809;"SPRF-MT";"DEL02-MT";"UOP02-DEL01-MT"
229669;2019-08-18;"domingo";"23:55:00";"MG";381;454;"BELO HORIZONTE";"Falta de Atenção à Condução";"Colisão lateral";"Sem Vítimas";"Plena Noite";"Crescente";"Céu Claro";"Simples";"Reta";"Sim";3;0;0;0;1;2;0;3;-19,85593827;-43,89662047;"SPRF-MG";"DEL01-MG";"UOP01-DEL01-MG"
229682;2019-08-18;"domingo";"22:40:00";"MG";262;467,1;"BOM DESPACHO";"Condutor Dormindo";"Colisão frontal";"Com Vítimas Feridas";"Plena Noite";"Crescente";"Nublado";"Simples";"Curva";"Não";4;0;2;0;2;0;2;2;-19,80324093;-45,13352097;"SPRF-MG";"DEL08-MG";"UOP03-DEL08-MG"
229683;2019-08-18;"domingo";"23:20:00";"MT";364;458;"VARZEA GRANDE";"Ingestão de Substâncias Psicoativas";"Colisão lateral";"Com Vítimas Feridas";"Plena Noite";"Crescente";"Céu Claro";"Simples";"Ponte";"Não";3;0;1;0;1;2;1;4;-15,54445596;-56,27418792;"SPRF-MT";"DEL01-MT";"DEL2/4-UOP02/MT"
229691;2019-08-19;"segunda-feira";"03:50:00";"RS";290;52;"GLORINHA";"Condutor Dormindo";"Colisão traseira";"Com Vítimas Feridas";"Plena Noite";"Crescente";"Céu Claro";"Múltipla";"Reta";"Não";4;0;1;0;2;2;1;5;-29,9125001;-50,79064786;"SPRF-RS";"DEL03-RS";"UOP01-DEL03-RS"
229693;2019-08-19;"segunda-feira";"04:30:00";"SC";470;51,1;"BLUMENAU";"Desobediência às normas de trânsito pelo condutor";"Colisão transversal";"Sem Vítimas";"Amanhecer";"Crescente";"Chuva";"Simples";"Interseção de Vias";"Sim";3;0;0;0;1;2;0;3;-26,862339;-49,084038;"SPRF-SC";"DEL04-SC";"UOP01-DEL04-SC"
229696;2019-08-19;"segunda-feira";"04:40:00";"PR";476;197;"LAPA";"Falta de Atenção à Condução";"Colisão transversal";"Com Vítimas Feridas";"Plena Noite";"Decrescente";"Chuva";"Simples";"Reta;Declive";"Sim";5;0;2;0;2;1;2;3;-25,759378;-49,73254;"SPRF-PR";"DEL01-PR";"UOP06-DEL01-PR"
229699;2019-08-19;"segunda-feira";"05:50:00";"ES";101;213,2;"IBIRACU";"Falta de Atenção à Condução";"Colisão lateral";"Com Vítimas Feridas";"Pleno dia";"Decrescente";"Céu Claro";"Simples";"Reta";"Sim";3;0;1;0;1;1;1;3;-19,82352998;-40,36981894;"SPRF-ES";"DEL02-ES";"UOP01-DEL02-ES"
229701;2019-08-19;"segunda-feira";"05:40:00";"PR";476;126,3;"CURITIBA";"Velocidade Incompatível";"Saída de leito carroçável";"Com Vítimas Feridas";"Amanhecer";"Decrescente";"Chuva";"Dupla";"Curva";"Sim";2;0;1;0;1;0;1;2;-25,416758;-49,223446;"SPRF-PR";"DEL01-PR";"UOP07-DEL01-PR"
229708;2019-08-19;"segunda-feira";"01:20:00";"SC";116;39;"PAPANDUVA";"Condutor Dormindo";"Saída de leito carroçável";"Com Vítimas Feridas";"Plena Noite";"Decrescente";"Chuva";"Simples";"Curva";"Não";2;0;1;0;0;1;1;2;-26,34495518;-50,04390397;"SPRF-SC";"DEL06-SC";"UOP01-DEL06-SC"
229712;2019-08-19;"segunda-feira";"06:40:00";"RJ";116;223;"PIRAI";"Defeito Mecânico no Veículo";"Colisão traseira";"Com Vítimas Feridas";"Amanhecer";"Decrescente";"Céu Claro";"Simples";"Curva";"Não";4;0;1;0;2;1;1;3;-22,68972504;-43,801317;"SPRF-RJ";"DEL07-RJ";"UOP01-DEL07-RJ"
229718;2019-08-19;"segunda-feira";"08:00:00";"AL";101;45,1;"JOAQUIM GOMES";"Falta de Atenção à Condução";"Tombamento";"Sem Vítimas";"Pleno dia";"Decrescente";"Céu Claro";"Dupla";"Curva";"Não";2;0;0;0;1;1;0;2;-9,14817905;-35,7687835;"SPRF-AL";"DEL01-AL";"UOP01-DEL01-AL"
229720;2019-08-19;"segunda-feira";"07:35:00";"SC";101;102,8;"BALNEARIO PICARRAS";"Falta de Atenção à Condução";"Colisão com objeto estático";"Com Vítimas Feridas";"Pleno dia";"Crescente";"Garoa/Chuvisco";"Simples";"Reta";"Não";2;0;1;0;1;0;1;2;-26,77383397;-48,68594062;"SPRF-SC";"DEL03-SC";"UOP02-DEL03-SC"
229733;2019-08-19;"segunda-feira";"09:00:00";"GO";20;44;"FORMOSA";"Mal Súbito";"Colisão lateral";"Com Vítimas Feridas";"Pleno dia";"Decrescente";"Céu Claro";"Simples";"Curva;Declive";"Não";2;0;1;0;1;0;1;2;-15,374446;-47,101234;"SPRF-DF";"DEL02-DF";"UOP01-DEL02-DF"
229737;2019-08-19;"segunda-feira";"07:00:00";"ES";482;50,5;"CACHOEIRO DE ITAPEMIRIM";"Falta de Atenção do Pedestre";"Atropelamento de Pedestre";"Com Vítimas Feridas";"Pleno dia";"Decrescente";"Céu Claro";"Simples";"Reta";"Não";2;0;0;1;0;1;1;2;-20,770369;-41,280642;"SPRF-ES";"DEL03-ES";"UOP02-DEL03-ES"
229740;2019-08-19;"segunda-feira";"07:52:00";"BA";242;441;"SEABRA";"Desobediência às normas de trânsito pelo condutor";"Colisão transversal";"Com Vítimas Feridas";"Pleno dia";"Crescente";"Céu Claro";"Simples";"Reta";"Não";5;0;1;0;4;0;1;2;-12,42394405;-41,98984495;"SPRF-BA";"DEL06-BA";"UOP01-DEL06-BA"
229742;2019-08-19;"segunda-feira";"07:30:00";"MS";262;84,5;"TRES LAGOAS";"Defeito Mecânico no Veículo";"Tombamento";"Sem Vítimas";"Pleno dia";"Decrescente";"Nublado";"Simples";"Reta";"Não";2;0;0;0;1;3;0;4;-20,627171;-52,354778;"SPRF-MS";"DEL07-MS";"UOP02-DEL07-MS"
229743;2019-08-19;"segunda-feira";"08:00:00";"SC";101;432;"SOMBRIO";"Falta de Atenção à Condução";"Colisão traseira";"Com Vítimas Feridas";"Pleno dia";"Crescente";"Céu Claro";"Dupla";"Reta";"Sim";2;0;1;0;1;0;1;2;-29,07326609;-49,62717768;"SPRF-SC";"DEL02-SC";"UOP02-DEL02-SC"
229744;2019-08-19;"segunda-feira";"09:10:00";"PR";277;178,5;"PALMEIRA";"Falta de Atenção à Condução";"Colisão frontal";"Com Vítimas Fatais";"Pleno dia";"Decrescente";"Chuva";"Simples";"Curva";"Não";5;3;0;0;2;0;0;2;-25,435076;-50,011779;"SPRF-PR";"DEL03-PR";"UOP02-DEL08-PR"
229748;2019-08-19;"segunda-feira";"09:00:00";"RO";364;343,3;"JI-PARANA";"Falta de Atenção à Condução";"Colisão traseira";"Sem Vítimas";"Pleno dia";"Crescente";"Céu Claro";"Múltipla";"Reta";"Sim";2;0;0;0;2;0;0;2;-10,87878519;-61,94499012;"SPRF-RO";"DEL02-RO";"UOP01-DEL02-RO"
229750;2019-08-19;"segunda-feira";"06:35:00";"SP";153;155,8;"PROMISSAO";"Falta de Atenção à Condução";"Colisão frontal";"Com Vítimas Fatais";"Pleno dia";"Crescente";"Céu Claro";"Simples";"Reta";"Não";4;1;0;2;0;2;2;5;-21,46234302;-49,78272621;"SPRF-SP";"DEL07-SP";"UOP01-DEL07-SP"
229753;2019-08-19;"segunda-feira";"09:20:00";"RN";304;90,5;"ACU";"Não guardar distância de segurança";"Colisão lateral";"Sem Vítimas";"Pleno dia";"Crescente";"Céu Claro";"Simples";"Declive";"Não";4;0;0;0;3;1;0;4;-5,52957895;-37,10084897;"SPRF-RN";"DEL04-RN";"UOP01-DEL04-RN"
229755;2019-08-19;"segunda-feira";"04:40:00";"SC";470;226,8;"SAO CRISTOVAO DO SUL";"Velocidade Incompatível";"Saída de leito carroçável";"Com Vítimas Feridas";"Amanhecer";"Crescente";"Céu Claro";"Simples";"Curva";"Não";2;0;0;1;0;1;1;2;-27,327692;-50,361202;"SPRF-SC";"DEL05-SC";"UOP03-DEL05-SC"
229757;2019-08-19;"segunda-feira";"11:00:00";"DF";20;18,7;"BRASILIA";"Velocidade Incompatível";"Colisão transversal";"Com Vítimas Feridas";"Pleno dia";"Decrescente";"Sol";"Dupla";"Aclive";"Sim";6;0;6;0;0;0;6;2;-15,616901;-47,708927;"SPRF-DF";"DEL02-DF";"UOP01-DEL02-DF"
229761;2019-08-19;"segunda-feira";"09:20:00";"SP";116;564;"BARRA DO TURVO";"Velocidade Incompatível";"Saída de leito carroçável";"Sem Vítimas";"Pleno dia";"Crescente";"Chuva";"Simples";"Declive;Curva";"Não";2;0;0;0;1;1;0;2;-25,03458919;-48,53543877;"SPRF-SP";"DEL05-SP";"UOP02-DEL05-SP"
229770;2019-08-18;"domingo";"18:30:00";"GO";364;205;"JATAI";"Ultrapassagem Indevida";"Colisão lateral";"Sem Vítimas";"Plena Noite";"Crescente";"Céu Claro";"Simples";"Reta";"Não";3;0;0;0;2;1;0;3;-17,907701;-51,801361;"SPRF-GO";"DEL05-GO";"UOP01-DEL05-GO"
229771;2019-08-19;"segunda-feira";"12:55:00";"PR";277;131;"BALSA NOVA";"Pista Escorregadia";"Saída de leito carroçável";"Com Vítimas Feridas";"Pleno dia";"Decrescente";"Nevoeiro/Neblina";"Dupla";"Curva";"Não";3;0;1;0;2;0;1;1;-25,45243451;-49,5831871;"SPRF-PR";"DEL01-PR";"UOP06-DEL01-PR"
229776;2019-08-19;"segunda-feira";"12:23:00";"SP";116;177,8;"GUARAREMA";"Defeito Mecânico no Veículo";"Saída de leito carroçável";"Com Vítimas Feridas";"Pleno dia";"Decrescente";"Nublado";"Dupla";"Reta";"Sim";1;0;1;0;0;0;1;1;-23,32333315;-46,11958293;"SPRF-SP";"DEL02-SP";"UOP01-DEL02-SP"
229779;2019-08-19;"segunda-feira";"11:05:00";"MA";10;257,9;"IMPERATRIZ";"Ultrapassagem Indevida";"Colisão lateral";"Com Vítimas Fatais";"Pleno dia";"Crescente";"Céu Claro";"Simples";"Reta";"Sim";3;1;0;1;1;0;1;2;-5,47860679;-47,47218501;"SPRF-MA";"DEL04-MA";"UOP01-DEL04-MA"
229786;2019-08-19;"segunda-feira";"14:35:00";"CE";116;24,2;"AQUIRAZ";"Falta de Atenção à Condução";"Colisão lateral";"Sem Vítimas";"Pleno dia";"Crescente";"Céu Claro";"Dupla";"Reta";"Não";3;0;0;0;3;0;0;2;-3,95797982;-38,5131124;"SPRF-CE";"DEL01-CE";"UOP02-DEL01-CE"
229790;2019-08-19;"segunda-feira";"14:30:00";"MG";40;514,1;"RIBEIRAO DAS NEVES";"Falta de Atenção à Condução";"Colisão traseira";"Com Vítimas Feridas";"Pleno dia";"Crescente";"Sol";"Dupla";"Reta";"Sim";2;0;1;1;0;0;2;2;-19,80151928;-44,10000333;"SPRF-MG";"DEL01-MG";"UOP02-DEL01-MG"
229797;2019-08-19;"segunda-feira";"16:30:00";"MG";116;652,6;"FERVEDOURO";"Falta de Atenção à Condução";"Colisão transversal";"Com Vítimas Feridas";"Pleno dia";"Decrescente";"Sol";"Simples";"Reta";"Sim";2;0;0;1;1;0;1;2;-20,73485295;-42,2842334;"SPRF-MG";"DEL07-MG";"UOP03-DEL07-MG"
229798;2019-08-19;"segunda-feira";"05:30:00";"MG";267;246;"CARVALHOS";"Condutor Dormindo";"Colisão lateral";"Sem Vítimas";"Amanhecer";"Decrescente";"Ignorado";"Simples";"Reta";"Não";3;0;0;0;2;1;0;3;-21,93632695;-44,4741703;"SPRF-MG";"DEL05-MG";"UOP01-DEL17-MG"
229799;2019-08-13;"terça-feira";"18:25:00";"MS";463;55,7;"PONTA PORA";"Desobediência às normas de trânsito pelo condutor";"Colisão transversal";"Com Vítimas Feridas";"Plena Noite";"Decrescente";"Céu Claro";"Simples";"Reta";"Não";4;0;0;2;1;2;2;4;-22,39169958;-55,28144026;"SPRF-MS";"DEL04-MS";"UOP03-DEL04-MS"
229800;2019-08-19;"segunda-feira";"12:00:00";"MG";116;58,1;"MEDINA";"Velocidade Incompatível";"Tombamento";"Com Vítimas Feridas";"Pleno dia";"Decrescente";"Céu Claro";"Simples";"Reta";"Não";2;0;1;0;0;1;1;2;-16,12133099;-41,43139099;"SPRF-MG";"DEL11-MG";"UOP02-DEL11-MG"
229804;2019-08-19;"segunda-feira";"16:30:00";"MG";365;586,5;"INDIANOPOLIS";"Defeito Mecânico no Veículo";"Incêndio";"Sem Vítimas";"Pleno dia";"Crescente";"Céu Claro";"Simples";"Reta";"Não";1;0;0;0;1;0;0;1;-18,86655952;-48,01263203;"SPRF-MG";"DEL15-MG";"UOP02-DEL15-MG"
229807;2019-08-19;"segunda-feira";"17:05:00";"RS";386;335,1;"MARQUES DE SOUZA";"Falta de Atenção à Condução";"Colisão traseira";"Com Vítimas Feridas";"Pleno dia";"Decrescente";"Sol";"Simples";"Curva";"Não";3;0;2;0;1;0;2;3;-29,385532;-52,052769;"SPRF-RS";"DEL04-RS";"UOP01-DEL04-RS"
229808;2019-08-19;"segunda-feira";"14:30:00";"PI";135;313;"CRISTINO CASTRO";"Falta de Atenção à Condução";"Colisão traseira";"Com Vítimas Feridas";"Pleno dia";"Decrescente";"Céu Claro";"Simples";"Reta";"Não";2;0;1;0;1;0;1;2;-8,7875909;-44,20217611;"SPRF-PI";"DEL03-PI";"UOP02-DEL03-PI"
229824;2019-08-19;"segunda-feira";"19:10:00";"RS";386;243,4;"SOLEDADE";"Não guardar distância de segurança";"Colisão traseira";"Com Vítimas Feridas";"Plena Noite";"Decrescente";"Céu Claro";"Simples";"Curva;Declive";"Sim";3;0;2;0;1;0;2;2;-28,789598;-52,523708;"SPRF-RS";"DEL04-RS";"UOP03-DEL04-RS"
229826;2019-08-19;"segunda-feira";"17:10:00";"RN";304;221;"CAICARA DO RIO DO VENTO";"Animais na Pista";"Colisão traseira";"Sem Vítimas";"Plena Noite";"Decrescente";"Céu Claro";"Dupla";"Reta";"Sim";2;0;0;0;2;0;0;2;-5,75922285;-35,98088696;"SPRF-RN";"DEL01-RN";"UOP03-DEL01-RN"
229828;2019-07-15;"segunda-feira";"07:35:00";"SC";101;117;"ITAJAI";"Desobediência às normas de trânsito pelo condutor";"Colisão lateral";"Com Vítimas Feridas";"Amanhecer";"Crescente";"Nublado";"Dupla";"Rotatória";"Sim";2;0;1;0;0;1;1;2;-26,88961711;-48,72161865;"SPRF-SC";"DEL04-SC";"UOP04-DEL04-SC"
229829;2019-08-19;"segunda-feira";"18:55:00";"MG";381;526;"BRUMADINHO";"Velocidade Incompatível";"Tombamento";"Com Vítimas Feridas";"Plena Noite";"Crescente";"Ignorado";"Dupla";"Curva;Declive";"Não";3;0;2;0;0;1;2;2;-20,16175378;-44,34144636;"SPRF-MG";"DEL04-MG";"UOP03-DEL04-MG"
229840;2019-08-19;"segunda-feira";"18:55:00";"RO";364;709;"PORTO VELHO";"Falta de Atenção do Pedestre";"Atropelamento de Pedestre";"Com Vítimas Feridas";"Plena Noite";"Decrescente";"Nublado";"Dupla";"Reta";"Sim";4;0;0;1;1;2;1;3;-8,7909383;-63,84895617;"SPRF-RO";"DEL01-RO";"UOP01-DEL01-RO"
229850;2019-08-19;"segunda-feira";"19:00:00";"PR";116;152;"MANDIRITUBA";"Falta de Atenção à Condução";"Colisão traseira";"Com Vítimas Feridas";"Plena Noite";"Crescente";"Chuva";"Simples";"Reta";"Não";2;0;0;1;1;0;1;2;-25,83236296;-49,33609707;"SPRF-PR";"DEL01-PR";"UOP03-DEL01-PR"
229853;2019-08-19;"segunda-feira";"15:30:00";"PI";135;407;"REDENCAO DO GURGUEIA";"Ingestão de Álcool";"Tombamento";"Com Vítimas Feridas";"Pleno dia";"Decrescente";"Céu Claro";"Simples";"Reta";"Não";2;0;1;0;0;1;1;2;-9,4622821;-44,5978937;"SPRF-PI";"DEL03-PI";"UOP02-DEL03-PI"
229855;2019-08-19;"segunda-feira";"22:10:00";"GO";20;181;"SIMOLANDIA";"Ingestão de álcool e/ou substâncias psicoativas pelo pedestre";"Colisão traseira";"Com Vítimas Feridas";"Plena Noite";"Crescente";"Céu Claro";"Simples";"Reta";"Sim";5;0;2;0;1;2;2;3;-14,470801;-46,486183;"SPRF-DF";"DEL02-DF";"UOP03-DEL02-DF"
229856;2019-08-19;"segunda-feira";"21:15:00";"MG";381;290;"ANTONIO DIAS";"Objeto estático sobre o leito carroçável";"Colisão com objeto em movimento";"Com Vítimas Feridas";"Plena Noite";"Crescente";"Céu Claro";"Simples";"Reta";"Não";3;0;1;0;1;1;1;2;-19,61881999;-42,79844284;"SPRF-MG";"DEL03-MG";"UOP02-DEL03-MG"
229863;2019-08-19;"segunda-feira";"11:40:00";"PA";230;573,1;"VITORIA DO XINGU";"Condutor Dormindo";"Tombamento";"Com Vítimas Feridas";"Plena Noite";"Crescente";"Céu Claro";"Simples";"Curva";"Não";2;0;0;1;0;1;1;2;-3,13479916;-51,71200874;"SPRF-PA";"DEL04-PA";"UOP01-DEL04-PA"