"id";"data_inversa";"dia_semana";"horario";"uf";"br";"km";"municipio";"causa_acidente";"tipo_acidente";"classificacao_acidente";"fase_dia";"sentido_via";"condicao_metereologica";"tipo_pista";"tracado_via";"uso_solo";"pessoas";"mortos";"feridos_leves";"feridos_graves";"ilesos";"ignorados";"feridos";"veiculos";"latitude";"longitude";"regional";"delegacia";"uop"
229864;2019-08-19;"segunda-feira";"23:50:00";"RS";116;30;"VACARIA";"Ingestão de Álcool";"Colisão transversal";"Sem Vítimas";"Plena Noite";"Crescente";"Céu Claro";"Simples";"Reta";"Sim";2;0;0;0;2;0;0;2;-28,44613826;-50,87958854;"SPRF-RS";"DEL05-RS";"UOP03-DEL05-RS"
229865;2019-08-20;"terça-feira";"00:15:00";"SC";101;376,4;"ICARA";"Velocidade Incompatível";"Saída de leito carroçável";"Com Vítimas Fatais";"Plena Noite";"Crescente";"Céu Claro";"Dupla";"Curva";"Sim";2;1;0;0;1;0;0;2;-28,74419182;-49,25494909;"SPRF-SC";"DEL02-SC";"UOP01-DEL02-SC"
229869;2019-08-20;"terça-feira";"03:15:00";"SP";116;320,7;"JUQUITIBA";"Condutor Dormindo";"Colisão traseira";"Com Vítimas Feridas";"Plena Noite";"Decrescente";"Chuva";"Dupla";"Reta";"Não";3;0;0;1;1;3;1;5;-23,93422652;-47,01426571;"SPRF-SP";"DEL04-SP";"UOP03-DEL04-SP"
229874;2019-08-20;"terça-feira";"03:40:00";"RJ";116;332,8;"RESENDE";"Falta de Atenção à Condução";"Colisão traseira";"Sem Vítimas";"Plena Noite";"Crescente";"Garoa/Chuvisco";"Dupla";"Reta";"Não";2;0;0;0;2;0;0;2;-22,50082905;-44,63502202;"SPRF-RJ";"DEL07-RJ";"DEL5/7-UOP03/RJ"
229877;2019-08-20;"terça-feira";"06:15:00";"RJ";116;175;"SAO JOAO DE MERITI";"Desobediência às normas de trânsito pelo condutor";"Colisão lateral";"Com Vítimas Feridas";"Amanhecer";"Decrescente";"Garoa/Chuvisco";"Dupla";"Reta";"Sim";3;0;1;0;1;1;1;3;-22,78923555;-43,37275272;"SPRF-RJ";"DEL01-RJ";"UOP02-DEL01-RJ"
229878;2019-08-20;"terça-feira";"06:30:00";"MG";381;484,7;"BETIM";"Falta de Atenção à Condução";"Colisão lateral";"Com Vítimas Feridas";"Pleno dia";"Decrescente";"Nublado";"Dupla";"Reta";"Não";6;0;3;1;1;1;4;5;-19,9582833;-44,09197569;"SPRF-MG";"DEL01-MG";"UOP03-DEL01-MG"
229899;2019-08-07;"quarta-feira";"05:50:00";"AL";101;237,8;"PORTO REAL DO COLEGIO";"Fenômenos da Natureza";"Tombamento";"Sem Vítimas";"Pleno dia";"Crescente";"Chuva";"Dupla";"Aclive";"Não";1;0;0;0;1;0;0;1;-10,12581999;-36,789833;"SPRF-AL";"DEL02-AL";"UOP02-DEL02-AL"
229902;2019-08-20;"terça-feira";"08:00:00";"CE";20;427,1;"FORTALEZA";"Falta de Atenção à Condução";"Colisão traseira";"Sem Vítimas";"Pleno dia";"Decrescente";"Céu Claro";"Dupla";"Reta;Retorno Regulamentado";"Não";3;0;0;0;2;2;0;4;-3,86464226;-38,51890402;"SPRF-CE";"DEL01-CE";"UOP02-DEL01-CE"
229910;2019-08-08;"quinta-feira";"14:20:00";"RS";392;290,5;"SAO SEPE";"Velocidade Incompatível";"Colisão lateral";"Com Vítimas Feridas";"Pleno dia";"Decrescente";"Chuva";"Simples";"Reta";"Não";3;0;1;0;1;3;1;5;-30,22202398;-53,56031392;"SPRF-RS";"DEL09-RS";"UOP02-DEL09-RS"
229912;2019-02-25;"segunda-feira";"05:40:00";"MG";381;410;"BOM JESUS DO AMPARO";"Sinalização da via insuficiente ou inadequada";"Colisão frontal";"Com Vítimas Feridas";"Amanhecer";"Decrescente";"Céu Claro";"Simples";"Curva";"Não";6;0;0;5;1;0;5;2;-19,75239365;-43,53807363;"SPRF-MG";"DEL01-MG";"UOP01-DEL01-MG"
229913;2019-08-20;"terça-feira";"08:00:00";"MT";163;703;"SORRISO";"Falta de Atenção à Condução";"Colisão lateral";"Com Vítimas Feridas";"Pleno dia";"Decrescente";"Céu Claro";"Simples";"Reta";"Não";2;0;1;0;1;0;1;2;-13,00908937;-55,89025676;"SPRF-MT";"DEL06-MT";"UOP01-DEL06-MT"
229918;2019-08-20;"terça-feira";"00:00:00";"PI";230;246;"SAO FRANCISCO DO PIAUI";"Animais na Pista";"Atropelamento de Animal";"Com Vítimas Feridas";"Plena Noite";"Crescente";"Ignorado";"Simples";"Reta";"Não";2;0;0;1;0;1;1;2;-6,98233602;-42,50816;"SPRF-PI";"DEL03-PI";"UOP01-DEL03-PI"
229920;2019-07-19;"sexta-feira";"00:30:00";"ES";101;269;"SERRA";"Desobediência às normas de trânsito pelo condutor";"Colisão transversal";"Com Vítimas Feridas";"Plena Noite";"Crescente";"Nublado";"Múltipla";"Reta;Interseção de Vias";"Sim";2;0;1;0;0;1;1;2;-20,22969507;-40,27279411;"SPRF-ES";"DEL02-ES";"UOP01-DEL02-ES"
229933;2019-08-20;"terça-feira";"10:20:00";"PE";232;182;"BELO JARDIM";"Carga excessiva e/ou mal acondicionada";"Capotamento";"Com Vítimas Feridas";"Pleno dia";"Decrescente";"Céu Claro";"Simples";"Declive";"Não";1;0;1;0;0;0;1;1;-8,34804728;-36,44664994;"SPRF-PE";"DEL02-PE";"UOP03-DEL02-PE"
229936;2019-08-20;"terça-feira";"10:40:00";"MG";40;805,8;"MATIAS BARBOSA";"Falta de Atenção à Condução";"Colisão traseira";"Com Vítimas Feridas";"Pleno dia";"Crescente";"Céu Claro";"Dupla";"Reta";"Não";3;0;0;1;1;2;1;4;-21,86534291;-43,36765294;"SPRF-MG";"DEL05-MG";"UOP01-DEL05-MG"
229937;2019-08-20;"terça-feira";"10:40:00";"MG";262;520,3;"LUZ";"Falta de Atenção à Condução";"Colisão transversal";"Com Vítimas Feridas";"Pleno dia";"Crescente";"Céu Claro";"Simples";"Declive";"Não";4;0;2;0;2;0;2;2;-19,7891507;-45,61973095;"SPRF-MG";"DEL08-MG";"UOP03-DEL08-MG"
229942;2019-08-20;"terça-feira";"11:20:00";"RS";472;553;"URUGUAIANA";"Não guardar distância de segurança";"Colisão traseira";"Com Vítimas Feridas";"Pleno dia";"Decrescente";"Céu Claro";"Simples";"Reta";"Não";3;0;1;0;2;0;1;2;-29,59921095;-56,86448213;"SPRF-RS";"DEL13-RS";"UOP01-DEL13-RS"
229944;2019-08-20;"terça-feira";"10:20:00";"SP";116;284,6;"EMBU DAS ARTES";"Velocidade Incompatível";"Tombamento";"Com Vítimas Feridas";"Pleno dia";"Crescente";"Céu Claro";"Simples";"Curva";"Sim";2;0;1;0;0;1;1;2;-23,68192669;-46,8602588;"SPRF-SP";"DEL04-SP";"UOP01-DEL04-SP"
229947;2019-08-20;"terça-feira";"04:20:00";"BA";101;753,2;"ITABELA";"Restrição de Visibilidade";"Colisão traseira";"Com Vítimas Fatais";"Plena Noite";"Decrescente";"Nevoeiro/Neblina";"Simples";"Reta";"Não";18;1;12;4;1;0;16;3;-16,63191546;-39,52194214;"SPRF-BA";"DEL09-BA";"UOP01-DEL09-BA"
229950;2019-08-20;"terça-feira";"10:45:00";"MT";163;759,5;"SORRISO";"Desobediência às normas de trânsito pelo condutor";"Colisão frontal";"Com Vítimas Fatais";"Pleno dia";"Decrescente";"Céu Claro";"Simples";"Reta";"Não";3;1;0;0;1;2;0;4;-12,6042914;-55,75236071;"SPRF-MT";"DEL06-MT";"UOP01-DEL06-MT"
229964;2019-08-20;"terça-feira";"07:40:00";"RO";364;510;"ARIQUEMES";"Velocidade Incompatível";"Saída de leito carroçável";"Com Vítimas Feridas";"Amanhecer";"Crescente";"Céu Claro";"Simples";"Reta";"Não";7;0;2;1;0;4;3;5;-9,96700255;-63,04503259;"SPRF-RO";"DEL03-RO";"UOP01-DEL03-RO"
229968;2019-08-20;"terça-feira";"13:15:00";"TO";153;722;"FIGUEIROPOLIS";"Condutor Dormindo";"Colisão traseira";"Com Vítimas Feridas";"Pleno dia";"Decrescente";"Céu Claro";"Simples";"Reta";"Sim";3;0;1;0;1;1;1;3;-12,14875963;-49,16622162;"SPRF-TO";"DEL02-TO";"UOP02-DEL01-TO"
229978;2019-08-20;"terça-feira";"13:30:00";"MG";381;700,8;"LAVRAS";"Velocidade Incompatível";"Saída de leito carroçável";"Com Vítimas Feridas";"Pleno dia";"Crescente";"Chuva";"Dupla";"Curva";"Não";5;0;3;0;1;1;3;4;-21,31137883;-45,16451703;"SPRF-MG";"DEL04-MG";"UOP02-DEL04-MG"
229984;2019-08-20;"terça-feira";"15:10:00";"RJ";116;140;"DUQUE DE CAXIAS";"Falta de Atenção do Pedestre";"Atropelamento de Pedestre";"Com Vítimas Feridas";"Pleno dia";"Decrescente";"Chuva";"Dupla";"Reta";"Sim";4;0;0;1;1;2;1;2;-22,6466198;-43,21112001;"SPRF-RJ";"DEL04-RJ";"UOP02-DEL04-RJ"
229986;2019-08-20;"terça-feira";"14:00:00";"TO";153;199;"PRESIDENTE KENNEDY";"Velocidade Incompatível";"Capotamento";"Com Vítimas Feridas";"Pleno dia";"Decrescente";"Céu Claro";"Simples";"Aclive";"Não";3;0;1;0;1;2;1;4;-8,54005097;-48,48326775;"SPRF-TO";"DEL02-TO";"UOP01-DEL02-TO"
229990;2019-08-20;"terça-feira";"08:50:00";"RO";364;429;"JARU";"Pista Escorregadia";"Colisão lateral";"Sem Vítimas";"Pleno dia";"Crescente";"Chuva";"Simples";"Reta;Declive";"Não";2;0;0;0;2;0;0;2;-10,41628317;-62,5026501;"SPRF-RO";"DEL03-RO";"UOP02-DEL03-RO"
229995;2019-08-20;"terça-feira";"09:05:00";"PR";153;506,1;"GENERAL CARNEIRO";"Pista Escorregadia";"Saída de leito carroçável";"Com Vítimas Feridas";"Pleno dia";"Crescente";"Garoa/Chuvisco";"Múltipla";"Reta";"Não";2;0;1;0;0;2;1;3;-26,4929291;-51,34554863;"SPRF-PR";"DEL02-PR";"UOP03-DEL02-PR"
230002;2019-08-20;"terça-feira";"16:00:00";"SP";153;62;"SAO JOSE DO RIO PRETO";"Falta de Atenção à Condução";"Engavetamento";"Com Vítimas Feridas";"Pleno dia";"Decrescente";"Céu Claro";"Dupla";"Reta";"Sim";3;0;1;0;2;0;1;3;-20,81325404;-49,35675563;"SPRF-SP";"DEL09-SP";"UOP01-DEL09-SP"
230004;2019-08-20;"terça-feira";"16:15:00";"ES";101;246,1;"SERRA";"Falta de Atenção do Pedestre";"Atropelamento de Pedestre";"Com Vítimas Feridas";"Pleno dia";"Crescente";"Céu Claro";"Dupla";"Reta";"Não";2;0;0;1;1;0;1;2;-20,06198397;-40,37678888;"SPRF-ES";"DEL02-ES";"UOP01-DEL02-ES"
230005;2019-08-20;"terça-feira";"16:00:00";"ES";101;421,3;"CACHOEIRO DE ITAPEMIRIM";"Falta de Atenção à Condução";"Colisão transversal";"Com Vítimas Feridas";"Pleno dia";"Crescente";"Nublado";"Simples";"Rotatória";"Não";3;0;1;0;1;1;1;3;-20,97396984;-41,11067322;"SPRF-ES";"DEL03-ES";"UOP02-DEL03-ES"
230013;2019-08-20;"terça-feira";"17:00:00";"MS";163;36,3;"ELDORADO";"Desobediência às normas de trânsito pelo condutor";"Colisão traseira";"Com Vítimas Feridas";"Pleno dia";"Crescente";"Céu Claro";"Simples";"Declive;Reta";"Não";4;0;2;0;1;2;2;4;-23,80607589;-54,31318103;"SPRF-MS";"DEL09-MS";"UOP02-DEL09-MS"
230017;2019-08-20;"terça-feira";"15:50:00";"MT";364;20,6;"ALTO ARAGUAIA";"Falta de Atenção do Pedestre";"Atropelamento de Pedestre";"Com Vítimas Feridas";"Pleno dia";"Decrescente";"Céu Claro";"Simples";"Reta";"Não";3;0;0;1;1;1;1;3;-17,21262459;-53,35302114;"SPRF-MT";"DEL02-MT";"UOP02-DEL02-MT"
230022;2019-08-20;"terça-feira";"18:40:00";"DF";20;15;"BRASILIA";"Não guardar distância de segurança";"Colisão lateral";"Com Vítimas Feridas";"Plena Noite";"Crescente";"Céu Claro";"Dupla";"Declive";"Não";2;0;1;0;1;0;1;2;-15,630189;-47,733288;"SPRF-DF";"DEL02-DF";"UOP01-DEL02-DF"
230038;2019-08-20;"terça-feira";"19:30:00";"PE";104;70,3;"CARUARU";"Desobediência às normas de trânsito pelo condutor";"Colisão frontal";"Com Vítimas Feridas";"Plena Noite";"Crescente";"Céu Claro";"Dupla";"Curva";"Não";6;0;1;2;2;1;3;3;-8,3210191;-35,99146843;"SPRF-PE";"DEL02-PE";"UOP01-DEL02-PE"
230047;2019-08-20;"terça-feira";"16:45:00";"MG";459;36,8;"SANTA RITA DE CALDAS";"Falta de Atenção à Condução";"Colisão frontal";"Com Vítimas Feridas";"Pleno dia";"Decrescente";"Nublado";"Simples";"Reta";"Não";3;0;1;1;1;0;2;2;-21,9839606;-46,33037567;"SPRF-MG";"DEL16-MG";"UOP01-DEL09-MG"
230051;2019-08-20;"terça-feira";"20:10:00";"MG";262;476;"BOM DESPACHO";"Falta de Atenção à Condução";"Colisão transversal";"Sem Vítimas";"Plena Noite";"Crescente";"Céu Claro";"Simples";"Aclive;Reta";"Não";2;0;0;0;2;0;0;2;-19,78675932;-45,24449944;"SPRF-MG";"DEL08-MG";"UOP03-DEL08-MG"
230053;2019-08-20;"terça-feira";"20:00:00";"BA";242;205;"ITABERABA";"Não guardar distância de segurança";"Colisão traseira";"Sem Vítimas";"Plena Noite";"Decrescente";"Céu Claro";"Simples";"Reta";"Não";2;0;0;0;2;0;0;2;-12,52053681;-40,095237;"SPRF-BA";"DEL06-BA";"UOP02-DEL06-BA"
230055;2019-08-20;"terça-feira";"21:05:00";"RN";101;76,1;"NATAL";"Animais na Pista";"Atropelamento de Animal";"Sem Vítimas";"Plena Noite";"Decrescente";"Céu Claro";"Dupla";"Reta";"Sim";1;0;0;0;1;0;0;1;-5,72603024;-35,28461489;"SPRF-RN";"DEL02-RN";"UOP01-DEL02-RN"
230056;2019-08-20;"terça-feira";"20:00:00";"PA";316;114;"SANTA MARIA DO PARA";"Desobediência às normas de trânsito pelo condutor";"Colisão traseira";"Com Vítimas Feridas";"Plena Noite";"Crescente";"Céu Claro";"Simples";"Curva";"Não";4;0;1;0;2;3;1;6;-1,31678325;-47,48630798;"SPRF-PA";"DEL01-PA";"UOP02-DEL01-PA"
230070;2019-08-20;"terça-feira";"21:30:00";"RS";386;266,3;"FONTOURA XAVIER";"Ultrapassagem Indevida";"Colisão frontal";"Com Vítimas Feridas";"Plena Noite";"Decrescente";"Céu Claro";"Simples";"Curva";"Não";4;0;1;2;1;0;3;2;-28,936916;-52,376057;"SPRF-RS";"DEL04-RS";"UOP03-DEL04-RS"
230071;2019-08-20;"terça-feira";"21:50:00";"BA";116;673;"JEQUIE";"Desobediência às normas de trânsito pelo condutor";"Colisão frontal";"Com Vítimas Feridas";"Plena Noite";"Decrescente";"Céu Claro";"Simples";"Reta";"Não";3;0;0;1;1;1;1;3;-13,80845298;-40,11215229;"SPRF-BA";"DEL03-BA";"UOP01-DEL03-BA"
230072;2019-08-20;"terça-feira";"22:20:00";"ES";262;111;"VENDA NOVA DO IMIGRANTE";"Falta de Atenção à Condução";"Colisão transversal";"Com Vítimas Feridas";"Plena Noite";"Decrescente";"Chuva";"Simples";"Reta";"Sim";3;0;0;1;1;1;1;3;-20,33710625;-41,19042567;"SPRF-ES";"DEL01-ES";"UOP02-DEL01-ES"
230076;2019-08-20;"terça-feira";"16:55:00";"MS";163;36;"ELDORADO";"Não guardar distância de segurança";"Colisão traseira";"Sem Vítimas";"Anoitecer";"Decrescente";"Céu Claro";"Simples";"Reta;Declive";"Não";3;0;0;0;2;3;0;5;-23,80317571;-54,3038891;"SPRF-MS";"DEL09-MS";"UOP02-DEL09-MS"
230077;2019-08-20;"terça-feira";"19:00:00";"GO";364;173,9;"JATAI";"Condutor Dormindo";"Saída de leito carroçável";"Com Vítimas Feridas";"Plena Noite";"Crescente";"Céu Claro";"Simples";"Declive";"Não";3;0;2;0;0;2;2;3;-17,99618463;-51,57648347;"SPRF-GO";"DEL05-GO";"UOP01-DEL05-GO"
230079;2019-08-20;"terça-feira";"19:20:00";"MT";364;520;"ROSARIO OESTE";"Defeito Mecânico no Veículo";"Incêndio";"Sem Vítimas";"Plena Noite";"Crescente";"Céu Claro";"Simples";"Reta";"Não";2;0;0;0;1;1;0;2;-15,09401099;-56,51930619;"SPRF-MT";"DEL01-MT";"DEL2/4-UOP02/MT"
230084;2019-08-20;"terça-feira";"17:35:00";"PI";316;28,5;"DEMERVAL LOBAO";"Condutor Dormindo";"Tombamento";"Com Vítimas Fatais";"Anoitecer";"Crescente";"Céu Claro";"Simples";"Reta";"Não";2;1;0;0;0;1;0;2;-5,31728394;-42,70119586;"SPRF-PI";"DEL01-PI";"UOP02-DEL01-PI"
230085;2019-08-21;"quarta-feira";"00:10:00";"SP";116;343,4;"MIRACATU";"Condutor Dormindo";"Colisão traseira";"Com Vítimas Feridas";"Plena Noite";"Crescente";"Garoa/Chuvisco";"Dupla";"Reta";"Não";3;0;1;0;1;1;1;3;-24,02386904;-47,17257173;"SPRF-SP";"DEL04-SP";"UOP03-DEL04-SP"
230086;2019-08-21;"quarta-feira";"00:15:00";"PR";116;105;"SAO JOSE DOS PINHAIS";"Falta de Atenção à Condução";"Queda de ocupante de veículo";"Com Vítimas Fatais";"Plena Noite";"Decrescente";"Ignorado";"Dupla";"Reta";"Não";3;1;0;0;1;1;0;3;-25,56635207;-49,16833598;"SPRF-PR";"DEL01-PR";"UOP01-DEL01-PR"
230088;2019-08-21;"quarta-feira";"01:00:00";"RJ";40;52;"PETROPOLIS";"Ingestão de álcool e/ou substâncias psicoativas pelo pedestre";"Colisão traseira";"Com Vítimas Feridas";"Plena Noite";"Crescente";"Céu Claro";"Dupla";"Aclive";"Não";4;0;0;2;1;1;2;4;-22,33571319;-43,13320403;"SPRF-RJ";"DEL06-RJ";"UOP01-DEL06-RJ"
230089;2019-08-20;"terça-feira";"12:00:00";"MG";381;810;"CAREACU";"Velocidade Incompatível";"Saída de leito carroçável";"Sem Vítimas";"Pleno dia";"Decrescente";"Chuva";"Dupla";"Curva";"Não";2;0;0;0;1;1;0;2;-22,04560399;-45,68921401;"SPRF-MG";"DEL16-MG";"UOP02-DEL16-MG"
230092;2019-08-20;"terça-feira";"23:00:00";"MG";153;45;"CANAPOLIS";"Falta de Atenção à Condução";"Colisão traseira";"Sem Vítimas";"Plena Noite";"Decrescente";"Céu Claro";"Dupla";"Reta";"Não";2;0;0;0;2;0;0;2;-18,78035791;-49,07866011;"SPRF-MG";"DEL15-MG";"UOP03-DEL15-MG"
230095;2019-08-21;"quarta-feira";"04:00:00";"AL";101;148;"JEQUIA DA PRAIA";"Falta de Atenção à Condução";"Colisão lateral";"Com Vítimas Feridas";"Plena Noite";"Crescente";"Céu Claro";"Simples";"Reta";"Não";3;0;0;1;1;1;1;3;-9,88938896;-36,13497986;"SPRF-AL";"DEL02-AL";"UOP01-DEL02-AL"
230105;2019-08-21;"quarta-feira";"06:20:00";"PR";163;284;"MARECHAL CANDIDO RONDON";"Velocidade Incompatível";"Tombamento";"Com Vítimas Feridas";"Amanhecer";"Decrescente";"Céu Claro";"Simples";"Rotatória";"Não";2;0;1;0;0;2;1;3;-24,568102;-54,034168;"SPRF-PR";"DEL06-PR";"UOP02-DEL06-PR"
230106;2019-08-21;"quarta-feira";"04:00:00";"MG";381;386;"SAO GONCALO DO RIO ABAIXO";"Falta de Atenção à Condução";"Saída de leito carroçável";"Com Vítimas Feridas";"Plena Noite";"Crescente";"Nublado";"Simples";"Curva";"Não";1;0;1;0;0;0;1;1;-19,83140546;-43,37780535;"SPRF-MG";"DEL01-MG";"UOP01-DEL01-MG"
230111;2019-08-21;"quarta-feira";"07:05:00";"PE";101;66,1;"RECIFE";"Não guardar distância de segurança";"Colisão traseira";"Com Vítimas Feridas";"Pleno dia";"Crescente";"Céu Claro";"Dupla";"Reta";"Sim";2;0;1;0;0;1;1;2;-8,03368534;-34,94184125;"SPRF-PE";"DEL01-PE";"UOP01-DEL01-PE"
230113;2019-08-21;"quarta-feira";"06:50:00";"RJ";116;142;"DUQUE DE CAXIAS";"Falta de Atenção à Condução";"Atropelamento de Pedestre";"Com Vítimas Fatais";"Pleno dia";"Crescente";"Céu Claro";"Dupla";"Reta";"Sim";2;1;1;0;0;0;1;2;-22,64876087;-43,23031638;"SPRF-RJ";"DEL04-RJ";"UOP02-DEL04-RJ"
230114;2019-08-21;"quarta-feira";"05:40:00";"RJ";101;218;"SILVA JARDIM";"Pista Escorregadia";"Tombamento";"Com Vítimas Feridas";"Amanhecer";"Decrescente";"Chuva";"Dupla";"Reta";"Não";1;0;1;0;0;0;1;1;-22,50788881;-42,30025408;"SPRF-RJ";"DEL02-RJ";"UOP03-DEL02-RJ"
230117;2019-08-21;"quarta-feira";"07:10:00";"PR";376;656,9;"TIJUCAS DO SUL";"Velocidade Incompatível";"Colisão com objeto estático";"Sem Vítimas";"Pleno dia";"Decrescente";"Garoa/Chuvisco";"Simples";"Curva;Declive";"Não";3;0;0;0;2;12;0;14;-25,85232468;-49,03032776;"SPRF-PR";"DEL01-PR";"UOP04-DEL01-PR"
230125;2019-08-21;"quarta-feira";"08:00:00";"ES";101;271,7;"SERRA";"Não guardar distância de segurança";"Colisão lateral";"Com Vítimas Feridas";"Pleno dia";"Decrescente";"Nublado";"Dupla";"Interseção de Vias";"Sim";2;0;1;0;1;0;1;2;-20,23860421;-40,27850466;"SPRF-ES";"DEL02-ES";"UOP01-DEL02-ES"
230129;2019-08-13;"terça-feira";"07:21:00";"MS";158;301,3;"TRES LAGOAS";"Não guardar distância de segurança";"Colisão traseira";"Com Vítimas Feridas";"Pleno dia";"Crescente";"Céu Claro";"Múltipla";"Reta";"Não";17;0;14;0;2;3;14;5;-20,96590185;-51,84527523;"SPRF-MS";"DEL07-MS";"UOP01-DEL07-MS"
230130;2019-08-21;"quarta-feira";"07:40:00";"SP";381;44;"ATIBAIA";"Falta de Atenção à Condução";"Colisão transversal";"Com Vítimas Feridas";"Pleno dia";"Decrescente";"Céu Claro";"Simples";"Reta";"Sim";3;0;1;0;1;1;1;3;-23,16458615;-46,57418959;"SPRF-SP";"DEL03-SP";"UOP01-DEL03-SP"
230138;2019-08-21;"quarta-feira";"08:30:00";"PR";376;651;"TIJUCAS DO SUL";"Falta de Atenção à Condução";"Tombamento";"Com Vítimas Feridas";"Pleno dia";"Crescente";"Nevoeiro/Neblina";"Dupla";"Curva";"Não";2;0;1;0;0;1;1;2;-25,845243;-49,078578;"SPRF-PR";"DEL01-PR";"UOP04-DEL01-PR"
230140;2019-08-21;"quarta-feira";"07:00:00";"RJ";116;222;"PIRAI";"Carga excessiva e/ou mal acondicionada";"Derramamento de carga";"Sem Vítimas";"Pleno dia";"Decrescente";"Chuva";"Simples";"Curva";"Não";2;0;0;0;1;1;0;2;-22,6896952;-43,79175108;"SPRF-RJ";"DEL07-RJ";"UOP01-DEL07-RJ"
230141;2019-08-21;"quarta-feira";"09:25:00";"PR";376;147,5;"PRESIDENTE CASTELO BRANCO";"Desobediência às normas de trânsito pelo condutor";"Colisão lateral";"Com Vítimas Feridas";"Pleno dia";"Crescente";"Céu Claro";"Dupla";"Curva";"Não";3;0;1;0;1;2;1;4;-23,28622958;-52,14463866;"SPRF-PR";"DEL07-PR";"UOP02-DEL09-PR"
230144;2019-08-21;"quarta-feira";"09:40:00";"MG";381;617;"OLIVEIRA";"Falta de Atenção à Condução";"Tombamento";"Com Vítimas Feridas";"Pleno dia";"Crescente";"Céu Claro";"Simples";"Curva;Interseção de Vias";"Não";1;0;1;0;0;0;1;1;-20,76156591;-44,77700024;"SPRF-MG";"DEL04-MG";"UOP01-DEL04-MG"
230147;2019-08-21;"quarta-feira";"08:00:00";"RS";116;529;"CAPAO DO LEAO";"Desobediência às normas de trânsito pelo condutor";"Colisão transversal";"Com Vítimas Feridas";"Pleno dia";"Crescente";"Nublado";"Simples";"Reta";"Sim";2;0;1;0;1;0;1;2;-31,75446042;-52,42803583;"SPRF-RS";"DEL07-RS";"UOP01-DEL07-RS"
230150;2019-08-21;"quarta-feira";"08:00:00";"MS";163;213,3;"CAARAPO";"Objeto estático sobre o leito carroçável";"Saída de leito carroçável";"Com Vítimas Fatais";"Pleno dia";"Crescente";"Céu Claro";"Simples";"Reta";"Não";7;1;1;1;2;4;2;8;-22,59500903;-54,81726725;"SPRF-MS";"DEL04-MS";"UOP02-DEL04-MS"
230151;2019-08-21;"quarta-feira";"08:00:00";"BA";101;674,9;"EUNAPOLIS";"Velocidade Incompatível";"Tombamento";"Com Vítimas Feridas";"Pleno dia";"Decrescente";"Céu Claro";"Simples";"Curva";"Não";5;0;3;0;1;5;3;8;-16,22046901;-39,59667703;"SPRF-BA";"DEL09-BA";"UOP01-DEL09-BA"
230152;2019-08-21;"quarta-feira";"10:15:00";"PR";376;191,8;"MARIALVA";"Falta de Atenção à Condução";"Colisão com objeto estático";"Com Vítimas Feridas";"Pleno dia";"Decrescente";"Céu Claro";"Dupla";"Aclive;Reta;Em Obras";"Não";2;0;1;0;1;0;1;2;-23,48569118;-51,81994289;"SPRF-PR";"DEL07-PR";"UOP01-DEL09-PR"
230154;2019-08-21;"quarta-feira";"10:00:00";"SP";116;216;"GUARULHOS";"Defeito Mecânico no Veículo";"Colisão com objeto em movimento";"Com Vítimas Feridas";"Pleno dia";"Crescente";"Nublado";"Múltipla";"Reta";"Sim";2;0;1;0;1;0;1;2;-23,45056589;-46,46258105;"SPRF-SP";"DEL01-SP";"UOP01-DEL01-SP"
230155;2019-08-21;"quarta-feira";"08:20:00";"SC";470;193;"POUSO REDONDO";"Falta de Atenção à Condução";"Colisão lateral";"Com Vítimas Feridas";"Amanhecer";"Crescente";"Garoa/Chuvisco";"Simples";"Curva";"Não";2;0;0;1;1;0;1;2;-27,300575;-50,075451;"SPRF-SC";"DEL04-SC";"UOP02-DEL04-SC"
230162;2019-08-21;"quarta-feira";"12:05:00";"PE";232;13;"JABOATAO DOS GUARARAPES";"Não guardar distância de segurança";"Colisão traseira";"Com Vítimas Feridas";"Pleno dia";"Decrescente";"Sol";"Dupla";"Reta";"Não";4;0;2;0;1;1;2;3;-8,08831567;-35,01203806;"SPRF-PE";"DEL01-PE";"UOP01-DEL01-PE"
230164;2019-05-06;"segunda-feira";"06:50:00";"CE";222;301,4;"TIANGUA";"Defeito Mecânico no Veículo";"Colisão frontal";"Com Vítimas Fatais";"Pleno dia";"Crescente";"Céu Claro";"Simples";"Declive";"Não";4;1;1;1;0;1;2;3;-3,66159701;-40,940041;"SPRF-CE";"DEL04-CE";"UOP02-DEL04-CE"
230195;2019-02-25;"segunda-feira";"18:35:00";"CE";116;387;"ICO";"Defeito Mecânico no Veículo";"Colisão com objeto em movimento";"Sem Vítimas";"Anoitecer";"Crescente";"Céu Claro";"Simples";"Declive";"Não";3;0;0;0;2;1;0;3;-6,50738029;-38,86207581;"SPRF-CE";"DEL05-CE";"UOP01-DEL05-CE"
230198;2019-08-21;"quarta-feira";"13:55:00";"ES";101;414,5;"ITAPEMIRIM";"Velocidade Incompatível";"Colisão transversal";"Com Vítimas Feridas";"Pleno dia";"Decrescente";"Chuva";"Simples";"Reta";"Não";4;0;1;0;2;2;1;5;-20,92345849;-41,07835562;"SPRF-ES";"DEL03-ES";"UOP02-DEL03-ES"