"id";"data_inversa";"dia_semana";"horario";"uf";"br";"km";"municipio";"causa_acidente";"tipo_acidente";"classificacao_acidente";"fase_dia";"sentido_via";"condicao_metereologica";"tipo_pista";"tracado_via";"uso_solo";"pessoas";"mortos";"feridos_leves";"feridos_graves";"ilesos";"ignorados";"feridos";"veiculos";"latitude";"longitude";"regional";"delegacia";"uop"
230210;2019-01-11;"sexta-feira";"07:10:00";"PE";424;87,4;"GARANHUNS";"Falta de Atenção à Condução";"Colisão lateral";"Com Vítimas Feridas";"Pleno dia";"Crescente";"Céu Claro";"Simples";"Interseção de Vias";"Sim";3;0;1;1;1;0;2;2;-8,874289;-36,507607;"SPRF-PE";"DEL03-PE";"UOP01-DEL03-PE"
230212;2019-08-21;"quarta-feira";"14:30:00";"PE";101;81;"JABOATAO DOS GUARARAPES";"Falta de Atenção à Condução";"Colisão lateral";"Com Vítimas Feridas";"Pleno dia";"Decrescente";"Céu Claro";"Múltipla";"Reta";"Sim";2;0;1;0;1;0;1;2;-8,1597489;-34,94024569;"SPRF-PE";"DEL01-PE";"UOP03-DEL01-PE"
230219;2019-08-21;"quarta-feira";"15:27:00";"PE";316;335;"FLORESTA";"Falta de Atenção à Condução";"Colisão traseira";"Com Vítimas Fatais";"Pleno dia";"Decrescente";"Céu Claro";"Simples";"Reta";"Não";7;1;0;2;3;1;2;3;-8,76554016;-38,36846406;"SPRF-PE";"DEL04-PE";"UOP03-DEL04-PE"
230222;2019-08-21;"quarta-feira";"16:35:00";"GO";153;501,3;"GOIANIA";"Falta de Atenção à Condução";"Colisão traseira";"Com Vítimas Feridas";"Anoitecer";"Crescente";"Céu Claro";"Dupla";"Reta";"Sim";3;0;1;0;1;1;1;3;-16,7189;-49,2382;"SPRF-GO";"DEL01-GO";"UOP01-DEL01-GO"
230224;2019-08-21;"quarta-feira";"16:25:00";"MG";381;447;"SABARA";"Falta de Atenção à Condução";"Atropelamento de Pedestre";"Com Vítimas Feridas";"Pleno dia";"Decrescente";"Sol";"Simples";"Curva";"Não";2;0;1;0;1;0;1;2;-19,8153529;-43,8097322;"SPRF-MG";"DEL01-MG";"UOP01-DEL01-MG"
230226;2019-08-21;"quarta-feira";"14:30:00";"RO";435;122;"CEREJEIRAS";"Desobediência às normas de trânsito pelo condutor";"Colisão lateral";"Com Vítimas Feridas";"Pleno dia";"Decrescente";"Céu Claro";"Dupla";"Interseção de Vias";"Sim";2;0;1;0;1;0;1;2;-13,1890378;-60,81421852;"SPRF-RO";"DEL04-RO";"UOP02-DEL04-RO"
230227;2019-08-21;"quarta-feira";"14:20:00";"GO";364;138;"APARECIDA DO RIO DOCE";"Falta de Atenção à Condução";"Capotamento";"Sem Vítimas";"Pleno dia";"Decrescente";"Céu Claro";"Simples";"Reta";"Não";2;0;0;0;1;1;0;2;-18,197559;-51,331619;"SPRF-GO";"DEL05-GO";"UOP01-DEL05-GO"
230234;2019-08-21;"quarta-feira";"16:40:00";"PR";376;234;"APUCARANA";"Não guardar distância de segurança";"Colisão traseira";"Com Vítimas Feridas";"Plena Noite";"Decrescente";"Céu Claro";"Simples";"Em Obras;Aclive;Reta";"Não";2;0;1;0;1;0;1;2;-23,58030875;-51,48914372;"SPRF-PR";"DEL07-PR";"UOP03-DEL07-PR"
230255;2019-08-21;"quarta-feira";"19:35:00";"PE";232;212,2;"PESQUEIRA";"Falta de Atenção à Condução";"Colisão frontal";"Com Vítimas Fatais";"Plena Noite";"Decrescente";"Nublado";"Simples";"Reta";"Sim";3;1;0;0;1;1;0;3;-8,37389858;-36,71503186;"SPRF-PE";"DEL02-PE";"UOP03-DEL02-PE"
230256;2019-08-21;"quarta-feira";"18:20:00";"SC";282;602;"MARAVILHA";"Velocidade Incompatível";"Saída de leito carroçável";"Com Vítimas Feridas";"Plena Noite";"Crescente";"Céu Claro";"Simples";"Interseção de Vias";"Não";2;0;1;0;1;0;1;2;-26,806049;-53,178757;"SPRF-SC";"DEL07-SC";"UOP02-DEL07-SC"
230260;2019-08-21;"quarta-feira";"20:00:00";"GO";70;159,4;"ITAGUARI";"Velocidade Incompatível";"Tombamento";"Com Vítimas Feridas";"Plena Noite";"Decrescente";"Céu Claro";"Simples";"Declive";"Não";3;0;1;0;1;1;1;2;-15,90022894;-49,52981702;"SPRF-GO";"DEL02-GO";"UOP02-DEL02-GO"
230262;2019-08-21;"quarta-feira";"19:00:00";"MS";359;186,7;"COXIM";"Animais na Pista";"Atropelamento de Animal";"Com Vítimas Feridas";"Plena Noite";"Decrescente";"Nublado";"Simples";"Declive";"Não";3;0;1;0;1;1;1;3;-18,35400092;-54,39511665;"SPRF-MS";"DEL06-MS";"UOP01-DEL06-MS"
230263;2019-08-21;"quarta-feira";"19:31:00";"RO";364;691;"CANDEIAS DO JAMARI";"Animais na Pista";"Atropelamento de Animal";"Sem Vítimas";"Plena Noite";"Decrescente";"Céu Claro";"Simples";"Reta";"Não";2;0;0;0;1;2;0;3;-8,7961943;-63,68738597;"SPRF-RO";"DEL01-RO";"UOP01-DEL01-RO"
230265;2019-08-06;"terça-feira";"14:00:00";"PE";428;183,8;"PETROLINA";"Falta de Atenção à Condução";"Colisão transversal";"Com Vítimas Feridas";"Pleno dia";"Crescente";"Céu Claro";"Simples";"Retorno Regulamentado";"Não";2;0;0;1;1;0;1;2;-9,32412987;-40,46211325;"SPRF-PE";"DEL06-PE";"UOP01-DEL06-PE"
230272;2019-08-21;"quarta-feira";"16:30:00";"PR";376;345,4;"ORTIGUEIRA";"Velocidade Incompatível";"Tombamento";"Com Vítimas Feridas";"Pleno dia";"Decrescente";"Sol";"Simples";"Declive;Curva";"Não";2;0;1;0;0;1;1;2;-24,1736663;-50,9655612;"SPRF-PR";"DEL07-PR";"UOP02-DEL07-PR"
230275;2019-08-21;"quarta-feira";"22:00:00";"BA";116;425;"FEIRA DE SANTANA";"Restrição de Visibilidade";"Colisão traseira";"Com Vítimas Feridas";"Plena Noite";"Crescente";"Céu Claro";"Simples";"Reta";"Não";2;0;0;1;0;1;1;2;-12,26056032;-38,98956841;"SPRF-BA";"DEL02-BA";"UOP01-DEL02-BA"
230276;2019-08-21;"quarta-feira";"19:30:00";"SC";480;127,6;"CHAPECO";"Falta de Atenção do Pedestre";"Atropelamento de Pedestre";"Com Vítimas Feridas";"Plena Noite";"Crescente";"Céu Claro";"Simples";"Reta";"Sim";2;0;0;1;1;0;1;2;-27,02885905;-52,63380035;"SPRF-SC";"DEL07-SC";"UOP01-DEL07-SC"
230278;2019-08-21;"quarta-feira";"21:50:00";"RN";304;119,1;"ITAJA";"Desobediência às normas de trânsito pelo condutor";"Colisão transversal";"Com Vítimas Feridas";"Plena Noite";"Crescente";"Céu Claro";"Simples";"Interseção de Vias";"Não";4;0;2;0;1;1;2;3;-5,62995344;-36,86423021;"SPRF-RN";"DEL04-RN";"UOP01-DEL04-RN"
230295;2019-08-22;"quinta-feira";"00:05:00";"MG";40;278,1;"TRES MARIAS";"Ingestão de Álcool";"Colisão frontal";"Com Vítimas Fatais";"Plena Noite";"Crescente";"Céu Claro";"Simples";"Aclive";"Sim";4;1;0;2;1;0;2;2;-18,220313;-45,220762;"SPRF-MG";"DEL14-MG";"UOP02-DEL14-MG"
230296;2019-08-21;"quarta-feira";"21:40:00";"PR";487;169;"CAMPO MOURAO";"Defeito Mecânico no Veículo";"Saída de leito carroçável";"Com Vítimas Feridas";"Plena Noite";"Crescente";"Céu Claro";"Simples";"Aclive";"Não";2;0;0;1;0;2;1;3;-24,00579058;-52,47732376;"SPRF-PR";"DEL04-PR";"UOP03-DEL09-PR"
230299;2019-08-21;"quarta-feira";"22:30:00";"SC";282;383;"HERVAL DOESTE";"Falta de Atenção à Condução";"Tombamento";"Com Vítimas Feridas";"Plena Noite";"Decrescente";"Céu Claro";"Simples";"Aclive;Curva";"Não";2;0;1;0;0;1;1;2;-27,19525096;-51,50553703;"SPRF-SC";"DEL07-SC";"UOP05-DEL07-SC"
230305;2019-08-22;"quinta-feira";"03:00:00";"PR";116;121;"CURITIBA";"Falta de Atenção à Condução";"Saída de leito carroçável";"Com Vítimas Feridas";"Plena Noite";"Decrescente";"Céu Claro";"Dupla";"Reta";"Sim";3;0;2;0;1;0;2;2;-25,5599323;-49,30743945;"SPRF-PR";"DEL01-PR";"UOP03-DEL01-PR"
230306;2019-08-13;"terça-feira";"16:35:00";"MS";163;158,9;"JUTI";"Falta de Atenção à Condução";"Engavetamento";"Com Vítimas Feridas";"Pleno dia";"Crescente";"Céu Claro";"Simples";"Curva;Declive";"Não";5;0;1;0;3;3;1;6;-22,92723393;-54,494378;"SPRF-MS";"DEL09-MS";"UOP01-DEL09-MS"
230308;2019-08-22;"quinta-feira";"04:00:00";"RS";101;51,8;"TERRA DE AREIA";"Condutor Dormindo";"Saída de leito carroçável";"Sem Vítimas";"Plena Noite";"Crescente";"Céu Claro";"Dupla";"Reta";"Sim";1;0;0;0;1;0;0;1;-29,61499714;-50,0915338;"SPRF-RS";"DEL03-RS";"UOP02-DEL03-RS"
230312;2019-08-22;"quinta-feira";"06:10:00";"PB";230;27;"JOAO PESSOA";"Não guardar distância de segurança";"Colisão traseira";"Com Vítimas Fatais";"Pleno dia";"Decrescente";"Céu Claro";"Dupla";"Reta";"Sim";4;1;1;0;2;0;1;4;-7,1677;-34,8855;"SPRF-PB";"DEL01-PB";"UOP01-DEL01-PB"
230313;2019-08-22;"quinta-feira";"05:15:00";"MT";364;276,8;"JACIARA";"Falta de Atenção à Condução";"Tombamento";"Com Vítimas Feridas";"Pleno dia";"Decrescente";"Céu Claro";"Simples";"Declive";"Não";2;0;1;0;0;2;1;3;-15,95344474;-54,99098104;"SPRF-MT";"DEL02-MT";"UOP02-DEL05-MT"
230315;2019-08-22;"quinta-feira";"06:20:00";"SP";116;356,9;"MIRACATU";"Falta de Atenção à Condução";"Colisão traseira";"Com Vítimas Feridas";"Pleno dia";"Crescente";"Garoa/Chuvisco";"Dupla";"Túnel";"Não";3;0;0;1;1;1;1;3;-24,09035036;-47,25700378;"SPRF-SP";"DEL04-SP";"UOP03-DEL04-SP"
230319;2019-08-22;"quinta-feira";"06:20:00";"MS";262;363,8;"CAMPO GRANDE";"Não guardar distância de segurança";"Engavetamento";"Com Vítimas Feridas";"Pleno dia";"Crescente";"Céu Claro";"Simples";"Aclive";"Não";6;0;3;0;2;4;3;8;-20,50499307;-54,72803808;"SPRF-MS";"DEL01-MS";"UOP03-DEL01-MS"
230322;2019-08-22;"quinta-feira";"07:20:00";"RJ";116;255;"PIRAI";"Ultrapassagem Indevida";"Colisão traseira";"Com Vítimas Feridas";"Amanhecer";"Crescente";"Céu Claro";"Simples";"Aclive";"Não";3;0;1;0;1;1;1;3;-22,58171235;-43,99533787;"SPRF-RJ";"DEL07-RJ";"UOP02-DEL07-RJ"
230328;2019-08-22;"quinta-feira";"06:25:00";"MG";262;568,4;"CORREGO DANTA";"Carga excessiva e/ou mal acondicionada";"Tombamento";"Com Vítimas Fatais";"Pleno dia";"Decrescente";"Céu Claro";"Simples";"Curva";"Não";4;2;0;0;0;2;0;4;-19,72687733;-46,02033377;"SPRF-MG";"DEL08-MG";"UOP02-DEL08-MG"
230329;2019-08-22;"quinta-feira";"06:00:00";"MG";262;848,5;"CONCEICAO DAS ALAGOAS";"Condutor Dormindo";"Saída de leito carroçável";"Com Vítimas Fatais";"Amanhecer";"Crescente";"Céu Claro";"Simples";"Curva";"Não";3;1;0;0;0;2;0;3;-19,75682338;-48,32191109;"SPRF-MG";"DEL13-MG";"UOP01-DEL13-MG"
230343;2019-08-22;"quinta-feira";"09:10:00";"RN";304;47,6;"MOSSORO";"Desobediência às normas de trânsito pelo condutor";"Colisão transversal";"Com Vítimas Feridas";"Pleno dia";"Decrescente";"Céu Claro";"Dupla";"Interseção de Vias";"Sim";6;0;5;0;0;1;5;3;-5,22594327;-37,32592106;"SPRF-RN";"DEL04-RN";"UOP01-DEL04-RN"
230344;2019-08-22;"quinta-feira";"09:00:00";"RJ";116;173;"SAO JOAO DE MERITI";"Falta de Atenção à Condução";"Colisão traseira";"Com Vítimas Feridas";"Pleno dia";"Decrescente";"Nublado";"Dupla";"Reta";"Sim";2;0;1;0;0;1;1;2;-22,79810324;-43,35726614;"SPRF-RJ";"DEL01-RJ";"UOP02-DEL01-RJ"
230347;2019-08-22;"quinta-feira";"09:55:00";"MG";381;434,6;"SABARA";"Falta de Atenção à Condução";"Colisão lateral";"Com Vítimas Feridas";"Pleno dia";"Decrescente";"Céu Claro";"Simples";"Interseção de Vias";"Sim";3;0;1;0;1;1;1;3;-19,79791938;-43,7542963;"SPRF-MG";"DEL01-MG";"UOP01-DEL01-MG"
230348;2019-08-22;"quinta-feira";"09:55:00";"MG";381;763,5;"CAMPANHA";"Velocidade Incompatível";"Colisão com objeto estático";"Com Vítimas Feridas";"Pleno dia";"Crescente";"Sol";"Dupla";"Reta";"Não";4;0;1;0;1;4;1;6;-21,74873501;-45,38842699;"SPRF-MG";"DEL16-MG";"UOP02-DEL16-MG"
230351;2019-08-22;"quinta-feira";"08:30:00";"PR";376;595,2;"CURITIBA";"Não guardar distância de segurança";"Colisão traseira";"Com Vítimas Feridas";"Pleno dia";"Crescente";"Nublado";"Dupla";"Reta";"Não";3;0;1;0;2;0;1;3;-25,49317991;-49,34370776;"SPRF-PR";"DEL01-PR";"UOP06-DEL01-PR"
230355;2019-08-22;"quinta-feira";"09:00:00";"RJ";101;321;"NITEROI";"Desobediência às normas de trânsito pelo condutor";"Queda de ocupante de veículo";"Com Vítimas Fatais";"Pleno dia";"Crescente";"Nublado";"Dupla";"Reta";"Sim";4;1;1;0;2;0;1;3;-22,86981096;-43,11046465;"SPRF-RJ";"DEL02-RJ";"UOP02-DEL02-RJ"
230359;2019-08-22;"quinta-feira";"09:50:00";"MG";365;432;"PATOS DE MINAS";"Desobediência às normas de trânsito pelo condutor";"Colisão traseira";"Com Vítimas Feridas";"Pleno dia";"Decrescente";"Céu Claro";"Dupla";"Declive";"Não";3;0;1;0;1;2;1;4;-18,77097792;-46,6805881;"SPRF-MG";"DEL10-MG";"UOP01-DEL10-MG"
230360;2019-08-22;"quinta-feira";"09:45:00";"PR";153;17,5;"JACAREZINHO";"Falta de Atenção à Condução";"Queda de ocupante de veículo";"Com Vítimas Feridas";"Pleno dia";"Crescente";"Céu Claro";"Simples";"Reta;Aclive";"Sim";3;0;2;0;1;0;2;2;-23,135487;-49,9450358;"SPRF-PR";"DEL07-PR";"UOP04-DEL07-PR"
230363;2019-08-22;"quinta-feira";"08:30:00";"GO";414;355,4;"COCALZINHO DE GOIAS";"Falta de Atenção à Condução";"Tombamento";"Com Vítimas Feridas";"Pleno dia";"Crescente";"Céu Claro";"Simples";"Curva";"Não";3;0;2;0;0;1;2;2;-15,669267;-48,693175;"SPRF-GO";"DEL02-GO";"UOP01-DEL02-GO"
230369;2019-08-22;"quinta-feira";"13:17:00";"SP";153;61,4;"SAO JOSE DO RIO PRETO";"Não guardar distância de segurança";"Colisão lateral";"Com Vítimas Feridas";"Pleno dia";"Decrescente";"Céu Claro";"Simples";"Em Obras;Reta;Aclive";"Sim";2;0;1;0;0;1;1;2;-20,80502876;-49,35574909;"SPRF-SP";"DEL09-SP";"UOP01-DEL09-SP"
230375;2019-08-22;"quinta-feira";"09:47:00";"MG";381;839,7;"SAO SEBASTIAO DA BELA VISTA";"Falta de Atenção à Condução";"Colisão traseira";"Sem Vítimas";"Pleno dia";"Crescente";"Sol";"Dupla";"Reta";"Não";3;0;0;0;2;3;0;5;-22,19834327;-45,85343083;"SPRF-MG";"DEL16-MG";"UOP01-DEL16-MG"
230376;2019-08-22;"quinta-feira";"11:50:00";"MT";364;19,8;"ALTO ARAGUAIA";"Falta de Atenção à Condução";"Colisão traseira";"Sem Vítimas";"Pleno dia";"Decrescente";"Sol";"Simples";"Curva";"Não";3;0;0;0;2;3;0;5;-17,21387646;-53,33878994;"SPRF-MT";"DEL02-MT";"UOP02-DEL02-MT"
230377;2019-08-22;"quinta-feira";"12:40:00";"BA";116;586;"NOVA ITARANA";"Condutor Dormindo";"Saída de leito carroçável";"Sem Vítimas";"Pleno dia";"Crescente";"Nublado";"Simples";"Curva;Aclive";"Não";2;0;0;0;1;1;0;2;-13,10964805;-39,99424704;"SPRF-BA";"DEL03-BA";"UOP02-DEL03-BA"
230379;2019-08-22;"quinta-feira";"13:05:00";"PR";376;219,8;"JANDAIA DO SUL";"Falta de Atenção à Condução";"Colisão traseira";"Com Vítimas Feridas";"Pleno dia";"Decrescente";"Céu Claro";"Simples";"Declive";"Não";3;0;0;2;1;0;2;2;-23,59805329;-51,60575514;"SPRF-PR";"DEL07-PR";"UOP03-DEL07-PR"
230380;2019-08-22;"quinta-feira";"12:20:00";"SP";116;393,2;"MIRACATU";"Falta de Atenção à Condução";"Colisão traseira";"Com Vítimas Feridas";"Pleno dia";"Decrescente";"Garoa/Chuvisco";"Dupla";"Reta";"Sim";3;0;1;0;1;3;1;5;-24,28611739;-47,44433999;"SPRF-SP";"DEL04-SP";"UOP02-DEL04-SP"
230383;2019-08-22;"quinta-feira";"14:50:00";"SC";101;111,5;"NAVEGANTES";"Mal Súbito";"Colisão lateral";"Sem Vítimas";"Pleno dia";"Decrescente";"Nublado";"Dupla";"Reta";"Sim";3;0;0;0;2;1;0;3;-26,83955734;-48,71418074;"SPRF-SC";"DEL04-SC";"UOP04-DEL04-SC"
230384;2019-08-22;"quinta-feira";"15:40:00";"PR";277;8;"PARANAGUA";"Falta de Atenção à Condução";"Colisão transversal";"Sem Vítimas";"Pleno dia";"Crescente";"Sol";"Simples";"Interseção de Vias";"Sim";3;0;0;0;2;3;0;5;-25,5205;-48,5095;"SPRF-PR";"DEL01-PR";"UOP05-DEL01-PR"
230388;2019-08-22;"quinta-feira";"15:50:00";"RS";116;42;"VACARIA";"Velocidade Incompatível";"Tombamento";"Com Vítimas Feridas";"Pleno dia";"Crescente";"Sol";"Simples";"Curva";"Não";3;0;2;0;0;1;2;2;-28,5309742;-50,95377984;"SPRF-RS";"DEL05-RS";"UOP03-DEL05-RS"
230393;2019-08-22;"quinta-feira";"16:00:00";"MG";116;803,4;"ALEM PARAIBA";"Velocidade Incompatível";"Tombamento";"Com Vítimas Feridas";"Pleno dia";"Decrescente";"Céu Claro";"Simples";"Curva";"Não";3;0;2;0;0;1;2;2;-21,79130797;-42,71687334;"SPRF-MG";"DEL07-MG";"UOP01-DEL07-MG"
230400;2019-08-22;"quinta-feira";"16:45:00";"GO";40;63,8;"CRISTALINA";"Defeito Mecânico no Veículo";"Incêndio";"Sem Vítimas";"Pleno dia";"Decrescente";"Céu Claro";"Múltipla";"Declive;Reta";"Não";2;0;0;0;1;2;0;3;-16,546727;-47,787549;"SPRF-DF";"DEL01-DF";"UOP02-DEL01-DF"
230406;2019-08-22;"quinta-feira";"17:30:00";"GO";30;4,3;"FORMOSA";"Ingestão de Álcool";"Colisão lateral";"Com Vítimas Feridas";"Pleno dia";"Crescente";"Céu Claro";"Simples";"Reta";"Não";3;0;0;1;1;2;1;4;-15,55997852;-47,31208563;"SPRF-DF";"DEL02-DF";"UOP01-DEL02-DF"
230408;2019-08-22;"quinta-feira";"16:30:00";"RJ";116;224,5;"PIRAI";"Defeito Mecânico no Veículo";"Tombamento";"Sem Vítimas";"Pleno dia";"Decrescente";"Chuva";"Simples";"Curva";"Não";1;0;0;0;1;0;0;1;-22,68709335;-43,81058612;"SPRF-RJ";"DEL07-RJ";"UOP01-DEL07-RJ"
230412;2019-08-22;"quinta-feira";"18:00:00";"MG";381;354,9;"JOAO MONLEVADE";"Desobediência às normas de trânsito pelo condutor";"Colisão transversal";"Com Vítimas Feridas";"Anoitecer";"Crescente";"Nublado";"Simples";"Curva";"Não";2;0;1;0;1;0;1;2;-19,83912825;-43,19081078;"SPRF-MG";"DEL03-MG";"UOP01-DEL03-MG"
230423;2019-08-22;"quinta-feira";"15:00:00";"MG";381;377;"SAO GONCALO DO RIO ABAIXO";"Carga excessiva e/ou mal acondicionada";"Tombamento";"Com Vítimas Feridas";"Pleno dia";"Decrescente";"Céu Claro";"Simples";"Curva";"Não";2;0;1;0;0;1;1;2;-19,832064;-43,35244;"SPRF-MG";"DEL01-MG";"UOP01-DEL01-MG"
230424;2019-08-22;"quinta-feira";"18:30:00";"RS";153;47;"ERECHIM";"Desobediência às normas de trânsito pelo condutor";"Colisão transversal";"Com Vítimas Feridas";"Pleno dia";"Crescente";"Nublado";"Dupla";"Reta;Rotatória";"Não";4;0;2;0;1;1;2;3;-27,64530366;-52,24998023;"SPRF-RS";"DEL08-RS";"UOP04-DEL08-RS"
230425;2019-08-22;"quinta-feira";"19:10:00";"RJ";116;44;"TERESOPOLIS";"Falta de Atenção à Condução";"Saída de leito carroçável";"Com Vítimas Feridas";"Plena Noite";"Decrescente";"Nublado";"Simples";"Reta";"Sim";2;0;1;0;1;0;1;1;-22,15853413;-42,80593191;"SPRF-RJ";"DEL04-RJ";"UOP01-DEL04-RJ"
230427;2019-08-22;"quinta-feira";"19:10:00";"MG";365;284,8;"JOAO PINHEIRO";"Defeito Mecânico no Veículo";"Incêndio";"Sem Vítimas";"Plena Noite";"Crescente";"Céu Claro";"Simples";"Reta";"Não";1;0;0;0;1;0;0;1;-18,05183494;-45,6521241;"SPRF-MG";"DEL10-MG";"UOP01-DEL10-MG"
230431;2019-08-22;"quinta-feira";"15:20:00";"SC";101;111;"PENHA";"Falta de Atenção à Condução";"Colisão lateral";"Sem Vítimas";"Pleno dia";"Decrescente";"Céu Claro";"Dupla";"Reta";"Não";3;0;0;0;2;1;0;3;-26,83955734;-48,71418074;"SPRF-SC";"DEL04-SC";"UOP04-DEL04-SC"
230433;2019-08-22;"quinta-feira";"15:40:00";"SC";101;102,8;"BALNEARIO PICARRAS";"Falta de Atenção à Condução";"Tombamento";"Com Vítimas Feridas";"Pleno dia";"Crescente";"Sol";"Múltipla";"Aclive;Reta";"Não";5;0;1;0;3;2;1;5;-26,77383397;-48,68594062;"SPRF-SC";"DEL03-SC";"UOP02-DEL03-SC"
230439;2019-08-22;"quinta-feira";"18:30:00";"MT";163;834,3;"SINOP";"Pista Escorregadia";"Queda de ocupante de veículo";"Com Vítimas Feridas";"Plena Noite";"Crescente";"Nublado";"Dupla";"Rotatória";"Sim";3;0;2;0;1;0;2;3;-11,86688417;-55,4966337;"SPRF-MT";"DEL06-MT";"UOP01-DEL06-MT"
230440;2019-08-22;"quinta-feira";"18:15:00";"MG";116;335,2;"CAMPANARIO";"Velocidade Incompatível";"Colisão lateral";"Com Vítimas Feridas";"Plena Noite";"Crescente";"Nublado";"Simples";"Curva";"Não";2;0;0;1;1;0;1;2;-18,27712999;-41,74436302;"SPRF-MG";"DEL11-MG";"UOP01-DEL11-MG"
230448;2019-08-22;"quinta-feira";"18:50:00";"MT";70;509;"VARZEA GRANDE";"Falta de Atenção à Condução";"Colisão com objeto estático";"Sem Vítimas";"Anoitecer";"Crescente";"Céu Claro";"Simples";"Reta";"Não";1;0;0;0;1;0;0;1;-15,67923765;-56,17515564;"SPRF-MT";"DEL02-MT";"UOP02-DEL01-MT"
230450;2019-08-22;"quinta-feira";"19:35:00";"CE";20;432,4;"EUSEBIO";"Falta de Atenção à Condução";"Saída de leito carroçável";"Com Vítimas Feridas";"Pleno dia";"Decrescente";"Céu Claro";"Dupla";"Reta";"Sim";3;0;1;0;2;0;1;3;-3,86558197;-38,47437859;"SPRF-CE";"DEL01-CE";"UOP02-DEL01-CE"
230468;2019-08-22;"quinta-feira";"23:10:00";"ES";101;252,9;"SERRA";"Falta de Atenção à Condução";"Colisão transversal";"Com Vítimas Feridas";"Plena Noite";"Decrescente";"Nublado";"Simples";"Reta";"Não";3;0;0;1;1;1;1;3;-20,09618209;-40,33951217;"SPRF-ES";"DEL02-ES";"UOP01-DEL02-ES"
230472;2019-08-22;"quinta-feira";"23:30:00";"SP";381;72;"SAO PAULO";"Velocidade Incompatível";"Tombamento";"Sem Vítimas";"Plena Noite";"Crescente";"Céu Claro";"Múltipla";"Curva";"Sim";2;0;0;0;1;1;0;2;-23,35761806;-46,54970281;"SPRF-SP";"DEL03-SP";"UOP01-DEL03-SP"
230473;2019-08-22;"quinta-feira";"23:29:00";"MG";153;25;"CENTRALINA";"Ingestão de Álcool";"Saída de leito carroçável";"Com Vítimas Feridas";"Plena Noite";"Crescente";"Céu Claro";"Dupla";"Declive";"Não";2;0;1;0;0;1;1;2;-18,63927389;-49,17907481;"SPRF-MG";"DEL15-MG";"UOP03-DEL15-MG"
230475;2019-08-22;"quinta-feira";"19:30:00";"SC";158;140;"PALMITOS";"Ultrapassagem Indevida";"Colisão frontal";"Com Vítimas Feridas";"Plena Noite";"Crescente";"Garoa/Chuvisco";"Simples";"Curva";"Não";8;0;2;2;3;2;4;5;-27,12575601;-53,21242903;"SPRF-SC";"DEL07-SC";"UOP02-DEL07-SC"
230479;2019-08-23;"sexta-feira";"00:25:00";"SC";101;391,2;"CRICIUMA";"Ingestão de Álcool";"Colisão traseira";"Sem Vítimas";"Plena Noite";"Decrescente";"Nublado";"Dupla";"Declive";"Não";2;0;0;0;2;0;0;2;-28,80004819;-49,36282789;"SPRF-SC";"DEL02-SC";"UOP02-DEL02-SC"
230481;2019-08-23;"sexta-feira";"01:30:00";"RJ";101;212;"CASIMIRO DE ABREU";"Defeito Mecânico no Veículo";"Saída de leito carroçável";"Sem Vítimas";"Plena Noite";"Decrescente";"Nublado";"Dupla";"Reta";"Não";1;0;0;0;1;0;0;1;-22,486065;-42,254357;"SPRF-RJ";"DEL02-RJ";"UOP04-DEL08-RJ"
230482;2019-08-22;"quinta-feira";"21:00:00";"BA";101;447,7;"URUCUCA";"Ultrapassagem Indevida";"Colisão frontal";"Com Vítimas Fatais";"Plena Noite";"Decrescente";"Céu Claro";"Simples";"Reta";"Não";20;5;14;0;1;0;14;2;-14,47398806;-39,32749872;"SPRF-BA";"DEL05-BA";"UOP01-DEL05-BA"
230484;2019-08-23;"sexta-feira";"03:30:00";"MG";381;686,6;"LAVRAS";"Velocidade Incompatível";"Colisão com objeto estático";"Com Vítimas Feridas";"Plena Noite";"Decrescente";"Nublado";"Dupla";"Curva";"Não";1;0;1;0;0;0;1;1;-21,20030689;-45,11944438;"SPRF-MG";"DEL04-MG";"UOP02-DEL04-MG"
230494;2019-08-22;"quinta-feira";"22:30:00";"PR";376;523;"PONTA GROSSA";"Falta de Atenção à Condução";"Colisão traseira";"Com Vítimas Feridas";"Plena Noite";"Crescente";"Céu Claro";"Dupla";"Aclive";"Não";3;0;0;1;1;1;1;3;-25,30235303;-49,89037407;"SPRF-PR";"DEL03-PR";"UOP04-DEL03-PR"
230497;2019-08-22;"quinta-feira";"20:00:00";"BA";242;691;"CRISTOPOLIS";"Ultrapassagem Indevida";"Derramamento de carga";"Sem Vítimas";"Plena Noite";"Decrescente";"Céu Claro";"Simples";"Reta";"Não";2;0;0;0;1;1;0;2;-12,22930797;-43,913392;"SPRF-BA";"DEL10-BA";"UOP03-DEL06-BA"
230505;2019-08-23;"sexta-feira";"07:55:00";"MG";365;664;"MONTE ALEGRE DE MINAS";"Condutor Dormindo";"Saída de leito carroçável";"Com Vítimas Feridas";"Pleno dia";"Decrescente";"Céu Claro";"Dupla";"Curva";"Não";2;0;1;0;0;1;1;2;-18,8918476;-48,67960311;"SPRF-MG";"DEL15-MG";"UOP01-DEL15-MG"
230507;2019-06-04;"terça-feira";"17:45:00";"ES";101;275;"SERRA";"Desobediência às normas de trânsito pelo condutor";"Colisão lateral";"Com Vítimas Feridas";"Anoitecer";"Crescente";"Nublado";"Dupla";"Reta";"Não";3;0;0;2;0;1;2;2;-20,20828089;-40,30388897;"SPRF-ES";"DEL02-ES";"UOP01-DEL02-ES"