"id";"data_inversa";"dia_semana";"horario";"uf";"br";"km";"municipio";"causa_acidente";"tipo_acidente";"classificacao_acidente";"fase_dia";"sentido_via";"condicao_metereologica";"tipo_pista";"tracado_via";"uso_solo";"pessoas";"mortos";"feridos_leves";"feridos_graves";"ilesos";"ignorados";"feridos";"veiculos";"latitude";"longitude";"regional";"delegacia";"uop"
231915;2019-05-21;"terça-feira";"10:55:00";"RS";392;12,4;"RIO GRANDE";"Velocidade Incompatível";"Saída de leito carroçável";"Com Vítimas Feridas";"Pleno dia";"Crescente";"Nublado";"Dupla";"Curva";"Sim";4;0;1;0;2;2;1;5;-32,12601434;-52,13875392;"SPRF-RS";"DEL07-RS";"UOP02-DEL07-RS"
231916;2019-08-26;"segunda-feira";"03:45:00";"AM";319;118;"CAREIRO";"Condutor Dormindo";"Colisão com objeto estático";"Com Vítimas Feridas";"Plena Noite";"Decrescente";"Céu Claro";"Simples";"Reta";"Não";1;0;1;0;0;0;1;1;-3,8573908;-60,38929023;"SPRF-AM";"DEL01-AM";"UOP04-DEL01-AM"
231921;2019-08-30;"sexta-feira";"07:40:00";"SC";282;562;"NOVA ERECHIM";"Falta de Atenção à Condução";"Colisão traseira";"Com Vítimas Feridas";"Pleno dia";"Crescente";"Céu Claro";"Simples";"Aclive";"Não";4;0;2;0;1;1;2;3;-26,91809036;-52,86346436;"SPRF-SC";"DEL07-SC";"UOP02-DEL07-SC"
231926;2019-08-30;"sexta-feira";"11:00:00";"PE";232;8;"RECIFE";"Falta de Atenção à Condução";"Colisão com objeto estático";"Sem Vítimas";"Pleno dia";"Crescente";"Sol";"Dupla";"Reta";"Sim";3;0;0;0;2;1;0;3;-8,07583727;-34,97015791;"SPRF-PE";"DEL01-PE";"UOP01-DEL01-PE"
231927;2019-08-30;"sexta-feira";"11:25:00";"MG";381;278,6;"JAGUARACU";"Condutor Dormindo";"Colisão lateral";"Com Vítimas Feridas";"Pleno dia";"Crescente";"Céu Claro";"Simples";"Reta";"Sim";3;0;1;0;2;0;1;2;-19,5925937;-42,73869017;"SPRF-MG";"DEL03-MG";"UOP02-DEL03-MG"
231930;2019-08-30;"sexta-feira";"11:30:00";"ES";101;14,4;"PEDRO CANARIO";"Falta de Atenção à Condução";"Tombamento";"Com Vítimas Feridas";"Pleno dia";"Decrescente";"Sol";"Simples";"Curva";"Não";3;0;0;2;0;1;2;2;-18,28229192;-39,95687688;"SPRF-ES";"DEL04-ES";"UOP02-DEL04-ES"
231937;2019-08-26;"segunda-feira";"18:10:00";"PR";277;722,9;"FOZ DO IGUACU";"Falta de Atenção à Condução";"Colisão traseira";"Sem Vítimas";"Plena Noite";"Crescente";"Garoa/Chuvisco";"Dupla";"Reta";"Sim";5;0;0;0;5;0;0;5;-25,49494908;-54,52095097;"SPRF-PR";"DEL05-PR";"UOP01-DEL05-PR"
231941;2019-08-26;"segunda-feira";"16:00:00";"SC";282;153,7;"BOM RETIRO";"Falta de Atenção à Condução";"Saída de leito carroçável";"Sem Vítimas";"Pleno dia";"Decrescente";"Céu Claro";"Simples";"Reta";"Não";4;0;0;0;4;0;0;2;-27,755888;-49,687778;"SPRF-SC";"DEL05-SC";"UOP01-DEL05-SC"
231943;2019-08-30;"sexta-feira";"13:25:00";"PE";232;168,9;"TACAIMBO";"Falta de Atenção à Condução";"Tombamento";"Com Vítimas Feridas";"Pleno dia";"Crescente";"Sol";"Simples";"Reta";"Não";2;0;0;2;0;0;2;1;-8,33986354;-36,32534101;"SPRF-PE";"DEL02-PE";"UOP03-DEL02-PE"
231945;2019-08-30;"sexta-feira";"13:00:00";"AL";101;157;"CAMPO ALEGRE";"Falta de Atenção à Condução";"Capotamento";"Com Vítimas Feridas";"Pleno dia";"Decrescente";"Céu Claro";"Dupla";"Reta";"Não";3;0;2;0;1;0;2;1;-9,90077109;-36,21110096;"SPRF-AL";"DEL02-AL";"UOP01-DEL02-AL"
231948;2019-08-10;"sábado";"09:55:00";"CE";116;96,6;"MORADA NOVA";"Desobediência às normas de trânsito pelo condutor";"Colisão frontal";"Com Vítimas Fatais";"Pleno dia";"Crescente";"Céu Claro";"Simples";"Reta";"Não";5;3;0;0;2;0;0;2;-4,51050278;-38,35147913;"SPRF-CE";"DEL03-CE";"UOP02-DEL03-CE"
231953;2019-08-30;"sexta-feira";"13:50:00";"RS";116;244,6;"SAO LEOPOLDO";"Falta de Atenção à Condução";"Colisão traseira";"Sem Vítimas";"Pleno dia";"Crescente";"Sol";"Dupla";"Reta";"Sim";3;0;0;0;3;0;0;3;-29,74088003;-51,15039566;"SPRF-RS";"DEL01-RS";"UOP02-DEL01-RS"
231957;2019-08-30;"sexta-feira";"13:50:00";"ES";101;135,5;"LINHARES";"Desobediência às normas de trânsito pelo condutor";"Colisão transversal";"Com Vítimas Feridas";"Pleno dia";"Crescente";"Céu Claro";"Simples";"Retorno Regulamentado;Reta";"Não";2;0;1;0;1;0;1;2;-19,27504305;-40,08788043;"SPRF-ES";"DEL04-ES";"UOP01-DEL04-ES"
231961;2019-08-30;"sexta-feira";"14:00:00";"MG";40;566,1;"NOVA LIMA";"Falta de Atenção à Condução";"Colisão frontal";"Com Vítimas Feridas";"Pleno dia";"Decrescente";"Céu Claro";"Simples";"Reta";"Não";6;0;2;2;1;1;4;3;-20,17884905;-43,96636352;"SPRF-MG";"DEL01-MG";"UOP02-DEL01-MG"
231962;2019-08-30;"sexta-feira";"14:00:00";"GO";60;92;"ANAPOLIS";"Falta de Atenção à Condução";"Colisão traseira";"Com Vítimas Feridas";"Pleno dia";"Decrescente";"Céu Claro";"Dupla";"Reta";"Sim";4;0;1;0;2;1;1;3;-16,353;-48,9178;"SPRF-GO";"DEL02-GO";"UOP01-DEL02-GO"
231968;2019-06-28;"sexta-feira";"01:55:00";"RJ";40;113;"DUQUE DE CAXIAS";"Defeito Mecânico no Veículo";"Colisão com objeto estático";"Com Vítimas Feridas";"Plena Noite";"Decrescente";"Céu Claro";"Dupla";"Reta";"Não";1;0;1;0;0;0;1;1;-22,70948502;-43,29040354;"SPRF-RJ";"DEL01-RJ";"UOP01-DEL01-RJ"
231982;2019-08-30;"sexta-feira";"05:45:00";"MT";364;132;"PEDRA PRETA";"Falta de Atenção à Condução";"Tombamento";"Com Vítimas Feridas";"Amanhecer";"Crescente";"Céu Claro";"Simples";"Curva";"Não";1;0;1;0;0;0;1;1;-16,82976583;-54,03821096;"SPRF-MT";"DEL02-MT";"UOP01-DEL02-MT"
231983;2019-08-30;"sexta-feira";"15:30:00";"SC";470;9,9;"NAVEGANTES";"Desobediência às normas de trânsito pelo condutor";"Colisão transversal";"Com Vítimas Feridas";"Pleno dia";"Crescente";"Céu Claro";"Simples";"Interseção de Vias";"Sim";4;0;0;2;1;1;2;3;-26,833143;-48,727432;"SPRF-SC";"DEL04-SC";"UOP04-DEL04-SC"
231984;2019-08-30;"sexta-feira";"15:45:00";"ES";101;407,9;"ITAPEMIRIM";"Velocidade Incompatível";"Tombamento";"Com Vítimas Feridas";"Pleno dia";"Crescente";"Sol";"Simples";"Curva";"Não";2;0;1;0;0;1;1;2;-20,89278975;-41,03049296;"SPRF-ES";"DEL03-ES";"UOP02-DEL03-ES"
231985;2019-08-30;"sexta-feira";"14:30:00";"PA";163;369,5;"NOVO PROGRESSO";"Defeito Mecânico no Veículo";"Tombamento";"Com Vítimas Feridas";"Pleno dia";"Crescente";"Céu Claro";"Simples";"Reta";"Não";2;0;1;0;0;2;1;3;-6,56474298;-55,52674897;"SPRF-PA";"DEL05-PA";"UOP01-DEL05-PA"
231992;2019-08-30;"sexta-feira";"16:10:00";"PE";101;65,4;"RECIFE";"Não guardar distância de segurança";"Colisão traseira";"Sem Vítimas";"Anoitecer";"Crescente";"Céu Claro";"Múltipla";"Reta";"Sim";5;0;0;0;4;1;0;3;-8,02478597;-34,94276635;"SPRF-PE";"DEL01-PE";"UOP01-DEL01-PE"
232011;2019-08-30;"sexta-feira";"15:00:00";"MT";163;843;"SINOP";"Não guardar distância de segurança";"Colisão traseira";"Sem Vítimas";"Pleno dia";"Crescente";"Céu Claro";"Simples";"Reta";"Sim";3;0;0;0;2;1;0;3;-11,91612191;-55,50952235;"SPRF-MT";"DEL06-MT";"UOP02-DEL06-MT"
232015;2019-08-30;"sexta-feira";"12:15:00";"GO";50;244,2;"CATALAO";"Defeito Mecânico no Veículo";"Tombamento";"Com Vítimas Feridas";"Pleno dia";"Crescente";"Céu Claro";"Dupla";"Retorno Regulamentado";"Não";2;0;1;0;0;2;1;3;-17,9172;-47,7901;"SPRF-GO";"DEL06-GO";"UOP01-DEL06-GO"
232016;2019-08-30;"sexta-feira";"17:19:00";"CE";116;59,9;"CHOROZINHO";"Ultrapassagem Indevida";"Saída de leito carroçável";"Com Vítimas Feridas";"Anoitecer";"Decrescente";"Céu Claro";"Simples";"Reta";"Não";5;0;2;0;2;1;2;2;-4,23814793;-38,48108225;"SPRF-CE";"DEL03-CE";"UOP02-DEL03-CE"
232021;2019-08-30;"sexta-feira";"14:00:00";"MG";381;722,7;"CARMO DA CACHOEIRA";"Carga excessiva e/ou mal acondicionada";"Derramamento de carga";"Sem Vítimas";"Pleno dia";"Decrescente";"Céu Claro";"Dupla";"Curva";"Não";2;0;0;0;1;1;0;2;-21,47729514;-45,20207819;"SPRF-MG";"DEL04-MG";"UOP02-DEL04-MG"
232022;2019-08-30;"sexta-feira";"16:30:00";"RJ";393;104;"SAPUCAIA";"Falta de Atenção à Condução";"Colisão traseira";"Com Vítimas Feridas";"Pleno dia";"Decrescente";"Céu Claro";"Simples";"Reta";"Sim";2;0;1;0;0;1;1;2;-21,874243;-42,66758;"SPRF-RJ";"DEL06-RJ";"UOP01-DEL05-RJ"
232024;2019-08-30;"sexta-feira";"16:10:00";"PI";230;306,7;"FLORIANO";"Falta de Atenção à Condução";"Colisão lateral";"Com Vítimas Feridas";"Pleno dia";"Decrescente";"Céu Claro";"Múltipla";"Rotatória";"Sim";2;0;0;1;1;0;1;2;-6,79173488;-42,98594092;"SPRF-PI";"DEL03-PI";"UOP01-DEL03-PI"
232029;2019-08-30;"sexta-feira";"17:30:00";"PR";476;134,3;"CURITIBA";"Falta de Atenção à Condução";"Colisão traseira";"Com Vítimas Feridas";"Pleno dia";"Crescente";"Céu Claro";"Múltipla";"Reta";"Sim";2;0;0;1;1;0;1;2;-25,476524;-49,259937;"SPRF-PR";"DEL01-PR";"UOP03-DEL01-PR"
232031;2019-08-30;"sexta-feira";"16:35:00";"PR";476;133;"CURITIBA";"Desobediência às normas de trânsito pelo condutor";"Colisão lateral";"Sem Vítimas";"Pleno dia";"Crescente";"Céu Claro";"Múltipla";"Interseção de Vias";"Sim";3;0;0;0;3;0;0;3;-25,469219;-49,254143;"SPRF-PR";"DEL01-PR";"UOP03-DEL01-PR"
232035;2019-08-30;"sexta-feira";"18:45:00";"RJ";493;21;"MAGE";"Falta de Atenção à Condução";"Colisão lateral";"Com Vítimas Feridas";"Plena Noite";"Crescente";"Céu Claro";"Simples";"Retorno Regulamentado;Reta";"Sim";3;0;1;0;1;1;1;3;-22,66151289;-43,04480692;"SPRF-RJ";"DEL04-RJ";"UOP02-DEL04-RJ"
232044;2019-08-26;"segunda-feira";"12:00:00";"BA";116;529;"ITATIM";"Desobediência às normas de trânsito pelo condutor";"Colisão traseira";"Com Vítimas Feridas";"Pleno dia";"Decrescente";"Céu Claro";"Simples";"Reta";"Não";4;0;1;0;2;1;1;3;-12,71959614;-39,75288696;"SPRF-BA";"DEL03-BA";"UOP02-DEL03-BA"
232051;2019-08-30;"sexta-feira";"18:55:00";"RJ";116;166;"RIO DE JANEIRO";"Falta de Atenção à Condução";"Colisão lateral";"Sem Vítimas";"Plena Noite";"Crescente";"Céu Claro";"Múltipla";"Reta";"Sim";5;0;0;0;5;0;0;2;-22,81560263;-43,30051808;"SPRF-RJ";"DEL01-RJ";"UOP02-DEL01-RJ"
232058;2019-08-30;"sexta-feira";"18:40:00";"MT";163;834;"SINOP";"Falta de Atenção à Condução";"Saída de leito carroçável";"Com Vítimas Feridas";"Plena Noite";"Decrescente";"Céu Claro";"Dupla";"Rotatória";"Sim";3;0;0;1;1;1;1;3;-11,86601845;-55,49647462;"SPRF-MT";"DEL06-MT";"UOP01-DEL06-MT"
232072;2019-08-30;"sexta-feira";"18:30:00";"MT";70;378;"CAMPO VERDE";"Deficiência ou não Acionamento do Sistema de Iluminação/Sinalização do Veículo";"Colisão lateral";"Com Vítimas Feridas";"Anoitecer";"Crescente";"Céu Claro";"Simples";"Reta";"Não";4;0;0;2;1;2;2;4;-15,50286015;-55,1046459;"SPRF-MT";"DEL05-MT";"UOP01-DEL05-MT"
232074;2019-08-30;"sexta-feira";"19:40:00";"SE";235;92,6;"CARIRA";"Velocidade Incompatível";"Colisão traseira";"Com Vítimas Fatais";"Plena Noite";"Decrescente";"Céu Claro";"Simples";"Reta";"Não";20;3;12;2;2;1;14;3;-10,487271;-37,657276;"SPRF-SE";"DEL01-SE";"UOP02-DEL01-SE"
232080;2019-08-30;"sexta-feira";"19:25:00";"MG";381;857,8;"POUSO ALEGRE";"Mal Súbito";"Colisão com objeto estático";"Com Vítimas Feridas";"Plena Noite";"Decrescente";"Céu Claro";"Dupla";"Reta";"Não";2;0;1;0;0;1;1;2;-22,3341773;-45,92156967;"SPRF-MG";"DEL16-MG";"UOP01-DEL16-MG"
232084;2019-08-30;"sexta-feira";"19:05:00";"PR";476;259;"SAO MATEUS DO SUL";"Falta de Atenção à Condução";"Colisão frontal";"Com Vítimas Feridas";"Plena Noite";"Crescente";"Céu Claro";"Simples";"Reta";"Não";3;0;1;0;1;1;1;3;-25,888319;-50,236351;"SPRF-PR";"DEL02-PR";"UOP04-DEL02-PR"
232089;2019-08-30;"sexta-feira";"17:00:00";"RO";421;46;"MONTE NEGRO";"Falta de Atenção à Condução";"Colisão frontal";"Com Vítimas Feridas";"Anoitecer";"Crescente";"Céu Claro";"Simples";"Reta";"Sim";3;0;1;0;2;0;1;2;-10,242063;-63,269863;"SPRF-RO";"DEL03-RO";"UOP01-DEL03-RO"
232099;2019-08-30;"sexta-feira";"22:00:00";"ES";262;134,2;"BREJETUBA";"Velocidade Incompatível";"Tombamento";"Com Vítimas Feridas";"Plena Noite";"Decrescente";"Céu Claro";"Simples";"Curva";"Não";2;0;0;1;0;1;1;2;-20,24029105;-41,32539293;"SPRF-ES";"DEL01-ES";"UOP02-DEL01-ES"
232100;2019-08-30;"sexta-feira";"21:50:00";"PR";373;214;"IMBITUVA";"Velocidade Incompatível";"Colisão traseira";"Com Vítimas Fatais";"Plena Noite";"Crescente";"Céu Claro";"Simples";"Reta";"Não";2;1;0;0;1;0;0;2;-25,15377373;-50,5231899;"SPRF-PR";"DEL03-PR";"UOP01-DEL03-PR"
232101;2019-08-30;"sexta-feira";"10:35:00";"AM";174;1046,1;"PRESIDENTE FIGUEIREDO";"Objeto estático sobre o leito carroçável";"Saída de leito carroçável";"Com Vítimas Feridas";"Pleno dia";"Crescente";"Céu Claro";"Simples";"Declive";"Não";7;0;5;0;1;2;5;4;-1,6138581;-60,1994982;"SPRF-AM";"DEL01-AM";"UOP02-DEL01-AM"
232104;2019-08-30;"sexta-feira";"22:35:00";"PR";163;174;"LINDOESTE";"Defeito Mecânico no Veículo";"Incêndio";"Sem Vítimas";"Plena Noite";"Crescente";"Céu Claro";"Simples";"Curva";"Não";2;0;0;0;1;2;0;3;-25,22534298;-53,59185885;"SPRF-PR";"DEL04-PR";"UOP05-DEL05-PR"
232106;2019-08-30;"sexta-feira";"23:05:00";"RS";158;197,9;"CRUZ ALTA";"Falta de Atenção à Condução";"Colisão com objeto estático";"Com Vítimas Feridas";"Plena Noite";"Decrescente";"Chuva";"Simples";"Interseção de Vias";"Não";2;0;0;1;0;1;1;2;-28,66870493;-53,59154373;"SPRF-RS";"DEL10-RS";"UOP02-DEL10-RS"
232107;2019-05-24;"sexta-feira";"22:10:00";"SC";101;308;"LAGUNA";"Falta de Atenção à Condução";"Colisão transversal";"Sem Vítimas";"Plena Noite";"Decrescente";"Chuva";"Dupla";"Reta";"Não";4;0;0;0;3;2;0;5;-28,399616;-48,7854;"SPRF-SC";"DEL02-SC";"UOP01-DEL02-SC"
232108;2019-08-30;"sexta-feira";"23:20:00";"SC";101;209,9;"SAO JOSE";"Desobediência às normas de trânsito pelo condutor";"Colisão traseira";"Com Vítimas Feridas";"Plena Noite";"Crescente";"Nublado";"Múltipla";"Reta";"Sim";2;0;0;1;1;0;1;2;-27,61000542;-48,63895057;"SPRF-SC";"DEL01-SC";"UOP01-DEL01-SC"
232110;2019-08-30;"sexta-feira";"16:35:00";"RS";392;200;"SANTANA DA BOA VISTA";"Falta de Atenção à Condução";"Colisão transversal";"Com Vítimas Feridas";"Pleno dia";"Decrescente";"Chuva";"Simples";"Rotatória";"Sim";5;0;3;0;1;2;3;4;-30,87177911;-53,13722109;"SPRF-RS";"DEL09-RS";"UOP02-DEL09-RS"
232112;2019-08-30;"sexta-feira";"23:40:00";"MG";262;158;"SAO DOMINGOS DO PRATA";"Velocidade Incompatível";"Saída de leito carroçável";"Com Vítimas Feridas";"Plena Noite";"Decrescente";"Nublado";"Simples";"Declive;Reta";"Não";2;0;1;0;0;1;1;2;-19,96304722;-42,81017502;"SPRF-MG";"DEL03-MG";"UOP03-DEL03-MG"
232115;2019-08-30;"sexta-feira";"18:50:00";"MG";381;770,3;"CAMPANHA";"Falta de Atenção à Condução";"Colisão lateral";"Com Vítimas Feridas";"Plena Noite";"Decrescente";"Céu Claro";"Dupla";"Aclive;Reta";"Não";3;0;2;0;1;0;2;2;-21,78806301;-45,439064;"SPRF-MG";"DEL16-MG";"UOP02-DEL16-MG"
232118;2019-08-31;"sábado";"00:20:00";"PR";277;140,8;"BALSA NOVA";"Ingestão de Álcool";"Colisão frontal";"Com Vítimas Feridas";"Plena Noite";"Crescente";"Nublado";"Simples";"Reta";"Não";3;0;0;1;1;2;1;4;-25,46461999;-49,73305553;"SPRF-PR";"DEL01-PR";"UOP06-DEL01-PR"
232131;2019-08-30;"sexta-feira";"23:15:00";"SP";116;65;"GUARATINGUETA";"Falta de Atenção à Condução";"Saída de leito carroçável";"Com Vítimas Feridas";"Plena Noite";"Crescente";"Céu Claro";"Simples";"Curva;Declive";"Não";2;0;1;0;0;1;1;2;-22,822295;-45,192723;"SPRF-SP";"DEL08-SP";"UOP01-DEL08-SP"
232139;2019-08-31;"sábado";"04:40:00";"MG";381;430;"CAETE";"Falta de Atenção à Condução";"Colisão com objeto estático";"Com Vítimas Feridas";"Plena Noite";"Decrescente";"Céu Claro";"Simples";"Curva";"Não";1;0;1;0;0;0;1;1;-19,78496805;-43,72311799;"SPRF-MG";"DEL01-MG";"UOP01-DEL01-MG"
232142;2019-08-31;"sábado";"02:20:00";"RO";364;425,9;"JARU";"Desobediência às normas de trânsito pelo condutor";"Colisão traseira";"Com Vítimas Feridas";"Plena Noite";"Decrescente";"Céu Claro";"Múltipla";"Rotatória";"Sim";3;0;0;1;1;1;1;3;-10,43752488;-62,47169791;"SPRF-RO";"DEL03-RO";"UOP02-DEL03-RO"
232147;2019-08-30;"sexta-feira";"21:30:00";"SP";459;21;"LORENA";"Falta de Atenção à Condução";"Colisão lateral";"Com Vítimas Feridas";"Plena Noite";"Decrescente";"Céu Claro";"Simples";"Reta";"Não";2;0;1;0;1;0;1;2;-22,654818;-45,143578;"SPRF-SP";"DEL08-SP";"UOP03-DEL08-SP"
232151;2019-08-26;"segunda-feira";"07:30:00";"GO";60;42;"ALEXANIA";"Não guardar distância de segurança";"Colisão traseira";"Com Vítimas Feridas";"Pleno dia";"Decrescente";"Céu Claro";"Dupla";"Aclive";"Não";2;0;0;1;0;1;1;2;-16,11;-48,5835;"SPRF-DF";"DEL01-DF";"UOP01-DEL03-DF"
232153;2019-08-31;"sábado";"06:00:00";"RS";392;1,5;"RIO GRANDE";"Condutor Dormindo";"Colisão transversal";"Com Vítimas Feridas";"Amanhecer";"Crescente";"Nublado";"Simples";"Curva";"Sim";4;0;1;0;1;2;1;4;-32,04488513;-52,0855305;"SPRF-RS";"DEL07-RS";"UOP02-DEL07-RS"
232154;2019-08-31;"sábado";"03:55:00";"MG";262;14,5;"MARTINS SOARES";"Velocidade Incompatível";"Colisão com objeto em movimento";"Sem Vítimas";"Plena Noite";"Crescente";"Nublado";"Simples";"Reta";"Não";2;0;0;0;2;0;0;2;-20,26417;-41,868195;"SPRF-MG";"DEL06-MG";"UOP03-DEL06-MG"
232160;2019-08-31;"sábado";"06:15:00";"RS";386;401,5;"TRIUNFO";"Pista Escorregadia";"Saída de leito carroçável";"Sem Vítimas";"Amanhecer";"Decrescente";"Chuva";"Simples";"Rotatória;Declive;Curva";"Não";4;0;0;0;3;1;0;4;-29,758154;-51,594955;"SPRF-RS";"DEL04-RS";"UOP02-DEL04-RS"
232166;2019-08-31;"sábado";"07:20:00";"PR";277;241,1;"IRATI";"Velocidade Incompatível";"Tombamento";"Com Vítimas Feridas";"Pleno dia";"Decrescente";"Céu Claro";"Simples";"Curva";"Não";2;0;1;0;0;1;1;2;-25,46419687;-50,56581801;"SPRF-PR";"DEL03-PR";"UOP02-DEL08-PR"
232174;2019-08-26;"segunda-feira";"18:15:00";"MG";40;637,5;"CONSELHEIRO LAFAIETE";"Condutor Dormindo";"Saída de leito carroçável";"Com Vítimas Feridas";"Anoitecer";"Crescente";"Céu Claro";"Simples";"Curva;Aclive";"Não";2;0;0;1;0;1;1;2;-20,7152208;-43,79625842;"SPRF-MG";"DEL05-MG";"UOP02-DEL05-MG"
232175;2019-08-31;"sábado";"07:25:00";"PE";101;46;"IGARASSU";"Falta de Atenção à Condução";"Colisão lateral";"Sem Vítimas";"Pleno dia";"Crescente";"Sol";"Múltipla";"Reta";"Sim";4;0;0;0;3;1;0;4;-7,88290701;-34,90461208;"SPRF-PE";"DEL01-PE";"UOP02-DEL01-PE"
232176;2019-08-31;"sábado";"08:55:00";"ES";101;148;"LINHARES";"Desobediência às normas de trânsito pelo condutor";"Colisão transversal";"Com Vítimas Feridas";"Pleno dia";"Crescente";"Céu Claro";"Dupla";"Interseção de Vias";"Sim";3;0;1;0;1;1;1;3;-19,39974514;-40,0624609;"SPRF-ES";"DEL04-ES";"UOP01-DEL04-ES"
232183;2019-08-31;"sábado";"08:08:00";"AL";104;9;"SAO JOSE DA LAJE";"Falta de Atenção à Condução";"Colisão transversal";"Sem Vítimas";"Pleno dia";"Decrescente";"Céu Claro";"Simples";"Reta";"Não";3;0;0;0;2;1;0;3;-8,97108463;-36,01804588;"SPRF-AL";"DEL01-AL";"UOP02-DEL01-AL"
232184;2019-08-31;"sábado";"07:30:00";"PR";277;443,2;"LARANJEIRAS DO SUL";"Ultrapassagem Indevida";"Colisão frontal";"Com Vítimas Fatais";"Pleno dia";"Decrescente";"Céu Claro";"Simples";"Reta";"Não";8;3;0;1;1;4;1;6;-25,3715;-52,3127;"SPRF-PR";"DEL04-PR";"UOP02-DEL04-PR"
232185;2019-07-12;"sexta-feira";"20:40:00";"MA";316;579,1;"CAXIAS";"Falta de Atenção à Condução";"Colisão traseira";"Com Vítimas Fatais";"Plena Noite";"Decrescente";"Nublado";"Simples";"Reta";"Sim";2;1;0;0;1;0;0;2;-4,957611;-43,128502;"SPRF-MA";"DEL03-MA";"UOP02-DEL03-MA"
232186;2019-08-31;"sábado";"09:25:00";"CE";116;93,4;"MORADA NOVA";"Falta de Atenção à Condução";"Colisão transversal";"Com Vítimas Fatais";"Pleno dia";"Crescente";"Céu Claro";"Simples";"Reta";"Sim";4;1;0;0;2;2;0;5;-4,50527539;-38,35892022;"SPRF-CE";"DEL03-CE";"UOP02-DEL03-CE"
232189;2019-08-31;"sábado";"05:30:00";"SC";101;354,9;"SANGAO";"Falta de Atenção à Condução";"Colisão traseira";"Com Vítimas Fatais";"Plena Noite";"Decrescente";"Céu Claro";"Dupla";"Aclive;Reta";"Não";6;1;1;1;1;2;2;4;-28,63214412;-49,09034729;"SPRF-SC";"DEL02-SC";"UOP01-DEL02-SC"
232193;2019-08-31;"sábado";"08:08:00";"MA";10;306;"ACAILANDIA";"Falta de Atenção à Condução";"Colisão traseira";"Com Vítimas Feridas";"Pleno dia";"Crescente";"Sol";"Simples";"Reta";"Não";4;0;1;1;2;0;2;3;-5,05277082;-47,5546217;"SPRF-MA";"DEL04-MA";"UOP03-DEL04-MA"
232201;2019-08-31;"sábado";"10:15:00";"PR";163;302;"MERCEDES";"Desobediência às normas de trânsito pelo condutor";"Colisão frontal";"Com Vítimas Fatais";"Pleno dia";"Crescente";"Chuva";"Simples";"Reta";"Não";4;1;0;1;1;1;1;4;-24,49882206;-54,12558571;"SPRF-PR";"DEL06-PR";"UOP02-DEL06-PR"
232203;2019-08-31;"sábado";"10:23:00";"PI";316;5;"TERESINA";"Falta de Atenção à Condução";"Colisão lateral";"Sem Vítimas";"Pleno dia";"Crescente";"Céu Claro";"Simples";"Reta";"Sim";2;0;0;0;1;1;0;2;-5,14169858;-42,78157276;"SPRF-PI";"DEL01-PI";"UOP02-DEL01-PI"
232217;2019-08-31;"sábado";"10:45:00";"MG";251;346;"FRUTA DE LEITE";"Ultrapassagem Indevida";"Colisão lateral";"Com Vítimas Fatais";"Pleno dia";"Decrescente";"Céu Claro";"Simples";"Curva";"Não";2;1;0;0;1;0;0;2;-16,257141;-42,516037;"SPRF-MG";"DEL12-MG";"UOP01-DEL12-MG"
232222;2019-08-31;"sábado";"11:45:00";"GO";50;311,6;"CUMARI";"Mal Súbito";"Colisão frontal";"Com Vítimas Fatais";"Pleno dia";"Decrescente";"Sol";"Simples";"Ponte";"Não";3;1;0;0;1;3;0;5;-18,4065;-48,08;"SPRF-GO";"DEL06-GO";"UOP01-DEL06-GO"
232227;2019-08-31;"sábado";"08:40:00";"GO";153;343,5;"JARAGUA";"Falta de Atenção à Condução";"Colisão lateral";"Com Vítimas Feridas";"Pleno dia";"Decrescente";"Céu Claro";"Simples";"Reta";"Não";6;0;5;0;1;0;5;2;-15,618568;-49,394127;"SPRF-GO";"DEL02-GO";"UOP02-DEL02-GO"
232231;2019-08-31;"sábado";"08:35:00";"BA";367;60,3;"PORTO SEGURO";"Ultrapassagem Indevida";"Colisão frontal";"Com Vítimas Feridas";"Pleno dia";"Decrescente";"Céu Claro";"Simples";"Reta";"Não";4;0;1;2;1;0;3;3;-16,38900611;-39,38363497;"SPRF-BA";"DEL09-BA";"UOP01-DEL09-BA"
232239;2019-08-31;"sábado";"11:20:00";"SC";282;223;"LAGES";"Velocidade Incompatível";"Saída de leito carroçável";"Com Vítimas Feridas";"Pleno dia";"Decrescente";"Chuva";"Simples";"Curva";"Não";2;0;1;0;1;0;1;1;-27,800127;-50,362751;"SPRF-SC";"DEL05-SC";"UOP01-DEL05-SC"
232240;2019-08-31;"sábado";"12:55:00";"PR";369;113;"URAI";"Defeito Mecânico no Veículo";"Saída de leito carroçável";"Sem Vítimas";"Pleno dia";"Decrescente";"Céu Claro";"Simples";"Declive;Curva";"Não";1;0;0;0;1;0;0;1;-23,27914471;-50,83996925;"SPRF-PR";"DEL07-PR";"UOP05-DEL07-PR"
232245;2019-08-31;"sábado";"13:00:00";"MT";163;959,3;"NOVA SANTA HELENA";"Desobediência às normas de trânsito pelo condutor";"Colisão transversal";"Com Vítimas Feridas";"Pleno dia";"Crescente";"Céu Claro";"Simples";"Interseção de Vias;Reta";"Sim";5;0;0;1;3;1;1;4;-10,93976207;-55,21080884;"SPRF-MT";"DEL06-MT";"UOP02-DEL06-MT"