"id";"data_inversa";"dia_semana";"horario";"uf";"br";"km";"municipio";"causa_acidente";"tipo_acidente";"classificacao_acidente";"fase_dia";"sentido_via";"condicao_metereologica";"tipo_pista";"tracado_via";"uso_solo";"pessoas";"mortos";"feridos_leves";"feridos_graves";"ilesos";"ignorados";"feridos";"veiculos";"latitude";"longitude";"regional";"delegacia";"uop"
233612;2019-09-06;"sexta-feira";"16:15:00";"MA";135;27,3;"BACABEIRA";"Falta de Atenção à Condução";"Colisão traseira";"Sem Vítimas";"Pleno dia";"Decrescente";"Chuva";"Dupla";"Reta";"Não";3;0;0;0;3;0;0;3;-2,777066;-44,374054;"SPRF-MA";"DEL01-MA";"UOP01-DEL01-MA"
233621;2019-09-06;"sexta-feira";"08:00:00";"PA";163;620;"TRAIRAO";"Falta de Atenção à Condução";"Tombamento";"Com Vítimas Feridas";"Pleno dia";"Crescente";"Céu Claro";"Simples";"Reta";"Não";1;0;1;0;0;0;1;1;-4,72467218;-56,0309879;"SPRF-PA";"DEL05-PA";"UOP01-DEL05-PA"
233625;2019-08-01;"quinta-feira";"11:50:00";"PA";222;114;"RONDON DO PARA";"Defeito Mecânico no Veículo";"Tombamento";"Sem Vítimas";"Pleno dia";"Crescente";"Céu Claro";"Simples";"Declive";"Não";2;0;0;0;1;1;0;2;-4,808966;-48,141754;"SPRF-PA";"DEL02-PA";"UOP02-DEL02-PA"
233626;2019-09-06;"sexta-feira";"13:25:00";"SP";116;503;"CAJATI";"Velocidade Incompatível";"Saída de leito carroçável";"Sem Vítimas";"Pleno dia";"Crescente";"Nublado";"Dupla";"Curva";"Não";2;0;0;0;1;1;0;2;-24,77541893;-48,20947907;"SPRF-SP";"DEL05-SP";"UAP01-DEL05-SP"
233627;2019-09-06;"sexta-feira";"15:35:00";"MG";381;349;"JOAO MONLEVADE";"Velocidade Incompatível";"Tombamento";"Com Vítimas Feridas";"Pleno dia";"Crescente";"Nublado";"Simples";"Curva";"Não";3;0;0;1;0;2;1;3;-19,8499239;-43,14868105;"SPRF-MG";"DEL03-MG";"UOP01-DEL03-MG"
233634;2019-09-06;"sexta-feira";"16:25:00";"SC";101;141;"BALNEARIO CAMBORIU";"Velocidade Incompatível";"Colisão traseira";"Sem Vítimas";"Pleno dia";"Crescente";"Chuva";"Dupla";"Curva";"Sim";4;0;0;0;3;1;0;4;-27,04761729;-48,59995855;"SPRF-SC";"DEL04-SC";"UOP03-DEL04-SC"
233653;2019-09-06;"sexta-feira";"20:35:00";"RJ";116;223;"PIRAI";"Defeito Mecânico no Veículo";"Tombamento";"Com Vítimas Feridas";"Plena Noite";"Decrescente";"Nublado";"Dupla";"Curva";"Não";1;0;0;1;0;0;1;1;-22,68972504;-43,801317;"SPRF-RJ";"DEL07-RJ";"UOP01-DEL07-RJ"
233655;2019-09-06;"sexta-feira";"17:30:00";"PE";408;20,4;"TIMBAUBA";"Falta de Atenção à Condução";"Colisão transversal";"Com Vítimas Fatais";"Anoitecer";"Crescente";"Céu Claro";"Simples";"Reta;Interseção de Vias";"Não";2;1;0;0;0;1;0;2;-7,521104;-35,305453;"SPRF-PE";"DEL01-PE";"UOP01-DEL01-PE"
233657;2019-09-06;"sexta-feira";"19:35:00";"PA";10;235;"IPIXUNA DO PARA";"Ingestão de Álcool";"Colisão traseira";"Com Vítimas Fatais";"Plena Noite";"Crescente";"Nublado";"Simples";"Declive";"Não";4;1;0;0;1;2;0;4;-2,38049695;-47,54582491;"SPRF-PA";"DEL02-PA";"UOP01-DEL02-PA"
233664;2019-09-06;"sexta-feira";"17:50:00";"MT";364;45,4;"ALTO GARCAS";"Fenômenos da Natureza";"Incêndio";"Sem Vítimas";"Anoitecer";"Decrescente";"Céu Claro";"Simples";"Reta";"Não";2;0;0;0;1;1;0;2;-17,04109013;-53,48135529;"SPRF-MT";"DEL02-MT";"UOP02-DEL02-MT"
233666;2019-09-06;"sexta-feira";"21:00:00";"RJ";101;79;"CAMPOS DOS GOYTACAZES";"Desobediência às normas de trânsito pelo condutor";"Colisão lateral";"Sem Vítimas";"Plena Noite";"Crescente";"Nublado";"Simples";"Reta";"Sim";3;0;0;0;2;1;0;3;-21,83685554;-41,42866013;"SPRF-RJ";"DEL08-RJ";"UOP02-DEL08-RJ"
233668;2019-09-06;"sexta-feira";"21:00:00";"CE";116;489,6;"MILAGRES";"Falta de Atenção à Condução";"Colisão traseira";"Com Vítimas Fatais";"Plena Noite";"Crescente";"Céu Claro";"Simples";"Reta";"Não";2;1;0;0;0;1;0;2;-7,35213696;-38,94255907;"SPRF-CE";"DEL05-CE";"UOP03-DEL05-CE"
233676;2019-09-06;"sexta-feira";"21:30:00";"GO";414;392,2;"CORUMBA DE GOIAS";"Ingestão de álcool e/ou substâncias psicoativas pelo pedestre";"Atropelamento de Pedestre";"Com Vítimas Feridas";"Plena Noite";"Decrescente";"Céu Claro";"Simples";"Reta;Ponte";"Sim";2;0;0;1;0;1;1;2;-15,91393969;-48,80410441;"SPRF-GO";"DEL02-GO";"UOP01-DEL02-GO"
233683;2019-09-06;"sexta-feira";"12:30:00";"SC";282;52;"AGUAS MORNAS";"Velocidade Incompatível";"Colisão frontal";"Com Vítimas Fatais";"Pleno dia";"Decrescente";"Chuva";"Simples";"Declive;Curva";"Não";8;2;0;4;1;1;4;3;-27,696936;-48,964138;"SPRF-SC";"DEL01-SC";"UOP03-DEL01-SC"
233684;2019-09-06;"sexta-feira";"21:45:00";"RS";386;381;"TABAI";"Falta de Atenção à Condução";"Colisão traseira";"Com Vítimas Feridas";"Plena Noite";"Crescente";"Nublado";"Dupla";"Declive";"Não";3;0;1;0;1;1;1;3;-29,655523;-51,750919;"SPRF-RS";"DEL04-RS";"UOP02-DEL04-RS"
233700;2019-09-07;"sábado";"00:25:00";"MG";40;557;"NOVA LIMA";"Não guardar distância de segurança";"Colisão traseira";"Com Vítimas Feridas";"Plena Noite";"Crescente";"Céu Claro";"Dupla";"Curva";"Sim";3;0;1;1;1;0;2;2;-20,10255103;-43,9749284;"SPRF-MG";"DEL01-MG";"UOP02-DEL01-MG"
233701;2019-09-07;"sábado";"00:25:00";"SP";381;39,6;"ATIBAIA";"Falta de Atenção à Condução";"Colisão traseira";"Com Vítimas Feridas";"Plena Noite";"Decrescente";"Céu Claro";"Dupla";"Curva";"Sim";16;0;14;0;1;2;14;4;-23,1215761;-46,57471572;"SPRF-SP";"DEL03-SP";"UOP01-DEL03-SP"
233703;2019-09-07;"sábado";"00:30:00";"RJ";356;10,7;"ITAPERUNA";"Velocidade Incompatível";"Colisão frontal";"Com Vítimas Fatais";"Plena Noite";"Decrescente";"Nublado";"Simples";"Reta";"Não";2;1;0;0;1;0;0;2;-21,17503248;-42,09717594;"SPRF-RJ";"DEL08-RJ";"UOP03-DEL08-RJ"
233709;2019-09-06;"sexta-feira";"22:50:00";"SC";282;421,6;"VARGEM BONITA";"Falta de Atenção à Condução";"Colisão lateral";"Com Vítimas Feridas";"Plena Noite";"Decrescente";"Céu Claro";"Simples";"Curva";"Sim";5;0;2;1;1;2;3;4;-27,006414;-51,737789;"SPRF-SC";"DEL07-SC";"UOP05-DEL07-SC"
233711;2019-09-06;"sexta-feira";"21:30:00";"SC";116;146,5;"SANTA CECILIA";"Falta de Atenção à Condução";"Saída de leito carroçável";"Com Vítimas Feridas";"Plena Noite";"Decrescente";"Céu Claro";"Simples";"Reta";"Não";1;0;0;1;0;0;1;1;-26,99949488;-50,41441734;"SPRF-SC";"DEL06-SC";"UOP02-DEL06-SC"
233717;2019-09-07;"sábado";"02:30:00";"PR";369;41,4;"ANDIRA";"Falta de Atenção à Condução";"Saída de leito carroçável";"Com Vítimas Fatais";"Plena Noite";"Decrescente";"Céu Claro";"Simples";"Aclive;Reta";"Não";4;1;1;0;2;0;1;2;-23,073495;-50,266523;"SPRF-PR";"DEL07-PR";"UOP05-DEL07-PR"
233718;2019-09-07;"sábado";"23:59:00";"PB";104;100,6;"ESPERANCA";"Condutor Dormindo";"Saída de leito carroçável";"Com Vítimas Feridas";"Plena Noite";"Decrescente";"Céu Claro";"Simples";"Ponte";"Não";1;0;1;0;0;0;1;1;-7,04513085;-35,85718356;"SPRF-PB";"DEL02-PB";"UOP04-DEL02-PB"
233724;2019-09-07;"sábado";"00:30:00";"CE";116;147;"RUSSAS";"Agressão Externa";"Tombamento";"Sem Vítimas";"Plena Noite";"Crescente";"Céu Claro";"Simples";"Reta";"Não";1;0;0;0;1;0;0;1;-4,81391997;-38,05943394;"SPRF-CE";"DEL03-CE";"UOP01-DEL03-CE"
233731;2019-07-06;"sábado";"18:15:00";"MG";381;382;"SAO GONCALO DO RIO ABAIXO";"Falta de Atenção à Condução";"Colisão transversal";"Com Vítimas Feridas";"Anoitecer";"Crescente";"Céu Claro";"Simples";"Curva";"Sim";3;0;0;1;1;1;1;3;-19,8203938;-43,39028183;"SPRF-MG";"DEL01-MG";"UOP01-DEL01-MG"
233733;2019-09-07;"sábado";"02:35:00";"MG";251;519,7;"MONTES CLAROS";"Falta de Atenção à Condução";"Saída de leito carroçável";"Com Vítimas Feridas";"Plena Noite";"Crescente";"Céu Claro";"Simples";"Declive;Reta";"Não";3;0;2;1;0;0;3;2;-16,66359617;-43,77730598;"SPRF-MG";"DEL12-MG";"UOP01-DEL12-MG"
233746;2019-09-07;"sábado";"05:30:00";"RJ";101;101;"CAMPOS DOS GOYTACAZES";"Deficiência ou não Acionamento do Sistema de Iluminação/Sinalização do Veículo";"Colisão com objeto estático";"Com Vítimas Feridas";"Amanhecer";"Decrescente";"Céu Claro";"Dupla";"Reta";"Não";3;0;1;0;2;0;1;2;-21,88787408;-41,59597873;"SPRF-RJ";"DEL08-RJ";"UOP02-DEL08-RJ"
233751;2019-09-07;"sábado";"04:15:00";"SC";101;251,9;"PAULO LOPES";"Falta de Atenção à Condução";"Colisão traseira";"Com Vítimas Feridas";"Plena Noite";"Crescente";"Nublado";"Dupla";"Reta";"Sim";2;0;1;0;1;0;1;2;-27,9490242;-48,67206568;"SPRF-SC";"DEL02-SC";"UOP03-DEL02-SC"
233754;2019-09-07;"sábado";"06:10:00";"GO";364;93,8;"CACHOEIRA ALTA";"Defeito na Via";"Colisão frontal";"Com Vítimas Fatais";"Amanhecer";"Crescente";"Céu Claro";"Simples";"Reta";"Não";7;3;1;1;1;1;2;3;-18,47534;-51,081116;"SPRF-GO";"DEL05-GO";"UOP02-DEL05-GO"
233767;2019-09-06;"sexta-feira";"21:30:00";"MG";116;127,2;"ITAOBIM";"Condutor Dormindo";"Saída de leito carroçável";"Com Vítimas Feridas";"Plena Noite";"Crescente";"Nublado";"Simples";"Curva";"Não";2;0;1;0;0;1;1;2;-16,66258498;-41,5023964;"SPRF-MG";"DEL11-MG";"UOP02-DEL11-MG"
233769;2019-09-07;"sábado";"06:30:00";"ES";101;49;"SAO MATEUS";"Defeito Mecânico no Veículo";"Danos eventuais";"Sem Vítimas";"Amanhecer";"Crescente";"Chuva";"Simples";"Reta";"Não";2;0;0;0;1;1;0;2;-18,57725;-39,894962;"SPRF-ES";"DEL04-ES";"UOP02-DEL04-ES"
233776;2019-09-07;"sábado";"02:05:00";"SC";282;377,3;"HERVAL DOESTE";"Velocidade Incompatível";"Colisão com objeto estático";"Com Vítimas Feridas";"Plena Noite";"Crescente";"Nublado";"Simples";"Curva";"Não";2;0;1;0;0;1;1;2;-27,21860931;-51,46536827;"SPRF-SC";"DEL07-SC";"UOP05-DEL07-SC"
233786;2019-09-07;"sábado";"06:00:00";"MG";262;15,9;"MARTINS SOARES";"Velocidade Incompatível";"Colisão frontal";"Com Vítimas Feridas";"Pleno dia";"Crescente";"Céu Claro";"Simples";"Curva";"Não";6;0;3;1;2;0;4;2;-20,26054008;-41,87631604;"SPRF-MG";"DEL06-MG";"UOP03-DEL06-MG"
233787;2019-09-06;"sexta-feira";"21:45:00";"PR";376;315,3;"ORTIGUEIRA";"Velocidade Incompatível";"Derramamento de carga";"Com Vítimas Feridas";"Plena Noite";"Decrescente";"Céu Claro";"Simples";"Curva";"Não";2;0;1;0;0;1;1;2;-23,99357161;-51,08774165;"SPRF-PR";"DEL07-PR";"UOP02-DEL07-PR"
233790;2019-09-06;"sexta-feira";"18:10:00";"SC";280;81;"CORUPA";"Pista Escorregadia";"Queda de ocupante de veículo";"Com Vítimas Feridas";"Anoitecer";"Decrescente";"Garoa/Chuvisco";"Simples";"Declive;Reta";"Sim";2;0;0;1;1;0;1;2;-26,44057489;-49,217056;"SPRF-SC";"DEL06-SC";"UOP03-DEL06-SC"
233793;2019-09-07;"sábado";"07:45:00";"SC";101;288,8;"IMBITUBA";"Condutor Dormindo";"Colisão traseira";"Sem Vítimas";"Pleno dia";"Crescente";"Nublado";"Dupla";"Reta";"Sim";2;0;0;0;2;0;0;2;-28,24598003;-48,70010284;"SPRF-SC";"DEL02-SC";"UOP03-DEL02-SC"
233797;2019-09-07;"sábado";"07:00:00";"RJ";116;196;"QUEIMADOS";"Desobediência às normas de trânsito pelo condutor";"Colisão traseira";"Com Vítimas Feridas";"Pleno dia";"Crescente";"Céu Claro";"Dupla";"Reta";"Não";3;0;1;0;0;2;1;3;-22,73336575;-43,55659479;"SPRF-RJ";"DEL01-RJ";"UOP02-DEL01-RJ"
233805;2019-09-07;"sábado";"08:50:00";"SP";116;290;"ITAPECERICA DA SERRA";"Falta de Atenção à Condução";"Colisão lateral";"Com Vítimas Feridas";"Pleno dia";"Crescente";"Céu Claro";"Dupla";"Reta";"Não";9;0;2;0;6;1;2;4;-23,7303281;-46,89425963;"SPRF-SP";"DEL04-SP";"UOP01-DEL04-SP"
233811;2019-09-07;"sábado";"09:10:00";"SP";116;122,2;"CACAPAVA";"Não guardar distância de segurança";"Engavetamento";"Sem Vítimas";"Pleno dia";"Decrescente";"Céu Claro";"Dupla";"Reta";"Não";7;0;0;0;6;1;0;6;-23,08192414;-45,66154591;"SPRF-SP";"DEL06-SP";"UOP02-DEL02-SP"
233818;2019-09-07;"sábado";"11:04:00";"PR";376;279;"MARILANDIA DO SUL";"Não guardar distância de segurança";"Colisão lateral";"Com Vítimas Feridas";"Pleno dia";"Crescente";"Céu Claro";"Simples";"Reta";"Não";4;0;0;1;1;3;1;5;-23,84268367;-51,2591707;"SPRF-PR";"DEL07-PR";"UOP02-DEL07-PR"
233820;2019-09-07;"sábado";"10:00:00";"MT";364;58;"ALTO GARCAS";"Não guardar distância de segurança";"Colisão traseira";"Com Vítimas Feridas";"Pleno dia";"Crescente";"Céu Claro";"Simples";"Reta";"Não";4;0;1;1;1;1;2;3;-16,93623873;-53,53436782;"SPRF-MT";"DEL02-MT";"UOP02-DEL02-MT"
233826;2019-09-07;"sábado";"01:00:00";"MA";226;298;"BARRA DO CORDA";"Desobediência às normas de trânsito pelo condutor";"Colisão frontal";"Com Vítimas Fatais";"Amanhecer";"Crescente";"Ignorado";"Dupla";"Reta";"Sim";4;1;0;1;0;2;1;3;-5,50176103;-45,23562004;"SPRF-MA";"DEL03-MA";"UOP01-DEL03-MA"
233832;2019-09-07;"sábado";"08:00:00";"SC";282;564,2;"NOVA ERECHIM";"Condutor Dormindo";"Colisão traseira";"Com Vítimas Feridas";"Pleno dia";"Crescente";"Céu Claro";"Simples";"Curva";"Não";2;0;1;0;1;0;1;2;-26,898739;-52,877975;"SPRF-SC";"DEL07-SC";"UOP02-DEL07-SC"
233841;2019-09-07;"sábado";"12:50:00";"MT";163;893;"CLAUDIA";"Condutor Dormindo";"Saída de leito carroçável";"Com Vítimas Feridas";"Pleno dia";"Crescente";"Céu Claro";"Simples";"Reta";"Não";3;0;1;0;1;2;1;3;-11,368332;-55,338566;"SPRF-MT";"DEL06-MT";"UOP02-DEL06-MT"
233845;2019-09-07;"sábado";"13:10:00";"BA";324;613;"SALVADOR";"Falta de Atenção do Pedestre";"Colisão traseira";"Com Vítimas Feridas";"Pleno dia";"Decrescente";"Céu Claro";"Dupla";"Reta";"Sim";7;0;4;1;1;1;5;3;-12,86837198;-38,42513323;"SPRF-BA";"DEL01-BA";"UOP01-DEL01-BA"
233858;2019-09-07;"sábado";"15:30:00";"MG";153;229,1;"FRUTAL";"Defeito Mecânico no Veículo";"Saída de leito carroçável";"Com Vítimas Feridas";"Pleno dia";"Crescente";"Céu Claro";"Simples";"Curva";"Não";1;0;1;0;0;0;1;1;-20,22530505;-49,14936694;"SPRF-MG";"DEL13-MG";"UOP02-DEL13-MG"
233860;2019-08-26;"segunda-feira";"06:15:00";"RO";364;340,6;"JI-PARANA";"Falta de Atenção à Condução";"Colisão lateral";"Com Vítimas Feridas";"Anoitecer";"Decrescente";"Céu Claro";"Dupla";"Interseção de Vias";"Sim";3;0;1;0;1;1;1;3;-10,898802;-61,93046;"SPRF-RO";"DEL02-RO";"UOP01-DEL02-RO"
233861;2019-09-07;"sábado";"10:45:00";"RS";290;107,7;"ELDORADO DO SUL";"Velocidade Incompatível";"Tombamento";"Com Vítimas Feridas";"Pleno dia";"Crescente";"Garoa/Chuvisco";"Dupla";"Curva";"Sim";1;0;1;0;0;0;1;1;-30,001852;-51,304264;"SPRF-RS";"DEL02-RS";"UOP01-DEL02-RS"
233864;2019-09-07;"sábado";"16:50:00";"RN";304;5,3;"MOSSORO";"Ingestão de Álcool";"Colisão transversal";"Com Vítimas Feridas";"Pleno dia";"Crescente";"Céu Claro";"Simples";"Interseção de Vias";"Não";3;0;1;1;1;0;2;2;-4,92087817;-37,42136478;"SPRF-RN";"DEL04-RN";"UOP02-DEL04-RN"
233865;2019-09-07;"sábado";"15:00:00";"MG";381;940,8;"EXTREMA";"Defeito Mecânico no Veículo";"Tombamento";"Com Vítimas Feridas";"Pleno dia";"Decrescente";"Céu Claro";"Dupla";"Curva";"Não";2;0;1;0;0;1;1;2;-22,85421396;-46,33740277;"SPRF-MG";"DEL16-MG";"UOP03-DEL16-MG"
233868;2019-09-07;"sábado";"15:00:00";"RJ";40;116;"DUQUE DE CAXIAS";"Agressão Externa";"Colisão lateral";"Com Vítimas Feridas";"Pleno dia";"Decrescente";"Sol";"Múltipla";"Reta";"Sim";3;0;1;0;2;0;1;3;-22,74632344;-43,28778505;"SPRF-RJ";"DEL01-RJ";"UOP01-DEL01-RJ"
233874;2019-09-07;"sábado";"15:30:00";"PR";153;464,3;"PORTO VITORIA";"Mal Súbito";"Saída de leito carroçável";"Sem Vítimas";"Pleno dia";"Decrescente";"Céu Claro";"Simples";"Reta";"Não";1;0;0;0;1;0;0;1;-26,25901307;-51,16830826;"SPRF-PR";"DEL02-PR";"UOP03-DEL02-PR"
233877;2019-09-07;"sábado";"11:15:00";"RO";364;348,5;"JI-PARANA";"Desobediência às normas de trânsito pelo condutor";"Colisão lateral";"Sem Vítimas";"Pleno dia";"Decrescente";"Céu Claro";"Simples";"Reta";"Sim";2;0;0;0;1;2;0;3;-10,85560858;-61,98371472;"SPRF-RO";"DEL02-RO";"UOP01-DEL02-RO"
233882;2019-09-07;"sábado";"16:40:00";"MT";364;163,9;"PEDRA PRETA";"Defeito Mecânico no Veículo";"Incêndio";"Com Vítimas Feridas";"Anoitecer";"Crescente";"Céu Claro";"Simples";"Declive";"Não";2;0;1;0;0;11;1;12;-16,69556569;-54,28440252;"SPRF-MT";"DEL02-MT";"UOP01-DEL02-MT"
233886;2019-09-06;"sexta-feira";"15:50:00";"SC";101;338;"TUBARAO";"Falta de Atenção à Condução";"Colisão com objeto estático";"Com Vítimas Feridas";"Pleno dia";"Crescente";"Chuva";"Simples";"Declive";"Sim";2;0;0;1;1;0;1;2;-28,49351117;-49,04178985;"SPRF-SC";"DEL02-SC";"UOP01-DEL02-SC"
233888;2019-09-07;"sábado";"17:20:00";"RO";364;317;"PRESIDENTE MEDICI";"Falta de Atenção à Condução";"Colisão transversal";"Com Vítimas Feridas";"Pleno dia";"Decrescente";"Céu Claro";"Simples";"Reta;Interseção de Vias";"Não";3;0;0;1;1;2;1;4;-11,09335704;-61,91055507;"SPRF-RO";"DEL02-RO";"UOP01-DEL02-RO"
233893;2019-09-07;"sábado";"16:35:00";"SC";282;576,9;"PINHALZINHO";"Falta de Atenção à Condução";"Colisão frontal";"Com Vítimas Fatais";"Pleno dia";"Crescente";"Céu Claro";"Simples";"Reta";"Não";2;1;0;0;1;0;0;2;-26,856054;-52,98011;"SPRF-SC";"DEL07-SC";"UOP02-DEL07-SC"
233895;2019-09-07;"sábado";"14:10:00";"MT";364;599;"DIAMANTINO";"Fenômenos da Natureza";"Incêndio";"Sem Vítimas";"Pleno dia";"Decrescente";"Sol";"Simples";"Curva";"Não";2;0;0;0;1;2;0;3;-14,51886496;-56,22766217;"SPRF-MT";"DEL01-MT";"UOP01-DEL01-MT"
233916;2019-09-07;"sábado";"21:10:00";"GO";60;351;"SANTO ANTONIO DA BARRA";"Falta de Atenção à Condução";"Colisão traseira";"Com Vítimas Feridas";"Plena Noite";"Crescente";"Céu Claro";"Dupla";"Reta";"Não";3;0;1;0;1;1;1;3;-17,5856;-50,7002;"SPRF-GO";"DEL04-GO";"UOP01-DEL04-GO"
233922;2019-09-07;"sábado";"21:56:00";"SC";280;52,3;"GUARAMIRIM";"Falta de Atenção à Condução";"Colisão transversal";"Sem Vítimas";"Plena Noite";"Decrescente";"Céu Claro";"Simples";"Interseção de Vias";"Não";2;0;0;0;2;0;0;2;-26,468904;-48,96492;"SPRF-SC";"DEL03-SC";"UOP03-DEL03-SC"
233970;2019-09-07;"sábado";"22:30:00";"SC";158;137,7;"PALMITOS";"Ingestão de Álcool";"Colisão frontal";"Com Vítimas Feridas";"Plena Noite";"Crescente";"Céu Claro";"Simples";"Aclive;Reta";"Não";3;0;1;2;0;0;3;2;-27,083;-53,225;"SPRF-SC";"DEL07-SC";"UOP02-DEL07-SC"
233993;2019-09-08;"domingo";"06:00:00";"MG";364;1;"PLANURA";"Falta de Atenção à Condução";"Colisão lateral";"Com Vítimas Fatais";"Amanhecer";"Crescente";"Céu Claro";"Simples";"Reta";"Não";5;1;0;2;1;2;2;4;-20,13824;-48,702347;"SPRF-MG";"DEL13-MG";"UOP02-DEL13-MG"
233999;2019-09-08;"domingo";"06:25:00";"PR";376;13,6;"MARINGA";"Condutor Dormindo";"Colisão traseira";"Com Vítimas Feridas";"Amanhecer";"Crescente";"Céu Claro";"Dupla";"Aclive";"Não";3;0;0;1;1;2;1;4;-23,3979697;-51,88297749;"SPRF-PR";"DEL07-PR";"UOP01-DEL09-PR"
234007;2019-09-08;"domingo";"06:40:00";"CE";116;475,9;"MILAGRES";"Falta de Atenção à Condução";"Colisão traseira";"Com Vítimas Feridas";"Pleno dia";"Decrescente";"Sol";"Simples";"Reta";"Não";3;0;1;0;1;1;1;3;-7,301339;-38,89030337;"SPRF-CE";"DEL05-CE";"UOP03-DEL05-CE"
234018;2019-09-08;"domingo";"07:35:00";"RS";392;249,7;"CACAPAVA DO SUL";"Ingestão de Álcool";"Colisão traseira";"Sem Vítimas";"Pleno dia";"Decrescente";"Chuva";"Simples";"Declive";"Não";3;0;0;0;3;0;0;2;-30,54764308;-53,41543713;"SPRF-RS";"DEL09-RS";"UOP02-DEL09-RS"
234019;2019-09-08;"domingo";"07:20:00";"MT";70;540;"NOSSA SENHORA DO LIVRAMENTO";"Falta de Atenção à Condução";"Colisão transversal";"Com Vítimas Feridas";"Pleno dia";"Decrescente";"Céu Claro";"Simples";"Interseção de Vias";"Não";3;0;1;0;1;2;1;4;-15,67984366;-56,2964058;"SPRF-MT";"DEL01-MT";"DEL2/4-UOP02/MT"
234022;2019-07-11;"quinta-feira";"18:45:00";"MG";116;375,5;"MATHIAS LOBATO";"Falta de Atenção do Pedestre";"Atropelamento de Pedestre";"Com Vítimas Feridas";"Plena Noite";"Crescente";"Céu Claro";"Simples";"Reta";"Sim";2;0;0;1;1;0;1;2;-18,57693006;-41,92030356;"SPRF-MG";"DEL06-MG";"UOP01-DEL06-MG"
234025;2019-09-08;"domingo";"09:00:00";"SC";101;212;"PALHOCA";"Falta de Atenção à Condução";"Colisão lateral";"Com Vítimas Feridas";"Pleno dia";"Crescente";"Céu Claro";"Dupla";"Aclive";"Não";7;0;1;0;5;1;1;6;-27,62996929;-48,65903871;"SPRF-SC";"DEL01-SC";"UOP02-DEL01-SC"
234028;2019-09-08;"domingo";"08:10:00";"TO";153;414;"MIRANORTE";"Falta de Atenção à Condução";"Tombamento";"Sem Vítimas";"Pleno dia";"Crescente";"Sol";"Dupla";"Curva";"Sim";4;0;0;0;4;0;0;4;-9,532369;-48,593407;"SPRF-TO";"DEL02-TO";"UOP01-DEL01-TO"
234029;2019-09-08;"domingo";"08:00:00";"MG";116;780,7;"LEOPOLDINA";"Velocidade Incompatível";"Saída de leito carroçável";"Com Vítimas Feridas";"Pleno dia";"Decrescente";"Nublado";"Simples";"Curva";"Não";2;0;1;0;0;1;1;2;-21,62223589;-42,69312807;"SPRF-MG";"DEL07-MG";"UOP01-DEL07-MG"
234040;2019-09-08;"domingo";"09:05:00";"PE";116;19;"SALGUEIRO";"Defeito Mecânico no Veículo";"Capotamento";"Com Vítimas Feridas";"Pleno dia";"Crescente";"Céu Claro";"Simples";"Reta";"Não";3;0;2;0;1;0;2;2;-8,008562;-39,142254;"SPRF-PE";"DEL05-PE";"UOP01-DEL05-PE"
234045;2019-09-08;"domingo";"06:30:00";"MT";163;607;"NOVA MUTUM";"Ingestão de Álcool";"Colisão lateral";"Sem Vítimas";"Pleno dia";"Crescente";"Sol";"Simples";"Reta";"Não";3;0;0;0;2;4;0;6;-13,84568605;-56,08401163;"SPRF-MT";"DEL01-MT";"UOP01-DEL01-MT"
234048;2019-09-08;"domingo";"10:30:00";"RS";386;313,5;"POUSO NOVO";"Desobediência às normas de trânsito pelo condutor";"Colisão transversal";"Com Vítimas Feridas";"Pleno dia";"Decrescente";"Garoa/Chuvisco";"Simples";"Reta";"Não";3;0;1;0;1;1;1;3;-29,23956;-52,16;"SPRF-RS";"DEL04-RS";"UOP01-DEL04-RS"
234050;2019-09-08;"domingo";"10:35:00";"GO";153;402;"PIRENOPOLIS";"Desobediência às normas de trânsito pelo condutor";"Colisão transversal";"Com Vítimas Feridas";"Pleno dia";"Decrescente";"Céu Claro";"Simples";"Interseção de Vias;Reta";"Não";6;0;4;0;1;3;4;5;-16,048012;-49,074417;"SPRF-GO";"DEL02-GO";"UOP01-DEL02-GO"
234053;2019-09-08;"domingo";"10:05:00";"TO";153;160,3;"ARAGUAINA";"Falta de Atenção à Condução";"Colisão com objeto estático";"Sem Vítimas";"Pleno dia";"Decrescente";"Céu Claro";"Simples";"Reta";"Não";2;0;0;0;2;0;0;1;-7,32352719;-48,307069;"SPRF-TO";"DEL02-TO";"UOP01-DEL02-TO"
234054;2019-09-08;"domingo";"09:30:00";"SC";282;532;"CORDILHEIRA ALTA";"Velocidade Incompatível";"Tombamento";"Com Vítimas Feridas";"Pleno dia";"Crescente";"Céu Claro";"Simples";"Curva";"Sim";2;0;1;0;0;2;1;3;-26,996822;-52,615528;"SPRF-SC";"DEL07-SC";"UOP01-DEL07-SC"
234074;2019-06-04;"terça-feira";"19:00:00";"MS";60;449;"SIDROLANDIA";"Falta de Atenção à Condução";"Saída de leito carroçável";"Com Vítimas Feridas";"Anoitecer";"Crescente";"Céu Claro";"Simples";"Reta";"Não";2;0;1;0;0;1;1;2;-21,004458;-55,131697;"SPRF-MS";"DEL01-MS";"UOP04-DEL01-MS"
234075;2019-09-08;"domingo";"12:20:00";"MT";364;18;"ALTO ARAGUAIA";"Defeito na Via";"Colisão lateral";"Com Vítimas Feridas";"Pleno dia";"Decrescente";"Sol";"Simples";"Curva";"Não";5;0;2;0;2;3;2;5;-17,2153618;-53,3296809;"SPRF-MT";"DEL02-MT";"UOP02-DEL02-MT"