"id";"data_inversa";"dia_semana";"horario";"uf";"br";"km";"municipio";"causa_acidente";"tipo_acidente";"classificacao_acidente";"fase_dia";"sentido_via";"condicao_metereologica";"tipo_pista";"tracado_via";"uso_solo";"pessoas";"mortos";"feridos_leves";"feridos_graves";"ilesos";"ignorados";"feridos";"veiculos";"latitude";"longitude";"regional";"delegacia";"uop"
234752;2019-09-11;"quarta-feira";"11:30:00";"SC";101;137;"BALNEARIO CAMBORIU";"Falta de Atenção à Condução";"Colisão traseira";"Com Vítimas Feridas";"Pleno dia";"Decrescente";"Céu Claro";"Dupla";"Reta";"Sim";3;0;1;0;1;1;1;3;-27,00218;-48,636433;"SPRF-SC";"DEL04-SC";"UOP03-DEL04-SC"
234754;2019-09-11;"quarta-feira";"17:27:00";"RJ";116;167;"RIO DE JANEIRO";"Falta de Atenção à Condução";"Engavetamento";"Com Vítimas Feridas";"Anoitecer";"Decrescente";"Céu Claro";"Dupla";"Reta";"Sim";9;0;3;0;6;0;3;6;-22,77717864;-43,30963898;"SPRF-RJ";"DEL01-RJ";"UOP02-DEL01-RJ"
234755;2019-09-11;"quarta-feira";"17:45:00";"SP";153;0,1;"ICEM";"Não guardar distância de segurança";"Colisão traseira";"Sem Vítimas";"Pleno dia";"Crescente";"Sol";"Simples";"Reta";"Não";44;0;0;0;43;1;0;3;-20,30661;-49,207664;"SPRF-SP";"DEL09-SP";"UOP01-DEL09-SP"
234762;2019-09-11;"quarta-feira";"18:45:00";"PI";407;497;"JAICOS";"Falta de Atenção à Condução";"Colisão traseira";"Com Vítimas Fatais";"Plena Noite";"Crescente";"Céu Claro";"Simples";"Aclive";"Não";6;3;0;2;0;1;2;2;-7,55821201;-41,29922493;"SPRF-PI";"DEL04-PI";"UOP01-DEL04-PI"
234766;2019-09-11;"quarta-feira";"18:30:00";"MG";262;479;"BOM DESPACHO";"Desobediência às normas de trânsito pelo condutor";"Colisão transversal";"Com Vítimas Feridas";"Plena Noite";"Crescente";"Céu Claro";"Simples";"Reta";"Sim";5;0;2;2;1;0;4;2;-19,78628062;-45,23887303;"SPRF-MG";"DEL08-MG";"UOP03-DEL08-MG"
234768;2019-09-11;"quarta-feira";"16:30:00";"MG";381;455;"BELO HORIZONTE";"Falta de Atenção à Condução";"Colisão traseira";"Com Vítimas Feridas";"Pleno dia";"Crescente";"Céu Claro";"Simples";"Reta";"Sim";4;0;3;0;1;0;3;3;-19,85777408;-43,90468298;"SPRF-MG";"DEL01-MG";"UOP01-DEL01-MG"
234777;2019-09-11;"quarta-feira";"19:05:00";"SC";282;402,7;"CATANDUVAS";"Falta de Atenção à Condução";"Tombamento";"Com Vítimas Feridas";"Plena Noite";"Decrescente";"Céu Claro";"Simples";"Curva";"Não";2;0;1;0;0;1;1;2;-27,115656;-51,631065;"SPRF-SC";"DEL07-SC";"UOP05-DEL07-SC"
234778;2019-09-11;"quarta-feira";"18:50:00";"BA";242;853;"BARREIRAS";"Falta de Atenção à Condução";"Tombamento";"Sem Vítimas";"Plena Noite";"Decrescente";"Céu Claro";"Simples";"Reta";"Não";2;0;0;0;1;2;0;3;-12,10556023;-45,31564903;"SPRF-BA";"DEL10-BA";"UOP01-DEL10-BA"
234779;2019-09-11;"quarta-feira";"19:00:00";"MS";262;346,6;"CAMPO GRANDE";"Animais na Pista";"Atropelamento de Animal";"Sem Vítimas";"Plena Noite";"Crescente";"Céu Claro";"Simples";"Aclive;Reta";"Não";1;0;0;0;1;0;0;1;-20,57153364;-54,59607361;"SPRF-MS";"DEL01-MS";"UOP03-DEL01-MS"
234781;2019-09-11;"quarta-feira";"16:00:00";"SC";116;254;"LAGES";"Falta de Atenção à Condução";"Colisão traseira";"Sem Vítimas";"Pleno dia";"Decrescente";"Céu Claro";"Simples";"Reta";"Não";3;0;0;0;2;1;0;3;-27,86721884;-50,39576317;"SPRF-SC";"DEL05-SC";"UOP02-DEL05-SC"
234784;2019-09-11;"quarta-feira";"16:30:00";"PI";316;8;"TERESINA";"Falta de Atenção à Condução";"Colisão com objeto estático";"Sem Vítimas";"Pleno dia";"Crescente";"Céu Claro";"Simples";"Reta";"Sim";2;0;0;0;2;0;0;2;-5,16483402;-42,76899508;"SPRF-PI";"DEL01-PI";"UOP02-DEL01-PI"
234790;2019-09-11;"quarta-feira";"08:00:00";"RS";116;248;"SAO LEOPOLDO";"Falta de Atenção à Condução";"Colisão lateral";"Sem Vítimas";"Pleno dia";"Decrescente";"Nublado";"Múltipla";"Reta";"Sim";7;0;0;0;7;0;0;7;-29,77605895;-51,15508618;"SPRF-RS";"DEL01-RS";"UOP02-DEL01-RS"
234792;2019-09-11;"quarta-feira";"10:00:00";"BA";407;23,9;"JUAZEIRO";"Desobediência às normas de trânsito pelo pedestre";"Atropelamento de Pedestre";"Com Vítimas Fatais";"Pleno dia";"Decrescente";"Céu Claro";"Simples";"Reta";"Sim";2;1;0;0;0;1;0;2;-9,58537093;-40,42466184;"SPRF-BA";"DEL04-BA";"UOP01-DEL04-BA"
234793;2019-03-19;"terça-feira";"19:30:00";"PE";101;189;"PALMARES";"Falta de Atenção à Condução";"Colisão transversal";"Com Vítimas Feridas";"Plena Noite";"Crescente";"Céu Claro";"Dupla";"Reta";"Sim";4;0;0;4;0;0;4;2;-8,69036647;-35,60430503;"SPRF-PE";"DEL01-PE";"UOP03-DEL01-PE"
234799;2019-09-11;"quarta-feira";"20:35:00";"SC";101;384,1;"ICARA";"Ingestão de Álcool";"Colisão frontal";"Sem Vítimas";"Plena Noite";"Decrescente";"Nublado";"Dupla";"Reta";"Não";3;0;0;0;3;0;0;3;-28,76851141;-49,3025538;"SPRF-SC";"DEL02-SC";"UOP02-DEL02-SC"
234802;2019-09-11;"quarta-feira";"20:55:00";"SC";470;129;"LONTRAS";"Defeito na Via";"Tombamento";"Sem Vítimas";"Plena Noite";"Crescente";"Céu Claro";"Simples";"Reta";"Não";1;0;0;0;1;0;0;1;-27,148499;-49,556137;"SPRF-SC";"DEL04-SC";"UOP02-DEL04-SC"
234806;2019-09-11;"quarta-feira";"11:30:00";"SC";101;145;"ITAPEMA";"Velocidade Incompatível";"Colisão traseira";"Com Vítimas Feridas";"Pleno dia";"Decrescente";"Céu Claro";"Dupla";"Aclive";"Sim";3;0;2;0;0;2;2;4;-27,08139206;-48,60130993;"SPRF-SC";"DEL04-SC";"UOP03-DEL04-SC"
234811;2019-09-11;"quarta-feira";"20:30:00";"SP";116;518;"CAJATI";"Falta de Atenção à Condução";"Tombamento";"Com Vítimas Feridas";"Plena Noite";"Decrescente";"Nublado";"Dupla";"Curva";"Não";2;0;1;0;0;1;1;2;-24,88391594;-48,22626356;"SPRF-SP";"DEL05-SP";"UAP01-DEL05-SP"
234813;2019-09-11;"quarta-feira";"21:00:00";"MS";262;624;"MIRANDA";"Falta de Atenção à Condução";"Saída de leito carroçável";"Sem Vítimas";"Plena Noite";"Decrescente";"Céu Claro";"Simples";"Reta";"Não";1;0;0;0;1;0;0;1;-19,92340732;-56,85613632;"SPRF-MS";"DEL03-MS";"UOP02-DEL03-MS"
234817;2019-09-11;"quarta-feira";"17:20:00";"PR";153;35,2;"SANTO ANTONIO DA PLATINA";"Falta de Atenção à Condução";"Colisão traseira";"Sem Vítimas";"Pleno dia";"Crescente";"Céu Claro";"Simples";"Reta";"Não";3;0;0;0;2;3;0;5;-23,2478376;-50,04311833;"SPRF-PR";"DEL07-PR";"UOP04-DEL07-PR"
234821;2019-09-11;"quarta-feira";"16:25:00";"MT";163;913;"CLAUDIA";"Não guardar distância de segurança";"Colisão traseira";"Sem Vítimas";"Pleno dia";"Crescente";"Céu Claro";"Simples";"Aclive";"Não";4;0;0;0;3;7;0;10;-11,183619;-55,309718;"SPRF-MT";"DEL06-MT";"UOP02-DEL06-MT"
234826;2019-09-12;"quinta-feira";"00:00:00";"BA";101;931,8;"MUCURI";"Defeito Mecânico no Veículo";"Incêndio";"Sem Vítimas";"Plena Noite";"Crescente";"Nublado";"Simples";"Aclive;Reta";"Não";2;0;0;0;1;1;0;2;-18,16840196;-39,91873914;"SPRF-BA";"DEL09-BA";"UOP02-DEL09-BA"
234829;2019-09-11;"quarta-feira";"23:30:00";"SC";153;23,6;"AGUA DOCE";"Defeito Mecânico no Veículo";"Incêndio";"Sem Vítimas";"Plena Noite";"Decrescente";"Céu Claro";"Simples";"Reta";"Não";1;0;0;0;1;0;0;1;-26,736866;-51,64957;"SPRF-SC";"DEL07-SC";"UOP07-DEL07-SC"
234831;2019-09-11;"quarta-feira";"23:00:00";"SC";101;385,9;"CRICIUMA";"Condutor Dormindo";"Saída de leito carroçável";"Com Vítimas Feridas";"Plena Noite";"Crescente";"Nevoeiro/Neblina";"Dupla";"Reta";"Sim";2;0;0;1;0;1;1;2;-28,7844016;-49,33629513;"SPRF-SC";"DEL02-SC";"UOP02-DEL02-SC"
234832;2019-09-12;"quinta-feira";"03:40:00";"MG";381;519;"IGARAPE";"Condutor Dormindo";"Colisão traseira";"Com Vítimas Feridas";"Plena Noite";"Crescente";"Céu Claro";"Dupla";"Aclive";"Não";5;0;1;0;3;3;1;6;-20,12834104;-44,30330781;"SPRF-MG";"DEL01-MG";"UOP03-DEL01-MG"
234833;2019-09-12;"quinta-feira";"04:20:00";"RJ";116;99;"GUAPIMIRIM";"Falta de Atenção à Condução";"Tombamento";"Com Vítimas Fatais";"Plena Noite";"Crescente";"Nevoeiro/Neblina";"Dupla";"Curva";"Não";3;1;2;0;0;0;2;1;-22,48851488;-42,99935184;"SPRF-RJ";"DEL04-RJ";"UOP02-DEL04-RJ"
234835;2019-09-12;"quinta-feira";"04:20:00";"ES";101;163,9;"LINHARES";"Condutor Dormindo";"Tombamento";"Com Vítimas Feridas";"Amanhecer";"Crescente";"Nublado";"Simples";"Reta";"Não";2;0;0;1;0;1;1;2;-19,50506715;-40,13395786;"SPRF-ES";"DEL04-ES";"UOP01-DEL04-ES"
234836;2019-09-12;"quinta-feira";"00:30:00";"AL";423;52,1;"INHAPI";"Desobediência às normas de trânsito pelo condutor";"Colisão traseira";"Sem Vítimas";"Plena Noite";"Decrescente";"Céu Claro";"Simples";"Reta";"Não";5;0;0;0;1;4;0;2;-9,26738734;-37,73947488;"SPRF-AL";"DEL03-AL";"UOP02-DEL03-AL"
234837;2019-09-12;"quinta-feira";"02:00:00";"PR";476;353,8;"UNIAO DA VITORIA";"Defeito Mecânico no Veículo";"Incêndio";"Sem Vítimas";"Plena Noite";"Crescente";"Céu Claro";"Simples";"Reta";"Não";2;0;0;0;1;1;0;2;-26,198172;-51,002659;"SPRF-PR";"DEL02-PR";"UOP03-DEL02-PR"
234841;2019-09-12;"quinta-feira";"06:50:00";"SP";116;223;"GUARULHOS";"Velocidade Incompatível";"Colisão lateral";"Com Vítimas Feridas";"Pleno dia";"Crescente";"Céu Claro";"Múltipla";"Reta";"Sim";5;0;1;2;1;1;3;5;-23,47559815;-46,5246609;"SPRF-SP";"DEL01-SP";"UOP01-DEL01-SP"
234842;2019-09-12;"quinta-feira";"07:00:00";"PE";101;83;"JABOATAO DOS GUARARAPES";"Falta de Atenção à Condução";"Colisão transversal";"Com Vítimas Feridas";"Pleno dia";"Crescente";"Céu Claro";"Múltipla";"Reta";"Sim";3;0;1;0;2;0;1;2;-8,175172;-34,942642;"SPRF-PE";"DEL01-PE";"UOP03-DEL01-PE"
234850;2019-09-12;"quinta-feira";"06:39:00";"PR";376;304;"MAUA DA SERRA";"Velocidade Incompatível";"Tombamento";"Com Vítimas Feridas";"Pleno dia";"Crescente";"Céu Claro";"Dupla";"Curva;Aclive";"Não";7;0;0;1;0;6;1;3;-23,952969;-51,114033;"SPRF-PR";"DEL07-PR";"UOP02-DEL07-PR"
234857;2019-09-12;"quinta-feira";"08:10:00";"PR";116;21;"CAMPINA GRANDE DO SUL";"Condutor Dormindo";"Tombamento";"Com Vítimas Fatais";"Pleno dia";"Crescente";"Céu Claro";"Dupla";"Curva";"Não";2;1;0;0;0;1;0;2;-25,10427672;-48,73857029;"SPRF-PR";"DEL01-PR";"UOP02-DEL01-PR"
234858;2019-09-12;"quinta-feira";"05:40:00";"MG";381;722;"CARMO DA CACHOEIRA";"Velocidade Incompatível";"Tombamento";"Sem Vítimas";"Amanhecer";"Decrescente";"Céu Claro";"Dupla";"Curva";"Não";1;0;0;0;1;0;0;1;-21,47729514;-45,20207819;"SPRF-MG";"DEL04-MG";"UOP02-DEL04-MG"
234865;2019-09-12;"quinta-feira";"10:00:00";"MG";381;590,5;"CARMOPOLIS DE MINAS";"Condutor Dormindo";"Colisão traseira";"Com Vítimas Feridas";"Pleno dia";"Crescente";"Céu Claro";"Dupla";"Curva";"Não";7;0;3;0;3;1;3;3;-20,56679681;-44,67309615;"SPRF-MG";"DEL04-MG";"UOP01-DEL04-MG"
234868;2019-09-12;"quinta-feira";"09:20:00";"SC";282;157;"BOM RETIRO";"Falta de Atenção à Condução";"Colisão traseira";"Sem Vítimas";"Pleno dia";"Crescente";"Céu Claro";"Simples";"Reta";"Não";3;0;0;0;3;0;0;3;-27,7435;-49,725227;"SPRF-SC";"DEL05-SC";"UOP01-DEL05-SC"
234873;2019-09-12;"quinta-feira";"04:45:00";"SP";116;483;"CAJATI";"Falta de Atenção à Condução";"Saída de leito carroçável";"Sem Vítimas";"Amanhecer";"Decrescente";"Céu Claro";"Dupla";"Reta";"Não";2;0;0;0;1;1;0;2;-24,72274238;-48,05286602;"SPRF-SP";"DEL05-SP";"UAP01-DEL05-SP"
234879;2019-09-12;"quinta-feira";"07:50:00";"GO";60;176,5;"ABADIA DE GOIAS";"Falta de Atenção à Condução";"Saída de leito carroçável";"Sem Vítimas";"Pleno dia";"Decrescente";"Sol";"Dupla";"Reta;Aclive";"Não";2;0;0;0;1;2;0;3;-16,7563;-49,4402;"SPRF-GO";"DEL01-GO";"UOP02-DEL01-GO"
234880;2019-09-12;"quinta-feira";"11:10:00";"AL";101;113;"PILAR";"Falta de Atenção à Condução";"Tombamento";"Com Vítimas Feridas";"Pleno dia";"Crescente";"Céu Claro";"Simples";"Curva";"Não";3;0;1;1;0;3;2;5;-9,62855442;-36,03072188;"SPRF-AL";"DEL02-AL";"UOP01-DEL02-AL"
234883;2019-09-12;"quinta-feira";"10:30:00";"GO";153;209;"URUACU";"Falta de Atenção à Condução";"Saída de leito carroçável";"Com Vítimas Feridas";"Pleno dia";"Crescente";"Céu Claro";"Simples";"Declive";"Não";1;0;1;0;0;0;1;1;-14,596173;-49,163906;"SPRF-GO";"DEL07-GO";"UOP01-DEL07-GO"
234885;2019-09-12;"quinta-feira";"11:20:00";"MT";364;209,4;"RONDONOPOLIS";"Falta de Atenção à Condução";"Tombamento";"Com Vítimas Feridas";"Pleno dia";"Decrescente";"Céu Claro";"Dupla";"Rotatória";"Sim";2;0;1;0;0;2;1;3;-16,43403316;-54,68603942;"SPRF-MT";"DEL02-MT";"UOP01-DEL02-MT"
234889;2019-09-12;"quinta-feira";"09:55:00";"MG";116;710,9;"MURIAE";"Velocidade Incompatível";"Tombamento";"Com Vítimas Fatais";"Pleno dia";"Crescente";"Céu Claro";"Simples";"Curva";"Não";3;1;0;0;0;2;0;3;-21,1679746;-42,37075925;"SPRF-MG";"DEL07-MG";"UOP02-DEL07-MG"
234894;2019-09-12;"quinta-feira";"12:15:00";"BA";116;901,4;"CANDIDO SALES";"Avarias e/ou desgaste excessivo no pneu";"Saída de leito carroçável";"Sem Vítimas";"Pleno dia";"Decrescente";"Céu Claro";"Simples";"Reta";"Não";1;0;0;0;1;0;0;1;-15,36850535;-41,18454395;"SPRF-BA";"DEL08-BA";"UOP03-DEL08-BA"
234896;2019-09-12;"quinta-feira";"12:10:00";"RS";285;121,3;"VACARIA";"Falta de Atenção à Condução";"Atropelamento de Pedestre";"Com Vítimas Feridas";"Pleno dia";"Decrescente";"Garoa/Chuvisco";"Simples";"Reta";"Não";2;0;0;1;0;1;1;2;-28,50935201;-50,93055725;"SPRF-RS";"DEL05-RS";"UOP03-DEL05-RS"
234897;2019-09-12;"quinta-feira";"10:30:00";"MA";316;562;"CAXIAS";"Ultrapassagem Indevida";"Tombamento";"Com Vítimas Feridas";"Pleno dia";"Crescente";"Céu Claro";"Simples";"Reta";"Não";3;0;0;1;0;3;1;4;-4,893173;-43,275978;"SPRF-MA";"DEL03-MA";"UOP02-DEL03-MA"
234898;2019-09-12;"quinta-feira";"12:30:00";"SC";116;48,3;"PAPANDUVA";"Falta de Atenção à Condução";"Colisão frontal";"Com Vítimas Feridas";"Pleno dia";"Decrescente";"Nublado";"Simples";"Reta";"Não";3;0;1;0;1;1;1;3;-26,36355729;-50,11956966;"SPRF-SC";"DEL06-SC";"UOP01-DEL06-SC"
234913;2019-09-12;"quinta-feira";"12:30:00";"MS";262;355,5;"CAMPO GRANDE";"Não guardar distância de segurança";"Colisão traseira";"Com Vítimas Feridas";"Pleno dia";"Crescente";"Sol";"Simples";"Reta";"Sim";2;0;0;1;1;0;1;2;-20,56780935;-54,64946423;"SPRF-MS";"DEL01-MS";"UOP03-DEL01-MS"
234919;2019-09-12;"quinta-feira";"12:05:00";"MG";381;775,9;"CAMPANHA";"Falta de Atenção do Pedestre";"Atropelamento de Pedestre";"Com Vítimas Feridas";"Pleno dia";"Decrescente";"Céu Claro";"Dupla";"Reta";"Não";2;0;0;1;1;0;1;2;-21,80906481;-45,48531299;"SPRF-MG";"DEL16-MG";"UOP02-DEL16-MG"
234922;2019-09-12;"quinta-feira";"14:20:00";"PE";232;251;"ARCOVERDE";"Desobediência às normas de trânsito pelo condutor";"Colisão transversal";"Com Vítimas Feridas";"Pleno dia";"Crescente";"Céu Claro";"Simples";"Viaduto";"Sim";2;0;1;0;1;0;1;2;-8,429241;-37,060127;"SPRF-PE";"DEL03-PE";"UOP02-DEL03-PE"
234924;2019-09-12;"quinta-feira";"14:30:00";"SC";101;119,3;"ITAJAI";"Falta de Atenção à Condução";"Queda de ocupante de veículo";"Com Vítimas Feridas";"Pleno dia";"Decrescente";"Nublado";"Dupla";"Reta";"Sim";2;0;1;0;1;0;1;2;-26,87064015;-48,72954134;"SPRF-SC";"DEL04-SC";"UOP04-DEL04-SC"
234927;2019-09-12;"quinta-feira";"14:45:00";"PR";476;275,8;"SAO MATEUS DO SUL";"Falta de Atenção à Condução";"Colisão transversal";"Com Vítimas Feridas";"Pleno dia";"Decrescente";"Sol";"Simples";"Reta";"Sim";3;0;2;0;1;0;2;2;-25,87528762;-50,39188385;"SPRF-PR";"DEL02-PR";"UOP04-DEL02-PR"
234928;2019-08-07;"quarta-feira";"15:20:00";"MS";163;462,5;"CAMPO GRANDE";"Falta de Atenção à Condução";"Colisão frontal";"Com Vítimas Feridas";"Pleno dia";"Decrescente";"Céu Claro";"Simples";"Reta";"Não";5;0;4;1;0;0;5;2;-20,62069293;-54,5742707;"SPRF-MS";"DEL01-MS";"UOP01-DEL01-MS"
234930;2019-09-12;"quinta-feira";"06:00:00";"BA";116;596;"IRAJUBA";"Defeito na Via";"Saída de leito carroçável";"Sem Vítimas";"Pleno dia";"Crescente";"Nublado";"Simples";"Curva;Aclive";"Não";2;0;0;0;1;1;0;2;-13,18013991;-40,0048822;"SPRF-BA";"DEL03-BA";"UOP02-DEL03-BA"
234931;2019-09-12;"quinta-feira";"15:10:00";"RS";116;52;"VACARIA";"Desobediência às normas de trânsito pelo condutor";"Colisão frontal";"Com Vítimas Feridas";"Pleno dia";"Decrescente";"Garoa/Chuvisco";"Simples";"Declive;Reta";"Não";4;0;0;1;1;2;1;4;-28,58229507;-51,02378683;"SPRF-RS";"DEL05-RS";"UOP03-DEL05-RS"
234935;2019-09-12;"quinta-feira";"16:25:00";"BA";324;597;"CANDEIAS";"Condutor Dormindo";"Colisão traseira";"Com Vítimas Feridas";"Pleno dia";"Crescente";"Céu Claro";"Dupla";"Reta;Aclive";"Não";4;0;2;0;1;2;2;4;-12,72850579;-38,44885046;"SPRF-BA";"DEL01-BA";"UOP01-DEL01-BA"
234948;2019-09-12;"quinta-feira";"16:08:00";"RO";364;9;"VILHENA";"Falta de Atenção à Condução";"Colisão transversal";"Com Vítimas Feridas";"Pleno dia";"Decrescente";"Céu Claro";"Dupla";"Reta";"Sim";3;0;1;0;1;1;1;3;-12,75881009;-60,1001711;"SPRF-RO";"DEL04-RO";"UOP01-DEL04-RO"
234949;2019-09-12;"quinta-feira";"18:10:00";"ES";101;125;"SOORETAMA";"Desobediência às normas de trânsito pelo condutor";"Colisão frontal";"Com Vítimas Fatais";"Plena Noite";"Decrescente";"Céu Claro";"Simples";"Reta";"Não";2;1;0;0;1;0;0;2;-19,18612039;-40,09445429;"SPRF-ES";"DEL04-ES";"UOP01-DEL04-ES"
234955;2019-09-12;"quinta-feira";"17:45:00";"RS";116;258;"ESTEIO";"Desobediência às normas de trânsito pelo condutor";"Colisão transversal";"Com Vítimas Feridas";"Anoitecer";"Crescente";"Nublado";"Simples";"Interseção de Vias";"Sim";5;0;1;0;3;2;1;5;-29,86134412;-51,1814422;"SPRF-RS";"DEL01-RS";"UOP02-DEL01-RS"
234956;2019-09-12;"quinta-feira";"18:50:00";"PE";232;413;"SERRA TALHADA";"Desobediência às normas de trânsito pelo condutor";"Colisão transversal";"Sem Vítimas";"Plena Noite";"Crescente";"Céu Claro";"Simples";"Reta";"Não";4;0;0;0;4;0;0;3;-7,98857087;-38,32972307;"SPRF-PE";"DEL04-PE";"UOP01-DEL04-PE"
234957;2019-09-12;"quinta-feira";"18:00:00";"RJ";356;22;"ITAPERUNA";"Falta de Atenção à Condução";"Colisão lateral";"Com Vítimas Feridas";"Plena Noite";"Crescente";"Céu Claro";"Simples";"Reta";"Não";3;0;1;0;1;1;1;3;-21,1773546;-41,99180294;"SPRF-RJ";"DEL08-RJ";"UOP03-DEL08-RJ"
234961;2019-09-12;"quinta-feira";"17:55:00";"SC";101;373,2;"ICARA";"Desobediência às normas de trânsito pelo condutor";"Colisão lateral";"Com Vítimas Feridas";"Anoitecer";"Decrescente";"Garoa/Chuvisco";"Dupla";"Curva";"Não";4;0;1;0;1;2;1;3;-28,71789656;-49,23267603;"SPRF-SC";"DEL02-SC";"UOP01-DEL02-SC"
234971;2019-09-12;"quinta-feira";"19:10:00";"RS";285;197;"LAGOA VERMELHA";"Desobediência às normas de trânsito pelo condutor";"Colisão transversal";"Sem Vítimas";"Plena Noite";"Decrescente";"Garoa/Chuvisco";"Simples";"Rotatória";"Sim";3;0;0;0;2;1;0;2;-28,218493;-51,509666;"SPRF-RS";"DEL08-RS";"UOP05-DEL08-RS"
234973;2019-09-12;"quinta-feira";"19:30:00";"PR";277;105;"CAMPO LARGO";"Ingestão de Álcool";"Colisão lateral";"Sem Vítimas";"Plena Noite";"Crescente";"Céu Claro";"Dupla";"Reta";"Não";3;0;0;0;2;1;0;3;-25,48824692;-49,34581481;"SPRF-PR";"DEL01-PR";"UOP06-DEL01-PR"
234976;2019-09-12;"quinta-feira";"19:50:00";"SC";280;52;"GUARAMIRIM";"Ingestão de álcool e/ou substâncias psicoativas pelo pedestre";"Atropelamento de Pedestre";"Com Vítimas Feridas";"Plena Noite";"Decrescente";"Garoa/Chuvisco";"Simples";"Reta";"Não";3;0;1;0;1;1;1;3;-26,468904;-48,96492;"SPRF-SC";"DEL03-SC";"UOP03-DEL03-SC"
234978;2019-09-05;"quinta-feira";"11:34:00";"BA";116;318;"ARACI";"Ultrapassagem Indevida";"Colisão lateral";"Com Vítimas Feridas";"Pleno dia";"Crescente";"Céu Claro";"Simples";"Reta";"Não";2;0;1;0;1;0;1;2;-11,32206135;-38,94877955;"SPRF-BA";"DEL02-BA";"UOP01-DEL02-BA"
234985;2019-09-12;"quinta-feira";"18:40:00";"PE";232;97;"BEZERROS";"Defeito Mecânico no Veículo";"Tombamento";"Sem Vítimas";"Plena Noite";"Decrescente";"Nublado";"Simples";"Curva";"Não";1;0;0;0;1;0;0;1;-8,23379718;-35,71628894;"SPRF-PE";"DEL01-PE";"UOP02-DEL02PE"
235004;2019-09-12;"quinta-feira";"07:40:00";"BA";101;288,5;"LAJE";"Pista Escorregadia";"Colisão com objeto estático";"Sem Vítimas";"Pleno dia";"Crescente";"Chuva";"Simples";"Curva";"Não";1;0;0;0;1;0;0;1;-13,28940931;-39,32989104;"SPRF-BA";"DEL01-BA";"UOP02-DEL01-BA"
235005;2019-09-12;"quinta-feira";"22:00:00";"ES";262;5,8;"CARIACICA";"Desobediência às normas de trânsito pelo condutor";"Colisão transversal";"Com Vítimas Feridas";"Pleno dia";"Decrescente";"Céu Claro";"Dupla";"Reta";"Sim";3;0;0;1;1;1;1;3;-20,33840546;-40,39205259;"SPRF-ES";"DEL01-ES";"UOP01-DEL01-ES"
235009;2019-09-12;"quinta-feira";"21:45:00";"SC";101;329;"TUBARAO";"Desobediência às normas de trânsito pelo condutor";"Colisão com objeto estático";"Com Vítimas Feridas";"Plena Noite";"Decrescente";"Céu Claro";"Dupla";"Reta";"Sim";5;0;1;0;3;1;1;5;-28,44404822;-48,96611372;"SPRF-SC";"DEL02-SC";"UOP01-DEL02-SC"
235012;2019-09-12;"quinta-feira";"16:45:00";"MS";158;44;"PARANAIBA";"Falta de Atenção à Condução";"Colisão lateral";"Sem Vítimas";"Anoitecer";"Crescente";"Céu Claro";"Simples";"Reta";"Não";4;0;0;0;3;3;0;6;-19,3296979;-51,43803924;"SPRF-MS";"DEL08-MS";"UOP01-DEL08-MS"
235013;2019-09-12;"quinta-feira";"23:30:00";"RJ";40;40,1;"AREAL";"Falta de Atenção à Condução";"Colisão traseira";"Com Vítimas Feridas";"Plena Noite";"Crescente";"Céu Claro";"Dupla";"Aclive";"Não";3;0;1;0;1;1;1;3;-22,23901593;-43,10807783;"SPRF-RJ";"DEL06-RJ";"UOP02-DEL05-RJ"
235020;2019-09-12;"quinta-feira";"23:00:00";"SC";101;259;"PAULO LOPES";"Falta de Atenção à Condução";"Tombamento";"Com Vítimas Feridas";"Plena Noite";"Decrescente";"Nublado";"Dupla";"Reta;Ponte";"Não";2;0;1;0;0;1;1;2;-28,01604617;-48,69507551;"SPRF-SC";"DEL02-SC";"UOP03-DEL02-SC"
235027;2019-09-13;"sexta-feira";"01:45:00";"PI";316;45,8;"LAGOA DO PIAUI";"Condutor Dormindo";"Saída de leito carroçável";"Com Vítimas Feridas";"Plena Noite";"Crescente";"Céu Claro";"Simples";"Reta";"Não";2;0;1;0;0;1;1;2;-5,447076;-42,633682;"SPRF-PI";"DEL01-PI";"UOP02-DEL01-PI"
235031;2019-09-13;"sexta-feira";"04:30:00";"MG";40;551,5;"NOVA LIMA";"Condutor Dormindo";"Colisão traseira";"Com Vítimas Fatais";"Plena Noite";"Crescente";"Céu Claro";"Dupla";"Reta";"Sim";3;1;0;0;1;1;0;3;-20,05903029;-43,97626519;"SPRF-MG";"DEL01-MG";"UOP02-DEL01-MG"
235034;2019-09-13;"sexta-feira";"05:00:00";"PE";101;73,8;"RECIFE";"Velocidade Incompatível";"Tombamento";"Sem Vítimas";"Amanhecer";"Decrescente";"Céu Claro";"Dupla";"Curva";"Sim";2;0;0;0;1;1;0;2;-8,101919;-34,948615;"SPRF-PE";"DEL01-PE";"UOP01-DEL01-PE"
235035;2019-09-13;"sexta-feira";"04:00:00";"MT";364;542;"ROSARIO OESTE";"Velocidade Incompatível";"Colisão lateral";"Com Vítimas Feridas";"Anoitecer";"Decrescente";"Céu Claro";"Simples";"Reta";"Sim";5;0;3;0;1;3;3;5;-14,91290882;-56,47221224;"SPRF-MT";"DEL01-MT";"UOP01-DEL01-MT"