"id";"data_inversa";"dia_semana";"horario";"uf";"br";"km";"municipio";"causa_acidente";"tipo_acidente";"classificacao_acidente";"fase_dia";"sentido_via";"condicao_metereologica";"tipo_pista";"tracado_via";"uso_solo";"pessoas";"mortos";"feridos_leves";"feridos_graves";"ilesos";"ignorados";"feridos";"veiculos";"latitude";"longitude";"regional";"delegacia";"uop"
235402;2019-09-14;"sábado";"17:55:00";"RO";364;9,1;"VILHENA";"Ingestão de álcool e/ou substâncias psicoativas pelo pedestre";"Colisão com objeto estático";"Sem Vítimas";"Anoitecer";"Crescente";"Céu Claro";"Dupla";"Reta";"Não";3;0;0;0;2;2;0;4;-12,75881009;-60,1001711;"SPRF-RO";"DEL04-RO";"UOP01-DEL04-RO"
235403;2019-09-14;"sábado";"19:00:00";"PR";277;425;"VIRMOND";"Falta de Atenção à Condução";"Colisão traseira";"Com Vítimas Feridas";"Plena Noite";"Crescente";"Céu Claro";"Simples";"Reta";"Não";6;0;4;0;2;0;4;2;-25,37753155;-52,18952179;"SPRF-PR";"DEL04-PR";"UOP02-DEL04-PR"
235414;2019-09-14;"sábado";"20:15:00";"PI";316;0,3;"TERESINA";"Falta de Atenção à Condução";"Colisão lateral";"Sem Vítimas";"Plena Noite";"Decrescente";"Céu Claro";"Simples";"Ponte;Reta";"Sim";3;0;0;0;1;3;0;4;-5,131168;-42,81564;"SPRF-PI";"DEL01-PI";"UOP02-DEL01-PI"
235420;2019-09-14;"sábado";"20:20:00";"MG";251;472,3;"FRANCISCO SA";"Defeito Mecânico no Veículo";"Tombamento";"Com Vítimas Fatais";"Plena Noite";"Decrescente";"Céu Claro";"Simples";"Curva;Declive";"Não";5;1;1;2;0;1;3;3;-16,4669101;-43,43947986;"SPRF-MG";"DEL12-MG";"UOP01-DEL12-MG"
235430;2019-09-14;"sábado";"18:35:00";"SC";470;142,2;"RIO DO SUL";"Ingestão de Álcool";"Colisão lateral";"Com Vítimas Feridas";"Plena Noite";"Decrescente";"Nublado";"Simples";"Reta";"Não";3;0;1;0;1;1;1;3;-27,229801;-49,6693;"SPRF-SC";"DEL04-SC";"UOP02-DEL04-SC"
235440;2019-09-14;"sábado";"21:45:00";"BA";101;113;"ALAGOINHAS";"Ingestão de Álcool";"Colisão frontal";"Com Vítimas Fatais";"Plena Noite";"Crescente";"Chuva";"Simples";"Reta";"Não";5;2;1;0;1;2;1;5;-12,15963868;-38,41162324;"SPRF-BA";"DEL01-BA";"UOP04-DEL01-BA"
235443;2019-09-14;"sábado";"22:40:00";"SC";470;10;"NAVEGANTES";"Ingestão de Álcool";"Colisão lateral";"Sem Vítimas";"Plena Noite";"Crescente";"Garoa/Chuvisco";"Simples";"Reta";"Não";2;0;0;0;1;1;0;2;-26,833693;-48,73724;"SPRF-SC";"DEL04-SC";"UOP04-DEL04-SC"
235446;2019-09-14;"sábado";"15:50:00";"MA";135;62,8;"BACABEIRA";"Desobediência às normas de trânsito pelo condutor";"Colisão transversal";"Com Vítimas Feridas";"Pleno dia";"Crescente";"Céu Claro";"Simples";"Reta";"Não";3;0;0;1;1;2;1;4;-3,06977896;-44,32330426;"SPRF-MA";"DEL01-MA";"UOP02-DEL01-MA"
235448;2019-09-14;"sábado";"18:30:00";"BA";407;221;"CAPIM GROSSO";"Ingestão de Álcool";"Colisão frontal";"Com Vítimas Fatais";"Plena Noite";"Decrescente";"Céu Claro";"Simples";"Reta";"Não";5;1;0;0;3;1;0;4;-11,279778;-40,02181903;"SPRF-BA";"DEL04-BA";"UOP02-DEL04-BA"
235450;2019-09-14;"sábado";"22:40:00";"SC";470;129,5;"LONTRAS";"Sinalização da via insuficiente ou inadequada";"Colisão frontal";"Com Vítimas Feridas";"Plena Noite";"Decrescente";"Garoa/Chuvisco";"Simples";"Reta";"Sim";3;0;2;0;0;1;2;2;-27,148499;-49,556137;"SPRF-SC";"DEL04-SC";"UOP02-DEL04-SC"
235451;2019-09-14;"sábado";"23:45:00";"PR";369;22,1;"CAMBARA";"Ingestão de Álcool";"Colisão traseira";"Com Vítimas Feridas";"Plena Noite";"Crescente";"Céu Claro";"Simples";"Reta";"Não";4;0;1;1;1;1;2;3;-23,042198;-50,101197;"SPRF-PR";"DEL07-PR";"UOP05-DEL07-PR"
235463;2019-09-14;"sábado";"23:40:00";"MG";116;704,5;"MURIAE";"Desobediência às normas de trânsito pelo condutor";"Colisão transversal";"Sem Vítimas";"Plena Noite";"Decrescente";"Céu Claro";"Simples";"Interseção de Vias;Curva";"Sim";2;0;0;0;2;0;0;2;-21,124728;-42,381318;"SPRF-MG";"DEL07-MG";"UOP02-DEL07-MG"
235464;2019-09-14;"sábado";"23:30:00";"MG";365;613;"UBERLANDIA";"Carga excessiva e/ou mal acondicionada";"Colisão com objeto estático";"Sem Vítimas";"Plena Noite";"Crescente";"Céu Claro";"Simples";"Reta";"Sim";2;0;0;0;1;1;0;2;-18,9122749;-48,21989536;"SPRF-MG";"DEL15-MG";"UOP01-DEL15-MG"
235470;2019-09-15;"domingo";"01:00:00";"SC";101;428,5;"SOMBRIO";"Falta de Atenção à Condução";"Colisão lateral";"Sem Vítimas";"Plena Noite";"Decrescente";"Nublado";"Múltipla";"Viaduto";"Não";3;0;0;0;2;1;0;3;-29,05073352;-49,62073803;"SPRF-SC";"DEL02-SC";"UOP02-DEL02-SC"
235475;2019-09-15;"domingo";"01:00:00";"PI";230;254,5;"NAZARE DO PIAUI";"Animais na Pista";"Atropelamento de Animal";"Com Vítimas Feridas";"Plena Noite";"Decrescente";"Céu Claro";"Simples";"Reta";"Não";2;0;1;0;0;2;1;3;-6,99276149;-42,57903292;"SPRF-PI";"DEL03-PI";"UOP01-DEL03-PI"
235479;2019-09-15;"domingo";"01:05:00";"MG";116;250,2;"TEOFILO OTONI";"Falta de Atenção à Condução";"Colisão com objeto estático";"Sem Vítimas";"Plena Noite";"Decrescente";"Céu Claro";"Simples";"Reta";"Não";1;0;0;0;1;0;0;1;-17,643384;-41,496985;"SPRF-MG";"DEL11-MG";"UOP01-DEL11-MG"
235489;2019-09-15;"domingo";"04:40:00";"RS";472;116,4;"BOA VISTA DO BURICA";"Desobediência às normas de trânsito pelo condutor";"Colisão frontal";"Sem Vítimas";"Plena Noite";"Crescente";"Céu Claro";"Simples";"Reta";"Não";2;0;0;0;1;1;0;2;-27,68330007;-54,12448883;"SPRF-RS";"DEL10-RS";"UOP01-DEL10-RS"
235491;2019-09-15;"domingo";"05:10:00";"GO";153;508;"APARECIDA DE GOIANIA";"Ingestão de Álcool";"Colisão lateral";"Sem Vítimas";"Amanhecer";"Decrescente";"Céu Claro";"Dupla";"Curva";"Sim";3;0;0;0;2;1;0;3;-16,7804;-49,2371;"SPRF-GO";"DEL01-GO";"UOP03-DEL01-GO"
235497;2019-09-15;"domingo";"05:10:00";"MS";163;836,6;"SONORA";"Velocidade Incompatível";"Colisão traseira";"Com Vítimas Feridas";"Amanhecer";"Decrescente";"Céu Claro";"Simples";"Rotatória";"Sim";3;0;1;1;0;1;2;2;-17,58231308;-54,74314059;"SPRF-MS";"DEL06-MS";"UOP01-DEL06-MS"
235498;2019-09-14;"sábado";"19:20:00";"BA";101;905;"CARAVELAS";"Desobediência às normas de trânsito pelo condutor";"Tombamento";"Sem Vítimas";"Plena Noite";"Decrescente";"Nevoeiro/Neblina";"Simples";"Curva";"Não";1;0;0;0;1;0;0;1;-17,74905834;-39,7627978;"SPRF-BA";"DEL09-BA";"UOP02-DEL09-BA"
235509;2019-09-15;"domingo";"07:15:00";"RS";472;587;"URUGUAIANA";"Desobediência às normas de trânsito pelo condutor";"Colisão frontal";"Com Vítimas Feridas";"Amanhecer";"Crescente";"Céu Claro";"Simples";"Reta";"Não";3;0;0;1;1;1;1;3;-29,85088;-57,109496;"SPRF-RS";"DEL13-RS";"UOP01-DEL13-RS"
235517;2019-09-15;"domingo";"07:40:00";"RJ";393;214;"VASSOURAS";"Ultrapassagem Indevida";"Colisão lateral";"Com Vítimas Feridas";"Pleno dia";"Decrescente";"Céu Claro";"Simples";"Curva";"Não";4;0;1;1;0;2;2;3;-22,28549232;-43,47472176;"SPRF-RJ";"DEL05-RJ";"UOP03-DEL05-RJ"
235518;2019-09-15;"domingo";"07:03:00";"MG";262;866;"CAMPO FLORIDO";"Condutor Dormindo";"Saída de leito carroçável";"Com Vítimas Feridas";"Pleno dia";"Decrescente";"Céu Claro";"Dupla";"Reta";"Não";1;0;1;0;0;0;1;1;-19,78510165;-48,44068087;"SPRF-MG";"DEL13-MG";"UOP01-DEL13-MG"
235521;2019-09-15;"domingo";"08:00:00";"MG";381;575;"ITAGUARA";"Defeito Mecânico no Veículo";"Colisão traseira";"Com Vítimas Feridas";"Pleno dia";"Crescente";"Nublado";"Dupla";"Reta;Aclive";"Não";5;0;2;0;2;1;2;3;-20,44851689;-44,56733575;"SPRF-MG";"DEL04-MG";"UOP03-DEL04-MG"
235526;2019-09-15;"domingo";"08:30:00";"RJ";116;208,8;"PARACAMBI";"Desobediência às normas de trânsito pelo condutor";"Colisão lateral";"Com Vítimas Feridas";"Pleno dia";"Decrescente";"Céu Claro";"Dupla";"Curva";"Não";2;0;1;0;1;0;1;2;-22,71253976;-43,7355423;"SPRF-RJ";"DEL01-RJ";"UOP03-DEL01-RJ"
235536;2019-09-15;"domingo";"09:30:00";"ES";101;423;"ATILIO VIVACQUA";"Falta de Atenção à Condução";"Colisão lateral";"Com Vítimas Feridas";"Pleno dia";"Crescente";"Sol";"Simples";"Reta";"Não";9;0;5;1;1;2;6;5;-20,988749;-41,11846998;"SPRF-ES";"DEL03-ES";"UOP02-DEL03-ES"
235545;2019-09-15;"domingo";"08:00:00";"PA";316;94,6;"IGARAPE-ACU";"Ingestão de Álcool";"Colisão transversal";"Sem Vítimas";"Pleno dia";"Decrescente";"Céu Claro";"Simples";"Declive";"Não";3;0;0;0;3;0;0;3;-1,32568297;-47,656705;"SPRF-PA";"DEL01-PA";"UOP02-DEL01-PA"
235550;2019-09-15;"domingo";"11:20:00";"MG";381;836;"SAO SEBASTIAO DA BELA VISTA";"Falta de Atenção à Condução";"Saída de leito carroçável";"Com Vítimas Feridas";"Pleno dia";"Crescente";"Céu Claro";"Dupla";"Reta";"Não";2;0;1;0;0;1;1;2;-22,17812195;-45,84097411;"SPRF-MG";"DEL16-MG";"UOP01-DEL16-MG"
235551;2019-09-15;"domingo";"06:20:00";"CE";222;126;"ITAPAJE";"Velocidade Incompatível";"Tombamento";"Com Vítimas Feridas";"Pleno dia";"Crescente";"Céu Claro";"Simples";"Curva";"Sim";2;0;1;0;0;2;1;3;-3,69613087;-39,6007584;"SPRF-CE";"DEL04-CE";"UOP03-DEL04-CE"
235560;2019-09-15;"domingo";"12:30:00";"RS";116;527;"PELOTAS";"Velocidade Incompatível";"Saída de leito carroçável";"Sem Vítimas";"Pleno dia";"Decrescente";"Céu Claro";"Simples";"Rotatória";"Não";2;0;0;0;1;1;0;2;-31,74437251;-52,40392685;"SPRF-RS";"DEL07-RS";"UOP01-DEL07-RS"
235568;2019-09-15;"domingo";"13:30:00";"TO";153;149;"ARAGUAINA";"Não guardar distância de segurança";"Tombamento";"Com Vítimas Feridas";"Pleno dia";"Crescente";"Nublado";"Dupla";"Curva";"Sim";2;0;0;1;0;1;1;2;-7,239191;-48,254288;"SPRF-TO";"DEL02-TO";"UOP01-DEL02-TO"
235570;2019-09-15;"domingo";"10:20:00";"BA";101;283,6;"LAJE";"Velocidade Incompatível";"Colisão transversal";"Com Vítimas Fatais";"Pleno dia";"Decrescente";"Nublado";"Simples";"Curva";"Não";4;1;0;0;1;2;0;4;-13,137104;-39,294128;"SPRF-BA";"DEL01-BA";"UOP02-DEL01-BA"
235582;2019-09-15;"domingo";"12:30:00";"PR";476;92;"BOCAIUVA DO SUL";"Desobediência às normas de trânsito pelo condutor";"Colisão frontal";"Com Vítimas Feridas";"Pleno dia";"Crescente";"Sol";"Simples";"Reta";"Não";3;0;0;1;1;1;1;3;-25,200565;-49,116386;"SPRF-PR";"DEL01-PR";"UOP07-DEL01-PR"
235588;2019-09-15;"domingo";"15:00:00";"GO";153;692;"ITUMBIARA";"Restrição de Visibilidade";"Colisão traseira";"Com Vítimas Feridas";"Pleno dia";"Decrescente";"Vento";"Dupla";"Reta";"Não";3;0;1;0;2;0;1;2;-18,3259;-49,2276;"SPRF-GO";"DEL03-GO";"UOP02-DEL03-GO"
235590;2019-09-15;"domingo";"13:35:00";"SC";153;96,7;"CONCORDIA";"Falta de Atenção à Condução";"Colisão transversal";"Com Vítimas Feridas";"Pleno dia";"Crescente";"Céu Claro";"Simples";"Rotatória";"Não";3;0;0;1;1;1;1;3;-27,22450537;-51,95002198;"SPRF-SC";"DEL07-SC";"UOP04-DEL07-SC"
235598;2019-09-15;"domingo";"13:00:00";"MT";163;1104;"GUARANTA DO NORTE";"Defeito Mecânico no Veículo";"Tombamento";"Com Vítimas Feridas";"Pleno dia";"Decrescente";"Céu Claro";"Simples";"Curva;Declive";"Não";2;0;1;0;0;3;1;4;-9,64821841;-54,87234419;"SPRF-MT";"DEL06-MT";"UOP02-DEL06-MT"
235599;2019-09-15;"domingo";"15:40:00";"SC";101;204;"SAO JOSE";"Falta de Atenção à Condução";"Colisão lateral";"Com Vítimas Feridas";"Pleno dia";"Crescente";"Céu Claro";"Múltipla";"Reta";"Sim";3;0;1;0;2;0;1;2;-27,57413014;-48,61363083;"SPRF-SC";"DEL01-SC";"UOP01-DEL01-SC"
235603;2019-09-15;"domingo";"13:10:00";"RS";290;91,3;"PORTO ALEGRE";"Falta de Atenção à Condução";"Colisão lateral";"Sem Vítimas";"Pleno dia";"Decrescente";"Céu Claro";"Dupla";"Reta";"Não";2;0;0;0;2;0;0;2;-29,969055;-51,167439;"SPRF-RS";"DEL01-RS";"UOP01-DEL01-RS"
235610;2019-09-15;"domingo";"14:35:00";"MG";381;750,2;"TRES CORACOES";"Velocidade Incompatível";"Saída de leito carroçável";"Com Vítimas Feridas";"Pleno dia";"Crescente";"Sol";"Dupla";"Declive;Curva";"Não";3;0;1;1;1;0;2;2;-21,64328798;-45,28944254;"SPRF-MG";"DEL16-MG";"UOP02-DEL16-MG"
235614;2019-09-15;"domingo";"14:30:00";"MT";364;50,5;"ALTO GARCAS";"Defeito na Via";"Saída de leito carroçável";"Com Vítimas Feridas";"Pleno dia";"Decrescente";"Céu Claro";"Simples";"Declive";"Não";3;0;1;0;1;2;1;3;-16,99938724;-53,50076434;"SPRF-MT";"DEL02-MT";"UOP02-DEL02-MT"
235617;2019-09-15;"domingo";"12:00:00";"BA";242;257,2;"BOA VISTA DO TUPIM";"Defeito na Via";"Colisão lateral";"Com Vítimas Feridas";"Pleno dia";"Crescente";"Nevoeiro/Neblina";"Simples";"Curva";"Não";2;0;1;0;0;1;1;2;-12,48248103;-40,52734434;"SPRF-BA";"DEL06-BA";"UOP02-DEL06-BA"
235626;2019-09-15;"domingo";"16:45:00";"RS";386;297,9;"POUSO NOVO";"Falta de Atenção do Pedestre";"Atropelamento de Pedestre";"Com Vítimas Feridas";"Pleno dia";"Decrescente";"Céu Claro";"Simples";"Curva";"Não";4;0;0;1;1;3;1;4;-29,13870536;-52,23885298;"SPRF-RS";"DEL04-RS";"UOP01-DEL04-RS"
235632;2019-09-15;"domingo";"15:30:00";"PE";232;277,2;"SERTANIA";"Falta de Atenção à Condução";"Capotamento";"Com Vítimas Feridas";"Pleno dia";"Decrescente";"Sol";"Simples";"Reta";"Não";2;0;0;1;1;0;1;2;-8,36441811;-37,26769611;"SPRF-PE";"DEL03-PE";"UOP02-DEL03-PE"
235636;2019-09-15;"domingo";"18:15:00";"CE";222;135;"ITAPAJE";"Ingestão de álcool e/ou substâncias psicoativas pelo pedestre";"Atropelamento de Pedestre";"Com Vítimas Feridas";"Plena Noite";"Decrescente";"Céu Claro";"Simples";"Curva";"Não";2;0;0;1;0;1;1;2;-3,73432301;-39,667822;"SPRF-CE";"DEL04-CE";"UOP03-DEL04-CE"
235642;2019-09-15;"domingo";"11:30:00";"CE";222;307;"TIANGUA";"Falta de Atenção à Condução";"Colisão com objeto estático";"Sem Vítimas";"Pleno dia";"Crescente";"Céu Claro";"Dupla";"Reta";"Sim";2;0;0;0;1;1;0;2;-3,68203653;-40,97306466;"SPRF-CE";"DEL04-CE";"UOP02-DEL04-CE"
235646;2019-09-15;"domingo";"18:30:00";"SP";116;102;"PINDAMONHANGABA";"Falta de Atenção à Condução";"Colisão lateral";"Com Vítimas Feridas";"Plena Noite";"Decrescente";"Ignorado";"Dupla";"Reta";"Não";6;0;3;0;2;1;3;3;-22,99497994;-45,48951403;"SPRF-SP";"DEL06-SP";"UOP01-DEL06-SP"
235649;2019-09-15;"domingo";"16:00:00";"MT";163;606;"NOVA MUTUM";"Desobediência às normas de trânsito pelo condutor";"Colisão frontal";"Com Vítimas Feridas";"Pleno dia";"Crescente";"Céu Claro";"Simples";"Reta";"Não";4;0;2;0;1;2;2;4;-13,85460924;-56,08513817;"SPRF-MT";"DEL01-MT";"UOP01-DEL01-MT"
235653;2019-09-15;"domingo";"18:00:00";"MA";230;403;"BALSAS";"Defeito na Via";"Queda de ocupante de veículo";"Com Vítimas Fatais";"Plena Noite";"Decrescente";"Céu Claro";"Simples";"Reta";"Sim";3;1;0;0;2;0;0;2;-7,51686308;-46,03524183;"SPRF-MA";"DEL05-MA";"UOP01-DEL05-MA"
235654;2019-09-15;"domingo";"19:10:00";"RJ";393;279;"BARRA DO PIRAI";"Ingestão de Álcool";"Colisão frontal";"Com Vítimas Feridas";"Plena Noite";"Crescente";"Céu Claro";"Simples";"Reta";"Sim";3;0;1;0;1;1;1;3;-22,47615736;-44,00889998;"SPRF-RJ";"DEL05-RJ";"UOP04-DEL05-RJ"
235657;2019-09-15;"domingo";"18:50:00";"PR";476;148,4;"ARAUCARIA";"Ingestão de Álcool";"Colisão lateral";"Com Vítimas Feridas";"Plena Noite";"Decrescente";"Céu Claro";"Dupla";"Reta;Declive";"Sim";6;0;5;0;1;0;5;2;-25,55803098;-49,35632771;"SPRF-PR";"DEL01-PR";"UOP06-DEL01-PR"
235667;2019-09-15;"domingo";"19:30:00";"PE";101;135,8;"ESCADA";"Falta de Atenção à Condução";"Tombamento";"Com Vítimas Feridas";"Plena Noite";"Crescente";"Ignorado";"Dupla";"Curva";"Não";1;0;1;0;0;0;1;1;-8,41147616;-35,29599797;"SPRF-PE";"DEL01-PE";"UOP03-DEL01-PE"
235683;2019-09-15;"domingo";"18:40:00";"RJ";40;89;"PETROPOLIS";"Defeito Mecânico no Veículo";"Incêndio";"Sem Vítimas";"Plena Noite";"Crescente";"Nublado";"Simples";"Curva";"Não";2;0;0;0;1;1;0;2;-22,51114459;-43,32945049;"SPRF-RJ";"DEL06-RJ";"UOP01-DEL06-RJ"
235695;2019-09-15;"domingo";"21:50:00";"PI";343;348,1;"TERESINA";"Não guardar distância de segurança";"Colisão traseira";"Com Vítimas Feridas";"Plena Noite";"Decrescente";"Céu Claro";"Simples";"Reta";"Sim";2;0;0;1;1;0;1;2;-5,118706;-42,786411;"SPRF-PI";"DEL01-PI";"UOP01-DEL01-PI"
235696;2019-09-15;"domingo";"19:30:00";"RO";364;609,7;"ITAPUA DO OESTE";"Falta de Atenção à Condução";"Saída de leito carroçável";"Com Vítimas Feridas";"Plena Noite";"Crescente";"Céu Claro";"Simples";"Reta";"Não";2;0;1;0;0;2;1;3;-9,15550836;-63,22516702;"SPRF-RO";"DEL03-RO";"UOP04-DEL01-RO"
235703;2019-09-15;"domingo";"21:30:00";"ES";101;187,5;"ARACRUZ";"Defeito Mecânico no Veículo";"Incêndio";"Sem Vítimas";"Plena Noite";"Decrescente";"Céu Claro";"Simples";"Curva";"Não";1;0;0;0;1;0;0;1;-19,67082886;-40,25620825;"SPRF-ES";"DEL04-ES";"UOP01-DEL04-ES"
235714;2019-09-15;"domingo";"23:15:00";"CE";222;300;"TIANGUA";"Condutor Dormindo";"Colisão lateral";"Com Vítimas Feridas";"Plena Noite";"Crescente";"Céu Claro";"Simples";"Curva";"Não";3;0;1;0;2;0;1;2;-3,65653078;-40,9347551;"SPRF-CE";"DEL04-CE";"UOP02-DEL04-CE"
235716;2019-09-15;"domingo";"22:20:00";"PR";277;584,6;"CASCAVEL";"Não guardar distância de segurança";"Colisão traseira";"Sem Vítimas";"Plena Noite";"Decrescente";"Céu Claro";"Dupla";"Reta";"Sim";3;0;0;0;1;2;0;3;-24,96438501;-53,40968197;"SPRF-PR";"DEL04-PR";"UOP01-DEL04-PR"
235722;2019-09-16;"segunda-feira";"00:00:00";"GO";153;188;"URUACU";"Defeito na Via";"Saída de leito carroçável";"Com Vítimas Feridas";"Plena Noite";"Crescente";"Céu Claro";"Simples";"Declive";"Não";1;0;1;0;0;0;1;1;-14,411991;-49,157307;"SPRF-GO";"DEL07-GO";"UOP01-DEL07-GO"
235729;2019-09-16;"segunda-feira";"00:30:00";"BA";415;51;"ITABUNA";"Ingestão de Álcool";"Colisão traseira";"Sem Vítimas";"Plena Noite";"Decrescente";"Céu Claro";"Simples";"Reta";"Sim";5;0;0;0;3;3;0;6;-14,81574494;-39,29612388;"SPRF-BA";"DEL05-BA";"UOP01-DEL05-BA"
235734;2019-09-16;"segunda-feira";"03:30:00";"RJ";493;73;"NOVA IGUACU";"Animais na Pista";"Atropelamento de Animal";"Com Vítimas Feridas";"Plena Noite";"Crescente";"Céu Claro";"Dupla";"Reta";"Sim";2;0;2;0;0;0;2;1;-22,68878525;-43,49967957;"SPRF-RJ";"DEL01-RJ";"UOP03-DEL01-RJ"
235740;2019-09-16;"segunda-feira";"06:00:00";"RJ";101;273,8;"RIO BONITO";"Não guardar distância de segurança";"Colisão traseira";"Com Vítimas Fatais";"Pleno dia";"Crescente";"Sol";"Dupla";"Interseção de Vias";"Sim";3;1;0;0;1;1;0;3;-22,7316093;-42,71051285;"SPRF-RJ";"DEL02-RJ";"UOP03-DEL02-RJ"
235744;2019-09-16;"segunda-feira";"06:35:00";"MG";40;617,5;"CONGONHAS";"Desobediência às normas de trânsito pelo condutor";"Colisão transversal";"Com Vítimas Feridas";"Pleno dia";"Crescente";"Céu Claro";"Simples";"Interseção de Vias";"Sim";4;0;1;0;1;2;1;4;-20,55653643;-43,81433487;"SPRF-MG";"DEL05-MG";"UOP02-DEL05-MG"
235745;2019-09-16;"segunda-feira";"06:15:00";"PR";277;70,4;"SAO JOSE DOS PINHAIS";"Falta de Atenção à Condução";"Colisão traseira";"Com Vítimas Feridas";"Pleno dia";"Crescente";"Céu Claro";"Dupla";"Reta";"Não";4;0;2;0;2;0;2;3;-25,51179952;-49,12769437;"SPRF-PR";"DEL01-PR";"UOP01-DEL01-PR"
235746;2019-09-07;"sábado";"06:00:00";"SE";101;37,6;"CAPELA";"Defeito na Via";"Colisão lateral";"Com Vítimas Feridas";"Pleno dia";"Crescente";"Céu Claro";"Simples";"Reta";"Não";3;0;1;0;1;1;1;3;-10,50122699;-36,94528014;"SPRF-SE";"DEL02-SE";"UOP02-DEL02-SE"
235791;2019-09-15;"domingo";"20:30:00";"BA";101;329,5;"PRESIDENTE TANCREDO NEVES";"Desobediência às normas de trânsito pelo condutor";"Colisão frontal";"Com Vítimas Fatais";"Plena Noite";"Crescente";"Chuva";"Simples";"Reta";"Não";2;1;0;0;1;0;0;2;-13,45674231;-39,41928864;"SPRF-BA";"DEL05-BA";"UOP03-DEL05-BA"
235831;2019-09-16;"segunda-feira";"07:05:00";"PR";116;103;"SAO JOSE DOS PINHAIS";"Falta de Atenção à Condução";"Colisão lateral";"Sem Vítimas";"Pleno dia";"Crescente";"Céu Claro";"Dupla";"Reta";"Não";4;0;0;0;3;1;0;4;-25,55944814;-49,15099774;"SPRF-PR";"DEL01-PR";"UOP01-DEL01-PR"
235833;2019-09-16;"segunda-feira";"07:40:00";"PR";116;102;"SAO JOSE DOS PINHAIS";"Desobediência às normas de trânsito pelo condutor";"Colisão lateral";"Com Vítimas Feridas";"Pleno dia";"Crescente";"Céu Claro";"Dupla";"Reta";"Não";4;0;1;0;2;1;1;4;-25,550639;-49,15025;"SPRF-PR";"DEL01-PR";"UOP01-DEL01-PR"
235849;2019-09-16;"segunda-feira";"09:00:00";"ES";101;287,1;"CARIACICA";"Defeito Mecânico no Veículo";"Incêndio";"Sem Vítimas";"Pleno dia";"Decrescente";"Céu Claro";"Dupla";"Reta";"Sim";1;0;0;0;1;0;0;1;-20,26493528;-40,38471702;"SPRF-ES";"DEL01-ES";"UOP01-DEL01-ES"
235850;2019-09-16;"segunda-feira";"08:40:00";"PR";163;150,4;"SANTA LUCIA";"Defeito Mecânico no Veículo";"Colisão traseira";"Com Vítimas Feridas";"Pleno dia";"Crescente";"Céu Claro";"Simples";"Curva";"Não";3;0;2;0;1;0;2;2;-25,41826795;-53,57319123;"SPRF-PR";"DEL04-PR";"UOP05-DEL05-PR"
235855;2019-07-30;"terça-feira";"16:00:00";"BA";30;238;"GUANAMBI";"Velocidade Incompatível";"Colisão lateral";"Com Vítimas Feridas";"Pleno dia";"Decrescente";"Ignorado";"Simples";"Curva";"Não";3;0;0;1;1;1;1;3;-14,12441815;-42,6169509;"SPRF-BA";"DEL08-BA";"UOP01-DEL08-BA"
235875;2019-09-16;"segunda-feira";"07:10:00";"RO";364;784;"PORTO VELHO";"Desobediência às normas de trânsito pelo condutor";"Colisão frontal";"Com Vítimas Feridas";"Amanhecer";"Crescente";"Céu Claro";"Simples";"Aclive";"Não";4;0;1;0;2;1;1;4;-9,20556302;-64,281072;"SPRF-RO";"DEL01-RO";"UOP02-DEL01-RO"
235876;2019-09-16;"segunda-feira";"04:30:00";"BA";116;588;"NOVA ITARANA";"Falta de Atenção à Condução";"Saída de leito carroçável";"Sem Vítimas";"Amanhecer";"Crescente";"Céu Claro";"Simples";"Aclive;Curva";"Não";1;0;0;0;1;0;0;1;-13,12433084;-39,99106463;"SPRF-BA";"DEL03-BA";"UOP02-DEL03-BA"
235883;2019-09-16;"segunda-feira";"06:00:00";"MG";116;641;"DIVINO";"Velocidade Incompatível";"Saída de leito carroçável";"Com Vítimas Fatais";"Amanhecer";"Decrescente";"Ignorado";"Simples";"Curva";"Não";1;1;0;0;0;0;0;1;-20,65174856;-42,25370097;"SPRF-MG";"DEL07-MG";"UOP03-DEL07-MG"
235884;2019-09-16;"segunda-feira";"09:30:00";"BA";116;451;"ANTONIO CARDOSO";"Não guardar distância de segurança";"Engavetamento";"Com Vítimas Feridas";"Pleno dia";"Crescente";"Céu Claro";"Simples";"Reta";"Sim";5;0;0;1;2;3;1;6;-12,385248;-39,135998;"SPRF-BA";"DEL02-BA";"UOP01-DEL02-BA"
235887;2019-08-23;"sexta-feira";"20:30:00";"MG";381;885,5;"ESTIVA";"Falta de Atenção à Condução";"Colisão com objeto estático";"Com Vítimas Feridas";"Plena Noite";"Decrescente";"Céu Claro";"Dupla";"Reta";"Não";12;0;10;0;1;1;10;4;-22,49423052;-46,01266553;"SPRF-MG";"DEL16-MG";"UOP01-DEL16-MG"
235891;2019-04-27;"sábado";"21:10:00";"GO";40;5,8;"VALPARAISO DE GOIAS";"Falta de Atenção à Condução";"Colisão transversal";"Com Vítimas Fatais";"Plena Noite";"Crescente";"Céu Claro";"Dupla";"Reta";"Sim";2;1;0;0;1;0;0;2;-16,093134;-47,982236;"SPRF-DF";"DEL01-DF";"UOP01-DEL01-DF"
235893;2019-09-16;"segunda-feira";"10:30:00";"SP";116;229,9;"SAO PAULO";"Falta de Atenção à Condução";"Colisão traseira";"Com Vítimas Feridas";"Pleno dia";"Crescente";"Nublado";"Múltipla";"Reta";"Não";2;0;1;0;1;0;1;2;-23,51291902;-46,57604698;"SPRF-SP";"DEL01-SP";"UOP01-DEL01-SP"