"id";"data_inversa";"dia_semana";"horario";"uf";"br";"km";"municipio";"causa_acidente";"tipo_acidente";"classificacao_acidente";"fase_dia";"sentido_via";"condicao_metereologica";"tipo_pista";"tracado_via";"uso_solo";"pessoas";"mortos";"feridos_leves";"feridos_graves";"ilesos";"ignorados";"feridos";"veiculos";"latitude";"longitude";"regional";"delegacia";"uop"
236225;2019-09-18;"quarta-feira";"04:45:00";"PE";232;112,9;"BEZERROS";"Condutor Dormindo";"Colisão com objeto estático";"Sem Vítimas";"Pleno dia";"Crescente";"Garoa/Chuvisco";"Dupla";"Reta";"Sim";2;0;0;0;2;0;0;1;-8,29729696;-35,83146101;"SPRF-PE";"DEL02-PE";"UOP03-DEL02-PE"
236229;2019-09-18;"quarta-feira";"04:30:00";"MT";364;347;"SANTO ANTONIO DO LEVERGER";"Velocidade Incompatível";"Colisão com objeto estático";"Com Vítimas Feridas";"Amanhecer";"Crescente";"Céu Claro";"Dupla";"Reta";"Não";2;0;1;0;0;2;1;3;-15,807347;-55,54692;"SPRF-MT";"DEL02-MT";"UOP02-DEL01-MT"
236230;2019-09-17;"terça-feira";"16:20:00";"RS";116;323,7;"BARRA DO RIBEIRO";"Ultrapassagem Indevida";"Colisão frontal";"Com Vítimas Fatais";"Pleno dia";"Decrescente";"Nublado";"Simples";"Em Obras;Curva";"Não";9;2;3;0;3;3;3;8;-30,31825499;-51,41803405;"SPRF-RS";"DEL02-RS";"UOP01-DEL02-RS"
236235;2019-09-18;"quarta-feira";"05:30:00";"SC";101;413,9;"ARARANGUA";"Falta de Atenção à Condução";"Saída de leito carroçável";"Sem Vítimas";"Plena Noite";"Crescente";"Chuva";"Múltipla";"Reta";"Sim";2;0;0;0;1;1;0;2;-28,94605997;-49,50428402;"SPRF-SC";"DEL02-SC";"UOP02-DEL02-SC"
236242;2019-09-16;"segunda-feira";"12:30:00";"PI";135;388;"BOM JESUS";"Defeito na Via";"Tombamento";"Com Vítimas Feridas";"Pleno dia";"Decrescente";"Sol";"Simples";"Reta";"Não";2;0;1;0;0;2;1;3;-9,33351203;-44,52121394;"SPRF-PI";"DEL03-PI";"UOP02-DEL03-PI"
236249;2019-09-17;"terça-feira";"23:00:00";"BA";407;99;"JAGUARARI";"Falta de Atenção à Condução";"Atropelamento de Pedestre";"Com Vítimas Fatais";"Plena Noite";"Decrescente";"Céu Claro";"Simples";"Reta";"Não";2;1;0;0;0;1;0;2;-10,22800081;-40,2082637;"SPRF-BA";"DEL04-BA";"UOP01-DEL04-BA"
236265;2019-09-18;"quarta-feira";"07:40:00";"SC";470;141;"RIO DO SUL";"Falta de Atenção à Condução";"Colisão traseira";"Com Vítimas Feridas";"Pleno dia";"Decrescente";"Chuva";"Simples";"Reta";"Sim";2;0;1;0;1;0;1;2;-27,226065;-49,666161;"SPRF-SC";"DEL04-SC";"UOP02-DEL04-SC"
236268;2019-09-18;"quarta-feira";"08:45:00";"SC";470;64,1;"INDAIAL";"Avarias e/ou desgaste excessivo no pneu";"Colisão lateral";"Com Vítimas Feridas";"Pleno dia";"Crescente";"Chuva";"Simples";"Reta";"Não";3;0;2;0;1;0;2;3;-26,869867;-49,201859;"SPRF-SC";"DEL04-SC";"UOP01-DEL04-SC"
236270;2019-09-18;"quarta-feira";"09:50:00";"PB";230;331,2;"PATOS";"Condutor Dormindo";"Colisão frontal";"Com Vítimas Feridas";"Pleno dia";"Crescente";"Sol";"Simples";"Curva";"Não";2;0;0;1;0;1;1;2;-7,0207;-37,2309;"SPRF-PB";"DEL03-PB";"UOP01-DEL03-PB"
236271;2019-09-18;"quarta-feira";"09:40:00";"MG";40;525,5;"CONTAGEM";"Falta de Atenção do Pedestre";"Atropelamento de Pedestre";"Com Vítimas Feridas";"Pleno dia";"Decrescente";"Céu Claro";"Dupla";"Aclive;Reta";"Sim";2;0;1;0;1;0;1;2;-19,88361702;-44,05039336;"SPRF-MG";"DEL01-MG";"UOP02-DEL01-MG"
236272;2019-09-18;"quarta-feira";"08:30:00";"MG";365;656;"UBERLANDIA";"Velocidade Incompatível";"Tombamento";"Com Vítimas Feridas";"Pleno dia";"Crescente";"Sol";"Dupla";"Interseção de Vias;Curva;Em Obras";"Não";4;0;2;0;1;2;2;4;-18,88179209;-48,6075449;"SPRF-MG";"DEL15-MG";"UOP01-DEL15-MG"
236273;2019-09-18;"quarta-feira";"10:00:00";"PR";376;499,3;"PONTA GROSSA";"Falta de Atenção à Condução";"Colisão lateral";"Com Vítimas Feridas";"Pleno dia";"Crescente";"Céu Claro";"Dupla";"Reta";"Sim";2;0;1;0;0;1;1;2;-25,19475149;-50,07738945;"SPRF-PR";"DEL03-PR";"UOP04-DEL03-PR"
236275;2019-09-18;"quarta-feira";"10:00:00";"MG";40;545,1;"NOVA LIMA";"Falta de Atenção à Condução";"Saída de leito carroçável";"Sem Vítimas";"Pleno dia";"Crescente";"Céu Claro";"Dupla";"Reta";"Não";2;0;0;0;1;1;0;2;-20,00670404;-43,96418668;"SPRF-MG";"DEL01-MG";"UOP02-DEL01-MG"
236283;2019-09-18;"quarta-feira";"10:30:00";"GO";40;2;"VALPARAISO DE GOIAS";"Não guardar distância de segurança";"Engavetamento";"Sem Vítimas";"Pleno dia";"Crescente";"Céu Claro";"Dupla";"Reta";"Sim";4;0;0;0;3;1;0;4;-16,067129;-47,984235;"SPRF-DF";"DEL01-DF";"UOP01-DEL01-DF"
236284;2019-09-18;"quarta-feira";"11:45:00";"MG";354;712,3;"CAXAMBU";"Não guardar distância de segurança";"Colisão traseira";"Com Vítimas Feridas";"Pleno dia";"Crescente";"Céu Claro";"Simples";"Curva";"Não";10;0;2;0;7;1;2;4;-22,04873198;-44,92665648;"SPRF-MG";"DEL05-MG";"UOP01-DEL17-MG"
236287;2019-09-18;"quarta-feira";"01:10:00";"MG";459;41,5;"SANTA RITA DE CALDAS";"Velocidade Incompatível";"Colisão frontal";"Com Vítimas Fatais";"Plena Noite";"Crescente";"Céu Claro";"Simples";"Curva";"Não";3;1;0;0;1;1;0;3;-22,0036975;-46,30994797;"SPRF-MG";"DEL16-MG";"UOP01-DEL09-MG"
236295;2019-09-18;"quarta-feira";"12:50:00";"MG";40;698,5;"BARBACENA";"Restrição de Visibilidade";"Colisão frontal";"Com Vítimas Fatais";"Pleno dia";"Decrescente";"Céu Claro";"Simples";"Reta;Declive";"Não";3;1;1;1;0;0;2;3;-21,16235;-43,759854;"SPRF-MG";"DEL05-MG";"UOP02-DEL05-MG"
236299;2019-09-18;"quarta-feira";"10:28:00";"RS";116;567,3;"PEDRO OSORIO";"Defeito Mecânico no Veículo";"Incêndio";"Sem Vítimas";"Pleno dia";"Crescente";"Céu Claro";"Simples";"Reta";"Não";2;0;0;0;2;0;0;1;-31,94026315;-52,75459385;"SPRF-RS";"DEL07-RS";"UOP03-DEL07-RS"
236300;2019-09-18;"quarta-feira";"12:30:00";"PR";376;218;"JANDAIA DO SUL";"Desobediência às normas de trânsito pelo condutor";"Colisão transversal";"Com Vítimas Feridas";"Pleno dia";"Decrescente";"Céu Claro";"Simples";"Interseção de Vias";"Sim";2;0;0;1;1;0;1;2;-23,59717604;-51,615043;"SPRF-PR";"DEL07-PR";"UOP03-DEL07-PR"
236301;2019-09-18;"quarta-feira";"11:00:00";"PR";277;442,1;"LARANJEIRAS DO SUL";"Falta de Atenção à Condução";"Tombamento";"Sem Vítimas";"Pleno dia";"Decrescente";"Céu Claro";"Simples";"Curva";"Não";2;0;0;0;1;1;0;2;-25,37458072;-52,2742009;"SPRF-PR";"DEL04-PR";"UOP02-DEL04-PR"
236302;2019-09-18;"quarta-feira";"12:55:00";"MG";40;770,5;"JUIZ DE FORA";"Velocidade Incompatível";"Tombamento";"Com Vítimas Feridas";"Pleno dia";"Decrescente";"Céu Claro";"Simples";"Curva";"Não";3;0;2;0;0;1;2;2;-21,59924304;-43,4579108;"SPRF-MG";"DEL05-MG";"UOP01-DEL05-MG"
236303;2019-09-18;"quarta-feira";"10:40:00";"MT";364;58,9;"ALTO GARCAS";"Falta de Atenção à Condução";"Colisão transversal";"Com Vítimas Feridas";"Pleno dia";"Decrescente";"Sol";"Simples";"Reta";"Sim";3;0;0;1;1;1;1;3;-16,93623873;-53,53436782;"SPRF-MT";"DEL02-MT";"UOP02-DEL02-MT"
236308;2019-09-18;"quarta-feira";"13:00:00";"MT";70;84,9;"GENERAL CARNEIRO";"Defeito Mecânico no Veículo";"Tombamento";"Com Vítimas Feridas";"Pleno dia";"Decrescente";"Céu Claro";"Simples";"Curva";"Não";3;0;1;0;1;1;1;2;-15,62211981;-52,83378091;"SPRF-MT";"DEL07-MT";"UOP01-DEL07-MT"
236309;2019-09-18;"quarta-feira";"13:55:00";"SP";116;222;"GUARULHOS";"Não guardar distância de segurança";"Colisão lateral";"Com Vítimas Feridas";"Pleno dia";"Crescente";"Céu Claro";"Simples";"Reta";"Não";5;0;0;2;3;0;2;4;-23,4712917;-46,51697159;"SPRF-SP";"DEL01-SP";"UOP01-DEL01-SP"
236314;2019-09-18;"quarta-feira";"13:00:00";"SE";101;150,6;"ESTANCIA";"Desobediência às normas de trânsito pelo condutor";"Colisão transversal";"Com Vítimas Feridas";"Pleno dia";"Decrescente";"Garoa/Chuvisco";"Simples";"Reta";"Sim";3;0;1;0;1;1;1;3;-11,26151;-37,441227;"SPRF-SE";"DEL02-SE";"UOP01-DEL02-SE"
236317;2019-09-18;"quarta-feira";"14:55:00";"MG";381;405;"BOM JESUS DO AMPARO";"Desobediência às normas de trânsito pelo condutor";"Colisão frontal";"Com Vítimas Fatais";"Pleno dia";"Crescente";"Céu Claro";"Simples";"Reta";"Não";5;3;0;0;1;2;0;4;-19,74358347;-43,55101725;"SPRF-MG";"DEL01-MG";"UOP01-DEL01-MG"
236322;2019-09-18;"quarta-feira";"12:50:00";"MT";163;950;"NOVA SANTA HELENA";"Ultrapassagem Indevida";"Colisão traseira";"Com Vítimas Feridas";"Pleno dia";"Crescente";"Céu Claro";"Simples";"Declive;Curva";"Não";3;0;1;0;1;2;1;4;-10,88502414;-55,20090625;"SPRF-MT";"DEL06-MT";"UOP02-DEL06-MT"
236325;2019-09-18;"quarta-feira";"14:10:00";"ES";101;184;"ARACRUZ";"Carga excessiva e/ou mal acondicionada";"Tombamento";"Com Vítimas Feridas";"Pleno dia";"Decrescente";"Céu Claro";"Simples";"Curva";"Não";2;0;1;0;0;1;1;2;-19,65524008;-40,23355674;"SPRF-ES";"DEL04-ES";"UOP01-DEL04-ES"
236327;2019-09-18;"quarta-feira";"14:30:00";"BA";116;781;"PLANALTO";"Falta de Atenção à Condução";"Saída de leito carroçável";"Com Vítimas Feridas";"Pleno dia";"Crescente";"Céu Claro";"Simples";"Reta";"Não";2;0;2;0;0;0;2;1;-14,64103496;-40,45381311;"SPRF-BA";"DEL08-BA";"UOP02-DEL08-BA"
236328;2019-09-18;"quarta-feira";"14:20:00";"PR";163;202;"CASCAVEL";"Falta de Atenção à Condução";"Tombamento";"Com Vítimas Feridas";"Pleno dia";"Crescente";"Nublado";"Simples";"Declive";"Não";1;0;1;0;0;0;1;1;-25,01364099;-53,55458482;"SPRF-PR";"DEL04-PR";"UOP05-DEL05-PR"
236329;2019-09-18;"quarta-feira";"10:20:00";"MG";356;277,2;"MURIAE";"Carga excessiva e/ou mal acondicionada";"Tombamento";"Com Vítimas Feridas";"Pleno dia";"Decrescente";"Céu Claro";"Simples";"Curva";"Não";2;0;1;0;0;1;1;2;-21,1250463;-42,2720529;"SPRF-MG";"DEL07-MG";"UOP02-DEL07-MG"
236330;2019-09-18;"quarta-feira";"11:35:00";"MA";222;263,8;"ARARI";"Falta de Atenção à Condução";"Colisão traseira";"Sem Vítimas";"Pleno dia";"Crescente";"Céu Claro";"Simples";"Reta";"Não";7;0;0;0;5;2;0;4;-3,57371589;-44,58787511;"SPRF-MA";"DEL01-MA";"UOP02-DEL01-MA"
236335;2019-09-18;"quarta-feira";"15:55:00";"PR";116;55;"CAMPINA GRANDE DO SUL";"Falta de Atenção à Condução";"Colisão lateral";"Sem Vítimas";"Pleno dia";"Decrescente";"Garoa/Chuvisco";"Dupla";"Reta";"Não";3;0;0;0;2;2;0;4;-25,27333381;-48,92168126;"SPRF-PR";"DEL01-PR";"UOP02-DEL01-PR"
236341;2019-07-27;"sábado";"18:00:00";"PA";163;569,2;"TRAIRAO";"Restrição de Visibilidade";"Colisão frontal";"Com Vítimas Feridas";"Pleno dia";"Decrescente";"Céu Claro";"Simples";"Reta";"Não";10;0;1;2;5;15;3;20;-5,06093967;-56,16435663;"SPRF-PA";"DEL05-PA";"UOP01-DEL05-PA"
236342;2019-09-18;"quarta-feira";"14:30:00";"BA";116;372,9;"LAMARAO";"Defeito Mecânico no Veículo";"Incêndio";"Sem Vítimas";"Pleno dia";"Decrescente";"Céu Claro";"Simples";"Curva";"Não";2;0;0;0;1;1;0;2;-11,79020102;-38,98550402;"SPRF-BA";"DEL02-BA";"UOP01-DEL02-BA"
236346;2019-09-18;"quarta-feira";"05:20:00";"MG";262;404;"PARA DE MINAS";"Velocidade Incompatível";"Saída de leito carroçável";"Sem Vítimas";"Amanhecer";"Decrescente";"Céu Claro";"Simples";"Curva";"Não";1;0;0;0;1;0;0;1;-19,88464192;-44,61618402;"SPRF-MG";"DEL08-MG";"UOP03-DEL08-MG"
236348;2019-09-18;"quarta-feira";"15:30:00";"MG";381;701,5;"LAVRAS";"Mal Súbito";"Colisão com objeto estático";"Com Vítimas Feridas";"Pleno dia";"Decrescente";"Céu Claro";"Dupla";"Reta";"Não";2;0;0;1;1;0;1;2;-21,29482517;-45,14914179;"SPRF-MG";"DEL04-MG";"UOP02-DEL04-MG"
236349;2019-09-18;"quarta-feira";"17:20:00";"MG";381;702,2;"LAVRAS";"Falta de Atenção à Condução";"Colisão traseira";"Com Vítimas Feridas";"Anoitecer";"Decrescente";"Céu Claro";"Dupla";"Reta";"Não";3;0;1;0;1;1;1;3;-21,29759328;-45,1500535;"SPRF-MG";"DEL04-MG";"UOP02-DEL04-MG"
236352;2019-09-18;"quarta-feira";"12:15:00";"SC";282;403,2;"JOACABA";"Pista Escorregadia";"Tombamento";"Com Vítimas Feridas";"Pleno dia";"Crescente";"Chuva";"Simples";"Curva";"Não";1;0;1;0;0;0;1;1;-27,108929;-51,635838;"SPRF-SC";"DEL07-SC";"UOP05-DEL07-SC"
236355;2019-09-18;"quarta-feira";"18:10:00";"SP";116;178;"GUARAREMA";"Falta de Atenção à Condução";"Colisão traseira";"Com Vítimas Feridas";"Anoitecer";"Decrescente";"Céu Claro";"Dupla";"Reta";"Não";3;0;1;0;0;2;1;3;-23,327667;-46,128108;"SPRF-SP";"DEL02-SP";"UOP01-DEL02-SP"
236361;2019-09-18;"quarta-feira";"17:00:00";"PR";369;186;"ARAPONGAS";"Desobediência às normas de trânsito pelo condutor";"Colisão lateral";"Com Vítimas Feridas";"Pleno dia";"Crescente";"Céu Claro";"Simples";"Reta";"Sim";2;0;1;0;1;0;1;2;-23,41621602;-51,42715216;"SPRF-PR";"DEL07-PR";"UOP03-DEL07-PR"
236362;2019-09-18;"quarta-feira";"17:40:00";"AL";101;149;"JEQUIA DA PRAIA";"Defeito Mecânico no Veículo";"Saída de leito carroçável";"Com Vítimas Feridas";"Plena Noite";"Decrescente";"Céu Claro";"Simples";"Curva";"Não";2;0;1;0;0;1;1;2;-9,89402674;-36,14110191;"SPRF-AL";"DEL02-AL";"UOP02-DEL02-AL"
236366;2019-09-18;"quarta-feira";"14:06:00";"SC";101;6;"GARUVA";"Mal Súbito";"Saída de leito carroçável";"Sem Vítimas";"Pleno dia";"Decrescente";"Céu Claro";"Dupla";"Reta";"Sim";2;0;0;0;1;1;0;2;-26,03609717;-48,86012793;"SPRF-SC";"DEL03-SC";"UOP01-DEL03-SC"
236367;2019-09-18;"quarta-feira";"06:55:00";"MG";116;765,4;"LEOPOLDINA";"Falta de Atenção à Condução";"Colisão transversal";"Com Vítimas Feridas";"Amanhecer";"Crescente";"Céu Claro";"Simples";"Interseção de Vias";"Sim";3;0;0;1;1;1;1;3;-21,5197389;-42,6491103;"SPRF-MG";"DEL07-MG";"UOP01-DEL07-MG"
236370;2019-09-18;"quarta-feira";"18:00:00";"PR";277;20,8;"MORRETES";"Falta de Atenção à Condução";"Colisão traseira";"Sem Vítimas";"Anoitecer";"Crescente";"Chuva";"Dupla";"Reta";"Não";3;0;0;0;2;2;0;4;-25,55344668;-48,66191283;"SPRF-PR";"DEL01-PR";"UOP05-DEL01-PR"
236372;2019-09-18;"quarta-feira";"19:00:00";"RJ";116;270;"BARRA MANSA";"Não guardar distância de segurança";"Colisão traseira";"Com Vítimas Feridas";"Plena Noite";"Crescente";"Céu Claro";"Dupla";"Reta";"Não";3;0;1;0;1;2;1;4;-22,56923335;-44,12024318;"SPRF-RJ";"DEL07-RJ";"UOP02-DEL07-RJ"
236374;2019-09-18;"quarta-feira";"14:30:00";"MG";40;588,1;"ITABIRITO";"Velocidade Incompatível";"Colisão com objeto estático";"Com Vítimas Fatais";"Pleno dia";"Crescente";"Céu Claro";"Simples";"Curva";"Não";3;1;0;1;0;1;1;2;-20,356622;-43,909552;"SPRF-MG";"DEL01-MG";"UOP02-DEL01-MG"
236378;2019-09-18;"quarta-feira";"18:50:00";"RO";364;704;"PORTO VELHO";"Deficiência ou não Acionamento do Sistema de Iluminação/Sinalização do Veículo";"Colisão traseira";"Com Vítimas Feridas";"Plena Noite";"Decrescente";"Céu Claro";"Dupla";"Retorno Regulamentado";"Sim";3;0;0;1;2;0;1;3;-8,80032739;-63,804543;"SPRF-RO";"DEL01-RO";"UOP01-DEL01-RO"
236380;2019-09-18;"quarta-feira";"16:50:00";"MG";262;404,1;"PARA DE MINAS";"Falta de Atenção à Condução";"Colisão traseira";"Com Vítimas Fatais";"Pleno dia";"Crescente";"Céu Claro";"Dupla";"Aclive;Reta";"Não";2;1;0;0;1;0;0;2;-19,89195069;-44,58054391;"SPRF-MG";"DEL08-MG";"UOP03-DEL08-MG"
236381;2019-09-18;"quarta-feira";"20:40:00";"PR";277;583;"CASCAVEL";"Falta de Atenção à Condução";"Colisão traseira";"Com Vítimas Feridas";"Plena Noite";"Decrescente";"Céu Claro";"Dupla";"Reta";"Sim";4;0;2;0;2;0;2;3;-24,97165493;-53,39428595;"SPRF-PR";"DEL04-PR";"UOP01-DEL04-PR"
236385;2019-09-18;"quarta-feira";"16:30:00";"MG";40;515,9;"RIBEIRAO DAS NEVES";"Não guardar distância de segurança";"Derramamento de carga";"Sem Vítimas";"Pleno dia";"Decrescente";"Céu Claro";"Dupla";"Reta";"Sim";1;0;0;0;1;0;0;1;-19,8090079;-44,09493479;"SPRF-MG";"DEL01-MG";"UOP02-DEL01-MG"
236388;2019-09-18;"quarta-feira";"14:20:00";"SC";282;394,8;"JOACABA";"Velocidade Incompatível";"Saída de leito carroçável";"Sem Vítimas";"Pleno dia";"Decrescente";"Chuva";"Simples";"Curva";"Não";3;0;0;0;2;2;0;4;-27,16017;-51,58284;"SPRF-SC";"DEL07-SC";"UOP05-DEL07-SC"
236392;2019-09-18;"quarta-feira";"17:00:00";"SC";280;229,8;"CANOINHAS";"Defeito Mecânico no Veículo";"Capotamento";"Com Vítimas Feridas";"Anoitecer";"Crescente";"Chuva";"Simples";"Reta";"Não";1;0;1;0;0;0;1;1;-26,18601731;-50,35213894;"SPRF-SC";"DEL06-SC";"UOP04-DEL06-SC"
236395;2019-09-18;"quarta-feira";"21:10:00";"RN";304;76,1;"MOSSORO";"Ultrapassagem Indevida";"Saída de leito carroçável";"Com Vítimas Feridas";"Plena Noite";"Crescente";"Céu Claro";"Simples";"Reta";"Não";6;0;5;0;0;1;5;2;-5,445493;-37,191483;"SPRF-RN";"DEL04-RN";"UOP01-DEL04-RN"
236399;2019-09-17;"terça-feira";"19:10:00";"RS";386;34;"FREDERICO WESTPHALEN";"Falta de Atenção do Pedestre";"Atropelamento de Pedestre";"Com Vítimas Feridas";"Plena Noite";"Decrescente";"Nublado";"Simples";"Reta";"Sim";2;0;0;1;1;0;1;2;-27,358442;-53,388298;"SPRF-RS";"DEL08-RS";"UOP02-DEL08-RS"
236405;2019-09-18;"quarta-feira";"21:15:00";"PR";376;339;"ORTIGUEIRA";"Velocidade Incompatível";"Tombamento";"Com Vítimas Feridas";"Plena Noite";"Crescente";"Nublado";"Simples";"Curva;Declive";"Não";2;0;1;0;0;1;1;2;-24,1398612;-51,0059166;"SPRF-PR";"DEL07-PR";"UOP02-DEL07-PR"
236408;2019-09-18;"quarta-feira";"17:40:00";"BA";116;365,8;"SERRINHA";"Falta de Atenção do Pedestre";"Atropelamento de Pedestre";"Com Vítimas Fatais";"Anoitecer";"Decrescente";"Céu Claro";"Simples";"Reta";"Não";2;1;0;0;1;0;0;2;-11,716082;-38,98655168;"SPRF-BA";"DEL02-BA";"UOP01-DEL02-BA"
236413;2019-09-18;"quarta-feira";"15:30:00";"RO";421;25;"MONTE NEGRO";"Desobediência às normas de trânsito pelo condutor";"Saída de leito carroçável";"Sem Vítimas";"Pleno dia";"Crescente";"Nublado";"Simples";"Reta";"Não";2;0;0;0;1;1;0;2;-10,07348;-63,212029;"SPRF-RO";"DEL03-RO";"UOP01-DEL03-RO"
236421;2019-09-18;"quarta-feira";"23:30:00";"MG";381;406,8;"NOVA UNIAO";"Objeto estático sobre o leito carroçável";"Colisão frontal";"Com Vítimas Fatais";"Plena Noite";"Decrescente";"Céu Claro";"Simples";"Curva";"Não";4;1;0;0;2;3;0;6;-19,73750804;-43,55759107;"SPRF-MG";"DEL01-MG";"UOP01-DEL01-MG"
236424;2019-09-19;"quinta-feira";"04:20:00";"PR";376;159;"MARINGA";"Condutor Dormindo";"Saída de leito carroçável";"Com Vítimas Feridas";"Plena Noite";"Decrescente";"Céu Claro";"Dupla";"Reta";"Não";1;0;0;1;0;0;1;1;-23,36498136;-52,07632098;"SPRF-PR";"DEL07-PR";"UOP01-DEL09-PR"
236426;2019-09-19;"quinta-feira";"04:50:00";"PR";369;148;"LONDRINA";"Ingestão de Álcool";"Colisão transversal";"Com Vítimas Feridas";"Plena Noite";"Crescente";"Céu Claro";"Dupla";"Interseção de Vias";"Sim";3;0;1;0;2;0;1;2;-23,29297335;-51,14305258;"SPRF-PR";"DEL07-PR";"UOP01-DEL07-PR"
236428;2019-09-19;"quinta-feira";"02:35:00";"SP";153;32,9;"NOVA GRANADA";"Carga excessiva e/ou mal acondicionada";"Tombamento";"Sem Vítimas";"Plena Noite";"Crescente";"Céu Claro";"Simples";"Reta";"Não";2;0;0;0;1;2;0;3;-20,55543809;-49,32522215;"SPRF-SP";"DEL09-SP";"UOP01-DEL09-SP"
236429;2019-09-19;"quinta-feira";"03:30:00";"MG";262;671;"ARAXA";"Velocidade Incompatível";"Saída de leito carroçável";"Com Vítimas Feridas";"Plena Noite";"Crescente";"Céu Claro";"Simples";"Reta";"Não";2;0;1;0;0;2;1;3;-19,54170234;-46,80745219;"SPRF-MG";"DEL08-MG";"UOP01-DEL08-MG"
236431;2019-09-19;"quinta-feira";"05:40:00";"PR";476;123;"CURITIBA";"Falta de Atenção à Condução";"Colisão traseira";"Sem Vítimas";"Amanhecer";"Crescente";"Garoa/Chuvisco";"Dupla";"Declive";"Sim";2;0;0;0;2;0;0;2;-25,392904;-49,209557;"SPRF-PR";"DEL01-PR";"UOP07-DEL01-PR"
236435;2019-09-19;"quinta-feira";"06:10:00";"CE";116;18;"ITAITINGA";"Falta de Atenção à Condução";"Colisão lateral";"Com Vítimas Feridas";"Pleno dia";"Decrescente";"Sol";"Dupla";"Reta";"Sim";4;0;0;1;1;2;1;3;-3,90496605;-38,50518756;"SPRF-CE";"DEL01-CE";"UOP02-DEL01-CE"
236436;2019-09-19;"quinta-feira";"05:15:00";"SC";470;139,7;"RIO DO SUL";"Desobediência às normas de trânsito pelo condutor";"Colisão frontal";"Sem Vítimas";"Amanhecer";"Crescente";"Garoa/Chuvisco";"Simples";"Reta";"Sim";2;0;0;0;1;1;0;2;-27,217564;-49,65461;"SPRF-SC";"DEL04-SC";"UOP02-DEL04-SC"
236444;2019-09-19;"quinta-feira";"06:30:00";"MG";381;450;"SABARA";"Não guardar distância de segurança";"Colisão traseira";"Com Vítimas Feridas";"Pleno dia";"Crescente";"Céu Claro";"Simples";"Reta";"Sim";4;0;1;0;3;0;1;4;-19,84130639;-43,87176902;"SPRF-MG";"DEL01-MG";"UOP01-DEL01-MG"
236447;2019-09-19;"quinta-feira";"06:35:00";"RS";290;208,1;"PANTANO GRANDE";"Falta de Atenção à Condução";"Colisão lateral";"Com Vítimas Feridas";"Amanhecer";"Decrescente";"Nevoeiro/Neblina";"Simples";"Reta";"Não";4;0;1;0;2;3;1;6;-30,166857;-52,298561;"SPRF-RS";"DEL02-RS";"UOP02-DEL02-RS"
236453;2019-09-19;"quinta-feira";"07:55:00";"MG";381;707,2;"NEPOMUCENO";"Condutor Dormindo";"Tombamento";"Com Vítimas Feridas";"Pleno dia";"Decrescente";"Céu Claro";"Dupla";"Declive;Curva";"Não";3;0;1;0;1;2;1;3;-21,33258367;-45,17080307;"SPRF-MG";"DEL04-MG";"UOP02-DEL04-MG"
236457;2019-09-19;"quinta-feira";"08:00:00";"RJ";465;12;"SEROPEDICA";"Falta de Atenção à Condução";"Colisão frontal";"Com Vítimas Feridas";"Pleno dia";"Crescente";"Céu Claro";"Simples";"Reta";"Sim";2;0;1;0;1;0;1;2;-22,791252;-43,651257;"SPRF-RJ";"DEL01-RJ";"UOP03-DEL01-RJ"
236458;2019-09-19;"quinta-feira";"03:00:00";"RJ";493;90;"SEROPEDICA";"Falta de Atenção à Condução";"Tombamento";"Sem Vítimas";"Plena Noite";"Crescente";"Céu Claro";"Dupla";"Reta";"Não";1;0;0;0;1;0;0;1;-22,65826785;-43,60336305;"SPRF-RJ";"DEL01-RJ";"UOP03-DEL01-RJ"
236469;2019-09-19;"quinta-feira";"08:30:00";"TO";153;98;"WANDERLANDIA";"Falta de Atenção à Condução";"Tombamento";"Sem Vítimas";"Pleno dia";"Decrescente";"Céu Claro";"Simples";"Aclive;Reta";"Não";2;0;0;0;1;3;0;4;-6,8884001;-48,00259394;"SPRF-TO";"DEL02-TO";"UOP01-DEL02-TO"
236474;2019-09-18;"quarta-feira";"17:00:00";"PR";476;242;"LAPA";"Velocidade Incompatível";"Colisão frontal";"Com Vítimas Fatais";"Anoitecer";"Crescente";"Chuva";"Simples";"Curva";"Não";3;1;0;0;1;2;0;4;-25,85993799;-50,09044647;"SPRF-PR";"DEL02-PR";"UOP04-DEL02-PR"
236476;2019-09-19;"quinta-feira";"10:15:00";"MG";116;809,6;"ALEM PARAIBA";"Velocidade Incompatível";"Tombamento";"Com Vítimas Feridas";"Pleno dia";"Decrescente";"Céu Claro";"Simples";"Curva";"Não";2;0;1;0;0;1;1;2;-21,82600491;-42,68294095;"SPRF-MG";"DEL07-MG";"UOP01-DEL07-MG"
236478;2019-09-19;"quinta-feira";"09:15:00";"RO";319;63;"PORTO VELHO";"Falta de Atenção à Condução";"Colisão transversal";"Com Vítimas Feridas";"Pleno dia";"Decrescente";"Céu Claro";"Dupla";"Reta";"Sim";2;0;1;0;1;0;1;2;-8,766685;-63,884052;"SPRF-RO";"DEL01-RO";"UOP01-DEL01-RO"
236479;2019-09-19;"quinta-feira";"10:25:00";"GO";153;497,8;"GOIANIA";"Falta de Atenção à Condução";"Colisão lateral";"Sem Vítimas";"Pleno dia";"Crescente";"Céu Claro";"Dupla";"Curva";"Sim";3;0;0;0;2;2;0;4;-16,6939;-49,2321;"SPRF-GO";"DEL01-GO";"UOP01-DEL01-GO"
236483;2019-09-19;"quinta-feira";"10:10:00";"SC";101;368;"ICARA";"Falta de Atenção à Condução";"Saída de leito carroçável";"Com Vítimas Feridas";"Pleno dia";"Crescente";"Céu Claro";"Dupla";"Viaduto";"Sim";1;0;0;1;0;0;1;1;-28,69806748;-49,18746203;"SPRF-SC";"DEL02-SC";"UOP01-DEL02-SC"