"id";"data_inversa";"dia_semana";"horario";"uf";"br";"km";"municipio";"causa_acidente";"tipo_acidente";"classificacao_acidente";"fase_dia";"sentido_via";"condicao_metereologica";"tipo_pista";"tracado_via";"uso_solo";"pessoas";"mortos";"feridos_leves";"feridos_graves";"ilesos";"ignorados";"feridos";"veiculos";"latitude";"longitude";"regional";"delegacia";"uop"
236485;2019-09-19;"quinta-feira";"11:00:00";"MG";116;417,5;"GOVERNADOR VALADARES";"Falta de Atenção à Condução";"Colisão transversal";"Com Vítimas Feridas";"Pleno dia";"Decrescente";"Céu Claro";"Simples";"Reta";"Sim";2;0;0;1;1;0;1;2;-18,90130308;-41,94492414;"SPRF-MG";"DEL06-MG";"UOP01-DEL06-MG"
236486;2019-09-18;"quarta-feira";"22:00:00";"RS";116;517,8;"PELOTAS";"Falta de Atenção à Condução";"Saída de leito carroçável";"Sem Vítimas";"Plena Noite";"Decrescente";"Céu Claro";"Simples";"Reta";"Não";3;0;0;0;1;2;0;3;-31,67908686;-52,34256731;"SPRF-RS";"DEL07-RS";"UOP01-DEL07-RS"
236487;2019-09-19;"quinta-feira";"10:30:00";"MT";364;272,1;"JACIARA";"Falta de Atenção à Condução";"Colisão lateral";"Com Vítimas Feridas";"Pleno dia";"Decrescente";"Sol";"Dupla";"Curva";"Sim";4;0;2;0;1;3;2;5;-15,96667987;-54,96121981;"SPRF-MT";"DEL02-MT";"UOP02-DEL05-MT"
236488;2019-08-21;"quarta-feira";"03:30:00";"MA";10;266,6;"IMPERATRIZ";"Falta de Atenção à Condução";"Colisão traseira";"Com Vítimas Feridas";"Plena Noite";"Decrescente";"Nublado";"Simples";"Reta";"Não";3;0;0;1;1;2;1;4;-5,403615;-47,47302;"SPRF-MA";"DEL04-MA";"UOP01-DEL04-MA"
236502;2019-09-19;"quinta-feira";"13:35:00";"MT";163;884;"CLAUDIA";"Ultrapassagem Indevida";"Colisão traseira";"Sem Vítimas";"Pleno dia";"Crescente";"Céu Claro";"Simples";"Reta";"Não";4;0;0;0;3;9;0;12;-11,472682;-55,360581;"SPRF-MT";"DEL06-MT";"UOP02-DEL06-MT"
236506;2019-09-19;"quinta-feira";"14:28:00";"SP";116;108,8;"TAUBATE";"Falta de Atenção à Condução";"Queda de ocupante de veículo";"Com Vítimas Feridas";"Pleno dia";"Decrescente";"Céu Claro";"Dupla";"Reta";"Sim";3;0;1;0;1;1;1;3;-23,0233097;-45,53763622;"SPRF-SP";"DEL06-SP";"UOP01-DEL06-SP"
236507;2019-09-19;"quinta-feira";"12:30:00";"MG";40;492,8;"ESMERALDAS";"Avarias e/ou desgaste excessivo no pneu";"Saída de leito carroçável";"Com Vítimas Feridas";"Pleno dia";"Decrescente";"Céu Claro";"Dupla";"Declive";"Não";2;0;0;2;0;0;2;1;-19,644;-44,2031;"SPRF-MG";"DEL02-MG";"UOP01-DEL02-MG"
236508;2019-09-19;"quinta-feira";"10:00:00";"MG";354;761,8;"ITAMONTE";"Defeito Mecânico no Veículo";"Tombamento";"Sem Vítimas";"Pleno dia";"Decrescente";"Céu Claro";"Simples";"Declive";"Não";1;0;0;0;1;0;0;1;-22,33197533;-44,83082771;"SPRF-MG";"DEL05-MG";"UOP01-DEL17-MG"
236511;2019-09-19;"quinta-feira";"14:30:00";"MG";381;410,2;"NOVA UNIAO";"Sinalização da via insuficiente ou inadequada";"Colisão lateral";"Com Vítimas Feridas";"Pleno dia";"Decrescente";"Céu Claro";"Simples";"Curva";"Não";2;0;0;1;1;0;1;2;-19,75474865;-43,53092194;"SPRF-MG";"DEL01-MG";"UOP01-DEL01-MG"
236512;2019-09-19;"quinta-feira";"12:00:00";"AM";174;1013;"PRESIDENTE FIGUEIREDO";"Defeito Mecânico no Veículo";"Colisão com objeto estático";"Com Vítimas Feridas";"Pleno dia";"Decrescente";"Céu Claro";"Simples";"Declive;Reta";"Não";2;0;1;0;0;1;1;2;-1,86264308;-60,0829731;"SPRF-AM";"DEL01-AM";"UOP02-DEL01-AM"
236513;2019-09-17;"terça-feira";"22:00:00";"MG";262;749;"SACRAMENTO";"Defeito na Via";"Danos eventuais";"Sem Vítimas";"Plena Noite";"Crescente";"Céu Claro";"Simples";"Curva";"Não";2;0;0;0;1;2;0;3;-19,63550186;-47,50086813;"SPRF-MG";"DEL13-MG";"UOP01-DEL13-MG"
236514;2019-09-19;"quinta-feira";"12:45:00";"RJ";393;169;"TRES RIOS";"Falta de Atenção à Condução";"Colisão transversal";"Com Vítimas Feridas";"Pleno dia";"Crescente";"Céu Claro";"Simples";"Interseção de Vias";"Não";2;0;1;0;1;0;1;2;-22,125063;-43,155872;"SPRF-RJ";"DEL06-RJ";"UOP02-DEL05-RJ"
236515;2019-09-19;"quinta-feira";"15:00:00";"MG";40;520,3;"CONTAGEM";"Falta de Atenção à Condução";"Colisão transversal";"Com Vítimas Feridas";"Pleno dia";"Decrescente";"Céu Claro";"Dupla";"Reta";"Não";4;0;1;0;2;1;1;3;-19,84761911;-44,07276144;"SPRF-MG";"DEL01-MG";"UOP02-DEL01-MG"
236522;2019-09-19;"quinta-feira";"10:20:00";"GO";364;15;"SAO SIMAO";"Fenômenos da Natureza";"Incêndio";"Com Vítimas Feridas";"Pleno dia";"Crescente";"Vento";"Simples";"Reta";"Não";1;0;1;0;0;0;1;1;-18,963009;-50,615242;"SPRF-GO";"DEL05-GO";"UOP02-DEL05-GO"
236524;2019-09-19;"quinta-feira";"07:30:00";"MG";365;487;"PATROCINIO";"Condutor Dormindo";"Saída de leito carroçável";"Com Vítimas Feridas";"Pleno dia";"Decrescente";"Céu Claro";"Dupla";"Reta";"Não";1;0;1;0;0;0;1;1;-18,90027198;-47,131934;"SPRF-MG";"DEL10-MG";"UOP01-DEL10-MG"
236526;2019-09-19;"quinta-feira";"13:00:00";"PI";316;30;"DEMERVAL LOBAO";"Falta de Atenção à Condução";"Colisão traseira";"Com Vítimas Feridas";"Pleno dia";"Crescente";"Céu Claro";"Simples";"Reta";"Não";5;0;1;0;3;2;1;5;-5,33309;-42,69755301;"SPRF-PI";"DEL01-PI";"UOP02-DEL01-PI"
236533;2019-09-19;"quinta-feira";"17:00:00";"GO";20;237;"GUARANI DE GOIAS";"Velocidade Incompatível";"Colisão frontal";"Com Vítimas Feridas";"Pleno dia";"Decrescente";"Céu Claro";"Simples";"Reta";"Não";4;0;2;0;1;3;2;6;-14,055167;-46,277153;"SPRF-DF";"DEL02-DF";"UOP03-DEL02-DF"
236535;2019-09-19;"quinta-feira";"16:50:00";"RS";386;404,4;"TRIUNFO";"Falta de Atenção à Condução";"Colisão traseira";"Com Vítimas Feridas";"Pleno dia";"Crescente";"Nublado";"Simples";"Reta";"Não";3;0;2;0;1;0;2;2;-29,773928;-51,570385;"SPRF-RS";"DEL04-RS";"UOP02-DEL04-RS"
236550;2019-09-19;"quinta-feira";"16:50:00";"MT";163;610,3;"NOVA MUTUM";"Falta de Atenção à Condução";"Saída de leito carroçável";"Com Vítimas Feridas";"Pleno dia";"Decrescente";"Chuva";"Simples";"Reta";"Não";1;0;1;0;0;0;1;1;-13,81986214;-56,07693366;"SPRF-MT";"DEL01-MT";"UOP01-DEL01-MT"
236554;2019-09-19;"quinta-feira";"18:00:00";"SP";116;220;"GUARULHOS";"Não guardar distância de segurança";"Engavetamento";"Com Vítimas Feridas";"Anoitecer";"Decrescente";"Nublado";"Múltipla";"Reta";"Sim";4;0;1;0;3;0;1;4;-23,46472809;-46,49793962;"SPRF-SP";"DEL01-SP";"UOP01-DEL01-SP"
236567;2019-09-19;"quinta-feira";"18:30:00";"SP";116;62,8;"GUARATINGUETA";"Defeito Mecânico no Veículo";"Colisão traseira";"Com Vítimas Feridas";"Plena Noite";"Decrescente";"Céu Claro";"Múltipla";"Reta";"Não";4;0;0;3;1;0;3;2;-22,80538606;-45,17236692;"SPRF-SP";"DEL08-SP";"UOP01-DEL08-SP"
236570;2019-09-19;"quinta-feira";"17:50:00";"SP";116;545;"BARRA DO TURVO";"Pista Escorregadia";"Colisão com objeto estático";"Sem Vítimas";"Plena Noite";"Crescente";"Chuva";"Dupla";"Curva;Declive";"Não";3;0;0;0;2;2;0;3;-24,95016699;-48,42400302;"SPRF-SP";"DEL05-SP";"UOP02-DEL05-SP"
236573;2019-09-19;"quinta-feira";"19:10:00";"SC";101;210;"SAO JOSE";"Ingestão de Álcool";"Colisão traseira";"Sem Vítimas";"Plena Noite";"Decrescente";"Chuva";"Dupla";"Reta";"Sim";2;0;0;0;2;0;0;2;-27,6167305;-48,6457265;"SPRF-SC";"DEL01-SC";"UOP01-DEL01-SC"
236576;2019-09-19;"quinta-feira";"16:40:00";"SC";470;184;"POUSO REDONDO";"Velocidade Incompatível";"Saída de leito carroçável";"Com Vítimas Feridas";"Pleno dia";"Decrescente";"Chuva";"Simples";"Reta";"Não";2;0;1;0;0;1;1;2;-27,253036;-50,026642;"SPRF-SC";"DEL04-SC";"UOP02-DEL04-SC"
236577;2019-09-19;"quinta-feira";"18:35:00";"GO";153;506,8;"APARECIDA DE GOIANIA";"Falta de Atenção à Condução";"Engavetamento";"Com Vítimas Feridas";"Plena Noite";"Crescente";"Céu Claro";"Dupla";"Reta";"Sim";9;0;4;0;4;1;4;6;-16,7633;-49,24;"SPRF-GO";"DEL01-GO";"UOP01-DEL01-GO"
236580;2019-09-19;"quinta-feira";"15:30:00";"MG";116;139,6;"PONTO DOS VOLANTES";"Velocidade Incompatível";"Colisão traseira";"Com Vítimas Feridas";"Pleno dia";"Crescente";"Nublado";"Simples";"Aclive";"Não";3;0;1;1;1;0;2;2;-16,76218173;-41,49232577;"SPRF-MG";"DEL11-MG";"UOP02-DEL11-MG"
236581;2019-09-19;"quinta-feira";"19:45:00";"PR";277;7;"PARANAGUA";"Animais na Pista";"Atropelamento de Animal";"Sem Vítimas";"Plena Noite";"Crescente";"Chuva";"Dupla";"Reta";"Não";1;0;0;0;1;0;0;1;-25,568198;-48,615292;"SPRF-PR";"DEL01-PR";"UOP05-DEL01-PR"
236591;2019-09-19;"quinta-feira";"20:21:00";"RS";285;529,4;"SAO MIGUEL DAS MISSOES";"Desobediência às normas de trânsito pelo condutor";"Colisão frontal";"Com Vítimas Feridas";"Plena Noite";"Decrescente";"Nevoeiro/Neblina";"Simples";"Reta";"Não";4;0;2;1;0;1;3;3;-28,41172868;-54,56426382;"SPRF-RS";"DEL10-RS";"UOP01-DEL10-RS"
236594;2019-09-19;"quinta-feira";"20:30:00";"RS";116;248;"SAO LEOPOLDO";"Falta de Atenção à Condução";"Colisão traseira";"Sem Vítimas";"Plena Noite";"Decrescente";"Céu Claro";"Múltipla";"Reta";"Sim";2;0;0;0;2;0;0;2;-29,77605895;-51,15508618;"SPRF-RS";"DEL01-RS";"UOP02-DEL01-RS"
236596;2019-09-19;"quinta-feira";"19:50:00";"SC";101;88,1;"BARRA VELHA";"Velocidade Incompatível";"Colisão transversal";"Com Vítimas Feridas";"Plena Noite";"Crescente";"Chuva";"Simples";"Reta";"Sim";2;0;1;0;1;0;1;2;-26,64253985;-48,68950684;"SPRF-SC";"DEL03-SC";"UOP02-DEL03-SC"
236600;2019-09-19;"quinta-feira";"19:50:00";"SC";101;220;"PALHOCA";"Falta de Atenção à Condução";"Colisão com objeto estático";"Com Vítimas Feridas";"Plena Noite";"Decrescente";"Garoa/Chuvisco";"Dupla";"Reta";"Sim";2;0;1;0;1;0;1;2;-27,69198941;-48,66368358;"SPRF-SC";"DEL01-SC";"UOP02-DEL01-SC"
236607;2019-09-19;"quinta-feira";"18:20:00";"MA";10;130;"ESTREITO";"Ingestão de Álcool";"Colisão transversal";"Com Vítimas Feridas";"Anoitecer";"Decrescente";"Céu Claro";"Simples";"Reta";"Sim";3;0;0;1;1;1;1;3;-6,553709;-47,440681;"SPRF-MA";"DEL04-MA";"UOP02-DEL04-MA"
236608;2019-09-19;"quinta-feira";"16:30:00";"SC";116;93,9;"MONTE CASTELO";"Falta de Atenção à Condução";"Saída de leito carroçável";"Com Vítimas Feridas";"Pleno dia";"Decrescente";"Chuva";"Simples";"Aclive";"Não";1;0;1;0;0;0;1;1;-26,49609399;-50,23312331;"SPRF-SC";"DEL06-SC";"UOP02-DEL06-SC"
236609;2019-09-19;"quinta-feira";"19:30:00";"SC";101;141,5;"ITAPEMA";"Defeito Mecânico no Veículo";"Incêndio";"Sem Vítimas";"Plena Noite";"Decrescente";"Chuva";"Dupla";"Reta";"Não";2;0;0;0;1;1;0;2;-27,04761729;-48,59995855;"SPRF-SC";"DEL04-SC";"UOP03-DEL04-SC"
236611;2019-09-19;"quinta-feira";"23:15:00";"PR";369;158;"CAMBE";"Falta de Atenção à Condução";"Colisão lateral";"Sem Vítimas";"Plena Noite";"Crescente";"Céu Claro";"Dupla";"Reta;Aclive";"Sim";2;0;0;0;2;0;0;2;-23,28543007;-51,23703182;"SPRF-PR";"DEL07-PR";"UOP01-DEL07-PR"
236612;2019-09-19;"quinta-feira";"21:50:00";"PE";101;127;"ESCADA";"Defeito Mecânico no Veículo";"Colisão traseira";"Com Vítimas Feridas";"Plena Noite";"Decrescente";"Nublado";"Dupla";"Reta";"Sim";2;0;0;1;1;0;1;2;-8,37472564;-35,23663257;"SPRF-PE";"DEL01-PE";"UOP03-DEL01-PE"
236617;2019-09-19;"quinta-feira";"21:00:00";"SC";153;48,9;"VARGEM BONITA";"Avarias e/ou desgaste excessivo no pneu";"Colisão com objeto estático";"Com Vítimas Feridas";"Plena Noite";"Crescente";"Chuva";"Simples";"Curva";"Não";2;0;1;0;0;1;1;2;-26,904951;-51,774128;"SPRF-SC";"DEL07-SC";"UOP07-DEL07-SC"
236618;2019-09-19;"quinta-feira";"21:20:00";"DF";40;5;"BRASILIA";"Falta de Atenção à Condução";"Colisão traseira";"Sem Vítimas";"Plena Noite";"Decrescente";"Céu Claro";"Dupla";"Reta";"Sim";2;0;0;0;0;2;0;2;-16,020903;-47,980541;"SPRF-DF";"DEL01-DF";"UOP01-DEL01-DF"
236621;2019-09-19;"quinta-feira";"22:50:00";"MG";40;514;"RIBEIRAO DAS NEVES";"Condutor Dormindo";"Colisão traseira";"Com Vítimas Feridas";"Plena Noite";"Decrescente";"Céu Claro";"Dupla";"Reta";"Sim";4;0;0;1;2;3;1;5;-19,80151928;-44,10000333;"SPRF-MG";"DEL01-MG";"UOP02-DEL01-MG"
236629;2019-09-19;"quinta-feira";"18:15:00";"PR";277;474,2;"NOVA LARANJEIRAS";"Velocidade Incompatível";"Tombamento";"Com Vítimas Feridas";"Plena Noite";"Decrescente";"Chuva";"Simples";"Curva";"Não";2;0;1;0;0;1;1;2;-25,30767734;-52,53721208;"SPRF-PR";"DEL04-PR";"UOP02-DEL04-PR"
236635;2019-09-20;"sexta-feira";"00:30:00";"CE";116;416,2;"IPAUMIRIM";"Defeito Mecânico no Veículo";"Colisão traseira";"Sem Vítimas";"Plena Noite";"Decrescente";"Céu Claro";"Simples";"Reta;Aclive";"Não";4;0;0;0;3;1;0;3;-6,75864243;-38,78164405;"SPRF-CE";"DEL05-CE";"UOP03-DEL05-CE"
236639;2019-09-19;"quinta-feira";"22:45:00";"PR";153;76;"CONSELHEIRO MAIRINCK";"Velocidade Incompatível";"Saída de leito carroçável";"Com Vítimas Feridas";"Plena Noite";"Crescente";"Chuva";"Simples";"Curva";"Não";2;0;1;0;0;1;1;2;-23,56986795;-50,14409606;"SPRF-PR";"DEL07-PR";"UOP04-DEL07-PR"
236640;2019-09-20;"sexta-feira";"03:00:00";"RJ";101;267;"RIO BONITO";"Desobediência às normas de trânsito pelo condutor";"Colisão frontal";"Com Vítimas Fatais";"Plena Noite";"Crescente";"Céu Claro";"Dupla";"Reta";"Não";3;1;0;0;1;1;0;3;-22,70728329;-42,66059086;"SPRF-RJ";"DEL02-RJ";"UOP03-DEL02-RJ"
236642;2019-09-20;"sexta-feira";"04:45:00";"PR";277;194,4;"PALMEIRA";"Falta de Atenção à Condução";"Colisão transversal";"Com Vítimas Fatais";"Pleno dia";"Crescente";"Nevoeiro/Neblina";"Simples";"Reta";"Sim";7;1;2;2;2;0;4;2;-25,4311954;-50,15330764;"SPRF-PR";"DEL03-PR";"UOP02-DEL08-PR"
236645;2019-09-20;"sexta-feira";"04:20:00";"RS";290;240;"RIO PARDO";"Defeito Mecânico no Veículo";"Incêndio";"Sem Vítimas";"Plena Noite";"Decrescente";"Céu Claro";"Simples";"Reta";"Não";1;0;0;0;1;0;0;1;-30,221849;-52,622818;"SPRF-RS";"DEL02-RS";"UOP02-DEL02-RS"
236651;2019-09-20;"sexta-feira";"05:30:00";"AL";104;7;"SAO JOSE DA LAJE";"Defeito Mecânico no Veículo";"Saída de leito carroçável";"Com Vítimas Feridas";"Amanhecer";"Crescente";"Nevoeiro/Neblina";"Simples";"Curva";"Não";1;0;1;0;0;0;1;1;-8,95590995;-36,02384445;"SPRF-AL";"DEL01-AL";"UOP02-DEL01-AL"
236663;2019-09-20;"sexta-feira";"06:00:00";"MT";364;183;"PEDRA PRETA";"Ingestão de Álcool";"Tombamento";"Com Vítimas Feridas";"Pleno dia";"Decrescente";"Céu Claro";"Simples";"Reta";"Não";2;0;1;0;0;3;1;4;-16,58836824;-54,51578417;"SPRF-MT";"DEL02-MT";"UOP01-DEL02-MT"
236670;2019-09-20;"sexta-feira";"06:15:00";"BA";407;136,2;"SENHOR DO BONFIM";"Ultrapassagem Indevida";"Capotamento";"Com Vítimas Fatais";"Pleno dia";"Crescente";"Céu Claro";"Simples";"Reta";"Não";1;1;0;0;0;0;0;1;-10,53291198;-40,13849766;"SPRF-BA";"DEL04-BA";"UOP01-DEL04-BA"
236675;2019-09-20;"sexta-feira";"08:00:00";"PR";277;37,5;"MORRETES";"Falta de Atenção à Condução";"Colisão lateral";"Sem Vítimas";"Pleno dia";"Crescente";"Nublado";"Dupla";"Reta;Declive";"Não";3;0;0;0;2;1;0;3;-25,57391756;-48,84585857;"SPRF-PR";"DEL01-PR";"UOP05-DEL01-PR"
236678;2019-09-20;"sexta-feira";"04:00:00";"SP";116;499,8;"CAJATI";"Pista Escorregadia";"Tombamento";"Com Vítimas Feridas";"Plena Noite";"Crescente";"Chuva";"Simples";"Curva";"Não";2;0;1;0;0;1;1;2;-24,78228753;-48,17695233;"SPRF-SP";"DEL05-SP";"UAP01-DEL05-SP"
236679;2019-09-20;"sexta-feira";"06:10:00";"BA";242;214;"ITABERABA";"Falta de Atenção à Condução";"Saída de leito carroçável";"Com Vítimas Feridas";"Pleno dia";"Decrescente";"Céu Claro";"Simples";"Reta";"Não";2;0;1;0;0;2;1;3;-12,5013;-40,4224;"SPRF-BA";"DEL06-BA";"UOP02-DEL06-BA"
236680;2019-09-20;"sexta-feira";"05:30:00";"PR";476;252;"LAPA";"Falta de Atenção à Condução";"Saída de leito carroçável";"Sem Vítimas";"Amanhecer";"Crescente";"Garoa/Chuvisco";"Simples";"Reta";"Não";2;0;0;0;1;1;0;2;-25,881222;-50,174;"SPRF-PR";"DEL02-PR";"UOP04-DEL02-PR"
236681;2019-09-20;"sexta-feira";"07:40:00";"PR";277;133;"BALSA NOVA";"Restrição de Visibilidade";"Colisão transversal";"Sem Vítimas";"Pleno dia";"Decrescente";"Nevoeiro/Neblina";"Dupla";"Interseção de Vias";"Não";3;0;0;0;2;2;0;4;-25,47148351;-49,6698761;"SPRF-PR";"DEL01-PR";"UOP06-DEL01-PR"
236682;2019-09-20;"sexta-feira";"08:44:00";"BA";116;426;"FEIRA DE SANTANA";"Não guardar distância de segurança";"Colisão traseira";"Com Vítimas Feridas";"Pleno dia";"Crescente";"Céu Claro";"Simples";"Reta";"Sim";2;0;0;1;1;0;1;2;-12,24420407;-38,98563987;"SPRF-BA";"DEL02-BA";"UOP01-DEL02-BA"
236691;2019-09-20;"sexta-feira";"09:30:00";"SC";101;327,2;"CAPIVARI DE BAIXO";"Falta de Atenção à Condução";"Colisão traseira";"Com Vítimas Feridas";"Pleno dia";"Decrescente";"Nublado";"Dupla";"Declive";"Sim";2;0;1;0;1;0;1;2;-28,43779279;-48,96112919;"SPRF-SC";"DEL02-SC";"UOP01-DEL02-SC"
236699;2019-08-25;"domingo";"18:55:00";"ES";101;448,5;"MIMOSO DO SUL";"Condutor Dormindo";"Colisão frontal";"Com Vítimas Fatais";"Anoitecer";"Crescente";"Céu Claro";"Simples";"Reta";"Não";3;1;0;0;1;1;0;3;-21,13028101;-41,28044011;"SPRF-ES";"DEL03-ES";"UOP02-DEL03-ES"
236702;2019-09-20;"sexta-feira";"09:20:00";"MT";364;388;"SANTO ANTONIO DO LEVERGER";"Ingestão de Substâncias Psicoativas";"Atropelamento de Pedestre";"Com Vítimas Feridas";"Pleno dia";"Crescente";"Céu Claro";"Simples";"Reta";"Não";4;0;0;1;2;2;1;4;-15,70180011;-55,836565;"SPRF-MT";"DEL02-MT";"UOP02-DEL01-MT"
236708;2019-09-20;"sexta-feira";"10:35:00";"PE";104;69;"CARUARU";"Falta de Atenção à Condução";"Atropelamento de Pedestre";"Com Vítimas Fatais";"Pleno dia";"Crescente";"Nublado";"Dupla";"Reta";"Sim";2;1;0;0;0;1;0;2;-8,3196;-35,9912;"SPRF-PE";"DEL02-PE";"UOP01-DEL02-PE"
236713;2019-09-20;"sexta-feira";"09:00:00";"SC";101;103,9;"BALNEARIO PICARRAS";"Não guardar distância de segurança";"Colisão traseira";"Com Vítimas Feridas";"Pleno dia";"Decrescente";"Chuva";"Dupla";"Reta";"Não";4;0;1;0;2;1;1;4;-26,78195007;-48,68299484;"SPRF-SC";"DEL03-SC";"UOP02-DEL03-SC"
236721;2019-09-20;"sexta-feira";"10:15:00";"PR";116;49,9;"CAMPINA GRANDE DO SUL";"Velocidade Incompatível";"Tombamento";"Sem Vítimas";"Pleno dia";"Decrescente";"Chuva";"Dupla";"Reta";"Não";2;0;0;0;1;1;0;2;-25,24249703;-48,90292205;"SPRF-PR";"DEL01-PR";"UOP02-DEL01-PR"
236723;2019-09-20;"sexta-feira";"11:50:00";"BA";116;832,2;"VITORIA DA CONQUISTA";"Falta de Atenção à Condução";"Colisão transversal";"Com Vítimas Feridas";"Pleno dia";"Decrescente";"Céu Claro";"Simples";"Interseção de Vias";"Não";4;0;2;0;1;1;2;3;-14,92894045;-40,88609403;"SPRF-BA";"DEL08-BA";"UOP01-DEL08-BA"
236726;2019-09-20;"sexta-feira";"10:40:00";"PA";316;18;"MARITUBA";"Não guardar distância de segurança";"Colisão traseira";"Com Vítimas Feridas";"Pleno dia";"Crescente";"Céu Claro";"Dupla";"Reta";"Sim";2;0;1;0;1;0;1;2;-1,36460038;-48,28172565;"SPRF-PA";"DEL01-PA";"UOP01-DEL01-PA"
236729;2019-09-20;"sexta-feira";"13:00:00";"SC";101;152,5;"PORTO BELO";"Falta de Atenção à Condução";"Colisão com objeto estático";"Sem Vítimas";"Pleno dia";"Decrescente";"Chuva";"Múltipla";"Reta";"Não";1;0;0;0;1;0;0;1;-27,13563503;-48,61004665;"SPRF-SC";"DEL04-SC";"UOP03-DEL04-SC"
236730;2019-09-20;"sexta-feira";"12:05:00";"RN";101;105;"PARNAMIRIM";"Falta de Atenção à Condução";"Colisão traseira";"Sem Vítimas";"Pleno dia";"Decrescente";"Céu Claro";"Dupla";"Interseção de Vias";"Sim";2;0;0;0;2;0;0;2;-5,91056401;-35,26130795;"SPRF-RN";"DEL01-RN";"UOP01-DEL01-RN"
236738;2019-09-20;"sexta-feira";"11:05:00";"GO";364;89,2;"CACHOEIRA ALTA";"Falta de Atenção à Condução";"Colisão transversal";"Com Vítimas Feridas";"Pleno dia";"Decrescente";"Sol";"Simples";"Interseção de Vias";"Não";4;0;1;0;2;1;1;3;-18,50565666;-51,06960297;"SPRF-GO";"DEL05-GO";"UOP02-DEL05-GO"
236742;2019-09-20;"sexta-feira";"14:30:00";"MG";40;804,8;"MATIAS BARBOSA";"Falta de Atenção à Condução";"Colisão traseira";"Com Vítimas Feridas";"Pleno dia";"Decrescente";"Sol";"Dupla";"Curva";"Não";3;0;0;1;1;3;1;5;-21,86313979;-43,37348589;"SPRF-MG";"DEL05-MG";"UOP01-DEL05-MG"
236746;2019-09-20;"sexta-feira";"14:00:00";"MG";50;107,5;"UBERABA";"Falta de Atenção à Condução";"Saída de leito carroçável";"Com Vítimas Feridas";"Pleno dia";"Decrescente";"Céu Claro";"Dupla";"Declive";"Não";1;0;1;0;0;0;1;1;-19,19728496;-48,15250484;"SPRF-MG";"DEL13-MG";"UOP01-DEL13-MG"
236750;2019-09-20;"sexta-feira";"09:30:00";"BA";242;362;"LENCOIS";"Velocidade Incompatível";"Tombamento";"Com Vítimas Feridas";"Pleno dia";"Decrescente";"Céu Claro";"Simples";"Curva";"Não";2;0;1;0;0;2;1;3;-12,46458265;-41,40667003;"SPRF-BA";"DEL06-BA";"UOP01-DEL06-BA"
236751;2019-09-20;"sexta-feira";"15:05:00";"MG";262;379;"JUATUBA";"Defeito Mecânico no Veículo";"Incêndio";"Sem Vítimas";"Pleno dia";"Crescente";"Céu Claro";"Dupla";"Aclive;Curva";"Não";1;0;0;0;1;0;0;1;-19,93679181;-44,43069577;"SPRF-MG";"DEL01-MG";"UOP03-DEL01-MG"
236752;2019-09-20;"sexta-feira";"09:45:00";"PR";116;51;"CAMPINA GRANDE DO SUL";"Falta de Atenção à Condução";"Saída de leito carroçável";"Com Vítimas Feridas";"Pleno dia";"Crescente";"Chuva";"Dupla";"Curva";"Não";3;0;2;0;0;1;2;2;-25,24249703;-48,90292205;"SPRF-PR";"DEL01-PR";"UOP02-DEL01-PR"
236759;2019-09-20;"sexta-feira";"14:30:00";"GO";60;101;"ANAPOLIS";"Desobediência às normas de trânsito pelo condutor";"Colisão traseira";"Com Vítimas Feridas";"Pleno dia";"Decrescente";"Céu Claro";"Dupla";"Reta";"Sim";3;0;0;1;1;1;1;3;-16,4022;-48,9745;"SPRF-GO";"DEL02-GO";"UOP01-DEL02-GO"
236760;2019-09-20;"sexta-feira";"12:50:00";"GO";20;200,3;"POSSE";"Falta de Atenção à Condução";"Capotamento";"Sem Vítimas";"Pleno dia";"Decrescente";"Sol";"Simples";"Curva";"Não";2;0;0;0;1;3;0;4;-14,31473;-46,44677;"SPRF-DF";"DEL02-DF";"UOP03-DEL02-DF"
236765;2019-06-28;"sexta-feira";"23:20:00";"ES";262;166,5;"IBATIBA";"Desobediência às normas de trânsito pelo condutor";"Colisão lateral";"Com Vítimas Feridas";"Plena Noite";"Decrescente";"Céu Claro";"Simples";"Reta";"Não";2;0;0;1;1;0;1;2;-20,2468411;-41,56027697;"SPRF-ES";"DEL01-ES";"UOP02-DEL01-ES"
236766;2019-09-20;"sexta-feira";"16:00:00";"PA";10;215,9;"IPIXUNA DO PARA";"Falta de Atenção à Condução";"Tombamento";"Sem Vítimas";"Pleno dia";"Decrescente";"Sol";"Simples";"Aclive";"Sim";2;0;0;0;1;1;0;2;-2,54772208;-47,49592541;"SPRF-PA";"DEL02-PA";"UOP01-DEL02-PA"
236775;2019-09-20;"sexta-feira";"17:10:00";"ES";101;265,3;"SERRA";"Falta de Atenção à Condução";"Colisão lateral";"Com Vítimas Feridas";"Anoitecer";"Crescente";"Céu Claro";"Dupla";"Reta";"Sim";2;0;1;0;0;1;1;2;-20,18397309;-40,26671648;"SPRF-ES";"DEL02-ES";"UOP01-DEL02-ES"
236777;2019-09-20;"sexta-feira";"16:25:00";"CE";20;17,6;"MARACANAU";"Desobediência às normas de trânsito pelo condutor";"Engavetamento";"Com Vítimas Feridas";"Pleno dia";"Crescente";"Céu Claro";"Simples";"Em Obras";"Sim";3;0;1;0;0;2;1;3;-3,831346;-38,618298;"SPRF-CE";"DEL02-CE";"UOP02-DEL02-CE"