"id";"data_inversa";"dia_semana";"horario";"uf";"br";"km";"municipio";"causa_acidente";"tipo_acidente";"classificacao_acidente";"fase_dia";"sentido_via";"condicao_metereologica";"tipo_pista";"tracado_via";"uso_solo";"pessoas";"mortos";"feridos_leves";"feridos_graves";"ilesos";"ignorados";"feridos";"veiculos";"latitude";"longitude";"regional";"delegacia";"uop"
237695;2019-09-24;"terça-feira";"08:45:00";"PR";376;161,5;"MARINGA";"Falta de Atenção à Condução";"Colisão com objeto estático";"Com Vítimas Feridas";"Pleno dia";"Decrescente";"Céu Claro";"Dupla";"Reta";"Sim";1;0;0;1;0;0;1;1;-23,36891826;-52,06441551;"SPRF-PR";"DEL07-PR";"UOP01-DEL09-PR"
237698;2019-09-24;"terça-feira";"09:00:00";"PE";408;75,2;"PAUDALHO";"Defeito Mecânico no Veículo";"Colisão com objeto estático";"Com Vítimas Feridas";"Pleno dia";"Decrescente";"Nublado";"Dupla";"Curva";"Sim";2;0;1;0;0;1;1;2;-7,908166;-35,171557;"SPRF-PE";"DEL01-PE";"UOP01-DEL01-PE"
237707;2019-09-24;"terça-feira";"09:20:00";"SP";116;103,3;"PINDAMONHANGABA";"Não guardar distância de segurança";"Colisão traseira";"Com Vítimas Feridas";"Pleno dia";"Decrescente";"Sol";"Dupla";"Reta";"Não";4;0;1;0;2;2;1;5;-22,99919465;-45,49788917;"SPRF-SP";"DEL06-SP";"UOP01-DEL06-SP"
237708;2019-09-24;"terça-feira";"07:00:00";"BA";101;674,6;"ITAPEBI";"Velocidade Incompatível";"Saída de leito carroçável";"Com Vítimas Fatais";"Amanhecer";"Decrescente";"Céu Claro";"Simples";"Curva;Declive";"Não";2;2;0;0;0;0;0;1;-16,03525486;-39,60914612;"SPRF-BA";"DEL09-BA";"UOP01-DEL09-BA"
237711;2019-09-24;"terça-feira";"10:00:00";"PI";343;309,7;"ALTOS";"Falta de Atenção à Condução";"Colisão transversal";"Com Vítimas Feridas";"Pleno dia";"Decrescente";"Céu Claro";"Simples";"Reta";"Sim";2;0;1;0;1;0;1;2;-5,04012;-42,476742;"SPRF-PI";"DEL01-PI";"UOP01-DEL01-PI"
237717;2019-09-24;"terça-feira";"11:35:00";"RJ";116;234;"PIRAI";"Não guardar distância de segurança";"Colisão traseira";"Com Vítimas Feridas";"Pleno dia";"Decrescente";"Céu Claro";"Dupla";"Reta";"Não";3;0;1;0;1;2;1;4;-22,66632663;-43,84704988;"SPRF-RJ";"DEL07-RJ";"UOP01-DEL07-RJ"
237719;2019-09-24;"terça-feira";"09:00:00";"MT";163;547;"DIAMANTINO";"Falta de Atenção à Condução";"Colisão lateral";"Com Vítimas Feridas";"Pleno dia";"Decrescente";"Céu Claro";"Simples";"Reta";"Não";3;0;1;0;1;2;1;4;-14,333668;-56,145671;"SPRF-MT";"DEL01-MT";"UOP01-DEL01-MT"
237722;2019-09-24;"terça-feira";"12:00:00";"PR";373;183,1;"PONTA GROSSA";"Falta de Atenção à Condução";"Colisão lateral";"Com Vítimas Feridas";"Pleno dia";"Decrescente";"Sol";"Simples";"Reta";"Não";5;0;1;0;3;1;1;3;-25,03947408;-50,27821183;"SPRF-PR";"DEL03-PR";"UOP01-DEL03-PR"
237732;2019-09-24;"terça-feira";"13:30:00";"MG";50;57,5;"ARAGUARI";"Falta de Atenção à Condução";"Colisão traseira";"Com Vítimas Feridas";"Pleno dia";"Crescente";"Céu Claro";"Dupla";"Reta;Aclive";"Não";2;0;1;0;1;0;1;2;-18,80909682;-48,24439716;"SPRF-MG";"DEL15-MG";"UOP02-DEL15-MG"
237747;2019-09-24;"terça-feira";"15:35:00";"GO";153;634,8;"MORRINHOS";"Falta de Atenção à Condução";"Colisão lateral";"Com Vítimas Feridas";"Pleno dia";"Crescente";"Céu Claro";"Dupla";"Reta";"Não";29;0;22;3;1;3;25;4;-17,828;-49,2142;"SPRF-GO";"DEL03-GO";"UOP01-DEL03-GO"
237750;2019-09-24;"terça-feira";"13:00:00";"RO";364;456;"JARU";"Não guardar distância de segurança";"Colisão traseira";"Com Vítimas Feridas";"Pleno dia";"Decrescente";"Céu Claro";"Simples";"Reta";"Não";4;0;2;0;1;2;2;4;-10,26727425;-62,69772512;"SPRF-RO";"DEL03-RO";"UOP02-DEL03-RO"
237752;2019-09-24;"terça-feira";"15:54:00";"PR";369;147,2;"LONDRINA";"Falta de Atenção à Condução";"Colisão transversal";"Com Vítimas Feridas";"Pleno dia";"Crescente";"Céu Claro";"Dupla";"Interseção de Vias";"Sim";2;0;0;1;1;0;1;2;-23,29309161;-51,13446951;"SPRF-PR";"DEL07-PR";"UOP01-DEL07-PR"
237754;2019-09-24;"terça-feira";"16:30:00";"PE";101;91;"CABO DE SANTO AGOSTINHO";"Desobediência às normas de trânsito pelo condutor";"Colisão lateral";"Sem Vítimas";"Pleno dia";"Decrescente";"Céu Claro";"Simples";"Reta";"Sim";3;0;0;0;3;0;0;3;-8,22399812;-34,99290474;"SPRF-PE";"DEL01-PE";"UOP03-DEL01-PE"
237757;2019-09-24;"terça-feira";"15:40:00";"MT";163;751;"SORRISO";"Falta de Atenção à Condução";"Colisão transversal";"Com Vítimas Feridas";"Pleno dia";"Crescente";"Sol";"Dupla";"Retorno Regulamentado";"Sim";3;0;1;0;1;1;1;3;-12,56949136;-55,72649181;"SPRF-MT";"DEL06-MT";"UOP01-DEL06-MT"
237759;2019-09-24;"terça-feira";"16:40:00";"SC";470;158,5;"TROMBUDO CENTRAL";"Falta de Atenção à Condução";"Colisão transversal";"Com Vítimas Fatais";"Pleno dia";"Crescente";"Céu Claro";"Simples";"Interseção de Vias";"Não";3;1;0;0;1;2;0;4;-27,287016;-49,778389;"SPRF-SC";"DEL04-SC";"UOP02-DEL04-SC"
237761;2019-09-24;"terça-feira";"16:30:00";"MG";40;585;"ITABIRITO";"Falta de Atenção à Condução";"Colisão lateral";"Com Vítimas Feridas";"Pleno dia";"Crescente";"Céu Claro";"Simples";"Reta;Aclive";"Não";5;0;1;0;3;1;1;5;-20,33790702;-43,92117262;"SPRF-MG";"DEL01-MG";"UOP02-DEL01-MG"
237770;2019-09-24;"terça-feira";"16:40:00";"RO";364;337;"JI-PARANA";"Falta de Atenção à Condução";"Colisão traseira";"Sem Vítimas";"Pleno dia";"Crescente";"Céu Claro";"Simples";"Reta";"Não";2;0;0;0;2;0;0;2;-10,92585401;-61,9296014;"SPRF-RO";"DEL02-RO";"UOP01-DEL02-RO"
237772;2019-09-24;"terça-feira";"18:30:00";"PI";316;11;"TERESINA";"Falta de Atenção à Condução";"Colisão com objeto estático";"Com Vítimas Feridas";"Anoitecer";"Crescente";"Céu Claro";"Simples";"Reta";"Sim";2;0;1;0;1;0;1;2;-5,191739;-42,76076102;"SPRF-PI";"DEL01-PI";"UOP02-DEL01-PI"
237782;2019-09-24;"terça-feira";"15:45:00";"MT";163;543;"DIAMANTINO";"Objeto estático sobre o leito carroçável";"Colisão traseira";"Com Vítimas Feridas";"Pleno dia";"Decrescente";"Nublado";"Simples";"Reta";"Não";7;0;1;1;3;2;2;5;-14,36459123;-56,14081519;"SPRF-MT";"DEL01-MT";"UOP01-DEL01-MT"
237784;2019-09-24;"terça-feira";"18:00:00";"PE";232;5;"RECIFE";"Falta de Atenção à Condução";"Colisão com objeto estático";"Sem Vítimas";"Plena Noite";"Decrescente";"Céu Claro";"Simples";"Reta";"Sim";2;0;0;0;1;1;0;2;-8,06946995;-34,94476318;"SPRF-PE";"DEL01-PE";"UOP01-DEL01-PE"
237786;2019-09-24;"terça-feira";"19:15:00";"MG";354;732,3;"POUSO ALTO";"Velocidade Incompatível";"Tombamento";"Com Vítimas Feridas";"Plena Noite";"Decrescente";"Nublado";"Simples";"Curva;Aclive";"Não";3;0;2;0;1;0;2;1;-22,1734645637;-44,9643354211;"SPRF-MG";"DEL05-MG";"UOP01-DEL17-MG"
237789;2019-09-24;"terça-feira";"18:10:00";"SC";101;203;"SAO JOSE";"Não guardar distância de segurança";"Colisão lateral";"Com Vítimas Feridas";"Anoitecer";"Decrescente";"Nublado";"Dupla";"Reta";"Não";2;0;1;0;1;0;1;2;-27,5650044;-48,61460082;"SPRF-SC";"DEL01-SC";"UOP01-DEL01-SC"
237790;2019-09-24;"terça-feira";"14:30:00";"BA";110;133;"CICERO DANTAS";"Defeito Mecânico no Veículo";"Incêndio";"Sem Vítimas";"Pleno dia";"Decrescente";"Céu Claro";"Simples";"Reta";"Não";1;0;0;0;1;0;0;1;-10,56531407;-38,37390963;"SPRF-BA";"DEL07-BA";"UOP02-DEL07-BA"
237796;2019-09-24;"terça-feira";"16:40:00";"MT";70;735;"CACERES";"Ingestão de Álcool";"Colisão traseira";"Com Vítimas Feridas";"Pleno dia";"Decrescente";"Sol";"Simples";"Reta";"Sim";2;0;0;1;1;0;1;2;-16,13514719;-57,65414854;"SPRF-MT";"DEL03-MT";"UOP01-DEL03-MT"
237797;2019-09-24;"terça-feira";"17:30:00";"MG";50;195,6;"DELTA";"Velocidade Incompatível";"Colisão traseira";"Com Vítimas Feridas";"Anoitecer";"Crescente";"Céu Claro";"Dupla";"Reta";"Não";4;0;1;0;2;2;1;4;-19,89522626;-47,84311039;"SPRF-MG";"DEL13-MG";"UOP01-DEL13-MG"
237798;2019-09-24;"terça-feira";"18:40:00";"MT";70;509;"CUIABA";"Desobediência às normas de trânsito pelo pedestre";"Atropelamento de Pedestre";"Com Vítimas Fatais";"Anoitecer";"Decrescente";"Céu Claro";"Simples";"Reta";"Não";3;1;0;0;1;2;0;4;-15,65051022;-55,99823809;"SPRF-MT";"DEL02-MT";"UOP02-DEL01-MT"
237801;2019-09-24;"terça-feira";"19:40:00";"RS";158;346,5;"SANTA MARIA";"Falta de Atenção do Pedestre";"Atropelamento de Pedestre";"Com Vítimas Feridas";"Plena Noite";"Decrescente";"Céu Claro";"Simples";"Reta";"Não";3;0;0;1;1;2;1;4;-29,75709576;-53,9767652;"SPRF-RS";"DEL09-RS";"UOP01-DEL09-RS"
237802;2019-09-24;"terça-feira";"19:30:00";"MT";364;347,8;"SANTO ANTONIO DO LEVERGER";"Velocidade Incompatível";"Saída de leito carroçável";"Com Vítimas Feridas";"Plena Noite";"Crescente";"Céu Claro";"Dupla";"Curva";"Não";2;0;1;0;0;2;1;3;-15,807347;-55,54692;"SPRF-MT";"DEL02-MT";"UOP02-DEL01-MT"
237811;2019-09-24;"terça-feira";"22:05:00";"PA";10;274,2;"MAE DO RIO";"Desobediência às normas de trânsito pelo condutor";"Colisão frontal";"Com Vítimas Fatais";"Plena Noite";"Crescente";"Céu Claro";"Simples";"Reta";"Não";4;2;0;0;1;1;0;3;-2,03581806;-47,54574085;"SPRF-PA";"DEL02-PA";"UOP01-DEL02-PA"
237816;2019-09-24;"terça-feira";"23:15:00";"PR";373;258,8;"PRUDENTOPOLIS";"Velocidade Incompatível";"Tombamento";"Com Vítimas Feridas";"Plena Noite";"Crescente";"Nublado";"Simples";"Curva";"Não";3;0;1;1;0;2;2;3;-25,20075897;-50,92820203;"SPRF-PR";"DEL03-PR";"UOP01-DEL03-PR"
237820;2019-09-24;"terça-feira";"20:17:00";"SC";116;232,8;"CORREIA PINTO";"Ultrapassagem Indevida";"Colisão frontal";"Com Vítimas Fatais";"Plena Noite";"Decrescente";"Céu Claro";"Simples";"Curva";"Não";5;1;1;1;1;1;2;4;-27,69357934;-50,33626556;"SPRF-SC";"DEL05-SC";"UOP03-DEL05-SC"
237825;2019-09-25;"quarta-feira";"00:45:00";"MG";381;921,5;"CAMANDUCAIA";"Velocidade Incompatível";"Tombamento";"Com Vítimas Feridas";"Plena Noite";"Crescente";"Nublado";"Dupla";"Curva";"Não";3;0;2;0;0;12;2;13;-22,76254931;-46,16982937;"SPRF-MG";"DEL16-MG";"UOP03-DEL16-MG"
237827;2019-09-24;"terça-feira";"23:50:00";"MG";50;170;"UBERABA";"Condutor Dormindo";"Colisão traseira";"Com Vítimas Feridas";"Plena Noite";"Crescente";"Nublado";"Dupla";"Reta";"Sim";3;0;1;0;1;3;1;5;-19,73661208;-47,98290957;"SPRF-MG";"DEL13-MG";"UOP01-DEL13-MG"
237832;2019-09-25;"quarta-feira";"04:00:00";"SC";153;59;"IRANI";"Desobediência às normas de trânsito pelo condutor";"Colisão transversal";"Com Vítimas Feridas";"Plena Noite";"Decrescente";"Céu Claro";"Simples";"Rotatória";"Não";3;0;1;0;1;1;1;3;-26,96933258;-51,85463123;"SPRF-SC";"DEL07-SC";"UOP04-DEL07-SC"
237836;2019-09-25;"quarta-feira";"03:00:00";"PI";316;51;"MONSENHOR GIL";"Carga excessiva e/ou mal acondicionada";"Capotamento";"Com Vítimas Feridas";"Plena Noite";"Decrescente";"Céu Claro";"Simples";"Curva";"Não";2;0;1;0;1;0;1;1;-5,50387196;-42,64145341;"SPRF-PI";"DEL01-PI";"UOP02-DEL01-PI"
237841;2019-09-25;"quarta-feira";"06:40:00";"MG";381;683;"PERDOES";"Condutor Dormindo";"Saída de leito carroçável";"Com Vítimas Fatais";"Amanhecer";"Crescente";"Chuva";"Dupla";"Reta";"Não";1;1;0;0;0;0;0;1;-21,17656293;-45,12506072;"SPRF-MG";"DEL04-MG";"UOP02-DEL04-MG"
237866;2019-09-25;"quarta-feira";"07:55:00";"PR";373;179,3;"PONTA GROSSA";"Falta de Atenção à Condução";"Colisão transversal";"Com Vítimas Feridas";"Pleno dia";"Decrescente";"Nublado";"Dupla";"Reta";"Sim";3;0;1;0;2;0;1;2;-25,04281018;-50,23950211;"SPRF-PR";"DEL03-PR";"UOP01-DEL03-PR"
237868;2019-09-25;"quarta-feira";"07:20:00";"MG";381;638;"SANTO ANTONIO DO AMPARO";"Velocidade Incompatível";"Capotamento";"Com Vítimas Feridas";"Pleno dia";"Decrescente";"Chuva";"Dupla";"Declive;Curva";"Não";2;0;1;0;1;0;1;1;-20,90711508;-44,86007488;"SPRF-MG";"DEL04-MG";"UOP01-DEL04-MG"
237871;2019-09-25;"quarta-feira";"07:10:00";"SP";116;418;"JUQUIA";"Falta de Atenção à Condução";"Tombamento";"Com Vítimas Feridas";"Pleno dia";"Decrescente";"Céu Claro";"Dupla";"Reta";"Não";2;0;1;0;0;1;1;2;-24,353607;-47,659347;"SPRF-SP";"DEL05-SP";"UOP01-DEL05-SP"
237882;2019-09-25;"quarta-feira";"08:15:00";"SC";101;41;"JOINVILLE";"Falta de Atenção à Condução";"Colisão traseira";"Com Vítimas Feridas";"Pleno dia";"Decrescente";"Nublado";"Dupla";"Reta";"Sim";4;0;1;0;3;0;1;3;-26,28215489;-48,88973081;"SPRF-SC";"DEL03-SC";"UOP01-DEL03-SC"
237883;2019-09-25;"quarta-feira";"06:00:00";"ES";262;142,4;"IBATIBA";"Falta de Atenção à Condução";"Colisão transversal";"Com Vítimas Feridas";"Amanhecer";"Decrescente";"Céu Claro";"Simples";"Reta";"Não";3;0;1;1;1;0;2;2;-20,22866414;-41,38595101;"SPRF-ES";"DEL01-ES";"UOP02-DEL01-ES"
237886;2019-09-25;"quarta-feira";"10:00:00";"SC";101;205;"SAO JOSE";"Não guardar distância de segurança";"Colisão traseira";"Com Vítimas Feridas";"Pleno dia";"Decrescente";"Céu Claro";"Múltipla";"Reta";"Sim";4;0;1;0;2;1;1;4;-27,58016675;-48,61420423;"SPRF-SC";"DEL01-SC";"UOP01-DEL01-SC"
237887;2019-09-25;"quarta-feira";"06:30:00";"MG";381;779;"CAMPANHA";"Pista Escorregadia";"Tombamento";"Com Vítimas Feridas";"Amanhecer";"Decrescente";"Chuva";"Dupla";"Retorno Regulamentado";"Não";2;0;1;0;0;1;1;2;-21,80951768;-45,48576063;"SPRF-MG";"DEL16-MG";"UOP02-DEL16-MG"
237888;2019-09-25;"quarta-feira";"09:02:00";"PR";476;140;"CURITIBA";"Falta de Atenção à Condução";"Colisão lateral";"Com Vítimas Feridas";"Pleno dia";"Crescente";"Céu Claro";"Dupla";"Reta";"Sim";2;0;1;0;1;0;1;2;-25,520693;-49,294121;"SPRF-PR";"DEL01-PR";"UOP03-DEL01-PR"
237893;2019-09-25;"quarta-feira";"10:00:00";"RJ";493;5;"ITABORAI";"Não guardar distância de segurança";"Colisão traseira";"Com Vítimas Feridas";"Pleno dia";"Crescente";"Chuva";"Dupla";"Reta";"Sim";3;0;1;0;1;1;1;3;-22,73998606;-42,95374823;"SPRF-RJ";"DEL02-RJ";"UOP02-DEL02-RJ"
237896;2019-09-25;"quarta-feira";"07:30:00";"SC";282;285;"SAO JOSE DO CERRITO";"Avarias e/ou desgaste excessivo no pneu";"Saída de leito carroçável";"Com Vítimas Feridas";"Pleno dia";"Decrescente";"Nublado";"Simples";"Curva";"Não";1;0;1;0;0;0;1;1;-27,574823;-50,801476;"SPRF-SC";"DEL05-SC";"UOP02-DEL05-SC"
237899;2019-09-25;"quarta-feira";"10:10:00";"PR";277;6,7;"PARANAGUA";"Desobediência às normas de trânsito pelo condutor";"Colisão transversal";"Com Vítimas Feridas";"Pleno dia";"Crescente";"Sol";"Simples";"Reta";"Sim";4;0;1;1;1;1;2;3;-25,5205;-48,5095;"SPRF-PR";"DEL01-PR";"UOP05-DEL01-PR"
237900;2019-09-25;"quarta-feira";"10:00:00";"RJ";116;264;"VOLTA REDONDA";"Defeito Mecânico no Veículo";"Colisão traseira";"Sem Vítimas";"Pleno dia";"Decrescente";"Nublado";"Dupla";"Curva";"Não";3;0;0;0;2;1;0;3;-22,59213864;-44,07723781;"SPRF-RJ";"DEL07-RJ";"UOP02-DEL07-RJ"
237901;2019-09-25;"quarta-feira";"10:15:00";"PA";230;122;"MARABA";"Desobediência às normas de trânsito pelo condutor";"Colisão traseira";"Sem Vítimas";"Pleno dia";"Crescente";"Céu Claro";"Simples";"Reta";"Não";2;0;0;0;2;0;0;2;-5,36137537;-49,12376139;"SPRF-PA";"DEL03-PA";"UOP01-DEL03-PA"
237902;2019-09-25;"quarta-feira";"06:30:00";"MS";158;357,5;"BRASILANDIA";"Falta de Atenção à Condução";"Saída de leito carroçável";"Com Vítimas Feridas";"Pleno dia";"Decrescente";"Nublado";"Simples";"Reta";"Não";2;0;1;0;0;1;1;2;-21,2514951;-51,89096007;"SPRF-MS";"DEL07-MS";"UOP01-DEL07-MS"
237903;2019-09-25;"quarta-feira";"08:05:00";"MG";40;15,7;"PARACATU";"Falta de Atenção à Condução";"Saída de leito carroçável";"Com Vítimas Feridas";"Pleno dia";"Crescente";"Céu Claro";"Simples";"Aclive";"Não";2;0;1;0;0;2;1;3;-17,07769216;-47,03616232;"SPRF-MG";"DEL14-MG";"UOP01-DEL14-MG"
237904;2019-09-25;"quarta-feira";"10:50:00";"RS";285;462,5;"IJUI";"Falta de Atenção à Condução";"Colisão lateral";"Com Vítimas Feridas";"Pleno dia";"Decrescente";"Céu Claro";"Simples";"Reta";"Não";2;0;1;0;0;1;1;2;-28,4147;-53,928043;"SPRF-RS";"DEL10-RS";"UOP01-DEL10-RS"
237906;2019-09-25;"quarta-feira";"09:40:00";"MT";364;626;"DIAMANTINO";"Falta de Atenção à Condução";"Colisão traseira";"Com Vítimas Feridas";"Pleno dia";"Decrescente";"Céu Claro";"Simples";"Reta";"Não";3;0;1;0;1;2;1;4;-14,37879592;-56,37227995;"SPRF-MT";"DEL01-MT";"UOP01-DEL01-MT"
237909;2019-09-25;"quarta-feira";"08:45:00";"MG";381;673,6;"PERDOES";"Velocidade Incompatível";"Tombamento";"Sem Vítimas";"Pleno dia";"Crescente";"Chuva";"Dupla";"Reta";"Não";1;0;0;0;1;0;0;1;-21,09966091;-45,08510908;"SPRF-MG";"DEL04-MG";"UOP02-DEL04-MG"
237916;2019-09-25;"quarta-feira";"11:30:00";"RN";405;2,2;"MOSSORO";"Desobediência às normas de trânsito pelo condutor";"Colisão transversal";"Com Vítimas Feridas";"Pleno dia";"Decrescente";"Céu Claro";"Simples";"Reta";"Sim";2;0;1;0;1;0;1;2;-5,19282682;-37,37112402;"SPRF-RN";"DEL04-RN";"UOP02-DEL04-RN"
237918;2019-09-25;"quarta-feira";"10:40:00";"MG";354;704,7;"CAXAMBU";"Velocidade Incompatível";"Saída de leito carroçável";"Com Vítimas Feridas";"Pleno dia";"Crescente";"Chuva";"Simples";"Viaduto";"Não";2;0;1;0;0;1;1;2;-21,99108371;-44,92399693;"SPRF-MG";"DEL05-MG";"UOP01-DEL17-MG"
237919;2019-01-07;"segunda-feira";"15:20:00";"RS";116;149,9;"CAXIAS DO SUL";"Não guardar distância de segurança";"Colisão traseira";"Sem Vítimas";"Pleno dia";"Decrescente";"Garoa/Chuvisco";"Dupla";"Reta";"Sim";3;0;0;0;2;1;0;3;-29,159958;-51,156448;"SPRF-RS";"DEL05-RS";"UOP01-DEL05-RS"
237925;2019-09-25;"quarta-feira";"13:30:00";"SC";282;606;"MARAVILHA";"Falta de Atenção à Condução";"Colisão transversal";"Com Vítimas Feridas";"Pleno dia";"Decrescente";"Céu Claro";"Simples";"Reta";"Não";3;0;2;0;1;0;2;2;-26,778643;-53,198692;"SPRF-SC";"DEL07-SC";"UOP02-DEL07-SC"
237929;2019-09-25;"quarta-feira";"13:00:00";"MT";163;829;"SINOP";"Desobediência às normas de trânsito pelo condutor";"Colisão transversal";"Com Vítimas Feridas";"Pleno dia";"Crescente";"Céu Claro";"Dupla";"Retorno Regulamentado";"Sim";6;0;3;0;2;3;3;5;-11,91292552;-55,5085516;"SPRF-MT";"DEL06-MT";"UOP01-DEL06-MT"
237930;2019-09-25;"quarta-feira";"13:45:00";"MG";381;413;"NOVA UNIAO";"Mal Súbito";"Colisão frontal";"Sem Vítimas";"Pleno dia";"Crescente";"Nublado";"Simples";"Reta";"Não";3;0;0;0;2;2;0;4;-19,74091908;-43,60699698;"SPRF-MG";"DEL01-MG";"UOP01-DEL01-MG"
237932;2019-09-25;"quarta-feira";"13:35:00";"BA";116;719,4;"MANOEL VITORINO";"Velocidade Incompatível";"Tombamento";"Com Vítimas Fatais";"Pleno dia";"Decrescente";"Nublado";"Simples";"Curva";"Não";2;1;0;0;0;1;0;2;-14,22133907;-40,27659469;"SPRF-BA";"DEL08-BA";"UOP02-DEL08-BA"
237934;2019-09-25;"quarta-feira";"13:09:00";"SC";470;47,3;"BLUMENAU";"Desobediência às normas de trânsito pelo condutor";"Colisão transversal";"Com Vítimas Feridas";"Pleno dia";"Decrescente";"Nublado";"Simples";"Viaduto;Reta";"Sim";3;0;2;0;0;2;2;4;-26,864044;-49,046516;"SPRF-SC";"DEL04-SC";"UOP01-DEL04-SC"
237935;2019-09-25;"quarta-feira";"13:30:00";"MS";262;2,1;"TRES LAGOAS";"Ultrapassagem Indevida";"Saída de leito carroçável";"Sem Vítimas";"Pleno dia";"Crescente";"Chuva";"Dupla";"Rotatória";"Não";2;0;0;0;1;2;0;3;-20,782074;-51,65705;"SPRF-MS";"DEL07-MS";"UOP01-DEL07-MS"
237937;2019-09-25;"quarta-feira";"14:50:00";"RS";392;93,6;"PELOTAS";"Falta de Atenção à Condução";"Colisão frontal";"Com Vítimas Feridas";"Pleno dia";"Crescente";"Céu Claro";"Simples";"Reta";"Não";2;0;1;0;1;0;1;2;-31,58410897;-52,53465573;"SPRF-RS";"DEL07-RS";"UOP01-DEL07-RS"
237939;2019-09-25;"quarta-feira";"15:30:00";"SC";470;0,2;"NAVEGANTES";"Falta de Atenção à Condução";"Saída de leito carroçável";"Com Vítimas Feridas";"Pleno dia";"Crescente";"Nublado";"Dupla";"Reta";"Sim";5;0;0;2;0;3;2;5;-26,88232;-48,66183;"SPRF-SC";"DEL04-SC";"UOP04-DEL04-SC"
237940;2019-09-25;"quarta-feira";"15:10:00";"MG";365;397,6;"PATOS DE MINAS";"Não guardar distância de segurança";"Colisão traseira";"Com Vítimas Feridas";"Pleno dia";"Decrescente";"Garoa/Chuvisco";"Simples";"Declive;Reta";"Não";4;0;2;0;2;0;2;2;-18,62583074;-46,39366503;"SPRF-MG";"DEL10-MG";"UOP01-DEL10-MG"
237941;2019-09-25;"quarta-feira";"14:40:00";"RJ";101;334;"RIO DE JANEIRO";"Falta de Atenção à Condução";"Colisão lateral";"Com Vítimas Feridas";"Pleno dia";"Decrescente";"Nublado";"Dupla";"Curva";"Sim";3;0;1;0;1;1;1;3;-22,88517902;-43,21704364;"SPRF-RJ";"DEL02-RJ";"UOP02-DEL02-RJ"
237942;2019-09-25;"quarta-feira";"15:00:00";"RN";304;219,3;"CAICARA DO RIO DO VENTO";"Não guardar distância de segurança";"Colisão traseira";"Sem Vítimas";"Pleno dia";"Decrescente";"Sol";"Simples";"Aclive";"Sim";3;0;0;0;2;1;0;3;-5,75703074;-35,99761998;"SPRF-RN";"DEL01-RN";"UOP03-DEL01-RN"
237943;2019-09-25;"quarta-feira";"15:45:00";"SC";101;204;"SAO JOSE";"Não guardar distância de segurança";"Colisão lateral";"Com Vítimas Feridas";"Pleno dia";"Crescente";"Céu Claro";"Dupla";"Reta";"Sim";3;0;1;0;2;0;1;3;-27,57413014;-48,61363083;"SPRF-SC";"DEL01-SC";"UOP01-DEL01-SC"
237944;2019-09-25;"quarta-feira";"16:00:00";"SC";470;126,6;"LONTRAS";"Falta de Atenção à Condução";"Colisão traseira";"Com Vítimas Feridas";"Pleno dia";"Crescente";"Sol";"Simples";"Retorno Regulamentado";"Sim";2;0;1;0;1;0;1;2;-27,129;-49,538277;"SPRF-SC";"DEL04-SC";"UOP02-DEL04-SC"
237946;2019-09-25;"quarta-feira";"16:25:00";"MG";381;442;"SABARA";"Pista Escorregadia";"Colisão transversal";"Com Vítimas Feridas";"Pleno dia";"Crescente";"Garoa/Chuvisco";"Simples";"Curva";"Não";3;0;1;0;1;1;1;3;-19,80553612;-43,76192635;"SPRF-MG";"DEL01-MG";"UOP01-DEL01-MG"
237949;2019-09-25;"quarta-feira";"16:15:00";"MG";40;662,9;"CARANDAI";"Desobediência às normas de trânsito pelo condutor";"Colisão lateral";"Com Vítimas Feridas";"Pleno dia";"Decrescente";"Céu Claro";"Simples";"Declive";"Não";4;0;2;0;1;1;2;3;-20,91349375;-43,82687955;"SPRF-MG";"DEL05-MG";"UOP02-DEL05-MG"
237950;2019-09-25;"quarta-feira";"10:00:00";"MA";222;480,3;"SANTA LUZIA";"Falta de Atenção à Condução";"Tombamento";"Com Vítimas Feridas";"Pleno dia";"Crescente";"Céu Claro";"Simples";"Curva";"Não";2;0;1;0;0;1;1;2;-4,18578607;-46,1299246;"SPRF-MA";"DEL02-MA";"UI04-DEL02-MA"
237958;2019-09-25;"quarta-feira";"14:00:00";"RJ";116;29;"SAPUCAIA";"Defeito Mecânico no Veículo";"Colisão traseira";"Sem Vítimas";"Pleno dia";"Decrescente";"Céu Claro";"Simples";"Reta";"Sim";2;0;0;0;2;0;0;2;-22,06451983;-42,79542346;"SPRF-RJ";"DEL04-RJ";"UOP01-DEL04-RJ"
237961;2019-09-25;"quarta-feira";"16:55:00";"MG";40;462,4;"SETE LAGOAS";"Pista Escorregadia";"Colisão lateral";"Com Vítimas Feridas";"Pleno dia";"Crescente";"Garoa/Chuvisco";"Dupla";"Curva;Declive";"Não";27;0;24;2;0;1;26;3;-19,417663;-44,339846;"SPRF-MG";"DEL02-MG";"UOP01-DEL02-MG"
237964;2019-09-25;"quarta-feira";"16:20:00";"PR";277;406,8;"CANDOI";"Condutor Dormindo";"Colisão lateral";"Sem Vítimas";"Pleno dia";"Crescente";"Céu Claro";"Simples";"Curva";"Não";2;0;0;0;2;0;0;2;-25,4448093;-51,97419004;"SPRF-PR";"DEL04-PR";"UOP02-DEL04-PR"