"id";"data_inversa";"dia_semana";"horario";"uf";"br";"km";"municipio";"causa_acidente";"tipo_acidente";"classificacao_acidente";"fase_dia";"sentido_via";"condicao_metereologica";"tipo_pista";"tracado_via";"uso_solo";"pessoas";"mortos";"feridos_leves";"feridos_graves";"ilesos";"ignorados";"feridos";"veiculos";"latitude";"longitude";"regional";"delegacia";"uop"
238382;2019-09-27;"sexta-feira";"07:05:00";"PE";101;73;"RECIFE";"Falta de Atenção à Condução";"Colisão lateral";"Sem Vítimas";"Pleno dia";"Decrescente";"Sol";"Dupla";"Reta";"Sim";3;0;0;0;2;1;0;3;-8,09045967;-34,94669437;"SPRF-PE";"DEL01-PE";"UOP01-DEL01-PE"
238383;2019-09-27;"sexta-feira";"07:30:00";"PR";116;103;"SAO JOSE DOS PINHAIS";"Desobediência às normas de trânsito pelo condutor";"Colisão traseira";"Com Vítimas Feridas";"Pleno dia";"Crescente";"Céu Claro";"Dupla";"Reta";"Sim";5;0;0;1;3;2;1;6;-25,55944814;-49,15099774;"SPRF-PR";"DEL01-PR";"UOP01-DEL01-PR"
238397;2019-09-27;"sexta-feira";"08:00:00";"ES";101;293;"CARIACICA";"Falta de Atenção à Condução";"Colisão lateral";"Sem Vítimas";"Pleno dia";"Crescente";"Chuva";"Dupla";"Reta";"Não";5;0;0;0;5;0;0;3;-20,31526144;-40,39567044;"SPRF-ES";"DEL01-ES";"UOP01-DEL01-ES"
238405;2019-09-27;"sexta-feira";"08:00:00";"PE";104;67,1;"CARUARU";"Falta de Atenção à Condução";"Colisão lateral";"Sem Vítimas";"Pleno dia";"Decrescente";"Sol";"Dupla";"Declive;Reta";"Sim";2;0;0;0;2;0;0;2;-8,29534903;-35,98738074;"SPRF-PE";"DEL02-PE";"UOP01-DEL02-PE"
238406;2019-09-27;"sexta-feira";"06:35:00";"MA";316;401;"ALTO ALEGRE DO MARANHAO";"Ultrapassagem Indevida";"Colisão frontal";"Com Vítimas Feridas";"Pleno dia";"Decrescente";"Céu Claro";"Simples";"Reta";"Sim";2;0;0;1;1;0;1;2;-4,206411;-44,453041;"SPRF-MA";"DEL03-MA";"UOP01-DEL03-MA"
238407;2019-09-27;"sexta-feira";"08:55:00";"SC";101;216;"PALHOCA";"Não guardar distância de segurança";"Colisão traseira";"Com Vítimas Feridas";"Pleno dia";"Decrescente";"Céu Claro";"Dupla";"Aclive";"Sim";3;0;0;1;1;1;1;3;-27,65981409;-48,67747798;"SPRF-SC";"DEL01-SC";"UOP02-DEL01-SC"
238420;2019-07-05;"sexta-feira";"19:50:00";"PR";376;650;"TIJUCAS DO SUL";"Velocidade Incompatível";"Derramamento de carga";"Sem Vítimas";"Plena Noite";"Crescente";"Céu Claro";"Dupla";"Curva";"Não";3;0;0;0;2;3;0;5;-25,84564757;-49,08816197;"SPRF-PR";"DEL01-PR";"UOP04-DEL01-PR"
238421;2019-09-27;"sexta-feira";"06:55:00";"RO";364;711;"PORTO VELHO";"Falta de Atenção à Condução";"Colisão traseira";"Sem Vítimas";"Pleno dia";"Crescente";"Nublado";"Múltipla";"Reta";"Sim";3;0;0;0;1;4;0;5;-8,77803758;-63,87155056;"SPRF-RO";"DEL01-RO";"UOP01-DEL01-RO"
238430;2019-09-27;"sexta-feira";"08:30:00";"MT";364;24,8;"ALTO ARAGUAIA";"Falta de Atenção à Condução";"Tombamento";"Com Vítimas Feridas";"Pleno dia";"Crescente";"Céu Claro";"Simples";"Reta";"Não";2;0;0;1;0;2;1;3;-17,18817231;-53,37043101;"SPRF-MT";"DEL02-MT";"UOP02-DEL02-MT"
238433;2019-09-27;"sexta-feira";"08:55:00";"SC";282;586,8;"PINHALZINHO";"Velocidade Incompatível";"Colisão com objeto estático";"Sem Vítimas";"Pleno dia";"Decrescente";"Sol";"Simples";"Curva";"Não";1;0;0;0;1;0;0;1;-26,832605;-53,03474;"SPRF-SC";"DEL07-SC";"UOP02-DEL07-SC"
238434;2019-09-26;"quinta-feira";"15:30:00";"GO";60;225,8;"CEZARINA";"Pista Escorregadia";"Saída de leito carroçável";"Sem Vítimas";"Pleno dia";"Decrescente";"Garoa/Chuvisco";"Dupla";"Curva";"Não";3;0;0;0;1;3;0;4;-17,0148;-49,7762;"SPRF-GO";"DEL01-GO";"UOP02-DEL01-GO"
238436;2019-09-15;"domingo";"19:10:00";"PA";163;304;"NOVO PROGRESSO";"Ingestão de Álcool";"Colisão frontal";"Com Vítimas Feridas";"Plena Noite";"Decrescente";"Céu Claro";"Simples";"Reta";"Sim";3;0;0;1;1;2;1;4;-7,1077231;-55,39661831;"SPRF-PA";"DEL05-PA";"UOP01-DEL05-PA"
238437;2019-09-27;"sexta-feira";"11:00:00";"RS";101;35,8;"TRES CACHOEIRAS";"Falta de Atenção à Condução";"Colisão lateral";"Com Vítimas Feridas";"Pleno dia";"Decrescente";"Céu Claro";"Dupla";"Reta";"Sim";4;0;3;0;0;1;3;2;-29,51719812;-49,99124485;"SPRF-RS";"DEL03-RS";"UOP02-DEL03-RS"
238438;2019-09-27;"sexta-feira";"07:30:00";"AC";364;117,8;"RIO BRANCO";"Falta de Atenção à Condução";"Colisão traseira";"Sem Vítimas";"Pleno dia";"Decrescente";"Céu Claro";"Dupla";"Reta";"Sim";3;0;0;0;2;1;0;3;-10,01268776;-67,73590028;"SPRF-AC";"DEL01-AC";"UOP01-DEL01-AC"
238440;2019-09-27;"sexta-feira";"11:00:00";"AL";101;51,8;"FLEXEIRAS";"Falta de Atenção à Condução";"Tombamento";"Com Vítimas Feridas";"Pleno dia";"Crescente";"Céu Claro";"Dupla";"Curva";"Não";2;0;1;0;0;1;1;2;-9,241987;-35,760014;"SPRF-AL";"DEL01-AL";"UOP02-DEL01-AL"
238443;2019-09-27;"sexta-feira";"10:20:00";"MG";116;757,2;"LEOPOLDINA";"Falta de Atenção à Condução";"Colisão lateral";"Sem Vítimas";"Pleno dia";"Decrescente";"Sol";"Simples";"Reta";"Não";2;0;0;0;2;0;0;2;-21,49867034;-42,59199078;"SPRF-MG";"DEL07-MG";"UOP01-DEL07-MG"
238445;2019-09-27;"sexta-feira";"11:40:00";"MG";381;481;"CONTAGEM";"Ingestão de álcool e/ou substâncias psicoativas pelo pedestre";"Colisão lateral";"Sem Vítimas";"Pleno dia";"Crescente";"Sol";"Dupla";"Reta";"Sim";2;0;0;0;2;0;0;2;-19,95931561;-44,08825597;"SPRF-MG";"DEL01-MG";"UOP03-DEL01-MG"
238451;2019-09-27;"sexta-feira";"13:15:00";"SP";116;154,4;"SAO JOSE DOS CAMPOS";"Falta de Atenção à Condução";"Colisão lateral";"Com Vítimas Feridas";"Pleno dia";"Crescente";"Céu Claro";"Dupla";"Reta";"Não";2;0;1;0;1;0;1;2;-23,23903999;-45,92061901;"SPRF-SP";"DEL02-SP";"UOP01-DEL02-SP"
238456;2019-09-27;"sexta-feira";"09:50:00";"RO";364;197,3;"PIMENTA BUENO";"Falta de Atenção à Condução";"Colisão lateral";"Com Vítimas Feridas";"Pleno dia";"Crescente";"Céu Claro";"Simples";"Reta";"Sim";5;0;1;0;2;2;1;3;-11,67880278;-61,1878925;"SPRF-RO";"DEL02-RO";"UOP02-DEL02-RO"
238467;2019-09-27;"sexta-feira";"14:50:00";"AL";104;28,2;"UNIAO DOS PALMARES";"Desobediência às normas de trânsito pelo condutor";"Colisão transversal";"Com Vítimas Feridas";"Pleno dia";"Decrescente";"Céu Claro";"Simples";"Reta";"Não";4;0;1;2;1;0;3;3;-9,11313518;-36,04665024;"SPRF-AL";"DEL01-AL";"UOP02-DEL01-AL"
238468;2019-09-27;"sexta-feira";"12:20:00";"PA";163;44,1;"NOVO PROGRESSO";"Desobediência às normas de trânsito pelo condutor";"Colisão frontal";"Com Vítimas Fatais";"Pleno dia";"Crescente";"Garoa/Chuvisco";"Simples";"Curva;Declive";"Não";6;4;0;0;1;2;0;4;-9,20739643;-54,87832996;"SPRF-PA";"DEL05-PA";"UOP01-DEL05-PA"
238469;2019-09-27;"sexta-feira";"14:45:00";"BA";324;593;"CANDEIAS";"Velocidade Incompatível";"Saída de leito carroçável";"Sem Vítimas";"Pleno dia";"Crescente";"Sol";"Dupla";"Reta";"Sim";2;0;0;0;1;1;0;2;-12,69890302;-38,46419428;"SPRF-BA";"DEL01-BA";"UOP01-DEL01-BA"
238472;2019-09-27;"sexta-feira";"12:48:00";"MG";354;749,3;"ITANHANDU";"Velocidade Incompatível";"Colisão lateral";"Com Vítimas Feridas";"Pleno dia";"Crescente";"Céu Claro";"Simples";"Reta";"Não";4;0;1;0;2;3;1;6;-22,27036552;-44,87906649;"SPRF-MG";"DEL05-MG";"UOP01-DEL17-MG"
238477;2019-09-27;"sexta-feira";"14:20:00";"TO";153;698;"CARIRI DO TOCANTINS";"Ultrapassagem Indevida";"Tombamento";"Com Vítimas Feridas";"Pleno dia";"Decrescente";"Céu Claro";"Simples";"Reta";"Não";5;0;1;0;3;4;1;8;-11,93641718;-49,18778261;"SPRF-TO";"DEL02-TO";"UOP02-DEL01-TO"
238484;2019-09-27;"sexta-feira";"15:30:00";"MG";116;605,6;"SAO JOAO DO MANHUACU";"Falta de Atenção à Condução";"Colisão frontal";"Com Vítimas Feridas";"Pleno dia";"Crescente";"Céu Claro";"Simples";"Reta";"Não";3;0;0;1;0;2;1;3;-20,3699701;-42,14797234;"SPRF-MG";"DEL06-MG";"UOP03-DEL06-MG"
238487;2019-09-27;"sexta-feira";"17:00:00";"PR";376;648;"TIJUCAS DO SUL";"Defeito Mecânico no Veículo";"Colisão traseira";"Com Vítimas Feridas";"Pleno dia";"Decrescente";"Nublado";"Dupla";"Reta";"Não";3;0;1;0;1;3;1;5;-25,84026108;-49,10549706;"SPRF-PR";"DEL01-PR";"UOP04-DEL01-PR"
238491;2019-09-27;"sexta-feira";"17:10:00";"RN";226;158,3;"CURRAIS NOVOS";"Falta de Atenção à Condução";"Colisão traseira";"Com Vítimas Feridas";"Pleno dia";"Crescente";"Céu Claro";"Simples";"Reta";"Não";2;0;0;1;1;0;1;2;-6,20183227;-36,3765141;"SPRF-RN";"DEL03-RN";"UOP02-DEL03-RN"
238496;2019-09-27;"sexta-feira";"17:30:00";"MG";40;141,9;"JOAO PINHEIRO";"Desobediência às normas de trânsito pelo condutor";"Colisão frontal";"Com Vítimas Feridas";"Pleno dia";"Crescente";"Céu Claro";"Simples";"Reta";"Sim";4;0;1;1;1;1;2;3;-17,73618679;-46,19334804;"SPRF-MG";"DEL14-MG";"UOP01-DEL14-MG"
238500;2019-09-27;"sexta-feira";"17:30:00";"MG";381;481;"BETIM";"Ingestão de Álcool";"Colisão transversal";"Com Vítimas Feridas";"Anoitecer";"Decrescente";"Céu Claro";"Múltipla";"Reta";"Sim";2;0;1;0;1;0;1;2;-19,95931561;-44,08825597;"SPRF-MG";"DEL01-MG";"UOP03-DEL01-MG"
238504;2019-09-27;"sexta-feira";"16:30:00";"SP";116;165;"JACAREI";"Defeito Mecânico no Veículo";"Colisão com objeto em movimento";"Sem Vítimas";"Pleno dia";"Crescente";"Nublado";"Dupla";"Reta";"Não";6;0;0;0;5;2;0;4;-23,29691791;-46,00798704;"SPRF-SP";"DEL02-SP";"UOP01-DEL02-SP"
238505;2019-09-27;"sexta-feira";"18:15:00";"MG";381;508;"SAO JOAQUIM DE BICAS";"Desobediência às normas de trânsito pelo condutor";"Colisão traseira";"Com Vítimas Feridas";"Plena Noite";"Decrescente";"Céu Claro";"Dupla";"Curva";"Sim";5;0;1;0;3;1;1;4;-20,06277698;-44,29329002;"SPRF-MG";"DEL01-MG";"UOP03-DEL01-MG"
238509;2019-09-27;"sexta-feira";"18:10:00";"RS";386;56,8;"SEBERI";"Carga excessiva e/ou mal acondicionada";"Colisão com objeto em movimento";"Com Vítimas Feridas";"Pleno dia";"Decrescente";"Céu Claro";"Simples";"Reta";"Não";5;0;1;0;3;3;1;7;-27,544685;-53,366203;"SPRF-RS";"DEL08-RS";"UOP02-DEL08-RS"
238513;2019-09-27;"sexta-feira";"17:20:00";"MT";163;819;"SINOP";"Falta de Atenção à Condução";"Colisão traseira";"Com Vítimas Feridas";"Anoitecer";"Crescente";"Nublado";"Simples";"Reta";"Sim";2;0;1;0;0;1;1;2;-11,99468;-55,51704;"SPRF-MT";"DEL06-MT";"UOP01-DEL06-MT"
238516;2019-09-27;"sexta-feira";"06:00:00";"MA";222;349;"IGARAPE DO MEIO";"Condutor Dormindo";"Colisão frontal";"Com Vítimas Fatais";"Amanhecer";"Decrescente";"Céu Claro";"Simples";"Reta";"Não";18;1;14;0;1;2;14;3;-3,62490287;-45,15691707;"SPRF-MA";"DEL02-MA";"UI04-DEL02-MA"
238517;2019-09-27;"sexta-feira";"18:30:00";"MG";365;449;"GUIMARANIA";"Falta de Atenção à Condução";"Colisão transversal";"Com Vítimas Feridas";"Anoitecer";"Crescente";"Céu Claro";"Simples";"Reta";"Não";2;0;1;0;1;0;1;2;-18,83084564;-46,81816006;"SPRF-MG";"DEL10-MG";"UOP01-DEL10-MG"
238518;2019-09-27;"sexta-feira";"18:40:00";"GO";60;381;"RIO VERDE";"Falta de Atenção à Condução";"Colisão lateral";"Com Vítimas Feridas";"Plena Noite";"Decrescente";"Céu Claro";"Dupla";"Reta";"Sim";3;0;1;0;1;1;1;3;-17,7727;-50,8862;"SPRF-GO";"DEL04-GO";"UOP01-DEL04-GO"
238520;2019-09-27;"sexta-feira";"17:05:00";"PR";153;40,8;"SANTO ANTONIO DA PLATINA";"Mal Súbito";"Colisão traseira";"Com Vítimas Feridas";"Pleno dia";"Decrescente";"Céu Claro";"Dupla";"Desvio Temporário";"Sim";3;0;1;0;1;2;1;4;-23,28047798;-50,0559307;"SPRF-PR";"DEL07-PR";"UOP04-DEL07-PR"
238521;2019-09-27;"sexta-feira";"19:00:00";"GO";452;174,4;"ITUMBIARA";"Falta de Atenção do Pedestre";"Atropelamento de Pedestre";"Com Vítimas Fatais";"Plena Noite";"Decrescente";"Céu Claro";"Simples";"Curva";"Não";3;1;0;0;1;1;0;3;-18,34724529;-49,39509812;"SPRF-GO";"DEL03-GO";"UOP02-DEL03-GO"
238525;2019-09-27;"sexta-feira";"19:00:00";"ES";262;65;"MARECHAL FLORIANO";"Desobediência às normas de trânsito pelo condutor";"Colisão frontal";"Com Vítimas Feridas";"Plena Noite";"Crescente";"Chuva";"Simples";"Reta";"Não";5;0;3;0;1;2;3;4;-20,41443354;-40,82302074;"SPRF-ES";"DEL01-ES";"UOP02-DEL01-ES"
238542;2019-08-22;"quinta-feira";"15:40:00";"RJ";493;90,4;"SEROPEDICA";"Condutor Dormindo";"Colisão com objeto estático";"Com Vítimas Fatais";"Pleno dia";"Decrescente";"Garoa/Chuvisco";"Dupla";"Reta";"Não";4;1;2;1;0;0;3;2;-22,68705497;-43,67827607;"SPRF-RJ";"DEL01-RJ";"UOP03-DEL01-RJ"
238544;2019-09-27;"sexta-feira";"19:00:00";"RO";364;414;"JARU";"Falta de Atenção à Condução";"Tombamento";"Com Vítimas Feridas";"Plena Noite";"Decrescente";"Nublado";"Simples";"Reta";"Não";3;0;0;2;1;0;2;1;-10,51689295;-62,40599289;"SPRF-RO";"DEL03-RO";"UOP02-DEL03-RO"
238548;2019-09-27;"sexta-feira";"17:50:00";"AM";174;1013;"PRESIDENTE FIGUEIREDO";"Defeito Mecânico no Veículo";"Colisão lateral";"Com Vítimas Feridas";"Anoitecer";"Decrescente";"Chuva";"Simples";"Declive";"Não";4;0;1;0;2;2;1;4;-1,86264308;-60,0829731;"SPRF-AM";"DEL01-AM";"UOP02-DEL01-AM"
238549;2019-09-27;"sexta-feira";"20:35:00";"PA";308;154;"CAPANEMA";"Ingestão de Álcool";"Colisão lateral";"Sem Vítimas";"Plena Noite";"Decrescente";"Céu Claro";"Simples";"Curva";"Sim";2;0;0;0;2;0;0;2;-1,20692778;-47,15832092;"SPRF-PA";"DEL01-PA";"UOP03-DEL01-PA"
238552;2019-09-27;"sexta-feira";"19:20:00";"RR";174;671;"PACARAIMA";"Ingestão de Álcool";"Colisão lateral";"Com Vítimas Fatais";"Plena Noite";"Decrescente";"Céu Claro";"Simples";"Reta";"Não";4;1;0;2;1;0;2;2;4,2063;-61,012264;"SPRF-RR";"DEL01-RR";"UOP02-DEL01-RR"
238562;2019-09-27;"sexta-feira";"19:30:00";"PR";277;405,9;"CANDOI";"Ultrapassagem Indevida";"Colisão lateral";"Com Vítimas Feridas";"Anoitecer";"Decrescente";"Céu Claro";"Simples";"Reta";"Não";3;0;0;1;2;0;1;3;-25,45080512;-51,96868147;"SPRF-PR";"DEL04-PR";"UOP02-DEL04-PR"
238566;2019-09-27;"sexta-feira";"08:50:00";"SC";470;202,5;"PONTE ALTA";"Falta de Atenção à Condução";"Saída de leito carroçável";"Com Vítimas Feridas";"Pleno dia";"Decrescente";"Céu Claro";"Simples";"Curva";"Não";2;0;1;0;0;1;1;2;-27,291437;-50,149284;"SPRF-SC";"DEL05-SC";"UOP03-DEL05-SC"
238567;2019-09-27;"sexta-feira";"22:21:00";"DF";20;14;"BRASILIA";"Ingestão de Álcool";"Colisão traseira";"Sem Vítimas";"Plena Noite";"Decrescente";"Céu Claro";"Dupla";"Reta";"Não";2;0;0;0;2;0;0;2;-15,634938;-47,741241;"SPRF-DF";"DEL02-DF";"UOP01-DEL02-DF"
238572;2019-09-27;"sexta-feira";"20:45:00";"RS";392;18,8;"RIO GRANDE";"Desobediência às normas de trânsito pelo condutor";"Colisão transversal";"Com Vítimas Fatais";"Plena Noite";"Crescente";"Céu Claro";"Dupla";"Reta";"Sim";4;2;0;0;1;3;0;5;-32,09017991;-52,17651198;"SPRF-RS";"DEL07-RS";"UOP02-DEL07-RS"
238574;2019-09-27;"sexta-feira";"19:30:00";"MT";364;36;"ALTO ARAGUAIA";"Defeito Mecânico no Veículo";"Colisão traseira";"Sem Vítimas";"Plena Noite";"Crescente";"Céu Claro";"Simples";"Curva";"Não";3;0;0;0;1;3;0;4;-17,11761308;-53,45363718;"SPRF-MT";"DEL02-MT";"UOP02-DEL02-MT"
238579;2019-09-28;"sábado";"00:50:00";"PR";376;589,2;"CURITIBA";"Falta de Atenção à Condução";"Colisão traseira";"Sem Vítimas";"Plena Noite";"Crescente";"Céu Claro";"Dupla";"Reta";"Sim";3;0;0;0;2;2;0;4;-25,49468728;-49,34316695;"SPRF-PR";"DEL01-PR";"UOP06-DEL01-PR"
238583;2019-09-27;"sexta-feira";"22:50:00";"MG";381;729,4;"CARMO DA CACHOEIRA";"Condutor Dormindo";"Tombamento";"Sem Vítimas";"Plena Noite";"Decrescente";"Ignorado";"Dupla";"Curva";"Não";2;0;0;0;1;1;0;2;-21,53065495;-45,23082007;"SPRF-MG";"DEL04-MG";"UOP02-DEL04-MG"
238585;2019-09-28;"sábado";"01:10:00";"ES";101;264,4;"SERRA";"Falta de Atenção à Condução";"Colisão traseira";"Com Vítimas Feridas";"Plena Noite";"Crescente";"Nublado";"Múltipla";"Interseção de Vias";"Sim";3;0;0;1;1;1;1;3;-20,17292791;-40,26736384;"SPRF-ES";"DEL02-ES";"UOP01-DEL02-ES"
238588;2019-09-28;"sábado";"02:00:00";"MG";153;246,2;"FRONTEIRA";"Falta de Atenção à Condução";"Colisão frontal";"Com Vítimas Fatais";"Plena Noite";"Decrescente";"Céu Claro";"Simples";"Reta";"Sim";5;1;0;1;2;1;1;3;-20,30150568;-49,2066586;"SPRF-MG";"DEL13-MG";"UOP02-DEL13-MG"
238589;2019-09-28;"sábado";"02:20:00";"SC";470;71,5;"INDAIAL";"Desobediência às normas de trânsito pelo pedestre";"Atropelamento de Pedestre";"Com Vítimas Fatais";"Plena Noite";"Decrescente";"Céu Claro";"Simples";"Reta";"Sim";2;1;0;0;1;0;0;2;-26,895243;-49,262104;"SPRF-SC";"DEL04-SC";"UOP01-DEL04-SC"
238590;2019-09-27;"sexta-feira";"23:55:00";"AL";101;213,3;"SAO SEBASTIAO";"Falta de Atenção à Condução";"Colisão traseira";"Com Vítimas Feridas";"Plena Noite";"Decrescente";"Céu Claro";"Dupla";"Reta";"Não";3;0;1;0;1;1;1;3;-10,02368879;-36,62646315;"SPRF-AL";"DEL02-AL";"UOP02-DEL02-AL"
238599;2019-09-27;"sexta-feira";"17:00:00";"MA";135;167,8;"SAO MATEUS DO MARANHAO";"Não guardar distância de segurança";"Colisão traseira";"Com Vítimas Feridas";"Pleno dia";"Crescente";"Céu Claro";"Simples";"Reta";"Não";6;0;3;1;0;2;4;3;-3,90481293;-44,48041583;"SPRF-MA";"DEL01-MA";"UOP02-DEL01-MA"
238602;2019-09-28;"sábado";"04:50:00";"RJ";116;143;"DUQUE DE CAXIAS";"Falta de Atenção à Condução";"Colisão frontal";"Com Vítimas Feridas";"Amanhecer";"Decrescente";"Garoa/Chuvisco";"Simples";"Reta";"Sim";3;0;1;0;1;1;1;3;-22,670546;-43,275085;"SPRF-RJ";"DEL01-RJ";"UOP01-DEL01-RJ"
238613;2019-09-28;"sábado";"06:15:00";"MG";381;526,9;"BRUMADINHO";"Velocidade Incompatível";"Colisão com objeto estático";"Com Vítimas Fatais";"Amanhecer";"Decrescente";"Céu Claro";"Dupla";"Curva";"Não";2;1;0;0;0;1;0;2;-20,16175378;-44,34144636;"SPRF-MG";"DEL04-MG";"UOP03-DEL04-MG"
238628;2019-09-24;"terça-feira";"12:50:00";"MS";60;516,5;"MARACAJU";"Defeito Mecânico no Veículo";"Saída de leito carroçável";"Com Vítimas Feridas";"Pleno dia";"Crescente";"Céu Claro";"Simples";"Curva";"Não";2;0;0;2;0;0;2;1;-21,17832932;-55,62446594;"SPRF-MS";"DEL05-MS";"UOP01-DEL05-MS"
238629;2019-09-28;"sábado";"06:30:00";"SP";381;89,6;"GUARULHOS";"Não guardar distância de segurança";"Colisão lateral";"Com Vítimas Feridas";"Amanhecer";"Crescente";"Nublado";"Múltipla";"Reta";"Sim";3;0;1;0;1;1;1;3;-23,48469299;-46,55983288;"SPRF-SP";"DEL03-SP";"UOP01-DEL03-SP"
238642;2019-09-26;"quinta-feira";"21:00:00";"RJ";116;143,5;"DUQUE DE CAXIAS";"Falta de Atenção à Condução";"Colisão traseira";"Sem Vítimas";"Plena Noite";"Crescente";"Chuva";"Dupla";"Reta";"Não";2;0;0;0;2;0;0;2;-22,67157055;-43,27945948;"SPRF-RJ";"DEL01-RJ";"UOP01-DEL01-RJ"
238658;2019-09-28;"sábado";"11:10:00";"AL";316;263,9;"SATUBA";"Falta de Atenção à Condução";"Colisão frontal";"Com Vítimas Feridas";"Pleno dia";"Crescente";"Céu Claro";"Simples";"Curva";"Não";6;0;2;0;3;1;2;4;-9,58758215;-35,878014;"SPRF-AL";"DEL02-AL";"UOP01-DEL02-AL"
238660;2019-09-24;"terça-feira";"18:50:00";"PI";135;303;"CRISTINO CASTRO";"Defeito na Via";"Colisão com objeto em movimento";"Sem Vítimas";"Plena Noite";"Crescente";"Céu Claro";"Simples";"Reta";"Não";2;0;0;0;2;0;0;1;-8,73188748;-44,13144059;"SPRF-PI";"DEL03-PI";"UOP02-DEL03-PI"
238662;2019-09-28;"sábado";"10:10:00";"TO";226;11;"PALMEIRAS DO TOCANTINS";"Desobediência às normas de trânsito pelo condutor";"Colisão frontal";"Com Vítimas Fatais";"Pleno dia";"Crescente";"Sol";"Simples";"Aclive";"Não";6;2;1;1;1;1;2;3;-6,607276;-47,539726;"SPRF-TO";"DEL02-TO";"UOP03-DEL02-TO"
238663;2019-09-28;"sábado";"10:50:00";"SC";101;289,8;"IMBITUBA";"Falta de Atenção à Condução";"Colisão lateral";"Com Vítimas Feridas";"Pleno dia";"Decrescente";"Céu Claro";"Dupla";"Reta;Declive";"Sim";3;0;2;0;1;0;2;2;-28,279355;-48,70086908;"SPRF-SC";"DEL02-SC";"UOP03-DEL02-SC"
238665;2019-09-28;"sábado";"11:30:00";"GO";364;52,5;"CACHOEIRA ALTA";"Defeito Mecânico no Veículo";"Colisão frontal";"Com Vítimas Fatais";"Pleno dia";"Decrescente";"Céu Claro";"Simples";"Reta";"Não";4;2;0;0;1;1;0;3;-18,795572;-50,906792;"SPRF-GO";"DEL05-GO";"UOP02-DEL05-GO"
238670;2019-09-28;"sábado";"11:00:00";"PR";277;4,4;"FOZ DO IGUACU";"Falta de Atenção à Condução";"Atropelamento de Pedestre";"Com Vítimas Feridas";"Pleno dia";"Decrescente";"Sol";"Dupla";"Reta";"Sim";3;0;0;1;2;0;1;2;-25,46758968;-54,58454132;"SPRF-PR";"DEL05-PR";"UOP03-DEL05-PR"
238673;2019-09-28;"sábado";"10:20:00";"MS";163;487,4;"CAMPO GRANDE";"Desobediência às normas de trânsito pelo condutor";"Colisão transversal";"Com Vítimas Feridas";"Pleno dia";"Decrescente";"Céu Claro";"Simples";"Aclive";"Sim";4;0;2;0;1;1;2;3;-20,42493093;-54,54550758;"SPRF-MS";"DEL01-MS";"UOP02-DEL01-MS"
238680;2019-09-28;"sábado";"07:45:00";"SC";282;502,8;"XANXERE";"Ingestão de Álcool";"Saída de leito carroçável";"Com Vítimas Feridas";"Pleno dia";"Decrescente";"Sol";"Dupla";"Aclive;Reta";"Sim";3;0;0;2;1;0;2;2;-26,884584;-52,390911;"SPRF-SC";"DEL07-SC";"UOP01-DEL07-SC"
238703;2019-09-28;"sábado";"15:45:00";"RS";101;21,7;"TRES CACHOEIRAS";"Falta de Atenção à Condução";"Saída de leito carroçável";"Com Vítimas Feridas";"Pleno dia";"Decrescente";"Nublado";"Dupla";"Reta";"Não";3;0;1;0;2;0;1;2;-29,42953872;-49,88526025;"SPRF-RS";"DEL03-RS";"UOP02-DEL03-RS"
238709;2019-09-28;"sábado";"16:15:00";"PR";376;626,2;"SAO JOSE DOS PINHAIS";"Velocidade Incompatível";"Queda de ocupante de veículo";"Com Vítimas Feridas";"Pleno dia";"Decrescente";"Céu Claro";"Dupla";"Reta";"Sim";3;0;1;0;1;1;1;3;-25,66095117;-49,15500053;"SPRF-PR";"DEL01-PR";"UOP04-DEL01-PR"
238714;2019-09-28;"sábado";"16:30:00";"SP";116;314;"JUQUITIBA";"Falta de Atenção à Condução";"Colisão lateral";"Com Vítimas Feridas";"Pleno dia";"Decrescente";"Garoa/Chuvisco";"Dupla";"Reta";"Não";3;0;1;0;1;1;1;3;-23,89839651;-46,98735687;"SPRF-SP";"DEL04-SP";"UOP03-DEL04-SP"
238716;2019-09-28;"sábado";"09:30:00";"MA";222;675;"ACAILANDIA";"Defeito Mecânico no Veículo";"Tombamento";"Sem Vítimas";"Pleno dia";"Crescente";"Céu Claro";"Simples";"Aclive";"Sim";2;0;0;0;1;3;0;4;-4,93859094;-47,46131504;"SPRF-MA";"DEL04-MA";"UOP03-DEL04-MA"
238727;2019-09-28;"sábado";"14:25:00";"PR";153;101,2;"IBAITI";"Falta de Atenção do Pedestre";"Atropelamento de Pedestre";"Com Vítimas Fatais";"Pleno dia";"Decrescente";"Céu Claro";"Simples";"Curva";"Não";3;1;0;0;1;1;0;3;-23,78103778;-50,18736838;"SPRF-PR";"DEL07-PR";"UOP04-DEL07-PR"
238728;2019-09-27;"sexta-feira";"19:00:00";"PE";423;112,5;"PARANATAMA";"Desobediência às normas de trânsito pelo condutor";"Colisão frontal";"Com Vítimas Fatais";"Plena Noite";"Decrescente";"Céu Claro";"Simples";"Declive";"Não";3;1;0;2;0;0;2;3;-8,89529604;-36,62527899;"SPRF-PE";"DEL03-PE";"UOP01-DEL03-PE"
238738;2019-09-28;"sábado";"17:00:00";"MT";70;251;"PRIMAVERA DO LESTE";"Falta de Atenção à Condução";"Capotamento";"Sem Vítimas";"Pleno dia";"Crescente";"Céu Claro";"Simples";"Curva";"Não";2;0;0;0;1;2;0;3;-15,62661991;-54,12339897;"SPRF-MT";"DEL05-MT";"UOP01-DEL05-MT"