"id";"data_inversa";"dia_semana";"horario";"uf";"br";"km";"municipio";"causa_acidente";"tipo_acidente";"classificacao_acidente";"fase_dia";"sentido_via";"condicao_metereologica";"tipo_pista";"tracado_via";"uso_solo";"pessoas";"mortos";"feridos_leves";"feridos_graves";"ilesos";"ignorados";"feridos";"veiculos";"latitude";"longitude";"regional";"delegacia";"uop"
238742;2019-09-28;"sábado";"19:15:00";"BA";101;811;"ITAMARAJU";"Falta de Atenção do Pedestre";"Atropelamento de Pedestre";"Com Vítimas Feridas";"Plena Noite";"Crescente";"Chuva";"Simples";"Reta";"Sim";3;0;0;1;1;1;1;3;-17,21763389;-39,60728705;"SPRF-BA";"DEL09-BA";"UOP01-DEL09-BA"
238750;2019-09-28;"sábado";"14:20:00";"MG";116;522;"CARATINGA";"Desobediência às normas de trânsito pelo condutor";"Colisão transversal";"Com Vítimas Feridas";"Pleno dia";"Crescente";"Nublado";"Simples";"Reta";"Não";4;0;0;1;1;2;1;4;-19,74300101;-42,13231969;"SPRF-MG";"DEL06-MG";"UOP02-DEL06-MG"
238753;2019-09-28;"sábado";"19:10:00";"SC";280;148,2;"MAFRA";"Defeito Mecânico no Veículo";"Tombamento";"Sem Vítimas";"Plena Noite";"Decrescente";"Nublado";"Simples";"Curva";"Não";2;0;0;0;1;1;0;2;-26,24634098;-49,67612686;"SPRF-SC";"DEL06-SC";"UOP03-DEL06-SC"
238764;2019-09-28;"sábado";"12:25:00";"SC";282;587,3;"PINHALZINHO";"Velocidade Incompatível";"Saída de leito carroçável";"Com Vítimas Feridas";"Pleno dia";"Decrescente";"Céu Claro";"Simples";"Curva;Declive";"Não";3;0;0;2;0;1;2;2;-26,830677;-53,04443;"SPRF-SC";"DEL07-SC";"UOP02-DEL07-SC"
238765;2019-09-28;"sábado";"20:30:00";"MG";40;719,5;"BARBACENA";"Ingestão de álcool e/ou substâncias psicoativas pelo pedestre";"Atropelamento de Pedestre";"Com Vítimas Feridas";"Plena Noite";"Crescente";"Nublado";"Dupla";"Curva";"Sim";3;0;1;0;1;1;1;3;-21,2713795;-43,64890282;"SPRF-MG";"DEL05-MG";"UOP01-DEL05-MG"
238803;2019-09-28;"sábado";"23:55:00";"MG";116;221,6;"CATUJI";"Velocidade Incompatível";"Saída de leito carroçável";"Com Vítimas Feridas";"Plena Noite";"Decrescente";"Chuva";"Simples";"Reta";"Não";1;0;1;0;0;0;1;1;-17,41543302;-41,51420574;"SPRF-MG";"DEL11-MG";"UOP01-DEL11-MG"
238810;2019-09-29;"domingo";"00:25:00";"MG";381;761;"TRES CORACOES";"Condutor Dormindo";"Tombamento";"Com Vítimas Feridas";"Plena Noite";"Crescente";"Céu Claro";"Dupla";"Curva";"Não";2;0;1;0;0;2;1;3;-21,73238173;-45,38248249;"SPRF-MG";"DEL16-MG";"UOP02-DEL16-MG"
238815;2019-09-29;"domingo";"01:00:00";"ES";101;120;"SOORETAMA";"Falta de Atenção à Condução";"Colisão traseira";"Sem Vítimas";"Plena Noite";"Crescente";"Céu Claro";"Simples";"Reta";"Não";3;0;0;0;1;3;0;4;-19,1438532;-40,0751016;"SPRF-ES";"DEL04-ES";"UOP01-DEL04-ES"
238818;2019-09-16;"segunda-feira";"16:30:00";"BA";101;747;"ITABELA";"Defeito Mecânico no Veículo";"Incêndio";"Sem Vítimas";"Pleno dia";"Crescente";"Céu Claro";"Simples";"Reta";"Não";1;0;0;0;1;0;0;1;-16,744017;-39,454727;"SPRF-BA";"DEL09-BA";"UOP01-DEL09-BA"
238825;2019-09-28;"sábado";"21:00:00";"BA";101;607,6;"MASCOTE";"Defeito Mecânico no Veículo";"Colisão com objeto estático";"Com Vítimas Fatais";"Plena Noite";"Decrescente";"Garoa/Chuvisco";"Simples";"Declive";"Não";1;1;0;0;0;0;0;1;-15,711843;-39,44688901;"SPRF-BA";"DEL05-BA";"UOP02-DEL05-BA"
238830;2019-09-28;"sábado";"22:00:00";"MT";364;81,1;"ALTO GARCAS";"Falta de Atenção à Condução";"Saída de leito carroçável";"Com Vítimas Feridas";"Plena Noite";"Decrescente";"Nublado";"Simples";"Reta";"Não";2;0;1;0;0;1;1;2;-16,87954682;-53,67865184;"SPRF-MT";"DEL02-MT";"UOP02-DEL02-MT"
238838;2019-09-29;"domingo";"03:10:00";"MG";381;652,1;"SANTO ANTONIO DO AMPARO";"Velocidade Incompatível";"Tombamento";"Com Vítimas Feridas";"Plena Noite";"Decrescente";"Nublado";"Dupla";"Curva";"Não";2;0;1;0;0;1;1;2;-20,98384831;-44,94479972;"SPRF-MG";"DEL04-MG";"UOP02-DEL04-MG"
238842;2019-09-29;"domingo";"05:05:00";"TO";153;395;"RIO DOS BOIS";"Sinalização da via insuficiente ou inadequada";"Saída de leito carroçável";"Com Vítimas Feridas";"Plena Noite";"Decrescente";"Céu Claro";"Simples";"Reta";"Sim";2;0;2;0;0;0;2;1;-9,36820327;-48,55326257;"SPRF-TO";"DEL02-TO";"UOP02-DEL02-TO"
238847;2019-09-29;"domingo";"04:30:00";"PR";277;0;"PARANAGUA";"Falta de Atenção à Condução";"Colisão frontal";"Com Vítimas Feridas";"Amanhecer";"Crescente";"Céu Claro";"Simples";"Reta";"Não";3;0;1;0;1;1;1;3;-25,568198;-48,615292;"SPRF-PR";"DEL01-PR";"UOP05-DEL01-PR"
238871;2019-09-29;"domingo";"07:00:00";"ES";101;121;"SOORETAMA";"Desobediência às normas de trânsito pelo condutor";"Colisão transversal";"Sem Vítimas";"Pleno dia";"Crescente";"Nublado";"Simples";"Reta";"Não";3;0;0;0;3;0;0;2;-19,15199313;-40,07913375;"SPRF-ES";"DEL04-ES";"UOP01-DEL04-ES"
238874;2019-09-29;"domingo";"05:20:00";"MG";365;406;"PATOS DE MINAS";"Falta de Atenção à Condução";"Colisão lateral";"Sem Vítimas";"Amanhecer";"Crescente";"Sol";"Simples";"Viaduto;Reta;Rotatória";"Não";2;0;0;0;2;0;0;2;-18,63717711;-46,48682356;"SPRF-MG";"N/A";"N/A"
238875;2019-09-29;"domingo";"07:25:00";"PR";277;217,3;"TEIXEIRA SOARES";"Ultrapassagem Indevida";"Saída de leito carroçável";"Com Vítimas Feridas";"Pleno dia";"Crescente";"Sol";"Simples";"Reta";"Não";2;0;0;1;0;1;1;2;-25,4597774;-50,4289556;"SPRF-PR";"DEL03-PR";"UOP02-DEL08-PR"
238882;2019-09-29;"domingo";"08:00:00";"PR";277;201,6;"PALMEIRA";"Velocidade Incompatível";"Saída de leito carroçável";"Com Vítimas Feridas";"Pleno dia";"Decrescente";"Céu Claro";"Simples";"Curva";"Não";2;0;1;0;0;1;1;2;-25,45398513;-50,20300993;"SPRF-PR";"DEL03-PR";"UOP02-DEL08-PR"
238887;2019-09-17;"terça-feira";"14:00:00";"BA";101;421;"IBIRAPITANGA";"Pista Escorregadia";"Saída de leito carroçável";"Sem Vítimas";"Pleno dia";"Decrescente";"Chuva";"Simples";"Curva";"Não";2;0;0;0;2;0;0;2;-14,1385732;-39,35508728;"SPRF-BA";"DEL05-BA";"UOP03-DEL05-BA"
238894;2019-09-29;"domingo";"08:10:00";"MG";251;469,3;"FRANCISCO SA";"Pista Escorregadia";"Colisão lateral";"Com Vítimas Feridas";"Pleno dia";"Crescente";"Chuva";"Simples";"Curva";"Não";3;0;1;0;1;1;1;3;-16,47846186;-43,41953476;"SPRF-MG";"DEL12-MG";"UOP01-DEL12-MG"
238897;2019-09-29;"domingo";"08:40:00";"BA";116;817;"VITORIA DA CONQUISTA";"Avarias e/ou desgaste excessivo no pneu";"Colisão frontal";"Com Vítimas Feridas";"Pleno dia";"Decrescente";"Nublado";"Simples";"Reta";"Sim";3;0;1;0;0;2;1;3;-14,78186283;-40,73870709;"SPRF-BA";"DEL08-BA";"UOP01-DEL08-BA"
238906;2019-09-29;"domingo";"09:30:00";"MG";381;363,8;"SAO GONCALO DO RIO ABAIXO";"Velocidade Incompatível";"Tombamento";"Com Vítimas Feridas";"Pleno dia";"Decrescente";"Nublado";"Simples";"Curva";"Não";2;0;0;1;0;1;1;2;-19,84808422;-43,25264351;"SPRF-MG";"DEL03-MG";"UOP01-DEL03-MG"
238907;2019-09-29;"domingo";"10:00:00";"MA";135;9;"SAO LUIS";"Falta de Atenção à Condução";"Colisão lateral";"Sem Vítimas";"Pleno dia";"Decrescente";"Céu Claro";"Dupla";"Aclive;Reta";"Sim";2;0;0;0;2;0;0;2;-2,64941425;-44,28038883;"SPRF-MA";"DEL01-MA";"UOP01-DEL01-MA"
238908;2019-09-29;"domingo";"11:30:00";"PE";101;71;"RECIFE";"Desobediência às normas de trânsito pelo condutor";"Colisão lateral";"Com Vítimas Feridas";"Pleno dia";"Decrescente";"Céu Claro";"Simples";"Desvio Temporário;Reta;Em Obras";"Sim";3;0;1;0;1;1;1;3;-8,085623;-34,945783;"SPRF-PE";"DEL01-PE";"UOP01-DEL01-PE"
238909;2019-08-20;"terça-feira";"18:30:00";"SC";116;245,5;"LAGES";"Falta de Atenção à Condução";"Colisão transversal";"Com Vítimas Feridas";"Plena Noite";"Decrescente";"Céu Claro";"Simples";"Rotatória";"Sim";3;0;1;0;1;2;1;4;-27,79544281;-50,36187437;"SPRF-SC";"DEL05-SC";"UOP01-DEL05-SC"
238920;2019-09-29;"domingo";"11:10:00";"MS";267;649,3;"PORTO MURTINHO";"Defeito Mecânico no Veículo";"Incêndio";"Sem Vítimas";"Pleno dia";"Decrescente";"Céu Claro";"Simples";"Rotatória";"Não";2;0;0;0;1;1;0;2;-21,74586654;-57,56545294;"SPRF-MS";"DEL05-MS";"UOP01-DEL05-MS"
238945;2019-09-29;"domingo";"14:50:00";"MG";381;426;"CAETE";"Não guardar distância de segurança";"Colisão traseira";"Com Vítimas Feridas";"Pleno dia";"Crescente";"Céu Claro";"Simples";"Ponte";"Não";5;0;2;0;2;3;2;6;-19,78686195;-43,68924804;"SPRF-MG";"DEL01-MG";"UOP01-DEL01-MG"
238946;2019-09-29;"domingo";"14:00:00";"PR";476;5;"ADRIANOPOLIS";"Velocidade Incompatível";"Tombamento";"Com Vítimas Feridas";"Pleno dia";"Decrescente";"Céu Claro";"Simples";"Curva";"Não";2;0;1;0;0;1;1;2;-24,684805;-48,993744;"SPRF-PR";"DEL01-PR";"UOP07-DEL01-PR"
238952;2019-09-29;"domingo";"16:20:00";"PE";101;105;"CABO DE SANTO AGOSTINHO";"Falta de Atenção à Condução";"Saída de leito carroçável";"Com Vítimas Feridas";"Pleno dia";"Decrescente";"Céu Claro";"Dupla";"Curva";"Não";2;0;0;1;0;1;1;2;-8,30242751;-35,06989924;"SPRF-PE";"DEL01-PE";"UOP03-DEL01-PE"
238955;2019-09-29;"domingo";"16:00:00";"MG";365;580,7;"INDIANOPOLIS";"Mal Súbito";"Colisão frontal";"Com Vítimas Fatais";"Pleno dia";"Decrescente";"Céu Claro";"Simples";"Reta;Aclive";"Não";3;1;0;0;1;1;0;3;-18,87417828;-47,95534008;"SPRF-MG";"DEL15-MG";"UOP02-DEL15-MG"
238956;2019-09-29;"domingo";"09:30:00";"BA";101;430;"MARAU";"Ultrapassagem Indevida";"Colisão lateral";"Sem Vítimas";"Pleno dia";"Crescente";"Céu Claro";"Simples";"Curva";"Não";4;0;0;0;3;3;0;6;-14,17388302;-39,32350896;"SPRF-BA";"DEL05-BA";"UOP01-DEL05-BA"
238972;2019-09-29;"domingo";"06:30:00";"MG";251;393,9;"GRAO MOGOL";"Pista Escorregadia";"Saída de leito carroçável";"Com Vítimas Feridas";"Pleno dia";"Crescente";"Chuva";"Simples";"Reta";"Não";1;0;1;0;0;0;1;1;-16,22140971;-42,86161382;"SPRF-MG";"DEL12-MG";"UOP01-DEL12-MG"
238984;2019-09-29;"domingo";"10:30:00";"PI";135;437;"MONTE ALEGRE DO PIAUI";"Falta de Atenção à Condução";"Tombamento";"Sem Vítimas";"Pleno dia";"Decrescente";"Céu Claro";"Simples";"Aclive";"Não";2;0;0;0;1;3;0;4;-9,57778799;-44,79839404;"SPRF-PI";"DEL03-PI";"UOP02-DEL03-PI"
238998;2019-09-29;"domingo";"19:35:00";"RS";158;294;"JULIO DE CASTILHOS";"Ingestão de Álcool";"Colisão lateral";"Com Vítimas Feridas";"Anoitecer";"Crescente";"Céu Claro";"Simples";"Reta";"Sim";3;0;1;0;1;2;1;4;-29,49907;-53,69462;"SPRF-RS";"DEL09-RS";"UOP01-DEL09-RS"
239000;2019-09-29;"domingo";"16:30:00";"RS";116;225;"DOIS IRMAOS";"Falta de Atenção à Condução";"Queda de ocupante de veículo";"Com Vítimas Feridas";"Pleno dia";"Decrescente";"Céu Claro";"Simples";"Reta";"Não";8;0;5;1;1;1;6;3;-29,59704588;-51,10912224;"SPRF-RS";"DEL01-RS";"UOP02-DEL01-RS"
239002;2019-09-29;"domingo";"19:15:00";"SC";101;150;"ITAPEMA";"Falta de Atenção à Condução";"Colisão traseira";"Com Vítimas Fatais";"Plena Noite";"Decrescente";"Nublado";"Dupla";"Reta";"Sim";2;1;0;0;1;0;0;2;-27,11744799;-48,60940987;"SPRF-SC";"DEL04-SC";"UOP03-DEL04-SC"
239007;2019-09-29;"domingo";"18:00:00";"BA";101;518;"ITABUNA";"Ultrapassagem Indevida";"Colisão frontal";"Com Vítimas Fatais";"Plena Noite";"Crescente";"Céu Claro";"Simples";"Reta";"Não";2;1;0;0;1;0;0;2;-14,90438;-39,28905;"SPRF-BA";"DEL05-BA";"UOP01-DEL05-BA"
239022;2019-09-29;"domingo";"20:40:00";"PR";376;97,2;"PARANAVAI";"Falta de Atenção à Condução";"Colisão transversal";"Com Vítimas Fatais";"Plena Noite";"Decrescente";"Nublado";"Simples";"Reta";"Não";3;1;0;0;1;1;0;3;-23,01506057;-52,51163922;"SPRF-PR";"DEL07-PR";"UOP02-DEL09-PR"
239028;2019-09-29;"domingo";"19:40:00";"SC";101;377,9;"ICARA";"Falta de Atenção à Condução";"Saída de leito carroçável";"Com Vítimas Feridas";"Plena Noite";"Crescente";"Céu Claro";"Dupla";"Reta";"Sim";1;0;1;0;0;0;1;1;-28,7345708;-49,24624124;"SPRF-SC";"DEL02-SC";"UOP01-DEL02-SC"
239048;2019-09-29;"domingo";"22:30:00";"PR";277;586;"CASCAVEL";"Ingestão de Álcool";"Colisão lateral";"Com Vítimas Feridas";"Plena Noite";"Decrescente";"Céu Claro";"Simples";"Reta";"Sim";3;0;0;1;2;0;1;2;-24,9649472;-53,4210459;"SPRF-PR";"DEL04-PR";"UOP01-DEL04-PR"
239063;2019-09-29;"domingo";"21:15:00";"ES";262;146,3;"IBATIBA";"Falta de Atenção à Condução";"Colisão lateral";"Sem Vítimas";"Plena Noite";"Crescente";"Chuva";"Simples";"Reta";"Não";3;0;0;0;1;3;0;4;-20,22870007;-41,41463214;"SPRF-ES";"DEL01-ES";"UOP02-DEL01-ES"
239069;2019-09-29;"domingo";"16:10:00";"MT";174;351,8;"CONQUISTA DOESTE";"Falta de Atenção à Condução";"Colisão frontal";"Com Vítimas Fatais";"Pleno dia";"Crescente";"Céu Claro";"Simples";"Curva;Aclive";"Não";6;4;0;0;1;1;0;3;-14,72523181;-59,3738799;"SPRF-MT";"DEL04-MT";"UOP01-DEL04-MT"
239072;2019-09-29;"domingo";"20:30:00";"SC";158;134,5;"PALMITOS";"Falta de Atenção à Condução";"Colisão lateral";"Sem Vítimas";"Plena Noite";"Crescente";"Céu Claro";"Simples";"Curva";"Não";3;0;0;0;3;0;0;3;-27,07288332;-53,23150635;"SPRF-SC";"DEL07-SC";"UOP02-DEL07-SC"
239084;2019-09-30;"segunda-feira";"00:40:00";"SC";101;459,7;"PASSO DE TORRES";"Ingestão de Álcool";"Colisão transversal";"Com Vítimas Feridas";"Plena Noite";"Crescente";"Nublado";"Dupla";"Reta";"Não";2;0;1;0;1;0;1;2;-29,249493;-49,75304901;"SPRF-SC";"DEL02-SC";"UOP02-DEL02-SC"
239105;2019-09-30;"segunda-feira";"07:10:00";"PB";230;26;"JOAO PESSOA";"Não guardar distância de segurança";"Colisão traseira";"Com Vítimas Feridas";"Pleno dia";"Crescente";"Sol";"Dupla";"Declive;Reta";"Sim";4;0;1;0;3;0;1;4;-7,1693;-34,8782;"SPRF-PB";"DEL01-PB";"UOP01-DEL01-PB"
239107;2019-09-30;"segunda-feira";"07:15:00";"RS";386;360;"ESTRELA";"Falta de Atenção à Condução";"Colisão transversal";"Sem Vítimas";"Pleno dia";"Decrescente";"Céu Claro";"Dupla";"Rotatória";"Não";3;0;0;0;2;1;0;3;-29,5476;-51,908142;"SPRF-RS";"DEL04-RS";"UOP02-DEL04-RS"
239108;2019-09-30;"segunda-feira";"06:00:00";"BA";101;24,3;"ESPLANADA";"Falta de Atenção à Condução";"Saída de leito carroçável";"Com Vítimas Fatais";"Pleno dia";"Decrescente";"Céu Claro";"Simples";"Ponte";"Não";2;1;0;0;0;2;0;3;-11,689951;-37,902037;"SPRF-SE";"DEL02-SE";"UOP03-DEL02-SE"
239113;2019-09-30;"segunda-feira";"06:30:00";"PR";116;111;"CURITIBA";"Desobediência às normas de trânsito pelo condutor";"Colisão lateral";"Com Vítimas Feridas";"Amanhecer";"Crescente";"Nublado";"Dupla";"Reta";"Sim";4;0;1;0;2;1;1;4;-25,56885181;-49,22724597;"SPRF-PR";"DEL01-PR";"UOP06-DEL01-PR"
239122;2019-09-30;"segunda-feira";"07:20:00";"MG";40;461;"SETE LAGOAS";"Velocidade Incompatível";"Colisão traseira";"Com Vítimas Feridas";"Amanhecer";"Crescente";"Nublado";"Dupla";"Reta";"Não";3;0;0;2;0;1;2;2;-19,4065509;-44,33367766;"SPRF-MG";"DEL02-MG";"UOP01-DEL02-MG"
239126;2019-09-30;"segunda-feira";"08:00:00";"MG";262;777,8;"UBERABA";"Falta de Atenção à Condução";"Tombamento";"Com Vítimas Fatais";"Pleno dia";"Decrescente";"Céu Claro";"Simples";"Reta";"Não";3;1;0;1;0;1;1;2;-19,71372977;-47,70846322;"SPRF-MG";"DEL13-MG";"UOP01-DEL13-MG"
239128;2019-09-30;"segunda-feira";"08:25:00";"BA";101;946;"MUCURI";"Desobediência às normas de trânsito pelo condutor";"Colisão transversal";"Com Vítimas Feridas";"Pleno dia";"Crescente";"Nublado";"Simples";"Reta";"Não";2;0;1;0;1;0;1;2;-18,16840196;-39,91873914;"SPRF-BA";"DEL09-BA";"UOP02-DEL09-BA"
239129;2019-09-29;"domingo";"21:05:00";"MG";381;367;"SAO GONCALO DO RIO ABAIXO";"Ingestão de Álcool";"Colisão frontal";"Sem Vítimas";"Pleno dia";"Decrescente";"Céu Claro";"Simples";"Curva";"Não";3;0;0;0;1;2;0;3;-19,84959351;-43,27455396;"SPRF-MG";"DEL03-MG";"UOP01-DEL03-MG"
239138;2019-09-30;"segunda-feira";"09:45:00";"RS";0;0;"FREDERICO WESTPHALEN";"Não guardar distância de segurança";"Colisão lateral";"Sem Vítimas";"Pleno dia";"Não Informado";"Céu Claro";"Simples";"Reta";"Sim";2;0;0;0;2;0;0;2;-27,3651129;-53,39489631;"SPRF-RS";"DEL08-RS";"UOP02-DEL08-RS"
239141;2019-09-30;"segunda-feira";"08:30:00";"SP";116;280,9;"EMBU DAS ARTES";"Desobediência às normas de trânsito pelo condutor";"Tombamento";"Com Vítimas Fatais";"Pleno dia";"Decrescente";"Céu Claro";"Dupla";"Reta";"Sim";4;1;0;0;1;2;0;4;-23,65052999;-46,84611451;"SPRF-SP";"DEL04-SP";"UOP01-DEL04-SP"
239143;2019-09-30;"segunda-feira";"08:50:00";"RR";174;1;"BOA VISTA";"Desobediência às normas de trânsito pelo pedestre";"Colisão transversal";"Sem Vítimas";"Pleno dia";"Crescente";"Céu Claro";"Simples";"Interseção de Vias";"Não";2;0;0;0;2;0;0;2;2,75043687;-60,74620508;"SPRF-RR";"DEL01-RR";"UOP01-DEL01-RR"
239144;2019-09-30;"segunda-feira";"10:15:00";"RJ";40;123;"DUQUE DE CAXIAS";"Falta de Atenção à Condução";"Colisão lateral";"Com Vítimas Feridas";"Pleno dia";"Crescente";"Céu Claro";"Dupla";"Reta";"Sim";2;0;1;0;1;0;1;2;-22,79907687;-43,29015739;"SPRF-RJ";"DEL01-RJ";"UOP01-DEL01-RJ"
239150;2019-07-20;"sábado";"18:40:00";"ES";101;301,6;"VIANA";"Desobediência às normas de trânsito pelo condutor";"Colisão lateral";"Sem Vítimas";"Plena Noite";"Crescente";"Chuva";"Múltipla";"Interseção de Vias";"Sim";2;0;0;0;2;0;0;2;-20,36278187;-40,4401343;"SPRF-ES";"DEL01-ES";"UOP01-DEL01-ES"
239160;2019-08-21;"quarta-feira";"15:00:00";"SC";101;300,5;"LAGUNA";"Animais na Pista";"Colisão traseira";"Com Vítimas Feridas";"Pleno dia";"Crescente";"Céu Claro";"Dupla";"Reta";"Não";4;0;1;0;3;0;1;3;-28,336977;-48,732777;"SPRF-SC";"DEL02-SC";"UOP03-DEL02-SC"
239170;2019-09-30;"segunda-feira";"11:30:00";"SC";470;62,3;"INDAIAL";"Falta de Atenção à Condução";"Saída de leito carroçável";"Com Vítimas Feridas";"Pleno dia";"Decrescente";"Nublado";"Simples";"Reta";"Sim";1;0;1;0;0;0;1;1;-26,874521;-49,182938;"SPRF-SC";"DEL04-SC";"UOP01-DEL04-SC"
239179;2019-09-30;"segunda-feira";"13:40:00";"MT";364;346;"SANTO ANTONIO DO LEVERGER";"Carga excessiva e/ou mal acondicionada";"Tombamento";"Com Vítimas Feridas";"Pleno dia";"Decrescente";"Céu Claro";"Dupla";"Curva";"Não";2;0;1;0;0;1;1;2;-15,81193889;-55,53981241;"SPRF-MT";"DEL02-MT";"UOP02-DEL01-MT"
239182;2019-09-30;"segunda-feira";"14:00:00";"MT";163;829;"SINOP";"Defeito Mecânico no Veículo";"Saída de leito carroçável";"Com Vítimas Feridas";"Pleno dia";"Crescente";"Céu Claro";"Dupla";"Curva;Rotatória";"Sim";2;0;1;0;1;0;1;1;-11,91318321;-55,50865;"SPRF-MT";"DEL06-MT";"UOP01-DEL06-MT"
239184;2019-09-08;"domingo";"21:10:00";"MG";116;414;"GOVERNADOR VALADARES";"Ingestão de Álcool";"Colisão lateral";"Com Vítimas Feridas";"Plena Noite";"Crescente";"Nublado";"Simples";"Ponte";"Sim";3;0;1;0;1;1;1;3;-18,882962;-41,954028;"SPRF-MG";"DEL06-MG";"UOP01-DEL06-MG"
239192;2019-09-16;"segunda-feira";"08:30:00";"SP";381;67;"MAIRIPORA";"Desobediência às normas de trânsito pelo condutor";"Colisão lateral";"Com Vítimas Feridas";"Pleno dia";"Decrescente";"Céu Claro";"Múltipla";"Reta";"Sim";2;0;1;0;1;0;1;2;-23,33226094;-46,57675379;"SPRF-SP";"DEL03-SP";"UOP01-DEL03-SP"
239202;2019-09-30;"segunda-feira";"14:20:00";"MS";262;34,9;"TRES LAGOAS";"Desobediência às normas de trânsito pelo condutor";"Colisão traseira";"Sem Vítimas";"Pleno dia";"Crescente";"Céu Claro";"Simples";"Aclive";"Não";3;0;0;0;2;3;0;5;-20,79029466;-51,91316691;"SPRF-MS";"DEL07-MS";"UOP01-DEL07-MS"
239205;2019-09-30;"segunda-feira";"16:35:00";"DF";80;3,5;"BRASILIA";"Falta de Atenção à Condução";"Colisão frontal";"Com Vítimas Fatais";"Pleno dia";"Crescente";"Céu Claro";"Simples";"Reta";"Não";4;1;1;0;2;0;1;2;-15,731544;-48,102749;"SPRF-DF";"DEL01-DF";"UOP02-DEL03-DF"
239208;2019-09-30;"segunda-feira";"17:20:00";"PR";158;536;"PATO BRANCO";"Falta de Atenção à Condução";"Colisão transversal";"Com Vítimas Feridas";"Anoitecer";"Crescente";"Céu Claro";"Simples";"Interseção de Vias;Reta";"Sim";2;0;1;0;1;0;1;2;-26,24248639;-52,69697646;"SPRF-PR";"DEL02-PR";"UOP01-DEL02-PR"
239215;2019-09-30;"segunda-feira";"17:55:00";"RS";470;257;"SALVADOR DO SUL";"Falta de Atenção à Condução";"Colisão transversal";"Com Vítimas Feridas";"Pleno dia";"Crescente";"Céu Claro";"Simples";"Interseção de Vias";"Sim";2;0;1;0;1;0;1;2;-29,45099596;-51,50485039;"SPRF-RS";"DEL06-RS";"UOP01-DEL06-RS"
239232;2019-09-30;"segunda-feira";"12:30:00";"SC";116;138,7;"SANTA CECILIA";"Falta de Atenção à Condução";"Colisão frontal";"Com Vítimas Feridas";"Pleno dia";"Crescente";"Céu Claro";"Simples";"Reta";"Sim";2;0;0;1;1;0;1;2;-26,95365013;-50,42351412;"SPRF-SC";"DEL06-SC";"UOP02-DEL06-SC"
239240;2019-09-30;"segunda-feira";"15:55:00";"MG";116;732,6;"LARANJAL";"Falta de Atenção à Condução";"Colisão lateral";"Com Vítimas Feridas";"Pleno dia";"Crescente";"Céu Claro";"Simples";"Reta";"Sim";2;0;1;0;1;0;1;2;-21,32985014;-42,45450574;"SPRF-MG";"DEL07-MG";"UOP02-DEL07-MG"
239245;2019-09-30;"segunda-feira";"15:15:00";"MS";163;598,8;"SAO GABRIEL DO OESTE";"Defeito Mecânico no Veículo";"Incêndio";"Sem Vítimas";"Pleno dia";"Decrescente";"Céu Claro";"Dupla";"Reta";"Não";2;0;0;0;1;1;0;2;-19,51826916;-54,46698123;"SPRF-MS";"DEL06-MS";"UOP02-DEL06-MS"
239247;2019-09-30;"segunda-feira";"18:30:00";"MA";135;16,9;"SAO LUIS";"Falta de Atenção à Condução";"Colisão traseira";"Com Vítimas Feridas";"Plena Noite";"Crescente";"Céu Claro";"Dupla";"Aclive";"Sim";3;0;1;0;1;2;1;4;-2,70264079;-44,31049629;"SPRF-MA";"DEL01-MA";"UOP01-DEL01-MA"
239251;2019-09-30;"segunda-feira";"18:45:00";"PE";316;64;"TRINDADE";"Falta de Atenção à Condução";"Colisão traseira";"Com Vítimas Feridas";"Plena Noite";"Decrescente";"Céu Claro";"Simples";"Reta";"Não";4;0;1;1;2;0;2;2;-7,78543662;-40,22695512;"SPRF-PE";"DEL05-PE";"UOP02-DEL05-PE"
239253;2019-09-30;"segunda-feira";"19:20:00";"SP";116;360,1;"MIRACATU";"Falta de Atenção à Condução";"Colisão traseira";"Com Vítimas Feridas";"Plena Noite";"Decrescente";"Ignorado";"Dupla";"Aclive";"Não";3;0;0;1;1;1;1;3;-24,11267961;-47,26580143;"SPRF-SP";"DEL04-SP";"UOP03-DEL04-SP"
239254;2019-09-30;"segunda-feira";"20:00:00";"RN";304;298,5;"MACAIBA";"Falta de Atenção à Condução";"Colisão traseira";"Com Vítimas Feridas";"Pleno dia";"Decrescente";"Céu Claro";"Dupla";"Reta";"Sim";3;0;0;1;1;1;1;3;-5,8682343;-35,3321791;"SPRF-RN";"DEL01-RN";"UOP02-DEL01-RN"
239255;2019-09-30;"segunda-feira";"19:20:00";"SC";101;51,7;"JOINVILLE";"Ingestão de Álcool";"Colisão lateral";"Sem Vítimas";"Plena Noite";"Crescente";"Céu Claro";"Dupla";"Reta";"Não";5;0;0;0;4;1;0;3;-26,38506771;-48,84917582;"SPRF-SC";"DEL03-SC";"UOP01-DEL03-SC"
239259;2019-09-30;"segunda-feira";"19:10:00";"BA";324;517,1;"FEIRA DE SANTANA";"Falta de Atenção à Condução";"Derramamento de carga";"Com Vítimas Feridas";"Plena Noite";"Decrescente";"Céu Claro";"Simples";"Reta";"Sim";2;0;1;0;1;0;1;2;-12,25087232;-38,93317044;"SPRF-BA";"DEL02-BA";"UOP01-DEL02-BA"
239261;2019-09-29;"domingo";"14:30:00";"BA";242;463;"SEABRA";"Velocidade Incompatível";"Saída de leito carroçável";"Sem Vítimas";"Pleno dia";"Crescente";"Sol";"Simples";"Curva";"Não";2;0;0;0;1;2;0;3;-12,4207104;-41,771008;"SPRF-BA";"DEL06-BA";"UOP01-DEL06-BA"