"id";"data_inversa";"dia_semana";"horario";"uf";"br";"km";"municipio";"causa_acidente";"tipo_acidente";"classificacao_acidente";"fase_dia";"sentido_via";"condicao_metereologica";"tipo_pista";"tracado_via";"uso_solo";"pessoas";"mortos";"feridos_leves";"feridos_graves";"ilesos";"ignorados";"feridos";"veiculos";"latitude";"longitude";"regional";"delegacia";"uop"
239262;2019-09-30;"segunda-feira";"19:40:00";"CE";20;415;"MARACANAU";"Não guardar distância de segurança";"Colisão traseira";"Sem Vítimas";"Plena Noite";"Decrescente";"Nublado";"Simples";"Desvio Temporário;Em Obras";"Sim";3;0;0;0;2;1;0;3;-3,83348464;-38,61416643;"SPRF-CE";"DEL01-CE";"UOP02-DEL01-CE"
239263;2019-09-30;"segunda-feira";"16:25:00";"PR";116;109;"CURITIBA";"Desobediência às normas de trânsito pelo condutor";"Colisão traseira";"Sem Vítimas";"Pleno dia";"Crescente";"Céu Claro";"Dupla";"Reta";"Não";3;0;0;0;3;0;0;3;-25,57140489;-49,20748999;"SPRF-PR";"DEL01-PR";"UOP06-DEL01-PR"
239266;2019-09-30;"segunda-feira";"16:15:00";"BA";101;826;"TEIXEIRA DE FREITAS";"Falta de Atenção à Condução";"Tombamento";"Com Vítimas Feridas";"Pleno dia";"Crescente";"Chuva";"Simples";"Curva";"Não";2;0;1;0;0;2;1;3;-17,332555;-39,63082097;"SPRF-BA";"DEL09-BA";"UOP01-DEL09-BA"
239268;2019-09-30;"segunda-feira";"18:00:00";"MG";116;2,5;"DIVISA ALEGRE";"Falta de Atenção do Pedestre";"Atropelamento de Pedestre";"Com Vítimas Feridas";"Plena Noite";"Decrescente";"Céu Claro";"Simples";"Reta";"Sim";3;0;1;0;1;1;1;3;-15,71767418;-41,34054455;"SPRF-BA";"DEL08-BA";"UOP03-DEL08-BA"
239270;2019-08-25;"domingo";"14:20:00";"BA";101;115;"ALAGOINHAS";"Defeito na Via";"Colisão transversal";"Com Vítimas Fatais";"Pleno dia";"Crescente";"Céu Claro";"Simples";"Declive";"Não";4;2;0;1;0;1;1;3;-12,17091054;-38,43910217;"SPRF-BA";"DEL01-BA";"UOP04-DEL01-BA"
239272;2019-09-30;"segunda-feira";"20:00:00";"SP";116;362;"MIRACATU";"Falta de Atenção à Condução";"Colisão lateral";"Com Vítimas Feridas";"Plena Noite";"Crescente";"Céu Claro";"Dupla";"Curva";"Não";3;0;1;0;2;0;1;2;-24,1220177;-47,27047772;"SPRF-SP";"DEL04-SP";"UOP03-DEL04-SP"
239273;2019-09-30;"segunda-feira";"21:20:00";"PB";230;38;"SANTA RITA";"Falta de Atenção à Condução";"Colisão lateral";"Com Vítimas Fatais";"Plena Noite";"Decrescente";"Céu Claro";"Dupla";"Aclive;Reta";"Sim";3;1;0;0;2;0;0;3;-7,13640959;-34,9666543;"SPRF-PB";"DEL01-PB";"UOP03-DEL01-PB"
239276;2019-09-30;"segunda-feira";"21:30:00";"PR";277;6,2;"PARANAGUA";"Falta de Atenção à Condução";"Colisão lateral";"Com Vítimas Fatais";"Plena Noite";"Decrescente";"Céu Claro";"Dupla";"Reta";"Não";2;1;0;0;0;1;0;2;-25,568198;-48,615292;"SPRF-PR";"DEL01-PR";"UOP05-DEL01-PR"
239281;2019-09-30;"segunda-feira";"22:00:00";"SP";116;498;"CAJATI";"Falta de Atenção à Condução";"Saída de leito carroçável";"Com Vítimas Feridas";"Plena Noite";"Decrescente";"Céu Claro";"Dupla";"Reta";"Não";2;0;0;1;0;6;1;7;-24,77566399;-48,17082817;"SPRF-SP";"DEL05-SP";"UAP01-DEL05-SP"
239285;2019-09-30;"segunda-feira";"22:45:00";"BA";110;163,9;"RIBEIRA DO POMBAL";"Defeito na Via";"Tombamento";"Com Vítimas Feridas";"Plena Noite";"Decrescente";"Céu Claro";"Simples";"Curva";"Não";2;0;1;0;0;1;1;2;-10,77319309;-38,51441775;"SPRF-BA";"DEL07-BA";"UOP02-DEL07-BA"
239290;2019-09-30;"segunda-feira";"20:05:00";"MG";262;608;"CAMPOS ALTOS";"Pista Escorregadia";"Saída de leito carroçável";"Com Vítimas Feridas";"Plena Noite";"Crescente";"Céu Claro";"Simples";"Reta";"Não";2;0;1;0;0;1;1;2;-19,61802014;-46,27554711;"SPRF-MG";"DEL08-MG";"UOP02-DEL08-MG"
239291;2019-09-30;"segunda-feira";"22:15:00";"SP";116;492,8;"CAJATI";"Ingestão de Álcool";"Colisão com objeto estático";"Sem Vítimas";"Plena Noite";"Crescente";"Céu Claro";"Dupla";"Reta";"Não";3;0;0;0;2;1;0;3;-24,74308052;-48,1325941;"SPRF-SP";"DEL05-SP";"UAP01-DEL05-SP"
239297;2019-09-30;"segunda-feira";"23:50:00";"RS";101;8;"TORRES";"Falta de Atenção à Condução";"Colisão frontal";"Com Vítimas Feridas";"Plena Noite";"Decrescente";"Céu Claro";"Dupla";"Reta";"Sim";2;0;0;1;1;0;1;2;-29,360522;-49,807844;"SPRF-RS";"DEL03-RS";"UOP02-DEL03-RS"
239300;2019-09-30;"segunda-feira";"23:29:00";"MS";163;472,8;"CAMPO GRANDE";"Ingestão de Álcool";"Saída de leito carroçável";"Com Vítimas Feridas";"Plena Noite";"Decrescente";"Céu Claro";"Simples";"Reta";"Sim";2;0;1;0;0;1;1;2;-20,54299197;-54,56075492;"SPRF-MS";"DEL01-MS";"UOP01-DEL01-MS"
239307;2019-09-30;"segunda-feira";"23:00:00";"MT";70;66;"GENERAL CARNEIRO";"Ingestão de Substâncias Psicoativas";"Saída de leito carroçável";"Com Vítimas Feridas";"Plena Noite";"Decrescente";"Céu Claro";"Simples";"Curva";"Não";2;0;0;1;0;2;1;3;-15,70460561;-52,74029732;"SPRF-MT";"DEL07-MT";"UOP01-DEL07-MT"
239314;2019-10-01;"terça-feira";"00:30:00";"SC";101;385,9;"ICARA";"Condutor Dormindo";"Tombamento";"Sem Vítimas";"Plena Noite";"Crescente";"Nublado";"Dupla";"Reta";"Não";2;0;0;0;1;1;0;2;-28,78471954;-49,33614492;"SPRF-SC";"DEL02-SC";"UOP02-DEL02-SC"
239320;2019-10-01;"terça-feira";"06:00:00";"SP";381;79;"SAO PAULO";"Restrição de Visibilidade";"Tombamento";"Com Vítimas Feridas";"Pleno dia";"Decrescente";"Céu Claro";"Dupla";"Aclive;Reta";"Não";1;0;1;0;0;0;1;1;-23,40319901;-46,57564699;"SPRF-SP";"DEL03-SP";"UOP01-DEL03-SP"
239322;2019-09-30;"segunda-feira";"09:55:00";"SC";282;533;"CORDILHEIRA ALTA";"Velocidade Incompatível";"Colisão frontal";"Com Vítimas Feridas";"Pleno dia";"Decrescente";"Céu Claro";"Simples";"Curva";"Não";2;0;1;0;1;0;1;2;-26,995323;-52,625305;"SPRF-SC";"DEL07-SC";"UOP01-DEL07-SC"
239333;2019-10-01;"terça-feira";"06:40:00";"MS";163;674,8;"RIO VERDE DE MATO GROSSO";"Defeito Mecânico no Veículo";"Tombamento";"Com Vítimas Feridas";"Pleno dia";"Crescente";"Céu Claro";"Simples";"Reta";"Não";2;0;1;0;0;1;1;2;-18,97487409;-54,82182679;"SPRF-MS";"DEL06-MS";"UOP02-DEL06-MS"
239337;2019-09-30;"segunda-feira";"19:10:00";"BA";101;796,7;"ITAMARAJU";"Falta de Atenção à Condução";"Saída de leito carroçável";"Com Vítimas Feridas";"Plena Noite";"Crescente";"Ignorado";"Simples";"Reta";"Não";1;0;0;1;0;0;1;1;-17,10656609;-39,56572694;"SPRF-BA";"DEL09-BA";"UOP01-DEL09-BA"
239346;2019-10-01;"terça-feira";"08:00:00";"ES";101;6,6;"PEDRO CANARIO";"Velocidade Incompatível";"Tombamento";"Com Vítimas Feridas";"Pleno dia";"Decrescente";"Nublado";"Simples";"Curva";"Não";2;0;1;0;0;3;1;4;-18,23057418;-39,94789839;"SPRF-ES";"DEL04-ES";"UOP02-DEL04-ES"
239351;2019-10-01;"terça-feira";"08:35:00";"PE";101;2,4;"GOIANA";"Falta de Atenção à Condução";"Colisão traseira";"Com Vítimas Feridas";"Pleno dia";"Decrescente";"Céu Claro";"Dupla";"Reta;Aclive";"Não";2;0;1;0;0;1;1;2;-7,51675334;-34,99198357;"SPRF-PE";"DEL01-PE";"UOP02-DEL01-PE"
239355;2019-10-01;"terça-feira";"09:10:00";"TO";153;450,1;"BARROLANDIA";"Defeito na Via";"Colisão frontal";"Com Vítimas Feridas";"Pleno dia";"Decrescente";"Nublado";"Simples";"Reta";"Sim";3;0;2;0;0;2;2;4;-9,825593;-48,72247983;"SPRF-TO";"DEL02-TO";"UOP01-DEL01-TO"
239356;2019-09-27;"sexta-feira";"17:30:00";"RN";101;111,1;"PARNAMIRIM";"Falta de Atenção à Condução";"Colisão lateral";"Sem Vítimas";"Plena Noite";"Decrescente";"Céu Claro";"Dupla";"Aclive";"Não";3;0;0;0;2;1;0;3;-5,955333;-35,264862;"SPRF-RN";"DEL01-RN";"UOP01-DEL01-RN"
239360;2019-10-01;"terça-feira";"08:40:00";"CE";116;64,9;"CHOROZINHO";"Falta de Atenção à Condução";"Colisão transversal";"Com Vítimas Feridas";"Pleno dia";"Crescente";"Céu Claro";"Simples";"Reta";"Sim";4;0;1;0;3;0;1;2;-4,28125187;-38,49423541;"SPRF-CE";"DEL03-CE";"UOP02-DEL03-CE"
239363;2019-10-01;"terça-feira";"07:45:00";"SC";101;334,2;"TUBARAO";"Desobediência às normas de trânsito pelo condutor";"Colisão lateral";"Com Vítimas Feridas";"Pleno dia";"Decrescente";"Céu Claro";"Dupla";"Reta";"Sim";3;0;1;0;1;1;1;3;-28,46730446;-49,00604302;"SPRF-SC";"DEL02-SC";"UOP01-DEL02-SC"
239365;2019-10-01;"terça-feira";"10:20:00";"MG";381;578;"CARMOPOLIS DE MINAS";"Defeito Mecânico no Veículo";"Capotamento";"Com Vítimas Fatais";"Pleno dia";"Crescente";"Sol";"Dupla";"Reta";"Não";4;1;0;1;1;1;1;3;-20,49228188;-44,60322315;"SPRF-MG";"DEL04-MG";"UOP01-DEL04-MG"
239367;2019-10-01;"terça-feira";"10:30:00";"ES";101;334,8;"GUARAPARI";"Falta de Atenção à Condução";"Colisão traseira";"Sem Vítimas";"Pleno dia";"Decrescente";"Nublado";"Dupla";"Declive";"Não";3;0;0;0;2;3;0;5;-20,6213791;-40,52011191;"SPRF-ES";"DEL03-ES";"UOP01-DEL03-ES"
239370;2019-10-01;"terça-feira";"09:35:00";"SC";470;33,4;"GASPAR";"Falta de Atenção à Condução";"Atropelamento de Pedestre";"Com Vítimas Feridas";"Pleno dia";"Crescente";"Céu Claro";"Simples";"Reta";"Não";2;0;0;1;0;1;1;2;-26,906223;-48,940575;"SPRF-SC";"DEL04-SC";"UOP01-DEL04-SC"
239375;2019-10-01;"terça-feira";"12:35:00";"RN";110;42,9;"MOSSORO";"Falta de Atenção à Condução";"Colisão lateral";"Com Vítimas Feridas";"Pleno dia";"Decrescente";"Céu Claro";"Simples";"Reta";"Não";4;0;1;0;1;2;1;4;-5,17931909;-37,28785097;"SPRF-RN";"DEL04-RN";"UOP01-DEL04-RN"
239379;2019-09-26;"quinta-feira";"12:00:00";"PE";428;159,5;"PETROLINA";"Defeito Mecânico no Veículo";"Incêndio";"Sem Vítimas";"Pleno dia";"Crescente";"Sol";"Simples";"Ponte";"Não";1;0;0;0;0;1;0;1;-9,13950503;-40,35244194;"SPRF-PE";"DEL06-PE";"UOP01-DEL06-PE"
239381;2019-10-01;"terça-feira";"11:50:00";"MG";116;764,4;"LEOPOLDINA";"Condutor Dormindo";"Colisão frontal";"Com Vítimas Fatais";"Pleno dia";"Crescente";"Sol";"Simples";"Curva;Aclive";"Sim";5;2;0;2;0;1;2;3;-21,52171912;-42,64030314;"SPRF-MG";"DEL07-MG";"UOP01-DEL07-MG"
239386;2019-10-01;"terça-feira";"13:20:00";"RS";290;132,5;"ELDORADO DO SUL";"Desobediência às normas de trânsito pelo condutor";"Colisão frontal";"Com Vítimas Feridas";"Pleno dia";"Crescente";"Céu Claro";"Simples";"Reta";"Não";2;0;0;1;1;0;1;2;-30,06359;-51,54288;"SPRF-RS";"DEL02-RS";"UOP01-DEL02-RS"
239390;2019-10-01;"terça-feira";"07:45:00";"MG";262;626;"IBIA";"Ultrapassagem Indevida";"Capotamento";"Com Vítimas Feridas";"Pleno dia";"Crescente";"Céu Claro";"Simples";"Reta";"Não";1;0;1;0;0;0;1;1;-19,58032618;-46,42244811;"SPRF-MG";"DEL08-MG";"UOP01-DEL08-MG"
239391;2019-10-01;"terça-feira";"13:20:00";"CE";222;300;"TIANGUA";"Defeito Mecânico no Veículo";"Colisão com objeto estático";"Com Vítimas Feridas";"Pleno dia";"Crescente";"Céu Claro";"Simples";"Curva";"Não";2;0;1;0;0;1;1;2;-3,65653078;-40,9347551;"SPRF-CE";"DEL04-CE";"UOP02-DEL04-CE"
239394;2019-10-01;"terça-feira";"13:30:00";"RO";364;206,5;"PIMENTA BUENO";"Desobediência às normas de trânsito pelo condutor";"Colisão traseira";"Com Vítimas Feridas";"Pleno dia";"Crescente";"Nublado";"Simples";"Reta";"Não";5;0;1;0;3;1;1;3;-11,60773;-61,222033;"SPRF-RO";"DEL02-RO";"UOP02-DEL02-RO"
239397;2019-10-01;"terça-feira";"14:15:00";"SC";280;128,2;"RIO NEGRINHO";"Desobediência às normas de trânsito pelo condutor";"Colisão transversal";"Com Vítimas Feridas";"Pleno dia";"Decrescente";"Céu Claro";"Simples";"Interseção de Vias";"Não";4;0;2;0;2;0;2;2;-26,24317941;-49,51320018;"SPRF-SC";"DEL06-SC";"UOP03-DEL06-SC"
239407;2019-10-01;"terça-feira";"14:51:00";"RJ";101;300;"SAO GONCALO";"Falta de Atenção do Pedestre";"Atropelamento de Pedestre";"Com Vítimas Feridas";"Pleno dia";"Decrescente";"Céu Claro";"Dupla";"Reta";"Sim";3;0;1;0;2;0;1;3;-22,77645713;-42,94783697;"SPRF-RJ";"DEL02-RJ";"UOP02-DEL02-RJ"
239409;2019-10-01;"terça-feira";"13:35:00";"PB";230;154,5;"CAMPINA GRANDE";"Falta de Atenção à Condução";"Colisão traseira";"Sem Vítimas";"Pleno dia";"Decrescente";"Sol";"Simples";"Reta";"Sim";3;0;0;0;2;1;0;3;-7,277683;-35,898664;"SPRF-PB";"DEL02-PB";"UOP01-DEL02-PB"
239414;2019-10-01;"terça-feira";"15:00:00";"MG";381;421,1;"NOVA UNIAO";"Desobediência às normas de trânsito pelo condutor";"Colisão lateral";"Com Vítimas Feridas";"Pleno dia";"Crescente";"Céu Claro";"Simples";"Curva";"Sim";4;0;1;0;2;1;1;3;-19,7470065;-43,62054795;"SPRF-MG";"DEL01-MG";"UOP01-DEL01-MG"
239415;2019-10-01;"terça-feira";"15:45:00";"PR";277;106;"CURITIBA";"Falta de Atenção à Condução";"Colisão traseira";"Com Vítimas Feridas";"Pleno dia";"Crescente";"Céu Claro";"Dupla";"Reta";"Não";3;0;2;0;1;0;2;2;-25,47984808;-49,3494472;"SPRF-PR";"DEL01-PR";"UOP06-DEL01-PR"
239416;2019-10-01;"terça-feira";"16:00:00";"SC";101;211,4;"PALHOCA";"Ingestão de Álcool";"Colisão traseira";"Com Vítimas Feridas";"Pleno dia";"Decrescente";"Sol";"Múltipla";"Reta";"Sim";2;0;0;1;1;0;1;2;-27,62329313;-48,65245588;"SPRF-SC";"DEL01-SC";"UOP02-DEL01-SC"
239424;2019-10-01;"terça-feira";"15:00:00";"GO";452;128;"BOM JESUS DE GOIAS";"Falta de Atenção à Condução";"Colisão lateral";"Com Vítimas Feridas";"Pleno dia";"Crescente";"Céu Claro";"Simples";"Reta";"Não";6;0;4;0;1;1;4;3;-18,21072811;-49,75678606;"SPRF-GO";"DEL03-GO";"UOP02-DEL03-GO"
239427;2019-10-01;"terça-feira";"17:04:00";"RJ";393;274;"BARRA DO PIRAI";"Falta de Atenção à Condução";"Tombamento";"Com Vítimas Feridas";"Anoitecer";"Decrescente";"Céu Claro";"Simples";"Curva";"Não";2;0;1;0;0;1;1;2;-22,48328327;-43,96042792;"SPRF-RJ";"DEL05-RJ";"UOP04-DEL05-RJ"
239429;2019-10-01;"terça-feira";"16:55:00";"RS";116;3;"PORTO ALEGRE";"Desobediência às normas de trânsito pelo condutor";"Colisão lateral";"Com Vítimas Feridas";"Pleno dia";"Crescente";"Céu Claro";"Dupla";"Reta";"Sim";4;0;3;0;1;0;3;3;-29,99424742;-51,18783474;"SPRF-RS";"DEL05-RS";"UOP03-DEL05-RS"
239432;2019-10-01;"terça-feira";"16:30:00";"PR";369;115,8;"URAI";"Ingestão de Álcool";"Colisão lateral";"Sem Vítimas";"Pleno dia";"Crescente";"Céu Claro";"Simples";"Curva";"Não";2;0;0;0;2;0;0;2;-23,278121;-50,859372;"SPRF-PR";"DEL07-PR";"UOP05-DEL07-PR"
239436;2019-10-01;"terça-feira";"16:48:00";"SC";280;128;"RIO NEGRINHO";"Velocidade Incompatível";"Saída de leito carroçável";"Com Vítimas Feridas";"Pleno dia";"Decrescente";"Sol";"Simples";"Curva";"Sim";4;0;3;0;0;1;3;2;-26,25085362;-49,52649593;"SPRF-SC";"DEL06-SC";"UOP03-DEL06-SC"
239438;2019-10-01;"terça-feira";"12:30:00";"SC";282;393,4;"JOACABA";"Falta de Atenção à Condução";"Colisão lateral";"Com Vítimas Feridas";"Pleno dia";"Decrescente";"Sol";"Simples";"Curva;Aclive";"Não";3;0;1;0;1;2;1;4;-27,16239023;-51,56954527;"SPRF-SC";"DEL07-SC";"UOP05-DEL07-SC"
239442;2019-10-01;"terça-feira";"18:50:00";"MG";267;121,6;"JUIZ DE FORA";"Ingestão de Álcool";"Colisão lateral";"Sem Vítimas";"Plena Noite";"Decrescente";"Nublado";"Simples";"Reta";"Sim";4;0;0;0;3;1;0;4;-21,70761187;-43,48019205;"SPRF-MG";"DEL05-MG";"UOP01-DEL05-MG"
239443;2019-10-01;"terça-feira";"08:40:00";"RO";364;385;"OURO PRETO DO OESTE";"Desobediência às normas de trânsito pelo condutor";"Colisão transversal";"Com Vítimas Feridas";"Pleno dia";"Crescente";"Chuva";"Simples";"Reta";"Sim";3;0;1;0;1;2;1;4;-10,70819012;-62,25648014;"SPRF-RO";"DEL02-RO";"UOP01-DEL02-RO"
239452;2019-10-01;"terça-feira";"18:40:00";"MG";40;486,1;"ESMERALDAS";"Não guardar distância de segurança";"Colisão traseira";"Com Vítimas Feridas";"Anoitecer";"Crescente";"Céu Claro";"Dupla";"Reta";"Sim";2;0;0;1;1;0;1;2;-19,59064511;-44,22670625;"SPRF-MG";"DEL02-MG";"UOP01-DEL02-MG"
239459;2019-10-01;"terça-feira";"19:00:00";"MS";163;258;"DOURADOS";"Restrição de Visibilidade";"Colisão transversal";"Com Vítimas Feridas";"Plena Noite";"Decrescente";"Céu Claro";"Dupla";"Rotatória";"Sim";2;0;0;1;1;0;1;2;-22,25775071;-54,78156926;"SPRF-MS";"DEL04-MS";"UOP01-DEL04-MS"
239469;2019-10-01;"terça-feira";"19:00:00";"SC";282;343;"CAMPOS NOVOS";"Defeito Mecânico no Veículo";"Capotamento";"Com Vítimas Feridas";"Plena Noite";"Decrescente";"Céu Claro";"Simples";"Reta";"Sim";3;0;0;1;1;1;1;3;-27,387402;-51,232861;"SPRF-SC";"DEL07-SC";"UOP06-DEL07-SC"
239475;2019-10-01;"terça-feira";"17:30:00";"BA";116;555;"MILAGRES";"Ingestão de Álcool";"Tombamento";"Sem Vítimas";"Anoitecer";"Decrescente";"Céu Claro";"Dupla";"Reta";"Não";2;0;0;0;1;8;0;9;-12,91216828;-39,86580772;"SPRF-BA";"DEL03-BA";"UOP02-DEL03-BA"
239535;2019-10-01;"terça-feira";"23:00:00";"RS";101;32,5;"TRES FORQUILHAS";"Condutor Dormindo";"Saída de leito carroçável";"Com Vítimas Feridas";"Plena Noite";"Decrescente";"Garoa/Chuvisco";"Simples";"Curva";"Não";3;0;1;0;1;1;1;3;-29,49894393;-49,97709095;"SPRF-RS";"DEL03-RS";"UOP02-DEL03-RS"
239559;2019-10-01;"terça-feira";"22:15:00";"MS";163;281,9;"DOURADOS";"Falta de Atenção à Condução";"Colisão traseira";"Com Vítimas Fatais";"Plena Noite";"Crescente";"Céu Claro";"Simples";"Reta";"Não";3;1;0;1;1;0;1;2;-22,12675231;-54,60517287;"SPRF-MS";"DEL04-MS";"UOP01-DEL04-MS"
239562;2019-10-01;"terça-feira";"18:40:00";"SP";116;515;"CAJATI";"Defeito Mecânico no Veículo";"Incêndio";"Sem Vítimas";"Plena Noite";"Crescente";"Céu Claro";"Dupla";"Reta";"Não";2;0;0;0;1;1;0;2;-24,86704083;-48,21738184;"SPRF-SP";"DEL05-SP";"UAP01-DEL05-SP"
239566;2019-10-01;"terça-feira";"23:00:00";"MG";381;327;"NOVA ERA";"Desobediência às normas de trânsito pelo condutor";"Colisão traseira";"Com Vítimas Feridas";"Plena Noite";"Crescente";"Nublado";"Simples";"Reta";"Não";18;0;14;1;1;2;15;4;-19,76723696;-43,04699067;"SPRF-MG";"DEL03-MG";"UOP01-DEL03-MG"
239569;2019-10-01;"terça-feira";"19:05:00";"PR";376;169;"MARINGA";"Defeito Mecânico no Veículo";"Tombamento";"Sem Vítimas";"Plena Noite";"Decrescente";"Céu Claro";"Dupla";"Reta;Aclive";"Não";2;0;0;0;1;1;0;2;-23,40268167;-51,99708402;"SPRF-PR";"DEL07-PR";"UOP01-DEL09-PR"
239570;2019-10-01;"terça-feira";"19:20:00";"MT";158;645,3;"NOVA XAVANTINA";"Deficiência ou não Acionamento do Sistema de Iluminação/Sinalização do Veículo";"Colisão traseira";"Sem Vítimas";"Anoitecer";"Decrescente";"Chuva";"Simples";"Reta";"Sim";3;0;0;0;2;2;0;4;-14,606235;-52,358883;"SPRF-MT";"DEL07-MT";"UOP02-DEL07-MT"
239577;2019-10-02;"quarta-feira";"01:30:00";"RN";304;199,9;"LAJES";"Desobediência às normas de trânsito pelo condutor";"Colisão frontal";"Com Vítimas Fatais";"Plena Noite";"Decrescente";"Céu Claro";"Simples";"Aclive";"Não";5;1;1;1;1;1;2;3;-5,7261011;-36,16531004;"SPRF-RN";"DEL01-RN";"UOP03-DEL01-RN"
239581;2019-10-02;"quarta-feira";"02:20:00";"SC";101;211,1;"PALHOCA";"Ingestão de Álcool";"Colisão traseira";"Sem Vítimas";"Plena Noite";"Crescente";"Céu Claro";"Múltipla";"Reta";"Sim";2;0;0;0;1;1;0;2;-27,62329313;-48,65245588;"SPRF-SC";"DEL01-SC";"UOP02-DEL01-SC"
239583;2019-10-02;"quarta-feira";"02:34:00";"MS";163;21,3;"ELDORADO";"Objeto estático sobre o leito carroçável";"Saída de leito carroçável";"Com Vítimas Feridas";"Plena Noite";"Decrescente";"Céu Claro";"Simples";"Aclive";"Não";3;0;1;0;2;0;1;1;-23,91571537;-54,29142952;"SPRF-MS";"DEL09-MS";"UOP02-DEL09-MS"
239586;2019-10-01;"terça-feira";"19:20:00";"MT";364;1233;"COMODORO";"Falta de Atenção à Condução";"Colisão frontal";"Com Vítimas Feridas";"Plena Noite";"Crescente";"Nublado";"Simples";"Reta";"Não";3;0;1;0;1;4;1;6;-13,83214552;-59,63025267;"SPRF-MT";"DEL04-MT";"UOP01-DEL04-MT"
239588;2019-10-01;"terça-feira";"21:00:00";"ES";482;100,5;"GUACUI";"Velocidade Incompatível";"Tombamento";"Com Vítimas Feridas";"Plena Noite";"Decrescente";"Céu Claro";"Simples";"Curva;Declive";"Não";2;0;2;0;0;0;2;1;-20,77796584;-41,6328952;"SPRF-ES";"DEL03-ES";"UOP02-DEL03-ES"
239590;2019-10-02;"quarta-feira";"05:35:00";"MG";381;350;"JOAO MONLEVADE";"Velocidade Incompatível";"Tombamento";"Com Vítimas Feridas";"Amanhecer";"Decrescente";"Céu Claro";"Simples";"Curva";"Não";2;0;1;0;0;1;1;2;-19,84953832;-43,15779198;"SPRF-MG";"DEL03-MG";"UOP01-DEL03-MG"
239594;2019-10-02;"quarta-feira";"05:55:00";"RS";386;272,7;"FONTOURA XAVIER";"Condutor Dormindo";"Saída de leito carroçável";"Com Vítimas Feridas";"Amanhecer";"Decrescente";"Céu Claro";"Simples";"Curva";"Não";1;0;1;0;0;0;1;1;-28,98914;-52,366314;"SPRF-RS";"DEL04-RS";"UOP03-DEL04-RS"
239598;2019-10-02;"quarta-feira";"06:45:00";"SP";153;92,3;"JACI";"Falta de Atenção à Condução";"Colisão traseira";"Com Vítimas Feridas";"Pleno dia";"Decrescente";"Céu Claro";"Simples";"Reta";"Não";4;0;1;0;2;1;1;3;-20,964602;-49,577465;"SPRF-SP";"DEL09-SP";"UOP01-DEL09-SP"
239609;2019-10-02;"quarta-feira";"07:00:00";"MG";262;630,5;"IBIA";"Defeito Mecânico no Veículo";"Saída de leito carroçável";"Sem Vítimas";"Pleno dia";"Decrescente";"Sol";"Simples";"Reta";"Não";2;0;0;0;1;2;0;3;-19,58291786;-46,45655507;"SPRF-MG";"DEL08-MG";"UOP01-DEL08-MG"
239615;2019-10-02;"quarta-feira";"08:15:00";"SP";116;362,5;"MIRACATU";"Velocidade Incompatível";"Tombamento";"Com Vítimas Feridas";"Pleno dia";"Decrescente";"Céu Claro";"Dupla";"Curva";"Não";2;0;0;1;0;1;1;2;-24,1220177;-47,27047772;"SPRF-SP";"DEL04-SP";"UOP03-DEL04-SP"
239617;2019-10-02;"quarta-feira";"08:00:00";"AL";316;243,1;"ATALAIA";"Defeito Mecânico no Veículo";"Saída de leito carroçável";"Sem Vítimas";"Pleno dia";"Decrescente";"Céu Claro";"Simples";"Curva";"Não";1;0;0;0;1;0;0;1;-9,50948818;-36,01302293;"SPRF-AL";"DEL01-AL";"UOP01-DEL01-AL"
239618;2019-10-02;"quarta-feira";"08:25:00";"SC";101;207,9;"SAO JOSE";"Falta de Atenção à Condução";"Colisão traseira";"Sem Vítimas";"Pleno dia";"Decrescente";"Céu Claro";"Dupla";"Reta";"Sim";2;0;0;0;1;1;0;2;-27,60001226;-48,6226467;"SPRF-SC";"DEL01-SC";"UOP01-DEL01-SC"
239619;2019-10-02;"quarta-feira";"06:30:00";"RS";392;339,7;"SANTA MARIA";"Falta de Atenção à Condução";"Colisão traseira";"Com Vítimas Feridas";"Amanhecer";"Crescente";"Garoa/Chuvisco";"Simples";"Reta";"Não";2;0;1;0;0;1;1;2;-29,82941326;-53,76287548;"SPRF-RS";"DEL09-RS";"UOP01-DEL09-RS"
239626;2019-10-02;"quarta-feira";"08:45:00";"SC";470;91;"ASCURRA";"Falta de Atenção à Condução";"Colisão transversal";"Com Vítimas Feridas";"Pleno dia";"Crescente";"Nublado";"Simples";"Reta";"Não";3;0;0;1;1;1;1;3;-26,97769;-49,369198;"SPRF-SC";"DEL04-SC";"UOP01-DEL04-SC"
239628;2019-10-02;"quarta-feira";"08:10:00";"MG";153;58,1;"MONTE ALEGRE DE MINAS";"Velocidade Incompatível";"Tombamento";"Com Vítimas Feridas";"Pleno dia";"Decrescente";"Céu Claro";"Dupla";"Interseção de Vias;Rotatória";"Não";2;0;1;0;0;1;1;2;-18,878386;-49,056637;"SPRF-MG";"DEL15-MG";"UOP03-DEL15-MG"
239629;2019-10-02;"quarta-feira";"09:00:00";"RJ";116;167;"SAO JOAO DE MERITI";"Falta de Atenção à Condução";"Capotamento";"Com Vítimas Feridas";"Pleno dia";"Crescente";"Céu Claro";"Múltipla";"Reta";"Não";3;0;1;0;1;1;1;3;-22,81803977;-43,30787252;"SPRF-RJ";"DEL01-RJ";"UOP02-DEL01-RJ"