"id";"data_inversa";"dia_semana";"horario";"uf";"br";"km";"municipio";"causa_acidente";"tipo_acidente";"classificacao_acidente";"fase_dia";"sentido_via";"condicao_metereologica";"tipo_pista";"tracado_via";"uso_solo";"pessoas";"mortos";"feridos_leves";"feridos_graves";"ilesos";"ignorados";"feridos";"veiculos";"latitude";"longitude";"regional";"delegacia";"uop"
239942;2019-10-03;"quinta-feira";"21:20:00";"BA";101;896;"CARAVELAS";"Velocidade Incompatível";"Tombamento";"Com Vítimas Fatais";"Plena Noite";"Decrescente";"Céu Claro";"Simples";"Curva";"Não";3;3;0;0;0;0;0;1;-17,62991701;-39,76820396;"SPRF-BA";"DEL09-BA";"UOP02-DEL09-BA"
239946;2019-10-03;"quinta-feira";"21:45:00";"GO";153;699;"ITUMBIARA";"Velocidade Incompatível";"Colisão com objeto estático";"Com Vítimas Feridas";"Plena Noite";"Crescente";"Céu Claro";"Dupla";"Curva";"Sim";3;0;1;0;0;2;1;3;-18,3862;-49,2076;"SPRF-GO";"DEL03-GO";"UOP02-DEL03-GO"
239948;2019-10-03;"quinta-feira";"21:55:00";"SC";101;46,7;"JOINVILLE";"Falta de Atenção à Condução";"Colisão traseira";"Sem Vítimas";"Plena Noite";"Crescente";"Céu Claro";"Dupla";"Reta";"Não";3;0;0;0;2;2;0;4;-26,33150083;-48,86187762;"SPRF-SC";"DEL03-SC";"UOP01-DEL03-SC"
239951;2019-10-03;"quinta-feira";"16:55:00";"RS";101;80,1;"OSORIO";"Condutor Dormindo";"Saída de leito carroçável";"Com Vítimas Feridas";"Pleno dia";"Decrescente";"Garoa/Chuvisco";"Dupla";"Reta";"Não";2;0;1;0;0;1;1;2;-29,8263459;-50,2482636;"SPRF-RS";"DEL03-RS";"UOP01-DEL03-RS"
239952;2019-10-03;"quinta-feira";"17:40:00";"PI";135;388,1;"BOM JESUS";"Falta de Atenção à Condução";"Tombamento";"Sem Vítimas";"Pleno dia";"Decrescente";"Céu Claro";"Simples";"Reta";"Não";2;0;0;0;1;1;0;2;-9,33351203;-44,52121394;"SPRF-PI";"DEL03-PI";"UOP02-DEL03-PI"
239953;2019-10-03;"quinta-feira";"01:45:00";"MG";365;660;"MONTE ALEGRE DE MINAS";"Falta de Atenção à Condução";"Tombamento";"Com Vítimas Feridas";"Pleno dia";"Decrescente";"Céu Claro";"Dupla";"Declive";"Não";1;0;1;0;0;0;1;1;-18,89246253;-48,6428551;"SPRF-MG";"DEL15-MG";"UOP01-DEL15-MG"
239960;2019-10-03;"quinta-feira";"20:50:00";"RJ";101;162;"MACAE";"Defeito Mecânico no Veículo";"Colisão com objeto em movimento";"Com Vítimas Feridas";"Plena Noite";"Crescente";"Céu Claro";"Simples";"Reta";"Não";1;0;1;0;0;0;1;1;-22,30241181;-41,88311841;"SPRF-RJ";"DEL02-RJ";"UOP04-DEL08-RJ"
239966;2019-10-03;"quinta-feira";"23:10:00";"GO";153;605;"MORRINHOS";"Fenômenos da Natureza";"Incêndio";"Com Vítimas Feridas";"Plena Noite";"Crescente";"Céu Claro";"Dupla";"Reta";"Não";1;0;1;0;0;0;1;1;-17,5952;-49,1912;"SPRF-GO";"DEL03-GO";"UOP01-DEL03-GO"
239975;2019-10-04;"sexta-feira";"02:30:00";"PR";116;105,9;"SAO JOSE DOS PINHAIS";"Falta de Atenção à Condução";"Colisão traseira";"Com Vítimas Feridas";"Plena Noite";"Crescente";"Ignorado";"Dupla";"Reta";"Não";2;0;1;0;1;0;1;2;-25,56962805;-49,22129301;"SPRF-PR";"DEL01-PR";"UOP01-DEL01-PR"
239979;2019-10-04;"sexta-feira";"05:05:00";"RJ";116;294;"BARRA MANSA";"Falta de Atenção do Pedestre";"Atropelamento de Pedestre";"Com Vítimas Fatais";"Plena Noite";"Crescente";"Céu Claro";"Dupla";"Reta";"Não";7;1;0;0;5;1;0;4;-22,45429053;-44,30084012;"SPRF-RJ";"DEL07-RJ";"DEL5/7-UOP03/RJ"
239980;2019-10-04;"sexta-feira";"04:45:00";"RJ";116;294,3;"BARRA MANSA";"Falta de Atenção à Condução";"Colisão traseira";"Sem Vítimas";"Amanhecer";"Crescente";"Céu Claro";"Dupla";"Reta";"Não";3;0;0;0;2;1;0;3;-22,45429053;-44,30084012;"SPRF-RJ";"DEL07-RJ";"DEL5/7-UOP03/RJ"
239986;2019-10-04;"sexta-feira";"02:00:00";"SP";116;512;"CAJATI";"Velocidade Incompatível";"Tombamento";"Com Vítimas Feridas";"Plena Noite";"Decrescente";"Nevoeiro/Neblina";"Simples";"Curva";"Não";1;0;1;0;0;0;1;1;-24,84304306;-48,22027915;"SPRF-SP";"DEL05-SP";"UAP01-DEL05-SP"
239993;2019-10-04;"sexta-feira";"06:28:00";"SC";101;338,2;"TUBARAO";"Falta de Atenção à Condução";"Colisão lateral";"Com Vítimas Fatais";"Amanhecer";"Decrescente";"Céu Claro";"Dupla";"Desvio Temporário;Reta;Em Obras";"Sim";3;1;1;0;1;0;1;2;-28,49701495;-49,04445469;"SPRF-SC";"DEL02-SC";"UOP01-DEL02-SC"
240007;2019-10-04;"sexta-feira";"07:30:00";"BA";324;531;"FEIRA DE SANTANA";"Falta de Atenção à Condução";"Colisão lateral";"Sem Vítimas";"Pleno dia";"Crescente";"Céu Claro";"Dupla";"Reta";"Não";2;0;0;0;2;0;0;2;-12,33362408;-38,85454306;"SPRF-BA";"DEL01-BA";"UOP01-DEL01-BA"
240019;2019-10-04;"sexta-feira";"08:53:00";"SP";116;148,5;"SAO JOSE DOS CAMPOS";"Não guardar distância de segurança";"Colisão traseira";"Com Vítimas Feridas";"Pleno dia";"Decrescente";"Céu Claro";"Múltipla";"Reta";"Sim";3;0;1;1;1;0;2;2;-23,20067421;-45,8795018;"SPRF-SP";"DEL02-SP";"UOP01-DEL02-SP"
240022;2019-08-28;"quarta-feira";"05:30:00";"SC";282;310;"VARGEM";"Velocidade Incompatível";"Saída de leito carroçável";"Sem Vítimas";"Amanhecer";"Crescente";"Céu Claro";"Simples";"Curva";"Não";1;0;0;0;1;0;0;1;-27,483074;-50,98188;"SPRF-SC";"DEL07-SC";"UOP06-DEL07-SC"
240025;2019-10-04;"sexta-feira";"01:30:00";"BA";101;567;"ARATACA";"Desobediência às normas de trânsito pelo condutor";"Colisão traseira";"Com Vítimas Feridas";"Plena Noite";"Crescente";"Nublado";"Simples";"Reta;Aclive";"Não";2;0;1;0;1;0;1;2;-15,3853068;-39,48541982;"SPRF-BA";"DEL05-BA";"UOP02-DEL05-BA"
240026;2019-10-04;"sexta-feira";"07:00:00";"MA";222;345,3;"IGARAPE DO MEIO";"Falta de Atenção à Condução";"Colisão frontal";"Com Vítimas Feridas";"Pleno dia";"Decrescente";"Céu Claro";"Simples";"Reta";"Não";2;0;2;0;0;0;2;2;-3,67424664;-45,24856421;"SPRF-MA";"DEL02-MA";"UI04-DEL02-MA"
240032;2019-10-03;"quinta-feira";"01:00:00";"SC";282;221,9;"LAGES";"Falta de Atenção à Condução";"Saída de leito carroçável";"Sem Vítimas";"Plena Noite";"Crescente";"Chuva";"Dupla";"Reta;Declive";"Não";2;0;0;0;1;1;0;2;-27,796358;-50,343426;"SPRF-SC";"DEL05-SC";"UOP01-DEL05-SC"
240041;2019-10-04;"sexta-feira";"10:30:00";"RS";290;208,9;"PANTANO GRANDE";"Defeito Mecânico no Veículo";"Saída de leito carroçável";"Com Vítimas Feridas";"Pleno dia";"Decrescente";"Chuva";"Simples";"Curva";"Não";3;0;1;0;1;1;1;3;-30,17006283;-52,31466293;"SPRF-RS";"DEL02-RS";"UOP02-DEL02-RS"
240047;2019-10-04;"sexta-feira";"10:24:00";"PI";316;407,7;"MARCOLANDIA";"Falta de Atenção à Condução";"Tombamento";"Com Vítimas Fatais";"Pleno dia";"Decrescente";"Sol";"Simples";"Curva";"Não";2;1;0;0;0;2;0;3;-7,39910018;-40,72817409;"SPRF-PI";"DEL04-PI";"UOP03-DEL04-PI"
240055;2019-10-04;"sexta-feira";"12:00:00";"MT";364;344;"SANTO ANTONIO DO LEVERGER";"Falta de Atenção à Condução";"Tombamento";"Com Vítimas Feridas";"Pleno dia";"Decrescente";"Céu Claro";"Dupla";"Curva";"Não";2;0;1;0;0;1;1;2;-15,8194977;-55,52497197;"SPRF-MT";"DEL02-MT";"UOP02-DEL01-MT"
240077;2019-06-22;"sábado";"09:05:00";"PA";163;104;"CURUA";"Falta de Atenção à Condução";"Tombamento";"Com Vítimas Feridas";"Pleno dia";"Crescente";"Céu Claro";"Simples";"Curva";"Não";2;0;1;0;0;3;1;4;-1,892303;-55,181551;"SPRF-PA";"DEL05-PA";"UOP01-DEL05-PA"
240086;2019-10-04;"sexta-feira";"15:40:00";"MG";381;3;"BETIM";"Falta de Atenção à Condução";"Colisão traseira";"Com Vítimas Feridas";"Pleno dia";"Decrescente";"Céu Claro";"Dupla";"Reta;Declive";"Não";4;0;1;0;1;2;1;4;-19,96825;-44,198708;"SPRF-MG";"DEL01-MG";"UOP03-DEL01-MG"
240088;2019-08-10;"sábado";"14:00:00";"PE";232;350,7;"FLORES";"Ultrapassagem Indevida";"Colisão lateral";"Sem Vítimas";"Pleno dia";"Decrescente";"Céu Claro";"Simples";"Reta";"Não";2;0;0;0;2;0;0;2;-8,07833518;-37,78991321;"SPRF-PE";"DEL03-PE";"UOP02-DEL03-PE"
240093;2019-10-04;"sexta-feira";"16:20:00";"SP";116;220,9;"GUARULHOS";"Falta de Atenção à Condução";"Colisão lateral";"Com Vítimas Feridas";"Pleno dia";"Crescente";"Céu Claro";"Múltipla";"Reta";"Sim";3;0;1;0;2;0;1;3;-23,46472809;-46,49793962;"SPRF-SP";"DEL01-SP";"UOP01-DEL01-SP"
240098;2019-10-04;"sexta-feira";"16:45:00";"PR";476;169,3;"ARAUCARIA";"Velocidade Incompatível";"Colisão frontal";"Sem Vítimas";"Pleno dia";"Crescente";"Céu Claro";"Simples";"Curva";"Sim";4;0;0;0;4;0;0;3;-25,666254;-49,495918;"SPRF-PR";"DEL01-PR";"UOP06-DEL01-PR"
240109;2019-09-14;"sábado";"14:50:00";"RN";304;292;"MACAIBA";"Não guardar distância de segurança";"Colisão traseira";"Com Vítimas Feridas";"Pleno dia";"Crescente";"Céu Claro";"Simples";"Reta";"Não";2;0;1;0;1;0;1;2;-5,86802829;-35,38985079;"SPRF-RN";"DEL01-RN";"UOP02-DEL01-RN"
240113;2019-09-26;"quinta-feira";"03:55:00";"MS";60;568,2;"NIOAQUE";"Falta de Atenção à Condução";"Tombamento";"Com Vítimas Feridas";"Plena Noite";"Crescente";"Nublado";"Simples";"Reta";"Não";1;0;1;0;0;0;1;1;-21,32413597;-56,00136425;"SPRF-MS";"DEL05-MS";"UOP01-DEL05-MS"
240128;2019-10-04;"sexta-feira";"17:30:00";"MG";116;273,9;"TEOFILO OTONI";"Falta de Atenção à Condução";"Colisão transversal";"Com Vítimas Feridas";"Anoitecer";"Crescente";"Céu Claro";"Simples";"Reta";"Não";5;0;2;0;1;2;2;3;-17,82616139;-41,50619857;"SPRF-MG";"DEL11-MG";"UOP01-DEL11-MG"
240130;2019-10-04;"sexta-feira";"18:03:00";"RO";319;64,5;"PORTO VELHO";"Não guardar distância de segurança";"Colisão traseira";"Sem Vítimas";"Plena Noite";"Crescente";"Nublado";"Dupla";"Interseção de Vias";"Sim";2;0;0;0;2;0;0;2;-8,766685;-63,884052;"SPRF-RO";"DEL01-RO";"UOP01-DEL01-RO"
240131;2019-10-04;"sexta-feira";"18:40:00";"RS";392;299,9;"SAO SEPE";"Falta de Atenção à Condução";"Colisão transversal";"Com Vítimas Feridas";"Anoitecer";"Crescente";"Chuva";"Simples";"Reta";"Não";3;0;0;1;1;1;1;3;-30,14233601;-53,60049402;"SPRF-RS";"DEL09-RS";"UOP01-DEL09-RS"
240135;2019-10-04;"sexta-feira";"19:00:00";"MG";365;622;"UBERLANDIA";"Falta de Atenção à Condução";"Colisão transversal";"Sem Vítimas";"Plena Noite";"Decrescente";"Céu Claro";"Dupla";"Interseção de Vias";"Sim";3;0;0;0;2;2;0;4;-18,90751667;-48,29937209;"SPRF-MG";"DEL15-MG";"UOP01-DEL15-MG"
240139;2019-10-04;"sexta-feira";"17:15:00";"MG";262;473;"BOM DESPACHO";"Falta de Atenção à Condução";"Colisão traseira";"Com Vítimas Feridas";"Pleno dia";"Crescente";"Sol";"Simples";"Reta;Aclive";"Não";5;0;1;0;4;0;1;2;-19,78878343;-45,22221565;"SPRF-MG";"DEL08-MG";"UOP03-DEL08-MG"
240140;2019-10-04;"sexta-feira";"19:15:00";"RS";116;302,5;"GUAIBA";"Deficiência ou não Acionamento do Sistema de Iluminação/Sinalização do Veículo";"Colisão traseira";"Com Vítimas Feridas";"Plena Noite";"Decrescente";"Céu Claro";"Simples";"Reta";"Sim";4;0;3;0;1;0;3;2;-30,13970487;-51,35942618;"SPRF-RS";"DEL02-RS";"UOP01-DEL02-RS"
240144;2019-10-04;"sexta-feira";"19:30:00";"SP";116;518;"CAJATI";"Falta de Atenção à Condução";"Colisão traseira";"Com Vítimas Feridas";"Plena Noite";"Crescente";"Céu Claro";"Dupla";"Reta";"Não";3;0;1;0;1;2;1;4;-24,88391594;-48,22626356;"SPRF-SP";"DEL05-SP";"UAP01-DEL05-SP"
240146;2019-10-04;"sexta-feira";"18:58:00";"PR";373;176,9;"PONTA GROSSA";"Falta de Atenção à Condução";"Engavetamento";"Sem Vítimas";"Anoitecer";"Decrescente";"Céu Claro";"Dupla";"Reta";"Não";5;0;0;0;4;3;0;7;-25,06082803;-50,21845202;"SPRF-PR";"DEL03-PR";"UOP01-DEL03-PR"
240155;2019-10-04;"sexta-feira";"15:05:00";"PR";476;342,6;"PAULA FREITAS";"Falta de Atenção à Condução";"Colisão frontal";"Com Vítimas Feridas";"Pleno dia";"Crescente";"Sol";"Simples";"Reta";"Sim";4;0;0;2;1;1;2;3;-26,16979;-50,909458;"SPRF-PR";"DEL02-PR";"UOP04-DEL02-PR"
240156;2019-10-04;"sexta-feira";"18:00:00";"SC";280;146;"MAFRA";"Defeito Mecânico no Veículo";"Incêndio";"Sem Vítimas";"Anoitecer";"Decrescente";"Céu Claro";"Simples";"Reta";"Não";1;0;0;0;1;0;0;1;-26,25518456;-49,6620649;"SPRF-SC";"DEL06-SC";"UOP03-DEL06-SC"
240157;2019-10-04;"sexta-feira";"20:00:00";"PR";116;15;"CAMPINA GRANDE DO SUL";"Mal Súbito";"Colisão com objeto estático";"Com Vítimas Fatais";"Plena Noite";"Decrescente";"Céu Claro";"Dupla";"Reta";"Não";2;1;0;0;0;1;0;2;-25,09832756;-48,68266005;"SPRF-PR";"DEL01-PR";"UOP02-DEL01-PR"
240163;2019-10-04;"sexta-feira";"20:00:00";"RS";285;298,6;"PASSO FUNDO";"Falta de Atenção à Condução";"Colisão com objeto estático";"Sem Vítimas";"Plena Noite";"Crescente";"Nublado";"Simples";"Curva";"Sim";1;0;0;0;1;0;0;1;-28,236414;-52,423466;"SPRF-RS";"DEL08-RS";"UOP03-DEL08-RS"
240164;2019-10-04;"sexta-feira";"19:00:00";"MA";10;307,3;"ACAILANDIA";"Falta de Atenção à Condução";"Colisão lateral";"Com Vítimas Feridas";"Plena Noite";"Decrescente";"Céu Claro";"Simples";"Reta";"Sim";4;0;1;0;2;5;1;8;-5,052458;-47,554607;"SPRF-MA";"DEL04-MA";"UOP03-DEL04-MA"
240171;2019-10-04;"sexta-feira";"20:45:00";"MG";40;749;"SANTOS DUMONT";"Velocidade Incompatível";"Tombamento";"Com Vítimas Feridas";"Plena Noite";"Crescente";"Céu Claro";"Simples";"Curva";"Não";2;0;1;0;0;1;1;2;-21,447874;-43,55738803;"SPRF-MG";"DEL05-MG";"UOP01-DEL05-MG"
240174;2019-10-04;"sexta-feira";"19:20:00";"RO";364;710;"PORTO VELHO";"Não guardar distância de segurança";"Colisão traseira";"Sem Vítimas";"Plena Noite";"Decrescente";"Nublado";"Dupla";"Reta";"Sim";3;0;0;0;2;4;0;6;-8,78177807;-63,86522683;"SPRF-RO";"DEL01-RO";"UOP01-DEL01-RO"
240177;2019-07-31;"quarta-feira";"17:40:00";"PR";376;491,6;"PONTA GROSSA";"Falta de Atenção à Condução";"Colisão lateral";"Com Vítimas Feridas";"Pleno dia";"Crescente";"Céu Claro";"Dupla";"Reta";"Sim";5;0;2;0;2;4;2;8;-25,11243064;-50,18857598;"SPRF-PR";"DEL03-PR";"UOP04-DEL03-PR"
240179;2019-10-04;"sexta-feira";"16:20:00";"PI";316;72;"MONSENHOR GIL";"Desobediência às normas de trânsito pelo condutor";"Colisão frontal";"Com Vítimas Fatais";"Pleno dia";"Decrescente";"Garoa/Chuvisco";"Simples";"Curva";"Não";5;2;1;1;1;0;2;2;-5,67458801;-42,59603009;"SPRF-PI";"DEL01-PI";"UOP02-DEL01-PI"
240198;2019-10-04;"sexta-feira";"19:30:00";"MS";262;770,9;"CORUMBA";"Falta de Atenção à Condução";"Colisão frontal";"Com Vítimas Feridas";"Plena Noite";"Crescente";"Céu Claro";"Simples";"Reta";"Sim";2;0;0;1;1;0;1;2;-19,08285699;-57,62168025;"SPRF-MS";"N/A";"N/A"
240203;2019-10-04;"sexta-feira";"20:00:00";"MG";354;749,2;"ITANHANDU";"Ultrapassagem Indevida";"Colisão lateral";"Com Vítimas Fatais";"Plena Noite";"Decrescente";"Céu Claro";"Simples";"Reta";"Não";4;1;0;0;2;1;0;4;-22,27036552;-44,87906649;"SPRF-MG";"DEL05-MG";"UOP01-DEL17-MG"
240205;2019-10-04;"sexta-feira";"22:00:00";"RO";364;573;"ITAPUA DO OESTE";"Desobediência às normas de trânsito pelo condutor";"Saída de leito carroçável";"Sem Vítimas";"Plena Noite";"Decrescente";"Chuva";"Simples";"Reta";"Não";1;0;0;0;1;0;0;1;-9,45441201;-63,10215348;"SPRF-RO";"DEL03-RO";"UOP04-DEL01-RO"
240206;2019-10-04;"sexta-feira";"23:20:00";"PR";277;337,2;"GUARAPUAVA";"Falta de Atenção à Condução";"Colisão traseira";"Sem Vítimas";"Plena Noite";"Crescente";"Céu Claro";"Dupla";"Reta;Aclive";"Não";2;0;0;0;1;1;0;2;-25,35271938;-51,36910792;"SPRF-PR";"DEL03-PR";"UOP01-DEL08-PR"
240210;2019-10-05;"sábado";"02:35:00";"DF";20;22;"BRASILIA";"Não guardar distância de segurança";"Colisão traseira";"Sem Vítimas";"Plena Noite";"Decrescente";"Céu Claro";"Dupla";"Reta";"Sim";2;0;0;0;2;0;0;2;-15,59834;-47,676186;"SPRF-DF";"DEL02-DF";"UOP01-DEL02-DF"
240216;2019-10-05;"sábado";"03:50:00";"GO";153;238;"SAO LUIZ DO NORTE";"Falta de Atenção à Condução";"Saída de leito carroçável";"Com Vítimas Feridas";"Plena Noite";"Decrescente";"Céu Claro";"Simples";"Reta";"Não";2;0;1;1;0;0;2;1;-14,824224;-49,299973;"SPRF-GO";"DEL07-GO";"UOP01-DEL07-GO"
240219;2019-10-05;"sábado";"03:30:00";"RJ";116;175,8;"SAO JOAO DE MERITI";"Ingestão de Álcool";"Colisão lateral";"Sem Vítimas";"Plena Noite";"Crescente";"Céu Claro";"Múltipla";"Reta";"Não";4;0;0;0;3;1;0;4;-22,78520294;-43,38020325;"SPRF-RJ";"DEL01-RJ";"UOP02-DEL01-RJ"
240225;2019-10-05;"sábado";"04:30:00";"MG";116;781,6;"LEOPOLDINA";"Falta de Atenção à Condução";"Saída de leito carroçável";"Com Vítimas Feridas";"Plena Noite";"Decrescente";"Céu Claro";"Simples";"Curva";"Não";2;0;1;0;0;1;1;2;-21,62223589;-42,69312807;"SPRF-MG";"DEL07-MG";"UOP01-DEL07-MG"
240236;2019-10-05;"sábado";"06:50:00";"BA";324;587;"CANDEIAS";"Falta de Atenção à Condução";"Tombamento";"Com Vítimas Feridas";"Pleno dia";"Decrescente";"Céu Claro";"Dupla";"Reta";"Não";2;0;0;1;0;1;1;2;-12,6368766;-38,48098755;"SPRF-BA";"DEL01-BA";"UOP01-DEL01-BA"
240242;2019-10-05;"sábado";"04:15:00";"SC";280;0,1;"SAO FRANCISCO DO SUL";"Ingestão de Álcool";"Colisão lateral";"Com Vítimas Feridas";"Plena Noite";"Decrescente";"Garoa/Chuvisco";"Simples";"Reta;Aclive";"Não";4;0;1;1;1;1;2;3;-26,24113466;-48,63401771;"SPRF-SC";"DEL03-SC";"UOP03-DEL03-SC"
240253;2019-10-05;"sábado";"09:15:00";"RS";290;99;"PORTO ALEGRE";"Falta de Atenção à Condução";"Saída de leito carroçável";"Com Vítimas Feridas";"Pleno dia";"Crescente";"Chuva";"Dupla";"Reta";"Sim";2;0;1;0;1;0;1;1;-29,991756;-51,22699;"SPRF-RS";"DEL01-RS";"UOP01-DEL01-RS"
240257;2019-10-05;"sábado";"09:40:00";"SC";470;68;"INDAIAL";"Falta de Atenção à Condução";"Colisão lateral";"Sem Vítimas";"Pleno dia";"Crescente";"Sol";"Simples";"Interseção de Vias";"Sim";3;0;0;0;2;1;0;3;-26,877615;-49,239231;"SPRF-SC";"DEL04-SC";"UOP01-DEL04-SC"
240261;2019-10-05;"sábado";"10:10:00";"PI";316;2;"TERESINA";"Falta de Atenção à Condução";"Colisão lateral";"Com Vítimas Feridas";"Pleno dia";"Crescente";"Céu Claro";"Múltipla";"Reta";"Sim";2;0;1;0;1;0;1;2;-5,13146615;-42,79183388;"SPRF-PI";"DEL01-PI";"UOP02-DEL01-PI"
240268;2019-10-05;"sábado";"09:55:00";"PR";376;600,5;"CURITIBA";"Falta de Atenção à Condução";"Colisão lateral";"Com Vítimas Feridas";"Pleno dia";"Decrescente";"Sol";"Dupla";"Declive;Reta";"Sim";4;0;2;0;1;1;2;3;-25,53796691;-49,31329879;"SPRF-PR";"DEL01-PR";"UOP06-DEL01-PR"
240269;2019-10-05;"sábado";"09:30:00";"MA";135;3;"SAO LUIS";"Desobediência às normas de trânsito pelo condutor";"Colisão lateral";"Sem Vítimas";"Pleno dia";"Decrescente";"Céu Claro";"Dupla";"Declive";"Não";4;0;0;0;3;4;0;7;-2,65981895;-44,30216096;"SPRF-MA";"DEL01-MA";"UOP01-DEL01-MA"
240270;2019-10-05;"sábado";"10:03:00";"SC";101;206,5;"SAO JOSE";"Falta de Atenção do Pedestre";"Atropelamento de Pedestre";"Com Vítimas Fatais";"Pleno dia";"Decrescente";"Céu Claro";"Múltipla";"Reta";"Não";3;1;0;0;1;1;0;3;-27,59193546;-48,61824557;"SPRF-SC";"DEL01-SC";"UOP01-DEL01-SC"
240276;2019-10-05;"sábado";"11:00:00";"GO";452;183,4;"ITUMBIARA";"Falta de Atenção à Condução";"Colisão transversal";"Com Vítimas Feridas";"Pleno dia";"Crescente";"Céu Claro";"Simples";"Reta";"Não";4;0;1;0;2;2;1;4;-18,39182893;-49,33487393;"SPRF-GO";"DEL03-GO";"UOP02-DEL03-GO"
240285;2019-10-05;"sábado";"12:15:00";"PR";277;126;"CAMPO LARGO";"Falta de Atenção à Condução";"Colisão lateral";"Sem Vítimas";"Pleno dia";"Decrescente";"Céu Claro";"Dupla";"Reta";"Não";3;0;0;0;3;0;0;2;-25,44518045;-49,4985659;"SPRF-PR";"DEL01-PR";"UOP06-DEL01-PR"
240288;2019-10-03;"quinta-feira";"19:00:00";"PA";163;501;"ITAITUBA";"Desobediência às normas de trânsito pelo condutor";"Colisão frontal";"Sem Vítimas";"Plena Noite";"Decrescente";"Ignorado";"Simples";"Curva";"Não";3;0;0;0;1;6;0;7;-5,49618104;-55,83568804;"SPRF-PA";"DEL05-PA";"UOP01-DEL05-PA"
240290;2019-10-05;"sábado";"12:00:00";"PR";476;137,1;"CURITIBA";"Falta de Atenção à Condução";"Capotamento";"Com Vítimas Feridas";"Pleno dia";"Decrescente";"Céu Claro";"Múltipla";"Reta";"Sim";5;0;0;1;3;1;1;5;-25,498302;-49,277546;"SPRF-PR";"DEL01-PR";"UOP03-DEL01-PR"
240291;2019-10-05;"sábado";"11:50:00";"MG";251;333;"FRUTA DE LEITE";"Falta de Atenção à Condução";"Tombamento";"Com Vítimas Feridas";"Pleno dia";"Decrescente";"Céu Claro";"Simples";"Curva";"Não";2;0;1;0;0;2;1;3;-16,25683842;-42,43114276;"SPRF-MG";"DEL12-MG";"UOP01-DEL12-MG"
240304;2019-10-05;"sábado";"14:05:00";"MG";262;773;"UBERABA";"Falta de Atenção à Condução";"Colisão transversal";"Com Vítimas Fatais";"Pleno dia";"Decrescente";"Céu Claro";"Simples";"Interseção de Vias";"Não";2;1;0;0;1;0;0;2;-19,71372977;-47,70846322;"SPRF-MG";"DEL13-MG";"UOP01-DEL13-MG"
240309;2019-10-05;"sábado";"14:00:00";"DF";80;9,9;"BRASILIA";"Pista Escorregadia";"Colisão com objeto estático";"Sem Vítimas";"Pleno dia";"Crescente";"Garoa/Chuvisco";"Simples";"Rotatória";"Sim";2;0;0;0;1;1;0;2;-15,73075526;-48,1679678;"SPRF-DF";"DEL01-DF";"UOP02-DEL03-DF"
240311;2019-10-05;"sábado";"11:00:00";"MG";381;294;"ANTONIO DIAS";"Carga excessiva e/ou mal acondicionada";"Derramamento de carga";"Sem Vítimas";"Pleno dia";"Decrescente";"Céu Claro";"Simples";"Curva";"Não";2;0;0;0;1;1;0;2;-19,62246609;-42,8549139;"SPRF-MG";"DEL03-MG";"UOP02-DEL03-MG"
240312;2019-10-05;"sábado";"14:45:00";"MG";365;49;"CLARO DOS POCOES";"Velocidade Incompatível";"Tombamento";"Com Vítimas Fatais";"Pleno dia";"Crescente";"Chuva";"Simples";"Reta";"Não";3;1;0;0;0;2;0;3;-16,93286996;-44,23666404;"SPRF-MG";"DEL12-MG";"UOP01-DEL12-MG"
240329;2019-10-05;"sábado";"15:10:00";"BA";116;604;"IRAJUBA";"Não guardar distância de segurança";"Saída de leito carroçável";"Sem Vítimas";"Pleno dia";"Crescente";"Céu Claro";"Simples";"Curva";"Não";2;0;0;0;1;1;0;2;-13,23346504;-40,01732582;"SPRF-BA";"DEL03-BA";"UOP02-DEL03-BA"
240333;2019-10-05;"sábado";"11:20:00";"CE";222;222;"SOBRAL";"Condutor Dormindo";"Colisão com objeto estático";"Sem Vítimas";"Pleno dia";"Decrescente";"Céu Claro";"Simples";"Aclive";"Sim";2;0;0;0;1;2;0;3;-3,72134641;-40,32871618;"SPRF-CE";"DEL04-CE";"UOP01-DEL04-CE"
240336;2019-10-05;"sábado";"11:50:00";"MT";163;808;"SINOP";"Não guardar distância de segurança";"Tombamento";"Sem Vítimas";"Pleno dia";"Crescente";"Nublado";"Simples";"Aclive";"Não";2;0;0;0;1;2;0;3;-12,11955788;-55,5166626;"SPRF-MT";"DEL06-MT";"UOP01-DEL06-MT"
240343;2019-10-05;"sábado";"17:00:00";"RJ";393;277,4;"BARRA DO PIRAI";"Falta de Atenção à Condução";"Colisão traseira";"Com Vítimas Feridas";"Anoitecer";"Decrescente";"Céu Claro";"Dupla";"Reta";"Não";4;0;2;0;1;1;2;3;-22,4742152;-43,98926402;"SPRF-RJ";"DEL05-RJ";"UOP04-DEL05-RJ"
240357;2019-09-16;"segunda-feira";"21:10:00";"BA";116;22,5;"ABARE";"Animais na Pista";"Saída de leito carroçável";"Com Vítimas Feridas";"Plena Noite";"Decrescente";"Céu Claro";"Simples";"Reta";"Não";1;0;1;0;0;0;1;1;-8,814006;-39,25989;"SPRF-PE";"DEL05-PE";"UOP03-DEL05-PE"
240372;2019-10-05;"sábado";"19:10:00";"GO";364;61;"CACHOEIRA ALTA";"Desobediência às normas de trânsito pelo condutor";"Colisão frontal";"Com Vítimas Feridas";"Plena Noite";"Crescente";"Céu Claro";"Simples";"Reta";"Não";3;0;1;0;1;1;1;3;-18,724609;-50,952961;"SPRF-GO";"DEL05-GO";"UOP02-DEL05-GO"