"id";"data_inversa";"dia_semana";"horario";"uf";"br";"km";"municipio";"causa_acidente";"tipo_acidente";"classificacao_acidente";"fase_dia";"sentido_via";"condicao_metereologica";"tipo_pista";"tracado_via";"uso_solo";"pessoas";"mortos";"feridos_leves";"feridos_graves";"ilesos";"ignorados";"feridos";"veiculos";"latitude";"longitude";"regional";"delegacia";"uop"
240374;2019-10-05;"sábado";"19:35:00";"TO";153;464,7;"PARAISO DO TOCANTINS";"Falta de Atenção à Condução";"Colisão frontal";"Com Vítimas Fatais";"Plena Noite";"Crescente";"Nublado";"Simples";"Aclive;Reta";"Não";2;1;0;0;1;0;0;2;-10,03550959;-48,8007023;"SPRF-TO";"DEL02-TO";"UOP01-DEL01-TO"
240378;2019-10-05;"sábado";"18:55:00";"GO";60;381;"RIO VERDE";"Ingestão de Álcool";"Colisão traseira";"Com Vítimas Feridas";"Plena Noite";"Crescente";"Céu Claro";"Dupla";"Reta";"Sim";3;0;1;0;1;2;1;4;-17,7727;-50,8862;"SPRF-GO";"DEL04-GO";"UOP01-DEL04-GO"
240381;2019-10-05;"sábado";"19:45:00";"PR";369;523,8;"CASCAVEL";"Desobediência às normas de trânsito pelo condutor";"Colisão frontal";"Com Vítimas Fatais";"Plena Noite";"Decrescente";"Chuva";"Simples";"Reta";"Sim";3;1;0;0;1;1;0;3;-24,9601097;-53,39885473;"SPRF-PR";"DEL04-PR";"UOP01-DEL04-PR"
240384;2019-10-05;"sábado";"19:30:00";"CE";222;184;"SOBRAL";"Falta de Atenção à Condução";"Colisão traseira";"Com Vítimas Feridas";"Plena Noite";"Crescente";"Céu Claro";"Simples";"Reta";"Não";2;0;0;1;0;1;1;2;-3,76009224;-40,07889;"SPRF-CE";"DEL04-CE";"UOP01-DEL04-CE"
240385;2019-10-05;"sábado";"20:30:00";"SC";470;36;"GASPAR";"Ingestão de Álcool";"Colisão frontal";"Com Vítimas Feridas";"Plena Noite";"Crescente";"Garoa/Chuvisco";"Simples";"Reta";"Não";4;0;0;2;1;1;2;3;-26,914196;-48,968948;"SPRF-SC";"DEL04-SC";"UOP01-DEL04-SC"
240400;2019-10-05;"sábado";"20:25:00";"PR";476;142;"CURITIBA";"Velocidade Incompatível";"Queda de ocupante de veículo";"Com Vítimas Feridas";"Plena Noite";"Crescente";"Chuva";"Dupla";"Curva";"Não";2;0;0;1;0;1;1;2;-25,537161;-49,301632;"SPRF-PR";"DEL01-PR";"UOP03-DEL01-PR"
240407;2019-10-05;"sábado";"21:35:00";"MG";267;85;"JUIZ DE FORA";"Mal Súbito";"Colisão frontal";"Com Vítimas Feridas";"Plena Noite";"Crescente";"Nublado";"Simples";"Curva;Declive";"Não";3;0;1;0;1;1;1;3;-21,76198367;-43,25075184;"SPRF-MG";"DEL05-MG";"UOP01-DEL05-MG"
240411;2019-10-05;"sábado";"22:00:00";"SC";101;222,2;"PALHOCA";"Objeto estático sobre o leito carroçável";"Colisão com objeto estático";"Sem Vítimas";"Plena Noite";"Crescente";"Nublado";"Dupla";"Aclive";"Não";2;0;0;0;1;1;0;2;-27,70865409;-48,65586407;"SPRF-SC";"DEL01-SC";"UOP02-DEL01-SC"
240412;2019-10-05;"sábado";"17:00:00";"MA";226;518,7;"LAJEADO NOVO";"Falta de Atenção à Condução";"Colisão lateral";"Com Vítimas Fatais";"Pleno dia";"Crescente";"Céu Claro";"Simples";"Reta";"Não";3;1;0;0;1;3;0;5;-6,14996084;-46,95893482;"SPRF-MA";"DEL04-MA";"UOP02-DEL04-MA"
240416;2019-10-05;"sábado";"18:00:00";"MG";267;21,5;"ARGIRITA";"Velocidade Incompatível";"Tombamento";"Com Vítimas Feridas";"Pleno dia";"Decrescente";"Nublado";"Simples";"Declive;Curva";"Não";3;0;1;0;0;2;1;3;-21,59274447;-42,78538272;"SPRF-MG";"DEL07-MG";"UOP01-DEL07-MG"
240441;2019-10-06;"domingo";"00:40:00";"MG";262;189;"SAO DOMINGOS DO PRATA";"Ultrapassagem Indevida";"Colisão frontal";"Com Vítimas Fatais";"Plena Noite";"Decrescente";"Nublado";"Simples";"Reta";"Não";6;1;3;1;0;1;4;3;-19,88387418;-43,05931001;"SPRF-MG";"DEL03-MG";"UOP01-DEL03-MG"
240451;2019-10-05;"sábado";"22:45:00";"MG";381;726,7;"CARMO DA CACHOEIRA";"Velocidade Incompatível";"Tombamento";"Sem Vítimas";"Plena Noite";"Decrescente";"Ignorado";"Dupla";"Curva";"Não";2;0;0;0;1;1;0;2;-21,50846497;-45,21540331;"SPRF-MG";"DEL04-MG";"UOP02-DEL04-MG"
240452;2019-10-05;"sábado";"14:45:00";"MA";230;120;"PARAIBANO";"Defeito Mecânico no Veículo";"Incêndio";"Sem Vítimas";"Pleno dia";"Decrescente";"Céu Claro";"Simples";"Reta";"Não";2;0;0;0;1;2;0;3;-6,542929;-43,925837;"SPRF-MA";"DEL05-MA";"UOP01-DEL05-MA"
240454;2019-10-06;"domingo";"01:30:00";"ES";101;26;"CONCEICAO DA BARRA";"Falta de Atenção à Condução";"Colisão lateral";"Com Vítimas Feridas";"Plena Noite";"Decrescente";"Nublado";"Simples";"Reta";"Não";3;0;0;2;0;1;2;2;-18,37551795;-39,94781087;"SPRF-ES";"DEL04-ES";"UOP02-DEL04-ES"
240455;2019-10-05;"sábado";"23:45:00";"MT";70;12,5;"BARRA DO GARCAS";"Velocidade Incompatível";"Tombamento";"Com Vítimas Feridas";"Plena Noite";"Decrescente";"Céu Claro";"Simples";"Curva";"Não";1;0;1;0;0;0;1;1;-15,87933551;-52,36195898;"SPRF-MT";"DEL07-MT";"UOP01-DEL07-MT"
240461;2019-10-06;"domingo";"01:00:00";"TO";153;182,9;"NOVA OLINDA";"Ingestão de Álcool";"Colisão frontal";"Com Vítimas Feridas";"Plena Noite";"Crescente";"Nublado";"Simples";"Reta";"Não";4;0;1;0;2;1;1;3;-7,49776908;-48,38362573;"SPRF-TO";"DEL02-TO";"UOP01-DEL02-TO"
240474;2019-10-06;"domingo";"03:30:00";"ES";447;12,4;"VILA VELHA";"Ingestão de Álcool";"Colisão lateral";"Com Vítimas Feridas";"Plena Noite";"Decrescente";"Céu Claro";"Dupla";"Reta";"Sim";6;0;0;1;2;3;1;5;-20,35784325;-40,3328294;"SPRF-ES";"DEL01-ES";"UOP01-DEL01-ES"
240476;2019-10-06;"domingo";"03:50:00";"MT";364;269;"JACIARA";"Desobediência às normas de trânsito pelo condutor";"Colisão frontal";"Com Vítimas Feridas";"Pleno dia";"Crescente";"Céu Claro";"Simples";"Reta";"Não";3;0;0;1;1;1;1;3;-15,974228;-54,938;"SPRF-MT";"DEL02-MT";"UOP02-DEL05-MT"
240479;2019-10-06;"domingo";"05:20:00";"GO";452;132,3;"BOM JESUS DE GOIAS";"Ingestão de Álcool";"Colisão frontal";"Com Vítimas Feridas";"Pleno dia";"Decrescente";"Céu Claro";"Simples";"Aclive";"Não";3;0;0;1;1;2;1;4;-18,23291495;-49,72625498;"SPRF-GO";"DEL03-GO";"UOP02-DEL03-GO"
240494;2019-10-06;"domingo";"03:40:00";"MT";364;0,7;"ALTO ARAGUAIA";"Desobediência às normas de trânsito pelo condutor";"Colisão traseira";"Com Vítimas Feridas";"Plena Noite";"Decrescente";"Nublado";"Dupla";"Reta";"Sim";3;0;1;0;1;2;1;4;-17,31871;-53,211903;"SPRF-MT";"DEL02-MT";"UOP02-DEL02-MT"
240497;2019-10-06;"domingo";"03:50:00";"BA";101;108;"ALAGOINHAS";"Falta de Atenção à Condução";"Colisão lateral";"Sem Vítimas";"Amanhecer";"Crescente";"Céu Claro";"Simples";"Reta";"Sim";3;0;0;0;2;1;0;3;-12,16492;-38,477026;"SPRF-BA";"DEL01-BA";"UOP04-DEL01-BA"
240499;2019-10-05;"sábado";"17:00:00";"MG";262;431,3;"SAO GONCALO DO PARA";"Velocidade Incompatível";"Tombamento";"Sem Vítimas";"Pleno dia";"Decrescente";"Sol";"Dupla";"Declive;Curva";"Não";1;0;0;0;1;0;0;1;-19,893183;-44,877118;"SPRF-MG";"DEL08-MG";"UOP03-DEL08-MG"
240506;2019-10-06;"domingo";"05:45:00";"MT";70;509;"CUIABA";"Falta de Atenção à Condução";"Colisão transversal";"Com Vítimas Feridas";"Amanhecer";"Crescente";"Nublado";"Simples";"Curva";"Não";3;0;1;0;1;2;1;4;-15,69453621;-56,09226834;"SPRF-MT";"DEL02-MT";"UOP02-DEL01-MT"
240507;2019-10-06;"domingo";"07:30:00";"SC";101;202;"SAO JOSE";"Ingestão de Álcool";"Colisão lateral";"Sem Vítimas";"Pleno dia";"Crescente";"Chuva";"Dupla";"Reta";"Não";2;0;0;0;1;1;0;2;-27,55711595;-48,61897889;"SPRF-SC";"DEL01-SC";"UOP01-DEL01-SC"
240511;2019-10-06;"domingo";"02:00:00";"MA";135;25;"SAO LUIS";"Mal Súbito";"Colisão com objeto estático";"Com Vítimas Feridas";"Plena Noite";"Decrescente";"Céu Claro";"Dupla";"Ponte";"Sim";2;0;0;1;0;2;1;3;-2,76507971;-44,36187655;"SPRF-MA";"DEL01-MA";"UOP01-DEL01-MA"
240521;2019-10-05;"sábado";"20:20:00";"MG";116;234,5;"TEOFILO OTONI";"Defeito Mecânico no Veículo";"Tombamento";"Com Vítimas Feridas";"Plena Noite";"Crescente";"Céu Claro";"Simples";"Declive;Curva";"Não";2;0;0;1;0;2;1;3;-17,52060796;-41,48432951;"SPRF-MG";"DEL11-MG";"UOP01-DEL11-MG"
240523;2019-10-06;"domingo";"06:40:00";"SC";282;528;"CORDILHEIRA ALTA";"Velocidade Incompatível";"Tombamento";"Com Vítimas Feridas";"Amanhecer";"Decrescente";"Chuva";"Simples";"Curva";"Não";3;0;0;1;2;0;1;1;-26,978798;-52,588566;"SPRF-SC";"DEL07-SC";"UOP01-DEL07-SC"
240529;2019-10-06;"domingo";"06:35:00";"PR";153;468,6;"PORTO VITORIA";"Pista Escorregadia";"Colisão com objeto estático";"Com Vítimas Fatais";"Amanhecer";"Crescente";"Chuva";"Simples";"Declive;Curva";"Não";2;1;0;0;0;1;0;2;-26,28799116;-51,19910002;"SPRF-PR";"DEL02-PR";"UOP03-DEL02-PR"
240530;2019-09-26;"quinta-feira";"07:52:00";"PR";376;187,5;"MARIALVA";"Desobediência às normas de trânsito pelo condutor";"Colisão transversal";"Com Vítimas Feridas";"Pleno dia";"Crescente";"Sol";"Dupla";"Retorno Regulamentado;Reta";"Não";4;0;0;1;1;3;1;5;-23,45874366;-51,84146225;"SPRF-PR";"DEL07-PR";"UOP01-DEL09-PR"
240538;2019-10-06;"domingo";"10:50:00";"RS";116;313,6;"GUAIBA";"Defeito Mecânico no Veículo";"Saída de leito carroçável";"Com Vítimas Feridas";"Pleno dia";"Decrescente";"Nublado";"Simples";"Reta";"Não";4;0;0;1;0;3;1;3;-30,22747401;-51,40581186;"SPRF-RS";"DEL02-RS";"UOP01-DEL02-RS"
240539;2019-10-06;"domingo";"10:40:00";"MG";381;348;"JOAO MONLEVADE";"Velocidade Incompatível";"Tombamento";"Com Vítimas Feridas";"Pleno dia";"Crescente";"Sol";"Simples";"Curva";"Não";7;0;4;1;1;1;5;3;-19,85243846;-43,14084419;"SPRF-MG";"DEL03-MG";"UOP01-DEL03-MG"
240543;2019-10-06;"domingo";"10:53:00";"RN";405;151,9;"PAU DOS FERROS";"Desobediência às normas de trânsito pelo condutor";"Tombamento";"Com Vítimas Feridas";"Pleno dia";"Decrescente";"Sol";"Simples";"Reta";"Sim";3;0;0;1;1;1;1;3;-6,11806768;-38,20658684;"SPRF-RN";"DEL04-RN";"UOP02-DEL04-RN"
240545;2019-10-06;"domingo";"11:15:00";"RS";386;412,3;"TRIUNFO";"Desobediência às normas de trânsito pelo condutor";"Queda de ocupante de veículo";"Com Vítimas Feridas";"Pleno dia";"Decrescente";"Chuva";"Dupla";"Retorno Regulamentado";"Sim";5;0;0;2;1;2;2;5;-29,807285;-51,499722;"SPRF-RS";"DEL04-RS";"UOP02-DEL04-RS"
240546;2019-10-06;"domingo";"11:10:00";"PR";369;509,1;"CASCAVEL";"Ultrapassagem Indevida";"Colisão frontal";"Com Vítimas Fatais";"Pleno dia";"Crescente";"Nublado";"Simples";"Reta";"Não";4;1;1;0;0;2;1;4;-24,8498;-53,3253;"SPRF-PR";"DEL04-PR";"UOP01-DEL04-PR"
240564;2019-10-06;"domingo";"08:30:00";"SC";116;71,1;"MONTE CASTELO";"Falta de Atenção à Condução";"Colisão lateral";"Com Vítimas Feridas";"Pleno dia";"Crescente";"Chuva";"Simples";"Reta";"Não";5;0;1;0;3;1;1;3;-26,47804399;-50,23238915;"SPRF-SC";"DEL06-SC";"UOP02-DEL06-SC"
240569;2019-10-06;"domingo";"12:30:00";"MS";163;466,2;"CAMPO GRANDE";"Carga excessiva e/ou mal acondicionada";"Tombamento";"Com Vítimas Feridas";"Pleno dia";"Crescente";"Nublado";"Simples";"Rotatória";"Não";2;0;1;0;0;2;1;3;-20,58259272;-54,58280325;"SPRF-MS";"DEL01-MS";"UOP01-DEL01-MS"
240579;2019-10-06;"domingo";"11:30:00";"PR";376;407;"TIBAGI";"Velocidade Incompatível";"Colisão lateral";"Com Vítimas Feridas";"Pleno dia";"Decrescente";"Chuva";"Simples";"Curva";"Não";3;0;1;0;1;4;1;6;-24,59902142;-50,66803336;"SPRF-PR";"DEL03-PR";"UOP02-DEL03-PR"
240587;2019-10-06;"domingo";"15:10:00";"SC";282;48,9;"AGUAS MORNAS";"Velocidade Incompatível";"Colisão lateral";"Com Vítimas Fatais";"Pleno dia";"Decrescente";"Chuva";"Simples";"Curva";"Não";11;1;2;2;5;2;4;8;-27,714352;-48,938072;"SPRF-SC";"DEL01-SC";"UOP03-DEL01-SC"
240588;2019-10-06;"domingo";"15:55:00";"MG";262;99;"ABRE CAMPO";"Desobediência às normas de trânsito pelo condutor";"Colisão transversal";"Sem Vítimas";"Pleno dia";"Crescente";"Céu Claro";"Simples";"Declive;Curva";"Não";6;0;0;0;5;1;0;3;-20,2909942;-42,50611695;"SPRF-MG";"DEL03-MG";"UOP03-DEL03-MG"
240640;2019-10-06;"domingo";"16:20:00";"MG";365;377,8;"PATOS DE MINAS";"Carga excessiva e/ou mal acondicionada";"Derramamento de carga";"Sem Vítimas";"Pleno dia";"Decrescente";"Céu Claro";"Simples";"Reta";"Não";2;0;0;0;1;1;0;2;-18,53922123;-46,20036603;"SPRF-MG";"DEL10-MG";"UOP01-DEL10-MG"
240645;2019-10-06;"domingo";"18:10:00";"PR";369;373,5;"CAMPO MOURAO";"Falta de Atenção à Condução";"Colisão transversal";"Com Vítimas Fatais";"Pleno dia";"Decrescente";"Garoa/Chuvisco";"Simples";"Reta";"Não";3;1;0;0;1;1;0;3;-24,14292317;-52,52961248;"SPRF-PR";"DEL04-PR";"UOP03-DEL09-PR"
240647;2019-10-06;"domingo";"19:55:00";"SP";116;58,3;"GUARATINGUETA";"Falta de Atenção à Condução";"Colisão traseira";"Com Vítimas Feridas";"Plena Noite";"Crescente";"Nublado";"Dupla";"Reta";"Não";5;0;4;0;1;0;4;2;-22,78005511;-45,14572791;"SPRF-SP";"DEL08-SP";"UOP01-DEL08-SP"
240670;2019-10-06;"domingo";"20:40:00";"SC";101;191,2;"BIGUACU";"Falta de Atenção à Condução";"Colisão traseira";"Com Vítimas Feridas";"Plena Noite";"Decrescente";"Chuva";"Dupla";"Curva";"Sim";5;0;1;0;4;0;1;5;-27,47730273;-48,64127329;"SPRF-SC";"DEL01-SC";"UOP01-DEL01-SC"
240685;2019-10-06;"domingo";"21:00:00";"MT";364;620;"DIAMANTINO";"Falta de Atenção à Condução";"Colisão frontal";"Com Vítimas Fatais";"Plena Noite";"Crescente";"Nublado";"Simples";"Reta";"Não";4;1;1;0;1;1;1;3;-14,39422231;-56,3486113;"SPRF-MT";"DEL01-MT";"UOP01-DEL01-MT"
240691;2019-10-06;"domingo";"22:55:00";"ES";101;200,5;"JOAO NEIVA";"Não guardar distância de segurança";"Colisão traseira";"Com Vítimas Feridas";"Plena Noite";"Decrescente";"Céu Claro";"Simples";"Reta";"Sim";2;0;0;1;1;0;1;2;-19,72573895;-40,35645808;"SPRF-ES";"DEL04-ES";"UOP01-DEL04-ES"
240694;2019-10-06;"domingo";"22:45:00";"SC";101;371,8;"ICARA";"Defeito Mecânico no Veículo";"Saída de leito carroçável";"Com Vítimas Feridas";"Plena Noite";"Crescente";"Nublado";"Dupla";"Curva";"Não";1;0;1;0;0;0;1;1;-28,71345712;-49,2177844;"SPRF-SC";"DEL02-SC";"UOP01-DEL02-SC"
240701;2019-10-06;"domingo";"22:00:00";"BA";135;124;"RIACHAO DAS NEVES";"Defeito Mecânico no Veículo";"Incêndio";"Sem Vítimas";"Plena Noite";"Decrescente";"Céu Claro";"Simples";"Reta";"Não";2;0;0;0;1;1;0;2;-11,7562524;-44,90586611;"SPRF-BA";"DEL10-BA";"UOP01-DEL10-BA"
240719;2019-10-07;"segunda-feira";"01:00:00";"RJ";40;116,4;"DUQUE DE CAXIAS";"Desobediência às normas de trânsito pelo condutor";"Tombamento";"Sem Vítimas";"Plena Noite";"Crescente";"Garoa/Chuvisco";"Múltipla";"Reta";"Não";3;0;0;0;3;0;0;3;-22,73662299;-43,28858785;"SPRF-RJ";"DEL01-RJ";"UOP01-DEL01-RJ"
240721;2019-10-07;"segunda-feira";"01:30:00";"PE";101;73;"RECIFE";"Condutor Dormindo";"Saída de leito carroçável";"Com Vítimas Feridas";"Plena Noite";"Decrescente";"Nublado";"Dupla";"Curva";"Não";1;0;1;0;0;0;1;1;-8,102557;-34,948322;"SPRF-PE";"DEL01-PE";"UOP01-DEL01-PE"
240726;2019-10-06;"domingo";"22:30:00";"BA";116;796,9;"VITORIA DA CONQUISTA";"Desobediência às normas de trânsito pelo condutor";"Colisão frontal";"Com Vítimas Fatais";"Plena Noite";"Decrescente";"Nublado";"Simples";"Reta";"Não";3;1;0;0;1;1;0;3;-14,73262;-40,64461;"SPRF-BA";"DEL08-BA";"UOP02-DEL08-BA"
240728;2019-10-07;"segunda-feira";"03:19:00";"SP";116;110,5;"TAUBATE";"Avarias e/ou desgaste excessivo no pneu";"Colisão traseira";"Com Vítimas Fatais";"Plena Noite";"Decrescente";"Céu Claro";"Dupla";"Declive";"Sim";4;1;0;0;1;2;0;4;-23,03887149;-45,56097419;"SPRF-SP";"DEL06-SP";"UOP01-DEL06-SP"
240733;2019-10-07;"segunda-feira";"03:55:00";"SC";101;192;"BIGUACU";"Condutor Dormindo";"Colisão com objeto estático";"Sem Vítimas";"Plena Noite";"Decrescente";"Garoa/Chuvisco";"Dupla";"Curva";"Não";2;0;0;0;1;1;0;2;-27,48443781;-48,64765238;"SPRF-SC";"DEL01-SC";"UOP01-DEL01-SC"
240744;2019-10-07;"segunda-feira";"06:30:00";"PE";101;50;"ABREU E LIMA";"Falta de Atenção à Condução";"Colisão lateral";"Com Vítimas Feridas";"Pleno dia";"Crescente";"Céu Claro";"Múltipla";"Reta";"Sim";4;0;2;0;1;1;2;4;-7,90938602;-34,90123228;"SPRF-PE";"DEL01-PE";"UOP02-DEL01-PE"
240749;2019-10-07;"segunda-feira";"01:50:00";"ES";259;34,7;"COLATINA";"Defeito Mecânico no Veículo";"Tombamento";"Com Vítimas Feridas";"Plena Noite";"Decrescente";"Nublado";"Simples";"Curva";"Não";2;0;1;0;0;1;1;2;-19,56368925;-40,49945574;"SPRF-ES";"DEL02-ES";"UOP01-DEL02-ES"
240756;2019-10-07;"segunda-feira";"03:00:00";"MG";50;78;"UBERLANDIA";"Falta de Atenção à Condução";"Colisão lateral";"Com Vítimas Feridas";"Plena Noite";"Decrescente";"Céu Claro";"Dupla";"Aclive";"Não";7;0;2;1;3;2;3;4;-18,986906;-48,211853;"SPRF-MG";"DEL15-MG";"UOP01-DEL15-MG"
240760;2019-10-07;"segunda-feira";"07:35:00";"SC";101;216,5;"PALHOCA";"Falta de Atenção à Condução";"Colisão traseira";"Com Vítimas Feridas";"Pleno dia";"Decrescente";"Nublado";"Dupla";"Interseção de Vias";"Sim";4;0;2;0;2;0;2;3;-27,66391693;-48,6756134;"SPRF-SC";"DEL01-SC";"UOP02-DEL01-SC"
240767;2019-10-07;"segunda-feira";"06:45:00";"RN";304;292,5;"MACAIBA";"Não guardar distância de segurança";"Engavetamento";"Sem Vítimas";"Pleno dia";"Crescente";"Sol";"Simples";"Reta";"Não";4;0;0;0;3;1;0;4;-5,86666703;-35,40051341;"SPRF-RN";"DEL01-RN";"UOP02-DEL01-RN"
240769;2019-10-07;"segunda-feira";"05:50:00";"AC";364;115;"RIO BRANCO";"Falta de Atenção à Condução";"Tombamento";"Com Vítimas Feridas";"Amanhecer";"Crescente";"Céu Claro";"Dupla";"Rotatória";"Não";2;0;1;0;0;2;1;3;-10,01315317;-67,7102;"SPRF-AC";"DEL01-AC";"UOP01-DEL01-AC"
240774;2019-10-07;"segunda-feira";"04:50:00";"RJ";354;7,7;"RESENDE";"Defeito na Via";"Tombamento";"Sem Vítimas";"Plena Noite";"Decrescente";"Nevoeiro/Neblina";"Simples";"Curva";"Não";2;0;0;0;1;1;0;2;-22,409323;-44,749821;"SPRF-RJ";"DEL07-RJ";"DEL5/7-UOP03/RJ"
240777;2019-10-07;"segunda-feira";"08:15:00";"SC";470;43,4;"GASPAR";"Não guardar distância de segurança";"Colisão traseira";"Com Vítimas Feridas";"Pleno dia";"Crescente";"Chuva";"Simples";"Curva";"Não";4;0;1;0;2;1;1;3;-26,874519;-49,013454;"SPRF-SC";"DEL04-SC";"UOP01-DEL04-SC"
240780;2019-09-05;"quinta-feira";"16:50:00";"GO";60;2;"ALEXANIA";"Desobediência às normas de trânsito pelo condutor";"Colisão traseira";"Com Vítimas Feridas";"Anoitecer";"Decrescente";"Céu Claro";"Simples";"Reta";"Não";2;0;1;0;1;0;1;2;-16,094168;-48,517212;"SPRF-DF";"DEL01-DF";"UOP01-DEL03-DF"
240786;2019-10-07;"segunda-feira";"09:00:00";"ES";101;254,9;"SERRA";"Falta de Atenção à Condução";"Colisão traseira";"Com Vítimas Feridas";"Pleno dia";"Decrescente";"Céu Claro";"Simples";"Reta";"Sim";3;0;1;0;1;1;1;3;-20,1100364;-40,32740141;"SPRF-ES";"DEL02-ES";"UOP01-DEL02-ES"
240793;2019-10-07;"segunda-feira";"08:40:00";"PR";376;660;"TIJUCAS DO SUL";"Pista Escorregadia";"Saída de leito carroçável";"Com Vítimas Feridas";"Pleno dia";"Decrescente";"Chuva";"Dupla";"Curva";"Não";3;0;1;0;1;1;1;3;-25,8516758;-49,00332398;"SPRF-PR";"DEL01-PR";"UOP04-DEL01-PR"
240800;2019-10-07;"segunda-feira";"09:55:00";"SC";101;174,3;"BIGUACU";"Velocidade Incompatível";"Tombamento";"Sem Vítimas";"Pleno dia";"Crescente";"Sol";"Dupla";"Reta;Declive";"Não";3;0;0;0;1;3;0;4;-27,33081601;-48,62697562;"SPRF-SC";"DEL01-SC";"UOP01-DEL01-SC"
240814;2019-06-17;"segunda-feira";"16:00:00";"ES";101;289,9;"CARIACICA";"Falta de Atenção à Condução";"Colisão lateral";"Com Vítimas Feridas";"Pleno dia";"Crescente";"Nublado";"Dupla";"Reta";"Sim";2;0;0;1;1;0;1;2;-20,28029304;-40,39302931;"SPRF-ES";"DEL01-ES";"UOP01-DEL01-ES"
240818;2019-10-07;"segunda-feira";"12:00:00";"RS";153;27,5;"TRES ARROIOS";"Falta de Atenção à Condução";"Colisão lateral";"Com Vítimas Fatais";"Pleno dia";"Crescente";"Nublado";"Simples";"Curva;Interseção de Vias";"Não";4;1;0;0;1;2;0;4;-27,5110546;-52,14325897;"SPRF-RS";"DEL08-RS";"UOP04-DEL08-RS"
240819;2019-10-07;"segunda-feira";"12:30:00";"RJ";493;71;"NOVA IGUACU";"Desobediência às normas de trânsito pelo condutor";"Colisão lateral";"Com Vítimas Feridas";"Pleno dia";"Crescente";"Céu Claro";"Dupla";"Reta";"Não";3;0;0;1;2;0;1;3;-22,66114565;-43,34750175;"SPRF-RJ";"DEL01-RJ";"UOP03-DEL01-RJ"
240820;2019-10-07;"segunda-feira";"05:25:00";"PR";153;83;"CONSELHEIRO MAIRINCK";"Velocidade Incompatível";"Saída de leito carroçável";"Sem Vítimas";"Amanhecer";"Decrescente";"Garoa/Chuvisco";"Simples";"Curva";"Não";1;0;0;0;1;0;0;1;-23,6302471;-50,14830773;"SPRF-PR";"DEL07-PR";"UOP04-DEL07-PR"
240822;2019-10-07;"segunda-feira";"12:00:00";"RJ";116;229;"PIRAI";"Falta de Atenção à Condução";"Derramamento de carga";"Sem Vítimas";"Pleno dia";"Decrescente";"Céu Claro";"Dupla";"Curva";"Não";1;0;0;0;1;0;0;1;-22,66724427;-43,86497498;"SPRF-RJ";"DEL07-RJ";"UOP01-DEL07-RJ"
240826;2019-07-12;"sexta-feira";"11:20:00";"PE";407;129,7;"PETROLINA";"Desobediência às normas de trânsito pelo pedestre";"Atropelamento de Pedestre";"Com Vítimas Feridas";"Pleno dia";"Decrescente";"Céu Claro";"Simples";"Reta";"Sim";2;0;0;1;0;1;1;2;-9,39958299;-40,50459298;"SPRF-PE";"DEL06-PE";"UOP01-DEL06-PE"
240828;2019-10-07;"segunda-feira";"13:15:00";"RS";290;74,5;"GRAVATAI";"Falta de Atenção à Condução";"Colisão lateral";"Com Vítimas Feridas";"Pleno dia";"Crescente";"Céu Claro";"Dupla";"Reta";"Sim";2;0;1;0;1;0;1;2;-29,953354;-50,996696;"SPRF-RS";"DEL03-RS";"UOP01-DEL03-RS"
240829;2019-10-07;"segunda-feira";"13:08:00";"RS";116;254;"SAPUCAIA DO SUL";"Sinalização da via insuficiente ou inadequada";"Colisão traseira";"Com Vítimas Feridas";"Pleno dia";"Decrescente";"Céu Claro";"Dupla";"Reta";"Sim";3;0;1;0;2;0;1;3;-29,82654797;-51,17241311;"SPRF-RS";"DEL01-RS";"UOP02-DEL01-RS"
240833;2019-10-07;"segunda-feira";"14:30:00";"BA";116;355,6;"SERRINHA";"Desobediência às normas de trânsito pelo condutor";"Colisão frontal";"Com Vítimas Fatais";"Pleno dia";"Decrescente";"Céu Claro";"Simples";"Aclive";"Não";3;1;0;0;1;2;0;4;-11,63567382;-38,9817424;"SPRF-BA";"DEL02-BA";"UOP01-DEL02-BA"
240835;2019-10-07;"segunda-feira";"13:40:00";"MG";365;617,1;"UBERLANDIA";"Sinalização da via insuficiente ou inadequada";"Colisão com objeto estático";"Sem Vítimas";"Pleno dia";"Decrescente";"Nublado";"Simples";"Reta";"Sim";2;0;0;0;1;1;0;2;-18,884602;-48,26594;"SPRF-MG";"DEL15-MG";"UOP01-DEL15-MG"
240837;2019-09-09;"segunda-feira";"12:07:00";"SP";116;230,6;"SAO PAULO";"Não guardar distância de segurança";"Engavetamento";"Com Vítimas Feridas";"Pleno dia";"Crescente";"Céu Claro";"Múltipla";"Reta";"Sim";4;0;0;1;3;0;1;3;-23,52251783;-46,5855702;"SPRF-SP";"DEL01-SP";"UOP01-DEL01-SP"
240840;2019-10-07;"segunda-feira";"11:20:00";"SC";280;128,2;"RIO NEGRINHO";"Falta de Atenção à Condução";"Queda de ocupante de veículo";"Com Vítimas Feridas";"Pleno dia";"Crescente";"Nublado";"Simples";"Interseção de Vias";"Sim";2;0;1;0;1;0;1;2;-26,24317941;-49,51320018;"SPRF-SC";"DEL06-SC";"UOP03-DEL06-SC"
240843;2019-10-07;"segunda-feira";"15:20:00";"SC";470;9,9;"NAVEGANTES";"Falta de Atenção à Condução";"Colisão transversal";"Com Vítimas Feridas";"Pleno dia";"Crescente";"Nublado";"Simples";"Interseção de Vias";"Sim";4;0;0;2;1;2;2;4;-26,833143;-48,727432;"SPRF-SC";"DEL04-SC";"UOP04-DEL04-SC"