"id";"data_inversa";"dia_semana";"horario";"uf";"br";"km";"municipio";"causa_acidente";"tipo_acidente";"classificacao_acidente";"fase_dia";"sentido_via";"condicao_metereologica";"tipo_pista";"tracado_via";"uso_solo";"pessoas";"mortos";"feridos_leves";"feridos_graves";"ilesos";"ignorados";"feridos";"veiculos";"latitude";"longitude";"regional";"delegacia";"uop"
241133;2019-10-09;"quarta-feira";"04:50:00";"CE";304;42,3;"ARACATI";"Condutor Dormindo";"Colisão lateral";"Com Vítimas Feridas";"Amanhecer";"Crescente";"Céu Claro";"Simples";"Reta";"Não";3;0;2;0;1;0;2;2;-4,57934524;-37,83355999;"SPRF-CE";"DEL03-CE";"UOP03-DEL03-CE"
241134;2019-10-09;"quarta-feira";"05:30:00";"GO";60;24,8;"ALEXANIA";"Avarias e/ou desgaste excessivo no pneu";"Colisão transversal";"Com Vítimas Feridas";"Plena Noite";"Crescente";"Chuva";"Dupla";"Declive;Reta";"Não";3;0;1;0;1;1;1;3;-16,11294;-48,441805;"SPRF-DF";"DEL01-DF";"UOP01-DEL03-DF"
241135;2019-09-18;"quarta-feira";"21:20:00";"MT";163;929;"ITAUBA";"Defeito na Via";"Colisão lateral";"Com Vítimas Feridas";"Plena Noite";"Crescente";"Céu Claro";"Simples";"Curva";"Não";3;0;0;1;1;5;1;7;-11,18101607;-55,31012039;"SPRF-MT";"DEL06-MT";"UOP02-DEL06-MT"
241143;2019-10-09;"quarta-feira";"06:00:00";"TO";153;335;"GUARAI";"Carga excessiva e/ou mal acondicionada";"Saída de leito carroçável";"Sem Vítimas";"Amanhecer";"Decrescente";"Chuva";"Simples";"Reta";"Não";1;0;0;0;1;0;0;1;-8,84481597;-48,5107318;"SPRF-TO";"DEL02-TO";"UOP02-DEL02-TO"
241145;2019-10-09;"quarta-feira";"07:00:00";"SC";101;175;"TIJUCAS";"Velocidade Incompatível";"Tombamento";"Com Vítimas Feridas";"Pleno dia";"Decrescente";"Sol";"Dupla";"Curva";"Não";2;0;1;0;0;1;1;2;-27,33963303;-48,62734885;"SPRF-SC";"DEL01-SC";"UOP01-DEL01-SC"
241155;2019-10-09;"quarta-feira";"07:00:00";"MT";163;573;"NOVA MUTUM";"Falta de Atenção à Condução";"Saída de leito carroçável";"Com Vítimas Feridas";"Pleno dia";"Crescente";"Céu Claro";"Simples";"Reta";"Não";2;0;1;0;0;3;1;4;-14,13823325;-56,10402945;"SPRF-MT";"DEL01-MT";"UOP01-DEL01-MT"
241159;2019-10-09;"quarta-feira";"06:40:00";"MG";365;620,5;"UBERLANDIA";"Pista Escorregadia";"Colisão com objeto estático";"Sem Vítimas";"Pleno dia";"Crescente";"Chuva";"Dupla";"Desvio Temporário";"Sim";2;0;0;0;1;1;0;2;-18,90349687;-48,28130603;"SPRF-MG";"DEL15-MG";"UOP01-DEL15-MG"
241162;2019-10-09;"quarta-feira";"08:10:00";"MT";364;270;"JACIARA";"Falta de Atenção à Condução";"Colisão transversal";"Com Vítimas Feridas";"Pleno dia";"Crescente";"Céu Claro";"Simples";"Interseção de Vias;Declive";"Não";3;0;1;0;1;3;1;5;-15,9689785;-54,94463002;"SPRF-MT";"DEL02-MT";"UOP02-DEL05-MT"
241165;2019-10-09;"quarta-feira";"07:50:00";"TO";153;790,6;"TALISMA";"Pista Escorregadia";"Saída de leito carroçável";"Com Vítimas Feridas";"Pleno dia";"Decrescente";"Chuva";"Simples";"Reta";"Não";3;0;1;0;1;1;1;2;-12,72786792;-49,07881436;"SPRF-TO";"DEL02-TO";"UOP02-DEL01-TO"
241170;2019-10-04;"sexta-feira";"00:45:00";"AL";101;6,4;"NOVO LINO";"Falta de Atenção à Condução";"Tombamento";"Com Vítimas Feridas";"Plena Noite";"Decrescente";"Ignorado";"Dupla";"Reta";"Não";4;0;2;1;0;1;3;2;-8,93279215;-35,64193033;"SPRF-AL";"DEL01-AL";"UOP02-DEL01-AL"
241178;2019-10-09;"quarta-feira";"08:20:00";"TO";153;790,6;"TALISMA";"Pista Escorregadia";"Saída de leito carroçável";"Com Vítimas Feridas";"Pleno dia";"Crescente";"Chuva";"Simples";"Reta";"Não";2;0;1;0;0;1;1;2;-12,72786792;-49,07881436;"SPRF-TO";"DEL02-TO";"UOP02-DEL01-TO"
241180;2019-10-09;"quarta-feira";"09:30:00";"ES";262;22,4;"VIANA";"Condutor Dormindo";"Colisão lateral";"Com Vítimas Feridas";"Pleno dia";"Crescente";"Céu Claro";"Simples";"Curva";"Não";2;0;1;0;1;0;1;2;-20,37559156;-40,52146724;"SPRF-ES";"DEL01-ES";"UOP01-DEL01-ES"
241181;2019-10-01;"terça-feira";"18:20:00";"PR";116;104,8;"SAO JOSE DOS PINHAIS";"Velocidade Incompatível";"Colisão traseira";"Com Vítimas Feridas";"Anoitecer";"Crescente";"Céu Claro";"Dupla";"Reta";"Não";8;0;5;0;2;3;5;6;-25,56472785;-49,15859603;"SPRF-PR";"DEL01-PR";"UOP01-DEL01-PR"
241188;2019-10-09;"quarta-feira";"10:40:00";"RJ";465;14;"SEROPEDICA";"Falta de Atenção à Condução";"Colisão frontal";"Com Vítimas Fatais";"Pleno dia";"Crescente";"Chuva";"Simples";"Reta";"Não";3;2;0;0;0;1;0;3;-22,784172;-43,656998;"SPRF-RJ";"DEL01-RJ";"UOP03-DEL01-RJ"
241194;2019-10-09;"quarta-feira";"10:00:00";"BA";101;831;"TEIXEIRA DE FREITAS";"Carga excessiva e/ou mal acondicionada";"Tombamento";"Com Vítimas Feridas";"Pleno dia";"Crescente";"Nublado";"Simples";"Curva";"Não";2;0;1;0;0;1;1;2;-17,36739415;-39,64879485;"SPRF-BA";"DEL09-BA";"UOP01-DEL09-BA"
241207;2019-10-09;"quarta-feira";"12:50:00";"TO";153;674;"GURUPI";"Falta de Atenção à Condução";"Colisão transversal";"Com Vítimas Feridas";"Pleno dia";"Crescente";"Céu Claro";"Simples";"Curva";"Sim";3;0;1;0;1;1;1;3;-11,74596399;-49,08518001;"SPRF-TO";"DEL02-TO";"UOP02-DEL01-TO"
241209;2019-10-09;"quarta-feira";"11:00:00";"RJ";116;86;"TERESOPOLIS";"Velocidade Incompatível";"Colisão frontal";"Com Vítimas Feridas";"Pleno dia";"Decrescente";"Chuva";"Simples";"Curva";"Não";3;0;1;0;2;0;1;2;-22,43671224;-42,94971377;"SPRF-RJ";"DEL04-RJ";"UOP01-DEL04-RJ"
241210;2019-10-09;"quarta-feira";"11:27:00";"PE";316;83,9;"OURICURI";"Falta de Atenção à Condução";"Saída de leito carroçável";"Com Vítimas Feridas";"Pleno dia";"Decrescente";"Céu Claro";"Simples";"Interseção de Vias";"Sim";3;0;2;0;1;0;2;2;-7,87851574;-40,078125;"SPRF-PE";"DEL05-PE";"UOP02-DEL05-PE"
241211;2019-10-09;"quarta-feira";"13:00:00";"PR";476;123;"CURITIBA";"Falta de Atenção à Condução";"Tombamento";"Com Vítimas Feridas";"Pleno dia";"Decrescente";"Céu Claro";"Dupla";"Reta";"Sim";2;0;1;0;1;0;1;2;-25,392904;-49,209557;"SPRF-PR";"DEL01-PR";"UOP07-DEL01-PR"
241217;2019-10-09;"quarta-feira";"08:30:00";"MS";262;550,5;"MIRANDA";"Falta de Atenção à Condução";"Tombamento";"Com Vítimas Feridas";"Pleno dia";"Crescente";"Céu Claro";"Simples";"Reta";"Não";2;0;1;0;1;0;1;1;-20,27732686;-56,31515093;"SPRF-MS";"DEL03-MS";"UOP02-DEL03-MS"
241220;2019-10-09;"quarta-feira";"13:30:00";"MT";364;348;"SANTO ANTONIO DO LEVERGER";"Velocidade Incompatível";"Tombamento";"Com Vítimas Feridas";"Pleno dia";"Crescente";"Céu Claro";"Dupla";"Curva";"Não";3;0;2;0;1;0;2;2;-15,79311045;-55,5704838;"SPRF-MT";"DEL02-MT";"UOP02-DEL01-MT"
241221;2019-08-10;"sábado";"04:30:00";"MG";40;761;"EWBANK DA CAMARA";"Condutor Dormindo";"Colisão frontal";"Com Vítimas Fatais";"Plena Noite";"Decrescente";"Céu Claro";"Simples";"Reta";"Não";3;1;0;0;1;1;0;3;-21,53704503;-43,51126405;"SPRF-MG";"DEL05-MG";"UOP01-DEL05-MG"
241223;2019-10-09;"quarta-feira";"12:00:00";"SC";280;81,8;"CORUPA";"Falta de Atenção à Condução";"Colisão transversal";"Com Vítimas Feridas";"Pleno dia";"Decrescente";"Céu Claro";"Simples";"Reta";"Não";2;0;1;0;1;0;1;2;-26,44057489;-49,217056;"SPRF-SC";"DEL06-SC";"UOP03-DEL06-SC"
241224;2019-10-09;"quarta-feira";"14:10:00";"PI";343;326;"TERESINA";"Desobediência às normas de trânsito pelo condutor";"Colisão frontal";"Com Vítimas Feridas";"Pleno dia";"Decrescente";"Céu Claro";"Simples";"Curva";"Não";2;0;1;0;1;0;1;2;-5,069462;-42,617474;"SPRF-PI";"DEL01-PI";"UOP01-DEL01-PI"
241225;2019-10-09;"quarta-feira";"13:30:00";"MT";163;831;"SINOP";"Falta de Atenção à Condução";"Saída de leito carroçável";"Sem Vítimas";"Pleno dia";"Crescente";"Sol";"Dupla";"Declive";"Sim";1;0;0;0;1;0;0;1;-11,89793717;-55,5047116;"SPRF-MT";"DEL06-MT";"UOP01-DEL06-MT"
241233;2019-10-09;"quarta-feira";"12:35:00";"AL";101;203,9;"SAO SEBASTIAO";"Velocidade Incompatível";"Capotamento";"Com Vítimas Feridas";"Pleno dia";"Crescente";"Céu Claro";"Dupla";"Curva";"Não";2;0;0;1;0;1;1;2;-9,97355978;-36,55619114;"SPRF-AL";"DEL02-AL";"UOP02-DEL02-AL"
241234;2019-10-09;"quarta-feira";"14:45:00";"MG";381;694,5;"LAVRAS";"Desobediência às normas de trânsito pelo condutor";"Colisão traseira";"Sem Vítimas";"Pleno dia";"Crescente";"Nublado";"Dupla";"Reta";"Não";2;0;0;0;2;0;0;2;-21,26844225;-45,13721743;"SPRF-MG";"DEL04-MG";"UOP02-DEL04-MG"
241240;2019-10-09;"quarta-feira";"16:00:00";"MA";135;22,8;"SAO LUIS";"Falta de Atenção à Condução";"Colisão lateral";"Com Vítimas Feridas";"Pleno dia";"Decrescente";"Sol";"Dupla";"Reta";"Sim";4;0;0;1;3;0;1;3;-2,53073;-44,3068;"SPRF-MA";"DEL01-MA";"UOP01-DEL01-MA"
241241;2019-10-09;"quarta-feira";"16:05:00";"PR";277;590;"CASCAVEL";"Falta de Atenção à Condução";"Colisão transversal";"Com Vítimas Feridas";"Pleno dia";"Crescente";"Céu Claro";"Simples";"Interseção de Vias";"Sim";3;0;1;0;1;1;1;3;-24,98120697;-53,45591501;"SPRF-PR";"DEL04-PR";"UOP01-DEL04-PR"
241242;2019-09-17;"terça-feira";"19:10:00";"PR";369;412,4;"JURANDA";"Velocidade Incompatível";"Colisão lateral";"Com Vítimas Feridas";"Plena Noite";"Crescente";"Céu Claro";"Simples";"Curva";"Não";4;0;1;1;2;0;2;3;-24,3445;-52,7277;"SPRF-PR";"DEL04-PR";"UOP03-DEL04-PR"
241248;2019-10-09;"quarta-feira";"15:30:00";"MG";365;168,2;"BURITIZEIRO";"Falta de Atenção à Condução";"Colisão lateral";"Com Vítimas Feridas";"Pleno dia";"Decrescente";"Céu Claro";"Simples";"Interseção de Vias";"Sim";5;0;2;2;1;0;4;2;-17,38542984;-44,98850414;"SPRF-MG";"DEL12-MG";"UOP01-DEL12-MG"
241252;2019-10-09;"quarta-feira";"16:20:00";"AC";364;114,8;"RIO BRANCO";"Não guardar distância de segurança";"Engavetamento";"Com Vítimas Feridas";"Pleno dia";"Decrescente";"Céu Claro";"Simples";"Reta;Aclive";"Não";3;0;1;0;2;0;1;3;-10,01332906;-67,70117698;"SPRF-AC";"DEL01-AC";"UOP01-DEL01-AC"
241253;2019-10-09;"quarta-feira";"10:40:00";"BA";116;728;"MANOEL VITORINO";"Agressão Externa";"Tombamento";"Sem Vítimas";"Pleno dia";"Crescente";"Céu Claro";"Simples";"Reta";"Não";1;0;0;0;1;0;0;1;-14,26300405;-40,28864987;"SPRF-BA";"DEL08-BA";"UOP02-DEL08-BA"
241263;2019-10-09;"quarta-feira";"11:10:00";"CE";222;203,5;"FORQUILHA";"Defeito Mecânico no Veículo";"Derramamento de carga";"Sem Vítimas";"Pleno dia";"Decrescente";"Céu Claro";"Simples";"Reta";"Não";2;0;0;0;1;1;0;2;-3,789336;-40,21799;"SPRF-CE";"DEL04-CE";"UOP01-DEL04-CE"
241264;2019-10-09;"quarta-feira";"18:40:00";"SE";101;174;"SANTA LUZIA DO ITANHY";"Falta de Atenção à Condução";"Colisão transversal";"Com Vítimas Feridas";"Plena Noite";"Decrescente";"Céu Claro";"Simples";"Curva;Interseção de Vias";"Não";2;0;0;1;1;0;1;2;-11,34128263;-37,60823077;"SPRF-SE";"DEL02-SE";"UOP01-DEL02-SE"
241269;2019-10-09;"quarta-feira";"14:00:00";"MA";10;271,9;"IMPERATRIZ";"Falta de Atenção à Condução";"Tombamento";"Sem Vítimas";"Pleno dia";"Crescente";"Céu Claro";"Simples";"Reta";"Não";3;0;0;0;3;0;0;2;-5,364944;-47,480766;"SPRF-MA";"DEL04-MA";"UOP01-DEL04-MA"
241270;2019-10-05;"sábado";"12:45:00";"RS";153;27,5;"TRES ARROIOS";"Velocidade Incompatível";"Tombamento";"Sem Vítimas";"Pleno dia";"Decrescente";"Chuva";"Simples";"Interseção de Vias;Curva;Declive";"Não";2;0;0;0;1;1;0;2;-27,51119074;-52,14344017;"SPRF-RS";"DEL08-RS";"UOP04-DEL08-RS"
241274;2019-10-09;"quarta-feira";"17:00:00";"SP";116;514;"CAJATI";"Velocidade Incompatível";"Tombamento";"Com Vítimas Feridas";"Pleno dia";"Decrescente";"Nublado";"Simples";"Curva";"Não";2;0;1;0;0;1;1;2;-24,8626088;-48,21453094;"SPRF-SP";"DEL05-SP";"UAP01-DEL05-SP"
241277;2019-10-09;"quarta-feira";"19:05:00";"MG";262;161,8;"SAO DOMINGOS DO PRATA";"Ingestão de Álcool";"Capotamento";"Com Vítimas Fatais";"Plena Noite";"Decrescente";"Nublado";"Simples";"Reta";"Não";1;1;0;0;0;0;0;1;-19,96349991;-42,843382;"SPRF-MG";"DEL03-MG";"UOP03-DEL03-MG"
241282;2019-10-09;"quarta-feira";"15:50:00";"RJ";116;86;"TERESOPOLIS";"Defeito Mecânico no Veículo";"Colisão com objeto estático";"Com Vítimas Feridas";"Pleno dia";"Decrescente";"Chuva";"Simples";"Declive;Curva";"Sim";3;0;1;0;1;1;1;3;-22,43671224;-42,94971377;"SPRF-RJ";"DEL04-RJ";"UOP01-DEL04-RJ"
241290;2019-10-09;"quarta-feira";"19:50:00";"PA";163;1003;"SANTAREM";"Não guardar distância de segurança";"Colisão traseira";"Sem Vítimas";"Plena Noite";"Crescente";"Céu Claro";"Simples";"Reta";"Sim";2;0;0;0;2;0;0;2;-2,43711381;-54,73300695;"SPRF-PA";"DEL05-PA";"UOP01-DEL05-PA"
241303;2019-10-09;"quarta-feira";"20:35:00";"MG";381;494,9;"BETIM";"Falta de Atenção à Condução";"Colisão lateral";"Sem Vítimas";"Plena Noite";"Crescente";"Nublado";"Dupla";"Reta";"Sim";4;0;0;0;3;1;0;3;-19,985563;-44,20318;"SPRF-MG";"DEL01-MG";"UOP03-DEL01-MG"
241304;2019-10-09;"quarta-feira";"19:10:00";"PR";369;163;"CAMBE";"Falta de Atenção à Condução";"Colisão transversal";"Com Vítimas Feridas";"Plena Noite";"Decrescente";"Céu Claro";"Dupla";"Retorno Regulamentado";"Sim";2;0;1;0;1;0;1;2;-23,29694136;-51,27649421;"SPRF-PR";"DEL07-PR";"UOP01-DEL07-PR"
241314;2019-10-09;"quarta-feira";"22:38:00";"SP";153;94;"JACI";"Falta de Atenção à Condução";"Colisão lateral";"Sem Vítimas";"Plena Noite";"Crescente";"Céu Claro";"Múltipla";"Aclive";"Não";3;0;0;0;2;1;0;3;-20,96779165;-49,59638906;"SPRF-SP";"DEL09-SP";"UOP01-DEL09-SP"
241317;2019-06-27;"quinta-feira";"08:05:00";"PR";376;518,7;"PONTA GROSSA";"Velocidade Incompatível";"Colisão lateral";"Com Vítimas Fatais";"Pleno dia";"Crescente";"Céu Claro";"Dupla";"Reta";"Não";4;1;0;0;2;3;0;6;-25,25929015;-49,992342;"SPRF-PR";"DEL03-PR";"UOP04-DEL03-PR"
241324;2019-10-10;"quinta-feira";"00:14:00";"MT";364;349;"SANTO ANTONIO DO LEVERGER";"Velocidade Incompatível";"Tombamento";"Com Vítimas Fatais";"Plena Noite";"Crescente";"Nublado";"Dupla";"Curva";"Não";2;1;0;0;0;2;0;3;-15,79290397;-55,58123946;"SPRF-MT";"DEL02-MT";"UOP02-DEL01-MT"
241325;2019-10-10;"quinta-feira";"01:30:00";"MG";0;0;"ITAGUARA";"Agressão Externa";"Colisão transversal";"Com Vítimas Feridas";"Plena Noite";"Não Informado";"Nublado";"Dupla";"Reta;Declive";"Não";3;0;1;0;1;1;1;2;-20,36904195;-44,46938756;"SPRF-MG";"DEL04-MG";"UOP03-DEL04-MG"
241328;2019-10-10;"quinta-feira";"02:30:00";"SP";381;61,9;"MAIRIPORA";"Falta de Atenção à Condução";"Colisão traseira";"Com Vítimas Feridas";"Plena Noite";"Crescente";"Céu Claro";"Dupla";"Curva";"Não";3;0;1;0;1;2;1;4;-23,29011611;-46,5800681;"SPRF-SP";"DEL03-SP";"UOP01-DEL03-SP"
241335;2019-10-10;"quinta-feira";"04:45:00";"SP";116;389;"MIRACATU";"Desobediência às normas de trânsito pelo condutor";"Colisão traseira";"Com Vítimas Feridas";"Plena Noite";"Decrescente";"Céu Claro";"Dupla";"Reta";"Não";3;0;0;1;1;2;1;4;-24,27280624;-47,4062269;"SPRF-SP";"DEL04-SP";"UOP02-DEL04-SP"
241337;2019-10-10;"quinta-feira";"05:15:00";"RS";158;332;"SANTA MARIA";"Restrição de Visibilidade";"Colisão transversal";"Com Vítimas Feridas";"Amanhecer";"Decrescente";"Nevoeiro/Neblina";"Dupla";"Aclive";"Sim";3;0;1;0;1;2;1;4;-29,7075633;-53,85413894;"SPRF-RS";"DEL09-RS";"UOP01-DEL09-RS"
241338;2019-10-10;"quinta-feira";"04:30:00";"SP";116;544,5;"BARRA DO TURVO";"Falta de Atenção à Condução";"Tombamento";"Com Vítimas Fatais";"Anoitecer";"Decrescente";"Nublado";"Simples";"Curva";"Não";2;1;0;0;0;1;0;2;-24,9642727;-48,42430115;"SPRF-SP";"DEL05-SP";"UOP02-DEL05-SP"
241349;2019-10-10;"quinta-feira";"06:50:00";"RS";158;215,1;"CRUZ ALTA";"Defeito Mecânico no Veículo";"Incêndio";"Sem Vítimas";"Pleno dia";"Decrescente";"Céu Claro";"Simples";"Reta";"Não";2;0;0;0;1;1;0;2;-28,81707698;-53,61210706;"SPRF-RS";"DEL10-RS";"UOP02-DEL10-RS"
241354;2019-10-10;"quinta-feira";"06:00:00";"RO";364;518;"ARIQUEMES";"Desobediência às normas de trânsito pelo condutor";"Colisão transversal";"Com Vítimas Feridas";"Pleno dia";"Crescente";"Céu Claro";"Simples";"Rotatória";"Sim";3;0;1;0;1;2;1;4;-9,897787;-63,05624596;"SPRF-RO";"DEL03-RO";"UOP01-DEL03-RO"
241357;2019-10-04;"sexta-feira";"11:30:00";"MS";163;486,3;"CAMPO GRANDE";"Falta de Atenção à Condução";"Colisão transversal";"Com Vítimas Feridas";"Pleno dia";"Crescente";"Nublado";"Simples";"Reta";"Sim";2;0;2;0;0;0;2;2;-20,4336361;-54,54376745;"SPRF-MS";"DEL01-MS";"UOP02-DEL01-MS"
241360;2019-10-10;"quinta-feira";"07:30:00";"MG";381;479;"CONTAGEM";"Falta de Atenção à Condução";"Colisão transversal";"Com Vítimas Feridas";"Pleno dia";"Decrescente";"Céu Claro";"Múltipla";"Reta";"Sim";3;0;1;0;1;1;1;3;-19,96320444;-44,0490067;"SPRF-MG";"DEL01-MG";"UOP03-DEL01-MG"
241361;2019-10-10;"quinta-feira";"08:10:00";"PR";476;125;"CURITIBA";"Falta de Atenção à Condução";"Colisão com objeto estático";"Com Vítimas Feridas";"Pleno dia";"Decrescente";"Céu Claro";"Múltipla";"Reta";"Sim";4;0;0;1;1;2;1;3;-25,399845;-49,215855;"SPRF-PR";"DEL01-PR";"UOP07-DEL01-PR"
241362;2019-10-10;"quinta-feira";"07:45:00";"SE";235;65,5;"ITABAIANA";"Carga excessiva e/ou mal acondicionada";"Tombamento";"Com Vítimas Feridas";"Pleno dia";"Decrescente";"Sol";"Simples";"Curva";"Não";1;0;1;0;0;0;1;1;-10,612578;-37,474567;"SPRF-SE";"DEL01-SE";"UOP02-DEL01-SE"
241369;2019-10-10;"quinta-feira";"05:20:00";"RO";364;422;"JARU";"Desobediência às normas de trânsito pelo condutor";"Colisão frontal";"Sem Vítimas";"Amanhecer";"Decrescente";"Nublado";"Simples";"Reta";"Não";2;0;0;0;1;1;0;2;-10,4597532;-62,4558043;"SPRF-RO";"DEL03-RO";"UOP02-DEL03-RO"
241371;2019-10-10;"quinta-feira";"08:00:00";"RJ";101;82,7;"CAMPOS DOS GOYTACAZES";"Carga excessiva e/ou mal acondicionada";"Tombamento";"Com Vítimas Feridas";"Pleno dia";"Crescente";"Céu Claro";"Simples";"Curva";"Não";2;0;1;0;0;1;1;2;-21,8235313;-41,4580376;"SPRF-RJ";"DEL08-RJ";"UOP02-DEL08-RJ"
241379;2019-10-10;"quinta-feira";"05:15:00";"MG";40;58,2;"PARACATU";"Condutor Dormindo";"Colisão com objeto estático";"Com Vítimas Feridas";"Amanhecer";"Decrescente";"Céu Claro";"Simples";"Reta;Ponte";"Não";2;0;1;0;1;0;1;1;-17,30237298;-46,77173492;"SPRF-MG";"DEL14-MG";"UOP01-DEL14-MG"
241380;2019-10-10;"quinta-feira";"06:50:00";"MA";10;326,5;"ACAILANDIA";"Desobediência às normas de trânsito pelo condutor";"Colisão lateral";"Com Vítimas Feridas";"Pleno dia";"Decrescente";"Céu Claro";"Simples";"Declive";"Não";3;0;2;0;1;0;2;2;-4,899301;-47,510666;"SPRF-MA";"DEL04-MA";"UOP03-DEL04-MA"
241383;2019-10-10;"quinta-feira";"08:10:00";"MG";40;736,4;"SANTOS DUMONT";"Falta de Atenção à Condução";"Colisão transversal";"Com Vítimas Fatais";"Pleno dia";"Decrescente";"Nublado";"Simples";"Reta";"Não";3;1;0;0;1;2;0;4;-21,37609516;-43,56993701;"SPRF-MG";"DEL05-MG";"UOP01-DEL05-MG"
241384;2019-10-10;"quinta-feira";"08:25:00";"MT";163;827;"SINOP";"Falta de Atenção à Condução";"Colisão traseira";"Sem Vítimas";"Pleno dia";"Decrescente";"Céu Claro";"Dupla";"Retorno Regulamentado";"Sim";4;0;0;0;3;3;0;5;-11,93035125;-55,5133152;"SPRF-MT";"DEL06-MT";"UOP01-DEL06-MT"
241385;2019-10-10;"quinta-feira";"09:30:00";"RN";304;200;"LAJES";"Condutor Dormindo";"Colisão frontal";"Com Vítimas Feridas";"Pleno dia";"Decrescente";"Céu Claro";"Simples";"Reta";"Não";4;0;3;1;0;0;4;2;-5,7261011;-36,16531004;"SPRF-RN";"DEL01-RN";"UOP03-DEL01-RN"
241387;2019-10-10;"quinta-feira";"09:30:00";"SC";101;343;"TUBARAO";"Desobediência às normas de trânsito pelo condutor";"Tombamento";"Com Vítimas Feridas";"Pleno dia";"Crescente";"Céu Claro";"Dupla";"Reta";"Sim";1;0;1;0;0;0;1;1;-28,52765702;-49,05615309;"SPRF-SC";"DEL02-SC";"UOP01-DEL02-SC"
241388;2019-10-10;"quinta-feira";"09:20:00";"SC";101;442,8;"SANTA ROSA DO SUL";"Falta de Atenção à Condução";"Colisão lateral";"Sem Vítimas";"Pleno dia";"Decrescente";"Céu Claro";"Dupla";"Reta";"Sim";2;0;0;0;1;1;0;2;-29,12959329;-49,68678391;"SPRF-SC";"DEL02-SC";"UOP02-DEL02-SC"
241391;2019-10-10;"quinta-feira";"10:20:00";"MG";381;372;"SAO GONCALO DO RIO ABAIXO";"Velocidade Incompatível";"Capotamento";"Com Vítimas Feridas";"Pleno dia";"Decrescente";"Céu Claro";"Simples";"Declive;Curva";"Não";2;0;0;1;0;1;1;2;-19,84250801;-43,31533375;"SPRF-MG";"DEL01-MG";"UOP01-DEL01-MG"
241393;2019-10-10;"quinta-feira";"07:40:00";"RJ";356;164;"SAO JOAO DA BARRA";"Desobediência às normas de trânsito pelo condutor";"Colisão lateral";"Com Vítimas Feridas";"Pleno dia";"Crescente";"Nublado";"Simples";"Reta";"Não";3;0;1;1;1;0;2;3;-21,71454366;-41,13114475;"SPRF-RJ";"DEL08-RJ";"UOP02-DEL08-RJ"
241397;2019-10-10;"quinta-feira";"11:40:00";"MG";365;573,5;"INDIANOPOLIS";"Defeito Mecânico no Veículo";"Colisão com objeto em movimento";"Com Vítimas Fatais";"Pleno dia";"Crescente";"Céu Claro";"Simples";"Aclive";"Não";3;2;0;0;1;0;0;3;-18,90641783;-47,89997698;"SPRF-MG";"DEL15-MG";"UOP02-DEL15-MG"
241399;2019-10-10;"quinta-feira";"06:55:00";"GO";153;700;"ESTRELA DO NORTE";"Velocidade Incompatível";"Colisão frontal";"Com Vítimas Feridas";"Pleno dia";"Decrescente";"Sol";"Simples";"Declive;Reta;Ponte";"Não";3;0;1;0;1;3;1;5;-13,91813651;-49,06760953;"SPRF-GO";"DEL03-GO";"UOP02-DEL03-GO"
241401;2019-10-10;"quinta-feira";"11:00:00";"GO";452;8;"RIO VERDE";"Falta de Atenção à Condução";"Colisão traseira";"Com Vítimas Feridas";"Pleno dia";"Crescente";"Céu Claro";"Simples";"Reta";"Não";3;0;1;0;2;0;1;2;-17,82421698;-50,83685499;"SPRF-GO";"DEL04-GO";"UOP01-DEL04-GO"
241406;2019-10-10;"quinta-feira";"13:00:00";"MG";251;263;"SALINAS";"Condutor Dormindo";"Saída de leito carroçável";"Com Vítimas Feridas";"Pleno dia";"Decrescente";"Sol";"Simples";"Reta";"Não";1;0;1;0;0;0;1;1;-16,000823;-41,935562;"SPRF-MG";"DEL11-MG";"UOP02-DEL11-MG"
241413;2019-10-10;"quinta-feira";"12:05:00";"PE";232;63;"POMBOS";"Falta de Atenção à Condução";"Colisão traseira";"Sem Vítimas";"Pleno dia";"Decrescente";"Nublado";"Simples";"Reta";"Não";2;0;0;0;2;0;0;2;-8,15842797;-35,43147902;"SPRF-PE";"DEL01-PE";"UOP02-DEL02PE"
241416;2019-10-10;"quinta-feira";"13:35:00";"ES";101;149,3;"LINHARES";"Não guardar distância de segurança";"Colisão lateral";"Com Vítimas Feridas";"Pleno dia";"Decrescente";"Sol";"Múltipla";"Interseção de Vias";"Sim";2;0;0;1;1;0;1;2;-19,39619083;-40,06435871;"SPRF-ES";"DEL04-ES";"UOP01-DEL04-ES"
241420;2019-10-10;"quinta-feira";"13:45:00";"RS";290;416,3;"SAO GABRIEL";"Falta de Atenção à Condução";"Colisão frontal";"Com Vítimas Fatais";"Pleno dia";"Decrescente";"Céu Claro";"Simples";"Reta";"Não";5;3;1;0;0;1;1;3;-30,361155;-54,309517;"SPRF-RS";"DEL11-RS";"UOP02-DEL11-RS"
241421;2019-10-10;"quinta-feira";"12:40:00";"BA";324;625;"SALVADOR";"Falta de Atenção à Condução";"Colisão lateral";"Sem Vítimas";"Pleno dia";"Crescente";"Céu Claro";"Dupla";"Reta";"Sim";4;0;0;0;3;2;0;5;-12,955931;-38,471995;"SPRF-BA";"DEL01-BA";"UOP01-DEL01-BA"