"id";"data_inversa";"dia_semana";"horario";"uf";"br";"km";"municipio";"causa_acidente";"tipo_acidente";"classificacao_acidente";"fase_dia";"sentido_via";"condicao_metereologica";"tipo_pista";"tracado_via";"uso_solo";"pessoas";"mortos";"feridos_leves";"feridos_graves";"ilesos";"ignorados";"feridos";"veiculos";"latitude";"longitude";"regional";"delegacia";"uop"
241423;2019-10-10;"quinta-feira";"11:55:00";"RO";364;605,5;"ITAPUA DO OESTE";"Avarias e/ou desgaste excessivo no pneu";"Tombamento";"Com Vítimas Feridas";"Pleno dia";"Decrescente";"Nublado";"Simples";"Reta";"Não";2;0;2;0;0;0;2;1;-9,1795951;-63,2012541;"SPRF-RO";"DEL03-RO";"UOP04-DEL01-RO"
241425;2019-10-10;"quinta-feira";"14:09:00";"RS";468;0,5;"PALMEIRA DAS MISSOES";"Falta de Atenção à Condução";"Colisão traseira";"Com Vítimas Feridas";"Pleno dia";"Crescente";"Sol";"Simples";"Reta";"Não";2;0;1;0;1;0;1;2;-27,882782;-53,304043;"SPRF-RS";"DEL08-RS";"UOP01-DEL08-RS"
241427;2019-07-20;"sábado";"19:20:00";"TO";153;512;"PUGMIL";"Falta de Atenção à Condução";"Colisão frontal";"Com Vítimas Feridas";"Plena Noite";"Decrescente";"Céu Claro";"Simples";"Reta";"Não";3;0;0;1;1;1;1;3;-10,30835496;-48,88509637;"SPRF-TO";"DEL02-TO";"UOP01-DEL01-TO"
241429;2019-10-10;"quinta-feira";"14:00:00";"GO";50;193,1;"CAMPO ALEGRE DE GOIAS";"Falta de Atenção à Condução";"Saída de leito carroçável";"Com Vítimas Feridas";"Pleno dia";"Decrescente";"Nublado";"Dupla";"Reta";"Não";2;0;1;0;0;2;1;3;-17,5189;-47,8261;"SPRF-GO";"DEL06-GO";"UOP01-DEL06-GO"
241430;2019-10-10;"quinta-feira";"14:00:00";"AL";101;20;"JOAQUIM GOMES";"Falta de Atenção à Condução";"Saída de leito carroçável";"Com Vítimas Feridas";"Pleno dia";"Crescente";"Chuva";"Dupla";"Curva";"Não";1;0;0;1;0;0;1;1;-9,03032012;-35,68148769;"SPRF-AL";"DEL01-AL";"UOP02-DEL01-AL"
241434;2019-10-10;"quinta-feira";"14:30:00";"GO";20;62;"FORMOSA";"Falta de Atenção à Condução";"Colisão lateral";"Sem Vítimas";"Pleno dia";"Crescente";"Céu Claro";"Simples";"Aclive";"Não";1;0;0;0;1;0;0;1;-15,22989;-47,172417;"SPRF-DF";"DEL02-DF";"UOP01-DEL02-DF"
241436;2019-10-10;"quinta-feira";"14:00:00";"PB";361;7,8;"PATOS";"Falta de Atenção à Condução";"Colisão lateral";"Sem Vítimas";"Pleno dia";"Crescente";"Céu Claro";"Simples";"Reta";"Não";2;0;0;0;2;0;0;2;-7,03750454;-37,3199449;"SPRF-PB";"DEL03-PB";"UOP01-DEL03-PB"
241444;2019-10-10;"quinta-feira";"15:30:00";"RS";290;133,4;"ELDORADO DO SUL";"Falta de Atenção à Condução";"Colisão traseira";"Sem Vítimas";"Pleno dia";"Decrescente";"Céu Claro";"Simples";"Reta";"Não";4;0;0;0;3;1;0;4;-30,063339;-51,541069;"SPRF-RS";"DEL02-RS";"UOP01-DEL02-RS"
241451;2019-10-10;"quinta-feira";"13:40:00";"MG";381;843,9;"SAO SEBASTIAO DA BELA VISTA";"Falta de Atenção à Condução";"Colisão lateral";"Com Vítimas Feridas";"Pleno dia";"Decrescente";"Céu Claro";"Dupla";"Reta";"Não";2;0;1;0;1;0;1;2;-22,22245372;-45,87389143;"SPRF-MG";"DEL16-MG";"UOP01-DEL16-MG"
241458;2019-10-10;"quinta-feira";"18:10:00";"RS";285;292;"PASSO FUNDO";"Falta de Atenção à Condução";"Colisão lateral";"Com Vítimas Feridas";"Anoitecer";"Crescente";"Céu Claro";"Dupla";"Em Obras";"Sim";2;0;1;0;1;0;1;2;-28,239017;-52,365276;"SPRF-RS";"DEL08-RS";"UOP03-DEL08-RS"
241462;2019-10-10;"quinta-feira";"15:35:00";"PA";10;292;"MAE DO RIO";"Ultrapassagem Indevida";"Colisão lateral";"Com Vítimas Feridas";"Pleno dia";"Decrescente";"Céu Claro";"Simples";"Reta";"Não";4;0;2;0;2;0;2;2;-1,87859001;-47,52285614;"SPRF-PA";"DEL02-PA";"UOP01-DEL02-PA"
241464;2019-10-10;"quinta-feira";"14:45:00";"MG";262;612;"IBIA";"Velocidade Incompatível";"Colisão frontal";"Com Vítimas Feridas";"Pleno dia";"Crescente";"Chuva";"Simples";"Curva";"Não";4;0;1;0;2;2;1;5;-19,59587062;-46,30033692;"SPRF-MG";"DEL08-MG";"UOP02-DEL08-MG"
241465;2019-10-10;"quinta-feira";"17:30:00";"MG";262;594,5;"CAMPOS ALTOS";"Velocidade Incompatível";"Colisão frontal";"Com Vítimas Feridas";"Anoitecer";"Decrescente";"Chuva";"Simples";"Reta";"Não";3;0;1;0;1;2;1;4;-19,65325753;-46,18240356;"SPRF-MG";"DEL08-MG";"UOP02-DEL08-MG"
241469;2019-10-10;"quinta-feira";"17:45:00";"PR";376;242;"APUCARANA";"Desobediência às normas de trânsito pelo condutor";"Colisão traseira";"Com Vítimas Fatais";"Pleno dia";"Decrescente";"Céu Claro";"Simples";"Curva";"Não";3;1;0;0;1;1;0;3;-23,580046;-51,418804;"SPRF-PR";"DEL07-PR";"UOP03-DEL07-PR"
241471;2019-10-10;"quinta-feira";"17:10:00";"MG";365;456,5;"PATROCINIO";"Não guardar distância de segurança";"Colisão traseira";"Com Vítimas Fatais";"Pleno dia";"Decrescente";"Nublado";"Simples";"Reta";"Não";8;1;1;1;3;2;2;5;-18,85459953;-46,87941363;"SPRF-MG";"DEL10-MG";"UOP01-DEL10-MG"
241478;2019-10-10;"quinta-feira";"18:15:00";"RS";293;26,4;"CAPAO DO LEAO";"Falta de Atenção à Condução";"Colisão traseira";"Com Vítimas Feridas";"Amanhecer";"Decrescente";"Céu Claro";"Simples";"Reta";"Não";3;0;1;0;2;0;1;2;-31,72936678;-52,58232197;"SPRF-RS";"DEL07-RS";"UOP01-DEL07-RS"
241482;2019-10-10;"quinta-feira";"19:25:00";"RS";290;93,1;"PORTO ALEGRE";"Objeto estático sobre o leito carroçável";"Colisão traseira";"Com Vítimas Feridas";"Plena Noite";"Crescente";"Céu Claro";"Dupla";"Reta";"Sim";7;0;3;0;2;2;3;5;-29,970839;-51,187725;"SPRF-RS";"DEL01-RS";"UOP01-DEL01-RS"
241488;2019-10-10;"quinta-feira";"16:35:00";"SC";158;104;"CUNHA PORA";"Carga excessiva e/ou mal acondicionada";"Incêndio";"Sem Vítimas";"Pleno dia";"Decrescente";"Céu Claro";"Simples";"Aclive;Reta";"Não";1;0;0;0;1;0;0;1;-26,86046001;-53,16404912;"SPRF-SC";"DEL07-SC";"UOP02-DEL07-SC"
241490;2019-10-10;"quinta-feira";"17:40:00";"SC";101;206;"SAO JOSE";"Falta de Atenção à Condução";"Colisão traseira";"Com Vítimas Feridas";"Pleno dia";"Crescente";"Céu Claro";"Dupla";"Reta";"Sim";3;0;1;0;2;0;1;3;-27,59193546;-48,61824557;"SPRF-SC";"DEL01-SC";"UOP01-DEL01-SC"
241494;2019-10-10;"quinta-feira";"19:33:00";"BA";324;592;"CANDEIAS";"Defeito Mecânico no Veículo";"Colisão com objeto em movimento";"Sem Vítimas";"Plena Noite";"Crescente";"Céu Claro";"Dupla";"Reta";"Não";3;0;0;0;2;2;0;4;-12,69021804;-38,46568118;"SPRF-BA";"DEL01-BA";"UOP01-DEL01-BA"
241496;2019-10-10;"quinta-feira";"19:50:00";"MG";381;4,9;"BETIM";"Desobediência às normas de trânsito pelo condutor";"Saída de leito carroçável";"Sem Vítimas";"Plena Noite";"Crescente";"Céu Claro";"Dupla";"Reta";"Sim";1;0;0;0;1;0;0;1;-19,98775841;-44,18569207;"SPRF-MG";"DEL01-MG";"UOP03-DEL01-MG"
241498;2019-10-10;"quinta-feira";"19:30:00";"PE";232;132;"CARUARU";"Desobediência às normas de trânsito pelo condutor";"Colisão traseira";"Com Vítimas Feridas";"Plena Noite";"Decrescente";"Garoa/Chuvisco";"Dupla";"Reta";"Não";3;0;1;0;1;1;1;3;-8,3036244;-36,00710089;"SPRF-PE";"DEL02-PE";"UOP03-DEL02-PE"
241501;2019-10-10;"quinta-feira";"14:11:00";"RO";174;13,7;"VILHENA";"Falta de Atenção à Condução";"Colisão transversal";"Com Vítimas Feridas";"Pleno dia";"Decrescente";"Céu Claro";"Dupla";"Reta;Rotatória";"Sim";2;0;0;1;1;0;1;2;-12,7362982;-60,13081312;"SPRF-RO";"DEL04-RO";"UOP01-DEL04-RO"
241502;2019-10-10;"quinta-feira";"20:30:00";"CE";222;39,8;"CAUCAIA";"Não guardar distância de segurança";"Atropelamento de Animal";"Com Vítimas Feridas";"Plena Noite";"Crescente";"Céu Claro";"Simples";"Reta";"Não";4;0;2;0;1;1;2;3;-3,68870601;-38,89853601;"SPRF-CE";"DEL01-CE";"UOP01-DEL01-CE"
241503;2019-10-10;"quinta-feira";"17:00:00";"MG";381;932;"EXTREMA";"Velocidade Incompatível";"Colisão lateral";"Com Vítimas Feridas";"Pleno dia";"Decrescente";"Nublado";"Dupla";"Curva";"Não";5;0;1;1;2;2;2;4;-22,78915951;-46,24523163;"SPRF-MG";"DEL16-MG";"UOP03-DEL16-MG"
241513;2019-10-10;"quinta-feira";"20:40:00";"RS";116;361,2;"TAPES";"Defeito Mecânico no Veículo";"Colisão com objeto estático";"Sem Vítimas";"Plena Noite";"Decrescente";"Céu Claro";"Simples";"Reta";"Não";2;0;0;0;1;1;0;2;-30,63341897;-51,54988909;"SPRF-RS";"DEL02-RS";"UOP03-DEL02-RS"
241519;2019-10-10;"quinta-feira";"19:00:00";"BA";410;24;"TUCANO";"Ultrapassagem Indevida";"Colisão lateral";"Sem Vítimas";"Plena Noite";"Crescente";"Céu Claro";"Simples";"Reta";"Não";2;0;0;0;1;1;0;2;-10,93410721;-38,71143983;"SPRF-BA";"DEL07-BA";"UOP02-DEL07-BA"
241525;2019-10-10;"quinta-feira";"22:40:00";"ES";101;325;"GUARAPARI";"Falta de Atenção à Condução";"Colisão traseira";"Com Vítimas Feridas";"Plena Noite";"Crescente";"Céu Claro";"Simples";"Reta";"Não";1;0;1;0;0;0;1;1;-20,55491301;-40,48064614;"SPRF-ES";"DEL03-ES";"UOP01-DEL03-ES"
241528;2019-10-10;"quinta-feira";"22:30:00";"PR";476;116;"COLOMBO";"Ingestão de Álcool";"Colisão traseira";"Sem Vítimas";"Plena Noite";"Crescente";"Céu Claro";"Múltipla";"Reta";"Sim";2;0;0;0;2;0;0;2;-25,34996;-49,16642;"SPRF-PR";"DEL01-PR";"UOP07-DEL01-PR"
241531;2019-10-10;"quinta-feira";"23:24:00";"RS";290;416;"SAO GABRIEL";"Falta de Atenção à Condução";"Colisão traseira";"Com Vítimas Feridas";"Plena Noite";"Crescente";"Céu Claro";"Simples";"Reta";"Não";3;0;1;0;1;3;1;5;-30,36280377;-54,20448303;"SPRF-RS";"DEL11-RS";"UOP02-DEL11-RS"
241535;2019-10-11;"sexta-feira";"00:10:00";"SP";116;548;"BARRA DO TURVO";"Não guardar distância de segurança";"Colisão traseira";"Com Vítimas Feridas";"Plena Noite";"Decrescente";"Céu Claro";"Simples";"Reta";"Não";3;0;1;0;1;1;1;3;-24,95393;-48,447268;"SPRF-SP";"DEL05-SP";"UOP02-DEL05-SP"
241536;2019-10-10;"quinta-feira";"20:00:00";"MT";70;217,4;"GENERAL CARNEIRO";"Falta de Atenção à Condução";"Saída de leito carroçável";"Com Vítimas Feridas";"Plena Noite";"Crescente";"Chuva";"Simples";"Curva";"Não";3;0;0;1;0;2;1;3;-15,68523501;-53,84637301;"SPRF-MT";"DEL05-MT";"UOP01-DEL05-MT"
241539;2019-10-10;"quinta-feira";"23:45:00";"GO";153;363,2;"JARAGUA";"Falta de Atenção à Condução";"Colisão transversal";"Com Vítimas Feridas";"Plena Noite";"Crescente";"Céu Claro";"Simples";"Reta";"Não";5;0;2;1;2;0;3;2;-15,774871;-49,306477;"SPRF-GO";"DEL02-GO";"UOP02-DEL02-GO"
241541;2019-10-10;"quinta-feira";"12:10:00";"GO";153;326,2;"RIANAPOLIS";"Defeito Mecânico no Veículo";"Saída de leito carroçável";"Com Vítimas Feridas";"Pleno dia";"Decrescente";"Céu Claro";"Simples";"Reta";"Não";2;0;1;1;0;0;2;1;-15,497116;-49,484196;"SPRF-GO";"DEL02-GO";"UOP02-DEL02-GO"
241543;2019-10-10;"quinta-feira";"19:30:00";"SC";116;157,8;"SANTA CECILIA";"Defeito Mecânico no Veículo";"Incêndio";"Sem Vítimas";"Plena Noite";"Decrescente";"Ignorado";"Simples";"Em Obras";"Não";2;0;0;0;1;1;0;2;-27,08465913;-50,44357078;"SPRF-SC";"DEL06-SC";"UOP02-DEL06-SC"
241545;2019-10-10;"quinta-feira";"21:50:00";"BA";101;728;"EUNAPOLIS";"Defeito Mecânico no Veículo";"Incêndio";"Sem Vítimas";"Plena Noite";"Decrescente";"Céu Claro";"Simples";"Reta";"Não";2;0;0;0;1;1;0;2;-16,46012209;-39,57344055;"SPRF-BA";"DEL09-BA";"UOP01-DEL09-BA"
241549;2019-10-11;"sexta-feira";"03:50:00";"MG";262;488,8;"BOM DESPACHO";"Condutor Dormindo";"Saída de leito carroçável";"Com Vítimas Feridas";"Plena Noite";"Crescente";"Céu Claro";"Simples";"Reta";"Não";1;0;1;0;0;0;1;1;-19,78442409;-45,32295201;"SPRF-MG";"DEL08-MG";"UOP03-DEL08-MG"
241555;2019-10-11;"sexta-feira";"05:10:00";"PE";101;74;"RECIFE";"Velocidade Incompatível";"Tombamento";"Com Vítimas Feridas";"Amanhecer";"Crescente";"Garoa/Chuvisco";"Dupla";"Aclive;Curva";"Sim";3;0;1;1;0;1;2;3;-8,10146485;-34,94901577;"SPRF-PE";"DEL01-PE";"UOP01-DEL01-PE"
241556;2019-10-11;"sexta-feira";"05:10:00";"MG";381;518,8;"IGARAPE";"Falta de Atenção à Condução";"Colisão traseira";"Com Vítimas Feridas";"Amanhecer";"Decrescente";"Céu Claro";"Múltipla";"Reta";"Sim";3;0;0;1;1;2;1;4;-20,12031787;-44,30255055;"SPRF-MG";"DEL01-MG";"UOP03-DEL01-MG"
241558;2019-10-11;"sexta-feira";"05:50:00";"GO";153;414,7;"ANAPOLIS";"Defeito Mecânico no Veículo";"Colisão transversal";"Com Vítimas Feridas";"Amanhecer";"Decrescente";"Céu Claro";"Simples";"Declive";"Não";5;0;1;0;3;1;1;3;-16,125668;-49,043564;"SPRF-GO";"DEL02-GO";"UOP01-DEL02-GO"
241561;2019-10-11;"sexta-feira";"05:00:00";"MT";163;858,3;"SINOP";"Defeito Mecânico no Veículo";"Incêndio";"Sem Vítimas";"Amanhecer";"Crescente";"Ignorado";"Simples";"Reta";"Sim";1;0;0;0;1;0;0;1;-11,78595405;-55,47563583;"SPRF-MT";"DEL06-MT";"UOP02-DEL06-MT"
241564;2019-10-11;"sexta-feira";"06:00:00";"MG";381;598,5;"CARMOPOLIS DE MINAS";"Velocidade Incompatível";"Colisão traseira";"Com Vítimas Fatais";"Pleno dia";"Decrescente";"Céu Claro";"Dupla";"Reta;Declive";"Não";3;1;0;0;1;1;0;3;-20,60716895;-44,73310303;"SPRF-MG";"DEL04-MG";"UOP01-DEL04-MG"
241569;2019-10-11;"sexta-feira";"06:20:00";"MG";40;411,8;"CURVELO";"Não guardar distância de segurança";"Engavetamento";"Com Vítimas Fatais";"Pleno dia";"Decrescente";"Céu Claro";"Simples";"Reta";"Não";6;2;0;0;2;4;0;7;-19,12284751;-44,63864473;"SPRF-MG";"DEL02-MG";"UOP01-DEL02-MG"
241576;2019-10-11;"sexta-feira";"07:20:00";"CE";116;466,4;"MILAGRES";"Carga excessiva e/ou mal acondicionada";"Tombamento";"Com Vítimas Feridas";"Pleno dia";"Crescente";"Céu Claro";"Simples";"Aclive;Curva";"Não";2;0;2;0;0;0;2;1;-7,240633;-38,839356;"SPRF-CE";"DEL05-CE";"UOP03-DEL05-CE"
241577;2019-10-11;"sexta-feira";"07:30:00";"AL";104;20,2;"SAO JOSE DA LAJE";"Falta de Atenção à Condução";"Saída de leito carroçável";"Com Vítimas Feridas";"Pleno dia";"Crescente";"Céu Claro";"Simples";"Curva";"Não";1;0;0;1;0;0;1;1;-9,05832806;-36,03471394;"SPRF-AL";"DEL01-AL";"UOP02-DEL01-AL"
241593;2019-10-11;"sexta-feira";"06:05:00";"MG";381;674,1;"PERDOES";"Condutor Dormindo";"Saída de leito carroçável";"Sem Vítimas";"Pleno dia";"Decrescente";"Céu Claro";"Dupla";"Reta";"Não";2;0;0;0;1;1;0;2;-21,107021;-45,09114;"SPRF-MG";"DEL04-MG";"UOP02-DEL04-MG"
241598;2019-10-11;"sexta-feira";"08:55:00";"SP";116;144,5;"SAO JOSE DOS CAMPOS";"Falta de Atenção à Condução";"Colisão traseira";"Sem Vítimas";"Pleno dia";"Decrescente";"Sol";"Simples";"Aclive";"Sim";3;0;0;0;3;0;0;3;-23,18274416;-45,84633592;"SPRF-SP";"DEL02-SP";"UOP01-DEL02-SP"
241607;2019-10-11;"sexta-feira";"10:50:00";"SC";101;209;"SAO JOSE";"Falta de Atenção à Condução";"Colisão lateral";"Sem Vítimas";"Pleno dia";"Decrescente";"Céu Claro";"Múltipla";"Reta";"Não";3;0;0;0;3;0;0;2;-27,61000542;-48,63895057;"SPRF-SC";"DEL01-SC";"UOP01-DEL01-SC"
241608;2019-10-11;"sexta-feira";"10:50:00";"PR";376;15,2;"MARINGA";"Carga excessiva e/ou mal acondicionada";"Tombamento";"Sem Vítimas";"Pleno dia";"Decrescente";"Céu Claro";"Dupla";"Reta";"Sim";2;0;0;0;1;1;0;2;-23,41243355;-51,88033819;"SPRF-PR";"DEL07-PR";"UOP01-DEL09-PR"
241611;2019-10-11;"sexta-feira";"08:20:00";"PR";376;307,5;"MAUA DA SERRA";"Falta de Atenção à Condução";"Tombamento";"Com Vítimas Feridas";"Pleno dia";"Decrescente";"Sol";"Dupla";"Curva;Declive";"Não";2;0;1;0;0;13;1;14;-23,9743171;-51,1035821;"SPRF-PR";"DEL07-PR";"UOP02-DEL07-PR"
241617;2019-10-11;"sexta-feira";"12:00:00";"RJ";101;518;"ANGRA DOS REIS";"Falta de Atenção à Condução";"Engavetamento";"Sem Vítimas";"Pleno dia";"Crescente";"Céu Claro";"Simples";"Aclive";"Não";4;0;0;0;4;0;0;4;-23,00149117;-44,44342646;"SPRF-RJ";"DEL03-RJ";"UOP02-DEL03-RJ"
241619;2019-10-11;"sexta-feira";"12:15:00";"MG";50;45;"ARAGUARI";"Falta de Atenção à Condução";"Colisão traseira";"Com Vítimas Feridas";"Pleno dia";"Crescente";"Céu Claro";"Dupla";"Declive";"Não";6;0;4;0;1;2;4;4;-18,71289097;-48,19662304;"SPRF-MG";"DEL15-MG";"UOP02-DEL15-MG"
241622;2019-10-11;"sexta-feira";"12:30:00";"SP";116;222;"GUARULHOS";"Falta de Atenção à Condução";"Colisão lateral";"Com Vítimas Feridas";"Pleno dia";"Decrescente";"Sol";"Múltipla";"Curva";"Sim";3;0;1;0;2;0;1;2;-23,47093408;-46,51631097;"SPRF-SP";"DEL01-SP";"UOP01-DEL01-SP"
241623;2019-10-11;"sexta-feira";"10:10:00";"CE";116;531,7;"JATI";"Falta de Atenção à Condução";"Colisão traseira";"Com Vítimas Feridas";"Pleno dia";"Decrescente";"Sol";"Simples";"Aclive";"Não";4;0;0;2;1;1;2;3;-7,69630203;-39,01991598;"SPRF-CE";"DEL05-CE";"UOP03-DEL05-CE"
241628;2019-10-11;"sexta-feira";"10:50:00";"SC";470;253;"CURITIBANOS";"Falta de Atenção à Condução";"Saída de leito carroçável";"Com Vítimas Feridas";"Pleno dia";"Crescente";"Céu Claro";"Simples";"Reta";"Não";4;0;1;1;1;3;2;5;-27,312477;-50,600216;"SPRF-SC";"DEL05-SC";"UOP03-DEL05-SC"
241629;2019-10-11;"sexta-feira";"12:30:00";"MG";40;509;"RIBEIRAO DAS NEVES";"Falta de Atenção à Condução";"Colisão traseira";"Com Vítimas Feridas";"Pleno dia";"Decrescente";"Céu Claro";"Dupla";"Aclive;Reta";"Sim";2;0;0;1;1;0;1;2;-19,76728744;-44,12855905;"SPRF-MG";"DEL01-MG";"UOP02-DEL01-MG"
241633;2019-10-11;"sexta-feira";"11:25:00";"MS";262;367,3;"CAMPO GRANDE";"Desobediência às normas de trânsito pelo condutor";"Colisão lateral";"Com Vítimas Feridas";"Pleno dia";"Decrescente";"Céu Claro";"Simples";"Reta";"Sim";2;0;1;0;1;0;1;2;-20,47801926;-54,75310206;"SPRF-MS";"DEL01-MS";"UOP03-DEL01-MS"
241643;2019-10-11;"sexta-feira";"14:17:00";"MG";50;169,3;"UBERABA";"Falta de Atenção à Condução";"Colisão traseira";"Com Vítimas Feridas";"Pleno dia";"Crescente";"Céu Claro";"Dupla";"Aclive";"Não";4;0;1;0;2;3;1;6;-19,72771598;-47,98120608;"SPRF-MG";"DEL13-MG";"UOP01-DEL13-MG"
241648;2019-09-25;"quarta-feira";"08:50:00";"PR";153;479,8;"PORTO VITORIA";"Mal Súbito";"Colisão lateral";"Com Vítimas Fatais";"Pleno dia";"Decrescente";"Céu Claro";"Simples";"Curva;Declive";"Não";5;1;0;1;1;5;1;8;-26,356873;-51,25571609;"SPRF-PR";"DEL02-PR";"UOP03-DEL02-PR"
241649;2019-10-11;"sexta-feira";"08:45:00";"MA";10;52;"CAROLINA";"Defeito Mecânico no Veículo";"Tombamento";"Com Vítimas Feridas";"Pleno dia";"Crescente";"Céu Claro";"Simples";"Aclive";"Não";2;0;1;0;0;1;1;2;-7,191833;-47,423431;"SPRF-MA";"DEL04-MA";"UOP02-DEL04-MA"
241651;2019-10-11;"sexta-feira";"09:45:00";"MT";70;206,9;"GENERAL CARNEIRO";"Desobediência às normas de trânsito pelo condutor";"Colisão lateral";"Com Vítimas Feridas";"Pleno dia";"Crescente";"Chuva";"Simples";"Curva";"Não";9;0;1;0;7;2;1;5;-15,74101493;-53,78036007;"SPRF-MT";"DEL05-MT";"UOP01-DEL05-MT"
241654;2019-10-11;"sexta-feira";"15:10:00";"CE";222;3;"CAUCAIA";"Desobediência às normas de trânsito pelo condutor";"Colisão transversal";"Com Vítimas Feridas";"Plena Noite";"Decrescente";"Céu Claro";"Dupla";"Reta";"Sim";2;0;1;0;1;0;1;2;-3,736507;-38,65337;"SPRF-CE";"DEL01-CE";"UOP01-DEL01-CE"
241659;2019-10-11;"sexta-feira";"14:50:00";"ES";101;256,9;"SERRA";"Falta de Atenção à Condução";"Colisão traseira";"Com Vítimas Feridas";"Pleno dia";"Crescente";"Céu Claro";"Dupla";"Reta";"Sim";3;0;0;2;1;0;2;2;-20,119123;-40,311005;"SPRF-ES";"DEL02-ES";"UOP01-DEL02-ES"
241662;2019-10-11;"sexta-feira";"13:40:00";"PR";376;587;"CURITIBA";"Não guardar distância de segurança";"Colisão traseira";"Sem Vítimas";"Pleno dia";"Decrescente";"Céu Claro";"Dupla";"Reta";"Sim";2;0;0;0;1;2;0;3;-25,43275039;-49,37346606;"SPRF-PR";"DEL01-PR";"UOP06-DEL01-PR"
241664;2019-10-11;"sexta-feira";"15:40:00";"RN";304;37;"MOSSORO";"Falta de Atenção à Condução";"Colisão traseira";"Com Vítimas Feridas";"Pleno dia";"Decrescente";"Sol";"Dupla";"Declive";"Sim";2;0;1;0;1;0;1;2;-5,17455933;-37,36227171;"SPRF-RN";"DEL04-RN";"UOP02-DEL04-RN"
241666;2019-10-11;"sexta-feira";"13:30:00";"ES";482;8,3;"CACHOEIRO DE ITAPEMIRIM";"Defeito Mecânico no Veículo";"Engavetamento";"Com Vítimas Feridas";"Pleno dia";"Crescente";"Céu Claro";"Dupla";"Reta";"Sim";6;0;1;0;5;0;1;5;-20,86597301;-41,11181303;"SPRF-ES";"DEL03-ES";"UOP02-DEL03-ES"
241673;2019-10-11;"sexta-feira";"16:15:00";"RJ";116;176;"NOVA IGUACU";"Falta de Atenção à Condução";"Colisão transversal";"Sem Vítimas";"Pleno dia";"Crescente";"Céu Claro";"Dupla";"Reta";"Sim";3;0;0;0;2;1;0;3;-22,75117162;-43,43994141;"SPRF-RJ";"DEL01-RJ";"UOP02-DEL01-RJ"
241676;2019-10-11;"sexta-feira";"17:00:00";"PE";232;36,2;"VITORIA DE SANTO ANTAO";"Falta de Atenção à Condução";"Colisão com objeto estático";"Sem Vítimas";"Anoitecer";"Decrescente";"Céu Claro";"Dupla";"Reta";"Sim";2;0;0;0;2;0;0;2;-8,11082778;-35,20125807;"SPRF-PE";"DEL01-PE";"UOP02-DEL02PE"
241682;2019-10-11;"sexta-feira";"15:10:00";"CE";116;486;"MILAGRES";"Falta de Atenção à Condução";"Colisão traseira";"Sem Vítimas";"Pleno dia";"Crescente";"Céu Claro";"Simples";"Reta";"Não";4;0;0;0;3;1;0;4;-7,32661896;-38,9375496;"SPRF-CE";"DEL05-CE";"UOP03-DEL05-CE"
241683;2019-10-11;"sexta-feira";"17:10:00";"DF";70;1;"BRASILIA";"Falta de Atenção à Condução";"Colisão traseira";"Com Vítimas Feridas";"Pleno dia";"Crescente";"Nublado";"Múltipla";"Reta";"Sim";2;0;1;0;1;0;1;2;-15,795264;-48,063801;"SPRF-DF";"DEL01-DF";"UOP02-DEL03-DF"
241686;2019-10-11;"sexta-feira";"16:50:00";"PR";376;245;"APUCARANA";"Não guardar distância de segurança";"Colisão traseira";"Com Vítimas Feridas";"Pleno dia";"Decrescente";"Céu Claro";"Dupla";"Reta";"Não";2;0;1;0;1;0;1;2;-23,60491501;-51,40907589;"SPRF-PR";"DEL07-PR";"UOP03-DEL07-PR"
241692;2019-10-11;"sexta-feira";"11:50:00";"BA";101;84;"ALAGOINHAS";"Falta de Atenção à Condução";"Tombamento";"Com Vítimas Feridas";"Pleno dia";"Decrescente";"Céu Claro";"Simples";"Reta";"Não";3;0;1;0;1;1;1;3;-12,04221219;-38,3029088;"SPRF-BA";"DEL01-BA";"UOP04-DEL01-BA"
241693;2019-10-11;"sexta-feira";"17:40:00";"PR";163;286,1;"MARECHAL CANDIDO RONDON";"Não guardar distância de segurança";"Engavetamento";"Sem Vítimas";"Pleno dia";"Crescente";"Céu Claro";"Dupla";"Reta";"Não";4;0;0;0;2;2;0;4;-24,568102;-54,034168;"SPRF-PR";"DEL06-PR";"UOP02-DEL06-PR"
241707;2019-10-11;"sexta-feira";"16:30:00";"MA";135;0,6;"SAO LUIS";"Não guardar distância de segurança";"Colisão traseira";"Com Vítimas Feridas";"Pleno dia";"Crescente";"Sol";"Dupla";"Reta";"Sim";4;0;0;1;3;0;1;4;-2,5804565;-44,241947;"SPRF-MA";"DEL01-MA";"UOP01-DEL01-MA"
241709;2019-10-11;"sexta-feira";"16:00:00";"GO";158;181;"CAIAPONIA";"Fenômenos da Natureza";"Incêndio";"Sem Vítimas";"Pleno dia";"Crescente";"Céu Claro";"Simples";"Aclive";"Não";2;0;0;0;1;1;0;2;-17,15138097;-51,88844539;"SPRF-GO";"DEL05-GO";"UOP01-DEL05-GO"
241715;2019-10-11;"sexta-feira";"18:15:00";"BA";324;588,5;"CANDEIAS";"Não guardar distância de segurança";"Colisão traseira";"Sem Vítimas";"Anoitecer";"Decrescente";"Nublado";"Dupla";"Reta";"Não";5;0;0;0;4;1;0;5;-12,6556679;-38,47271864;"SPRF-BA";"DEL01-BA";"UOP01-DEL01-BA"
241719;2019-10-11;"sexta-feira";"19:00:00";"GO";70;5,2;"AGUAS LINDAS DE GOIAS";"Falta de Atenção à Condução";"Colisão lateral";"Com Vítimas Feridas";"Plena Noite";"Crescente";"Céu Claro";"Múltipla";"Aclive";"Sim";5;0;1;0;4;0;1;2;-15,75683677;-48,25464732;"SPRF-DF";"DEL01-DF";"UOP02-DEL03-DF"