"id";"data_inversa";"dia_semana";"horario";"uf";"br";"km";"municipio";"causa_acidente";"tipo_acidente";"classificacao_acidente";"fase_dia";"sentido_via";"condicao_metereologica";"tipo_pista";"tracado_via";"uso_solo";"pessoas";"mortos";"feridos_leves";"feridos_graves";"ilesos";"ignorados";"feridos";"veiculos";"latitude";"longitude";"regional";"delegacia";"uop"
241731;2019-10-11;"sexta-feira";"19:45:00";"RN";304;126,2;"ITAJA";"Objeto estático sobre o leito carroçável";"Colisão transversal";"Com Vítimas Fatais";"Plena Noite";"Crescente";"Céu Claro";"Simples";"Aclive";"Não";3;1;0;0;2;0;0;3;-5,65579328;-36,80726602;"SPRF-RN";"DEL04-RN";"UOP01-DEL04-RN"
241732;2019-10-11;"sexta-feira";"18:45:00";"PI";316;34,4;"DEMERVAL LOBAO";"Desobediência às normas de trânsito pelo condutor";"Saída de leito carroçável";"Com Vítimas Feridas";"Plena Noite";"Decrescente";"Céu Claro";"Simples";"Reta";"Sim";5;0;1;0;3;1;1;3;-5,35690807;-42,6764932;"SPRF-PI";"DEL01-PI";"UOP02-DEL01-PI"
241747;2019-10-11;"sexta-feira";"18:55:00";"RO";364;493,7;"ARIQUEMES";"Ultrapassagem Indevida";"Colisão traseira";"Com Vítimas Feridas";"Plena Noite";"Decrescente";"Céu Claro";"Simples";"Curva";"Não";4;0;1;1;1;3;2;6;-10,09049706;-62,97006806;"SPRF-RO";"DEL03-RO";"UOP01-DEL03-RO"
241757;2019-10-11;"sexta-feira";"20:27:00";"MG";50;117,5;"UBERABA";"Falta de Atenção à Condução";"Colisão traseira";"Com Vítimas Feridas";"Plena Noite";"Decrescente";"Céu Claro";"Dupla";"Reta";"Não";3;0;0;1;1;1;1;3;-19,28290502;-48,12107706;"SPRF-MG";"DEL13-MG";"UOP01-DEL13-MG"
241759;2019-10-11;"sexta-feira";"10:30:00";"MG";50;73;"UBERLANDIA";"Desobediência às normas de trânsito pelo condutor";"Colisão com objeto estático";"Sem Vítimas";"Pleno dia";"Decrescente";"Sol";"Múltipla";"Curva;Declive;Viaduto";"Sim";2;0;0;0;1;1;0;2;-18,91046286;-48,22375808;"SPRF-MG";"DEL15-MG";"UOP01-DEL15-MG"
241772;2019-10-11;"sexta-feira";"22:40:00";"GO";60;316,4;"ACREUNA";"Desobediência às normas de trânsito pelo condutor";"Colisão com objeto estático";"Com Vítimas Fatais";"Plena Noite";"Decrescente";"Nublado";"Dupla";"Reta";"Não";3;1;0;0;1;1;0;3;-17,4588;-50,4341;"SPRF-GO";"DEL04-GO";"UOP01-DEL04-GO"
241775;2019-10-11;"sexta-feira";"23:15:00";"RJ";101;66,7;"CAMPOS DOS GOYTACAZES";"Ingestão de Álcool";"Colisão lateral";"Com Vítimas Feridas";"Plena Noite";"Crescente";"Céu Claro";"Simples";"Rotatória";"Sim";2;0;1;0;1;0;1;2;-21,76090387;-41,34788959;"SPRF-RJ";"DEL08-RJ";"UOP02-DEL08-RJ"
241776;2019-10-11;"sexta-feira";"22:20:00";"PE";407;111;"PETROLINA";"Ingestão de Álcool";"Colisão traseira";"Com Vítimas Fatais";"Plena Noite";"Decrescente";"Céu Claro";"Dupla";"Reta";"Não";2;1;0;0;0;1;0;2;-9,26779391;-40,60077385;"SPRF-PE";"DEL06-PE";"UOP02-DEL06-PE"
241777;2019-10-11;"sexta-feira";"22:30:00";"ES";101;309,4;"VIANA";"Falta de Atenção à Condução";"Colisão transversal";"Com Vítimas Feridas";"Plena Noite";"Crescente";"Céu Claro";"Simples";"Interseção de Vias";"Não";2;0;1;0;1;0;1;2;-20,417;-40,45984911;"SPRF-ES";"DEL03-ES";"UOP01-DEL03-ES"
241796;2019-10-12;"sábado";"00:25:00";"SC";101;66,4;"ARAQUARI";"Deficiência ou não Acionamento do Sistema de Iluminação/Sinalização do Veículo";"Colisão traseira";"Com Vítimas Feridas";"Plena Noite";"Decrescente";"Nevoeiro/Neblina";"Dupla";"Curva";"Não";2;0;1;0;1;0;1;2;-26,478474;-48,73863;"SPRF-SC";"DEL03-SC";"UOP02-DEL03-SC"
241802;2019-10-12;"sábado";"01:30:00";"MG";50;151,7;"UBERABA";"Falta de Atenção à Condução";"Colisão traseira";"Com Vítimas Feridas";"Plena Noite";"Crescente";"Céu Claro";"Dupla";"Reta";"Não";4;0;1;0;1;4;1;6;-19,57370204;-48,03246832;"SPRF-MG";"DEL13-MG";"UOP01-DEL13-MG"
241809;2019-10-12;"sábado";"02:10:00";"GO";60;46,6;"ALEXANIA";"Defeito Mecânico no Veículo";"Tombamento";"Com Vítimas Feridas";"Plena Noite";"Decrescente";"Céu Claro";"Dupla";"Reta";"Não";1;0;1;0;0;0;1;1;-16,1417;-48,5988;"SPRF-GO";"DEL02-GO";"UOP01-DEL02-GO"
241815;2019-10-12;"sábado";"03:00:00";"AL";101;141;"SAO MIGUEL DOS CAMPOS";"Restrição de Visibilidade";"Colisão transversal";"Com Vítimas Feridas";"Plena Noite";"Decrescente";"Céu Claro";"Dupla";"Interseção de Vias;Em Obras";"Não";4;0;1;0;2;2;1;4;-9,833217;-36,130977;"SPRF-AL";"DEL02-AL";"UOP01-DEL02-AL"
241824;2019-10-12;"sábado";"02:50:00";"MS";267;319,9;"RIO BRILHANTE";"Condutor Dormindo";"Colisão frontal";"Com Vítimas Fatais";"Plena Noite";"Crescente";"Céu Claro";"Simples";"Curva";"Não";3;1;1;0;0;1;1;3;-21,65346432;-54,7558053;"SPRF-MS";"DEL02-MS";"UOP02-DEL02-MS"
241826;2019-10-12;"sábado";"04:30:00";"MG";381;526,1;"BRUMADINHO";"Velocidade Incompatível";"Tombamento";"Com Vítimas Feridas";"Amanhecer";"Crescente";"Céu Claro";"Dupla";"Declive;Curva";"Não";2;0;1;0;0;1;1;2;-20,16175378;-44,34144636;"SPRF-MG";"DEL04-MG";"UOP03-DEL04-MG"
241831;2019-10-12;"sábado";"05:50:00";"RS";116;233,9;"NOVO HAMBURGO";"Falta de Atenção à Condução";"Colisão frontal";"Com Vítimas Feridas";"Amanhecer";"Decrescente";"Céu Claro";"Simples";"Interseção de Vias";"Sim";2;0;1;0;1;0;1;2;-29,64206007;-51,14268362;"SPRF-RS";"DEL01-RS";"UOP02-DEL01-RS"
241833;2019-10-12;"sábado";"04:00:00";"SP";116;514;"CAJATI";"Velocidade Incompatível";"Tombamento";"Com Vítimas Feridas";"Plena Noite";"Decrescente";"Céu Claro";"Simples";"Curva";"Não";2;0;0;1;0;1;1;2;-24,86284243;-48,21453094;"SPRF-SP";"DEL05-SP";"UAP01-DEL05-SP"
241849;2019-10-11;"sexta-feira";"09:40:00";"RJ";354;9;"RESENDE";"Defeito Mecânico no Veículo";"Colisão com objeto estático";"Com Vítimas Feridas";"Pleno dia";"Decrescente";"Sol";"Simples";"Reta";"Não";2;0;1;0;0;1;1;2;-22,416546;-44,745617;"SPRF-RJ";"DEL07-RJ";"DEL5/7-UOP03/RJ"
241851;2019-10-11;"sexta-feira";"23:20:00";"MG";381;700;"LAVRAS";"Defeito Mecânico no Veículo";"Colisão traseira";"Sem Vítimas";"Plena Noite";"Decrescente";"Céu Claro";"Dupla";"Curva";"Não";4;0;0;0;3;1;0;2;-21,31137883;-45,16451703;"SPRF-MG";"DEL04-MG";"UOP02-DEL04-MG"
241857;2019-10-12;"sábado";"07:50:00";"SE";101;106,2;"SAO CRISTOVAO";"Falta de Atenção à Condução";"Colisão lateral";"Sem Vítimas";"Pleno dia";"Crescente";"Céu Claro";"Dupla";"Reta";"Não";3;0;0;0;2;1;0;3;-10,95841469;-37,24489601;"SPRF-SE";"DEL02-SE";"UOP01-DEL02-SE"
241858;2019-10-04;"sexta-feira";"22:20:00";"PR";376;186;"SARANDI";"Falta de Atenção à Condução";"Colisão transversal";"Com Vítimas Feridas";"Plena Noite";"Decrescente";"Céu Claro";"Dupla";"Aclive;Retorno Regulamentado";"Sim";4;0;2;0;1;2;2;4;-23,45643624;-51,84510713;"SPRF-PR";"DEL07-PR";"UOP01-DEL09-PR"
241860;2019-10-12;"sábado";"08:30:00";"MG";381;919,8;"CAMANDUCAIA";"Velocidade Incompatível";"Colisão traseira";"Com Vítimas Feridas";"Pleno dia";"Decrescente";"Sol";"Dupla";"Aclive";"Não";4;0;1;0;2;1;1;4;-22,7716591;-46,19193618;"SPRF-MG";"DEL16-MG";"UOP03-DEL16-MG"
241863;2019-08-27;"terça-feira";"16:20:00";"MT";70;523;"VARZEA GRANDE";"Falta de Atenção à Condução";"Colisão frontal";"Sem Vítimas";"Pleno dia";"Decrescente";"Sol";"Simples";"Reta";"Sim";2;0;0;0;1;1;0;2;-15,65745231;-56,18940722;"SPRF-MT";"DEL01-MT";"DEL2/4-UOP02/MT"
241878;2019-10-12;"sábado";"09:30:00";"SP";116;98;"PINDAMONHANGABA";"Falta de Atenção à Condução";"Colisão lateral";"Com Vítimas Feridas";"Pleno dia";"Decrescente";"Sol";"Dupla";"Reta";"Não";2;0;1;0;0;1;1;2;-22,97805164;-45,45583318;"SPRF-SP";"DEL06-SP";"UOP01-DEL06-SP"
241882;2019-10-12;"sábado";"09:45:00";"RJ";101;322;"NITEROI";"Falta de Atenção à Condução";"Colisão lateral";"Com Vítimas Feridas";"Pleno dia";"Crescente";"Céu Claro";"Simples";"Curva";"Não";3;0;2;0;1;0;2;2;-22,878923;-43,110676;"SPRF-RJ";"DEL02-RJ";"UOP02-DEL02-RJ"
241886;2019-10-12;"sábado";"10:00:00";"PI";343;342,6;"TERESINA";"Condutor Dormindo";"Colisão lateral";"Sem Vítimas";"Pleno dia";"Crescente";"Céu Claro";"Simples";"Reta";"Sim";2;0;0;0;2;0;0;2;-5,08284;-42,750385;"SPRF-PI";"DEL01-PI";"UOP01-DEL01-PI"
241889;2019-10-12;"sábado";"09:00:00";"BA";242;441;"SEABRA";"Ultrapassagem Indevida";"Colisão traseira";"Com Vítimas Feridas";"Pleno dia";"Crescente";"Céu Claro";"Simples";"Reta";"Não";5;0;1;0;4;0;1;2;-12,42394405;-41,98984495;"SPRF-BA";"DEL06-BA";"UOP01-DEL06-BA"
241890;2019-10-12;"sábado";"08:50:00";"MG";50;17;"ARAGUARI";"Velocidade Incompatível";"Tombamento";"Com Vítimas Feridas";"Pleno dia";"Decrescente";"Sol";"Dupla";"Curva";"Não";2;0;1;0;0;2;1;3;-18,56358502;-48,05639606;"SPRF-MG";"DEL15-MG";"UOP02-DEL15-MG"
241894;2019-10-12;"sábado";"10:38:00";"SP";116;110,4;"TAUBATE";"Não guardar distância de segurança";"Colisão traseira";"Com Vítimas Feridas";"Pleno dia";"Decrescente";"Céu Claro";"Dupla";"Reta";"Sim";3;0;0;1;1;1;1;3;-23,03412614;-45,5526999;"SPRF-SP";"DEL06-SP";"UOP01-DEL06-SP"
241901;2019-10-12;"sábado";"09:30:00";"SC";282;488,1;"FAXINAL DOS GUEDES";"Velocidade Incompatível";"Tombamento";"Com Vítimas Feridas";"Pleno dia";"Decrescente";"Céu Claro";"Simples";"Rotatória";"Sim";2;0;1;0;0;1;1;2;-26,85758137;-52,26199692;"SPRF-SC";"DEL07-SC";"UOP01-DEL07-SC"
241906;2019-10-12;"sábado";"13:15:00";"TO";153;453;"BARROLANDIA";"Falta de Atenção à Condução";"Colisão lateral";"Sem Vítimas";"Pleno dia";"Crescente";"Sol";"Simples";"Reta";"Não";5;0;0;0;1;4;0;4;-9,85275002;-48,72205666;"SPRF-TO";"DEL02-TO";"UOP01-DEL01-TO"
241907;2019-10-12;"sábado";"13:20:00";"PE";101;44;"IGARASSU";"Não guardar distância de segurança";"Colisão traseira";"Com Vítimas Feridas";"Pleno dia";"Crescente";"Sol";"Múltipla";"Reta";"Sim";3;0;1;0;2;0;1;2;-7,85637001;-34,90842109;"SPRF-PE";"DEL01-PE";"UOP02-DEL01-PE"
241911;2019-10-12;"sábado";"13:30:00";"RJ";116;293,3;"BARRA MANSA";"Mal Súbito";"Colisão frontal";"Com Vítimas Fatais";"Pleno dia";"Decrescente";"Céu Claro";"Dupla";"Reta";"Não";6;6;0;0;0;0;0;2;-22,45159593;-44,32748795;"SPRF-RJ";"DEL07-RJ";"DEL5/7-UOP03/RJ"
241912;2019-10-12;"sábado";"12:35:00";"MT";364;58,3;"ALTO GARCAS";"Falta de Atenção à Condução";"Colisão lateral";"Com Vítimas Feridas";"Pleno dia";"Crescente";"Céu Claro";"Simples";"Declive";"Sim";4;0;1;0;2;2;1;4;-16,93623873;-53,53436782;"SPRF-MT";"DEL02-MT";"UOP02-DEL02-MT"
241927;2019-10-11;"sexta-feira";"20:30:00";"MT";174;137;"GLORIA DOESTE";"Agressão Externa";"Colisão com objeto em movimento";"Com Vítimas Feridas";"Plena Noite";"Decrescente";"Céu Claro";"Simples";"Reta";"Não";3;0;1;0;1;1;1;3;-15,82803709;-58,17973101;"SPRF-MT";"DEL03-MT";"UOP01-DEL03-MT"
241932;2019-10-12;"sábado";"16:00:00";"GO";40;4;"VALPARAISO DE GOIAS";"Não guardar distância de segurança";"Atropelamento de Pedestre";"Com Vítimas Feridas";"Pleno dia";"Crescente";"Céu Claro";"Dupla";"Curva";"Sim";5;0;1;1;3;0;2;2;-16,085241;-47,986752;"SPRF-DF";"DEL01-DF";"UOP01-DEL01-DF"
241944;2019-10-12;"sábado";"16:10:00";"SC";101;58;"ARAQUARI";"Falta de Atenção à Condução";"Colisão traseira";"Com Vítimas Feridas";"Pleno dia";"Crescente";"Sol";"Múltipla";"Curva";"Não";5;0;2;0;2;1;2;3;-26,44025049;-48,80129043;"SPRF-SC";"DEL03-SC";"UOP02-DEL03-SC"
241953;2019-10-12;"sábado";"16:30:00";"MT";364;342;"SANTO ANTONIO DO LEVERGER";"Defeito Mecânico no Veículo";"Incêndio";"Sem Vítimas";"Pleno dia";"Decrescente";"Céu Claro";"Dupla";"Aclive";"Não";2;0;0;0;1;1;0;2;-15,82665672;-55,5089038;"SPRF-MT";"DEL02-MT";"UOP02-DEL01-MT"
241954;2019-10-12;"sábado";"09:00:00";"AM";174;1046;"PRESIDENTE FIGUEIREDO";"Defeito Mecânico no Veículo";"Saída de leito carroçável";"Sem Vítimas";"Pleno dia";"Crescente";"Sol";"Simples";"Reta";"Não";2;0;0;0;1;1;0;2;-1,6138581;-60,1994982;"SPRF-AM";"DEL01-AM";"UOP02-DEL01-AM"
241958;2019-10-12;"sábado";"18:50:00";"PR";277;30,1;"MORRETES";"Falta de Atenção do Pedestre";"Atropelamento de Pedestre";"Com Vítimas Fatais";"Plena Noite";"Crescente";"Céu Claro";"Dupla";"Reta";"Não";3;1;0;0;1;1;0;3;-25,52874613;-48,73512603;"SPRF-PR";"DEL01-PR";"UOP05-DEL01-PR"
241961;2019-10-12;"sábado";"18:40:00";"MG";381;485,7;"BETIM";"Falta de Atenção à Condução";"Colisão lateral";"Com Vítimas Feridas";"Plena Noite";"Crescente";"Céu Claro";"Dupla";"Interseção de Vias;Reta";"Sim";3;0;1;0;1;1;1;3;-19,95659361;-44,12622893;"SPRF-MG";"DEL01-MG";"UOP03-DEL01-MG"
241967;2019-10-12;"sábado";"18:40:00";"PI";316;404,8;"MARCOLANDIA";"Falta de Atenção à Condução";"Colisão transversal";"Com Vítimas Fatais";"Plena Noite";"Decrescente";"Céu Claro";"Simples";"Reta";"Não";3;1;0;1;1;0;1;2;-7,37493007;-40,75381412;"SPRF-PI";"DEL04-PI";"UOP03-DEL04-PI"
241976;2019-10-12;"sábado";"18:50:00";"PR";376;11;"MARINGA";"Falta de Atenção à Condução";"Colisão traseira";"Com Vítimas Feridas";"Plena Noite";"Decrescente";"Céu Claro";"Dupla";"Reta";"Sim";3;0;1;0;1;1;1;3;-23,4273;-51,9375;"SPRF-PR";"DEL07-PR";"UOP01-DEL09-PR"
241978;2019-10-12;"sábado";"15:50:00";"SP";116;22;"LAVRINHAS";"Velocidade Incompatível";"Tombamento";"Com Vítimas Feridas";"Pleno dia";"Crescente";"Sol";"Dupla";"Curva";"Não";2;0;1;0;0;1;1;2;-22,58368521;-44,87772952;"SPRF-SP";"DEL08-SP";"UOP02-DEL08-SP"
241980;2019-10-12;"sábado";"18:30:00";"PI";343;589;"FLORIANO";"Ingestão de Álcool";"Colisão transversal";"Sem Vítimas";"Plena Noite";"Crescente";"Céu Claro";"Simples";"Reta";"Sim";2;0;0;0;1;1;0;2;-6,776695;-43,009346;"SPRF-PI";"DEL03-PI";"UOP01-DEL03-PI"
241981;2019-10-12;"sábado";"16:15:00";"RJ";393;199,2;"PARAIBA DO SUL";"Falta de Atenção à Condução";"Saída de leito carroçável";"Com Vítimas Feridas";"Pleno dia";"Crescente";"Céu Claro";"Simples";"Declive";"Não";2;0;1;0;0;1;1;2;-22,17680326;-43,33851681;"SPRF-RJ";"DEL05-RJ";"UOP03-DEL05-RJ"
241995;2019-10-12;"sábado";"20:15:00";"PE";101;66;"RECIFE";"Mal Súbito";"Colisão lateral";"Com Vítimas Feridas";"Plena Noite";"Decrescente";"Nublado";"Múltipla";"Reta";"Sim";2;0;0;1;0;1;1;2;-8,03368534;-34,94184125;"SPRF-PE";"DEL01-PE";"UOP01-DEL01-PE"
241996;2019-10-12;"sábado";"18:20:00";"MT";364;181,3;"PEDRA PRETA";"Falta de Atenção à Condução";"Colisão frontal";"Com Vítimas Feridas";"Plena Noite";"Crescente";"Nublado";"Simples";"Aclive";"Não";3;0;1;0;1;1;1;3;-16,59921601;-54,50078901;"SPRF-MT";"DEL02-MT";"UOP01-DEL02-MT"
241998;2019-10-12;"sábado";"18:40:00";"PE";116;28,9;"SALGUEIRO";"Ingestão de Álcool";"Colisão traseira";"Com Vítimas Feridas";"Plena Noite";"Decrescente";"Céu Claro";"Simples";"Aclive";"Não";3;0;1;0;0;2;1;3;-8,086088;-39,126305;"SPRF-PE";"DEL05-PE";"UOP01-DEL05-PE"
242007;2019-10-12;"sábado";"21:00:00";"AL";316;91;"SANTANA DO IPANEMA";"Objeto estático sobre o leito carroçável";"Colisão com objeto estático";"Com Vítimas Feridas";"Plena Noite";"Decrescente";"Céu Claro";"Simples";"Curva";"Não";3;0;1;1;0;1;2;2;-9,38921193;-37,19778405;"SPRF-AL";"DEL03-AL";"UOP02-DEL03-AL"
242011;2019-10-12;"sábado";"18:40:00";"PA";230;114;"MARABA";"Ingestão de Álcool";"Colisão traseira";"Com Vítimas Feridas";"Anoitecer";"Decrescente";"Nublado";"Dupla";"Reta";"Sim";5;0;1;1;1;2;2;3;-5,36466678;-49,06623294;"SPRF-PA";"DEL03-PA";"UOP01-DEL03-PA"
242026;2019-10-12;"sábado";"22:20:00";"BA";116;849;"VITORIA DA CONQUISTA";"Ultrapassagem Indevida";"Tombamento";"Sem Vítimas";"Plena Noite";"Decrescente";"Céu Claro";"Simples";"Curva";"Não";2;0;0;0;1;1;0;2;-15,05116;-40,97685;"SPRF-BA";"DEL08-BA";"UOP03-DEL08-BA"
242034;2019-10-12;"sábado";"17:17:00";"MG";365;262;"JOAO PINHEIRO";"Falta de Atenção à Condução";"Tombamento";"Sem Vítimas";"Plena Noite";"Decrescente";"Céu Claro";"Simples";"Reta";"Não";2;0;0;0;1;3;0;4;-17,88005786;-45,53451322;"SPRF-MG";"DEL14-MG";"UOP02-DEL14-MG"
242038;2019-10-12;"sábado";"23:10:00";"MT";364;278;"JACIARA";"Falta de Atenção à Condução";"Saída de leito carroçável";"Com Vítimas Feridas";"Plena Noite";"Decrescente";"Ignorado";"Dupla";"Aclive";"Não";1;0;1;0;0;0;1;1;-15,94550399;-55,00613199;"SPRF-MT";"DEL02-MT";"UOP02-DEL05-MT"
242039;2019-10-12;"sábado";"23:00:00";"SP";116;211;"GUARULHOS";"Desobediência às normas de trânsito pelo condutor";"Colisão traseira";"Com Vítimas Feridas";"Plena Noite";"Crescente";"Céu Claro";"Múltipla";"Declive";"Sim";6;0;1;0;4;1;1;6;-23,4324306;-46,4194352;"SPRF-SP";"DEL01-SP";"UOP01-DEL01-SP"
242040;2019-10-12;"sábado";"17:40:00";"MA";135;99;"ITAPECURU MIRIM";"Falta de Atenção à Condução";"Saída de leito carroçável";"Com Vítimas Feridas";"Anoitecer";"Crescente";"Céu Claro";"Simples";"Reta";"Não";2;0;0;1;0;1;1;2;-3,35516577;-44,46633026;"SPRF-MA";"DEL01-MA";"UOP02-DEL01-MA"
242042;2019-10-12;"sábado";"22:30:00";"AL";104;72,9;"MESSIAS";"Desobediência às normas de trânsito pelo condutor";"Colisão traseira";"Com Vítimas Feridas";"Plena Noite";"Decrescente";"Céu Claro";"Simples";"Curva";"Não";5;0;1;1;1;2;2;4;-9,36295794;-35,84986962;"SPRF-AL";"DEL01-AL";"UOP02-DEL01-AL"
242051;2019-10-12;"sábado";"19:00:00";"PI";135;555;"CORRENTE";"Falta de Atenção à Condução";"Colisão traseira";"Com Vítimas Feridas";"Plena Noite";"Crescente";"Céu Claro";"Simples";"Reta";"Não";3;0;1;0;1;1;1;3;-10,13468727;-45,2085483;"SPRF-PI";"DEL03-PI";"UOP02-DEL03-PI"
242068;2019-10-13;"domingo";"05:25:00";"AL";101;232,7;"PORTO REAL DO COLEGIO";"Condutor Dormindo";"Saída de leito carroçável";"Com Vítimas Feridas";"Amanhecer";"Decrescente";"Céu Claro";"Dupla";"Reta";"Não";2;0;1;0;0;1;1;2;-10,11385696;-36,75097198;"SPRF-AL";"DEL02-AL";"UOP02-DEL02-AL"
242069;2019-10-13;"domingo";"04:00:00";"MT";163;1109;"GUARANTA DO NORTE";"Velocidade Incompatível";"Tombamento";"Com Vítimas Feridas";"Amanhecer";"Crescente";"Céu Claro";"Simples";"Curva;Aclive";"Não";2;0;0;1;0;3;1;4;-9,600887;-54,884653;"SPRF-MT";"DEL06-MT";"UOP02-DEL06-MT"
242090;2019-10-13;"domingo";"08:20:00";"BA";101;690,6;"ITAGIMIRIM";"Velocidade Incompatível";"Tombamento";"Com Vítimas Feridas";"Pleno dia";"Decrescente";"Sol";"Simples";"Curva;Aclive";"Não";1;0;1;0;0;0;1;1;-16,17247281;-39,59472656;"SPRF-BA";"DEL09-BA";"UOP01-DEL09-BA"
242091;2019-10-13;"domingo";"08:30:00";"TO";153;361;"FORTALEZA DO TABOCAO";"Defeito Mecânico no Veículo";"Saída de leito carroçável";"Com Vítimas Feridas";"Pleno dia";"Decrescente";"Sol";"Simples";"Reta";"Sim";1;0;1;0;0;0;1;1;-9,07314401;-48,52213697;"SPRF-TO";"DEL02-TO";"UOP02-DEL02-TO"
242097;2019-10-13;"domingo";"10:20:00";"SE";101;60;"ROSARIO DO CATETE";"Falta de Atenção à Condução";"Colisão traseira";"Com Vítimas Feridas";"Pleno dia";"Crescente";"Céu Claro";"Simples";"Em Obras";"Não";2;0;1;0;1;0;1;2;-10,66837498;-37,02884995;"SPRF-SE";"DEL02-SE";"UOP02-DEL02-SE"
242103;2019-10-13;"domingo";"10:30:00";"MG";262;398;"PARA DE MINAS";"Ingestão de Álcool";"Saída de leito carroçável";"Com Vítimas Feridas";"Pleno dia";"Crescente";"Céu Claro";"Dupla";"Reta";"Não";2;0;1;0;0;2;1;3;-19,90299685;-44,524329;"SPRF-MG";"DEL01-MG";"UOP03-DEL01-MG"
242111;2019-10-13;"domingo";"11:25:00";"MA";222;666;"ACAILANDIA";"Não guardar distância de segurança";"Queda de ocupante de veículo";"Com Vítimas Feridas";"Pleno dia";"Decrescente";"Céu Claro";"Simples";"Aclive";"Sim";2;0;0;1;0;1;1;2;-4,89816069;-47,39197619;"SPRF-MA";"DEL04-MA";"UOP03-DEL04-MA"
242120;2019-10-13;"domingo";"13:00:00";"AL";104;87,5;"RIO LARGO";"Falta de Atenção à Condução";"Colisão transversal";"Com Vítimas Fatais";"Pleno dia";"Decrescente";"Céu Claro";"Dupla";"Reta";"Sim";3;2;0;0;0;1;0;2;-9,56621973;-35,77766418;"SPRF-AL";"DEL01-AL";"UOP01-DEL01-AL"
242124;2019-09-28;"sábado";"06:05:00";"MG";381;753,2;"TRES CORACOES";"Falta de Atenção à Condução";"Saída de leito carroçável";"Com Vítimas Feridas";"Pleno dia";"Decrescente";"Céu Claro";"Dupla";"Curva";"Sim";6;0;0;2;2;3;2;6;-21,67856574;-45,34113742;"SPRF-MG";"DEL16-MG";"UOP02-DEL16-MG"
242126;2019-10-13;"domingo";"12:45:00";"MG";116;636,4;"DIVINO";"Velocidade Incompatível";"Tombamento";"Com Vítimas Feridas";"Pleno dia";"Crescente";"Céu Claro";"Simples";"Curva";"Não";2;0;1;0;0;1;1;2;-20,6269077;-42,22298361;"SPRF-MG";"DEL07-MG";"UOP03-DEL07-MG"
242127;2019-10-13;"domingo";"13:00:00";"MT";70;4;"BARRA DO GARCAS";"Falta de Atenção à Condução";"Colisão lateral";"Sem Vítimas";"Pleno dia";"Crescente";"Sol";"Dupla";"Reta";"Sim";3;0;0;0;2;3;0;5;-15,87907036;-52,28563311;"SPRF-MT";"DEL07-MT";"UOP01-DEL07-MT"
242128;2019-10-13;"domingo";"11:00:00";"SC";101;137;"BALNEARIO CAMBORIU";"Restrição de Visibilidade";"Colisão traseira";"Com Vítimas Feridas";"Pleno dia";"Decrescente";"Céu Claro";"Múltipla";"Reta";"Não";4;0;2;0;2;0;2;2;-27,0157238;-48,61192763;"SPRF-SC";"DEL04-SC";"UOP03-DEL04-SC"
242136;2019-10-13;"domingo";"12:25:00";"PE";232;43;"VITORIA DE SANTO ANTAO";"Falta de Atenção à Condução";"Tombamento";"Sem Vítimas";"Pleno dia";"Crescente";"Céu Claro";"Dupla";"Reta";"Não";2;0;0;0;1;2;0;3;-8,11729755;-35,26097515;"SPRF-PE";"DEL01-PE";"UOP02-DEL02PE"
242137;2019-10-13;"domingo";"14:45:00";"RJ";101;538;"PARATY";"Falta de Atenção à Condução";"Colisão traseira";"Com Vítimas Feridas";"Pleno dia";"Crescente";"Céu Claro";"Simples";"Reta";"Sim";3;0;2;0;1;0;2;2;-23,04729312;-44,57716888;"SPRF-RJ";"DEL03-RJ";"UOP02-DEL03-RJ"
242144;2019-10-13;"domingo";"15:30:00";"MG";381;567;"ITAGUARA";"Velocidade Incompatível";"Tombamento";"Com Vítimas Feridas";"Pleno dia";"Crescente";"Céu Claro";"Dupla";"Curva";"Não";1;0;1;0;0;0;1;1;-20,42174833;-44,53677185;"SPRF-MG";"DEL04-MG";"UOP03-DEL04-MG"
242145;2019-10-13;"domingo";"15:30:00";"ES";101;426,8;"ATILIO VIVACQUA";"Velocidade Incompatível";"Tombamento";"Com Vítimas Feridas";"Pleno dia";"Crescente";"Céu Claro";"Dupla";"Curva";"Não";1;0;1;0;0;0;1;1;-21,00770847;-41,13888973;"SPRF-ES";"DEL03-ES";"UOP02-DEL03-ES"
242162;2019-10-13;"domingo";"16:30:00";"RJ";493;5;"ITABORAI";"Falta de Atenção à Condução";"Saída de leito carroçável";"Sem Vítimas";"Pleno dia";"Crescente";"Céu Claro";"Simples";"Curva";"Sim";1;0;0;0;0;1;0;1;-22,73998606;-42,95374823;"SPRF-RJ";"DEL02-RJ";"UOP02-DEL02-RJ"
242174;2019-10-13;"domingo";"16:50:00";"ES";101;370,5;"ICONHA";"Falta de Atenção à Condução";"Colisão transversal";"Com Vítimas Feridas";"Pleno dia";"Decrescente";"Céu Claro";"Simples";"Reta";"Não";3;0;0;1;1;1;1;3;-20,77105703;-40,76335615;"SPRF-ES";"DEL03-ES";"UOP01-DEL03-ES"
242178;2019-10-13;"domingo";"17:40:00";"PR";277;504,2;"GUARANIACU";"Pista Escorregadia";"Saída de leito carroçável";"Com Vítimas Feridas";"Pleno dia";"Decrescente";"Chuva";"Simples";"Curva";"Não";2;0;0;1;0;1;1;2;-25,14324156;-52,70593386;"SPRF-PR";"DEL04-PR";"UOP04-DEL04-PR"