"id";"data_inversa";"dia_semana";"horario";"uf";"br";"km";"municipio";"causa_acidente";"tipo_acidente";"classificacao_acidente";"fase_dia";"sentido_via";"condicao_metereologica";"tipo_pista";"tracado_via";"uso_solo";"pessoas";"mortos";"feridos_leves";"feridos_graves";"ilesos";"ignorados";"feridos";"veiculos";"latitude";"longitude";"regional";"delegacia";"uop"
242851;2019-10-16;"quarta-feira";"16:00:00";"SC";470;184,5;"POUSO REDONDO";"Velocidade Incompatível";"Colisão frontal";"Com Vítimas Fatais";"Pleno dia";"Crescente";"Chuva";"Simples";"Reta";"Não";4;1;1;0;1;1;1;3;-27,25407423;-50,03217012;"SPRF-SC";"DEL04-SC";"UOP02-DEL04-SC"
242853;2019-10-16;"quarta-feira";"18:30:00";"PI";343;593;"FLORIANO";"Falta de Atenção à Condução";"Colisão lateral";"Com Vítimas Feridas";"Plena Noite";"Decrescente";"Céu Claro";"Simples";"Interseção de Vias";"Sim";5;0;1;0;3;2;1;4;-6,781913;-43,038273;"SPRF-PI";"DEL03-PI";"UOP01-DEL03-PI"
242856;2019-10-16;"quarta-feira";"19:25:00";"MG";251;516,1;"MONTES CLAROS";"Desobediência às normas de trânsito pelo condutor";"Colisão transversal";"Com Vítimas Feridas";"Anoitecer";"Crescente";"Céu Claro";"Simples";"Reta";"Não";6;0;2;0;3;1;2;3;-16,6540882;-43,7178806;"SPRF-MG";"DEL12-MG";"UOP01-DEL12-MG"
242859;2019-10-16;"quarta-feira";"20:00:00";"BA";101;749,1;"ITABELA";"Desobediência às normas de trânsito pelo condutor";"Colisão frontal";"Com Vítimas Feridas";"Plena Noite";"Crescente";"Céu Claro";"Simples";"Reta";"Não";4;0;0;1;1;2;1;4;-16,75610194;-39,45892725;"SPRF-BA";"DEL09-BA";"UOP01-DEL09-BA"
242862;2019-10-16;"quarta-feira";"17:55:00";"PR";153;239,9;"TIBAGI";"Velocidade Incompatível";"Saída de leito carroçável";"Com Vítimas Feridas";"Pleno dia";"Decrescente";"Céu Claro";"Simples";"Curva";"Não";2;0;1;0;0;3;1;4;-24,76604886;-50,46875267;"SPRF-PR";"DEL03-PR";"UOP02-DEL03-PR"
242863;2019-10-16;"quarta-feira";"16:00:00";"MG";50;48,3;"ARAGUARI";"Velocidade Incompatível";"Tombamento";"Sem Vítimas";"Pleno dia";"Crescente";"Sol";"Dupla";"Curva;Declive";"Não";3;0;0;0;2;3;0;5;-18,73203707;-48,21288207;"SPRF-MG";"DEL15-MG";"UOP02-DEL15-MG"
242869;2019-10-16;"quarta-feira";"21:00:00";"MG";251;522;"MONTES CLAROS";"Ultrapassagem Indevida";"Colisão frontal";"Com Vítimas Feridas";"Plena Noite";"Crescente";"Céu Claro";"Simples";"Aclive";"Não";3;0;2;0;1;0;2;3;-16,6754567;-43,7987724;"SPRF-MG";"DEL12-MG";"UOP01-DEL12-MG"
242870;2019-10-16;"quarta-feira";"19:40:00";"BA";116;500,3;"SANTA TERESINHA";"Velocidade Incompatível";"Colisão frontal";"Com Vítimas Fatais";"Plena Noite";"Decrescente";"Céu Claro";"Simples";"Reta";"Não";8;2;0;1;4;3;1;8;-12,611256;-39,565639;"SPRF-BA";"DEL03-BA";"UOP02-DEL03-BA"
242871;2019-10-16;"quarta-feira";"20:40:00";"SP";262;319,6;"CASTILHO";"Falta de Atenção à Condução";"Colisão com objeto estático";"Com Vítimas Feridas";"Plena Noite";"Decrescente";"Céu Claro";"Dupla";"Rotatória";"Não";2;0;1;0;0;1;1;2;-20,78520534;-51,59844875;"SPRF-MS";"DEL07-MS";"UOP01-DEL07-MS"
242873;2019-10-16;"quarta-feira";"18:50:00";"PB";101;5;"MATARACA";"Desobediência às normas de trânsito pelo pedestre";"Atropelamento de Pedestre";"Com Vítimas Fatais";"Plena Noite";"Decrescente";"Céu Claro";"Dupla";"Reta";"Não";2;1;0;0;0;1;0;2;-6,54791705;-35,12227696;"SPRF-PB";"DEL01-PB";"UOP04-DEL01-PB"
242874;2019-10-16;"quarta-feira";"19:00:00";"RS";285;203,7;"LAGOA VERMELHA";"Falta de Atenção à Condução";"Tombamento";"Com Vítimas Feridas";"Plena Noite";"Crescente";"Chuva";"Simples";"Interseção de Vias";"Sim";1;0;1;0;0;0;1;1;-28,21174967;-51,56561852;"SPRF-RS";"DEL08-RS";"UOP05-DEL08-RS"
242879;2019-10-16;"quarta-feira";"21:10:00";"MT";163;939;"ITAUBA";"Falta de Atenção à Condução";"Colisão lateral";"Sem Vítimas";"Plena Noite";"Crescente";"Chuva";"Simples";"Aclive";"Não";3;0;0;0;2;2;0;4;-11,09627694;-55,29548909;"SPRF-MT";"DEL06-MT";"UOP02-DEL06-MT"
242884;2019-10-04;"sexta-feira";"13:40:00";"MS";163;6;"MUNDO NOVO";"Desobediência às normas de trânsito pelo condutor";"Colisão com objeto estático";"Com Vítimas Feridas";"Pleno dia";"Decrescente";"Céu Claro";"Dupla";"Reta";"Não";3;0;0;1;1;3;1;5;-24,006155;-54,312016;"SPRF-MS";"DEL09-MS";"UOP02-DEL09-MS"
242888;2019-10-16;"quarta-feira";"21:40:00";"SP";116;516,5;"CAJATI";"Velocidade Incompatível";"Tombamento";"Sem Vítimas";"Plena Noite";"Decrescente";"Chuva";"Dupla";"Curva";"Não";1;0;0;0;1;0;0;1;-24,87423036;-48,2190838;"SPRF-SP";"DEL05-SP";"UAP01-DEL05-SP"
242892;2019-10-16;"quarta-feira";"23:10:00";"MT";364;239;"JUSCIMEIRA";"Falta de Atenção à Condução";"Colisão traseira";"Com Vítimas Feridas";"Plena Noite";"Crescente";"Nublado";"Dupla";"Reta";"Não";3;0;1;0;1;4;1;6;-16,1876524;-54,78578459;"SPRF-MT";"DEL02-MT";"UOP01-DEL02-MT"
242897;2019-10-17;"quinta-feira";"04:10:00";"MS";163;611,6;"SAO GABRIEL DO OESTE";"Desobediência às normas de trânsito pelo condutor";"Colisão traseira";"Com Vítimas Feridas";"Plena Noite";"Decrescente";"Céu Claro";"Simples";"Reta;Declive";"Não";3;0;0;1;1;1;1;3;-19,41883;-54,551371;"SPRF-MS";"DEL06-MS";"UOP02-DEL06-MS"
242898;2019-10-17;"quinta-feira";"06:00:00";"SP";381;9;"VARGEM";"Falta de Atenção à Condução";"Colisão traseira";"Com Vítimas Feridas";"Amanhecer";"Crescente";"Céu Claro";"Dupla";"Reta";"Não";3;0;0;1;1;1;1;3;-22,91848925;-46,43468788;"SPRF-SP";"DEL03-SP";"UOP02-DEL03-SP"
242899;2019-10-16;"quarta-feira";"18:30:00";"MG";381;540,2;"ITATIAIUCU";"Pista Escorregadia";"Engavetamento";"Com Vítimas Feridas";"Anoitecer";"Decrescente";"Céu Claro";"Dupla";"Curva";"Sim";11;0;2;0;8;4;2;12;-20,25145691;-44,41136239;"SPRF-MG";"DEL04-MG";"UOP03-DEL04-MG"
242900;2019-10-16;"quarta-feira";"18:30:00";"MG";381;540,2;"ITATIAIUCU";"Velocidade Incompatível";"Colisão traseira";"Com Vítimas Feridas";"Anoitecer";"Decrescente";"Céu Claro";"Dupla";"Curva";"Sim";5;0;0;1;3;3;1;6;-20,25145691;-44,41136239;"SPRF-MG";"DEL04-MG";"UOP03-DEL04-MG"
242901;2019-10-17;"quinta-feira";"04:30:00";"MT";70;508;"CUIABA";"Ingestão de Álcool";"Colisão traseira";"Com Vítimas Feridas";"Amanhecer";"Crescente";"Céu Claro";"Simples";"Reta";"Sim";2;0;1;0;1;0;1;2;-15,6538904;-55,98982818;"SPRF-MT";"DEL02-MT";"UOP02-DEL01-MT"
242902;2019-10-17;"quinta-feira";"02:45:00";"MG";116;777,5;"LEOPOLDINA";"Velocidade Incompatível";"Saída de leito carroçável";"Com Vítimas Feridas";"Plena Noite";"Decrescente";"Céu Claro";"Simples";"Curva";"Não";1;0;1;0;0;0;1;1;-21,59632074;-42,69196405;"SPRF-MG";"DEL07-MG";"UOP01-DEL07-MG"
242907;2019-10-17;"quinta-feira";"05:00:00";"CE";222;149,4;"IRAUCUBA";"Falta de Atenção à Condução";"Colisão frontal";"Com Vítimas Feridas";"Amanhecer";"Decrescente";"Céu Claro";"Simples";"Reta";"Sim";7;0;4;0;2;1;4;3;-3,7500811;-39,78191501;"SPRF-CE";"DEL04-CE";"UOP03-DEL04-CE"
242908;2019-10-17;"quinta-feira";"05:55:00";"SP";153;141;"PROMISSAO";"Mal Súbito";"Colisão transversal";"Com Vítimas Fatais";"Amanhecer";"Decrescente";"Sol";"Simples";"Interseção de Vias";"Não";3;1;0;0;1;1;0;3;-21,33649697;-49,79200014;"SPRF-SP";"DEL07-SP";"UOP01-DEL07-SP"
242911;2019-06-10;"segunda-feira";"14:30:00";"MG";381;403;"BOM JESUS DO AMPARO";"Falta de Atenção à Condução";"Saída de leito carroçável";"Com Vítimas Feridas";"Pleno dia";"Decrescente";"Céu Claro";"Simples";"Reta";"Não";1;0;1;0;0;0;1;1;-19,75137942;-43,53638096;"SPRF-MG";"DEL01-MG";"UOP01-DEL01-MG"
242922;2019-10-17;"quinta-feira";"07:40:00";"CE";230;74,7;"VARZEA ALEGRE";"Defeito Mecânico no Veículo";"Capotamento";"Com Vítimas Feridas";"Pleno dia";"Crescente";"Céu Claro";"Simples";"Reta";"Não";2;0;0;2;0;0;2;1;-6,7872972;-39,24461797;"SPRF-CE";"DEL05-CE";"UOP01-DEL05-CE"
242926;2019-10-17;"quinta-feira";"07:50:00";"GO";414;439;"ANAPOLIS";"Falta de Atenção à Condução";"Colisão traseira";"Sem Vítimas";"Pleno dia";"Crescente";"Sol";"Simples";"Reta";"Sim";2;0;0;0;2;0;0;2;-16,28128823;-48,94258908;"SPRF-GO";"DEL02-GO";"UOP01-DEL02-GO"
242930;2019-10-17;"quinta-feira";"08:10:00";"MG";381;935,9;"EXTREMA";"Falta de Atenção à Condução";"Engavetamento";"Com Vítimas Feridas";"Pleno dia";"Crescente";"Sol";"Dupla";"Declive";"Sim";8;0;2;0;5;3;2;8;-22,82329661;-46,30805019;"SPRF-MG";"DEL16-MG";"UOP03-DEL16-MG"
242932;2019-10-17;"quinta-feira";"08:50:00";"PI";343;327,6;"TERESINA";"Objeto estático sobre o leito carroçável";"Colisão com objeto em movimento";"Com Vítimas Feridas";"Pleno dia";"Crescente";"Céu Claro";"Simples";"Reta";"Não";2;0;0;1;1;0;1;2;-5,071425;-42,625938;"SPRF-PI";"DEL01-PI";"UOP01-DEL01-PI"
242933;2019-10-17;"quinta-feira";"08:45:00";"TO";153;481,8;"PARAISO DO TOCANTINS";"Falta de Atenção à Condução";"Colisão traseira";"Com Vítimas Feridas";"Pleno dia";"Crescente";"Nublado";"Simples";"Reta";"Não";5;0;2;0;2;1;2;3;-10,06100217;-48,83671193;"SPRF-TO";"DEL02-TO";"UOP01-DEL01-TO"
242936;2019-10-17;"quinta-feira";"08:30:00";"PR";116;114,9;"CURITIBA";"Falta de Atenção à Condução";"Colisão lateral";"Sem Vítimas";"Pleno dia";"Decrescente";"Céu Claro";"Dupla";"Aclive;Interseção de Vias;Reta";"Sim";3;0;0;0;2;2;0;4;-25,54529273;-49,29912155;"SPRF-PR";"DEL01-PR";"UOP06-DEL01-PR"
242942;2019-10-17;"quinta-feira";"10:00:00";"PR";376;40;"NOVA LONDRINA";"Ultrapassagem Indevida";"Colisão com objeto em movimento";"Com Vítimas Feridas";"Pleno dia";"Crescente";"Céu Claro";"Simples";"Reta";"Não";3;0;1;0;1;2;1;4;-22,83810816;-52,98643616;"SPRF-PR";"DEL07-PR";"UOP02-DEL09-PR"
242946;2019-10-17;"quinta-feira";"10:10:00";"SP";153;13,9;"ICEM";"Ingestão de Álcool";"Colisão frontal";"Com Vítimas Feridas";"Pleno dia";"Crescente";"Sol";"Simples";"Declive;Reta";"Não";3;0;0;1;2;0;1;3;-20,41003872;-49,25211016;"SPRF-SP";"DEL09-SP";"UOP01-DEL09-SP"
242947;2019-09-06;"sexta-feira";"11:30:00";"PA";316;58;"CASTANHAL";"Desobediência às normas de trânsito pelo condutor";"Colisão transversal";"Com Vítimas Feridas";"Pleno dia";"Crescente";"Sol";"Dupla";"Reta";"Sim";3;0;1;0;1;1;1;3;-1,29972992;-47,97203779;"SPRF-PA";"DEL01-PA";"UOP01-DEL01-PA"
242948;2019-10-17;"quinta-feira";"09:30:00";"RN";101;156;"CANGUARETAMA";"Falta de Atenção à Condução";"Capotamento";"Com Vítimas Feridas";"Pleno dia";"Decrescente";"Sol";"Múltipla";"Reta";"Não";3;0;2;0;1;0;2;2;-6,34030785;-35,17014672;"SPRF-RN";"DEL01-RN";"UOP01-DEL01-RN"
242949;2019-10-17;"quinta-feira";"09:45:00";"SE";101;43,9;"JAPARATUBA";"Pista Escorregadia";"Colisão traseira";"Com Vítimas Feridas";"Pleno dia";"Decrescente";"Chuva";"Dupla";"Curva;Declive";"Não";2;0;1;0;1;0;1;2;-10,54846808;-36,97133303;"SPRF-SE";"DEL02-SE";"UOP02-DEL02-SE"
242950;2019-10-17;"quinta-feira";"10:18:00";"RJ";101;274;"TANGUA";"Falta de Atenção à Condução";"Colisão traseira";"Sem Vítimas";"Pleno dia";"Decrescente";"Céu Claro";"Dupla";"Desvio Temporário";"Sim";3;0;0;0;2;1;0;3;-22,73506292;-42,71948103;"SPRF-RJ";"DEL02-RJ";"UOP03-DEL02-RJ"
242955;2019-10-17;"quinta-feira";"11:20:00";"MG";40;462;"SETE LAGOAS";"Falta de Atenção à Condução";"Saída de leito carroçável";"Com Vítimas Feridas";"Pleno dia";"Decrescente";"Céu Claro";"Dupla";"Declive";"Não";2;0;1;1;0;0;2;1;-19,4307;-44,3363;"SPRF-MG";"DEL02-MG";"UOP01-DEL02-MG"
242965;2019-09-02;"segunda-feira";"06:40:00";"RJ";116;241,1;"PIRAI";"Velocidade Incompatível";"Colisão traseira";"Com Vítimas Feridas";"Pleno dia";"Decrescente";"Nublado";"Dupla";"Curva";"Sim";14;0;3;1;9;2;4;12;-22,64242197;-43,89766093;"SPRF-RJ";"DEL07-RJ";"UOP01-DEL07-RJ"
242967;2019-10-17;"quinta-feira";"11:00:00";"GO";452;37,9;"SANTA HELENA DE GOIAS";"Objeto estático sobre o leito carroçável";"Saída de leito carroçável";"Com Vítimas Feridas";"Pleno dia";"Decrescente";"Céu Claro";"Simples";"Reta";"Não";3;0;3;0;0;0;3;3;-17,91735752;-50,58309079;"SPRF-GO";"DEL04-GO";"UOP01-DEL04-GO"
242968;2019-10-17;"quinta-feira";"10:45:00";"MA";316;250;"BOM JARDIM";"Desobediência às normas de trânsito pelo condutor";"Colisão traseira";"Com Vítimas Feridas";"Pleno dia";"Decrescente";"Céu Claro";"Simples";"Curva";"Não";6;0;0;4;2;0;4;2;-3,654055;-45,475929;"SPRF-MA";"DEL02-MA";"UI04-DEL02-MA"
242975;2019-10-17;"quinta-feira";"14:10:00";"SC";101;206,5;"SAO JOSE";"Falta de Atenção à Condução";"Colisão lateral";"Com Vítimas Feridas";"Pleno dia";"Crescente";"Nublado";"Múltipla";"Reta";"Sim";2;0;1;0;1;0;1;2;-27,59193546;-48,61824557;"SPRF-SC";"DEL01-SC";"UOP01-DEL01-SC"
242977;2019-10-17;"quinta-feira";"11:27:00";"SC";163;67;"SAO MIGUEL DO OESTE";"Falta de Atenção à Condução";"Colisão lateral";"Com Vítimas Feridas";"Pleno dia";"Crescente";"Céu Claro";"Dupla";"Reta";"Sim";2;0;0;1;0;1;1;2;-26,759436;-53,50055292;"SPRF-SC";"DEL07-SC";"UOP03-DEL07-SC"
242987;2019-09-27;"sexta-feira";"23:00:00";"PR";376;590;"CURITIBA";"Falta de Atenção à Condução";"Colisão traseira";"Com Vítimas Feridas";"Plena Noite";"Decrescente";"Céu Claro";"Dupla";"Reta";"Sim";4;0;2;0;1;3;2;5;-25,45155592;-49,36237578;"SPRF-PR";"DEL01-PR";"UOP06-DEL01-PR"
243000;2019-10-17;"quinta-feira";"16:00:00";"PR";476;142;"CURITIBA";"Falta de Atenção à Condução";"Colisão lateral";"Com Vítimas Feridas";"Pleno dia";"Crescente";"Sol";"Dupla";"Reta";"Sim";3;0;1;0;1;1;1;3;-25,537161;-49,301632;"SPRF-PR";"DEL01-PR";"UOP03-DEL01-PR"
243001;2019-10-17;"quinta-feira";"16:10:00";"SP";116;279;"EMBU DAS ARTES";"Desobediência às normas de trânsito pelo condutor";"Saída de leito carroçável";"Com Vítimas Feridas";"Pleno dia";"Crescente";"Céu Claro";"Dupla";"Curva";"Sim";3;0;1;0;2;0;1;2;-23,66233697;-46,85292907;"SPRF-SP";"DEL04-SP";"UOP01-DEL04-SP"
243003;2019-10-17;"quinta-feira";"16:20:00";"MG";146;579,2;"BOTELHOS";"Condutor Dormindo";"Colisão traseira";"Com Vítimas Feridas";"Pleno dia";"Crescente";"Céu Claro";"Simples";"Reta";"Não";4;0;1;1;2;0;2;2;-21,62250604;-46,40961333;"SPRF-MG";"DEL16-MG";"UOP01-DEL09-MG"
243005;2019-10-17;"quinta-feira";"13:50:00";"MG";40;128,6;"JOAO PINHEIRO";"Falta de Atenção à Condução";"Tombamento";"Com Vítimas Feridas";"Pleno dia";"Decrescente";"Céu Claro";"Simples";"Reta";"Não";1;0;1;0;0;0;1;1;-17,70131701;-46,303719;"SPRF-MG";"DEL14-MG";"UOP01-DEL14-MG"
243006;2019-10-17;"quinta-feira";"15:30:00";"SC";101;314;"LAGUNA";"Desobediência às normas de trânsito pelo condutor";"Colisão lateral";"Com Vítimas Feridas";"Pleno dia";"Crescente";"Nublado";"Dupla";"Reta";"Não";2;0;1;0;1;0;1;2;-28,44043981;-48,82497095;"SPRF-SC";"DEL02-SC";"UOP01-DEL02-SC"
243007;2019-10-17;"quinta-feira";"13:50:00";"PR";163;184;"SANTA TEREZA DO OESTE";"Falta de Atenção à Condução";"Tombamento";"Com Vítimas Feridas";"Pleno dia";"Crescente";"Céu Claro";"Dupla";"Reta";"Não";2;0;0;1;0;1;1;2;-25,12435324;-53,5873121;"SPRF-PR";"DEL04-PR";"UOP05-DEL05-PR"
243009;2019-10-17;"quinta-feira";"15:40:00";"RS";290;192,6;"RIO PARDO";"Condutor Dormindo";"Colisão com objeto estático";"Sem Vítimas";"Pleno dia";"Decrescente";"Chuva";"Simples";"Ponte";"Não";1;0;0;0;1;0;0;1;-30,16264217;-52,14935303;"SPRF-RS";"DEL02-RS";"UOP02-DEL02-RS"
243025;2019-10-17;"quinta-feira";"18:25:00";"ES";101;138,4;"LINHARES";"Desobediência às normas de trânsito pelo condutor";"Tombamento";"Com Vítimas Feridas";"Plena Noite";"Decrescente";"Céu Claro";"Simples";"Reta";"Não";3;0;0;2;0;1;2;2;-19,30186109;-40,08371726;"SPRF-ES";"DEL04-ES";"UOP01-DEL04-ES"
243028;2019-10-17;"quinta-feira";"10:30:00";"AM";174;1046;"PRESIDENTE FIGUEIREDO";"Falta de Atenção à Condução";"Saída de leito carroçável";"Sem Vítimas";"Pleno dia";"Crescente";"Nublado";"Simples";"Declive;Reta";"Não";2;0;0;0;2;0;0;1;-1,6138581;-60,1994982;"SPRF-AM";"DEL01-AM";"UOP02-DEL01-AM"
243038;2019-10-17;"quinta-feira";"20:30:00";"SP";381;5;"VARGEM";"Falta de Atenção à Condução";"Colisão traseira";"Sem Vítimas";"Plena Noite";"Decrescente";"Céu Claro";"Dupla";"Reta";"Não";3;0;0;0;3;0;0;2;-22,88993723;-46,41305958;"SPRF-SP";"DEL03-SP";"UOP02-DEL03-SP"
243039;2019-08-22;"quinta-feira";"17:20:00";"BA";324;614;"SIMOES FILHO";"Defeito Mecânico no Veículo";"Incêndio";"Sem Vítimas";"Pleno dia";"Decrescente";"Céu Claro";"Dupla";"Reta";"Sim";1;0;0;0;1;0;0;1;-12,86772546;-38,42468999;"SPRF-BA";"DEL01-BA";"UOP01-DEL01-BA"
243048;2019-10-17;"quinta-feira";"19:20:00";"MG";40;467;"SETE LAGOAS";"Falta de Atenção à Condução";"Colisão traseira";"Com Vítimas Feridas";"Plena Noite";"Crescente";"Céu Claro";"Dupla";"Reta";"Sim";3;0;1;0;2;0;1;2;-19,4542;-44,3119;"SPRF-MG";"DEL02-MG";"UOP01-DEL02-MG"
243062;2019-10-17;"quinta-feira";"20:30:00";"MG";262;467;"BOM DESPACHO";"Desobediência às normas de trânsito pelo condutor";"Colisão lateral";"Sem Vítimas";"Plena Noite";"Crescente";"Céu Claro";"Simples";"Curva";"Não";4;0;0;0;3;2;0;5;-19,79900727;-45,14183914;"SPRF-MG";"DEL08-MG";"UOP03-DEL08-MG"
243063;2019-10-17;"quinta-feira";"23:05:00";"MS";262;132,9;"AGUA CLARA";"Ultrapassagem Indevida";"Colisão frontal";"Com Vítimas Fatais";"Plena Noite";"Decrescente";"Nublado";"Simples";"Declive";"Não";6;1;2;0;0;3;2;4;-20,48529306;-52,78613801;"SPRF-MS";"DEL07-MS";"UOP02-DEL07-MS"
243064;2019-10-17;"quinta-feira";"19:15:00";"SC";116;69,9;"MONTE CASTELO";"Falta de Atenção do Pedestre";"Atropelamento de Pedestre";"Com Vítimas Fatais";"Plena Noite";"Decrescente";"Chuva";"Simples";"Reta";"Não";2;1;0;0;1;0;0;2;-26,46036818;-50,22889671;"SPRF-SC";"DEL06-SC";"UOP02-DEL06-SC"
243073;2019-10-17;"quinta-feira";"20:00:00";"PE";408;72,5;"PAUDALHO";"Velocidade Incompatível";"Saída de leito carroçável";"Sem Vítimas";"Plena Noite";"Crescente";"Céu Claro";"Dupla";"Declive";"Sim";1;0;0;0;1;0;0;1;-7,88298505;-35,18197309;"SPRF-PE";"DEL01-PE";"UOP01-DEL01-PE"
243074;2019-09-29;"domingo";"11:15:00";"MA";135;190;"SAO MATEUS DO MARANHAO";"Falta de Atenção à Condução";"Colisão frontal";"Com Vítimas Fatais";"Pleno dia";"Decrescente";"Céu Claro";"Simples";"Reta";"Não";3;1;0;0;1;1;0;3;-4,10940899;-44,47204083;"SPRF-MA";"DEL03-MA";"UOP01-DEL03-MA"
243076;2019-10-17;"quinta-feira";"21:30:00";"RS";470;12,1;"BARRACAO";"Desobediência às normas de trânsito pelo condutor";"Saída de leito carroçável";"Sem Vítimas";"Plena Noite";"Crescente";"Chuva";"Simples";"Reta";"Sim";2;0;0;0;1;1;0;2;-27,66229079;-51,45618168;"SPRF-RS";"DEL08-RS";"UOP05-DEL08-RS"
243080;2019-10-17;"quinta-feira";"21:00:00";"MT";364;509;"ROSARIO OESTE";"Falta de Atenção à Condução";"Saída de leito carroçável";"Com Vítimas Fatais";"Plena Noite";"Crescente";"Céu Claro";"Simples";"Reta";"Não";2;1;0;0;0;2;0;3;-15,13907846;-56,52191162;"SPRF-MT";"DEL01-MT";"DEL2/4-UOP02/MT"
243082;2019-10-17;"quinta-feira";"23:45:00";"MS";267;135;"NOVA ANDRADINA";"Velocidade Incompatível";"Saída de leito carroçável";"Sem Vítimas";"Plena Noite";"Crescente";"Céu Claro";"Simples";"Reta";"Não";2;0;0;0;1;1;0;2;-21,71028043;-53,34545224;"SPRF-MS";"DEL02-MS";"UOP03-DEL02-MS"
243090;2019-10-17;"quinta-feira";"14:30:00";"MT";158;558,5;"AGUA BOA";"Falta de Atenção à Condução";"Tombamento";"Com Vítimas Feridas";"Pleno dia";"Decrescente";"Sol";"Simples";"Reta";"Não";2;0;0;1;0;2;1;3;-13,97297931;-52,12824861;"SPRF-MT";"DEL07-MT";"UOP02-DEL07-MT"
243092;2019-10-18;"sexta-feira";"05:52:00";"PR";277;665,9;"MEDIANEIRA";"Falta de Atenção à Condução";"Colisão traseira";"Com Vítimas Feridas";"Amanhecer";"Crescente";"Céu Claro";"Dupla";"Reta";"Sim";5;0;3;0;1;1;3;3;-25,26086511;-54,04611894;"SPRF-PR";"DEL05-PR";"UOP02-DEL05-PR"
243094;2019-10-17;"quinta-feira";"20:30:00";"SC";101;136;"BALNEARIO CAMBORIU";"Defeito Mecânico no Veículo";"Colisão com objeto estático";"Com Vítimas Feridas";"Plena Noite";"Decrescente";"Chuva";"Dupla";"Reta";"Sim";2;0;1;0;1;0;1;2;-27,008113;-48,617245;"SPRF-SC";"DEL04-SC";"UOP03-DEL04-SC"
243097;2019-10-18;"sexta-feira";"06:10:00";"MG";40;602,3;"CONGONHAS";"Velocidade Incompatível";"Colisão frontal";"Com Vítimas Feridas";"Amanhecer";"Crescente";"Céu Claro";"Simples";"Declive;Curva";"Sim";4;0;1;0;2;3;1;6;-20,43679609;-43,84638106;"SPRF-MG";"DEL05-MG";"UOP02-DEL05-MG"
243103;2019-10-18;"sexta-feira";"06:45:00";"ES";101;244;"SERRA";"Desobediência às normas de trânsito pelo condutor";"Colisão transversal";"Com Vítimas Fatais";"Pleno dia";"Decrescente";"Céu Claro";"Simples";"Aclive;Curva";"Não";2;1;0;0;1;0;0;2;-20,04725275;-40,38731559;"SPRF-ES";"DEL02-ES";"UOP01-DEL02-ES"
243106;2019-10-18;"sexta-feira";"03:50:00";"BA";242;218,5;"ITABERABA";"Defeito na Via";"Capotamento";"Com Vítimas Feridas";"Plena Noite";"Crescente";"Céu Claro";"Simples";"Reta";"Não";1;0;1;0;0;0;1;1;-12,52106174;-40,214759;"SPRF-BA";"DEL06-BA";"UOP02-DEL06-BA"
243115;2019-10-18;"sexta-feira";"07:51:00";"GO";153;508;"APARECIDA DE GOIANIA";"Falta de Atenção à Condução";"Queda de ocupante de veículo";"Com Vítimas Feridas";"Pleno dia";"Decrescente";"Céu Claro";"Dupla";"Aclive";"Sim";4;0;0;2;2;0;2;3;-16,7804;-49,2371;"SPRF-GO";"DEL01-GO";"UOP03-DEL01-GO"
243116;2019-10-18;"sexta-feira";"06:50:00";"BA";101;287;"LAJE";"Defeito Mecânico no Veículo";"Colisão frontal";"Com Vítimas Feridas";"Pleno dia";"Crescente";"Chuva";"Simples";"Reta";"Não";3;0;1;0;2;0;1;3;-13,28488593;-39,32243808;"SPRF-BA";"DEL01-BA";"UOP02-DEL01-BA"
243118;2019-10-18;"sexta-feira";"07:40:00";"PR";277;0,8;"PARANAGUA";"Falta de Atenção à Condução";"Queda de ocupante de veículo";"Com Vítimas Fatais";"Pleno dia";"Decrescente";"Céu Claro";"Simples";"Reta";"Sim";2;1;0;0;0;1;0;2;-25,5234491;-48,54731798;"SPRF-PR";"DEL01-PR";"UOP05-DEL01-PR"
243125;2019-10-18;"sexta-feira";"08:17:00";"PE";101;80,3;"JABOATAO DOS GUARARAPES";"Falta de Atenção à Condução";"Colisão lateral";"Sem Vítimas";"Pleno dia";"Crescente";"Garoa/Chuvisco";"Dupla";"Retorno Regulamentado";"Sim";3;0;0;0;2;1;0;3;-8,15365592;-34,94188786;"SPRF-PE";"DEL01-PE";"UOP03-DEL01-PE"
243127;2019-10-18;"sexta-feira";"08:20:00";"MG";262;353,5;"BETIM";"Falta de Atenção à Condução";"Colisão com objeto estático";"Sem Vítimas";"Pleno dia";"Decrescente";"Céu Claro";"Dupla";"Reta;Viaduto";"Não";4;0;0;0;4;0;0;2;-19,98589218;-44,20330882;"SPRF-MG";"DEL01-MG";"UOP03-DEL01-MG"
243128;2019-10-18;"sexta-feira";"06:00:00";"MT";364;318;"CAMPO VERDE";"Mal Súbito";"Colisão com objeto estático";"Com Vítimas Feridas";"Pleno dia";"Decrescente";"Céu Claro";"Dupla";"Curva";"Não";2;0;0;1;0;2;1;3;-15,8114561;-55,30840893;"SPRF-MT";"DEL02-MT";"UOP02-DEL05-MT"
243129;2019-10-17;"quinta-feira";"21:10:00";"MG";267;232,4;"LIBERDADE";"Desobediência às normas de trânsito pelo condutor";"Colisão frontal";"Com Vítimas Feridas";"Plena Noite";"Crescente";"Ignorado";"Simples";"Interseção de Vias";"Não";3;0;1;0;1;2;1;4;-21,95032986;-44,34309017;"SPRF-MG";"DEL05-MG";"UOP01-DEL17-MG"