"id";"data_inversa";"dia_semana";"horario";"uf";"br";"km";"municipio";"causa_acidente";"tipo_acidente";"classificacao_acidente";"fase_dia";"sentido_via";"condicao_metereologica";"tipo_pista";"tracado_via";"uso_solo";"pessoas";"mortos";"feridos_leves";"feridos_graves";"ilesos";"ignorados";"feridos";"veiculos";"latitude";"longitude";"regional";"delegacia";"uop"
243132;2019-10-18;"sexta-feira";"06:40:00";"SP";116;513;"CAJATI";"Falta de Atenção à Condução";"Colisão com objeto estático";"Com Vítimas Feridas";"Amanhecer";"Decrescente";"Nublado";"Simples";"Curva";"Não";1;0;1;0;0;0;1;1;-24,85109616;-48,21802405;"SPRF-SP";"DEL05-SP";"UAP01-DEL05-SP"
243137;2019-10-18;"sexta-feira";"08:00:00";"PB";101;34,7;"MAMANGUAPE";"Falta de Atenção à Condução";"Colisão com objeto estático";"Sem Vítimas";"Pleno dia";"Crescente";"Chuva";"Dupla";"Reta";"Não";2;0;0;0;1;1;0;2;-6,81169597;-35,13969074;"SPRF-PB";"DEL01-PB";"UOP04-DEL01-PB"
243138;2019-10-18;"sexta-feira";"09:05:00";"GO";414;439;"ANAPOLIS";"Falta de Atenção à Condução";"Colisão transversal";"Sem Vítimas";"Pleno dia";"Decrescente";"Céu Claro";"Simples";"Reta";"Sim";2;0;0;0;2;0;0;2;-16,28128823;-48,94258908;"SPRF-GO";"DEL02-GO";"UOP01-DEL02-GO"
243139;2019-10-18;"sexta-feira";"07:50:00";"PE";101;197;"XEXEU";"Falta de Atenção à Condução";"Tombamento";"Com Vítimas Feridas";"Pleno dia";"Decrescente";"Chuva";"Dupla";"Curva";"Não";1;0;1;0;0;0;1;1;-8,75523097;-35,60154384;"SPRF-PE";"DEL01-PE";"UOP03-DEL01-PE"
243142;2019-10-18;"sexta-feira";"08:30:00";"MS";158;323,5;"TRES LAGOAS";"Falta de Atenção à Condução";"Saída de leito carroçável";"Com Vítimas Feridas";"Pleno dia";"Crescente";"Céu Claro";"Simples";"Reta;Aclive";"Não";2;0;0;1;0;2;1;3;-21,13702616;-51,95795059;"SPRF-MS";"DEL07-MS";"UOP01-DEL07-MS"
243143;2019-09-28;"sábado";"07:35:00";"SC";101;118,2;"ITAJAI";"Velocidade Incompatível";"Colisão traseira";"Com Vítimas Feridas";"Pleno dia";"Crescente";"Nublado";"Dupla";"Reta";"Sim";6;0;2;1;1;2;3;5;-26,895859;-48,71903;"SPRF-SC";"DEL04-SC";"UOP04-DEL04-SC"
243144;2019-10-18;"sexta-feira";"09:20:00";"BA";324;538;"AMELIA RODRIGUES";"Falta de Atenção à Condução";"Atropelamento de Pedestre";"Com Vítimas Feridas";"Pleno dia";"Decrescente";"Céu Claro";"Dupla";"Reta";"Não";2;0;1;0;1;0;1;2;-12,37446934;-38,80672447;"SPRF-BA";"DEL01-BA";"UOP01-DEL01-BA"
243159;2019-10-18;"sexta-feira";"10:10:00";"SC";101;124;"ITAJAI";"Falta de Atenção à Condução";"Colisão traseira";"Com Vítimas Feridas";"Pleno dia";"Crescente";"Nublado";"Dupla";"Reta";"Não";4;0;2;0;2;0;2;3;-26,94335064;-48,69198648;"SPRF-SC";"DEL04-SC";"UOP04-DEL04-SC"
243162;2019-10-18;"sexta-feira";"10:35:00";"RJ";101;435,6;"MANGARATIBA";"Velocidade Incompatível";"Colisão lateral";"Com Vítimas Feridas";"Pleno dia";"Decrescente";"Nublado";"Simples";"Curva";"Não";2;0;1;0;1;0;1;2;-22,93945885;-44,0529249;"SPRF-RJ";"DEL03-RJ";"UOP01-DEL03-RJ"
243169;2019-10-18;"sexta-feira";"09:40:00";"PR";373;174,9;"PONTA GROSSA";"Falta de Atenção à Condução";"Colisão lateral";"Sem Vítimas";"Pleno dia";"Crescente";"Céu Claro";"Múltipla";"Reta";"Sim";2;0;0;0;1;1;0;2;-25,07594908;-50,20995715;"SPRF-PR";"DEL03-PR";"UOP01-DEL03-PR"
243170;2019-10-18;"sexta-feira";"08:00:00";"AL";101;17;"NOVO LINO";"Velocidade Incompatível";"Colisão com objeto estático";"Com Vítimas Feridas";"Pleno dia";"Crescente";"Chuva";"Dupla";"Curva";"Não";2;0;1;0;0;1;1;2;-9,00538101;-35,67594087;"SPRF-AL";"DEL01-AL";"UOP02-DEL01-AL"
243172;2019-10-18;"sexta-feira";"10:00:00";"MG";116;285,3;"TEOFILO OTONI";"Ultrapassagem Indevida";"Colisão lateral";"Com Vítimas Feridas";"Pleno dia";"Decrescente";"Sol";"Simples";"Reta;Aclive";"Não";9;0;4;0;4;2;4;6;-17,92737798;-41,5284009;"SPRF-MG";"DEL11-MG";"UOP01-DEL11-MG"
243175;2019-10-18;"sexta-feira";"11:30:00";"SP";153;199,9;"GETULINA";"Defeito Mecânico no Veículo";"Incêndio";"Sem Vítimas";"Pleno dia";"Decrescente";"Céu Claro";"Simples";"Aclive";"Não";1;0;0;0;1;0;0;1;-21,810938;-49,90137599;"SPRF-SP";"DEL07-SP";"UOP01-DEL07-SP"
243177;2019-10-18;"sexta-feira";"12:00:00";"MT";163;102;"RONDONOPOLIS";"Velocidade Incompatível";"Tombamento";"Com Vítimas Feridas";"Pleno dia";"Crescente";"Céu Claro";"Simples";"Viaduto";"Não";3;0;1;0;1;2;1;3;-16,6450602;-54,68993838;"SPRF-MT";"DEL02-MT";"DEL2/2-UOP02/MT"
243180;2019-10-18;"sexta-feira";"13:00:00";"BA";110;203,1;"CIPO";"Desobediência às normas de trânsito pelo condutor";"Colisão traseira";"Com Vítimas Feridas";"Pleno dia";"Crescente";"Céu Claro";"Simples";"Reta";"Sim";2;0;0;1;1;0;1;2;-11,1335009;-38,51534268;"SPRF-BA";"DEL07-BA";"UOP02-DEL07-BA"
243185;2019-10-18;"sexta-feira";"12:10:00";"SC";470;284;"BRUNOPOLIS";"Desobediência às normas de trânsito pelo condutor";"Colisão traseira";"Com Vítimas Feridas";"Pleno dia";"Decrescente";"Céu Claro";"Simples";"Curva";"Não";3;0;0;1;1;1;1;3;-27,331482;-50,902504;"SPRF-SC";"DEL07-SC";"UOP06-DEL07-SC"
243186;2019-10-18;"sexta-feira";"10:20:00";"RO";435;71,5;"COLORADO DO OESTE";"Desobediência às normas de trânsito pelo condutor";"Colisão frontal";"Com Vítimas Feridas";"Pleno dia";"Decrescente";"Céu Claro";"Simples";"Curva";"Não";3;0;2;0;1;0;2;2;-13,1021662;-60,41098797;"SPRF-RO";"DEL04-RO";"UOP02-DEL04-RO"
243189;2019-10-18;"sexta-feira";"12:55:00";"AL";424;99,2;"COQUEIRO SECO";"Ultrapassagem Indevida";"Colisão frontal";"Com Vítimas Fatais";"Pleno dia";"Decrescente";"Céu Claro";"Simples";"Curva";"Não";4;1;0;1;0;2;1;4;-9,64381803;-35,85750913;"SPRF-AL";"DEL02-AL";"UOP01-DEL02-AL"
243190;2019-10-18;"sexta-feira";"13:00:00";"MG";381;493,5;"BETIM";"Falta de Atenção à Condução";"Colisão lateral";"Com Vítimas Feridas";"Pleno dia";"Crescente";"Sol";"Múltipla";"Reta";"Sim";3;0;1;0;1;1;1;3;-19,97670801;-44,19962698;"SPRF-MG";"DEL01-MG";"UOP03-DEL01-MG"
243199;2019-10-18;"sexta-feira";"13:50:00";"BA";101;193;"CONCEICAO DA FEIRA";"Mal Súbito";"Colisão frontal";"Com Vítimas Fatais";"Pleno dia";"Crescente";"Céu Claro";"Simples";"Reta";"Não";5;1;2;0;1;2;2;5;-12,6027102;-39,01297297;"SPRF-BA";"DEL01-BA";"UOP03-DEL01-BA"
243204;2019-10-18;"sexta-feira";"15:15:00";"PR";277;639;"CEU AZUL";"Pista Escorregadia";"Saída de leito carroçável";"Sem Vítimas";"Pleno dia";"Decrescente";"Nublado";"Simples";"Reta";"Não";2;0;0;0;1;1;0;2;-25,1631072;-53,85896991;"SPRF-PR";"DEL05-PR";"UOP02-DEL05-PR"
243208;2019-10-18;"sexta-feira";"13:00:00";"MG";262;651,1;"IBIA";"Ultrapassagem Indevida";"Colisão lateral";"Com Vítimas Feridas";"Pleno dia";"Crescente";"Céu Claro";"Simples";"Reta";"Não";6;0;3;1;1;1;4;3;-19,56772728;-46,64785025;"SPRF-MG";"DEL08-MG";"UOP01-DEL08-MG"
243213;2019-10-18;"sexta-feira";"16:05:00";"SC";282;446,1;"PONTE SERRADA";"Velocidade Incompatível";"Tombamento";"Com Vítimas Feridas";"Pleno dia";"Crescente";"Nublado";"Simples";"Curva";"Não";2;0;1;0;0;2;1;3;-26,9151056;-51,90507889;"SPRF-SC";"DEL07-SC";"UOP04-DEL07-SC"
243214;2019-10-18;"sexta-feira";"15:55:00";"SC";101;119,4;"ITAJAI";"Falta de Atenção à Condução";"Colisão lateral";"Com Vítimas Feridas";"Pleno dia";"Decrescente";"Nublado";"Dupla";"Reta;Ponte";"Sim";3;0;1;0;1;1;1;3;-26,9043179;-48,71555481;"SPRF-SC";"DEL04-SC";"UOP04-DEL04-SC"
243216;2019-10-18;"sexta-feira";"16:00:00";"SP";116;544;"BARRA DO TURVO";"Falta de Atenção à Condução";"Tombamento";"Sem Vítimas";"Pleno dia";"Decrescente";"Nublado";"Dupla";"Curva";"Não";2;0;0;0;1;1;0;2;-24,96458394;-48,42533112;"SPRF-SP";"DEL05-SP";"UOP02-DEL05-SP"
243217;2019-10-18;"sexta-feira";"15:20:00";"MG";153;194,9;"FRUTAL";"Falta de Atenção à Condução";"Colisão traseira";"Com Vítimas Feridas";"Pleno dia";"Decrescente";"Céu Claro";"Simples";"Ponte";"Não";5;0;3;0;1;1;3;4;-19,9622283;-48,98832279;"SPRF-MG";"DEL13-MG";"UOP02-DEL13-MG"
243228;2019-10-18;"sexta-feira";"16:45:00";"PB";230;124,7;"RIACHAO DO BACAMARTE";"Velocidade Incompatível";"Colisão traseira";"Com Vítimas Feridas";"Anoitecer";"Crescente";"Garoa/Chuvisco";"Simples";"Reta";"Não";3;0;0;2;1;0;2;2;-7,2465;-35,6751;"SPRF-PB";"DEL02-PB";"UOP01-DEL02-PB"
243238;2019-10-18;"sexta-feira";"15:00:00";"RJ";393;129;"SAPUCAIA";"Falta de Atenção à Condução";"Atropelamento de Pedestre";"Sem Vítimas";"Pleno dia";"Decrescente";"Céu Claro";"Simples";"Reta";"Sim";3;0;0;0;2;1;0;2;-21,9608976;-42,86014432;"SPRF-RJ";"DEL06-RJ";"UOP01-DEL05-RJ"
243239;2019-10-18;"sexta-feira";"18:20:00";"RJ";101;282;"ITABORAI";"Defeito Mecânico no Veículo";"Queda de ocupante de veículo";"Com Vítimas Feridas";"Plena Noite";"Decrescente";"Céu Claro";"Simples";"Curva";"Não";1;0;0;1;0;0;1;1;-22,7371391;-42,79664601;"SPRF-RJ";"DEL02-RJ";"UOP03-DEL02-RJ"
243240;2019-10-18;"sexta-feira";"17:05:00";"SC";470;43,1;"GASPAR";"Não guardar distância de segurança";"Colisão traseira";"Sem Vítimas";"Pleno dia";"Decrescente";"Céu Claro";"Simples";"Curva";"Não";4;0;0;0;3;2;0;5;-26,874519;-49,013454;"SPRF-SC";"DEL04-SC";"UOP01-DEL04-SC"
243247;2019-10-18;"sexta-feira";"14:15:00";"SC";280;153,6;"MAFRA";"Defeito Mecânico no Veículo";"Engavetamento";"Com Vítimas Feridas";"Pleno dia";"Decrescente";"Céu Claro";"Simples";"Reta";"Não";7;0;4;0;3;0;4;3;-26,22099817;-49,71288041;"SPRF-SC";"DEL06-SC";"UOP03-DEL06-SC"
243254;2019-10-18;"sexta-feira";"18:18:00";"PR";158;538,7;"PATO BRANCO";"Velocidade Incompatível";"Saída de leito carroçável";"Com Vítimas Feridas";"Anoitecer";"Decrescente";"Chuva";"Simples";"Curva";"Sim";2;0;1;0;1;0;1;2;-26,25603095;-52,70878155;"SPRF-PR";"DEL02-PR";"UOP01-DEL02-PR"
243260;2019-10-18;"sexta-feira";"18:55:00";"SP";101;43;"UBATUBA";"Falta de Atenção à Condução";"Colisão lateral";"Com Vítimas Feridas";"Plena Noite";"Decrescente";"Céu Claro";"Simples";"Rotatória";"Sim";2;0;0;1;1;0;1;2;-23,40963294;-45,05948251;"SPRF-SP";"DEL06-SP";"UOP01-DEL06-SP"
243264;2019-10-18;"sexta-feira";"19:50:00";"MG";365;613,8;"UBERLANDIA";"Falta de Atenção à Condução";"Colisão com objeto estático";"Sem Vítimas";"Plena Noite";"Decrescente";"Céu Claro";"Simples";"Reta";"Sim";2;0;0;0;1;1;0;2;-18,91278238;-48,21968079;"SPRF-MG";"DEL15-MG";"UOP01-DEL15-MG"
243267;2019-10-18;"sexta-feira";"18:45:00";"PR";376;600,7;"CURITIBA";"Falta de Atenção à Condução";"Engavetamento";"Com Vítimas Feridas";"Plena Noite";"Decrescente";"Nublado";"Dupla";"Reta";"Sim";5;0;1;0;3;2;1;5;-25,53195602;-49,32205901;"SPRF-PR";"DEL01-PR";"UOP06-DEL01-PR"
243270;2019-10-18;"sexta-feira";"18:55:00";"MG";116;277,8;"TEOFILO OTONI";"Desobediência às normas de trânsito pelo condutor";"Colisão lateral";"Com Vítimas Feridas";"Plena Noite";"Crescente";"Céu Claro";"Dupla";"Rotatória;Curva";"Sim";4;0;1;0;2;1;1;4;-17,865171;-41,516286;"SPRF-MG";"DEL11-MG";"UOP01-DEL11-MG"
243273;2019-10-18;"sexta-feira";"19:40:00";"PR";116;104;"SAO JOSE DOS PINHAIS";"Falta de Atenção à Condução";"Colisão traseira";"Com Vítimas Feridas";"Plena Noite";"Crescente";"Nublado";"Dupla";"Reta";"Sim";3;0;0;1;1;2;1;4;-25,56472785;-49,15859603;"SPRF-PR";"DEL01-PR";"UOP01-DEL01-PR"
243277;2019-10-18;"sexta-feira";"19:15:00";"MS";163;171;"JUTI";"Ingestão de Álcool";"Colisão frontal";"Sem Vítimas";"Plena Noite";"Crescente";"Nublado";"Simples";"Reta";"Sim";2;0;0;0;2;0;0;2;-22,87126231;-54,60236046;"SPRF-MS";"DEL09-MS";"UOP01-DEL09-MS"
243286;2019-10-18;"sexta-feira";"20:10:00";"PR";476;258,4;"ANTONIO OLINTO";"Não guardar distância de segurança";"Colisão traseira";"Com Vítimas Feridas";"Plena Noite";"Crescente";"Garoa/Chuvisco";"Simples";"Reta";"Não";5;0;2;0;2;1;2;3;-25,889473;-50,226524;"SPRF-PR";"DEL02-PR";"UOP04-DEL02-PR"
243289;2019-10-18;"sexta-feira";"20:00:00";"PR";369;184,5;"ARAPONGAS";"Falta de Atenção do Pedestre";"Atropelamento de Pedestre";"Com Vítimas Feridas";"Plena Noite";"Crescente";"Chuva";"Simples";"Curva";"Não";2;0;0;1;1;0;1;2;-23,40305045;-51,42814457;"SPRF-PR";"DEL07-PR";"UOP03-DEL07-PR"
243292;2019-10-18;"sexta-feira";"21:40:00";"GO";414;439,3;"ANAPOLIS";"Ingestão de Álcool";"Colisão traseira";"Com Vítimas Feridas";"Plena Noite";"Crescente";"Céu Claro";"Simples";"Reta";"Sim";3;0;1;0;1;1;1;3;-16,28128823;-48,94258908;"SPRF-GO";"DEL02-GO";"UOP01-DEL02-GO"
243299;2019-10-18;"sexta-feira";"21:20:00";"RS";470;211;"BENTO GONCALVES";"Falta de Atenção à Condução";"Capotamento";"Sem Vítimas";"Plena Noite";"Crescente";"Céu Claro";"Simples";"Curva";"Não";2;0;0;0;1;1;0;2;-29,12453775;-51,54360394;"SPRF-RS";"DEL06-RS";"UOP01-DEL06-RS"
243323;2019-10-18;"sexta-feira";"16:30:00";"MG";40;224;"JOAO PINHEIRO";"Velocidade Incompatível";"Tombamento";"Sem Vítimas";"Pleno dia";"Crescente";"Céu Claro";"Simples";"Rotatória";"Sim";2;0;0;0;1;1;0;2;-17,97982641;-45,61733632;"SPRF-MG";"DEL14-MG";"UOP02-DEL14-MG"
243333;2019-10-18;"sexta-feira";"20:35:00";"PR";277;36;"MORRETES";"Velocidade Incompatível";"Colisão com objeto estático";"Com Vítimas Feridas";"Plena Noite";"Decrescente";"Garoa/Chuvisco";"Dupla";"Curva";"Não";2;0;1;0;0;1;1;2;-25,5585949;-48,80593311;"SPRF-PR";"DEL01-PR";"UOP05-DEL01-PR"
243336;2019-10-18;"sexta-feira";"21:00:00";"MT";364;581;"DIAMANTINO";"Desobediência às normas de trânsito pelo condutor";"Colisão lateral";"Com Vítimas Feridas";"Plena Noite";"Decrescente";"Céu Claro";"Dupla";"Curva";"Não";4;0;1;0;2;2;1;4;-14,64916996;-56,28818604;"SPRF-MT";"DEL01-MT";"UOP01-DEL01-MT"
243343;2019-10-18;"sexta-feira";"23:55:00";"RJ";40;97;"DUQUE DE CAXIAS";"Mal Súbito";"Tombamento";"Com Vítimas Fatais";"Plena Noite";"Decrescente";"Nublado";"Simples";"Curva";"Sim";2;1;0;0;0;1;0;2;-22,57356181;-43,27802893;"SPRF-RJ";"DEL01-RJ";"UOP01-DEL01-RJ"
243347;2019-10-19;"sábado";"00:00:00";"SP";116;279;"EMBU DAS ARTES";"Objeto estático sobre o leito carroçável";"Colisão traseira";"Com Vítimas Feridas";"Plena Noite";"Crescente";"Nublado";"Dupla";"Reta";"Sim";3;0;1;0;1;1;1;3;-23,63815539;-46,83506012;"SPRF-SP";"DEL04-SP";"UOP01-DEL04-SP"
243349;2019-10-18;"sexta-feira";"23:30:00";"MS";163;47,7;"ELDORADO";"Falta de Atenção à Condução";"Colisão traseira";"Com Vítimas Feridas";"Plena Noite";"Crescente";"Céu Claro";"Simples";"Reta";"Não";2;0;0;1;1;0;1;2;-23,73139197;-54,27559419;"SPRF-MS";"DEL09-MS";"UOP02-DEL09-MS"
243357;2019-10-18;"sexta-feira";"21:40:00";"PR";373;279,9;"PRUDENTOPOLIS";"Velocidade Incompatível";"Colisão frontal";"Com Vítimas Feridas";"Plena Noite";"Crescente";"Ignorado";"Simples";"Reta";"Não";3;0;0;2;0;2;2;4;-25,27142442;-51,1010937;"SPRF-PR";"DEL03-PR";"UOP01-DEL03-PR"
243360;2019-10-19;"sábado";"02:00:00";"SP";116;187,1;"SANTA ISABEL";"Ingestão de álcool e/ou substâncias psicoativas pelo pedestre";"Atropelamento de Pedestre";"Com Vítimas Feridas";"Plena Noite";"Crescente";"Céu Claro";"Dupla";"Declive;Curva";"Não";2;0;0;1;0;1;1;2;-23,35713072;-46,20737811;"SPRF-SP";"DEL02-SP";"UOP01-DEL02-SP"
243362;2019-10-19;"sábado";"02:15:00";"SC";101;311,5;"LAGUNA";"Falta de Atenção à Condução";"Colisão com objeto estático";"Com Vítimas Feridas";"Plena Noite";"Crescente";"Céu Claro";"Dupla";"Reta";"Sim";3;0;1;0;1;1;1;3;-28,44078244;-48,81751391;"SPRF-SC";"DEL02-SC";"UOP01-DEL02-SC"
243365;2019-09-24;"terça-feira";"07:30:00";"PE";408;68,5;"CARPINA";"Falta de Atenção à Condução";"Danos eventuais";"Com Vítimas Feridas";"Pleno dia";"Crescente";"Ignorado";"Múltipla";"Reta";"Sim";2;0;1;0;0;1;1;2;-7,853422;-35,226371;"SPRF-PE";"DEL01-PE";"UOP01-DEL01-PE"
243388;2019-10-19;"sábado";"01:40:00";"AL";316;75;"POCO DAS TRINCHEIRAS";"Condutor Dormindo";"Colisão frontal";"Com Vítimas Feridas";"Plena Noite";"Crescente";"Céu Claro";"Simples";"Reta";"Não";3;0;1;1;0;1;2;3;-9,31987078;-37,31542186;"SPRF-AL";"DEL03-AL";"UOP02-DEL03-AL"
243392;2019-10-19;"sábado";"03:00:00";"MT";364;207;"RONDONOPOLIS";"Ingestão de Álcool";"Colisão traseira";"Sem Vítimas";"Plena Noite";"Decrescente";"Nublado";"Dupla";"Reta";"Sim";3;0;0;0;2;2;0;4;-16,44347006;-54,67236704;"SPRF-MT";"DEL02-MT";"UOP01-DEL02-MT"
243396;2019-10-19;"sábado";"04:20:00";"RJ";40;117;"DUQUE DE CAXIAS";"Falta de Atenção à Condução";"Colisão lateral";"Com Vítimas Feridas";"Amanhecer";"Crescente";"Nublado";"Múltipla";"Reta";"Sim";6;0;4;0;1;1;4;3;-22,76431029;-43,28716278;"SPRF-RJ";"DEL01-RJ";"UOP01-DEL01-RJ"
243400;2019-10-19;"sábado";"05:20:00";"SC";282;463,5;"PONTE SERRADA";"Condutor Dormindo";"Saída de leito carroçável";"Com Vítimas Feridas";"Amanhecer";"Crescente";"Nevoeiro/Neblina";"Simples";"Curva";"Sim";1;0;0;1;0;0;1;1;-26,855036;-52,059551;"SPRF-SC";"DEL07-SC";"UOP04-DEL07-SC"
243406;2019-10-19;"sábado";"06:15:00";"SP";381;3;"VARGEM";"Defeito Mecânico no Veículo";"Colisão com objeto estático";"Sem Vítimas";"Amanhecer";"Decrescente";"Nublado";"Dupla";"Reta";"Não";2;0;0;0;1;1;0;2;-22,87841483;-46,39917107;"SPRF-SP";"DEL03-SP";"UOP02-DEL03-SP"
243409;2019-10-19;"sábado";"04:50:00";"MT";364;254,7;"JUSCIMEIRA";"Velocidade Incompatível";"Saída de leito carroçável";"Sem Vítimas";"Amanhecer";"Crescente";"Nublado";"Simples";"Desvio Temporário";"Não";2;0;0;0;1;1;0;2;-16,08144457;-54,87293243;"SPRF-MT";"DEL02-MT";"UOP01-DEL02-MT"
243413;2019-10-19;"sábado";"05:00:00";"BA";20;207;"LUIS EDUARDO MAGALHAES";"Ingestão de álcool e/ou substâncias psicoativas pelo pedestre";"Colisão traseira";"Com Vítimas Feridas";"Amanhecer";"Crescente";"Céu Claro";"Simples";"Reta";"Sim";2;0;1;0;1;0;1;2;-12,29035929;-45,84697723;"SPRF-BA";"DEL10-BA";"UOP01-DEL10-BA"
243415;2019-10-19;"sábado";"06:00:00";"MG";50;72;"UBERLANDIA";"Ingestão de Álcool";"Colisão com objeto estático";"Com Vítimas Feridas";"Amanhecer";"Crescente";"Céu Claro";"Dupla";"Reta";"Sim";2;0;1;0;1;0;1;2;-18,85140204;-48,25345932;"SPRF-MG";"DEL15-MG";"UOP01-DEL15-MG"
243416;2019-10-18;"sexta-feira";"19:05:00";"MG";262;687,7;"ARAXA";"Agressão Externa";"Saída de leito carroçável";"Com Vítimas Feridas";"Plena Noite";"Crescente";"Céu Claro";"Simples";"Curva";"Não";2;0;1;0;0;1;1;2;-19,55024702;-46,95718398;"SPRF-MG";"DEL08-MG";"UOP01-DEL08-MG"
243417;2019-10-19;"sábado";"07:50:00";"MG";40;641,8;"CONSELHEIRO LAFAIETE";"Falta de Atenção à Condução";"Colisão traseira";"Com Vítimas Feridas";"Pleno dia";"Crescente";"Céu Claro";"Simples";"Reta";"Não";2;0;1;0;1;0;1;2;-20,7603074;-43,80562305;"SPRF-MG";"DEL05-MG";"UOP02-DEL05-MG"
243419;2019-10-19;"sábado";"07:00:00";"ES";101;388,6;"RIO NOVO DO SUL";"Velocidade Incompatível";"Tombamento";"Com Vítimas Feridas";"Pleno dia";"Crescente";"Céu Claro";"Simples";"Curva";"Não";2;0;0;1;0;1;1;2;-20,86096395;-40,87627888;"SPRF-ES";"DEL03-ES";"UOP02-DEL03-ES"
243425;2019-10-19;"sábado";"07:30:00";"PA";10;51,5;"ULIANOPOLIS";"Falta de Atenção à Condução";"Colisão lateral";"Com Vítimas Feridas";"Pleno dia";"Crescente";"Céu Claro";"Simples";"Reta";"Não";2;0;1;0;1;0;1;2;-4,00138806;-47,54584632;"SPRF-PA";"DEL02-PA";"UOP02-DEL02-PA"
243426;2019-10-18;"sexta-feira";"16:40:00";"PI";135;339;"BOM JESUS";"Defeito Mecânico no Veículo";"Tombamento";"Sem Vítimas";"Anoitecer";"Decrescente";"Céu Claro";"Simples";"Curva";"Não";3;0;0;0;2;1;0;3;-8,99583784;-44,29597012;"SPRF-PI";"DEL03-PI";"UOP02-DEL03-PI"
243433;2019-10-19;"sábado";"09:08:00";"RS";392;352,3;"SANTA MARIA";"Falta de Atenção à Condução";"Atropelamento de Pedestre";"Com Vítimas Fatais";"Pleno dia";"Decrescente";"Céu Claro";"Simples";"Curva";"Sim";2;1;0;0;1;0;0;2;-29,720404;-53,807632;"SPRF-RS";"DEL09-RS";"UOP01-DEL09-RS"
243435;2019-10-19;"sábado";"09:40:00";"MG";381;682,7;"PERDOES";"Ingestão de Álcool";"Colisão lateral";"Com Vítimas Feridas";"Pleno dia";"Decrescente";"Sol";"Dupla";"Reta";"Não";3;0;1;0;1;1;1;3;-21,17656293;-45,12506072;"SPRF-MG";"DEL04-MG";"UOP02-DEL04-MG"
243437;2019-10-19;"sábado";"08:05:00";"PR";277;349;"GUARAPUAVA";"Falta de Atenção à Condução";"Colisão lateral";"Sem Vítimas";"Pleno dia";"Decrescente";"Céu Claro";"Simples";"Reta";"Não";3;0;0;0;1;3;0;4;-25,33928412;-51,42880296;"SPRF-PR";"DEL03-PR";"UOP01-DEL08-PR"
243438;2019-10-19;"sábado";"05:40:00";"MS";163;636,5;"SAO GABRIEL DO OESTE";"Falta de Atenção à Condução";"Saída de leito carroçável";"Sem Vítimas";"Pleno dia";"Crescente";"Céu Claro";"Dupla";"Curva";"Não";2;0;0;0;1;3;0;4;-19,23380417;-54,68291142;"SPRF-MS";"DEL06-MS";"UOP02-DEL06-MS"
243440;2019-10-19;"sábado";"09:30:00";"SP";153;316;"RIBEIRAO DO SUL";"Falta de Atenção à Condução";"Colisão lateral";"Com Vítimas Feridas";"Pleno dia";"Decrescente";"Nublado";"Simples";"Reta";"Não";5;0;1;0;3;1;1;3;-22,72376;-49,88966797;"SPRF-SP";"DEL07-SP";"UOP03-DEL07-SP"
243441;2019-10-19;"sábado";"07:50:00";"MG";262;637,5;"IBIA";"Velocidade Incompatível";"Tombamento";"Com Vítimas Feridas";"Pleno dia";"Crescente";"Sol";"Simples";"Desvio Temporário";"Não";2;0;1;0;0;1;1;2;-19,58035123;-46,51598202;"SPRF-MG";"DEL08-MG";"UOP01-DEL08-MG"
243443;2019-10-19;"sábado";"09:30:00";"RN";304;295,1;"MACAIBA";"Falta de Atenção à Condução";"Engavetamento";"Sem Vítimas";"Pleno dia";"Crescente";"Céu Claro";"Simples";"Reta";"Sim";3;0;0;0;3;0;0;3;-5,86605927;-35,35822096;"SPRF-RN";"DEL01-RN";"UOP02-DEL01-RN"
243449;2019-10-19;"sábado";"10:55:00";"RJ";116;179;"NOVA IGUACU";"Desobediência às normas de trânsito pelo pedestre";"Atropelamento de Pedestre";"Com Vítimas Feridas";"Pleno dia";"Crescente";"Céu Claro";"Dupla";"Reta";"Sim";3;0;0;1;1;1;1;3;-22,769902;-43,408036;"SPRF-RJ";"DEL01-RJ";"UOP02-DEL01-RJ"
243452;2019-10-19;"sábado";"09:40:00";"TO";153;653,2;"GURUPI";"Defeito Mecânico no Veículo";"Colisão traseira";"Com Vítimas Feridas";"Pleno dia";"Crescente";"Céu Claro";"Simples";"Aclive";"Não";4;0;2;0;1;1;2;3;-11,56142996;-49,02722613;"SPRF-TO";"DEL02-TO";"UOP02-DEL01-TO"
243463;2019-10-19;"sábado";"12:05:00";"PR";277;136;"BALSA NOVA";"Ingestão de Álcool";"Tombamento";"Sem Vítimas";"Pleno dia";"Crescente";"Nublado";"Dupla";"Curva";"Não";1;0;0;0;1;0;0;1;-25,47221647;-49,69659094;"SPRF-PR";"DEL01-PR";"UOP06-DEL01-PR"
243474;2019-10-19;"sábado";"12:50:00";"MS";262;361,2;"CAMPO GRANDE";"Falta de Atenção à Condução";"Colisão frontal";"Com Vítimas Fatais";"Pleno dia";"Crescente";"Chuva";"Simples";"Reta";"Não";4;1;0;0;1;2;0;3;-20,5189368;-54,71594677;"SPRF-MS";"DEL01-MS";"UOP03-DEL01-MS"
243479;2019-10-19;"sábado";"13:50:00";"GO";153;631;"MORRINHOS";"Falta de Atenção à Condução";"Colisão traseira";"Com Vítimas Feridas";"Pleno dia";"Crescente";"Céu Claro";"Dupla";"Reta";"Não";3;0;1;0;1;1;1;3;-17,8017;-49,2067;"SPRF-GO";"DEL03-GO";"UOP01-DEL03-GO"