"id";"data_inversa";"dia_semana";"horario";"uf";"br";"km";"municipio";"causa_acidente";"tipo_acidente";"classificacao_acidente";"fase_dia";"sentido_via";"condicao_metereologica";"tipo_pista";"tracado_via";"uso_solo";"pessoas";"mortos";"feridos_leves";"feridos_graves";"ilesos";"ignorados";"feridos";"veiculos";"latitude";"longitude";"regional";"delegacia";"uop"
243481;2019-10-19;"sábado";"14:30:00";"MG";50;76;"UBERLANDIA";"Falta de Atenção à Condução";"Colisão traseira";"Com Vítimas Feridas";"Pleno dia";"Crescente";"Céu Claro";"Dupla";"Reta";"Sim";2;0;1;0;1;0;1;2;-18,986906;-48,211853;"SPRF-MG";"DEL15-MG";"UOP01-DEL15-MG"
243483;2019-10-19;"sábado";"13:50:00";"MG";40;530;"CONTAGEM";"Desobediência às normas de trânsito pelo condutor";"Colisão lateral";"Sem Vítimas";"Pleno dia";"Decrescente";"Céu Claro";"Dupla";"Declive;Reta";"Sim";3;0;0;0;3;0;0;2;-19,92064782;-44,0335681;"SPRF-MG";"DEL01-MG";"UOP02-DEL01-MG"
243485;2019-10-19;"sábado";"13:25:00";"RJ";101;334;"RIO DE JANEIRO";"Defeito Mecânico no Veículo";"Queda de ocupante de veículo";"Com Vítimas Feridas";"Pleno dia";"Decrescente";"Céu Claro";"Simples";"Curva";"Sim";2;0;1;0;1;0;1;2;-22,88517902;-43,21704364;"SPRF-RJ";"DEL02-RJ";"UOP02-DEL02-RJ"
243486;2019-10-19;"sábado";"15:15:00";"RS";158;151,9;"PANAMBI";"Falta de Atenção do Pedestre";"Atropelamento de Pedestre";"Com Vítimas Feridas";"Pleno dia";"Decrescente";"Céu Claro";"Simples";"Reta";"Sim";4;0;0;1;1;2;1;3;-28,2892111;-53,48522027;"SPRF-RS";"DEL10-RS";"UOP02-DEL10-RS"
243488;2019-10-19;"sábado";"15:19:00";"MG";381;859,8;"POUSO ALEGRE";"Falta de Atenção à Condução";"Colisão com objeto estático";"Com Vítimas Fatais";"Pleno dia";"Decrescente";"Nublado";"Dupla";"Reta";"Não";5;1;1;0;1;2;1;4;-22,31054621;-45,9029879;"SPRF-MG";"DEL16-MG";"UOP01-DEL16-MG"
243491;2019-10-19;"sábado";"15:55:00";"PR";376;202;"MANDAGUARI";"Falta de Atenção à Condução";"Colisão traseira";"Com Vítimas Feridas";"Pleno dia";"Decrescente";"Céu Claro";"Dupla";"Reta";"Não";5;0;2;0;1;2;2;4;-23,50839246;-51,72672272;"SPRF-PR";"DEL07-PR";"UOP01-DEL09-PR"
243493;2019-10-19;"sábado";"12:00:00";"GO";452;188;"ITUMBIARA";"Velocidade Incompatível";"Tombamento";"Sem Vítimas";"Pleno dia";"Decrescente";"Sol";"Dupla";"Retorno Regulamentado";"Sim";2;0;0;0;1;2;0;3;-18,39416035;-49,29358273;"SPRF-GO";"DEL03-GO";"UOP02-DEL03-GO"
243496;2019-10-19;"sábado";"16:00:00";"MG";381;375;"SAO GONCALO DO RIO ABAIXO";"Ultrapassagem Indevida";"Colisão lateral";"Com Vítimas Feridas";"Pleno dia";"Decrescente";"Nublado";"Simples";"Reta";"Não";6;0;1;0;4;2;1;7;-19,83666149;-43,33681685;"SPRF-MG";"DEL01-MG";"UOP01-DEL01-MG"
243497;2019-10-19;"sábado";"15:55:00";"SC";470;88,5;"ASCURRA";"Velocidade Incompatível";"Tombamento";"Com Vítimas Feridas";"Pleno dia";"Crescente";"Céu Claro";"Simples";"Curva";"Sim";2;0;1;0;0;1;1;2;-26,955355;-49,373169;"SPRF-SC";"DEL04-SC";"UOP01-DEL04-SC"
243508;2019-10-19;"sábado";"15:20:00";"MG";381;525,5;"BRUMADINHO";"Velocidade Incompatível";"Tombamento";"Com Vítimas Feridas";"Pleno dia";"Crescente";"Nublado";"Dupla";"Curva";"Não";1;0;1;0;0;0;1;1;-20,16710798;-44,33422398;"SPRF-MG";"DEL04-MG";"UOP03-DEL04-MG"
243515;2019-10-19;"sábado";"16:10:00";"PE";101;51,9;"PAULISTA";"Carga excessiva e/ou mal acondicionada";"Derramamento de carga";"Sem Vítimas";"Pleno dia";"Decrescente";"Céu Claro";"Dupla";"Curva";"Sim";2;0;0;0;1;1;0;2;-7,9169968;-34,89689272;"SPRF-PE";"DEL01-PE";"UOP02-DEL01-PE"
243520;2019-10-19;"sábado";"16:10:00";"GO";364;83,7;"CACHOEIRA ALTA";"Ingestão de Álcool";"Colisão traseira";"Com Vítimas Feridas";"Pleno dia";"Crescente";"Céu Claro";"Simples";"Reta";"Não";3;0;1;0;1;1;1;3;-18,558655;-51,048683;"SPRF-GO";"DEL05-GO";"UOP02-DEL05-GO"
243521;2019-10-19;"sábado";"18:00:00";"SP";116;334;"JUQUITIBA";"Avarias e/ou desgaste excessivo no pneu";"Colisão lateral";"Sem Vítimas";"Plena Noite";"Decrescente";"Garoa/Chuvisco";"Dupla";"Reta";"Não";2;0;0;0;2;0;0;2;-23,96478894;-47,12622102;"SPRF-SP";"DEL04-SP";"UOP03-DEL04-SP"
243551;2019-10-19;"sábado";"17:55:00";"SC";116;251;"LAGES";"Ingestão de Álcool";"Colisão transversal";"Com Vítimas Feridas";"Anoitecer";"Crescente";"Céu Claro";"Simples";"Interseção de Vias";"Não";4;0;2;0;1;1;2;3;-27,84512201;-50,37880391;"SPRF-SC";"DEL05-SC";"UOP02-DEL05-SC"
243554;2019-10-19;"sábado";"18:25:00";"MG";40;553;"NOVA LIMA";"Falta de Atenção à Condução";"Colisão traseira";"Com Vítimas Feridas";"Anoitecer";"Decrescente";"Céu Claro";"Dupla";"Reta";"Sim";3;0;1;0;2;0;1;2;-20,06863326;-43,98194759;"SPRF-MG";"DEL01-MG";"UOP02-DEL01-MG"
243568;2019-10-19;"sábado";"19:30:00";"SP";116;410;"JUQUIA";"Falta de Atenção à Condução";"Saída de leito carroçável";"Com Vítimas Feridas";"Plena Noite";"Crescente";"Nevoeiro/Neblina";"Dupla";"Reta";"Não";4;0;1;0;2;2;1;3;-24,33501372;-47,59392601;"SPRF-SP";"DEL05-SP";"UOP01-DEL05-SP"
243713;2019-10-19;"sábado";"18:40:00";"MG";381;845,4;"POUSO ALEGRE";"Falta de Atenção à Condução";"Colisão lateral";"Com Vítimas Feridas";"Anoitecer";"Decrescente";"Céu Claro";"Dupla";"Reta";"Não";47;0;32;3;11;1;35;2;-22,20344007;-45,86187623;"SPRF-MG";"DEL16-MG";"UOP01-DEL16-MG"
243784;2019-10-19;"sábado";"20:30:00";"MG";381;406;"BOM JESUS DO AMPARO";"Pista Escorregadia";"Colisão transversal";"Com Vítimas Feridas";"Plena Noite";"Decrescente";"Chuva";"Simples";"Curva";"Não";5;0;0;2;3;0;2;4;-19,73750804;-43,55759107;"SPRF-MG";"DEL01-MG";"UOP01-DEL01-MG"
243800;2019-10-19;"sábado";"14:10:00";"MG";116;585,5;"MANHUACU";"Velocidade Incompatível";"Tombamento";"Com Vítimas Feridas";"Pleno dia";"Decrescente";"Céu Claro";"Dupla";"Curva;Declive";"Não";3;0;2;0;0;1;2;2;-20,22987753;-42,17260057;"SPRF-MG";"DEL06-MG";"UOP03-DEL06-MG"
243817;2019-10-19;"sábado";"22:00:00";"CE";116;454,3;"BARRO";"Ingestão de Álcool";"Colisão transversal";"Com Vítimas Feridas";"Plena Noite";"Decrescente";"Nublado";"Simples";"Reta";"Sim";7;0;2;1;1;3;3;4;-7,17172504;-38,7808259;"SPRF-CE";"DEL05-CE";"UOP03-DEL05-CE"
243865;2019-10-19;"sábado";"22:10:00";"SC";280;27,3;"ARAQUARI";"Falta de Atenção à Condução";"Colisão transversal";"Com Vítimas Fatais";"Plena Noite";"Crescente";"Céu Claro";"Simples";"Retorno Regulamentado";"Sim";4;1;0;1;1;1;1;3;-26,39931963;-48,74187179;"SPRF-SC";"DEL03-SC";"UOP03-DEL03-SC"
243873;2019-10-20;"domingo";"01:10:00";"PE";408;34,5;"ALIANCA";"Ingestão de Álcool";"Colisão traseira";"Com Vítimas Feridas";"Plena Noite";"Crescente";"Céu Claro";"Simples";"Reta";"Não";4;0;0;3;1;0;3;2;-7,6022076;-35,24112844;"SPRF-PE";"DEL01-PE";"UOP01-DEL01-PE"
243936;2019-10-20;"domingo";"02:20:00";"RJ";116;259;"VOLTA REDONDA";"Pista Escorregadia";"Colisão traseira";"Sem Vítimas";"Plena Noite";"Decrescente";"Chuva";"Dupla";"Curva";"Não";3;0;0;0;2;1;0;3;-22,58204838;-44,03112799;"SPRF-RJ";"DEL07-RJ";"UOP02-DEL07-RJ"
243962;2019-10-20;"domingo";"06:30:00";"MG";381;937,9;"EXTREMA";"Carga excessiva e/ou mal acondicionada";"Incêndio";"Com Vítimas Feridas";"Pleno dia";"Crescente";"Céu Claro";"Dupla";"Reta";"Não";2;0;1;0;1;0;1;1;-22,81273711;-46,28996095;"SPRF-MG";"DEL16-MG";"UOP03-DEL16-MG"
243967;2019-10-20;"domingo";"06:05:00";"RJ";116;224;"PIRAI";"Defeito Mecânico no Veículo";"Tombamento";"Sem Vítimas";"Pleno dia";"Decrescente";"Nublado";"Simples";"Curva";"Não";1;0;0;0;1;0;0;1;-22,68709335;-43,81058612;"SPRF-RJ";"DEL07-RJ";"UOP01-DEL07-RJ"
243969;2019-10-20;"domingo";"05:10:00";"MG";50;174,6;"UBERABA";"Falta de Atenção à Condução";"Engavetamento";"Com Vítimas Feridas";"Amanhecer";"Crescente";"Céu Claro";"Dupla";"Reta";"Sim";12;0;9;2;1;0;11;3;-19,77365;-47,97277;"SPRF-MG";"DEL13-MG";"UOP01-DEL13-MG"
243980;2019-10-20;"domingo";"05:30:00";"SC";101;429,9;"SOMBRIO";"Falta de Atenção à Condução";"Colisão traseira";"Sem Vítimas";"Amanhecer";"Decrescente";"Céu Claro";"Múltipla";"Reta";"Não";2;0;0;0;1;1;0;2;-29,05790237;-49,62201208;"SPRF-SC";"DEL02-SC";"UOP02-DEL02-SC"
243985;2019-10-20;"domingo";"07:28:00";"PE";101;132;"ESCADA";"Falta de Atenção à Condução";"Saída de leito carroçável";"Com Vítimas Feridas";"Pleno dia";"Crescente";"Céu Claro";"Dupla";"Reta";"Não";1;0;1;0;0;0;1;1;-8,40468469;-35,27017723;"SPRF-PE";"DEL01-PE";"UOP03-DEL01-PE"
243993;2019-10-20;"domingo";"08:45:00";"TO";242;452,9;"FORMOSO DO ARAGUAIA";"Falta de Atenção à Condução";"Saída de leito carroçável";"Com Vítimas Fatais";"Pleno dia";"Decrescente";"Céu Claro";"Dupla";"Reta";"Sim";3;1;1;0;0;1;1;2;-11,81588608;-49,52073804;"SPRF-TO";"DEL02-TO";"UOP02-DEL01-TO"
243998;2019-10-20;"domingo";"06:00:00";"MT";174;343,9;"CONQUISTA DOESTE";"Falta de Atenção à Condução";"Colisão frontal";"Com Vítimas Fatais";"Pleno dia";"Decrescente";"Céu Claro";"Simples";"Reta";"Não";3;1;0;0;1;2;0;4;-14,77728206;-59,33525109;"SPRF-MT";"DEL04-MT";"UOP01-DEL04-MT"
243999;2019-10-20;"domingo";"08:20:00";"SP";116;279;"EMBU DAS ARTES";"Falta de Atenção à Condução";"Colisão lateral";"Sem Vítimas";"Pleno dia";"Decrescente";"Nevoeiro/Neblina";"Dupla";"Reta";"Não";3;0;0;0;2;1;0;3;-23,66233697;-46,85292907;"SPRF-SP";"DEL04-SP";"UOP01-DEL04-SP"
244001;2019-09-27;"sexta-feira";"01:30:00";"MG";381;609;"OLIVEIRA";"Falta de Atenção à Condução";"Colisão com objeto estático";"Com Vítimas Feridas";"Plena Noite";"Decrescente";"Chuva";"Dupla";"Reta";"Não";4;0;1;1;1;1;2;3;-20,70021201;-44,74879926;"SPRF-MG";"DEL04-MG";"UOP01-DEL04-MG"
244015;2019-10-20;"domingo";"09:20:00";"MG";116;379,5;"MATHIAS LOBATO";"Desobediência às normas de trânsito pelo condutor";"Colisão lateral";"Com Vítimas Feridas";"Pleno dia";"Crescente";"Céu Claro";"Simples";"Curva";"Não";6;0;1;3;1;2;4;4;-18,64685297;-41,96253602;"SPRF-MG";"DEL06-MG";"UOP01-DEL06-MG"
244022;2019-10-02;"quarta-feira";"10:15:00";"ES";101;267,7;"SERRA";"Desobediência às normas de trânsito pelo condutor";"Colisão traseira";"Com Vítimas Feridas";"Pleno dia";"Crescente";"Sol";"Múltipla";"Reta;Interseção de Vias";"Sim";2;0;1;0;1;0;1;2;-20,19930999;-40,26884609;"SPRF-ES";"DEL02-ES";"UOP01-DEL02-ES"
244029;2019-10-20;"domingo";"09:10:00";"BA";116;862;"VITORIA DA CONQUISTA";"Não guardar distância de segurança";"Colisão lateral";"Com Vítimas Feridas";"Pleno dia";"Decrescente";"Céu Claro";"Simples";"Reta";"Não";5;0;1;0;3;1;1;5;-15,06993464;-41,00109327;"SPRF-BA";"DEL08-BA";"UOP03-DEL08-BA"
244030;2019-10-20;"domingo";"09:10:00";"MG";381;287;"JAGUARACU";"Desobediência às normas de trânsito pelo condutor";"Colisão frontal";"Com Vítimas Feridas";"Pleno dia";"Crescente";"Nublado";"Simples";"Em Obras";"Não";6;0;2;2;1;1;4;3;-19,634349;-42,80726132;"SPRF-MG";"DEL03-MG";"UOP02-DEL03-MG"
244040;2019-10-04;"sexta-feira";"19:00:00";"MG";365;838;"SANTA VITORIA";"Fenômenos da Natureza";"Incêndio";"Sem Vítimas";"Plena Noite";"Decrescente";"Céu Claro";"Simples";"Reta";"Não";2;0;0;0;1;2;0;3;-18,92418241;-50,25687685;"SPRF-MG";"DEL15-MG";"UOP03-DEL15-MG"
244041;2019-10-20;"domingo";"12:15:00";"PR";369;174,9;"ROLANDIA";"Não guardar distância de segurança";"Colisão traseira";"Com Vítimas Feridas";"Pleno dia";"Crescente";"Céu Claro";"Dupla";"Interseção de Vias;Reta";"Sim";4;0;2;0;1;1;2;3;-23,32140113;-51,3827455;"SPRF-PR";"DEL07-PR";"UOP01-DEL07-PR"
244042;2019-10-20;"domingo";"09:15:00";"RR";174;495,7;"BOA VISTA";"Falta de Atenção à Condução";"Atropelamento de Pedestre";"Com Vítimas Feridas";"Pleno dia";"Decrescente";"Céu Claro";"Dupla";"Reta";"Sim";5;0;0;1;1;3;1;2;2,754443;-60,736778;"SPRF-RR";"DEL01-RR";"UOP01-DEL01-RR"
244043;2019-10-20;"domingo";"12:35:00";"MG";381;444;"SANTA LUZIA";"Falta de Atenção à Condução";"Colisão traseira";"Com Vítimas Feridas";"Pleno dia";"Crescente";"Céu Claro";"Simples";"Reta";"Não";2;0;0;1;1;0;1;2;-19,82360393;-43,82539293;"SPRF-MG";"DEL01-MG";"UOP01-DEL01-MG"
244045;2019-10-20;"domingo";"11:05:00";"ES";101;255,8;"SERRA";"Ingestão de Substâncias Psicoativas";"Colisão transversal";"Sem Vítimas";"Pleno dia";"Crescente";"Nublado";"Dupla";"Interseção de Vias";"Sim";3;0;0;0;2;1;0;2;-20,11815193;-40,31313479;"SPRF-ES";"DEL02-ES";"UOP01-DEL02-ES"
244047;2019-10-20;"domingo";"07:30:00";"RS";470;47,7;"LAGOA VERMELHA";"Desobediência às normas de trânsito pelo condutor";"Colisão frontal";"Com Vítimas Feridas";"Pleno dia";"Decrescente";"Céu Claro";"Simples";"Declive;Reta";"Não";3;0;1;1;1;0;2;2;-27,987983;-51,457498;"SPRF-RS";"DEL08-RS";"UOP05-DEL08-RS"
244056;2019-10-20;"domingo";"12:30:00";"MT";163;529;"DIAMANTINO";"Falta de Atenção à Condução";"Saída de leito carroçável";"Com Vítimas Feridas";"Pleno dia";"Crescente";"Céu Claro";"Simples";"Reta";"Não";2;0;1;0;0;2;1;3;-14,46297832;-56,14910673;"SPRF-MT";"DEL01-MT";"UOP01-DEL01-MT"
244061;2019-10-20;"domingo";"14:15:00";"PE";423;86,5;"SAO JOAO";"Condutor Dormindo";"Colisão lateral";"Com Vítimas Feridas";"Pleno dia";"Crescente";"Céu Claro";"Simples";"Reta";"Não";6;0;1;1;3;1;2;4;-8,81401714;-36,4452687;"SPRF-PE";"DEL03-PE";"UOP01-DEL03-PE"
244063;2019-09-03;"terça-feira";"17:15:00";"SC";153;35,3;"VARGEM BONITA";"Velocidade Incompatível";"Tombamento";"Com Vítimas Feridas";"Pleno dia";"Crescente";"Céu Claro";"Simples";"Curva";"Não";2;0;1;0;0;1;1;2;-26,813108;-51,724167;"SPRF-SC";"DEL07-SC";"UOP07-DEL07-SC"
244076;2019-10-20;"domingo";"13:30:00";"MG";116;674,5;"MIRADOURO";"Falta de Atenção à Condução";"Colisão traseira";"Com Vítimas Fatais";"Pleno dia";"Decrescente";"Céu Claro";"Simples";"Reta";"Não";7;1;3;1;0;2;4;4;-20,89732211;-42,34378692;"SPRF-MG";"DEL07-MG";"UOP03-DEL07-MG"
244080;2019-10-20;"domingo";"16:10:00";"CE";116;529;"JATI";"Pista Escorregadia";"Colisão frontal";"Sem Vítimas";"Anoitecer";"Crescente";"Chuva";"Simples";"Curva";"Não";5;0;0;0;4;4;0;7;-7,68572272;-39,00787781;"SPRF-CE";"DEL05-CE";"UOP03-DEL05-CE"
244085;2019-10-20;"domingo";"16:55:00";"MG";262;123,8;"RIO CASCA";"Falta de Atenção à Condução";"Colisão com objeto estático";"Com Vítimas Fatais";"Pleno dia";"Crescente";"Nublado";"Simples";"Reta;Declive";"Não";2;1;0;0;0;1;0;2;-20,20434;-42,677301;"SPRF-MG";"DEL03-MG";"UOP03-DEL03-MG"
244107;2019-10-20;"domingo";"17:40:00";"BA";367;81;"EUNAPOLIS";"Velocidade Incompatível";"Tombamento";"Com Vítimas Feridas";"Anoitecer";"Crescente";"Céu Claro";"Simples";"Aclive;Curva";"Não";2;0;2;0;0;0;2;1;-16,3717565;-39,55261277;"SPRF-BA";"DEL09-BA";"UOP01-DEL09-BA"
244110;2019-10-20;"domingo";"18:30:00";"CE";20;416;"MARACANAU";"Defeito na Via";"Tombamento";"Com Vítimas Feridas";"Plena Noite";"Decrescente";"Céu Claro";"Dupla";"Em Obras";"Sim";1;0;1;0;0;0;1;1;-3,83516237;-38,60998663;"SPRF-CE";"DEL01-CE";"UOP02-DEL01-CE"
244115;2019-10-20;"domingo";"19:15:00";"PR";373;388,9;"CANDOI";"Desobediência às normas de trânsito pelo condutor";"Colisão frontal";"Com Vítimas Feridas";"Plena Noite";"Crescente";"Chuva";"Simples";"Reta";"Não";2;0;0;1;1;0;1;2;-25,51149935;-51,95998907;"SPRF-PR";"DEL03-PR";"UOP01-DEL08-PR"
244122;2019-10-20;"domingo";"17:35:00";"MG";381;689;"LAVRAS";"Falta de Atenção à Condução";"Colisão traseira";"Com Vítimas Feridas";"Pleno dia";"Crescente";"Céu Claro";"Dupla";"Aclive;Reta";"Não";8;0;6;0;1;2;6;4;-21,1948008;-45,11847878;"SPRF-MG";"DEL04-MG";"UOP02-DEL04-MG"
244141;2019-10-20;"domingo";"18:00:00";"BA";110;60;"JEREMOABO";"Ingestão de Álcool";"Colisão transversal";"Sem Vítimas";"Pleno dia";"Decrescente";"Ignorado";"Simples";"Reta";"Não";2;0;0;0;2;0;0;2;-9,968045;-38,31038381;"SPRF-BA";"DEL07-BA";"UOP01-DEL07-BA"
244147;2019-10-20;"domingo";"18:50:00";"GO";153;681;"PANAMA";"Velocidade Incompatível";"Colisão traseira";"Com Vítimas Feridas";"Plena Noite";"Decrescente";"Céu Claro";"Dupla";"Aclive";"Não";3;0;1;0;1;1;1;3;-18,2326;-49,2614;"SPRF-GO";"DEL03-GO";"UOP02-DEL03-GO"
244155;2019-10-20;"domingo";"21:23:00";"RS";470;192;"VERANOPOLIS";"Desobediência às normas de trânsito pelo condutor";"Colisão frontal";"Com Vítimas Feridas";"Plena Noite";"Crescente";"Nublado";"Simples";"Curva";"Não";3;0;0;1;1;1;1;3;-29,03826903;-51,56647017;"SPRF-RS";"DEL06-RS";"UOP02-DEL06-RS"
244160;2019-10-20;"domingo";"21:45:00";"MG";381;576,4;"ITAGUARA";"Condutor Dormindo";"Tombamento";"Sem Vítimas";"Plena Noite";"Decrescente";"Céu Claro";"Dupla";"Reta";"Não";1;0;0;0;1;0;0;1;-20,48100267;-44,58883345;"SPRF-MG";"DEL04-MG";"UOP03-DEL04-MG"
244170;2019-10-20;"domingo";"18:45:00";"BA";101;791,2;"ITAMARAJU";"Velocidade Incompatível";"Capotamento";"Com Vítimas Fatais";"Plena Noite";"Crescente";"Céu Claro";"Simples";"Curva";"Não";1;1;0;0;0;0;0;1;-16,90442788;-39,52537537;"SPRF-BA";"DEL09-BA";"UOP01-DEL09-BA"
244182;2019-10-20;"domingo";"19:30:00";"MG";251;221,5;"CACHOEIRA DE PAJEU";"Não guardar distância de segurança";"Colisão traseira";"Com Vítimas Feridas";"Plena Noite";"Decrescente";"Nublado";"Simples";"Declive";"Não";3;0;1;0;1;2;1;4;-15,95515343;-41,6268738;"SPRF-MG";"DEL11-MG";"UOP02-DEL11-MG"
244185;2019-10-20;"domingo";"19:30:00";"SC";280;3,8;"SAO FRANCISCO DO SUL";"Falta de Atenção à Condução";"Colisão traseira";"Com Vítimas Feridas";"Plena Noite";"Decrescente";"Céu Claro";"Simples";"Rotatória";"Sim";4;0;1;0;2;2;1;4;-26,25216225;-48,61793518;"SPRF-SC";"DEL03-SC";"UOP03-DEL03-SC"
244186;2019-10-21;"segunda-feira";"05:20:00";"AL";101;62,6;"MESSIAS";"Falta de Atenção à Condução";"Tombamento";"Sem Vítimas";"Amanhecer";"Decrescente";"Céu Claro";"Dupla";"Curva";"Não";2;0;0;0;1;1;0;2;-9,30153295;-35,82114728;"SPRF-AL";"DEL01-AL";"UOP02-DEL01-AL"
244194;2019-10-21;"segunda-feira";"01:30:00";"SC";282;275,2;"SAO JOSE DO CERRITO";"Velocidade Incompatível";"Capotamento";"Com Vítimas Feridas";"Plena Noite";"Crescente";"Chuva";"Simples";"Curva";"Não";2;0;1;0;0;2;1;3;-27,604923;-50,725196;"SPRF-SC";"DEL05-SC";"UOP02-DEL05-SC"
244199;2019-10-21;"segunda-feira";"05:50:00";"PR";116;122,5;"CURITIBA";"Velocidade Incompatível";"Colisão traseira";"Com Vítimas Feridas";"Amanhecer";"Crescente";"Chuva";"Dupla";"Reta";"Sim";2;0;0;1;1;0;1;2;-25,56857207;-49,31023179;"SPRF-PR";"DEL01-PR";"UOP03-DEL01-PR"
244200;2019-10-21;"segunda-feira";"07:15:00";"PR";163;345;"GUAIRA";"Desobediência às normas de trânsito pelo condutor";"Colisão transversal";"Sem Vítimas";"Amanhecer";"Crescente";"Chuva";"Simples";"Rotatória";"Sim";5;0;0;0;5;0;0;2;-24,10668635;-54,23885822;"SPRF-PR";"DEL06-PR";"UOP01-DEL06-PR"
244208;2019-10-21;"segunda-feira";"08:00:00";"MG";459;28,4;"CALDAS";"Velocidade Incompatível";"Colisão frontal";"Com Vítimas Feridas";"Pleno dia";"Crescente";"Nublado";"Simples";"Curva";"Não";4;0;1;0;2;1;1;4;-21,923504;-46,372552;"SPRF-MG";"DEL16-MG";"UOP01-DEL09-MG"
244215;2019-10-21;"segunda-feira";"07:20:00";"PR";376;218;"JANDAIA DO SUL";"Pista Escorregadia";"Colisão frontal";"Com Vítimas Fatais";"Pleno dia";"Decrescente";"Chuva";"Simples";"Curva";"Sim";2;1;0;0;1;0;0;2;-23,59717604;-51,615043;"SPRF-PR";"DEL07-PR";"UOP03-DEL07-PR"
244217;2019-10-21;"segunda-feira";"07:30:00";"MS";163;94,7;"ITAQUIRAI";"Pista Escorregadia";"Colisão lateral";"Com Vítimas Feridas";"Pleno dia";"Crescente";"Chuva";"Simples";"Reta";"Não";4;0;1;0;2;2;1;4;-23,33432801;-54,21813005;"SPRF-MS";"DEL09-MS";"UOP01-DEL09-MS"
244223;2019-10-21;"segunda-feira";"09:00:00";"SC";101;213,9;"PALHOCA";"Falta de Atenção à Condução";"Engavetamento";"Com Vítimas Feridas";"Pleno dia";"Decrescente";"Chuva";"Múltipla";"Reta";"Sim";5;0;1;0;3;1;1;5;-27,63697369;-48,66514142;"SPRF-SC";"DEL01-SC";"UOP02-DEL01-SC"
244225;2019-10-21;"segunda-feira";"09:00:00";"PR";376;222,6;"CAMBIRA";"Falta de Atenção à Condução";"Colisão transversal";"Com Vítimas Feridas";"Pleno dia";"Decrescente";"Céu Claro";"Dupla";"Retorno Regulamentado;Reta";"Sim";2;0;1;0;1;0;1;2;-23,59676737;-51,58132214;"SPRF-PR";"DEL07-PR";"UOP03-DEL07-PR"
244235;2019-10-21;"segunda-feira";"03:30:00";"MG";365;264;"JOAO PINHEIRO";"Defeito na Via";"Colisão lateral";"Com Vítimas Feridas";"Plena Noite";"Decrescente";"Nublado";"Simples";"Reta";"Não";2;0;1;0;1;0;1;2;-17,89182465;-45,54649107;"SPRF-MG";"DEL14-MG";"UOP02-DEL14-MG"
244236;2019-10-21;"segunda-feira";"09:40:00";"PR";163;251;"TOLEDO";"Não guardar distância de segurança";"Tombamento";"Com Vítimas Feridas";"Pleno dia";"Decrescente";"Chuva";"Dupla";"Reta";"Não";2;0;0;1;0;2;1;3;-24,69499806;-53,74153005;"SPRF-PR";"DEL06-PR";"UOP02-DEL06-PR"
244240;2019-10-21;"segunda-feira";"07:30:00";"SC";101;111,8;"NAVEGANTES";"Falta de Atenção à Condução";"Colisão transversal";"Com Vítimas Feridas";"Pleno dia";"Crescente";"Chuva";"Dupla";"Interseção de Vias";"Não";2;0;1;0;1;0;1;2;-26,83955734;-48,71418074;"SPRF-SC";"DEL04-SC";"UOP04-DEL04-SC"
244248;2019-10-21;"segunda-feira";"11:00:00";"PR";476;153,5;"ARAUCARIA";"Velocidade Incompatível";"Colisão traseira";"Com Vítimas Feridas";"Pleno dia";"Decrescente";"Chuva";"Dupla";"Reta";"Não";2;0;1;0;1;0;1;2;-25,577307;-49,392338;"SPRF-PR";"DEL01-PR";"UOP06-DEL01-PR"
244252;2019-10-21;"segunda-feira";"10:50:00";"MG";40;757,1;"EWBANK DA CAMARA";"Velocidade Incompatível";"Colisão frontal";"Com Vítimas Feridas";"Pleno dia";"Decrescente";"Chuva";"Simples";"Curva";"Não";4;0;0;2;1;2;2;4;-21,50323045;-43,53179519;"SPRF-MG";"DEL05-MG";"UOP01-DEL05-MG"
244262;2019-10-21;"segunda-feira";"12:00:00";"MA";135;4,5;"SAO LUIS";"Defeito na Via";"Colisão lateral";"Com Vítimas Feridas";"Pleno dia";"Crescente";"Céu Claro";"Dupla";"Reta";"Não";2;0;0;1;1;0;1;2;-2,61424881;-44,25257023;"SPRF-MA";"DEL01-MA";"UOP01-DEL01-MA"
244264;2019-10-21;"segunda-feira";"11:30:00";"SP";116;470;"JACUPIRANGA";"Falta de Atenção à Condução";"Colisão com objeto estático";"Com Vítimas Feridas";"Pleno dia";"Crescente";"Nublado";"Dupla";"Curva";"Não";2;0;2;0;0;0;2;1;-24,65403826;-47,95945895;"SPRF-SP";"DEL05-SP";"UAP01-DEL05-SP"
244267;2019-10-21;"segunda-feira";"12:00:00";"BA";242;886;"LUIS EDUARDO MAGALHAES";"Falta de Atenção à Condução";"Colisão frontal";"Com Vítimas Feridas";"Pleno dia";"Crescente";"Garoa/Chuvisco";"Dupla";"Reta";"Sim";9;0;7;1;1;0;8;2;-12,094651;-45,820849;"SPRF-BA";"DEL10-BA";"UOP01-DEL10-BA"
244268;2019-10-21;"segunda-feira";"12:20:00";"MT";163;954;"NOVA SANTA HELENA";"Desobediência às normas de trânsito pelo condutor";"Saída de leito carroçável";"Com Vítimas Feridas";"Pleno dia";"Decrescente";"Céu Claro";"Simples";"Aclive";"Não";3;0;1;0;1;4;1;6;-10,94355136;-55,21213531;"SPRF-MT";"DEL06-MT";"UOP02-DEL06-MT"