"id";"data_inversa";"dia_semana";"horario";"uf";"br";"km";"municipio";"causa_acidente";"tipo_acidente";"classificacao_acidente";"fase_dia";"sentido_via";"condicao_metereologica";"tipo_pista";"tracado_via";"uso_solo";"pessoas";"mortos";"feridos_leves";"feridos_graves";"ilesos";"ignorados";"feridos";"veiculos";"latitude";"longitude";"regional";"delegacia";"uop"
244269;2019-10-17;"quinta-feira";"08:00:00";"PR";376;490,5;"PONTA GROSSA";"Velocidade Incompatível";"Tombamento";"Com Vítimas Feridas";"Pleno dia";"Crescente";"Céu Claro";"Dupla";"Viaduto";"Sim";1;0;1;0;0;0;1;1;-25,10388994;-50,1962561;"SPRF-PR";"DEL03-PR";"UOP04-DEL03-PR"
244272;2019-10-21;"segunda-feira";"11:40:00";"MG";251;405;"GRAO MOGOL";"Velocidade Incompatível";"Saída de leito carroçável";"Com Vítimas Fatais";"Pleno dia";"Crescente";"Nublado";"Simples";"Aclive;Reta";"Não";2;1;0;0;0;1;0;2;-16,26065115;-42,95698091;"SPRF-MG";"DEL12-MG";"UOP01-DEL12-MG"
244273;2019-10-09;"quarta-feira";"16:05:00";"SC";470;76,6;"INDAIAL";"Mal Súbito";"Colisão lateral";"Com Vítimas Fatais";"Pleno dia";"Decrescente";"Sol";"Simples";"Reta";"Não";3;1;0;0;1;1;0;3;-26,933308;-49,287426;"SPRF-SC";"DEL04-SC";"UOP01-DEL04-SC"
244276;2019-10-21;"segunda-feira";"12:00:00";"PR";277;343,3;"GUARAPUAVA";"Desobediência às normas de trânsito pelo condutor";"Colisão lateral";"Com Vítimas Feridas";"Pleno dia";"Crescente";"Nublado";"Dupla";"Reta";"Sim";3;0;1;0;1;1;1;3;-25,36118229;-51,46993876;"SPRF-PR";"DEL03-PR";"UOP01-DEL08-PR"
244278;2019-10-21;"segunda-feira";"12:45:00";"MS";267;29;"BATAGUASSU";"Falta de Atenção à Condução";"Colisão lateral";"Com Vítimas Feridas";"Pleno dia";"Crescente";"Nublado";"Dupla";"Reta";"Não";3;0;1;0;2;0;1;2;-21,71982031;-52,423208;"SPRF-MS";"DEL02-MS";"UOP04-DEL02-MS"
244284;2019-10-21;"segunda-feira";"10:10:00";"SC";116;187,5;"SAO CRISTOVAO DO SUL";"Falta de Atenção à Condução";"Colisão frontal";"Com Vítimas Feridas";"Pleno dia";"Decrescente";"Chuva";"Simples";"Reta";"Não";4;0;2;0;1;1;2;3;-27,32131902;-50,42329211;"SPRF-SC";"DEL05-SC";"UOP03-DEL05-SC"
244287;2019-10-21;"segunda-feira";"14:25:00";"MG";40;434;"PARAOPEBA";"Falta de Atenção à Condução";"Colisão traseira";"Com Vítimas Feridas";"Pleno dia";"Crescente";"Céu Claro";"Dupla";"Aclive";"Não";5;0;1;1;2;1;2;3;-19,21421334;-44,45770226;"SPRF-MG";"DEL02-MG";"UOP01-DEL02-MG"
244298;2019-10-21;"segunda-feira";"08:45:00";"BA";367;32,1;"PORTO SEGURO";"Falta de Atenção à Condução";"Colisão traseira";"Com Vítimas Feridas";"Pleno dia";"Decrescente";"Sol";"Simples";"Reta";"Não";2;0;1;0;1;0;1;2;-16,41961982;-39,15115356;"SPRF-BA";"DEL09-BA";"UOP01-DEL09-BA"
244306;2019-10-21;"segunda-feira";"16:20:00";"RJ";393;172;"TRES RIOS";"Falta de Atenção à Condução";"Colisão transversal";"Com Vítimas Feridas";"Pleno dia";"Crescente";"Chuva";"Simples";"Curva";"Não";3;0;1;0;1;2;1;4;-22,12463126;-43,17771104;"SPRF-RJ";"DEL06-RJ";"UOP02-DEL05-RJ"
244319;2019-10-21;"segunda-feira";"17:45:00";"SP";153;32,5;"NOVA GRANADA";"Falta de Atenção à Condução";"Engavetamento";"Com Vítimas Feridas";"Anoitecer";"Crescente";"Chuva";"Simples";"Declive";"Não";6;0;3;0;3;0;3;4;-20,55543809;-49,32522215;"SPRF-SP";"DEL09-SP";"UOP01-DEL09-SP"
244324;2019-10-21;"segunda-feira";"17:10:00";"PR";277;466,7;"LARANJEIRAS DO SUL";"Carga excessiva e/ou mal acondicionada";"Tombamento";"Com Vítimas Fatais";"Anoitecer";"Crescente";"Nublado";"Simples";"Curva";"Não";4;1;0;0;2;5;0;8;-25,34850811;-52,48961514;"SPRF-PR";"DEL04-PR";"UOP02-DEL04-PR"
244329;2019-10-21;"segunda-feira";"15:10:00";"BA";101;431;"MARAU";"Ultrapassagem Indevida";"Saída de leito carroçável";"Com Vítimas Feridas";"Pleno dia";"Crescente";"Céu Claro";"Simples";"Aclive";"Não";3;0;3;0;0;0;3;1;-14,23110685;-39,31938171;"SPRF-BA";"DEL05-BA";"UOP01-DEL05-BA"
244331;2019-10-21;"segunda-feira";"16:20:00";"MT";364;464;"VARZEA GRANDE";"Velocidade Incompatível";"Saída de leito carroçável";"Com Vítimas Feridas";"Pleno dia";"Crescente";"Garoa/Chuvisco";"Simples";"Curva";"Não";2;0;1;0;0;1;1;2;-15,49417155;-56,27739364;"SPRF-MT";"DEL01-MT";"DEL2/4-UOP02/MT"
244333;2019-10-21;"segunda-feira";"17:10:00";"MT";364;396;"CUIABA";"Falta de Atenção à Condução";"Colisão lateral";"Com Vítimas Fatais";"Pleno dia";"Decrescente";"Nublado";"Simples";"Reta";"Não";4;1;0;0;1;2;0;4;-15,69004774;-55,90523988;"SPRF-MT";"DEL02-MT";"UOP02-DEL01-MT"
244346;2019-10-21;"segunda-feira";"18:45:00";"MG";459;107;"POUSO ALEGRE";"Falta de Atenção à Condução";"Colisão frontal";"Com Vítimas Feridas";"Plena Noite";"Crescente";"Nublado";"Simples";"Curva";"Sim";6;0;3;1;1;1;4;3;-22,238998;-45,890934;"SPRF-MG";"DEL16-MG";"UOP01-DEL16-MG"
244347;2019-10-21;"segunda-feira";"18:45:00";"RS";116;341,4;"BARRA DO RIBEIRO";"Defeito Mecânico no Veículo";"Colisão frontal";"Com Vítimas Feridas";"Plena Noite";"Decrescente";"Chuva";"Simples";"Reta";"Não";4;0;2;0;1;1;2;3;-30,46319597;-51,4939431;"SPRF-RS";"DEL02-RS";"UOP03-DEL02-RS"
244349;2019-10-21;"segunda-feira";"19:35:00";"PI";343;337;"TERESINA";"Desobediência às normas de trânsito pelo condutor";"Colisão frontal";"Com Vítimas Feridas";"Plena Noite";"Crescente";"Nublado";"Simples";"Declive";"Não";3;0;2;0;1;0;2;3;-5,061969;-42,714039;"SPRF-PI";"DEL01-PI";"UOP01-DEL01-PI"
244354;2019-10-09;"quarta-feira";"17:10:00";"MG";50;76;"UBERLANDIA";"Não guardar distância de segurança";"Colisão traseira";"Com Vítimas Feridas";"Pleno dia";"Crescente";"Céu Claro";"Dupla";"Reta";"Sim";4;0;1;0;0;3;1;4;-18,93243089;-48,22071075;"SPRF-MG";"DEL15-MG";"UOP01-DEL15-MG"
244356;2019-10-21;"segunda-feira";"20:25:00";"MG";381;679,9;"PERDOES";"Condutor Dormindo";"Saída de leito carroçável";"Sem Vítimas";"Plena Noite";"Crescente";"Nublado";"Dupla";"Reta";"Não";1;0;0;0;1;0;0;1;-21,14734508;-45,10983682;"SPRF-MG";"DEL04-MG";"UOP02-DEL04-MG"
244359;2019-09-06;"sexta-feira";"16:20:00";"SC";282;80;"RANCHO QUEIMADO";"Velocidade Incompatível";"Colisão frontal";"Com Vítimas Fatais";"Pleno dia";"Crescente";"Chuva";"Simples";"Curva";"Não";3;2;0;0;1;0;0;2;-27,663555;-49,159309;"SPRF-SC";"DEL01-SC";"UOP03-DEL01-SC"
244361;2019-10-21;"segunda-feira";"13:05:00";"RS";290;213,1;"PANTANO GRANDE";"Falta de Atenção à Condução";"Colisão transversal";"Sem Vítimas";"Pleno dia";"Decrescente";"Garoa/Chuvisco";"Simples";"Rotatória";"Sim";3;0;0;0;1;2;0;3;-30,1867851;-52,3579216;"SPRF-RS";"DEL02-RS";"UOP02-DEL02-RS"
244366;2019-10-21;"segunda-feira";"17:45:00";"CE";116;29;"ITAITINGA";"Falta de Atenção à Condução";"Colisão traseira";"Com Vítimas Feridas";"Plena Noite";"Crescente";"Céu Claro";"Dupla";"Reta";"Não";2;0;1;0;1;0;1;2;-4,00202799;-38,51692006;"SPRF-CE";"DEL01-CE";"UOP02-DEL01-CE"
244370;2019-10-21;"segunda-feira";"14:54:00";"GO";60;171,2;"ABADIA DE GOIAS";"Velocidade Incompatível";"Colisão com objeto estático";"Sem Vítimas";"Pleno dia";"Decrescente";"Céu Claro";"Dupla";"Reta";"Não";2;0;0;0;1;2;0;3;-16,7333;-49,3996;"SPRF-GO";"DEL01-GO";"UOP02-DEL01-GO"
244371;2019-10-21;"segunda-feira";"22:00:00";"BA";101;817;"TEIXEIRA DE FREITAS";"Falta de Atenção à Condução";"Capotamento";"Com Vítimas Feridas";"Plena Noite";"Crescente";"Garoa/Chuvisco";"Simples";"Curva";"Não";1;0;1;0;0;0;1;1;-17,25428798;-39,63099022;"SPRF-BA";"DEL09-BA";"UOP01-DEL09-BA"
244374;2019-10-21;"segunda-feira";"20:10:00";"MG";116;571,5;"MANHUACU";"Pista Escorregadia";"Colisão transversal";"Com Vítimas Feridas";"Plena Noite";"Crescente";"Nublado";"Simples";"Curva";"Não";5;0;1;3;0;1;4;3;-20,11476401;-42,18102184;"SPRF-MG";"DEL06-MG";"UOP03-DEL06-MG"
244376;2019-10-21;"segunda-feira";"19:10:00";"RO";364;537,5;"ALTO PARAISO";"Desobediência às normas de trânsito pelo condutor";"Colisão transversal";"Com Vítimas Feridas";"Plena Noite";"Crescente";"Céu Claro";"Simples";"Reta";"Não";8;0;4;2;1;3;6;6;-9,749968;-63,11182798;"SPRF-RO";"DEL03-RO";"UOP01-DEL03-RO"
244378;2019-10-21;"segunda-feira";"15:50:00";"MG";262;553,6;"LUZ";"Velocidade Incompatível";"Saída de leito carroçável";"Com Vítimas Feridas";"Pleno dia";"Decrescente";"Chuva";"Simples";"Curva";"Não";3;0;1;0;1;1;1;2;-19,71819541;-45,89938601;"SPRF-MG";"DEL08-MG";"UOP02-DEL08-MG"
244379;2019-10-21;"segunda-feira";"18:55:00";"PR";476;236,4;"LAPA";"Defeito Mecânico no Veículo";"Incêndio";"Sem Vítimas";"Anoitecer";"Decrescente";"Céu Claro";"Simples";"Reta";"Não";1;0;0;0;1;0;0;1;-25,875231;-50,035667;"SPRF-PR";"DEL02-PR";"UOP04-DEL02-PR"
244380;2019-10-21;"segunda-feira";"20:00:00";"MT";70;713,4;"CACERES";"Pista Escorregadia";"Saída de leito carroçável";"Sem Vítimas";"Plena Noite";"Crescente";"Chuva";"Simples";"Curva";"Não";1;0;0;0;1;0;0;1;-16,19519523;-57,5885627;"SPRF-MT";"DEL03-MT";"UOP01-DEL03-MT"
244381;2019-10-22;"terça-feira";"00:30:00";"RO";319;57;"PORTO VELHO";"Carga excessiva e/ou mal acondicionada";"Derramamento de carga";"Sem Vítimas";"Plena Noite";"Crescente";"Céu Claro";"Simples";"Ponte";"Sim";2;0;0;0;1;1;0;2;-8,73731918;-63,91768456;"SPRF-RO";"DEL01-RO";"UOP01-DEL01-RO"
244382;2019-10-22;"terça-feira";"01:20:00";"GO";20;18,9;"FORMOSA";"Pista Escorregadia";"Saída de leito carroçável";"Com Vítimas Feridas";"Plena Noite";"Crescente";"Chuva";"Simples";"Reta";"Não";1;0;1;0;0;0;1;1;-15,556626;-47,195999;"SPRF-DF";"DEL02-DF";"UOP01-DEL02-DF"
244384;2019-10-21;"segunda-feira";"23:40:00";"MG";365;69,3;"JEQUITAI";"Velocidade Incompatível";"Saída de leito carroçável";"Com Vítimas Feridas";"Plena Noite";"Decrescente";"Garoa/Chuvisco";"Simples";"Curva";"Não";2;0;2;0;0;0;2;1;-17,07222805;-44,33952581;"SPRF-MG";"DEL12-MG";"UOP01-DEL12-MG"
244385;2019-10-22;"terça-feira";"02:20:00";"PE";232;355;"FLORES";"Falta de Atenção à Condução";"Capotamento";"Sem Vítimas";"Plena Noite";"Decrescente";"Céu Claro";"Simples";"Curva";"Não";2;0;0;0;1;1;0;2;-8,053273;-37,831716;"SPRF-PE";"DEL04-PE";"UOP01-DEL04-PE"
244387;2019-10-22;"terça-feira";"00:35:00";"PB";101;26,1;"RIO TINTO";"Falta de Atenção à Condução";"Saída de leito carroçável";"Sem Vítimas";"Plena Noite";"Decrescente";"Céu Claro";"Dupla";"Reta";"Não";2;0;0;0;1;1;0;2;-6,71699905;-35,11894863;"SPRF-PB";"DEL01-PB";"UOP04-DEL01-PB"
244390;2019-10-22;"terça-feira";"04:30:00";"SP";116;168;"JACAREI";"Falta de Atenção à Condução";"Colisão traseira";"Sem Vítimas";"Plena Noite";"Crescente";"Nublado";"Dupla";"Reta";"Não";3;0;0;0;3;0;0;3;-23,30545902;-46,03567599;"SPRF-SP";"DEL02-SP";"UOP01-DEL02-SP"
244392;2019-10-22;"terça-feira";"05:20:00";"MG";365;61,5;"JEQUITAI";"Desobediência às normas de trânsito pelo condutor";"Colisão lateral";"Com Vítimas Feridas";"Amanhecer";"Crescente";"Nublado";"Simples";"Curva";"Não";6;0;4;0;1;1;4;2;-17,0184081;-44,29681554;"SPRF-MG";"DEL12-MG";"UOP01-DEL12-MG"
244394;2019-10-22;"terça-feira";"06:10:00";"RJ";393;193;"PARAIBA DO SUL";"Falta de Atenção à Condução";"Colisão traseira";"Com Vítimas Feridas";"Amanhecer";"Crescente";"Nublado";"Simples";"Reta";"Não";2;0;0;1;1;0;1;2;-22,18422931;-43,34246372;"SPRF-RJ";"DEL05-RJ";"UOP03-DEL05-RJ"
244395;2019-10-22;"terça-feira";"06:45:00";"ES";101;183,6;"ARACRUZ";"Falta de Atenção à Condução";"Tombamento";"Com Vítimas Feridas";"Pleno dia";"Crescente";"Chuva";"Simples";"Reta";"Não";2;0;1;0;0;2;1;3;-19,65524008;-40,23355674;"SPRF-ES";"DEL04-ES";"UOP01-DEL04-ES"
244399;2019-10-22;"terça-feira";"06:25:00";"RJ";116;222;"PIRAI";"Carga excessiva e/ou mal acondicionada";"Tombamento";"Sem Vítimas";"Pleno dia";"Decrescente";"Céu Claro";"Simples";"Curva";"Sim";2;0;0;0;2;0;0;1;-22,6896952;-43,79175108;"SPRF-RJ";"DEL07-RJ";"UOP01-DEL07-RJ"
244400;2019-10-22;"terça-feira";"06:30:00";"RS";290;438,9;"SAO GABRIEL";"Falta de Atenção à Condução";"Colisão lateral";"Com Vítimas Feridas";"Pleno dia";"Crescente";"Nevoeiro/Neblina";"Simples";"Reta";"Não";14;0;3;0;11;0;3;3;-30,25876;-54,497643;"SPRF-RS";"DEL11-RS";"UOP02-DEL11-RS"
244404;2019-10-21;"segunda-feira";"19:00:00";"MG";364;0;"PLANURA";"Pista Escorregadia";"Colisão com objeto estático";"Sem Vítimas";"Plena Noite";"Crescente";"Chuva";"Simples";"Ponte";"Não";1;0;0;0;1;0;0;1;-20,13824;-48,702347;"SPRF-MG";"DEL13-MG";"UOP02-DEL13-MG"
244417;2019-10-22;"terça-feira";"07:00:00";"MG";381;925;"ITAPEVA";"Velocidade Incompatível";"Colisão com objeto estático";"Com Vítimas Feridas";"Pleno dia";"Crescente";"Céu Claro";"Dupla";"Curva";"Não";2;0;2;0;0;0;2;1;-22,77084948;-46,20034218;"SPRF-MG";"DEL16-MG";"UOP03-DEL16-MG"
244424;2019-10-14;"segunda-feira";"11:40:00";"MS";158;107;"PARANAIBA";"Condutor Dormindo";"Saída de leito carroçável";"Com Vítimas Feridas";"Pleno dia";"Decrescente";"Céu Claro";"Simples";"Reta";"Não";5;0;2;0;1;4;2;6;-19,76152096;-51,12322487;"SPRF-MS";"DEL08-MS";"UOP01-DEL08-MS"
244426;2019-10-10;"quinta-feira";"19:30:00";"MG";365;627;"UBERLANDIA";"Falta de Atenção à Condução";"Colisão lateral";"Com Vítimas Feridas";"Plena Noite";"Decrescente";"Céu Claro";"Dupla";"Reta";"Sim";3;0;1;0;1;2;1;4;-18,91067124;-48,30516815;"SPRF-MG";"DEL15-MG";"UOP01-DEL15-MG"
244427;2019-10-22;"terça-feira";"07:30:00";"BA";101;65;"ENTRE RIOS";"Falta de Atenção à Condução";"Tombamento";"Com Vítimas Feridas";"Pleno dia";"Decrescente";"Céu Claro";"Simples";"Reta";"Não";2;0;1;0;0;2;1;3;-11,96447038;-38,09607094;"SPRF-BA";"DEL01-BA";"UOP04-DEL01-BA"
244429;2019-10-22;"terça-feira";"06:00:00";"SP";381;90;"GUARULHOS";"Falta de Atenção à Condução";"Colisão com objeto estático";"Sem Vítimas";"Amanhecer";"Crescente";"Nublado";"Dupla";"Reta";"Sim";2;0;0;0;1;1;0;2;-23,49479479;-46,55959864;"SPRF-SP";"DEL03-SP";"UOP01-DEL03-SP"
244430;2019-10-22;"terça-feira";"09:15:00";"RJ";493;0,4;"ITABORAI";"Desobediência às normas de trânsito pelo condutor";"Colisão transversal";"Com Vítimas Feridas";"Pleno dia";"Crescente";"Nublado";"Simples";"Reta";"Sim";5;0;2;0;2;1;2;3;-22,7664526;-42,92325323;"SPRF-RJ";"DEL02-RJ";"UOP02-DEL02-RJ"
244434;2019-10-22;"terça-feira";"08:00:00";"SC";470;146,6;"RIO DO SUL";"Falta de Atenção à Condução";"Colisão transversal";"Com Vítimas Feridas";"Pleno dia";"Crescente";"Sol";"Simples";"Reta";"Sim";2;0;1;0;1;0;1;2;-27,240673;-49,685822;"SPRF-SC";"DEL04-SC";"UOP02-DEL04-SC"
244437;2019-10-22;"terça-feira";"09:00:00";"PB";230;14;"CABEDELO";"Velocidade Incompatível";"Engavetamento";"Com Vítimas Feridas";"Pleno dia";"Decrescente";"Céu Claro";"Dupla";"Declive";"Sim";4;0;1;0;3;0;1;4;-7,0844;-34,8488;"SPRF-PB";"DEL01-PB";"UOP01-DEL01-PB"
244440;2019-10-22;"terça-feira";"09:35:00";"SC";470;139;"RIO DO SUL";"Falta de Atenção à Condução";"Colisão lateral";"Sem Vítimas";"Pleno dia";"Crescente";"Céu Claro";"Múltipla";"Rotatória";"Não";2;0;0;0;2;0;0;2;-27,217564;-49,65461;"SPRF-SC";"DEL04-SC";"UOP02-DEL04-SC"
244441;2019-09-12;"quinta-feira";"12:20:00";"MG";146;599;"POCOS DE CALDAS";"Desobediência às normas de trânsito pelo condutor";"Tombamento";"Com Vítimas Feridas";"Pleno dia";"Decrescente";"Céu Claro";"Simples";"Curva";"Não";1;0;0;1;0;0;1;1;-21,76701849;-46,4200443;"SPRF-MG";"DEL16-MG";"UOP01-DEL09-MG"
244442;2019-10-22;"terça-feira";"10:30:00";"SP";381;61;"MAIRIPORA";"Falta de Atenção à Condução";"Tombamento";"Sem Vítimas";"Pleno dia";"Crescente";"Céu Claro";"Dupla";"Curva;Declive";"Não";2;0;0;0;1;1;0;2;-23,29011611;-46,5800681;"SPRF-SP";"DEL03-SP";"UOP01-DEL03-SP"
244444;2019-10-22;"terça-feira";"09:30:00";"TO";153;339,1;"GUARAI";"Carga excessiva e/ou mal acondicionada";"Saída de leito carroçável";"Com Vítimas Feridas";"Pleno dia";"Decrescente";"Nublado";"Simples";"Reta";"Não";2;0;1;0;0;1;1;2;-8,88128099;-48,50871049;"SPRF-TO";"DEL02-TO";"UOP02-DEL02-TO"
244451;2019-10-22;"terça-feira";"10:00:00";"MT";364;1145;"SAPEZAL";"Falta de Atenção à Condução";"Colisão transversal";"Com Vítimas Feridas";"Pleno dia";"Crescente";"Céu Claro";"Simples";"Reta";"Não";3;0;1;0;1;2;1;4;-13,52686816;-58,95718103;"SPRF-MT";"DEL04-MT";"UOP01-DEL04-MT"
244452;2019-10-22;"terça-feira";"08:40:00";"PA";155;271;"ELDORADO DO CARAJAS";"Falta de Atenção à Condução";"Colisão traseira";"Com Vítimas Feridas";"Amanhecer";"Crescente";"Chuva";"Simples";"Reta";"Não";7;0;4;0;2;2;4;4;-5,97341309;-49,22814974;"SPRF-PA";"DEL03-PA";"UOP01-DEL03-PA"
244461;2019-10-22;"terça-feira";"14:00:00";"RJ";493;18;"MAGE";"Falta de Atenção à Condução";"Colisão frontal";"Com Vítimas Fatais";"Pleno dia";"Decrescente";"Nublado";"Simples";"Reta";"Não";4;2;0;0;1;1;0;3;-22,6687122;-43,01862696;"SPRF-RJ";"DEL04-RJ";"UOP02-DEL04-RJ"
244462;2019-10-22;"terça-feira";"13:30:00";"ES";262;177,4;"IBATIBA";"Defeito Mecânico no Veículo";"Tombamento";"Com Vítimas Feridas";"Pleno dia";"Decrescente";"Céu Claro";"Simples";"Curva";"Não";3;0;2;0;0;1;2;2;-20,28062181;-41,64687634;"SPRF-ES";"DEL01-ES";"UOP02-DEL01-ES"
244464;2019-10-22;"terça-feira";"14:20:00";"PE";101;91,2;"CABO DE SANTO AGOSTINHO";"Falta de Atenção à Condução";"Colisão transversal";"Com Vítimas Feridas";"Pleno dia";"Crescente";"Céu Claro";"Simples";"Reta";"Sim";2;0;1;0;1;0;1;2;-8,22399812;-34,99290474;"SPRF-PE";"DEL01-PE";"UOP03-DEL01-PE"
244466;2019-10-22;"terça-feira";"14:05:00";"SC";101;215,5;"PALHOCA";"Falta de Atenção à Condução";"Colisão traseira";"Sem Vítimas";"Pleno dia";"Decrescente";"Sol";"Dupla";"Interseção de Vias";"Não";2;0;0;0;2;0;0;2;-27,65184843;-48,67604941;"SPRF-SC";"DEL01-SC";"UOP02-DEL01-SC"
244469;2019-10-22;"terça-feira";"15:00:00";"PB";230;251;"JUAZEIRINHO";"Falta de Atenção à Condução";"Colisão transversal";"Com Vítimas Feridas";"Pleno dia";"Crescente";"Céu Claro";"Simples";"Interseção de Vias";"Não";2;0;0;1;1;0;1;2;-7,055;-36,6541;"SPRF-PB";"DEL03-PB";"UOP01-DEL03-PB"
244482;2019-10-22;"terça-feira";"16:40:00";"SC";101;116,7;"ITAJAI";"Ultrapassagem Indevida";"Colisão lateral";"Com Vítimas Feridas";"Pleno dia";"Crescente";"Céu Claro";"Dupla";"Reta";"Sim";2;0;1;0;1;0;1;2;-26,87905605;-48,72603512;"SPRF-SC";"DEL04-SC";"UOP04-DEL04-SC"
244486;2019-10-22;"terça-feira";"16:50:00";"SC";101;202;"SAO JOSE";"Falta de Atenção à Condução";"Colisão lateral";"Com Vítimas Feridas";"Pleno dia";"Decrescente";"Céu Claro";"Dupla";"Reta";"Não";2;0;0;1;1;0;1;2;-27,55711595;-48,61897889;"SPRF-SC";"DEL01-SC";"UOP01-DEL01-SC"
244493;2019-10-22;"terça-feira";"16:30:00";"PB";101;71;"SANTA RITA";"Condutor Dormindo";"Colisão lateral";"Com Vítimas Feridas";"Pleno dia";"Crescente";"Céu Claro";"Dupla";"Reta";"Não";4;0;1;0;1;2;1;4;-7,06838278;-35,0033079;"SPRF-PB";"DEL01-PB";"UOP04-DEL01-PB"
244495;2019-10-22;"terça-feira";"17:55:00";"PR";116;101;"SAO JOSE DOS PINHAIS";"Falta de Atenção à Condução";"Colisão lateral";"Com Vítimas Feridas";"Anoitecer";"Crescente";"Céu Claro";"Dupla";"Reta";"Não";4;0;1;0;2;1;1;3;-25,54167701;-49,1509368;"SPRF-PR";"DEL01-PR";"UOP01-DEL01-PR"
244498;2019-10-22;"terça-feira";"17:50:00";"MG";262;359,7;"BETIM";"Desobediência às normas de trânsito pelo condutor";"Colisão transversal";"Com Vítimas Feridas";"Anoitecer";"Decrescente";"Nublado";"Múltipla";"Reta";"Sim";2;0;0;1;1;0;1;2;-19,98077008;-44,25189972;"SPRF-MG";"DEL01-MG";"UOP03-DEL01-MG"
244509;2019-10-22;"terça-feira";"18:45:00";"MG";153;32,9;"CANAPOLIS";"Falta de Atenção do Pedestre";"Atropelamento de Pedestre";"Com Vítimas Fatais";"Anoitecer";"Decrescente";"Nublado";"Dupla";"Reta";"Não";3;1;0;0;1;1;0;2;-18,69533703;-49,14697105;"SPRF-MG";"DEL15-MG";"UOP03-DEL15-MG"
244510;2019-10-22;"terça-feira";"18:10:00";"BA";101;38,6;"ESPLANADA";"Falta de Atenção à Condução";"Colisão traseira";"Com Vítimas Feridas";"Plena Noite";"Decrescente";"Céu Claro";"Simples";"Reta";"Não";2;0;0;1;1;0;1;2;-11,83926609;-37,9902807;"SPRF-SE";"DEL02-SE";"UOP03-DEL02-SE"
244511;2019-10-22;"terça-feira";"14:00:00";"BA";116;716,8;"MANOEL VITORINO";"Agressão Externa";"Tombamento";"Com Vítimas Feridas";"Pleno dia";"Decrescente";"Céu Claro";"Simples";"Reta";"Não";2;0;1;0;0;1;1;2;-14,1652421;-40,25368181;"SPRF-BA";"DEL08-BA";"UOP02-DEL08-BA"
244514;2019-10-22;"terça-feira";"16:55:00";"MT";163;850;"SINOP";"Pista Escorregadia";"Colisão traseira";"Sem Vítimas";"Anoitecer";"Decrescente";"Chuva";"Simples";"Reta";"Não";4;0;0;0;3;3;0;6;-11,722431;-55,459215;"SPRF-MT";"DEL06-MT";"UOP02-DEL06-MT"
244516;2019-10-22;"terça-feira";"19:00:00";"MT";364;379,9;"CUIABA";"Falta de Atenção à Condução";"Saída de leito carroçável";"Com Vítimas Feridas";"Plena Noite";"Crescente";"Céu Claro";"Dupla";"Reta";"Não";3;0;1;0;0;2;1;3;-15,702413;-55,802028;"SPRF-MT";"DEL02-MT";"UOP02-DEL01-MT"
244523;2019-10-22;"terça-feira";"13:30:00";"RS";293;213;"DOM PEDRITO";"Defeito Mecânico no Veículo";"Tombamento";"Com Vítimas Feridas";"Pleno dia";"Decrescente";"Céu Claro";"Simples";"Reta";"Não";2;0;1;0;0;1;1;2;-31,1654461;-54,35478012;"SPRF-RS";"DEL11-RS";"UOP03-DEL11-RS"
244525;2019-10-22;"terça-feira";"20:45:00";"SP";116;385;"MIRACATU";"Velocidade Incompatível";"Colisão lateral";"Com Vítimas Feridas";"Plena Noite";"Decrescente";"Céu Claro";"Simples";"Retorno Regulamentado";"Não";5;0;2;0;2;1;2;3;-24,254993;-47,375412;"SPRF-SP";"DEL04-SP";"UOP02-DEL04-SP"
244532;2019-10-22;"terça-feira";"08:30:00";"AM";174;1138;"PRESIDENTE FIGUEIREDO";"Falta de Atenção à Condução";"Saída de leito carroçável";"Com Vítimas Feridas";"Pleno dia";"Crescente";"Ignorado";"Simples";"Curva";"Não";2;0;1;0;0;1;1;2;-0,8706972;-60,51418611;"SPRF-AM";"DEL01-AM";"UOP02-DEL01-AM"
244534;2019-10-22;"terça-feira";"22:20:00";"MG";381;489,9;"BETIM";"Falta de Atenção do Pedestre";"Atropelamento de Pedestre";"Com Vítimas Fatais";"Plena Noite";"Crescente";"Céu Claro";"Múltipla";"Reta;Aclive";"Sim";3;1;0;0;1;1;0;3;-19,956458;-44,14069533;"SPRF-MG";"DEL01-MG";"UOP03-DEL01-MG"
244538;2019-10-22;"terça-feira";"23:15:00";"SP";116;158;"SAO JOSE DOS CAMPOS";"Falta de Atenção à Condução";"Colisão lateral";"Com Vítimas Feridas";"Plena Noite";"Decrescente";"Nublado";"Dupla";"Reta";"Sim";2;0;1;0;0;1;1;2;-23,26072137;-45,95179176;"SPRF-SP";"DEL02-SP";"UOP01-DEL02-SP"
244539;2019-10-22;"terça-feira";"22:00:00";"SP";116;340;"MIRACATU";"Falta de Atenção à Condução";"Colisão traseira";"Sem Vítimas";"Plena Noite";"Decrescente";"Céu Claro";"Dupla";"Aclive";"Não";6;0;0;0;5;1;0;6;-24,00328505;-47,15633198;"SPRF-SP";"DEL04-SP";"UOP03-DEL04-SP"
244542;2019-10-22;"terça-feira";"20:00:00";"PI";135;405;"REDENCAO DO GURGUEIA";"Defeito na Via";"Tombamento";"Sem Vítimas";"Plena Noite";"Decrescente";"Céu Claro";"Simples";"Reta";"Não";2;0;0;0;1;1;0;2;-9,42655578;-44,65124309;"SPRF-PI";"DEL03-PI";"UOP02-DEL03-PI"