"id";"data_inversa";"dia_semana";"horario";"uf";"br";"km";"municipio";"causa_acidente";"tipo_acidente";"classificacao_acidente";"fase_dia";"sentido_via";"condicao_metereologica";"tipo_pista";"tracado_via";"uso_solo";"pessoas";"mortos";"feridos_leves";"feridos_graves";"ilesos";"ignorados";"feridos";"veiculos";"latitude";"longitude";"regional";"delegacia";"uop"
244822;2019-10-24;"quinta-feira";"14:13:00";"AL";101;40,9;"FLEXEIRAS";"Velocidade Incompatível";"Tombamento";"Com Vítimas Feridas";"Pleno dia";"Decrescente";"Céu Claro";"Dupla";"Curva";"Não";2;0;1;0;0;1;1;2;-9,16377891;-35,77034503;"SPRF-AL";"DEL01-AL";"UOP02-DEL01-AL"
244823;2019-10-24;"quinta-feira";"14:40:00";"RJ";116;239;"PIRAI";"Defeito Mecânico no Veículo";"Derramamento de carga";"Com Vítimas Feridas";"Pleno dia";"Decrescente";"Céu Claro";"Dupla";"Reta";"Não";2;0;1;0;0;1;1;2;-22,65832258;-43,88969593;"SPRF-RJ";"DEL07-RJ";"UOP01-DEL07-RJ"
244825;2019-10-24;"quinta-feira";"14:00:00";"GO";40;25;"LUZIANIA";"Falta de Atenção à Condução";"Colisão traseira";"Com Vítimas Feridas";"Pleno dia";"Crescente";"Céu Claro";"Dupla";"Reta";"Não";5;0;4;1;0;0;5;2;-16,252751;-47,900453;"SPRF-DF";"DEL01-DF";"UOP01-DEL01-DF"
244830;2019-10-24;"quinta-feira";"15:10:00";"ES";262;88,9;"DOMINGOS MARTINS";"Falta de Atenção à Condução";"Colisão lateral";"Com Vítimas Feridas";"Pleno dia";"Crescente";"Nublado";"Simples";"Curva";"Não";4;0;1;2;1;0;3;2;-20,39120365;-41,0098457;"SPRF-ES";"DEL01-ES";"UOP02-DEL01-ES"
244833;2019-10-24;"quinta-feira";"16:00:00";"PE";232;242,8;"ARCOVERDE";"Avarias e/ou desgaste excessivo no pneu";"Capotamento";"Com Vítimas Feridas";"Pleno dia";"Crescente";"Céu Claro";"Simples";"Reta";"Não";1;0;1;0;0;0;1;1;-8,41530367;-36,98020602;"SPRF-PE";"DEL03-PE";"UOP02-DEL03-PE"
244834;2019-10-24;"quinta-feira";"14:35:00";"SC";101;207,3;"SAO JOSE";"Falta de Atenção à Condução";"Tombamento";"Com Vítimas Fatais";"Pleno dia";"Decrescente";"Céu Claro";"Dupla";"Reta";"Não";4;1;0;0;1;2;0;4;-27,60001226;-48,6226467;"SPRF-SC";"DEL01-SC";"UOP01-DEL01-SC"
244842;2019-10-24;"quinta-feira";"17:20:00";"PR";277;345,5;"GUARAPUAVA";"Falta de Atenção à Condução";"Colisão transversal";"Com Vítimas Feridas";"Pleno dia";"Decrescente";"Sol";"Simples";"Curva";"Sim";2;0;0;1;1;0;1;2;-25,36622835;-51,49149299;"SPRF-PR";"DEL03-PR";"UOP01-DEL08-PR"
244850;2019-10-24;"quinta-feira";"17:00:00";"PI";316;1,9;"TERESINA";"Falta de Atenção à Condução";"Colisão lateral";"Sem Vítimas";"Pleno dia";"Crescente";"Céu Claro";"Dupla";"Reta";"Sim";2;0;0;0;1;1;0;2;-5,12861853;-42,80706778;"SPRF-PI";"DEL01-PI";"UOP02-DEL01-PI"
244853;2019-10-24;"quinta-feira";"17:00:00";"SP";116;107;"TAUBATE";"Não guardar distância de segurança";"Engavetamento";"Com Vítimas Feridas";"Pleno dia";"Crescente";"Nublado";"Dupla";"Reta";"Não";6;0;1;0;5;0;1;5;-23,01791287;-45,53009409;"SPRF-SP";"DEL06-SP";"UOP01-DEL06-SP"
244854;2019-10-24;"quinta-feira";"13:00:00";"BA";116;778;"PLANALTO";"Ultrapassagem Indevida";"Colisão frontal";"Com Vítimas Fatais";"Pleno dia";"Crescente";"Céu Claro";"Simples";"Reta";"Sim";3;1;0;0;1;1;0;3;-14,671924;-40,48295;"SPRF-BA";"DEL08-BA";"UOP02-DEL08-BA"
244860;2019-10-24;"quinta-feira";"14:35:00";"SC";153;58,6;"IRANI";"Falta de Atenção à Condução";"Colisão transversal";"Sem Vítimas";"Pleno dia";"Decrescente";"Céu Claro";"Simples";"Interseção de Vias";"Não";3;0;0;0;2;4;0;6;-26,964373;-51,841362;"SPRF-SC";"DEL07-SC";"UOP07-DEL07-SC"
244861;2019-10-24;"quinta-feira";"18:20:00";"GO";414;432,4;"ANAPOLIS";"Desobediência às normas de trânsito pelo condutor";"Colisão frontal";"Com Vítimas Feridas";"Anoitecer";"Decrescente";"Céu Claro";"Simples";"Reta;Declive";"Não";4;0;3;0;1;0;3;3;-16,22185914;-48,92314777;"SPRF-GO";"DEL02-GO";"UOP01-DEL02-GO"
244865;2019-09-28;"sábado";"14:20:00";"PB";101;111,7;"ALHANDRA";"Condutor Dormindo";"Colisão traseira";"Sem Vítimas";"Pleno dia";"Decrescente";"Sol";"Dupla";"Aclive";"Não";2;0;0;0;2;0;0;2;-7,36122197;-34,95184711;"SPRF-PB";"DEL01-PB";"UOP01-DEL01-PB"
244867;2019-10-24;"quinta-feira";"17:30:00";"SC";116;12,3;"MAFRA";"Falta de Atenção à Condução";"Colisão transversal";"Com Vítimas Feridas";"Pleno dia";"Decrescente";"Céu Claro";"Simples";"Rotatória";"Não";2;0;0;1;1;0;1;2;-26,17877859;-49,86720998;"SPRF-SC";"DEL06-SC";"UOP01-DEL06-SC"
244876;2019-08-03;"sábado";"02:10:00";"CE";222;299,6;"TIANGUA";"Defeito Mecânico no Veículo";"Incêndio";"Sem Vítimas";"Plena Noite";"Decrescente";"Céu Claro";"Simples";"Reta";"Não";1;0;0;0;1;0;0;1;-3,65035792;-40,9314202;"SPRF-CE";"DEL04-CE";"UOP02-DEL04-CE"
244880;2019-10-24;"quinta-feira";"13:15:00";"SC";470;249;"CURITIBANOS";"Pista Escorregadia";"Saída de leito carroçável";"Com Vítimas Feridas";"Pleno dia";"Crescente";"Chuva";"Simples";"Rotatória";"Sim";3;0;2;0;0;1;2;2;-27,312902;-50,559643;"SPRF-SC";"DEL05-SC";"UOP03-DEL05-SC"
244881;2019-10-24;"quinta-feira";"16:00:00";"SC";470;244,9;"CURITIBANOS";"Falta de Atenção à Condução";"Colisão traseira";"Sem Vítimas";"Pleno dia";"Crescente";"Céu Claro";"Simples";"Declive;Reta";"Não";4;0;0;0;3;1;0;4;-27,31519668;-50,53552151;"SPRF-SC";"DEL05-SC";"UOP03-DEL05-SC"
244883;2019-10-24;"quinta-feira";"21:00:00";"SP";153;18;"NOVA GRANADA";"Falta de Atenção à Condução";"Colisão traseira";"Com Vítimas Feridas";"Plena Noite";"Crescente";"Céu Claro";"Dupla";"Interseção de Vias";"Sim";3;0;1;0;1;1;1;3;-20,44382107;-49,28091485;"SPRF-SP";"DEL09-SP";"UOP01-DEL09-SP"
244887;2019-10-23;"quarta-feira";"21:30:00";"GO";70;303;"ITAPIRAPUA";"Defeito Mecânico no Veículo";"Saída de leito carroçável";"Com Vítimas Feridas";"Plena Noite";"Decrescente";"Céu Claro";"Simples";"Reta";"Não";2;0;1;1;0;0;2;1;-15,89534882;-50,44062194;"SPRF-GO";"DEL04-GO";"UOP01-DEL04-GO"
244890;2019-10-24;"quinta-feira";"21:15:00";"PR";116;126;"FAZENDA RIO GRANDE";"Falta de Atenção à Condução";"Colisão transversal";"Com Vítimas Feridas";"Plena Noite";"Decrescente";"Céu Claro";"Dupla";"Reta";"Sim";3;0;1;0;2;0;1;2;-25,64089895;-49,31224423;"SPRF-PR";"DEL01-PR";"UOP03-DEL01-PR"
244892;2019-10-24;"quinta-feira";"22:20:00";"SE";101;92,3;"NOSSA SENHORA DO SOCORRO";"Velocidade Incompatível";"Tombamento";"Com Vítimas Feridas";"Plena Noite";"Crescente";"Céu Claro";"Dupla";"Curva";"Sim";2;0;1;0;0;1;1;2;-10,90169474;-37,13619222;"SPRF-SE";"DEL01-SE";"UOP01-DEL01-SE"
244893;2019-10-24;"quinta-feira";"21:18:00";"SC";101;189;"BIGUACU";"Ingestão de Álcool";"Colisão traseira";"Com Vítimas Feridas";"Plena Noite";"Crescente";"Nublado";"Dupla";"Reta";"Não";4;0;1;0;2;1;1;3;-27,459393;-48,638914;"SPRF-SC";"DEL01-SC";"UOP01-DEL01-SC"
244895;2019-10-24;"quinta-feira";"22:30:00";"MG";381;569,7;"ITAGUARA";"Falta de Atenção à Condução";"Colisão transversal";"Com Vítimas Feridas";"Plena Noite";"Decrescente";"Céu Claro";"Dupla";"Curva";"Não";3;0;0;2;1;0;2;2;-20,43178144;-44,55193736;"SPRF-MG";"DEL04-MG";"UOP03-DEL04-MG"
244898;2019-10-24;"quinta-feira";"23:20:00";"RJ";116;242;"PIRAI";"Sinalização da via insuficiente ou inadequada";"Colisão traseira";"Com Vítimas Feridas";"Plena Noite";"Decrescente";"Nublado";"Dupla";"Reta";"Não";8;0;2;0;6;0;2;7;-22,63522537;-43,90258636;"SPRF-RJ";"DEL07-RJ";"UOP01-DEL07-RJ"
244900;2019-10-24;"quinta-feira";"22:00:00";"MG";365;756;"ITUIUTABA";"Falta de Atenção à Condução";"Colisão transversal";"Com Vítimas Feridas";"Plena Noite";"Decrescente";"Céu Claro";"Simples";"Reta";"Não";4;0;0;2;1;1;2;3;-18,95717176;-49,4695793;"SPRF-MG";"DEL15-MG";"UOP03-DEL15-MG"
244906;2019-10-24;"quinta-feira";"23:20:00";"MT";163;686,9;"LUCAS DO RIO VERDE";"Falta de Atenção à Condução";"Colisão traseira";"Com Vítimas Feridas";"Plena Noite";"Crescente";"Céu Claro";"Simples";"Reta";"Sim";3;0;1;0;1;2;1;4;-13,19174413;-55,98980472;"SPRF-MT";"DEL06-MT";"UOP01-DEL06-MT"
244908;2019-10-24;"quinta-feira";"21:45:00";"MG";50;119;"UBERABA";"Desobediência às normas de trânsito pelo condutor";"Colisão traseira";"Com Vítimas Feridas";"Plena Noite";"Decrescente";"Nublado";"Dupla";"Reta";"Não";6;0;0;1;4;1;1;3;-19,29969201;-48,11376802;"SPRF-MG";"DEL13-MG";"UOP01-DEL13-MG"
244909;2019-10-25;"sexta-feira";"01:50:00";"MG";381;350;"JOAO MONLEVADE";"Defeito Mecânico no Veículo";"Capotamento";"Com Vítimas Fatais";"Plena Noite";"Decrescente";"Nublado";"Simples";"Interseção de Vias";"Não";1;1;0;0;0;0;0;1;-19,86134175;-43,1244278;"SPRF-MG";"DEL03-MG";"UOP01-DEL03-MG"
244911;2019-10-24;"quinta-feira";"17:30:00";"MG";381;729,1;"CARMO DA CACHOEIRA";"Defeito Mecânico no Veículo";"Tombamento";"Com Vítimas Feridas";"Pleno dia";"Decrescente";"Céu Claro";"Dupla";"Reta;Declive";"Não";1;0;1;0;0;0;1;1;-21,49580583;-45,210455;"SPRF-MG";"DEL04-MG";"UOP02-DEL04-MG"
244912;2019-10-25;"sexta-feira";"02:00:00";"SC";101;211,2;"PALHOCA";"Ingestão de Álcool";"Colisão traseira";"Sem Vítimas";"Plena Noite";"Crescente";"Céu Claro";"Múltipla";"Reta";"Sim";2;0;0;0;1;1;0;2;-27,62329313;-48,65245588;"SPRF-SC";"DEL01-SC";"UOP02-DEL01-SC"
244923;2019-10-25;"sexta-feira";"04:30:00";"PB";101;6,9;"MATARACA";"Condutor Dormindo";"Saída de leito carroçável";"Sem Vítimas";"Amanhecer";"Decrescente";"Céu Claro";"Dupla";"Retorno Regulamentado";"Não";1;0;0;0;1;0;0;1;-6,55395097;-35,12900895;"SPRF-PB";"DEL01-PB";"UOP04-DEL01-PB"
244927;2019-10-25;"sexta-feira";"05:45:00";"PR";163;134,2;"CAPITAO LEONIDAS MARQUES";"Condutor Dormindo";"Colisão traseira";"Com Vítimas Feridas";"Amanhecer";"Crescente";"Céu Claro";"Simples";"Aclive";"Não";6;0;3;1;2;0;4;2;-25,546616;-53,59186798;"SPRF-PR";"DEL04-PR";"UOP05-DEL05-PR"
244930;2019-10-25;"sexta-feira";"06:20:00";"MG";381;722;"CARMO DA CACHOEIRA";"Velocidade Incompatível";"Tombamento";"Sem Vítimas";"Pleno dia";"Decrescente";"Céu Claro";"Dupla";"Declive;Curva";"Não";1;0;0;0;1;0;0;1;-21,44242642;-45,20854083;"SPRF-MG";"DEL04-MG";"UOP02-DEL04-MG"
244936;2019-10-25;"sexta-feira";"06:20:00";"PR";277;140;"BALSA NOVA";"Velocidade Incompatível";"Saída de leito carroçável";"Com Vítimas Feridas";"Amanhecer";"Decrescente";"Céu Claro";"Dupla";"Reta";"Não";2;0;1;0;0;1;1;2;-25,466792;-49,727286;"SPRF-PR";"DEL01-PR";"UOP06-DEL01-PR"
244937;2019-10-25;"sexta-feira";"03:30:00";"MG";40;277;"TRES MARIAS";"Carga excessiva e/ou mal acondicionada";"Tombamento";"Sem Vítimas";"Plena Noite";"Crescente";"Céu Claro";"Simples";"Aclive";"Não";1;0;0;0;1;0;0;1;-18,21264695;-45,22480595;"SPRF-MG";"DEL14-MG";"UOP02-DEL14-MG"
244941;2019-10-25;"sexta-feira";"06:30:00";"PR";277;531,1;"CAMPO BONITO";"Ultrapassagem Indevida";"Colisão traseira";"Sem Vítimas";"Pleno dia";"Crescente";"Nublado";"Simples";"Reta";"Não";3;0;0;0;2;1;0;3;-25,09412204;-52,95864699;"SPRF-PR";"DEL04-PR";"UOP04-DEL04-PR"
244943;2019-10-25;"sexta-feira";"07:45:00";"PR";116;100,2;"SAO JOSE DOS PINHAIS";"Falta de Atenção à Condução";"Colisão lateral";"Com Vítimas Feridas";"Pleno dia";"Crescente";"Céu Claro";"Dupla";"Reta";"Não";3;0;0;1;1;1;1;3;-25,53379421;-49,14663578;"SPRF-PR";"DEL01-PR";"UOP01-DEL01-PR"
244944;2019-10-25;"sexta-feira";"07:50:00";"DF";20;20;"BRASILIA";"Defeito Mecânico no Veículo";"Colisão traseira";"Sem Vítimas";"Pleno dia";"Crescente";"Céu Claro";"Dupla";"Reta";"Sim";2;0;0;0;1;1;0;2;-15,607905;-47,692791;"SPRF-DF";"DEL02-DF";"UOP01-DEL02-DF"
244946;2019-10-25;"sexta-feira";"06:44:00";"GO";60;167,7;"GOIANIA";"Desobediência às normas de trânsito pelo condutor";"Colisão traseira";"Com Vítimas Feridas";"Amanhecer";"Crescente";"Céu Claro";"Múltipla";"Reta;Declive";"Sim";2;0;1;0;1;0;1;2;-16,7175;-49,3663;"SPRF-GO";"DEL01-GO";"UOP02-DEL01-GO"
244952;2019-10-25;"sexta-feira";"06:50:00";"BA";116;254;"TUCANO";"Condutor Dormindo";"Colisão transversal";"Com Vítimas Feridas";"Pleno dia";"Decrescente";"Céu Claro";"Simples";"Reta";"Não";3;0;1;0;1;1;1;3;-10,80743383;-38,87734583;"SPRF-BA";"DEL07-BA";"UOP02-DEL07-BA"
244957;2019-10-25;"sexta-feira";"08:35:00";"PE";408;89,7;"SAO LOURENCO DA MATA";"Falta de Atenção à Condução";"Tombamento";"Com Vítimas Feridas";"Pleno dia";"Decrescente";"Sol";"Dupla";"Reta";"Sim";4;0;2;0;1;1;2;2;-7,98149086;-35,08112279;"SPRF-PE";"DEL01-PE";"UOP01-DEL01-PE"
244960;2019-10-25;"sexta-feira";"02:30:00";"MG";251;488,2;"FRANCISCO SA";"Condutor Dormindo";"Tombamento";"Sem Vítimas";"Plena Noite";"Crescente";"Nublado";"Simples";"Reta";"Não";1;0;0;0;1;0;0;1;-16,52357109;-43,56665692;"SPRF-MG";"DEL12-MG";"UOP01-DEL12-MG"
244964;2019-10-25;"sexta-feira";"08:20:00";"ES";101;418;"ITAPEMIRIM";"Objeto estático sobre o leito carroçável";"Colisão com objeto estático";"Com Vítimas Feridas";"Pleno dia";"Crescente";"Sol";"Simples";"Reta";"Não";3;0;1;0;0;2;1;3;-20,95438035;-41,09327978;"SPRF-ES";"DEL03-ES";"UOP02-DEL03-ES"
244965;2019-10-25;"sexta-feira";"09:00:00";"SE";235;45;"ITABAIANA";"Falta de Atenção à Condução";"Colisão traseira";"Com Vítimas Feridas";"Pleno dia";"Crescente";"Céu Claro";"Simples";"Reta";"Não";4;0;3;0;1;0;3;2;-10,70345436;-37,42904663;"SPRF-SE";"DEL01-SE";"UOP02-DEL01-SE"
244968;2019-10-25;"sexta-feira";"08:25:00";"MT";163;993;"TERRA NOVA DO NORTE";"Condutor Dormindo";"Saída de leito carroçável";"Com Vítimas Feridas";"Pleno dia";"Crescente";"Céu Claro";"Simples";"Reta";"Não";2;0;1;0;0;2;1;3;-10,542482;-55,084512;"SPRF-MT";"DEL06-MT";"UOP02-DEL06-MT"
244971;2019-10-25;"sexta-feira";"09:40:00";"AL";316;223,9;"ATALAIA";"Condutor Dormindo";"Colisão frontal";"Com Vítimas Fatais";"Pleno dia";"Crescente";"Céu Claro";"Simples";"Curva";"Não";6;3;1;1;1;0;2;2;-9,47069023;-36,17244318;"SPRF-AL";"DEL01-AL";"UOP01-DEL01-AL"
244973;2019-10-25;"sexta-feira";"10:00:00";"BA";324;607;"SIMOES FILHO";"Falta de Atenção à Condução";"Tombamento";"Sem Vítimas";"Pleno dia";"Decrescente";"Céu Claro";"Dupla";"Reta";"Sim";2;0;0;0;1;1;0;2;-12,80271203;-38,40391318;"SPRF-BA";"DEL01-BA";"UOP01-DEL01-BA"
244975;2019-10-25;"sexta-feira";"10:20:00";"RS";285;292,8;"PASSO FUNDO";"Desobediência às normas de trânsito pelo condutor";"Colisão transversal";"Com Vítimas Feridas";"Pleno dia";"Crescente";"Céu Claro";"Múltipla";"Interseção de Vias";"Sim";6;0;4;0;1;1;4;3;-28,239017;-52,365276;"SPRF-RS";"DEL08-RS";"UOP03-DEL08-RS"
244978;2019-10-16;"quarta-feira";"20:30:00";"MS";163;558;"BANDEIRANTES";"Falta de Atenção do Pedestre";"Atropelamento de Pedestre";"Com Vítimas Feridas";"Plena Noite";"Crescente";"Céu Claro";"Simples";"Reta";"Não";2;0;0;1;1;0;1;2;-19,83777301;-54,36995428;"SPRF-MS";"DEL01-MS";"UOP02-DEL01-MS"
244984;2019-10-25;"sexta-feira";"11:00:00";"TO";153;671,6;"GURUPI";"Falta de Atenção à Condução";"Colisão traseira";"Sem Vítimas";"Pleno dia";"Decrescente";"Céu Claro";"Dupla";"Reta";"Sim";2;0;0;0;2;0;0;2;-11,72075725;-49,07713594;"SPRF-TO";"DEL02-TO";"UOP02-DEL01-TO"
245002;2019-08-28;"quarta-feira";"17:40:00";"PR";369;156,1;"LONDRINA";"Mal Súbito";"Colisão lateral";"Com Vítimas Feridas";"Pleno dia";"Decrescente";"Nublado";"Dupla";"Reta";"Sim";5;0;2;0;3;0;2;5;-23,2917;-51,2175;"SPRF-PR";"DEL07-PR";"UOP01-DEL07-PR"
245007;2019-10-25;"sexta-feira";"13:00:00";"MT";163;918;"ITAUBA";"Falta de Atenção à Condução";"Tombamento";"Com Vítimas Feridas";"Pleno dia";"Crescente";"Céu Claro";"Simples";"Reta";"Não";2;0;1;0;0;2;1;3;-11,27745306;-55,3154118;"SPRF-MT";"DEL06-MT";"UOP02-DEL06-MT"
245015;2019-10-25;"sexta-feira";"13:00:00";"BA";101;148;"CONCEICAO DO JACUIPE";"Defeito na Via";"Colisão transversal";"Com Vítimas Feridas";"Pleno dia";"Crescente";"Céu Claro";"Simples";"Reta";"Não";3;0;1;0;1;1;1;3;-12,32206384;-38,73960825;"SPRF-BA";"DEL01-BA";"UOP03-DEL01-BA"
245016;2019-10-25;"sexta-feira";"10:20:00";"MG";116;808,2;"ALEM PARAIBA";"Falta de Atenção à Condução";"Tombamento";"Com Vítimas Feridas";"Pleno dia";"Decrescente";"Céu Claro";"Simples";"Reta";"Não";2;0;1;0;0;1;1;2;-21,81917799;-42,68924498;"SPRF-MG";"DEL07-MG";"UOP01-DEL07-MG"
245017;2019-10-25;"sexta-feira";"09:00:00";"BA";242;300;"IBIQUERA";"Avarias e/ou desgaste excessivo no pneu";"Colisão frontal";"Com Vítimas Fatais";"Pleno dia";"Decrescente";"Céu Claro";"Simples";"Reta";"Não";3;1;1;0;1;0;1;2;-12,45709;-40,88910582;"SPRF-BA";"DEL06-BA";"UOP01-DEL06-BA"
245026;2019-10-25;"sexta-feira";"15:35:00";"PE";101;31;"IGARASSU";"Falta de Atenção à Condução";"Colisão traseira";"Com Vítimas Feridas";"Pleno dia";"Decrescente";"Céu Claro";"Dupla";"Reta;Aclive";"Sim";3;0;2;0;1;0;2;2;-7,74443874;-34,93872764;"SPRF-PE";"DEL01-PE";"UOP02-DEL01-PE"
245031;2019-10-25;"sexta-feira";"13:15:00";"MG";267;281,9;"BAEPENDI";"Falta de Atenção à Condução";"Colisão lateral";"Com Vítimas Fatais";"Pleno dia";"Decrescente";"Céu Claro";"Simples";"Reta";"Não";3;1;0;0;1;1;0;3;-21,92266321;-44,74388123;"SPRF-MG";"DEL05-MG";"UOP01-DEL17-MG"
245042;2019-10-25;"sexta-feira";"16:35:00";"PB";101;28,1;"MAMANGUAPE";"Defeito Mecânico no Veículo";"Incêndio";"Sem Vítimas";"Pleno dia";"Decrescente";"Céu Claro";"Dupla";"Reta";"Não";2;0;0;0;1;1;0;2;-6,73315199;-35,12593202;"SPRF-PB";"DEL01-PB";"UOP04-DEL01-PB"
245046;2019-10-25;"sexta-feira";"17:05:00";"PR";476;136;"CURITIBA";"Falta de Atenção à Condução";"Colisão traseira";"Com Vítimas Feridas";"Pleno dia";"Crescente";"Céu Claro";"Múltipla";"Reta";"Sim";2;0;1;0;1;0;1;2;-25,49137;-49,27205;"SPRF-PR";"DEL01-PR";"UOP03-DEL01-PR"
245049;2019-10-25;"sexta-feira";"16:00:00";"MG";381;946,3;"EXTREMA";"Falta de Atenção à Condução";"Engavetamento";"Com Vítimas Feridas";"Pleno dia";"Crescente";"Céu Claro";"Dupla";"Curva";"Não";7;0;1;0;6;0;1;7;-22,87479042;-46,36655782;"SPRF-MG";"DEL16-MG";"UOP03-DEL16-MG"
245053;2019-10-25;"sexta-feira";"08:00:00";"PI";135;408,7;"REDENCAO DO GURGUEIA";"Velocidade Incompatível";"Tombamento";"Sem Vítimas";"Pleno dia";"Decrescente";"Céu Claro";"Simples";"Curva";"Não";2;0;0;0;1;1;0;2;-9,47050791;-44,6015217;"SPRF-PI";"DEL03-PI";"UOP02-DEL03-PI"
245063;2019-10-25;"sexta-feira";"18:35:00";"SC";280;20,4;"ARAQUARI";"Falta de Atenção à Condução";"Colisão lateral";"Com Vítimas Feridas";"Anoitecer";"Crescente";"Céu Claro";"Simples";"Reta";"Não";3;0;0;1;1;1;1;3;-26,36990477;-48,68224301;"SPRF-SC";"DEL03-SC";"UOP03-DEL03-SC"
245067;2019-10-21;"segunda-feira";"07:00:00";"MG";365;263,9;"JOAO PINHEIRO";"Velocidade Incompatível";"Colisão traseira";"Com Vítimas Feridas";"Pleno dia";"Decrescente";"Nublado";"Simples";"Reta";"Não";2;0;1;0;1;0;1;2;-17,88746592;-45,53920112;"SPRF-MG";"DEL14-MG";"UOP02-DEL14-MG"
245073;2019-10-05;"sábado";"09:10:00";"RO";364;574;"ITAPUA DO OESTE";"Falta de Atenção à Condução";"Tombamento";"Sem Vítimas";"Pleno dia";"Crescente";"Céu Claro";"Simples";"Reta";"Não";2;0;0;0;1;2;0;3;-9,445375;-63,10235038;"SPRF-RO";"DEL03-RO";"UOP04-DEL01-RO"
245079;2019-10-25;"sexta-feira";"19:00:00";"RJ";116;40;"TERESOPOLIS";"Falta de Atenção à Condução";"Colisão transversal";"Com Vítimas Feridas";"Plena Noite";"Crescente";"Chuva";"Simples";"Reta";"Não";4;0;1;1;2;0;2;3;-22,133427;-42,779522;"SPRF-RJ";"DEL04-RJ";"UOP01-DEL04-RJ"
245080;2019-10-25;"sexta-feira";"18:00:00";"SP";116;272;"TABOAO DA SERRA";"Falta de Atenção à Condução";"Colisão traseira";"Com Vítimas Feridas";"Plena Noite";"Decrescente";"Céu Claro";"Dupla";"Curva";"Não";2;0;1;0;1;0;1;2;-23,621691;-46,813288;"SPRF-SP";"DEL04-SP";"UOP01-DEL04-SP"
245083;2019-10-25;"sexta-feira";"11:30:00";"MG";365;572;"INDIANOPOLIS";"Falta de Atenção à Condução";"Tombamento";"Com Vítimas Feridas";"Pleno dia";"Decrescente";"Sol";"Simples";"Curva";"Não";2;0;1;0;0;1;1;2;-18,90742085;-47,89053398;"SPRF-MG";"DEL15-MG";"UOP02-DEL15-MG"
245088;2019-10-25;"sexta-feira";"19:30:00";"PE";101;70,7;"RECIFE";"Não guardar distância de segurança";"Engavetamento";"Sem Vítimas";"Plena Noite";"Crescente";"Céu Claro";"Dupla";"Reta";"Não";4;0;0;0;3;1;0;4;-8,06776119;-34,94265074;"SPRF-PE";"DEL01-PE";"UOP01-DEL01-PE"
245089;2019-10-25;"sexta-feira";"19:50:00";"PE";424;94,5;"GARANHUNS";"Ingestão de Álcool";"Colisão frontal";"Com Vítimas Fatais";"Plena Noite";"Decrescente";"Céu Claro";"Simples";"Curva";"Não";3;1;0;0;1;1;0;3;-8,91590392;-36,48883344;"SPRF-PE";"DEL03-PE";"UOP01-DEL03-PE"
245091;2019-10-25;"sexta-feira";"14:00:00";"SC";116;223,6;"CORREIA PINTO";"Desobediência às normas de trânsito pelo condutor";"Colisão frontal";"Com Vítimas Fatais";"Pleno dia";"Decrescente";"Céu Claro";"Simples";"Reta";"Não";2;1;1;0;0;0;1;2;-27,61065825;-50,35094133;"SPRF-SC";"DEL05-SC";"UOP03-DEL05-SC"
245095;2019-10-25;"sexta-feira";"19:20:00";"MG";40;501,2;"ESMERALDAS";"Pista Escorregadia";"Colisão lateral";"Com Vítimas Feridas";"Plena Noite";"Decrescente";"Chuva";"Dupla";"Reta";"Não";2;0;1;0;1;0;1;2;-19,70735708;-44,16736508;"SPRF-MG";"DEL02-MG";"UOP01-DEL02-MG"
245107;2019-10-25;"sexta-feira";"18:30:00";"RO";319;64,6;"PORTO VELHO";"Falta de Atenção à Condução";"Engavetamento";"Com Vítimas Feridas";"Plena Noite";"Decrescente";"Céu Claro";"Dupla";"Reta";"Sim";5;0;1;0;4;0;1;5;-8,766685;-63,884052;"SPRF-RO";"DEL01-RO";"UOP01-DEL01-RO"
245111;2019-10-25;"sexta-feira";"21:45:00";"GO";153;519,7;"HIDROLANDIA";"Condutor Dormindo";"Tombamento";"Com Vítimas Feridas";"Plena Noite";"Decrescente";"Nublado";"Dupla";"Reta";"Não";2;0;1;0;0;1;1;2;-16,8755;-49,2523;"SPRF-GO";"DEL01-GO";"UOP03-DEL01-GO"
245114;2019-10-25;"sexta-feira";"22:15:00";"MG";381;884,3;"ESTIVA";"Falta de Atenção à Condução";"Colisão transversal";"Com Vítimas Feridas";"Plena Noite";"Crescente";"Nublado";"Dupla";"Reta";"Não";3;0;0;1;1;1;1;3;-22,53552002;-46,03550597;"SPRF-MG";"DEL16-MG";"UOP01-DEL16-MG"
245120;2019-10-25;"sexta-feira";"21:35:00";"BA";116;413;"FEIRA DE SANTANA";"Desobediência às normas de trânsito pelo condutor";"Colisão traseira";"Com Vítimas Feridas";"Plena Noite";"Crescente";"Céu Claro";"Simples";"Reta";"Sim";5;0;1;2;1;2;3;6;-12,14246805;-38,96658117;"SPRF-BA";"DEL02-BA";"UOP01-DEL02-BA"
245122;2019-10-25;"sexta-feira";"22:15:00";"BA";116;790,5;"VITORIA DA CONQUISTA";"Falta de Atenção à Condução";"Colisão frontal";"Com Vítimas Fatais";"Plena Noite";"Crescente";"Céu Claro";"Simples";"Reta";"Não";6;1;3;0;1;2;3;5;-14,70707;-40,59575;"SPRF-BA";"DEL08-BA";"UOP02-DEL08-BA"
245123;2019-10-25;"sexta-feira";"20:50:00";"PR";158;516,7;"PATO BRANCO";"Ingestão de Álcool";"Colisão transversal";"Com Vítimas Feridas";"Plena Noite";"Decrescente";"Céu Claro";"Simples";"Interseção de Vias";"Sim";2;0;1;0;1;0;1;2;-26,09440495;-52,64579773;"SPRF-PR";"DEL02-PR";"UOP01-DEL02-PR"