"id";"data_inversa";"dia_semana";"horario";"uf";"br";"km";"municipio";"causa_acidente";"tipo_acidente";"classificacao_acidente";"fase_dia";"sentido_via";"condicao_metereologica";"tipo_pista";"tracado_via";"uso_solo";"pessoas";"mortos";"feridos_leves";"feridos_graves";"ilesos";"ignorados";"feridos";"veiculos";"latitude";"longitude";"regional";"delegacia";"uop"
245126;2019-10-25;"sexta-feira";"22:30:00";"RS";287;249,5;"SANTA MARIA";"Ingestão de álcool e/ou substâncias psicoativas pelo pedestre";"Atropelamento de Pedestre";"Com Vítimas Feridas";"Plena Noite";"Crescente";"Céu Claro";"Simples";"Em Obras";"Sim";2;0;1;0;1;0;1;2;-29,69400654;-53,86100019;"SPRF-RS";"DEL09-RS";"UOP01-DEL09-RS"
245130;2019-10-25;"sexta-feira";"22:20:00";"MG";40;558;"NOVA LIMA";"Não guardar distância de segurança";"Colisão traseira";"Com Vítimas Feridas";"Plena Noite";"Decrescente";"Chuva";"Dupla";"Reta";"Sim";3;0;1;0;2;0;1;2;-20,11082646;-43,97221642;"SPRF-MG";"DEL01-MG";"UOP02-DEL01-MG"
245135;2019-10-25;"sexta-feira";"23:15:00";"SP";381;33;"ATIBAIA";"Condutor Dormindo";"Colisão traseira";"Com Vítimas Feridas";"Plena Noite";"Decrescente";"Céu Claro";"Dupla";"Reta";"Não";2;0;1;0;1;0;1;2;-23,0728028;-46,56673562;"SPRF-SP";"DEL03-SP";"UOP02-DEL03-SP"
245137;2019-10-26;"sábado";"00:20:00";"SP";116;225;"GUARULHOS";"Ingestão de Álcool";"Colisão traseira";"Com Vítimas Fatais";"Plena Noite";"Decrescente";"Nublado";"Múltipla";"Reta";"Sim";4;1;2;0;1;0;2;3;-23,48586772;-46,54075317;"SPRF-SP";"DEL01-SP";"UOP01-DEL01-SP"
245139;2019-10-26;"sábado";"01:45:00";"MG";365;163;"BURITIZEIRO";"Ingestão de álcool e/ou substâncias psicoativas pelo pedestre";"Colisão frontal";"Com Vítimas Feridas";"Plena Noite";"Decrescente";"Céu Claro";"Simples";"Reta";"Não";2;0;0;1;1;0;1;2;-17,37115292;-44,94542206;"SPRF-MG";"DEL12-MG";"UOP01-DEL12-MG"
245147;2019-10-26;"sábado";"03:00:00";"SP";381;1;"VARGEM";"Condutor Dormindo";"Colisão traseira";"Com Vítimas Feridas";"Plena Noite";"Decrescente";"Céu Claro";"Dupla";"Curva";"Não";5;0;1;1;2;4;2;7;-22,88146043;-46,38105397;"SPRF-SP";"DEL03-SP";"UOP02-DEL03-SP"
245150;2019-10-26;"sábado";"03:00:00";"ES";101;5,2;"ICONHA";"Condutor Dormindo";"Colisão traseira";"Com Vítimas Feridas";"Plena Noite";"Crescente";"Nublado";"Dupla";"Declive";"Não";3;0;1;0;1;1;1;3;-20,79354;-40,811462;"SPRF-ES";"DEL03-ES";"UOP01-DEL03-ES"
245157;2019-10-26;"sábado";"04:50:00";"RS";285;293;"PASSO FUNDO";"Ingestão de Álcool";"Colisão lateral";"Com Vítimas Feridas";"Plena Noite";"Decrescente";"Céu Claro";"Simples";"Reta";"Sim";3;0;0;1;1;1;1;3;-28,236645;-52,375156;"SPRF-RS";"DEL08-RS";"UOP03-DEL08-RS"
245161;2019-10-26;"sábado";"05:00:00";"RS";290;150,2;"ARROIO DOS RATOS";"Falta de Atenção à Condução";"Colisão traseira";"Com Vítimas Feridas";"Amanhecer";"Crescente";"Céu Claro";"Simples";"Ponte";"Sim";3;0;0;1;1;1;1;3;-30,105978;-51,706875;"SPRF-RS";"DEL02-RS";"UOP01-DEL02-RS"
245163;2019-10-26;"sábado";"00:05:00";"MG";116;490,7;"INHAPIM";"Falta de Atenção à Condução";"Colisão frontal";"Com Vítimas Fatais";"Plena Noite";"Crescente";"Nublado";"Simples";"Curva";"Não";4;1;1;0;1;1;1;3;-19,47015286;-42,13394165;"SPRF-MG";"DEL06-MG";"UOP02-DEL06-MG"
245173;2019-10-26;"sábado";"06:20:00";"SP";116;297;"ITAPECERICA DA SERRA";"Velocidade Incompatível";"Tombamento";"Com Vítimas Feridas";"Amanhecer";"Decrescente";"Céu Claro";"Simples";"Curva";"Não";2;0;1;0;0;1;1;2;-23,78323219;-46,91437053;"SPRF-SP";"DEL04-SP";"UOP01-DEL04-SP"
245179;2019-10-25;"sexta-feira";"22:30:00";"MG";40;607,2;"CONGONHAS";"Não guardar distância de segurança";"Colisão traseira";"Com Vítimas Feridas";"Plena Noite";"Crescente";"Chuva";"Simples";"Reta";"Não";5;0;3;1;1;0;4;2;-20,48209985;-43,84016991;"SPRF-MG";"DEL05-MG";"UOP02-DEL05-MG"
245181;2019-10-26;"sábado";"06:00:00";"RS";386;247,4;"SOLEDADE";"Desobediência às normas de trânsito pelo condutor";"Colisão transversal";"Com Vítimas Feridas";"Amanhecer";"Decrescente";"Céu Claro";"Simples";"Reta";"Sim";3;0;1;0;2;0;1;2;-28,81486925;-52,48989701;"SPRF-RS";"DEL04-RS";"UOP03-DEL04-RS"
245183;2019-10-26;"sábado";"07:00:00";"SC";470;64,5;"INDAIAL";"Desobediência às normas de trânsito pelo condutor";"Colisão frontal";"Com Vítimas Feridas";"Amanhecer";"Crescente";"Nublado";"Simples";"Reta";"Sim";6;0;0;1;4;1;1;4;-26,869867;-49,201859;"SPRF-SC";"DEL04-SC";"UOP01-DEL04-SC"
245191;2019-10-06;"domingo";"13:05:00";"SP";153;285,9;"OCAUCU";"Avarias e/ou desgaste excessivo no pneu";"Colisão com objeto estático";"Com Vítimas Feridas";"Pleno dia";"Crescente";"Nublado";"Simples";"Declive;Reta";"Não";2;0;2;0;0;0;2;1;-22,46425866;-49,88061458;"SPRF-SP";"DEL07-SP";"UOP02-DEL07-SP"
245192;2019-10-06;"domingo";"22:00:00";"AL";424;97;"MARECHAL DEODORO";"Desobediência às normas de trânsito pelo condutor";"Colisão frontal";"Com Vítimas Feridas";"Plena Noite";"Crescente";"Céu Claro";"Simples";"Reta";"Não";3;0;1;0;1;2;1;4;-9,62621998;-35,86159389;"SPRF-AL";"DEL02-AL";"UOP01-DEL02-AL"
245193;2019-10-26;"sábado";"06:40:00";"RS";392;20;"RIO GRANDE";"Não guardar distância de segurança";"Colisão lateral";"Com Vítimas Feridas";"Pleno dia";"Decrescente";"Céu Claro";"Dupla";"Retorno Regulamentado";"Não";5;0;1;0;2;2;1;5;-32,08573295;-52,19690099;"SPRF-RS";"DEL07-RS";"UOP02-DEL07-RS"
245196;2019-10-26;"sábado";"07:35:00";"PR";376;677,4;"GUARATUBA";"Velocidade Incompatível";"Colisão lateral";"Com Vítimas Feridas";"Pleno dia";"Decrescente";"Garoa/Chuvisco";"Dupla";"Curva";"Não";4;0;1;0;2;1;1;3;-25,94049646;-48,9071095;"SPRF-PR";"DEL01-PR";"UOP04-DEL01-PR"
245198;2019-10-26;"sábado";"05:40:00";"MG";116;589;"MANHUACU";"Velocidade Incompatível";"Tombamento";"Sem Vítimas";"Amanhecer";"Crescente";"Nublado";"Simples";"Curva";"Não";2;0;0;0;1;1;0;2;-20,247452;-42,1437;"SPRF-MG";"DEL06-MG";"UOP03-DEL06-MG"
245200;2019-10-26;"sábado";"08:25:00";"SC";101;214,6;"PALHOCA";"Falta de Atenção à Condução";"Colisão lateral";"Com Vítimas Feridas";"Pleno dia";"Decrescente";"Nublado";"Dupla";"Reta;Viaduto";"Sim";6;0;3;0;1;3;3;5;-27,64925783;-48,67398415;"SPRF-SC";"DEL01-SC";"UOP02-DEL01-SC"
245204;2019-10-26;"sábado";"07:35:00";"SC";101;334,6;"TUBARAO";"Desobediência às normas de trânsito pelo condutor";"Tombamento";"Com Vítimas Feridas";"Pleno dia";"Crescente";"Sol";"Simples";"Interseção de Vias";"Sim";2;0;0;1;1;0;1;2;-28,47261472;-49,02409673;"SPRF-SC";"DEL02-SC";"UOP01-DEL02-SC"
245211;2019-10-26;"sábado";"02:48:00";"SC";116;108,6;"MONTE CASTELO";"Falta de Atenção à Condução";"Colisão frontal";"Com Vítimas Feridas";"Plena Noite";"Decrescente";"Nevoeiro/Neblina";"Simples";"Em Obras";"Não";4;0;1;2;1;0;3;2;-26,7520839;-50,33425198;"SPRF-SC";"DEL06-SC";"UOP02-DEL06-SC"
245214;2019-10-26;"sábado";"06:50:00";"SC";116;138,5;"SANTA CECILIA";"Falta de Atenção à Condução";"Colisão lateral";"Sem Vítimas";"Amanhecer";"Decrescente";"Céu Claro";"Simples";"Reta";"Não";2;0;0;0;1;1;0;2;-26,95365013;-50,42351412;"SPRF-SC";"DEL06-SC";"UOP02-DEL06-SC"
245219;2019-10-26;"sábado";"09:30:00";"MG";40;734,9;"SANTOS DUMONT";"Falta de Atenção do Pedestre";"Saída de leito carroçável";"Com Vítimas Fatais";"Pleno dia";"Decrescente";"Chuva";"Simples";"Curva";"Sim";5;1;0;0;2;4;0;7;-21,36247924;-43,57519146;"SPRF-MG";"DEL05-MG";"UOP01-DEL05-MG"
245222;2019-10-26;"sábado";"09:00:00";"MT";163;667;"LUCAS DO RIO VERDE";"Falta de Atenção à Condução";"Saída de leito carroçável";"Com Vítimas Fatais";"Pleno dia";"Crescente";"Céu Claro";"Simples";"Reta";"Não";8;1;3;2;1;1;5;3;-13,24804;-56,01481;"SPRF-MT";"DEL06-MT";"UOP01-DEL06-MT"
245223;2019-10-26;"sábado";"08:30:00";"MT";70;511;"CUIABA";"Não guardar distância de segurança";"Engavetamento";"Com Vítimas Feridas";"Pleno dia";"Crescente";"Céu Claro";"Simples";"Reta";"Não";5;0;1;0;3;6;1;10;-15,69915992;-56,11172676;"SPRF-MT";"DEL02-MT";"UOP02-DEL01-MT"
245234;2019-10-26;"sábado";"11:00:00";"PI";407;423;"PICOS";"Falta de Atenção à Condução";"Colisão frontal";"Com Vítimas Feridas";"Pleno dia";"Decrescente";"Céu Claro";"Simples";"Reta";"Sim";2;0;0;1;1;0;1;2;-7,079333;-41,433254;"SPRF-PI";"DEL04-PI";"UOP01-DEL04-PI"
245245;2019-10-26;"sábado";"13:00:00";"PA";316;49;"SANTA IZABEL DO PARA";"Avarias e/ou desgaste excessivo no pneu";"Saída de leito carroçável";"Com Vítimas Feridas";"Pleno dia";"Crescente";"Sol";"Dupla";"Reta";"Não";1;0;1;0;0;0;1;1;-1,29792183;-48,04943584;"SPRF-PA";"DEL01-PA";"UOP01-DEL01-PA"
245252;2019-10-26;"sábado";"14:10:00";"MG";40;613,4;"CONGONHAS";"Defeito na Via";"Colisão traseira";"Com Vítimas Feridas";"Pleno dia";"Crescente";"Chuva";"Simples";"Curva";"Não";6;0;2;2;1;1;4;3;-20,52319889;-43,8291359;"SPRF-MG";"DEL05-MG";"UOP02-DEL05-MG"
245255;2019-10-26;"sábado";"14:15:00";"PR";369;161;"CAMBE";"Falta de Atenção à Condução";"Colisão traseira";"Com Vítimas Feridas";"Pleno dia";"Decrescente";"Céu Claro";"Dupla";"Curva";"Sim";8;0;1;0;6;1;1;4;-23,28787631;-51,26104563;"SPRF-PR";"DEL07-PR";"UOP01-DEL07-PR"
245263;2019-10-26;"sábado";"14:50:00";"MG";50;72;"UBERLANDIA";"Falta de Atenção à Condução";"Colisão lateral";"Com Vítimas Feridas";"Pleno dia";"Crescente";"Céu Claro";"Dupla";"Curva";"Sim";3;0;1;0;2;0;1;2;-18,85140204;-48,25345932;"SPRF-MG";"DEL15-MG";"UOP01-DEL15-MG"
245266;2019-10-26;"sábado";"09:40:00";"MG";381;945;"EXTREMA";"Falta de Atenção à Condução";"Colisão traseira";"Sem Vítimas";"Pleno dia";"Decrescente";"Nublado";"Dupla";"Reta";"Não";2;0;0;0;1;1;0;2;-22,87479042;-46,36655782;"SPRF-MG";"DEL16-MG";"UOP03-DEL16-MG"
245267;2019-10-26;"sábado";"14:10:00";"MT";364;389,7;"CUIABA";"Falta de Atenção à Condução";"Engavetamento";"Com Vítimas Feridas";"Pleno dia";"Decrescente";"Sol";"Simples";"Reta";"Não";5;0;1;0;3;3;1;6;-15,70161235;-55,845608;"SPRF-MT";"DEL02-MT";"UOP02-DEL01-MT"
245269;2019-10-26;"sábado";"15:30:00";"PE";232;57;"POMBOS";"Falta de Atenção à Condução";"Colisão traseira";"Com Vítimas Fatais";"Pleno dia";"Crescente";"Céu Claro";"Dupla";"Reta";"Sim";3;1;1;0;0;1;1;2;-8,1412132;-35,38181492;"SPRF-PE";"DEL01-PE";"UOP02-DEL02PE"
245272;2019-10-26;"sábado";"15:00:00";"PR";116;70;"CAMPINA GRANDE DO SUL";"Não guardar distância de segurança";"Colisão traseira";"Com Vítimas Feridas";"Pleno dia";"Crescente";"Céu Claro";"Dupla";"Reta";"Não";3;0;0;1;1;4;1;6;-25,33849717;-49,03792883;"SPRF-PR";"DEL01-PR";"UOP01-DEL01-PR"
245273;2019-10-26;"sábado";"15:40:00";"MG";381;364;"SAO GONCALO DO RIO ABAIXO";"Falta de Atenção à Condução";"Saída de leito carroçável";"Com Vítimas Feridas";"Pleno dia";"Decrescente";"Chuva";"Simples";"Aclive;Curva";"Não";3;0;1;0;1;1;1;3;-19,84955579;-43,25424839;"SPRF-MG";"DEL03-MG";"UOP01-DEL03-MG"
245291;2019-10-26;"sábado";"16:45:00";"RS";290;43;"GLORINHA";"Condutor Dormindo";"Colisão traseira";"Com Vítimas Feridas";"Anoitecer";"Crescente";"Céu Claro";"Dupla";"Reta";"Não";6;0;3;1;1;1;4;3;-29,889574;-50,689316;"SPRF-RS";"DEL03-RS";"UOP01-DEL03-RS"
245300;2019-10-26;"sábado";"16:35:00";"GO";452;66,4;"MAURILANDIA";"Desobediência às normas de trânsito pelo condutor";"Colisão lateral";"Com Vítimas Feridas";"Pleno dia";"Decrescente";"Sol";"Simples";"Reta";"Não";25;0;4;0;20;2;4;4;-18,0197805;-50,33820279;"SPRF-GO";"DEL04-GO";"UOP01-DEL04-GO"
245302;2019-10-18;"sexta-feira";"07:30:00";"SP";381;9,4;"VARGEM";"Ultrapassagem Indevida";"Saída de leito carroçável";"Com Vítimas Feridas";"Pleno dia";"Decrescente";"Céu Claro";"Múltipla";"Reta";"Sim";5;0;2;0;2;1;2;4;-22,92069614;-46,43868065;"SPRF-SP";"DEL03-SP";"UOP02-DEL03-SP"
245307;2019-10-26;"sábado";"16:50:00";"MG";40;509;"RIBEIRAO DAS NEVES";"Falta de Atenção à Condução";"Saída de leito carroçável";"Com Vítimas Feridas";"Pleno dia";"Decrescente";"Nublado";"Dupla";"Reta";"Sim";3;0;1;1;0;2;2;3;-19,76728744;-44,12855905;"SPRF-MG";"DEL01-MG";"UOP02-DEL01-MG"
245320;2019-10-26;"sábado";"15:50:00";"MG";116;787,5;"LEOPOLDINA";"Defeito Mecânico no Veículo";"Colisão com objeto estático";"Com Vítimas Feridas";"Pleno dia";"Decrescente";"Céu Claro";"Simples";"Reta";"Não";2;0;1;0;0;1;1;2;-21,65553512;-42,71805691;"SPRF-MG";"DEL07-MG";"UOP01-DEL07-MG"
245321;2019-10-26;"sábado";"15:20:00";"BA";101;659,7;"ITAPEBI";"Velocidade Incompatível";"Tombamento";"Com Vítimas Feridas";"Pleno dia";"Decrescente";"Céu Claro";"Simples";"Curva";"Não";1;0;1;0;0;0;1;1;-15,928369;-39,561542;"SPRF-BA";"DEL05-BA";"UOP02-DEL05-BA"
245322;2019-10-26;"sábado";"16:10:00";"SC";116;37,5;"ITAIOPOLIS";"Falta de Atenção à Condução";"Colisão traseira";"Com Vítimas Feridas";"Pleno dia";"Decrescente";"Céu Claro";"Simples";"Reta";"Não";3;0;0;1;1;1;1;3;-26,34065776;-50,02444605;"SPRF-SC";"DEL06-SC";"UOP01-DEL06-SC"
245336;2019-10-26;"sábado";"19:00:00";"SC";101;396;"MARACAJA";"Falta de Atenção à Condução";"Colisão lateral";"Com Vítimas Feridas";"Plena Noite";"Crescente";"Nublado";"Dupla";"Reta";"Não";2;0;0;1;1;0;1;2;-28,82459572;-49,40472033;"SPRF-SC";"DEL02-SC";"UOP02-DEL02-SC"
245344;2019-10-26;"sábado";"17:00:00";"MT";174;88;"CACERES";"Defeito na Via";"Colisão transversal";"Com Vítimas Feridas";"Pleno dia";"Crescente";"Céu Claro";"Simples";"Reta";"Não";2;0;1;0;1;0;1;2;-15,92191885;-57,79874377;"SPRF-MT";"DEL03-MT";"UOP01-DEL03-MT"
245351;2019-10-26;"sábado";"12:40:00";"BA";242;572;"IBOTIRAMA";"Falta de Atenção à Condução";"Capotamento";"Sem Vítimas";"Pleno dia";"Crescente";"Céu Claro";"Simples";"Curva";"Não";2;0;0;0;1;3;0;4;-12,087132;-43,160538;"SPRF-BA";"DEL10-BA";"UOP03-DEL06-BA"
245362;2019-10-26;"sábado";"18:45:00";"MG";262;518,4;"LUZ";"Não guardar distância de segurança";"Colisão traseira";"Com Vítimas Feridas";"Plena Noite";"Decrescente";"Chuva";"Simples";"Reta";"Não";2;0;0;1;1;0;1;2;-19,78770323;-45,63171387;"SPRF-MG";"DEL08-MG";"UOP03-DEL08-MG"
245363;2019-10-26;"sábado";"20:30:00";"BA";101;1,4;"RIO REAL";"Desobediência às normas de trânsito pelo condutor";"Colisão frontal";"Sem Vítimas";"Plena Noite";"Crescente";"Nublado";"Simples";"Reta";"Não";2;0;0;0;1;1;0;2;-11,54423305;-37,86395083;"SPRF-SE";"DEL02-SE";"UOP03-DEL02-SE"
245369;2019-10-26;"sábado";"20:00:00";"PR";163;255;"TOLEDO";"Ingestão de Álcool";"Colisão lateral";"Com Vítimas Feridas";"Plena Noite";"Decrescente";"Céu Claro";"Dupla";"Reta";"Não";3;0;1;0;1;1;1;3;-24,68418265;-53,77699081;"SPRF-PR";"DEL06-PR";"UOP02-DEL06-PR"
245372;2019-10-26;"sábado";"20:40:00";"PI";230;33,6;"SAO JULIAO";"Falta de Atenção à Condução";"Colisão frontal";"Com Vítimas Fatais";"Plena Noite";"Crescente";"Céu Claro";"Simples";"Reta";"Não";2;1;0;0;1;0;0;2;-7,10551788;-40,75051606;"SPRF-PI";"DEL04-PI";"UOP03-DEL04-PI"
245374;2019-10-26;"sábado";"18:30:00";"MG";262;604,8;"CAMPOS ALTOS";"Fenômenos da Natureza";"Saída de leito carroçável";"Com Vítimas Feridas";"Anoitecer";"Crescente";"Granizo";"Simples";"Reta";"Não";2;0;1;0;0;1;1;2;-19,64303802;-46,24914201;"SPRF-MG";"DEL08-MG";"UOP02-DEL08-MG"
245388;2019-10-27;"domingo";"00:05:00";"PE";232;66;"GRAVATA";"Animais na Pista";"Atropelamento de Animal";"Sem Vítimas";"Plena Noite";"Decrescente";"Céu Claro";"Simples";"Curva";"Não";1;0;0;0;1;0;0;1;-8,16707371;-35,45583389;"SPRF-PE";"DEL01-PE";"UOP02-DEL02PE"
245391;2019-10-26;"sábado";"22:30:00";"RJ";116;182,7;"NOVA IGUACU";"Desobediência às normas de trânsito pelo condutor";"Colisão traseira";"Com Vítimas Fatais";"Plena Noite";"Decrescente";"Céu Claro";"Dupla";"Reta";"Sim";4;1;0;1;1;1;1;3;-22,7567755;-43,43107234;"SPRF-RJ";"DEL01-RJ";"UOP02-DEL01-RJ"
245399;2019-10-27;"domingo";"01:10:00";"SC";101;70;"ARAQUARI";"Ingestão de Álcool";"Colisão traseira";"Com Vítimas Feridas";"Plena Noite";"Decrescente";"Céu Claro";"Dupla";"Reta;Desvio Temporário;Em Obras";"Não";2;0;1;0;1;0;1;2;-26,51082007;-48,72345612;"SPRF-SC";"DEL03-SC";"UOP02-DEL03-SC"
245401;2019-10-26;"sábado";"22:00:00";"SC";282;256,9;"SAO JOSE DO CERRITO";"Velocidade Incompatível";"Tombamento";"Com Vítimas Fatais";"Plena Noite";"Decrescente";"Nublado";"Simples";"Curva";"Não";2;1;0;0;0;1;0;2;-27,67211;-50,581013;"SPRF-SC";"DEL05-SC";"UOP02-DEL05-SC"
245403;2019-10-27;"domingo";"00:40:00";"MG";40;511;"RIBEIRAO DAS NEVES";"Falta de Atenção à Condução";"Colisão traseira";"Sem Vítimas";"Plena Noite";"Crescente";"Céu Claro";"Dupla";"Reta";"Sim";2;0;0;0;1;1;0;2;-19,78164295;-44,11733194;"SPRF-MG";"DEL01-MG";"UOP02-DEL01-MG"
245416;2019-10-27;"domingo";"03:00:00";"RS";290;38,9;"SANTO ANTONIO DA PATRULHA";"Condutor Dormindo";"Saída de leito carroçável";"Com Vítimas Feridas";"Plena Noite";"Crescente";"Nublado";"Múltipla";"Reta";"Não";4;0;1;0;2;1;1;2;-29,886322;-50,637886;"SPRF-RS";"DEL03-RS";"UOP01-DEL03-RS"
245418;2019-10-27;"domingo";"02:20:00";"MT";364;269,5;"JACIARA";"Falta de Atenção à Condução";"Saída de leito carroçável";"Com Vítimas Fatais";"Plena Noite";"Crescente";"Céu Claro";"Simples";"Reta";"Não";4;1;0;0;2;3;0;6;-15,974228;-54,938;"SPRF-MT";"DEL02-MT";"UOP02-DEL05-MT"
245424;2019-10-27;"domingo";"00:30:00";"BA";324;530;"FEIRA DE SANTANA";"Condutor Dormindo";"Tombamento";"Com Vítimas Feridas";"Plena Noite";"Decrescente";"Céu Claro";"Dupla";"Curva";"Não";2;0;2;0;0;0;2;1;-12,32818491;-38,86174193;"SPRF-BA";"DEL01-BA";"UOP01-DEL01-BA"
245428;2019-10-26;"sábado";"23:50:00";"BA";367;33,8;"PORTO SEGURO";"Ingestão de Álcool";"Colisão lateral";"Sem Vítimas";"Plena Noite";"Crescente";"Nublado";"Simples";"Reta";"Sim";3;0;0;0;2;1;0;3;-16,41755922;-39,15463063;"SPRF-BA";"DEL09-BA";"UOP01-DEL09-BA"
245429;2019-10-26;"sábado";"22:30:00";"CE";116;475,7;"MILAGRES";"Ingestão de Álcool";"Atropelamento de Pedestre";"Com Vítimas Fatais";"Plena Noite";"Decrescente";"Céu Claro";"Simples";"Reta";"Não";2;1;0;0;0;1;0;2;-7,30096;-38,88889;"SPRF-CE";"DEL05-CE";"UOP03-DEL05-CE"
245432;2019-10-27;"domingo";"05:29:00";"PR";376;158,9;"MANDAGUACU";"Falta de Atenção à Condução";"Colisão traseira";"Com Vítimas Fatais";"Amanhecer";"Crescente";"Céu Claro";"Dupla";"Reta";"Sim";3;1;0;0;1;2;0;4;-23,36169997;-52,08593395;"SPRF-PR";"DEL07-PR";"UOP01-DEL09-PR"
245443;2019-10-27;"domingo";"06:00:00";"BA";242;863;"BARREIRAS";"Ingestão de Álcool";"Colisão frontal";"Com Vítimas Feridas";"Amanhecer";"Crescente";"Céu Claro";"Simples";"Reta";"Não";3;0;0;1;1;3;1;5;-12,09182903;-45,406389;"SPRF-BA";"DEL10-BA";"UOP01-DEL10-BA"
245467;2019-10-27;"domingo";"07:00:00";"MS";262;87;"TRES LAGOAS";"Defeito Mecânico no Veículo";"Incêndio";"Sem Vítimas";"Pleno dia";"Decrescente";"Céu Claro";"Simples";"Reta";"Não";2;0;0;0;1;3;0;4;-20,6153519;-52,38313296;"SPRF-MS";"DEL07-MS";"UOP02-DEL07-MS"
245477;2019-10-26;"sábado";"16:00:00";"MT";158;418;"RIBEIRAO CASCALHEIRA";"Desobediência às normas de trânsito pelo condutor";"Tombamento";"Sem Vítimas";"Pleno dia";"Decrescente";"Céu Claro";"Simples";"Curva";"Não";2;0;0;0;1;3;0;4;-12,90416002;-51,81687615;"SPRF-MT";"DEL07-MT";"UOP02-DEL07-MT"
245478;2019-10-27;"domingo";"08:35:00";"PR";376;663,3;"TIJUCAS DO SUL";"Defeito Mecânico no Veículo";"Incêndio";"Sem Vítimas";"Pleno dia";"Decrescente";"Céu Claro";"Múltipla";"Reta";"Não";2;0;0;0;1;1;0;2;-25,85276631;-48,97556799;"SPRF-PR";"DEL01-PR";"UOP04-DEL01-PR"
245483;2019-10-27;"domingo";"09:15:00";"TO";153;558,3;"FATIMA";"Condutor Dormindo";"Tombamento";"Com Vítimas Feridas";"Pleno dia";"Decrescente";"Céu Claro";"Simples";"Reta";"Sim";2;0;0;1;0;1;1;2;-10,74245889;-48,90320815;"SPRF-TO";"DEL02-TO";"UOP01-DEL01-TO"
245487;2019-10-27;"domingo";"09:00:00";"PE";423;191,8;"ITAIBA";"Defeito Mecânico no Veículo";"Tombamento";"Com Vítimas Feridas";"Pleno dia";"Decrescente";"Céu Claro";"Simples";"Reta";"Não";3;0;2;0;1;0;2;1;-9,13458054;-37,24076601;"SPRF-AL";"DEL03-AL";"UOP02-DEL03-AL"
245489;2019-10-27;"domingo";"09:20:00";"BA";101;553;"ARATACA";"Defeito Mecânico no Veículo";"Derramamento de carga";"Sem Vítimas";"Pleno dia";"Crescente";"Céu Claro";"Simples";"Curva";"Não";2;0;0;0;1;2;0;3;-15,157568;-39,410274;"SPRF-BA";"DEL05-BA";"UOP02-DEL05-BA"
245491;2019-10-27;"domingo";"09:30:00";"RJ";356;9;"ITAPERUNA";"Defeito Mecânico no Veículo";"Incêndio";"Sem Vítimas";"Pleno dia";"Crescente";"Céu Claro";"Simples";"Reta";"Não";2;0;0;0;1;1;0;2;-21,1730632;-42,10648703;"SPRF-RJ";"DEL08-RJ";"UOP03-DEL08-RJ"
245495;2019-10-27;"domingo";"09:10:00";"SC";282;424,8;"VARGEM BONITA";"Falta de Atenção à Condução";"Tombamento";"Com Vítimas Feridas";"Pleno dia";"Decrescente";"Nublado";"Simples";"Curva";"Não";1;0;1;0;0;0;1;1;-26,988014;-51,753124;"SPRF-SC";"DEL07-SC";"UOP05-DEL07-SC"
245496;2019-10-27;"domingo";"11:00:00";"MG";267;132,5;"JUIZ DE FORA";"Velocidade Incompatível";"Capotamento";"Com Vítimas Feridas";"Pleno dia";"Decrescente";"Céu Claro";"Simples";"Curva;Declive";"Não";2;0;0;1;0;1;1;2;-21,76204522;-43,60297286;"SPRF-MG";"DEL05-MG";"UOP01-DEL05-MG"
245502;2019-10-27;"domingo";"12:40:00";"PI";316;1,2;"TERESINA";"Ingestão de Álcool";"Colisão lateral";"Sem Vítimas";"Pleno dia";"Crescente";"Sol";"Múltipla";"Reta";"Sim";2;0;0;0;2;0;0;2;-5,12861853;-42,80706778;"SPRF-PI";"DEL01-PI";"UOP02-DEL01-PI"
245507;2019-10-27;"domingo";"13:45:00";"MG";381;477,5;"CONTAGEM";"Velocidade Incompatível";"Colisão traseira";"Com Vítimas Feridas";"Pleno dia";"Decrescente";"Céu Claro";"Dupla";"Reta";"Sim";4;0;2;0;1;1;2;3;-19,95947326;-44,03217316;"SPRF-MG";"DEL01-MG";"UOP03-DEL01-MG"
245509;2019-10-27;"domingo";"06:30:00";"MS";267;92,4;"BATAGUASSU";"Defeito Mecânico no Veículo";"Derramamento de carga";"Sem Vítimas";"Pleno dia";"Crescente";"Céu Claro";"Simples";"Reta";"Não";2;0;0;0;1;1;0;2;-21,8602939;-52,97609568;"SPRF-MS";"DEL02-MS";"UOP04-DEL02-MS"
245518;2019-10-27;"domingo";"14:15:00";"RS";392;264;"CACAPAVA DO SUL";"Avarias e/ou desgaste excessivo no pneu";"Colisão frontal";"Com Vítimas Feridas";"Pleno dia";"Crescente";"Chuva";"Simples";"Curva";"Não";4;0;1;1;1;1;2;3;-30,44201571;-53,49405942;"SPRF-RS";"DEL09-RS";"UOP02-DEL09-RS"
245519;2019-10-27;"domingo";"14:10:00";"MS";262;488,8;"ANASTACIO";"Desobediência às normas de trânsito pelo condutor";"Colisão frontal";"Com Vítimas Feridas";"Pleno dia";"Crescente";"Céu Claro";"Simples";"Reta";"Sim";10;0;2;0;6;3;2;5;-20,49944739;-55,81145071;"SPRF-MS";"DEL03-MS";"UOP01-DEL03-MS"
245526;2019-10-27;"domingo";"14:15:00";"MT";70;299;"POXOREO";"Desobediência às normas de trânsito pelo condutor";"Colisão lateral";"Com Vítimas Feridas";"Pleno dia";"Crescente";"Céu Claro";"Simples";"Reta";"Não";2;0;1;0;1;0;1;2;-15,57996026;-54,46351203;"SPRF-MT";"DEL05-MT";"UOP01-DEL05-MT"