"id";"data_inversa";"dia_semana";"horario";"uf";"br";"km";"municipio";"causa_acidente";"tipo_acidente";"classificacao_acidente";"fase_dia";"sentido_via";"condicao_metereologica";"tipo_pista";"tracado_via";"uso_solo";"pessoas";"mortos";"feridos_leves";"feridos_graves";"ilesos";"ignorados";"feridos";"veiculos";"latitude";"longitude";"regional";"delegacia";"uop"
245907;2019-10-29;"terça-feira";"10:45:00";"SC";480;128,6;"CHAPECO";"Falta de Atenção à Condução";"Colisão transversal";"Com Vítimas Feridas";"Pleno dia";"Crescente";"Céu Claro";"Simples";"Reta";"Sim";3;0;0;1;1;1;1;3;-27,03781899;-52,63432603;"SPRF-SC";"DEL07-SC";"UOP01-DEL07-SC"
245908;2019-10-29;"terça-feira";"13:00:00";"MG";262;35,8;"MANHUACU";"Ultrapassagem Indevida";"Colisão transversal";"Com Vítimas Feridas";"Pleno dia";"Crescente";"Sol";"Simples";"Curva";"Sim";4;0;2;0;1;2;2;5;-20,2592562;-42,01698194;"SPRF-MG";"DEL06-MG";"UOP03-DEL06-MG"
245909;2019-10-29;"terça-feira";"12:10:00";"MG";262;424;"IGARATINGA";"Defeito Mecânico no Veículo";"Saída de leito carroçável";"Sem Vítimas";"Pleno dia";"Crescente";"Céu Claro";"Dupla";"Reta";"Não";2;0;0;0;1;2;0;3;-19,88325202;-44,748945;"SPRF-MG";"DEL08-MG";"UOP03-DEL08-MG"
245911;2019-10-29;"terça-feira";"14:40:00";"RS";158;190,6;"CRUZ ALTA";"Desobediência às normas de trânsito pelo condutor";"Colisão frontal";"Com Vítimas Fatais";"Pleno dia";"Crescente";"Céu Claro";"Simples";"Reta";"Não";4;1;0;0;1;4;0;6;-28,60422611;-53,57645675;"SPRF-RS";"DEL10-RS";"UOP02-DEL10-RS"
245919;2019-10-29;"terça-feira";"15:35:00";"MG";381;408,5;"BOM JESUS DO AMPARO";"Ultrapassagem Indevida";"Colisão frontal";"Com Vítimas Fatais";"Pleno dia";"Decrescente";"Céu Claro";"Simples";"Reta";"Não";3;1;0;0;1;1;0;3;-19,75364097;-43,52827802;"SPRF-MG";"DEL01-MG";"UOP01-DEL01-MG"
245926;2019-10-29;"terça-feira";"15:30:00";"MG";40;729,9;"OLIVEIRA FORTES";"Defeito Mecânico no Veículo";"Colisão com objeto estático";"Sem Vítimas";"Pleno dia";"Crescente";"Nublado";"Dupla";"Reta;Aclive";"Não";2;0;0;0;1;2;0;3;-21,32603098;-43,58445806;"SPRF-MG";"DEL05-MG";"UOP01-DEL05-MG"
245933;2019-10-29;"terça-feira";"16:33:00";"RJ";116;268;"PIRAI";"Falta de Atenção à Condução";"Colisão traseira";"Com Vítimas Fatais";"Pleno dia";"Decrescente";"Nublado";"Simples";"Aclive;Curva;Em Obras";"Não";2;1;0;0;1;0;0;2;-22,58240306;-44,11006543;"SPRF-RJ";"DEL07-RJ";"UOP02-DEL07-RJ"
245941;2019-10-29;"terça-feira";"17:00:00";"TO";153;355,5;"FORTALEZA DO TABOCAO";"Falta de Atenção à Condução";"Colisão traseira";"Com Vítimas Feridas";"Pleno dia";"Crescente";"Nublado";"Simples";"Curva";"Não";2;0;0;1;1;0;1;2;-9,02301795;-48,50307549;"SPRF-TO";"DEL02-TO";"UOP02-DEL02-TO"
245952;2019-10-29;"terça-feira";"18:07:00";"BA";324;620;"SALVADOR";"Não guardar distância de segurança";"Colisão traseira";"Sem Vítimas";"Anoitecer";"Crescente";"Céu Claro";"Dupla";"Reta";"Sim";2;0;0;0;2;0;0;2;-12,90482172;-38,45556535;"SPRF-BA";"DEL01-BA";"UOP01-DEL01-BA"
245954;2019-10-29;"terça-feira";"18:10:00";"SP";116;231;"SAO PAULO";"Não guardar distância de segurança";"Colisão traseira";"Com Vítimas Feridas";"Plena Noite";"Decrescente";"Céu Claro";"Simples";"Reta";"Não";3;0;1;0;2;0;1;2;-23,5290581;-46,59398303;"SPRF-SP";"DEL01-SP";"UOP01-DEL01-SP"
245962;2019-10-29;"terça-feira";"19:00:00";"MG";262;405,5;"PARA DE MINAS";"Falta de Atenção à Condução";"Colisão lateral";"Com Vítimas Feridas";"Plena Noite";"Decrescente";"Chuva";"Dupla";"Curva";"Não";3;0;1;0;2;0;1;2;-19,88921326;-44,58977508;"SPRF-MG";"DEL08-MG";"UOP03-DEL08-MG"
245971;2019-10-29;"terça-feira";"19:40:00";"GO";60;92,6;"ANAPOLIS";"Falta de Atenção à Condução";"Colisão traseira";"Com Vítimas Feridas";"Plena Noite";"Crescente";"Garoa/Chuvisco";"Dupla";"Aclive";"Sim";3;0;0;1;1;3;1;5;-16,353;-48,9178;"SPRF-GO";"DEL02-GO";"UOP01-DEL02-GO"
245975;2019-10-29;"terça-feira";"17:15:00";"MG";381;543,1;"ITATIAIUCU";"Avarias e/ou desgaste excessivo no pneu";"Colisão com objeto estático";"Sem Vítimas";"Anoitecer";"Decrescente";"Chuva";"Dupla";"Curva";"Não";2;0;0;0;2;0;0;2;-20,27336801;-44,42585498;"SPRF-MG";"DEL04-MG";"UOP03-DEL04-MG"
245979;2019-10-29;"terça-feira";"17:30:00";"SC";282;597,1;"CUNHA PORA";"Desobediência às normas de trânsito pelo condutor";"Colisão transversal";"Com Vítimas Feridas";"Pleno dia";"Crescente";"Céu Claro";"Simples";"Reta";"Não";3;0;1;0;2;0;1;2;-26,82922;-53,138004;"SPRF-SC";"DEL07-SC";"UOP02-DEL07-SC"
245980;2019-10-29;"terça-feira";"20:00:00";"PR";153;505,8;"GENERAL CARNEIRO";"Falta de Atenção à Condução";"Colisão frontal";"Com Vítimas Feridas";"Plena Noite";"Crescente";"Céu Claro";"Simples";"Reta";"Não";3;0;0;1;1;1;1;3;-26,530156;-51,369659;"SPRF-PR";"DEL02-PR";"UOP03-DEL02-PR"
245981;2019-10-29;"terça-feira";"18:05:00";"MG";40;526;"CONTAGEM";"Não guardar distância de segurança";"Colisão lateral";"Com Vítimas Feridas";"Anoitecer";"Decrescente";"Chuva";"Dupla";"Reta";"Não";4;0;0;1;2;1;1;4;-19,89255399;-44,04985478;"SPRF-MG";"DEL01-MG";"UOP02-DEL01-MG"
245984;2019-10-29;"terça-feira";"18:30:00";"MG";40;520,3;"CONTAGEM";"Pista Escorregadia";"Saída de leito carroçável";"Sem Vítimas";"Plena Noite";"Crescente";"Chuva";"Dupla";"Reta";"Não";1;0;0;0;1;0;0;1;-19,84761911;-44,07276144;"SPRF-MG";"DEL01-MG";"UOP02-DEL01-MG"
245994;2019-10-29;"terça-feira";"20:30:00";"PA";316;96;"SANTA MARIA DO PARA";"Desobediência às normas de trânsito pelo condutor";"Colisão transversal";"Com Vítimas Feridas";"Plena Noite";"Decrescente";"Ignorado";"Simples";"Reta";"Não";3;0;1;0;2;0;1;2;-1,32878666;-47,63912194;"SPRF-PA";"DEL01-PA";"UOP02-DEL01-PA"
246006;2019-10-29;"terça-feira";"22:10:00";"SC";470;135,5;"RIO DO SUL";"Defeito Mecânico no Veículo";"Tombamento";"Com Vítimas Feridas";"Plena Noite";"Decrescente";"Céu Claro";"Simples";"Reta";"Não";1;0;1;0;0;0;1;1;-27,188492;-49,61232;"SPRF-SC";"DEL04-SC";"UOP02-DEL04-SC"
246007;2019-10-29;"terça-feira";"22:35:00";"MG";40;766,4;"JUIZ DE FORA";"Falta de Atenção à Condução";"Saída de leito carroçável";"Com Vítimas Feridas";"Plena Noite";"Crescente";"Garoa/Chuvisco";"Simples";"Reta";"Não";2;0;0;2;0;0;2;1;-21,5688431;-43,47868311;"SPRF-MG";"DEL05-MG";"UOP01-DEL05-MG"
246012;2019-10-29;"terça-feira";"23:00:00";"MG";153;17;"CENTRALINA";"Desobediência às normas de trânsito pelo pedestre";"Atropelamento de Pedestre";"Com Vítimas Fatais";"Plena Noite";"Crescente";"Nublado";"Dupla";"Reta";"Não";3;1;0;0;1;1;0;3;-18,569555;-49,193806;"SPRF-MG";"DEL15-MG";"UOP03-DEL15-MG"
246013;2019-10-29;"terça-feira";"22:39:00";"RJ";393;177;"PARAIBA DO SUL";"Falta de Atenção à Condução";"Colisão frontal";"Com Vítimas Feridas";"Plena Noite";"Crescente";"Nublado";"Simples";"Curva";"Não";4;0;1;0;2;1;1;3;-22,1305317;-43,22040965;"SPRF-RJ";"DEL05-RJ";"UOP03-DEL05-RJ"
246015;2019-10-29;"terça-feira";"23:40:00";"RN";101;110;"PARNAMIRIM";"Condutor Dormindo";"Colisão traseira";"Com Vítimas Feridas";"Plena Noite";"Crescente";"Céu Claro";"Dupla";"Aclive";"Sim";2;0;1;0;1;0;1;2;-5,94265105;-35,26473999;"SPRF-RN";"DEL01-RN";"UOP01-DEL01-RN"
246017;2019-10-29;"terça-feira";"11:10:00";"AM";174;913,9;"MANAUS";"Avarias e/ou desgaste excessivo no pneu";"Colisão com objeto estático";"Com Vítimas Feridas";"Pleno dia";"Crescente";"Céu Claro";"Simples";"Reta";"Não";2;0;0;1;0;1;1;2;-2,715893;-60,047673;"SPRF-AM";"DEL01-AM";"UOP01-DEL01-AM"
246018;2019-10-29;"terça-feira";"19:40:00";"RO";364;82,8;"VILHENA";"Desobediência às normas de trânsito pelo condutor";"Colisão lateral";"Com Vítimas Feridas";"Plena Noite";"Decrescente";"Céu Claro";"Simples";"Curva";"Não";4;0;1;1;1;4;2;6;-12,4226799;-60,59238494;"SPRF-RO";"DEL04-RO";"UOP01-DEL04-RO"
246019;2019-10-29;"terça-feira";"22:55:00";"MT";364;373;"SANTO ANTONIO DO LEVERGER";"Falta de Atenção do Pedestre";"Atropelamento de Pedestre";"Com Vítimas Fatais";"Plena Noite";"Decrescente";"Ignorado";"Dupla";"Reta";"Não";3;1;0;0;1;2;0;4;-15,70472644;-55,71490313;"SPRF-MT";"DEL02-MT";"UOP02-DEL01-MT"
246025;2019-10-30;"quarta-feira";"01:15:00";"MG";381;540,7;"ITATIAIUCU";"Velocidade Incompatível";"Colisão traseira";"Com Vítimas Feridas";"Plena Noite";"Decrescente";"Nevoeiro/Neblina";"Dupla";"Declive;Curva";"Não";3;0;1;0;0;2;1;3;-20,233458;-44,402461;"SPRF-MG";"DEL04-MG";"UOP03-DEL04-MG"
246026;2019-10-30;"quarta-feira";"00:50:00";"PR";116;3,7;"CAMPINA GRANDE DO SUL";"Velocidade Incompatível";"Colisão traseira";"Com Vítimas Feridas";"Plena Noite";"Crescente";"Céu Claro";"Dupla";"Reta";"Não";3;0;0;1;1;1;1;3;-25,07163889;-48,58564619;"SPRF-PR";"DEL01-PR";"UOP02-DEL01-PR"
246027;2019-10-30;"quarta-feira";"03:50:00";"PE";101;189;"PALMARES";"Defeito Mecânico no Veículo";"Tombamento";"Com Vítimas Feridas";"Plena Noite";"Decrescente";"Céu Claro";"Dupla";"Curva";"Não";1;0;1;0;0;0;1;1;-8,69036647;-35,60430503;"SPRF-PE";"DEL01-PE";"UOP03-DEL01-PE"
246028;2019-10-30;"quarta-feira";"01:00:00";"MG";116;222;"CATUJI";"Defeito Mecânico no Veículo";"Saída de leito carroçável";"Com Vítimas Feridas";"Plena Noite";"Decrescente";"Céu Claro";"Simples";"Declive;Curva";"Não";1;0;0;1;0;0;1;1;-17,42343294;-41,51418802;"SPRF-MG";"DEL11-MG";"UOP01-DEL11-MG"
246030;2019-10-30;"quarta-feira";"04:35:00";"RS";290;82;"CACHOEIRINHA";"Falta de Atenção à Condução";"Colisão traseira";"Com Vítimas Fatais";"Amanhecer";"Decrescente";"Céu Claro";"Dupla";"Reta";"Sim";3;1;0;1;1;0;1;2;-29,955839;-51,079105;"SPRF-RS";"DEL01-RS";"UOP01-DEL01-RS"
246033;2019-10-30;"quarta-feira";"05:35:00";"RJ";116;205;"SEROPEDICA";"Falta de Atenção à Condução";"Colisão traseira";"Com Vítimas Feridas";"Amanhecer";"Decrescente";"Céu Claro";"Dupla";"Reta";"Não";2;0;1;0;1;0;1;2;-22,72746688;-43,64167998;"SPRF-RJ";"DEL01-RJ";"UOP03-DEL01-RJ"
246034;2019-10-30;"quarta-feira";"06:10:00";"SC";101;96,4;"BALNEARIO PICARRAS";"Falta de Atenção à Condução";"Colisão traseira";"Com Vítimas Feridas";"Pleno dia";"Crescente";"Céu Claro";"Dupla";"Reta";"Não";5;0;2;0;2;2;2;5;-26,718427;-48,70233;"SPRF-SC";"DEL03-SC";"UOP02-DEL03-SC"
246035;2019-10-30;"quarta-feira";"04:10:00";"PE";101;189;"PALMARES";"Objeto estático sobre o leito carroçável";"Tombamento";"Com Vítimas Feridas";"Amanhecer";"Decrescente";"Céu Claro";"Dupla";"Declive;Curva";"Não";3;0;2;0;0;2;2;4;-8,69036647;-35,60430503;"SPRF-PE";"DEL01-PE";"UOP03-DEL01-PE"
246038;2019-10-30;"quarta-feira";"06:25:00";"PR";476;142;"CURITIBA";"Falta de Atenção à Condução";"Colisão traseira";"Sem Vítimas";"Amanhecer";"Decrescente";"Céu Claro";"Dupla";"Reta";"Sim";3;0;0;0;3;0;0;3;-25,537161;-49,301632;"SPRF-PR";"DEL01-PR";"UOP03-DEL01-PR"
246041;2019-10-30;"quarta-feira";"03:40:00";"SC";470;69;"INDAIAL";"Falta de Atenção à Condução";"Tombamento";"Sem Vítimas";"Pleno dia";"Decrescente";"Céu Claro";"Simples";"Rotatória";"Não";2;0;0;0;1;1;0;2;-26,883745;-49,246704;"SPRF-SC";"DEL04-SC";"UOP01-DEL04-SC"
246047;2019-10-17;"quinta-feira";"19:30:00";"SC";282;599;"CUNHA PORA";"Defeito na Via";"Danos eventuais";"Com Vítimas Feridas";"Plena Noite";"Crescente";"Céu Claro";"Simples";"Curva;Aclive";"Não";3;0;2;1;0;0;3;2;-26,81929307;-53,15715551;"SPRF-SC";"DEL07-SC";"UOP02-DEL07-SC"
246056;2019-10-30;"quarta-feira";"06:45:00";"MT";70;509;"CUIABA";"Falta de Atenção à Condução";"Colisão transversal";"Com Vítimas Feridas";"Pleno dia";"Decrescente";"Céu Claro";"Simples";"Reta";"Não";3;0;0;1;1;3;1;5;-15,65051022;-55,99823809;"SPRF-MT";"DEL02-MT";"UOP02-DEL01-MT"
246060;2019-10-30;"quarta-feira";"08:50:00";"PR";376;176,9;"MARINGA";"Mal Súbito";"Colisão lateral";"Com Vítimas Feridas";"Pleno dia";"Crescente";"Sol";"Múltipla";"Interseção de Vias";"Sim";2;0;1;0;1;0;1;2;-23,41269173;-51,93158327;"SPRF-PR";"DEL07-PR";"UOP01-DEL09-PR"
246061;2019-10-30;"quarta-feira";"07:00:00";"MG";381;367;"SAO GONCALO DO RIO ABAIXO";"Desobediência às normas de trânsito pelo condutor";"Colisão com objeto estático";"Sem Vítimas";"Pleno dia";"Decrescente";"Céu Claro";"Simples";"Curva;Aclive";"Não";2;0;0;0;1;1;0;2;-19,84959351;-43,27455396;"SPRF-MG";"DEL03-MG";"UOP01-DEL03-MG"
246068;2019-10-30;"quarta-feira";"08:59:00";"RN";101;103;"PARNAMIRIM";"Falta de Atenção à Condução";"Colisão transversal";"Com Vítimas Feridas";"Pleno dia";"Crescente";"Céu Claro";"Dupla";"Reta";"Sim";3;0;1;0;1;1;1;3;-5,89034022;-35,24894996;"SPRF-RN";"DEL01-RN";"UOP01-DEL01-RN"
246074;2019-10-30;"quarta-feira";"10:50:00";"SC";470;76,9;"RODEIO";"Falta de Atenção à Condução";"Colisão lateral";"Com Vítimas Feridas";"Pleno dia";"Decrescente";"Sol";"Simples";"Curva";"Não";3;0;1;0;1;1;1;3;-26,94127697;-49,29317594;"SPRF-SC";"DEL04-SC";"UOP01-DEL04-SC"
246075;2019-10-30;"quarta-feira";"09:50:00";"GO";60;72,8;"ABADIANIA";"Condutor Dormindo";"Colisão com objeto em movimento";"Com Vítimas Feridas";"Pleno dia";"Decrescente";"Céu Claro";"Dupla";"Aclive";"Não";3;0;1;0;1;2;1;4;-16,2636;-48,764;"SPRF-GO";"DEL02-GO";"UOP01-DEL02-GO"
246077;2019-10-30;"quarta-feira";"08:10:00";"BA";101;712,8;"EUNAPOLIS";"Mal Súbito";"Saída de leito carroçável";"Com Vítimas Feridas";"Pleno dia";"Decrescente";"Sol";"Simples";"Reta";"Sim";2;0;0;1;0;1;1;2;-16,34155507;-39,58236694;"SPRF-BA";"DEL09-BA";"UOP01-DEL09-BA"
246081;2019-10-30;"quarta-feira";"10:40:00";"RN";101;96;"NATAL";"Não guardar distância de segurança";"Colisão traseira";"Sem Vítimas";"Pleno dia";"Crescente";"Céu Claro";"Dupla";"Curva";"Sim";2;0;0;0;2;0;0;2;-5,84949622;-35,20890752;"SPRF-RN";"DEL01-RN";"UOP01-DEL01-RN"
246082;2019-10-30;"quarta-feira";"10:30:00";"SP";116;186;"SANTA ISABEL";"Falta de Atenção à Condução";"Colisão traseira";"Sem Vítimas";"Pleno dia";"Decrescente";"Sol";"Dupla";"Reta";"Não";4;0;0;0;3;1;0;4;-23,35220682;-46,19934905;"SPRF-SP";"DEL02-SP";"UOP01-DEL02-SP"
246085;2019-10-30;"quarta-feira";"07:45:00";"MG";262;134,5;"RIO CASCA";"Condutor Dormindo";"Capotamento";"Sem Vítimas";"Pleno dia";"Crescente";"Sol";"Simples";"Reta";"Não";2;0;0;0;1;5;0;6;-20,12023803;-42,69344461;"SPRF-MG";"DEL03-MG";"UOP03-DEL03-MG"
246087;2019-10-30;"quarta-feira";"11:35:00";"MG";116;46,7;"PEDRA AZUL";"Falta de Atenção à Condução";"Engavetamento";"Com Vítimas Feridas";"Pleno dia";"Decrescente";"Sol";"Simples";"Reta;Em Obras";"Não";5;0;0;1;3;14;1;18;-16,03032513;-41,42405264;"SPRF-MG";"DEL11-MG";"UOP02-DEL11-MG"
246089;2019-10-30;"quarta-feira";"07:45:00";"RJ";116;223;"PIRAI";"Agressão Externa";"Tombamento";"Sem Vítimas";"Pleno dia";"Decrescente";"Céu Claro";"Simples";"Curva";"Não";1;0;0;0;1;0;0;1;-22,68972504;-43,801317;"SPRF-RJ";"DEL07-RJ";"UOP01-DEL07-RJ"
246091;2019-10-30;"quarta-feira";"12:15:00";"CE";116;73;"CHOROZINHO";"Carga excessiva e/ou mal acondicionada";"Capotamento";"Com Vítimas Feridas";"Pleno dia";"Crescente";"Céu Claro";"Dupla";"Reta";"Não";2;0;2;0;0;0;2;1;-4,34762481;-38,46792477;"SPRF-CE";"DEL03-CE";"UOP02-DEL03-CE"
246094;2019-10-30;"quarta-feira";"07:45:00";"RJ";116;220;"PIRAI";"Carga excessiva e/ou mal acondicionada";"Tombamento";"Sem Vítimas";"Pleno dia";"Crescente";"Céu Claro";"Simples";"Curva";"Não";2;0;0;0;1;1;0;2;-22,69305776;-43,77362606;"SPRF-RJ";"DEL07-RJ";"UOP01-DEL07-RJ"
246096;2019-10-30;"quarta-feira";"12:45:00";"RS";386;175,4;"CARAZINHO";"Falta de Atenção à Condução";"Colisão transversal";"Com Vítimas Feridas";"Pleno dia";"Crescente";"Nublado";"Simples";"Reta";"Não";3;0;0;1;1;1;1;3;-28,274448;-52,770943;"SPRF-RS";"DEL08-RS";"UOP01-DEL08-RS"
246108;2019-10-30;"quarta-feira";"12:00:00";"PI";343;554;"AMARANTE";"Condutor Dormindo";"Colisão frontal";"Com Vítimas Fatais";"Pleno dia";"Decrescente";"Céu Claro";"Simples";"Reta";"Não";3;1;0;0;1;1;0;3;-6,628354;-42,846256;"SPRF-PI";"DEL03-PI";"UOP01-DEL03-PI"
246112;2019-10-30;"quarta-feira";"11:30:00";"MA";135;280;"CAPINZAL DO NORTE";"Falta de Atenção à Condução";"Colisão lateral";"Com Vítimas Feridas";"Pleno dia";"Crescente";"Céu Claro";"Simples";"Curva";"Não";2;0;1;0;1;0;1;2;-4,83456901;-44,3228012;"SPRF-MA";"DEL03-MA";"UOP01-DEL03-MA"
246113;2019-10-30;"quarta-feira";"11:02:00";"PR";376;491;"PONTA GROSSA";"Velocidade Incompatível";"Tombamento";"Com Vítimas Feridas";"Pleno dia";"Crescente";"Céu Claro";"Dupla";"Reta";"Sim";1;0;1;0;0;0;1;1;-25,10623573;-50,19327164;"SPRF-PR";"DEL03-PR";"UOP04-DEL03-PR"
246117;2019-10-30;"quarta-feira";"15:30:00";"PE";101;60,4;"RECIFE";"Defeito Mecânico no Veículo";"Colisão transversal";"Sem Vítimas";"Pleno dia";"Crescente";"Céu Claro";"Dupla";"Reta";"Sim";5;0;0;0;4;1;0;4;-7,98344307;-34,93176727;"SPRF-PE";"DEL01-PE";"UOP02-DEL01-PE"
246119;2019-10-30;"quarta-feira";"14:40:00";"BA";324;603,5;"SIMOES FILHO";"Carga excessiva e/ou mal acondicionada";"Derramamento de carga";"Sem Vítimas";"Pleno dia";"Decrescente";"Nublado";"Dupla";"Curva";"Não";2;0;0;0;2;0;0;1;-12,78657029;-38,40907618;"SPRF-BA";"DEL01-BA";"UOP01-DEL01-BA"
246121;2019-10-30;"quarta-feira";"15:50:00";"PR";376;135,1;"NOVA ESPERANCA";"Falta de Atenção à Condução";"Colisão traseira";"Com Vítimas Feridas";"Pleno dia";"Crescente";"Céu Claro";"Dupla";"Reta";"Sim";2;0;0;1;1;0;1;2;-23,1945814;-52,20335126;"SPRF-PR";"DEL07-PR";"UOP02-DEL09-PR"
246123;2019-10-24;"quinta-feira";"22:00:00";"PR";373;283,1;"PRUDENTOPOLIS";"Falta de Atenção à Condução";"Colisão traseira";"Sem Vítimas";"Plena Noite";"Crescente";"Céu Claro";"Simples";"Reta";"Não";3;0;0;0;2;1;0;3;-25,286064;-51,119461;"SPRF-PR";"DEL03-PR";"UOP01-DEL03-PR"
246126;2019-10-30;"quarta-feira";"15:20:00";"BA";324;521;"FEIRA DE SANTANA";"Falta de Atenção à Condução";"Colisão traseira";"Sem Vítimas";"Pleno dia";"Crescente";"Céu Claro";"Dupla";"Reta";"Sim";2;0;0;0;2;0;0;2;-12,27918591;-38,92645693;"SPRF-BA";"DEL01-BA";"UOP01-DEL01-BA"
246127;2019-10-30;"quarta-feira";"15:50:00";"PR";277;687,5;"SAO MIGUEL DO IGUACU";"Falta de Atenção à Condução";"Colisão lateral";"Com Vítimas Feridas";"Pleno dia";"Decrescente";"Céu Claro";"Dupla";"Reta";"Sim";3;0;2;0;1;0;2;2;-25,34377452;-54,22446208;"SPRF-PR";"DEL05-PR";"UOP01-DEL05-PR"
246136;2019-10-30;"quarta-feira";"13:20:00";"RJ";116;51,9;"TERESOPOLIS";"Condutor Dormindo";"Saída de leito carroçável";"Com Vítimas Feridas";"Pleno dia";"Decrescente";"Nublado";"Simples";"Aclive;Curva";"Não";1;0;1;0;0;0;1;1;-22,18834141;-42,86207381;"SPRF-RJ";"DEL04-RJ";"UOP01-DEL04-RJ"
246149;2019-10-29;"terça-feira";"05:10:00";"RS";290;16,9;"SANTO ANTONIO DA PATRULHA";"Condutor Dormindo";"Saída de leito carroçável";"Com Vítimas Feridas";"Amanhecer";"Decrescente";"Nublado";"Dupla";"Reta";"Não";3;0;2;0;0;1;2;2;-29,871126;-50,418049;"SPRF-RS";"DEL03-RS";"UOP01-DEL03-RS"
246151;2019-08-16;"sexta-feira";"15:00:00";"PA";163;436;"ITAITUBA";"Falta de Atenção à Condução";"Colisão frontal";"Com Vítimas Feridas";"Pleno dia";"Crescente";"Céu Claro";"Simples";"Reta";"Não";5;0;1;0;3;8;1;12;-6,039037;-55,68546;"SPRF-PA";"DEL05-PA";"UOP01-DEL05-PA"
246159;2019-10-30;"quarta-feira";"16:00:00";"ES";101;267,8;"SERRA";"Objeto estático sobre o leito carroçável";"Danos eventuais";"Com Vítimas Feridas";"Pleno dia";"Decrescente";"Céu Claro";"Múltipla";"Interseção de Vias";"Não";2;0;1;0;1;0;1;2;-20,19930999;-40,26884609;"SPRF-ES";"DEL02-ES";"UOP01-DEL02-ES"
246162;2019-10-30;"quarta-feira";"15:30:00";"TO";153;724,8;"FIGUEIROPOLIS";"Fenômenos da Natureza";"Tombamento";"Sem Vítimas";"Pleno dia";"Crescente";"Chuva";"Simples";"Reta;Declive";"Não";2;0;0;0;1;1;0;2;-12,15456392;-49,16381675;"SPRF-TO";"DEL02-TO";"UOP02-DEL01-TO"
246167;2019-10-30;"quarta-feira";"11:19:00";"MG";365;613;"UBERLANDIA";"Falta de Atenção à Condução";"Colisão com objeto estático";"Sem Vítimas";"Pleno dia";"Crescente";"Céu Claro";"Simples";"Reta";"Sim";2;0;0;0;1;1;0;2;-18,884602;-48,26594;"SPRF-MG";"DEL15-MG";"UOP01-DEL15-MG"
246172;2019-10-30;"quarta-feira";"14:30:00";"BA";101;274;"SAO MIGUEL DAS MATAS";"Defeito Mecânico no Veículo";"Tombamento";"Com Vítimas Feridas";"Pleno dia";"Crescente";"Sol";"Simples";"Aclive;Curva";"Não";3;0;2;0;0;2;2;3;-13,061075;-39,279344;"SPRF-BA";"DEL01-BA";"UOP02-DEL01-BA"
246174;2019-10-30;"quarta-feira";"12:30:00";"MG";116;781,1;"LEOPOLDINA";"Velocidade Incompatível";"Tombamento";"Com Vítimas Feridas";"Pleno dia";"Decrescente";"Sol";"Simples";"Curva;Declive";"Não";2;0;1;0;0;1;1;2;-21,62223589;-42,69312807;"SPRF-MG";"DEL07-MG";"UOP01-DEL07-MG"
246177;2019-10-30;"quarta-feira";"19:45:00";"ES";101;211,3;"IBIRACU";"Falta de Atenção à Condução";"Colisão lateral";"Com Vítimas Feridas";"Plena Noite";"Decrescente";"Céu Claro";"Dupla";"Aclive";"Não";2;0;0;1;1;0;1;2;-19,80700903;-40,36767233;"SPRF-ES";"DEL02-ES";"UOP01-DEL02-ES"
246178;2019-10-30;"quarta-feira";"14:10:00";"ES";262;136,5;"MUNIZ FREIRE";"Falta de Atenção à Condução";"Tombamento";"Com Vítimas Feridas";"Pleno dia";"Decrescente";"Céu Claro";"Simples";"Curva";"Não";3;0;2;0;0;1;2;2;-20,24110613;-41,33884311;"SPRF-ES";"DEL01-ES";"UOP02-DEL01-ES"
246179;2019-10-30;"quarta-feira";"12:00:00";"RN";405;134,5;"SAO FRANCISCO DO OESTE";"Defeito Mecânico no Veículo";"Tombamento";"Com Vítimas Feridas";"Pleno dia";"Crescente";"Céu Claro";"Simples";"Aclive";"Não";1;0;1;0;0;0;1;1;-5,97876709;-38,15403188;"SPRF-RN";"DEL04-RN";"UOP02-DEL04-RN"
246184;2019-10-30;"quarta-feira";"21:30:00";"SC";470;7;"NAVEGANTES";"Desobediência às normas de trânsito pelo condutor";"Colisão frontal";"Com Vítimas Feridas";"Plena Noite";"Crescente";"Céu Claro";"Simples";"Reta";"Não";3;0;0;1;1;1;1;3;-26,84499;-48,71505;"SPRF-SC";"DEL04-SC";"UOP04-DEL04-SC"
246185;2019-10-30;"quarta-feira";"21:40:00";"PR";277;710,6;"SANTA TEREZINHA DE ITAIPU";"Falta de Atenção à Condução";"Colisão transversal";"Com Vítimas Feridas";"Plena Noite";"Crescente";"Céu Claro";"Dupla";"Retorno Regulamentado";"Sim";3;0;1;0;1;1;1;3;-25,45042905;-54,41348698;"SPRF-PR";"DEL05-PR";"UOP01-DEL05-PR"
246186;2019-10-30;"quarta-feira";"20:30:00";"RS";116;617,6;"ARROIO GRANDE";"Restrição de Visibilidade";"Saída de leito carroçável";"Sem Vítimas";"Plena Noite";"Crescente";"Chuva";"Simples";"Reta";"Sim";2;0;0;0;1;1;0;2;-32,28610426;-53,11296276;"SPRF-RS";"DEL07-RS";"UOP03-DEL07-RS"
246187;2019-10-30;"quarta-feira";"15:15:00";"MS";163;707,5;"RIO VERDE DE MATO GROSSO";"Defeito Mecânico no Veículo";"Colisão traseira";"Com Vítimas Feridas";"Pleno dia";"Decrescente";"Céu Claro";"Simples";"Reta";"Não";3;0;1;0;1;4;1;6;-18,69568999;-54,81841933;"SPRF-MS";"DEL06-MS";"UOP01-DEL06-MS"