"id";"data_inversa";"dia_semana";"horario";"uf";"br";"km";"municipio";"causa_acidente";"tipo_acidente";"classificacao_acidente";"fase_dia";"sentido_via";"condicao_metereologica";"tipo_pista";"tracado_via";"uso_solo";"pessoas";"mortos";"feridos_leves";"feridos_graves";"ilesos";"ignorados";"feridos";"veiculos";"latitude";"longitude";"regional";"delegacia";"uop"
246193;2019-10-30;"quarta-feira";"21:30:00";"TO";153;519;"PUGMIL";"Ingestão de Álcool";"Saída de leito carroçável";"Com Vítimas Feridas";"Plena Noite";"Decrescente";"Céu Claro";"Simples";"Reta";"Não";2;0;1;0;0;1;1;2;-10,37124801;-48,89209789;"SPRF-TO";"DEL02-TO";"UOP01-DEL01-TO"
246194;2019-10-30;"quarta-feira";"17:00:00";"SC";153;37,6;"AGUA DOCE";"Agressão Externa";"Colisão lateral";"Com Vítimas Feridas";"Pleno dia";"Decrescente";"Céu Claro";"Simples";"Reta";"Não";4;0;1;0;2;1;1;3;-26,827137;-51,726971;"SPRF-SC";"DEL07-SC";"UOP07-DEL07-SC"
246198;2019-10-30;"quarta-feira";"20:40:00";"MG";262;46,4;"MANHUACU";"Velocidade Incompatível";"Colisão frontal";"Com Vítimas Feridas";"Plena Noite";"Decrescente";"Garoa/Chuvisco";"Simples";"Curva";"Não";5;0;2;0;2;1;2;4;-20,26333304;-42,10566505;"SPRF-MG";"DEL06-MG";"UOP03-DEL06-MG"
246203;2019-10-30;"quarta-feira";"12:48:00";"RS";290;547,4;"ALEGRETE";"Ultrapassagem Indevida";"Saída de leito carroçável";"Sem Vítimas";"Pleno dia";"Crescente";"Nublado";"Simples";"Reta";"Não";2;0;0;0;1;1;0;2;-29,946072;-55,487742;"SPRF-RS";"DEL13-RS";"UOP02-DEL13-RS"
246205;2019-10-30;"quarta-feira";"22:00:00";"PI";343;466;"SAO PEDRO DO PIAUI";"Ingestão de Álcool";"Colisão frontal";"Com Vítimas Feridas";"Plena Noite";"Crescente";"Céu Claro";"Simples";"Reta";"Não";3;0;0;2;0;1;2;2;-6,041117;-42,735828;"SPRF-PI";"DEL01-PI";"UOP02-DEL01-PI"
246206;2019-10-31;"quinta-feira";"00:20:00";"MG";381;478;"CONTAGEM";"Ingestão de Álcool";"Colisão com objeto estático";"Com Vítimas Feridas";"Plena Noite";"Crescente";"Nublado";"Dupla";"Reta";"Sim";6;0;1;0;0;5;1;6;-19,95826094;-44,05921101;"SPRF-MG";"DEL01-MG";"UOP03-DEL01-MG"
246207;2019-10-31;"quinta-feira";"00:10:00";"PR";277;679;"MEDIANEIRA";"Falta de Atenção à Condução";"Colisão traseira";"Com Vítimas Fatais";"Plena Noite";"Decrescente";"Céu Claro";"Dupla";"Reta";"Sim";3;1;0;0;1;1;0;3;-25,31758044;-54,15684223;"SPRF-PR";"DEL05-PR";"UOP01-DEL05-PR"
246208;2019-10-30;"quarta-feira";"23:10:00";"PR";277;413,8;"CANTAGALO";"Condutor Dormindo";"Capotamento";"Com Vítimas Feridas";"Plena Noite";"Crescente";"Céu Claro";"Simples";"Reta";"Não";4;0;1;1;1;1;2;2;-25,42378449;-52,03083928;"SPRF-PR";"DEL04-PR";"UOP02-DEL04-PR"
246212;2019-10-31;"quinta-feira";"03:50:00";"CE";222;167,1;"IRAUCUBA";"Falta de Atenção à Condução";"Colisão traseira";"Com Vítimas Feridas";"Amanhecer";"Decrescente";"Céu Claro";"Simples";"Reta";"Não";5;0;0;1;3;1;1;3;-3,74745632;-39,93666714;"SPRF-CE";"DEL04-CE";"UOP03-DEL04-CE"
246213;2019-10-31;"quinta-feira";"03:05:00";"MG";116;710,9;"MURIAE";"Velocidade Incompatível";"Tombamento";"Com Vítimas Feridas";"Plena Noite";"Crescente";"Céu Claro";"Simples";"Curva";"Não";2;0;1;0;0;1;1;2;-21,17559299;-42,37196176;"SPRF-MG";"DEL07-MG";"UOP02-DEL07-MG"
246216;2019-10-31;"quinta-feira";"03:40:00";"PA";10;327;"SAO MIGUEL DO GUAMA";"Não guardar distância de segurança";"Colisão traseira";"Sem Vítimas";"Amanhecer";"Crescente";"Céu Claro";"Simples";"Reta";"Não";2;0;0;0;1;1;0;2;-1,51973601;-47,52023905;"SPRF-PA";"DEL01-PA";"UOP02-DEL01-PA"
246220;2019-10-31;"quinta-feira";"06:00:00";"GO";153;179;"CAMPINORTE";"Carga excessiva e/ou mal acondicionada";"Danos eventuais";"Com Vítimas Fatais";"Amanhecer";"Crescente";"Céu Claro";"Simples";"Reta";"Sim";3;1;0;0;0;2;0;3;-14,335745;-49,154831;"SPRF-GO";"DEL07-GO";"UOP01-DEL07-GO"
246223;2019-10-31;"quinta-feira";"06:40:00";"PR";376;674,7;"GUARATUBA";"Defeito Mecânico no Veículo";"Incêndio";"Sem Vítimas";"Pleno dia";"Crescente";"Céu Claro";"Dupla";"Reta";"Não";2;0;0;0;1;1;0;2;-25,90851198;-48,92070682;"SPRF-PR";"DEL01-PR";"UOP04-DEL01-PR"
246225;2019-10-31;"quinta-feira";"07:15:00";"RJ";393;251;"BARRA DO PIRAI";"Falta de Atenção à Condução";"Atropelamento de Pedestre";"Com Vítimas Fatais";"Pleno dia";"Crescente";"Céu Claro";"Simples";"Reta";"Sim";3;1;0;0;2;0;0;2;-22,42817793;-43,76843108;"SPRF-RJ";"DEL05-RJ";"UOP04-DEL05-RJ"
246227;2019-10-31;"quinta-feira";"06:20:00";"MG";40;598,5;"OURO PRETO";"Defeito Mecânico no Veículo";"Incêndio";"Sem Vítimas";"Pleno dia";"Decrescente";"Céu Claro";"Simples";"Curva;Aclive";"Não";2;0;0;0;1;1;0;2;-20,42265689;-43,87084057;"SPRF-MG";"DEL05-MG";"UOP02-DEL05-MG"
246232;2019-10-31;"quinta-feira";"08:00:00";"SC";470;3;"NAVEGANTES";"Não guardar distância de segurança";"Colisão traseira";"Com Vítimas Feridas";"Pleno dia";"Decrescente";"Nublado";"Simples";"Reta";"Não";4;0;0;2;1;1;2;3;-26,861937;-48,681618;"SPRF-SC";"DEL04-SC";"UOP04-DEL04-SC"
246241;2019-10-31;"quinta-feira";"08:05:00";"MG";116;782;"LEOPOLDINA";"Velocidade Incompatível";"Tombamento";"Com Vítimas Feridas";"Pleno dia";"Decrescente";"Céu Claro";"Simples";"Curva";"Não";2;0;1;0;0;1;1;2;-21,627038;-42,69996898;"SPRF-MG";"DEL07-MG";"UOP01-DEL07-MG"
246243;2019-10-31;"quinta-feira";"03:50:00";"MA";10;168;"PORTO FRANCO";"Falta de Atenção à Condução";"Tombamento";"Com Vítimas Feridas";"Amanhecer";"Crescente";"Céu Claro";"Simples";"Reta";"Não";2;0;1;0;0;1;1;2;-6,248398;-47,352127;"SPRF-MA";"DEL04-MA";"UOP02-DEL04-MA"
246248;2019-10-31;"quinta-feira";"07:45:00";"AL";104;20,2;"UNIAO DOS PALMARES";"Velocidade Incompatível";"Tombamento";"Com Vítimas Feridas";"Pleno dia";"Crescente";"Céu Claro";"Simples";"Curva";"Não";1;0;1;0;0;0;1;1;-9,05832806;-36,03471394;"SPRF-AL";"DEL01-AL";"UOP02-DEL01-AL"
246250;2019-10-31;"quinta-feira";"05:40:00";"MT";364;336;"SANTO ANTONIO DO LEVERGER";"Pista Escorregadia";"Tombamento";"Com Vítimas Feridas";"Amanhecer";"Decrescente";"Chuva";"Dupla";"Reta";"Não";3;0;1;0;1;3;1;5;-15,82922629;-55,46004487;"SPRF-MT";"DEL02-MT";"UOP02-DEL05-MT"
246252;2019-10-31;"quinta-feira";"06:20:00";"BA";101;231;"TEODORO SAMPAIO";"Defeito na Via";"Colisão lateral";"Com Vítimas Feridas";"Pleno dia";"Decrescente";"Céu Claro";"Simples";"Reta";"Não";3;0;1;0;1;1;1;3;-12,18349546;-38,58226776;"SPRF-BA";"DEL01-BA";"UOP02-DEL01-BA"
246254;2019-10-03;"quinta-feira";"21:40:00";"PR";376;670;"GUARATUBA";"Falta de Atenção à Condução";"Colisão traseira";"Com Vítimas Feridas";"Plena Noite";"Decrescente";"Céu Claro";"Dupla";"Reta";"Não";3;0;0;1;1;1;1;3;-25,87689214;-48,93585725;"SPRF-PR";"DEL01-PR";"UOP04-DEL01-PR"
246257;2019-10-31;"quinta-feira";"07:55:00";"SC";282;618,5;"IRACEMINHA";"Sinalização da via insuficiente ou inadequada";"Colisão com objeto estático";"Sem Vítimas";"Pleno dia";"Crescente";"Garoa/Chuvisco";"Simples";"Curva";"Não";1;0;0;0;1;0;0;1;-26,788088;-53,293259;"SPRF-SC";"DEL07-SC";"UOP02-DEL07-SC"
246260;2019-10-31;"quinta-feira";"09:06:00";"PR";476;124;"CURITIBA";"Falta de Atenção à Condução";"Colisão lateral";"Com Vítimas Feridas";"Pleno dia";"Crescente";"Céu Claro";"Múltipla";"Reta";"Sim";3;0;0;1;2;0;1;3;-25,399845;-49,215855;"SPRF-PR";"DEL01-PR";"UOP07-DEL01-PR"
246261;2019-10-31;"quinta-feira";"08:00:00";"PR";277;546,4;"CATANDUVAS";"Ultrapassagem Indevida";"Saída de leito carroçável";"Sem Vítimas";"Pleno dia";"Crescente";"Céu Claro";"Simples";"Reta";"Não";3;0;0;0;2;1;0;3;-25,10286816;-53,09055797;"SPRF-PR";"DEL04-PR";"UOP04-DEL04-PR"
246267;2019-10-28;"segunda-feira";"07:30:00";"MT";70;514;"VARZEA GRANDE";"Desobediência às normas de trânsito pelo condutor";"Colisão transversal";"Com Vítimas Feridas";"Pleno dia";"Decrescente";"Céu Claro";"Simples";"Reta";"Não";2;0;1;0;1;0;1;2;-15,70369671;-56,04537964;"SPRF-MT";"DEL01-MT";"DEL2/4-UOP02/MT"
246271;2019-10-31;"quinta-feira";"10:50:00";"SP";116;198,6;"ARUJA";"Falta de Atenção à Condução";"Colisão traseira";"Com Vítimas Feridas";"Pleno dia";"Crescente";"Nublado";"Dupla";"Aclive;Reta";"Sim";3;0;0;1;1;1;1;3;-23,399937;-46,302038;"SPRF-SP";"DEL01-SP";"UOP02-DEL01-SP"
246273;2019-10-31;"quinta-feira";"10:00:00";"CE";116;10,9;"FORTALEZA";"Falta de Atenção à Condução";"Colisão com objeto estático";"Com Vítimas Feridas";"Pleno dia";"Crescente";"Céu Claro";"Múltipla";"Reta";"Sim";2;0;0;1;1;0;1;2;-3,83603805;-38,5027281;"SPRF-CE";"DEL01-CE";"UOP02-DEL01-CE"
246274;2019-10-26;"sábado";"12:30:00";"ES";393;3,1;"CACHOEIRO DE ITAPEMIRIM";"Falta de Atenção à Condução";"Colisão frontal";"Com Vítimas Feridas";"Pleno dia";"Crescente";"Nublado";"Simples";"Reta";"Sim";2;0;0;1;1;0;1;2;-20,82758347;-41,18252617;"SPRF-ES";"DEL03-ES";"UOP02-DEL03-ES"
246277;2019-10-31;"quinta-feira";"11:15:00";"ES";101;350;"GUARAPARI";"Defeito Mecânico no Veículo";"Tombamento";"Com Vítimas Feridas";"Pleno dia";"Decrescente";"Céu Claro";"Simples";"Reta";"Não";1;0;1;0;0;0;1;1;-20,65985684;-40,64894709;"SPRF-ES";"DEL03-ES";"UOP01-DEL03-ES"
246282;2019-10-11;"sexta-feira";"13:20:00";"PB";101;82,6;"BAYEUX";"Não guardar distância de segurança";"Colisão traseira";"Com Vítimas Feridas";"Pleno dia";"Crescente";"Céu Claro";"Dupla";"Reta";"Sim";3;0;1;0;2;0;1;3;-7,13192148;-34,93186897;"SPRF-PB";"DEL01-PB";"UOP01-DEL01-PB"
246285;2019-10-31;"quinta-feira";"12:00:00";"GO";60;226;"GUAPO";"Falta de Atenção à Condução";"Tombamento";"Com Vítimas Feridas";"Pleno dia";"Crescente";"Céu Claro";"Dupla";"Reta";"Não";1;0;1;0;0;0;1;1;-16,96748704;-49,73236084;"SPRF-GO";"DEL01-GO";"UOP02-DEL01-GO"
246290;2019-10-30;"quarta-feira";"23:30:00";"MG";40;444,2;"PARAOPEBA";"Carga excessiva e/ou mal acondicionada";"Tombamento";"Com Vítimas Feridas";"Plena Noite";"Crescente";"Céu Claro";"Dupla";"Aclive";"Não";1;0;1;0;0;0;1;1;-19,28815;-44,392;"SPRF-MG";"DEL02-MG";"UOP01-DEL02-MG"
246292;2019-10-31;"quinta-feira";"07:45:00";"RS";285;356,6;"CARAZINHO";"Velocidade Incompatível";"Colisão lateral";"Com Vítimas Feridas";"Pleno dia";"Crescente";"Chuva";"Simples";"Reta";"Não";3;0;1;0;1;1;1;3;-28,349371;-52,944382;"SPRF-RS";"DEL08-RS";"UOP03-DEL08-RS"
246296;2019-10-31;"quinta-feira";"14:20:00";"SC";101;88,1;"BARRA VELHA";"Não guardar distância de segurança";"Colisão traseira";"Com Vítimas Feridas";"Pleno dia";"Crescente";"Céu Claro";"Dupla";"Declive";"Sim";4;0;2;0;2;0;2;2;-26,64253985;-48,68950684;"SPRF-SC";"DEL03-SC";"UOP02-DEL03-SC"
246300;2019-10-31;"quinta-feira";"11:00:00";"BA";415;22;"ILHEUS";"Animais na Pista";"Atropelamento de Animal";"Sem Vítimas";"Pleno dia";"Decrescente";"Nublado";"Simples";"Curva";"Sim";1;0;0;0;0;1;0;1;-14,7838597;-39,2395274;"SPRF-BA";"DEL05-BA";"UOP01-DEL05-BA"
246301;2019-10-31;"quinta-feira";"10:40:00";"MG";116;195;"CARAI";"Defeito Mecânico no Veículo";"Colisão lateral";"Com Vítimas Feridas";"Pleno dia";"Decrescente";"Céu Claro";"Simples";"Curva";"Não";4;0;2;0;1;1;2;4;-17,20177201;-41,49138598;"SPRF-MG";"DEL11-MG";"UOP01-DEL11-MG"
246311;2019-10-31;"quinta-feira";"15:30:00";"MG";40;770,9;"JUIZ DE FORA";"Velocidade Incompatível";"Colisão frontal";"Com Vítimas Fatais";"Pleno dia";"Decrescente";"Nublado";"Simples";"Reta";"Não";3;1;1;0;0;1;1;3;-21,59924304;-43,4579108;"SPRF-MG";"DEL05-MG";"UOP01-DEL05-MG"
246315;2019-10-31;"quinta-feira";"14:00:00";"MA";135;89;"ITAPECURU MIRIM";"Condutor Dormindo";"Colisão traseira";"Sem Vítimas";"Pleno dia";"Crescente";"Céu Claro";"Simples";"Reta";"Sim";3;0;0;0;2;2;0;4;-3,28431704;-44,41158095;"SPRF-MA";"DEL01-MA";"UOP02-DEL01-MA"
246316;2019-10-31;"quinta-feira";"16:00:00";"PA";316;136,6;"PEIXE-BOI";"Condutor Dormindo";"Colisão lateral";"Com Vítimas Feridas";"Pleno dia";"Crescente";"Céu Claro";"Simples";"Reta";"Não";4;0;0;1;2;3;1;6;-1,27756975;-47,293396;"SPRF-PA";"DEL01-PA";"UOP03-DEL01-PA"
246317;2019-10-31;"quinta-feira";"14:30:00";"SP";116;62;"GUARATINGUETA";"Falta de Atenção à Condução";"Colisão lateral";"Com Vítimas Feridas";"Pleno dia";"Decrescente";"Céu Claro";"Dupla";"Reta;Aclive";"Não";4;0;0;1;2;1;1;3;-22,80538606;-45,17236692;"SPRF-SP";"DEL08-SP";"UOP01-DEL08-SP"
246326;2019-10-31;"quinta-feira";"15:15:00";"RO";364;685;"CANDEIAS DO JAMARI";"Defeito Mecânico no Veículo";"Colisão frontal";"Com Vítimas Fatais";"Pleno dia";"Decrescente";"Chuva";"Simples";"Reta";"Não";3;1;0;0;1;2;0;4;-8,79050051;-63,63308605;"SPRF-RO";"DEL01-RO";"UOP01-DEL01-RO"
246327;2019-10-31;"quinta-feira";"17:15:00";"PE";101;43,4;"IGARASSU";"Desobediência às normas de trânsito pelo condutor";"Colisão lateral";"Com Vítimas Feridas";"Pleno dia";"Decrescente";"Céu Claro";"Múltipla";"Reta";"Sim";3;0;0;1;2;0;1;2;-7,84753808;-34,90977038;"SPRF-PE";"DEL01-PE";"UOP02-DEL01-PE"
246331;2019-10-31;"quinta-feira";"17:00:00";"MG";365;357,9;"VARJAO DE MINAS";"Fenômenos da Natureza";"Saída de leito carroçável";"Com Vítimas Feridas";"Pleno dia";"Crescente";"Chuva";"Simples";"Reta";"Não";2;0;1;0;0;1;1;2;-18,39079718;-46,04390588;"SPRF-MG";"DEL10-MG";"UOP01-DEL10-MG"
246335;2019-10-31;"quinta-feira";"17:45:00";"RN";101;150;"GOIANINHA";"Falta de Atenção à Condução";"Colisão traseira";"Com Vítimas Feridas";"Anoitecer";"Decrescente";"Céu Claro";"Dupla";"Reta";"Não";2;0;1;0;0;1;1;2;-6,29468817;-35,1962053;"SPRF-RN";"DEL01-RN";"UOP01-DEL01-RN"
246338;2019-10-30;"quarta-feira";"20:30:00";"MA";10;51,6;"CAROLINA";"Falta de Atenção à Condução";"Colisão com objeto estático";"Sem Vítimas";"Plena Noite";"Crescente";"Céu Claro";"Simples";"Reta;Aclive";"Não";2;0;0;0;1;1;0;2;-7,20054;-47,425835;"SPRF-MA";"DEL04-MA";"UOP02-DEL04-MA"
246340;2019-10-31;"quinta-feira";"16:10:00";"RR";174;532;"BOA VISTA";"Desobediência às normas de trânsito pelo condutor";"Colisão transversal";"Com Vítimas Feridas";"Pleno dia";"Crescente";"Céu Claro";"Simples";"Reta";"Não";4;0;1;0;3;0;1;2;3,024907;-60,779896;"SPRF-RR";"DEL01-RR";"UOP01-DEL01-RR"
246341;2019-10-31;"quinta-feira";"18:00:00";"PR";277;298;"PRUDENTOPOLIS";"Velocidade Incompatível";"Saída de leito carroçável";"Com Vítimas Feridas";"Anoitecer";"Decrescente";"Céu Claro";"Simples";"Curva";"Não";2;0;1;0;0;2;1;3;-25,31368092;-51,07933299;"SPRF-PR";"DEL03-PR";"UOP01-DEL08-PR"
246343;2019-10-31;"quinta-feira";"16:20:00";"PR";376;616,6;"SAO JOSE DOS PINHAIS";"Falta de Atenção à Condução";"Colisão traseira";"Com Vítimas Feridas";"Anoitecer";"Crescente";"Céu Claro";"Múltipla";"Reta";"Sim";3;0;1;0;1;1;1;3;-25,57583659;-49,17953679;"SPRF-PR";"DEL01-PR";"UOP01-DEL01-PR"
246347;2019-10-31;"quinta-feira";"18:40:00";"GO";60;175,7;"ABADIA DE GOIAS";"Falta de Atenção à Condução";"Colisão com objeto estático";"Com Vítimas Feridas";"Plena Noite";"Crescente";"Ignorado";"Dupla";"Reta";"Não";3;0;2;0;1;0;2;1;-16,7519;-49,4317;"SPRF-GO";"DEL01-GO";"UOP02-DEL01-GO"
246352;2019-10-31;"quinta-feira";"16:45:00";"RJ";101;236,3;"SILVA JARDIM";"Não guardar distância de segurança";"Saída de leito carroçável";"Sem Vítimas";"Pleno dia";"Decrescente";"Garoa/Chuvisco";"Dupla";"Reta";"Sim";2;0;0;0;1;1;0;2;-22,61013794;-42,40427401;"SPRF-RJ";"DEL02-RJ";"UOP03-DEL02-RJ"
246354;2019-10-31;"quinta-feira";"18:20:00";"MG";251;474;"FRANCISCO SA";"Defeito Mecânico no Veículo";"Tombamento";"Com Vítimas Feridas";"Anoitecer";"Crescente";"Céu Claro";"Simples";"Curva";"Não";2;0;1;0;0;12;1;13;-16,47130466;-43,45673904;"SPRF-MG";"DEL12-MG";"UOP01-DEL12-MG"
246359;2019-10-30;"quarta-feira";"19:25:00";"PA";230;1075;"RUROPOLIS";"Restrição de Visibilidade";"Colisão traseira";"Com Vítimas Feridas";"Plena Noite";"Crescente";"Céu Claro";"Simples";"Aclive";"Não";3;0;0;1;1;2;1;4;-4,19456;-55,487522;"SPRF-PA";"DEL05-PA";"UOP01-DEL05-PA"
246366;2019-10-31;"quinta-feira";"19:30:00";"BA";324;616;"SALVADOR";"Ingestão de Álcool";"Colisão lateral";"Sem Vítimas";"Plena Noite";"Decrescente";"Nublado";"Múltipla";"Reta";"Sim";3;0;0;0;2;1;0;3;-12,87957905;-38,43213893;"SPRF-BA";"DEL01-BA";"UOP01-DEL01-BA"
246373;2019-10-31;"quinta-feira";"17:00:00";"CE";222;85,5;"UMIRIM";"Ultrapassagem Indevida";"Colisão lateral";"Com Vítimas Fatais";"Pleno dia";"Crescente";"Céu Claro";"Simples";"Reta";"Não";4;1;0;0;2;1;0;3;-3,67239499;-39,302516;"SPRF-CE";"DEL04-CE";"UOP03-DEL04-CE"
246374;2019-10-31;"quinta-feira";"17:30:00";"RJ";493;52;"DUQUE DE CAXIAS";"Defeito Mecânico no Veículo";"Incêndio";"Sem Vítimas";"Anoitecer";"Crescente";"Nublado";"Dupla";"Reta";"Não";2;0;0;0;2;0;0;1;-22,672089;-43,285053;"SPRF-RJ";"DEL01-RJ";"UOP01-DEL01-RJ"
246376;2019-10-31;"quinta-feira";"16:00:00";"MG";381;927,7;"ITAPEVA";"Falta de Atenção do Pedestre";"Atropelamento de Pedestre";"Com Vítimas Feridas";"Pleno dia";"Decrescente";"Sol";"Dupla";"Curva";"Não";2;0;0;1;0;1;1;2;-22,79271225;-46,24636988;"SPRF-MG";"DEL16-MG";"UOP03-DEL16-MG"
246377;2019-10-31;"quinta-feira";"13:25:00";"BA";101;126,3;"PEDRAO";"Falta de Atenção à Condução";"Colisão frontal";"Com Vítimas Fatais";"Pleno dia";"Crescente";"Céu Claro";"Simples";"Curva";"Não";2;1;0;0;1;0;0;2;-12,19979483;-38,59985325;"SPRF-BA";"DEL01-BA";"UOP04-DEL01-BA"
246379;2019-10-31;"quinta-feira";"17:00:00";"MG";459;74,5;"SENADOR JOSE BENTO";"Velocidade Incompatível";"Tombamento";"Com Vítimas Feridas";"Anoitecer";"Decrescente";"Céu Claro";"Simples";"Curva";"Não";2;0;1;0;0;1;1;2;-22,138563;-46,146851;"SPRF-MG";"DEL16-MG";"UOP01-DEL09-MG"
246382;2019-10-31;"quinta-feira";"21:20:00";"PE";101;65,3;"RECIFE";"Falta de Atenção à Condução";"Saída de leito carroçável";"Com Vítimas Feridas";"Plena Noite";"Decrescente";"Céu Claro";"Múltipla";"Reta";"Sim";3;0;1;0;2;0;1;3;-8,029742;-34,942902;"SPRF-PE";"DEL01-PE";"UOP01-DEL01-PE"
246386;2019-10-31;"quinta-feira";"18:45:00";"RO";421;6,7;"ARIQUEMES";"Desobediência às normas de trânsito pelo condutor";"Saída de leito carroçável";"Sem Vítimas";"Plena Noite";"Decrescente";"Chuva";"Simples";"Declive";"Não";4;0;0;0;2;2;0;4;-9,934051;-63,086868;"SPRF-RO";"DEL03-RO";"UOP01-DEL03-RO"
246390;2019-10-31;"quinta-feira";"22:10:00";"BA";116;364;"LAMARAO";"Falta de Atenção à Condução";"Colisão traseira";"Com Vítimas Feridas";"Plena Noite";"Decrescente";"Céu Claro";"Simples";"Reta";"Não";3;0;1;0;1;2;1;4;-11,70702301;-38,98667233;"SPRF-BA";"DEL02-BA";"UOP01-DEL02-BA"
246391;2019-10-31;"quinta-feira";"19:00:00";"MG";381;704,5;"LAVRAS";"Velocidade Incompatível";"Saída de leito carroçável";"Sem Vítimas";"Plena Noite";"Crescente";"Chuva";"Dupla";"Curva";"Não";4;0;0;0;2;3;0;5;-21,34177704;-45,17643719;"SPRF-MG";"DEL04-MG";"UOP02-DEL04-MG"
246392;2019-10-31;"quinta-feira";"22:35:00";"MG";381;813,7;"CAREACU";"Condutor Dormindo";"Colisão traseira";"Com Vítimas Feridas";"Plena Noite";"Decrescente";"Céu Claro";"Dupla";"Curva";"Não";3;0;0;1;1;1;1;3;-22,0714422;-45,70245174;"SPRF-MG";"DEL16-MG";"UOP02-DEL16-MG"
246393;2019-10-31;"quinta-feira";"19:30:00";"MG";262;727,1;"PERDIZES";"Condutor Dormindo";"Saída de leito carroçável";"Com Vítimas Feridas";"Plena Noite";"Decrescente";"Céu Claro";"Simples";"Curva;Declive";"Não";2;0;1;0;0;1;1;2;-19,6235091;-47,27966309;"SPRF-MG";"DEL08-MG";"UOP01-DEL08-MG"
246397;2019-10-31;"quinta-feira";"20:30:00";"PR";277;362,7;"GUARAPUAVA";"Falta de Atenção à Condução";"Saída de leito carroçável";"Com Vítimas Feridas";"Plena Noite";"Decrescente";"Céu Claro";"Simples";"Reta";"Não";2;0;1;0;0;1;1;2;-25,42093219;-51,58063892;"SPRF-PR";"DEL03-PR";"UOP01-DEL08-PR"
246409;2019-11-01;"sexta-feira";"01:50:00";"RJ";116;272;"BARRA MANSA";"Falta de Atenção do Pedestre";"Atropelamento de Pedestre";"Com Vítimas Fatais";"Plena Noite";"Crescente";"Nublado";"Dupla";"Curva";"Não";3;1;0;0;1;1;0;3;-22,55606865;-44,13021704;"SPRF-RJ";"DEL07-RJ";"UOP02-DEL07-RJ"
246412;2019-11-01;"sexta-feira";"01:45:00";"MG";267;192,5;"BOM JARDIM DE MINAS";"Falta de Atenção à Condução";"Colisão com objeto estático";"Com Vítimas Fatais";"Plena Noite";"Decrescente";"Céu Claro";"Simples";"Aclive";"Não";4;1;1;0;1;1;1;3;-21,92898998;-44,03291011;"SPRF-MG";"DEL05-MG";"UOP01-DEL05-MG"
246414;2019-11-01;"sexta-feira";"03:23:00";"PR";369;504,6;"CORBELIA";"Condutor Dormindo";"Colisão frontal";"Com Vítimas Fatais";"Plena Noite";"Decrescente";"Nublado";"Simples";"Aclive;Curva";"Não";3;1;0;1;1;0;1;2;-24,8284401;-53,2978996;"SPRF-PR";"DEL04-PR";"UOP03-DEL04-PR"
246425;2019-11-01;"sexta-feira";"05:45:00";"CE";222;163,4;"IRAUCUBA";"Velocidade Incompatível";"Colisão com objeto estático";"Com Vítimas Feridas";"Amanhecer";"Decrescente";"Céu Claro";"Simples";"Curva";"Não";1;0;1;0;0;0;1;1;-3,73219489;-39,90251996;"SPRF-CE";"DEL04-CE";"UOP03-DEL04-CE"
246427;2019-11-01;"sexta-feira";"02:43:00";"SP";116;188,7;"SANTA ISABEL";"Condutor Dormindo";"Colisão traseira";"Sem Vítimas";"Plena Noite";"Crescente";"Céu Claro";"Dupla";"Aclive";"Não";3;0;0;0;2;2;0;4;-23,36260588;-46,22210026;"SPRF-SP";"DEL02-SP";"UOP01-DEL02-SP"
246430;2019-11-01;"sexta-feira";"06:15:00";"SP";116;480;"JACUPIRANGA";"Falta de Atenção à Condução";"Colisão traseira";"Com Vítimas Feridas";"Amanhecer";"Crescente";"Nublado";"Dupla";"Reta";"Não";6;0;3;0;2;2;3;4;-24,71316904;-48,02690398;"SPRF-SP";"DEL05-SP";"UAP01-DEL05-SP"
246436;2019-11-01;"sexta-feira";"06:20:00";"CE";20;86;"TAUA";"Desobediência às normas de trânsito pelo condutor";"Colisão lateral";"Com Vítimas Fatais";"Pleno dia";"Crescente";"Céu Claro";"Simples";"Reta";"Não";6;1;5;0;0;0;5;2;-5,98845837;-40,26745964;"SPRF-CE";"DEL02-CE";"UOP02-DEL02-CE"
246437;2019-11-01;"sexta-feira";"06:30:00";"BA";110;371,5;"CATU";"Falta de Atenção à Condução";"Colisão lateral";"Com Vítimas Feridas";"Pleno dia";"Decrescente";"Garoa/Chuvisco";"Simples";"Interseção de Vias";"Não";4;0;2;0;1;1;2;3;-12,41152143;-38,43143397;"SPRF-BA";"DEL01-BA";"UOP04-DEL01-BA"
246443;2019-11-01;"sexta-feira";"07:30:00";"CE";116;14,5;"ITAITINGA";"Não guardar distância de segurança";"Tombamento";"Com Vítimas Fatais";"Pleno dia";"Decrescente";"Céu Claro";"Múltipla";"Reta";"Sim";3;1;0;0;1;1;0;3;-3,8748557;-38,4994634;"SPRF-CE";"DEL01-CE";"UOP02-DEL01-CE"
246447;2019-11-01;"sexta-feira";"07:15:00";"MG";40;524;"CONTAGEM";"Não guardar distância de segurança";"Colisão traseira";"Com Vítimas Feridas";"Pleno dia";"Crescente";"Céu Claro";"Dupla";"Reta";"Sim";3;0;0;1;1;1;1;3;-19,8754469;-44,05345586;"SPRF-MG";"DEL01-MG";"UOP02-DEL01-MG"
246454;2019-11-01;"sexta-feira";"08:30:00";"RJ";116;31,2;"SAPUCAIA";"Velocidade Incompatível";"Colisão frontal";"Com Vítimas Fatais";"Pleno dia";"Crescente";"Nublado";"Simples";"Curva";"Não";5;2;0;2;0;1;2;3;-22,07933369;-42,80038411;"SPRF-RJ";"DEL04-RJ";"UOP01-DEL04-RJ"