"id";"data_inversa";"dia_semana";"horario";"uf";"br";"km";"municipio";"causa_acidente";"tipo_acidente";"classificacao_acidente";"fase_dia";"sentido_via";"condicao_metereologica";"tipo_pista";"tracado_via";"uso_solo";"pessoas";"mortos";"feridos_leves";"feridos_graves";"ilesos";"ignorados";"feridos";"veiculos";"latitude";"longitude";"regional";"delegacia";"uop"
246456;2019-10-19;"sábado";"07:20:00";"PR";376;399,3;"TIBAGI";"Falta de Atenção à Condução";"Colisão frontal";"Com Vítimas Feridas";"Pleno dia";"Crescente";"Sol";"Simples";"Curva";"Não";5;0;0;2;1;2;2;4;-24,54087716;-50,6943512;"SPRF-PR";"DEL03-PR";"UOP02-DEL03-PR"
246460;2019-11-01;"sexta-feira";"07:30:00";"MG";381;191,8;"PERIQUITO";"Ultrapassagem Indevida";"Colisão lateral";"Com Vítimas Feridas";"Amanhecer";"Decrescente";"Céu Claro";"Simples";"Reta";"Não";6;0;5;0;1;0;5;2;-19,11352521;-42,20478692;"SPRF-MG";"DEL06-MG";"UOP01-DEL06-MG"
246463;2019-10-09;"quarta-feira";"04:30:00";"SC";280;100,7;"SAO BENTO DO SUL";"Desobediência às normas de trânsito pelo condutor";"Tombamento";"Sem Vítimas";"Amanhecer";"Crescente";"Céu Claro";"Simples";"Declive;Curva";"Não";2;0;0;0;1;1;0;2;-26,37158361;-49,33137101;"SPRF-SC";"DEL06-SC";"UOP03-DEL06-SC"
246465;2019-11-01;"sexta-feira";"09:30:00";"CE";116;65;"CHOROZINHO";"Falta de Atenção à Condução";"Colisão transversal";"Com Vítimas Feridas";"Pleno dia";"Decrescente";"Céu Claro";"Simples";"Reta";"Sim";3;0;1;0;1;2;1;4;-4,28986706;-38,49688277;"SPRF-CE";"DEL03-CE";"UOP02-DEL03-CE"
246470;2019-11-01;"sexta-feira";"09:50:00";"MG";365;612,5;"UBERLANDIA";"Falta de Atenção à Condução";"Colisão traseira";"Com Vítimas Feridas";"Pleno dia";"Crescente";"Céu Claro";"Simples";"Reta";"Sim";3;0;1;0;1;2;1;4;-18,915271;-48,214739;"SPRF-MG";"DEL15-MG";"UOP01-DEL15-MG"
246476;2019-11-01;"sexta-feira";"08:50:00";"MT";163;76,9;"RONDONOPOLIS";"Não guardar distância de segurança";"Colisão traseira";"Com Vítimas Feridas";"Pleno dia";"Decrescente";"Céu Claro";"Dupla";"Reta";"Não";4;0;1;0;2;2;1;4;-16,85115987;-54,70475037;"SPRF-MT";"DEL02-MT";"DEL2/2-UOP02/MT"
246478;2019-11-01;"sexta-feira";"10:20:00";"GO";60;47,9;"APARECIDA DE GOIANIA";"Desobediência às normas de trânsito pelo condutor";"Colisão com objeto estático";"Sem Vítimas";"Pleno dia";"Crescente";"Céu Claro";"Dupla";"Reta";"Sim";2;0;0;0;1;1;0;2;-16,78560614;-49,26515222;"SPRF-GO";"DEL02-GO";"UOP01-DEL02-GO"
246483;2019-11-01;"sexta-feira";"10:10:00";"MG";381;499;"BETIM";"Desobediência às normas de trânsito pelo condutor";"Colisão traseira";"Com Vítimas Feridas";"Pleno dia";"Crescente";"Nublado";"Dupla";"Reta";"Sim";2;0;1;0;1;0;1;2;-20,01792651;-44,2261448;"SPRF-MG";"DEL01-MG";"UOP03-DEL01-MG"
246485;2019-11-01;"sexta-feira";"10:40:00";"MG";40;555,5;"NOVA LIMA";"Velocidade Incompatível";"Tombamento";"Com Vítimas Feridas";"Pleno dia";"Crescente";"Nublado";"Dupla";"Retorno Regulamentado";"Sim";1;0;1;0;0;0;1;1;-20,09046553;-43,97690892;"SPRF-MG";"DEL01-MG";"UOP02-DEL01-MG"
246487;2019-11-01;"sexta-feira";"10:00:00";"MG";381;497;"BETIM";"Desobediência às normas de trânsito pelo condutor";"Colisão traseira";"Com Vítimas Feridas";"Pleno dia";"Crescente";"Nublado";"Múltipla";"Declive";"Sim";2;0;1;0;1;0;1;2;-20,00483625;-44,21367172;"SPRF-MG";"DEL01-MG";"UOP03-DEL01-MG"
246488;2019-11-01;"sexta-feira";"11:00:00";"SP";116;200,9;"ARUJA";"Falta de Atenção à Condução";"Colisão lateral";"Com Vítimas Feridas";"Pleno dia";"Crescente";"Nublado";"Múltipla";"Reta";"Sim";4;0;2;0;2;0;2;2;-23,40313906;-46,32951736;"SPRF-SP";"DEL01-SP";"UOP02-DEL01-SP"
246502;2019-11-01;"sexta-feira";"12:00:00";"RJ";40;102;"DUQUE DE CAXIAS";"Falta de Atenção à Condução";"Queda de ocupante de veículo";"Com Vítimas Feridas";"Pleno dia";"Decrescente";"Céu Claro";"Dupla";"Aclive";"Sim";3;0;1;0;1;1;1;3;-22,61089297;-43,28656077;"SPRF-RJ";"DEL01-RJ";"UOP01-DEL01-RJ"
246510;2019-11-01;"sexta-feira";"12:30:00";"RO";364;330,4;"JI-PARANA";"Desobediência às normas de trânsito pelo condutor";"Colisão traseira";"Com Vítimas Feridas";"Pleno dia";"Crescente";"Sol";"Simples";"Reta";"Não";3;0;0;1;1;2;1;4;-10,984673;-61,9171;"SPRF-RO";"DEL02-RO";"UOP01-DEL02-RO"
246512;2019-11-01;"sexta-feira";"14:20:00";"SC";470;64;"INDAIAL";"Falta de Atenção à Condução";"Colisão transversal";"Com Vítimas Feridas";"Pleno dia";"Decrescente";"Nublado";"Simples";"Reta";"Sim";5;0;2;0;2;1;2;4;-26,869867;-49,201859;"SPRF-SC";"DEL04-SC";"UOP01-DEL04-SC"
246514;2019-11-01;"sexta-feira";"13:45:00";"CE";222;234,1;"SOBRAL";"Falta de Atenção à Condução";"Colisão frontal";"Com Vítimas Feridas";"Pleno dia";"Crescente";"Céu Claro";"Simples";"Reta";"Não";2;0;1;0;1;0;1;2;-3,71210053;-40,42655408;"SPRF-CE";"DEL04-CE";"UOP01-DEL04-CE"
246516;2019-11-01;"sexta-feira";"14:15:00";"PA";222;21;"DOM ELISEU";"Falta de Atenção à Condução";"Colisão frontal";"Com Vítimas Feridas";"Pleno dia";"Crescente";"Céu Claro";"Simples";"Reta";"Não";2;0;0;1;1;0;1;2;-4,301102;-47,582943;"SPRF-PA";"DEL02-PA";"UOP02-DEL02-PA"
246519;2019-11-01;"sexta-feira";"14:00:00";"SP";381;45;"ATIBAIA";"Falta de Atenção à Condução";"Colisão lateral";"Com Vítimas Feridas";"Pleno dia";"Decrescente";"Céu Claro";"Dupla";"Reta";"Sim";3;0;2;0;0;1;2;2;-23,17259525;-46,57725716;"SPRF-SP";"DEL03-SP";"UOP01-DEL03-SP"
246527;2019-11-01;"sexta-feira";"15:10:00";"PR";153;334,7;"IRATI";"Desobediência às normas de trânsito pelo condutor";"Colisão transversal";"Sem Vítimas";"Pleno dia";"Crescente";"Céu Claro";"Simples";"Reta";"Sim";2;0;0;0;2;0;0;2;-25,481234;-50,640733;"SPRF-PR";"DEL03-PR";"UOP02-DEL08-PR"
246528;2019-11-01;"sexta-feira";"10:00:00";"MG";354;713,4;"CAXAMBU";"Velocidade Incompatível";"Colisão frontal";"Com Vítimas Fatais";"Pleno dia";"Crescente";"Nublado";"Simples";"Curva";"Não";3;1;0;0;1;1;0;3;-22,0566569;-44,9272015;"SPRF-MG";"DEL05-MG";"UOP01-DEL17-MG"
246529;2019-11-01;"sexta-feira";"15:30:00";"SE";101;182,7;"UMBAUBA";"Desobediência às normas de trânsito pelo condutor";"Colisão traseira";"Com Vítimas Feridas";"Pleno dia";"Decrescente";"Sol";"Simples";"Reta";"Sim";2;0;0;1;1;0;1;2;-11,37390377;-37,65552315;"SPRF-SE";"DEL02-SE";"UOP03-DEL02-SE"
246531;2019-11-01;"sexta-feira";"14:30:00";"PR";163;10,3;"BARRACAO";"Desobediência às normas de trânsito pelo condutor";"Colisão lateral";"Com Vítimas Feridas";"Pleno dia";"Decrescente";"Céu Claro";"Simples";"Reta;Aclive";"Sim";2;0;1;0;1;0;1;2;-26,248113;-53,634808;"SPRF-PR";"DEL02-PR";"UOP02-DEL02-PR"
246538;2019-11-01;"sexta-feira";"10:50:00";"SC";116;69,1;"MONTE CASTELO";"Desobediência às normas de trânsito pelo condutor";"Colisão lateral";"Com Vítimas Feridas";"Pleno dia";"Crescente";"Céu Claro";"Simples";"Rotatória";"Sim";2;0;0;1;1;0;1;2;-26,46036818;-50,22889671;"SPRF-SC";"DEL06-SC";"UOP02-DEL06-SC"
246540;2019-11-01;"sexta-feira";"15:15:00";"PI";343;265;"CAMPO MAIOR";"Falta de Atenção à Condução";"Colisão transversal";"Com Vítimas Feridas";"Pleno dia";"Crescente";"Céu Claro";"Simples";"Interseção de Vias";"Sim";2;0;1;0;1;0;1;2;-4,834697;-42,167046;"SPRF-PI";"DEL01-PI";"UOP03-DEL01-PI"
246547;2019-11-01;"sexta-feira";"16:10:00";"SP";116;279;"EMBU DAS ARTES";"Falta de Atenção à Condução";"Colisão traseira";"Com Vítimas Fatais";"Pleno dia";"Crescente";"Nublado";"Dupla";"Reta";"Sim";3;1;0;0;1;1;0;3;-23,63923431;-46,83540973;"SPRF-SP";"DEL04-SP";"UOP01-DEL04-SP"
246554;2019-11-01;"sexta-feira";"17:25:00";"SC";101;206;"SAO JOSE";"Falta de Atenção à Condução";"Colisão lateral";"Com Vítimas Feridas";"Pleno dia";"Decrescente";"Céu Claro";"Dupla";"Reta";"Sim";2;0;1;0;1;0;1;2;-27,59193546;-48,61824557;"SPRF-SC";"DEL01-SC";"UOP01-DEL01-SC"
246563;2019-11-01;"sexta-feira";"17:50:00";"AL";104;92,8;"RIO LARGO";"Falta de Atenção do Pedestre";"Atropelamento de Pedestre";"Com Vítimas Feridas";"Plena Noite";"Decrescente";"Céu Claro";"Dupla";"Reta";"Sim";4;0;0;1;1;2;1;2;-9,52670826;-35,7990092;"SPRF-AL";"DEL01-AL";"UOP01-DEL01-AL"
246571;2019-11-01;"sexta-feira";"13:45:00";"MG";116;776,7;"LEOPOLDINA";"Falta de Atenção à Condução";"Colisão lateral";"Com Vítimas Fatais";"Pleno dia";"Crescente";"Chuva";"Simples";"Curva";"Não";8;1;3;0;3;2;3;6;-21,59513578;-42,68851611;"SPRF-MG";"DEL07-MG";"UOP01-DEL07-MG"
246572;2019-11-01;"sexta-feira";"18:33:00";"RJ";101;404;"ITAGUAI";"Falta de Atenção à Condução";"Colisão transversal";"Sem Vítimas";"Anoitecer";"Decrescente";"Céu Claro";"Dupla";"Reta";"Sim";4;0;0;0;2;2;0;4;-22,86342703;-43,79642098;"SPRF-RJ";"DEL03-RJ";"UOP01-DEL03-RJ"
246573;2019-11-01;"sexta-feira";"06:00:00";"RO";364;637;"ITAPUA DO OESTE";"Condutor Dormindo";"Saída de leito carroçável";"Sem Vítimas";"Amanhecer";"Crescente";"Céu Claro";"Simples";"Reta";"Não";2;0;0;0;1;2;0;3;-9,03778801;-63,41619406;"SPRF-RO";"DEL03-RO";"UOP04-DEL01-RO"
246581;2019-11-01;"sexta-feira";"15:30:00";"MT";364;269;"JACIARA";"Falta de Atenção à Condução";"Tombamento";"Sem Vítimas";"Pleno dia";"Decrescente";"Céu Claro";"Simples";"Reta";"Não";2;0;0;0;1;2;0;3;-15,974228;-54,938;"SPRF-MT";"DEL02-MT";"UOP02-DEL05-MT"
246582;2019-11-01;"sexta-feira";"16:05:00";"RS";392;63;"PELOTAS";"Desobediência às normas de trânsito pelo condutor";"Colisão frontal";"Com Vítimas Feridas";"Pleno dia";"Crescente";"Céu Claro";"Simples";"Reta";"Sim";3;0;1;0;1;1;1;3;-31,77187582;-52,36310125;"SPRF-RS";"DEL07-RS";"UOP01-DEL07-RS"
246585;2019-11-01;"sexta-feira";"17:40:00";"MS";163;492,7;"CAMPO GRANDE";"Velocidade Incompatível";"Colisão traseira";"Com Vítimas Feridas";"Anoitecer";"Crescente";"Céu Claro";"Simples";"Aclive";"Não";3;0;1;0;1;3;1;5;-20,36949987;-54,5320492;"SPRF-MS";"DEL01-MS";"UOP02-DEL01-MS"
246591;2019-11-01;"sexta-feira";"18:45:00";"RJ";101;416;"ITAGUAI";"Desobediência às normas de trânsito pelo condutor";"Colisão lateral";"Com Vítimas Feridas";"Plena Noite";"Crescente";"Nublado";"Simples";"Reta";"Não";5;0;1;1;3;0;2;3;-22,90729503;-43,89024997;"SPRF-RJ";"DEL03-RJ";"UOP01-DEL03-RJ"
246596;2019-11-01;"sexta-feira";"14:45:00";"MG";116;663,1;"SAO FRANCISCO DO GLORIA";"Ultrapassagem Indevida";"Colisão frontal";"Com Vítimas Fatais";"Pleno dia";"Decrescente";"Chuva";"Simples";"Curva;Aclive";"Não";7;2;1;1;1;4;2;7;-20,79889646;-42,31238365;"SPRF-MG";"DEL07-MG";"UOP03-DEL07-MG"
246601;2019-11-01;"sexta-feira";"20:35:00";"BA";242;861;"BARREIRAS";"Falta de Atenção à Condução";"Colisão transversal";"Com Vítimas Feridas";"Plena Noite";"Decrescente";"Céu Claro";"Simples";"Reta";"Não";6;0;4;1;0;1;5;3;-12,06636452;-45,60259044;"SPRF-BA";"DEL10-BA";"UOP01-DEL10-BA"
246605;2019-11-01;"sexta-feira";"17:25:00";"MG";40;224;"JOAO PINHEIRO";"Desobediência às normas de trânsito pelo condutor";"Tombamento";"Sem Vítimas";"Pleno dia";"Crescente";"Nublado";"Simples";"Rotatória";"Não";2;0;0;0;1;1;0;2;-17,97982641;-45,61733632;"SPRF-MG";"DEL14-MG";"UOP02-DEL14-MG"
246612;2019-11-01;"sexta-feira";"19:00:00";"MG";262;575;"CORREGO DANTA";"Pista Escorregadia";"Colisão frontal";"Com Vítimas Feridas";"Plena Noite";"Crescente";"Chuva";"Simples";"Reta";"Não";2;0;2;0;0;0;2;2;-19,69297478;-46,03637682;"SPRF-MG";"N/A";"N/A"
246613;2019-11-01;"sexta-feira";"17:35:00";"SC";280;85,9;"CORUPA";"Defeito Mecânico no Veículo";"Capotamento";"Com Vítimas Feridas";"Anoitecer";"Decrescente";"Garoa/Chuvisco";"Simples";"Declive;Curva";"Não";1;0;0;1;0;0;1;1;-26,41501369;-49,25741675;"SPRF-SC";"DEL06-SC";"UOP03-DEL06-SC"
246614;2019-11-01;"sexta-feira";"13:30:00";"MG";365;713;"MONTE ALEGRE DE MINAS";"Falta de Atenção à Condução";"Saída de leito carroçável";"Com Vítimas Feridas";"Pleno dia";"Decrescente";"Chuva";"Simples";"Reta";"Não";1;0;1;0;0;0;1;1;-18,87969033;-49,12098699;"SPRF-MG";"DEL15-MG";"UOP03-DEL15-MG"
246634;2019-11-01;"sexta-feira";"16:20:00";"GO";60;119;"TEREZOPOLIS DE GOIAS";"Objeto estático sobre o leito carroçável";"Saída de leito carroçável";"Sem Vítimas";"Pleno dia";"Crescente";"Chuva";"Dupla";"Reta";"Não";2;0;0;0;2;0;0;1;-16,4914;-49,0999;"SPRF-GO";"DEL01-GO";"UOP01-DEL01-GO"
246635;2019-11-01;"sexta-feira";"17:45:00";"MG";116;557,6;"MANHUACU";"Pista Escorregadia";"Colisão frontal";"Com Vítimas Feridas";"Anoitecer";"Decrescente";"Chuva";"Simples";"Curva";"Não";3;0;0;2;1;0;2;2;-20,01148644;-42,16007099;"SPRF-MG";"DEL06-MG";"UOP03-DEL06-MG"
246657;2019-11-02;"sábado";"01:00:00";"BA";242;882;"LUIS EDUARDO MAGALHAES";"Desobediência às normas de trânsito pelo condutor";"Colisão traseira";"Com Vítimas Fatais";"Plena Noite";"Crescente";"Céu Claro";"Simples";"Reta";"Não";3;2;0;0;0;1;0;2;-12,09773839;-45,84285736;"SPRF-BA";"DEL10-BA";"UOP01-DEL10-BA"
246664;2019-11-02;"sábado";"02:30:00";"MG";116;152,7;"PONTO DOS VOLANTES";"Velocidade Incompatível";"Tombamento";"Com Vítimas Feridas";"Plena Noite";"Crescente";"Céu Claro";"Simples";"Curva";"Não";2;0;1;0;0;2;1;3;-16,86721324;-41,47594265;"SPRF-MG";"DEL11-MG";"UOP02-DEL11-MG"
246665;2019-11-02;"sábado";"00:00:00";"RN";304;156;"FERNANDO PEDROZA";"Ingestão de Álcool";"Colisão traseira";"Com Vítimas Feridas";"Plena Noite";"Crescente";"Céu Claro";"Simples";"Reta";"Não";2;0;0;1;1;0;1;2;-5,69743714;-36,54404701;"SPRF-RN";"DEL04-RN";"UOP01-DEL04-RN"
246666;2019-11-01;"sexta-feira";"20:15:00";"RO";364;555,7;"ALTO PARAISO";"Defeito na Via";"Tombamento";"Com Vítimas Feridas";"Plena Noite";"Crescente";"Nublado";"Simples";"Reta";"Não";3;0;2;0;0;1;2;2;-9,606872;-63,072382;"SPRF-RO";"DEL03-RO";"UOP01-DEL03-RO"
246671;2019-11-02;"sábado";"02:20:00";"PI";135;388;"BOM JESUS";"Defeito Mecânico no Veículo";"Incêndio";"Sem Vítimas";"Plena Noite";"Decrescente";"Céu Claro";"Simples";"Reta";"Não";2;0;0;0;1;3;0;4;-9,33351203;-44,52121394;"SPRF-PI";"DEL03-PI";"UOP02-DEL03-PI"
246675;2019-11-02;"sábado";"01:40:00";"MG";40;510;"RIBEIRAO DAS NEVES";"Falta de Atenção à Condução";"Colisão lateral";"Sem Vítimas";"Plena Noite";"Decrescente";"Nublado";"Dupla";"Reta";"Sim";2;0;0;0;1;1;0;2;-19,77463885;-44,12321882;"SPRF-MG";"DEL01-MG";"UOP02-DEL01-MG"
246677;2019-11-02;"sábado";"05:10:00";"SP";116;58,5;"GUARATINGUETA";"Falta de Atenção à Condução";"Colisão traseira";"Com Vítimas Fatais";"Plena Noite";"Decrescente";"Céu Claro";"Dupla";"Declive";"Sim";3;1;0;0;1;1;0;3;-22,78294763;-45,14955997;"SPRF-SP";"DEL08-SP";"UOP01-DEL08-SP"
246680;2019-11-01;"sexta-feira";"13:35:00";"GO";60;37,8;"GOIANIA";"Falta de Atenção à Condução";"Colisão lateral";"Com Vítimas Feridas";"Pleno dia";"Crescente";"Céu Claro";"Dupla";"Rotatória";"Sim";3;0;1;0;1;1;1;3;-16,74408017;-49,34408426;"SPRF-DF";"DEL01-DF";"UOP01-DEL03-DF"
246686;2019-11-02;"sábado";"04:55:00";"MS";163;455,3;"CAMPO GRANDE";"Falta de Atenção à Condução";"Colisão traseira";"Com Vítimas Feridas";"Pleno dia";"Decrescente";"Sol";"Simples";"Reta";"Não";6;0;3;0;1;4;3;6;-20,6791066;-54,5557841;"SPRF-MS";"DEL01-MS";"UOP01-DEL01-MS"
246692;2019-11-02;"sábado";"04:40:00";"AL";423;98;"DELMIRO GOUVEIA";"Falta de Atenção do Pedestre";"Atropelamento de Pedestre";"Com Vítimas Fatais";"Amanhecer";"Decrescente";"Céu Claro";"Simples";"Reta";"Não";4;1;0;0;3;0;0;4;-9,38431684;-38,14029505;"SPRF-BA";"DEL07-BA";"UOP01-DEL07-BA"
246694;2019-11-02;"sábado";"01:10:00";"BA";101;328,8;"PRESIDENTE TANCREDO NEVES";"Desobediência às normas de trânsito pelo condutor";"Colisão traseira";"Com Vítimas Fatais";"Plena Noite";"Decrescente";"Céu Claro";"Simples";"Aclive";"Sim";2;1;0;0;1;0;0;2;-13,57124156;-39,47525024;"SPRF-BA";"DEL05-BA";"UOP03-DEL05-BA"
246695;2019-11-02;"sábado";"01:25:00";"MG";116;179,9;"CARAI";"Condutor Dormindo";"Colisão frontal";"Com Vítimas Fatais";"Plena Noite";"Decrescente";"Nublado";"Simples";"Curva";"Não";3;1;0;0;1;1;0;3;-17,0764477;-41,48612089;"SPRF-MG";"DEL11-MG";"UOP01-DEL11-MG"
246696;2019-11-02;"sábado";"06:05:00";"PR";153;119,7;"IBAITI";"Velocidade Incompatível";"Tombamento";"Com Vítimas Feridas";"Pleno dia";"Crescente";"Céu Claro";"Simples";"Curva";"Não";2;0;1;0;0;2;1;3;-23,91812302;-50,22862199;"SPRF-PR";"DEL07-PR";"UOP04-DEL07-PR"
246697;2019-11-02;"sábado";"06:00:00";"ES";101;146;"LINHARES";"Velocidade Incompatível";"Colisão transversal";"Sem Vítimas";"Amanhecer";"Decrescente";"Céu Claro";"Simples";"Interseção de Vias";"Não";2;0;0;0;1;1;0;2;-19,36990998;-40,06560718;"SPRF-ES";"DEL04-ES";"UOP01-DEL04-ES"
246706;2019-11-02;"sábado";"06:00:00";"SP";116;538;"BARRA DO TURVO";"Falta de Atenção à Condução";"Saída de leito carroçável";"Sem Vítimas";"Amanhecer";"Decrescente";"Sol";"Dupla";"Reta";"Não";2;0;0;0;1;1;0;2;-24,97172153;-48,37309592;"SPRF-SP";"DEL05-SP";"UOP02-DEL05-SP"
246710;2019-11-01;"sexta-feira";"19:10:00";"MT";174;197,7;"PORTO ESPERIDIAO";"Falta de Atenção à Condução";"Colisão com objeto em movimento";"Com Vítimas Fatais";"Plena Noite";"Crescente";"Nublado";"Simples";"Reta";"Não";2;1;0;0;1;0;0;2;-15,73781194;-58,68292791;"SPRF-MT";"DEL03-MT";"UOP01-DEL03-MT"
246711;2019-11-02;"sábado";"05:45:00";"BA";116;524;"ITATIM";"Velocidade Incompatível";"Tombamento";"Sem Vítimas";"Pleno dia";"Decrescente";"Céu Claro";"Simples";"Curva";"Não";1;0;0;0;1;0;0;1;-12,77733;-39,81496;"SPRF-BA";"DEL03-BA";"UOP02-DEL03-BA"
246719;2019-11-02;"sábado";"08:00:00";"PE";423;95;"GARANHUNS";"Não guardar distância de segurança";"Colisão traseira";"Com Vítimas Feridas";"Pleno dia";"Decrescente";"Sol";"Simples";"Reta";"Sim";3;0;1;0;1;1;1;3;-8,87891989;-36,47796305;"SPRF-PE";"DEL03-PE";"UOP01-DEL03-PE"
246721;2019-11-02;"sábado";"06:10:00";"GO";414;318,7;"VILA PROPICIO";"Condutor Dormindo";"Colisão lateral";"Sem Vítimas";"Pleno dia";"Decrescente";"Céu Claro";"Simples";"Curva";"Não";3;0;0;0;2;1;0;3;-15,20091703;-48,70185812;"SPRF-GO";"DEL02-GO";"UOP01-DEL02-GO"
246726;2019-11-02;"sábado";"07:45:00";"ES";101;332,5;"GUARAPARI";"Velocidade Incompatível";"Tombamento";"Com Vítimas Feridas";"Pleno dia";"Crescente";"Sol";"Dupla";"Curva";"Não";4;0;2;0;1;1;2;2;-20,61231089;-40,51131617;"SPRF-ES";"DEL03-ES";"UOP01-DEL03-ES"
246734;2019-11-02;"sábado";"08:00:00";"BA";116;8;"VITORIA DA CONQUISTA";"Falta de Atenção à Condução";"Colisão traseira";"Com Vítimas Feridas";"Pleno dia";"Crescente";"Sol";"Simples";"Curva";"Não";3;0;1;0;1;2;1;4;-14,851;-40,8485;"SPRF-BA";"DEL08-BA";"UOP01-DEL08-BA"
246739;2019-11-02;"sábado";"08:30:00";"MG";381;932,4;"ITAPEVA";"Velocidade Incompatível";"Tombamento";"Com Vítimas Feridas";"Pleno dia";"Decrescente";"Céu Claro";"Dupla";"Curva";"Não";2;0;1;0;0;1;1;2;-22,79258322;-46,25038724;"SPRF-MG";"DEL16-MG";"UOP03-DEL16-MG"
246744;2019-11-02;"sábado";"08:40:00";"PR";376;653;"TIJUCAS DO SUL";"Velocidade Incompatível";"Colisão traseira";"Sem Vítimas";"Pleno dia";"Decrescente";"Nublado";"Dupla";"Reta";"Não";5;0;0;0;4;2;0;6;-25,84439853;-49,06079823;"SPRF-PR";"DEL01-PR";"UOP04-DEL01-PR"
246754;2019-11-02;"sábado";"09:00:00";"RO";364;429;"JARU";"Falta de Atenção à Condução";"Colisão traseira";"Com Vítimas Feridas";"Pleno dia";"Decrescente";"Chuva";"Simples";"Reta";"Não";4;0;2;0;1;3;2;5;-10,41628317;-62,5026501;"SPRF-RO";"DEL03-RO";"UOP02-DEL03-RO"
246764;2019-11-02;"sábado";"12:00:00";"SP";153;211,4;"GUAIMBE";"Desobediência às normas de trânsito pelo condutor";"Colisão lateral";"Sem Vítimas";"Pleno dia";"Decrescente";"Céu Claro";"Simples";"Interseção de Vias";"Sim";3;0;0;0;2;1;0;3;-21,91749793;-49,9159413;"SPRF-SP";"DEL07-SP";"UOP02-DEL07-SP"
246770;2019-11-02;"sábado";"12:45:00";"PE";424;29,7;"VENTUROSA";"Falta de Atenção à Condução";"Colisão lateral";"Sem Vítimas";"Pleno dia";"Crescente";"Céu Claro";"Simples";"Reta";"Não";3;0;0;0;2;1;0;3;-8,57339373;-36,88021935;"SPRF-PE";"DEL03-PE";"UOP02-DEL03-PE"
246779;2019-07-01;"segunda-feira";"13:00:00";"RJ";101;437;"MANGARATIBA";"Falta de Atenção à Condução";"Colisão lateral";"Com Vítimas Feridas";"Pleno dia";"Decrescente";"Céu Claro";"Simples";"Reta";"Não";2;0;1;0;1;0;1;2;-22,94811517;-44,06549304;"SPRF-RJ";"DEL03-RJ";"UOP01-DEL03-RJ"
246784;2019-11-02;"sábado";"14:30:00";"ES";262;59;"MARECHAL FLORIANO";"Falta de Atenção à Condução";"Colisão transversal";"Com Vítimas Feridas";"Pleno dia";"Crescente";"Chuva";"Simples";"Interseção de Vias";"Não";4;0;1;0;2;1;1;3;-20,42168121;-40,77787375;"SPRF-ES";"DEL01-ES";"UOP01-DEL01-ES"
246786;2019-11-02;"sábado";"15:20:00";"GO";50;278,7;"CATALAO";"Falta de Atenção à Condução";"Colisão transversal";"Com Vítimas Feridas";"Pleno dia";"Crescente";"Sol";"Simples";"Interseção de Vias";"Sim";5;0;3;0;1;1;3;3;-18,1696;-47,92;"SPRF-GO";"DEL06-GO";"UOP01-DEL06-GO"
246790;2019-11-02;"sábado";"10:40:00";"MG";116;367,3;"FREI INOCENCIO";"Falta de Atenção à Condução";"Colisão frontal";"Com Vítimas Feridas";"Pleno dia";"Crescente";"Nublado";"Simples";"Curva";"Não";4;0;1;0;2;1;1;3;-18,51669884;-41,88061628;"SPRF-MG";"DEL11-MG";"UOP01-DEL11-MG"
246794;2019-11-02;"sábado";"09:00:00";"BA";242;289;"LAJEDINHO";"Ultrapassagem Indevida";"Colisão frontal";"Com Vítimas Feridas";"Pleno dia";"Decrescente";"Céu Claro";"Simples";"Reta";"Não";3;0;0;1;1;2;1;4;-12,44405625;-40,79930804;"SPRF-BA";"DEL06-BA";"UOP02-DEL06-BA"
246802;2019-11-02;"sábado";"18:30:00";"PR";376;659;"TIJUCAS DO SUL";"Falta de Atenção à Condução";"Colisão transversal";"Com Vítimas Feridas";"Anoitecer";"Decrescente";"Garoa/Chuvisco";"Dupla";"Curva";"Não";3;0;2;0;0;1;2;2;-25,8497383;-49,01288607;"SPRF-PR";"DEL01-PR";"UOP04-DEL01-PR"
246812;2019-11-02;"sábado";"16:40:00";"BA";407;95,4;"JAGUARARI";"Condutor Dormindo";"Colisão traseira";"Com Vítimas Feridas";"Pleno dia";"Crescente";"Céu Claro";"Simples";"Reta";"Não";3;0;2;0;1;0;2;2;-10,19445898;-40,22081893;"SPRF-BA";"DEL04-BA";"UOP01-DEL04-BA"
246838;2019-11-02;"sábado";"17:25:00";"MT";70;730;"CACERES";"Falta de Atenção à Condução";"Colisão transversal";"Com Vítimas Fatais";"Anoitecer";"Crescente";"Nublado";"Simples";"Reta";"Sim";2;1;0;0;1;0;0;2;-16,15478485;-57,61815581;"SPRF-MT";"DEL03-MT";"UOP01-DEL03-MT"
246839;2019-11-02;"sábado";"16:30:00";"MA";222;610;"BOM JESUS DAS SELVAS";"Defeito Mecânico no Veículo";"Saída de leito carroçável";"Com Vítimas Feridas";"Anoitecer";"Decrescente";"Céu Claro";"Simples";"Aclive";"Não";1;0;0;1;0;0;1;1;-4,67482476;-46,97679341;"SPRF-MA";"DEL04-MA";"UOP03-DEL04-MA"
246850;2019-11-02;"sábado";"20:50:00";"PB";104;142,1;"QUEIMADAS";"Defeito Mecânico no Veículo";"Danos eventuais";"Com Vítimas Feridas";"Plena Noite";"Decrescente";"Céu Claro";"Simples";"Aclive";"Não";1;0;0;1;0;0;1;1;-7,39577502;-35,89744631;"SPRF-PB";"DEL02-PB";"UOP03-DEL02-PB"