"id";"data_inversa";"dia_semana";"horario";"uf";"br";"km";"municipio";"causa_acidente";"tipo_acidente";"classificacao_acidente";"fase_dia";"sentido_via";"condicao_metereologica";"tipo_pista";"tracado_via";"uso_solo";"pessoas";"mortos";"feridos_leves";"feridos_graves";"ilesos";"ignorados";"feridos";"veiculos";"latitude";"longitude";"regional";"delegacia";"uop"
246853;2019-11-02;"sábado";"19:40:00";"MS";267;49,2;"BATAGUASSU";"Ingestão de Álcool";"Tombamento";"Com Vítimas Feridas";"Plena Noite";"Decrescente";"Céu Claro";"Simples";"Reta";"Não";2;0;1;0;0;1;1;2;-21,81971239;-52,57305792;"SPRF-MS";"DEL02-MS";"UOP04-DEL02-MS"
246855;2019-11-02;"sábado";"22:40:00";"ES";262;120;"CONCEICAO DO CASTELO";"Velocidade Incompatível";"Tombamento";"Com Vítimas Feridas";"Plena Noite";"Decrescente";"Céu Claro";"Simples";"Curva";"Não";3;0;0;2;0;1;2;2;-20,300399;-41,23049498;"SPRF-ES";"DEL01-ES";"UOP02-DEL01-ES"
246865;2019-11-02;"sábado";"23:50:00";"SP";116;272;"EMBU DAS ARTES";"Desobediência às normas de trânsito pelo condutor";"Colisão frontal";"Sem Vítimas";"Plena Noite";"Crescente";"Ignorado";"Simples";"Curva";"Sim";3;0;0;0;2;1;0;3;-23,621691;-46,813288;"SPRF-SP";"DEL04-SP";"UOP01-DEL04-SP"
246874;2019-11-03;"domingo";"01:30:00";"CE";116;151,3;"RUSSAS";"Defeito na Via";"Colisão frontal";"Com Vítimas Feridas";"Plena Noite";"Crescente";"Céu Claro";"Simples";"Aclive";"Não";3;0;1;1;0;1;2;2;-4,84542142;-38,04195641;"SPRF-CE";"DEL03-CE";"UOP01-DEL03-CE"
246889;2019-11-03;"domingo";"04:38:00";"PR";116;109,7;"CURITIBA";"Ingestão de Álcool";"Atropelamento de Pedestre";"Com Vítimas Feridas";"Plena Noite";"Crescente";"Nublado";"Dupla";"Reta";"Não";2;0;1;0;1;0;1;2;-25,57140489;-49,20748999;"SPRF-PR";"DEL01-PR";"UOP06-DEL01-PR"
246893;2019-11-03;"domingo";"03:40:00";"PB";230;472,3;"SOUSA";"Falta de Atenção à Condução";"Colisão lateral";"Com Vítimas Feridas";"Plena Noite";"Decrescente";"Céu Claro";"Simples";"Declive;Reta";"Não";3;0;1;1;0;1;2;2;-6,7994;-38,2987;"SPRF-PB";"DEL03-PB";"UOP03-DEL03-PB"
246896;2019-11-03;"domingo";"06:00:00";"RS";101;82;"OSORIO";"Falta de Atenção à Condução";"Saída de leito carroçável";"Sem Vítimas";"Amanhecer";"Crescente";"Céu Claro";"Dupla";"Reta";"Não";1;0;0;0;1;0;0;1;-29,84322488;-50,24558869;"SPRF-RS";"DEL03-RS";"UOP01-DEL03-RS"
246907;2019-11-03;"domingo";"08:40:00";"MG";365;436,5;"GUIMARANIA";"Desobediência às normas de trânsito pelo condutor";"Colisão traseira";"Com Vítimas Fatais";"Pleno dia";"Decrescente";"Céu Claro";"Simples";"Aclive;Interseção de Vias;Reta";"Não";3;1;0;0;1;1;0;3;-18,77923126;-46,7010355;"SPRF-MG";"DEL10-MG";"UOP01-DEL10-MG"
246913;2019-11-03;"domingo";"09:00:00";"MG";116;54,1;"MEDINA";"Defeito Mecânico no Veículo";"Incêndio";"Sem Vítimas";"Pleno dia";"Decrescente";"Céu Claro";"Simples";"Reta";"Não";2;0;0;0;1;1;0;2;-16,09056095;-41,44909448;"SPRF-MG";"DEL11-MG";"UOP02-DEL11-MG"
246919;2019-11-03;"domingo";"06:40:00";"MG";262;575;"CORREGO DANTA";"Velocidade Incompatível";"Tombamento";"Com Vítimas Feridas";"Pleno dia";"Decrescente";"Céu Claro";"Simples";"Curva";"Não";2;0;1;0;0;1;1;2;-19,69297478;-46,03637682;"SPRF-MG";"N/A";"N/A"
246928;2019-11-03;"domingo";"10:15:00";"BA";101;735,4;"ITABELA";"Velocidade Incompatível";"Tombamento";"Com Vítimas Feridas";"Pleno dia";"Decrescente";"Nublado";"Simples";"Curva";"Não";2;0;1;0;0;12;1;13;-16,66540207;-39,50848205;"SPRF-BA";"DEL09-BA";"UOP01-DEL09-BA"
246932;2019-11-03;"domingo";"10:05:00";"BA";101;23,9;"RIO REAL";"Velocidade Incompatível";"Tombamento";"Sem Vítimas";"Pleno dia";"Crescente";"Céu Claro";"Simples";"Em Obras";"Não";2;0;0;0;1;2;0;3;-11,684816;-37,901673;"SPRF-SE";"DEL02-SE";"UOP03-DEL02-SE"
246937;2019-11-03;"domingo";"14:30:00";"RS";158;78,2;"BOA VISTA DAS MISSOES";"Não guardar distância de segurança";"Colisão lateral";"Com Vítimas Feridas";"Pleno dia";"Crescente";"Céu Claro";"Simples";"Reta;Ponte";"Não";3;0;0;1;0;2;1;3;-27,71490114;-53,31820965;"SPRF-RS";"DEL08-RS";"UOP02-DEL08-RS"
246938;2019-11-03;"domingo";"14:40:00";"ES";101;426,8;"ATILIO VIVACQUA";"Falta de Atenção à Condução";"Colisão com objeto estático";"Com Vítimas Feridas";"Pleno dia";"Decrescente";"Céu Claro";"Simples";"Rotatória";"Não";1;0;1;0;0;0;1;1;-21,00770847;-41,13888973;"SPRF-ES";"DEL03-ES";"UOP02-DEL03-ES"
246940;2019-11-03;"domingo";"14:55:00";"ES";262;71,4;"MARECHAL FLORIANO";"Falta de Atenção à Condução";"Colisão transversal";"Com Vítimas Fatais";"Pleno dia";"Decrescente";"Céu Claro";"Simples";"Interseção de Vias";"Sim";2;1;0;0;1;0;0;2;-20,41963562;-40,87735984;"SPRF-ES";"DEL01-ES";"UOP02-DEL01-ES"
246941;2019-11-03;"domingo";"11:30:00";"PI";316;315;"PICOS";"Desobediência às normas de trânsito pelo pedestre";"Atropelamento de Pedestre";"Com Vítimas Feridas";"Pleno dia";"Decrescente";"Céu Claro";"Simples";"Reta";"Não";2;0;0;1;0;1;1;2;-7,07951262;-41,43236492;"SPRF-PI";"DEL04-PI";"UOP01-DEL04-PI"
246962;2019-11-03;"domingo";"17:30:00";"MT";70;7,5;"BARRA DO GARCAS";"Defeito Mecânico no Veículo";"Saída de leito carroçável";"Sem Vítimas";"Pleno dia";"Decrescente";"Sol";"Simples";"Reta";"Sim";1;0;0;0;1;0;0;1;-15,878143;-52,316788;"SPRF-MT";"DEL07-MT";"UOP01-DEL07-MT"
246967;2019-11-03;"domingo";"06:00:00";"PI";135;402;"REDENCAO DO GURGUEIA";"Falta de Atenção à Condução";"Saída de leito carroçável";"Com Vítimas Feridas";"Amanhecer";"Decrescente";"Céu Claro";"Simples";"Reta";"Não";2;0;1;0;0;3;1;4;-9,41933606;-44,59887126;"SPRF-PI";"DEL03-PI";"UOP02-DEL03-PI"
246971;2019-11-03;"domingo";"17:15:00";"SC";101;407,1;"ARARANGUA";"Ingestão de Álcool";"Colisão lateral";"Com Vítimas Feridas";"Pleno dia";"Decrescente";"Nublado";"Dupla";"Curva";"Não";3;0;1;0;1;1;1;3;-28,90009415;-49,47472781;"SPRF-SC";"DEL02-SC";"UOP02-DEL02-SC"
246972;2019-11-03;"domingo";"17:30:00";"BA";242;732;"CRISTOPOLIS";"Pista Escorregadia";"Colisão frontal";"Sem Vítimas";"Pleno dia";"Crescente";"Chuva";"Simples";"Reta";"Não";3;0;0;0;2;2;0;4;-12,22297249;-44,308314;"SPRF-BA";"DEL10-BA";"UOP01-DEL10-BA"
246989;2019-11-03;"domingo";"16:15:00";"RO";429;68;"PRESIDENTE MEDICI";"Velocidade Incompatível";"Tombamento";"Com Vítimas Feridas";"Pleno dia";"Crescente";"Nublado";"Simples";"Aclive;Curva";"Não";2;0;1;0;0;1;1;2;-11,22482099;-62,134002;"SPRF-RO";"DEL02-RO";"UOP03-DEL02-RO"
247002;2019-11-03;"domingo";"18:30:00";"BA";101;154;"CONCEICAO DO JACUIPE";"Falta de Atenção à Condução";"Colisão frontal";"Com Vítimas Fatais";"Plena Noite";"Crescente";"Ignorado";"Simples";"Declive";"Não";8;2;2;1;1;2;3;3;-12,35551436;-38,782478;"SPRF-BA";"DEL01-BA";"UOP03-DEL01-BA"
247005;2019-11-03;"domingo";"17:10:00";"MT";70;665,6;"CACERES";"Falta de Atenção à Condução";"Colisão transversal";"Com Vítimas Fatais";"Pleno dia";"Decrescente";"Céu Claro";"Simples";"Declive";"Sim";3;1;0;0;1;1;0;3;-16,01937703;-57,23051898;"SPRF-MT";"DEL03-MT";"UOP02-DEL03-MT"
247009;2019-11-03;"domingo";"16:15:00";"MT";70;727;"CACERES";"Falta de Atenção à Condução";"Tombamento";"Sem Vítimas";"Pleno dia";"Crescente";"Céu Claro";"Simples";"Reta";"Não";2;0;0;0;1;3;0;4;-16,17766;-57,6082969;"SPRF-MT";"DEL03-MT";"UOP01-DEL03-MT"
247011;2019-11-03;"domingo";"20:20:00";"MT";174;511,9;"COMODORO";"Ingestão de Substâncias Psicoativas";"Colisão frontal";"Com Vítimas Feridas";"Plena Noite";"Crescente";"Céu Claro";"Simples";"Reta";"Não";2;0;0;1;1;0;1;2;-13,44087699;-59,8457168;"SPRF-MT";"DEL04-MT";"UOP01-DEL04-MT"
247017;2019-11-03;"domingo";"17:30:00";"PR";376;656;"TIJUCAS DO SUL";"Desobediência às normas de trânsito pelo condutor";"Colisão traseira";"Sem Vítimas";"Pleno dia";"Decrescente";"Chuva";"Dupla";"Reta";"Não";6;0;0;0;3;3;0;3;-25,84642894;-49,03607349;"SPRF-PR";"DEL01-PR";"UOP04-DEL01-PR"
247018;2019-11-03;"domingo";"18:45:00";"MS";163;485,5;"CAMPO GRANDE";"Falta de Atenção à Condução";"Colisão traseira";"Sem Vítimas";"Plena Noite";"Decrescente";"Céu Claro";"Simples";"Interseção de Vias";"Sim";3;0;0;0;1;2;0;3;-20,44233707;-54,54201834;"SPRF-MS";"DEL01-MS";"UOP02-DEL01-MS"
247020;2019-11-03;"domingo";"18:30:00";"BA";116;783,2;"PLANALTO";"Velocidade Incompatível";"Engavetamento";"Sem Vítimas";"Anoitecer";"Crescente";"Céu Claro";"Simples";"Interseção de Vias;Reta";"Não";4;0;0;0;2;2;0;4;-14,68220141;-40,5292511;"SPRF-BA";"DEL08-BA";"UOP02-DEL08-BA"
247022;2019-11-03;"domingo";"21:00:00";"MG";40;504;"ESMERALDAS";"Falta de Atenção à Condução";"Colisão traseira";"Sem Vítimas";"Plena Noite";"Decrescente";"Céu Claro";"Dupla";"Reta";"Não";2;0;0;0;2;0;0;2;-19,72987888;-44,15253368;"SPRF-MG";"DEL02-MG";"UOP01-DEL02-MG"
247027;2019-11-03;"domingo";"20:30:00";"RJ";116;222;"PIRAI";"Não guardar distância de segurança";"Colisão lateral";"Sem Vítimas";"Plena Noite";"Decrescente";"Céu Claro";"Simples";"Aclive;Curva";"Não";3;0;0;0;2;1;0;3;-22,6896952;-43,79175108;"SPRF-RJ";"DEL07-RJ";"UOP01-DEL07-RJ"
247054;2019-11-03;"domingo";"17:15:00";"MA";135;178;"SAO MATEUS DO MARANHAO";"Defeito na Via";"Colisão traseira";"Com Vítimas Feridas";"Pleno dia";"Decrescente";"Céu Claro";"Simples";"Reta";"Não";2;0;0;1;0;1;1;2;-4,00301408;-44,47055677;"SPRF-MA";"DEL01-MA";"UOP02-DEL01-MA"
247055;2019-11-03;"domingo";"22:15:00";"RJ";40;98;"PETROPOLIS";"Velocidade Incompatível";"Saída de leito carroçável";"Com Vítimas Feridas";"Plena Noite";"Crescente";"Céu Claro";"Simples";"Reta";"Não";2;0;1;0;0;1;1;2;-22,58404658;-43,27624451;"SPRF-RJ";"DEL01-RJ";"UOP01-DEL01-RJ"
247063;2019-11-03;"domingo";"23:30:00";"RJ";116;245,7;"PIRAI";"Não guardar distância de segurança";"Colisão traseira";"Sem Vítimas";"Plena Noite";"Decrescente";"Céu Claro";"Dupla";"Reta";"Não";3;0;0;0;2;3;0;5;-22,62040692;-43,92593694;"SPRF-RJ";"DEL07-RJ";"UOP01-DEL07-RJ"
247068;2019-11-04;"segunda-feira";"00:50:00";"SP";116;453;"REGISTRO";"Defeito Mecânico no Veículo";"Incêndio";"Sem Vítimas";"Plena Noite";"Decrescente";"Nublado";"Dupla";"Reta";"Sim";2;0;0;0;1;12;0;13;-24,56168114;-47,86752174;"SPRF-SP";"DEL05-SP";"UOP01-DEL05-SP"
247071;2019-11-04;"segunda-feira";"02:25:00";"MG";262;182;"SAO DOMINGOS DO PRATA";"Falta de Atenção à Condução";"Colisão com objeto estático";"Com Vítimas Feridas";"Plena Noite";"Crescente";"Céu Claro";"Simples";"Curva";"Não";1;0;1;0;0;0;1;1;-19,91552642;-43,01390115;"SPRF-MG";"DEL03-MG";"UOP01-DEL03-MG"
247074;2019-11-04;"segunda-feira";"00:47:00";"SC";282;536;"CHAPECO";"Falta de Atenção do Pedestre";"Atropelamento de Pedestre";"Com Vítimas Feridas";"Plena Noite";"Decrescente";"Nublado";"Simples";"Reta;Aclive";"Não";4;0;0;1;1;2;1;3;-27,000677;-52,653439;"SPRF-SC";"DEL07-SC";"UOP01-DEL07-SC"
247080;2019-11-04;"segunda-feira";"03:00:00";"RJ";101;296;"ITABORAI";"Velocidade Incompatível";"Colisão traseira";"Com Vítimas Feridas";"Plena Noite";"Crescente";"Céu Claro";"Dupla";"Reta";"Sim";2;0;1;0;0;1;1;2;-22,7670498;-42,91019601;"SPRF-RJ";"DEL02-RJ";"UOP03-DEL02-RJ"
247082;2019-11-04;"segunda-feira";"04:20:00";"MG";381;635,4;"SANTO ANTONIO DO AMPARO";"Velocidade Incompatível";"Saída de leito carroçável";"Com Vítimas Fatais";"Amanhecer";"Crescente";"Céu Claro";"Dupla";"Curva;Declive";"Não";1;1;0;0;0;0;0;1;-20,88278809;-44,85183046;"SPRF-MG";"DEL04-MG";"UOP01-DEL04-MG"
247085;2019-11-03;"domingo";"18:00:00";"PR";476;62,9;"TUNAS DO PARANA";"Pista Escorregadia";"Colisão frontal";"Com Vítimas Feridas";"Pleno dia";"Decrescente";"Nublado";"Simples";"Curva";"Não";4;0;0;2;1;1;2;3;-25,01992;-49,074383;"SPRF-PR";"DEL01-PR";"UOP07-DEL01-PR"
247090;2019-11-04;"segunda-feira";"06:30:00";"BA";116;460;"SANTO ESTEVAO";"Desobediência às normas de trânsito pelo condutor";"Colisão frontal";"Com Vítimas Fatais";"Pleno dia";"Crescente";"Céu Claro";"Simples";"Reta";"Não";3;1;0;1;1;0;1;2;-12,42571818;-39,20648189;"SPRF-BA";"DEL02-BA";"UOP01-DEL02-BA"
247092;2019-11-04;"segunda-feira";"06:30:00";"BA";407;52,1;"JUAZEIRO";"Ultrapassagem Indevida";"Tombamento";"Sem Vítimas";"Pleno dia";"Decrescente";"Céu Claro";"Simples";"Reta";"Não";2;0;0;0;1;3;0;4;-9,83072092;-40,30746284;"SPRF-BA";"DEL04-BA";"UOP01-DEL04-BA"
247103;2019-11-04;"segunda-feira";"07:40:00";"PE";101;90,9;"JABOATAO DOS GUARARAPES";"Falta de Atenção à Condução";"Colisão lateral";"Sem Vítimas";"Pleno dia";"Crescente";"Céu Claro";"Dupla";"Em Obras";"Não";3;0;0;0;3;0;0;3;-8,21612792;-34,98772817;"SPRF-PE";"DEL01-PE";"UOP03-DEL01-PE"
247105;2019-11-04;"segunda-feira";"03:40:00";"BA";116;571;"BREJOES";"Condutor Dormindo";"Tombamento";"Sem Vítimas";"Plena Noite";"Crescente";"Céu Claro";"Simples";"Curva";"Não";2;0;0;0;1;1;0;2;-13,01747168;-39,95928314;"SPRF-BA";"DEL03-BA";"UOP02-DEL03-BA"
247109;2019-09-16;"segunda-feira";"02:00:00";"RJ";116;224;"PIRAI";"Defeito Mecânico no Veículo";"Tombamento";"Sem Vítimas";"Plena Noite";"Decrescente";"Nublado";"Simples";"Curva";"Não";1;0;0;0;1;0;0;1;-22,67170111;-43,82880472;"SPRF-RJ";"DEL07-RJ";"UOP01-DEL07-RJ"
247112;2019-11-04;"segunda-feira";"08:45:00";"RJ";40;91;"PETROPOLIS";"Falta de Atenção à Condução";"Tombamento";"Com Vítimas Feridas";"Pleno dia";"Crescente";"Céu Claro";"Simples";"Reta";"Não";1;0;1;0;0;0;1;1;-22,54903566;-43,24229724;"SPRF-RJ";"DEL06-RJ";"UOP01-DEL06-RJ"
247113;2019-11-03;"domingo";"21:00:00";"PA";163;415;"ITAITUBA";"Desobediência às normas de trânsito pelo condutor";"Colisão traseira";"Sem Vítimas";"Plena Noite";"Decrescente";"Nublado";"Simples";"Reta";"Sim";4;0;0;0;3;7;0;10;-6,17897699;-55,63295181;"SPRF-PA";"DEL05-PA";"UOP01-DEL05-PA"
247114;2019-11-04;"segunda-feira";"08:05:00";"GO";414;400,6;"CORUMBA DE GOIAS";"Desobediência às normas de trânsito pelo condutor";"Colisão transversal";"Com Vítimas Feridas";"Pleno dia";"Decrescente";"Céu Claro";"Simples";"Curva";"Não";2;0;1;0;1;0;1;2;-15,96529008;-48,82101059;"SPRF-GO";"DEL02-GO";"UOP01-DEL02-GO"
247123;2019-11-04;"segunda-feira";"09:00:00";"TO";153;759,8;"ALVORADA";"Velocidade Incompatível";"Tombamento";"Com Vítimas Feridas";"Pleno dia";"Crescente";"Céu Claro";"Dupla";"Rotatória";"Sim";2;0;1;0;0;1;1;2;-12,46314799;-49,11793328;"SPRF-TO";"DEL02-TO";"UOP02-DEL01-TO"
247124;2019-10-09;"quarta-feira";"18:45:00";"PR";376;303;"MAUA DA SERRA";"Mal Súbito";"Colisão traseira";"Com Vítimas Feridas";"Anoitecer";"Decrescente";"Ignorado";"Dupla";"Curva";"Não";2;0;0;1;1;0;1;2;-23,935582;-51,14469677;"SPRF-PR";"DEL07-PR";"UOP02-DEL07-PR"
247125;2019-11-04;"segunda-feira";"08:00:00";"GO";60;457,6;"JATAI";"Velocidade Incompatível";"Colisão traseira";"Com Vítimas Feridas";"Pleno dia";"Crescente";"Céu Claro";"Dupla";"Reta";"Não";5;0;0;1;1;5;1;6;-17,8679;-51,5883;"SPRF-GO";"DEL05-GO";"UOP01-DEL05-GO"
247128;2019-11-04;"segunda-feira";"08:05:00";"CE";116;17;"EUSEBIO";"Falta de Atenção à Condução";"Colisão traseira";"Com Vítimas Feridas";"Pleno dia";"Crescente";"Sol";"Dupla";"Reta";"Sim";4;0;1;0;3;0;1;2;-3,89617918;-38,50336042;"SPRF-CE";"DEL01-CE";"UOP02-DEL01-CE"
247129;2019-11-04;"segunda-feira";"08:10:00";"BA";135;186;"BARREIRAS";"Falta de Atenção à Condução";"Colisão transversal";"Com Vítimas Feridas";"Pleno dia";"Crescente";"Céu Claro";"Simples";"Reta";"Não";5;0;1;0;4;0;1;2;-12,20181807;-45,01487075;"SPRF-BA";"DEL10-BA";"UOP01-DEL10-BA"
247134;2019-11-04;"segunda-feira";"11:20:00";"PR";116;119,9;"CURITIBA";"Falta de Atenção à Condução";"Colisão lateral";"Com Vítimas Feridas";"Pleno dia";"Crescente";"Nevoeiro/Neblina";"Dupla";"Reta";"Sim";2;0;1;0;1;0;1;2;-25,54456009;-49,30146002;"SPRF-PR";"DEL01-PR";"UOP03-DEL01-PR"
247138;2019-11-04;"segunda-feira";"11:20:00";"RJ";40;109;"DUQUE DE CAXIAS";"Falta de Atenção à Condução";"Colisão lateral";"Sem Vítimas";"Pleno dia";"Crescente";"Céu Claro";"Múltipla";"Reta";"Sim";2;0;0;0;2;0;0;2;-22,67374628;-43,28638368;"SPRF-RJ";"DEL01-RJ";"UOP01-DEL01-RJ"
247145;2019-11-04;"segunda-feira";"12:30:00";"RJ";101;164;"MACAE";"Falta de Atenção à Condução";"Colisão traseira";"Sem Vítimas";"Pleno dia";"Crescente";"Céu Claro";"Simples";"Reta";"Não";2;0;0;0;2;0;0;2;-22,31511508;-41,89679192;"SPRF-RJ";"DEL02-RJ";"UOP04-DEL08-RJ"
247147;2019-11-04;"segunda-feira";"11:20:00";"ES";101;250,3;"SERRA";"Falta de Atenção à Condução";"Colisão lateral";"Com Vítimas Feridas";"Pleno dia";"Crescente";"Sol";"Simples";"Reta";"Não";3;0;1;0;2;0;1;2;-20,09140259;-40,3421402;"SPRF-ES";"DEL02-ES";"UOP01-DEL02-ES"
247149;2019-11-04;"segunda-feira";"11:55:00";"PR";467;80,1;"TOLEDO";"Velocidade Incompatível";"Saída de leito carroçável";"Com Vítimas Feridas";"Pleno dia";"Decrescente";"Céu Claro";"Dupla";"Curva";"Não";2;0;1;0;0;1;1;2;-24,7875;-53,6778;"SPRF-PR";"DEL04-PR";"UOP01-DEL04-PR"
247162;2019-11-04;"segunda-feira";"11:40:00";"BA";101;207,8;"GOVERNADOR MANGABEIRA";"Condutor Dormindo";"Colisão lateral";"Com Vítimas Feridas";"Pleno dia";"Crescente";"Sol";"Múltipla";"Reta";"Sim";7;0;1;0;1;5;1;7;-12,59714579;-39,0413565;"SPRF-BA";"DEL01-BA";"UOP03-DEL01-BA"
247163;2019-11-04;"segunda-feira";"14:10:00";"SC";470;65;"INDAIAL";"Falta de Atenção à Condução";"Colisão transversal";"Com Vítimas Feridas";"Pleno dia";"Decrescente";"Nublado";"Simples";"Reta";"Sim";3;0;1;0;1;1;1;3;-26,870411;-49,211864;"SPRF-SC";"DEL04-SC";"UOP01-DEL04-SC"
247164;2019-11-04;"segunda-feira";"14:30:00";"ES";262;74;"DOMINGOS MARTINS";"Mal Súbito";"Colisão transversal";"Com Vítimas Feridas";"Pleno dia";"Crescente";"Céu Claro";"Simples";"Reta";"Não";3;0;0;1;1;1;1;3;-20,41226889;-40,89537406;"SPRF-ES";"DEL01-ES";"UOP02-DEL01-ES"
247168;2019-11-04;"segunda-feira";"15:15:00";"RN";101;135,9;"NISIA FLORESTA";"Falta de Atenção à Condução";"Capotamento";"Com Vítimas Feridas";"Pleno dia";"Crescente";"Céu Claro";"Dupla";"Declive";"Não";2;0;2;0;0;0;2;1;-6,16443306;-35,22487309;"SPRF-RN";"DEL01-RN";"UOP01-DEL01-RN"
247172;2019-11-04;"segunda-feira";"15:30:00";"RS";392;623,9;"SETE DE SETEMBRO";"Desobediência às normas de trânsito pelo condutor";"Colisão transversal";"Com Vítimas Feridas";"Pleno dia";"Decrescente";"Nublado";"Simples";"Reta";"Não";3;0;1;0;1;1;1;3;-28,18037196;-54,384204;"SPRF-RS";"DEL10-RS";"UOP01-DEL10-RS"
247174;2019-11-04;"segunda-feira";"15:05:00";"SC";101;202,5;"SAO JOSE";"Não guardar distância de segurança";"Colisão traseira";"Com Vítimas Feridas";"Pleno dia";"Decrescente";"Nublado";"Múltipla";"Reta";"Sim";2;0;0;1;1;0;1;2;-27,55711595;-48,61897889;"SPRF-SC";"DEL01-SC";"UOP01-DEL01-SC"
247178;2019-11-04;"segunda-feira";"15:50:00";"SP";116;230;"SAO PAULO";"Falta de Atenção à Condução";"Colisão lateral";"Com Vítimas Feridas";"Pleno dia";"Crescente";"Céu Claro";"Simples";"Reta";"Não";2;0;1;0;1;0;1;2;-23,52251783;-46,5855702;"SPRF-SP";"DEL01-SP";"UOP01-DEL01-SP"
247181;2019-11-04;"segunda-feira";"11:30:00";"SC";282;433,3;"VARGEM BONITA";"Velocidade Incompatível";"Colisão frontal";"Com Vítimas Fatais";"Pleno dia";"Crescente";"Céu Claro";"Simples";"Curva";"Sim";3;1;0;0;1;1;0;3;-26,97752;-51,823841;"SPRF-SC";"DEL07-SC";"UOP05-DEL07-SC"
247205;2019-10-18;"sexta-feira";"19:15:00";"PR";469;13,7;"FOZ DO IGUACU";"Falta de Atenção à Condução";"Colisão transversal";"Com Vítimas Feridas";"Pleno dia";"Crescente";"Chuva";"Simples";"Interseção de Vias";"Sim";6;0;2;3;1;0;5;3;-25,5754;-54,5489;"SPRF-PR";"DEL05-PR";"UOP04-DEL05-PR"
247206;2019-11-04;"segunda-feira";"12:30:00";"PE";232;371;"FLORES";"Falta de Atenção à Condução";"Colisão frontal";"Sem Vítimas";"Pleno dia";"Crescente";"Sol";"Simples";"Reta;Declive;Em Obras";"Não";3;0;0;0;3;0;0;3;-8,029973;-37,974468;"SPRF-PE";"DEL04-PE";"UOP01-DEL04-PE"
247209;2019-11-04;"segunda-feira";"07:30:00";"MT";70;77;"GENERAL CARNEIRO";"Velocidade Incompatível";"Saída de leito carroçável";"Com Vítimas Feridas";"Pleno dia";"Decrescente";"Céu Claro";"Simples";"Curva";"Não";2;0;1;0;0;1;1;2;-15,67116412;-52,80483996;"SPRF-MT";"DEL07-MT";"UOP01-DEL07-MT"
247210;2019-11-04;"segunda-feira";"15:00:00";"MG";50;68;"UBERLANDIA";"Carga excessiva e/ou mal acondicionada";"Colisão traseira";"Sem Vítimas";"Pleno dia";"Crescente";"Céu Claro";"Dupla";"Viaduto";"Sim";3;0;0;0;3;0;0;3;-18,88510303;-48,26511037;"SPRF-MG";"DEL15-MG";"UOP01-DEL15-MG"
247218;2019-11-04;"segunda-feira";"18:30:00";"MS";163;473,4;"CAMPO GRANDE";"Falta de Atenção à Condução";"Colisão transversal";"Com Vítimas Feridas";"Plena Noite";"Crescente";"Céu Claro";"Simples";"Reta";"Não";3;0;1;0;1;1;1;3;-20,53459008;-54,56411122;"SPRF-MS";"DEL01-MS";"UOP01-DEL01-MS"
247219;2019-11-04;"segunda-feira";"19:00:00";"MG";365;405;"PATOS DE MINAS";"Falta de Atenção à Condução";"Colisão com objeto estático";"Com Vítimas Feridas";"Plena Noite";"Crescente";"Nublado";"Simples";"Reta";"Não";2;0;1;0;1;0;1;2;-18,63543;-46,461877;"SPRF-MG";"DEL10-MG";"UOP01-DEL10-MG"
247222;2019-11-04;"segunda-feira";"18:15:00";"RJ";393;131;"SAPUCAIA";"Velocidade Incompatível";"Tombamento";"Com Vítimas Feridas";"Anoitecer";"Crescente";"Céu Claro";"Simples";"Curva";"Sim";2;0;1;0;0;1;1;2;-21,98953178;-42,90303826;"SPRF-RJ";"DEL06-RJ";"UOP01-DEL05-RJ"
247223;2019-11-04;"segunda-feira";"17:30:00";"RS";116;145,9;"CAXIAS DO SUL";"Falta de Atenção à Condução";"Colisão traseira";"Com Vítimas Feridas";"Pleno dia";"Crescente";"Garoa/Chuvisco";"Dupla";"Reta";"Sim";4;0;1;0;1;2;1;4;-29,1350217;-51,1302779;"SPRF-RS";"DEL05-RS";"UOP01-DEL05-RS"
247237;2019-11-04;"segunda-feira";"19:30:00";"MS";158;86,1;"PARANAIBA";"Ultrapassagem Indevida";"Colisão frontal";"Com Vítimas Fatais";"Plena Noite";"Decrescente";"Céu Claro";"Simples";"Reta";"Não";3;1;2;0;0;0;2;2;-19,61221998;-51,21593191;"SPRF-MS";"DEL08-MS";"UOP01-DEL08-MS"
247239;2019-11-04;"segunda-feira";"20:30:00";"MS";163;192;"CAARAPO";"Falta de Atenção à Condução";"Saída de leito carroçável";"Com Vítimas Feridas";"Plena Noite";"Decrescente";"Céu Claro";"Simples";"Reta";"Não";2;0;1;0;0;2;1;3;-22,77007561;-54,77210552;"SPRF-MS";"DEL04-MS";"UOP02-DEL04-MS"
247240;2019-11-04;"segunda-feira";"21:24:00";"SP";116;179,4;"GUARAREMA";"Falta de Atenção à Condução";"Colisão traseira";"Com Vítimas Feridas";"Plena Noite";"Crescente";"Céu Claro";"Dupla";"Reta";"Sim";4;0;1;0;2;1;1;3;-23,33166095;-46,1361891;"SPRF-SP";"DEL02-SP";"UOP01-DEL02-SP"
247243;2019-11-04;"segunda-feira";"19:40:00";"PR";476;200,3;"LAPA";"Desobediência às normas de trânsito pelo condutor";"Colisão frontal";"Com Vítimas Feridas";"Plena Noite";"Crescente";"Nublado";"Simples";"Reta";"Sim";3;0;0;1;1;1;1;3;-25,77438;-49,755112;"SPRF-PR";"DEL02-PR";"UOP04-DEL02-PR"