"id";"data_inversa";"dia_semana";"horario";"uf";"br";"km";"municipio";"causa_acidente";"tipo_acidente";"classificacao_acidente";"fase_dia";"sentido_via";"condicao_metereologica";"tipo_pista";"tracado_via";"uso_solo";"pessoas";"mortos";"feridos_leves";"feridos_graves";"ilesos";"ignorados";"feridos";"veiculos";"latitude";"longitude";"regional";"delegacia";"uop"
247527;2019-11-06;"quarta-feira";"10:45:00";"MG";381;317;"NOVA ERA";"Falta de Atenção à Condução";"Colisão lateral";"Com Vítimas Feridas";"Pleno dia";"Crescente";"Céu Claro";"Simples";"Reta";"Não";3;0;1;0;1;1;1;3;-19,70673817;-42,99914266;"SPRF-MG";"DEL03-MG";"UOP02-DEL03-MG"
247537;2019-11-06;"quarta-feira";"10:30:00";"MT";364;72;"ALTO GARCAS";"Falta de Atenção à Condução";"Colisão lateral";"Com Vítimas Feridas";"Pleno dia";"Decrescente";"Nublado";"Simples";"Curva";"Não";2;0;1;0;0;1;1;2;-16,90973972;-53,6384169;"SPRF-MT";"DEL02-MT";"UOP02-DEL02-MT"
247542;2019-10-28;"segunda-feira";"12:55:00";"MG";40;511;"RIBEIRAO DAS NEVES";"Não guardar distância de segurança";"Engavetamento";"Com Vítimas Feridas";"Pleno dia";"Decrescente";"Chuva";"Dupla";"Reta";"Não";11;0;7;0;4;0;7;4;-19,78164295;-44,11733194;"SPRF-MG";"DEL01-MG";"UOP02-DEL01-MG"
247544;2019-11-06;"quarta-feira";"14:20:00";"MG";381;433,8;"SABARA";"Defeito Mecânico no Veículo";"Colisão com objeto em movimento";"Com Vítimas Feridas";"Pleno dia";"Crescente";"Céu Claro";"Simples";"Curva";"Não";3;0;0;1;1;1;1;3;-19,79269213;-43,74585386;"SPRF-MG";"DEL01-MG";"UOP01-DEL01-MG"
247546;2019-11-06;"quarta-feira";"15:35:00";"RS";290;108,3;"ELDORADO DO SUL";"Desobediência às normas de trânsito pelo condutor";"Colisão transversal";"Com Vítimas Feridas";"Pleno dia";"Crescente";"Sol";"Simples";"Reta;Interseção de Vias";"Não";3;0;1;0;1;1;1;3;-30,01161211;-51,31537178;"SPRF-RS";"DEL02-RS";"UOP01-DEL02-RS"
247548;2019-11-06;"quarta-feira";"15:40:00";"SP";153;343,7;"OURINHOS";"Velocidade Incompatível";"Atropelamento de Pedestre";"Com Vítimas Feridas";"Pleno dia";"Decrescente";"Céu Claro";"Dupla";"Reta";"Não";9;0;3;1;2;5;4;7;-22,96042805;-49,90297905;"SPRF-SP";"DEL07-SP";"UOP03-DEL07-SP"
247550;2019-11-06;"quarta-feira";"14:10:00";"PI";316;68,3;"MONSENHOR GIL";"Não guardar distância de segurança";"Colisão traseira";"Com Vítimas Feridas";"Pleno dia";"Crescente";"Céu Claro";"Simples";"Reta";"Não";4;0;1;0;2;2;1;4;-5,64018999;-42,59199582;"SPRF-PI";"DEL01-PI";"UOP02-DEL01-PI"
247554;2019-11-06;"quarta-feira";"16:30:00";"MG";40;491,8;"ESMERALDAS";"Pista Escorregadia";"Colisão lateral";"Com Vítimas Feridas";"Pleno dia";"Decrescente";"Nublado";"Dupla";"Curva";"Não";7;0;4;0;2;2;4;4;-19,62850298;-44,20532179;"SPRF-MG";"DEL02-MG";"UOP01-DEL02-MG"
247557;2019-11-06;"quarta-feira";"17:45:00";"PR";116;107,3;"CURITIBA";"Defeito Mecânico no Veículo";"Saída de leito carroçável";"Com Vítimas Feridas";"Pleno dia";"Crescente";"Nublado";"Dupla";"Reta";"Não";2;0;1;0;0;1;1;2;-25,56989668;-49,18778205;"SPRF-PR";"DEL01-PR";"UOP06-DEL01-PR"
247558;2019-11-06;"quarta-feira";"17:30:00";"PR";373;171,8;"PONTA GROSSA";"Falta de Atenção à Condução";"Colisão lateral";"Com Vítimas Feridas";"Pleno dia";"Decrescente";"Céu Claro";"Dupla";"Interseção de Vias";"Sim";3;0;1;0;2;0;1;2;-25,07603308;-50,18628284;"SPRF-PR";"DEL03-PR";"UOP01-DEL03-PR"
247562;2019-11-06;"quarta-feira";"08:30:00";"MG";116;488,5;"INHAPIM";"Falta de Atenção à Condução";"Tombamento";"Com Vítimas Feridas";"Pleno dia";"Decrescente";"Céu Claro";"Simples";"Curva";"Não";5;0;2;1;2;0;3;4;-19,45137776;-42,12844849;"SPRF-MG";"DEL06-MG";"UOP02-DEL06-MG"
247563;2019-11-06;"quarta-feira";"16:10:00";"RJ";356;147;"CAMPOS DOS GOYTACAZES";"Desobediência às normas de trânsito pelo pedestre";"Atropelamento de Pedestre";"Com Vítimas Fatais";"Pleno dia";"Crescente";"Céu Claro";"Múltipla";"Reta";"Sim";4;1;2;0;1;0;2;2;-21,78540158;-41,29978331;"SPRF-RJ";"DEL08-RJ";"UOP02-DEL08-RJ"
247566;2019-11-06;"quarta-feira";"16:30:00";"PR";116;92,8;"SAO JOSE DOS PINHAIS";"Mal Súbito";"Colisão transversal";"Com Vítimas Feridas";"Pleno dia";"Crescente";"Sol";"Dupla";"Viaduto";"Sim";2;0;1;0;1;0;1;2;-25,48954287;-49,11201617;"SPRF-PR";"DEL01-PR";"UOP01-DEL01-PR"
247567;2019-11-06;"quarta-feira";"17:15:00";"RS";471;195,5;"PANTANO GRANDE";"Falta de Atenção à Condução";"Saída de leito carroçável";"Com Vítimas Feridas";"Pleno dia";"Decrescente";"Céu Claro";"Simples";"Curva";"Não";1;0;1;0;0;0;1;1;-30,17214052;-52,3632431;"SPRF-RS";"DEL02-RS";"UOP02-DEL02-RS"
247569;2019-11-06;"quarta-feira";"15:45:00";"MG";354;712,1;"CAXAMBU";"Pista Escorregadia";"Colisão com objeto estático";"Sem Vítimas";"Pleno dia";"Decrescente";"Chuva";"Simples";"Curva;Declive";"Não";3;0;0;0;2;1;0;3;-22,04873198;-44,92665648;"SPRF-MG";"DEL05-MG";"UOP01-DEL17-MG"
247572;2019-11-06;"quarta-feira";"15:00:00";"PR";376;491;"PONTA GROSSA";"Defeito Mecânico no Veículo";"Saída de leito carroçável";"Sem Vítimas";"Pleno dia";"Crescente";"Céu Claro";"Dupla";"Reta";"Sim";1;0;0;0;1;0;0;1;-25,13425117;-50,1663208;"SPRF-PR";"DEL03-PR";"UOP04-DEL03-PR"
247576;2019-11-06;"quarta-feira";"10:52:00";"PR";376;323;"ORTIGUEIRA";"Velocidade Incompatível";"Tombamento";"Com Vítimas Feridas";"Pleno dia";"Crescente";"Nublado";"Simples";"Aclive;Curva";"Não";3;0;1;0;1;1;1;3;-24,04442279;-51,07796073;"SPRF-PR";"DEL07-PR";"UOP02-DEL07-PR"
247581;2019-11-06;"quarta-feira";"16:40:00";"PI";316;307,4;"PICOS";"Falta de Atenção à Condução";"Colisão lateral";"Com Vítimas Feridas";"Pleno dia";"Decrescente";"Céu Claro";"Simples";"Reta";"Não";2;0;0;1;1;0;1;2;-7,07827269;-41,50174881;"SPRF-PI";"DEL04-PI";"UOP01-DEL04-PI"
247583;2019-11-06;"quarta-feira";"11:40:00";"RJ";495;2;"PETROPOLIS";"Falta de Atenção à Condução";"Tombamento";"Com Vítimas Feridas";"Pleno dia";"Crescente";"Garoa/Chuvisco";"Simples";"Curva";"Não";1;0;1;0;0;0;1;1;-22,397038;-42,984928;"SPRF-RJ";"DEL06-RJ";"UOP02-DEL05-RJ"
247584;2019-11-06;"quarta-feira";"17:40:00";"PR";476;210;"LAPA";"Ingestão de Álcool";"Colisão lateral";"Com Vítimas Feridas";"Pleno dia";"Decrescente";"Nublado";"Dupla";"Curva";"Não";4;0;1;0;2;4;1;7;-25,78343045;-49,84960556;"SPRF-PR";"DEL02-PR";"UOP04-DEL02-PR"
247588;2019-11-06;"quarta-feira";"16:10:00";"ES";101;150,5;"LINHARES";"Não guardar distância de segurança";"Colisão traseira";"Sem Vítimas";"Pleno dia";"Decrescente";"Céu Claro";"Dupla";"Reta";"Sim";2;0;0;0;2;0;0;2;-19,4061968;-40,06278461;"SPRF-ES";"DEL04-ES";"UOP01-DEL04-ES"
247589;2019-11-06;"quarta-feira";"16:50:00";"SC";101;265;"PAULO LOPES";"Não guardar distância de segurança";"Colisão traseira";"Sem Vítimas";"Pleno dia";"Crescente";"Nublado";"Dupla";"Reta";"Não";3;0;0;0;2;2;0;4;-28,06001385;-48,71690948;"SPRF-SC";"DEL02-SC";"UOP03-DEL02-SC"
247590;2019-11-06;"quarta-feira";"17:30:00";"MG";40;440;"PARAOPEBA";"Velocidade Incompatível";"Saída de leito carroçável";"Sem Vítimas";"Pleno dia";"Crescente";"Chuva";"Dupla";"Declive";"Não";2;0;0;0;1;1;0;2;-19,23100428;-44,43562244;"SPRF-MG";"DEL02-MG";"UOP01-DEL02-MG"
247593;2019-11-06;"quarta-feira";"16:30:00";"BA";407;128;"SENHOR DO BONFIM";"Falta de Atenção à Condução";"Colisão traseira";"Sem Vítimas";"Pleno dia";"Crescente";"Céu Claro";"Simples";"Reta";"Sim";2;0;0;0;1;1;0;2;-10,47059196;-40,17163891;"SPRF-BA";"DEL04-BA";"UOP01-DEL04-BA"
247595;2019-11-06;"quarta-feira";"11:20:00";"SC";101;96;"BARRA VELHA";"Falta de Atenção à Condução";"Queda de ocupante de veículo";"Com Vítimas Feridas";"Pleno dia";"Decrescente";"Nublado";"Dupla";"Reta";"Não";2;0;1;0;1;0;1;2;-26,718427;-48,70233;"SPRF-SC";"DEL03-SC";"UOP02-DEL03-SC"
247604;2019-11-06;"quarta-feira";"02:00:00";"MG";267;231;"LIBERDADE";"Velocidade Incompatível";"Tombamento";"Com Vítimas Feridas";"Plena Noite";"Crescente";"Ignorado";"Simples";"Curva";"Não";2;0;1;0;0;2;1;3;-21,94947166;-44,33481086;"SPRF-MG";"DEL05-MG";"UOP01-DEL17-MG"
247606;2019-11-06;"quarta-feira";"19:20:00";"PR";116;102,7;"SAO JOSE DOS PINHAIS";"Defeito Mecânico no Veículo";"Incêndio";"Sem Vítimas";"Plena Noite";"Decrescente";"Nublado";"Dupla";"Reta";"Não";1;0;0;0;1;0;0;1;-25,5698936;-49,18625504;"SPRF-PR";"DEL01-PR";"UOP01-DEL01-PR"
247614;2019-11-06;"quarta-feira";"13:20:00";"TO";153;133,4;"ARAGUAINA";"Falta de Atenção à Condução";"Tombamento";"Sem Vítimas";"Pleno dia";"Crescente";"Céu Claro";"Dupla";"Curva";"Sim";1;0;0;0;1;0;0;1;-7,11461109;-48,18743388;"SPRF-TO";"DEL02-TO";"UOP01-DEL02-TO"
247615;2019-11-06;"quarta-feira";"20:20:00";"SP";116;219;"GUARULHOS";"Falta de Atenção à Condução";"Colisão lateral";"Com Vítimas Fatais";"Plena Noite";"Decrescente";"Céu Claro";"Múltipla";"Reta";"Sim";3;1;0;0;1;1;0;3;-23,46143954;-46,48885316;"SPRF-SP";"DEL01-SP";"UOP01-DEL01-SP"
247616;2019-11-06;"quarta-feira";"21:25:00";"ES";101;73;"SAO MATEUS";"Falta de Atenção à Condução";"Tombamento";"Com Vítimas Feridas";"Plena Noite";"Crescente";"Céu Claro";"Simples";"Curva";"Não";1;0;0;1;0;0;1;1;-18,77024976;-39,86802529;"SPRF-ES";"DEL04-ES";"UOP02-DEL04-ES"
247619;2019-11-06;"quarta-feira";"21:15:00";"SP";116;219;"GUARULHOS";"Falta de Atenção à Condução";"Colisão lateral";"Com Vítimas Feridas";"Plena Noite";"Decrescente";"Céu Claro";"Múltipla";"Reta";"Sim";4;0;1;0;2;1;1;2;-23,46143954;-46,48885316;"SPRF-SP";"DEL01-SP";"UOP01-DEL01-SP"
247624;2019-11-06;"quarta-feira";"20:00:00";"MG";381;477,5;"CONTAGEM";"Falta de Atenção do Pedestre";"Danos eventuais";"Com Vítimas Feridas";"Plena Noite";"Crescente";"Céu Claro";"Dupla";"Reta";"Sim";4;0;0;1;0;3;1;2;-19,96179268;-44,05041676;"SPRF-MG";"DEL01-MG";"UOP03-DEL01-MG"
247625;2019-11-06;"quarta-feira";"21:30:00";"SC";101;92;"BARRA VELHA";"Falta de Atenção à Condução";"Colisão traseira";"Com Vítimas Feridas";"Plena Noite";"Decrescente";"Nublado";"Dupla";"Reta";"Não";4;0;2;0;1;1;2;3;-26,69117731;-48,69702816;"SPRF-SC";"DEL03-SC";"UOP02-DEL03-SC"
247628;2019-11-06;"quarta-feira";"20:30:00";"GO";60;34;"ALEXANIA";"Falta de Atenção à Condução";"Colisão lateral";"Com Vítimas Feridas";"Plena Noite";"Decrescente";"Céu Claro";"Dupla";"Reta";"Não";6;0;1;0;4;1;1;3;-16,11834271;-48,43071163;"SPRF-DF";"DEL01-DF";"UOP01-DEL03-DF"
247630;2019-11-06;"quarta-feira";"21:15:00";"MG";262;826;"UBERABA";"Velocidade Incompatível";"Colisão traseira";"Com Vítimas Feridas";"Plena Noite";"Crescente";"Céu Claro";"Dupla";"Reta";"Não";6;0;4;0;1;1;4;3;-19,75127558;-48,1725237;"SPRF-MG";"DEL13-MG";"UOP01-DEL13-MG"
247646;2019-11-06;"quarta-feira";"23:10:00";"MG";356;283,1;"PATROCINIO DO MURIAE";"Velocidade Incompatível";"Colisão frontal";"Com Vítimas Feridas";"Plena Noite";"Decrescente";"Nublado";"Simples";"Reta";"Não";2;0;1;0;1;0;1;2;-21,12246713;-42,21826402;"SPRF-MG";"DEL07-MG";"UOP02-DEL07-MG"
247647;2019-11-07;"quinta-feira";"00:50:00";"PR";116;128;"FAZENDA RIO GRANDE";"Falta de Atenção à Condução";"Colisão lateral";"Com Vítimas Feridas";"Plena Noite";"Crescente";"Nublado";"Dupla";"Reta";"Sim";2;0;1;0;1;0;1;2;-25,62150831;-49,31621728;"SPRF-PR";"DEL01-PR";"UOP03-DEL01-PR"
247649;2019-11-07;"quinta-feira";"01:40:00";"MS";262;326,2;"CAMPO GRANDE";"Falta de Atenção do Pedestre";"Atropelamento de Pedestre";"Com Vítimas Fatais";"Plena Noite";"Decrescente";"Chuva";"Simples";"Reta";"Sim";2;1;0;0;1;0;0;2;-20,46921615;-54,53102097;"SPRF-MS";"DEL01-MS";"UOP01-DEL01-MS"
247652;2019-11-07;"quinta-feira";"01:00:00";"SP";116;490,3;"CAJATI";"Ingestão de Álcool";"Colisão traseira";"Com Vítimas Feridas";"Plena Noite";"Crescente";"Nublado";"Dupla";"Reta";"Sim";5;0;0;1;3;1;1;3;-24,73464809;-48,11602794;"SPRF-SP";"DEL05-SP";"UAP01-DEL05-SP"
247657;2019-11-07;"quinta-feira";"02:30:00";"MT";364;48;"ALTO GARCAS";"Falta de Atenção à Condução";"Colisão traseira";"Com Vítimas Feridas";"Plena Noite";"Crescente";"Céu Claro";"Simples";"Reta";"Não";6;0;2;0;3;2;2;4;-17,01605792;-53,49297682;"SPRF-MT";"DEL02-MT";"UOP02-DEL02-MT"
247659;2019-11-07;"quinta-feira";"04:45:00";"SC";470;68;"INDAIAL";"Falta de Atenção à Condução";"Colisão transversal";"Com Vítimas Feridas";"Plena Noite";"Crescente";"Garoa/Chuvisco";"Simples";"Reta";"Não";3;0;1;0;1;1;1;3;-26,877615;-49,239231;"SPRF-SC";"DEL04-SC";"UOP01-DEL04-SC"
247660;2019-11-07;"quinta-feira";"04:50:00";"MG";40;459,9;"SETE LAGOAS";"Carga excessiva e/ou mal acondicionada";"Tombamento";"Sem Vítimas";"Amanhecer";"Crescente";"Céu Claro";"Dupla";"Curva";"Não";1;0;0;0;1;0;0;1;-19,388919;-44,335457;"SPRF-MG";"DEL02-MG";"UOP01-DEL02-MG"
247661;2019-11-07;"quinta-feira";"05:10:00";"PR";116;86,8;"PIRAQUARA";"Desobediência às normas de trânsito pelo condutor";"Colisão frontal";"Com Vítimas Fatais";"Amanhecer";"Crescente";"Garoa/Chuvisco";"Dupla";"Reta";"Não";3;1;0;0;1;1;0;3;-25,44106805;-49,09243759;"SPRF-PR";"DEL01-PR";"UOP01-DEL01-PR"
247663;2019-11-07;"quinta-feira";"05:20:00";"PB";230;24,9;"JOAO PESSOA";"Desobediência às normas de trânsito pelo condutor";"Colisão traseira";"Com Vítimas Feridas";"Pleno dia";"Decrescente";"Céu Claro";"Dupla";"Curva";"Sim";4;0;0;1;2;1;1;3;-7,1637;-34,8618;"SPRF-PB";"DEL01-PB";"UOP01-DEL01-PB"
247664;2019-11-07;"quinta-feira";"03:30:00";"PI";343;229,5;"COCAL DE TELHA";"Condutor Dormindo";"Colisão traseira";"Com Vítimas Feridas";"Plena Noite";"Decrescente";"Céu Claro";"Simples";"Reta";"Não";2;0;1;0;1;0;1;2;-4,590938;-41,983612;"SPRF-PI";"DEL01-PI";"UOP03-DEL01-PI"
247665;2019-11-07;"quinta-feira";"05:30:00";"SP";116;103,5;"TAUBATE";"Falta de Atenção à Condução";"Colisão lateral";"Com Vítimas Feridas";"Amanhecer";"Crescente";"Nublado";"Dupla";"Aclive;Reta";"Não";3;0;1;0;1;1;1;3;-22,99919465;-45,49788917;"SPRF-SP";"DEL06-SP";"UOP01-DEL06-SP"
247672;2019-11-06;"quarta-feira";"22:00:00";"MG";262;552;"LUZ";"Velocidade Incompatível";"Tombamento";"Com Vítimas Feridas";"Plena Noite";"Decrescente";"Chuva";"Simples";"Curva";"Não";2;0;2;0;0;0;2;1;-19,71764199;-45,89096601;"SPRF-MG";"DEL08-MG";"UOP02-DEL08-MG"
247675;2019-11-07;"quinta-feira";"06:30:00";"CE";116;378;"ICO";"Falta de Atenção à Condução";"Tombamento";"Com Vítimas Feridas";"Amanhecer";"Crescente";"Céu Claro";"Simples";"Curva";"Sim";2;0;1;0;0;1;1;2;-6,41051432;-38,85299778;"SPRF-CE";"DEL05-CE";"UOP01-DEL05-CE"
247678;2019-11-07;"quinta-feira";"05:50:00";"SP";116;282;"EMBU DAS ARTES";"Não guardar distância de segurança";"Colisão traseira";"Sem Vítimas";"Amanhecer";"Decrescente";"Céu Claro";"Dupla";"Aclive";"Não";3;0;0;0;2;2;0;4;-23,68570216;-46,85970975;"SPRF-SP";"DEL04-SP";"UOP01-DEL04-SP"
247679;2019-11-07;"quinta-feira";"05:15:00";"MG";40;603,5;"CONGONHAS";"Falta de Atenção à Condução";"Colisão transversal";"Sem Vítimas";"Pleno dia";"Crescente";"Chuva";"Simples";"Declive";"Não";3;0;0;0;2;1;0;3;-20,44326;-43,83981;"SPRF-MG";"DEL05-MG";"UOP02-DEL05-MG"
247680;2019-11-07;"quinta-feira";"06:30:00";"PR";376;383,4;"IMBAU";"Velocidade Incompatível";"Tombamento";"Com Vítimas Feridas";"Amanhecer";"Decrescente";"Céu Claro";"Dupla";"Curva";"Não";2;0;0;1;0;1;1;2;-24,47251574;-50,73914548;"SPRF-PR";"DEL03-PR";"UOP02-DEL03-PR"
247687;2019-11-07;"quinta-feira";"07:40:00";"PR";376;12,4;"MARINGA";"Falta de Atenção à Condução";"Colisão traseira";"Com Vítimas Fatais";"Pleno dia";"Crescente";"Céu Claro";"Dupla";"Reta";"Sim";3;1;0;0;1;1;0;3;-23,39388823;-51,88910365;"SPRF-PR";"DEL07-PR";"UOP01-DEL09-PR"
247690;2019-10-24;"quinta-feira";"19:50:00";"MG";50;119,1;"UBERABA";"Falta de Atenção à Condução";"Colisão transversal";"Com Vítimas Fatais";"Plena Noite";"Decrescente";"Céu Claro";"Dupla";"Reta";"Não";4;1;0;0;1;3;0;5;-19,30152414;-48,11305761;"SPRF-MG";"DEL13-MG";"UOP01-DEL13-MG"
247702;2019-11-07;"quinta-feira";"06:45:00";"RO";364;239;"CACOAL";"Falta de Atenção à Condução";"Colisão transversal";"Com Vítimas Feridas";"Pleno dia";"Crescente";"Sol";"Dupla";"Reta";"Sim";3;0;1;1;1;0;2;2;-11,4336322;-61,46354914;"SPRF-RO";"DEL02-RO";"UOP02-DEL02-RO"
247705;2019-11-07;"quinta-feira";"08:20:00";"CE";222;3,3;"FORTALEZA";"Não guardar distância de segurança";"Colisão lateral";"Com Vítimas Feridas";"Pleno dia";"Decrescente";"Sol";"Dupla";"Ponte";"Sim";3;0;1;0;1;1;1;3;-3,7403769;-38,59569202;"SPRF-CE";"DEL01-CE";"UOP01-DEL01-CE"
247706;2019-11-07;"quinta-feira";"06:25:00";"MG";40;579,9;"ITABIRITO";"Pista Escorregadia";"Colisão com objeto estático";"Sem Vítimas";"Pleno dia";"Decrescente";"Chuva";"Dupla";"Curva";"Não";2;0;0;0;1;1;0;2;-20,28638301;-43,94212592;"SPRF-MG";"DEL01-MG";"UOP02-DEL01-MG"
247713;2019-05-03;"sexta-feira";"06:20:00";"GO";60;268,9;"JANDAIA";"Falta de Atenção à Condução";"Colisão traseira";"Com Vítimas Feridas";"Amanhecer";"Decrescente";"Céu Claro";"Dupla";"Reta";"Não";11;0;9;0;1;1;9;3;-17,2059;-50,1029;"SPRF-GO";"DEL01-GO";"UOP02-DEL01-GO"
247718;2019-11-07;"quinta-feira";"10:00:00";"SP";381;65;"MAIRIPORA";"Falta de Atenção à Condução";"Colisão traseira";"Sem Vítimas";"Pleno dia";"Crescente";"Céu Claro";"Múltipla";"Reta";"Sim";2;0;0;0;2;0;0;2;-23,316547;-46,58251;"SPRF-SP";"DEL03-SP";"UOP01-DEL03-SP"
247726;2019-11-07;"quinta-feira";"10:00:00";"GO";414;378,1;"COCALZINHO DE GOIAS";"Defeito Mecânico no Veículo";"Colisão lateral";"Com Vítimas Feridas";"Pleno dia";"Crescente";"Céu Claro";"Simples";"Reta";"Não";3;0;1;1;1;0;2;2;-15,83127599;-48,78021276;"SPRF-GO";"DEL02-GO";"UOP01-DEL02-GO"
247727;2019-11-04;"segunda-feira";"22:35:00";"GO";452;187,7;"ITUMBIARA";"Falta de Atenção à Condução";"Colisão lateral";"Sem Vítimas";"Plena Noite";"Crescente";"Chuva";"Dupla";"Reta";"Sim";4;0;0;0;3;3;0;5;-18,39880136;-49,30123965;"SPRF-GO";"DEL03-GO";"UOP02-DEL03-GO"
247732;2019-11-07;"quinta-feira";"08:30:00";"RJ";101;229;"SILVA JARDIM";"Pista Escorregadia";"Colisão lateral";"Sem Vítimas";"Pleno dia";"Crescente";"Chuva";"Dupla";"Curva";"Não";2;0;0;0;2;0;0;2;-22,5653276;-42,36847904;"SPRF-RJ";"DEL02-RJ";"UOP03-DEL02-RJ"
247734;2019-10-29;"terça-feira";"14:45:00";"PA";10;107;"ULIANOPOLIS";"Desobediência às normas de trânsito pelo condutor";"Saída de leito carroçável";"Com Vítimas Feridas";"Pleno dia";"Crescente";"Céu Claro";"Simples";"Aclive";"Não";3;0;1;0;2;0;1;2;-3,50511692;-47,48017624;"SPRF-PA";"DEL02-PA";"UOP02-DEL02-PA"
247738;2019-11-07;"quinta-feira";"12:55:00";"RN";304;24;"MOSSORO";"Velocidade Incompatível";"Tombamento";"Sem Vítimas";"Pleno dia";"Decrescente";"Céu Claro";"Simples";"Rotatória";"Não";2;0;0;0;1;1;0;2;-5,06488233;-37,33287055;"SPRF-RN";"DEL04-RN";"UOP02-DEL04-RN"
247740;2019-11-07;"quinta-feira";"11:15:00";"MT";364;384;"SANTO ANTONIO DO LEVERGER";"Defeito Mecânico no Veículo";"Colisão com objeto em movimento";"Sem Vítimas";"Pleno dia";"Crescente";"Sol";"Dupla";"Reta";"Não";3;0;0;0;2;1;0;3;-15,7025776;-55,80039399;"SPRF-MT";"DEL02-MT";"UOP02-DEL01-MT"
247744;2019-11-07;"quinta-feira";"04:00:00";"MG";251;223;"CACHOEIRA DE PAJEU";"Falta de Atenção à Condução";"Saída de leito carroçável";"Com Vítimas Feridas";"Plena Noite";"Decrescente";"Céu Claro";"Simples";"Reta;Aclive";"Não";2;0;2;0;0;0;2;1;-15,95877788;-41,64451999;"SPRF-MG";"DEL11-MG";"UOP02-DEL11-MG"
247747;2019-11-07;"quinta-feira";"14:00:00";"SP";153;80,9;"BADY BASSITT";"Defeito Mecânico no Veículo";"Colisão com objeto em movimento";"Sem Vítimas";"Pleno dia";"Crescente";"Céu Claro";"Simples";"Reta";"Não";2;0;0;0;2;0;0;2;-20,90910476;-49,48021806;"SPRF-SP";"DEL09-SP";"UOP01-DEL09-SP"
247748;2019-11-07;"quinta-feira";"11:30:00";"MT";163;777;"SORRISO";"Falta de Atenção à Condução";"Colisão traseira";"Com Vítimas Feridas";"Pleno dia";"Decrescente";"Céu Claro";"Simples";"Reta";"Não";3;0;1;0;1;2;1;4;-12,46639807;-55,67002686;"SPRF-MT";"DEL06-MT";"UOP01-DEL06-MT"
247749;2019-11-07;"quinta-feira";"12:00:00";"BA";101;376,1;"GANDU";"Ultrapassagem Indevida";"Colisão lateral";"Sem Vítimas";"Pleno dia";"Crescente";"Céu Claro";"Simples";"Reta";"Não";2;0;0;0;2;0;0;2;-13,834959;-39,494692;"SPRF-BA";"DEL05-BA";"UOP03-DEL05-BA"
247752;2019-11-07;"quinta-feira";"09:10:00";"PR";163;139,8;"CAPITAO LEONIDAS MARQUES";"Velocidade Incompatível";"Saída de leito carroçável";"Com Vítimas Feridas";"Pleno dia";"Decrescente";"Nublado";"Simples";"Curva";"Não";2;0;1;0;0;1;1;2;-25,50497764;-53,59384574;"SPRF-PR";"DEL04-PR";"UOP05-DEL05-PR"
247756;2019-09-26;"quinta-feira";"00:00:00";"MT";364;489;"JANGADA";"Pista Escorregadia";"Colisão frontal";"Com Vítimas Feridas";"Plena Noite";"Crescente";"Chuva";"Simples";"Reta";"Não";6;0;2;0;3;1;2;3;-15,3335332;-56,4223274;"SPRF-MT";"DEL01-MT";"DEL2/4-UOP02/MT"
247762;2019-11-07;"quinta-feira";"15:20:00";"SP";381;52;"ATIBAIA";"Velocidade Incompatível";"Tombamento";"Sem Vítimas";"Pleno dia";"Decrescente";"Nublado";"Dupla";"Curva";"Sim";1;0;0;0;1;0;0;1;-23,2300622;-46,59963076;"SPRF-SP";"DEL03-SP";"UOP01-DEL03-SP"
247763;2019-11-07;"quinta-feira";"09:30:00";"SE";101;199,6;"CRISTINAPOLIS";"Defeito Mecânico no Veículo";"Danos eventuais";"Com Vítimas Feridas";"Pleno dia";"Crescente";"Céu Claro";"Simples";"Reta";"Sim";4;0;0;1;1;2;1;3;-11,48067309;-37,76331995;"SPRF-SE";"DEL02-SE";"UOP03-DEL02-SE"
247771;2019-11-07;"quinta-feira";"15:05:00";"ES";101;29,9;"CONCEICAO DA BARRA";"Restrição de Visibilidade";"Colisão traseira";"Com Vítimas Feridas";"Pleno dia";"Crescente";"Sol";"Simples";"Declive";"Não";3;0;0;1;1;1;1;3;-18,39992188;-39,93877968;"SPRF-ES";"DEL04-ES";"UOP02-DEL04-ES"
247773;2019-11-07;"quinta-feira";"15:25:00";"GO";153;500,4;"GOIANIA";"Falta de Atenção à Condução";"Colisão lateral";"Sem Vítimas";"Pleno dia";"Decrescente";"Nublado";"Dupla";"Curva;Aclive;Viaduto";"Sim";3;0;0;0;2;1;0;3;-16,7118;-49,2324;"SPRF-GO";"DEL01-GO";"UOP01-DEL01-GO"
247776;2019-11-07;"quinta-feira";"15:00:00";"SC";101;427,3;"SOMBRIO";"Ingestão de Álcool";"Colisão traseira";"Com Vítimas Feridas";"Pleno dia";"Decrescente";"Nublado";"Dupla";"Reta";"Não";3;0;1;0;1;1;1;3;-29,0329064;-49,60623553;"SPRF-SC";"DEL02-SC";"UOP02-DEL02-SC"
247778;2019-11-07;"quinta-feira";"15:00:00";"GO";153;441,2;"ANAPOLIS";"Falta de Atenção à Condução";"Saída de leito carroçável";"Sem Vítimas";"Pleno dia";"Decrescente";"Céu Claro";"Dupla";"Reta";"Sim";1;0;0;0;1;0;0;1;-16,315866;-48,921612;"SPRF-GO";"DEL02-GO";"UOP01-DEL02-GO"