"id";"data_inversa";"dia_semana";"horario";"uf";"br";"km";"municipio";"causa_acidente";"tipo_acidente";"classificacao_acidente";"fase_dia";"sentido_via";"condicao_metereologica";"tipo_pista";"tracado_via";"uso_solo";"pessoas";"mortos";"feridos_leves";"feridos_graves";"ilesos";"ignorados";"feridos";"veiculos";"latitude";"longitude";"regional";"delegacia";"uop"
248099;2019-11-08;"sexta-feira";"17:20:00";"RJ";493;57;"DUQUE DE CAXIAS";"Mal Súbito";"Saída de leito carroçável";"Com Vítimas Feridas";"Anoitecer";"Decrescente";"Nublado";"Dupla";"Reta";"Sim";2;0;0;1;0;1;1;2;-22,672089;-43,285053;"SPRF-RJ";"DEL01-RJ";"UOP01-DEL01-RJ"
248105;2019-11-08;"sexta-feira";"23:40:00";"MG";381;902;"CAMBUI";"Velocidade Incompatível";"Engavetamento";"Com Vítimas Feridas";"Plena Noite";"Decrescente";"Nublado";"Dupla";"Reta";"Não";5;0;1;0;3;3;1;7;-22,63709575;-46,07920577;"SPRF-MG";"DEL16-MG";"UOP03-DEL16-MG"
248106;2019-11-09;"sábado";"02:05:00";"SE";101;185,2;"UMBAUBA";"Ultrapassagem Indevida";"Colisão frontal";"Com Vítimas Fatais";"Plena Noite";"Crescente";"Nublado";"Simples";"Reta";"Não";4;1;0;1;1;1;1;3;-11,39433203;-37,67508698;"SPRF-SE";"DEL02-SE";"UOP03-DEL02-SE"
248124;2019-11-09;"sábado";"06:10:00";"PR";163;284;"MARECHAL CANDIDO RONDON";"Desobediência às normas de trânsito pelo condutor";"Colisão transversal";"Com Vítimas Feridas";"Pleno dia";"Crescente";"Sol";"Simples";"Interseção de Vias";"Não";3;0;0;1;1;2;1;4;-24,568102;-54,034168;"SPRF-PR";"DEL06-PR";"UOP02-DEL06-PR"
248128;2019-11-09;"sábado";"05:30:00";"MG";354;704,7;"CAXAMBU";"Velocidade Incompatível";"Tombamento";"Com Vítimas Feridas";"Amanhecer";"Crescente";"Nublado";"Simples";"Viaduto;Curva";"Sim";1;0;1;0;0;0;1;1;-21,99106381;-44,9240613;"SPRF-MG";"DEL05-MG";"UOP01-DEL17-MG"
248134;2019-11-09;"sábado";"07:00:00";"RS";392;347,6;"SANTA MARIA";"Falta de Atenção à Condução";"Colisão lateral";"Com Vítimas Feridas";"Pleno dia";"Decrescente";"Nublado";"Simples";"Reta";"Sim";7;0;2;0;4;4;2;7;-29,76125014;-53,78681035;"SPRF-RS";"DEL09-RS";"UOP01-DEL09-RS"
248137;2019-11-09;"sábado";"06:15:00";"SP";116;546;"BARRA DO TURVO";"Velocidade Incompatível";"Colisão com objeto estático";"Sem Vítimas";"Pleno dia";"Crescente";"Chuva";"Simples";"Curva";"Não";2;0;0;0;1;1;0;2;-24,9470862;-48,43042095;"SPRF-SP";"DEL05-SP";"UOP02-DEL05-SP"
248138;2019-11-09;"sábado";"01:30:00";"SC";470;75,3;"INDAIAL";"Ingestão de álcool e/ou substâncias psicoativas pelo pedestre";"Colisão lateral";"Com Vítimas Feridas";"Plena Noite";"Crescente";"Chuva";"Simples";"Reta";"Sim";2;0;1;0;1;0;1;2;-26,924833;-49,284004;"SPRF-SC";"DEL04-SC";"UOP01-DEL04-SC"
248143;2019-11-09;"sábado";"07:10:00";"MG";116;782;"LEOPOLDINA";"Velocidade Incompatível";"Tombamento";"Com Vítimas Feridas";"Pleno dia";"Decrescente";"Céu Claro";"Simples";"Curva";"Não";2;0;1;0;0;1;1;2;-21,627038;-42,69996898;"SPRF-MG";"DEL07-MG";"UOP01-DEL07-MG"
248144;2019-11-09;"sábado";"06:30:00";"PR";376;95;"PARANAVAI";"Ingestão de Álcool";"Colisão traseira";"Sem Vítimas";"Pleno dia";"Decrescente";"Sol";"Simples";"Reta";"Não";3;0;0;0;2;1;0;3;-23,01459965;-52,52124604;"SPRF-PR";"DEL07-PR";"UOP02-DEL09-PR"
248148;2019-11-09;"sábado";"07:00:00";"SC";101;129,1;"CAMBORIU";"Não guardar distância de segurança";"Colisão traseira";"Com Vítimas Feridas";"Pleno dia";"Crescente";"Nublado";"Dupla";"Reta";"Não";2;0;1;0;1;0;1;2;-26,98064277;-48,6790679;"SPRF-SC";"DEL04-SC";"UOP03-DEL04-SC"
248159;2019-11-09;"sábado";"05:55:00";"PR";277;242,1;"IRATI";"Falta de Atenção à Condução";"Saída de leito carroçável";"Com Vítimas Feridas";"Pleno dia";"Decrescente";"Céu Claro";"Simples";"Reta";"Não";2;0;1;0;0;1;1;2;-25,46419687;-50,56581801;"SPRF-PR";"DEL03-PR";"UOP02-DEL08-PR"
248162;2019-10-04;"sexta-feira";"11:30:00";"SP";116;281;"ITAPECERICA DA SERRA";"Falta de Atenção à Condução";"Colisão lateral";"Com Vítimas Feridas";"Pleno dia";"Crescente";"Céu Claro";"Dupla";"Reta";"Não";2;0;1;0;1;0;1;2;-23,67784787;-46,85769227;"SPRF-SP";"DEL04-SP";"UOP01-DEL04-SP"
248167;2019-11-09;"sábado";"09:15:00";"PR";277;590,1;"CASCAVEL";"Desobediência às normas de trânsito pelo condutor";"Colisão transversal";"Com Vítimas Feridas";"Pleno dia";"Crescente";"Céu Claro";"Simples";"Interseção de Vias";"Sim";4;0;2;1;1;0;3;2;-24,98120697;-53,45591501;"SPRF-PR";"DEL04-PR";"UOP01-DEL04-PR"
248171;2019-11-09;"sábado";"08:40:00";"SP";116;72,2;"APARECIDA";"Não guardar distância de segurança";"Colisão traseira";"Com Vítimas Feridas";"Pleno dia";"Decrescente";"Nublado";"Dupla";"Reta";"Não";3;0;1;0;1;2;1;4;-22,86354218;-45,23746093;"SPRF-SP";"DEL08-SP";"UOP01-DEL08-SP"
248175;2019-11-09;"sábado";"07:00:00";"MS";158;297,5;"TRES LAGOAS";"Falta de Atenção à Condução";"Colisão com objeto estático";"Com Vítimas Feridas";"Pleno dia";"Decrescente";"Nublado";"Simples";"Ponte;Reta";"Não";2;0;1;0;0;1;1;2;-20,93468208;-51,82783478;"SPRF-MS";"DEL07-MS";"UOP01-DEL07-MS"
248176;2019-11-09;"sábado";"09:00:00";"ES";101;6,7;"PEDRO CANARIO";"Velocidade Incompatível";"Colisão com objeto estático";"Com Vítimas Feridas";"Pleno dia";"Crescente";"Céu Claro";"Simples";"Curva";"Não";2;0;0;1;0;1;1;2;-18,21950697;-39,94488285;"SPRF-ES";"DEL04-ES";"UOP02-DEL04-ES"
248178;2019-11-09;"sábado";"09:10:00";"SP";116;513;"CAJATI";"Pista Escorregadia";"Colisão com objeto estático";"Com Vítimas Feridas";"Pleno dia";"Decrescente";"Chuva";"Simples";"Declive;Curva";"Não";2;0;1;0;0;1;1;2;-24,85109616;-48,21802405;"SPRF-SP";"DEL05-SP";"UAP01-DEL05-SP"
248187;2019-11-09;"sábado";"09:10:00";"SC";101;52;"JOINVILLE";"Falta de Atenção à Condução";"Colisão traseira";"Com Vítimas Feridas";"Pleno dia";"Crescente";"Chuva";"Dupla";"Reta";"Não";3;0;1;0;1;3;1;5;-26,39111608;-48,83984239;"SPRF-SC";"DEL03-SC";"UOP01-DEL03-SC"
248190;2019-11-09;"sábado";"10:30:00";"MG";381;492;"BETIM";"Desobediência às normas de trânsito pelo condutor";"Colisão lateral";"Com Vítimas Feridas";"Pleno dia";"Crescente";"Céu Claro";"Dupla";"Curva";"Não";2;0;1;0;1;0;1;2;-19,95681096;-44,15066242;"SPRF-MG";"DEL01-MG";"UOP03-DEL01-MG"
248191;2019-11-09;"sábado";"11:40:00";"SP";116;561;"BARRA DO TURVO";"Falta de Atenção à Condução";"Saída de leito carroçável";"Sem Vítimas";"Pleno dia";"Crescente";"Chuva";"Dupla";"Curva";"Não";1;0;0;0;1;0;0;1;-25,02045097;-48,51586004;"SPRF-SP";"DEL05-SP";"UOP02-DEL05-SP"
248195;2019-11-09;"sábado";"08:20:00";"BA";116;644;"JAGUAQUARA";"Não guardar distância de segurança";"Colisão traseira";"Com Vítimas Feridas";"Pleno dia";"Crescente";"Céu Claro";"Simples";"Declive";"Não";3;0;1;0;1;2;1;4;-13,56327202;-40,0799949;"SPRF-BA";"DEL03-BA";"UOP01-DEL03-BA"
248198;2019-11-09;"sábado";"06:30:00";"MA";222;548,6;"BOM JESUS DAS SELVAS";"Defeito na Via";"Saída de leito carroçável";"Com Vítimas Fatais";"Amanhecer";"Decrescente";"Chuva";"Simples";"Declive";"Não";2;2;0;0;0;0;0;1;-4,35664171;-46,61885119;"SPRF-MA";"DEL04-MA";"UOP03-DEL04-MA"
248205;2019-11-09;"sábado";"12:28:00";"MT";364;47,2;"ALTO GARCAS";"Falta de Atenção à Condução";"Tombamento";"Com Vítimas Feridas";"Pleno dia";"Decrescente";"Céu Claro";"Simples";"Declive";"Não";4;0;1;0;2;2;1;3;-17,02440513;-53,48910724;"SPRF-MT";"DEL02-MT";"UOP02-DEL02-MT"
248220;2019-11-09;"sábado";"13:45:00";"MG";153;92;"PRATA";"Falta de Atenção à Condução";"Colisão lateral";"Sem Vítimas";"Pleno dia";"Decrescente";"Chuva";"Simples";"Reta";"Não";4;0;0;0;3;1;0;3;-19,1609748;-48,95869957;"SPRF-MG";"DEL15-MG";"UOP03-DEL15-MG"
248221;2019-11-09;"sábado";"11:45:00";"PR";116;12;"CAMPINA GRANDE DO SUL";"Condutor Dormindo";"Tombamento";"Com Vítimas Feridas";"Pleno dia";"Decrescente";"Nublado";"Dupla";"Aclive;Reta";"Não";2;0;1;0;0;1;1;2;-25,09706813;-48,65517895;"SPRF-PR";"DEL01-PR";"UOP02-DEL01-PR"
248229;2019-11-09;"sábado";"10:30:00";"MG";381;230;"BELO ORIENTE";"Defeito Mecânico no Veículo";"Tombamento";"Com Vítimas Feridas";"Pleno dia";"Decrescente";"Sol";"Simples";"Reta";"Não";1;0;1;0;0;0;1;1;-19,35985811;-42,43772995;"SPRF-MG";"DEL06-MG";"UOP01-DEL06-MG"
248231;2019-11-09;"sábado";"15:20:00";"SP";153;109;"JOSE BONIFACIO";"Falta de Atenção à Condução";"Colisão traseira";"Sem Vítimas";"Pleno dia";"Crescente";"Sol";"Simples";"Declive;Reta";"Não";4;0;0;0;3;1;0;3;-21,08026506;-49,67062088;"SPRF-SP";"DEL09-SP";"UOP01-DEL09-SP"
248240;2019-11-09;"sábado";"12:15:00";"CE";116;47;"PACAJUS";"Falta de Atenção à Condução";"Colisão com objeto estático";"Sem Vítimas";"Pleno dia";"Crescente";"Céu Claro";"Dupla";"Declive";"Não";2;0;0;0;1;1;0;2;-4,14746618;-38,47778184;"SPRF-CE";"DEL01-CE";"UOP02-DEL01-CE"
248241;2019-11-09;"sábado";"15:45:00";"MT";163;800,3;"VERA";"Falta de Atenção à Condução";"Colisão lateral";"Com Vítimas Feridas";"Pleno dia";"Crescente";"Céu Claro";"Simples";"Reta";"Não";7;0;3;0;3;3;3;5;-12,29014755;-55,56445233;"SPRF-MT";"DEL06-MT";"UOP01-DEL06-MT"
248256;2019-11-09;"sábado";"18:40:00";"PE";428;155,8;"PETROLINA";"Falta de Atenção à Condução";"Colisão traseira";"Com Vítimas Feridas";"Plena Noite";"Crescente";"Céu Claro";"Simples";"Reta";"Não";5;0;0;2;2;2;2;5;-9,10860107;-40,33416488;"SPRF-PE";"DEL06-PE";"UOP01-DEL06-PE"
248259;2019-11-09;"sábado";"15:00:00";"MT";70;168,6;"GENERAL CARNEIRO";"Velocidade Incompatível";"Colisão lateral";"Com Vítimas Feridas";"Pleno dia";"Decrescente";"Céu Claro";"Simples";"Reta";"Não";4;0;1;0;1;4;1;6;-15,60338391;-53,50804608;"SPRF-MT";"DEL05-MT";"UOP01-DEL05-MT"
248278;2019-11-09;"sábado";"13:00:00";"PR";277;302,5;"PRUDENTOPOLIS";"Desobediência às normas de trânsito pelo condutor";"Saída de leito carroçável";"Sem Vítimas";"Pleno dia";"Decrescente";"Sol";"Simples";"Reta";"Não";1;0;0;0;0;1;0;1;-25,30486633;-51,16090536;"SPRF-PR";"DEL03-PR";"UOP01-DEL08-PR"
248288;2019-11-09;"sábado";"19:00:00";"MT";364;189;"RONDONOPOLIS";"Ingestão de Álcool";"Colisão frontal";"Com Vítimas Feridas";"Plena Noite";"Decrescente";"Céu Claro";"Simples";"Reta";"Não";3;0;3;0;0;0;3;2;-16,55814995;-54,56173598;"SPRF-MT";"DEL02-MT";"UOP01-DEL02-MT"
248292;2019-11-09;"sábado";"14:20:00";"PA";316;72,9;"CASTANHAL";"Ultrapassagem Indevida";"Colisão frontal";"Com Vítimas Feridas";"Pleno dia";"Crescente";"Céu Claro";"Simples";"Reta";"Não";9;0;4;4;1;0;8;4;-1,28948138;-47,84845495;"SPRF-PA";"DEL01-PA";"UOP01-DEL01-PA"
248293;2019-11-09;"sábado";"16:50:00";"MT";364;17,5;"ALTO ARAGUAIA";"Falta de Atenção à Condução";"Engavetamento";"Sem Vítimas";"Pleno dia";"Decrescente";"Chuva";"Simples";"Reta";"Não";4;0;0;0;3;4;0;7;-17,22241104;-53,3245262;"SPRF-MT";"DEL02-MT";"UOP02-DEL02-MT"
248314;2019-11-09;"sábado";"18:00:00";"MG";116;717,9;"MURIAE";"Velocidade Incompatível";"Colisão frontal";"Com Vítimas Feridas";"Anoitecer";"Crescente";"Chuva";"Simples";"Curva";"Não";7;0;0;1;4;2;1;4;-21,22052105;-42,39401174;"SPRF-MG";"DEL07-MG";"UOP02-DEL07-MG"
248316;2019-11-09;"sábado";"22:50:00";"GO";153;682,7;"ITUMBIARA";"Defeito Mecânico no Veículo";"Saída de leito carroçável";"Com Vítimas Feridas";"Plena Noite";"Decrescente";"Chuva";"Dupla";"Reta";"Não";2;0;1;0;0;1;1;2;-18,2401;-49,2569;"SPRF-GO";"DEL03-GO";"UOP02-DEL03-GO"
248328;2019-11-10;"domingo";"00:15:00";"TO";153;274,8;"BRASILANDIA DO TOCANTINS";"Ingestão de Álcool";"Colisão frontal";"Com Vítimas Fatais";"Plena Noite";"Crescente";"Céu Claro";"Simples";"Reta";"Não";2;1;0;0;0;1;0;2;-8,30094997;-48,47076742;"SPRF-TO";"DEL02-TO";"UOP02-DEL02-TO"
248330;2019-11-10;"domingo";"00:00:00";"BA";116;428,5;"FEIRA DE SANTANA";"Velocidade Incompatível";"Colisão traseira";"Com Vítimas Fatais";"Plena Noite";"Decrescente";"Céu Claro";"Dupla";"Curva";"Não";2;1;0;0;1;0;0;2;-12,2878797;-39,00291476;"SPRF-BA";"DEL02-BA";"UOP01-DEL02-BA"
248356;2019-11-10;"domingo";"02:00:00";"BA";101;169;"FEIRA DE SANTANA";"Falta de Atenção à Condução";"Colisão frontal";"Com Vítimas Fatais";"Plena Noite";"Crescente";"Céu Claro";"Simples";"Reta";"Sim";2;1;0;0;1;0;0;2;-12,3561394;-38,8494648;"SPRF-BA";"DEL01-BA";"UOP03-DEL01-BA"
248357;2019-11-10;"domingo";"00:30:00";"PE";116;79,9;"CABROBO";"Animais na Pista";"Atropelamento de Animal";"Com Vítimas Feridas";"Plena Noite";"Crescente";"Céu Claro";"Simples";"Reta";"Não";1;0;1;0;0;0;1;1;-8,516788;-39,2155;"SPRF-PE";"DEL05-PE";"UOP03-DEL05-PE"
248373;2019-11-10;"domingo";"02:10:00";"PI";407;493,5;"PATOS DO PIAUI";"Falta de Atenção à Condução";"Tombamento";"Com Vítimas Feridas";"Plena Noite";"Crescente";"Céu Claro";"Simples";"Curva";"Não";1;0;1;0;0;0;1;1;-7,52497702;-41,28940191;"SPRF-PI";"DEL04-PI";"UOP01-DEL04-PI"
248384;2019-11-10;"domingo";"03:45:00";"MA";135;142,9;"MATOES DO NORTE";"Condutor Dormindo";"Colisão transversal";"Sem Vítimas";"Pleno dia";"Decrescente";"Céu Claro";"Simples";"Reta";"Não";3;0;0;0;2;1;0;2;-3,68994413;-44,52351027;"SPRF-MA";"DEL01-MA";"UOP02-DEL01-MA"
248386;2019-11-10;"domingo";"05:25:00";"GO";153;179;"CAMPINORTE";"Ingestão de Álcool";"Colisão traseira";"Sem Vítimas";"Amanhecer";"Decrescente";"Céu Claro";"Simples";"Reta";"Não";3;0;0;0;3;0;0;2;-14,335745;-49,154831;"SPRF-GO";"DEL07-GO";"UOP01-DEL07-GO"
248394;2019-11-10;"domingo";"06:50:00";"BA";116;546;"MILAGRES";"Defeito Mecânico no Veículo";"Colisão traseira";"Com Vítimas Feridas";"Pleno dia";"Decrescente";"Céu Claro";"Simples";"Declive";"Sim";3;0;1;1;1;0;2;2;-12,870737;-39,85615;"SPRF-BA";"DEL03-BA";"UOP02-DEL03-BA"
248399;2019-11-10;"domingo";"07:00:00";"MT";364;274,5;"JACIARA";"Falta de Atenção à Condução";"Tombamento";"Com Vítimas Feridas";"Pleno dia";"Crescente";"Céu Claro";"Dupla";"Reta";"Não";2;0;1;0;0;1;1;2;-15,95570165;-54,97510461;"SPRF-MT";"DEL02-MT";"UOP02-DEL05-MT"
248409;2019-11-10;"domingo";"07:50:00";"ES";101;188,1;"ARACRUZ";"Carga excessiva e/ou mal acondicionada";"Tombamento";"Com Vítimas Feridas";"Pleno dia";"Crescente";"Sol";"Simples";"Curva";"Não";2;0;1;0;0;1;1;2;-19,67569037;-40,26368893;"SPRF-ES";"DEL04-ES";"UOP01-DEL04-ES"
248410;2019-11-10;"domingo";"07:00:00";"MT";70;512,5;"VARZEA GRANDE";"Falta de Atenção à Condução";"Colisão frontal";"Com Vítimas Fatais";"Pleno dia";"Crescente";"Céu Claro";"Simples";"Reta";"Sim";4;1;1;0;1;2;1;4;-15,70171365;-56,11507416;"SPRF-MT";"DEL01-MT";"DEL2/4-UOP02/MT"
248412;2019-11-10;"domingo";"07:25:00";"MG";365;621;"UBERLANDIA";"Agressão Externa";"Atropelamento de Pedestre";"Com Vítimas Fatais";"Pleno dia";"Crescente";"Céu Claro";"Dupla";"Reta";"Sim";4;1;0;0;1;3;0;4;-18,892949;-48,271548;"SPRF-MG";"DEL15-MG";"UOP01-DEL15-MG"
248417;2019-11-10;"domingo";"09:40:00";"PE";101;3;"GOIANA";"Falta de Atenção à Condução";"Colisão traseira";"Sem Vítimas";"Pleno dia";"Decrescente";"Sol";"Dupla";"Curva";"Não";2;0;0;0;2;0;0;2;-7,52387351;-34,99333161;"SPRF-PE";"DEL01-PE";"UOP02-DEL01-PE"
248420;2019-11-10;"domingo";"10:30:00";"GO";153;209;"URUACU";"Desobediência às normas de trânsito pelo condutor";"Capotamento";"Sem Vítimas";"Pleno dia";"Crescente";"Céu Claro";"Simples";"Declive";"Não";6;0;0;0;5;1;0;3;-14,615499;-49,16959;"SPRF-GO";"DEL07-GO";"UOP01-DEL07-GO"
248424;2019-11-09;"sábado";"09:30:00";"PE";428;3;"CABROBO";"Falta de Atenção à Condução";"Colisão lateral";"Com Vítimas Feridas";"Pleno dia";"Crescente";"Sol";"Simples";"Reta";"Não";2;0;0;1;1;0;1;2;-8,53583848;-39,25093723;"SPRF-PE";"DEL05-PE";"UOP03-DEL05-PE"
248426;2019-11-10;"domingo";"07:15:00";"MT";364;135;"PEDRA PRETA";"Falta de Atenção à Condução";"Tombamento";"Com Vítimas Feridas";"Pleno dia";"Decrescente";"Nublado";"Dupla";"Aclive";"Não";2;0;1;0;0;2;1;3;-16,79345612;-54,19232458;"SPRF-MT";"DEL02-MT";"UOP01-DEL02-MT"
248429;2019-11-10;"domingo";"11:00:00";"RJ";116;105;"GUAPIMIRIM";"Falta de Atenção à Condução";"Colisão traseira";"Com Vítimas Feridas";"Pleno dia";"Decrescente";"Nublado";"Dupla";"Reta";"Não";3;0;1;0;2;0;1;2;-22,51502902;-43,00052292;"SPRF-RJ";"DEL04-RJ";"UOP02-DEL04-RJ"
248430;2019-11-10;"domingo";"11:00:00";"SC";101;384,9;"ICARA";"Falta de Atenção à Condução";"Colisão lateral";"Sem Vítimas";"Pleno dia";"Decrescente";"Nublado";"Múltipla";"Reta";"Não";2;0;0;0;2;0;0;2;-28,76851141;-49,3025538;"SPRF-SC";"DEL02-SC";"UOP02-DEL02-SC"
248431;2019-11-10;"domingo";"09:35:00";"MT";364;349;"SANTO ANTONIO DO LEVERGER";"Defeito Mecânico no Veículo";"Tombamento";"Sem Vítimas";"Pleno dia";"Crescente";"Nublado";"Dupla";"Declive";"Não";2;0;0;0;1;2;0;3;-15,80502622;-55,5546431;"SPRF-MT";"DEL02-MT";"UOP02-DEL01-MT"
248451;2019-11-10;"domingo";"13:30:00";"MG";251;351,2;"FRUTA DE LEITE";"Falta de Atenção à Condução";"Colisão transversal";"Com Vítimas Feridas";"Pleno dia";"Decrescente";"Céu Claro";"Simples";"Reta";"Não";5;0;3;0;1;1;3;3;-16,287026;-42,53906;"SPRF-MG";"DEL12-MG";"UOP01-DEL12-MG"
248457;2019-11-10;"domingo";"11:30:00";"MG";40;299,9;"TRES MARIAS";"Velocidade Incompatível";"Saída de leito carroçável";"Com Vítimas Feridas";"Pleno dia";"Crescente";"Céu Claro";"Simples";"Curva";"Não";2;0;1;0;0;2;1;3;-18,3429839;-45,09908688;"SPRF-MG";"DEL14-MG";"UOP02-DEL14-MG"
248460;2019-11-10;"domingo";"14:00:00";"BA";135;47,7;"FORMOSA DO RIO PRETO";"Falta de Atenção à Condução";"Capotamento";"Com Vítimas Feridas";"Pleno dia";"Crescente";"Sol";"Simples";"Curva;Aclive";"Não";2;0;1;0;0;2;1;3;-11,167847;-45,06716;"SPRF-BA";"DEL10-BA";"UOP01-DEL10-BA"
248472;2019-11-06;"quarta-feira";"19:15:00";"MG";262;52,1;"MANHUACU";"Velocidade Incompatível";"Tombamento";"Com Vítimas Fatais";"Plena Noite";"Decrescente";"Céu Claro";"Simples";"Curva";"Sim";5;1;0;1;1;3;1;6;-20,24685283;-42,15478501;"SPRF-MG";"DEL06-MG";"UOP03-DEL06-MG"
248473;2019-11-10;"domingo";"15:10:00";"MG";116;270,3;"TEOFILO OTONI";"Desobediência às normas de trânsito pelo pedestre";"Atropelamento de Pedestre";"Com Vítimas Feridas";"Pleno dia";"Crescente";"Céu Claro";"Simples";"Reta";"Não";3;0;1;0;0;2;1;2;-17,80244404;-41,49729915;"SPRF-MG";"DEL11-MG";"UOP01-DEL11-MG"
248477;2019-11-10;"domingo";"16:30:00";"CE";116;272,4;"JAGUARIBARA";"Falta de Atenção à Condução";"Colisão traseira";"Com Vítimas Feridas";"Pleno dia";"Decrescente";"Céu Claro";"Simples";"Reta";"Não";4;0;2;0;1;1;2;3;-5,63056797;-38,44973216;"SPRF-CE";"DEL05-CE";"UOP02-DEL05-CE"
248479;2019-11-10;"domingo";"15:00:00";"MG";153;108;"PRATA";"Ingestão de Álcool";"Saída de leito carroçável";"Sem Vítimas";"Pleno dia";"Decrescente";"Céu Claro";"Dupla";"Reta";"Sim";2;0;0;0;1;3;0;4;-19,29654087;-48,90748046;"SPRF-MG";"DEL15-MG";"UOP03-DEL15-MG"
248481;2019-11-10;"domingo";"16:20:00";"RJ";116;26;"SAPUCAIA";"Velocidade Incompatível";"Colisão frontal";"Com Vítimas Fatais";"Pleno dia";"Crescente";"Chuva";"Simples";"Curva";"Não";3;1;0;0;1;1;0;3;-22,04634998;-42,7844458;"SPRF-RJ";"DEL04-RJ";"UOP01-DEL04-RJ"
248484;2019-11-10;"domingo";"16:15:00";"MG";381;722,3;"CARMO DA CACHOEIRA";"Velocidade Incompatível";"Tombamento";"Sem Vítimas";"Pleno dia";"Decrescente";"Céu Claro";"Dupla";"Curva";"Não";1;0;0;0;1;0;0;1;-21,47729514;-45,20207819;"SPRF-MG";"DEL04-MG";"UOP02-DEL04-MG"
248517;2019-11-10;"domingo";"16:40:00";"MT";364;464;"VARZEA GRANDE";"Falta de Atenção à Condução";"Colisão frontal";"Com Vítimas Feridas";"Pleno dia";"Decrescente";"Nublado";"Simples";"Curva";"Não";3;0;2;0;0;4;2;6;-15,49417155;-56,27739364;"SPRF-MT";"DEL01-MT";"DEL2/4-UOP02/MT"
248528;2019-11-10;"domingo";"18:00:00";"PE";424;89;"GARANHUNS";"Ingestão de Álcool";"Colisão lateral";"Com Vítimas Feridas";"Plena Noite";"Decrescente";"Céu Claro";"Simples";"Curva;Aclive";"Sim";3;0;1;0;2;0;1;3;-8,89138375;-36,50571483;"SPRF-PE";"DEL03-PE";"UOP01-DEL03-PE"
248537;2019-11-10;"domingo";"15:45:00";"MG";262;160,3;"SAO DOMINGOS DO PRATA";"Velocidade Incompatível";"Colisão frontal";"Com Vítimas Fatais";"Pleno dia";"Crescente";"Sol";"Simples";"Curva";"Não";8;3;0;2;2;1;2;3;-19,962603;-42,834834;"SPRF-MG";"DEL03-MG";"UOP03-DEL03-MG"
248538;2019-11-10;"domingo";"19:00:00";"RJ";493;17;"GUAPIMIRIM";"Ultrapassagem Indevida";"Colisão transversal";"Com Vítimas Fatais";"Plena Noite";"Crescente";"Nublado";"Simples";"Reta";"Sim";3;1;1;0;1;0;1;2;-22,66791406;-43,00902598;"SPRF-RJ";"DEL04-RJ";"UOP02-DEL04-RJ"
248547;2019-11-10;"domingo";"19:45:00";"SC";101;202;"SAO JOSE";"Falta de Atenção à Condução";"Colisão lateral";"Com Vítimas Feridas";"Plena Noite";"Crescente";"Chuva";"Dupla";"Reta";"Sim";4;0;2;0;1;1;2;3;-27,55711595;-48,61897889;"SPRF-SC";"DEL01-SC";"UOP01-DEL01-SC"
248614;2019-11-10;"domingo";"17:00:00";"MG";251;466;"GRAO MOGOL";"Falta de Atenção do Pedestre";"Atropelamento de Pedestre";"Com Vítimas Feridas";"Pleno dia";"Crescente";"Céu Claro";"Simples";"Reta";"Não";2;0;0;1;1;0;1;2;-16,46570401;-43,40647397;"SPRF-MG";"DEL12-MG";"UOP01-DEL12-MG"
248624;2019-11-10;"domingo";"15:45:00";"MT";70;682;"CACERES";"Pista Escorregadia";"Colisão lateral";"Com Vítimas Feridas";"Pleno dia";"Crescente";"Chuva";"Simples";"Reta";"Não";3;0;0;1;2;0;1;2;-16,13398004;-57,32430597;"SPRF-MT";"DEL03-MT";"UOP02-DEL03-MT"
248655;2019-11-10;"domingo";"21:40:00";"PR";116;49;"CAMPINA GRANDE DO SUL";"Falta de Atenção à Condução";"Colisão transversal";"Com Vítimas Feridas";"Plena Noite";"Crescente";"Chuva";"Dupla";"Reta";"Não";3;0;0;2;1;0;2;2;-25,22582814;-48,90686554;"SPRF-PR";"DEL01-PR";"UOP02-DEL01-PR"
248665;2019-08-16;"sexta-feira";"02:50:00";"SP";116;22,6;"LAVRINHAS";"Condutor Dormindo";"Colisão traseira";"Com Vítimas Fatais";"Plena Noite";"Decrescente";"Céu Claro";"Dupla";"Reta";"Não";3;1;0;0;1;2;0;4;-22,58368521;-44,87772952;"SPRF-SP";"DEL08-SP";"UOP02-DEL08-SP"
248676;2019-11-10;"domingo";"21:00:00";"BA";110;28;"PAULO AFONSO";"Defeito Mecânico no Veículo";"Incêndio";"Sem Vítimas";"Plena Noite";"Decrescente";"Céu Claro";"Simples";"Reta";"Não";1;0;0;0;1;0;0;1;-9,70131904;-38,22913081;"SPRF-BA";"DEL07-BA";"UOP01-DEL07-BA"
248687;2019-11-11;"segunda-feira";"06:05:00";"SP";116;284;"ITAPECERICA DA SERRA";"Desobediência às normas de trânsito pelo condutor";"Colisão traseira";"Com Vítimas Feridas";"Pleno dia";"Decrescente";"Garoa/Chuvisco";"Dupla";"Reta";"Sim";3;0;1;0;1;1;1;3;-23,69998;-46,867767;"SPRF-SP";"DEL04-SP";"UOP01-DEL04-SP"
248692;2019-11-11;"segunda-feira";"06:50:00";"SC";101;208;"SAO JOSE";"Falta de Atenção à Condução";"Colisão lateral";"Com Vítimas Feridas";"Pleno dia";"Decrescente";"Garoa/Chuvisco";"Múltipla";"Reta";"Não";2;0;1;0;1;0;1;2;-27,60327979;-48,63201818;"SPRF-SC";"DEL01-SC";"UOP01-DEL01-SC"