"id";"data_inversa";"dia_semana";"horario";"uf";"br";"km";"municipio";"causa_acidente";"tipo_acidente";"classificacao_acidente";"fase_dia";"sentido_via";"condicao_metereologica";"tipo_pista";"tracado_via";"uso_solo";"pessoas";"mortos";"feridos_leves";"feridos_graves";"ilesos";"ignorados";"feridos";"veiculos";"latitude";"longitude";"regional";"delegacia";"uop"
249011;2019-11-12;"terça-feira";"09:30:00";"MA";10;280;"IMPERATRIZ";"Não guardar distância de segurança";"Colisão traseira";"Com Vítimas Feridas";"Pleno dia";"Decrescente";"Céu Claro";"Simples";"Aclive";"Não";4;0;1;0;1;2;1;4;-5,28320817;-47,50288725;"SPRF-MA";"DEL04-MA";"UOP01-DEL04-MA"
249013;2019-11-12;"terça-feira";"15:00:00";"CE";116;141,6;"PALHANO";"Condutor Dormindo";"Colisão com objeto estático";"Com Vítimas Fatais";"Pleno dia";"Decrescente";"Céu Claro";"Simples";"Ponte";"Não";1;1;0;0;0;0;0;1;-4,7660178;-38,05603378;"SPRF-CE";"DEL03-CE";"UOP01-DEL03-CE"
249016;2019-11-12;"terça-feira";"15:00:00";"PE";232;8;"RECIFE";"Falta de Atenção à Condução";"Colisão traseira";"Com Vítimas Feridas";"Pleno dia";"Decrescente";"Céu Claro";"Dupla";"Reta;Desvio Temporário";"Sim";2;0;1;0;1;0;1;2;-8,07675;-34,972439;"SPRF-PE";"DEL01-PE";"UOP01-DEL01-PE"
249020;2019-11-12;"terça-feira";"13:00:00";"MT";163;98;"RONDONOPOLIS";"Falta de Atenção à Condução";"Capotamento";"Com Vítimas Feridas";"Pleno dia";"Decrescente";"Céu Claro";"Dupla";"Reta";"Não";2;0;1;0;0;1;1;2;-16,67672025;-54,67299848;"SPRF-MT";"DEL02-MT";"DEL2/2-UOP02/MT"
249025;2019-11-12;"terça-feira";"15:40:00";"BA";324;588,9;"CANDEIAS";"Ingestão de Álcool";"Colisão lateral";"Com Vítimas Feridas";"Pleno dia";"Decrescente";"Céu Claro";"Dupla";"Reta";"Sim";2;0;1;0;0;1;1;2;-12,6556679;-38,47271864;"SPRF-BA";"DEL01-BA";"UOP01-DEL01-BA"
249033;2019-11-12;"terça-feira";"15:40:00";"RS";290;172;"BUTIA";"Falta de Atenção à Condução";"Colisão frontal";"Com Vítimas Feridas";"Pleno dia";"Crescente";"Céu Claro";"Simples";"Reta";"Sim";2;0;0;1;1;0;1;2;-30,126518;-51,930946;"SPRF-RS";"DEL02-RS";"UOP02-DEL02-RS"
249034;2019-11-12;"terça-feira";"12:20:00";"SC";282;87;"ALFREDO WAGNER";"Velocidade Incompatível";"Queda de ocupante de veículo";"Com Vítimas Feridas";"Pleno dia";"Decrescente";"Nublado";"Simples";"Curva";"Não";3;0;1;0;1;1;1;3;-27,664766;-49,20578;"SPRF-SC";"DEL01-SC";"UOP03-DEL01-SC"
249036;2019-11-12;"terça-feira";"15:00:00";"MG";365;587;"ARAGUARI";"Falta de Atenção à Condução";"Colisão frontal";"Com Vítimas Fatais";"Pleno dia";"Decrescente";"Garoa/Chuvisco";"Simples";"Reta";"Não";4;1;0;1;1;2;1;4;-18,86632;-48,00401;"SPRF-MG";"DEL15-MG";"UOP02-DEL15-MG"
249037;2019-11-12;"terça-feira";"16:15:00";"MG";381;879,5;"ESTIVA";"Falta de Atenção à Condução";"Colisão traseira";"Com Vítimas Feridas";"Pleno dia";"Decrescente";"Nublado";"Dupla";"Reta;Declive";"Não";3;0;1;0;1;1;1;3;-22,45435666;-46,00505865;"SPRF-MG";"DEL16-MG";"UOP01-DEL16-MG"
249056;2019-11-12;"terça-feira";"16:15:00";"SP";381;81,1;"SAO PAULO";"Carga excessiva e/ou mal acondicionada";"Colisão com objeto em movimento";"Com Vítimas Feridas";"Pleno dia";"Decrescente";"Nublado";"Múltipla";"Reta";"Não";3;0;0;1;1;1;1;2;-23,41704481;-46,58022057;"SPRF-SP";"DEL03-SP";"UOP01-DEL03-SP"
249060;2019-11-12;"terça-feira";"18:05:00";"PR";277;349,6;"GUARAPUAVA";"Velocidade Incompatível";"Colisão transversal";"Com Vítimas Feridas";"Pleno dia";"Crescente";"Céu Claro";"Simples";"Declive;Reta";"Não";2;0;0;1;1;0;1;2;-25,33928412;-51,42880296;"SPRF-PR";"DEL03-PR";"UOP01-DEL08-PR"
249072;2019-11-12;"terça-feira";"19:45:00";"PR";369;164;"CAMBE";"Velocidade Incompatível";"Queda de ocupante de veículo";"Com Vítimas Fatais";"Plena Noite";"Crescente";"Céu Claro";"Dupla";"Reta";"Não";5;1;0;0;1;3;0;5;-23,29511713;-51,28991425;"SPRF-PR";"DEL07-PR";"UOP01-DEL07-PR"
249077;2019-11-12;"terça-feira";"16:35:00";"PR";277;345,6;"GUARAPUAVA";"Desobediência às normas de trânsito pelo condutor";"Colisão transversal";"Com Vítimas Feridas";"Pleno dia";"Decrescente";"Sol";"Simples";"Reta";"Sim";4;0;2;0;2;0;2;3;-25,33928412;-51,42880296;"SPRF-PR";"DEL03-PR";"UOP01-DEL08-PR"
249079;2019-11-12;"terça-feira";"19:45:00";"ES";101;348,2;"ANCHIETA";"Condutor Dormindo";"Colisão lateral";"Com Vítimas Feridas";"Plena Noite";"Crescente";"Chuva";"Simples";"Reta";"Não";2;0;1;0;1;0;1;2;-20,65106201;-40,635267;"SPRF-ES";"DEL03-ES";"UOP01-DEL03-ES"
249082;2019-11-04;"segunda-feira";"19:40:00";"MT";174;152,9;"GLORIA DOESTE";"Animais na Pista";"Atropelamento de Animal";"Com Vítimas Fatais";"Plena Noite";"Decrescente";"Céu Claro";"Simples";"Aclive";"Não";3;1;0;0;2;0;0;3;-15,81279704;-58,33351851;"SPRF-MT";"DEL03-MT";"UOP01-DEL03-MT"
249084;2019-11-12;"terça-feira";"14:30:00";"MT";174;566,3;"COMODORO";"Carga excessiva e/ou mal acondicionada";"Tombamento";"Com Vítimas Feridas";"Pleno dia";"Decrescente";"Céu Claro";"Simples";"Curva";"Não";3;0;1;0;1;1;1;3;-13,03264413;-59,91416812;"SPRF-RO";"DEL04-RO";"UOP01-DEL04-RO"
249086;2019-11-12;"terça-feira";"19:50:00";"GO";364;174,9;"JATAI";"Condutor Dormindo";"Saída de leito carroçável";"Com Vítimas Feridas";"Plena Noite";"Crescente";"Nublado";"Simples";"Reta";"Não";2;0;2;0;0;0;2;1;-17,98702443;-51,58273637;"SPRF-GO";"DEL05-GO";"UOP01-DEL05-GO"
249090;2019-11-12;"terça-feira";"21:20:00";"SP";116;357;"MIRACATU";"Velocidade Incompatível";"Colisão traseira";"Com Vítimas Feridas";"Plena Noite";"Crescente";"Chuva";"Dupla";"Declive;Reta";"Não";5;0;2;0;2;1;2;3;-24,09928253;-47,25803375;"SPRF-SP";"DEL04-SP";"UOP03-DEL04-SP"
249092;2019-11-12;"terça-feira";"19:00:00";"RO";364;422;"JARU";"Ultrapassagem Indevida";"Saída de leito carroçável";"Sem Vítimas";"Plena Noite";"Crescente";"Céu Claro";"Simples";"Reta";"Não";1;0;0;0;1;0;0;1;-10,4597532;-62,4558043;"SPRF-RO";"DEL03-RO";"UOP02-DEL03-RO"
249094;2019-11-12;"terça-feira";"20:40:00";"PR";376;126,8;"ALTO PARANA";"Animais na Pista";"Colisão com objeto estático";"Com Vítimas Feridas";"Plena Noite";"Decrescente";"Nublado";"Dupla";"Reta;Aclive";"Não";2;0;1;0;1;0;1;2;-23,15542233;-52,26667625;"SPRF-PR";"DEL07-PR";"UOP02-DEL09-PR"
249095;2019-11-12;"terça-feira";"21:30:00";"AL";101;138,7;"SAO MIGUEL DOS CAMPOS";"Falta de Atenção à Condução";"Colisão transversal";"Com Vítimas Feridas";"Plena Noite";"Crescente";"Céu Claro";"Simples";"Reta";"Sim";2;0;1;0;1;0;1;2;-9,80975158;-36,11701903;"SPRF-AL";"DEL02-AL";"UOP01-DEL02-AL"
249099;2019-11-12;"terça-feira";"17:30:00";"RS";392;63,1;"PELOTAS";"Mal Súbito";"Colisão frontal";"Com Vítimas Feridas";"Pleno dia";"Crescente";"Céu Claro";"Simples";"Reta";"Sim";3;0;1;0;1;1;1;3;-31,77187582;-52,36310125;"SPRF-RS";"DEL07-RS";"UOP01-DEL07-RS"
249104;2019-11-12;"terça-feira";"18:50:00";"MG";381;862;"POUSO ALEGRE";"Mal Súbito";"Colisão traseira";"Com Vítimas Fatais";"Anoitecer";"Decrescente";"Nublado";"Dupla";"Curva";"Não";3;1;0;0;1;2;0;4;-22,33309148;-45,92008641;"SPRF-MG";"DEL16-MG";"UOP01-DEL16-MG"
249107;2019-11-12;"terça-feira";"23:10:00";"RJ";101;310;"SAO GONCALO";"Pista Escorregadia";"Colisão traseira";"Sem Vítimas";"Plena Noite";"Crescente";"Garoa/Chuvisco";"Dupla";"Reta";"Sim";2;0;0;0;2;0;0;2;-22,79717023;-43,04404993;"SPRF-RJ";"DEL02-RJ";"UOP02-DEL02-RJ"
249113;2019-11-12;"terça-feira";"16:30:00";"GO";153;499,5;"GOIANIA";"Não guardar distância de segurança";"Colisão lateral";"Com Vítimas Feridas";"Anoitecer";"Crescente";"Nublado";"Dupla";"Reta";"Sim";5;0;2;0;2;1;2;4;-16,6854;-49,2338;"SPRF-GO";"DEL01-GO";"UOP01-DEL01-GO"
249118;2019-11-13;"quarta-feira";"03:05:00";"SC";280;125,8;"RIO NEGRINHO";"Falta de Atenção à Condução";"Colisão traseira";"Com Vítimas Feridas";"Plena Noite";"Decrescente";"Céu Claro";"Simples";"Reta";"Não";2;0;0;1;1;0;1;2;-26,23763684;-49,48434497;"SPRF-SC";"DEL06-SC";"UOP03-DEL06-SC"
249119;2019-11-13;"quarta-feira";"02:55:00";"GO";40;136,7;"CRISTALINA";"Defeito Mecânico no Veículo";"Tombamento";"Sem Vítimas";"Plena Noite";"Crescente";"Céu Claro";"Simples";"Ponte;Reta";"Não";2;0;0;0;1;2;0;3;-16,94909697;-47,30781555;"SPRF-DF";"DEL01-DF";"UOP02-DEL01-DF"
249122;2019-11-13;"quarta-feira";"03:30:00";"MG";381;765,2;"CAMPANHA";"Carga excessiva e/ou mal acondicionada";"Derramamento de carga";"Sem Vítimas";"Plena Noite";"Decrescente";"Céu Claro";"Dupla";"Declive;Curva";"Não";1;0;0;0;1;0;0;1;-21,73328197;-45,38188923;"SPRF-MG";"DEL16-MG";"UOP02-DEL16-MG"
249132;2019-11-13;"quarta-feira";"02:40:00";"MG";262;700;"ARAXA";"Falta de Atenção à Condução";"Colisão frontal";"Com Vítimas Feridas";"Plena Noite";"Crescente";"Nublado";"Simples";"Curva";"Não";3;0;1;0;1;1;1;3;-19,57719232;-47,05666758;"SPRF-MG";"DEL08-MG";"UOP01-DEL08-MG"
249137;2019-11-12;"terça-feira";"17:10:00";"PR";153;136;"VENTANIA";"Velocidade Incompatível";"Tombamento";"Com Vítimas Feridas";"Pleno dia";"Crescente";"Céu Claro";"Simples";"Curva";"Não";2;0;1;0;0;2;1;3;-24,04805819;-50,24742694;"SPRF-PR";"DEL07-PR";"UOP04-DEL07-PR"
249144;2019-10-07;"segunda-feira";"18:30:00";"SC";282;402,6;"JOACABA";"Velocidade Incompatível";"Tombamento";"Com Vítimas Feridas";"Anoitecer";"Crescente";"Céu Claro";"Simples";"Curva";"Não";2;0;1;0;0;1;1;2;-27,115656;-51,631065;"SPRF-SC";"DEL07-SC";"UOP05-DEL07-SC"
249148;2019-11-13;"quarta-feira";"07:30:00";"DF";60;0,4;"BRASILIA";"Defeito Mecânico no Veículo";"Colisão traseira";"Com Vítimas Feridas";"Pleno dia";"Decrescente";"Céu Claro";"Dupla";"Reta";"Sim";4;0;1;1;1;1;2;3;-15,882499;-48,060212;"SPRF-DF";"DEL01-DF";"UOP01-DEL03-DF"
249160;2019-11-13;"quarta-feira";"08:10:00";"RJ";101;65,5;"CAMPOS DOS GOYTACAZES";"Falta de Atenção à Condução";"Colisão traseira";"Sem Vítimas";"Pleno dia";"Crescente";"Nublado";"Simples";"Reta";"Sim";4;0;0;0;3;2;0;4;-21,75371806;-41,344292;"SPRF-RJ";"DEL08-RJ";"UOP02-DEL08-RJ"
249163;2019-11-13;"quarta-feira";"09:00:00";"GO";153;501,8;"GOIANIA";"Falta de Atenção à Condução";"Colisão traseira";"Com Vítimas Feridas";"Pleno dia";"Crescente";"Sol";"Dupla";"Reta";"Sim";2;0;0;1;0;1;1;2;-16,7189;-49,2382;"SPRF-GO";"DEL01-GO";"UOP01-DEL01-GO"
249170;2019-11-13;"quarta-feira";"10:40:00";"SC";101;186;"BIGUACU";"Defeito Mecânico no Veículo";"Colisão com objeto estático";"Com Vítimas Feridas";"Pleno dia";"Crescente";"Nublado";"Dupla";"Curva";"Sim";4;0;3;0;1;0;3;2;-27,4341098;-48,62567129;"SPRF-SC";"DEL01-SC";"UOP01-DEL01-SC"
249174;2019-11-13;"quarta-feira";"07:45:00";"MT";70;44;"BARRA DO GARCAS";"Defeito na Via";"Tombamento";"Sem Vítimas";"Pleno dia";"Decrescente";"Nublado";"Simples";"Declive;Reta";"Não";3;0;0;0;2;3;0;4;-15,75646817;-52,59058616;"SPRF-MT";"DEL07-MT";"UOP01-DEL07-MT"
249176;2019-11-13;"quarta-feira";"09:50:00";"MT";70;522;"VARZEA GRANDE";"Falta de Atenção à Condução";"Engavetamento";"Com Vítimas Feridas";"Pleno dia";"Decrescente";"Nublado";"Simples";"Reta";"Não";5;0;1;0;3;4;1;7;-15,67805088;-56,17594006;"SPRF-MT";"DEL01-MT";"DEL2/4-UOP02/MT"
249177;2019-11-13;"quarta-feira";"11:10:00";"MG";365;480,2;"PATROCINIO";"Ultrapassagem Indevida";"Colisão frontal";"Com Vítimas Fatais";"Pleno dia";"Crescente";"Nublado";"Simples";"Reta";"Não";5;1;0;1;1;2;1;4;-18,89211322;-47,06972105;"SPRF-MG";"DEL10-MG";"UOP01-DEL10-MG"
249185;2019-11-13;"quarta-feira";"10:50:00";"PR";277;110;"CAMPO LARGO";"Falta de Atenção à Condução";"Colisão lateral";"Com Vítimas Feridas";"Pleno dia";"Crescente";"Céu Claro";"Dupla";"Retorno Regulamentado";"Sim";2;0;0;1;1;0;1;2;-25,46993375;-49,59782124;"SPRF-PR";"DEL01-PR";"UOP06-DEL01-PR"
249186;2019-11-13;"quarta-feira";"08:00:00";"MG";146;601;"POCOS DE CALDAS";"Defeito Mecânico no Veículo";"Colisão lateral";"Com Vítimas Feridas";"Pleno dia";"Decrescente";"Nublado";"Simples";"Curva";"Não";2;0;0;1;1;0;1;2;-21,77667492;-46,43301213;"SPRF-MG";"DEL16-MG";"UOP01-DEL09-MG"
249195;2019-10-24;"quinta-feira";"19:14:00";"SP";116;212,3;"GUARULHOS";"Falta de Atenção à Condução";"Colisão lateral";"Com Vítimas Feridas";"Plena Noite";"Crescente";"Nublado";"Múltipla";"Reta";"Sim";10;0;1;0;9;0;1;4;-23,43608315;-46,42805094;"SPRF-SP";"DEL01-SP";"UOP01-DEL01-SP"
249196;2019-11-13;"quarta-feira";"10:40:00";"RJ";393;151;"TRES RIOS";"Falta de Atenção à Condução";"Tombamento";"Com Vítimas Feridas";"Pleno dia";"Crescente";"Nublado";"Simples";"Curva";"Não";2;0;1;0;0;1;1;2;-22,06019504;-43,02885795;"SPRF-RJ";"DEL06-RJ";"UOP01-DEL05-RJ"
249197;2019-11-13;"quarta-feira";"08:50:00";"RJ";393;123;"SAPUCAIA";"Velocidade Incompatível";"Tombamento";"Sem Vítimas";"Pleno dia";"Decrescente";"Céu Claro";"Simples";"Curva";"Não";2;0;0;0;1;1;0;2;-21,94047257;-42,81407216;"SPRF-RJ";"DEL06-RJ";"UOP01-DEL05-RJ"
249204;2019-11-13;"quarta-feira";"13:45:00";"SE";101;186,6;"UMBAUBA";"Desobediência às normas de trânsito pelo condutor";"Colisão frontal";"Com Vítimas Fatais";"Pleno dia";"Decrescente";"Sol";"Simples";"Reta;Declive";"Não";4;1;1;0;1;2;1;4;-11,39982531;-37,6833868;"SPRF-SE";"DEL02-SE";"UOP03-DEL02-SE"
249206;2019-11-13;"quarta-feira";"12:40:00";"PR";277;219,5;"TEIXEIRA SOARES";"Falta de Atenção à Condução";"Saída de leito carroçável";"Com Vítimas Feridas";"Pleno dia";"Decrescente";"Sol";"Simples";"Reta";"Não";2;0;1;0;0;2;1;3;-25,45284139;-50,4493475;"SPRF-PR";"DEL03-PR";"UOP02-DEL08-PR"
249209;2019-10-04;"sexta-feira";"19:30:00";"MG";50;119,1;"UBERABA";"Falta de Atenção à Condução";"Colisão traseira";"Com Vítimas Feridas";"Plena Noite";"Decrescente";"Céu Claro";"Dupla";"Reta";"Não";3;0;0;1;1;2;1;4;-19,29969201;-48,11376802;"SPRF-MG";"DEL13-MG";"UOP01-DEL13-MG"
249210;2019-11-13;"quarta-feira";"13:40:00";"TO";242;430,3;"FORMOSO DO ARAGUAIA";"Defeito Mecânico no Veículo";"Capotamento";"Com Vítimas Feridas";"Pleno dia";"Crescente";"Céu Claro";"Simples";"Reta";"Não";2;0;0;1;1;0;1;1;-11,89032445;-49,35026109;"SPRF-TO";"DEL02-TO";"UOP02-DEL01-TO"
249212;2019-11-13;"quarta-feira";"14:00:00";"MG";251;513,7;"MONTES CLAROS";"Falta de Atenção à Condução";"Colisão com objeto estático";"Sem Vítimas";"Pleno dia";"Decrescente";"Céu Claro";"Simples";"Rotatória";"Sim";2;0;0;0;1;2;0;3;-16,6575132;-43,72704597;"SPRF-MG";"DEL12-MG";"UOP01-DEL12-MG"
249213;2019-11-13;"quarta-feira";"14:05:00";"RJ";356;35;"ITAPERUNA";"Falta de Atenção à Condução";"Colisão traseira";"Com Vítimas Feridas";"Pleno dia";"Crescente";"Nublado";"Simples";"Reta";"Sim";5;0;1;0;2;2;1;4;-21,21130024;-41,8848634;"SPRF-RJ";"DEL08-RJ";"UOP03-DEL08-RJ"
249218;2019-11-13;"quarta-feira";"13:15:00";"AM";174;931;"MANAUS";"Avarias e/ou desgaste excessivo no pneu";"Colisão frontal";"Com Vítimas Feridas";"Pleno dia";"Decrescente";"Chuva";"Simples";"Curva;Declive";"Não";6;0;3;1;2;0;4;2;-2,56550293;-60,0269448;"SPRF-AM";"DEL01-AM";"UOP01-DEL01-AM"
249222;2019-11-13;"quarta-feira";"15:20:00";"CE";116;1;"FORTALEZA";"Falta de Atenção à Condução";"Colisão com objeto estático";"Sem Vítimas";"Pleno dia";"Crescente";"Céu Claro";"Dupla";"Curva";"Sim";2;0;0;0;1;1;0;2;-3,76159894;-38,51900662;"SPRF-CE";"DEL01-CE";"UOP02-DEL01-CE"
249223;2019-11-13;"quarta-feira";"15:40:00";"PR";376;56;"LOANDA";"Desobediência às normas de trânsito pelo condutor";"Colisão lateral";"Com Vítimas Fatais";"Pleno dia";"Decrescente";"Nublado";"Dupla";"Reta";"Não";3;1;1;0;0;3;1;5;-22,923017;-52,868316;"SPRF-PR";"DEL07-PR";"UOP02-DEL09-PR"
249230;2019-11-13;"quarta-feira";"13:00:00";"RJ";116;96;"GUAPIMIRIM";"Defeito Mecânico no Veículo";"Tombamento";"Com Vítimas Feridas";"Pleno dia";"Crescente";"Nublado";"Simples";"Curva";"Não";2;0;2;0;0;0;2;1;-22,48025217;-42,99744482;"SPRF-RJ";"DEL04-RJ";"UOP02-DEL04-RJ"
249232;2019-11-13;"quarta-feira";"14:30:00";"RJ";40;82;"PETROPOLIS";"Ingestão de Álcool";"Colisão lateral";"Sem Vítimas";"Pleno dia";"Decrescente";"Nublado";"Simples";"Aclive;Curva";"Sim";3;0;0;0;2;1;0;3;-22,53375968;-43,21961939;"SPRF-RJ";"DEL06-RJ";"UOP01-DEL06-RJ"
249233;2019-11-13;"quarta-feira";"13:00:00";"MS";158;140,3;"APARECIDA DO TABOADO";"Falta de Atenção à Condução";"Colisão lateral";"Sem Vítimas";"Pleno dia";"Decrescente";"Nublado";"Simples";"Curva";"Não";3;0;0;0;2;5;0;7;-20,03489795;-51,1155068;"SPRF-MS";"DEL08-MS";"UOP01-DEL08-MS"
249235;2019-11-13;"quarta-feira";"15:10:00";"SC";101;110;"PENHA";"Não guardar distância de segurança";"Colisão lateral";"Com Vítimas Feridas";"Pleno dia";"Crescente";"Chuva";"Múltipla";"Curva";"Não";4;0;2;0;2;0;2;3;-26,83477;-48,706151;"SPRF-SC";"DEL03-SC";"UOP02-DEL03-SC"
249236;2019-11-13;"quarta-feira";"14:30:00";"MS";158;53;"PARANAIBA";"Falta de Atenção à Condução";"Tombamento";"Sem Vítimas";"Pleno dia";"Crescente";"Nublado";"Simples";"Aclive";"Não";2;0;0;0;1;3;0;4;-19,39480843;-51,41999732;"SPRF-MS";"DEL08-MS";"UOP01-DEL08-MS"
249253;2019-11-13;"quarta-feira";"17:58:00";"TO";153;243,1;"COLINAS DO TOCANTINS";"Ultrapassagem Indevida";"Colisão frontal";"Com Vítimas Fatais";"Pleno dia";"Crescente";"Nublado";"Simples";"Aclive";"Não";3;1;1;0;0;1;1;3;-8,02092701;-48,46548085;"SPRF-TO";"DEL02-TO";"UOP01-DEL02-TO"
249259;2019-11-13;"quarta-feira";"16:50:00";"ES";262;32;"DOMINGOS MARTINS";"Falta de Atenção à Condução";"Colisão com objeto estático";"Sem Vítimas";"Anoitecer";"Decrescente";"Chuva";"Dupla";"Reta";"Não";2;0;0;0;1;1;0;2;-20,37885575;-40,577728;"SPRF-ES";"DEL01-ES";"UOP01-DEL01-ES"
249261;2019-11-13;"quarta-feira";"17:30:00";"MT";364;203;"RONDONOPOLIS";"Falta de Atenção à Condução";"Colisão transversal";"Com Vítimas Feridas";"Anoitecer";"Decrescente";"Nublado";"Dupla";"Reta";"Sim";2;0;1;0;0;1;1;2;-16,47555256;-54,65344724;"SPRF-MT";"DEL02-MT";"UOP01-DEL02-MT"
249267;2019-11-13;"quarta-feira";"18:10:00";"RJ";40;122;"DUQUE DE CAXIAS";"Desobediência às normas de trânsito pelo condutor";"Colisão lateral";"Com Vítimas Feridas";"Anoitecer";"Decrescente";"Céu Claro";"Múltipla";"Reta";"Sim";4;0;2;0;2;0;2;3;-22,79083113;-43,28611569;"SPRF-RJ";"DEL01-RJ";"UOP01-DEL01-RJ"
249270;2019-10-15;"terça-feira";"11:30:00";"MG";153;5;"ARAPORA";"Defeito Mecânico no Veículo";"Incêndio";"Com Vítimas Feridas";"Pleno dia";"Crescente";"Céu Claro";"Dupla";"Reta";"Não";1;0;1;0;0;0;1;1;-18,46041004;-49,1880633;"SPRF-MG";"DEL15-MG";"UOP03-DEL15-MG"
249271;2019-11-13;"quarta-feira";"18:00:00";"SC";153;99,8;"CONCORDIA";"Falta de Atenção à Condução";"Colisão traseira";"Com Vítimas Feridas";"Anoitecer";"Decrescente";"Garoa/Chuvisco";"Simples";"Reta";"Não";4;0;3;0;1;0;3;2;-27,235508;-51,951069;"SPRF-SC";"DEL07-SC";"UOP04-DEL07-SC"
249281;2019-11-13;"quarta-feira";"17:40:00";"RJ";116;241;"PIRAI";"Falta de Atenção à Condução";"Colisão com objeto estático";"Sem Vítimas";"Plena Noite";"Crescente";"Céu Claro";"Dupla";"Reta";"Não";2;0;0;0;1;1;0;2;-22,64242197;-43,89766093;"SPRF-RJ";"DEL07-RJ";"UOP01-DEL07-RJ"
249288;2019-11-13;"quarta-feira";"20:05:00";"SC";101;333,1;"TUBARAO";"Falta de Atenção à Condução";"Colisão transversal";"Com Vítimas Feridas";"Plena Noite";"Decrescente";"Céu Claro";"Dupla";"Reta";"Sim";4;0;1;1;1;1;2;3;-28,46796765;-49,00984079;"SPRF-SC";"DEL02-SC";"UOP01-DEL02-SC"
249292;2019-11-13;"quarta-feira";"18:40:00";"MA";10;129;"ESTREITO";"Carga excessiva e/ou mal acondicionada";"Tombamento";"Com Vítimas Feridas";"Anoitecer";"Decrescente";"Céu Claro";"Simples";"Reta";"Sim";1;0;1;0;0;0;1;1;-6,557551;-47,448788;"SPRF-MA";"DEL04-MA";"UOP02-DEL04-MA"
249293;2019-11-13;"quarta-feira";"21:40:00";"PB";101;122;"CAAPORA";"Condutor Dormindo";"Colisão traseira";"Com Vítimas Feridas";"Plena Noite";"Decrescente";"Céu Claro";"Múltipla";"Aclive;Retorno Regulamentado;Reta";"Não";4;0;1;0;2;2;1;4;-7,45038197;-34,97994215;"SPRF-PB";"DEL01-PB";"UOP01-DEL01-PB"
249295;2019-11-13;"quarta-feira";"19:30:00";"MT";364;1173;"CAMPOS DE JULIO";"Objeto estático sobre o leito carroçável";"Colisão traseira";"Com Vítimas Feridas";"Anoitecer";"Crescente";"Céu Claro";"Simples";"Reta";"Não";6;0;1;0;3;6;1;9;-13,64718268;-59,14746627;"SPRF-MT";"DEL04-MT";"UOP01-DEL04-MT"
249298;2019-11-13;"quarta-feira";"22:05:00";"SC";470;52,7;"BLUMENAU";"Falta de Atenção à Condução";"Colisão transversal";"Com Vítimas Feridas";"Plena Noite";"Crescente";"Chuva";"Simples";"Rotatória";"Sim";2;0;0;1;1;0;1;2;-26,86508954;-49,09937024;"SPRF-SC";"DEL04-SC";"UOP01-DEL04-SC"
249299;2019-11-12;"terça-feira";"21:00:00";"PA";163;441;"ITAITUBA";"Velocidade Incompatível";"Tombamento";"Com Vítimas Feridas";"Plena Noite";"Crescente";"Ignorado";"Simples";"Declive;Curva";"Não";3;0;1;0;1;5;1;7;-5,99437298;-55,69143746;"SPRF-PA";"DEL05-PA";"UOP01-DEL05-PA"
249302;2019-11-13;"quarta-feira";"22:45:00";"PR";116;26;"CAMPINA GRANDE DO SUL";"Falta de Atenção à Condução";"Tombamento";"Com Vítimas Feridas";"Plena Noite";"Crescente";"Garoa/Chuvisco";"Dupla";"Reta";"Não";2;0;1;0;1;0;1;1;-25,10683694;-48,785333;"SPRF-PR";"DEL01-PR";"UOP02-DEL01-PR"
249304;2019-11-13;"quarta-feira";"21:20:00";"BA";116;906,8;"CANDIDO SALES";"Defeito Mecânico no Veículo";"Incêndio";"Sem Vítimas";"Plena Noite";"Crescente";"Céu Claro";"Simples";"Reta";"Não";2;0;0;0;1;1;0;2;-15,40449212;-41,20958671;"SPRF-BA";"DEL08-BA";"UOP03-DEL08-BA"
249310;2019-11-14;"quinta-feira";"00:15:00";"RJ";40;102;"DUQUE DE CAXIAS";"Velocidade Incompatível";"Colisão lateral";"Sem Vítimas";"Plena Noite";"Decrescente";"Céu Claro";"Simples";"Reta";"Não";3;0;0;0;3;0;0;3;-22,61089297;-43,28656077;"SPRF-RJ";"DEL01-RJ";"UOP01-DEL01-RJ"
249313;2019-11-13;"quarta-feira";"17:30:00";"MG";381;704,3;"LAVRAS";"Velocidade Incompatível";"Tombamento";"Com Vítimas Feridas";"Pleno dia";"Crescente";"Nublado";"Dupla";"Curva";"Não";2;0;1;0;0;1;1;2;-21,31139634;-45,16413342;"SPRF-MG";"DEL04-MG";"UOP02-DEL04-MG"
249314;2019-11-14;"quinta-feira";"03:00:00";"MS";262;229,8;"RIBAS DO RIO PARDO";"Defeito Mecânico no Veículo";"Incêndio";"Sem Vítimas";"Plena Noite";"Decrescente";"Nublado";"Simples";"Reta";"Não";2;0;0;0;1;1;0;2;-20,4723977;-53,66251193;"SPRF-MS";"DEL07-MS";"UOP02-DEL07-MS"
249316;2019-11-14;"quinta-feira";"02:30:00";"SC";470;183,1;"POUSO REDONDO";"Falta de Atenção à Condução";"Colisão lateral";"Sem Vítimas";"Plena Noite";"Decrescente";"Chuva";"Simples";"Reta";"Não";2;0;0;0;2;0;0;2;-27,251547;-50,016747;"SPRF-SC";"DEL04-SC";"UOP02-DEL04-SC"
249317;2019-11-14;"quinta-feira";"03:15:00";"RS";116;29,9;"VACARIA";"Condutor Dormindo";"Colisão frontal";"Com Vítimas Feridas";"Plena Noite";"Crescente";"Chuva";"Simples";"Reta";"Não";5;0;1;1;3;0;2;3;-28,43813413;-50,87491978;"SPRF-RS";"DEL05-RS";"UOP03-DEL05-RS"