"id";"data_inversa";"dia_semana";"horario";"uf";"br";"km";"municipio";"causa_acidente";"tipo_acidente";"classificacao_acidente";"fase_dia";"sentido_via";"condicao_metereologica";"tipo_pista";"tracado_via";"uso_solo";"pessoas";"mortos";"feridos_leves";"feridos_graves";"ilesos";"ignorados";"feridos";"veiculos";"latitude";"longitude";"regional";"delegacia";"uop"
249318;2019-11-14;"quinta-feira";"04:10:00";"SP";116;507;"CAJATI";"Velocidade Incompatível";"Saída de leito carroçável";"Sem Vítimas";"Amanhecer";"Decrescente";"Chuva";"Dupla";"Curva";"Não";2;0;0;0;1;1;0;2;-24,805288;-48,214966;"SPRF-SP";"DEL05-SP";"UAP01-DEL05-SP"
249322;2019-11-13;"quarta-feira";"19:00:00";"SP";381;19;"BRAGANCA PAULISTA";"Defeito Mecânico no Veículo";"Tombamento";"Sem Vítimas";"Plena Noite";"Crescente";"Chuva";"Simples";"Retorno Regulamentado";"Não";2;0;0;0;1;1;0;2;-22,98125485;-46,49450306;"SPRF-SP";"DEL03-SP";"UOP02-DEL03-SP"
249324;2019-11-14;"quinta-feira";"06:10:00";"SC";470;45;"BLUMENAU";"Falta de Atenção à Condução";"Tombamento";"Sem Vítimas";"Pleno dia";"Crescente";"Nublado";"Simples";"Reta";"Sim";2;0;0;0;1;1;0;2;-26,867064;-49,031109;"SPRF-SC";"DEL04-SC";"UOP01-DEL04-SC"
249328;2019-11-14;"quinta-feira";"07:30:00";"RS";386;437,5;"NOVA SANTA RITA";"Desobediência às normas de trânsito pelo condutor";"Colisão transversal";"Com Vítimas Feridas";"Pleno dia";"Crescente";"Chuva";"Dupla";"Rotatória";"Sim";4;0;1;1;1;1;2;3;-29,85803;-51,261227;"SPRF-RS";"DEL04-RS";"UOP02-DEL04-RS"
249339;2019-11-14;"quinta-feira";"01:00:00";"MG";381;940;"EXTREMA";"Velocidade Incompatível";"Colisão com objeto estático";"Sem Vítimas";"Plena Noite";"Decrescente";"Chuva";"Dupla";"Curva";"Sim";2;0;0;0;1;1;0;2;-22,85421396;-46,33740277;"SPRF-MG";"DEL16-MG";"UOP03-DEL16-MG"
249341;2019-11-14;"quinta-feira";"08:30:00";"ES";101;72,6;"SAO MATEUS";"Ultrapassagem Indevida";"Colisão lateral";"Com Vítimas Feridas";"Pleno dia";"Decrescente";"Nublado";"Simples";"Reta";"Não";3;0;2;0;1;0;2;2;-18,76249002;-39,86354384;"SPRF-ES";"DEL04-ES";"UOP02-DEL04-ES"
249344;2019-11-14;"quinta-feira";"08:25:00";"RS";470;210;"BENTO GONCALVES";"Velocidade Incompatível";"Colisão frontal";"Com Vítimas Feridas";"Pleno dia";"Crescente";"Garoa/Chuvisco";"Simples";"Curva;Aclive";"Não";5;0;0;2;2;3;2;6;-29,11647449;-51,54258383;"SPRF-RS";"DEL06-RS";"UOP01-DEL06-RS"
249347;2019-11-14;"quinta-feira";"04:05:00";"SC";282;275,1;"SAO JOSE DO CERRITO";"Velocidade Incompatível";"Colisão frontal";"Com Vítimas Fatais";"Plena Noite";"Crescente";"Garoa/Chuvisco";"Simples";"Curva";"Não";2;1;0;0;1;0;0;2;-27,606421;-50,720207;"SPRF-SC";"DEL05-SC";"UOP02-DEL05-SC"
249349;2019-11-13;"quarta-feira";"19:10:00";"MT";158;544;"AGUA BOA";"Animais na Pista";"Atropelamento de Animal";"Sem Vítimas";"Plena Noite";"Decrescente";"Céu Claro";"Simples";"Reta";"Não";4;0;0;0;2;5;0;7;-13,86999497;-52,06354782;"SPRF-MT";"DEL07-MT";"UOP02-DEL07-MT"
249350;2019-11-14;"quinta-feira";"09:30:00";"SP";116;359;"MIRACATU";"Defeito Mecânico no Veículo";"Colisão traseira";"Com Vítimas Fatais";"Pleno dia";"Crescente";"Chuva";"Dupla";"Curva";"Não";5;1;0;0;3;1;0;4;-24,10862227;-47,26589989;"SPRF-SP";"DEL04-SP";"UOP03-DEL04-SP"
249353;2019-11-14;"quinta-feira";"08:55:00";"SC";101;383,3;"ICARA";"Velocidade Incompatível";"Colisão com objeto estático";"Com Vítimas Feridas";"Pleno dia";"Crescente";"Chuva";"Dupla";"Reta";"Não";3;0;2;0;1;0;2;2;-28,7644284;-49,29379981;"SPRF-SC";"DEL02-SC";"UOP02-DEL02-SC"
249358;2019-07-25;"quinta-feira";"08:20:00";"GO";153;623;"MORRINHOS";"Objeto estático sobre o leito carroçável";"Saída de leito carroçável";"Com Vítimas Feridas";"Pleno dia";"Decrescente";"Céu Claro";"Dupla";"Reta;Aclive";"Não";3;0;1;0;1;2;1;4;-17,7483;-49,1598;"SPRF-GO";"DEL03-GO";"UOP01-DEL03-GO"
249360;2019-11-14;"quinta-feira";"10:00:00";"PE";232;35,7;"MORENO";"Carga excessiva e/ou mal acondicionada";"Derramamento de carga";"Sem Vítimas";"Pleno dia";"Crescente";"Sol";"Dupla";"Reta";"Sim";2;0;0;0;2;0;0;2;-8,10907341;-35,19256991;"SPRF-PE";"DEL01-PE";"UOP02-DEL02PE"
249362;2019-11-14;"quinta-feira";"08:50:00";"RR";401;1;"BOA VISTA";"Desobediência às normas de trânsito pelo condutor";"Colisão lateral";"Com Vítimas Feridas";"Pleno dia";"Crescente";"Céu Claro";"Múltipla";"Reta";"Sim";3;0;2;0;1;0;2;2;2,80229396;-60,68243402;"SPRF-RR";"DEL01-RR";"UOP01-DEL01-RR"
249368;2019-11-14;"quinta-feira";"10:00:00";"RJ";393;160;"TRES RIOS";"Falta de Atenção à Condução";"Capotamento";"Com Vítimas Feridas";"Pleno dia";"Crescente";"Céu Claro";"Simples";"Reta";"Não";4;0;1;0;2;1;1;3;-22,10213318;-43,08661158;"SPRF-RJ";"DEL06-RJ";"UOP01-DEL05-RJ"
249369;2019-11-14;"quinta-feira";"08:10:00";"SC";101;44,9;"JOINVILLE";"Falta de Atenção à Condução";"Colisão traseira";"Com Vítimas Feridas";"Pleno dia";"Decrescente";"Garoa/Chuvisco";"Dupla";"Interseção de Vias";"Não";2;0;1;0;1;0;1;2;-26,31238996;-48,87458997;"SPRF-SC";"DEL03-SC";"UOP01-DEL03-SC"
249375;2019-11-14;"quinta-feira";"08:00:00";"SC";282;72;"RANCHO QUEIMADO";"Velocidade Incompatível";"Colisão frontal";"Com Vítimas Feridas";"Pleno dia";"Crescente";"Chuva";"Simples";"Curva";"Não";4;0;0;1;2;2;1;5;-27,683439;-49,105259;"SPRF-SC";"DEL01-SC";"UOP03-DEL01-SC"
249378;2019-11-14;"quinta-feira";"11:00:00";"PE";101;142,2;"RIBEIRAO";"Falta de Atenção à Condução";"Colisão traseira";"Com Vítimas Feridas";"Pleno dia";"Crescente";"Céu Claro";"Dupla";"Reta";"Sim";7;0;0;5;1;1;5;3;-8,44588505;-35,34144498;"SPRF-PE";"DEL01-PE";"UOP03-DEL01-PE"
249379;2019-11-14;"quinta-feira";"11:00:00";"PR";376;497,9;"PONTA GROSSA";"Falta de Atenção à Condução";"Saída de leito carroçável";"Com Vítimas Feridas";"Pleno dia";"Crescente";"Chuva";"Dupla";"Reta";"Sim";1;0;1;0;0;0;1;1;-25,18271102;-50,09257101;"SPRF-PR";"DEL03-PR";"UOP04-DEL03-PR"
249380;2019-11-07;"quinta-feira";"10:51:00";"RO";364;728;"PORTO VELHO";"Defeito Mecânico no Veículo";"Saída de leito carroçável";"Com Vítimas Feridas";"Pleno dia";"Crescente";"Céu Claro";"Simples";"Reta";"Não";3;0;3;0;0;0;3;1;-8,87716283;-63,94966139;"SPRF-RO";"DEL01-RO";"UOP01-DEL01-RO"
249385;2019-11-14;"quinta-feira";"10:20:00";"CE";116;278,9;"JAGUARIBARA";"Falta de Atenção à Condução";"Colisão traseira";"Com Vítimas Feridas";"Pleno dia";"Crescente";"Sol";"Simples";"Reta";"Não";5;0;2;0;1;2;2;4;-5,67729017;-38,46920188;"SPRF-CE";"DEL05-CE";"UOP02-DEL05-CE"
249389;2019-11-14;"quinta-feira";"11:40:00";"PI";343;341;"TERESINA";"Falta de Atenção à Condução";"Colisão lateral";"Sem Vítimas";"Pleno dia";"Decrescente";"Céu Claro";"Dupla";"Reta";"Sim";3;0;0;0;2;3;0;5;-5,077812;-42,744255;"SPRF-PI";"DEL01-PI";"UOP01-DEL01-PI"
249394;2019-05-08;"quarta-feira";"19:30:00";"PA";222;28;"DOM ELISEU";"Desobediência às normas de trânsito pelo condutor";"Colisão lateral";"Com Vítimas Fatais";"Plena Noite";"Crescente";"Céu Claro";"Simples";"Aclive";"Não";3;1;0;0;1;2;0;4;-4,316436;-47,641885;"SPRF-PA";"DEL02-PA";"UOP02-DEL02-PA"
249407;2019-11-14;"quinta-feira";"14:20:00";"BA";116;416,5;"FEIRA DE SANTANA";"Falta de Atenção à Condução";"Colisão traseira";"Com Vítimas Feridas";"Pleno dia";"Crescente";"Céu Claro";"Simples";"Em Obras";"Sim";3;0;1;0;2;0;1;3;-12,168362;-38,964993;"SPRF-BA";"DEL02-BA";"UOP01-DEL02-BA"
249409;2019-11-14;"quinta-feira";"14:40:00";"RS";386;37,8;"FREDERICO WESTPHALEN";"Falta de Atenção à Condução";"Colisão transversal";"Com Vítimas Feridas";"Pleno dia";"Crescente";"Nublado";"Simples";"Reta";"Sim";3;0;1;0;2;0;1;2;-27,382351;-53,399605;"SPRF-RS";"DEL08-RS";"UOP02-DEL08-RS"
249413;2019-11-14;"quinta-feira";"14:00:00";"MG";267;302,8;"CAXAMBU";"Velocidade Incompatível";"Engavetamento";"Com Vítimas Feridas";"Pleno dia";"Crescente";"Chuva";"Simples";"Reta";"Não";5;0;3;0;2;0;3;3;-21,9564298;-44,910779;"SPRF-MG";"DEL05-MG";"UOP01-DEL17-MG"
249415;2019-11-14;"quinta-feira";"13:53:00";"PB";230;42;"SANTA RITA";"Desobediência às normas de trânsito pelo condutor";"Tombamento";"Sem Vítimas";"Pleno dia";"Crescente";"Sol";"Dupla";"Curva";"Não";2;0;0;0;1;2;0;3;-7,1426;-34,9956;"SPRF-PB";"DEL01-PB";"UOP03-DEL01-PB"
249420;2019-11-14;"quinta-feira";"14:15:00";"SP";116;72,8;"APARECIDA";"Defeito Mecânico no Veículo";"Colisão traseira";"Com Vítimas Feridas";"Pleno dia";"Crescente";"Chuva";"Dupla";"Reta";"Não";4;0;1;1;1;1;2;3;-22,86889965;-45,24375916;"SPRF-SP";"DEL08-SP";"UOP01-DEL08-SP"
249421;2019-11-14;"quinta-feira";"14:35:00";"PR";277;722;"FOZ DO IGUACU";"Falta de Atenção à Condução";"Colisão lateral";"Com Vítimas Feridas";"Pleno dia";"Decrescente";"Céu Claro";"Dupla";"Reta";"Sim";4;0;1;0;3;0;1;2;-25,49494908;-54,52095097;"SPRF-PR";"DEL05-PR";"UOP01-DEL05-PR"
249422;2019-11-14;"quinta-feira";"11:00:00";"MG";381;619;"OLIVEIRA";"Velocidade Incompatível";"Saída de leito carroçável";"Sem Vítimas";"Pleno dia";"Decrescente";"Nublado";"Dupla";"Ponte;Reta";"Não";2;0;0;0;1;1;0;2;-20,77747317;-44,78250849;"SPRF-MG";"DEL04-MG";"UOP01-DEL04-MG"
249435;2019-11-08;"sexta-feira";"19:30:00";"RS";101;21,8;"TRES CACHOEIRAS";"Falta de Atenção à Condução";"Colisão transversal";"Com Vítimas Feridas";"Plena Noite";"Crescente";"Nublado";"Dupla";"Rotatória";"Sim";4;0;1;0;2;2;1;4;-29,43444872;-49,89334896;"SPRF-RS";"DEL03-RS";"UOP02-DEL03-RS"
249442;2019-11-14;"quinta-feira";"16:15:00";"MG";381;521;"BRUMADINHO";"Velocidade Incompatível";"Colisão com objeto estático";"Com Vítimas Feridas";"Pleno dia";"Crescente";"Chuva";"Dupla";"Curva";"Não";3;0;1;0;1;1;1;3;-20,13846621;-44,31715274;"SPRF-MG";"DEL04-MG";"UOP03-DEL04-MG"
249447;2019-11-14;"quinta-feira";"16:30:00";"PR";277;117;"CAMPO LARGO";"Falta de Atenção à Condução";"Colisão frontal";"Com Vítimas Feridas";"Pleno dia";"Crescente";"Nublado";"Dupla";"Reta";"Não";5;0;1;0;4;0;1;4;-25,434195;-49,415613;"SPRF-PR";"DEL01-PR";"UOP06-DEL01-PR"
249456;2019-11-14;"quinta-feira";"17:15:00";"PR";277;4;"PARANAGUA";"Falta de Atenção à Condução";"Colisão lateral";"Sem Vítimas";"Pleno dia";"Crescente";"Garoa/Chuvisco";"Simples";"Reta";"Não";3;0;0;0;2;2;0;4;-25,54987568;-48,56128693;"SPRF-PR";"DEL01-PR";"UOP05-DEL01-PR"
249457;2019-11-14;"quinta-feira";"16:35:00";"PR";163;288;"MARECHAL CANDIDO RONDON";"Pista Escorregadia";"Colisão frontal";"Com Vítimas Fatais";"Pleno dia";"Decrescente";"Chuva";"Simples";"Declive";"Não";4;2;0;0;1;2;0;4;-24,55143816;-54,0412003;"SPRF-PR";"DEL06-PR";"UOP02-DEL06-PR"
249459;2019-11-14;"quinta-feira";"16:55:00";"SP";116;217;"GUARULHOS";"Falta de Atenção à Condução";"Colisão traseira";"Com Vítimas Feridas";"Pleno dia";"Decrescente";"Nublado";"Múltipla";"Reta";"Sim";3;0;1;0;1;1;1;3;-23,45423824;-46,47119028;"SPRF-SP";"DEL01-SP";"UOP01-DEL01-SP"
249462;2019-11-14;"quinta-feira";"17:35:00";"SC";470;5,7;"NAVEGANTES";"Desobediência às normas de trânsito pelo condutor";"Danos eventuais";"Com Vítimas Feridas";"Pleno dia";"Crescente";"Chuva";"Simples";"Reta";"Sim";2;0;1;0;0;1;1;2;-26,855688;-48,700333;"SPRF-SC";"DEL04-SC";"UOP04-DEL04-SC"
249470;2019-11-14;"quinta-feira";"09:00:00";"SC";470;53,3;"BLUMENAU";"Desobediência às normas de trânsito pelo condutor";"Colisão transversal";"Sem Vítimas";"Pleno dia";"Crescente";"Nublado";"Simples";"Curva";"Sim";2;0;0;0;1;1;0;2;-26,867121;-49,102066;"SPRF-SC";"DEL04-SC";"UOP01-DEL04-SC"
249471;2019-11-14;"quinta-feira";"17:30:00";"MG";40;416,8;"CURVELO";"Defeito Mecânico no Veículo";"Tombamento";"Sem Vítimas";"Pleno dia";"Crescente";"Nublado";"Simples";"Reta";"Não";2;0;0;0;1;1;0;2;-19,15189442;-44,60268049;"SPRF-MG";"DEL02-MG";"UOP01-DEL02-MG"
249473;2019-11-14;"quinta-feira";"11:40:00";"MS";60;510,1;"MARACAJU";"Condutor Dormindo";"Colisão frontal";"Com Vítimas Feridas";"Pleno dia";"Crescente";"Chuva";"Simples";"Reta";"Não";3;0;2;0;1;0;2;2;-21,19418634;-55,58998401;"SPRF-MS";"DEL05-MS";"UOP01-DEL05-MS"
249480;2019-11-14;"quinta-feira";"17:40:00";"MG";381;502,5;"BETIM";"Velocidade Incompatível";"Colisão traseira";"Com Vítimas Feridas";"Pleno dia";"Crescente";"Chuva";"Dupla";"Reta";"Sim";2;0;1;0;1;0;1;2;-20,03619694;-44,24586303;"SPRF-MG";"DEL01-MG";"UOP03-DEL01-MG"
249482;2019-11-14;"quinta-feira";"18:20:00";"SE";235;4,3;"NOSSA SENHORA DO SOCORRO";"Não guardar distância de segurança";"Colisão traseira";"Com Vítimas Feridas";"Plena Noite";"Crescente";"Céu Claro";"Dupla";"Aclive";"Não";7;0;1;0;6;0;1;6;-10,90748168;-37,11456299;"SPRF-SE";"DEL01-SE";"UOP01-DEL01-SE"
249498;2019-11-14;"quinta-feira";"19:00:00";"SC";470;129,8;"LONTRAS";"Ingestão de Álcool";"Colisão frontal";"Com Vítimas Feridas";"Plena Noite";"Crescente";"Garoa/Chuvisco";"Simples";"Curva";"Não";3;0;2;1;0;0;3;2;-27,148499;-49,556137;"SPRF-SC";"DEL04-SC";"UOP02-DEL04-SC"
249507;2019-11-11;"segunda-feira";"05:30:00";"RO";364;69;"VILHENA";"Condutor Dormindo";"Saída de leito carroçável";"Sem Vítimas";"Amanhecer";"Crescente";"Nublado";"Simples";"Declive";"Não";2;0;0;0;1;1;0;2;-12,47608999;-60,49645996;"SPRF-RO";"DEL04-RO";"UOP01-DEL04-RO"
249508;2019-11-14;"quinta-feira";"18:20:00";"PE";232;255,5;"ARCOVERDE";"Animais na Pista";"Colisão traseira";"Com Vítimas Feridas";"Plena Noite";"Decrescente";"Vento";"Simples";"Reta";"Não";3;0;0;2;1;0;2;2;-8,4124021;-37,08493608;"SPRF-PE";"DEL03-PE";"UOP02-DEL03-PE"
249510;2019-11-14;"quinta-feira";"19:50:00";"RS";392;47,5;"RIO GRANDE";"Falta de Atenção do Pedestre";"Atropelamento de Pedestre";"Com Vítimas Fatais";"Plena Noite";"Crescente";"Céu Claro";"Dupla";"Reta";"Não";3;1;0;0;1;2;0;4;-31,90118807;-52,31761641;"SPRF-RS";"DEL07-RS";"UOP02-DEL07-RS"
249516;2019-11-14;"quinta-feira";"20:10:00";"MT";174;254;"VALE DE SAO DOMINGOS";"Falta de Atenção à Condução";"Colisão com objeto estático";"Com Vítimas Feridas";"Plena Noite";"Crescente";"Chuva";"Simples";"Aclive";"Não";3;0;2;0;0;1;2;2;-15,4653712;-59,09381442;"SPRF-MT";"DEL04-MT";"UOP01-DEL04-MT"
249517;2019-11-14;"quinta-feira";"19:30:00";"SC";101;1,8;"GARUVA";"Falta de Atenção à Condução";"Colisão transversal";"Com Vítimas Feridas";"Plena Noite";"Crescente";"Nublado";"Dupla";"Retorno Regulamentado";"Não";3;0;0;2;1;0;2;2;-25,98895627;-48,88356133;"SPRF-SC";"DEL03-SC";"UOP01-DEL03-SC"
249520;2019-11-14;"quinta-feira";"21:00:00";"MG";381;936;"EXTREMA";"Velocidade Incompatível";"Saída de leito carroçável";"Com Vítimas Feridas";"Plena Noite";"Crescente";"Chuva";"Dupla";"Curva;Declive";"Não";2;0;1;0;0;1;1;2;-22,81019762;-46,28162753;"SPRF-MG";"DEL16-MG";"UOP03-DEL16-MG"
249522;2019-11-14;"quinta-feira";"21:30:00";"PR";373;347,4;"GUARAPUAVA";"Falta de Atenção à Condução";"Colisão transversal";"Sem Vítimas";"Plena Noite";"Decrescente";"Chuva";"Simples";"Curva";"Sim";3;0;0;0;2;1;0;3;-25,36640797;-51,49213852;"SPRF-PR";"DEL03-PR";"UOP01-DEL08-PR"
249527;2019-11-14;"quinta-feira";"20:58:00";"MG";40;15,8;"PARACATU";"Velocidade Incompatível";"Colisão traseira";"Com Vítimas Fatais";"Plena Noite";"Crescente";"Nublado";"Simples";"Declive";"Não";3;1;0;0;1;2;0;4;-17,07769216;-47,03616232;"SPRF-MG";"DEL14-MG";"UOP01-DEL14-MG"
249537;2019-11-14;"quinta-feira";"22:15:00";"PB";101;34,8;"MAMANGUAPE";"Falta de Atenção à Condução";"Colisão lateral";"Sem Vítimas";"Plena Noite";"Decrescente";"Céu Claro";"Dupla";"Curva";"Não";3;0;0;0;2;1;0;3;-6,78533891;-35,13428131;"SPRF-PB";"DEL01-PB";"UOP04-DEL01-PB"
249538;2019-11-14;"quinta-feira";"14:30:00";"MG";267;208,9;"BOM JARDIM DE MINAS";"Desobediência às normas de trânsito pelo condutor";"Colisão frontal";"Com Vítimas Fatais";"Pleno dia";"Decrescente";"Chuva";"Simples";"Curva";"Não";5;2;0;2;0;1;2;3;-21,94520504;-44,148733;"SPRF-MG";"DEL05-MG";"UOP01-DEL05-MG"
249540;2019-11-14;"quinta-feira";"23:00:00";"RJ";116;72;"TERESOPOLIS";"Condutor Dormindo";"Saída de leito carroçável";"Com Vítimas Feridas";"Plena Noite";"Decrescente";"Chuva";"Simples";"Curva";"Sim";3;0;1;0;2;0;1;1;-22,36348095;-42,94345379;"SPRF-RJ";"DEL04-RJ";"UOP01-DEL04-RJ"
249544;2019-11-14;"quinta-feira";"23:15:00";"SC";282;352;"CAMPOS NOVOS";"Restrição de Visibilidade";"Saída de leito carroçável";"Sem Vítimas";"Plena Noite";"Decrescente";"Nevoeiro/Neblina";"Simples";"Reta";"Não";1;0;0;0;1;0;0;1;-27,362946;-51,311783;"SPRF-SC";"DEL07-SC";"UOP06-DEL07-SC"
249555;2019-11-14;"quinta-feira";"21:01:00";"SC";101;456,2;"SAO JOAO DO SUL";"Animais na Pista";"Colisão lateral";"Com Vítimas Feridas";"Plena Noite";"Crescente";"Nublado";"Dupla";"Reta";"Não";2;0;1;0;0;1;1;2;-29,23297725;-49,75795448;"SPRF-SC";"DEL02-SC";"UOP02-DEL02-SC"
249560;2019-11-14;"quinta-feira";"23:05:00";"MG";262;460,1;"NOVA SERRANA";"Condutor Dormindo";"Colisão com objeto estático";"Com Vítimas Fatais";"Plena Noite";"Crescente";"Nublado";"Simples";"Ponte";"Não";3;1;0;0;0;2;0;3;-19,810854;-45,110111;"SPRF-MG";"DEL08-MG";"UOP03-DEL08-MG"
249563;2019-11-15;"sexta-feira";"03:40:00";"ES";101;25,4;"CONCEICAO DA BARRA";"Falta de Atenção à Condução";"Colisão transversal";"Com Vítimas Fatais";"Plena Noite";"Decrescente";"Nublado";"Simples";"Reta";"Não";4;1;0;0;2;2;0;5;-18,36739611;-39,95084729;"SPRF-ES";"DEL04-ES";"UOP02-DEL04-ES"
249565;2019-11-15;"sexta-feira";"01:45:00";"RR";174;232;"RORAINOPOLIS";"Carga excessiva e/ou mal acondicionada";"Colisão traseira";"Com Vítimas Feridas";"Plena Noite";"Crescente";"Nublado";"Simples";"Reta";"Não";2;0;0;1;1;0;1;2;1,111055;-60,394314;"SPRF-RR";"DEL01-RR";"UOP01-DEL01-RR"
249571;2019-11-15;"sexta-feira";"05:05:00";"PR";116;118;"CURITIBA";"Não guardar distância de segurança";"Colisão traseira";"Com Vítimas Feridas";"Pleno dia";"Crescente";"Nublado";"Dupla";"Reta";"Sim";2;0;1;0;1;0;1;2;-25,54657438;-49,29173608;"SPRF-PR";"DEL01-PR";"UOP03-DEL01-PR"
249579;2019-11-15;"sexta-feira";"02:10:00";"MG";116;380;"MATHIAS LOBATO";"Condutor Dormindo";"Colisão lateral";"Com Vítimas Feridas";"Plena Noite";"Crescente";"Chuva";"Simples";"Reta";"Não";4;0;0;3;1;0;3;2;-18,61252317;-41,93147074;"SPRF-MG";"DEL06-MG";"UOP01-DEL06-MG"
249586;2019-11-15;"sexta-feira";"06:30:00";"RJ";116;53;"TERESOPOLIS";"Pista Escorregadia";"Colisão frontal";"Com Vítimas Feridas";"Pleno dia";"Crescente";"Chuva";"Simples";"Curva";"Não";4;0;0;1;2;2;1;4;-22,20141446;-42,87189678;"SPRF-RJ";"DEL04-RJ";"UOP01-DEL04-RJ"
249590;2019-11-14;"quinta-feira";"22:40:00";"MG";262;729,1;"PERDIZES";"Velocidade Incompatível";"Tombamento";"Com Vítimas Feridas";"Plena Noite";"Decrescente";"Chuva";"Simples";"Curva";"Não";2;0;1;0;0;1;1;2;-19,6206555;-47,31573095;"SPRF-MG";"DEL08-MG";"UOP01-DEL08-MG"
249592;2019-11-15;"sexta-feira";"07:25:00";"RJ";40;43;"AREAL";"Pista Escorregadia";"Colisão com objeto estático";"Sem Vítimas";"Pleno dia";"Decrescente";"Chuva";"Dupla";"Curva";"Não";2;0;0;0;1;1;0;2;-22,265139;-43,108506;"SPRF-RJ";"DEL06-RJ";"UOP02-DEL05-RJ"
249595;2019-11-15;"sexta-feira";"07:15:00";"GO";60;385;"RIO VERDE";"Mal Súbito";"Saída de leito carroçável";"Com Vítimas Feridas";"Pleno dia";"Decrescente";"Céu Claro";"Dupla";"Aclive";"Não";3;0;3;0;0;0;3;3;-17,7964;-50,914;"SPRF-GO";"DEL04-GO";"UOP01-DEL04-GO"
249601;2019-11-15;"sexta-feira";"04:35:00";"PA";163;387;"NOVO PROGRESSO";"Deficiência ou não Acionamento do Sistema de Iluminação/Sinalização do Veículo";"Colisão traseira";"Com Vítimas Feridas";"Plena Noite";"Crescente";"Nublado";"Simples";"Reta";"Não";3;0;0;1;1;3;1;5;-6,40846996;-55,56380479;"SPRF-PA";"DEL05-PA";"UOP01-DEL05-PA"
249609;2019-11-15;"sexta-feira";"08:49:00";"MG";381;362;"JOAO MONLEVADE";"Pista Escorregadia";"Colisão frontal";"Com Vítimas Feridas";"Pleno dia";"Decrescente";"Chuva";"Simples";"Reta";"Não";4;0;3;0;1;0;3;2;-19,85643939;-43,24280693;"SPRF-MG";"DEL03-MG";"UOP01-DEL03-MG"
249610;2019-08-23;"sexta-feira";"23:00:00";"RS";392;14;"RIO GRANDE";"Desobediência às normas de trânsito pelo condutor";"Engavetamento";"Com Vítimas Feridas";"Plena Noite";"Decrescente";"Nevoeiro/Neblina";"Dupla";"Reta";"Não";5;0;2;0;2;1;2;4;-32,11915816;-52,15522135;"SPRF-RS";"DEL07-RS";"UOP02-DEL07-RS"
249621;2019-11-15;"sexta-feira";"07:50:00";"MG";381;363;"SAO GONCALO DO RIO ABAIXO";"Pista Escorregadia";"Colisão frontal";"Com Vítimas Feridas";"Amanhecer";"Crescente";"Chuva";"Simples";"Curva";"Não";6;0;2;1;2;1;3;5;-19,85726885;-43,21765468;"SPRF-MG";"DEL03-MG";"UOP01-DEL03-MG"
249625;2019-11-15;"sexta-feira";"06:33:00";"BA";242;839;"BARREIRAS";"Não guardar distância de segurança";"Colisão traseira";"Com Vítimas Feridas";"Pleno dia";"Decrescente";"Céu Claro";"Simples";"Reta";"Não";2;0;1;0;0;1;1;2;-12,11895515;-45,18803601;"SPRF-BA";"DEL10-BA";"UOP01-DEL10-BA"
249627;2019-11-15;"sexta-feira";"09:30:00";"PR";116;98;"SAO JOSE DOS PINHAIS";"Falta de Atenção à Condução";"Colisão lateral";"Com Vítimas Feridas";"Pleno dia";"Crescente";"Sol";"Dupla";"Reta";"Não";3;0;1;0;1;2;1;4;-25,51973222;-49,13431573;"SPRF-PR";"DEL01-PR";"UOP01-DEL01-PR"
249632;2019-11-15;"sexta-feira";"06:25:00";"MG";40;245,5;"SAO GONCALO DO ABAETE";"Velocidade Incompatível";"Saída de leito carroçável";"Com Vítimas Feridas";"Amanhecer";"Crescente";"Chuva";"Simples";"Declive;Reta";"Não";1;0;1;0;0;0;1;1;-18,0946169;-45,47580786;"SPRF-MG";"DEL14-MG";"UOP02-DEL14-MG"
249636;2019-10-05;"sábado";"10:10:00";"AL";101;30;"JOAQUIM GOMES";"Velocidade Incompatível";"Tombamento";"Com Vítimas Feridas";"Pleno dia";"Decrescente";"Céu Claro";"Simples";"Curva";"Não";2;0;1;0;0;1;1;2;-9,0919266;-35,74882507;"SPRF-AL";"DEL01-AL";"UOP02-DEL01-AL"
249643;2019-11-15;"sexta-feira";"05:40:00";"MG";381;756;"TRES CORACOES";"Carga excessiva e/ou mal acondicionada";"Tombamento";"Com Vítimas Feridas";"Amanhecer";"Decrescente";"Garoa/Chuvisco";"Simples";"Curva";"Não";2;0;1;0;0;1;1;2;-21,67402972;-45,33632755;"SPRF-MG";"DEL16-MG";"UOP02-DEL16-MG"
249650;2019-11-15;"sexta-feira";"06:45:00";"MG";381;941;"EXTREMA";"Velocidade Incompatível";"Colisão traseira";"Com Vítimas Feridas";"Amanhecer";"Crescente";"Chuva";"Dupla";"Reta";"Não";3;0;0;1;1;1;1;3;-22,82523822;-46,31217957;"SPRF-MG";"DEL16-MG";"UOP03-DEL16-MG"
249679;2019-11-15;"sexta-feira";"12:50:00";"RN";101;16;"TOUROS";"Velocidade Incompatível";"Colisão traseira";"Com Vítimas Feridas";"Pleno dia";"Crescente";"Céu Claro";"Simples";"Reta";"Não";4;0;1;0;3;0;1;3;-5,27880686;-35,46121793;"SPRF-RN";"DEL02-RN";"UOP01-DEL02-RN"
249682;2019-11-15;"sexta-feira";"11:45:00";"PR";277;186,2;"PALMEIRA";"Falta de Atenção à Condução";"Saída de leito carroçável";"Sem Vítimas";"Pleno dia";"Decrescente";"Sol";"Simples";"Curva";"Não";3;0;0;0;2;1;0;3;-25,4312412;-50,15274975;"SPRF-PR";"DEL03-PR";"UOP02-DEL08-PR"