"id";"data_inversa";"dia_semana";"horario";"uf";"br";"km";"municipio";"causa_acidente";"tipo_acidente";"classificacao_acidente";"fase_dia";"sentido_via";"condicao_metereologica";"tipo_pista";"tracado_via";"uso_solo";"pessoas";"mortos";"feridos_leves";"feridos_graves";"ilesos";"ignorados";"feridos";"veiculos";"latitude";"longitude";"regional";"delegacia";"uop"
250185;2019-11-17;"domingo";"17:40:00";"PB";101;27,5;"MAMANGUAPE";"Desobediência às normas de trânsito pelo condutor";"Colisão transversal";"Com Vítimas Feridas";"Anoitecer";"Decrescente";"Céu Claro";"Dupla";"Reta";"Não";3;0;1;0;1;2;1;4;-6,72975806;-35,12316965;"SPRF-PB";"DEL01-PB";"UOP04-DEL01-PB"
250187;2019-11-17;"domingo";"15:20:00";"MT";174;323,9;"PONTES E LACERDA";"Defeito Mecânico no Veículo";"Saída de leito carroçável";"Sem Vítimas";"Pleno dia";"Crescente";"Céu Claro";"Simples";"Reta";"Não";2;0;0;0;1;1;0;2;-14,94026301;-59,29148406;"SPRF-MT";"DEL04-MT";"UOP01-DEL04-MT"
250188;2019-11-17;"domingo";"16:30:00";"SP";116;337;"JUQUITIBA";"Falta de Atenção à Condução";"Colisão frontal";"Com Vítimas Feridas";"Pleno dia";"Crescente";"Céu Claro";"Simples";"Curva";"Sim";2;0;0;1;1;0;1;2;-23,98217477;-47,14557409;"SPRF-SP";"DEL04-SP";"UOP03-DEL04-SP"
250198;2019-11-17;"domingo";"19:20:00";"PR";277;611;"SANTA TEREZA DO OESTE";"Desobediência às normas de trânsito pelo condutor";"Colisão transversal";"Com Vítimas Feridas";"Plena Noite";"Crescente";"Céu Claro";"Simples";"Reta";"Não";3;0;1;0;1;1;1;3;-25,05215123;-53,63184497;"SPRF-PR";"DEL05-PR";"UOP02-DEL05-PR"
250207;2019-11-17;"domingo";"17:50:00";"MG";251;506,3;"FRANCISCO SA";"Pista Escorregadia";"Tombamento";"Com Vítimas Feridas";"Anoitecer";"Crescente";"Chuva";"Simples";"Reta;Declive";"Não";3;0;2;0;0;1;2;2;-16,61894941;-43,6887828;"SPRF-MG";"DEL12-MG";"UOP01-DEL12-MG"
250224;2019-11-17;"domingo";"19:50:00";"MG";365;709;"MONTE ALEGRE DE MINAS";"Desobediência às normas de trânsito pelo condutor";"Colisão traseira";"Com Vítimas Feridas";"Plena Noite";"Crescente";"Céu Claro";"Dupla";"Rotatória";"Não";3;0;1;0;1;3;1;5;-18,87849345;-49,05618668;"SPRF-MG";"DEL15-MG";"UOP03-DEL15-MG"
250252;2019-11-17;"domingo";"21:00:00";"GO";452;47,8;"RIO VERDE";"Falta de Atenção à Condução";"Colisão transversal";"Com Vítimas Feridas";"Plena Noite";"Crescente";"Chuva";"Simples";"Reta";"Não";6;0;0;1;4;2;1;4;-17,95938343;-50,49664021;"SPRF-GO";"DEL04-GO";"UOP01-DEL04-GO"
250258;2019-11-17;"domingo";"22:15:00";"SE";235;48;"ITABAIANA";"Animais na Pista";"Atropelamento de Animal";"Sem Vítimas";"Plena Noite";"Crescente";"Ignorado";"Simples";"Reta";"Não";2;0;0;0;1;1;0;2;-10,724387;-37,41708;"SPRF-SE";"DEL01-SE";"UOP02-DEL01-SE"
250260;2019-11-17;"domingo";"21:50:00";"PR";116;14;"CAMPINA GRANDE DO SUL";"Falta de Atenção à Condução";"Colisão traseira";"Sem Vítimas";"Plena Noite";"Crescente";"Nublado";"Dupla";"Reta";"Não";3;0;0;0;2;2;0;4;-25,09836429;-48,67391969;"SPRF-PR";"DEL01-PR";"UOP02-DEL01-PR"
250262;2019-11-17;"domingo";"21:55:00";"PR";376;433,8;"TIBAGI";"Ingestão de Álcool";"Colisão traseira";"Sem Vítimas";"Plena Noite";"Crescente";"Nublado";"Dupla";"Declive";"Não";3;0;0;0;2;1;0;3;-24,81297199;-50,48868134;"SPRF-PR";"DEL03-PR";"UOP02-DEL03-PR"
250265;2019-11-17;"domingo";"22:30:00";"MG";116;613,8;"SAO JOAO DO MANHUACU";"Falta de Atenção do Pedestre";"Atropelamento de Pedestre";"Com Vítimas Fatais";"Plena Noite";"Decrescente";"Chuva";"Simples";"Reta";"Não";2;1;0;0;1;0;0;2;-20,431263;-42,163508;"SPRF-MG";"DEL07-MG";"UOP03-DEL07-MG"
250266;2019-11-17;"domingo";"22:35:00";"SC";282;72,3;"RANCHO QUEIMADO";"Falta de Atenção à Condução";"Colisão lateral";"Com Vítimas Feridas";"Plena Noite";"Crescente";"Céu Claro";"Simples";"Reta";"Não";4;0;1;0;3;0;1;4;-27,68292004;-49,1085434;"SPRF-SC";"DEL01-SC";"UOP03-DEL01-SC"
250278;2019-11-17;"domingo";"23:10:00";"MG";381;714,3;"CARMO DA CACHOEIRA";"Pista Escorregadia";"Saída de leito carroçável";"Com Vítimas Feridas";"Plena Noite";"Crescente";"Nublado";"Dupla";"Reta";"Não";2;0;1;0;0;1;1;2;-21,38460281;-45,1957047;"SPRF-MG";"DEL04-MG";"UOP02-DEL04-MG"
250279;2019-11-17;"domingo";"10:55:00";"PI";316;72,1;"MONSENHOR GIL";"Carga excessiva e/ou mal acondicionada";"Tombamento";"Com Vítimas Feridas";"Pleno dia";"Decrescente";"Céu Claro";"Simples";"Curva";"Não";2;0;0;1;0;2;1;3;-5,67458801;-42,59603009;"SPRF-PI";"DEL01-PI";"UOP02-DEL01-PI"
250281;2019-11-17;"domingo";"15:00:00";"RO";364;502,7;"ARIQUEMES";"Falta de Atenção à Condução";"Engavetamento";"Com Vítimas Feridas";"Pleno dia";"Crescente";"Nublado";"Simples";"Aclive";"Não";6;0;2;0;2;13;2;17;-10,01800497;-62,99476997;"SPRF-RO";"DEL03-RO";"UOP01-DEL03-RO"
250282;2019-11-18;"segunda-feira";"00:30:00";"MG";356;269,1;"MURIAE";"Falta de Atenção à Condução";"Colisão lateral";"Com Vítimas Feridas";"Plena Noite";"Decrescente";"Garoa/Chuvisco";"Simples";"Curva";"Não";7;0;5;0;1;1;5;3;-21,12665618;-42,33310204;"SPRF-MG";"DEL07-MG";"UOP02-DEL07-MG"
250287;2019-11-18;"segunda-feira";"03:25:00";"RS";116;527,1;"PELOTAS";"Condutor Dormindo";"Colisão lateral";"Com Vítimas Feridas";"Plena Noite";"Crescente";"Céu Claro";"Simples";"Reta";"Não";3;0;0;1;1;1;1;3;-31,7470243;-52,40899728;"SPRF-RS";"DEL07-RS";"UOP01-DEL07-RS"
250290;2019-11-18;"segunda-feira";"04:35:00";"GO";40;87,1;"CRISTALINA";"Restrição de Visibilidade";"Capotamento";"Com Vítimas Feridas";"Plena Noite";"Decrescente";"Chuva";"Simples";"Reta";"Não";1;0;0;1;0;0;1;1;-16,713217;-47,670047;"SPRF-DF";"DEL01-DF";"UOP02-DEL01-DF"
250301;2019-11-18;"segunda-feira";"06:35:00";"CE";116;13,7;"FORTALEZA";"Falta de Atenção à Condução";"Colisão traseira";"Com Vítimas Feridas";"Pleno dia";"Decrescente";"Céu Claro";"Dupla";"Reta";"Sim";2;0;1;0;1;0;1;2;-3,86090412;-38,49713445;"SPRF-CE";"DEL01-CE";"UOP02-DEL01-CE"
250302;2019-11-18;"segunda-feira";"05:45:00";"SP";116;148,6;"SAO JOSE DOS CAMPOS";"Condutor Dormindo";"Colisão traseira";"Sem Vítimas";"Amanhecer";"Crescente";"Céu Claro";"Múltipla";"Reta";"Sim";2;0;0;0;2;0;0;2;-23,20067421;-45,8795018;"SPRF-SP";"DEL02-SP";"UOP01-DEL02-SP"
250317;2019-11-18;"segunda-feira";"07:30:00";"RJ";40;117;"DUQUE DE CAXIAS";"Falta de Atenção à Condução";"Colisão traseira";"Com Vítimas Feridas";"Amanhecer";"Crescente";"Céu Claro";"Simples";"Reta";"Sim";3;0;0;1;2;0;1;2;-22,745676;-43,2881;"SPRF-RJ";"DEL01-RJ";"UOP01-DEL01-RJ"
250325;2019-11-18;"segunda-feira";"08:15:00";"PR";376;176,2;"MARINGA";"Falta de Atenção à Condução";"Colisão traseira";"Com Vítimas Feridas";"Pleno dia";"Decrescente";"Sol";"Dupla";"Interseção de Vias";"Sim";4;0;3;0;1;0;3;3;-23,41095672;-51,93911076;"SPRF-PR";"DEL07-PR";"UOP01-DEL09-PR"
250331;2019-11-18;"segunda-feira";"01:00:00";"BA";242;663;"MUQUEM DE SAO FRANCISCO";"Condutor Dormindo";"Saída de leito carroçável";"Com Vítimas Feridas";"Plena Noite";"Decrescente";"Nublado";"Simples";"Reta";"Não";1;0;0;1;0;0;1;1;-12,19961184;-43,67215698;"SPRF-BA";"DEL10-BA";"UOP03-DEL06-BA"
250333;2019-11-18;"segunda-feira";"08:20:00";"MG";251;506,1;"FRANCISCO SA";"Velocidade Incompatível";"Tombamento";"Com Vítimas Feridas";"Pleno dia";"Crescente";"Chuva";"Simples";"Curva";"Não";2;0;1;0;0;1;1;2;-16,61894941;-43,6887828;"SPRF-MG";"DEL12-MG";"UOP01-DEL12-MG"
250346;2019-11-18;"segunda-feira";"08:15:00";"BA";116;410;"FEIRA DE SANTANA";"Defeito Mecânico no Veículo";"Incêndio";"Sem Vítimas";"Pleno dia";"Decrescente";"Céu Claro";"Simples";"Reta";"Não";2;0;0;0;1;1;0;2;-12,12031538;-38,9683135;"SPRF-BA";"DEL02-BA";"UOP01-DEL02-BA"
250351;2019-11-18;"segunda-feira";"09:40:00";"SP";116;279;"EMBU DAS ARTES";"Desobediência às normas de trânsito pelo condutor";"Colisão traseira";"Com Vítimas Feridas";"Pleno dia";"Decrescente";"Nublado";"Dupla";"Reta";"Sim";3;0;1;0;0;2;1;3;-23,66233697;-46,85292907;"SPRF-SP";"DEL04-SP";"UOP01-DEL04-SP"
250357;2019-11-18;"segunda-feira";"09:55:00";"PR";277;75;"SAO JOSE DOS PINHAIS";"Falta de Atenção à Condução";"Colisão transversal";"Com Vítimas Feridas";"Pleno dia";"Crescente";"Céu Claro";"Dupla";"Reta";"Não";2;0;1;0;1;0;1;2;-25,51327981;-49,12433291;"SPRF-PR";"DEL01-PR";"UOP01-DEL01-PR"
250358;2019-11-18;"segunda-feira";"08:15:00";"SC";101;313,4;"LAGUNA";"Falta de Atenção à Condução";"Colisão lateral";"Com Vítimas Feridas";"Pleno dia";"Decrescente";"Céu Claro";"Dupla";"Curva;Ponte";"Sim";3;0;1;0;2;0;1;2;-28,43729867;-48,84040833;"SPRF-SC";"DEL02-SC";"UOP01-DEL02-SC"
250362;2019-11-18;"segunda-feira";"01:00:00";"MA";135;78;"SANTA RITA";"Condutor Dormindo";"Saída de leito carroçável";"Sem Vítimas";"Plena Noite";"Decrescente";"Céu Claro";"Simples";"Reta";"Sim";1;0;0;0;1;0;0;1;-3,20309;-44,36232614;"SPRF-MA";"DEL01-MA";"UOP02-DEL01-MA"
250363;2019-11-18;"segunda-feira";"09:30:00";"PA";316;55,5;"CASTANHAL";"Falta de Atenção do Pedestre";"Atropelamento de Pedestre";"Com Vítimas Fatais";"Pleno dia";"Decrescente";"Céu Claro";"Dupla";"Reta";"Não";4;1;0;0;1;3;0;4;-1,30561339;-47,99919919;"SPRF-PA";"DEL01-PA";"UOP01-DEL01-PA"
250376;2019-11-18;"segunda-feira";"04:50:00";"MG";251;344,7;"FRUTA DE LEITE";"Defeito Mecânico no Veículo";"Colisão frontal";"Com Vítimas Feridas";"Amanhecer";"Crescente";"Garoa/Chuvisco";"Simples";"Reta;Declive";"Não";2;0;0;1;1;0;1;2;-16,26358602;-42,50356998;"SPRF-MG";"DEL12-MG";"UOP01-DEL12-MG"
250380;2019-11-18;"segunda-feira";"10:50:00";"GO";452;154,3;"ITUMBIARA";"Velocidade Incompatível";"Saída de leito carroçável";"Com Vítimas Fatais";"Pleno dia";"Decrescente";"Chuva";"Simples";"Ponte";"Não";2;1;0;0;0;1;0;2;-18,29856164;-49,55412505;"SPRF-GO";"DEL03-GO";"UOP02-DEL03-GO"
250382;2019-11-18;"segunda-feira";"11:15:00";"PA";316;34;"SANTA IZABEL DO PARA";"Não guardar distância de segurança";"Colisão traseira";"Com Vítimas Feridas";"Pleno dia";"Crescente";"Céu Claro";"Dupla";"Reta";"Sim";2;0;1;0;1;0;1;2;-1,29444763;-48,17249938;"SPRF-PA";"DEL01-PA";"UOP01-DEL01-PA"
250383;2019-11-18;"segunda-feira";"11:10:00";"MG";40;749,1;"SANTOS DUMONT";"Velocidade Incompatível";"Colisão frontal";"Com Vítimas Fatais";"Pleno dia";"Crescente";"Chuva";"Simples";"Curva";"Não";4;1;0;0;1;2;0;4;-21,447874;-43,55738803;"SPRF-MG";"DEL05-MG";"UOP01-DEL05-MG"
250395;2019-11-18;"segunda-feira";"14:00:00";"GO";60;259,2;"INDIARA";"Pista Escorregadia";"Capotamento";"Com Vítimas Feridas";"Pleno dia";"Crescente";"Nublado";"Dupla";"Reta;Declive";"Não";1;0;1;0;0;0;1;1;-17,1596;-50,0359;"SPRF-GO";"DEL01-GO";"UOP02-DEL01-GO"
250397;2019-11-18;"segunda-feira";"11:55:00";"MT";364;575;"NOBRES";"Mal Súbito";"Colisão traseira";"Com Vítimas Feridas";"Pleno dia";"Crescente";"Sol";"Dupla";"Aclive";"Não";3;0;1;0;1;4;1;6;-14,69408213;-56,31033089;"SPRF-MT";"DEL01-MT";"UOP01-DEL01-MT"
250400;2019-11-18;"segunda-feira";"14:45:00";"SP";116;222,6;"GUARULHOS";"Falta de Atenção à Condução";"Colisão lateral";"Sem Vítimas";"Pleno dia";"Crescente";"Nublado";"Múltipla";"Reta";"Sim";3;0;0;0;3;0;0;2;-23,47093408;-46,51631097;"SPRF-SP";"DEL01-SP";"UOP01-DEL01-SP"
250408;2019-11-18;"segunda-feira";"14:30:00";"RJ";393;131;"SAPUCAIA";"Falta de Atenção à Condução";"Colisão frontal";"Com Vítimas Feridas";"Pleno dia";"Crescente";"Chuva";"Simples";"Curva";"Sim";5;0;4;0;1;0;4;2;-21,96975292;-42,87664106;"SPRF-RJ";"DEL06-RJ";"UOP01-DEL05-RJ"
250410;2019-11-17;"domingo";"06:00:00";"BA";116;891,2;"CANDIDO SALES";"Condutor Dormindo";"Saída de leito carroçável";"Com Vítimas Feridas";"Amanhecer";"Crescente";"Nublado";"Simples";"Curva";"Não";1;0;1;0;0;0;1;1;-15,29350898;-41,13824403;"SPRF-BA";"DEL08-BA";"UOP03-DEL08-BA"
250412;2019-11-18;"segunda-feira";"14:30:00";"SP";116;509,3;"CAJATI";"Mal Súbito";"Tombamento";"Com Vítimas Feridas";"Pleno dia";"Decrescente";"Nublado";"Simples";"Curva";"Não";2;0;1;0;0;1;1;2;-24,83231141;-48,21453094;"SPRF-SP";"DEL05-SP";"UAP01-DEL05-SP"
250413;2019-11-18;"segunda-feira";"13:00:00";"PR";153;46,9;"SANTO ANTONIO DA PLATINA";"Falta de Atenção à Condução";"Tombamento";"Com Vítimas Feridas";"Pleno dia";"Crescente";"Céu Claro";"Simples";"Aclive";"Não";2;0;1;0;0;2;1;3;-23,32838307;-50,06643649;"SPRF-PR";"DEL07-PR";"UOP04-DEL07-PR"
250418;2019-11-18;"segunda-feira";"16:20:00";"RS";116;151,8;"CAXIAS DO SUL";"Falta de Atenção à Condução";"Colisão lateral";"Com Vítimas Feridas";"Pleno dia";"Crescente";"Céu Claro";"Dupla";"Reta";"Sim";3;0;1;0;2;0;1;2;-29,17694502;-51,16173896;"SPRF-RS";"DEL05-RS";"UOP01-DEL05-RS"
250420;2019-09-15;"domingo";"16:47:00";"GO";40;129,7;"CRISTALINA";"Desobediência às normas de trânsito pelo condutor";"Colisão frontal";"Com Vítimas Feridas";"Pleno dia";"Crescente";"Céu Claro";"Simples";"Declive";"Não";9;0;4;0;4;3;4;7;-16,90686353;-47,35095528;"SPRF-DF";"DEL01-DF";"UOP02-DEL01-DF"
250427;2019-11-18;"segunda-feira";"14:30:00";"RS";386;216,3;"TIO HUGO";"Desobediência às normas de trânsito pelo condutor";"Colisão transversal";"Com Vítimas Feridas";"Pleno dia";"Decrescente";"Céu Claro";"Dupla";"Reta";"Não";3;0;2;0;1;0;2;2;-28,584908;-52,599743;"SPRF-RS";"DEL04-RS";"UOP03-DEL04-RS"
250430;2019-11-18;"segunda-feira";"18:15:00";"MG";40;607,6;"CONGONHAS";"Velocidade Incompatível";"Colisão frontal";"Com Vítimas Fatais";"Anoitecer";"Decrescente";"Chuva";"Simples";"Reta;Declive";"Sim";6;1;0;1;3;5;1;10;-20,47579776;-43,84269847;"SPRF-MG";"DEL05-MG";"UOP02-DEL05-MG"
250433;2019-11-18;"segunda-feira";"17:50:00";"MG";381;316,6;"NOVA ERA";"Velocidade Incompatível";"Colisão frontal";"Com Vítimas Feridas";"Anoitecer";"Decrescente";"Chuva";"Simples";"Curva";"Não";6;0;3;0;2;1;3;4;-19,69896406;-42,99486928;"SPRF-MG";"DEL03-MG";"UOP02-DEL03-MG"
250457;2019-11-18;"segunda-feira";"16:20:00";"RN";427;98;"CAICO";"Não guardar distância de segurança";"Colisão traseira";"Sem Vítimas";"Pleno dia";"Crescente";"Céu Claro";"Simples";"Reta";"Sim";3;0;0;0;3;0;0;3;-6,46437457;-37,09221145;"SPRF-RN";"DEL03-RN";"UOP01-DEL03-RN"
250459;2019-11-18;"segunda-feira";"18:45:00";"BA";324;545;"AMELIA RODRIGUES";"Falta de Atenção do Pedestre";"Atropelamento de Pedestre";"Com Vítimas Fatais";"Plena Noite";"Decrescente";"Céu Claro";"Dupla";"Reta";"Sim";2;1;0;0;1;0;0;2;-12,40647;-38,753143;"SPRF-BA";"DEL01-BA";"UOP01-DEL01-BA"
250461;2019-11-18;"segunda-feira";"19:00:00";"PB";101;87,8;"JOAO PESSOA";"Falta de Atenção à Condução";"Colisão transversal";"Com Vítimas Feridas";"Plena Noite";"Decrescente";"Nublado";"Dupla";"Reta";"Sim";4;0;2;0;2;0;2;2;-7,17996839;-34,90010977;"SPRF-PB";"DEL01-PB";"UOP01-DEL01-PB"
250469;2019-11-18;"segunda-feira";"20:20:00";"GO";80;61,7;"PADRE BERNARDO";"Velocidade Incompatível";"Colisão traseira";"Com Vítimas Feridas";"Plena Noite";"Decrescente";"Nublado";"Dupla";"Declive";"Não";4;0;2;0;1;1;2;3;-15,176723;-48,409849;"SPRF-DF";"DEL01-DF";"UOP02-DEL03-DF"
250470;2019-11-18;"segunda-feira";"14:00:00";"RJ";116;26;"SAPUCAIA";"Pista Escorregadia";"Saída de leito carroçável";"Com Vítimas Feridas";"Pleno dia";"Decrescente";"Chuva";"Simples";"Reta";"Não";1;0;1;0;0;0;1;1;-22,04634998;-42,7844458;"SPRF-RJ";"DEL04-RJ";"UOP01-DEL04-RJ"
250472;2019-11-18;"segunda-feira";"21:00:00";"SP";116;444;"REGISTRO";"Falta de Atenção do Pedestre";"Atropelamento de Pedestre";"Com Vítimas Feridas";"Plena Noite";"Crescente";"Nublado";"Múltipla";"Reta";"Sim";3;0;1;0;1;1;1;3;-24,49129421;-47,83614553;"SPRF-SP";"DEL05-SP";"UOP01-DEL05-SP"
250478;2019-11-18;"segunda-feira";"20:35:00";"RS";386;306,4;"POUSO NOVO";"Falta de Atenção à Condução";"Saída de leito carroçável";"Sem Vítimas";"Plena Noite";"Decrescente";"Céu Claro";"Dupla";"Aclive";"Não";1;0;0;0;1;0;0;1;-29,200309;-52,182878;"SPRF-RS";"DEL04-RS";"UOP01-DEL04-RS"
250479;2019-11-18;"segunda-feira";"21:20:00";"PE";232;207,7;"PESQUEIRA";"Desobediência às normas de trânsito pelo condutor";"Colisão frontal";"Com Vítimas Feridas";"Plena Noite";"Crescente";"Céu Claro";"Simples";"Reta";"Sim";2;0;0;1;1;0;1;2;-8,368331;-36,676855;"SPRF-PE";"DEL02-PE";"UOP03-DEL02-PE"
250480;2019-11-18;"segunda-feira";"17:30:00";"MG";40;618,5;"CONGONHAS";"Velocidade Incompatível";"Engavetamento";"Com Vítimas Feridas";"Pleno dia";"Decrescente";"Chuva";"Simples";"Reta";"Não";7;0;2;0;4;1;2;5;-20,57365332;-43,81244659;"SPRF-MG";"DEL05-MG";"UOP02-DEL05-MG"
250481;2019-11-18;"segunda-feira";"21:50:00";"ES";101;266;"SERRA";"Não guardar distância de segurança";"Colisão traseira";"Com Vítimas Feridas";"Plena Noite";"Decrescente";"Céu Claro";"Dupla";"Reta";"Sim";1;0;1;0;0;0;1;1;-20,190199;-40,26828891;"SPRF-ES";"DEL02-ES";"UOP01-DEL02-ES"
250482;2019-11-18;"segunda-feira";"21:50:00";"MG";381;344;"NOVA ERA";"Velocidade Incompatível";"Colisão com objeto estático";"Com Vítimas Feridas";"Plena Noite";"Decrescente";"Nevoeiro/Neblina";"Simples";"Curva";"Não";1;0;1;0;0;0;1;1;-19,8319711;-43,09552392;"SPRF-MG";"DEL03-MG";"UOP01-DEL03-MG"
250488;2019-11-18;"segunda-feira";"20:35:00";"PA";163;362,2;"NOVO PROGRESSO";"Ultrapassagem Indevida";"Colisão frontal";"Com Vítimas Feridas";"Plena Noite";"Crescente";"Chuva";"Simples";"Curva";"Não";4;0;2;0;1;2;2;4;-6,62063994;-55,50139215;"SPRF-PA";"DEL05-PA";"UOP01-DEL05-PA"
250495;2019-11-18;"segunda-feira";"16:30:00";"MT";163;604,8;"NOVA MUTUM";"Pista Escorregadia";"Colisão frontal";"Com Vítimas Feridas";"Pleno dia";"Decrescente";"Chuva";"Simples";"Curva";"Não";6;0;2;2;1;3;4;5;-13,87236604;-56,08739473;"SPRF-MT";"DEL01-MT";"UOP01-DEL01-MT"
250497;2019-11-18;"segunda-feira";"22:15:00";"MG";365;656;"UBERLANDIA";"Condutor Dormindo";"Colisão traseira";"Com Vítimas Feridas";"Plena Noite";"Decrescente";"Céu Claro";"Dupla";"Curva";"Não";3;0;1;0;0;2;1;3;-18,88179209;-48,6075449;"SPRF-MG";"DEL15-MG";"UOP01-DEL15-MG"
250498;2019-11-19;"terça-feira";"00:00:00";"GO";153;254;"URUACU";"Falta de Atenção à Condução";"Saída de leito carroçável";"Com Vítimas Feridas";"Plena Noite";"Decrescente";"Nublado";"Simples";"Reta";"Não";1;0;1;0;0;0;1;1;-14,5145856;-49,1503616;"SPRF-GO";"DEL07-GO";"UOP01-DEL07-GO"
250500;2019-11-18;"segunda-feira";"22:00:00";"MG";116;12,5;"AGUAS VERMELHAS";"Defeito Mecânico no Veículo";"Incêndio";"Sem Vítimas";"Plena Noite";"Crescente";"Céu Claro";"Simples";"Reta";"Não";2;0;0;0;1;1;0;2;-15,80245;-41,35072;"SPRF-BA";"DEL08-BA";"UOP03-DEL08-BA"
250501;2019-11-18;"segunda-feira";"17:40:00";"MT";174;553;"COMODORO";"Falta de Atenção à Condução";"Saída de leito carroçável";"Sem Vítimas";"Amanhecer";"Crescente";"Nublado";"Simples";"Declive";"Não";2;0;0;0;1;3;0;4;-13,10609707;-59,88725127;"SPRF-RO";"DEL04-RO";"UOP01-DEL04-RO"
250505;2019-11-19;"terça-feira";"03:30:00";"GO";153;534;"HIDROLANDIA";"Condutor Dormindo";"Saída de leito carroçável";"Com Vítimas Feridas";"Plena Noite";"Crescente";"Nublado";"Dupla";"Reta";"Não";2;0;1;0;0;1;1;2;-17,0016;-49,2231;"SPRF-GO";"DEL01-GO";"UOP03-DEL01-GO"
250506;2019-11-19;"terça-feira";"04:50:00";"CE";222;125,9;"ITAPAJE";"Velocidade Incompatível";"Saída de leito carroçável";"Com Vítimas Feridas";"Amanhecer";"Crescente";"Chuva";"Simples";"Curva";"Sim";3;0;1;0;1;1;1;3;-3,68965682;-39,5968761;"SPRF-CE";"DEL04-CE";"UOP03-DEL04-CE"
250509;2019-11-19;"terça-feira";"05:45:00";"PR";277;7,8;"PARANAGUA";"Falta de Atenção à Condução";"Tombamento";"Com Vítimas Feridas";"Amanhecer";"Decrescente";"Garoa/Chuvisco";"Dupla";"Reta";"Não";5;0;2;0;2;3;2;4;-25,56346879;-48,59383151;"SPRF-PR";"DEL01-PR";"UOP05-DEL01-PR"
250511;2019-11-19;"terça-feira";"05:45:00";"RJ";493;74,9;"NOVA IGUACU";"Agressão Externa";"Colisão traseira";"Com Vítimas Feridas";"Amanhecer";"Decrescente";"Garoa/Chuvisco";"Dupla";"Reta";"Não";3;0;1;0;1;2;1;4;-22,66724427;-43,63220215;"SPRF-RJ";"DEL01-RJ";"UOP03-DEL01-RJ"
250512;2019-11-19;"terça-feira";"06:20:00";"SP";153;28;"NOVA GRANADA";"Não guardar distância de segurança";"Colisão lateral";"Com Vítimas Feridas";"Amanhecer";"Crescente";"Céu Claro";"Simples";"Curva";"Não";2;0;2;0;0;0;2;2;-20,52148;-49,326782;"SPRF-SP";"DEL09-SP";"UOP01-DEL09-SP"
250516;2019-11-18;"segunda-feira";"15:50:00";"MG";251;342;"FRUTA DE LEITE";"Carga excessiva e/ou mal acondicionada";"Derramamento de carga";"Sem Vítimas";"Pleno dia";"Decrescente";"Nublado";"Simples";"Curva;Declive";"Não";1;0;0;0;1;0;0;1;-16,25627071;-42,49108406;"SPRF-MG";"DEL12-MG";"UOP01-DEL12-MG"
250520;2019-11-19;"terça-feira";"05:55:00";"PR";376;527;"PONTA GROSSA";"Velocidade Incompatível";"Colisão traseira";"Sem Vítimas";"Amanhecer";"Crescente";"Céu Claro";"Dupla";"Reta";"Não";3;0;0;0;1;2;0;3;-25,327481;-49,862779;"SPRF-PR";"DEL03-PR";"UOP04-DEL03-PR"
250534;2019-11-19;"terça-feira";"05:40:00";"PE";116;35,8;"SALGUEIRO";"Falta de Atenção à Condução";"Colisão lateral";"Sem Vítimas";"Pleno dia";"Decrescente";"Nublado";"Simples";"Reta";"Não";3;0;0;0;2;1;0;3;-8,144699;-39,111214;"SPRF-PE";"DEL05-PE";"UOP01-DEL05-PE"
250544;2019-11-19;"terça-feira";"09:15:00";"RR";174;499;"BOA VISTA";"Falta de Atenção à Condução";"Colisão lateral";"Com Vítimas Feridas";"Pleno dia";"Decrescente";"Sol";"Dupla";"Reta";"Sim";3;0;2;0;1;0;2;2;2,772157;-60,714409;"SPRF-RR";"DEL01-RR";"UOP01-DEL01-RR"
250564;2019-11-19;"terça-feira";"13:25:00";"MG";381;896,6;"CAMBUI";"Falta de Atenção à Condução";"Colisão traseira";"Com Vítimas Feridas";"Pleno dia";"Crescente";"Chuva";"Dupla";"Reta";"Não";4;0;3;0;0;1;3;2;-22,59974843;-46,0577774;"SPRF-MG";"DEL16-MG";"UOP03-DEL16-MG"
250566;2019-10-03;"quinta-feira";"06:40:00";"DF";60;11;"BRASILIA";"Falta de Atenção à Condução";"Colisão traseira";"Com Vítimas Feridas";"Pleno dia";"Decrescente";"Céu Claro";"Simples";"Reta";"Sim";5;0;1;3;1;0;4;2;-15,911784;-48,157192;"SPRF-DF";"DEL01-DF";"UOP01-DEL03-DF"
250581;2019-11-19;"terça-feira";"14:20:00";"BA";324;587;"CANDEIAS";"Mal Súbito";"Colisão com objeto estático";"Sem Vítimas";"Pleno dia";"Crescente";"Sol";"Dupla";"Reta";"Não";1;0;0;0;1;0;0;1;-12,64715411;-38,47504041;"SPRF-BA";"DEL01-BA";"UOP01-DEL01-BA"
250590;2019-11-19;"terça-feira";"15:35:00";"MG";40;517,9;"RIBEIRAO DAS NEVES";"Desobediência às normas de trânsito pelo condutor";"Colisão traseira";"Com Vítimas Feridas";"Pleno dia";"Decrescente";"Chuva";"Dupla";"Reta";"Sim";4;0;1;0;2;1;1;3;-19,82351202;-44,08438913;"SPRF-MG";"DEL01-MG";"UOP02-DEL01-MG"