"id";"data_inversa";"dia_semana";"horario";"uf";"br";"km";"municipio";"causa_acidente";"tipo_acidente";"classificacao_acidente";"fase_dia";"sentido_via";"condicao_metereologica";"tipo_pista";"tracado_via";"uso_solo";"pessoas";"mortos";"feridos_leves";"feridos_graves";"ilesos";"ignorados";"feridos";"veiculos";"latitude";"longitude";"regional";"delegacia";"uop"
250592;2019-11-08;"sexta-feira";"10:10:00";"MA";230;53;"SUCUPIRA DO RIACHAO";"Avarias e/ou desgaste excessivo no pneu";"Tombamento";"Sem Vítimas";"Pleno dia";"Decrescente";"Céu Claro";"Simples";"Reta";"Não";2;0;0;0;1;1;0;2;-6,58139586;-43,46740723;"SPRF-PI";"DEL03-PI";"UOP01-DEL03-PI"
250601;2019-11-19;"terça-feira";"15:10:00";"MS";262;602;"MIRANDA";"Carga excessiva e/ou mal acondicionada";"Colisão com objeto estático";"Sem Vítimas";"Pleno dia";"Crescente";"Céu Claro";"Simples";"Reta";"Não";2;0;0;0;1;1;0;2;-20,08671175;-56,75018676;"SPRF-MS";"DEL03-MS";"UOP02-DEL03-MS"
250605;2019-11-19;"terça-feira";"15:30:00";"RJ";101;96;"CAMPOS DOS GOYTACAZES";"Desobediência às normas de trânsito pelo condutor";"Saída de leito carroçável";"Sem Vítimas";"Pleno dia";"Decrescente";"Chuva";"Dupla";"Curva";"Não";3;0;0;0;2;1;0;3;-21,86928639;-41,55659304;"SPRF-RJ";"DEL08-RJ";"UOP02-DEL08-RJ"
250606;2019-11-19;"terça-feira";"13:50:00";"MG";262;679,5;"ARAXA";"Ingestão de Substâncias Psicoativas";"Colisão frontal";"Com Vítimas Fatais";"Pleno dia";"Decrescente";"Nublado";"Simples";"Reta";"Não";4;1;1;0;2;0;1;3;-19,55286257;-46,87799015;"SPRF-MG";"DEL08-MG";"UOP01-DEL08-MG"
250611;2019-11-19;"terça-feira";"17:10:00";"SP";101;49;"UBATUBA";"Falta de Atenção à Condução";"Colisão transversal";"Com Vítimas Feridas";"Pleno dia";"Decrescente";"Chuva";"Simples";"Reta";"Sim";2;0;0;1;1;0;1;2;-23,44410908;-45,08375708;"SPRF-SP";"DEL06-SP";"UOP01-DEL06-SP"
250615;2019-11-19;"terça-feira";"17:25:00";"PR";369;195;"ARAPONGAS";"Falta de Atenção à Condução";"Colisão traseira";"Com Vítimas Feridas";"Pleno dia";"Crescente";"Céu Claro";"Dupla";"Reta";"Sim";4;0;0;1;1;3;1;5;-23,49317287;-51,42397329;"SPRF-PR";"DEL07-PR";"UOP03-DEL07-PR"
250617;2019-11-19;"terça-feira";"08:46:00";"PI";135;514;"GILBUES";"Defeito na Via";"Tombamento";"Sem Vítimas";"Pleno dia";"Decrescente";"Sol";"Simples";"Curva";"Não";2;0;0;0;1;3;0;4;-9,82643362;-45,33449932;"SPRF-PI";"DEL03-PI";"UOP02-DEL03-PI"
250618;2019-11-19;"terça-feira";"17:20:00";"ES";101;201,3;"JOAO NEIVA";"Ultrapassagem Indevida";"Colisão lateral";"Com Vítimas Feridas";"Plena Noite";"Decrescente";"Chuva";"Simples";"Reta";"Não";3;0;0;1;1;1;1;3;-19,73362414;-40,36120476;"SPRF-ES";"DEL04-ES";"UOP01-DEL04-ES"
250627;2019-11-19;"terça-feira";"19:15:00";"RS";392;75,5;"PELOTAS";"Mal Súbito";"Colisão frontal";"Com Vítimas Fatais";"Anoitecer";"Crescente";"Céu Claro";"Simples";"Reta";"Não";2;1;0;0;1;0;0;2;-31,70266721;-52,41222613;"SPRF-RS";"DEL07-RS";"UOP01-DEL07-RS"
250635;2019-11-19;"terça-feira";"15:00:00";"MG";365;757;"ITUIUTABA";"Falta de Atenção à Condução";"Colisão com objeto estático";"Com Vítimas Feridas";"Pleno dia";"Decrescente";"Nublado";"Simples";"Interseção de Vias";"Não";2;0;1;0;0;1;1;2;-18,96358968;-49,4773831;"SPRF-MG";"DEL15-MG";"UOP03-DEL15-MG"
250637;2019-11-19;"terça-feira";"15:20:00";"MA";316;436;"PERITORO";"Desobediência às normas de trânsito pelo condutor";"Colisão lateral";"Sem Vítimas";"Pleno dia";"Decrescente";"Nublado";"Simples";"Curva";"Não";5;0;0;0;4;1;0;5;-4,413616;-44,2411;"SPRF-MA";"DEL03-MA";"UOP01-DEL03-MA"
250653;2019-11-19;"terça-feira";"21:40:00";"DF";20;10,2;"BRASILIA";"Condutor Dormindo";"Saída de leito carroçável";"Com Vítimas Feridas";"Plena Noite";"Decrescente";"Chuva";"Dupla";"Reta";"Sim";1;0;1;0;0;0;1;1;-15,650243;-47,773872;"SPRF-DF";"DEL02-DF";"UOP01-DEL02-DF"
250660;2019-11-19;"terça-feira";"22:00:00";"MT";158;555,9;"AGUA BOA";"Falta de Atenção à Condução";"Saída de leito carroçável";"Com Vítimas Feridas";"Plena Noite";"Decrescente";"Nublado";"Simples";"Reta";"Não";2;0;1;0;0;1;1;2;-13,95159596;-52,11096305;"SPRF-MT";"DEL07-MT";"UOP02-DEL07-MT"
250661;2019-11-19;"terça-feira";"21:30:00";"RJ";40;97,8;"DUQUE DE CAXIAS";"Pista Escorregadia";"Colisão com objeto estático";"Com Vítimas Feridas";"Plena Noite";"Crescente";"Chuva";"Simples";"Curva";"Não";4;0;1;0;2;1;1;2;-22,57356181;-43,27802893;"SPRF-RJ";"DEL01-RJ";"UOP01-DEL01-RJ"
250662;2019-11-19;"terça-feira";"22:32:00";"RS";386;280,9;"SAO JOSE DO HERVAL";"Ultrapassagem Indevida";"Colisão frontal";"Com Vítimas Fatais";"Plena Noite";"Crescente";"Céu Claro";"Simples";"Curva";"Não";4;1;0;0;2;1;0;3;-29,03757975;-52,29794741;"SPRF-RS";"DEL04-RS";"UOP03-DEL04-RS"
250664;2019-11-19;"terça-feira";"22:20:00";"BA";324;525;"FEIRA DE SANTANA";"Não guardar distância de segurança";"Colisão traseira";"Com Vítimas Fatais";"Plena Noite";"Decrescente";"Céu Claro";"Dupla";"Reta";"Não";3;1;0;1;1;0;1;2;-12,310257;-38,885128;"SPRF-BA";"DEL01-BA";"UOP01-DEL01-BA"
250667;2019-11-19;"terça-feira";"23:25:00";"AL";423;39,9;"INHAPI";"Agressão Externa";"Tombamento";"Sem Vítimas";"Plena Noite";"Crescente";"Céu Claro";"Simples";"Reta";"Não";2;0;0;0;1;2;0;3;-9,2327;-37,63474;"SPRF-AL";"DEL03-AL";"UOP02-DEL03-AL"
250670;2019-11-20;"quarta-feira";"00:19:00";"PR";277;130;"BALSA NOVA";"Falta de Atenção à Condução";"Colisão traseira";"Com Vítimas Feridas";"Plena Noite";"Crescente";"Nublado";"Dupla";"Reta";"Não";2;0;1;0;1;0;1;2;-25,47427305;-49,67193604;"SPRF-PR";"DEL01-PR";"UOP06-DEL01-PR"
250673;2019-11-19;"terça-feira";"21:15:00";"SC";282;278,9;"SAO JOSE DO CERRITO";"Falta de Atenção à Condução";"Colisão frontal";"Com Vítimas Fatais";"Plena Noite";"Crescente";"Céu Claro";"Simples";"Reta";"Não";2;1;0;0;1;0;0;2;-27,587807;-50,735706;"SPRF-SC";"DEL05-SC";"UOP02-DEL05-SC"
250674;2019-11-20;"quarta-feira";"01:00:00";"CE";222;123,7;"ITAPAJE";"Velocidade Incompatível";"Tombamento";"Sem Vítimas";"Plena Noite";"Crescente";"Vento";"Simples";"Rotatória";"Não";1;0;0;0;1;0;0;1;-3,69455322;-39,58167619;"SPRF-CE";"DEL04-CE";"UOP03-DEL04-CE"
250677;2019-11-20;"quarta-feira";"02:00:00";"SP";459;3;"PIQUETE";"Defeito Mecânico no Veículo";"Colisão com objeto estático";"Sem Vítimas";"Plena Noite";"Crescente";"Nevoeiro/Neblina";"Simples";"Curva";"Não";1;0;0;0;1;0;0;1;-22,571692;-45,216698;"SPRF-SP";"DEL08-SP";"UOP03-DEL08-SP"
250680;2019-11-20;"quarta-feira";"02:40:00";"MG";365;567,8;"INDIANOPOLIS";"Animais na Pista";"Atropelamento de Animal";"Sem Vítimas";"Plena Noite";"Decrescente";"Nublado";"Simples";"Reta;Aclive";"Não";2;0;0;0;1;1;0;2;-18,91639564;-47,84482105;"SPRF-MG";"DEL15-MG";"UOP02-DEL15-MG"
250681;2019-11-20;"quarta-feira";"04:10:00";"MG";381;793;"SAO GONCALO DO SAPUCAI";"Velocidade Incompatível";"Saída de leito carroçável";"Com Vítimas Feridas";"Plena Noite";"Crescente";"Nublado";"Dupla";"Reta";"Sim";2;0;1;0;0;1;1;2;-21,92033716;-45,60985394;"SPRF-MG";"DEL16-MG";"UOP02-DEL16-MG"
250688;2019-11-20;"quarta-feira";"05:40:00";"ES";101;285;"CARIACICA";"Desobediência às normas de trânsito pelo condutor";"Colisão traseira";"Com Vítimas Feridas";"Pleno dia";"Crescente";"Chuva";"Simples";"Declive";"Sim";2;0;1;0;1;0;1;2;-20,25157828;-40,37262082;"SPRF-ES";"DEL01-ES";"UOP01-DEL01-ES"
250689;2019-11-20;"quarta-feira";"04:10:00";"GO";20;104,1;"FLORES DE GOIAS";"Velocidade Incompatível";"Saída de leito carroçável";"Com Vítimas Feridas";"Plena Noite";"Crescente";"Chuva";"Simples";"Curva";"Não";1;0;1;0;0;0;1;1;-14,921622;-46,966019;"SPRF-DF";"DEL02-DF";"UOP01-DEL02-DF"
250704;2019-11-20;"quarta-feira";"01:30:00";"MG";381;826;"CAREACU";"Condutor Dormindo";"Tombamento";"Com Vítimas Feridas";"Plena Noite";"Crescente";"Céu Claro";"Dupla";"Reta";"Não";2;0;2;0;0;0;2;1;-22,11967578;-45,75942993;"SPRF-MG";"DEL16-MG";"UOP02-DEL16-MG"
250706;2019-11-17;"domingo";"07:00:00";"MG";251;270;"SALINAS";"Carga excessiva e/ou mal acondicionada";"Tombamento";"Sem Vítimas";"Amanhecer";"Crescente";"Céu Claro";"Simples";"Reta;Declive";"Não";2;0;0;0;1;2;0;3;-15,98381352;-42,03445874;"SPRF-MG";"DEL11-MG";"UOP02-DEL11-MG"
250707;2019-10-04;"sexta-feira";"01:00:00";"MG";40;669,9;"CARANDAI";"Condutor Dormindo";"Colisão frontal";"Com Vítimas Feridas";"Plena Noite";"Crescente";"Céu Claro";"Simples";"Reta";"Sim";3;0;2;0;0;2;2;4;-20,95949689;-43,78978984;"SPRF-MG";"DEL05-MG";"UOP02-DEL05-MG"
250713;2019-11-20;"quarta-feira";"06:12:00";"SC";470;185,5;"POUSO REDONDO";"Velocidade Incompatível";"Colisão frontal";"Com Vítimas Feridas";"Amanhecer";"Crescente";"Nublado";"Simples";"Curva";"Não";3;0;0;1;2;0;1;3;-27,254034;-50,036575;"SPRF-SC";"DEL04-SC";"UOP02-DEL04-SC"
250715;2019-11-20;"quarta-feira";"07:15:00";"MT";364;173;"PEDRA PRETA";"Não guardar distância de segurança";"Colisão traseira";"Com Vítimas Feridas";"Pleno dia";"Crescente";"Céu Claro";"Simples";"Ponte";"Não";8;0;3;0;4;2;3;5;-16,62200601;-54,45224701;"SPRF-MT";"DEL02-MT";"UOP01-DEL02-MT"
250716;2019-11-20;"quarta-feira";"09:30:00";"SP";116;150,3;"SAO JOSE DOS CAMPOS";"Falta de Atenção à Condução";"Colisão traseira";"Com Vítimas Feridas";"Pleno dia";"Decrescente";"Nublado";"Dupla";"Reta";"Sim";3;0;1;0;2;0;1;2;-23,21335525;-45,8930588;"SPRF-SP";"DEL02-SP";"UOP01-DEL02-SP"
250718;2019-11-20;"quarta-feira";"09:50:00";"PE";101;73,7;"RECIFE";"Velocidade Incompatível";"Colisão transversal";"Com Vítimas Feridas";"Pleno dia";"Decrescente";"Céu Claro";"Dupla";"Retorno Regulamentado";"Sim";3;0;0;1;1;1;1;3;-8,093369;-34,947464;"SPRF-PE";"DEL01-PE";"UOP01-DEL01-PE"
250720;2019-11-20;"quarta-feira";"09:30:00";"SC";101;205,8;"SAO JOSE";"Desobediência às normas de trânsito pelo condutor";"Colisão traseira";"Com Vítimas Feridas";"Pleno dia";"Decrescente";"Céu Claro";"Dupla";"Reta";"Sim";3;0;2;0;0;1;2;2;-27,58313237;-48,61532885;"SPRF-SC";"DEL01-SC";"UOP01-DEL01-SC"
250723;2019-10-23;"quarta-feira";"10:45:00";"AL";316;161;"PALMEIRA DOS INDIOS";"Falta de Atenção à Condução";"Colisão transversal";"Com Vítimas Feridas";"Pleno dia";"Crescente";"Céu Claro";"Simples";"Reta;Declive";"Não";8;0;4;1;2;1;5;3;-9,45436825;-36,5960523;"SPRF-AL";"DEL03-AL";"UOP01-DEL03-AL"
250724;2019-11-20;"quarta-feira";"10:20:00";"GO";364;192,5;"JATAI";"Falta de Atenção à Condução";"Colisão traseira";"Com Vítimas Feridas";"Pleno dia";"Crescente";"Céu Claro";"Dupla";"Reta";"Não";3;0;1;0;1;4;1;6;-17,922094;-51,69062;"SPRF-GO";"DEL05-GO";"UOP01-DEL05-GO"
250729;2019-11-20;"quarta-feira";"10:55:00";"MG";50;54,5;"ARAGUARI";"Falta de Atenção à Condução";"Colisão traseira";"Com Vítimas Feridas";"Pleno dia";"Decrescente";"Nublado";"Dupla";"Ponte";"Sim";2;0;1;0;1;0;1;2;-18,76664393;-48,24409132;"SPRF-MG";"DEL15-MG";"UOP02-DEL15-MG"
250734;2019-11-20;"quarta-feira";"12:00:00";"BA";101;896;"CARAVELAS";"Carga excessiva e/ou mal acondicionada";"Tombamento";"Com Vítimas Feridas";"Pleno dia";"Crescente";"Nublado";"Simples";"Curva";"Não";2;0;1;0;0;1;1;2;-17,69181956;-39,7743883;"SPRF-BA";"DEL09-BA";"UOP02-DEL09-BA"
250738;2019-11-20;"quarta-feira";"10:45:00";"SC";101;88,1;"BARRA VELHA";"Falta de Atenção à Condução";"Colisão lateral";"Com Vítimas Feridas";"Pleno dia";"Crescente";"Céu Claro";"Dupla";"Reta";"Sim";2;0;1;0;1;0;1;2;-26,64253985;-48,68950684;"SPRF-SC";"DEL03-SC";"UOP02-DEL03-SC"
250739;2019-11-20;"quarta-feira";"09:40:00";"PR";277;531,8;"IBEMA";"Falta de Atenção à Condução";"Colisão traseira";"Com Vítimas Feridas";"Pleno dia";"Decrescente";"Céu Claro";"Simples";"Em Obras";"Não";2;0;1;0;1;0;1;2;-25,09412204;-52,95864699;"SPRF-PR";"DEL04-PR";"UOP04-DEL04-PR"
250741;2019-11-20;"quarta-feira";"12:55:00";"GO";60;119,6;"TEREZOPOLIS DE GOIAS";"Velocidade Incompatível";"Saída de leito carroçável";"Com Vítimas Feridas";"Pleno dia";"Crescente";"Chuva";"Dupla";"Declive";"Não";2;0;1;0;1;0;1;1;-16,4914;-49,0999;"SPRF-GO";"DEL01-GO";"UOP01-DEL01-GO"
250747;2019-11-20;"quarta-feira";"13:30:00";"SC";101;43;"JOINVILLE";"Falta de Atenção à Condução";"Colisão lateral";"Com Vítimas Feridas";"Pleno dia";"Decrescente";"Sol";"Dupla";"Reta";"Sim";3;0;1;0;1;2;1;4;-26,30357106;-48,88225609;"SPRF-SC";"DEL03-SC";"UOP01-DEL03-SC"
250758;2019-11-20;"quarta-feira";"15:00:00";"ES";101;295;"CARIACICA";"Falta de Atenção à Condução";"Colisão traseira";"Com Vítimas Feridas";"Pleno dia";"Crescente";"Chuva";"Múltipla";"Reta";"Sim";2;0;1;0;1;0;1;2;-20,33223667;-40,40004683;"SPRF-ES";"DEL01-ES";"UOP01-DEL01-ES"
250761;2019-11-20;"quarta-feira";"13:20:00";"MG";153;23,5;"CENTRALINA";"Velocidade Incompatível";"Saída de leito carroçável";"Com Vítimas Fatais";"Pleno dia";"Decrescente";"Chuva";"Dupla";"Curva;Declive";"Não";2;1;0;0;0;2;0;3;-18,62303102;-49,18751103;"SPRF-MG";"DEL15-MG";"UOP03-DEL15-MG"
250766;2019-11-20;"quarta-feira";"16:00:00";"RS";470;229;"CARLOS BARBOSA";"Falta de Atenção à Condução";"Colisão lateral";"Sem Vítimas";"Pleno dia";"Decrescente";"Céu Claro";"Simples";"Reta";"Sim";2;0;0;0;2;0;0;2;-29,27878158;-51,49249429;"SPRF-RS";"DEL06-RS";"UOP01-DEL06-RS"
250767;2019-11-20;"quarta-feira";"10:15:00";"PR";476;209,8;"LAPA";"Falta de Atenção à Condução";"Tombamento";"Sem Vítimas";"Pleno dia";"Decrescente";"Céu Claro";"Simples";"Curva";"Não";1;0;0;0;1;0;0;1;-25,780699;-49,841194;"SPRF-PR";"DEL02-PR";"UOP04-DEL02-PR"
250778;2019-11-20;"quarta-feira";"15:10:00";"GO";50;275,3;"CATALAO";"Velocidade Incompatível";"Saída de leito carroçável";"Com Vítimas Feridas";"Pleno dia";"Decrescente";"Céu Claro";"Dupla";"Curva";"Sim";2;0;1;0;0;2;1;3;-18,1483;-47,907;"SPRF-GO";"DEL06-GO";"UOP01-DEL06-GO"
250780;2019-11-20;"quarta-feira";"14:20:00";"SC";282;424;"VARGEM BONITA";"Falta de Atenção à Condução";"Colisão lateral";"Com Vítimas Feridas";"Pleno dia";"Crescente";"Céu Claro";"Simples";"Curva";"Não";3;0;0;1;1;2;1;4;-26,988014;-51,753124;"SPRF-SC";"DEL07-SC";"UOP05-DEL07-SC"
250788;2019-11-20;"quarta-feira";"18:00:00";"SC";470;7,2;"NAVEGANTES";"Desobediência às normas de trânsito pelo condutor";"Colisão transversal";"Com Vítimas Feridas";"Plena Noite";"Crescente";"Céu Claro";"Simples";"Reta";"Sim";3;0;0;2;1;0;2;2;-26,84499;-48,71505;"SPRF-SC";"DEL04-SC";"UOP04-DEL04-SC"
250789;2019-11-20;"quarta-feira";"18:50:00";"RS";392;630,5;"SETE DE SETEMBRO";"Falta de Atenção à Condução";"Colisão transversal";"Com Vítimas Fatais";"Anoitecer";"Crescente";"Céu Claro";"Simples";"Declive;Reta";"Sim";3;1;0;0;1;1;0;3;-28,16028687;-54,44273829;"SPRF-RS";"DEL10-RS";"UOP01-DEL10-RS"
250792;2019-11-20;"quarta-feira";"14:30:00";"MT";364;390;"CUIABA";"Falta de Atenção à Condução";"Colisão traseira";"Sem Vítimas";"Pleno dia";"Decrescente";"Nublado";"Simples";"Reta";"Não";3;0;0;0;2;2;0;4;-15,70146652;-55,854652;"SPRF-MT";"DEL02-MT";"UOP02-DEL01-MT"
250795;2019-11-20;"quarta-feira";"18:30:00";"ES";101;216,9;"IBIRACU";"Defeito Mecânico no Veículo";"Incêndio";"Sem Vítimas";"Plena Noite";"Crescente";"Chuva";"Dupla";"Reta";"Não";1;0;0;0;1;0;0;1;-19,83935411;-40,3835169;"SPRF-ES";"DEL02-ES";"UOP01-DEL02-ES"
250798;2019-11-20;"quarta-feira";"19:20:00";"MG";40;298,8;"TRES MARIAS";"Velocidade Incompatível";"Saída de leito carroçável";"Com Vítimas Feridas";"Plena Noite";"Crescente";"Céu Claro";"Simples";"Reta";"Não";2;0;0;1;1;0;1;2;-18,33586526;-45,10489432;"SPRF-MG";"DEL14-MG";"UOP02-DEL14-MG"
250801;2019-11-20;"quarta-feira";"14:00:00";"MG";50;127,6;"UBERABA";"Condutor Dormindo";"Colisão traseira";"Com Vítimas Feridas";"Pleno dia";"Decrescente";"Céu Claro";"Dupla";"Reta";"Não";3;0;1;0;1;2;1;4;-19,362828;-48,07942696;"SPRF-MG";"DEL13-MG";"UOP01-DEL13-MG"
250806;2019-11-20;"quarta-feira";"19:30:00";"SP";116;98,8;"PINDAMONHANGABA";"Falta de Atenção à Condução";"Tombamento";"Com Vítimas Feridas";"Plena Noite";"Decrescente";"Céu Claro";"Dupla";"Reta";"Não";2;0;1;0;0;1;1;2;-22,97805164;-45,45583318;"SPRF-SP";"DEL06-SP";"UOP01-DEL06-SP"
250814;2019-11-20;"quarta-feira";"20:55:00";"SC";470;70,2;"INDAIAL";"Falta de Atenção à Condução";"Colisão transversal";"Com Vítimas Feridas";"Plena Noite";"Crescente";"Céu Claro";"Simples";"Reta";"Sim";2;0;1;0;1;0;1;2;-26,889374;-49,254478;"SPRF-SC";"DEL04-SC";"UOP01-DEL04-SC"
250826;2019-11-20;"quarta-feira";"23:20:00";"PE";101;68,1;"RECIFE";"Objeto estático sobre o leito carroçável";"Colisão com objeto estático";"Com Vítimas Fatais";"Plena Noite";"Decrescente";"Céu Claro";"Múltipla";"Reta";"Sim";6;1;2;1;2;0;3;4;-8,05074296;-34,94580619;"SPRF-PE";"DEL01-PE";"UOP01-DEL01-PE"
250827;2019-11-20;"quarta-feira";"21:00:00";"PR";163;218;"CASCAVEL";"Velocidade Incompatível";"Tombamento";"Sem Vítimas";"Plena Noite";"Crescente";"Céu Claro";"Simples";"Curva";"Não";2;0;0;0;1;1;0;2;-24,89671368;-53,53294373;"SPRF-PR";"DEL04-PR";"UOP01-DEL04-PR"
250834;2019-11-21;"quinta-feira";"03:00:00";"PR";376;669;"GUARATUBA";"Defeito Mecânico no Veículo";"Incêndio";"Sem Vítimas";"Plena Noite";"Decrescente";"Garoa/Chuvisco";"Dupla";"Aclive;Curva";"Não";1;0;0;0;1;0;0;1;-25,86958174;-48,93464712;"SPRF-PR";"DEL01-PR";"UOP04-DEL01-PR"
250866;2019-11-21;"quinta-feira";"04:15:00";"PE";232;239,3;"ARCOVERDE";"Ultrapassagem Indevida";"Colisão frontal";"Com Vítimas Fatais";"Plena Noite";"Crescente";"Céu Claro";"Simples";"Reta";"Não";3;1;0;0;1;1;0;3;-8,41656773;-36,95265598;"SPRF-PE";"DEL03-PE";"UOP02-DEL03-PE"
250880;2019-11-21;"quinta-feira";"07:05:00";"RS";287;315,6;"SAO VICENTE DO SUL";"Desobediência às normas de trânsito pelo condutor";"Colisão transversal";"Com Vítimas Fatais";"Pleno dia";"Crescente";"Sol";"Simples";"Reta;Interseção de Vias";"Não";2;1;0;0;1;0;0;2;-29,65357026;-54,52509284;"SPRF-RS";"DEL09-RS";"UOP01-DEL09-RS"
250881;2019-11-21;"quinta-feira";"07:15:00";"BA";324;622;"SALVADOR";"Não guardar distância de segurança";"Colisão traseira";"Com Vítimas Feridas";"Pleno dia";"Crescente";"Nublado";"Dupla";"Reta";"Sim";3;0;2;0;1;0;2;2;-12,91888605;-38,46502095;"SPRF-BA";"DEL01-BA";"UOP01-DEL01-BA"
250882;2019-11-21;"quinta-feira";"07:00:00";"BA";101;751,1;"ITABELA";"Velocidade Incompatível";"Colisão lateral";"Com Vítimas Feridas";"Pleno dia";"Crescente";"Nublado";"Simples";"Curva";"Não";5;0;2;0;2;4;2;7;-16,6187969;-39,54137832;"SPRF-BA";"DEL09-BA";"UOP01-DEL09-BA"
250885;2019-11-21;"quinta-feira";"06:30:00";"SC";153;99;"CONCORDIA";"Falta de Atenção à Condução";"Colisão transversal";"Com Vítimas Feridas";"Pleno dia";"Crescente";"Céu Claro";"Simples";"Reta";"Não";4;0;2;0;1;1;2;3;-27,235508;-51,951069;"SPRF-SC";"DEL07-SC";"UOP04-DEL07-SC"
250887;2019-11-21;"quinta-feira";"07:05:00";"SC";101;136,6;"BALNEARIO CAMBORIU";"Defeito Mecânico no Veículo";"Tombamento";"Com Vítimas Feridas";"Pleno dia";"Crescente";"Céu Claro";"Dupla";"Reta";"Sim";3;0;1;0;2;0;1;2;-27,008113;-48,617245;"SPRF-SC";"DEL04-SC";"UOP03-DEL04-SC"
250894;2019-11-21;"quinta-feira";"05:15:00";"GO";153;227;"HIDROLINA";"Falta de Atenção à Condução";"Colisão traseira";"Com Vítimas Feridas";"Amanhecer";"Crescente";"Garoa/Chuvisco";"Simples";"Aclive";"Não";3;0;1;0;1;3;1;5;-14,740367;-49,245876;"SPRF-GO";"DEL07-GO";"UOP01-DEL07-GO"
250901;2019-11-21;"quinta-feira";"06:15:00";"SC";470;117,6;"IBIRAMA";"Carga excessiva e/ou mal acondicionada";"Derramamento de carga";"Sem Vítimas";"Amanhecer";"Decrescente";"Céu Claro";"Simples";"Curva";"Sim";2;0;0;0;1;2;0;3;-27,081692;-49,502277;"SPRF-SC";"DEL04-SC";"UOP02-DEL04-SC"
250903;2019-11-21;"quinta-feira";"06:30:00";"SP";116;338;"JUQUITIBA";"Defeito Mecânico no Veículo";"Incêndio";"Sem Vítimas";"Pleno dia";"Decrescente";"Nublado";"Dupla";"Reta";"Sim";2;0;0;0;1;1;0;2;-23,990126;-47,147995;"SPRF-SP";"DEL04-SP";"UOP03-DEL04-SP"
250904;2019-06-30;"domingo";"16:45:00";"PR";376;665;"GUARATUBA";"Falta de Atenção à Condução";"Colisão traseira";"Com Vítimas Feridas";"Pleno dia";"Decrescente";"Céu Claro";"Dupla";"Reta;Aclive";"Não";5;0;0;2;2;1;2;4;-25,85455838;-48,95670808;"SPRF-PR";"DEL01-PR";"UOP04-DEL01-PR"
250908;2019-11-21;"quinta-feira";"07:25:00";"MS";262;218,1;"RIBAS DO RIO PARDO";"Condutor Dormindo";"Colisão lateral";"Com Vítimas Feridas";"Pleno dia";"Decrescente";"Céu Claro";"Simples";"Reta";"Não";3;0;0;1;1;1;1;3;-20,46762293;-53,55753201;"SPRF-MS";"DEL07-MS";"UOP02-DEL07-MS"
250914;2019-11-21;"quinta-feira";"09:20:00";"SC";101;451,6;"SAO JOAO DO SUL";"Falta de Atenção à Condução";"Saída de leito carroçável";"Com Vítimas Feridas";"Pleno dia";"Decrescente";"Céu Claro";"Múltipla";"Reta";"Não";2;0;1;0;0;1;1;2;-29,19295107;-49,75349665;"SPRF-SC";"DEL02-SC";"UOP02-DEL02-SC"
250922;2019-11-21;"quinta-feira";"09:50:00";"RO";364;236,1;"CACOAL";"Desobediência às normas de trânsito pelo condutor";"Colisão lateral";"Com Vítimas Fatais";"Pleno dia";"Crescente";"Sol";"Simples";"Reta";"Sim";3;1;0;0;1;2;0;4;-11,44587672;-61,43784993;"SPRF-RO";"DEL02-RO";"UOP02-DEL02-RO"
250923;2019-11-21;"quinta-feira";"11:00:00";"BA";116;24,8;"VITORIA DA CONQUISTA";"Desobediência às normas de trânsito pelo condutor";"Colisão traseira";"Com Vítimas Feridas";"Pleno dia";"Decrescente";"Céu Claro";"Simples";"Interseção de Vias";"Não";2;0;1;0;1;0;1;2;-14,85942;-40,7989;"SPRF-BA";"DEL08-BA";"UOP01-DEL08-BA"
250924;2019-11-21;"quinta-feira";"11:00:00";"SC";101;30,7;"JOINVILLE";"Defeito Mecânico no Veículo";"Colisão traseira";"Com Vítimas Feridas";"Pleno dia";"Decrescente";"Céu Claro";"Dupla";"Reta";"Não";4;0;1;0;2;3;1;6;-26,23291621;-48,91645432;"SPRF-SC";"DEL03-SC";"UOP01-DEL03-SC"
250933;2019-11-21;"quinta-feira";"11:45:00";"PR";369;520;"CASCAVEL";"Desobediência às normas de trânsito pelo condutor";"Colisão transversal";"Com Vítimas Feridas";"Pleno dia";"Crescente";"Céu Claro";"Simples";"Reta";"Sim";2;0;1;0;1;0;1;2;-24,9235;-53,3911;"SPRF-PR";"DEL04-PR";"UOP01-DEL04-PR"
250935;2019-11-21;"quinta-feira";"09:30:00";"ES";101;359;"ANCHIETA";"Velocidade Incompatível";"Colisão transversal";"Sem Vítimas";"Pleno dia";"Crescente";"Nublado";"Simples";"Aclive";"Não";4;0;0;0;2;3;0;5;-20,69768274;-40,71161014;"SPRF-ES";"DEL03-ES";"UOP01-DEL03-ES"
250937;2019-11-21;"quinta-feira";"11:15:00";"MG";381;793;"SAO GONCALO DO SAPUCAI";"Condutor Dormindo";"Colisão traseira";"Com Vítimas Feridas";"Pleno dia";"Decrescente";"Céu Claro";"Dupla";"Reta";"Não";3;0;1;0;1;3;1;5;-21,92033716;-45,60985394;"SPRF-MG";"DEL16-MG";"UOP02-DEL16-MG"
250938;2019-11-21;"quinta-feira";"11:20:00";"MS";463;4;"DOURADOS";"Falta de Atenção à Condução";"Colisão traseira";"Com Vítimas Feridas";"Pleno dia";"Crescente";"Céu Claro";"Simples";"Reta";"Não";4;0;1;0;2;1;1;3;-22,25932395;-54,842668;"SPRF-MS";"DEL04-MS";"UOP01-DEL04-MS"