"id";"data_inversa";"dia_semana";"horario";"uf";"br";"km";"municipio";"causa_acidente";"tipo_acidente";"classificacao_acidente";"fase_dia";"sentido_via";"condicao_metereologica";"tipo_pista";"tracado_via";"uso_solo";"pessoas";"mortos";"feridos_leves";"feridos_graves";"ilesos";"ignorados";"feridos";"veiculos";"latitude";"longitude";"regional";"delegacia";"uop"
250943;2019-11-21;"quinta-feira";"12:05:00";"PR";376;514,5;"PONTA GROSSA";"Falta de Atenção à Condução";"Colisão lateral";"Com Vítimas Feridas";"Pleno dia";"Crescente";"Sol";"Dupla";"Reta";"Não";5;0;2;0;3;0;2;2;-25,24355085;-50,02568722;"SPRF-PR";"DEL03-PR";"UOP04-DEL03-PR"
250944;2019-11-21;"quinta-feira";"13:10:00";"MG";381;831;"SAO SEBASTIAO DA BELA VISTA";"Condutor Dormindo";"Colisão traseira";"Com Vítimas Feridas";"Pleno dia";"Crescente";"Céu Claro";"Dupla";"Reta";"Não";3;0;1;0;2;0;1;3;-22,14509897;-45,81876904;"SPRF-MG";"DEL16-MG";"UOP01-DEL16-MG"
250947;2019-11-21;"quinta-feira";"11:30:00";"SP";153;289;"OCAUCU";"Defeito na Via";"Tombamento";"Com Vítimas Feridas";"Pleno dia";"Decrescente";"Céu Claro";"Simples";"Reta";"Sim";2;0;1;0;0;2;1;3;-22,482923;-49,889446;"SPRF-SP";"DEL07-SP";"UOP02-DEL07-SP"
250951;2019-11-21;"quinta-feira";"14:00:00";"AL";101;50,3;"FLEXEIRAS";"Falta de Atenção à Condução";"Colisão traseira";"Com Vítimas Feridas";"Pleno dia";"Crescente";"Céu Claro";"Dupla";"Curva";"Não";3;0;0;1;1;1;1;3;-9,23626636;-35,76617122;"SPRF-AL";"DEL01-AL";"UOP02-DEL01-AL"
250952;2019-11-21;"quinta-feira";"14:10:00";"RJ";116;57,9;"TERESOPOLIS";"Velocidade Incompatível";"Colisão frontal";"Com Vítimas Fatais";"Pleno dia";"Decrescente";"Garoa/Chuvisco";"Simples";"Curva";"Não";4;2;0;1;0;1;1;3;-22,21208668;-42,90068849;"SPRF-RJ";"DEL04-RJ";"UOP01-DEL04-RJ"
250953;2019-11-21;"quinta-feira";"14:10:00";"RS";116;249;"SAO LEOPOLDO";"Não guardar distância de segurança";"Colisão traseira";"Com Vítimas Feridas";"Pleno dia";"Decrescente";"Céu Claro";"Dupla";"Reta";"Sim";2;0;1;0;1;0;1;2;-29,7831804;-51,16099063;"SPRF-RS";"DEL01-RS";"UOP02-DEL01-RS"
250955;2019-11-21;"quinta-feira";"11:00:00";"MG";267;28,4;"ARGIRITA";"Velocidade Incompatível";"Tombamento";"Sem Vítimas";"Pleno dia";"Decrescente";"Nublado";"Simples";"Declive;Curva";"Não";1;0;0;0;1;0;0;1;-21,62799078;-42,83040926;"SPRF-MG";"DEL07-MG";"UOP01-DEL07-MG"
250963;2019-11-21;"quinta-feira";"14:00:00";"PE";101;5;"GOIANA";"Falta de Atenção à Condução";"Colisão traseira";"Com Vítimas Feridas";"Pleno dia";"Crescente";"Sol";"Múltipla";"Reta";"Não";2;0;1;0;0;1;1;2;-7,541764;-34,991394;"SPRF-PE";"DEL01-PE";"UOP02-DEL01-PE"
250969;2019-11-21;"quinta-feira";"15:06:00";"TO";153;393;"RIO DOS BOIS";"Carga excessiva e/ou mal acondicionada";"Tombamento";"Com Vítimas Feridas";"Pleno dia";"Decrescente";"Chuva";"Simples";"Reta";"Sim";2;0;1;0;0;2;1;3;-9,35274923;-48,5436847;"SPRF-TO";"DEL02-TO";"UOP02-DEL02-TO"
250971;2019-11-21;"quinta-feira";"15:05:00";"SC";101;41;"JOINVILLE";"Desobediência às normas de trânsito pelo condutor";"Colisão traseira";"Com Vítimas Feridas";"Pleno dia";"Crescente";"Céu Claro";"Simples";"Curva";"Sim";2;0;1;0;1;0;1;2;-26,3137666;-48,87401104;"SPRF-SC";"DEL03-SC";"UOP01-DEL03-SC"
250974;2019-09-20;"sexta-feira";"15:50:00";"RO";364;10,2;"VILHENA";"Objeto estático sobre o leito carroçável";"Colisão com objeto estático";"Com Vítimas Feridas";"Pleno dia";"Crescente";"Céu Claro";"Simples";"Reta";"Sim";4;0;2;0;1;1;2;3;-12,75194006;-60,10600907;"SPRF-RO";"DEL04-RO";"UOP01-DEL04-RO"
250975;2019-11-21;"quinta-feira";"15:00:00";"BA";101;735,1;"ITABELA";"Velocidade Incompatível";"Saída de leito carroçável";"Com Vítimas Feridas";"Pleno dia";"Decrescente";"Sol";"Simples";"Curva;Declive";"Não";4;0;1;2;0;1;3;2;-16,66540207;-39,50848205;"SPRF-BA";"DEL09-BA";"UOP01-DEL09-BA"
250985;2019-11-21;"quinta-feira";"10:00:00";"MG";50;128,2;"UBERABA";"Velocidade Incompatível";"Colisão lateral";"Com Vítimas Feridas";"Pleno dia";"Decrescente";"Sol";"Dupla";"Reta";"Não";3;0;1;0;1;1;1;3;-19,37184398;-48,07827086;"SPRF-MG";"DEL13-MG";"UOP01-DEL13-MG"
250990;2019-11-21;"quinta-feira";"17:40:00";"PR";376;458;"TIBAGI";"Falta de Atenção à Condução";"Colisão lateral";"Sem Vítimas";"Pleno dia";"Decrescente";"Céu Claro";"Dupla";"Curva";"Não";3;0;0;0;2;1;0;3;-24,94186091;-50,40407181;"SPRF-PR";"DEL03-PR";"UOP01-DEL03-PR"
251001;2019-11-21;"quinta-feira";"13:35:00";"TO";153;693,8;"CARIRI DO TOCANTINS";"Falta de Atenção à Condução";"Danos eventuais";"Sem Vítimas";"Pleno dia";"Crescente";"Sol";"Simples";"Reta";"Sim";2;0;0;0;1;3;0;4;-11,89559706;-49,16831388;"SPRF-TO";"DEL02-TO";"UOP02-DEL01-TO"
251017;2019-11-21;"quinta-feira";"18:45:00";"MG";40;521;"CONTAGEM";"Ultrapassagem Indevida";"Tombamento";"Com Vítimas Feridas";"Plena Noite";"Crescente";"Nublado";"Dupla";"Reta";"Não";2;0;1;0;0;1;1;2;-19,85651501;-44,07213222;"SPRF-MG";"DEL01-MG";"UOP02-DEL01-MG"
251029;2019-11-21;"quinta-feira";"22:45:00";"BA";116;461,9;"SANTO ESTEVAO";"Defeito na Via";"Tombamento";"Com Vítimas Feridas";"Plena Noite";"Crescente";"Céu Claro";"Simples";"Desvio Temporário;Reta;Em Obras";"Sim";2;0;1;0;0;2;1;3;-12,4487;-39,2469;"SPRF-BA";"DEL02-BA";"UOP01-DEL02-BA"
251033;2019-11-21;"quinta-feira";"15:40:00";"RJ";116;289;"BARRA MANSA";"Defeito Mecânico no Veículo";"Colisão com objeto estático";"Sem Vítimas";"Pleno dia";"Crescente";"Nublado";"Dupla";"Reta";"Não";2;0;0;0;2;0;0;1;-22,48279212;-44,25963807;"SPRF-RJ";"DEL07-RJ";"UOP02-DEL07-RJ"
251034;2019-11-21;"quinta-feira";"18:45:00";"SC";282;220,5;"LAGES";"Falta de Atenção do Pedestre";"Atropelamento de Pedestre";"Com Vítimas Feridas";"Anoitecer";"Decrescente";"Nublado";"Simples";"Rotatória";"Sim";3;0;0;1;1;1;1;3;-27,794014;-50,33363;"SPRF-SC";"DEL05-SC";"UOP01-DEL05-SC"
251037;2019-11-21;"quinta-feira";"23:15:00";"MG";267;84,4;"JUIZ DE FORA";"Agressão Externa";"Incêndio";"Sem Vítimas";"Plena Noite";"Crescente";"Céu Claro";"Simples";"Reta";"Não";2;0;0;0;1;1;0;2;-21,76835602;-43,24521601;"SPRF-MG";"DEL05-MG";"UOP01-DEL05-MG"
251046;2019-11-21;"quinta-feira";"17:00:00";"MA";316;603,8;"TIMON";"Não guardar distância de segurança";"Colisão traseira";"Com Vítimas Feridas";"Pleno dia";"Crescente";"Céu Claro";"Simples";"Reta";"Não";2;0;1;0;1;0;1;2;-5,038544;-42,931362;"SPRF-MA";"DEL03-MA";"UOP02-DEL03-MA"
251048;2019-11-21;"quinta-feira";"22:50:00";"MG";381;338;"NOVA ERA";"Falta de Atenção à Condução";"Colisão transversal";"Sem Vítimas";"Plena Noite";"Crescente";"Nublado";"Simples";"Curva";"Não";3;0;0;0;2;1;0;3;-19,82924241;-43,0894489;"SPRF-MG";"DEL03-MG";"UOP01-DEL03-MG"
251053;2019-11-22;"sexta-feira";"00:20:00";"PR";116;51;"CAMPINA GRANDE DO SUL";"Falta de Atenção à Condução";"Colisão traseira";"Com Vítimas Feridas";"Plena Noite";"Decrescente";"Céu Claro";"Dupla";"Curva";"Não";3;0;1;0;1;3;1;5;-25,24249703;-48,90292205;"SPRF-PR";"DEL01-PR";"UOP02-DEL01-PR"
251063;2019-11-22;"sexta-feira";"03:50:00";"PR";369;147,2;"LONDRINA";"Ingestão de Álcool";"Colisão traseira";"Com Vítimas Feridas";"Plena Noite";"Crescente";"Céu Claro";"Dupla";"Reta;Declive";"Sim";4;0;2;0;2;0;2;2;-23,29310416;-51,13480479;"SPRF-PR";"DEL07-PR";"UOP01-DEL07-PR"
251066;2019-11-22;"sexta-feira";"04:00:00";"RS";153;614,1;"HULHA NEGRA";"Condutor Dormindo";"Saída de leito carroçável";"Com Vítimas Feridas";"Plena Noite";"Crescente";"Céu Claro";"Simples";"Curva";"Não";1;0;0;1;0;0;1;1;-31,28298782;-53,91296825;"SPRF-RS";"DEL11-RS";"UOP03-DEL11-RS"
251074;2019-11-22;"sexta-feira";"04:50:00";"SC";282;640,4;"DESCANSO";"Falta de Atenção à Condução";"Colisão frontal";"Com Vítimas Feridas";"Amanhecer";"Decrescente";"Céu Claro";"Simples";"Declive;Curva";"Não";2;0;1;0;1;0;1;2;-26,788002;-53,458031;"SPRF-SC";"DEL07-SC";"UOP03-DEL07-SC"
251075;2019-11-21;"quinta-feira";"19:50:00";"PE";424;94,8;"GARANHUNS";"Carga excessiva e/ou mal acondicionada";"Tombamento";"Com Vítimas Fatais";"Plena Noite";"Crescente";"Céu Claro";"Simples";"Curva";"Não";4;1;1;2;0;0;3;2;-8,91590392;-36,48883344;"SPRF-PE";"DEL03-PE";"UOP01-DEL03-PE"
251076;2019-11-22;"sexta-feira";"07:00:00";"ES";101;260,5;"SERRA";"Velocidade Incompatível";"Colisão transversal";"Com Vítimas Feridas";"Pleno dia";"Decrescente";"Chuva";"Dupla";"Curva";"Sim";3;0;1;0;2;0;1;2;-20,14616415;-40,28836206;"SPRF-ES";"DEL02-ES";"UOP01-DEL02-ES"
251078;2019-11-22;"sexta-feira";"07:00:00";"RS";290;57,7;"GLORINHA";"Avarias e/ou desgaste excessivo no pneu";"Colisão traseira";"Com Vítimas Feridas";"Pleno dia";"Crescente";"Nublado";"Dupla";"Reta";"Não";2;0;1;0;1;0;1;2;-29,918623;-50,828213;"SPRF-RS";"DEL03-RS";"UOP01-DEL03-RS"
251079;2019-11-22;"sexta-feira";"05:20:00";"RS";293;175,2;"BAGE";"Falta de Atenção à Condução";"Colisão frontal";"Com Vítimas Feridas";"Amanhecer";"Crescente";"Nublado";"Simples";"Reta";"Não";3;0;0;1;2;0;1;2;-31,31783088;-54,00275695;"SPRF-RS";"DEL11-RS";"UOP03-DEL11-RS"
251082;2019-11-22;"sexta-feira";"06:45:00";"RS";116;227,1;"DOIS IRMAOS";"Desobediência às normas de trânsito pelo condutor";"Colisão lateral";"Com Vítimas Feridas";"Pleno dia";"Crescente";"Céu Claro";"Simples";"Curva";"Não";3;0;1;0;2;0;1;3;-29,60482402;-51,12527692;"SPRF-RS";"DEL01-RS";"UOP02-DEL01-RS"
251085;2019-11-21;"quinta-feira";"08:00:00";"MG";381;432;"SABARA";"Mal Súbito";"Saída de leito carroçável";"Com Vítimas Feridas";"Pleno dia";"Crescente";"Céu Claro";"Simples";"Reta";"Não";1;0;0;1;0;0;1;1;-19,78750571;-43,73981096;"SPRF-MG";"DEL01-MG";"UOP01-DEL01-MG"
251094;2019-11-22;"sexta-feira";"07:15:00";"SP";116;222;"GUARULHOS";"Não guardar distância de segurança";"Colisão traseira";"Com Vítimas Feridas";"Pleno dia";"Crescente";"Céu Claro";"Múltipla";"Reta";"Sim";2;0;1;0;1;0;1;2;-23,47093408;-46,51631097;"SPRF-SP";"DEL01-SP";"UOP01-DEL01-SP"
251099;2019-11-22;"sexta-feira";"07:00:00";"MT";364;341;"SANTO ANTONIO DO LEVERGER";"Falta de Atenção à Condução";"Saída de leito carroçável";"Com Vítimas Feridas";"Pleno dia";"Decrescente";"Céu Claro";"Dupla";"Aclive";"Não";2;0;1;0;0;2;1;3;-15,81936064;-55,52575137;"SPRF-MT";"DEL02-MT";"UOP02-DEL01-MT"
251100;2019-11-18;"segunda-feira";"23:05:00";"AM";174;913;"MANAUS";"Defeito Mecânico no Veículo";"Incêndio";"Sem Vítimas";"Plena Noite";"Crescente";"Céu Claro";"Simples";"Reta";"Não";1;0;0;0;1;0;0;1;-2,71723198;-60,04750388;"SPRF-AM";"DEL01-AM";"UOP01-DEL01-AM"
251109;2019-11-22;"sexta-feira";"07:50:00";"AL";101;171,6;"TEOTONIO VILELA";"Falta de Atenção à Condução";"Colisão transversal";"Com Vítimas Feridas";"Pleno dia";"Crescente";"Céu Claro";"Dupla";"Reta";"Não";5;0;0;1;3;1;1;5;-9,90913698;-36,33473799;"SPRF-AL";"DEL02-AL";"UOP02-DEL02-AL"
251113;2019-11-22;"sexta-feira";"09:45:00";"SC";101;173,1;"TIJUCAS";"Sinalização da via insuficiente ou inadequada";"Colisão com objeto estático";"Com Vítimas Feridas";"Pleno dia";"Crescente";"Sol";"Dupla";"Declive";"Não";3;0;1;0;1;1;1;3;-27,32203197;-48,62757785;"SPRF-SC";"DEL04-SC";"UOP03-DEL04-SC"
251114;2019-11-22;"sexta-feira";"11:00:00";"SC";101;211,1;"PALHOCA";"Falta de Atenção à Condução";"Colisão traseira";"Com Vítimas Feridas";"Pleno dia";"Decrescente";"Céu Claro";"Dupla";"Reta";"Sim";4;0;1;0;3;0;1;3;-27,62329313;-48,65245588;"SPRF-SC";"DEL01-SC";"UOP02-DEL01-SC"
251120;2019-11-22;"sexta-feira";"11:30:00";"SC";101;211;"PALHOCA";"Desobediência às normas de trânsito pelo condutor";"Colisão traseira";"Com Vítimas Feridas";"Pleno dia";"Decrescente";"Céu Claro";"Dupla";"Reta";"Sim";3;0;1;0;1;1;1;3;-27,62329313;-48,65245588;"SPRF-SC";"DEL01-SC";"UOP02-DEL01-SC"
251133;2019-11-22;"sexta-feira";"12:00:00";"DF";20;13;"BRASILIA";"Mal Súbito";"Colisão traseira";"Com Vítimas Feridas";"Pleno dia";"Crescente";"Céu Claro";"Dupla";"Reta";"Não";2;0;1;0;0;1;1;2;-15,638752;-47,749599;"SPRF-DF";"DEL02-DF";"UOP01-DEL02-DF"
251135;2019-11-22;"sexta-feira";"12:00:00";"PI";20;56;"SAO RAIMUNDO NONATO";"Falta de Atenção à Condução";"Colisão transversal";"Com Vítimas Feridas";"Pleno dia";"Decrescente";"Céu Claro";"Simples";"Reta";"Não";2;0;0;1;1;0;1;2;-8,97753673;-42,6641061;"SPRF-PI";"DEL03-PI";"UOP01-DEL03-PI"
251140;2019-11-22;"sexta-feira";"09:15:00";"SC";282;348;"CAMPOS NOVOS";"Ultrapassagem Indevida";"Colisão frontal";"Com Vítimas Feridas";"Pleno dia";"Crescente";"Céu Claro";"Simples";"Reta";"Não";6;0;3;1;2;0;4;2;-27,361637;-51,273197;"SPRF-SC";"DEL07-SC";"UOP06-DEL07-SC"
251144;2019-11-22;"sexta-feira";"05:00:00";"GO";153;406;"PIRENOPOLIS";"Agressão Externa";"Saída de leito carroçável";"Com Vítimas Feridas";"Amanhecer";"Crescente";"Céu Claro";"Simples";"Reta";"Não";2;0;1;0;0;1;1;2;-16,069815;-49,058235;"SPRF-GO";"DEL02-GO";"UOP01-DEL02-GO"
251147;2019-11-22;"sexta-feira";"12:10:00";"CE";116;1,6;"FORTALEZA";"Falta de Atenção à Condução";"Colisão transversal";"Com Vítimas Feridas";"Pleno dia";"Decrescente";"Céu Claro";"Dupla";"Reta";"Sim";2;0;1;0;1;0;1;2;-3,7667183;-38,51768628;"SPRF-CE";"DEL01-CE";"UOP02-DEL01-CE"
251148;2019-11-22;"sexta-feira";"11:50:00";"RS";116;40,5;"VACARIA";"Desobediência às normas de trânsito pelo condutor";"Colisão transversal";"Com Vítimas Feridas";"Pleno dia";"Crescente";"Céu Claro";"Simples";"Reta";"Sim";4;0;1;0;2;1;1;4;-28,51839098;-50,93942202;"SPRF-RS";"DEL05-RS";"UOP03-DEL05-RS"
251150;2019-11-15;"sexta-feira";"18:20:00";"MG";365;146;"PIRAPORA";"Velocidade Incompatível";"Colisão frontal";"Com Vítimas Fatais";"Plena Noite";"Decrescente";"Chuva";"Simples";"Curva";"Não";6;2;0;2;1;1;2;3;-17,26133688;-44,84929511;"SPRF-MG";"DEL12-MG";"UOP01-DEL12-MG"
251153;2019-11-22;"sexta-feira";"06:40:00";"ES";482;18,8;"CACHOEIRO DE ITAPEMIRIM";"Velocidade Incompatível";"Tombamento";"Com Vítimas Feridas";"Pleno dia";"Crescente";"Nublado";"Simples";"Curva";"Não";2;0;1;0;0;1;1;2;-20,8323342;-41,08891628;"SPRF-ES";"DEL03-ES";"UOP02-DEL03-ES"
251164;2019-11-22;"sexta-feira";"14:35:00";"RJ";101;182;"RIO DAS OSTRAS";"Defeito Mecânico no Veículo";"Incêndio";"Sem Vítimas";"Pleno dia";"Crescente";"Sol";"Simples";"Curva";"Não";2;0;0;0;1;1;0;2;-22,42331823;-42,0078668;"SPRF-RJ";"DEL02-RJ";"UOP04-DEL08-RJ"
251165;2019-11-22;"sexta-feira";"14:30:00";"RS";116;198,4;"PICADA CAFE";"Condutor Dormindo";"Colisão frontal";"Com Vítimas Feridas";"Pleno dia";"Crescente";"Chuva";"Simples";"Curva";"Não";5;0;1;0;4;0;1;2;-29,47732808;-51,14276201;"SPRF-RS";"DEL05-RS";"UOP02-DEL05-RS"
251167;2019-11-22;"sexta-feira";"14:15:00";"SC";101;188;"BIGUACU";"Velocidade Incompatível";"Colisão lateral";"Com Vítimas Feridas";"Pleno dia";"Crescente";"Céu Claro";"Dupla";"Reta";"Não";2;0;1;0;1;0;1;2;-27,45123421;-48,63370766;"SPRF-SC";"DEL01-SC";"UOP01-DEL01-SC"
251187;2019-11-22;"sexta-feira";"16:00:00";"RO";364;522;"ARIQUEMES";"Falta de Atenção à Condução";"Colisão traseira";"Com Vítimas Feridas";"Pleno dia";"Decrescente";"Céu Claro";"Simples";"Reta";"Não";6;0;1;0;5;0;1;2;-9,86143201;-63,05831311;"SPRF-RO";"DEL03-RO";"UOP01-DEL03-RO"
251195;2019-11-22;"sexta-feira";"17:00:00";"RJ";116;181;"NOVA IGUACU";"Falta de Atenção à Condução";"Engavetamento";"Com Vítimas Feridas";"Pleno dia";"Decrescente";"Céu Claro";"Dupla";"Reta";"Sim";6;0;1;0;5;0;1;5;-22,761312;-43,423492;"SPRF-RJ";"DEL01-RJ";"UOP02-DEL01-RJ"
251199;2019-11-22;"sexta-feira";"16:45:00";"RS";470;224;"GARIBALDI";"Desobediência às normas de trânsito pelo condutor";"Colisão transversal";"Com Vítimas Feridas";"Pleno dia";"Crescente";"Garoa/Chuvisco";"Simples";"Curva";"Não";4;0;1;0;2;1;1;4;-29,21351804;-51,51780626;"SPRF-RS";"DEL06-RS";"UOP01-DEL06-RS"
251200;2019-11-22;"sexta-feira";"15:30:00";"PI";135;421;"REDENCAO DO GURGUEIA";"Pista Escorregadia";"Tombamento";"Sem Vítimas";"Pleno dia";"Decrescente";"Céu Claro";"Simples";"Curva";"Não";2;0;0;0;1;3;0;4;-9,47776381;-44,71393637;"SPRF-PI";"DEL03-PI";"UOP02-DEL03-PI"
251201;2019-11-22;"sexta-feira";"16:30:00";"RS";290;70,8;"GRAVATAI";"Pista Escorregadia";"Saída de leito carroçável";"Com Vítimas Feridas";"Pleno dia";"Crescente";"Chuva";"Dupla";"Reta";"Não";1;0;0;1;0;0;1;1;-29,95033774;-50,9704417;"SPRF-RS";"DEL03-RS";"UOP01-DEL03-RS"
251204;2019-11-22;"sexta-feira";"17:45:00";"SC";470;60,1;"BLUMENAU";"Falta de Atenção à Condução";"Saída de leito carroçável";"Com Vítimas Feridas";"Pleno dia";"Crescente";"Céu Claro";"Simples";"Reta";"Não";4;0;1;0;2;1;1;3;-26,88138;-49,164543;"SPRF-SC";"DEL04-SC";"UOP01-DEL04-SC"
251210;2019-11-22;"sexta-feira";"17:50:00";"PR";116;11;"COLOMBO";"Falta de Atenção à Condução";"Colisão traseira";"Com Vítimas Feridas";"Pleno dia";"Crescente";"Nublado";"Dupla";"Reta";"Sim";2;0;0;1;0;1;1;2;-25,3727;-49,1408;"SPRF-PR";"DEL01-PR";"UOP01-DEL01-PR"
251213;2019-11-22;"sexta-feira";"18:00:00";"SP";116;462;"PARIQUERA-ACU";"Falta de Atenção do Pedestre";"Atropelamento de Pedestre";"Com Vítimas Fatais";"Pleno dia";"Crescente";"Céu Claro";"Dupla";"Reta";"Não";4;1;0;0;2;1;0;4;-24,6228914;-47,89579562;"SPRF-SP";"DEL05-SP";"UOP01-DEL05-SP"
251219;2019-11-22;"sexta-feira";"16:30:00";"MG";116;783,5;"LEOPOLDINA";"Velocidade Incompatível";"Tombamento";"Com Vítimas Feridas";"Pleno dia";"Decrescente";"Nublado";"Simples";"Curva";"Não";2;0;1;0;0;1;1;2;-21,63453389;-42,69665944;"SPRF-MG";"DEL07-MG";"UOP01-DEL07-MG"
251221;2019-11-22;"sexta-feira";"17:00:00";"PB";230;163;"CAMPINA GRANDE";"Falta de Atenção à Condução";"Colisão transversal";"Com Vítimas Feridas";"Plena Noite";"Crescente";"Vento";"Simples";"Reta";"Não";2;0;0;1;1;0;1;2;-7,2198;-35,9443;"SPRF-PB";"DEL02-PB";"UOP01-DEL02-PB"
251237;2019-11-22;"sexta-feira";"19:25:00";"PE";104;20;"TAQUARITINGA DO NORTE";"Defeito na Via";"Colisão lateral";"Com Vítimas Feridas";"Plena Noite";"Decrescente";"Céu Claro";"Simples";"Reta";"Não";5;0;2;1;1;1;3;3;-7,96316;-36,12465;"SPRF-PE";"DEL02-PE";"UOP01-DEL02-PE"
251240;2019-11-22;"sexta-feira";"19:35:00";"RS";386;352,6;"ESTRELA";"Falta de Atenção do Pedestre";"Atropelamento de Pedestre";"Com Vítimas Fatais";"Anoitecer";"Crescente";"Nublado";"Simples";"Reta";"Sim";2;1;0;0;1;0;0;2;-29,500067;-51,949615;"SPRF-RS";"DEL04-RS";"UOP02-DEL04-RS"
251242;2019-11-22;"sexta-feira";"17:30:00";"BA";116;671;"JEQUIE";"Falta de Atenção à Condução";"Colisão traseira";"Sem Vítimas";"Anoitecer";"Crescente";"Céu Claro";"Simples";"Reta";"Não";3;0;0;0;2;1;0;3;-13,84352917;-40,11063706;"SPRF-BA";"DEL03-BA";"UOP01-DEL03-BA"
251247;2019-04-12;"sexta-feira";"23:00:00";"AL";423;0,6;"OURO BRANCO";"Agressão Externa";"Colisão lateral";"Com Vítimas Feridas";"Plena Noite";"Crescente";"Céu Claro";"Simples";"Reta";"Não";5;0;4;0;1;0;4;2;-9,136322;-37,28789;"SPRF-AL";"DEL03-AL";"UOP02-DEL03-AL"
251252;2019-11-22;"sexta-feira";"19:35:00";"MS";60;124;"PARAISO DAS AGUAS";"Objeto estático sobre o leito carroçável";"Colisão com objeto estático";"Com Vítimas Feridas";"Plena Noite";"Crescente";"Céu Claro";"Simples";"Reta";"Não";3;0;0;1;1;1;1;3;-19,33354045;-53,43222793;"SPRF-MS";"DEL06-MS";"UOP02-DEL06-MS"
251258;2019-11-22;"sexta-feira";"20:45:00";"MG";262;518,9;"LUZ";"Velocidade Incompatível";"Colisão frontal";"Com Vítimas Feridas";"Plena Noite";"Crescente";"Chuva";"Simples";"Reta;Declive";"Não";2;0;0;1;1;0;1;2;-19,78572454;-45,6418258;"SPRF-MG";"DEL08-MG";"UOP03-DEL08-MG"
251263;2019-11-22;"sexta-feira";"08:40:00";"ES";101;368,7;"ANCHIETA";"Carga excessiva e/ou mal acondicionada";"Derramamento de carga";"Sem Vítimas";"Pleno dia";"Crescente";"Nublado";"Simples";"Curva";"Não";2;0;0;0;1;1;0;2;-20,753749;-40,75894999;"SPRF-ES";"DEL03-ES";"UOP01-DEL03-ES"
251266;2019-11-22;"sexta-feira";"20:10:00";"BA";101;751;"ITABELA";"Condutor Dormindo";"Tombamento";"Com Vítimas Feridas";"Plena Noite";"Decrescente";"Céu Claro";"Simples";"Declive;Curva";"Não";2;0;0;1;0;1;1;2;-16,61826316;-39,54185486;"SPRF-BA";"DEL09-BA";"UOP01-DEL09-BA"
251274;2019-11-22;"sexta-feira";"19:00:00";"RO";364;556;"ALTO PARAISO";"Defeito na Via";"Tombamento";"Sem Vítimas";"Plena Noite";"Decrescente";"Céu Claro";"Simples";"Aclive";"Não";2;0;0;0;1;1;0;2;-9,59786298;-63,07294379;"SPRF-RO";"DEL03-RO";"UOP01-DEL03-RO"
251280;2019-11-23;"sábado";"00:45:00";"ES";262;37,1;"DOMINGOS MARTINS";"Ingestão de álcool e/ou substâncias psicoativas pelo pedestre";"Atropelamento de Pedestre";"Com Vítimas Fatais";"Plena Noite";"Decrescente";"Nublado";"Simples";"Curva";"Não";2;1;0;0;0;1;0;2;-20,38127779;-40,61151172;"SPRF-ES";"DEL01-ES";"UOP01-DEL01-ES"
251284;2019-11-23;"sábado";"01:30:00";"MG";40;443,4;"PARAOPEBA";"Defeito Mecânico no Veículo";"Tombamento";"Sem Vítimas";"Plena Noite";"Crescente";"Chuva";"Dupla";"Curva";"Não";1;0;0;0;1;0;0;1;-19,28815;-44,392;"SPRF-MG";"DEL02-MG";"UOP01-DEL02-MG"
251292;2019-11-23;"sábado";"03:30:00";"SP";116;144;"SAO JOSE DOS CAMPOS";"Falta de Atenção à Condução";"Colisão traseira";"Com Vítimas Feridas";"Plena Noite";"Decrescente";"Céu Claro";"Dupla";"Reta";"Sim";3;0;1;0;1;1;1;3;-23,18274416;-45,84633592;"SPRF-SP";"DEL02-SP";"UOP01-DEL02-SP"
251298;2019-11-23;"sábado";"05:10:00";"MG";381;433,4;"SABARA";"Velocidade Incompatível";"Colisão transversal";"Com Vítimas Feridas";"Pleno dia";"Crescente";"Chuva";"Simples";"Curva";"Não";8;0;0;5;2;1;5;4;-19,79269213;-43,74585386;"SPRF-MG";"DEL01-MG";"UOP01-DEL01-MG"
251302;2019-11-23;"sábado";"05:30:00";"SC";101;58,2;"ARAQUARI";"Falta de Atenção à Condução";"Colisão lateral";"Com Vítimas Feridas";"Pleno dia";"Crescente";"Nublado";"Dupla";"Aclive";"Não";3;0;1;0;1;1;1;3;-26,44114242;-48,80066872;"SPRF-SC";"DEL03-SC";"UOP02-DEL03-SC"
251303;2019-11-23;"sábado";"04:47:00";"MT";364;371;"SANTO ANTONIO DO LEVERGER";"Condutor Dormindo";"Colisão traseira";"Com Vítimas Feridas";"Pleno dia";"Crescente";"Céu Claro";"Dupla";"Reta";"Não";5;0;2;0;2;4;2;7;-15,70649518;-55,70621659;"SPRF-MT";"DEL02-MT";"UOP02-DEL01-MT"
251307;2019-11-22;"sexta-feira";"17:00:00";"AP";156;384;"FERREIRA GOMES";"Velocidade Incompatível";"Tombamento";"Sem Vítimas";"Pleno dia";"Decrescente";"Céu Claro";"Simples";"Reta";"Não";2;0;0;0;0;2;0;2;0,88352597;-51,19925246;"SPRF-AP";"DEL01-AP";"UOP01-DEL01-AP"
251310;2019-10-17;"quinta-feira";"07:45:00";"MG";381;937,5;"EXTREMA";"Velocidade Incompatível";"Tombamento";"Com Vítimas Fatais";"Pleno dia";"Crescente";"Céu Claro";"Dupla";"Declive;Curva";"Não";4;1;0;0;2;1;0;4;-22,83554657;-46,32086698;"SPRF-MG";"DEL16-MG";"UOP03-DEL16-MG"