"id";"data_inversa";"dia_semana";"horario";"uf";"br";"km";"municipio";"causa_acidente";"tipo_acidente";"classificacao_acidente";"fase_dia";"sentido_via";"condicao_metereologica";"tipo_pista";"tracado_via";"uso_solo";"pessoas";"mortos";"feridos_leves";"feridos_graves";"ilesos";"ignorados";"feridos";"veiculos";"latitude";"longitude";"regional";"delegacia";"uop"
251317;2019-11-23;"sábado";"06:13:00";"PR";376;216,7;"JANDAIA DO SUL";"Falta de Atenção do Pedestre";"Atropelamento de Pedestre";"Com Vítimas Feridas";"Amanhecer";"Crescente";"Céu Claro";"Simples";"Declive";"Não";3;0;0;1;1;2;1;4;-23,59767281;-51,63339596;"SPRF-PR";"DEL07-PR";"UOP03-DEL07-PR"
251318;2019-11-21;"quinta-feira";"23:50:00";"CE";222;265;"COREAU";"Ingestão de Substâncias Psicoativas";"Colisão transversal";"Com Vítimas Fatais";"Plena Noite";"Decrescente";"Nublado";"Simples";"Reta";"Sim";2;1;0;0;0;1;0;2;-3,74873692;-40,69363201;"SPRF-CE";"DEL04-CE";"UOP02-DEL04-CE"
251320;2019-11-08;"sexta-feira";"10:10:00";"SC";282;29,8;"SANTO AMARO DA IMPERATRIZ";"Falta de Atenção à Condução";"Colisão frontal";"Com Vítimas Feridas";"Pleno dia";"Decrescente";"Céu Claro";"Simples";"Interseção de Vias;Declive;Reta";"Sim";8;0;1;0;6;2;1;7;-27,679737;-48,786785;"SPRF-SC";"DEL01-SC";"UOP03-DEL01-SC"
251332;2019-11-23;"sábado";"09:20:00";"PE";101;49,3;"ABREU E LIMA";"Não guardar distância de segurança";"Colisão traseira";"Com Vítimas Feridas";"Pleno dia";"Decrescente";"Céu Claro";"Múltipla";"Reta";"Sim";3;0;1;0;2;0;1;3;-7,9005152;-34,90180641;"SPRF-PE";"DEL01-PE";"UOP02-DEL01-PE"
251343;2019-11-23;"sábado";"06:45:00";"TO";153;423;"MIRANORTE";"Velocidade Incompatível";"Tombamento";"Sem Vítimas";"Amanhecer";"Crescente";"Sol";"Simples";"Reta";"Não";2;0;0;0;1;2;0;3;-9,60505403;-48,6269849;"SPRF-TO";"DEL02-TO";"UOP01-DEL01-TO"
251348;2019-11-23;"sábado";"09:50:00";"PR";376;599,9;"CURITIBA";"Não guardar distância de segurança";"Colisão lateral";"Com Vítimas Feridas";"Pleno dia";"Crescente";"Nublado";"Dupla";"Reta";"Sim";6;0;4;0;1;1;4;3;-25,52629711;-49,32958412;"SPRF-PR";"DEL01-PR";"UOP06-DEL01-PR"
251352;2019-11-23;"sábado";"08:10:00";"SP";116;508;"CAJATI";"Velocidade Incompatível";"Tombamento";"Com Vítimas Feridas";"Pleno dia";"Crescente";"Nublado";"Simples";"Curva";"Não";2;0;1;0;0;1;1;2;-24,81333299;-48,21310484;"SPRF-SP";"DEL05-SP";"UAP01-DEL05-SP"
251353;2019-11-23;"sábado";"10:40:00";"DF";70;6;"BRASILIA";"Desobediência às normas de trânsito pelo condutor";"Saída de leito carroçável";"Com Vítimas Feridas";"Pleno dia";"Crescente";"Nublado";"Dupla";"Reta";"Não";2;0;1;0;1;0;1;2;-15,791242;-48,105759;"SPRF-DF";"DEL01-DF";"UOP02-DEL03-DF"
251356;2019-11-23;"sábado";"10:40:00";"CE";304;48,5;"ARACATI";"Falta de Atenção à Condução";"Colisão lateral";"Com Vítimas Feridas";"Pleno dia";"Decrescente";"Céu Claro";"Dupla";"Reta";"Não";4;0;2;0;1;1;2;3;-4,57863423;-37,77996807;"SPRF-CE";"DEL03-CE";"UOP03-DEL03-CE"
251363;2019-11-23;"sábado";"11:00:00";"SP";153;27,8;"NOVA GRANADA";"Falta de Atenção à Condução";"Colisão transversal";"Com Vítimas Fatais";"Pleno dia";"Decrescente";"Céu Claro";"Simples";"Interseção de Vias";"Sim";5;1;0;4;0;0;4;2;-20,51309795;-49,32308726;"SPRF-SP";"DEL09-SP";"UOP01-DEL09-SP"
251364;2019-11-23;"sábado";"06:40:00";"SC";470;94;"APIUNA";"Objeto estático sobre o leito carroçável";"Tombamento";"Com Vítimas Feridas";"Pleno dia";"Decrescente";"Céu Claro";"Simples";"Reta";"Não";2;0;1;0;1;0;1;2;-27,003345;-49,374668;"SPRF-SC";"DEL04-SC";"UOP01-DEL04-SC"
251365;2019-11-23;"sábado";"04:20:00";"RO";364;94,1;"VILHENA";"Condutor Dormindo";"Colisão frontal";"Com Vítimas Fatais";"Amanhecer";"Crescente";"Céu Claro";"Simples";"Reta";"Não";4;1;0;1;1;2;1;4;-12,32612502;-60,63416009;"SPRF-RO";"DEL04-RO";"UOP01-DEL04-RO"
251383;2019-11-23;"sábado";"14:00:00";"RJ";116;163;"RIO DE JANEIRO";"Mal Súbito";"Colisão traseira";"Com Vítimas Feridas";"Pleno dia";"Crescente";"Céu Claro";"Simples";"Reta";"Sim";2;0;0;1;1;0;1;2;-22,802729;-43,290424;"SPRF-RJ";"DEL01-RJ";"UOP01-DEL01-RJ"
251386;2019-11-23;"sábado";"14:25:00";"PE";104;64;"CARUARU";"Ingestão de Álcool";"Tombamento";"Com Vítimas Feridas";"Pleno dia";"Crescente";"Céu Claro";"Dupla";"Reta";"Sim";1;0;1;0;0;0;1;1;-8,2783;-35,9815;"SPRF-PE";"DEL02-PE";"UOP01-DEL02-PE"
251393;2019-11-23;"sábado";"11:20:00";"BA";367;51;"PORTO SEGURO";"Não guardar distância de segurança";"Engavetamento";"Com Vítimas Feridas";"Pleno dia";"Crescente";"Céu Claro";"Simples";"Reta";"Não";4;0;1;0;3;0;1;3;-16,37318452;-39,30755012;"SPRF-BA";"DEL09-BA";"UOP01-DEL09-BA"
251398;2019-11-23;"sábado";"15:30:00";"RJ";393;281;"BARRA DO PIRAI";"Desobediência às normas de trânsito pelo condutor";"Colisão lateral";"Com Vítimas Feridas";"Pleno dia";"Decrescente";"Chuva";"Simples";"Reta";"Sim";2;0;2;0;0;0;2;2;-22,48025569;-44,02974901;"SPRF-RJ";"DEL05-RJ";"UOP04-DEL05-RJ"
251402;2019-11-23;"sábado";"16:00:00";"DF";70;6;"BRASILIA";"Falta de Atenção à Condução";"Colisão traseira";"Com Vítimas Feridas";"Pleno dia";"Decrescente";"Nublado";"Dupla";"Reta";"Não";2;0;1;0;1;0;1;2;-15,791242;-48,105759;"SPRF-DF";"DEL01-DF";"UOP02-DEL03-DF"
251403;2019-11-23;"sábado";"15:30:00";"MG";40;592,9;"OURO PRETO";"Pista Escorregadia";"Colisão com objeto estático";"Com Vítimas Feridas";"Pleno dia";"Decrescente";"Chuva";"Dupla";"Curva;Declive";"Não";2;0;0;1;1;0;1;1;-20,38067507;-43,90128711;"SPRF-MG";"DEL05-MG";"UOP02-DEL05-MG"
251405;2019-11-23;"sábado";"14:40:00";"MG";50;25;"ARAGUARI";"Defeito Mecânico no Veículo";"Danos eventuais";"Com Vítimas Feridas";"Pleno dia";"Crescente";"Chuva";"Dupla";"Declive;Curva";"Não";2;0;1;0;0;1;1;2;-18,61146226;-48,07749391;"SPRF-MG";"DEL15-MG";"UOP02-DEL15-MG"
251406;2019-11-23;"sábado";"15:25:00";"PR";476;159;"ARAUCARIA";"Desobediência às normas de trânsito pelo condutor";"Colisão frontal";"Com Vítimas Feridas";"Pleno dia";"Crescente";"Chuva";"Simples";"Reta";"Não";2;0;1;0;1;0;1;2;-25,617157;-49,43169;"SPRF-PR";"DEL01-PR";"UOP06-DEL01-PR"
251410;2019-11-23;"sábado";"15:10:00";"TO";153;678,6;"GURUPI";"Não guardar distância de segurança";"Engavetamento";"Com Vítimas Feridas";"Pleno dia";"Crescente";"Chuva";"Simples";"Reta";"Não";4;0;1;0;2;4;1;7;-11,77460203;-49,10744996;"SPRF-TO";"DEL02-TO";"UOP02-DEL01-TO"
251414;2019-11-23;"sábado";"15:40:00";"PR";277;353,3;"GUARAPUAVA";"Desobediência às normas de trânsito pelo condutor";"Colisão frontal";"Sem Vítimas";"Pleno dia";"Decrescente";"Nublado";"Simples";"Reta";"Sim";3;0;0;0;1;2;0;3;-25,40637608;-51,5518856;"SPRF-PR";"DEL03-PR";"UOP01-DEL08-PR"
251419;2019-11-23;"sábado";"16:30:00";"MG";381;572,9;"ITAGUARA";"Falta de Atenção à Condução";"Colisão traseira";"Com Vítimas Feridas";"Pleno dia";"Crescente";"Chuva";"Dupla";"Reta";"Não";4;0;0;1;2;1;1;4;-20,45206504;-44,5689098;"SPRF-MG";"DEL04-MG";"UOP03-DEL04-MG"
251420;2019-11-23;"sábado";"16:00:00";"MT";364;216,8;"RONDONOPOLIS";"Ingestão de Álcool";"Colisão lateral";"Sem Vítimas";"Pleno dia";"Crescente";"Céu Claro";"Dupla";"Reta";"Não";3;0;0;0;2;2;0;4;-16,376333;-54,717506;"SPRF-MT";"DEL02-MT";"UOP01-DEL02-MT"
251421;2019-11-23;"sábado";"16:50:00";"MS";262;101,5;"AGUA CLARA";"Defeito Mecânico no Veículo";"Tombamento";"Sem Vítimas";"Anoitecer";"Decrescente";"Sol";"Simples";"Curva";"Não";2;0;0;0;1;3;0;4;-20,56424555;-52,50232796;"SPRF-MS";"DEL07-MS";"UOP02-DEL07-MS"
251425;2019-11-23;"sábado";"15:30:00";"RS";287;355;"JAGUARI";"Defeito na Via";"Tombamento";"Com Vítimas Feridas";"Pleno dia";"Decrescente";"Céu Claro";"Simples";"Curva";"Não";5;0;0;1;3;1;1;2;-29,48301671;-54,68891144;"SPRF-RS";"DEL12-RS";"UOP02-DEL12-RS"
251426;2019-11-23;"sábado";"13:30:00";"BA";324;206;"OUROLANDIA";"Ultrapassagem Indevida";"Colisão lateral";"Com Vítimas Feridas";"Pleno dia";"Crescente";"Céu Claro";"Simples";"Reta";"Não";2;0;0;1;1;0;1;2;-10,76705387;-41,25749767;"SPRF-BA";"DEL04-BA";"UOP02-DEL04-BA"
251428;2019-11-23;"sábado";"18:00:00";"CE";116;168,9;"RUSSAS";"Ingestão de Álcool";"Colisão traseira";"Com Vítimas Feridas";"Plena Noite";"Decrescente";"Céu Claro";"Simples";"Reta";"Não";3;0;1;0;1;1;1;3;-4,99003627;-38,03467534;"SPRF-CE";"DEL03-CE";"UOP01-DEL03-CE"
251431;2019-11-23;"sábado";"17:30:00";"MG";381;438,9;"SABARA";"Falta de Atenção à Condução";"Engavetamento";"Sem Vítimas";"Anoitecer";"Crescente";"Chuva";"Simples";"Reta";"Sim";4;0;0;0;3;1;0;4;-19,79874715;-43,75614166;"SPRF-MG";"DEL01-MG";"UOP01-DEL01-MG"
251444;2019-11-23;"sábado";"14:40:00";"MS";60;104,3;"PARAISO DAS AGUAS";"Defeito Mecânico no Veículo";"Incêndio";"Sem Vítimas";"Pleno dia";"Crescente";"Nublado";"Simples";"Reta";"Não";2;0;0;0;1;2;0;3;-19,27894089;-53,25976308;"SPRF-MS";"DEL06-MS";"UOP02-DEL06-MS"
251449;2019-11-23;"sábado";"20:15:00";"SP";116;147;"SAO JOSE DOS CAMPOS";"Ingestão de Álcool";"Colisão lateral";"Com Vítimas Feridas";"Plena Noite";"Crescente";"Nublado";"Dupla";"Reta";"Não";3;0;1;0;0;2;1;2;-23,19486646;-45,87080598;"SPRF-SP";"DEL02-SP";"UOP01-DEL02-SP"
251452;2019-10-30;"quarta-feira";"19:40:00";"GO";80;69,3;"PADRE BERNARDO";"Velocidade Incompatível";"Tombamento";"Com Vítimas Feridas";"Plena Noite";"Crescente";"Garoa/Chuvisco";"Simples";"Aclive;Curva";"Não";2;0;1;0;0;2;1;3;-15,210366;-48,473693;"SPRF-DF";"DEL01-DF";"UOP02-DEL03-DF"
251453;2019-08-23;"sexta-feira";"08:30:00";"PA";10;353;"SANTA MARIA DO PARA";"Desobediência às normas de trânsito pelo condutor";"Colisão transversal";"Com Vítimas Fatais";"Pleno dia";"Decrescente";"Ignorado";"Simples";"Reta";"Sim";2;1;0;0;0;1;0;2;-1,35646249;-47,57423141;"SPRF-PA";"DEL01-PA";"UOP02-DEL01-PA"
251454;2019-11-23;"sábado";"20:40:00";"SP";116;5,4;"QUELUZ";"Falta de Atenção à Condução";"Colisão lateral";"Sem Vítimas";"Plena Noite";"Crescente";"Chuva";"Dupla";"Reta";"Não";4;0;0;0;4;0;0;2;-22,529476;-44,744602;"SPRF-SP";"DEL08-SP";"UOP02-DEL08-SP"
251464;2019-11-23;"sábado";"22:10:00";"PR";376;188,7;"MARIALVA";"Defeito Mecânico no Veículo";"Tombamento";"Com Vítimas Feridas";"Plena Noite";"Crescente";"Nublado";"Dupla";"Reta";"Não";3;0;2;0;1;0;2;2;-23,46634923;-51,82808011;"SPRF-PR";"DEL07-PR";"UOP01-DEL09-PR"
251476;2019-11-23;"sábado";"19:30:00";"MA";10;247,9;"IMPERATRIZ";"Ingestão de Álcool";"Atropelamento de Pedestre";"Com Vítimas Feridas";"Plena Noite";"Decrescente";"Céu Claro";"Simples";"Reta";"Sim";2;0;0;1;1;0;1;2;-5,573772;-47,443893;"SPRF-MA";"DEL04-MA";"UOP01-DEL04-MA"
251488;2019-11-23;"sábado";"23:30:00";"TO";153;666,9;"GURUPI";"Ingestão de Álcool";"Colisão lateral";"Com Vítimas Fatais";"Plena Noite";"Crescente";"Nublado";"Simples";"Reta";"Sim";2;1;0;0;1;0;0;2;-11,7016236;-49,07287538;"SPRF-TO";"DEL02-TO";"UOP02-DEL01-TO"
251490;2019-11-23;"sábado";"19:00:00";"MT";158;582,7;"AGUA BOA";"Animais na Pista";"Atropelamento de Animal";"Com Vítimas Feridas";"Anoitecer";"Crescente";"Céu Claro";"Simples";"Reta";"Não";6;0;3;1;1;2;4;4;-14,16458205;-52,19404327;"SPRF-MT";"DEL07-MT";"UOP02-DEL07-MT"
251497;2019-11-23;"sábado";"21:20:00";"PR";116;25;"CAMPINA GRANDE DO SUL";"Velocidade Incompatível";"Tombamento";"Com Vítimas Feridas";"Plena Noite";"Decrescente";"Chuva";"Dupla";"Reta";"Não";2;0;1;0;0;1;1;2;-25,10784511;-48,77548601;"SPRF-PR";"DEL01-PR";"UOP02-DEL01-PR"
251499;2019-11-24;"domingo";"00:15:00";"SC";101;163,5;"TIJUCAS";"Falta de Atenção do Pedestre";"Atropelamento de Pedestre";"Com Vítimas Fatais";"Plena Noite";"Crescente";"Nublado";"Dupla";"Reta";"Sim";2;1;0;0;1;0;0;2;-27,243868;-48,6309;"SPRF-SC";"DEL04-SC";"UOP03-DEL04-SC"
251501;2019-11-24;"domingo";"00:10:00";"ES";101;266,5;"SERRA";"Ingestão de Álcool";"Colisão traseira";"Com Vítimas Feridas";"Plena Noite";"Decrescente";"Chuva";"Dupla";"Interseção de Vias;Reta";"Sim";3;0;0;1;2;0;1;3;-20,190199;-40,26828891;"SPRF-ES";"DEL02-ES";"UOP01-DEL02-ES"
251510;2019-11-24;"domingo";"01:00:00";"RS";290;131,1;"ELDORADO DO SUL";"Falta de Atenção à Condução";"Colisão com objeto em movimento";"Com Vítimas Feridas";"Plena Noite";"Crescente";"Céu Claro";"Simples";"Reta";"Não";3;0;2;0;0;1;2;2;-30,060116;-51,520683;"SPRF-RS";"DEL02-RS";"UOP01-DEL02-RS"
251523;2019-11-24;"domingo";"00:30:00";"BA";407;157,2;"FILADELFIA";"Velocidade Incompatível";"Colisão com objeto estático";"Com Vítimas Feridas";"Plena Noite";"Decrescente";"Céu Claro";"Simples";"Reta";"Não";3;0;2;0;1;0;2;2;-10,72246704;-40,12296933;"SPRF-BA";"DEL04-BA";"UOP01-DEL04-BA"
251526;2019-11-24;"domingo";"04:48:00";"MG";153;230;"FRONTEIRA";"Ultrapassagem Indevida";"Colisão traseira";"Com Vítimas Feridas";"Amanhecer";"Decrescente";"Céu Claro";"Simples";"Curva";"Não";3;0;1;0;1;2;1;4;-20,18508456;-49,11705539;"SPRF-MG";"DEL13-MG";"UOP02-DEL13-MG"
251527;2019-11-24;"domingo";"01:30:00";"SC";116;74;"MONTE CASTELO";"Ingestão de Álcool";"Saída de leito carroçável";"Sem Vítimas";"Plena Noite";"Crescente";"Nublado";"Simples";"Reta";"Não";1;0;0;0;1;0;0;1;-26,50510886;-50,23328349;"SPRF-SC";"DEL06-SC";"UOP02-DEL06-SC"
251537;2019-11-24;"domingo";"03:45:00";"MG";116;688,6;"MURIAE";"Condutor Dormindo";"Saída de leito carroçável";"Com Vítimas Feridas";"Plena Noite";"Decrescente";"Chuva";"Simples";"Curva";"Não";2;0;1;0;0;1;1;2;-21,00463422;-42,36667213;"SPRF-MG";"DEL07-MG";"UOP02-DEL07-MG"
251540;2019-11-24;"domingo";"05:20:00";"PI";316;313,3;"PICOS";"Ingestão de Álcool";"Colisão traseira";"Com Vítimas Feridas";"Amanhecer";"Crescente";"Sol";"Simples";"Reta";"Sim";2;0;0;1;1;0;1;2;-7,07959049;-41,44975182;"SPRF-PI";"DEL04-PI";"UOP01-DEL04-PI"
251547;2019-11-24;"domingo";"06:20:00";"AL";101;150;"JEQUIA DA PRAIA";"Ingestão de Álcool";"Colisão lateral";"Com Vítimas Feridas";"Pleno dia";"Decrescente";"Céu Claro";"Simples";"Curva";"Não";3;0;1;1;0;1;2;3;-9,89281265;-36,14986086;"SPRF-AL";"DEL02-AL";"UOP02-DEL02-AL"
251549;2019-11-24;"domingo";"05:00:00";"SC";101;162;"TIJUCAS";"Ingestão de Álcool";"Tombamento";"Com Vítimas Feridas";"Amanhecer";"Decrescente";"Céu Claro";"Simples";"Reta";"Sim";2;0;1;0;1;0;1;1;-27,22554009;-48,6279367;"SPRF-SC";"DEL04-SC";"UOP03-DEL04-SC"
251568;2019-11-24;"domingo";"08:00:00";"PE";101;159;"GAMELEIRA";"Falta de Atenção à Condução";"Tombamento";"Com Vítimas Feridas";"Pleno dia";"Decrescente";"Céu Claro";"Dupla";"Curva";"Não";2;0;1;0;0;1;1;2;-8,55252537;-35,41389482;"SPRF-PE";"DEL01-PE";"UOP03-DEL01-PE"
251578;2019-11-24;"domingo";"07:30:00";"MT";70;544,5;"NOSSA SENHORA DO LIVRAMENTO";"Defeito Mecânico no Veículo";"Saída de leito carroçável";"Com Vítimas Feridas";"Pleno dia";"Decrescente";"Céu Claro";"Simples";"Curva";"Não";2;0;1;0;1;0;1;1;-15,67413964;-56,25251316;"SPRF-MT";"DEL01-MT";"DEL2/4-UOP02/MT"
251580;2019-11-24;"domingo";"07:50:00";"MS";163;837,8;"SONORA";"Falta de Atenção à Condução";"Tombamento";"Com Vítimas Feridas";"Pleno dia";"Decrescente";"Céu Claro";"Simples";"Reta";"Não";3;0;1;0;1;1;1;2;-17,582771;-54,74324964;"SPRF-MS";"DEL06-MS";"UOP01-DEL06-MS"
251584;2019-11-24;"domingo";"08:50:00";"BA";116;910,5;"ENCRUZILHADA";"Desobediência às normas de trânsito pelo condutor";"Colisão traseira";"Com Vítimas Feridas";"Pleno dia";"Crescente";"Céu Claro";"Simples";"Reta";"Não";3;0;0;1;1;1;1;3;-15,51895;-41,2414;"SPRF-BA";"DEL08-BA";"UOP03-DEL08-BA"
251588;2019-11-24;"domingo";"10:10:00";"AL";101;113,5;"PILAR";"Falta de Atenção à Condução";"Colisão transversal";"Com Vítimas Feridas";"Pleno dia";"Crescente";"Sol";"Simples";"Curva";"Não";4;0;2;0;1;1;2;3;-9,62855442;-36,03072188;"SPRF-AL";"DEL02-AL";"UOP01-DEL02-AL"
251591;2019-10-15;"terça-feira";"13:30:00";"PA";10;333;"SAO MIGUEL DO GUAMA";"Defeito Mecânico no Veículo";"Incêndio";"Sem Vítimas";"Pleno dia";"Decrescente";"Céu Claro";"Simples";"Reta";"Sim";1;0;0;0;1;0;0;1;-1,52847611;-47,51785935;"SPRF-PA";"DEL01-PA";"UOP02-DEL01-PA"
251597;2019-11-24;"domingo";"11:00:00";"MS";163;146,5;"NAVIRAI";"Falta de Atenção à Condução";"Colisão frontal";"Com Vítimas Fatais";"Pleno dia";"Crescente";"Céu Claro";"Simples";"Reta";"Não";7;3;0;1;2;2;1;5;-22,98868683;-54,40154884;"SPRF-MS";"DEL09-MS";"UOP01-DEL09-MS"
251614;2019-11-21;"quinta-feira";"19:30:00";"PR";163;245;"TOLEDO";"Ultrapassagem Indevida";"Colisão frontal";"Com Vítimas Feridas";"Plena Noite";"Decrescente";"Céu Claro";"Simples";"Reta";"Não";3;0;1;0;1;3;1;5;-24,717822;-53,711597;"SPRF-PR";"DEL06-PR";"UOP02-DEL06-PR"
251624;2019-11-24;"domingo";"15:32:00";"PR";373;234,8;"IMBITUVA";"Ultrapassagem Indevida";"Colisão frontal";"Com Vítimas Fatais";"Pleno dia";"Decrescente";"Céu Claro";"Simples";"Reta";"Não";5;1;0;2;1;1;2;3;-25,18453854;-50,70672388;"SPRF-PR";"DEL03-PR";"UOP01-DEL03-PR"
251631;2019-11-24;"domingo";"08:30:00";"MT";364;92,3;"ALTO GARCAS";"Falta de Atenção à Condução";"Colisão lateral";"Com Vítimas Feridas";"Pleno dia";"Crescente";"Céu Claro";"Simples";"Curva";"Não";4;0;1;0;2;3;1;5;-16,86083296;-53,737468;"SPRF-MT";"DEL02-MT";"UOP02-DEL02-MT"
251633;2019-11-24;"domingo";"16:20:00";"BA";324;574;"SAO SEBASTIAO DO PASSE";"Mal Súbito";"Colisão traseira";"Com Vítimas Feridas";"Pleno dia";"Crescente";"Céu Claro";"Dupla";"Reta";"Não";4;0;1;1;2;0;2;2;-12,56758892;-38,55238794;"SPRF-BA";"DEL01-BA";"UOP01-DEL01-BA"
251668;2019-11-24;"domingo";"11:20:00";"PA";163;989;"SANTAREM";"Carga excessiva e/ou mal acondicionada";"Tombamento";"Com Vítimas Feridas";"Pleno dia";"Crescente";"Céu Claro";"Simples";"Reta";"Não";1;0;1;0;0;0;1;1;-2,565797;-54,721375;"SPRF-PA";"DEL05-PA";"UOP01-DEL05-PA"
251672;2019-11-24;"domingo";"18:30:00";"TO";153;689,3;"CARIRI DO TOCANTINS";"Falta de Atenção à Condução";"Colisão lateral";"Com Vítimas Feridas";"Plena Noite";"Crescente";"Céu Claro";"Simples";"Reta";"Não";4;0;0;1;2;2;1;5;-11,86294093;-49,15274014;"SPRF-TO";"DEL02-TO";"UOP02-DEL01-TO"
251686;2019-07-08;"segunda-feira";"09:00:00";"MT";364;350;"SANTO ANTONIO DO LEVERGER";"Defeito Mecânico no Veículo";"Colisão lateral";"Com Vítimas Feridas";"Pleno dia";"Crescente";"Céu Claro";"Dupla";"Reta";"Não";6;0;1;0;4;5;1;8;-15,79377634;-55,58406115;"SPRF-MT";"DEL02-MT";"UOP02-DEL01-MT"
251691;2019-11-24;"domingo";"19:00:00";"BA";101;717,4;"EUNAPOLIS";"Ingestão de Álcool";"Colisão lateral";"Sem Vítimas";"Plena Noite";"Crescente";"Garoa/Chuvisco";"Múltipla";"Rotatória";"Sim";2;0;0;0;2;0;0;2;-16,36659753;-39,58205765;"SPRF-BA";"DEL09-BA";"UOP01-DEL09-BA"
251706;2019-11-24;"domingo";"21:00:00";"SP";116;543;"BARRA DO TURVO";"Falta de Atenção à Condução";"Colisão traseira";"Com Vítimas Feridas";"Plena Noite";"Decrescente";"Ignorado";"Dupla";"Curva";"Não";2;0;1;0;1;0;1;2;-24,96228975;-48,41383577;"SPRF-SP";"DEL05-SP";"UOP02-DEL05-SP"
251707;2019-11-24;"domingo";"20:50:00";"RJ";101;66;"CAMPOS DOS GOYTACAZES";"Ingestão de Álcool";"Colisão traseira";"Sem Vítimas";"Plena Noite";"Crescente";"Nublado";"Dupla";"Rotatória";"Sim";3;0;0;0;3;0;0;3;-21,76090387;-41,34788959;"SPRF-RJ";"DEL08-RJ";"UOP02-DEL08-RJ"
251712;2019-11-24;"domingo";"20:00:00";"PE";232;213;"PESQUEIRA";"Ingestão de Álcool";"Colisão lateral";"Com Vítimas Feridas";"Plena Noite";"Crescente";"Céu Claro";"Simples";"Reta";"Não";2;0;2;0;0;0;2;2;-8,37683577;-36,7222201;"SPRF-PE";"DEL03-PE";"UOP02-DEL03-PE"
251715;2019-11-24;"domingo";"22:18:00";"RN";110;47,7;"MOSSORO";"Desobediência às normas de trânsito pelo pedestre";"Atropelamento de Pedestre";"Com Vítimas Feridas";"Plena Noite";"Crescente";"Céu Claro";"Simples";"Reta";"Sim";2;0;0;1;0;1;1;2;-5,20338376;-37,32563418;"SPRF-RN";"DEL04-RN";"UOP01-DEL04-RN"
251721;2019-11-24;"domingo";"22:20:00";"GO";153;589;"PIRACANJUBA";"Ingestão de álcool e/ou substâncias psicoativas pelo pedestre";"Colisão lateral";"Sem Vítimas";"Plena Noite";"Crescente";"Chuva";"Dupla";"Reta";"Não";2;0;0;0;2;0;0;2;-17,4593;-49,2227;"SPRF-GO";"DEL03-GO";"UOP01-DEL03-GO"
251724;2019-11-24;"domingo";"21:08:00";"MT";163;718,4;"SORRISO";"Velocidade Incompatível";"Colisão frontal";"Sem Vítimas";"Plena Noite";"Decrescente";"Céu Claro";"Simples";"Reta";"Não";5;0;0;0;3;3;0;5;-12,824579;-55,826052;"SPRF-MT";"DEL06-MT";"UOP01-DEL06-MT"
251738;2019-11-24;"domingo";"21:00:00";"BA";116;470;"SANTO ESTEVAO";"Condutor Dormindo";"Tombamento";"Com Vítimas Feridas";"Plena Noite";"Decrescente";"Garoa/Chuvisco";"Dupla";"Reta";"Não";1;0;1;0;0;0;1;1;-12,4684054;-39,2866188;"SPRF-BA";"DEL02-BA";"UOP01-DEL02-BA"
251739;2019-11-25;"segunda-feira";"01:50:00";"GO";153;508,1;"APARECIDA DE GOIANIA";"Falta de Atenção à Condução";"Colisão traseira";"Com Vítimas Feridas";"Plena Noite";"Decrescente";"Céu Claro";"Dupla";"Aclive";"Sim";2;0;1;0;1;0;1;2;-16,7804;-49,2371;"SPRF-GO";"DEL01-GO";"UOP03-DEL01-GO"
251742;2019-11-24;"domingo";"17:10:00";"MT";364;42,8;"ALTO GARCAS";"Falta de Atenção à Condução";"Colisão lateral";"Sem Vítimas";"Pleno dia";"Crescente";"Nublado";"Simples";"Reta";"Não";4;0;0;0;3;6;0;9;-17,06702074;-53,46921444;"SPRF-MT";"DEL02-MT";"UOP02-DEL02-MT"
251747;2019-11-25;"segunda-feira";"03:50:00";"SC";101;189;"BIGUACU";"Falta de Atenção do Pedestre";"Atropelamento de Pedestre";"Com Vítimas Feridas";"Plena Noite";"Crescente";"Céu Claro";"Dupla";"Reta";"Sim";4;0;0;1;2;1;1;3;-27,459393;-48,638914;"SPRF-SC";"DEL01-SC";"UOP01-DEL01-SC"
251748;2019-11-25;"segunda-feira";"02:30:00";"DF";60;11;"BRASILIA";"Desobediência às normas de trânsito pelo condutor";"Colisão traseira";"Sem Vítimas";"Plena Noite";"Decrescente";"Nevoeiro/Neblina";"Dupla";"Reta";"Não";2;0;0;0;2;0;0;2;-15,911784;-48,157192;"SPRF-DF";"DEL01-DF";"UOP01-DEL03-DF"
251755;2019-11-25;"segunda-feira";"04:10:00";"PR";163;210;"CASCAVEL";"Condutor Dormindo";"Saída de leito carroçável";"Com Vítimas Feridas";"Plena Noite";"Crescente";"Céu Claro";"Simples";"Reta";"Não";1;0;0;1;0;0;1;1;-24,94362702;-53,53895883;"SPRF-PR";"DEL04-PR";"UOP05-DEL05-PR"
251766;2019-11-25;"segunda-feira";"01:00:00";"MT";70;375;"CAMPO VERDE";"Falta de Atenção à Condução";"Colisão frontal";"Com Vítimas Fatais";"Plena Noite";"Crescente";"Céu Claro";"Simples";"Reta";"Sim";2;1;0;0;1;0;0;2;-15,49384211;-55,08112299;"SPRF-MT";"DEL05-MT";"UOP01-DEL05-MT"
251771;2019-11-25;"segunda-feira";"07:30:00";"SC";470;45,9;"GASPAR";"Falta de Atenção à Condução";"Colisão com objeto em movimento";"Com Vítimas Feridas";"Pleno dia";"Decrescente";"Sol";"Simples";"Curva;Em Obras";"Sim";2;0;1;0;1;0;1;2;-26,86121326;-49,03653145;"SPRF-SC";"DEL04-SC";"UOP01-DEL04-SC"