"id";"data_inversa";"dia_semana";"horario";"uf";"br";"km";"municipio";"causa_acidente";"tipo_acidente";"classificacao_acidente";"fase_dia";"sentido_via";"condicao_metereologica";"tipo_pista";"tracado_via";"uso_solo";"pessoas";"mortos";"feridos_leves";"feridos_graves";"ilesos";"ignorados";"feridos";"veiculos";"latitude";"longitude";"regional";"delegacia";"uop"
251776;2019-11-25;"segunda-feira";"07:00:00";"ES";259;53;"COLATINA";"Não guardar distância de segurança";"Colisão traseira";"Com Vítimas Feridas";"Pleno dia";"Crescente";"Céu Claro";"Dupla";"Curva";"Não";2;0;0;1;1;0;1;2;-19,49989886;-40,62939795;"SPRF-ES";"DEL02-ES";"UOP01-DEL02-ES"
251778;2019-11-25;"segunda-feira";"05:35:00";"MG";116;778,9;"LEOPOLDINA";"Condutor Dormindo";"Colisão frontal";"Com Vítimas Feridas";"Pleno dia";"Crescente";"Nublado";"Simples";"Curva";"Não";5;0;0;3;0;3;3;5;-21,60837977;-42,69596393;"SPRF-MG";"DEL07-MG";"UOP01-DEL07-MG"
251780;2019-11-25;"segunda-feira";"03:20:00";"PR";277;31,8;"MORRETES";"Defeito Mecânico no Veículo";"Incêndio";"Sem Vítimas";"Plena Noite";"Decrescente";"Vento";"Dupla";"Declive;Curva";"Não";3;0;0;0;1;3;0;4;-25,52874613;-48,73512603;"SPRF-PR";"DEL01-PR";"UOP05-DEL01-PR"
251788;2019-11-25;"segunda-feira";"07:25:00";"AP";210;4,1;"MACAPA";"Falta de Atenção à Condução";"Colisão com objeto estático";"Sem Vítimas";"Pleno dia";"Crescente";"Céu Claro";"Dupla";"Curva";"Sim";2;0;0;0;1;1;0;2;0,08841;-51,09586;"SPRF-AP";"DEL01-AP";"UOP01-DEL01-AP"
251796;2019-11-25;"segunda-feira";"08:00:00";"PR";158;503;"CORONEL VIVIDA";"Falta de Atenção à Condução";"Colisão transversal";"Com Vítimas Feridas";"Pleno dia";"Crescente";"Céu Claro";"Simples";"Rotatória";"Sim";3;0;1;0;2;0;1;3;-25,99111233;-52,55704663;"SPRF-PR";"DEL02-PR";"UOP01-DEL02-PR"
251803;2019-11-25;"segunda-feira";"08:50:00";"TO";153;240;"COLINAS DO TOCANTINS";"Velocidade Incompatível";"Colisão transversal";"Com Vítimas Fatais";"Pleno dia";"Crescente";"Céu Claro";"Simples";"Reta";"Não";4;1;0;0;1;3;0;5;-7,994203;-48,46468483;"SPRF-TO";"DEL02-TO";"UOP01-DEL02-TO"
251819;2019-11-25;"segunda-feira";"07:20:00";"MG";153;246;"FRONTEIRA";"Defeito Mecânico no Veículo";"Tombamento";"Com Vítimas Feridas";"Pleno dia";"Crescente";"Céu Claro";"Simples";"Rotatória";"Não";1;0;1;0;0;0;1;1;-20,29847332;-49,20614844;"SPRF-MG";"DEL13-MG";"UOP02-DEL13-MG"
251822;2019-11-25;"segunda-feira";"11:35:00";"MT";163;604;"NOVA MUTUM";"Falta de Atenção à Condução";"Colisão frontal";"Com Vítimas Feridas";"Pleno dia";"Crescente";"Céu Claro";"Simples";"Reta";"Não";2;0;1;1;0;0;2;2;-13,54357108;-56,02627158;"SPRF-MT";"DEL01-MT";"UOP01-DEL01-MT"
251823;2019-11-25;"segunda-feira";"10:00:00";"MG";116;413,3;"GOVERNADOR VALADARES";"Falta de Atenção à Condução";"Colisão transversal";"Com Vítimas Feridas";"Pleno dia";"Crescente";"Nublado";"Simples";"Reta";"Sim";2;0;0;1;1;0;1;2;-18,873907;-41,966366;"SPRF-MG";"DEL06-MG";"UOP01-DEL06-MG"
251825;2019-11-25;"segunda-feira";"12:30:00";"RS";386;415,7;"MONTENEGRO";"Falta de Atenção à Condução";"Saída de leito carroçável";"Sem Vítimas";"Pleno dia";"Decrescente";"Céu Claro";"Dupla";"Reta";"Não";2;0;0;0;1;2;0;3;-29,817522;-51,473202;"SPRF-RS";"DEL04-RS";"UOP02-DEL04-RS"
251826;2019-11-25;"segunda-feira";"12:20:00";"SC";470;40,5;"GASPAR";"Falta de Atenção à Condução";"Colisão frontal";"Com Vítimas Feridas";"Pleno dia";"Decrescente";"Sol";"Simples";"Em Obras;Reta";"Sim";3;0;1;0;1;1;1;3;-26,889574;-48,99094;"SPRF-SC";"DEL04-SC";"UOP01-DEL04-SC"
251839;2019-10-20;"domingo";"09:15:00";"PR";116;109;"CURITIBA";"Falta de Atenção à Condução";"Colisão traseira";"Com Vítimas Feridas";"Pleno dia";"Crescente";"Nublado";"Dupla";"Reta";"Não";4;0;0;1;2;1;1;4;-25,57140489;-49,20748999;"SPRF-PR";"DEL01-PR";"UOP06-DEL01-PR"
251851;2019-03-06;"quarta-feira";"17:35:00";"PR";277;22;"PARANAGUA";"Falta de Atenção à Condução";"Colisão lateral";"Com Vítimas Feridas";"Pleno dia";"Decrescente";"Garoa/Chuvisco";"Dupla";"Reta";"Não";6;0;1;2;2;1;3;3;-25,54566194;-48,67953696;"SPRF-PR";"DEL01-PR";"UOP05-DEL01-PR"
251855;2019-11-25;"segunda-feira";"15:15:00";"SC";101;334,2;"TUBARAO";"Falta de Atenção à Condução";"Colisão lateral";"Com Vítimas Feridas";"Pleno dia";"Crescente";"Sol";"Simples";"Reta";"Sim";3;0;1;0;1;1;1;3;-28,47311347;-49,02437375;"SPRF-SC";"DEL02-SC";"UOP01-DEL02-SC"
251860;2019-11-25;"segunda-feira";"15:40:00";"SP";116;284;"EMBU DAS ARTES";"Mal Súbito";"Colisão com objeto estático";"Com Vítimas Fatais";"Pleno dia";"Crescente";"Sol";"Dupla";"Reta";"Sim";5;1;1;0;2;1;1;5;-23,69998;-46,867767;"SPRF-SP";"DEL04-SP";"UOP01-DEL04-SP"
251863;2019-11-25;"segunda-feira";"06:40:00";"BA";330;799;"JEQUIE";"Pista Escorregadia";"Colisão lateral";"Com Vítimas Fatais";"Pleno dia";"Crescente";"Garoa/Chuvisco";"Simples";"Curva";"Não";4;1;1;0;2;0;1;2;-13,94704706;-39,97659506;"SPRF-BA";"DEL03-BA";"UOP01-DEL03-BA"
251866;2019-11-25;"segunda-feira";"15:20:00";"RS";392;19,9;"RIO GRANDE";"Falta de Atenção do Pedestre";"Atropelamento de Pedestre";"Com Vítimas Fatais";"Pleno dia";"Crescente";"Céu Claro";"Dupla";"Reta";"Sim";3;1;0;0;1;1;0;3;-32,0879243;-52,18669807;"SPRF-RS";"DEL07-RS";"UOP02-DEL07-RS"
251869;2019-11-25;"segunda-feira";"15:45:00";"GO";60;100,7;"ANAPOLIS";"Velocidade Incompatível";"Saída de leito carroçável";"Sem Vítimas";"Pleno dia";"Decrescente";"Chuva";"Dupla";"Reta";"Sim";1;0;0;0;1;0;0;1;-16,3979;-48,9664;"SPRF-GO";"DEL02-GO";"UOP01-DEL02-GO"
251873;2019-11-25;"segunda-feira";"15:30:00";"MT";174;326;"PONTES E LACERDA";"Defeito Mecânico no Veículo";"Incêndio";"Sem Vítimas";"Pleno dia";"Crescente";"Céu Claro";"Simples";"Reta";"Não";2;0;0;0;1;1;0;2;-14,91435293;-59,29237257;"SPRF-MT";"DEL04-MT";"UOP01-DEL04-MT"
251875;2019-11-25;"segunda-feira";"16:00:00";"PE";101;70,2;"RECIFE";"Falta de Atenção à Condução";"Colisão lateral";"Sem Vítimas";"Pleno dia";"Crescente";"Sol";"Múltipla";"Reta";"Sim";3;0;0;0;2;1;0;3;-8,06776119;-34,94265074;"SPRF-PE";"DEL01-PE";"UOP01-DEL01-PE"
251877;2019-11-25;"segunda-feira";"15:20:00";"MT";163;64,4;"RONDONOPOLIS";"Falta de Atenção à Condução";"Tombamento";"Com Vítimas Feridas";"Pleno dia";"Decrescente";"Céu Claro";"Dupla";"Reta";"Não";2;0;1;0;0;2;1;3;-16,95344889;-54,73899332;"SPRF-MT";"DEL02-MT";"DEL2/2-UOP02/MT"
251883;2019-11-25;"segunda-feira";"11:52:00";"PR";277;585;"CASCAVEL";"Desobediência às normas de trânsito pelo condutor";"Colisão lateral";"Sem Vítimas";"Pleno dia";"Decrescente";"Céu Claro";"Múltipla";"Aclive";"Sim";2;0;0;0;2;0;0;2;-24,96400704;-53,41227401;"SPRF-PR";"DEL04-PR";"UOP01-DEL04-PR"
251887;2019-11-25;"segunda-feira";"12:10:00";"MG";116;541,4;"SANTA RITA DE MINAS";"Falta de Atenção à Condução";"Saída de leito carroçável";"Com Vítimas Feridas";"Pleno dia";"Decrescente";"Nublado";"Simples";"Curva";"Não";1;0;1;0;0;0;1;1;-19,89438795;-42,13395072;"SPRF-MG";"DEL06-MG";"UOP02-DEL06-MG"
251890;2019-11-25;"segunda-feira";"17:25:00";"RO";364;234,5;"CACOAL";"Falta de Atenção à Condução";"Colisão traseira";"Com Vítimas Feridas";"Pleno dia";"Decrescente";"Sol";"Simples";"Rotatória;Interseção de Vias";"Sim";4;0;1;0;3;0;1;2;-11,45655595;-61,42349597;"SPRF-RO";"DEL02-RO";"UOP02-DEL02-RO"
251915;2019-11-25;"segunda-feira";"20:00:00";"PE";101;86;"JABOATAO DOS GUARARAPES";"Desobediência às normas de trânsito pelo condutor";"Colisão lateral";"Com Vítimas Feridas";"Plena Noite";"Decrescente";"Céu Claro";"Simples";"Reta";"Sim";3;0;1;0;1;1;1;3;-8,195113;-34,957119;"SPRF-PE";"DEL01-PE";"UOP03-DEL01-PE"
251916;2019-11-25;"segunda-feira";"13:30:00";"BA";101;470;"URUCUCA";"Desobediência às normas de trânsito pelo condutor";"Tombamento";"Sem Vítimas";"Pleno dia";"Decrescente";"Nublado";"Simples";"Reta";"Não";3;0;0;0;3;0;0;3;-14,555758;-39,33536;"SPRF-BA";"DEL05-BA";"UOP01-DEL05-BA"
251918;2019-11-25;"segunda-feira";"17:00:00";"BA";116;742;"BOA NOVA";"Velocidade Incompatível";"Tombamento";"Sem Vítimas";"Anoitecer";"Decrescente";"Céu Claro";"Simples";"Reta";"Não";2;0;0;0;1;2;0;3;-14,37019003;-40,34587988;"SPRF-BA";"DEL08-BA";"UOP02-DEL08-BA"
251924;2019-11-25;"segunda-feira";"21:00:00";"DF";20;23;"BRASILIA";"Desobediência às normas de trânsito pelo condutor";"Colisão lateral";"Com Vítimas Feridas";"Plena Noite";"Decrescente";"Garoa/Chuvisco";"Dupla";"Reta";"Sim";4;0;1;0;3;0;1;2;-15,595297;-47,667912;"SPRF-DF";"DEL02-DF";"UOP01-DEL02-DF"
251925;2019-11-25;"segunda-feira";"19:00:00";"MA";316;442,2;"PERITORO";"Velocidade Incompatível";"Saída de leito carroçável";"Com Vítimas Feridas";"Plena Noite";"Crescente";"Chuva";"Simples";"Declive";"Não";2;0;1;0;0;1;1;2;-4,439673;-44,195518;"SPRF-MA";"DEL03-MA";"UOP01-DEL03-MA"
251937;2019-11-25;"segunda-feira";"20:25:00";"GO";50;111,2;"CRISTALINA";"Condutor Dormindo";"Colisão frontal";"Com Vítimas Fatais";"Plena Noite";"Decrescente";"Nublado";"Dupla";"Viaduto";"Não";3;1;0;0;1;2;0;4;-16,9309;-47,7117;"SPRF-DF";"DEL01-DF";"UOP02-DEL01-DF"
251938;2019-11-25;"segunda-feira";"16:40:00";"SC";470;249;"CURITIBANOS";"Defeito Mecânico no Veículo";"Derramamento de carga";"Sem Vítimas";"Pleno dia";"Decrescente";"Céu Claro";"Simples";"Rotatória";"Não";2;0;0;0;1;1;0;2;-27,31293745;-50,56168914;"SPRF-SC";"DEL05-SC";"UOP03-DEL05-SC"
251942;2019-11-25;"segunda-feira";"21:05:00";"RS";158;101,5;"PALMEIRA DAS MISSOES";"Desobediência às normas de trânsito pelo condutor";"Colisão transversal";"Com Vítimas Fatais";"Plena Noite";"Decrescente";"Céu Claro";"Simples";"Interseção de Vias";"Não";7;2;1;2;1;2;3;4;-27,88399774;-53,33587646;"SPRF-RS";"DEL08-RS";"UOP02-DEL08-RS"
251950;2019-11-25;"segunda-feira";"23:30:00";"PR";376;490,5;"PONTA GROSSA";"Falta de Atenção do Pedestre";"Atropelamento de Pedestre";"Com Vítimas Fatais";"Plena Noite";"Decrescente";"Nublado";"Dupla";"Aclive";"Não";2;1;0;0;0;1;0;2;-25,10447727;-50,195117;"SPRF-PR";"DEL03-PR";"UOP04-DEL03-PR"
251951;2019-11-25;"segunda-feira";"22:50:00";"SP";116;24,2;"LAVRINHAS";"Condutor Dormindo";"Colisão traseira";"Com Vítimas Feridas";"Plena Noite";"Crescente";"Céu Claro";"Múltipla";"Aclive";"Não";3;0;1;1;1;0;2;2;-22,59895814;-44,88797962;"SPRF-SP";"DEL08-SP";"UOP02-DEL08-SP"
251953;2019-11-26;"terça-feira";"00:50:00";"SP";381;82;"SAO PAULO";"Falta de Atenção à Condução";"Colisão com objeto estático";"Com Vítimas Feridas";"Plena Noite";"Decrescente";"Nublado";"Dupla";"Curva";"Sim";4;0;2;0;1;1;2;2;-23,42399;-46,575112;"SPRF-SP";"DEL03-SP";"UOP01-DEL03-SP"
251956;2019-11-26;"terça-feira";"00:01:00";"MT";174;446;"COMODORO";"Condutor Dormindo";"Saída de leito carroçável";"Com Vítimas Feridas";"Plena Noite";"Crescente";"Céu Claro";"Simples";"Curva";"Não";2;0;1;0;1;0;1;1;-14,006444;-59,750073;"SPRF-MT";"DEL04-MT";"UOP01-DEL04-MT"
251957;2019-11-26;"terça-feira";"00:45:00";"PR";376;670;"GUARATUBA";"Condutor Dormindo";"Colisão com objeto estático";"Sem Vítimas";"Plena Noite";"Decrescente";"Garoa/Chuvisco";"Dupla";"Reta";"Não";3;0;0;0;2;2;0;4;-25,87689214;-48,93585725;"SPRF-PR";"DEL01-PR";"UOP04-DEL01-PR"
251959;2019-11-26;"terça-feira";"00:05:00";"MG";267;21,5;"ARGIRITA";"Falta de Atenção à Condução";"Tombamento";"Com Vítimas Feridas";"Plena Noite";"Decrescente";"Nublado";"Simples";"Curva";"Não";2;0;0;2;0;0;2;1;-21,59274447;-42,78538272;"SPRF-MG";"DEL07-MG";"UOP01-DEL07-MG"
251961;2019-11-26;"terça-feira";"01:00:00";"SP";153;303,4;"CAMPOS NOVOS PAULISTA";"Condutor Dormindo";"Colisão traseira";"Com Vítimas Feridas";"Plena Noite";"Decrescente";"Nublado";"Simples";"Reta";"Não";3;0;1;0;2;0;1;2;-22,608229;-49,88957;"SPRF-SP";"DEL07-SP";"UOP03-DEL07-SP"
251963;2019-11-26;"terça-feira";"03:45:00";"MG";153;38;"CANAPOLIS";"Condutor Dormindo";"Colisão traseira";"Com Vítimas Feridas";"Plena Noite";"Crescente";"Nublado";"Dupla";"Reta";"Não";3;0;1;0;1;1;1;3;-18,73302108;-49,10715606;"SPRF-MG";"DEL15-MG";"UOP03-DEL15-MG"
251972;2019-11-26;"terça-feira";"05:00:00";"MT";364;271;"JACIARA";"Falta de Atenção à Condução";"Tombamento";"Com Vítimas Feridas";"Amanhecer";"Decrescente";"Céu Claro";"Dupla";"Curva";"Sim";3;0;1;0;1;1;1;3;-15,96671859;-54,9614959;"SPRF-MT";"DEL02-MT";"UOP02-DEL05-MT"
251976;2019-11-25;"segunda-feira";"22:00:00";"MG";354;730;"POUSO ALTO";"Mal Súbito";"Colisão com objeto estático";"Com Vítimas Feridas";"Plena Noite";"Crescente";"Céu Claro";"Simples";"Reta";"Não";1;0;1;0;0;0;1;1;-22,1646781;-44,96415906;"SPRF-MG";"DEL05-MG";"UOP01-DEL17-MG"
251979;2019-11-26;"terça-feira";"00:30:00";"BA";101;535;"SAO JOSE DA VITORIA";"Velocidade Incompatível";"Saída de leito carroçável";"Sem Vítimas";"Plena Noite";"Crescente";"Nublado";"Simples";"Reta";"Não";1;0;0;0;0;1;0;1;-15,16989712;-39,42512512;"SPRF-BA";"DEL05-BA";"UOP01-DEL05-BA"
251987;2019-11-26;"terça-feira";"08:30:00";"SC";101;121;"ITAJAI";"Falta de Atenção à Condução";"Colisão lateral";"Com Vítimas Feridas";"Pleno dia";"Decrescente";"Nublado";"Dupla";"Reta";"Sim";3;0;1;0;1;1;1;3;-26,92103178;-48,70856446;"SPRF-SC";"DEL04-SC";"UOP04-DEL04-SC"
251992;2019-11-26;"terça-feira";"08:25:00";"RS";290;95;"PORTO ALEGRE";"Falta de Atenção à Condução";"Colisão lateral";"Sem Vítimas";"Pleno dia";"Crescente";"Céu Claro";"Múltipla";"Reta";"Sim";3;0;0;0;3;0;0;2;-29,982832;-51,201572;"SPRF-RS";"DEL01-RS";"UOP01-DEL01-RS"
251993;2019-11-26;"terça-feira";"06:50:00";"SC";282;175,5;"BOCAINA DO SUL";"Falta de Atenção à Condução";"Colisão lateral";"Com Vítimas Feridas";"Pleno dia";"Crescente";"Nublado";"Simples";"Reta";"Não";3;0;2;0;1;0;2;2;-27,741552;-49,891914;"SPRF-SC";"DEL05-SC";"UOP01-DEL05-SC"
251995;2019-11-26;"terça-feira";"09:00:00";"PR";376;591;"CURITIBA";"Não guardar distância de segurança";"Colisão lateral";"Sem Vítimas";"Pleno dia";"Crescente";"Nublado";"Dupla";"Reta";"Não";4;0;0;0;2;5;0;7;-25,45999605;-49,35895013;"SPRF-PR";"DEL01-PR";"UOP06-DEL01-PR"
251997;2019-11-26;"terça-feira";"09:30:00";"SP";116;287,7;"ITAPECERICA DA SERRA";"Falta de Atenção à Condução";"Queda de ocupante de veículo";"Com Vítimas Feridas";"Pleno dia";"Decrescente";"Sol";"Simples";"Reta";"Sim";3;0;0;1;1;1;1;3;-23,70899181;-46,87306534;"SPRF-SP";"DEL04-SP";"UOP01-DEL04-SP"
251998;2019-11-26;"terça-feira";"07:30:00";"SC";282;505,1;"XANXERE";"Desobediência às normas de trânsito pelo condutor";"Colisão frontal";"Com Vítimas Feridas";"Pleno dia";"Crescente";"Nublado";"Simples";"Reta";"Não";3;0;1;0;1;1;1;3;-26,885883;-52,418762;"SPRF-SC";"DEL07-SC";"UOP01-DEL07-SC"
251999;2019-11-26;"terça-feira";"08:20:00";"ES";262;41,6;"DOMINGOS MARTINS";"Velocidade Incompatível";"Tombamento";"Com Vítimas Feridas";"Pleno dia";"Decrescente";"Céu Claro";"Simples";"Curva;Declive";"Não";2;0;1;0;0;1;1;2;-20,38611797;-40,65055501;"SPRF-ES";"DEL01-ES";"UOP01-DEL01-ES"
252000;2019-11-26;"terça-feira";"10:30:00";"AL";101;207;"SAO SEBASTIAO";"Falta de Atenção à Condução";"Colisão frontal";"Com Vítimas Feridas";"Pleno dia";"Crescente";"Céu Claro";"Simples";"Reta";"Não";5;0;2;1;0;2;3;3;-9,98952335;-36,58477684;"SPRF-AL";"DEL02-AL";"UOP02-DEL02-AL"
252001;2019-11-26;"terça-feira";"11:05:00";"MG";381;733,1;"CARMO DA CACHOEIRA";"Defeito Mecânico no Veículo";"Colisão com objeto em movimento";"Com Vítimas Feridas";"Pleno dia";"Crescente";"Sol";"Dupla";"Reta";"Não";4;0;1;0;1;2;1;4;-21,56277607;-45,24379974;"SPRF-MG";"DEL04-MG";"UOP02-DEL04-MG"
252003;2019-11-02;"sábado";"13:23:00";"PR";476;123;"CURITIBA";"Falta de Atenção à Condução";"Colisão lateral";"Com Vítimas Feridas";"Pleno dia";"Decrescente";"Céu Claro";"Dupla";"Reta";"Sim";2;0;1;0;1;0;1;2;-25,40110652;-49,21613216;"SPRF-PR";"DEL01-PR";"UOP07-DEL01-PR"
252005;2019-10-10;"quinta-feira";"03:40:00";"MG";267;163;"LIMA DUARTE";"Falta de Atenção à Condução";"Colisão lateral";"Com Vítimas Feridas";"Plena Noite";"Crescente";"Garoa/Chuvisco";"Simples";"Curva";"Não";3;0;1;0;1;2;1;4;-21,84875594;-43,81103439;"SPRF-MG";"DEL05-MG";"UOP01-DEL05-MG"
252007;2019-11-26;"terça-feira";"11:37:00";"BA";324;527,5;"FEIRA DE SANTANA";"Falta de Atenção à Condução";"Saída de leito carroçável";"Sem Vítimas";"Pleno dia";"Decrescente";"Chuva";"Dupla";"Reta";"Não";1;0;0;0;1;0;0;1;-12,323709;-38,867492;"SPRF-BA";"DEL01-BA";"UOP01-DEL01-BA"
252008;2019-11-26;"terça-feira";"12:15:00";"RS";116;243;"SAO LEOPOLDO";"Falta de Atenção do Pedestre";"Atropelamento de Pedestre";"Com Vítimas Feridas";"Pleno dia";"Decrescente";"Nublado";"Dupla";"Interseção de Vias";"Sim";3;0;0;1;1;1;1;3;-29,73196199;-51,14952004;"SPRF-RS";"DEL01-RS";"UOP02-DEL01-RS"
252009;2019-11-26;"terça-feira";"07:55:00";"RS";472;399;"SAO BORJA";"Falta de Atenção à Condução";"Saída de leito carroçável";"Com Vítimas Feridas";"Pleno dia";"Decrescente";"Chuva";"Simples";"Viaduto";"Não";2;0;1;0;0;1;1;2;-28,672972;-55,966007;"SPRF-RS";"DEL12-RS";"UOP01-DEL12-RS"
252014;2019-11-26;"terça-feira";"12:30:00";"PE";110;104;"SERTANIA";"Defeito Mecânico no Veículo";"Tombamento";"Sem Vítimas";"Pleno dia";"Decrescente";"Céu Claro";"Simples";"Curva";"Não";2;0;0;0;1;1;0;2;-8,3988809;-37,34819098;"SPRF-PE";"DEL03-PE";"UOP02-DEL03-PE"
252017;2019-11-26;"terça-feira";"13:00:00";"PE";408;105;"JABOATAO DOS GUARARAPES";"Falta de Atenção à Condução";"Derramamento de carga";"Sem Vítimas";"Pleno dia";"Crescente";"Sol";"Dupla";"Curva";"Sim";2;0;0;0;2;0;0;2;-8,08096544;-34,99026082;"SPRF-PE";"DEL01-PE";"UOP01-DEL01-PE"
252019;2019-11-26;"terça-feira";"13:30:00";"PB";230;259,6;"ASSUNCAO";"Velocidade Incompatível";"Saída de leito carroçável";"Com Vítimas Feridas";"Pleno dia";"Decrescente";"Céu Claro";"Simples";"Curva";"Não";1;0;0;1;0;0;1;1;-7,0085;-36,697;"SPRF-PB";"DEL03-PB";"UOP01-DEL03-PB"
252021;2019-11-26;"terça-feira";"13:40:00";"RS";392;101,7;"MORRO REDONDO";"Defeito Mecânico no Veículo";"Saída de leito carroçável";"Com Vítimas Feridas";"Pleno dia";"Crescente";"Nublado";"Simples";"Reta;Aclive";"Não";1;0;1;0;0;0;1;1;-31,53006815;-52,58461814;"SPRF-RS";"DEL07-RS";"UOP01-DEL07-RS"
252023;2019-11-26;"terça-feira";"12:20:00";"CE";222;1;"FORTALEZA";"Não guardar distância de segurança";"Colisão com objeto estático";"Com Vítimas Feridas";"Pleno dia";"Crescente";"Céu Claro";"Múltipla";"Reta";"Sim";5;0;1;0;4;0;1;2;-3,737804;-38,578061;"SPRF-CE";"DEL01-CE";"UOP01-DEL01-CE"
252038;2019-11-05;"terça-feira";"12:40:00";"SC";282;4;"FLORIANOPOLIS";"Desobediência às normas de trânsito pelo condutor";"Colisão transversal";"Com Vítimas Feridas";"Pleno dia";"Decrescente";"Céu Claro";"Múltipla";"Interseção de Vias";"Sim";3;0;1;0;2;0;1;2;-27,592646;-48,604034;"SPRF-SC";"DEL01-SC";"UOP01-DEL01-SC"
252044;2019-11-26;"terça-feira";"15:40:00";"RS";290;94;"PORTO ALEGRE";"Falta de Atenção à Condução";"Colisão transversal";"Com Vítimas Feridas";"Pleno dia";"Decrescente";"Nublado";"Dupla";"Reta";"Sim";8;0;6;0;2;0;6;3;-29,973856;-51,197853;"SPRF-RS";"DEL01-RS";"UOP01-DEL01-RS"
252047;2019-11-26;"terça-feira";"15:50:00";"PR";277;3;"PARANAGUA";"Falta de Atenção à Condução";"Colisão traseira";"Com Vítimas Feridas";"Pleno dia";"Decrescente";"Céu Claro";"Dupla";"Reta";"Não";4;0;1;0;2;1;1;3;-25,5205;-48,5095;"SPRF-PR";"DEL01-PR";"UOP05-DEL01-PR"
252050;2019-11-26;"terça-feira";"15:50:00";"MG";153;172,4;"COMENDADOR GOMES";"Falta de Atenção à Condução";"Tombamento";"Sem Vítimas";"Pleno dia";"Crescente";"Sol";"Dupla";"Interseção de Vias";"Não";2;0;0;0;1;1;0;2;-19,73059379;-48,97327423;"SPRF-MG";"DEL13-MG";"UOP02-DEL13-MG"
252051;2019-11-26;"terça-feira";"15:00:00";"MT";364;200;"RONDONOPOLIS";"Falta de Atenção à Condução";"Colisão traseira";"Com Vítimas Feridas";"Pleno dia";"Decrescente";"Chuva";"Dupla";"Interseção de Vias";"Sim";3;0;1;0;1;3;1;5;-16,49139855;-54,64642525;"SPRF-MT";"DEL02-MT";"UOP01-DEL02-MT"
252062;2019-11-26;"terça-feira";"17:40:00";"TO";153;226,7;"COLINAS DO TOCANTINS";"Falta de Atenção à Condução";"Tombamento";"Sem Vítimas";"Anoitecer";"Decrescente";"Nublado";"Simples";"Reta";"Não";2;0;0;0;1;1;0;2;-7,87160101;-48,45739218;"SPRF-TO";"DEL02-TO";"UOP01-DEL02-TO"
252063;2019-11-26;"terça-feira";"17:50:00";"RS";448;21;"PORTO ALEGRE";"Falta de Atenção à Condução";"Colisão com objeto estático";"Com Vítimas Feridas";"Pleno dia";"Crescente";"Chuva";"Dupla";"Aclive";"Não";3;0;0;1;1;1;1;3;-29,96574;-51,202034;"SPRF-RS";"DEL01-RS";"UOP01-DEL01-RS"
252065;2019-11-26;"terça-feira";"16:50:00";"RS";470;225;"GARIBALDI";"Desobediência às normas de trânsito pelo condutor";"Colisão transversal";"Com Vítimas Feridas";"Pleno dia";"Crescente";"Chuva";"Simples";"Retorno Regulamentado";"Não";2;0;1;0;1;0;1;2;-29,21454003;-51,51762617;"SPRF-RS";"DEL06-RS";"UOP01-DEL06-RS"
252075;2019-11-26;"terça-feira";"18:15:00";"RS";290;357;"VILA NOVA DO SUL";"Falta de Atenção à Condução";"Colisão lateral";"Sem Vítimas";"Anoitecer";"Crescente";"Chuva";"Simples";"Aclive";"Não";3;0;0;0;1;2;0;3;-30,377998;-53,743103;"SPRF-RS";"DEL09-RS";"UOP02-DEL09-RS"
252078;2019-11-26;"terça-feira";"12:40:00";"CE";116;238,7;"ALTO SANTO";"Falta de Atenção à Condução";"Saída de leito carroçável";"Com Vítimas Feridas";"Pleno dia";"Decrescente";"Céu Claro";"Simples";"Reta";"Não";2;0;2;0;0;0;2;1;-5,4334618;-38,31208713;"SPRF-CE";"DEL03-CE";"UOP01-DEL03-CE"
252082;2019-11-26;"terça-feira";"20:00:00";"PR";116;143,5;"MANDIRITUBA";"Desobediência às normas de trânsito pelo condutor";"Colisão frontal";"Com Vítimas Feridas";"Plena Noite";"Crescente";"Nublado";"Simples";"Reta";"Não";2;0;0;1;1;0;1;2;-25,75533595;-49,31864209;"SPRF-PR";"DEL01-PR";"UOP03-DEL01-PR"
252084;2019-11-26;"terça-feira";"14:19:00";"GO";364;355;"MINEIROS";"Pista Escorregadia";"Saída de leito carroçável";"Sem Vítimas";"Pleno dia";"Crescente";"Ignorado";"Simples";"Curva";"Não";2;0;0;0;0;3;0;3;-17,378584;-52,949085;"SPRF-GO";"DEL05-GO";"UOP01-DEL05-GO"
252088;2019-11-26;"terça-feira";"21:35:00";"SC";470;180;"POUSO REDONDO";"Velocidade Incompatível";"Colisão frontal";"Com Vítimas Feridas";"Plena Noite";"Crescente";"Chuva";"Simples";"Reta";"Não";3;0;1;0;1;1;1;3;-27,25066181;-49,98950958;"SPRF-SC";"DEL04-SC";"UOP02-DEL04-SC"
252089;2019-10-05;"sábado";"21:10:00";"BA";20;9;"CORRENTINA";"Ingestão de Álcool";"Colisão frontal";"Com Vítimas Fatais";"Plena Noite";"Crescente";"Céu Claro";"Simples";"Reta";"Não";3;1;0;0;2;0;0;2;-13,877584;-46,182962;"SPRF-BA";"DEL10-BA";"UOP01-DEL10-BA"
252090;2019-11-26;"terça-feira";"20:50:00";"MS";163;238,6;"CAARAPO";"Mal Súbito";"Saída de leito carroçável";"Com Vítimas Feridas";"Plena Noite";"Crescente";"Céu Claro";"Simples";"Reta";"Não";1;0;0;1;0;0;1;1;-22,4077448;-54,79636528;"SPRF-MS";"DEL04-MS";"UOP02-DEL04-MS"