"id";"data_inversa";"dia_semana";"horario";"uf";"br";"km";"municipio";"causa_acidente";"tipo_acidente";"classificacao_acidente";"fase_dia";"sentido_via";"condicao_metereologica";"tipo_pista";"tracado_via";"uso_solo";"pessoas";"mortos";"feridos_leves";"feridos_graves";"ilesos";"ignorados";"feridos";"veiculos";"latitude";"longitude";"regional";"delegacia";"uop"
252093;2019-11-26;"terça-feira";"16:20:00";"SC";153;50,6;"VARGEM BONITA";"Falta de Atenção à Condução";"Colisão traseira";"Com Vítimas Feridas";"Pleno dia";"Crescente";"Chuva";"Simples";"Reta";"Não";6;0;4;0;1;1;4;3;-26,911882;-51,791336;"SPRF-SC";"DEL07-SC";"UOP07-DEL07-SC"
252094;2019-11-26;"terça-feira";"15:40:00";"SC";282;445,7;"PONTE SERRADA";"Velocidade Incompatível";"Colisão lateral";"Com Vítimas Feridas";"Pleno dia";"Crescente";"Chuva";"Simples";"Curva";"Não";3;0;1;0;2;0;1;3;-26,908545;-51,905785;"SPRF-SC";"DEL07-SC";"UOP04-DEL07-SC"
252095;2019-11-26;"terça-feira";"21:40:00";"MG";153;1;"ARAPORA";"Pista Escorregadia";"Colisão lateral";"Com Vítimas Feridas";"Plena Noite";"Crescente";"Chuva";"Dupla";"Reta";"Não";2;0;0;1;1;0;1;2;-18,42608911;-49,19359032;"SPRF-MG";"DEL15-MG";"UOP03-DEL15-MG"
252097;2019-11-26;"terça-feira";"18:40:00";"SC";282;437,2;"VARGEM BONITA";"Falta de Atenção à Condução";"Colisão lateral";"Com Vítimas Feridas";"Plena Noite";"Decrescente";"Chuva";"Simples";"Rotatória";"Não";3;0;0;1;1;1;1;3;-26,96981367;-51,85443878;"SPRF-SC";"DEL07-SC";"UOP04-DEL07-SC"
252099;2019-11-26;"terça-feira";"20:45:00";"PR";476;233;"LAPA";"Velocidade Incompatível";"Derramamento de carga";"Sem Vítimas";"Pleno dia";"Crescente";"Garoa/Chuvisco";"Simples";"Curva";"Não";2;0;0;0;1;1;0;2;-25,882042;-50,008629;"SPRF-PR";"DEL02-PR";"UOP04-DEL02-PR"
252103;2019-11-26;"terça-feira";"23:40:00";"MG";381;686;"LAVRAS";"Condutor Dormindo";"Colisão traseira";"Com Vítimas Feridas";"Plena Noite";"Crescente";"Nublado";"Dupla";"Reta";"Não";3;0;1;0;1;2;1;4;-21,20030689;-45,11944438;"SPRF-MG";"DEL04-MG";"UOP02-DEL04-MG"
252104;2019-11-26;"terça-feira";"23:15:00";"GO";60;137,1;"GOIANIA";"Falta de Atenção à Condução";"Colisão lateral";"Com Vítimas Feridas";"Plena Noite";"Decrescente";"Nublado";"Múltipla";"Reta";"Sim";3;0;1;0;1;2;1;4;-16,603;-49,2023;"SPRF-GO";"DEL01-GO";"UOP01-DEL01-GO"
252107;2019-11-26;"terça-feira";"20:10:00";"PR";277;418,3;"CANTAGALO";"Defeito Mecânico no Veículo";"Incêndio";"Sem Vítimas";"Plena Noite";"Crescente";"Céu Claro";"Simples";"Reta";"Não";2;0;0;0;1;1;0;2;-25,41734033;-52,0708163;"SPRF-PR";"DEL04-PR";"UOP02-DEL04-PR"
252112;2019-11-26;"terça-feira";"18:40:00";"MA";226;237,5;"TUNTUM";"Falta de Atenção à Condução";"Atropelamento de Animal";"Com Vítimas Fatais";"Anoitecer";"Crescente";"Ignorado";"Simples";"Reta";"Não";2;1;0;0;1;0;0;2;-5,36977099;-44,76527701;"SPRF-MA";"DEL03-MA";"UOP01-DEL03-MA"
252115;2019-11-27;"quarta-feira";"02:15:00";"MG";381;764;"CAMPANHA";"Condutor Dormindo";"Colisão traseira";"Com Vítimas Fatais";"Plena Noite";"Decrescente";"Nublado";"Dupla";"Reta";"Não";4;1;1;0;0;3;1;5;-21,75303088;-45,39670305;"SPRF-MG";"DEL16-MG";"UOP02-DEL16-MG"
252116;2019-11-27;"quarta-feira";"03:10:00";"MG";40;398,9;"CURVELO";"Defeito Mecânico no Veículo";"Saída de leito carroçável";"Com Vítimas Feridas";"Plena Noite";"Decrescente";"Céu Claro";"Simples";"Reta";"Não";2;0;1;0;0;1;1;2;-19,0248;-44,6555;"SPRF-MG";"DEL02-MG";"UOP01-DEL02-MG"
252118;2019-11-27;"quarta-feira";"04:00:00";"SC";470;179,2;"POUSO REDONDO";"Velocidade Incompatível";"Colisão frontal";"Com Vítimas Fatais";"Plena Noite";"Crescente";"Chuva";"Simples";"Reta";"Não";4;2;0;1;0;1;1;3;-27,24883049;-49,98478889;"SPRF-SC";"DEL04-SC";"UOP02-DEL04-SC"
252120;2019-11-27;"quarta-feira";"01:00:00";"BA";101;841;"TEIXEIRA DE FREITAS";"Pista Escorregadia";"Tombamento";"Com Vítimas Feridas";"Plena Noite";"Decrescente";"Céu Claro";"Simples";"Curva";"Não";2;0;1;0;0;1;1;2;-17,44478792;-39,69338817;"SPRF-BA";"DEL09-BA";"UOP02-DEL09-BA"
252122;2019-11-27;"quarta-feira";"05:00:00";"CE";116;346,4;"JAGUARIBE";"Condutor Dormindo";"Tombamento";"Com Vítimas Feridas";"Amanhecer";"Crescente";"Céu Claro";"Simples";"Reta";"Não";2;0;1;0;0;1;1;2;-6,21122396;-38,66726608;"SPRF-CE";"DEL05-CE";"UOP02-DEL05-CE"
252123;2019-11-27;"quarta-feira";"05:00:00";"MG";381;817,5;"CAREACU";"Falta de Atenção à Condução";"Colisão traseira";"Com Vítimas Feridas";"Plena Noite";"Crescente";"Nublado";"Dupla";"Reta";"Não";3;0;0;1;1;1;1;3;-22,09779644;-45,71786074;"SPRF-MG";"DEL16-MG";"UOP02-DEL16-MG"
252124;2019-11-27;"quarta-feira";"05:50:00";"BA";407;118,8;"SENHOR DO BONFIM";"Condutor Dormindo";"Saída de leito carroçável";"Sem Vítimas";"Amanhecer";"Crescente";"Chuva";"Simples";"Reta";"Sim";1;0;0;0;1;0;0;1;-10,38660097;-40,17499908;"SPRF-BA";"DEL04-BA";"UOP01-DEL04-BA"
252126;2019-11-27;"quarta-feira";"05:20:00";"AL";101;151,1;"JEQUIA DA PRAIA";"Falta de Atenção à Condução";"Colisão traseira";"Com Vítimas Feridas";"Pleno dia";"Decrescente";"Céu Claro";"Dupla";"Declive";"Não";3;0;0;1;1;1;1;3;-9,8900974;-36,15847202;"SPRF-AL";"DEL02-AL";"UOP02-DEL02-AL"
252127;2019-11-27;"quarta-feira";"06:10:00";"PB";101;82;"BAYEUX";"Falta de Atenção à Condução";"Colisão traseira";"Sem Vítimas";"Pleno dia";"Decrescente";"Céu Claro";"Múltipla";"Retorno Regulamentado";"Sim";2;0;0;0;2;0;0;2;-7,12911;-34,93714;"SPRF-PB";"DEL01-PB";"UOP01-DEL01-PB"
252130;2019-11-27;"quarta-feira";"05:00:00";"MT";364;360,7;"SANTO ANTONIO DO LEVERGER";"Velocidade Incompatível";"Tombamento";"Com Vítimas Feridas";"Amanhecer";"Decrescente";"Nublado";"Dupla";"Curva";"Não";2;0;1;0;0;2;1;3;-15,80125579;-55,65961361;"SPRF-MT";"DEL02-MT";"UOP02-DEL01-MT"
252131;2019-11-27;"quarta-feira";"06:00:00";"SC";470;144;"RIO DO SUL";"Condutor Dormindo";"Colisão traseira";"Com Vítimas Feridas";"Pleno dia";"Crescente";"Nevoeiro/Neblina";"Simples";"Reta";"Não";3;0;1;0;1;3;1;5;-27,235138;-49,677608;"SPRF-SC";"DEL04-SC";"UOP02-DEL04-SC"
252132;2019-11-27;"quarta-feira";"04:15:00";"PR";116;14;"CAMPINA GRANDE DO SUL";"Velocidade Incompatível";"Engavetamento";"Sem Vítimas";"Plena Noite";"Decrescente";"Chuva";"Dupla";"Curva";"Não";4;0;0;0;3;2;0;5;-25,09836429;-48,67391969;"SPRF-PR";"DEL01-PR";"UOP02-DEL01-PR"
252134;2019-11-27;"quarta-feira";"06:50:00";"GO";50;241;"CATALAO";"Condutor Dormindo";"Saída de leito carroçável";"Com Vítimas Feridas";"Pleno dia";"Crescente";"Céu Claro";"Simples";"Reta";"Não";2;0;1;0;0;1;1;2;-17,8922;-47,7935;"SPRF-GO";"DEL06-GO";"UOP01-DEL06-GO"
252141;2019-11-27;"quarta-feira";"07:15:00";"PR";476;126;"CURITIBA";"Velocidade Incompatível";"Saída de leito carroçável";"Sem Vítimas";"Pleno dia";"Decrescente";"Chuva";"Múltipla";"Reta";"Sim";2;0;0;0;1;1;0;2;-25,416758;-49,223446;"SPRF-PR";"DEL01-PR";"UOP07-DEL01-PR"
252151;2019-11-27;"quarta-feira";"08:30:00";"PR";376;650,5;"TIJUCAS DO SUL";"Falta de Atenção à Condução";"Saída de leito carroçável";"Com Vítimas Feridas";"Pleno dia";"Decrescente";"Chuva";"Dupla";"Reta";"Não";2;0;1;0;0;1;1;2;-25,84564757;-49,08816197;"SPRF-PR";"DEL01-PR";"UOP04-DEL01-PR"
252156;2019-11-27;"quarta-feira";"08:30:00";"SP";116;531,4;"BARRA DO TURVO";"Pista Escorregadia";"Colisão traseira";"Com Vítimas Fatais";"Pleno dia";"Crescente";"Chuva";"Dupla";"Reta";"Não";6;1;0;1;1;3;1;4;-24,95040608;-48,31521291;"SPRF-SP";"DEL05-SP";"UOP02-DEL05-SP"
252159;2019-11-27;"quarta-feira";"07:50:00";"MA";10;253;"IMPERATRIZ";"Falta de Atenção à Condução";"Colisão traseira";"Com Vítimas Feridas";"Pleno dia";"Decrescente";"Céu Claro";"Simples";"Interseção de Vias";"Sim";4;0;2;0;1;1;2;3;-5,526911;-47,471455;"SPRF-MA";"DEL04-MA";"UOP01-DEL04-MA"
252167;2019-11-27;"quarta-feira";"08:40:00";"MT";163;686;"LUCAS DO RIO VERDE";"Falta de Atenção à Condução";"Colisão traseira";"Com Vítimas Feridas";"Pleno dia";"Crescente";"Céu Claro";"Simples";"Curva";"Sim";3;0;1;0;2;0;1;2;-13,08482887;-55,94238281;"SPRF-MT";"DEL06-MT";"UOP01-DEL06-MT"
252168;2019-11-27;"quarta-feira";"06:20:00";"SP";116;545;"BARRA DO TURVO";"Pista Escorregadia";"Tombamento";"Com Vítimas Feridas";"Pleno dia";"Crescente";"Chuva";"Simples";"Curva";"Não";4;0;0;1;1;2;1;4;-24,95016699;-48,42400302;"SPRF-SP";"DEL05-SP";"UOP02-DEL05-SP"
252172;2019-11-27;"quarta-feira";"06:30:00";"BA";101;50;"ENTRE RIOS";"Defeito Mecânico no Veículo";"Incêndio";"Sem Vítimas";"Pleno dia";"Crescente";"Chuva";"Dupla";"Aclive";"Não";2;0;0;0;1;1;0;2;-11,87811845;-38,00489729;"SPRF-BA";"DEL01-BA";"UOP04-DEL01-BA"
252175;2019-11-27;"quarta-feira";"10:00:00";"PR";277;163;"PALMEIRA";"Falta de Atenção à Condução";"Colisão transversal";"Com Vítimas Feridas";"Pleno dia";"Crescente";"Chuva";"Simples";"Aclive;Curva";"Não";6;0;1;2;2;1;3;3;-25,47289;-49,895964;"SPRF-PR";"DEL01-PR";"UOP06-DEL01-PR"
252178;2019-11-27;"quarta-feira";"10:30:00";"RS";290;108;"ELDORADO DO SUL";"Defeito na Via";"Colisão lateral";"Com Vítimas Feridas";"Pleno dia";"Decrescente";"Chuva";"Dupla";"Reta";"Sim";3;0;2;0;1;0;2;2;-30,006546;-51,312927;"SPRF-RS";"DEL02-RS";"UOP01-DEL02-RS"
252182;2019-11-27;"quarta-feira";"10:00:00";"RS";448;13;"CANOAS";"Defeito Mecânico no Veículo";"Colisão traseira";"Com Vítimas Feridas";"Pleno dia";"Crescente";"Garoa/Chuvisco";"Dupla";"Reta";"Não";2;0;1;0;1;0;1;2;-29,91893524;-51,23345375;"SPRF-RS";"DEL01-RS";"UOP01-DEL01-RS"
252187;2019-11-27;"quarta-feira";"10:50:00";"PR";116;82;"PIRAQUARA";"Desobediência às normas de trânsito pelo condutor";"Colisão lateral";"Com Vítimas Feridas";"Pleno dia";"Decrescente";"Chuva";"Dupla";"Reta";"Não";6;0;2;0;3;1;2;3;-25,41529716;-49,0678198;"SPRF-PR";"DEL01-PR";"UOP01-DEL01-PR"
252189;2019-11-27;"quarta-feira";"08:00:00";"RO";364;307;"PRESIDENTE MEDICI";"Defeito na Via";"Tombamento";"Com Vítimas Feridas";"Pleno dia";"Crescente";"Céu Claro";"Simples";"Reta";"Não";3;0;1;0;1;2;1;4;-11,181447;-61,90154;"SPRF-RO";"DEL02-RO";"UOP01-DEL02-RO"
252193;2019-11-27;"quarta-feira";"11:00:00";"BA";116;273;"TUCANO";"Pista Escorregadia";"Colisão transversal";"Com Vítimas Feridas";"Pleno dia";"Crescente";"Chuva";"Simples";"Reta";"Não";3;0;1;0;1;2;1;4;-10,953356;-38,795472;"SPRF-BA";"DEL07-BA";"UOP02-DEL07-BA"
252197;2019-11-27;"quarta-feira";"10:50:00";"PI";343;472,4;"ANGICAL DO PIAUI";"Defeito Mecânico no Veículo";"Colisão transversal";"Sem Vítimas";"Pleno dia";"Decrescente";"Sol";"Simples";"Reta";"Sim";2;0;0;0;2;0;0;2;-6,109703;-42,724323;"SPRF-PI";"DEL01-PI";"UOP02-DEL01-PI"
252202;2019-11-27;"quarta-feira";"12:50:00";"PR";376;134,8;"NOVA ESPERANCA";"Pista Escorregadia";"Colisão traseira";"Com Vítimas Fatais";"Pleno dia";"Decrescente";"Chuva";"Dupla";"Interseção de Vias";"Sim";4;1;0;0;1;2;0;4;-23,19362389;-52,20402718;"SPRF-PR";"DEL07-PR";"UOP02-DEL09-PR"
252208;2019-11-27;"quarta-feira";"11:50:00";"GO";364;324;"PORTELANDIA";"Defeito Mecânico no Veículo";"Tombamento";"Sem Vítimas";"Plena Noite";"Crescente";"Chuva";"Simples";"Curva";"Não";2;0;0;0;1;2;0;3;-17,39908;-52,663017;"SPRF-GO";"DEL05-GO";"UOP01-DEL05-GO"
252209;2019-11-27;"quarta-feira";"12:30:00";"SC";101;121,6;"ITAJAI";"Falta de Atenção à Condução";"Colisão com objeto estático";"Com Vítimas Feridas";"Pleno dia";"Decrescente";"Nublado";"Dupla";"Reta";"Sim";1;0;1;0;0;0;1;1;-26,92103178;-48,70856446;"SPRF-SC";"DEL04-SC";"UOP04-DEL04-SC"
252215;2019-11-27;"quarta-feira";"10:10:00";"SC";470;179,1;"POUSO REDONDO";"Falta de Atenção à Condução";"Colisão lateral";"Com Vítimas Feridas";"Pleno dia";"Crescente";"Chuva";"Simples";"Reta";"Não";4;0;1;0;2;1;1;3;-27,247908;-49,977165;"SPRF-SC";"DEL04-SC";"UOP02-DEL04-SC"
252216;2019-11-27;"quarta-feira";"11:00:00";"SC";470;156;"TROMBUDO CENTRAL";"Falta de Atenção à Condução";"Colisão lateral";"Sem Vítimas";"Pleno dia";"Decrescente";"Chuva";"Simples";"Curva";"Não";3;0;0;0;2;2;0;4;-27,281332;-49,760201;"SPRF-SC";"DEL04-SC";"UOP02-DEL04-SC"
252226;2019-11-27;"quarta-feira";"14:00:00";"GO";60;348;"SANTO ANTONIO DA BARRA";"Condutor Dormindo";"Colisão traseira";"Com Vítimas Feridas";"Pleno dia";"Crescente";"Chuva";"Dupla";"Reta";"Não";3;0;1;0;1;3;1;5;-17,5708;-50,677;"SPRF-GO";"DEL04-GO";"UOP01-DEL04-GO"
252229;2019-11-27;"quarta-feira";"11:20:00";"PE";423;44,5;"CACHOEIRINHA";"Falta de Atenção à Condução";"Saída de leito carroçável";"Com Vítimas Feridas";"Pleno dia";"Decrescente";"Céu Claro";"Simples";"Reta";"Não";5;0;1;0;2;4;1;7;-8,52469088;-36,26000221;"SPRF-PE";"DEL03-PE";"UOP01-DEL03-PE"
252232;2019-11-27;"quarta-feira";"15:00:00";"SC";101;206;"SAO JOSE";"Objeto estático sobre o leito carroçável";"Colisão traseira";"Com Vítimas Feridas";"Pleno dia";"Decrescente";"Nublado";"Dupla";"Reta";"Sim";3;0;2;0;1;0;2;2;-27,59193546;-48,61824557;"SPRF-SC";"DEL01-SC";"UOP01-DEL01-SC"
252235;2019-11-27;"quarta-feira";"14:50:00";"DF";20;17;"BRASILIA";"Pista Escorregadia";"Colisão traseira";"Sem Vítimas";"Pleno dia";"Crescente";"Chuva";"Dupla";"Declive";"Sim";2;0;0;0;2;0;0;2;-15,621374;-47,71698;"SPRF-DF";"DEL02-DF";"UOP01-DEL02-DF"
252238;2019-09-29;"domingo";"19:40:00";"MG";365;419;"PATOS DE MINAS";"Ingestão de Álcool";"Colisão transversal";"Com Vítimas Fatais";"Plena Noite";"Crescente";"Céu Claro";"Simples";"Reta";"Não";35;3;27;1;2;2;28;5;-18,69581421;-46,59448986;"SPRF-MG";"DEL10-MG";"UOP01-DEL10-MG"
252239;2019-11-27;"quarta-feira";"15:20:00";"DF";20;9,3;"BRASILIA";"Falta de Atenção do Pedestre";"Atropelamento de Pedestre";"Com Vítimas Feridas";"Pleno dia";"Decrescente";"Chuva";"Dupla";"Reta";"Sim";2;0;1;0;1;0;1;2;-15,654671;-47,782917;"SPRF-DF";"DEL02-DF";"UOP01-DEL02-DF"
252244;2019-11-27;"quarta-feira";"15:40:00";"SC";101;297,5;"IMBITUBA";"Condutor Dormindo";"Colisão traseira";"Com Vítimas Feridas";"Pleno dia";"Decrescente";"Garoa/Chuvisco";"Dupla";"Reta";"Não";4;0;1;0;3;0;1;3;-28,31353989;-48,7240982;"SPRF-SC";"DEL02-SC";"UOP03-DEL02-SC"
252258;2019-11-27;"quarta-feira";"15:10:00";"GO";60;229,4;"CEZARINA";"Avarias e/ou desgaste excessivo no pneu";"Derramamento de carga";"Sem Vítimas";"Pleno dia";"Decrescente";"Céu Claro";"Dupla";"Reta";"Não";2;0;0;0;1;2;0;3;-17,04857424;-49,78556698;"SPRF-GO";"DEL01-GO";"UOP02-DEL01-GO"
252266;2019-11-27;"quarta-feira";"12:15:00";"BA";242;493;"OLIVEIRA DOS BREJINHOS";"Defeito Mecânico no Veículo";"Saída de leito carroçável";"Com Vítimas Feridas";"Pleno dia";"Crescente";"Sol";"Simples";"Declive";"Não";1;0;0;1;0;0;1;1;-12,39898;-42,39651;"SPRF-BA";"DEL06-BA";"UOP01-DEL06-BA"
252272;2019-11-27;"quarta-feira";"17:30:00";"MT";364;268;"JACIARA";"Falta de Atenção à Condução";"Engavetamento";"Com Vítimas Feridas";"Anoitecer";"Crescente";"Garoa/Chuvisco";"Simples";"Reta";"Não";3;0;1;0;2;0;1;3;-15,98124307;-54,93240309;"SPRF-MT";"DEL02-MT";"UOP02-DEL05-MT"
252294;2019-11-27;"quarta-feira";"19:00:00";"SC";470;91,1;"ASCURRA";"Ingestão de Álcool";"Colisão frontal";"Sem Vítimas";"Plena Noite";"Decrescente";"Chuva";"Simples";"Reta";"Não";4;0;0;0;2;3;0;5;-26,97858649;-49,36974227;"SPRF-SC";"DEL04-SC";"UOP01-DEL04-SC"
252300;2019-11-07;"quinta-feira";"23:00:00";"BA";116;487;"RAFAEL JAMBEIRO";"Condutor Dormindo";"Colisão traseira";"Com Vítimas Feridas";"Plena Noite";"Crescente";"Céu Claro";"Dupla";"Reta";"Não";2;0;1;0;1;0;1;2;-12,53701833;-39,42527283;"SPRF-BA";"DEL02-BA";"UOP01-DEL02-BA"
252302;2019-11-27;"quarta-feira";"18:50:00";"MG";381;597;"CARMOPOLIS DE MINAS";"Falta de Atenção à Condução";"Colisão traseira";"Sem Vítimas";"Plena Noite";"Decrescente";"Céu Claro";"Dupla";"Reta";"Não";3;0;0;0;2;1;0;3;-20,60569501;-44,72419499;"SPRF-MG";"DEL04-MG";"UOP01-DEL04-MG"
252305;2019-11-27;"quarta-feira";"14:00:00";"MS";163;364;"NOVA ALVORADA DO SUL";"Condutor Dormindo";"Tombamento";"Com Vítimas Feridas";"Pleno dia";"Decrescente";"Céu Claro";"Simples";"Rotatória";"Sim";2;0;1;0;0;1;1;2;-21,47264252;-54,38623182;"SPRF-MS";"DEL02-MS";"UOP02-DEL02-MS"
252308;2019-11-27;"quarta-feira";"21:00:00";"SP";381;63;"MAIRIPORA";"Pista Escorregadia";"Colisão traseira";"Sem Vítimas";"Plena Noite";"Crescente";"Garoa/Chuvisco";"Dupla";"Reta";"Sim";3;0;0;0;2;1;0;3;-23,302805;-46,572767;"SPRF-SP";"DEL03-SP";"UOP01-DEL03-SP"
252313;2019-11-27;"quarta-feira";"22:15:00";"SP";116;158,8;"SAO JOSE DOS CAMPOS";"Ingestão de Álcool";"Colisão com objeto estático";"Sem Vítimas";"Plena Noite";"Decrescente";"Chuva";"Dupla";"Reta";"Não";2;0;0;0;1;1;0;2;-23,26072137;-45,95179176;"SPRF-SP";"DEL02-SP";"UOP01-DEL02-SP"
252314;2019-11-27;"quarta-feira";"22:00:00";"BA";330;802,4;"JEQUIE";"Restrição de Visibilidade";"Colisão traseira";"Com Vítimas Feridas";"Pleno dia";"Crescente";"Céu Claro";"Simples";"Reta";"Não";3;0;2;0;1;0;2;2;-13,955;-39,971;"SPRF-BA";"DEL03-BA";"UOP01-DEL03-BA"
252318;2019-11-27;"quarta-feira";"20:30:00";"MT";364;280;"JACIARA";"Desobediência às normas de trânsito pelo condutor";"Colisão lateral";"Com Vítimas Fatais";"Plena Noite";"Decrescente";"Chuva";"Dupla";"Reta";"Não";3;1;1;0;0;2;1;4;-15,9364519;-55,0199037;"SPRF-MT";"DEL02-MT";"UOP02-DEL05-MT"
252320;2019-11-27;"quarta-feira";"23:30:00";"SP";116;150,7;"SAO JOSE DOS CAMPOS";"Condutor Dormindo";"Colisão traseira";"Com Vítimas Feridas";"Plena Noite";"Decrescente";"Chuva";"Dupla";"Reta";"Sim";3;0;1;1;1;0;2;2;-23,21335525;-45,8930588;"SPRF-SP";"DEL02-SP";"UOP01-DEL02-SP"
252322;2019-11-27;"quarta-feira";"22:00:00";"MA";230;22,9;"BARAO DE GRAJAU";"Animais na Pista";"Tombamento";"Com Vítimas Feridas";"Plena Noite";"Crescente";"Céu Claro";"Simples";"Reta";"Não";3;0;2;0;0;1;2;2;-6,70498394;-43,191952;"SPRF-PI";"DEL03-PI";"UOP01-DEL03-PI"
252323;2019-11-27;"quarta-feira";"20:30:00";"GO";153;182,8;"CAMPINORTE";"Defeito Mecânico no Veículo";"Tombamento";"Com Vítimas Feridas";"Plena Noite";"Decrescente";"Céu Claro";"Simples";"Aclive";"Não";3;0;1;0;0;3;1;4;-14,360892;-49,158459;"SPRF-GO";"DEL07-GO";"UOP01-DEL07-GO"
252325;2019-11-28;"quinta-feira";"00:30:00";"SP";381;28;"ATIBAIA";"Condutor Dormindo";"Colisão traseira";"Com Vítimas Feridas";"Plena Noite";"Crescente";"Chuva";"Dupla";"Reta";"Não";3;0;1;0;1;2;1;4;-23,03614495;-46,55183601;"SPRF-SP";"DEL03-SP";"UOP02-DEL03-SP"
252330;2019-11-28;"quinta-feira";"01:00:00";"GO";80;50,6;"PADRE BERNARDO";"Falta de Atenção do Pedestre";"Atropelamento de Pedestre";"Com Vítimas Fatais";"Plena Noite";"Crescente";"Céu Claro";"Simples";"Declive";"Não";4;2;0;0;1;2;0;5;-15,157113;-48,320441;"SPRF-DF";"DEL01-DF";"UOP02-DEL03-DF"
252331;2019-11-28;"quinta-feira";"03:00:00";"SC";470;204,5;"PONTE ALTA";"Falta de Atenção à Condução";"Tombamento";"Com Vítimas Feridas";"Plena Noite";"Decrescente";"Céu Claro";"Simples";"Reta";"Não";1;0;1;0;0;0;1;1;-27,289373;-50,166328;"SPRF-SC";"DEL05-SC";"UOP03-DEL05-SC"
252332;2019-11-28;"quinta-feira";"03:15:00";"MG";354;729,2;"POUSO ALTO";"Velocidade Incompatível";"Tombamento";"Sem Vítimas";"Plena Noite";"Decrescente";"Chuva";"Simples";"Curva;Declive";"Não";2;0;0;0;1;2;0;3;-22,15769397;-44,96393873;"SPRF-MG";"DEL05-MG";"UOP01-DEL17-MG"
252335;2019-11-28;"quinta-feira";"04:30:00";"MA";135;57;"BACABEIRA";"Animais na Pista";"Tombamento";"Com Vítimas Feridas";"Plena Noite";"Decrescente";"Céu Claro";"Simples";"Reta";"Não";3;0;1;0;1;1;1;3;-3,025272;-44,31586402;"SPRF-MA";"DEL01-MA";"UOP02-DEL01-MA"
252336;2019-11-28;"quinta-feira";"04:10:00";"BA";110;100;"ANTAS";"Defeito Mecânico no Veículo";"Incêndio";"Sem Vítimas";"Amanhecer";"Decrescente";"Nublado";"Simples";"Reta";"Não";1;0;0;0;1;0;0;1;-10,29841001;-38,31139822;"SPRF-BA";"DEL07-BA";"UOP01-DEL07-BA"
252337;2019-11-28;"quinta-feira";"05:00:00";"AL";101;91,7;"RIO LARGO";"Condutor Dormindo";"Saída de leito carroçável";"Com Vítimas Feridas";"Amanhecer";"Crescente";"Céu Claro";"Dupla";"Aclive;Reta";"Não";2;0;1;1;0;0;2;1;-9,50309594;-35,909516;"SPRF-AL";"DEL01-AL";"UOP01-DEL01-AL"
252339;2019-11-28;"quinta-feira";"05:30:00";"MG";381;752;"TRES CORACOES";"Velocidade Incompatível";"Colisão lateral";"Com Vítimas Feridas";"Amanhecer";"Decrescente";"Nublado";"Dupla";"Curva";"Sim";2;0;1;0;1;0;1;2;-21,67246754;-45,33430028;"SPRF-MG";"DEL16-MG";"UOP02-DEL16-MG"
252347;2019-11-28;"quinta-feira";"06:50:00";"PR";116;18,1;"ANTONINA";"Falta de Atenção à Condução";"Colisão traseira";"Com Vítimas Feridas";"Pleno dia";"Crescente";"Chuva";"Dupla";"Reta;Aclive";"Não";6;0;1;0;4;2;1;6;-25,103973;-48,710786;"SPRF-PR";"DEL01-PR";"UOP02-DEL01-PR"
252351;2019-11-27;"quarta-feira";"05:00:00";"PR";476;218;"LAPA";"Velocidade Incompatível";"Saída de leito carroçável";"Sem Vítimas";"Amanhecer";"Crescente";"Chuva";"Simples";"Curva;Declive";"Não";2;0;0;0;1;1;0;2;-25,810024;-49,907558;"SPRF-PR";"DEL02-PR";"UOP04-DEL02-PR"
252354;2019-11-28;"quinta-feira";"07:20:00";"RS";386;308,8;"POUSO NOVO";"Sinalização da via insuficiente ou inadequada";"Colisão traseira";"Com Vítimas Fatais";"Pleno dia";"Crescente";"Céu Claro";"Dupla";"Reta;Em Obras";"Não";4;1;0;0;1;2;0;4;-29,209391;-52,178665;"SPRF-RS";"DEL04-RS";"UOP01-DEL04-RS"
252360;2019-11-28;"quinta-feira";"07:55:00";"PR";116;15;"CAMPINA GRANDE DO SUL";"Desobediência às normas de trânsito pelo condutor";"Saída de leito carroçável";"Com Vítimas Feridas";"Pleno dia";"Crescente";"Garoa/Chuvisco";"Múltipla";"Curva";"Não";2;0;1;0;0;1;1;2;-25,09832756;-48,68266005;"SPRF-PR";"DEL01-PR";"UOP02-DEL01-PR"
252366;2019-11-24;"domingo";"12:30:00";"MG";381;503,3;"BETIM";"Velocidade Incompatível";"Colisão traseira";"Com Vítimas Feridas";"Pleno dia";"Decrescente";"Nublado";"Dupla";"Curva";"Sim";4;0;3;0;1;0;3;2;-20,03855134;-44,25495493;"SPRF-MG";"DEL01-MG";"UOP03-DEL01-MG"
252367;2019-11-28;"quinta-feira";"08:45:00";"CE";116;309;"JAGUARIBE";"Desobediência às normas de trânsito pelo condutor";"Colisão transversal";"Com Vítimas Feridas";"Pleno dia";"Decrescente";"Céu Claro";"Simples";"Interseção de Vias;Em Obras";"Sim";3;0;1;1;1;0;2;2;-5,89477992;-38,61975447;"SPRF-CE";"DEL05-CE";"UOP02-DEL05-CE"
252370;2019-11-28;"quinta-feira";"08:45:00";"ES";101;182;"ARACRUZ";"Falta de Atenção à Condução";"Engavetamento";"Sem Vítimas";"Pleno dia";"Decrescente";"Sol";"Simples";"Reta";"Não";4;0;0;0;3;1;0;4;-19,6386808;-40,23155029;"SPRF-ES";"DEL04-ES";"UOP01-DEL04-ES"
252371;2019-11-28;"quinta-feira";"09:00:00";"MG";50;46;"ARAGUARI";"Defeito Mecânico no Veículo";"Incêndio";"Sem Vítimas";"Pleno dia";"Decrescente";"Chuva";"Dupla";"Reta";"Não";2;0;0;0;1;1;0;2;-18,72016606;-48,20216392;"SPRF-MG";"DEL15-MG";"UOP02-DEL15-MG"