"id";"data_inversa";"dia_semana";"horario";"uf";"br";"km";"municipio";"causa_acidente";"tipo_acidente";"classificacao_acidente";"fase_dia";"sentido_via";"condicao_metereologica";"tipo_pista";"tracado_via";"uso_solo";"pessoas";"mortos";"feridos_leves";"feridos_graves";"ilesos";"ignorados";"feridos";"veiculos";"latitude";"longitude";"regional";"delegacia";"uop"
252378;2019-11-28;"quinta-feira";"10:30:00";"MG";40;696,8;"BARBACENA";"Desobediência às normas de trânsito pelo condutor";"Colisão frontal";"Com Vítimas Fatais";"Pleno dia";"Decrescente";"Nublado";"Simples";"Reta";"Não";5;1;0;0;2;3;0;6;-21,14688299;-43,76443098;"SPRF-MG";"DEL05-MG";"UOP02-DEL05-MG"
252386;2019-11-28;"quinta-feira";"08:20:00";"MG";116;273,6;"TEOFILO OTONI";"Falta de Atenção à Condução";"Colisão frontal";"Sem Vítimas";"Pleno dia";"Crescente";"Céu Claro";"Simples";"Ponte";"Sim";3;0;0;0;2;1;0;3;-17,82616139;-41,50619857;"SPRF-MG";"DEL11-MG";"UOP01-DEL11-MG"
252390;2019-11-28;"quinta-feira";"09:10:00";"PR";116;208,3;"RIO NEGRO";"Defeito Mecânico no Veículo";"Colisão com objeto estático";"Sem Vítimas";"Pleno dia";"Decrescente";"Nublado";"Simples";"Reta";"Sim";1;0;0;0;1;0;0;1;-26,07336494;-49,74365505;"SPRF-SC";"DEL06-SC";"UOP01-DEL06-SC"
252398;2019-11-28;"quinta-feira";"11:30:00";"ES";101;320,3;"GUARAPARI";"Falta de Atenção à Condução";"Colisão traseira";"Com Vítimas Feridas";"Pleno dia";"Crescente";"Céu Claro";"Simples";"Reta";"Não";1;0;1;0;0;0;1;1;-20,51234104;-40,47639192;"SPRF-ES";"DEL03-ES";"UOP01-DEL03-ES"
252399;2019-11-28;"quinta-feira";"09:45:00";"MG";262;614;"IBIA";"Ingestão de Álcool";"Colisão traseira";"Sem Vítimas";"Pleno dia";"Decrescente";"Céu Claro";"Simples";"Aclive;Reta";"Não";3;0;0;0;2;2;0;4;-19,58866669;-46,31682202;"SPRF-MG";"DEL08-MG";"UOP02-DEL08-MG"
252400;2019-11-28;"quinta-feira";"11:20:00";"BA";116;814,2;"VITORIA DA CONQUISTA";"Velocidade Incompatível";"Engavetamento";"Sem Vítimas";"Pleno dia";"Crescente";"Nublado";"Simples";"Reta";"Sim";7;0;0;0;7;0;0;6;-14,80768;-40,78823;"SPRF-BA";"DEL08-BA";"UOP01-DEL08-BA"
252401;2019-11-28;"quinta-feira";"11:45:00";"SP";116;393;"MIRACATU";"Falta de Atenção à Condução";"Colisão traseira";"Com Vítimas Feridas";"Pleno dia";"Decrescente";"Garoa/Chuvisco";"Dupla";"Reta";"Não";4;0;1;0;2;2;1;5;-24,28558932;-47,44194093;"SPRF-SP";"DEL04-SP";"UOP02-DEL04-SP"
252404;2019-11-28;"quinta-feira";"06:30:00";"MA";316;330,5;"BACABAL";"Defeito Mecânico no Veículo";"Incêndio";"Sem Vítimas";"Pleno dia";"Decrescente";"Céu Claro";"Simples";"Reta";"Não";2;0;0;0;1;2;0;3;-4,114487;-45,005127;"SPRF-MA";"DEL02-MA";"UI04-DEL02-MA"
252408;2019-11-28;"quinta-feira";"12:35:00";"DF";20;6;"BRASILIA";"Falta de Atenção à Condução";"Colisão transversal";"Sem Vítimas";"Pleno dia";"Decrescente";"Garoa/Chuvisco";"Dupla";"Reta";"Sim";2;0;0;0;2;0;0;2;-15,665888;-47,808308;"SPRF-DF";"DEL02-DF";"UOP01-DEL02-DF"
252412;2019-11-28;"quinta-feira";"13:00:00";"GO";153;505;"APARECIDA DE GOIANIA";"Velocidade Incompatível";"Saída de leito carroçável";"Sem Vítimas";"Pleno dia";"Decrescente";"Nublado";"Dupla";"Reta";"Sim";2;0;0;0;1;1;0;2;-16,7537;-49,2411;"SPRF-GO";"DEL01-GO";"UOP01-DEL01-GO"
252415;2019-11-28;"quinta-feira";"10:45:00";"BA";116;896,5;"CANDIDO SALES";"Ultrapassagem Indevida";"Tombamento";"Com Vítimas Feridas";"Pleno dia";"Crescente";"Céu Claro";"Simples";"Reta";"Não";2;0;1;0;0;1;1;2;-15,33381719;-41,15847264;"SPRF-BA";"DEL08-BA";"UOP03-DEL08-BA"
252426;2019-11-28;"quinta-feira";"13:00:00";"MA";135;247;"CAPINZAL DO NORTE";"Avarias e/ou desgaste excessivo no pneu";"Colisão frontal";"Com Vítimas Feridas";"Pleno dia";"Decrescente";"Sol";"Simples";"Reta";"Não";4;0;0;3;0;1;3;3;-4,5475667;-44,34910371;"SPRF-MA";"DEL03-MA";"UOP01-DEL03-MA"
252428;2019-11-28;"quinta-feira";"13:25:00";"SC";101;89,5;"BARRA VELHA";"Desobediência às normas de trânsito pelo condutor";"Colisão lateral";"Com Vítimas Feridas";"Pleno dia";"Decrescente";"Nublado";"Dupla";"Reta";"Sim";3;0;1;0;1;1;1;3;-26,65175997;-48,68721921;"SPRF-SC";"DEL03-SC";"UOP02-DEL03-SC"
252436;2019-11-28;"quinta-feira";"14:50:00";"MG";365;715;"MONTE ALEGRE DE MINAS";"Falta de Atenção à Condução";"Colisão frontal";"Com Vítimas Feridas";"Pleno dia";"Decrescente";"Chuva";"Simples";"Rotatória";"Sim";3;0;0;1;1;3;1;5;-18,878463;-49,05801058;"SPRF-MG";"DEL15-MG";"UOP03-DEL15-MG"
252438;2019-11-28;"quinta-feira";"15:29:00";"MG";153;58;"MONTE ALEGRE DE MINAS";"Velocidade Incompatível";"Tombamento";"Sem Vítimas";"Pleno dia";"Crescente";"Céu Claro";"Simples";"Rotatória;Interseção de Vias";"Não";2;0;0;0;1;1;0;2;-18,878386;-49,056637;"SPRF-MG";"DEL15-MG";"UOP03-DEL15-MG"
252439;2019-11-28;"quinta-feira";"15:50:00";"PE";101;48,2;"ABREU E LIMA";"Falta de Atenção à Condução";"Colisão transversal";"Sem Vítimas";"Pleno dia";"Decrescente";"Sol";"Múltipla";"Reta";"Sim";2;0;0;0;2;0;0;2;-7,89174705;-34,9033493;"SPRF-PE";"DEL01-PE";"UOP02-DEL01-PE"
252443;2019-11-28;"quinta-feira";"16:00:00";"PE";101;45;"IGARASSU";"Não guardar distância de segurança";"Colisão traseira";"Com Vítimas Feridas";"Pleno dia";"Crescente";"Céu Claro";"Dupla";"Reta";"Não";3;0;1;0;2;0;1;2;-7,86521297;-34,90715176;"SPRF-PE";"DEL01-PE";"UOP02-DEL01-PE"
252444;2019-11-28;"quinta-feira";"15:35:00";"SC";116;204,7;"PONTE ALTA";"Falta de Atenção à Condução";"Colisão transversal";"Sem Vítimas";"Pleno dia";"Crescente";"Sol";"Simples";"Reta";"Não";3;0;0;0;2;2;0;4;-27,46220493;-50,38879395;"SPRF-SC";"DEL05-SC";"UOP03-DEL05-SC"
252446;2019-11-28;"quinta-feira";"16:30:00";"SP";381;71,8;"MAIRIPORA";"Velocidade Incompatível";"Colisão com objeto estático";"Com Vítimas Feridas";"Pleno dia";"Decrescente";"Chuva";"Múltipla";"Curva";"Não";2;0;1;0;1;0;1;1;-23,35635887;-46,54875201;"SPRF-SP";"DEL03-SP";"UOP01-DEL03-SP"
252450;2019-11-28;"quinta-feira";"15:50:00";"MA";222;675,2;"ACAILANDIA";"Falta de Atenção à Condução";"Colisão traseira";"Com Vítimas Feridas";"Pleno dia";"Crescente";"Céu Claro";"Múltipla";"Reta";"Não";2;0;0;1;1;0;1;2;-4,9553823;-47,49907851;"SPRF-MA";"DEL04-MA";"UOP03-DEL04-MA"
252451;2019-11-28;"quinta-feira";"16:00:00";"MG";365;88,6;"JEQUITAI";"Defeito Mecânico no Veículo";"Saída de leito carroçável";"Com Vítimas Feridas";"Pleno dia";"Crescente";"Nublado";"Simples";"Reta";"Não";1;0;1;0;0;0;1;1;-17,18913001;-44,43099298;"SPRF-MG";"DEL12-MG";"UOP01-DEL12-MG"
252455;2019-11-28;"quinta-feira";"16:30:00";"BA";116;389;"SANTA BARBARA";"Defeito Mecânico no Veículo";"Colisão lateral";"Com Vítimas Feridas";"Pleno dia";"Decrescente";"Sol";"Simples";"Reta";"Não";3;0;2;0;0;3;2;5;-11,93014991;-38,98117156;"SPRF-BA";"DEL02-BA";"UOP01-DEL02-BA"
252456;2019-11-28;"quinta-feira";"17:15:00";"MG";40;455,4;"CAETANOPOLIS";"Velocidade Incompatível";"Saída de leito carroçável";"Com Vítimas Feridas";"Pleno dia";"Decrescente";"Chuva";"Dupla";"Declive;Curva";"Não";2;0;1;0;0;1;1;2;-19,35767518;-44,34735515;"SPRF-MG";"DEL02-MG";"UOP01-DEL02-MG"
252465;2019-11-28;"quinta-feira";"17:19:00";"PR";373;419,3;"CANDOI";"Ultrapassagem Indevida";"Colisão frontal";"Com Vítimas Fatais";"Pleno dia";"Crescente";"Céu Claro";"Simples";"Reta";"Não";2;1;0;0;1;0;0;2;-25,68840604;-52,15391695;"SPRF-PR";"DEL03-PR";"UOP01-DEL08-PR"
252470;2019-11-28;"quinta-feira";"18:30:00";"RJ";116;275,7;"BARRA MANSA";"Defeito Mecânico no Veículo";"Incêndio";"Sem Vítimas";"Plena Noite";"Decrescente";"Chuva";"Dupla";"Reta";"Não";1;0;0;0;1;0;0;1;-22,56207185;-44,15671311;"SPRF-RJ";"DEL07-RJ";"UOP02-DEL07-RJ"
252478;2019-11-28;"quinta-feira";"18:15:00";"AP";210;0;"MACAPA";"Ingestão de Álcool";"Colisão traseira";"Com Vítimas Feridas";"Anoitecer";"Crescente";"Céu Claro";"Dupla";"Reta";"Sim";7;0;1;0;6;0;1;5;0,07780012;-51,06097;"SPRF-AP";"DEL01-AP";"UOP01-DEL01-AP"
252479;2019-11-28;"quinta-feira";"18:14:00";"AP";210;0;"MACAPA";"Ingestão de Álcool";"Colisão traseira";"Sem Vítimas";"Anoitecer";"Decrescente";"Céu Claro";"Dupla";"Reta";"Sim";2;0;0;0;2;0;0;2;0,07780012;-51,06097;"SPRF-AP";"DEL01-AP";"UOP01-DEL01-AP"
252485;2019-11-28;"quinta-feira";"17:05:00";"MG";381;938,6;"EXTREMA";"Velocidade Incompatível";"Tombamento";"Com Vítimas Feridas";"Pleno dia";"Crescente";"Nublado";"Dupla";"Reta";"Não";4;0;1;1;1;2;2;4;-22,81743853;-46,29429636;"SPRF-MG";"DEL16-MG";"UOP03-DEL16-MG"
252487;2019-11-28;"quinta-feira";"12:00:00";"SC";480;129,6;"CHAPECO";"Desobediência às normas de trânsito pelo condutor";"Colisão transversal";"Com Vítimas Feridas";"Pleno dia";"Crescente";"Sol";"Simples";"Interseção de Vias";"Sim";2;0;1;0;1;0;1;2;-27,04656607;-52,63577131;"SPRF-SC";"DEL07-SC";"UOP01-DEL07-SC"
252488;2019-11-28;"quinta-feira";"19:30:00";"MG";50;157;"UBERABA";"Velocidade Incompatível";"Saída de leito carroçável";"Com Vítimas Feridas";"Plena Noite";"Decrescente";"Chuva";"Dupla";"Viaduto";"Não";1;0;1;0;0;0;1;1;-19,62528388;-48,01556068;"SPRF-MG";"DEL13-MG";"UOP01-DEL13-MG"
252491;2019-11-28;"quinta-feira";"16:00:00";"MG";381;627;"OLIVEIRA";"Falta de Atenção à Condução";"Engavetamento";"Com Vítimas Feridas";"Pleno dia";"Decrescente";"Chuva";"Dupla";"Reta";"Não";8;0;1;2;4;1;3;7;-20,82916917;-44,81714594;"SPRF-MG";"DEL04-MG";"UOP01-DEL04-MG"
252499;2019-11-28;"quinta-feira";"17:30:00";"RJ";116;173;"BELFORD ROXO";"Falta de Atenção à Condução";"Colisão traseira";"Com Vítimas Feridas";"Pleno dia";"Crescente";"Chuva";"Múltipla";"Reta";"Sim";3;0;1;0;1;1;1;3;-22,79810324;-43,35726614;"SPRF-RJ";"DEL01-RJ";"UOP02-DEL01-RJ"
252500;2019-11-28;"quinta-feira";"19:30:00";"MT";163;681;"LUCAS DO RIO VERDE";"Falta de Atenção à Condução";"Tombamento";"Com Vítimas Feridas";"Plena Noite";"Decrescente";"Nublado";"Simples";"Reta";"Não";2;0;1;0;0;2;1;3;-13,2327779;-56,00810324;"SPRF-MT";"DEL06-MT";"UOP01-DEL06-MT"
252507;2019-11-28;"quinta-feira";"21:00:00";"MG";153;1;"ARAPORA";"Falta de Atenção à Condução";"Colisão traseira";"Com Vítimas Feridas";"Plena Noite";"Crescente";"Chuva";"Simples";"Ponte";"Sim";2;0;0;1;1;0;1;2;-18,41894147;-49,19461012;"SPRF-MG";"DEL15-MG";"UOP03-DEL15-MG"
252511;2019-11-28;"quinta-feira";"21:30:00";"MG";40;465;"SETE LAGOAS";"Velocidade Incompatível";"Saída de leito carroçável";"Sem Vítimas";"Plena Noite";"Decrescente";"Chuva";"Dupla";"Reta";"Não";1;0;0;0;1;0;0;1;-19,43835777;-44,33103681;"SPRF-MG";"DEL02-MG";"UOP01-DEL02-MG"
252515;2019-11-28;"quinta-feira";"21:30:00";"PR";277;38;"MORRETES";"Velocidade Incompatível";"Colisão com objeto estático";"Sem Vítimas";"Plena Noite";"Decrescente";"Céu Claro";"Dupla";"Curva";"Não";1;0;0;0;1;0;0;1;-25,547373;-48,790559;"SPRF-PR";"DEL01-PR";"UOP05-DEL01-PR"
252517;2019-11-28;"quinta-feira";"21:50:00";"PR";369;79,7;"SANTA MARIANA";"Falta de Atenção à Condução";"Colisão transversal";"Com Vítimas Feridas";"Plena Noite";"Crescente";"Nublado";"Simples";"Reta";"Não";4;0;0;2;2;0;2;2;-23,14492547;-50,58053702;"SPRF-PR";"DEL07-PR";"UOP05-DEL07-PR"
252519;2019-11-28;"quinta-feira";"21:00:00";"GO";153;698,5;"ITUMBIARA";"Falta de Atenção à Condução";"Colisão transversal";"Com Vítimas Fatais";"Plena Noite";"Crescente";"Chuva";"Simples";"Reta";"Sim";2;1;0;0;1;0;0;2;-18,37368;-49,211917;"SPRF-GO";"DEL03-GO";"UOP02-DEL03-GO"
252521;2019-11-28;"quinta-feira";"17:20:00";"MG";262;598;"CAMPOS ALTOS";"Pista Escorregadia";"Saída de leito carroçável";"Sem Vítimas";"Pleno dia";"Crescente";"Chuva";"Simples";"Reta";"Não";2;0;0;0;1;1;0;2;-19,65817212;-46,19721895;"SPRF-MG";"DEL08-MG";"UOP02-DEL08-MG"
252528;2019-11-28;"quinta-feira";"22:15:00";"PE";316;1,6;"ARARIPINA";"Falta de Atenção à Condução";"Colisão frontal";"Sem Vítimas";"Plena Noite";"Decrescente";"Ignorado";"Simples";"Reta";"Não";3;0;0;0;1;2;0;3;-7,44845463;-40,65268582;"SPRF-PE";"DEL05-PE";"UOP02-DEL05-PE"
252529;2019-11-28;"quinta-feira";"22:00:00";"SC";101;288,8;"IMBITUBA";"Ingestão de Álcool";"Atropelamento de Pedestre";"Com Vítimas Fatais";"Plena Noite";"Decrescente";"Céu Claro";"Dupla";"Reta";"Sim";3;1;0;0;1;1;0;2;-28,24598003;-48,70010284;"SPRF-SC";"DEL02-SC";"UOP03-DEL02-SC"
252530;2019-11-28;"quinta-feira";"22:20:00";"MS";262;300,2;"CAMPO GRANDE";"Desobediência às normas de trânsito pelo condutor";"Colisão frontal";"Com Vítimas Fatais";"Plena Noite";"Crescente";"Céu Claro";"Simples";"Reta";"Não";4;1;1;0;1;1;1;3;-20,4984744;-54,29639;"SPRF-MS";"DEL01-MS";"UOP01-DEL01-MS"
252532;2019-11-28;"quinta-feira";"16:50:00";"RJ";101;55;"CAMPOS DOS GOYTACAZES";"Falta de Atenção à Condução";"Colisão lateral";"Com Vítimas Feridas";"Pleno dia";"Decrescente";"Nublado";"Simples";"Reta";"Sim";2;0;1;0;1;0;1;2;-21,67827099;-41,31079872;"SPRF-RJ";"DEL08-RJ";"UOP01-DEL08-RJ"
252533;2019-11-28;"quinta-feira";"22:20:00";"PR";116;30;"CAMPINA GRANDE DO SUL";"Desobediência às normas de trânsito pelo condutor";"Colisão traseira";"Sem Vítimas";"Plena Noite";"Decrescente";"Nevoeiro/Neblina";"Dupla";"Reta";"Não";3;0;0;0;2;1;0;3;-25,10003092;-48,82089801;"SPRF-PR";"DEL01-PR";"UOP02-DEL01-PR"
252540;2019-11-28;"quinta-feira";"20:20:00";"MG";381;917;"CAMANDUCAIA";"Velocidade Incompatível";"Tombamento";"Com Vítimas Feridas";"Plena Noite";"Crescente";"Chuva";"Dupla";"Interseção de Vias";"Não";2;0;1;0;0;1;1;2;-22,76700121;-46,17875277;"SPRF-MG";"DEL16-MG";"UOP03-DEL16-MG"
252543;2019-11-29;"sexta-feira";"01:00:00";"MG";267;286,5;"BAEPENDI";"Velocidade Incompatível";"Capotamento";"Com Vítimas Feridas";"Plena Noite";"Crescente";"Chuva";"Simples";"Curva";"Não";1;0;1;0;0;0;1;1;-21,92806706;-44,78614808;"SPRF-MG";"DEL05-MG";"UOP01-DEL17-MG"
252545;2019-11-28;"quinta-feira";"17:00:00";"PR";153;144,6;"VENTANIA";"Velocidade Incompatível";"Tombamento";"Sem Vítimas";"Pleno dia";"Crescente";"Céu Claro";"Simples";"Curva";"Não";2;0;0;0;1;1;0;2;-24,11620493;-50,24446964;"SPRF-PR";"DEL07-PR";"UOP04-DEL07-PR"
252547;2019-11-29;"sexta-feira";"02:00:00";"BA";324;434;"RIACHAO DO JACUIPE";"Desobediência às normas de trânsito pelo condutor";"Colisão frontal";"Com Vítimas Feridas";"Plena Noite";"Decrescente";"Ignorado";"Simples";"Reta";"Sim";2;0;1;0;1;0;1;2;-11,7904633;-39,42407122;"SPRF-BA";"DEL04-BA";"UOP02-DEL04-BA"
252548;2019-11-29;"sexta-feira";"00:50:00";"PI";230;265,7;"NAZARE DO PIAUI";"Defeito Mecânico no Veículo";"Saída de leito carroçável";"Com Vítimas Feridas";"Plena Noite";"Crescente";"Ignorado";"Simples";"Ponte";"Não";1;0;1;0;0;0;1;1;-6,97365904;-42,66837003;"SPRF-PI";"DEL03-PI";"UOP01-DEL03-PI"
252551;2019-11-29;"sexta-feira";"03:40:00";"SC";470;56,2;"BLUMENAU";"Falta de Atenção à Condução";"Colisão frontal";"Com Vítimas Feridas";"Plena Noite";"Decrescente";"Céu Claro";"Simples";"Reta";"Não";2;0;0;1;1;0;1;2;-26,87674;-49,127743;"SPRF-SC";"DEL04-SC";"UOP01-DEL04-SC"
252553;2019-11-29;"sexta-feira";"01:20:00";"RS";290;248;"CACHOEIRA DO SUL";"Defeito Mecânico no Veículo";"Saída de leito carroçável";"Com Vítimas Fatais";"Plena Noite";"Crescente";"Céu Claro";"Simples";"Reta";"Não";2;1;0;0;1;0;0;1;-30,233294;-52,704216;"SPRF-RS";"DEL02-RS";"UOP02-DEL02-RS"
252554;2019-11-29;"sexta-feira";"02:42:00";"MS";163;467;"CAMPO GRANDE";"Desobediência às normas de trânsito pelo condutor";"Atropelamento de Pedestre";"Com Vítimas Fatais";"Plena Noite";"Decrescente";"Nublado";"Simples";"Reta";"Não";2;1;0;0;0;1;0;2;-20,57932863;-54,57695024;"SPRF-MS";"DEL01-MS";"UOP01-DEL01-MS"
252557;2019-11-28;"quinta-feira";"21:20:00";"MG";40;624;"CONSELHEIRO LAFAIETE";"Falta de Atenção à Condução";"Tombamento";"Sem Vítimas";"Plena Noite";"Crescente";"Chuva";"Simples";"Reta";"Não";1;0;0;0;1;0;0;1;-20,61105611;-43,80635422;"SPRF-MG";"DEL05-MG";"UOP02-DEL05-MG"
252558;2019-11-29;"sexta-feira";"05:10:00";"MS";262;353,4;"CAMPO GRANDE";"Defeito na Via";"Colisão lateral";"Com Vítimas Feridas";"Amanhecer";"Crescente";"Céu Claro";"Simples";"Curva";"Não";2;0;1;0;1;0;1;2;-20,56268466;-54,65741978;"SPRF-MS";"DEL01-MS";"UOP03-DEL01-MS"
252562;2019-11-29;"sexta-feira";"05:15:00";"MS";158;82,7;"PARANAIBA";"Falta de Atenção à Condução";"Colisão com objeto estático";"Sem Vítimas";"Amanhecer";"Decrescente";"Chuva";"Simples";"Aclive";"Não";2;0;0;0;1;2;0;3;-19,57998821;-51,2324253;"SPRF-MS";"DEL08-MS";"UOP01-DEL08-MS"
252563;2019-11-28;"quinta-feira";"21:00:00";"BA";242;381;"PALMEIRAS";"Falta de Atenção à Condução";"Capotamento";"Com Vítimas Feridas";"Plena Noite";"Decrescente";"Céu Claro";"Simples";"Reta";"Não";3;0;2;1;0;0;3;1;-12,44160702;-41,52882299;"SPRF-BA";"DEL06-BA";"UOP01-DEL06-BA"
252565;2019-11-28;"quinta-feira";"22:00:00";"BA";242;344;"LENCOIS";"Falta de Atenção à Condução";"Colisão frontal";"Com Vítimas Feridas";"Plena Noite";"Decrescente";"Céu Claro";"Simples";"Reta";"Não";4;0;1;2;1;0;3;2;-12,50587741;-41,26807413;"SPRF-BA";"DEL06-BA";"UOP01-DEL06-BA"
252568;2019-11-29;"sexta-feira";"06:40:00";"MS";158;44;"PARANAIBA";"Falta de Atenção à Condução";"Tombamento";"Com Vítimas Fatais";"Pleno dia";"Crescente";"Céu Claro";"Simples";"Declive";"Não";2;1;0;0;0;2;0;3;-19,3296979;-51,43803924;"SPRF-MS";"DEL08-MS";"UOP01-DEL08-MS"
252571;2019-11-29;"sexta-feira";"07:40:00";"RJ";116;134;"MAGE";"Defeito Mecânico no Veículo";"Tombamento";"Sem Vítimas";"Pleno dia";"Crescente";"Céu Claro";"Dupla";"Reta";"Não";3;0;0;0;3;0;0;1;-22,65368834;-43,153534;"SPRF-RJ";"DEL04-RJ";"UOP02-DEL04-RJ"
252574;2019-04-13;"sábado";"05:00:00";"GO";50;234,9;"CATALAO";"Condutor Dormindo";"Saída de leito carroçável";"Com Vítimas Feridas";"Plena Noite";"Decrescente";"Chuva";"Dupla";"Aclive;Reta";"Não";2;0;1;0;0;1;1;2;-17,8361;-47,7727;"SPRF-GO";"DEL06-GO";"UOP01-DEL06-GO"
252581;2019-10-28;"segunda-feira";"17:45:00";"CE";116;2;"FORTALEZA";"Não guardar distância de segurança";"Colisão lateral";"Com Vítimas Feridas";"Plena Noite";"Crescente";"Céu Claro";"Múltipla";"Reta";"Sim";4;0;0;1;1;2;1;3;-3,77019802;-38,51724508;"SPRF-CE";"DEL01-CE";"UOP02-DEL01-CE"
252592;2019-11-29;"sexta-feira";"07:30:00";"MT";163;750;"SORRISO";"Desobediência às normas de trânsito pelo condutor";"Colisão transversal";"Com Vítimas Feridas";"Pleno dia";"Decrescente";"Nublado";"Dupla";"Retorno Regulamentado";"Sim";3;0;1;0;1;3;1;5;-12,57198885;-55,72711945;"SPRF-MT";"DEL06-MT";"UOP01-DEL06-MT"
252593;2019-11-29;"sexta-feira";"06:25:00";"GO";40;92,8;"CRISTALINA";"Velocidade Incompatível";"Tombamento";"Sem Vítimas";"Pleno dia";"Crescente";"Nublado";"Simples";"Rotatória";"Não";2;0;0;0;2;0;0;1;-16,73432336;-47,62164658;"SPRF-DF";"DEL01-DF";"UOP02-DEL01-DF"
252596;2019-11-29;"sexta-feira";"07:40:00";"BA";324;595;"CANDEIAS";"Defeito Mecânico no Veículo";"Incêndio";"Sem Vítimas";"Pleno dia";"Crescente";"Sol";"Dupla";"Reta";"Não";2;0;0;0;1;1;0;2;-12,71235341;-38,45524557;"SPRF-BA";"DEL01-BA";"UOP01-DEL01-BA"
252606;2019-11-29;"sexta-feira";"08:04:00";"SC";280;53,7;"GUARAMIRIM";"Não guardar distância de segurança";"Engavetamento";"Com Vítimas Feridas";"Pleno dia";"Crescente";"Nublado";"Simples";"Reta";"Sim";4;0;1;0;2;2;1;5;-26,47491398;-48,98104191;"SPRF-SC";"DEL03-SC";"UOP03-DEL03-SC"
252607;2019-11-29;"sexta-feira";"07:20:00";"MT";70;29;"BARRA DO GARCAS";"Falta de Atenção à Condução";"Saída de leito carroçável";"Sem Vítimas";"Amanhecer";"Decrescente";"Céu Claro";"Simples";"Curva;Declive";"Não";2;0;0;0;1;2;0;3;-15,80816499;-52,48424098;"SPRF-MT";"DEL07-MT";"UOP01-DEL07-MT"
252609;2019-11-29;"sexta-feira";"09:00:00";"AL";101;181,3;"JUNQUEIRO";"Velocidade Incompatível";"Saída de leito carroçável";"Com Vítimas Fatais";"Pleno dia";"Crescente";"Céu Claro";"Dupla";"Declive";"Não";2;1;0;0;0;1;0;2;-9,89535548;-36,41225988;"SPRF-AL";"DEL02-AL";"UOP02-DEL02-AL"
252611;2019-11-29;"sexta-feira";"09:20:00";"CE";116;176,7;"RUSSAS";"Não guardar distância de segurança";"Colisão traseira";"Com Vítimas Fatais";"Pleno dia";"Crescente";"Céu Claro";"Simples";"Reta;Aclive";"Não";4;1;0;0;2;2;0;5;-5,02243691;-38,06425904;"SPRF-CE";"DEL03-CE";"UOP01-DEL03-CE"
252623;2019-11-05;"terça-feira";"08:10:00";"MG";40;529,1;"CONTAGEM";"Falta de Atenção à Condução";"Colisão lateral";"Com Vítimas Feridas";"Pleno dia";"Crescente";"Céu Claro";"Dupla";"Reta";"Sim";2;0;1;0;0;1;1;2;-19,91635592;-44,03966566;"SPRF-MG";"DEL01-MG";"UOP02-DEL01-MG"
252626;2019-11-29;"sexta-feira";"10:46:00";"RN";406;102;"JOAO CAMARA";"Falta de Atenção à Condução";"Colisão lateral";"Sem Vítimas";"Pleno dia";"Decrescente";"Céu Claro";"Simples";"Reta";"Sim";2;0;0;0;2;0;0;2;-5,52900453;-35,8176187;"SPRF-RN";"DEL02-RN";"UOP01-DEL02-RN"
252628;2019-11-11;"segunda-feira";"15:30:00";"MT";163;753,8;"SORRISO";"Falta de Atenção à Condução";"Colisão lateral";"Com Vítimas Feridas";"Pleno dia";"Decrescente";"Céu Claro";"Dupla";"Reta";"Sim";3;0;0;1;2;0;1;2;-12,54326105;-55,70843786;"SPRF-MT";"DEL06-MT";"UOP01-DEL06-MT"
252633;2019-11-29;"sexta-feira";"12:35:00";"BA";324;609;"SIMOES FILHO";"Falta de Atenção à Condução";"Colisão traseira";"Com Vítimas Fatais";"Pleno dia";"Crescente";"Céu Claro";"Dupla";"Reta";"Não";5;1;0;0;1;3;0;5;-12,83224746;-38,41289918;"SPRF-BA";"DEL01-BA";"UOP01-DEL01-BA"
252634;2019-11-29;"sexta-feira";"12:20:00";"PR";376;247,7;"BOM SUCESSO";"Desobediência às normas de trânsito pelo condutor";"Colisão traseira";"Com Vítimas Feridas";"Pleno dia";"Decrescente";"Céu Claro";"Simples";"Reta;Declive";"Não";2;0;1;0;1;0;1;2;-23,701349;-51,7590922;"SPRF-PR";"DEL07-PR";"UOP03-DEL07-PR"
252635;2019-11-29;"sexta-feira";"11:55:00";"MG";50;53;"ARAGUARI";"Velocidade Incompatível";"Colisão lateral";"Com Vítimas Feridas";"Pleno dia";"Crescente";"Chuva";"Dupla";"Curva";"Não";5;0;1;2;1;2;3;4;-18,76059085;-48,24078441;"SPRF-MG";"DEL15-MG";"UOP02-DEL15-MG"
252637;2019-11-29;"sexta-feira";"13:10:00";"PR";376;185,2;"SARANDI";"Falta de Atenção à Condução";"Saída de leito carroçável";"Sem Vítimas";"Pleno dia";"Crescente";"Céu Claro";"Dupla";"Reta";"Não";2;0;0;0;2;0;0;2;-23,4517024;-51,85356975;"SPRF-PR";"DEL07-PR";"UOP01-DEL09-PR"
252638;2019-11-29;"sexta-feira";"13:30:00";"BA";116;647;"JAGUAQUARA";"Defeito Mecânico no Veículo";"Colisão traseira";"Com Vítimas Fatais";"Pleno dia";"Crescente";"Céu Claro";"Simples";"Reta";"Não";4;1;1;0;1;1;1;4;-13,58594105;-40,08638876;"SPRF-BA";"DEL03-BA";"UOP01-DEL03-BA"
252640;2019-11-29;"sexta-feira";"13:40:00";"PE";101;44,4;"IGARASSU";"Não guardar distância de segurança";"Colisão lateral";"Com Vítimas Feridas";"Pleno dia";"Crescente";"Céu Claro";"Dupla";"Reta";"Sim";2;0;1;0;1;0;1;2;-7,858833;-34,908466;"SPRF-PE";"DEL01-PE";"UOP02-DEL01-PE"