"id";"data_inversa";"dia_semana";"horario";"uf";"br";"km";"municipio";"causa_acidente";"tipo_acidente";"classificacao_acidente";"fase_dia";"sentido_via";"condicao_metereologica";"tipo_pista";"tracado_via";"uso_solo";"pessoas";"mortos";"feridos_leves";"feridos_graves";"ilesos";"ignorados";"feridos";"veiculos";"latitude";"longitude";"regional";"delegacia";"uop"
252649;2019-11-29;"sexta-feira";"11:05:00";"MG";50;168,8;"UBERABA";"Falta de Atenção à Condução";"Colisão traseira";"Com Vítimas Feridas";"Pleno dia";"Decrescente";"Garoa/Chuvisco";"Dupla";"Reta";"Sim";2;0;0;1;1;0;1;2;-19,71878606;-47,97991239;"SPRF-MG";"DEL13-MG";"UOP01-DEL13-MG"
252651;2019-11-29;"sexta-feira";"13:30:00";"CE";116;147,9;"RUSSAS";"Defeito na Via";"Tombamento";"Com Vítimas Feridas";"Pleno dia";"Decrescente";"Céu Claro";"Simples";"Desvio Temporário";"Não";2;0;1;0;0;1;1;2;-4,81391997;-38,05943394;"SPRF-CE";"DEL03-CE";"UOP01-DEL03-CE"
252655;2019-11-29;"sexta-feira";"14:42:00";"PB";230;146,8;"CAMPINA GRANDE";"Falta de Atenção à Condução";"Colisão traseira";"Com Vítimas Feridas";"Pleno dia";"Decrescente";"Céu Claro";"Dupla";"Declive";"Sim";4;0;1;1;1;1;2;3;-7,2468;-35,8484;"SPRF-PB";"DEL02-PB";"UOP01-DEL02-PB"
252666;2019-11-29;"sexta-feira";"16:15:00";"SC";470;71,9;"INDAIAL";"Falta de Atenção à Condução";"Colisão transversal";"Com Vítimas Feridas";"Pleno dia";"Crescente";"Céu Claro";"Simples";"Reta";"Sim";2;0;0;1;1;0;1;2;-26,895243;-49,262104;"SPRF-SC";"DEL04-SC";"UOP01-DEL04-SC"
252670;2019-11-29;"sexta-feira";"15:50:00";"SC";470;130;"LONTRAS";"Falta de Atenção à Condução";"Colisão com objeto estático";"Sem Vítimas";"Pleno dia";"Crescente";"Céu Claro";"Simples";"Interseção de Vias";"Sim";3;0;0;0;1;3;0;4;-27,15756;-49,556488;"SPRF-SC";"DEL04-SC";"UOP02-DEL04-SC"
252673;2019-11-29;"sexta-feira";"15:20:00";"MS";163;36;"ELDORADO";"Falta de Atenção à Condução";"Tombamento";"Com Vítimas Feridas";"Pleno dia";"Crescente";"Céu Claro";"Simples";"Aclive";"Não";2;0;1;0;0;2;1;3;-23,80607589;-54,31318103;"SPRF-MS";"DEL09-MS";"UOP02-DEL09-MS"
252675;2019-11-29;"sexta-feira";"14:07:00";"MG";365;48,3;"CLARO DOS POCOES";"Pista Escorregadia";"Tombamento";"Com Vítimas Feridas";"Pleno dia";"Crescente";"Chuva";"Simples";"Declive;Reta";"Não";1;0;1;0;0;0;1;1;-16,93034973;-44,22810598;"SPRF-MG";"DEL12-MG";"UOP01-DEL12-MG"
252679;2019-11-29;"sexta-feira";"14:20:00";"GO";153;616;"MORRINHOS";"Velocidade Incompatível";"Saída de leito carroçável";"Com Vítimas Feridas";"Pleno dia";"Decrescente";"Nublado";"Dupla";"Reta";"Não";2;0;0;1;0;1;1;2;-17,6864;-49,159;"SPRF-GO";"DEL03-GO";"UOP01-DEL03-GO"
252682;2019-11-29;"sexta-feira";"16:45:00";"MG";251;350,8;"PADRE CARVALHO";"Velocidade Incompatível";"Colisão traseira";"Com Vítimas Fatais";"Pleno dia";"Decrescente";"Nublado";"Simples";"Reta";"Não";6;1;0;0;4;5;0;10;-16,265189;-42,525956;"SPRF-MG";"DEL12-MG";"UOP01-DEL12-MG"
252687;2019-11-29;"sexta-feira";"17:00:00";"PI";343;1,4;"TERESINA";"Falta de Atenção à Condução";"Colisão transversal";"Com Vítimas Feridas";"Anoitecer";"Decrescente";"Céu Claro";"Múltipla";"Reta";"Sim";2;0;1;0;1;0;1;2;-5,08095221;-42,76091337;"SPRF-PI";"DEL01-PI";"UOP01-DEL01-PI"
252696;2019-11-29;"sexta-feira";"10:40:00";"AL";104;30,7;"UNIAO DOS PALMARES";"Defeito Mecânico no Veículo";"Incêndio";"Sem Vítimas";"Pleno dia";"Crescente";"Sol";"Simples";"Reta";"Não";1;0;0;0;1;0;0;1;-9,12603274;-36,03386675;"SPRF-AL";"DEL01-AL";"UOP02-DEL01-AL"
252697;2019-11-29;"sexta-feira";"17:35:00";"GO";60;118,9;"TEREZOPOLIS DE GOIAS";"Defeito Mecânico no Veículo";"Saída de leito carroçável";"Com Vítimas Feridas";"Anoitecer";"Crescente";"Chuva";"Dupla";"Reta";"Não";1;0;1;0;0;0;1;1;-16,4848;-49,0935;"SPRF-GO";"DEL01-GO";"UOP01-DEL01-GO"
252701;2019-11-29;"sexta-feira";"18:00:00";"MG";381;806;"SAO GONCALO DO SAPUCAI";"Restrição de Visibilidade";"Colisão traseira";"Com Vítimas Feridas";"Anoitecer";"Crescente";"Céu Claro";"Dupla";"Reta;Aclive";"Não";3;0;1;0;1;1;1;3;-22,01443986;-45,67874834;"SPRF-MG";"DEL16-MG";"UOP02-DEL16-MG"
252711;2019-11-29;"sexta-feira";"19:00:00";"RN";304;296;"MACAIBA";"Defeito Mecânico no Veículo";"Colisão transversal";"Com Vítimas Feridas";"Plena Noite";"Crescente";"Céu Claro";"Simples";"Reta";"Não";2;0;1;0;1;0;1;2;-5,86484905;-35,34931012;"SPRF-RN";"DEL01-RN";"UOP02-DEL01-RN"
252713;2019-11-29;"sexta-feira";"17:35:00";"SC";470;48,8;"BLUMENAU";"Desobediência às normas de trânsito pelo condutor";"Colisão lateral";"Com Vítimas Feridas";"Pleno dia";"Decrescente";"Sol";"Simples";"Em Obras;Reta";"Sim";2;0;1;0;1;0;1;2;-26,86010299;-49,06362176;"SPRF-SC";"DEL04-SC";"UOP01-DEL04-SC"
252716;2019-11-29;"sexta-feira";"14:20:00";"SC";480;128;"CHAPECO";"Falta de Atenção à Condução";"Colisão traseira";"Com Vítimas Feridas";"Pleno dia";"Crescente";"Sol";"Dupla";"Reta";"Sim";3;0;1;0;2;0;1;2;-27,03781899;-52,63432603;"SPRF-SC";"DEL07-SC";"UOP01-DEL07-SC"
252722;2019-11-29;"sexta-feira";"19:10:00";"ES";101;263,5;"SERRA";"Desobediência às normas de trânsito pelo condutor";"Colisão lateral";"Com Vítimas Feridas";"Plena Noite";"Decrescente";"Céu Claro";"Múltipla";"Reta";"Sim";3;0;1;0;2;0;1;3;-20,17678674;-40,26576564;"SPRF-ES";"DEL02-ES";"UOP01-DEL02-ES"
252723;2019-11-29;"sexta-feira";"18:45:00";"RS";116;256;"ESTEIO";"Falta de Atenção à Condução";"Colisão lateral";"Com Vítimas Feridas";"Pleno dia";"Decrescente";"Céu Claro";"Dupla";"Reta";"Sim";2;0;1;0;1;0;1;2;-29,84393699;-51,17728603;"SPRF-RS";"DEL01-RS";"UOP02-DEL01-RS"
252731;2019-11-29;"sexta-feira";"17:25:00";"GO";153;379,1;"SAO FRANCISCO DE GOIAS";"Falta de Atenção à Condução";"Saída de leito carroçável";"Com Vítimas Feridas";"Pleno dia";"Crescente";"Chuva";"Simples";"Declive;Reta";"Não";1;0;0;1;0;0;1;1;-15,899754;-49,233356;"SPRF-GO";"DEL02-GO";"UOP02-DEL02-GO"
252733;2019-11-29;"sexta-feira";"16:00:00";"MT";364;346;"SANTO ANTONIO DO LEVERGER";"Velocidade Incompatível";"Saída de leito carroçável";"Com Vítimas Feridas";"Pleno dia";"Crescente";"Chuva";"Dupla";"Curva;Declive";"Não";3;0;1;0;1;3;1;4;-15,81193889;-55,53981241;"SPRF-MT";"DEL02-MT";"UOP02-DEL01-MT"
252738;2019-11-29;"sexta-feira";"19:30:00";"MS";163;486,4;"CAMPO GRANDE";"Falta de Atenção à Condução";"Colisão transversal";"Com Vítimas Feridas";"Plena Noite";"Crescente";"Nublado";"Simples";"Reta";"Sim";5;0;0;4;1;0;4;2;-20,4336361;-54,54376745;"SPRF-MS";"DEL01-MS";"UOP02-DEL01-MS"
252747;2019-11-29;"sexta-feira";"21:20:00";"BA";116;525;"ITATIM";"Falta de Atenção à Condução";"Saída de leito carroçável";"Sem Vítimas";"Plena Noite";"Crescente";"Céu Claro";"Simples";"Reta";"Não";2;0;0;0;1;1;0;2;-12,70416029;-39,72039081;"SPRF-BA";"DEL03-BA";"UOP02-DEL03-BA"
252750;2019-11-29;"sexta-feira";"21:30:00";"MG";40;281,9;"TRES MARIAS";"Falta de Atenção do Pedestre";"Atropelamento de Pedestre";"Com Vítimas Feridas";"Plena Noite";"Decrescente";"Chuva";"Simples";"Curva";"Não";3;0;0;1;1;1;1;3;-18,24214561;-45,2080525;"SPRF-MG";"DEL14-MG";"UOP02-DEL14-MG"
252759;2019-11-29;"sexta-feira";"22:40:00";"SP";116;147,7;"SAO JOSE DOS CAMPOS";"Falta de Atenção à Condução";"Colisão lateral";"Com Vítimas Feridas";"Plena Noite";"Crescente";"Céu Claro";"Múltipla";"Reta";"Sim";5;0;3;0;1;1;3;3;-23,20067421;-45,8795018;"SPRF-SP";"DEL02-SP";"UOP01-DEL02-SP"
252763;2019-11-29;"sexta-feira";"22:30:00";"PR";277;561,1;"CASCAVEL";"Falta de Atenção do Pedestre";"Atropelamento de Pedestre";"Com Vítimas Fatais";"Plena Noite";"Decrescente";"Céu Claro";"Simples";"Curva";"Não";3;1;0;0;1;1;0;3;-25,06142101;-53,2212925;"SPRF-PR";"DEL04-PR";"UOP04-DEL04-PR"
252772;2019-11-30;"sábado";"00:10:00";"SE";101;194;"CRISTINAPOLIS";"Falta de Atenção à Condução";"Colisão traseira";"Com Vítimas Feridas";"Plena Noite";"Decrescente";"Céu Claro";"Simples";"Curva";"Não";2;0;0;1;1;0;1;2;-11,45004803;-37,73745006;"SPRF-SE";"DEL02-SE";"UOP03-DEL02-SE"
252774;2019-11-29;"sexta-feira";"23:30:00";"PR";158;529,7;"PATO BRANCO";"Ingestão de Álcool";"Saída de leito carroçável";"Com Vítimas Feridas";"Plena Noite";"Decrescente";"Céu Claro";"Simples";"Curva";"Sim";2;0;1;0;0;1;1;2;-26,18598618;-52,66855971;"SPRF-PR";"DEL02-PR";"UOP01-DEL02-PR"
252785;2019-11-30;"sábado";"01:50:00";"CE";116;11;"FORTALEZA";"Ingestão de Álcool";"Colisão com objeto estático";"Com Vítimas Feridas";"Plena Noite";"Decrescente";"Céu Claro";"Múltipla";"Reta";"Sim";3;0;1;0;1;1;1;3;-3,8416492939;-38,4996604919;"SPRF-CE";"DEL01-CE";"UOP02-DEL01-CE"
252792;2019-11-30;"sábado";"04:40:00";"MT";174;565,7;"COMODORO";"Objeto estático sobre o leito carroçável";"Colisão com objeto estático";"Com Vítimas Fatais";"Amanhecer";"Crescente";"Nublado";"Simples";"Reta";"Não";3;1;0;0;1;3;0;5;-12,93496841;-60,04577637;"SPRF-RO";"DEL04-RO";"UOP01-DEL04-RO"
252802;2019-11-30;"sábado";"05:30:00";"MG";381;704,3;"LAVRAS";"Velocidade Incompatível";"Tombamento";"Com Vítimas Feridas";"Plena Noite";"Crescente";"Nublado";"Dupla";"Curva";"Não";3;0;2;0;0;1;2;2;-21,31133043;-45,16412973;"SPRF-MG";"DEL04-MG";"UOP02-DEL04-MG"
252817;2019-11-30;"sábado";"02:30:00";"PI";230;249;"OEIRAS";"Defeito Mecânico no Veículo";"Colisão com objeto estático";"Sem Vítimas";"Plena Noite";"Crescente";"Céu Claro";"Simples";"Reta";"Não";2;0;0;0;1;1;0;2;-6,98532724;-42,53479696;"SPRF-PI";"DEL03-PI";"UOP01-DEL03-PI"
252819;2019-11-30;"sábado";"10:30:00";"SP";116;357;"MIRACATU";"Defeito Mecânico no Veículo";"Colisão traseira";"Com Vítimas Feridas";"Pleno dia";"Crescente";"Céu Claro";"Dupla";"Reta";"Não";3;0;1;0;1;1;1;3;-24,097011;-47,25702443;"SPRF-SP";"DEL04-SP";"UOP03-DEL04-SP"
252823;2019-10-23;"quarta-feira";"17:30:00";"MA";10;168,5;"PORTO FRANCO";"Velocidade Incompatível";"Colisão frontal";"Com Vítimas Fatais";"Anoitecer";"Decrescente";"Nublado";"Simples";"Reta";"Não";3;1;1;0;0;2;1;4;-6,248398;-47,352127;"SPRF-MA";"DEL04-MA";"UOP02-DEL04-MA"
252831;2019-11-30;"sábado";"04:20:00";"SC";101;353,5;"JAGUARUNA";"Desobediência às normas de trânsito pelo condutor";"Colisão frontal";"Com Vítimas Feridas";"Amanhecer";"Decrescente";"Céu Claro";"Dupla";"Reta";"Não";3;0;0;1;1;1;1;3;-28,620797;-49,073837;"SPRF-SC";"DEL02-SC";"UOP01-DEL02-SC"
252833;2019-11-30;"sábado";"11:15:00";"PR";376;589;"CURITIBA";"Não guardar distância de segurança";"Colisão traseira";"Com Vítimas Feridas";"Pleno dia";"Decrescente";"Céu Claro";"Dupla";"Reta";"Sim";7;0;3;1;2;3;4;7;-25,44273905;-49,36419842;"SPRF-PR";"DEL01-PR";"UOP06-DEL01-PR"
252839;2019-11-30;"sábado";"11:20:00";"PA";316;47;"SANTA IZABEL DO PARA";"Não guardar distância de segurança";"Colisão lateral";"Com Vítimas Feridas";"Pleno dia";"Crescente";"Sol";"Dupla";"Reta";"Não";4;0;2;0;1;1;2;3;-1,2853682;-48,06269824;"SPRF-PA";"DEL01-PA";"UOP01-DEL01-PA"
252840;2019-11-30;"sábado";"04:50:00";"BA";242;323;"LAJEDINHO";"Condutor Dormindo";"Colisão frontal";"Com Vítimas Feridas";"Amanhecer";"Crescente";"Céu Claro";"Simples";"Reta";"Não";3;0;1;1;0;2;2;4;-12,46733959;-41,08997199;"SPRF-BA";"DEL06-BA";"UOP01-DEL06-BA"
252841;2019-11-30;"sábado";"06:30:00";"MT";163;535;"DIAMANTINO";"Ultrapassagem Indevida";"Colisão frontal";"Com Vítimas Fatais";"Pleno dia";"Decrescente";"Nublado";"Simples";"Reta";"Não";10;1;6;0;1;6;6;9;-14,35057685;-56,14986777;"SPRF-MT";"DEL01-MT";"UOP01-DEL01-MT"
252844;2019-11-30;"sábado";"12:20:00";"PE";316;68,8;"OURICURI";"Defeito Mecânico no Veículo";"Incêndio";"Sem Vítimas";"Pleno dia";"Crescente";"Céu Claro";"Simples";"Curva;Aclive";"Não";1;0;0;0;1;0;0;1;-7,79974423;-40,19497322;"SPRF-PE";"DEL05-PE";"UOP02-DEL05-PE"
252851;2019-11-30;"sábado";"07:00:00";"MG";116;265;"TEOFILO OTONI";"Defeito Mecânico no Veículo";"Saída de leito carroçável";"Com Vítimas Feridas";"Pleno dia";"Crescente";"Nublado";"Simples";"Ponte";"Não";2;0;1;0;0;1;1;2;-17,762903;-41,50256799;"SPRF-MG";"DEL11-MG";"UOP01-DEL11-MG"
252852;2019-11-30;"sábado";"12:40:00";"DF";60;8;"BRASILIA";"Falta de Atenção à Condução";"Saída de leito carroçável";"Com Vítimas Feridas";"Pleno dia";"Crescente";"Nublado";"Dupla";"Reta";"Não";1;0;1;0;0;0;1;1;-15,90324;-48,130695;"SPRF-DF";"DEL01-DF";"UOP01-DEL03-DF"
252853;2019-11-30;"sábado";"06:30:00";"MT";364;277;"JACIARA";"Falta de Atenção à Condução";"Tombamento";"Com Vítimas Fatais";"Pleno dia";"Decrescente";"Céu Claro";"Simples";"Reta";"Sim";2;1;0;0;0;1;0;2;-15,95076591;-54,99952397;"SPRF-MT";"DEL02-MT";"UOP02-DEL05-MT"
252856;2019-11-30;"sábado";"07:30:00";"GO";60;109;"GOIANAPOLIS";"Não guardar distância de segurança";"Colisão traseira";"Com Vítimas Feridas";"Pleno dia";"Decrescente";"Céu Claro";"Dupla";"Reta";"Não";3;0;1;0;1;1;1;3;-16,4478;-49,0224;"SPRF-GO";"DEL01-GO";"UOP01-DEL01-GO"
252858;2019-11-30;"sábado";"12:00:00";"BA";324;530;"FEIRA DE SANTANA";"Carga excessiva e/ou mal acondicionada";"Derramamento de carga";"Sem Vítimas";"Pleno dia";"Decrescente";"Céu Claro";"Dupla";"Curva";"Sim";2;0;0;0;1;1;0;2;-12,32818491;-38,86174193;"SPRF-BA";"DEL01-BA";"UOP01-DEL01-BA"
252866;2019-11-30;"sábado";"14:15:00";"MG";381;399,6;"BOM JESUS DO AMPARO";"Falta de Atenção à Condução";"Colisão frontal";"Com Vítimas Fatais";"Pleno dia";"Decrescente";"Nublado";"Simples";"Reta";"Sim";7;2;0;2;1;2;2;4;-19,75887111;-43,46827358;"SPRF-MG";"DEL01-MG";"UOP01-DEL01-MG"
252869;2019-11-30;"sábado";"13:40:00";"SP";381;41,4;"ATIBAIA";"Falta de Atenção à Condução";"Colisão traseira";"Com Vítimas Feridas";"Pleno dia";"Crescente";"Céu Claro";"Dupla";"Reta";"Sim";3;0;1;0;1;1;1;3;-23,13863999;-46,57584088;"SPRF-SP";"DEL03-SP";"UOP01-DEL03-SP"
252870;2019-11-30;"sábado";"11:15:00";"RJ";40;46;"PETROPOLIS";"Velocidade Incompatível";"Colisão com objeto estático";"Com Vítimas Feridas";"Pleno dia";"Decrescente";"Céu Claro";"Dupla";"Reta";"Não";3;0;0;1;1;2;1;4;-22,28561813;-43,12096273;"SPRF-RJ";"DEL06-RJ";"UOP01-DEL06-RJ"
252871;2019-11-29;"sexta-feira";"21:55:00";"PR";158;515;"PATO BRANCO";"Carga excessiva e/ou mal acondicionada";"Tombamento";"Sem Vítimas";"Plena Noite";"Decrescente";"Céu Claro";"Simples";"Curva";"Não";3;0;0;0;2;2;0;4;-26,0653838;-52,63609922;"SPRF-PR";"DEL02-PR";"UOP01-DEL02-PR"
252879;2019-11-30;"sábado";"14:15:00";"SP";116;112,2;"TAUBATE";"Desobediência às normas de trânsito pelo condutor";"Colisão lateral";"Com Vítimas Feridas";"Pleno dia";"Decrescente";"Céu Claro";"Dupla";"Reta";"Sim";2;0;0;1;1;0;1;2;-23,04159343;-45,57065616;"SPRF-SP";"DEL06-SP";"UOP02-DEL02-SP"
252888;2019-11-30;"sábado";"10:55:00";"PR";376;587;"CURITIBA";"Carga excessiva e/ou mal acondicionada";"Tombamento";"Com Vítimas Feridas";"Pleno dia";"Decrescente";"Céu Claro";"Simples";"Rotatória";"Sim";1;0;1;0;0;0;1;1;-25,43275039;-49,37346606;"SPRF-PR";"DEL01-PR";"UOP06-DEL01-PR"
252890;2019-11-30;"sábado";"15:00:00";"BA";324;518;"FEIRA DE SANTANA";"Falta de Atenção à Condução";"Colisão lateral";"Sem Vítimas";"Pleno dia";"Decrescente";"Sol";"Dupla";"Reta";"Sim";2;0;0;0;2;0;0;2;-12,258195;-38,932182;"SPRF-BA";"DEL02-BA";"UOP01-DEL02-BA"
252892;2019-11-30;"sábado";"15:40:00";"ES";101;67,5;"SAO MATEUS";"Falta de Atenção à Condução";"Colisão transversal";"Com Vítimas Feridas";"Pleno dia";"Crescente";"Nublado";"Simples";"Interseção de Vias";"Sim";3;0;1;0;2;0;1;2;-18,72054021;-39,8658931;"SPRF-ES";"DEL04-ES";"UOP02-DEL04-ES"
252894;2019-11-30;"sábado";"15:00:00";"BA";101;61;"ENTRE RIOS";"Velocidade Incompatível";"Colisão traseira";"Com Vítimas Feridas";"Pleno dia";"Crescente";"Céu Claro";"Simples";"Interseção de Vias";"Sim";3;0;1;0;1;2;1;4;-11,9676968;-38,11726499;"SPRF-BA";"DEL01-BA";"UOP04-DEL01-BA"
252897;2019-11-30;"sábado";"14:30:00";"PA";10;165,8;"PARAGOMINAS";"Falta de Atenção à Condução";"Colisão transversal";"Com Vítimas Feridas";"Pleno dia";"Decrescente";"Céu Claro";"Simples";"Reta";"Sim";2;0;0;1;1;0;1;2;-2,99184245;-47,45688018;"SPRF-PA";"DEL02-PA";"UOP01-DEL02-PA"
252913;2019-11-30;"sábado";"02:05:00";"SC";280;211,3;"TRES BARRAS";"Ingestão de Álcool";"Colisão traseira";"Com Vítimas Feridas";"Plena Noite";"Crescente";"Céu Claro";"Simples";"Reta";"Não";3;0;0;1;1;1;1;3;-26,17630087;-50,17782703;"SPRF-SC";"DEL06-SC";"UOP04-DEL06-SC"
252916;2019-11-30;"sábado";"17:35:00";"PR";277;390,6;"CANDOI";"Defeito Mecânico no Veículo";"Colisão com objeto em movimento";"Com Vítimas Feridas";"Pleno dia";"Decrescente";"Céu Claro";"Simples";"Reta";"Não";3;0;2;0;1;0;2;2;-25,43877352;-51,8288981;"SPRF-PR";"DEL03-PR";"UOP01-DEL08-PR"
252918;2019-11-30;"sábado";"15:30:00";"PA";163;986,1;"SANTAREM";"Desobediência às normas de trânsito pelo condutor";"Colisão transversal";"Com Vítimas Fatais";"Pleno dia";"Decrescente";"Sol";"Simples";"Reta";"Não";2;1;0;0;1;0;0;2;-2,59271401;-54,71976013;"SPRF-PA";"DEL05-PA";"UOP01-DEL05-PA"
252933;2019-11-29;"sexta-feira";"19:50:00";"MG";459;92,2;"POUSO ALEGRE";"Velocidade Incompatível";"Tombamento";"Com Vítimas Fatais";"Plena Noite";"Decrescente";"Nublado";"Simples";"Reta";"Não";3;2;0;0;0;1;0;3;-22,184677;-45,988678;"SPRF-MG";"DEL16-MG";"UOP01-DEL09-MG"
252963;2019-11-30;"sábado";"19:00:00";"PA";316;245;"CACHOEIRA DO PIRIA";"Falta de Atenção à Condução";"Tombamento";"Com Vítimas Feridas";"Plena Noite";"Crescente";"Céu Claro";"Simples";"Curva";"Sim";2;0;0;1;0;1;1;2;-1,75943564;-46,54685211;"SPRF-PA";"DEL01-PA";"UOP04-DEL01-PA"
252968;2019-11-30;"sábado";"20:15:00";"BA";101;374;"GANDU";"Falta de Atenção à Condução";"Tombamento";"Com Vítimas Feridas";"Plena Noite";"Decrescente";"Céu Claro";"Simples";"Curva";"Não";2;0;0;1;1;0;1;1;-13,78673715;-39,49378967;"SPRF-BA";"DEL05-BA";"UOP03-DEL05-BA"
252977;2019-11-30;"sábado";"20:00:00";"PR";376;667;"GUARATUBA";"Defeito Mecânico no Veículo";"Saída de leito carroçável";"Sem Vítimas";"Plena Noite";"Crescente";"Céu Claro";"Dupla";"Declive";"Não";1;0;0;0;1;0;0;1;-25,86649659;-48,94666822;"SPRF-PR";"DEL01-PR";"UOP04-DEL01-PR"
252981;2019-11-30;"sábado";"20:30:00";"SC";470;106;"APIUNA";"Falta de Atenção à Condução";"Colisão frontal";"Com Vítimas Feridas";"Plena Noite";"Decrescente";"Céu Claro";"Simples";"Em Obras";"Sim";7;0;3;2;0;2;5;5;-27,073105;-49,422935;"SPRF-SC";"DEL04-SC";"UOP02-DEL04-SC"
252993;2019-11-30;"sábado";"19:00:00";"PE";316;272;"BELEM DE SAO FRANCISCO";"Animais na Pista";"Saída de leito carroçável";"Com Vítimas Feridas";"Plena Noite";"Crescente";"Céu Claro";"Simples";"Reta";"Não";2;0;1;0;1;0;1;1;-8,69563604;-38,84408298;"SPRF-PE";"DEL04-PE";"UOP03-DEL04-PE"
252994;2019-11-30;"sábado";"23:45:00";"SC";101;338,9;"TUBARAO";"Falta de Atenção à Condução";"Colisão com objeto estático";"Sem Vítimas";"Plena Noite";"Decrescente";"Nublado";"Dupla";"Ponte;Reta";"Sim";4;0;0;0;1;3;0;4;-28,50226203;-49,04720664;"SPRF-SC";"DEL02-SC";"UOP01-DEL02-SC"
252995;2019-11-30;"sábado";"21:50:00";"PR";153;470,2;"PORTO VITORIA";"Velocidade Incompatível";"Derramamento de carga";"Com Vítimas Fatais";"Plena Noite";"Crescente";"Nublado";"Simples";"Declive;Curva";"Não";7;1;1;1;4;0;2;3;-26,30004698;-51,20710373;"SPRF-PR";"DEL02-PR";"UOP03-DEL02-PR"
252996;2019-11-30;"sábado";"21:00:00";"AC";364;116;"RIO BRANCO";"Ingestão de Álcool";"Saída de leito carroçável";"Com Vítimas Feridas";"Plena Noite";"Decrescente";"Garoa/Chuvisco";"Simples";"Rotatória";"Sim";2;0;1;0;0;1;1;2;-10,01297804;-67,719215;"SPRF-AC";"DEL01-AC";"UOP01-DEL01-AC"
252998;2019-12-01;"domingo";"01:00:00";"CE";222;205;"FORQUILHA";"Condutor Dormindo";"Saída de leito carroçável";"Com Vítimas Feridas";"Plena Noite";"Crescente";"Céu Claro";"Simples";"Curva";"Não";2;0;1;0;0;2;1;3;-3,781798;-40,230502;"SPRF-CE";"DEL04-CE";"UOP01-DEL04-CE"
253001;2019-11-30;"sábado";"22:50:00";"BA";101;123;"ARAMARI";"Falta de Atenção à Condução";"Colisão frontal";"Com Vítimas Fatais";"Plena Noite";"Crescente";"Céu Claro";"Simples";"Curva";"Não";2;1;0;0;1;0;0;2;-12,18239275;-38,58123328;"SPRF-BA";"DEL01-BA";"UOP04-DEL01-BA"
253005;2019-12-01;"domingo";"01:00:00";"ES";101;49,7;"SAO MATEUS";"Ingestão de Álcool";"Colisão frontal";"Com Vítimas Feridas";"Plena Noite";"Decrescente";"Nublado";"Simples";"Interseção de Vias";"Não";3;0;2;1;0;0;3;2;-18,58291224;-39,89320647;"SPRF-ES";"DEL04-ES";"UOP02-DEL04-ES"
253008;2019-12-01;"domingo";"02:00:00";"CE";222;73,4;"SAO GONCALO DO AMARANTE";"Desobediência às normas de trânsito pelo condutor";"Colisão frontal";"Com Vítimas Fatais";"Plena Noite";"Decrescente";"Céu Claro";"Simples";"Reta";"Não";4;1;0;0;3;0;0;2;-3,67096877;-39,197361;"SPRF-CE";"DEL01-CE";"UOP03-DEL01-CE"
253010;2019-12-01;"domingo";"02:20:00";"RS";386;37,9;"FREDERICO WESTPHALEN";"Falta de Atenção à Condução";"Colisão frontal";"Com Vítimas Fatais";"Plena Noite";"Crescente";"Céu Claro";"Simples";"Reta";"Sim";2;1;0;0;1;0;0;2;-27,382351;-53,399605;"SPRF-RS";"DEL08-RS";"UOP02-DEL08-RS"
253022;2019-12-01;"domingo";"02:45:00";"MT";364;440;"VARZEA GRANDE";"Velocidade Incompatível";"Tombamento";"Com Vítimas Feridas";"Plena Noite";"Crescente";"Céu Claro";"Simples";"Curva";"Não";3;0;2;0;0;2;2;3;-15,60055218;-56,20571136;"SPRF-MT";"DEL01-MT";"DEL2/4-UOP02/MT"
253035;2019-12-01;"domingo";"05:10:00";"ES";101;8,1;"PEDRO CANARIO";"Falta de Atenção à Condução";"Colisão lateral";"Com Vítimas Feridas";"Amanhecer";"Crescente";"Nublado";"Simples";"Curva";"Não";8;0;3;2;2;5;5;8;-18,23027961;-39,95278417;"SPRF-ES";"DEL04-ES";"UOP02-DEL04-ES"
253050;2019-12-01;"domingo";"06:30:00";"PE";232;6,8;"RECIFE";"Avarias e/ou desgaste excessivo no pneu";"Colisão lateral";"Sem Vítimas";"Pleno dia";"Crescente";"Céu Claro";"Dupla";"Reta";"Não";3;0;0;0;2;1;0;3;-8,07079525;-34,9535389;"SPRF-PE";"DEL01-PE";"UOP01-DEL01-PE"
253054;2019-12-01;"domingo";"05:50:00";"MG";365;5,5;"MONTES CLAROS";"Desobediência às normas de trânsito pelo condutor";"Colisão lateral";"Com Vítimas Feridas";"Amanhecer";"Decrescente";"Garoa/Chuvisco";"Simples";"Curva";"Não";2;0;1;0;1;0;1;2;-16,74574399;-43,88392402;"SPRF-MG";"DEL12-MG";"UOP01-DEL12-MG"
253056;2019-12-01;"domingo";"03:00:00";"BA";116;658,6;"JEQUIE";"Desobediência às normas de trânsito pelo condutor";"Colisão transversal";"Sem Vítimas";"Plena Noite";"Crescente";"Céu Claro";"Simples";"Rotatória";"Não";3;0;0;0;2;1;0;3;-13,68160894;-40,09548576;"SPRF-BA";"DEL03-BA";"UOP01-DEL03-BA"