"id";"data_inversa";"dia_semana";"horario";"uf";"br";"km";"municipio";"causa_acidente";"tipo_acidente";"classificacao_acidente";"fase_dia";"sentido_via";"condicao_metereologica";"tipo_pista";"tracado_via";"uso_solo";"pessoas";"mortos";"feridos_leves";"feridos_graves";"ilesos";"ignorados";"feridos";"veiculos";"latitude";"longitude";"regional";"delegacia";"uop"
253410;2019-11-25;"segunda-feira";"10:00:00";"SC";282;462,2;"PONTE SERRADA";"Falta de Atenção à Condução";"Colisão transversal";"Com Vítimas Feridas";"Pleno dia";"Crescente";"Céu Claro";"Simples";"Reta";"Sim";4;0;1;1;2;0;2;2;-26,86132844;-52,02636226;"SPRF-SC";"DEL07-SC";"UOP04-DEL07-SC"
253416;2019-12-02;"segunda-feira";"21:00:00";"MG";381;867,1;"POUSO ALEGRE";"Falta de Atenção à Condução";"Atropelamento de Pedestre";"Com Vítimas Fatais";"Plena Noite";"Decrescente";"Céu Claro";"Múltipla";"Reta";"Não";2;1;0;0;0;1;0;2;-22,37157053;-45,93647796;"SPRF-MG";"DEL16-MG";"UOP01-DEL16-MG"
253433;2019-12-02;"segunda-feira";"23:55:00";"DF";20;16,4;"BRASILIA";"Falta de Atenção à Condução";"Colisão traseira";"Com Vítimas Feridas";"Plena Noite";"Decrescente";"Céu Claro";"Dupla";"Aclive";"Sim";2;0;1;0;1;0;1;2;-15,625675;-47,725159;"SPRF-DF";"DEL02-DF";"UOP01-DEL02-DF"
253443;2019-12-03;"terça-feira";"05:00:00";"PE";101;57;"PAULISTA";"Não guardar distância de segurança";"Colisão traseira";"Sem Vítimas";"Amanhecer";"Crescente";"Sol";"Dupla";"Reta";"Sim";3;0;0;0;2;1;0;2;-7,96449441;-34,91661072;"SPRF-PE";"DEL01-PE";"UOP02-DEL01-PE"
253446;2019-12-03;"terça-feira";"06:00:00";"MG";381;943,8;"EXTREMA";"Falta de Atenção à Condução";"Colisão traseira";"Com Vítimas Feridas";"Pleno dia";"Decrescente";"Nublado";"Dupla";"Reta";"Não";2;0;1;0;0;1;1;2;-22,84533165;-46,33154589;"SPRF-MG";"DEL16-MG";"UOP03-DEL16-MG"
253455;2019-12-03;"terça-feira";"07:05:00";"RS";153;44,5;"ERECHIM";"Defeito Mecânico no Veículo";"Danos eventuais";"Sem Vítimas";"Pleno dia";"Crescente";"Céu Claro";"Simples";"Aclive;Rotatória";"Sim";2;0;0;0;1;1;0;2;-27,62312752;-52,23687793;"SPRF-RS";"DEL08-RS";"UOP04-DEL08-RS"
253456;2019-12-03;"terça-feira";"07:15:00";"BA";116;304,3;"ARACI";"Condutor Dormindo";"Colisão frontal";"Com Vítimas Fatais";"Pleno dia";"Decrescente";"Céu Claro";"Simples";"Reta";"Não";6;4;0;0;1;1;0;3;-11,20681695;-38,87740007;"SPRF-BA";"DEL02-BA";"UOP01-DEL02-BA"
253463;2019-12-03;"terça-feira";"08:00:00";"RS";116;242,2;"SAO LEOPOLDO";"Não guardar distância de segurança";"Colisão traseira";"Com Vítimas Feridas";"Pleno dia";"Decrescente";"Sol";"Dupla";"Reta";"Sim";2;0;1;0;1;0;1;2;-29,72297087;-51,14858729;"SPRF-RS";"DEL01-RS";"UOP02-DEL01-RS"
253465;2019-12-03;"terça-feira";"06:20:00";"MS";163;463,7;"CAMPO GRANDE";"Falta de Atenção do Pedestre";"Colisão traseira";"Com Vítimas Feridas";"Pleno dia";"Crescente";"Céu Claro";"Simples";"Reta";"Não";4;0;2;0;1;2;2;4;-20,61187111;-54,57639346;"SPRF-MS";"DEL01-MS";"UOP01-DEL01-MS"
253470;2019-12-03;"terça-feira";"07:30:00";"PR";153;18,1;"JACAREZINHO";"Falta de Atenção à Condução";"Colisão traseira";"Com Vítimas Feridas";"Pleno dia";"Decrescente";"Céu Claro";"Simples";"Rotatória";"Não";2;0;0;1;1;0;1;2;-23,14321582;-49,94911225;"SPRF-PR";"DEL07-PR";"UOP04-DEL07-PR"
253472;2019-12-03;"terça-feira";"08:00:00";"RJ";116;174;"NOVA IGUACU";"Falta de Atenção à Condução";"Colisão traseira";"Com Vítimas Feridas";"Pleno dia";"Crescente";"Céu Claro";"Múltipla";"Reta";"Sim";4;0;2;0;2;0;2;3;-22,78631079;-43,37608337;"SPRF-RJ";"DEL01-RJ";"UOP02-DEL01-RJ"
253475;2019-12-03;"terça-feira";"08:10:00";"PR";116;40;"CAMPINA GRANDE DO SUL";"Velocidade Incompatível";"Saída de leito carroçável";"Sem Vítimas";"Pleno dia";"Crescente";"Garoa/Chuvisco";"Dupla";"Reta";"Não";2;0;0;0;1;1;0;2;-25,16445203;-48,86237697;"SPRF-PR";"DEL01-PR";"UOP02-DEL01-PR"
253476;2019-11-30;"sábado";"04:45:00";"SC";280;44,9;"GUARAMIRIM";"Ingestão de Álcool";"Colisão frontal";"Com Vítimas Feridas";"Plena Noite";"Decrescente";"Céu Claro";"Simples";"Reta";"Não";3;0;1;0;2;0;1;2;-26,4517722;-48,88789399;"SPRF-SC";"DEL03-SC";"UOP03-DEL03-SC"
253478;2019-10-17;"quinta-feira";"05:55:00";"MG";262;60,1;"MANHUACU";"Condutor Dormindo";"Colisão frontal";"Com Vítimas Fatais";"Amanhecer";"Decrescente";"Céu Claro";"Simples";"Curva";"Não";5;3;0;0;1;1;0;3;-20,28702116;-42,21148088;"SPRF-MG";"DEL06-MG";"UOP03-DEL06-MG"
253479;2019-12-03;"terça-feira";"08:20:00";"SP";381;78;"SAO PAULO";"Defeito Mecânico no Veículo";"Incêndio";"Sem Vítimas";"Pleno dia";"Decrescente";"Céu Claro";"Dupla";"Curva";"Sim";1;0;0;0;1;0;0;1;-23,39620774;-46,57355227;"SPRF-SP";"DEL03-SP";"UOP01-DEL03-SP"
253487;2019-12-03;"terça-feira";"09:20:00";"MG";381;568,7;"ITAGUARA";"Defeito Mecânico no Veículo";"Saída de leito carroçável";"Sem Vítimas";"Pleno dia";"Crescente";"Nublado";"Dupla";"Reta";"Não";1;0;0;0;1;0;0;1;-20,42649228;-44,54458383;"SPRF-MG";"DEL04-MG";"UOP03-DEL04-MG"
253499;2019-12-03;"terça-feira";"10:45:00";"PR";476;157,3;"ARAUCARIA";"Ingestão de Álcool";"Atropelamento de Pedestre";"Com Vítimas Feridas";"Pleno dia";"Decrescente";"Céu Claro";"Simples";"Reta";"Sim";4;0;1;0;1;2;1;3;-25,60639;-49,421112;"SPRF-PR";"DEL01-PR";"UOP06-DEL01-PR"
253500;2019-12-03;"terça-feira";"11:00:00";"PR";163;278;"QUATRO PONTES";"Não guardar distância de segurança";"Colisão traseira";"Com Vítimas Feridas";"Pleno dia";"Crescente";"Nublado";"Simples";"Reta";"Não";4;0;1;0;3;0;1;2;-24,60094197;-53,98016768;"SPRF-PR";"DEL06-PR";"UOP02-DEL06-PR"
253506;2019-11-25;"segunda-feira";"09:00:00";"MS";163;182;"JUTI";"Ultrapassagem Indevida";"Tombamento";"Sem Vítimas";"Pleno dia";"Decrescente";"Sol";"Simples";"Reta";"Não";2;0;0;0;1;2;0;3;-22,82214031;-54,69452171;"SPRF-MS";"DEL09-MS";"UOP01-DEL09-MS"
253508;2019-12-03;"terça-feira";"11:10:00";"SC";101;354,8;"SANGAO";"Falta de Atenção à Condução";"Colisão traseira";"Com Vítimas Feridas";"Pleno dia";"Decrescente";"Sol";"Dupla";"Reta;Aclive";"Não";2;0;0;1;1;0;1;2;-28,627598;-49,083864;"SPRF-SC";"DEL02-SC";"UOP01-DEL02-SC"
253516;2019-12-03;"terça-feira";"06:30:00";"MT";70;207;"GENERAL CARNEIRO";"Falta de Atenção à Condução";"Tombamento";"Com Vítimas Feridas";"Pleno dia";"Decrescente";"Céu Claro";"Simples";"Curva";"Não";2;0;1;0;0;1;1;2;-15,74291483;-53,78853498;"SPRF-MT";"DEL05-MT";"UOP01-DEL05-MT"
253522;2019-12-03;"terça-feira";"13:05:00";"SC";470;65,2;"INDAIAL";"Falta de Atenção à Condução";"Colisão transversal";"Com Vítimas Feridas";"Pleno dia";"Decrescente";"Nublado";"Simples";"Reta;Em Obras";"Sim";4;0;2;0;2;0;2;3;-26,87049697;-49,2135787;"SPRF-SC";"DEL04-SC";"UOP01-DEL04-SC"
253524;2019-07-08;"segunda-feira";"00:00:00";"AL";423;101;"DELMIRO GOUVEIA";"Condutor Dormindo";"Colisão traseira";"Com Vítimas Feridas";"Plena Noite";"Decrescente";"Chuva";"Simples";"Reta";"Não";3;0;1;0;1;1;1;2;-9,394478;-38,16552;"SPRF-BA";"DEL07-BA";"UOP01-DEL07-BA"
253529;2019-12-03;"terça-feira";"11:00:00";"MG";381;581;"CARMOPOLIS DE MINAS";"Desobediência às normas de trânsito pelo condutor";"Colisão frontal";"Com Vítimas Feridas";"Pleno dia";"Decrescente";"Nublado";"Dupla";"Retorno Regulamentado;Curva;Declive";"Não";4;0;0;1;3;0;1;2;-20,48809364;-44,59655285;"SPRF-MG";"DEL04-MG";"UOP01-DEL04-MG"
253530;2019-12-03;"terça-feira";"13:30:00";"DF";20;6;"BRASILIA";"Falta de Atenção à Condução";"Colisão lateral";"Com Vítimas Feridas";"Pleno dia";"Crescente";"Chuva";"Dupla";"Aclive";"Não";2;0;0;1;1;0;1;2;-15,665888;-47,808308;"SPRF-DF";"DEL02-DF";"UOP01-DEL02-DF"
253532;2019-12-03;"terça-feira";"11:55:00";"SC";280;55,6;"GUARAMIRIM";"Não guardar distância de segurança";"Colisão traseira";"Com Vítimas Feridas";"Pleno dia";"Crescente";"Céu Claro";"Simples";"Reta";"Sim";3;0;2;0;1;0;2;2;-26,47584353;-48,9937858;"SPRF-SC";"DEL03-SC";"UOP03-DEL03-SC"
253536;2019-12-03;"terça-feira";"14:20:00";"BA";116;13,9;"VITORIA DA CONQUISTA";"Desobediência às normas de trânsito pelo condutor";"Colisão traseira";"Com Vítimas Feridas";"Pleno dia";"Crescente";"Céu Claro";"Simples";"Reta";"Não";2;0;1;0;1;0;1;2;-14,892865;-40,866456;"SPRF-BA";"DEL08-BA";"UOP01-DEL08-BA"
253537;2019-11-02;"sábado";"06:30:00";"PE";232;100,4;"BEZERROS";"Desobediência às normas de trânsito pelo condutor";"Colisão transversal";"Com Vítimas Feridas";"Pleno dia";"Crescente";"Céu Claro";"Dupla";"Reta";"Sim";4;0;2;0;1;3;2;5;-8,240487;-35,749003;"SPRF-PE";"DEL01-PE";"UOP02-DEL02PE"
253539;2019-08-06;"terça-feira";"20:20:00";"BA";110;173;"RIBEIRA DO POMBAL";"Falta de Atenção à Condução";"Colisão frontal";"Com Vítimas Feridas";"Plena Noite";"Crescente";"Garoa/Chuvisco";"Simples";"Interseção de Vias";"Sim";2;0;1;0;1;0;1;2;-10,86944598;-38,52734387;"SPRF-BA";"DEL07-BA";"UOP02-DEL07-BA"
253542;2019-12-03;"terça-feira";"14:30:00";"MG";364;6,3;"PLANURA";"Falta de Atenção à Condução";"Colisão transversal";"Com Vítimas Feridas";"Pleno dia";"Decrescente";"Céu Claro";"Simples";"Interseção de Vias";"Não";4;0;1;1;1;1;2;3;-20,11879;-48,72285;"SPRF-MG";"DEL13-MG";"UOP02-DEL13-MG"
253543;2019-12-03;"terça-feira";"15:20:00";"GO";153;437,9;"ANAPOLIS";"Desobediência às normas de trânsito pelo condutor";"Colisão lateral";"Com Vítimas Feridas";"Pleno dia";"Crescente";"Nublado";"Dupla";"Reta";"Sim";3;0;2;0;1;0;2;2;-16,286884;-48,942978;"SPRF-GO";"DEL02-GO";"UOP01-DEL02-GO"
253548;2019-10-06;"domingo";"18:45:00";"BA";410;1;"RIBEIRA DO POMBAL";"Ingestão de Álcool";"Colisão frontal";"Com Vítimas Feridas";"Plena Noite";"Crescente";"Nublado";"Simples";"Aclive";"Sim";6;0;2;3;0;1;5;3;-10,81977994;-38,53734704;"SPRF-BA";"DEL07-BA";"UOP02-DEL07-BA"
253550;2019-12-03;"terça-feira";"08:20:00";"GO";364;294,2;"MINEIROS";"Falta de Atenção à Condução";"Colisão traseira";"Sem Vítimas";"Pleno dia";"Decrescente";"Céu Claro";"Simples";"Declive;Curva";"Não";2;0;0;0;1;3;0;4;-17,584251;-52,50275;"SPRF-GO";"DEL05-GO";"UOP01-DEL05-GO"
253552;2019-12-03;"terça-feira";"14:50:00";"MT";70;511,1;"CUIABA";"Defeito Mecânico no Veículo";"Colisão frontal";"Com Vítimas Feridas";"Pleno dia";"Crescente";"Nublado";"Simples";"Reta";"Não";3;0;0;1;1;1;1;3;-15,65051022;-55,99823809;"SPRF-MT";"DEL02-MT";"UOP02-DEL01-MT"
253557;2019-10-09;"quarta-feira";"23:30:00";"BA";116;264;"TUCANO";"Defeito Mecânico no Veículo";"Colisão traseira";"Com Vítimas Feridas";"Plena Noite";"Crescente";"Nublado";"Simples";"Reta";"Não";4;0;0;2;2;0;2;2;-10,89007905;-38,84430244;"SPRF-BA";"DEL07-BA";"UOP02-DEL07-BA"
253561;2019-12-03;"terça-feira";"13:45:00";"RJ";101;144,6;"MACAE";"Condutor Dormindo";"Colisão frontal";"Com Vítimas Fatais";"Pleno dia";"Crescente";"Nublado";"Simples";"Reta";"Não";3;1;1;1;0;0;2;2;-22,21328005;-41,75426573;"SPRF-RJ";"DEL02-RJ";"UOP04-DEL08-RJ"
253562;2019-12-03;"terça-feira";"15:00:00";"RJ";101;217;"SILVA JARDIM";"Condutor Dormindo";"Saída de leito carroçável";"Com Vítimas Feridas";"Pleno dia";"Decrescente";"Garoa/Chuvisco";"Dupla";"Reta";"Não";1;0;1;0;0;0;1;1;-22,50769291;-42,29165293;"SPRF-RJ";"DEL02-RJ";"UOP03-DEL02-RJ"
253563;2019-10-10;"quinta-feira";"09:20:00";"AL";423;104;"DELMIRO GOUVEIA";"Objeto estático sobre o leito carroçável";"Colisão traseira";"Com Vítimas Feridas";"Pleno dia";"Decrescente";"Céu Claro";"Simples";"Curva";"Não";4;0;2;0;1;1;2;3;-9,40684276;-38,18998212;"SPRF-BA";"DEL07-BA";"UOP01-DEL07-BA"
253565;2019-12-03;"terça-feira";"17:00:00";"PB";104;97,3;"ESPERANCA";"Desobediência às normas de trânsito pelo condutor";"Colisão transversal";"Com Vítimas Feridas";"Pleno dia";"Crescente";"Sol";"Simples";"Interseção de Vias";"Sim";2;0;1;0;1;0;1;2;-7,02199502;-35,85619926;"SPRF-PB";"DEL02-PB";"UOP04-DEL02-PB"
253566;2019-12-03;"terça-feira";"17:25:00";"PR";376;679,5;"GUARATUBA";"Velocidade Incompatível";"Tombamento";"Com Vítimas Feridas";"Pleno dia";"Crescente";"Nublado";"Dupla";"Curva;Declive";"Não";2;0;1;0;0;1;1;2;-25,95050276;-48,90514477;"SPRF-PR";"DEL01-PR";"UOP04-DEL01-PR"
253568;2019-12-02;"segunda-feira";"21:30:00";"MG";116;255,9;"TEOFILO OTONI";"Agressão Externa";"Colisão com objeto estático";"Sem Vítimas";"Plena Noite";"Decrescente";"Chuva";"Simples";"Reta";"Não";1;0;0;0;1;0;0;1;-17,68311;-41,48491;"SPRF-MG";"DEL11-MG";"UOP01-DEL11-MG"
253576;2019-12-03;"terça-feira";"13:35:00";"SC";470;298,5;"CAMPOS NOVOS";"Velocidade Incompatível";"Tombamento";"Com Vítimas Feridas";"Pleno dia";"Crescente";"Céu Claro";"Simples";"Curva";"Não";2;0;0;1;0;1;1;2;-27,359957;-51,035145;"SPRF-SC";"DEL07-SC";"UOP06-DEL07-SC"
253579;2019-12-03;"terça-feira";"11:45:00";"SC";282;45,7;"AGUAS MORNAS";"Velocidade Incompatível";"Tombamento";"Com Vítimas Feridas";"Pleno dia";"Decrescente";"Sol";"Simples";"Curva";"Não";2;0;1;1;0;0;2;2;-27,719851;-48,916126;"SPRF-SC";"DEL01-SC";"UOP03-DEL01-SC"
253587;2019-10-23;"quarta-feira";"13:30:00";"PB";230;338,6;"PATOS";"Falta de Atenção à Condução";"Colisão transversal";"Com Vítimas Feridas";"Pleno dia";"Decrescente";"Sol";"Múltipla";"Interseção de Vias";"Sim";3;0;1;1;1;0;2;2;-7,006758;-37,297677;"SPRF-PB";"DEL03-PB";"UOP01-DEL03-PB"
253588;2019-12-03;"terça-feira";"06:30:00";"MG";267;166,5;"LIMA DUARTE";"Velocidade Incompatível";"Colisão com objeto estático";"Com Vítimas Feridas";"Pleno dia";"Decrescente";"Nublado";"Simples";"Curva";"Não";2;0;1;0;0;1;1;2;-21,85623502;-43,835793;"SPRF-MG";"DEL05-MG";"UOP01-DEL05-MG"
253590;2019-12-03;"terça-feira";"09:40:00";"MG";267;119;"JUIZ DE FORA";"Velocidade Incompatível";"Tombamento";"Com Vítimas Feridas";"Pleno dia";"Crescente";"Nublado";"Simples";"Interseção de Vias";"Não";1;0;1;0;0;0;1;1;-21,70273313;-43,45311417;"SPRF-MG";"DEL05-MG";"UOP01-DEL05-MG"
253602;2019-12-03;"terça-feira";"20:10:00";"SC";101;440,2;"SANTA ROSA DO SUL";"Falta de Atenção à Condução";"Colisão traseira";"Com Vítimas Fatais";"Plena Noite";"Decrescente";"Céu Claro";"Múltipla";"Reta";"Sim";5;1;0;0;1;3;0;5;-29,12420083;-49,66719602;"SPRF-SC";"DEL02-SC";"UOP02-DEL02-SC"
253603;2019-12-03;"terça-feira";"21:40:00";"MG";365;155,7;"PIRAPORA";"Desobediência às normas de trânsito pelo condutor";"Colisão frontal";"Com Vítimas Fatais";"Plena Noite";"Decrescente";"Garoa/Chuvisco";"Simples";"Reta";"Não";4;2;0;0;1;1;0;3;-17,32423498;-44,89663322;"SPRF-MG";"DEL12-MG";"UOP01-DEL12-MG"
253611;2019-12-03;"terça-feira";"23:55:00";"MG";381;604,5;"OLIVEIRA";"Falta de Atenção à Condução";"Saída de leito carroçável";"Com Vítimas Feridas";"Pleno dia";"Crescente";"Nublado";"Dupla";"Curva;Declive";"Não";2;0;1;0;0;1;1;2;-20,63053512;-44,73538399;"SPRF-MG";"DEL04-MG";"UOP01-DEL04-MG"
253615;2019-12-04;"quarta-feira";"00:00:00";"SC";101;322,7;"PESCARIA BRAVA";"Condutor Dormindo";"Colisão traseira";"Com Vítimas Feridas";"Plena Noite";"Crescente";"Céu Claro";"Múltipla";"Declive";"Não";2;0;0;1;1;0;1;2;-28,42491971;-48,90238108;"SPRF-SC";"DEL02-SC";"UOP01-DEL02-SC"
253617;2019-12-04;"quarta-feira";"00:25:00";"MG";40;462;"SETE LAGOAS";"Carga excessiva e/ou mal acondicionada";"Tombamento";"Sem Vítimas";"Plena Noite";"Crescente";"Nublado";"Dupla";"Reta";"Não";1;0;0;0;1;0;0;1;-19,4136917;-44,33879427;"SPRF-MG";"DEL02-MG";"UOP01-DEL02-MG"
253618;2019-12-04;"quarta-feira";"01:00:00";"SC";470;67,9;"INDAIAL";"Ingestão de Álcool";"Colisão frontal";"Sem Vítimas";"Plena Noite";"Decrescente";"Nublado";"Simples";"Reta";"Sim";3;0;0;0;2;1;0;3;-26,872158;-49,23127;"SPRF-SC";"DEL04-SC";"UOP01-DEL04-SC"
253622;2019-12-04;"quarta-feira";"02:40:00";"PR";369;146,6;"LONDRINA";"Falta de Atenção à Condução";"Colisão traseira";"Com Vítimas Feridas";"Plena Noite";"Decrescente";"Céu Claro";"Dupla";"Aclive;Reta";"Sim";2;0;0;1;1;0;1;2;-23,293236;-51,129034;"SPRF-PR";"DEL07-PR";"UOP01-DEL07-PR"
253624;2019-12-04;"quarta-feira";"02:15:00";"PE";232;62,5;"POMBOS";"Falta de Atenção à Condução";"Saída de leito carroçável";"Com Vítimas Feridas";"Plena Noite";"Decrescente";"Céu Claro";"Simples";"Reta";"Não";1;0;1;0;0;0;1;1;-8,157624;-35,429236;"SPRF-PE";"DEL01-PE";"UOP02-DEL02PE"
253625;2019-12-04;"quarta-feira";"02:25:00";"SC";470;231,9;"SAO CRISTOVAO DO SUL";"Falta de Atenção à Condução";"Colisão lateral";"Sem Vítimas";"Plena Noite";"Decrescente";"Chuva";"Simples";"Reta";"Não";3;0;0;0;2;1;0;3;-27,30423;-50,401447;"SPRF-SC";"DEL05-SC";"UOP03-DEL05-SC"
253629;2019-12-03;"terça-feira";"21:00:00";"PI";316;70,4;"MONSENHOR GIL";"Animais na Pista";"Atropelamento de Animal";"Sem Vítimas";"Plena Noite";"Decrescente";"Céu Claro";"Simples";"Reta";"Não";1;0;0;0;1;0;0;1;-5,65819701;-42,59096585;"SPRF-PI";"DEL01-PI";"UOP02-DEL01-PI"
253630;2019-12-04;"quarta-feira";"01:50:00";"SC";470;226,7;"SAO CRISTOVAO DO SUL";"Velocidade Incompatível";"Saída de leito carroçável";"Com Vítimas Feridas";"Plena Noite";"Crescente";"Garoa/Chuvisco";"Simples";"Curva";"Não";2;0;1;0;0;1;1;2;-27,32661606;-50,35802364;"SPRF-SC";"DEL05-SC";"UOP03-DEL05-SC"
253632;2019-12-04;"quarta-feira";"05:20:00";"MG";50;149;"UBERABA";"Falta de Atenção à Condução";"Colisão traseira";"Com Vítimas Feridas";"Amanhecer";"Crescente";"Céu Claro";"Dupla";"Reta";"Não";3;0;0;1;1;2;1;4;-19,55574501;-48,03471604;"SPRF-MG";"DEL13-MG";"UOP01-DEL13-MG"
253633;2019-12-04;"quarta-feira";"03:40:00";"SE";101;147,9;"ESTANCIA";"Velocidade Incompatível";"Colisão com objeto estático";"Sem Vítimas";"Amanhecer";"Crescente";"Céu Claro";"Dupla";"Rotatória";"Sim";2;0;0;0;1;1;0;2;-11,22094463;-37,41933749;"SPRF-SE";"DEL02-SE";"UOP01-DEL02-SE"
253636;2019-12-04;"quarta-feira";"02:00:00";"SC";280;29,4;"ARAQUARI";"Falta de Atenção à Condução";"Saída de leito carroçável";"Com Vítimas Feridas";"Plena Noite";"Crescente";"Nublado";"Simples";"Reta";"Sim";2;0;1;0;0;1;1;2;-26,412926;-48,756842;"SPRF-SC";"DEL03-SC";"UOP03-DEL03-SC"
253640;2019-12-03;"terça-feira";"23:10:00";"RS";290;97;"PORTO ALEGRE";"Animais na Pista";"Atropelamento de Animal";"Com Vítimas Feridas";"Plena Noite";"Decrescente";"Céu Claro";"Dupla";"Ponte";"Não";2;0;1;0;1;0;1;2;-29,997789;-51,20779;"SPRF-RS";"DEL01-RS";"UOP01-DEL01-RS"
253641;2019-12-04;"quarta-feira";"06:00:00";"SP";116;102,2;"PINDAMONHANGABA";"Condutor Dormindo";"Colisão traseira";"Com Vítimas Feridas";"Amanhecer";"Crescente";"Céu Claro";"Dupla";"Declive";"Não";3;0;1;0;1;1;1;3;-22,99497994;-45,48951403;"SPRF-SP";"DEL06-SP";"UOP01-DEL06-SP"
253642;2019-12-04;"quarta-feira";"04:30:00";"RO";364;27,6;"VILHENA";"Falta de Atenção à Condução";"Colisão transversal";"Com Vítimas Feridas";"Plena Noite";"Decrescente";"Céu Claro";"Simples";"Interseção de Vias";"Não";5;0;3;0;1;1;3;3;-12,72307028;-60,26275635;"SPRF-RO";"DEL04-RO";"UOP01-DEL04-RO"
253643;2019-12-03;"terça-feira";"23:30:00";"PR";277;3,5;"PARANAGUA";"Falta de Atenção à Condução";"Queda de ocupante de veículo";"Com Vítimas Feridas";"Plena Noite";"Decrescente";"Céu Claro";"Simples";"Reta";"Sim";3;0;1;0;1;1;1;3;-25,568198;-48,615292;"SPRF-PR";"DEL01-PR";"UOP05-DEL01-PR"
253647;2019-12-04;"quarta-feira";"06:30:00";"PR";376;415;"TIBAGI";"Falta de Atenção à Condução";"Saída de leito carroçável";"Sem Vítimas";"Amanhecer";"Decrescente";"Céu Claro";"Simples";"Curva";"Não";2;0;0;0;1;1;0;2;-24,69818484;-50,58106092;"SPRF-PR";"DEL03-PR";"UOP02-DEL03-PR"
253652;2019-12-04;"quarta-feira";"06:20:00";"SC";470;142,6;"RIO DO SUL";"Velocidade Incompatível";"Colisão frontal";"Com Vítimas Fatais";"Amanhecer";"Decrescente";"Chuva";"Simples";"Curva";"Sim";2;1;0;0;1;0;0;2;-27,21584244;-49,65356827;"SPRF-SC";"DEL04-SC";"UOP02-DEL04-SC"
253653;2019-12-04;"quarta-feira";"02:43:00";"MT";364;507;"JANGADA";"Condutor Dormindo";"Saída de leito carroçável";"Sem Vítimas";"Plena Noite";"Decrescente";"Céu Claro";"Simples";"Reta;Declive";"Não";1;0;0;0;1;0;0;1;-15,20537118;-56,50724436;"SPRF-MT";"DEL01-MT";"DEL2/4-UOP02/MT"
253659;2019-12-04;"quarta-feira";"07:30:00";"BA";101;944;"MUCURI";"Defeito Mecânico no Veículo";"Colisão traseira";"Com Vítimas Feridas";"Pleno dia";"Crescente";"Nublado";"Simples";"Interseção de Vias";"Não";3;0;1;0;1;6;1;8;-18,16840196;-39,91873914;"SPRF-BA";"DEL09-BA";"UOP02-DEL09-BA"
253662;2019-12-04;"quarta-feira";"06:40:00";"RN";304;120,7;"ITAJA";"Falta de Atenção à Condução";"Tombamento";"Com Vítimas Feridas";"Amanhecer";"Decrescente";"Sol";"Simples";"Aclive";"Não";2;0;1;0;0;1;1;2;-5,63392401;-36,85616952;"SPRF-RN";"DEL04-RN";"UOP01-DEL04-RN"
253668;2019-10-21;"segunda-feira";"07:45:00";"MG";116;197,4;"CARAI";"Velocidade Incompatível";"Colisão frontal";"Com Vítimas Feridas";"Pleno dia";"Crescente";"Nublado";"Simples";"Curva";"Não";3;0;1;1;1;0;2;2;-17,21824491;-41,49273665;"SPRF-MG";"DEL11-MG";"UOP01-DEL11-MG"
253669;2019-12-04;"quarta-feira";"07:25:00";"MG";381;739,3;"TRES CORACOES";"Velocidade Incompatível";"Tombamento";"Com Vítimas Feridas";"Pleno dia";"Crescente";"Céu Claro";"Dupla";"Curva";"Não";2;0;1;0;0;1;1;2;-21,61514806;-45,24157278;"SPRF-MG";"DEL16-MG";"UOP02-DEL16-MG"
253670;2019-12-04;"quarta-feira";"08:28:00";"CE";20;203,5;"BOA VIAGEM";"Falta de Atenção à Condução";"Colisão transversal";"Com Vítimas Fatais";"Pleno dia";"Crescente";"Céu Claro";"Simples";"Interseção de Vias";"Sim";3;1;0;1;1;0;1;2;-5,128491;-39,738;"SPRF-CE";"DEL02-CE";"UOP02-DEL02-CE"
253673;2019-12-04;"quarta-feira";"07:35:00";"RJ";116;166;"RIO DE JANEIRO";"Falta de Atenção à Condução";"Colisão traseira";"Sem Vítimas";"Pleno dia";"Decrescente";"Céu Claro";"Dupla";"Reta";"Sim";3;0;0;0;2;1;0;3;-22,81560263;-43,30051808;"SPRF-RJ";"DEL01-RJ";"UOP02-DEL01-RJ"
253678;2019-10-25;"sexta-feira";"18:50:00";"AL";423;101;"DELMIRO GOUVEIA";"Falta de Atenção à Condução";"Colisão lateral";"Com Vítimas Feridas";"Plena Noite";"Crescente";"Céu Claro";"Simples";"Interseção de Vias";"Não";4;0;1;0;2;1;1;3;-9,394478;-38,16552;"SPRF-BA";"DEL07-BA";"UOP01-DEL07-BA"
253688;2019-12-04;"quarta-feira";"09:35:00";"ES";101;298;"VIANA";"Defeito Mecânico no Veículo";"Colisão com objeto estático";"Com Vítimas Feridas";"Pleno dia";"Crescente";"Céu Claro";"Dupla";"Reta";"Sim";1;0;1;0;0;0;1;1;-20,35374444;-40,4156433;"SPRF-ES";"DEL01-ES";"UOP01-DEL01-ES"
253692;2019-12-04;"quarta-feira";"10:45:00";"PR";277;634,3;"CEU AZUL";"Falta de Atenção à Condução";"Colisão frontal";"Com Vítimas Fatais";"Pleno dia";"Crescente";"Nublado";"Simples";"Reta";"Sim";4;1;0;0;2;1;0;3;-25,13216493;-53,8249287;"SPRF-PR";"DEL05-PR";"UOP02-DEL05-PR"