"id";"data_inversa";"dia_semana";"horario";"uf";"br";"km";"municipio";"causa_acidente";"tipo_acidente";"classificacao_acidente";"fase_dia";"sentido_via";"condicao_metereologica";"tipo_pista";"tracado_via";"uso_solo";"pessoas";"mortos";"feridos_leves";"feridos_graves";"ilesos";"ignorados";"feridos";"veiculos";"latitude";"longitude";"regional";"delegacia";"uop"
253695;2019-12-04;"quarta-feira";"08:30:00";"PR";153;479,1;"PORTO VITORIA";"Pista Escorregadia";"Colisão traseira";"Com Vítimas Feridas";"Pleno dia";"Decrescente";"Chuva";"Simples";"Reta";"Não";6;0;1;0;4;2;1;6;-26,35078657;-51,25148892;"SPRF-PR";"DEL02-PR";"UOP03-DEL02-PR"
253697;2019-12-04;"quarta-feira";"11:00:00";"BA";324;577,5;"CANDEIAS";"Mal Súbito";"Saída de leito carroçável";"Com Vítimas Feridas";"Pleno dia";"Crescente";"Céu Claro";"Dupla";"Reta";"Não";2;0;1;0;0;1;1;2;-12,58896655;-38,52358272;"SPRF-BA";"DEL01-BA";"UOP01-DEL01-BA"
253698;2019-12-04;"quarta-feira";"11:10:00";"DF";20;18,3;"BRASILIA";"Pista Escorregadia";"Colisão com objeto estático";"Sem Vítimas";"Pleno dia";"Crescente";"Chuva";"Dupla";"Declive";"Não";1;0;0;0;1;0;0;1;-15,61557198;-47,70594304;"SPRF-DF";"DEL02-DF";"UOP01-DEL02-DF"
253703;2019-10-14;"segunda-feira";"11:53:00";"MA";402;168;"BARREIRINHAS";"Mal Súbito";"Saída de leito carroçável";"Com Vítimas Feridas";"Pleno dia";"Crescente";"Ignorado";"Simples";"Reta";"Não";1;0;0;1;0;0;1;1;-2,83579825;-43,0170842;"SPRF-MA";"DEL01-MA";"UOP01-DEL01-MA"
253718;2019-12-04;"quarta-feira";"10:30:00";"SC";280;126;"RIO NEGRINHO";"Falta de Atenção à Condução";"Colisão transversal";"Com Vítimas Feridas";"Pleno dia";"Decrescente";"Céu Claro";"Simples";"Reta";"Não";5;0;4;0;1;0;4;2;-26,23779604;-49,49427399;"SPRF-SC";"DEL06-SC";"UOP03-DEL06-SC"
253719;2019-12-04;"quarta-feira";"13:00:00";"AL";101;65,5;"MESSIAS";"Velocidade Incompatível";"Saída de leito carroçável";"Com Vítimas Feridas";"Pleno dia";"Crescente";"Céu Claro";"Dupla";"Curva";"Não";2;0;0;1;0;2;1;3;-9,3088263;-35,82418442;"SPRF-AL";"DEL01-AL";"UOP02-DEL01-AL"
253721;2019-12-04;"quarta-feira";"13:00:00";"DF";20;6,9;"BRASILIA";"Falta de Atenção à Condução";"Colisão traseira";"Sem Vítimas";"Pleno dia";"Crescente";"Nublado";"Dupla";"Reta";"Sim";3;0;0;0;2;2;0;4;-15,665888;-47,808308;"SPRF-DF";"DEL02-DF";"UOP01-DEL02-DF"
253724;2019-12-04;"quarta-feira";"12:15:00";"MG";365;398;"PATOS DE MINAS";"Falta de Atenção à Condução";"Saída de leito carroçável";"Com Vítimas Feridas";"Pleno dia";"Decrescente";"Garoa/Chuvisco";"Simples";"Reta";"Não";2;0;1;0;0;1;1;2;-18,627;-46,397;"SPRF-MG";"DEL10-MG";"UOP01-DEL10-MG"
253732;2019-12-04;"quarta-feira";"11:28:00";"PI";316;122,1;"ELESBAO VELOSO";"Falta de Atenção à Condução";"Colisão traseira";"Com Vítimas Feridas";"Pleno dia";"Decrescente";"Sol";"Simples";"Reta";"Não";4;0;2;0;1;2;2;4;-5,96394714;-42,34673713;"SPRF-PI";"DEL04-PI";"UOP02-DEL04-PI"
253735;2019-12-04;"quarta-feira";"14:48:00";"RS";386;262,2;"FONTOURA XAVIER";"Falta de Atenção à Condução";"Atropelamento de Pedestre";"Com Vítimas Feridas";"Pleno dia";"Decrescente";"Chuva";"Simples";"Reta;Declive";"Não";3;0;0;1;2;0;1;2;-28,905546;-52,396584;"SPRF-RS";"DEL04-RS";"UOP03-DEL04-RS"
253736;2019-12-04;"quarta-feira";"15:00:00";"RJ";493;68;"DUQUE DE CAXIAS";"Falta de Atenção à Condução";"Colisão lateral";"Sem Vítimas";"Pleno dia";"Crescente";"Céu Claro";"Dupla";"Reta";"Não";4;0;0;0;3;2;0;5;-22,672089;-43,285053;"SPRF-RJ";"DEL01-RJ";"UOP03-DEL01-RJ"
253740;2019-12-04;"quarta-feira";"08:00:00";"PR";373;453;"CHOPINZINHO";"Velocidade Incompatível";"Tombamento";"Sem Vítimas";"Pleno dia";"Decrescente";"Nublado";"Simples";"Interseção de Vias;Reta";"Não";2;0;0;0;1;1;0;2;-25,89937962;-52,37354279;"SPRF-PR";"DEL02-PR";"UOP01-DEL02-PR"
253741;2019-10-31;"quinta-feira";"13:55:00";"BA";110;2;"PAULO AFONSO";"Falta de Atenção à Condução";"Colisão lateral";"Com Vítimas Feridas";"Pleno dia";"Crescente";"Céu Claro";"Simples";"Interseção de Vias";"Não";6;0;3;0;2;1;3;3;-9,47099311;-38,20719886;"SPRF-BA";"DEL07-BA";"UOP01-DEL07-BA"
253746;2019-12-04;"quarta-feira";"14:45:00";"TO";153;355;"FORTALEZA DO TABOCAO";"Ultrapassagem Indevida";"Saída de leito carroçável";"Com Vítimas Feridas";"Pleno dia";"Crescente";"Garoa/Chuvisco";"Simples";"Curva";"Não";3;0;2;0;1;0;2;2;-9,02301795;-48,50307549;"SPRF-TO";"DEL02-TO";"UOP02-DEL02-TO"
253748;2019-11-01;"sexta-feira";"16:00:00";"BA";110;77,5;"JEREMOABO";"Agressão Externa";"Saída de leito carroçável";"Com Vítimas Feridas";"Pleno dia";"Crescente";"Céu Claro";"Simples";"Curva";"Não";3;0;1;0;0;2;1;3;-10,10420708;-38,31013947;"SPRF-BA";"DEL07-BA";"UOP01-DEL07-BA"
253751;2019-11-29;"sexta-feira";"15:43:00";"PR";376;308;"MAUA DA SERRA";"Velocidade Incompatível";"Colisão com objeto estático";"Com Vítimas Feridas";"Pleno dia";"Decrescente";"Céu Claro";"Dupla";"Curva";"Não";3;0;1;0;1;1;1;2;-23,97857518;-51,09540715;"SPRF-PR";"DEL07-PR";"UOP02-DEL07-PR"
253764;2019-12-04;"quarta-feira";"18:05:00";"RS";116;249,7;"SAO LEOPOLDO";"Falta de Atenção à Condução";"Colisão traseira";"Com Vítimas Feridas";"Anoitecer";"Decrescente";"Chuva";"Dupla";"Reta";"Sim";4;0;2;0;1;1;2;3;-29,7831804;-51,16099063;"SPRF-RS";"DEL01-RS";"UOP02-DEL01-RS"
253765;2019-12-04;"quarta-feira";"18:35:00";"PR";376;496;"PONTA GROSSA";"Animais na Pista";"Colisão traseira";"Com Vítimas Feridas";"Anoitecer";"Crescente";"Céu Claro";"Dupla";"Reta";"Não";3;0;1;0;2;0;1;2;-25,17702586;-50,1005139;"SPRF-PR";"DEL03-PR";"UOP04-DEL03-PR"
253770;2019-12-04;"quarta-feira";"15:50:00";"BA";101;837;"TEIXEIRA DE FREITAS";"Falta de Atenção à Condução";"Tombamento";"Sem Vítimas";"Pleno dia";"Decrescente";"Céu Claro";"Simples";"Curva";"Não";2;0;0;0;1;1;0;2;-17,412143;-39,678553;"SPRF-BA";"DEL09-BA";"UOP01-DEL09-BA"
253784;2019-12-04;"quarta-feira";"20:30:00";"ES";101;1;"VITORIA";"Não guardar distância de segurança";"Colisão traseira";"Com Vítimas Feridas";"Plena Noite";"Crescente";"Nublado";"Dupla";"Reta";"Sim";6;0;1;2;3;0;3;5;-20,24069699;-40,28025627;"SPRF-ES";"DEL04-ES";"UOP02-DEL04-ES"
253789;2019-12-04;"quarta-feira";"21:10:00";"GO";153;610,8;"MORRINHOS";"Falta de Atenção do Pedestre";"Atropelamento de Pedestre";"Com Vítimas Fatais";"Plena Noite";"Crescente";"Nublado";"Dupla";"Reta";"Sim";2;1;0;0;1;0;0;2;-17,6349;-49,1759;"SPRF-GO";"DEL03-GO";"UOP01-DEL03-GO"
253792;2019-12-04;"quarta-feira";"20:30:00";"PR";476;147;"ARAUCARIA";"Falta de Atenção do Pedestre";"Atropelamento de Pedestre";"Com Vítimas Feridas";"Plena Noite";"Decrescente";"Céu Claro";"Dupla";"Reta";"Não";2;0;1;0;1;0;1;2;-25,554628;-49,339268;"SPRF-PR";"DEL01-PR";"UOP06-DEL01-PR"
253793;2019-12-04;"quarta-feira";"19:40:00";"DF";20;17,7;"BRASILIA";"Pista Escorregadia";"Saída de leito carroçável";"Com Vítimas Feridas";"Plena Noite";"Crescente";"Chuva";"Dupla";"Reta";"Sim";2;0;1;0;0;1;1;2;-15,621374;-47,71698;"SPRF-DF";"DEL02-DF";"UOP01-DEL02-DF"
253794;2019-12-04;"quarta-feira";"19:35:00";"MS";163;89,5;"ITAQUIRAI";"Falta de Atenção à Condução";"Saída de leito carroçável";"Com Vítimas Feridas";"Plena Noite";"Decrescente";"Garoa/Chuvisco";"Simples";"Declive;Reta";"Não";3;0;2;0;0;1;2;2;-23,37905205;-54,21242239;"SPRF-MS";"DEL09-MS";"UOP01-DEL09-MS"
253801;2019-12-04;"quarta-feira";"21:20:00";"MG";381;561;"ITAGUARA";"Defeito Mecânico no Veículo";"Tombamento";"Com Vítimas Feridas";"Plena Noite";"Crescente";"Chuva";"Dupla";"Curva";"Não";2;0;1;1;0;0;2;1;-20,39224209;-44,49492995;"SPRF-MG";"DEL04-MG";"UOP03-DEL04-MG"
253803;2019-12-04;"quarta-feira";"22:00:00";"TO";153;717;"CARIRI DO TOCANTINS";"Desobediência às normas de trânsito pelo condutor";"Colisão com objeto estático";"Com Vítimas Fatais";"Plena Noite";"Decrescente";"Nublado";"Múltipla";"Reta";"Não";2;1;0;0;1;0;0;2;-12,09797902;-49,19001219;"SPRF-TO";"DEL02-TO";"UOP02-DEL01-TO"
253805;2019-09-10;"terça-feira";"16:40:00";"PR";153;458;"UNIAO DA VITORIA";"Mal Súbito";"Colisão frontal";"Com Vítimas Feridas";"Pleno dia";"Crescente";"Céu Claro";"Simples";"Reta";"Não";5;0;3;0;1;1;3;3;-26,21568349;-51,12985611;"SPRF-PR";"DEL02-PR";"UOP03-DEL02-PR"
253807;2019-11-06;"quarta-feira";"16:30:00";"RJ";116;279;"BARRA MANSA";"Pista Escorregadia";"Engavetamento";"Com Vítimas Feridas";"Pleno dia";"Decrescente";"Chuva";"Múltipla";"Reta";"Não";6;0;1;0;4;1;1;4;-22,4701089;-44,2791311;"SPRF-RJ";"DEL07-RJ";"UOP02-DEL07-RJ"
253809;2019-12-04;"quarta-feira";"22:40:00";"PB";101;87;"JOAO PESSOA";"Ingestão de Álcool";"Colisão traseira";"Sem Vítimas";"Plena Noite";"Crescente";"Céu Claro";"Dupla";"Reta";"Sim";2;0;0;0;2;0;0;2;-7,16637135;-34,89666367;"SPRF-PB";"DEL01-PB";"UOP01-DEL01-PB"
253810;2019-12-04;"quarta-feira";"22:40:00";"MT";163;102;"RONDONOPOLIS";"Falta de Atenção à Condução";"Colisão traseira";"Com Vítimas Feridas";"Plena Noite";"Crescente";"Céu Claro";"Dupla";"Reta";"Não";3;0;1;0;1;3;1;5;-16,6450602;-54,68993838;"SPRF-MT";"DEL02-MT";"DEL2/2-UOP02/MT"
253812;2019-12-04;"quarta-feira";"22:20:00";"MT";364;147;"PEDRA PRETA";"Defeito Mecânico no Veículo";"Incêndio";"Com Vítimas Feridas";"Plena Noite";"Decrescente";"Céu Claro";"Simples";"Reta";"Não";2;0;1;0;0;1;1;2;-16,80005239;-54,17710991;"SPRF-MT";"DEL02-MT";"UOP01-DEL02-MT"
253813;2019-12-04;"quarta-feira";"23:50:00";"GO";60;39;"ALEXANIA";"Não guardar distância de segurança";"Saída de leito carroçável";"Com Vítimas Feridas";"Plena Noite";"Crescente";"Nublado";"Dupla";"Reta";"Não";1;0;1;0;0;0;1;1;-16,1143;-48,5569;"SPRF-DF";"DEL01-DF";"UOP01-DEL03-DF"
253817;2019-12-04;"quarta-feira";"23:35:00";"GO";60;250,5;"INDIARA";"Condutor Dormindo";"Colisão traseira";"Com Vítimas Fatais";"Plena Noite";"Crescente";"Nublado";"Dupla";"Aclive";"Não";4;1;1;0;1;1;1;3;-17,1222;-49,9621;"SPRF-GO";"DEL01-GO";"UOP02-DEL01-GO"
253821;2019-12-05;"quinta-feira";"04:00:00";"PE";101;57,3;"PAULISTA";"Falta de Atenção à Condução";"Colisão traseira";"Sem Vítimas";"Amanhecer";"Decrescente";"Céu Claro";"Dupla";"Reta";"Não";3;0;0;0;2;1;0;3;-7,96346213;-34,91513486;"SPRF-PE";"DEL01-PE";"UOP02-DEL01-PE"
253823;2019-12-05;"quinta-feira";"04:30:00";"PR";277;311,9;"GUARAPUAVA";"Velocidade Incompatível";"Colisão transversal";"Com Vítimas Feridas";"Amanhecer";"Decrescente";"Chuva";"Simples";"Curva";"Não";2;0;1;0;1;0;1;2;-25,31576601;-51,18861896;"SPRF-PR";"DEL03-PR";"UOP01-DEL08-PR"
253826;2019-12-05;"quinta-feira";"05:45:00";"PR";277;571,5;"CASCAVEL";"Desobediência às normas de trânsito pelo condutor";"Saída de leito carroçável";"Com Vítimas Feridas";"Amanhecer";"Crescente";"Chuva";"Simples";"Reta";"Não";1;0;1;0;0;0;1;1;-25,01450282;-53,29128792;"SPRF-PR";"DEL04-PR";"UOP01-DEL04-PR"
253827;2019-12-05;"quinta-feira";"00:10:00";"BA";407;147;"SENHOR DO BONFIM";"Defeito Mecânico no Veículo";"Tombamento";"Sem Vítimas";"Pleno dia";"Crescente";"Céu Claro";"Simples";"Reta";"Não";1;0;0;0;1;0;0;1;-10,63219697;-40,13034658;"SPRF-BA";"DEL04-BA";"UOP01-DEL04-BA"
253828;2019-12-04;"quarta-feira";"23:15:00";"SP";381;22,5;"BRAGANCA PAULISTA";"Condutor Dormindo";"Colisão traseira";"Com Vítimas Fatais";"Plena Noite";"Decrescente";"Nublado";"Dupla";"Curva";"Não";3;1;0;0;1;1;0;3;-22,99697186;-46,5163051;"SPRF-SP";"DEL03-SP";"UOP01-DEL03-SP"
253830;2019-12-05;"quinta-feira";"05:35:00";"SP";116;210,7;"GUARULHOS";"Velocidade Incompatível";"Colisão com objeto estático";"Sem Vítimas";"Amanhecer";"Decrescente";"Nublado";"Múltipla";"Reta";"Sim";2;0;0;0;1;1;0;2;-23,43153247;-46,41702175;"SPRF-SP";"DEL01-SP";"UOP01-DEL01-SP"
253831;2019-12-05;"quinta-feira";"06:00:00";"SE";101;139,9;"ESTANCIA";"Desobediência às normas de trânsito pelo condutor";"Saída de leito carroçável";"Com Vítimas Feridas";"Pleno dia";"Decrescente";"Céu Claro";"Dupla";"Reta";"Não";3;0;1;0;1;3;1;5;-11,16432207;-37,39806827;"SPRF-SE";"DEL02-SE";"UOP01-DEL02-SE"
253832;2019-12-05;"quinta-feira";"05:10:00";"PR";277;507;"GUARANIACU";"Falta de Atenção à Condução";"Colisão lateral";"Com Vítimas Feridas";"Plena Noite";"Crescente";"Nevoeiro/Neblina";"Simples";"Curva";"Não";5;0;2;0;2;1;2;3;-25,13179903;-52,73030199;"SPRF-PR";"DEL04-PR";"UOP04-DEL04-PR"
253837;2019-12-05;"quinta-feira";"05:00:00";"BA";101;64;"ENTRE RIOS";"Falta de Atenção à Condução";"Colisão lateral";"Com Vítimas Feridas";"Amanhecer";"Decrescente";"Céu Claro";"Simples";"Curva";"Não";3;0;1;0;1;3;1;5;-11,96618423;-38,14476501;"SPRF-BA";"DEL01-BA";"UOP04-DEL01-BA"
253840;2019-12-05;"quinta-feira";"06:25:00";"PR";376;601,4;"CURITIBA";"Falta de Atenção à Condução";"Colisão traseira";"Com Vítimas Feridas";"Amanhecer";"Crescente";"Nublado";"Dupla";"Reta";"Sim";3;0;1;0;1;1;1;3;-25,537054;-49,31404;"SPRF-PR";"DEL01-PR";"UOP06-DEL01-PR"
253843;2019-12-05;"quinta-feira";"04:45:00";"PR";116;82;"PIRAQUARA";"Falta de Atenção à Condução";"Tombamento";"Sem Vítimas";"Amanhecer";"Decrescente";"Chuva";"Dupla";"Reta";"Não";2;0;0;0;2;0;0;1;-25,41529716;-49,0678198;"SPRF-PR";"DEL01-PR";"UOP01-DEL01-PR"
253846;2019-11-19;"terça-feira";"22:20:00";"SP";381;49;"ATIBAIA";"Falta de Atenção à Condução";"Colisão traseira";"Com Vítimas Fatais";"Plena Noite";"Crescente";"Céu Claro";"Dupla";"Reta";"Sim";3;1;0;0;1;2;0;4;-23,20317956;-46,58982038;"SPRF-SP";"DEL03-SP";"UOP01-DEL03-SP"
253847;2019-12-05;"quinta-feira";"07:00:00";"PR";376;96,5;"PARANAVAI";"Desobediência às normas de trânsito pelo condutor";"Colisão frontal";"Com Vítimas Fatais";"Pleno dia";"Decrescente";"Céu Claro";"Simples";"Reta";"Não";3;1;1;0;0;3;1;5;-23,01506057;-52,51163922;"SPRF-PR";"DEL07-PR";"UOP02-DEL09-PR"
253848;2019-12-05;"quinta-feira";"06:00:00";"PR";376;671;"GUARATUBA";"Falta de Atenção à Condução";"Colisão lateral";"Sem Vítimas";"Pleno dia";"Decrescente";"Nublado";"Dupla";"Aclive";"Não";3;0;0;0;2;1;0;3;-25,885323;-48,935154;"SPRF-PR";"DEL01-PR";"UOP04-DEL01-PR"
253851;2019-12-05;"quinta-feira";"06:20:00";"SC";282;344,1;"CAMPOS NOVOS";"Velocidade Incompatível";"Tombamento";"Com Vítimas Feridas";"Pleno dia";"Crescente";"Céu Claro";"Simples";"Rotatória";"Não";2;0;1;0;0;1;1;2;-27,3856387;-51,23508453;"SPRF-SC";"DEL07-SC";"UOP06-DEL07-SC"
253854;2019-12-05;"quinta-feira";"07:35:00";"BA";116;423,9;"FEIRA DE SANTANA";"Falta de Atenção à Condução";"Colisão lateral";"Sem Vítimas";"Pleno dia";"Crescente";"Sol";"Simples";"Reta";"Sim";2;0;0;0;2;0;0;2;-12,2312603;-38,96978259;"SPRF-BA";"DEL02-BA";"UOP01-DEL02-BA"
253856;2019-12-05;"quinta-feira";"08:30:00";"PR";116;43;"CAMPINA GRANDE DO SUL";"Falta de Atenção à Condução";"Tombamento";"Com Vítimas Feridas";"Pleno dia";"Crescente";"Chuva";"Dupla";"Curva";"Não";2;0;1;0;1;0;1;1;-25,18101149;-48,88196442;"SPRF-PR";"DEL01-PR";"UOP02-DEL01-PR"
253859;2019-12-05;"quinta-feira";"07:45:00";"MG";251;394,5;"GRAO MOGOL";"Falta de Atenção à Condução";"Atropelamento de Pedestre";"Com Vítimas Fatais";"Pleno dia";"Crescente";"Nublado";"Simples";"Declive";"Não";2;1;0;0;1;0;0;2;-16,21674319;-42,86957211;"SPRF-MG";"DEL12-MG";"UOP01-DEL12-MG"
253866;2019-12-05;"quinta-feira";"07:40:00";"MG";262;850,5;"CONCEICAO DAS ALAGOAS";"Defeito Mecânico no Veículo";"Tombamento";"Com Vítimas Fatais";"Pleno dia";"Decrescente";"Nublado";"Simples";"Curva";"Não";2;1;0;0;0;1;0;2;-19,75599413;-48,33588893;"SPRF-MG";"DEL13-MG";"UOP01-DEL13-MG"
253869;2019-12-05;"quinta-feira";"09:20:00";"PR";277;4;"PARANAGUA";"Falta de Atenção à Condução";"Colisão lateral";"Com Vítimas Feridas";"Pleno dia";"Decrescente";"Nublado";"Simples";"Reta";"Sim";3;0;0;1;1;2;1;4;-25,568198;-48,615292;"SPRF-PR";"DEL01-PR";"UOP05-DEL01-PR"
253871;2019-12-05;"quinta-feira";"07:30:00";"RS";470;186;"VERANOPOLIS";"Velocidade Incompatível";"Saída de leito carroçável";"Com Vítimas Feridas";"Pleno dia";"Crescente";"Céu Claro";"Simples";"Curva;Declive";"Não";1;0;0;1;0;0;1;1;-29,007497;-51,548082;"SPRF-RS";"DEL06-RS";"UOP02-DEL06-RS"
253872;2019-12-05;"quinta-feira";"08:40:00";"SC";282;568;"NOVA ERECHIM";"Falta de Atenção à Condução";"Colisão traseira";"Com Vítimas Feridas";"Pleno dia";"Decrescente";"Chuva";"Simples";"Rotatória";"Sim";5;0;2;0;2;1;2;3;-26,899681;-52,915756;"SPRF-SC";"DEL07-SC";"UOP02-DEL07-SC"
253882;2019-12-05;"quinta-feira";"09:50:00";"MT";364;411;"CUIABA";"Carga excessiva e/ou mal acondicionada";"Tombamento";"Com Vítimas Feridas";"Pleno dia";"Decrescente";"Céu Claro";"Simples";"Rotatória";"Sim";2;0;1;0;0;2;1;3;-15,639743;-56,02908;"SPRF-MT";"DEL02-MT";"UOP02-DEL01-MT"
253889;2019-08-27;"terça-feira";"09:00:00";"GO";153;286;"RIALMA";"Falta de Atenção à Condução";"Colisão traseira";"Com Vítimas Feridas";"Pleno dia";"Decrescente";"Céu Claro";"Simples";"Reta";"Não";3;0;2;0;1;0;2;2;-15,178503;-49,544987;"SPRF-GO";"DEL02-GO";"UOP02-DEL02-GO"
253890;2019-12-05;"quinta-feira";"11:20:00";"BA";101;947,3;"MUCURI";"Velocidade Incompatível";"Tombamento";"Com Vítimas Feridas";"Pleno dia";"Decrescente";"Céu Claro";"Simples";"Curva";"Não";2;0;1;0;0;1;1;2;-18,16840196;-39,91873914;"SPRF-BA";"DEL09-BA";"UOP02-DEL09-BA"
253898;2019-11-28;"quinta-feira";"17:58:00";"MG";381;812,2;"CAREACU";"Velocidade Incompatível";"Atropelamento de Pedestre";"Com Vítimas Fatais";"Pleno dia";"Crescente";"Chuva";"Dupla";"Declive;Curva";"Não";4;1;0;0;1;2;0;3;-22,00845101;-45,67798814;"SPRF-MG";"DEL16-MG";"UOP02-DEL16-MG"
253899;2019-12-05;"quinta-feira";"11:06:00";"PR";369;74,6;"SANTA MARIANA";"Defeito Mecânico no Veículo";"Incêndio";"Sem Vítimas";"Pleno dia";"Crescente";"Chuva";"Simples";"Aclive";"Sim";1;0;0;0;1;0;0;1;-23,14957621;-50,53047605;"SPRF-PR";"DEL07-PR";"UOP05-DEL07-PR"
253904;2019-12-05;"quinta-feira";"12:20:00";"MG";40;565,3;"NOVA LIMA";"Defeito Mecânico no Veículo";"Tombamento";"Com Vítimas Feridas";"Pleno dia";"Crescente";"Nublado";"Simples";"Interseção de Vias";"Não";2;0;0;2;0;0;2;1;-20,17241737;-43,96580458;"SPRF-MG";"DEL01-MG";"UOP02-DEL01-MG"
253905;2019-12-05;"quinta-feira";"12:35:00";"MG";459;9,9;"CALDAS";"Mal Súbito";"Saída de leito carroçável";"Com Vítimas Feridas";"Pleno dia";"Crescente";"Chuva";"Simples";"Curva";"Não";2;0;2;0;0;0;2;1;-21,81824861;-46,46110654;"SPRF-MG";"DEL16-MG";"UOP01-DEL09-MG"
253906;2019-12-05;"quinta-feira";"09:45:00";"PR";277;3,6;"PARANAGUA";"Desobediência às normas de trânsito pelo condutor";"Colisão lateral";"Com Vítimas Fatais";"Pleno dia";"Crescente";"Garoa/Chuvisco";"Simples";"Curva";"Sim";4;1;0;1;1;1;1;3;-25,53735922;-48,55705976;"SPRF-PR";"DEL01-PR";"UOP05-DEL01-PR"
253907;2019-12-05;"quinta-feira";"08:45:00";"MG";262;36,5;"MANHUACU";"Falta de Atenção à Condução";"Colisão lateral";"Com Vítimas Feridas";"Pleno dia";"Decrescente";"Nublado";"Dupla";"Rotatória;Curva";"Sim";3;0;1;0;1;1;1;3;-20,25932046;-42,02298331;"SPRF-MG";"DEL06-MG";"UOP03-DEL06-MG"
253910;2019-12-05;"quinta-feira";"13:05:00";"PE";101;77,5;"RECIFE";"Não guardar distância de segurança";"Colisão traseira";"Com Vítimas Feridas";"Pleno dia";"Decrescente";"Céu Claro";"Dupla";"Declive;Reta";"Sim";2;0;0;1;1;0;1;2;-8,126982;-34,94386;"SPRF-PE";"DEL01-PE";"UOP01-DEL01-PE"
253916;2019-12-05;"quinta-feira";"12:00:00";"SP";116;568;"BARRA DO TURVO";"Falta de Atenção à Condução";"Colisão com objeto estático";"Com Vítimas Feridas";"Pleno dia";"Crescente";"Garoa/Chuvisco";"Simples";"Reta";"Não";3;0;2;0;0;1;2;2;-25,055473;-48,55555216;"SPRF-SP";"DEL05-SP";"UOP02-DEL05-SP"
253921;2019-12-05;"quinta-feira";"13:20:00";"PR";476;96;"BOCAIUVA DO SUL";"Pista Escorregadia";"Colisão transversal";"Com Vítimas Feridas";"Pleno dia";"Decrescente";"Chuva";"Simples";"Curva";"Não";5;0;2;1;1;1;3;3;-25,231136;-49,120708;"SPRF-PR";"DEL01-PR";"UOP07-DEL01-PR"
253922;2019-12-05;"quinta-feira";"11:30:00";"PR";116;177;"QUITANDINHA";"Falta de Atenção à Condução";"Tombamento";"Com Vítimas Feridas";"Pleno dia";"Crescente";"Céu Claro";"Simples";"Aclive";"Sim";2;0;1;0;0;1;1;2;-25,89426898;-49,54478101;"SPRF-PR";"DEL01-PR";"UOP03-DEL01-PR"
253924;2019-12-05;"quinta-feira";"14:00:00";"SP";116;228;"SAO PAULO";"Não guardar distância de segurança";"Colisão traseira";"Com Vítimas Feridas";"Pleno dia";"Crescente";"Nublado";"Múltipla";"Reta";"Sim";3;0;1;0;1;1;1;3;-23,50343484;-46,56638712;"SPRF-SP";"DEL01-SP";"UOP01-DEL01-SP"
253925;2019-12-05;"quinta-feira";"14:30:00";"ES";101;147,1;"LINHARES";"Falta de Atenção à Condução";"Colisão transversal";"Com Vítimas Feridas";"Pleno dia";"Crescente";"Nublado";"Múltipla";"Reta;Interseção de Vias";"Sim";2;0;1;0;1;0;1;2;-19,37887202;-40,06657892;"SPRF-ES";"DEL04-ES";"UOP01-DEL04-ES"
253927;2019-12-05;"quinta-feira";"13:00:00";"MG";262;518,9;"LUZ";"Velocidade Incompatível";"Saída de leito carroçável";"Com Vítimas Feridas";"Pleno dia";"Decrescente";"Chuva";"Simples";"Reta";"Não";2;0;2;0;0;0;2;1;-19,79125663;-45,60083807;"SPRF-MG";"DEL08-MG";"UOP03-DEL08-MG"
253930;2019-12-05;"quinta-feira";"09:40:00";"SC";470;131;"LONTRAS";"Falta de Atenção à Condução";"Colisão lateral";"Com Vítimas Feridas";"Pleno dia";"Crescente";"Nublado";"Simples";"Curva";"Não";2;0;1;0;1;0;1;2;-27,168108;-49,560719;"SPRF-SC";"DEL04-SC";"UOP02-DEL04-SC"
253932;2019-12-05;"quinta-feira";"10:45:00";"MG";381;576,8;"ITAGUARA";"Falta de Atenção à Condução";"Tombamento";"Sem Vítimas";"Pleno dia";"Decrescente";"Chuva";"Dupla";"Aclive;Reta";"Não";3;0;0;0;1;2;0;3;-20,48100267;-44,58883345;"SPRF-MG";"DEL04-MG";"UOP03-DEL04-MG"
253933;2019-12-05;"quinta-feira";"13:10:00";"SC";470;281;"BRUNOPOLIS";"Pista Escorregadia";"Colisão frontal";"Com Vítimas Feridas";"Pleno dia";"Decrescente";"Nublado";"Simples";"Curva";"Não";2;0;1;0;1;0;1;2;-27,33606141;-50,87648392;"SPRF-SC";"DEL07-SC";"UOP06-DEL07-SC"
253935;2019-12-05;"quinta-feira";"09:20:00";"SC";116;52,3;"PAPANDUVA";"Falta de Atenção à Condução";"Colisão transversal";"Com Vítimas Feridas";"Pleno dia";"Decrescente";"Céu Claro";"Simples";"Reta";"Não";5;0;1;1;2;1;2;4;-26,39008273;-50,14576709;"SPRF-SC";"DEL06-SC";"UOP01-DEL06-SC"
253942;2019-12-05;"quinta-feira";"13:45:00";"MG";116;292,3;"TEOFILO OTONI";"Carga excessiva e/ou mal acondicionada";"Derramamento de carga";"Com Vítimas Feridas";"Pleno dia";"Crescente";"Sol";"Simples";"Curva";"Não";5;0;3;0;1;3;3;5;-17,98144887;-41,55430919;"SPRF-MG";"DEL11-MG";"UOP01-DEL11-MG"
253943;2019-12-05;"quinta-feira";"16:25:00";"SC";101;151;"ITAPEMA";"Desobediência às normas de trânsito pelo pedestre";"Atropelamento de Pedestre";"Com Vítimas Fatais";"Pleno dia";"Decrescente";"Nublado";"Múltipla";"Reta";"Sim";2;1;0;0;1;0;0;2;-27,126536;-48,609642;"SPRF-SC";"DEL04-SC";"UOP03-DEL04-SC"