"id";"data_inversa";"dia_semana";"horario";"uf";"br";"km";"municipio";"causa_acidente";"tipo_acidente";"classificacao_acidente";"fase_dia";"sentido_via";"condicao_metereologica";"tipo_pista";"tracado_via";"uso_solo";"pessoas";"mortos";"feridos_leves";"feridos_graves";"ilesos";"ignorados";"feridos";"veiculos";"latitude";"longitude";"regional";"delegacia";"uop"
253944;2019-12-05;"quinta-feira";"16:30:00";"SC";101;207,6;"SAO JOSE";"Falta de Atenção à Condução";"Colisão lateral";"Com Vítimas Feridas";"Pleno dia";"Crescente";"Chuva";"Dupla";"Aclive;Reta";"Sim";4;0;2;0;2;0;2;3;-27,60184446;-48,62759298;"SPRF-SC";"DEL01-SC";"UOP01-DEL01-SC"
253945;2019-12-05;"quinta-feira";"16:30:00";"PB";230;25;"JOAO PESSOA";"Falta de Atenção à Condução";"Colisão lateral";"Com Vítimas Feridas";"Pleno dia";"Crescente";"Céu Claro";"Dupla";"Declive;Viaduto;Curva";"Sim";3;0;1;0;1;1;1;2;-7,1707;-34,8684;"SPRF-PB";"DEL01-PB";"UOP01-DEL01-PB"
253951;2019-12-05;"quinta-feira";"08:50:00";"MS";158;79,5;"PARANAIBA";"Defeito Mecânico no Veículo";"Colisão traseira";"Sem Vítimas";"Pleno dia";"Decrescente";"Chuva";"Simples";"Reta";"Não";3;0;0;0;2;2;0;4;-19,55764424;-51,24892432;"SPRF-MS";"DEL08-MS";"UOP01-DEL08-MS"
253956;2019-12-05;"quinta-feira";"17:20:00";"CE";116;12;"FORTALEZA";"Falta de Atenção à Condução";"Colisão lateral";"Com Vítimas Feridas";"Anoitecer";"Decrescente";"Céu Claro";"Múltipla";"Reta";"Sim";2;0;1;0;1;0;1;2;-3,852077;-38,495525;"SPRF-CE";"DEL01-CE";"UOP02-DEL01-CE"
253964;2019-12-05;"quinta-feira";"17:00:00";"MG";365;26,9;"MONTES CLAROS";"Desobediência às normas de trânsito pelo condutor";"Colisão frontal";"Com Vítimas Feridas";"Anoitecer";"Crescente";"Chuva";"Simples";"Curva";"Não";4;0;2;0;1;1;2;4;-16,85144573;-44,06967486;"SPRF-MG";"DEL12-MG";"UOP01-DEL12-MG"
253965;2019-12-05;"quinta-feira";"12:42:00";"MS";262;486,6;"ANASTACIO";"Pista Escorregadia";"Colisão transversal";"Com Vítimas Feridas";"Pleno dia";"Decrescente";"Chuva";"Simples";"Reta";"Sim";4;0;1;0;3;0;1;2;-20,50015885;-55,77788898;"SPRF-MS";"DEL03-MS";"UOP01-DEL03-MS"
253968;2019-12-05;"quinta-feira";"18:05:00";"RJ";116;229,1;"PIRAI";"Pista Escorregadia";"Colisão traseira";"Com Vítimas Feridas";"Pleno dia";"Crescente";"Garoa/Chuvisco";"Simples";"Reta";"Não";3;0;1;0;1;1;1;3;-22,66633716;-43,86250064;"SPRF-RJ";"DEL07-RJ";"UOP01-DEL07-RJ"
253970;2019-12-05;"quinta-feira";"18:15:00";"RS";287;252;"SANTA MARIA";"Falta de Atenção à Condução";"Colisão traseira";"Sem Vítimas";"Anoitecer";"Crescente";"Céu Claro";"Simples";"Reta;Em Obras";"Não";3;0;0;0;2;1;0;2;-29,68869466;-53,89049505;"SPRF-RS";"DEL09-RS";"UOP01-DEL09-RS"
253972;2019-12-05;"quinta-feira";"10:30:00";"MS";60;638;"BELA VISTA";"Condutor Dormindo";"Tombamento";"Com Vítimas Feridas";"Pleno dia";"Crescente";"Nublado";"Simples";"Reta";"Não";1;0;1;0;0;0;1;1;-21,82435095;-56,28022505;"SPRF-MS";"DEL05-MS";"UOP01-DEL05-MS"
253974;2019-12-05;"quinta-feira";"17:30:00";"MT";163;539;"DIAMANTINO";"Pista Escorregadia";"Saída de leito carroçável";"Com Vítimas Feridas";"Anoitecer";"Crescente";"Chuva";"Simples";"Declive;Curva";"Não";2;0;1;0;1;0;1;1;-14,39101303;-56,11636404;"SPRF-MT";"DEL01-MT";"UOP01-DEL01-MT"
253975;2019-12-05;"quinta-feira";"18:40:00";"DF";40;2,9;"BRASILIA";"Não guardar distância de segurança";"Colisão lateral";"Com Vítimas Feridas";"Plena Noite";"Crescente";"Céu Claro";"Dupla";"Viaduto";"Não";4;0;1;0;2;2;1;5;-16,00374074;-47,9839468;"SPRF-DF";"DEL01-DF";"UOP01-DEL01-DF"
253977;2019-12-05;"quinta-feira";"18:30:00";"BA";116;386,6;"SANTA BARBARA";"Falta de Atenção do Pedestre";"Atropelamento de Pedestre";"Com Vítimas Fatais";"Plena Noite";"Decrescente";"Céu Claro";"Simples";"Reta";"Não";2;1;0;0;1;0;0;2;-11,90345104;-38,98262068;"SPRF-BA";"DEL02-BA";"UOP01-DEL02-BA"
253978;2019-12-05;"quinta-feira";"16:16:00";"PR";153;23,1;"JACAREZINHO";"Falta de Atenção à Condução";"Saída de leito carroçável";"Com Vítimas Feridas";"Pleno dia";"Decrescente";"Chuva";"Simples";"Declive";"Sim";2;0;1;1;0;0;2;1;-23,17659697;-49,97635304;"SPRF-PR";"DEL07-PR";"UOP04-DEL07-PR"
253980;2019-12-05;"quinta-feira";"17:00:00";"RN";304;212;"CAICARA DO RIO DO VENTO";"Defeito Mecânico no Veículo";"Colisão com objeto em movimento";"Sem Vítimas";"Anoitecer";"Crescente";"Céu Claro";"Simples";"Reta";"Não";2;0;0;0;2;0;0;2;-5,74865588;-36,05988498;"SPRF-RN";"DEL01-RN";"UOP03-DEL01-RN"
253981;2019-12-05;"quinta-feira";"11:00:00";"SC";470;107,4;"APIUNA";"Falta de Atenção à Condução";"Colisão frontal";"Com Vítimas Feridas";"Pleno dia";"Decrescente";"Nublado";"Simples";"Curva";"Não";2;0;1;0;1;0;1;2;-27,077623;-49,43145;"SPRF-SC";"DEL04-SC";"UOP02-DEL04-SC"
253988;2019-12-05;"quinta-feira";"17:16:00";"MA";135;119;"MIRANDA DO NORTE";"Mal Súbito";"Capotamento";"Com Vítimas Feridas";"Anoitecer";"Decrescente";"Céu Claro";"Simples";"Reta";"Não";1;0;1;0;0;0;1;1;-3,49445404;-44,54254591;"SPRF-MA";"DEL01-MA";"UOP02-DEL01-MA"
253992;2019-12-05;"quinta-feira";"20:00:00";"MG";262;503,5;"LUZ";"Falta de Atenção à Condução";"Colisão traseira";"Sem Vítimas";"Plena Noite";"Decrescente";"Chuva";"Simples";"Reta";"Não";3;0;0;0;3;0;0;3;-19,77742928;-45,46421618;"SPRF-MG";"DEL08-MG";"UOP03-DEL08-MG"
253998;2019-12-05;"quinta-feira";"20:10:00";"MG";262;363;"JUATUBA";"Falta de Atenção à Condução";"Colisão frontal";"Com Vítimas Feridas";"Plena Noite";"Crescente";"Chuva";"Dupla";"Reta";"Não";4;0;1;0;2;1;1;3;-19,98332997;-44,23572401;"SPRF-MG";"DEL01-MG";"UOP03-DEL01-MG"
254006;2019-12-05;"quinta-feira";"04:00:00";"GO";414;301;"VILA PROPICIO";"Defeito Mecânico no Veículo";"Saída de leito carroçável";"Com Vítimas Feridas";"Plena Noite";"Decrescente";"Chuva";"Simples";"Reta";"Não";2;0;1;0;0;2;1;3;-15,20091703;-48,70185812;"SPRF-GO";"DEL02-GO";"UOP01-DEL02-GO"
254012;2019-12-05;"quinta-feira";"21:30:00";"MG";40;783,6;"JUIZ DE FORA";"Velocidade Incompatível";"Saída de leito carroçável";"Com Vítimas Feridas";"Plena Noite";"Decrescente";"Chuva";"Dupla";"Curva";"Não";2;0;0;1;0;1;1;2;-21,70406297;-43,45067808;"SPRF-MG";"DEL05-MG";"UOP01-DEL05-MG"
254014;2019-12-05;"quinta-feira";"22:12:00";"MG";381;865,6;"POUSO ALEGRE";"Falta de Atenção à Condução";"Colisão traseira";"Com Vítimas Feridas";"Plena Noite";"Crescente";"Nublado";"Dupla";"Reta;Aclive";"Não";4;0;2;0;1;1;2;3;-22,39502394;-45,95810707;"SPRF-MG";"DEL16-MG";"UOP01-DEL16-MG"
254020;2019-12-05;"quinta-feira";"23:40:00";"DF";20;32;"BRASILIA";"Condutor Dormindo";"Colisão traseira";"Com Vítimas Feridas";"Plena Noite";"Crescente";"Nublado";"Dupla";"Reta;Aclive";"Não";3;0;1;0;1;3;1;5;-15,590174;-47,585899;"SPRF-DF";"DEL02-DF";"UOP01-DEL02-DF"
254022;2019-12-05;"quinta-feira";"21:05:00";"MG";381;639,2;"SANTO ANTONIO DO AMPARO";"Falta de Atenção à Condução";"Colisão traseira";"Sem Vítimas";"Plena Noite";"Crescente";"Nublado";"Dupla";"Reta";"Não";2;0;0;0;2;0;0;2;-20,91429316;-44,86508575;"SPRF-MG";"DEL04-MG";"UOP01-DEL04-MG"
254023;2019-12-05;"quinta-feira";"23:40:00";"RS";116;657;"JAGUARAO";"Desobediência às normas de trânsito pelo condutor";"Colisão transversal";"Com Vítimas Feridas";"Plena Noite";"Crescente";"Céu Claro";"Simples";"Interseção de Vias";"Sim";3;0;1;1;1;0;2;2;-32,568867;-53,37924;"SPRF-RS";"DEL07-RS";"UOP03-DEL07-RS"
254026;2019-11-07;"quinta-feira";"11:35:00";"MG";116;229;"TEOFILO OTONI";"Velocidade Incompatível";"Tombamento";"Com Vítimas Feridas";"Pleno dia";"Crescente";"Céu Claro";"Simples";"Curva";"Não";2;0;1;0;0;1;1;2;-17,4783411;-41,49387021;"SPRF-MG";"DEL11-MG";"UOP01-DEL11-MG"
254035;2019-12-06;"sexta-feira";"01:36:00";"SP";116;314;"JUQUITIBA";"Ingestão de Álcool";"Queda de ocupante de veículo";"Com Vítimas Feridas";"Plena Noite";"Decrescente";"Nublado";"Dupla";"Reta";"Não";2;0;0;1;0;1;1;2;-23,89562822;-46,98556063;"SPRF-SP";"DEL04-SP";"UOP03-DEL04-SP"
254040;2019-12-06;"sexta-feira";"03:30:00";"PR";116;53;"CAMPINA GRANDE DO SUL";"Falta de Atenção à Condução";"Saída de leito carroçável";"Com Vítimas Feridas";"Plena Noite";"Decrescente";"Nublado";"Dupla";"Curva";"Não";2;0;1;0;0;1;1;2;-25,25695209;-48,91330764;"SPRF-PR";"DEL01-PR";"UOP02-DEL01-PR"
254041;2019-12-06;"sexta-feira";"01:50:00";"SC";101;153,8;"PORTO BELO";"Falta de Atenção à Condução";"Colisão traseira";"Com Vítimas Feridas";"Plena Noite";"Crescente";"Nublado";"Dupla";"Reta";"Não";2;0;1;0;0;1;1;2;-27,144717;-48,61063935;"SPRF-SC";"DEL04-SC";"UOP03-DEL04-SC"
254042;2019-12-06;"sexta-feira";"02:00:00";"MG";381;445,8;"SANTA LUZIA";"Restrição de Visibilidade";"Tombamento";"Com Vítimas Feridas";"Plena Noite";"Decrescente";"Chuva";"Simples";"Curva";"Não";2;0;1;0;1;0;1;1;-19,82543027;-43,83409786;"SPRF-MG";"DEL01-MG";"UOP01-DEL01-MG"
254043;2019-12-06;"sexta-feira";"04:00:00";"SP";116;317,7;"JUQUITIBA";"Falta de Atenção à Condução";"Colisão lateral";"Com Vítimas Feridas";"Amanhecer";"Decrescente";"Garoa/Chuvisco";"Dupla";"Declive;Reta";"Sim";2;0;1;0;0;1;1;2;-23,91799802;-46,98973192;"SPRF-SP";"DEL04-SP";"UOP03-DEL04-SP"
254046;2019-12-06;"sexta-feira";"04:00:00";"SP";116;174,4;"JACAREI";"Condutor Dormindo";"Colisão traseira";"Com Vítimas Feridas";"Plena Noite";"Decrescente";"Chuva";"Dupla";"Aclive;Reta";"Não";4;0;1;0;2;2;1;4;-23,32057287;-46,09074403;"SPRF-SP";"DEL02-SP";"UOP01-DEL02-SP"
254049;2019-12-06;"sexta-feira";"04:40:00";"SP";116;516;"CAJATI";"Pista Escorregadia";"Danos eventuais";"Sem Vítimas";"Amanhecer";"Decrescente";"Garoa/Chuvisco";"Simples";"Curva";"Não";2;0;0;0;1;1;0;2;-24,87423036;-48,2190838;"SPRF-SP";"DEL05-SP";"UAP01-DEL05-SP"
254050;2019-12-06;"sexta-feira";"05:20:00";"RN";304;297,1;"MACAIBA";"Falta de Atenção à Condução";"Colisão traseira";"Com Vítimas Feridas";"Pleno dia";"Crescente";"Céu Claro";"Dupla";"Reta";"Sim";5;0;0;1;3;1;1;5;-5,86584;-35,339635;"SPRF-RN";"DEL01-RN";"UOP02-DEL01-RN"
254051;2019-12-05;"quinta-feira";"18:20:00";"SC";282;532;"CORDILHEIRA ALTA";"Velocidade Incompatível";"Colisão frontal";"Com Vítimas Feridas";"Pleno dia";"Crescente";"Sol";"Simples";"Curva";"Não";2;0;1;0;1;0;1;2;-26,996822;-52,615528;"SPRF-SC";"DEL07-SC";"UOP01-DEL07-SC"
254052;2019-12-06;"sexta-feira";"06:10:00";"RN";304;297;"MACAIBA";"Falta de Atenção à Condução";"Colisão traseira";"Com Vítimas Feridas";"Pleno dia";"Crescente";"Céu Claro";"Dupla";"Reta";"Não";2;0;1;0;1;0;1;2;-5,86534101;-35,340694;"SPRF-RN";"DEL01-RN";"UOP02-DEL01-RN"
254055;2019-12-06;"sexta-feira";"04:00:00";"SP";116;500,4;"CAJATI";"Defeito Mecânico no Veículo";"Tombamento";"Sem Vítimas";"Pleno dia";"Crescente";"Nublado";"Simples";"Reta";"Não";2;0;0;0;1;1;0;2;-24,78162109;-48,18342711;"SPRF-SP";"DEL05-SP";"UAP01-DEL05-SP"
254058;2019-12-06;"sexta-feira";"06:30:00";"MG";381;578,8;"CARMOPOLIS DE MINAS";"Falta de Atenção à Condução";"Saída de leito carroçável";"Sem Vítimas";"Pleno dia";"Decrescente";"Nublado";"Dupla";"Reta";"Não";1;0;0;0;1;0;0;1;-20,49228188;-44,60322315;"SPRF-MG";"DEL04-MG";"UOP01-DEL04-MG"
254061;2019-12-05;"quinta-feira";"20:30:00";"MG";262;518,9;"LUZ";"Velocidade Incompatível";"Colisão lateral";"Com Vítimas Feridas";"Plena Noite";"Decrescente";"Chuva";"Simples";"Reta";"Não";3;0;0;1;1;3;1;5;-19,79125663;-45,60083807;"SPRF-MG";"DEL08-MG";"UOP03-DEL08-MG"
254066;2019-12-05;"quinta-feira";"23:45:00";"MG";116;713,6;"SAO JOAO DO MANHUACU";"Condutor Dormindo";"Tombamento";"Com Vítimas Feridas";"Plena Noite";"Decrescente";"Chuva";"Simples";"Reta";"Não";1;0;1;0;0;0;1;1;-20,42802923;-42,16231238;"SPRF-MG";"DEL07-MG";"UOP02-DEL07-MG"
254068;2019-12-06;"sexta-feira";"07:35:00";"SC";101;206;"SAO JOSE";"Falta de Atenção à Condução";"Colisão traseira";"Com Vítimas Feridas";"Pleno dia";"Decrescente";"Céu Claro";"Dupla";"Interseção de Vias";"Sim";2;0;1;0;1;0;1;2;-27,59193546;-48,61824557;"SPRF-SC";"DEL01-SC";"UOP01-DEL01-SC"
254075;2019-12-06;"sexta-feira";"06:40:00";"MT";163;677;"LUCAS DO RIO VERDE";"Falta de Atenção à Condução";"Colisão traseira";"Sem Vítimas";"Pleno dia";"Decrescente";"Nublado";"Simples";"Reta";"Não";2;0;0;0;2;0;0;2;-13,26564582;-56,02264541;"SPRF-MT";"DEL06-MT";"UOP01-DEL06-MT"
254077;2019-09-03;"terça-feira";"10:15:00";"RS";290;111;"ELDORADO DO SUL";"Não guardar distância de segurança";"Colisão lateral";"Com Vítimas Feridas";"Pleno dia";"Decrescente";"Céu Claro";"Dupla";"Reta";"Não";2;0;1;0;1;0;1;2;-30,032066;-51,325138;"SPRF-RS";"DEL02-RS";"UOP01-DEL02-RS"
254079;2019-12-06;"sexta-feira";"06:20:00";"MG";381;504;"BETIM";"Não guardar distância de segurança";"Colisão traseira";"Com Vítimas Feridas";"Amanhecer";"Decrescente";"Chuva";"Dupla";"Reta";"Sim";2;0;0;1;1;0;1;2;-20,04164508;-44,26386697;"SPRF-MG";"DEL01-MG";"UOP03-DEL01-MG"
254087;2019-12-06;"sexta-feira";"07:30:00";"RS";386;439,9;"NOVA SANTA RITA";"Defeito Mecânico no Veículo";"Colisão traseira";"Com Vítimas Feridas";"Pleno dia";"Crescente";"Sol";"Dupla";"Ponte";"Não";4;0;1;0;2;1;1;3;-29,87711804;-51,24328136;"SPRF-RS";"DEL04-RS";"UOP02-DEL04-RS"
254089;2019-12-06;"sexta-feira";"08:00:00";"SE";101;62,9;"ROSARIO DO CATETE";"Falta de Atenção à Condução";"Colisão traseira";"Sem Vítimas";"Pleno dia";"Decrescente";"Céu Claro";"Simples";"Reta";"Não";2;0;0;0;2;0;0;2;-10,68457007;-37,03562689;"SPRF-SE";"DEL02-SE";"UOP02-DEL02-SE"
254107;2019-12-06;"sexta-feira";"09:10:00";"SC";163;82;"GUARACIABA";"Condutor Dormindo";"Colisão lateral";"Com Vítimas Feridas";"Pleno dia";"Crescente";"Céu Claro";"Simples";"Reta";"Não";3;0;0;1;2;0;1;3;-26,6327579;-53,51856923;"SPRF-SC";"DEL07-SC";"UOP03-DEL07-SC"
254109;2019-12-06;"sexta-feira";"10:20:00";"PE";101;71,4;"RECIFE";"Falta de Atenção à Condução";"Colisão frontal";"Com Vítimas Feridas";"Pleno dia";"Decrescente";"Céu Claro";"Simples";"Em Obras";"Sim";5;0;1;0;1;4;1;5;-8,07663102;-34,94277871;"SPRF-PE";"DEL01-PE";"UOP01-DEL01-PE"
254112;2019-12-06;"sexta-feira";"10:45:00";"PI";343;345,5;"TERESINA";"Falta de Atenção à Condução";"Colisão lateral";"Sem Vítimas";"Pleno dia";"Decrescente";"Céu Claro";"Dupla";"Reta";"Sim";2;0;0;0;2;0;0;2;-5,102889;-42,766506;"SPRF-PI";"DEL01-PI";"UOP01-DEL01-PI"
254113;2019-08-29;"quinta-feira";"00:07:00";"MG";381;478,3;"CONTAGEM";"Defeito Mecânico no Veículo";"Colisão com objeto estático";"Sem Vítimas";"Plena Noite";"Crescente";"Céu Claro";"Dupla";"Reta;Aclive";"Sim";2;0;0;0;1;1;0;2;-19,96159097;-44,03839588;"SPRF-MG";"DEL01-MG";"UOP03-DEL01-MG"
254121;2019-12-05;"quinta-feira";"23:50:00";"MG";381;404;"BOM JESUS DO AMPARO";"Defeito Mecânico no Veículo";"Derramamento de carga";"Sem Vítimas";"Plena Noite";"Crescente";"Chuva";"Simples";"Em Obras;Curva";"Não";1;0;0;0;1;0;0;1;-19,742614;-43,504627;"SPRF-MG";"DEL01-MG";"UOP01-DEL01-MG"
254123;2019-12-06;"sexta-feira";"10:10:00";"CE";116;525,2;"JATI";"Não guardar distância de segurança";"Colisão traseira";"Sem Vítimas";"Pleno dia";"Crescente";"Céu Claro";"Simples";"Reta";"Não";4;0;0;0;3;1;0;4;-7,65139001;-39,02034105;"SPRF-CE";"DEL05-CE";"UOP03-DEL05-CE"
254136;2019-12-06;"sexta-feira";"05:30:00";"SP";116;564;"BARRA DO TURVO";"Pista Escorregadia";"Saída de leito carroçável";"Com Vítimas Feridas";"Amanhecer";"Crescente";"Chuva";"Dupla";"Curva";"Não";1;0;1;0;0;0;1;1;-25,03458919;-48,53543877;"SPRF-SP";"DEL05-SP";"UOP02-DEL05-SP"
254140;2019-12-06;"sexta-feira";"13:45:00";"RJ";116;76;"TERESOPOLIS";"Falta de Atenção à Condução";"Colisão transversal";"Com Vítimas Feridas";"Pleno dia";"Crescente";"Chuva";"Simples";"Curva";"Sim";3;0;1;1;1;0;2;2;-22,36124312;-42,94876288;"SPRF-RJ";"DEL04-RJ";"UOP01-DEL04-RJ"
254147;2019-10-22;"terça-feira";"08:40:00";"BA";324;345;"QUIXABEIRA";"Falta de Atenção do Pedestre";"Colisão transversal";"Com Vítimas Feridas";"Pleno dia";"Crescente";"Céu Claro";"Simples";"Reta";"Não";4;0;2;0;1;2;2;4;-11,33952912;-40,09283405;"SPRF-BA";"DEL04-BA";"UOP02-DEL04-BA"
254163;2019-12-06;"sexta-feira";"15:20:00";"GO";452;65;"MAURILANDIA";"Desobediência às normas de trânsito pelo condutor";"Colisão transversal";"Com Vítimas Fatais";"Pleno dia";"Crescente";"Nublado";"Simples";"Aclive;Rotatória";"Não";3;1;0;0;1;1;0;3;-18,0159994;-50,34680974;"SPRF-GO";"DEL04-GO";"UOP01-DEL04-GO"
254169;2019-12-06;"sexta-feira";"15:43:00";"MG";50;137,8;"UBERABA";"Velocidade Incompatível";"Saída de leito carroçável";"Sem Vítimas";"Pleno dia";"Decrescente";"Chuva";"Dupla";"Declive";"Não";2;0;0;0;1;1;0;2;-19,45056192;-48,06142574;"SPRF-MG";"DEL13-MG";"UOP01-DEL13-MG"
254182;2019-12-06;"sexta-feira";"16:40:00";"RS";116;302,7;"GUAIBA";"Falta de Atenção à Condução";"Colisão transversal";"Sem Vítimas";"Pleno dia";"Crescente";"Céu Claro";"Simples";"Reta";"Não";6;0;0;0;6;0;0;2;-30,13970487;-51,35942618;"SPRF-RS";"DEL02-RS";"UOP01-DEL02-RS"
254192;2019-12-06;"sexta-feira";"09:00:00";"RO";364;775;"PORTO VELHO";"Desobediência às normas de trânsito pelo condutor";"Saída de leito carroçável";"Com Vítimas Feridas";"Pleno dia";"Decrescente";"Nublado";"Simples";"Reta";"Não";4;0;1;0;2;1;1;3;-9,16733555;-64,20968125;"SPRF-RO";"DEL01-RO";"UOP02-DEL01-RO"
254193;2019-12-06;"sexta-feira";"16:10:00";"PR";476;129;"CURITIBA";"Mal Súbito";"Colisão traseira";"Com Vítimas Feridas";"Pleno dia";"Crescente";"Sol";"Múltipla";"Reta";"Sim";2;0;1;0;1;0;1;2;-25,440983;-49,233715;"SPRF-PR";"DEL01-PR";"UOP07-DEL01-PR"
254201;2019-12-06;"sexta-feira";"11:15:00";"RS";470;231;"CARLOS BARBOSA";"Velocidade Incompatível";"Saída de leito carroçável";"Sem Vítimas";"Pleno dia";"Crescente";"Céu Claro";"Simples";"Interseção de Vias";"Sim";1;0;0;0;1;0;0;1;-29,23561854;-51,51722431;"SPRF-RS";"DEL06-RS";"UOP01-DEL06-RS"
254203;2019-12-06;"sexta-feira";"17:50:00";"RJ";116;76;"TERESOPOLIS";"Falta de Atenção à Condução";"Colisão transversal";"Com Vítimas Feridas";"Pleno dia";"Crescente";"Chuva";"Simples";"Reta";"Sim";3;0;1;0;2;0;1;2;-22,36124312;-42,94876288;"SPRF-RJ";"DEL04-RJ";"UOP01-DEL04-RJ"
254206;2019-12-06;"sexta-feira";"17:45:00";"PE";101;77;"RECIFE";"Defeito Mecânico no Veículo";"Colisão com objeto em movimento";"Com Vítimas Feridas";"Plena Noite";"Crescente";"Céu Claro";"Dupla";"Reta";"Sim";2;0;0;1;0;1;1;2;-8,126982;-34,94386;"SPRF-PE";"DEL01-PE";"UOP01-DEL01-PE"
254212;2019-12-06;"sexta-feira";"11:30:00";"BA";242;859;"BARREIRAS";"Velocidade Incompatível";"Tombamento";"Com Vítimas Feridas";"Pleno dia";"Crescente";"Céu Claro";"Simples";"Curva";"Não";2;0;1;0;0;1;1;2;-12,06568878;-45,57888877;"SPRF-BA";"DEL10-BA";"UOP01-DEL10-BA"
254215;2019-12-06;"sexta-feira";"14:00:00";"MG";116;781,4;"LEOPOLDINA";"Velocidade Incompatível";"Tombamento";"Com Vítimas Feridas";"Pleno dia";"Decrescente";"Nublado";"Simples";"Curva";"Não";3;0;0;1;0;2;1;3;-21,62223589;-42,69312807;"SPRF-MG";"DEL07-MG";"UOP01-DEL07-MG"
254222;2019-12-06;"sexta-feira";"17:20:00";"MG";381;518;"IGARAPE";"Mal Súbito";"Colisão lateral";"Com Vítimas Feridas";"Pleno dia";"Crescente";"Nublado";"Dupla";"Curva";"Não";2;0;1;0;1;0;1;2;-20,12065395;-44,30242562;"SPRF-MG";"DEL01-MG";"UOP03-DEL01-MG"
254224;2019-12-06;"sexta-feira";"18:00:00";"SC";470;54;"BLUMENAU";"Defeito Mecânico no Veículo";"Incêndio";"Sem Vítimas";"Pleno dia";"Crescente";"Céu Claro";"Simples";"Reta";"Não";2;0;0;0;1;1;0;2;-26,871065;-49,110374;"SPRF-SC";"DEL04-SC";"UOP01-DEL04-SC"
254228;2019-12-06;"sexta-feira";"18:45:00";"MG";40;770,9;"JUIZ DE FORA";"Falta de Atenção à Condução";"Colisão traseira";"Com Vítimas Feridas";"Plena Noite";"Decrescente";"Chuva";"Simples";"Reta";"Não";7;0;1;0;4;2;1;4;-21,59924304;-43,4579108;"SPRF-MG";"DEL05-MG";"UOP01-DEL05-MG"
254230;2019-12-06;"sexta-feira";"15:00:00";"MG";116;414;"GOVERNADOR VALADARES";"Não guardar distância de segurança";"Colisão traseira";"Com Vítimas Feridas";"Pleno dia";"Crescente";"Chuva";"Simples";"Reta;Declive";"Sim";6;0;1;0;4;1;1;5;-18,88102703;-41,95910802;"SPRF-MG";"DEL06-MG";"UOP01-DEL06-MG"
254233;2019-12-06;"sexta-feira";"18:00:00";"MA";135;12;"SAO LUIS";"Falta de Atenção à Condução";"Colisão transversal";"Com Vítimas Feridas";"Anoitecer";"Crescente";"Céu Claro";"Múltipla";"Reta;Retorno Regulamentado";"Sim";2;0;1;0;1;0;1;2;-2,67223553;-44,29173767;"SPRF-MA";"DEL01-MA";"UOP01-DEL01-MA"
254238;2019-12-06;"sexta-feira";"19:49:00";"SC";470;129,9;"LONTRAS";"Ingestão de Álcool";"Colisão frontal";"Com Vítimas Feridas";"Plena Noite";"Decrescente";"Céu Claro";"Simples";"Reta";"Não";9;0;2;0;6;1;2;5;-27,148499;-49,556137;"SPRF-SC";"DEL04-SC";"UOP02-DEL04-SC"
254243;2019-12-06;"sexta-feira";"19:14:00";"MG";251;440;"GRAO MOGOL";"Não guardar distância de segurança";"Colisão traseira";"Com Vítimas Feridas";"Plena Noite";"Decrescente";"Nublado";"Simples";"Aclive;Curva";"Não";2;0;0;1;0;1;1;2;-16,40655207;-43,22799602;"SPRF-MG";"DEL12-MG";"UOP01-DEL12-MG"
254246;2019-12-06;"sexta-feira";"18:30:00";"RN";304;83,9;"MOSSORO";"Animais na Pista";"Capotamento";"Com Vítimas Feridas";"Plena Noite";"Decrescente";"Ignorado";"Simples";"Reta";"Não";2;0;0;1;0;1;1;2;-5,49402183;-37,15295679;"SPRF-RN";"DEL04-RN";"UOP01-DEL04-RN"
254248;2019-04-19;"sexta-feira";"16:00:00";"BA";101;318,1;"PRESIDENTE TANCREDO NEVES";"Velocidade Incompatível";"Saída de leito carroçável";"Com Vítimas Feridas";"Pleno dia";"Crescente";"Céu Claro";"Simples";"Reta";"Não";2;0;0;1;0;1;1;2;-13,50023095;-39,43835405;"SPRF-BA";"DEL05-BA";"UOP03-DEL05-BA"
254253;2019-12-06;"sexta-feira";"18:35:00";"TO";153;411;"MIRANORTE";"Velocidade Incompatível";"Tombamento";"Com Vítimas Feridas";"Plena Noite";"Crescente";"Céu Claro";"Dupla";"Reta";"Sim";2;0;1;0;0;1;1;2;-9,50726199;-48,58805105;"SPRF-TO";"DEL02-TO";"UOP02-DEL02-TO"
254254;2019-12-06;"sexta-feira";"20:00:00";"AL";101;140;"SAO MIGUEL DOS CAMPOS";"Falta de Atenção à Condução";"Tombamento";"Com Vítimas Feridas";"Plena Noite";"Crescente";"Céu Claro";"Dupla";"Em Obras";"Não";1;0;1;0;0;0;1;1;-9,82539401;-36,12632699;"SPRF-AL";"DEL02-AL";"UOP01-DEL02-AL"
254255;2019-12-06;"sexta-feira";"20:40:00";"BA";242;414;"SEABRA";"Ingestão de Álcool";"Colisão frontal";"Com Vítimas Fatais";"Plena Noite";"Crescente";"Céu Claro";"Simples";"Reta";"Não";2;1;0;0;1;0;0;2;-12,427427;-41,77020288;"SPRF-BA";"DEL06-BA";"UOP01-DEL06-BA"
254256;2019-12-06;"sexta-feira";"20:40:00";"AL";423;51,8;"INHAPI";"Desobediência às normas de trânsito pelo condutor";"Colisão transversal";"Sem Vítimas";"Plena Noite";"Crescente";"Céu Claro";"Simples";"Declive;Reta";"Sim";3;0;0;0;3;0;0;2;-9,26647355;-37,7363205;"SPRF-AL";"DEL03-AL";"UOP02-DEL03-AL"