"id";"data_inversa";"dia_semana";"horario";"uf";"br";"km";"municipio";"causa_acidente";"tipo_acidente";"classificacao_acidente";"fase_dia";"sentido_via";"condicao_metereologica";"tipo_pista";"tracado_via";"uso_solo";"pessoas";"mortos";"feridos_leves";"feridos_graves";"ilesos";"ignorados";"feridos";"veiculos";"latitude";"longitude";"regional";"delegacia";"uop"
254269;2019-12-06;"sexta-feira";"18:00:00";"MG";40;142,4;"JOAO PINHEIRO";"Desobediência às normas de trânsito pelo condutor";"Colisão traseira";"Com Vítimas Feridas";"Anoitecer";"Crescente";"Nublado";"Simples";"Curva";"Sim";3;0;0;1;0;2;1;3;-17,740382;-46,185728;"SPRF-MG";"DEL14-MG";"UOP01-DEL14-MG"
254275;2019-12-06;"sexta-feira";"20:10:00";"PR";369;113,1;"URAI";"Não guardar distância de segurança";"Colisão frontal";"Com Vítimas Feridas";"Plena Noite";"Crescente";"Céu Claro";"Simples";"Reta";"Não";2;0;1;0;0;1;1;2;-23,2786151;-50,84158872;"SPRF-PR";"DEL07-PR";"UOP05-DEL07-PR"
254277;2019-12-06;"sexta-feira";"19:45:00";"PR";476;224,9;"LAPA";"Falta de Atenção à Condução";"Colisão lateral";"Com Vítimas Feridas";"Anoitecer";"Crescente";"Céu Claro";"Simples";"Reta";"Não";3;0;0;2;0;1;2;2;-25,848568;-49,941429;"SPRF-PR";"DEL02-PR";"UOP04-DEL02-PR"
254278;2019-12-06;"sexta-feira";"15:10:00";"BA";116;49,7;"CHORROCHO";"Ultrapassagem Indevida";"Colisão frontal";"Com Vítimas Fatais";"Pleno dia";"Decrescente";"Céu Claro";"Simples";"Reta";"Não";4;1;0;0;1;2;0;4;-9,04012396;-39,17123692;"SPRF-PE";"DEL05-PE";"UOP03-DEL05-PE"
254288;2019-12-06;"sexta-feira";"22:10:00";"RS";290;27,2;"SANTO ANTONIO DA PATRULHA";"Velocidade Incompatível";"Colisão traseira";"Com Vítimas Feridas";"Plena Noite";"Crescente";"Céu Claro";"Dupla";"Reta";"Não";5;0;1;1;2;1;2;3;-29,881359;-50,524544;"SPRF-RS";"DEL03-RS";"UOP01-DEL03-RS"
254295;2019-12-06;"sexta-feira";"23:30:00";"RJ";116;47,4;"TERESOPOLIS";"Falta de Atenção à Condução";"Colisão transversal";"Com Vítimas Fatais";"Plena Noite";"Decrescente";"Chuva";"Simples";"Reta";"Não";3;1;0;0;1;1;0;3;-22,17103381;-42,8313391;"SPRF-RJ";"DEL04-RJ";"UOP01-DEL04-RJ"
254299;2019-12-07;"sábado";"00:35:00";"MG";40;550;"NOVA LIMA";"Falta de Atenção à Condução";"Capotamento";"Com Vítimas Feridas";"Plena Noite";"Decrescente";"Chuva";"Dupla";"Reta";"Sim";1;0;1;0;0;0;1;1;-20,0477638;-43,96439441;"SPRF-MG";"DEL01-MG";"UOP02-DEL01-MG"
254302;2019-12-07;"sábado";"00:20:00";"MT";364;277;"JACIARA";"Velocidade Incompatível";"Tombamento";"Com Vítimas Fatais";"Plena Noite";"Crescente";"Céu Claro";"Dupla";"Declive;Curva";"Não";3;1;0;0;1;1;0;3;-15,95076591;-54,99952397;"SPRF-MT";"DEL02-MT";"UOP02-DEL05-MT"
254308;2019-12-07;"sábado";"01:50:00";"CE";116;6,7;"FORTALEZA";"Desobediência às normas de trânsito pelo condutor";"Colisão transversal";"Com Vítimas Feridas";"Plena Noite";"Crescente";"Céu Claro";"Múltipla";"Reta";"Sim";3;0;2;0;1;0;2;2;-3,80748706;-38,50194097;"SPRF-CE";"DEL01-CE";"UOP02-DEL01-CE"
254319;2019-12-07;"sábado";"01:38:00";"RO";364;151,1;"PIMENTA BUENO";"Animais na Pista";"Tombamento";"Com Vítimas Feridas";"Plena Noite";"Decrescente";"Nublado";"Simples";"Declive";"Não";2;0;1;0;0;1;1;2;-11,99291839;-60,94017129;"SPRF-RO";"DEL02-RO";"UOP02-DEL02-RO"
254320;2019-12-07;"sábado";"02:30:00";"AL";104;70,5;"MESSIAS";"Avarias e/ou desgaste excessivo no pneu";"Incêndio";"Sem Vítimas";"Plena Noite";"Crescente";"Céu Claro";"Simples";"Curva";"Não";2;0;0;0;1;2;0;3;-9,35709773;-35,86247814;"SPRF-AL";"DEL01-AL";"UOP02-DEL01-AL"
254321;2019-12-07;"sábado";"01:40:00";"MG";262;476,3;"BOM DESPACHO";"Ingestão de Álcool";"Colisão frontal";"Com Vítimas Feridas";"Plena Noite";"Crescente";"Nublado";"Simples";"Reta";"Não";3;0;0;1;1;1;1;3;-19,78872723;-45,22073799;"SPRF-MG";"DEL08-MG";"UOP03-DEL08-MG"
254325;2019-12-07;"sábado";"01:05:00";"MA";316;265;"SANTA INES";"Ingestão de Álcool";"Colisão traseira";"Com Vítimas Feridas";"Anoitecer";"Decrescente";"Céu Claro";"Simples";"Reta";"Sim";2;0;1;0;1;0;1;2;-3,677107;-45,354866;"SPRF-MA";"DEL02-MA";"UI04-DEL02-MA"
254331;2019-12-07;"sábado";"03:35:00";"CE";116;45;"PACAJUS";"Desobediência às normas de trânsito pelo condutor";"Colisão com objeto estático";"Com Vítimas Feridas";"Plena Noite";"Decrescente";"Céu Claro";"Dupla";"Reta";"Sim";4;0;2;0;1;1;2;4;-4,1312959;-38,48313475;"SPRF-CE";"DEL01-CE";"UOP02-DEL01-CE"
254338;2019-12-07;"sábado";"04:00:00";"SC";282;500,3;"XANXERE";"Ingestão de Álcool";"Colisão traseira";"Com Vítimas Feridas";"Plena Noite";"Decrescente";"Céu Claro";"Dupla";"Aclive";"Não";3;0;1;0;1;2;1;4;-26,881372;-52,37252;"SPRF-SC";"DEL07-SC";"UOP01-DEL07-SC"
254345;2019-12-07;"sábado";"06:00:00";"ES";262;172,3;"IBATIBA";"Condutor Dormindo";"Colisão frontal";"Com Vítimas Fatais";"Pleno dia";"Crescente";"Chuva";"Simples";"Reta";"Não";7;3;0;2;1;3;2;5;-20,26658734;-41,60261276;"SPRF-ES";"DEL01-ES";"UOP02-DEL01-ES"
254348;2019-12-07;"sábado";"01:30:00";"BA";324;380;"GAVIAO";"Ingestão de álcool e/ou substâncias psicoativas pelo pedestre";"Atropelamento de Pedestre";"Com Vítimas Fatais";"Plena Noite";"Decrescente";"Céu Claro";"Simples";"Reta";"Sim";2;1;0;0;0;1;0;2;-11,46536628;-39,79596721;"SPRF-BA";"DEL04-BA";"UOP02-DEL04-BA"
254349;2019-12-07;"sábado";"06:15:00";"SC";101;243,9;"PALHOCA";"Falta de Atenção à Condução";"Colisão traseira";"Com Vítimas Feridas";"Amanhecer";"Crescente";"Céu Claro";"Dupla";"Reta";"Sim";3;0;0;1;1;1;1;3;-27,89294003;-48,64821868;"SPRF-SC";"DEL01-SC";"UOP02-DEL01-SC"
254355;2019-12-07;"sábado";"05:20:00";"BA";324;625,8;"SALVADOR";"Defeito Mecânico no Veículo";"Atropelamento de Pedestre";"Com Vítimas Feridas";"Pleno dia";"Crescente";"Céu Claro";"Múltipla";"Reta";"Sim";3;0;0;1;1;1;1;3;-12,94194706;-38,47081224;"SPRF-BA";"DEL01-BA";"UOP01-DEL01-BA"
254357;2019-12-07;"sábado";"07:00:00";"SP";116;273;"TABOAO DA SERRA";"Não guardar distância de segurança";"Colisão traseira";"Com Vítimas Feridas";"Pleno dia";"Decrescente";"Sol";"Dupla";"Reta";"Sim";2;0;0;1;1;0;1;2;-23,62809795;-46,81870306;"SPRF-SP";"DEL04-SP";"UOP01-DEL04-SP"
254359;2019-12-07;"sábado";"05:55:00";"PB";230;77,1;"RIACHAO DO POCO";"Ingestão de Álcool";"Colisão lateral";"Com Vítimas Feridas";"Pleno dia";"Crescente";"Céu Claro";"Dupla";"Reta";"Não";2;0;1;0;1;0;1;2;-7,184123;-35,298661;"SPRF-PB";"DEL01-PB";"UOP03-DEL01-PB"
254371;2019-12-07;"sábado";"06:30:00";"MG";40;567;"NOVA LIMA";"Fenômenos da Natureza";"Danos eventuais";"Sem Vítimas";"Pleno dia";"Decrescente";"Garoa/Chuvisco";"Simples";"Reta";"Não";1;0;0;0;1;0;0;1;-20,1939732;-43,97276759;"SPRF-MG";"DEL01-MG";"UOP02-DEL01-MG"
254372;2019-12-07;"sábado";"06:30:00";"PE";232;358,9;"FLORES";"Mal Súbito";"Colisão frontal";"Com Vítimas Fatais";"Pleno dia";"Crescente";"Sol";"Simples";"Reta";"Não";5;3;1;0;0;2;1;4;-8,04653839;-37,85853293;"SPRF-PE";"DEL04-PE";"UOP01-DEL04-PE"
254382;2019-12-07;"sábado";"03:00:00";"MA";10;172;"CAMPESTRE DO MARANHAO";"Velocidade Incompatível";"Colisão frontal";"Com Vítimas Fatais";"Plena Noite";"Crescente";"Ignorado";"Simples";"Reta";"Não";2;1;0;0;1;0;0;2;-6,212294;-47,3559;"SPRF-MA";"DEL04-MA";"UOP02-DEL04-MA"
254383;2019-12-07;"sábado";"08:10:00";"MG";40;590,7;"ITABIRITO";"Mal Súbito";"Saída de leito carroçável";"Com Vítimas Feridas";"Pleno dia";"Decrescente";"Nevoeiro/Neblina";"Dupla";"Curva;Declive";"Não";2;0;1;0;0;1;1;2;-20,36807799;-43,90982881;"SPRF-MG";"DEL01-MG";"UOP02-DEL01-MG"
254394;2019-12-07;"sábado";"05:00:00";"SC";282;108,2;"ALFREDO WAGNER";"Falta de Atenção à Condução";"Colisão frontal";"Com Vítimas Feridas";"Pleno dia";"Crescente";"Céu Claro";"Simples";"Curva";"Não";2;0;0;1;1;0;1;2;-27,710777;-49,356228;"SPRF-SC";"DEL01-SC";"UOP03-DEL01-SC"
254397;2019-12-07;"sábado";"09:30:00";"BA";242;807;"BARREIRAS";"Mal Súbito";"Colisão frontal";"Com Vítimas Fatais";"Pleno dia";"Crescente";"Céu Claro";"Simples";"Reta";"Não";7;3;0;2;1;2;2;4;-12,13624441;-44,92872395;"SPRF-BA";"DEL10-BA";"UOP01-DEL10-BA"
254399;2019-12-07;"sábado";"09:20:00";"PI";343;42,4;"BURITI DOS LOPES";"Velocidade Incompatível";"Tombamento";"Com Vítimas Feridas";"Pleno dia";"Crescente";"Céu Claro";"Simples";"Curva";"Não";3;0;1;1;0;1;2;3;-3,16274;-41,822555;"SPRF-PI";"DEL05-PI";"UOP01-DEL05-PI"
254402;2019-12-07;"sábado";"09:15:00";"SP";116;312;"SAO LOURENCO DA SERRA";"Falta de Atenção à Condução";"Colisão traseira";"Com Vítimas Feridas";"Pleno dia";"Crescente";"Céu Claro";"Dupla";"Reta";"Não";5;0;2;0;2;3;2;5;-23,88342825;-46,97368879;"SPRF-SP";"DEL04-SP";"UOP01-DEL04-SP"
254404;2019-12-07;"sábado";"10:10:00";"PR";476;178,8;"CONTENDA";"Falta de Atenção à Condução";"Tombamento";"Com Vítimas Feridas";"Pleno dia";"Crescente";"Céu Claro";"Simples";"Curva";"Não";2;0;0;1;0;1;1;2;-25,699764;-49,572849;"SPRF-PR";"DEL01-PR";"UOP06-DEL01-PR"
254407;2019-12-07;"sábado";"06:45:00";"PA";316;23;"BENEVIDES";"Não guardar distância de segurança";"Colisão traseira";"Sem Vítimas";"Amanhecer";"Crescente";"Sol";"Dupla";"Reta";"Não";2;0;0;0;2;0;0;2;-1,34939652;-48,25403988;"SPRF-PA";"DEL01-PA";"UOP01-DEL01-PA"
254412;2019-12-07;"sábado";"10:00:00";"SC";101;328,5;"CAPIVARI DE BAIXO";"Carga excessiva e/ou mal acondicionada";"Colisão com objeto estático";"Com Vítimas Feridas";"Pleno dia";"Crescente";"Céu Claro";"Dupla";"Reta";"Não";2;0;1;0;1;0;1;2;-28,448676;-48,969975;"SPRF-SC";"DEL02-SC";"UOP01-DEL02-SC"
254413;2019-12-07;"sábado";"09:25:00";"MG";40;54,6;"PARACATU";"Desobediência às normas de trânsito pelo condutor";"Colisão lateral";"Com Vítimas Feridas";"Pleno dia";"Decrescente";"Céu Claro";"Simples";"Curva;Declive";"Não";5;0;2;0;1;2;2;5;-17,26785232;-46,78105441;"SPRF-MG";"DEL14-MG";"UOP01-DEL14-MG"
254426;2019-12-07;"sábado";"11:25:00";"MG";50;76;"UBERLANDIA";"Falta de Atenção à Condução";"Colisão traseira";"Com Vítimas Feridas";"Pleno dia";"Decrescente";"Céu Claro";"Dupla";"Reta";"Sim";5;0;3;0;1;1;3;3;-18,986906;-48,211853;"SPRF-MG";"DEL15-MG";"UOP01-DEL15-MG"
254428;2019-12-07;"sábado";"11:00:00";"MG";381;879,9;"ESTIVA";"Falta de Atenção à Condução";"Colisão lateral";"Com Vítimas Feridas";"Pleno dia";"Decrescente";"Céu Claro";"Dupla";"Reta;Declive";"Não";3;0;2;0;0;1;2;2;-22,49922;-46,01370998;"SPRF-MG";"DEL16-MG";"UOP01-DEL16-MG"
254429;2019-12-07;"sábado";"02:00:00";"PA";10;125,6;"PARAGOMINAS";"Falta de Atenção à Condução";"Tombamento";"Com Vítimas Feridas";"Plena Noite";"Crescente";"Céu Claro";"Simples";"Reta";"Sim";3;0;1;0;1;1;1;2;-3,38355298;-47,44618389;"SPRF-PA";"DEL02-PA";"UOP01-DEL02-PA"
254430;2019-12-07;"sábado";"11:35:00";"RS";287;249;"SANTA MARIA";"Ingestão de Álcool";"Colisão lateral";"Sem Vítimas";"Pleno dia";"Crescente";"Céu Claro";"Simples";"Reta";"Sim";2;0;0;0;2;0;0;2;-29,69400654;-53,86100019;"SPRF-RS";"DEL09-RS";"UOP01-DEL09-RS"
254432;2019-12-07;"sábado";"06:30:00";"BA";324;430;"RIACHAO DO JACUIPE";"Mal Súbito";"Colisão lateral";"Com Vítimas Feridas";"Pleno dia";"Crescente";"Céu Claro";"Simples";"Reta";"Não";2;0;0;1;1;0;1;2;-11,77025073;-39,45511775;"SPRF-BA";"DEL04-BA";"UOP02-DEL04-BA"
254439;2019-12-07;"sábado";"12:00:00";"PI";135;139;"BERTOLINIA";"Condutor Dormindo";"Saída de leito carroçável";"Com Vítimas Fatais";"Pleno dia";"Crescente";"Céu Claro";"Simples";"Reta";"Não";2;1;0;0;0;1;0;2;-7,73392103;-43,87434207;"SPRF-PI";"DEL03-PI";"UOP01-DEL03-PI"
254449;2019-12-07;"sábado";"12:45:00";"MS";163;256;"DOURADOS";"Falta de Atenção à Condução";"Colisão com objeto em movimento";"Com Vítimas Feridas";"Pleno dia";"Decrescente";"Céu Claro";"Dupla";"Rotatória";"Sim";3;0;1;0;1;2;1;4;-22,258688;-54,804028;"SPRF-MS";"DEL04-MS";"UOP01-DEL04-MS"
254452;2019-12-07;"sábado";"11:15:00";"AC";364;126;"RIO BRANCO";"Desobediência às normas de trânsito pelo condutor";"Colisão transversal";"Com Vítimas Feridas";"Pleno dia";"Crescente";"Céu Claro";"Dupla";"Rotatória";"Não";4;0;2;0;2;0;2;2;-10,012822;-67,80875;"SPRF-AC";"DEL01-AC";"UOP01-DEL01-AC"
254454;2019-09-28;"sábado";"19:40:00";"GO";364;346,3;"MINEIROS";"Ultrapassagem Indevida";"Colisão frontal";"Com Vítimas Fatais";"Plena Noite";"Crescente";"Céu Claro";"Simples";"Reta";"Não";8;2;0;1;3;3;1;6;-17,385351;-52,86924;"SPRF-GO";"DEL05-GO";"UOP01-DEL05-GO"
254458;2019-12-07;"sábado";"10:30:00";"PR";116;3,6;"CAMPINA GRANDE DO SUL";"Velocidade Incompatível";"Saída de leito carroçável";"Com Vítimas Feridas";"Pleno dia";"Crescente";"Nublado";"Simples";"Curva";"Não";1;0;1;0;0;0;1;1;-25,07163889;-48,58564619;"SPRF-PR";"DEL01-PR";"UOP02-DEL01-PR"
254460;2019-12-07;"sábado";"11:25:00";"GO";70;405;"MONTES CLAROS DE GOIAS";"Desobediência às normas de trânsito pelo condutor";"Colisão lateral";"Com Vítimas Feridas";"Pleno dia";"Crescente";"Céu Claro";"Dupla";"Reta";"Não";2;0;1;0;1;0;1;2;-15,86508571;-51,8802032;"SPRF-GO";"DEL04-GO";"UOP01-DEL04-GO"
254463;2019-12-07;"sábado";"14:15:00";"RS";290;153,9;"ARROIO DOS RATOS";"Defeito Mecânico no Veículo";"Incêndio";"Sem Vítimas";"Pleno dia";"Crescente";"Céu Claro";"Simples";"Aclive";"Sim";2;0;0;0;1;1;0;2;-30,105652;-51,73777;"SPRF-RS";"DEL02-RS";"UOP01-DEL02-RS"
254467;2019-12-07;"sábado";"15:10:00";"MG";381;671,2;"PERDOES";"Defeito Mecânico no Veículo";"Incêndio";"Sem Vítimas";"Pleno dia";"Decrescente";"Céu Claro";"Dupla";"Curva";"Não";2;0;0;0;1;1;0;2;-21,08945416;-45,06864195;"SPRF-MG";"DEL04-MG";"UOP02-DEL04-MG"
254472;2019-12-07;"sábado";"16:10:00";"ES";101;359,2;"ANCHIETA";"Falta de Atenção à Condução";"Colisão lateral";"Com Vítimas Feridas";"Pleno dia";"Decrescente";"Nublado";"Simples";"Curva";"Não";2;0;0;1;1;0;1;2;-20,69768274;-40,71161014;"SPRF-ES";"DEL03-ES";"UOP01-DEL03-ES"
254475;2019-11-14;"quinta-feira";"01:10:00";"RJ";116;168;"SAO JOAO DE MERITI";"Não guardar distância de segurança";"Colisão traseira";"Com Vítimas Feridas";"Plena Noite";"Crescente";"Ignorado";"Dupla";"Reta";"Sim";2;0;1;0;0;1;1;2;-22,819958;-43,3391125;"SPRF-RJ";"DEL01-RJ";"UOP02-DEL01-RJ"
254478;2019-12-07;"sábado";"16:00:00";"PR";277;590,1;"CASCAVEL";"Ingestão de Álcool";"Colisão transversal";"Sem Vítimas";"Pleno dia";"Crescente";"Céu Claro";"Simples";"Reta";"Não";3;0;0;0;2;1;0;3;-24,98120697;-53,45591501;"SPRF-PR";"DEL04-PR";"UOP01-DEL04-PR"
254485;2019-11-29;"sexta-feira";"21:30:00";"BA";101;817;"VEREDA";"Falta de Atenção à Condução";"Tombamento";"Sem Vítimas";"Plena Noite";"Crescente";"Céu Claro";"Simples";"Curva";"Não";1;0;0;0;1;0;0;1;-17,25428798;-39,63099022;"SPRF-BA";"DEL09-BA";"UOP01-DEL09-BA"
254492;2019-12-07;"sábado";"16:30:00";"PA";10;143;"PARAGOMINAS";"Defeito Mecânico no Veículo";"Saída de leito carroçável";"Com Vítimas Feridas";"Pleno dia";"Crescente";"Céu Claro";"Simples";"Aclive";"Não";2;0;1;0;0;1;1;2;-3,18729302;-47,4861131;"SPRF-PA";"DEL02-PA";"UOP01-DEL02-PA"
254500;2019-12-07;"sábado";"14:20:00";"RS";116;1,3;"VACARIA";"Velocidade Incompatível";"Colisão com objeto estático";"Com Vítimas Fatais";"Pleno dia";"Decrescente";"Céu Claro";"Simples";"Curva;Declive";"Não";11;1;6;0;2;2;6;4;-28,219034;-50,757893;"SPRF-RS";"DEL05-RS";"UOP03-DEL05-RS"
254501;2019-12-07;"sábado";"15:50:00";"MA";316;610;"TIMON";"Mal Súbito";"Colisão com objeto estático";"Com Vítimas Fatais";"Pleno dia";"Decrescente";"Céu Claro";"Simples";"Reta";"Não";1;1;0;0;0;0;0;1;-5,069847;-42,876633;"SPRF-MA";"DEL03-MA";"UOP02-DEL03-MA"
254504;2019-12-07;"sábado";"18:05:00";"RN";226;32;"MACAIBA";"Ingestão de Álcool";"Tombamento";"Com Vítimas Fatais";"Plena Noite";"Decrescente";"Céu Claro";"Simples";"Reta";"Não";3;1;0;1;0;1;1;3;-5,88749803;-35,48264699;"SPRF-RN";"DEL01-RN";"UOP02-DEL01-RN"
254509;2019-12-07;"sábado";"16:00:00";"SC";101;244;"PALHOCA";"Falta de Atenção do Pedestre";"Atropelamento de Pedestre";"Com Vítimas Feridas";"Pleno dia";"Decrescente";"Céu Claro";"Dupla";"Reta";"Não";2;0;0;1;1;0;1;2;-27,89294003;-48,64821868;"SPRF-SC";"DEL01-SC";"UOP02-DEL01-SC"
254510;2019-12-07;"sábado";"18:55:00";"SE";101;115;"ITAPORANGA DAJUDA";"Falta de Atenção à Condução";"Colisão lateral";"Com Vítimas Feridas";"Plena Noite";"Decrescente";"Céu Claro";"Múltipla";"Interseção de Vias";"Sim";2;0;0;1;0;1;1;2;-11,00451077;-37,30888444;"SPRF-SE";"DEL02-SE";"UOP01-DEL02-SE"
254519;2019-12-07;"sábado";"10:00:00";"RS";116;565;"PEDRO OSORIO";"Defeito na Via";"Danos eventuais";"Sem Vítimas";"Pleno dia";"Crescente";"Céu Claro";"Simples";"Reta";"Não";2;0;0;0;2;0;0;2;-31,93074395;-52,73663202;"SPRF-RS";"DEL07-RS";"UOP03-DEL07-RS"
254520;2019-12-07;"sábado";"19:30:00";"PE";101;72;"RECIFE";"Desobediência às normas de trânsito pelo condutor";"Colisão lateral";"Sem Vítimas";"Plena Noite";"Decrescente";"Céu Claro";"Simples";"Reta";"Sim";3;0;0;0;2;1;0;3;-8,08493106;-34,9450639;"SPRF-PE";"DEL01-PE";"UOP01-DEL01-PE"
254527;2019-12-07;"sábado";"20:00:00";"SP";116;228;"SAO PAULO";"Ultrapassagem Indevida";"Colisão lateral";"Com Vítimas Feridas";"Plena Noite";"Decrescente";"Nublado";"Múltipla";"Reta";"Sim";4;0;1;0;2;1;1;4;-23,50343484;-46,56638712;"SPRF-SP";"DEL01-SP";"UOP01-DEL01-SP"
254533;2019-12-07;"sábado";"20:15:00";"PE";232;154,3;"SAO CAITANO";"Desobediência às normas de trânsito pelo condutor";"Colisão frontal";"Com Vítimas Fatais";"Plena Noite";"Crescente";"Céu Claro";"Simples";"Reta";"Não";3;1;0;0;2;0;0;2;-8,32819273;-36,19911602;"SPRF-PE";"DEL02-PE";"UOP03-DEL02-PE"
254534;2019-12-07;"sábado";"18:40:00";"MG";50;45;"ARAGUARI";"Falta de Atenção à Condução";"Queda de ocupante de veículo";"Com Vítimas Feridas";"Amanhecer";"Crescente";"Chuva";"Dupla";"Reta";"Não";4;0;1;0;1;3;1;5;-18,71289097;-48,19662304;"SPRF-MG";"DEL15-MG";"UOP02-DEL15-MG"
254553;2019-12-07;"sábado";"16:10:00";"MT";364;440;"VARZEA GRANDE";"Falta de Atenção à Condução";"Tombamento";"Sem Vítimas";"Pleno dia";"Crescente";"Chuva";"Simples";"Curva";"Não";2;0;0;0;1;2;0;3;-15,60415211;-56,20375201;"SPRF-MT";"DEL01-MT";"DEL2/4-UOP02/MT"
254586;2019-12-08;"domingo";"01:00:00";"TO";153;360;"FORTALEZA DO TABOCAO";"Ingestão de Álcool";"Colisão lateral";"Com Vítimas Feridas";"Plena Noite";"Crescente";"Céu Claro";"Simples";"Reta";"Não";3;0;1;0;1;1;1;3;-9,06426723;-48,52025097;"SPRF-TO";"DEL02-TO";"UOP02-DEL02-TO"
254591;2019-12-08;"domingo";"01:20:00";"RS";290;70,9;"GRAVATAI";"Condutor Dormindo";"Saída de leito carroçável";"Com Vítimas Feridas";"Plena Noite";"Crescente";"Céu Claro";"Dupla";"Reta";"Sim";2;0;1;0;0;1;1;2;-29,948053;-50,956192;"SPRF-RS";"DEL03-RS";"UOP01-DEL03-RS"
254597;2019-12-07;"sábado";"23:30:00";"RN";304;118,4;"ITAJA";"Ingestão de Álcool";"Colisão frontal";"Com Vítimas Feridas";"Plena Noite";"Decrescente";"Céu Claro";"Simples";"Reta";"Não";4;0;3;0;1;0;3;2;-5,6259351;-36,87237305;"SPRF-RN";"DEL04-RN";"UOP01-DEL04-RN"
254603;2019-12-08;"domingo";"01:05:00";"PR";116;178;"QUITANDINHA";"Ingestão de Álcool";"Colisão lateral";"Sem Vítimas";"Plena Noite";"Crescente";"Céu Claro";"Simples";"Reta";"Não";2;0;0;0;2;0;0;2;-25,89793877;-49,55429609;"SPRF-PR";"DEL01-PR";"UOP03-DEL01-PR"
254627;2019-12-08;"domingo";"06:30:00";"SC";101;311,5;"LAGUNA";"Desobediência às normas de trânsito pelo condutor";"Colisão traseira";"Com Vítimas Feridas";"Amanhecer";"Crescente";"Céu Claro";"Dupla";"Reta";"Sim";3;0;1;0;2;0;1;2;-28,440937;-48,820064;"SPRF-SC";"DEL02-SC";"UOP01-DEL02-SC"
254629;2019-12-08;"domingo";"05:30:00";"PE";407;107,7;"PETROLINA";"Defeito Mecânico no Veículo";"Incêndio";"Sem Vítimas";"Amanhecer";"Crescente";"Céu Claro";"Simples";"Reta";"Não";1;0;0;0;1;0;0;1;-9,23653808;-40,61900614;"SPRF-PE";"DEL06-PE";"UOP02-DEL06-PE"
254631;2019-12-08;"domingo";"06:00:00";"PA";316;29,9;"SANTA IZABEL DO PARA";"Ingestão de Álcool";"Saída de leito carroçável";"Com Vítimas Feridas";"Amanhecer";"Crescente";"Ignorado";"Dupla";"Reta";"Não";3;0;1;0;1;2;1;4;-1,30631572;-48,2057333;"SPRF-PA";"DEL01-PA";"UOP01-DEL01-PA"
254638;2019-12-08;"domingo";"07:00:00";"MG";267;262,8;"AIURUOCA";"Velocidade Incompatível";"Tombamento";"Com Vítimas Feridas";"Amanhecer";"Decrescente";"Nublado";"Simples";"Declive;Curva";"Não";1;0;0;1;0;0;1;1;-21,93725204;-44,5709875;"SPRF-MG";"DEL05-MG";"UOP01-DEL17-MG"
254640;2019-12-08;"domingo";"08:10:00";"RJ";116;237;"PIRAI";"Ingestão de Álcool";"Colisão traseira";"Com Vítimas Fatais";"Pleno dia";"Decrescente";"Sol";"Dupla";"Reta";"Não";8;1;1;3;2;1;4;4;-22,6648253;-43,8735;"SPRF-RJ";"DEL07-RJ";"UOP01-DEL07-RJ"
254670;2019-12-08;"domingo";"10:15:00";"MG";381;335;"NOVA ERA";"Velocidade Incompatível";"Colisão com objeto estático";"Com Vítimas Feridas";"Pleno dia";"Crescente";"Chuva";"Simples";"Declive;Curva";"Não";3;0;0;1;1;1;1;3;-19,78213051;-43,04366112;"SPRF-MG";"DEL03-MG";"UOP01-DEL03-MG"
254675;2019-12-08;"domingo";"11:30:00";"AL";101;52;"FLEXEIRAS";"Velocidade Incompatível";"Tombamento";"Sem Vítimas";"Pleno dia";"Crescente";"Céu Claro";"Dupla";"Curva";"Não";2;0;0;0;1;1;0;2;-9,24928061;-35,75771436;"SPRF-AL";"DEL01-AL";"UOP02-DEL01-AL"
254678;2019-12-08;"domingo";"10:00:00";"GO";364;324;"PORTELANDIA";"Defeito Mecânico no Veículo";"Saída de leito carroçável";"Com Vítimas Feridas";"Pleno dia";"Decrescente";"Sol";"Simples";"Reta";"Não";3;0;2;0;0;2;2;3;-17,39908;-52,663017;"SPRF-GO";"DEL05-GO";"UOP01-DEL05-GO"
254680;2019-12-08;"domingo";"12:30:00";"MG";381;347;"BELA VISTA DE MINAS";"Velocidade Incompatível";"Colisão lateral";"Com Vítimas Feridas";"Pleno dia";"Crescente";"Chuva";"Simples";"Curva";"Não";5;0;3;0;1;1;3;3;-19,85407113;-43,13180602;"SPRF-MG";"DEL03-MG";"UOP01-DEL03-MG"
254686;2019-12-08;"domingo";"12:55:00";"MG";50;122,5;"UBERABA";"Defeito Mecânico no Veículo";"Colisão com objeto estático";"Sem Vítimas";"Pleno dia";"Crescente";"Céu Claro";"Dupla";"Reta";"Não";2;0;0;0;1;1;0;2;-19,32486914;-48,10279232;"SPRF-MG";"DEL13-MG";"UOP01-DEL13-MG"
254692;2019-12-08;"domingo";"12:30:00";"PE";101;60,3;"RECIFE";"Falta de Atenção à Condução";"Colisão traseira";"Sem Vítimas";"Pleno dia";"Decrescente";"Céu Claro";"Dupla";"Reta;Aclive";"Não";4;0;0;0;2;3;0;4;-7,98344307;-34,93176727;"SPRF-PE";"DEL01-PE";"UOP02-DEL01-PE"
254694;2019-12-08;"domingo";"13:15:00";"RJ";465;22;"RIO DE JANEIRO";"Não guardar distância de segurança";"Colisão traseira";"Sem Vítimas";"Pleno dia";"Decrescente";"Sol";"Dupla";"Reta";"Sim";5;0;0;0;4;2;0;5;-22,863579;-43,601479;"SPRF-RJ";"DEL01-RJ";"UOP03-DEL01-RJ"