"id";"data_inversa";"dia_semana";"horario";"uf";"br";"km";"municipio";"causa_acidente";"tipo_acidente";"classificacao_acidente";"fase_dia";"sentido_via";"condicao_metereologica";"tipo_pista";"tracado_via";"uso_solo";"pessoas";"mortos";"feridos_leves";"feridos_graves";"ilesos";"ignorados";"feridos";"veiculos";"latitude";"longitude";"regional";"delegacia";"uop"
254710;2019-12-08;"domingo";"14:50:00";"MG";251;352,2;"FRUTA DE LEITE";"Velocidade Incompatível";"Colisão traseira";"Com Vítimas Feridas";"Pleno dia";"Decrescente";"Céu Claro";"Simples";"Reta";"Não";3;0;1;0;1;1;1;3;-16,28139497;-42,54580197;"SPRF-MG";"DEL12-MG";"UOP01-DEL12-MG"
254716;2019-06-19;"quarta-feira";"16:30:00";"PI";316;16,4;"TERESINA";"Falta de Atenção à Condução";"Colisão lateral";"Sem Vítimas";"Pleno dia";"Crescente";"Céu Claro";"Simples";"Reta";"Não";3;0;0;0;2;1;0;3;-5,23293685;-42,74590684;"SPRF-PI";"DEL01-PI";"UOP02-DEL01-PI"
254723;2019-12-08;"domingo";"15:20:00";"PR";376;639;"TIJUCAS DO SUL";"Velocidade Incompatível";"Colisão traseira";"Com Vítimas Feridas";"Pleno dia";"Decrescente";"Sol";"Dupla";"Reta";"Não";4;0;2;0;1;1;2;3;-25,77360113;-49,12143434;"SPRF-PR";"DEL01-PR";"UOP04-DEL01-PR"
254728;2019-12-08;"domingo";"15:45:00";"MG";381;361;"JOAO MONLEVADE";"Desobediência às normas de trânsito pelo condutor";"Colisão transversal";"Com Vítimas Feridas";"Pleno dia";"Decrescente";"Nublado";"Simples";"Reta;Interseção de Vias";"Sim";3;0;0;1;2;0;1;3;-19,83906001;-43,18287849;"SPRF-MG";"DEL03-MG";"UOP01-DEL03-MG"
254739;2019-12-08;"domingo";"17:00:00";"MG";365;330,3;"SAO GONCALO DO ABAETE";"Pista Escorregadia";"Colisão frontal";"Com Vítimas Feridas";"Pleno dia";"Crescente";"Chuva";"Simples";"Reta";"Não";4;0;2;1;0;1;3;3;-18,29116158;-45,92991621;"SPRF-MG";"DEL10-MG";"UOP01-DEL10-MG"
254743;2019-12-08;"domingo";"17:20:00";"BA";324;617;"SALVADOR";"Desobediência às normas de trânsito pelo condutor";"Colisão lateral";"Com Vítimas Feridas";"Pleno dia";"Decrescente";"Céu Claro";"Múltipla";"Reta";"Sim";5;0;3;0;1;1;3;4;-12,8860325;-38,43806469;"SPRF-BA";"DEL01-BA";"UOP01-DEL01-BA"
254752;2019-12-08;"domingo";"09:30:00";"MT";364;346;"SANTO ANTONIO DO LEVERGER";"Defeito Mecânico no Veículo";"Incêndio";"Sem Vítimas";"Pleno dia";"Decrescente";"Céu Claro";"Dupla";"Curva";"Não";2;0;0;0;1;1;0;2;-15,7996367;-55,58299395;"SPRF-MT";"DEL02-MT";"UOP02-DEL01-MT"
254771;2019-12-08;"domingo";"16:10:00";"BA";101;507;"ITABUNA";"Velocidade Incompatível";"Saída de leito carroçável";"Com Vítimas Feridas";"Pleno dia";"Decrescente";"Nublado";"Simples";"Declive";"Sim";2;0;1;0;0;1;1;2;-14,96379924;-39,31343385;"SPRF-BA";"DEL05-BA";"UOP01-DEL05-BA"
254784;2019-12-08;"domingo";"19:40:00";"MG";262;523;"LUZ";"Falta de Atenção do Pedestre";"Atropelamento de Pedestre";"Com Vítimas Feridas";"Anoitecer";"Decrescente";"Céu Claro";"Simples";"Reta";"Sim";3;0;0;1;1;1;1;2;-19,78470144;-45,64801807;"SPRF-MG";"DEL08-MG";"UOP03-DEL08-MG"
254818;2019-12-08;"domingo";"20:30:00";"MS";262;728,5;"CORUMBA";"Ingestão de Álcool";"Colisão transversal";"Com Vítimas Feridas";"Plena Noite";"Crescente";"Nublado";"Simples";"Reta";"Não";3;0;3;0;0;0;3;2;-19,37540558;-57,53200182;"SPRF-MS";"DEL03-MS";"UOP03-DEL03-MS"
254822;2019-08-22;"quinta-feira";"22:25:00";"PR";376;499;"PONTA GROSSA";"Desobediência às normas de trânsito pelo condutor";"Colisão traseira";"Com Vítimas Feridas";"Plena Noite";"Crescente";"Céu Claro";"Dupla";"Reta";"Não";4;0;0;1;2;4;1;7;-25,19475149;-50,07738945;"SPRF-PR";"DEL03-PR";"UOP04-DEL03-PR"
254833;2019-12-08;"domingo";"18:15:00";"PR";163;181,7;"SANTA TEREZA DO OESTE";"Desobediência às normas de trânsito pelo pedestre";"Atropelamento de Pedestre";"Com Vítimas Fatais";"Pleno dia";"Crescente";"Garoa/Chuvisco";"Dupla";"Curva";"Não";3;1;0;0;1;2;0;4;-25,14274753;-53,59144363;"SPRF-PR";"DEL04-PR";"UOP05-DEL05-PR"
254834;2019-12-08;"domingo";"22:30:00";"ES";101;14;"PEDRO CANARIO";"Falta de Atenção à Condução";"Colisão frontal";"Com Vítimas Feridas";"Plena Noite";"Decrescente";"Céu Claro";"Simples";"Curva";"Não";3;0;0;1;1;1;1;3;-18,28229192;-39,95687688;"SPRF-ES";"DEL04-ES";"UOP02-DEL04-ES"
254843;2019-12-08;"domingo";"19:00:00";"MG";381;426;"CAETE";"Desobediência às normas de trânsito pelo condutor";"Colisão frontal";"Com Vítimas Feridas";"Plena Noite";"Decrescente";"Garoa/Chuvisco";"Simples";"Reta";"Não";3;0;1;1;0;1;2;3;-19,78356409;-43,66625547;"SPRF-MG";"DEL01-MG";"UOP01-DEL01-MG"
254850;2019-12-08;"domingo";"21:29:00";"MT";364;48;"ALTO GARCAS";"Falta de Atenção à Condução";"Colisão com objeto estático";"Sem Vítimas";"Plena Noite";"Decrescente";"Nublado";"Simples";"Reta";"Não";2;0;0;0;1;1;0;2;-17,01605792;-53,49297682;"SPRF-MT";"DEL02-MT";"UOP02-DEL02-MT"
254851;2019-12-08;"domingo";"20:45:00";"MT";174;276;"PONTES E LACERDA";"Defeito Mecânico no Veículo";"Tombamento";"Sem Vítimas";"Plena Noite";"Decrescente";"Céu Claro";"Simples";"Curva";"Sim";2;0;0;0;1;2;0;3;-15,31895514;-59,2364441;"SPRF-MT";"DEL04-MT";"UOP01-DEL04-MT"
254854;2019-12-08;"domingo";"22:00:00";"PI";343;609,5;"FLORIANO";"Restrição de Visibilidade";"Tombamento";"Com Vítimas Feridas";"Plena Noite";"Decrescente";"Céu Claro";"Simples";"Reta";"Não";3;0;1;0;0;2;1;3;-6,885904;-43,129436;"SPRF-PI";"DEL03-PI";"UOP01-DEL03-PI"
254861;2019-12-09;"segunda-feira";"01:55:00";"MG";381;558;"ITAGUARA";"Falta de Atenção à Condução";"Colisão traseira";"Com Vítimas Feridas";"Plena Noite";"Crescente";"Nublado";"Dupla";"Reta";"Não";4;0;2;0;1;3;2;5;-20,37563821;-44,47422681;"SPRF-MG";"DEL04-MG";"UOP03-DEL04-MG"
254862;2019-12-09;"segunda-feira";"02:30:00";"BA";242;887;"LUIS EDUARDO MAGALHAES";"Desobediência às normas de trânsito pelo condutor";"Colisão frontal";"Com Vítimas Feridas";"Plena Noite";"Decrescente";"Céu Claro";"Dupla";"Reta";"Não";3;0;2;0;1;0;2;2;-12,09466;-45,820543;"SPRF-BA";"DEL10-BA";"UOP01-DEL10-BA"
254863;2019-12-09;"segunda-feira";"00:10:00";"PE";116;76,9;"CABROBO";"Ingestão de Álcool";"Colisão traseira";"Sem Vítimas";"Plena Noite";"Crescente";"Céu Claro";"Simples";"Reta";"Não";2;0;0;0;1;1;0;2;-8,49113;-39,20697;"SPRF-PE";"DEL05-PE";"UOP03-DEL05-PE"
254865;2019-12-08;"domingo";"19:00:00";"MG";116;189;"CARAI";"Desobediência às normas de trânsito pelo condutor";"Colisão frontal";"Com Vítimas Fatais";"Plena Noite";"Decrescente";"Garoa/Chuvisco";"Simples";"Curva;Aclive";"Não";2;1;0;0;1;0;0;2;-17,15597219;-41,49996017;"SPRF-MG";"DEL11-MG";"UOP01-DEL11-MG"
254871;2019-12-09;"segunda-feira";"05:00:00";"MG";251;451;"GRAO MOGOL";"Velocidade Incompatível";"Tombamento";"Com Vítimas Fatais";"Amanhecer";"Decrescente";"Céu Claro";"Simples";"Curva";"Não";2;1;0;0;0;1;0;2;-16,41900232;-43,30798792;"SPRF-MG";"DEL12-MG";"UOP01-DEL12-MG"
254876;2019-12-08;"domingo";"19:00:00";"MG";365;737,2;"CANAPOLIS";"Falta de Atenção à Condução";"Colisão lateral";"Com Vítimas Feridas";"Plena Noite";"Decrescente";"Céu Claro";"Simples";"Aclive";"Não";3;0;1;0;2;0;1;3;-18,90839013;-49,34501698;"SPRF-MG";"DEL15-MG";"UOP03-DEL15-MG"
254880;2019-12-09;"segunda-feira";"06:55:00";"PR";376;199;"MARIALVA";"Velocidade Incompatível";"Colisão frontal";"Com Vítimas Feridas";"Pleno dia";"Crescente";"Chuva";"Dupla";"Reta";"Não";4;0;2;0;2;0;2;3;-23,50719669;-51,73201193;"SPRF-PR";"DEL07-PR";"UOP01-DEL09-PR"
254881;2019-12-09;"segunda-feira";"06:55:00";"PE";232;12,1;"JABOATAO DOS GUARARAPES";"Não guardar distância de segurança";"Colisão lateral";"Sem Vítimas";"Pleno dia";"Decrescente";"Céu Claro";"Dupla";"Reta";"Não";5;0;0;0;4;1;0;3;-8,08577691;-35,00345603;"SPRF-PE";"DEL01-PE";"UOP01-DEL01-PE"
254893;2019-12-09;"segunda-feira";"07:15:00";"SC";101;13,5;"GARUVA";"Desobediência às normas de trânsito pelo condutor";"Colisão traseira";"Com Vítimas Feridas";"Pleno dia";"Decrescente";"Garoa/Chuvisco";"Dupla";"Reta";"Não";3;0;0;1;1;1;1;3;-26,08986803;-48,86345096;"SPRF-SC";"DEL03-SC";"UOP01-DEL03-SC"
254899;2019-12-09;"segunda-feira";"07:45:00";"RS";116;653,5;"JAGUARAO";"Falta de Atenção à Condução";"Colisão transversal";"Com Vítimas Feridas";"Pleno dia";"Crescente";"Céu Claro";"Simples";"Declive";"Sim";4;0;1;0;3;0;1;2;-32,54174763;-53,36736825;"SPRF-RS";"DEL07-RS";"UOP03-DEL07-RS"
254903;2019-12-09;"segunda-feira";"08:00:00";"CE";222;144,8;"IRAUCUBA";"Pista Escorregadia";"Capotamento";"Sem Vítimas";"Pleno dia";"Crescente";"Chuva";"Simples";"Reta";"Não";1;0;0;0;1;0;0;1;-3,7603063;-39,73895318;"SPRF-CE";"DEL04-CE";"UOP03-DEL04-CE"
254904;2019-12-09;"segunda-feira";"07:50:00";"TO";153;668,1;"GURUPI";"Não guardar distância de segurança";"Colisão traseira";"Com Vítimas Feridas";"Pleno dia";"Decrescente";"Céu Claro";"Simples";"Reta";"Não";3;0;1;0;1;1;1;3;-11,69207791;-49,07070942;"SPRF-TO";"DEL02-TO";"UOP02-DEL01-TO"
254918;2019-12-09;"segunda-feira";"08:00:00";"MT";364;199,2;"RONDONOPOLIS";"Falta de Atenção à Condução";"Danos eventuais";"Com Vítimas Feridas";"Pleno dia";"Decrescente";"Nublado";"Simples";"Reta";"Sim";3;0;1;0;1;1;1;3;-16,5011709;-54,63072394;"SPRF-MT";"DEL02-MT";"UOP01-DEL02-MT"
254919;2019-12-09;"segunda-feira";"09:15:00";"MG";153;64;"MONTE ALEGRE DE MINAS";"Falta de Atenção à Condução";"Saída de leito carroçável";"Com Vítimas Feridas";"Pleno dia";"Decrescente";"Nublado";"Simples";"Reta";"Não";2;0;1;0;0;1;1;2;-18,92679699;-49,03242496;"SPRF-MG";"DEL15-MG";"UOP03-DEL15-MG"
254922;2019-12-09;"segunda-feira";"06:20:00";"RS";101;18,7;"TRES CACHOEIRAS";"Carga excessiva e/ou mal acondicionada";"Derramamento de carga";"Sem Vítimas";"Amanhecer";"Crescente";"Céu Claro";"Dupla";"Reta";"Sim";2;0;0;0;1;1;0;2;-29,42186404;-49,868352;"SPRF-RS";"DEL03-RS";"UOP02-DEL03-RS"
254925;2019-12-09;"segunda-feira";"09:30:00";"CE";116;513,6;"BREJO SANTO";"Ultrapassagem Indevida";"Colisão com objeto estático";"Sem Vítimas";"Pleno dia";"Decrescente";"Céu Claro";"Simples";"Reta";"Não";2;0;0;0;1;1;0;2;-7,58092628;-39,02224534;"SPRF-CE";"DEL05-CE";"UOP03-DEL05-CE"
254932;2019-12-08;"domingo";"14:00:00";"MS";163;612;"SAO GABRIEL DO OESTE";"Falta de Atenção à Condução";"Colisão com objeto estático";"Sem Vítimas";"Pleno dia";"Decrescente";"Céu Claro";"Simples";"Interseção de Vias";"Não";1;0;0;0;1;0;0;1;-19,41673523;-54,55467224;"SPRF-MS";"DEL06-MS";"UOP02-DEL06-MS"
254943;2019-12-09;"segunda-feira";"12:20:00";"MG";381;484;"BETIM";"Não guardar distância de segurança";"Colisão traseira";"Com Vítimas Feridas";"Pleno dia";"Crescente";"Nublado";"Dupla";"Declive";"Sim";6;0;1;0;4;1;1;6;-19,95943292;-44,08834934;"SPRF-MG";"DEL01-MG";"UOP03-DEL01-MG"
254946;2019-12-09;"segunda-feira";"12:20:00";"MG";40;730,1;"OLIVEIRA FORTES";"Defeito Mecânico no Veículo";"Colisão com objeto estático";"Sem Vítimas";"Pleno dia";"Crescente";"Garoa/Chuvisco";"Dupla";"Reta;Aclive";"Não";2;0;0;0;1;1;0;2;-21,35531768;-43,58093977;"SPRF-MG";"DEL05-MG";"UOP01-DEL05-MG"
254947;2019-12-09;"segunda-feira";"12:00:00";"RS";101;52,5;"TERRA DE AREIA";"Condutor Dormindo";"Saída de leito carroçável";"Com Vítimas Feridas";"Pleno dia";"Decrescente";"Céu Claro";"Dupla";"Viaduto";"Não";2;0;1;0;1;0;1;1;-29,626366;-50,0997;"SPRF-RS";"DEL03-RS";"UOP02-DEL03-RS"
254952;2019-12-09;"segunda-feira";"11:30:00";"SP";381;5,5;"VARGEM";"Não guardar distância de segurança";"Colisão traseira";"Com Vítimas Feridas";"Pleno dia";"Decrescente";"Céu Claro";"Múltipla";"Curva";"Sim";5;0;2;1;2;0;3;2;-22,89357299;-46,41495919;"SPRF-SP";"DEL03-SP";"UOP02-DEL03-SP"
254953;2019-12-09;"segunda-feira";"11:30:00";"PE";101;160,1;"GAMELEIRA";"Condutor Dormindo";"Colisão traseira";"Com Vítimas Feridas";"Pleno dia";"Crescente";"Céu Claro";"Dupla";"Curva";"Não";3;0;1;0;2;0;1;2;-8,55517569;-35,42181194;"SPRF-PE";"DEL01-PE";"UOP03-DEL01-PE"
254955;2019-12-09;"segunda-feira";"13:20:00";"GO";40;12,5;"LUZIANIA";"Falta de Atenção à Condução";"Colisão traseira";"Com Vítimas Feridas";"Pleno dia";"Crescente";"Céu Claro";"Dupla";"Reta";"Sim";2;0;1;0;1;0;1;2;-16,145123;-47,945382;"SPRF-DF";"DEL01-DF";"UOP01-DEL01-DF"
254960;2019-12-09;"segunda-feira";"13:30:00";"MG";40;622,6;"CONSELHEIRO LAFAIETE";"Pista Escorregadia";"Colisão lateral";"Com Vítimas Feridas";"Pleno dia";"Decrescente";"Chuva";"Simples";"Curva";"Não";4;0;1;1;1;1;2;3;-20,593914;-43,80411985;"SPRF-MG";"DEL05-MG";"UOP02-DEL05-MG"
254963;2019-12-09;"segunda-feira";"11:25:00";"MT";364;269;"JACIARA";"Falta de Atenção à Condução";"Colisão lateral";"Com Vítimas Feridas";"Pleno dia";"Crescente";"Céu Claro";"Simples";"Reta";"Sim";4;0;0;1;2;1;1;4;-15,974228;-54,938;"SPRF-MT";"DEL02-MT";"UOP02-DEL05-MT"
254969;2019-12-09;"segunda-feira";"15:05:00";"RS";116;244;"SAO LEOPOLDO";"Falta de Atenção à Condução";"Colisão traseira";"Com Vítimas Fatais";"Pleno dia";"Crescente";"Sol";"Dupla";"Reta";"Sim";6;1;3;0;2;0;3;3;-29,74088003;-51,15039566;"SPRF-RS";"DEL01-RS";"UOP02-DEL01-RS"
254971;2019-12-09;"segunda-feira";"12:00:00";"SP";116;499;"CAJATI";"Falta de Atenção à Condução";"Saída de leito carroçável";"Sem Vítimas";"Pleno dia";"Crescente";"Garoa/Chuvisco";"Simples";"Curva;Aclive";"Não";2;0;0;0;1;2;0;3;-24,78228753;-48,17695233;"SPRF-SP";"DEL05-SP";"UAP01-DEL05-SP"
254974;2019-12-09;"segunda-feira";"15:45:00";"MG";153;167,7;"COMENDADOR GOMES";"Não guardar distância de segurança";"Colisão frontal";"Com Vítimas Feridas";"Pleno dia";"Crescente";"Nublado";"Simples";"Reta";"Não";4;0;1;1;1;2;2;4;-19,68894;-48,98484;"SPRF-MG";"DEL13-MG";"UOP02-DEL13-MG"
254975;2019-12-03;"terça-feira";"23:25:00";"MS";262;1,8;"TRES LAGOAS";"Não guardar distância de segurança";"Colisão traseira";"Com Vítimas Feridas";"Plena Noite";"Crescente";"Nublado";"Simples";"Reta";"Não";3;0;1;0;1;1;1;3;-20,789;-51,6388;"SPRF-MS";"DEL07-MS";"UOP01-DEL07-MS"
254980;2019-12-09;"segunda-feira";"15:20:00";"RJ";40;117;"DUQUE DE CAXIAS";"Falta de Atenção à Condução";"Colisão traseira";"Com Vítimas Feridas";"Pleno dia";"Crescente";"Céu Claro";"Múltipla";"Reta";"Sim";3;0;0;1;2;0;1;3;-22,745676;-43,2881;"SPRF-RJ";"DEL01-RJ";"UOP01-DEL01-RJ"
254992;2019-12-09;"segunda-feira";"14:25:00";"RJ";493;101;"SEROPEDICA";"Defeito Mecânico no Veículo";"Saída de leito carroçável";"Com Vítimas Feridas";"Pleno dia";"Crescente";"Céu Claro";"Dupla";"Reta";"Não";1;0;1;0;0;0;1;1;-22,80348137;-43,79220128;"SPRF-RJ";"DEL03-RJ";"UOP01-DEL03-RJ"
254997;2019-12-09;"segunda-feira";"17:25:00";"BA";110;127,1;"ANTAS";"Desobediência às normas de trânsito pelo condutor";"Colisão frontal";"Com Vítimas Fatais";"Pleno dia";"Crescente";"Céu Claro";"Simples";"Reta";"Não";2;1;0;0;1;0;0;2;-10,51569199;-38,37780589;"SPRF-BA";"DEL07-BA";"UOP02-DEL07-BA"
254998;2019-12-09;"segunda-feira";"17:55:00";"RS";471;171,9;"RIO PARDO";"Carga excessiva e/ou mal acondicionada";"Derramamento de carga";"Com Vítimas Feridas";"Pleno dia";"Crescente";"Sol";"Simples";"Ponte";"Sim";4;0;2;0;1;1;2;3;-29,96475028;-52,37045288;"SPRF-RS";"DEL02-RS";"UOP02-DEL02-RS"
255001;2019-12-09;"segunda-feira";"08:20:00";"MT";70;254;"PRIMAVERA DO LESTE";"Falta de Atenção à Condução";"Colisão lateral";"Com Vítimas Feridas";"Pleno dia";"Decrescente";"Chuva";"Simples";"Reta";"Não";5;0;1;0;1;3;1;4;-15,62398605;-54,13197501;"SPRF-MT";"DEL05-MT";"UOP01-DEL05-MT"
255011;2019-12-09;"segunda-feira";"18:00:00";"MG";40;531,2;"BELO HORIZONTE";"Desobediência às normas de trânsito pelo condutor";"Tombamento";"Com Vítimas Feridas";"Anoitecer";"Crescente";"Céu Claro";"Dupla";"Reta";"Sim";5;0;1;0;0;4;1;3;-19,91962483;-44,02522683;"SPRF-MG";"DEL01-MG";"UOP02-DEL01-MG"
255013;2019-12-09;"segunda-feira";"17:20:00";"SC";282;602,1;"MARAVILHA";"Falta de Atenção à Condução";"Colisão transversal";"Com Vítimas Feridas";"Pleno dia";"Crescente";"Céu Claro";"Simples";"Reta;Interseção de Vias";"Não";4;0;1;0;3;0;1;2;-26,806049;-53,178757;"SPRF-SC";"DEL07-SC";"UOP02-DEL07-SC"
255019;2019-12-09;"segunda-feira";"19:45:00";"SE";235;108,4;"CARIRA";"Desobediência às normas de trânsito pelo condutor";"Colisão frontal";"Com Vítimas Feridas";"Plena Noite";"Crescente";"Céu Claro";"Simples";"Reta;Aclive";"Sim";2;0;0;1;1;0;1;2;-10,354251;-37,703625;"SPRF-SE";"DEL01-SE";"UOP02-DEL01-SE"
255020;2019-12-09;"segunda-feira";"16:00:00";"MG";381;203,1;"PERIQUITO";"Defeito Mecânico no Veículo";"Colisão com objeto em movimento";"Com Vítimas Fatais";"Pleno dia";"Decrescente";"Nublado";"Simples";"Reta";"Não";2;1;0;0;1;0;0;2;-19,19209037;-42,27541577;"SPRF-MG";"DEL06-MG";"UOP01-DEL06-MG"
255021;2019-12-09;"segunda-feira";"18:00:00";"MS";359;128,1;"ALCINOPOLIS";"Velocidade Incompatível";"Colisão frontal";"Com Vítimas Feridas";"Plena Noite";"Decrescente";"Chuva";"Simples";"Curva;Declive";"Não";3;0;0;2;1;0;2;2;-18,274032;-53,899009;"SPRF-MS";"DEL06-MS";"UOP01-DEL06-MS"
255024;2019-12-09;"segunda-feira";"15:30:00";"MG";381;571,1;"ITAGUARA";"Falta de Atenção à Condução";"Tombamento";"Sem Vítimas";"Pleno dia";"Decrescente";"Céu Claro";"Dupla";"Reta";"Não";1;0;0;0;1;0;0;1;-20,44411687;-44,56483443;"SPRF-MG";"DEL04-MG";"UOP03-DEL04-MG"
255029;2019-12-09;"segunda-feira";"18:55:00";"CE";20;397,2;"CAUCAIA";"Falta de Atenção à Condução";"Colisão transversal";"Com Vítimas Feridas";"Plena Noite";"Crescente";"Céu Claro";"Simples";"Interseção de Vias";"Não";2;0;0;1;0;1;1;2;-3,81514626;-38,73711679;"SPRF-CE";"DEL01-CE";"UOP01-DEL01-CE"
255034;2019-12-09;"segunda-feira";"21:50:00";"SP";116;310,5;"SAO LOURENCO DA SERRA";"Falta de Atenção à Condução";"Tombamento";"Sem Vítimas";"Plena Noite";"Decrescente";"Chuva";"Dupla";"Reta";"Não";2;0;0;0;0;2;0;2;-23,8717102;-46,96137189;"SPRF-SP";"DEL04-SP";"UOP01-DEL04-SP"
255035;2019-12-09;"segunda-feira";"17:30:00";"TO";242;444,9;"FORMOSO DO ARAGUAIA";"Objeto estático sobre o leito carroçável";"Saída de leito carroçável";"Com Vítimas Feridas";"Pleno dia";"Crescente";"Céu Claro";"Simples";"Reta";"Não";2;0;1;0;1;0;1;2;-11,819078;-49,447648;"SPRF-TO";"DEL02-TO";"UOP02-DEL01-TO"
255039;2019-12-09;"segunda-feira";"17:40:00";"PE";232;35,9;"MORENO";"Mal Súbito";"Saída de leito carroçável";"Com Vítimas Feridas";"Plena Noite";"Decrescente";"Céu Claro";"Simples";"Reta";"Não";1;0;0;1;0;0;1;1;-8,10907341;-35,19256991;"SPRF-PE";"DEL01-PE";"UOP02-DEL02PE"
255040;2019-12-09;"segunda-feira";"21:40:00";"BA";116;494;"RAFAEL JAMBEIRO";"Falta de Atenção à Condução";"Colisão traseira";"Com Vítimas Feridas";"Plena Noite";"Decrescente";"Céu Claro";"Simples";"Reta";"Sim";4;0;1;0;2;3;1;5;-12,5812222;-39,51718633;"SPRF-BA";"DEL02-BA";"UOP01-DEL02-BA"
255041;2019-12-09;"segunda-feira";"21:45:00";"MT";163;75,6;"RONDONOPOLIS";"Falta de Atenção do Pedestre";"Atropelamento de Pedestre";"Com Vítimas Feridas";"Plena Noite";"Decrescente";"Chuva";"Dupla";"Reta";"Não";2;0;0;1;1;0;1;2;-16,85967203;-54,70761492;"SPRF-MT";"DEL02-MT";"DEL2/2-UOP02/MT"
255045;2019-12-09;"segunda-feira";"20:20:00";"MS";267;101,6;"NOVA ANDRADINA";"Deficiência ou não Acionamento do Sistema de Iluminação/Sinalização do Veículo";"Colisão com objeto estático";"Com Vítimas Fatais";"Plena Noite";"Crescente";"Nublado";"Dupla";"Aclive";"Não";2;1;0;0;1;0;0;2;-21,84322513;-53,05574104;"SPRF-MS";"DEL02-MS";"UOP03-DEL02-MS"
255051;2019-12-09;"segunda-feira";"23:30:00";"MG";381;431;"SABARA";"Sinalização da via insuficiente ou inadequada";"Colisão transversal";"Com Vítimas Feridas";"Plena Noite";"Crescente";"Chuva";"Dupla";"Reta";"Não";3;0;1;1;1;0;2;2;-19,78831547;-43,73175712;"SPRF-MG";"DEL01-MG";"UOP01-DEL01-MG"
255059;2019-12-09;"segunda-feira";"23:00:00";"MG";381;154,4;"GOVERNADOR VALADARES";"Não guardar distância de segurança";"Colisão traseira";"Com Vítimas Feridas";"Plena Noite";"Decrescente";"Nublado";"Simples";"Reta";"Não";3;0;1;0;1;1;1;3;-18,88666107;-42,00230199;"SPRF-MG";"DEL06-MG";"UOP01-DEL06-MG"
255060;2019-12-10;"terça-feira";"00:50:00";"ES";262;194,1;"IUNA";"Velocidade Incompatível";"Tombamento";"Sem Vítimas";"Pleno dia";"Crescente";"Nublado";"Simples";"Curva";"Não";1;0;0;0;1;0;0;1;-20,28314582;-41,76287949;"SPRF-ES";"DEL01-ES";"UOP02-DEL01-ES"
255063;2019-12-10;"terça-feira";"01:30:00";"SP";381;86;"SAO PAULO";"Velocidade Incompatível";"Tombamento";"Sem Vítimas";"Plena Noite";"Crescente";"Nublado";"Dupla";"Curva";"Não";2;0;0;0;1;1;0;2;-23,45930499;-46,57161179;"SPRF-SP";"DEL03-SP";"UOP01-DEL03-SP"
255068;2019-12-10;"terça-feira";"04:55:00";"SC";282;1,4;"FLORIANOPOLIS";"Desobediência às normas de trânsito pelo pedestre";"Atropelamento de Pedestre";"Com Vítimas Feridas";"Amanhecer";"Decrescente";"Céu Claro";"Múltipla";"Reta";"Sim";2;0;0;1;1;0;1;2;-27,60358868;-48,58215451;"SPRF-SC";"DEL01-SC";"UOP01-DEL01-SC"
255070;2019-12-10;"terça-feira";"05:05:00";"MG";116;354,5;"JAMPRUCA";"Ultrapassagem Indevida";"Colisão frontal";"Com Vítimas Fatais";"Amanhecer";"Crescente";"Céu Claro";"Simples";"Declive";"Não";4;2;0;1;0;1;1;3;-18,41744173;-41,82565537;"SPRF-MG";"DEL11-MG";"UOP01-DEL11-MG"
255073;2019-12-10;"terça-feira";"06:30:00";"BA";324;595;"CANDEIAS";"Falta de Atenção à Condução";"Colisão traseira";"Com Vítimas Feridas";"Pleno dia";"Crescente";"Céu Claro";"Dupla";"Reta";"Não";2;0;1;0;1;0;1;2;-12,71235341;-38,45524557;"SPRF-BA";"DEL01-BA";"UOP01-DEL01-BA"
255074;2019-11-02;"sábado";"19:30:00";"GO";452;144,1;"BOM JESUS DE GOIAS";"Velocidade Incompatível";"Tombamento";"Com Vítimas Fatais";"Plena Noite";"Crescente";"Céu Claro";"Simples";"Reta";"Não";3;1;0;1;0;2;1;3;-18,27653087;-49,63146794;"SPRF-GO";"DEL03-GO";"UOP02-DEL03-GO"
255079;2019-12-10;"terça-feira";"04:00:00";"MG";153;114;"PRATA";"Falta de Atenção à Condução";"Saída de leito carroçável";"Com Vítimas Feridas";"Amanhecer";"Crescente";"Chuva";"Simples";"Curva";"Não";2;0;0;1;0;2;1;3;-19,34920801;-48,89751704;"SPRF-MG";"DEL15-MG";"UOP03-DEL15-MG"
255080;2019-12-10;"terça-feira";"06:20:00";"PI";316;10;"TERESINA";"Falta de Atenção à Condução";"Colisão transversal";"Com Vítimas Feridas";"Pleno dia";"Decrescente";"Céu Claro";"Simples";"Reta";"Sim";3;0;0;1;1;1;1;3;-5,18280197;-42,76350291;"SPRF-PI";"DEL01-PI";"UOP02-DEL01-PI"
255082;2019-12-10;"terça-feira";"07:15:00";"PR";376;647,1;"TIJUCAS DO SUL";"Falta de Atenção à Condução";"Colisão traseira";"Com Vítimas Feridas";"Pleno dia";"Decrescente";"Nublado";"Múltipla";"Reta";"Não";21;0;1;1;17;2;2;4;-25,83292397;-49,11120797;"SPRF-PR";"DEL01-PR";"UOP04-DEL01-PR"
255089;2019-12-09;"segunda-feira";"20:30:00";"BA";407;22;"JUAZEIRO";"Ingestão de Álcool";"Colisão traseira";"Com Vítimas Fatais";"Plena Noite";"Decrescente";"Nublado";"Simples";"Reta";"Sim";2;1;0;0;0;1;0;2;-9,5844816836;-40,4250435904;"SPRF-BA";"DEL04-BA";"UOP01-DEL04-BA"