"id";"data_inversa";"dia_semana";"horario";"uf";"br";"km";"municipio";"causa_acidente";"tipo_acidente";"classificacao_acidente";"fase_dia";"sentido_via";"condicao_metereologica";"tipo_pista";"tracado_via";"uso_solo";"pessoas";"mortos";"feridos_leves";"feridos_graves";"ilesos";"ignorados";"feridos";"veiculos";"latitude";"longitude";"regional";"delegacia";"uop"
255092;2019-11-21;"quinta-feira";"06:30:00";"SC";101;119;"ITAJAI";"Falta de Atenção à Condução";"Colisão traseira";"Sem Vítimas";"Pleno dia";"Crescente";"Garoa/Chuvisco";"Dupla";"Reta";"Não";3;0;0;0;2;1;0;3;-26,9043179;-48,71555481;"SPRF-SC";"DEL04-SC";"UOP04-DEL04-SC"
255105;2019-12-10;"terça-feira";"08:30:00";"ES";262;119,1;"CONCEICAO DO CASTELO";"Defeito Mecânico no Veículo";"Colisão frontal";"Com Vítimas Fatais";"Pleno dia";"Crescente";"Nublado";"Simples";"Curva";"Não";5;1;2;1;0;3;3;6;-20,30782485;-41,23182431;"SPRF-ES";"DEL01-ES";"UOP02-DEL01-ES"
255106;2019-12-09;"segunda-feira";"11:00:00";"MA";226;346;"JENIPAPO DOS VIEIRAS";"Desobediência às normas de trânsito pelo condutor";"Colisão frontal";"Com Vítimas Fatais";"Pleno dia";"Decrescente";"Céu Claro";"Simples";"Declive";"Não";4;1;0;0;0;3;0;4;-5,521352;-45,579894;"SPRF-MA";"DEL04-MA";"UOP02-DEL04-MA"
255109;2019-12-10;"terça-feira";"08:40:00";"PI";343;345,5;"TERESINA";"Falta de Atenção à Condução";"Colisão traseira";"Com Vítimas Fatais";"Pleno dia";"Decrescente";"Céu Claro";"Dupla";"Interseção de Vias";"Sim";3;1;0;1;1;0;1;2;-5,10599061;-42,76737213;"SPRF-PI";"DEL01-PI";"UOP01-DEL01-PI"
255110;2019-12-10;"terça-feira";"07:30:00";"RS";293;37;"CAPAO DO LEAO";"Falta de Atenção à Condução";"Saída de leito carroçável";"Com Vítimas Feridas";"Pleno dia";"Crescente";"Céu Claro";"Simples";"Reta";"Não";2;0;1;0;0;2;1;3;-31,73924805;-52,693653;"SPRF-RS";"DEL07-RS";"UOP01-DEL07-RS"
255111;2019-12-10;"terça-feira";"09:20:00";"SP";381;52;"ATIBAIA";"Falta de Atenção do Pedestre";"Atropelamento de Pedestre";"Com Vítimas Feridas";"Pleno dia";"Decrescente";"Garoa/Chuvisco";"Dupla";"Reta";"Sim";2;0;1;0;0;1;1;2;-23,2300622;-46,59963076;"SPRF-SP";"DEL03-SP";"UOP01-DEL03-SP"
255112;2019-12-09;"segunda-feira";"18:00:00";"BA";101;497;"ITABUNA";"Condutor Dormindo";"Colisão lateral";"Sem Vítimas";"Anoitecer";"Crescente";"Céu Claro";"Simples";"Reta";"Não";2;0;0;0;2;0;0;2;-14,7479269;-39,32113763;"SPRF-BA";"DEL05-BA";"UOP01-DEL05-BA"
255116;2019-12-10;"terça-feira";"09:40:00";"RS";290;101;"PORTO ALEGRE";"Falta de Atenção à Condução";"Colisão traseira";"Sem Vítimas";"Pleno dia";"Crescente";"Céu Claro";"Dupla";"Reta";"Não";2;0;0;0;2;0;0;2;-29,985779;-51,246201;"SPRF-RS";"DEL01-RS";"UOP01-DEL01-RS"
255119;2019-09-14;"sábado";"13:10:00";"SE";235;35,2;"AREIA BRANCA";"Condutor Dormindo";"Colisão frontal";"Com Vítimas Feridas";"Pleno dia";"Crescente";"Céu Claro";"Simples";"Reta";"Sim";4;0;2;1;1;0;3;3;-10,763301;-37,320831;"SPRF-SE";"DEL01-SE";"UOP02-DEL01-SE"
255120;2019-12-10;"terça-feira";"09:30:00";"PA";163;990;"SANTAREM";"Falta de Atenção à Condução";"Tombamento";"Com Vítimas Fatais";"Pleno dia";"Crescente";"Nublado";"Simples";"Reta";"Não";3;1;0;0;1;1;0;3;-2,55082926;-54,72263728;"SPRF-PA";"DEL05-PA";"UOP01-DEL05-PA"
255121;2019-12-10;"terça-feira";"09:30:00";"RJ";116;220,3;"PIRAI";"Velocidade Incompatível";"Tombamento";"Sem Vítimas";"Pleno dia";"Crescente";"Nublado";"Dupla";"Curva";"Não";1;0;0;0;1;0;0;1;-22,69305776;-43,77362606;"SPRF-RJ";"DEL07-RJ";"UOP01-DEL07-RJ"
255123;2019-12-10;"terça-feira";"09:53:00";"PR";116;94;"SAO JOSE DOS PINHAIS";"Falta de Atenção à Condução";"Engavetamento";"Com Vítimas Fatais";"Pleno dia";"Crescente";"Céu Claro";"Dupla";"Reta";"Não";9;4;0;2;2;3;2;8;-25,48954287;-49,11201617;"SPRF-PR";"DEL01-PR";"UOP01-DEL01-PR"
255124;2019-12-10;"terça-feira";"09:45:00";"ES";101;270,4;"SERRA";"Falta de Atenção à Condução";"Colisão frontal";"Com Vítimas Feridas";"Pleno dia";"Decrescente";"Sol";"Dupla";"Reta";"Não";4;0;1;0;2;1;1;4;-20,22662056;-40,27075088;"SPRF-ES";"DEL02-ES";"UOP01-DEL02-ES"
255125;2019-12-10;"terça-feira";"09:18:00";"MG";40;509;"RIBEIRAO DAS NEVES";"Falta de Atenção à Condução";"Colisão traseira";"Com Vítimas Feridas";"Pleno dia";"Crescente";"Chuva";"Dupla";"Retorno Regulamentado";"Sim";2;0;1;0;1;0;1;2;-19,76728744;-44,12855905;"SPRF-MG";"DEL01-MG";"UOP02-DEL01-MG"
255128;2019-12-10;"terça-feira";"10:00:00";"BA";101;248;"CONCEICAO DO ALMEIDA";"Avarias e/ou desgaste excessivo no pneu";"Colisão frontal";"Com Vítimas Feridas";"Pleno dia";"Crescente";"Céu Claro";"Simples";"Reta";"Não";4;0;2;0;2;0;2;2;-12,984957;-39,291156;"SPRF-BA";"DEL01-BA";"UOP02-DEL01-BA"
255130;2019-12-10;"terça-feira";"11:00:00";"MG";381;438,6;"SABARA";"Não guardar distância de segurança";"Colisão frontal";"Com Vítimas Feridas";"Pleno dia";"Decrescente";"Chuva";"Simples";"Curva";"Não";3;0;1;1;1;0;2;3;-19,81604176;-43,80389901;"SPRF-MG";"DEL01-MG";"UOP01-DEL01-MG"
255137;2019-12-10;"terça-feira";"11:20:00";"RS";386;433;"NOVA SANTA RITA";"Defeito Mecânico no Veículo";"Colisão lateral";"Com Vítimas Feridas";"Pleno dia";"Crescente";"Céu Claro";"Dupla";"Aclive";"Não";4;0;2;0;1;1;2;2;-29,839973;-51,294933;"SPRF-RS";"DEL04-RS";"UOP02-DEL04-RS"
255138;2019-12-10;"terça-feira";"11:30:00";"PR";277;488;"NOVA LARANJEIRAS";"Falta de Atenção à Condução";"Colisão lateral";"Com Vítimas Feridas";"Pleno dia";"Crescente";"Chuva";"Simples";"Túnel";"Não";2;0;1;0;1;0;1;2;-25,24942715;-52,6289131;"SPRF-PR";"DEL04-PR";"UOP02-DEL04-PR"
255144;2019-12-10;"terça-feira";"12:00:00";"CE";222;249,3;"SOBRAL";"Falta de Atenção à Condução";"Colisão transversal";"Com Vítimas Feridas";"Pleno dia";"Decrescente";"Céu Claro";"Simples";"Reta";"Sim";3;0;1;0;1;3;1;5;-3,75579059;-40,55909297;"SPRF-CE";"DEL04-CE";"UOP01-DEL04-CE"
255147;2019-12-10;"terça-feira";"12:50:00";"PE";232;409,5;"SERRA TALHADA";"Falta de Atenção do Pedestre";"Atropelamento de Pedestre";"Com Vítimas Feridas";"Pleno dia";"Crescente";"Sol";"Simples";"Reta";"Sim";2;0;0;1;1;0;1;2;-7,98176023;-38,29035759;"SPRF-PE";"DEL04-PE";"UOP01-DEL04-PE"
255148;2019-12-10;"terça-feira";"12:30:00";"MG";251;500,2;"FRANCISCO SA";"Falta de Atenção à Condução";"Colisão frontal";"Com Vítimas Fatais";"Pleno dia";"Decrescente";"Sol";"Simples";"Reta";"Não";3;1;0;0;1;1;0;3;-16,597915;-43,644385;"SPRF-MG";"DEL12-MG";"UOP01-DEL12-MG"
255149;2019-12-10;"terça-feira";"11:40:00";"MA";135;31;"BACABEIRA";"Defeito Mecânico no Veículo";"Incêndio";"Sem Vítimas";"Pleno dia";"Decrescente";"Céu Claro";"Dupla";"Reta";"Não";2;0;0;0;1;1;0;2;-2,81307801;-44,37432281;"SPRF-MA";"DEL01-MA";"UOP01-DEL01-MA"
255154;2019-12-10;"terça-feira";"13:35:00";"RS";116;246;"SAO LEOPOLDO";"Ingestão de Álcool";"Colisão transversal";"Sem Vítimas";"Pleno dia";"Decrescente";"Céu Claro";"Dupla";"Interseção de Vias";"Sim";3;0;0;0;2;2;0;4;-29,758751;-51,15186806;"SPRF-RS";"DEL01-RS";"UOP02-DEL01-RS"
255157;2019-12-10;"terça-feira";"13:40:00";"BA";101;59,5;"ENTRE RIOS";"Não guardar distância de segurança";"Saída de leito carroçável";"Com Vítimas Feridas";"Pleno dia";"Decrescente";"Sol";"Simples";"Reta";"Não";4;0;4;0;0;0;4;1;-11,93415928;-38,05259427;"SPRF-BA";"DEL01-BA";"UOP04-DEL01-BA"
255163;2019-12-10;"terça-feira";"14:20:00";"PR";476;28;"ADRIANOPOLIS";"Velocidade Incompatível";"Colisão frontal";"Com Vítimas Fatais";"Pleno dia";"Crescente";"Ignorado";"Simples";"Curva";"Não";3;1;0;1;0;1;1;3;-24,80002;-49,040359;"SPRF-PR";"DEL01-PR";"UOP07-DEL01-PR"
255166;2019-12-10;"terça-feira";"08:45:00";"PR";153;139;"VENTANIA";"Defeito Mecânico no Veículo";"Tombamento";"Com Vítimas Feridas";"Pleno dia";"Decrescente";"Nublado";"Simples";"Curva";"Não";2;0;1;0;0;1;1;2;-24,07168926;-50,25237719;"SPRF-PR";"DEL07-PR";"UOP04-DEL07-PR"
255167;2019-12-10;"terça-feira";"12:50:00";"MG";381;680,6;"RIBEIRAO VERMELHO";"Condutor Dormindo";"Colisão lateral";"Com Vítimas Feridas";"Pleno dia";"Crescente";"Ignorado";"Dupla";"Reta";"Não";2;0;1;0;1;0;1;2;-21,15537584;-45,11394611;"SPRF-MG";"DEL04-MG";"UOP02-DEL04-MG"
255173;2019-12-10;"terça-feira";"13:30:00";"MG";365;601,5;"UBERLANDIA";"Desobediência às normas de trânsito pelo condutor";"Colisão frontal";"Com Vítimas Fatais";"Pleno dia";"Crescente";"Nublado";"Simples";"Aclive;Reta";"Não";3;1;0;0;1;2;0;4;-18,89301829;-48,13943907;"SPRF-MG";"DEL15-MG";"UOP01-DEL15-MG"
255176;2019-12-10;"terça-feira";"15:00:00";"MG";354;765,5;"ITAMONTE";"Velocidade Incompatível";"Tombamento";"Sem Vítimas";"Pleno dia";"Decrescente";"Chuva";"Simples";"Curva";"Não";2;0;0;0;2;0;0;1;-22,34466692;-44,80892396;"SPRF-MG";"DEL05-MG";"UOP01-DEL17-MG"
255180;2019-12-10;"terça-feira";"15:30:00";"GO";452;178,5;"ITUMBIARA";"Velocidade Incompatível";"Colisão frontal";"Com Vítimas Feridas";"Pleno dia";"Crescente";"Chuva";"Simples";"Curva";"Sim";6;0;3;2;1;0;5;2;-18,36608121;-49,36854423;"SPRF-GO";"DEL03-GO";"UOP02-DEL03-GO"
255184;2019-12-10;"terça-feira";"09:00:00";"AL";101;130,5;"SAO MIGUEL DOS CAMPOS";"Pista Escorregadia";"Colisão frontal";"Com Vítimas Feridas";"Pleno dia";"Crescente";"Céu Claro";"Simples";"Curva";"Não";3;0;1;1;1;0;2;2;-9,75846103;-36,07001181;"SPRF-AL";"DEL02-AL";"UOP01-DEL02-AL"
255187;2019-12-10;"terça-feira";"14:35:00";"RS";116;424,7;"CRISTAL";"Ultrapassagem Indevida";"Colisão frontal";"Com Vítimas Feridas";"Pleno dia";"Crescente";"Céu Claro";"Simples";"Reta";"Não";2;0;0;1;1;0;1;2;-30,97771775;-52,01245812;"SPRF-RS";"DEL02-RS";"UOP03-DEL02-RS"
255188;2019-12-10;"terça-feira";"11:00:00";"PE";101;116;"IPOJUCA";"Falta de Atenção à Condução";"Colisão com objeto estático";"Sem Vítimas";"Pleno dia";"Crescente";"Céu Claro";"Dupla";"Curva;Aclive";"Não";2;0;0;0;1;1;0;2;-8,34532196;-35,14676704;"SPRF-PE";"DEL01-PE";"UOP03-DEL01-PE"
255189;2019-12-10;"terça-feira";"16:00:00";"PA";316;137;"PEIXE-BOI";"Ultrapassagem Indevida";"Colisão lateral";"Sem Vítimas";"Pleno dia";"Crescente";"Céu Claro";"Simples";"Reta";"Sim";2;0;0;0;2;0;0;2;-1,27577833;-47,2903148;"SPRF-PA";"DEL01-PA";"UOP03-DEL01-PA"
255190;2019-12-10;"terça-feira";"16:40:00";"PR";369;140;"IBIPORA";"Desobediência às normas de trânsito pelo condutor";"Colisão frontal";"Com Vítimas Feridas";"Pleno dia";"Crescente";"Nublado";"Simples";"Curva";"Sim";3;0;0;1;2;0;1;3;-23,279252;-51,067365;"SPRF-PR";"DEL07-PR";"UOP01-DEL07-PR"
255218;2019-12-10;"terça-feira";"18:45:00";"MG";251;402,5;"GRAO MOGOL";"Não guardar distância de segurança";"Colisão traseira";"Com Vítimas Feridas";"Plena Noite";"Crescente";"Céu Claro";"Simples";"Reta;Aclive";"Não";2;0;0;1;1;0;1;2;-16,2558969;-42,94907706;"SPRF-MG";"DEL12-MG";"UOP01-DEL12-MG"
255219;2019-12-10;"terça-feira";"15:15:00";"MG";262;604,4;"CAMPOS ALTOS";"Falta de Atenção à Condução";"Saída de leito carroçável";"Com Vítimas Feridas";"Pleno dia";"Decrescente";"Céu Claro";"Simples";"Aclive;Reta";"Não";2;0;0;1;0;1;1;2;-19,62447925;-46,26995087;"SPRF-MG";"DEL08-MG";"UOP02-DEL08-MG"
255221;2019-12-10;"terça-feira";"19:15:00";"CE";20;421,3;"MARACANAU";"Falta de Atenção à Condução";"Colisão traseira";"Com Vítimas Feridas";"Plena Noite";"Crescente";"Céu Claro";"Dupla";"Reta";"Não";5;0;2;0;3;0;2;3;-3,85543411;-38,55445862;"SPRF-CE";"DEL01-CE";"UOP02-DEL01-CE"
255224;2019-12-10;"terça-feira";"20:20:00";"RS";285;197;"LAGOA VERMELHA";"Falta de Atenção à Condução";"Colisão transversal";"Com Vítimas Feridas";"Plena Noite";"Crescente";"Céu Claro";"Simples";"Interseção de Vias";"Sim";3;0;2;0;1;0;2;2;-28,21521935;-51,51009679;"SPRF-RS";"DEL08-RS";"UOP05-DEL08-RS"
255228;2019-12-10;"terça-feira";"18:20:00";"AC";364;121;"RIO BRANCO";"Não guardar distância de segurança";"Colisão traseira";"Com Vítimas Feridas";"Plena Noite";"Decrescente";"Nublado";"Dupla";"Reta";"Não";4;0;0;1;2;1;1;4;-10,01209268;-67,764365;"SPRF-AC";"DEL01-AC";"UOP01-DEL01-AC"
255232;2019-12-10;"terça-feira";"08:30:00";"RJ";40;84;"PETROPOLIS";"Defeito Mecânico no Veículo";"Tombamento";"Sem Vítimas";"Pleno dia";"Crescente";"Nublado";"Simples";"Curva";"Não";1;0;0;0;1;0;0;1;-22,52145512;-43,23707996;"SPRF-RJ";"DEL06-RJ";"UOP01-DEL06-RJ"
255234;2019-12-10;"terça-feira";"08:40:00";"PE";101;51;"ABREU E LIMA";"Falta de Atenção à Condução";"Colisão lateral";"Com Vítimas Feridas";"Plena Noite";"Crescente";"Céu Claro";"Dupla";"Reta";"Sim";4;0;2;0;2;0;2;2;-7,9169968;-34,89689272;"SPRF-PE";"DEL01-PE";"UOP02-DEL01-PE"
255235;2019-12-10;"terça-feira";"20:30:00";"ES";259;103,3;"BAIXO GUANDU";"Desobediência às normas de trânsito pelo condutor";"Colisão lateral";"Com Vítimas Feridas";"Plena Noite";"Decrescente";"Céu Claro";"Simples";"Reta";"Não";3;0;0;1;1;1;1;3;-19,51753177;-41,01967578;"SPRF-ES";"DEL02-ES";"UOP01-DEL02-ES"
255239;2019-12-10;"terça-feira";"14:00:00";"RJ";493;87;"NOVA IGUACU";"Agressão Externa";"Saída de leito carroçável";"Sem Vítimas";"Pleno dia";"Crescente";"Nublado";"Simples";"Viaduto";"Sim";2;0;0;0;1;1;0;2;-22,67620661;-43,39020789;"SPRF-RJ";"DEL01-RJ";"UOP03-DEL01-RJ"
255241;2019-12-10;"terça-feira";"15:05:00";"SC";282;513;"XANXERE";"Ingestão de Álcool";"Capotamento";"Sem Vítimas";"Pleno dia";"Crescente";"Céu Claro";"Simples";"Reta";"Não";2;0;0;0;2;0;0;2;-26,91486;-52,480682;"SPRF-SC";"DEL07-SC";"UOP01-DEL07-SC"
255251;2019-12-11;"quarta-feira";"00:03:00";"PR";116;119;"CURITIBA";"Falta de Atenção à Condução";"Colisão traseira";"Sem Vítimas";"Plena Noite";"Crescente";"Nublado";"Dupla";"Reta";"Sim";2;0;0;0;2;0;0;2;-25,55122256;-49,30503748;"SPRF-PR";"DEL01-PR";"UOP03-DEL01-PR"
255252;2019-12-10;"terça-feira";"23:00:00";"SP";116;512;"CAJATI";"Objeto estático sobre o leito carroçável";"Tombamento";"Com Vítimas Feridas";"Plena Noite";"Decrescente";"Céu Claro";"Simples";"Curva";"Não";2;0;1;0;1;0;1;1;-24,84656535;-48,21418762;"SPRF-SP";"DEL05-SP";"UAP01-DEL05-SP"
255253;2019-12-11;"quarta-feira";"00:48:00";"TO";153;680;"GURUPI";"Condutor Dormindo";"Colisão lateral";"Com Vítimas Feridas";"Plena Noite";"Decrescente";"Nublado";"Simples";"Reta";"Não";3;0;1;0;1;1;1;3;-11,78947895;-49,1176771;"SPRF-TO";"DEL02-TO";"UOP02-DEL01-TO"
255255;2019-12-10;"terça-feira";"19:30:00";"MT";70;84;"GENERAL CARNEIRO";"Velocidade Incompatível";"Saída de leito carroçável";"Com Vítimas Feridas";"Plena Noite";"Decrescente";"Nublado";"Simples";"Curva";"Não";2;0;1;0;0;2;1;3;-15,62211981;-52,83378091;"SPRF-MT";"DEL07-MT";"UOP01-DEL07-MT"
255256;2019-12-10;"terça-feira";"23:30:00";"MG";262;594,8;"CAMPOS ALTOS";"Pista Escorregadia";"Saída de leito carroçável";"Com Vítimas Fatais";"Plena Noite";"Decrescente";"Garoa/Chuvisco";"Simples";"Declive";"Não";2;1;0;1;0;0;1;1;-19,66568189;-46,16901785;"SPRF-MG";"DEL08-MG";"UOP02-DEL08-MG"
255257;2019-12-11;"quarta-feira";"01:30:00";"RS";101;43,7;"TERRA DE AREIA";"Falta de Atenção à Condução";"Colisão traseira";"Com Vítimas Feridas";"Plena Noite";"Decrescente";"Céu Claro";"Simples";"Reta";"Sim";3;0;1;0;1;1;1;3;-29,56414418;-50,0486362;"SPRF-RS";"DEL03-RS";"UOP02-DEL03-RS"
255258;2019-12-11;"quarta-feira";"01:45:00";"SP";116;479;"JACUPIRANGA";"Falta de Atenção à Condução";"Saída de leito carroçável";"Com Vítimas Feridas";"Plena Noite";"Decrescente";"Chuva";"Dupla";"Reta";"Não";1;0;1;0;0;0;1;1;-24,70935401;-48,01820699;"SPRF-SP";"DEL05-SP";"UAP01-DEL05-SP"
255259;2019-12-11;"quarta-feira";"05:15:00";"PR";376;650,8;"TIJUCAS DO SUL";"Velocidade Incompatível";"Tombamento";"Sem Vítimas";"Amanhecer";"Crescente";"Céu Claro";"Dupla";"Curva;Aclive";"Não";2;0;0;0;1;1;0;2;-25,84489535;-49,07395363;"SPRF-PR";"DEL01-PR";"UOP04-DEL01-PR"
255261;2019-12-11;"quarta-feira";"05:00:00";"BA";116;737,7;"BOA NOVA";"Falta de Atenção à Condução";"Colisão lateral";"Com Vítimas Feridas";"Amanhecer";"Crescente";"Nublado";"Simples";"Aclive";"Não";2;0;0;1;1;0;1;2;-14,33009999;-40,32591285;"SPRF-BA";"DEL08-BA";"UOP02-DEL08-BA"
255263;2019-12-10;"terça-feira";"17:10:00";"RS";293;124,7;"PINHEIRO MACHADO";"Falta de Atenção à Condução";"Colisão frontal";"Com Vítimas Fatais";"Pleno dia";"Crescente";"Céu Claro";"Simples";"Reta";"Não";3;1;0;1;0;1;1;3;-31,52041038;-53,53589394;"SPRF-RS";"DEL11-RS";"UOP03-DEL11-RS"
255273;2019-12-11;"quarta-feira";"06:00:00";"PR";116;1;"CAMPINA GRANDE DO SUL";"Falta de Atenção à Condução";"Colisão traseira";"Sem Vítimas";"Amanhecer";"Crescente";"Céu Claro";"Dupla";"Reta";"Sim";3;0;0;0;2;1;0;3;-25,3514;-49,0599;"SPRF-PR";"DEL01-PR";"UOP01-DEL01-PR"
255283;2019-12-11;"quarta-feira";"07:30:00";"SE";101;45;"JAPARATUBA";"Falta de Atenção à Condução";"Engavetamento";"Sem Vítimas";"Pleno dia";"Crescente";"Céu Claro";"Dupla";"Reta";"Não";4;0;0;0;3;1;0;4;-10,56293009;-36,96671215;"SPRF-SE";"DEL02-SE";"UOP02-DEL02-SE"
255286;2019-12-11;"quarta-feira";"08:45:00";"MG";116;775,6;"LEOPOLDINA";"Defeito Mecânico no Veículo";"Incêndio";"Sem Vítimas";"Pleno dia";"Crescente";"Nublado";"Simples";"Reta";"Não";1;0;0;0;1;0;0;1;-21,58153704;-42,68870355;"SPRF-MG";"DEL07-MG";"UOP01-DEL07-MG"
255288;2019-12-11;"quarta-feira";"08:50:00";"BA";116;653;"JEQUIE";"Falta de Atenção à Condução";"Tombamento";"Com Vítimas Feridas";"Pleno dia";"Crescente";"Céu Claro";"Simples";"Reta";"Não";1;0;0;1;0;0;1;1;-13,695;-40,096;"SPRF-BA";"DEL03-BA";"UOP01-DEL03-BA"
255290;2019-12-11;"quarta-feira";"07:40:00";"GO";60;35,1;"GOIANIA";"Falta de Atenção à Condução";"Colisão traseira";"Com Vítimas Feridas";"Pleno dia";"Decrescente";"Nublado";"Dupla";"Reta";"Sim";4;0;1;1;1;1;2;4;-16,72163116;-49,35434732;"SPRF-GO";"DEL01-GO";"UOP02-DEL01-GO"
255297;2019-12-11;"quarta-feira";"08:55:00";"MG";381;516;"IGARAPE";"Falta de Atenção à Condução";"Tombamento";"Com Vítimas Feridas";"Pleno dia";"Decrescente";"Garoa/Chuvisco";"Dupla";"Curva";"Não";1;0;1;0;0;0;1;1;-20,10866993;-44,31488799;"SPRF-MG";"DEL01-MG";"UOP03-DEL01-MG"
255309;2019-12-11;"quarta-feira";"09:15:00";"PR";467;72,1;"TOLEDO";"Falta de Atenção à Condução";"Colisão traseira";"Com Vítimas Feridas";"Pleno dia";"Decrescente";"Céu Claro";"Dupla";"Aclive";"Não";2;0;0;1;1;0;1;2;-24,7253;-53,7052;"SPRF-PR";"DEL04-PR";"UOP01-DEL04-PR"
255313;2019-12-11;"quarta-feira";"09:10:00";"BA";242;198;"ITABERABA";"Defeito Mecânico no Veículo";"Saída de leito carroçável";"Com Vítimas Feridas";"Pleno dia";"Decrescente";"Céu Claro";"Simples";"Reta";"Não";2;0;1;0;0;2;1;3;-12,521094;-40,233146;"SPRF-BA";"DEL06-BA";"UOP02-DEL06-BA"
255320;2019-12-11;"quarta-feira";"10:30:00";"MG";381;434,9;"SABARA";"Defeito Mecânico no Veículo";"Saída de leito carroçável";"Com Vítimas Feridas";"Pleno dia";"Crescente";"Garoa/Chuvisco";"Simples";"Curva";"Não";2;0;2;0;0;0;2;1;-19,78825942;-43,73147607;"SPRF-MG";"DEL01-MG";"UOP01-DEL01-MG"
255323;2019-12-06;"sexta-feira";"11:00:00";"MA";135;8;"SAO LUIS";"Falta de Atenção à Condução";"Colisão lateral";"Com Vítimas Feridas";"Pleno dia";"Crescente";"Céu Claro";"Dupla";"Reta";"Sim";2;0;1;0;0;1;1;2;-2,64342093;-44,27374175;"SPRF-MA";"DEL01-MA";"UOP01-DEL01-MA"
255326;2019-12-11;"quarta-feira";"10:30:00";"PR";476;179,2;"LAPA";"Velocidade Incompatível";"Saída de leito carroçável";"Sem Vítimas";"Pleno dia";"Crescente";"Sol";"Simples";"Curva";"Não";2;0;0;0;2;0;0;1;-25,702982;-49,582001;"SPRF-PR";"DEL01-PR";"UOP06-DEL01-PR"
255330;2019-12-11;"quarta-feira";"11:26:00";"SP";116;499,7;"CAJATI";"Ingestão de álcool e/ou substâncias psicoativas pelo pedestre";"Atropelamento de Pedestre";"Com Vítimas Feridas";"Pleno dia";"Decrescente";"Céu Claro";"Dupla";"Reta";"Não";3;0;1;0;1;1;1;3;-24,78228753;-48,17695233;"SPRF-SP";"DEL05-SP";"UAP01-DEL05-SP"
255332;2019-12-11;"quarta-feira";"09:30:00";"MT";364;269,9;"JACIARA";"Falta de Atenção à Condução";"Colisão transversal";"Com Vítimas Feridas";"Pleno dia";"Crescente";"Céu Claro";"Dupla";"Interseção de Vias";"Não";4;0;1;0;2;2;1;4;-15,96893125;-54,94360328;"SPRF-MT";"DEL02-MT";"UOP02-DEL05-MT"
255333;2019-12-11;"quarta-feira";"11:20:00";"CE";222;22,2;"CAUCAIA";"Desobediência às normas de trânsito pelo condutor";"Colisão transversal";"Sem Vítimas";"Pleno dia";"Crescente";"Sol";"Simples";"Reta";"Sim";3;0;0;0;2;2;0;4;-3,7334234;-38,75084288;"SPRF-CE";"DEL01-CE";"UOP01-DEL01-CE"
255335;2019-12-11;"quarta-feira";"08:50:00";"RS";153;666;"ACEGUA";"Defeito Mecânico no Veículo";"Capotamento";"Com Vítimas Feridas";"Pleno dia";"Crescente";"Céu Claro";"Simples";"Reta";"Não";1;0;1;0;0;0;1;1;-31,62687304;-54,1476538;"SPRF-RS";"DEL11-RS";"UOP03-DEL11-RS"
255340;2019-12-10;"terça-feira";"00:50:00";"RS";116;12,4;"VACARIA";"Condutor Dormindo";"Saída de leito carroçável";"Sem Vítimas";"Plena Noite";"Decrescente";"Céu Claro";"Simples";"Curva";"Não";1;0;0;0;1;0;0;1;-28,30337577;-50,80344779;"SPRF-RS";"DEL05-RS";"UOP03-DEL05-RS"
255342;2019-12-11;"quarta-feira";"12:40:00";"SP";153;99,2;"JOSE BONIFACIO";"Falta de Atenção à Condução";"Colisão transversal";"Com Vítimas Feridas";"Pleno dia";"Crescente";"Chuva";"Simples";"Reta";"Sim";3;0;0;1;1;1;1;3;-20,99894814;-49,6292216;"SPRF-SP";"DEL09-SP";"UOP01-DEL09-SP"
255344;2019-12-06;"sexta-feira";"07:04:00";"MG";381;921,8;"CAMANDUCAIA";"Velocidade Incompatível";"Colisão com objeto estático";"Com Vítimas Feridas";"Pleno dia";"Crescente";"Chuva";"Dupla";"Curva";"Não";2;0;0;1;0;1;1;2;-22,76388582;-46,17238652;"SPRF-MG";"DEL16-MG";"UOP03-DEL16-MG"
255350;2019-11-13;"quarta-feira";"11:00:00";"MS";262;447;"DOIS IRMAOS DO BURITI";"Ultrapassagem Indevida";"Colisão frontal";"Com Vítimas Feridas";"Pleno dia";"Decrescente";"Nublado";"Simples";"Aclive;Reta";"Não";4;0;1;1;1;2;2;5;-20,53588245;-55,42832386;"SPRF-MS";"DEL03-MS";"UOP01-DEL03-MS"
255351;2019-10-20;"domingo";"16:00:00";"MG";365;621;"UBERLANDIA";"Sinalização da via insuficiente ou inadequada";"Colisão com objeto estático";"Com Vítimas Feridas";"Pleno dia";"Crescente";"Chuva";"Dupla";"Reta;Desvio Temporário";"Sim";1;0;1;0;0;0;1;1;-18,9048022;-48,29052803;"SPRF-MG";"DEL15-MG";"UOP01-DEL15-MG"
255364;2019-12-11;"quarta-feira";"15:20:00";"GO";50;261;"CATALAO";"Falta de Atenção à Condução";"Saída de leito carroçável";"Com Vítimas Feridas";"Pleno dia";"Crescente";"Céu Claro";"Dupla";"Curva";"Não";1;0;1;0;0;0;1;1;-18,0377;-47,853;"SPRF-GO";"DEL06-GO";"UOP01-DEL06-GO"