"id";"data_inversa";"dia_semana";"horario";"uf";"br";"km";"municipio";"causa_acidente";"tipo_acidente";"classificacao_acidente";"fase_dia";"sentido_via";"condicao_metereologica";"tipo_pista";"tracado_via";"uso_solo";"pessoas";"mortos";"feridos_leves";"feridos_graves";"ilesos";"ignorados";"feridos";"veiculos";"latitude";"longitude";"regional";"delegacia";"uop"
255681;2019-12-13;"sexta-feira";"07:10:00";"PR";369;129,8;"JATAIZINHO";"Falta de Atenção à Condução";"Colisão com objeto estático";"Sem Vítimas";"Pleno dia";"Crescente";"Céu Claro";"Simples";"Reta";"Sim";4;0;0;0;1;3;0;4;-23,26092844;-50,97935736;"SPRF-PR";"DEL07-PR";"UOP01-DEL07-PR"
255688;2019-12-13;"sexta-feira";"08:50:00";"BA";324;561;"SANTO AMARO";"Falta de Atenção à Condução";"Colisão traseira";"Com Vítimas Feridas";"Pleno dia";"Decrescente";"Sol";"Dupla";"Reta";"Sim";2;0;1;0;1;0;1;2;-12,49783433;-38,64646092;"SPRF-BA";"DEL01-BA";"UOP01-DEL01-BA"
255691;2019-12-13;"sexta-feira";"08:00:00";"SC";163;66,8;"SAO MIGUEL DO OESTE";"Falta de Atenção à Condução";"Colisão transversal";"Com Vítimas Feridas";"Pleno dia";"Decrescente";"Céu Claro";"Dupla";"Reta";"Sim";2;0;1;0;1;0;1;2;-26,74736369;-53,50094497;"SPRF-SC";"DEL07-SC";"UOP03-DEL07-SC"
255698;2019-01-25;"sexta-feira";"00:30:00";"SP";116;324,4;"JUQUITIBA";"Falta de Atenção à Condução";"Colisão traseira";"Com Vítimas Feridas";"Plena Noite";"Decrescente";"Nublado";"Dupla";"Reta";"Não";20;0;3;0;17;0;3;2;-23,94031607;-47,04392022;"SPRF-SP";"DEL04-SP";"UOP03-DEL04-SP"
255700;2019-12-13;"sexta-feira";"09:30:00";"SP";116;504;"CAJATI";"Agressão Externa";"Saída de leito carroçável";"Sem Vítimas";"Amanhecer";"Crescente";"Nublado";"Simples";"Reta";"Não";1;0;0;0;1;0;0;1;-24,78266496;-48,20865858;"SPRF-SP";"DEL05-SP";"UAP01-DEL05-SP"
255703;2019-12-13;"sexta-feira";"09:55:00";"MG";262;51,1;"MANHUACU";"Mal Súbito";"Colisão lateral";"Com Vítimas Feridas";"Pleno dia";"Decrescente";"Nublado";"Simples";"Reta";"Sim";2;0;1;0;1;0;1;2;-20,24788425;-42,14549605;"SPRF-MG";"DEL06-MG";"UOP03-DEL06-MG"
255713;2019-11-05;"terça-feira";"07:50:00";"SC";470;220,5;"SAO CRISTOVAO DO SUL";"Falta de Atenção à Condução";"Colisão traseira";"Sem Vítimas";"Pleno dia";"Crescente";"Chuva";"Simples";"Aclive;Curva";"Não";4;0;0;0;3;1;0;4;-27,30284184;-50,28090477;"SPRF-SC";"DEL05-SC";"UOP03-DEL05-SC"
255719;2019-12-13;"sexta-feira";"11:45:00";"PR";277;138;"BALSA NOVA";"Falta de Atenção à Condução";"Colisão traseira";"Sem Vítimas";"Pleno dia";"Crescente";"Sol";"Dupla";"Declive";"Não";4;0;0;0;3;3;0;6;-25,47506243;-49,7205162;"SPRF-PR";"DEL01-PR";"UOP06-DEL01-PR"
255720;2019-12-13;"sexta-feira";"10:05:00";"MG";40;174;"JOAO PINHEIRO";"Falta de Atenção à Condução";"Colisão lateral";"Com Vítimas Feridas";"Pleno dia";"Crescente";"Céu Claro";"Simples";"Reta";"Não";5;0;3;0;1;1;3;4;-17,94634903;-46,02505001;"SPRF-MG";"DEL14-MG";"UOP02-DEL14-MG"
255726;2019-12-13;"sexta-feira";"11:55:00";"MA";230;402;"BALSAS";"Falta de Atenção à Condução";"Colisão frontal";"Com Vítimas Feridas";"Pleno dia";"Crescente";"Céu Claro";"Simples";"Reta";"Sim";2;0;1;0;1;0;1;2;-7,50857084;-46,03158637;"SPRF-MA";"DEL05-MA";"UOP01-DEL05-MA"
255728;2019-12-13;"sexta-feira";"12:20:00";"RJ";101;5;"CAMPOS DOS GOYTACAZES";"Condutor Dormindo";"Saída de leito carroçável";"Com Vítimas Feridas";"Pleno dia";"Crescente";"Céu Claro";"Simples";"Curva";"Não";1;0;1;0;0;0;1;1;-21,25995004;-41,32636591;"SPRF-RJ";"DEL08-RJ";"UOP01-DEL08-RJ"
255738;2019-12-13;"sexta-feira";"13:00:00";"BA";101;107;"ALAGOINHAS";"Desobediência às normas de trânsito pelo condutor";"Colisão transversal";"Com Vítimas Feridas";"Pleno dia";"Decrescente";"Céu Claro";"Simples";"Reta";"Sim";2;0;1;0;1;0;1;2;-12,13828647;-38,39216044;"SPRF-BA";"DEL01-BA";"UOP04-DEL01-BA"
255739;2019-12-13;"sexta-feira";"14:00:00";"RN";101;107;"PARNAMIRIM";"Falta de Atenção à Condução";"Colisão traseira";"Com Vítimas Feridas";"Pleno dia";"Decrescente";"Céu Claro";"Dupla";"Reta";"Sim";2;0;1;0;1;0;1;2;-5,91920796;-35,26412409;"SPRF-RN";"DEL01-RN";"UOP01-DEL01-RN"
255740;2019-12-13;"sexta-feira";"14:25:00";"SP";116;155,6;"SAO JOSE DOS CAMPOS";"Falta de Atenção à Condução";"Saída de leito carroçável";"Com Vítimas Feridas";"Pleno dia";"Crescente";"Céu Claro";"Dupla";"Reta";"Sim";4;0;1;0;2;1;1;3;-23,24524337;-45,92772774;"SPRF-SP";"DEL02-SP";"UOP01-DEL02-SP"
255746;2019-12-13;"sexta-feira";"13:50:00";"PA";10;291,2;"MAE DO RIO";"Animais na Pista";"Tombamento";"Com Vítimas Feridas";"Pleno dia";"Crescente";"Céu Claro";"Simples";"Reta;Declive";"Não";3;0;2;0;0;1;2;2;-1,88753098;-47,52195782;"SPRF-PA";"DEL02-PA";"UOP01-DEL02-PA"
255751;2019-12-13;"sexta-feira";"14:35:00";"PR";153;490;"GENERAL CARNEIRO";"Desobediência às normas de trânsito pelo pedestre";"Colisão traseira";"Com Vítimas Feridas";"Pleno dia";"Crescente";"Céu Claro";"Simples";"Reta";"Não";5;0;1;0;3;3;1;7;-26,42261956;-51,3043499;"SPRF-PR";"DEL02-PR";"UOP03-DEL02-PR"
255752;2019-12-13;"sexta-feira";"14:00:00";"MS";158;114;"PARANAIBA";"Falta de Atenção à Condução";"Colisão traseira";"Sem Vítimas";"Pleno dia";"Crescente";"Céu Claro";"Múltipla";"Reta";"Não";3;0;0;0;2;2;0;4;-19,82292705;-51,11442018;"SPRF-MS";"DEL08-MS";"UOP01-DEL08-MS"
255756;2019-12-13;"sexta-feira";"15:20:00";"SC";116;103,4;"MONTE CASTELO";"Desobediência às normas de trânsito pelo condutor";"Colisão frontal";"Com Vítimas Fatais";"Pleno dia";"Crescente";"Chuva";"Simples";"Curva";"Não";4;2;1;0;1;0;1;3;-26,7337591;-50,31370975;"SPRF-SC";"DEL06-SC";"UOP02-DEL06-SC"
255761;2019-12-13;"sexta-feira";"14:30:00";"CE";222;209;"FORQUILHA";"Defeito Mecânico no Veículo";"Colisão frontal";"Com Vítimas Feridas";"Pleno dia";"Crescente";"Céu Claro";"Simples";"Curva";"Sim";3;0;1;0;1;3;1;5;-3,79796009;-40,25863302;"SPRF-CE";"DEL04-CE";"UOP01-DEL04-CE"
255768;2019-12-13;"sexta-feira";"10:55:00";"MG";381;720;"CARMO DA CACHOEIRA";"Velocidade Incompatível";"Tombamento";"Com Vítimas Feridas";"Pleno dia";"Decrescente";"Céu Claro";"Dupla";"Curva";"Não";2;0;1;0;0;1;1;2;-21,46061202;-45,20743901;"SPRF-MG";"DEL04-MG";"UOP02-DEL04-MG"
255773;2019-12-13;"sexta-feira";"15:45:00";"RS";285;379,8;"SANTA BARBARA DO SUL";"Falta de Atenção à Condução";"Colisão frontal";"Com Vítimas Feridas";"Pleno dia";"Crescente";"Céu Claro";"Simples";"Curva;Aclive";"Não";2;0;0;1;1;0;1;2;-28,427158;-53,144753;"SPRF-RS";"DEL10-RS";"UOP02-DEL10-RS"
255776;2019-12-13;"sexta-feira";"17:15:00";"RS";101;86,1;"OSORIO";"Velocidade Incompatível";"Tombamento";"Com Vítimas Feridas";"Pleno dia";"Decrescente";"Céu Claro";"Múltipla";"Reta";"Sim";3;0;1;0;1;1;1;3;-29,8754149;-50,25734711;"SPRF-RS";"DEL03-RS";"UOP01-DEL03-RS"
255789;2019-12-13;"sexta-feira";"16:40:00";"BA";407;101;"JAGUARARI";"Velocidade Incompatível";"Tombamento";"Sem Vítimas";"Pleno dia";"Decrescente";"Céu Claro";"Simples";"Reta";"Sim";2;0;0;0;1;1;0;2;-10,25577;-40,19185;"SPRF-BA";"DEL04-BA";"UOP01-DEL04-BA"
255797;2019-12-13;"sexta-feira";"07:50:00";"MT";174;442,9;"COMODORO";"Ultrapassagem Indevida";"Colisão traseira";"Com Vítimas Feridas";"Pleno dia";"Decrescente";"Chuva";"Simples";"Reta";"Não";4;0;1;0;2;5;1;8;-14,04373699;-59,75048894;"SPRF-MT";"DEL04-MT";"UOP01-DEL04-MT"
255798;2019-12-13;"sexta-feira";"17:30:00";"MT";163;826;"SINOP";"Falta de Atenção à Condução";"Colisão lateral";"Com Vítimas Feridas";"Plena Noite";"Decrescente";"Céu Claro";"Dupla";"Reta";"Não";5;0;0;2;3;0;2;2;-12,067608;-55,51749791;"SPRF-MT";"DEL06-MT";"UOP01-DEL06-MT"
255801;2019-12-13;"sexta-feira";"19:00:00";"PE";101;70,3;"RECIFE";"Ingestão de Álcool";"Atropelamento de Pedestre";"Com Vítimas Feridas";"Plena Noite";"Crescente";"Céu Claro";"Dupla";"Reta";"Sim";2;0;1;0;0;1;1;2;-8,06776119;-34,94265074;"SPRF-PE";"DEL01-PE";"UOP01-DEL01-PE"
255815;2019-12-13;"sexta-feira";"18:40:00";"GO";153;590;"MORRINHOS";"Falta de Atenção à Condução";"Saída de leito carroçável";"Com Vítimas Feridas";"Plena Noite";"Decrescente";"Chuva";"Dupla";"Reta";"Não";1;0;1;0;0;0;1;1;-17,4675;-49,2187;"SPRF-GO";"DEL03-GO";"UOP01-DEL03-GO"
255819;2019-08-15;"quinta-feira";"08:50:00";"ES";101;188,8;"ARACRUZ";"Falta de Atenção à Condução";"Colisão traseira";"Com Vítimas Feridas";"Pleno dia";"Decrescente";"Céu Claro";"Simples";"Reta";"Não";4;0;1;0;2;1;1;3;-19,68085882;-40,2694416;"SPRF-ES";"DEL04-ES";"UOP01-DEL04-ES"
255821;2019-12-13;"sexta-feira";"19:50:00";"SC";116;197,2;"PONTE ALTA";"Ultrapassagem Indevida";"Colisão com objeto estático";"Sem Vítimas";"Plena Noite";"Decrescente";"Céu Claro";"Simples";"Reta;Aclive";"Não";3;0;0;0;2;1;0;3;-27,40551088;-50,42080777;"SPRF-SC";"DEL05-SC";"UOP03-DEL05-SC"
255837;2019-12-13;"sexta-feira";"18:10:00";"SC";470;191,9;"POUSO REDONDO";"Desobediência às normas de trânsito pelo condutor";"Colisão frontal";"Com Vítimas Feridas";"Anoitecer";"Crescente";"Céu Claro";"Simples";"Curva";"Não";7;0;5;0;1;1;5;4;-27,284445;-50,07766;"SPRF-SC";"DEL04-SC";"UOP02-DEL04-SC"
255849;2019-12-13;"sexta-feira";"21:30:00";"MG";262;372,3;"JUATUBA";"Falta de Atenção à Condução";"Colisão traseira";"Sem Vítimas";"Pleno dia";"Crescente";"Chuva";"Dupla";"Reta;Aclive";"Não";3;0;0;0;1;4;0;5;-19,95209131;-44,37465906;"SPRF-MG";"DEL01-MG";"UOP03-DEL01-MG"
255853;2019-12-13;"sexta-feira";"21:00:00";"ES";101;211;"IBIRACU";"Ingestão de Álcool";"Danos eventuais";"Sem Vítimas";"Plena Noite";"Decrescente";"Céu Claro";"Dupla";"Curva";"Não";6;0;0;0;3;3;0;4;-19,80700903;-40,36767233;"SPRF-ES";"DEL02-ES";"UOP01-DEL02-ES"
255856;2019-12-13;"sexta-feira";"19:30:00";"MA";222;126;"VARGEM GRANDE";"Não guardar distância de segurança";"Saída de leito carroçável";"Com Vítimas Feridas";"Plena Noite";"Crescente";"Nublado";"Simples";"Declive;Reta";"Não";1;0;1;0;0;0;1;1;-3,59557356;-43,72668503;"SPRF-MA";"DEL01-MA";"UOP02-DEL01-MA"
255862;2019-12-13;"sexta-feira";"21:05:00";"SC";280;24,2;"ARAQUARI";"Falta de Atenção à Condução";"Colisão transversal";"Com Vítimas Fatais";"Plena Noite";"Decrescente";"Nublado";"Simples";"Reta";"Não";4;1;0;1;2;0;1;3;-26,37724921;-48,71953282;"SPRF-SC";"DEL03-SC";"UOP03-DEL03-SC"
255869;2019-12-13;"sexta-feira";"22:00:00";"BA";101;817;"ITAMARAJU";"Velocidade Incompatível";"Saída de leito carroçável";"Com Vítimas Feridas";"Plena Noite";"Crescente";"Nublado";"Simples";"Curva";"Não";3;0;3;0;0;0;3;1;-17,0859387;-39,5713102;"SPRF-BA";"DEL09-BA";"UOP01-DEL09-BA"
255870;2019-12-14;"sábado";"00:40:00";"RJ";393;110;"SAPUCAIA";"Falta de Atenção à Condução";"Derramamento de carga";"Sem Vítimas";"Plena Noite";"Crescente";"Céu Claro";"Simples";"Reta";"Não";1;0;0;0;1;0;0;1;-21,88984417;-42,70395997;"SPRF-RJ";"DEL06-RJ";"UOP01-DEL05-RJ"
255879;2019-12-14;"sábado";"02:40:00";"PR";277;662,2;"MATELANDIA";"Ingestão de Álcool";"Colisão lateral";"Com Vítimas Feridas";"Plena Noite";"Decrescente";"Céu Claro";"Dupla";"Reta";"Não";4;0;2;0;1;1;2;3;-25,25121745;-54,00913508;"SPRF-PR";"DEL05-PR";"UOP02-DEL05-PR"
255882;2019-12-14;"sábado";"03:00:00";"DF";20;16;"BRASILIA";"Velocidade Incompatível";"Colisão com objeto estático";"Com Vítimas Feridas";"Plena Noite";"Crescente";"Céu Claro";"Dupla";"Reta;Declive";"Não";2;0;1;0;1;0;1;1;-15,625675;-47,725159;"SPRF-DF";"DEL02-DF";"UOP01-DEL02-DF"
255887;2019-12-14;"sábado";"03:20:00";"SP";381;84;"SAO PAULO";"Condutor Dormindo";"Saída de leito carroçável";"Com Vítimas Feridas";"Plena Noite";"Decrescente";"Céu Claro";"Múltipla";"Reta";"Sim";1;0;1;0;0;0;1;1;-23,44249508;-46,56802764;"SPRF-SP";"DEL03-SP";"UOP01-DEL03-SP"
255892;2019-12-14;"sábado";"01:30:00";"AL";101;70,2;"MESSIAS";"Condutor Dormindo";"Saída de leito carroçável";"Com Vítimas Feridas";"Plena Noite";"Crescente";"Céu Claro";"Dupla";"Reta";"Não";2;0;1;0;0;1;1;2;-9,36495593;-35,83611996;"SPRF-AL";"DEL01-AL";"UOP02-DEL01-AL"
255895;2019-12-13;"sexta-feira";"22:30:00";"BA";415;61,2;"ITAPE";"Defeito Mecânico no Veículo";"Incêndio";"Sem Vítimas";"Plena Noite";"Decrescente";"Céu Claro";"Simples";"Reta";"Não";1;0;0;0;1;0;0;1;-14,856926;-39,408328;"SPRF-BA";"DEL05-BA";"UOP01-DEL05-BA"
255910;2019-12-14;"sábado";"05:55:00";"PB";230;26,9;"JOAO PESSOA";"Desobediência às normas de trânsito pelo condutor";"Colisão com objeto estático";"Com Vítimas Feridas";"Pleno dia";"Decrescente";"Céu Claro";"Dupla";"Reta";"Sim";4;0;0;1;0;3;1;4;-7,1654062;-34,89847898;"SPRF-PB";"DEL01-PB";"UOP01-DEL01-PB"
255917;2019-12-14;"sábado";"05:00:00";"SP";116;231;"SAO PAULO";"Ingestão de Álcool";"Colisão lateral";"Sem Vítimas";"Amanhecer";"Decrescente";"Chuva";"Múltipla";"Reta";"Sim";2;0;0;0;2;0;0;2;-23,5290581;-46,59398303;"SPRF-SP";"DEL01-SP";"UOP01-DEL01-SP"
255920;2019-12-14;"sábado";"03:40:00";"SC";116;194;"PONTE ALTA";"Falta de Atenção à Condução";"Saída de leito carroçável";"Sem Vítimas";"Plena Noite";"Crescente";"Garoa/Chuvisco";"Simples";"Reta";"Não";2;0;0;0;1;1;0;2;-27,380015;-50,43000816;"SPRF-SC";"DEL05-SC";"UOP03-DEL05-SC"
255924;2019-12-14;"sábado";"06:50:00";"ES";101;89,1;"SAO MATEUS";"Defeito Mecânico no Veículo";"Tombamento";"Com Vítimas Feridas";"Pleno dia";"Decrescente";"Sol";"Simples";"Reta";"Não";4;0;2;1;0;3;3;4;-18,88987374;-39,95207255;"SPRF-ES";"DEL04-ES";"UOP02-DEL04-ES"
255934;2019-11-04;"segunda-feira";"07:50:00";"SC";101;215;"PALHOCA";"Falta de Atenção à Condução";"Queda de ocupante de veículo";"Com Vítimas Feridas";"Pleno dia";"Decrescente";"Céu Claro";"Múltipla";"Reta";"Não";3;0;0;1;1;1;1;3;-27,65184843;-48,67604941;"SPRF-SC";"DEL01-SC";"UOP02-DEL01-SC"
255937;2019-12-14;"sábado";"07:50:00";"SC";101;156;"PORTO BELO";"Falta de Atenção à Condução";"Colisão lateral";"Com Vítimas Feridas";"Pleno dia";"Decrescente";"Sol";"Simples";"Reta";"Não";2;0;1;0;1;0;1;2;-27,172272;-48,61170204;"SPRF-SC";"DEL04-SC";"UOP03-DEL04-SC"
255938;2019-12-14;"sábado";"06:40:00";"MG";381;621;"OLIVEIRA";"Pista Escorregadia";"Colisão lateral";"Sem Vítimas";"Pleno dia";"Decrescente";"Chuva";"Dupla";"Curva";"Não";2;0;0;0;2;0;0;2;-20,79358497;-44,78938914;"SPRF-MG";"DEL04-MG";"UOP01-DEL04-MG"
255940;2019-12-14;"sábado";"08:30:00";"PE";104;68;"CARUARU";"Condutor Dormindo";"Colisão traseira";"Com Vítimas Feridas";"Pleno dia";"Crescente";"Céu Claro";"Dupla";"Reta";"Sim";3;0;0;1;2;0;1;2;-8,3107;-35,9904;"SPRF-PE";"DEL02-PE";"UOP01-DEL02-PE"
255946;2019-12-14;"sábado";"09:15:00";"DF";20;24,9;"BRASILIA";"Falta de Atenção à Condução";"Tombamento";"Com Vítimas Feridas";"Pleno dia";"Decrescente";"Céu Claro";"Dupla";"Curva";"Não";2;0;1;0;0;1;1;2;-15,594831;-47,658615;"SPRF-DF";"DEL02-DF";"UOP01-DEL02-DF"
255950;2019-12-14;"sábado";"09:15:00";"PE";428;188,1;"PETROLINA";"Defeito Mecânico no Veículo";"Colisão transversal";"Com Vítimas Feridas";"Pleno dia";"Crescente";"Sol";"Múltipla";"Retorno Regulamentado";"Sim";3;0;1;0;2;0;1;3;-9,36400596;-40,48266808;"SPRF-PE";"DEL06-PE";"UOP01-DEL06-PE"
255956;2019-12-14;"sábado";"10:25:00";"CE";116;455;"BARRO";"Falta de Atenção à Condução";"Colisão transversal";"Com Vítimas Feridas";"Pleno dia";"Decrescente";"Céu Claro";"Simples";"Reta";"Não";3;0;1;0;1;1;1;3;-7,16055698;-38,77967318;"SPRF-CE";"DEL05-CE";"UOP03-DEL05-CE"
255960;2019-12-10;"terça-feira";"12:10:00";"BA";116;425;"FEIRA DE SANTANA";"Falta de Atenção à Condução";"Colisão transversal";"Sem Vítimas";"Pleno dia";"Crescente";"Céu Claro";"Simples";"Reta";"Sim";2;0;0;0;2;0;0;2;-12,23736613;-38,97999588;"SPRF-BA";"DEL02-BA";"UOP01-DEL02-BA"
255967;2019-12-14;"sábado";"11:08:00";"ES";262;53,7;"MARECHAL FLORIANO";"Falta de Atenção à Condução";"Colisão traseira";"Com Vítimas Feridas";"Pleno dia";"Crescente";"Sol";"Simples";"Curva";"Não";3;0;1;0;1;1;1;3;-20,41307253;-40,73864764;"SPRF-ES";"DEL01-ES";"UOP01-DEL01-ES"
255968;2019-12-14;"sábado";"07:40:00";"MG";116;788,6;"LEOPOLDINA";"Falta de Atenção à Condução";"Colisão lateral";"Com Vítimas Fatais";"Pleno dia";"Crescente";"Céu Claro";"Simples";"Curva";"Não";4;1;0;0;2;1;0;4;-21,65956391;-42,72605628;"SPRF-MG";"DEL07-MG";"UOP01-DEL07-MG"
255970;2019-12-14;"sábado";"07:10:00";"MG";267;58,2;"GUARARA";"Desobediência às normas de trânsito pelo condutor";"Colisão lateral";"Com Vítimas Feridas";"Amanhecer";"Decrescente";"Nublado";"Simples";"Curva";"Não";4;0;0;1;1;2;1;4;-21,72287488;-43,03593913;"SPRF-MG";"DEL07-MG";"UOP01-DEL07-MG"
255972;2019-12-14;"sábado";"10:05:00";"AP";210;0,2;"MACAPA";"Falta de Atenção à Condução";"Colisão lateral";"Com Vítimas Fatais";"Pleno dia";"Crescente";"Nublado";"Dupla";"Curva";"Sim";4;1;0;0;2;1;0;2;0,07780012;-51,06097;"SPRF-AP";"DEL01-AP";"UOP01-DEL01-AP"
255973;2019-12-14;"sábado";"12:10:00";"PB";230;423,3;"POMBAL";"Falta de Atenção à Condução";"Tombamento";"Com Vítimas Feridas";"Pleno dia";"Decrescente";"Sol";"Simples";"Curva";"Não";2;0;1;0;0;3;1;4;-6,7346644;-37,89452076;"SPRF-PB";"DEL03-PB";"UOP02-DEL03-PB"
255975;2019-12-14;"sábado";"11:35:00";"SC";101;37,8;"JOINVILLE";"Não guardar distância de segurança";"Colisão lateral";"Com Vítimas Feridas";"Pleno dia";"Decrescente";"Nublado";"Dupla";"Curva";"Sim";3;0;0;1;1;1;1;3;-26,25050176;-48,90863867;"SPRF-SC";"DEL03-SC";"UOP01-DEL03-SC"
255978;2019-12-14;"sábado";"08:40:00";"MT";70;666;"CACERES";"Falta de Atenção à Condução";"Queda de ocupante de veículo";"Com Vítimas Feridas";"Pleno dia";"Crescente";"Céu Claro";"Simples";"Reta";"Sim";2;0;0;1;1;0;1;2;-16,02489709;-57,23760493;"SPRF-MT";"DEL03-MT";"UOP02-DEL03-MT"
255981;2019-12-14;"sábado";"11:50:00";"SP";116;157,3;"SAO JOSE DOS CAMPOS";"Falta de Atenção à Condução";"Colisão traseira";"Com Vítimas Feridas";"Pleno dia";"Crescente";"Céu Claro";"Dupla";"Reta";"Não";5;0;1;0;3;1;1;4;-23,25558031;-45,9437828;"SPRF-SP";"DEL02-SP";"UOP01-DEL02-SP"
255989;2019-12-14;"sábado";"04:00:00";"RO";364;668;"CANDEIAS DO JAMARI";"Ingestão de Álcool";"Saída de leito carroçável";"Com Vítimas Feridas";"Plena Noite";"Decrescente";"Ignorado";"Simples";"Declive;Ponte";"Não";1;0;0;1;0;0;1;1;-8,77428284;-63,48378996;"SPRF-RO";"DEL01-RO";"UOP01-DEL01-RO"
255991;2019-12-14;"sábado";"13:50:00";"PR";376;432,2;"TIBAGI";"Carga excessiva e/ou mal acondicionada";"Saída de leito carroçável";"Com Vítimas Feridas";"Pleno dia";"Crescente";"Sol";"Dupla";"Declive;Curva";"Não";2;0;0;1;0;2;1;3;-24,75518879;-50,53464803;"SPRF-PR";"DEL03-PR";"UOP02-DEL03-PR"
255993;2019-12-14;"sábado";"13:15:00";"MA";222;677;"ACAILANDIA";"Não guardar distância de segurança";"Colisão lateral";"Com Vítimas Feridas";"Pleno dia";"Decrescente";"Céu Claro";"Simples";"Reta";"Sim";3;0;2;0;1;0;2;2;-4,94746472;-47,47679017;"SPRF-MA";"DEL04-MA";"UOP03-DEL04-MA"
255994;2019-12-14;"sábado";"12:50:00";"RO";364;583;"ITAPUA DO OESTE";"Falta de Atenção à Condução";"Saída de leito carroçável";"Com Vítimas Feridas";"Pleno dia";"Crescente";"Céu Claro";"Simples";"Reta";"Não";2;0;1;0;0;3;1;4;-9,37127796;-63,13304184;"SPRF-RO";"DEL03-RO";"UOP04-DEL01-RO"
255996;2019-12-14;"sábado";"12:30:00";"RN";427;107;"SAO FERNANDO";"Condutor Dormindo";"Colisão frontal";"Com Vítimas Fatais";"Pleno dia";"Crescente";"Céu Claro";"Simples";"Aclive";"Não";3;2;0;0;1;0;0;2;-6,44495314;-37,15988159;"SPRF-RN";"DEL03-RN";"UOP01-DEL03-RN"
255999;2019-12-14;"sábado";"13:30:00";"MS";262;61;"TRES LAGOAS";"Falta de Atenção à Condução";"Colisão traseira";"Com Vítimas Feridas";"Pleno dia";"Crescente";"Nublado";"Simples";"Reta";"Não";3;0;0;1;1;5;1;7;-20,71169796;-52,15512598;"SPRF-MS";"DEL07-MS";"UOP01-DEL07-MS"
256006;2019-12-14;"sábado";"13:05:00";"SP";116;211,6;"GUARULHOS";"Desobediência às normas de trânsito pelo condutor";"Colisão com objeto estático";"Com Vítimas Fatais";"Pleno dia";"Decrescente";"Céu Claro";"Múltipla";"Aclive;Reta";"Sim";3;1;0;1;1;0;1;2;-23,4352386;-46,4263388;"SPRF-SP";"DEL01-SP";"UOP01-DEL01-SP"
256007;2019-12-14;"sábado";"14:00:00";"BA";135;131;"RIACHAO DAS NEVES";"Falta de Atenção à Condução";"Tombamento";"Com Vítimas Feridas";"Pleno dia";"Crescente";"Sol";"Simples";"Curva";"Não";2;0;2;0;0;0;2;1;-11,806552;-44,868187;"SPRF-BA";"DEL10-BA";"UOP01-DEL10-BA"
256011;2019-12-14;"sábado";"15:00:00";"RS";285;479,5;"CORONEL BARROS";"Falta de Atenção à Condução";"Saída de leito carroçável";"Com Vítimas Feridas";"Pleno dia";"Decrescente";"Sol";"Simples";"Reta";"Não";2;0;0;1;0;3;1;4;-28,37539169;-54,10148621;"SPRF-RS";"DEL10-RS";"UOP01-DEL10-RS"
256014;2019-12-14;"sábado";"15:20:00";"MG";251;494,8;"FRANCISCO SA";"Ultrapassagem Indevida";"Colisão frontal";"Com Vítimas Fatais";"Pleno dia";"Crescente";"Sol";"Simples";"Reta";"Não";5;2;0;0;1;2;0;4;-16,55575876;-43,6098222;"SPRF-MG";"DEL12-MG";"UOP01-DEL12-MG"
256025;2019-12-14;"sábado";"16:45:00";"SP";116;77,9;"ROSEIRA";"Não guardar distância de segurança";"Colisão traseira";"Com Vítimas Feridas";"Pleno dia";"Decrescente";"Céu Claro";"Dupla";"Reta";"Não";8;0;3;0;4;1;3;6;-22,88334222;-45,27934983;"SPRF-SP";"DEL06-SP";"UOP01-DEL06-SP"
256026;2019-12-14;"sábado";"16:15:00";"PR";373;247,2;"GUAMIRANGA";"Desobediência às normas de trânsito pelo condutor";"Colisão lateral";"Com Vítimas Feridas";"Pleno dia";"Crescente";"Chuva";"Simples";"Reta";"Não";5;0;1;0;3;2;1;4;-25,19090525;-50,82302001;"SPRF-PR";"DEL03-PR";"UOP01-DEL03-PR"
256028;2019-12-14;"sábado";"17:00:00";"AL";316;268,3;"SATUBA";"Ingestão de Álcool";"Colisão transversal";"Com Vítimas Feridas";"Anoitecer";"Crescente";"Céu Claro";"Simples";"Curva";"Não";3;0;0;1;1;1;1;3;-9,58021969;-35,83876014;"SPRF-AL";"DEL02-AL";"UOP01-DEL02-AL"
256031;2019-12-14;"sábado";"13:50:00";"MT";70;732;"CACERES";"Falta de Atenção à Condução";"Colisão frontal";"Com Vítimas Fatais";"Pleno dia";"Crescente";"Céu Claro";"Simples";"Reta";"Sim";3;1;0;0;1;1;0;3;-16,14892769;-57,63505293;"SPRF-MT";"DEL03-MT";"UOP01-DEL03-MT"
256032;2019-12-14;"sábado";"15:10:00";"PR";476;344;"PAULA FREITAS";"Não guardar distância de segurança";"Colisão traseira";"Com Vítimas Feridas";"Pleno dia";"Decrescente";"Céu Claro";"Simples";"Aclive";"Sim";3;0;1;0;1;1;1;3;-26,18211;-50,925163;"SPRF-PR";"DEL02-PR";"UOP03-DEL02-PR"
256040;2019-12-14;"sábado";"17:00:00";"PR";277;398,5;"CANDOI";"Velocidade Incompatível";"Saída de leito carroçável";"Com Vítimas Feridas";"Pleno dia";"Crescente";"Nublado";"Simples";"Curva";"Não";1;0;1;0;0;0;1;1;-25,45904606;-51,95885181;"SPRF-PR";"DEL03-PR";"UOP01-DEL08-PR"