"id";"data_inversa";"dia_semana";"horario";"uf";"br";"km";"municipio";"causa_acidente";"tipo_acidente";"classificacao_acidente";"fase_dia";"sentido_via";"condicao_metereologica";"tipo_pista";"tracado_via";"uso_solo";"pessoas";"mortos";"feridos_leves";"feridos_graves";"ilesos";"ignorados";"feridos";"veiculos";"latitude";"longitude";"regional";"delegacia";"uop"
256525;2019-12-16;"segunda-feira";"11:20:00";"SP";116;545;"BARRA DO TURVO";"Velocidade Incompatível";"Colisão com objeto estático";"Com Vítimas Feridas";"Pleno dia";"Crescente";"Chuva";"Dupla";"Curva;Declive";"Não";1;0;1;0;0;0;1;1;-24,95016699;-48,42400302;"SPRF-SP";"DEL05-SP";"UOP02-DEL05-SP"
256526;2019-12-16;"segunda-feira";"15:50:00";"MG";365;627;"UBERLANDIA";"Ingestão de Álcool";"Colisão lateral";"Sem Vítimas";"Pleno dia";"Crescente";"Céu Claro";"Dupla";"Em Obras";"Sim";3;0;0;0;2;3;0;5;-18,90359335;-48,34361612;"SPRF-MG";"DEL15-MG";"UOP01-DEL15-MG"
256528;2019-12-16;"segunda-feira";"15:00:00";"MG";40;581,1;"ITABIRITO";"Falta de Atenção à Condução";"Colisão lateral";"Com Vítimas Feridas";"Pleno dia";"Decrescente";"Céu Claro";"Simples";"Reta";"Não";8;0;0;4;3;2;4;7;-20,30234388;-43,93887077;"SPRF-MG";"DEL01-MG";"UOP02-DEL01-MG"
256539;2019-12-16;"segunda-feira";"16:20:00";"RJ";116;311;"ITATIAIA";"Falta de Atenção à Condução";"Colisão lateral";"Sem Vítimas";"Pleno dia";"Decrescente";"Sol";"Dupla";"Reta";"Não";2;0;0;0;2;0;0;2;-22,46751289;-44,50295448;"SPRF-RJ";"DEL07-RJ";"DEL5/7-UOP03/RJ"
256543;2019-12-16;"segunda-feira";"15:29:00";"RO";435;71;"COLORADO DO OESTE";"Falta de Atenção à Condução";"Capotamento";"Com Vítimas Feridas";"Pleno dia";"Decrescente";"Céu Claro";"Simples";"Curva";"Sim";2;0;1;0;0;2;1;3;-13,1021662;-60,41098797;"SPRF-RO";"DEL04-RO";"UOP02-DEL04-RO"
256546;2019-12-16;"segunda-feira";"17:15:00";"PR";277;7,1;"PARANAGUA";"Defeito Mecânico no Veículo";"Tombamento";"Sem Vítimas";"Pleno dia";"Crescente";"Chuva";"Dupla";"Aclive;Curva";"Não";2;0;0;0;1;1;0;2;-25,56046742;-48,5830906;"SPRF-PR";"DEL01-PR";"UOP05-DEL01-PR"
256554;2019-12-16;"segunda-feira";"17:00:00";"SP";116;230;"SAO PAULO";"Não guardar distância de segurança";"Colisão lateral";"Sem Vítimas";"Pleno dia";"Decrescente";"Céu Claro";"Múltipla";"Reta";"Sim";3;0;0;0;3;0;0;3;-23,52251783;-46,5855702;"SPRF-SP";"DEL01-SP";"UOP01-DEL01-SP"
256557;2019-12-14;"sábado";"01:50:00";"PI";135;101,8;"BERTOLINIA";"Condutor Dormindo";"Saída de leito carroçável";"Com Vítimas Feridas";"Plena Noite";"Crescente";"Céu Claro";"Simples";"Reta";"Não";2;0;1;0;0;1;1;1;-7,4732549;-43,87008012;"SPRF-PI";"DEL03-PI";"UOP01-DEL03-PI"
256567;2019-12-16;"segunda-feira";"14:40:00";"SC";116;186,9;"SAO CRISTOVAO DO SUL";"Defeito Mecânico no Veículo";"Tombamento";"Com Vítimas Feridas";"Pleno dia";"Crescente";"Chuva";"Simples";"Curva";"Não";3;0;2;0;1;0;2;1;-27,31340181;-50,41996231;"SPRF-SC";"DEL05-SC";"UOP03-DEL05-SC"
256568;2019-12-16;"segunda-feira";"18:30:00";"MG";381;519;"IGARAPE";"Falta de Atenção à Condução";"Colisão lateral";"Com Vítimas Feridas";"Plena Noite";"Crescente";"Céu Claro";"Dupla";"Aclive";"Não";3;0;0;1;1;1;1;3;-20,12834104;-44,30330781;"SPRF-MG";"DEL01-MG";"UOP03-DEL01-MG"
256569;2019-12-16;"segunda-feira";"11:00:00";"MT";70;596;"POCONE";"Falta de Atenção à Condução";"Colisão frontal";"Com Vítimas Fatais";"Pleno dia";"Crescente";"Céu Claro";"Simples";"Reta";"Não";4;1;2;0;0;1;2;3;-15,80239096;-56,69805901;"SPRF-MT";"DEL03-MT";"UOP02-DEL03-MT"
256571;2019-12-16;"segunda-feira";"18:05:00";"TO";153;145,2;"ARAGUAINA";"Desobediência às normas de trânsito pelo condutor";"Colisão transversal";"Com Vítimas Feridas";"Anoitecer";"Decrescente";"Nublado";"Dupla";"Interseção de Vias";"Sim";3;0;0;1;1;2;1;4;-7,20719873;-48,24101709;"SPRF-TO";"DEL02-TO";"UOP01-DEL02-TO"
256577;2019-12-16;"segunda-feira";"18:30:00";"CE";20;240;"MADALENA";"Falta de Atenção do Pedestre";"Atropelamento de Pedestre";"Com Vítimas Feridas";"Plena Noite";"Decrescente";"Céu Claro";"Simples";"Aclive";"Sim";2;0;0;1;0;1;1;2;-4,84783149;-39,57002113;"SPRF-CE";"DEL02-CE";"UOP02-DEL02-CE"
256578;2019-12-16;"segunda-feira";"18:30:00";"BA";235;353,2;"JUAZEIRO";"Falta de Atenção à Condução";"Colisão lateral";"Sem Vítimas";"Plena Noite";"Crescente";"Céu Claro";"Dupla";"Rotatória";"Sim";3;0;0;0;2;1;0;3;-9,42496867;-40,50541699;"SPRF-BA";"DEL04-BA";"UOP01-DEL04-BA"
256582;2019-12-16;"segunda-feira";"19:45:00";"SP";116;351,5;"MIRACATU";"Defeito Mecânico no Veículo";"Colisão traseira";"Com Vítimas Fatais";"Plena Noite";"Crescente";"Nublado";"Dupla";"Reta;Declive";"Não";3;1;0;0;1;1;0;3;-24,06157909;-47,22591797;"SPRF-SP";"DEL04-SP";"UOP02-DEL04-SP"
256583;2019-12-16;"segunda-feira";"11:30:00";"SC";282;632,8;"DESCANSO";"Pista Escorregadia";"Saída de leito carroçável";"Sem Vítimas";"Pleno dia";"Decrescente";"Garoa/Chuvisco";"Simples";"Declive;Reta";"Não";2;0;0;0;2;0;0;1;-26,82378216;-53,4121674;"SPRF-SC";"DEL07-SC";"UOP03-DEL07-SC"
256585;2019-12-16;"segunda-feira";"12:00:00";"SP";459;6;"PIQUETE";"Defeito Mecânico no Veículo";"Saída de leito carroçável";"Com Vítimas Feridas";"Pleno dia";"Decrescente";"Céu Claro";"Simples";"Curva";"Não";1;0;1;0;0;0;1;1;-22,574682;-45,200615;"SPRF-SP";"DEL08-SP";"UOP03-DEL08-SP"
256588;2019-12-16;"segunda-feira";"19:10:00";"PB";104;129,5;"CAMPINA GRANDE";"Não guardar distância de segurança";"Colisão lateral";"Sem Vítimas";"Plena Noite";"Crescente";"Céu Claro";"Dupla";"Reta";"Não";2;0;0;0;1;1;0;2;-7,28120589;-35,88915693;"SPRF-PB";"DEL02-PB";"UOP01-DEL02-PB"
256592;2019-12-16;"segunda-feira";"19:40:00";"SC";282;202,5;"LAGES";"Velocidade Incompatível";"Colisão frontal";"Sem Vítimas";"Plena Noite";"Decrescente";"Garoa/Chuvisco";"Simples";"Declive;Interseção de Vias";"Não";2;0;0;0;2;0;0;2;-27,763393;-50,152874;"SPRF-SC";"DEL05-SC";"UOP01-DEL05-SC"
256605;2019-12-16;"segunda-feira";"16:15:00";"SC";282;513;"XANXERE";"Falta de Atenção à Condução";"Saída de leito carroçável";"Sem Vítimas";"Pleno dia";"Crescente";"Nublado";"Simples";"Reta";"Não";1;0;0;0;1;0;0;1;-26,91486;-52,480682;"SPRF-SC";"DEL07-SC";"UOP01-DEL07-SC"
256609;2019-12-15;"domingo";"01:50:00";"RS";392;67;"PELOTAS";"Desobediência às normas de trânsito pelo condutor";"Colisão transversal";"Sem Vítimas";"Plena Noite";"Crescente";"Chuva";"Simples";"Interseção de Vias";"Sim";3;0;0;0;2;2;0;4;-31,75709532;-52,39980728;"SPRF-RS";"DEL07-RS";"UOP01-DEL07-RS"
256611;2019-12-16;"segunda-feira";"19:40:00";"BA";116;642;"JAGUAQUARA";"Defeito na Via";"Tombamento";"Sem Vítimas";"Plena Noite";"Decrescente";"Nublado";"Simples";"Aclive";"Não";2;0;0;0;1;1;0;2;-13,58309935;-40,08324265;"SPRF-BA";"DEL03-BA";"UOP01-DEL03-BA"
256613;2019-12-16;"segunda-feira";"14:10:00";"RS";116;464,8;"SAO LOURENCO DO SUL";"Falta de Atenção à Condução";"Colisão transversal";"Com Vítimas Feridas";"Pleno dia";"Crescente";"Nublado";"Simples";"Interseção de Vias";"Não";4;0;1;0;2;1;1;3;-31,31911022;-52,02728662;"SPRF-RS";"DEL02-RS";"UOP03-DEL02-RS"
256619;2019-12-16;"segunda-feira";"23:20:00";"SP";116;145;"SAO JOSE DOS CAMPOS";"Condutor Dormindo";"Colisão traseira";"Com Vítimas Feridas";"Plena Noite";"Crescente";"Céu Claro";"Múltipla";"Reta";"Sim";3;0;2;0;0;1;2;2;-23,1869844;-45,8548078;"SPRF-SP";"DEL02-SP";"UOP01-DEL02-SP"
256620;2019-12-16;"segunda-feira";"23:10:00";"PR";277;653,2;"MATELANDIA";"Pista Escorregadia";"Colisão frontal";"Com Vítimas Fatais";"Plena Noite";"Crescente";"Chuva";"Simples";"Reta";"Não";3;1;1;0;1;0;1;2;-25,213354;-53,95143726;"SPRF-PR";"DEL05-PR";"UOP02-DEL05-PR"
256624;2019-12-17;"terça-feira";"01:20:00";"SC";101;277;"IMBITUBA";"Defeito Mecânico no Veículo";"Queda de ocupante de veículo";"Com Vítimas Feridas";"Plena Noite";"Crescente";"Garoa/Chuvisco";"Dupla";"Reta";"Sim";4;0;2;0;1;1;2;3;-28,15478103;-48,69265474;"SPRF-SC";"DEL02-SC";"UOP03-DEL02-SC"
256625;2019-12-16;"segunda-feira";"18:30:00";"MA";230;570;"CAROLINA";"Ingestão de Álcool";"Colisão lateral";"Sem Vítimas";"Plena Noite";"Decrescente";"Céu Claro";"Simples";"Ponte";"Não";2;0;0;0;2;0;0;2;-7,3505312;-47,4335541;"SPRF-MA";"DEL05-MA";"UOP01-DEL05-MA"
256629;2019-12-17;"terça-feira";"01:00:00";"RS";290;156,2;"ARROIO DOS RATOS";"Defeito Mecânico no Veículo";"Colisão lateral";"Com Vítimas Feridas";"Plena Noite";"Crescente";"Nublado";"Simples";"Reta";"Não";4;0;1;0;2;1;1;3;-30,106392;-51,767815;"SPRF-RS";"DEL02-RS";"UOP01-DEL02-RS"
256633;2019-12-17;"terça-feira";"05:45:00";"ES";101;151;"LINHARES";"Falta de Atenção à Condução";"Tombamento";"Com Vítimas Feridas";"Amanhecer";"Crescente";"Céu Claro";"Simples";"Reta";"Não";3;0;0;1;2;0;1;1;-19,41156656;-40,06592463;"SPRF-ES";"DEL04-ES";"UOP01-DEL04-ES"
256639;2019-12-17;"terça-feira";"05:10:00";"RJ";116;164,3;"RIO DE JANEIRO";"Agressão Externa";"Colisão traseira";"Com Vítimas Feridas";"Amanhecer";"Crescente";"Céu Claro";"Dupla";"Reta";"Sim";2;0;1;0;1;0;1;2;-22,81074068;-43,28844363;"SPRF-RJ";"DEL01-RJ";"UOP01-DEL01-RJ"
256640;2019-12-17;"terça-feira";"06:30:00";"PE";232;33,7;"MORENO";"Falta de Atenção à Condução";"Colisão traseira";"Sem Vítimas";"Pleno dia";"Crescente";"Céu Claro";"Dupla";"Reta";"Não";2;0;0;0;2;0;0;2;-8,10539025;-35,17523495;"SPRF-PE";"DEL01-PE";"UOP02-DEL02PE"
256652;2019-12-17;"terça-feira";"06:57:00";"MG";381;906,9;"CAMBUI";"Velocidade Incompatível";"Colisão com objeto estático";"Com Vítimas Feridas";"Pleno dia";"Decrescente";"Céu Claro";"Dupla";"Declive;Curva";"Não";2;0;1;0;0;2;1;3;-22,67350595;-46,09346151;"SPRF-MG";"DEL16-MG";"UOP03-DEL16-MG"
256654;2019-12-17;"terça-feira";"07:20:00";"MG";381;287;"ANTONIO DIAS";"Falta de Atenção à Condução";"Colisão lateral";"Com Vítimas Feridas";"Pleno dia";"Decrescente";"Céu Claro";"Simples";"Em Obras;Reta";"Não";3;0;1;0;1;1;1;3;-19,61307968;-42,76934624;"SPRF-MG";"DEL03-MG";"UOP02-DEL03-MG"
256660;2019-12-16;"segunda-feira";"22:30:00";"PA";230;846;"URUARA";"Desobediência às normas de trânsito pelo condutor";"Saída de leito carroçável";"Com Vítimas Feridas";"Plena Noite";"Decrescente";"Nublado";"Simples";"Reta";"Não";1;0;1;0;0;0;1;1;-3,70605761;-53,69300609;"SPRF-PA";"DEL04-PA";"UOP01-DEL04-PA"
256661;2019-12-17;"terça-feira";"08:45:00";"CE";116;427,3;"IPAUMIRIM";"Falta de Atenção à Condução";"Atropelamento de Pedestre";"Com Vítimas Feridas";"Pleno dia";"Crescente";"Céu Claro";"Simples";"Reta";"Sim";3;0;0;1;1;1;1;3;-6,81596816;-38,75368336;"SPRF-CE";"DEL05-CE";"UOP03-DEL05-CE"
256666;2019-12-16;"segunda-feira";"22:30:00";"MG";251;384;"GRAO MOGOL";"Falta de Atenção à Condução";"Saída de leito carroçável";"Com Vítimas Feridas";"Plena Noite";"Crescente";"Céu Claro";"Simples";"Reta";"Não";2;0;1;0;0;1;1;2;-16,28186648;-42,80859223;"SPRF-MG";"DEL12-MG";"UOP01-DEL12-MG"
256669;2019-12-17;"terça-feira";"08:30:00";"RJ";116;279,5;"BARRA MANSA";"Falta de Atenção à Condução";"Colisão traseira";"Sem Vítimas";"Pleno dia";"Crescente";"Céu Claro";"Dupla";"Curva;Aclive";"Não";3;0;0;0;2;1;0;3;-22,54744306;-44,1836602;"SPRF-RJ";"DEL07-RJ";"UOP02-DEL07-RJ"
256670;2019-12-17;"terça-feira";"09:30:00";"MG";365;423;"PATOS DE MINAS";"Falta de Atenção à Condução";"Colisão traseira";"Com Vítimas Feridas";"Pleno dia";"Crescente";"Céu Claro";"Simples";"Reta;Declive";"Não";4;0;2;0;2;0;2;3;-18,72358684;-46,61675818;"SPRF-MG";"DEL10-MG";"UOP01-DEL10-MG"
256677;2019-12-17;"terça-feira";"03:30:00";"SP";116;351;"MIRACATU";"Velocidade Incompatível";"Tombamento";"Sem Vítimas";"Pleno dia";"Decrescente";"Céu Claro";"Dupla";"Reta";"Não";2;0;0;0;1;1;0;2;-24,06157909;-47,22591797;"SPRF-SP";"DEL04-SP";"UOP02-DEL04-SP"
256678;2019-12-17;"terça-feira";"08:50:00";"MT";70;291;"PRIMAVERA DO LESTE";"Falta de Atenção à Condução";"Tombamento";"Sem Vítimas";"Pleno dia";"Crescente";"Nublado";"Simples";"Interseção de Vias";"Não";2;0;0;0;1;1;0;2;-15,57837833;-54,39533997;"SPRF-MT";"DEL05-MT";"UOP01-DEL05-MT"
256681;2019-12-17;"terça-feira";"10:30:00";"GO";153;331,4;"RIANAPOLIS";"Não guardar distância de segurança";"Colisão traseira";"Com Vítimas Feridas";"Pleno dia";"Crescente";"Céu Claro";"Simples";"Reta";"Não";5;0;0;2;2;1;2;5;-15,530048;-49,453377;"SPRF-GO";"DEL02-GO";"UOP02-DEL02-GO"
256685;2019-12-17;"terça-feira";"09:55:00";"PR";376;599,7;"CURITIBA";"Falta de Atenção à Condução";"Colisão traseira";"Sem Vítimas";"Pleno dia";"Crescente";"Chuva";"Dupla";"Reta";"Sim";2;0;0;0;2;0;0;2;-25,52629711;-49,32958412;"SPRF-PR";"DEL01-PR";"UOP06-DEL01-PR"
256686;2019-12-17;"terça-feira";"10:50:00";"RS";290;181,8;"MINAS DO LEAO";"Velocidade Incompatível";"Colisão traseira";"Com Vítimas Feridas";"Pleno dia";"Decrescente";"Sol";"Simples";"Reta;Aclive";"Sim";3;0;1;0;1;3;1;5;-30,1429747;-52,03914642;"SPRF-RS";"DEL02-RS";"UOP02-DEL02-RS"
256689;2019-12-17;"terça-feira";"11:45:00";"RS";116;248;"SAO LEOPOLDO";"Falta de Atenção à Condução";"Colisão transversal";"Com Vítimas Feridas";"Pleno dia";"Decrescente";"Sol";"Dupla";"Reta";"Sim";3;0;1;0;1;1;1;3;-29,77313671;-51,15421241;"SPRF-RS";"DEL01-RS";"UOP02-DEL01-RS"
256694;2019-12-17;"terça-feira";"12:00:00";"CE";222;23,8;"CAUCAIA";"Condutor Dormindo";"Colisão traseira";"Com Vítimas Feridas";"Pleno dia";"Crescente";"Céu Claro";"Simples";"Reta";"Sim";4;0;1;0;3;0;1;2;-3,73178984;-38,75974197;"SPRF-CE";"DEL01-CE";"UOP01-DEL01-CE"
256703;2019-12-17;"terça-feira";"12:45:00";"MG";381;491,8;"BETIM";"Falta de Atenção à Condução";"Colisão lateral";"Com Vítimas Feridas";"Pleno dia";"Crescente";"Céu Claro";"Múltipla";"Reta";"Sim";2;0;1;0;1;0;1;2;-19,96044136;-44,15679932;"SPRF-MG";"DEL01-MG";"UOP03-DEL01-MG"
256708;2019-12-17;"terça-feira";"11:45:00";"MT";364;269,6;"JACIARA";"Falta de Atenção à Condução";"Colisão lateral";"Com Vítimas Feridas";"Pleno dia";"Crescente";"Sol";"Simples";"Rotatória";"Não";6;0;3;0;2;2;3;4;-15,974228;-54,938;"SPRF-MT";"DEL02-MT";"UOP02-DEL05-MT"
256709;2019-12-17;"terça-feira";"13:05:00";"PE";232;408,9;"SERRA TALHADA";"Falta de Atenção à Condução";"Colisão lateral";"Com Vítimas Feridas";"Pleno dia";"Decrescente";"Céu Claro";"Simples";"Aclive";"Sim";2;0;0;1;1;0;1;2;-7,9825996;-38,28710675;"SPRF-PE";"DEL04-PE";"UOP01-DEL04-PE"
256711;2019-12-17;"terça-feira";"13:40:00";"PR";376;588;"CURITIBA";"Falta de Atenção à Condução";"Colisão traseira";"Com Vítimas Feridas";"Pleno dia";"Decrescente";"Chuva";"Dupla";"Reta";"Sim";3;0;1;0;1;1;1;3;-25,43381713;-49,36546121;"SPRF-PR";"DEL01-PR";"UOP06-DEL01-PR"
256712;2019-12-16;"segunda-feira";"23:00:00";"MG";365;317,6;"JOAO PINHEIRO";"Defeito Mecânico no Veículo";"Incêndio";"Sem Vítimas";"Plena Noite";"Decrescente";"Ignorado";"Simples";"Curva";"Não";1;0;0;0;1;0;0;1;-18,23733;-45,85589;"SPRF-MG";"DEL10-MG";"UOP01-DEL10-MG"
256716;2019-12-17;"terça-feira";"15:00:00";"MG";365;575,2;"INDIANOPOLIS";"Falta de Atenção à Condução";"Colisão traseira";"Com Vítimas Feridas";"Pleno dia";"Crescente";"Céu Claro";"Simples";"Reta;Em Obras";"Não";3;0;1;0;1;1;1;3;-18,90622665;-47,90172223;"SPRF-MG";"DEL15-MG";"UOP02-DEL15-MG"
256723;2019-12-17;"terça-feira";"15:40:00";"AL";101;149,9;"JEQUIA DA PRAIA";"Ultrapassagem Indevida";"Colisão lateral";"Com Vítimas Feridas";"Pleno dia";"Crescente";"Sol";"Simples";"Curva";"Não";3;0;1;0;1;2;1;4;-9,89402674;-36,14110191;"SPRF-AL";"DEL02-AL";"UOP02-DEL02-AL"
256725;2019-12-17;"terça-feira";"16:25:00";"SC";101;198,4;"BIGUACU";"Não guardar distância de segurança";"Colisão traseira";"Com Vítimas Feridas";"Pleno dia";"Decrescente";"Chuva";"Dupla";"Reta";"Sim";4;0;1;0;2;1;1;4;-27,52658712;-48,63506019;"SPRF-SC";"DEL01-SC";"UOP01-DEL01-SC"
256726;2019-12-17;"terça-feira";"10:09:00";"RO";364;432,9;"JARU";"Objeto estático sobre o leito carroçável";"Danos eventuais";"Com Vítimas Feridas";"Amanhecer";"Crescente";"Céu Claro";"Simples";"Reta";"Não";7;0;0;1;1;5;1;3;-10,40041019;-62,52516413;"SPRF-RO";"DEL03-RO";"UOP02-DEL03-RO"
256729;2019-12-17;"terça-feira";"15:20:00";"PI";316;8;"TERESINA";"Falta de Atenção à Condução";"Colisão transversal";"Com Vítimas Feridas";"Pleno dia";"Crescente";"Céu Claro";"Simples";"Reta;Em Obras";"Sim";3;0;1;1;1;0;2;3;-5,16483402;-42,76899508;"SPRF-PI";"DEL01-PI";"UOP02-DEL01-PI"
256733;2019-12-17;"terça-feira";"12:45:00";"PR";476;179,6;"CONTENDA";"Falta de Atenção à Condução";"Tombamento";"Com Vítimas Feridas";"Pleno dia";"Crescente";"Nublado";"Simples";"Curva";"Não";2;0;0;1;0;1;1;2;-25,702982;-49,582001;"SPRF-PR";"DEL01-PR";"UOP06-DEL01-PR"
256736;2019-12-17;"terça-feira";"15:30:00";"GO";153;437,9;"ANAPOLIS";"Não guardar distância de segurança";"Colisão traseira";"Sem Vítimas";"Pleno dia";"Crescente";"Céu Claro";"Dupla";"Reta";"Sim";2;0;0;0;1;1;0;2;-16,286884;-48,942978;"SPRF-GO";"DEL02-GO";"UOP01-DEL02-GO"
256738;2019-12-17;"terça-feira";"17:20:00";"RS";386;26,6;"FREDERICO WESTPHALEN";"Desobediência às normas de trânsito pelo condutor";"Colisão lateral";"Com Vítimas Feridas";"Pleno dia";"Decrescente";"Céu Claro";"Simples";"Reta";"Não";9;0;3;0;5;2;3;5;-27,300388;-53,363838;"SPRF-RS";"DEL08-RS";"UOP02-DEL08-RS"
256761;2019-12-17;"terça-feira";"15:30:00";"SC";101;264;"PAULO LOPES";"Falta de Atenção à Condução";"Colisão transversal";"Com Vítimas Feridas";"Pleno dia";"Decrescente";"Chuva";"Dupla";"Reta";"Não";4;0;0;1;2;1;1;3;-28,05149404;-48,71632789;"SPRF-SC";"DEL02-SC";"UOP03-DEL02-SC"
256765;2019-12-17;"terça-feira";"19:10:00";"AL";316;238,8;"ATALAIA";"Falta de Atenção à Condução";"Colisão transversal";"Com Vítimas Feridas";"Plena Noite";"Decrescente";"Céu Claro";"Simples";"Reta";"Sim";10;0;2;3;4;1;5;2;-9,50263511;-36,04855803;"SPRF-AL";"DEL01-AL";"UOP01-DEL01-AL"
256767;2019-12-17;"terça-feira";"19:25:00";"SC";101;213;"PALHOCA";"Não guardar distância de segurança";"Colisão traseira";"Com Vítimas Feridas";"Plena Noite";"Decrescente";"Garoa/Chuvisco";"Dupla";"Aclive";"Sim";4;0;1;0;2;1;1;4;-27,63697369;-48,66514142;"SPRF-SC";"DEL01-SC";"UOP02-DEL01-SC"
256768;2019-12-17;"terça-feira";"19:00:00";"SP";381;26;"BRAGANCA PAULISTA";"Velocidade Incompatível";"Saída de leito carroçável";"Sem Vítimas";"Plena Noite";"Crescente";"Garoa/Chuvisco";"Dupla";"Reta";"Não";2;0;0;0;1;1;0;2;-23,02679312;-46,53612988;"SPRF-SP";"DEL03-SP";"UOP02-DEL03-SP"
256771;2019-12-17;"terça-feira";"13:50:00";"SC";470;220,2;"SAO CRISTOVAO DO SUL";"Pista Escorregadia";"Saída de leito carroçável";"Sem Vítimas";"Pleno dia";"Decrescente";"Garoa/Chuvisco";"Simples";"Curva";"Não";2;0;0;0;1;2;0;3;-27,309702;-50,30975;"SPRF-SC";"DEL05-SC";"UOP03-DEL05-SC"
256774;2019-12-17;"terça-feira";"19:00:00";"MG";381;905;"CAMBUI";"Defeito Mecânico no Veículo";"Colisão lateral";"Sem Vítimas";"Plena Noite";"Decrescente";"Chuva";"Dupla";"Curva";"Não";4;0;0;0;3;3;0;6;-22,66044364;-46,08820807;"SPRF-MG";"DEL16-MG";"UOP03-DEL16-MG"
256778;2019-12-17;"terça-feira";"20:10:00";"SC";101;208,3;"SAO JOSE";"Falta de Atenção à Condução";"Colisão traseira";"Sem Vítimas";"Plena Noite";"Decrescente";"Chuva";"Múltipla";"Reta";"Sim";2;0;0;0;2;0;0;2;-27,60552391;-48,63395518;"SPRF-SC";"DEL01-SC";"UOP01-DEL01-SC"
256780;2019-12-17;"terça-feira";"15:40:00";"GO";80;3,9;"PADRE BERNARDO";"Velocidade Incompatível";"Tombamento";"Com Vítimas Feridas";"Pleno dia";"Crescente";"Nublado";"Simples";"Curva";"Sim";2;0;1;0;0;1;1;2;-15,50047;-48,220239;"SPRF-DF";"DEL01-DF";"UOP02-DEL03-DF"
256784;2019-12-17;"terça-feira";"20:50:00";"MG";40;598,4;"OURO PRETO";"Mal Súbito";"Colisão traseira";"Com Vítimas Feridas";"Plena Noite";"Crescente";"Céu Claro";"Simples";"Curva";"Não";2;0;1;0;1;0;1;2;-20,422747;-43,872038;"SPRF-MG";"DEL05-MG";"UOP02-DEL05-MG"
256786;2019-12-17;"terça-feira";"20:46:00";"SP";116;93,2;"PINDAMONHANGABA";"Não guardar distância de segurança";"Colisão traseira";"Com Vítimas Feridas";"Plena Noite";"Decrescente";"Chuva";"Dupla";"Reta";"Sim";4;0;1;0;2;1;1;4;-22,95653207;-45,41300297;"SPRF-SP";"DEL06-SP";"UOP01-DEL06-SP"
256788;2019-12-17;"terça-feira";"19:00:00";"PR";153;484;"PORTO VITORIA";"Falta de Atenção à Condução";"Capotamento";"Com Vítimas Fatais";"Anoitecer";"Crescente";"Nublado";"Simples";"Interseção de Vias";"Não";1;1;0;0;0;0;0;1;-26,3133299;-51,218632;"SPRF-PR";"DEL02-PR";"UOP03-DEL02-PR"
256806;2019-12-17;"terça-feira";"23:40:00";"MG";381;668,1;"PERDOES";"Não guardar distância de segurança";"Colisão traseira";"Com Vítimas Feridas";"Plena Noite";"Crescente";"Céu Claro";"Dupla";"Reta";"Não";15;0;3;0;12;0;3;2;-21,06787894;-45,05229868;"SPRF-MG";"DEL04-MG";"UOP02-DEL04-MG"
256812;2019-12-17;"terça-feira";"23:15:00";"MG";40;510;"RIBEIRAO DAS NEVES";"Ultrapassagem Indevida";"Colisão transversal";"Com Vítimas Feridas";"Plena Noite";"Crescente";"Céu Claro";"Dupla";"Reta";"Não";3;0;1;0;1;1;1;3;-19,77463885;-44,12321882;"SPRF-MG";"DEL01-MG";"UOP02-DEL01-MG"
256814;2019-12-18;"quarta-feira";"00:31:00";"SP";116;95,7;"PINDAMONHANGABA";"Falta de Atenção à Condução";"Colisão lateral";"Sem Vítimas";"Plena Noite";"Decrescente";"Chuva";"Dupla";"Declive";"Não";5;0;0;0;3;3;0;6;-22,96514512;-45,43013094;"SPRF-SP";"DEL06-SP";"UOP01-DEL06-SP"
256819;2019-12-18;"quarta-feira";"01:23:00";"SP";116;97,6;"PINDAMONHANGABA";"Não guardar distância de segurança";"Engavetamento";"Com Vítimas Feridas";"Plena Noite";"Decrescente";"Chuva";"Dupla";"Declive";"Sim";6;0;0;3;2;1;3;4;-22,97375666;-45,44726115;"SPRF-SP";"DEL06-SP";"UOP01-DEL06-SP"
256827;2019-12-18;"quarta-feira";"04:20:00";"CE";116;204,2;"TABULEIRO DO NORTE";"Não guardar distância de segurança";"Colisão traseira";"Com Vítimas Fatais";"Plena Noite";"Crescente";"Céu Claro";"Simples";"Aclive";"Não";3;1;0;0;2;0;0;3;-5,20519288;-38,20608954;"SPRF-CE";"DEL03-CE";"UOP01-DEL03-CE"
256828;2019-12-18;"quarta-feira";"03:10:00";"SC";101;312,1;"LAGUNA";"Defeito Mecânico no Veículo";"Saída de leito carroçável";"Sem Vítimas";"Plena Noite";"Decrescente";"Céu Claro";"Dupla";"Curva;Declive";"Sim";2;0;0;0;1;1;0;2;-28,44094967;-48,82366061;"SPRF-SC";"DEL02-SC";"UOP01-DEL02-SC"
256829;2019-12-18;"quarta-feira";"03:00:00";"SP";381;50;"ATIBAIA";"Condutor Dormindo";"Saída de leito carroçável";"Sem Vítimas";"Plena Noite";"Crescente";"Garoa/Chuvisco";"Múltipla";"Reta";"Sim";2;0;0;0;1;1;0;2;-23,21359807;-46,59367981;"SPRF-SP";"DEL03-SP";"UOP01-DEL03-SP"
256830;2019-12-18;"quarta-feira";"04:50:00";"ES";101;186;"ARACRUZ";"Animais na Pista";"Atropelamento de Animal";"Com Vítimas Feridas";"Amanhecer";"Crescente";"Céu Claro";"Simples";"Declive";"Não";3;0;1;0;2;0;1;1;-19,66488404;-40,24929498;"SPRF-ES";"DEL04-ES";"UOP01-DEL04-ES"