"id";"data_inversa";"dia_semana";"horario";"uf";"br";"km";"municipio";"causa_acidente";"tipo_acidente";"classificacao_acidente";"fase_dia";"sentido_via";"condicao_metereologica";"tipo_pista";"tracado_via";"uso_solo";"pessoas";"mortos";"feridos_leves";"feridos_graves";"ilesos";"ignorados";"feridos";"veiculos";"latitude";"longitude";"regional";"delegacia";"uop"
256832;2019-12-18;"quarta-feira";"05:05:00";"SC";101;296,3;"IMBITUBA";"Falta de Atenção à Condução";"Colisão traseira";"Com Vítimas Fatais";"Amanhecer";"Decrescente";"Céu Claro";"Dupla";"Reta";"Não";4;1;0;1;1;1;1;3;-28,30563701;-48,72103898;"SPRF-SC";"DEL02-SC";"UOP03-DEL02-SC"
256833;2019-12-18;"quarta-feira";"04:50:00";"PR";116;125;"FAZENDA RIO GRANDE";"Condutor Dormindo";"Colisão traseira";"Com Vítimas Feridas";"Pleno dia";"Decrescente";"Nublado";"Múltipla";"Reta;Interseção de Vias";"Sim";2;0;1;0;1;0;1;2;-25,59505309;-49,31630659;"SPRF-PR";"DEL01-PR";"UOP03-DEL01-PR"
256840;2019-12-17;"terça-feira";"22:00:00";"ES";101;264;"SERRA";"Defeito Mecânico no Veículo";"Danos eventuais";"Sem Vítimas";"Pleno dia";"Decrescente";"Céu Claro";"Dupla";"Reta";"Não";2;0;0;0;1;1;0;2;-20,17292791;-40,26736384;"SPRF-ES";"DEL02-ES";"UOP01-DEL02-ES"
256843;2019-12-18;"quarta-feira";"05:15:00";"SC";470;256,6;"CURITIBANOS";"Mal Súbito";"Saída de leito carroçável";"Com Vítimas Feridas";"Anoitecer";"Crescente";"Nublado";"Simples";"Reta";"Não";2;0;1;0;0;1;1;2;-27,309309;-50,630985;"SPRF-SC";"DEL05-SC";"UOP03-DEL05-SC"
256853;2019-12-18;"quarta-feira";"07:45:00";"RS";290;681;"URUGUAIANA";"Defeito Mecânico no Veículo";"Incêndio";"Sem Vítimas";"Pleno dia";"Crescente";"Céu Claro";"Simples";"Reta";"Não";6;0;0;0;6;0;0;1;-29,899723;-56,7034;"SPRF-RS";"DEL13-RS";"UOP01-DEL13-RS"
256858;2019-12-18;"quarta-feira";"07:40:00";"MG";40;550,1;"NOVA LIMA";"Não guardar distância de segurança";"Engavetamento";"Com Vítimas Feridas";"Pleno dia";"Crescente";"Céu Claro";"Dupla";"Reta";"Sim";7;0;3;0;4;0;3;4;-20,0477638;-43,96439441;"SPRF-MG";"DEL01-MG";"UOP02-DEL01-MG"
256869;2019-12-17;"terça-feira";"06:00:00";"SP";116;446;"REGISTRO";"Falta de Atenção à Condução";"Tombamento";"Com Vítimas Feridas";"Plena Noite";"Decrescente";"Chuva";"Dupla";"Reta";"Não";1;0;1;0;0;0;1;1;-24,50467087;-47,84772743;"SPRF-SP";"DEL05-SP";"UOP01-DEL05-SP"
256872;2019-12-18;"quarta-feira";"06:30:00";"PB";230;65,8;"SAO MIGUEL DE TAIPU";"Carga excessiva e/ou mal acondicionada";"Derramamento de carga";"Sem Vítimas";"Pleno dia";"Decrescente";"Céu Claro";"Dupla";"Curva;Declive";"Não";2;0;0;0;1;1;0;2;-7,185242;-35,195381;"SPRF-PB";"DEL01-PB";"UOP03-DEL01-PB"
256878;2019-12-18;"quarta-feira";"09:15:00";"RN";405;130,7;"SAO FRANCISCO DO OESTE";"Falta de Atenção à Condução";"Saída de leito carroçável";"Com Vítimas Feridas";"Pleno dia";"Crescente";"Céu Claro";"Simples";"Curva";"Não";2;0;2;0;0;0;2;2;-5,95858888;-38,12653433;"SPRF-RN";"DEL04-RN";"UOP02-DEL04-RN"
256879;2019-12-18;"quarta-feira";"08:35:00";"MG";381;870;"POUSO ALEGRE";"Desobediência às normas de trânsito pelo condutor";"Colisão traseira";"Com Vítimas Feridas";"Pleno dia";"Decrescente";"Nublado";"Dupla";"Reta";"Não";3;0;1;0;2;0;1;2;-22,43326603;-45,97831097;"SPRF-MG";"DEL16-MG";"UOP01-DEL16-MG"
256890;2019-12-18;"quarta-feira";"09:50:00";"MG";381;654,5;"SANTO ANTONIO DO AMPARO";"Velocidade Incompatível";"Derramamento de carga";"Com Vítimas Feridas";"Pleno dia";"Decrescente";"Sol";"Múltipla";"Curva;Aclive";"Não";1;0;1;0;0;0;1;1;-20,99437964;-44,96041633;"SPRF-MG";"DEL04-MG";"UOP02-DEL04-MG"
256895;2019-12-18;"quarta-feira";"10:15:00";"RJ";116;143;"DUQUE DE CAXIAS";"Falta de Atenção à Condução";"Colisão traseira";"Sem Vítimas";"Pleno dia";"Crescente";"Céu Claro";"Múltipla";"Reta";"Sim";2;0;0;0;2;0;0;2;-22,65237271;-43,23918118;"SPRF-RJ";"DEL01-RJ";"UOP01-DEL01-RJ"
256899;2019-12-18;"quarta-feira";"10:00:00";"PR";376;679;"GUARATUBA";"Defeito Mecânico no Veículo";"Incêndio";"Sem Vítimas";"Pleno dia";"Crescente";"Chuva";"Dupla";"Reta";"Não";2;0;0;0;1;1;0;2;-25,95050276;-48,90514477;"SPRF-PR";"DEL01-PR";"UOP04-DEL01-PR"
256900;2019-12-18;"quarta-feira";"06:30:00";"SC";153;45,7;"VARGEM BONITA";"Desobediência às normas de trânsito pelo condutor";"Colisão lateral";"Com Vítimas Feridas";"Pleno dia";"Decrescente";"Céu Claro";"Simples";"Declive;Reta";"Não";5;0;2;0;1;2;2;4;-26,883162;-51,757702;"SPRF-SC";"DEL07-SC";"UOP07-DEL07-SC"
256902;2019-12-18;"quarta-feira";"11:18:00";"PB";230;5,7;"CABEDELO";"Velocidade Incompatível";"Tombamento";"Com Vítimas Feridas";"Pleno dia";"Crescente";"Céu Claro";"Dupla";"Reta";"Sim";2;0;1;0;1;0;1;1;-7,01704;-34,834661;"SPRF-PB";"DEL01-PB";"UOP01-DEL01-PB"
256903;2019-12-18;"quarta-feira";"11:30:00";"SP";381;49;"ATIBAIA";"Não guardar distância de segurança";"Colisão traseira";"Com Vítimas Feridas";"Pleno dia";"Crescente";"Nublado";"Dupla";"Reta";"Sim";2;0;1;0;1;0;1;2;-23,20535293;-46,59066516;"SPRF-SP";"DEL03-SP";"UOP01-DEL03-SP"
256908;2019-12-18;"quarta-feira";"06:45:00";"MG";381;387;"SAO GONCALO DO RIO ABAIXO";"Defeito Mecânico no Veículo";"Danos eventuais";"Sem Vítimas";"Pleno dia";"Decrescente";"Sol";"Simples";"Reta";"Não";2;0;0;0;1;1;0;2;-19,79575004;-43,42574708;"SPRF-MG";"DEL01-MG";"UOP01-DEL01-MG"
256909;2019-12-18;"quarta-feira";"08:05:00";"MG";381;907,6;"CAMBUI";"Falta de Atenção à Condução";"Colisão traseira";"Sem Vítimas";"Pleno dia";"Crescente";"Nublado";"Dupla";"Reta;Aclive";"Não";2;0;0;0;1;1;0;2;-22,6756588;-46,09817436;"SPRF-MG";"DEL16-MG";"UOP03-DEL16-MG"
256912;2019-12-18;"quarta-feira";"12:30:00";"SE";235;12;"NOSSA SENHORA DO SOCORRO";"Condutor Dormindo";"Saída de leito carroçável";"Com Vítimas Feridas";"Pleno dia";"Decrescente";"Céu Claro";"Simples";"Reta";"Não";2;0;2;0;0;0;2;1;-10,872643;-37,163246;"SPRF-SE";"DEL01-SE";"UOP01-DEL01-SE"
256916;2019-12-18;"quarta-feira";"11:10:00";"CE";116;229;"ALTO SANTO";"Falta de Atenção à Condução";"Colisão traseira";"Com Vítimas Feridas";"Pleno dia";"Crescente";"Céu Claro";"Simples";"Declive";"Não";3;0;1;0;1;1;1;3;-5,39895918;-38,24067187;"SPRF-CE";"DEL03-CE";"UOP01-DEL03-CE"
256921;2019-12-18;"quarta-feira";"13:00:00";"SP";153;59;"SAO JOSE DO RIO PRETO";"Falta de Atenção à Condução";"Engavetamento";"Sem Vítimas";"Pleno dia";"Crescente";"Nublado";"Simples";"Desvio Temporário";"Sim";3;0;0;0;3;0;0;3;-20,78733103;-49,35399276;"SPRF-SP";"DEL09-SP";"UOP01-DEL09-SP"
256923;2019-12-18;"quarta-feira";"12:55:00";"RJ";40;121;"DUQUE DE CAXIAS";"Falta de Atenção à Condução";"Colisão traseira";"Com Vítimas Feridas";"Pleno dia";"Decrescente";"Nublado";"Múltipla";"Reta";"Sim";4;0;1;0;3;0;1;2;-22,78185499;-43,28571273;"SPRF-RJ";"DEL01-RJ";"UOP01-DEL01-RJ"
256935;2019-12-18;"quarta-feira";"11:00:00";"MT";174;557;"COMODORO";"Não guardar distância de segurança";"Colisão traseira";"Com Vítimas Feridas";"Pleno dia";"Crescente";"Chuva";"Simples";"Reta";"Não";5;0;1;1;2;2;2;5;-13,08219702;-59,89304209;"SPRF-RO";"DEL04-RO";"UOP01-DEL04-RO"
256939;2019-12-18;"quarta-feira";"14:27:00";"GO";153;370,2;"JARAGUA";"Falta de Atenção à Condução";"Colisão transversal";"Com Vítimas Feridas";"Pleno dia";"Decrescente";"Chuva";"Simples";"Curva";"Não";4;0;1;0;3;0;1;3;-15,828105;-49,280899;"SPRF-GO";"DEL02-GO";"UOP02-DEL02-GO"
256941;2019-12-18;"quarta-feira";"14:20:00";"PE";101;49,6;"ABREU E LIMA";"Desobediência às normas de trânsito pelo condutor";"Colisão traseira";"Com Vítimas Fatais";"Pleno dia";"Decrescente";"Sol";"Múltipla";"Reta";"Sim";3;1;0;0;2;0;0;3;-7,9005152;-34,90180641;"SPRF-PE";"DEL01-PE";"UOP02-DEL01-PE"
256953;2019-12-18;"quarta-feira";"14:40:00";"SE";101;69;"MARUIM";"Não guardar distância de segurança";"Colisão traseira";"Sem Vítimas";"Pleno dia";"Crescente";"Céu Claro";"Simples";"Declive";"Não";3;0;0;0;3;0;0;3;-10,74545146;-37,09533691;"SPRF-SE";"DEL01-SE";"UOP01-DEL01-SE"
256957;2019-12-18;"quarta-feira";"14:30:00";"MG";262;77,6;"MATIPO";"Desobediência às normas de trânsito pelo condutor";"Colisão frontal";"Sem Vítimas";"Pleno dia";"Crescente";"Céu Claro";"Simples";"Reta";"Não";2;0;0;0;2;0;0;2;-20,33661994;-42,34859958;"SPRF-MG";"DEL03-MG";"UOP03-DEL03-MG"
256965;2019-12-18;"quarta-feira";"16:28:00";"TO";153;297;"PRESIDENTE KENNEDY";"Não guardar distância de segurança";"Engavetamento";"Com Vítimas Feridas";"Pleno dia";"Crescente";"Chuva";"Simples";"Aclive";"Não";7;0;2;0;5;0;2;5;-8,50685805;-48,48795923;"SPRF-TO";"DEL02-TO";"UOP02-DEL02-TO"
256967;2019-12-18;"quarta-feira";"15:30:00";"RJ";393;253;"BARRA DO PIRAI";"Defeito Mecânico no Veículo";"Saída de leito carroçável";"Sem Vítimas";"Pleno dia";"Decrescente";"Chuva";"Simples";"Reta";"Não";1;0;0;0;1;0;0;1;-22,43940862;-43,78355221;"SPRF-RJ";"DEL05-RJ";"UOP04-DEL05-RJ"
256969;2019-12-18;"quarta-feira";"15:00:00";"SC";101;222,9;"PALHOCA";"Falta de Atenção à Condução";"Colisão traseira";"Com Vítimas Feridas";"Pleno dia";"Decrescente";"Céu Claro";"Múltipla";"Reta";"Não";2;0;0;1;1;0;1;2;-27,70865409;-48,65586407;"SPRF-SC";"DEL01-SC";"UOP02-DEL01-SC"
256974;2019-12-18;"quarta-feira";"17:00:00";"SP";116;289;"ITAPECERICA DA SERRA";"Desobediência às normas de trânsito pelo condutor";"Colisão traseira";"Com Vítimas Feridas";"Amanhecer";"Decrescente";"Céu Claro";"Dupla";"Reta";"Sim";4;0;0;2;1;1;2;3;-23,72290969;-46,89096614;"SPRF-SP";"DEL04-SP";"UOP01-DEL04-SP"
256975;2019-12-18;"quarta-feira";"16:00:00";"RJ";116;247,4;"PIRAI";"Falta de Atenção à Condução";"Colisão traseira";"Com Vítimas Feridas";"Pleno dia";"Crescente";"Chuva";"Dupla";"Reta";"Não";2;0;1;0;1;0;1;2;-22,60655103;-43,93505207;"SPRF-RJ";"DEL07-RJ";"UOP01-DEL07-RJ"
256976;2019-12-18;"quarta-feira";"16:30:00";"RJ";116;280;"BARRA MANSA";"Pista Escorregadia";"Colisão traseira";"Sem Vítimas";"Pleno dia";"Crescente";"Chuva";"Dupla";"Reta";"Não";3;0;0;0;2;1;0;3;-22,54134895;-44,19176093;"SPRF-RJ";"DEL07-RJ";"UOP02-DEL07-RJ"
256978;2019-12-18;"quarta-feira";"16:40:00";"PR";476;248,2;"LAPA";"Ingestão de Álcool";"Colisão traseira";"Sem Vítimas";"Pleno dia";"Crescente";"Nublado";"Simples";"Reta";"Não";2;0;0;0;2;0;0;2;-25,863937;-50,141865;"SPRF-PR";"DEL02-PR";"UOP04-DEL02-PR"
256979;2019-12-18;"quarta-feira";"04:30:00";"PR";476;240,7;"LAPA";"Velocidade Incompatível";"Tombamento";"Com Vítimas Feridas";"Plena Noite";"Crescente";"Garoa/Chuvisco";"Simples";"Curva";"Não";1;0;1;0;0;0;1;1;-25,86574019;-50,067873;"SPRF-PR";"DEL02-PR";"UOP04-DEL02-PR"
256982;2019-12-18;"quarta-feira";"13:10:00";"MG";146;571;"CABO VERDE";"Velocidade Incompatível";"Colisão traseira";"Com Vítimas Feridas";"Pleno dia";"Decrescente";"Chuva";"Simples";"Declive;Curva";"Não";4;0;2;0;2;0;2;2;-21,55634687;-46,40327076;"SPRF-MG";"DEL16-MG";"UOP01-DEL09-MG"
256983;2019-12-18;"quarta-feira";"14:40:00";"GO";60;34;"ALEXANIA";"Defeito Mecânico no Veículo";"Incêndio";"Sem Vítimas";"Pleno dia";"Decrescente";"Céu Claro";"Dupla";"Reta";"Não";2;0;0;0;1;1;0;2;-16,0963;-48,5202;"SPRF-DF";"DEL01-DF";"UOP01-DEL03-DF"
256987;2019-12-18;"quarta-feira";"18:10:00";"RS";116;142;"CAXIAS DO SUL";"Desobediência às normas de trânsito pelo condutor";"Colisão transversal";"Com Vítimas Feridas";"Pleno dia";"Crescente";"Céu Claro";"Dupla";"Interseção de Vias";"Sim";2;0;1;0;1;0;1;2;-29,11727;-51,115208;"SPRF-RS";"DEL05-RS";"UOP01-DEL05-RS"
256989;2019-12-18;"quarta-feira";"16:15:00";"GO";251;24;"CRISTALINA";"Falta de Atenção do Pedestre";"Atropelamento de Pedestre";"Com Vítimas Feridas";"Pleno dia";"Crescente";"Garoa/Chuvisco";"Simples";"Reta";"Sim";2;0;0;1;1;0;1;2;-16,12319988;-47,48892934;"SPRF-DF";"DEL01-DF";"UOP01-DEL01-DF"
256991;2019-12-18;"quarta-feira";"18:00:00";"RJ";40;112;"DUQUE DE CAXIAS";"Falta de Atenção à Condução";"Colisão lateral";"Com Vítimas Feridas";"Plena Noite";"Decrescente";"Céu Claro";"Múltipla";"Reta";"Não";2;0;1;0;1;0;1;2;-22,7004454;-43,29014851;"SPRF-RJ";"DEL01-RJ";"UOP01-DEL01-RJ"
256997;2019-12-18;"quarta-feira";"17:12:00";"MS";60;502;"MARACAJU";"Falta de Atenção à Condução";"Colisão lateral";"Com Vítimas Fatais";"Pleno dia";"Decrescente";"Céu Claro";"Simples";"Reta";"Não";4;1;1;0;2;0;1;3;-21,215427;-55,528361;"SPRF-MS";"DEL01-MS";"UOP04-DEL01-MS"
257004;2019-12-18;"quarta-feira";"17:30:00";"RJ";116;280;"BARRA MANSA";"Falta de Atenção à Condução";"Colisão traseira";"Com Vítimas Feridas";"Pleno dia";"Decrescente";"Chuva";"Dupla";"Reta";"Não";4;0;1;0;2;1;1;4;-22,54134895;-44,19176093;"SPRF-RJ";"DEL07-RJ";"UOP02-DEL07-RJ"
257010;2019-12-18;"quarta-feira";"19:35:00";"PE";232;68,6;"GRAVATA";"Defeito Mecânico no Veículo";"Incêndio";"Sem Vítimas";"Plena Noite";"Decrescente";"Céu Claro";"Dupla";"Curva";"Não";2;0;0;0;1;1;0;2;-8,17603343;-35,47535777;"SPRF-PE";"DEL01-PE";"UOP02-DEL02PE"
257013;2019-12-18;"quarta-feira";"18:10:00";"SC";470;317,2;"CAMPOS NOVOS";"Mal Súbito";"Colisão frontal";"Com Vítimas Feridas";"Pleno dia";"Crescente";"Sol";"Simples";"Curva";"Sim";3;0;2;0;0;1;2;3;-27,404869;-51,206257;"SPRF-SC";"DEL07-SC";"UOP06-DEL07-SC"
257025;2019-12-18;"quarta-feira";"18:30:00";"RS";285;357,5;"CARAZINHO";"Falta de Atenção à Condução";"Colisão com objeto estático";"Com Vítimas Fatais";"Anoitecer";"Crescente";"Céu Claro";"Simples";"Ponte";"Não";3;1;2;0;0;0;2;1;-28,355036;-52,951656;"SPRF-RS";"DEL08-RS";"UOP03-DEL08-RS"
257033;2019-12-18;"quarta-feira";"21:50:00";"PR";369;185;"ARAPONGAS";"Falta de Atenção do Pedestre";"Atropelamento de Pedestre";"Com Vítimas Feridas";"Plena Noite";"Crescente";"Céu Claro";"Dupla";"Reta";"Sim";3;0;1;0;1;1;1;3;-23,40695933;-51,42813921;"SPRF-PR";"DEL07-PR";"UOP03-DEL07-PR"
257042;2019-12-18;"quarta-feira";"18:45:00";"PA";10;186;"IPIXUNA DO PARA";"Não guardar distância de segurança";"Colisão lateral";"Sem Vítimas";"Plena Noite";"Crescente";"Céu Claro";"Simples";"Reta";"Não";3;0;0;0;3;0;0;3;-2,80547403;-47,44958518;"SPRF-PA";"DEL02-PA";"UOP01-DEL02-PA"
257043;2019-12-18;"quarta-feira";"20:30:00";"SC";116;251,1;"LAGES";"Falta de Atenção à Condução";"Colisão transversal";"Com Vítimas Feridas";"Plena Noite";"Crescente";"Nublado";"Simples";"Reta;Interseção de Vias";"Não";6;0;3;0;3;0;3;2;-27,84512201;-50,37880391;"SPRF-SC";"DEL05-SC";"UOP02-DEL05-SC"
257046;2019-12-18;"quarta-feira";"20:45:00";"PR";476;277;"SAO MATEUS DO SUL";"Ultrapassagem Indevida";"Colisão lateral";"Com Vítimas Feridas";"Plena Noite";"Decrescente";"Nublado";"Simples";"Reta";"Não";2;0;1;0;1;0;1;2;-25,875048;-50,390919;"SPRF-PR";"DEL02-PR";"UOP04-DEL02-PR"
257047;2019-12-18;"quarta-feira";"22:40:00";"GO";60;6;"ALEXANIA";"Velocidade Incompatível";"Saída de leito carroçável";"Com Vítimas Feridas";"Plena Noite";"Crescente";"Céu Claro";"Dupla";"Reta";"Não";3;0;1;0;1;2;1;4;-16,094168;-48,517212;"SPRF-DF";"DEL01-DF";"UOP01-DEL03-DF"
257060;2019-12-18;"quarta-feira";"22:35:00";"PR";277;536,2;"IBEMA";"Ingestão de Álcool";"Colisão frontal";"Com Vítimas Fatais";"Plena Noite";"Crescente";"Céu Claro";"Simples";"Curva";"Não";3;1;0;2;0;0;2;2;-25,11463302;-53,01236585;"SPRF-PR";"DEL04-PR";"UOP04-DEL04-PR"
257065;2019-12-19;"quinta-feira";"00:05:00";"MG";40;787,5;"JUIZ DE FORA";"Condutor Dormindo";"Saída de leito carroçável";"Com Vítimas Feridas";"Plena Noite";"Decrescente";"Nublado";"Dupla";"Curva";"Não";2;0;1;0;0;1;1;2;-21,73607735;-43,44262787;"SPRF-MG";"DEL05-MG";"UOP01-DEL05-MG"
257067;2019-12-18;"quarta-feira";"23:20:00";"PR";116;177,3;"QUITANDINHA";"Condutor Dormindo";"Saída de leito carroçável";"Sem Vítimas";"Plena Noite";"Decrescente";"Nublado";"Múltipla";"Reta";"Não";2;0;0;0;1;1;0;2;-25,89426898;-49,54478101;"SPRF-PR";"DEL01-PR";"UOP03-DEL01-PR"
257069;2019-12-18;"quarta-feira";"23:50:00";"AL";101;20,3;"JOAQUIM GOMES";"Falta de Atenção à Condução";"Saída de leito carroçável";"Com Vítimas Feridas";"Plena Noite";"Crescente";"Céu Claro";"Simples";"Reta";"Não";3;0;2;0;0;1;2;2;-9,03032012;-35,68148769;"SPRF-AL";"DEL01-AL";"UOP02-DEL01-AL"
257072;2019-12-19;"quinta-feira";"00:30:00";"MG";40;358;"FELIXLANDIA";"Animais na Pista";"Atropelamento de Animal";"Sem Vítimas";"Plena Noite";"Crescente";"Nublado";"Dupla";"Reta";"Não";2;0;0;0;1;1;0;2;-18,73600801;-44,86508301;"SPRF-MG";"DEL02-MG";"UOP01-DEL02-MG"
257075;2019-12-18;"quarta-feira";"20:40:00";"SC";101;104,2;"PENHA";"Ingestão de Substâncias Psicoativas";"Colisão frontal";"Sem Vítimas";"Plena Noite";"Crescente";"Garoa/Chuvisco";"Dupla";"Interseção de Vias";"Não";4;0;0;0;2;2;0;4;-26,79281742;-48,68080819;"SPRF-SC";"DEL03-SC";"UOP02-DEL03-SC"
257079;2019-12-19;"quinta-feira";"03:45:00";"RJ";101;228;"SILVA JARDIM";"Condutor Dormindo";"Saída de leito carroçável";"Com Vítimas Feridas";"Plena Noite";"Crescente";"Céu Claro";"Dupla";"Ponte";"Não";1;0;1;0;0;0;1;1;-22,56241824;-42,35993577;"SPRF-RJ";"DEL02-RJ";"UOP03-DEL02-RJ"
257080;2019-12-19;"quinta-feira";"02:30:00";"MG";354;732,3;"POUSO ALTO";"Velocidade Incompatível";"Saída de leito carroçável";"Com Vítimas Feridas";"Plena Noite";"Decrescente";"Chuva";"Simples";"Curva";"Não";2;0;1;0;0;2;1;3;-22,17502858;-44,97005105;"SPRF-MG";"DEL05-MG";"UOP01-DEL17-MG"
257081;2019-12-19;"quinta-feira";"04:20:00";"PR";277;6,8;"PARANAGUA";"Falta de Atenção à Condução";"Colisão transversal";"Com Vítimas Feridas";"Plena Noite";"Crescente";"Chuva";"Simples";"Reta";"Sim";5;0;3;0;1;1;3;3;-25,5205;-48,5095;"SPRF-PR";"DEL01-PR";"UOP05-DEL01-PR"
257084;2019-12-19;"quinta-feira";"04:40:00";"MS";163;384;"NOVA ALVORADA DO SUL";"Condutor Dormindo";"Colisão transversal";"Com Vítimas Feridas";"Amanhecer";"Crescente";"Nublado";"Simples";"Reta";"Não";3;0;1;0;1;1;1;3;-21,30668005;-54,43246116;"SPRF-MS";"DEL02-MS";"UOP01-DEL02-MS"
257086;2019-12-19;"quinta-feira";"04:30:00";"SC";101;316;"PESCARIA BRAVA";"Defeito Mecânico no Veículo";"Colisão com objeto estático";"Sem Vítimas";"Amanhecer";"Decrescente";"Céu Claro";"Múltipla";"Curva";"Não";1;0;0;0;1;0;0;1;-28,42904239;-48,84257464;"SPRF-SC";"DEL02-SC";"UOP01-DEL02-SC"
257091;2019-12-19;"quinta-feira";"05:05:00";"MG";153;59;"MONTE ALEGRE DE MINAS";"Condutor Dormindo";"Colisão lateral";"Com Vítimas Feridas";"Amanhecer";"Crescente";"Céu Claro";"Simples";"Reta";"Não";3;0;1;0;1;2;1;4;-18,88622703;-49,05195006;"SPRF-MG";"DEL15-MG";"UOP03-DEL15-MG"
257093;2019-12-18;"quarta-feira";"17:50:00";"SC";101;397,5;"MARACAJA";"Não guardar distância de segurança";"Tombamento";"Com Vítimas Feridas";"Pleno dia";"Crescente";"Céu Claro";"Múltipla";"Curva";"Não";3;0;1;0;0;2;1;3;-28,83036461;-49,41244828;"SPRF-SC";"DEL02-SC";"UOP02-DEL02-SC"
257099;2019-12-19;"quinta-feira";"06:00:00";"PR";163;155;"SANTA LUCIA";"Não guardar distância de segurança";"Colisão lateral";"Com Vítimas Feridas";"Amanhecer";"Decrescente";"Céu Claro";"Simples";"Declive";"Não";5;0;1;0;4;0;1;2;-25,37614199;-53,57487452;"SPRF-PR";"DEL04-PR";"UOP05-DEL05-PR"
257101;2019-12-19;"quinta-feira";"06:55:00";"RJ";40;104;"DUQUE DE CAXIAS";"Falta de Atenção do Pedestre";"Atropelamento de Pedestre";"Com Vítimas Fatais";"Pleno dia";"Crescente";"Céu Claro";"Múltipla";"Reta";"Sim";6;1;0;0;4;1;0;4;-22,62897902;-43,28579508;"SPRF-RJ";"DEL01-RJ";"UOP01-DEL01-RJ"
257104;2019-12-19;"quinta-feira";"03:00:00";"MG";459;67;"SENADOR JOSE BENTO";"Velocidade Incompatível";"Saída de leito carroçável";"Com Vítimas Feridas";"Plena Noite";"Decrescente";"Nublado";"Simples";"Curva";"Não";1;0;1;0;0;0;1;1;-22,131327;-46,181057;"SPRF-MG";"DEL16-MG";"UOP01-DEL09-MG"
257106;2019-12-19;"quinta-feira";"06:35:00";"CE";116;72;"CHOROZINHO";"Não guardar distância de segurança";"Colisão traseira";"Com Vítimas Feridas";"Pleno dia";"Crescente";"Chuva";"Simples";"Reta";"Sim";4;0;2;0;2;0;2;2;-4,34077493;-38,47381076;"SPRF-CE";"DEL03-CE";"UOP02-DEL03-CE"
257110;2019-12-19;"quinta-feira";"08:00:00";"MG";381;484,2;"BETIM";"Falta de Atenção à Condução";"Colisão lateral";"Com Vítimas Feridas";"Pleno dia";"Crescente";"Nublado";"Dupla";"Reta";"Sim";3;0;1;0;1;1;1;3;-19,95849339;-44,09160554;"SPRF-MG";"DEL01-MG";"UOP03-DEL01-MG"
257114;2019-12-19;"quinta-feira";"07:30:00";"RJ";40;83;"PETROPOLIS";"Defeito Mecânico no Veículo";"Colisão traseira";"Com Vítimas Feridas";"Plena Noite";"Crescente";"Céu Claro";"Simples";"Reta";"Não";3;0;1;0;2;0;1;2;-22,51910302;-43,22873364;"SPRF-RJ";"DEL06-RJ";"UOP01-DEL06-RJ"
257120;2019-12-19;"quinta-feira";"08:05:00";"PR";116;22,7;"CAMPINA GRANDE DO SUL";"Velocidade Incompatível";"Colisão traseira";"Sem Vítimas";"Pleno dia";"Decrescente";"Chuva";"Dupla";"Curva";"Não";3;0;0;0;3;0;0;3;-25,10922624;-48,74659689;"SPRF-PR";"DEL01-PR";"UOP02-DEL01-PR"
257121;2019-12-19;"quinta-feira";"09:00:00";"MG";251;513,1;"FRANCISCO SA";"Não guardar distância de segurança";"Colisão lateral";"Com Vítimas Feridas";"Pleno dia";"Crescente";"Céu Claro";"Simples";"Reta";"Não";1;0;1;0;0;0;1;1;-16,6575132;-43,72704597;"SPRF-MG";"DEL12-MG";"UOP01-DEL12-MG"
257124;2019-12-19;"quinta-feira";"08:15:00";"BA";101;895,9;"CARAVELAS";"Velocidade Incompatível";"Tombamento";"Sem Vítimas";"Pleno dia";"Decrescente";"Céu Claro";"Simples";"Curva";"Não";2;0;0;0;1;1;0;2;-17,6928124;-39,7756264;"SPRF-BA";"DEL09-BA";"UOP02-DEL09-BA"
257125;2019-12-19;"quinta-feira";"07:40:00";"SC";282;226,6;"LAGES";"Defeito Mecânico no Veículo";"Incêndio";"Com Vítimas Feridas";"Pleno dia";"Decrescente";"Nublado";"Simples";"Curva";"Não";1;0;1;0;0;0;1;1;-27,795473;-50,389488;"SPRF-SC";"DEL05-SC";"UOP02-DEL05-SC"
257127;2019-12-16;"segunda-feira";"06:00:00";"PR";476;73;"BOCAIUVA DO SUL";"Velocidade Incompatível";"Colisão frontal";"Com Vítimas Feridas";"Amanhecer";"Crescente";"Chuva";"Simples";"Curva";"Não";2;0;0;1;1;0;1;2;-25,091166;-49,095264;"SPRF-PR";"DEL01-PR";"UOP07-DEL01-PR"
257128;2019-12-19;"quinta-feira";"08:00:00";"AL";101;152,4;"JEQUIA DA PRAIA";"Mal Súbito";"Colisão com objeto estático";"Com Vítimas Fatais";"Pleno dia";"Crescente";"Sol";"Dupla";"Reta";"Não";2;1;0;0;0;1;0;2;-9,88974591;-36,16761599;"SPRF-AL";"DEL02-AL";"UOP02-DEL02-AL"
257134;2019-12-19;"quinta-feira";"08:00:00";"RJ";101;272;"TANGUA";"Defeito Mecânico no Veículo";"Incêndio";"Sem Vítimas";"Pleno dia";"Decrescente";"Nublado";"Dupla";"Reta";"Sim";1;0;0;0;1;0;0;1;-22,72935968;-42,70112512;"SPRF-RJ";"DEL02-RJ";"UOP03-DEL02-RJ"