"id";"data_inversa";"dia_semana";"horario";"uf";"br";"km";"municipio";"causa_acidente";"tipo_acidente";"classificacao_acidente";"fase_dia";"sentido_via";"condicao_metereologica";"tipo_pista";"tracado_via";"uso_solo";"pessoas";"mortos";"feridos_leves";"feridos_graves";"ilesos";"ignorados";"feridos";"veiculos";"latitude";"longitude";"regional";"delegacia";"uop"
257424;2019-12-20;"sexta-feira";"16:30:00";"TO";153;632,7;"ALIANCA DO TOCANTINS";"Defeito Mecânico no Veículo";"Incêndio";"Sem Vítimas";"Pleno dia";"Decrescente";"Céu Claro";"Simples";"Aclive";"Não";2;0;0;0;1;12;0;13;-11,37831284;-48,96763044;"SPRF-TO";"DEL02-TO";"UOP02-DEL01-TO"
257425;2019-12-20;"sexta-feira";"14:15:00";"RO";364;428;"JARU";"Desobediência às normas de trânsito pelo condutor";"Colisão traseira";"Com Vítimas Feridas";"Pleno dia";"Decrescente";"Sol";"Simples";"Reta";"Não";5;0;1;0;3;2;1;4;-10,42184448;-62,49508435;"SPRF-RO";"DEL03-RO";"UOP02-DEL03-RO"
257430;2019-12-20;"sexta-feira";"15:00:00";"MT";163;16,8;"ITIQUIRA";"Condutor Dormindo";"Tombamento";"Com Vítimas Feridas";"Pleno dia";"Decrescente";"Céu Claro";"Dupla";"Reta;Aclive";"Não";2;0;0;1;0;2;1;3;-17,37876203;-54,75712069;"SPRF-MT";"DEL02-MT";"DEL2/2-UOP02/MT"
257440;2019-12-20;"sexta-feira";"17:00:00";"GO";50;279,6;"CATALAO";"Falta de Atenção à Condução";"Colisão lateral";"Com Vítimas Feridas";"Pleno dia";"Decrescente";"Nublado";"Simples";"Reta;Interseção de Vias";"Sim";5;0;1;0;3;3;1;5;-18,1739;-47,9289;"SPRF-GO";"DEL06-GO";"UOP01-DEL06-GO"
257442;2019-12-20;"sexta-feira";"16:30:00";"PE";428;57,2;"SANTA MARIA DA BOA VISTA";"Ingestão de Álcool";"Colisão frontal";"Com Vítimas Fatais";"Pleno dia";"Decrescente";"Sol";"Simples";"Reta";"Não";3;1;1;0;0;1;1;2;-8,61420389;-39,68021393;"SPRF-PE";"DEL06-PE";"UOP03-DEL06-PE"
257444;2019-12-20;"sexta-feira";"16:55:00";"ES";101;254,8;"SERRA";"Carga excessiva e/ou mal acondicionada";"Colisão frontal";"Com Vítimas Feridas";"Pleno dia";"Crescente";"Céu Claro";"Simples";"Reta;Aclive";"Sim";9;0;2;4;1;3;6;6;-20,11523038;-40,31888008;"SPRF-ES";"DEL02-ES";"UOP01-DEL02-ES"
257453;2019-12-20;"sexta-feira";"18:00:00";"RJ";393;251;"BARRA DO PIRAI";"Desobediência às normas de trânsito pelo condutor";"Queda de ocupante de veículo";"Com Vítimas Feridas";"Plena Noite";"Crescente";"Chuva";"Dupla";"Reta";"Não";4;0;1;0;2;1;1;4;-22,42817793;-43,76843108;"SPRF-RJ";"DEL05-RJ";"UOP04-DEL05-RJ"
257455;2019-12-20;"sexta-feira";"14:20:00";"AM";174;893;"MANAUS";"Defeito Mecânico no Veículo";"Tombamento";"Sem Vítimas";"Pleno dia";"Crescente";"Sol";"Simples";"Reta";"Não";2;0;0;0;1;1;0;2;-2,897712;-60,03525801;"SPRF-AM";"DEL01-AM";"UOP01-DEL01-AM"
257457;2019-12-20;"sexta-feira";"17:55:00";"ES";101;285;"CARIACICA";"Falta de Atenção do Pedestre";"Colisão transversal";"Com Vítimas Feridas";"Anoitecer";"Crescente";"Céu Claro";"Dupla";"Reta";"Sim";2;0;1;0;1;0;1;2;-20,25148171;-40,37270066;"SPRF-ES";"DEL01-ES";"UOP01-DEL01-ES"
257460;2019-12-20;"sexta-feira";"16:20:00";"PE";101;65;"RECIFE";"Ingestão de Álcool";"Colisão lateral";"Sem Vítimas";"Anoitecer";"Decrescente";"Céu Claro";"Múltipla";"Reta";"Sim";3;0;0;0;2;3;0;5;-8,02478597;-34,94276635;"SPRF-PE";"DEL01-PE";"UOP01-DEL01-PE"
257463;2019-03-30;"sábado";"18:00:00";"MG";262;456,2;"NOVA SERRANA";"Ingestão de Álcool";"Colisão frontal";"Com Vítimas Feridas";"Anoitecer";"Crescente";"Céu Claro";"Simples";"Reta";"Não";4;0;0;1;1;2;1;3;-19,84401343;-45,04068778;"SPRF-MG";"DEL08-MG";"UOP03-DEL08-MG"
257467;2019-12-20;"sexta-feira";"18:05:00";"PE";232;14;"JABOATAO DOS GUARARAPES";"Ingestão de álcool e/ou substâncias psicoativas pelo pedestre";"Atropelamento de Pedestre";"Com Vítimas Feridas";"Plena Noite";"Crescente";"Céu Claro";"Dupla";"Reta";"Sim";2;0;0;1;1;0;1;2;-8,09025488;-35,02052302;"SPRF-PE";"DEL01-PE";"UOP01-DEL01-PE"
257479;2019-12-20;"sexta-feira";"14:45:00";"MG";262;611,6;"IBIA";"Pista Escorregadia";"Saída de leito carroçável";"Com Vítimas Feridas";"Pleno dia";"Decrescente";"Chuva";"Simples";"Reta";"Não";2;0;2;0;0;0;2;1;-19,59794921;-46,2913541;"SPRF-MG";"DEL08-MG";"UOP02-DEL08-MG"
257480;2019-12-20;"sexta-feira";"12:30:00";"MS";158;131,8;"APARECIDA DO TABOADO";"Não guardar distância de segurança";"Colisão traseira";"Com Vítimas Feridas";"Pleno dia";"Crescente";"Céu Claro";"Simples";"Reta";"Não";4;0;1;2;1;0;3;2;-19,95497014;-51,1058916;"SPRF-MS";"DEL08-MS";"UOP01-DEL08-MS"
257481;2019-12-20;"sexta-feira";"18:30:00";"SP";116;496;"CAJATI";"Defeito Mecânico no Veículo";"Saída de leito carroçável";"Sem Vítimas";"Plena Noite";"Crescente";"Nublado";"Dupla";"Reta";"Não";3;0;0;0;2;1;0;2;-24,75945513;-48,16458078;"SPRF-SP";"DEL05-SP";"UOP02-DEL05-SP"
257486;2019-12-20;"sexta-feira";"12:30:00";"BA";415;28;"ILHEUS";"Falta de Atenção à Condução";"Colisão transversal";"Com Vítimas Fatais";"Pleno dia";"Decrescente";"Chuva";"Simples";"Curva";"Não";2;1;0;0;1;0;0;2;-14,79280819;-39,18857574;"SPRF-BA";"DEL05-BA";"UOP01-DEL05-BA"
257501;2019-12-20;"sexta-feira";"16:30:00";"MT";364;331;"SANTO ANTONIO DO LEVERGER";"Pista Escorregadia";"Saída de leito carroçável";"Sem Vítimas";"Pleno dia";"Crescente";"Garoa/Chuvisco";"Dupla";"Curva";"Não";2;0;0;0;1;1;0;2;-15,83123276;-55,43958664;"SPRF-MT";"DEL02-MT";"UOP02-DEL05-MT"
257503;2019-12-20;"sexta-feira";"19:10:00";"PE";116;60,1;"CABROBO";"Desobediência às normas de trânsito pelo condutor";"Colisão lateral";"Com Vítimas Feridas";"Plena Noite";"Decrescente";"Céu Claro";"Simples";"Reta";"Não";2;0;1;0;1;0;1;2;-8,361064;-39,145092;"SPRF-PE";"DEL05-PE";"UOP03-DEL05-PE"
257505;2019-10-25;"sexta-feira";"15:30:00";"RJ";116;179;"NOVA IGUACU";"Falta de Atenção à Condução";"Colisão lateral";"Sem Vítimas";"Pleno dia";"Crescente";"Ignorado";"Múltipla";"Reta";"Sim";2;0;0;0;2;0;0;2;-22,74183131;-43,45315933;"SPRF-RJ";"DEL01-RJ";"UOP02-DEL01-RJ"
257506;2019-12-20;"sexta-feira";"16:30:00";"GO";60;78,8;"ANAPOLIS";"Defeito Mecânico no Veículo";"Saída de leito carroçável";"Com Vítimas Feridas";"Pleno dia";"Crescente";"Céu Claro";"Dupla";"Reta";"Não";2;0;1;1;0;0;2;1;-16,29787708;-48,80667686;"SPRF-GO";"DEL02-GO";"UOP01-DEL02-GO"
257515;2019-12-20;"sexta-feira";"17:00:00";"BA";116;564;"BREJOES";"Desobediência às normas de trânsito pelo condutor";"Colisão traseira";"Com Vítimas Feridas";"Pleno dia";"Crescente";"Céu Claro";"Simples";"Reta";"Não";2;0;1;0;1;0;1;2;-12,96345343;-39,92777847;"SPRF-BA";"DEL03-BA";"UOP02-DEL03-BA"
257516;2019-12-20;"sexta-feira";"20:45:00";"MT";364;255;"JUSCIMEIRA";"Velocidade Incompatível";"Colisão frontal";"Com Vítimas Feridas";"Plena Noite";"Decrescente";"Céu Claro";"Simples";"Reta;Interseção de Vias";"Não";7;0;2;5;0;0;7;3;-16,08098188;-54,8728077;"SPRF-MT";"DEL02-MT";"UOP01-DEL02-MT"
257517;2019-12-20;"sexta-feira";"21:00:00";"SC";101;373,1;"ICARA";"Falta de Atenção à Condução";"Colisão traseira";"Com Vítimas Feridas";"Plena Noite";"Crescente";"Céu Claro";"Dupla";"Reta";"Não";5;0;2;0;1;2;2;4;-28,7132671;-49,21763596;"SPRF-SC";"DEL02-SC";"UOP01-DEL02-SC"
257531;2019-12-20;"sexta-feira";"22:00:00";"PR";373;420;"CANDOI";"Ingestão de Álcool";"Colisão lateral";"Sem Vítimas";"Plena Noite";"Crescente";"Garoa/Chuvisco";"Simples";"Curva";"Não";3;0;0;0;2;1;0;2;-25,69481872;-52,16079429;"SPRF-PR";"DEL03-PR";"UOP01-DEL08-PR"
257533;2019-12-20;"sexta-feira";"20:30:00";"CE";222;345,9;"UBAJARA";"Falta de Atenção à Condução";"Saída de leito carroçável";"Com Vítimas Fatais";"Plena Noite";"Crescente";"Céu Claro";"Simples";"Curva";"Não";1;1;0;0;0;0;0;1;-3,90831748;-41,20630772;"SPRF-CE";"DEL04-CE";"UOP02-DEL04-CE"
257543;2019-12-20;"sexta-feira";"21:45:00";"MG";40;77,5;"PARACATU";"Falta de Atenção à Condução";"Colisão frontal";"Com Vítimas Feridas";"Plena Noite";"Crescente";"Céu Claro";"Simples";"Reta";"Não";4;0;1;0;3;0;1;3;-17,44847444;-46,6852866;"SPRF-MG";"DEL14-MG";"UOP01-DEL14-MG"
257550;2019-12-20;"sexta-feira";"23:00:00";"PR";476;175,5;"CONTENDA";"Falta de Atenção à Condução";"Colisão frontal";"Com Vítimas Fatais";"Plena Noite";"Crescente";"Nublado";"Simples";"Reta";"Não";5;2;0;0;1;2;0;4;-25,69607068;-49,56030434;"SPRF-PR";"DEL01-PR";"UOP06-DEL01-PR"
257555;2019-12-20;"sexta-feira";"23:30:00";"RJ";101;333;"RIO DE JANEIRO";"Falta de Atenção à Condução";"Colisão traseira";"Com Vítimas Feridas";"Plena Noite";"Crescente";"Céu Claro";"Dupla";"Reta";"Sim";3;0;0;1;2;0;1;2;-22,87827816;-43,21053578;"SPRF-RJ";"DEL02-RJ";"UOP02-DEL02-RJ"
257572;2019-12-21;"sábado";"01:10:00";"MG";381;597,8;"CARMOPOLIS DE MINAS";"Desobediência às normas de trânsito pelo condutor";"Colisão traseira";"Com Vítimas Feridas";"Plena Noite";"Decrescente";"Chuva";"Dupla";"Declive;Reta";"Não";3;0;0;1;1;1;1;3;-20,592058;-44,702189;"SPRF-MG";"DEL04-MG";"UOP01-DEL04-MG"
257577;2019-12-21;"sábado";"01:15:00";"RN";101;146;"GOIANINHA";"Ingestão de Álcool";"Colisão traseira";"Com Vítimas Feridas";"Plena Noite";"Decrescente";"Céu Claro";"Múltipla";"Reta";"Sim";2;0;1;0;1;0;1;2;-6,26255354;-35,21147156;"SPRF-RN";"DEL01-RN";"UOP01-DEL01-RN"
257587;2019-12-21;"sábado";"02:55:00";"CE";116;368,6;"ICO";"Falta de Atenção à Condução";"Colisão frontal";"Com Vítimas Feridas";"Plena Noite";"Decrescente";"Céu Claro";"Simples";"Reta";"Não";3;0;2;0;0;1;2;3;-6,3619335;-38,77876538;"SPRF-CE";"DEL05-CE";"UOP01-DEL05-CE"
257598;2019-12-21;"sábado";"04:30:00";"CE";116;547,5;"PENAFORTE";"Falta de Atenção à Condução";"Colisão frontal";"Com Vítimas Feridas";"Amanhecer";"Crescente";"Céu Claro";"Simples";"Reta";"Não";2;0;0;1;0;1;1;2;-7,82040438;-39,0865509;"SPRF-CE";"DEL05-CE";"UOP03-DEL05-CE"
257602;2019-12-21;"sábado";"04:40:00";"AL";101;203,8;"SAO SEBASTIAO";"Condutor Dormindo";"Saída de leito carroçável";"Com Vítimas Feridas";"Amanhecer";"Crescente";"Céu Claro";"Dupla";"Curva";"Não";1;0;1;0;0;0;1;1;-9,97355978;-36,55619114;"SPRF-AL";"DEL02-AL";"UOP02-DEL02-AL"
257605;2019-12-21;"sábado";"05:20:00";"PE";232;243,1;"ARCOVERDE";"Condutor Dormindo";"Saída de leito carroçável";"Com Vítimas Feridas";"Amanhecer";"Crescente";"Céu Claro";"Simples";"Reta";"Não";1;0;1;0;0;0;1;1;-8,41700383;-36,9892481;"SPRF-PE";"DEL03-PE";"UOP02-DEL03-PE"
257607;2019-12-21;"sábado";"05:45:00";"ES";101;79,5;"SAO MATEUS";"Condutor Dormindo";"Capotamento";"Com Vítimas Feridas";"Pleno dia";"Crescente";"Céu Claro";"Simples";"Declive";"Sim";1;0;1;0;0;0;1;1;-18,81417602;-39,90121797;"SPRF-ES";"DEL04-ES";"UOP02-DEL04-ES"
257609;2019-12-21;"sábado";"05:10:00";"MG";381;721,1;"CARMO DA CACHOEIRA";"Velocidade Incompatível";"Tombamento";"Sem Vítimas";"Amanhecer";"Crescente";"Nublado";"Dupla";"Curva";"Não";2;0;0;0;1;1;0;2;-21,46901694;-45,20581183;"SPRF-MG";"DEL04-MG";"UOP02-DEL04-MG"
257620;2019-12-21;"sábado";"07:00:00";"SP";116;174;"GUARAREMA";"Não guardar distância de segurança";"Colisão traseira";"Com Vítimas Feridas";"Pleno dia";"Decrescente";"Céu Claro";"Dupla";"Aclive";"Sim";2;0;1;0;0;1;1;2;-23,32057287;-46,09074403;"SPRF-SP";"DEL02-SP";"UOP01-DEL02-SP"
257636;2019-12-21;"sábado";"08:00:00";"PE";232;186,7;"BELO JARDIM";"Mal Súbito";"Colisão frontal";"Com Vítimas Fatais";"Pleno dia";"Decrescente";"Céu Claro";"Simples";"Reta";"Não";3;1;1;0;1;0;1;3;-8,35289635;-36,48256297;"SPRF-PE";"DEL02-PE";"UOP03-DEL02-PE"
257648;2019-12-21;"sábado";"01:20:00";"MT";163;526,8;"DIAMANTINO";"Ingestão de Álcool";"Saída de leito carroçável";"Com Vítimas Feridas";"Plena Noite";"Crescente";"Nublado";"Simples";"Curva";"Não";2;0;0;1;0;1;1;2;-14,48054488;-56,1698311;"SPRF-MT";"DEL01-MT";"UOP01-DEL01-MT"
257653;2019-12-21;"sábado";"08:50:00";"PR";277;74;"SAO JOSE DOS PINHAIS";"Falta de Atenção à Condução";"Colisão lateral";"Com Vítimas Feridas";"Pleno dia";"Crescente";"Céu Claro";"Dupla";"Reta";"Não";3;0;1;0;1;1;1;3;-25,51726115;-49,11540707;"SPRF-PR";"DEL01-PR";"UOP01-DEL01-PR"
257656;2019-12-21;"sábado";"07:50:00";"PR";277;563,5;"CASCAVEL";"Pista Escorregadia";"Colisão traseira";"Com Vítimas Feridas";"Pleno dia";"Crescente";"Chuva";"Simples";"Reta";"Não";6;0;2;3;1;0;5;2;-25,05262594;-53,23008095;"SPRF-PR";"DEL04-PR";"UOP04-DEL04-PR"
257659;2019-12-21;"sábado";"09:00:00";"SC";470;10;"NAVEGANTES";"Falta de Atenção à Condução";"Colisão transversal";"Com Vítimas Feridas";"Pleno dia";"Crescente";"Nublado";"Simples";"Interseção de Vias";"Não";3;0;0;1;1;1;1;3;-26,833693;-48,73724;"SPRF-SC";"DEL04-SC";"UOP04-DEL04-SC"
257660;2019-11-20;"quarta-feira";"04:12:00";"MG";381;793;"SAO GONCALO DO SAPUCAI";"Objeto estático sobre o leito carroçável";"Colisão com objeto estático";"Com Vítimas Feridas";"Plena Noite";"Crescente";"Céu Claro";"Dupla";"Reta";"Não";4;0;3;0;0;2;3;4;-21,92033716;-45,60985394;"SPRF-MG";"DEL16-MG";"UOP02-DEL16-MG"
257662;2019-12-21;"sábado";"09:00:00";"GO";153;290;"RIALMA";"Defeito Mecânico no Veículo";"Incêndio";"Com Vítimas Feridas";"Pleno dia";"Decrescente";"Céu Claro";"Simples";"Reta";"Não";2;0;1;0;0;2;1;3;-15,217886;-49,550522;"SPRF-GO";"DEL02-GO";"UOP02-DEL02-GO"
257680;2019-12-21;"sábado";"11:27:00";"GO";153;414,2;"PIRENOPOLIS";"Velocidade Incompatível";"Colisão lateral";"Com Vítimas Feridas";"Pleno dia";"Crescente";"Céu Claro";"Simples";"Curva;Ponte;Declive";"Não";7;0;1;1;2;5;2;6;-16,12766476;-49,04544711;"SPRF-GO";"DEL02-GO";"UOP01-DEL02-GO"
257686;2019-12-21;"sábado";"10:15:00";"RS";386;250,3;"SOLEDADE";"Mal Súbito";"Colisão com objeto estático";"Com Vítimas Feridas";"Pleno dia";"Crescente";"Sol";"Simples";"Reta";"Não";3;0;1;0;1;1;1;3;-28,826591;-52,46851;"SPRF-RS";"DEL04-RS";"UOP03-DEL04-RS"
257693;2019-12-21;"sábado";"11:30:00";"CE";116;113;"RUSSAS";"Desobediência às normas de trânsito pelo condutor";"Colisão transversal";"Com Vítimas Feridas";"Pleno dia";"Crescente";"Céu Claro";"Simples";"Reta";"Sim";2;0;1;0;1;0;1;2;-4,59320461;-38,21024537;"SPRF-CE";"DEL03-CE";"UOP01-DEL03-CE"
257696;2019-12-21;"sábado";"12:10:00";"RS";290;22,4;"SANTO ANTONIO DA PATRULHA";"Condutor Dormindo";"Saída de leito carroçável";"Com Vítimas Feridas";"Pleno dia";"Crescente";"Céu Claro";"Múltipla";"Reta";"Não";1;0;1;0;0;0;1;1;-29,888826;-50,474819;"SPRF-RS";"DEL03-RS";"UOP01-DEL03-RS"
257697;2019-12-21;"sábado";"11:30:00";"MS";163;482,1;"CAMPO GRANDE";"Falta de Atenção do Pedestre";"Atropelamento de Pedestre";"Com Vítimas Feridas";"Pleno dia";"Decrescente";"Nublado";"Simples";"Reta";"Sim";2;0;0;1;0;1;1;2;-20,46271123;-54,55411122;"SPRF-MS";"DEL01-MS";"UOP02-DEL01-MS"
257699;2019-12-21;"sábado";"11:30:00";"MS";262;191,5;"RIBAS DO RIO PARDO";"Falta de Atenção à Condução";"Saída de leito carroçável";"Com Vítimas Feridas";"Pleno dia";"Crescente";"Chuva";"Simples";"Reta";"Não";1;0;1;0;0;0;1;1;-20,446894;-53,306256;"SPRF-MS";"DEL07-MS";"UOP02-DEL07-MS"
257706;2019-12-21;"sábado";"12:30:00";"PR";277;110;"CAMPO LARGO";"Falta de Atenção à Condução";"Colisão traseira";"Com Vítimas Feridas";"Pleno dia";"Decrescente";"Chuva";"Dupla";"Reta";"Não";4;0;1;0;3;0;1;3;-25,44625996;-49,36369775;"SPRF-PR";"DEL01-PR";"UOP06-DEL01-PR"
257710;2019-12-21;"sábado";"12:30:00";"RJ";40;108;"DUQUE DE CAXIAS";"Velocidade Incompatível";"Tombamento";"Com Vítimas Feridas";"Pleno dia";"Decrescente";"Céu Claro";"Dupla";"Curva";"Não";2;0;1;0;0;1;1;2;-22,60719678;-43,23360443;"SPRF-RJ";"DEL01-RJ";"UOP01-DEL01-RJ"
257711;2019-12-21;"sábado";"12:25:00";"MG";251;225,2;"SANTA CRUZ DE SALINAS";"Condutor Dormindo";"Colisão lateral";"Com Vítimas Feridas";"Pleno dia";"Decrescente";"Céu Claro";"Simples";"Reta";"Não";4;0;1;1;1;1;2;3;-15,95745824;-41,66304202;"SPRF-MG";"DEL11-MG";"UOP02-DEL11-MG"
257715;2019-12-21;"sábado";"12:40:00";"SC";101;61;"ARAQUARI";"Falta de Atenção à Condução";"Colisão lateral";"Com Vítimas Feridas";"Pleno dia";"Crescente";"Sol";"Múltipla";"Curva";"Não";2;0;1;0;1;0;1;2;-26,45474174;-48,77699195;"SPRF-SC";"DEL03-SC";"UOP02-DEL03-SC"
257722;2019-12-21;"sábado";"10:15:00";"MG";381;322,8;"NOVA ERA";"Velocidade Incompatível";"Tombamento";"Com Vítimas Fatais";"Pleno dia";"Decrescente";"Céu Claro";"Simples";"Curva";"Não";4;1;0;0;1;3;0;5;-19,71419225;-43,00031662;"SPRF-MG";"DEL03-MG";"UOP02-DEL03-MG"
257730;2019-12-13;"sexta-feira";"18:10:00";"SC";101;328,8;"CAPIVARI DE BAIXO";"Falta de Atenção à Condução";"Colisão lateral";"Com Vítimas Feridas";"Pleno dia";"Decrescente";"Céu Claro";"Dupla";"Reta";"Não";6;0;4;0;1;1;4;3;-28,43648094;-48,95989307;"SPRF-SC";"DEL02-SC";"UOP01-DEL02-SC"
257731;2019-12-21;"sábado";"12:45:00";"MG";153;108;"PRATA";"Falta de Atenção à Condução";"Colisão transversal";"Sem Vítimas";"Pleno dia";"Crescente";"Nublado";"Simples";"Retorno Regulamentado";"Sim";3;0;0;0;2;1;0;3;-19,29638292;-48,90789002;"SPRF-MG";"DEL15-MG";"UOP03-DEL15-MG"
257739;2019-12-21;"sábado";"09:40:00";"MG";262;721,5;"ARAXA";"Falta de Atenção à Condução";"Saída de leito carroçável";"Com Vítimas Feridas";"Pleno dia";"Crescente";"Garoa/Chuvisco";"Simples";"Reta";"Não";2;0;1;0;0;1;1;2;-19,61186691;-47,19657898;"SPRF-MG";"DEL08-MG";"UOP01-DEL08-MG"
257753;2019-12-21;"sábado";"16:05:00";"RS";287;533;"SAO BORJA";"Defeito Mecânico no Veículo";"Saída de leito carroçável";"Sem Vítimas";"Pleno dia";"Decrescente";"Céu Claro";"Simples";"Interseção de Vias";"Sim";1;0;0;0;1;0;0;1;-28,67339602;-55,96510328;"SPRF-RS";"DEL12-RS";"UOP01-DEL12-RS"
257759;2019-12-21;"sábado";"14:15:00";"PI";316;415,3;"MARCOLANDIA";"Ultrapassagem Indevida";"Colisão lateral";"Com Vítimas Fatais";"Pleno dia";"Decrescente";"Sol";"Simples";"Reta";"Sim";3;1;0;0;2;0;0;3;-7,43755999;-40,67491699;"SPRF-PI";"DEL04-PI";"UOP03-DEL04-PI"
257771;2019-12-21;"sábado";"17:20:00";"ES";101;98;"JAGUARE";"Carga excessiva e/ou mal acondicionada";"Colisão com objeto em movimento";"Com Vítimas Feridas";"Anoitecer";"Decrescente";"Céu Claro";"Simples";"Aclive";"Não";3;0;1;0;1;1;1;2;-18,96368507;-39,98757584;"SPRF-ES";"DEL04-ES";"UOP02-DEL04-ES"
257775;2019-12-21;"sábado";"14:40:00";"MA";135;44;"BACABEIRA";"Falta de Atenção à Condução";"Colisão traseira";"Com Vítimas Feridas";"Pleno dia";"Crescente";"Chuva";"Dupla";"Reta";"Sim";2;0;2;0;0;0;2;2;-2,9178575;-44,34673274;"SPRF-MA";"DEL01-MA";"UOP01-DEL01-MA"
257777;2019-12-21;"sábado";"17:20:00";"RJ";116;301,7;"RESENDE";"Ultrapassagem Indevida";"Colisão transversal";"Com Vítimas Feridas";"Pleno dia";"Crescente";"Nublado";"Dupla";"Reta";"Não";4;0;1;0;3;0;1;2;-22,4529399;-44,36236901;"SPRF-RJ";"DEL07-RJ";"DEL5/7-UOP03/RJ"
257780;2019-12-21;"sábado";"15:40:00";"MS";267;232,6;"NOVA ALVORADA DO SUL";"Velocidade Incompatível";"Tombamento";"Com Vítimas Feridas";"Pleno dia";"Decrescente";"Nublado";"Simples";"Reta";"Não";2;0;1;0;0;2;1;3;-21,52043091;-54,23225993;"SPRF-MS";"DEL02-MS";"UOP01-DEL02-MS"
257781;2019-12-21;"sábado";"15:14:00";"GO";60;185,7;"GUAPO";"Defeito Mecânico no Veículo";"Saída de leito carroçável";"Com Vítimas Feridas";"Pleno dia";"Decrescente";"Nublado";"Dupla";"Reta";"Não";3;0;2;0;0;1;2;1;-16,7956;-49,51;"SPRF-GO";"DEL01-GO";"UOP02-DEL01-GO"
257783;2019-12-21;"sábado";"17:30:00";"GO";153;516;"APARECIDA DE GOIANIA";"Ingestão de Álcool";"Colisão traseira";"Sem Vítimas";"Anoitecer";"Decrescente";"Chuva";"Dupla";"Aclive";"Não";2;0;0;0;2;0;0;2;-16,8413;-49,2454;"SPRF-GO";"DEL01-GO";"UOP03-DEL01-GO"
257790;2019-12-15;"domingo";"00:05:00";"MG";116;347,3;"CAMPANARIO";"Condutor Dormindo";"Saída de leito carroçável";"Sem Vítimas";"Plena Noite";"Crescente";"Céu Claro";"Simples";"Reta";"Não";2;0;0;0;1;1;0;2;-18,3789432;-41,7861746;"SPRF-MG";"DEL11-MG";"UOP01-DEL11-MG"
257792;2019-12-21;"sábado";"19:00:00";"CE";116;491,9;"MILAGRES";"Falta de Atenção à Condução";"Colisão lateral";"Sem Vítimas";"Plena Noite";"Decrescente";"Céu Claro";"Simples";"Reta";"Sim";3;0;0;0;1;2;0;3;-7,400931;-38,962276;"SPRF-CE";"DEL05-CE";"UOP03-DEL05-CE"
257793;2019-12-21;"sábado";"18:00:00";"MG";381;765;"CAMPANHA";"Falta de Atenção à Condução";"Colisão traseira";"Sem Vítimas";"Pleno dia";"Decrescente";"Céu Claro";"Dupla";"Reta";"Não";2;0;0;0;1;1;0;2;-21,75667108;-45,40552196;"SPRF-MG";"DEL16-MG";"UOP02-DEL16-MG"
257797;2019-12-21;"sábado";"16:00:00";"MG";262;533,8;"LUZ";"Carga excessiva e/ou mal acondicionada";"Saída de leito carroçável";"Com Vítimas Fatais";"Pleno dia";"Decrescente";"Sol";"Simples";"Curva";"Não";2;1;0;1;0;0;1;1;-19,77821294;-45,74227498;"SPRF-MG";"DEL08-MG";"UOP02-DEL08-MG"
257803;2019-12-21;"sábado";"19:30:00";"RJ";116;311;"ITATIAIA";"Não guardar distância de segurança";"Colisão traseira";"Com Vítimas Feridas";"Plena Noite";"Crescente";"Céu Claro";"Dupla";"Reta";"Não";3;0;1;0;2;0;1;2;-22,46802844;-44,51007843;"SPRF-RJ";"DEL07-RJ";"DEL5/7-UOP03/RJ"
257821;2019-12-21;"sábado";"18:45:00";"BA";116;698,9;"MANOEL VITORINO";"Ingestão de álcool e/ou substâncias psicoativas pelo pedestre";"Atropelamento de Pedestre";"Com Vítimas Feridas";"Plena Noite";"Crescente";"Céu Claro";"Simples";"Reta";"Não";2;0;0;1;1;0;1;2;-14,01081603;-40,18669795;"SPRF-BA";"DEL03-BA";"UOP01-DEL03-BA"
257829;2019-12-21;"sábado";"18:10:00";"SC";282;412;"CATANDUVAS";"Velocidade Incompatível";"Tombamento";"Com Vítimas Feridas";"Pleno dia";"Crescente";"Céu Claro";"Simples";"Curva";"Não";2;0;1;0;0;1;1;2;-27,055775;-51,688843;"SPRF-SC";"DEL07-SC";"UOP05-DEL07-SC"
257830;2019-12-21;"sábado";"16:15:00";"MG";116;447,5;"ENGENHEIRO CALDAS";"Ultrapassagem Indevida";"Colisão frontal";"Com Vítimas Fatais";"Pleno dia";"Crescente";"Céu Claro";"Simples";"Reta";"Não";4;1;0;1;1;1;1;4;-19,12790814;-42,01327575;"SPRF-MG";"DEL06-MG";"UOP02-DEL06-MG"
257831;2019-10-22;"terça-feira";"22:00:00";"ES";101;328,7;"GUARAPARI";"Restrição de Visibilidade";"Tombamento";"Com Vítimas Feridas";"Plena Noite";"Crescente";"Chuva";"Simples";"Curva";"Não";1;0;1;0;0;0;1;1;-20,58490282;-40,49560547;"SPRF-ES";"DEL03-ES";"UOP01-DEL03-ES"
257833;2019-12-21;"sábado";"20:00:00";"MT";163;118;"RONDONOPOLIS";"Falta de Atenção à Condução";"Colisão lateral";"Com Vítimas Feridas";"Plena Noite";"Crescente";"Céu Claro";"Dupla";"Reta";"Sim";3;0;1;0;1;2;1;4;-16,51361392;-54,65519619;"SPRF-MT";"DEL02-MT";"UOP01-DEL02-MT"
257835;2019-12-21;"sábado";"18:40:00";"MT";163;851;"SINOP";"Ingestão de Álcool";"Colisão lateral";"Sem Vítimas";"Plena Noite";"Crescente";"Nublado";"Simples";"Reta";"Não";3;0;0;0;2;1;0;3;-11,712359;-55,456539;"SPRF-MT";"DEL06-MT";"UOP02-DEL06-MT"
257838;2019-12-21;"sábado";"19:10:00";"PE";232;172,3;"BELO JARDIM";"Falta de Atenção à Condução";"Colisão frontal";"Com Vítimas Fatais";"Plena Noite";"Crescente";"Nublado";"Simples";"Reta";"Não";3;1;0;0;1;2;0;4;-8,33872;-36,36216;"SPRF-PE";"DEL02-PE";"UOP03-DEL02-PE"