"id";"data_inversa";"dia_semana";"horario";"uf";"br";"km";"municipio";"causa_acidente";"tipo_acidente";"classificacao_acidente";"fase_dia";"sentido_via";"condicao_metereologica";"tipo_pista";"tracado_via";"uso_solo";"pessoas";"mortos";"feridos_leves";"feridos_graves";"ilesos";"ignorados";"feridos";"veiculos";"latitude";"longitude";"regional";"delegacia";"uop"
258904;2019-12-26;"quinta-feira";"14:30:00";"MG";40;145,2;"JOAO PINHEIRO";"Desobediência às normas de trânsito pelo condutor";"Colisão transversal";"Com Vítimas Feridas";"Pleno dia";"Crescente";"Céu Claro";"Simples";"Rotatória;Aclive;Reta";"Não";4;0;1;0;3;0;1;2;-17,75566262;-46,16329585;"SPRF-MG";"DEL14-MG";"UOP01-DEL14-MG"
258905;2019-12-26;"quinta-feira";"14:50:00";"PR";116;127;"FAZENDA RIO GRANDE";"Objeto estático sobre o leito carroçável";"Derramamento de carga";"Com Vítimas Feridas";"Pleno dia";"Crescente";"Céu Claro";"Dupla";"Reta";"Sim";2;0;0;1;1;0;1;2;-25,612752;-49,31859701;"SPRF-PR";"DEL01-PR";"UOP03-DEL01-PR"
258906;2019-12-26;"quinta-feira";"14:35:00";"PE";408;69,8;"PAUDALHO";"Falta de Atenção à Condução";"Colisão lateral";"Com Vítimas Feridas";"Pleno dia";"Decrescente";"Chuva";"Dupla";"Reta";"Não";3;0;1;0;2;0;1;2;-7,87003147;-35,20278623;"SPRF-PE";"DEL01-PE";"UOP01-DEL01-PE"
258907;2019-12-26;"quinta-feira";"13:00:00";"SC";101;139;"BALNEARIO CAMBORIU";"Não guardar distância de segurança";"Colisão traseira";"Com Vítimas Feridas";"Pleno dia";"Crescente";"Céu Claro";"Simples";"Aclive";"Não";2;0;1;0;1;0;1;2;-27,02982303;-48,60115006;"SPRF-SC";"DEL04-SC";"UOP03-DEL04-SC"
258913;2019-12-26;"quinta-feira";"15:20:00";"SC";101;111,9;"NAVEGANTES";"Falta de Atenção à Condução";"Colisão lateral";"Com Vítimas Fatais";"Pleno dia";"Crescente";"Sol";"Dupla";"Reta";"Não";4;2;0;0;0;2;0;3;-26,833143;-48,727432;"SPRF-SC";"DEL04-SC";"UOP04-DEL04-SC"
258940;2019-12-26;"quinta-feira";"15:50:00";"PR";116;28;"CAMPINA GRANDE DO SUL";"Velocidade Incompatível";"Tombamento";"Com Vítimas Feridas";"Pleno dia";"Decrescente";"Céu Claro";"Dupla";"Curva;Declive";"Sim";6;0;2;0;3;1;2;3;-25,10670298;-48,80405799;"SPRF-PR";"DEL01-PR";"UOP02-DEL01-PR"
258943;2019-12-15;"domingo";"21:50:00";"SC";470;125,1;"LONTRAS";"Falta de Atenção à Condução";"Colisão transversal";"Com Vítimas Feridas";"Plena Noite";"Crescente";"Nublado";"Simples";"Reta";"Não";2;0;1;0;1;0;1;2;-27,12301805;-49,53639161;"SPRF-SC";"DEL04-SC";"UOP02-DEL04-SC"
258944;2019-12-26;"quinta-feira";"09:50:00";"SC";101;357,5;"SANGAO";"Falta de Atenção à Condução";"Colisão traseira";"Com Vítimas Feridas";"Pleno dia";"Crescente";"Céu Claro";"Múltipla";"Reta";"Não";2;0;0;1;1;0;1;2;-28,635168;-49,09467;"SPRF-SC";"DEL02-SC";"UOP01-DEL02-SC"
258949;2019-12-26;"quinta-feira";"15:00:00";"AC";364;108,5;"RIO BRANCO";"Avarias e/ou desgaste excessivo no pneu";"Derramamento de carga";"Sem Vítimas";"Pleno dia";"Crescente";"Céu Claro";"Simples";"Reta";"Não";2;0;0;0;1;2;0;3;-10,02113175;-67,64916981;"SPRF-AC";"DEL01-AC";"UOP01-DEL01-AC"
258954;2019-12-26;"quinta-feira";"17:00:00";"SC";282;638,8;"DESCANSO";"Condutor Dormindo";"Saída de leito carroçável";"Com Vítimas Feridas";"Pleno dia";"Crescente";"Céu Claro";"Simples";"Curva";"Não";1;0;1;0;0;0;1;1;-26,800833;-53,448235;"SPRF-SC";"DEL07-SC";"UOP03-DEL07-SC"
258957;2019-12-26;"quinta-feira";"18:20:00";"SC";116;45;"ITAIOPOLIS";"Ingestão de Álcool";"Colisão traseira";"Com Vítimas Feridas";"Pleno dia";"Crescente";"Nublado";"Simples";"Reta";"Não";3;0;0;1;1;3;1;5;-26,34267556;-50,1007322;"SPRF-SC";"DEL06-SC";"UOP01-DEL06-SC"
258987;2019-12-26;"quinta-feira";"23:40:00";"PR";277;3,4;"PARANAGUA";"Falta de Atenção à Condução";"Colisão transversal";"Com Vítimas Feridas";"Plena Noite";"Decrescente";"Céu Claro";"Simples";"Reta";"Sim";3;0;0;1;1;1;1;3;-25,54522935;-48,56060028;"SPRF-PR";"DEL01-PR";"UOP05-DEL01-PR"
258991;2019-12-27;"sexta-feira";"00:30:00";"SE";101;55;"CARMOPOLIS";"Condutor Dormindo";"Saída de leito carroçável";"Sem Vítimas";"Pleno dia";"Crescente";"Nublado";"Simples";"Reta";"Não";2;0;0;0;1;1;0;2;-10,633431;-37,003742;"SPRF-SE";"DEL02-SE";"UOP02-DEL02-SE"
258998;2019-12-27;"sexta-feira";"02:30:00";"RJ";354;23;"RESENDE";"Defeito Mecânico no Veículo";"Incêndio";"Sem Vítimas";"Plena Noite";"Crescente";"Céu Claro";"Simples";"Reta";"Sim";2;0;0;0;1;1;0;2;-22,491508;-44,69183;"SPRF-RJ";"DEL07-RJ";"DEL5/7-UOP03/RJ"
258999;2019-12-27;"sexta-feira";"00:20:00";"BA";101;740;"ITABELA";"Condutor Dormindo";"Colisão traseira";"Com Vítimas Feridas";"Plena Noite";"Crescente";"Céu Claro";"Simples";"Reta;Aclive";"Não";6;0;2;0;3;1;2;3;-16,69551604;-39,47368803;"SPRF-BA";"DEL09-BA";"UOP01-DEL09-BA"
259001;2019-12-27;"sexta-feira";"01:45:00";"CE";222;148,9;"IRAUCUBA";"Ingestão de Álcool";"Colisão frontal";"Com Vítimas Fatais";"Plena Noite";"Decrescente";"Céu Claro";"Simples";"Curva";"Sim";3;1;0;0;1;1;0;3;-3,75001226;-39,77295298;"SPRF-CE";"DEL04-CE";"UOP03-DEL04-CE"
259004;2019-12-27;"sexta-feira";"03:00:00";"MG";40;690,6;"ALFREDO VASCONCELOS";"Falta de Atenção do Pedestre";"Colisão frontal";"Com Vítimas Fatais";"Plena Noite";"Decrescente";"Céu Claro";"Simples";"Reta";"Não";4;1;0;1;1;1;1;3;-21,1016579;-43,76384793;"SPRF-MG";"DEL05-MG";"UOP02-DEL05-MG"
259010;2019-12-27;"sexta-feira";"04:30:00";"AL";101;109,1;"PILAR";"Velocidade Incompatível";"Saída de leito carroçável";"Sem Vítimas";"Plena Noite";"Decrescente";"Nublado";"Simples";"Curva";"Não";2;0;0;0;0;2;0;2;-9,60183894;-36,01536915;"SPRF-AL";"DEL02-AL";"UOP01-DEL02-AL"
259011;2019-12-27;"sexta-feira";"06:20:00";"RN";304;220,5;"CAICARA DO RIO DO VENTO";"Falta de Atenção à Condução";"Colisão traseira";"Com Vítimas Fatais";"Pleno dia";"Decrescente";"Céu Claro";"Simples";"Aclive;Reta";"Não";3;1;0;0;1;2;0;4;-5,757041;-35,98889;"SPRF-RN";"DEL01-RN";"UOP03-DEL01-RN"
259013;2019-12-27;"sexta-feira";"05:15:00";"MG";381;635;"SANTO ANTONIO DO AMPARO";"Velocidade Incompatível";"Tombamento";"Com Vítimas Feridas";"Amanhecer";"Crescente";"Céu Claro";"Dupla";"Curva";"Não";2;0;1;0;0;2;1;3;-20,88278809;-44,85183046;"SPRF-MG";"DEL04-MG";"UOP01-DEL04-MG"
259035;2019-12-27;"sexta-feira";"07:50:00";"SP";116;217;"GUARULHOS";"Falta de Atenção à Condução";"Colisão traseira";"Com Vítimas Feridas";"Pleno dia";"Crescente";"Céu Claro";"Múltipla";"Reta";"Sim";3;0;2;0;1;0;2;2;-23,45423824;-46,47119028;"SPRF-SP";"DEL01-SP";"UOP01-DEL01-SP"
259039;2019-12-27;"sexta-feira";"08:15:00";"RS";101;53,1;"TERRA DE AREIA";"Falta de Atenção à Condução";"Saída de leito carroçável";"Sem Vítimas";"Pleno dia";"Decrescente";"Céu Claro";"Dupla";"Curva";"Não";2;0;0;0;1;1;0;2;-29,63086099;-50,10144414;"SPRF-RS";"DEL03-RS";"UOP02-DEL03-RS"
259043;2019-12-27;"sexta-feira";"07:15:00";"AC";364;126;"RIO BRANCO";"Desobediência às normas de trânsito pelo condutor";"Colisão lateral";"Com Vítimas Feridas";"Pleno dia";"Crescente";"Céu Claro";"Simples";"Reta";"Não";5;0;0;1;2;2;1;4;-10,012822;-67,80875;"SPRF-AC";"DEL01-AC";"UOP01-DEL01-AC"
259045;2019-12-05;"quinta-feira";"19:40:00";"TO";153;181,9;"ARAGUAINA";"Ultrapassagem Indevida";"Colisão frontal";"Com Vítimas Fatais";"Plena Noite";"Decrescente";"Nublado";"Simples";"Reta";"Não";11;3;1;1;5;3;2;8;-7,48913993;-48,38100323;"SPRF-TO";"DEL02-TO";"UOP01-DEL02-TO"
259050;2019-12-27;"sexta-feira";"10:00:00";"PE";101;66;"RECIFE";"Falta de Atenção à Condução";"Colisão lateral";"Com Vítimas Feridas";"Pleno dia";"Crescente";"Céu Claro";"Múltipla";"Reta";"Sim";4;0;1;0;2;1;1;3;-8,03368534;-34,94184125;"SPRF-PE";"DEL01-PE";"UOP01-DEL01-PE"
259052;2019-12-27;"sexta-feira";"09:50:00";"SP";153;322,8;"RIBEIRAO DO SUL";"Falta de Atenção à Condução";"Colisão lateral";"Com Vítimas Feridas";"Pleno dia";"Decrescente";"Céu Claro";"Simples";"Reta";"Não";4;0;0;1;3;0;1;2;-22,779339;-49,88968462;"SPRF-SP";"DEL07-SP";"UOP03-DEL07-SP"
259057;2019-12-27;"sexta-feira";"06:00:00";"BA";116;530;"ITATIM";"Falta de Atenção à Condução";"Colisão traseira";"Com Vítimas Feridas";"Pleno dia";"Decrescente";"Garoa/Chuvisco";"Simples";"Reta";"Não";5;0;2;0;2;1;2;4;-12,72182285;-39,76161404;"SPRF-BA";"DEL03-BA";"UOP02-DEL03-BA"
259059;2019-12-26;"quinta-feira";"20:15:00";"BA";116;581;"NOVA ITARANA";"Condutor Dormindo";"Saída de leito carroçável";"Com Vítimas Feridas";"Plena Noite";"Crescente";"Ignorado";"Simples";"Declive;Curva";"Não";1;0;1;0;0;0;1;1;-13,09784401;-39,96317298;"SPRF-BA";"DEL03-BA";"UOP02-DEL03-BA"
259062;2019-12-27;"sexta-feira";"09:00:00";"BA";101;238;"CONCEICAO DO ALMEIDA";"Falta de Atenção à Condução";"Colisão lateral";"Com Vítimas Feridas";"Pleno dia";"Decrescente";"Nublado";"Simples";"Declive";"Não";3;0;1;0;2;0;1;2;-12,88117996;-39,21999041;"SPRF-BA";"DEL01-BA";"UOP02-DEL01-BA"
259064;2019-12-27;"sexta-feira";"10:30:00";"GO";60;384,3;"RIO VERDE";"Velocidade Incompatível";"Colisão com objeto estático";"Sem Vítimas";"Pleno dia";"Decrescente";"Céu Claro";"Dupla";"Reta";"Sim";2;0;0;0;2;0;0;2;-17,7906;-50,9071;"SPRF-GO";"DEL04-GO";"UOP01-DEL04-GO"
259070;2019-12-27;"sexta-feira";"11:10:00";"MG";381;296;"ANTONIO DIAS";"Desobediência às normas de trânsito pelo condutor";"Colisão frontal";"Com Vítimas Feridas";"Pleno dia";"Crescente";"Céu Claro";"Simples";"Curva";"Não";4;0;1;1;2;0;2;3;-19,62698434;-42,8708198;"SPRF-MG";"DEL03-MG";"UOP02-DEL03-MG"
259083;2019-12-27;"sexta-feira";"12:50:00";"SP";116;87;"PINDAMONHANGABA";"Falta de Atenção do Pedestre";"Atropelamento de Pedestre";"Sem Vítimas";"Pleno dia";"Crescente";"Céu Claro";"Múltipla";"Reta";"Não";2;0;0;0;1;1;0;2;-22,93065267;-45,36166116;"SPRF-SP";"DEL06-SP";"UOP01-DEL06-SP"
259090;2019-11-07;"quinta-feira";"00:05:00";"GO";70;375;"ARAGARCAS";"Falta de Atenção à Condução";"Colisão frontal";"Com Vítimas Feridas";"Plena Noite";"Crescente";"Céu Claro";"Simples";"Ponte";"Sim";2;0;0;1;1;0;1;2;-15,89596124;-52,25475311;"SPRF-GO";"DEL04-GO";"UOP01-DEL04-GO"
259091;2019-12-27;"sexta-feira";"13:50:00";"MG";381;327;"NOVA ERA";"Desobediência às normas de trânsito pelo condutor";"Colisão transversal";"Com Vítimas Feridas";"Pleno dia";"Decrescente";"Céu Claro";"Simples";"Reta";"Não";2;0;1;0;0;1;1;2;-19,76723696;-43,04699067;"SPRF-MG";"DEL03-MG";"UOP01-DEL03-MG"
259102;2019-12-27;"sexta-feira";"15:00:00";"PR";277;138;"BALSA NOVA";"Desobediência às normas de trânsito pelo condutor";"Colisão lateral";"Com Vítimas Feridas";"Pleno dia";"Decrescente";"Sol";"Dupla";"Aclive;Reta";"Não";4;0;1;0;3;0;1;3;-25,47594262;-49,71970081;"SPRF-PR";"DEL01-PR";"UOP06-DEL01-PR"
259104;2019-12-27;"sexta-feira";"14:15:00";"RS";293;119,6;"PINHEIRO MACHADO";"Desobediência às normas de trânsito pelo condutor";"Colisão frontal";"Com Vítimas Feridas";"Pleno dia";"Crescente";"Céu Claro";"Múltipla";"Declive;Reta";"Não";2;0;0;1;1;0;1;2;-31,53730758;-53,49255591;"SPRF-RS";"DEL11-RS";"UOP03-DEL11-RS"
259105;2019-12-27;"sexta-feira";"14:30:00";"PE";101;87;"JABOATAO DOS GUARARAPES";"Falta de Atenção à Condução";"Saída de leito carroçável";"Com Vítimas Fatais";"Pleno dia";"Crescente";"Céu Claro";"Dupla";"Reta";"Não";3;1;0;0;1;1;0;3;-8,19108039;-34,97471809;"SPRF-PE";"DEL01-PE";"UOP03-DEL01-PE"
259109;2019-12-17;"terça-feira";"13:25:00";"SC";101;216;"PALHOCA";"Falta de Atenção à Condução";"Colisão com objeto estático";"Sem Vítimas";"Pleno dia";"Decrescente";"Chuva";"Dupla";"Reta";"Sim";3;0;0;0;2;1;0;3;-27,65981409;-48,67747798;"SPRF-SC";"DEL01-SC";"UOP02-DEL01-SC"
259110;2019-12-27;"sexta-feira";"13:30:00";"RJ";393;121;"SAPUCAIA";"Defeito Mecânico no Veículo";"Incêndio";"Sem Vítimas";"Pleno dia";"Crescente";"Céu Claro";"Simples";"Curva;Aclive";"Não";2;0;0;0;1;2;0;3;-21,93380606;-42,79637198;"SPRF-RJ";"DEL06-RJ";"UOP01-DEL05-RJ"
259119;2019-12-27;"sexta-feira";"16:00:00";"SC";280;271,9;"IRINEOPOLIS";"Falta de Atenção à Condução";"Colisão transversal";"Com Vítimas Feridas";"Pleno dia";"Crescente";"Céu Claro";"Simples";"Declive";"Não";3;0;0;1;1;1;1;3;-26,27291553;-50,74728727;"SPRF-SC";"DEL06-SC";"UOP04-DEL06-SC"
259121;2019-12-27;"sexta-feira";"16:00:00";"RS";290;60,7;"GRAVATAI";"Condutor Dormindo";"Saída de leito carroçável";"Com Vítimas Feridas";"Pleno dia";"Crescente";"Sol";"Dupla";"Reta";"Não";2;0;1;0;1;0;1;1;-29,924509;-50,858528;"SPRF-RS";"DEL03-RS";"UOP01-DEL03-RS"
259123;2019-12-27;"sexta-feira";"15:00:00";"GO";153;98,1;"SANTA TEREZA DE GOIAS";"Falta de Atenção à Condução";"Colisão lateral";"Com Vítimas Feridas";"Pleno dia";"Decrescente";"Céu Claro";"Simples";"Reta";"Não";6;0;4;1;1;0;5;2;-13,638148;-49,04092;"SPRF-GO";"DEL07-GO";"UOP01-DEL07-GO"
259124;2019-12-27;"sexta-feira";"15:50:00";"MA";226;322;"BARRA DO CORDA";"Ultrapassagem Indevida";"Colisão frontal";"Com Vítimas Feridas";"Pleno dia";"Decrescente";"Sol";"Simples";"Aclive";"Não";9;0;5;0;2;2;5;5;-5,42486537;-45,39318487;"SPRF-MA";"DEL04-MA";"UOP02-DEL04-MA"
259127;2019-12-03;"terça-feira";"08:02:00";"PA";163;1002,4;"SANTAREM";"Desobediência às normas de trânsito pelo condutor";"Colisão traseira";"Com Vítimas Feridas";"Pleno dia";"Crescente";"Céu Claro";"Simples";"Reta";"Sim";2;0;1;0;1;0;1;2;-2,45188469;-54,72953081;"SPRF-PA";"DEL05-PA";"UOP01-DEL05-PA"
259134;2019-12-27;"sexta-feira";"16:02:00";"RS";470;232;"CARLOS BARBOSA";"Carga excessiva e/ou mal acondicionada";"Derramamento de carga";"Sem Vítimas";"Pleno dia";"Crescente";"Sol";"Simples";"Curva";"Não";2;0;0;0;1;1;0;2;-29,29871778;-51,4810664;"SPRF-RS";"DEL06-RS";"UOP01-DEL06-RS"
259153;2019-12-27;"sexta-feira";"16:30:00";"GO";153;34,6;"PORANGATU";"Falta de Atenção à Condução";"Colisão lateral";"Com Vítimas Feridas";"Pleno dia";"Decrescente";"Céu Claro";"Simples";"Reta";"Não";4;0;1;0;2;1;1;3;-13,120278;-49,199387;"SPRF-GO";"DEL07-GO";"UOP01-DEL07-GO"
259170;2019-12-27;"sexta-feira";"19:30:00";"PA";222;99;"RONDON DO PARA";"Pista Escorregadia";"Colisão frontal";"Com Vítimas Feridas";"Plena Noite";"Crescente";"Chuva";"Simples";"Declive";"Não";3;0;1;1;0;1;2;3;-4,746434;-48,029533;"SPRF-PA";"DEL02-PA";"UOP02-DEL02-PA"
259177;2019-12-27;"sexta-feira";"16:59:00";"RS";470;194;"BENTO GONCALVES";"Não guardar distância de segurança";"Colisão lateral";"Sem Vítimas";"Pleno dia";"Decrescente";"Céu Claro";"Simples";"Curva";"Não";3;0;0;0;3;0;0;2;-29,05030203;-51,57387285;"SPRF-RS";"DEL06-RS";"UOP02-DEL06-RS"
259180;2019-12-27;"sexta-feira";"18:10:00";"SC";282;56,4;"RANCHO QUEIMADO";"Velocidade Incompatível";"Saída de leito carroçável";"Sem Vítimas";"Pleno dia";"Crescente";"Céu Claro";"Simples";"Curva";"Não";2;0;0;0;1;1;0;2;-27,68746129;-48,99492502;"SPRF-SC";"DEL01-SC";"UOP03-DEL01-SC"
259184;2019-12-27;"sexta-feira";"21:15:00";"MG";40;511;"RIBEIRAO DAS NEVES";"Falta de Atenção à Condução";"Colisão lateral";"Com Vítimas Feridas";"Plena Noite";"Decrescente";"Céu Claro";"Dupla";"Reta";"Sim";2;0;1;0;1;0;1;2;-19,78164295;-44,11733194;"SPRF-MG";"DEL01-MG";"UOP02-DEL01-MG"
259185;2019-12-27;"sexta-feira";"20:20:00";"MT";364;255;"JUSCIMEIRA";"Fenômenos da Natureza";"Tombamento";"Com Vítimas Feridas";"Plena Noite";"Crescente";"Céu Claro";"Dupla";"Desvio Temporário";"Não";2;0;1;0;0;2;1;3;-16,08922789;-54,86945773;"SPRF-MT";"DEL02-MT";"UOP01-DEL02-MT"
259191;2019-12-27;"sexta-feira";"21:50:00";"SC";101;174;"TIJUCAS";"Falta de Atenção à Condução";"Colisão traseira";"Com Vítimas Feridas";"Plena Noite";"Decrescente";"Céu Claro";"Dupla";"Reta";"Não";3;0;0;1;2;0;1;2;-27,33081601;-48,62697562;"SPRF-SC";"DEL01-SC";"UOP01-DEL01-SC"
259204;2019-12-27;"sexta-feira";"23:00:00";"MT";364;291;"JACIARA";"Falta de Atenção à Condução";"Saída de leito carroçável";"Com Vítimas Feridas";"Plena Noite";"Crescente";"Ignorado";"Dupla";"Reta";"Não";1;0;1;0;0;0;1;1;-15,89922799;-55,09840599;"SPRF-MT";"DEL02-MT";"UOP02-DEL05-MT"
259211;2019-12-28;"sábado";"01:50:00";"MG";381;682,5;"PERDOES";"Falta de Atenção à Condução";"Colisão traseira";"Com Vítimas Feridas";"Plena Noite";"Decrescente";"Céu Claro";"Dupla";"Reta;Aclive";"Não";5;0;2;0;2;1;2;3;-21,14747586;-45,10975599;"SPRF-MG";"DEL04-MG";"UOP02-DEL04-MG"
259218;2019-12-28;"sábado";"05:20:00";"PB";101;53,8;"SANTA RITA";"Condutor Dormindo";"Colisão traseira";"Com Vítimas Feridas";"Pleno dia";"Crescente";"Céu Claro";"Dupla";"Aclive";"Não";2;0;1;0;1;0;1;2;-6,95396379;-35,09058058;"SPRF-PB";"DEL01-PB";"UOP04-DEL01-PB"
259221;2019-12-28;"sábado";"05:30:00";"CE";222;232,1;"SOBRAL";"Falta de Atenção à Condução";"Colisão transversal";"Com Vítimas Feridas";"Amanhecer";"Decrescente";"Céu Claro";"Simples";"Reta";"Não";2;0;1;0;1;0;1;2;-3,70721321;-40,40927791;"SPRF-CE";"DEL04-CE";"UOP01-DEL04-CE"
259222;2019-12-28;"sábado";"04:40:00";"MG";381;791,6;"SAO GONCALO DO SAPUCAI";"Ingestão de álcool e/ou substâncias psicoativas pelo pedestre";"Atropelamento de Pedestre";"Com Vítimas Fatais";"Plena Noite";"Crescente";"Ignorado";"Dupla";"Reta;Declive";"Não";3;1;0;0;1;1;0;2;-21,89386621;-45,54915011;"SPRF-MG";"DEL16-MG";"UOP02-DEL16-MG"
259228;2019-12-28;"sábado";"04:30:00";"RJ";116;241,7;"PIRAI";"Falta de Atenção do Pedestre";"Atropelamento de Pedestre";"Com Vítimas Fatais";"Amanhecer";"Decrescente";"Céu Claro";"Dupla";"Reta";"Não";2;1;0;0;0;1;0;2;-22,64242197;-43,89766093;"SPRF-RJ";"DEL07-RJ";"UOP01-DEL07-RJ"
259242;2019-12-28;"sábado";"07:00:00";"RJ";101;67;"CAMPOS DOS GOYTACAZES";"Não guardar distância de segurança";"Colisão traseira";"Com Vítimas Feridas";"Pleno dia";"Decrescente";"Céu Claro";"Simples";"Reta";"Sim";2;0;1;0;1;0;1;2;-21,76751094;-41,34876249;"SPRF-RJ";"DEL08-RJ";"UOP02-DEL08-RJ"
259245;2019-12-28;"sábado";"07:40:00";"RN";226;166,2;"CURRAIS NOVOS";"Velocidade Incompatível";"Tombamento";"Com Vítimas Feridas";"Pleno dia";"Crescente";"Sol";"Simples";"Curva";"Não";4;0;4;0;0;0;4;1;-6,23134484;-36,43796705;"SPRF-RN";"DEL03-RN";"UOP02-DEL03-RN"
259251;2019-12-28;"sábado";"07:30:00";"ES";262;26;"VIANA";"Falta de Atenção à Condução";"Colisão lateral";"Sem Vítimas";"Pleno dia";"Decrescente";"Nublado";"Simples";"Curva";"Não";2;0;0;0;1;1;0;2;-20,38041768;-40,54402517;"SPRF-ES";"DEL01-ES";"UOP01-DEL01-ES"
259256;2019-12-28;"sábado";"07:30:00";"BA";101;864;"TEIXEIRA DE FREITAS";"Falta de Atenção à Condução";"Colisão traseira";"Com Vítimas Feridas";"Pleno dia";"Decrescente";"Céu Claro";"Simples";"Reta";"Não";7;0;1;0;5;1;1;3;-17,62991701;-39,76820396;"SPRF-BA";"DEL09-BA";"UOP02-DEL09-BA"
259303;2019-12-28;"sábado";"09:40:00";"MG";116;117;"ITAOBIM";"Falta de Atenção à Condução";"Colisão transversal";"Com Vítimas Fatais";"Pleno dia";"Decrescente";"Sol";"Simples";"Interseção de Vias";"Sim";4;1;0;1;1;2;1;4;-16,57411225;-41,50497449;"SPRF-MG";"DEL11-MG";"UOP02-DEL11-MG"
259310;2019-12-28;"sábado";"14:20:00";"SC";101;205;"SAO JOSE";"Falta de Atenção à Condução";"Colisão traseira";"Com Vítimas Feridas";"Pleno dia";"Crescente";"Céu Claro";"Múltipla";"Reta";"Sim";6;0;1;0;3;3;1;7;-27,58313237;-48,61532885;"SPRF-SC";"DEL01-SC";"UOP01-DEL01-SC"
259322;2019-12-28;"sábado";"15:45:00";"SC";101;185;"BIGUACU";"Falta de Atenção à Condução";"Colisão traseira";"Com Vítimas Feridas";"Pleno dia";"Crescente";"Céu Claro";"Dupla";"Reta";"Não";3;0;1;0;2;0;1;2;-27,42536698;-48,62465876;"SPRF-SC";"DEL01-SC";"UOP01-DEL01-SC"
259328;2019-12-28;"sábado";"06:30:00";"MT";364;139,3;"PEDRA PRETA";"Defeito Mecânico no Veículo";"Colisão frontal";"Com Vítimas Feridas";"Pleno dia";"Crescente";"Céu Claro";"Simples";"Curva";"Não";3;0;1;0;1;4;1;6;-16,80094529;-54,1099251;"SPRF-MT";"DEL02-MT";"UOP01-DEL02-MT"
259343;2019-12-28;"sábado";"16:30:00";"GO";153;505,7;"APARECIDA DE GOIANIA";"Falta de Atenção à Condução";"Colisão traseira";"Sem Vítimas";"Pleno dia";"Crescente";"Sol";"Dupla";"Reta";"Sim";4;0;0;0;3;2;0;5;-16,7537;-49,2411;"SPRF-GO";"DEL01-GO";"UOP01-DEL01-GO"
259362;2019-12-28;"sábado";"09:55:00";"BA";110;388,1;"SAO SEBASTIAO DO PASSE";"Defeito Mecânico no Veículo";"Incêndio";"Sem Vítimas";"Pleno dia";"Decrescente";"Nublado";"Simples";"Reta";"Não";2;0;0;0;1;1;0;2;-12,50766107;-38,49626949;"SPRF-BA";"DEL01-BA";"UOP01-DEL01-BA"
259363;2019-12-28;"sábado";"19:30:00";"MG";116;525;"CARATINGA";"Falta de Atenção à Condução";"Colisão traseira";"Com Vítimas Feridas";"Plena Noite";"Decrescente";"Chuva";"Simples";"Curva";"Não";6;0;3;0;3;0;3;3;-19,75507177;-42,13256836;"SPRF-MG";"DEL06-MG";"UOP02-DEL06-MG"
259368;2019-12-28;"sábado";"15:50:00";"RS";448;0,4;"SAPUCAIA DO SUL";"Carga excessiva e/ou mal acondicionada";"Derramamento de carga";"Sem Vítimas";"Pleno dia";"Decrescente";"Sol";"Dupla";"Curva";"Não";2;0;0;0;0;2;0;2;-29,83059256;-51,17380142;"SPRF-RS";"DEL01-RS";"UOP02-DEL01-RS"
259370;2019-12-28;"sábado";"19:05:00";"PR";153;23,7;"JACAREZINHO";"Defeito Mecânico no Veículo";"Colisão frontal";"Com Vítimas Feridas";"Pleno dia";"Crescente";"Céu Claro";"Simples";"Reta";"Sim";3;0;0;1;1;1;1;3;-23,17659697;-49,97635304;"SPRF-PR";"DEL07-PR";"UOP04-DEL07-PR"
259373;2019-12-28;"sábado";"21:05:00";"MS";267;125;"NOVA ANDRADINA";"Velocidade Incompatível";"Saída de leito carroçável";"Com Vítimas Fatais";"Plena Noite";"Decrescente";"Céu Claro";"Dupla";"Rotatória";"Sim";6;2;1;1;1;2;2;5;-21,75631109;-53,26225519;"SPRF-MS";"DEL02-MS";"UOP03-DEL02-MS"
259380;2019-12-28;"sábado";"21:00:00";"MG";365;758,4;"ITUIUTABA";"Falta de Atenção à Condução";"Colisão lateral";"Com Vítimas Feridas";"Plena Noite";"Decrescente";"Céu Claro";"Dupla";"Retorno Regulamentado";"Sim";4;0;1;1;1;1;2;3;-18,966291;-49,49224;"SPRF-MG";"DEL15-MG";"UOP03-DEL15-MG"
259381;2019-12-28;"sábado";"21:10:00";"RN";405;175;"JOSE DA PENHA";"Desobediência às normas de trânsito pelo condutor";"Colisão frontal";"Com Vítimas Fatais";"Plena Noite";"Crescente";"Céu Claro";"Simples";"Reta";"Não";2;1;0;0;1;0;0;2;-6,30768327;-38,28140162;"SPRF-RN";"DEL04-RN";"UOP02-DEL04-RN"
259384;2019-12-16;"segunda-feira";"10:45:00";"MG";365;628,7;"UBERLANDIA";"Velocidade Incompatível";"Tombamento";"Com Vítimas Feridas";"Pleno dia";"Crescente";"Céu Claro";"Dupla";"Viaduto";"Sim";2;0;1;0;0;1;1;2;-18,90569779;-48,33178639;"SPRF-MG";"DEL15-MG";"UOP01-DEL15-MG"
259386;2019-12-28;"sábado";"19:45:00";"CE";116;178,3;"RUSSAS";"Falta de Atenção à Condução";"Queda de ocupante de veículo";"Com Vítimas Feridas";"Plena Noite";"Crescente";"Céu Claro";"Simples";"Reta";"Não";2;0;1;0;1;0;1;2;-5,03121497;-38,07981603;"SPRF-CE";"DEL03-CE";"UOP01-DEL03-CE"