"id";"data_inversa";"dia_semana";"horario";"uf";"br";"km";"municipio";"causa_acidente";"tipo_acidente";"classificacao_acidente";"fase_dia";"sentido_via";"condicao_metereologica";"tipo_pista";"tracado_via";"uso_solo";"pessoas";"mortos";"feridos_leves";"feridos_graves";"ilesos";"ignorados";"feridos";"veiculos";"latitude";"longitude";"regional";"delegacia";"uop"
260254;2019-06-05;"quarta-feira";"16:40:00";"SC";282;512;"XANXERE";"Falta de Atenção à Condução";"Tombamento";"Sem Vítimas";"Anoitecer";"Decrescente";"Céu Claro";"Simples";"Reta";"Não";2;0;0;0;1;1;0;2;-26,910799;-52,472099;"SPRF-SC";"DEL07-SC";"UOP01-DEL07-SC"
260555;2019-12-19;"quinta-feira";"05:20:00";"PA";316;71;"CASTANHAL";"Animais na Pista";"Atropelamento de Animal";"Sem Vítimas";"Amanhecer";"Decrescente";"Céu Claro";"Simples";"Reta";"Não";1;0;0;0;1;0;0;1;-1,29062917;-47,85733898;"SPRF-PA";"DEL01-PA";"UOP01-DEL01-PA"
260566;2019-07-21;"domingo";"14:18:00";"AL";101;16,4;"JOAQUIM GOMES";"Velocidade Incompatível";"Tombamento";"Com Vítimas Feridas";"Pleno dia";"Crescente";"Céu Claro";"Dupla";"Curva";"Não";2;0;0;1;0;1;1;2;-8,99730698;-35,6760262;"SPRF-AL";"DEL01-AL";"UOP01-DEL01-AL"
260586;2019-12-30;"segunda-feira";"22:35:00";"SC";470;144;"RIO DO SUL";"Não guardar distância de segurança";"Colisão traseira";"Sem Vítimas";"Plena Noite";"Crescente";"Céu Claro";"Simples";"Reta";"Não";3;0;0;0;3;0;0;3;-27,235138;-49,677608;"SPRF-SC";"DEL04-SC";"UOP02-DEL04-SC"
260593;2019-11-17;"domingo";"17:00:00";"BA";101;258;"SANTO ANTONIO DE JESUS";"Falta de Atenção à Condução";"Colisão lateral";"Com Vítimas Feridas";"Anoitecer";"Decrescente";"Céu Claro";"Simples";"Reta";"Não";3;0;1;0;2;0;1;2;-13,04898597;-39,28532574;"SPRF-BA";"DEL01-BA";"UOP02-DEL01-BA"
260594;2019-12-07;"sábado";"06:30:00";"PR";277;319,8;"GUARAPUAVA";"Falta de Atenção à Condução";"Tombamento";"Com Vítimas Feridas";"Pleno dia";"Decrescente";"Nublado";"Simples";"Reta";"Não";2;0;0;1;0;1;1;2;-25,33982216;-51,21601848;"SPRF-PR";"DEL03-PR";"UOP01-DEL08-PR"
260601;2019-12-22;"domingo";"19:50:00";"PR";476;233,1;"LAPA";"Velocidade Incompatível";"Capotamento";"Com Vítimas Fatais";"Plena Noite";"Decrescente";"Céu Claro";"Múltipla";"Curva";"Não";1;1;0;0;0;0;0;1;-25,882042;-50,008629;"SPRF-PR";"DEL02-PR";"UOP04-DEL02-PR"
260607;2019-12-10;"terça-feira";"15:20:00";"BA";101;313,5;"PRESIDENTE TANCREDO NEVES";"Falta de Atenção à Condução";"Colisão lateral";"Com Vítimas Feridas";"Pleno dia";"Decrescente";"Sol";"Simples";"Reta";"Não";4;0;2;0;2;0;2;2;-13,3709154;-39,37774658;"SPRF-BA";"DEL05-BA";"UOP03-DEL05-BA"
260787;2019-09-03;"terça-feira";"13:00:00";"MG";381;450,2;"SABARA";"Falta de Atenção à Condução";"Tombamento";"Com Vítimas Feridas";"Pleno dia";"Decrescente";"Céu Claro";"Simples";"Reta";"Não";2;0;1;0;1;0;1;2;-19,84130639;-43,87176902;"SPRF-MG";"DEL01-MG";"UOP01-DEL01-MG"
260968;2019-12-09;"segunda-feira";"06:30:00";"RJ";393;284,3;"VOLTA REDONDA";"Falta de Atenção à Condução";"Colisão lateral";"Sem Vítimas";"Pleno dia";"Crescente";"Céu Claro";"Dupla";"Reta";"Sim";3;0;0;0;2;1;0;3;-22,47341979;-44,05990606;"SPRF-RJ";"DEL05-RJ";"UOP04-DEL05-RJ"
260971;2019-12-13;"sexta-feira";"06:30:00";"SC";116;269,6;"CAPAO ALTO";"Não guardar distância de segurança";"Colisão traseira";"Com Vítimas Fatais";"Pleno dia";"Crescente";"Céu Claro";"Simples";"Reta;Aclive";"Não";15;5;3;1;5;5;4;11;-27,96387217;-50,49552689;"SPRF-SC";"DEL05-SC";"UOP02-DEL05-SC"
261000;2019-12-17;"terça-feira";"04:00:00";"MG";116;579,1;"MANHUACU";"Velocidade Incompatível";"Tombamento";"Com Vítimas Feridas";"Plena Noite";"Decrescente";"Nublado";"Simples";"Curva";"Não";2;0;1;0;0;1;1;2;-20,17836097;-42,18664844;"SPRF-MG";"DEL06-MG";"UOP03-DEL06-MG"
261166;2019-11-02;"sábado";"07:50:00";"CE";116;42;"HORIZONTE";"Falta de Atenção à Condução";"Colisão lateral";"Com Vítimas Feridas";"Pleno dia";"Decrescente";"Céu Claro";"Dupla";"Reta";"Não";4;0;1;0;2;1;1;3;-4,10857928;-38,4942173;"SPRF-CE";"DEL01-CE";"UOP02-DEL01-CE"
261206;2019-11-27;"quarta-feira";"13:30:00";"MT";364;349;"SANTO ANTONIO DO LEVERGER";"Velocidade Incompatível";"Saída de leito carroçável";"Com Vítimas Feridas";"Pleno dia";"Crescente";"Ignorado";"Dupla";"Curva";"Não";1;0;1;0;0;0;1;1;-15,80502622;-55,5546431;"SPRF-MT";"DEL02-MT";"UOP02-DEL01-MT"
261322;2019-11-23;"sábado";"03:00:00";"MG";251;333,7;"FRUTA DE LEITE";"Velocidade Incompatível";"Tombamento";"Com Vítimas Feridas";"Plena Noite";"Decrescente";"Nublado";"Simples";"Declive;Curva";"Não";2;0;1;0;0;2;1;3;-16,25683842;-42,43114276;"SPRF-MG";"DEL12-MG";"UOP01-DEL12-MG"
261362;2019-07-27;"sábado";"11:40:00";"PR";476;166;"CONTENDA";"Não guardar distância de segurança";"Colisão traseira";"Com Vítimas Feridas";"Pleno dia";"Crescente";"Céu Claro";"Simples";"Reta";"Não";3;0;1;0;1;2;1;4;-25,650063;-49,477688;"SPRF-PR";"DEL01-PR";"UOP06-DEL01-PR"
261406;2019-10-04;"sexta-feira";"05:40:00";"RO";364;667;"PORTO VELHO";"Falta de Atenção à Condução";"Colisão lateral";"Sem Vítimas";"Amanhecer";"Crescente";"Céu Claro";"Simples";"Curva";"Não";2;0;0;0;1;1;0;2;-8,79995368;-63,69541526;"SPRF-RO";"DEL01-RO";"UOP01-DEL01-RO"
261520;2019-12-22;"domingo";"21:00:00";"PI";407;467;"JAICOS";"Falta de Atenção à Condução";"Colisão transversal";"Sem Vítimas";"Plena Noite";"Crescente";"Céu Claro";"Simples";"Reta";"Não";2;0;0;0;1;1;0;2;-7,34705885;-41,14454971;"SPRF-PI";"DEL04-PI";"UOP01-DEL04-PI"
261540;2019-12-27;"sexta-feira";"13:50:00";"MA";135;51;"BACABEIRA";"Pista Escorregadia";"Colisão frontal";"Com Vítimas Feridas";"Pleno dia";"Decrescente";"Chuva";"Simples";"Reta";"Sim";3;0;1;0;1;1;1;3;-2,972108;-44,317272;"SPRF-MA";"DEL01-MA";"UOP02-DEL01-MA"
261646;2019-12-30;"segunda-feira";"15:00:00";"MS";262;733,6;"CORUMBA";"Velocidade Incompatível";"Colisão frontal";"Com Vítimas Feridas";"Pleno dia";"Crescente";"Chuva";"Simples";"Curva";"Não";6;0;3;2;1;0;5;2;-19,34904769;-57,57144928;"SPRF-MS";"DEL03-MS";"UOP03-DEL03-MS"
261651;2019-12-28;"sábado";"19:00:00";"RO";364;64;"VILHENA";"Velocidade Incompatível";"Colisão frontal";"Com Vítimas Fatais";"Plena Noite";"Crescente";"Chuva";"Simples";"Aclive";"Não";46;6;24;5;10;2;29;4;-12,50476617;-60,470767;"SPRF-RO";"DEL04-RO";"UOP01-DEL04-RO"
261676;2019-12-16;"segunda-feira";"06:45:00";"ES";447;13;"VILA VELHA";"Desobediência às normas de trânsito pelo condutor";"Colisão lateral";"Com Vítimas Feridas";"Pleno dia";"Decrescente";"Céu Claro";"Dupla";"Reta";"Sim";2;0;0;1;0;1;1;2;-20,35784325;-40,3328294;"SPRF-ES";"DEL01-ES";"UOP01-DEL01-ES"
261725;2019-12-04;"quarta-feira";"06:15:00";"MT";364;346;"SANTO ANTONIO DO LEVERGER";"Falta de Atenção à Condução";"Tombamento";"Com Vítimas Feridas";"Amanhecer";"Decrescente";"Céu Claro";"Dupla";"Curva";"Não";2;0;1;0;0;1;1;2;-15,7996367;-55,58299395;"SPRF-MT";"DEL02-MT";"UOP02-DEL01-MT"
261912;2019-07-30;"terça-feira";"22:00:00";"MT";163;540;"DIAMANTINO";"Defeito na Via";"Colisão frontal";"Com Vítimas Fatais";"Plena Noite";"Crescente";"Céu Claro";"Simples";"Reta";"Não";36;4;20;4;7;1;24;4;-14,38413105;-56,12218806;"SPRF-MT";"DEL01-MT";"UOP01-DEL01-MT"
261913;2019-11-22;"sexta-feira";"08:20:00";"SP";153;64,1;"SAO JOSE DO RIO PRETO";"Falta de Atenção à Condução";"Colisão traseira";"Sem Vítimas";"Pleno dia";"Decrescente";"Céu Claro";"Dupla";"Reta";"Sim";2;0;0;0;2;0;0;2;-20,82919401;-49,36046325;"SPRF-SP";"DEL09-SP";"UOP01-DEL09-SP"
262095;2019-12-27;"sexta-feira";"22:20:00";"PI";407;425,8;"PICOS";"Falta de Atenção à Condução";"Colisão traseira";"Com Vítimas Feridas";"Plena Noite";"Decrescente";"Céu Claro";"Simples";"Reta";"Não";4;0;1;0;1;2;1;4;-7,094478;-41,423126;"SPRF-PI";"DEL04-PI";"UOP01-DEL04-PI"
262330;2019-12-04;"quarta-feira";"02:20:00";"PE";232;62,7;"POMBOS";"Defeito Mecânico no Veículo";"Tombamento";"Com Vítimas Fatais";"Plena Noite";"Decrescente";"Céu Claro";"Simples";"Curva";"Sim";1;1;0;0;0;0;0;1;-8,157602;-35,429243;"SPRF-PE";"DEL01-PE";"UOP02-DEL02PE"
262609;2019-11-26;"terça-feira";"20:40:00";"SP";116;46,8;"CANAS";"Falta de Atenção à Condução";"Colisão traseira";"Com Vítimas Fatais";"Plena Noite";"Crescente";"Céu Claro";"Dupla";"Reta";"Não";2;1;0;0;1;0;0;2;-22,71393589;-45,05335608;"SPRF-SP";"DEL08-SP";"UOP01-DEL08-SP"
262972;2019-11-13;"quarta-feira";"01:09:00";"MG";381;880,1;"ESTIVA";"Falta de Atenção à Condução";"Colisão traseira";"Com Vítimas Fatais";"Plena Noite";"Decrescente";"Ignorado";"Dupla";"Curva";"Não";12;1;8;0;1;3;8;5;-22,50771497;-46,01674307;"SPRF-MG";"DEL16-MG";"UOP01-DEL16-MG"
262978;2019-01-16;"quarta-feira";"19:40:00";"BA";116;635,2;"JAGUAQUARA";"Ultrapassagem Indevida";"Colisão frontal";"Com Vítimas Fatais";"Plena Noite";"Crescente";"Céu Claro";"Simples";"Reta";"Não";3;1;1;1;0;0;2;2;-13,53440642;-40,0656943;"SPRF-BA";"DEL03-BA";"UOP01-DEL03-BA"
263115;2019-10-28;"segunda-feira";"21:50:00";"MG";381;559,8;"ITAGUARA";"Velocidade Incompatível";"Colisão com objeto estático";"Com Vítimas Feridas";"Plena Noite";"Crescente";"Chuva";"Dupla";"Curva";"Não";2;0;0;1;0;1;1;2;-20,38230203;-44,48068397;"SPRF-MG";"DEL04-MG";"UOP03-DEL04-MG"
263159;2019-11-30;"sábado";"00:15:00";"RS";392;43,5;"RIO GRANDE";"Desobediência às normas de trânsito pelo condutor";"Colisão traseira";"Com Vítimas Feridas";"Plena Noite";"Crescente";"Céu Claro";"Dupla";"Reta";"Não";3;0;2;0;0;3;2;5;-31,93715696;-52,31137473;"SPRF-RS";"DEL07-RS";"UOP02-DEL07-RS"
263285;2019-12-14;"sábado";"14:00:00";"SC";470;14,3;"ILHOTA";"Desobediência às normas de trânsito pelo condutor";"Colisão transversal";"Com Vítimas Feridas";"Pleno dia";"Crescente";"Céu Claro";"Simples";"Declive;Reta";"Não";2;0;0;1;1;0;1;2;-26,837988;-48,775795;"SPRF-SC";"DEL04-SC";"UOP04-DEL04-SC"
263300;2019-07-02;"terça-feira";"06:35:00";"MG";262;44,7;"MANHUACU";"Velocidade Incompatível";"Tombamento";"Sem Vítimas";"Pleno dia";"Decrescente";"Sol";"Simples";"Curva";"Não";2;0;0;0;1;1;0;2;-20,26011575;-42,08811198;"SPRF-MG";"DEL06-MG";"UOP03-DEL06-MG"
263364;2019-07-31;"quarta-feira";"10:30:00";"MS";60;65;"PARAISO DAS AGUAS";"Velocidade Incompatível";"Saída de leito carroçável";"Com Vítimas Feridas";"Pleno dia";"Crescente";"Céu Claro";"Simples";"Curva";"Não";1;0;0;1;0;0;1;1;-19,054;-53,015;"SPRF-MS";"DEL06-MS";"UOP02-DEL06-MS"
263538;2019-10-18;"sexta-feira";"16:00:00";"MG";40;518;"RIBEIRAO DAS NEVES";"Desobediência às normas de trânsito pelo pedestre";"Atropelamento de Pedestre";"Com Vítimas Fatais";"Pleno dia";"Decrescente";"Céu Claro";"Dupla";"Reta";"Sim";3;1;0;1;1;0;1;2;-19,8321242;-44,08208533;"SPRF-MG";"DEL01-MG";"UOP02-DEL01-MG"
263786;2019-04-09;"terça-feira";"17:30:00";"RS";116;267;"CANOAS";"Falta de Atenção à Condução";"Colisão traseira";"Com Vítimas Feridas";"Pleno dia";"Decrescente";"Céu Claro";"Dupla";"Reta";"Sim";5;0;1;0;4;0;1;5;-29,95633063;-51,17608331;"SPRF-RS";"DEL01-RS";"UOP01-DEL01-RS"
264265;2019-03-28;"quinta-feira";"10:30:00";"SC";282;497;"XANXERE";"Defeito Mecânico no Veículo";"Capotamento";"Sem Vítimas";"Pleno dia";"Crescente";"Sol";"Simples";"Aclive";"Não";2;0;0;0;1;1;0;2;-26,8792823;-52,35229969;"SPRF-SC";"DEL07-SC";"UOP01-DEL07-SC"
264389;2019-08-24;"sábado";"19:00:00";"BA";324;550;"AMELIA RODRIGUES";"Defeito Mecânico no Veículo";"Colisão traseira";"Com Vítimas Feridas";"Plena Noite";"Decrescente";"Céu Claro";"Dupla";"Reta";"Não";3;0;0;1;1;1;1;3;-12,43832718;-38,72506515;"SPRF-BA";"DEL01-BA";"UOP01-DEL01-BA"
264390;2019-09-20;"sexta-feira";"09:50:00";"PR";163;278;"QUATRO PONTES";"Desobediência às normas de trânsito pelo condutor";"Colisão lateral";"Com Vítimas Feridas";"Pleno dia";"Crescente";"Sol";"Simples";"Reta";"Não";2;0;1;0;1;0;1;2;-24,60094197;-53,98016768;"SPRF-PR";"DEL06-PR";"UOP02-DEL06-PR"
264440;2019-07-24;"quarta-feira";"06:30:00";"MG";381;685,7;"LAVRAS";"Objeto estático sobre o leito carroçável";"Derramamento de carga";"Com Vítimas Feridas";"Pleno dia";"Decrescente";"Nevoeiro/Neblina";"Dupla";"Curva";"Não";11;0;2;0;8;2;2;11;-21,19177791;-45,11670723;"SPRF-MG";"DEL04-MG";"UOP02-DEL04-MG"
264582;2019-12-18;"quarta-feira";"20:35:00";"MG";381;442;"SABARA";"Mal Súbito";"Colisão com objeto estático";"Com Vítimas Fatais";"Plena Noite";"Crescente";"Céu Claro";"Simples";"Reta";"Não";3;1;0;0;1;1;0;2;-19,8183901;-43,81131985;"SPRF-MG";"DEL01-MG";"UOP01-DEL01-MG"
264666;2019-12-18;"quarta-feira";"22:50:00";"RJ";101;313;"SAO GONCALO";"Desobediência às normas de trânsito pelo condutor";"Tombamento";"Com Vítimas Feridas";"Plena Noite";"Crescente";"Céu Claro";"Dupla";"Curva";"Sim";2;0;1;0;0;1;1;2;-22,7930743;-43,0250288;"SPRF-RJ";"DEL02-RJ";"UOP02-DEL02-RJ"
264837;2019-09-26;"quinta-feira";"06:40:00";"BA";116;596;"IRAJUBA";"Condutor Dormindo";"Colisão frontal";"Com Vítimas Feridas";"Pleno dia";"Crescente";"Céu Claro";"Simples";"Reta";"Não";3;0;1;0;1;2;1;4;-13,18013991;-40,0048822;"SPRF-BA";"DEL03-BA";"UOP02-DEL03-BA"
264971;2019-04-16;"terça-feira";"18:30:00";"RS";116;269;"CANOAS";"Objeto estático sobre o leito carroçável";"Colisão com objeto estático";"Com Vítimas Feridas";"Plena Noite";"Crescente";"Céu Claro";"Dupla";"Reta";"Sim";2;0;1;0;1;0;1;2;-29,95939637;-51,176548;"SPRF-RS";"DEL01-RS";"UOP01-DEL01-RS"
265076;2019-11-27;"quarta-feira";"01:00:00";"MG";153;12,7;"ARAPORA";"Velocidade Incompatível";"Colisão traseira";"Com Vítimas Feridas";"Plena Noite";"Decrescente";"Chuva";"Dupla";"Aclive";"Não";42;0;8;1;33;0;9;2;-18,531683;-49,1922106;"SPRF-MG";"DEL15-MG";"UOP03-DEL15-MG"
265381;2019-12-12;"quinta-feira";"11:35:00";"GO";20;128,5;"FLORES DE GOIAS";"Condutor Dormindo";"Engavetamento";"Sem Vítimas";"Pleno dia";"Crescente";"Céu Claro";"Simples";"Reta";"Não";5;0;0;0;4;3;0;6;-14,847665;-46,75708;"SPRF-DF";"DEL02-DF";"UOP03-DEL02-DF"
265409;2019-12-06;"sexta-feira";"13:30:00";"MG";365;580;"INDIANOPOLIS";"Falta de Atenção à Condução";"Colisão traseira";"Com Vítimas Feridas";"Pleno dia";"Crescente";"Sol";"Simples";"Reta";"Não";4;0;2;0;1;1;2;4;-18,87779;-47,94286;"SPRF-MG";"DEL15-MG";"UOP02-DEL15-MG"
265560;2019-12-06;"sexta-feira";"12:05:00";"RS";116;523,9;"PELOTAS";"Falta de Atenção à Condução";"Tombamento";"Sem Vítimas";"Pleno dia";"Crescente";"Céu Claro";"Simples";"Curva";"Não";1;0;0;0;1;0;0;1;-31,72136584;-52,38140629;"SPRF-RS";"DEL07-RS";"UOP01-DEL07-RS"
265662;2019-09-18;"quarta-feira";"15:16:00";"MG";381;932,7;"EXTREMA";"Velocidade Incompatível";"Tombamento";"Com Vítimas Feridas";"Pleno dia";"Decrescente";"Céu Claro";"Dupla";"Curva";"Não";3;0;1;1;0;1;2;2;-22,81198015;-46,28431295;"SPRF-MG";"DEL16-MG";"UOP03-DEL16-MG"
265751;2019-12-27;"sexta-feira";"13:45:00";"PE";101;66,8;"RECIFE";"Falta de Atenção à Condução";"Colisão lateral";"Sem Vítimas";"Pleno dia";"Decrescente";"Céu Claro";"Dupla";"Aclive";"Sim";3;0;0;0;3;0;0;2;-8,04041608;-34,9424994;"SPRF-PE";"DEL01-PE";"UOP01-DEL01-PE"
265761;2019-10-09;"quarta-feira";"13:30:00";"MA";135;22;"SAO LUIS";"Falta de Atenção à Condução";"Colisão transversal";"Com Vítimas Feridas";"Pleno dia";"Decrescente";"Sol";"Dupla";"Reta";"Sim";2;0;0;1;1;0;1;2;-2,56058709;-44,3150872;"SPRF-MA";"DEL01-MA";"UOP01-DEL01-MA"
265798;2019-11-16;"sábado";"19:00:00";"BA";101;524;"BUERAREMA";"Falta de Atenção à Condução";"Colisão traseira";"Com Vítimas Feridas";"Plena Noite";"Decrescente";"Céu Claro";"Dupla";"Reta";"Sim";2;0;0;1;1;0;1;2;-14,95788701;-39,30693626;"SPRF-BA";"DEL05-BA";"UOP01-DEL05-BA"
265822;2019-10-06;"domingo";"15:00:00";"SC";101;334;"TUBARAO";"Falta de Atenção à Condução";"Derramamento de carga";"Com Vítimas Feridas";"Pleno dia";"Decrescente";"Nublado";"Simples";"Interseção de Vias";"Sim";2;0;1;0;0;1;1;2;-28,46730446;-49,00604302;"SPRF-SC";"DEL02-SC";"UOP01-DEL02-SC"
265857;2019-09-09;"segunda-feira";"15:50:00";"AM";319;820;"CANUTAMA";"Defeito Mecânico no Veículo";"Saída de leito carroçável";"Com Vítimas Feridas";"Pleno dia";"Crescente";"Sol";"Simples";"Reta";"Não";4;0;0;1;3;0;1;1;-8,22915968;-63,9239502;"SPRF-RO";"DEL01-RO";"UOP01-DEL01-RO"
266003;2019-04-07;"domingo";"23:30:00";"PI";222;35;"BRASILEIRA";"Ingestão de Álcool";"Colisão lateral";"Com Vítimas Feridas";"Plena Noite";"Crescente";"Céu Claro";"Simples";"Reta";"Não";2;0;0;1;0;1;1;2;-4,04815063;-41,50091609;"SPRF-PI";"DEL02-PI";"UOP01-DEL02-PI"
266162;2019-12-24;"terça-feira";"16:10:00";"MG";267;231;"LIBERDADE";"Velocidade Incompatível";"Tombamento";"Com Vítimas Feridas";"Pleno dia";"Crescente";"Nublado";"Simples";"Curva";"Não";2;0;1;0;0;3;1;4;-21,94947166;-44,33481086;"SPRF-MG";"DEL05-MG";"UOP01-DEL17-MG"
266592;2019-12-17;"terça-feira";"06:10:00";"BA";116;440;"FEIRA DE SANTANA";"Falta de Atenção à Condução";"Colisão traseira";"Com Vítimas Fatais";"Pleno dia";"Decrescente";"Céu Claro";"Dupla";"Reta";"Não";5;1;0;0;2;2;0;3;-12,32646656;-39,05847632;"SPRF-BA";"DEL02-BA";"UOP01-DEL02-BA"
267015;2019-12-22;"domingo";"10:00:00";"SP";381;79;"SAO PAULO";"Velocidade Incompatível";"Tombamento";"Com Vítimas Feridas";"Pleno dia";"Crescente";"Céu Claro";"Dupla";"Curva";"Sim";3;0;1;0;0;2;1;3;-23,40319901;-46,57564699;"SPRF-SP";"DEL03-SP";"UOP01-DEL03-SP"
267057;2019-10-18;"sexta-feira";"06:30:00";"SC";470;186;"POUSO REDONDO";"Defeito Mecânico no Veículo";"Saída de leito carroçável";"Com Vítimas Feridas";"Pleno dia";"Decrescente";"Garoa/Chuvisco";"Simples";"Declive";"Não";2;0;0;1;0;1;1;2;-27,256105;-50,045559;"SPRF-SC";"DEL04-SC";"UOP02-DEL04-SC"
267297;2019-12-23;"segunda-feira";"15:00:00";"SC";101;266;"PAULO LOPES";"Falta de Atenção à Condução";"Colisão traseira";"Com Vítimas Feridas";"Pleno dia";"Decrescente";"Céu Claro";"Dupla";"Reta";"Não";3;0;2;0;1;0;2;2;-28,06847808;-48,71463931;"SPRF-SC";"DEL02-SC";"UOP03-DEL02-SC"
267545;2019-12-01;"domingo";"05:00:00";"SC";101;122;"ITAJAI";"Velocidade Incompatível";"Colisão traseira";"Com Vítimas Fatais";"Amanhecer";"Decrescente";"Céu Claro";"Múltipla";"Reta";"Sim";3;1;0;0;2;0;0;3;-26,92955916;-48,70499836;"SPRF-SC";"DEL04-SC";"UOP04-DEL04-SC"
267705;2019-10-14;"segunda-feira";"16:30:00";"MG";381;411,7;"NOVA UNIAO";"Falta de Atenção à Condução";"Colisão frontal";"Com Vítimas Feridas";"Pleno dia";"Decrescente";"Sol";"Simples";"Curva;Desvio Temporário;Em Obras";"Não";7;0;3;2;1;1;5;3;-19,73013389;-43,59482633;"SPRF-MG";"DEL01-MG";"UOP01-DEL01-MG"
267713;2019-09-13;"sexta-feira";"01:15:00";"MT";364;250,4;"JUSCIMEIRA";"Ultrapassagem Indevida";"Colisão lateral";"Com Vítimas Feridas";"Plena Noite";"Crescente";"Nublado";"Simples";"Curva;Aclive";"Não";5;0;2;0;2;3;2;6;-16,12029135;-54,85333523;"SPRF-MT";"DEL02-MT";"UOP01-DEL02-MT"
268234;2019-12-31;"terça-feira";"13:00:00";"PE";101;2,9;"GOIANA";"Velocidade Incompatível";"Colisão com objeto estático";"Com Vítimas Feridas";"Pleno dia";"Crescente";"Sol";"Dupla";"Reta";"Não";1;0;1;0;0;0;1;1;-7,51675334;-34,99198357;"SPRF-PE";"DEL01-PE";"UOP02-DEL01-PE"
268398;2019-11-13;"quarta-feira";"06:30:00";"PR";376;599,9;"CURITIBA";"Falta de Atenção à Condução";"Colisão traseira";"Com Vítimas Feridas";"Amanhecer";"Decrescente";"Céu Claro";"Dupla";"Reta";"Não";5;0;2;1;1;4;3;8;-25,52821245;-49,32764769;"SPRF-PR";"DEL01-PR";"UOP06-DEL01-PR"
268405;2019-12-20;"sexta-feira";"20:35:00";"MT";364;341;"SANTO ANTONIO DO LEVERGER";"Ingestão de Álcool";"Saída de leito carroçável";"Com Vítimas Feridas";"Plena Noite";"Decrescente";"Céu Claro";"Dupla";"Reta";"Não";2;0;2;0;0;0;2;2;-15,831818;-55,50162;"SPRF-MT";"DEL02-MT";"UOP02-DEL01-MT"
268408;2019-12-23;"segunda-feira";"18:20:00";"ES";262;21,7;"VIANA";"Desobediência às normas de trânsito pelo condutor";"Colisão frontal";"Com Vítimas Fatais";"Anoitecer";"Crescente";"Céu Claro";"Simples";"Reta";"Não";3;1;0;0;1;1;0;3;-20,38054389;-40,50497908;"SPRF-ES";"DEL01-ES";"UOP01-DEL01-ES"
268442;2019-11-28;"quinta-feira";"09:50:00";"BA";116;695;"JEQUIE";"Velocidade Incompatível";"Saída de leito carroçável";"Com Vítimas Feridas";"Pleno dia";"Crescente";"Nublado";"Simples";"Curva";"Não";2;0;1;0;0;1;1;2;-13,98440895;-40,17644743;"SPRF-BA";"DEL03-BA";"UOP01-DEL03-BA"
268576;2019-11-07;"quinta-feira";"19:50:00";"RJ";393;150;"TRES RIOS";"Ultrapassagem Indevida";"Colisão lateral";"Com Vítimas Feridas";"Plena Noite";"Decrescente";"Céu Claro";"Simples";"Reta";"Não";3;0;1;0;1;1;1;3;-22,05489907;-43,02278077;"SPRF-RJ";"DEL06-RJ";"UOP01-DEL05-RJ"
268691;2019-08-30;"sexta-feira";"12:00:00";"PR";376;410;"TIBAGI";"Ultrapassagem Indevida";"Colisão traseira";"Com Vítimas Feridas";"Pleno dia";"Crescente";"Céu Claro";"Simples";"Reta";"Sim";8;0;2;0;4;2;2;6;-24,62296978;-50,64599298;"SPRF-PR";"DEL03-PR";"UOP02-DEL03-PR"
268782;2019-12-20;"sexta-feira";"00:15:00";"MG";381;235;"BELO ORIENTE";"Falta de Atenção à Condução";"Colisão frontal";"Com Vítimas Feridas";"Plena Noite";"Crescente";"Céu Claro";"Simples";"Curva";"Não";8;0;1;4;3;0;5;4;-19,38322615;-42,4695349;"SPRF-MG";"DEL06-MG";"UOP01-DEL06-MG"
269683;2019-10-29;"terça-feira";"18:10:00";"RS";468;44;"CORONEL BICACO";"Animais na Pista";"Engavetamento";"Com Vítimas Feridas";"Anoitecer";"Decrescente";"Nublado";"Simples";"Reta";"Não";4;0;1;0;2;1;1;4;-27,76496132;-53,64822305;"SPRF-RS";"DEL08-RS";"UOP01-DEL08-RS"
269836;2019-12-19;"quinta-feira";"16:45:00";"SP";116;212;"GUARULHOS";"Falta de Atenção à Condução";"Colisão transversal";"Com Vítimas Feridas";"Pleno dia";"Decrescente";"Nublado";"Múltipla";"Aclive";"Sim";2;0;1;0;1;0;1;2;-23,43649913;-46,42920181;"SPRF-SP";"DEL01-SP";"UOP01-DEL01-SP"
269857;2019-02-15;"sexta-feira";"15:00:00";"SE";101;145;"ESTANCIA";"Ingestão de Substâncias Psicoativas";"Colisão lateral";"Sem Vítimas";"Pleno dia";"Decrescente";"Céu Claro";"Dupla";"Reta";"Não";3;0;0;0;2;2;0;4;-11,2254;-37,4224;"SPRF-SE";"DEL02-SE";"UOP01-DEL02-SE"
270202;2019-11-20;"quarta-feira";"03:06:00";"MG";381;941;"EXTREMA";"Condutor Dormindo";"Colisão com objeto estático";"Com Vítimas Feridas";"Plena Noite";"Crescente";"Nublado";"Dupla";"Reta";"Não";1;0;1;0;0;0;1;1;-22,86021873;-46,34260711;"SPRF-MG";"DEL16-MG";"UOP03-DEL16-MG"
270734;2019-10-15;"terça-feira";"05:09:00";"RN";226;84;"TANGARA";"Defeito Mecânico no Veículo";"Colisão traseira";"Com Vítimas Feridas";"Amanhecer";"Crescente";"Céu Claro";"Dupla";"Reta";"Não";6;0;2;0;4;0;2;3;-6,20320982;-35,80533536;"SPRF-RN";"DEL03-RN";"UOP02-DEL03-RN"