"id";"data_inversa";"dia_semana";"horario";"uf";"br";"km";"municipio";"causa_acidente";"tipo_acidente";"classificacao_acidente";"fase_dia";"sentido_via";"condicao_metereologica";"tipo_pista";"tracado_via";"uso_solo";"pessoas";"mortos";"feridos_leves";"feridos_graves";"ilesos";"ignorados";"feridos";"veiculos";"latitude";"longitude";"regional";"delegacia";"uop"
236769;2019-09-20;"sexta-feira";"16:25:00";"RN";226;0,8;"NATAL";"Desobediência às normas de trânsito pelo condutor";"Colisão traseira";"Com Vítimas Feridas";"Pleno dia";"Crescente";"Céu Claro";"Dupla";"Reta";"Sim";3;0;1;1;1;0;2;2;-5,800019;-35,238174;"SPRF-RN";"DEL01-RN";"UOP02-DEL01-RN"
237398;2019-09-22;"domingo";"18:50:00";"AC";364;122;"RIO BRANCO";"Ingestão de Álcool";"Colisão lateral";"Com Vítimas Fatais";"Plena Noite";"Crescente";"Céu Claro";"Dupla";"Reta";"Sim";4;1;0;0;2;1;0;4;-10,01188291;-67,773345;"SPRF-AC";"DEL01-AC";"UOP01-DEL01-AC"
238721;2019-09-28;"sábado";"17:20:00";"SC";101;231;"PALHOCA";"Desobediência às normas de trânsito pelo condutor";"Colisão lateral";"Com Vítimas Feridas";"Pleno dia";"Decrescente";"Céu Claro";"Dupla";"Reta";"Não";2;0;1;0;1;0;1;2;-27,78669984;-48,6356424;"SPRF-SC";"DEL01-SC";"UOP02-DEL01-SC"
239954;2019-10-03;"quinta-feira";"22:38:00";"PR";277;728;"FOZ DO IGUACU";"Não guardar distância de segurança";"Colisão traseira";"Com Vítimas Fatais";"Plena Noite";"Decrescente";"Nublado";"Dupla";"Reta";"Sim";2;1;0;0;0;1;0;2;-25,5097965;-54,57447834;"SPRF-PR";"DEL05-PR";"UOP03-DEL05-PR"
240154;2019-10-04;"sexta-feira";"19:00:00";"RS";470;64;"LAGOA VERMELHA";"Ingestão de Álcool";"Colisão traseira";"Com Vítimas Feridas";"Pleno dia";"Crescente";"Chuva";"Simples";"Reta";"Não";3;0;1;0;1;1;1;3;-28,203287;-51,525436;"SPRF-RS";"DEL08-RS";"UOP05-DEL08-RS"
243098;2019-10-18;"sexta-feira";"05:30:00";"RN";101;125,4;"SAO JOSE DE MIPIBU";"Defeito Mecânico no Veículo";"Tombamento";"Sem Vítimas";"Amanhecer";"Crescente";"Céu Claro";"Múltipla";"Retorno Regulamentado";"Sim";1;0;0;0;1;0;0;1;-6,07815599;-35,23412006;"SPRF-RN";"DEL01-RN";"UOP01-DEL01-RN"
244637;2019-09-07;"sábado";"23:55:00";"SC";101;178;"BIGUACU";"Defeito Mecânico no Veículo";"Colisão com objeto em movimento";"Com Vítimas Feridas";"Plena Noite";"Decrescente";"Céu Claro";"Dupla";"Reta";"Não";3;0;2;0;1;0;2;2;-27,36408098;-48,63391212;"SPRF-SC";"DEL01-SC";"UOP01-DEL01-SC"
245105;2019-10-25;"sexta-feira";"19:50:00";"BA";242;514;"OLIVEIRA DOS BREJINHOS";"Falta de Atenção do Pedestre";"Atropelamento de Pedestre";"Com Vítimas Fatais";"Plena Noite";"Crescente";"Céu Claro";"Simples";"Reta";"Sim";2;1;0;0;0;1;0;2;-12,32016541;-42,57977979;"SPRF-BA";"DEL06-BA";"UOP01-DEL06-BA"
245240;2019-10-26;"sábado";"11:00:00";"BA";110;155;"RIBEIRA DO POMBAL";"Falta de Atenção à Condução";"Colisão traseira";"Sem Vítimas";"Pleno dia";"Crescente";"Céu Claro";"Simples";"Reta";"Não";3;0;0;0;1;2;0;3;-10,72291213;-38,47853588;"SPRF-BA";"DEL07-BA";"UOP02-DEL07-BA"
245584;2019-10-27;"domingo";"19:40:00";"MG";40;279,9;"TRES MARIAS";"Desobediência às normas de trânsito pelo condutor";"Colisão transversal";"Com Vítimas Feridas";"Plena Noite";"Crescente";"Céu Claro";"Simples";"Aclive;Reta";"Não";4;0;0;1;0;3;1;3;-18,22833211;-45,2202001;"SPRF-MG";"DEL14-MG";"UOP02-DEL14-MG"
248669;2019-11-10;"domingo";"23:20:00";"GO";60;380;"RIO VERDE";"Condutor Dormindo";"Colisão traseira";"Com Vítimas Feridas";"Plena Noite";"Crescente";"Nublado";"Dupla";"Reta";"Sim";2;0;1;0;1;0;1;2;-17,7646;-50,8822;"SPRF-GO";"DEL04-GO";"UOP01-DEL04-GO"
249820;2019-11-16;"sábado";"01:21:00";"BA";242;410,2;"SEABRA";"Falta de Atenção à Condução";"Colisão lateral";"Com Vítimas Fatais";"Plena Noite";"Decrescente";"Céu Claro";"Simples";"Reta";"Não";2;1;0;0;0;1;0;2;-12,4520299;-41,75055052;"SPRF-BA";"DEL06-BA";"UOP01-DEL06-BA"
250596;2019-11-19;"terça-feira";"16:15:00";"CE";116;19;"ITAITINGA";"Falta de Atenção à Condução";"Colisão lateral";"Com Vítimas Feridas";"Pleno dia";"Crescente";"Sol";"Dupla";"Reta";"Sim";2;0;1;0;0;1;1;2;-3,91867426;-38,5074234;"SPRF-CE";"DEL01-CE";"UOP02-DEL01-CE"
251212;2019-11-22;"sexta-feira";"17:25:00";"TO";153;515,7;"PARAISO DO TOCANTINS";"Defeito Mecânico no Veículo";"Incêndio";"Sem Vítimas";"Anoitecer";"Crescente";"Nublado";"Simples";"Reta";"Não";2;0;0;0;1;1;0;2;-10,335307;-48,88808596;"SPRF-TO";"DEL02-TO";"UOP01-DEL01-TO"
252304;2019-11-27;"quarta-feira";"21:00:00";"SP";116;499,1;"CAJATI";"Defeito Mecânico no Veículo";"Incêndio";"Sem Vítimas";"Plena Noite";"Decrescente";"Nublado";"Simples";"Reta;Interseção de Vias";"Não";1;0;0;0;1;0;0;1;-24,78611115;-48,17573547;"SPRF-SP";"DEL05-SP";"UAP01-DEL05-SP"
253009;2019-11-30;"sábado";"17:00:00";"GO";60;265;"INDIARA";"Pista Escorregadia";"Colisão traseira";"Sem Vítimas";"Pleno dia";"Crescente";"Chuva";"Dupla";"Declive";"Não";2;0;0;0;1;1;0;2;-17,1927;-50,0795;"SPRF-GO";"DEL01-GO";"UOP02-DEL01-GO"
253021;2019-12-01;"domingo";"03:55:00";"AL";101;203,8;"SAO SEBASTIAO";"Falta de Atenção à Condução";"Colisão traseira";"Com Vítimas Feridas";"Amanhecer";"Crescente";"Céu Claro";"Dupla";"Curva";"Não";2;0;1;0;1;0;1;2;-9,97355978;-36,55619114;"SPRF-AL";"DEL02-AL";"UOP02-DEL02-AL"
253835;2019-12-05;"quinta-feira";"06:30:00";"RN";101;108;"PARNAMIRIM";"Ingestão de Álcool";"Atropelamento de Pedestre";"Com Vítimas Fatais";"Pleno dia";"Decrescente";"Céu Claro";"Dupla";"Reta";"Sim";6;1;2;0;3;0;2;4;-5,92825102;-35,26465683;"SPRF-RN";"DEL01-RN";"UOP01-DEL01-RN"
255902;2019-12-14;"sábado";"05:00:00";"GO";153;659,1;"GOIATUBA";"Condutor Dormindo";"Colisão traseira";"Com Vítimas Feridas";"Amanhecer";"Crescente";"Chuva";"Dupla";"Aclive";"Não";2;0;1;0;0;1;1;2;-18,0458;-49,2679;"SPRF-GO";"DEL03-GO";"UOP01-DEL03-GO"
256665;2019-02-08;"sexta-feira";"19:15:00";"BA";116;15,1;"VITORIA DA CONQUISTA";"Falta de Atenção à Condução";"Queda de ocupante de veículo";"Com Vítimas Feridas";"Plena Noite";"Crescente";"Céu Claro";"Simples";"Reta";"Não";2;0;1;0;1;0;1;2;-14,89942547;-40,85463075;"SPRF-BA";"DEL08-BA";"UOP01-DEL08-BA"
257308;2019-12-20;"sexta-feira";"06:00:00";"BA";242;797;"BARREIRAS";"Não guardar distância de segurança";"Colisão traseira";"Sem Vítimas";"Amanhecer";"Decrescente";"Céu Claro";"Simples";"Reta";"Não";2;0;0;0;2;0;0;2;-12,16482771;-44,8590841;"SPRF-BA";"DEL10-BA";"UOP01-DEL10-BA"
257327;2019-12-20;"sexta-feira";"06:25:00";"MG";40;530;"CONTAGEM";"Não guardar distância de segurança";"Colisão traseira";"Com Vítimas Feridas";"Pleno dia";"Crescente";"Nublado";"Dupla";"Reta";"Sim";2;0;0;1;0;1;1;2;-19,92064782;-44,0335681;"SPRF-MG";"DEL01-MG";"UOP02-DEL01-MG"
257540;2019-12-19;"quinta-feira";"22:00:00";"RJ";101;416;"ITAGUAI";"Defeito Mecânico no Veículo";"Colisão traseira";"Sem Vítimas";"Plena Noite";"Crescente";"Garoa/Chuvisco";"Dupla";"Reta";"Não";3;0;0;0;3;0;0;3;-22,90729503;-43,89024997;"SPRF-RJ";"DEL03-RJ";"UOP01-DEL03-RJ"
261644;2019-12-27;"sexta-feira";"09:30:00";"SC";282;53;"AGUAS MORNAS";"Desobediência às normas de trânsito pelo condutor";"Colisão lateral";"Com Vítimas Feridas";"Pleno dia";"Crescente";"Céu Claro";"Simples";"Reta";"Não";2;0;0;1;0;1;1;2;-27,691511;-48,970215;"SPRF-SC";"DEL01-SC";"UOP03-DEL01-SC"
182369;2019-01-01;"terça-feira";"18:20:00";"PR";277;170,7;"PALMEIRA";"Desobediência às normas de trânsito pelo condutor";"Colisão transversal";"Com Vítimas Feridas";"Pleno dia";"Crescente";"Sol";"Simples";"Reta";"Sim";5;0;2;0;2;2;2;4;-25,43534;-50,0147;"SPRF-PR";"DEL01-PR";"UOP06-DEL01-PR"
189125;2019-02-03;"domingo";"15:30:00";"MS";163;208,7;"CAARAPO";"Ingestão de Álcool";"Colisão traseira";"Sem Vítimas";"Pleno dia";"Crescente";"Sol";"Simples";"Reta";"Sim";3;0;0;0;2;1;0;3;-22,63390952;-54,81843561;"SPRF-MS";"DEL04-MS";"UOP02-DEL04-MS"
190055;2019-02-08;"sexta-feira";"13:00:00";"GO";414;337,5;"COCALZINHO DE GOIAS";"Velocidade Incompatível";"Colisão frontal";"Com Vítimas Fatais";"Pleno dia";"Crescente";"Chuva";"Simples";"Curva";"Não";12;1;6;3;1;2;9;5;-15,53647396;-48,62276316;"SPRF-GO";"DEL02-GO";"UOP01-DEL02-GO"
203923;2019-04-17;"quarta-feira";"17:10:00";"MG";116;413,7;"GOVERNADOR VALADARES";"Falta de Atenção à Condução";"Engavetamento";"Com Vítimas Feridas";"Pleno dia";"Crescente";"Nublado";"Simples";"Reta";"Sim";5;0;1;0;3;1;1;5;-18,873907;-41,966366;"SPRF-MG";"DEL06-MG";"UOP01-DEL06-MG"
205897;2019-04-27;"sábado";"13:35:00";"MT";364;361;"SANTO ANTONIO DO LEVERGER";"Defeito Mecânico no Veículo";"Incêndio";"Sem Vítimas";"Pleno dia";"Crescente";"Céu Claro";"Dupla";"Reta";"Não";2;0;0;0;1;1;0;2;-15,77450596;-55,63563197;"SPRF-MT";"DEL02-MT";"UOP02-DEL01-MT"
208081;2019-05-08;"quarta-feira";"18:00:00";"SC";282;344,8;"CAMPOS NOVOS";"Desobediência às normas de trânsito pelo condutor";"Colisão frontal";"Com Vítimas Feridas";"Pleno dia";"Crescente";"Céu Claro";"Simples";"Aclive;Reta";"Não";4;0;0;1;1;16;1;18;-27,381166;-51,240082;"SPRF-SC";"DEL07-SC";"UOP06-DEL07-SC"
222265;2019-05-24;"sexta-feira";"20:40:00";"RR";174;441,9;"MUCAJAI";"Deficiência ou não Acionamento do Sistema de Iluminação/Sinalização do Veículo";"Colisão traseira";"Com Vítimas Fatais";"Plena Noite";"Decrescente";"Nublado";"Simples";"Reta";"Não";6;1;2;2;0;1;4;4;2,377873;-60,915134;"SPRF-RR";"DEL01-RR";"UOP01-DEL01-RR"
226765;2019-08-04;"domingo";"22:20:00";"PR";487;155,1;"CIANORTE";"Defeito Mecânico no Veículo";"Queda de ocupante de veículo";"Com Vítimas Feridas";"Plena Noite";"Decrescente";"Céu Claro";"Simples";"Reta";"Não";2;0;0;1;0;1;1;2;-23,95887994;-52,60159898;"SPRF-PR";"DEL04-PR";"UOP03-DEL09-PR"
231525;2019-08-26;"segunda-feira";"16:30:00";"MT";70;189;"GENERAL CARNEIRO";"Falta de Atenção à Condução";"Saída de leito carroçável";"Com Vítimas Feridas";"Anoitecer";"Decrescente";"Céu Claro";"Simples";"Curva";"Não";6;0;2;1;2;3;3;4;-15,72007645;-53,65140414;"SPRF-MT";"DEL05-MT";"UOP01-DEL05-MT"
232262;2019-08-31;"sábado";"14:50:00";"PR";163;314;"MERCEDES";"Velocidade Incompatível";"Saída de leito carroçável";"Com Vítimas Feridas";"Pleno dia";"Decrescente";"Nublado";"Simples";"Curva";"Não";3;0;1;0;1;2;1;3;-24,39524004;-54,15113633;"SPRF-PR";"DEL06-PR";"UOP02-DEL06-PR"
243202;2019-10-18;"sexta-feira";"15:20:00";"SC";101;106;"PENHA";"Desobediência às normas de trânsito pelo condutor";"Saída de leito carroçável";"Com Vítimas Feridas";"Pleno dia";"Decrescente";"Céu Claro";"Dupla";"Curva";"Não";4;0;3;0;0;1;3;2;-26,82070055;-48,68471146;"SPRF-SC";"DEL03-SC";"UOP02-DEL03-SC"
243248;2019-10-18;"sexta-feira";"18:40:00";"RN";226;279;"TRIUNFO POTIGUAR";"Ultrapassagem Indevida";"Colisão lateral";"Com Vítimas Feridas";"Plena Noite";"Decrescente";"Céu Claro";"Simples";"Aclive";"Não";5;0;2;0;2;1;2;3;-5,861553;-37,214472;"SPRF-RN";"DEL03-RN";"UOP01-DEL03-RN"
249017;2019-11-12;"terça-feira";"15:05:00";"PR";277;327;"GUARAPUAVA";"Falta de Atenção à Condução";"Saída de leito carroçável";"Sem Vítimas";"Pleno dia";"Crescente";"Céu Claro";"Simples";"Aclive;Reta";"Não";2;0;0;0;0;2;0;2;-25,36964786;-51,32653697;"SPRF-PR";"DEL03-PR";"UOP01-DEL08-PR"
251648;2019-11-24;"domingo";"16:43:00";"CE";222;6,9;"CAUCAIA";"Falta de Atenção do Pedestre";"Colisão transversal";"Com Vítimas Feridas";"Anoitecer";"Crescente";"Céu Claro";"Dupla";"Reta";"Sim";3;0;2;0;0;1;2;3;-3,74539216;-38,62188041;"SPRF-CE";"DEL01-CE";"UOP01-DEL01-CE"
255642;2019-12-13;"sexta-feira";"03:30:00";"MG";365;106,2;"JEQUITAI";"Condutor Dormindo";"Saída de leito carroçável";"Com Vítimas Feridas";"Plena Noite";"Decrescente";"Céu Claro";"Simples";"Reta";"Não";23;0;22;0;0;2;22;3;-17,20694198;-44,587357;"SPRF-MG";"DEL12-MG";"UOP01-DEL12-MG"
258848;2019-12-26;"quinta-feira";"08:50:00";"MA";316;551;"CAXIAS";"Desobediência às normas de trânsito pelo condutor";"Colisão traseira";"Com Vítimas Feridas";"Pleno dia";"Crescente";"Céu Claro";"Simples";"Rotatória";"Sim";3;0;1;0;1;1;1;3;-4,88645776;-43,3546257;"SPRF-MA";"DEL03-MA";"UOP02-DEL03-MA"
182290;2019-01-01;"terça-feira";"13:10:00";"GO";20;62,4;"FORMOSA";"Defeito Mecânico no Veículo";"Colisão traseira";"Com Vítimas Feridas";"Pleno dia";"Crescente";"Chuva";"Simples";"Reta";"Não";7;0;2;0;4;1;2;6;-15,22989;-47,172417;"SPRF-DF";"DEL02-DF";"UOP01-DEL02-DF"
183206;2019-01-03;"quinta-feira";"12:10:00";"SC";280;27,4;"ARAQUARI";"Falta de Atenção à Condução";"Colisão lateral";"Sem Vítimas";"Pleno dia";"Decrescente";"Sol";"Simples";"Reta";"Não";3;0;0;0;2;1;0;3;-26,396912;-48,740257;"SPRF-SC";"DEL03-SC";"UOP03-DEL03-SC"
183922;2019-01-07;"segunda-feira";"14:05:00";"ES";101;214,3;"IBIRACU";"Defeito Mecânico no Veículo";"Colisão com objeto estático";"Com Vítimas Feridas";"Pleno dia";"Crescente";"Céu Claro";"Simples";"Reta";"Sim";3;0;1;0;1;1;1;2;-19,82955488;-40,37716649;"SPRF-ES";"DEL02-ES";"UOP01-DEL02-ES"
183967;2019-01-07;"segunda-feira";"19:30:00";"MT";163;674;"LUCAS DO RIO VERDE";"Velocidade Incompatível";"Saída de leito carroçável";"Com Vítimas Feridas";"Anoitecer";"Decrescente";"Nublado";"Simples";"Reta";"Não";2;0;1;0;0;1;1;2;-13,27907474;-56,02901816;"SPRF-MT";"DEL06-MT";"UOP01-DEL06-MT"
184168;2019-01-09;"quarta-feira";"10:54:00";"MG";381;506;"BETIM";"Falta de Atenção à Condução";"Colisão traseira";"Com Vítimas Feridas";"Pleno dia";"Decrescente";"Sol";"Dupla";"Reta";"Não";3;0;1;0;1;1;1;3;-20,0411;-44,2619;"SPRF-MG";"DEL01-MG";"UOP03-DEL01-MG"
184456;2019-01-10;"quinta-feira";"23:45:00";"BA";116;620,7;"JAGUAQUARA";"Defeito na Via";"Colisão com objeto estático";"Sem Vítimas";"Plena Noite";"Decrescente";"Nublado";"Simples";"Reta";"Não";7;0;0;0;6;1;0;3;-13,41410402;-40,02587557;"SPRF-BA";"DEL03-BA";"UOP01-DEL03-BA"
184555;2019-01-11;"sexta-feira";"11:50:00";"RO";364;339,5;"JI-PARANA";"Não guardar distância de segurança";"Colisão lateral";"Com Vítimas Feridas";"Pleno dia";"Decrescente";"Sol";"Dupla";"Declive;Reta";"Sim";4;0;2;0;1;1;2;3;-10,9024459;-61,9304359;"SPRF-RO";"DEL02-RO";"UOP01-DEL02-RO"
184973;2019-01-13;"domingo";"15:00:00";"MG";381;582,6;"CARMOPOLIS DE MINAS";"Condutor Dormindo";"Saída de leito carroçável";"Com Vítimas Feridas";"Pleno dia";"Crescente";"Nublado";"Dupla";"Curva;Declive";"Não";3;0;1;0;1;1;1;2;-20,500191;-44,608495;"SPRF-MG";"DEL04-MG";"UOP01-DEL04-MG"
184974;2019-01-13;"domingo";"16:45:00";"PR";277;635,4;"CEU AZUL";"Defeito Mecânico no Veículo";"Tombamento";"Sem Vítimas";"Pleno dia";"Crescente";"Céu Claro";"Simples";"Curva";"Não";2;0;0;0;1;1;0;2;-25,1402;-53,82959;"SPRF-PR";"DEL05-PR";"UOP02-DEL05-PR"
185230;2019-01-14;"segunda-feira";"16:10:00";"MG";267;177,8;"OLARIA";"Defeito Mecânico no Veículo";"Saída de leito carroçável";"Com Vítimas Feridas";"Pleno dia";"Decrescente";"Céu Claro";"Simples";"Reta";"Não";3;0;2;0;0;1;2;2;-21,9354025;-44,0057373;"SPRF-MG";"DEL05-MG";"UOP01-DEL05-MG"
185377;2019-01-15;"terça-feira";"14:40:00";"MG";40;277,9;"TRES MARIAS";"Desobediência às normas de trânsito pelo condutor";"Colisão transversal";"Com Vítimas Feridas";"Pleno dia";"Decrescente";"Sol";"Simples";"Declive";"Sim";3;0;0;1;1;1;1;3;-18,212723;-45,224731;"SPRF-MG";"DEL14-MG";"UOP02-DEL14-MG"
185607;2019-01-16;"quarta-feira";"18:25:00";"GO";153;501,4;"GOIANIA";"Não guardar distância de segurança";"Engavetamento";"Com Vítimas Feridas";"Pleno dia";"Crescente";"Nublado";"Dupla";"Reta";"Sim";5;0;1;0;3;1;1;5;-16,7189;-49,2382;"SPRF-GO";"DEL01-GO";"UOP01-DEL01-GO"
185689;2019-01-17;"quinta-feira";"08:15:00";"PR";476;130,5;"CURITIBA";"Falta de Atenção à Condução";"Colisão traseira";"Com Vítimas Feridas";"Amanhecer";"Crescente";"Céu Claro";"Múltipla";"Reta";"Sim";3;0;1;0;1;1;1;3;-25,449564;-49,236427;"SPRF-PR";"DEL01-PR";"UOP07-DEL01-PR"
185696;2019-01-17;"quinta-feira";"07:30:00";"MG";40;632,1;"CONSELHEIRO LAFAIETE";"Falta de Atenção à Condução";"Colisão transversal";"Com Vítimas Feridas";"Pleno dia";"Decrescente";"Céu Claro";"Dupla";"Reta";"Sim";5;0;0;1;2;2;1;4;-20,69;-43,79;"SPRF-MG";"DEL05-MG";"UOP02-DEL05-MG"
185880;2019-01-18;"sexta-feira";"07:25:00";"BA";101;752,6;"ITABELA";"Defeito Mecânico no Veículo";"Colisão frontal";"Sem Vítimas";"Pleno dia";"Decrescente";"Sol";"Simples";"Declive;Reta";"Não";3;0;0;0;2;1;0;3;-16,6209;-39,5348;"SPRF-BA";"DEL09-BA";"UOP01-DEL09-BA"
186048;2019-01-18;"sexta-feira";"22:00:00";"BA";116;511;"ITATIM";"Deficiência ou não Acionamento do Sistema de Iluminação/Sinalização do Veículo";"Colisão traseira";"Com Vítimas Feridas";"Plena Noite";"Crescente";"Nublado";"Simples";"Reta";"Não";3;0;0;1;1;1;1;3;-12,683059;-39,676059;"SPRF-BA";"DEL03-BA";"UOP02-DEL03-BA"
186198;2019-01-19;"sábado";"17:00:00";"MG";365;613;"UBERLANDIA";"Ingestão de Álcool";"Colisão lateral";"Com Vítimas Feridas";"Pleno dia";"Crescente";"Céu Claro";"Dupla";"Reta";"Não";4;0;0;1;2;1;1;3;-18,9303403;-48,19541216;"SPRF-MG";"DEL15-MG";"UOP01-DEL15-MG"
186606;2019-01-21;"segunda-feira";"11:00:00";"RO";364;237,6;"CACOAL";"Falta de Atenção à Condução";"Colisão traseira";"Com Vítimas Feridas";"Pleno dia";"Crescente";"Nublado";"Simples";"Reta";"Sim";4;0;0;1;2;1;1;4;-11,443406;-61,446743;"SPRF-RO";"DEL02-RO";"UOP02-DEL02-RO"
186798;2019-01-22;"terça-feira";"13:10:00";"SP";153;256,9;"MARILIA";"Falta de Atenção à Condução";"Colisão lateral";"Sem Vítimas";"Pleno dia";"Decrescente";"Sol";"Dupla";"Reta";"Sim";3;0;0;0;2;1;0;3;-22,231552;-49,919682;"SPRF-SP";"DEL07-SP";"UOP02-DEL07-SP"
187563;2019-01-26;"sábado";"13:00:00";"MG";365;640;"UBERLANDIA";"Falta de Atenção à Condução";"Colisão traseira";"Com Vítimas Feridas";"Pleno dia";"Crescente";"Sol";"Dupla";"Reta";"Não";4;0;1;0;2;1;1;3;-18,8928;-48,4176;"SPRF-MG";"DEL15-MG";"UOP01-DEL15-MG"
187682;2019-01-27;"domingo";"05:45:00";"RS";290;54;"GLORINHA";"Falta de Atenção à Condução";"Saída de leito carroçável";"Com Vítimas Feridas";"Plena Noite";"Decrescente";"Céu Claro";"Múltipla";"Reta";"Não";4;0;2;0;1;1;2;3;-29,912643;-50,798103;"SPRF-RS";"DEL03-RS";"UOP02-DEL03-RS"
187729;2019-01-27;"domingo";"11:00:00";"PE";232;483,2;"VERDEJANTE";"Não guardar distância de segurança";"Colisão traseira";"Com Vítimas Feridas";"Pleno dia";"Decrescente";"Céu Claro";"Simples";"Reta";"Sim";3;0;0;1;1;1;1;3;-8,006268;-38,972645;"SPRF-PE";"DEL05-PE";"UOP01-DEL05-PE"
187784;2019-01-27;"domingo";"18:23:00";"PR";376;628,1;"SAO JOSE DOS PINHAIS";"Falta de Atenção à Condução";"Colisão traseira";"Com Vítimas Feridas";"Pleno dia";"Decrescente";"Nublado";"Dupla";"Aclive;Reta";"Não";8;0;1;0;6;1;1;3;-25,68591;-49,147027;"SPRF-PR";"DEL01-PR";"DEL7/1-UOP08/PR"
187982;2019-01-28;"segunda-feira";"11:30:00";"RS";116;652;"JAGUARAO";"Falta de Atenção à Condução";"Colisão lateral";"Com Vítimas Feridas";"Pleno dia";"Crescente";"Céu Claro";"Dupla";"Reta";"Não";3;0;1;0;1;1;1;3;-32,50426061;-53,32471848;"SPRF-RS";"DEL07-RS";"UOP03-DEL07-RS"
188388;2019-01-30;"quarta-feira";"16:30:00";"RO";421;46,1;"MONTE NEGRO";"Desobediência às normas de trânsito pelo condutor";"Colisão frontal";"Com Vítimas Feridas";"Pleno dia";"Decrescente";"Nublado";"Simples";"Reta";"Não";4;0;2;0;0;2;2;3;-10,242063;-63,269863;"SPRF-RO";"DEL03-RO";"DEL21/3-UOP04/RO"
188796;2019-02-02;"sábado";"05:30:00";"RS";392;22,5;"RIO GRANDE";"Falta de Atenção à Condução";"Colisão traseira";"Sem Vítimas";"Plena Noite";"Decrescente";"Nublado";"Dupla";"Reta";"Sim";4;0;0;0;2;2;0;3;-32,089043;-52,217365;"SPRF-RS";"DEL07-RS";"UOP02-DEL07-RS"
188808;2019-02-02;"sábado";"06:45:00";"MA";10;267,7;"IMPERATRIZ";"Falta de Atenção à Condução";"Saída de leito carroçável";"Com Vítimas Feridas";"Pleno dia";"Crescente";"Chuva";"Simples";"Aclive";"Não";5;0;2;2;0;1;4;2;-5,400108;-47,473038;"SPRF-MA";"DEL04-MA";"UOP01-DEL04-MA"
190126;2019-02-08;"sexta-feira";"14:00:00";"PR";376;56,8;"GUAIRACA";"Objeto estático sobre o leito carroçável";"";"Com Vítimas Feridas";"Pleno dia";"Decrescente";"Céu Claro";"Simples";"Reta";"Não";3;0;1;0;1;1;1;3;-22,90217021;-52,90534973;"SPRF-PR";"DEL07-PR";"UOP02-DEL09-PR"
191000;2019-02-12;"terça-feira";"23:40:00";"MG";50;41,5;"ARAGUARI";"Falta de Atenção à Condução";"Saída de leito carroçável";"Com Vítimas Feridas";"Plena Noite";"Decrescente";"Chuva";"Dupla";"Reta";"Não";3;0;1;0;1;1;1;2;-18,68602513;-48,1790385;"SPRF-MG";"DEL15-MG";"UOP02-DEL15-MG"
191219;2019-02-14;"quinta-feira";"09:30:00";"GO";70;2,9;"AGUAS LINDAS DE GOIAS";"Avarias e/ou desgaste excessivo no pneu";"Saída de leito carroçável";"Com Vítimas Feridas";"Pleno dia";"Crescente";"Céu Claro";"Dupla";"Declive";"Não";3;0;1;0;1;1;1;2;-15,7481;-48,2635;"SPRF-DF";"DEL01-DF";"UOP02-DEL03-DF"
191395;2019-02-15;"sexta-feira";"08:30:00";"SC";101;387;"ICARA";"Falta de Atenção à Condução";"Colisão com objeto estático";"Sem Vítimas";"Pleno dia";"Crescente";"Nublado";"Dupla";"Reta";"Não";2;0;0;0;1;1;0;2;-28,7862;-49,3387;"SPRF-SC";"DEL02-SC";"UOP02-DEL02-SC"
191468;2019-02-15;"sexta-feira";"11:10:00";"PE";424;71,4;"CAETES";"Falta de Atenção à Condução";"Capotamento";"Com Vítimas Feridas";"Pleno dia";"Crescente";"Céu Claro";"Simples";"Reta";"Não";4;0;3;0;0;1;3;2;-8,7864617;-36,61007702;"SPRF-PE";"DEL03-PE";"UOP01-DEL03-PE"
191478;2019-02-15;"sexta-feira";"12:20:00";"PE";423;83,2;"GARANHUNS";"Avarias e/ou desgaste excessivo no pneu";"Tombamento";"Com Vítimas Feridas";"Pleno dia";"Crescente";"Nublado";"Simples";"Reta";"Não";3;0;2;0;0;1;2;2;-8,79029;-36,434513;"SPRF-PE";"DEL03-PE";"UOP01-DEL03-PE"
191611;2019-02-16;"sábado";"06:00:00";"PE";232;125;"CARUARU";"Velocidade Incompatível";"Colisão traseira";"Sem Vítimas";"Pleno dia";"Decrescente";"Céu Claro";"Dupla";"Reta";"Sim";3;0;0;0;1;2;0;3;-8,3087894;-35,94842434;"SPRF-PE";"DEL02-PE";"UOP03-DEL02-PE"
192339;2019-02-19;"terça-feira";"11:30:00";"MG";381;293;"ANTONIO DIAS";"Objeto estático sobre o leito carroçável";"Colisão frontal";"Com Vítimas Feridas";"Pleno dia";"Crescente";"Céu Claro";"Simples";"Curva";"Não";3;0;2;0;0;1;2;3;-19,63874778;-42,8097403;"SPRF-MG";"DEL03-MG";"UOP02-DEL03-MG"
192376;2019-02-19;"terça-feira";"17:50:00";"GO";40;2;"VALPARAISO DE GOIAS";"Não guardar distância de segurança";"Colisão traseira";"Com Vítimas Feridas";"Anoitecer";"Crescente";"Nublado";"Dupla";"Reta";"Sim";3;0;0;1;1;1;1;3;-16,067129;-47,984235;"SPRF-DF";"DEL01-DF";"UOP01-DEL01-DF"