"id";"data_inversa";"dia_semana";"horario";"uf";"br";"km";"municipio";"causa_acidente";"tipo_acidente";"classificacao_acidente";"fase_dia";"sentido_via";"condicao_metereologica";"tipo_pista";"tracado_via";"uso_solo";"pessoas";"mortos";"feridos_leves";"feridos_graves";"ilesos";"ignorados";"feridos";"veiculos";"latitude";"longitude";"regional";"delegacia";"uop"
193060;2019-02-23;"sábado";"06:30:00";"GO";414;334,9;"COCALZINHO DE GOIAS";"Falta de Atenção à Condução";"Saída de leito carroçável";"Com Vítimas Feridas";"Pleno dia";"Crescente";"Céu Claro";"Simples";"Reta";"Não";2;0;1;0;0;1;1;2;-15,580993;-48,628662;"SPRF-GO";"DEL02-GO";"UOP01-DEL02-GO"
193135;2019-02-23;"sábado";"17:25:00";"SC";280;29;"ARAQUARI";"Ingestão de Álcool";"Engavetamento";"Sem Vítimas";"Pleno dia";"Decrescente";"Céu Claro";"Simples";"Reta";"Não";5;0;0;0;4;1;0;5;-26,410728;-48,75304;"SPRF-SC";"DEL03-SC";"UOP03-DEL03-SC"
193965;2019-01-14;"segunda-feira";"07:55:00";"MG";365;625;"UBERLANDIA";"Falta de Atenção à Condução";"Colisão traseira";"Com Vítimas Feridas";"Pleno dia";"Decrescente";"Céu Claro";"Dupla";"Reta";"Sim";7;0;2;0;4;1;2;6;-18,905;-48,2879;"SPRF-MG";"DEL15-MG";"UOP01-DEL15-MG"
194194;2019-02-28;"quinta-feira";"21:55:00";"ES";101;2;"SERRA";"Não guardar distância de segurança";"Colisão traseira";"Com Vítimas Feridas";"Plena Noite";"Crescente";"Céu Claro";"Dupla";"Reta";"Sim";3;0;1;0;1;1;1;3;-20,129093;-40,308125;"SPRF-ES";"DEL02-ES";"UOP01-DEL02-ES"
194494;2019-03-02;"sábado";"02:05:00";"SP";381;40;"ATIBAIA";"Não guardar distância de segurança";"Colisão traseira";"Sem Vítimas";"Plena Noite";"Decrescente";"Garoa/Chuvisco";"Dupla";"Reta";"Sim";3;0;0;0;2;1;0;3;-23,129963;-46,576763;"SPRF-SP";"DEL03-SP";"UOP01-DEL03-SP"
195134;2019-03-04;"segunda-feira";"21:40:00";"DF";70;12,6;"BRASILIA";"Velocidade Incompatível";"Colisão traseira";"Com Vítimas Feridas";"Plena Noite";"Crescente";"Nublado";"Dupla";"Reta";"Sim";4;0;1;0;2;1;1;4;-15,79363979;-48,16337317;"SPRF-DF";"DEL01-DF";"UOP02-DEL03-DF"
195189;2019-03-05;"terça-feira";"07:15:00";"MS";262;377,2;"TERENOS";"Não guardar distância de segurança";"Colisão lateral";"Com Vítimas Feridas";"Pleno dia";"Crescente";"Céu Claro";"Simples";"Reta";"Não";3;0;1;0;1;1;1;3;-20,475759;-54,83999;"SPRF-MS";"DEL01-MS";"UOP03-DEL01-MS"
195284;2019-03-05;"terça-feira";"18:50:00";"SC";101;190;"BIGUACU";"Ingestão de Álcool";"Colisão traseira";"Sem Vítimas";"Plena Noite";"Crescente";"Céu Claro";"Múltipla";"Reta";"Sim";3;0;0;0;2;1;0;3;-27,468056;-48,641712;"SPRF-SC";"DEL01-SC";"UOP01-DEL01-SC"
195423;2019-03-06;"quarta-feira";"10:30:00";"BA";349;912;"CORRENTINA";"Velocidade Incompatível";"Saída de leito carroçável";"Com Vítimas Feridas";"Pleno dia";"Crescente";"Nublado";"Simples";"Reta";"Não";4;0;2;0;1;1;2;2;-13,43587283;-44,77323532;"SPRF-BA";"DEL10-BA";"UOP01-DEL10-BA"
195430;2019-03-06;"quarta-feira";"15:30:00";"CE";222;22,5;"CAUCAIA";"Desobediência às normas de trânsito pelo condutor";"Colisão transversal";"Com Vítimas Feridas";"Pleno dia";"Crescente";"Chuva";"Simples";"Reta";"Sim";6;0;1;0;4;1;1;3;-3,733423;-38,750843;"SPRF-CE";"DEL01-CE";"UOP01-DEL01-CE"
195670;2019-03-08;"sexta-feira";"01:15:00";"RJ";101;407;"ITAGUAI";"Ingestão de Álcool";"Colisão traseira";"Sem Vítimas";"Plena Noite";"Decrescente";"Céu Claro";"Dupla";"Viaduto";"Não";4;0;0;0;3;1;0;3;-22,88161182;-43,82575035;"SPRF-RJ";"DEL03-RJ";"UOP01-DEL03-RJ"
195829;2019-03-08;"sexta-feira";"20:30:00";"SC";101;59;"ARAQUARI";"Carga excessiva e/ou mal acondicionada";"Colisão lateral";"Com Vítimas Feridas";"Plena Noite";"Crescente";"Nublado";"Dupla";"Reta";"Não";5;0;1;0;3;1;1;4;-26,44651734;-48,79426826;"SPRF-SC";"DEL03-SC";"UOP02-DEL03-SC"
195988;2019-03-09;"sábado";"15:50:00";"SC";282;228,1;"LAGES";"Falta de Atenção à Condução";"Colisão frontal";"Com Vítimas Feridas";"Pleno dia";"Decrescente";"Chuva";"Simples";"Aclive;Curva";"Não";3;0;1;0;1;1;1;3;-27,791557;-50,4077;"SPRF-SC";"DEL05-SC";"UOP02-DEL05-SC"
196015;2019-03-09;"sábado";"19:30:00";"BA";116;356;"SERRINHA";"Falta de Atenção do Pedestre";"Atropelamento de Pedestre";"Com Vítimas Feridas";"Plena Noite";"Crescente";"Céu Claro";"Simples";"Reta";"Não";3;0;1;0;1;1;1;3;-11,64321505;-38,98662592;"SPRF-BA";"DEL02-BA";"UOP01-DEL02-BA"
198182;2019-03-20;"quarta-feira";"14:45:00";"RS";290;412,8;"SAO GABRIEL";"Falta de Atenção à Condução";"Colisão lateral";"Com Vítimas Feridas";"Pleno dia";"Decrescente";"Céu Claro";"Simples";"Reta";"Não";4;0;0;1;2;1;1;3;-30,35937263;-54,28028592;"SPRF-RS";"DEL09-RS";"UOP02-DEL09-RS"
199295;2019-03-25;"segunda-feira";"19:00:00";"RS";471;613,2;"SANTA VITORIA DO PALMAR";"Deficiência ou não Acionamento do Sistema de Iluminação/Sinalização do Veículo";"Colisão transversal";"Sem Vítimas";"Plena Noite";"Crescente";"Nublado";"Simples";"Reta";"Não";3;0;0;0;1;2;0;3;-33,248631;-53,076729;"SPRF-RS";"DEL07-RS";"UOP04-DEL07-RS"
199517;2019-03-27;"quarta-feira";"10:50:00";"GO";40;1,2;"VALPARAISO DE GOIAS";"Falta de Atenção à Condução";"Saída de leito carroçável";"Com Vítimas Feridas";"Pleno dia";"Decrescente";"Nublado";"Dupla";"Reta";"Sim";4;0;1;1;1;1;2;3;-16,058245;-47,982825;"SPRF-DF";"DEL01-DF";"UOP01-DEL01-DF"
199695;2019-03-28;"quinta-feira";"09:30:00";"MG";262;374;"JUATUBA";"Velocidade Incompatível";"Capotamento";"Com Vítimas Feridas";"Pleno dia";"Decrescente";"Céu Claro";"Dupla";"Reta";"Não";2;0;1;0;0;1;1;2;-19,96727284;-44,33288566;"SPRF-MG";"DEL01-MG";"UOP03-DEL01-MG"
199880;2019-03-29;"sexta-feira";"09:17:00";"MS";163;474,5;"CAMPO GRANDE";"Defeito Mecânico no Veículo";"Tombamento";"Com Vítimas Feridas";"Pleno dia";"Decrescente";"Céu Claro";"Simples";"Curva";"Sim";2;0;1;0;0;1;1;2;-20,52646977;-54,56816358;"SPRF-MS";"DEL01-MS";"UOP01-DEL01-MS"
200221;2019-03-30;"sábado";"20:00:00";"MS";262;320,4;"CAMPO GRANDE";"Falta de Atenção à Condução";"Tombamento";"Sem Vítimas";"Plena Noite";"Crescente";"Nublado";"Simples";"Reta";"Sim";4;0;0;0;3;1;0;2;-20,47012216;-54,47732401;"SPRF-MS";"DEL01-MS";"UOP01-DEL01-MS"
200418;2019-03-31;"domingo";"19:30:00";"PE";428;188;"PETROLINA";"Desobediência às normas de trânsito pelo condutor";"Colisão transversal";"Com Vítimas Feridas";"Plena Noite";"Crescente";"Céu Claro";"Simples";"Reta";"Sim";3;0;1;0;1;1;1;3;-9,37381718;-40,48799872;"SPRF-PE";"DEL06-PE";"UOP01-DEL06-PE"
201218;2019-04-04;"quinta-feira";"21:20:00";"RS";290;296,7;"CACHOEIRA DO SUL";"Velocidade Incompatível";"Colisão com objeto estático";"Com Vítimas Feridas";"Plena Noite";"Decrescente";"Chuva";"Simples";"Reta;Ponte";"Não";4;0;0;3;0;1;3;2;-30,307922;-53,167412;"SPRF-RS";"DEL02-RS";"UOP02-DEL02-RS"
201463;2019-04-06;"sábado";"04:45:00";"GO";153;500;"GOIANIA";"Ingestão de álcool e/ou substâncias psicoativas pelo pedestre";"Colisão traseira";"Com Vítimas Feridas";"Plena Noite";"Crescente";"Céu Claro";"Dupla";"Viaduto";"Sim";3;0;0;1;1;1;1;3;-16,7118;-49,2324;"SPRF-GO";"DEL01-GO";"UOP01-DEL01-GO"
201823;2019-04-07;"domingo";"14:10:00";"PE";232;132;"CARUARU";"Ingestão de Álcool";"Colisão traseira";"Com Vítimas Feridas";"Pleno dia";"Crescente";"Chuva";"Dupla";"Reta";"Sim";3;0;1;0;1;1;1;3;-8,3036244;-36,00710089;"SPRF-PE";"DEL02-PE";"UOP03-DEL02-PE"
201932;2019-04-07;"domingo";"16:35:00";"SC";280;71;"JARAGUA DO SUL";"Ingestão de Álcool";"Colisão frontal";"Com Vítimas Feridas";"Pleno dia";"Crescente";"Chuva";"Simples";"Reta";"Não";5;0;2;2;0;1;4;3;-26,45955419;-49,14342101;"SPRF-SC";"DEL03-SC";"UOP03-DEL03-SC"
202938;2019-04-13;"sábado";"04:40:00";"MG";40;397;"CURVELO";"Velocidade Incompatível";"Saída de leito carroçável";"Com Vítimas Feridas";"Plena Noite";"Decrescente";"Céu Claro";"Simples";"Reta";"Não";5;0;0;2;2;1;2;2;-19,00510122;-44,65692336;"SPRF-MG";"DEL02-MG";"UOP01-DEL02-MG"
203021;2019-04-13;"sábado";"14:10:00";"CE";222;4;"CAUCAIA";"Falta de Atenção à Condução";"Colisão traseira";"Com Vítimas Feridas";"Pleno dia";"Crescente";"Céu Claro";"Múltipla";"Reta";"Sim";3;0;1;0;1;1;1;3;-3,74164754;-38,60449792;"SPRF-CE";"DEL01-CE";"UOP01-DEL01-CE"
203111;2019-04-13;"sábado";"20:30:00";"GO";60;224,8;"CEZARINA";"Velocidade Incompatível";"Colisão traseira";"Com Vítimas Feridas";"Plena Noite";"Decrescente";"Céu Claro";"Dupla";"Reta";"Não";6;0;1;2;2;1;3;3;-17,0148;-49,7762;"SPRF-GO";"DEL01-GO";"UOP02-DEL01-GO"
203207;2019-04-14;"domingo";"06:20:00";"SC";280;124,8;"RIO NEGRINHO";"Velocidade Incompatível";"Colisão traseira";"Com Vítimas Feridas";"Amanhecer";"Crescente";"Nublado";"Simples";"Reta";"Sim";4;0;1;0;2;1;1;4;-26,23921964;-49,50262427;"SPRF-SC";"DEL06-SC";"UOP03-DEL06-SC"
204722;2019-04-21;"domingo";"16:30:00";"BA";110;296;"INHAMBUPE";"Defeito na Via";"Colisão lateral";"Sem Vítimas";"Pleno dia";"Crescente";"Céu Claro";"Simples";"Reta";"Não";3;0;0;0;1;2;0;3;-11,871622;-38,37562193;"SPRF-BA";"DEL01-BA";"UOP04-DEL01-BA"
204726;2019-04-21;"domingo";"17:45:00";"BA";242;786;"BARREIRAS";"Ultrapassagem Indevida";"Colisão frontal";"Com Vítimas Fatais";"Plena Noite";"Crescente";"Céu Claro";"Simples";"Reta";"Não";4;1;0;0;2;1;0;3;-12,13956292;-44,76317799;"SPRF-BA";"DEL10-BA";"UOP01-DEL10-BA"
205132;2019-04-23;"terça-feira";"11:40:00";"PR";476;124;"CURITIBA";"Não guardar distância de segurança";"Colisão traseira";"Com Vítimas Feridas";"Pleno dia";"Decrescente";"Nublado";"Dupla";"Em Obras";"Sim";3;0;1;0;1;1;1;3;-25,399845;-49,215855;"SPRF-PR";"DEL01-PR";"UOP07-DEL01-PR"
205581;2019-04-25;"quinta-feira";"12:30:00";"PR";277;99;"CURITIBA";"Mal Súbito";"Saída de leito carroçável";"Com Vítimas Feridas";"Pleno dia";"Crescente";"Céu Claro";"Múltipla";"Reta";"Sim";2;0;1;0;0;1;1;2;-25,53375211;-49,31824405;"SPRF-PR";"DEL01-PR";"UOP06-DEL01-PR"
205791;2019-04-27;"sábado";"01:10:00";"PR";116;201;"RIO NEGRO";"Ingestão de Álcool";"Colisão frontal";"Com Vítimas Feridas";"Plena Noite";"Decrescente";"Céu Claro";"Simples";"Reta;Declive";"Não";6;0;2;0;3;1;2;3;-26,03963788;-49,69595704;"SPRF-SC";"DEL06-SC";"UOP01-DEL06-SC"
205946;2019-04-27;"sábado";"13:15:00";"MG";116;164;"PADRE PARAISO";"Falta de Atenção à Condução";"Colisão lateral";"Com Vítimas Feridas";"Pleno dia";"Crescente";"Chuva";"Simples";"Curva";"Não";8;0;5;0;2;1;5;4;-16,966437;-41,45100303;"SPRF-MG";"DEL11-MG";"UOP02-DEL11-MG"
205970;2019-04-27;"sábado";"17:45:00";"MG";116;745,8;"LEOPOLDINA";"Defeito Mecânico no Veículo";"Colisão frontal";"Com Vítimas Feridas";"Plena Noite";"Crescente";"Céu Claro";"Simples";"Reta";"Não";4;0;1;0;0;3;1;4;-21,429308;-42,51473;"SPRF-MG";"DEL07-MG";"UOP01-DEL07-MG"
206176;2019-04-28;"domingo";"20:20:00";"ES";101;158,5;"LINHARES";"Não guardar distância de segurança";"Colisão traseira";"Com Vítimas Feridas";"Plena Noite";"Decrescente";"Nublado";"Simples";"Reta";"Não";3;0;0;1;1;1;1;3;-19,46094508;-40,10491389;"SPRF-ES";"DEL04-ES";"UOP01-DEL04-ES"
206257;2019-04-26;"sexta-feira";"20:50:00";"MA";10;300,7;"CIDELANDIA";"Ingestão de Álcool";"Colisão frontal";"Sem Vítimas";"Plena Noite";"Decrescente";"Céu Claro";"Simples";"Reta";"Sim";4;0;0;0;2;2;0;3;-5,113793;-47,549877;"SPRF-MA";"DEL04-MA";"UOP03-DEL04-MA"
206479;2019-04-30;"terça-feira";"16:40:00";"MG";116;414,4;"GOVERNADOR VALADARES";"Não guardar distância de segurança";"Colisão traseira";"Com Vítimas Feridas";"Pleno dia";"Decrescente";"Céu Claro";"Simples";"Curva;Declive;Interseção de Vias";"Sim";3;0;1;0;1;1;1;3;-18,88186378;-41,95723772;"SPRF-MG";"DEL06-MG";"UOP01-DEL06-MG"
206762;2019-05-02;"quinta-feira";"06:30:00";"RS";116;360,3;"TAPES";"Defeito Mecânico no Veículo";"Colisão frontal";"Com Vítimas Feridas";"Amanhecer";"Crescente";"Céu Claro";"Simples";"Reta";"Não";6;0;3;1;1;1;4;3;-30,62477189;-51,54634827;"SPRF-RS";"DEL02-RS";"UOP03-DEL02-RS"
206967;2019-05-03;"sexta-feira";"07:00:00";"GO";153;509;"APARECIDA DE GOIANIA";"Falta de Atenção à Condução";"Colisão traseira";"Com Vítimas Feridas";"Pleno dia";"Decrescente";"Nublado";"Dupla";"Reta";"Sim";4;0;2;0;1;1;2;3;-16,7888;-49,2379;"SPRF-GO";"DEL01-GO";"UOP03-DEL01-GO"
207807;2019-05-07;"terça-feira";"13:00:00";"MG";262;114;"RIO CASCA";"Velocidade Incompatível";"Saída de leito carroçável";"Com Vítimas Feridas";"Pleno dia";"Crescente";"Céu Claro";"Simples";"Curva;Declive";"Não";2;0;1;0;0;1;1;2;-20,24284881;-42,60671889;"SPRF-MG";"DEL03-MG";"UOP03-DEL03-MG"
207903;2019-05-07;"terça-feira";"23:20:00";"ES";101;264,7;"SERRA";"Falta de Atenção à Condução";"Colisão traseira";"Com Vítimas Feridas";"Plena Noite";"Crescente";"Chuva";"Dupla";"Reta";"Sim";3;0;0;1;1;1;1;3;-20,17671019;-40,26592347;"SPRF-ES";"DEL02-ES";"UOP01-DEL02-ES"
208078;2019-05-08;"quarta-feira";"18:30:00";"BA";330;779;"IPIAU";"Defeito Mecânico no Veículo";"Colisão frontal";"Com Vítimas Fatais";"Plena Noite";"Decrescente";"Céu Claro";"Simples";"Reta";"Não";3;1;0;0;1;1;0;3;-14,142677;-39,720787;"SPRF-BA";"DEL03-BA";"UOP01-DEL03-BA"
208929;2019-05-12;"domingo";"13:20:00";"ES";101;2;"SERRA";"Defeito Mecânico no Veículo";"Queda de ocupante de veículo";"Com Vítimas Feridas";"Pleno dia";"Decrescente";"Sol";"Dupla";"Reta";"Sim";3;0;2;0;0;1;2;2;-20,25172926;-40,2870369;"SPRF-ES";"DEL02-ES";"UOP01-DEL02-ES"
209308;2019-05-13;"segunda-feira";"09:50:00";"SE";101;92,1;"NOSSA SENHORA DO SOCORRO";"Falta de Atenção à Condução";"Colisão traseira";"Com Vítimas Feridas";"Pleno dia";"Crescente";"Nublado";"Dupla";"Interseção de Vias";"Sim";3;0;1;0;1;1;1;3;-10,90169474;-37,13619222;"SPRF-SE";"DEL01-SE";"UOP01-DEL01-SE"
209806;2019-05-15;"quarta-feira";"19:50:00";"GO";153;506,5;"APARECIDA DE GOIANIA";"Desobediência às normas de trânsito pelo condutor";"Capotamento";"Com Vítimas Feridas";"Plena Noite";"Crescente";"Céu Claro";"Dupla";"Declive;Curva";"Sim";3;0;0;1;1;1;1;2;-16,7633;-49,24;"SPRF-GO";"DEL01-GO";"UOP01-DEL01-GO"
209833;2019-05-16;"quinta-feira";"11:00:00";"BA";101;718,2;"EUNAPOLIS";"Desobediência às normas de trânsito pelo condutor";"Colisão transversal";"Com Vítimas Feridas";"Pleno dia";"Crescente";"Sol";"Múltipla";"Rotatória;Interseção de Vias";"Sim";3;0;0;1;1;1;1;3;-16,37488875;-39,58092928;"SPRF-BA";"DEL09-BA";"UOP01-DEL09-BA"
210328;2019-05-18;"sábado";"17:30:00";"MG";365;775,5;"ITUIUTABA";"Falta de Atenção à Condução";"Saída de leito carroçável";"Com Vítimas Feridas";"Anoitecer";"Crescente";"Céu Claro";"Simples";"Declive";"Não";2;0;1;0;0;1;1;2;-18,9591857;-49,66700998;"SPRF-MG";"DEL15-MG";"UOP03-DEL15-MG"
210602;2019-05-19;"domingo";"21:00:00";"MT";174;180,1;"PORTO ESPERIDIAO";"Ingestão de Álcool";"Colisão traseira";"Com Vítimas Fatais";"Plena Noite";"Decrescente";"Céu Claro";"Simples";"Declive";"Não";7;1;1;0;4;1;1;3;-15,8316482;-58,55749013;"SPRF-MT";"DEL03-MT";"UOP01-DEL03-MT"
210617;2019-05-19;"domingo";"22:40:00";"SC";101;429,7;"SOMBRIO";"Defeito Mecânico no Veículo";"Danos eventuais";"Sem Vítimas";"Plena Noite";"Decrescente";"Ignorado";"Dupla";"Reta";"Não";2;0;0;0;1;1;0;2;-29,04753891;-49,61825012;"SPRF-SC";"DEL02-SC";"UOP02-DEL02-SC"
210650;2019-05-20;"segunda-feira";"07:00:00";"MG";251;510;"FRANCISCO SA";"Condutor Dormindo";"Colisão frontal";"Com Vítimas Fatais";"Amanhecer";"Crescente";"Céu Claro";"Simples";"Reta";"Não";4;1;0;2;0;1;2;3;-16,64567192;-43,70581503;"SPRF-MG";"DEL12-MG";"UOP01-DEL12-MG"
211045;2019-05-22;"quarta-feira";"08:30:00";"MG";381;518,3;"IGARAPE";"Objeto estático sobre o leito carroçável";"Colisão traseira";"Com Vítimas Feridas";"Pleno dia";"Crescente";"Sol";"Dupla";"Aclive;Curva";"Não";3;0;0;1;1;1;1;3;-20,12065395;-44,30242562;"SPRF-MG";"DEL01-MG";"UOP03-DEL01-MG"
211832;2019-05-26;"domingo";"11:40:00";"GO";70;9,9;"AGUAS LINDAS DE GOIAS";"Desobediência às normas de trânsito pelo condutor";"Atropelamento de Pedestre";"Com Vítimas Feridas";"Pleno dia";"Crescente";"Céu Claro";"Dupla";"Reta;Retorno Regulamentado";"Sim";6;0;2;0;2;2;2;4;-15,73576731;-48,28288046;"SPRF-DF";"DEL01-DF";"UOP02-DEL03-DF"
212354;2019-05-29;"quarta-feira";"09:42:00";"SP";116;127,7;"CACAPAVA";"Carga excessiva e/ou mal acondicionada";"Colisão traseira";"Com Vítimas Fatais";"Pleno dia";"Crescente";"Nublado";"Dupla";"Curva";"Sim";4;1;1;0;1;1;1;3;-23,10991026;-45,70246044;"SPRF-SP";"DEL06-SP";"UOP02-DEL02-SP"
212486;2019-05-30;"quinta-feira";"05:40:00";"SC";101;212;"PALHOCA";"Ingestão de álcool e/ou substâncias psicoativas pelo pedestre";"Colisão lateral";"Sem Vítimas";"Pleno dia";"Decrescente";"Chuva";"Dupla";"Viaduto";"Não";3;0;0;0;2;1;0;3;-27,62996929;-48,65903871;"SPRF-SC";"DEL01-SC";"UOP02-DEL01-SC"
212637;2019-05-31;"sexta-feira";"03:35:00";"SC";101;202;"SAO JOSE";"Falta de Atenção à Condução";"Colisão lateral";"Sem Vítimas";"Plena Noite";"Decrescente";"Chuva";"Dupla";"Reta";"Sim";7;0;0;0;5;2;0;6;-27,55711595;-48,61897889;"SPRF-SC";"DEL01-SC";"UOP01-DEL01-SC"
212909;2019-06-01;"sábado";"11:00:00";"GO";40;9;"VALPARAISO DE GOIAS";"Carga excessiva e/ou mal acondicionada";"Engavetamento";"Com Vítimas Feridas";"Pleno dia";"Crescente";"Céu Claro";"Simples";"Reta";"Sim";5;0;1;0;3;1;1;4;-16,131158;-47,957739;"SPRF-DF";"DEL01-DF";"UOP01-DEL01-DF"
212994;2019-06-01;"sábado";"19:20:00";"MG";251;509,2;"FRANCISCO SA";"Desobediência às normas de trânsito pelo condutor";"Colisão transversal";"Com Vítimas Feridas";"Plena Noite";"Decrescente";"Céu Claro";"Simples";"Reta";"Não";5;0;1;0;3;1;1;3;-16,64068999;-43,69966903;"SPRF-MG";"DEL12-MG";"UOP01-DEL12-MG"
213195;2019-06-02;"domingo";"17:15:00";"DF";70;11,6;"BRASILIA";"Falta de Atenção à Condução";"Colisão traseira";"Sem Vítimas";"Pleno dia";"Decrescente";"Céu Claro";"Dupla";"Retorno Regulamentado;Reta";"Sim";3;0;0;0;2;1;0;3;-15,789762;-48,148727;"SPRF-DF";"DEL01-DF";"UOP02-DEL03-DF"
213756;2019-06-05;"quarta-feira";"14:15:00";"MG";381;576,2;"ITAGUARA";"Defeito Mecânico no Veículo";"Saída de leito carroçável";"Com Vítimas Feridas";"Pleno dia";"Crescente";"Céu Claro";"Dupla";"Reta";"Não";2;0;1;0;0;1;1;2;-20,48100267;-44,58883345;"SPRF-MG";"DEL04-MG";"UOP03-DEL04-MG"
214164;2019-04-28;"domingo";"13:00:00";"RS";293;57,6;"PIRATINI";"Falta de Atenção à Condução";"Colisão traseira";"Com Vítimas Feridas";"Pleno dia";"Decrescente";"Céu Claro";"Simples";"Curva";"Não";4;0;3;0;0;1;3;3;-31,71948374;-52,89788987;"SPRF-RS";"DEL07-RS";"UOP01-DEL07-RS"
214448;2019-06-08;"sábado";"19:35:00";"MS";262;327,3;"CAMPO GRANDE";"Não guardar distância de segurança";"Colisão traseira";"Com Vítimas Feridas";"Plena Noite";"Decrescente";"Céu Claro";"Simples";"Reta";"Sim";3;0;1;0;1;1;1;3;-20,46657314;-54,54372903;"SPRF-MS";"DEL01-MS";"UOP01-DEL01-MS"
214474;2019-06-08;"sábado";"14:15:00";"MA";10;157;"PORTO FRANCO";"Defeito Mecânico no Veículo";"Colisão transversal";"Com Vítimas Feridas";"Pleno dia";"Crescente";"Céu Claro";"Simples";"Reta";"Sim";5;0;1;0;2;2;1;3;-6,356236;-47,3769;"SPRF-MA";"DEL04-MA";"UOP02-DEL04-MA"
214521;2019-06-09;"domingo";"05:10:00";"MG";262;372,5;"JUATUBA";"Falta de Atenção à Condução";"Saída de leito carroçável";"Com Vítimas Feridas";"Amanhecer";"Decrescente";"Céu Claro";"Múltipla";"Reta";"Não";3;0;1;0;1;1;1;2;-19,97359723;-44,31765496;"SPRF-MG";"DEL01-MG";"UOP03-DEL01-MG"
214829;2019-06-10;"segunda-feira";"11:40:00";"MG";40;121,2;"JOAO PINHEIRO";"Defeito Mecânico no Veículo";"Colisão com objeto estático";"Com Vítimas Feridas";"Pleno dia";"Crescente";"Céu Claro";"Simples";"Ponte";"Não";3;0;1;0;0;2;1;3;-17,66455091;-46,35389328;"SPRF-MG";"DEL14-MG";"UOP01-DEL14-MG"
214917;2019-06-10;"segunda-feira";"17:45:00";"SC";282;525,6;"XAXIM";"Ingestão de Álcool";"Colisão transversal";"Com Vítimas Feridas";"Anoitecer";"Crescente";"Céu Claro";"Simples";"Curva";"Não";3;0;1;0;1;1;1;3;-26,965441;-52,566383;"SPRF-SC";"DEL07-SC";"UOP01-DEL07-SC"
216205;2019-06-16;"domingo";"19:30:00";"SC";280;225;"TRES BARRAS";"Defeito Mecânico no Veículo";"Colisão transversal";"Com Vítimas Feridas";"Plena Noite";"Crescente";"Céu Claro";"Simples";"Reta";"Não";3;0;1;0;1;1;1;3;-26,17875971;-50,31308811;"SPRF-SC";"DEL06-SC";"UOP04-DEL06-SC"
216413;2019-06-17;"segunda-feira";"19:20:00";"SC";282;207,8;"LAGES";"Falta de Atenção à Condução";"Colisão traseira";"Com Vítimas Feridas";"Plena Noite";"Decrescente";"Céu Claro";"Simples";"Reta;Declive";"Não";5;0;1;0;3;1;1;3;-27,773464;-50,202095;"SPRF-SC";"DEL05-SC";"UOP01-DEL05-SC"
216603;2019-06-18;"terça-feira";"23:00:00";"SC";470;250;"CURITIBANOS";"Ingestão de Álcool";"Colisão frontal";"Com Vítimas Feridas";"Plena Noite";"Decrescente";"Céu Claro";"Simples";"Reta";"Sim";3;0;2;0;0;1;2;3;-27,314182;-50,569588;"SPRF-SC";"DEL05-SC";"UOP03-DEL05-SC"
217014;2019-06-20;"quinta-feira";"23:50:00";"RS";287;276,9;"SAO PEDRO DO SUL";"Falta de Atenção à Condução";"Colisão frontal";"Com Vítimas Feridas";"Plena Noite";"Crescente";"Nublado";"Simples";"Reta;Aclive;Interseção de Vias";"Não";3;0;1;0;1;1;1;3;-29,659796;-54,13522;"SPRF-RS";"DEL09-RS";"UOP01-DEL09-RS"
217114;2019-06-21;"sexta-feira";"15:00:00";"ES";262;91;"DOMINGOS MARTINS";"Falta de Atenção à Condução";"Colisão transversal";"Com Vítimas Feridas";"Pleno dia";"Decrescente";"Garoa/Chuvisco";"Simples";"Reta";"Sim";3;0;1;0;1;1;1;3;-20,37841035;-41,03346335;"SPRF-ES";"DEL01-ES";"UOP02-DEL01-ES"
217133;2019-06-21;"sexta-feira";"17:45:00";"PE";232;5;"RECIFE";"Não guardar distância de segurança";"Colisão lateral";"Com Vítimas Feridas";"Plena Noite";"Crescente";"Céu Claro";"Dupla";"Reta";"Sim";3;0;1;0;1;1;1;3;-8,06795766;-34,94535414;"SPRF-PE";"DEL01-PE";"UOP01-DEL01-PE"
217455;2019-06-23;"domingo";"11:45:00";"SC";101;145,2;"ITAPEMA";"Não guardar distância de segurança";"Colisão traseira";"Com Vítimas Feridas";"Pleno dia";"Decrescente";"Céu Claro";"Dupla";"Reta";"Sim";3;0;1;0;1;1;1;3;-27,08139206;-48,60130993;"SPRF-SC";"DEL04-SC";"UOP03-DEL04-SC"
217893;2019-06-25;"terça-feira";"08:05:00";"MG";116;582,5;"MANHUACU";"Não guardar distância de segurança";"Colisão traseira";"Sem Vítimas";"Pleno dia";"Decrescente";"Céu Claro";"Simples";"Reta";"Não";3;0;0;0;2;2;0;4;-20,196905;-42,183321;"SPRF-MG";"DEL06-MG";"UOP03-DEL06-MG"
218316;2019-06-27;"quinta-feira";"11:40:00";"RS";293;1,9;"PELOTAS";"Defeito Mecânico no Veículo";"Colisão frontal";"Com Vítimas Feridas";"Pleno dia";"Crescente";"Céu Claro";"Simples";"Reta";"Sim";5;0;1;2;1;1;3;4;-31,750426;-52,35999499;"SPRF-RS";"DEL07-RS";"UOP01-DEL07-RS"
218573;2019-06-28;"sexta-feira";"16:20:00";"PR";376;163,2;"MARINGA";"Defeito Mecânico no Veículo";"Capotamento";"Com Vítimas Feridas";"Pleno dia";"Decrescente";"Sol";"Dupla";"Reta";"Não";4;0;2;1;0;1;3;2;-23,37508316;-52,04995751;"SPRF-PR";"DEL07-PR";"UOP01-DEL09-PR"