"id";"data_inversa";"dia_semana";"horario";"uf";"br";"km";"municipio";"causa_acidente";"tipo_acidente";"classificacao_acidente";"fase_dia";"sentido_via";"condicao_metereologica";"tipo_pista";"tracado_via";"uso_solo";"pessoas";"mortos";"feridos_leves";"feridos_graves";"ilesos";"ignorados";"feridos";"veiculos";"latitude";"longitude";"regional";"delegacia";"uop"
218718;2019-06-29;"sábado";"08:50:00";"CE";116;13,8;"FORTALEZA";"Defeito Mecânico no Veículo";"Tombamento";"Com Vítimas Feridas";"Pleno dia";"Decrescente";"Céu Claro";"Dupla";"Reta";"Sim";3;0;2;0;0;1;2;2;-3,86088501;-38,49715296;"SPRF-CE";"DEL01-CE";"UOP02-DEL01-CE"
218760;2019-06-29;"sábado";"13:00:00";"ES";101;129;"SOORETAMA";"Ingestão de Álcool";"Colisão traseira";"Sem Vítimas";"Pleno dia";"Crescente";"Céu Claro";"Simples";"Reta";"Não";3;0;0;0;2;1;0;3;-19,22093104;-40,0936152;"SPRF-ES";"DEL04-ES";"UOP01-DEL04-ES"
219875;2019-07-04;"quinta-feira";"19:30:00";"PR";376;588,3;"CURITIBA";"Falta de Atenção à Condução";"Colisão traseira";"Com Vítimas Feridas";"Plena Noite";"Decrescente";"Nublado";"Dupla";"Reta";"Sim";4;0;1;0;2;1;1;4;-25,43381713;-49,36546121;"SPRF-PR";"DEL01-PR";"UOP06-DEL01-PR"
220267;2019-07-06;"sábado";"10:45:00";"GO";60;382;"RIO VERDE";"Defeito Mecânico no Veículo";"Danos eventuais";"Sem Vítimas";"Pleno dia";"Crescente";"Céu Claro";"Simples";"Reta";"Não";2;0;0;0;1;1;0;2;-17,78685767;-50,90206146;"SPRF-GO";"DEL04-GO";"UOP01-DEL04-GO"
220521;2019-07-07;"domingo";"10:40:00";"MT";364;434;"VARZEA GRANDE";"Falta de Atenção à Condução";"Colisão transversal";"Com Vítimas Feridas";"Pleno dia";"Crescente";"Céu Claro";"Simples";"Rotatória";"Sim";3;0;1;0;1;1;1;3;-15,65080858;-56,19644165;"SPRF-MT";"DEL01-MT";"DEL2/4-UOP02/MT"
220697;2019-07-08;"segunda-feira";"08:00:00";"RJ";116;302;"RESENDE";"Agressão Externa";"Colisão com objeto estático";"Sem Vítimas";"Pleno dia";"Decrescente";"Nevoeiro/Neblina";"Dupla";"Reta";"Não";3;0;0;0;2;1;0;2;-22,45364576;-44,37040802;"SPRF-RJ";"DEL07-RJ";"DEL5/7-UOP03/RJ"
220742;2019-06-17;"segunda-feira";"15:15:00";"PR";476;147;"CURITIBA";"Falta de Atenção do Pedestre";"Saída de leito carroçável";"Sem Vítimas";"Pleno dia";"Crescente";"Céu Claro";"Dupla";"Reta";"Não";2;0;0;0;1;1;0;2;-25,554628;-49,339268;"SPRF-PR";"DEL01-PR";"UOP06-DEL01-PR"
221199;2019-07-10;"quarta-feira";"17:40:00";"MT";163;118;"RONDONOPOLIS";"Ultrapassagem Indevida";"Colisão transversal";"Com Vítimas Feridas";"Plena Noite";"Decrescente";"Céu Claro";"Simples";"Reta";"Sim";4;0;1;0;2;1;1;3;-16,51361392;-54,65519619;"SPRF-MT";"DEL02-MT";"UOP01-DEL02-MT"
221712;2019-07-13;"sábado";"04:30:00";"DF";20;11,9;"BRASILIA";"Falta de Atenção à Condução";"Colisão transversal";"Com Vítimas Feridas";"Plena Noite";"Decrescente";"Céu Claro";"Dupla";"Reta";"Sim";17;0;4;2;10;1;6;3;-15,64654;-47,766422;"SPRF-DF";"DEL02-DF";"UOP01-DEL02-DF"
221999;2019-07-14;"domingo";"08:10:00";"PE";407;90,3;"PETROLINA";"Defeito Mecânico no Veículo";"Colisão com objeto estático";"Sem Vítimas";"Pleno dia";"Decrescente";"Céu Claro";"Simples";"Reta";"Não";2;0;0;0;1;1;0;2;-9,09815874;-40,65220624;"SPRF-PE";"DEL06-PE";"UOP02-DEL06-PE"
222299;2019-07-15;"segunda-feira";"15:50:00";"PB";230;26;"JOAO PESSOA";"Falta de Atenção à Condução";"Colisão transversal";"Com Vítimas Feridas";"Pleno dia";"Decrescente";"Céu Claro";"Múltipla";"Retorno Regulamentado";"Sim";4;0;2;0;1;1;2;3;-7,1693;-34,8782;"SPRF-PB";"DEL01-PB";"UOP01-DEL01-PB"
222327;2019-07-15;"segunda-feira";"18:00:00";"RO";364;235;"CACOAL";"Falta de Atenção à Condução";"Colisão traseira";"Com Vítimas Feridas";"Anoitecer";"Decrescente";"Céu Claro";"Simples";"Retorno Regulamentado";"Sim";4;0;1;0;2;1;1;4;-11,4506169;-61,4302469;"SPRF-RO";"DEL02-RO";"UOP02-DEL02-RO"
222831;2019-07-18;"quinta-feira";"14:00:00";"RS";116;517,1;"PELOTAS";"Defeito Mecânico no Veículo";"Colisão com objeto estático";"Sem Vítimas";"Pleno dia";"Decrescente";"Céu Claro";"Simples";"Interseção de Vias";"Não";2;0;0;0;1;1;0;2;-31,67908686;-52,34256731;"SPRF-RS";"DEL07-RS";"UOP01-DEL07-RS"
223491;2019-07-21;"domingo";"08:20:00";"GO";153;34;"PORANGATU";"Objeto estático sobre o leito carroçável";"Capotamento";"Com Vítimas Feridas";"Pleno dia";"Crescente";"Céu Claro";"Simples";"Reta";"Não";6;0;2;0;3;1;2;2;-13,120278;-49,199387;"SPRF-GO";"DEL07-GO";"UOP01-DEL07-GO"
223650;2019-07-21;"domingo";"20:45:00";"SC";101;32,5;"JOINVILLE";"Falta de Atenção à Condução";"Saída de leito carroçável";"Com Vítimas Feridas";"Plena Noite";"Decrescente";"Nublado";"Dupla";"Reta";"Não";4;0;1;0;1;2;1;4;-26,226987;-48,91657;"SPRF-SC";"DEL03-SC";"UOP01-DEL03-SC"
224006;2019-07-22;"segunda-feira";"10:50:00";"BA";101;522;"BUERAREMA";"Desobediência às normas de trânsito pelo condutor";"Atropelamento de Pedestre";"Com Vítimas Feridas";"Pleno dia";"Decrescente";"Céu Claro";"Simples";"Reta";"Não";3;0;1;0;1;1;1;3;-14,934984;-39,302033;"SPRF-BA";"DEL05-BA";"UOP01-DEL05-BA"
224554;2019-07-25;"quinta-feira";"12:20:00";"GO";153;536,9;"HIDROLANDIA";"Defeito Mecânico no Veículo";"Saída de leito carroçável";"Com Vítimas Feridas";"Pleno dia";"Crescente";"Céu Claro";"Dupla";"Reta";"Não";6;0;2;0;3;1;2;2;-17,0193;-49,2217;"SPRF-GO";"DEL01-GO";"UOP03-DEL01-GO"
224831;2019-07-26;"sexta-feira";"12:55:00";"SC";282;581;"PINHALZINHO";"Ingestão de álcool e/ou substâncias psicoativas pelo pedestre";"Colisão frontal";"Com Vítimas Feridas";"Pleno dia";"Decrescente";"Nublado";"Simples";"Reta";"Sim";3;0;0;1;1;1;1;3;-26,828749;-52,997929;"SPRF-SC";"DEL07-SC";"UOP02-DEL07-SC"
224881;2019-07-26;"sexta-feira";"18:35:00";"RO";364;20;"VILHENA";"Animais na Pista";"Atropelamento de Animal";"Sem Vítimas";"Plena Noite";"Decrescente";"Céu Claro";"Simples";"Declive";"Não";11;0;0;0;10;1;0;4;-12,72595705;-60,192765;"SPRF-RO";"DEL04-RO";"UOP01-DEL04-RO"
225269;2019-07-28;"domingo";"18:39:00";"MG";116;707,4;"MURIAE";"Condutor Dormindo";"Saída de leito carroçável";"Com Vítimas Feridas";"Plena Noite";"Crescente";"Nublado";"Simples";"Reta";"Sim";5;0;2;0;2;1;2;2;-21,15538281;-42,38264744;"SPRF-MG";"DEL07-MG";"UOP02-DEL07-MG"
225308;2019-07-28;"domingo";"19:50:00";"MT";163;842,2;"SINOP";"Ingestão de Álcool";"Colisão lateral";"Com Vítimas Feridas";"Plena Noite";"Decrescente";"Céu Claro";"Simples";"Declive";"Não";6;0;1;0;4;1;1;4;-11,92479503;-55,5117839;"SPRF-MT";"DEL06-MT";"UOP02-DEL06-MT"
225628;2019-07-30;"terça-feira";"16:00:00";"GO";153;434,5;"ANAPOLIS";"Velocidade Incompatível";"Colisão com objeto estático";"Com Vítimas Fatais";"Pleno dia";"Decrescente";"Sol";"Dupla";"Reta";"Sim";3;1;1;0;0;1;1;2;-16,275604;-48,967766;"SPRF-GO";"DEL02-GO";"UOP01-DEL02-GO"
225939;2019-08-01;"quinta-feira";"13:00:00";"GO";414;433,8;"ANAPOLIS";"Defeito Mecânico no Veículo";"Colisão transversal";"Com Vítimas Feridas";"Pleno dia";"Crescente";"Céu Claro";"Simples";"Declive;Reta";"Sim";5;0;1;2;1;1;3;4;-16,2291999;-48,92857911;"SPRF-GO";"DEL02-GO";"UOP01-DEL02-GO"
226368;2019-08-03;"sábado";"11:00:00";"SC";470;143;"RIO DO SUL";"Pista Escorregadia";"Colisão frontal";"Com Vítimas Feridas";"Pleno dia";"Decrescente";"Céu Claro";"Simples";"Curva";"Não";9;0;8;0;0;1;8;4;-27,233143;-49,672886;"SPRF-SC";"DEL04-SC";"UOP02-DEL04-SC"
226541;2019-08-04;"domingo";"02:50:00";"ES";101;162;"LINHARES";"Desobediência às normas de trânsito pelo condutor";"Colisão transversal";"Com Vítimas Feridas";"Plena Noite";"Crescente";"Céu Claro";"Simples";"Reta";"Sim";4;0;0;2;1;1;2;3;-19,49015283;-40,12624024;"SPRF-ES";"DEL04-ES";"UOP01-DEL04-ES"
226907;2019-08-05;"segunda-feira";"17:45:00";"PB";101;82,6;"BAYEUX";"Não guardar distância de segurança";"Engavetamento";"Sem Vítimas";"Anoitecer";"Crescente";"Nublado";"Dupla";"Reta";"Sim";7;0;0;0;6;1;0;7;-7,12911;-34,93714;"SPRF-PB";"DEL01-PB";"UOP01-DEL01-PB"
226988;2019-08-06;"terça-feira";"07:20:00";"PR";476;99;"BOCAIUVA DO SUL";"Velocidade Incompatível";"Colisão frontal";"Com Vítimas Feridas";"Amanhecer";"Decrescente";"Céu Claro";"Simples";"Curva";"Não";4;0;1;0;2;1;1;3;-25,245237;-49,132404;"SPRF-PR";"DEL01-PR";"UOP07-DEL01-PR"
227075;2019-08-06;"terça-feira";"16:00:00";"RN";226;134;"CAMPO REDONDO";"Não guardar distância de segurança";"Colisão traseira";"Com Vítimas Feridas";"Pleno dia";"Crescente";"Céu Claro";"Simples";"Reta";"Não";3;0;1;0;1;1;1;3;-6,2153378;-36,17479205;"SPRF-RN";"DEL03-RN";"UOP02-DEL03-RN"
227258;2019-08-07;"quarta-feira";"15:45:00";"ES";101;252,9;"SERRA";"Falta de Atenção à Condução";"Colisão transversal";"Com Vítimas Feridas";"Pleno dia";"Crescente";"Nublado";"Simples";"Reta";"Não";3;0;1;0;1;1;1;3;-20,10484521;-40,33262037;"SPRF-ES";"DEL02-ES";"UOP01-DEL02-ES"
227342;2019-08-08;"quinta-feira";"05:50:00";"MA";10;192,6;"RIBAMAR FIQUENE";"Falta de Atenção do Pedestre";"Atropelamento de Pedestre";"Com Vítimas Fatais";"Amanhecer";"Decrescente";"Ignorado";"Simples";"Reta";"Sim";4;1;0;0;2;1;0;4;-6,03626;-47,382572;"SPRF-MA";"DEL04-MA";"UOP01-DEL04-MA"
227805;2019-08-09;"sexta-feira";"23:45:00";"MG";381;383;"BARAO DE COCAIS";"Desobediência às normas de trânsito pelo condutor";"Colisão frontal";"Sem Vítimas";"Plena Noite";"Decrescente";"Céu Claro";"Simples";"Reta";"Não";3;0;0;0;1;2;0;3;-19,81468814;-43,39749222;"SPRF-MG";"DEL01-MG";"UOP01-DEL01-MG"
228045;2019-08-11;"domingo";"03:20:00";"MT";163;676;"LUCAS DO RIO VERDE";"Condutor Dormindo";"Saída de leito carroçável";"Com Vítimas Feridas";"Plena Noite";"Crescente";"Nevoeiro/Neblina";"Simples";"Reta";"Não";7;0;4;2;0;1;6;2;-13,17335548;-55,98137945;"SPRF-MT";"DEL06-MT";"UOP01-DEL06-MT"
228564;2019-08-13;"terça-feira";"11:45:00";"MT";364;596;"DIAMANTINO";"Falta de Atenção à Condução";"Saída de leito carroçável";"Com Vítimas Feridas";"Pleno dia";"Decrescente";"Céu Claro";"Simples";"Declive";"Não";2;0;0;1;0;1;1;2;-14,54511575;-56,23103465;"SPRF-MT";"DEL01-MT";"UOP01-DEL01-MT"
228904;2019-08-15;"quinta-feira";"14:30:00";"MG";153;24;"CENTRALINA";"Falta de Atenção do Pedestre";"Saída de leito carroçável";"Sem Vítimas";"Pleno dia";"Decrescente";"Céu Claro";"Dupla";"Declive;Reta";"Não";2;0;0;0;1;1;0;2;-18,63126816;-49,18366828;"SPRF-MG";"DEL15-MG";"UOP03-DEL15-MG"
229027;2019-08-16;"sexta-feira";"08:25:00";"SE";235;56;"ITABAIANA";"Falta de Atenção à Condução";"Colisão transversal";"Com Vítimas Feridas";"Pleno dia";"Crescente";"Céu Claro";"Simples";"Interseção de Vias;Aclive;Reta";"Não";3;0;1;0;1;1;1;3;-10,658644;-37,448425;"SPRF-SE";"DEL01-SE";"UOP02-DEL01-SE"
229513;2019-08-18;"domingo";"09:50:00";"SC";470;97,1;"APIUNA";"Falta de Atenção à Condução";"Colisão transversal";"Com Vítimas Feridas";"Pleno dia";"Crescente";"Nublado";"Simples";"Em Obras";"Sim";3;0;1;0;1;1;1;3;-27,026621;-49,378124;"SPRF-SC";"DEL04-SC";"UOP01-DEL04-SC"
229557;2019-08-18;"domingo";"16:30:00";"MG";381;314,5;"ANTONIO DIAS";"Não guardar distância de segurança";"Colisão traseira";"Com Vítimas Feridas";"Pleno dia";"Crescente";"Céu Claro";"Simples";"Em Obras;Reta";"Não";9;0;4;0;4;1;4;3;-19,68470313;-42,98694795;"SPRF-MG";"DEL03-MG";"UOP02-DEL03-MG"
229646;2019-08-18;"domingo";"21:40:00";"SP";116;211;"GUARULHOS";"Ingestão de Álcool";"Colisão lateral";"Com Vítimas Feridas";"Plena Noite";"Crescente";"Céu Claro";"Dupla";"Reta";"Sim";5;0;1;0;3;1;1;5;-23,4324306;-46,4194352;"SPRF-SP";"DEL01-SP";"UOP01-DEL01-SP"
229690;2019-08-19;"segunda-feira";"01:30:00";"MA";10;140,5;"PORTO FRANCO";"Restrição de Visibilidade";"Colisão traseira";"Com Vítimas Feridas";"Plena Noite";"Decrescente";"Céu Claro";"Simples";"Reta";"Não";4;0;2;0;1;1;2;3;-6,493114;-47,382767;"SPRF-MA";"DEL04-MA";"UOP02-DEL04-MA"
230166;2019-08-21;"quarta-feira";"10:45:00";"MG";381;153,5;"GOVERNADOR VALADARES";"Defeito Mecânico no Veículo";"Tombamento";"Com Vítimas Feridas";"Pleno dia";"Decrescente";"Céu Claro";"Simples";"Curva";"Sim";2;0;1;0;0;1;1;2;-18,84781221;-41,98322296;"SPRF-MG";"DEL06-MG";"UOP01-DEL06-MG"
230762;2019-08-24;"sábado";"09:30:00";"PE";408;88;"SAO LOURENCO DA MATA";"Velocidade Incompatível";"Capotamento";"Com Vítimas Feridas";"Pleno dia";"Decrescente";"Céu Claro";"Dupla";"Declive";"Não";4;0;2;0;0;2;2;2;-7,97432974;-35,08598372;"SPRF-PE";"DEL01-PE";"UOP01-DEL01-PE"
230773;2019-08-24;"sábado";"12:00:00";"PR";272;537,5;"FRANCISCO ALVES";"Desobediência às normas de trânsito pelo condutor";"Colisão transversal";"Com Vítimas Feridas";"Pleno dia";"Decrescente";"Céu Claro";"Simples";"Reta";"Não";5;0;3;0;1;1;3;3;-24,07287598;-53,99426758;"SPRF-PR";"DEL06-PR";"UAP01-DEL06-PR"
230815;2019-08-24;"sábado";"15:50:00";"SC";282;17,8;"PALHOCA";"Defeito Mecânico no Veículo";"Colisão frontal";"Com Vítimas Feridas";"Pleno dia";"Crescente";"Céu Claro";"Simples";"Reta";"Sim";4;0;0;2;1;1;2;3;-27,665707;-48,688065;"SPRF-SC";"DEL01-SC";"UOP02-DEL01-SC"
231084;2019-08-25;"domingo";"19:00:00";"MG";40;552;"NOVA LIMA";"Falta de Atenção à Condução";"Colisão traseira";"Com Vítimas Feridas";"Plena Noite";"Decrescente";"Céu Claro";"Dupla";"Reta";"Sim";6;0;1;0;4;1;1;4;-20,06084086;-43,97716423;"SPRF-MG";"DEL01-MG";"UOP02-DEL01-MG"
231488;2019-08-28;"quarta-feira";"14:30:00";"TO";153;670,9;"GURUPI";"Desobediência às normas de trânsito pelo condutor";"Colisão transversal";"Com Vítimas Feridas";"Pleno dia";"Crescente";"Céu Claro";"Dupla";"Interseção de Vias";"Sim";3;0;1;0;1;1;1;3;-11,70998005;-49,07471975;"SPRF-TO";"DEL02-TO";"UOP02-DEL01-TO"
231726;2019-08-29;"quinta-feira";"18:00:00";"CE";116;65;"CHOROZINHO";"Desobediência às normas de trânsito pelo condutor";"Colisão transversal";"Sem Vítimas";"Plena Noite";"Decrescente";"Céu Claro";"Simples";"Interseção de Vias";"Sim";3;0;0;0;1;2;0;3;-4,28986706;-38,49688277;"SPRF-CE";"DEL03-CE";"UOP02-DEL03-CE"
231761;2019-08-29;"quinta-feira";"19:35:00";"GO";60;86,7;"ANAPOLIS";"Ingestão de Álcool";"Saída de leito carroçável";"Sem Vítimas";"Plena Noite";"Crescente";"Céu Claro";"Dupla";"Reta";"Não";2;0;0;0;1;1;0;2;-16,3212;-48,8728;"SPRF-GO";"DEL02-GO";"UOP01-DEL02-GO"
232003;2019-08-30;"sexta-feira";"16:30:00";"DF";40;0,1;"BRASILIA";"Falta de Atenção à Condução";"Colisão traseira";"Com Vítimas Feridas";"Pleno dia";"Decrescente";"Céu Claro";"Dupla";"Interseção de Vias";"Não";3;0;1;0;1;1;1;3;-15,976897;-47,990129;"SPRF-DF";"DEL01-DF";"UOP01-DEL01-DF"
232119;2019-08-30;"sexta-feira";"19:25:00";"MG";381;753,6;"TRES CORACOES";"Falta de Atenção à Condução";"Colisão traseira";"Com Vítimas Feridas";"Pleno dia";"Decrescente";"Céu Claro";"Dupla";"Curva";"Sim";3;0;1;0;1;1;1;3;-21,6658638;-45,31114697;"SPRF-MG";"DEL16-MG";"UOP02-DEL16-MG"
232134;2019-08-30;"sexta-feira";"21:00:00";"MG";40;272,6;"TRES MARIAS";"Falta de Atenção à Condução";"Colisão lateral";"Sem Vítimas";"Plena Noite";"Decrescente";"Céu Claro";"Simples";"Ponte";"Sim";3;0;0;0;1;2;0;3;-18,18478495;-45,26086898;"SPRF-MG";"DEL14-MG";"UOP02-DEL14-MG"
232299;2019-08-31;"sábado";"18:00:00";"RS";290;577,7;"ALEGRETE";"Falta de Atenção à Condução";"Colisão transversal";"Com Vítimas Feridas";"Anoitecer";"Crescente";"Vento";"Simples";"Reta";"Não";3;0;1;0;1;1;1;3;-29,81212524;-55,75201035;"SPRF-RS";"DEL13-RS";"UOP02-DEL13-RS"
232649;2019-05-17;"sexta-feira";"05:40:00";"MG";365;340,7;"VARJAO DE MINAS";"Velocidade Incompatível";"Saída de leito carroçável";"Com Vítimas Fatais";"Plena Noite";"Decrescente";"Chuva";"Simples";"Reta";"Não";29;1;13;4;10;1;17;2;-18,31137374;-45,96592214;"SPRF-MG";"DEL10-MG";"UOP01-DEL10-MG"
233152;2019-09-04;"quarta-feira";"16:25:00";"PR";376;186,6;"MARIALVA";"Falta de Atenção à Condução";"Tombamento";"Com Vítimas Feridas";"Pleno dia";"Decrescente";"Céu Claro";"Dupla";"Declive";"Não";2;0;0;1;0;1;1;2;-23,45643624;-51,84510713;"SPRF-PR";"DEL07-PR";"UOP01-DEL09-PR"
233451;2019-08-16;"sexta-feira";"08:25:00";"GO";153;515,7;"APARECIDA DE GOIANIA";"Desobediência às normas de trânsito pelo condutor";"Colisão traseira";"Com Vítimas Feridas";"Pleno dia";"Decrescente";"Céu Claro";"Dupla";"Reta";"Sim";3;0;0;1;1;1;1;3;-16,833984;-49,243577;"SPRF-GO";"DEL01-GO";"UOP03-DEL01-GO"
234590;2019-07-16;"terça-feira";"23:20:00";"PA";308;157,7;"CAPANEMA";"Falta de Atenção à Condução";"Saída de leito carroçável";"Sem Vítimas";"Plena Noite";"Crescente";"Nublado";"Simples";"Reta";"Não";2;0;0;0;1;1;0;2;-1,21124791;-47,132118;"SPRF-PA";"DEL01-PA";"UOP03-DEL01-PA"
234749;2019-09-11;"quarta-feira";"15:55:00";"RS";158;309,5;"ITAARA";"Falta de Atenção à Condução";"Colisão transversal";"Com Vítimas Feridas";"Pleno dia";"Decrescente";"Chuva";"Simples";"Reta";"Não";3;0;1;0;1;1;1;3;-29,60389692;-53,76635275;"SPRF-RS";"DEL09-RS";"UOP01-DEL09-RS"
234838;2019-09-12;"quinta-feira";"06:10:00";"MG";381;496;"BETIM";"Não guardar distância de segurança";"Colisão lateral";"Com Vítimas Feridas";"Amanhecer";"Decrescente";"Céu Claro";"Dupla";"Aclive;Curva";"Sim";3;0;1;0;1;1;1;3;-19,99676497;-44,20958506;"SPRF-MG";"DEL01-MG";"UOP03-DEL01-MG"
235530;2019-09-15;"domingo";"08:10:00";"CE";304;50,9;"ARACATI";"Carga excessiva e/ou mal acondicionada";"Queda de ocupante de veículo";"Com Vítimas Feridas";"Pleno dia";"Decrescente";"Céu Claro";"Simples";"Reta";"Não";2;0;1;0;0;1;1;2;-4,57352926;-37,76245988;"SPRF-CE";"DEL03-CE";"UOP03-DEL03-CE"
235601;2019-09-15;"domingo";"15:50:00";"CE";20;404;"CAUCAIA";"Falta de Atenção à Condução";"Colisão transversal";"Com Vítimas Feridas";"Pleno dia";"Decrescente";"Céu Claro";"Simples";"Interseção de Vias";"Não";4;0;2;0;1;1;2;3;-3,77821762;-38,68607924;"SPRF-CE";"DEL01-CE";"UOP01-DEL01-CE"
236128;2019-09-17;"terça-feira";"14:55:00";"RJ";101;326;"NITEROI";"Falta de Atenção à Condução";"Colisão traseira";"Com Vítimas Feridas";"Pleno dia";"Crescente";"Céu Claro";"Dupla";"Reta";"Não";4;0;2;0;1;1;2;3;-22,87206203;-43,146105;"SPRF-RJ";"DEL02-RJ";"UOP02-DEL02-RJ"
236419;2019-09-19;"quinta-feira";"00:30:00";"MS";163;649,1;"SAO GABRIEL DO OESTE";"Velocidade Incompatível";"Saída de leito carroçável";"Com Vítimas Feridas";"Plena Noite";"Crescente";"Céu Claro";"Simples";"Reta";"Não";6;0;2;0;3;1;2;2;-19,16918;-54,756944;"SPRF-MS";"DEL06-MS";"UOP02-DEL06-MS"
236643;2019-09-20;"sexta-feira";"01:20:00";"MG";365;340;"VARJAO DE MINAS";"Falta de Atenção à Condução";"Colisão lateral";"Com Vítimas Feridas";"Plena Noite";"Crescente";"Ignorado";"Simples";"Reta";"Não";9;0;4;2;2;1;6;3;-18,348;-46,019;"SPRF-MG";"DEL10-MG";"UOP01-DEL10-MG"
236829;2019-09-20;"sexta-feira";"20:35:00";"PE";101;67,3;"RECIFE";"Não guardar distância de segurança";"Engavetamento";"Sem Vítimas";"Plena Noite";"Crescente";"Garoa/Chuvisco";"Dupla";"Reta";"Sim";4;0;0;0;3;1;0;4;-8,042334;-34,943096;"SPRF-PE";"DEL01-PE";"UOP01-DEL01-PE"
237149;2019-09-22;"domingo";"09:20:00";"SC";280;53,8;"GUARAMIRIM";"Falta de Atenção à Condução";"Colisão traseira";"Com Vítimas Feridas";"Pleno dia";"Decrescente";"Céu Claro";"Simples";"Reta";"Sim";3;0;1;0;1;1;1;3;-26,47236756;-48,97426617;"SPRF-SC";"DEL03-SC";"UOP03-DEL03-SC"
237162;2019-09-22;"domingo";"07:30:00";"RJ";116;166;"RIO DE JANEIRO";"Falta de Atenção à Condução";"Colisão com objeto estático";"Sem Vítimas";"Pleno dia";"Decrescente";"Céu Claro";"Dupla";"Reta";"Não";3;0;0;0;2;1;0;3;-22,80720006;-43,3417511;"SPRF-RJ";"DEL01-RJ";"UOP02-DEL01-RJ"
237531;2019-09-23;"segunda-feira";"10:55:00";"DF";20;2,1;"BRASILIA";"Defeito Mecânico no Veículo";"Colisão traseira";"Com Vítimas Feridas";"Pleno dia";"Decrescente";"Sol";"Dupla";"Reta";"Sim";3;0;1;0;1;1;1;3;-15,682896;-47,840729;"SPRF-DF";"DEL02-DF";"UOP01-DEL02-DF"
237580;2019-09-23;"segunda-feira";"13:10:00";"PB";101;123;"CAAPORA";"Defeito na Via";"Tombamento";"Sem Vítimas";"Pleno dia";"Decrescente";"Céu Claro";"Dupla";"Reta";"Não";3;0;0;0;2;1;0;2;-7,45909075;-34,98049935;"SPRF-PB";"DEL01-PB";"UOP01-DEL01-PB"
238347;2019-09-26;"quinta-feira";"22:45:00";"MG";40;305;"TRES MARIAS";"Ingestão de Álcool";"Colisão traseira";"Sem Vítimas";"Plena Noite";"Decrescente";"Garoa/Chuvisco";"Simples";"Reta";"Não";3;0;0;0;2;1;0;3;-18,3940688;-45,10000664;"SPRF-MG";"DEL14-MG";"UOP02-DEL14-MG"
238396;2019-09-27;"sexta-feira";"08:00:00";"PE";101;127;"ESCADA";"Falta de Atenção à Condução";"Colisão transversal";"Sem Vítimas";"Pleno dia";"Decrescente";"Céu Claro";"Dupla";"Reta";"Sim";5;0;0;0;2;3;0;3;-8,37472564;-35,23663257;"SPRF-PE";"DEL01-PE";"UOP03-DEL01-PE"
238476;2019-09-27;"sexta-feira";"16:10:00";"DF";20;11,7;"BRASILIA";"Objeto estático sobre o leito carroçável";"Colisão com objeto estático";"Com Vítimas Feridas";"Pleno dia";"Crescente";"Céu Claro";"Dupla";"Reta";"Sim";3;0;1;0;1;1;1;3;-15,64654;-47,766422;"SPRF-DF";"DEL02-DF";"UOP01-DEL02-DF"
238761;2019-09-28;"sábado";"13:40:00";"BA";116;244;"QUIJINGUE";"Velocidade Incompatível";"Tombamento";"Com Vítimas Feridas";"Pleno dia";"Crescente";"Céu Claro";"Simples";"Declive;Reta";"Não";3;0;1;0;1;1;1;2;-10,726714;-38,91756;"SPRF-BA";"DEL07-BA";"UOP02-DEL07-BA"
239287;2019-09-30;"segunda-feira";"22:10:00";"ES";101;267,7;"SERRA";"Desobediência às normas de trânsito pelo condutor";"Colisão transversal";"Com Vítimas Feridas";"Plena Noite";"Decrescente";"Chuva";"Múltipla";"Interseção de Vias";"Sim";4;0;1;0;2;1;1;3;-20,19930999;-40,26884609;"SPRF-ES";"DEL02-ES";"UOP01-DEL02-ES"
240238;2019-10-05;"sábado";"08:00:00";"SP";153;72,9;"SAO JOSE DO RIO PRETO";"Objeto estático sobre o leito carroçável";"Colisão com objeto estático";"Com Vítimas Feridas";"Pleno dia";"Decrescente";"Céu Claro";"Dupla";"Reta";"Não";6;0;3;0;2;1;3;4;-20,86715501;-49,41334398;"SPRF-SP";"DEL09-SP";"UOP01-DEL09-SP"
240393;2019-10-05;"sábado";"19:10:00";"PR";163;280;"QUATRO PONTES";"Ingestão de Álcool";"Colisão lateral";"Sem Vítimas";"Plena Noite";"Crescente";"Garoa/Chuvisco";"Simples";"Reta";"Não";4;0;0;0;3;1;0;3;-24,5841632;-53,98455614;"SPRF-PR";"DEL06-PR";"UOP02-DEL06-PR"
240781;2019-10-07;"segunda-feira";"08:30:00";"BA";116;829,8;"VITORIA DA CONQUISTA";"Carga excessiva e/ou mal acondicionada";"Capotamento";"Sem Vítimas";"Pleno dia";"Crescente";"Nublado";"Simples";"Aclive;Reta";"Não";2;0;0;0;1;1;0;2;-14,83285011;-40,83861386;"SPRF-BA";"DEL08-BA";"UOP01-DEL08-BA"
240827;2019-10-07;"segunda-feira";"13:20:00";"RJ";465;3;"SEROPEDICA";"Falta de Atenção do Pedestre";"Atropelamento de Pedestre";"Com Vítimas Feridas";"Pleno dia";"Crescente";"Nublado";"Simples";"Reta";"Sim";3;0;1;0;1;1;1;3;-22,74050316;-43,70611402;"SPRF-RJ";"DEL01-RJ";"UOP03-DEL01-RJ"