"id";"data_inversa";"dia_semana";"horario";"uf";"br";"km";"municipio";"causa_acidente";"tipo_acidente";"classificacao_acidente";"fase_dia";"sentido_via";"condicao_metereologica";"tipo_pista";"tracado_via";"uso_solo";"pessoas";"mortos";"feridos_leves";"feridos_graves";"ilesos";"ignorados";"feridos";"veiculos";"latitude";"longitude";"regional";"delegacia";"uop"
182341;2019-01-01;"terça-feira";"17:00:00";"RN";405;82,4;"APODI";"Não guardar distância de segurança";"Colisão traseira";"Com Vítimas Fatais";"Anoitecer";"Decrescente";"Céu Claro";"Simples";"Reta";"Não";3;2;0;0;1;0;0;2;-5,698528;-37,800308;"SPRF-RN";"DEL04-RN";"UOP02-DEL04-RN"
182342;2019-01-01;"terça-feira";"15:45:00";"RO";364;19;"VILHENA";"Falta de Atenção à Condução";"Colisão transversal";"Com Vítimas Feridas";"Pleno dia";"Crescente";"Chuva";"Simples";"Reta";"Não";8;0;1;0;7;0;1;2;-12,727398;-60,183716;"SPRF-RO";"DEL04-RO";"UOP01-DEL04-RO"
182343;2019-01-01;"terça-feira";"17:55:00";"SC";282;6;"SAO JOSE";"Velocidade Incompatível";"Tombamento";"Com Vítimas Feridas";"Pleno dia";"Crescente";"Sol";"Múltipla";"Curva";"Sim";2;0;2;0;0;0;2;1;-27,591936;-48,618244;"SPRF-SC";"DEL01-SC";"UOP01-DEL01-SC"
182344;2019-01-01;"terça-feira";"17:30:00";"SP";116;432;"REGISTRO";"Falta de Atenção à Condução";"Tombamento";"Com Vítimas Feridas";"Pleno dia";"Crescente";"Céu Claro";"Dupla";"Reta";"Não";2;0;2;0;0;0;2;1;-24,4111631;-47,75248289;"SPRF-SP";"DEL05-SP";"UOP01-DEL05-SP"
182345;2019-01-01;"terça-feira";"17:30:00";"SC";101;221,8;"PALHOCA";"Falta de Atenção à Condução";"Colisão traseira";"Com Vítimas Feridas";"Pleno dia";"Decrescente";"Céu Claro";"Dupla";"Reta";"Não";4;0;1;0;3;0;1;3;-27,7096;-48,6544;"SPRF-SC";"DEL01-SC";"UOP02-DEL01-SC"
182346;2019-01-01;"terça-feira";"16:35:00";"MG";381;728,1;"CARMO DA CACHOEIRA";"Pista Escorregadia";"Saída de leito carroçável";"Com Vítimas Feridas";"Pleno dia";"Crescente";"Chuva";"Dupla";"Curva";"Não";2;0;1;0;1;0;1;1;-21,4957;-45,2105;"SPRF-MG";"DEL04-MG";"UOP02-DEL04-MG"
182347;2019-01-01;"terça-feira";"17:10:00";"MT";364;375;"SANTO ANTONIO DO LEVERGER";"Condutor Dormindo";"Saída de leito carroçável";"Com Vítimas Feridas";"Anoitecer";"Crescente";"Chuva";"Dupla";"Reta";"Não";5;0;4;0;1;0;4;1;-15,704568;-55,719036;"SPRF-MT";"DEL02-MT";"UOP02-DEL01-MT"
182349;2019-01-01;"terça-feira";"17:03:00";"CE";222;11;"CAUCAIA";"Falta de Atenção à Condução";"Colisão com objeto estático";"Com Vítimas Feridas";"Pleno dia";"Crescente";"Céu Claro";"Dupla";"Reta";"Sim";1;0;1;0;0;0;1;1;-3,765979;-38,66222;"SPRF-CE";"DEL01-CE";"UOP01-DEL01-CE"
182350;2019-01-01;"terça-feira";"18:30:00";"ES";101;299,2;"VIANA";"Desobediência às normas de trânsito pelo condutor";"Colisão transversal";"Sem Vítimas";"Anoitecer";"Decrescente";"Céu Claro";"Dupla";"Reta;Interseção de Vias";"Sim";3;0;0;0;3;0;0;2;-20,35788487;-40,42651176;"SPRF-ES";"DEL01-ES";"UOP01-DEL01-ES"
182351;2019-01-01;"terça-feira";"18:10:00";"ES";262;168;"IBATIBA";"Falta de Atenção à Condução";"Queda de ocupante de veículo";"Com Vítimas Feridas";"Anoitecer";"Crescente";"Céu Claro";"Simples";"Reta";"Não";1;0;0;1;0;0;1;1;-20,265;-41,5732;"SPRF-ES";"DEL01-ES";"UOP02-DEL01-ES"
182352;2019-01-01;"terça-feira";"17:50:00";"RJ";116;181;"NOVA IGUACU";"Não guardar distância de segurança";"Engavetamento";"Com Vítimas Feridas";"Pleno dia";"Crescente";"Céu Claro";"Dupla";"Reta";"Sim";10;0;2;0;8;0;2;3;-22,761312;-43,423492;"SPRF-RJ";"DEL01-RJ";"UOP02-DEL01-RJ"
182353;2019-01-01;"terça-feira";"18:00:00";"RJ";101;412;"ITAGUAI";"Falta de Atenção do Pedestre";"Tombamento";"Com Vítimas Feridas";"Pleno dia";"Decrescente";"Sol";"Dupla";"Reta";"Não";2;0;2;0;0;0;2;1;-22,897207;-43,8564;"SPRF-RJ";"DEL03-RJ";"UOP01-DEL03-RJ"
182354;2019-01-01;"terça-feira";"16:30:00";"TO";153;235;"COLINAS DO TOCANTINS";"Pista Escorregadia";"Saída de leito carroçável";"Com Vítimas Feridas";"Pleno dia";"Decrescente";"Chuva";"Simples";"Reta";"Não";4;0;4;0;0;0;4;1;-7,94983;-48,464302;"SPRF-TO";"DEL02-TO";"UOP01-DEL02-TO"
182355;2019-01-01;"terça-feira";"19:00:00";"RS";290;96;"PORTO ALEGRE";"Ingestão de Álcool";"Queda de ocupante de veículo";"Com Vítimas Feridas";"Pleno dia";"Decrescente";"Céu Claro";"Dupla";"Reta";"Sim";1;0;1;0;0;0;1;1;-29,992107;-51,204525;"SPRF-RS";"DEL01-RS";"UOP01-DEL01-RS"
182356;2019-01-01;"terça-feira";"18:50:00";"PR";277;654;"MATELANDIA";"Ingestão de Substâncias Psicoativas";"Colisão traseira";"Sem Vítimas";"Pleno dia";"Crescente";"Céu Claro";"Simples";"Aclive";"Não";5;0;0;0;5;0;0;2;-25,222408;-53,951351;"SPRF-PR";"DEL05-PR";"UOP02-DEL05-PR"
182357;2019-01-01;"terça-feira";"18:30:00";"DF";20;12;"BRASILIA";"Falta de Atenção à Condução";"Colisão traseira";"Sem Vítimas";"Anoitecer";"Crescente";"Céu Claro";"Dupla";"Reta";"Sim";2;0;0;0;2;0;0;2;-15,642812;-47,757786;"SPRF-DF";"DEL02-DF";"UOP01-DEL02-DF"
182358;2019-01-01;"terça-feira";"17:00:00";"RJ";40;74;"PETROPOLIS";"Velocidade Incompatível";"Saída de leito carroçável";"Com Vítimas Feridas";"Pleno dia";"Decrescente";"Nublado";"Simples";"Declive;Curva";"Não";1;0;1;0;0;0;1;1;-22,48283251;-43,21585497;"SPRF-RJ";"DEL06-RJ";"UOP01-DEL06-RJ"
182359;2019-01-01;"terça-feira";"18:35:00";"PR";376;641,3;"TIJUCAS DO SUL";"Não guardar distância de segurança";"Engavetamento";"Com Vítimas Feridas";"Pleno dia";"Decrescente";"Céu Claro";"Dupla";"Reta;Declive";"Não";6;0;0;1;5;0;1;6;-25,797716;-49,1309;"SPRF-PR";"DEL01-PR";"DEL7/1-UOP08/PR"
182360;2019-01-01;"terça-feira";"18:45:00";"SC";101;182,6;"BIGUACU";"Falta de Atenção à Condução";"Colisão traseira";"Com Vítimas Feridas";"Anoitecer";"Decrescente";"Céu Claro";"Dupla";"Reta";"Não";3;0;1;0;2;0;1;2;-27,4071;-48,6284;"SPRF-SC";"DEL01-SC";"UOP01-DEL01-SC"
182363;2019-01-01;"terça-feira";"19:10:00";"RS";290;25;"SANTO ANTONIO DA PATRULHA";"Não guardar distância de segurança";"Colisão lateral";"Com Vítimas Feridas";"Pleno dia";"Crescente";"Céu Claro";"Dupla";"Rotatória";"Não";3;0;1;0;2;0;1;2;-29,87989028;-50,51172495;"SPRF-RS";"DEL03-RS";"UOP02-DEL03-RS"
182364;2019-01-01;"terça-feira";"14:52:00";"RJ";40;87;"PETROPOLIS";"Falta de Atenção à Condução";"Queda de ocupante de veículo";"Com Vítimas Feridas";"Pleno dia";"Decrescente";"Chuva";"Simples";"Curva";"Não";1;0;1;0;0;0;1;1;-22,5577;-43,2279;"SPRF-RJ";"DEL06-RJ";"UOP01-DEL06-RJ"
182366;2019-01-01;"terça-feira";"19:00:00";"SP";116;78,6;"ROSEIRA";"Falta de Atenção à Condução";"Colisão traseira";"Com Vítimas Feridas";"Pleno dia";"Crescente";"Chuva";"Dupla";"Reta";"Sim";3;0;1;0;2;0;1;3;-22,888971;-45,286961;"SPRF-SP";"DEL06-SP";"UOP01-DEL06-SP"
182367;2019-01-01;"terça-feira";"18:40:00";"MG";40;718;"BARBACENA";"Velocidade Incompatível";"Saída de leito carroçável";"Com Vítimas Feridas";"Pleno dia";"Decrescente";"Chuva";"Dupla";"Curva";"Não";2;0;1;0;1;0;1;1;-21,2916;-43,6372;"SPRF-MG";"DEL05-MG";"UOP01-DEL05-MG"
182368;2019-01-01;"terça-feira";"18:00:00";"RJ";116;279;"BARRA MANSA";"Pista Escorregadia";"Colisão com objeto estático";"Com Vítimas Feridas";"Pleno dia";"Decrescente";"Chuva";"Dupla";"Aclive;Reta";"Não";1;0;1;0;0;0;1;1;-22,547443;-44,183659;"SPRF-RJ";"DEL07-RJ";"UOP02-DEL07-RJ"
182370;2019-01-01;"terça-feira";"18:30:00";"CE";20;353,1;"CARIDADE";"Ultrapassagem Indevida";"Colisão transversal";"Com Vítimas Fatais";"Plena Noite";"Crescente";"Céu Claro";"Simples";"Reta";"Não";4;1;0;1;2;0;1;3;-4,094943;-39,055965;"SPRF-CE";"DEL02-CE";"UOP01-DEL02-CE"
182371;2019-01-01;"terça-feira";"16:30:00";"MG";50;38;"ARAGUARI";"Falta de Atenção à Condução";"Saída de leito carroçável";"Com Vítimas Feridas";"Pleno dia";"Decrescente";"Céu Claro";"Dupla";"Reta";"Sim";2;0;2;0;0;0;2;1;-18,6669;-48,1741;"SPRF-MG";"DEL15-MG";"UOP02-DEL15-MG"
182372;2019-01-01;"terça-feira";"15:45:00";"SC";101;92;"BARRA VELHA";"Falta de Atenção à Condução";"Colisão traseira";"Sem Vítimas";"Pleno dia";"Decrescente";"Sol";"Múltipla";"Reta";"Não";1;0;0;0;1;0;0;1;-26,6954;-48,6985;"SPRF-SC";"DEL03-SC";"UOP02-DEL03-SC"
182373;2019-01-01;"terça-feira";"17:15:00";"PR";153;20;"JACAREZINHO";"Falta de Atenção à Condução";"Colisão com objeto estático";"Com Vítimas Feridas";"Pleno dia";"Decrescente";"Céu Claro";"Simples";"Curva";"Não";1;0;0;1;0;0;1;1;-23,158165;-49,959606;"SPRF-PR";"DEL07-PR";"UOP04-DEL07-PR"
182374;2019-01-01;"terça-feira";"17:59:00";"RJ";40;85;"PETROPOLIS";"Falta de Atenção à Condução";"Capotamento";"Com Vítimas Feridas";"Pleno dia";"Crescente";"Chuva";"Simples";"Reta";"Não";3;0;1;0;2;0;1;1;-22,559;-43,2263;"SPRF-RJ";"DEL06-RJ";"UOP01-DEL06-RJ"
182375;2019-01-01;"terça-feira";"18:20:00";"SP";116;23,4;"LAVRINHAS";"Avarias e/ou desgaste excessivo no pneu";"Saída de leito carroçável";"Com Vítimas Feridas";"Pleno dia";"Decrescente";"Chuva";"Dupla";"Declive;Curva";"Não";4;0;4;0;0;0;4;1;-22,589794;-44,885368;"SPRF-SP";"DEL08-SP";"UOP02-DEL08-SP"
182376;2019-01-01;"terça-feira";"18:00:00";"PR";467;96,5;"CASCAVEL";"Falta de Atenção à Condução";"Saída de leito carroçável";"Com Vítimas Feridas";"Pleno dia";"Crescente";"Céu Claro";"Dupla";"Reta";"Não";2;0;2;0;0;0;2;1;-24,8743;-53,5637;"SPRF-PR";"DEL04-PR";"UOP01-DEL04-PR"
182377;2019-01-01;"terça-feira";"18:20:00";"RS";290;64;"GRAVATAI";"Não guardar distância de segurança";"Colisão lateral";"Com Vítimas Feridas";"Pleno dia";"Crescente";"Céu Claro";"Múltipla";"Reta";"Não";2;0;1;0;1;0;1;2;-29,940449;-50,895531;"SPRF-RS";"DEL03-RS";"UOP02-DEL03-RS"
182378;2019-01-01;"terça-feira";"17:00:00";"RJ";356;7;"ITAPERUNA";"Mal Súbito";"Colisão frontal";"Com Vítimas Feridas";"Pleno dia";"Crescente";"Céu Claro";"Simples";"Curva";"Não";6;0;5;0;1;0;5;3;-21,173063;-42,106487;"SPRF-RJ";"DEL08-RJ";"UOP03-DEL08-RJ"
182379;2019-01-01;"terça-feira";"17:30:00";"MG";381;399;"BOM JESUS DO AMPARO";"Não guardar distância de segurança";"Colisão traseira";"Com Vítimas Feridas";"Pleno dia";"Crescente";"Céu Claro";"Simples";"Reta";"Não";3;0;0;1;2;0;1;2;-19,7369762;-43,51066589;"SPRF-MG";"DEL01-MG";"UOP01-DEL01-MG"
182380;2019-01-01;"terça-feira";"20:00:00";"SC";101;223;"PALHOCA";"Defeito Mecânico no Veículo";"Queda de ocupante de veículo";"Com Vítimas Feridas";"Anoitecer";"Decrescente";"Céu Claro";"Dupla";"Reta";"Não";1;0;1;0;0;0;1;1;-27,7248;-48,6435;"SPRF-SC";"DEL01-SC";"UOP02-DEL01-SC"
182382;2019-01-01;"terça-feira";"20:25:00";"PR";277;68;"SAO JOSE DOS PINHAIS";"Falta de Atenção à Condução";"Colisão traseira";"Com Vítimas Feridas";"Plena Noite";"Crescente";"Nublado";"Dupla";"Reta";"Sim";5;0;2;0;1;2;2;3;-25,52453346;-49,09893773;"SPRF-PR";"DEL01-PR";"UOP07-DEL01-PR"
182383;2019-01-01;"terça-feira";"19:30:00";"PR";376;588,7;"CURITIBA";"Falta de Atenção à Condução";"Queda de ocupante de veículo";"Com Vítimas Feridas";"Pleno dia";"Decrescente";"Céu Claro";"Dupla";"Reta";"Sim";3;0;2;1;0;0;3;2;-25,4550016;-49,2445696;"SPRF-PR";"DEL01-PR";"UOP06-DEL01-PR"
182384;2019-01-01;"terça-feira";"18:25:00";"SC";101;74,3;"ARAQUARI";"Velocidade Incompatível";"Colisão traseira";"Com Vítimas Feridas";"Pleno dia";"Decrescente";"Céu Claro";"Dupla";"Curva";"Não";5;0;2;0;3;0;2;4;-26,5536;-48,7188;"SPRF-SC";"DEL03-SC";"UOP02-DEL03-SC"
182385;2019-01-01;"terça-feira";"18:05:00";"RO";364;15,9;"VILHENA";"Ingestão de Álcool";"Colisão transversal";"Com Vítimas Feridas";"Anoitecer";"Decrescente";"Chuva";"Dupla";"Reta";"Sim";9;0;3;0;6;0;3;2;-12,736713;-60,148098;"SPRF-RO";"DEL04-RO";"UOP01-DEL04-RO"
182386;2019-01-01;"terça-feira";"19:10:00";"PE";101;54,3;"PAULISTA";"Falta de Atenção à Condução";"Capotamento";"Com Vítimas Fatais";"Plena Noite";"Crescente";"Nublado";"Dupla";"Reta";"Não";5;5;0;0;0;0;0;1;-7,9487;-34,907;"SPRF-PE";"DEL01-PE";"UOP02-DEL01-PE"
182387;2019-01-01;"terça-feira";"20:35:00";"PR";277;348,8;"GUARAPUAVA";"Falta de Atenção à Condução";"Colisão transversal";"Com Vítimas Feridas";"Plena Noite";"Crescente";"Céu Claro";"Simples";"Declive;Reta";"Sim";3;0;1;0;2;0;1;2;-25,385126;-51,513696;"SPRF-PR";"DEL03-PR";"UOP01-DEL08-PR"
182389;2019-01-01;"terça-feira";"20:20:00";"PR";163;154,5;"SANTA LUCIA";"Velocidade Incompatível";"Saída de leito carroçável";"Sem Vítimas";"Anoitecer";"Decrescente";"Céu Claro";"Simples";"Curva";"Não";1;0;0;0;0;1;0;1;-25,3867;-53,5769;"SPRF-PR";"DEL04-PR";"UOP05-DEL05-PR"
182390;2019-01-01;"terça-feira";"19:15:00";"BA";110;76,5;"JEREMOABO";"Ingestão de Álcool";"Colisão frontal";"Com Vítimas Fatais";"Plena Noite";"Decrescente";"Céu Claro";"Simples";"Curva";"Sim";2;1;0;0;1;0;0;2;-10,0749;-38,3419;"SPRF-BA";"DEL07-BA";"UOP01-DEL07-BA"
182391;2019-01-01;"terça-feira";"21:10:00";"DF";251;40;"BRASILIA";"Falta de Atenção à Condução";"Colisão frontal";"Com Vítimas Feridas";"Plena Noite";"Crescente";"Céu Claro";"Simples";"Reta";"Não";5;0;1;0;4;0;1;2;-15,935152;-47,812679;"SPRF-DF";"DEL01-DF";"UOP01-DEL01-DF"
182392;2019-01-01;"terça-feira";"17:20:00";"SC";101;98,3;"BALNEARIO PICARRAS";"Não guardar distância de segurança";"Engavetamento";"Com Vítimas Feridas";"Pleno dia";"Decrescente";"Céu Claro";"Dupla";"Reta";"Não";5;0;1;0;4;0;1;4;-26,7493;-48,6944;"SPRF-SC";"DEL03-SC";"UOP02-DEL03-SC"
182393;2019-01-01;"terça-feira";"19:50:00";"SP";116;285;"ITAPECERICA DA SERRA";"Falta de Atenção à Condução";"Colisão traseira";"Sem Vítimas";"Pleno dia";"Decrescente";"Céu Claro";"Dupla";"Reta";"Sim";2;0;0;0;2;0;0;2;-23,6893045;-46,8619652;"SPRF-SP";"DEL04-SP";"UOP01-DEL04-SP"
182394;2019-01-01;"terça-feira";"20:20:00";"AL";101;27,2;"JOAQUIM GOMES";"Falta de Atenção à Condução";"Colisão frontal";"Com Vítimas Feridas";"Plena Noite";"Crescente";"Nublado";"Simples";"Reta";"Não";3;0;0;2;0;1;2;2;-9,063969;-35,733425;"SPRF-AL";"DEL01-AL";"UOP01-DEL01-AL"
182395;2019-01-01;"terça-feira";"21:40:00";"MG";262;448,9;"NOVA SERRANA";"Animais na Pista";"Atropelamento de Animal";"Com Vítimas Feridas";"Plena Noite";"Crescente";"Nublado";"Simples";"Aclive;Reta";"Não";3;0;2;0;1;0;2;1;-19,863728;-44,997971;"SPRF-MG";"DEL08-MG";"UOP03-DEL08-MG"
182397;2019-01-01;"terça-feira";"20:20:00";"MA";135;22;"SAO LUIS";"Falta de Atenção à Condução";"Atropelamento de Pedestre";"Com Vítimas Feridas";"Plena Noite";"Decrescente";"Céu Claro";"Dupla";"Reta";"Não";3;0;1;1;0;1;2;2;-2,746056;-44,342411;"SPRF-MA";"DEL01-MA";"UOP01-DEL01-MA"
182398;2019-01-01;"terça-feira";"22:10:00";"SC";101;208,1;"SAO JOSE";"Objeto estático sobre o leito carroçável";"Tombamento";"Com Vítimas Feridas";"Plena Noite";"Decrescente";"Céu Claro";"Dupla";"Declive";"Sim";2;0;1;0;1;0;1;1;-27,6101;-48,6388;"SPRF-SC";"DEL01-SC";"UOP01-DEL01-SC"
182399;2019-01-01;"terça-feira";"21:55:00";"MG";50;64,5;"UBERLANDIA";"Animais na Pista";"Saída de leito carroçável";"Com Vítimas Feridas";"Plena Noite";"Crescente";"Nublado";"Dupla";"Reta";"Não";2;0;2;0;0;0;2;1;-18,8551;-48,2537;"SPRF-MG";"DEL15-MG";"UOP02-DEL15-MG"
182400;2019-01-01;"terça-feira";"22:00:00";"MG";365;162,5;"PIRAPORA";"Animais na Pista";"Atropelamento de Animal";"Com Vítimas Feridas";"Plena Noite";"Crescente";"Nublado";"Simples";"Reta";"Sim";4;0;2;0;2;0;2;1;-17,366352;-44,937569;"SPRF-MG";"DEL12-MG";"UOP01-DEL12-MG"
182401;2019-01-01;"terça-feira";"22:35:00";"PR";376;500;"PONTA GROSSA";"Avarias e/ou desgaste excessivo no pneu";"Queda de ocupante de veículo";"Com Vítimas Feridas";"Plena Noite";"Crescente";"Céu Claro";"Dupla";"Reta";"Não";2;0;2;0;0;0;2;1;-25,15820284;-50,12774728;"SPRF-PR";"DEL03-PR";"UOP04-DEL03-PR"
182402;2019-01-01;"terça-feira";"21:20:00";"PE";428;181,3;"PETROLINA";"Velocidade Incompatível";"Colisão traseira";"Com Vítimas Fatais";"Plena Noite";"Crescente";"Céu Claro";"Simples";"Reta";"Não";4;1;2;0;1;0;2;2;-9,32102294;-40,46052217;"SPRF-PE";"DEL06-PE";"UOP01-DEL06-PE"
182403;2019-01-01;"terça-feira";"19:30:00";"BA";101;206;"GOVERNADOR MANGABEIRA";"Falta de Atenção à Condução";"Engavetamento";"Com Vítimas Feridas";"Plena Noite";"Decrescente";"Céu Claro";"Simples";"Reta;Aclive";"Não";5;0;2;0;3;0;2;3;-12,6016;-39,0189;"SPRF-BA";"DEL01-BA";"UOP03-DEL01-BA"
182404;2019-01-01;"terça-feira";"21:23:00";"MG";153;106;"PRATA";"Ingestão de Álcool";"Saída de leito carroçável";"Com Vítimas Feridas";"Plena Noite";"Crescente";"Céu Claro";"Simples";"Reta";"Não";3;0;1;0;1;1;1;1;-19,28910945;-48,91147614;"SPRF-MG";"DEL15-MG";"UOP03-DEL15-MG"
182405;2019-01-01;"terça-feira";"21:50:00";"MG";262;366;"JUATUBA";"Falta de Atenção à Condução";"Queda de ocupante de veículo";"Com Vítimas Feridas";"Plena Noite";"Crescente";"Nublado";"Dupla";"Reta";"Sim";1;0;1;0;0;0;1;1;-19,9692;-44,3321;"SPRF-MG";"DEL01-MG";"UOP03-DEL01-MG"
182406;2019-01-01;"terça-feira";"22:30:00";"PR";277;434,6;"VIRMOND";"Velocidade Incompatível";"Saída de leito carroçável";"Com Vítimas Feridas";"Plena Noite";"Crescente";"Nublado";"Simples";"Curva";"Não";5;0;2;2;1;0;4;1;-25,37256835;-52,31758118;"SPRF-PR";"DEL04-PR";"UOP02-DEL04-PR"
182407;2019-01-01;"terça-feira";"20:00:00";"RJ";40;42;"AREAL";"Não guardar distância de segurança";"Colisão traseira";"Com Vítimas Feridas";"Plena Noite";"Decrescente";"Céu Claro";"Dupla";"Reta";"Não";6;0;1;0;2;3;1;3;-22,2666;-43,1093;"SPRF-RJ";"DEL06-RJ";"UOP02-DEL05-RJ"
182408;2019-01-01;"terça-feira";"20:10:00";"GO";414;414,8;"ABADIANIA";"Ingestão de Álcool";"Tombamento";"Com Vítimas Feridas";"Plena Noite";"Crescente";"Ignorado";"Simples";"Declive;Reta";"Não";4;0;2;0;2;0;2;1;-16,096623;-48,854416;"SPRF-GO";"DEL02-GO";"UOP01-DEL02-GO"
182411;2019-01-01;"terça-feira";"21:00:00";"RS";290;304,3;"CACAPAVA DO SUL";"Desobediência às normas de trânsito pelo condutor";"Colisão transversal";"Sem Vítimas";"Plena Noite";"Crescente";"Céu Claro";"Simples";"Curva";"Não";2;0;0;0;1;1;0;2;-30,325588;-53,248913;"SPRF-RS";"DEL09-RS";"UOP02-DEL09-RS"
182413;2019-01-01;"terça-feira";"22:40:00";"RS";101;84,7;"OSORIO";"Ingestão de Álcool";"Capotamento";"Com Vítimas Feridas";"Plena Noite";"Decrescente";"Céu Claro";"Múltipla";"Retorno Regulamentado";"Sim";2;0;0;1;1;0;1;1;-29,85929204;-50,24833202;"SPRF-RS";"DEL03-RS";"UOP01-DEL03-RS"
182414;2019-01-01;"terça-feira";"21:45:00";"CE";116;312;"JAGUARIBE";"Defeito na Via";"Tombamento";"Com Vítimas Feridas";"Plena Noite";"Crescente";"Céu Claro";"Simples";"Reta";"Não";1;0;1;0;0;0;1;1;-5,92584769;-38,62931773;"SPRF-CE";"DEL05-CE";"UOP02-DEL05-CE"
182415;2019-01-01;"terça-feira";"22:25:00";"RS";101;51;"TERRA DE AREIA";"Falta de Atenção à Condução";"Saída de leito carroçável";"Com Vítimas Feridas";"Plena Noite";"Crescente";"Céu Claro";"Dupla";"Reta";"Sim";4;0;4;0;0;0;4;1;-29,615007;-50,091541;"SPRF-RS";"DEL03-RS";"DEL9/3-UOP03/RS"
182416;2019-01-01;"terça-feira";"23:00:00";"RJ";116;24,2;"SAPUCAIA";"Velocidade Incompatível";"Colisão frontal";"Com Vítimas Fatais";"Plena Noite";"Crescente";"Nublado";"Simples";"Curva";"Não";3;1;0;0;2;0;0;2;-22,030649;-42,777142;"SPRF-RJ";"DEL04-RJ";"UOP01-DEL04-RJ"
182418;2019-01-01;"terça-feira";"21:30:00";"RS";285;122,8;"VACARIA";"Desobediência às normas de trânsito pelo condutor";"Colisão transversal";"Sem Vítimas";"Plena Noite";"Decrescente";"Céu Claro";"Simples";"Reta";"Sim";3;0;0;0;1;2;0;3;-28,50090432;-50,95029831;"SPRF-RS";"DEL05-RS";"UOP03-DEL05-RS"
182419;2019-01-01;"terça-feira";"22:20:00";"PE";101;73;"RECIFE";"Pista Escorregadia";"Colisão frontal";"Com Vítimas Feridas";"Plena Noite";"Crescente";"Nublado";"Simples";"Curva";"Sim";2;0;1;0;1;0;1;2;-8,1027;-34,9483;"SPRF-PE";"DEL01-PE";"UOP01-DEL01-PE"
182420;2019-01-01;"terça-feira";"21:30:00";"PI";316;5;"TERESINA";"Falta de Atenção à Condução";"Colisão com objeto estático";"Com Vítimas Feridas";"Plena Noite";"Decrescente";"Céu Claro";"Múltipla";"Reta";"Não";1;0;1;0;0;0;1;1;-5,141744;-42,781494;"SPRF-PI";"DEL01-PI";"UOP02-DEL01-PI"
182421;2019-01-01;"terça-feira";"23:30:00";"MS";163;9,3;"MUNDO NOVO";"Animais na Pista";"Atropelamento de Animal";"Sem Vítimas";"Plena Noite";"Decrescente";"Céu Claro";"Simples";"Reta";"Não";2;0;0;0;2;0;0;1;-23,98653243;-54,33132118;"SPRF-MS";"DEL09-MS";"UOP02-DEL09-MS"
182422;2019-01-01;"terça-feira";"22:30:00";"RJ";116;302,6;"RESENDE";"Falta de Atenção do Pedestre";"Atropelamento de Pedestre";"Com Vítimas Feridas";"Plena Noite";"Crescente";"Céu Claro";"Simples";"Reta";"Não";2;0;0;1;0;1;1;2;-22,450125;-44,330193;"SPRF-RJ";"DEL07-RJ";"DEL5/7-UOP03/RJ"
182424;2019-01-01;"terça-feira";"21:30:00";"MA";135;7;"SAO LUIS";"Falta de Atenção à Condução";"Atropelamento de Pedestre";"Com Vítimas Fatais";"Plena Noite";"Crescente";"Céu Claro";"Dupla";"Declive";"Não";2;1;0;0;0;1;0;2;-2,636088;-44,268486;"SPRF-MA";"DEL01-MA";"UOP01-DEL01-MA"
182426;2019-01-02;"quarta-feira";"01:00:00";"PR";476;125,5;"CURITIBA";"Falta de Atenção à Condução";"Colisão com objeto estático";"Com Vítimas Feridas";"Plena Noite";"Decrescente";"Nublado";"Dupla";"Em Obras;Reta";"Sim";1;0;1;0;0;0;1;1;-25,4083;-49,219658;"SPRF-PR";"DEL01-PR";"UOP07-DEL01-PR"
182427;2019-01-01;"terça-feira";"21:30:00";"SC";470;172;"POUSO REDONDO";"Ingestão de álcool e/ou substâncias psicoativas pelo pedestre";"Tombamento";"Com Vítimas Feridas";"Plena Noite";"Decrescente";"Céu Claro";"Simples";"Interseção de Vias";"Sim";1;0;1;0;0;0;1;1;-27,25835102;-49,91402887;"SPRF-SC";"DEL04-SC";"UOP02-DEL04-SC"
182428;2019-01-01;"terça-feira";"21:45:00";"SC";470;167,8;"POUSO REDONDO";"Agressão Externa";"Saída de leito carroçável";"Com Vítimas Feridas";"Plena Noite";"Decrescente";"Céu Claro";"Múltipla";"Aclive;Reta";"Não";2;0;2;0;0;0;2;1;-27,269835;-49,863087;"SPRF-SC";"DEL04-SC";"UOP02-DEL04-SC"
182429;2019-01-02;"quarta-feira";"00:10:00";"AP";210;1,8;"MACAPA";"Ingestão de Álcool";"Atropelamento de Pedestre";"Com Vítimas Feridas";"Plena Noite";"Crescente";"Nublado";"Múltipla";"Reta";"Sim";5;0;0;2;2;1;2;3;0,08153943;-51,07626696;"SPRF-AP";"DEL01-AP";"UOP01-DEL01-AP"
182430;2019-01-01;"terça-feira";"22:30:00";"ES";101;329;"GUARAPARI";"Ingestão de Álcool";"Colisão lateral";"Com Vítimas Feridas";"Plena Noite";"Crescente";"Céu Claro";"Simples";"Reta";"Não";4;0;3;0;0;1;3;3;-20,5869262;-40,4977124;"SPRF-ES";"DEL03-ES";"UOP01-DEL03-ES"
182431;2019-01-02;"quarta-feira";"01:15:00";"PR";277;178,6;"PALMEIRA";"Falta de Atenção à Condução";"Saída de leito carroçável";"Com Vítimas Feridas";"Plena Noite";"Decrescente";"Nublado";"Simples";"Reta";"Não";3;0;2;0;1;0;2;1;-25,42076669;-50,08430958;"SPRF-PR";"DEL03-PR";"UOP02-DEL08-PR"
182432;2019-01-02;"quarta-feira";"01:10:00";"BA";116;8,1;"VITORIA DA CONQUISTA";"Animais na Pista";"Atropelamento de Animal";"Com Vítimas Feridas";"Plena Noite";"Decrescente";"Céu Claro";"Simples";"Reta";"Sim";1;0;1;0;0;0;1;1;-14,85337941;-40,88111401;"SPRF-BA";"DEL08-BA";"UOP01-DEL08-BA"