"id";"data_inversa";"dia_semana";"horario";"uf";"br";"km";"municipio";"causa_acidente";"tipo_acidente";"classificacao_acidente";"fase_dia";"sentido_via";"condicao_metereologica";"tipo_pista";"tracado_via";"uso_solo";"pessoas";"mortos";"feridos_leves";"feridos_graves";"ilesos";"ignorados";"feridos";"veiculos";"latitude";"longitude";"regional";"delegacia";"uop"
182680;2019-01-03;"quinta-feira";"09:00:00";"BA";324;549;"AMELIA RODRIGUES";"Falta de Atenção à Condução";"Queda de ocupante de veículo";"Com Vítimas Feridas";"Pleno dia";"Crescente";"Céu Claro";"Simples";"Reta";"Não";2;0;2;0;0;0;2;1;-12,34980345;-38,83771703;"SPRF-BA";"DEL01-BA";"UOP01-DEL01-BA"
182681;2019-01-03;"quinta-feira";"10:30:00";"BA";324;526;"FEIRA DE SANTANA";"Defeito Mecânico no Veículo";"Colisão lateral";"Com Vítimas Feridas";"Pleno dia";"Decrescente";"Céu Claro";"Dupla";"Reta";"Não";2;0;1;0;1;0;1;2;-12,33513495;-38,8523933;"SPRF-BA";"DEL01-BA";"UOP01-DEL01-BA"
182682;2019-01-03;"quinta-feira";"10:20:00";"RN";304;47,1;"MOSSORO";"Falta de Atenção à Condução";"Colisão lateral";"Com Vítimas Feridas";"Pleno dia";"Crescente";"Céu Claro";"Dupla";"Reta";"Não";5;0;1;0;4;0;1;2;-5,22610353;-37,32986927;"SPRF-RN";"DEL04-RN";"UOP01-DEL04-RN"
182683;2019-01-03;"quinta-feira";"11:30:00";"SC";101;234;"PALHOCA";"Não guardar distância de segurança";"Colisão traseira";"Com Vítimas Feridas";"Pleno dia";"Decrescente";"Céu Claro";"Dupla";"Aclive";"Não";4;0;1;0;3;0;1;3;-27,8181;-48,6313;"SPRF-SC";"DEL01-SC";"UOP02-DEL01-SC"
182690;2019-01-03;"quinta-feira";"12:10:00";"SC";282;341;"CAMPOS NOVOS";"Falta de Atenção à Condução";"Colisão traseira";"Com Vítimas Feridas";"Pleno dia";"Crescente";"Céu Claro";"Simples";"Reta";"Sim";6;0;1;1;4;0;2;3;-27,389957;-51,213387;"SPRF-SC";"DEL07-SC";"UOP06-DEL07-SC"
182692;2019-01-03;"quinta-feira";"12:20:00";"SC";101;114;"ITAJAI";"Falta de Atenção à Condução";"Colisão lateral";"Com Vítimas Feridas";"Pleno dia";"Decrescente";"Sol";"Dupla";"Reta";"Não";2;0;0;1;1;0;1;2;-26,8708;-48,7293;"SPRF-SC";"DEL04-SC";"UOP04-DEL04-SC"
182693;2019-01-03;"quinta-feira";"12:25:00";"RJ";116;283,1;"BARRA MANSA";"Avarias e/ou desgaste excessivo no pneu";"Queda de ocupante de veículo";"Com Vítimas Feridas";"Pleno dia";"Decrescente";"Nublado";"Dupla";"Curva";"Não";1;0;1;0;0;0;1;1;-22,547443;-44,183659;"SPRF-RJ";"DEL07-RJ";"UOP02-DEL07-RJ"
182694;2019-01-03;"quinta-feira";"12:25:00";"PR";376;183,2;"SARANDI";"Falta de Atenção à Condução";"Tombamento";"Com Vítimas Feridas";"Pleno dia";"Decrescente";"Nublado";"Dupla";"Reta";"Sim";1;0;1;0;0;0;1;1;-23,43799765;-51,87682358;"SPRF-PR";"DEL07-PR";"UOP01-DEL09-PR"
182695;2019-01-03;"quinta-feira";"10:17:00";"BA";367;46,2;"PORTO SEGURO";"Avarias e/ou desgaste excessivo no pneu";"Tombamento";"Com Vítimas Feridas";"Pleno dia";"Crescente";"Céu Claro";"Simples";"Reta";"Não";2;0;2;0;0;0;2;1;-16,371447;-39,262077;"SPRF-BA";"DEL09-BA";"UOP01-DEL09-BA"
182697;2019-01-03;"quinta-feira";"11:45:00";"RS";116;218,9;"MORRO REUTER";"Velocidade Incompatível";"Colisão frontal";"Com Vítimas Feridas";"Pleno dia";"Crescente";"Chuva";"Simples";"Curva";"Não";4;0;4;0;0;0;4;2;-29,551224;-51,089081;"SPRF-RS";"DEL05-RS";"UOP02-DEL05-RS"
182698;2019-01-03;"quinta-feira";"13:00:00";"MG";40;618,2;"CONGONHAS";"Velocidade Incompatível";"Saída de leito carroçável";"Com Vítimas Feridas";"Pleno dia";"Decrescente";"Céu Claro";"Simples";"Interseção de Vias";"Não";2;0;2;0;0;0;2;1;-20,5689903;-43,81109568;"SPRF-MG";"DEL05-MG";"UOP02-DEL05-MG"
182700;2019-01-03;"quinta-feira";"13:20:00";"RS";116;142,8;"CAXIAS DO SUL";"Velocidade Incompatível";"Colisão com objeto estático";"Com Vítimas Feridas";"Pleno dia";"Crescente";"Chuva";"Dupla";"Curva";"Sim";2;0;1;0;1;0;1;1;-29,11727;-51,115208;"SPRF-RS";"DEL05-RS";"UOP01-DEL05-RS"
182702;2019-01-03;"quinta-feira";"11:11:00";"RO";429;4,3;"JI-PARANA";"Não guardar distância de segurança";"Colisão traseira";"Com Vítimas Feridas";"Pleno dia";"Decrescente";"Céu Claro";"Dupla";"Reta";"Sim";3;0;1;0;2;0;1;2;-10,8853468;-61,93548918;"SPRF-RO";"DEL02-RO";"UOP01-DEL02-RO"
182703;2019-01-03;"quinta-feira";"11:08:00";"BA";367;22,8;"PORTO SEGURO";"Desobediência às normas de trânsito pelo condutor";"Colisão transversal";"Com Vítimas Feridas";"Pleno dia";"Crescente";"Céu Claro";"Simples";"Reta;Interseção de Vias";"Sim";2;0;1;0;1;0;1;2;-16,441496;-39,065662;"SPRF-BA";"DEL09-BA";"UOP01-DEL09-BA"
182704;2019-01-03;"quinta-feira";"13:20:00";"SC";101;113;"ITAJAI";"Não guardar distância de segurança";"Engavetamento";"Com Vítimas Feridas";"Pleno dia";"Crescente";"Sol";"Dupla";"Reta";"Sim";4;0;1;0;3;0;1;3;-26,8622;-48,7286;"SPRF-SC";"DEL04-SC";"UOP04-DEL04-SC"
182707;2019-01-03;"quinta-feira";"13:40:00";"SC";101;220,9;"PALHOCA";"Não guardar distância de segurança";"Engavetamento";"Com Vítimas Feridas";"Pleno dia";"Decrescente";"Céu Claro";"Dupla";"Reta";"Sim";3;0;1;0;2;0;1;3;-27,7096;-48,6544;"SPRF-SC";"DEL01-SC";"UOP02-DEL01-SC"
183195;2019-01-03;"quinta-feira";"14:40:00";"RN";101;110;"PARNAMIRIM";"Falta de Atenção à Condução";"Colisão transversal";"Com Vítimas Feridas";"Pleno dia";"Crescente";"Sol";"Dupla";"Reta";"Sim";2;0;0;1;1;0;1;2;-5,946376;-35,264851;"SPRF-RN";"DEL01-RN";"UOP01-DEL01-RN"
183196;2019-01-03;"quinta-feira";"12:35:00";"SP";116;316,9;"SAO LOURENCO DA SERRA";"Ingestão de Substâncias Psicoativas";"Capotamento";"Com Vítimas Feridas";"Pleno dia";"Crescente";"Céu Claro";"Dupla";"Reta";"Sim";1;0;1;0;0;0;1;1;-23,917;-46,98945;"SPRF-SP";"DEL04-SP";"UOP03-DEL04-SP"
183197;2019-01-03;"quinta-feira";"15:10:00";"RJ";393;106;"SAPUCAIA";"Falta de Atenção à Condução";"Colisão traseira";"Com Vítimas Feridas";"Pleno dia";"Decrescente";"Céu Claro";"Simples";"Curva";"Sim";2;0;1;0;1;0;1;2;-21,874243;-42,66758;"SPRF-RJ";"DEL06-RJ";"UOP01-DEL05-RJ"
183198;2019-01-03;"quinta-feira";"13:30:00";"PR";163;302;"MERCEDES";"Falta de Atenção à Condução";"Colisão lateral";"Com Vítimas Feridas";"Plena Noite";"Crescente";"Céu Claro";"Simples";"Reta";"Não";4;0;2;0;2;0;2;2;-24,4604;-54,1557;"SPRF-PR";"DEL06-PR";"UOP02-DEL06-PR"
183200;2019-01-03;"quinta-feira";"14:00:00";"RJ";493;103;"SEROPEDICA";"Velocidade Incompatível";"Capotamento";"Com Vítimas Fatais";"Pleno dia";"Crescente";"Céu Claro";"Dupla";"Reta";"Não";4;1;2;0;1;0;2;1;-22,76536;-43,7379;"SPRF-RJ";"DEL03-RJ";"UOP01-DEL03-RJ"
183201;2019-01-03;"quinta-feira";"11:00:00";"BA";101;143;"TEODORO SAMPAIO";"Não guardar distância de segurança";"Colisão traseira";"Com Vítimas Feridas";"Pleno dia";"Crescente";"Sol";"Múltipla";"Aclive";"Não";13;0;6;2;5;0;8;3;-12,2596;-38,6505;"SPRF-BA";"DEL01-BA";"UOP03-DEL01-BA"
183203;2019-01-03;"quinta-feira";"15:00:00";"SP";381;8;"VARGEM";"Defeito Mecânico no Veículo";"Incêndio";"Sem Vítimas";"Pleno dia";"Decrescente";"Céu Claro";"Múltipla";"Reta";"Não";1;0;0;0;1;0;0;1;-22,913626;-46,4268;"SPRF-SP";"DEL03-SP";"UOP02-DEL03-SP"
183208;2019-01-03;"quinta-feira";"13:40:00";"RS";287;411,6;"SANTIAGO";"Pista Escorregadia";"Saída de leito carroçável";"Sem Vítimas";"Pleno dia";"Decrescente";"Chuva";"Simples";"Curva";"Não";1;0;0;0;1;0;0;1;-29,084358;-54,938404;"SPRF-RS";"DEL12-RS";"UOP02-DEL12-RS"
183210;2019-01-03;"quinta-feira";"15:30:00";"SC";101;127;"ITAJAI";"Falta de Atenção à Condução";"Colisão lateral";"Com Vítimas Feridas";"Pleno dia";"Crescente";"Sol";"Dupla";"Reta";"Não";3;0;2;0;1;0;2;2;-26,973;-48,6828;"SPRF-SC";"DEL04-SC";"UOP04-DEL04-SC"
183211;2019-01-03;"quinta-feira";"15:10:00";"DF";70;13;"BRASILIA";"Falta de Atenção à Condução";"Colisão traseira";"Com Vítimas Feridas";"Pleno dia";"Decrescente";"Céu Claro";"Dupla";"Reta";"Não";3;0;2;0;1;0;2;2;-15,794558;-48,166584;"SPRF-DF";"DEL01-DF";"UOP02-DEL03-DF"
183212;2019-01-03;"quinta-feira";"10:35:00";"RS";386;352,8;"ESTRELA";"Avarias e/ou desgaste excessivo no pneu";"Saída de leito carroçável";"Com Vítimas Feridas";"Pleno dia";"Decrescente";"Chuva";"Dupla";"Curva";"Sim";2;0;1;0;1;0;1;1;-29,491436;-51,95174;"SPRF-RS";"DEL04-RS";"UOP01-DEL04-RS"
183213;2019-01-03;"quinta-feira";"15:10:00";"PE";428;191,9;"PETROLINA";"Desobediência às normas de trânsito pelo condutor";"Colisão frontal";"Com Vítimas Feridas";"Pleno dia";"Crescente";"Céu Claro";"Simples";"Reta";"Sim";2;0;1;0;1;0;1;2;-9,372067;-40,486843;"SPRF-PE";"DEL06-PE";"UOP01-DEL06-PE"
183214;2019-01-03;"quinta-feira";"14:20:00";"MS";163;736,5;"COXIM";"Falta de Atenção à Condução";"Colisão traseira";"Com Vítimas Feridas";"Pleno dia";"Decrescente";"Céu Claro";"Simples";"Reta";"Não";8;0;1;0;5;2;1;3;-18,45299775;-54,70794439;"SPRF-MS";"DEL06-MS";"UOP01-DEL06-MS"
183216;2019-01-03;"quinta-feira";"14:00:00";"MG";262;819;"UBERABA";"Defeito Mecânico no Veículo";"Saída de leito carroçável";"Com Vítimas Feridas";"Pleno dia";"Decrescente";"Céu Claro";"Dupla";"Reta";"Não";1;0;1;0;0;0;1;1;-19,762642;-48,135693;"SPRF-MG";"DEL13-MG";"UOP01-DEL13-MG"
183217;2019-01-03;"quinta-feira";"12:20:00";"SC";101;144;"ITAPEMA";"Falta de Atenção à Condução";"Colisão frontal";"Com Vítimas Feridas";"Pleno dia";"Crescente";"Céu Claro";"Dupla";"Retorno Regulamentado";"Sim";2;0;1;0;1;0;1;2;-27,0816;-48,6012;"SPRF-SC";"DEL04-SC";"UOP03-DEL04-SC"
183219;2019-01-03;"quinta-feira";"16:00:00";"MG";40;643,1;"CONSELHEIRO LAFAIETE";"Velocidade Incompatível";"Saída de leito carroçável";"Com Vítimas Feridas";"Pleno dia";"Decrescente";"Sol";"Simples";"Declive;Curva";"Não";2;0;2;0;0;0;2;1;-20,76986876;-43,80577695;"SPRF-MG";"DEL05-MG";"UOP02-DEL05-MG"
183220;2019-01-03;"quinta-feira";"15:00:00";"RS";470;201,7;"BENTO GONCALVES";"Ingestão de Álcool";"Saída de leito carroçável";"Sem Vítimas";"Pleno dia";"Decrescente";"Chuva";"Simples";"Curva";"Não";3;0;0;0;3;0;0;1;-29,0765754;-51,58699036;"SPRF-RS";"DEL06-RS";"UOP01-DEL06-RS"
183222;2019-01-03;"quinta-feira";"16:30:00";"DF";70;7,8;"BRASILIA";"Defeito Mecânico no Veículo";"Tombamento";"Com Vítimas Feridas";"Pleno dia";"Crescente";"Céu Claro";"Dupla";"Reta";"Sim";2;0;2;0;0;0;2;1;-15,787601;-48,114429;"SPRF-DF";"DEL01-DF";"UOP02-DEL03-DF"
183223;2019-01-03;"quinta-feira";"16:30:00";"SP";101;48,5;"UBATUBA";"Velocidade Incompatível";"Colisão traseira";"Com Vítimas Feridas";"Pleno dia";"Crescente";"Nublado";"Simples";"Reta";"Sim";3;0;1;0;2;0;1;2;-23,436964;-45,087685;"SPRF-SP";"DEL06-SP";"UOP01-DEL06-SP"
183224;2019-01-03;"quinta-feira";"15:30:00";"SC";101;51;"JOINVILLE";"Não guardar distância de segurança";"Colisão traseira";"Com Vítimas Feridas";"Pleno dia";"Decrescente";"Sol";"Dupla";"Reta";"Não";2;0;0;1;1;0;1;2;-26,4036;-48,839;"SPRF-SC";"DEL03-SC";"UOP01-DEL03-SC"
183225;2019-01-03;"quinta-feira";"10:00:00";"SC";116;63;"PAPANDUVA";"Falta de Atenção à Condução";"Colisão frontal";"Com Vítimas Feridas";"Pleno dia";"Decrescente";"Sol";"Simples";"Reta";"Não";6;0;5;0;1;0;5;2;-26,382969;-50,216751;"SPRF-SC";"DEL06-SC";"UOP02-DEL06-SC"
183227;2019-01-03;"quinta-feira";"14:00:00";"PR";277;67;"SAO JOSE DOS PINHAIS";"Avarias e/ou desgaste excessivo no pneu";"Queda de ocupante de veículo";"Com Vítimas Feridas";"Pleno dia";"Decrescente";"Céu Claro";"Dupla";"Reta";"Sim";1;0;0;1;0;0;1;1;-25,54401934;-49,05613303;"SPRF-PR";"DEL01-PR";"UOP07-DEL01-PR"
183228;2019-01-03;"quinta-feira";"17:15:00";"SP";381;61;"MAIRIPORA";"Pista Escorregadia";"Colisão com objeto estático";"Com Vítimas Feridas";"Pleno dia";"Crescente";"Chuva";"Dupla";"Declive";"Não";1;0;1;0;0;0;1;1;-23,29201304;-46,57935065;"SPRF-SP";"DEL03-SP";"UOP01-DEL03-SP"
183229;2019-01-03;"quinta-feira";"16:00:00";"MG";40;513;"RIBEIRAO DAS NEVES";"Mal Súbito";"Colisão lateral";"Sem Vítimas";"Pleno dia";"Crescente";"Céu Claro";"Dupla";"Reta";"Sim";2;0;0;0;2;0;0;2;-19,8048;-44,0972;"SPRF-MG";"DEL01-MG";"UOP03-DEL01-MG"
183230;2019-01-03;"quinta-feira";"17:05:00";"PR";277;466;"LARANJEIRAS DO SUL";"Falta de Atenção à Condução";"Saída de leito carroçável";"Com Vítimas Feridas";"Pleno dia";"Decrescente";"Céu Claro";"Simples";"Curva";"Não";1;0;1;0;0;0;1;1;-25,33409668;-52,51190186;"SPRF-PR";"DEL04-PR";"UOP02-DEL04-PR"
183231;2019-01-03;"quinta-feira";"17:10:00";"SP";381;85;"SAO PAULO";"Desobediência às normas de trânsito pelo pedestre";"Atropelamento de Pedestre";"Com Vítimas Feridas";"Pleno dia";"Crescente";"Céu Claro";"Múltipla";"Reta";"Sim";2;0;1;0;1;0;1;2;-23,43235937;-46,56951285;"SPRF-SP";"DEL03-SP";"UOP01-DEL03-SP"
183232;2019-01-03;"quinta-feira";"17:20:00";"RS";290;22,9;"SANTO ANTONIO DA PATRULHA";"Pista Escorregadia";"Tombamento";"Com Vítimas Feridas";"Pleno dia";"Crescente";"Chuva";"Dupla";"Reta";"Não";2;0;2;0;0;0;2;1;-29,88883;-50,474819;"SPRF-RS";"DEL03-RS";"UOP02-DEL03-RS"
183235;2019-01-03;"quinta-feira";"13:20:00";"SC";101;132;"BALNEARIO CAMBORIU";"Desobediência às normas de trânsito pelo condutor";"Colisão traseira";"Com Vítimas Feridas";"Pleno dia";"Crescente";"Céu Claro";"Simples";"Reta";"Não";2;0;1;0;1;0;1;2;-26,9992;-48,646;"SPRF-SC";"DEL04-SC";"UOP03-DEL04-SC"
183236;2019-01-03;"quinta-feira";"14:45:00";"SC";101;214;"PALHOCA";"Falta de Atenção à Condução";"Colisão lateral";"Com Vítimas Feridas";"Pleno dia";"Decrescente";"Céu Claro";"Dupla";"Reta";"Sim";2;0;1;0;1;0;1;2;-27,652;-48,676;"SPRF-SC";"DEL01-SC";"UOP02-DEL01-SC"
183240;2019-01-03;"quinta-feira";"16:00:00";"SC";101;132,7;"BALNEARIO CAMBORIU";"Não guardar distância de segurança";"Colisão traseira";"Com Vítimas Feridas";"Pleno dia";"Crescente";"Céu Claro";"Dupla";"Reta";"Sim";2;0;0;1;1;0;1;2;-26,9992;-48,646;"SPRF-SC";"DEL04-SC";"UOP03-DEL04-SC"
183241;2019-01-03;"quinta-feira";"17:15:00";"CE";222;310,7;"TIANGUA";"Falta de Atenção à Condução";"Colisão transversal";"Com Vítimas Feridas";"Pleno dia";"Decrescente";"Céu Claro";"Simples";"Curva";"Sim";3;0;0;1;2;0;1;2;-3,706697;-40,977062;"SPRF-CE";"DEL04-CE";"UOP02-DEL04-CE"
183243;2019-01-03;"quinta-feira";"18:00:00";"SC";101;204;"SAO JOSE";"Falta de Atenção à Condução";"Colisão lateral";"Com Vítimas Feridas";"Pleno dia";"Decrescente";"Nublado";"Múltipla";"Aclive";"Sim";2;0;1;0;1;0;1;2;-27,5832;-48,6151;"SPRF-SC";"DEL01-SC";"UOP01-DEL01-SC"
183244;2019-01-03;"quinta-feira";"18:00:00";"SP";116;271,4;"TABOAO DA SERRA";"Falta de Atenção à Condução";"Colisão lateral";"Com Vítimas Feridas";"Anoitecer";"Crescente";"Céu Claro";"Dupla";"Reta";"Sim";3;0;2;0;1;0;2;2;-23,61122;-46,7756;"SPRF-SP";"DEL04-SP";"UOP01-DEL04-SP"
183245;2019-01-03;"quinta-feira";"12:05:00";"BA";116;16;"VITORIA DA CONQUISTA";"Falta de Atenção à Condução";"Colisão traseira";"Com Vítimas Feridas";"Pleno dia";"Decrescente";"Céu Claro";"Simples";"Reta";"Sim";2;0;0;1;1;0;1;2;-14,902334;-40,848053;"SPRF-BA";"DEL08-BA";"UOP01-DEL08-BA"
183246;2019-01-03;"quinta-feira";"18:40:00";"SC";282;3;"FLORIANOPOLIS";"Falta de Atenção à Condução";"Colisão lateral";"Com Vítimas Feridas";"Pleno dia";"Decrescente";"Céu Claro";"Dupla";"Reta";"Sim";4;0;2;0;2;0;2;3;-27,600384;-48,599705;"SPRF-SC";"DEL01-SC";"UOP01-DEL01-SC"
183247;2019-01-03;"quinta-feira";"16:00:00";"PE";232;354,2;"FLORES";"Animais na Pista";"Saída de leito carroçável";"Com Vítimas Feridas";"Pleno dia";"Crescente";"Sol";"Simples";"Curva";"Não";1;0;0;1;0;0;1;1;-8,048491;-37,840546;"SPRF-PE";"DEL04-PE";"UOP01-DEL04-PE"
183248;2019-01-03;"quinta-feira";"17:00:00";"AL";101;237,8;"PORTO REAL DO COLEGIO";"Ingestão de Álcool";"Queda de ocupante de veículo";"Com Vítimas Feridas";"Pleno dia";"Decrescente";"Céu Claro";"Dupla";"Curva";"Não";1;0;0;1;0;0;1;1;-10,175445;-36,824844;"SPRF-AL";"DEL02-AL";"UOP02-DEL02-AL"
183249;2019-01-03;"quinta-feira";"19:00:00";"DF";20;4,1;"BRASILIA";"Ingestão de Álcool";"Colisão traseira";"Com Vítimas Feridas";"Anoitecer";"Crescente";"Céu Claro";"Múltipla";"Declive;Reta";"Sim";2;0;1;0;1;0;1;2;-15,67561475;-47,82300621;"SPRF-DF";"DEL02-DF";"UOP01-DEL02-DF"
183251;2019-01-03;"quinta-feira";"18:50:00";"PR";158;397;"LARANJEIRAS DO SUL";"Falta de Atenção à Condução";"Saída de leito carroçável";"Com Vítimas Feridas";"Pleno dia";"Crescente";"Céu Claro";"Simples";"Curva";"Sim";1;0;1;0;0;0;1;1;-25,372154;-52,390148;"SPRF-PR";"DEL04-PR";"UOP02-DEL04-PR"
183252;2019-01-03;"quinta-feira";"19:10:00";"PR";369;197;"APUCARANA";"Falta de Atenção à Condução";"Capotamento";"Com Vítimas Feridas";"Pleno dia";"Crescente";"Céu Claro";"Dupla";"Curva";"Sim";1;0;1;0;0;0;1;1;-23,51878136;-51,42921209;"SPRF-PR";"DEL07-PR";"UOP03-DEL07-PR"
183253;2019-01-03;"quinta-feira";"17:15:00";"PB";230;504;"CAJAZEIRAS";"Animais na Pista";"Atropelamento de Animal";"Com Vítimas Feridas";"Anoitecer";"Crescente";"Céu Claro";"Simples";"Reta";"Não";2;0;2;0;0;0;2;1;-6,8944;-38,5429;"SPRF-PB";"DEL03-PB";"UOP03-DEL03-PB"
183254;2019-01-03;"quinta-feira";"18:30:00";"MG";381;334;"NOVA ERA";"Pista Escorregadia";"Saída de leito carroçável";"Com Vítimas Feridas";"Anoitecer";"Decrescente";"Chuva";"Simples";"Curva";"Não";1;0;1;0;0;0;1;1;-19,7784;-43,0437;"SPRF-MG";"DEL03-MG";"UOP01-DEL03-MG"
183255;2019-01-03;"quinta-feira";"18:30:00";"PR";277;99;"CURITIBA";"Desobediência às normas de trânsito pelo condutor";"Colisão traseira";"Com Vítimas Feridas";"Pleno dia";"Decrescente";"Céu Claro";"Dupla";"Reta";"Sim";4;0;2;0;1;1;2;3;-25,43140682;-49,35945164;"SPRF-PR";"DEL01-PR";"UOP06-DEL01-PR"
183256;2019-01-03;"quinta-feira";"14:00:00";"MG";153;88;"PRATA";"Velocidade Incompatível";"Saída de leito carroçável";"Com Vítimas Feridas";"Pleno dia";"Crescente";"Garoa/Chuvisco";"Simples";"Aclive";"Não";3;0;0;1;2;0;1;1;-19,01798047;-49,01687622;"SPRF-MG";"DEL15-MG";"UOP03-DEL15-MG"
183257;2019-01-03;"quinta-feira";"14:37:00";"MG";153;113;"PRATA";"Velocidade Incompatível";"Saída de leito carroçável";"Com Vítimas Feridas";"Pleno dia";"Crescente";"Chuva";"Simples";"Curva";"Não";2;0;2;0;0;0;2;1;-19,35293482;-48,89808655;"SPRF-MG";"DEL15-MG";"UOP03-DEL15-MG"
183259;2019-01-03;"quinta-feira";"15:50:00";"MG";153;30;"CENTRALINA";"Velocidade Incompatível";"Saída de leito carroçável";"Com Vítimas Feridas";"Pleno dia";"Decrescente";"Céu Claro";"Dupla";"Reta";"Não";1;0;1;0;0;0;1;1;-18,6855;-49,1526;"SPRF-MG";"DEL15-MG";"UOP03-DEL15-MG"
183260;2019-01-03;"quinta-feira";"11:20:00";"MA";10;251;"IMPERATRIZ";"Falta de Atenção à Condução";"Colisão lateral";"Com Vítimas Feridas";"Pleno dia";"Crescente";"Céu Claro";"Simples";"Reta";"Sim";2;0;0;1;1;0;1;2;-5,543249;-47,464447;"SPRF-MA";"DEL04-MA";"UOP01-DEL04-MA"
183262;2019-01-03;"quinta-feira";"20:00:00";"RS";116;226;"DOIS IRMAOS";"Falta de Atenção à Condução";"Colisão com objeto estático";"Com Vítimas Fatais";"Anoitecer";"Decrescente";"Chuva";"Simples";"Reta";"Não";2;1;0;1;0;0;1;1;-29,601135;-51,118118;"SPRF-RS";"DEL05-RS";"UOP02-DEL05-RS"
183265;2019-01-03;"quinta-feira";"18:50:00";"PE";101;56,3;"RECIFE";"Falta de Atenção à Condução";"Queda de ocupante de veículo";"Com Vítimas Feridas";"Plena Noite";"Crescente";"Céu Claro";"Dupla";"Reta";"Sim";2;0;2;0;0;0;2;1;-7,9641;-34,9158;"SPRF-PE";"DEL01-PE";"UOP02-DEL01-PE"
183268;2019-01-03;"quinta-feira";"20:40:00";"GO";60;162,6;"GOIANIA";"Ingestão de Álcool";"Colisão com objeto estático";"Com Vítimas Feridas";"Plena Noite";"Crescente";"Céu Claro";"Dupla";"Declive";"Sim";1;0;1;0;0;0;1;1;-16,6953;-49,3255;"SPRF-GO";"DEL01-GO";"UOP02-DEL01-GO"
183274;2019-01-03;"quinta-feira";"21:30:00";"PR";376;211,1;"MANDAGUARI";"Desobediência às normas de trânsito pelo condutor";"Colisão frontal";"Com Vítimas Fatais";"Plena Noite";"Crescente";"Céu Claro";"Dupla";"Curva";"Não";5;3;0;2;0;0;2;2;-23,55174;-51,6654;"SPRF-PR";"DEL07-PR";"UOP01-DEL09-PR"
183275;2019-01-03;"quinta-feira";"16:35:00";"MG";116;651,2;"FERVEDOURO";"Falta de Atenção à Condução";"Colisão frontal";"Com Vítimas Feridas";"Pleno dia";"Crescente";"Sol";"Simples";"Curva";"Sim";3;0;0;1;1;1;1;3;-20,7138821;-42,28238951;"SPRF-MG";"DEL07-MG";"UOP03-DEL07-MG"
183276;2019-01-03;"quinta-feira";"20:20:00";"RJ";116;110,1;"GUAPIMIRIM";"Falta de Atenção à Condução";"Tombamento";"Com Vítimas Feridas";"Plena Noite";"Decrescente";"Nublado";"Dupla";"Curva";"Não";1;0;1;0;0;0;1;1;-22,550732;-42,989689;"SPRF-RJ";"DEL04-RJ";"UOP02-DEL04-RJ"
183278;2019-01-03;"quinta-feira";"19:30:00";"RJ";101;492;"ANGRA DOS REIS";"Desobediência às normas de trânsito pelo condutor";"Colisão lateral";"Com Vítimas Feridas";"Pleno dia";"Crescente";"Céu Claro";"Simples";"Reta";"Não";2;0;1;0;1;0;1;2;-22,95143833;-44,32640076;"SPRF-RJ";"DEL03-RJ";"UOP03-DEL03-RJ"
183280;2019-01-03;"quinta-feira";"22:20:00";"SC";470;52,6;"BLUMENAU";"Desobediência às normas de trânsito pelo condutor";"Colisão transversal";"Com Vítimas Feridas";"Plena Noite";"Crescente";"Nublado";"Simples";"Interseção de Vias";"Sim";2;0;1;0;1;0;1;2;-26,86491988;-49,09924242;"SPRF-SC";"DEL04-SC";"UOP01-DEL04-SC"
183281;2019-01-03;"quinta-feira";"22:30:00";"PR";376;598;"CURITIBA";"Animais na Pista";"Atropelamento de Animal";"Com Vítimas Feridas";"Plena Noite";"Crescente";"Céu Claro";"Dupla";"Reta";"Sim";1;0;0;1;0;0;1;1;-25,5113057;-49,33856964;"SPRF-PR";"DEL01-PR";"UOP06-DEL01-PR"
183282;2019-01-03;"quinta-feira";"21:30:00";"MT";70;94,7;"GENERAL CARNEIRO";"Falta de Atenção à Condução";"Saída de leito carroçável";"Com Vítimas Feridas";"Plena Noite";"Decrescente";"Céu Claro";"Simples";"Curva";"Não";2;0;2;0;0;0;2;1;-15,573943;-52,894604;"SPRF-MT";"DEL07-MT";"UOP01-DEL07-MT"
183283;2019-01-03;"quinta-feira";"20:00:00";"BA";116;900;"CANDIDO SALES";"Falta de Atenção à Condução";"Colisão transversal";"Com Vítimas Feridas";"Plena Noite";"Decrescente";"Céu Claro";"Simples";"Reta";"Não";6;0;4;0;2;0;4;2;-15,435788;-41,221933;"SPRF-BA";"DEL08-BA";"UOP03-DEL08-BA"
183284;2019-01-03;"quinta-feira";"23:15:00";"PR";476;137,9;"CURITIBA";"Falta de Atenção à Condução";"Colisão traseira";"Com Vítimas Feridas";"Plena Noite";"Decrescente";"Céu Claro";"Múltipla";"Reta";"Sim";2;0;0;1;1;0;1;2;-25,50586385;-49,28318739;"SPRF-PR";"DEL01-PR";"UOP07-DEL01-PR"
183286;2019-01-04;"sexta-feira";"00:00:00";"SP";381;87;"SAO PAULO";"Velocidade Incompatível";"Colisão com objeto estático";"Com Vítimas Feridas";"Plena Noite";"Decrescente";"Garoa/Chuvisco";"Múltipla";"Reta";"Sim";1;0;1;0;0;0;1;1;-23,47182248;-46,56393015;"SPRF-SP";"DEL03-SP";"UOP01-DEL03-SP"
183287;2019-01-04;"sexta-feira";"00:45:00";"DF";60;4,5;"BRASILIA";"Desobediência às normas de trânsito pelo condutor";"Colisão com objeto estático";"Com Vítimas Feridas";"Plena Noite";"Decrescente";"Céu Claro";"Dupla";"Reta";"Sim";1;0;1;0;0;0;1;1;-15,892721;-48,095741;"SPRF-DF";"DEL01-DF";"UOP01-DEL03-DF"