"id";"data_inversa";"dia_semana";"horario";"uf";"br";"km";"municipio";"causa_acidente";"tipo_acidente";"classificacao_acidente";"fase_dia";"sentido_via";"condicao_metereologica";"tipo_pista";"tracado_via";"uso_solo";"pessoas";"mortos";"feridos_leves";"feridos_graves";"ilesos";"ignorados";"feridos";"veiculos";"latitude";"longitude";"regional";"delegacia";"uop"
183288;2019-01-04;"sexta-feira";"01:00:00";"PR";376;624,6;"SAO JOSE DOS PINHAIS";"Falta de Atenção à Condução";"Saída de leito carroçável";"Com Vítimas Feridas";"Plena Noite";"Crescente";"Céu Claro";"Múltipla";"Reta";"Não";1;0;1;0;0;0;1;1;-25,65175358;-49,15722549;"SPRF-PR";"DEL01-PR";"DEL7/1-UOP08/PR"
183294;2019-01-04;"sexta-feira";"03:30:00";"PE";424;25;"VENTUROSA";"Falta de Atenção à Condução";"Saída de leito carroçável";"Com Vítimas Feridas";"Plena Noite";"Crescente";"Nublado";"Simples";"Reta";"Não";1;0;0;1;0;0;1;1;-8,560179;-36,893537;"SPRF-PE";"DEL03-PE";"UOP02-DEL03-PE"
183295;2019-01-04;"sexta-feira";"04:00:00";"SC";101;203,2;"SAO JOSE";"Falta de Atenção à Condução";"Tombamento";"Com Vítimas Feridas";"Plena Noite";"Decrescente";"Céu Claro";"Dupla";"Curva";"Sim";1;0;1;0;0;0;1;1;-27,5742;-48,6134;"SPRF-SC";"DEL01-SC";"UOP01-DEL01-SC"
183296;2019-01-04;"sexta-feira";"05:30:00";"MG";381;507,3;"SAO JOAQUIM DE BICAS";"Falta de Atenção à Condução";"Colisão lateral";"Com Vítimas Feridas";"Plena Noite";"Crescente";"Nublado";"Dupla";"Reta";"Sim";5;0;3;0;2;0;3;2;-20,0442;-44,2708;"SPRF-MG";"DEL01-MG";"UOP03-DEL01-MG"
183298;2019-01-04;"sexta-feira";"06:00:00";"PR";277;76;"SAO JOSE DOS PINHAIS";"Falta de Atenção à Condução";"Queda de ocupante de veículo";"Com Vítimas Feridas";"Amanhecer";"Crescente";"Céu Claro";"Dupla";"Reta";"Não";2;0;1;0;0;1;1;2;-25,49430517;-49,16677952;"SPRF-PR";"DEL01-PR";"UOP01-DEL01-PR"
183299;2019-01-04;"sexta-feira";"06:10:00";"SP";153;56,1;"SAO JOSE DO RIO PRETO";"Falta de Atenção do Pedestre";"Atropelamento de Pedestre";"Com Vítimas Feridas";"Amanhecer";"Decrescente";"Céu Claro";"Simples";"Em Obras;Reta";"Sim";2;0;0;1;1;0;1;2;-20,761505;-49,346199;"SPRF-SP";"DEL09-SP";"UOP01-DEL09-SP"
183302;2019-01-04;"sexta-feira";"07:00:00";"SC";101;155;"PORTO BELO";"Ultrapassagem Indevida";"Colisão frontal";"Com Vítimas Fatais";"Pleno dia";"Decrescente";"Céu Claro";"Dupla";"Reta";"Não";3;1;0;0;2;0;0;3;-27,1719;-48,6115;"SPRF-SC";"DEL04-SC";"UOP03-DEL04-SC"
183304;2019-01-04;"sexta-feira";"07:20:00";"RJ";101;316;"SAO GONCALO";"Falta de Atenção à Condução";"Tombamento";"Com Vítimas Feridas";"Pleno dia";"Crescente";"Céu Claro";"Dupla";"Reta";"Sim";2;0;2;0;0;0;2;1;-22,828388;-43,092102;"SPRF-RJ";"DEL02-RJ";"DEL5/2-UOP04/RJ"
183305;2019-01-04;"sexta-feira";"04:30:00";"RR";174;500;"BOA VISTA";"Desobediência às normas de trânsito pelo condutor";"Colisão frontal";"Com Vítimas Feridas";"Amanhecer";"Decrescente";"Céu Claro";"Dupla";"Reta";"Não";3;0;1;0;1;1;1;3;2,78488113;-60,70113659;"SPRF-RR";"DEL01-RR";"UOP01-DEL01-RR"
183306;2019-01-04;"sexta-feira";"07:00:00";"RJ";40;94,1;"DUQUE DE CAXIAS";"Falta de Atenção à Condução";"Saída de leito carroçável";"Com Vítimas Feridas";"Amanhecer";"Decrescente";"Céu Claro";"Dupla";"Curva;Aclive";"Não";3;0;3;0;0;0;3;1;-22,5723;-43,2583;"SPRF-RJ";"DEL06-RJ";"UOP01-DEL06-RJ"
183307;2019-01-04;"sexta-feira";"07:00:00";"SP";116;272,2;"TABOAO DA SERRA";"Desobediência às normas de trânsito pelo condutor";"Colisão lateral";"Com Vítimas Feridas";"Amanhecer";"Crescente";"Nublado";"Dupla";"Viaduto;Retorno Regulamentado";"Sim";4;0;1;0;1;2;1;3;-23,61470215;-46,78782105;"SPRF-SP";"DEL04-SP";"UOP01-DEL04-SP"
183308;2019-01-04;"sexta-feira";"07:10:00";"MG";381;345;"BELA VISTA DE MINAS";"Velocidade Incompatível";"Colisão frontal";"Com Vítimas Feridas";"Pleno dia";"Decrescente";"Chuva";"Simples";"Declive;Curva";"Não";9;0;9;0;0;0;9;2;-19,83205367;-43,09613678;"SPRF-MG";"DEL03-MG";"UOP01-DEL03-MG"
183310;2019-01-04;"sexta-feira";"07:50:00";"ES";101;271,5;"SERRA";"Falta de Atenção à Condução";"Colisão traseira";"Com Vítimas Feridas";"Pleno dia";"Crescente";"Céu Claro";"Dupla";"Reta";"Sim";4;0;1;0;3;0;1;4;-20,22604731;-40,28620809;"SPRF-ES";"DEL02-ES";"UOP01-DEL02-ES"
183312;2019-01-04;"sexta-feira";"07:10:00";"PE";101;58;"RECIFE";"Falta de Atenção à Condução";"Queda de ocupante de veículo";"Sem Vítimas";"Pleno dia";"Decrescente";"Céu Claro";"Dupla";"Reta";"Não";1;0;0;0;0;1;0;1;-7,978;-34,9271;"SPRF-PE";"DEL01-PE";"UOP02-DEL01-PE"
183313;2019-01-04;"sexta-feira";"06:10:00";"PB";230;368,5;"MALTA";"Condutor Dormindo";"Saída de leito carroçável";"Com Vítimas Feridas";"Pleno dia";"Decrescente";"Céu Claro";"Simples";"Reta";"Não";2;0;2;0;0;0;2;1;-6,9057;-37,5322;"SPRF-PB";"DEL03-PB";"UOP02-DEL03-PB"
183315;2019-01-03;"quinta-feira";"19:15:00";"MG";381;705;"LAVRAS";"Velocidade Incompatível";"Colisão com objeto estático";"Com Vítimas Feridas";"Plena Noite";"Crescente";"Chuva";"Dupla";"Curva";"Não";5;0;1;0;4;0;1;1;-21,3237;-45,1662;"SPRF-MG";"DEL04-MG";"UOP02-DEL04-MG"
183316;2019-01-04;"sexta-feira";"02:45:00";"MG";381;704;"LAVRAS";"Velocidade Incompatível";"Capotamento";"Com Vítimas Feridas";"Plena Noite";"Decrescente";"Garoa/Chuvisco";"Dupla";"Curva";"Não";3;0;1;0;2;0;1;1;-21,3156;-45,1672;"SPRF-MG";"DEL04-MG";"UOP02-DEL04-MG"
183317;2019-01-04;"sexta-feira";"04:45:00";"MG";381;220,7;"BELO ORIENTE";"Condutor Dormindo";"Saída de leito carroçável";"Com Vítimas Feridas";"Plena Noite";"Crescente";"Nublado";"Simples";"Curva";"Não";2;0;1;0;1;0;1;1;-19,3243;-42,4169;"SPRF-MG";"DEL06-MG";"UOP01-DEL06-MG"
183318;2019-01-04;"sexta-feira";"08:30:00";"RJ";101;253;"RIO BONITO";"Defeito Mecânico no Veículo";"Colisão com objeto estático";"Com Vítimas Feridas";"Pleno dia";"Crescente";"Céu Claro";"Dupla";"Reta";"Sim";2;0;2;0;0;0;2;1;-22,687958;-42,54129;"SPRF-RJ";"DEL02-RJ";"UOP03-DEL02-RJ"
183320;2019-01-04;"sexta-feira";"08:10:00";"MG";381;527;"BRUMADINHO";"Velocidade Incompatível";"Saída de leito carroçável";"Com Vítimas Feridas";"Pleno dia";"Crescente";"Garoa/Chuvisco";"Dupla";"Declive;Curva";"Não";1;0;1;0;0;0;1;1;-20,167;-44,3321;"SPRF-MG";"DEL04-MG";"UOP03-DEL04-MG"
183323;2019-01-04;"sexta-feira";"07:40:00";"PR";476;139;"CURITIBA";"Falta de Atenção à Condução";"Colisão traseira";"Com Vítimas Feridas";"Pleno dia";"Decrescente";"Céu Claro";"Múltipla";"Reta";"Sim";2;0;1;0;1;0;1;2;-25,51284;-49,289257;"SPRF-PR";"DEL01-PR";"UOP07-DEL01-PR"
183326;2019-01-04;"sexta-feira";"09:00:00";"SP";101;41,5;"UBATUBA";"Avarias e/ou desgaste excessivo no pneu";"Queda de ocupante de veículo";"Com Vítimas Feridas";"Pleno dia";"Decrescente";"Céu Claro";"Simples";"Reta";"Não";2;0;1;0;1;0;1;1;-23,419727;-45,04285;"SPRF-SP";"DEL06-SP";"UOP01-DEL06-SP"
183327;2019-01-04;"sexta-feira";"09:00:00";"MG";262;34;"MANHUACU";"Desobediência às normas de trânsito pelo condutor";"Atropelamento de Pedestre";"Com Vítimas Feridas";"Pleno dia";"Decrescente";"Céu Claro";"Simples";"Retorno Regulamentado";"Sim";8;0;0;2;1;5;2;2;-20,256927;-42,011028;"SPRF-MG";"DEL06-MG";"UOP03-DEL06-MG"
183328;2019-01-04;"sexta-feira";"09:00:00";"RS";285;455,2;"IJUI";"Não guardar distância de segurança";"Colisão lateral";"Com Vítimas Feridas";"Pleno dia";"Crescente";"Sol";"Simples";"Reta";"Sim";2;0;1;0;1;0;1;2;-28,380919;-53,879509;"SPRF-RS";"DEL10-RS";"UOP01-DEL10-RS"
183329;2019-01-04;"sexta-feira";"07:00:00";"MA";135;69,2;"SANTA RITA";"Falta de Atenção à Condução";"Colisão traseira";"Com Vítimas Feridas";"Pleno dia";"Decrescente";"Nublado";"Simples";"Reta";"Sim";2;0;0;1;1;0;1;2;-3,132873;-44,324829;"SPRF-MA";"DEL01-MA";"UOP02-DEL01-MA"
183332;2019-01-04;"sexta-feira";"08:05:00";"MG";146;509,8;"POCOS DE CALDAS";"Pista Escorregadia";"Saída de leito carroçável";"Com Vítimas Feridas";"Amanhecer";"Decrescente";"Garoa/Chuvisco";"Simples";"Curva;Declive";"Não";1;0;1;0;0;0;1;1;-21,7679;-46,42117;"SPRF-MG";"DEL13-MG";"UOP01-DEL13-MG"
183334;2019-01-04;"sexta-feira";"09:50:00";"SP";116;109,6;"TAUBATE";"Falta de Atenção à Condução";"Colisão traseira";"Sem Vítimas";"Pleno dia";"Decrescente";"Nublado";"Dupla";"Reta";"Sim";2;0;0;0;2;0;0;2;-23,028759;-45,545235;"SPRF-SP";"DEL06-SP";"UOP01-DEL06-SP"
183336;2019-01-03;"quinta-feira";"19:00:00";"MA";135;495;"PARAIBANO";"Falta de Atenção à Condução";"Colisão frontal";"Com Vítimas Fatais";"Plena Noite";"Decrescente";"Céu Claro";"Simples";"Reta";"Não";3;1;0;1;1;0;1;2;-6,44275163;-43,98245037;"SPRF-MA";"DEL05-MA";"UOP01-DEL05-MA"
183337;2019-01-04;"sexta-feira";"09:30:00";"RS";386;386,1;"TABAI";"Condutor Dormindo";"Saída de leito carroçável";"Com Vítimas Feridas";"Pleno dia";"Crescente";"Nublado";"Dupla";"Reta";"Sim";3;0;2;0;1;0;2;1;-29,688717;-51,717327;"SPRF-RS";"DEL04-RS";"UOP02-DEL04-RS"
183338;2019-01-04;"sexta-feira";"08:30:00";"SC";116;234,6;"CORREIA PINTO";"Falta de Atenção à Condução";"Colisão lateral";"Com Vítimas Feridas";"Pleno dia";"Crescente";"Nublado";"Simples";"Curva";"Não";3;0;2;0;1;0;2;2;-27,71200918;-50,33618711;"SPRF-SC";"DEL05-SC";"UOP01-DEL05-SC"
183339;2019-01-04;"sexta-feira";"09:40:00";"MG";364;26,6;"FRUTAL";"Não guardar distância de segurança";"Colisão traseira";"Com Vítimas Feridas";"Pleno dia";"Decrescente";"Garoa/Chuvisco";"Simples";"Reta";"Sim";2;0;1;0;1;0;1;2;-20,02723996;-48,88773014;"SPRF-MG";"DEL13-MG";"UOP02-DEL13-MG"
183340;2019-01-04;"sexta-feira";"08:40:00";"PE";232;409;"SERRA TALHADA";"Defeito Mecânico no Veículo";"Saída de leito carroçável";"Sem Vítimas";"Pleno dia";"Crescente";"Céu Claro";"Simples";"Interseção de Vias";"Sim";1;0;0;0;1;0;0;1;-7,9835399;-38,28198373;"SPRF-PE";"DEL04-PE";"UOP01-DEL04-PE"
183342;2019-01-04;"sexta-feira";"09:10:00";"MG";365;627;"UBERLANDIA";"Falta de Atenção à Condução";"Colisão traseira";"Com Vítimas Feridas";"Pleno dia";"Decrescente";"Nublado";"Dupla";"Reta";"Sim";2;0;1;0;1;0;1;2;-18,90747;-48,31621;"SPRF-MG";"DEL15-MG";"UOP01-DEL15-MG"
183344;2019-01-04;"sexta-feira";"10:30:00";"SP";381;36,7;"ATIBAIA";"Falta de Atenção à Condução";"Colisão transversal";"Com Vítimas Feridas";"Pleno dia";"Decrescente";"Nublado";"Dupla";"Reta";"Sim";3;0;2;0;1;0;2;2;-23,10212485;-46,56845679;"SPRF-SP";"DEL03-SP";"UOP02-DEL03-SP"
183345;2019-01-04;"sexta-feira";"10:25:00";"SC";101;117,5;"ITAJAI";"Não guardar distância de segurança";"Engavetamento";"Com Vítimas Feridas";"Pleno dia";"Crescente";"Sol";"Múltipla";"Reta";"Sim";3;0;1;0;2;0;1;3;-26,8961;-48,7188;"SPRF-SC";"DEL04-SC";"UOP04-DEL04-SC"
183346;2019-01-04;"sexta-feira";"09:10:00";"BA";101;789,5;"ITAMARAJU";"Velocidade Incompatível";"Saída de leito carroçável";"Com Vítimas Fatais";"Pleno dia";"Crescente";"Sol";"Simples";"Reta;Declive";"Não";5;2;2;1;0;0;3;1;-16,8698;-39,5032;"SPRF-BA";"DEL09-BA";"UOP01-DEL09-BA"
183348;2019-01-04;"sexta-feira";"11:43:00";"SC";101;135;"BALNEARIO CAMBORIU";"Não guardar distância de segurança";"Colisão lateral";"Com Vítimas Feridas";"Pleno dia";"Crescente";"Nublado";"Dupla";"Interseção de Vias";"Sim";1;0;0;1;0;0;1;1;-27,0081;-48,617;"SPRF-SC";"DEL04-SC";"UOP03-DEL04-SC"
183351;2019-01-04;"sexta-feira";"11:00:00";"MG";381;636;"SANTO ANTONIO DO AMPARO";"Velocidade Incompatível";"Colisão com objeto estático";"Com Vítimas Feridas";"Pleno dia";"Crescente";"Chuva";"Dupla";"Curva";"Não";4;0;3;0;1;0;3;1;-20,8753;-44,8443;"SPRF-MG";"DEL04-MG";"UOP01-DEL04-MG"
183352;2019-01-04;"sexta-feira";"11:10:00";"MG";365;232;"BURITIZEIRO";"Defeito na Via";"Capotamento";"Com Vítimas Feridas";"Pleno dia";"Crescente";"Céu Claro";"Simples";"Reta";"Não";3;0;1;1;1;0;2;1;-17,691683;-45,410175;"SPRF-MG";"DEL12-MG";"UOP01-DEL12-MG"
183355;2019-01-04;"sexta-feira";"05:45:00";"MG";381;928,7;"ITAPEVA";"Condutor Dormindo";"Colisão lateral";"Com Vítimas Feridas";"Amanhecer";"Crescente";"Céu Claro";"Dupla";"Curva";"Sim";3;0;2;0;1;0;2;2;-22,77057249;-46,23207808;"SPRF-MG";"DEL16-MG";"UOP03-DEL16-MG"
183358;2019-01-04;"sexta-feira";"10:20:00";"RN";304;193;"LAJES";"Falta de Atenção à Condução";"Colisão transversal";"Com Vítimas Feridas";"Pleno dia";"Crescente";"Céu Claro";"Simples";"Interseção de Vias";"Não";2;0;0;1;1;0;1;2;-5,705923;-36,233528;"SPRF-RN";"DEL01-RN";"UOP03-DEL01-RN"
183359;2019-01-04;"sexta-feira";"12:00:00";"SC";101;125;"BALNEARIO CAMBORIU";"Não guardar distância de segurança";"Colisão traseira";"Sem Vítimas";"Pleno dia";"Decrescente";"Nublado";"Dupla";"Reta";"Não";2;0;0;0;2;0;0;2;-26,9806;-48,6788;"SPRF-SC";"DEL04-SC";"UOP04-DEL04-SC"
183361;2019-01-04;"sexta-feira";"12:40:00";"RJ";393;282,8;"BARRA DO PIRAI";"Desobediência às normas de trânsito pelo condutor";"Colisão transversal";"Sem Vítimas";"Pleno dia";"Decrescente";"Sol";"Simples";"Reta;Declive";"Sim";3;0;0;0;3;0;0;2;-22,510941;-44,084461;"SPRF-RJ";"DEL05-RJ";"UOP04-DEL05-RJ"
183363;2019-01-04;"sexta-feira";"09:30:00";"MT";70;184;"GENERAL CARNEIRO";"Ingestão de Álcool";"Saída de leito carroçável";"Com Vítimas Feridas";"Pleno dia";"Decrescente";"Céu Claro";"Simples";"Declive";"Não";1;0;1;0;0;0;1;1;-15,699483;-53,614403;"SPRF-MT";"DEL05-MT";"UOP01-DEL05-MT"
183364;2019-01-04;"sexta-feira";"12:00:00";"PI";343;3,4;"TERESINA";"Desobediência às normas de trânsito pelo condutor";"Colisão transversal";"Com Vítimas Feridas";"Pleno dia";"Crescente";"Sol";"Múltipla";"Interseção de Vias";"Sim";2;0;1;0;1;0;1;2;-5,08082931;-42,78024137;"SPRF-PI";"DEL01-PI";"UOP01-DEL01-PI"
183366;2019-01-04;"sexta-feira";"11:20:00";"PI";316;17;"TERESINA";"Desobediência às normas de trânsito pelo condutor";"Colisão transversal";"Com Vítimas Feridas";"Pleno dia";"Decrescente";"Céu Claro";"Simples";"Reta";"Não";2;0;1;0;1;0;1;2;-5,238861;-42,740273;"SPRF-PI";"DEL01-PI";"UOP02-DEL01-PI"
183368;2019-01-04;"sexta-feira";"12:15:00";"BA";324;619;"SALVADOR";"Falta de Atenção à Condução";"Queda de ocupante de veículo";"Com Vítimas Feridas";"Pleno dia";"Decrescente";"Céu Claro";"Múltipla";"Reta";"Sim";2;0;2;0;0;0;2;1;-12,91296678;-38,45965862;"SPRF-BA";"DEL01-BA";"UOP01-DEL01-BA"
183369;2019-01-04;"sexta-feira";"12:40:00";"CE";116;60,4;"CHOROZINHO";"Ultrapassagem Indevida";"Colisão com objeto estático";"Com Vítimas Feridas";"Pleno dia";"Crescente";"Céu Claro";"Simples";"Reta";"Sim";5;0;3;0;2;0;3;2;-4,2217;-38,4761;"SPRF-CE";"DEL03-CE";"UOP02-DEL03-CE"
183370;2019-01-04;"sexta-feira";"13:45:00";"SP";116;89,9;"PINDAMONHANGABA";"Não guardar distância de segurança";"Colisão traseira";"Com Vítimas Feridas";"Pleno dia";"Crescente";"Nublado";"Dupla";"Reta";"Não";2;0;1;0;1;0;1;2;-22,939379;-45,378887;"SPRF-SP";"DEL06-SP";"UOP01-DEL06-SP"
183371;2019-01-04;"sexta-feira";"13:00:00";"MG";365;307,9;"JOAO PINHEIRO";"Velocidade Incompatível";"Saída de leito carroçável";"Com Vítimas Feridas";"Pleno dia";"Crescente";"Chuva";"Simples";"Reta";"Não";5;0;5;0;0;0;5;1;-18,181417;-45,812325;"SPRF-MG";"DEL10-MG";"UOP01-DEL10-MG"
183372;2019-01-04;"sexta-feira";"12:30:00";"MT";163;66,7;"RONDONOPOLIS";"Fenômenos da Natureza";"Queda de ocupante de veículo";"Com Vítimas Feridas";"Pleno dia";"Decrescente";"Chuva";"Dupla";"Reta";"Não";1;0;1;0;0;0;1;1;-16,936388;-54,733311;"SPRF-MT";"DEL02-MT";"DEL2/2-UOP02/MT"
183373;2019-01-04;"sexta-feira";"14:00:00";"SC";101;215;"PALHOCA";"Falta de Atenção à Condução";"Colisão lateral";"Com Vítimas Feridas";"Pleno dia";"Decrescente";"Céu Claro";"Múltipla";"Reta";"Sim";3;0;1;0;2;0;1;3;-27,6601;-48,6774;"SPRF-SC";"DEL01-SC";"UOP02-DEL01-SC"
183374;2019-01-04;"sexta-feira";"13:20:00";"RJ";116;234,6;"PIRAI";"Defeito na Via";"Colisão com objeto estático";"Com Vítimas Feridas";"Pleno dia";"Crescente";"Sol";"Dupla";"Reta";"Não";1;0;1;0;0;0;1;1;-22,64609597;-43,89561653;"SPRF-RJ";"DEL07-RJ";"UOP01-DEL07-RJ"
183376;2019-01-04;"sexta-feira";"13:35:00";"SP";116;550;"BARRA DO TURVO";"Falta de Atenção à Condução";"Tombamento";"Com Vítimas Feridas";"Pleno dia";"Decrescente";"Chuva";"Dupla";"Curva";"Não";3;0;1;0;2;0;1;1;-24,96458394;-48,41125488;"SPRF-SP";"DEL05-SP";"UOP02-DEL05-SP"
183377;2019-01-04;"sexta-feira";"14:45:00";"SC";470;67;"INDAIAL";"Não guardar distância de segurança";"Colisão traseira";"Com Vítimas Feridas";"Pleno dia";"Crescente";"Chuva";"Simples";"Reta";"Sim";4;0;2;0;2;0;2;2;-26,872158;-49,23127;"SPRF-SC";"DEL04-SC";"UOP01-DEL04-SC"
183378;2019-01-04;"sexta-feira";"13:35:00";"AL";101;225,7;"PORTO REAL DO COLEGIO";"Desobediência às normas de trânsito pelo condutor";"Colisão transversal";"Com Vítimas Fatais";"Pleno dia";"Crescente";"Céu Claro";"Dupla";"Reta";"Não";3;1;0;0;2;0;0;2;-10,09836;-36,705189;"SPRF-AL";"DEL02-AL";"UOP02-DEL02-AL"
183379;2019-01-04;"sexta-feira";"14:35:00";"RJ";101;99;"CAMPOS DOS GOYTACAZES";"Defeito Mecânico no Veículo";"Incêndio";"Sem Vítimas";"Pleno dia";"Crescente";"Céu Claro";"Dupla";"Reta";"Não";1;0;0;0;1;0;0;1;-21,875847;-41,583336;"SPRF-RJ";"DEL08-RJ";"UOP02-DEL08-RJ"
183382;2019-01-04;"sexta-feira";"13:50:00";"BA";135;160;"BARREIRAS";"Velocidade Incompatível";"Saída de leito carroçável";"Com Vítimas Fatais";"Pleno dia";"Crescente";"Céu Claro";"Simples";"Reta";"Não";4;1;3;0;0;0;3;1;-12,146101;-44,992408;"SPRF-BA";"DEL10-BA";"UOP01-DEL10-BA"
183385;2019-01-04;"sexta-feira";"13:15:00";"PB";230;17,8;"JOAO PESSOA";"Não guardar distância de segurança";"Colisão traseira";"Com Vítimas Feridas";"Pleno dia";"Decrescente";"Céu Claro";"Dupla";"Reta";"Não";3;0;1;1;1;0;2;2;-7,12064741;-34,84509414;"SPRF-PB";"DEL01-PB";"UOP01-DEL01-PB"
183386;2019-01-04;"sexta-feira";"13:30:00";"PA";316;87;"SANTA MARIA DO PARA";"Falta de Atenção à Condução";"Colisão transversal";"Com Vítimas Feridas";"Pleno dia";"Crescente";"Sol";"Simples";"Reta";"Não";6;0;6;0;0;0;6;2;-1,33662198;-47,61137187;"SPRF-PA";"DEL01-PA";"UOP02-DEL01-PA"
183387;2019-01-04;"sexta-feira";"14:00:00";"SE";101;154;"ESTANCIA";"Falta de Atenção à Condução";"Colisão transversal";"Com Vítimas Feridas";"Pleno dia";"Crescente";"Céu Claro";"Simples";"Aclive";"Não";2;0;0;1;1;0;1;2;-11,2861;-37,4594;"SPRF-SE";"DEL02-SE";"UOP01-DEL02-SE"
183389;2019-01-04;"sexta-feira";"15:40:00";"RJ";101;217,3;"SILVA JARDIM";"Desobediência às normas de trânsito pelo condutor";"Colisão transversal";"Com Vítimas Fatais";"Pleno dia";"Crescente";"Céu Claro";"Simples";"Em Obras;Curva";"Não";6;2;0;4;0;0;4;2;-22,50766;-42,291695;"SPRF-RJ";"DEL02-RJ";"UOP03-DEL02-RJ"
183391;2019-01-04;"sexta-feira";"15:40:00";"RJ";116;309;"RESENDE";"Falta de Atenção à Condução";"Colisão traseira";"Com Vítimas Feridas";"Pleno dia";"Decrescente";"Nublado";"Dupla";"Reta";"Não";3;0;1;1;1;0;2;2;-22,459236;-44,434776;"SPRF-RJ";"DEL07-RJ";"DEL5/7-UOP03/RJ"
183392;2019-01-04;"sexta-feira";"12:05:00";"PR";277;120;"CAMPO LARGO";"Falta de Atenção à Condução";"Colisão lateral";"Com Vítimas Feridas";"Pleno dia";"Decrescente";"Céu Claro";"Dupla";"Interseção de Vias";"Sim";3;0;0;2;1;0;2;2;-25,45405815;-49,55625091;"SPRF-PR";"DEL01-PR";"UOP06-DEL01-PR"
183394;2019-01-04;"sexta-feira";"12:30:00";"PE";232;409,1;"SERRA TALHADA";"Falta de Atenção à Condução";"Colisão traseira";"Com Vítimas Feridas";"Pleno dia";"Crescente";"Céu Claro";"Simples";"Reta";"Sim";5;0;0;3;2;0;3;2;-7,981944;-38,289467;"SPRF-PE";"DEL04-PE";"UOP01-DEL04-PE"
183395;2019-01-04;"sexta-feira";"15:39:00";"RJ";101;321;"NITEROI";"Falta de Atenção à Condução";"Queda de ocupante de veículo";"Com Vítimas Feridas";"Pleno dia";"Decrescente";"Céu Claro";"Dupla";"Reta";"Sim";1;0;0;1;0;0;1;1;-22,869852;-43,110458;"SPRF-RJ";"DEL02-RJ";"UOP02-DEL02-RJ"
183396;2019-01-04;"sexta-feira";"10:45:00";"PR";277;103,9;"CAMPO LARGO";"Não guardar distância de segurança";"Engavetamento";"Com Vítimas Feridas";"Pleno dia";"Crescente";"Nublado";"Dupla";"Reta";"Não";8;0;3;0;5;0;3;3;-25,4306515;-49,3978505;"SPRF-PR";"DEL01-PR";"UOP06-DEL01-PR"
183397;2019-01-04;"sexta-feira";"16:10:00";"RJ";101;318,8;"SAO GONCALO";"Defeito Mecânico no Veículo";"Queda de ocupante de veículo";"Com Vítimas Feridas";"Pleno dia";"Decrescente";"Céu Claro";"Dupla";"Reta";"Não";1;0;1;0;0;0;1;1;-22,845663;-43,098431;"SPRF-RJ";"DEL02-RJ";"DEL5/2-UOP04/RJ"
183398;2019-01-04;"sexta-feira";"12:15:00";"MG";381;729,8;"CARMO DA CACHOEIRA";"Velocidade Incompatível";"Saída de leito carroçável";"Com Vítimas Feridas";"Pleno dia";"Crescente";"Chuva";"Dupla";"Curva";"Não";2;0;1;0;1;0;1;1;-21,503;-45,215;"SPRF-MG";"DEL04-MG";"UOP02-DEL04-MG"
183399;2019-01-04;"sexta-feira";"13:50:00";"SC";470;216,6;"SAO CRISTOVAO DO SUL";"Falta de Atenção à Condução";"Colisão lateral";"Com Vítimas Feridas";"Pleno dia";"Decrescente";"Nublado";"Simples";"Reta";"Não";2;0;1;0;1;0;1;2;-27,303444;-50,276501;"SPRF-SC";"DEL05-SC";"UOP03-DEL05-SC"
183400;2019-01-04;"sexta-feira";"17:10:00";"SC";101;77,4;"ARAQUARI";"Defeito Mecânico no Veículo";"Queda de ocupante de veículo";"Com Vítimas Feridas";"Pleno dia";"Decrescente";"Chuva";"Simples";"Curva";"Não";2;0;1;1;0;0;2;1;-26,57289279;-48,72251451;"SPRF-SC";"DEL03-SC";"UOP02-DEL03-SC"
183402;2019-01-04;"sexta-feira";"16:50:00";"RJ";116;258,1;"VOLTA REDONDA";"Pista Escorregadia";"Colisão com objeto estático";"Com Vítimas Feridas";"Pleno dia";"Crescente";"Chuva";"Dupla";"Curva";"Não";1;0;1;0;0;0;1;1;-22,560883;-44,122238;"SPRF-RJ";"DEL07-RJ";"UOP02-DEL07-RJ"
183406;2019-01-04;"sexta-feira";"15:15:00";"SP";116;153,2;"SAO JOSE DOS CAMPOS";"Falta de Atenção à Condução";"Saída de leito carroçável";"Com Vítimas Feridas";"Pleno dia";"Decrescente";"Nublado";"Dupla";"Reta";"Sim";1;0;0;1;0;0;1;1;-23,219809;-45,899918;"SPRF-SP";"DEL02-SP";"UOP01-DEL02-SP"
183407;2019-01-04;"sexta-feira";"16:30:00";"RJ";116;114;"MAGE";"Falta de Atenção à Condução";"Tombamento";"Com Vítimas Feridas";"Pleno dia";"Decrescente";"Nublado";"Dupla";"Curva";"Não";1;0;1;0;0;0;1;1;-22,580149;-43,011547;"SPRF-RJ";"DEL04-RJ";"UOP02-DEL04-RJ"
183408;2019-01-04;"sexta-feira";"17:20:00";"SC";470;64;"INDAIAL";"Falta de Atenção à Condução";"Colisão traseira";"Com Vítimas Feridas";"Pleno dia";"Crescente";"Chuva";"Simples";"Reta";"Não";3;0;1;0;2;0;1;2;-26,869867;-49,201859;"SPRF-SC";"DEL04-SC";"UOP01-DEL04-SC"
183410;2019-01-04;"sexta-feira";"17:00:00";"MG";365;636,9;"UBERLANDIA";"Defeito Mecânico no Veículo";"Colisão com objeto estático";"Com Vítimas Feridas";"Pleno dia";"Decrescente";"Céu Claro";"Dupla";"Reta";"Não";9;0;1;0;1;7;1;1;-18,89920354;-48,37003469;"SPRF-MG";"DEL15-MG";"UOP01-DEL15-MG"