"id";"data_inversa";"dia_semana";"horario";"uf";"br";"km";"municipio";"causa_acidente";"tipo_acidente";"classificacao_acidente";"fase_dia";"sentido_via";"condicao_metereologica";"tipo_pista";"tracado_via";"uso_solo";"pessoas";"mortos";"feridos_leves";"feridos_graves";"ilesos";"ignorados";"feridos";"veiculos";"latitude";"longitude";"regional";"delegacia";"uop"
183518;2019-01-05;"sábado";"07:40:00";"MG";381;763,3;"CAMPANHA";"Condutor Dormindo";"Saída de leito carroçável";"Com Vítimas Feridas";"Pleno dia";"Decrescente";"Chuva";"Dupla";"Reta";"Não";4;0;3;1;0;0;4;1;-21,71691653;-45,37736535;"SPRF-MG";"DEL16-MG";"UOP02-DEL16-MG"
183519;2019-01-05;"sábado";"08:20:00";"DF";70;9,2;"BRASILIA";"Falta de Atenção à Condução";"Colisão lateral";"Com Vítimas Feridas";"Pleno dia";"Decrescente";"Céu Claro";"Dupla";"Reta";"Sim";2;0;1;0;1;0;1;2;-15,784615;-48,132023;"SPRF-DF";"DEL01-DF";"UOP02-DEL03-DF"
183520;2019-01-05;"sábado";"07:30:00";"MT";364;358;"SANTO ANTONIO DO LEVERGER";"Velocidade Incompatível";"Saída de leito carroçável";"Com Vítimas Feridas";"Pleno dia";"Crescente";"Chuva";"Dupla";"Reta";"Não";2;0;1;0;1;0;1;1;-15,777861;-55,614037;"SPRF-MT";"DEL02-MT";"UOP02-DEL01-MT"
183522;2019-01-05;"sábado";"09:10:00";"PR";163;153,8;"SANTA LUCIA";"Falta de Atenção à Condução";"Colisão frontal";"Com Vítimas Feridas";"Pleno dia";"Crescente";"Nublado";"Simples";"Curva";"Não";4;0;1;0;3;0;1;2;-25,394;-53,5766;"SPRF-PR";"DEL04-PR";"UOP05-DEL05-PR"
183523;2019-01-05;"sábado";"06:40:00";"RS";116;246,7;"SAO LEOPOLDO";"Falta de Atenção à Condução";"Colisão lateral";"Com Vítimas Feridas";"Pleno dia";"Decrescente";"Nublado";"Dupla";"Reta";"Sim";2;0;1;0;0;1;1;2;-29,76421483;-51,15353649;"SPRF-RS";"DEL01-RS";"UOP02-DEL01-RS"
183524;2019-01-05;"sábado";"09:10:00";"PR";116;56;"CAMPINA GRANDE DO SUL";"Falta de Atenção à Condução";"Saída de leito carroçável";"Sem Vítimas";"Pleno dia";"Decrescente";"Chuva";"Dupla";"Reta";"Não";2;0;0;0;2;0;0;1;-25,280983;-48,927372;"SPRF-PR";"DEL01-PR";"UOP02-DEL01-PR"
183525;2019-01-05;"sábado";"07:50:00";"SC";470;63,3;"INDAIAL";"Falta de Atenção à Condução";"Colisão frontal";"Com Vítimas Feridas";"Pleno dia";"Decrescente";"Céu Claro";"Simples";"Curva";"Sim";2;0;0;1;1;0;1;2;-26,872396;-49,19228;"SPRF-SC";"DEL04-SC";"UOP01-DEL04-SC"
183527;2019-01-05;"sábado";"09:25:00";"SP";116;513;"CAJATI";"Velocidade Incompatível";"Colisão com objeto estático";"Com Vítimas Feridas";"Pleno dia";"Decrescente";"Chuva";"Dupla";"Curva";"Não";2;0;1;0;1;0;1;1;-24,85249515;-48,210295;"SPRF-SP";"DEL05-SP";"UAP01-DEL05-SP"
183528;2019-01-05;"sábado";"09:00:00";"RN";101;102;"PARNAMIRIM";"Não guardar distância de segurança";"Colisão transversal";"Com Vítimas Feridas";"Pleno dia";"Crescente";"Céu Claro";"Múltipla";"Interseção de Vias";"Sim";3;0;2;0;1;0;2;2;-5,88861;-35,24033;"SPRF-RN";"DEL01-RN";"UOP01-DEL01-RN"
183529;2019-01-05;"sábado";"07:00:00";"RO";319;64;"PORTO VELHO";"Falta de Atenção à Condução";"Colisão transversal";"Com Vítimas Feridas";"Pleno dia";"Crescente";"Sol";"Múltipla";"Reta";"Sim";2;0;1;0;1;0;1;2;-8,76611942;-63,88460755;"SPRF-RO";"DEL01-RO";"UOP01-DEL01-RO"
183530;2019-01-05;"sábado";"08:00:00";"RJ";40;105;"DUQUE DE CAXIAS";"Mal Súbito";"Colisão frontal";"Com Vítimas Feridas";"Pleno dia";"Decrescente";"Nublado";"Múltipla";"Aclive";"Sim";2;0;1;0;1;0;1;2;-22,6476;-43,2836;"SPRF-RJ";"DEL01-RJ";"UOP01-DEL01-RJ"
183532;2019-01-04;"sexta-feira";"16:00:00";"RO";429;83,4;"ALVORADA DOESTE";"Falta de Atenção à Condução";"Saída de leito carroçável";"Com Vítimas Feridas";"Pleno dia";"Crescente";"Nublado";"Simples";"Curva";"Não";1;0;1;0;0;0;1;1;-11,287348;-62,230793;"SPRF-RO";"DEL02-RO";"UOP03-DEL02-RO"
183533;2019-01-05;"sábado";"10:00:00";"ES";259;49;"COLATINA";"Desobediência às normas de trânsito pelo condutor";"Colisão transversal";"Com Vítimas Feridas";"Pleno dia";"Crescente";"Céu Claro";"Simples";"Interseção de Vias";"Não";2;0;1;0;1;0;1;2;-19,518734;-40,600407;"SPRF-ES";"DEL02-ES";"UOP01-DEL02-ES"
183534;2019-01-05;"sábado";"10:10:00";"RJ";101;67,3;"CAMPOS DOS GOYTACAZES";"Não guardar distância de segurança";"Colisão traseira";"Com Vítimas Feridas";"Pleno dia";"Decrescente";"Céu Claro";"Simples";"Reta";"Sim";3;0;1;0;2;0;1;2;-21,769842;-41,353246;"SPRF-RJ";"DEL08-RJ";"UOP02-DEL08-RJ"
183535;2019-01-05;"sábado";"09:20:00";"PR";116;51;"CAMPINA GRANDE DO SUL";"Velocidade Incompatível";"Saída de leito carroçável";"Com Vítimas Feridas";"Pleno dia";"Decrescente";"Chuva";"Dupla";"Curva";"Não";2;0;1;0;1;0;1;1;-25,24455524;-48,90226543;"SPRF-PR";"DEL01-PR";"UOP02-DEL01-PR"
183539;2019-01-05;"sábado";"07:25:00";"AC";364;129;"RIO BRANCO";"Falta de Atenção à Condução";"Colisão lateral";"Com Vítimas Feridas";"Pleno dia";"Crescente";"Céu Claro";"Simples";"Reta";"Não";3;0;3;0;0;0;3;2;-10,028815;-67,829361;"SPRF-AC";"DEL01-AC";"UOP01-DEL01-AC"
183541;2019-01-05;"sábado";"10:00:00";"PR";277;553,3;"CASCAVEL";"Falta de Atenção à Condução";"Colisão traseira";"Com Vítimas Feridas";"Pleno dia";"Decrescente";"Garoa/Chuvisco";"Simples";"Reta";"Não";4;0;4;0;0;0;4;2;-25,08460258;-53,16651326;"SPRF-PR";"DEL04-PR";"UOP04-DEL04-PR"
183542;2019-01-05;"sábado";"09:45:00";"SP";116;277;"EMBU DAS ARTES";"Falta de Atenção à Condução";"Colisão com objeto estático";"Com Vítimas Feridas";"Pleno dia";"Decrescente";"Chuva";"Dupla";"Reta";"Não";1;0;0;1;0;0;1;1;-23,65175753;-46,84707642;"SPRF-SP";"DEL04-SP";"UOP01-DEL04-SP"
183544;2019-01-05;"sábado";"11:20:00";"RS";290;115;"ELDORADO DO SUL";"Falta de Atenção à Condução";"Colisão lateral";"Sem Vítimas";"Pleno dia";"Crescente";"Céu Claro";"Simples";"Reta";"Não";6;0;0;0;6;0;0;2;-30,045572;-51,357651;"SPRF-RS";"DEL02-RS";"UOP01-DEL02-RS"
183547;2019-01-05;"sábado";"11:20:00";"GO";153;506,6;"APARECIDA DE GOIANIA";"Defeito Mecânico no Veículo";"Colisão traseira";"Sem Vítimas";"Pleno dia";"Decrescente";"Chuva";"Dupla";"Reta";"Sim";5;0;0;0;5;0;0;2;-16,7633;-49,24;"SPRF-GO";"DEL01-GO";"UOP01-DEL01-GO"
183548;2019-01-05;"sábado";"10:45:00";"CE";116;1,8;"FORTALEZA";"Não guardar distância de segurança";"Colisão traseira";"Com Vítimas Feridas";"Pleno dia";"Decrescente";"Sol";"Múltipla";"Reta";"Sim";2;0;1;0;1;0;1;2;-3,765454;-38,518085;"SPRF-CE";"DEL01-CE";"UOP02-DEL01-CE"
183549;2019-01-05;"sábado";"11:40:00";"SP";381;69,5;"MAIRIPORA";"Pista Escorregadia";"Capotamento";"Com Vítimas Feridas";"Pleno dia";"Decrescente";"Garoa/Chuvisco";"Dupla";"Curva";"Não";2;0;1;0;1;0;1;1;-23,34854045;-46,56092978;"SPRF-SP";"DEL03-SP";"UOP01-DEL03-SP"
183551;2019-01-05;"sábado";"11:45:00";"GO";40;2;"VALPARAISO DE GOIAS";"Falta de Atenção à Condução";"Engavetamento";"Com Vítimas Feridas";"Pleno dia";"Decrescente";"Céu Claro";"Dupla";"Reta";"Sim";6;0;1;0;5;0;1;3;-16,067129;-47,984235;"SPRF-DF";"DEL01-DF";"UOP01-DEL01-DF"
183552;2019-01-05;"sábado";"09:42:00";"RS";472;417;"SAO BORJA";"Defeito na Via";"Saída de leito carroçável";"Com Vítimas Feridas";"Pleno dia";"Crescente";"Céu Claro";"Simples";"Reta";"Não";5;0;2;2;1;0;4;1;-28,82152026;-56,05648837;"SPRF-RS";"DEL12-RS";"UOP01-DEL12-RS"
183554;2019-01-05;"sábado";"12:30:00";"MG";40;786,4;"JUIZ DE FORA";"Avarias e/ou desgaste excessivo no pneu";"Colisão com objeto estático";"Com Vítimas Feridas";"Pleno dia";"Decrescente";"Céu Claro";"Dupla";"Curva";"Não";2;0;2;0;0;0;2;1;-21,7522;-43,4452;"SPRF-MG";"DEL05-MG";"UOP01-DEL05-MG"
183555;2019-01-05;"sábado";"12:10:00";"SC";101;203,2;"SAO JOSE";"Desobediência às normas de trânsito pelo condutor";"Colisão lateral";"Com Vítimas Feridas";"Pleno dia";"Crescente";"Nublado";"Múltipla";"Interseção de Vias";"Sim";3;0;1;0;2;0;1;2;-27,5742;-48,6134;"SPRF-SC";"DEL01-SC";"UOP01-DEL01-SC"
183560;2019-01-05;"sábado";"09:00:00";"BA";418;90,5;"NOVA VICOSA";"Falta de Atenção à Condução";"Colisão transversal";"Com Vítimas Feridas";"Pleno dia";"Crescente";"Céu Claro";"Simples";"Reta";"Sim";3;0;0;1;2;0;1;3;-17,88480404;-39,87278245;"SPRF-BA";"DEL09-BA";"UOP02-DEL09-BA"
183561;2019-01-05;"sábado";"13:00:00";"SC";101;206;"SAO JOSE";"Defeito Mecânico no Veículo";"Colisão traseira";"Com Vítimas Feridas";"Pleno dia";"Crescente";"Céu Claro";"Dupla";"Reta";"Sim";5;0;1;0;4;0;1;4;-27,6001;-48,6225;"SPRF-SC";"DEL01-SC";"UOP01-DEL01-SC"
183564;2019-01-05;"sábado";"12:20:00";"AL";104;88,9;"RIO LARGO";"Falta de Atenção do Pedestre";"Atropelamento de Pedestre";"Com Vítimas Feridas";"Pleno dia";"Crescente";"Céu Claro";"Dupla";"Reta";"Sim";3;0;0;2;0;1;2;3;-9,48139219;-35,8192277;"SPRF-AL";"DEL01-AL";"UOP01-DEL01-AL"
183565;2019-01-05;"sábado";"11:30:00";"PR";116;23;"ANTONINA";"Velocidade Incompatível";"Capotamento";"Com Vítimas Feridas";"Pleno dia";"Decrescente";"Chuva";"Dupla";"Curva";"Não";1;0;1;0;0;0;1;1;-25,110476;-48,75592;"SPRF-PR";"DEL01-PR";"UOP02-DEL01-PR"
183566;2019-01-05;"sábado";"13:20:00";"SC";282;4;"FLORIANOPOLIS";"Falta de Atenção à Condução";"Colisão lateral";"Com Vítimas Feridas";"Pleno dia";"Crescente";"Nublado";"Dupla";"Reta";"Sim";2;0;1;0;1;0;1;2;-27,592646;-48,604034;"SPRF-SC";"DEL01-SC";"UOP01-DEL01-SC"
183567;2019-01-05;"sábado";"11:40:00";"MG";262;400,1;"PARA DE MINAS";"Pista Escorregadia";"Tombamento";"Com Vítimas Feridas";"Pleno dia";"Decrescente";"Céu Claro";"Simples";"Retorno Regulamentado;Curva";"Sim";1;0;1;0;0;0;1;1;-19,8819;-44,6125;"SPRF-MG";"DEL01-MG";"UOP03-DEL01-MG"
183569;2019-01-05;"sábado";"14:00:00";"SC";101;206,8;"SAO JOSE";"Não guardar distância de segurança";"Colisão lateral";"Com Vítimas Feridas";"Pleno dia";"Crescente";"Nublado";"Múltipla";"Reta";"Sim";2;0;1;0;1;0;1;2;-27,6001;-48,6225;"SPRF-SC";"DEL01-SC";"UOP01-DEL01-SC"
183570;2019-01-05;"sábado";"13:00:00";"MG";381;729,9;"CARMO DA CACHOEIRA";"Pista Escorregadia";"Saída de leito carroçável";"Com Vítimas Feridas";"Pleno dia";"Decrescente";"Chuva";"Dupla";"Curva";"Não";3;0;2;0;1;0;2;1;-21,503;-45,215;"SPRF-MG";"DEL04-MG";"UOP02-DEL04-MG"
183571;2019-01-05;"sábado";"13:40:00";"MG";381;820,9;"CAREACU";"Ingestão de Álcool";"Colisão transversal";"Com Vítimas Feridas";"Pleno dia";"Crescente";"Chuva";"Dupla";"Reta;Declive;Retorno Regulamentado";"Não";6;0;6;0;0;0;6;2;-22,07583716;-45,70222378;"SPRF-MG";"DEL16-MG";"UOP02-DEL16-MG"
183572;2019-01-05;"sábado";"12:00:00";"PR";277;233,1;"FERNANDES PINHEIRO";"Falta de Atenção à Condução";"Colisão traseira";"Com Vítimas Feridas";"Pleno dia";"Decrescente";"Nublado";"Simples";"Retorno Regulamentado";"Não";3;0;0;1;2;0;1;2;-25,46436244;-50,56858854;"SPRF-PR";"DEL03-PR";"UOP02-DEL08-PR"
183574;2019-01-05;"sábado";"10:10:00";"RO";364;430;"JARU";"Falta de Atenção à Condução";"Colisão lateral";"Com Vítimas Feridas";"Pleno dia";"Decrescente";"Céu Claro";"Simples";"Reta";"Não";2;0;1;0;1;0;1;2;-10,410982;-62,510101;"SPRF-RO";"DEL03-RO";"UOP02-DEL03-RO"
183576;2019-01-05;"sábado";"12:00:00";"RJ";40;55,3;"PETROPOLIS";"Falta de Atenção à Condução";"Colisão transversal";"Com Vítimas Feridas";"Pleno dia";"Decrescente";"Nublado";"Dupla";"Retorno Regulamentado";"Sim";5;0;1;0;4;0;1;2;-22,3627;-43,1268;"SPRF-RJ";"DEL06-RJ";"UOP01-DEL06-RJ"
183577;2019-01-05;"sábado";"14:00:00";"GO";40;145;"CRISTALINA";"Ultrapassagem Indevida";"Colisão transversal";"Com Vítimas Fatais";"Pleno dia";"Decrescente";"Chuva";"Dupla";"Reta;Aclive";"Não";6;3;2;1;0;0;3;2;-16,986227;-47,24949;"SPRF-DF";"DEL01-DF";"UOP02-DEL01-DF"
183579;2019-01-05;"sábado";"13:20:00";"MG";153;165,1;"COMENDADOR GOMES";"Pista Escorregadia";"Saída de leito carroçável";"Com Vítimas Feridas";"Pleno dia";"Decrescente";"Chuva";"Simples";"Reta";"Não";3;0;1;0;2;0;1;1;-19,66580537;-48,98397419;"SPRF-MG";"DEL13-MG";"UOP02-DEL13-MG"
183581;2019-01-05;"sábado";"14:30:00";"RS";386;381,2;"TABAI";"Velocidade Incompatível";"Saída de leito carroçável";"Com Vítimas Fatais";"Pleno dia";"Crescente";"Nublado";"Dupla";"Reta";"Não";1;1;0;0;0;0;0;1;-29,66784576;-51,73684154;"SPRF-RS";"DEL04-RS";"UOP02-DEL04-RS"
183583;2019-01-05;"sábado";"14:35:00";"SC";101;146;"ITAPEMA";"Falta de Atenção à Condução";"Colisão traseira";"Com Vítimas Feridas";"Pleno dia";"Decrescente";"Nublado";"Dupla";"Reta";"Sim";3;0;1;0;2;0;1;3;-27,0918;-48,6168;"SPRF-SC";"DEL04-SC";"UOP03-DEL04-SC"
183585;2019-01-05;"sábado";"13:20:00";"SP";116;291,8;"ITAPECERICA DA SERRA";"Velocidade Incompatível";"Capotamento";"Com Vítimas Feridas";"Pleno dia";"Decrescente";"Chuva";"Dupla";"Reta";"Não";2;0;1;0;1;0;1;1;-23,7306406;-46,89437281;"SPRF-SP";"DEL04-SP";"UOP01-DEL04-SP"
183586;2019-01-05;"sábado";"13:45:00";"PA";163;999;"SANTAREM";"Não guardar distância de segurança";"Colisão traseira";"Com Vítimas Feridas";"Pleno dia";"Decrescente";"Céu Claro";"Simples";"Reta";"Não";4;0;3;0;1;0;3;3;-2,48046421;-54,73110887;"SPRF-PA";"DEL05-PA";"UOP01-DEL05-PA"
183587;2019-01-05;"sábado";"15:00:00";"RJ";40;105;"DUQUE DE CAXIAS";"Falta de Atenção do Pedestre";"Colisão transversal";"Com Vítimas Feridas";"Pleno dia";"Decrescente";"Nublado";"Dupla";"Declive";"Sim";2;0;1;0;1;0;1;2;-22,6476;-43,2836;"SPRF-RJ";"DEL01-RJ";"UOP01-DEL01-RJ"
183588;2019-01-05;"sábado";"14:00:00";"PE";101;21,2;"GOIANA";"Falta de Atenção à Condução";"Colisão traseira";"Com Vítimas Feridas";"Pleno dia";"Decrescente";"Céu Claro";"Dupla";"Reta";"Não";3;0;3;0;0;0;3;2;-7,6764;-34,928;"SPRF-PE";"DEL01-PE";"UOP02-DEL01-PE"
183589;2019-01-05;"sábado";"10:25:00";"SC";282;210,8;"LAGES";"Desobediência às normas de trânsito pelo condutor";"Engavetamento";"Com Vítimas Feridas";"Pleno dia";"Crescente";"Céu Claro";"Simples";"Reta";"Não";10;0;1;0;9;0;1;4;-27,778582;-50,231815;"SPRF-SC";"DEL05-SC";"UOP01-DEL05-SC"
183590;2019-01-05;"sábado";"14:40:00";"BA";324;599;"SIMOES FILHO";"Falta de Atenção à Condução";"Colisão com objeto estático";"Com Vítimas Feridas";"Pleno dia";"Decrescente";"Céu Claro";"Dupla";"Reta";"Não";2;0;1;1;0;0;2;1;-12,75963955;-38,42644812;"SPRF-BA";"DEL01-BA";"UOP01-DEL01-BA"
183591;2019-01-05;"sábado";"14:30:00";"BA";116;905,8;"CANDIDO SALES";"Falta de Atenção à Condução";"Tombamento";"Com Vítimas Feridas";"Pleno dia";"Decrescente";"Sol";"Simples";"Reta";"Não";2;0;2;0;0;0;2;1;-15,47979;-41,24306;"SPRF-BA";"DEL08-BA";"UOP03-DEL08-BA"
183592;2019-01-05;"sábado";"15:35:00";"SC";153;78,7;"IRANI";"Desobediência às normas de trânsito pelo condutor";"Colisão transversal";"Com Vítimas Feridas";"Pleno dia";"Decrescente";"Nublado";"Simples";"Reta";"Não";6;0;5;0;1;0;5;2;-27,10668;-51,900246;"SPRF-SC";"DEL07-SC";"UOP04-DEL07-SC"
183593;2019-01-05;"sábado";"14:20:00";"MG";381;687,8;"LAVRAS";"Velocidade Incompatível";"Tombamento";"Com Vítimas Fatais";"Pleno dia";"Decrescente";"Céu Claro";"Dupla";"Aclive;Curva;Interseção de Vias";"Não";3;1;0;0;2;0;0;2;-21,1864;-45,1173;"SPRF-MG";"DEL04-MG";"UOP02-DEL04-MG"
183595;2019-01-05;"sábado";"16:45:00";"SP";153;208,9;"GUAIMBE";"Ingestão de Álcool";"Colisão transversal";"Com Vítimas Feridas";"Pleno dia";"Decrescente";"Chuva";"Simples";"Interseção de Vias";"Não";4;0;1;0;3;0;1;2;-21,891123;-49,910141;"SPRF-SP";"DEL07-SP";"UOP02-DEL07-SP"
183596;2019-01-05;"sábado";"17:09:00";"SP";153;60,9;"SAO JOSE DO RIO PRETO";"Falta de Atenção à Condução";"Tombamento";"Com Vítimas Feridas";"Pleno dia";"Decrescente";"Garoa/Chuvisco";"Dupla";"Ponte";"Sim";1;0;1;0;0;0;1;1;-20,79628;-49,354801;"SPRF-SP";"DEL09-SP";"UOP01-DEL09-SP"
183598;2019-01-05;"sábado";"15:55:00";"BA";324;575;"SAO SEBASTIAO DO PASSE";"Condutor Dormindo";"Capotamento";"Com Vítimas Feridas";"Pleno dia";"Crescente";"Céu Claro";"Dupla";"Reta";"Não";2;0;2;0;0;0;2;1;-12,5904182;-38,52201462;"SPRF-BA";"DEL01-BA";"UOP01-DEL01-BA"
183599;2019-01-05;"sábado";"15:15:00";"SC";101;148;"ITAPEMA";"Mal Súbito";"Colisão lateral";"Sem Vítimas";"Pleno dia";"Decrescente";"Nublado";"Dupla";"Reta";"Sim";2;0;0;0;2;0;0;2;-27,109;-48,6126;"SPRF-SC";"DEL04-SC";"UOP03-DEL04-SC"
183600;2019-01-05;"sábado";"15:00:00";"BA";415;25,1;"ILHEUS";"Falta de Atenção à Condução";"Colisão lateral";"Com Vítimas Feridas";"Pleno dia";"Crescente";"Céu Claro";"Simples";"Curva";"Não";3;0;2;0;1;0;2;2;-14,8482;-39,281986;"SPRF-BA";"DEL05-BA";"UOP01-DEL05-BA"
183601;2019-01-05;"sábado";"16:20:00";"PE";101;106;"CABO DE SANTO AGOSTINHO";"Falta de Atenção à Condução";"Saída de leito carroçável";"Com Vítimas Feridas";"Pleno dia";"Decrescente";"Céu Claro";"Dupla";"Curva";"Não";4;0;3;1;0;0;4;1;-8,3098;-35,0821;"SPRF-PE";"DEL01-PE";"UOP03-DEL01-PE"
183602;2019-01-05;"sábado";"17:10:00";"PR";277;366,6;"GUARAPUAVA";"Falta de Atenção à Condução";"Colisão frontal";"Com Vítimas Feridas";"Pleno dia";"Decrescente";"Chuva";"Simples";"Reta;Declive";"Não";3;0;1;0;2;0;1;2;-25,422472;-51,665939;"SPRF-PR";"DEL03-PR";"UOP01-DEL08-PR"
183603;2019-01-05;"sábado";"14:55:00";"PR";376;300,3;"MAUA DA SERRA";"Falta de Atenção à Condução";"Saída de leito carroçável";"Com Vítimas Feridas";"Pleno dia";"Decrescente";"Chuva";"Dupla";"Curva";"Não";4;0;4;0;0;0;4;1;-23,93668251;-51,1636734;"SPRF-PR";"DEL07-PR";"UOP02-DEL07-PR"
183605;2019-01-05;"sábado";"16:00:00";"MA";316;477,5;"CODO";"Defeito Mecânico no Veículo";"Incêndio";"Sem Vítimas";"Pleno dia";"Crescente";"Céu Claro";"Simples";"Curva";"Não";1;0;0;0;1;0;0;1;-4,609521;-43,935574;"SPRF-MA";"DEL03-MA";"UOP02-DEL03-MA"
183606;2019-01-05;"sábado";"17:00:00";"RJ";101;463,5;"ANGRA DOS REIS";"Condutor Dormindo";"Saída de leito carroçável";"Com Vítimas Feridas";"Pleno dia";"Decrescente";"Céu Claro";"Simples";"Curva";"Não";3;0;3;0;0;0;3;1;-23,02823755;-44,21686848;"SPRF-RJ";"DEL03-RJ";"UOP03-DEL03-RJ"
183608;2019-01-05;"sábado";"17:00:00";"PA";230;123;"MARABA";"Falta de Atenção à Condução";"Colisão traseira";"Com Vítimas Feridas";"Pleno dia";"Crescente";"Céu Claro";"Simples";"Reta";"Sim";2;0;1;0;0;1;1;2;-5,368395;-49,128872;"SPRF-PA";"DEL03-PA";"UOP01-DEL03-PA"
183609;2019-01-05;"sábado";"16:00:00";"MA";135;1;"SAO LUIS";"Falta de Atenção à Condução";"Saída de leito carroçável";"Com Vítimas Feridas";"Pleno dia";"Decrescente";"Chuva";"Dupla";"Declive";"Sim";2;0;2;0;0;0;2;1;-2,53073;-44,3068;"SPRF-MA";"DEL01-MA";"UOP01-DEL01-MA"
183610;2019-01-05;"sábado";"16:20:00";"RJ";116;76;"TERESOPOLIS";"Falta de Atenção à Condução";"Colisão lateral";"Com Vítimas Feridas";"Pleno dia";"Crescente";"Céu Claro";"Simples";"Reta";"Sim";2;0;1;0;0;1;1;2;-22,361216;-42,948738;"SPRF-RJ";"DEL04-RJ";"UOP01-DEL04-RJ"
183612;2019-01-05;"sábado";"09:00:00";"SC";280;100,2;"SAO BENTO DO SUL";"Pista Escorregadia";"Saída de leito carroçável";"Com Vítimas Feridas";"Pleno dia";"Decrescente";"Chuva";"Simples";"Curva";"Não";2;0;1;0;1;0;1;1;-26,371477;-49,330688;"SPRF-SC";"DEL06-SC";"UOP03-DEL06-SC"
183613;2019-01-05;"sábado";"17:20:00";"BA";242;786;"BARREIRAS";"Desobediência às normas de trânsito pelo condutor";"Atropelamento de Pedestre";"Com Vítimas Feridas";"Pleno dia";"Crescente";"Sol";"Simples";"Interseção de Vias";"Não";3;0;0;1;0;2;1;2;-12,140763;-44,947147;"SPRF-BA";"DEL10-BA";"UOP01-DEL10-BA"
183614;2019-01-05;"sábado";"17:45:00";"CE";20;403,6;"CAUCAIA";"Desobediência às normas de trânsito pelo condutor";"Colisão transversal";"Com Vítimas Feridas";"Anoitecer";"Decrescente";"Céu Claro";"Simples";"Retorno Regulamentado";"Não";3;0;0;2;1;0;2;2;-3,76999;-38,670063;"SPRF-CE";"DEL01-CE";"UOP01-DEL01-CE"
183615;2019-01-05;"sábado";"17:50:00";"AL";101;185;"JUNQUEIRO";"Falta de Atenção à Condução";"Colisão transversal";"Com Vítimas Feridas";"Anoitecer";"Decrescente";"Nublado";"Dupla";"Reta";"Sim";6;0;6;0;0;0;6;2;-9,89846779;-36,44010544;"SPRF-AL";"DEL02-AL";"UOP02-DEL02-AL"
183616;2019-01-05;"sábado";"19:00:00";"MG";381;913;"CAMANDUCAIA";"Velocidade Incompatível";"Capotamento";"Com Vítimas Feridas";"Anoitecer";"Decrescente";"Chuva";"Dupla";"Curva";"Não";3;0;1;0;2;0;1;1;-22,7206;-46,1292;"SPRF-MG";"DEL16-MG";"UOP03-DEL16-MG"
183617;2019-01-05;"sábado";"19:25:00";"SC";282;462,2;"PONTE SERRADA";"Restrição de Visibilidade";"Colisão transversal";"Sem Vítimas";"Anoitecer";"Crescente";"Céu Claro";"Simples";"Reta";"Sim";2;0;0;0;2;0;0;2;-26,857594;-52,050583;"SPRF-SC";"DEL07-SC";"UOP04-DEL07-SC"
183619;2019-01-05;"sábado";"17:30:00";"RO";364;357;"JI-PARANA";"Ultrapassagem Indevida";"Saída de leito carroçável";"Com Vítimas Feridas";"Anoitecer";"Crescente";"Céu Claro";"Simples";"Reta";"Não";1;0;1;0;0;0;1;1;-10,795544;-62,033264;"SPRF-RO";"DEL02-RO";"UOP01-DEL02-RO"
183620;2019-01-05;"sábado";"14:20:00";"SC";280;99,9;"SAO BENTO DO SUL";"Falta de Atenção à Condução";"Saída de leito carroçável";"Com Vítimas Feridas";"Pleno dia";"Crescente";"Chuva";"Múltipla";"Curva";"Não";2;0;2;0;0;0;2;1;-26,37587;-49,325443;"SPRF-SC";"DEL06-SC";"UOP03-DEL06-SC"
183621;2019-01-05;"sábado";"17:40:00";"PR";369;137;"IBIPORA";"Falta de Atenção à Condução";"Colisão transversal";"Com Vítimas Feridas";"Anoitecer";"Decrescente";"Nublado";"Simples";"Rotatória";"Sim";2;0;1;0;1;0;1;2;-23,27194244;-51,05175018;"SPRF-PR";"DEL07-PR";"UOP01-DEL07-PR"
183622;2019-01-05;"sábado";"14:45:00";"RS";285;156,3;"MUITOS CAPOES";"Condutor Dormindo";"Colisão frontal";"Com Vítimas Feridas";"Pleno dia";"Crescente";"Sol";"Simples";"Aclive;Reta";"Sim";2;0;1;0;1;0;1;2;-28,325294;-51,187935;"SPRF-RS";"DEL05-RS";"UOP03-DEL05-RS"
183623;2019-01-05;"sábado";"19:15:00";"SP";153;64;"SAO JOSE DO RIO PRETO";"Pista Escorregadia";"Tombamento";"Com Vítimas Feridas";"Anoitecer";"Crescente";"Chuva";"Dupla";"Declive";"Sim";1;0;1;0;0;0;1;1;-20,829193;-49,360462;"SPRF-SP";"DEL09-SP";"UOP01-DEL09-SP"
183624;2019-01-05;"sábado";"16:00:00";"RJ";101;275;"TANGUA";"Condutor Dormindo";"Saída de leito carroçável";"Com Vítimas Feridas";"Pleno dia";"Crescente";"Garoa/Chuvisco";"Dupla";"Reta";"Não";2;0;1;0;1;0;1;1;-22,73654;-42,72913;"SPRF-RJ";"DEL02-RJ";"UOP03-DEL02-RJ"
183625;2019-01-05;"sábado";"19:00:00";"PE";232;264,1;"BUIQUE";"Falta de Atenção à Condução";"Saída de leito carroçável";"Com Vítimas Feridas";"Plena Noite";"Crescente";"Nublado";"Simples";"Reta";"Não";1;0;1;0;0;0;1;1;-8,40974798;-37,15285454;"SPRF-PE";"DEL03-PE";"UOP02-DEL03-PE"
183626;2019-01-05;"sábado";"19:10:00";"SP";381;6;"VARGEM";"Falta de Atenção à Condução";"Colisão com objeto estático";"Com Vítimas Feridas";"Plena Noite";"Decrescente";"Chuva";"Dupla";"Reta";"Sim";2;0;2;0;0;0;2;1;-22,897209;-46,418674;"SPRF-SP";"DEL03-SP";"UOP02-DEL03-SP"