"id";"data_inversa";"dia_semana";"horario";"uf";"br";"km";"municipio";"causa_acidente";"tipo_acidente";"classificacao_acidente";"fase_dia";"sentido_via";"condicao_metereologica";"tipo_pista";"tracado_via";"uso_solo";"pessoas";"mortos";"feridos_leves";"feridos_graves";"ilesos";"ignorados";"feridos";"veiculos";"latitude";"longitude";"regional";"delegacia";"uop"
183744;2019-01-06;"domingo";"14:40:00";"GO";364;214;"JATAI";"Pista Escorregadia";"Saída de leito carroçável";"Com Vítimas Feridas";"Pleno dia";"Decrescente";"Chuva";"Simples";"Curva";"Não";2;0;1;0;1;0;1;1;-17,876808;-51,872562;"SPRF-GO";"DEL05-GO";"UOP01-DEL05-GO"
183747;2019-01-06;"domingo";"14:00:00";"MS";419;296,6;"NIOAQUE";"Condutor Dormindo";"Capotamento";"Com Vítimas Feridas";"Pleno dia";"Decrescente";"Céu Claro";"Simples";"Curva";"Não";1;0;1;0;0;0;1;1;-20,887465;-55,836407;"SPRF-MS";"DEL03-MS";"UOP01-DEL03-MS"
183748;2019-01-06;"domingo";"15:30:00";"MG";381;1;"BETIM";"Carga excessiva e/ou mal acondicionada";"Danos eventuais";"Sem Vítimas";"Pleno dia";"Crescente";"Sol";"Dupla";"Reta";"Sim";2;0;0;0;2;0;0;1;-19,96624983;-44,1942215;"SPRF-MG";"DEL01-MG";"UOP03-DEL01-MG"
183749;2019-01-06;"domingo";"15:10:00";"RS";158;264,7;"JULIO DE CASTILHOS";"Desobediência às normas de trânsito pelo condutor";"Colisão transversal";"Com Vítimas Feridas";"Pleno dia";"Decrescente";"Nublado";"Simples";"Declive;Reta";"Sim";5;0;2;2;0;1;4;2;-29,238945;-53,665611;"SPRF-RS";"DEL09-RS";"UOP01-DEL09-RS"
183752;2019-01-06;"domingo";"15:20:00";"RS";386;435,5;"NOVA SANTA RITA";"Desobediência às normas de trânsito pelo condutor";"Colisão transversal";"Com Vítimas Fatais";"Pleno dia";"Crescente";"Céu Claro";"Dupla";"Reta";"Não";2;1;0;0;1;0;0;2;-29,846369;-51,275738;"SPRF-RS";"DEL04-RS";"UOP02-DEL04-RS"
183754;2019-01-06;"domingo";"15:40:00";"PR";476;168,6;"CONTENDA";"Velocidade Incompatível";"Saída de leito carroçável";"Com Vítimas Fatais";"Pleno dia";"Crescente";"Nublado";"Simples";"Declive;Curva";"Não";3;1;2;0;0;0;2;1;-25,661057;-49,48967;"SPRF-PR";"DEL01-PR";"UOP06-DEL01-PR"
183755;2019-01-06;"domingo";"14:40:00";"MT";174;125;"MIRASSOL DOESTE";"Falta de Atenção à Condução";"Colisão transversal";"Com Vítimas Feridas";"Pleno dia";"Decrescente";"Sol";"Simples";"Interseção de Vias";"Não";3;0;1;0;2;0;1;2;-15,81981128;-58,08683574;"SPRF-MT";"DEL03-MT";"UOP01-DEL03-MT"
183756;2019-01-06;"domingo";"15:25:00";"BA";367;36;"PORTO SEGURO";"Animais na Pista";"Atropelamento de Animal";"Com Vítimas Feridas";"Pleno dia";"Decrescente";"Céu Claro";"Simples";"Reta";"Não";2;0;2;0;0;0;2;1;-16,40287;-39,177658;"SPRF-BA";"DEL09-BA";"UOP01-DEL09-BA"
183759;2019-01-06;"domingo";"16:30:00";"MG";40;519;"RIBEIRAO DAS NEVES";"Não guardar distância de segurança";"Colisão traseira";"Com Vítimas Feridas";"Pleno dia";"Crescente";"Sol";"Dupla";"Retorno Regulamentado";"Sim";2;0;1;0;1;0;1;2;-19,8511;-44,0724;"SPRF-MG";"DEL01-MG";"UOP03-DEL01-MG"
183760;2019-01-06;"domingo";"16:00:00";"RJ";116;48;"TERESOPOLIS";"Falta de Atenção à Condução";"Colisão transversal";"Com Vítimas Feridas";"Pleno dia";"Crescente";"Céu Claro";"Simples";"Reta";"Sim";2;0;0;1;1;0;1;2;-22,176069;-42,839436;"SPRF-RJ";"DEL04-RJ";"UOP01-DEL04-RJ"
183763;2019-01-06;"domingo";"16:40:00";"GO";153;546;"PIRACANJUBA";"Falta de Atenção à Condução";"Capotamento";"Com Vítimas Feridas";"Pleno dia";"Decrescente";"Nublado";"Dupla";"Declive";"Não";1;0;1;0;0;0;1;1;-17,1069;-49,2174;"SPRF-GO";"DEL01-GO";"UOP03-DEL01-GO"
183765;2019-01-06;"domingo";"12:20:00";"RJ";116;55,9;"TERESOPOLIS";"Falta de Atenção do Pedestre";"Atropelamento de Pedestre";"Com Vítimas Feridas";"Pleno dia";"Crescente";"Céu Claro";"Simples";"Curva";"Não";2;0;0;1;1;0;1;2;-22,203508;-42,888542;"SPRF-RJ";"DEL04-RJ";"UOP01-DEL04-RJ"
183766;2019-01-06;"domingo";"16:00:00";"RS";448;21;"CANOAS";"Falta de Atenção à Condução";"Saída de leito carroçável";"Com Vítimas Feridas";"Pleno dia";"Crescente";"Céu Claro";"Simples";"Curva";"Não";2;0;2;0;0;0;2;1;-29,96574;-51,202034;"SPRF-RS";"DEL01-RS";"UOP01-DEL01-RS"
183767;2019-01-06;"domingo";"11:30:00";"BA";330;782;"IPIAU";"Falta de Atenção à Condução";"Colisão transversal";"Com Vítimas Fatais";"Pleno dia";"Crescente";"Céu Claro";"Simples";"Reta";"Não";2;1;0;0;1;0;0;2;-14,16;-39,692;"SPRF-BA";"DEL03-BA";"UOP01-DEL03-BA"
183769;2019-01-06;"domingo";"17:00:00";"RS";290;90;"PORTO ALEGRE";"Desobediência às normas de trânsito pelo condutor";"Colisão traseira";"Com Vítimas Feridas";"Pleno dia";"Decrescente";"Céu Claro";"Múltipla";"Reta";"Sim";4;0;1;0;3;0;1;3;-29,968319;-51,157398;"SPRF-RS";"DEL01-RS";"UOP01-DEL01-RS"
183770;2019-01-06;"domingo";"17:00:00";"SP";381;74;"SAO PAULO";"Defeito Mecânico no Veículo";"Tombamento";"Com Vítimas Feridas";"Pleno dia";"Crescente";"Céu Claro";"Múltipla";"Curva";"Sim";2;0;1;0;1;0;1;1;-23,38614933;-46,5653007;"SPRF-SP";"DEL03-SP";"UOP01-DEL03-SP"
183772;2019-01-06;"domingo";"12:05:00";"SC";280;129,3;"RIO NEGRINHO";"Velocidade Incompatível";"Colisão com objeto estático";"Com Vítimas Feridas";"Pleno dia";"Decrescente";"Céu Claro";"Simples";"Ponte";"Sim";2;0;1;1;0;0;2;1;-26,245865;-49,522846;"SPRF-SC";"DEL06-SC";"UOP03-DEL06-SC"
183773;2019-01-06;"domingo";"18:00:00";"GO";40;92,7;"CRISTALINA";"Desobediência às normas de trânsito pelo condutor";"Colisão transversal";"Com Vítimas Feridas";"Pleno dia";"Crescente";"Nublado";"Simples";"Reta;Interseção de Vias";"Sim";8;0;4;0;4;0;4;2;-16,73428692;-47,62119412;"SPRF-DF";"DEL01-DF";"UOP02-DEL01-DF"
183775;2019-01-06;"domingo";"18:00:00";"RJ";356;157,7;"CAMPOS DOS GOYTACAZES";"Desobediência às normas de trânsito pelo condutor";"Colisão lateral";"Sem Vítimas";"Pleno dia";"Decrescente";"Céu Claro";"Simples";"Reta";"Não";4;0;0;0;4;0;0;2;-21,73816;-41,20485;"SPRF-RJ";"DEL08-RJ";"UOP02-DEL08-RJ"
183777;2019-01-06;"domingo";"18:00:00";"MG";381;519;"IGARAPE";"Falta de Atenção à Condução";"Colisão lateral";"Com Vítimas Feridas";"Anoitecer";"Decrescente";"Céu Claro";"Dupla";"Declive;Reta";"Não";3;0;1;0;2;0;1;2;-20,1127;-44,3091;"SPRF-MG";"DEL01-MG";"UOP03-DEL01-MG"
183778;2019-01-06;"domingo";"18:10:00";"ES";101;284;"CARIACICA";"Defeito Mecânico no Veículo";"Colisão com objeto estático";"Com Vítimas Feridas";"Pleno dia";"Crescente";"Céu Claro";"Dupla";"Curva";"Sim";1;0;1;0;0;0;1;1;-20,24694898;-40,37010323;"SPRF-ES";"DEL01-ES";"UOP01-DEL01-ES"
183781;2019-01-06;"domingo";"18:30:00";"SP";116;2;"GUARULHOS";"Não guardar distância de segurança";"Colisão traseira";"Com Vítimas Feridas";"Pleno dia";"Crescente";"Chuva";"Dupla";"Reta";"Sim";2;0;1;0;1;0;1;2;-23,44430785;-46,49436772;"SPRF-SP";"DEL08-SP";"UOP02-DEL08-SP"
183784;2019-01-06;"domingo";"15:45:00";"MG";50;155;"UBERABA";"Fenômenos da Natureza";"Saída de leito carroçável";"Com Vítimas Feridas";"Pleno dia";"Crescente";"Chuva";"Dupla";"Reta";"Não";4;0;3;0;1;0;3;1;-19,6157;-48,0192;"SPRF-MG";"DEL13-MG";"UOP01-DEL13-MG"
183785;2019-01-06;"domingo";"18:55:00";"ES";101;283,8;"CARIACICA";"Falta de Atenção à Condução";"Queda de ocupante de veículo";"Com Vítimas Feridas";"Anoitecer";"Crescente";"Céu Claro";"Dupla";"Declive;Reta";"Não";1;0;0;1;0;0;1;1;-20,23913765;-40,3698672;"SPRF-ES";"DEL01-ES";"UOP01-DEL01-ES"
183787;2019-01-06;"domingo";"18:15:00";"MT";163;859;"SINOP";"Avarias e/ou desgaste excessivo no pneu";"Capotamento";"Com Vítimas Feridas";"Anoitecer";"Decrescente";"Nublado";"Simples";"Reta";"Não";5;0;4;0;1;0;4;1;-11,67514625;-55,44663951;"SPRF-MT";"DEL06-MT";"UOP02-DEL06-MT"
183788;2019-01-06;"domingo";"19:00:00";"SC";101;203;"BIGUACU";"Desobediência às normas de trânsito pelo condutor";"Saída de leito carroçável";"Com Vítimas Feridas";"Pleno dia";"Crescente";"Céu Claro";"Dupla";"Reta";"Sim";2;0;1;0;1;0;1;1;-27,5742;-48,6134;"SPRF-SC";"DEL01-SC";"UOP01-DEL01-SC"
183789;2019-01-06;"domingo";"19:36:00";"MG";381;494;"BETIM";"Defeito Mecânico no Veículo";"Incêndio";"Sem Vítimas";"Anoitecer";"Crescente";"Nublado";"Múltipla";"Reta";"Sim";1;0;0;0;1;0;0;1;-19,9731;-44,1843;"SPRF-MG";"DEL01-MG";"UOP03-DEL01-MG"
183790;2019-01-06;"domingo";"19:10:00";"RS";290;94;"PORTO ALEGRE";"Velocidade Incompatível";"Colisão com objeto estático";"Com Vítimas Feridas";"Anoitecer";"Decrescente";"Céu Claro";"Simples";"Aclive";"Sim";1;0;1;0;0;0;1;1;-29,973856;-51,197853;"SPRF-RS";"DEL01-RS";"UOP01-DEL01-RS"
183791;2019-01-06;"domingo";"17:45:00";"RN";101;84;"SAO GONCALO DO AMARANTE";"Ingestão de Álcool";"Colisão traseira";"Com Vítimas Feridas";"Anoitecer";"Crescente";"Céu Claro";"Dupla";"Reta";"Sim";3;0;2;0;1;0;2;2;-5,774175;-35,257801;"SPRF-RN";"DEL02-RN";"UOP01-DEL02-RN"
183793;2019-01-06;"domingo";"17:35:00";"SC";470;122,1;"IBIRAMA";"Ingestão de álcool e/ou substâncias psicoativas pelo pedestre";"Colisão lateral";"Com Vítimas Feridas";"Pleno dia";"Crescente";"Céu Claro";"Simples";"Reta";"Sim";2;0;1;0;1;0;1;2;-27,099888;-49,527679;"SPRF-SC";"DEL04-SC";"UOP02-DEL04-SC"
183796;2019-01-06;"domingo";"19:00:00";"PI";343;30;"PARNAIBA";"Ingestão de Álcool";"Colisão frontal";"Com Vítimas Feridas";"Plena Noite";"Decrescente";"Céu Claro";"Simples";"Reta";"Não";2;0;0;1;1;0;1;2;-3,070129;-41,778793;"SPRF-PI";"DEL05-PI";"UOP01-DEL05-PI"
183797;2019-01-06;"domingo";"19:00:00";"PE";104;116,5;"PANELAS";"Animais na Pista";"Atropelamento de Animal";"Com Vítimas Fatais";"Plena Noite";"Decrescente";"Céu Claro";"Simples";"Declive";"Não";2;1;1;0;0;0;1;1;-8,669848;-36,014065;"SPRF-PE";"DEL02-PE";"UOP01-DEL02-PE"
183798;2019-01-06;"domingo";"20:10:00";"SP";101;43,7;"UBATUBA";"Falta de Atenção do Pedestre";"Atropelamento de Pedestre";"Com Vítimas Feridas";"Anoitecer";"Decrescente";"Céu Claro";"Simples";"Reta";"Sim";3;0;1;2;0;0;3;2;-23,40969647;-45,06380439;"SPRF-SP";"DEL06-SP";"UOP01-DEL06-SP"
183799;2019-01-06;"domingo";"18:30:00";"RS";470;256;"SALVADOR DO SUL";"Ingestão de Álcool";"Colisão lateral";"Com Vítimas Feridas";"Pleno dia";"Decrescente";"Nublado";"Simples";"Interseção de Vias";"Sim";6;0;1;0;5;0;1;2;-29,4409168;-51,5079625;"SPRF-RS";"DEL06-RS";"UOP01-DEL06-RS"
183800;2019-01-06;"domingo";"19:45:00";"RJ";116;323,7;"ITATIAIA";"Falta de Atenção à Condução";"Colisão lateral";"Com Vítimas Feridas";"Plena Noite";"Crescente";"Nublado";"Dupla";"Reta";"Não";2;0;1;0;1;0;1;2;-22,491064;-44,56184;"SPRF-RJ";"DEL07-RJ";"DEL5/7-UOP03/RJ"
183801;2019-01-06;"domingo";"18:50:00";"MG";40;504,9;"RIBEIRAO DAS NEVES";"Falta de Atenção à Condução";"Capotamento";"Com Vítimas Fatais";"Anoitecer";"Decrescente";"Céu Claro";"Dupla";"Declive";"Não";4;2;0;2;0;0;2;1;-19,7426;-44,1485;"SPRF-MG";"DEL02-MG";"UOP01-DEL02-MG"
183803;2019-01-06;"domingo";"18:40:00";"SC";282;637,4;"DESCANSO";"Velocidade Incompatível";"Saída de leito carroçável";"Com Vítimas Feridas";"Pleno dia";"Crescente";"Chuva";"Simples";"Reta";"Não";4;0;3;1;0;0;4;1;-26,806643;-53,441025;"SPRF-SC";"DEL07-SC";"UOP03-DEL07-SC"
183806;2019-01-06;"domingo";"20:10:00";"SP";381;69,7;"MAIRIPORA";"Velocidade Incompatível";"Colisão com objeto estático";"Com Vítimas Feridas";"Plena Noite";"Decrescente";"Garoa/Chuvisco";"Múltipla";"Reta;Declive";"Não";3;0;1;0;2;0;1;1;-23,349637;-46,560603;"SPRF-SP";"DEL03-SP";"UOP01-DEL03-SP"
183807;2019-01-06;"domingo";"20:50:00";"RJ";101;266;"RIO BONITO";"Não guardar distância de segurança";"Colisão traseira";"Com Vítimas Feridas";"Plena Noite";"Crescente";"Céu Claro";"Dupla";"Reta";"Não";4;0;2;1;1;0;3;2;-22,70859;-42,651821;"SPRF-RJ";"DEL02-RJ";"UOP03-DEL02-RJ"
183808;2019-01-06;"domingo";"19:30:00";"SP";116;84;"PINDAMONHANGABA";"Defeito Mecânico no Veículo";"Tombamento";"Com Vítimas Feridas";"Anoitecer";"Crescente";"Céu Claro";"Dupla";"Reta";"Não";2;0;2;0;0;0;2;1;-22,917799;-45,336021;"SPRF-SP";"DEL06-SP";"UOP01-DEL06-SP"
183809;2019-01-06;"domingo";"20:30:00";"GO";60;48;"APARECIDA DE GOIANIA";"Falta de Atenção à Condução";"Colisão lateral";"Com Vítimas Feridas";"Plena Noite";"Decrescente";"Céu Claro";"Dupla";"Reta";"Sim";2;0;0;1;1;0;1;2;-16,8101;-49,2397;"SPRF-GO";"DEL01-GO";"UOP03-DEL01-GO"
183813;2019-01-06;"domingo";"15:00:00";"MA";222;625;"ACAILANDIA";"Pista Escorregadia";"Saída de leito carroçável";"Com Vítimas Feridas";"Pleno dia";"Crescente";"Nublado";"Simples";"Curva";"Não";1;0;1;0;0;0;1;1;-4,915103;-47,420988;"SPRF-MA";"DEL04-MA";"UOP03-DEL04-MA"
183815;2019-01-06;"domingo";"21:25:00";"MG";116;716,3;"MURIAE";"Falta de Atenção à Condução";"Colisão frontal";"Com Vítimas Feridas";"Plena Noite";"Crescente";"Nublado";"Simples";"Curva";"Não";2;0;1;0;1;0;1;2;-21,20247707;-42,38650564;"SPRF-MG";"DEL07-MG";"UOP02-DEL07-MG"
183817;2019-01-06;"domingo";"15:40:00";"SC";101;398;"MARACAJA";"Desobediência às normas de trânsito pelo condutor";"Colisão com objeto estático";"Sem Vítimas";"Pleno dia";"Crescente";"Céu Claro";"Dupla";"Curva";"Sim";1;0;0;0;0;1;0;1;-28,8434;-49,4302;"SPRF-SC";"DEL02-SC";"UOP02-DEL02-SC"
183818;2019-01-06;"domingo";"21:20:00";"RS";285;361;"SALDANHA MARINHO";"Desobediência às normas de trânsito pelo condutor";"Colisão traseira";"Com Vítimas Feridas";"Plena Noite";"Crescente";"Nublado";"Simples";"Reta";"Não";3;0;0;1;2;0;1;2;-28,369568;-52,986038;"SPRF-RS";"DEL08-RS";"UOP03-DEL08-RS"
183819;2019-01-06;"domingo";"18:10:00";"BA";242;388;"PALMEIRAS";"Desobediência às normas de trânsito pelo condutor";"Colisão frontal";"Com Vítimas Feridas";"Anoitecer";"Decrescente";"Céu Claro";"Simples";"Declive";"Não";10;0;1;3;6;0;4;3;-12,450456;-41,588406;"SPRF-BA";"DEL10-BA";"UOP03-DEL06-BA"
183820;2019-01-06;"domingo";"20:50:00";"PR";277;42;"MORRETES";"Defeito Mecânico no Veículo";"Incêndio";"Sem Vítimas";"Plena Noite";"Crescente";"Garoa/Chuvisco";"Dupla";"Reta";"Não";1;0;0;0;1;0;0;1;-25,57729988;-48,85969341;"SPRF-PR";"DEL01-PR";"UOP07-DEL01-PR"
183822;2019-01-06;"domingo";"20:30:00";"ES";393;0,8;"CACHOEIRO DE ITAPEMIRIM";"Ultrapassagem Indevida";"Colisão traseira";"Com Vítimas Feridas";"Plena Noite";"Crescente";"Céu Claro";"Simples";"Reta";"Sim";2;0;1;0;1;0;1;2;-20,841324;-41,15929;"SPRF-ES";"DEL03-ES";"UOP02-DEL03-ES"
183823;2019-01-06;"domingo";"22:05:00";"GO";414;393,1;"CORUMBA DE GOIAS";"Ingestão de Álcool";"Colisão com objeto estático";"Sem Vítimas";"Plena Noite";"Decrescente";"Nublado";"Simples";"Reta";"Sim";3;0;0;0;3;0;0;1;-15,92370597;-48,80612969;"SPRF-GO";"DEL02-GO";"UOP01-DEL02-GO"
183826;2019-01-06;"domingo";"21:30:00";"MG";381;938,3;"EXTREMA";"Velocidade Incompatível";"Colisão lateral";"Com Vítimas Feridas";"Plena Noite";"Crescente";"Chuva";"Dupla";"Curva";"Não";3;0;2;0;1;0;2;2;-22,8194;-46,2984;"SPRF-MG";"DEL16-MG";"UOP03-DEL16-MG"
183827;2019-01-06;"domingo";"22:00:00";"RJ";116;280;"BARRA MANSA";"Velocidade Incompatível";"Colisão com objeto estático";"Com Vítimas Feridas";"Plena Noite";"Crescente";"Céu Claro";"Dupla";"Curva";"Não";2;0;2;0;0;0;2;2;-22,547443;-44,183659;"SPRF-RJ";"DEL07-RJ";"UOP02-DEL07-RJ"
183828;2019-01-06;"domingo";"22:10:00";"RJ";101;51,2;"CAMPOS DOS GOYTACAZES";"Falta de Atenção à Condução";"Tombamento";"Com Vítimas Feridas";"Plena Noite";"Decrescente";"Céu Claro";"Simples";"Reta";"Sim";2;0;2;0;0;0;2;1;-21,642723;-41,311703;"SPRF-RJ";"DEL08-RJ";"UOP01-DEL08-RJ"
183829;2019-01-06;"domingo";"22:20:00";"RJ";116;169;"SAO JOAO DE MERITI";"Falta de Atenção à Condução";"Colisão lateral";"Com Vítimas Feridas";"Plena Noite";"Decrescente";"Céu Claro";"Múltipla";"Reta";"Sim";2;0;1;0;1;0;1;1;-22,816206;-43,324463;"SPRF-RJ";"DEL01-RJ";"UOP02-DEL01-RJ"
183834;2019-01-06;"domingo";"21:00:00";"BA";116;777;"PLANALTO";"Ingestão de Álcool";"Atropelamento de Pedestre";"Com Vítimas Feridas";"Plena Noite";"Crescente";"Céu Claro";"Simples";"Reta";"Sim";2;0;2;0;0;0;2;2;-14,6792539;-40,49285889;"SPRF-BA";"DEL08-BA";"UOP02-DEL08-BA"
183835;2019-01-06;"domingo";"08:40:00";"PB";230;501,8;"CAJAZEIRAS";"Não guardar distância de segurança";"Tombamento";"Com Vítimas Feridas";"Plena Noite";"Crescente";"Nublado";"Simples";"Reta";"Não";2;0;1;0;1;0;1;2;-6,899;-38,5159;"SPRF-PB";"DEL03-PB";"UOP03-DEL03-PB"
183837;2019-01-06;"domingo";"21:40:00";"PR";376;527,5;"PONTA GROSSA";"Avarias e/ou desgaste excessivo no pneu";"Saída de leito carroçável";"Com Vítimas Feridas";"Plena Noite";"Crescente";"Chuva";"Dupla";"Reta";"Não";3;0;2;0;1;0;2;1;-25,15820284;-50,12774728;"SPRF-PR";"DEL03-PR";"UOP04-DEL03-PR"
183838;2019-01-06;"domingo";"23:00:00";"SP";116;370,9;"MIRACATU";"Falta de Atenção à Condução";"Atropelamento de Pedestre";"Com Vítimas Feridas";"Plena Noite";"Decrescente";"Céu Claro";"Dupla";"Reta";"Não";5;0;1;0;4;0;1;2;-24,15881929;-47,32622087;"SPRF-SP";"DEL04-SP";"UOP02-DEL04-SP"
183839;2019-01-06;"domingo";"23:30:00";"RJ";356;151,6;"CAMPOS DOS GOYTACAZES";"Falta de Atenção à Condução";"Colisão lateral";"Com Vítimas Feridas";"Plena Noite";"Decrescente";"Céu Claro";"Simples";"Reta";"Não";3;0;2;0;0;1;2;2;-21,76683333;-41,26945496;"SPRF-RJ";"DEL08-RJ";"UOP02-DEL08-RJ"
183841;2019-01-06;"domingo";"22:50:00";"SP";116;439;"REGISTRO";"Falta de Atenção à Condução";"Colisão com objeto estático";"Sem Vítimas";"Plena Noite";"Crescente";"Chuva";"Dupla";"Reta";"Sim";5;0;0;0;4;1;0;3;-24,46718973;-47,8211689;"SPRF-SP";"DEL05-SP";"UOP01-DEL05-SP"
183842;2019-01-06;"domingo";"23:45:00";"PE";428;190,1;"PETROLINA";"Ingestão de Álcool";"Colisão com objeto estático";"Com Vítimas Feridas";"Plena Noite";"Crescente";"Céu Claro";"Dupla";"Reta";"Sim";3;0;3;0;0;0;3;1;-9,3802214;-40,50985336;"SPRF-PE";"DEL06-PE";"UOP01-DEL06-PE"
183843;2019-01-07;"segunda-feira";"00:30:00";"RS";290;34,8;"SANTO ANTONIO DA PATRULHA";"Velocidade Incompatível";"Colisão traseira";"Com Vítimas Feridas";"Plena Noite";"Crescente";"Céu Claro";"Dupla";"Reta";"Não";2;0;1;0;1;0;1;2;-29,885969;-50,596653;"SPRF-RS";"DEL03-RS";"UOP02-DEL03-RS"
183844;2019-01-06;"domingo";"11:30:00";"AC";317;119,1;"CAPIXABA";"Velocidade Incompatível";"Saída de leito carroçável";"Sem Vítimas";"Pleno dia";"Decrescente";"Sol";"Simples";"Curva";"Não";1;0;0;0;1;0;0;1;-10,361917;-67,705177;"SPRF-AC";"DEL01-AC";"UOP01-DEL01-AC"
183848;2019-01-07;"segunda-feira";"00:05:00";"RJ";116;279;"BARRA MANSA";"Ingestão de Álcool";"Capotamento";"Com Vítimas Feridas";"Plena Noite";"Decrescente";"Céu Claro";"Dupla";"Curva";"Não";2;0;2;0;0;0;2;1;-22,51104548;-44,21751916;"SPRF-RJ";"DEL07-RJ";"UOP02-DEL07-RJ"
183849;2019-01-07;"segunda-feira";"01:10:00";"MG";381;480,6;"BETIM";"Condutor Dormindo";"Colisão com objeto estático";"Com Vítimas Feridas";"Plena Noite";"Decrescente";"Céu Claro";"Dupla";"Curva";"Sim";1;0;1;0;0;0;1;1;-19,9586;-44,0608;"SPRF-MG";"DEL01-MG";"UOP03-DEL01-MG"
183855;2019-01-07;"segunda-feira";"02:40:00";"SP";381;22;"BRAGANCA PAULISTA";"Defeito Mecânico no Veículo";"Tombamento";"Com Vítimas Feridas";"Plena Noite";"Decrescente";"Nevoeiro/Neblina";"Dupla";"Reta";"Não";1;0;0;1;0;0;1;1;-22,996984;-46,516323;"SPRF-SP";"DEL03-SP";"UOP02-DEL03-SP"
183856;2019-01-07;"segunda-feira";"02:50:00";"PR";153;379,9;"MALLET";"Ingestão de Álcool";"Colisão frontal";"Com Vítimas Feridas";"Plena Noite";"Crescente";"Nublado";"Simples";"Reta";"Não";2;0;1;0;1;0;1;2;-25,880728;-50,836525;"SPRF-PR";"DEL03-PR";"UOP02-DEL08-PR"
183858;2019-01-07;"segunda-feira";"00:40:00";"MG";459;102;"POUSO ALEGRE";"Ingestão de Álcool";"Colisão com objeto estático";"Com Vítimas Feridas";"Plena Noite";"Crescente";"Céu Claro";"Dupla";"Curva";"Sim";1;0;1;0;0;0;1;1;-22,211775;-45,924671;"SPRF-MG";"DEL16-MG";"UOP01-DEL16-MG"
183860;2019-01-07;"segunda-feira";"04:00:00";"RJ";116;107,9;"GUAPIMIRIM";"Falta de Atenção à Condução";"Colisão com objeto estático";"Com Vítimas Feridas";"Plena Noite";"Decrescente";"Céu Claro";"Múltipla";"Curva";"Sim";1;0;0;1;0;0;1;1;-22,53479601;-42,99218416;"SPRF-RJ";"DEL04-RJ";"UOP02-DEL04-RJ"
183861;2019-01-07;"segunda-feira";"04:40:00";"MG";365;321;"JOAO PINHEIRO";"Animais na Pista";"Capotamento";"Com Vítimas Feridas";"Plena Noite";"Crescente";"Ignorado";"Simples";"Reta";"Não";4;0;2;2;0;0;4;1;-18,259;-45,881;"SPRF-MG";"DEL10-MG";"UOP01-DEL10-MG"
183862;2019-01-07;"segunda-feira";"05:00:00";"SP";381;49,9;"ATIBAIA";"Falta de Atenção do Pedestre";"Atropelamento de Pedestre";"Com Vítimas Feridas";"Amanhecer";"Crescente";"Céu Claro";"Dupla";"Reta";"Sim";2;0;0;1;0;1;1;2;-23,138622;-46,575844;"SPRF-SP";"DEL03-SP";"UOP01-DEL03-SP"
183864;2019-01-06;"domingo";"21:15:00";"RS";153;520,8;"CACAPAVA DO SUL";"Velocidade Incompatível";"Saída de leito carroçável";"Com Vítimas Feridas";"Plena Noite";"Decrescente";"Chuva";"Simples";"Curva";"Não";1;0;1;0;0;0;1;1;-30,654991;-53,411526;"SPRF-RS";"DEL09-RS";"UOP02-DEL09-RS"
183869;2019-01-07;"segunda-feira";"06:30:00";"SC";470;61,4;"BLUMENAU";"Ultrapassagem Indevida";"Colisão frontal";"Com Vítimas Fatais";"Pleno dia";"Crescente";"Céu Claro";"Simples";"Reta";"Sim";7;1;1;4;1;0;5;3;-26,87719175;-49,17802149;"SPRF-SC";"DEL04-SC";"UOP01-DEL04-SC"
183870;2019-01-07;"segunda-feira";"01:40:00";"RS";392;16;"RIO GRANDE";"Falta de Atenção à Condução";"";"Com Vítimas Feridas";"Plena Noite";"Decrescente";"Chuva";"Simples";"Curva";"Sim";2;0;1;0;0;1;1;1;-32,10244;-52,163475;"SPRF-RS";"DEL07-RS";"UOP02-DEL07-RS"
183871;2019-01-07;"segunda-feira";"06:19:00";"SC";101;210;"SAO JOSE";"Falta de Atenção à Condução";"Colisão lateral";"Com Vítimas Feridas";"Amanhecer";"Decrescente";"Céu Claro";"Dupla";"Reta";"Não";2;0;1;0;1;0;1;2;-27,6235;-48,6524;"SPRF-SC";"DEL01-SC";"UOP01-DEL01-SC"
183873;2019-01-07;"segunda-feira";"05:30:00";"MS";262;529;"MIRANDA";"Ingestão de Álcool";"Saída de leito carroçável";"Com Vítimas Feridas";"Pleno dia";"Decrescente";"Céu Claro";"Simples";"Reta";"Não";1;0;1;0;0;0;1;1;-20,30914031;-56,25020117;"SPRF-MS";"DEL03-MS";"UOP01-DEL03-MS"
183875;2019-01-07;"segunda-feira";"04:15:00";"RO";364;279;"PRESIDENTE MEDICI";"Animais na Pista";"Atropelamento de Animal";"Com Vítimas Feridas";"Plena Noite";"Decrescente";"Nublado";"Simples";"Reta";"Não";1;0;0;1;0;0;1;1;-11,382097;-61,795319;"SPRF-RO";"DEL02-RO";"UOP01-DEL02-RO"
183877;2019-01-07;"segunda-feira";"08:30:00";"ES";101;266,5;"SERRA";"Não guardar distância de segurança";"Colisão traseira";"Com Vítimas Feridas";"Pleno dia";"Crescente";"Céu Claro";"Múltipla";"Reta";"Sim";2;0;1;0;1;0;1;2;-20,1007104;-40,3341312;"SPRF-ES";"DEL02-ES";"UOP01-DEL02-ES"
183880;2019-01-07;"segunda-feira";"08:00:00";"RJ";101;320;"NITEROI";"Falta de Atenção à Condução";"Colisão lateral";"Com Vítimas Feridas";"Pleno dia";"Decrescente";"Céu Claro";"Dupla";"Reta";"Sim";2;0;1;0;1;0;1;2;-22,861752;-43,107143;"SPRF-RJ";"DEL02-RJ";"UOP02-DEL02-RJ"