"id";"data_inversa";"dia_semana";"horario";"uf";"br";"km";"municipio";"causa_acidente";"tipo_acidente";"classificacao_acidente";"fase_dia";"sentido_via";"condicao_metereologica";"tipo_pista";"tracado_via";"uso_solo";"pessoas";"mortos";"feridos_leves";"feridos_graves";"ilesos";"ignorados";"feridos";"veiculos";"latitude";"longitude";"regional";"delegacia";"uop"
183881;2019-01-07;"segunda-feira";"06:30:00";"RJ";116;175;"NOVA IGUACU";"Condutor Dormindo";"Colisão com objeto estático";"Sem Vítimas";"Pleno dia";"Decrescente";"Céu Claro";"Dupla";"Reta";"Sim";1;0;0;0;1;0;0;1;-22,789236;-43,372753;"SPRF-RJ";"DEL01-RJ";"UOP02-DEL01-RJ"
183882;2019-01-07;"segunda-feira";"07:40:00";"RJ";101;57,2;"CAMPOS DOS GOYTACAZES";"Animais na Pista";"Tombamento";"Com Vítimas Feridas";"Pleno dia";"Crescente";"Céu Claro";"Simples";"Reta";"Sim";2;0;2;0;0;0;2;1;-21,696001;-41,310173;"SPRF-RJ";"DEL08-RJ";"UOP01-DEL08-RJ"
183884;2019-01-07;"segunda-feira";"07:30:00";"RJ";493;104;"SEROPEDICA";"Falta de Atenção à Condução";"Saída de leito carroçável";"Com Vítimas Feridas";"Pleno dia";"Crescente";"Céu Claro";"Dupla";"Reta";"Não";3;0;1;2;0;0;3;1;-22,7718;-43,74115;"SPRF-RJ";"DEL03-RJ";"UOP01-DEL03-RJ"
183887;2019-01-07;"segunda-feira";"07:50:00";"BA";101;699,2;"EUNAPOLIS";"Condutor Dormindo";"Colisão frontal";"Com Vítimas Feridas";"Pleno dia";"Crescente";"Sol";"Simples";"Curva";"Não";7;0;1;1;5;0;2;3;-16,2616;-39,5882;"SPRF-BA";"DEL09-BA";"UOP01-DEL09-BA"
183888;2019-01-07;"segunda-feira";"09:00:00";"RN";101;97;"NATAL";"Ingestão de Álcool";"Atropelamento de Pedestre";"Com Vítimas Feridas";"Pleno dia";"Decrescente";"Céu Claro";"Múltipla";"Reta";"Sim";2;0;1;0;1;0;1;2;-5,857612;-35,212723;"SPRF-RN";"DEL01-RN";"UOP01-DEL01-RN"
183889;2019-01-07;"segunda-feira";"07:40:00";"PR";153;333;"IRATI";"Falta de Atenção à Condução";"Colisão transversal";"Com Vítimas Feridas";"Pleno dia";"Decrescente";"Nublado";"Simples";"Reta";"Não";2;0;1;0;1;0;1;2;-25,466806;-50,63031;"SPRF-PR";"DEL03-PR";"UOP02-DEL08-PR"
183890;2019-01-07;"segunda-feira";"09:40:00";"CE";116;6;"FORTALEZA";"Falta de Atenção à Condução";"Colisão lateral";"Com Vítimas Feridas";"Pleno dia";"Crescente";"Céu Claro";"Múltipla";"Reta";"Sim";2;0;1;0;1;0;1;2;-3,8126;-38,5007;"SPRF-CE";"DEL01-CE";"UOP02-DEL01-CE"
183892;2019-01-07;"segunda-feira";"09:45:00";"RJ";101;298;"ITABORAI";"Condutor Dormindo";"Colisão traseira";"Com Vítimas Feridas";"Pleno dia";"Crescente";"Céu Claro";"Dupla";"Viaduto";"Sim";6;0;2;0;4;0;2;4;-22,7714;-42,928959;"SPRF-RJ";"DEL02-RJ";"DEL5/2-UOP04/RJ"
183893;2019-01-07;"segunda-feira";"10:15:00";"RS";470;213,6;"BENTO GONCALVES";"Ingestão de Álcool";"Colisão lateral";"Sem Vítimas";"Pleno dia";"Decrescente";"Nublado";"Simples";"Interseção de Vias";"Não";2;0;0;0;2;0;0;2;-29,14899424;-51,53049231;"SPRF-RS";"DEL06-RS";"UOP01-DEL06-RS"
183894;2019-01-07;"segunda-feira";"10:10:00";"SC";280;56,9;"GUARAMIRIM";"Não guardar distância de segurança";"Colisão traseira";"Com Vítimas Feridas";"Pleno dia";"Crescente";"Sol";"Simples";"Reta";"Sim";3;0;2;0;1;0;2;2;-26,479477;-49,002987;"SPRF-SC";"DEL03-SC";"UOP03-DEL03-SC"
183895;2019-01-07;"segunda-feira";"10:55:00";"GO";60;18,7;"ALEXANIA";"Velocidade Incompatível";"Saída de leito carroçável";"Com Vítimas Feridas";"Pleno dia";"Crescente";"Céu Claro";"Dupla";"Curva";"Não";5;0;4;1;0;0;5;1;-16,0963;-48,5202;"SPRF-DF";"DEL01-DF";"UOP01-DEL03-DF"
183898;2019-01-07;"segunda-feira";"08:40:00";"BA";20;46;"CORRENTINA";"Animais na Pista";"Atropelamento de Animal";"Com Vítimas Feridas";"Pleno dia";"Decrescente";"Sol";"Simples";"Reta";"Não";5;0;2;2;0;1;4;2;-13,567064;-46,113859;"SPRF-BA";"DEL10-BA";"UOP01-DEL10-BA"
183899;2019-01-07;"segunda-feira";"10:00:00";"BA";110;76;"JEREMOABO";"Falta de Atenção à Condução";"Colisão lateral";"Com Vítimas Feridas";"Pleno dia";"Crescente";"Sol";"Simples";"Interseção de Vias";"Não";7;0;1;0;6;0;1;2;-10,0749;-38,3419;"SPRF-BA";"DEL07-BA";"UOP01-DEL07-BA"
183901;2019-01-07;"segunda-feira";"11:35:00";"SP";116;173,9;"GUARAREMA";"Defeito Mecânico no Veículo";"Incêndio";"Sem Vítimas";"Pleno dia";"Crescente";"Céu Claro";"Múltipla";"Aclive";"Não";1;0;0;0;1;0;0;1;-23,31940018;-46,0871315;"SPRF-SP";"DEL02-SP";"UOP01-DEL02-SP"
183903;2019-01-07;"segunda-feira";"12:20:00";"SC";470;52,7;"BLUMENAU";"Falta de Atenção à Condução";"Atropelamento de Pedestre";"Com Vítimas Feridas";"Pleno dia";"Crescente";"Sol";"Simples";"Reta";"Não";2;0;1;0;1;0;1;2;-26,86537188;-49,09997642;"SPRF-SC";"DEL04-SC";"UOP01-DEL04-SC"
183906;2019-01-07;"segunda-feira";"11:00:00";"PE";101;128;"ESCADA";"Sinalização da via insuficiente ou inadequada";"Colisão traseira";"Com Vítimas Feridas";"Pleno dia";"Decrescente";"Chuva";"Simples";"Reta";"Sim";6;0;1;0;5;0;1;2;-8,3839;-35,2487;"SPRF-PE";"DEL01-PE";"UOP03-DEL01-PE"
183907;2019-01-07;"segunda-feira";"12:50:00";"SP";116;221,6;"GUARULHOS";"Falta de Atenção à Condução";"Colisão lateral";"Com Vítimas Fatais";"Pleno dia";"Decrescente";"Sol";"Múltipla";"Reta";"Não";2;1;0;0;1;0;0;2;-23,47127694;-46,51688576;"SPRF-SP";"DEL01-SP";"UOP01-DEL01-SP"
183908;2019-01-07;"segunda-feira";"07:00:00";"MG";381;250,6;"SANTANA DO PARAISO";"Falta de Atenção à Condução";"Colisão transversal";"Com Vítimas Feridas";"Pleno dia";"Crescente";"Céu Claro";"Simples";"Retorno Regulamentado";"Sim";2;0;0;1;1;0;1;2;-19,3243;-42,4169;"SPRF-MG";"DEL06-MG";"UOP01-DEL06-MG"
183909;2019-01-07;"segunda-feira";"12:20:00";"RN";226;3,4;"NATAL";"Desobediência às normas de trânsito pelo condutor";"Colisão traseira";"Com Vítimas Feridas";"Pleno dia";"Crescente";"Céu Claro";"Simples";"Reta";"Não";2;0;1;0;1;0;1;2;-5,821187;-35,254928;"SPRF-RN";"DEL01-RN";"UOP02-DEL01-RN"
183911;2019-01-07;"segunda-feira";"13:20:00";"SP";153;74,4;"BADY BASSITT";"Defeito Mecânico no Veículo";"Tombamento";"Com Vítimas Feridas";"Pleno dia";"Crescente";"Céu Claro";"Dupla";"Reta";"Não";2;0;0;2;0;0;2;1;-20,885351;-49,426739;"SPRF-SP";"DEL09-SP";"UOP01-DEL09-SP"
183912;2019-01-07;"segunda-feira";"11:10:00";"PR";369;56;"BANDEIRANTES";"Sinalização da via insuficiente ou inadequada";"Colisão transversal";"Com Vítimas Feridas";"Pleno dia";"Decrescente";"Céu Claro";"Simples";"Interseção de Vias";"Sim";2;0;1;0;1;0;1;2;-23,10881851;-50,36753207;"SPRF-PR";"DEL07-PR";"UOP05-DEL07-PR"
183913;2019-01-07;"segunda-feira";"12:30:00";"SE";101;111;"SAO CRISTOVAO";"Falta de Atenção à Condução";"Colisão com objeto estático";"Com Vítimas Feridas";"Pleno dia";"Decrescente";"Nublado";"Dupla";"Reta";"Não";1;0;1;0;0;0;1;1;-10,9935;-37,2986;"SPRF-SE";"DEL02-SE";"UOP01-DEL02-SE"
183915;2019-01-07;"segunda-feira";"06:20:00";"BA";101;446,8;"AURELINO LEAL";"Falta de Atenção à Condução";"Saída de leito carroçável";"Com Vítimas Feridas";"Pleno dia";"Decrescente";"Céu Claro";"Simples";"Curva";"Não";1;0;1;0;0;0;1;1;-14,3234;-39,3138;"SPRF-BA";"DEL05-BA";"UOP01-DEL05-BA"
183916;2019-01-07;"segunda-feira";"13:30:00";"SC";101;148;"ITAPEMA";"Falta de Atenção à Condução";"Colisão traseira";"Com Vítimas Feridas";"Pleno dia";"Decrescente";"Céu Claro";"Dupla";"Reta";"Sim";2;0;1;0;1;0;1;2;-27,109;-48,6126;"SPRF-SC";"DEL04-SC";"UOP03-DEL04-SC"
183917;2019-01-07;"segunda-feira";"13:35:00";"SC";101;357;"SANGAO";"Falta de Atenção à Condução";"Colisão traseira";"Com Vítimas Feridas";"Pleno dia";"Decrescente";"Nublado";"Dupla";"Reta";"Não";2;0;1;0;1;0;1;2;-28,6375;-49,0971;"SPRF-SC";"DEL02-SC";"UOP01-DEL02-SC"
183918;2019-01-07;"segunda-feira";"11:50:00";"MG";365;163;"PIRAPORA";"Falta de Atenção à Condução";"Saída de leito carroçável";"Com Vítimas Feridas";"Pleno dia";"Crescente";"Sol";"Simples";"Reta";"Sim";2;0;1;1;0;0;2;1;-17,371075;-44,945316;"SPRF-MG";"DEL12-MG";"UOP01-DEL12-MG"
183919;2019-01-07;"segunda-feira";"11:20:00";"MG";381;838,1;"SAO SEBASTIAO DA BELA VISTA";"Defeito Mecânico no Veículo";"Tombamento";"Com Vítimas Feridas";"Pleno dia";"Crescente";"Sol";"Dupla";"Reta";"Não";2;0;2;0;0;0;2;1;-22,1586;-45,8273;"SPRF-MG";"DEL16-MG";"UOP01-DEL16-MG"
183920;2019-01-07;"segunda-feira";"12:05:00";"MG";381;838,7;"SAO SEBASTIAO DA BELA VISTA";"Velocidade Incompatível";"Saída de leito carroçável";"Com Vítimas Feridas";"Pleno dia";"Crescente";"Céu Claro";"Dupla";"Reta";"Não";2;0;2;0;0;0;2;1;-22,15607335;-45,82553029;"SPRF-MG";"DEL16-MG";"UOP01-DEL16-MG"
183921;2019-01-07;"segunda-feira";"12:00:00";"MT";163;588;"NOVA MUTUM";"Velocidade Incompatível";"Saída de leito carroçável";"Com Vítimas Feridas";"Pleno dia";"Crescente";"Chuva";"Simples";"Reta";"Não";2;0;2;0;0;0;2;1;-13,9405805;-56,09556377;"SPRF-MT";"DEL01-MT";"UOP01-DEL01-MT"
183923;2019-01-07;"segunda-feira";"12:50:00";"PB";230;18,9;"JOAO PESSOA";"Desobediência às normas de trânsito pelo condutor";"Colisão traseira";"Com Vítimas Feridas";"Pleno dia";"Crescente";"Céu Claro";"Dupla";"Curva";"Sim";4;0;0;1;3;0;1;4;-7,12710571;-34,84585069;"SPRF-PB";"DEL01-PB";"UOP01-DEL01-PB"
183924;2019-01-07;"segunda-feira";"12:30:00";"BA";101;126,8;"TEODORO SAMPAIO";"Defeito Mecânico no Veículo";"Colisão lateral";"Com Vítimas Feridas";"Pleno dia";"Crescente";"Céu Claro";"Simples";"Reta";"Não";3;0;1;0;2;0;1;2;-12,17948408;-38,57923687;"SPRF-BA";"DEL01-BA";"UOP04-DEL01-BA"
183925;2019-01-07;"segunda-feira";"14:00:00";"SP";116;138,2;"SAO JOSE DOS CAMPOS";"Falta de Atenção à Condução";"Colisão traseira";"Com Vítimas Feridas";"Pleno dia";"Crescente";"Sol";"Dupla";"Reta";"Não";2;0;1;0;1;0;1;2;-23,157297;-45,795593;"SPRF-SP";"DEL06-SP";"UOP02-DEL02-SP"
183927;2019-01-07;"segunda-feira";"13:40:00";"BA";116;422;"FEIRA DE SANTANA";"Desobediência às normas de trânsito pelo condutor";"Colisão traseira";"Com Vítimas Feridas";"Pleno dia";"Decrescente";"Sol";"Dupla";"Reta";"Sim";14;0;12;0;2;0;12;2;-12,22804129;-38,96481514;"SPRF-BA";"DEL02-BA";"UOP01-DEL02-BA"
183928;2019-01-07;"segunda-feira";"14:55:00";"MG";116;701;"MURIAE";"Falta de Atenção à Condução";"Colisão frontal";"Com Vítimas Feridas";"Pleno dia";"Decrescente";"Céu Claro";"Simples";"Curva";"Sim";4;0;1;0;3;0;1;2;-21,12428851;-42,37981828;"SPRF-MG";"DEL07-MG";"UOP02-DEL07-MG"
183929;2019-01-07;"segunda-feira";"13:15:00";"MG";459;75,5;"SENADOR JOSE BENTO";"Falta de Atenção à Condução";"Colisão lateral";"Com Vítimas Feridas";"Pleno dia";"Decrescente";"Céu Claro";"Simples";"Curva";"Não";2;0;1;0;1;0;1;2;-22,14909538;-46,12916784;"SPRF-MG";"DEL13-MG";"UOP01-DEL13-MG"
183931;2019-01-07;"segunda-feira";"13:55:00";"SP";116;272,8;"TABOAO DA SERRA";"Falta de Atenção à Condução";"Colisão traseira";"Com Vítimas Feridas";"Pleno dia";"Crescente";"Céu Claro";"Dupla";"Aclive;Curva";"Sim";2;0;1;0;1;0;1;2;-23,61498232;-46,78837359;"SPRF-SP";"DEL04-SP";"UOP01-DEL04-SP"
183933;2019-01-07;"segunda-feira";"12:10:00";"RO";319;62;"PORTO VELHO";"Falta de Atenção à Condução";"Colisão lateral";"Sem Vítimas";"Pleno dia";"Decrescente";"Céu Claro";"Dupla";"Interseção de Vias";"Sim";2;0;0;0;2;0;0;2;-8,746046;-63,888527;"SPRF-RO";"DEL01-RO";"UOP01-DEL01-RO"
183937;2019-01-07;"segunda-feira";"14:20:00";"RS";116;458,9;"SAO LOURENCO DO SUL";"Falta de Atenção à Condução";"Colisão traseira";"Com Vítimas Feridas";"Pleno dia";"Decrescente";"Nublado";"Simples";"Aclive;Reta";"Não";2;0;1;0;1;0;1;2;-31,27139;-52,00549;"SPRF-RS";"DEL02-RS";"UOP03-DEL02-RS"
183938;2019-01-07;"segunda-feira";"15:40:00";"RJ";393;289;"VOLTA REDONDA";"Falta de Atenção à Condução";"Queda de ocupante de veículo";"Com Vítimas Feridas";"Pleno dia";"Decrescente";"Céu Claro";"Dupla";"Reta";"Sim";1;0;1;0;0;0;1;1;-22,510941;-44,084461;"SPRF-RJ";"DEL05-RJ";"UOP04-DEL05-RJ"
183939;2019-01-07;"segunda-feira";"14:05:00";"MS";158;101;"PARANAIBA";"Defeito Mecânico no Veículo";"Incêndio";"Sem Vítimas";"Pleno dia";"Crescente";"Céu Claro";"Simples";"Aclive";"Não";4;0;0;0;4;0;0;1;-19,702106;-51,158798;"SPRF-MS";"DEL08-MS";"UOP01-DEL08-MS"
183940;2019-01-07;"segunda-feira";"15:15:00";"SP";116;134;"CACAPAVA";"Falta de Atenção à Condução";"Colisão lateral";"Com Vítimas Feridas";"Pleno dia";"Crescente";"Céu Claro";"Dupla";"Reta";"Não";3;0;1;0;2;0;1;3;-23,140236;-45,761753;"SPRF-SP";"DEL06-SP";"UOP02-DEL02-SP"
183942;2019-01-07;"segunda-feira";"15:40:00";"SC";280;54,5;"GUARAMIRIM";"Não guardar distância de segurança";"Colisão traseira";"Com Vítimas Feridas";"Pleno dia";"Decrescente";"Sol";"Simples";"Reta";"Sim";2;0;0;1;1;0;1;2;-26,475399;-48,983723;"SPRF-SC";"DEL03-SC";"UOP03-DEL03-SC"
183948;2019-01-07;"segunda-feira";"04:30:00";"PB";230;122,9;"RIACHAO DO BACAMARTE";"Condutor Dormindo";"Colisão com objeto estático";"Sem Vítimas";"Amanhecer";"Crescente";"Céu Claro";"Simples";"Reta";"Sim";1;0;0;0;1;0;0;1;-7,2466;-35,6577;"SPRF-PB";"DEL02-PB";"UOP01-DEL02-PB"
183951;2019-01-07;"segunda-feira";"16:20:00";"MG";40;633,1;"CONSELHEIRO LAFAIETE";"Falta de Atenção à Condução";"Colisão transversal";"Com Vítimas Feridas";"Pleno dia";"Crescente";"Nublado";"Simples";"Interseção de Vias";"Não";4;0;1;0;3;0;1;2;-20,68865304;-43,79062506;"SPRF-MG";"DEL05-MG";"UOP02-DEL05-MG"
183953;2019-01-07;"segunda-feira";"19:30:00";"MG";381;776;"CAMPANHA";"Defeito na Via";"Queda de ocupante de veículo";"Com Vítimas Feridas";"Plena Noite";"Crescente";"Céu Claro";"Dupla";"Reta";"Não";2;0;2;0;0;0;2;1;-21,7989;-45,4617;"SPRF-MG";"DEL16-MG";"UOP02-DEL16-MG"
183954;2019-01-08;"terça-feira";"07:20:00";"SC";101;214;"PALHOCA";"Falta de Atenção à Condução";"Colisão traseira";"Com Vítimas Feridas";"Pleno dia";"Decrescente";"Sol";"Dupla";"Reta";"Não";4;0;1;0;3;0;1;3;-27,652;-48,676;"SPRF-SC";"DEL01-SC";"UOP02-DEL01-SC"
183957;2019-01-07;"segunda-feira";"16:32:00";"MG";50;107,1;"UBERABA";"Falta de Atenção à Condução";"Saída de leito carroçável";"Com Vítimas Feridas";"Pleno dia";"Decrescente";"Céu Claro";"Dupla";"Reta";"Não";3;0;3;0;0;0;3;1;-19,2072;-48,1496;"SPRF-MG";"DEL13-MG";"UOP01-DEL13-MG"
183958;2019-01-08;"terça-feira";"07:50:00";"RJ";116;191;"QUEIMADOS";"Falta de Atenção à Condução";"Colisão lateral";"Com Vítimas Feridas";"Pleno dia";"Crescente";"Céu Claro";"Dupla";"Reta";"Sim";6;0;2;0;4;0;2;5;-22,72979878;-43,57229233;"SPRF-RJ";"DEL01-RJ";"UOP03-DEL01-RJ"
183962;2019-01-07;"segunda-feira";"17:20:00";"PI";343;0,2;"LUIS CORREIA";"Falta de Atenção à Condução";"Colisão transversal";"Com Vítimas Feridas";"Pleno dia";"Decrescente";"Nublado";"Simples";"Interseção de Vias";"Sim";2;0;1;0;1;0;1;2;-2,881846;-41,665638;"SPRF-PI";"DEL05-PI";"UOP01-DEL05-PI"
183963;2019-01-07;"segunda-feira";"18:55:00";"MT";163;829;"SINOP";"Pista Escorregadia";"Saída de leito carroçável";"Com Vítimas Feridas";"Anoitecer";"Decrescente";"Chuva";"Dupla";"Reta";"Sim";1;0;1;0;0;0;1;1;-11,91572841;-55,50979614;"SPRF-MT";"DEL06-MT";"UOP01-DEL06-MT"
183964;2019-01-07;"segunda-feira";"20:45:00";"MT";163;839,5;"SINOP";"Ingestão de Álcool";"Saída de leito carroçável";"Com Vítimas Feridas";"Plena Noite";"Crescente";"Chuva";"Simples";"Reta";"Sim";1;0;1;0;0;0;1;1;-11,80857877;-55,48244834;"SPRF-MT";"DEL06-MT";"UOP02-DEL06-MT"
183965;2019-01-08;"terça-feira";"02:30:00";"SC";101;379,1;"ICARA";"Ingestão de Álcool";"Colisão com objeto estático";"Com Vítimas Feridas";"Plena Noite";"Crescente";"Nublado";"Dupla";"Reta";"Sim";2;0;2;0;0;0;2;1;-28,75430049;-49,27600265;"SPRF-SC";"DEL02-SC";"UOP01-DEL02-SC"
183968;2019-01-08;"terça-feira";"07:50:00";"RS";101;79,9;"OSORIO";"Falta de Atenção à Condução";"Saída de leito carroçável";"Com Vítimas Feridas";"Pleno dia";"Crescente";"Nublado";"Dupla";"Curva";"Sim";1;0;1;0;0;0;1;1;-29,77391387;-50,2130127;"SPRF-RS";"DEL03-RS";"UOP01-DEL03-RS"
183969;2019-01-07;"segunda-feira";"17:30:00";"RJ";356;92,5;"CARDOSO MOREIRA";"Mal Súbito";"Colisão com objeto estático";"Com Vítimas Fatais";"Pleno dia";"Crescente";"Céu Claro";"Simples";"Curva";"Não";1;1;0;0;0;0;0;1;-21,517906;-41,548496;"SPRF-RJ";"DEL08-RJ";"UOP03-DEL08-RJ"
183970;2019-01-07;"segunda-feira";"18:30:00";"AL";416;49,2;"IBATEGUARA";"Deficiência ou não Acionamento do Sistema de Iluminação/Sinalização do Veículo";"Atropelamento de Pedestre";"Com Vítimas Fatais";"Plena Noite";"Decrescente";"Garoa/Chuvisco";"Simples";"Reta";"Não";4;1;0;0;0;3;0;2;-8,96724228;-35,96480459;"SPRF-AL";"DEL01-AL";"UOP02-DEL01-AL"
183971;2019-01-07;"segunda-feira";"20:40:00";"PB";104;129,7;"CAMPINA GRANDE";"Ingestão de Álcool";"Atropelamento de Pedestre";"Com Vítimas Feridas";"Plena Noite";"Crescente";"Céu Claro";"Simples";"Reta";"Sim";3;0;0;1;1;1;1;2;-7,27936;-35,889091;"SPRF-PB";"DEL02-PB";"UOP01-DEL02-PB"
183972;2019-01-07;"segunda-feira";"16:40:00";"PR";476;199;"LAPA";"Pista Escorregadia";"Colisão frontal";"Sem Vítimas";"Pleno dia";"Crescente";"Chuva";"Simples";"Curva";"Não";3;0;0;0;3;0;0;3;-25,772074;-49,745663;"SPRF-PR";"DEL02-PR";"UOP04-DEL02-PR"
183975;2019-01-07;"segunda-feira";"23:45:00";"DF";70;11;"BRASILIA";"Ingestão de Álcool";"Colisão lateral";"Sem Vítimas";"Plena Noite";"Crescente";"Céu Claro";"Dupla";"Reta";"Não";2;0;0;0;2;0;0;2;-15,789762;-48,148727;"SPRF-DF";"DEL01-DF";"UOP02-DEL03-DF"
183976;2019-01-08;"terça-feira";"04:00:00";"DF";70;13;"BRASILIA";"Defeito Mecânico no Veículo";"Incêndio";"Sem Vítimas";"Plena Noite";"Decrescente";"Céu Claro";"Simples";"Reta";"Sim";1;0;0;0;0;1;0;1;-15,794558;-48,166584;"SPRF-DF";"DEL01-DF";"UOP02-DEL03-DF"
183977;2019-01-07;"segunda-feira";"22:00:00";"PA";10;153,6;"PARAGOMINAS";"Defeito Mecânico no Veículo";"Incêndio";"Sem Vítimas";"Plena Noite";"Crescente";"Nublado";"Simples";"Reta";"Não";2;0;0;0;2;0;0;1;-2,991842;-47,456882;"SPRF-PA";"DEL02-PA";"UOP01-DEL02-PA"
183980;2019-01-08;"terça-feira";"07:00:00";"MT";70;321,4;"DOM AQUINO";"Falta de Atenção à Condução";"Saída de leito carroçável";"Sem Vítimas";"Amanhecer";"Decrescente";"Céu Claro";"Simples";"Curva";"Não";2;0;0;0;2;0;0;1;-15,516281;-54,62888;"SPRF-MT";"DEL05-MT";"UOP01-DEL05-MT"
183983;2019-01-08;"terça-feira";"08:50:00";"SP";153;61,3;"SAO JOSE DO RIO PRETO";"Não guardar distância de segurança";"Colisão traseira";"Com Vítimas Feridas";"Pleno dia";"Crescente";"Céu Claro";"Dupla";"Reta;Aclive";"Sim";2;0;1;0;1;0;1;2;-20,805029;-49,355747;"SPRF-SP";"DEL09-SP";"UOP01-DEL09-SP"
183984;2019-01-08;"terça-feira";"08:00:00";"RS";287;518,7;"SAO BORJA";"Animais na Pista";"Atropelamento de Animal";"Com Vítimas Feridas";"Pleno dia";"Crescente";"Nublado";"Simples";"Reta";"Não";1;0;1;0;0;0;1;1;-28,735588;-55,842415;"SPRF-RS";"DEL12-RS";"UOP01-DEL12-RS"
183986;2019-01-08;"terça-feira";"09:40:00";"RJ";116;178;"NOVA IGUACU";"Falta de Atenção à Condução";"Colisão lateral";"Com Vítimas Feridas";"Pleno dia";"Decrescente";"Sol";"Dupla";"Reta";"Sim";2;0;0;1;1;0;1;2;-22,774963;-43,400814;"SPRF-RJ";"DEL01-RJ";"UOP02-DEL01-RJ"
183987;2019-01-08;"terça-feira";"08:00:00";"MS";262;326,5;"CAMPO GRANDE";"Falta de Atenção à Condução";"Colisão transversal";"Com Vítimas Feridas";"Pleno dia";"Decrescente";"Céu Claro";"Múltipla";"Reta";"Sim";2;0;1;0;1;0;1;2;-20,46562152;-54,54812229;"SPRF-MS";"DEL01-MS";"UOP01-DEL01-MS"
183988;2019-01-08;"terça-feira";"07:30:00";"RS";116;530,1;"CAPAO DO LEAO";"Falta de Atenção à Condução";"Colisão transversal";"Com Vítimas Feridas";"Pleno dia";"Decrescente";"Céu Claro";"Simples";"Reta";"Sim";2;0;1;0;1;0;1;2;-31,76035611;-52,43834496;"SPRF-RS";"DEL07-RS";"UOP01-DEL07-RS"
183990;2019-01-08;"terça-feira";"08:10:00";"MG";381;480;"CONTAGEM";"Falta de Atenção à Condução";"Colisão com objeto estático";"Com Vítimas Feridas";"Pleno dia";"Decrescente";"Sol";"Múltipla";"Reta";"Não";2;0;1;0;1;0;1;2;-19,9586;-44,0608;"SPRF-MG";"DEL01-MG";"UOP03-DEL01-MG"
183991;2019-01-08;"terça-feira";"10:25:00";"MG";365;758,4;"ITUIUTABA";"Falta de Atenção à Condução";"Colisão traseira";"Com Vítimas Feridas";"Pleno dia";"Crescente";"Céu Claro";"Simples";"Reta";"Não";3;0;1;0;2;0;1;2;-18,96155433;-49,54353333;"SPRF-MG";"DEL15-MG";"UOP03-DEL15-MG"
183992;2019-01-08;"terça-feira";"08:20:00";"RN";226;1,4;"NATAL";"Desobediência às normas de trânsito pelo condutor";"Colisão transversal";"Com Vítimas Feridas";"Pleno dia";"Crescente";"Nublado";"Dupla";"Reta";"Sim";2;0;2;0;0;0;2;2;-5,806421;-35,241673;"SPRF-RN";"DEL01-RN";"UOP02-DEL01-RN"
183995;2019-01-08;"terça-feira";"09:30:00";"SP";381;55,9;"MAIRIPORA";"Não guardar distância de segurança";"Colisão traseira";"Com Vítimas Feridas";"Pleno dia";"Crescente";"Sol";"Dupla";"Reta";"Não";5;0;0;1;4;0;1;5;-23,26689611;-46,58477783;"SPRF-SP";"DEL03-SP";"UOP01-DEL03-SP"
183997;2019-01-08;"terça-feira";"09:40:00";"PB";230;182;"POCINHOS";"Não guardar distância de segurança";"Colisão traseira";"Sem Vítimas";"Pleno dia";"Decrescente";"Sol";"Simples";"Reta";"Não";2;0;0;0;2;0;0;2;-7,1584;-36,0837;"SPRF-PB";"DEL02-PB";"UOP02-DEL02-PB"
183999;2019-01-08;"terça-feira";"10:00:00";"CE";304;50;"ARACATI";"Falta de Atenção à Condução";"Colisão lateral";"Com Vítimas Feridas";"Pleno dia";"Decrescente";"Céu Claro";"Simples";"Curva";"Não";3;0;3;0;0;0;3;2;-4,573488;-37,762367;"SPRF-CE";"DEL03-CE";"UOP03-DEL03-CE"
184000;2019-01-08;"terça-feira";"10:50:00";"RS";290;99;"PORTO ALEGRE";"Não guardar distância de segurança";"Tombamento";"Com Vítimas Feridas";"Pleno dia";"Crescente";"Céu Claro";"Dupla";"Reta";"Sim";2;0;1;1;0;0;2;1;-29,990044;-51,22946054;"SPRF-RS";"DEL01-RS";"UOP01-DEL01-RS"
184001;2019-01-08;"terça-feira";"10:25:00";"MG";50;176,5;"UBERABA";"Não guardar distância de segurança";"Colisão traseira";"Sem Vítimas";"Pleno dia";"Decrescente";"Céu Claro";"Dupla";"Reta";"Não";2;0;0;0;2;0;0;2;-19,7792;-47,9505;"SPRF-MG";"DEL13-MG";"UOP01-DEL13-MG"
184002;2019-01-07;"segunda-feira";"18:10:00";"PR";272;542;"TERRA ROXA";"Velocidade Incompatível";"Colisão com objeto estático";"Com Vítimas Fatais";"Pleno dia";"Decrescente";"Chuva";"Simples";"Reta";"Não";2;1;0;0;0;1;0;2;-24,083958;-54,086571;"SPRF-PR";"DEL06-PR";"UAP01-DEL06-PR"
184006;2019-01-08;"terça-feira";"10:45:00";"PR";476;158,8;"ARAUCARIA";"Falta de Atenção à Condução";"Colisão transversal";"Com Vítimas Feridas";"Pleno dia";"Crescente";"Céu Claro";"Simples";"Reta";"Sim";3;0;1;0;2;0;1;2;-25,613539;-49,424255;"SPRF-PR";"DEL01-PR";"UOP06-DEL01-PR"