"id";"data_inversa";"dia_semana";"horario";"uf";"br";"km";"municipio";"causa_acidente";"tipo_acidente";"classificacao_acidente";"fase_dia";"sentido_via";"condicao_metereologica";"tipo_pista";"tracado_via";"uso_solo";"pessoas";"mortos";"feridos_leves";"feridos_graves";"ilesos";"ignorados";"feridos";"veiculos";"latitude";"longitude";"regional";"delegacia";"uop"
184009;2019-01-08;"terça-feira";"10:30:00";"MS";163;108,6;"ITAQUIRAI";"Avarias e/ou desgaste excessivo no pneu";"Saída de leito carroçável";"Com Vítimas Feridas";"Pleno dia";"Crescente";"Nublado";"Dupla";"Reta";"Não";1;0;1;0;0;0;1;1;-23,212587;-54,210621;"SPRF-MS";"DEL09-MS";"UOP01-DEL09-MS"
184010;2019-01-08;"terça-feira";"10:57:00";"PE";101;68,2;"RECIFE";"Falta de Atenção à Condução";"Colisão lateral";"Com Vítimas Feridas";"Pleno dia";"Crescente";"Sol";"Dupla";"Rotatória";"Sim";2;0;2;0;0;0;2;2;-8,0595;-34,9458;"SPRF-PE";"DEL01-PE";"UOP01-DEL01-PE"
184011;2019-01-08;"terça-feira";"08:30:00";"ES";262;109;"VENDA NOVA DO IMIGRANTE";"Falta de Atenção à Condução";"Colisão transversal";"Com Vítimas Feridas";"Pleno dia";"Crescente";"Céu Claro";"Simples";"Reta";"Não";2;0;0;1;1;0;1;2;-20,3359;-41,1728;"SPRF-ES";"DEL01-ES";"UOP02-DEL01-ES"
184012;2019-01-08;"terça-feira";"07:50:00";"BA";101;789,5;"ITAMARAJU";"Falta de Atenção à Condução";"Colisão transversal";"Com Vítimas Feridas";"Pleno dia";"Crescente";"Céu Claro";"Simples";"Reta";"Não";3;0;0;2;0;1;2;2;-16,8698;-39,5032;"SPRF-BA";"DEL09-BA";"UOP01-DEL09-BA"
184013;2019-01-08;"terça-feira";"09:50:00";"ES";259;30,5;"COLATINA";"Falta de Atenção à Condução";"Colisão traseira";"Com Vítimas Feridas";"Pleno dia";"Crescente";"Céu Claro";"Simples";"Curva";"Sim";3;0;1;0;2;0;1;2;-19,595186;-40,506504;"SPRF-ES";"DEL02-ES";"UOP01-DEL02-ES"
184016;2019-01-04;"sexta-feira";"10:00:00";"AM";230;646;"HUMAITA";"Falta de Atenção à Condução";"Tombamento";"Sem Vítimas";"Pleno dia";"Crescente";"Chuva";"Simples";"Reta";"Não";1;0;0;0;1;0;0;1;-7,55619613;-63,28823447;"SPRF-RO";"DEL01-RO";"UOP05-DEL01-AM"
184017;2019-01-08;"terça-feira";"11:20:00";"PE";232;4,7;"RECIFE";"Desobediência às normas de trânsito pelo condutor";"Colisão com objeto estático";"Com Vítimas Feridas";"Pleno dia";"Decrescente";"Céu Claro";"Múltipla";"Aclive";"Sim";2;0;1;0;1;0;1;2;-8,064473;-34,936928;"SPRF-PE";"DEL01-PE";"UOP01-DEL01-PE"
184018;2019-01-08;"terça-feira";"11:20:00";"RJ";101;320;"NITEROI";"Falta de Atenção à Condução";"Colisão lateral";"Com Vítimas Feridas";"Pleno dia";"Decrescente";"Céu Claro";"Dupla";"Curva";"Sim";2;0;1;0;1;0;1;2;-22,861752;-43,107143;"SPRF-RJ";"DEL02-RJ";"UOP02-DEL02-RJ"
184020;2019-01-08;"terça-feira";"08:40:00";"RO";364;345,5;"JI-PARANA";"Não guardar distância de segurança";"Colisão traseira";"Com Vítimas Feridas";"Pleno dia";"Decrescente";"Sol";"Dupla";"Reta";"Sim";2;0;1;0;1;0;1;2;-10,86786741;-61,96580887;"SPRF-RO";"DEL02-RO";"UOP01-DEL02-RO"
184023;2019-01-08;"terça-feira";"11:09:00";"BA";324;544,3;"AMELIA RODRIGUES";"Desobediência às normas de trânsito pelo condutor";"Colisão lateral";"Com Vítimas Feridas";"Pleno dia";"Decrescente";"Céu Claro";"Dupla";"Curva";"Sim";2;0;1;0;1;0;1;2;-12,40662656;-38,75305122;"SPRF-BA";"DEL01-BA";"UOP01-DEL01-BA"
184025;2019-01-08;"terça-feira";"12:31:00";"SP";116;120;"CACAPAVA";"Falta de Atenção à Condução";"Engavetamento";"Com Vítimas Feridas";"Pleno dia";"Decrescente";"Céu Claro";"Dupla";"Reta";"Sim";4;0;2;0;2;0;2;4;-23,071577;-45,644619;"SPRF-SP";"DEL06-SP";"UOP02-DEL02-SP"
184027;2019-01-08;"terça-feira";"10:30:00";"MA";10;250;"IMPERATRIZ";"Falta de Atenção à Condução";"Colisão traseira";"Com Vítimas Feridas";"Pleno dia";"Crescente";"Nublado";"Simples";"Reta";"Sim";5;0;1;0;4;0;1;2;-5,550874;-47,459305;"SPRF-MA";"DEL04-MA";"UOP01-DEL04-MA"
184029;2019-01-08;"terça-feira";"12:00:00";"RS";116;265;"CANOAS";"Falta de Atenção à Condução";"Colisão transversal";"Sem Vítimas";"Pleno dia";"Crescente";"Sol";"Simples";"Reta";"Sim";2;0;0;0;2;0;0;2;-29,923407;-51,177811;"SPRF-RS";"DEL01-RS";"UOP01-DEL01-RS"
184030;2019-01-08;"terça-feira";"13:40:00";"MG";116;703,9;"MURIAE";"Ultrapassagem Indevida";"Colisão lateral";"Com Vítimas Feridas";"Pleno dia";"Crescente";"Sol";"Simples";"Reta";"Sim";3;0;2;0;1;0;2;2;-21,11967573;-42,38011572;"SPRF-MG";"DEL07-MG";"UOP02-DEL07-MG"
184032;2019-01-08;"terça-feira";"13:45:00";"SC";101;208,5;"SAO JOSE";"Não guardar distância de segurança";"Colisão traseira";"Com Vítimas Feridas";"Pleno dia";"Decrescente";"Céu Claro";"Dupla";"Reta";"Sim";2;0;1;0;1;0;1;2;-27,6101;-48,6388;"SPRF-SC";"DEL01-SC";"UOP01-DEL01-SC"
184034;2019-01-08;"terça-feira";"13:30:00";"RS";158;327;"SANTA MARIA";"Falta de Atenção à Condução";"Colisão transversal";"Com Vítimas Feridas";"Pleno dia";"Crescente";"Garoa/Chuvisco";"Simples";"Reta";"Sim";2;0;0;1;1;0;1;2;-29,714945;-53,810829;"SPRF-RS";"DEL09-RS";"UOP01-DEL09-RS"
184036;2019-01-08;"terça-feira";"12:10:00";"SC";282;60,8;"RANCHO QUEIMADO";"Defeito na Via";"Queda de ocupante de veículo";"Com Vítimas Feridas";"Pleno dia";"Crescente";"Nublado";"Simples";"Curva";"Não";2;0;0;2;0;0;2;1;-27,680164;-49,019672;"SPRF-SC";"DEL01-SC";"UOP03-DEL01-SC"
184037;2019-01-08;"terça-feira";"11:40:00";"PE";101;123;"ESCADA";"Velocidade Incompatível";"Saída de leito carroçável";"Com Vítimas Feridas";"Pleno dia";"Crescente";"Chuva";"Dupla";"Reta";"Não";2;0;2;0;0;0;2;1;-8,3607;-35,2105;"SPRF-PE";"DEL01-PE";"UOP03-DEL01-PE"
184038;2019-01-08;"terça-feira";"12:30:00";"PE";232;56;"POMBOS";"Defeito na Via";"Saída de leito carroçável";"Sem Vítimas";"Pleno dia";"Decrescente";"Chuva";"Dupla";"Reta";"Não";1;0;0;0;1;0;0;1;-8,144629;-35,390347;"SPRF-PE";"DEL01-PE";"UOP02-DEL02PE"
184041;2019-01-08;"terça-feira";"14:40:00";"ES";262;90,9;"DOMINGOS MARTINS";"Falta de Atenção à Condução";"Colisão transversal";"Com Vítimas Feridas";"Pleno dia";"Crescente";"Céu Claro";"Simples";"Reta";"Sim";3;0;1;2;0;0;3;2;-20,3821;-41,0226;"SPRF-ES";"DEL01-ES";"UOP02-DEL01-ES"
184042;2019-01-08;"terça-feira";"12:40:00";"PR";277;489,5;"NOVA LARANJEIRAS";"Velocidade Incompatível";"Saída de leito carroçável";"Com Vítimas Feridas";"Pleno dia";"Crescente";"Chuva";"Simples";"Curva";"Não";5;0;3;2;0;0;5;1;-25,24104713;-52,63197899;"SPRF-PR";"DEL04-PR";"UOP02-DEL04-PR"
184043;2019-01-08;"terça-feira";"14:30:00";"PR";277;113;"CAMPO LARGO";"Velocidade Incompatível";"Saída de leito carroçável";"Com Vítimas Feridas";"Pleno dia";"Decrescente";"Sol";"Dupla";"Reta";"Sim";1;0;1;0;0;0;1;1;-25,44692622;-49,48421627;"SPRF-PR";"DEL01-PR";"UOP06-DEL01-PR"
184044;2019-01-07;"segunda-feira";"22:00:00";"PE";101;78,7;"JABOATAO DOS GUARARAPES";"Velocidade Incompatível";"Tombamento";"Com Vítimas Feridas";"Pleno dia";"Decrescente";"Nublado";"Simples";"Curva";"Não";1;0;0;1;0;0;1;1;-8,14110243;-34,94635105;"SPRF-PE";"DEL01-PE";"UOP01-DEL01-PE"
184045;2019-01-08;"terça-feira";"13:55:00";"RJ";116;177;"NOVA IGUACU";"Desobediência às normas de trânsito pelo condutor";"Colisão traseira";"Com Vítimas Feridas";"Pleno dia";"Crescente";"Céu Claro";"Dupla";"Reta";"Sim";3;0;1;0;2;0;1;2;-22,780552;-43,392086;"SPRF-RJ";"DEL01-RJ";"UOP02-DEL01-RJ"
184046;2019-01-08;"terça-feira";"08:30:00";"MG";381;423;"CAETE";"Falta de Atenção à Condução";"Colisão frontal";"Com Vítimas Feridas";"Pleno dia";"Crescente";"Céu Claro";"Simples";"Reta";"Não";2;0;1;0;1;0;1;2;-19,77398813;-43,64977062;"SPRF-MG";"DEL01-MG";"UOP01-DEL01-MG"
184047;2019-01-08;"terça-feira";"08:45:00";"PR";153;206,8;"TIBAGI";"Desobediência às normas de trânsito pelo condutor";"Colisão transversal";"Com Vítimas Feridas";"Pleno dia";"Crescente";"Céu Claro";"Simples";"Curva";"Sim";3;0;1;1;0;1;2;2;-24,52644715;-50,44576591;"SPRF-PR";"DEL03-PR";"UOP02-DEL03-PR"
184053;2019-01-08;"terça-feira";"16:00:00";"SC";282;21,5;"SANTO AMARO DA IMPERATRIZ";"Mal Súbito";"Colisão lateral";"Com Vítimas Feridas";"Pleno dia";"Decrescente";"Nublado";"Simples";"Reta";"Sim";2;0;1;0;1;0;1;2;-27,68907;-48,717541;"SPRF-SC";"DEL01-SC";"UOP02-DEL01-SC"
184054;2019-01-08;"terça-feira";"15:30:00";"PA";230;120,8;"MARABA";"Falta de Atenção à Condução";"Colisão transversal";"Com Vítimas Feridas";"Pleno dia";"Decrescente";"Céu Claro";"Dupla";"Reta";"Sim";2;0;1;0;1;0;1;2;-5,350384;-49,114384;"SPRF-PA";"DEL03-PA";"UOP01-DEL03-PA"
184056;2019-01-08;"terça-feira";"07:40:00";"SP";381;50;"ATIBAIA";"Falta de Atenção à Condução";"Colisão lateral";"Com Vítimas Feridas";"Pleno dia";"Crescente";"Céu Claro";"Simples";"Reta";"Sim";2;0;1;0;1;0;1;2;-23,138622;-46,575844;"SPRF-SP";"DEL03-SP";"UOP01-DEL03-SP"
184057;2019-01-08;"terça-feira";"13:00:00";"PE";232;27,9;"MORENO";"Pista Escorregadia";"Saída de leito carroçável";"Sem Vítimas";"Pleno dia";"Decrescente";"Garoa/Chuvisco";"Dupla";"Reta";"Não";1;0;0;0;1;0;0;1;-8,114184;-35,12569;"SPRF-PE";"DEL01-PE";"UOP02-DEL02PE"
184058;2019-01-08;"terça-feira";"15:50:00";"PE";232;31,8;"MORENO";"Pista Escorregadia";"Saída de leito carroçável";"Com Vítimas Fatais";"Pleno dia";"Decrescente";"Chuva";"Dupla";"Aclive";"Não";2;1;0;0;1;0;0;2;-8,10515305;-35,16797299;"SPRF-PE";"DEL01-PE";"UOP02-DEL02PE"
184060;2019-01-08;"terça-feira";"14:20:00";"MA";135;22,3;"SAO LUIS";"Desobediência às normas de trânsito pelo condutor";"Colisão transversal";"Com Vítimas Feridas";"Pleno dia";"Decrescente";"Céu Claro";"Dupla";"Reta";"Sim";2;0;1;0;1;0;1;2;-2,53073;-44,3068;"SPRF-MA";"DEL01-MA";"UOP01-DEL01-MA"
184061;2019-01-08;"terça-feira";"16:20:00";"PI";343;12,7;"PARNAIBA";"Falta de Atenção do Pedestre";"Atropelamento de Pedestre";"Com Vítimas Feridas";"Pleno dia";"Decrescente";"Nublado";"Dupla";"Reta";"Sim";2;0;2;0;0;0;2;2;-2,91642531;-41,7541194;"SPRF-PI";"DEL05-PI";"UOP01-DEL05-PI"
184062;2019-01-08;"terça-feira";"07:40:00";"PB";101;89,9;"CONDE";"Falta de Atenção à Condução";"Colisão lateral";"Com Vítimas Feridas";"Pleno dia";"Crescente";"Céu Claro";"Dupla";"Retorno Regulamentado";"Sim";2;0;1;0;1;0;1;2;-7,1807;-34,9005;"SPRF-PB";"DEL01-PB";"UOP01-DEL01-PB"
184063;2019-01-08;"terça-feira";"17:30:00";"MG";381;479,2;"CONTAGEM";"Falta de Atenção à Condução";"Queda de ocupante de veículo";"Com Vítimas Feridas";"Pleno dia";"Crescente";"Céu Claro";"Dupla";"Reta";"Sim";1;0;1;0;0;0;1;1;-19,961;-44,0517;"SPRF-MG";"DEL01-MG";"UOP03-DEL01-MG"
184064;2019-01-08;"terça-feira";"07:50:00";"PR";277;667,7;"MEDIANEIRA";"Não guardar distância de segurança";"Colisão traseira";"Com Vítimas Feridas";"Pleno dia";"Decrescente";"Nublado";"Dupla";"Reta";"Sim";2;0;0;1;1;0;1;2;-25,26950699;-54,06026602;"SPRF-PR";"DEL05-PR";"UOP02-DEL05-PR"
184065;2019-01-08;"terça-feira";"16:30:00";"PR";376;551,5;"BALSA NOVA";"Falta de Atenção à Condução";"Saída de leito carroçável";"Com Vítimas Feridas";"Pleno dia";"Decrescente";"Céu Claro";"Dupla";"Curva";"Não";5;0;2;0;3;0;2;1;-25,43480943;-49,75106388;"SPRF-PR";"DEL01-PR";"UOP06-DEL01-PR"
184066;2019-01-08;"terça-feira";"17:22:00";"PR";376;214;"CAMPO LARGO";"Falta de Atenção à Condução";"Queda de ocupante de veículo";"Com Vítimas Feridas";"Pleno dia";"Decrescente";"Chuva";"Dupla";"Reta";"Sim";1;0;1;0;0;0;1;1;-25,445097;-49,50071;"SPRF-PR";"DEL07-PR";"UOP01-DEL09-PR"
184067;2019-01-08;"terça-feira";"16:10:00";"RS";290;640;"URUGUAIANA";"Falta de Atenção à Condução";"Saída de leito carroçável";"Com Vítimas Feridas";"Pleno dia";"Decrescente";"Céu Claro";"Simples";"Reta";"Não";4;0;4;0;0;0;4;1;-30,011345;-56,318676;"SPRF-RS";"DEL13-RS";"UOP02-DEL13-RS"
184068;2019-01-08;"terça-feira";"17:00:00";"RN";427;98,2;"CAICO";"Desobediência às normas de trânsito pelo condutor";"Colisão transversal";"Com Vítimas Feridas";"Pleno dia";"Decrescente";"Céu Claro";"Simples";"Interseção de Vias";"Sim";3;0;0;1;1;1;1;3;-6,464375;-37,092213;"SPRF-RN";"DEL03-RN";"UOP01-DEL03-RN"
184069;2019-01-08;"terça-feira";"17:30:00";"SP";459;25,8;"LORENA";"Desobediência às normas de trânsito pelo condutor";"Colisão lateral";"Com Vítimas Feridas";"Pleno dia";"Crescente";"Céu Claro";"Simples";"Rotatória";"Não";2;0;1;0;1;0;1;2;-22,686485;-45,128445;"SPRF-SP";"DEL08-SP";"UOP03-DEL08-SP"
184072;2019-01-08;"terça-feira";"18:00:00";"PR";116;97;"SAO JOSE DOS PINHAIS";"Falta de Atenção à Condução";"Colisão lateral";"Com Vítimas Feridas";"Anoitecer";"Decrescente";"Chuva";"Dupla";"Reta";"Sim";2;0;0;1;1;0;1;2;-25,512325;-49,128712;"SPRF-PR";"DEL01-PR";"UOP01-DEL01-PR"
184073;2019-01-08;"terça-feira";"17:40:00";"MG";40;525;"CONTAGEM";"Defeito Mecânico no Veículo";"Incêndio";"Sem Vítimas";"Pleno dia";"Decrescente";"Céu Claro";"Dupla";"Reta";"Sim";1;0;0;0;1;0;0;1;-19,8971;-44,0497;"SPRF-MG";"DEL01-MG";"UOP03-DEL01-MG"
184075;2019-01-08;"terça-feira";"18:00:00";"SC";101;337,4;"TUBARAO";"Desobediência às normas de trânsito pelo condutor";"Colisão lateral";"Com Vítimas Feridas";"Pleno dia";"Crescente";"Céu Claro";"Múltipla";"Reta";"Não";4;0;1;0;1;2;1;3;-28,4881;-49,0386;"SPRF-SC";"DEL02-SC";"UOP01-DEL02-SC"
184076;2019-01-08;"terça-feira";"17:30:00";"SP";116;326,2;"JUQUITIBA";"Pista Escorregadia";"Capotamento";"Com Vítimas Feridas";"Pleno dia";"Decrescente";"Chuva";"Dupla";"Curva";"Sim";2;0;2;0;0;0;2;1;-23,93781779;-47,06392857;"SPRF-SP";"DEL04-SP";"UOP03-DEL04-SP"
184077;2019-01-08;"terça-feira";"18:10:00";"MG";381;927;"ITAPEVA";"Falta de Atenção à Condução";"Colisão com objeto estático";"Sem Vítimas";"Pleno dia";"Decrescente";"Nublado";"Dupla";"Aclive;Reta";"Não";1;0;0;0;1;0;0;1;-22,76752103;-46,21709174;"SPRF-MG";"DEL16-MG";"UOP03-DEL16-MG"
184080;2019-01-08;"terça-feira";"18:03:00";"MG";262;803;"UBERABA";"Falta de Atenção à Condução";"Colisão traseira";"Com Vítimas Feridas";"Pleno dia";"Crescente";"Céu Claro";"Dupla";"Reta";"Sim";4;0;1;0;3;0;1;3;-19,77639606;-47,92098999;"SPRF-MG";"DEL13-MG";"UOP01-DEL13-MG"
184081;2019-01-08;"terça-feira";"17:00:00";"AL";104;35;"UNIAO DOS PALMARES";"Falta de Atenção do Pedestre";"Atropelamento de Pedestre";"Com Vítimas Feridas";"Pleno dia";"Decrescente";"Nublado";"Simples";"Reta";"Sim";2;0;1;0;1;0;1;2;-9,16286519;-36,01836294;"SPRF-AL";"DEL01-AL";"UOP02-DEL01-AL"
184085;2019-01-08;"terça-feira";"17:50:00";"CE";20;421,3;"MARACANAU";"Falta de Atenção à Condução";"Queda de ocupante de veículo";"Com Vítimas Feridas";"Plena Noite";"Crescente";"Céu Claro";"Dupla";"Reta";"Não";2;0;1;0;1;0;1;2;-3,84743598;-38,57249129;"SPRF-CE";"DEL01-CE";"UOP02-DEL01-CE"
184088;2019-01-08;"terça-feira";"17:25:00";"MA";230;403;"BALSAS";"Falta de Atenção do Pedestre";"Queda de ocupante de veículo";"Com Vítimas Feridas";"Anoitecer";"Crescente";"Céu Claro";"Simples";"Rotatória";"Não";1;0;1;0;0;0;1;1;-7,521335;-46,04969;"SPRF-MA";"DEL05-MA";"UOP01-DEL05-MA"
184090;2019-01-08;"terça-feira";"21:00:00";"MG";381;853;"POUSO ALEGRE";"Desobediência às normas de trânsito pelo condutor";"Colisão traseira";"Com Vítimas Feridas";"Plena Noite";"Crescente";"Céu Claro";"Dupla";"Reta";"Não";2;0;1;0;1;0;1;2;-22,2713;-45,8926;"SPRF-MG";"DEL16-MG";"UOP01-DEL16-MG"
184091;2019-01-08;"terça-feira";"21:03:00";"SC";101;193;"BIGUACU";"Falta de Atenção à Condução";"Queda de ocupante de veículo";"Com Vítimas Feridas";"Plena Noite";"Crescente";"Nublado";"Múltipla";"Viaduto";"Sim";2;0;2;0;0;0;2;1;-27,4982;-48,6565;"SPRF-SC";"DEL01-SC";"UOP01-DEL01-SC"
184092;2019-01-08;"terça-feira";"21:40:00";"PR";476;128,3;"CURITIBA";"Pista Escorregadia";"Saída de leito carroçável";"Sem Vítimas";"Plena Noite";"Crescente";"Chuva";"Múltipla";"Declive;Curva";"Sim";1;0;0;0;1;0;0;1;-25,433048;-49,23156;"SPRF-PR";"DEL01-PR";"UOP07-DEL01-PR"
184093;2019-01-08;"terça-feira";"17:00:00";"MA";316;436;"PERITORO";"Defeito na Via";"Capotamento";"Com Vítimas Feridas";"Pleno dia";"Decrescente";"Chuva";"Simples";"Curva";"Não";2;0;2;0;0;0;2;1;-4,413616;-44,2411;"SPRF-MA";"DEL03-MA";"UOP01-DEL03-MA"
184094;2019-01-08;"terça-feira";"22:10:00";"SC";470;84,2;"RODEIO";"Velocidade Incompatível";"Saída de leito carroçável";"Com Vítimas Fatais";"Plena Noite";"Crescente";"Chuva";"Simples";"Curva";"Não";1;1;0;0;0;0;0;1;-26,96137;-49,342415;"SPRF-SC";"DEL04-SC";"UOP01-DEL04-SC"
184095;2019-01-08;"terça-feira";"21:15:00";"GO";20;185,2;"SIMOLANDIA";"Falta de Atenção à Condução";"Saída de leito carroçável";"Com Vítimas Feridas";"Plena Noite";"Crescente";"Céu Claro";"Dupla";"Curva";"Não";4;0;2;0;2;0;2;1;-14,443042;-46,462242;"SPRF-DF";"DEL02-DF";"UOP03-DEL02-DF"
184096;2019-01-08;"terça-feira";"22:12:00";"PR";476;116;"COLOMBO";"Falta de Atenção à Condução";"Colisão com objeto estático";"Com Vítimas Feridas";"Plena Noite";"Crescente";"Chuva";"Dupla";"Reta";"Sim";2;0;1;0;1;0;1;2;-25,34996;-49,16642;"SPRF-PR";"DEL01-PR";"UOP01-DEL01-PR"
184099;2019-01-08;"terça-feira";"22:00:00";"RS";392;686,5;"ROQUE GONZALES";"Defeito Mecânico no Veículo";"Saída de leito carroçável";"Com Vítimas Feridas";"Plena Noite";"Decrescente";"Céu Claro";"Simples";"Reta";"Não";2;0;2;0;0;0;2;1;-28,10655055;-55,02306506;"SPRF-RS";"DEL10-RS";"UOP01-DEL10-RS"
184100;2019-01-08;"terça-feira";"21:25:00";"RS";0;0;"SAO BORJA";"Pista Escorregadia";"Colisão traseira";"Sem Vítimas";"Plena Noite";"Não Informado";"Céu Claro";"Simples";"Interseção de Vias";"Sim";3;0;0;0;2;1;0;2;-28,66158775;-55,99882414;"SPRF-RS";"DEL12-RS";"UOP01-DEL12-RS"
184101;2019-01-08;"terça-feira";"22:40:00";"DF";20;19,4;"BRASILIA";"Falta de Atenção do Pedestre";"Atropelamento de Pedestre";"Com Vítimas Feridas";"Plena Noite";"Crescente";"Céu Claro";"Dupla";"Aclive";"Não";2;0;1;0;1;0;1;2;-15,612175;-47,700928;"SPRF-DF";"DEL02-DF";"UOP01-DEL02-DF"
184102;2019-01-08;"terça-feira";"23:00:00";"ES";259;62;"COLATINA";"Falta de Atenção à Condução";"Queda de ocupante de veículo";"Com Vítimas Feridas";"Plena Noite";"Crescente";"Céu Claro";"Simples";"Curva";"Sim";1;0;1;0;0;0;1;1;-19,531239;-40,689915;"SPRF-ES";"DEL02-ES";"UOP01-DEL02-ES"
184103;2019-01-08;"terça-feira";"21:30:00";"PR";116;149;"MANDIRITUBA";"Velocidade Incompatível";"Colisão transversal";"Com Vítimas Feridas";"Plena Noite";"Decrescente";"Nublado";"Simples";"Declive";"Não";4;0;2;1;1;0;3;3;-25,781727;-49,325352;"SPRF-PR";"DEL01-PR";"UOP03-DEL01-PR"
184106;2019-01-08;"terça-feira";"19:20:00";"PR";376;176,2;"MARINGA";"Ingestão de Álcool";"Colisão traseira";"Sem Vítimas";"Pleno dia";"Crescente";"Céu Claro";"Dupla";"Reta";"Sim";3;0;0;0;3;0;0;3;-23,412691;-51,931583;"SPRF-PR";"DEL07-PR";"UOP01-DEL09-PR"
184107;2019-01-07;"segunda-feira";"17:15:00";"MA";10;273,9;"IMPERATRIZ";"Não guardar distância de segurança";"Saída de leito carroçável";"Com Vítimas Fatais";"Pleno dia";"Crescente";"Céu Claro";"Simples";"Reta";"Não";2;1;0;1;0;0;1;1;-5,339613;-47,487582;"SPRF-MA";"DEL04-MA";"UOP01-DEL04-MA"
184108;2019-01-09;"quarta-feira";"00:01:00";"MS";262;370;"TERENOS";"Animais na Pista";"Atropelamento de Animal";"Com Vítimas Feridas";"Plena Noite";"Crescente";"Céu Claro";"Simples";"Reta";"Não";2;0;2;0;0;0;2;1;-20,482578;-54,781143;"SPRF-MS";"DEL01-MS";"UOP03-DEL01-MS"
184109;2019-01-09;"quarta-feira";"01:15:00";"PR";373;206,7;"IPIRANGA";"Velocidade Incompatível";"Saída de leito carroçável";"Com Vítimas Feridas";"Plena Noite";"Crescente";"Céu Claro";"Simples";"Reta";"Não";2;0;2;0;0;0;2;1;-25,12679137;-50,45402527;"SPRF-PR";"DEL03-PR";"UOP01-DEL03-PR"
184110;2019-01-09;"quarta-feira";"00:10:00";"MG";356;268;"MURIAE";"Falta de Atenção à Condução";"Colisão com objeto estático";"Com Vítimas Feridas";"Amanhecer";"Crescente";"Céu Claro";"Simples";"Curva";"Sim";1;0;1;0;0;0;1;1;-21,125526;-42,375477;"SPRF-MG";"DEL07-MG";"UOP02-DEL07-MG"
184112;2019-01-09;"quarta-feira";"01:20:00";"MG";40;65,1;"PARACATU";"Ultrapassagem Indevida";"Saída de leito carroçável";"Com Vítimas Feridas";"Plena Noite";"Decrescente";"Céu Claro";"Simples";"Reta";"Não";5;0;5;0;0;0;5;1;-17,360519;-46,746902;"SPRF-MG";"DEL14-MG";"UOP01-DEL14-MG"
184113;2019-01-09;"quarta-feira";"02:30:00";"GO";452;91;"GOIATUBA";"Velocidade Incompatível";"Capotamento";"Com Vítimas Feridas";"Plena Noite";"Decrescente";"Céu Claro";"Simples";"Reta";"Não";1;0;0;1;0;0;1;1;-18,051043;-50,184875;"SPRF-GO";"DEL03-GO";"UOP02-DEL03-GO"
184115;2019-01-09;"quarta-feira";"04:00:00";"PR";277;133,5;"BALSA NOVA";"Defeito Mecânico no Veículo";"Saída de leito carroçável";"Com Vítimas Feridas";"Plena Noite";"Decrescente";"Céu Claro";"Dupla";"Reta";"Sim";3;0;3;0;0;0;3;1;-25,47181779;-49,66591538;"SPRF-PR";"DEL01-PR";"UOP06-DEL01-PR"
184122;2019-01-09;"quarta-feira";"07:30:00";"SC";101;333,7;"TUBARAO";"Desobediência às normas de trânsito pelo condutor";"Colisão transversal";"Com Vítimas Feridas";"Pleno dia";"Crescente";"Sol";"Dupla";"Viaduto";"Sim";2;0;0;1;1;0;1;2;-28,4674;-49,0071;"SPRF-SC";"DEL02-SC";"UOP01-DEL02-SC"
184123;2019-01-09;"quarta-feira";"07:00:00";"PR";277;79,4;"CURITIBA";"Defeito Mecânico no Veículo";"Colisão com objeto estático";"Com Vítimas Feridas";"Pleno dia";"Crescente";"Céu Claro";"Dupla";"Reta";"Sim";1;0;1;0;0;0;1;1;-25,47865093;-49,20186281;"SPRF-PR";"DEL01-PR";"UOP01-DEL01-PR"
184124;2019-01-09;"quarta-feira";"07:40:00";"SP";116;145,4;"SAO JOSE DOS CAMPOS";"Não guardar distância de segurança";"Colisão traseira";"Com Vítimas Feridas";"Pleno dia";"Crescente";"Céu Claro";"Múltipla";"Reta";"Sim";3;0;2;0;1;0;2;2;-23,187023;-45,854885;"SPRF-SP";"DEL02-SP";"UOP01-DEL02-SP"
184125;2019-01-09;"quarta-feira";"07:45:00";"SP";116;145,2;"SAO JOSE DOS CAMPOS";"Falta de Atenção à Condução";"Colisão lateral";"Com Vítimas Feridas";"Pleno dia";"Crescente";"Céu Claro";"Dupla";"Reta";"Sim";2;0;1;0;1;0;1;2;-23,187023;-45,854885;"SPRF-SP";"DEL02-SP";"UOP01-DEL02-SP"
184126;2019-01-09;"quarta-feira";"08:00:00";"MG";50;72;"UBERLANDIA";"Falta de Atenção à Condução";"Colisão traseira";"Com Vítimas Feridas";"Pleno dia";"Decrescente";"Céu Claro";"Dupla";"Reta";"Sim";3;0;1;0;2;0;1;3;-18,9051;-48,2318;"SPRF-MG";"DEL15-MG";"UOP01-DEL15-MG"
184128;2019-01-09;"quarta-feira";"07:50:00";"MG";40;531;"BELO HORIZONTE";"Falta de Atenção à Condução";"Colisão lateral";"Com Vítimas Feridas";"Pleno dia";"Crescente";"Céu Claro";"Dupla";"Reta";"Sim";2;0;1;0;1;0;1;2;-19,9243;-44,0151;"SPRF-MG";"DEL01-MG";"UOP03-DEL01-MG"
184129;2019-01-09;"quarta-feira";"07:50:00";"GO";40;7;"LUZIANIA";"Falta de Atenção à Condução";"Colisão transversal";"Com Vítimas Feridas";"Pleno dia";"Decrescente";"Céu Claro";"Dupla";"Reta";"Sim";3;0;2;0;1;0;2;3;-16,108482;-47,972524;"SPRF-DF";"DEL01-DF";"UOP01-DEL01-DF"