"id";"data_inversa";"dia_semana";"horario";"uf";"br";"km";"municipio";"causa_acidente";"tipo_acidente";"classificacao_acidente";"fase_dia";"sentido_via";"condicao_metereologica";"tipo_pista";"tracado_via";"uso_solo";"pessoas";"mortos";"feridos_leves";"feridos_graves";"ilesos";"ignorados";"feridos";"veiculos";"latitude";"longitude";"regional";"delegacia";"uop"
184252;2019-01-09;"quarta-feira";"17:30:00";"PB";230;336;"PATOS";"Pista Escorregadia";"Tombamento";"Com Vítimas Feridas";"Pleno dia";"Decrescente";"Céu Claro";"Simples";"Em Obras";"Sim";1;0;1;0;0;0;1;1;-7,0128;-37,2644;"SPRF-PB";"DEL03-PB";"UOP01-DEL03-PB"
184253;2019-01-09;"quarta-feira";"19:30:00";"SC";101;134;"BALNEARIO CAMBORIU";"Desobediência às normas de trânsito pelo condutor";"Colisão transversal";"Com Vítimas Feridas";"Anoitecer";"Crescente";"Céu Claro";"Simples";"Interseção de Vias";"Sim";2;0;1;0;1;0;1;2;-27,0049;-48,6266;"SPRF-SC";"DEL04-SC";"UOP03-DEL04-SC"
184254;2019-01-09;"quarta-feira";"16:50:00";"MS";262;350,2;"CAMPO GRANDE";"Defeito Mecânico no Veículo";"Incêndio";"Sem Vítimas";"Pleno dia";"Crescente";"Nublado";"Dupla";"Reta";"Não";1;0;0;0;1;0;0;1;-20,56802826;-54,6342802;"SPRF-MS";"DEL01-MS";"UOP03-DEL01-MS"
184255;2019-01-09;"quarta-feira";"14:50:00";"MG";40;57,4;"PARACATU";"Falta de Atenção à Condução";"Saída de leito carroçável";"Com Vítimas Feridas";"Pleno dia";"Crescente";"Céu Claro";"Simples";"Reta";"Não";2;0;2;0;0;0;2;1;-17,293518;-46,773457;"SPRF-MG";"DEL14-MG";"UOP01-DEL14-MG"
184259;2019-01-09;"quarta-feira";"19:00:00";"RJ";101;310;"SAO GONCALO";"Falta de Atenção à Condução";"Colisão lateral";"Com Vítimas Feridas";"Anoitecer";"Decrescente";"Céu Claro";"Dupla";"Reta";"Sim";2;0;1;0;1;0;1;2;-22,797176;-43,044071;"SPRF-RJ";"DEL02-RJ";"DEL5/2-UOP04/RJ"
184260;2019-01-09;"quarta-feira";"19:00:00";"PE";101;147,9;"RIBEIRAO";"Falta de Atenção do Pedestre";"Atropelamento de Pedestre";"Com Vítimas Fatais";"Plena Noite";"Crescente";"Ignorado";"Dupla";"Reta";"Não";2;1;0;0;0;1;0;2;-8,475417;-35,37169;"SPRF-PE";"DEL01-PE";"UOP03-DEL01-PE"
184261;2019-01-07;"segunda-feira";"18:25:00";"BA";20;136,1;"SAO DESIDERIO";"Defeito Mecânico no Veículo";"Saída de leito carroçável";"Com Vítimas Feridas";"Anoitecer";"Crescente";"Céu Claro";"Simples";"Reta;Declive";"Não";3;0;2;0;1;0;2;1;-12,7571;-45,9444;"SPRF-BA";"DEL10-BA";"UOP01-DEL10-BA"
184262;2019-01-09;"quarta-feira";"13:40:00";"BA";101;269,8;"SANTO ANTONIO DE JESUS";"Falta de Atenção à Condução";"Colisão transversal";"Com Vítimas Feridas";"Pleno dia";"Crescente";"Sol";"Simples";"Curva";"Não";2;0;1;0;1;0;1;2;-13,0174;-39,2897;"SPRF-BA";"DEL01-BA";"UOP02-DEL01-BA"
184264;2019-01-09;"quarta-feira";"18:20:00";"PR";153;42,8;"SANTO ANTONIO DA PLATINA";"Falta de Atenção à Condução";"Queda de ocupante de veículo";"Com Vítimas Feridas";"Pleno dia";"Crescente";"Chuva";"Simples";"Reta";"Sim";2;0;1;1;0;0;2;1;-23,30304415;-50,07030845;"SPRF-PR";"DEL07-PR";"UOP04-DEL07-PR"
184266;2019-01-09;"quarta-feira";"19:40:00";"RJ";356;148,5;"CAMPOS DOS GOYTACAZES";"Falta de Atenção à Condução";"Colisão transversal";"Com Vítimas Feridas";"Plena Noite";"Crescente";"Céu Claro";"Simples";"Curva";"Sim";3;0;1;0;2;0;1;2;-21,777777;-41,306713;"SPRF-RJ";"DEL08-RJ";"UOP02-DEL08-RJ"
184269;2019-01-09;"quarta-feira";"20:30:00";"RJ";40;104;"DUQUE DE CAXIAS";"Ingestão de Álcool";"Colisão transversal";"Com Vítimas Feridas";"Plena Noite";"Decrescente";"Céu Claro";"Dupla";"Reta";"Não";2;0;0;1;0;1;1;2;-22,6383;-43,2839;"SPRF-RJ";"DEL01-RJ";"UOP01-DEL01-RJ"
184270;2019-01-09;"quarta-feira";"21:30:00";"SP";101;51,1;"UBATUBA";"Defeito Mecânico no Veículo";"Incêndio";"Sem Vítimas";"Plena Noite";"Crescente";"Nublado";"Simples";"Reta";"Sim";1;0;0;0;1;0;0;1;-23,456327;-45,071068;"SPRF-SP";"DEL06-SP";"UOP01-DEL06-SP"
184272;2019-01-09;"quarta-feira";"11:20:00";"SP";116;156,8;"SAO JOSE DOS CAMPOS";"Ingestão de Álcool";"Colisão com objeto estático";"Com Vítimas Feridas";"Pleno dia";"Decrescente";"Sol";"Dupla";"Reta";"Sim";1;0;1;0;0;0;1;1;-23,219809;-45,899918;"SPRF-SP";"DEL02-SP";"UOP01-DEL02-SP"
184273;2019-01-09;"quarta-feira";"22:00:00";"RS";290;106;"ELDORADO DO SUL";"Defeito Mecânico no Veículo";"Tombamento";"Com Vítimas Feridas";"Plena Noite";"Crescente";"Nublado";"Dupla";"Reta";"Não";2;0;2;0;0;0;2;1;-29,998999;-51,294563;"SPRF-RS";"DEL02-RS";"UOP01-DEL02-RS"
184274;2019-01-09;"quarta-feira";"17:00:00";"MG";40;269;"SAO GONCALO DO ABAETE";"Ingestão de Álcool";"Saída de leito carroçável";"Sem Vítimas";"Plena Noite";"Decrescente";"Céu Claro";"Simples";"Reta";"Não";1;0;0;0;1;0;0;1;-18,172033;-45,285259;"SPRF-MG";"DEL14-MG";"UOP02-DEL14-MG"
184275;2019-01-09;"quarta-feira";"22:30:00";"MG";381;508;"SAO JOAQUIM DE BICAS";"Velocidade Incompatível";"Colisão com objeto estático";"Sem Vítimas";"Plena Noite";"Decrescente";"Céu Claro";"Múltipla";"Reta";"Sim";1;0;0;0;0;1;0;1;-20,0494;-44,2767;"SPRF-MG";"DEL01-MG";"UOP03-DEL01-MG"
184276;2019-01-09;"quarta-feira";"17:55:00";"RJ";101;262;"RIO BONITO";"Falta de Atenção à Condução";"Colisão traseira";"Com Vítimas Feridas";"Pleno dia";"Decrescente";"Céu Claro";"Dupla";"Reta";"Não";2;0;1;0;1;0;1;2;-22,713675;-42,620529;"SPRF-RJ";"DEL02-RJ";"UOP03-DEL02-RJ"
184278;2019-01-09;"quarta-feira";"22:25:00";"PR";277;34;"MORRETES";"Falta de Atenção à Condução";"Colisão transversal";"Com Vítimas Feridas";"Plena Noite";"Decrescente";"Céu Claro";"Dupla";"Reta";"Não";2;0;1;0;0;1;1;2;-25,54491959;-48,66943359;"SPRF-PR";"DEL01-PR";"UOP05-DEL01-PR"
184280;2019-01-08;"terça-feira";"06:10:00";"MA";222;671,2;"ACAILANDIA";"Defeito Mecânico no Veículo";"Tombamento";"Com Vítimas Feridas";"Pleno dia";"Crescente";"Céu Claro";"Simples";"Reta";"Sim";2;0;2;0;0;0;2;1;-4,9446721;-47,47199357;"SPRF-MA";"DEL04-MA";"UOP03-DEL04-MA"
184281;2019-01-09;"quarta-feira";"21:25:00";"RJ";116;295,2;"PORTO REAL";"Falta de Atenção à Condução";"Saída de leito carroçável";"Sem Vítimas";"Plena Noite";"Crescente";"Céu Claro";"Simples";"Reta";"Não";1;0;0;0;0;1;0;1;-22,449371;-44,321712;"SPRF-RJ";"DEL07-RJ";"DEL5/7-UOP03/RJ"
184283;2019-01-09;"quarta-feira";"16:00:00";"RJ";101;255;"RIO BONITO";"Avarias e/ou desgaste excessivo no pneu";"Tombamento";"Com Vítimas Feridas";"Pleno dia";"Decrescente";"Céu Claro";"Dupla";"Reta";"Sim";2;0;2;0;0;0;2;1;-22,694231;-42,55912;"SPRF-RJ";"DEL02-RJ";"UOP03-DEL02-RJ"
184285;2019-01-09;"quarta-feira";"19:45:00";"MA";135;6,8;"SAO LUIS";"Desobediência às normas de trânsito pelo condutor";"Colisão transversal";"Sem Vítimas";"Plena Noite";"Crescente";"Céu Claro";"Dupla";"Reta";"Sim";2;0;0;0;2;0;0;2;-2,628887;-44,263302;"SPRF-MA";"DEL01-MA";"UOP01-DEL01-MA"
184286;2019-01-09;"quarta-feira";"22:28:00";"CE";222;2;"FORTALEZA";"Falta de Atenção do Pedestre";"Atropelamento de Pedestre";"Com Vítimas Feridas";"Plena Noite";"Crescente";"Chuva";"Múltipla";"Reta";"Sim";2;0;1;1;0;0;2;2;-3,739117;-38,586914;"SPRF-CE";"DEL01-CE";"UOP01-DEL01-CE"
184288;2019-01-10;"quinta-feira";"00:50:00";"MG";40;547,9;"BELO HORIZONTE";"Mal Súbito";"Saída de leito carroçável";"Com Vítimas Feridas";"Plena Noite";"Decrescente";"Céu Claro";"Dupla";"Curva";"Não";1;0;1;0;0;0;1;1;-20,033;-43,9691;"SPRF-MG";"DEL01-MG";"UOP02-DEL01-MG"
184290;2019-01-10;"quinta-feira";"00:30:00";"CE";20;306,2;"CANINDE";"Ingestão de Álcool";"Colisão traseira";"Sem Vítimas";"Plena Noite";"Decrescente";"Nublado";"Simples";"Reta";"Sim";2;0;0;0;2;0;0;2;-4,34944;-39,299339;"SPRF-CE";"DEL02-CE";"UOP01-DEL02-CE"
184291;2019-01-10;"quinta-feira";"01:40:00";"PR";376;187,5;"MARIALVA";"Falta de Atenção à Condução";"Colisão traseira";"Com Vítimas Feridas";"Plena Noite";"Decrescente";"Céu Claro";"Dupla";"Reta";"Não";5;0;3;0;1;1;3;2;-23,458345;-51,841714;"SPRF-PR";"DEL07-PR";"UOP01-DEL09-PR"
184292;2019-01-10;"quinta-feira";"01:50:00";"ES";101;296;"CARIACICA";"Velocidade Incompatível";"Colisão com objeto estático";"Sem Vítimas";"Plena Noite";"Crescente";"Garoa/Chuvisco";"Múltipla";"Curva";"Sim";1;0;0;0;1;0;0;1;-20,34355148;-40,40708132;"SPRF-ES";"DEL01-ES";"UOP01-DEL01-ES"
184294;2019-01-09;"quarta-feira";"23:40:00";"BA";116;893,7;"CANDIDO SALES";"Condutor Dormindo";"Capotamento";"Com Vítimas Feridas";"Plena Noite";"Decrescente";"Céu Claro";"Simples";"Reta";"Não";3;0;2;1;0;0;3;1;-15,38601297;-41,20152594;"SPRF-BA";"DEL08-BA";"UOP03-DEL08-BA"
184295;2019-01-10;"quinta-feira";"00:20:00";"CE";20;306,1;"CANINDE";"Desobediência às normas de trânsito pelo condutor";"Queda de ocupante de veículo";"Com Vítimas Feridas";"Plena Noite";"Decrescente";"Céu Claro";"Simples";"Interseção de Vias";"Sim";1;0;1;0;0;0;1;1;-4,34944;-39,299339;"SPRF-CE";"DEL02-CE";"UOP01-DEL02-CE"
184296;2019-01-10;"quinta-feira";"03:55:00";"RS";392;352,2;"SANTA MARIA";"Falta de Atenção à Condução";"Colisão transversal";"Com Vítimas Feridas";"Plena Noite";"Decrescente";"Nublado";"Simples";"Interseção de Vias;Reta";"Sim";2;0;0;1;0;1;1;2;-29,720404;-53,807632;"SPRF-RS";"DEL09-RS";"UOP01-DEL09-RS"
184297;2019-01-10;"quinta-feira";"04:20:00";"RS";116;253;"SAPUCAIA DO SUL";"Desobediência às normas de trânsito pelo condutor";"Colisão frontal";"Com Vítimas Fatais";"Plena Noite";"Crescente";"Nublado";"Dupla";"Reta";"Sim";3;1;1;1;0;0;2;2;-29,817963;-51,169994;"SPRF-RS";"DEL01-RS";"UOP02-DEL01-RS"
184298;2019-01-10;"quinta-feira";"03:50:00";"RN";101;126,3;"SAO JOSE DE MIPIBU";"Animais na Pista";"Atropelamento de Animal";"Com Vítimas Feridas";"Plena Noite";"Decrescente";"Céu Claro";"Dupla";"Reta";"Não";1;0;1;0;0;0;1;1;-6,086887;-35,234379;"SPRF-RN";"DEL01-RN";"UOP01-DEL01-RN"
184301;2019-01-10;"quinta-feira";"06:40:00";"ES";101;125;"SOORETAMA";"Falta de Atenção à Condução";"Queda de ocupante de veículo";"Com Vítimas Feridas";"Pleno dia";"Crescente";"Céu Claro";"Dupla";"Reta";"Não";1;0;1;0;0;0;1;1;-19,1868951;-40,09500536;"SPRF-ES";"DEL04-ES";"UOP01-DEL04-ES"
184302;2019-01-10;"quinta-feira";"06:45:00";"ES";101;255,5;"SERRA";"Desobediência às normas de trânsito pelo condutor";"Colisão transversal";"Com Vítimas Feridas";"Pleno dia";"Decrescente";"Céu Claro";"Simples";"Reta";"Sim";4;0;0;1;2;1;1;3;-20,11734143;-40,31474059;"SPRF-ES";"DEL02-ES";"UOP01-DEL02-ES"
184303;2019-01-10;"quinta-feira";"06:20:00";"PE";232;63;"POMBOS";"Velocidade Incompatível";"Capotamento";"Com Vítimas Feridas";"Amanhecer";"Decrescente";"Céu Claro";"Dupla";"Reta";"Não";1;0;0;1;0;0;1;1;-8,147123;-35,398911;"SPRF-PE";"DEL01-PE";"UOP02-DEL02PE"
184306;2019-01-10;"quinta-feira";"08:20:00";"PR";376;279;"MARILANDIA DO SUL";"Ultrapassagem Indevida";"Colisão frontal";"Com Vítimas Fatais";"Pleno dia";"Crescente";"Chuva";"Simples";"Aclive;Reta";"Não";5;2;0;2;0;1;2;3;-23,80384345;-51,26199245;"SPRF-PR";"DEL07-PR";"UOP02-DEL07-PR"
184307;2019-01-10;"quinta-feira";"07:43:00";"PR";369;147;"LONDRINA";"Não guardar distância de segurança";"Colisão traseira";"Com Vítimas Feridas";"Pleno dia";"Crescente";"Sol";"Dupla";"Reta";"Não";2;0;1;0;1;0;1;2;-23,29306743;-51,13721073;"SPRF-PR";"DEL07-PR";"UOP01-DEL07-PR"
184308;2019-01-10;"quinta-feira";"06:45:00";"MG";40;523;"RIBEIRAO DAS NEVES";"Não guardar distância de segurança";"Colisão traseira";"Com Vítimas Feridas";"Pleno dia";"Crescente";"Sol";"Dupla";"Reta";"Sim";3;0;0;1;1;1;1;3;-19,879;-44,051;"SPRF-MG";"DEL01-MG";"UOP03-DEL01-MG"
184309;2019-01-10;"quinta-feira";"08:30:00";"MG";40;447,4;"CAETANOPOLIS";"Condutor Dormindo";"Saída de leito carroçável";"Com Vítimas Fatais";"Pleno dia";"Decrescente";"Céu Claro";"Dupla";"Reta";"Não";3;1;1;1;0;0;2;1;-19,3089;-44,3729;"SPRF-MG";"DEL02-MG";"UOP01-DEL02-MG"
184310;2019-01-10;"quinta-feira";"08:30:00";"PR";373;173,2;"PONTA GROSSA";"Falta de Atenção à Condução";"Atropelamento de Pedestre";"Com Vítimas Feridas";"Pleno dia";"Crescente";"Sol";"Dupla";"Reta";"Sim";3;0;0;1;1;1;1;2;-25,07956568;-50,20357165;"SPRF-PR";"DEL03-PR";"UOP01-DEL03-PR"
184312;2019-01-10;"quinta-feira";"07:55:00";"PR";369;151,1;"LONDRINA";"Falta de Atenção à Condução";"Colisão lateral";"Com Vítimas Feridas";"Pleno dia";"Decrescente";"Céu Claro";"Dupla";"Reta";"Sim";2;0;1;0;1;0;1;2;-23,2928551;-51,1782217;"SPRF-PR";"DEL07-PR";"UOP01-DEL07-PR"
184314;2019-01-10;"quinta-feira";"06:50:00";"RO";364;220;"PIMENTA BUENO";"Desobediência às normas de trânsito pelo condutor";"Colisão frontal";"Com Vítimas Feridas";"Pleno dia";"Crescente";"Nublado";"Simples";"Declive;Reta";"Não";5;0;2;3;0;0;5;2;-11,534743;-61,322225;"SPRF-RO";"DEL02-RO";"UOP02-DEL02-RO"
184316;2019-01-10;"quinta-feira";"06:50:00";"RO";364;5,1;"VILHENA";"Falta de Atenção à Condução";"Colisão transversal";"Com Vítimas Feridas";"Pleno dia";"Decrescente";"Sol";"Simples";"Reta";"Sim";3;0;1;0;2;0;1;2;-12,786234;-60,089916;"SPRF-RO";"DEL04-RO";"UOP01-DEL04-RO"
184317;2019-01-07;"segunda-feira";"20:00:00";"MG";153;0,8;"ARAPORA";"Não guardar distância de segurança";"Colisão traseira";"Sem Vítimas";"Plena Noite";"Decrescente";"Céu Claro";"Dupla";"Reta";"Sim";2;0;0;0;2;0;0;2;-18,42509978;-49,19371963;"SPRF-MG";"DEL15-MG";"UOP03-DEL15-MG"
184320;2019-01-10;"quinta-feira";"05:50:00";"MT";364;606;"DIAMANTINO";"Não guardar distância de segurança";"Colisão frontal";"Com Vítimas Fatais";"Amanhecer";"Decrescente";"Nublado";"Simples";"Reta";"Não";4;1;0;0;3;0;0;2;-14,46637;-56,248875;"SPRF-MT";"DEL01-MT";"UOP01-DEL01-MT"
184322;2019-01-10;"quinta-feira";"08:00:00";"PE";428;186,9;"PETROLINA";"Desobediência às normas de trânsito pelo condutor";"Colisão transversal";"Com Vítimas Feridas";"Pleno dia";"Decrescente";"Céu Claro";"Simples";"Reta";"Sim";2;0;1;0;1;0;1;2;-9,36872;-40,48502;"SPRF-PE";"DEL06-PE";"UOP01-DEL06-PE"
184323;2019-01-10;"quinta-feira";"09:00:00";"MG";381;754,4;"TRES CORACOES";"Condutor Dormindo";"Saída de leito carroçável";"Com Vítimas Feridas";"Pleno dia";"Decrescente";"Céu Claro";"Dupla";"Reta";"Não";1;0;1;0;0;0;1;1;-21,66767849;-45,31969786;"SPRF-MG";"DEL16-MG";"UOP02-DEL16-MG"
184324;2019-01-10;"quinta-feira";"09:15:00";"RJ";101;269;"RIO BONITO";"Falta de Atenção à Condução";"Colisão traseira";"Com Vítimas Feridas";"Pleno dia";"Decrescente";"Céu Claro";"Dupla";"Reta";"Não";2;0;1;0;1;0;1;2;-22,714979;-42,678112;"SPRF-RJ";"DEL02-RJ";"UOP03-DEL02-RJ"
184326;2019-01-10;"quinta-feira";"08:25:00";"CE";20;358,9;"MARANGUAPE";"Desobediência às normas de trânsito pelo condutor";"Colisão lateral";"Com Vítimas Feridas";"Pleno dia";"Crescente";"Céu Claro";"Dupla";"Reta";"Não";5;0;1;0;4;0;1;2;-4,03937;-38,998554;"SPRF-CE";"DEL02-CE";"UOP01-DEL02-CE"
184330;2019-01-10;"quinta-feira";"09:15:00";"SC";101;423,6;"ARARANGUA";"Desobediência às normas de trânsito pelo condutor";"Colisão transversal";"Com Vítimas Feridas";"Pleno dia";"Crescente";"Sol";"Simples";"Interseção de Vias";"Não";2;0;1;0;1;0;1;2;-29,0193;-49,5882;"SPRF-SC";"DEL02-SC";"UOP02-DEL02-SC"
184331;2019-01-10;"quinta-feira";"10:30:00";"PR";469;19,1;"FOZ DO IGUACU";"Falta de Atenção à Condução";"Tombamento";"Com Vítimas Feridas";"Pleno dia";"Crescente";"Sol";"Simples";"Declive";"Não";1;0;0;1;0;0;1;1;-25,6015;-54,5021;"SPRF-PR";"DEL05-PR";"UOP04-DEL05-PR"
184335;2019-01-10;"quinta-feira";"08:40:00";"CE";116;406,4;"BAIXIO";"Desobediência às normas de trânsito pelo condutor";"Colisão lateral";"Com Vítimas Feridas";"Pleno dia";"Crescente";"Céu Claro";"Simples";"Reta";"Não";3;0;0;1;1;1;1;3;-6,645682;-38,823742;"SPRF-CE";"DEL05-CE";"UOP01-DEL05-CE"
184336;2019-01-10;"quinta-feira";"09:45:00";"PB";230;40;"SANTA RITA";"Velocidade Incompatível";"Colisão com objeto estático";"Com Vítimas Fatais";"Pleno dia";"Decrescente";"Céu Claro";"Dupla";"Em Obras;Curva";"Sim";1;1;0;0;0;0;0;1;-7,142062;-34,994165;"SPRF-PB";"DEL01-PB";"UOP01-DEL01-PB"
184337;2019-01-10;"quinta-feira";"11:20:00";"RJ";116;122;"MAGE";"Defeito Mecânico no Veículo";"Incêndio";"Sem Vítimas";"Pleno dia";"Crescente";"Céu Claro";"Dupla";"Reta";"Não";2;0;0;0;2;0;0;1;-22,65457152;-43,08580399;"SPRF-RJ";"DEL04-RJ";"UOP02-DEL04-RJ"
184339;2019-01-10;"quinta-feira";"09:30:00";"RS";392;209;"SANTANA DA BOA VISTA";"Pista Escorregadia";"Colisão transversal";"Com Vítimas Feridas";"Pleno dia";"Decrescente";"Garoa/Chuvisco";"Simples";"Curva";"Não";2;0;1;0;1;0;1;2;-30,817316;-53,182964;"SPRF-RS";"DEL09-RS";"UOP02-DEL09-RS"
184341;2019-01-10;"quinta-feira";"10:30:00";"PR";376;508,3;"PONTA GROSSA";"Velocidade Incompatível";"Colisão traseira";"Com Vítimas Feridas";"Pleno dia";"Crescente";"Céu Claro";"Dupla";"Reta";"Não";3;0;1;0;2;0;1;2;-25,206619;-50,066486;"SPRF-PR";"DEL03-PR";"UOP04-DEL03-PR"
184343;2019-01-10;"quinta-feira";"11:45:00";"MG";364;33,3;"FRUTAL";"Falta de Atenção à Condução";"Queda de ocupante de veículo";"Com Vítimas Feridas";"Pleno dia";"Crescente";"Céu Claro";"Simples";"Declive";"Não";1;0;1;0;0;0;1;1;-20,025185;-48,94096;"SPRF-MG";"DEL13-MG";"UOP02-DEL13-MG"
184345;2019-01-10;"quinta-feira";"11:10:00";"TO";153;789,8;"TALISMA";"Pista Escorregadia";"Saída de leito carroçável";"Sem Vítimas";"Pleno dia";"Crescente";"Chuva";"Simples";"Reta";"Não";4;0;0;0;4;0;0;1;-12,719222;-49,076927;"SPRF-TO";"DEL02-TO";"UOP02-DEL01-TO"
184347;2019-01-10;"quinta-feira";"11:50:00";"PR";376;2;"MANDAGUARI";"Não guardar distância de segurança";"Colisão traseira";"Com Vítimas Feridas";"Pleno dia";"Decrescente";"Sol";"Simples";"Reta";"Sim";2;0;1;0;1;0;1;2;-23,515062;-51,695749;"SPRF-PR";"DEL07-PR";"UOP01-DEL09-PR"
184349;2019-01-10;"quinta-feira";"12:20:00";"GO";20;54;"FORMOSA";"Não guardar distância de segurança";"Colisão traseira";"Com Vítimas Feridas";"Pleno dia";"Decrescente";"Chuva";"Simples";"Aclive;Reta";"Não";3;0;2;0;1;0;2;1;-15,298045;-47,148319;"SPRF-DF";"DEL02-DF";"UOP01-DEL02-DF"
184351;2019-01-10;"quinta-feira";"12:30:00";"MG";40;532,9;"BELO HORIZONTE";"Falta de Atenção à Condução";"Colisão traseira";"Com Vítimas Feridas";"Pleno dia";"Crescente";"Céu Claro";"Dupla";"Reta";"Sim";5;0;2;0;3;0;2;3;-19,92596933;-44,00929928;"SPRF-MG";"DEL01-MG";"UOP03-DEL01-MG"
184352;2019-01-10;"quinta-feira";"12:40:00";"MG";40;515;"RIBEIRAO DAS NEVES";"Falta de Atenção à Condução";"Colisão frontal";"Com Vítimas Feridas";"Pleno dia";"Crescente";"Sol";"Dupla";"Reta";"Sim";2;0;0;1;1;0;1;2;-19,819;-44,0869;"SPRF-MG";"DEL01-MG";"UOP03-DEL01-MG"
184353;2019-01-10;"quinta-feira";"12:48:00";"RJ";40;124;"DUQUE DE CAXIAS";"Não guardar distância de segurança";"Colisão traseira";"Com Vítimas Feridas";"Pleno dia";"Decrescente";"Sol";"Múltipla";"Reta";"Sim";2;0;1;0;1;0;1;2;-22,8147;-43,2881;"SPRF-RJ";"DEL01-RJ";"UOP01-DEL01-RJ"
184354;2019-01-10;"quinta-feira";"12:40:00";"SP";153;178;"LINS";"Pista Escorregadia";"Tombamento";"Com Vítimas Feridas";"Pleno dia";"Decrescente";"Sol";"Simples";"Interseção de Vias";"Não";1;0;1;0;0;0;1;1;-21,664663;-49,789581;"SPRF-SP";"DEL07-SP";"UOP01-DEL07-SP"
184355;2019-01-10;"quinta-feira";"12:00:00";"MG";116;675;"MIRADOURO";"Falta de Atenção à Condução";"Capotamento";"Com Vítimas Feridas";"Pleno dia";"Decrescente";"Céu Claro";"Simples";"Curva";"Sim";2;0;2;0;0;0;2;1;-20,889471;-42,339582;"SPRF-MG";"DEL07-MG";"UOP03-DEL07-MG"
184361;2019-01-10;"quinta-feira";"11:50:00";"PR";476;348,5;"PAULA FREITAS";"Falta de Atenção à Condução";"Colisão frontal";"Com Vítimas Feridas";"Pleno dia";"Decrescente";"Nublado";"Simples";"Curva";"Não";4;0;2;0;2;0;2;2;-26,181463;-50,960186;"SPRF-PR";"DEL02-PR";"UOP03-DEL02-PR"
184367;2019-01-10;"quinta-feira";"10:45:00";"MG";381;451,3;"SANTA LUZIA";"Falta de Atenção à Condução";"Colisão transversal";"Com Vítimas Feridas";"Pleno dia";"Decrescente";"Céu Claro";"Simples";"Reta";"Sim";2;0;1;0;1;0;1;2;-19,8236638;-43,83035302;"SPRF-MG";"DEL01-MG";"UOP01-DEL01-MG"
184369;2019-01-10;"quinta-feira";"14:30:00";"MG";381;505;"BETIM";"Desobediência às normas de trânsito pelo condutor";"Colisão com objeto estático";"Sem Vítimas";"Pleno dia";"Crescente";"Céu Claro";"Dupla";"Reta";"Não";3;0;0;0;3;0;0;2;-20,0384;-44,2529;"SPRF-MG";"DEL01-MG";"UOP03-DEL01-MG"
184371;2019-01-10;"quinta-feira";"15:10:00";"DF";20;18;"BRASILIA";"Não guardar distância de segurança";"Saída de leito carroçável";"Sem Vítimas";"Pleno dia";"Crescente";"Céu Claro";"Dupla";"Reta";"Não";1;0;0;0;1;0;0;1;-15,616901;-47,708927;"SPRF-DF";"DEL02-DF";"UOP01-DEL02-DF"
184372;2019-01-10;"quinta-feira";"15:00:00";"RJ";493;4;"ITABORAI";"Falta de Atenção à Condução";"Colisão lateral";"Com Vítimas Feridas";"Pleno dia";"Crescente";"Céu Claro";"Simples";"Reta;Em Obras";"Não";3;0;2;0;1;0;2;2;-22,748209;-42,95015;"SPRF-RJ";"DEL04-RJ";"UOP02-DEL04-RJ"
184373;2019-01-10;"quinta-feira";"15:00:00";"MG";381;762,3;"CAMPANHA";"Falta de Atenção à Condução";"Colisão com objeto estático";"Com Vítimas Feridas";"Pleno dia";"Crescente";"Sol";"Dupla";"Curva";"Não";4;0;1;0;3;0;1;1;-21,70967913;-45,37551463;"SPRF-MG";"DEL16-MG";"UOP02-DEL16-MG"
184374;2019-01-10;"quinta-feira";"10:20:00";"MG";50;130,5;"UBERABA";"Condutor Dormindo";"Saída de leito carroçável";"Com Vítimas Feridas";"Pleno dia";"Decrescente";"Céu Claro";"Dupla";"Reta";"Não";4;0;2;0;2;0;2;1;-19,4001;-48,0775;"SPRF-MG";"DEL13-MG";"UOP01-DEL13-MG"
184377;2019-01-10;"quinta-feira";"07:40:00";"SC";470;71,8;"INDAIAL";"Falta de Atenção à Condução";"Colisão transversal";"Com Vítimas Feridas";"Pleno dia";"Crescente";"Céu Claro";"Simples";"Reta";"Não";2;0;1;0;1;0;1;2;-26,895243;-49,262104;"SPRF-SC";"DEL04-SC";"UOP01-DEL04-SC"
184381;2019-01-10;"quinta-feira";"16:05:00";"SC";470;46,4;"BLUMENAU";"Agressão Externa";"Danos eventuais";"Com Vítimas Feridas";"Pleno dia";"Decrescente";"Chuva";"Simples";"Reta";"Não";1;0;1;0;0;0;1;1;-26,860388;-49,037617;"SPRF-SC";"DEL04-SC";"UOP01-DEL04-SC"
184383;2019-01-10;"quinta-feira";"09:50:00";"SC";101;309,6;"LAGUNA";"Não guardar distância de segurança";"Colisão traseira";"Com Vítimas Feridas";"Pleno dia";"Crescente";"Céu Claro";"Dupla";"Reta";"Não";5;0;1;0;4;0;1;2;-28,4168;-48,7952;"SPRF-SC";"DEL02-SC";"UOP03-DEL02-SC"
184386;2019-01-10;"quinta-feira";"15:55:00";"SP";116;447,3;"REGISTRO";"Agressão Externa";"Saída de leito carroçável";"Sem Vítimas";"Pleno dia";"Decrescente";"Céu Claro";"Dupla";"Reta";"Sim";2;0;0;0;1;1;0;2;-24,53025821;-47,85575867;"SPRF-SP";"DEL05-SP";"UOP01-DEL05-SP"
184387;2019-01-10;"quinta-feira";"08:30:00";"SC";116;6;"MAFRA";"Desobediência às normas de trânsito pelo condutor";"Colisão transversal";"Com Vítimas Feridas";"Pleno dia";"Crescente";"Céu Claro";"Simples";"Aclive";"Sim";2;0;1;0;1;0;1;2;-26,14646;-49,823074;"SPRF-SC";"DEL06-SC";"UOP01-DEL06-SC"