"id";"data_inversa";"dia_semana";"horario";"uf";"br";"km";"municipio";"causa_acidente";"tipo_acidente";"classificacao_acidente";"fase_dia";"sentido_via";"condicao_metereologica";"tipo_pista";"tracado_via";"uso_solo";"pessoas";"mortos";"feridos_leves";"feridos_graves";"ilesos";"ignorados";"feridos";"veiculos";"latitude";"longitude";"regional";"delegacia";"uop"
184389;2019-01-10;"quinta-feira";"17:07:00";"MG";381;498,5;"BETIM";"Falta de Atenção à Condução";"Colisão traseira";"Com Vítimas Fatais";"Pleno dia";"Crescente";"Sol";"Dupla";"Curva";"Sim";2;1;1;0;0;0;1;2;-19,9954;-44,208;"SPRF-MG";"DEL01-MG";"UOP03-DEL01-MG"
184390;2019-01-10;"quinta-feira";"13:30:00";"PR";153;174;"VENTANIA";"Avarias e/ou desgaste excessivo no pneu";"Saída de leito carroçável";"Com Vítimas Feridas";"Pleno dia";"Decrescente";"Sol";"Simples";"Reta";"Não";4;0;4;0;0;0;4;1;-24,239725;-50,235832;"SPRF-PR";"DEL03-PR";"UOP02-DEL03-PR"
184392;2019-01-10;"quinta-feira";"17:00:00";"RS";116;240;"NOVO HAMBURGO";"Não guardar distância de segurança";"Colisão lateral";"Com Vítimas Feridas";"Pleno dia";"Decrescente";"Céu Claro";"Simples";"Reta";"Sim";2;0;1;0;1;0;1;2;-29,705002;-51,14677;"SPRF-RS";"DEL01-RS";"UOP02-DEL01-RS"
184393;2019-01-10;"quinta-feira";"16:00:00";"PE";101;44,9;"IGARASSU";"Falta de Atenção à Condução";"Colisão traseira";"Com Vítimas Feridas";"Pleno dia";"Decrescente";"Sol";"Múltipla";"Reta";"Sim";2;0;1;0;1;0;1;2;-7,864;-34,9073;"SPRF-PE";"DEL01-PE";"UOP02-DEL01-PE"
184394;2019-01-10;"quinta-feira";"15:15:00";"BA";367;26,3;"PORTO SEGURO";"Falta de Atenção à Condução";"Colisão transversal";"Com Vítimas Feridas";"Pleno dia";"Crescente";"Céu Claro";"Simples";"Reta";"Sim";4;0;0;1;2;1;1;3;-16,4307;-39,095634;"SPRF-BA";"DEL09-BA";"UOP01-DEL09-BA"
184395;2019-01-10;"quinta-feira";"17:45:00";"RJ";116;285,8;"BARRA MANSA";"Falta de Atenção à Condução";"Colisão lateral";"Com Vítimas Fatais";"Pleno dia";"Crescente";"Sol";"Dupla";"Reta";"Não";4;1;2;0;1;0;2;2;-22,47671322;-44,26940918;"SPRF-RJ";"DEL07-RJ";"UOP02-DEL07-RJ"
184396;2019-01-10;"quinta-feira";"17:50:00";"PR";376;177;"MARINGA";"Falta de Atenção à Condução";"Colisão lateral";"Com Vítimas Feridas";"Pleno dia";"Crescente";"Nublado";"Dupla";"Reta";"Sim";2;0;1;0;1;0;1;2;-23,412691;-51,931583;"SPRF-PR";"DEL07-PR";"UOP01-DEL09-PR"
184397;2019-01-10;"quinta-feira";"17:40:00";"RS";116;165,1;"CAXIAS DO SUL";"Falta de Atenção à Condução";"Colisão com objeto estático";"Com Vítimas Feridas";"Pleno dia";"Decrescente";"Céu Claro";"Simples";"Curva";"Não";1;0;1;0;0;0;1;1;-29,259678;-51,157455;"SPRF-RS";"DEL05-RS";"UOP02-DEL05-RS"
184400;2019-01-03;"quinta-feira";"03:00:00";"MG";40;253;"SAO GONCALO DO ABAETE";"Defeito Mecânico no Veículo";"Incêndio";"Sem Vítimas";"Plena Noite";"Decrescente";"Nublado";"Simples";"Reta";"Não";2;0;0;0;2;0;0;1;-18,127632;-45,418228;"SPRF-MG";"DEL14-MG";"UOP02-DEL14-MG"
184401;2019-01-10;"quinta-feira";"18:00:00";"MG";40;480,8;"SETE LAGOAS";"Avarias e/ou desgaste excessivo no pneu";"Saída de leito carroçável";"Com Vítimas Feridas";"Pleno dia";"Decrescente";"Céu Claro";"Dupla";"Reta";"Não";1;0;1;0;0;0;1;1;-19,5541;-44,2429;"SPRF-MG";"DEL02-MG";"UOP01-DEL02-MG"
184402;2019-01-10;"quinta-feira";"16:20:00";"CE";116;5;"FORTALEZA";"Ingestão de Álcool";"Colisão traseira";"Com Vítimas Feridas";"Pleno dia";"Decrescente";"Céu Claro";"Simples";"Viaduto";"Sim";3;0;3;0;0;0;3;2;-3,8038;-38,5032;"SPRF-CE";"DEL01-CE";"UOP02-DEL01-CE"
184404;2019-01-10;"quinta-feira";"17:45:00";"PR";277;130,1;"BALSA NOVA";"Falta de Atenção à Condução";"Saída de leito carroçável";"Com Vítimas Feridas";"Pleno dia";"Decrescente";"Garoa/Chuvisco";"Dupla";"Curva";"Não";3;0;2;0;1;0;2;1;-25,47825587;-49,64298159;"SPRF-PR";"DEL01-PR";"UOP06-DEL01-PR"
184405;2019-01-10;"quinta-feira";"16:45:00";"MA";316;260;"SANTA INES";"Desobediência às normas de trânsito pelo condutor";"Colisão transversal";"Com Vítimas Feridas";"Pleno dia";"Crescente";"Céu Claro";"Simples";"Reta";"Sim";2;0;0;1;1;0;1;2;-3,669811;-45,394978;"SPRF-MA";"DEL02-MA";"UI04-DEL02-MA"
184408;2019-01-10;"quinta-feira";"17:59:00";"SP";153;41,9;"ONDA VERDE";"Falta de Atenção à Condução";"Colisão transversal";"Com Vítimas Feridas";"Pleno dia";"Crescente";"Céu Claro";"Simples";"Interseção de Vias";"Não";2;0;1;0;1;0;1;2;-20,628473;-49,336235;"SPRF-SP";"DEL09-SP";"UOP01-DEL09-SP"
184409;2019-01-10;"quinta-feira";"18:00:00";"GO";20;154;"ALVORADA DO NORTE";"Ultrapassagem Indevida";"Colisão frontal";"Com Vítimas Feridas";"Anoitecer";"Crescente";"Chuva";"Simples";"Reta";"Não";7;0;1;2;4;0;3;2;-14,661762;-46,644321;"SPRF-DF";"DEL02-DF";"UOP03-DEL02-DF"
184410;2019-01-10;"quinta-feira";"18:30:00";"GO";60;60;"ABADIANIA";"Falta de Atenção à Condução";"Colisão transversal";"Com Vítimas Feridas";"Pleno dia";"Decrescente";"Nublado";"Dupla";"Retorno Regulamentado";"Sim";6;0;1;0;5;0;1;2;-16,1905;-48,7026;"SPRF-GO";"DEL02-GO";"UOP01-DEL02-GO"
184411;2019-01-10;"quinta-feira";"15:00:00";"SC";101;116,1;"ITAJAI";"Não guardar distância de segurança";"Tombamento";"Com Vítimas Feridas";"Pleno dia";"Crescente";"Sol";"Múltipla";"Reta";"Sim";2;0;1;1;0;0;2;1;-26,8877;-48,7222;"SPRF-SC";"DEL04-SC";"UOP04-DEL04-SC"
184413;2019-01-10;"quinta-feira";"18:50:00";"RS";386;442;"CANOAS";"Pista Escorregadia";"Tombamento";"Com Vítimas Feridas";"Anoitecer";"Decrescente";"Céu Claro";"Simples";"Interseção de Vias";"Não";1;0;1;0;0;0;1;1;-29,885923;-51,223259;"SPRF-RS";"DEL01-RS";"UOP01-DEL01-RS"
184414;2019-01-10;"quinta-feira";"19:30:00";"SC";470;121,6;"IBIRAMA";"Desobediência às normas de trânsito pelo condutor";"Colisão transversal";"Com Vítimas Feridas";"Anoitecer";"Crescente";"Nublado";"Simples";"Reta";"Não";2;0;1;0;1;0;1;2;-27,14699209;-49,55211639;"SPRF-SC";"DEL04-SC";"UOP02-DEL04-SC"
184415;2019-01-06;"domingo";"08:30:00";"RJ";101;405;"ITAGUAI";"Falta de Atenção à Condução";"Tombamento";"Com Vítimas Feridas";"Pleno dia";"Decrescente";"Céu Claro";"Simples";"Reta";"Não";1;0;1;0;0;0;1;1;-22,867615;-43,802757;"SPRF-RJ";"DEL03-RJ";"UOP01-DEL03-RJ"
184416;2019-01-10;"quinta-feira";"18:20:00";"SC";101;201;"SAO JOSE";"Ingestão de Álcool";"Colisão traseira";"Sem Vítimas";"Pleno dia";"Decrescente";"Nublado";"Dupla";"Aclive";"Sim";2;0;0;0;2;0;0;2;-27,5572;-48,6188;"SPRF-SC";"DEL01-SC";"UOP01-DEL01-SC"
184417;2019-01-10;"quinta-feira";"18:00:00";"SC";101;200,5;"SAO JOSE";"Ingestão de Álcool";"Colisão traseira";"Sem Vítimas";"Pleno dia";"Crescente";"Nublado";"Dupla";"Reta";"Sim";2;0;0;0;2;0;0;2;-27,5485;-48,6196;"SPRF-SC";"DEL01-SC";"UOP01-DEL01-SC"
184418;2019-01-10;"quinta-feira";"19:15:00";"ES";262;34;"DOMINGOS MARTINS";"Animais na Pista";"Atropelamento de Animal";"Com Vítimas Feridas";"Plena Noite";"Crescente";"Nublado";"Simples";"Reta";"Não";1;0;1;0;0;0;1;1;-20,3752;-40,5893;"SPRF-ES";"DEL01-ES";"UOP01-DEL01-ES"
184419;2019-01-10;"quinta-feira";"18:25:00";"RN";304;42,5;"MOSSORO";"Falta de Atenção à Condução";"Colisão lateral";"Com Vítimas Feridas";"Plena Noite";"Crescente";"Céu Claro";"Dupla";"Reta";"Sim";2;0;0;1;0;1;1;2;-5,212811;-37,372177;"SPRF-RN";"DEL04-RN";"UOP01-DEL04-RN"
184421;2019-01-10;"quinta-feira";"20:15:00";"MG";40;737,9;"SANTOS DUMONT";"Falta de Atenção à Condução";"Colisão transversal";"Com Vítimas Feridas";"Plena Noite";"Decrescente";"Céu Claro";"Simples";"Reta";"Sim";2;0;1;1;0;0;2;2;-21,4078;-43,5677;"SPRF-MG";"DEL05-MG";"UOP01-DEL05-MG"
184422;2019-01-10;"quinta-feira";"19:30:00";"MT";70;496;"CUIABA";"Falta de Atenção à Condução";"Saída de leito carroçável";"Com Vítimas Feridas";"Plena Noite";"Decrescente";"Céu Claro";"Simples";"Reta";"Não";2;0;2;0;0;0;2;1;-15,699137;-55,89222;"SPRF-MT";"DEL02-MT";"UOP02-DEL01-MT"
184423;2019-01-10;"quinta-feira";"18:14:00";"SC";101;220;"PALHOCA";"Fenômenos da Natureza";"Tombamento";"Com Vítimas Feridas";"Pleno dia";"Crescente";"Chuva";"Dupla";"Reta";"Sim";2;0;1;1;0;0;2;1;-27,702;-48,6594;"SPRF-SC";"DEL01-SC";"UOP02-DEL01-SC"
184424;2019-01-10;"quinta-feira";"19:50:00";"SP";153;69,3;"SAO JOSE DO RIO PRETO";"Objeto estático sobre o leito carroçável";"Colisão com objeto estático";"Com Vítimas Feridas";"Plena Noite";"Decrescente";"Céu Claro";"Simples";"Em Obras";"Sim";2;0;1;0;0;1;1;2;-20,85251099;-49,40161765;"SPRF-SP";"DEL09-SP";"UOP01-DEL09-SP"
184425;2019-01-10;"quinta-feira";"17:30:00";"BA";116;791;"PLANALTO";"Velocidade Incompatível";"Capotamento";"Com Vítimas Feridas";"Pleno dia";"Decrescente";"Céu Claro";"Simples";"Reta";"Não";2;0;1;0;1;0;1;1;-14,71186116;-40,59197187;"SPRF-BA";"DEL08-BA";"UOP02-DEL08-BA"
184426;2019-01-10;"quinta-feira";"21:30:00";"GO";80;96;"VILA PROPICIO";"Ingestão de Álcool";"Queda de ocupante de veículo";"Com Vítimas Fatais";"Plena Noite";"Crescente";"Céu Claro";"Simples";"Declive";"Não";2;1;0;1;0;0;1;1;-15,208875;-48,697312;"SPRF-GO";"DEL07-GO";"UOP02-DEL07-GO"
184427;2019-01-10;"quinta-feira";"21:00:00";"MG";40;507,9;"RIBEIRAO DAS NEVES";"Velocidade Incompatível";"Saída de leito carroçável";"Com Vítimas Feridas";"Plena Noite";"Crescente";"Céu Claro";"Dupla";"Reta";"Não";1;0;1;0;0;0;1;1;-19,75994;-44,13567;"SPRF-MG";"DEL02-MG";"UOP01-DEL02-MG"
184428;2019-01-10;"quinta-feira";"22:00:00";"RJ";356;163;"SAO JOAO DA BARRA";"Velocidade Incompatível";"Saída de leito carroçável";"Com Vítimas Feridas";"Plena Noite";"Crescente";"Céu Claro";"Simples";"Reta";"Não";1;0;1;0;0;0;1;1;-21,718328;-41,109524;"SPRF-RJ";"DEL08-RJ";"UOP02-DEL08-RJ"
184431;2019-01-10;"quinta-feira";"21:30:00";"RJ";356;83,3;"ITALVA";"Deficiência ou não Acionamento do Sistema de Iluminação/Sinalização do Veículo";"Colisão traseira";"Com Vítimas Fatais";"Plena Noite";"Decrescente";"Céu Claro";"Simples";"Reta";"Não";2;1;0;1;0;0;1;2;-21,476561;-41,665489;"SPRF-RJ";"DEL08-RJ";"UOP03-DEL08-RJ"
184432;2019-01-10;"quinta-feira";"21:10:00";"MS";262;327,7;"CAMPO GRANDE";"Falta de Atenção do Pedestre";"Atropelamento de Pedestre";"Com Vítimas Fatais";"Plena Noite";"Decrescente";"Céu Claro";"Dupla";"Reta";"Sim";2;1;0;0;1;0;0;2;-20,46069063;-54,55111027;"SPRF-MS";"DEL01-MS";"UOP01-DEL01-MS"
184434;2019-01-10;"quinta-feira";"17:00:00";"AL";104;36;"UNIAO DOS PALMARES";"Animais na Pista";"Atropelamento de Animal";"Com Vítimas Feridas";"Pleno dia";"Crescente";"Sol";"Simples";"Interseção de Vias";"Sim";1;0;1;0;0;0;1;1;-9,16944736;-36,0236194;"SPRF-AL";"DEL01-AL";"UOP02-DEL01-AL"
184435;2019-01-10;"quinta-feira";"14:00:00";"PI";135;537,7;"SAO GONCALO DO GURGUEIA";"Desobediência às normas de trânsito pelo condutor";"Colisão frontal";"Com Vítimas Fatais";"Pleno dia";"Crescente";"Garoa/Chuvisco";"Simples";"Aclive";"Não";6;1;4;1;0;0;5;2;-10,017715;-45,306503;"SPRF-PI";"DEL03-PI";"UOP02-DEL03-PI"
184437;2019-01-10;"quinta-feira";"21:05:00";"PA";163;1002,9;"SANTAREM";"Falta de Atenção do Pedestre";"Atropelamento de Pedestre";"Com Vítimas Feridas";"Plena Noite";"Crescente";"Chuva";"Simples";"Reta";"Sim";2;0;1;0;1;0;1;2;-2,44645114;-54,73058593;"SPRF-PA";"DEL05-PA";"UOP01-DEL05-PA"
184438;2019-01-10;"quinta-feira";"22:00:00";"GO";40;89,9;"CRISTALINA";"Desobediência às normas de trânsito pelo condutor";"Capotamento";"Com Vítimas Feridas";"Plena Noite";"Crescente";"Céu Claro";"Simples";"Reta";"Sim";4;0;3;0;1;0;3;1;-16,720475;-47,652061;"SPRF-DF";"DEL01-DF";"UOP02-DEL01-DF"
184439;2019-01-10;"quinta-feira";"22:10:00";"PR";476;151;"ARAUCARIA";"Velocidade Incompatível";"Capotamento";"Sem Vítimas";"Plena Noite";"Crescente";"Nublado";"Dupla";"Interseção de Vias";"Não";1;0;0;0;1;0;0;1;-25,558477;-49,368313;"SPRF-PR";"DEL01-PR";"UOP06-DEL01-PR"
184441;2019-01-10;"quinta-feira";"20:40:00";"MG";116;498,8;"INHAPIM";"Animais na Pista";"Atropelamento de Animal";"Com Vítimas Feridas";"Plena Noite";"Crescente";"Nublado";"Simples";"Reta";"Não";1;0;1;0;0;0;1;1;-19,538687;-42,126357;"SPRF-MG";"DEL06-MG";"UOP02-DEL06-MG"
184442;2019-01-10;"quinta-feira";"21:00:00";"SC";101;156;"PORTO BELO";"Falta de Atenção à Condução";"Saída de leito carroçável";"Com Vítimas Feridas";"Plena Noite";"Crescente";"Céu Claro";"Simples";"Reta";"Não";2;0;1;0;1;0;1;1;-27,1812;-48,612;"SPRF-SC";"DEL04-SC";"UOP03-DEL04-SC"
184445;2019-01-10;"quinta-feira";"23:30:00";"SC";101;163;"TIJUCAS";"Falta de Atenção à Condução";"Tombamento";"Com Vítimas Feridas";"Plena Noite";"Crescente";"Nublado";"Simples";"Curva";"Sim";1;0;0;1;0;0;1;1;-27,2414;-48,6306;"SPRF-SC";"DEL04-SC";"UOP03-DEL04-SC"
184446;2019-01-10;"quinta-feira";"09:20:00";"SC";101;133;"BALNEARIO CAMBORIU";"Não guardar distância de segurança";"Colisão traseira";"Com Vítimas Feridas";"Pleno dia";"Decrescente";"Nublado";"Dupla";"Aclive";"Sim";2;0;0;1;1;0;1;2;-27,0021;-48,6362;"SPRF-SC";"DEL04-SC";"UOP03-DEL04-SC"
184447;2019-01-10;"quinta-feira";"22:00:00";"PR";163;169;"LINDOESTE";"Ingestão de Álcool";"Colisão lateral";"Sem Vítimas";"Plena Noite";"Decrescente";"Céu Claro";"Simples";"Retorno Regulamentado";"Sim";2;0;0;0;2;0;0;2;-25,2664;-53,5731;"SPRF-PR";"DEL04-PR";"UOP05-DEL05-PR"
184448;2019-01-10;"quinta-feira";"22:35:00";"SC";163;87;"GUARACIABA";"Mal Súbito";"Saída de leito carroçável";"Com Vítimas Feridas";"Plena Noite";"Crescente";"Chuva";"Simples";"Reta";"Não";2;0;1;0;1;0;1;1;-26,590231;-53,515743;"SPRF-SC";"DEL07-SC";"UOP03-DEL07-SC"
184450;2019-01-10;"quinta-feira";"20:55:00";"MS";163;516,8;"JARAGUARI";"Animais na Pista";"Atropelamento de Animal";"Sem Vítimas";"Plena Noite";"Decrescente";"Nublado";"Dupla";"Reta";"Não";2;0;0;0;1;1;0;2;-20,19955559;-54,46443737;"SPRF-MS";"DEL01-MS";"UOP02-DEL01-MS"
184457;2019-01-10;"quinta-feira";"20:30:00";"RJ";465;14;"SEROPEDICA";"Falta de Atenção à Condução";"Colisão frontal";"Com Vítimas Feridas";"Plena Noite";"Decrescente";"Céu Claro";"Simples";"Reta";"Sim";3;0;2;0;1;0;2;2;-22,804979;-43,638828;"SPRF-RJ";"DEL01-RJ";"UOP03-DEL01-RJ"
184458;2019-01-11;"sexta-feira";"01:48:00";"PR";369;149,4;"LONDRINA";"Desobediência às normas de trânsito pelo condutor";"Colisão transversal";"Com Vítimas Feridas";"Plena Noite";"Crescente";"Céu Claro";"Dupla";"Interseção de Vias";"Sim";2;0;1;0;1;0;1;2;-23,29290976;-51,15450561;"SPRF-PR";"DEL07-PR";"UOP01-DEL07-PR"
184463;2019-01-11;"sexta-feira";"06:15:00";"SC";282;5;"SAO JOSE";"Não guardar distância de segurança";"Colisão traseira";"Com Vítimas Feridas";"Pleno dia";"Decrescente";"Céu Claro";"Dupla";"Reta";"Não";2;0;1;0;1;0;1;2;-27,588425;-48,612919;"SPRF-SC";"DEL01-SC";"UOP01-DEL01-SC"
184465;2019-01-08;"terça-feira";"05:45:00";"SC";101;187,5;"BIGUACU";"Ingestão de Álcool";"Saída de leito carroçável";"Sem Vítimas";"Amanhecer";"Crescente";"Nublado";"Dupla";"Reta";"Sim";1;0;0;0;1;0;0;1;-27,4514;-48,6336;"SPRF-SC";"DEL01-SC";"UOP01-DEL01-SC"
184466;2019-01-11;"sexta-feira";"06:45:00";"PR";277;726,4;"FOZ DO IGUACU";"Falta de Atenção à Condução";"Colisão transversal";"Com Vítimas Feridas";"Pleno dia";"Crescente";"Céu Claro";"Dupla";"Rotatória";"Sim";2;0;1;0;1;0;1;2;-25,51014376;-54,55870628;"SPRF-PR";"DEL05-PR";"UOP03-DEL05-PR"
184468;2019-01-11;"sexta-feira";"07:00:00";"PR";277;613,1;"CEU AZUL";"Ultrapassagem Indevida";"Saída de leito carroçável";"Com Vítimas Feridas";"Pleno dia";"Crescente";"Céu Claro";"Simples";"Reta";"Não";2;0;2;0;0;0;2;1;-25,061493;-53,64838;"SPRF-PR";"DEL05-PR";"UOP02-DEL05-PR"
184469;2019-01-07;"segunda-feira";"21:50:00";"PR";277;50;"SAO JOSE DOS PINHAIS";"Falta de Atenção do Pedestre";"Atropelamento de Pedestre";"Com Vítimas Feridas";"Plena Noite";"Decrescente";"Garoa/Chuvisco";"Dupla";"Reta";"Não";2;0;1;0;0;1;1;2;-25,59338634;-48,90913859;"SPRF-PR";"DEL01-PR";"UOP07-DEL01-PR"
184470;2019-01-11;"sexta-feira";"06:00:00";"CE";304;92;"ARACATI";"Falta de Atenção à Condução";"Colisão transversal";"Com Vítimas Feridas";"Pleno dia";"Crescente";"Sol";"Simples";"Reta";"Não";2;0;1;0;1;0;1;2;-4,813123;-37,490311;"SPRF-CE";"DEL03-CE";"UOP03-DEL03-CE"
184471;2019-01-11;"sexta-feira";"07:40:00";"SP";116;18,2;"LAVRINHAS";"Falta de Atenção à Condução";"Colisão lateral";"Com Vítimas Feridas";"Pleno dia";"Crescente";"Sol";"Dupla";"Reta";"Não";2;0;0;1;0;1;1;2;-22,558407;-44,856655;"SPRF-SP";"DEL08-SP";"UOP02-DEL08-SP"
184473;2019-01-11;"sexta-feira";"07:40:00";"MG";381;766,5;"CAMPANHA";"Falta de Atenção à Condução";"Queda de ocupante de veículo";"Com Vítimas Feridas";"Pleno dia";"Decrescente";"Céu Claro";"Dupla";"Curva";"Não";2;0;0;2;0;0;2;2;-21,7486;-45,3881;"SPRF-MG";"DEL16-MG";"UOP02-DEL16-MG"
184474;2019-01-11;"sexta-feira";"07:45:00";"RS";290;107,2;"ELDORADO DO SUL";"Falta de Atenção à Condução";"Colisão transversal";"Com Vítimas Feridas";"Pleno dia";"Decrescente";"Céu Claro";"Simples";"Rotatória";"Sim";2;0;1;0;1;0;1;2;-30,00327881;-51,30587339;"SPRF-RS";"DEL02-RS";"UOP01-DEL02-RS"
184475;2019-01-11;"sexta-feira";"07:30:00";"MG";381;738,8;"TRES CORACOES";"Velocidade Incompatível";"Saída de leito carroçável";"Com Vítimas Feridas";"Amanhecer";"Decrescente";"Céu Claro";"Dupla";"Curva";"Não";2;0;1;0;1;0;1;1;-21,5826;-45,2396;"SPRF-MG";"DEL16-MG";"UOP02-DEL16-MG"
184477;2019-01-11;"sexta-feira";"07:20:00";"RS";116;256;"ESTEIO";"Desobediência às normas de trânsito pelo condutor";"Colisão traseira";"Com Vítimas Feridas";"Pleno dia";"Decrescente";"Céu Claro";"Dupla";"Reta";"Sim";2;0;1;0;1;0;1;2;-29,843962;-51,177292;"SPRF-RS";"DEL01-RS";"UOP02-DEL01-RS"
184480;2019-01-07;"segunda-feira";"17:50:00";"PR";376;538;"PALMEIRA";"Defeito Mecânico no Veículo";"Capotamento";"Com Vítimas Feridas";"Pleno dia";"Crescente";"Garoa/Chuvisco";"Múltipla";"Reta";"Não";1;0;1;0;0;0;1;1;-25,34697849;-49,84332919;"SPRF-PR";"DEL01-PR";"UOP06-DEL01-PR"
184481;2019-01-11;"sexta-feira";"07:40:00";"PR";116;115;"CURITIBA";"Falta de Atenção à Condução";"Queda de ocupante de veículo";"Com Vítimas Feridas";"Pleno dia";"Crescente";"Céu Claro";"Dupla";"Reta";"Sim";1;0;0;1;0;0;1;1;-25,54956593;-49,30458069;"SPRF-PR";"DEL01-PR";"UOP01-DEL01-PR"
184482;2019-01-11;"sexta-feira";"08:10:00";"RS";290;75,6;"GRAVATAI";"Defeito Mecânico no Veículo";"Saída de leito carroçável";"Sem Vítimas";"Pleno dia";"Crescente";"Nublado";"Dupla";"Curva";"Não";1;0;0;0;1;0;0;1;-29,95521;-51,006855;"SPRF-RS";"DEL01-RS";"UOP01-DEL01-RS"
184484;2019-01-07;"segunda-feira";"19:30:00";"PR";277;653;"MATELANDIA";"Falta de Atenção à Condução";"Colisão traseira";"Sem Vítimas";"Pleno dia";"Decrescente";"Sol";"Simples";"Reta";"Não";2;0;0;0;2;0;0;2;-25,213331;-53,95145;"SPRF-PR";"DEL05-PR";"UOP02-DEL05-PR"
184485;2019-01-07;"segunda-feira";"18:45:00";"MS";262;123;"AGUA CLARA";"Pista Escorregadia";"Saída de leito carroçável";"Com Vítimas Feridas";"Plena Noite";"Crescente";"Chuva";"Simples";"Aclive";"Não";6;0;1;0;5;0;1;1;-20,50084805;-52,70525157;"SPRF-MS";"DEL07-MS";"UOP02-DEL07-MS"
184487;2019-01-08;"terça-feira";"05:20:00";"RJ";101;417;"MANGARATIBA";"Pista Escorregadia";"Saída de leito carroçável";"Com Vítimas Feridas";"Amanhecer";"Decrescente";"Céu Claro";"Simples";"Curva";"Não";4;0;2;0;2;0;2;2;-22,912937;-43,897324;"SPRF-RJ";"DEL03-RJ";"UOP01-DEL03-RJ"
184489;2019-01-07;"segunda-feira";"12:50:00";"RS";116;113;"SAO MARCOS";"Ingestão de Álcool";"Saída de leito carroçável";"Com Vítimas Feridas";"Pleno dia";"Decrescente";"Céu Claro";"Simples";"Curva";"Sim";2;0;2;0;0;0;2;1;-28,96277517;-51,07767843;"SPRF-RS";"DEL05-RS";"UOP01-DEL05-RS"
184491;2019-01-11;"sexta-feira";"07:20:00";"RS";116;222;"DOIS IRMAOS";"Falta de Atenção à Condução";"Colisão transversal";"Sem Vítimas";"Pleno dia";"Crescente";"Céu Claro";"Múltipla";"Rotatória";"Sim";2;0;0;0;2;0;0;2;-29,581001;-51,095177;"SPRF-RS";"DEL05-RS";"UOP02-DEL05-RS"
184497;2019-01-10;"quinta-feira";"19:50:00";"RR";401;6,3;"CANTA";"Restrição de Visibilidade";"Colisão traseira";"Com Vítimas Feridas";"Plena Noite";"Crescente";"Céu Claro";"Simples";"Reta";"Não";1;0;1;0;0;0;1;1;2,790548;-60,642979;"SPRF-RR";"DEL01-RR";"UOP01-DEL01-RR"
184499;2019-01-11;"sexta-feira";"08:10:00";"MS";267;480,7;"JARDIM";"Falta de Atenção à Condução";"Colisão lateral";"Com Vítimas Feridas";"Pleno dia";"Crescente";"Céu Claro";"Simples";"Reta";"Sim";2;0;1;0;1;0;1;2;-21,48048175;-56,13999909;"SPRF-MS";"DEL05-MS";"UOP01-DEL05-MS"
184501;2019-01-07;"segunda-feira";"21:05:00";"RS";290;71;"GRAVATAI";"Desobediência às normas de trânsito pelo pedestre";"Atropelamento de Pedestre";"Com Vítimas Feridas";"Plena Noite";"Decrescente";"Céu Claro";"Dupla";"Reta";"Sim";2;0;1;0;1;0;1;2;-29,951347;-50,965858;"SPRF-RS";"DEL03-RS";"UOP02-DEL03-RS"
184502;2019-01-07;"segunda-feira";"20:00:00";"SP";101;36,5;"UBATUBA";"Desobediência às normas de trânsito pelo condutor";"Colisão transversal";"Com Vítimas Feridas";"Plena Noite";"Crescente";"Nublado";"Simples";"Curva";"Sim";2;0;0;1;1;0;1;2;-23,40725471;-45,01836777;"SPRF-SP";"DEL06-SP";"UOP01-DEL06-SP"
184503;2019-01-07;"segunda-feira";"19:30:00";"SC";101;117;"ITAJAI";"Desobediência às normas de trânsito pelo condutor";"Colisão transversal";"Com Vítimas Feridas";"Anoitecer";"Crescente";"Céu Claro";"Dupla";"Rotatória";"Sim";3;0;2;0;1;0;2;2;-26,8961;-48,7188;"SPRF-SC";"DEL04-SC";"UOP04-DEL04-SC"
184504;2019-01-11;"sexta-feira";"09:10:00";"SP";116;274,8;"TABOAO DA SERRA";"Falta de Atenção à Condução";"Colisão lateral";"Com Vítimas Feridas";"Pleno dia";"Crescente";"Céu Claro";"Dupla";"Reta";"Sim";2;0;1;0;1;0;1;2;-23,61801987;-46,80564165;"SPRF-SP";"DEL04-SP";"UOP01-DEL04-SP"
184507;2019-01-01;"terça-feira";"23:30:00";"MG";251;200;"CACHOEIRA DE PAJEU";"Animais na Pista";"Atropelamento de Animal";"Com Vítimas Feridas";"Plena Noite";"Crescente";"Nublado";"Simples";"Reta";"Não";1;0;1;0;0;0;1;1;-15,8724;-41,4555;"SPRF-MG";"DEL11-MG";"UOP02-DEL11-MG"
184510;2019-01-07;"segunda-feira";"17:15:00";"MS";163;475,8;"CAMPO GRANDE";"Falta de Atenção à Condução";"Colisão transversal";"Com Vítimas Feridas";"Pleno dia";"Crescente";"Nublado";"Simples";"Rotatória";"Sim";2;0;1;0;1;0;1;2;-20,514012;-54,562317;"SPRF-MS";"DEL01-MS";"UOP01-DEL01-MS"
184511;2019-01-11;"sexta-feira";"09:05:00";"TO";153;500,2;"PARAISO DO TOCANTINS";"Velocidade Incompatível";"Saída de leito carroçável";"Com Vítimas Feridas";"Pleno dia";"Crescente";"Céu Claro";"Simples";"Declive;Reta";"Não";1;0;1;0;0;0;1;1;-10,22149617;-48,87551921;"SPRF-TO";"DEL02-TO";"UOP01-DEL01-TO"