"id";"data_inversa";"dia_semana";"horario";"uf";"br";"km";"municipio";"causa_acidente";"tipo_acidente";"classificacao_acidente";"fase_dia";"sentido_via";"condicao_metereologica";"tipo_pista";"tracado_via";"uso_solo";"pessoas";"mortos";"feridos_leves";"feridos_graves";"ilesos";"ignorados";"feridos";"veiculos";"latitude";"longitude";"regional";"delegacia";"uop"
184513;2019-01-08;"terça-feira";"00:10:00";"GO";153;441,1;"ANAPOLIS";"Defeito na Via";"Tombamento";"Com Vítimas Feridas";"Plena Noite";"Decrescente";"Céu Claro";"Dupla";"Reta";"Sim";2;0;2;0;0;0;2;1;-16,315866;-48,921612;"SPRF-GO";"DEL02-GO";"UOP01-DEL02-GO"
184516;2019-01-11;"sexta-feira";"10:00:00";"RJ";116;267,7;"BARRA MANSA";"Ingestão de Álcool";"Colisão lateral";"Sem Vítimas";"Pleno dia";"Crescente";"Céu Claro";"Dupla";"Curva";"Sim";2;0;0;0;2;0;0;2;-22,560883;-44,122238;"SPRF-RJ";"DEL07-RJ";"UOP02-DEL07-RJ"
184517;2019-01-11;"sexta-feira";"10:49:00";"GO";50;204,3;"CAMPO ALEGRE DE GOIAS";"Condutor Dormindo";"Colisão com objeto estático";"Com Vítimas Feridas";"Pleno dia";"Crescente";"Nublado";"Dupla";"Reta";"Não";3;0;3;0;0;0;3;1;-17,6048;-47,7924;"SPRF-GO";"DEL06-GO";"UOP01-DEL06-GO"
184518;2019-01-11;"sexta-feira";"10:30:00";"MG";381;837,5;"SAO SEBASTIAO DA BELA VISTA";"Velocidade Incompatível";"Saída de leito carroçável";"Com Vítimas Feridas";"Pleno dia";"Decrescente";"Céu Claro";"Dupla";"Curva;Aclive";"Não";4;0;4;0;0;0;4;1;-22,1507;-45,8231;"SPRF-MG";"DEL16-MG";"UOP01-DEL16-MG"
184522;2019-01-11;"sexta-feira";"11:50:00";"ES";101;428,9;"ATILIO VIVACQUA";"Defeito Mecânico no Veículo";"Incêndio";"Sem Vítimas";"Pleno dia";"Decrescente";"Céu Claro";"Simples";"Curva";"Não";1;0;0;0;1;0;0;1;-21,02915898;-41,16339773;"SPRF-ES";"DEL03-ES";"UOP02-DEL03-ES"
184523;2019-01-11;"sexta-feira";"11:20:00";"RJ";116;328;"RESENDE";"Falta de Atenção à Condução";"Colisão lateral";"Com Vítimas Feridas";"Pleno dia";"Crescente";"Céu Claro";"Dupla";"Curva";"Não";3;0;2;0;1;0;2;2;-22,495203;-44,570347;"SPRF-RJ";"DEL07-RJ";"DEL5/7-UOP03/RJ"
184525;2019-01-11;"sexta-feira";"11:50:00";"MG";381;510;"SAO JOAQUIM DE BICAS";"Falta de Atenção à Condução";"Colisão lateral";"Com Vítimas Feridas";"Pleno dia";"Decrescente";"Céu Claro";"Múltipla";"Reta";"Sim";2;0;1;1;0;0;2;2;-20,0613;-44,2919;"SPRF-MG";"DEL01-MG";"UOP03-DEL01-MG"
184526;2019-01-11;"sexta-feira";"12:00:00";"RJ";116;99;"GUAPIMIRIM";"Falta de Atenção à Condução";"Colisão traseira";"Com Vítimas Feridas";"Pleno dia";"Crescente";"Céu Claro";"Simples";"Reta";"Não";3;0;1;0;2;0;1;2;-22,488504;-42,999359;"SPRF-RJ";"DEL04-RJ";"UOP02-DEL04-RJ"
184532;2019-01-11;"sexta-feira";"12:40:00";"MG";40;413;"CURVELO";"Falta de Atenção à Condução";"Colisão transversal";"Com Vítimas Feridas";"Pleno dia";"Crescente";"Sol";"Simples";"Reta";"Não";4;0;2;0;2;0;2;2;-19,1648;-44,5195;"SPRF-MG";"DEL02-MG";"UOP01-DEL02-MG"
184539;2019-01-07;"segunda-feira";"13:40:00";"AC";364;147,9;"RIO BRANCO";"Defeito na Via";"Colisão lateral";"Sem Vítimas";"Pleno dia";"Crescente";"Céu Claro";"Dupla";"Reta";"Não";2;0;0;0;2;0;0;2;-9,894361;-67,895401;"SPRF-AC";"DEL01-AC";"UOP01-DEL01-AC"
184543;2019-01-11;"sexta-feira";"13:40:00";"PR";369;201,8;"APUCARANA";"Falta de Atenção à Condução";"Colisão traseira";"Sem Vítimas";"Pleno dia";"Decrescente";"Sol";"Simples";"Declive;Reta";"Não";2;0;0;0;2;0;0;2;-23,5415534;-51,45627558;"SPRF-PR";"DEL07-PR";"UOP03-DEL07-PR"
184544;2019-01-02;"quarta-feira";"14:00:00";"BA";324;596,8;"CANDEIAS";"Falta de Atenção do Pedestre";"Atropelamento de Pedestre";"Com Vítimas Feridas";"Pleno dia";"Decrescente";"Céu Claro";"Dupla";"Reta";"Sim";3;0;0;1;1;1;1;2;-12,73552104;-38,44039574;"SPRF-BA";"DEL01-BA";"UOP01-DEL01-BA"
184546;2019-01-11;"sexta-feira";"13:30:00";"GO";452;9;"RIO VERDE";"Falta de Atenção à Condução";"Colisão lateral";"Com Vítimas Feridas";"Pleno dia";"Decrescente";"Céu Claro";"Simples";"Reta";"Não";2;0;1;0;1;0;1;2;-17,828653;-50,82856;"SPRF-GO";"DEL04-GO";"UOP01-DEL04-GO"
184548;2019-01-11;"sexta-feira";"11:10:00";"SC";280;28,3;"ARAQUARI";"Falta de Atenção à Condução";"Colisão transversal";"Com Vítimas Feridas";"Pleno dia";"Decrescente";"Sol";"Simples";"Reta";"Não";2;0;1;0;1;0;1;2;-26,40457;-48,745659;"SPRF-SC";"DEL03-SC";"UOP03-DEL03-SC"
184551;2019-01-11;"sexta-feira";"14:05:00";"SP";101;51,5;"UBATUBA";"Ingestão de Álcool";"Tombamento";"Com Vítimas Feridas";"Pleno dia";"Crescente";"Sol";"Simples";"Rotatória";"Sim";1;0;1;0;0;0;1;1;-23,462336;-45,064766;"SPRF-SP";"DEL06-SP";"UOP01-DEL06-SP"
184552;2019-01-08;"terça-feira";"00:15:00";"ES";262;3,9;"CARIACICA";"Falta de Atenção à Condução";"Colisão traseira";"Com Vítimas Feridas";"Plena Noite";"Crescente";"Céu Claro";"Dupla";"Reta";"Não";3;0;0;2;0;1;2;2;-20,3332;-40,3685;"SPRF-ES";"DEL01-ES";"UOP01-DEL01-ES"
184554;2019-01-11;"sexta-feira";"11:35:00";"PE";407;126,6;"PETROLINA";"Ingestão de Álcool";"Colisão traseira";"Sem Vítimas";"Pleno dia";"Decrescente";"Céu Claro";"Simples";"Reta";"Sim";2;0;0;0;2;0;0;2;-9,39109637;-40,52025363;"SPRF-PE";"DEL06-PE";"UOP01-DEL06-PE"
184556;2019-01-11;"sexta-feira";"11:20:00";"RJ";101;415;"MANGARATIBA";"Fenômenos da Natureza";"Incêndio";"Sem Vítimas";"Pleno dia";"Crescente";"Sol";"Dupla";"Reta";"Não";1;0;0;0;1;0;0;1;-22,904333;-43,881832;"SPRF-RJ";"DEL03-RJ";"UOP01-DEL03-RJ"
184557;2019-01-11;"sexta-feira";"12:20:00";"RO";364;344,8;"JI-PARANA";"Desobediência às normas de trânsito pelo condutor";"Colisão lateral";"Com Vítimas Feridas";"Pleno dia";"Decrescente";"Céu Claro";"Simples";"Reta";"Sim";2;0;1;0;1;0;1;2;-10,873834;-61,952469;"SPRF-RO";"DEL02-RO";"UOP01-DEL02-RO"
184560;2019-01-07;"segunda-feira";"21:35:00";"PE";101;77,8;"RECIFE";"Falta de Atenção à Condução";"Colisão transversal";"Com Vítimas Feridas";"Plena Noite";"Crescente";"Nublado";"Simples";"Reta";"Sim";2;0;1;0;1;0;1;2;-8,134813;-34,947544;"SPRF-PE";"DEL01-PE";"UOP01-DEL01-PE"
184562;2019-01-11;"sexta-feira";"14:50:00";"MG";381;330;"NOVA ERA";"Falta de Atenção à Condução";"Capotamento";"Sem Vítimas";"Pleno dia";"Crescente";"Céu Claro";"Dupla";"Reta";"Não";1;0;0;0;1;0;0;1;-19,762;-43,0478;"SPRF-MG";"DEL03-MG";"UOP01-DEL03-MG"
184568;2019-01-11;"sexta-feira";"15:40:00";"SC";470;47,7;"BLUMENAU";"Desobediência às normas de trânsito pelo condutor";"Colisão transversal";"Com Vítimas Feridas";"Pleno dia";"Crescente";"Céu Claro";"Simples";"Reta";"Sim";2;0;1;0;1;0;1;2;-26,86131376;-49,05229211;"SPRF-SC";"DEL04-SC";"UOP01-DEL04-SC"
184571;2019-01-11;"sexta-feira";"15:10:00";"SC";101;162;"TIJUCAS";"Falta de Atenção à Condução";"Tombamento";"Com Vítimas Feridas";"Pleno dia";"Decrescente";"Sol";"Múltipla";"Interseção de Vias";"Não";1;0;0;1;0;0;1;1;-27,2325;-48,6299;"SPRF-SC";"DEL04-SC";"UOP03-DEL04-SC"
184573;2019-01-11;"sexta-feira";"14:50:00";"ES";101;269,3;"SERRA";"Falta de Atenção à Condução";"Colisão traseira";"Com Vítimas Feridas";"Pleno dia";"Decrescente";"Céu Claro";"Múltipla";"Reta";"Sim";2;0;1;0;1;0;1;2;-20,1007104;-40,3341312;"SPRF-ES";"DEL02-ES";"UOP01-DEL02-ES"
184575;2019-01-11;"sexta-feira";"15:35:00";"PR";277;14,1;"PARANAGUA";"Condutor Dormindo";"Saída de leito carroçável";"Com Vítimas Feridas";"Pleno dia";"Decrescente";"Céu Claro";"Dupla";"Reta";"Não";1;0;1;0;0;0;1;1;-25,55784467;-48,65336485;"SPRF-PR";"DEL01-PR";"UOP05-DEL01-PR"
184576;2019-01-11;"sexta-feira";"15:50:00";"PR";277;591;"CASCAVEL";"Falta de Atenção à Condução";"Colisão transversal";"Com Vítimas Feridas";"Pleno dia";"Decrescente";"Céu Claro";"Simples";"Reta";"Não";2;0;0;1;1;0;1;2;-25,02817;-53,55983;"SPRF-PR";"DEL04-PR";"UOP01-DEL04-PR"
184577;2019-01-11;"sexta-feira";"15:35:00";"SC";101;208,2;"SAO JOSE";"Falta de Atenção à Condução";"Tombamento";"Com Vítimas Feridas";"Pleno dia";"Decrescente";"Céu Claro";"Dupla";"Reta";"Sim";1;0;1;0;0;0;1;1;-27,6101;-48,6388;"SPRF-SC";"DEL01-SC";"UOP01-DEL01-SC"
184580;2019-01-09;"quarta-feira";"22:00:00";"BA";367;32;"PORTO SEGURO";"Defeito Mecânico no Veículo";"Tombamento";"Com Vítimas Feridas";"Plena Noite";"Crescente";"Céu Claro";"Simples";"Reta";"Não";2;0;1;1;0;0;2;1;-16,422001;-39,14463;"SPRF-BA";"DEL09-BA";"UOP01-DEL09-BA"
184581;2019-01-11;"sexta-feira";"16:30:00";"SC";470;180,9;"POUSO REDONDO";"Pista Escorregadia";"Capotamento";"Com Vítimas Feridas";"Pleno dia";"Decrescente";"Chuva";"Simples";"Reta";"Não";3;0;3;0;0;0;3;1;-27,249525;-49,987041;"SPRF-SC";"DEL04-SC";"UOP02-DEL04-SC"
184582;2019-01-11;"sexta-feira";"15:50:00";"CE";116;56,5;"PACAJUS";"Não guardar distância de segurança";"Colisão traseira";"Com Vítimas Feridas";"Pleno dia";"Decrescente";"Céu Claro";"Simples";"Aclive";"Não";3;0;1;0;2;0;1;3;-4,2217;-38,4761;"SPRF-CE";"DEL03-CE";"UOP02-DEL03-CE"
184584;2019-01-11;"sexta-feira";"16:30:00";"SC";282;23;"PALHOCA";"Falta de Atenção à Condução";"Colisão transversal";"Com Vítimas Feridas";"Pleno dia";"Crescente";"Céu Claro";"Simples";"Reta";"Sim";2;0;1;0;1;0;1;2;-27,687958;-48,736794;"SPRF-SC";"DEL01-SC";"UOP02-DEL01-SC"
184588;2019-01-11;"sexta-feira";"16:10:00";"PE";101;60;"RECIFE";"Falta de Atenção à Condução";"Colisão traseira";"Com Vítimas Feridas";"Pleno dia";"Decrescente";"Céu Claro";"Múltipla";"Declive";"Sim";2;0;1;0;1;0;1;2;-7,992;-34,9365;"SPRF-PE";"DEL01-PE";"UOP02-DEL01-PE"
184590;2019-01-11;"sexta-feira";"17:30:00";"ES";262;18;"VIANA";"Falta de Atenção do Pedestre";"Atropelamento de Pedestre";"Com Vítimas Feridas";"Pleno dia";"Crescente";"Nublado";"Simples";"Reta";"Sim";2;0;1;1;0;0;2;2;-20,389;-40,4781;"SPRF-ES";"DEL01-ES";"UOP01-DEL01-ES"
184591;2019-01-11;"sexta-feira";"16:20:00";"MT";163;752,9;"SORRISO";"Falta de Atenção à Condução";"Colisão traseira";"Com Vítimas Feridas";"Pleno dia";"Crescente";"Sol";"Dupla";"Retorno Regulamentado";"Sim";2;0;1;0;1;0;1;2;-12,55071256;-55,71289393;"SPRF-MT";"DEL06-MT";"UOP01-DEL06-MT"
184593;2019-01-11;"sexta-feira";"16:45:00";"MG";40;403,3;"CURVELO";"Agressão Externa";"Queda de ocupante de veículo";"Com Vítimas Feridas";"Pleno dia";"Crescente";"Céu Claro";"Simples";"Reta";"Não";1;0;0;1;0;0;1;1;-18,98389577;-44,66491699;"SPRF-MG";"DEL02-MG";"UOP01-DEL02-MG"
184596;2019-01-11;"sexta-feira";"16:20:00";"MS";158;96;"PARANAIBA";"Falta de Atenção à Condução";"Saída de leito carroçável";"Com Vítimas Feridas";"Pleno dia";"Decrescente";"Sol";"Dupla";"Reta";"Sim";1;0;0;1;0;0;1;1;-19,69005;-51,195179;"SPRF-MS";"DEL08-MS";"UOP01-DEL08-MS"
184598;2019-01-11;"sexta-feira";"13:15:00";"MG";262;513;"LUZ";"Ultrapassagem Indevida";"Saída de leito carroçável";"Com Vítimas Feridas";"Pleno dia";"Decrescente";"Sol";"Simples";"Curva";"Não";5;0;4;1;0;0;5;1;-19,782372;-45,676441;"SPRF-MG";"DEL08-MG";"UOP03-DEL08-MG"
184601;2019-01-11;"sexta-feira";"17:00:00";"MG";262;36,1;"MANHUACU";"Falta de Atenção à Condução";"Colisão traseira";"Com Vítimas Feridas";"Pleno dia";"Decrescente";"Céu Claro";"Simples";"Reta";"Sim";2;0;1;0;1;0;1;2;-20,259321;-42,022984;"SPRF-MG";"DEL06-MG";"UOP03-DEL06-MG"
184602;2019-01-11;"sexta-feira";"18:55:00";"PR";376;160;"MARINGA";"Defeito Mecânico no Veículo";"Tombamento";"Com Vítimas Feridas";"Pleno dia";"Decrescente";"Céu Claro";"Dupla";"Curva";"Sim";2;0;2;0;0;0;2;1;-23,352516;-52,09127;"SPRF-PR";"DEL07-PR";"UOP01-DEL09-PR"
184604;2019-01-11;"sexta-feira";"17:25:00";"PI";135;360;"BOM JESUS";"Defeito na Via";"Colisão com objeto estático";"Com Vítimas Feridas";"Pleno dia";"Decrescente";"Céu Claro";"Simples";"Curva";"Não";1;0;1;0;0;0;1;1;-9,135633;-44,388386;"SPRF-PI";"DEL03-PI";"UOP02-DEL03-PI"
184605;2019-01-11;"sexta-feira";"18:10:00";"CE";20;429,5;"FORTALEZA";"Falta de Atenção à Condução";"Colisão lateral";"Com Vítimas Feridas";"Plena Noite";"Crescente";"Céu Claro";"Dupla";"Reta";"Sim";2;0;1;0;1;0;1;2;-3,87123388;-38,49978447;"SPRF-CE";"DEL01-CE";"UOP02-DEL01-CE"
184607;2019-01-11;"sexta-feira";"19:00:00";"SC";101;47,5;"JOINVILLE";"Ingestão de álcool e/ou substâncias psicoativas pelo pedestre";"Saída de leito carroçável";"Com Vítimas Feridas";"Anoitecer";"Crescente";"Céu Claro";"Dupla";"Curva";"Não";1;0;1;0;0;0;1;1;-26,3752;-48,8549;"SPRF-SC";"DEL03-SC";"UOP01-DEL03-SC"
184608;2019-01-11;"sexta-feira";"18:00:00";"SC";470;105;"APIUNA";"Desobediência às normas de trânsito pelo condutor";"Colisão frontal";"Com Vítimas Feridas";"Pleno dia";"Crescente";"Céu Claro";"Simples";"Curva";"Sim";2;0;0;1;1;0;1;2;-27,07129747;-49,42094564;"SPRF-SC";"DEL04-SC";"UOP02-DEL04-SC"
184609;2019-01-11;"sexta-feira";"18:10:00";"MG";381;485;"BETIM";"Falta de Atenção à Condução";"Engavetamento";"Sem Vítimas";"Pleno dia";"Crescente";"Céu Claro";"Dupla";"Reta";"Sim";3;0;0;0;3;0;0;3;-19,9561;-44,1064;"SPRF-MG";"DEL01-MG";"UOP03-DEL01-MG"
184611;2019-01-11;"sexta-feira";"18:10:00";"ES";101;297,9;"CARIACICA";"Defeito Mecânico no Veículo";"Queda de ocupante de veículo";"Com Vítimas Feridas";"Pleno dia";"Crescente";"Céu Claro";"Dupla";"Reta";"Não";2;0;1;1;0;0;2;1;-20,35814639;-40,41870117;"SPRF-ES";"DEL01-ES";"UOP01-DEL01-ES"
184613;2019-01-11;"sexta-feira";"19:30:00";"GO";60;12;"SANTO ANTONIO DO DESCOBERTO";"Velocidade Incompatível";"Colisão traseira";"Sem Vítimas";"Plena Noite";"Decrescente";"Céu Claro";"Dupla";"Reta";"Não";3;0;0;0;3;0;0;2;-16,11470147;-48,33437338;"SPRF-DF";"DEL01-DF";"UOP01-DEL03-DF"
184614;2019-01-11;"sexta-feira";"17:00:00";"RS";386;222,8;"MORMACO";"Falta de Atenção à Condução";"Saída de leito carroçável";"Com Vítimas Feridas";"Pleno dia";"Crescente";"Nublado";"Simples";"Reta";"Não";5;0;2;0;3;0;2;1;-28,65789605;-52,61273146;"SPRF-RS";"DEL04-RS";"NPF/DEL04-RS"
184615;2019-01-10;"quinta-feira";"18:40:00";"PB";230;464,6;"SOUSA";"Ultrapassagem Indevida";"Colisão frontal";"Com Vítimas Feridas";"Plena Noite";"Crescente";"Nublado";"Simples";"Reta";"Não";3;0;0;3;0;0;3;2;-6,780953;-38,253696;"SPRF-PB";"DEL03-PB";"UOP03-DEL03-PB"
184616;2019-01-11;"sexta-feira";"17:20:00";"RR";174;497,4;"BOA VISTA";"Desobediência às normas de trânsito pelo condutor";"Colisão lateral";"Com Vítimas Feridas";"Pleno dia";"Decrescente";"Céu Claro";"Dupla";"Reta";"Sim";3;0;1;1;1;0;2;2;2,763303;-60,725597;"SPRF-RR";"DEL01-RR";"UOP01-DEL01-RR"
184617;2019-01-11;"sexta-feira";"19:40:00";"PR";163;275,9;"QUATRO PONTES";"Ultrapassagem Indevida";"Colisão traseira";"Com Vítimas Feridas";"Pleno dia";"Decrescente";"Nublado";"Simples";"Reta";"Não";1;0;1;0;0;0;1;1;-24,60665457;-53,97337317;"SPRF-PR";"DEL04-PR";"UOP01-DEL04-PR"
184618;2019-01-11;"sexta-feira";"19:15:00";"SC";101;54;"JOINVILLE";"Falta de Atenção à Condução";"Tombamento";"Com Vítimas Feridas";"Anoitecer";"Crescente";"Nublado";"Dupla";"Reta";"Não";1;0;1;0;0;0;1;1;-26,4277;-48,8264;"SPRF-SC";"DEL03-SC";"UOP01-DEL03-SC"
184623;2019-01-11;"sexta-feira";"15:45:00";"MG";153;30;"CANAPOLIS";"Velocidade Incompatível";"Capotamento";"Com Vítimas Feridas";"Pleno dia";"Crescente";"Céu Claro";"Dupla";"Curva";"Não";1;0;1;0;0;0;1;1;-18,6855;-49,1526;"SPRF-MG";"DEL15-MG";"UOP03-DEL15-MG"
184624;2019-01-11;"sexta-feira";"17:50:00";"GO";153;125,1;"ESTRELA DO NORTE";"Ingestão de Álcool";"Colisão transversal";"Sem Vítimas";"Pleno dia";"Decrescente";"Céu Claro";"Simples";"Reta";"Não";3;0;0;0;3;0;0;2;-13,866656;-49,051556;"SPRF-GO";"DEL07-GO";"UOP01-DEL07-GO"
184625;2019-01-11;"sexta-feira";"18:30:00";"RO";364;195;"PIMENTA BUENO";"Desobediência às normas de trânsito pelo condutor";"Colisão transversal";"Com Vítimas Feridas";"Anoitecer";"Decrescente";"Nublado";"Simples";"Reta";"Sim";2;0;0;1;0;1;1;2;-11,693292;-61,177425;"SPRF-RO";"DEL02-RO";"UOP02-DEL02-RO"
184626;2019-01-11;"sexta-feira";"17:20:00";"PE";101;87;"JABOATAO DOS GUARARAPES";"Falta de Atenção à Condução";"Colisão lateral";"Com Vítimas Feridas";"Anoitecer";"Crescente";"Nublado";"Dupla";"Reta";"Não";2;0;2;0;0;0;2;2;-8,194257;-34,976042;"SPRF-PE";"DEL01-PE";"UOP03-DEL01-PE"
184627;2019-01-11;"sexta-feira";"18:15:00";"RJ";101;305;"SAO GONCALO";"Desobediência às normas de trânsito pelo condutor";"Atropelamento de Pedestre";"Com Vítimas Feridas";"Pleno dia";"Decrescente";"Céu Claro";"Dupla";"Reta";"Sim";4;0;0;1;2;1;1;2;-22,787031;-42,995907;"SPRF-RJ";"DEL02-RJ";"DEL5/2-UOP04/RJ"
184629;2019-01-11;"sexta-feira";"18:00:00";"PR";369;108;"URAI";"Não guardar distância de segurança";"Colisão traseira";"Com Vítimas Feridas";"Pleno dia";"Decrescente";"Nublado";"Simples";"Reta";"Não";3;0;1;0;2;0;1;2;-23,26467126;-50,78870326;"SPRF-PR";"DEL07-PR";"UOP05-DEL07-PR"
184630;2019-01-11;"sexta-feira";"20:40:00";"SC";101;227;"PALHOCA";"Falta de Atenção à Condução";"Colisão com objeto estático";"Com Vítimas Feridas";"Plena Noite";"Crescente";"Céu Claro";"Múltipla";"Reta";"Não";1;0;1;0;0;0;1;1;-27,7591;-48,6308;"SPRF-SC";"DEL01-SC";"UOP02-DEL01-SC"
184631;2019-01-11;"sexta-feira";"18:00:00";"MG";365;742;"ITUIUTABA";"Falta de Atenção à Condução";"Colisão traseira";"Com Vítimas Feridas";"Pleno dia";"Crescente";"Chuva";"Simples";"Reta";"Não";4;0;1;0;3;0;1;2;-18,91278238;-49,36706543;"SPRF-MG";"DEL15-MG";"UOP03-DEL15-MG"
184632;2019-01-11;"sexta-feira";"20:55:00";"GO";40;9,5;"LUZIANIA";"Falta de Atenção do Pedestre";"Atropelamento de Pedestre";"Com Vítimas Feridas";"Plena Noite";"Decrescente";"Céu Claro";"Dupla";"Reta";"Sim";3;0;1;1;0;1;2;2;-16,12751017;-47,96015024;"SPRF-DF";"DEL01-DF";"UOP01-DEL01-DF"
184634;2019-01-11;"sexta-feira";"20:00:00";"CE";116;1,5;"FORTALEZA";"Falta de Atenção à Condução";"Colisão traseira";"Com Vítimas Feridas";"Plena Noite";"Crescente";"Céu Claro";"Dupla";"Reta";"Sim";2;0;0;1;1;0;1;2;-3,7704;-38,5169;"SPRF-CE";"DEL01-CE";"UOP02-DEL01-CE"
184640;2019-01-11;"sexta-feira";"21:20:00";"MG";365;150,7;"PIRAPORA";"Condutor Dormindo";"Queda de ocupante de veículo";"Com Vítimas Feridas";"Plena Noite";"Decrescente";"Céu Claro";"Simples";"Reta";"Não";1;0;1;0;0;0;1;1;-17,286131;-44,877392;"SPRF-MG";"DEL12-MG";"UOP01-DEL12-MG"
184641;2019-01-11;"sexta-feira";"21:45:00";"SC";101;123,1;"ITAJAI";"Falta de Atenção à Condução";"Colisão traseira";"Com Vítimas Feridas";"Plena Noite";"Crescente";"Nublado";"Dupla";"Viaduto";"Sim";4;0;1;0;3;0;1;3;-26,9434;-48,6917;"SPRF-SC";"DEL04-SC";"UOP04-DEL04-SC"
184644;2019-01-11;"sexta-feira";"18:20:00";"MA";10;298;"SAO FRANCISCO DO BREJAO";"Desobediência às normas de trânsito pelo condutor";"Colisão traseira";"Com Vítimas Feridas";"Anoitecer";"Crescente";"Garoa/Chuvisco";"Simples";"Reta";"Sim";2;0;0;1;0;1;1;2;-5,131289;-47,5453;"SPRF-MA";"DEL04-MA";"UOP03-DEL04-MA"
184647;2019-01-11;"sexta-feira";"18:40:00";"PA";316;67;"CASTANHAL";"Falta de Atenção à Condução";"Colisão transversal";"Com Vítimas Feridas";"Plena Noite";"Decrescente";"Chuva";"Dupla";"Reta";"Sim";2;0;1;0;1;0;1;2;-1,294879;-47,892807;"SPRF-PA";"DEL01-PA";"UOP01-DEL01-PA"
184649;2019-01-11;"sexta-feira";"22:30:00";"PR";277;591,5;"CASCAVEL";"Falta de Atenção à Condução";"Colisão traseira";"Com Vítimas Feridas";"Plena Noite";"Crescente";"Nevoeiro/Neblina";"Simples";"Reta";"Não";3;0;1;0;2;0;1;3;-25,02817;-53,55983;"SPRF-PR";"DEL04-PR";"UOP01-DEL04-PR"
184650;2019-01-11;"sexta-feira";"18:40:00";"MT";163;834,2;"SINOP";"Falta de Atenção à Condução";"Colisão traseira";"Com Vítimas Feridas";"Anoitecer";"Crescente";"Nublado";"Dupla";"Reta";"Sim";2;0;0;1;1;0;1;2;-11,86979466;-55,49729437;"SPRF-MT";"DEL06-MT";"UOP01-DEL06-MT"
184651;2019-01-11;"sexta-feira";"19:00:00";"RN";110;1;"AREIA BRANCA";"Desobediência às normas de trânsito pelo condutor";"Colisão lateral";"Com Vítimas Feridas";"Plena Noite";"Crescente";"Céu Claro";"Simples";"Reta";"Sim";3;0;2;0;0;1;2;2;-4,95345832;-37,12881088;"SPRF-RN";"DEL04-RN";"UOP01-DEL04-RN"
184653;2019-01-11;"sexta-feira";"22:40:00";"PI";316;388,7;"FRANCISCO MACEDO";"Falta de Atenção à Condução";"Tombamento";"Com Vítimas Fatais";"Plena Noite";"Crescente";"Céu Claro";"Simples";"Reta";"Não";1;1;0;0;0;0;0;1;-7,32024383;-40,79669952;"SPRF-PI";"DEL04-PI";"UOP03-DEL04-PI"
184656;2019-01-11;"sexta-feira";"23:30:00";"SC";101;436,7;"SOMBRIO";"Falta de Atenção do Pedestre";"Atropelamento de Pedestre";"Com Vítimas Feridas";"Pleno dia";"Crescente";"Garoa/Chuvisco";"Simples";"Aclive;Reta";"Sim";2;0;1;0;1;0;1;2;-29,11989173;-49,64205807;"SPRF-SC";"DEL02-SC";"UOP02-DEL02-SC"
184657;2019-01-11;"sexta-feira";"21:40:00";"PI";316;310,9;"PICOS";"Não guardar distância de segurança";"Colisão traseira";"Sem Vítimas";"Plena Noite";"Crescente";"Céu Claro";"Simples";"Reta";"Sim";2;0;0;0;2;0;0;2;-7,07611849;-41,47182595;"SPRF-PI";"DEL04-PI";"UOP01-DEL04-PI"
184658;2019-01-11;"sexta-feira";"19:04:00";"RN";405;76;"APODI";"Falta de Atenção à Condução";"Colisão transversal";"Com Vítimas Feridas";"Plena Noite";"Decrescente";"Céu Claro";"Dupla";"Interseção de Vias";"Sim";2;0;1;0;1;0;1;2;-5,652425;-37,799461;"SPRF-RN";"DEL04-RN";"UOP02-DEL04-RN"
184662;2019-01-11;"sexta-feira";"16:26:00";"MT";163;579;"NOVA MUTUM";"Pista Escorregadia";"Saída de leito carroçável";"Com Vítimas Feridas";"Pleno dia";"Crescente";"Chuva";"Simples";"Reta";"Não";4;0;4;0;0;0;4;1;-13,9713848;-56,09069824;"SPRF-MT";"DEL01-MT";"UOP01-DEL01-MT"
184663;2019-01-12;"sábado";"00:40:00";"RJ";40;83,2;"PETROPOLIS";"Velocidade Incompatível";"Saída de leito carroçável";"Com Vítimas Feridas";"Plena Noite";"Decrescente";"Nublado";"Simples";"Aclive;Curva";"Sim";4;0;3;0;1;0;3;1;-22,5472;-43,2266;"SPRF-RJ";"DEL06-RJ";"UOP01-DEL06-RJ"
184664;2019-01-12;"sábado";"01:05:00";"RS";290;104,3;"ELDORADO DO SUL";"Falta de Atenção à Condução";"Colisão lateral";"Com Vítimas Feridas";"Plena Noite";"Decrescente";"Nublado";"Dupla";"Reta";"Sim";2;0;1;0;1;0;1;2;-29,99476777;-51,28186226;"SPRF-RS";"DEL02-RS";"UOP01-DEL02-RS"
184665;2019-01-12;"sábado";"01:20:00";"MG";381;494,7;"BETIM";"Falta de Atenção à Condução";"Colisão com objeto estático";"Com Vítimas Feridas";"Plena Noite";"Crescente";"Céu Claro";"Dupla";"Reta";"Sim";1;0;0;1;0;0;1;1;-19,9731;-44,1843;"SPRF-MG";"DEL01-MG";"UOP03-DEL01-MG"
184666;2019-01-12;"sábado";"00:35:00";"MG";356;265,7;"MURIAE";"Desobediência às normas de trânsito pelo condutor";"Colisão transversal";"Sem Vítimas";"Plena Noite";"Decrescente";"Ignorado";"Simples";"Interseção de Vias";"Sim";2;0;0;0;2;0;0;2;-21,125526;-42,375477;"SPRF-MG";"DEL07-MG";"UOP02-DEL07-MG"