"id";"data_inversa";"dia_semana";"horario";"uf";"br";"km";"municipio";"causa_acidente";"tipo_acidente";"classificacao_acidente";"fase_dia";"sentido_via";"condicao_metereologica";"tipo_pista";"tracado_via";"uso_solo";"pessoas";"mortos";"feridos_leves";"feridos_graves";"ilesos";"ignorados";"feridos";"veiculos";"latitude";"longitude";"regional";"delegacia";"uop"
184668;2019-01-12;"sábado";"01:15:00";"PE";101;69,9;"RECIFE";"Desobediência às normas de trânsito pelo condutor";"Colisão frontal";"Com Vítimas Feridas";"Plena Noite";"Decrescente";"Céu Claro";"Dupla";"Interseção de Vias";"Sim";3;0;1;0;0;2;1;3;-8,06641063;-34,94231701;"SPRF-PE";"DEL01-PE";"UOP01-DEL01-PE"
184669;2019-01-11;"sexta-feira";"20:36:00";"CE";0;0;"ITAITINGA";"Falta de Atenção à Condução";"Colisão com objeto estático";"Sem Vítimas";"Plena Noite";"Não Informado";"Céu Claro";"Simples";"Interseção de Vias";"Sim";4;0;0;0;4;0;0;2;-3,9240005;-38,5144729;"SPRF-CE";"DEL01-CE";"UOP02-DEL01-CE"
184670;2019-01-12;"sábado";"02:50:00";"RS";116;114;"SAO MARCOS";"Ingestão de Álcool";"Colisão com objeto estático";"Com Vítimas Feridas";"Plena Noite";"Decrescente";"Nublado";"Simples";"Reta";"Sim";1;0;1;0;0;0;1;1;-28,963968;-51,075348;"SPRF-RS";"DEL05-RS";"UOP01-DEL05-RS"
184671;2019-01-12;"sábado";"01:40:00";"MT";70;530;"VARZEA GRANDE";"Falta de Atenção à Condução";"Colisão traseira";"Com Vítimas Feridas";"Pleno dia";"Decrescente";"Céu Claro";"Simples";"Reta";"Sim";2;0;1;0;0;1;1;2;-15,65576742;-56,20897293;"SPRF-MT";"DEL01-MT";"DEL2/4-UOP02/MT"
184673;2019-01-12;"sábado";"03:25:00";"SP";116;224;"GUARULHOS";"Falta de Atenção à Condução";"Saída de leito carroçável";"Com Vítimas Feridas";"Plena Noite";"Decrescente";"Céu Claro";"Múltipla";"Reta";"Sim";2;0;1;0;0;1;1;1;-23,48277088;-46,536026;"SPRF-SP";"DEL01-SP";"UOP01-DEL01-SP"
184674;2019-01-11;"sexta-feira";"20:40:00";"MA";222;409;"SANTA LUZIA";"Desobediência às normas de trânsito pelo condutor";"Colisão frontal";"Com Vítimas Feridas";"Plena Noite";"Decrescente";"Nublado";"Simples";"Declive;Reta";"Não";2;0;0;1;0;1;1;2;-3,98156713;-45,68166733;"SPRF-MA";"DEL02-MA";"UI04-DEL02-MA"
184675;2019-01-12;"sábado";"01:45:00";"PE";428;188;"PETROLINA";"Ingestão de Álcool";"Colisão transversal";"Com Vítimas Feridas";"Plena Noite";"Crescente";"Céu Claro";"Simples";"Interseção de Vias";"Sim";2;0;1;0;1;0;1;2;-9,364097;-40,482716;"SPRF-PE";"DEL06-PE";"UOP01-DEL06-PE"
184676;2019-01-12;"sábado";"03:30:00";"PR";376;171,9;"MARINGA";"Desobediência às normas de trânsito pelo condutor";"Colisão transversal";"Com Vítimas Feridas";"Plena Noite";"Decrescente";"Chuva";"Dupla";"Reta";"Sim";2;0;2;0;0;0;2;2;-23,41665542;-51,97867346;"SPRF-PR";"DEL07-PR";"UOP01-DEL09-PR"
184677;2019-01-12;"sábado";"03:30:00";"PR";277;71;"SAO JOSE DOS PINHAIS";"Falta de Atenção à Condução";"Queda de ocupante de veículo";"Com Vítimas Feridas";"Plena Noite";"Decrescente";"Nublado";"Dupla";"Reta";"Não";1;0;0;1;0;0;1;1;-25,53082725;-49,08487692;"SPRF-PR";"DEL01-PR";"UOP01-DEL01-PR"
184678;2019-01-12;"sábado";"01:55:00";"PR";376;180,1;"MARINGA";"Falta de Atenção à Condução";"Colisão com objeto em movimento";"Com Vítimas Feridas";"Plena Noite";"Decrescente";"Chuva";"Múltipla";"Reta";"Sim";2;0;1;0;1;0;1;2;-23,427254;-51,895123;"SPRF-PR";"DEL07-PR";"UOP01-DEL09-PR"
184679;2019-01-12;"sábado";"04:00:00";"RN";304;296,8;"MACAIBA";"Não guardar distância de segurança";"Colisão traseira";"Com Vítimas Feridas";"Plena Noite";"Decrescente";"Céu Claro";"Simples";"Declive";"Sim";3;0;2;0;1;0;2;2;-5,864849;-35,349312;"SPRF-RN";"DEL01-RN";"UOP02-DEL01-RN"
184681;2019-01-12;"sábado";"04:40:00";"MG";381;687;"LAVRAS";"Ingestão de Álcool";"Colisão com objeto estático";"Sem Vítimas";"Plena Noite";"Crescente";"Céu Claro";"Dupla";"Curva";"Não";3;0;0;0;3;0;0;1;-21,1864;-45,1173;"SPRF-MG";"DEL04-MG";"UOP02-DEL04-MG"
184683;2019-01-12;"sábado";"05:00:00";"RJ";101;317;"SAO GONCALO";"Condutor Dormindo";"Colisão com objeto estático";"Sem Vítimas";"Amanhecer";"Crescente";"Céu Claro";"Dupla";"Reta";"Sim";1;0;0;0;1;0;0;1;-22,837111;-43,094929;"SPRF-RJ";"DEL02-RJ";"DEL5/2-UOP04/RJ"
184684;2019-01-12;"sábado";"06:20:00";"SP";153;47,5;"SAO JOSE DO RIO PRETO";"Falta de Atenção do Pedestre";"Atropelamento de Pedestre";"Com Vítimas Feridas";"Amanhecer";"Crescente";"Céu Claro";"Simples";"Declive";"Sim";5;0;0;1;3;1;1;2;-20,68795775;-49,34002876;"SPRF-SP";"DEL09-SP";"UOP01-DEL09-SP"
184686;2019-01-12;"sábado";"06:15:00";"SC";116;197,3;"PONTE ALTA";"Velocidade Incompatível";"Colisão com objeto estático";"Com Vítimas Feridas";"Amanhecer";"Crescente";"Céu Claro";"Simples";"Declive";"Não";4;0;4;0;0;0;4;1;-27,481998;-50,379116;"SPRF-SC";"DEL05-SC";"UOP03-DEL05-SC"
184687;2019-01-12;"sábado";"07:00:00";"RJ";116;76;"TERESOPOLIS";"Velocidade Incompatível";"Saída de leito carroçável";"Sem Vítimas";"Pleno dia";"Crescente";"Céu Claro";"Simples";"Reta";"Não";1;0;0;0;0;1;0;1;-22,361216;-42,948738;"SPRF-RJ";"DEL04-RJ";"UOP01-DEL04-RJ"
184688;2019-01-12;"sábado";"01:00:00";"ES";101;113;"SOORETAMA";"Falta de Atenção à Condução";"Saída de leito carroçável";"Sem Vítimas";"Plena Noite";"Decrescente";"Céu Claro";"Simples";"Reta";"Não";1;0;0;0;0;1;0;1;-19,07769299;-40,04241943;"SPRF-ES";"DEL04-ES";"UOP01-DEL04-ES"
184689;2019-01-12;"sábado";"05:30:00";"MG";262;800,9;"UBERABA";"Condutor Dormindo";"Saída de leito carroçável";"Com Vítimas Feridas";"Plena Noite";"Decrescente";"Nublado";"Dupla";"Reta";"Não";2;0;2;0;0;0;2;1;-19,777964;-47,9268;"SPRF-MG";"DEL13-MG";"UOP01-DEL13-MG"
184690;2019-01-02;"quarta-feira";"20:00:00";"GO";153;133;"ESTRELA DO NORTE";"Falta de Atenção à Condução";"Colisão com objeto estático";"Com Vítimas Feridas";"Plena Noite";"Crescente";"Céu Claro";"Simples";"Reta";"Não";1;0;0;1;0;0;1;1;-13,934465;-49,075451;"SPRF-GO";"DEL07-GO";"UOP01-DEL07-GO"
184691;2019-01-12;"sábado";"07:20:00";"SC";101;151,5;"ITAPEMA";"Desobediência às normas de trânsito pelo condutor";"Colisão transversal";"Com Vítimas Feridas";"Pleno dia";"Decrescente";"Céu Claro";"Simples";"Interseção de Vias;Retorno Regulamentado";"Sim";3;0;2;0;1;0;2;2;-27,1325805;-48,60964363;"SPRF-SC";"DEL04-SC";"UOP03-DEL04-SC"
184692;2019-01-11;"sexta-feira";"16:20:00";"MG";116;413;"GOVERNADOR VALADARES";"Desobediência às normas de trânsito pelo condutor";"Colisão transversal";"Com Vítimas Feridas";"Pleno dia";"Decrescente";"Céu Claro";"Simples";"Reta";"Sim";4;0;1;0;1;2;1;2;-18,87087951;-41,97052002;"SPRF-MG";"DEL06-MG";"UOP01-DEL06-MG"
184693;2019-01-12;"sábado";"07:15:00";"DF";40;5;"BRASILIA";"Velocidade Incompatível";"Colisão traseira";"Com Vítimas Feridas";"Pleno dia";"Decrescente";"Céu Claro";"Simples";"Reta";"Sim";2;0;1;0;1;0;1;2;-16,020903;-47,980541;"SPRF-DF";"DEL01-DF";"UOP01-DEL01-DF"
184696;2019-01-12;"sábado";"04:35:00";"AP";210;13,1;"MACAPA";"Velocidade Incompatível";"Saída de leito carroçável";"Sem Vítimas";"Plena Noite";"Decrescente";"Ignorado";"Simples";"Curva";"Não";1;0;0;0;0;1;0;1;0,141765;-51,143993;"SPRF-AP";"DEL01-AP";"UOP01-DEL01-AP"
184698;2019-01-12;"sábado";"07:20:00";"MS";163;313;"RIO BRILHANTE";"Falta de Atenção à Condução";"Colisão traseira";"Sem Vítimas";"Pleno dia";"Crescente";"Céu Claro";"Dupla";"Reta";"Não";2;0;0;0;2;0;0;2;-21,86543181;-54,52834368;"SPRF-MS";"DEL02-MS";"UOP02-DEL02-MS"
184699;2019-01-12;"sábado";"07:50:00";"RS";386;425,1;"MONTENEGRO";"Condutor Dormindo";"Colisão com objeto estático";"Sem Vítimas";"Pleno dia";"Crescente";"Nublado";"Dupla";"Reta";"Sim";1;0;0;0;1;0;0;1;-29,818272;-51,372299;"SPRF-RS";"DEL04-RS";"UOP02-DEL04-RS"
184700;2019-01-12;"sábado";"08:15:00";"SC";470;54,2;"BLUMENAU";"Falta de Atenção à Condução";"Colisão transversal";"Com Vítimas Feridas";"Pleno dia";"Crescente";"Céu Claro";"Simples";"Interseção de Vias";"Sim";3;0;2;0;1;0;2;2;-26,871065;-49,110374;"SPRF-SC";"DEL04-SC";"UOP01-DEL04-SC"
184702;2019-01-12;"sábado";"07:00:00";"RS";470;224;"GARIBALDI";"Ingestão de Álcool";"Saída de leito carroçável";"Com Vítimas Feridas";"Pleno dia";"Crescente";"Nublado";"Simples";"Curva";"Não";1;0;1;0;0;0;1;1;-29,235607;-51,516977;"SPRF-RS";"DEL06-RS";"UOP01-DEL06-RS"
184703;2019-01-12;"sábado";"08:20:00";"RS";158;326,2;"SANTA MARIA";"Falta de Atenção à Condução";"Colisão traseira";"Com Vítimas Feridas";"Pleno dia";"Crescente";"Nublado";"Simples";"Rotatória";"Sim";2;0;2;0;0;0;2;2;-29,703747;-53,795246;"SPRF-RS";"DEL09-RS";"UOP01-DEL09-RS"
184704;2019-01-08;"terça-feira";"23:10:00";"PR";376;660;"TIJUCAS DO SUL";"Ingestão de Álcool";"Saída de leito carroçável";"Sem Vítimas";"Plena Noite";"Decrescente";"Garoa/Chuvisco";"Múltipla";"Reta";"Não";1;0;0;0;1;0;0;1;-25,852978;-48,978861;"SPRF-PR";"DEL01-PR";"DEL7/1-UOP08/PR"
184705;2019-01-12;"sábado";"08:00:00";"PR";467;108,4;"CASCAVEL";"Falta de Atenção do Pedestre";"Atropelamento de Pedestre";"Com Vítimas Feridas";"Pleno dia";"Crescente";"Céu Claro";"Simples";"Reta";"Sim";2;0;1;0;1;0;1;2;-24,9237;-53,4676;"SPRF-PR";"DEL04-PR";"UOP01-DEL04-PR"
184706;2019-01-12;"sábado";"06:40:00";"BA";116;652,5;"JEQUIE";"Falta de Atenção à Condução";"Colisão transversal";"Com Vítimas Feridas";"Pleno dia";"Crescente";"Sol";"Simples";"Interseção de Vias";"Não";5;0;5;0;0;0;5;2;-13,68406;-40,09503;"SPRF-BA";"DEL03-BA";"UOP01-DEL03-BA"
184708;2019-01-08;"terça-feira";"03:35:00";"SC";101;134;"BALNEARIO CAMBORIU";"Defeito na Via";"Colisão lateral";"Com Vítimas Feridas";"Plena Noite";"Crescente";"Céu Claro";"Dupla";"Interseção de Vias";"Sim";2;0;1;0;1;0;1;2;-27,0049;-48,6266;"SPRF-SC";"DEL04-SC";"UOP03-DEL04-SC"
184714;2019-01-12;"sábado";"08:10:00";"RJ";101;408;"ITAGUAI";"Ingestão de Substâncias Psicoativas";"Colisão lateral";"Com Vítimas Feridas";"Pleno dia";"Crescente";"Céu Claro";"Dupla";"Reta";"Sim";11;0;0;1;8;2;1;4;-22,88088;-43,824417;"SPRF-RJ";"DEL03-RJ";"UOP01-DEL03-RJ"
184716;2019-01-11;"sexta-feira";"18:30:00";"RO";364;426,8;"JARU";"Falta de Atenção à Condução";"Colisão traseira";"Com Vítimas Feridas";"Anoitecer";"Crescente";"Nublado";"Simples";"Reta";"Sim";3;0;3;0;0;0;3;2;-10,432428;-62,479607;"SPRF-RO";"DEL03-RO";"UOP02-DEL03-RO"
184717;2019-01-12;"sábado";"07:40:00";"PA";163;1001;"SANTAREM";"Falta de Atenção do Pedestre";"Atropelamento de Pedestre";"Com Vítimas Feridas";"Pleno dia";"Crescente";"Nublado";"Simples";"Reta";"Sim";3;0;0;1;2;0;1;2;-2,46171388;-54,72737375;"SPRF-PA";"DEL05-PA";"UOP01-DEL05-PA"
184718;2019-01-07;"segunda-feira";"18:00:00";"SC";280;127,5;"RIO NEGRINHO";"Falta de Atenção à Condução";"Colisão frontal";"Com Vítimas Feridas";"Pleno dia";"Decrescente";"Céu Claro";"Simples";"Interseção de Vias;Declive";"Sim";2;0;0;1;1;0;1;2;-26,239437;-49,504192;"SPRF-SC";"DEL06-SC";"UOP03-DEL06-SC"
184719;2019-01-12;"sábado";"09:20:00";"SP";116;109,9;"TAUBATE";"Não guardar distância de segurança";"Colisão traseira";"Com Vítimas Feridas";"Pleno dia";"Decrescente";"Céu Claro";"Dupla";"Reta";"Não";2;0;1;0;1;0;1;2;-23,028759;-45,545235;"SPRF-SP";"DEL06-SP";"UOP01-DEL06-SP"
184721;2019-01-12;"sábado";"09:14:00";"PR";116;95,2;"SAO JOSE DOS PINHAIS";"Velocidade Incompatível";"Saída de leito carroçável";"Com Vítimas Feridas";"Pleno dia";"Decrescente";"Sol";"Dupla";"Reta";"Não";2;0;1;0;1;0;1;1;-25,497253;-49,117657;"SPRF-PR";"DEL01-PR";"UOP01-DEL01-PR"
184724;2019-01-11;"sexta-feira";"20:10:00";"PI";135;505;"MONTE ALEGRE DO PIAUI";"Ingestão de Álcool";"Colisão com objeto em movimento";"Com Vítimas Fatais";"Plena Noite";"Decrescente";"Céu Claro";"Simples";"Reta";"Não";2;1;0;0;1;0;0;2;-9,753529;-45,307346;"SPRF-PI";"DEL03-PI";"UOP02-DEL03-PI"
184725;2019-01-12;"sábado";"07:30:00";"SC";282;644,5;"SAO MIGUEL DO OESTE";"Desobediência às normas de trânsito pelo condutor";"Colisão transversal";"Com Vítimas Feridas";"Pleno dia";"Decrescente";"Céu Claro";"Simples";"Declive";"Não";6;0;1;0;2;3;1;3;-26,769157;-53,479385;"SPRF-SC";"DEL07-SC";"UOP03-DEL07-SC"
184729;2019-01-12;"sábado";"09:15:00";"MG";381;789,1;"SAO GONCALO DO SAPUCAI";"Condutor Dormindo";"Saída de leito carroçável";"Com Vítimas Feridas";"Pleno dia";"Decrescente";"Céu Claro";"Dupla";"Reta";"Não";3;0;1;2;0;0;3;1;-21,8793;-45,5429;"SPRF-MG";"DEL16-MG";"UOP02-DEL16-MG"
184731;2019-01-12;"sábado";"09:20:00";"SP";116;272;"TABOAO DA SERRA";"Falta de Atenção à Condução";"Atropelamento de Animal";"Com Vítimas Feridas";"Pleno dia";"Decrescente";"Sol";"Dupla";"Reta";"Sim";1;0;1;0;0;0;1;1;-23,61638805;-46,77984416;"SPRF-SP";"DEL04-SP";"UOP01-DEL04-SP"
184733;2019-01-12;"sábado";"07:50:00";"PR";376;639,9;"TIJUCAS DO SUL";"Condutor Dormindo";"Saída de leito carroçável";"Com Vítimas Feridas";"Pleno dia";"Decrescente";"Céu Claro";"Dupla";"Reta";"Não";2;0;0;2;0;0;2;1;-25,75183085;-49,12759781;"SPRF-PR";"DEL01-PR";"DEL7/1-UOP08/PR"
184734;2019-01-12;"sábado";"08:00:00";"PA";230;117,1;"MARABA";"Falta de Atenção à Condução";"Colisão traseira";"Com Vítimas Feridas";"Pleno dia";"Decrescente";"Céu Claro";"Dupla";"Reta";"Sim";2;0;1;0;0;1;1;2;-5,35537519;-49,09151858;"SPRF-PA";"DEL03-PA";"UOP01-DEL03-PA"
184736;2019-01-12;"sábado";"03:00:00";"PR";0;0;"FAZENDA RIO GRANDE";"Falta de Atenção à Condução";"Capotamento";"Sem Vítimas";"Plena Noite";"Não Informado";"Chuva";"Simples";"Reta";"Não";1;0;0;0;1;0;0;1;-25,71329112;-49,31824197;"SPRF-PR";"DEL01-PR";"UOP03-DEL01-PR"
184738;2019-01-12;"sábado";"10:30:00";"PR";376;448,9;"TIBAGI";"Condutor Dormindo";"Saída de leito carroçável";"Com Vítimas Feridas";"Pleno dia";"Decrescente";"Céu Claro";"Dupla";"Curva";"Não";2;0;1;0;1;0;1;1;-24,87731762;-50,44162642;"SPRF-PR";"DEL03-PR";"UOP02-DEL03-PR"
184740;2019-01-12;"sábado";"09:50:00";"PI";316;19,8;"TERESINA";"Não guardar distância de segurança";"Colisão transversal";"Com Vítimas Feridas";"Pleno dia";"Crescente";"Nublado";"Simples";"Reta";"Não";3;0;3;0;0;0;3;2;-5,25780286;-42,7291131;"SPRF-PI";"DEL01-PI";"UOP02-DEL01-PI"
184741;2019-01-12;"sábado";"10:25:00";"SE";235;9;"NOSSA SENHORA DO SOCORRO";"Ultrapassagem Indevida";"Colisão frontal";"Com Vítimas Fatais";"Pleno dia";"Crescente";"Céu Claro";"Simples";"Reta";"Não";5;1;2;1;1;0;3;3;-10,883585;-37,13908;"SPRF-SE";"DEL01-SE";"UOP01-DEL01-SE"
184742;2019-01-12;"sábado";"11:45:00";"RJ";101;504,6;"ANGRA DOS REIS";"Não guardar distância de segurança";"Colisão transversal";"Com Vítimas Feridas";"Pleno dia";"Decrescente";"Céu Claro";"Simples";"Reta";"Sim";3;0;3;0;0;0;3;2;-22,93539848;-44,39602202;"SPRF-RJ";"DEL03-RJ";"UOP02-DEL03-RJ"
184743;2019-01-12;"sábado";"08:45:00";"MG";116;511,4;"UBAPORANGA";"Velocidade Incompatível";"Colisão traseira";"Com Vítimas Feridas";"Pleno dia";"Crescente";"Céu Claro";"Simples";"Reta";"Não";3;0;1;0;2;0;1;2;-19,64276436;-42,10619152;"SPRF-MG";"DEL06-MG";"UOP02-DEL06-MG"
184744;2019-01-12;"sábado";"10:45:00";"BA";116;9,4;"VITORIA DA CONQUISTA";"Falta de Atenção à Condução";"Colisão transversal";"Com Vítimas Feridas";"Pleno dia";"Crescente";"Céu Claro";"Simples";"Reta";"Não";3;0;2;0;1;0;2;2;-14,856592;-40,878629;"SPRF-BA";"DEL08-BA";"UOP01-DEL08-BA"
184745;2019-01-12;"sábado";"10:40:00";"PB";230;66;"SOBRADO";"Velocidade Incompatível";"Capotamento";"Com Vítimas Feridas";"Pleno dia";"Crescente";"Chuva";"Dupla";"Curva";"Não";3;0;2;0;1;0;2;1;-7,1874;-35,1889;"SPRF-PB";"DEL01-PB";"UOP03-DEL01-PB"
184747;2019-01-12;"sábado";"12:30:00";"SC";101;195;"BIGUACU";"Desobediência às normas de trânsito pelo condutor";"Colisão lateral";"Com Vítimas Feridas";"Pleno dia";"Crescente";"Sol";"Múltipla";"Reta";"Sim";3;0;0;2;1;0;2;2;-27,511;-48,643;"SPRF-SC";"DEL01-SC";"UOP01-DEL01-SC"
184748;2019-01-12;"sábado";"12:30:00";"SC";101;205;"SAO JOSE";"Falta de Atenção à Condução";"Colisão com objeto estático";"Com Vítimas Feridas";"Pleno dia";"Decrescente";"Sol";"Dupla";"Reta";"Não";1;0;0;1;0;0;1;1;-27,592;-48,6181;"SPRF-SC";"DEL01-SC";"UOP01-DEL01-SC"
184749;2019-01-12;"sábado";"11:45:00";"SP";116;62,2;"GUARATINGUETA";"Falta de Atenção à Condução";"Colisão traseira";"Com Vítimas Feridas";"Pleno dia";"Crescente";"Sol";"Dupla";"Reta";"Não";4;0;2;0;2;0;2;2;-22,805473;-45,172436;"SPRF-SP";"DEL08-SP";"UOP01-DEL08-SP"
184750;2019-01-12;"sábado";"12:00:00";"MG";153;28;"CENTRALINA";"Avarias e/ou desgaste excessivo no pneu";"Saída de leito carroçável";"Com Vítimas Feridas";"Pleno dia";"Decrescente";"Céu Claro";"Dupla";"Reta";"Não";2;0;0;1;1;0;1;1;-18,6699;-49,1616;"SPRF-MG";"DEL15-MG";"UOP03-DEL15-MG"
184751;2019-01-12;"sábado";"11:20:00";"MG";262;360;"BETIM";"Falta de Atenção à Condução";"Capotamento";"Com Vítimas Feridas";"Pleno dia";"Crescente";"Céu Claro";"Dupla";"Aclive";"Não";2;0;1;0;1;0;1;1;-19,9726;-44,279;"SPRF-MG";"DEL01-MG";"UOP03-DEL01-MG"
184753;2019-01-12;"sábado";"12:05:00";"PE";232;81,9;"GRAVATA";"Desobediência às normas de trânsito pelo condutor";"Colisão transversal";"Com Vítimas Feridas";"Pleno dia";"Decrescente";"Nublado";"Múltipla";"Reta";"Sim";2;0;1;0;1;0;1;2;-8,193437;-35,551865;"SPRF-PE";"DEL01-PE";"UOP02-DEL02PE"
184755;2019-01-12;"sábado";"12:00:00";"ES";101;301;"VIANA";"Falta de Atenção à Condução";"Atropelamento de Pedestre";"Com Vítimas Feridas";"Pleno dia";"Decrescente";"Céu Claro";"Dupla";"Reta";"Sim";2;0;1;0;1;0;1;2;-20,36309518;-40,44239044;"SPRF-ES";"DEL01-ES";"UOP01-DEL01-ES"
184758;2019-01-12;"sábado";"12:15:00";"RN";101;106,5;"PARNAMIRIM";"Falta de Atenção à Condução";"Colisão traseira";"Com Vítimas Feridas";"Pleno dia";"Crescente";"Céu Claro";"Dupla";"Reta";"Sim";3;0;0;1;1;1;1;3;-5,910553;-35,261307;"SPRF-RN";"DEL01-RN";"UOP01-DEL01-RN"
184760;2019-01-12;"sábado";"09:00:00";"RN";101;84;"NATAL";"Não guardar distância de segurança";"Colisão traseira";"Com Vítimas Feridas";"Pleno dia";"Decrescente";"Céu Claro";"Dupla";"Reta";"Sim";2;0;1;0;1;0;1;2;-5,774175;-35,257801;"SPRF-RN";"DEL02-RN";"UOP01-DEL02-RN"
184761;2019-01-12;"sábado";"13:30:00";"TO";153;630,6;"ALIANCA DO TOCANTINS";"Falta de Atenção à Condução";"Engavetamento";"Com Vítimas Feridas";"Pleno dia";"Crescente";"Céu Claro";"Simples";"Aclive";"Não";11;0;1;0;10;0;1;4;-11,361217;-48,960964;"SPRF-TO";"DEL02-TO";"UOP02-DEL01-TO"
184764;2019-01-12;"sábado";"13:30:00";"MG";40;511,9;"RIBEIRAO DAS NEVES";"Falta de Atenção à Condução";"Tombamento";"Com Vítimas Feridas";"Pleno dia";"Crescente";"Céu Claro";"Dupla";"Declive;Reta";"Sim";1;0;1;0;0;0;1;1;-19,7926;-44,1112;"SPRF-MG";"DEL01-MG";"UOP03-DEL01-MG"
184768;2019-01-12;"sábado";"14:00:00";"RS";116;231,8;"ESTANCIA VELHA";"Falta de Atenção à Condução";"Colisão frontal";"Com Vítimas Fatais";"Pleno dia";"Decrescente";"Céu Claro";"Simples";"Curva";"Não";4;1;0;3;0;0;3;2;-29,627432;-51,138584;"SPRF-RS";"DEL01-RS";"UOP02-DEL01-RS"
184769;2019-01-12;"sábado";"14:24:00";"SC";470;31,2;"GASPAR";"Falta de Atenção à Condução";"Queda de ocupante de veículo";"Com Vítimas Feridas";"Pleno dia";"Decrescente";"Sol";"Simples";"Reta";"Sim";2;0;2;0;0;0;2;1;-26,897331;-48,923069;"SPRF-SC";"DEL04-SC";"UOP01-DEL04-SC"
184770;2019-01-12;"sábado";"13:00:00";"MT";174;385,8;"CONQUISTA DOESTE";"Falta de Atenção à Condução";"Saída de leito carroçável";"Com Vítimas Feridas";"Pleno dia";"Crescente";"Nublado";"Simples";"Curva";"Não";1;0;0;1;0;0;1;1;-14,502687;-59,567448;"SPRF-MT";"DEL04-MT";"UOP01-DEL04-MT"
184772;2019-01-12;"sábado";"14:00:00";"RS";290;103;"PORTO ALEGRE";"Falta de Atenção à Condução";"Colisão lateral";"Com Vítimas Feridas";"Pleno dia";"Crescente";"Céu Claro";"Dupla";"Ponte";"Sim";2;0;1;0;1;0;1;2;-29,99017;-51,265766;"SPRF-RS";"DEL01-RS";"UOP01-DEL01-RS"
184773;2019-01-12;"sábado";"14:45:00";"SP";101;28,4;"UBATUBA";"Falta de Atenção à Condução";"Colisão transversal";"Com Vítimas Feridas";"Pleno dia";"Decrescente";"Nublado";"Simples";"Curva";"Não";3;0;1;0;2;0;1;2;-23,372696;-44,952877;"SPRF-SP";"DEL06-SP";"UOP01-DEL06-SP"
184774;2019-01-12;"sábado";"13:10:00";"MG";146;511,2;"POCOS DE CALDAS";"Velocidade Incompatível";"Saída de leito carroçável";"Com Vítimas Feridas";"Pleno dia";"Crescente";"Nublado";"Simples";"Curva";"Não";2;0;0;1;0;1;1;2;-21,77618101;-46,43283606;"SPRF-MG";"DEL13-MG";"UOP01-DEL13-MG"
184775;2019-01-12;"sábado";"14:30:00";"SP";381;84;"SAO PAULO";"Pista Escorregadia";"Queda de ocupante de veículo";"Com Vítimas Feridas";"Pleno dia";"Crescente";"Nublado";"Dupla";"Reta";"Sim";1;0;1;0;0;0;1;1;-23,45130688;-46,57014468;"SPRF-SP";"DEL03-SP";"UOP01-DEL03-SP"
184778;2019-01-12;"sábado";"14:55:00";"SP";116;414;"JUQUIA";"Ingestão de Álcool";"Tombamento";"Com Vítimas Feridas";"Pleno dia";"Crescente";"Céu Claro";"Simples";"Viaduto";"Não";1;0;1;0;0;0;1;1;-24,33262488;-47,6352722;"SPRF-SP";"DEL05-SP";"UOP01-DEL05-SP"
184779;2019-01-12;"sábado";"13:00:00";"PA";10;243,7;"AURORA DO PARA";"Falta de Atenção à Condução";"Colisão traseira";"Com Vítimas Fatais";"Pleno dia";"Decrescente";"Céu Claro";"Simples";"Reta";"Não";2;1;0;0;1;0;0;2;-2,30644136;-47,5639987;"SPRF-PA";"DEL02-PA";"UOP01-DEL02-PA"
184780;2019-01-12;"sábado";"15:15:00";"PR";373;185;"PONTA GROSSA";"Falta de Atenção à Condução";"Colisão transversal";"Com Vítimas Feridas";"Pleno dia";"Crescente";"Nublado";"Simples";"Reta";"Não";3;0;1;0;2;0;1;2;-25,04703943;-50,28950963;"SPRF-PR";"DEL03-PR";"UOP01-DEL03-PR"
184781;2019-01-12;"sábado";"15:20:00";"MG";381;484,4;"BETIM";"Defeito Mecânico no Veículo";"Tombamento";"Com Vítimas Feridas";"Pleno dia";"Decrescente";"Céu Claro";"Dupla";"Reta";"Sim";2;0;2;0;0;0;2;1;-19,9557;-44,0964;"SPRF-MG";"DEL01-MG";"UOP03-DEL01-MG"
184782;2019-01-12;"sábado";"14:20:00";"RS";287;339,5;"SAO VICENTE DO SUL";"Falta de Atenção à Condução";"Colisão frontal";"Com Vítimas Feridas";"Pleno dia";"Crescente";"Nublado";"Simples";"Curva";"Não";4;0;2;0;2;0;2;2;-29,604765;-54,688496;"SPRF-RS";"DEL12-RS";"UOP02-DEL12-RS"
184783;2019-01-12;"sábado";"14:15:00";"SC";282;18;"PALHOCA";"Falta de Atenção à Condução";"Colisão lateral";"Sem Vítimas";"Pleno dia";"Decrescente";"Céu Claro";"Simples";"Reta";"Sim";2;0;0;0;2;0;0;2;-27,672798;-48,694286;"SPRF-SC";"DEL01-SC";"UOP02-DEL01-SC"
184784;2019-01-12;"sábado";"15:00:00";"RS";116;254;"SAPUCAIA DO SUL";"Avarias e/ou desgaste excessivo no pneu";"Tombamento";"Com Vítimas Feridas";"Pleno dia";"Decrescente";"Nublado";"Dupla";"Reta";"Sim";2;0;2;0;0;0;2;1;-29,826548;-51,172413;"SPRF-RS";"DEL01-RS";"UOP02-DEL01-RS"
184785;2019-01-12;"sábado";"14:45:00";"AL";104;38,5;"BRANQUINHA";"Avarias e/ou desgaste excessivo no pneu";"Colisão com objeto estático";"Com Vítimas Feridas";"Pleno dia";"Decrescente";"Chuva";"Simples";"Curva";"Não";1;0;1;0;0;0;1;1;-9,20124034;-36,03275299;"SPRF-AL";"DEL01-AL";"UOP02-DEL01-AL"