"id";"data_inversa";"dia_semana";"horario";"uf";"br";"km";"municipio";"causa_acidente";"tipo_acidente";"classificacao_acidente";"fase_dia";"sentido_via";"condicao_metereologica";"tipo_pista";"tracado_via";"uso_solo";"pessoas";"mortos";"feridos_leves";"feridos_graves";"ilesos";"ignorados";"feridos";"veiculos";"latitude";"longitude";"regional";"delegacia";"uop"
184787;2019-01-12;"sábado";"16:00:00";"RS";116;232,5;"ESTANCIA VELHA";"Desobediência às normas de trânsito pelo condutor";"Colisão transversal";"Com Vítimas Feridas";"Pleno dia";"Decrescente";"Céu Claro";"Dupla";"Reta";"Sim";3;0;0;2;1;0;2;2;-29,63275;-51,143333;"SPRF-RS";"DEL01-RS";"UOP02-DEL01-RS"
184788;2019-01-07;"segunda-feira";"13:10:00";"CE";222;10,2;"CAUCAIA";"Falta de Atenção à Condução";"Colisão transversal";"Com Vítimas Feridas";"Pleno dia";"Decrescente";"Céu Claro";"Dupla";"Reta";"Sim";2;0;2;0;0;0;2;2;-3,761872;-38,654144;"SPRF-CE";"DEL01-CE";"UOP01-DEL01-CE"
184789;2019-01-12;"sábado";"15:30:00";"AP";210;1;"MACAPA";"Falta de Atenção à Condução";"Colisão lateral";"Com Vítimas Feridas";"Pleno dia";"Crescente";"Céu Claro";"Dupla";"Reta";"Sim";3;0;2;0;0;1;2;2;0,078212;-51,070091;"SPRF-AP";"DEL01-AP";"UOP01-DEL01-AP"
184790;2019-01-12;"sábado";"07:00:00";"BA";116;610;"IRAJUBA";"Defeito Mecânico no Veículo";"Incêndio";"Sem Vítimas";"Pleno dia";"Crescente";"Céu Claro";"Simples";"Reta";"Não";1;0;0;0;0;1;0;1;-13,3268212;-40,0171262;"SPRF-BA";"DEL03-BA";"UOP01-DEL03-BA"
184791;2019-01-12;"sábado";"16:00:00";"RJ";116;293;"PORTO REAL";"Objeto estático sobre o leito carroçável";"Colisão traseira";"Sem Vítimas";"Pleno dia";"Crescente";"Céu Claro";"Dupla";"Reta";"Não";3;0;0;0;3;0;0;2;-22,449371;-44,321712;"SPRF-RJ";"DEL07-RJ";"DEL5/7-UOP03/RJ"
184792;2019-01-12;"sábado";"14:50:00";"RN";101;58;"CEARA-MIRIM";"Falta de Atenção à Condução";"Colisão transversal";"Com Vítimas Feridas";"Pleno dia";"Decrescente";"Nublado";"Simples";"Reta";"Não";3;0;3;0;0;0;3;2;-5,587615;-35,276676;"SPRF-RN";"DEL02-RN";"UOP01-DEL02-RN"
184793;2019-01-12;"sábado";"15:50:00";"PE";408;95;"SAO LOURENCO DA MATA";"Falta de Atenção à Condução";"Saída de leito carroçável";"Com Vítimas Fatais";"Pleno dia";"Decrescente";"Garoa/Chuvisco";"Dupla";"Reta";"Não";2;1;0;0;0;1;0;2;-8,014987;-35,041951;"SPRF-PE";"DEL01-PE";"UOP01-DEL01-PE"
184794;2019-01-12;"sábado";"17:10:00";"SP";381;76,3;"SAO PAULO";"Avarias e/ou desgaste excessivo no pneu";"Saída de leito carroçável";"Sem Vítimas";"Pleno dia";"Crescente";"Garoa/Chuvisco";"Múltipla";"Curva";"Não";1;0;0;0;1;0;0;1;-23,39890513;-46,57670975;"SPRF-SP";"DEL03-SP";"UOP01-DEL03-SP"
184796;2019-01-12;"sábado";"15:30:00";"SE";101;25;"MALHADA DOS BOIS";"Ingestão de Álcool";"Capotamento";"Sem Vítimas";"Pleno dia";"Crescente";"Céu Claro";"Dupla";"Reta";"Não";1;0;0;0;1;0;0;1;-10,295593;-36,883125;"SPRF-SE";"DEL02-SE";"UOP02-DEL02-SE"
184797;2019-01-12;"sábado";"17:30:00";"GO";40;4;"VALPARAISO DE GOIAS";"Falta de Atenção à Condução";"Colisão traseira";"Sem Vítimas";"Pleno dia";"Decrescente";"Chuva";"Dupla";"Reta";"Sim";2;0;0;0;2;0;0;2;-16,085241;-47,986752;"SPRF-DF";"DEL01-DF";"UOP01-DEL01-DF"
184798;2019-01-12;"sábado";"17:35:00";"MG";262;442,5;"NOVA SERRANA";"Falta de Atenção à Condução";"Colisão transversal";"Com Vítimas Feridas";"Pleno dia";"Crescente";"Céu Claro";"Dupla";"Reta";"Sim";2;0;2;0;0;0;2;2;-19,880623;-44,912323;"SPRF-MG";"DEL08-MG";"UOP03-DEL08-MG"
184799;2019-01-12;"sábado";"16:40:00";"PR";116;138;"MANDIRITUBA";"Defeito Mecânico no Veículo";"Incêndio";"Sem Vítimas";"Pleno dia";"Decrescente";"Nublado";"Dupla";"Reta";"Sim";1;0;0;0;1;0;0;1;-25,772902;-49,323254;"SPRF-PR";"DEL01-PR";"UOP03-DEL01-PR"
184800;2019-01-12;"sábado";"17:15:00";"PR";369;108,9;"URAI";"Agressão Externa";"Tombamento";"Com Vítimas Feridas";"Pleno dia";"Decrescente";"Sol";"Simples";"Aclive;Reta";"Não";2;0;2;0;0;0;2;1;-23,26645257;-50,79674721;"SPRF-PR";"DEL07-PR";"UOP05-DEL07-PR"
184801;2019-01-12;"sábado";"14:50:00";"PE";232;46,1;"VITORIA DE SANTO ANTAO";"Pista Escorregadia";"Saída de leito carroçável";"Com Vítimas Feridas";"Pleno dia";"Decrescente";"Chuva";"Dupla";"Reta";"Sim";1;0;1;0;0;0;1;1;-8,128181;-35,281677;"SPRF-PE";"DEL01-PE";"UOP02-DEL02PE"
184802;2019-01-12;"sábado";"14:00:00";"MA";222;285,6;"SANTA INES";"Falta de Atenção à Condução";"Colisão transversal";"Com Vítimas Feridas";"Pleno dia";"Crescente";"Céu Claro";"Simples";"Reta";"Sim";3;0;0;1;2;0;1;2;-3,85087636;-45,52618544;"SPRF-MA";"DEL02-MA";"UI04-DEL02-MA"
184804;2019-01-12;"sábado";"18:00:00";"GO";50;265;"CATALAO";"Defeito Mecânico no Veículo";"Queda de ocupante de veículo";"Com Vítimas Feridas";"Pleno dia";"Crescente";"Céu Claro";"Simples";"Interseção de Vias;Em Obras;Desvio Temporário";"Não";2;0;1;0;1;0;1;1;-18,0702;-47,8644;"SPRF-GO";"DEL06-GO";"UOP01-DEL06-GO"
184805;2019-01-12;"sábado";"18:25:00";"RS";116;242,7;"SAO LEOPOLDO";"Defeito Mecânico no Veículo";"Incêndio";"Sem Vítimas";"Pleno dia";"Crescente";"Céu Claro";"Dupla";"Reta";"Sim";1;0;0;0;1;0;0;1;-29,722971;-51,148586;"SPRF-RS";"DEL01-RS";"UOP02-DEL01-RS"
184807;2019-01-12;"sábado";"17:45:00";"PR";376;653,7;"TIJUCAS DO SUL";"Velocidade Incompatível";"Colisão traseira";"Sem Vítimas";"Pleno dia";"Decrescente";"Garoa/Chuvisco";"Dupla";"Declive;Curva";"Não";2;0;0;0;2;0;0;2;-25,8394494;-49,03884888;"SPRF-PR";"DEL01-PR";"DEL7/1-UOP08/PR"
184810;2019-01-12;"sábado";"17:35:00";"PR";476;126,2;"CURITIBA";"Falta de Atenção à Condução";"Colisão lateral";"Com Vítimas Feridas";"Pleno dia";"Decrescente";"Céu Claro";"Múltipla";"Reta";"Sim";2;0;1;0;1;0;1;2;-25,416758;-49,223446;"SPRF-PR";"DEL01-PR";"UOP07-DEL01-PR"
184811;2019-01-12;"sábado";"19:15:00";"PR";369;153,4;"LONDRINA";"Defeito na Via";"Colisão com objeto estático";"Com Vítimas Feridas";"Anoitecer";"Decrescente";"Nublado";"Dupla";"Declive;Curva;Em Obras;Viaduto";"Sim";1;0;1;0;0;0;1;1;-23,29811008;-51,19411916;"SPRF-PR";"DEL07-PR";"UOP01-DEL07-PR"
184812;2019-01-12;"sábado";"19:05:00";"PR";376;650,8;"TIJUCAS DO SUL";"Velocidade Incompatível";"Saída de leito carroçável";"Sem Vítimas";"Pleno dia";"Crescente";"Nublado";"Dupla";"Curva";"Não";1;0;0;0;1;0;0;1;-25,84640163;-49,08313751;"SPRF-PR";"DEL01-PR";"DEL7/1-UOP08/PR"
184813;2019-01-12;"sábado";"19:00:00";"ES";101;436;"MIMOSO DO SUL";"Velocidade Incompatível";"Saída de leito carroçável";"Com Vítimas Feridas";"Anoitecer";"Crescente";"Céu Claro";"Simples";"Reta";"Não";1;0;1;0;0;0;1;1;-21,05834796;-41,20083424;"SPRF-ES";"DEL03-ES";"UOP02-DEL03-ES"
184814;2019-01-12;"sábado";"19:10:00";"PR";376;650,8;"TIJUCAS DO SUL";"Velocidade Incompatível";"Saída de leito carroçável";"Com Vítimas Feridas";"Pleno dia";"Crescente";"Nublado";"Dupla";"Curva";"Não";5;0;2;2;1;0;4;3;-25,84501122;-49,07343864;"SPRF-PR";"DEL01-PR";"DEL7/1-UOP08/PR"
184815;2019-01-12;"sábado";"17:50:00";"SC";280;24,8;"ARAQUARI";"Falta de Atenção à Condução";"Queda de ocupante de veículo";"Com Vítimas Feridas";"Pleno dia";"Decrescente";"Céu Claro";"Simples";"Reta";"Não";2;0;1;0;1;0;1;2;-26,38243166;-48,72553468;"SPRF-SC";"DEL03-SC";"UOP03-DEL03-SC"
184816;2019-01-12;"sábado";"17:15:00";"RS";386;218,7;"TIO HUGO";"Velocidade Incompatível";"Colisão traseira";"Com Vítimas Feridas";"Pleno dia";"Decrescente";"Nublado";"Simples";"Reta";"Não";5;0;2;2;1;0;4;2;-28,601351;-52,606323;"SPRF-RS";"DEL04-RS";"NPF/DEL04-RS"
184817;2019-01-12;"sábado";"19:00:00";"PE";101;124;"ESCADA";"Falta de Atenção do Pedestre";"Atropelamento de Pedestre";"Com Vítimas Fatais";"Plena Noite";"Decrescente";"Céu Claro";"Dupla";"Reta";"Não";2;2;0;0;0;0;0;2;-8,364;-35,2189;"SPRF-PE";"DEL01-PE";"UOP03-DEL01-PE"
184818;2019-01-12;"sábado";"19:50:00";"RS";116;115;"SAO MARCOS";"Desobediência às normas de trânsito pelo condutor";"Colisão transversal";"Com Vítimas Feridas";"Anoitecer";"Decrescente";"Chuva";"Simples";"Rotatória";"Sim";2;0;1;0;1;0;1;2;-28,97008653;-51,07149493;"SPRF-RS";"DEL05-RS";"UOP01-DEL05-RS"
184819;2019-01-12;"sábado";"18:55:00";"BA";324;609;"SIMOES FILHO";"Defeito Mecânico no Veículo";"Queda de ocupante de veículo";"Com Vítimas Feridas";"Plena Noite";"Crescente";"Céu Claro";"Dupla";"Reta";"Não";2;0;2;0;0;0;2;1;-12,829235;-38,409416;"SPRF-BA";"DEL01-BA";"UOP01-DEL01-BA"
184820;2019-01-12;"sábado";"20:00:00";"RJ";101;183,6;"RIO DAS OSTRAS";"Ultrapassagem Indevida";"Colisão lateral";"Com Vítimas Feridas";"Plena Noite";"Crescente";"Ignorado";"Simples";"Curva";"Não";4;0;1;0;3;0;1;3;-22,426775;-42,016788;"SPRF-RJ";"DEL02-RJ";"UOP04-DEL08-RJ"
184821;2019-01-12;"sábado";"16:00:00";"RJ";465;19;"NOVA IGUACU";"Falta de Atenção à Condução";"Colisão transversal";"Com Vítimas Feridas";"Pleno dia";"Decrescente";"Céu Claro";"Simples";"Interseção de Vias";"Não";3;0;2;0;1;0;2;2;-22,839184;-43,610451;"SPRF-RJ";"DEL01-RJ";"UOP03-DEL01-RJ"
184822;2019-01-12;"sábado";"19:20:00";"PB";230;36;"SANTA RITA";"Defeito na Via";"Queda de ocupante de veículo";"Com Vítimas Feridas";"Plena Noite";"Decrescente";"Céu Claro";"Dupla";"Declive";"Sim";2;0;2;0;0;0;2;1;-7,1246;-34,9473;"SPRF-PB";"DEL01-PB";"UOP01-DEL01-PB"
184823;2019-01-12;"sábado";"20:00:00";"GO";60;61,8;"ABADIANIA";"Falta de Atenção à Condução";"Colisão traseira";"Com Vítimas Feridas";"Plena Noite";"Decrescente";"Nublado";"Dupla";"Reta";"Sim";1;0;1;0;0;0;1;1;-16,1903;-48,7114;"SPRF-GO";"DEL02-GO";"UOP01-DEL02-GO"
184827;2019-01-12;"sábado";"19:15:00";"MS";163;605;"SAO GABRIEL DO OESTE";"Defeito Mecânico no Veículo";"Queda de ocupante de veículo";"Com Vítimas Feridas";"Anoitecer";"Crescente";"Céu Claro";"Dupla";"Reta";"Não";2;0;2;0;0;0;2;1;-19,462312;-54,508304;"SPRF-MS";"DEL06-MS";"UOP02-DEL06-MS"
184828;2019-01-12;"sábado";"20:35:00";"MG";356;279,2;"EUGENOPOLIS";"Mal Súbito";"Queda de ocupante de veículo";"Com Vítimas Feridas";"Plena Noite";"Decrescente";"Céu Claro";"Simples";"Reta";"Não";2;0;2;0;0;0;2;1;-21,12718441;-42,25920266;"SPRF-MG";"DEL07-MG";"UOP02-DEL07-MG"
184829;2019-01-12;"sábado";"16:50:00";"MG";50;60;"UBERLANDIA";"Falta de Atenção à Condução";"Saída de leito carroçável";"Com Vítimas Feridas";"Pleno dia";"Crescente";"Nublado";"Dupla";"Curva";"Não";4;0;4;0;0;0;4;1;-18,819;-48,2497;"SPRF-MG";"DEL15-MG";"UOP02-DEL15-MG"
184830;2019-01-12;"sábado";"20:00:00";"SP";381;85;"SAO PAULO";"Falta de Atenção à Condução";"Colisão com objeto estático";"Sem Vítimas";"Plena Noite";"Crescente";"Nublado";"Dupla";"Reta";"Sim";3;0;0;0;0;3;0;2;-23,4556615;-46,57135953;"SPRF-SP";"DEL03-SP";"UOP01-DEL03-SP"
184831;2019-01-12;"sábado";"21:15:00";"MG";381;502;"BETIM";"Defeito na Via";"Atropelamento de Pedestre";"Com Vítimas Feridas";"Plena Noite";"Crescente";"Céu Claro";"Dupla";"Reta";"Sim";2;0;2;0;0;0;2;2;-20,0236;-44,2299;"SPRF-MG";"DEL01-MG";"UOP03-DEL01-MG"
184834;2019-01-12;"sábado";"18:00:00";"MG";381;496;"BETIM";"Desobediência às normas de trânsito pelo condutor";"Colisão traseira";"Com Vítimas Feridas";"Pleno dia";"Crescente";"Céu Claro";"Dupla";"Reta";"Não";3;0;2;0;1;0;2;2;-19,9793;-44,2002;"SPRF-MG";"DEL01-MG";"UOP03-DEL01-MG"
184836;2019-01-12;"sábado";"18:10:00";"RS";290;417,9;"SAO GABRIEL";"Ingestão de Álcool";"Colisão com objeto estático";"Sem Vítimas";"Pleno dia";"Crescente";"Nublado";"Simples";"Reta";"Sim";1;0;0;0;1;0;0;1;-30,35628643;-54,32361603;"SPRF-RS";"DEL09-RS";"UOP02-DEL09-RS"
184837;2019-01-12;"sábado";"21:20:00";"GO";158;271,2;"JATAI";"Ingestão de Álcool";"Colisão transversal";"Sem Vítimas";"Plena Noite";"Decrescente";"Céu Claro";"Simples";"Reta";"Sim";4;0;0;0;4;0;0;2;-17,89022375;-51,73767686;"SPRF-GO";"DEL05-GO";"UOP01-DEL05-GO"
184838;2019-01-12;"sábado";"20:40:00";"MG";116;137,4;"PONTO DOS VOLANTES";"Desobediência às normas de trânsito pelo condutor";"Colisão transversal";"Com Vítimas Feridas";"Plena Noite";"Crescente";"Céu Claro";"Simples";"Reta";"Sim";2;0;1;0;1;0;1;2;-16,75093181;-41,50374055;"SPRF-MG";"DEL11-MG";"UOP02-DEL11-MG"
184840;2019-01-12;"sábado";"21:00:00";"GO";60;90;"ANAPOLIS";"Ingestão de Álcool";"Colisão traseira";"Sem Vítimas";"Plena Noite";"Crescente";"Nublado";"Dupla";"Reta";"Sim";1;0;0;0;1;0;0;1;-16,3427;-48,9019;"SPRF-GO";"DEL02-GO";"UOP01-DEL02-GO"
184841;2019-01-12;"sábado";"21:00:00";"MA";10;287;"IMPERATRIZ";"Condutor Dormindo";"Saída de leito carroçável";"Com Vítimas Feridas";"Plena Noite";"Decrescente";"Céu Claro";"Simples";"Declive;Reta";"Não";1;0;1;0;0;0;1;1;-5,224538;-47,513737;"SPRF-MA";"DEL04-MA";"UOP01-DEL04-MA"
184843;2019-01-12;"sábado";"21:20:00";"BA";101;888;"CARAVELAS";"Falta de Atenção à Condução";"Saída de leito carroçável";"Com Vítimas Feridas";"Plena Noite";"Crescente";"Céu Claro";"Simples";"Curva;Aclive";"Não";1;0;1;0;0;0;1;1;-17,6221;-39,7667;"SPRF-BA";"DEL09-BA";"UOP02-DEL09-BA"
184844;2019-01-12;"sábado";"21:55:00";"RS";116;51,4;"VACARIA";"Velocidade Incompatível";"Saída de leito carroçável";"Com Vítimas Feridas";"Plena Noite";"Decrescente";"Chuva";"Simples";"Curva";"Não";1;0;1;0;0;0;1;1;-28,57772887;-51,02208495;"SPRF-RS";"DEL05-RS";"UOP03-DEL05-RS"
184845;2019-01-12;"sábado";"21:50:00";"GO";153;513,2;"APARECIDA DE GOIANIA";"Falta de Atenção à Condução";"Colisão com objeto estático";"Com Vítimas Feridas";"Plena Noite";"Crescente";"Nublado";"Dupla";"Retorno Regulamentado";"Sim";1;0;0;1;0;0;1;1;-16,8315;-49,2434;"SPRF-GO";"DEL01-GO";"UOP03-DEL01-GO"
184846;2019-01-12;"sábado";"20:50:00";"MG";356;265,9;"MURIAE";"Ingestão de Álcool";"Queda de ocupante de veículo";"Com Vítimas Feridas";"Plena Noite";"Crescente";"Céu Claro";"Simples";"Reta";"Sim";1;0;1;0;0;0;1;1;-21,125526;-42,375477;"SPRF-MG";"DEL07-MG";"UOP02-DEL07-MG"
184847;2019-01-12;"sábado";"21:50:00";"MG";40;512,4;"RIBEIRAO DAS NEVES";"Avarias e/ou desgaste excessivo no pneu";"Tombamento";"Com Vítimas Feridas";"Plena Noite";"Decrescente";"Céu Claro";"Dupla";"Declive;Reta";"Não";2;0;2;0;0;0;2;1;-19,7985;-44,1048;"SPRF-MG";"DEL01-MG";"UOP03-DEL01-MG"
184848;2019-01-12;"sábado";"22:45:00";"RS";386;342,7;"LAJEADO";"Falta de Atenção à Condução";"Colisão traseira";"Com Vítimas Feridas";"Plena Noite";"Crescente";"Nublado";"Simples";"Reta";"Sim";2;0;1;0;1;0;1;2;-29,431631;-52,011932;"SPRF-RS";"DEL04-RS";"UOP01-DEL04-RS"
184850;2019-01-12;"sábado";"22:40:00";"GO";40;8;"LUZIANIA";"Falta de Atenção à Condução";"Saída de leito carroçável";"Sem Vítimas";"Plena Noite";"Decrescente";"Céu Claro";"Dupla";"Reta";"Sim";1;0;0;0;1;0;0;1;-16,116158;-47,96761;"SPRF-DF";"DEL01-DF";"UOP01-DEL01-DF"
184851;2019-01-12;"sábado";"21:20:00";"PI";316;7,8;"TERESINA";"Ingestão de Álcool";"Colisão frontal";"Sem Vítimas";"Plena Noite";"Decrescente";"Céu Claro";"Simples";"Interseção de Vias";"Sim";2;0;0;0;2;0;0;2;-5,155847;-42,771732;"SPRF-PI";"DEL01-PI";"UOP02-DEL01-PI"
184852;2019-01-12;"sábado";"22:00:00";"MG";153;21;"CENTRALINA";"Falta de Atenção à Condução";"Queda de ocupante de veículo";"Com Vítimas Feridas";"Plena Noite";"Decrescente";"Nublado";"Dupla";"Reta";"Não";1;0;0;1;0;0;1;1;-18,6138;-49,1915;"SPRF-MG";"DEL15-MG";"UOP03-DEL15-MG"
184853;2019-01-12;"sábado";"22:00:00";"MG";153;121;"PRATA";"Falta de Atenção à Condução";"Colisão traseira";"Sem Vítimas";"Plena Noite";"Decrescente";"Nublado";"Simples";"Em Obras;Reta";"Não";1;0;0;0;1;0;0;1;-19,44263688;-48,88881683;"SPRF-MG";"DEL15-MG";"UOP03-DEL15-MG"
184855;2019-01-12;"sábado";"22:00:00";"MS";267;479,5;"JARDIM";"Falta de Atenção à Condução";"Queda de ocupante de veículo";"Com Vítimas Feridas";"Plena Noite";"Decrescente";"Céu Claro";"Simples";"Reta";"Sim";1;0;1;0;0;0;1;1;-21,46999403;-56,1324371;"SPRF-MS";"DEL05-MS";"UOP01-DEL05-MS"
184856;2019-01-12;"sábado";"22:40:00";"PA";163;999;"SANTAREM";"Falta de Atenção à Condução";"Colisão traseira";"Com Vítimas Feridas";"Plena Noite";"Decrescente";"Céu Claro";"Simples";"Reta";"Não";2;0;0;1;1;0;1;2;-2,4832093;-54,73141238;"SPRF-PA";"DEL05-PA";"UOP01-DEL05-PA"
184857;2019-01-12;"sábado";"21:00:00";"PI";230;307;"FLORIANO";"Velocidade Incompatível";"Colisão transversal";"Com Vítimas Feridas";"Plena Noite";"Crescente";"Céu Claro";"Simples";"Curva";"Sim";2;0;1;0;1;0;1;2;-6,78706545;-42,99309611;"SPRF-PI";"DEL03-PI";"UOP01-DEL03-PI"
184858;2019-01-12;"sábado";"21:50:00";"RJ";116;174;"NOVA IGUACU";"Falta de Atenção à Condução";"Colisão lateral";"Com Vítimas Feridas";"Plena Noite";"Crescente";"Nublado";"Múltipla";"Reta";"Sim";5;0;0;1;2;2;1;3;-22,76843897;-43,41014052;"SPRF-RJ";"DEL01-RJ";"UOP02-DEL01-RJ"
184861;2019-01-12;"sábado";"17:45:00";"MG";262;435;"NOVA SERRANA";"Defeito Mecânico no Veículo";"Queda de ocupante de veículo";"Com Vítimas Feridas";"Pleno dia";"Decrescente";"Céu Claro";"Dupla";"Reta";"Sim";2;0;1;1;0;0;2;1;-19,8799;-44,9153;"SPRF-MG";"DEL08-MG";"UOP03-DEL08-MG"
184862;2019-01-12;"sábado";"21:40:00";"RJ";101;491,8;"ANGRA DOS REIS";"Desobediência às normas de trânsito pelo condutor";"Colisão frontal";"Com Vítimas Feridas";"Plena Noite";"Decrescente";"Céu Claro";"Simples";"Curva;Aclive";"Não";2;0;0;2;0;0;2;2;-22,94244275;-44,3254298;"SPRF-RJ";"DEL03-RJ";"UOP03-DEL03-RJ"
184865;2019-01-13;"domingo";"00:15:00";"GO";60;136,5;"GOIANIA";"Falta de Atenção à Condução";"Saída de leito carroçável";"Com Vítimas Feridas";"Plena Noite";"Crescente";"Nublado";"Simples";"Reta";"Sim";3;0;3;0;0;0;3;1;-16,5959;-49,1965;"SPRF-GO";"DEL01-GO";"UOP01-DEL01-GO"
184866;2019-01-13;"domingo";"23:20:00";"PB";230;3,5;"CABEDELO";"Velocidade Incompatível";"Saída de leito carroçável";"Com Vítimas Feridas";"Plena Noite";"Decrescente";"Céu Claro";"Dupla";"Reta";"Sim";1;0;0;1;0;0;1;1;-7,00048483;-34,82833385;"SPRF-PB";"DEL01-PB";"UOP01-DEL01-PB"
184867;2019-01-13;"domingo";"01:00:00";"GO";20;180;"ALVORADA DO NORTE";"Ultrapassagem Indevida";"Colisão frontal";"Com Vítimas Feridas";"Plena Noite";"Decrescente";"Céu Claro";"Simples";"Retorno Regulamentado;Reta";"Sim";2;0;1;0;1;0;1;2;-14,477743;-46,492165;"SPRF-DF";"DEL02-DF";"UOP03-DEL02-DF"
184868;2019-01-13;"domingo";"01:30:00";"PR";116;15,1;"COLOMBO";"Desobediência às normas de trânsito pelo pedestre";"Atropelamento de Pedestre";"Com Vítimas Fatais";"Plena Noite";"Decrescente";"Céu Claro";"Dupla";"Reta";"Sim";2;1;0;1;0;0;1;2;-25,3840895;-49,16944563;"SPRF-PR";"DEL01-PR";"UOP02-DEL01-PR"
184869;2019-01-13;"domingo";"00:05:00";"ES";101;18;"PEDRO CANARIO";"Falta de Atenção à Condução";"Queda de ocupante de veículo";"Com Vítimas Feridas";"Plena Noite";"Decrescente";"Céu Claro";"Simples";"Curva";"Não";1;0;1;0;0;0;1;1;-18,313208;-39,953465;"SPRF-ES";"DEL04-ES";"UOP02-DEL04-ES"
184870;2019-01-12;"sábado";"19:00:00";"MA";316;551,1;"CAXIAS";"Falta de Atenção do Pedestre";"Atropelamento de Pedestre";"Com Vítimas Feridas";"Plena Noite";"Crescente";"Céu Claro";"Simples";"Reta";"Não";2;0;1;1;0;0;2;2;-4,886332;-43,353386;"SPRF-MA";"DEL03-MA";"UOP02-DEL03-MA"
184871;2019-01-13;"domingo";"00:50:00";"SP";153;61,9;"SAO JOSE DO RIO PRETO";"Ingestão de Álcool";"Saída de leito carroçável";"Sem Vítimas";"Plena Noite";"Decrescente";"Nublado";"Dupla";"Declive;Reta";"Sim";1;0;0;0;1;0;0;1;-20,805029;-49,355747;"SPRF-SP";"DEL09-SP";"UOP01-DEL09-SP"
184872;2019-01-13;"domingo";"01:15:00";"PR";277;102;"CURITIBA";"Ingestão de Álcool";"Saída de leito carroçável";"Sem Vítimas";"Plena Noite";"Decrescente";"Céu Claro";"Dupla";"Reta";"Sim";1;0;0;0;1;0;0;1;-25,42745045;-49,38664824;"SPRF-PR";"DEL01-PR";"UOP06-DEL01-PR"
184874;2019-01-13;"domingo";"02:50:00";"MG";50;162,6;"UBERABA";"Condutor Dormindo";"Saída de leito carroçável";"Com Vítimas Feridas";"Plena Noite";"Crescente";"Céu Claro";"Dupla";"Curva";"Não";1;0;1;0;0;0;1;1;-19,6762;-47,996;"SPRF-MG";"DEL13-MG";"UOP01-DEL13-MG"
184875;2019-01-13;"domingo";"02:45:00";"PR";476;345,1;"PAULA FREITAS";"Desobediência às normas de trânsito pelo condutor";"Colisão frontal";"Com Vítimas Fatais";"Plena Noite";"Decrescente";"Garoa/Chuvisco";"Simples";"Curva";"Não";2;1;1;0;0;0;1;2;-26,18162922;-50,93639374;"SPRF-PR";"DEL02-PR";"UOP03-DEL02-PR"
184876;2019-01-13;"domingo";"02:00:00";"PE";101;47,6;"ABREU E LIMA";"Velocidade Incompatível";"Saída de leito carroçável";"Com Vítimas Feridas";"Plena Noite";"Crescente";"Chuva";"Dupla";"Curva";"Sim";1;0;1;0;0;0;1;1;-7,8893;-34,9037;"SPRF-PE";"DEL01-PE";"UOP02-DEL01-PE"
184879;2019-01-13;"domingo";"03:15:00";"SP";116;222,7;"GUARULHOS";"Falta de Atenção à Condução";"Colisão com objeto estático";"Com Vítimas Feridas";"Plena Noite";"Decrescente";"Céu Claro";"Múltipla";"Reta";"Sim";2;0;2;0;0;0;2;1;-23,4801927;-46,53190613;"SPRF-SP";"DEL01-SP";"UOP01-DEL01-SP"
184881;2019-01-13;"domingo";"03:10:00";"MG";381;875;"ESTIVA";"Falta de Atenção à Condução";"Colisão lateral";"Sem Vítimas";"Plena Noite";"Crescente";"Céu Claro";"Dupla";"Curva";"Não";4;0;0;0;3;1;0;2;-22,4348;-45,9801;"SPRF-MG";"DEL16-MG";"UOP01-DEL16-MG"
184882;2019-01-13;"domingo";"02:00:00";"TO";153;335;"GUARAI";"Ingestão de Álcool";"Colisão com objeto estático";"Com Vítimas Feridas";"Plena Noite";"Crescente";"Céu Claro";"Dupla";"Reta";"Sim";2;0;2;0;0;0;2;1;-8,844914;-48,510712;"SPRF-TO";"DEL02-TO";"UOP02-DEL02-TO"
184884;2019-01-13;"domingo";"04:30:00";"SP";153;61;"SAO JOSE DO RIO PRETO";"Condutor Dormindo";"Saída de leito carroçável";"Com Vítimas Feridas";"Plena Noite";"Decrescente";"Céu Claro";"Dupla";"Reta";"Sim";1;0;0;1;0;0;1;1;-20,79628;-49,354801;"SPRF-SP";"DEL09-SP";"UOP01-DEL09-SP"
184885;2019-01-13;"domingo";"03:30:00";"PI";402;35,5;"PARNAIBA";"Condutor Dormindo";"Saída de leito carroçável";"Com Vítimas Fatais";"Plena Noite";"Crescente";"Nublado";"Simples";"Rotatória";"Sim";2;1;0;1;0;0;1;1;-2,94955542;-41,73088074;"SPRF-PI";"DEL05-PI";"UOP01-DEL05-PI"
184886;2019-01-13;"domingo";"04:15:00";"SP";153;334,3;"OURINHOS";"Ingestão de Álcool";"Saída de leito carroçável";"Com Vítimas Feridas";"Plena Noite";"Crescente";"Chuva";"Simples";"Reta";"Não";1;0;1;0;0;0;1;1;-22,90025658;-49,88930225;"SPRF-SP";"DEL07-SP";"UOP03-DEL07-SP"
184888;2019-01-13;"domingo";"05:50:00";"MG";381;493,1;"BETIM";"Falta de Atenção à Condução";"Colisão traseira";"Com Vítimas Feridas";"Amanhecer";"Decrescente";"Céu Claro";"Dupla";"Reta";"Sim";2;0;1;0;1;0;1;2;-19,966;-44,1775;"SPRF-MG";"DEL01-MG";"UOP03-DEL01-MG"