"id";"data_inversa";"dia_semana";"horario";"uf";"br";"km";"municipio";"causa_acidente";"tipo_acidente";"classificacao_acidente";"fase_dia";"sentido_via";"condicao_metereologica";"tipo_pista";"tracado_via";"uso_solo";"pessoas";"mortos";"feridos_leves";"feridos_graves";"ilesos";"ignorados";"feridos";"veiculos";"latitude";"longitude";"regional";"delegacia";"uop"
184889;2019-01-13;"domingo";"04:40:00";"SE";101;185,9;"UMBAUBA";"Desobediência às normas de trânsito pelo condutor";"Colisão frontal";"Com Vítimas Feridas";"Amanhecer";"Crescente";"Céu Claro";"Simples";"Interseção de Vias";"Não";5;0;4;0;0;1;4;2;-11,3979;-37,6805;"SPRF-SE";"DEL02-SE";"UOP03-DEL02-SE"
184890;2019-01-13;"domingo";"03:30:00";"RR";174;633,8;"AMAJARI";"Animais na Pista";"Atropelamento de Animal";"Com Vítimas Fatais";"Plena Noite";"Crescente";"Céu Claro";"Simples";"Reta";"Não";6;1;4;0;1;0;4;1;3,879215;-61,001606;"SPRF-RR";"DEL01-RR";"UOP01-DEL01-RR"
184891;2019-01-13;"domingo";"05:00:00";"MG";459;102,5;"POUSO ALEGRE";"Ingestão de Álcool";"Saída de leito carroçável";"Com Vítimas Feridas";"Amanhecer";"Decrescente";"Nublado";"Dupla";"Retorno Regulamentado";"Sim";1;0;1;0;0;0;1;1;-22,211775;-45,924671;"SPRF-MG";"DEL16-MG";"UOP01-DEL16-MG"
184895;2019-01-13;"domingo";"05:35:00";"RJ";40;54;"PETROPOLIS";"Ingestão de Álcool";"Colisão lateral";"Com Vítimas Feridas";"Plena Noite";"Decrescente";"Céu Claro";"Dupla";"Curva";"Não";3;0;1;0;2;0;1;2;-22,34627623;-43,12453877;"SPRF-RJ";"DEL06-RJ";"UOP01-DEL06-RJ"
184897;2019-01-13;"domingo";"06:54:00";"PR";376;187;"MARIALVA";"Falta de Atenção à Condução";"Colisão traseira";"Com Vítimas Feridas";"Pleno dia";"Crescente";"Céu Claro";"Dupla";"Reta";"Não";4;0;1;0;2;1;1;2;-23,471231;-51,819515;"SPRF-PR";"DEL07-PR";"UOP01-DEL09-PR"
184898;2019-01-13;"domingo";"07:09:00";"GO";70;1;"AGUAS LINDAS DE GOIAS";"Falta de Atenção à Condução";"";"Com Vítimas Feridas";"Pleno dia";"Crescente";"Céu Claro";"Dupla";"Reta";"Não";2;0;1;0;0;1;1;2;-15,7481;-48,2635;"SPRF-DF";"DEL01-DF";"UOP02-DEL03-DF"
184899;2019-01-13;"domingo";"01:00:00";"PA";163;1002;"SANTAREM";"Ingestão de Álcool";"Colisão transversal";"Com Vítimas Feridas";"Pleno dia";"Decrescente";"Nublado";"Simples";"Reta";"Sim";5;0;1;1;3;0;2;3;-2,45096164;-54,7296534;"SPRF-PA";"DEL05-PA";"UOP01-DEL05-PA"
184903;2019-01-12;"sábado";"19:30:00";"AP";210;104;"PORTO GRANDE";"Ingestão de Álcool";"Colisão com objeto em movimento";"Com Vítimas Feridas";"Plena Noite";"Crescente";"Garoa/Chuvisco";"Simples";"Reta";"Sim";2;0;2;0;0;0;2;2;0,69967438;-51,40090942;"SPRF-AP";"DEL01-AP";"UOP01-DEL01-AP"
184904;2019-01-13;"domingo";"06:40:00";"RJ";101;275,9;"ITABORAI";"Falta de Atenção à Condução";"Tombamento";"Com Vítimas Feridas";"Pleno dia";"Decrescente";"Céu Claro";"Dupla";"Reta";"Não";2;0;2;0;0;0;2;1;-22,73654;-42,72913;"SPRF-RJ";"DEL02-RJ";"UOP03-DEL02-RJ"
184905;2019-01-13;"domingo";"06:25:00";"PR";116;147;"MANDIRITUBA";"Condutor Dormindo";"Saída de leito carroçável";"Com Vítimas Feridas";"Pleno dia";"Decrescente";"Nublado";"Simples";"Curva";"Não";2;0;1;0;0;1;1;1;-25,781727;-49,325352;"SPRF-PR";"DEL01-PR";"UOP03-DEL01-PR"
184907;2019-01-13;"domingo";"06:40:00";"BA";101;516,8;"ITABUNA";"Condutor Dormindo";"Colisão traseira";"Com Vítimas Feridas";"Pleno dia";"Crescente";"Céu Claro";"Simples";"Reta";"Não";4;0;0;2;2;0;2;2;-14,8851;-39,2832;"SPRF-BA";"DEL05-BA";"UOP01-DEL05-BA"
184908;2019-01-13;"domingo";"07:00:00";"RJ";116;311,1;"ITATIAIA";"Falta de Atenção à Condução";"Queda de ocupante de veículo";"Com Vítimas Feridas";"Amanhecer";"Crescente";"Céu Claro";"Simples";"Rotatória";"Não";1;0;1;0;0;0;1;1;-22,460867;-44,442963;"SPRF-RJ";"DEL07-RJ";"DEL5/7-UOP03/RJ"
184909;2019-01-13;"domingo";"07:50:00";"RS";290;566;"ALEGRETE";"Defeito na Via";"Saída de leito carroçável";"Com Vítimas Feridas";"Pleno dia";"Decrescente";"Nublado";"Simples";"Aclive";"Não";1;0;1;0;0;0;1;1;-29,854132;-55,645527;"SPRF-RS";"DEL13-RS";"UOP02-DEL13-RS"
184912;2019-01-13;"domingo";"07:30:00";"RS";287;408,8;"SANTIAGO";"Condutor Dormindo";"Saída de leito carroçável";"Com Vítimas Fatais";"Amanhecer";"Decrescente";"Nublado";"Simples";"Interseção de Vias";"Não";3;1;2;0;0;0;2;1;-29,09710831;-54,92159843;"SPRF-RS";"DEL12-RS";"UOP02-DEL12-RS"
184913;2019-01-13;"domingo";"07:20:00";"MG";365;624;"UBERLANDIA";"Defeito Mecânico no Veículo";"Colisão com objeto estático";"Sem Vítimas";"Pleno dia";"Crescente";"Céu Claro";"Dupla";"Reta";"Sim";1;0;0;0;1;0;0;1;-18,903;-48,2787;"SPRF-MG";"DEL15-MG";"UOP01-DEL15-MG"
184914;2019-01-13;"domingo";"08:00:00";"MG";381;693,3;"LAVRAS";"Falta de Atenção à Condução";"Colisão traseira";"Com Vítimas Feridas";"Pleno dia";"Crescente";"Céu Claro";"Dupla";"Reta";"Não";2;0;0;1;1;0;1;2;-21,2338;-45,1347;"SPRF-MG";"DEL04-MG";"UOP02-DEL04-MG"
184915;2019-01-13;"domingo";"08:58:00";"MG";381;643;"SANTO ANTONIO DO AMPARO";"Falta de Atenção à Condução";"Saída de leito carroçável";"Com Vítimas Feridas";"Pleno dia";"Crescente";"Céu Claro";"Dupla";"Reta";"Não";4;0;1;0;3;0;1;1;-20,9278;-44,8738;"SPRF-MG";"DEL04-MG";"UOP01-DEL04-MG"
184916;2019-01-13;"domingo";"09:30:00";"PR";369;177;"ROLANDIA";"Pista Escorregadia";"Queda de ocupante de veículo";"Com Vítimas Feridas";"Pleno dia";"Decrescente";"Céu Claro";"Simples";"Curva";"Sim";1;0;1;0;0;0;1;1;-23,34959981;-51,38548672;"SPRF-PR";"DEL07-PR";"UOP01-DEL07-PR"
184917;2019-01-13;"domingo";"09:40:00";"PR";277;27;"MORRETES";"Defeito Mecânico no Veículo";"Saída de leito carroçável";"Com Vítimas Feridas";"Pleno dia";"Crescente";"Céu Claro";"Dupla";"Reta";"Não";2;0;2;0;0;0;2;1;-25,5373447;-48,76733959;"SPRF-PR";"DEL01-PR";"UOP05-DEL01-PR"
184920;2019-01-13;"domingo";"07:10:00";"RO";364;219,3;"PIMENTA BUENO";"Condutor Dormindo";"Saída de leito carroçável";"Sem Vítimas";"Pleno dia";"Crescente";"Garoa/Chuvisco";"Simples";"Curva";"Não";1;0;0;0;0;1;0;1;-11,53737;-61,31472;"SPRF-RO";"DEL02-RO";"UOP02-DEL02-RO"
184921;2019-01-13;"domingo";"08:55:00";"PE";104;12;"TAQUARITINGA DO NORTE";"Falta de Atenção à Condução";"Colisão transversal";"Com Vítimas Feridas";"Pleno dia";"Crescente";"Céu Claro";"Simples";"Interseção de Vias";"Não";3;0;1;1;1;0;2;2;-7,888657;-36,110435;"SPRF-PE";"DEL02-PE";"UOP01-DEL02-PE"
184922;2019-01-13;"domingo";"09:00:00";"RJ";40;84;"DUQUE DE CAXIAS";"Defeito na Via";"Queda de ocupante de veículo";"Com Vítimas Feridas";"Pleno dia";"Crescente";"Céu Claro";"Simples";"Curva";"Não";2;0;1;0;1;0;1;1;-22,5511;-43,2257;"SPRF-RJ";"DEL06-RJ";"UOP01-DEL06-RJ"
184924;2019-01-13;"domingo";"09:55:00";"PR";376;648,9;"TIJUCAS DO SUL";"Falta de Atenção à Condução";"Saída de leito carroçável";"Sem Vítimas";"Pleno dia";"Crescente";"Céu Claro";"Dupla";"Curva";"Não";2;0;0;0;2;0;0;1;-25,84624714;-49,09481049;"SPRF-PR";"DEL01-PR";"DEL7/1-UOP08/PR"
184926;2019-01-13;"domingo";"07:00:00";"GO";60;444;"JATAI";"Condutor Dormindo";"Saída de leito carroçável";"Sem Vítimas";"Pleno dia";"Decrescente";"Céu Claro";"Dupla";"Reta";"Não";1;0;0;0;0;1;0;1;-17,8449;-51,4691;"SPRF-GO";"DEL05-GO";"UOP01-DEL05-GO"
184927;2019-01-13;"domingo";"09:46:00";"MG";40;551;"NOVA LIMA";"Falta de Atenção à Condução";"Colisão lateral";"Com Vítimas Feridas";"Pleno dia";"Decrescente";"Céu Claro";"Dupla";"Curva";"Não";3;0;2;0;1;0;2;2;-20,05077113;-43,96625519;"SPRF-MG";"DEL01-MG";"UOP02-DEL01-MG"
184928;2019-01-13;"domingo";"08:20:00";"PB";230;21,9;"JOAO PESSOA";"Falta de Atenção à Condução";"Colisão traseira";"Com Vítimas Feridas";"Pleno dia";"Decrescente";"Céu Claro";"Dupla";"Reta";"Sim";4;0;4;0;0;0;4;2;-7,1415;-34,8519;"SPRF-PB";"DEL01-PB";"UOP01-DEL01-PB"
184929;2019-01-01;"terça-feira";"09:12:00";"MS";163;462,2;"CAMPO GRANDE";"Falta de Atenção à Condução";"Queda de ocupante de veículo";"Com Vítimas Feridas";"Pleno dia";"Decrescente";"Ignorado";"Simples";"Reta";"Não";2;0;2;0;0;0;2;1;-20,618297;-54,574265;"SPRF-MS";"DEL01-MS";"UOP01-DEL01-MS"
184930;2019-01-13;"domingo";"08:00:00";"RJ";101;395;"RIO DE JANEIRO";"Não guardar distância de segurança";"Engavetamento";"Com Vítimas Feridas";"Pleno dia";"Crescente";"Sol";"Dupla";"Reta";"Não";5;0;1;0;4;0;1;4;-22,882349;-43,722134;"SPRF-RJ";"DEL03-RJ";"UOP01-DEL03-RJ"
184931;2019-01-13;"domingo";"11:15:00";"RS";116;152,7;"CAXIAS DO SUL";"Falta de Atenção à Condução";"Colisão traseira";"Com Vítimas Feridas";"Pleno dia";"Decrescente";"Céu Claro";"Simples";"Reta";"Sim";7;0;4;0;3;0;4;3;-29,182934;-51,168015;"SPRF-RS";"DEL05-RS";"UOP01-DEL05-RS"
184932;2019-01-13;"domingo";"11:05:00";"GO";153;498,3;"GOIANIA";"Defeito Mecânico no Veículo";"Queda de ocupante de veículo";"Com Vítimas Feridas";"Pleno dia";"Crescente";"Nublado";"Dupla";"Reta";"Sim";2;0;2;0;0;0;2;1;-16,691286;-49,23259;"SPRF-GO";"DEL01-GO";"UOP01-DEL01-GO"
184935;2019-01-13;"domingo";"05:30:00";"RJ";393;104;"SAPUCAIA";"Falta de Atenção à Condução";"Colisão traseira";"Com Vítimas Feridas";"Amanhecer";"Decrescente";"Céu Claro";"Simples";"Reta";"Sim";2;0;1;0;1;0;1;2;-21,874243;-42,66758;"SPRF-RJ";"DEL06-RJ";"UOP01-DEL05-RJ"
184937;2019-01-13;"domingo";"11:35:00";"AL";316;252;"PILAR";"Falta de Atenção à Condução";"Colisão lateral";"Com Vítimas Feridas";"Pleno dia";"Decrescente";"Nublado";"Simples";"Reta";"Não";4;0;0;2;2;0;2;2;-9,57134;-35,966396;"SPRF-AL";"DEL01-AL";"UOP01-DEL01-AL"
184938;2019-01-13;"domingo";"11:10:00";"RS";158;345,4;"SANTA MARIA";"Ingestão de Álcool";"Saída de leito carroçável";"Com Vítimas Feridas";"Pleno dia";"Crescente";"Sol";"Simples";"Reta";"Não";1;0;1;0;0;0;1;1;-29,751429;-53,968925;"SPRF-RS";"DEL09-RS";"UOP01-DEL09-RS"
184939;2019-01-13;"domingo";"13:08:00";"RJ";116;144;"DUQUE DE CAXIAS";"Defeito Mecânico no Veículo";"Incêndio";"Sem Vítimas";"Pleno dia";"Decrescente";"Céu Claro";"Simples";"Curva";"Sim";1;0;0;0;1;0;0;1;-22,67262983;-43,28440547;"SPRF-RJ";"DEL04-RJ";"UOP02-DEL04-RJ"
184940;2019-01-13;"domingo";"07:00:00";"SE";101;81,9;"LARANJEIRAS";"Velocidade Incompatível";"Saída de leito carroçável";"Sem Vítimas";"Amanhecer";"Decrescente";"Céu Claro";"Dupla";"Viaduto";"Sim";1;0;0;0;0;1;0;1;-10,8207;-37,1389;"SPRF-SE";"DEL01-SE";"UOP01-DEL01-SE"
184941;2019-01-13;"domingo";"12:40:00";"PE";428;189;"PETROLINA";"Velocidade Incompatível";"Saída de leito carroçável";"Sem Vítimas";"Pleno dia";"Crescente";"Sol";"Múltipla";"Reta";"Sim";1;0;0;0;1;0;0;1;-9,372067;-40,486843;"SPRF-PE";"DEL06-PE";"UOP01-DEL06-PE"
184943;2019-01-13;"domingo";"13:30:00";"MG";40;636,7;"CONSELHEIRO LAFAIETE";"Defeito Mecânico no Veículo";"Queda de ocupante de veículo";"Com Vítimas Feridas";"Pleno dia";"Crescente";"Céu Claro";"Simples";"Reta";"Não";3;0;0;2;0;1;2;2;-20,7215;-43,7994;"SPRF-MG";"DEL05-MG";"UOP02-DEL05-MG"
184944;2019-01-13;"domingo";"05:00:00";"AP";210;27;"MACAPA";"Condutor Dormindo";"Saída de leito carroçável";"Com Vítimas Feridas";"Amanhecer";"Decrescente";"Ignorado";"Simples";"Reta";"Não";1;0;1;0;0;0;1;1;0,251138;-51,0891;"SPRF-AP";"DEL01-AP";"UOP01-DEL01-AP"
184946;2019-01-13;"domingo";"14:00:00";"RS";158;329,2;"SANTA MARIA";"Falta de Atenção à Condução";"Colisão lateral";"Com Vítimas Feridas";"Pleno dia";"Decrescente";"Nublado";"Simples";"Reta;Ponte";"Sim";6;0;2;0;4;0;2;3;-29,70652;-53,828564;"SPRF-RS";"DEL09-RS";"UOP01-DEL09-RS"
184947;2019-01-13;"domingo";"13:40:00";"RJ";101;417;"MANGARATIBA";"Falta de Atenção do Pedestre";"Atropelamento de Pedestre";"Com Vítimas Feridas";"Pleno dia";"Crescente";"Sol";"Simples";"Curva";"Sim";2;0;0;1;1;0;1;2;-22,912937;-43,897324;"SPRF-RJ";"DEL03-RJ";"UOP01-DEL03-RJ"
184948;2019-01-13;"domingo";"14:45:00";"SP";101;47,8;"UBATUBA";"Falta de Atenção à Condução";"Colisão lateral";"Com Vítimas Feridas";"Pleno dia";"Crescente";"Céu Claro";"Simples";"Reta";"Sim";3;0;1;0;2;0;1;2;-23,43725177;-45,08771896;"SPRF-SP";"DEL06-SP";"UOP01-DEL06-SP"
184950;2019-01-13;"domingo";"14:45:00";"GO";70;8;"AGUAS LINDAS DE GOIAS";"Desobediência às normas de trânsito pelo condutor";"Saída de leito carroçável";"Com Vítimas Fatais";"Pleno dia";"Crescente";"Céu Claro";"Simples";"Reta";"Sim";2;1;0;1;0;0;1;1;-15,7375;-48,2739;"SPRF-DF";"DEL01-DF";"UOP02-DEL03-DF"
184951;2019-01-13;"domingo";"14:30:00";"RJ";101;425;"MANGARATIBA";"Ingestão de Álcool";"Colisão traseira";"Com Vítimas Feridas";"Pleno dia";"Decrescente";"Sol";"Simples";"Reta";"Não";5;0;2;0;3;0;2;3;-22,926231;-43,963329;"SPRF-RJ";"DEL03-RJ";"UOP01-DEL03-RJ"
184954;2019-01-13;"domingo";"15:00:00";"DF";60;3;"BRASILIA";"Desobediência às normas de trânsito pelo condutor";"Colisão lateral";"Com Vítimas Feridas";"Pleno dia";"Decrescente";"Céu Claro";"Simples";"Reta";"Sim";2;0;1;0;1;0;1;2;-15,890521;-48,086864;"SPRF-DF";"DEL01-DF";"UOP01-DEL03-DF"
184955;2019-01-13;"domingo";"15:10:00";"RS";116;221,8;"DOIS IRMAOS";"Desobediência às normas de trânsito pelo condutor";"Colisão transversal";"Com Vítimas Feridas";"Pleno dia";"Crescente";"Sol";"Dupla";"Aclive";"Sim";2;0;1;0;1;0;1;2;-29,572474;-51,096249;"SPRF-RS";"DEL05-RS";"UOP02-DEL05-RS"
184956;2019-01-13;"domingo";"07:25:00";"AL";316;252,5;"PILAR";"Ingestão de Álcool";"Colisão lateral";"Com Vítimas Feridas";"Pleno dia";"Decrescente";"Nublado";"Simples";"Reta";"Não";2;0;1;0;0;1;1;2;-9,57714932;-35,96271884;"SPRF-AL";"DEL01-AL";"UOP01-DEL01-AL"
184958;2019-01-13;"domingo";"06:06:00";"SC";116;141,7;"SANTA CECILIA";"Falta de Atenção à Condução";"Colisão traseira";"Com Vítimas Fatais";"Amanhecer";"Crescente";"Céu Claro";"Simples";"Reta";"Não";2;1;0;0;0;1;0;2;-26,966255;-50,409283;"SPRF-SC";"DEL06-SC";"UOP02-DEL06-SC"
184960;2019-01-13;"domingo";"16:00:00";"SP";116;272;"TABOAO DA SERRA";"Velocidade Incompatível";"Colisão traseira";"Com Vítimas Feridas";"Pleno dia";"Decrescente";"Nublado";"Dupla";"Reta";"Sim";2;0;0;1;1;0;1;1;-23,61365122;-46,78184878;"SPRF-SP";"DEL04-SP";"UOP01-DEL04-SP"
184961;2019-01-13;"domingo";"12:20:00";"MG";262;762;"UBERABA";"Falta de Atenção à Condução";"Saída de leito carroçável";"Com Vítimas Feridas";"Pleno dia";"Crescente";"Céu Claro";"Simples";"Reta";"Não";4;0;3;1;0;0;4;1;-19,6671598;-47,60890961;"SPRF-MG";"DEL13-MG";"UOP01-DEL13-MG"
184962;2019-01-13;"domingo";"11:30:00";"SC";101;41;"JOINVILLE";"Falta de Atenção à Condução";"Colisão traseira";"Com Vítimas Feridas";"Pleno dia";"Decrescente";"Sol";"Dupla";"Viaduto";"Sim";4;0;2;0;2;0;2;3;-26,324;-48,8672;"SPRF-SC";"DEL03-SC";"UOP01-DEL03-SC"
184963;2019-01-13;"domingo";"15:25:00";"RN";110;68,5;"MOSSORO";"Restrição de Visibilidade";"Colisão frontal";"Com Vítimas Fatais";"Pleno dia";"Decrescente";"Chuva";"Simples";"Reta";"Não";4;1;0;1;1;1;1;2;-5,226844;-37,33197;"SPRF-RN";"DEL04-RN";"UOP01-DEL04-RN"
184964;2019-01-13;"domingo";"15:10:00";"RS";285;258;"AGUA SANTA";"Avarias e/ou desgaste excessivo no pneu";"Saída de leito carroçável";"Com Vítimas Feridas";"Pleno dia";"Crescente";"Chuva";"Simples";"Declive;Reta";"Não";5;0;1;0;4;0;1;1;-28,303923;-52,061325;"SPRF-RS";"DEL08-RS";"UOP03-DEL08-RS"
184965;2019-01-13;"domingo";"15:00:00";"SC";163;68;"SAO MIGUEL DO OESTE";"Falta de Atenção à Condução";"Colisão com objeto estático";"Sem Vítimas";"Pleno dia";"Crescente";"Céu Claro";"Simples";"Aclive";"Não";2;0;0;0;2;0;0;1;-26,750364;-53,50087;"SPRF-SC";"DEL07-SC";"UOP03-DEL07-SC"
184966;2019-01-13;"domingo";"15:00:00";"MG";116;162;"PADRE PARAISO";"Velocidade Incompatível";"Saída de leito carroçável";"Com Vítimas Feridas";"Pleno dia";"Decrescente";"Céu Claro";"Simples";"Curva";"Não";3;0;3;0;0;0;3;1;-16,95172423;-41,46240234;"SPRF-MG";"DEL11-MG";"UOP02-DEL11-MG"
184968;2019-01-13;"domingo";"15:15:00";"PE";110;97;"SERTANIA";"Animais na Pista";"Saída de leito carroçável";"Sem Vítimas";"Pleno dia";"Crescente";"Sol";"Simples";"Reta";"Não";1;0;0;0;1;0;0;1;-8,372472;-37,293274;"SPRF-PE";"DEL03-PE";"UOP02-DEL03-PE"
184970;2019-01-13;"domingo";"14:55:00";"SC";470;163;"TROMBUDO CENTRAL";"Desobediência às normas de trânsito pelo condutor";"Colisão lateral";"Sem Vítimas";"Pleno dia";"Crescente";"Céu Claro";"Simples";"Reta";"Não";5;0;0;0;5;0;0;5;-27,278976;-49,825996;"SPRF-SC";"DEL04-SC";"UOP02-DEL04-SC"
184972;2019-01-13;"domingo";"16:35:00";"MG";116;524;"CARATINGA";"Falta de Atenção à Condução";"Colisão transversal";"Com Vítimas Feridas";"Pleno dia";"Decrescente";"Céu Claro";"Simples";"Curva";"Sim";3;0;1;0;2;0;1;2;-19,75107315;-42,13255763;"SPRF-MG";"DEL06-MG";"UOP02-DEL06-MG"
184975;2019-01-13;"domingo";"15:40:00";"PI";343;42,3;"BURITI DOS LOPES";"Pista Escorregadia";"Saída de leito carroçável";"Com Vítimas Feridas";"Pleno dia";"Crescente";"Nublado";"Simples";"Curva";"Não";2;0;1;0;1;0;1;1;-3,160851;-41,818455;"SPRF-PI";"DEL05-PI";"UOP01-DEL05-PI"
184977;2019-01-13;"domingo";"16:45:00";"RJ";116;264,7;"BARRA MANSA";"Falta de Atenção à Condução";"Colisão com objeto estático";"Com Vítimas Feridas";"Pleno dia";"Crescente";"Sol";"Dupla";"Declive";"Não";1;0;1;0;0;0;1;1;-22,560883;-44,122238;"SPRF-RJ";"DEL07-RJ";"UOP02-DEL07-RJ"
184980;2019-01-13;"domingo";"16:00:00";"PR";277;60,4;"SAO JOSE DOS PINHAIS";"Falta de Atenção à Condução";"Colisão traseira";"Sem Vítimas";"Pleno dia";"Crescente";"Chuva";"Dupla";"Reta";"Não";2;0;0;0;2;0;0;2;-25,55347646;-49,03380632;"SPRF-PR";"DEL01-PR";"UOP07-DEL01-PR"
184981;2019-01-13;"domingo";"17:20:00";"PR";277;594,9;"CASCAVEL";"Falta de Atenção à Condução";"Colisão lateral";"Com Vítimas Feridas";"Pleno dia";"Crescente";"Nublado";"Simples";"Interseção de Vias";"Sim";3;0;1;0;2;0;1;2;-24,9807438;-53,5004372;"SPRF-PR";"DEL04-PR";"UOP01-DEL04-PR"
184983;2019-01-13;"domingo";"16:15:00";"PA";222;244,8;"MARABA";"Desobediência às normas de trânsito pelo condutor";"Colisão transversal";"Com Vítimas Feridas";"Pleno dia";"Crescente";"Céu Claro";"Simples";"Interseção de Vias";"Sim";2;0;1;0;1;0;1;2;-5,35405546;-49,07970428;"SPRF-PA";"DEL03-PA";"UOP01-DEL03-PA"
184984;2019-01-13;"domingo";"17:10:00";"MG";365;599,9;"UBERLANDIA";"Desobediência às normas de trânsito pelo condutor";"Colisão frontal";"Com Vítimas Feridas";"Pleno dia";"Decrescente";"Nublado";"Simples";"Reta";"Não";3;0;1;2;0;0;3;2;-18,8974;-48,2715;"SPRF-MG";"DEL15-MG";"UOP01-DEL15-MG"
184985;2019-01-13;"domingo";"16:30:00";"SC";101;124;"ITAJAI";"Ingestão de Álcool";"Colisão lateral";"Sem Vítimas";"Pleno dia";"Crescente";"Céu Claro";"Múltipla";"Reta";"Não";2;0;0;0;2;0;0;2;-26,9479;-48,6832;"SPRF-SC";"DEL04-SC";"UOP04-DEL04-SC"
184988;2019-01-13;"domingo";"06:50:00";"SC";101;138,5;"BALNEARIO CAMBORIU";"Velocidade Incompatível";"Colisão com objeto estático";"Com Vítimas Feridas";"Amanhecer";"Crescente";"Nublado";"Dupla";"Aclive;Curva";"Não";1;0;1;0;0;0;1;1;-27,032;-48,6051;"SPRF-SC";"DEL04-SC";"UOP03-DEL04-SC"
184989;2019-01-13;"domingo";"16:26:00";"SE";101;100,3;"SAO CRISTOVAO";"Avarias e/ou desgaste excessivo no pneu";"Queda de ocupante de veículo";"Com Vítimas Feridas";"Pleno dia";"Decrescente";"Céu Claro";"Dupla";"Declive";"Sim";2;0;2;0;0;0;2;1;-10,93091061;-37,18494415;"SPRF-SE";"DEL02-SE";"UOP01-DEL02-SE"
184990;2019-01-13;"domingo";"17:00:00";"PR";277;122;"CAMPO LARGO";"Ingestão de Álcool";"Colisão lateral";"Sem Vítimas";"Pleno dia";"Crescente";"Nublado";"Dupla";"Reta";"Não";2;0;0;0;2;0;0;2;-25,44637481;-49,56825256;"SPRF-PR";"DEL01-PR";"UOP06-DEL01-PR"
184991;2019-01-13;"domingo";"17:00:00";"CE";116;428,3;"IPAUMIRIM";"Desobediência às normas de trânsito pelo condutor";"Colisão transversal";"Com Vítimas Feridas";"Pleno dia";"Crescente";"Céu Claro";"Simples";"Reta";"Não";4;0;0;2;2;0;2;2;-6,815968;-38,753681;"SPRF-CE";"DEL05-CE";"UOP03-DEL05-CE"
184992;2019-01-13;"domingo";"18:15:00";"PR";376;171;"MARINGA";"Ingestão de Álcool";"Colisão frontal";"Com Vítimas Feridas";"Pleno dia";"Crescente";"Céu Claro";"Dupla";"Aclive";"Sim";4;0;1;0;3;0;1;3;-23,418228;-51,975006;"SPRF-PR";"DEL07-PR";"UOP01-DEL09-PR"
184993;2019-01-13;"domingo";"16:00:00";"PE";232;73;"GRAVATA";"Ingestão de Álcool";"Colisão com objeto estático";"Com Vítimas Feridas";"Pleno dia";"Crescente";"Céu Claro";"Dupla";"Reta";"Não";3;0;3;0;0;0;3;1;-8,187141;-35,501026;"SPRF-PE";"DEL01-PE";"UOP02-DEL02PE"
184995;2019-01-13;"domingo";"18:15:00";"SC";101;100;"BALNEARIO PICARRAS";"Falta de Atenção à Condução";"Colisão lateral";"Sem Vítimas";"Pleno dia";"Decrescente";"Nublado";"Simples";"Interseção de Vias";"Sim";2;0;0;0;2;0;0;2;-26,766;-48,6863;"SPRF-SC";"DEL03-SC";"UOP02-DEL03-SC"
184996;2019-01-13;"domingo";"18:20:00";"RS";290;34;"SANTO ANTONIO DA PATRULHA";"Não guardar distância de segurança";"Colisão traseira";"Com Vítimas Feridas";"Pleno dia";"Crescente";"Céu Claro";"Múltipla";"Reta";"Não";3;0;2;0;1;0;2;2;-29,885969;-50,596653;"SPRF-RS";"DEL03-RS";"UOP02-DEL03-RS"
184998;2019-01-13;"domingo";"18:30:00";"PR";376;180,9;"MARINGA";"Não guardar distância de segurança";"Colisão traseira";"Com Vítimas Feridas";"Anoitecer";"Decrescente";"Céu Claro";"Dupla";"Rotatória";"Sim";5;0;1;0;1;3;1;2;-23,427254;-51,895123;"SPRF-PR";"DEL07-PR";"UOP01-DEL09-PR"
185000;2019-01-13;"domingo";"17:45:00";"PE";232;34,8;"MORENO";"Falta de Atenção à Condução";"Capotamento";"Com Vítimas Feridas";"Anoitecer";"Decrescente";"Céu Claro";"Dupla";"Reta";"Sim";4;0;2;0;2;0;2;2;-8,10704;-35,184006;"SPRF-PE";"DEL01-PE";"UOP02-DEL02PE"
185001;2019-01-13;"domingo";"17:45:00";"RS";386;357,2;"ESTRELA";"Velocidade Incompatível";"Saída de leito carroçável";"Com Vítimas Feridas";"Pleno dia";"Crescente";"Chuva";"Dupla";"Curva";"Não";5;0;4;0;1;0;4;1;-29,528872;-51,928249;"SPRF-RS";"DEL04-RS";"UOP01-DEL04-RS"
185002;2019-01-13;"domingo";"17:55:00";"CE";116;5,7;"FORTALEZA";"Falta de Atenção à Condução";"Colisão traseira";"Com Vítimas Feridas";"Plena Noite";"Decrescente";"Nublado";"Simples";"Curva";"Sim";3;0;1;0;2;0;1;2;-3,8038;-38,5032;"SPRF-CE";"DEL01-CE";"UOP02-DEL01-CE"
185003;2019-01-13;"domingo";"18:00:00";"ES";101;298;"VIANA";"Falta de Atenção do Pedestre";"Atropelamento de Pedestre";"Com Vítimas Feridas";"Pleno dia";"Decrescente";"Céu Claro";"Múltipla";"Reta";"Sim";3;0;1;1;1;0;2;3;-20,35005412;-40,41305676;"SPRF-ES";"DEL01-ES";"UOP01-DEL01-ES"
185004;2019-01-13;"domingo";"14:55:00";"SC";280;148;"MAFRA";"Não guardar distância de segurança";"Colisão traseira";"Com Vítimas Feridas";"Pleno dia";"Crescente";"Sol";"Simples";"Aclive;Reta";"Não";2;0;1;0;1;0;1;2;-26,246315;-49,676132;"SPRF-SC";"DEL06-SC";"UOP03-DEL06-SC"