"id";"data_inversa";"dia_semana";"horario";"uf";"br";"km";"municipio";"causa_acidente";"tipo_acidente";"classificacao_acidente";"fase_dia";"sentido_via";"condicao_metereologica";"tipo_pista";"tracado_via";"uso_solo";"pessoas";"mortos";"feridos_leves";"feridos_graves";"ilesos";"ignorados";"feridos";"veiculos";"latitude";"longitude";"regional";"delegacia";"uop"
185114;2019-01-14;"segunda-feira";"07:00:00";"ES";262;80;"DOMINGOS MARTINS";"Velocidade Incompatível";"Colisão frontal";"Com Vítimas Feridas";"Pleno dia";"Crescente";"Céu Claro";"Simples";"Curva";"Não";2;0;0;1;1;0;1;2;-20,4082;-40,9363;"SPRF-ES";"DEL01-ES";"UOP02-DEL01-ES"
185116;2019-01-14;"segunda-feira";"07:00:00";"SP";116;51,4;"LORENA";"Falta de Atenção à Condução";"Queda de ocupante de veículo";"Com Vítimas Feridas";"Pleno dia";"Crescente";"Céu Claro";"Dupla";"Reta";"Sim";1;0;0;1;0;0;1;1;-22,741575;-45,092064;"SPRF-SP";"DEL08-SP";"UOP03-DEL08-SP"
185131;2019-01-14;"segunda-feira";"07:20:00";"PR";277;588,1;"CASCAVEL";"Não guardar distância de segurança";"Colisão traseira";"Com Vítimas Feridas";"Pleno dia";"Crescente";"Céu Claro";"Simples";"Reta";"Não";3;0;1;0;2;0;1;2;-25,02817;-53,55983;"SPRF-PR";"DEL04-PR";"UOP01-DEL04-PR"
185132;2019-01-14;"segunda-feira";"03:00:00";"RS";290;382,2;"SANTA MARGARIDA DO SUL";"Condutor Dormindo";"Capotamento";"Com Vítimas Feridas";"Plena Noite";"Crescente";"Nublado";"Simples";"Reta";"Não";3;0;3;0;0;0;3;1;-30,33969485;-54,05925751;"SPRF-RS";"DEL09-RS";"UOP02-DEL09-RS"
185133;2019-01-14;"segunda-feira";"07:30:00";"PR";277;724;"FOZ DO IGUACU";"Falta de Atenção à Condução";"Colisão lateral";"Sem Vítimas";"Pleno dia";"Crescente";"Céu Claro";"Dupla";"Reta";"Sim";2;0;0;0;2;0;0;2;-25,502563;-54,538681;"SPRF-PR";"DEL05-PR";"UOP01-DEL05-PR"
185134;2019-01-14;"segunda-feira";"07:00:00";"ES";101;300;"VIANA";"Falta de Atenção à Condução";"Tombamento";"Com Vítimas Feridas";"Pleno dia";"Crescente";"Nublado";"Múltipla";"Reta";"Sim";1;0;1;0;0;0;1;1;-20,36053345;-40,43478007;"SPRF-ES";"DEL01-ES";"UOP01-DEL01-ES"
185137;2019-01-14;"segunda-feira";"07:00:00";"MT";163;741;"SORRISO";"Ultrapassagem Indevida";"Colisão traseira";"Sem Vítimas";"Pleno dia";"Decrescente";"Chuva";"Simples";"Reta";"Não";6;0;0;0;6;0;0;2;-12,63455946;-55,77756643;"SPRF-MT";"DEL06-MT";"UOP01-DEL06-MT"
185139;2019-01-14;"segunda-feira";"07:40:00";"SP";116;220;"GUARULHOS";"Ingestão de Álcool";"Colisão lateral";"Com Vítimas Feridas";"Pleno dia";"Crescente";"Sol";"Múltipla";"Reta";"Sim";3;0;2;0;1;0;2;2;-23,46690132;-46,50498889;"SPRF-SP";"DEL01-SP";"UOP01-DEL01-SP"
185142;2019-01-13;"domingo";"06:10:00";"SC";101;113;"ITAJAI";"Pista Escorregadia";"Saída de leito carroçável";"Sem Vítimas";"Amanhecer";"Decrescente";"Céu Claro";"Dupla";"Reta";"Não";1;0;0;0;1;0;0;1;-26,8622;-48,7286;"SPRF-SC";"DEL04-SC";"UOP04-DEL04-SC"
185143;2019-01-14;"segunda-feira";"06:40:00";"PE";101;85;"JABOATAO DOS GUARARAPES";"Não guardar distância de segurança";"Colisão traseira";"Sem Vítimas";"Pleno dia";"Crescente";"Chuva";"Dupla";"Reta";"Sim";4;0;0;0;4;0;0;4;-8,1846;-34,9681;"SPRF-PE";"DEL01-PE";"UOP03-DEL01-PE"
185145;2019-01-13;"domingo";"11:29:00";"RJ";40;84;"PETROPOLIS";"Defeito na Via";"Queda de ocupante de veículo";"Com Vítimas Feridas";"Pleno dia";"Crescente";"Céu Claro";"Simples";"Reta";"Não";2;0;2;0;0;0;2;1;-22,5436;-43,2339;"SPRF-RJ";"DEL06-RJ";"UOP01-DEL06-RJ"
185147;2019-01-14;"segunda-feira";"08:24:00";"RJ";101;317,2;"SAO GONCALO";"Falta de Atenção à Condução";"Colisão traseira";"Com Vítimas Feridas";"Pleno dia";"Crescente";"Céu Claro";"Dupla";"Reta";"Sim";3;0;1;0;1;1;1;3;-22,837111;-43,094929;"SPRF-RJ";"DEL02-RJ";"DEL5/2-UOP04/RJ"
185149;2019-01-14;"segunda-feira";"08:40:00";"PR";277;21,7;"MORRETES";"Objeto estático sobre o leito carroçável";"Queda de ocupante de veículo";"Com Vítimas Feridas";"Pleno dia";"Crescente";"Sol";"Dupla";"Reta";"Não";2;0;1;0;0;1;1;2;-25,529528;-48,722583;"SPRF-PR";"DEL01-PR";"UOP05-DEL01-PR"
185150;2019-01-14;"segunda-feira";"07:35:00";"SC";282;222,3;"LAGES";"Velocidade Incompatível";"Saída de leito carroçável";"Com Vítimas Feridas";"Pleno dia";"Decrescente";"Céu Claro";"Simples";"Curva";"Não";1;0;1;0;0;0;1;1;-27,797739;-50,353409;"SPRF-SC";"DEL05-SC";"UOP01-DEL05-SC"
185151;2019-01-14;"segunda-feira";"08:15:00";"PR";116;110;"CURITIBA";"Não guardar distância de segurança";"Colisão traseira";"Com Vítimas Feridas";"Pleno dia";"Crescente";"Sol";"Dupla";"Reta";"Não";5;0;3;0;2;0;3;2;-25,569897;-49,187782;"SPRF-PR";"DEL01-PR";"UOP01-DEL01-PR"
185152;2019-01-14;"segunda-feira";"08:40:00";"PR";476;128,9;"CURITIBA";"Não guardar distância de segurança";"Colisão com objeto estático";"Com Vítimas Feridas";"Pleno dia";"Crescente";"Céu Claro";"Múltipla";"Reta";"Sim";1;0;0;1;0;0;1;1;-25,44321527;-49,23380133;"SPRF-PR";"DEL01-PR";"UOP07-DEL01-PR"
185154;2019-01-14;"segunda-feira";"08:25:00";"PR";158;531,3;"PATO BRANCO";"Desobediência às normas de trânsito pelo condutor";"Tombamento";"Com Vítimas Feridas";"Pleno dia";"Decrescente";"Céu Claro";"Simples";"Curva;Interseção de Vias";"Sim";3;0;1;0;1;1;1;3;-26,20404118;-52,67957211;"SPRF-PR";"DEL02-PR";"UOP01-DEL02-PR"
185156;2019-01-14;"segunda-feira";"07:55:00";"RN";304;30,2;"MOSSORO";"Não guardar distância de segurança";"Colisão traseira";"Com Vítimas Feridas";"Pleno dia";"Crescente";"Céu Claro";"Simples";"Reta";"Sim";3;0;2;0;1;0;2;2;-5,117088;-37,341011;"SPRF-RN";"DEL04-RN";"UOP02-DEL04-RN"
185158;2019-01-12;"sábado";"19:10:00";"SC";282;641,4;"DESCANSO";"Ingestão de Álcool";"Saída de leito carroçável";"Sem Vítimas";"Pleno dia";"Crescente";"Chuva";"Simples";"Aclive;Curva";"Não";1;0;0;0;1;0;0;1;-26,77529801;-53,45893621;"SPRF-SC";"DEL07-SC";"UOP03-DEL07-SC"
185159;2019-01-14;"segunda-feira";"09:10:00";"MG";365;626;"UBERLANDIA";"Não guardar distância de segurança";"Tombamento";"Com Vítimas Feridas";"Pleno dia";"Decrescente";"Céu Claro";"Dupla";"Reta";"Sim";1;0;1;0;0;0;1;1;-18,9066;-48,2971;"SPRF-MG";"DEL15-MG";"UOP01-DEL15-MG"
185161;2019-01-14;"segunda-feira";"07:35:00";"RJ";101;321,1;"NITEROI";"Falta de Atenção à Condução";"Colisão traseira";"Com Vítimas Feridas";"Pleno dia";"Crescente";"Céu Claro";"Múltipla";"Reta";"Sim";2;0;1;0;1;0;1;2;-22,869852;-43,110458;"SPRF-RJ";"DEL02-RJ";"UOP02-DEL02-RJ"
185164;2019-01-14;"segunda-feira";"08:05:00";"PB";230;35,8;"SANTA RITA";"Defeito na Via";"Tombamento";"Com Vítimas Feridas";"Pleno dia";"Decrescente";"Garoa/Chuvisco";"Dupla";"Reta";"Sim";1;0;0;1;0;0;1;1;-7,1268;-34,9412;"SPRF-PB";"DEL01-PB";"UOP01-DEL01-PB"
185165;2019-01-14;"segunda-feira";"08:30:00";"TO";153;235,7;"COLINAS DO TOCANTINS";"Velocidade Incompatível";"Saída de leito carroçável";"Com Vítimas Feridas";"Pleno dia";"Crescente";"Céu Claro";"Simples";"Curva";"Não";4;0;2;2;0;0;4;1;-7,94983;-48,464302;"SPRF-TO";"DEL02-TO";"UOP01-DEL02-TO"
185166;2019-01-14;"segunda-feira";"09:15:00";"RJ";101;263;"RIO BONITO";"Falta de Atenção à Condução";"Saída de leito carroçável";"Com Vítimas Feridas";"Pleno dia";"Crescente";"Céu Claro";"Dupla";"Curva";"Não";1;0;1;0;0;0;1;1;-22,718872;-42,626385;"SPRF-RJ";"DEL02-RJ";"UOP03-DEL02-RJ"
185167;2019-01-14;"segunda-feira";"09:30:00";"SP";153;71,5;"SAO JOSE DO RIO PRETO";"Falta de Atenção à Condução";"Colisão traseira";"Com Vítimas Feridas";"Pleno dia";"Decrescente";"Sol";"Simples";"Em Obras;Reta;Desvio Temporário";"Sim";2;0;1;0;1;0;1;2;-20,858019;-49,406662;"SPRF-SP";"DEL09-SP";"UOP01-DEL09-SP"
185169;2019-01-14;"segunda-feira";"09:25:00";"MG";381;506;"BETIM";"Não guardar distância de segurança";"Colisão traseira";"Com Vítimas Feridas";"Pleno dia";"Crescente";"Sol";"Dupla";"Declive;Reta";"Não";2;0;1;0;1;0;1;2;-20,0411;-44,2619;"SPRF-MG";"DEL01-MG";"UOP03-DEL01-MG"
185171;2019-01-14;"segunda-feira";"08:35:00";"RS";470;260;"SALVADOR DO SUL";"Pista Escorregadia";"Saída de leito carroçável";"Com Vítimas Feridas";"Pleno dia";"Crescente";"Garoa/Chuvisco";"Simples";"Curva";"Não";1;0;1;0;0;0;1;1;-29,46398597;-51,48993023;"SPRF-RS";"DEL06-RS";"UOP01-DEL06-RS"
185173;2019-01-13;"domingo";"22:40:00";"MA";230;91;"SAO JOAO DOS PATOS";"Deficiência ou não Acionamento do Sistema de Iluminação/Sinalização do Veículo";"Colisão com objeto estático";"Com Vítimas Feridas";"Plena Noite";"Crescente";"Céu Claro";"Simples";"Curva";"Não";2;0;0;1;0;1;1;2;-6,492675;-43,710655;"SPRF-PI";"DEL03-PI";"UOP01-DEL03-PI"
185174;2019-01-14;"segunda-feira";"07:30:00";"RO";364;776;"PORTO VELHO";"Avarias e/ou desgaste excessivo no pneu";"Saída de leito carroçável";"Com Vítimas Feridas";"Amanhecer";"Crescente";"Nublado";"Simples";"Reta";"Não";3;0;3;0;0;0;3;1;-9,17284972;-64,21992749;"SPRF-RO";"DEL01-RO";"UOP02-DEL01-RO"
185176;2019-01-14;"segunda-feira";"09:30:00";"SC";280;127,1;"RIO NEGRINHO";"Falta de Atenção do Pedestre";"Atropelamento de Pedestre";"Com Vítimas Feridas";"Pleno dia";"Decrescente";"Nublado";"Simples";"Reta";"Sim";2;0;0;1;1;0;1;2;-26,239437;-49,504192;"SPRF-SC";"DEL06-SC";"UOP03-DEL06-SC"
185179;2019-01-14;"segunda-feira";"10:35:00";"RJ";101;316;"SAO GONCALO";"Não guardar distância de segurança";"Colisão traseira";"Com Vítimas Feridas";"Pleno dia";"Crescente";"Céu Claro";"Dupla";"Reta";"Sim";3;0;1;0;2;0;1;2;-22,828388;-43,092102;"SPRF-RJ";"DEL02-RJ";"DEL5/2-UOP04/RJ"
185180;2019-01-14;"segunda-feira";"08:20:00";"SC";101;134;"BALNEARIO CAMBORIU";"Desobediência às normas de trânsito pelo condutor";"Colisão transversal";"Com Vítimas Feridas";"Pleno dia";"Decrescente";"Céu Claro";"Dupla";"Interseção de Vias";"Sim";2;0;1;0;1;0;1;2;-27,00358169;-48,63035917;"SPRF-SC";"DEL04-SC";"UOP03-DEL04-SC"
185183;2019-01-14;"segunda-feira";"10:50:00";"PR";376;15,3;"MARINGA";"Avarias e/ou desgaste excessivo no pneu";"Queda de ocupante de veículo";"Com Vítimas Feridas";"Pleno dia";"Decrescente";"Sol";"Dupla";"Reta";"Não";2;0;0;2;0;0;2;1;-23,41375285;-51,88069224;"SPRF-PR";"DEL07-PR";"UOP01-DEL09-PR"
185184;2019-01-14;"segunda-feira";"11:00:00";"SP";116;217;"GUARULHOS";"Falta de Atenção à Condução";"Tombamento";"Com Vítimas Feridas";"Pleno dia";"Decrescente";"Sol";"Múltipla";"Reta";"Sim";1;0;1;0;0;0;1;1;-23,45378727;-46,47033423;"SPRF-SP";"DEL01-SP";"UOP01-DEL01-SP"
185185;2019-01-14;"segunda-feira";"08:30:00";"MA";230;399;"BALSAS";"Falta de Atenção à Condução";"Colisão frontal";"Com Vítimas Feridas";"Pleno dia";"Crescente";"Nublado";"Simples";"Reta";"Não";2;0;1;0;1;0;1;2;-7,521335;-46,04969;"SPRF-MA";"DEL05-MA";"UOP01-DEL05-MA"
185189;2019-01-14;"segunda-feira";"11:00:00";"MG";381;357;"JOAO MONLEVADE";"Desobediência às normas de trânsito pelo pedestre";"Atropelamento de Pedestre";"Com Vítimas Feridas";"Pleno dia";"Crescente";"Sol";"Simples";"Reta";"Não";2;0;0;1;1;0;1;2;-19,84601834;-43,16877544;"SPRF-MG";"DEL03-MG";"UOP01-DEL03-MG"
185191;2019-01-14;"segunda-feira";"11:00:00";"PR";277;44;"MORRETES";"Falta de Atenção à Condução";"Colisão traseira";"Com Vítimas Feridas";"Pleno dia";"Crescente";"Céu Claro";"Múltipla";"Curva";"Não";3;0;1;0;2;0;1;2;-25,57932728;-48,86066437;"SPRF-PR";"DEL01-PR";"UOP07-DEL01-PR"
185193;2019-01-14;"segunda-feira";"09:20:00";"MG";381;289;"JAGUARACU";"Falta de Atenção à Condução";"Colisão traseira";"Sem Vítimas";"Pleno dia";"Decrescente";"Céu Claro";"Simples";"Reta";"Não";2;0;0;0;2;0;0;2;-19,61784247;-42,78972122;"SPRF-MG";"DEL03-MG";"UOP02-DEL03-MG"
185194;2019-01-14;"segunda-feira";"10:31:00";"MG";40;40,8;"PARACATU";"Falta de Atenção à Condução";"Colisão traseira";"Com Vítimas Feridas";"Pleno dia";"Decrescente";"Céu Claro";"Simples";"Reta";"Sim";5;0;1;0;4;0;1;2;-17,21105659;-46,87449932;"SPRF-MG";"DEL14-MG";"UOP01-DEL14-MG"
185196;2019-01-14;"segunda-feira";"11:20:00";"SP";116;147,4;"SAO JOSE DOS CAMPOS";"Velocidade Incompatível";"Colisão traseira";"Com Vítimas Feridas";"Pleno dia";"Crescente";"Sol";"Dupla";"Reta";"Sim";2;0;1;0;1;0;1;2;-23,195473;-45,871849;"SPRF-SP";"DEL02-SP";"UOP01-DEL02-SP"
185197;2019-01-14;"segunda-feira";"01:00:00";"GO";20;115;"FLORES DE GOIAS";"Defeito Mecânico no Veículo";"Incêndio";"Sem Vítimas";"Plena Noite";"Decrescente";"Céu Claro";"Simples";"Reta";"Não";2;0;0;0;2;0;0;1;-14,886738;-46,870541;"SPRF-DF";"DEL02-DF";"UOP03-DEL02-DF"
185198;2019-01-14;"segunda-feira";"12:00:00";"SC";282;3,5;"SAO JOSE";"Não guardar distância de segurança";"Colisão lateral";"Com Vítimas Feridas";"Pleno dia";"Crescente";"Céu Claro";"Múltipla";"Reta";"Sim";4;0;1;0;1;2;1;4;-27,600384;-48,599705;"SPRF-SC";"DEL01-SC";"UOP01-DEL01-SC"
185201;2019-01-14;"segunda-feira";"11:40:00";"PB";230;66;"SAO MIGUEL DE TAIPU";"Defeito Mecânico no Veículo";"Saída de leito carroçável";"Com Vítimas Feridas";"Pleno dia";"Crescente";"Céu Claro";"Dupla";"Curva";"Não";4;0;0;1;3;0;1;1;-7,185005;-35,197878;"SPRF-PB";"DEL01-PB";"UOP03-DEL01-PB"
185202;2019-01-14;"segunda-feira";"11:30:00";"RS";101;0,1;"TORRES";"Falta de Atenção à Condução";"Colisão traseira";"Com Vítimas Feridas";"Pleno dia";"Crescente";"Céu Claro";"Dupla";"Reta";"Não";2;0;1;0;0;1;1;2;-29,29947053;-49,77005124;"SPRF-RS";"DEL03-RS";"DEL9/3-UOP03/RS"
185206;2019-01-14;"segunda-feira";"12:30:00";"PR";376;113,8;"CURITIBA";"Velocidade Incompatível";"Colisão traseira";"Sem Vítimas";"Pleno dia";"Decrescente";"Nublado";"Dupla";"Reta";"Sim";4;0;0;0;4;0;0;3;-25,50030556;-49,34234619;"SPRF-PR";"DEL07-PR";"UOP02-DEL09-PR"
185207;2019-01-14;"segunda-feira";"13:30:00";"GO";60;55;"ABADIANIA";"Falta de Atenção à Condução";"Capotamento";"Com Vítimas Feridas";"Pleno dia";"Crescente";"Sol";"Dupla";"Reta";"Não";2;0;2;0;0;0;2;1;-16,1862;-48,6611;"SPRF-GO";"DEL02-GO";"UOP01-DEL02-GO"
185208;2019-01-14;"segunda-feira";"13:30:00";"SP";153;57,6;"SAO JOSE DO RIO PRETO";"Objeto estático sobre o leito carroçável";"Colisão com objeto estático";"Com Vítimas Feridas";"Pleno dia";"Crescente";"Céu Claro";"Simples";"Curva;Em Obras;Aclive";"Sim";5;0;4;1;0;0;5;2;-20,769854;-49,349796;"SPRF-SP";"DEL09-SP";"UOP01-DEL09-SP"
185209;2019-01-14;"segunda-feira";"13:10:00";"PR";376;633,2;"SAO JOSE DOS PINHAIS";"Defeito Mecânico no Veículo";"Queda de ocupante de veículo";"Com Vítimas Feridas";"Pleno dia";"Crescente";"Sol";"Dupla";"Reta";"Não";1;0;1;0;0;0;1;1;-25,72306941;-49,13583755;"SPRF-PR";"DEL01-PR";"DEL7/1-UOP08/PR"
185210;2019-01-14;"segunda-feira";"13:45:00";"SC";101;203,2;"SAO JOSE";"Pista Escorregadia";"Queda de ocupante de veículo";"Com Vítimas Feridas";"Pleno dia";"Decrescente";"Sol";"Múltipla";"Curva";"Sim";1;0;1;0;0;0;1;1;-27,5742;-48,6134;"SPRF-SC";"DEL01-SC";"UOP01-DEL01-SC"
185212;2019-01-14;"segunda-feira";"14:45:00";"MG";381;518,5;"IGARAPE";"Velocidade Incompatível";"Colisão com objeto estático";"Com Vítimas Feridas";"Pleno dia";"Decrescente";"Sol";"Dupla";"Curva";"Não";1;0;1;0;0;0;1;1;-20,1093;-44,3169;"SPRF-MG";"DEL01-MG";"UOP03-DEL01-MG"
185213;2019-01-14;"segunda-feira";"14:30:00";"SC";280;136;"RIO NEGRINHO";"Condutor Dormindo";"Saída de leito carroçável";"Com Vítimas Feridas";"Pleno dia";"Decrescente";"Nublado";"Simples";"Curva;Declive";"Não";1;0;1;0;0;0;1;1;-26,2701;-49,581215;"SPRF-SC";"DEL06-SC";"UOP03-DEL06-SC"
185216;2019-01-14;"segunda-feira";"15:00:00";"PR";476;128,8;"CURITIBA";"Falta de Atenção à Condução";"Tombamento";"Com Vítimas Feridas";"Pleno dia";"Crescente";"Chuva";"Dupla";"Reta";"Sim";3;0;0;2;1;0;2;2;-25,433048;-49,23156;"SPRF-PR";"DEL01-PR";"UOP07-DEL01-PR"
185217;2019-01-14;"segunda-feira";"15:00:00";"SC";101;213;"PALHOCA";"Não guardar distância de segurança";"Colisão traseira";"Sem Vítimas";"Pleno dia";"Decrescente";"Céu Claro";"Dupla";"Reta";"Sim";4;0;0;0;4;0;0;2;-27,6446;-48,6705;"SPRF-SC";"DEL01-SC";"UOP02-DEL01-SC"
185218;2019-01-14;"segunda-feira";"14:45:00";"MG";153;23;"CENTRALINA";"Falta de Atenção à Condução";"Colisão com objeto estático";"Com Vítimas Feridas";"Pleno dia";"Decrescente";"Céu Claro";"Dupla";"Curva";"Não";2;0;1;0;0;1;1;2;-18,6299;-49,1844;"SPRF-MG";"DEL15-MG";"UOP03-DEL15-MG"
185220;2019-01-14;"segunda-feira";"15:40:00";"PR";373;172;"PONTA GROSSA";"Velocidade Incompatível";"Saída de leito carroçável";"Com Vítimas Feridas";"Pleno dia";"Crescente";"Céu Claro";"Dupla";"Interseção de Vias";"Sim";2;0;0;1;1;0;1;2;-25,08095;-50,192261;"SPRF-PR";"DEL03-PR";"UOP01-DEL03-PR"
185221;2019-01-14;"segunda-feira";"13:40:00";"BA";101;263,9;"SANTO ANTONIO DE JESUS";"Falta de Atenção à Condução";"Colisão lateral";"Com Vítimas Feridas";"Pleno dia";"Decrescente";"Nublado";"Simples";"Reta";"Sim";2;0;0;1;1;0;1;2;-12,9781;-39,2801;"SPRF-BA";"DEL01-BA";"UOP02-DEL01-BA"
185223;2019-01-14;"segunda-feira";"15:20:00";"RS";285;288,6;"PASSO FUNDO";"Falta de Atenção à Condução";"Colisão traseira";"Com Vítimas Feridas";"Pleno dia";"Decrescente";"Garoa/Chuvisco";"Dupla";"Rotatória";"Sim";3;0;1;1;1;0;2;2;-28,23814804;-52,37097323;"SPRF-RS";"DEL08-RS";"UOP03-DEL08-RS"
185224;2019-01-14;"segunda-feira";"14:30:00";"PA";10;61,5;"ULIANOPOLIS";"Condutor Dormindo";"Saída de leito carroçável";"Com Vítimas Feridas";"Pleno dia";"Decrescente";"Sol";"Simples";"Reta";"Não";4;0;2;0;2;0;2;1;-3,721266;-47,489651;"SPRF-PA";"DEL02-PA";"UOP02-DEL02-PA"
185228;2019-01-14;"segunda-feira";"15:40:00";"SC";101;142;"ITAPEMA";"Falta de Atenção à Condução";"Tombamento";"Com Vítimas Feridas";"Pleno dia";"Crescente";"Céu Claro";"Dupla";"Reta";"Sim";1;0;0;1;0;0;1;1;-27,0645;-48,5958;"SPRF-SC";"DEL04-SC";"UOP03-DEL04-SC"
185229;2019-01-14;"segunda-feira";"16:10:00";"ES";101;95,1;"JAGUARE";"Falta de Atenção à Condução";"Colisão traseira";"Com Vítimas Feridas";"Pleno dia";"Decrescente";"Céu Claro";"Simples";"Reta";"Não";6;0;2;1;3;0;3;3;-18,95727238;-39,98439789;"SPRF-ES";"DEL04-ES";"UOP02-DEL04-ES"
185231;2019-01-14;"segunda-feira";"16:30:00";"PR";277;662;"MATELANDIA";"Defeito Mecânico no Veículo";"Queda de ocupante de veículo";"Com Vítimas Feridas";"Pleno dia";"Decrescente";"Céu Claro";"Dupla";"Reta";"Não";2;0;2;0;0;0;2;1;-25,251236;-54,009113;"SPRF-PR";"DEL05-PR";"UOP02-DEL05-PR"
185233;2019-01-14;"segunda-feira";"13:30:00";"PR";277;667;"MEDIANEIRA";"Defeito Mecânico no Veículo";"Saída de leito carroçável";"Sem Vítimas";"Pleno dia";"Crescente";"Céu Claro";"Dupla";"Reta";"Não";1;0;0;0;1;0;0;1;-25,265814;-54,054371;"SPRF-PR";"DEL05-PR";"UOP02-DEL05-PR"
185234;2019-01-14;"segunda-feira";"11:20:00";"RJ";495;21;"PETROPOLIS";"Não guardar distância de segurança";"Colisão traseira";"Com Vítimas Feridas";"Pleno dia";"Crescente";"Céu Claro";"Simples";"Curva";"Não";3;0;1;1;1;0;2;2;-22,411654;-43,079391;"SPRF-RJ";"DEL06-RJ";"UOP02-DEL05-RJ"
185235;2019-01-14;"segunda-feira";"13:45:00";"RO";364;424;"JARU";"Desobediência às normas de trânsito pelo condutor";"Colisão transversal";"Com Vítimas Feridas";"Pleno dia";"Crescente";"Céu Claro";"Dupla";"Reta";"Sim";2;0;1;0;1;0;1;2;-10,444572;-62,465683;"SPRF-RO";"DEL03-RO";"UOP02-DEL03-RO"
185236;2019-01-14;"segunda-feira";"17:00:00";"DF";40;2,5;"BRASILIA";"Mal Súbito";"Colisão com objeto estático";"Com Vítimas Feridas";"Pleno dia";"Crescente";"Céu Claro";"Dupla";"Reta";"Sim";1;0;1;0;0;0;1;1;-15,99435;-47,985947;"SPRF-DF";"DEL01-DF";"UOP01-DEL01-DF"
185237;2019-01-14;"segunda-feira";"17:00:00";"SC";470;49;"BLUMENAU";"Falta de Atenção à Condução";"Colisão lateral";"Com Vítimas Feridas";"Pleno dia";"Crescente";"Nublado";"Simples";"Interseção de Vias";"Sim";2;0;0;1;1;0;1;2;-26,860662;-49,065159;"SPRF-SC";"DEL04-SC";"UOP01-DEL04-SC"
185239;2019-01-14;"segunda-feira";"16:10:00";"PB";230;27,5;"JOAO PESSOA";"Defeito Mecânico no Veículo";"Incêndio";"Sem Vítimas";"Pleno dia";"Crescente";"Sol";"Dupla";"Viaduto";"Sim";1;0;0;0;1;0;0;1;-7,1656191;-34,89635468;"SPRF-PB";"DEL01-PB";"UOP01-DEL01-PB"
185240;2019-01-14;"segunda-feira";"16:25:00";"PB";230;11,2;"CABEDELO";"Falta de Atenção à Condução";"Colisão lateral";"Com Vítimas Feridas";"Pleno dia";"Decrescente";"Céu Claro";"Dupla";"Reta";"Sim";2;0;1;0;1;0;1;2;-7,0596;-34,8506;"SPRF-PB";"DEL01-PB";"UOP01-DEL01-PB"
185241;2019-01-14;"segunda-feira";"16:50:00";"SC";470;5;"NAVEGANTES";"Falta de Atenção à Condução";"Colisão transversal";"Com Vítimas Feridas";"Pleno dia";"Decrescente";"Sol";"Simples";"Reta";"Não";2;0;1;0;1;0;1;2;-26,855688;-48,700333;"SPRF-SC";"DEL04-SC";"UOP04-DEL04-SC"
185242;2019-01-14;"segunda-feira";"16:00:00";"SE";101;73,3;"MARUIM";"Falta de Atenção à Condução";"Tombamento";"Com Vítimas Feridas";"Pleno dia";"Decrescente";"Céu Claro";"Simples";"Reta";"Não";1;0;0;1;0;0;1;1;-10,7853;-37,1421;"SPRF-SE";"DEL01-SE";"UOP01-DEL01-SE"
185245;2019-01-14;"segunda-feira";"17:45:00";"ES";101;417;"ITAPEMIRIM";"Ultrapassagem Indevida";"Colisão lateral";"Com Vítimas Feridas";"Pleno dia";"Crescente";"Céu Claro";"Simples";"Reta";"Não";2;0;1;0;1;0;1;2;-20,94754561;-41,08942777;"SPRF-ES";"DEL03-ES";"UOP02-DEL03-ES"
185249;2019-01-14;"segunda-feira";"17:50:00";"SC";101;157;"PORTO BELO";"Falta de Atenção à Condução";"Colisão transversal";"Com Vítimas Feridas";"Pleno dia";"Decrescente";"Céu Claro";"Dupla";"Reta";"Sim";3;0;2;0;1;0;2;2;-27,1901;-48,6123;"SPRF-SC";"DEL04-SC";"UOP03-DEL04-SC"
185250;2019-01-14;"segunda-feira";"16:44:00";"MG";40;366;"FELIXLANDIA";"Defeito Mecânico no Veículo";"Tombamento";"Com Vítimas Feridas";"Pleno dia";"Decrescente";"Céu Claro";"Simples";"Curva";"Não";1;0;1;0;0;0;1;1;-18,7855;-44,810379;"SPRF-MG";"DEL02-MG";"UOP01-DEL02-MG"
185251;2019-01-14;"segunda-feira";"18:15:00";"PR";376;159;"MANDAGUACU";"Falta de Atenção à Condução";"Queda de ocupante de veículo";"Com Vítimas Feridas";"Pleno dia";"Crescente";"Nublado";"Dupla";"Reta";"Não";1;0;0;1;0;0;1;1;-23,352516;-52,09127;"SPRF-PR";"DEL07-PR";"UOP01-DEL09-PR"
185252;2019-01-14;"segunda-feira";"16:50:00";"CE";222;35;"CAUCAIA";"Não guardar distância de segurança";"Colisão lateral";"Com Vítimas Feridas";"Pleno dia";"Crescente";"Céu Claro";"Simples";"Reta";"Não";2;0;1;0;1;0;1;2;-3,700936;-38,864799;"SPRF-CE";"DEL01-CE";"UOP01-DEL01-CE"
185253;2019-01-14;"segunda-feira";"18:20:00";"PR";376;658,1;"TIJUCAS DO SUL";"Velocidade Incompatível";"Colisão com objeto estático";"Sem Vítimas";"Pleno dia";"Decrescente";"Chuva";"Dupla";"Curva";"Não";3;0;0;0;3;0;0;1;-25,84717407;-49,01112556;"SPRF-PR";"DEL01-PR";"DEL7/1-UOP08/PR"
185254;2019-01-02;"quarta-feira";"07:20:00";"RS";290;44;"GLORINHA";"Falta de Atenção à Condução";"Engavetamento";"Com Vítimas Feridas";"Pleno dia";"Crescente";"Céu Claro";"Múltipla";"Reta";"Não";5;0;2;0;3;0;2;3;-29,889887;-50,699654;"SPRF-RS";"DEL03-RS";"UOP02-DEL03-RS"