"id";"data_inversa";"dia_semana";"horario";"uf";"br";"km";"municipio";"causa_acidente";"tipo_acidente";"classificacao_acidente";"fase_dia";"sentido_via";"condicao_metereologica";"tipo_pista";"tracado_via";"uso_solo";"pessoas";"mortos";"feridos_leves";"feridos_graves";"ilesos";"ignorados";"feridos";"veiculos";"latitude";"longitude";"regional";"delegacia";"uop"
185255;2019-01-14;"segunda-feira";"16:30:00";"PR";369;208;"APUCARANA";"Falta de Atenção à Condução";"Colisão transversal";"Com Vítimas Feridas";"Pleno dia";"Decrescente";"Nublado";"Simples";"Reta";"Não";2;0;1;0;1;0;1;2;-23,564818;-51,501778;"SPRF-PR";"DEL07-PR";"UOP03-DEL07-PR"
185256;2019-01-14;"segunda-feira";"17:15:00";"SP";116;143,3;"SAO JOSE DOS CAMPOS";"Restrição de Visibilidade";"Queda de ocupante de veículo";"Com Vítimas Feridas";"Pleno dia";"Decrescente";"Nublado";"Dupla";"Reta";"Sim";1;0;1;0;0;0;1;1;-23,178532;-45,83794;"SPRF-SP";"DEL06-SP";"UOP02-DEL02-SP"
185257;2019-01-14;"segunda-feira";"17:50:00";"DF";80;0;"BRASILIA";"Falta de Atenção à Condução";"Colisão com objeto estático";"Com Vítimas Feridas";"Pleno dia";"Crescente";"Céu Claro";"Simples";"Curva";"Não";1;0;1;0;0;0;1;1;-15,735591;-48,075591;"SPRF-DF";"DEL01-DF";"UOP02-DEL03-DF"
185258;2019-01-14;"segunda-feira";"16:20:00";"RO";364;711;"PORTO VELHO";"Falta de Atenção à Condução";"Colisão lateral";"Com Vítimas Feridas";"Pleno dia";"Decrescente";"Céu Claro";"Dupla";"Interseção de Vias";"Sim";2;0;0;1;1;0;1;2;-8,77993314;-63,86842939;"SPRF-RO";"DEL01-RO";"UOP01-DEL01-RO"
185259;2019-01-14;"segunda-feira";"18:40:00";"GO";153;499;"GOIANIA";"Falta de Atenção à Condução";"Colisão lateral";"Sem Vítimas";"Pleno dia";"Crescente";"Sol";"Dupla";"Reta";"Não";2;0;0;0;2;0;0;2;-16,7033;-49,2311;"SPRF-GO";"DEL01-GO";"UOP01-DEL01-GO"
185260;2019-01-14;"segunda-feira";"18:35:00";"SP";116;211;"GUARULHOS";"Velocidade Incompatível";"Colisão traseira";"Com Vítimas Feridas";"Anoitecer";"Decrescente";"Céu Claro";"Múltipla";"Reta";"Sim";2;0;1;0;1;0;1;2;-23,43250703;-46,41991854;"SPRF-SP";"DEL01-SP";"UOP01-DEL01-SP"
185264;2019-01-14;"segunda-feira";"11:30:00";"MG";381;625,6;"OLIVEIRA";"Condutor Dormindo";"Saída de leito carroçável";"Com Vítimas Feridas";"Pleno dia";"Crescente";"Céu Claro";"Dupla";"Declive;Reta";"Não";4;0;1;0;3;0;1;1;-20,8056;-44,7909;"SPRF-MG";"DEL04-MG";"UOP01-DEL04-MG"
185265;2019-01-14;"segunda-feira";"17:40:00";"RJ";116;137;"DUQUE DE CAXIAS";"Defeito Mecânico no Veículo";"Tombamento";"Sem Vítimas";"Pleno dia";"Decrescente";"Céu Claro";"Dupla";"Reta";"Sim";1;0;0;0;1;0;0;1;-22,647911;-43,182049;"SPRF-RJ";"DEL04-RJ";"UOP02-DEL04-RJ"
185266;2019-01-14;"segunda-feira";"19:00:00";"PR";163;285;"MARECHAL CANDIDO RONDON";"Falta de Atenção à Condução";"Atropelamento de Pedestre";"Com Vítimas Feridas";"Anoitecer";"Crescente";"Céu Claro";"Dupla";"Reta";"Sim";2;0;0;1;1;0;1;2;-24,5495;-54,0421;"SPRF-PR";"DEL06-PR";"UOP02-DEL06-PR"
185268;2019-01-14;"segunda-feira";"19:20:00";"PR";376;11;"MARINGA";"Falta de Atenção à Condução";"Colisão com objeto estático";"Com Vítimas Feridas";"Anoitecer";"Crescente";"Céu Claro";"Dupla";"Reta";"Não";2;0;2;0;0;0;2;1;-23,387131;-51,898643;"SPRF-PR";"DEL07-PR";"UOP01-DEL09-PR"
185271;2019-01-14;"segunda-feira";"16:55:00";"PE";232;5;"RECIFE";"Falta de Atenção à Condução";"Saída de leito carroçável";"Com Vítimas Feridas";"Pleno dia";"Crescente";"Sol";"Simples";"Retorno Regulamentado";"Sim";1;0;1;0;0;0;1;1;-8,067958;-34,945354;"SPRF-PE";"DEL01-PE";"UOP01-DEL01-PE"
185274;2019-01-14;"segunda-feira";"19:20:00";"PR";467;101,7;"CASCAVEL";"Condutor Dormindo";"Capotamento";"Com Vítimas Feridas";"Anoitecer";"Crescente";"Nublado";"Dupla";"Reta";"Não";2;0;1;0;1;0;1;1;-24,8999;-53,5272;"SPRF-PR";"DEL04-PR";"UOP01-DEL04-PR"
185275;2019-01-14;"segunda-feira";"17:50:00";"RO";364;239;"CACOAL";"Desobediência às normas de trânsito pelo condutor";"Colisão transversal";"Com Vítimas Feridas";"Pleno dia";"Decrescente";"Nublado";"Simples";"Interseção de Vias";"Sim";2;0;0;1;1;0;1;2;-11,434251;-61,462673;"SPRF-RO";"DEL02-RO";"UOP02-DEL02-RO"
185276;2019-01-14;"segunda-feira";"19:40:00";"SP";116;272;"TABOAO DA SERRA";"Pista Escorregadia";"Tombamento";"Com Vítimas Feridas";"Plena Noite";"Crescente";"Céu Claro";"Dupla";"Reta";"Sim";1;0;1;0;0;0;1;1;-23,61055903;-46,77403634;"SPRF-SP";"DEL04-SP";"UOP01-DEL04-SP"
185278;2019-01-14;"segunda-feira";"20:20:00";"PR";376;176;"MARINGA";"Ingestão de Álcool";"Colisão lateral";"Sem Vítimas";"Plena Noite";"Crescente";"Nublado";"Dupla";"Reta";"Sim";2;0;0;0;2;0;0;2;-23,412691;-51,931583;"SPRF-PR";"DEL07-PR";"UOP01-DEL09-PR"
185279;2019-01-14;"segunda-feira";"17:25:00";"MG";153;11,2;"ARAPORA";"Condutor Dormindo";"Colisão frontal";"Com Vítimas Feridas";"Pleno dia";"Crescente";"Céu Claro";"Dupla";"Reta";"Não";3;0;3;0;0;0;3;2;-18,5237;-49,1907;"SPRF-MG";"DEL15-MG";"UOP03-DEL15-MG"
185280;2019-01-14;"segunda-feira";"21:10:00";"MG";381;507;"SAO JOAQUIM DE BICAS";"Falta de Atenção à Condução";"Tombamento";"Com Vítimas Feridas";"Plena Noite";"Crescente";"Céu Claro";"Dupla";"Reta";"Sim";2;0;2;0;0;0;2;1;-20,0442;-44,2708;"SPRF-MG";"DEL01-MG";"UOP03-DEL01-MG"
185281;2019-01-14;"segunda-feira";"19:00:00";"MG";116;527,2;"CARATINGA";"Ingestão de Álcool";"Colisão traseira";"Com Vítimas Feridas";"Anoitecer";"Crescente";"Nublado";"Simples";"Reta";"Sim";2;0;1;0;1;0;1;2;-19,775033;-42,132233;"SPRF-MG";"DEL06-MG";"UOP02-DEL06-MG"
185282;2019-01-14;"segunda-feira";"18:00:00";"PR";153;135;"VENTANIA";"Velocidade Incompatível";"Queda de ocupante de veículo";"Com Vítimas Feridas";"Pleno dia";"Crescente";"Céu Claro";"Simples";"Curva";"Não";2;0;2;0;0;0;2;1;-24,04254484;-50,25047779;"SPRF-PR";"DEL07-PR";"UOP04-DEL07-PR"
185283;2019-01-14;"segunda-feira";"21:20:00";"PR";376;185,4;"SARANDI";"Pista Escorregadia";"Saída de leito carroçável";"Sem Vítimas";"Plena Noite";"Crescente";"Chuva";"Dupla";"Reta";"Não";2;0;0;0;2;0;0;1;-23,441591;-51,870674;"SPRF-PR";"DEL07-PR";"UOP01-DEL09-PR"
185284;2019-01-14;"segunda-feira";"19:00:00";"BA";101;681,4;"ITAGIMIRIM";"Falta de Atenção à Condução";"Colisão transversal";"Com Vítimas Feridas";"Anoitecer";"Crescente";"Céu Claro";"Simples";"Aclive;Reta";"Não";3;0;2;1;0;0;3;2;-16,0842;-39,6199;"SPRF-BA";"DEL09-BA";"UOP01-DEL09-BA"
185289;2019-01-14;"segunda-feira";"21:00:00";"PE";101;123,5;"ESCADA";"Animais na Pista";"Atropelamento de Animal";"Sem Vítimas";"Plena Noite";"Decrescente";"Nublado";"Dupla";"Reta";"Não";1;0;0;0;1;0;0;1;-8,3607;-35,2105;"SPRF-PE";"DEL01-PE";"UOP03-DEL01-PE"
185291;2019-01-14;"segunda-feira";"20:38:00";"SP";116;362,7;"MIRACATU";"Defeito Mecânico no Veículo";"Incêndio";"Sem Vítimas";"Plena Noite";"Crescente";"Céu Claro";"Dupla";"Reta";"Não";1;0;0;0;0;1;0;1;-24,14518156;-47,27656398;"SPRF-SP";"DEL04-SP";"UOP03-DEL04-SP"
185293;2019-01-14;"segunda-feira";"23:40:00";"MS";163;480,2;"CAMPO GRANDE";"Falta de Atenção à Condução";"Colisão traseira";"Com Vítimas Feridas";"Plena Noite";"Decrescente";"Céu Claro";"Simples";"Reta";"Sim";2;0;1;0;1;0;1;2;-20,47655183;-54,55947876;"SPRF-MS";"DEL01-MS";"UOP01-DEL01-MS"
185295;2019-01-15;"terça-feira";"01:20:00";"GO";153;571,8;"PROFESSOR JAMIL";"Condutor Dormindo";"Capotamento";"Com Vítimas Feridas";"Plena Noite";"Decrescente";"Céu Claro";"Dupla";"Reta";"Não";1;0;1;0;0;0;1;1;-17,3118;-49,238;"SPRF-GO";"DEL03-GO";"UOP01-DEL03-GO"
185297;2019-01-15;"terça-feira";"00:50:00";"SC";116;260,5;"CAPAO ALTO";"Velocidade Incompatível";"Saída de leito carroçável";"Com Vítimas Feridas";"Plena Noite";"Crescente";"Chuva";"Simples";"Reta";"Não";1;0;1;0;0;0;1;1;-27,90675497;-50,44166565;"SPRF-SC";"DEL05-SC";"UOP02-DEL05-SC"
185301;2019-01-15;"terça-feira";"03:00:00";"PB";101;46,5;"MAMANGUAPE";"Animais na Pista";"Atropelamento de Animal";"Com Vítimas Feridas";"Plena Noite";"Decrescente";"Céu Claro";"Dupla";"Reta";"Não";4;0;1;3;0;0;4;1;-6,9;-35,1209;"SPRF-PB";"DEL01-PB";"UOP04-DEL01-PB"
185302;2019-01-15;"terça-feira";"04:15:00";"RJ";116;204;"SEROPEDICA";"Restrição de Visibilidade";"Queda de ocupante de veículo";"Com Vítimas Feridas";"Plena Noite";"Crescente";"Céu Claro";"Dupla";"Reta";"Não";1;0;1;0;0;0;1;1;-22,72043804;-43,68597633;"SPRF-RJ";"DEL01-RJ";"UOP03-DEL01-RJ"
185305;2019-01-15;"terça-feira";"05:45:00";"PR";376;501,8;"PONTA GROSSA";"Falta de Atenção do Pedestre";"Atropelamento de Pedestre";"Com Vítimas Feridas";"Amanhecer";"Crescente";"Céu Claro";"Dupla";"Reta";"Não";2;0;1;1;0;0;2;2;-25,18798609;-50,08684158;"SPRF-PR";"DEL03-PR";"UOP04-DEL03-PR"
185308;2019-01-15;"terça-feira";"04:40:00";"MT";364;440;"VARZEA GRANDE";"Velocidade Incompatível";"Saída de leito carroçável";"Com Vítimas Feridas";"Plena Noite";"Crescente";"Nevoeiro/Neblina";"Simples";"Curva";"Não";2;0;2;0;0;0;2;1;-15,59989083;-56,20983124;"SPRF-MT";"DEL01-MT";"DEL2/4-UOP02/MT"
185310;2019-01-15;"terça-feira";"05:30:00";"MG";40;303;"TRES MARIAS";"Falta de Atenção do Pedestre";"Atropelamento de Pedestre";"Com Vítimas Feridas";"Amanhecer";"Crescente";"Céu Claro";"Simples";"Reta";"Não";3;0;1;0;2;0;1;2;-18,376602;-45,098587;"SPRF-MG";"DEL14-MG";"UOP02-DEL14-MG"
185311;2019-01-15;"terça-feira";"06:40:00";"MG";381;679,2;"PERDOES";"Pista Escorregadia";"Queda de ocupante de veículo";"Com Vítimas Feridas";"Pleno dia";"Decrescente";"Nublado";"Dupla";"Curva";"Não";1;0;1;0;0;0;1;1;-21,1277;-45,1001;"SPRF-MG";"DEL04-MG";"UOP02-DEL04-MG"
185312;2019-01-15;"terça-feira";"06:00:00";"MG";381;480;"CONTAGEM";"Defeito Mecânico no Veículo";"Tombamento";"Com Vítimas Feridas";"Amanhecer";"Decrescente";"Céu Claro";"Dupla";"Reta;Aclive";"Sim";2;0;2;0;0;0;2;1;-19,9586;-44,0608;"SPRF-MG";"DEL01-MG";"UOP03-DEL01-MG"
185313;2019-01-10;"quinta-feira";"01:45:00";"SC";282;20,7;"PALHOCA";"Desobediência às normas de trânsito pelo condutor";"Colisão frontal";"Com Vítimas Fatais";"Plena Noite";"Crescente";"Céu Claro";"Simples";"Curva;Declive";"Sim";2;1;0;0;1;0;0;2;-27,689215;-48,716141;"SPRF-SC";"DEL01-SC";"UOP02-DEL01-SC"
185314;2019-01-15;"terça-feira";"06:40:00";"SC";470;68;"INDAIAL";"Falta de Atenção à Condução";"Colisão lateral";"Com Vítimas Feridas";"Amanhecer";"Decrescente";"Céu Claro";"Simples";"Interseção de Vias";"Sim";2;0;1;0;1;0;1;2;-26,877615;-49,239231;"SPRF-SC";"DEL04-SC";"UOP01-DEL04-SC"
185317;2019-01-15;"terça-feira";"06:30:00";"PR";163;285;"MARECHAL CANDIDO RONDON";"Falta de Atenção à Condução";"Colisão traseira";"Com Vítimas Feridas";"Amanhecer";"Decrescente";"Céu Claro";"Dupla";"Reta";"Sim";3;0;2;0;1;0;2;2;-24,5495;-54,0421;"SPRF-PR";"DEL06-PR";"UOP02-DEL06-PR"
185319;2019-01-15;"terça-feira";"07:50:00";"SP";101;50,5;"UBATUBA";"Ultrapassagem Indevida";"Colisão transversal";"Com Vítimas Feridas";"Pleno dia";"Decrescente";"Céu Claro";"Simples";"Interseção de Vias";"Sim";2;0;1;1;0;0;2;2;-23,4570459;-45,07033825;"SPRF-SP";"DEL06-SP";"UOP01-DEL06-SP"
185320;2019-01-15;"terça-feira";"07:50:00";"PR";467;109,8;"CASCAVEL";"Falta de Atenção à Condução";"Colisão lateral";"Com Vítimas Feridas";"Pleno dia";"Decrescente";"Céu Claro";"Dupla";"Reta";"Sim";1;0;1;0;0;0;1;1;-24,9261;-53,4589;"SPRF-PR";"DEL04-PR";"UOP01-DEL04-PR"
185321;2019-01-07;"segunda-feira";"17:30:00";"MG";50;54;"ARAGUARI";"Velocidade Incompatível";"Colisão com objeto estático";"Com Vítimas Feridas";"Pleno dia";"Crescente";"Chuva";"Dupla";"Curva";"Não";2;0;1;0;0;1;1;2;-18,7765;-48,2393;"SPRF-MG";"DEL15-MG";"UOP02-DEL15-MG"
185322;2019-01-15;"terça-feira";"05:30:00";"MG";381;302;"ANTONIO DIAS";"Sinalização da via insuficiente ou inadequada";"Saída de leito carroçável";"Com Vítimas Feridas";"Amanhecer";"Decrescente";"Céu Claro";"Simples";"Curva;Em Obras;Aclive";"Não";4;0;1;0;3;0;1;1;-19,62443148;-42,86845478;"SPRF-MG";"DEL03-MG";"UOP02-DEL03-MG"
185323;2019-01-15;"terça-feira";"02:00:00";"BA";101;561;"ARATACA";"Falta de Atenção à Condução";"Saída de leito carroçável";"Com Vítimas Feridas";"Plena Noite";"Decrescente";"Céu Claro";"Simples";"Reta";"Não";3;0;2;0;1;0;2;1;-15,2027;-39,4431;"SPRF-BA";"DEL05-BA";"UOP02-DEL05-BA"
185325;2019-01-15;"terça-feira";"07:55:00";"MG";50;172,2;"UBERABA";"Ingestão de Álcool";"Saída de leito carroçável";"Com Vítimas Feridas";"Pleno dia";"Decrescente";"Céu Claro";"Dupla";"Aclive";"Sim";1;0;1;0;0;0;1;1;-19,75820383;-47,97863267;"SPRF-MG";"DEL13-MG";"UOP01-DEL13-MG"
185326;2019-01-13;"domingo";"06:20:00";"SC";101;162;"TIJUCAS";"Desobediência às normas de trânsito pelo condutor";"Colisão transversal";"Sem Vítimas";"Pleno dia";"Decrescente";"Chuva";"Múltipla";"Reta";"Sim";3;0;0;0;3;0;0;3;-27,2325;-48,6299;"SPRF-SC";"DEL04-SC";"UOP03-DEL04-SC"
185327;2019-01-15;"terça-feira";"08:50:00";"SP";116;220;"GUARULHOS";"Não guardar distância de segurança";"Colisão traseira";"Com Vítimas Feridas";"Pleno dia";"Decrescente";"Sol";"Múltipla";"Reta";"Sim";2;0;0;1;1;0;1;2;-23,46614592;-46,50075361;"SPRF-SP";"DEL01-SP";"UOP01-DEL01-SP"
185330;2019-01-12;"sábado";"17:45:00";"SC";101;134;"BALNEARIO CAMBORIU";"Ingestão de Álcool";"Colisão com objeto estático";"Sem Vítimas";"Pleno dia";"Decrescente";"Céu Claro";"Dupla";"Reta";"Sim";1;0;0;0;1;0;0;1;-27,0049;-48,6266;"SPRF-SC";"DEL04-SC";"UOP03-DEL04-SC"
185332;2019-01-15;"terça-feira";"06:15:00";"RJ";101;428;"MANGARATIBA";"Falta de Atenção à Condução";"Saída de leito carroçável";"Com Vítimas Feridas";"Amanhecer";"Decrescente";"Céu Claro";"Dupla";"Reta";"Não";1;0;0;1;0;0;1;1;-22,933918;-43,989998;"SPRF-RJ";"DEL03-RJ";"UOP01-DEL03-RJ"
185333;2019-01-15;"terça-feira";"08:20:00";"CE";116;68;"CHOROZINHO";"Falta de Atenção à Condução";"Colisão traseira";"Com Vítimas Feridas";"Pleno dia";"Crescente";"Nublado";"Simples";"Reta";"Sim";2;0;1;0;1;0;1;2;-4,306195;-38,501423;"SPRF-CE";"DEL03-CE";"UOP02-DEL03-CE"
185334;2019-01-12;"sábado";"21:15:00";"SC";282;210,7;"LAGES";"Mal Súbito";"Tombamento";"Com Vítimas Feridas";"Plena Noite";"Decrescente";"Nublado";"Simples";"Reta";"Não";1;0;1;0;0;0;1;1;-27,778582;-50,231815;"SPRF-SC";"DEL05-SC";"UOP01-DEL05-SC"
185336;2019-01-15;"terça-feira";"09:00:00";"ES";262;168,4;"IBATIBA";"Falta de Atenção à Condução";"Tombamento";"Com Vítimas Feridas";"Pleno dia";"Crescente";"Sol";"Simples";"Reta";"Não";2;0;2;0;0;0;2;1;-20,265;-41,5732;"SPRF-ES";"DEL01-ES";"UOP02-DEL01-ES"
185341;2019-01-14;"segunda-feira";"19:15:00";"MG";116;412;"GOVERNADOR VALADARES";"Falta de Atenção à Condução";"Atropelamento de Animal";"Com Vítimas Feridas";"Anoitecer";"Crescente";"Céu Claro";"Dupla";"Retorno Regulamentado";"Sim";2;0;1;0;1;0;1;2;-18,8679206;-41,9725067;"SPRF-MG";"DEL06-MG";"UOP01-DEL06-MG"
185342;2019-01-15;"terça-feira";"08:30:00";"RJ";493;95;"SEROPEDICA";"Falta de Atenção à Condução";"Colisão com objeto estático";"Com Vítimas Feridas";"Pleno dia";"Crescente";"Sol";"Múltipla";"Reta";"Não";4;0;2;1;1;0;3;1;-22,70909561;-43,70056629;"SPRF-RJ";"DEL01-RJ";"UOP03-DEL01-RJ"
185344;2019-01-15;"terça-feira";"09:29:00";"CE";304;51,4;"ARACATI";"Falta de Atenção à Condução";"Colisão transversal";"Com Vítimas Feridas";"Pleno dia";"Decrescente";"Céu Claro";"Dupla";"Curva";"Não";7;0;2;0;5;0;2;2;-4,569423;-37,753418;"SPRF-CE";"DEL03-CE";"UOP03-DEL03-CE"
185345;2019-01-15;"terça-feira";"10:05:00";"RS";468;98;"TRES PASSOS";"Não guardar distância de segurança";"Colisão traseira";"Com Vítimas Feridas";"Pleno dia";"Crescente";"Sol";"Simples";"Reta";"Não";4;0;2;0;2;0;2;2;-27,483887;-53,901962;"SPRF-RS";"DEL08-RS";"UOP02-DEL08-RS"
185346;2019-01-15;"terça-feira";"10:00:00";"SC";101;204,2;"SAO JOSE";"Mal Súbito";"Colisão com objeto estático";"Com Vítimas Feridas";"Pleno dia";"Decrescente";"Céu Claro";"Múltipla";"Declive";"Não";1;0;1;0;0;0;1;1;-27,5832;-48,6151;"SPRF-SC";"DEL01-SC";"UOP01-DEL01-SC"
185347;2019-01-15;"terça-feira";"10:20:00";"MG";153;36;"CANAPOLIS";"Velocidade Incompatível";"Saída de leito carroçável";"Com Vítimas Feridas";"Pleno dia";"Decrescente";"Céu Claro";"Dupla";"Reta";"Não";4;0;3;0;1;0;3;1;-18,726;-49,1166;"SPRF-MG";"DEL15-MG";"UOP03-DEL15-MG"
185348;2019-01-15;"terça-feira";"08:40:00";"CE";20;429;"FORTALEZA";"Desobediência às normas de trânsito pelo condutor";"Colisão lateral";"Com Vítimas Feridas";"Pleno dia";"Decrescente";"Céu Claro";"Dupla";"Aclive";"Sim";3;0;0;2;1;0;2;2;-3,76999;-38,670063;"SPRF-CE";"DEL01-CE";"UOP02-DEL01-CE"
185349;2019-01-15;"terça-feira";"07:25:00";"AC";364;125;"RIO BRANCO";"Defeito Mecânico no Veículo";"Queda de ocupante de veículo";"Com Vítimas Feridas";"Pleno dia";"Decrescente";"Ignorado";"Dupla";"Curva";"Não";2;0;2;0;0;0;2;1;-10,012844;-67,800125;"SPRF-AC";"DEL01-AC";"UOP01-DEL01-AC"
185350;2019-01-15;"terça-feira";"08:45:00";"MA";135;22,9;"SAO LUIS";"Falta de Atenção à Condução";"Colisão traseira";"Com Vítimas Feridas";"Pleno dia";"Crescente";"Céu Claro";"Dupla";"Reta";"Sim";3;0;0;1;2;0;1;3;-2,53073;-44,3068;"SPRF-MA";"DEL01-MA";"UOP01-DEL01-MA"
185353;2019-01-15;"terça-feira";"10:00:00";"BA";324;588;"CANDEIAS";"Falta de Atenção à Condução";"Colisão traseira";"Com Vítimas Feridas";"Pleno dia";"Crescente";"Nublado";"Dupla";"Reta";"Não";2;0;1;0;1;0;1;2;-12,69664667;-38,4645325;"SPRF-BA";"DEL01-BA";"UOP01-DEL01-BA"
185354;2019-01-15;"terça-feira";"11:05:00";"PR";277;467,3;"LARANJEIRAS DO SUL";"Não guardar distância de segurança";"Colisão traseira";"Com Vítimas Feridas";"Pleno dia";"Decrescente";"Céu Claro";"Simples";"Aclive;Reta";"Não";2;0;0;1;1;0;1;2;-25,33129952;-52,50835245;"SPRF-PR";"DEL04-PR";"UOP02-DEL04-PR"
185356;2019-01-15;"terça-feira";"10:40:00";"MG";40;789,6;"JUIZ DE FORA";"Defeito Mecânico no Veículo";"Tombamento";"Com Vítimas Feridas";"Pleno dia";"Decrescente";"Céu Claro";"Dupla";"Reta";"Não";2;0;2;0;0;0;2;1;-21,7755;-43,4327;"SPRF-MG";"DEL05-MG";"UOP01-DEL05-MG"
185360;2019-01-15;"terça-feira";"09:10:00";"MT";364;205;"RONDONOPOLIS";"Falta de Atenção à Condução";"Colisão transversal";"Com Vítimas Feridas";"Pleno dia";"Decrescente";"Céu Claro";"Dupla";"Reta";"Sim";3;0;2;0;1;0;2;2;-16,459299;-54,660919;"SPRF-MT";"DEL02-MT";"UOP01-DEL02-MT"
185363;2019-01-15;"terça-feira";"11:50:00";"RS";116;113;"SAO MARCOS";"Falta de Atenção à Condução";"Colisão transversal";"Com Vítimas Feridas";"Pleno dia";"Crescente";"Céu Claro";"Simples";"Interseção de Vias";"Sim";2;0;1;0;1;0;1;2;-28,956675;-51,080162;"SPRF-RS";"DEL05-RS";"UOP01-DEL05-RS"
185366;2019-01-15;"terça-feira";"12:00:00";"GO";60;389,2;"RIO VERDE";"Objeto estático sobre o leito carroçável";"Colisão traseira";"Com Vítimas Feridas";"Pleno dia";"Crescente";"Céu Claro";"Dupla";"Reta";"Sim";2;0;1;0;1;0;1;2;-17,819;-50,943;"SPRF-GO";"DEL04-GO";"UOP01-DEL04-GO"
185367;2019-01-15;"terça-feira";"12:40:00";"SC";282;3,5;"SAO JOSE";"Não guardar distância de segurança";"Colisão traseira";"Com Vítimas Feridas";"Pleno dia";"Decrescente";"Céu Claro";"Dupla";"Reta";"Sim";4;0;2;0;1;1;2;3;-27,600384;-48,599705;"SPRF-SC";"DEL01-SC";"UOP01-DEL01-SC"
185368;2019-01-15;"terça-feira";"09:20:00";"MA";222;207,4;"ITAPECURU MIRIM";"Falta de Atenção à Condução";"Colisão transversal";"Com Vítimas Feridas";"Pleno dia";"Decrescente";"Nublado";"Simples";"Reta";"Não";2;0;1;0;1;0;1;2;-3,39279087;-44,36313629;"SPRF-MA";"DEL01-MA";"DEL18/1-UOP03/MA"
185369;2019-01-15;"terça-feira";"11:22:00";"RO";364;713;"PORTO VELHO";"Falta de Atenção à Condução";"Colisão lateral";"Com Vítimas Feridas";"Pleno dia";"Decrescente";"Céu Claro";"Dupla";"Curva";"Sim";2;0;1;0;1;0;1;2;-8,77123735;-63,88310909;"SPRF-RO";"DEL01-RO";"UOP01-DEL01-RO"
185370;2019-01-15;"terça-feira";"10:50:00";"CE";222;141,4;"IRAUCUBA";"Velocidade Incompatível";"Saída de leito carroçável";"Com Vítimas Feridas";"Pleno dia";"Decrescente";"Chuva";"Simples";"Curva";"Não";2;0;2;0;0;0;2;1;-3,754671;-39,715527;"SPRF-CE";"DEL04-CE";"UOP03-DEL04-CE"
185379;2019-01-15;"terça-feira";"13:05:00";"RJ";393;230;"VASSOURAS";"Falta de Atenção à Condução";"Capotamento";"Com Vítimas Feridas";"Pleno dia";"Decrescente";"Céu Claro";"Simples";"Curva";"Não";4;0;1;0;3;0;1;1;-22,326361;-43,536674;"SPRF-RJ";"DEL05-RJ";"UOP03-DEL05-RJ"
185381;2019-01-15;"terça-feira";"14:45:00";"RS";290;6,1;"OSORIO";"Falta de Atenção à Condução";"Saída de leito carroçável";"Com Vítimas Feridas";"Pleno dia";"Decrescente";"Céu Claro";"Dupla";"Reta";"Não";2;0;2;0;0;0;2;1;-29,896193;-50,334114;"SPRF-RS";"DEL03-RS";"UOP02-DEL03-RS"
185383;2019-01-15;"terça-feira";"13:50:00";"PE";101;82;"JABOATAO DOS GUARARAPES";"Falta de Atenção à Condução";"Colisão lateral";"Com Vítimas Feridas";"Pleno dia";"Crescente";"Céu Claro";"Dupla";"Interseção de Vias";"Sim";3;0;1;0;2;0;1;2;-8,1768;-34,9443;"SPRF-PE";"DEL01-PE";"UOP03-DEL01-PE"
185388;2019-01-15;"terça-feira";"15:40:00";"DF";20;11,2;"BRASILIA";"Falta de Atenção à Condução";"Colisão lateral";"Com Vítimas Feridas";"Pleno dia";"Crescente";"Sol";"Dupla";"Reta";"Sim";3;0;2;0;1;0;2;2;-15,64654;-47,766422;"SPRF-DF";"DEL02-DF";"UOP01-DEL02-DF"
185389;2019-01-15;"terça-feira";"13:00:00";"CE";20;389,5;"CAUCAIA";"Velocidade Incompatível";"Saída de leito carroçável";"Com Vítimas Feridas";"Pleno dia";"Crescente";"Nublado";"Simples";"Declive";"Não";1;0;1;0;0;0;1;1;-3,83124147;-38,75727654;"SPRF-CE";"DEL01-CE";"UOP01-DEL01-CE"
185392;2019-01-15;"terça-feira";"14:10:00";"MG";116;539,5;"SANTA RITA DE MINAS";"Falta de Atenção à Condução";"Colisão lateral";"Com Vítimas Feridas";"Pleno dia";"Decrescente";"Céu Claro";"Simples";"Reta";"Sim";2;0;1;0;1;0;1;2;-19,87397018;-42,13240927;"SPRF-MG";"DEL06-MG";"UOP02-DEL06-MG"
185394;2019-01-05;"sábado";"18:45:00";"MG";267;58,2;"BICAS";"Falta de Atenção à Condução";"Colisão lateral";"Com Vítimas Feridas";"Anoitecer";"Crescente";"Nublado";"Simples";"Interseção de Vias";"Não";3;0;2;0;1;0;2;2;-21,7293;-43,0632;"SPRF-MG";"DEL07-MG";"UOP01-DEL07-MG"
185395;2019-01-15;"terça-feira";"15:30:00";"MG";459;102;"POUSO ALEGRE";"Defeito Mecânico no Veículo";"Colisão traseira";"Com Vítimas Feridas";"Pleno dia";"Crescente";"Céu Claro";"Simples";"Curva";"Sim";4;0;1;0;3;0;1;2;-22,211775;-45,924671;"SPRF-MG";"DEL16-MG";"UOP01-DEL16-MG"
185396;2019-01-15;"terça-feira";"16:00:00";"GO";40;123;"CRISTALINA";"Falta de Atenção à Condução";"Saída de leito carroçável";"Com Vítimas Feridas";"Pleno dia";"Decrescente";"Céu Claro";"Dupla";"Reta";"Não";1;0;1;0;0;0;1;1;-16,867442;-47,395855;"SPRF-DF";"DEL01-DF";"UOP02-DEL01-DF"