"id";"data_inversa";"dia_semana";"horario";"uf";"br";"km";"municipio";"causa_acidente";"tipo_acidente";"classificacao_acidente";"fase_dia";"sentido_via";"condicao_metereologica";"tipo_pista";"tracado_via";"uso_solo";"pessoas";"mortos";"feridos_leves";"feridos_graves";"ilesos";"ignorados";"feridos";"veiculos";"latitude";"longitude";"regional";"delegacia";"uop"
185398;2019-01-15;"terça-feira";"16:25:00";"RS";290;91,9;"PORTO ALEGRE";"Defeito Mecânico no Veículo";"Tombamento";"Com Vítimas Feridas";"Pleno dia";"Decrescente";"Céu Claro";"Dupla";"Reta";"Sim";1;0;1;0;0;0;1;1;-29,969055;-51,167439;"SPRF-RS";"DEL01-RS";"UOP01-DEL01-RS"
185399;2019-01-15;"terça-feira";"16:10:00";"MG";381;508,3;"SAO JOAQUIM DE BICAS";"Não guardar distância de segurança";"Colisão traseira";"Com Vítimas Feridas";"Pleno dia";"Crescente";"Sol";"Dupla";"Curva";"Sim";3;0;1;0;2;0;1;2;-20,0494;-44,2767;"SPRF-MG";"DEL01-MG";"UOP03-DEL01-MG"
185400;2019-01-15;"terça-feira";"15:10:00";"PE";101;79;"JABOATAO DOS GUARARAPES";"Falta de Atenção do Pedestre";"Atropelamento de Pedestre";"Com Vítimas Feridas";"Pleno dia";"Decrescente";"Céu Claro";"Simples";"Em Obras";"Sim";2;0;2;0;0;0;2;2;-8,1533;-34,9421;"SPRF-PE";"DEL01-PE";"UOP01-DEL01-PE"
185401;2019-01-15;"terça-feira";"08:45:00";"SP";116;68,4;"APARECIDA";"Mal Súbito";"Colisão com objeto estático";"Com Vítimas Feridas";"Pleno dia";"Decrescente";"Sol";"Dupla";"Reta";"Sim";2;0;2;0;0;0;2;1;-22,83579893;-45,22019863;"SPRF-SP";"DEL08-SP";"UOP01-DEL08-SP"
185405;2019-01-15;"terça-feira";"16:10:00";"RJ";465;3;"SEROPEDICA";"Mal Súbito";"Colisão lateral";"Sem Vítimas";"Pleno dia";"Crescente";"Sol";"Simples";"Reta";"Não";7;0;0;0;7;0;0;2;-22,73427;-43,711994;"SPRF-RJ";"DEL01-RJ";"UOP03-DEL01-RJ"
185406;2019-01-15;"terça-feira";"17:05:00";"RJ";116;277;"BARRA MANSA";"Defeito Mecânico no Veículo";"Tombamento";"Com Vítimas Feridas";"Pleno dia";"Decrescente";"Céu Claro";"Dupla";"Reta";"Não";2;0;2;0;0;0;2;1;-22,559055;-44,17284;"SPRF-RJ";"DEL07-RJ";"UOP02-DEL07-RJ"
185409;2019-01-15;"terça-feira";"17:00:00";"RJ";356;174;"SAO JOAO DA BARRA";"Falta de Atenção à Condução";"Colisão transversal";"Com Vítimas Feridas";"Pleno dia";"Decrescente";"Céu Claro";"Simples";"Curva";"Não";3;0;1;0;2;0;1;2;-21,718555;-41,101276;"SPRF-RJ";"DEL08-RJ";"UOP02-DEL08-RJ"
185411;2019-01-15;"terça-feira";"17:50:00";"SP";116;203;"ARUJA";"Não guardar distância de segurança";"Colisão lateral";"Com Vítimas Feridas";"Anoitecer";"Decrescente";"Céu Claro";"Simples";"Reta";"Não";2;0;1;0;1;0;1;2;-23,40864633;-46,34000291;"SPRF-SP";"DEL01-SP";"UOP02-DEL01-SP"
185412;2019-01-15;"terça-feira";"17:20:00";"SP";116;217;"GUARULHOS";"Não guardar distância de segurança";"Colisão traseira";"Com Vítimas Feridas";"Pleno dia";"Decrescente";"Sol";"Múltipla";"Reta";"Não";2;0;1;0;0;1;1;2;-23,45521524;-46,47388458;"SPRF-SP";"DEL01-SP";"UOP01-DEL01-SP"
185413;2019-01-15;"terça-feira";"09:20:00";"BA";101;882;"TEIXEIRA DE FREITAS";"Não guardar distância de segurança";"Colisão traseira";"Sem Vítimas";"Pleno dia";"Decrescente";"Céu Claro";"Simples";"Reta";"Não";2;0;0;0;2;0;0;2;-17,5784;-39,7371;"SPRF-BA";"DEL09-BA";"UOP02-DEL09-BA"
185414;2019-01-15;"terça-feira";"14:00:00";"CE";222;345,9;"UBAJARA";"Pista Escorregadia";"Capotamento";"Sem Vítimas";"Pleno dia";"Crescente";"Chuva";"Simples";"Curva";"Não";1;0;0;0;0;1;0;1;-3,908398;-41,206448;"SPRF-CE";"DEL04-CE";"UOP02-DEL04-CE"
185415;2019-01-15;"terça-feira";"18:05:00";"ES";262;6,5;"CARIACICA";"Falta de Atenção do Pedestre";"Atropelamento de Pedestre";"Com Vítimas Feridas";"Pleno dia";"Decrescente";"Sol";"Múltipla";"Reta";"Sim";4;0;1;1;2;0;2;3;-20,34136761;-40,39680362;"SPRF-ES";"DEL01-ES";"UOP01-DEL01-ES"
185416;2019-01-15;"terça-feira";"17:14:00";"SP";116;23,1;"LAVRINHAS";"Falta de Atenção à Condução";"Colisão com objeto estático";"Com Vítimas Feridas";"Pleno dia";"Crescente";"Chuva";"Dupla";"Reta";"Não";2;0;1;0;1;0;1;1;-22,589794;-44,885368;"SPRF-SP";"DEL08-SP";"UOP02-DEL08-SP"
185417;2019-01-15;"terça-feira";"17:30:00";"RN";101;86;"NATAL";"Não guardar distância de segurança";"Colisão lateral";"Com Vítimas Feridas";"Pleno dia";"Decrescente";"Céu Claro";"Simples";"Reta";"Não";5;0;3;0;0;2;3;4;-5,786297;-35,245651;"SPRF-RN";"DEL02-RN";"UOP01-DEL02-RN"
185418;2019-01-15;"terça-feira";"17:30:00";"BA";324;573,2;"SAO SEBASTIAO DO PASSE";"Falta de Atenção à Condução";"Capotamento";"Com Vítimas Feridas";"Pleno dia";"Crescente";"Nublado";"Dupla";"Reta";"Não";1;0;1;0;0;0;1;1;-12,56144607;-38,56274725;"SPRF-BA";"DEL01-BA";"UOP01-DEL01-BA"
185420;2019-01-15;"terça-feira";"16:50:00";"RJ";101;187,7;"RIO DAS OSTRAS";"Falta de Atenção à Condução";"Colisão lateral";"Com Vítimas Feridas";"Pleno dia";"Decrescente";"Céu Claro";"Simples";"Reta";"Não";3;0;1;0;2;0;1;3;-22,443279;-42,047272;"SPRF-RJ";"DEL02-RJ";"UOP04-DEL08-RJ"
185421;2019-01-07;"segunda-feira";"16:13:00";"RN";101;95;"NATAL";"Falta de Atenção à Condução";"Colisão transversal";"Com Vítimas Feridas";"Pleno dia";"Decrescente";"Céu Claro";"Múltipla";"Reta";"Sim";2;0;0;1;1;0;1;2;-5,840768;-35,210358;"SPRF-RN";"DEL01-RN";"UOP01-DEL01-RN"
185424;2019-01-15;"terça-feira";"14:20:00";"MG";381;744;"TRES CORACOES";"Condutor Dormindo";"Colisão com objeto estático";"Com Vítimas Feridas";"Pleno dia";"Decrescente";"Céu Claro";"Dupla";"Curva";"Não";2;0;1;0;1;0;1;1;-21,6186;-45,2531;"SPRF-MG";"DEL16-MG";"UOP02-DEL16-MG"
185427;2019-01-15;"terça-feira";"19:20:00";"SC";470;48,1;"BLUMENAU";"Desobediência às normas de trânsito pelo condutor";"Colisão frontal";"Com Vítimas Feridas";"Anoitecer";"Crescente";"Nublado";"Simples";"Reta";"Não";2;0;1;0;1;0;1;2;-26,859823;-49,055393;"SPRF-SC";"DEL04-SC";"UOP01-DEL04-SC"
185428;2019-01-15;"terça-feira";"18:30:00";"RJ";101;296;"ITABORAI";"Avarias e/ou desgaste excessivo no pneu";"Queda de ocupante de veículo";"Com Vítimas Feridas";"Anoitecer";"Decrescente";"Céu Claro";"Dupla";"Reta";"Sim";1;0;1;0;0;0;1;1;-22,767054;-42,910255;"SPRF-RJ";"DEL02-RJ";"DEL5/2-UOP04/RJ"
185429;2019-01-15;"terça-feira";"18:50:00";"PE";101;67,5;"RECIFE";"Desobediência às normas de trânsito pelo condutor";"Colisão transversal";"Com Vítimas Feridas";"Plena Noite";"Crescente";"Céu Claro";"Múltipla";"Interseção de Vias;Reta";"Sim";2;0;1;0;1;0;1;2;-8,043563;-34,943844;"SPRF-PE";"DEL01-PE";"UOP01-DEL01-PE"
185430;2019-01-15;"terça-feira";"19:30:00";"GO";60;18;"ALEXANIA";"Falta de Atenção à Condução";"Capotamento";"Com Vítimas Feridas";"Plena Noite";"Crescente";"Céu Claro";"Dupla";"Reta";"Não";1;0;1;0;0;0;1;1;-16,0963;-48,5202;"SPRF-DF";"DEL01-DF";"UOP01-DEL03-DF"
185431;2019-01-15;"terça-feira";"18:30:00";"BA";324;517;"FEIRA DE SANTANA";"Falta de Atenção à Condução";"Colisão transversal";"Com Vítimas Feridas";"Plena Noite";"Crescente";"Céu Claro";"Simples";"Interseção de Vias";"Sim";3;0;1;0;1;1;1;2;-12,25060496;-38,93340111;"SPRF-BA";"DEL02-BA";"UOP01-DEL02-BA"
185433;2019-01-15;"terça-feira";"18:20:00";"RJ";40;110;"DUQUE DE CAXIAS";"Falta de Atenção à Condução";"Colisão traseira";"Com Vítimas Feridas";"Anoitecer";"Decrescente";"Nublado";"Múltipla";"Reta";"Sim";2;0;1;0;1;0;1;2;-22,6924;-43,2875;"SPRF-RJ";"DEL01-RJ";"UOP01-DEL01-RJ"
185434;2019-01-15;"terça-feira";"20:20:00";"RJ";493;22;"MAGE";"Defeito na Via";"Colisão com objeto estático";"Com Vítimas Feridas";"Plena Noite";"Crescente";"Nublado";"Simples";"Em Obras";"Não";3;0;0;1;2;0;1;1;-22,659311;-43,053299;"SPRF-RJ";"DEL04-RJ";"UOP02-DEL04-RJ"
185435;2019-01-15;"terça-feira";"19:20:00";"CE";20;406;"CAUCAIA";"Falta de Atenção à Condução";"Tombamento";"Com Vítimas Feridas";"Plena Noite";"Decrescente";"Céu Claro";"Dupla";"Rotatória";"Não";1;0;0;1;0;0;1;1;-3,76834913;-38,6670078;"SPRF-CE";"DEL01-CE";"UOP01-DEL01-CE"
185436;2019-01-15;"terça-feira";"18:45:00";"PE";424;83,8;"GARANHUNS";"Ultrapassagem Indevida";"Capotamento";"Com Vítimas Feridas";"Plena Noite";"Decrescente";"Céu Claro";"Simples";"Declive;Curva";"Não";2;0;1;0;1;0;1;1;-8,84598;-36,524506;"SPRF-PE";"DEL03-PE";"UOP01-DEL03-PE"
185438;2019-01-15;"terça-feira";"20:30:00";"GO";153;374,7;"SAO FRANCISCO DE GOIAS";"Ingestão de Álcool";"Colisão frontal";"Com Vítimas Fatais";"Plena Noite";"Decrescente";"Chuva";"Simples";"Reta";"Não";6;1;2;1;1;1;3;3;-15,852009;-49,266495;"SPRF-GO";"DEL02-GO";"UOP02-DEL02-GO"
185439;2019-01-15;"terça-feira";"20:40:00";"GO";70;1;"AGUAS LINDAS DE GOIAS";"Falta de Atenção à Condução";"Colisão traseira";"Com Vítimas Feridas";"Plena Noite";"Decrescente";"Céu Claro";"Dupla";"Reta";"Não";2;0;2;0;0;0;2;2;-15,7481;-48,2635;"SPRF-DF";"DEL01-DF";"UOP02-DEL03-DF"
185440;2019-01-15;"terça-feira";"19:40:00";"SC";101;435;"SOMBRIO";"Desobediência às normas de trânsito pelo condutor";"Colisão transversal";"Com Vítimas Feridas";"Anoitecer";"Crescente";"Chuva";"Simples";"Viaduto";"Sim";2;0;0;1;1;0;1;2;-29,107;-49,6369;"SPRF-SC";"DEL02-SC";"UOP02-DEL02-SC"
185442;2019-01-15;"terça-feira";"19:50:00";"MS";60;69,7;"PARAISO DAS AGUAS";"Ultrapassagem Indevida";"Colisão frontal";"Com Vítimas Feridas";"Pleno dia";"Crescente";"Céu Claro";"Simples";"Reta";"Não";8;0;6;2;0;0;8;2;-19,03518247;-53,00937653;"SPRF-MS";"DEL06-MS";"UOP02-DEL06-MS"
185444;2019-01-15;"terça-feira";"21:30:00";"SP";116;269,6;"TABOAO DA SERRA";"Falta de Atenção à Condução";"Colisão lateral";"Com Vítimas Feridas";"Plena Noite";"Crescente";"Céu Claro";"Dupla";"Interseção de Vias";"Sim";3;0;1;0;1;1;1;2;-23,6088116;-46,75589661;"SPRF-SP";"DEL04-SP";"UOP01-DEL04-SP"
185445;2019-01-15;"terça-feira";"08:35:00";"RO";174;13,5;"VILHENA";"Falta de Atenção à Condução";"Colisão transversal";"Com Vítimas Feridas";"Pleno dia";"Decrescente";"Céu Claro";"Dupla";"Interseção de Vias";"Sim";2;0;0;1;1;0;1;2;-12,7414;-60,130264;"SPRF-RO";"DEL04-RO";"UOP01-DEL04-RO"
185446;2019-01-15;"terça-feira";"15:40:00";"MA";316;436,4;"PERITORO";"Pista Escorregadia";"Saída de leito carroçável";"Com Vítimas Feridas";"Pleno dia";"Decrescente";"Chuva";"Simples";"Curva";"Não";1;0;1;0;0;0;1;1;-4,413616;-44,2411;"SPRF-MA";"DEL03-MA";"UOP01-DEL03-MA"
185447;2019-01-15;"terça-feira";"20:20:00";"PR";153;37,1;"SANTO ANTONIO DA PLATINA";"Animais na Pista";"Atropelamento de Animal";"Com Vítimas Feridas";"Plena Noite";"Crescente";"Céu Claro";"Simples";"Declive;Reta";"Não";1;0;0;1;0;0;1;1;-23,272318;-50,057343;"SPRF-PR";"DEL07-PR";"UOP04-DEL07-PR"
185448;2019-01-15;"terça-feira";"20:55:00";"SC";101;46;"JOINVILLE";"Falta de Atenção do Pedestre";"Atropelamento de Pedestre";"Com Vítimas Feridas";"Plena Noite";"Crescente";"Nublado";"Dupla";"Reta";"Não";2;0;0;1;1;0;1;2;-26,3667;-48,858;"SPRF-SC";"DEL03-SC";"UOP01-DEL03-SC"
185451;2019-01-15;"terça-feira";"18:20:00";"ES";262;112,4;"VENDA NOVA DO IMIGRANTE";"Falta de Atenção à Condução";"Colisão transversal";"Com Vítimas Feridas";"Pleno dia";"Decrescente";"Céu Claro";"Simples";"Curva";"Não";2;0;1;0;1;0;1;2;-20,3372;-41,201;"SPRF-ES";"DEL01-ES";"UOP02-DEL01-ES"
185452;2019-01-15;"terça-feira";"21:00:00";"MG";116;304,2;"ITAMBACURI";"Velocidade Incompatível";"Saída de leito carroçável";"Com Vítimas Feridas";"Plena Noite";"Crescente";"Nublado";"Simples";"Reta";"Não";2;0;1;0;1;0;1;1;-18,025315;-41,648784;"SPRF-MG";"DEL11-MG";"UOP01-DEL11-MG"
185454;2019-01-15;"terça-feira";"22:30:00";"PR";476;124;"CURITIBA";"Velocidade Incompatível";"Atropelamento de Pedestre";"Com Vítimas Feridas";"Plena Noite";"Crescente";"Nublado";"Múltipla";"Reta";"Não";3;0;1;1;1;0;2;2;-25,399845;-49,215855;"SPRF-PR";"DEL01-PR";"UOP07-DEL01-PR"
185456;2019-01-15;"terça-feira";"22:50:00";"DF";70;15,8;"BRASILIA";"Ingestão de Álcool";"Saída de leito carroçável";"Com Vítimas Feridas";"Plena Noite";"Crescente";"Céu Claro";"Dupla";"Reta";"Não";6;0;3;0;1;2;3;1;-15,798888;-48,185043;"SPRF-DF";"DEL01-DF";"UOP02-DEL03-DF"
185457;2019-01-15;"terça-feira";"21:30:00";"PR";116;170;"QUITANDINHA";"Falta de Atenção à Condução";"Queda de ocupante de veículo";"Com Vítimas Feridas";"Plena Noite";"Crescente";"Nublado";"Simples";"Reta";"Não";1;0;0;1;0;0;1;1;-25,874659;-49,48101;"SPRF-PR";"DEL01-PR";"UOP03-DEL01-PR"
185461;2019-01-15;"terça-feira";"23:20:00";"MG";40;469;"SETE LAGOAS";"Condutor Dormindo";"Saída de leito carroçável";"Com Vítimas Feridas";"Plena Noite";"Crescente";"Céu Claro";"Dupla";"Declive;Reta";"Não";1;0;1;0;0;0;1;1;-19,469;-44,295;"SPRF-MG";"DEL02-MG";"UOP01-DEL02-MG"
185462;2019-01-15;"terça-feira";"23:00:00";"SP";381;86;"SAO PAULO";"Falta de Atenção à Condução";"Colisão traseira";"Com Vítimas Feridas";"Plena Noite";"Crescente";"Céu Claro";"Múltipla";"Curva";"Sim";2;0;1;0;1;0;1;1;-23,46785263;-46,57116032;"SPRF-SP";"DEL03-SP";"UOP01-DEL03-SP"
185468;2019-01-16;"quarta-feira";"00:10:00";"PR";158;326,6;"PALMITAL";"Pista Escorregadia";"Saída de leito carroçável";"Com Vítimas Feridas";"Plena Noite";"Crescente";"Chuva";"Simples";"Curva";"Não";1;0;0;1;0;0;1;1;-24,87850904;-52,23318279;"SPRF-PR";"DEL04-PR";"UOP02-DEL04-PR"
185471;2019-01-16;"quarta-feira";"01:00:00";"MS";267;366,6;"MARACAJU";"Condutor Dormindo";"Saída de leito carroçável";"Sem Vítimas";"Plena Noite";"Crescente";"Ignorado";"Dupla";"Reta";"Sim";1;0;0;0;0;1;0;1;-21,63879307;-55,16782614;"SPRF-MS";"DEL05-MS";"UOP01-DEL05-MS"
185476;2019-01-16;"quarta-feira";"01:00:00";"SC";282;384,6;"JOACABA";"Velocidade Incompatível";"Saída de leito carroçável";"Com Vítimas Feridas";"Plena Noite";"Decrescente";"Céu Claro";"Simples";"Curva";"Não";2;0;1;0;1;0;1;1;-27,20299;-51,515095;"SPRF-SC";"DEL07-SC";"UOP05-DEL07-SC"
185477;2019-01-16;"quarta-feira";"04:00:00";"GO";153;509;"APARECIDA DE GOIANIA";"Ingestão de Álcool";"Saída de leito carroçável";"Com Vítimas Feridas";"Plena Noite";"Crescente";"Céu Claro";"Simples";"Reta";"Sim";1;0;1;0;0;0;1;1;-16,7888;-49,2379;"SPRF-GO";"DEL01-GO";"UOP03-DEL01-GO"
185479;2019-01-16;"quarta-feira";"06:10:00";"ES";101;400,2;"ITAPEMIRIM";"Velocidade Incompatível";"Atropelamento de Pedestre";"Com Vítimas Feridas";"Amanhecer";"Crescente";"Céu Claro";"Simples";"Reta";"Não";2;0;0;1;1;0;1;2;-20,88110724;-40,97171903;"SPRF-ES";"DEL03-ES";"UOP02-DEL03-ES"
185480;2019-01-16;"quarta-feira";"06:10:00";"SP";153;64,7;"SAO JOSE DO RIO PRETO";"Falta de Atenção à Condução";"Saída de leito carroçável";"Com Vítimas Feridas";"Amanhecer";"Crescente";"Céu Claro";"Dupla";"Reta";"Sim";1;0;1;0;0;0;1;1;-20,829193;-49,360462;"SPRF-SP";"DEL09-SP";"UOP01-DEL09-SP"
185481;2019-01-16;"quarta-feira";"06:30:00";"GO";153;592,7;"PIRACANJUBA";"Condutor Dormindo";"Saída de leito carroçável";"Com Vítimas Feridas";"Amanhecer";"Crescente";"Céu Claro";"Dupla";"Curva";"Não";2;0;1;0;1;0;1;1;-17,4826;-49,2097;"SPRF-GO";"DEL03-GO";"UOP01-DEL03-GO"
185482;2019-01-16;"quarta-feira";"06:53:00";"DF";40;3;"BRASILIA";"Desobediência às normas de trânsito pelo condutor";"Colisão lateral";"Com Vítimas Feridas";"Pleno dia";"Decrescente";"Céu Claro";"Dupla";"Aclive";"Sim";2;0;1;0;1;0;1;2;-16,003145;-47,983944;"SPRF-DF";"DEL01-DF";"UOP01-DEL01-DF"
185484;2019-01-16;"quarta-feira";"07:05:00";"SP";153;65;"SAO JOSE DO RIO PRETO";"Falta de Atenção à Condução";"Tombamento";"Com Vítimas Feridas";"Pleno dia";"Crescente";"Nublado";"Simples";"Reta";"Sim";1;0;0;1;0;0;1;1;-20,835588;-49,3657;"SPRF-SP";"DEL09-SP";"UOP01-DEL09-SP"
185487;2019-01-12;"sábado";"21:10:00";"SC";470;104,5;"APIUNA";"Ingestão de Álcool";"Tombamento";"Com Vítimas Feridas";"Plena Noite";"Crescente";"Céu Claro";"Simples";"Reta";"Não";1;0;1;0;0;0;1;1;-27,06135;-49,410408;"SPRF-SC";"DEL04-SC";"UOP02-DEL04-SC"
185488;2019-01-13;"domingo";"06:50:00";"SC";470;136;"RIO DO SUL";"Condutor Dormindo";"Colisão com objeto estático";"Sem Vítimas";"Pleno dia";"Crescente";"Céu Claro";"Simples";"Rotatória";"Sim";1;0;0;0;1;0;0;1;-27,17459841;-49,58936691;"SPRF-SC";"DEL04-SC";"UOP02-DEL04-SC"
185491;2019-01-16;"quarta-feira";"07:50:00";"MG";50;174;"UBERABA";"Defeito Mecânico no Veículo";"Tombamento";"Com Vítimas Feridas";"Pleno dia";"Decrescente";"Céu Claro";"Dupla";"Reta";"Não";2;0;2;0;0;0;2;1;-19,76611794;-47,97559977;"SPRF-MG";"DEL13-MG";"UOP01-DEL13-MG"
185493;2019-01-12;"sábado";"23:30:00";"SC";101;152;"ITAPEMA";"Desobediência às normas de trânsito pelo condutor";"Colisão transversal";"Sem Vítimas";"Plena Noite";"Decrescente";"Garoa/Chuvisco";"Simples";"Reta";"Sim";2;0;0;0;2;0;0;2;-27,1448;-48,6102;"SPRF-SC";"DEL04-SC";"UOP03-DEL04-SC"
185497;2019-01-16;"quarta-feira";"07:55:00";"PR";277;0,4;"FOZ DO IGUACU";"Não guardar distância de segurança";"Colisão traseira";"Com Vítimas Feridas";"Pleno dia";"Decrescente";"Céu Claro";"Dupla";"Reta";"Sim";4;0;2;1;0;1;3;4;-25,50394656;-54,58424091;"SPRF-PR";"DEL05-PR";"UOP03-DEL05-PR"
185498;2019-01-16;"quarta-feira";"07:45:00";"SC";101;282,2;"IMBITUBA";"Falta de Atenção à Condução";"Colisão traseira";"Com Vítimas Feridas";"Pleno dia";"Crescente";"Céu Claro";"Simples";"Reta";"Sim";2;0;0;1;1;0;1;2;-28,2267;-48,7012;"SPRF-SC";"DEL02-SC";"UOP03-DEL02-SC"
185499;2019-01-12;"sábado";"22:10:00";"SC";101;379,5;"ICARA";"Falta de Atenção à Condução";"Colisão com objeto estático";"Com Vítimas Feridas";"Plena Noite";"Decrescente";"Chuva";"Múltipla";"Reta";"Sim";2;0;2;0;0;0;2;1;-28,7544;-49,2763;"SPRF-SC";"DEL02-SC";"UOP01-DEL02-SC"
185500;2019-01-16;"quarta-feira";"07:00:00";"PA";10;48,1;"SANTA IZABEL DO PARA";"Avarias e/ou desgaste excessivo no pneu";"Tombamento";"Com Vítimas Feridas";"Pleno dia";"Decrescente";"Nublado";"Dupla";"Reta";"Sim";2;0;2;0;0;0;2;1;-1,29915071;-48,04791212;"SPRF-PA";"DEL02-PA";"UOP02-DEL02-PA"
185502;2019-01-16;"quarta-feira";"07:20:00";"MA";135;10,2;"SAO LUIS";"Desobediência às normas de trânsito pelo condutor";"Colisão transversal";"Sem Vítimas";"Pleno dia";"Crescente";"Garoa/Chuvisco";"Dupla";"Reta";"Sim";2;0;0;0;2;0;0;2;-2,655989;-44,286297;"SPRF-MA";"DEL01-MA";"UOP01-DEL01-MA"
185503;2019-01-12;"sábado";"22:39:00";"SC";282;16;"PALHOCA";"Falta de Atenção do Pedestre";"Atropelamento de Pedestre";"Com Vítimas Feridas";"Plena Noite";"Decrescente";"Nublado";"Simples";"Reta";"Não";2;0;2;0;0;0;2;2;-27,658611;-48,681847;"SPRF-SC";"DEL01-SC";"UOP02-DEL01-SC"
185506;2019-01-13;"domingo";"04:40:00";"SC";101;235;"PALHOCA";"Restrição de Visibilidade";"Capotamento";"Com Vítimas Feridas";"Plena Noite";"Decrescente";"Chuva";"Dupla";"Reta";"Não";2;0;1;0;1;0;1;1;-27,827;-48,63;"SPRF-SC";"DEL01-SC";"UOP02-DEL01-SC"
185507;2019-01-16;"quarta-feira";"08:00:00";"GO";60;26;"ALEXANIA";"Velocidade Incompatível";"Queda de ocupante de veículo";"Com Vítimas Feridas";"Pleno dia";"Crescente";"Céu Claro";"Dupla";"Reta";"Não";1;0;1;0;0;0;1;1;-16,0963;-48,5202;"SPRF-DF";"DEL01-DF";"UOP01-DEL03-DF"
185509;2019-01-16;"quarta-feira";"08:00:00";"ES";101;261;"SERRA";"Falta de Atenção à Condução";"Tombamento";"Com Vítimas Feridas";"Pleno dia";"Crescente";"Sol";"Dupla";"Aclive";"Sim";1;0;1;0;0;0;1;1;-20,1211238;-40,31182051;"SPRF-ES";"DEL02-ES";"UOP01-DEL02-ES"
185510;2019-01-12;"sábado";"21:30:00";"SC";101;135;"BALNEARIO CAMBORIU";"Desobediência às normas de trânsito pelo condutor";"Colisão lateral";"Com Vítimas Feridas";"Plena Noite";"Decrescente";"Céu Claro";"Simples";"Reta";"Sim";2;0;1;0;1;0;1;2;-27,0081;-48,617;"SPRF-SC";"DEL04-SC";"UOP03-DEL04-SC"
185511;2019-01-13;"domingo";"02:05:00";"SC";101;225,8;"PALHOCA";"Falta de Atenção à Condução";"Colisão traseira";"Com Vítimas Feridas";"Plena Noite";"Crescente";"Chuva";"Dupla";"Aclive";"Não";2;0;0;1;1;0;1;2;-27,7422;-48,638;"SPRF-SC";"DEL01-SC";"UOP02-DEL01-SC"
185512;2019-01-16;"quarta-feira";"07:30:00";"CE";222;0,8;"CAUCAIA";"Agressão Externa";"Colisão lateral";"Com Vítimas Feridas";"Pleno dia";"Decrescente";"Céu Claro";"Dupla";"Reta";"Sim";2;0;1;0;1;0;1;2;-3,736774;-38,56923;"SPRF-CE";"DEL01-CE";"UOP01-DEL01-CE"
185513;2019-01-13;"domingo";"05:43:00";"SC";101;225;"PALHOCA";"Pista Escorregadia";"Queda de ocupante de veículo";"Com Vítimas Feridas";"Pleno dia";"Decrescente";"Nublado";"Dupla";"Reta";"Não";1;0;1;0;0;0;1;1;-27,7422;-48,638;"SPRF-SC";"DEL01-SC";"UOP02-DEL01-SC"
185514;2019-01-13;"domingo";"07:00:00";"SC";101;135;"BALNEARIO CAMBORIU";"Não guardar distância de segurança";"Colisão traseira";"Com Vítimas Feridas";"Pleno dia";"Crescente";"Céu Claro";"Dupla";"Reta";"Sim";5;0;3;0;2;0;3;2;-27,0081;-48,617;"SPRF-SC";"DEL04-SC";"UOP03-DEL04-SC"
185515;2019-01-16;"quarta-feira";"07:50:00";"SC";101;42;"JOINVILLE";"Falta de Atenção à Condução";"Colisão traseira";"Com Vítimas Feridas";"Pleno dia";"Decrescente";"Sol";"Dupla";"Reta";"Sim";4;0;1;0;3;0;1;3;-26,3315;-48,8617;"SPRF-SC";"DEL03-SC";"UOP01-DEL03-SC"
185516;2019-01-16;"quarta-feira";"09:10:00";"PR";369;53,4;"BANDEIRANTES";"Não guardar distância de segurança";"Queda de ocupante de veículo";"Com Vítimas Feridas";"Pleno dia";"Crescente";"Céu Claro";"Simples";"Reta";"Não";1;0;1;0;0;0;1;1;-23,10834214;-50,33964515;"SPRF-PR";"DEL07-PR";"UOP05-DEL07-PR"
185519;2019-01-16;"quarta-feira";"08:30:00";"MG";40;519;"RIBEIRAO DAS NEVES";"Falta de Atenção à Condução";"Colisão traseira";"Com Vítimas Feridas";"Pleno dia";"Crescente";"Céu Claro";"Dupla";"Reta";"Sim";4;0;1;0;3;0;1;4;-19,8511;-44,0724;"SPRF-MG";"DEL01-MG";"UOP03-DEL01-MG"
185523;2019-01-07;"segunda-feira";"18:30:00";"SC";101;150;"ITAPEMA";"Falta de Atenção à Condução";"Colisão lateral";"Com Vítimas Feridas";"Pleno dia";"Crescente";"Céu Claro";"Simples";"Reta";"Sim";2;0;1;0;1;0;1;2;-27,1267;-48,6095;"SPRF-SC";"DEL04-SC";"UOP03-DEL04-SC"
185524;2019-01-01;"terça-feira";"04:00:00";"MS";262;50,6;"TRES LAGOAS";"Ingestão de Álcool";"Saída de leito carroçável";"Com Vítimas Feridas";"Plena Noite";"Crescente";"Chuva";"Simples";"Reta";"Não";1;0;1;0;0;0;1;1;-20,758873;-52,033009;"SPRF-MS";"DEL07-MS";"UOP01-DEL07-MS"
185525;2019-01-16;"quarta-feira";"09:45:00";"SC";101;122;"ITAJAI";"Falta de Atenção à Condução";"Colisão lateral";"Com Vítimas Feridas";"Pleno dia";"Crescente";"Sol";"Dupla";"Reta";"Sim";3;0;2;0;1;0;2;2;-26,9366;-48,6987;"SPRF-SC";"DEL04-SC";"UOP04-DEL04-SC"
185527;2019-01-16;"quarta-feira";"09:15:00";"SC";101;104,7;"PENHA";"Não guardar distância de segurança";"Tombamento";"Com Vítimas Feridas";"Pleno dia";"Crescente";"Sol";"Múltipla";"Viaduto";"Sim";2;0;2;0;0;0;2;1;-26,8022;-48,6787;"SPRF-SC";"DEL03-SC";"UOP02-DEL03-SC"