"id";"data_inversa";"dia_semana";"horario";"uf";"br";"km";"municipio";"causa_acidente";"tipo_acidente";"classificacao_acidente";"fase_dia";"sentido_via";"condicao_metereologica";"tipo_pista";"tracado_via";"uso_solo";"pessoas";"mortos";"feridos_leves";"feridos_graves";"ilesos";"ignorados";"feridos";"veiculos";"latitude";"longitude";"regional";"delegacia";"uop"
186311;2019-01-20;"domingo";"00:01:00";"SP";116;109;"TAUBATE";"Falta de Atenção à Condução";"Queda de ocupante de veículo";"Com Vítimas Feridas";"Plena Noite";"Crescente";"Céu Claro";"Dupla";"Reta";"Sim";1;0;1;0;0;0;1;1;-23,028759;-45,545235;"SPRF-SP";"DEL06-SP";"UOP01-DEL06-SP"
186312;2019-01-20;"domingo";"06:30:00";"MT";163;759;"SORRISO";"Ingestão de Álcool";"Saída de leito carroçável";"Sem Vítimas";"Amanhecer";"Crescente";"Céu Claro";"Simples";"Reta";"Não";1;0;0;0;1;0;0;1;-12,49783168;-55,68730566;"SPRF-MT";"DEL06-MT";"UOP01-DEL06-MT"
186313;2019-01-20;"domingo";"06:00:00";"MT";163;770;"SORRISO";"Falta de Atenção à Condução";"Colisão frontal";"Sem Vítimas";"Amanhecer";"Crescente";"Sol";"Simples";"Aclive";"Não";2;0;0;0;1;1;0;2;-12,39417756;-55,61903179;"SPRF-MT";"DEL06-MT";"UOP01-DEL06-MT"
186315;2019-01-20;"domingo";"04:00:00";"CE";222;43,2;"CAUCAIA";"Animais na Pista";"Colisão com objeto estático";"Com Vítimas Fatais";"Amanhecer";"Crescente";"Céu Claro";"Simples";"Reta";"Não";5;1;0;4;0;0;4;1;-3,678843;-38,932693;"SPRF-CE";"DEL01-CE";"UOP03-DEL01-CE"
186316;2019-01-20;"domingo";"04:50:00";"CE";222;2,9;"FORTALEZA";"Ingestão de álcool e/ou substâncias psicoativas pelo pedestre";"Atropelamento de Pedestre";"Com Vítimas Feridas";"Amanhecer";"Crescente";"Chuva";"Múltipla";"Reta";"Sim";2;0;1;0;1;0;1;2;-3,739117;-38,586914;"SPRF-CE";"DEL01-CE";"UOP01-DEL01-CE"
186317;2019-01-19;"sábado";"13:35:00";"BA";101;593;"CAMACAN";"Falta de Atenção à Condução";"Colisão transversal";"Com Vítimas Feridas";"Pleno dia";"Crescente";"Céu Claro";"Simples";"Reta";"Não";2;0;0;1;1;0;1;2;-15,44;-39,4469;"SPRF-BA";"DEL05-BA";"UOP02-DEL05-BA"
186318;2019-01-20;"domingo";"06:25:00";"CE";20;417;"MARACANAU";"Desobediência às normas de trânsito pelo condutor";"Colisão transversal";"Com Vítimas Feridas";"Pleno dia";"Crescente";"Nublado";"Simples";"Reta";"Não";3;0;1;0;2;0;1;2;-3,76999;-38,670063;"SPRF-CE";"DEL01-CE";"UOP02-DEL01-CE"
186319;2019-01-20;"domingo";"04:50:00";"MG";381;2,5;"BETIM";"Ingestão de Álcool";"Saída de leito carroçável";"Com Vítimas Feridas";"Plena Noite";"Crescente";"Céu Claro";"Dupla";"Curva";"Sim";1;0;1;0;0;0;1;1;-19,96825;-44,198708;"SPRF-MG";"DEL01-MG";"UOP03-DEL01-MG"
186320;2019-01-20;"domingo";"06:00:00";"MG";381;483;"BETIM";"Ingestão de Álcool";"Colisão com objeto estático";"Com Vítimas Feridas";"Pleno dia";"Decrescente";"Chuva";"Dupla";"Reta";"Sim";1;0;1;0;0;0;1;1;-19,9596;-44,0877;"SPRF-MG";"DEL01-MG";"UOP03-DEL01-MG"
186321;2019-01-20;"domingo";"07:10:00";"PE";101;90;"CABO DE SANTO AGOSTINHO";"Falta de Atenção à Condução";"Saída de leito carroçável";"Sem Vítimas";"Pleno dia";"Crescente";"Sol";"Dupla";"Declive";"Não";1;0;0;0;0;1;0;1;-8,2228;-34,9923;"SPRF-PE";"DEL01-PE";"UOP03-DEL01-PE"
186322;2019-01-19;"sábado";"21:10:00";"MG";50;175,2;"UBERABA";"Falta de Atenção à Condução";"Saída de leito carroçável";"Sem Vítimas";"Plena Noite";"Decrescente";"Céu Claro";"Dupla";"Aclive";"Sim";1;0;0;0;0;1;0;1;-19,7793;-47,9608;"SPRF-MG";"DEL13-MG";"UOP01-DEL13-MG"
186323;2019-01-20;"domingo";"02:30:00";"PR";153;19,5;"JACAREZINHO";"Animais na Pista";"Atropelamento de Animal";"Com Vítimas Feridas";"Plena Noite";"Decrescente";"Nublado";"Simples";"Reta;Declive";"Não";1;0;0;1;0;0;1;1;-23,15470572;-49,95704412;"SPRF-PR";"DEL07-PR";"UOP04-DEL07-PR"
186324;2019-01-20;"domingo";"04:30:00";"RO";364;225,4;"CACOAL";"Desobediência às normas de trânsito pelo condutor";"Colisão transversal";"Com Vítimas Fatais";"Plena Noite";"Crescente";"Garoa/Chuvisco";"Simples";"Reta";"Sim";21;1;7;1;12;0;8;2;-11,4939451;-61,3767314;"SPRF-RO";"DEL02-RO";"UOP02-DEL02-RO"
186325;2019-01-20;"domingo";"06:10:00";"SP";116;219;"GUARULHOS";"Ingestão de Álcool";"Colisão com objeto estático";"Com Vítimas Feridas";"Amanhecer";"Decrescente";"Nublado";"Múltipla";"Reta";"Sim";1;0;1;0;0;0;1;1;-23,46151418;-46,48778915;"SPRF-SP";"DEL01-SP";"UOP01-DEL01-SP"
186326;2019-01-20;"domingo";"00:00:00";"RR";174;503,6;"BOA VISTA";"Ingestão de álcool e/ou substâncias psicoativas pelo pedestre";"Colisão traseira";"Sem Vítimas";"Plena Noite";"Decrescente";"Céu Claro";"Dupla";"Reta";"Sim";3;0;0;0;2;1;0;2;2,794901;-60,698441;"SPRF-RR";"DEL01-RR";"UOP01-DEL01-RR"
186328;2019-01-20;"domingo";"06:50:00";"SE";101;166;"SANTA LUZIA DO ITANHY";"Velocidade Incompatível";"Capotamento";"Com Vítimas Feridas";"Pleno dia";"Crescente";"Nublado";"Simples";"Curva";"Não";1;0;1;0;0;0;1;1;-11,3126;-37,5456;"SPRF-SE";"DEL02-SE";"UOP01-DEL02-SE"
186330;2019-01-20;"domingo";"08:40:00";"SC";101;149,7;"ITAPEMA";"Desobediência às normas de trânsito pelo condutor";"Colisão lateral";"Com Vítimas Feridas";"Pleno dia";"Crescente";"Céu Claro";"Dupla";"Reta";"Sim";3;0;1;0;2;0;1;3;-27,1175;-48,6092;"SPRF-SC";"DEL04-SC";"UOP03-DEL04-SC"
186332;2019-01-20;"domingo";"08:30:00";"MG";381;363;"JOAO MONLEVADE";"Falta de Atenção à Condução";"Capotamento";"Com Vítimas Feridas";"Amanhecer";"Crescente";"Céu Claro";"Simples";"Reta";"Sim";3;0;3;0;0;0;3;1;-19,8501182;-43,1509575;"SPRF-MG";"DEL03-MG";"UOP01-DEL03-MG"
186333;2019-01-20;"domingo";"07:35:00";"PE";232;171,1;"TACAIMBO";"Falta de Atenção à Condução";"Colisão frontal";"Com Vítimas Feridas";"Pleno dia";"Decrescente";"Céu Claro";"Simples";"Curva";"Não";4;0;2;1;0;1;3;2;-8,335559;-36,289352;"SPRF-PE";"DEL02-PE";"UOP03-DEL02-PE"
186334;2019-01-20;"domingo";"08:20:00";"PR";476;150,5;"ARAUCARIA";"Falta de Atenção à Condução";"Colisão traseira";"Com Vítimas Feridas";"Pleno dia";"Crescente";"Céu Claro";"Dupla";"Reta";"Sim";4;0;2;0;2;0;2;2;-25,558477;-49,368313;"SPRF-PR";"DEL01-PR";"UOP06-DEL01-PR"
186336;2019-01-20;"domingo";"08:50:00";"MG";381;532;"ITATIAIUCU";"Velocidade Incompatível";"Queda de ocupante de veículo";"Com Vítimas Feridas";"Pleno dia";"Crescente";"Céu Claro";"Dupla";"Curva";"Não";1;0;1;0;0;0;1;1;-20,1709;-44,3729;"SPRF-MG";"DEL04-MG";"UOP03-DEL04-MG"
186337;2019-01-20;"domingo";"05:40:00";"MS";60;234,4;"CAMAPUA";"Desobediência às normas de trânsito pelo condutor";"Colisão frontal";"Com Vítimas Fatais";"Amanhecer";"Crescente";"Nevoeiro/Neblina";"Simples";"Declive;Reta";"Não";5;5;0;0;0;0;0;2;-19,661432;-54,279221;"SPRF-MS";"DEL06-MS";"UOP02-DEL06-MS"
186338;2019-01-20;"domingo";"07:40:00";"PB";104;130,3;"CAMPINA GRANDE";"Falta de Atenção à Condução";"Queda de ocupante de veículo";"Com Vítimas Feridas";"Pleno dia";"Decrescente";"Céu Claro";"Simples";"Reta";"Sim";1;0;0;1;0;0;1;1;-7,29014;-35,890297;"SPRF-PB";"DEL02-PB";"UOP01-DEL02-PB"
186339;2019-01-20;"domingo";"09:05:00";"GO";60;4,5;"SANTO ANTONIO DO DESCOBERTO";"Velocidade Incompatível";"Queda de ocupante de veículo";"Com Vítimas Feridas";"Pleno dia";"Crescente";"Céu Claro";"Dupla";"Curva";"Não";1;0;0;1;0;0;1;1;-16,09595912;-48,28353882;"SPRF-DF";"DEL01-DF";"UOP01-DEL03-DF"
186342;2019-01-19;"sábado";"18:15:00";"MG";116;537,7;"SANTA RITA DE MINAS";"Não guardar distância de segurança";"Colisão traseira";"Com Vítimas Feridas";"Pleno dia";"Crescente";"Céu Claro";"Simples";"Curva";"Não";2;0;0;1;1;0;1;2;-19,85941001;-42,13420297;"SPRF-MG";"DEL06-MG";"UOP02-DEL06-MG"
186343;2019-01-20;"domingo";"08:40:00";"MG";50;174,8;"UBERABA";"Defeito Mecânico no Veículo";"Tombamento";"Com Vítimas Feridas";"Pleno dia";"Crescente";"Céu Claro";"Dupla";"Aclive;Reta";"Sim";2;0;2;0;0;0;2;1;-19,779538;-47,961675;"SPRF-MG";"DEL13-MG";"UOP01-DEL13-MG"
186346;2019-01-20;"domingo";"09:00:00";"PE";101;59;"RECIFE";"Velocidade Incompatível";"Colisão com objeto estático";"Sem Vítimas";"Pleno dia";"Decrescente";"Sol";"Dupla";"Curva";"Não";1;0;0;0;0;1;0;1;-7,9841;-34,9316;"SPRF-PE";"DEL01-PE";"UOP02-DEL01-PE"
186347;2019-01-20;"domingo";"08:25:00";"SC";101;149,7;"ITAPEMA";"Falta de Atenção à Condução";"Colisão com objeto estático";"Com Vítimas Feridas";"Pleno dia";"Decrescente";"Céu Claro";"Dupla";"Reta";"Sim";1;0;1;0;0;0;1;1;-27,1175;-48,6092;"SPRF-SC";"DEL04-SC";"UOP03-DEL04-SC"
186348;2019-01-20;"domingo";"10:05:00";"MG";381;705,4;"LAVRAS";"Velocidade Incompatível";"Saída de leito carroçável";"Com Vítimas Feridas";"Pleno dia";"Crescente";"Chuva";"Dupla";"Curva";"Não";1;0;0;1;0;0;1;1;-21,3237;-45,1662;"SPRF-MG";"DEL04-MG";"UOP02-DEL04-MG"
186350;2019-01-20;"domingo";"09:38:00";"SC";101;151;"ITAPEMA";"Velocidade Incompatível";"Colisão com objeto estático";"Com Vítimas Feridas";"Pleno dia";"Decrescente";"Nublado";"Dupla";"Reta";"Sim";2;0;2;0;0;0;2;1;-27,1358;-48,6099;"SPRF-SC";"DEL04-SC";"UOP03-DEL04-SC"
186351;2019-01-20;"domingo";"10:00:00";"RS";392;661,7;"CERRO LARGO";"Não guardar distância de segurança";"Colisão lateral";"Sem Vítimas";"Pleno dia";"Crescente";"Sol";"Simples";"Reta";"Não";2;0;0;0;2;0;0;2;-28,124626;-54,724182;"SPRF-RS";"DEL10-RS";"UOP01-DEL10-RS"
186352;2019-01-20;"domingo";"10:50:00";"SP";116;299;"SAO LOURENCO DA SERRA";"Não guardar distância de segurança";"Colisão traseira";"Com Vítimas Feridas";"Pleno dia";"Crescente";"Sol";"Dupla";"Curva";"Não";5;0;4;0;1;0;4;3;-23,77683048;-46,91535565;"SPRF-SP";"DEL04-SP";"UOP01-DEL04-SP"
186354;2019-01-20;"domingo";"11:10:00";"GO";60;163;"GOIANIA";"Defeito Mecânico no Veículo";"Queda de ocupante de veículo";"Com Vítimas Feridas";"Pleno dia";"Decrescente";"Céu Claro";"Dupla";"Reta";"Sim";2;0;2;0;0;0;2;1;-16,7002;-49,3335;"SPRF-GO";"DEL01-GO";"UOP02-DEL01-GO"
186357;2019-01-20;"domingo";"08:00:00";"RS";158;93;"PALMEIRA DAS MISSOES";"Ultrapassagem Indevida";"Colisão lateral";"Sem Vítimas";"Pleno dia";"Crescente";"Céu Claro";"Simples";"Reta";"Não";2;0;0;0;2;0;0;2;-27,844856;-53,331131;"SPRF-RS";"DEL08-RS";"UOP02-DEL08-RS"
186358;2019-01-20;"domingo";"09:10:00";"MS";463;53,2;"PONTA PORA";"Falta de Atenção à Condução";"Saída de leito carroçável";"Com Vítimas Feridas";"Pleno dia";"Decrescente";"Céu Claro";"Simples";"Reta";"Não";4;0;1;0;3;0;1;1;-22,584805;-55,513603;"SPRF-MS";"DEL04-MS";"UOP03-DEL04-MS"
186360;2019-01-20;"domingo";"06:40:00";"MT";163;834;"SINOP";"Falta de Atenção à Condução";"Saída de leito carroçável";"Com Vítimas Feridas";"Amanhecer";"Crescente";"Céu Claro";"Dupla";"Curva";"Sim";1;0;1;0;0;0;1;1;-11,86640595;-55,49623489;"SPRF-MT";"DEL06-MT";"UOP01-DEL06-MT"
186364;2019-01-20;"domingo";"12:20:00";"ES";262;111;"VENDA NOVA DO IMIGRANTE";"Falta de Atenção à Condução";"Colisão transversal";"Com Vítimas Feridas";"Pleno dia";"Crescente";"Céu Claro";"Simples";"Reta";"Não";3;0;0;2;1;0;2;2;-20,3373;-41,1926;"SPRF-ES";"DEL01-ES";"UOP02-DEL01-ES"
186366;2019-01-20;"domingo";"12:30:00";"ES";393;2,5;"CACHOEIRO DE ITAPEMIRIM";"Desobediência às normas de trânsito pelo condutor";"Colisão transversal";"Com Vítimas Feridas";"Pleno dia";"Crescente";"Céu Claro";"Simples";"Reta";"Sim";2;0;0;1;0;1;1;2;-20,832424;-41,174911;"SPRF-ES";"DEL03-ES";"UOP02-DEL03-ES"
186367;2019-01-20;"domingo";"10:30:00";"PE";101;132;"ESCADA";"Condutor Dormindo";"Capotamento";"Com Vítimas Feridas";"Pleno dia";"Crescente";"Nublado";"Dupla";"Curva";"Não";2;0;2;0;0;0;2;1;-8,408;-35,2755;"SPRF-PE";"DEL01-PE";"UOP03-DEL01-PE"
186369;2019-01-20;"domingo";"09:00:00";"SC";470;173;"POUSO REDONDO";"Falta de Atenção à Condução";"Saída de leito carroçável";"Sem Vítimas";"Pleno dia";"Crescente";"Nublado";"Simples";"Curva";"Não";1;0;0;0;0;1;0;1;-27,25984;-49,919285;"SPRF-SC";"DEL04-SC";"UOP02-DEL04-SC"
186370;2019-01-20;"domingo";"13:10:00";"PR";376;160;"MANDAGUACU";"Pista Escorregadia";"Saída de leito carroçável";"Com Vítimas Feridas";"Pleno dia";"Crescente";"Chuva";"Dupla";"Curva";"Não";2;0;2;0;0;0;2;1;-23,352516;-52,09127;"SPRF-PR";"DEL07-PR";"UOP01-DEL09-PR"
186371;2019-01-20;"domingo";"12:00:00";"GO";60;101;"ANAPOLIS";"Defeito Mecânico no Veículo";"Incêndio";"Sem Vítimas";"Pleno dia";"Crescente";"Céu Claro";"Dupla";"Curva";"Não";1;0;0;0;0;1;0;1;-16,4022;-48,9745;"SPRF-GO";"DEL02-GO";"UOP01-DEL02-GO"
186373;2019-01-20;"domingo";"12:30:00";"SC";282;138,1;"BOM RETIRO";"Falta de Atenção à Condução";"Colisão lateral";"Com Vítimas Feridas";"Pleno dia";"Decrescente";"Nublado";"Simples";"Reta";"Não";2;0;1;0;1;0;1;2;-27,825998;-49,575924;"SPRF-SC";"DEL05-SC";"UOP01-DEL05-SC"
186374;2019-01-20;"domingo";"13:40:00";"SP";116;146;"SAO JOSE DOS CAMPOS";"Falta de Atenção à Condução";"Queda de ocupante de veículo";"Com Vítimas Feridas";"Pleno dia";"Decrescente";"Nublado";"Dupla";"Aclive";"Sim";1;0;1;0;0;0;1;1;-23,191269;-45,863358;"SPRF-SP";"DEL02-SP";"UOP01-DEL02-SP"
186376;2019-01-20;"domingo";"12:00:00";"PI";343;317,1;"ALTOS";"Ultrapassagem Indevida";"Colisão traseira";"Com Vítimas Feridas";"Pleno dia";"Decrescente";"Céu Claro";"Simples";"Reta";"Não";4;0;3;0;1;0;3;2;-5,044959;-42,544502;"SPRF-PI";"DEL01-PI";"UOP01-DEL01-PI"
186377;2019-01-20;"domingo";"13:00:00";"PB";101;56,2;"SANTA RITA";"Velocidade Incompatível";"Colisão traseira";"Com Vítimas Fatais";"Pleno dia";"Crescente";"Sol";"Dupla";"Reta";"Não";6;1;2;2;1;0;4;2;-6,98055117;-35,07639992;"SPRF-PB";"DEL01-PB";"UOP04-DEL01-PB"
186378;2019-01-20;"domingo";"14:25:00";"SC";280;50,6;"GUARAMIRIM";"Desobediência às normas de trânsito pelo condutor";"Colisão transversal";"Com Vítimas Feridas";"Pleno dia";"Crescente";"Céu Claro";"Simples";"Interseção de Vias";"Sim";5;0;2;1;1;1;3;3;-26,46405008;-48,95143569;"SPRF-SC";"DEL03-SC";"UOP03-DEL03-SC"
186380;2019-01-20;"domingo";"13:30:00";"ES";101;258,8;"SERRA";"Ingestão de Álcool";"Capotamento";"Com Vítimas Feridas";"Pleno dia";"Crescente";"Céu Claro";"Dupla";"Reta";"Sim";1;0;1;0;0;0;1;1;-20,13532297;-40,29267138;"SPRF-ES";"DEL02-ES";"UOP01-DEL02-ES"
186381;2019-01-20;"domingo";"12:00:00";"MG";365;186;"BURITIZEIRO";"Defeito na Via";"Capotamento";"Com Vítimas Feridas";"Pleno dia";"Decrescente";"Sol";"Simples";"Reta";"Não";5;0;1;0;4;0;1;1;-17,420111;-45,139751;"SPRF-MG";"DEL12-MG";"UOP01-DEL12-MG"
186382;2019-01-17;"quinta-feira";"07:00:00";"ES";262;84;"DOMINGOS MARTINS";"Condutor Dormindo";"Capotamento";"Sem Vítimas";"Pleno dia";"Decrescente";"Céu Claro";"Simples";"Reta";"Não";1;0;0;0;1;0;0;1;-20,4063;-40,9713;"SPRF-ES";"DEL01-ES";"UOP02-DEL01-ES"
186385;2019-01-20;"domingo";"14:56:00";"PR";116;10;"COLOMBO";"Falta de Atenção à Condução";"Colisão lateral";"Com Vítimas Feridas";"Pleno dia";"Decrescente";"Céu Claro";"Dupla";"Reta";"Sim";1;0;1;0;0;0;1;1;-25,3719;-49,134;"SPRF-PR";"DEL01-PR";"UOP02-DEL01-PR"
186386;2019-01-20;"domingo";"14:00:00";"SP";116;128,4;"CACAPAVA";"Defeito Mecânico no Veículo";"Colisão com objeto estático";"Com Vítimas Feridas";"Pleno dia";"Crescente";"Céu Claro";"Dupla";"Reta";"Sim";5;0;4;0;1;0;4;1;-23,114546;-45,711056;"SPRF-SP";"DEL06-SP";"UOP02-DEL02-SP"
186391;2019-01-20;"domingo";"14:15:00";"MS";262;484,3;"ANASTACIO";"Desobediência às normas de trânsito pelo condutor";"Colisão frontal";"Com Vítimas Fatais";"Pleno dia";"Decrescente";"Céu Claro";"Simples";"Reta";"Não";12;3;3;2;4;0;5;4;-20,50231023;-55,76103422;"SPRF-MS";"DEL03-MS";"UOP01-DEL03-MS"
186394;2019-01-20;"domingo";"15:35:00";"GO";50;302,5;"CUMARI";"Mal Súbito";"Capotamento";"Com Vítimas Feridas";"Pleno dia";"Crescente";"Céu Claro";"Simples";"Curva";"Não";3;0;1;0;2;0;1;1;-18,3433;-48,0366;"SPRF-GO";"DEL06-GO";"UOP01-DEL06-GO"
186395;2019-01-20;"domingo";"10:00:00";"CE";222;2,1;"FORTALEZA";"Falta de Atenção à Condução";"Colisão traseira";"Com Vítimas Feridas";"Pleno dia";"Crescente";"Céu Claro";"Múltipla";"Reta";"Sim";2;0;0;1;1;0;1;2;-3,739117;-38,586914;"SPRF-CE";"DEL01-CE";"UOP01-DEL01-CE"
186396;2019-01-20;"domingo";"15:20:00";"PR";158;524,5;"PATO BRANCO";"Velocidade Incompatível";"Tombamento";"Com Vítimas Feridas";"Pleno dia";"Crescente";"Céu Claro";"Simples";"Rotatória";"Sim";1;0;0;1;0;0;1;1;-26,15050983;-52,66283068;"SPRF-PR";"DEL02-PR";"UOP01-DEL02-PR"
186397;2019-01-20;"domingo";"15:30:00";"PR";376;651;"TIJUCAS DO SUL";"Falta de Atenção à Condução";"Capotamento";"Com Vítimas Fatais";"Pleno dia";"Crescente";"Céu Claro";"Múltipla";"Curva";"Não";6;1;5;0;0;0;5;1;-25,845098;-49,07302;"SPRF-PR";"DEL01-PR";"DEL7/1-UOP08/PR"
186398;2019-01-20;"domingo";"15:00:00";"PE";101;45;"IGARASSU";"Falta de Atenção à Condução";"Colisão com objeto estático";"Sem Vítimas";"Pleno dia";"Crescente";"Céu Claro";"Múltipla";"Reta";"Sim";2;0;0;0;2;0;0;2;-7,8728;-34,9061;"SPRF-PE";"DEL01-PE";"UOP02-DEL01-PE"
186399;2019-01-20;"domingo";"15:40:00";"SC";280;25,1;"ARAQUARI";"Desobediência às normas de trânsito pelo condutor";"Colisão traseira";"Com Vítimas Feridas";"Pleno dia";"Decrescente";"Céu Claro";"Simples";"Reta";"Sim";4;0;2;0;2;0;2;3;-26,383551;-48,726803;"SPRF-SC";"DEL03-SC";"UOP03-DEL03-SC"
186400;2019-01-20;"domingo";"16:00:00";"MG";40;617,5;"CONGONHAS";"Falta de Atenção à Condução";"Saída de leito carroçável";"Com Vítimas Feridas";"Pleno dia";"Decrescente";"Céu Claro";"Simples";"Reta";"Não";4;0;3;0;1;0;3;1;-20,5647;-43,8114;"SPRF-MG";"DEL05-MG";"UOP02-DEL05-MG"
186401;2019-01-20;"domingo";"15:20:00";"SP";116;77;"ROSEIRA";"Não guardar distância de segurança";"Colisão traseira";"Com Vítimas Feridas";"Pleno dia";"Crescente";"Nublado";"Dupla";"Reta";"Não";4;0;2;0;2;0;2;2;-22,883369;-45,279385;"SPRF-SP";"DEL06-SP";"UOP01-DEL06-SP"
186403;2019-01-20;"domingo";"15:30:00";"AL";101;187;"JUNQUEIRO";"Desobediência às normas de trânsito pelo condutor";"Colisão transversal";"Com Vítimas Feridas";"Pleno dia";"Crescente";"Céu Claro";"Dupla";"Curva";"Sim";2;0;1;0;1;0;1;2;-9,897701;-36,460474;"SPRF-AL";"DEL02-AL";"UOP02-DEL02-AL"
186405;2019-01-20;"domingo";"16:05:00";"GO";50;184,4;"CAMPO ALEGRE DE GOIAS";"Avarias e/ou desgaste excessivo no pneu";"Saída de leito carroçável";"Com Vítimas Feridas";"Pleno dia";"Decrescente";"Sol";"Dupla";"Reta";"Não";4;0;3;0;1;0;3;1;-17,4413;-47,8018;"SPRF-GO";"DEL06-GO";"UOP01-DEL06-GO"
186406;2019-01-20;"domingo";"15:50:00";"SC";101;135;"BALNEARIO CAMBORIU";"Pista Escorregadia";"Tombamento";"Com Vítimas Feridas";"Pleno dia";"Crescente";"Céu Claro";"Simples";"Curva";"Sim";2;0;2;0;0;0;2;1;-27,0081;-48,617;"SPRF-SC";"DEL04-SC";"UOP03-DEL04-SC"
186407;2019-01-17;"quinta-feira";"07:40:00";"RJ";116;299;"RESENDE";"Falta de Atenção à Condução";"Colisão traseira";"Sem Vítimas";"Pleno dia";"Decrescente";"Céu Claro";"Dupla";"Reta";"Sim";1;0;0;0;1;0;0;1;-22,450125;-44,330193;"SPRF-RJ";"DEL07-RJ";"DEL5/7-UOP03/RJ"
186409;2019-01-20;"domingo";"11:00:00";"GO";60;16;"ALEXANIA";"Falta de Atenção à Condução";"Colisão traseira";"Com Vítimas Feridas";"Pleno dia";"Crescente";"Céu Claro";"Dupla";"Reta";"Não";1;0;1;0;0;0;1;1;-16,11731666;-48,3810854;"SPRF-DF";"DEL01-DF";"UOP01-DEL03-DF"
186410;2019-01-20;"domingo";"16:49:00";"DF";60;2,3;"BRASILIA";"Falta de Atenção à Condução";"Colisão lateral";"Com Vítimas Feridas";"Pleno dia";"Decrescente";"Nublado";"Dupla";"Reta";"Sim";6;0;0;4;2;0;4;3;-15,887383;-48,077988;"SPRF-DF";"DEL01-DF";"UOP01-DEL03-DF"
186415;2019-01-20;"domingo";"13:40:00";"MG";459;22,5;"CALDAS";"Velocidade Incompatível";"Colisão com objeto estático";"Com Vítimas Feridas";"Pleno dia";"Decrescente";"Chuva";"Simples";"Curva";"Não";5;0;1;4;0;0;5;1;-21,88111325;-46,38311863;"SPRF-MG";"DEL13-MG";"UOP01-DEL13-MG"
186416;2019-01-20;"domingo";"16:50:00";"SP";116;194;"SANTA ISABEL";"Condutor Dormindo";"Colisão traseira";"Com Vítimas Feridas";"Pleno dia";"Crescente";"Céu Claro";"Dupla";"Reta";"Não";5;0;4;0;1;0;4;2;-23,38431716;-46,26580417;"SPRF-SP";"DEL02-SP";"UOP01-DEL02-SP"
186417;2019-01-20;"domingo";"16:20:00";"MG";365;545,3;"ROMARIA";"Não guardar distância de segurança";"Saída de leito carroçável";"Com Vítimas Feridas";"Pleno dia";"Crescente";"Céu Claro";"Simples";"Reta";"Não";3;0;3;0;0;0;3;1;-18,9312;-47,61606;"SPRF-MG";"DEL10-MG";"UOP01-DEL10-MG"
186418;2019-01-20;"domingo";"15:45:00";"SC";470;341,7;"CAMPOS NOVOS";"Falta de Atenção à Condução";"Colisão transversal";"Com Vítimas Feridas";"Pleno dia";"Crescente";"Céu Claro";"Simples";"Interseção de Vias";"Não";3;0;2;0;1;0;2;2;-27,53008916;-51,38835669;"SPRF-SC";"DEL07-SC";"UOP06-DEL07-SC"
186419;2019-01-20;"domingo";"17:30:00";"SP";116;325,5;"JUQUITIBA";"Pista Escorregadia";"Saída de leito carroçável";"Com Vítimas Feridas";"Pleno dia";"Crescente";"Chuva";"Dupla";"Curva";"Não";3;0;1;0;2;0;1;2;-23,94061959;-47,05621898;"SPRF-SP";"DEL04-SP";"UOP03-DEL04-SP"
186420;2019-01-20;"domingo";"15:50:00";"CE";222;141,6;"IRAUCUBA";"Pista Escorregadia";"Saída de leito carroçável";"Com Vítimas Feridas";"Pleno dia";"Crescente";"Chuva";"Simples";"Reta";"Não";4;0;3;0;1;0;3;1;-3,754671;-39,715527;"SPRF-CE";"DEL04-CE";"UOP03-DEL04-CE"
186422;2019-01-20;"domingo";"16:30:00";"BA";110;192;"RIBEIRA DO POMBAL";"Falta de Atenção do Pedestre";"Atropelamento de Pedestre";"Com Vítimas Feridas";"Pleno dia";"Crescente";"Céu Claro";"Simples";"Reta";"Não";2;0;1;1;0;0;2;2;-11,0007;-38,5152;"SPRF-BA";"DEL07-BA";"UOP02-DEL07-BA"
186423;2019-01-20;"domingo";"16:30:00";"PE";101;73,8;"RECIFE";"Falta de Atenção à Condução";"Colisão transversal";"Sem Vítimas";"Pleno dia";"Crescente";"Céu Claro";"Simples";"Curva";"Não";2;0;0;0;1;1;0;2;-8,1027;-34,9483;"SPRF-PE";"DEL01-PE";"UOP01-DEL01-PE"
186424;2019-01-20;"domingo";"17:20:00";"SC";101;334;"TUBARAO";"Falta de Atenção à Condução";"Colisão traseira";"Com Vítimas Feridas";"Pleno dia";"Crescente";"Céu Claro";"Dupla";"Reta";"Sim";4;0;1;0;2;1;1;3;-28,4701;-49,0169;"SPRF-SC";"DEL02-SC";"UOP01-DEL02-SC"
186425;2019-01-20;"domingo";"16:50:00";"PR";116;121;"CURITIBA";"Falta de Atenção à Condução";"Queda de ocupante de veículo";"Com Vítimas Feridas";"Pleno dia";"Crescente";"Nublado";"Dupla";"Declive";"Não";1;0;1;0;0;0;1;1;-25,551222;-49,305038;"SPRF-PR";"DEL01-PR";"UOP03-DEL01-PR"
186427;2019-01-20;"domingo";"16:50:00";"PE";232;168,7;"TACAIMBO";"Falta de Atenção à Condução";"Colisão traseira";"Com Vítimas Feridas";"Pleno dia";"Decrescente";"Céu Claro";"Simples";"Aclive";"Não";3;0;1;0;2;0;1;2;-8,33884631;-36,32227185;"SPRF-PE";"DEL02-PE";"UOP03-DEL02-PE"