"id";"data_inversa";"dia_semana";"horario";"uf";"br";"km";"municipio";"causa_acidente";"tipo_acidente";"classificacao_acidente";"fase_dia";"sentido_via";"condicao_metereologica";"tipo_pista";"tracado_via";"uso_solo";"pessoas";"mortos";"feridos_leves";"feridos_graves";"ilesos";"ignorados";"feridos";"veiculos";"latitude";"longitude";"regional";"delegacia";"uop"
186428;2019-01-20;"domingo";"15:45:00";"SC";280;80;"CORUPA";"Falta de Atenção à Condução";"Colisão traseira";"Com Vítimas Feridas";"Pleno dia";"Decrescente";"Céu Claro";"Simples";"Reta";"Sim";1;0;1;0;0;0;1;1;-26,444054;-49,209812;"SPRF-SC";"DEL06-SC";"UOP03-DEL06-SC"
186429;2019-01-20;"domingo";"17:40:00";"SP";116;92,7;"PINDAMONHANGABA";"Não guardar distância de segurança";"Colisão traseira";"Com Vítimas Feridas";"Anoitecer";"Crescente";"Nublado";"Dupla";"Reta";"Não";4;0;2;0;2;0;2;2;-22,952322;-45,404633;"SPRF-SP";"DEL06-SP";"UOP01-DEL06-SP"
186430;2019-01-20;"domingo";"15:30:00";"RN";304;229,9;"RIACHUELO";"Mal Súbito";"Saída de leito carroçável";"Com Vítimas Feridas";"Pleno dia";"Crescente";"Sol";"Simples";"Reta";"Não";4;0;4;0;0;0;4;1;-5,75366438;-35,89336395;"SPRF-RN";"DEL01-RN";"UOP02-DEL01-RN"
186431;2019-01-20;"domingo";"17:50:00";"RJ";101;163;"MACAE";"Avarias e/ou desgaste excessivo no pneu";"Colisão frontal";"Com Vítimas Feridas";"Anoitecer";"Crescente";"Céu Claro";"Simples";"Reta";"Não";4;0;2;0;2;0;2;2;-22,308807;-41,890049;"SPRF-RJ";"DEL02-RJ";"UOP04-DEL08-RJ"
186432;2019-01-20;"domingo";"15:20:00";"PE";232;413,7;"SERRA TALHADA";"Ingestão de Álcool";"Saída de leito carroçável";"Com Vítimas Feridas";"Pleno dia";"Crescente";"Céu Claro";"Simples";"Declive;Interseção de Vias";"Sim";2;0;1;1;0;0;2;1;-7,98694515;-38,32717896;"SPRF-PE";"DEL04-PE";"UOP01-DEL04-PE"
186433;2019-01-20;"domingo";"15:30:00";"MA";10;167,7;"PORTO FRANCO";"Velocidade Incompatível";"Saída de leito carroçável";"Com Vítimas Feridas";"Pleno dia";"Crescente";"Céu Claro";"Simples";"Reta";"Não";7;0;6;1;0;0;7;2;-6,257395;-47,354179;"SPRF-MA";"DEL04-MA";"UOP02-DEL04-MA"
186434;2019-01-20;"domingo";"17:00:00";"PR";277;127,7;"BALSA NOVA";"Falta de Atenção à Condução";"Saída de leito carroçável";"Com Vítimas Feridas";"Pleno dia";"Decrescente";"Nublado";"Dupla";"Curva";"Não";2;0;1;0;1;0;1;1;-25,4684437;-49,6295851;"SPRF-PR";"DEL01-PR";"UOP06-DEL01-PR"
186435;2019-01-20;"domingo";"18:20:00";"SC";101;67,4;"ARAQUARI";"Desobediência às normas de trânsito pelo condutor";"Colisão traseira";"Com Vítimas Feridas";"Pleno dia";"Decrescente";"Nublado";"Dupla";"Reta";"Não";2;0;1;0;1;0;1;2;-26,49274066;-48,7335062;"SPRF-SC";"DEL03-SC";"UOP02-DEL03-SC"
186436;2019-01-20;"domingo";"18:20:00";"SC";101;63;"ARAQUARI";"Desobediência às normas de trânsito pelo condutor";"Colisão traseira";"Com Vítimas Feridas";"Pleno dia";"Decrescente";"Céu Claro";"Dupla";"Reta";"Não";3;0;2;0;1;0;2;2;-26,465;-48,7497;"SPRF-SC";"DEL03-SC";"UOP02-DEL03-SC"
186438;2019-01-20;"domingo";"18:00:00";"SP";153;326,3;"SALTO GRANDE";"Defeito Mecânico no Veículo";"Tombamento";"Com Vítimas Feridas";"Pleno dia";"Decrescente";"Nublado";"Simples";"Reta";"Não";3;0;2;0;0;1;2;2;-22,922949;-49,900826;"SPRF-SP";"DEL07-SP";"UOP03-DEL07-SP"
186439;2019-01-20;"domingo";"17:15:00";"PB";101;73,3;"SANTA RITA";"Falta de Atenção do Pedestre";"Atropelamento de Pedestre";"Com Vítimas Feridas";"Anoitecer";"Crescente";"Céu Claro";"Dupla";"Interseção de Vias";"Não";2;0;0;1;1;0;1;2;-7,0819;-34,9824;"SPRF-PB";"DEL01-PB";"UOP04-DEL01-PB"
186440;2019-01-20;"domingo";"17:20:00";"PE";101;52;"PAULISTA";"Defeito na Via";"Queda de ocupante de veículo";"Com Vítimas Feridas";"Anoitecer";"Decrescente";"Céu Claro";"Dupla";"Curva";"Sim";1;0;1;0;0;0;1;1;-7,9324;-34,9017;"SPRF-PE";"DEL01-PE";"UOP02-DEL01-PE"
186441;2019-01-20;"domingo";"18:20:00";"GO";70;9,9;"AGUAS LINDAS DE GOIAS";"Falta de Atenção à Condução";"Saída de leito carroçável";"Com Vítimas Feridas";"Pleno dia";"Decrescente";"Sol";"Múltipla";"Reta";"Sim";4;0;3;1;0;0;4;1;-15,7359;-48,2829;"SPRF-DF";"DEL01-DF";"UOP02-DEL03-DF"
186444;2019-01-20;"domingo";"16:15:00";"RR";174;501,9;"BOA VISTA";"Velocidade Incompatível";"Colisão traseira";"Com Vítimas Feridas";"Pleno dia";"Decrescente";"Céu Claro";"Dupla";"Curva;Declive";"Sim";3;0;1;0;2;0;1;2;2,781689;-60,703827;"SPRF-RR";"DEL01-RR";"UOP01-DEL01-RR"
186445;2019-01-20;"domingo";"17:30:00";"RJ";116;93;"GUAPIMIRIM";"Fenômenos da Natureza";"Colisão transversal";"Com Vítimas Feridas";"Anoitecer";"Crescente";"Chuva";"Simples";"Curva";"Não";4;0;0;2;2;0;2;2;-22,464163;-42,992157;"SPRF-RJ";"DEL04-RJ";"UOP02-DEL04-RJ"
186446;2019-01-20;"domingo";"17:20:00";"BA";116;823,7;"VITORIA DA CONQUISTA";"Falta de Atenção à Condução";"Colisão transversal";"Com Vítimas Feridas";"Pleno dia";"Crescente";"Sol";"Dupla";"Interseção de Vias";"Sim";2;0;1;0;1;0;1;2;-14,86002669;-40,8497858;"SPRF-BA";"DEL08-BA";"UOP01-DEL08-BA"
186448;2019-01-20;"domingo";"17:30:00";"SC";282;614,2;"MARAVILHA";"Velocidade Incompatível";"Saída de leito carroçável";"Com Vítimas Feridas";"Anoitecer";"Decrescente";"Nublado";"Simples";"Curva";"Não";1;0;1;0;0;0;1;1;-26,76932;-53,264568;"SPRF-SC";"DEL07-SC";"UOP02-DEL07-SC"
186450;2019-01-20;"domingo";"18:30:00";"MG";40;553;"NOVA LIMA";"Falta de Atenção à Condução";"Capotamento";"Com Vítimas Feridas";"Pleno dia";"Crescente";"Chuva";"Dupla";"Reta";"Sim";2;0;1;0;1;0;1;1;-20,077;-43,9823;"SPRF-MG";"DEL01-MG";"UOP02-DEL01-MG"
186452;2019-01-20;"domingo";"18:45:00";"MG";40;592,3;"OURO PRETO";"Defeito Mecânico no Veículo";"Incêndio";"Sem Vítimas";"Pleno dia";"Crescente";"Sol";"Dupla";"Reta;Viaduto";"Não";2;0;0;0;2;0;0;1;-20,3902;-43,9066;"SPRF-MG";"DEL05-MG";"UOP02-DEL05-MG"
186453;2019-01-20;"domingo";"18:40:00";"SC";101;144;"ITAPEMA";"Não guardar distância de segurança";"Colisão lateral";"Com Vítimas Feridas";"Pleno dia";"Decrescente";"Nublado";"Dupla";"Reta";"Sim";2;0;1;0;1;0;1;2;-27,0816;-48,6012;"SPRF-SC";"DEL04-SC";"UOP03-DEL04-SC"
186458;2019-01-20;"domingo";"18:20:00";"PE";104;66;"CARUARU";"Falta de Atenção à Condução";"Colisão traseira";"Com Vítimas Feridas";"Plena Noite";"Crescente";"Céu Claro";"Dupla";"Interseção de Vias";"Sim";2;0;1;0;1;0;1;2;-8,2937;-35,9864;"SPRF-PE";"DEL02-PE";"UOP01-DEL02-PE"
186459;2019-01-20;"domingo";"18:10:00";"MG";0;0;"ARAUJOS";"Ingestão de Álcool";"Colisão com objeto estático";"Sem Vítimas";"Pleno dia";"Não Informado";"Céu Claro";"Simples";"Reta";"Não";2;0;0;0;2;0;0;1;-19,7872324;-45,2308929;"SPRF-MG";"DEL08-MG";"UOP03-DEL08-MG"
186460;2019-01-20;"domingo";"19:30:00";"GO";60;36,3;"GOIANIA";"Velocidade Incompatível";"Colisão com objeto estático";"Sem Vítimas";"Plena Noite";"Crescente";"Chuva";"Dupla";"Rotatória";"Sim";1;0;0;0;1;0;0;1;-16,729286;-49,35057;"SPRF-GO";"DEL01-GO";"UOP02-DEL01-GO"
186463;2019-01-20;"domingo";"19:20:00";"MG";40;526;"CONTAGEM";"Falta de Atenção à Condução";"Atropelamento de Pedestre";"Com Vítimas Feridas";"Plena Noite";"Crescente";"Chuva";"Dupla";"Reta";"Sim";2;0;0;1;1;0;1;2;-19,9054;-44,0476;"SPRF-MG";"DEL01-MG";"UOP03-DEL01-MG"
186464;2019-01-20;"domingo";"16:30:00";"RS";471;486;"CHUI";"Ingestão de Álcool";"Saída de leito carroçável";"Sem Vítimas";"Pleno dia";"Decrescente";"Céu Claro";"Simples";"Reta";"Não";1;0;0;0;1;0;0;1;-33,637653;-53,419846;"SPRF-RS";"DEL07-RS";"UOP02-DEL07-RS"
186465;2019-01-20;"domingo";"18:50:00";"PE";101;65;"RECIFE";"Falta de Atenção à Condução";"Atropelamento de Pedestre";"Sem Vítimas";"Plena Noite";"Decrescente";"Céu Claro";"Múltipla";"Reta";"Sim";3;0;0;0;1;2;0;2;-8,0349;-34,9415;"SPRF-PE";"DEL01-PE";"UOP01-DEL01-PE"
186466;2019-01-20;"domingo";"20:00:00";"SC";101;133;"BALNEARIO CAMBORIU";"Falta de Atenção à Condução";"Tombamento";"Sem Vítimas";"Plena Noite";"Crescente";"Céu Claro";"Simples";"Reta";"Sim";1;0;0;0;1;0;0;1;-27,0021;-48,6362;"SPRF-SC";"DEL04-SC";"UOP03-DEL04-SC"
186467;2019-01-20;"domingo";"18:30:00";"MG";40;695,2;"ALFREDO VASCONCELOS";"Velocidade Incompatível";"Colisão frontal";"Com Vítimas Fatais";"Anoitecer";"Crescente";"Chuva";"Simples";"Curva;Declive";"Não";6;1;0;3;1;1;3;3;-21,17264;-43,75584;"SPRF-MG";"DEL05-MG";"UOP02-DEL05-MG"
186469;2019-01-20;"domingo";"19:50:00";"MG";40;456,7;"CAETANOPOLIS";"Defeito Mecânico no Veículo";"Tombamento";"Com Vítimas Feridas";"Plena Noite";"Crescente";"Céu Claro";"Dupla";"Reta";"Não";2;0;2;0;0;0;2;1;-19,3676;-44,33784;"SPRF-MG";"DEL02-MG";"UOP01-DEL02-MG"
186470;2019-01-20;"domingo";"20:00:00";"RJ";101;286;"ITABORAI";"Não guardar distância de segurança";"Colisão lateral";"Com Vítimas Feridas";"Plena Noite";"Crescente";"Céu Claro";"Dupla";"Reta";"Não";3;0;2;0;1;0;2;2;-22,754093;-42,824917;"SPRF-RJ";"DEL02-RJ";"UOP03-DEL02-RJ"
186471;2019-01-20;"domingo";"18:30:00";"SP";381;23;"BRAGANCA PAULISTA";"Desobediência às normas de trânsito pelo condutor";"Tombamento";"Com Vítimas Feridas";"Anoitecer";"Decrescente";"Céu Claro";"Dupla";"Reta";"Não";1;0;1;0;0;0;1;1;-23,004795;-46,520626;"SPRF-SP";"DEL03-SP";"UOP02-DEL03-SP"
186472;2019-01-20;"domingo";"20:00:00";"MG";381;442;"SABARA";"Falta de Atenção à Condução";"Colisão transversal";"Com Vítimas Feridas";"Plena Noite";"Decrescente";"Chuva";"Simples";"Reta";"Não";4;0;0;3;1;0;3;3;-19,80951173;-43,77704755;"SPRF-MG";"DEL01-MG";"UOP01-DEL01-MG"
186474;2019-01-20;"domingo";"20:20:00";"DF";20;12;"BRASILIA";"Agressão Externa";"Saída de leito carroçável";"Com Vítimas Feridas";"Plena Noite";"Decrescente";"Céu Claro";"Dupla";"Reta";"Sim";4;0;3;0;1;0;3;1;-15,642812;-47,757786;"SPRF-DF";"DEL02-DF";"UOP01-DEL02-DF"
186476;2019-01-20;"domingo";"20:30:00";"GO";153;401,9;"PIRENOPOLIS";"Desobediência às normas de trânsito pelo condutor";"Colisão transversal";"Com Vítimas Feridas";"Plena Noite";"Crescente";"Nublado";"Simples";"Interseção de Vias";"Não";5;0;1;0;4;0;1;2;-16,04808183;-49,07425404;"SPRF-GO";"DEL02-GO";"UOP01-DEL02-GO"
186477;2019-01-20;"domingo";"18:40:00";"CE";222;25,4;"CAUCAIA";"Ultrapassagem Indevida";"Capotamento";"Com Vítimas Feridas";"Plena Noite";"Crescente";"Céu Claro";"Simples";"Reta";"Não";1;0;0;1;0;0;1;1;-3,726669;-38,777054;"SPRF-CE";"DEL01-CE";"UOP01-DEL01-CE"
186479;2019-01-20;"domingo";"18:00:00";"PA";10;17;"DOM ELISEU";"Ingestão de Álcool";"Colisão transversal";"Com Vítimas Feridas";"Anoitecer";"Decrescente";"Céu Claro";"Simples";"Reta";"Sim";2;0;1;0;1;0;1;2;-4,293095;-47,556904;"SPRF-PA";"DEL02-PA";"UOP02-DEL02-PA"
186480;2019-01-20;"domingo";"20:50:00";"PR";376;507,3;"PONTA GROSSA";"Falta de Atenção à Condução";"Queda de ocupante de veículo";"Com Vítimas Feridas";"Plena Noite";"Decrescente";"Chuva";"Dupla";"Reta";"Não";2;0;1;0;1;0;1;1;-25,19880596;-50,07370949;"SPRF-PR";"DEL03-PR";"UOP04-DEL03-PR"
186481;2019-01-20;"domingo";"21:15:00";"GO";60;95,8;"ANAPOLIS";"Falta de Atenção à Condução";"Queda de ocupante de veículo";"Com Vítimas Feridas";"Plena Noite";"Decrescente";"Nublado";"Dupla";"Reta";"Não";1;0;1;0;0;0;1;1;-16,3679;-48,939;"SPRF-GO";"DEL02-GO";"UOP01-DEL02-GO"
186482;2019-01-20;"domingo";"20:00:00";"RN";405;74,8;"APODI";"Desobediência às normas de trânsito pelo condutor";"Colisão frontal";"Com Vítimas Feridas";"Plena Noite";"Crescente";"Nublado";"Simples";"Reta";"Sim";4;0;3;1;0;0;4;2;-5,633979;-37,800461;"SPRF-RN";"DEL04-RN";"UOP02-DEL04-RN"
186483;2019-01-20;"domingo";"21:00:00";"RJ";116;44;"TERESOPOLIS";"Avarias e/ou desgaste excessivo no pneu";"Queda de ocupante de veículo";"Com Vítimas Feridas";"Plena Noite";"Decrescente";"Chuva";"Simples";"Reta";"Não";1;0;0;1;0;0;1;1;-22,158552;-42,805958;"SPRF-RJ";"DEL04-RJ";"UOP01-DEL04-RJ"
186484;2019-01-20;"domingo";"20:20:00";"MG";50;170;"UBERABA";"Ingestão de Álcool";"Colisão com objeto estático";"Sem Vítimas";"Plena Noite";"Crescente";"Céu Claro";"Dupla";"Reta";"Sim";5;0;0;0;2;3;0;2;-19,7448;-47,984;"SPRF-MG";"DEL13-MG";"UOP01-DEL13-MG"
186485;2019-01-20;"domingo";"18:10:00";"PR";376;651;"TIJUCAS DO SUL";"Falta de Atenção à Condução";"Danos eventuais";"Sem Vítimas";"Pleno dia";"Crescente";"Céu Claro";"Dupla";"Reta";"Não";2;0;0;0;2;0;0;2;-25,84641611;-49,07300949;"SPRF-PR";"DEL01-PR";"DEL7/1-UOP08/PR"
186486;2019-01-20;"domingo";"20:35:00";"PR";476;283,1;"SAO MATEUS DO SUL";"Ingestão de Álcool";"Saída de leito carroçável";"Com Vítimas Feridas";"Plena Noite";"Crescente";"Chuva";"Simples";"Reta";"Não";2;0;2;0;0;0;2;1;-25,891396;-50,435032;"SPRF-PR";"DEL02-PR";"UOP04-DEL02-PR"
186487;2019-01-20;"domingo";"21:50:00";"MG";40;556,7;"NOVA LIMA";"Defeito Mecânico no Veículo";"Incêndio";"Sem Vítimas";"Plena Noite";"Crescente";"Nublado";"Dupla";"Curva";"Sim";2;0;0;0;1;1;0;2;-20,1037;-43,9749;"SPRF-MG";"DEL01-MG";"UOP02-DEL01-MG"
186488;2019-01-20;"domingo";"22:20:00";"SC";470;87,6;"RODEIO";"Ingestão de Álcool";"Colisão frontal";"Com Vítimas Feridas";"Plena Noite";"Crescente";"Nublado";"Simples";"Reta";"Não";2;0;1;0;1;0;1;2;-26,95199126;-49,35405403;"SPRF-SC";"DEL04-SC";"UOP01-DEL04-SC"
186490;2019-01-20;"domingo";"18:30:00";"AC";364;113,8;"RIO BRANCO";"Defeito na Via";"Queda de ocupante de veículo";"Com Vítimas Feridas";"Plena Noite";"Crescente";"Céu Claro";"Simples";"Reta";"Sim";2;0;1;0;1;0;1;1;-10,0135;-67,692131;"SPRF-AC";"DEL01-AC";"UOP01-DEL01-AC"
186491;2019-01-20;"domingo";"22:05:00";"DF";20;17,2;"BRASILIA";"Ingestão de Álcool";"Colisão lateral";"Com Vítimas Feridas";"Plena Noite";"Decrescente";"Céu Claro";"Dupla";"Aclive";"Não";8;0;5;0;3;0;5;2;-15,621374;-47,71698;"SPRF-DF";"DEL02-DF";"UOP01-DEL02-DF"
186493;2019-01-20;"domingo";"21:00:00";"SP";381;1;"VARGEM";"Defeito Mecânico no Veículo";"Incêndio";"Sem Vítimas";"Plena Noite";"Decrescente";"Nublado";"Dupla";"Reta";"Não";1;0;0;0;1;0;0;1;-22,88147;-46,381161;"SPRF-SP";"DEL03-SP";"UOP02-DEL03-SP"
186494;2019-01-20;"domingo";"22:10:00";"SP";116;146,4;"SAO JOSE DOS CAMPOS";"Falta de Atenção à Condução";"Colisão lateral";"Com Vítimas Feridas";"Plena Noite";"Decrescente";"Nublado";"Dupla";"Declive;Reta";"Não";1;0;1;0;0;0;1;1;-23,191269;-45,863358;"SPRF-SP";"DEL02-SP";"UOP01-DEL02-SP"
186495;2019-01-20;"domingo";"22:50:00";"SC";470;167,9;"POUSO REDONDO";"Ingestão de Álcool";"Colisão com objeto estático";"Com Vítimas Feridas";"Plena Noite";"Crescente";"Nublado";"Simples";"Reta";"Não";2;0;2;0;0;0;2;1;-27,269835;-49,863087;"SPRF-SC";"DEL04-SC";"UOP02-DEL04-SC"
186496;2019-01-20;"domingo";"21:50:00";"MS";163;276,4;"DOURADOS";"Velocidade Incompatível";"Saída de leito carroçável";"Com Vítimas Feridas";"Plena Noite";"Decrescente";"Céu Claro";"Dupla";"Rotatória";"Sim";4;0;1;2;1;0;3;1;-22,15892113;-54,64619204;"SPRF-MS";"DEL04-MS";"UOP01-DEL04-MS"
186497;2019-01-20;"domingo";"15:05:00";"MG";153;50,1;"MONTE ALEGRE DE MINAS";"Pista Escorregadia";"Colisão com objeto estático";"Com Vítimas Feridas";"Pleno dia";"Crescente";"Chuva";"Dupla";"Reta";"Não";2;0;2;0;0;0;2;1;-18,829;-49,0884;"SPRF-MG";"DEL15-MG";"UOP03-DEL15-MG"
186498;2019-01-20;"domingo";"22:30:00";"SP";116;229;"SAO JOSE DOS CAMPOS";"Falta de Atenção à Condução";"Colisão traseira";"Com Vítimas Feridas";"Plena Noite";"Decrescente";"Céu Claro";"Múltipla";"Reta";"Sim";3;0;2;0;1;0;2;2;-23,219809;-45,899918;"SPRF-SP";"DEL01-SP";"UOP01-DEL01-SP"
186500;2019-01-20;"domingo";"22:30:00";"BA";116;353,9;"SERRINHA";"Falta de Atenção à Condução";"Colisão traseira";"Com Vítimas Feridas";"Plena Noite";"Crescente";"Céu Claro";"Simples";"Reta";"Não";3;0;3;0;0;0;3;2;-11,58375961;-38,99369717;"SPRF-BA";"DEL02-BA";"UOP01-DEL02-BA"
186501;2019-01-20;"domingo";"22:10:00";"TO";153;138;"ARAGUAINA";"Falta de Atenção à Condução";"Tombamento";"Com Vítimas Feridas";"Plena Noite";"Decrescente";"Céu Claro";"Dupla";"Reta";"Não";2;0;2;0;0;0;2;1;-7,155106;-48,204163;"SPRF-TO";"DEL02-TO";"UOP01-DEL02-TO"
186502;2019-01-20;"domingo";"19:40:00";"TO";153;501,2;"PARAISO DO TOCANTINS";"Defeito Mecânico no Veículo";"Saída de leito carroçável";"Com Vítimas Feridas";"Plena Noite";"Decrescente";"Nublado";"Simples";"Declive";"Não";4;0;3;1;0;0;4;1;-10,209515;-48,874096;"SPRF-TO";"DEL02-TO";"UOP01-DEL01-TO"
186503;2019-01-20;"domingo";"22:40:00";"PE";101;70;"RECIFE";"Falta de Atenção à Condução";"Saída de leito carroçável";"Com Vítimas Fatais";"Plena Noite";"Decrescente";"Céu Claro";"Dupla";"Reta";"Sim";2;1;0;1;0;0;1;1;-8,0778;-34,9429;"SPRF-PE";"DEL01-PE";"UOP01-DEL01-PE"
186504;2019-01-20;"domingo";"23:49:00";"PR";277;4,9;"PARANAGUA";"Ingestão de Álcool";"Colisão frontal";"Sem Vítimas";"Plena Noite";"Crescente";"Chuva";"Simples";"Em Obras";"Sim";2;0;0;0;2;0;0;2;-25,55281827;-48,56214523;"SPRF-PR";"DEL01-PR";"UOP05-DEL01-PR"
186505;2019-01-20;"domingo";"21:20:00";"MT";174;578;"COMODORO";"Avarias e/ou desgaste excessivo no pneu";"Queda de ocupante de veículo";"Com Vítimas Feridas";"Plena Noite";"Crescente";"Céu Claro";"Simples";"Reta";"Não";2;0;2;0;0;0;2;1;-12,959806;-60,032429;"SPRF-RO";"DEL04-RO";"UOP01-DEL04-RO"
186506;2019-01-20;"domingo";"23:20:00";"RS";158;566;"SANTANA DO LIVRAMENTO";"Desobediência às normas de trânsito pelo condutor";"Colisão transversal";"Com Vítimas Feridas";"Plena Noite";"Crescente";"Céu Claro";"Simples";"Rotatória";"Sim";3;0;0;1;2;0;1;2;-30,876242;-55,510815;"SPRF-RS";"DEL11-RS";"UOP01-DEL11-RS"
186507;2019-01-20;"domingo";"23:10:00";"PR";369;44,6;"BANDEIRANTES";"Velocidade Incompatível";"Saída de leito carroçável";"Com Vítimas Feridas";"Plena Noite";"Decrescente";"Céu Claro";"Simples";"Curva";"Não";1;0;1;0;0;0;1;1;-23,08940411;-50,2861619;"SPRF-PR";"DEL07-PR";"UOP05-DEL07-PR"
186508;2019-01-20;"domingo";"22:45:00";"RN";101;78;"NATAL";"Desobediência às normas de trânsito pelo condutor";"Colisão transversal";"Com Vítimas Feridas";"Plena Noite";"Crescente";"Céu Claro";"Dupla";"Reta";"Não";4;0;0;3;1;0;3;2;-5,740798;-35,290199;"SPRF-RN";"DEL02-RN";"UOP01-DEL02-RN"
186509;2019-01-20;"domingo";"21:20:00";"CE";116;49,8;"PACAJUS";"Desobediência às normas de trânsito pelo condutor";"Colisão traseira";"Com Vítimas Feridas";"Plena Noite";"Crescente";"Céu Claro";"Dupla";"Reta";"Não";2;0;0;1;1;0;1;2;-4,1797;-38,4917;"SPRF-CE";"DEL01-CE";"UOP02-DEL01-CE"
186510;2019-01-20;"domingo";"22:10:00";"SC";282;614,2;"MARAVILHA";"Falta de Atenção à Condução";"Colisão frontal";"Com Vítimas Feridas";"Plena Noite";"Crescente";"Céu Claro";"Simples";"Curva";"Não";5;0;1;4;0;0;5;2;-26,76932;-53,264568;"SPRF-SC";"DEL07-SC";"UOP02-DEL07-SC"
186511;2019-01-20;"domingo";"23:00:00";"PR";476;176,5;"CONTENDA";"Falta de Atenção à Condução";"Saída de leito carroçável";"Com Vítimas Feridas";"Plena Noite";"Decrescente";"Chuva";"Simples";"Curva";"Não";1;0;1;0;0;0;1;1;-25,694412;-49,553158;"SPRF-PR";"DEL01-PR";"UOP06-DEL01-PR"
186512;2019-01-20;"domingo";"23:40:00";"CE";116;111,5;"BEBERIBE";"Defeito na Via";"Queda de ocupante de veículo";"Com Vítimas Feridas";"Plena Noite";"Crescente";"Céu Claro";"Simples";"Reta";"Não";1;0;1;0;0;0;1;1;-4,590173;-38,214588;"SPRF-CE";"DEL03-CE";"UOP02-DEL03-CE"
186513;2019-01-21;"segunda-feira";"01:00:00";"SC";101;152,6;"ITAPEMA";"Ingestão de Álcool";"Colisão traseira";"Com Vítimas Fatais";"Plena Noite";"Decrescente";"Céu Claro";"Dupla";"Reta";"Sim";3;2;0;0;1;0;0;2;-27,1448;-48,6102;"SPRF-SC";"DEL04-SC";"UOP03-DEL04-SC"
186514;2019-01-20;"domingo";"19:00:00";"MG";381;378;"SAO GONCALO DO RIO ABAIXO";"Ultrapassagem Indevida";"Saída de leito carroçável";"Com Vítimas Feridas";"Anoitecer";"Crescente";"Nublado";"Simples";"Declive;Curva";"Não";3;0;2;0;1;0;2;1;-19,841981;-43,320868;"SPRF-MG";"DEL01-MG";"UOP01-DEL01-MG"
186515;2019-01-21;"segunda-feira";"01:00:00";"RJ";40;119;"DUQUE DE CAXIAS";"Falta de Atenção à Condução";"Colisão traseira";"Com Vítimas Feridas";"Plena Noite";"Decrescente";"Céu Claro";"Múltipla";"Reta";"Sim";4;0;1;0;3;0;1;3;-22,7713;-43,2862;"SPRF-RJ";"DEL01-RJ";"UOP01-DEL01-RJ"
186516;2019-01-20;"domingo";"16:05:00";"RS";285;615;"SANTO ANTONIO DAS MISSOES";"Ultrapassagem Indevida";"Capotamento";"Com Vítimas Feridas";"Pleno dia";"Crescente";"Céu Claro";"Simples";"Reta";"Não";1;0;1;0;0;0;1;1;-28,497679;-55,436481;"SPRF-RS";"DEL12-RS";"UOP01-DEL12-RS"
186517;2019-01-21;"segunda-feira";"02:00:00";"PR";116;26;"CAMPINA GRANDE DO SUL";"Pista Escorregadia";"Saída de leito carroçável";"Com Vítimas Feridas";"Plena Noite";"Decrescente";"Chuva";"Múltipla";"Curva";"Não";1;0;1;0;0;0;1;1;-25,106836;-48,785343;"SPRF-PR";"DEL01-PR";"UOP02-DEL01-PR"
186519;2019-01-21;"segunda-feira";"03:29:00";"GO";40;2,9;"VALPARAISO DE GOIAS";"Ingestão de Álcool";"Saída de leito carroçável";"Sem Vítimas";"Plena Noite";"Decrescente";"Céu Claro";"Dupla";"Reta";"Não";1;0;0;0;0;1;0;1;-16,067129;-47,984235;"SPRF-DF";"DEL01-DF";"UOP01-DEL01-DF"
186520;2019-01-21;"segunda-feira";"00:05:00";"PR";476;135;"CURITIBA";"Ingestão de Álcool";"Colisão transversal";"Com Vítimas Feridas";"Plena Noite";"Decrescente";"Nublado";"Dupla";"Reta";"Sim";2;0;1;0;1;0;1;2;-25,483786;-49,265808;"SPRF-PR";"DEL01-PR";"UOP07-DEL01-PR"
186521;2019-01-21;"segunda-feira";"03:40:00";"RS";392;118,4;"CANGUCU";"Falta de Atenção à Condução";"Saída de leito carroçável";"Com Vítimas Feridas";"Plena Noite";"Decrescente";"Garoa/Chuvisco";"Simples";"Interseção de Vias";"Sim";2;0;1;0;1;0;1;1;-31,407227;-52,681717;"SPRF-RS";"DEL07-RS";"UOP01-DEL07-RS"
186522;2019-01-21;"segunda-feira";"03:00:00";"SE";101;7;"CEDRO DE SAO JOAO";"Desobediência às normas de trânsito pelo condutor";"Colisão com objeto estático";"Com Vítimas Feridas";"Plena Noite";"Crescente";"Garoa/Chuvisco";"Simples";"Em Obras";"Não";2;0;1;1;0;0;2;1;-10,255915;-36,861301;"SPRF-SE";"DEL02-SE";"UOP02-DEL02-SE"
186523;2019-01-21;"segunda-feira";"00:15:00";"SC";470;147,9;"AGRONOMICA";"Ingestão de Álcool";"Saída de leito carroçável";"Sem Vítimas";"Plena Noite";"Crescente";"Nublado";"Dupla";"Curva";"Não";1;0;0;0;1;0;0;1;-27,243439;-49,690025;"SPRF-SC";"DEL04-SC";"UOP02-DEL04-SC"
186525;2019-01-21;"segunda-feira";"04:40:00";"MG";381;359;"JOAO MONLEVADE";"Falta de Atenção à Condução";"Colisão lateral";"Com Vítimas Feridas";"Plena Noite";"Crescente";"Céu Claro";"Simples";"Reta";"Não";1;0;1;0;0;0;1;1;-19,84907103;-43,15120697;"SPRF-MG";"DEL03-MG";"UOP01-DEL03-MG"
186526;2019-01-21;"segunda-feira";"06:20:00";"SP";116;91;"PINDAMONHANGABA";"Falta de Atenção à Condução";"Capotamento";"Com Vítimas Feridas";"Pleno dia";"Crescente";"Céu Claro";"Dupla";"Reta";"Não";1;0;1;0;0;0;1;1;-22,948011;-45,396046;"SPRF-SP";"DEL06-SP";"UOP01-DEL06-SP"