"id";"data_inversa";"dia_semana";"horario";"uf";"br";"km";"municipio";"causa_acidente";"tipo_acidente";"classificacao_acidente";"fase_dia";"sentido_via";"condicao_metereologica";"tipo_pista";"tracado_via";"uso_solo";"pessoas";"mortos";"feridos_leves";"feridos_graves";"ilesos";"ignorados";"feridos";"veiculos";"latitude";"longitude";"regional";"delegacia";"uop"
186527;2019-01-21;"segunda-feira";"05:30:00";"RJ";493;55;"DUQUE DE CAXIAS";"Defeito Mecânico no Veículo";"Incêndio";"Sem Vítimas";"Amanhecer";"Crescente";"Céu Claro";"Dupla";"Reta";"Não";1;0;0;0;0;1;0;1;-22,672079;-43,285179;"SPRF-RJ";"DEL01-RJ";"UOP01-DEL01-RJ"
186530;2019-01-21;"segunda-feira";"06:50:00";"SC";470;53,6;"BLUMENAU";"Desobediência às normas de trânsito pelo condutor";"Colisão transversal";"Com Vítimas Feridas";"Pleno dia";"Decrescente";"Nublado";"Simples";"Reta";"Sim";2;0;1;0;0;1;1;2;-26,867121;-49,102066;"SPRF-SC";"DEL04-SC";"UOP01-DEL04-SC"
186531;2019-01-21;"segunda-feira";"01:30:00";"SC";101;436,5;"SOMBRIO";"Ingestão de Álcool";"Colisão frontal";"Sem Vítimas";"Plena Noite";"Crescente";"Chuva";"Múltipla";"Rotatória";"Sim";3;0;0;0;2;1;0;3;-29,1138;-49,6396;"SPRF-SC";"DEL02-SC";"UOP02-DEL02-SC"
186532;2019-01-21;"segunda-feira";"06:30:00";"SP";116;221;"GUARULHOS";"Não guardar distância de segurança";"Colisão lateral";"Com Vítimas Feridas";"Pleno dia";"Crescente";"Sol";"Múltipla";"Reta";"Sim";2;0;1;0;1;0;1;2;-23,4684938;-46,5098847;"SPRF-SP";"DEL01-SP";"UOP01-DEL01-SP"
186538;2019-01-21;"segunda-feira";"06:30:00";"ES";101;213;"IBIRACU";"Desobediência às normas de trânsito pelo condutor";"Colisão traseira";"Com Vítimas Feridas";"Pleno dia";"Crescente";"Céu Claro";"Simples";"Reta";"Sim";2;0;0;1;1;0;1;2;-19,820898;-40,3690567;"SPRF-ES";"DEL02-ES";"UOP01-DEL02-ES"
186539;2019-01-21;"segunda-feira";"06:30:00";"RN";101;82,8;"SAO GONCALO DO AMARANTE";"Falta de Atenção do Pedestre";"Queda de ocupante de veículo";"Com Vítimas Feridas";"Pleno dia";"Crescente";"Céu Claro";"Dupla";"Reta";"Sim";1;0;0;1;0;0;1;1;-5,767915;-35,274563;"SPRF-RN";"DEL02-RN";"UOP01-DEL02-RN"
186540;2019-01-21;"segunda-feira";"06:25:00";"RN";405;1,8;"MOSSORO";"Desobediência às normas de trânsito pelo condutor";"Colisão transversal";"Com Vítimas Feridas";"Amanhecer";"Decrescente";"Céu Claro";"Dupla";"Interseção de Vias";"Sim";2;0;2;0;0;0;2;2;-5,192654;-37,369327;"SPRF-RN";"DEL04-RN";"UOP02-DEL04-RN"
186541;2019-01-21;"segunda-feira";"07:19:00";"MG";381;947,4;"EXTREMA";"Falta de Atenção à Condução";"Engavetamento";"Com Vítimas Feridas";"Pleno dia";"Decrescente";"Céu Claro";"Dupla";"Aclive;Reta";"Não";7;0;2;0;5;0;2;3;-22,86756286;-46,35287136;"SPRF-MG";"DEL16-MG";"UOP03-DEL16-MG"
186542;2019-01-21;"segunda-feira";"06:50:00";"PE";101;82;"JABOATAO DOS GUARARAPES";"Não guardar distância de segurança";"Colisão traseira";"Com Vítimas Feridas";"Pleno dia";"Crescente";"Céu Claro";"Dupla";"Reta";"Sim";4;0;2;0;2;0;2;3;-8,171685;-34,939389;"SPRF-PE";"DEL01-PE";"UOP03-DEL01-PE"
186543;2019-01-21;"segunda-feira";"07:50:00";"SC";101;45,3;"JOINVILLE";"Não guardar distância de segurança";"Colisão traseira";"Com Vítimas Feridas";"Pleno dia";"Decrescente";"Céu Claro";"Dupla";"Reta";"Sim";3;0;1;0;2;0;1;2;-26,3578;-48,8588;"SPRF-SC";"DEL03-SC";"UOP01-DEL03-SC"
186544;2019-01-21;"segunda-feira";"08:00:00";"GO";40;3;"VALPARAISO DE GOIAS";"Falta de Atenção à Condução";"Colisão lateral";"Com Vítimas Feridas";"Pleno dia";"Decrescente";"Céu Claro";"Dupla";"Reta";"Sim";3;0;2;0;1;0;2;2;-16,076081;-47,985671;"SPRF-DF";"DEL01-DF";"UOP01-DEL01-DF"
186545;2019-01-21;"segunda-feira";"06:20:00";"MG";365;0,2;"MONTES CLAROS";"Desobediência às normas de trânsito pelo condutor";"Colisão transversal";"Com Vítimas Feridas";"Pleno dia";"Crescente";"Céu Claro";"Simples";"Reta";"Não";2;0;0;1;1;0;1;2;-16,716154;-43,863327;"SPRF-MG";"DEL12-MG";"UOP01-DEL12-MG"
186546;2019-01-21;"segunda-feira";"06:30:00";"SP";116;223;"GUARULHOS";"Não guardar distância de segurança";"Colisão traseira";"Com Vítimas Feridas";"Pleno dia";"Crescente";"Sol";"Múltipla";"Reta";"Sim";2;0;1;0;1;0;1;2;-23,47665009;-46,5271318;"SPRF-SP";"DEL01-SP";"UOP01-DEL01-SP"
186548;2019-01-21;"segunda-feira";"08:00:00";"PR";376;174;"MARINGA";"Desobediência às normas de trânsito pelo condutor";"Colisão transversal";"Com Vítimas Feridas";"Pleno dia";"Decrescente";"Céu Claro";"Dupla";"Reta";"Sim";2;0;2;0;0;0;2;2;-23,411356;-51,940777;"SPRF-PR";"DEL07-PR";"UOP01-DEL09-PR"
186551;2019-01-21;"segunda-feira";"07:25:00";"PR";369;143,7;"LONDRINA";"Falta de Atenção à Condução";"Colisão lateral";"Com Vítimas Feridas";"Pleno dia";"Crescente";"Céu Claro";"Simples";"Reta";"Sim";3;0;0;2;1;0;2;2;-23,29283539;-51,09483719;"SPRF-PR";"DEL07-PR";"UOP01-DEL07-PR"
186553;2019-01-21;"segunda-feira";"08:10:00";"SP";116;206;"GUARULHOS";"Falta de Atenção à Condução";"Colisão traseira";"Com Vítimas Feridas";"Pleno dia";"Crescente";"Nublado";"Múltipla";"Reta";"Não";2;0;1;0;1;0;1;2;-23,43207937;-46,41809464;"SPRF-SP";"DEL01-SP";"UOP01-DEL01-SP"
186554;2019-01-21;"segunda-feira";"07:30:00";"CE";116;6;"FORTALEZA";"Falta de Atenção à Condução";"Colisão lateral";"Com Vítimas Feridas";"Pleno dia";"Decrescente";"Sol";"Múltipla";"Reta";"Sim";4;0;2;0;1;1;2;3;-3,8126;-38,5007;"SPRF-CE";"DEL01-CE";"UOP02-DEL01-CE"
186558;2019-01-21;"segunda-feira";"07:50:00";"BA";324;572;"SAO SEBASTIAO DO PASSE";"Defeito Mecânico no Veículo";"Saída de leito carroçável";"Com Vítimas Feridas";"Pleno dia";"Crescente";"Céu Claro";"Dupla";"Reta";"Não";4;0;1;0;3;0;1;1;-12,56394654;-38,55892181;"SPRF-BA";"DEL01-BA";"UOP01-DEL01-BA"
186559;2019-01-21;"segunda-feira";"08:05:00";"MA";10;270,1;"IMPERATRIZ";"Falta de Atenção à Condução";"Colisão traseira";"Com Vítimas Feridas";"Pleno dia";"Crescente";"Céu Claro";"Simples";"Declive";"Não";2;0;1;0;1;0;1;2;-5,373673;-47,478401;"SPRF-MA";"DEL04-MA";"UOP01-DEL04-MA"
186562;2019-01-21;"segunda-feira";"09:00:00";"SP";116;154;"SAO JOSE DOS CAMPOS";"Não guardar distância de segurança";"Colisão traseira";"Com Vítimas Feridas";"Pleno dia";"Crescente";"Sol";"Múltipla";"Interseção de Vias;Reta";"Sim";4;0;2;0;2;0;2;2;-23,219809;-45,899918;"SPRF-SP";"DEL02-SP";"UOP01-DEL02-SP"
186563;2019-01-21;"segunda-feira";"05:50:00";"RJ";40;113;"DUQUE DE CAXIAS";"Falta de Atenção à Condução";"Colisão lateral";"Com Vítimas Feridas";"Pleno dia";"Decrescente";"Céu Claro";"Múltipla";"Reta";"Não";2;0;1;0;1;0;1;2;-22,7192;-43,2896;"SPRF-RJ";"DEL01-RJ";"UOP01-DEL01-RJ"
186564;2019-01-21;"segunda-feira";"09:20:00";"PR";376;175,7;"MARINGA";"Não guardar distância de segurança";"Colisão traseira";"Com Vítimas Feridas";"Pleno dia";"Decrescente";"Céu Claro";"Múltipla";"Reta";"Sim";4;0;1;0;3;0;1;3;-23,411356;-51,940777;"SPRF-PR";"DEL07-PR";"UOP01-DEL09-PR"
186565;2019-01-21;"segunda-feira";"08:00:00";"CE";222;11,2;"CAUCAIA";"Não guardar distância de segurança";"Colisão traseira";"Com Vítimas Feridas";"Pleno dia";"Decrescente";"Nublado";"Dupla";"Reta";"Sim";4;0;4;0;0;0;4;3;-3,765979;-38,66222;"SPRF-CE";"DEL01-CE";"UOP01-DEL01-CE"
186566;2019-01-21;"segunda-feira";"08:05:00";"MG";262;37,6;"MANHUACU";"Falta de Atenção à Condução";"Colisão transversal";"Com Vítimas Feridas";"Pleno dia";"Crescente";"Nublado";"Simples";"Reta";"Sim";2;0;2;0;0;0;2;2;-20,25749;-42,030487;"SPRF-MG";"DEL06-MG";"UOP03-DEL06-MG"
186570;2019-01-21;"segunda-feira";"08:30:00";"PI";316;21,2;"TERESINA";"Falta de Atenção à Condução";"Colisão traseira";"Sem Vítimas";"Pleno dia";"Decrescente";"Sol";"Simples";"Reta";"Não";2;0;0;0;2;0;0;2;-5,267487;-42,727409;"SPRF-PI";"DEL01-PI";"UOP02-DEL01-PI"
186571;2019-01-21;"segunda-feira";"06:30:00";"CE";116;453,8;"BARRO";"Velocidade Incompatível";"Saída de leito carroçável";"Com Vítimas Feridas";"Pleno dia";"Decrescente";"Céu Claro";"Simples";"Reta";"Sim";1;0;1;0;0;0;1;1;-7,169731;-38,780666;"SPRF-CE";"DEL05-CE";"UOP03-DEL05-CE"
186574;2019-01-21;"segunda-feira";"10:10:00";"PR";376;181;"MARINGA";"Não guardar distância de segurança";"Colisão traseira";"Com Vítimas Feridas";"Pleno dia";"Decrescente";"Céu Claro";"Múltipla";"Curva";"Sim";3;0;1;0;2;0;1;3;-23,431974;-51,886719;"SPRF-PR";"DEL07-PR";"UOP01-DEL09-PR"
186575;2019-01-12;"sábado";"16:20:00";"MA";222;668;"ACAILANDIA";"Falta de Atenção à Condução";"Colisão lateral";"Com Vítimas Feridas";"Pleno dia";"Crescente";"Nublado";"Simples";"Reta";"Não";2;0;0;1;1;0;1;2;-4,92932254;-47,44553242;"SPRF-MA";"DEL04-MA";"UOP03-DEL04-MA"
186581;2019-01-21;"segunda-feira";"10:35:00";"MG";40;506;"RIBEIRAO DAS NEVES";"Não guardar distância de segurança";"Colisão lateral";"Com Vítimas Feridas";"Pleno dia";"Decrescente";"Céu Claro";"Dupla";"Reta";"Não";2;0;0;2;0;0;2;1;-19,7573;-44,139;"SPRF-MG";"DEL02-MG";"UOP01-DEL02-MG"
186582;2019-01-21;"segunda-feira";"10:50:00";"MG";40;558;"NOVA LIMA";"Avarias e/ou desgaste excessivo no pneu";"Colisão lateral";"Sem Vítimas";"Pleno dia";"Decrescente";"Sol";"Dupla";"Reta";"Não";2;0;0;0;2;0;0;2;-20,1197;-43,9675;"SPRF-MG";"DEL01-MG";"UOP02-DEL01-MG"
186583;2019-01-21;"segunda-feira";"10:00:00";"RN";101;99,5;"PARNAMIRIM";"Não guardar distância de segurança";"Colisão lateral";"Com Vítimas Feridas";"Pleno dia";"Decrescente";"Nublado";"Múltipla";"Viaduto";"Não";2;0;1;0;1;0;1;2;-5,87616319;-35,22229764;"SPRF-RN";"DEL01-RN";"UOP01-DEL01-RN"
186584;2019-01-21;"segunda-feira";"06:30:00";"RO";364;51,9;"VILHENA";"Defeito Mecânico no Veículo";"Capotamento";"Com Vítimas Feridas";"Pleno dia";"Decrescente";"Sol";"Simples";"Reta";"Não";1;0;1;0;0;0;1;1;-12,543028;-60,362621;"SPRF-RO";"DEL04-RO";"DEL21/4-UOP03/RO"
186585;2019-01-21;"segunda-feira";"10:55:00";"MG";40;559;"NOVA LIMA";"Não guardar distância de segurança";"Colisão traseira";"Com Vítimas Feridas";"Pleno dia";"Decrescente";"Céu Claro";"Dupla";"Reta";"Não";2;0;2;0;0;0;2;2;-20,1286;-43,9647;"SPRF-MG";"DEL01-MG";"UOP02-DEL01-MG"
186586;2019-01-21;"segunda-feira";"11:00:00";"MG";40;558,9;"NOVA LIMA";"Falta de Atenção à Condução";"Colisão traseira";"Com Vítimas Feridas";"Pleno dia";"Decrescente";"Nublado";"Dupla";"Reta";"Não";5;0;1;0;4;0;1;4;-20,1197;-43,9675;"SPRF-MG";"DEL01-MG";"UOP02-DEL01-MG"
186587;2019-01-21;"segunda-feira";"08:20:00";"MA";316;261,9;"SANTA INES";"Falta de Atenção do Pedestre";"Atropelamento de Pedestre";"Com Vítimas Feridas";"Pleno dia";"Crescente";"Nublado";"Dupla";"Reta";"Sim";2;0;1;1;0;0;2;2;-3,676243;-45,389366;"SPRF-MA";"DEL02-MA";"UI04-DEL02-MA"
186588;2019-01-21;"segunda-feira";"09:30:00";"RO";364;341,5;"JI-PARANA";"Não guardar distância de segurança";"Colisão traseira";"Com Vítimas Feridas";"Pleno dia";"Decrescente";"Céu Claro";"Simples";"Curva";"Sim";3;0;1;0;1;1;1;2;-10,889981;-61,931229;"SPRF-RO";"DEL02-RO";"UOP01-DEL02-RO"
186589;2019-01-20;"domingo";"22:04:00";"PA";10;238,7;"IPIXUNA DO PARA";"Animais na Pista";"Atropelamento de Animal";"Sem Vítimas";"Plena Noite";"Decrescente";"Nublado";"Simples";"Reta";"Não";5;0;0;0;5;0;0;1;-2,32811733;-47,56462097;"SPRF-PA";"DEL02-PA";"UOP01-DEL02-PA"
186590;2019-01-12;"sábado";"15:55:00";"MG";381;497,2;"BETIM";"Defeito Mecânico no Veículo";"Colisão traseira";"Com Vítimas Feridas";"Pleno dia";"Crescente";"Céu Claro";"Dupla";"Reta";"Sim";2;0;1;0;1;0;1;2;-19,9874;-44,2038;"SPRF-MG";"DEL01-MG";"UOP03-DEL01-MG"
186591;2019-01-21;"segunda-feira";"08:20:00";"RO";364;424;"JARU";"Desobediência às normas de trânsito pelo condutor";"Colisão lateral";"Sem Vítimas";"Pleno dia";"Decrescente";"Céu Claro";"Simples";"Interseção de Vias;Reta";"Sim";2;0;0;0;2;0;0;2;-10,444572;-62,465683;"SPRF-RO";"DEL03-RO";"UOP02-DEL03-RO"
186592;2019-01-21;"segunda-feira";"10:40:00";"RN";405;164,1;"RAFAEL FERNANDES";"Desobediência às normas de trânsito pelo condutor";"Colisão transversal";"Com Vítimas Feridas";"Pleno dia";"Decrescente";"Céu Claro";"Simples";"Declive";"Não";5;0;1;0;3;1;1;2;-6,132635;-38,206673;"SPRF-RN";"DEL04-RN";"UOP02-DEL04-RN"
186594;2019-01-09;"quarta-feira";"16:20:00";"SC";101;328;"CAPIVARI DE BAIXO";"Defeito Mecânico no Veículo";"Tombamento";"Com Vítimas Feridas";"Pleno dia";"Crescente";"Céu Claro";"Dupla";"Reta;Aclive";"Sim";1;0;0;1;0;0;1;1;-28,4397;-48,9625;"SPRF-SC";"DEL02-SC";"UOP01-DEL02-SC"
186595;2019-01-21;"segunda-feira";"12:00:00";"MG";40;469;"SETE LAGOAS";"Falta de Atenção do Pedestre";"Atropelamento de Pedestre";"Com Vítimas Feridas";"Pleno dia";"Crescente";"Céu Claro";"Dupla";"Reta";"Não";2;0;1;0;1;0;1;2;-19,469;-44,295;"SPRF-MG";"DEL02-MG";"UOP01-DEL02-MG"
186596;2019-01-21;"segunda-feira";"05:40:00";"MT";364;686,4;"DIAMANTINO";"Falta de Atenção à Condução";"Saída de leito carroçável";"Com Vítimas Fatais";"Amanhecer";"Decrescente";"Nublado";"Dupla";"Reta";"Não";2;1;0;1;0;0;1;1;-14,21646376;-56,57409668;"SPRF-MT";"DEL01-MT";"UOP01-DEL01-MT"
186600;2019-01-21;"segunda-feira";"11:30:00";"CE";116;171,5;"RUSSAS";"Mal Súbito";"Queda de ocupante de veículo";"Com Vítimas Feridas";"Pleno dia";"Crescente";"Céu Claro";"Simples";"Reta";"Não";1;0;1;0;0;0;1;1;-4,929619;-37,989922;"SPRF-CE";"DEL03-CE";"UOP01-DEL03-CE"
186601;2019-01-21;"segunda-feira";"12:35:00";"SC";101;203,9;"SAO JOSE";"Desobediência às normas de trânsito pelo condutor";"Colisão transversal";"Com Vítimas Feridas";"Pleno dia";"Crescente";"Céu Claro";"Dupla";"Declive";"Sim";2;0;1;0;0;1;1;2;-27,5742;-48,6134;"SPRF-SC";"DEL01-SC";"UOP01-DEL01-SC"
186602;2019-01-21;"segunda-feira";"09:45:00";"PR";163;11,2;"BARRACAO";"Desobediência às normas de trânsito pelo condutor";"Colisão frontal";"Com Vítimas Feridas";"Pleno dia";"Crescente";"Céu Claro";"Simples";"Aclive;Reta";"Não";2;0;1;0;0;1;1;2;-26,234833;-53,637864;"SPRF-PR";"DEL02-PR";"UOP02-DEL02-PR"
186603;2019-01-21;"segunda-feira";"12:20:00";"MT";70;4;"BARRA DO GARCAS";"Desobediência às normas de trânsito pelo condutor";"Colisão lateral";"Com Vítimas Feridas";"Pleno dia";"Decrescente";"Céu Claro";"Dupla";"Reta";"Sim";3;0;3;0;0;0;3;2;-15,879057;-52,285675;"SPRF-MT";"DEL07-MT";"UOP01-DEL07-MT"
186604;2019-01-21;"segunda-feira";"12:45:00";"RS";116;395,2;"CAMAQUA";"Falta de Atenção à Condução";"Queda de ocupante de veículo";"Com Vítimas Feridas";"Pleno dia";"Crescente";"Nublado";"Simples";"Reta";"Sim";2;0;1;1;0;0;2;2;-30,84805405;-51,7639527;"SPRF-RS";"DEL02-RS";"UOP03-DEL02-RS"
186607;2019-01-21;"segunda-feira";"13:10:00";"RS";287;260;"SANTA MARIA";"Falta de Atenção à Condução";"Saída de leito carroçável";"Com Vítimas Feridas";"Pleno dia";"Decrescente";"Sol";"Simples";"Reta";"Não";12;0;10;0;1;1;10;2;-29,674789;-53,971008;"SPRF-RS";"DEL09-RS";"UOP01-DEL09-RS"
186608;2019-01-21;"segunda-feira";"05:00:00";"BA";407;184;"PONTO NOVO";"Ingestão de Substâncias Psicoativas";"Capotamento";"Com Vítimas Fatais";"Amanhecer";"Crescente";"Céu Claro";"Simples";"Reta";"Não";1;1;0;0;0;0;0;1;-10,92470592;-40,10708213;"SPRF-BA";"DEL04-BA";"UOP02-DEL04-BA"
186609;2019-01-21;"segunda-feira";"12:30:00";"PI";316;3,8;"TERESINA";"Defeito na Via";"Tombamento";"Com Vítimas Feridas";"Pleno dia";"Decrescente";"Céu Claro";"Simples";"Reta";"Sim";1;0;0;1;0;0;1;1;-5,128264;-42,792923;"SPRF-PI";"DEL01-PI";"UOP02-DEL01-PI"
186610;2019-01-21;"segunda-feira";"10:30:00";"PR";476;127;"CURITIBA";"Falta de Atenção à Condução";"Colisão lateral";"Com Vítimas Feridas";"Pleno dia";"Decrescente";"Nublado";"Dupla";"Curva";"Sim";2;0;1;0;1;0;1;2;-25,425167;-49,227158;"SPRF-PR";"DEL01-PR";"UOP07-DEL01-PR"
186612;2019-01-21;"segunda-feira";"12:20:00";"ES";101;394;"RIO NOVO DO SUL";"Mal Súbito";"Tombamento";"Com Vítimas Feridas";"Pleno dia";"Decrescente";"Sol";"Simples";"Reta";"Não";1;0;1;0;0;0;1;1;-20,86601554;-40,92606246;"SPRF-ES";"DEL03-ES";"UOP02-DEL03-ES"
186613;2019-01-21;"segunda-feira";"14:15:00";"MG";381;493,2;"BETIM";"Desobediência às normas de trânsito pelo pedestre";"Atropelamento de Pedestre";"Com Vítimas Feridas";"Pleno dia";"Crescente";"Céu Claro";"Múltipla";"Reta";"Sim";2;0;1;1;0;0;2;2;-19,966;-44,1775;"SPRF-MG";"DEL01-MG";"UOP03-DEL01-MG"
186615;2019-01-21;"segunda-feira";"11:00:00";"RJ";101;195;"CASIMIRO DE ABREU";"Falta de Atenção à Condução";"Capotamento";"Com Vítimas Feridas";"Pleno dia";"Crescente";"Céu Claro";"Dupla";"Curva";"Não";3;0;3;0;0;0;3;1;-22,492208;-42,100201;"SPRF-RJ";"DEL02-RJ";"UOP04-DEL08-RJ"
186617;2019-01-21;"segunda-feira";"13:50:00";"PB";230;22,8;"JOAO PESSOA";"Não guardar distância de segurança";"Engavetamento";"Com Vítimas Feridas";"Pleno dia";"Decrescente";"Céu Claro";"Dupla";"Reta";"Não";3;0;1;0;1;1;1;3;-7,1495;-34,8517;"SPRF-PB";"DEL01-PB";"UOP01-DEL01-PB"
186618;2019-01-21;"segunda-feira";"15:00:00";"SC";101;228,5;"PALHOCA";"Avarias e/ou desgaste excessivo no pneu";"Tombamento";"Com Vítimas Feridas";"Pleno dia";"Crescente";"Céu Claro";"Dupla";"Reta";"Não";2;0;2;0;0;0;2;1;-27,768;-48,6313;"SPRF-SC";"DEL01-SC";"UOP02-DEL01-SC"
186619;2019-01-21;"segunda-feira";"14:50:00";"ES";101;145,9;"LINHARES";"Não guardar distância de segurança";"Colisão traseira";"Com Vítimas Feridas";"Pleno dia";"Decrescente";"Céu Claro";"Dupla";"Reta";"Não";2;0;1;0;1;0;1;2;-19,3610327;-40,06473541;"SPRF-ES";"DEL04-ES";"UOP01-DEL04-ES"
186621;2019-01-21;"segunda-feira";"14:45:00";"PR";277;254,7;"IRATI";"Falta de Atenção à Condução";"Colisão transversal";"Com Vítimas Feridas";"Pleno dia";"Decrescente";"Nublado";"Simples";"Reta";"Não";6;0;5;0;1;0;5;2;-25,41905683;-50,76170867;"SPRF-PR";"DEL03-PR";"UOP02-DEL08-PR"
186622;2019-01-21;"segunda-feira";"12:30:00";"BA";324;618,9;"SALVADOR";"Defeito Mecânico no Veículo";"Queda de ocupante de veículo";"Com Vítimas Feridas";"Pleno dia";"Crescente";"Céu Claro";"Dupla";"Reta";"Sim";2;0;2;0;0;0;2;1;-12,904734;-38,455494;"SPRF-BA";"DEL01-BA";"UOP01-DEL01-BA"
186623;2019-01-21;"segunda-feira";"14:30:00";"MG";381;489;"BETIM";"Falta de Atenção à Condução";"Queda de ocupante de veículo";"Com Vítimas Feridas";"Pleno dia";"Decrescente";"Céu Claro";"Dupla";"Reta";"Não";2;0;2;0;0;0;2;1;-19,9563;-44,1428;"SPRF-MG";"DEL01-MG";"UOP03-DEL01-MG"
186625;2019-01-21;"segunda-feira";"15:00:00";"RJ";40;92;"DUQUE DE CAXIAS";"Velocidade Incompatível";"Colisão traseira";"Sem Vítimas";"Pleno dia";"Decrescente";"Céu Claro";"Simples";"Curva";"Não";2;0;0;0;2;0;0;2;-22,56542866;-43,23952279;"SPRF-RJ";"DEL06-RJ";"UOP01-DEL06-RJ"
186627;2019-01-21;"segunda-feira";"15:30:00";"MG";40;142,9;"JOAO PINHEIRO";"Falta de Atenção à Condução";"Colisão traseira";"Sem Vítimas";"Pleno dia";"Crescente";"Sol";"Simples";"Interseção de Vias";"Sim";3;0;0;0;3;0;0;2;-17,740395;-46,185719;"SPRF-MG";"DEL14-MG";"UOP01-DEL14-MG"
186628;2019-01-21;"segunda-feira";"15:45:00";"SP";116;47,7;"CANAS";"Objeto estático sobre o leito carroçável";"Queda de ocupante de veículo";"Com Vítimas Feridas";"Pleno dia";"Decrescente";"Céu Claro";"Dupla";"Reta";"Não";2;0;1;0;1;0;1;1;-22,71949;-45,061127;"SPRF-SP";"DEL08-SP";"UOP02-DEL08-SP"
186629;2019-01-12;"sábado";"20:00:00";"PA";316;137;"BONITO";"Falta de Atenção à Condução";"Saída de leito carroçável";"Com Vítimas Feridas";"Plena Noite";"Crescente";"Céu Claro";"Simples";"Curva";"Não";1;0;1;0;0;0;1;1;-1,266372;-47,274925;"SPRF-PA";"DEL01-PA";"UOP03-DEL01-PA"
186630;2019-01-21;"segunda-feira";"15:50:00";"PR";373;403,2;"CANDOI";"Falta de Atenção à Condução";"Colisão frontal";"Com Vítimas Feridas";"Pleno dia";"Crescente";"Nublado";"Simples";"Reta";"Não";3;0;0;2;1;0;2;2;-25,59894153;-52,05569029;"SPRF-PR";"DEL03-PR";"UOP01-DEL08-PR"
186634;2019-01-12;"sábado";"11:45:00";"MS";262;404,4;"TERENOS";"Desobediência às normas de trânsito pelo condutor";"Colisão traseira";"Com Vítimas Feridas";"Pleno dia";"Crescente";"Céu Claro";"Simples";"Reta";"Não";6;0;0;1;5;0;1;2;-20,428697;-55,060717;"SPRF-MS";"DEL01-MS";"UOP03-DEL01-MS"
186635;2019-01-21;"segunda-feira";"15:03:00";"RS";116;39,4;"VACARIA";"Desobediência às normas de trânsito pelo condutor";"Colisão transversal";"Com Vítimas Feridas";"Pleno dia";"Crescente";"Nublado";"Simples";"Interseção de Vias";"Sim";5;0;1;0;4;0;1;2;-28,512012;-50,932381;"SPRF-RS";"DEL05-RS";"UOP03-DEL05-RS"
186640;2019-01-21;"segunda-feira";"17:05:00";"SC";101;213,2;"PALHOCA";"Desobediência às normas de trânsito pelo condutor";"Colisão traseira";"Com Vítimas Feridas";"Pleno dia";"Decrescente";"Céu Claro";"Dupla";"Declive";"Sim";2;0;1;0;1;0;1;2;-27,6446;-48,6705;"SPRF-SC";"DEL01-SC";"UOP02-DEL01-SC"
186643;2019-01-21;"segunda-feira";"16:00:00";"ES";101;204,3;"JOAO NEIVA";"Falta de Atenção à Condução";"Colisão transversal";"Com Vítimas Feridas";"Pleno dia";"Decrescente";"Céu Claro";"Simples";"Interseção de Vias";"Sim";2;0;1;0;1;0;1;2;-19,75564648;-40,37990838;"SPRF-ES";"DEL02-ES";"UOP01-DEL02-ES"
186644;2019-01-21;"segunda-feira";"17:25:00";"SC";280;23,1;"ARAQUARI";"Falta de Atenção à Condução";"Colisão transversal";"Com Vítimas Feridas";"Pleno dia";"Crescente";"Céu Claro";"Simples";"Retorno Regulamentado";"Sim";2;0;1;0;1;0;1;2;-26,37146;-48,711887;"SPRF-SC";"DEL03-SC";"UOP03-DEL03-SC"
186645;2019-01-21;"segunda-feira";"16:45:00";"MG";381;760,1;"TRES CORACOES";"Falta de Atenção à Condução";"Colisão traseira";"Sem Vítimas";"Pleno dia";"Crescente";"Céu Claro";"Dupla";"Reta;Aclive";"Não";6;0;0;0;6;0;0;2;-21,7011;-45,3673;"SPRF-MG";"DEL16-MG";"UOP02-DEL16-MG"
186646;2019-01-21;"segunda-feira";"17:00:00";"MG";381;531;"ITATIAIUCU";"Velocidade Incompatível";"Capotamento";"Com Vítimas Feridas";"Pleno dia";"Decrescente";"Chuva";"Dupla";"Curva";"Não";2;0;2;0;0;0;2;1;-20,1644;-44,3667;"SPRF-MG";"DEL04-MG";"UOP03-DEL04-MG"
186647;2019-01-21;"segunda-feira";"15:40:00";"MG";381;529;"BRUMADINHO";"Falta de Atenção à Condução";"Capotamento";"Com Vítimas Feridas";"Pleno dia";"Crescente";"Chuva";"Dupla";"Curva";"Não";5;0;2;0;3;0;2;1;-20,1623;-44,3484;"SPRF-MG";"DEL04-MG";"UOP03-DEL04-MG"
186649;2019-01-21;"segunda-feira";"13:30:00";"RO";364;425;"JARU";"Desobediência às normas de trânsito pelo condutor";"Colisão transversal";"Com Vítimas Feridas";"Pleno dia";"Crescente";"Céu Claro";"Simples";"Interseção de Vias";"Sim";2;0;1;0;1;0;1;2;-10,437518;-62,471706;"SPRF-RO";"DEL03-RO";"UOP02-DEL03-RO"
186650;2019-01-21;"segunda-feira";"17:40:00";"PR";369;144,6;"LONDRINA";"Desobediência às normas de trânsito pelo condutor";"Tombamento";"Com Vítimas Feridas";"Pleno dia";"Crescente";"Céu Claro";"Dupla";"Retorno Regulamentado";"Sim";2;0;1;0;1;0;1;2;-23,29350818;-51,10785395;"SPRF-PR";"DEL07-PR";"UOP01-DEL07-PR"