"id";"data_inversa";"dia_semana";"horario";"uf";"br";"km";"municipio";"causa_acidente";"tipo_acidente";"classificacao_acidente";"fase_dia";"sentido_via";"condicao_metereologica";"tipo_pista";"tracado_via";"uso_solo";"pessoas";"mortos";"feridos_leves";"feridos_graves";"ilesos";"ignorados";"feridos";"veiculos";"latitude";"longitude";"regional";"delegacia";"uop"
186652;2019-01-21;"segunda-feira";"16:55:00";"BA";101;925,4;"NOVA VICOSA";"Falta de Atenção à Condução";"Colisão traseira";"Com Vítimas Feridas";"Pleno dia";"Crescente";"Céu Claro";"Simples";"Reta";"Não";2;0;0;1;1;0;1;2;-17,9276;-39,8343;"SPRF-BA";"DEL09-BA";"UOP02-DEL09-BA"
186654;2019-01-21;"segunda-feira";"15:00:00";"RO";364;716;"PORTO VELHO";"Falta de Atenção à Condução";"Colisão com objeto estático";"Com Vítimas Feridas";"Pleno dia";"Decrescente";"Céu Claro";"Dupla";"Em Obras";"Sim";5;0;4;1;0;0;5;1;-8,78899869;-63,90144738;"SPRF-RO";"DEL01-RO";"UOP01-DEL01-RO"
186655;2019-01-21;"segunda-feira";"16:55:00";"RJ";493;2;"ITABORAI";"Falta de Atenção à Condução";"Colisão transversal";"Sem Vítimas";"Pleno dia";"Decrescente";"Céu Claro";"Dupla";"Em Obras";"Sim";2;0;0;0;2;0;0;2;-22,759342;-42,935555;"SPRF-RJ";"DEL04-RJ";"UOP02-DEL04-RJ"
186656;2019-01-21;"segunda-feira";"17:00:00";"RJ";101;597;"PARATY";"Falta de Atenção à Condução";"Tombamento";"Com Vítimas Feridas";"Pleno dia";"Decrescente";"Nublado";"Simples";"Curva";"Não";2;0;2;0;0;0;2;1;-23,34036448;-44,74491119;"SPRF-RJ";"DEL03-RJ";"UOP04-DEL03-RJ"
186657;2019-01-21;"segunda-feira";"15:30:00";"MG";116;255;"TEOFILO OTONI";"Falta de Atenção à Condução";"Colisão transversal";"Com Vítimas Feridas";"Pleno dia";"Decrescente";"Sol";"Simples";"Rotatória";"Não";2;0;1;0;1;0;1;2;-17,68302473;-41,48477586;"SPRF-MG";"DEL11-MG";"UOP01-DEL11-MG"
186661;2019-01-21;"segunda-feira";"18:00:00";"PR";376;187,3;"MARIALVA";"Defeito Mecânico no Veículo";"Queda de ocupante de veículo";"Com Vítimas Feridas";"Pleno dia";"Crescente";"Céu Claro";"Dupla";"Reta";"Não";2;0;1;1;0;0;2;1;-23,471231;-51,819515;"SPRF-PR";"DEL07-PR";"UOP01-DEL09-PR"
186662;2019-01-21;"segunda-feira";"17:35:00";"PR";116;116;"CURITIBA";"Falta de Atenção à Condução";"Colisão traseira";"Com Vítimas Feridas";"Pleno dia";"Crescente";"Céu Claro";"Múltipla";"Reta";"Sim";2;0;1;0;1;0;1;2;-25,544559;-49,30146;"SPRF-PR";"DEL01-PR";"UOP07-DEL01-PR"
186665;2019-01-21;"segunda-feira";"10:00:00";"SC";153;8,6;"AGUA DOCE";"Falta de Atenção à Condução";"Colisão com objeto estático";"Com Vítimas Feridas";"Pleno dia";"Crescente";"Céu Claro";"Simples";"Curva";"Não";1;0;0;1;0;0;1;1;-26,658108;-51,536217;"SPRF-SC";"DEL07-SC";"UOP07-DEL07-SC"
186666;2019-01-21;"segunda-feira";"18:00:00";"SC";101;210,7;"SAO JOSE";"Falta de Atenção à Condução";"Colisão lateral";"Com Vítimas Feridas";"Pleno dia";"Crescente";"Céu Claro";"Dupla";"Reta";"Sim";2;0;0;1;1;0;1;2;-27,6235;-48,6524;"SPRF-SC";"DEL01-SC";"UOP01-DEL01-SC"
186667;2019-01-21;"segunda-feira";"16:30:00";"RN";304;116;"ITAJA";"Desobediência às normas de trânsito pelo condutor";"Colisão lateral";"Com Vítimas Feridas";"Pleno dia";"Decrescente";"Céu Claro";"Simples";"Reta";"Não";2;0;1;0;1;0;1;2;-5,629953;-36,864231;"SPRF-RN";"DEL04-RN";"UOP01-DEL04-RN"
186668;2019-01-21;"segunda-feira";"17:25:00";"PB";230;164,4;"CAMPINA GRANDE";"Defeito Mecânico no Veículo";"Queda de ocupante de veículo";"Com Vítimas Feridas";"Pleno dia";"Crescente";"Céu Claro";"Simples";"Interseção de Vias";"Sim";2;0;2;0;0;0;2;1;-7,2128;-35,9499;"SPRF-PB";"DEL02-PB";"UOP01-DEL02-PB"
186669;2019-01-21;"segunda-feira";"14:40:00";"MG";116;180;"CARAI";"Falta de Atenção à Condução";"Colisão transversal";"Com Vítimas Feridas";"Pleno dia";"Crescente";"Sol";"Simples";"Reta";"Não";4;0;1;0;2;1;1;3;-17,08435318;-41,48574829;"SPRF-MG";"DEL11-MG";"UOP02-DEL11-MG"
186670;2019-01-21;"segunda-feira";"19:20:00";"RJ";101;303;"SAO GONCALO";"Falta de Atenção à Condução";"Colisão lateral";"Com Vítimas Feridas";"Plena Noite";"Crescente";"Céu Claro";"Dupla";"Reta";"Sim";1;0;1;0;0;0;1;1;-22,782822;-42,976677;"SPRF-RJ";"DEL02-RJ";"DEL5/2-UOP04/RJ"
186672;2019-01-21;"segunda-feira";"13:02:00";"PE";232;456,2;"SAO JOSE DO BELMONTE";"Ultrapassagem Indevida";"Colisão frontal";"Com Vítimas Feridas";"Pleno dia";"Crescente";"Céu Claro";"Simples";"Declive";"Não";3;0;2;1;0;0;3;2;-8,019355;-38,706604;"SPRF-PE";"DEL05-PE";"UOP01-DEL05-PE"
186676;2019-01-21;"segunda-feira";"19:50:00";"PR";277;240,3;"IRATI";"Desobediência às normas de trânsito pelo condutor";"Colisão lateral";"Com Vítimas Feridas";"Pleno dia";"Crescente";"Nublado";"Simples";"Aclive;Reta";"Não";6;0;4;0;2;0;4;2;-25,45255283;-50,63233392;"SPRF-PR";"DEL03-PR";"UOP02-DEL08-PR"
186678;2019-01-21;"segunda-feira";"18:45:00";"PE";428;106,3;"SANTA MARIA DA BOA VISTA";"Animais na Pista";"Atropelamento de Animal";"Com Vítimas Fatais";"Plena Noite";"Crescente";"Ignorado";"Simples";"Reta";"Não";7;1;2;1;3;0;3;2;-8,864326;-40,003273;"SPRF-PE";"DEL06-PE";"UOP03-DEL06-PE"
186679;2019-01-21;"segunda-feira";"17:00:00";"AC";364;127;"RIO BRANCO";"Falta de Atenção à Condução";"Colisão traseira";"Com Vítimas Feridas";"Pleno dia";"Crescente";"Nublado";"Simples";"Reta";"Sim";2;0;1;0;1;0;1;2;-10,019817;-67,814339;"SPRF-AC";"DEL01-AC";"UOP01-DEL01-AC"
186680;2019-01-21;"segunda-feira";"19:00:00";"PA";230;129,9;"MARABA";"Falta de Atenção do Pedestre";"Atropelamento de Pedestre";"Com Vítimas Feridas";"Plena Noite";"Crescente";"Nublado";"Simples";"Reta";"Sim";2;0;0;1;1;0;1;2;-5,371881;-49,175884;"SPRF-PA";"DEL03-PA";"UOP01-DEL03-PA"
186681;2019-01-21;"segunda-feira";"19:50:00";"RS";290;100,1;"PORTO ALEGRE";"Falta de Atenção à Condução";"Colisão traseira";"Com Vítimas Feridas";"Pleno dia";"Crescente";"Céu Claro";"Simples";"Ponte";"Não";2;0;0;1;1;0;1;2;-29,988646;-51,236553;"SPRF-RS";"DEL01-RS";"UOP01-DEL01-RS"
186682;2019-01-21;"segunda-feira";"19:45:00";"MG";356;265,7;"MURIAE";"Falta de Atenção à Condução";"Colisão transversal";"Com Vítimas Feridas";"Plena Noite";"Decrescente";"Céu Claro";"Simples";"Interseção de Vias;Reta";"Sim";3;0;1;0;2;0;1;2;-21,127604;-42,36837;"SPRF-MG";"DEL07-MG";"UOP02-DEL07-MG"
186686;2019-01-21;"segunda-feira";"20:25:00";"PR";476;154,7;"ARAUCARIA";"Não guardar distância de segurança";"Colisão traseira";"Com Vítimas Feridas";"Plena Noite";"Decrescente";"Céu Claro";"Dupla";"Reta";"Sim";3;0;1;0;2;0;1;2;-25,584223;-49,401379;"SPRF-PR";"DEL01-PR";"UOP06-DEL01-PR"
186687;2019-01-21;"segunda-feira";"20:00:00";"MS";262;363,3;"CAMPO GRANDE";"Falta de Atenção à Condução";"Saída de leito carroçável";"Com Vítimas Feridas";"Plena Noite";"Crescente";"Céu Claro";"Simples";"Reta";"Não";1;0;0;1;0;0;1;1;-20,50276244;-54,73079681;"SPRF-MS";"DEL01-MS";"UOP03-DEL01-MS"
186688;2019-01-21;"segunda-feira";"19:30:00";"BA";110;368;"CATU";"Desobediência às normas de trânsito pelo condutor";"Colisão transversal";"Com Vítimas Feridas";"Plena Noite";"Crescente";"Céu Claro";"Simples";"Curva";"Sim";2;0;2;0;0;0;2;2;-12,37086645;-38,38549018;"SPRF-BA";"DEL01-BA";"UOP04-DEL01-BA"
186689;2019-01-21;"segunda-feira";"20:30:00";"SC";280;130;"RIO NEGRINHO";"Desobediência às normas de trânsito pelo condutor";"Colisão frontal";"Com Vítimas Feridas";"Plena Noite";"Decrescente";"Céu Claro";"Simples";"Interseção de Vias";"Sim";2;0;0;1;1;0;1;2;-26,253033;-49,529274;"SPRF-SC";"DEL06-SC";"UOP03-DEL06-SC"
186692;2019-01-21;"segunda-feira";"21:30:00";"MG";267;131;"JUIZ DE FORA";"Animais na Pista";"Colisão frontal";"Com Vítimas Feridas";"Plena Noite";"Crescente";"Nublado";"Simples";"Reta";"Não";2;0;1;0;1;0;1;2;-21,73284584;-43,55137825;"SPRF-MG";"DEL05-MG";"UOP01-DEL05-MG"
186693;2019-01-21;"segunda-feira";"19:50:00";"PE";424;90,7;"GARANHUNS";"Ingestão de Álcool";"Colisão com objeto em movimento";"Com Vítimas Feridas";"Plena Noite";"Crescente";"Céu Claro";"Simples";"Reta";"Sim";3;0;1;0;2;0;1;2;-8,896362;-36,501579;"SPRF-PE";"DEL03-PE";"UOP01-DEL03-PE"
186695;2019-01-21;"segunda-feira";"22:00:00";"SC";101;215,5;"PALHOCA";"Pista Escorregadia";"Tombamento";"Com Vítimas Feridas";"Plena Noite";"Crescente";"Céu Claro";"Dupla";"Rotatória";"Sim";1;0;1;0;0;0;1;1;-27,6601;-48,6774;"SPRF-SC";"DEL01-SC";"UOP02-DEL01-SC"
186698;2019-01-21;"segunda-feira";"20:00:00";"RJ";101;200;"CASIMIRO DE ABREU";"Desobediência às normas de trânsito pelo condutor";"Colisão transversal";"Com Vítimas Feridas";"Plena Noite";"Decrescente";"Céu Claro";"Dupla";"Curva";"Sim";2;0;0;1;1;0;1;2;-22,482948;-42,144001;"SPRF-RJ";"DEL02-RJ";"UOP04-DEL08-RJ"
186702;2019-01-21;"segunda-feira";"23:30:00";"PR";277;345,5;"GUARAPUAVA";"Animais na Pista";"Atropelamento de Animal";"Com Vítimas Feridas";"Plena Noite";"Crescente";"Nublado";"Simples";"Reta";"Sim";1;0;1;0;0;0;1;1;-25,36592532;-51,48892549;"SPRF-PR";"DEL03-PR";"UOP01-DEL08-PR"
186704;2019-01-21;"segunda-feira";"23:15:00";"PR";277;122;"CAMPO LARGO";"Desobediência às normas de trânsito pelo condutor";"Capotamento";"Com Vítimas Feridas";"Plena Noite";"Crescente";"Nublado";"Dupla";"Reta";"Não";2;0;0;2;0;0;2;1;-25,446043;-49,569397;"SPRF-PR";"DEL01-PR";"UOP06-DEL01-PR"
186708;2019-01-21;"segunda-feira";"23:00:00";"TO";153;565,1;"FATIMA";"Condutor Dormindo";"Saída de leito carroçável";"Com Vítimas Feridas";"Plena Noite";"Decrescente";"Céu Claro";"Simples";"Reta";"Não";1;0;0;1;0;0;1;1;-10,801572;-48,90252;"SPRF-TO";"DEL02-TO";"UOP01-DEL01-TO"
186709;2019-01-21;"segunda-feira";"20:00:00";"BA";101;932,9;"NOVA VICOSA";"Ultrapassagem Indevida";"Colisão lateral";"Com Vítimas Feridas";"Plena Noite";"Crescente";"Céu Claro";"Simples";"Reta";"Não";2;0;0;1;1;0;1;2;-17,9769;-39,859;"SPRF-BA";"DEL09-BA";"UOP02-DEL09-BA"
186712;2019-01-22;"terça-feira";"00:10:00";"AP";156;333;"FERREIRA GOMES";"Desobediência às normas de trânsito pelo pedestre";"Atropelamento de Pedestre";"Com Vítimas Fatais";"Plena Noite";"Decrescente";"Céu Claro";"Simples";"Reta";"Não";2;1;0;0;0;1;0;2;0,609448;-51,240959;"SPRF-AP";"DEL01-AP";"UOP01-DEL01-AP"
186715;2019-01-21;"segunda-feira";"21:20:00";"SP";153;72;"SAO JOSE DO RIO PRETO";"Sinalização da via insuficiente ou inadequada";"Tombamento";"Com Vítimas Feridas";"Plena Noite";"Decrescente";"Céu Claro";"Dupla";"Em Obras;Curva;Desvio Temporário";"Não";1;0;1;0;0;0;1;1;-20,867146;-49,413338;"SPRF-SP";"DEL09-SP";"UOP01-DEL09-SP"
186716;2019-01-22;"terça-feira";"02:40:00";"RJ";101;274;"TANGUA";"Desobediência às normas de trânsito pelo condutor";"Colisão com objeto estático";"Com Vítimas Feridas";"Plena Noite";"Crescente";"Céu Claro";"Dupla";"Declive";"Não";3;0;1;0;2;0;1;2;-22,735075;-42,719509;"SPRF-RJ";"DEL02-RJ";"UOP03-DEL02-RJ"
186718;2019-01-17;"quinta-feira";"06:45:00";"BA";324;623;"SALVADOR";"Falta de Atenção à Condução";"Colisão lateral";"Com Vítimas Feridas";"Pleno dia";"Crescente";"Céu Claro";"Dupla";"Reta";"Sim";3;0;1;0;2;0;1;2;-12,93491264;-38,47314835;"SPRF-BA";"DEL01-BA";"UOP01-DEL01-BA"
186719;2019-01-22;"terça-feira";"04:29:00";"PR";369;198,6;"APUCARANA";"Condutor Dormindo";"Saída de leito carroçável";"Com Vítimas Feridas";"Plena Noite";"Decrescente";"Céu Claro";"Dupla";"Reta";"Não";1;0;0;1;0;0;1;1;-23,52177733;-51,43809021;"SPRF-PR";"DEL07-PR";"UOP03-DEL07-PR"
186724;2019-01-22;"terça-feira";"04:50:00";"SE";235;2,5;"ARACAJU";"Animais na Pista";"Atropelamento de Animal";"Sem Vítimas";"Amanhecer";"Decrescente";"Céu Claro";"Dupla";"Reta";"Sim";1;0;0;0;1;0;0;1;-10,9062;-37,1034;"SPRF-SE";"DEL01-SE";"UOP01-DEL01-SE"
186725;2019-01-22;"terça-feira";"05:10:00";"PB";230;63;"SAO MIGUEL DE TAIPU";"Objeto estático sobre o leito carroçável";"Tombamento";"Com Vítimas Feridas";"Amanhecer";"Decrescente";"Céu Claro";"Dupla";"Reta";"Não";1;0;1;0;0;0;1;1;-7,1989;-35,1649;"SPRF-PB";"DEL01-PB";"UOP03-DEL01-PB"
186726;2019-01-22;"terça-feira";"06:10:00";"MG";40;517;"RIBEIRAO DAS NEVES";"Falta de Atenção à Condução";"Colisão traseira";"Com Vítimas Feridas";"Amanhecer";"Crescente";"Céu Claro";"Dupla";"Reta";"Sim";2;0;1;1;0;0;2;2;-19,8351;-44,08;"SPRF-MG";"DEL01-MG";"UOP03-DEL01-MG"
186728;2019-01-22;"terça-feira";"06:50:00";"PR";277;723;"FOZ DO IGUACU";"Desobediência às normas de trânsito pelo condutor";"Colisão traseira";"Com Vítimas Feridas";"Pleno dia";"Decrescente";"Céu Claro";"Dupla";"Reta";"Sim";2;0;1;0;1;0;1;2;-25,498783;-54,529865;"SPRF-PR";"DEL05-PR";"UOP01-DEL05-PR"
186729;2019-01-22;"terça-feira";"06:45:00";"SC";101;206;"SAO JOSE";"Não guardar distância de segurança";"Queda de ocupante de veículo";"Com Vítimas Feridas";"Pleno dia";"Decrescente";"Nublado";"Dupla";"Reta";"Não";1;0;1;0;0;0;1;1;-27,6001;-48,6225;"SPRF-SC";"DEL01-SC";"UOP01-DEL01-SC"
186731;2019-01-22;"terça-feira";"07:15:00";"SC";101;200;"SAO JOSE";"Desobediência às normas de trânsito pelo condutor";"Queda de ocupante de veículo";"Com Vítimas Feridas";"Pleno dia";"Crescente";"Céu Claro";"Dupla";"Reta";"Sim";1;0;1;0;0;0;1;1;-27,5485;-48,6196;"SPRF-SC";"DEL01-SC";"UOP01-DEL01-SC"
186732;2019-01-22;"terça-feira";"06:30:00";"SP";116;211;"GUARULHOS";"Não guardar distância de segurança";"Colisão traseira";"Com Vítimas Feridas";"Pleno dia";"Crescente";"Céu Claro";"Múltipla";"Reta";"Sim";3;0;1;0;2;0;1;3;-23,43342895;-46,42259259;"SPRF-SP";"DEL01-SP";"UOP01-DEL01-SP"
186733;2019-01-22;"terça-feira";"07:20:00";"PR";476;142;"CURITIBA";"Não guardar distância de segurança";"Colisão traseira";"Com Vítimas Feridas";"Pleno dia";"Decrescente";"Nublado";"Dupla";"Reta";"Sim";3;0;1;0;2;0;1;2;-25,537161;-49,301632;"SPRF-PR";"DEL01-PR";"UOP07-DEL01-PR"
186734;2019-01-22;"terça-feira";"07:50:00";"PR";277;36;"MORRETES";"Falta de Atenção à Condução";"Colisão traseira";"Com Vítimas Feridas";"Pleno dia";"Decrescente";"Céu Claro";"Dupla";"Curva";"Não";2;0;1;0;1;0;1;2;-25,59524536;-48,90701294;"SPRF-PR";"DEL01-PR";"UOP05-DEL01-PR"
186735;2019-01-22;"terça-feira";"06:40:00";"SC";101;165;"TIJUCAS";"Objeto estático sobre o leito carroçável";"Tombamento";"Com Vítimas Feridas";"Pleno dia";"Crescente";"Nublado";"Dupla";"Reta";"Não";1;0;1;0;0;0;1;1;-27,2595;-48,6316;"SPRF-SC";"DEL04-SC";"UOP03-DEL04-SC"
186737;2019-01-22;"terça-feira";"06:40:00";"PE";101;115,5;"IPOJUCA";"Velocidade Incompatível";"Capotamento";"Com Vítimas Feridas";"Pleno dia";"Decrescente";"Céu Claro";"Dupla";"Reta";"Não";2;0;1;0;1;0;1;1;-8,3434;-35,1453;"SPRF-PE";"DEL01-PE";"UOP03-DEL01-PE"
186738;2019-01-22;"terça-feira";"07:46:00";"GO";40;5;"VALPARAISO DE GOIAS";"Falta de Atenção do Pedestre";"Colisão transversal";"Sem Vítimas";"Pleno dia";"Crescente";"Céu Claro";"Dupla";"Reta";"Sim";2;0;0;0;2;0;0;2;-16,093134;-47,982236;"SPRF-DF";"DEL01-DF";"UOP01-DEL01-DF"
186739;2019-01-22;"terça-feira";"07:40:00";"MG";251;500,8;"FRANCISCO SA";"Falta de Atenção à Condução";"Saída de leito carroçável";"Com Vítimas Feridas";"Pleno dia";"Crescente";"Céu Claro";"Simples";"Curva;Aclive";"Não";3;0;2;0;1;0;2;1;-16,5837;-43,6342;"SPRF-MG";"DEL12-MG";"UOP01-DEL12-MG"
186741;2019-01-22;"terça-feira";"07:40:00";"MG";116;264,5;"MURIAE";"Falta de Atenção à Condução";"Colisão transversal";"Com Vítimas Feridas";"Pleno dia";"Crescente";"Céu Claro";"Simples";"Interseção de Vias";"Sim";2;0;1;0;1;0;1;2;-21,12474478;-42,37996551;"SPRF-MG";"DEL11-MG";"UOP01-DEL11-MG"
186742;2019-01-22;"terça-feira";"08:20:00";"SC";470;104,6;"APIUNA";"Velocidade Incompatível";"Saída de leito carroçável";"Com Vítimas Feridas";"Pleno dia";"Crescente";"Nublado";"Simples";"Curva";"Não";1;0;1;0;0;0;1;1;-27,06135;-49,410408;"SPRF-SC";"DEL04-SC";"UOP02-DEL04-SC"
186743;2019-01-22;"terça-feira";"08:15:00";"DF";60;6,8;"BRASILIA";"Falta de Atenção à Condução";"Saída de leito carroçável";"Com Vítimas Feridas";"Pleno dia";"Crescente";"Céu Claro";"Dupla";"Reta";"Sim";4;0;3;0;1;0;3;1;-15,897939;-48,113056;"SPRF-DF";"DEL01-DF";"UOP01-DEL03-DF"
186744;2019-01-22;"terça-feira";"06:10:00";"RO";364;12,5;"VILHENA";"Defeito Mecânico no Veículo";"Tombamento";"Com Vítimas Feridas";"Amanhecer";"Decrescente";"Céu Claro";"Dupla";"Reta";"Sim";2;0;2;0;0;0;2;1;-12,743694;-60,121506;"SPRF-RO";"DEL04-RO";"UOP01-DEL04-RO"
186745;2019-01-22;"terça-feira";"08:15:00";"PR";376;106,8;"PARANAVAI";"Não guardar distância de segurança";"Colisão traseira";"Com Vítimas Feridas";"Pleno dia";"Decrescente";"Céu Claro";"Dupla";"Em Obras;Reta";"Não";7;0;1;0;6;0;1;2;-23,063156;-52,431847;"SPRF-PR";"DEL07-PR";"UOP02-DEL09-PR"
186747;2019-01-22;"terça-feira";"08:05:00";"SC";282;5;"SAO JOSE";"Não guardar distância de segurança";"Engavetamento";"Sem Vítimas";"Pleno dia";"Crescente";"Céu Claro";"Múltipla";"Reta";"Sim";3;0;0;0;3;0;0;3;-27,588425;-48,612919;"SPRF-SC";"DEL01-SC";"UOP01-DEL01-SC"
186748;2019-01-22;"terça-feira";"06:00:00";"MT";364;244;"JUSCIMEIRA";"Defeito na Via";"Tombamento";"Com Vítimas Feridas";"Amanhecer";"Crescente";"Céu Claro";"Dupla";"Reta";"Não";1;0;1;0;0;0;1;1;-16,150486;-54,808079;"SPRF-MT";"DEL02-MT";"UOP01-DEL02-MT"
186750;2019-01-22;"terça-feira";"07:30:00";"MG";40;545;"NOVA LIMA";"Velocidade Incompatível";"Colisão com objeto estático";"Com Vítimas Feridas";"Pleno dia";"Crescente";"Céu Claro";"Dupla";"Reta";"Sim";1;0;1;0;0;0;1;1;-20,0146;-43,9691;"SPRF-MG";"DEL01-MG";"UOP02-DEL01-MG"
186751;2019-01-21;"segunda-feira";"23:00:00";"MG";381;210,3;"NAQUE";"Falta de Atenção do Pedestre";"Atropelamento de Pedestre";"Com Vítimas Fatais";"Plena Noite";"Crescente";"Céu Claro";"Simples";"Reta";"Não";2;1;0;0;1;0;0;2;-19,22072065;-42,31040955;"SPRF-MG";"DEL06-MG";"UOP01-DEL06-MG"
186757;2019-01-22;"terça-feira";"07:30:00";"AP";210;5;"MACAPA";"Falta de Atenção à Condução";"Saída de leito carroçável";"Com Vítimas Feridas";"Pleno dia";"Decrescente";"Chuva";"Dupla";"Reta";"Sim";2;0;1;0;1;0;1;1;0,090585;-51,103596;"SPRF-AP";"DEL01-AP";"UOP01-DEL01-AP"
186758;2019-01-22;"terça-feira";"08:45:00";"PR";116;141;"MANDIRITUBA";"Desobediência às normas de trânsito pelo condutor";"Colisão transversal";"Sem Vítimas";"Pleno dia";"Crescente";"Céu Claro";"Dupla";"Reta";"Sim";2;0;0;0;2;0;0;2;-25,772902;-49,323254;"SPRF-PR";"DEL01-PR";"UOP03-DEL01-PR"
186759;2019-01-22;"terça-feira";"09:21:00";"SP";116;114,8;"TAUBATE";"Não guardar distância de segurança";"Tombamento";"Com Vítimas Feridas";"Pleno dia";"Crescente";"Céu Claro";"Dupla";"Reta";"Não";1;0;1;0;0;0;1;1;-23,046539;-45,590172;"SPRF-SP";"DEL06-SP";"UOP02-DEL02-SP"
186760;2019-01-22;"terça-feira";"08:00:00";"GO";153;199;"URUACU";"Ingestão de Álcool";"Atropelamento de Pedestre";"Com Vítimas Feridas";"Pleno dia";"Crescente";"Céu Claro";"Simples";"Reta";"Sim";2;0;1;0;1;0;1;2;-14,50479;-49,148914;"SPRF-GO";"DEL07-GO";"UOP02-DEL07-GO"
186761;2019-01-22;"terça-feira";"08:30:00";"BA";116;418;"FEIRA DE SANTANA";"Não guardar distância de segurança";"Colisão traseira";"Sem Vítimas";"Pleno dia";"Crescente";"Céu Claro";"Simples";"Reta";"Sim";2;0;0;0;2;0;0;2;-12,188349;-38,965356;"SPRF-BA";"DEL02-BA";"UOP01-DEL02-BA"
186763;2019-01-22;"terça-feira";"07:15:00";"CE";226;46;"JAGUARIBE";"Pista Escorregadia";"Saída de leito carroçável";"Com Vítimas Feridas";"Pleno dia";"Decrescente";"Céu Claro";"Simples";"Curva";"Não";3;0;3;0;0;0;3;1;-6,0238;-38,5769;"SPRF-CE";"DEL05-CE";"UOP02-DEL05-CE"
186764;2019-01-22;"terça-feira";"08:40:00";"BA";116;487;"RAFAEL JAMBEIRO";"Falta de Atenção à Condução";"Saída de leito carroçável";"Com Vítimas Feridas";"Pleno dia";"Crescente";"Céu Claro";"Dupla";"Reta";"Não";4;0;3;1;0;0;4;1;-12,5372627;-39,43040371;"SPRF-BA";"DEL02-BA";"UOP01-DEL02-BA"
186768;2019-01-14;"segunda-feira";"09:30:00";"TO";153;306;"PRESIDENTE KENNEDY";"Animais na Pista";"Capotamento";"Com Vítimas Feridas";"Pleno dia";"Decrescente";"Chuva";"Simples";"Reta";"Não";1;0;1;0;0;0;1;1;-8,587775;-48,483162;"SPRF-TO";"DEL02-TO";"UOP02-DEL02-TO"
186770;2019-01-22;"terça-feira";"10:50:00";"GO";153;75;"PORANGATU";"Falta de Atenção à Condução";"Saída de leito carroçável";"Com Vítimas Feridas";"Pleno dia";"Crescente";"Sol";"Simples";"Reta";"Não";2;0;1;0;1;0;1;1;-13,491837;-49,134628;"SPRF-GO";"DEL07-GO";"UOP01-DEL07-GO"
186771;2019-01-22;"terça-feira";"10:40:00";"ES";101;267,9;"SERRA";"Velocidade Incompatível";"Colisão traseira";"Com Vítimas Feridas";"Pleno dia";"Crescente";"Sol";"Múltipla";"Reta";"Sim";2;0;1;0;1;0;1;2;-20,20618587;-40,26952744;"SPRF-ES";"DEL02-ES";"UOP01-DEL02-ES"
186773;2019-01-22;"terça-feira";"11:20:00";"DF";70;15;"BRASILIA";"Velocidade Incompatível";"Saída de leito carroçável";"Com Vítimas Feridas";"Pleno dia";"Decrescente";"Céu Claro";"Dupla";"Curva";"Sim";1;0;1;0;0;0;1;1;-15,79922489;-48,18471995;"SPRF-DF";"DEL01-DF";"UOP02-DEL03-DF"
186775;2019-01-22;"terça-feira";"10:30:00";"RJ";101;319,6;"NITEROI";"Não guardar distância de segurança";"Engavetamento";"Com Vítimas Feridas";"Pleno dia";"Crescente";"Sol";"Dupla";"Reta";"Sim";6;0;2;0;4;0;2;4;-22,854151;-43,101822;"SPRF-RJ";"DEL02-RJ";"UOP02-DEL02-RJ"
186777;2019-01-22;"terça-feira";"11:10:00";"SP";153;62,5;"SAO JOSE DO RIO PRETO";"Falta de Atenção à Condução";"Colisão traseira";"Com Vítimas Feridas";"Pleno dia";"Crescente";"Céu Claro";"Dupla";"Reta";"Sim";5;0;3;0;2;0;3;3;-20,81328;-49,356758;"SPRF-SP";"DEL09-SP";"UOP01-DEL09-SP"
186780;2019-01-22;"terça-feira";"11:30:00";"RS";116;249,2;"SAO LEOPOLDO";"Falta de Atenção à Condução";"Colisão traseira";"Com Vítimas Feridas";"Pleno dia";"Crescente";"Céu Claro";"Múltipla";"Reta";"Sim";2;0;0;1;1;0;1;2;-29,783234;-51,161049;"SPRF-RS";"DEL01-RS";"UOP02-DEL01-RS"
186782;2019-01-22;"terça-feira";"11:50:00";"SC";470;140;"RIO DO SUL";"Falta de Atenção à Condução";"Colisão frontal";"Com Vítimas Feridas";"Pleno dia";"Crescente";"Sol";"Simples";"Reta";"Sim";5;0;5;0;0;0;5;2;-27,19616707;-49,62686419;"SPRF-SC";"DEL04-SC";"UOP02-DEL04-SC"
186784;2019-01-22;"terça-feira";"11:15:00";"TO";153;485;"PARAISO DO TOCANTINS";"Defeito Mecânico no Veículo";"Tombamento";"Com Vítimas Feridas";"Pleno dia";"Decrescente";"Céu Claro";"Simples";"Reta";"Não";12;0;8;3;1;0;11;1;-10,08657;-48,860123;"SPRF-TO";"DEL02-TO";"UOP01-DEL01-TO"
186786;2019-01-22;"terça-feira";"11:30:00";"BA";20;130;"SAO DESIDERIO";"Desobediência às normas de trânsito pelo condutor";"Colisão transversal";"Com Vítimas Feridas";"Pleno dia";"Crescente";"Céu Claro";"Simples";"Interseção de Vias";"Não";3;0;1;1;1;0;2;2;-12,81700597;-45,95621288;"SPRF-BA";"DEL10-BA";"UOP01-DEL10-BA"