"id";"data_inversa";"dia_semana";"horario";"uf";"br";"km";"municipio";"causa_acidente";"tipo_acidente";"classificacao_acidente";"fase_dia";"sentido_via";"condicao_metereologica";"tipo_pista";"tracado_via";"uso_solo";"pessoas";"mortos";"feridos_leves";"feridos_graves";"ilesos";"ignorados";"feridos";"veiculos";"latitude";"longitude";"regional";"delegacia";"uop"
186788;2019-01-22;"terça-feira";"11:30:00";"AL";101;218,9;"PORTO REAL DO COLEGIO";"Velocidade Incompatível";"Capotamento";"Com Vítimas Feridas";"Pleno dia";"Crescente";"Nublado";"Dupla";"Curva";"Não";4;0;2;0;2;0;2;3;-10,09836;-36,705189;"SPRF-AL";"DEL02-AL";"UOP02-DEL02-AL"
186793;2019-01-22;"terça-feira";"12:30:00";"SP";381;68;"MAIRIPORA";"Falta de Atenção à Condução";"Queda de ocupante de veículo";"Com Vítimas Feridas";"Pleno dia";"Crescente";"Céu Claro";"Dupla";"Curva";"Não";3;0;2;0;0;1;2;2;-23,34414716;-46,57310486;"SPRF-SP";"DEL03-SP";"UOP01-DEL03-SP"
186795;2019-01-22;"terça-feira";"13:10:00";"GO";153;511;"APARECIDA DE GOIANIA";"Restrição de Visibilidade";"Colisão lateral";"Com Vítimas Feridas";"Pleno dia";"Crescente";"Céu Claro";"Simples";"Reta";"Sim";2;0;1;0;1;0;1;2;-16,8067;-49,2394;"SPRF-GO";"DEL01-GO";"UOP03-DEL01-GO"
186799;2019-01-22;"terça-feira";"12:05:00";"PI";343;264,5;"CAMPO MAIOR";"Desobediência às normas de trânsito pelo condutor";"Colisão frontal";"Com Vítimas Feridas";"Pleno dia";"Crescente";"Céu Claro";"Simples";"Curva";"Sim";2;0;1;1;0;0;2;2;-4,827662;-42,162594;"SPRF-PI";"DEL01-PI";"UOP03-DEL01-PI"
186800;2019-01-22;"terça-feira";"13:30:00";"PR";376;301;"MAUA DA SERRA";"Pista Escorregadia";"Queda de ocupante de veículo";"Com Vítimas Feridas";"Pleno dia";"Decrescente";"Céu Claro";"Dupla";"Aclive;Curva";"Não";1;0;1;0;0;0;1;1;-23,93617063;-51,16195714;"SPRF-PR";"DEL07-PR";"UOP02-DEL07-PR"
186801;2019-01-22;"terça-feira";"05:30:00";"MT";163;1105;"GUARANTA DO NORTE";"Falta de Atenção à Condução";"Saída de leito carroçável";"Com Vítimas Feridas";"Amanhecer";"Decrescente";"Garoa/Chuvisco";"Simples";"Declive;Curva";"Não";3;0;0;1;2;0;1;1;-9,644362;-54,879025;"SPRF-MT";"DEL06-MT";"UOP02-DEL06-MT"
186802;2019-01-22;"terça-feira";"09:00:00";"MG";262;444,5;"NOVA SERRANA";"Falta de Atenção à Condução";"Colisão transversal";"Com Vítimas Feridas";"Pleno dia";"Decrescente";"Céu Claro";"Dupla";"Reta";"Sim";2;0;0;2;0;0;2;2;-19,880623;-44,912323;"SPRF-MG";"DEL08-MG";"UOP03-DEL08-MG"
186804;2019-01-22;"terça-feira";"10:50:00";"RO";364;425,4;"JARU";"Falta de Atenção à Condução";"Colisão lateral";"Com Vítimas Feridas";"Pleno dia";"Decrescente";"Nublado";"Simples";"Reta";"Sim";2;0;0;1;1;0;1;2;-10,437518;-62,471706;"SPRF-RO";"DEL03-RO";"UOP02-DEL03-RO"
186805;2019-01-22;"terça-feira";"11:45:00";"MA";135;20;"SAO LUIS";"Falta de Atenção à Condução";"Saída de leito carroçável";"Com Vítimas Feridas";"Pleno dia";"Decrescente";"Garoa/Chuvisco";"Dupla";"Declive;Reta";"Não";2;0;2;0;0;0;2;1;-2,731508;-44,331684;"SPRF-MA";"DEL01-MA";"UOP01-DEL01-MA"
186806;2019-01-18;"sexta-feira";"19:00:00";"GO";153;620,7;"MORRINHOS";"Velocidade Incompatível";"Saída de leito carroçável";"Com Vítimas Feridas";"Pleno dia";"Decrescente";"Céu Claro";"Dupla";"Reta";"Não";3;0;0;1;2;0;1;1;-17,7218;-49,1547;"SPRF-GO";"DEL03-GO";"UOP01-DEL03-GO"
186809;2019-01-22;"terça-feira";"07:30:00";"MG";381;233,5;"BELO ORIENTE";"Velocidade Incompatível";"Tombamento";"Com Vítimas Feridas";"Pleno dia";"Decrescente";"Céu Claro";"Simples";"Curva";"Não";2;0;1;1;0;0;2;1;-19,3243;-42,4169;"SPRF-MG";"DEL06-MG";"UOP01-DEL06-MG"
186811;2019-01-22;"terça-feira";"08:30:00";"MG";381;249,3;"SANTANA DO PARAISO";"Não guardar distância de segurança";"Colisão traseira";"Com Vítimas Feridas";"Pleno dia";"Crescente";"Céu Claro";"Simples";"Reta";"Não";2;0;1;1;0;0;2;2;-19,44503;-42,513617;"SPRF-MG";"DEL06-MG";"UOP01-DEL06-MG"
186813;2019-01-22;"terça-feira";"14:00:00";"MT";163;976;"TERRA NOVA DO NORTE";"Velocidade Incompatível";"Saída de leito carroçável";"Com Vítimas Feridas";"Pleno dia";"Decrescente";"Céu Claro";"Simples";"Curva";"Não";1;0;0;1;0;0;1;1;-10,72706791;-55,13111115;"SPRF-MT";"DEL06-MT";"UOP02-DEL06-MT"
186814;2019-01-22;"terça-feira";"12:35:00";"RJ";101;537;"PARATY";"Falta de Atenção à Condução";"Colisão transversal";"Com Vítimas Feridas";"Pleno dia";"Crescente";"Céu Claro";"Simples";"Reta";"Sim";5;0;3;2;0;0;5;2;-23,0429458;-44,57227886;"SPRF-RJ";"DEL03-RJ";"UOP02-DEL03-RJ"
186817;2019-01-22;"terça-feira";"16:00:00";"SP";101;47,2;"UBATUBA";"Falta de Atenção à Condução";"Colisão transversal";"Com Vítimas Feridas";"Pleno dia";"Crescente";"Nublado";"Simples";"Rotatória";"Sim";4;0;1;0;3;0;1;2;-23,43387535;-45,08591652;"SPRF-SP";"DEL06-SP";"UOP01-DEL06-SP"
186818;2019-01-22;"terça-feira";"15:00:00";"RN";304;38,6;"MOSSORO";"Desobediência às normas de trânsito pelo condutor";"Colisão frontal";"Com Vítimas Feridas";"Pleno dia";"Crescente";"Céu Claro";"Dupla";"Retorno Regulamentado";"Sim";2;0;0;1;1;0;1;2;-5,181406;-37,36834;"SPRF-RN";"DEL04-RN";"UOP02-DEL04-RN"
186819;2019-01-22;"terça-feira";"16:00:00";"SC";470;64,4;"INDAIAL";"Não guardar distância de segurança";"Colisão traseira";"Com Vítimas Feridas";"Pleno dia";"Crescente";"Nublado";"Simples";"Reta";"Sim";2;0;0;1;1;0;1;2;-26,869867;-49,201859;"SPRF-SC";"DEL04-SC";"UOP01-DEL04-SC"
186821;2019-01-22;"terça-feira";"15:20:00";"SC";116;174,6;"SAO CRISTOVAO DO SUL";"Velocidade Incompatível";"Tombamento";"Com Vítimas Feridas";"Pleno dia";"Decrescente";"Sol";"Simples";"Curva";"Não";1;0;0;1;0;0;1;1;-27,262749;-50,444603;"SPRF-SC";"DEL05-SC";"UOP03-DEL05-SC"
186825;2019-01-22;"terça-feira";"15:30:00";"MG";40;780,2;"JUIZ DE FORA";"Velocidade Incompatível";"Saída de leito carroçável";"Com Vítimas Feridas";"Pleno dia";"Crescente";"Céu Claro";"Dupla";"Curva";"Não";2;0;1;0;1;0;1;2;-21,7046;-43,4508;"SPRF-MG";"DEL05-MG";"UOP01-DEL05-MG"
186826;2019-01-22;"terça-feira";"15:00:00";"RJ";465;20,8;"NOVA IGUACU";"Desobediência às normas de trânsito pelo condutor";"Colisão transversal";"Com Vítimas Feridas";"Pleno dia";"Crescente";"Céu Claro";"Simples";"Reta";"Sim";2;0;1;0;1;0;1;2;-22,846828;-43,605339;"SPRF-RJ";"DEL01-RJ";"UOP03-DEL01-RJ"
186828;2019-01-22;"terça-feira";"17:00:00";"PR";369;184,3;"ARAPONGAS";"Falta de Atenção à Condução";"Colisão lateral";"Com Vítimas Feridas";"Pleno dia";"Crescente";"Sol";"Dupla";"Interseção de Vias";"Sim";2;0;1;0;1;0;1;2;-23,401277;-51,427509;"SPRF-PR";"DEL07-PR";"UOP03-DEL07-PR"
186830;2019-01-22;"terça-feira";"14:20:00";"GO";153;113;"SANTA TEREZA DE GOIAS";"Condutor Dormindo";"Saída de leito carroçável";"Com Vítimas Feridas";"Pleno dia";"Decrescente";"Céu Claro";"Simples";"Reta";"Não";4;0;0;4;0;0;4;1;-13,761327;-49,028198;"SPRF-GO";"DEL07-GO";"UOP01-DEL07-GO"
186834;2019-01-22;"terça-feira";"15:15:00";"CE";116;7;"FORTALEZA";"Falta de Atenção à Condução";"Colisão lateral";"Com Vítimas Feridas";"Pleno dia";"Crescente";"Céu Claro";"Simples";"Viaduto";"Sim";3;0;2;0;1;0;2;2;-3,8214;-38,503;"SPRF-CE";"DEL01-CE";"UOP02-DEL01-CE"
186836;2019-01-22;"terça-feira";"18:15:00";"SP";153;34,5;"NOVA GRANADA";"Agressão Externa";"Colisão com objeto em movimento";"Sem Vítimas";"Pleno dia";"Crescente";"Sol";"Simples";"Reta";"Não";1;0;0;0;1;0;0;1;-20,57172;-49,317741;"SPRF-SP";"DEL09-SP";"UOP01-DEL09-SP"
186838;2019-01-22;"terça-feira";"06:00:00";"MG";381;591,5;"CARMOPOLIS DE MINAS";"Falta de Atenção à Condução";"Capotamento";"Com Vítimas Feridas";"Amanhecer";"Decrescente";"Ignorado";"Dupla";"Reta";"Não";1;0;1;0;0;0;1;1;-20,5571;-44,6621;"SPRF-MG";"DEL04-MG";"UOP01-DEL04-MG"
186839;2019-01-22;"terça-feira";"17:50:00";"SC";101;13,2;"GARUVA";"Falta de Atenção à Condução";"Colisão com objeto estático";"Sem Vítimas";"Pleno dia";"Decrescente";"Céu Claro";"Dupla";"Reta";"Não";1;0;0;0;0;1;0;1;-26,0982;-48,8676;"SPRF-SC";"DEL03-SC";"UOP01-DEL03-SC"
186840;2019-01-22;"terça-feira";"18:10:00";"SP";116;223,1;"GUARULHOS";"Falta de Atenção à Condução";"Tombamento";"Com Vítimas Feridas";"Pleno dia";"Decrescente";"Nublado";"Múltipla";"Reta";"Sim";2;0;1;0;1;0;1;1;-23,47988765;-46,5314126;"SPRF-SP";"DEL01-SP";"UOP01-DEL01-SP"
186842;2019-01-22;"terça-feira";"18:20:00";"SC";101;213;"PALHOCA";"Não guardar distância de segurança";"Colisão lateral";"Com Vítimas Feridas";"Pleno dia";"Decrescente";"Céu Claro";"Múltipla";"Interseção de Vias";"Sim";3;0;1;0;2;0;1;2;-27,6446;-48,6705;"SPRF-SC";"DEL01-SC";"UOP02-DEL01-SC"
186844;2019-01-22;"terça-feira";"17:11:00";"SP";116;195;"SANTA ISABEL";"Pista Escorregadia";"Colisão com objeto estático";"Com Vítimas Feridas";"Pleno dia";"Decrescente";"Chuva";"Dupla";"Reta";"Sim";3;0;1;0;2;0;1;1;-23,38807367;-46,27406806;"SPRF-SP";"DEL01-SP";"UOP02-DEL01-SP"
186845;2019-01-22;"terça-feira";"15:20:00";"AC";364;135;"RIO BRANCO";"Falta de Atenção à Condução";"Colisão traseira";"Sem Vítimas";"Pleno dia";"Crescente";"Sol";"Dupla";"Reta";"Sim";2;0;0;0;2;0;0;2;-9,985886;-67,84523;"SPRF-AC";"DEL01-AC";"UOP01-DEL01-AC"
186846;2019-01-22;"terça-feira";"16:00:00";"SC";282;599,1;"CUNHA PORA";"Falta de Atenção à Condução";"Colisão frontal";"Com Vítimas Fatais";"Pleno dia";"Decrescente";"Céu Claro";"Simples";"Declive;Curva";"Não";2;1;0;1;0;0;1;2;-26,820206;-53,155052;"SPRF-SC";"DEL07-SC";"UOP02-DEL07-SC"
186847;2019-01-22;"terça-feira";"18:40:00";"SP";116;85,7;"PINDAMONHANGABA";"Falta de Atenção à Condução";"Tombamento";"Com Vítimas Feridas";"Anoitecer";"Crescente";"Chuva";"Dupla";"Reta";"Sim";2;0;1;0;1;0;1;2;-22,922148;-45,344574;"SPRF-SP";"DEL06-SP";"UOP01-DEL06-SP"
186849;2019-01-19;"sábado";"16:40:00";"MS";163;92;"ITAQUIRAI";"Ultrapassagem Indevida";"Colisão frontal";"Com Vítimas Feridas";"Pleno dia";"Crescente";"Céu Claro";"Simples";"Reta";"Não";2;0;0;1;1;0;1;2;-23,352152;-54,215858;"SPRF-MS";"DEL09-MS";"UOP01-DEL09-MS"
186850;2019-01-22;"terça-feira";"19:30:00";"ES";101;267,9;"SERRA";"Falta de Atenção à Condução";"Colisão lateral";"Com Vítimas Feridas";"Plena Noite";"Crescente";"Céu Claro";"Múltipla";"Interseção de Vias";"Sim";3;0;1;0;2;0;1;3;-20,20691859;-40,26946398;"SPRF-ES";"DEL02-ES";"UOP01-DEL02-ES"
186851;2019-01-22;"terça-feira";"17:20:00";"PR";376;601;"CURITIBA";"Não guardar distância de segurança";"Colisão traseira";"Com Vítimas Feridas";"Anoitecer";"Decrescente";"Nublado";"Dupla";"Reta";"Não";4;0;1;0;3;0;1;4;-25,43335343;-49,31213379;"SPRF-PR";"DEL01-PR";"UOP06-DEL01-PR"
186853;2019-01-22;"terça-feira";"18:30:00";"MS";463;108,7;"PONTA PORA";"Falta de Atenção à Condução";"Colisão traseira";"Com Vítimas Feridas";"Anoitecer";"Decrescente";"Céu Claro";"Dupla";"Reta";"Sim";1;0;1;0;0;0;1;1;-22,580349;-55,688927;"SPRF-MS";"DEL04-MS";"UOP03-DEL04-MS"
186855;2019-01-22;"terça-feira";"17:00:00";"RJ";101;486;"ANGRA DOS REIS";"Falta de Atenção do Pedestre";"Atropelamento de Pedestre";"Com Vítimas Feridas";"Pleno dia";"Decrescente";"Céu Claro";"Simples";"Reta";"Sim";2;0;1;0;1;0;1;2;-22,97739107;-44,29616372;"SPRF-RJ";"DEL03-RJ";"UOP03-DEL03-RJ"
186856;2019-01-22;"terça-feira";"20:10:00";"SP";116;211;"GUARULHOS";"Ingestão de Álcool";"Colisão com objeto estático";"Com Vítimas Feridas";"Plena Noite";"Decrescente";"Nublado";"Múltipla";"Reta";"Sim";1;0;1;0;0;0;1;1;-23,43270721;-46,4202064;"SPRF-SP";"DEL01-SP";"UOP01-DEL01-SP"
186858;2019-01-22;"terça-feira";"20:40:00";"SP";488;0,5;"APARECIDA";"Desobediência às normas de trânsito pelo condutor";"Colisão lateral";"Com Vítimas Feridas";"Plena Noite";"Crescente";"Ignorado";"Dupla";"Reta";"Sim";2;0;1;0;1;0;1;2;-22,85856;-45,233116;"SPRF-SP";"DEL08-SP";"UOP01-DEL08-SP"
186859;2019-01-22;"terça-feira";"18:50:00";"BA";324;521;"FEIRA DE SANTANA";"Desobediência às normas de trânsito pelo condutor";"Colisão traseira";"Com Vítimas Feridas";"Plena Noite";"Decrescente";"Céu Claro";"Dupla";"Reta";"Não";2;0;1;0;1;0;1;2;-12,288589;-38,913761;"SPRF-BA";"DEL01-BA";"UOP01-DEL01-BA"
186860;2019-01-22;"terça-feira";"20:15:00";"PI";316;3;"TERESINA";"Falta de Atenção à Condução";"Colisão transversal";"Com Vítimas Feridas";"Plena Noite";"Decrescente";"Céu Claro";"Simples";"Interseção de Vias";"Sim";3;0;1;0;2;0;1;2;-5,128264;-42,792923;"SPRF-PI";"DEL01-PI";"UOP02-DEL01-PI"
186865;2019-01-22;"terça-feira";"14:00:00";"RJ";493;119;"ITAGUAI";"Animais na Pista";"Saída de leito carroçável";"Com Vítimas Feridas";"Pleno dia";"Crescente";"Céu Claro";"Dupla";"Reta";"Não";4;0;3;0;1;0;3;1;-22,86925924;-43,81434962;"SPRF-RJ";"DEL03-RJ";"UOP01-DEL03-RJ"
186866;2019-01-22;"terça-feira";"21:00:00";"MG";40;789,1;"JUIZ DE FORA";"Velocidade Incompatível";"Saída de leito carroçável";"Com Vítimas Feridas";"Plena Noite";"Decrescente";"Céu Claro";"Dupla";"Reta";"Não";2;0;2;0;0;0;2;1;-21,7755;-43,4327;"SPRF-MG";"DEL05-MG";"UOP01-DEL05-MG"
186869;2019-01-22;"terça-feira";"21:30:00";"PR";116;131;"FAZENDA RIO GRANDE";"Desobediência às normas de trânsito pelo condutor";"Colisão lateral";"Sem Vítimas";"Plena Noite";"Decrescente";"Nublado";"Dupla";"Reta";"Não";2;0;0;0;2;0;0;2;-25,630278;-49,313812;"SPRF-PR";"DEL01-PR";"UOP03-DEL01-PR"
186870;2019-01-22;"terça-feira";"17:00:00";"RO";364;236,9;"CACOAL";"Falta de Atenção do Pedestre";"Atropelamento de Pedestre";"Com Vítimas Feridas";"Pleno dia";"Crescente";"Chuva";"Simples";"Reta";"Sim";2;0;2;0;0;0;2;2;-11,445874;-61,437862;"SPRF-RO";"DEL02-RO";"UOP02-DEL02-RO"
186872;2019-01-22;"terça-feira";"20:45:00";"RS";285;122,1;"VACARIA";"Desobediência às normas de trânsito pelo condutor";"Colisão frontal";"Com Vítimas Feridas";"Plena Noite";"Crescente";"Nublado";"Simples";"Reta";"Sim";3;0;1;0;1;1;1;3;-28,505535;-50,944073;"SPRF-RS";"DEL05-RS";"UOP03-DEL05-RS"
186873;2019-01-22;"terça-feira";"19:40:00";"SC";282;80;"RANCHO QUEIMADO";"Velocidade Incompatível";"Saída de leito carroçável";"Com Vítimas Feridas";"Anoitecer";"Decrescente";"Nublado";"Simples";"Curva";"Não";1;0;0;1;0;0;1;1;-27,663555;-49,159309;"SPRF-SC";"DEL01-SC";"UOP03-DEL01-SC"
186874;2019-01-22;"terça-feira";"21:50:00";"AL";104;35,2;"UNIAO DOS PALMARES";"Ingestão de álcool e/ou substâncias psicoativas pelo pedestre";"Atropelamento de Pedestre";"Com Vítimas Feridas";"Plena Noite";"Crescente";"Chuva";"Simples";"Reta";"Sim";2;0;0;1;0;1;1;2;-9,16205226;-36,0173893;"SPRF-AL";"DEL01-AL";"UOP02-DEL01-AL"
186876;2019-01-22;"terça-feira";"22:00:00";"PE";428;155,5;"PETROLINA";"Animais na Pista";"Atropelamento de Animal";"Com Vítimas Feridas";"Plena Noite";"Decrescente";"Céu Claro";"Simples";"Reta";"Não";1;0;0;1;0;0;1;1;-9,108626;-40,334179;"SPRF-PE";"DEL06-PE";"UOP01-DEL06-PE"
186877;2019-01-22;"terça-feira";"21:15:00";"SE";101;149;"ESTANCIA";"Falta de Atenção à Condução";"Saída de leito carroçável";"Sem Vítimas";"Plena Noite";"Crescente";"Céu Claro";"Simples";"Reta;Declive";"Sim";1;0;0;0;0;1;0;1;-11,2414;-37,4316;"SPRF-SE";"DEL02-SE";"UOP01-DEL02-SE"
186878;2019-01-22;"terça-feira";"19:00:00";"RR";401;81;"BONFIM";"Desobediência às normas de trânsito pelo condutor";"Capotamento";"Com Vítimas Feridas";"Plena Noite";"Crescente";"Céu Claro";"Dupla";"Reta";"Não";4;0;2;0;2;0;2;1;3,219378;-60,146648;"SPRF-RR";"DEL01-RR";"UOP03/RR"
186879;2019-01-22;"terça-feira";"20:30:00";"MT";163;821;"SINOP";"Desobediência às normas de trânsito pelo condutor";"Colisão frontal";"Com Vítimas Feridas";"Plena Noite";"Decrescente";"Nublado";"Simples";"Reta";"Sim";3;0;3;0;0;0;3;2;-11,98593911;-55,51709544;"SPRF-MT";"DEL06-MT";"UOP01-DEL06-MT"
186881;2019-01-22;"terça-feira";"23:05:00";"MT";163;713;"SORRISO";"Desobediência às normas de trânsito pelo condutor";"Colisão transversal";"Sem Vítimas";"Plena Noite";"Decrescente";"Céu Claro";"Simples";"Reta";"Sim";2;0;0;0;1;1;0;2;-12,85776791;-55,83141111;"SPRF-MT";"DEL06-MT";"UOP01-DEL06-MT"
186884;2019-01-23;"quarta-feira";"02:20:00";"PA";230;121,5;"MARABA";"Falta de Atenção à Condução";"Colisão com objeto estático";"Com Vítimas Feridas";"Plena Noite";"Crescente";"Céu Claro";"Dupla";"Reta";"Sim";1;0;1;0;0;0;1;1;-5,352974;-49,121437;"SPRF-PA";"DEL03-PA";"UOP01-DEL03-PA"
186885;2019-01-23;"quarta-feira";"03:00:00";"PA";163;1003,6;"SANTAREM";"Velocidade Incompatível";"Saída de leito carroçável";"Sem Vítimas";"Plena Noite";"Decrescente";"Chuva";"Dupla";"Reta";"Sim";1;0;0;0;0;1;0;1;-2,43820917;-54,7330787;"SPRF-PA";"DEL05-PA";"UOP01-DEL05-PA"
186887;2019-01-23;"quarta-feira";"01:10:00";"SP";116;198,5;"ARUJA";"Não guardar distância de segurança";"Colisão traseira";"Com Vítimas Feridas";"Plena Noite";"Crescente";"Nublado";"Dupla";"Reta";"Não";1;0;1;0;0;0;1;1;-23,40000793;-46,30284548;"SPRF-SP";"DEL01-SP";"UOP02-DEL01-SP"
186888;2019-01-23;"quarta-feira";"04:00:00";"GO";153;423,1;"ANAPOLIS";"Defeito Mecânico no Veículo";"Incêndio";"Sem Vítimas";"Plena Noite";"Decrescente";"Céu Claro";"Dupla";"Aclive;Reta";"Não";1;0;0;0;1;0;0;1;-16,197029;-49,025223;"SPRF-GO";"DEL02-GO";"UOP01-DEL02-GO"
186891;2019-01-23;"quarta-feira";"05:30:00";"ES";101;207,6;"IBIRACU";"Condutor Dormindo";"Saída de leito carroçável";"Com Vítimas Feridas";"Amanhecer";"Decrescente";"Céu Claro";"Dupla";"Reta";"Não";1;0;0;1;0;0;1;1;-19,77776454;-40,37216133;"SPRF-ES";"DEL02-ES";"UOP01-DEL02-ES"
186894;2019-01-23;"quarta-feira";"05:10:00";"GO";50;196;"CAMPO ALEGRE DE GOIAS";"Animais na Pista";"Atropelamento de Animal";"Com Vítimas Feridas";"Amanhecer";"Decrescente";"Céu Claro";"Dupla";"Reta";"Não";2;0;0;2;0;0;2;1;-17,5457;-47,8303;"SPRF-GO";"DEL06-GO";"UOP01-DEL06-GO"
186895;2019-01-23;"quarta-feira";"05:45:00";"MT";163;116;"RONDONOPOLIS";"Defeito Mecânico no Veículo";"Tombamento";"Com Vítimas Feridas";"Amanhecer";"Decrescente";"Céu Claro";"Dupla";"Reta";"Não";2;0;2;0;0;0;2;1;-16,52998;-54,662449;"SPRF-MT";"DEL02-MT";"UOP01-DEL02-MT"
186896;2019-01-23;"quarta-feira";"06:30:00";"PE";101;77,8;"RECIFE";"Velocidade Incompatível";"Colisão transversal";"Com Vítimas Feridas";"Pleno dia";"Crescente";"Céu Claro";"Dupla";"Desvio Temporário";"Sim";3;0;1;0;2;0;1;3;-8,1368;-34,9474;"SPRF-PE";"DEL01-PE";"UOP01-DEL01-PE"
186897;2019-01-23;"quarta-feira";"07:30:00";"RS";392;351,9;"SANTA MARIA";"Não guardar distância de segurança";"Colisão traseira";"Com Vítimas Feridas";"Pleno dia";"Decrescente";"Céu Claro";"Simples";"Reta";"Sim";3;0;1;0;1;1;1;3;-29,728384;-53,803284;"SPRF-RS";"DEL09-RS";"UOP01-DEL09-RS"
186902;2019-01-23;"quarta-feira";"08:10:00";"RS";116;142,4;"CAXIAS DO SUL";"Falta de Atenção à Condução";"Atropelamento de Pedestre";"Com Vítimas Feridas";"Pleno dia";"Crescente";"Céu Claro";"Dupla";"Curva";"Sim";2;0;0;1;1;0;1;2;-29,11727;-51,115208;"SPRF-RS";"DEL05-RS";"UOP01-DEL05-RS"
186904;2019-01-23;"quarta-feira";"08:15:00";"MG";381;362,5;"JOAO MONLEVADE";"Condutor Dormindo";"Colisão frontal";"Com Vítimas Feridas";"Pleno dia";"Crescente";"Céu Claro";"Simples";"Curva";"Não";2;0;2;0;0;0;2;2;-19,84966737;-43,20871722;"SPRF-MG";"DEL03-MG";"UOP01-DEL03-MG"
186905;2019-01-20;"domingo";"05:45:00";"SC";101;95,6;"BARRA VELHA";"Falta de Atenção do Pedestre";"Atropelamento de Pedestre";"Com Vítimas Fatais";"Plena Noite";"Crescente";"Nublado";"Dupla";"Aclive";"Não";2;1;0;0;1;0;0;2;-26,7228;-48,7022;"SPRF-SC";"DEL03-SC";"UOP02-DEL03-SC"
186906;2019-01-20;"domingo";"05:24:00";"SC";101;98;"BALNEARIO PICARRAS";"Condutor Dormindo";"Saída de leito carroçável";"Sem Vítimas";"Amanhecer";"Decrescente";"Céu Claro";"Dupla";"Reta";"Não";1;0;0;0;1;0;0;1;-26,7493;-48,6944;"SPRF-SC";"DEL03-SC";"UOP02-DEL03-SC"
186908;2019-01-23;"quarta-feira";"07:50:00";"SP";153;62,7;"SAO JOSE DO RIO PRETO";"Falta de Atenção à Condução";"Colisão lateral";"Com Vítimas Feridas";"Pleno dia";"Crescente";"Céu Claro";"Dupla";"Aclive";"Sim";2;0;1;0;1;0;1;2;-20,81382989;-49,35700178;"SPRF-SP";"DEL09-SP";"UOP01-DEL09-SP"
186910;2019-01-20;"domingo";"04:30:00";"MG";267;280,9;"AIURUOCA";"Ingestão de Álcool";"Saída de leito carroçável";"Com Vítimas Feridas";"Plena Noite";"Decrescente";"Céu Claro";"Simples";"Curva;Declive";"Não";1;0;1;0;0;0;1;1;-21,925083;-44,733373;"SPRF-MG";"DEL05-MG";"UOP01-DEL17-MG"
186911;2019-01-23;"quarta-feira";"05:30:00";"RS";285;92,1;"BOM JESUS";"Falta de Atenção do Pedestre";"Saída de leito carroçável";"Com Vítimas Feridas";"Plena Noite";"Decrescente";"Nublado";"Simples";"Reta";"Não";1;0;1;0;0;0;1;1;-28,60535918;-50,70709705;"SPRF-RS";"DEL05-RS";"UOP03-DEL05-RS"
186914;2019-01-23;"quarta-feira";"08:00:00";"RS";386;243,6;"SOLEDADE";"Desobediência às normas de trânsito pelo condutor";"Colisão transversal";"Com Vítimas Feridas";"Pleno dia";"Crescente";"Sol";"Simples";"Interseção de Vias;Reta";"Sim";2;0;0;1;1;0;1;2;-28,80430265;-52,50709534;"SPRF-RS";"DEL04-RS";"NPF/DEL04-RS"
186915;2019-01-23;"quarta-feira";"07:30:00";"PB";230;4,8;"CABEDELO";"Desobediência às normas de trânsito pelo condutor";"Colisão lateral";"Com Vítimas Feridas";"Pleno dia";"Decrescente";"Sol";"Simples";"Reta";"Sim";2;0;1;0;1;0;1;2;-7,0004;-34,8284;"SPRF-PB";"DEL01-PB";"UOP01-DEL01-PB"
186922;2019-01-23;"quarta-feira";"07:30:00";"MG";40;521;"CONTAGEM";"Não guardar distância de segurança";"Colisão lateral";"Com Vítimas Feridas";"Pleno dia";"Crescente";"Céu Claro";"Dupla";"Curva";"Sim";3;0;2;0;1;0;2;2;-19,8665;-44,064;"SPRF-MG";"DEL01-MG";"UOP03-DEL01-MG"
186923;2019-01-23;"quarta-feira";"08:15:00";"MT";364;400,5;"CUIABA";"Desobediência às normas de trânsito pelo condutor";"Colisão frontal";"Com Vítimas Feridas";"Pleno dia";"Crescente";"Sol";"Simples";"Reta";"Não";2;0;1;0;1;0;1;2;-15,675622;-55,938293;"SPRF-MT";"DEL02-MT";"UOP02-DEL01-MT"
186924;2019-01-23;"quarta-feira";"09:10:00";"ES";101;73;"SAO MATEUS";"Desobediência às normas de trânsito pelo condutor";"Colisão traseira";"Com Vítimas Feridas";"Pleno dia";"Crescente";"Céu Claro";"Simples";"Reta";"Não";3;0;1;1;1;0;2;2;-18,77015098;-39,86786496;"SPRF-ES";"DEL04-ES";"UOP02-DEL04-ES"
186926;2019-01-20;"domingo";"06:00:00";"PR";277;662,3;"MATELANDIA";"Falta de Atenção à Condução";"Saída de leito carroçável";"Sem Vítimas";"Amanhecer";"Decrescente";"Nublado";"Dupla";"Reta";"Não";1;0;0;0;0;1;0;1;-25,251236;-54,009113;"SPRF-PR";"DEL05-PR";"UOP02-DEL05-PR"