"id";"data_inversa";"dia_semana";"horario";"uf";"br";"km";"municipio";"causa_acidente";"tipo_acidente";"classificacao_acidente";"fase_dia";"sentido_via";"condicao_metereologica";"tipo_pista";"tracado_via";"uso_solo";"pessoas";"mortos";"feridos_leves";"feridos_graves";"ilesos";"ignorados";"feridos";"veiculos";"latitude";"longitude";"regional";"delegacia";"uop"
187055;2019-01-24;"quinta-feira";"00:00:00";"SC";282;248,5;"SAO JOSE DO CERRITO";"Pista Escorregadia";"Colisão frontal";"Com Vítimas Feridas";"Plena Noite";"Decrescente";"Chuva";"Simples";"Curva";"Não";1;0;0;1;0;0;1;1;-27,711969;-50,5327;"SPRF-SC";"DEL05-SC";"UOP02-DEL05-SC"
187056;2019-01-24;"quinta-feira";"01:40:00";"PR";376;615;"SAO JOSE DOS PINHAIS";"Falta de Atenção do Pedestre";"Atropelamento de Pedestre";"Com Vítimas Fatais";"Plena Noite";"Crescente";"Céu Claro";"Dupla";"Reta";"Sim";3;1;1;0;1;0;1;2;-25,57457564;-49,18004036;"SPRF-PR";"DEL01-PR";"UOP01-DEL01-PR"
187057;2019-01-24;"quinta-feira";"01:50:00";"SP";116;423,8;"REGISTRO";"Condutor Dormindo";"Colisão com objeto estático";"Com Vítimas Feridas";"Plena Noite";"Crescente";"Céu Claro";"Dupla";"Reta";"Não";3;0;2;0;1;0;2;1;-24,35522889;-47,66918421;"SPRF-SP";"DEL05-SP";"UOP01-DEL05-SP"
187059;2019-01-24;"quinta-feira";"01:00:00";"MT";364;154,5;"PEDRA PRETA";"Animais na Pista";"Atropelamento de Animal";"Sem Vítimas";"Plena Noite";"Crescente";"Nublado";"Simples";"Reta";"Não";1;0;0;0;1;0;0;1;-16,770771;-54,243088;"SPRF-MT";"DEL02-MT";"UOP01-DEL02-MT"
187060;2019-01-24;"quinta-feira";"03:30:00";"PR";373;250;"GUAMIRANGA";"Falta de Atenção à Condução";"Saída de leito carroçável";"Com Vítimas Feridas";"Plena Noite";"Crescente";"Ignorado";"Simples";"Reta";"Não";3;0;0;2;1;0;2;1;-25,19146054;-50,82597256;"SPRF-PR";"DEL03-PR";"UOP01-DEL03-PR"
187062;2019-01-23;"quarta-feira";"18:55:00";"RO";174;14;"VILHENA";"Falta de Atenção à Condução";"Colisão transversal";"Com Vítimas Feridas";"Anoitecer";"Crescente";"Céu Claro";"Dupla";"Interseção de Vias";"Sim";2;0;1;0;1;0;1;2;-12,73089828;-60,12952566;"SPRF-RO";"DEL04-RO";"UOP01-DEL04-RO"
187063;2019-01-24;"quinta-feira";"04:20:00";"SC";101;415,4;"ARARANGUA";"Ingestão de Álcool";"Colisão traseira";"Com Vítimas Feridas";"Plena Noite";"Decrescente";"Ignorado";"Simples";"Reta";"Sim";2;0;0;1;0;1;1;2;-28,960487;-49,516617;"SPRF-SC";"DEL02-SC";"UOP02-DEL02-SC"
187066;2019-01-24;"quinta-feira";"04:30:00";"MG";153;23,9;"CENTRALINA";"Falta de Atenção à Condução";"Colisão traseira";"Com Vítimas Feridas";"Plena Noite";"Crescente";"Céu Claro";"Dupla";"Reta";"Não";3;0;1;0;1;1;1;3;-18,6299;-49,1844;"SPRF-MG";"DEL15-MG";"UOP03-DEL15-MG"
187070;2019-01-24;"quinta-feira";"05:30:00";"MS";163;610,3;"SAO GABRIEL DO OESTE";"Desobediência às normas de trânsito pelo condutor";"Colisão traseira";"Com Vítimas Fatais";"Plena Noite";"Decrescente";"Céu Claro";"Simples";"Declive;Reta";"Não";2;1;1;0;0;0;1;2;-19,42223968;-54,54883575;"SPRF-MS";"DEL06-MS";"UOP02-DEL06-MS"
187073;2019-01-24;"quinta-feira";"05:20:00";"SC";101;91;"BARRA VELHA";"Ingestão de Álcool";"Saída de leito carroçável";"Sem Vítimas";"Plena Noite";"Crescente";"Céu Claro";"Simples";"Reta";"Não";1;0;0;0;1;0;0;1;-26,6867;-48,6953;"SPRF-SC";"DEL03-SC";"UOP02-DEL03-SC"
187075;2019-01-24;"quinta-feira";"07:30:00";"ES";101;377;"ICONHA";"Falta de Atenção à Condução";"Queda de ocupante de veículo";"Com Vítimas Feridas";"Pleno dia";"Crescente";"Céu Claro";"Simples";"Reta";"Não";1;0;1;0;0;0;1;1;-20,79463379;-40,81129074;"SPRF-ES";"DEL03-ES";"UOP01-DEL03-ES"
187078;2019-01-24;"quinta-feira";"01:00:00";"RO";429;160;"SAO MIGUEL DO GUAPORE";"Ingestão de Álcool";"Queda de ocupante de veículo";"Com Vítimas Feridas";"Plena Noite";"Decrescente";"Céu Claro";"Simples";"Reta";"Sim";1;0;1;0;0;0;1;1;-11,700977;-62,722954;"SPRF-RO";"DEL02-RO";"UOP03-DEL02-RO"
187079;2019-01-24;"quinta-feira";"07:50:00";"SC";101;186;"BIGUACU";"Falta de Atenção à Condução";"Colisão com objeto estático";"Com Vítimas Feridas";"Pleno dia";"Decrescente";"Nublado";"Múltipla";"Curva";"Não";3;0;1;0;2;0;1;1;-27,4432;-48,6284;"SPRF-SC";"DEL01-SC";"UOP01-DEL01-SC"
187081;2019-01-24;"quinta-feira";"07:50:00";"PR";369;90,2;"CORNELIO PROCOPIO";"Velocidade Incompatível";"Colisão traseira";"Com Vítimas Feridas";"Pleno dia";"Decrescente";"Céu Claro";"Dupla";"Reta";"Sim";2;0;0;1;1;0;1;2;-23,19390002;-50,65104425;"SPRF-PR";"DEL07-PR";"UOP05-DEL07-PR"
187083;2019-01-24;"quinta-feira";"07:45:00";"SC";282;223;"LAGES";"Não guardar distância de segurança";"Colisão traseira";"Com Vítimas Feridas";"Pleno dia";"Decrescente";"Nublado";"Simples";"Interseção de Vias";"Sim";2;0;1;0;1;0;1;2;-27,800127;-50,362751;"SPRF-SC";"DEL05-SC";"UOP01-DEL05-SC"
187084;2019-01-24;"quinta-feira";"07:00:00";"PB";101;90;"JOAO PESSOA";"Falta de Atenção à Condução";"Queda de ocupante de veículo";"Com Vítimas Feridas";"Pleno dia";"Crescente";"Céu Claro";"Dupla";"Reta";"Sim";1;0;1;0;0;0;1;1;-7,1896;-34,9035;"SPRF-PB";"DEL01-PB";"UOP01-DEL01-PB"
187085;2019-01-24;"quinta-feira";"07:25:00";"MS";163;483,5;"CAMPO GRANDE";"Falta de Atenção à Condução";"Colisão traseira";"Com Vítimas Feridas";"Pleno dia";"Decrescente";"Sol";"Simples";"Reta";"Sim";2;0;1;0;1;0;1;2;-20,4555777;-54,544494;"SPRF-MS";"DEL01-MS";"UOP02-DEL01-MS"
187087;2019-01-24;"quinta-feira";"08:00:00";"SC";101;206,5;"SAO JOSE";"Não guardar distância de segurança";"Colisão com objeto estático";"Sem Vítimas";"Pleno dia";"Crescente";"Chuva";"Múltipla";"Reta";"Sim";2;0;0;0;2;0;0;2;-27,6001;-48,6225;"SPRF-SC";"DEL01-SC";"UOP01-DEL01-SC"
187088;2019-01-24;"quinta-feira";"06:55:00";"SC";101;209,9;"SAO JOSE";"Falta de Atenção à Condução";"Colisão traseira";"Com Vítimas Feridas";"Pleno dia";"Decrescente";"Chuva";"Dupla";"Interseção de Vias";"Sim";2;0;1;0;1;0;1;2;-27,61431795;-48,64290303;"SPRF-SC";"DEL01-SC";"UOP01-DEL01-SC"
187089;2019-01-24;"quinta-feira";"08:20:00";"SC";101;211;"PALHOCA";"Falta de Atenção à Condução";"Queda de ocupante de veículo";"Com Vítimas Feridas";"Pleno dia";"Crescente";"Chuva";"Múltipla";"Reta";"Não";1;0;1;0;0;0;1;1;-27,6301;-48,659;"SPRF-SC";"DEL01-SC";"UOP02-DEL01-SC"
187090;2019-01-24;"quinta-feira";"07:38:00";"PB";230;32;"BAYEUX";"Falta de Atenção à Condução";"Tombamento";"Com Vítimas Feridas";"Pleno dia";"Decrescente";"Céu Claro";"Dupla";"Reta";"Não";4;0;2;0;1;1;2;3;-7,143;-34,9192;"SPRF-PB";"DEL01-PB";"UOP01-DEL01-PB"
187092;2019-01-24;"quinta-feira";"06:50:00";"SP";116;279,9;"EMBU DAS ARTES";"Falta de Atenção à Condução";"Colisão traseira";"Com Vítimas Feridas";"Amanhecer";"Decrescente";"Céu Claro";"Dupla";"Reta";"Sim";3;0;2;0;1;0;2;2;-23,643467;-46,83900412;"SPRF-SP";"DEL04-SP";"UOP01-DEL04-SP"
187093;2019-01-24;"quinta-feira";"08:40:00";"SC";101;213;"PALHOCA";"Não guardar distância de segurança";"Colisão lateral";"Com Vítimas Feridas";"Pleno dia";"Decrescente";"Chuva";"Múltipla";"Reta";"Sim";2;0;1;0;1;0;1;2;-27,6446;-48,6705;"SPRF-SC";"DEL01-SC";"UOP02-DEL01-SC"
187094;2019-01-24;"quinta-feira";"08:40:00";"SP";116;131;"CACAPAVA";"Defeito Mecânico no Veículo";"Queda de ocupante de veículo";"Com Vítimas Feridas";"Pleno dia";"Decrescente";"Céu Claro";"Dupla";"Reta";"Não";1;0;1;0;0;0;1;1;-23,127428;-45,736378;"SPRF-SP";"DEL06-SP";"UOP02-DEL02-SP"
187097;2019-01-24;"quinta-feira";"09:00:00";"ES";101;143;"LINHARES";"Falta de Atenção à Condução";"Colisão traseira";"Com Vítimas Feridas";"Pleno dia";"Decrescente";"Sol";"Dupla";"Reta";"Sim";2;0;1;0;1;0;1;2;-19,36613416;-40,06507874;"SPRF-ES";"DEL04-ES";"UOP01-DEL04-ES"
187098;2019-01-24;"quinta-feira";"08:11:00";"RJ";101;316;"SAO GONCALO";"Defeito Mecânico no Veículo";"Incêndio";"Sem Vítimas";"Pleno dia";"Crescente";"Céu Claro";"Dupla";"Reta";"Não";1;0;0;0;1;0;0;1;-22,828388;-43,092102;"SPRF-RJ";"DEL02-RJ";"DEL5/2-UOP04/RJ"
187102;2019-01-24;"quinta-feira";"08:55:00";"MG";40;769;"JUIZ DE FORA";"Velocidade Incompatível";"Tombamento";"Com Vítimas Feridas";"Pleno dia";"Crescente";"Céu Claro";"Simples";"Reta";"Não";1;0;0;1;0;0;1;1;-21,619;-43,4549;"SPRF-MG";"DEL05-MG";"UOP01-DEL05-MG"
187104;2019-01-18;"sexta-feira";"20:00:00";"MS";163;79;"ITAQUIRAI";"Ingestão de Álcool";"Colisão frontal";"Com Vítimas Feridas";"Plena Noite";"Decrescente";"Chuva";"Simples";"Curva";"Não";2;0;0;1;1;0;1;2;-23,465796;-54,190964;"SPRF-MS";"DEL09-MS";"UOP01-DEL09-MS"
187110;2019-01-24;"quinta-feira";"09:40:00";"MG";50;151;"UBERABA";"Defeito Mecânico no Veículo";"Saída de leito carroçável";"Com Vítimas Feridas";"Pleno dia";"Crescente";"Céu Claro";"Dupla";"Reta";"Não";4;0;4;0;0;0;4;1;-19,57499441;-48,03226948;"SPRF-MG";"DEL13-MG";"UOP01-DEL13-MG"
187112;2019-01-24;"quinta-feira";"09:20:00";"PE";101;48,6;"ABREU E LIMA";"Falta de Atenção à Condução";"Colisão lateral";"Com Vítimas Feridas";"Pleno dia";"Crescente";"Céu Claro";"Múltipla";"Reta";"Sim";4;0;2;0;2;0;2;2;-7,898;-34,9025;"SPRF-PE";"DEL01-PE";"UOP02-DEL01-PE"
187115;2019-01-24;"quinta-feira";"09:55:00";"ES";262;16,9;"VIANA";"Falta de Atenção à Condução";"Colisão traseira";"Com Vítimas Feridas";"Pleno dia";"Decrescente";"Sol";"Simples";"Reta";"Sim";3;0;1;0;2;0;1;2;-20,38576779;-40,47112319;"SPRF-ES";"DEL01-ES";"UOP01-DEL01-ES"
187116;2019-01-24;"quinta-feira";"09:10:00";"SP";116;228;"SAO PAULO";"Falta de Atenção à Condução";"Colisão lateral";"Com Vítimas Feridas";"Pleno dia";"Crescente";"Sol";"Múltipla";"Aclive";"Sim";3;0;2;0;1;0;2;2;-23,5027222;-46,5661736;"SPRF-SP";"DEL01-SP";"UOP01-DEL01-SP"
187120;2019-01-24;"quinta-feira";"10:10:00";"RN";405;2;"MOSSORO";"Falta de Atenção à Condução";"Colisão transversal";"Com Vítimas Feridas";"Pleno dia";"Crescente";"Céu Claro";"Dupla";"Reta";"Sim";3;0;3;0;0;0;3;2;-5,192827;-37,371124;"SPRF-RN";"DEL04-RN";"UOP02-DEL04-RN"
187124;2019-01-24;"quinta-feira";"09:45:00";"PB";230;17,1;"JOAO PESSOA";"Não guardar distância de segurança";"Engavetamento";"Sem Vítimas";"Pleno dia";"Decrescente";"Céu Claro";"Dupla";"Reta";"Sim";5;0;0;0;4;1;0;5;-7,1121;-34,8426;"SPRF-PB";"DEL01-PB";"UOP01-DEL01-PB"
187125;2019-01-24;"quinta-feira";"10:30:00";"AL";316;195,9;"MARIBONDO";"Falta de Atenção à Condução";"Saída de leito carroçável";"Com Vítimas Feridas";"Pleno dia";"Crescente";"Céu Claro";"Simples";"Reta";"Não";4;0;2;0;0;2;2;3;-9,56876413;-36,35954261;"SPRF-AL";"DEL03-AL";"UOP01-DEL03-AL"
187128;2019-01-24;"quinta-feira";"11:00:00";"RJ";356;66;"ITAPERUNA";"Condutor Dormindo";"Colisão com objeto estático";"Com Vítimas Feridas";"Pleno dia";"Crescente";"Céu Claro";"Simples";"Ponte";"Não";1;0;1;0;0;0;1;1;-21,356379;-41,708946;"SPRF-RJ";"DEL08-RJ";"UOP03-DEL08-RJ"
187130;2019-01-24;"quinta-feira";"12:15:00";"SC";101;133;"BALNEARIO CAMBORIU";"Falta de Atenção à Condução";"Saída de leito carroçável";"Com Vítimas Feridas";"Pleno dia";"Crescente";"Chuva";"Dupla";"Reta";"Sim";2;0;1;0;1;0;1;1;-27,0021;-48,6362;"SPRF-SC";"DEL04-SC";"UOP03-DEL04-SC"
187131;2019-01-24;"quinta-feira";"11:25:00";"ES";101;188;"ARACRUZ";"Falta de Atenção à Condução";"Saída de leito carroçável";"Sem Vítimas";"Pleno dia";"Crescente";"Céu Claro";"Simples";"Curva";"Não";1;0;0;0;1;0;0;1;-19,68220745;-40,27181804;"SPRF-ES";"DEL04-ES";"UOP01-DEL04-ES"
187133;2019-01-24;"quinta-feira";"10:00:00";"SP";116;276,1;"EMBU DAS ARTES";"Defeito Mecânico no Veículo";"Queda de ocupante de veículo";"Com Vítimas Feridas";"Pleno dia";"Crescente";"Chuva";"Dupla";"Reta";"Sim";1;0;1;0;0;0;1;1;-23,64689768;-46,84095562;"SPRF-SP";"DEL04-SP";"UOP01-DEL04-SP"
187136;2019-01-24;"quinta-feira";"12:30:00";"GO";158;257,9;"JATAI";"Velocidade Incompatível";"Saída de leito carroçável";"Com Vítimas Feridas";"Pleno dia";"Crescente";"Nublado";"Simples";"Declive";"Não";1;0;0;1;0;0;1;1;-17,79905284;-51,79337653;"SPRF-GO";"DEL05-GO";"UOP01-DEL05-GO"
187137;2019-01-24;"quinta-feira";"12:45:00";"RS";101;81,4;"OSORIO";"Não guardar distância de segurança";"Colisão traseira";"Com Vítimas Feridas";"Pleno dia";"Crescente";"Chuva";"Dupla";"Curva";"Não";3;0;2;0;1;0;2;2;-29,841;-50,2465;"SPRF-RS";"DEL03-RS";"UOP01-DEL03-RS"
187139;2019-01-24;"quinta-feira";"13:10:00";"RS";116;2;"PORTO ALEGRE";"Falta de Atenção à Condução";"Colisão lateral";"Com Vítimas Feridas";"Pleno dia";"Crescente";"Nublado";"Dupla";"Reta";"Sim";2;0;1;0;0;1;1;2;-29,98553464;-51,18162677;"SPRF-RS";"DEL05-RS";"UOP03-DEL05-RS"
187140;2019-01-08;"terça-feira";"09:00:00";"MG";262;380,7;"JUATUBA";"Velocidade Incompatível";"Saída de leito carroçável";"Sem Vítimas";"Pleno dia";"Crescente";"Sol";"Dupla";"Curva";"Não";1;0;0;0;0;1;0;1;-19,9356;-44,4406;"SPRF-MG";"DEL01-MG";"UOP03-DEL01-MG"
187141;2019-01-24;"quinta-feira";"11:20:00";"SC";280;6,1;"SAO FRANCISCO DO SUL";"Desobediência às normas de trânsito pelo condutor";"Colisão traseira";"Com Vítimas Feridas";"Pleno dia";"Decrescente";"Nublado";"Simples";"Reta";"Sim";2;0;1;0;1;0;1;2;-26,265701;-48,633633;"SPRF-SC";"DEL03-SC";"UOP03-DEL03-SC"
187142;2019-01-24;"quinta-feira";"13:05:00";"SC";101;181;"BIGUACU";"Pista Escorregadia";"Saída de leito carroçável";"Com Vítimas Feridas";"Pleno dia";"Crescente";"Chuva";"Dupla";"Reta";"Não";1;0;1;0;0;0;1;1;-27,3989;-48,63;"SPRF-SC";"DEL01-SC";"UOP01-DEL01-SC"
187145;2019-01-24;"quinta-feira";"13:20:00";"PR";376;175,1;"MARINGA";"Desobediência às normas de trânsito pelo condutor";"Colisão lateral";"Com Vítimas Feridas";"Pleno dia";"Decrescente";"Sol";"Múltipla";"Interseção de Vias";"Sim";2;0;0;1;1;0;1;2;-23,41115363;-51,93992615;"SPRF-PR";"DEL07-PR";"UOP01-DEL09-PR"
187146;2019-01-24;"quinta-feira";"12:20:00";"SC";101;129;"BALNEARIO CAMBORIU";"Falta de Atenção à Condução";"Colisão com objeto estático";"Com Vítimas Feridas";"Pleno dia";"Crescente";"Chuva";"Dupla";"Reta";"Sim";1;0;1;0;0;0;1;1;-26,984;-48,6695;"SPRF-SC";"DEL04-SC";"UOP03-DEL04-SC"
187147;2019-01-24;"quinta-feira";"13:30:00";"SC";101;127;"ITAJAI";"Não guardar distância de segurança";"Colisão lateral";"Com Vítimas Feridas";"Pleno dia";"Crescente";"Nublado";"Dupla";"Reta";"Sim";3;0;1;1;1;0;2;3;-26,973;-48,6828;"SPRF-SC";"DEL04-SC";"UOP04-DEL04-SC"
187148;2019-01-24;"quinta-feira";"12:55:00";"BA";324;610,6;"SIMOES FILHO";"Não guardar distância de segurança";"Colisão traseira";"Com Vítimas Feridas";"Pleno dia";"Decrescente";"Céu Claro";"Dupla";"Reta";"Não";1;0;1;0;0;0;1;1;-12,844195;-38,416352;"SPRF-BA";"DEL01-BA";"UOP01-DEL01-BA"
187149;2019-01-12;"sábado";"21:25:00";"MA";316;612,8;"TIMON";"Falta de Atenção à Condução";"Colisão traseira";"Com Vítimas Feridas";"Plena Noite";"Crescente";"Nublado";"Simples";"Declive";"Não";2;0;0;1;1;0;1;2;-5,075141;-42,859455;"SPRF-MA";"DEL03-MA";"UOP02-DEL03-MA"
187150;2019-01-24;"quinta-feira";"13:00:00";"MG";365;581;"INDIANOPOLIS";"Falta de Atenção à Condução";"Colisão transversal";"Com Vítimas Feridas";"Pleno dia";"Decrescente";"Sol";"Simples";"Reta";"Não";2;0;0;1;1;0;1;2;-18,87713;-47,94545;"SPRF-MG";"DEL15-MG";"UOP02-DEL15-MG"
187152;2019-01-24;"quinta-feira";"13:30:00";"SP";116;148;"SAO JOSE DOS CAMPOS";"Falta de Atenção à Condução";"Colisão traseira";"Com Vítimas Feridas";"Pleno dia";"Decrescente";"Céu Claro";"Simples";"Reta";"Sim";4;0;1;0;2;1;1;3;-23,200743;-45,879574;"SPRF-SP";"DEL02-SP";"UOP01-DEL02-SP"
187153;2019-01-24;"quinta-feira";"14:00:00";"SC";282;52,5;"RANCHO QUEIMADO";"Pista Escorregadia";"Colisão transversal";"Com Vítimas Feridas";"Pleno dia";"Decrescente";"Chuva";"Simples";"Curva";"Não";4;0;3;0;1;0;3;2;-27,696936;-48,964138;"SPRF-SC";"DEL01-SC";"UOP03-DEL01-SC"
187154;2019-01-24;"quinta-feira";"12:30:00";"PI";135;553;"SAO GONCALO DO GURGUEIA";"Defeito na Via";"Saída de leito carroçável";"Com Vítimas Feridas";"Pleno dia";"Decrescente";"Chuva";"Simples";"Curva";"Não";3;0;1;0;2;0;1;1;-10,126957;-45,223969;"SPRF-PI";"DEL03-PI";"UOP02-DEL03-PI"
187159;2019-01-24;"quinta-feira";"11:30:00";"RO";364;339,2;"JI-PARANA";"Falta de Atenção à Condução";"Colisão traseira";"Com Vítimas Feridas";"Pleno dia";"Decrescente";"Céu Claro";"Simples";"Reta";"Sim";2;0;1;0;1;0;1;2;-10,916935;-61,929855;"SPRF-RO";"DEL02-RO";"UOP01-DEL02-RO"
187160;2019-01-24;"quinta-feira";"14:30:00";"ES";101;288;"CARIACICA";"Defeito Mecânico no Veículo";"Incêndio";"Sem Vítimas";"Pleno dia";"Crescente";"Céu Claro";"Dupla";"Reta";"Sim";1;0;0;0;1;0;0;1;-20,27490953;-40,3923763;"SPRF-ES";"DEL01-ES";"UOP01-DEL01-ES"
187161;2019-01-24;"quinta-feira";"15:10:00";"RS";287;249,1;"SANTA MARIA";"Falta de Atenção à Condução";"Colisão frontal";"Com Vítimas Feridas";"Pleno dia";"Crescente";"Céu Claro";"Simples";"Reta";"Sim";4;0;2;0;2;0;2;2;-29,69502425;-53,8575983;"SPRF-RS";"DEL09-RS";"UOP01-DEL09-RS"
187162;2019-01-24;"quinta-feira";"13:30:00";"PR";376;628,5;"SAO JOSE DOS PINHAIS";"Falta de Atenção à Condução";"Saída de leito carroçável";"Com Vítimas Feridas";"Pleno dia";"Decrescente";"Céu Claro";"Dupla";"Reta;Aclive";"Não";1;0;0;1;0;0;1;1;-25,7237895;-49,13577318;"SPRF-PR";"DEL01-PR";"DEL7/1-UOP08/PR"
187164;2019-01-24;"quinta-feira";"14:45:00";"MG";116;417,1;"GOVERNADOR VALADARES";"Falta de Atenção à Condução";"Colisão transversal";"Com Vítimas Feridas";"Pleno dia";"Crescente";"Céu Claro";"Simples";"Reta";"Sim";2;0;1;0;1;0;1;2;-18,89778612;-41,94692915;"SPRF-MG";"DEL06-MG";"UOP01-DEL06-MG"
187165;2019-01-24;"quinta-feira";"10:30:00";"BA";324;463;"CANDEAL";"Avarias e/ou desgaste excessivo no pneu";"Capotamento";"Com Vítimas Feridas";"Pleno dia";"Decrescente";"Céu Claro";"Simples";"Curva";"Não";1;0;1;0;0;0;1;1;-11,9408606;-39,2138239;"SPRF-BA";"DEL02-BA";"UOP01-DEL02-BA"
187167;2019-01-24;"quinta-feira";"14:35:00";"MS";60;370,4;"CAMPO GRANDE";"Falta de Atenção à Condução";"Colisão frontal";"Com Vítimas Feridas";"Pleno dia";"Decrescente";"Nublado";"Simples";"Reta";"Não";8;0;1;1;5;1;2;4;-20,56778;-54,68785;"SPRF-MS";"DEL01-MS";"UOP03-DEL01-MS"
187168;2019-01-24;"quinta-feira";"14:26:00";"GO";153;542;"HIDROLANDIA";"Ingestão de Álcool";"Saída de leito carroçável";"Com Vítimas Feridas";"Pleno dia";"Decrescente";"Céu Claro";"Dupla";"Reta";"Não";1;0;1;0;0;0;1;1;-17,0727;-49,2238;"SPRF-GO";"DEL01-GO";"UOP03-DEL01-GO"
187169;2019-01-24;"quinta-feira";"14:45:00";"GO";153;508;"APARECIDA DE GOIANIA";"Defeito Mecânico no Veículo";"Tombamento";"Com Vítimas Feridas";"Pleno dia";"Crescente";"Céu Claro";"Dupla";"Reta";"Sim";1;0;1;0;0;0;1;1;-16,7804;-49,2371;"SPRF-GO";"DEL01-GO";"UOP03-DEL01-GO"
187171;2019-01-24;"quinta-feira";"15:15:00";"RJ";101;328;"RIO DE JANEIRO";"Não guardar distância de segurança";"Colisão traseira";"Com Vítimas Feridas";"Pleno dia";"Decrescente";"Sol";"Dupla";"Reta";"Não";2;0;1;0;1;0;1;2;-22,870275;-43,165936;"SPRF-RJ";"DEL02-RJ";"UOP02-DEL02-RJ"
187172;2019-01-24;"quinta-feira";"15:40:00";"MG";381;482,5;"BETIM";"Falta de Atenção à Condução";"Tombamento";"Com Vítimas Feridas";"Pleno dia";"Decrescente";"Sol";"Dupla";"Reta";"Não";1;0;0;1;0;0;1;1;-19,9578;-44,0795;"SPRF-MG";"DEL01-MG";"UOP03-DEL01-MG"
187173;2019-01-04;"sexta-feira";"11:00:00";"BA";101;13;"RIO REAL";"Falta de Atenção à Condução";"Capotamento";"Com Vítimas Feridas";"Pleno dia";"Crescente";"Céu Claro";"Dupla";"Reta";"Não";2;0;1;1;0;0;2;1;-11,5894;-37,8764;"SPRF-SE";"DEL02-SE";"UOP03-DEL02-SE"
187174;2019-01-24;"quinta-feira";"14:30:00";"BA";324;478;"TANQUINHO";"Avarias e/ou desgaste excessivo no pneu";"Saída de leito carroçável";"Com Vítimas Feridas";"Pleno dia";"Crescente";"Chuva";"Simples";"Curva";"Não";1;0;1;0;0;0;1;1;-11,9839159;-39,0847264;"SPRF-BA";"DEL02-BA";"UOP01-DEL02-BA"
187179;2019-01-24;"quinta-feira";"16:32:00";"PR";277;98;"CURITIBA";"Falta de Atenção à Condução";"Colisão traseira";"Com Vítimas Feridas";"Pleno dia";"Crescente";"Chuva";"Dupla";"Reta";"Sim";3;0;1;0;2;0;1;2;-25,43242327;-49,40002441;"SPRF-PR";"DEL01-PR";"UOP06-DEL01-PR"
187181;2019-01-24;"quinta-feira";"15:30:00";"PA";155;335;"MARABA";"Falta de Atenção à Condução";"Colisão traseira";"Sem Vítimas";"Pleno dia";"Decrescente";"Céu Claro";"Simples";"Reta";"Não";4;0;0;0;4;0;0;2;-5,441071;-49,076;"SPRF-PA";"DEL03-PA";"UOP01-DEL03-PA"
187182;2019-01-17;"quinta-feira";"08:30:00";"PA";308;151;"CAPANEMA";"Falta de Atenção à Condução";"Colisão transversal";"Com Vítimas Feridas";"Pleno dia";"Decrescente";"Sol";"Simples";"Reta";"Sim";3;0;1;0;2;0;1;2;-1,21064;-47,182743;"SPRF-PA";"DEL01-PA";"UOP03-DEL01-PA"
187185;2019-01-24;"quinta-feira";"17:10:00";"PR";369;202,1;"APUCARANA";"Não guardar distância de segurança";"Colisão traseira";"Com Vítimas Feridas";"Pleno dia";"Crescente";"Céu Claro";"Simples";"Reta";"Sim";2;0;1;0;1;0;1;2;-23,543587;-51,454573;"SPRF-PR";"DEL07-PR";"UOP03-DEL07-PR"
187187;2019-01-24;"quinta-feira";"17:00:00";"ES";101;220;"IBIRACU";"Falta de Atenção à Condução";"Queda de ocupante de veículo";"Com Vítimas Feridas";"Pleno dia";"Crescente";"Sol";"Dupla";"Reta";"Não";1;0;1;0;0;0;1;1;-19,84050317;-40,38474441;"SPRF-ES";"DEL02-ES";"UOP01-DEL02-ES"
187193;2019-01-24;"quinta-feira";"17:40:00";"RS";116;233,7;"NOVO HAMBURGO";"Desobediência às normas de trânsito pelo condutor";"Colisão transversal";"Com Vítimas Feridas";"Pleno dia";"Crescente";"Céu Claro";"Simples";"Reta";"Sim";2;0;1;0;1;0;1;2;-29,641546;-51,14259;"SPRF-RS";"DEL01-RS";"UOP02-DEL01-RS"
187195;2019-01-24;"quinta-feira";"17:20:00";"CE";116;3;"FORTALEZA";"Falta de Atenção à Condução";"Queda de ocupante de veículo";"Com Vítimas Feridas";"Pleno dia";"Decrescente";"Céu Claro";"Dupla";"Reta";"Sim";2;0;1;0;1;0;1;2;-3,7874;-38,5109;"SPRF-CE";"DEL01-CE";"UOP02-DEL01-CE"
187197;2019-01-24;"quinta-feira";"17:20:00";"MS";163;476,2;"CAMPO GRANDE";"Falta de Atenção à Condução";"Colisão traseira";"Com Vítimas Feridas";"Pleno dia";"Decrescente";"Nublado";"Simples";"Reta";"Sim";2;0;1;0;1;0;1;2;-20,5113288;-54,5599341;"SPRF-MS";"DEL01-MS";"UOP01-DEL01-MS"
187203;2019-01-24;"quinta-feira";"17:20:00";"CE";20;405;"CAUCAIA";"Falta de Atenção à Condução";"Queda de ocupante de veículo";"Com Vítimas Feridas";"Pleno dia";"Decrescente";"Céu Claro";"Dupla";"Reta";"Não";1;0;0;1;0;0;1;1;-3,76999;-38,670063;"SPRF-CE";"DEL01-CE";"UOP01-DEL01-CE"
187204;2019-01-24;"quinta-feira";"17:50:00";"PR";277;721,5;"FOZ DO IGUACU";"Falta de Atenção à Condução";"Colisão transversal";"Com Vítimas Feridas";"Pleno dia";"Decrescente";"Céu Claro";"Dupla";"Reta";"Sim";2;0;1;0;1;0;1;2;-25,49332434;-54,5168246;"SPRF-PR";"DEL05-PR";"UOP01-DEL05-PR"