"id";"data_inversa";"dia_semana";"horario";"uf";"br";"km";"municipio";"causa_acidente";"tipo_acidente";"classificacao_acidente";"fase_dia";"sentido_via";"condicao_metereologica";"tipo_pista";"tracado_via";"uso_solo";"pessoas";"mortos";"feridos_leves";"feridos_graves";"ilesos";"ignorados";"feridos";"veiculos";"latitude";"longitude";"regional";"delegacia";"uop"
187464;2019-01-25;"sexta-feira";"23:15:00";"SC";282;216,6;"LAGES";"Desobediência às normas de trânsito pelo condutor";"Colisão lateral";"Com Vítimas Feridas";"Plena Noite";"Crescente";"Céu Claro";"Simples";"Curva";"Sim";4;0;2;0;2;0;2;2;-27,797529;-50,291862;"SPRF-SC";"DEL05-SC";"UOP01-DEL05-SC"
187468;2019-01-25;"sexta-feira";"22:40:00";"SE";235;6;"NOSSA SENHORA DO SOCORRO";"Falta de Atenção à Condução";"Tombamento";"Com Vítimas Feridas";"Plena Noite";"Crescente";"Céu Claro";"Dupla";"Reta";"Sim";1;0;1;0;0;0;1;1;-10,903851;-37,128677;"SPRF-SE";"DEL01-SE";"UOP01-DEL01-SE"
187472;2019-01-25;"sexta-feira";"23:30:00";"MG";381;587,2;"CARMOPOLIS DE MINAS";"Falta de Atenção à Condução";"Saída de leito carroçável";"Com Vítimas Feridas";"Plena Noite";"Crescente";"Céu Claro";"Dupla";"Aclive;Reta";"Não";2;0;1;0;1;0;1;1;-20,5331;-44,639;"SPRF-MG";"DEL04-MG";"UOP01-DEL04-MG"
187474;2019-01-25;"sexta-feira";"19:45:00";"MG";262;36,1;"MANHUACU";"Falta de Atenção do Pedestre";"Atropelamento de Pedestre";"Com Vítimas Feridas";"Plena Noite";"Crescente";"Céu Claro";"Simples";"Curva";"Não";4;0;2;0;1;1;2;2;-20,259321;-42,022984;"SPRF-MG";"DEL06-MG";"UOP03-DEL06-MG"
187476;2019-01-25;"sexta-feira";"23:50:00";"PE";232;128;"CARUARU";"Animais na Pista";"Atropelamento de Animal";"Com Vítimas Fatais";"Plena Noite";"Crescente";"Céu Claro";"Dupla";"Reta";"Sim";1;1;0;0;0;0;0;1;-8,301935;-35,980919;"SPRF-PE";"DEL02-PE";"UOP03-DEL02-PE"
187477;2019-01-26;"sábado";"00:25:00";"SC";282;21,2;"PALHOCA";"Ingestão de álcool e/ou substâncias psicoativas pelo pedestre";"Colisão com objeto estático";"Com Vítimas Feridas";"Plena Noite";"Crescente";"Nublado";"Simples";"Reta";"Sim";4;0;4;0;0;0;4;1;-27,68907;-48,717541;"SPRF-SC";"DEL01-SC";"UOP02-DEL01-SC"
187478;2019-01-25;"sexta-feira";"11:15:00";"MG";381;849,9;"POUSO ALEGRE";"Falta de Atenção à Condução";"Colisão traseira";"Com Vítimas Feridas";"Pleno dia";"Decrescente";"Nublado";"Dupla";"Reta";"Não";3;0;3;0;0;0;3;2;-22,23851316;-45,88011324;"SPRF-MG";"DEL16-MG";"UOP01-DEL16-MG"
187480;2019-01-26;"sábado";"00:20:00";"RN";304;129,8;"ITAJA";"Animais na Pista";"Atropelamento de Animal";"Com Vítimas Feridas";"Plena Noite";"Decrescente";"Céu Claro";"Simples";"Reta";"Não";2;0;1;1;0;0;2;1;-5,658596;-36,76851;"SPRF-RN";"DEL04-RN";"UOP01-DEL04-RN"
187482;2019-01-26;"sábado";"00:05:00";"RS";285;207;"LAGOA VERMELHA";"Ingestão de álcool e/ou substâncias psicoativas pelo pedestre";"Colisão lateral";"Sem Vítimas";"Plena Noite";"Crescente";"Céu Claro";"Simples";"Reta";"Não";2;0;0;0;1;1;0;2;-28,22011;-51,588711;"SPRF-RS";"DEL08-RS";"UOP05-DEL08-RS"
187483;2019-01-25;"sexta-feira";"23:00:00";"MG";262;562;"CORREGO DANTA";"Ingestão de álcool e/ou substâncias psicoativas pelo pedestre";"Atropelamento de Pedestre";"Com Vítimas Feridas";"Plena Noite";"Crescente";"Céu Claro";"Simples";"Reta";"Não";2;0;1;0;0;1;1;2;-19,737259;-46,013737;"SPRF-MG";"DEL08-MG";"UOP02-DEL08-MG"
187484;2019-01-26;"sábado";"00:30:00";"PA";163;1005;"SANTAREM";"Avarias e/ou desgaste excessivo no pneu";"Tombamento";"Com Vítimas Feridas";"Plena Noite";"Decrescente";"Nublado";"Dupla";"Interseção de Vias";"Sim";2;0;2;0;0;0;2;1;-2,42465326;-54,73577684;"SPRF-PA";"DEL05-PA";"UOP01-DEL05-PA"
187485;2019-01-25;"sexta-feira";"16:30:00";"MG";381;876,6;"ESTIVA";"Velocidade Incompatível";"Saída de leito carroçável";"Com Vítimas Fatais";"Pleno dia";"Crescente";"Chuva";"Dupla";"Curva;Aclive";"Não";8;1;4;2;1;0;6;3;-22,4407;-45,9871;"SPRF-MG";"DEL16-MG";"UOP01-DEL16-MG"
187486;2019-01-25;"sexta-feira";"23:30:00";"RO";364;19,9;"VILHENA";"Desobediência às normas de trânsito pelo condutor";"Colisão lateral";"Com Vítimas Feridas";"Plena Noite";"Crescente";"Céu Claro";"Simples";"Reta";"Não";3;0;0;1;0;2;1;3;-12,727398;-60,183716;"SPRF-RO";"DEL04-RO";"UOP01-DEL04-RO"
187488;2019-01-26;"sábado";"00:20:00";"SC";282;539,5;"CHAPECO";"Ingestão de Álcool";"Saída de leito carroçável";"Sem Vítimas";"Plena Noite";"Decrescente";"Céu Claro";"Simples";"Curva";"Não";1;0;0;0;1;0;0;1;-26,993254;-52,681767;"SPRF-SC";"DEL07-SC";"UOP01-DEL07-SC"
187491;2019-01-26;"sábado";"02:50:00";"SP";153;126,8;"UBARANA";"Falta de Atenção à Condução";"Capotamento";"Com Vítimas Feridas";"Plena Noite";"Decrescente";"Nublado";"Simples";"Reta";"Não";6;0;3;1;2;0;4;1;-21,219351;-49,739624;"SPRF-SP";"DEL09-SP";"UOP01-DEL09-SP"
187492;2019-01-26;"sábado";"02:45:00";"SC";280;69;"JARAGUA DO SUL";"Ingestão de Álcool";"Colisão frontal";"Com Vítimas Feridas";"Plena Noite";"Decrescente";"Nublado";"Simples";"Reta";"Sim";3;0;1;0;2;0;1;2;-26,468018;-49,118355;"SPRF-SC";"DEL03-SC";"UOP03-DEL03-SC"
187494;2019-01-26;"sábado";"04:10:00";"RN";101;68,4;"EXTREMOZ";"Ingestão de Álcool";"Colisão frontal";"Com Vítimas Feridas";"Amanhecer";"Crescente";"Chuva";"Simples";"Reta";"Não";5;0;1;2;2;0;3;2;-5,666287;-35,253036;"SPRF-RN";"DEL02-RN";"UOP01-DEL02-RN"
187495;2019-01-09;"quarta-feira";"10:40:00";"PB";230;17;"JOAO PESSOA";"Não guardar distância de segurança";"Colisão traseira";"Sem Vítimas";"Pleno dia";"Decrescente";"Céu Claro";"Dupla";"Reta";"Sim";3;0;0;0;3;0;0;3;-7,1121;-34,8426;"SPRF-PB";"DEL01-PB";"UOP01-DEL01-PB"
187496;2019-01-26;"sábado";"04:30:00";"MG";381;261;"CORONEL FABRICIANO";"Animais na Pista";"Atropelamento de Animal";"Com Vítimas Feridas";"Plena Noite";"Decrescente";"Céu Claro";"Simples";"Curva";"Não";1;0;0;1;0;0;1;1;-19,53050978;-42,58103371;"SPRF-MG";"DEL03-MG";"UOP02-DEL03-MG"
187497;2019-01-26;"sábado";"04:15:00";"MS";163;256,5;"DOURADOS";"Defeito Mecânico no Veículo";"Tombamento";"Com Vítimas Feridas";"Plena Noite";"Crescente";"Céu Claro";"Dupla";"Reta";"Não";1;0;0;1;0;0;1;1;-22,25907769;-54,79801439;"SPRF-MS";"DEL04-MS";"UOP01-DEL04-MS"
187498;2019-01-26;"sábado";"05:30:00";"PR";277;72;"SAO JOSE DOS PINHAIS";"Condutor Dormindo";"Saída de leito carroçável";"Sem Vítimas";"Plena Noite";"Decrescente";"Nublado";"Dupla";"Reta";"Não";1;0;0;0;1;0;0;1;-25,50828463;-49,13558006;"SPRF-PR";"DEL01-PR";"UOP01-DEL01-PR"
187500;2019-01-26;"sábado";"04:50:00";"PB";230;66;"SAO MIGUEL DE TAIPU";"Animais na Pista";"Atropelamento de Animal";"Com Vítimas Feridas";"Plena Noite";"Crescente";"Céu Claro";"Dupla";"Reta";"Não";2;0;1;1;0;0;2;1;-7,1874;-35,1889;"SPRF-PB";"DEL01-PB";"UOP03-DEL01-PB"
187501;2019-01-26;"sábado";"04:30:00";"MG";365;629,7;"UBERLANDIA";"Ingestão de Álcool";"Saída de leito carroçável";"Sem Vítimas";"Amanhecer";"Crescente";"Chuva";"Dupla";"Reta";"Sim";1;0;0;0;1;0;0;1;-18,9054;-48,3233;"SPRF-MG";"DEL15-MG";"UOP01-DEL15-MG"
187502;2019-01-26;"sábado";"06:20:00";"MG";116;296;"TEOFILO OTONI";"Animais na Pista";"Atropelamento de Animal";"Com Vítimas Feridas";"Pleno dia";"Decrescente";"Céu Claro";"Simples";"Reta";"Não";2;0;2;0;0;0;2;1;-17,99100923;-41,56445503;"SPRF-MG";"DEL11-MG";"UOP01-DEL11-MG"
187503;2019-01-26;"sábado";"05:05:00";"PB";101;105,7;"ALHANDRA";"Velocidade Incompatível";"Saída de leito carroçável";"Com Vítimas Feridas";"Pleno dia";"Crescente";"Chuva";"Dupla";"Curva";"Não";1;0;1;0;0;0;1;1;-7,3262;-34,947;"SPRF-PB";"DEL01-PB";"UOP01-DEL01-PB"
187504;2019-01-26;"sábado";"04:00:00";"PE";232;77;"GRAVATA";"Falta de Atenção à Condução";"Colisão traseira";"Com Vítimas Feridas";"Plena Noite";"Crescente";"Nublado";"Dupla";"Reta";"Sim";5;0;3;0;2;0;3;2;-8,193439;-35,543007;"SPRF-PE";"DEL01-PE";"UOP02-DEL02PE"
187505;2019-01-26;"sábado";"04:20:00";"MG";381;380;"BARAO DE COCAIS";"Falta de Atenção à Condução";"Colisão frontal";"Com Vítimas Feridas";"Amanhecer";"Decrescente";"Céu Claro";"Simples";"Curva";"Não";2;0;1;0;1;0;1;2;-19,7975967;-43,42455318;"SPRF-MG";"DEL01-MG";"UOP01-DEL01-MG"
187507;2019-01-26;"sábado";"06:50:00";"RS";116;244,6;"SAO LEOPOLDO";"Não guardar distância de segurança";"Colisão traseira";"Sem Vítimas";"Pleno dia";"Crescente";"Sol";"Dupla";"Reta";"Não";2;0;0;0;2;0;0;2;-29,740892;-51,150398;"SPRF-RS";"DEL01-RS";"UOP02-DEL01-RS"
187509;2019-01-26;"sábado";"06:30:00";"SC";101;384,3;"ICARA";"Falta de Atenção à Condução";"Saída de leito carroçável";"Com Vítimas Feridas";"Amanhecer";"Decrescente";"Céu Claro";"Dupla";"Reta";"Não";1;0;1;0;0;0;1;1;-28,778;-49,323;"SPRF-SC";"DEL02-SC";"UOP02-DEL02-SC"
187510;2019-01-26;"sábado";"07:10:00";"MG";381;352;"JOAO MONLEVADE";"Velocidade Incompatível";"Colisão frontal";"Com Vítimas Feridas";"Pleno dia";"Crescente";"Céu Claro";"Simples";"Curva";"Não";5;0;2;0;3;0;2;4;-19,85558492;-43,12742651;"SPRF-MG";"DEL03-MG";"UOP01-DEL03-MG"
187511;2019-01-26;"sábado";"05:50:00";"SC";282;5;"SAO JOSE";"Falta de Atenção à Condução";"Colisão traseira";"Sem Vítimas";"Plena Noite";"Decrescente";"Céu Claro";"Múltipla";"Reta";"Sim";1;0;0;0;0;1;0;1;-27,588425;-48,612919;"SPRF-SC";"DEL01-SC";"UOP01-DEL01-SC"
187512;2019-01-26;"sábado";"06:59:00";"PR";369;126,6;"JATAIZINHO";"Desobediência às normas de trânsito pelo condutor";"Colisão traseira";"Com Vítimas Feridas";"Pleno dia";"Decrescente";"Nublado";"Dupla";"Reta";"Sim";6;0;6;0;0;0;6;2;-23,2790932;-50,96003473;"SPRF-PR";"DEL07-PR";"UOP01-DEL07-PR"
187513;2019-01-11;"sexta-feira";"03:30:00";"PR";277;165;"PALMEIRA";"Falta de Atenção à Condução";"Saída de leito carroçável";"Com Vítimas Feridas";"Plena Noite";"Decrescente";"Céu Claro";"Simples";"Reta";"Não";4;0;1;0;3;0;1;1;-25,44248254;-49,96747074;"SPRF-PR";"DEL01-PR";"UOP06-DEL01-PR"
187514;2019-01-25;"sexta-feira";"19:30:00";"RS";101;33;"TRES CACHOEIRAS";"Falta de Atenção à Condução";"Saída de leito carroçável";"Com Vítimas Feridas";"Anoitecer";"Decrescente";"Céu Claro";"Dupla";"Reta";"Não";1;0;1;0;0;0;1;1;-29,50575577;-49,98277187;"SPRF-RS";"DEL03-RS";"DEL9/3-UOP03/RS"
187515;2019-01-26;"sábado";"07:30:00";"PR";476;127,3;"CURITIBA";"Defeito Mecânico no Veículo";"Incêndio";"Sem Vítimas";"Pleno dia";"Decrescente";"Céu Claro";"Dupla";"Curva";"Sim";1;0;0;0;1;0;0;1;-25,42792304;-49,22813958;"SPRF-PR";"DEL01-PR";"UOP07-DEL01-PR"
187517;2019-01-26;"sábado";"07:00:00";"PI";343;329;"TERESINA";"Falta de Atenção à Condução";"Queda de ocupante de veículo";"Com Vítimas Feridas";"Pleno dia";"Crescente";"Céu Claro";"Simples";"Reta";"Não";1;0;0;1;0;0;1;1;-5,064808;-42,641769;"SPRF-PI";"DEL01-PI";"UOP01-DEL01-PI"
187518;2019-01-26;"sábado";"05:00:00";"PR";376;490,3;"PONTA GROSSA";"Falta de Atenção à Condução";"Saída de leito carroçável";"Sem Vítimas";"Plena Noite";"Decrescente";"Céu Claro";"Dupla";"Reta";"Sim";1;0;0;0;0;1;0;1;-25,10700687;-50,19297123;"SPRF-PR";"DEL03-PR";"UOP04-DEL03-PR"
187522;2019-01-26;"sábado";"08:15:00";"RS";386;394;"TRIUNFO";"Falta de Atenção à Condução";"Colisão lateral";"Com Vítimas Feridas";"Pleno dia";"Crescente";"Céu Claro";"Dupla";"Reta";"Não";2;0;1;0;1;0;1;2;-29,718338;-51,642879;"SPRF-RS";"DEL04-RS";"UOP02-DEL04-RS"
187523;2019-01-26;"sábado";"09:00:00";"PR";476;356;"UNIAO DA VITORIA";"Falta de Atenção à Condução";"Colisão transversal";"Com Vítimas Feridas";"Pleno dia";"Crescente";"Céu Claro";"Simples";"Interseção de Vias";"Sim";2;0;1;0;1;0;1;2;-26,1970331;-51,04213715;"SPRF-PR";"DEL02-PR";"UOP03-DEL02-PR"
187525;2019-01-26;"sábado";"08:20:00";"PE";101;41,6;"IGARASSU";"Falta de Atenção à Condução";"Colisão transversal";"Com Vítimas Feridas";"Pleno dia";"Decrescente";"Sol";"Dupla";"Interseção de Vias;Aclive;Retorno Regulamentado";"Sim";3;0;1;0;2;0;1;2;-7,837;-34,9124;"SPRF-PE";"DEL01-PE";"UOP02-DEL01-PE"
187526;2019-01-26;"sábado";"08:20:00";"MG";381;704,5;"LAVRAS";"Pista Escorregadia";"Colisão com objeto estático";"Com Vítimas Feridas";"Pleno dia";"Crescente";"Chuva";"Dupla";"Curva";"Não";1;0;1;0;0;0;1;1;-21,3156;-45,1672;"SPRF-MG";"DEL04-MG";"UOP02-DEL04-MG"
187527;2019-01-26;"sábado";"08:30:00";"RN";101;135;"SAO JOSE DE MIPIBU";"Falta de Atenção à Condução";"Colisão traseira";"Com Vítimas Feridas";"Pleno dia";"Decrescente";"Céu Claro";"Dupla";"Curva";"Não";2;0;1;0;1;0;1;2;-6,164453;-35,224861;"SPRF-RN";"DEL01-RN";"UOP01-DEL01-RN"
187528;2019-01-26;"sábado";"09:15:00";"PR";277;730;"FOZ DO IGUACU";"Falta de Atenção à Condução";"Colisão lateral";"Com Vítimas Feridas";"Pleno dia";"Crescente";"Céu Claro";"Dupla";"Reta";"Sim";3;0;1;0;2;0;1;2;-25,507555;-54,583755;"SPRF-PR";"DEL05-PR";"UOP03-DEL05-PR"
187529;2019-01-14;"segunda-feira";"17:10:00";"SP";116;307;"SAO LOURENCO DA SERRA";"Velocidade Incompatível";"Capotamento";"Com Vítimas Feridas";"Pleno dia";"Decrescente";"Chuva";"Dupla";"Curva";"Não";1;0;1;0;0;0;1;1;-23,85879418;-46,94482488;"SPRF-SP";"DEL04-SP";"UOP01-DEL04-SP"
187531;2019-01-19;"sábado";"04:50:00";"MS";463;91,8;"PONTA PORA";"Falta de Atenção do Pedestre";"Atropelamento de Pedestre";"Com Vítimas Feridas";"Plena Noite";"Decrescente";"Nublado";"Simples";"Curva";"Não";3;0;0;1;2;0;1;2;-22,5977;-55,538887;"SPRF-MS";"DEL04-MS";"UOP03-DEL04-MS"
187536;2019-01-26;"sábado";"10:00:00";"RJ";101;63;"CAMPOS DOS GOYTACAZES";"Desobediência às normas de trânsito pelo condutor";"Colisão transversal";"Com Vítimas Feridas";"Pleno dia";"Decrescente";"Céu Claro";"Simples";"Reta";"Sim";4;0;0;1;3;0;1;2;-21,742022;-41,330212;"SPRF-RJ";"DEL08-RJ";"UOP01-DEL08-RJ"
187537;2019-01-26;"sábado";"10:20:00";"MG";381;519,5;"IGARAPE";"Velocidade Incompatível";"Colisão com objeto estático";"Com Vítimas Feridas";"Pleno dia";"Decrescente";"Céu Claro";"Dupla";"Curva;Declive";"Não";1;0;1;0;0;0;1;1;-20,1127;-44,3091;"SPRF-MG";"DEL01-MG";"UOP03-DEL01-MG"
187539;2019-01-26;"sábado";"09:50:00";"BA";116;485,6;"RAFAEL JAMBEIRO";"Falta de Atenção à Condução";"Colisão transversal";"Com Vítimas Feridas";"Pleno dia";"Decrescente";"Céu Claro";"Dupla";"Reta";"Não";2;0;1;1;0;0;2;2;-12,54725376;-39,44591761;"SPRF-BA";"DEL02-BA";"UOP01-DEL02-BA"
187540;2019-01-26;"sábado";"09:50:00";"SC";163;103,7;"SAO JOSE DO CEDRO";"Falta de Atenção à Condução";"Tombamento";"Com Vítimas Feridas";"Pleno dia";"Crescente";"Céu Claro";"Dupla";"Curva";"Não";1;0;1;0;0;0;1;1;-26,462091;-53,507706;"SPRF-SC";"DEL07-SC";"UOP03-DEL07-SC"
187541;2019-01-26;"sábado";"11:35:00";"SP";116;157;"SAO JOSE DOS CAMPOS";"Falta de Atenção à Condução";"Queda de ocupante de veículo";"Com Vítimas Feridas";"Pleno dia";"Crescente";"Céu Claro";"Múltipla";"Reta";"Não";1;0;1;0;0;0;1;1;-23,253749;-45,941613;"SPRF-SP";"DEL02-SP";"UOP01-DEL02-SP"
187542;2019-01-26;"sábado";"11:12:00";"PR";277;17;"PARANAGUA";"Avarias e/ou desgaste excessivo no pneu";"Saída de leito carroçável";"Com Vítimas Feridas";"Pleno dia";"Decrescente";"Sol";"Dupla";"Curva";"Não";4;0;4;0;0;0;4;1;-25,5435663;-48,6824969;"SPRF-PR";"DEL01-PR";"UOP05-DEL01-PR"
187543;2019-01-26;"sábado";"10:45:00";"PI";316;309;"PICOS";"Ingestão de Álcool";"Colisão traseira";"Com Vítimas Feridas";"Pleno dia";"Decrescente";"Sol";"Simples";"Rotatória";"Sim";2;0;1;0;1;0;1;2;-7,07561578;-41,46709237;"SPRF-PI";"DEL04-PI";"UOP01-DEL04-PI"
187545;2019-01-26;"sábado";"05:30:00";"RS";285;311,2;"PASSO FUNDO";"Velocidade Incompatível";"Saída de leito carroçável";"Com Vítimas Fatais";"Amanhecer";"Crescente";"Céu Claro";"Simples";"Reta";"Não";1;1;0;0;0;0;0;1;-28,240654;-52,54298;"SPRF-RS";"DEL08-RS";"UOP03-DEL08-RS"
187547;2019-01-26;"sábado";"11:05:00";"PE";101;69;"RECIFE";"Pista Escorregadia";"Saída de leito carroçável";"Com Vítimas Feridas";"Pleno dia";"Crescente";"Nublado";"Múltipla";"Em Obras";"Sim";2;0;2;0;0;0;2;1;-8,05992592;-34,94566625;"SPRF-PE";"DEL01-PE";"UOP01-DEL01-PE"
187549;2019-01-26;"sábado";"12:15:00";"MG";262;437,4;"NOVA SERRANA";"Desobediência às normas de trânsito pelo condutor";"Colisão transversal";"Com Vítimas Fatais";"Pleno dia";"Decrescente";"Céu Claro";"Dupla";"Reta";"Não";2;1;0;0;1;0;0;2;-19,896221;-44,869728;"SPRF-MG";"DEL08-MG";"UOP03-DEL08-MG"
187550;2019-01-26;"sábado";"12:45:00";"RJ";101;207;"CASIMIRO DE ABREU";"Falta de Atenção à Condução";"Colisão traseira";"Sem Vítimas";"Pleno dia";"Decrescente";"Céu Claro";"Simples";"Reta";"Sim";2;0;0;0;2;0;0;2;-22,477646;-42,211269;"SPRF-RJ";"DEL02-RJ";"UOP04-DEL08-RJ"
187551;2019-01-26;"sábado";"12:50:00";"GO";60;20;"ALEXANIA";"Defeito Mecânico no Veículo";"Incêndio";"Sem Vítimas";"Pleno dia";"Crescente";"Chuva";"Dupla";"Aclive";"Sim";2;0;0;0;2;0;0;1;-16,0963;-48,5202;"SPRF-DF";"DEL01-DF";"UOP01-DEL03-DF"
187553;2019-01-26;"sábado";"12:05:00";"MT";163;1010;"TERRA NOVA DO NORTE";"Falta de Atenção à Condução";"Colisão lateral";"Com Vítimas Feridas";"Pleno dia";"Crescente";"Céu Claro";"Simples";"Aclive";"Não";7;0;2;5;0;0;7;2;-10,27059123;-55,00926107;"SPRF-MT";"DEL06-MT";"UOP02-DEL06-MT"
187554;2019-01-26;"sábado";"11:05:00";"PR";376;182;"MARINGA";"Desobediência às normas de trânsito pelo condutor";"Colisão transversal";"Com Vítimas Feridas";"Pleno dia";"Decrescente";"Nublado";"Dupla";"Rotatória";"Sim";2;0;1;0;1;0;1;2;-23,43684;-51,878807;"SPRF-PR";"DEL07-PR";"UOP01-DEL09-PR"
187556;2019-01-26;"sábado";"13:20:00";"SC";101;209,7;"SAO JOSE";"Não guardar distância de segurança";"Colisão traseira";"Com Vítimas Feridas";"Pleno dia";"Decrescente";"Céu Claro";"Dupla";"Reta";"Não";2;0;1;0;1;0;1;2;-27,6176;-48,6463;"SPRF-SC";"DEL01-SC";"UOP01-DEL01-SC"
187557;2019-01-26;"sábado";"13:10:00";"MG";381;531,9;"ITATIAIUCU";"Velocidade Incompatível";"Saída de leito carroçável";"Sem Vítimas";"Pleno dia";"Decrescente";"Chuva";"Dupla";"Curva";"Não";1;0;0;0;1;0;0;1;-20,1644;-44,3667;"SPRF-MG";"DEL04-MG";"UOP03-DEL04-MG"
187558;2019-01-26;"sábado";"14:20:00";"SC";470;148;"RIO DO SUL";"Ingestão de Álcool";"Colisão traseira";"Sem Vítimas";"Pleno dia";"Crescente";"Sol";"Simples";"Reta";"Sim";3;0;0;0;3;0;0;2;-27,2455493;-49,69347954;"SPRF-SC";"DEL04-SC";"UOP02-DEL04-SC"
187559;2019-01-26;"sábado";"13:00:00";"SE";235;31;"AREIA BRANCA";"Falta de Atenção à Condução";"Colisão frontal";"Com Vítimas Feridas";"Pleno dia";"Decrescente";"Sol";"Simples";"Reta";"Não";2;0;1;0;1;0;1;2;-10,777317;-37,295372;"SPRF-SE";"DEL01-SE";"UOP01-DEL01-SE"
187560;2019-01-26;"sábado";"12:00:00";"CE";222;12;"CAUCAIA";"Falta de Atenção à Condução";"Tombamento";"Com Vítimas Feridas";"Pleno dia";"Decrescente";"Nublado";"Dupla";"Curva";"Não";1;0;1;0;0;0;1;1;-3,7648;-38,668972;"SPRF-CE";"DEL01-CE";"UOP01-DEL01-CE"
187562;2019-01-26;"sábado";"11:10:00";"MG";381;705,3;"LAVRAS";"Velocidade Incompatível";"Saída de leito carroçável";"Com Vítimas Feridas";"Pleno dia";"Crescente";"Chuva";"Dupla";"Curva";"Não";5;0;5;0;0;0;5;1;-21,3237;-45,1662;"SPRF-MG";"DEL04-MG";"UOP02-DEL04-MG"
187564;2019-01-26;"sábado";"12:25:00";"MG";50;55,6;"UBERLANDIA";"Avarias e/ou desgaste excessivo no pneu";"Tombamento";"Com Vítimas Feridas";"Pleno dia";"Crescente";"Céu Claro";"Dupla";"Reta";"Não";2;0;2;0;0;0;2;1;-18,7819;-48,2344;"SPRF-MG";"DEL15-MG";"UOP02-DEL15-MG"
187565;2019-01-26;"sábado";"14:00:00";"SP";116;109,2;"TAUBATE";"Não guardar distância de segurança";"Colisão traseira";"Com Vítimas Feridas";"Pleno dia";"Crescente";"Sol";"Dupla";"Reta";"Sim";2;0;1;0;1;0;1;2;-23,028759;-45,545235;"SPRF-SP";"DEL06-SP";"UOP01-DEL06-SP"
187566;2019-01-26;"sábado";"11:30:00";"RS";470;179;"VERANOPOLIS";"Desobediência às normas de trânsito pelo condutor";"Colisão transversal";"Com Vítimas Feridas";"Pleno dia";"Crescente";"Céu Claro";"Dupla";"Reta";"Não";2;0;2;0;0;0;2;2;-28,94960289;-51,55606091;"SPRF-RS";"DEL06-RS";"UOP02-DEL06-RS"
187567;2019-01-26;"sábado";"11:45:00";"MG";356;272,1;"MURIAE";"Velocidade Incompatível";"Colisão com objeto estático";"Com Vítimas Fatais";"Pleno dia";"Crescente";"Sol";"Simples";"Curva;Declive";"Não";2;1;0;1;0;0;1;1;-21,125526;-42,375477;"SPRF-MG";"DEL07-MG";"UOP02-DEL07-MG"
187568;2019-01-26;"sábado";"14:30:00";"SP";116;286,4;"ITAPECERICA DA SERRA";"Falta de Atenção à Condução";"Colisão lateral";"Com Vítimas Feridas";"Pleno dia";"Decrescente";"Céu Claro";"Dupla";"Reta";"Sim";3;0;1;1;1;0;2;2;-23,69486197;-46,86417374;"SPRF-SP";"DEL04-SP";"UOP01-DEL04-SP"
187569;2019-01-26;"sábado";"14:00:00";"SC";470;96,2;"APIUNA";"Falta de Atenção à Condução";"Colisão frontal";"Com Vítimas Feridas";"Pleno dia";"Decrescente";"Céu Claro";"Simples";"Curva";"Não";2;0;1;0;1;0;1;2;-27,020767;-49,371342;"SPRF-SC";"DEL04-SC";"UOP01-DEL04-SC"
187570;2019-01-26;"sábado";"13:58:00";"DF";60;3,2;"BRASILIA";"Falta de Atenção à Condução";"Colisão traseira";"Com Vítimas Feridas";"Pleno dia";"Decrescente";"Garoa/Chuvisco";"Dupla";"Reta";"Sim";2;0;1;0;1;0;1;2;-15,890521;-48,086864;"SPRF-DF";"DEL01-DF";"UOP01-DEL03-DF"
187571;2019-01-26;"sábado";"14:50:00";"GO";153;515;"APARECIDA DE GOIANIA";"Pista Escorregadia";"Capotamento";"Com Vítimas Feridas";"Pleno dia";"Crescente";"Nublado";"Dupla";"Declive";"Sim";1;0;1;0;0;0;1;1;-16,8413;-49,2454;"SPRF-GO";"DEL01-GO";"UOP03-DEL01-GO"
187572;2019-01-26;"sábado";"11:45:00";"SC";282;138;"BOM RETIRO";"Falta de Atenção à Condução";"Colisão transversal";"Com Vítimas Feridas";"Pleno dia";"Decrescente";"Céu Claro";"Simples";"Reta";"Não";6;0;2;0;4;0;2;2;-27,825998;-49,575924;"SPRF-SC";"DEL05-SC";"UOP01-DEL05-SC"
187573;2019-01-18;"sexta-feira";"11:00:00";"SC";282;2,5;"FLORIANOPOLIS";"Não guardar distância de segurança";"Colisão lateral";"Com Vítimas Feridas";"Pleno dia";"Decrescente";"Nublado";"Múltipla";"Reta";"Sim";2;0;1;0;1;0;1;2;-27,603289;-48,590416;"SPRF-SC";"DEL01-SC";"UOP01-DEL01-SC"
187575;2019-01-26;"sábado";"14:30:00";"MT";70;555;"NOSSA SENHORA DO LIVRAMENTO";"Pista Escorregadia";"Colisão frontal";"Com Vítimas Feridas";"Pleno dia";"Crescente";"Chuva";"Simples";"Reta";"Não";5;0;3;0;1;1;3;2;-15,679523;-56,35421;"SPRF-MT";"DEL01-MT";"DEL2/4-UOP02/MT"
187578;2019-01-26;"sábado";"12:45:00";"AC";364;137;"RIO BRANCO";"Pista Escorregadia";"Queda de ocupante de veículo";"Com Vítimas Feridas";"Pleno dia";"Decrescente";"Céu Claro";"Dupla";"Rotatória";"Sim";2;0;2;0;0;0;2;1;-9,969359;-67,852646;"SPRF-AC";"DEL01-AC";"UOP01-DEL01-AC"
187579;2019-01-26;"sábado";"15:10:00";"MS";163;257,3;"DOURADOS";"Defeito na Via";"Queda de ocupante de veículo";"Com Vítimas Feridas";"Pleno dia";"Decrescente";"Céu Claro";"Dupla";"Reta";"Sim";1;0;1;0;0;0;1;1;-22,25879967;-54,79025744;"SPRF-MS";"DEL04-MS";"UOP01-DEL04-MS"