"id";"data_inversa";"dia_semana";"horario";"uf";"br";"km";"municipio";"causa_acidente";"tipo_acidente";"classificacao_acidente";"fase_dia";"sentido_via";"condicao_metereologica";"tipo_pista";"tracado_via";"uso_solo";"pessoas";"mortos";"feridos_leves";"feridos_graves";"ilesos";"ignorados";"feridos";"veiculos";"latitude";"longitude";"regional";"delegacia";"uop"
187696;2019-01-27;"domingo";"06:45:00";"SE";101;20,2;"SAO FRANCISCO";"Ingestão de Álcool";"Saída de leito carroçável";"Com Vítimas Feridas";"Pleno dia";"Crescente";"Céu Claro";"Dupla";"Reta";"Não";2;0;1;1;0;0;2;1;-10,36456816;-36,90977097;"SPRF-SE";"DEL02-SE";"UOP02-DEL02-SE"
187699;2019-01-26;"sábado";"23:50:00";"SP";116;158,6;"JACAREI";"Falta de Atenção à Condução";"Colisão com objeto estático";"Com Vítimas Feridas";"Plena Noite";"Decrescente";"Céu Claro";"Dupla";"Reta";"Sim";1;0;0;1;0;0;1;1;-23,2633435;-45,9559792;"SPRF-SP";"DEL02-SP";"UOP01-DEL02-SP"
187700;2019-01-26;"sábado";"23:50:00";"SP";116;158;"JACAREI";"Desobediência às normas de trânsito pelo condutor";"Colisão lateral";"Com Vítimas Feridas";"Plena Noite";"Crescente";"Céu Claro";"Dupla";"Reta";"Sim";3;0;0;1;2;0;1;2;-23,2633435;-45,9559792;"SPRF-SP";"DEL02-SP";"UOP01-DEL02-SP"
187701;2019-01-27;"domingo";"01:40:00";"RJ";101;474;"ANGRA DOS REIS";"Desobediência às normas de trânsito pelo condutor";"Colisão frontal";"Com Vítimas Fatais";"Plena Noite";"Decrescente";"Céu Claro";"Simples";"Reta";"Sim";5;3;1;0;0;1;1;2;-22,99471841;-44,24895532;"SPRF-RJ";"DEL03-RJ";"UOP03-DEL03-RJ"
187703;2019-01-27;"domingo";"06:10:00";"RS";290;416;"SAO GABRIEL";"Ingestão de Álcool";"Colisão lateral";"Sem Vítimas";"Amanhecer";"Crescente";"Céu Claro";"Simples";"Reta";"Não";2;0;0;0;2;0;0;2;-30,361155;-54,309517;"SPRF-RS";"DEL09-RS";"UOP02-DEL09-RS"
187704;2019-01-27;"domingo";"06:00:00";"RJ";116;199;"SEROPEDICA";"Falta de Atenção à Condução";"Colisão traseira";"Sem Vítimas";"Pleno dia";"Decrescente";"Céu Claro";"Dupla";"Reta";"Sim";2;0;0;0;2;0;0;2;-22,73361348;-43,61990154;"SPRF-RJ";"DEL01-RJ";"UOP03-DEL01-RJ"
187705;2019-01-27;"domingo";"03:05:00";"BA";415;28;"ILHEUS";"Velocidade Incompatível";"Saída de leito carroçável";"Com Vítimas Feridas";"Plena Noite";"Crescente";"Chuva";"Simples";"Curva";"Não";3;0;1;0;1;1;1;1;-14,78616922;-39,2278862;"SPRF-BA";"DEL05-BA";"UOP01-DEL05-BA"
187706;2019-01-27;"domingo";"07:30:00";"RJ";116;307;"RESENDE";"Falta de Atenção à Condução";"Colisão traseira";"Com Vítimas Feridas";"Pleno dia";"Crescente";"Céu Claro";"Dupla";"Curva";"Sim";2;0;1;0;1;0;1;2;-22,46138561;-44,44663882;"SPRF-RJ";"DEL07-RJ";"DEL5/7-UOP03/RJ"
187707;2019-01-27;"domingo";"09:00:00";"ES";101;276,3;"SERRA";"Desobediência às normas de trânsito pelo condutor";"Colisão lateral";"Com Vítimas Feridas";"Pleno dia";"Crescente";"Sol";"Dupla";"Reta";"Não";3;0;1;1;1;0;2;2;-20,20901605;-40,31568658;"SPRF-ES";"DEL02-ES";"UOP01-DEL02-ES"
187708;2019-01-27;"domingo";"07:50:00";"RN";110;47,9;"MOSSORO";"Falta de Atenção à Condução";"Colisão transversal";"Com Vítimas Feridas";"Pleno dia";"Decrescente";"Sol";"Simples";"Reta";"Sim";3;0;1;1;1;0;2;2;-5,203384;-37,325634;"SPRF-RN";"DEL04-RN";"UOP01-DEL04-RN"
187709;2019-01-27;"domingo";"04:00:00";"RJ";465;18;"NOVA IGUACU";"Falta de Atenção à Condução";"Colisão traseira";"Com Vítimas Feridas";"Plena Noite";"Crescente";"Céu Claro";"Simples";"Reta";"Sim";3;0;1;0;2;0;1;2;-22,831354;-43,615128;"SPRF-RJ";"DEL01-RJ";"UOP03-DEL01-RJ"
187710;2019-01-27;"domingo";"07:40:00";"SP";116;92,4;"PINDAMONHANGABA";"Defeito Mecânico no Veículo";"Incêndio";"Sem Vítimas";"Pleno dia";"Crescente";"Céu Claro";"Dupla";"Reta";"Não";1;0;0;0;1;0;0;1;-22,952322;-45,404633;"SPRF-SP";"DEL06-SP";"UOP01-DEL06-SP"
187711;2019-01-27;"domingo";"04:30:00";"RN";406;170;"SAO GONCALO DO AMARANTE";"Ingestão de Álcool";"Saída de leito carroçável";"Sem Vítimas";"Amanhecer";"Decrescente";"Chuva";"Dupla";"Aclive";"Sim";1;0;0;0;1;0;0;1;-5,75917255;-35,29731274;"SPRF-RN";"DEL02-RN";"UOP01-DEL02-RN"
187712;2019-01-27;"domingo";"09:00:00";"ES";101;144,4;"LINHARES";"Desobediência às normas de trânsito pelo condutor";"Colisão lateral";"Com Vítimas Feridas";"Pleno dia";"Decrescente";"Sol";"Múltipla";"Interseção de Vias";"Sim";2;0;1;0;1;0;1;2;-19,35448452;-40,06373059;"SPRF-ES";"DEL04-ES";"UOP01-DEL04-ES"
187713;2019-01-27;"domingo";"08:00:00";"CE";116;30;"AQUIRAZ";"Avarias e/ou desgaste excessivo no pneu";"Queda de ocupante de veículo";"Com Vítimas Feridas";"Pleno dia";"Crescente";"Céu Claro";"Dupla";"Reta";"Sim";2;0;1;0;1;0;1;1;-4,01916431;-38,51882139;"SPRF-CE";"DEL01-CE";"UOP02-DEL01-CE"
187715;2019-01-27;"domingo";"08:00:00";"RJ";356;7;"ITAPERUNA";"Falta de Atenção à Condução";"Colisão transversal";"Com Vítimas Feridas";"Pleno dia";"Decrescente";"Céu Claro";"Simples";"Reta";"Não";2;0;0;1;1;0;1;2;-21,173063;-42,106487;"SPRF-RJ";"DEL08-RJ";"UOP03-DEL08-RJ"
187716;2019-01-27;"domingo";"09:40:00";"MG";40;112,9;"LAGOA GRANDE";"Condutor Dormindo";"Saída de leito carroçável";"Com Vítimas Feridas";"Pleno dia";"Decrescente";"Nublado";"Simples";"Reta";"Não";1;0;1;0;0;0;1;1;-17,641918;-46,436649;"SPRF-MG";"DEL14-MG";"UOP01-DEL14-MG"
187717;2019-01-27;"domingo";"09:35:00";"ES";101;260;"SERRA";"Falta de Atenção à Condução";"Colisão lateral";"Com Vítimas Feridas";"Pleno dia";"Decrescente";"Céu Claro";"Simples";"Reta";"Sim";4;0;2;0;2;0;2;2;-20,0966114;-40,3392937;"SPRF-ES";"DEL02-ES";"UOP01-DEL02-ES"
187720;2019-01-27;"domingo";"09:45:00";"MG";116;303,6;"ITAMBACURI";"Falta de Atenção à Condução";"Saída de leito carroçável";"Com Vítimas Feridas";"Pleno dia";"Crescente";"Nublado";"Simples";"Curva";"Não";4;0;3;1;0;0;4;1;-18,019624;-41,646691;"SPRF-MG";"DEL11-MG";"UOP01-DEL11-MG"
187721;2019-01-27;"domingo";"05:45:00";"RO";364;425;"JARU";"Ingestão de Álcool";"Colisão traseira";"Com Vítimas Feridas";"Pleno dia";"Crescente";"Céu Claro";"Simples";"Reta";"Sim";5;0;1;0;4;0;1;2;-10,437518;-62,471706;"SPRF-RO";"DEL03-RO";"UOP02-DEL03-RO"
187722;2019-01-27;"domingo";"10:10:00";"SC";101;191,8;"BIGUACU";"Velocidade Incompatível";"Colisão traseira";"Com Vítimas Fatais";"Pleno dia";"Decrescente";"Sol";"Dupla";"Reta";"Sim";3;1;0;1;1;0;1;2;-27,4847;-48,6476;"SPRF-SC";"DEL01-SC";"UOP01-DEL01-SC"
187723;2019-01-27;"domingo";"10:50:00";"RS";290;146;"ELDORADO DO SUL";"Mal Súbito";"Colisão frontal";"Com Vítimas Feridas";"Pleno dia";"Decrescente";"Céu Claro";"Simples";"Reta";"Não";3;0;0;1;1;1;1;3;-30,104191;-51,66626;"SPRF-RS";"DEL02-RS";"UOP01-DEL02-RS"
187724;2019-01-27;"domingo";"10:30:00";"MS";163;479,2;"CAMPO GRANDE";"Falta de Atenção à Condução";"Saída de leito carroçável";"Com Vítimas Feridas";"Pleno dia";"Decrescente";"Sol";"Simples";"Reta";"Sim";1;0;1;0;0;0;1;1;-20,48643;-54,55937;"SPRF-MS";"DEL01-MS";"UOP01-DEL01-MS"
187726;2019-01-27;"domingo";"10:35:00";"MG";381;565;"ITAGUARA";"Velocidade Incompatível";"Capotamento";"Com Vítimas Feridas";"Pleno dia";"Crescente";"Céu Claro";"Dupla";"Curva";"Não";2;0;2;0;0;0;2;1;-20,3982;-44,5053;"SPRF-MG";"DEL04-MG";"UOP03-DEL04-MG"
187727;2019-01-27;"domingo";"11:30:00";"MG";381;493,1;"BETIM";"Falta de Atenção à Condução";"Colisão com objeto estático";"Com Vítimas Feridas";"Pleno dia";"Decrescente";"Sol";"Múltipla";"Reta";"Sim";2;0;2;0;0;0;2;1;-19,966;-44,1775;"SPRF-MG";"DEL01-MG";"UOP03-DEL01-MG"
187728;2019-01-27;"domingo";"07:45:00";"RO";429;66;"PRESIDENTE MEDICI";"Ingestão de Álcool";"Colisão frontal";"Com Vítimas Fatais";"Pleno dia";"Crescente";"Céu Claro";"Simples";"Reta";"Não";3;1;0;2;0;0;2;2;-11,214921;-62,122368;"SPRF-RO";"DEL02-RO";"UOP03-DEL02-RO"
187730;2019-01-27;"domingo";"10:00:00";"PB";230;24;"JOAO PESSOA";"Falta de Atenção à Condução";"Colisão lateral";"Com Vítimas Feridas";"Pleno dia";"Crescente";"Céu Claro";"Dupla";"Reta";"Sim";3;0;1;1;1;0;2;2;-7,16331977;-34,86163616;"SPRF-PB";"DEL01-PB";"UOP01-DEL01-PB"
187732;2019-01-27;"domingo";"10:30:00";"PR";116;122;"CURITIBA";"Velocidade Incompatível";"Saída de leito carroçável";"Sem Vítimas";"Pleno dia";"Crescente";"Céu Claro";"Dupla";"Reta";"Sim";1;0;0;0;0;1;0;1;-25,60128303;-49,31771278;"SPRF-PR";"DEL01-PR";"UOP03-DEL01-PR"
187733;2019-01-27;"domingo";"12:00:00";"PR";277;74;"SAO JOSE DOS PINHAIS";"Falta de Atenção à Condução";"Colisão traseira";"Com Vítimas Feridas";"Pleno dia";"Decrescente";"Céu Claro";"Dupla";"Reta";"Sim";2;0;1;0;1;0;1;2;-25,49510622;-49,16492343;"SPRF-PR";"DEL01-PR";"UOP01-DEL01-PR"
187734;2019-01-27;"domingo";"12:10:00";"RN";406;169;"SAO GONCALO DO AMARANTE";"Desobediência às normas de trânsito pelo condutor";"Colisão transversal";"Com Vítimas Feridas";"Pleno dia";"Crescente";"Céu Claro";"Dupla";"Reta";"Não";2;0;0;1;1;0;1;2;-5,756651;-35,304758;"SPRF-RN";"DEL02-RN";"UOP01-DEL02-RN"
187735;2019-01-27;"domingo";"12:20:00";"PE";423;54,5;"LAJEDO";"Desobediência às normas de trânsito pelo condutor";"Colisão frontal";"Com Vítimas Feridas";"Pleno dia";"Decrescente";"Céu Claro";"Simples";"Reta";"Não";6;0;1;0;4;1;1;2;-8,607795;-36,294014;"SPRF-PE";"DEL03-PE";"UOP01-DEL03-PE"
187736;2019-01-27;"domingo";"12:15:00";"PE";101;23,3;"GOIANA";"Condutor Dormindo";"Saída de leito carroçável";"Com Vítimas Feridas";"Pleno dia";"Decrescente";"Céu Claro";"Dupla";"Curva";"Não";1;0;0;1;0;0;1;1;-7,693;-34,9219;"SPRF-PE";"DEL01-PE";"UOP02-DEL01-PE"
187738;2019-01-27;"domingo";"12:25:00";"PI";343;13;"PARNAIBA";"Falta de Atenção à Condução";"Colisão lateral";"Com Vítimas Feridas";"Pleno dia";"Crescente";"Sol";"Dupla";"Reta";"Sim";5;0;3;0;2;0;3;3;-2,919029;-41,754124;"SPRF-PI";"DEL05-PI";"UOP01-DEL05-PI"
187739;2019-01-19;"sábado";"20:00:00";"SP";381;58;"MAIRIPORA";"Desobediência às normas de trânsito pelo condutor";"Colisão traseira";"Com Vítimas Feridas";"Plena Noite";"Crescente";"Nublado";"Dupla";"Reta";"Sim";2;0;1;0;1;0;1;2;-23,27825933;-46,58609252;"SPRF-SP";"DEL03-SP";"UOP01-DEL03-SP"
187740;2019-01-27;"domingo";"06:00:00";"SC";101;218,4;"PALHOCA";"Velocidade Incompatível";"Saída de leito carroçável";"Com Vítimas Feridas";"Amanhecer";"Crescente";"Nublado";"Simples";"Interseção de Vias";"Sim";1;0;1;0;0;0;1;1;-27,6854;-48,6664;"SPRF-SC";"DEL01-SC";"UOP02-DEL01-SC"
187741;2019-01-27;"domingo";"07:50:00";"RR";432;132;"CANTA";"Falta de Atenção à Condução";"Colisão lateral";"Sem Vítimas";"Pleno dia";"Decrescente";"Céu Claro";"Simples";"Reta;Em Obras";"Não";3;0;0;0;3;0;0;2;2,059742;-60,647816;"SPRF-RR";"DEL01-RR";"UOP01-DEL01-RR"
187743;2019-01-27;"domingo";"12:30:00";"MS";262;711,1;"CORUMBA";"Não guardar distância de segurança";"Colisão traseira";"Sem Vítimas";"Pleno dia";"Crescente";"Céu Claro";"Simples";"Reta";"Não";2;0;0;0;0;2;0;2;-19,45723509;-57,42840171;"SPRF-MS";"DEL03-MS";"UOP03-DEL03-MS"
187744;2019-01-27;"domingo";"11:45:00";"AL";316;189,7;"TANQUE DARCA";"Desobediência às normas de trânsito pelo condutor";"Colisão transversal";"Com Vítimas Feridas";"Pleno dia";"Crescente";"Céu Claro";"Simples";"Interseção de Vias";"Não";2;0;1;1;0;0;2;2;-9,582492;-36,418125;"SPRF-AL";"DEL03-AL";"UOP01-DEL03-AL"
187746;2019-01-27;"domingo";"14:00:00";"RJ";116;195,7;"QUEIMADOS";"Defeito Mecânico no Veículo";"Danos eventuais";"Com Vítimas Feridas";"Pleno dia";"Decrescente";"Céu Claro";"Dupla";"Curva";"Não";1;0;0;1;0;0;1;1;-22,7317383;-43,61748219;"SPRF-RJ";"DEL01-RJ";"UOP03-DEL01-RJ"
187748;2019-01-27;"domingo";"13:30:00";"CE";222;0,8;"CAUCAIA";"Ingestão de Álcool";"Colisão com objeto estático";"Com Vítimas Feridas";"Pleno dia";"Decrescente";"Sol";"Dupla";"Curva";"Sim";2;0;0;1;1;0;1;1;-3,74318951;-38,62149239;"SPRF-CE";"DEL01-CE";"UOP01-DEL01-CE"
187749;2019-01-27;"domingo";"14:20:00";"ES";262;32,5;"VIANA";"Falta de Atenção à Condução";"Tombamento";"Com Vítimas Feridas";"Pleno dia";"Crescente";"Sol";"Simples";"Aclive";"Não";1;0;1;0;0;0;1;1;-20,3789;-40,5772;"SPRF-ES";"DEL01-ES";"UOP01-DEL01-ES"
187751;2019-01-27;"domingo";"15:50:00";"SP";116;220;"GUARULHOS";"Falta de Atenção à Condução";"Colisão traseira";"Com Vítimas Feridas";"Pleno dia";"Decrescente";"Sol";"Múltipla";"Reta";"Sim";2;0;1;0;1;0;1;2;-23,46666137;-46,50316358;"SPRF-SP";"DEL01-SP";"UOP01-DEL01-SP"
187752;2019-01-27;"domingo";"14:15:00";"PB";101;83,1;"BAYEUX";"Falta de Atenção à Condução";"Colisão traseira";"Com Vítimas Feridas";"Pleno dia";"Decrescente";"Sol";"Dupla";"Reta";"Sim";2;0;1;0;1;0;1;2;-7,1366;-34,9264;"SPRF-PB";"DEL01-PB";"UOP01-DEL01-PB"
187753;2019-01-27;"domingo";"12:50:00";"BA";116;826;"VITORIA DA CONQUISTA";"Falta de Atenção à Condução";"Colisão traseira";"Com Vítimas Feridas";"Pleno dia";"Decrescente";"Céu Claro";"Dupla";"Reta";"Sim";2;0;1;0;1;0;1;2;-14,880788;-40,855926;"SPRF-BA";"DEL08-BA";"UOP01-DEL08-BA"
187754;2019-01-27;"domingo";"15:30:00";"RS";285;289;"PASSO FUNDO";"Não guardar distância de segurança";"Colisão traseira";"Com Vítimas Feridas";"Pleno dia";"Crescente";"Céu Claro";"Dupla";"Interseção de Vias";"Sim";3;0;1;0;2;0;1;2;-28,23675342;-52,37441182;"SPRF-RS";"DEL08-RS";"UOP03-DEL08-RS"
187755;2019-01-27;"domingo";"15:30:00";"SP";381;43,7;"ATIBAIA";"Velocidade Incompatível";"Saída de leito carroçável";"Sem Vítimas";"Pleno dia";"Decrescente";"Céu Claro";"Simples";"Curva";"Não";1;0;0;0;0;1;0;1;-23,15876264;-46,57317472;"SPRF-SP";"DEL03-SP";"UOP01-DEL03-SP"
187757;2019-01-27;"domingo";"10:05:00";"MT";70;713,8;"CACERES";"Pista Escorregadia";"Saída de leito carroçável";"Sem Vítimas";"Pleno dia";"Crescente";"Garoa/Chuvisco";"Simples";"Reta";"Não";3;0;0;0;2;1;0;2;-16,19604757;-57,58985996;"SPRF-MT";"DEL03-MT";"UOP01-DEL03-MT"
187758;2019-01-27;"domingo";"15:00:00";"RJ";40;83,9;"PETROPOLIS";"Falta de Atenção à Condução";"Saída de leito carroçável";"Com Vítimas Feridas";"Pleno dia";"Crescente";"Sol";"Dupla";"Declive;Túnel;Curva";"Não";1;0;1;0;0;0;1;1;-22,5472;-43,2266;"SPRF-RJ";"DEL06-RJ";"UOP01-DEL06-RJ"
187760;2019-01-27;"domingo";"14:45:00";"SC";470;121,8;"IBIRAMA";"Pista Escorregadia";"Colisão frontal";"Com Vítimas Feridas";"Pleno dia";"Crescente";"Chuva";"Simples";"Curva";"Não";5;0;2;2;1;0;4;3;-27,095861;-49,526859;"SPRF-SC";"DEL04-SC";"UOP02-DEL04-SC"
187761;2019-01-27;"domingo";"15:15:00";"SC";101;63;"ARAQUARI";"Falta de Atenção à Condução";"Tombamento";"Com Vítimas Feridas";"Pleno dia";"Crescente";"Céu Claro";"Dupla";"Reta";"Não";2;0;2;0;0;0;2;1;-26,465;-48,7497;"SPRF-SC";"DEL03-SC";"UOP02-DEL03-SC"
187763;2019-01-27;"domingo";"15:00:00";"RJ";101;293;"ITABORAI";"Defeito Mecânico no Veículo";"Colisão lateral";"Sem Vítimas";"Pleno dia";"Decrescente";"Céu Claro";"Dupla";"Aclive";"Não";1;0;0;0;1;0;0;1;-22,75845345;-42,88787842;"SPRF-RJ";"DEL02-RJ";"DEL5/2-UOP04/RJ"
187764;2019-01-27;"domingo";"16:20:00";"PR";376;176,3;"MARINGA";"Desobediência às normas de trânsito pelo condutor";"Colisão lateral";"Com Vítimas Feridas";"Pleno dia";"Decrescente";"Sol";"Dupla";"Reta";"Sim";3;0;1;0;0;2;1;3;-23,412691;-51,931583;"SPRF-PR";"DEL07-PR";"UOP01-DEL09-PR"
187765;2019-01-27;"domingo";"15:30:00";"RS";470;281,8;"MONTENEGRO";"Falta de Atenção à Condução";"Colisão frontal";"Com Vítimas Feridas";"Pleno dia";"Crescente";"Céu Claro";"Simples";"Curva";"Não";2;0;0;1;1;0;1;2;-29,614;-51,47271;"SPRF-RS";"DEL04-RS";"UOP02-DEL04-RS"
187766;2019-01-27;"domingo";"14:30:00";"MG";40;532;"BELO HORIZONTE";"Não guardar distância de segurança";"Colisão traseira";"Com Vítimas Feridas";"Pleno dia";"Crescente";"Céu Claro";"Dupla";"Aclive";"Sim";4;0;1;0;3;0;1;3;-19,9256;-44,0053;"SPRF-MG";"DEL01-MG";"UOP03-DEL01-MG"
187767;2019-01-27;"domingo";"16:10:00";"PR";376;119,8;"ALTO PARANA";"Defeito Mecânico no Veículo";"Incêndio";"Sem Vítimas";"Pleno dia";"Crescente";"Céu Claro";"Dupla";"Aclive;Reta";"Não";1;0;0;0;1;0;0;1;-23,126841;-52,304573;"SPRF-PR";"DEL07-PR";"UOP02-DEL09-PR"
187768;2019-01-27;"domingo";"16:30:00";"SP";116;271;"TABOAO DA SERRA";"Ingestão de Álcool";"Capotamento";"Com Vítimas Feridas";"Pleno dia";"Decrescente";"Céu Claro";"Dupla";"Reta";"Sim";1;0;1;0;0;0;1;1;-23,61077531;-46,77371448;"SPRF-SP";"DEL04-SP";"UOP01-DEL04-SP"
187769;2019-01-27;"domingo";"16:50:00";"MG";381;516;"IGARAPE";"Velocidade Incompatível";"Colisão com objeto estático";"Com Vítimas Feridas";"Pleno dia";"Decrescente";"Céu Claro";"Dupla";"Curva";"Não";3;0;2;0;1;0;2;1;-20,1055;-44,3215;"SPRF-MG";"DEL01-MG";"UOP03-DEL01-MG"
187770;2019-01-27;"domingo";"16:34:00";"RS";101;15,7;"DOM PEDRO DE ALCANTARA";"Falta de Atenção à Condução";"Colisão traseira";"Com Vítimas Feridas";"Pleno dia";"Crescente";"Sol";"Dupla";"Reta";"Não";3;0;0;1;2;0;1;3;-29,402149;-49,858307;"SPRF-RS";"DEL03-RS";"DEL9/3-UOP03/RS"
187771;2019-01-27;"domingo";"17:15:00";"GO";153;502,1;"GOIANIA";"Ingestão de Álcool";"Colisão traseira";"Com Vítimas Feridas";"Pleno dia";"Decrescente";"Chuva";"Múltipla";"Declive;Interseção de Vias;Reta";"Sim";2;0;1;0;1;0;1;2;-16,7287;-49,2424;"SPRF-GO";"DEL01-GO";"UOP01-DEL01-GO"
187772;2019-01-27;"domingo";"16:00:00";"BA";116;423;"FEIRA DE SANTANA";"Desobediência às normas de trânsito pelo condutor";"Colisão transversal";"Com Vítimas Feridas";"Pleno dia";"Decrescente";"Céu Claro";"Simples";"Interseção de Vias";"Sim";2;0;1;0;1;0;1;2;-12,23199525;-38,97099864;"SPRF-BA";"DEL02-BA";"UOP01-DEL02-BA"
187773;2019-01-27;"domingo";"14:20:00";"SC";116;86,9;"MONTE CASTELO";"Falta de Atenção à Condução";"Colisão transversal";"Com Vítimas Feridas";"Pleno dia";"Crescente";"Céu Claro";"Simples";"Reta";"Não";2;0;0;1;1;0;1;2;-26,768562;-50,350533;"SPRF-SC";"DEL06-SC";"UOP02-DEL06-SC"
187774;2019-01-27;"domingo";"16:10:00";"RS";290;464,1;"ROSARIO DO SUL";"Falta de Atenção à Condução";"Colisão traseira";"Sem Vítimas";"Pleno dia";"Decrescente";"Céu Claro";"Simples";"Reta";"Não";6;0;0;0;6;0;0;2;-30,232851;-54,756992;"SPRF-RS";"DEL11-RS";"UOP02-DEL11-RS"
187775;2019-01-27;"domingo";"17:45:00";"PR";376;244;"APUCARANA";"Falta de Atenção à Condução";"Colisão frontal";"Com Vítimas Feridas";"Pleno dia";"Crescente";"Chuva";"Simples";"Curva";"Não";4;0;1;3;0;0;4;2;-23,58123519;-51,4236331;"SPRF-PR";"DEL07-PR";"UOP03-DEL07-PR"
187777;2019-01-27;"domingo";"16:40:00";"RN";304;24,8;"MOSSORO";"Falta de Atenção à Condução";"Colisão com objeto estático";"Com Vítimas Feridas";"Pleno dia";"Crescente";"Nublado";"Múltipla";"Rotatória";"Não";2;0;1;0;1;0;1;1;-5,0666319;-37,33096361;"SPRF-RN";"DEL04-RN";"UOP02-DEL04-RN"
187778;2019-01-27;"domingo";"15:45:00";"MA";135;10,4;"SAO LUIS";"Falta de Atenção à Condução";"Colisão transversal";"Com Vítimas Feridas";"Pleno dia";"Crescente";"Nublado";"Dupla";"Reta";"Sim";2;0;0;2;0;0;2;1;-2,65878273;-44,28596377;"SPRF-MA";"DEL01-MA";"UOP01-DEL01-MA"
187780;2019-01-27;"domingo";"16:50:00";"PE";101;79,2;"RECIFE";"Não guardar distância de segurança";"Colisão traseira";"Com Vítimas Feridas";"Pleno dia";"Decrescente";"Céu Claro";"Simples";"Em Obras;Reta";"Sim";2;0;1;0;1;0;1;2;-8,15099;-34,943065;"SPRF-PE";"DEL01-PE";"UOP01-DEL01-PE"
187781;2019-01-27;"domingo";"17:52:00";"SP";153;72,9;"SAO JOSE DO RIO PRETO";"Ingestão de Álcool";"Colisão traseira";"Sem Vítimas";"Pleno dia";"Decrescente";"Céu Claro";"Dupla";"Reta";"Sim";2;0;0;0;1;1;0;2;-20,867146;-49,413338;"SPRF-SP";"DEL09-SP";"UOP01-DEL09-SP"
187785;2019-01-27;"domingo";"16:55:00";"PR";272;364;"CAMPO MOURAO";"Não guardar distância de segurança";"Colisão traseira";"Com Vítimas Feridas";"Pleno dia";"Decrescente";"Céu Claro";"Simples";"Reta";"Sim";3;0;2;0;0;1;2;2;-24,04919846;-52,39860903;"SPRF-PR";"DEL04-PR";"UOP03-DEL09-PR"
187786;2019-01-27;"domingo";"16:00:00";"AM";174;937;"MANAUS";"Falta de Atenção à Condução";"Saída de leito carroçável";"Com Vítimas Feridas";"Pleno dia";"Decrescente";"Chuva";"Simples";"Aclive";"Não";2;0;1;1;0;0;2;1;-2,51155367;-60,03678116;"SPRF-AM";"DEL01-AM";"UOP01-DEL01-AM"
187787;2019-01-27;"domingo";"17:50:00";"MG";116;262,5;"TEOFILO OTONI";"Falta de Atenção à Condução";"Colisão traseira";"Com Vítimas Feridas";"Anoitecer";"Crescente";"Sol";"Simples";"Aclive";"Não";2;0;1;0;1;0;1;2;-17,742083;-41,49992;"SPRF-MG";"DEL11-MG";"UOP01-DEL11-MG"
187789;2019-01-27;"domingo";"17:40:00";"PI";343;15,6;"PARNAIBA";"Ingestão de Álcool";"Colisão traseira";"Sem Vítimas";"Pleno dia";"Crescente";"Garoa/Chuvisco";"Simples";"Reta";"Sim";2;0;0;0;2;0;0;2;-2,93659;-41,754936;"SPRF-PI";"DEL05-PI";"UOP01-DEL05-PI"
187791;2019-01-27;"domingo";"17:30:00";"CE";222;6,5;"CAUCAIA";"Falta de Atenção à Condução";"Colisão transversal";"Com Vítimas Feridas";"Anoitecer";"Crescente";"Céu Claro";"Simples";"Reta";"Sim";2;0;1;1;0;0;2;2;-3,736507;-38,65337;"SPRF-CE";"DEL01-CE";"UOP01-DEL01-CE"
187792;2019-01-27;"domingo";"17:50:00";"RJ";116;206;"SEROPEDICA";"Falta de Atenção à Condução";"Colisão traseira";"Com Vítimas Feridas";"Pleno dia";"Decrescente";"Céu Claro";"Dupla";"Reta";"Sim";3;0;0;2;1;0;2;2;-22,726013;-43,651588;"SPRF-RJ";"DEL01-RJ";"UOP03-DEL01-RJ"
187793;2019-01-27;"domingo";"18:40:00";"SP";116;129,2;"CACAPAVA";"Falta de Atenção à Condução";"Colisão traseira";"Com Vítimas Feridas";"Pleno dia";"Crescente";"Sol";"Dupla";"Reta";"Sim";3;0;2;0;1;0;2;2;-23,118858;-45,719486;"SPRF-SP";"DEL06-SP";"UOP02-DEL02-SP"
187794;2019-01-27;"domingo";"18:00:00";"BA";110;318;"ALAGOINHAS";"Desobediência às normas de trânsito pelo condutor";"Capotamento";"Com Vítimas Feridas";"Anoitecer";"Crescente";"Céu Claro";"Simples";"Reta";"Não";2;0;2;0;0;0;2;1;-12,01312912;-38,36322784;"SPRF-BA";"DEL01-BA";"UOP04-DEL01-BA"
187796;2019-01-27;"domingo";"17:30:00";"RJ";101;294;"ITABORAI";"Falta de Atenção à Condução";"Colisão lateral";"Com Vítimas Feridas";"Pleno dia";"Crescente";"Céu Claro";"Simples";"Reta";"Sim";3;0;1;0;1;1;1;3;-22,758444;-42,895023;"SPRF-RJ";"DEL02-RJ";"DEL5/2-UOP04/RJ"
187798;2019-01-27;"domingo";"19:20:00";"RS";116;231;"IVOTI";"Desobediência às normas de trânsito pelo condutor";"Colisão transversal";"Com Vítimas Feridas";"Pleno dia";"Crescente";"Céu Claro";"Simples";"Interseção de Vias";"Sim";4;0;2;0;1;1;2;3;-29,62473722;-51,13570333;"SPRF-RS";"DEL01-RS";"UOP02-DEL01-RS"
187799;2019-01-27;"domingo";"18:50:00";"PR";277;168,3;"PALMEIRA";"Falta de Atenção à Condução";"Saída de leito carroçável";"Com Vítimas Feridas";"Pleno dia";"Crescente";"Chuva";"Dupla";"Reta";"Sim";2;0;1;0;1;0;1;1;-25,43491426;-49,98565793;"SPRF-PR";"DEL01-PR";"UOP06-DEL01-PR"