"id";"data_inversa";"dia_semana";"horario";"uf";"br";"km";"municipio";"causa_acidente";"tipo_acidente";"classificacao_acidente";"fase_dia";"sentido_via";"condicao_metereologica";"tipo_pista";"tracado_via";"uso_solo";"pessoas";"mortos";"feridos_leves";"feridos_graves";"ilesos";"ignorados";"feridos";"veiculos";"latitude";"longitude";"regional";"delegacia";"uop"
187800;2019-01-27;"domingo";"17:50:00";"SE";101;198;"CRISTINAPOLIS";"Falta de Atenção à Condução";"Queda de ocupante de veículo";"Com Vítimas Feridas";"Anoitecer";"Crescente";"Céu Claro";"Simples";"Reta";"Sim";1;0;1;0;0;0;1;1;-11,46718176;-37,74619639;"SPRF-SE";"DEL02-SE";"UOP03-DEL02-SE"
187801;2019-01-27;"domingo";"18:35:00";"SE";235;5,3;"NOSSA SENHORA DO SOCORRO";"Restrição de Visibilidade";"Atropelamento de Pedestre";"Com Vítimas Fatais";"Plena Noite";"Decrescente";"Céu Claro";"Dupla";"Reta";"Sim";3;1;0;0;2;0;0;2;-10,9041;-37,1278;"SPRF-SE";"DEL01-SE";"UOP01-DEL01-SE"
187802;2019-01-27;"domingo";"19:45:00";"SP";116;205;"ARUJA";"Falta de Atenção à Condução";"Colisão lateral";"Com Vítimas Feridas";"Plena Noite";"Crescente";"Nublado";"Dupla";"Reta";"Sim";2;0;1;0;1;0;1;2;-23,41824621;-46,37290049;"SPRF-SP";"DEL01-SP";"UOP01-DEL01-SP"
187803;2019-01-27;"domingo";"17:10:00";"PR";277;162,1;"PALMEIRA";"Falta de Atenção à Condução";"Colisão transversal";"Com Vítimas Feridas";"Pleno dia";"Crescente";"Chuva";"Simples";"Interseção de Vias";"Não";3;0;1;0;1;1;1;2;-25,44743565;-49,95649159;"SPRF-PR";"DEL01-PR";"UOP06-DEL01-PR"
187804;2019-01-27;"domingo";"19:00:00";"RS";471;172;"RIO PARDO";"Ingestão de Álcool";"Capotamento";"Com Vítimas Feridas";"Pleno dia";"Decrescente";"Céu Claro";"Simples";"Declive";"Sim";5;0;3;2;0;0;5;1;-29,96600211;-52,36988267;"SPRF-RS";"DEL02-RS";"UOP02-DEL02-RS"
187805;2019-01-27;"domingo";"19:00:00";"SP";116;172,4;"GUARAREMA";"Falta de Atenção à Condução";"Colisão traseira";"Com Vítimas Feridas";"Anoitecer";"Crescente";"Céu Claro";"Dupla";"Declive;Reta";"Não";3;0;1;0;2;0;1;2;-23,31506504;-46,07219696;"SPRF-SP";"DEL02-SP";"UOP01-DEL02-SP"
187806;2019-01-27;"domingo";"18:45:00";"BA";324;378;"SAO JOSE DO JACUIPE";"Velocidade Incompatível";"Saída de leito carroçável";"Com Vítimas Fatais";"Plena Noite";"Crescente";"Céu Claro";"Simples";"Reta";"Não";3;3;0;0;0;0;0;1;-11,45878517;-39,80471134;"SPRF-BA";"DEL04-BA";"UOP02-DEL04-BA"
187807;2019-01-27;"domingo";"17:30:00";"RR";174;8;"BOA VISTA";"Defeito Mecânico no Veículo";"Saída de leito carroçável";"Com Vítimas Feridas";"Anoitecer";"Decrescente";"Céu Claro";"Simples";"Curva";"Não";6;0;0;5;1;0;5;1;2,819364;-60,673775;"SPRF-RR";"DEL01-RR";"UOP01-DEL01-RR"
187808;2019-01-27;"domingo";"19:30:00";"RS";158;558,1;"SANTANA DO LIVRAMENTO";"Mal Súbito";"Colisão com objeto estático";"Com Vítimas Feridas";"Pleno dia";"Crescente";"Sol";"Simples";"Aclive";"Não";4;0;1;0;3;0;1;1;-30,84212865;-55,43314934;"SPRF-RS";"DEL11-RS";"UOP01-DEL11-RS"
187810;2019-01-27;"domingo";"18:30:00";"AP";210;1,8;"MACAPA";"Ingestão de Álcool";"Colisão transversal";"Com Vítimas Feridas";"Anoitecer";"Decrescente";"Céu Claro";"Múltipla";"Interseção de Vias";"Sim";2;0;1;0;1;0;1;2;0,0822282;-51,07737157;"SPRF-AP";"DEL01-AP";"UOP01-DEL01-AP"
187811;2019-01-27;"domingo";"17:50:00";"PB";230;108,9;"INGA";"Falta de Atenção do Pedestre";"Atropelamento de Pedestre";"Com Vítimas Feridas";"Anoitecer";"Crescente";"Céu Claro";"Dupla";"Reta";"Não";2;0;0;1;0;1;1;2;-7,203;-35,5483;"SPRF-PB";"DEL01-PB";"UOP03-DEL01-PB"
187812;2019-01-27;"domingo";"19:30:00";"MG";267;154,5;"LIMA DUARTE";"Ingestão de Álcool";"Capotamento";"Sem Vítimas";"Anoitecer";"Decrescente";"Céu Claro";"Simples";"Curva";"Não";3;0;0;0;3;0;0;1;-21,83552776;-43,77279282;"SPRF-MG";"DEL05-MG";"UOP01-DEL05-MG"
187813;2019-01-27;"domingo";"20:40:00";"SC";101;131;"BALNEARIO CAMBORIU";"Falta de Atenção à Condução";"Colisão frontal";"Com Vítimas Feridas";"Plena Noite";"Crescente";"Chuva";"Simples";"Reta";"Não";2;0;1;0;1;0;1;2;-26,9965;-48,6555;"SPRF-SC";"DEL04-SC";"UOP03-DEL04-SC"
187815;2019-01-27;"domingo";"18:00:00";"RJ";101;281,4;"TANGUA";"Desobediência às normas de trânsito pelo pedestre";"Atropelamento de Pedestre";"Com Vítimas Feridas";"Pleno dia";"Crescente";"Céu Claro";"Dupla";"Reta";"Sim";2;0;1;0;1;0;1;2;-22,737854;-42,787022;"SPRF-RJ";"DEL02-RJ";"UOP03-DEL02-RJ"
187816;2019-01-27;"domingo";"19:50:00";"MS";463;11;"DOURADOS";"Defeito Mecânico no Veículo";"Queda de ocupante de veículo";"Com Vítimas Feridas";"Plena Noite";"Decrescente";"Céu Claro";"Simples";"Curva";"Não";2;0;2;0;0;0;2;1;-22,246962;-54,909012;"SPRF-MS";"DEL04-MS";"UOP01-DEL04-MS"
187817;2019-01-27;"domingo";"17:00:00";"MA";10;320;"ACAILANDIA";"Não guardar distância de segurança";"Colisão traseira";"Com Vítimas Feridas";"Pleno dia";"Decrescente";"Chuva";"Simples";"Reta";"Sim";2;0;0;1;1;0;1;2;-4,952405;-47,503384;"SPRF-MA";"DEL04-MA";"UOP03-DEL04-MA"
187819;2019-01-27;"domingo";"21:05:00";"SC";101;325,7;"CAPIVARI DE BAIXO";"Defeito Mecânico no Veículo";"Tombamento";"Com Vítimas Feridas";"Plena Noite";"Decrescente";"Céu Claro";"Múltipla";"Reta";"Não";2;0;2;0;0;0;2;1;-28,4245;-48,938;"SPRF-SC";"DEL02-SC";"UOP01-DEL02-SC"
187820;2019-01-27;"domingo";"16:30:00";"BA";324;542,7;"AMELIA RODRIGUES";"Falta de Atenção à Condução";"Colisão com objeto estático";"Com Vítimas Feridas";"Pleno dia";"Decrescente";"Céu Claro";"Dupla";"Curva";"Sim";3;0;2;0;0;1;2;2;-12,40204178;-38,7563324;"SPRF-BA";"DEL01-BA";"UOP01-DEL01-BA"
187821;2019-01-27;"domingo";"21:00:00";"SC";280;54,5;"GUARAMIRIM";"Falta de Atenção à Condução";"Colisão transversal";"Com Vítimas Feridas";"Plena Noite";"Decrescente";"Nublado";"Simples";"Reta";"Sim";3;0;2;0;1;0;2;2;-26,475399;-48,983723;"SPRF-SC";"DEL03-SC";"UOP03-DEL03-SC"
187822;2019-01-27;"domingo";"18:45:00";"RO";364;15,9;"VILHENA";"Ingestão de Álcool";"Atropelamento de Pedestre";"Com Vítimas Feridas";"Plena Noite";"Decrescente";"Chuva";"Dupla";"Reta";"Sim";3;0;0;1;2;0;1;3;-12,736713;-60,148098;"SPRF-RO";"DEL04-RO";"UOP01-DEL04-RO"
187823;2019-01-27;"domingo";"18:15:00";"PI";316;8;"TERESINA";"Ingestão de Álcool";"Colisão frontal";"Com Vítimas Feridas";"Plena Noite";"Decrescente";"Chuva";"Simples";"Reta";"Sim";5;0;2;0;3;0;2;2;-5,164865;-42,768986;"SPRF-PI";"DEL01-PI";"UOP02-DEL01-PI"
187824;2019-01-27;"domingo";"21:25:00";"SC";101;176;"BIGUACU";"Velocidade Incompatível";"Colisão com objeto estático";"Com Vítimas Feridas";"Plena Noite";"Crescente";"Chuva";"Dupla";"Curva";"Não";1;0;1;0;0;0;1;1;-27,3557;-48,6322;"SPRF-SC";"DEL01-SC";"UOP01-DEL01-SC"
187825;2019-01-27;"domingo";"21:20:00";"RJ";116;195;"QUEIMADOS";"Falta de Atenção à Condução";"Colisão traseira";"Com Vítimas Feridas";"Plena Noite";"Decrescente";"Céu Claro";"Dupla";"Reta";"Não";2;0;1;0;0;1;1;2;-22,735729;-43,547646;"SPRF-RJ";"DEL01-RJ";"UOP03-DEL01-RJ"
187826;2019-01-27;"domingo";"21:20:00";"SP";153;101,6;"JOSE BONIFACIO";"Falta de Atenção à Condução";"Colisão traseira";"Sem Vítimas";"Plena Noite";"Crescente";"Céu Claro";"Simples";"Reta";"Não";2;0;0;0;2;0;0;2;-21,014778;-49,638386;"SPRF-SP";"DEL09-SP";"UOP01-DEL09-SP"
187827;2019-01-27;"domingo";"20:40:00";"PR";272;368,5;"CAMPO MOURAO";"Falta de Atenção do Pedestre";"Atropelamento de Pedestre";"Com Vítimas Feridas";"Plena Noite";"Crescente";"Céu Claro";"Dupla";"Reta";"Sim";2;0;1;0;1;0;1;2;-24,054752;-52,410614;"SPRF-PR";"DEL04-PR";"UOP03-DEL09-PR"
187829;2019-01-27;"domingo";"20:20:00";"PA";155;342,3;"MARABA";"Ingestão de Álcool";"Colisão traseira";"Sem Vítimas";"Plena Noite";"Decrescente";"Chuva";"Simples";"Reta";"Não";1;0;0;0;1;0;0;1;-5,378458;-49,076744;"SPRF-PA";"DEL03-PA";"UOP01-DEL03-PA"
187830;2019-01-27;"domingo";"19:00:00";"SC";101;435,5;"SOMBRIO";"Desobediência às normas de trânsito pelo condutor";"Colisão transversal";"Com Vítimas Feridas";"Pleno dia";"Crescente";"Céu Claro";"Simples";"Rotatória";"Sim";3;0;1;0;2;0;1;2;-29,107;-49,6369;"SPRF-SC";"DEL02-SC";"UOP02-DEL02-SC"
187831;2019-01-27;"domingo";"18:55:00";"BA";324;0;"FEIRA DE SANTANA";"Falta de Atenção à Condução";"Colisão traseira";"Com Vítimas Feridas";"Plena Noite";"Decrescente";"Céu Claro";"Dupla";"Aclive";"Sim";3;0;1;1;1;0;2;2;-12,267113;-38,966988;"SPRF-BA";"DEL02-BA";"UOP01-DEL02-BA"
187832;2019-01-27;"domingo";"21:00:00";"RS";101;7;"TORRES";"Velocidade Incompatível";"Colisão transversal";"Sem Vítimas";"Plena Noite";"Decrescente";"Céu Claro";"Dupla";"Curva";"Sim";2;0;0;0;2;0;0;2;-29,354038;-49,800503;"SPRF-RS";"DEL03-RS";"DEL9/3-UOP03/RS"
187834;2019-01-27;"domingo";"22:30:00";"PR";369;56,5;"BANDEIRANTES";"Ingestão de álcool e/ou substâncias psicoativas pelo pedestre";"Atropelamento de Pedestre";"Com Vítimas Feridas";"Plena Noite";"Decrescente";"Céu Claro";"Simples";"Declive";"Sim";3;0;1;0;2;0;1;2;-23,11154427;-50,37327468;"SPRF-PR";"DEL07-PR";"UOP05-DEL07-PR"
187835;2019-01-27;"domingo";"21:30:00";"MG";381;915,8;"CAMANDUCAIA";"Falta de Atenção à Condução";"Colisão lateral";"Sem Vítimas";"Plena Noite";"Crescente";"Céu Claro";"Dupla";"Curva;Declive";"Não";5;0;0;0;4;1;0;5;-22,7369;-46,1349;"SPRF-MG";"DEL16-MG";"UOP03-DEL16-MG"
187836;2019-01-27;"domingo";"20:00:00";"RJ";101;507;"ANGRA DOS REIS";"Ingestão de Álcool";"Capotamento";"Com Vítimas Feridas";"Anoitecer";"Crescente";"Céu Claro";"Simples";"Reta";"Não";6;0;3;2;1;0;5;1;-22,94061738;-44,41844076;"SPRF-RJ";"DEL03-RJ";"UOP02-DEL03-RJ"
187837;2019-01-27;"domingo";"21:45:00";"PB";230;27,1;"JOAO PESSOA";"Ingestão de Álcool";"Atropelamento de Pedestre";"Com Vítimas Feridas";"Plena Noite";"Decrescente";"Garoa/Chuvisco";"Dupla";"Reta";"Sim";2;0;1;0;1;0;1;2;-7,16818987;-34,88474071;"SPRF-PB";"DEL01-PB";"UOP01-DEL01-PB"
187838;2019-01-27;"domingo";"22:06:00";"MG";381;828,6;"SAO SEBASTIAO DA BELA VISTA";"Desobediência às normas de trânsito pelo condutor";"Colisão transversal";"Com Vítimas Feridas";"Plena Noite";"Crescente";"Céu Claro";"Dupla";"Reta";"Não";4;0;3;1;0;0;4;2;-22,1178;-45,7549;"SPRF-MG";"DEL16-MG";"UOP01-DEL16-MG"
187839;2019-01-27;"domingo";"21:20:00";"PE";408;80,7;"PAUDALHO";"Velocidade Incompatível";"Tombamento";"Com Vítimas Feridas";"Plena Noite";"Decrescente";"Céu Claro";"Dupla";"Viaduto;Curva";"Não";5;0;3;0;0;2;3;1;-7,933738;-35,131231;"SPRF-PE";"DEL01-PE";"UOP01-DEL01-PE"
187840;2019-01-27;"domingo";"22:30:00";"RS";101;4,8;"MAQUINE";"Desobediência às normas de trânsito pelo condutor";"Colisão traseira";"Com Vítimas Feridas";"Plena Noite";"Crescente";"Céu Claro";"Simples";"Reta";"Não";2;0;0;1;1;0;1;2;-29,71906663;-50,19893646;"SPRF-RS";"DEL03-RS";"UOP01-DEL03-RS"
187842;2019-01-27;"domingo";"22:50:00";"SP";116;419,1;"JUQUIA";"Falta de Atenção à Condução";"Colisão com objeto estático";"Sem Vítimas";"Plena Noite";"Crescente";"Céu Claro";"Dupla";"Reta";"Não";1;0;0;0;0;1;0;1;-24,35710549;-47,6751709;"SPRF-SP";"DEL05-SP";"UOP01-DEL05-SP"
187843;2019-01-27;"domingo";"23:15:00";"SP";116;201;"ARUJA";"Falta de Atenção à Condução";"Saída de leito carroçável";"Com Vítimas Feridas";"Plena Noite";"Crescente";"Céu Claro";"Dupla";"Reta";"Sim";3;0;1;0;2;0;1;1;-23,40284368;-46,32654883;"SPRF-SP";"DEL01-SP";"UOP02-DEL01-SP"
187844;2019-01-27;"domingo";"22:30:00";"MS";163;258,3;"DOURADOS";"Mal Súbito";"Saída de leito carroçável";"Com Vítimas Feridas";"Plena Noite";"Decrescente";"Céu Claro";"Dupla";"Reta";"Sim";1;0;0;1;0;0;1;1;-22,25636465;-54,77937136;"SPRF-MS";"DEL04-MS";"UOP01-DEL04-MS"
187845;2019-01-27;"domingo";"20:00:00";"TO";153;202,8;"NOVA OLINDA";"Falta de Atenção à Condução";"Queda de ocupante de veículo";"Com Vítimas Feridas";"Plena Noite";"Crescente";"Nublado";"Simples";"Reta";"Não";1;0;1;0;0;0;1;1;-7,666296;-48,425659;"SPRF-TO";"DEL02-TO";"UOP01-DEL02-TO"
187846;2019-01-27;"domingo";"23:44:00";"SC";101;204;"SAO JOSE";"Ingestão de Álcool";"Colisão lateral";"Com Vítimas Feridas";"Plena Noite";"Crescente";"Nublado";"Múltipla";"Reta";"Sim";5;0;3;0;2;0;3;3;-27,5832;-48,6151;"SPRF-SC";"DEL01-SC";"UOP01-DEL01-SC"
187847;2019-01-27;"domingo";"22:30:00";"ES";101;79;"SAO MATEUS";"Falta de Atenção à Condução";"Queda de ocupante de veículo";"Com Vítimas Feridas";"Plena Noite";"Decrescente";"Nublado";"Simples";"Reta";"Não";1;0;1;0;0;0;1;1;-18,720545;-39,865883;"SPRF-ES";"DEL04-ES";"UOP02-DEL04-ES"
187849;2019-01-27;"domingo";"13:20:00";"PR";116;80;"PIRAQUARA";"Falta de Atenção à Condução";"Capotamento";"Com Vítimas Feridas";"Pleno dia";"Crescente";"Ignorado";"Dupla";"Curva";"Não";1;0;0;1;0;0;1;1;-25,403618;-49,059505;"SPRF-PR";"DEL01-PR";"UOP01-DEL01-PR"
187850;2019-01-28;"segunda-feira";"00:38:00";"SC";101;205;"SAO JOSE";"Velocidade Incompatível";"Colisão lateral";"Com Vítimas Feridas";"Plena Noite";"Decrescente";"Nublado";"Dupla";"Reta";"Sim";2;0;1;0;0;1;1;2;-27,592;-48,6181;"SPRF-SC";"DEL01-SC";"UOP01-DEL01-SC"
187852;2019-01-27;"domingo";"19:50:00";"CE";116;401,2;"UMARI";"Falta de Atenção à Condução";"Tombamento";"Com Vítimas Feridas";"Plena Noite";"Crescente";"Céu Claro";"Simples";"Reta";"Não";1;0;1;0;0;0;1;1;-6,62210826;-38,83216381;"SPRF-CE";"DEL05-CE";"UOP01-DEL05-CE"
187853;2019-01-27;"domingo";"21:45:00";"MA";10;175,8;"CAMPESTRE DO MARANHAO";"Desobediência às normas de trânsito pelo condutor";"Colisão transversal";"Com Vítimas Feridas";"Plena Noite";"Decrescente";"Céu Claro";"Dupla";"Reta";"Sim";3;0;0;2;0;1;2;2;-6,1786161;-47,3637563;"SPRF-MA";"DEL04-MA";"UOP02-DEL04-MA"
187856;2019-01-28;"segunda-feira";"01:00:00";"SC";101;75,9;"ARAQUARI";"Desobediência às normas de trânsito pelo condutor";"Colisão lateral";"Com Vítimas Fatais";"Plena Noite";"Decrescente";"Céu Claro";"Dupla";"Reta";"Não";3;1;0;0;1;1;0;3;-26,5621;-48,72;"SPRF-SC";"DEL03-SC";"UOP02-DEL03-SC"
187857;2019-01-27;"domingo";"18:50:00";"RO";174;15;"VILHENA";"Falta de Atenção à Condução";"Colisão transversal";"Com Vítimas Feridas";"Plena Noite";"Crescente";"Nublado";"Simples";"Reta";"Sim";3;0;1;1;1;0;2;2;-12,723321;-60,12801;"SPRF-RO";"DEL04-RO";"UOP01-DEL04-RO"
187858;2019-01-27;"domingo";"22:30:00";"PB";230;369,5;"MALTA";"Falta de Atenção à Condução";"Saída de leito carroçável";"Com Vítimas Feridas";"Plena Noite";"Crescente";"Céu Claro";"Simples";"Reta";"Não";3;0;2;1;0;0;3;1;-6,9068;-37,5407;"SPRF-PB";"DEL03-PB";"UOP02-DEL03-PB"
187859;2019-01-28;"segunda-feira";"00:45:00";"PE";104;90,1;"AGRESTINA";"Animais na Pista";"Atropelamento de Animal";"Com Vítimas Feridas";"Plena Noite";"Crescente";"Céu Claro";"Simples";"Reta";"Não";2;0;1;0;1;0;1;1;-8,478865;-35,94445;"SPRF-PE";"DEL02-PE";"UOP01-DEL02-PE"
187861;2019-01-28;"segunda-feira";"00:15:00";"PB";230;32;"BAYEUX";"Defeito na Via";"Colisão traseira";"Sem Vítimas";"Plena Noite";"Decrescente";"Chuva";"Dupla";"Reta";"Sim";2;0;0;0;1;1;0;2;-7,143;-34,9192;"SPRF-PB";"DEL01-PB";"UOP01-DEL01-PB"
187863;2019-01-27;"domingo";"23:38:00";"MG";116;244,2;"TEOFILO OTONI";"Ingestão de Álcool";"Colisão lateral";"Sem Vítimas";"Plena Noite";"Crescente";"Nublado";"Simples";"Curva";"Não";3;0;0;0;2;1;0;2;-17,595211;-41,491335;"SPRF-MG";"DEL11-MG";"UOP01-DEL11-MG"
187865;2019-01-28;"segunda-feira";"04:20:00";"DF";70;19;"BRASILIA";"Animais na Pista";"Capotamento";"Com Vítimas Feridas";"Plena Noite";"Decrescente";"Céu Claro";"Múltipla";"Reta";"Não";4;0;3;0;1;0;3;1;-15,788868;-48,220242;"SPRF-DF";"DEL01-DF";"UOP02-DEL03-DF"
187869;2019-01-28;"segunda-feira";"03:20:00";"PB";230;51,1;"CRUZ DO ESPIRITO SANTO";"Ingestão de Álcool";"Colisão com objeto estático";"Sem Vítimas";"Pleno dia";"Crescente";"Nublado";"Dupla";"Reta";"Não";1;0;0;0;1;0;0;1;-7,1897;-35,0615;"SPRF-PB";"DEL01-PB";"UOP03-DEL01-PB"
187870;2019-01-28;"segunda-feira";"05:30:00";"AL";101;115;"PILAR";"Velocidade Incompatível";"Saída de leito carroçável";"Com Vítimas Feridas";"Amanhecer";"Crescente";"Chuva";"Simples";"Reta";"Não";1;0;1;0;0;0;1;1;-9,628554;-36,030724;"SPRF-AL";"DEL02-AL";"UOP01-DEL02-AL"
187871;2019-01-28;"segunda-feira";"04:20:00";"MG";365;320,9;"SAO GONCALO DO ABAETE";"Animais na Pista";"Atropelamento de Animal";"Com Vítimas Feridas";"Plena Noite";"Crescente";"Céu Claro";"Simples";"Reta";"Não";2;0;0;1;0;1;1;2;-18,269438;-45,885796;"SPRF-MG";"DEL10-MG";"UOP01-DEL10-MG"
187873;2019-01-28;"segunda-feira";"06:49:00";"SP";116;218;"GUARULHOS";"Falta de Atenção à Condução";"Colisão lateral";"Com Vítimas Feridas";"Amanhecer";"Crescente";"Nublado";"Múltipla";"Declive";"Não";4;0;2;0;2;0;2;2;-23,46209681;-46,49002361;"SPRF-SP";"DEL01-SP";"UOP01-DEL01-SP"
187874;2019-01-28;"segunda-feira";"05:45:00";"MG";364;29,6;"FRUTAL";"Animais na Pista";"Atropelamento de Animal";"Com Vítimas Feridas";"Plena Noite";"Decrescente";"Nevoeiro/Neblina";"Simples";"Declive";"Sim";1;0;1;0;0;0;1;1;-20,01547759;-48,91495412;"SPRF-MG";"DEL13-MG";"UOP02-DEL13-MG"
187875;2019-01-28;"segunda-feira";"06:25:00";"PE";101;73,2;"RECIFE";"Falta de Atenção à Condução";"Tombamento";"Com Vítimas Feridas";"Pleno dia";"Decrescente";"Céu Claro";"Dupla";"Curva";"Não";1;0;1;0;0;0;1;1;-8,1027;-34,9483;"SPRF-PE";"DEL01-PE";"UOP01-DEL01-PE"
187876;2019-01-28;"segunda-feira";"07:10:00";"MG";40;565,7;"NOVA LIMA";"Desobediência às normas de trânsito pelo condutor";"Colisão transversal";"Com Vítimas Feridas";"Pleno dia";"Decrescente";"Céu Claro";"Simples";"Reta";"Não";2;0;1;0;1;0;1;2;-20,1784;-43,9663;"SPRF-MG";"DEL01-MG";"UOP02-DEL01-MG"
187878;2019-01-28;"segunda-feira";"07:20:00";"GO";70;9;"AGUAS LINDAS DE GOIAS";"Falta de Atenção do Pedestre";"Atropelamento de Pedestre";"Com Vítimas Feridas";"Amanhecer";"Crescente";"Céu Claro";"Dupla";"Reta";"Sim";2;0;1;0;1;0;1;2;-15,7359;-48,2829;"SPRF-DF";"DEL01-DF";"UOP02-DEL03-DF"
187880;2019-01-28;"segunda-feira";"03:00:00";"SC";282;427,2;"VARGEM BONITA";"Defeito Mecânico no Veículo";"Incêndio";"Sem Vítimas";"Plena Noite";"Crescente";"Céu Claro";"Simples";"Reta";"Não";43;0;0;0;43;0;0;1;-26,975946;-51,771011;"SPRF-SC";"DEL07-SC";"UOP05-DEL07-SC"
187881;2019-01-28;"segunda-feira";"06:55:00";"SP";153;62;"SAO JOSE DO RIO PRETO";"Falta de Atenção à Condução";"Engavetamento";"Com Vítimas Feridas";"Pleno dia";"Crescente";"Céu Claro";"Dupla";"Reta";"Sim";6;0;3;0;3;0;3;3;-20,81328;-49,356758;"SPRF-SP";"DEL09-SP";"UOP01-DEL09-SP"
187882;2019-01-28;"segunda-feira";"07:50:00";"SC";101;129;"BALNEARIO CAMBORIU";"Defeito Mecânico no Veículo";"Saída de leito carroçável";"Com Vítimas Feridas";"Pleno dia";"Crescente";"Céu Claro";"Dupla";"Reta";"Não";2;0;2;0;0;0;2;1;-26,984;-48,6695;"SPRF-SC";"DEL04-SC";"UOP03-DEL04-SC"
187883;2019-01-28;"segunda-feira";"07:05:00";"RJ";101;529;"ANGRA DOS REIS";"Restrição de Visibilidade";"Colisão traseira";"Sem Vítimas";"Pleno dia";"Decrescente";"Sol";"Dupla";"Reta";"Não";2;0;0;0;2;0;0;2;-23,02479343;-44,50947225;"SPRF-RJ";"DEL03-RJ";"UOP02-DEL03-RJ"
187885;2019-01-28;"segunda-feira";"06:15:00";"MG";40;280,3;"TRES MARIAS";"Restrição de Visibilidade";"Atropelamento de Pedestre";"Com Vítimas Feridas";"Amanhecer";"Crescente";"Nublado";"Simples";"Reta";"Não";2;0;1;1;0;0;2;2;-18,23509;-45,213764;"SPRF-MG";"DEL14-MG";"UOP02-DEL14-MG"
187886;2019-01-28;"segunda-feira";"07:05:00";"MS";60;392,9;"SIDROLANDIA";"Ingestão de Álcool";"Saída de leito carroçável";"Sem Vítimas";"Pleno dia";"Decrescente";"Céu Claro";"Simples";"Reta";"Não";1;0;0;0;0;1;0;1;-20,89555;-54,865681;"SPRF-MS";"DEL01-MS";"UOP04-DEL01-MS"
187887;2019-01-28;"segunda-feira";"07:00:00";"MG";381;772,3;"CAMPANHA";"Condutor Dormindo";"Saída de leito carroçável";"Com Vítimas Feridas";"Pleno dia";"Decrescente";"Sol";"Dupla";"Reta";"Não";3;0;1;1;1;0;2;1;-21,7793;-45,4312;"SPRF-MG";"DEL16-MG";"UOP02-DEL16-MG"
187888;2019-01-27;"domingo";"12:30:00";"BA";116;808;"VITORIA DA CONQUISTA";"Falta de Atenção à Condução";"Saída de leito carroçável";"Com Vítimas Feridas";"Pleno dia";"Decrescente";"Céu Claro";"Simples";"Reta";"Não";1;0;1;0;0;0;1;1;-14,78293265;-40,74108124;"SPRF-BA";"DEL08-BA";"UOP01-DEL08-BA"
187889;2019-01-28;"segunda-feira";"07:30:00";"RJ";101;320;"NITEROI";"Não guardar distância de segurança";"Colisão traseira";"Com Vítimas Feridas";"Amanhecer";"Crescente";"Céu Claro";"Dupla";"Curva";"Sim";2;0;1;0;1;0;1;2;-22,861752;-43,107143;"SPRF-RJ";"DEL02-RJ";"UOP02-DEL02-RJ"
187890;2019-01-28;"segunda-feira";"08:00:00";"ES";101;285,5;"CARIACICA";"Defeito Mecânico no Veículo";"Tombamento";"Com Vítimas Feridas";"Pleno dia";"Crescente";"Céu Claro";"Dupla";"Reta";"Sim";1;0;0;1;0;0;1;1;-20,25515931;-40,37536833;"SPRF-ES";"DEL01-ES";"UOP01-DEL01-ES"
187891;2019-01-28;"segunda-feira";"07:55:00";"RJ";101;318;"SAO GONCALO";"Não guardar distância de segurança";"Colisão lateral";"Com Vítimas Feridas";"Pleno dia";"Crescente";"Céu Claro";"Dupla";"Reta";"Sim";2;0;1;0;1;0;1;2;-22,845663;-43,098431;"SPRF-RJ";"DEL02-RJ";"DEL5/2-UOP04/RJ"
187892;2019-01-28;"segunda-feira";"08:35:00";"SP";116;226,5;"SAO PAULO";"Não guardar distância de segurança";"Colisão traseira";"Com Vítimas Feridas";"Pleno dia";"Crescente";"Sol";"Múltipla";"Reta";"Sim";2;0;0;1;0;1;1;2;-23,496067;-46,556465;"SPRF-SP";"DEL01-SP";"UOP01-DEL01-SP"
187893;2019-01-28;"segunda-feira";"06:50:00";"BA";101;514;"ITABUNA";"Falta de Atenção à Condução";"Colisão traseira";"Com Vítimas Feridas";"Pleno dia";"Decrescente";"Céu Claro";"Simples";"Curva";"Não";2;0;1;0;1;0;1;2;-14,8675;-39,281;"SPRF-BA";"DEL05-BA";"UOP01-DEL05-BA"
187896;2019-01-28;"segunda-feira";"07:30:00";"PR";376;601,2;"CURITIBA";"Falta de Atenção à Condução";"Colisão lateral";"Com Vítimas Feridas";"Pleno dia";"Decrescente";"Céu Claro";"Dupla";"Reta";"Sim";2;0;1;0;1;0;1;2;-25,53864675;-49,3127346;"SPRF-PR";"DEL01-PR";"UOP06-DEL01-PR"
187898;2019-01-27;"domingo";"06:10:00";"RS";116;158,8;"CAXIAS DO SUL";"Falta de Atenção à Condução";"Colisão traseira";"Com Vítimas Feridas";"Amanhecer";"Crescente";"Céu Claro";"Simples";"Reta";"Sim";3;0;0;1;2;0;1;2;-29,220163;-51,168655;"SPRF-RS";"DEL05-RS";"UOP01-DEL05-RS"
187899;2019-01-28;"segunda-feira";"07:25:00";"PI";316;1,1;"TERESINA";"Não guardar distância de segurança";"Colisão traseira";"Com Vítimas Feridas";"Pleno dia";"Crescente";"Nublado";"Dupla";"Reta";"Sim";3;0;2;0;1;0;2;2;-5,128619;-42,807068;"SPRF-PI";"DEL01-PI";"UOP02-DEL01-PI"
187900;2019-01-28;"segunda-feira";"02:00:00";"PA";155;321;"MARABA";"Pista Escorregadia";"Saída de leito carroçável";"Com Vítimas Feridas";"Plena Noite";"Decrescente";"Chuva";"Simples";"Reta";"Não";1;0;1;0;0;0;1;1;-5,566488;-49,076946;"SPRF-PA";"DEL03-PA";"UOP01-DEL03-PA"