"id";"data_inversa";"dia_semana";"horario";"uf";"br";"km";"municipio";"causa_acidente";"tipo_acidente";"classificacao_acidente";"fase_dia";"sentido_via";"condicao_metereologica";"tipo_pista";"tracado_via";"uso_solo";"pessoas";"mortos";"feridos_leves";"feridos_graves";"ilesos";"ignorados";"feridos";"veiculos";"latitude";"longitude";"regional";"delegacia";"uop"
188157;2019-01-29;"terça-feira";"14:35:00";"MT";158;570;"AGUA BOA";"Defeito Mecânico no Veículo";"Queda de ocupante de veículo";"Com Vítimas Feridas";"Pleno dia";"Decrescente";"Céu Claro";"Simples";"Curva";"Sim";2;0;2;0;0;0;2;1;-14,0868611;-52,1609142;"SPRF-MT";"DEL07-MT";"UOP02-DEL07-MT"
188158;2019-01-29;"terça-feira";"16:35:00";"SC";101;137,5;"BALNEARIO CAMBORIU";"Desobediência às normas de trânsito pelo condutor";"Colisão frontal";"Com Vítimas Feridas";"Pleno dia";"Crescente";"Nublado";"Simples";"Reta";"Sim";3;0;1;0;1;1;1;3;-27,024;-48,6074;"SPRF-SC";"DEL04-SC";"UOP03-DEL04-SC"
188160;2019-01-29;"terça-feira";"13:00:00";"AC";364;138,7;"RIO BRANCO";"Defeito Mecânico no Veículo";"Colisão com objeto estático";"Sem Vítimas";"Pleno dia";"Decrescente";"Céu Claro";"Dupla";"Curva";"Sim";1;0;0;0;1;0;0;1;-9,961135;-67,856461;"SPRF-AC";"DEL01-AC";"UOP01-DEL01-AC"
188162;2019-01-03;"quinta-feira";"19:45:00";"PB";230;198,9;"POCINHOS";"Ultrapassagem Indevida";"Colisão frontal";"Com Vítimas Fatais";"Plena Noite";"Crescente";"Céu Claro";"Simples";"Reta";"Não";4;2;1;1;0;0;2;2;-7,1106;-36,22;"SPRF-PB";"DEL02-PB";"UOP02-DEL02-PB"
188163;2019-01-29;"terça-feira";"12:00:00";"ES";262;100;"VENDA NOVA DO IMIGRANTE";"Condutor Dormindo";"Tombamento";"Sem Vítimas";"Pleno dia";"Decrescente";"Céu Claro";"Simples";"Reta";"Não";1;0;0;0;1;0;0;1;-20,3488;-41,1028;"SPRF-ES";"DEL01-ES";"UOP02-DEL01-ES"
188166;2019-01-29;"terça-feira";"16:40:00";"MG";116;417;"GOVERNADOR VALADARES";"Desobediência às normas de trânsito pelo condutor";"Colisão lateral";"Com Vítimas Feridas";"Pleno dia";"Crescente";"Sol";"Simples";"Reta";"Sim";3;0;0;2;1;0;2;2;-18,89741007;-41,94723845;"SPRF-MG";"DEL06-MG";"UOP01-DEL06-MG"
188167;2019-01-29;"terça-feira";"17:30:00";"PR";277;589;"CASCAVEL";"Falta de Atenção à Condução";"Colisão transversal";"Sem Vítimas";"Pleno dia";"Crescente";"Céu Claro";"Simples";"Interseção de Vias";"Sim";2;0;0;0;2;0;0;2;-25,02817;-53,55983;"SPRF-PR";"DEL04-PR";"UOP01-DEL04-PR"
188169;2019-01-29;"terça-feira";"17:45:00";"SC";101;135,3;"BALNEARIO CAMBORIU";"Defeito Mecânico no Veículo";"Tombamento";"Com Vítimas Feridas";"Pleno dia";"Crescente";"Sol";"Dupla";"Reta";"Sim";1;0;1;0;0;0;1;1;-27,0081;-48,617;"SPRF-SC";"DEL04-SC";"UOP03-DEL04-SC"
188170;2019-01-29;"terça-feira";"17:05:00";"RJ";116;179;"BELFORD ROXO";"Não guardar distância de segurança";"Colisão lateral";"Com Vítimas Feridas";"Pleno dia";"Crescente";"Céu Claro";"Dupla";"Reta";"Não";4;0;2;1;1;0;3;3;-22,769873;-43,408077;"SPRF-RJ";"DEL01-RJ";"UOP02-DEL01-RJ"
188171;2019-01-29;"terça-feira";"17:40:00";"MG";381;493,5;"BETIM";"Pista Escorregadia";"Tombamento";"Com Vítimas Feridas";"Pleno dia";"Crescente";"Chuva";"Múltipla";"Reta";"Sim";2;0;1;0;1;0;1;2;-19,966;-44,1775;"SPRF-MG";"DEL01-MG";"UOP03-DEL01-MG"
188173;2019-01-29;"terça-feira";"16:40:00";"RS";290;151;"ARROIO DOS RATOS";"Desobediência às normas de trânsito pelo condutor";"Colisão frontal";"Com Vítimas Feridas";"Pleno dia";"Crescente";"Sol";"Simples";"Reta";"Sim";4;0;2;0;2;0;2;2;-30,105392;-51,717197;"SPRF-RS";"DEL02-RS";"UOP01-DEL02-RS"
188174;2019-01-29;"terça-feira";"17:45:00";"MG";50;77;"UBERLANDIA";"Pista Escorregadia";"Colisão com objeto estático";"Com Vítimas Feridas";"Pleno dia";"Crescente";"Chuva";"Simples";"Curva";"Não";1;0;1;0;0;0;1;1;-18,84813713;-48,25195313;"SPRF-MG";"DEL15-MG";"UOP01-DEL15-MG"
188175;2019-01-29;"terça-feira";"17:00:00";"BA";110;244;"OLINDINA";"Desobediência às normas de trânsito pelo condutor";"Colisão lateral";"Com Vítimas Feridas";"Pleno dia";"Decrescente";"Céu Claro";"Simples";"Reta";"Sim";3;0;1;0;2;0;1;2;-11,373;-38,3178;"SPRF-BA";"DEL01-BA";"UOP04-DEL01-BA"
188176;2019-01-29;"terça-feira";"17:49:00";"SC";101;255;"PAULO LOPES";"Animais na Pista";"Tombamento";"Com Vítimas Feridas";"Pleno dia";"Crescente";"Céu Claro";"Simples";"Reta";"Sim";1;0;1;0;0;0;1;1;-27,9949;-48,6853;"SPRF-SC";"DEL02-SC";"UOP03-DEL02-SC"
188178;2019-01-29;"terça-feira";"17:10:00";"PE";101;46,5;"IGARASSU";"Falta de Atenção à Condução";"Colisão lateral";"Com Vítimas Feridas";"Anoitecer";"Crescente";"Céu Claro";"Múltipla";"Reta";"Sim";2;0;1;0;1;0;1;2;-7,8802;-34,905;"SPRF-PE";"DEL01-PE";"UOP02-DEL01-PE"
188179;2019-01-29;"terça-feira";"17:25:00";"PI";343;12,9;"PARNAIBA";"Ingestão de Álcool";"Colisão lateral";"Sem Vítimas";"Pleno dia";"Decrescente";"Sol";"Dupla";"Reta";"Sim";2;0;0;0;2;0;0;2;-2,910035;-41,753662;"SPRF-PI";"DEL05-PI";"UOP01-DEL05-PI"
188181;2019-01-29;"terça-feira";"18:10:00";"SP";381;61,2;"MAIRIPORA";"Pista Escorregadia";"Colisão com objeto estático";"Com Vítimas Feridas";"Pleno dia";"Crescente";"Nublado";"Dupla";"Curva";"Sim";2;0;1;0;1;0;1;1;-23,29294066;-46,5740774;"SPRF-SP";"DEL03-SP";"UOP01-DEL03-SP"
188182;2019-01-29;"terça-feira";"18:45:00";"PR";277;598;"CASCAVEL";"Falta de Atenção à Condução";"Colisão transversal";"Com Vítimas Feridas";"Pleno dia";"Crescente";"Céu Claro";"Simples";"Reta";"Sim";2;0;1;0;1;0;1;2;-24,99290404;-53,51277351;"SPRF-PR";"DEL04-PR";"UOP01-DEL04-PR"
188185;2019-01-29;"terça-feira";"17:30:00";"PR";277;118;"CAMPO LARGO";"Falta de Atenção à Condução";"Colisão transversal";"Com Vítimas Feridas";"Pleno dia";"Decrescente";"Céu Claro";"Simples";"Interseção de Vias";"Sim";2;0;1;0;1;0;1;2;-25,46363458;-49,58905242;"SPRF-PR";"DEL01-PR";"UOP06-DEL01-PR"
188186;2019-01-29;"terça-feira";"17:40:00";"SP";116;277,9;"EMBU DAS ARTES";"Não guardar distância de segurança";"Colisão traseira";"Com Vítimas Feridas";"Pleno dia";"Crescente";"Céu Claro";"Dupla";"Curva";"Sim";4;0;1;0;3;0;1;3;-23,635601;-46,826878;"SPRF-SP";"DEL04-SP";"UOP01-DEL04-SP"
188187;2019-01-29;"terça-feira";"18:30:00";"SP";488;4,9;"APARECIDA";"Defeito Mecânico no Veículo";"Colisão com objeto em movimento";"Com Vítimas Feridas";"Pleno dia";"Crescente";"Céu Claro";"Dupla";"Reta";"Sim";3;0;1;0;2;0;1;3;-22,86401612;-45,25556087;"SPRF-SP";"DEL08-SP";"UOP01-DEL08-SP"
188189;2019-01-29;"terça-feira";"18:25:00";"MG";116;704,6;"MURIAE";"Não guardar distância de segurança";"Colisão traseira";"Com Vítimas Feridas";"Pleno dia";"Crescente";"Sol";"Simples";"Reta";"Sim";2;0;1;0;1;0;1;2;-21,125323;-42,382291;"SPRF-MG";"DEL07-MG";"UOP02-DEL07-MG"
188190;2019-01-29;"terça-feira";"18:50:00";"GO";70;6;"AGUAS LINDAS DE GOIAS";"Defeito Mecânico no Veículo";"Queda de ocupante de veículo";"Com Vítimas Feridas";"Anoitecer";"Crescente";"Céu Claro";"Dupla";"Reta";"Sim";2;0;2;0;0;0;2;1;-15,7481;-48,2635;"SPRF-DF";"DEL01-DF";"UOP02-DEL03-DF"
188191;2019-01-29;"terça-feira";"19:08:00";"ES";101;144,7;"LINHARES";"Falta de Atenção à Condução";"Colisão traseira";"Com Vítimas Feridas";"Anoitecer";"Crescente";"Nublado";"Simples";"Reta";"Sim";3;0;0;1;2;0;1;2;-19,35951133;-40,06475777;"SPRF-ES";"DEL04-ES";"UOP01-DEL04-ES"
188192;2019-01-29;"terça-feira";"18:10:00";"MG";40;43,3;"PARACATU";"Desobediência às normas de trânsito pelo condutor";"Colisão lateral";"Com Vítimas Feridas";"Pleno dia";"Crescente";"Céu Claro";"Simples";"Reta";"Sim";2;0;1;0;1;0;1;2;-17,225937;-46,861691;"SPRF-MG";"DEL14-MG";"UOP01-DEL14-MG"
188197;2019-01-29;"terça-feira";"19:30:00";"RS";116;293;"CAMAQUA";"Falta de Atenção à Condução";"Colisão lateral";"Com Vítimas Feridas";"Anoitecer";"Decrescente";"Céu Claro";"Simples";"Reta";"Sim";5;0;3;0;2;0;3;2;-30,85434246;-51,7786932;"SPRF-RS";"DEL02-RS";"UOP01-DEL02-RS"
188198;2019-01-29;"terça-feira";"18:00:00";"RJ";101;316;"SAO GONCALO";"Falta de Atenção à Condução";"Colisão traseira";"Com Vítimas Feridas";"Pleno dia";"Crescente";"Céu Claro";"Dupla";"Reta";"Sim";2;0;1;0;1;0;1;2;-22,828388;-43,092102;"SPRF-RJ";"DEL02-RJ";"DEL5/2-UOP04/RJ"
188200;2019-01-29;"terça-feira";"19:50:00";"PR";277;669,5;"MEDIANEIRA";"Avarias e/ou desgaste excessivo no pneu";"Tombamento";"Com Vítimas Feridas";"Anoitecer";"Decrescente";"Céu Claro";"Dupla";"Reta";"Não";2;0;2;0;0;0;2;1;-25,275639;-54,071018;"SPRF-PR";"DEL05-PR";"UOP02-DEL05-PR"
188205;2019-01-29;"terça-feira";"20:05:00";"ES";101;96,6;"JAGUARE";"Falta de Atenção à Condução";"Colisão traseira";"Com Vítimas Feridas";"Plena Noite";"Decrescente";"Céu Claro";"Simples";"Declive";"Não";3;0;1;0;2;0;1;2;-18,95270108;-39,9823566;"SPRF-ES";"DEL04-ES";"UOP02-DEL04-ES"
188206;2019-01-29;"terça-feira";"16:35:00";"MA";402;21,4;"ROSARIO";"Defeito Mecânico no Veículo";"Incêndio";"Com Vítimas Feridas";"Pleno dia";"Decrescente";"Nublado";"Simples";"Reta";"Não";5;0;1;0;4;0;1;1;-2,925632;-44,159115;"SPRF-MA";"DEL01-MA";"UOP01-DEL01-MA"
188208;2019-01-29;"terça-feira";"18:30:00";"PR";369;403;"MAMBORE";"Defeito Mecânico no Veículo";"Incêndio";"Sem Vítimas";"Pleno dia";"Decrescente";"Céu Claro";"Simples";"Reta";"Não";1;0;0;0;1;0;0;1;-24,3211;-52,6431;"SPRF-PR";"DEL04-PR";"UOP03-DEL04-PR"
188209;2019-01-29;"terça-feira";"20:35:00";"DF";60;1,2;"BRASILIA";"Falta de Atenção do Pedestre";"Atropelamento de Pedestre";"Com Vítimas Fatais";"Plena Noite";"Crescente";"Céu Claro";"Dupla";"Reta";"Sim";3;1;1;1;0;0;2;2;-15,885093;-48,068954;"SPRF-DF";"DEL01-DF";"UOP01-DEL03-DF"
188210;2019-01-29;"terça-feira";"19:45:00";"SC";163;7,2;"DIONISIO CERQUEIRA";"Desobediência às normas de trânsito pelo condutor";"Colisão transversal";"Com Vítimas Feridas";"Anoitecer";"Crescente";"Nublado";"Simples";"Reta";"Sim";4;0;1;0;3;0;1;2;-26,258162;-53,616738;"SPRF-SC";"DEL07-SC";"UOP03-DEL07-SC"
188212;2019-01-29;"terça-feira";"19:20:00";"TO";153;133,2;"ARAGUAINA";"Falta de Atenção à Condução";"Saída de leito carroçável";"Com Vítimas Feridas";"Plena Noite";"Crescente";"Nublado";"Simples";"Retorno Regulamentado";"Não";1;0;1;0;0;0;1;1;-7,114655;-48,187469;"SPRF-TO";"DEL02-TO";"UOP01-DEL02-TO"
188215;2019-01-29;"terça-feira";"16:00:00";"BA";242;314;"IBIQUERA";"Pista Escorregadia";"Capotamento";"Com Vítimas Feridas";"Pleno dia";"Crescente";"Garoa/Chuvisco";"Simples";"Curva";"Não";4;0;3;0;1;0;3;1;-12,464809;-40,932865;"SPRF-BA";"DEL06-BA";"UOP01-DEL06-BA"
188216;2019-01-29;"terça-feira";"20:20:00";"PB";230;24,5;"JOAO PESSOA";"Avarias e/ou desgaste excessivo no pneu";"Tombamento";"Com Vítimas Feridas";"Plena Noite";"Crescente";"Céu Claro";"Dupla";"Curva";"Sim";2;0;1;0;1;0;1;1;-7,1637;-34,8618;"SPRF-PB";"DEL01-PB";"UOP01-DEL01-PB"
188218;2019-01-29;"terça-feira";"20:05:00";"PI";316;43;"LAGOA DO PIAUI";"Animais na Pista";"Atropelamento de Animal";"Com Vítimas Feridas";"Plena Noite";"Decrescente";"Céu Claro";"Simples";"Reta";"Não";1;0;1;0;0;0;1;1;-5,41966093;-42,64042854;"SPRF-PI";"DEL01-PI";"UOP02-DEL01-PI"
188219;2019-01-29;"terça-feira";"20:30:00";"CE";222;148,9;"IRAUCUBA";"Falta de Atenção à Condução";"Colisão transversal";"Com Vítimas Feridas";"Plena Noite";"Crescente";"Céu Claro";"Simples";"Curva";"Sim";3;0;1;0;2;0;1;2;-3,750017;-39,77301;"SPRF-CE";"DEL04-CE";"UOP03-DEL04-CE"
188220;2019-01-29;"terça-feira";"21:30:00";"RJ";393;281;"VOLTA REDONDA";"Desobediência às normas de trânsito pelo condutor";"Colisão lateral";"Com Vítimas Feridas";"Plena Noite";"Decrescente";"Céu Claro";"Simples";"Reta";"Sim";2;0;1;0;0;1;1;2;-22,473669;-44,058193;"SPRF-RJ";"DEL05-RJ";"UOP04-DEL05-RJ"
188221;2019-01-29;"terça-feira";"21:40:00";"DF";60;4,3;"BRASILIA";"Desobediência às normas de trânsito pelo condutor";"Colisão transversal";"Sem Vítimas";"Plena Noite";"Crescente";"Céu Claro";"Dupla";"Retorno Regulamentado";"Não";2;0;0;0;2;0;0;2;-15,892721;-48,095741;"SPRF-DF";"DEL01-DF";"UOP01-DEL03-DF"
188222;2019-01-29;"terça-feira";"21:00:00";"MG";381;920,1;"CAMANDUCAIA";"Falta de Atenção à Condução";"Colisão traseira";"Com Vítimas Feridas";"Plena Noite";"Crescente";"Céu Claro";"Dupla";"Reta";"Não";6;0;4;0;1;1;4;3;-22,761;-46,1686;"SPRF-MG";"DEL16-MG";"UOP03-DEL16-MG"
188223;2019-01-29;"terça-feira";"13:50:00";"PR";476;333,1;"PAULA FREITAS";"Falta de Atenção à Condução";"Atropelamento de Pedestre";"Com Vítimas Feridas";"Pleno dia";"Crescente";"Céu Claro";"Simples";"Curva";"Não";2;0;0;1;1;0;1;2;-26,157049;-50,883564;"SPRF-PR";"DEL02-PR";"UOP03-DEL02-PR"
188224;2019-01-29;"terça-feira";"19:30:00";"MG";356;266,3;"MURIAE";"Falta de Atenção do Pedestre";"Atropelamento de Pedestre";"Com Vítimas Feridas";"Anoitecer";"Crescente";"Céu Claro";"Simples";"Rotatória";"Não";2;0;1;0;1;0;1;2;-21,125526;-42,375477;"SPRF-MG";"DEL07-MG";"UOP02-DEL07-MG"
188225;2019-01-29;"terça-feira";"21:20:00";"MG";116;278;"TEOFILO OTONI";"Falta de Atenção à Condução";"Colisão transversal";"Com Vítimas Feridas";"Plena Noite";"Crescente";"Céu Claro";"Simples";"Reta";"Sim";2;0;1;0;1;0;1;2;-17,86720483;-41,51686051;"SPRF-MG";"DEL11-MG";"UOP01-DEL11-MG"
188227;2019-01-29;"terça-feira";"21:00:00";"RJ";116;174;"BELFORD ROXO";"Desobediência às normas de trânsito pelo condutor";"Colisão lateral";"Com Vítimas Feridas";"Plena Noite";"Crescente";"Céu Claro";"Múltipla";"Declive";"Não";2;0;1;0;1;0;1;2;-22,794237;-43,364037;"SPRF-RJ";"DEL01-RJ";"UOP02-DEL01-RJ"
188228;2019-01-29;"terça-feira";"18:15:00";"BA";324;619;"SALVADOR";"Defeito Mecânico no Veículo";"Queda de ocupante de veículo";"Com Vítimas Feridas";"Plena Noite";"Decrescente";"Céu Claro";"Múltipla";"Reta";"Sim";2;0;2;0;0;0;2;1;-12,91163731;-38,45897675;"SPRF-BA";"DEL01-BA";"UOP01-DEL01-BA"
188229;2019-01-29;"terça-feira";"21:00:00";"PA";222;241;"MARABA";"Ingestão de Álcool";"Colisão frontal";"Com Vítimas Feridas";"Plena Noite";"Crescente";"Céu Claro";"Simples";"Reta";"Sim";2;0;0;1;1;0;1;2;-5,323977;-49,085155;"SPRF-PA";"DEL03-PA";"UOP01-DEL03-PA"
188232;2019-01-29;"terça-feira";"14:45:00";"MG";262;37,1;"MANHUACU";"Falta de Atenção à Condução";"Tombamento";"Com Vítimas Feridas";"Pleno dia";"Decrescente";"Céu Claro";"Simples";"Reta";"Não";1;0;0;1;0;0;1;1;-20,25749;-42,030487;"SPRF-MG";"DEL06-MG";"UOP03-DEL06-MG"
188233;2019-01-29;"terça-feira";"22:00:00";"GO";60;391;"RIO VERDE";"Defeito Mecânico no Veículo";"Queda de ocupante de veículo";"Com Vítimas Feridas";"Plena Noite";"Crescente";"Céu Claro";"Dupla";"Reta";"Não";2;0;2;0;0;0;2;1;-17,8252;-50,9624;"SPRF-GO";"DEL04-GO";"UOP01-DEL04-GO"
188234;2019-01-29;"terça-feira";"20:00:00";"RS";386;204,2;"VICTOR GRAEFF";"Condutor Dormindo";"Colisão frontal";"Com Vítimas Feridas";"Anoitecer";"Decrescente";"Céu Claro";"Simples";"Curva";"Não";3;0;1;0;2;0;1;2;-28,50813444;-52,64236756;"SPRF-RS";"DEL04-RS";"NPF/DEL04-RS"
188235;2019-01-29;"terça-feira";"22:45:00";"PR";373;229,5;"IMBITUVA";"Falta de Atenção à Condução";"Colisão lateral";"Com Vítimas Feridas";"Plena Noite";"Decrescente";"Nublado";"Simples";"Reta";"Sim";41;0;1;3;36;1;4;3;-25,17861198;-50,65280914;"SPRF-PR";"DEL03-PR";"UOP01-DEL03-PR"
188239;2019-01-29;"terça-feira";"21:30:00";"PI";343;569;"FLORIANO";"Defeito Mecânico no Veículo";"Queda de ocupante de veículo";"Com Vítimas Feridas";"Plena Noite";"Crescente";"Céu Claro";"Simples";"Curva";"Não";2;0;2;0;0;0;2;1;-6,72439;-42,924717;"SPRF-PI";"DEL03-PI";"UOP01-DEL03-PI"
188241;2019-01-30;"quarta-feira";"00:25:00";"SC";101;81;"BARRA VELHA";"Falta de Atenção à Condução";"Colisão com objeto estático";"Sem Vítimas";"Plena Noite";"Crescente";"Céu Claro";"Múltipla";"Reta";"Não";2;0;0;0;2;0;0;2;-26,6138;-48,7205;"SPRF-SC";"DEL03-SC";"UOP02-DEL03-SC"
188242;2019-01-30;"quarta-feira";"00:40:00";"GO";60;116;"TEREZOPOLIS DE GOIAS";"Desobediência às normas de trânsito pelo pedestre";"Atropelamento de Pedestre";"Com Vítimas Feridas";"Plena Noite";"Decrescente";"Céu Claro";"Dupla";"Reta";"Não";2;0;0;1;1;0;1;2;-16,4732;-49,0789;"SPRF-GO";"DEL01-GO";"UOP01-DEL01-GO"
188245;2019-01-30;"quarta-feira";"02:15:00";"RS";290;45,1;"GLORINHA";"Condutor Dormindo";"Saída de leito carroçável";"Com Vítimas Feridas";"Plena Noite";"Decrescente";"Nublado";"Dupla";"Reta";"Não";2;0;1;0;0;1;1;2;-29,890198;-50,709991;"SPRF-RS";"DEL03-RS";"UOP02-DEL03-RS"
188246;2019-01-30;"quarta-feira";"00:05:00";"PI";316;41,1;"LAGOA DO PIAUI";"Animais na Pista";"Atropelamento de Animal";"Com Vítimas Feridas";"Plena Noite";"Decrescente";"Nublado";"Simples";"Reta";"Não";1;0;1;0;0;0;1;1;-5,420629;-42,639999;"SPRF-PI";"DEL01-PI";"UOP02-DEL01-PI"
188247;2019-01-30;"quarta-feira";"00:10:00";"PI";316;41,1;"LAGOA DO PIAUI";"Restrição de Visibilidade";"Colisão com objeto estático";"Sem Vítimas";"Plena Noite";"Decrescente";"Nublado";"Simples";"Reta";"Não";1;0;0;0;1;0;0;1;-5,420629;-42,639999;"SPRF-PI";"DEL01-PI";"UOP02-DEL01-PI"
188251;2019-01-30;"quarta-feira";"04:00:00";"MT";70;5;"BARRA DO GARCAS";"Ingestão de Álcool";"Colisão com objeto estático";"Sem Vítimas";"Plena Noite";"Crescente";"Céu Claro";"Dupla";"Reta";"Sim";1;0;0;0;1;0;0;1;-15,878146;-52,296227;"SPRF-MT";"DEL07-MT";"UOP01-DEL07-MT"
188252;2019-01-30;"quarta-feira";"06:35:00";"SC";470;55,6;"BLUMENAU";"Desobediência às normas de trânsito pelo condutor";"Colisão transversal";"Com Vítimas Feridas";"Amanhecer";"Crescente";"Nublado";"Simples";"Reta";"Não";2;0;0;1;1;0;1;2;-26,875601;-49,117992;"SPRF-SC";"DEL04-SC";"UOP01-DEL04-SC"
188254;2019-01-30;"quarta-feira";"06:30:00";"PR";153;342,5;"REBOUCAS";"Ultrapassagem Indevida";"Saída de leito carroçável";"Com Vítimas Feridas";"Amanhecer";"Decrescente";"Céu Claro";"Simples";"Declive";"Não";5;0;2;0;1;2;2;3;-25,532618;-50,65493;"SPRF-PR";"DEL03-PR";"UOP02-DEL08-PR"
188255;2019-01-30;"quarta-feira";"07:00:00";"ES";101;304,8;"VIANA";"Falta de Atenção à Condução";"Colisão lateral";"Com Vítimas Feridas";"Pleno dia";"Crescente";"Céu Claro";"Dupla";"Reta";"Sim";2;0;1;0;1;0;1;2;-20,38473468;-40,46280926;"SPRF-ES";"DEL01-ES";"UOP01-DEL01-ES"
188256;2019-01-26;"sábado";"22:50:00";"SP";116;226;"GUARULHOS";"Defeito na Via";"Tombamento";"Com Vítimas Feridas";"Plena Noite";"Crescente";"Céu Claro";"Múltipla";"Declive";"Sim";1;0;1;0;0;0;1;1;-23,4239639;-46,3980037;"SPRF-SP";"DEL01-SP";"UOP01-DEL01-SP"
188258;2019-01-29;"terça-feira";"21:25:00";"MG";116;395;"GOVERNADOR VALADARES";"Não guardar distância de segurança";"Tombamento";"Com Vítimas Feridas";"Plena Noite";"Decrescente";"Céu Claro";"Simples";"Reta";"Não";1;0;1;0;0;0;1;1;-18,73151031;-41,98676501;"SPRF-MG";"DEL06-MG";"UOP01-DEL06-MG"
188259;2019-01-30;"quarta-feira";"06:25:00";"CE";20;418,6;"MARACANAU";"Falta de Atenção à Condução";"Colisão frontal";"Com Vítimas Feridas";"Pleno dia";"Decrescente";"Céu Claro";"Simples";"Reta";"Sim";2;0;1;0;1;0;1;2;-3,76999;-38,670063;"SPRF-CE";"DEL01-CE";"UOP02-DEL01-CE"
188261;2019-01-30;"quarta-feira";"06:50:00";"RJ";116;77,8;"TERESOPOLIS";"Falta de Atenção à Condução";"Saída de leito carroçável";"Com Vítimas Fatais";"Pleno dia";"Crescente";"Céu Claro";"Simples";"Ponte;Curva";"Sim";4;2;0;0;2;0;0;2;-22,37325864;-42,95402706;"SPRF-RJ";"DEL04-RJ";"UOP01-DEL04-RJ"
188262;2019-01-30;"quarta-feira";"07:45:00";"PR";376;178,8;"MARINGA";"Falta de Atenção à Condução";"Colisão lateral";"Com Vítimas Feridas";"Pleno dia";"Decrescente";"Sol";"Dupla";"Reta";"Sim";2;0;1;0;1;0;1;2;-23,41895112;-51,91443443;"SPRF-PR";"DEL07-PR";"UOP01-DEL09-PR"
188263;2019-01-30;"quarta-feira";"06:40:00";"MG";262;446,7;"NOVA SERRANA";"Falta de Atenção à Condução";"Colisão transversal";"Com Vítimas Feridas";"Pleno dia";"Crescente";"Sol";"Simples";"Reta;Aclive";"Sim";2;0;1;0;1;0;1;2;-19,880623;-44,912323;"SPRF-MG";"DEL08-MG";"UOP03-DEL08-MG"
188266;2019-01-30;"quarta-feira";"07:10:00";"PE";232;9,2;"JABOATAO DOS GUARARAPES";"Falta de Atenção à Condução";"Colisão traseira";"Com Vítimas Feridas";"Pleno dia";"Crescente";"Sol";"Dupla";"Reta";"Sim";3;0;2;0;1;0;2;2;-8,077656;-34,978714;"SPRF-PE";"DEL01-PE";"UOP01-DEL01-PE"
188267;2019-01-30;"quarta-feira";"07:50:00";"SC";470;60,3;"BLUMENAU";"Desobediência às normas de trânsito pelo condutor";"Colisão transversal";"Com Vítimas Feridas";"Pleno dia";"Crescente";"Céu Claro";"Simples";"Retorno Regulamentado";"Não";2;0;1;0;1;0;1;2;-26,88138;-49,164543;"SPRF-SC";"DEL04-SC";"UOP01-DEL04-SC"
188268;2019-01-30;"quarta-feira";"08:10:00";"PR";476;147,2;"ARAUCARIA";"Não guardar distância de segurança";"Colisão traseira";"Com Vítimas Feridas";"Pleno dia";"Crescente";"Céu Claro";"Dupla";"Reta";"Não";2;0;1;0;1;0;1;2;-25,554628;-49,339268;"SPRF-PR";"DEL01-PR";"UOP06-DEL01-PR"
188269;2019-01-30;"quarta-feira";"07:50:00";"RN";101;82,5;"SAO GONCALO DO AMARANTE";"Falta de Atenção à Condução";"Colisão lateral";"Com Vítimas Feridas";"Pleno dia";"Crescente";"Céu Claro";"Dupla";"Reta";"Sim";2;0;1;0;1;0;1;2;-5,767915;-35,274563;"SPRF-RN";"DEL02-RN";"UOP01-DEL02-RN"
188270;2019-01-30;"quarta-feira";"09:00:00";"GO";60;169,5;"GOIANIA";"Defeito Mecânico no Veículo";"Queda de ocupante de veículo";"Com Vítimas Feridas";"Pleno dia";"Decrescente";"Sol";"Dupla";"Reta";"Sim";2;0;2;0;0;0;2;1;-16,7269;-49,3822;"SPRF-GO";"DEL01-GO";"UOP02-DEL01-GO"
188272;2019-01-30;"quarta-feira";"07:10:00";"MG";116;511,3;"UBAPORANGA";"Falta de Atenção à Condução";"Queda de ocupante de veículo";"Com Vítimas Feridas";"Pleno dia";"Decrescente";"Nublado";"Simples";"Reta";"Não";1;0;1;0;0;0;1;1;-19,643652;-42,107353;"SPRF-MG";"DEL06-MG";"UOP02-DEL06-MG"
188273;2019-01-30;"quarta-feira";"08:00:00";"PE";428;187;"PETROLINA";"Velocidade Incompatível";"Colisão transversal";"Com Vítimas Feridas";"Pleno dia";"Crescente";"Céu Claro";"Simples";"Reta";"Sim";3;0;2;0;1;0;2;2;-9,356131;-40,478588;"SPRF-PE";"DEL06-PE";"UOP01-DEL06-PE"
188274;2019-01-30;"quarta-feira";"06:40:00";"MG";40;282,9;"TRES MARIAS";"Animais na Pista";"Atropelamento de Animal";"Sem Vítimas";"Amanhecer";"Crescente";"Céu Claro";"Simples";"Reta";"Não";1;0;0;0;1;0;0;1;-18,249315;-45,202118;"SPRF-MG";"DEL14-MG";"UOP02-DEL14-MG"
188275;2019-01-26;"sábado";"23:55:00";"GO";60;10;"ALEXANIA";"Falta de Atenção à Condução";"Capotamento";"Com Vítimas Feridas";"Plena Noite";"Decrescente";"Nublado";"Dupla";"Reta";"Não";1;0;1;0;0;0;1;1;-16,094168;-48,517212;"SPRF-DF";"DEL01-DF";"UOP01-DEL03-DF"