"id";"data_inversa";"dia_semana";"horario";"uf";"br";"km";"municipio";"causa_acidente";"tipo_acidente";"classificacao_acidente";"fase_dia";"sentido_via";"condicao_metereologica";"tipo_pista";"tracado_via";"uso_solo";"pessoas";"mortos";"feridos_leves";"feridos_graves";"ilesos";"ignorados";"feridos";"veiculos";"latitude";"longitude";"regional";"delegacia";"uop"
188278;2019-01-26;"sábado";"21:15:00";"BA";367;66;"PORTO SEGURO";"Agressão Externa";"Colisão lateral";"Com Vítimas Feridas";"Plena Noite";"Decrescente";"Chuva";"Simples";"Curva";"Não";3;0;1;1;1;0;2;2;-16,38586;-39,433823;"SPRF-BA";"DEL09-BA";"UOP01-DEL09-BA"
188280;2019-01-30;"quarta-feira";"09:30:00";"GO";40;7,9;"VALPARAISO DE GOIAS";"Desobediência às normas de trânsito pelo condutor";"Colisão traseira";"Com Vítimas Feridas";"Pleno dia";"Crescente";"Céu Claro";"Dupla";"Reta";"Sim";2;0;1;0;1;0;1;2;-16,108482;-47,972524;"SPRF-DF";"DEL01-DF";"UOP01-DEL01-DF"
188284;2019-01-30;"quarta-feira";"07:05:00";"AC";364;102,9;"RIO BRANCO";"Desobediência às normas de trânsito pelo condutor";"Queda de ocupante de veículo";"Com Vítimas Feridas";"Amanhecer";"Crescente";"Nublado";"Simples";"Reta";"Não";1;0;1;0;0;0;1;1;-10,052638;-67,605324;"SPRF-AC";"DEL01-AC";"UOP01-DEL01-AC"
188288;2019-01-27;"domingo";"04:30:00";"ES";101;17,5;"PEDRO CANARIO";"Falta de Atenção à Condução";"Colisão com objeto estático";"Sem Vítimas";"Plena Noite";"Decrescente";"Céu Claro";"Simples";"Reta";"Não";1;0;0;0;1;0;0;1;-18,307058;-39,957275;"SPRF-ES";"DEL04-ES";"UOP02-DEL04-ES"
188289;2019-01-30;"quarta-feira";"08:35:00";"SC";280;275,6;"IRINEOPOLIS";"Falta de Atenção à Condução";"Colisão lateral";"Com Vítimas Feridas";"Pleno dia";"Crescente";"Sol";"Simples";"Aclive";"Não";4;0;3;0;1;0;3;2;-26,286766;-50,781891;"SPRF-SC";"DEL06-SC";"UOP04-DEL06-SC"
188290;2019-01-30;"quarta-feira";"08:50:00";"CE";116;1;"FORTALEZA";"Falta de Atenção à Condução";"Colisão traseira";"Com Vítimas Feridas";"Pleno dia";"Crescente";"Sol";"Simples";"Aclive";"Sim";2;0;1;0;1;0;1;2;-3,7704;-38,5169;"SPRF-CE";"DEL01-CE";"UOP02-DEL01-CE"
188292;2019-01-26;"sábado";"05:00:00";"MS";158;15,3;"CASSILANDIA";"Animais na Pista";"Atropelamento de Animal";"Com Vítimas Feridas";"Amanhecer";"Crescente";"Céu Claro";"Simples";"Reta";"Não";4;0;1;0;3;0;1;1;-19,167746;-51,625725;"SPRF-MS";"DEL08-MS";"UOP01-DEL08-MS"
188294;2019-01-30;"quarta-feira";"11:20:00";"SC";282;21;"PALHOCA";"Desobediência às normas de trânsito pelo condutor";"Colisão frontal";"Com Vítimas Feridas";"Pleno dia";"Crescente";"Céu Claro";"Simples";"Reta";"Sim";2;0;1;0;1;0;1;2;-27,68907;-48,717541;"SPRF-SC";"DEL01-SC";"UOP02-DEL01-SC"
188296;2019-01-30;"quarta-feira";"10:00:00";"BA";101;266;"SANTO ANTONIO DE JESUS";"Falta de Atenção à Condução";"Colisão lateral";"Com Vítimas Feridas";"Pleno dia";"Crescente";"Céu Claro";"Simples";"Reta";"Não";4;0;2;0;2;0;2;2;-12,9961;-39,2868;"SPRF-BA";"DEL01-BA";"UOP02-DEL01-BA"
188298;2019-01-30;"quarta-feira";"11:09:00";"ES";262;37;"DOMINGOS MARTINS";"Falta de Atenção à Condução";"Engavetamento";"Sem Vítimas";"Pleno dia";"Crescente";"Céu Claro";"Simples";"Reta";"Não";7;0;0;0;7;0;0;3;-20,382;-40,6078;"SPRF-ES";"DEL01-ES";"UOP01-DEL01-ES"
188299;2019-01-30;"quarta-feira";"12:25:00";"ES";262;58;"MARECHAL FLORIANO";"Falta de Atenção à Condução";"Colisão transversal";"Com Vítimas Feridas";"Pleno dia";"Decrescente";"Céu Claro";"Simples";"Interseção de Vias";"Não";2;0;1;0;1;0;1;2;-20,4208;-40,7682;"SPRF-ES";"DEL01-ES";"UOP01-DEL01-ES"
188300;2019-01-30;"quarta-feira";"11:30:00";"MG";40;768,1;"JUIZ DE FORA";"Falta de Atenção à Condução";"Queda de ocupante de veículo";"Com Vítimas Feridas";"Pleno dia";"Crescente";"Céu Claro";"Simples";"Reta";"Não";1;0;1;0;0;0;1;1;-21,6108;-43,4574;"SPRF-MG";"DEL05-MG";"UOP01-DEL05-MG"
188303;2019-01-30;"quarta-feira";"11:20:00";"PI";407;530;"JACOBINA DO PIAUI";"Defeito na Via";"Saída de leito carroçável";"Com Vítimas Feridas";"Pleno dia";"Crescente";"Céu Claro";"Simples";"Reta";"Não";1;0;1;0;0;0;1;1;-7,767051;-41,261444;"SPRF-PI";"DEL04-PI";"UOP01-DEL04-PI"
188306;2019-01-27;"domingo";"04:30:00";"RN";406;125;"TAIPU";"Animais na Pista";"Atropelamento de Animal";"Com Vítimas Feridas";"Amanhecer";"Decrescente";"Céu Claro";"Simples";"Reta";"Não";1;0;0;1;0;0;1;1;-5,59821846;-35,62213898;"SPRF-RN";"DEL02-RN";"UOP01-DEL02-RN"
188308;2019-01-30;"quarta-feira";"11:20:00";"SC";101;39;"JOINVILLE";"Desobediência às normas de trânsito pelo condutor";"Colisão transversal";"Com Vítimas Feridas";"Pleno dia";"Decrescente";"Sol";"Simples";"Rotatória";"Sim";2;0;1;0;1;0;1;2;-26,3096;-48,878;"SPRF-SC";"DEL03-SC";"UOP01-DEL03-SC"
188309;2019-01-26;"sábado";"22:45:00";"GO";153;587;"PROFESSOR JAMIL";"Ingestão de Álcool";"Saída de leito carroçável";"Sem Vítimas";"Plena Noite";"Decrescente";"Chuva";"Dupla";"Reta";"Não";1;0;0;0;1;0;0;1;-17,443;-49,2317;"SPRF-GO";"DEL03-GO";"UOP01-DEL03-GO"
188310;2019-01-30;"quarta-feira";"13:03:00";"PI";316;309;"PICOS";"Não guardar distância de segurança";"Colisão traseira";"Com Vítimas Feridas";"Pleno dia";"Decrescente";"Céu Claro";"Simples";"Reta";"Sim";3;0;2;0;1;0;2;3;-7,07586778;-41,47157734;"SPRF-PI";"DEL04-PI";"UOP01-DEL04-PI"
188313;2019-01-30;"quarta-feira";"14:00:00";"DF";20;2,9;"BRASILIA";"Desobediência às normas de trânsito pelo condutor";"Colisão lateral";"Com Vítimas Feridas";"Pleno dia";"Decrescente";"Céu Claro";"Dupla";"Aclive";"Sim";2;0;1;0;1;0;1;2;-15,682896;-47,840729;"SPRF-DF";"DEL02-DF";"UOP01-DEL02-DF"
188315;2019-01-30;"quarta-feira";"13:30:00";"SC";282;499;"XANXERE";"Defeito Mecânico no Veículo";"Saída de leito carroçável";"Com Vítimas Feridas";"Pleno dia";"Decrescente";"Sol";"Dupla";"Reta";"Não";1;0;1;0;0;0;1;1;-26,88062205;-52,35809326;"SPRF-SC";"DEL07-SC";"UOP01-DEL07-SC"
188316;2019-01-30;"quarta-feira";"10:11:00";"SC";101;264,2;"GAROPABA";"Velocidade Incompatível";"Saída de leito carroçável";"Sem Vítimas";"Pleno dia";"Decrescente";"Céu Claro";"Dupla";"Curva";"Não";1;0;0;0;1;0;0;1;-28,0663;-48,7151;"SPRF-SC";"DEL02-SC";"UOP03-DEL02-SC"
188318;2019-01-30;"quarta-feira";"13:40:00";"MT";163;982;"TERRA NOVA DO NORTE";"Desobediência às normas de trânsito pelo condutor";"Colisão lateral";"Com Vítimas Feridas";"Pleno dia";"Decrescente";"Sol";"Simples";"Rotatória";"Sim";2;0;1;0;1;0;1;2;-10,60477516;-55,10759722;"SPRF-MT";"DEL06-MT";"UOP02-DEL06-MT"
188321;2019-01-30;"quarta-feira";"11:45:00";"AC";364;124,8;"RIO BRANCO";"Falta de Atenção à Condução";"Colisão lateral";"Com Vítimas Feridas";"Pleno dia";"Decrescente";"Céu Claro";"Dupla";"Rotatória";"Não";2;0;1;0;1;0;1;2;-10,01170694;-67,79851913;"SPRF-AC";"DEL01-AC";"UOP01-DEL01-AC"
188322;2019-01-30;"quarta-feira";"11:30:00";"CE";116;5;"FORTALEZA";"Falta de Atenção à Condução";"Colisão lateral";"Com Vítimas Feridas";"Pleno dia";"Crescente";"Céu Claro";"Múltipla";"Reta";"Sim";2;0;1;0;0;1;1;2;-3,8038;-38,5032;"SPRF-CE";"DEL01-CE";"UOP02-DEL01-CE"
188324;2019-01-30;"quarta-feira";"13:40:00";"RN";101;99;"NATAL";"Desobediência às normas de trânsito pelo condutor";"Colisão transversal";"Com Vítimas Feridas";"Pleno dia";"Decrescente";"Céu Claro";"Múltipla";"Reta";"Sim";2;0;1;0;1;0;1;2;-5,87365;-35,220673;"SPRF-RN";"DEL01-RN";"UOP01-DEL01-RN"
188326;2019-01-30;"quarta-feira";"14:55:00";"SP";116;213;"GUARULHOS";"Avarias e/ou desgaste excessivo no pneu";"Queda de ocupante de veículo";"Com Vítimas Feridas";"Pleno dia";"Decrescente";"Céu Claro";"Múltipla";"Reta";"Sim";1;0;1;0;0;0;1;1;-23,4239639;-46,3980037;"SPRF-SP";"DEL01-SP";"UOP01-DEL01-SP"
188328;2019-01-30;"quarta-feira";"14:10:00";"RN";101;97;"NATAL";"Falta de Atenção à Condução";"Engavetamento";"Com Vítimas Feridas";"Pleno dia";"Decrescente";"Céu Claro";"Dupla";"Reta";"Sim";6;0;3;0;3;0;3;4;-5,857612;-35,212723;"SPRF-RN";"DEL01-RN";"UOP01-DEL01-RN"
188329;2019-01-30;"quarta-feira";"14:41:00";"RN";101;130;"SAO JOSE DE MIPIBU";"Velocidade Incompatível";"Colisão com objeto estático";"Com Vítimas Fatais";"Pleno dia";"Decrescente";"Céu Claro";"Dupla";"Declive";"Não";2;1;0;0;0;1;0;2;-6,119429;-35,229355;"SPRF-RN";"DEL01-RN";"UOP01-DEL01-RN"
188330;2019-01-30;"quarta-feira";"13:30:00";"RO";364;237,5;"CACOAL";"Falta de Atenção à Condução";"Colisão traseira";"Com Vítimas Feridas";"Pleno dia";"Decrescente";"Nublado";"Simples";"Retorno Regulamentado";"Sim";2;0;1;0;1;0;1;2;-11,44085655;-61,45125389;"SPRF-RO";"DEL02-RO";"UOP02-DEL02-RO"
188331;2019-01-30;"quarta-feira";"10:10:00";"CE";20;420,5;"MARACANAU";"Não guardar distância de segurança";"Colisão traseira";"Com Vítimas Feridas";"Pleno dia";"Crescente";"Céu Claro";"Dupla";"Reta";"Sim";2;0;0;1;0;1;1;2;-3,84824062;-38,5717535;"SPRF-CE";"DEL01-CE";"UOP02-DEL01-CE"
188333;2019-01-30;"quarta-feira";"15:35:00";"GO";40;1,8;"VALPARAISO DE GOIAS";"Desobediência às normas de trânsito pelo condutor";"Colisão transversal";"Com Vítimas Feridas";"Pleno dia";"Crescente";"Céu Claro";"Dupla";"Reta";"Sim";2;0;1;0;1;0;1;2;-16,058245;-47,982825;"SPRF-DF";"DEL01-DF";"UOP01-DEL01-DF"
188334;2019-01-30;"quarta-feira";"16:15:00";"MG";40;503,4;"ESMERALDAS";"Animais na Pista";"Colisão traseira";"Com Vítimas Feridas";"Pleno dia";"Crescente";"Céu Claro";"Dupla";"Declive";"Sim";2;0;1;0;1;0;1;2;-19,7353;-44,1505;"SPRF-MG";"DEL02-MG";"UOP01-DEL02-MG"
188337;2019-01-30;"quarta-feira";"16:35:00";"MG";381;739;"TRES CORACOES";"Velocidade Incompatível";"Saída de leito carroçável";"Com Vítimas Feridas";"Pleno dia";"Crescente";"Céu Claro";"Dupla";"Reta";"Não";2;0;2;0;0;0;2;1;-21,5826;-45,2396;"SPRF-MG";"DEL16-MG";"UOP02-DEL16-MG"
188339;2019-01-30;"quarta-feira";"17:13:00";"ES";101;287,8;"CARIACICA";"Falta de Atenção à Condução";"Colisão lateral";"Com Vítimas Feridas";"Pleno dia";"Crescente";"Céu Claro";"Dupla";"Reta";"Sim";2;0;1;0;1;0;1;2;-20,27633139;-40,3923659;"SPRF-ES";"DEL01-ES";"UOP01-DEL01-ES"
188343;2019-01-30;"quarta-feira";"17:00:00";"ES";101;204,1;"JOAO NEIVA";"Falta de Atenção à Condução";"Colisão transversal";"Com Vítimas Feridas";"Pleno dia";"Crescente";"Céu Claro";"Simples";"Reta";"Sim";2;0;1;1;0;0;2;2;-19,74948875;-40,37928712;"SPRF-ES";"DEL02-ES";"UOP01-DEL02-ES"
188346;2019-01-30;"quarta-feira";"16:30:00";"SP";116;374,5;"MIRACATU";"Falta de Atenção à Condução";"Capotamento";"Com Vítimas Feridas";"Pleno dia";"Decrescente";"Sol";"Dupla";"Curva";"Não";2;0;2;0;0;0;2;1;-24,18079892;-47,35171795;"SPRF-SP";"DEL04-SP";"UOP02-DEL04-SP"
188347;2019-01-30;"quarta-feira";"17:30:00";"RJ";116;181;"NOVA IGUACU";"Não guardar distância de segurança";"Colisão traseira";"Com Vítimas Feridas";"Pleno dia";"Decrescente";"Céu Claro";"Dupla";"Reta";"Sim";2;0;1;0;1;0;1;2;-22,761312;-43,423492;"SPRF-RJ";"DEL01-RJ";"UOP02-DEL01-RJ"
188348;2019-01-30;"quarta-feira";"17:40:00";"PR";277;24,2;"MORRETES";"Falta de Atenção do Pedestre";"Colisão transversal";"Com Vítimas Feridas";"Pleno dia";"Decrescente";"Céu Claro";"Dupla";"Reta";"Não";2;0;1;0;1;0;1;2;-25,52940409;-48,74494406;"SPRF-PR";"DEL01-PR";"UOP05-DEL01-PR"
188349;2019-01-30;"quarta-feira";"17:50:00";"MG";381;479,9;"CONTAGEM";"Falta de Atenção do Pedestre";"Atropelamento de Pedestre";"Com Vítimas Feridas";"Pleno dia";"Decrescente";"Nublado";"Múltipla";"Reta";"Sim";2;0;2;0;0;0;2;2;-19,961;-44,0517;"SPRF-MG";"DEL01-MG";"UOP03-DEL01-MG"
188351;2019-01-30;"quarta-feira";"17:00:00";"MT";364;322,8;"CAMPO VERDE";"Pista Escorregadia";"Saída de leito carroçável";"Com Vítimas Feridas";"Pleno dia";"Crescente";"Chuva";"Dupla";"Curva";"Não";2;0;1;0;1;0;1;1;-15,817122;-55,341545;"SPRF-MT";"DEL02-MT";"UOP02-DEL05-MT"
188352;2019-01-30;"quarta-feira";"17:15:00";"RS";386;131;"SARANDI";"Não guardar distância de segurança";"Engavetamento";"Com Vítimas Feridas";"Pleno dia";"Crescente";"Céu Claro";"Simples";"Reta";"Não";5;0;1;0;4;0;1;4;-27,941469;-52,939953;"SPRF-RS";"DEL08-RS";"UOP01-DEL08-RS"
188353;2019-01-30;"quarta-feira";"15:00:00";"RO";364;349;"JI-PARANA";"Não guardar distância de segurança";"Colisão traseira";"Com Vítimas Feridas";"Pleno dia";"Decrescente";"Céu Claro";"Simples";"Reta";"Não";4;0;1;0;3;0;1;2;-10,850509;-61,991276;"SPRF-RO";"DEL02-RO";"UOP01-DEL02-RO"
188355;2019-01-30;"quarta-feira";"15:30:00";"PA";316;65;"CASTANHAL";"Desobediência às normas de trânsito pelo condutor";"Colisão transversal";"Com Vítimas Feridas";"Pleno dia";"Crescente";"Chuva";"Dupla";"Reta";"Sim";3;0;0;2;1;0;2;2;-1,295804;-47,910839;"SPRF-PA";"DEL01-PA";"UOP01-DEL01-PA"
188357;2019-01-30;"quarta-feira";"18:30:00";"GO";452;47,2;"RIO VERDE";"Defeito Mecânico no Veículo";"Incêndio";"Sem Vítimas";"Pleno dia";"Crescente";"Céu Claro";"Simples";"Interseção de Vias";"Não";2;0;0;0;2;0;0;1;-17,956402;-50,503559;"SPRF-GO";"DEL04-GO";"UOP01-DEL04-GO"
188360;2019-01-30;"quarta-feira";"19:10:00";"SC";282;16,8;"PALHOCA";"Não guardar distância de segurança";"Colisão traseira";"Com Vítimas Feridas";"Pleno dia";"Decrescente";"Céu Claro";"Simples";"Reta";"Sim";2;0;1;0;1;0;1;2;-27,658611;-48,681847;"SPRF-SC";"DEL01-SC";"UOP02-DEL01-SC"
188361;2019-01-30;"quarta-feira";"18:10:00";"PE";232;5;"RECIFE";"Não guardar distância de segurança";"Colisão lateral";"Com Vítimas Feridas";"Plena Noite";"Crescente";"Nublado";"Dupla";"Reta";"Sim";2;0;1;0;1;0;1;2;-8,067958;-34,945354;"SPRF-PE";"DEL01-PE";"UOP01-DEL01-PE"
188362;2019-01-30;"quarta-feira";"19:10:00";"SP";381;69;"MAIRIPORA";"Falta de Atenção à Condução";"Saída de leito carroçável";"Com Vítimas Feridas";"Pleno dia";"Decrescente";"Céu Claro";"Dupla";"Curva;Declive";"Não";2;0;1;0;1;0;1;1;-23,34982098;-46,55765533;"SPRF-SP";"DEL03-SP";"UOP01-DEL03-SP"
188363;2019-01-30;"quarta-feira";"18:15:00";"CE";116;457,6;"BARRO";"Desobediência às normas de trânsito pelo condutor";"Colisão frontal";"Com Vítimas Fatais";"Plena Noite";"Decrescente";"Céu Claro";"Simples";"Declive";"Não";5;1;0;1;3;0;1;2;-7,196165;-38,79384;"SPRF-CE";"DEL05-CE";"UOP03-DEL05-CE"
188364;2019-01-30;"quarta-feira";"18:30:00";"SP";381;73;"SAO PAULO";"Falta de Atenção à Condução";"Colisão traseira";"Sem Vítimas";"Pleno dia";"Crescente";"Chuva";"Múltipla";"Curva";"Não";3;0;0;0;3;0;0;3;-23,36815132;-46,5531466;"SPRF-SP";"DEL03-SP";"UOP01-DEL03-SP"
188365;2019-01-30;"quarta-feira";"18:15:00";"MG";146;506,1;"BANDEIRA DO SUL";"Falta de Atenção à Condução";"Colisão transversal";"Com Vítimas Feridas";"Pleno dia";"Decrescente";"Nublado";"Simples";"Interseção de Vias";"Não";3;0;0;1;1;1;1;3;-21,745225;-46,40412;"SPRF-MG";"DEL13-MG";"UOP01-DEL13-MG"
188366;2019-01-30;"quarta-feira";"19:25:00";"SC";101;90;"BARRA VELHA";"Não guardar distância de segurança";"Colisão traseira";"Com Vítimas Feridas";"Anoitecer";"Decrescente";"Nublado";"Dupla";"Reta";"Não";3;0;2;0;1;0;2;2;-26,678;-48,692;"SPRF-SC";"DEL03-SC";"UOP02-DEL03-SC"
188367;2019-01-30;"quarta-feira";"18:20:00";"PE";101;49;"IGARASSU";"Ingestão de álcool e/ou substâncias psicoativas pelo pedestre";"Atropelamento de Pedestre";"Com Vítimas Feridas";"Plena Noite";"Decrescente";"Céu Claro";"Múltipla";"Curva";"Sim";3;0;2;1;0;0;3;2;-7,9068;-34,9013;"SPRF-PE";"DEL01-PE";"UOP02-DEL01-PE"
188368;2019-01-30;"quarta-feira";"18:40:00";"SC";116;221,1;"CORREIA PINTO";"Falta de Atenção à Condução";"Colisão transversal";"Com Vítimas Feridas";"Pleno dia";"Crescente";"Céu Claro";"Simples";"Interseção de Vias";"Sim";2;0;1;0;1;0;1;2;-27,59456557;-50,35918236;"SPRF-SC";"DEL05-SC";"UOP03-DEL05-SC"
188370;2019-01-30;"quarta-feira";"19:05:00";"ES";101;249,2;"SERRA";"Defeito Mecânico no Veículo";"Saída de leito carroçável";"Com Vítimas Feridas";"Anoitecer";"Decrescente";"Céu Claro";"Simples";"Reta";"Não";2;0;0;1;0;1;1;2;-20,07386275;-40,35314798;"SPRF-ES";"DEL02-ES";"UOP01-DEL02-ES"
188374;2019-01-30;"quarta-feira";"20:00:00";"SC";101;214;"PALHOCA";"Desobediência às normas de trânsito pelo condutor";"Colisão transversal";"Com Vítimas Feridas";"Anoitecer";"Crescente";"Céu Claro";"Dupla";"Interseção de Vias";"Sim";3;0;0;1;1;1;1;3;-27,652;-48,676;"SPRF-SC";"DEL01-SC";"UOP02-DEL01-SC"
188376;2019-01-30;"quarta-feira";"19:35:00";"DF";70;0,5;"BRASILIA";"Desobediência às normas de trânsito pelo condutor";"Colisão traseira";"Com Vítimas Feridas";"Plena Noite";"Crescente";"Céu Claro";"Dupla";"Reta";"Sim";3;0;1;0;2;0;1;3;-15,792352;-48,054509;"SPRF-DF";"DEL01-DF";"UOP02-DEL03-DF"
188377;2019-01-30;"quarta-feira";"16:50:00";"CE";222;225,2;"SOBRAL";"Pista Escorregadia";"Saída de leito carroçável";"Com Vítimas Feridas";"Pleno dia";"Crescente";"Chuva";"Simples";"Curva";"Sim";2;0;0;1;1;0;1;2;-3,708204;-40,35215;"SPRF-CE";"DEL04-CE";"UOP01-DEL04-CE"
188378;2019-01-30;"quarta-feira";"17:20:00";"BA";110;371;"CATU";"Falta de Atenção à Condução";"Colisão transversal";"Com Vítimas Feridas";"Anoitecer";"Decrescente";"Céu Claro";"Simples";"Interseção de Vias";"Não";4;0;1;0;3;0;1;2;-12,39793418;-38,37301254;"SPRF-BA";"DEL01-BA";"UOP04-DEL01-BA"
188379;2019-01-30;"quarta-feira";"20:00:00";"MG";267;76,6;"JUIZ DE FORA";"Desobediência às normas de trânsito pelo condutor";"Colisão frontal";"Com Vítimas Feridas";"Plena Noite";"Decrescente";"Céu Claro";"Simples";"Reta";"Não";2;0;0;2;0;0;2;2;-21,7561;-43,2136;"SPRF-MG";"DEL05-MG";"UOP01-DEL05-MG"
188380;2019-01-30;"quarta-feira";"19:20:00";"PE";116;24;"SALGUEIRO";"Desobediência às normas de trânsito pelo condutor";"Colisão lateral";"Com Vítimas Feridas";"Anoitecer";"Crescente";"Céu Claro";"Simples";"Reta";"Sim";2;0;1;0;1;0;1;2;-8,052562;-39,13718;"SPRF-PE";"DEL05-PE";"UOP01-DEL05-PE"
188383;2019-01-30;"quarta-feira";"17:35:00";"MT";364;233;"RONDONOPOLIS";"Avarias e/ou desgaste excessivo no pneu";"Saída de leito carroçável";"Com Vítimas Feridas";"Anoitecer";"Decrescente";"Nublado";"Dupla";"Curva";"Não";1;0;1;0;0;0;1;1;-16,239941;-54,781345;"SPRF-MT";"DEL02-MT";"UOP01-DEL02-MT"
188385;2019-01-30;"quarta-feira";"15:00:00";"GO";60;94;"ANAPOLIS";"Avarias e/ou desgaste excessivo no pneu";"Queda de ocupante de veículo";"Com Vítimas Feridas";"Pleno dia";"Crescente";"Sol";"Dupla";"Reta";"Sim";2;0;2;0;0;0;2;1;-16,3611;-48,9328;"SPRF-GO";"DEL02-GO";"UOP01-DEL02-GO"
188386;2019-01-30;"quarta-feira";"18:50:00";"SC";470;0,7;"NAVEGANTES";"Falta de Atenção à Condução";"Atropelamento de Pedestre";"Com Vítimas Feridas";"Pleno dia";"Decrescente";"Sol";"Simples";"Reta";"Não";2;0;2;0;0;0;2;2;-26,88232;-48,66183;"SPRF-SC";"DEL04-SC";"UOP04-DEL04-SC"
188387;2019-01-30;"quarta-feira";"19:50:00";"PR";376;177,5;"MARINGA";"Falta de Atenção à Condução";"Queda de ocupante de veículo";"Com Vítimas Feridas";"Anoitecer";"Crescente";"Céu Claro";"Dupla";"Reta";"Sim";1;0;1;0;0;0;1;1;-23,41465862;-51,92653656;"SPRF-PR";"DEL07-PR";"UOP01-DEL09-PR"
188390;2019-01-30;"quarta-feira";"21:10:00";"RJ";116;179;"NOVA IGUACU";"Falta de Atenção à Condução";"";"Com Vítimas Feridas";"Plena Noite";"Decrescente";"Céu Claro";"Dupla";"Reta";"Sim";1;0;0;1;0;0;1;1;-22,769873;-43,408077;"SPRF-RJ";"DEL01-RJ";"UOP02-DEL01-RJ"
188391;2019-01-30;"quarta-feira";"19:30:00";"PE";101;158,5;"GAMELEIRA";"Defeito Mecânico no Veículo";"Incêndio";"Sem Vítimas";"Plena Noite";"Decrescente";"Céu Claro";"Dupla";"Reta";"Não";1;0;0;0;0;1;0;1;-8,5519;-35,4122;"SPRF-PE";"DEL01-PE";"UOP03-DEL01-PE"
188392;2019-01-30;"quarta-feira";"16:40:00";"PR";476;126;"CURITIBA";"Desobediência às normas de trânsito pelo condutor";"Colisão traseira";"Com Vítimas Feridas";"Pleno dia";"Decrescente";"Céu Claro";"Múltipla";"Reta";"Não";2;0;1;0;1;0;1;2;-25,416758;-49,223446;"SPRF-PR";"DEL01-PR";"UOP07-DEL01-PR"
188394;2019-01-30;"quarta-feira";"22:10:00";"SP";101;43,9;"UBATUBA";"Ingestão de Álcool";"Colisão frontal";"Sem Vítimas";"Plena Noite";"Crescente";"Céu Claro";"Simples";"Interseção de Vias";"Sim";2;0;0;0;2;0;0;2;-23,41109456;-45,06626129;"SPRF-SP";"DEL06-SP";"UOP01-DEL06-SP"
188395;2019-01-30;"quarta-feira";"17:40:00";"PR";369;185;"CURITIBA";"Falta de Atenção à Condução";"Colisão traseira";"Com Vítimas Feridas";"Pleno dia";"Crescente";"Céu Claro";"Simples";"Reta";"Não";2;0;1;0;1;0;1;2;-25,449564;-49,236427;"SPRF-PR";"DEL07-PR";"UOP03-DEL07-PR"
188397;2019-01-30;"quarta-feira";"18:05:00";"PR";476;115;"COLOMBO";"Não guardar distância de segurança";"Colisão traseira";"Sem Vítimas";"Pleno dia";"Decrescente";"Céu Claro";"Simples";"Reta";"Sim";2;0;0;0;2;0;0;2;-25,344196;-49,159679;"SPRF-PR";"DEL01-PR";"UOP01-DEL01-PR"
188398;2019-01-30;"quarta-feira";"17:30:00";"PR";277;475;"NOVA LARANJEIRAS";"Falta de Atenção à Condução";"Engavetamento";"Com Vítimas Feridas";"Pleno dia";"Crescente";"Céu Claro";"Simples";"Curva";"Não";4;0;1;0;3;0;1;3;-25,27155414;-52,60717392;"SPRF-PR";"DEL04-PR";"UOP02-DEL04-PR"
188399;2019-01-30;"quarta-feira";"21:20:00";"ES";101;143,1;"LINHARES";"Falta de Atenção à Condução";"Colisão frontal";"Com Vítimas Feridas";"Plena Noite";"Decrescente";"Céu Claro";"Simples";"Reta";"Não";2;0;2;0;0;0;2;2;-19,35034341;-40,06336212;"SPRF-ES";"DEL04-ES";"UOP01-DEL04-ES"
188400;2019-01-30;"quarta-feira";"22:20:00";"GO";153;504,6;"APARECIDA DE GOIANIA";"Defeito Mecânico no Veículo";"Incêndio";"Com Vítimas Feridas";"Plena Noite";"Decrescente";"Céu Claro";"Dupla";"Reta";"Sim";2;0;1;0;1;0;1;1;-16,7451;-49,2408;"SPRF-GO";"DEL01-GO";"UOP01-DEL01-GO"
188401;2019-01-30;"quarta-feira";"21:30:00";"DF";20;9;"BRASILIA";"Velocidade Incompatível";"Colisão traseira";"Sem Vítimas";"Plena Noite";"Crescente";"Céu Claro";"Dupla";"Reta";"Sim";3;0;0;0;2;1;0;3;-15,654671;-47,782917;"SPRF-DF";"DEL02-DF";"UOP01-DEL02-DF"
188402;2019-01-30;"quarta-feira";"22:30:00";"SC";470;55,4;"BLUMENAU";"Falta de Atenção à Condução";"Colisão transversal";"Com Vítimas Feridas";"Plena Noite";"Decrescente";"Nublado";"Simples";"Interseção de Vias";"Sim";2;0;1;0;1;0;1;2;-26,87359776;-49,11397219;"SPRF-SC";"DEL04-SC";"UOP01-DEL04-SC"
188403;2019-01-30;"quarta-feira";"22:25:00";"MG";381;483;"BETIM";"Não guardar distância de segurança";"Colisão com objeto estático";"Com Vítimas Feridas";"Plena Noite";"Crescente";"Céu Claro";"Dupla";"Reta";"Não";1;0;1;0;0;0;1;1;-19,9596;-44,0877;"SPRF-MG";"DEL01-MG";"UOP03-DEL01-MG"
188404;2019-01-30;"quarta-feira";"20:30:00";"RO";364;714;"PORTO VELHO";"Não guardar distância de segurança";"Colisão traseira";"Com Vítimas Feridas";"Plena Noite";"Decrescente";"Nublado";"Dupla";"Reta";"Sim";2;0;1;0;1;0;1;2;-8,78100405;-63,89314326;"SPRF-RO";"DEL01-RO";"UOP01-DEL01-RO"