"id";"data_inversa";"dia_semana";"horario";"uf";"br";"km";"municipio";"causa_acidente";"tipo_acidente";"classificacao_acidente";"fase_dia";"sentido_via";"condicao_metereologica";"tipo_pista";"tracado_via";"uso_solo";"pessoas";"mortos";"feridos_leves";"feridos_graves";"ilesos";"ignorados";"feridos";"veiculos";"latitude";"longitude";"regional";"delegacia";"uop"
188405;2019-01-30;"quarta-feira";"21:20:00";"RO";319;59,5;"PORTO VELHO";"Defeito na Via";"Queda de ocupante de veículo";"Com Vítimas Feridas";"Plena Noite";"Crescente";"Nublado";"Dupla";"Interseção de Vias";"Sim";1;0;1;0;0;0;1;1;-8,74259049;-63,90251767;"SPRF-RO";"DEL01-RO";"UOP01-DEL01-RO"
188406;2019-01-30;"quarta-feira";"22:00:00";"RN";304;34;"MOSSORO";"Restrição de Visibilidade";"Atropelamento de Pedestre";"Com Vítimas Feridas";"Plena Noite";"Crescente";"Céu Claro";"Dupla";"Reta";"Sim";2;0;1;0;0;1;1;2;-5,152564;-37,34874;"SPRF-RN";"DEL04-RN";"UOP02-DEL04-RN"
188407;2019-01-30;"quarta-feira";"21:30:00";"RJ";40;57;"PETROPOLIS";"Velocidade Incompatível";"Colisão com objeto estático";"Com Vítimas Feridas";"Plena Noite";"Decrescente";"Céu Claro";"Simples";"Reta";"Não";1;0;1;0;0;0;1;1;-22,3796;-43,1321;"SPRF-RJ";"DEL06-RJ";"UOP01-DEL06-RJ"
188410;2019-01-31;"quinta-feira";"00:06:00";"MG";381;457;"BELO HORIZONTE";"Defeito Mecânico no Veículo";"Saída de leito carroçável";"Com Vítimas Feridas";"Plena Noite";"Decrescente";"Céu Claro";"Simples";"Reta";"Sim";1;0;0;1;0;0;1;1;-19,9605;-44,0357;"SPRF-MG";"DEL01-MG";"UOP01-DEL01-MG"
188414;2019-01-31;"quinta-feira";"00:02:00";"ES";101;260,6;"SERRA";"Desobediência às normas de trânsito pelo condutor";"Colisão frontal";"Com Vítimas Feridas";"Plena Noite";"Crescente";"Céu Claro";"Dupla";"Curva";"Não";4;0;2;1;1;0;3;2;-20,1464296;-40,28270982;"SPRF-ES";"DEL02-ES";"UOP01-DEL02-ES"
188416;2019-01-30;"quarta-feira";"22:15:00";"SC";280;35,5;"ARAQUARI";"Desobediência às normas de trânsito pelo condutor";"Colisão lateral";"Com Vítimas Feridas";"Plena Noite";"Crescente";"Céu Claro";"Simples";"Viaduto";"Não";2;0;1;0;0;1;1;2;-26,434475;-48,804539;"SPRF-SC";"DEL03-SC";"UOP03-DEL03-SC"
188419;2019-01-31;"quinta-feira";"05:40:00";"MS";262;451,5;"DOIS IRMAOS DO BURITI";"Condutor Dormindo";"Colisão frontal";"Com Vítimas Feridas";"Amanhecer";"Crescente";"Céu Claro";"Simples";"Reta";"Não";2;0;0;2;0;0;2;2;-20,54150734;-55,45349121;"SPRF-MS";"DEL03-MS";"UOP01-DEL03-MS"
188421;2019-01-31;"quinta-feira";"04:30:00";"CE";116;500;"BREJO SANTO";"Carga excessiva e/ou mal acondicionada";"Derramamento de carga";"Sem Vítimas";"Amanhecer";"Decrescente";"Céu Claro";"Simples";"Reta";"Sim";1;0;0;0;0;1;0;1;-7,479773;-38,981567;"SPRF-CE";"DEL05-CE";"UOP03-DEL05-CE"
188425;2019-01-31;"quinta-feira";"07:45:00";"DF";70;10;"BRASILIA";"Falta de Atenção à Condução";"Colisão traseira";"Com Vítimas Feridas";"Pleno dia";"Decrescente";"Céu Claro";"Dupla";"Reta";"Não";4;0;1;0;3;0;1;2;-15,787066;-48,140709;"SPRF-DF";"DEL01-DF";"UOP02-DEL03-DF"
188426;2019-01-31;"quinta-feira";"06:25:00";"PR";369;93,9;"CORNELIO PROCOPIO";"Falta de Atenção à Condução";"Queda de ocupante de veículo";"Com Vítimas Feridas";"Amanhecer";"Crescente";"Céu Claro";"Simples";"Interseção de Vias";"Não";1;0;1;0;0;0;1;1;-23,2183585;-50,67053318;"SPRF-PR";"DEL07-PR";"UOP05-DEL07-PR"
188427;2019-01-31;"quinta-feira";"07:20:00";"PR";116;119,6;"CURITIBA";"Falta de Atenção à Condução";"Colisão traseira";"Com Vítimas Feridas";"Pleno dia";"Decrescente";"Céu Claro";"Dupla";"Declive";"Sim";3;0;1;1;1;0;2;2;-25,58113692;-49,31312084;"SPRF-PR";"DEL01-PR";"UOP03-DEL01-PR"
188430;2019-01-31;"quinta-feira";"07:30:00";"BA";420;89;"SALVADOR";"Falta de Atenção à Condução";"Colisão lateral";"Com Vítimas Feridas";"Pleno dia";"Crescente";"Céu Claro";"Dupla";"Reta";"Sim";3;0;2;0;1;0;2;2;-12,944265;-38,470371;"SPRF-BA";"DEL01-BA";"UOP01-DEL01-BA"
188431;2019-01-31;"quinta-feira";"06:20:00";"RO";364;709;"PORTO VELHO";"Velocidade Incompatível";"Colisão transversal";"Com Vítimas Feridas";"Pleno dia";"Crescente";"Céu Claro";"Múltipla";"Reta";"Sim";4;0;0;2;0;2;2;3;-8,78966907;-63,85146081;"SPRF-RO";"DEL01-RO";"UOP01-DEL01-RO"
188432;2019-01-31;"quinta-feira";"07:45:00";"RS";290;106,9;"ELDORADO DO SUL";"Não guardar distância de segurança";"Engavetamento";"Com Vítimas Feridas";"Pleno dia";"Decrescente";"Sol";"Dupla";"Viaduto";"Sim";4;0;1;0;3;0;1;3;-30,00281426;-51,30761147;"SPRF-RS";"DEL02-RS";"UOP01-DEL02-RS"
188433;2019-01-31;"quinta-feira";"07:50:00";"ES";101;259,9;"SERRA";"Desobediência às normas de trânsito pelo condutor";"Colisão transversal";"Com Vítimas Feridas";"Pleno dia";"Crescente";"Céu Claro";"Simples";"Curva;Declive";"Sim";7;0;3;2;1;1;5;4;-20,1465193;-40,28757703;"SPRF-ES";"DEL02-ES";"UOP01-DEL02-ES"
188434;2019-01-31;"quinta-feira";"07:15:00";"PE";101;83,2;"JABOATAO DOS GUARARAPES";"Não guardar distância de segurança";"Colisão traseira";"Com Vítimas Feridas";"Pleno dia";"Decrescente";"Céu Claro";"Múltipla";"Interseção de Vias";"Não";3;0;2;0;1;0;2;2;-8,178499;-34,94595;"SPRF-PE";"DEL01-PE";"UOP03-DEL01-PE"
188437;2019-01-31;"quinta-feira";"08:30:00";"PR";376;497;"PONTA GROSSA";"Falta de Atenção à Condução";"Colisão traseira";"Com Vítimas Feridas";"Pleno dia";"Crescente";"Céu Claro";"Dupla";"Reta";"Sim";2;0;0;1;1;0;1;2;-25,14440748;-50,15398264;"SPRF-PR";"DEL03-PR";"UOP04-DEL03-PR"
188439;2019-01-31;"quinta-feira";"08:35:00";"RJ";116;169;"SAO JOAO DE MERITI";"Defeito na Via";"Colisão traseira";"Sem Vítimas";"Pleno dia";"Decrescente";"Céu Claro";"Simples";"Reta";"Não";2;0;0;0;2;0;0;2;-22,8111;-43,333729;"SPRF-RJ";"DEL01-RJ";"UOP02-DEL01-RJ"
188440;2019-01-31;"quinta-feira";"07:50:00";"PI";343;229,6;"TERESINA";"Falta de Atenção à Condução";"Tombamento";"Com Vítimas Feridas";"Pleno dia";"Crescente";"Nublado";"Simples";"Reta";"Não";1;0;0;1;0;0;1;1;-5,06144388;-42,65104121;"SPRF-PI";"DEL01-PI";"UOP03-DEL01-PI"
188441;2019-01-31;"quinta-feira";"09:10:00";"GO";60;121,5;"TEREZOPOLIS DE GOIAS";"Falta de Atenção à Condução";"Colisão transversal";"Com Vítimas Feridas";"Pleno dia";"Crescente";"Céu Claro";"Dupla";"Reta";"Não";2;0;1;0;1;0;1;2;-16,5044;-49,1128;"SPRF-GO";"DEL01-GO";"UOP01-DEL01-GO"
188443;2019-01-31;"quinta-feira";"04:10:00";"PE";232;114;"BEZERROS";"Velocidade Incompatível";"Saída de leito carroçável";"Com Vítimas Feridas";"Amanhecer";"Decrescente";"Céu Claro";"Dupla";"Reta";"Sim";2;0;0;2;0;0;2;1;-8,25219;-35,76585;"SPRF-PE";"DEL02-PE";"UOP03-DEL02-PE"
188445;2019-01-31;"quinta-feira";"09:50:00";"PR";376;260;"CALIFORNIA";"Falta de Atenção à Condução";"Colisão traseira";"Com Vítimas Feridas";"Pleno dia";"Crescente";"Sol";"Simples";"Reta";"Não";2;0;1;0;1;0;1;2;-23,68534402;-51,34991527;"SPRF-PR";"DEL07-PR";"UOP03-DEL07-PR"
188447;2019-01-31;"quinta-feira";"09:05:00";"AL";316;251,6;"PILAR";"Pista Escorregadia";"Tombamento";"Com Vítimas Feridas";"Pleno dia";"Decrescente";"Céu Claro";"Simples";"Interseção de Vias";"Não";1;0;1;0;0;0;1;1;-9,563696;-35,971119;"SPRF-AL";"DEL01-AL";"UOP01-DEL01-AL"
188452;2019-01-31;"quinta-feira";"08:00:00";"SP";459;28;"LORENA";"Falta de Atenção à Condução";"Colisão transversal";"Com Vítimas Feridas";"Pleno dia";"Crescente";"Céu Claro";"Dupla";"Interseção de Vias";"Não";2;0;1;0;1;0;1;2;-22,709425;-45,113232;"SPRF-SP";"DEL08-SP";"UOP03-DEL08-SP"
188456;2019-01-31;"quinta-feira";"11:00:00";"PR";376;5;"APUCARANA";"Desobediência às normas de trânsito pelo condutor";"Colisão transversal";"Com Vítimas Feridas";"Pleno dia";"Crescente";"Céu Claro";"Simples";"Interseção de Vias";"Não";2;0;1;0;1;0;1;2;-23,5513;-51,461266;"SPRF-PR";"DEL07-PR";"UOP03-DEL07-PR"
188461;2019-01-31;"quinta-feira";"11:45:00";"PR";277;620,7;"CEU AZUL";"Falta de Atenção à Condução";"Colisão lateral";"Sem Vítimas";"Pleno dia";"Decrescente";"Céu Claro";"Simples";"Reta";"Não";2;0;0;0;2;0;0;2;-25,083078;-53,71064;"SPRF-PR";"DEL05-PR";"UOP02-DEL05-PR"
188463;2019-01-31;"quinta-feira";"11:50:00";"SC";101;134;"BALNEARIO CAMBORIU";"Falta de Atenção à Condução";"Colisão transversal";"Com Vítimas Feridas";"Pleno dia";"Decrescente";"Céu Claro";"Múltipla";"Reta";"Sim";3;0;1;0;2;0;1;2;-27,0049;-48,6266;"SPRF-SC";"DEL04-SC";"UOP03-DEL04-SC"
188466;2019-01-31;"quinta-feira";"12:15:00";"PR";116;119,4;"CURITIBA";"Falta de Atenção à Condução";"Colisão com objeto estático";"Com Vítimas Feridas";"Pleno dia";"Crescente";"Céu Claro";"Dupla";"Interseção de Vias";"Sim";3;0;0;2;1;0;2;2;-25,58031436;-49,31308866;"SPRF-PR";"DEL01-PR";"UOP03-DEL01-PR"
188468;2019-01-31;"quinta-feira";"11:15:00";"PI";343;0;"TERESINA";"Defeito Mecânico no Veículo";"Colisão traseira";"Com Vítimas Feridas";"Pleno dia";"Decrescente";"Céu Claro";"Dupla";"Rotatória";"Sim";6;0;2;0;4;0;2;3;-5,089569;-42,802288;"SPRF-PI";"DEL01-PI";"UOP01-DEL01-PI"
188470;2019-01-31;"quinta-feira";"12:45:00";"ES";101;43;"SAO MATEUS";"Defeito Mecânico no Veículo";"Saída de leito carroçável";"Com Vítimas Feridas";"Pleno dia";"Crescente";"Céu Claro";"Simples";"Reta";"Não";1;0;1;0;0;0;1;1;-18,525623;-39,910694;"SPRF-ES";"DEL04-ES";"UOP02-DEL04-ES"
188474;2019-01-31;"quinta-feira";"12:00:00";"PA";316;21,5;"BENEVIDES";"Desobediência às normas de trânsito pelo condutor";"Colisão transversal";"Sem Vítimas";"Pleno dia";"Decrescente";"Nublado";"Dupla";"Retorno Regulamentado";"Sim";2;0;0;0;2;0;0;2;-1,360972;-48,262413;"SPRF-PA";"DEL01-PA";"DEL19/1-UOP05/PA"
188477;2019-01-31;"quinta-feira";"11:45:00";"PR";369;147;"LONDRINA";"Desobediência às normas de trânsito pelo condutor";"Colisão transversal";"Com Vítimas Feridas";"Pleno dia";"Crescente";"Céu Claro";"Dupla";"Interseção de Vias";"Sim";3;0;0;2;1;0;2;3;-23,29309161;-51,13461435;"SPRF-PR";"DEL07-PR";"UOP01-DEL07-PR"
188479;2019-01-31;"quinta-feira";"13:40:00";"SP";488;0,1;"APARECIDA";"Velocidade Incompatível";"Colisão transversal";"Com Vítimas Feridas";"Pleno dia";"Decrescente";"Céu Claro";"Dupla";"Reta";"Sim";3;0;1;1;1;0;2;2;-22,85856;-45,233116;"SPRF-SP";"DEL08-SP";"UOP01-DEL08-SP"
188480;2019-01-31;"quinta-feira";"08:40:00";"PR";116;157;"MANDIRITUBA";"Falta de Atenção à Condução";"Capotamento";"Com Vítimas Feridas";"Pleno dia";"Crescente";"Céu Claro";"Simples";"Reta";"Sim";1;0;1;0;0;0;1;1;-25,86566296;-49,4114399;"SPRF-PR";"DEL01-PR";"UOP03-DEL01-PR"
188481;2019-01-31;"quinta-feira";"14:25:00";"RJ";356;49;"ITAPERUNA";"Falta de Atenção à Condução";"Colisão frontal";"Com Vítimas Fatais";"Pleno dia";"Crescente";"Céu Claro";"Simples";"Curva";"Não";2;1;0;1;0;0;1;2;-21,257353;-41,775131;"SPRF-RJ";"DEL08-RJ";"UOP03-DEL08-RJ"
188482;2019-01-31;"quinta-feira";"12:00:00";"RO";435;84,2;"COLORADO DO OESTE";"Desobediência às normas de trânsito pelo condutor";"Colisão transversal";"Com Vítimas Feridas";"Pleno dia";"Crescente";"Céu Claro";"Dupla";"Interseção de Vias";"Sim";3;0;1;1;1;0;2;2;-13,117354;-60,52301;"SPRF-RO";"DEL04-RO";"UOP02-DEL04-RO"
188490;2019-01-31;"quinta-feira";"14:15:00";"RJ";116;54;"TERESOPOLIS";"Falta de Atenção à Condução";"Saída de leito carroçável";"Com Vítimas Feridas";"Pleno dia";"Decrescente";"Céu Claro";"Simples";"Curva";"Não";1;0;0;1;0;0;1;1;-22,206223;-42,879627;"SPRF-RJ";"DEL04-RJ";"UOP01-DEL04-RJ"
188491;2019-01-31;"quinta-feira";"14:35:00";"PR";277;345,3;"GUARAPUAVA";"Desobediência às normas de trânsito pelo condutor";"Colisão lateral";"Sem Vítimas";"Pleno dia";"Crescente";"Céu Claro";"Simples";"Curva";"Sim";2;0;0;0;2;0;0;2;-25,3659;-51,4883;"SPRF-PR";"DEL03-PR";"UOP01-DEL08-PR"
188492;2019-01-31;"quinta-feira";"13:10:00";"RN";304;45,7;"MOSSORO";"Falta de Atenção à Condução";"Colisão lateral";"Com Vítimas Feridas";"Pleno dia";"Crescente";"Nublado";"Dupla";"Reta";"Não";2;0;1;0;1;0;1;2;-5,225794;-37,340046;"SPRF-RN";"DEL04-RN";"UOP01-DEL04-RN"
188493;2019-01-31;"quinta-feira";"09:40:00";"SP";116;174;"JACAREI";"Falta de Atenção à Condução";"Colisão traseira";"Com Vítimas Feridas";"Pleno dia";"Decrescente";"Sol";"Dupla";"Aclive";"Não";5;0;4;0;1;0;4;2;-23,3206492;-46,09120754;"SPRF-SP";"DEL02-SP";"UOP01-DEL02-SP"
188497;2019-01-31;"quinta-feira";"16:20:00";"MG";40;358;"FELIXLANDIA";"Ultrapassagem Indevida";"Saída de leito carroçável";"Com Vítimas Feridas";"Pleno dia";"Decrescente";"Céu Claro";"Simples";"Reta";"Não";1;0;0;1;0;0;1;1;-18,736111;-44,864979;"SPRF-MG";"DEL02-MG";"UOP01-DEL02-MG"
188498;2019-01-31;"quinta-feira";"14:10:00";"PR";277;96;"CURITIBA";"Mal Súbito";"Saída de leito carroçável";"Com Vítimas Feridas";"Pleno dia";"Decrescente";"Nublado";"Dupla";"Reta";"Sim";3;0;2;0;1;0;2;1;-25,43040792;-49,34384823;"SPRF-PR";"DEL01-PR";"UOP06-DEL01-PR"
188499;2019-01-31;"quinta-feira";"14:00:00";"ES";262;16,1;"VIANA";"Agressão Externa";"Colisão traseira";"Com Vítimas Feridas";"Pleno dia";"Decrescente";"Sol";"Simples";"Curva";"Sim";1;0;1;0;0;0;1;1;-20,3836;-40,4608;"SPRF-ES";"DEL01-ES";"UOP01-DEL01-ES"
188503;2019-01-31;"quinta-feira";"14:45:00";"BA";324;1,5;"FEIRA DE SANTANA";"Desobediência às normas de trânsito pelo condutor";"Colisão frontal";"Com Vítimas Feridas";"Pleno dia";"Crescente";"Sol";"Simples";"Reta";"Sim";2;0;0;1;1;0;1;2;-12,28194135;-38,94580364;"SPRF-BA";"DEL02-BA";"UOP01-DEL02-BA"
188504;2019-01-31;"quinta-feira";"15:50:00";"MS";163;288,1;"DOURADOS";"Desobediência às normas de trânsito pelo condutor";"Colisão transversal";"Com Vítimas Feridas";"Pleno dia";"Crescente";"Céu Claro";"Simples";"Reta";"Sim";2;0;2;0;0;0;2;2;-22,08126436;-54,56882499;"SPRF-MS";"DEL04-MS";"UOP01-DEL04-MS"
188506;2019-01-31;"quinta-feira";"17:00:00";"DF";20;2,8;"BRASILIA";"Desobediência às normas de trânsito pelo condutor";"Tombamento";"Com Vítimas Feridas";"Pleno dia";"Decrescente";"Sol";"Dupla";"Reta";"Sim";1;0;0;1;0;0;1;1;-15,682896;-47,840729;"SPRF-DF";"DEL02-DF";"UOP01-DEL02-DF"
188509;2019-01-07;"segunda-feira";"20:40:00";"SP";116;282;"EMBU DAS ARTES";"Falta de Atenção à Condução";"Colisão com objeto estático";"Com Vítimas Feridas";"Plena Noite";"Crescente";"Céu Claro";"Dupla";"Curva";"Sim";2;0;1;0;1;0;1;1;-23,66148428;-46,85255977;"SPRF-SP";"DEL04-SP";"UOP01-DEL04-SP"
188515;2019-01-31;"quinta-feira";"17:50:00";"MG";365;621;"UBERLANDIA";"Não guardar distância de segurança";"Colisão traseira";"Com Vítimas Feridas";"Pleno dia";"Decrescente";"Céu Claro";"Dupla";"Reta";"Sim";2;0;1;0;1;0;1;2;-18,8974;-48,2715;"SPRF-MG";"DEL15-MG";"UOP01-DEL15-MG"
188517;2019-01-31;"quinta-feira";"17:00:00";"RJ";493;89;"SEROPEDICA";"Falta de Atenção à Condução";"Capotamento";"Com Vítimas Feridas";"Pleno dia";"Crescente";"Céu Claro";"Simples";"Reta";"Não";2;0;2;0;0;0;2;1;-22,7164097;-43,7158091;"SPRF-RJ";"DEL01-RJ";"UOP03-DEL01-RJ"
188519;2019-01-31;"quinta-feira";"18:40:00";"PR";277;144,3;"PALMEIRA";"Pista Escorregadia";"Saída de leito carroçável";"Com Vítimas Feridas";"Pleno dia";"Crescente";"Chuva";"Simples";"Curva";"Não";1;0;1;0;0;0;1;1;-25,46727488;-49,77482021;"SPRF-PR";"DEL01-PR";"UOP06-DEL01-PR"
188520;2019-01-31;"quinta-feira";"18:00:00";"RS";285;300,5;"PASSO FUNDO";"Defeito Mecânico no Veículo";"Saída de leito carroçável";"Com Vítimas Feridas";"Pleno dia";"Decrescente";"Céu Claro";"Simples";"Reta";"Não";8;0;5;2;1;0;7;1;-28,22777653;-52,48263512;"SPRF-RS";"DEL08-RS";"UOP03-DEL08-RS"
188522;2019-01-31;"quinta-feira";"18:50:00";"SC";470;6,1;"NAVEGANTES";"Desobediência às normas de trânsito pelo condutor";"Colisão transversal";"Com Vítimas Feridas";"Pleno dia";"Decrescente";"Céu Claro";"Simples";"Reta";"Sim";2;0;1;0;1;0;1;2;-26,852238;-48,709545;"SPRF-SC";"DEL04-SC";"UOP04-DEL04-SC"
188525;2019-01-31;"quinta-feira";"19:30:00";"ES";101;137;"LINHARES";"Falta de Atenção à Condução";"Colisão transversal";"Com Vítimas Fatais";"Plena Noite";"Crescente";"Céu Claro";"Simples";"Retorno Regulamentado";"Não";2;1;0;0;1;0;0;2;-19,30714546;-40,08175494;"SPRF-ES";"DEL04-ES";"UOP01-DEL04-ES"
188526;2019-01-31;"quinta-feira";"19:40:00";"SP";101;48,9;"UBATUBA";"Falta de Atenção à Condução";"Colisão transversal";"Com Vítimas Feridas";"Anoitecer";"Crescente";"Céu Claro";"Simples";"Reta";"Sim";2;0;1;0;0;1;1;2;-23,44344329;-45,0844574;"SPRF-SP";"DEL06-SP";"UOP01-DEL06-SP"
188528;2019-01-31;"quinta-feira";"19:40:00";"GO";20;22;"FORMOSA";"Falta de Atenção à Condução";"Colisão lateral";"Com Vítimas Feridas";"Plena Noite";"Crescente";"Nublado";"Simples";"Interseção de Vias";"Não";2;0;1;0;0;1;1;2;-15,54697589;-47,16499329;"SPRF-DF";"DEL02-DF";"UOP01-DEL02-DF"
188529;2019-01-31;"quinta-feira";"18:30:00";"RN";110;49,8;"MOSSORO";"Falta de Atenção à Condução";"Atropelamento de Pedestre";"Com Vítimas Feridas";"Plena Noite";"Crescente";"Nublado";"Dupla";"Reta";"Sim";2;0;0;1;1;0;1;2;-5,21646;-37,329269;"SPRF-RN";"DEL04-RN";"UOP01-DEL04-RN"
188530;2019-01-31;"quinta-feira";"16:50:00";"MG";365;752,1;"ITUIUTABA";"Defeito na Via";"Saída de leito carroçável";"Com Vítimas Feridas";"Pleno dia";"Decrescente";"Céu Claro";"Simples";"Ponte";"Não";1;0;1;0;0;0;1;1;-18,94245723;-49,44957018;"SPRF-MG";"DEL15-MG";"UOP03-DEL15-MG"
188532;2019-01-31;"quinta-feira";"17:40:00";"SP";116;222,6;"GUARULHOS";"Ingestão de Álcool";"Atropelamento de Pedestre";"Sem Vítimas";"Anoitecer";"Decrescente";"Céu Claro";"Múltipla";"Reta";"Sim";2;0;0;0;1;1;0;2;-23,47380149;-46,52077675;"SPRF-SP";"DEL01-SP";"UOP01-DEL01-SP"
188534;2019-01-31;"quinta-feira";"20:00:00";"SC";282;3;"FLORIANOPOLIS";"Defeito Mecânico no Veículo";"Tombamento";"Com Vítimas Feridas";"Plena Noite";"Crescente";"Céu Claro";"Dupla";"Reta";"Não";2;0;1;1;0;0;2;1;-27,600384;-48,599705;"SPRF-SC";"DEL01-SC";"UOP01-DEL01-SC"
188535;2019-01-31;"quinta-feira";"19:15:00";"SC";470;50,4;"BLUMENAU";"Falta de Atenção à Condução";"Tombamento";"Com Vítimas Feridas";"Pleno dia";"Crescente";"Céu Claro";"Simples";"Reta";"Não";1;0;1;0;0;0;1;1;-26,859768;-49,074493;"SPRF-SC";"DEL04-SC";"UOP01-DEL04-SC"
188536;2019-01-31;"quinta-feira";"19:30:00";"DF";60;0,5;"BRASILIA";"Falta de Atenção à Condução";"Colisão transversal";"Sem Vítimas";"Anoitecer";"Crescente";"Vento";"Dupla";"Reta";"Sim";2;0;0;0;2;0;0;2;-15,882499;-48,060212;"SPRF-DF";"DEL01-DF";"UOP01-DEL03-DF"
188537;2019-01-31;"quinta-feira";"16:30:00";"PR";163;119;"CAPANEMA";"Falta de Atenção à Condução";"Colisão com objeto estático";"Sem Vítimas";"Pleno dia";"Crescente";"Sol";"Múltipla";"Reta";"Não";2;0;0;0;2;0;0;1;-25,59550177;-53,62935305;"SPRF-PR";"DEL02-PR";"UOP02-DEL02-PR"
188538;2019-01-31;"quinta-feira";"18:40:00";"PE";232;502,7;"VERDEJANTE";"Falta de Atenção do Pedestre";"Atropelamento de Pedestre";"Com Vítimas Feridas";"Plena Noite";"Crescente";"Céu Claro";"Simples";"Reta";"Não";2;0;1;0;1;0;1;2;-8,064491;-39,129845;"SPRF-PE";"DEL05-PE";"UOP01-DEL05-PE"
188539;2019-01-31;"quinta-feira";"20:45:00";"GO";153;78;"PORANGATU";"Defeito na Via";"Queda de ocupante de veículo";"Com Vítimas Feridas";"Plena Noite";"Decrescente";"Céu Claro";"Simples";"Declive";"Não";1;0;1;0;0;0;1;1;-13,513705;-49,121609;"SPRF-GO";"DEL07-GO";"UOP01-DEL07-GO"
188540;2019-01-31;"quinta-feira";"19:10:00";"RJ";393;279;"BARRA DO PIRAI";"Desobediência às normas de trânsito pelo condutor";"Colisão frontal";"Com Vítimas Feridas";"Pleno dia";"Decrescente";"Sol";"Simples";"Reta";"Sim";2;0;0;1;1;0;1;2;-22,478477;-43,951252;"SPRF-RJ";"DEL05-RJ";"UOP04-DEL05-RJ"
188542;2019-01-31;"quinta-feira";"16:25:00";"RS";386;423,2;"MONTENEGRO";"Falta de Atenção à Condução";"Colisão frontal";"Sem Vítimas";"Pleno dia";"Decrescente";"Chuva";"Simples";"Reta";"Não";5;0;0;0;5;0;0;2;-29,8148548;-51,39011741;"SPRF-RS";"DEL04-RS";"UOP02-DEL04-RS"
188544;2019-01-31;"quinta-feira";"21:00:00";"SP";116;224,6;"GUARULHOS";"Defeito na Via";"Colisão com objeto em movimento";"Com Vítimas Feridas";"Plena Noite";"Crescente";"Céu Claro";"Múltipla";"Reta";"Não";1;0;1;0;0;0;1;1;-23,48572293;-46,5410471;"SPRF-SP";"DEL01-SP";"UOP01-DEL01-SP"
188545;2019-01-31;"quinta-feira";"21:00:00";"RJ";116;189,9;"QUEIMADOS";"Defeito Mecânico no Veículo";"Colisão com objeto estático";"Com Vítimas Feridas";"Plena Noite";"Crescente";"Céu Claro";"Dupla";"Reta";"Não";2;0;2;0;0;0;2;1;-22,73570014;-43,55316684;"SPRF-RJ";"DEL01-RJ";"UOP03-DEL01-RJ"
188546;2019-01-31;"quinta-feira";"16:00:00";"SC";282;37,4;"AGUAS MORNAS";"Velocidade Incompatível";"Saída de leito carroçável";"Com Vítimas Feridas";"Pleno dia";"Decrescente";"Chuva";"Simples";"Reta";"Não";2;0;2;0;0;0;2;1;-27,70492151;-48,83431435;"SPRF-SC";"DEL01-SC";"UOP03-DEL01-SC"
188547;2019-01-31;"quinta-feira";"21:10:00";"PR";469;1;"FOZ DO IGUACU";"Falta de Atenção à Condução";"Colisão transversal";"Com Vítimas Feridas";"Plena Noite";"Decrescente";"Céu Claro";"Simples";"Rotatória";"Sim";2;0;0;1;1;0;1;2;-25,57686923;-54,55443621;"SPRF-PR";"DEL05-PR";"UOP04-DEL05-PR"
188548;2019-01-31;"quinta-feira";"21:40:00";"SP";153;53;"SAO JOSE DO RIO PRETO";"Avarias e/ou desgaste excessivo no pneu";"Tombamento";"Com Vítimas Feridas";"Plena Noite";"Crescente";"Céu Claro";"Dupla";"Reta";"Sim";1;0;1;0;0;0;1;1;-20,735983;-49,338039;"SPRF-SP";"DEL09-SP";"UOP01-DEL09-SP"
188549;2019-01-31;"quinta-feira";"19:50:00";"PR";277;350;"GUARAPUAVA";"Desobediência às normas de trânsito pelo condutor";"Colisão lateral";"Com Vítimas Feridas";"Anoitecer";"Crescente";"Céu Claro";"Simples";"Reta";"Sim";2;0;1;0;0;1;1;2;-25,39123744;-51,5226388;"SPRF-PR";"DEL03-PR";"UOP01-DEL08-PR"
188553;2019-01-31;"quinta-feira";"23:00:00";"SC";101;178;"BIGUACU";"Pista Escorregadia";"Tombamento";"Com Vítimas Feridas";"Plena Noite";"Crescente";"Chuva";"Dupla";"Curva";"Não";1;0;1;0;0;0;1;1;-27,3737;-48,6328;"SPRF-SC";"DEL01-SC";"UOP01-DEL01-SC"
188555;2019-01-31;"quinta-feira";"21:40:00";"TO";153;442,2;"MIRACEMA DO TOCANTINS";"Falta de Atenção do Pedestre";"Atropelamento de Pedestre";"Com Vítimas Fatais";"Plena Noite";"Crescente";"Céu Claro";"Simples";"Reta";"Não";4;1;0;0;1;2;0;2;-9,757113;-48,702053;"SPRF-TO";"DEL02-TO";"UOP01-DEL01-TO"
188556;2019-01-31;"quinta-feira";"22:35:00";"MG";116;701;"MURIAE";"Não guardar distância de segurança";"Queda de ocupante de veículo";"Com Vítimas Feridas";"Plena Noite";"Decrescente";"Céu Claro";"Simples";"Reta";"Sim";1;0;1;0;0;0;1;1;-21,09443022;-42,3734951;"SPRF-MG";"DEL07-MG";"UOP02-DEL07-MG"
188557;2019-01-31;"quinta-feira";"12:00:00";"PR";277;432;"VIRMOND";"Velocidade Incompatível";"Capotamento";"Sem Vítimas";"Pleno dia";"Decrescente";"Céu Claro";"Simples";"Curva";"Não";1;0;0;0;1;0;0;1;-25,37894195;-52,20606029;"SPRF-PR";"DEL04-PR";"UOP02-DEL04-PR"