"id";"data_inversa";"dia_semana";"horario";"uf";"br";"km";"municipio";"causa_acidente";"tipo_acidente";"classificacao_acidente";"fase_dia";"sentido_via";"condicao_metereologica";"tipo_pista";"tracado_via";"uso_solo";"pessoas";"mortos";"feridos_leves";"feridos_graves";"ilesos";"ignorados";"feridos";"veiculos";"latitude";"longitude";"regional";"delegacia";"uop"
188558;2019-01-31;"quinta-feira";"23:50:00";"GO";40;9;"LUZIANIA";"Falta de Atenção à Condução";"Colisão traseira";"Com Vítimas Feridas";"Plena Noite";"Crescente";"Céu Claro";"Dupla";"Reta";"Sim";1;0;1;0;0;0;1;1;-16,131158;-47,957739;"SPRF-DF";"DEL01-DF";"UOP01-DEL01-DF"
188559;2019-01-31;"quinta-feira";"22:25:00";"RJ";493;114;"ITAGUAI";"Ingestão de Álcool";"Saída de leito carroçável";"Com Vítimas Feridas";"Plena Noite";"Crescente";"Céu Claro";"Dupla";"Reta";"Não";8;0;1;0;7;0;1;2;-22,83087017;-43,80858773;"SPRF-RJ";"DEL03-RJ";"UOP01-DEL03-RJ"
188560;2019-01-31;"quinta-feira";"22:45:00";"PI";316;32;"DEMERVAL LOBAO";"Animais na Pista";"Atropelamento de Animal";"Sem Vítimas";"Plena Noite";"Decrescente";"Chuva";"Simples";"Reta";"Sim";1;0;0;0;1;0;0;1;-5,34218;-42,686275;"SPRF-PI";"DEL01-PI";"UOP02-DEL01-PI"
188561;2019-02-01;"sexta-feira";"00:05:00";"SC";101;221,5;"PALHOCA";"Desobediência às normas de trânsito pelo condutor";"Colisão traseira";"Com Vítimas Feridas";"Plena Noite";"Crescente";"Céu Claro";"Dupla";"Aclive";"Não";2;0;1;0;1;0;1;2;-27,7096;-48,6544;"SPRF-SC";"DEL01-SC";"UOP02-DEL01-SC"
188563;2019-02-01;"sexta-feira";"00:10:00";"GO";60;163;"GOIANIA";"Falta de Atenção à Condução";"Colisão lateral";"Com Vítimas Feridas";"Plena Noite";"Crescente";"Céu Claro";"Dupla";"Reta";"Não";3;0;0;3;0;0;3;3;-16,7002;-49,3335;"SPRF-GO";"DEL01-GO";"UOP02-DEL01-GO"
188564;2019-02-01;"sexta-feira";"00:50:00";"SP";116;388,2;"MIRACATU";"Ingestão de Álcool";"Colisão com objeto estático";"Com Vítimas Feridas";"Plena Noite";"Decrescente";"Nublado";"Dupla";"Reta";"Não";1;0;0;1;0;0;1;1;-24,26547538;-47,38730765;"SPRF-SP";"DEL04-SP";"UOP02-DEL04-SP"
188566;2019-02-01;"sexta-feira";"00:20:00";"RN";101;99;"NATAL";"Falta de Atenção à Condução";"Colisão lateral";"Com Vítimas Feridas";"Plena Noite";"Crescente";"Céu Claro";"Dupla";"Reta";"Sim";2;0;1;0;1;0;1;2;-5,87365;-35,220673;"SPRF-RN";"DEL01-RN";"UOP01-DEL01-RN"
188573;2019-02-01;"sexta-feira";"03:40:00";"GO";70;10,8;"AGUAS LINDAS DE GOIAS";"Desobediência às normas de trânsito pelo condutor";"Colisão traseira";"Com Vítimas Fatais";"Plena Noite";"Crescente";"Céu Claro";"Múltipla";"Reta";"Não";2;1;0;0;1;0;0;2;-15,7372;-48,2917;"SPRF-DF";"DEL01-DF";"UOP02-DEL03-DF"
188575;2019-02-01;"sexta-feira";"05:10:00";"SP";116;128;"CACAPAVA";"Falta de Atenção à Condução";"Queda de ocupante de veículo";"Com Vítimas Feridas";"Plena Noite";"Crescente";"Céu Claro";"Dupla";"Reta";"Sim";1;0;1;0;0;0;1;1;-23,114546;-45,711056;"SPRF-SP";"DEL06-SP";"UOP02-DEL02-SP"
188577;2019-02-01;"sexta-feira";"05:00:00";"RJ";101;412,9;"ITAGUAI";"Condutor Dormindo";"Queda de ocupante de veículo";"Com Vítimas Feridas";"Plena Noite";"Decrescente";"Céu Claro";"Dupla";"Reta";"Sim";1;0;0;1;0;0;1;1;-22,897207;-43,8564;"SPRF-RJ";"DEL03-RJ";"UOP01-DEL03-RJ"
188578;2019-02-01;"sexta-feira";"06:10:00";"MG";365;407;"PATOS DE MINAS";"Defeito Mecânico no Veículo";"Incêndio";"Sem Vítimas";"Amanhecer";"Decrescente";"Céu Claro";"Simples";"Reta";"Sim";1;0;0;0;1;0;0;1;-18,63483425;-46,48061341;"SPRF-MG";"DEL10-MG";"UOP01-DEL10-MG"
188581;2019-02-01;"sexta-feira";"06:50:00";"PR";277;69,5;"SAO JOSE DOS PINHAIS";"Defeito Mecânico no Veículo";"Queda de ocupante de veículo";"Com Vítimas Feridas";"Pleno dia";"Crescente";"Céu Claro";"Dupla";"Reta";"Não";1;0;1;0;0;0;1;1;-25,52198623;-49,10424113;"SPRF-PR";"DEL01-PR";"UOP07-DEL01-PR"
188583;2019-02-01;"sexta-feira";"07:05:00";"PR";277;579,6;"CASCAVEL";"Falta de Atenção à Condução";"Queda de ocupante de veículo";"Com Vítimas Feridas";"Pleno dia";"Decrescente";"Sol";"Simples";"Reta";"Não";1;0;0;1;0;0;1;1;-24,9838139;-53,3730357;"SPRF-PR";"DEL04-PR";"UOP01-DEL04-PR"
188584;2019-02-01;"sexta-feira";"07:02:00";"PR";116;111;"CURITIBA";"Falta de Atenção à Condução";"Colisão com objeto estático";"Com Vítimas Feridas";"Pleno dia";"Crescente";"Céu Claro";"Múltipla";"Reta";"Sim";1;0;1;0;0;0;1;1;-25,569897;-49,187782;"SPRF-PR";"DEL01-PR";"UOP01-DEL01-PR"
188585;2019-02-01;"sexta-feira";"07:00:00";"ES";262;112,3;"VENDA NOVA DO IMIGRANTE";"Falta de Atenção à Condução";"Colisão lateral";"Com Vítimas Feridas";"Pleno dia";"Crescente";"Céu Claro";"Simples";"Reta";"Não";3;0;2;0;1;0;2;2;-20,3372;-41,201;"SPRF-ES";"DEL01-ES";"UOP02-DEL01-ES"
188587;2019-02-01;"sexta-feira";"06:20:00";"RS";386;432;"NOVA SANTA RITA";"Objeto estático sobre o leito carroçável";"Colisão traseira";"Com Vítimas Feridas";"Amanhecer";"Decrescente";"Céu Claro";"Simples";"Reta";"Não";2;0;1;0;1;0;1;2;-29,83723307;-51,30621135;"SPRF-RS";"DEL04-RS";"UOP02-DEL04-RS"
188589;2019-02-01;"sexta-feira";"08:00:00";"RJ";40;124;"RIO DE JANEIRO";"Falta de Atenção do Pedestre";"Atropelamento de Pedestre";"Com Vítimas Feridas";"Pleno dia";"Crescente";"Céu Claro";"Múltipla";"Reta";"Sim";2;0;1;0;1;0;1;2;-22,8147;-43,2881;"SPRF-RJ";"DEL01-RJ";"UOP01-DEL01-RJ"
188592;2019-02-01;"sexta-feira";"07:00:00";"RN";304;53,7;"MOSSORO";"Ultrapassagem Indevida";"Tombamento";"Com Vítimas Feridas";"Pleno dia";"Decrescente";"Céu Claro";"Simples";"Reta";"Não";2;0;1;0;1;0;1;2;-5,26806;-37,300053;"SPRF-RN";"DEL04-RN";"UOP01-DEL04-RN"
188593;2019-02-01;"sexta-feira";"08:20:00";"SC";101;206,9;"SAO JOSE";"Falta de Atenção à Condução";"Colisão traseira";"Com Vítimas Feridas";"Pleno dia";"Crescente";"Céu Claro";"Dupla";"Reta";"Não";2;0;0;1;1;0;1;2;-27,6001;-48,6225;"SPRF-SC";"DEL01-SC";"UOP01-DEL01-SC"
188594;2019-02-01;"sexta-feira";"08:15:00";"RS";472;577;"URUGUAIANA";"Defeito na Via";"Tombamento";"Com Vítimas Feridas";"Pleno dia";"Decrescente";"Céu Claro";"Simples";"Reta";"Sim";1;0;1;0;0;0;1;1;-29,7781603;-57,06101418;"SPRF-RS";"DEL13-RS";"UOP01-DEL13-RS"
188596;2019-02-01;"sexta-feira";"07:30:00";"MT";163;834;"SINOP";"Falta de Atenção à Condução";"Colisão transversal";"Com Vítimas Feridas";"Pleno dia";"Decrescente";"Céu Claro";"Dupla";"Rotatória";"Não";2;0;2;0;0;0;2;2;-11,86432703;-55,49640656;"SPRF-MT";"DEL06-MT";"UOP01-DEL06-MT"
188597;2019-02-01;"sexta-feira";"06:50:00";"CE";116;4,9;"FORTALEZA";"Velocidade Incompatível";"Colisão com objeto estático";"Sem Vítimas";"Pleno dia";"Crescente";"Chuva";"Múltipla";"Reta";"Sim";1;0;0;0;1;0;0;1;-3,7956;-38,507;"SPRF-CE";"DEL01-CE";"UOP02-DEL01-CE"
188598;2019-01-08;"terça-feira";"22:50:00";"PR";277;342,9;"GUARAPUAVA";"Desobediência às normas de trânsito pelo condutor";"Colisão com objeto estático";"Sem Vítimas";"Plena Noite";"Decrescente";"Ignorado";"Dupla";"Retorno Regulamentado";"Sim";1;0;0;0;1;0;0;1;-25,35967473;-51,46700978;"SPRF-PR";"DEL03-PR";"UOP01-DEL08-PR"
188599;2019-02-01;"sexta-feira";"09:02:00";"PR";277;577;"CASCAVEL";"Falta de Atenção à Condução";"Colisão lateral";"Com Vítimas Feridas";"Pleno dia";"Decrescente";"Céu Claro";"Simples";"Reta";"Não";2;0;1;0;1;0;1;2;-24,98567169;-53,335121;"SPRF-PR";"DEL04-PR";"UOP01-DEL04-PR"
188601;2019-02-01;"sexta-feira";"08:20:00";"BA";101;716;"EUNAPOLIS";"Falta de Atenção à Condução";"Colisão transversal";"Com Vítimas Feridas";"Pleno dia";"Crescente";"Céu Claro";"Simples";"Reta";"Sim";2;0;2;0;0;0;2;2;-16,3555;-39,5795;"SPRF-BA";"DEL09-BA";"UOP01-DEL09-BA"
188606;2019-02-01;"sexta-feira";"07:50:00";"SC";153;100;"CONCORDIA";"Desobediência às normas de trânsito pelo condutor";"Colisão transversal";"Com Vítimas Feridas";"Pleno dia";"Decrescente";"Céu Claro";"Simples";"Reta";"Não";2;0;1;0;1;0;1;2;-27,242643;-51,95171;"SPRF-SC";"DEL07-SC";"UOP04-DEL07-SC"
188607;2019-02-01;"sexta-feira";"07:40:00";"PE";428;190;"PETROLINA";"Não guardar distância de segurança";"Colisão traseira";"Com Vítimas Feridas";"Pleno dia";"Decrescente";"Céu Claro";"Simples";"Reta";"Não";3;0;2;0;1;0;2;3;-9,372067;-40,486843;"SPRF-PE";"DEL06-PE";"UOP01-DEL06-PE"
188614;2019-02-01;"sexta-feira";"10:25:00";"SC";101;217;"PALHOCA";"Falta de Atenção à Condução";"Colisão transversal";"Com Vítimas Feridas";"Pleno dia";"Decrescente";"Céu Claro";"Múltipla";"Reta";"Sim";2;0;1;0;1;0;1;2;-27,6771;-48,67;"SPRF-SC";"DEL01-SC";"UOP02-DEL01-SC"
188616;2019-02-01;"sexta-feira";"09:00:00";"ES";101;272;"SERRA";"Objeto estático sobre o leito carroçável";"Capotamento";"Com Vítimas Feridas";"Pleno dia";"Crescente";"Sol";"Dupla";"Reta";"Não";2;0;0;1;1;0;1;2;-20,22122942;-40,29004835;"SPRF-ES";"DEL02-ES";"UOP01-DEL02-ES"
188620;2019-02-01;"sexta-feira";"10:19:00";"MG";116;705,3;"MURIAE";"Falta de Atenção do Pedestre";"Atropelamento de Pedestre";"Com Vítimas Feridas";"Pleno dia";"Crescente";"Sol";"Simples";"Reta;Interseção de Vias";"Sim";4;0;2;0;0;2;2;2;-21,12983094;-42,3856777;"SPRF-MG";"DEL07-MG";"UOP02-DEL07-MG"
188625;2019-02-01;"sexta-feira";"11:50:00";"RJ";116;122;"MAGE";"Falta de Atenção à Condução";"Colisão traseira";"Com Vítimas Feridas";"Pleno dia";"Decrescente";"Céu Claro";"Dupla";"Reta";"Não";2;0;1;0;1;0;1;2;-22,635124;-43,055809;"SPRF-RJ";"DEL04-RJ";"UOP02-DEL04-RJ"
188627;2019-02-01;"sexta-feira";"11:30:00";"PR";153;107;"IBAITI";"Falta de Atenção à Condução";"Colisão transversal";"Com Vítimas Feridas";"Pleno dia";"Decrescente";"Céu Claro";"Simples";"Reta";"Sim";3;0;2;0;1;0;2;2;-23,838009;-50,193119;"SPRF-PR";"DEL07-PR";"UOP04-DEL07-PR"
188629;2019-02-01;"sexta-feira";"11:35:00";"RJ";101;66;"CAMPOS DOS GOYTACAZES";"Desobediência às normas de trânsito pelo condutor";"Colisão frontal";"Com Vítimas Feridas";"Pleno dia";"Crescente";"Céu Claro";"Simples";"Reta";"Não";2;0;1;0;0;1;1;2;-21,760904;-41,347889;"SPRF-RJ";"DEL08-RJ";"UOP02-DEL08-RJ"
188631;2019-01-06;"domingo";"22:30:00";"PB";230;29,6;"JOAO PESSOA";"Não guardar distância de segurança";"Colisão traseira";"Com Vítimas Feridas";"Plena Noite";"Decrescente";"Céu Claro";"Dupla";"Reta";"Sim";2;0;0;1;0;1;1;2;-7,1622;-34,9031;"SPRF-PB";"DEL01-PB";"UOP01-DEL01-PB"
188632;2019-02-01;"sexta-feira";"12:25:00";"GO";40;4,8;"VALPARAISO DE GOIAS";"Falta de Atenção à Condução";"Colisão lateral";"Com Vítimas Feridas";"Pleno dia";"Crescente";"Céu Claro";"Dupla";"Reta";"Sim";2;0;1;0;0;1;1;2;-16,085241;-47,986752;"SPRF-DF";"DEL01-DF";"UOP01-DEL01-DF"
188633;2019-02-01;"sexta-feira";"13:40:00";"GO";70;9;"AGUAS LINDAS DE GOIAS";"Ingestão de Álcool";"Atropelamento de Pedestre";"Com Vítimas Feridas";"Pleno dia";"Crescente";"Céu Claro";"Dupla";"Reta";"Sim";4;0;0;1;3;0;1;2;-15,7359;-48,2829;"SPRF-DF";"DEL01-DF";"UOP02-DEL03-DF"
188634;2019-02-01;"sexta-feira";"14:10:00";"CE";116;17;"EUSEBIO";"Desobediência às normas de trânsito pelo condutor";"Colisão lateral";"Com Vítimas Feridas";"Pleno dia";"Decrescente";"Chuva";"Dupla";"Reta";"Sim";2;0;1;0;1;0;1;2;-3,89661603;-38,50302136;"SPRF-CE";"DEL01-CE";"UOP02-DEL01-CE"
188635;2019-02-01;"sexta-feira";"13:30:00";"SP";116;401,7;"MIRACATU";"Falta de Atenção à Condução";"Colisão lateral";"Com Vítimas Feridas";"Pleno dia";"Crescente";"Sol";"Dupla";"Reta";"Não";2;0;1;0;1;0;1;2;-24,31272693;-47,51702517;"SPRF-SP";"DEL04-SP";"UOP02-DEL04-SP"
188636;2019-02-01;"sexta-feira";"14:45:00";"SC";101;0,1;"SANGAO";"Desobediência às normas de trânsito pelo condutor";"Colisão transversal";"Com Vítimas Feridas";"Pleno dia";"Decrescente";"Sol";"Simples";"Interseção de Vias";"Não";3;0;0;1;2;0;1;2;-28,64341122;-49,09948289;"SPRF-SC";"DEL02-SC";"UOP01-DEL02-SC"
188637;2019-02-01;"sexta-feira";"10:50:00";"RJ";40;83;"PETROPOLIS";"Pista Escorregadia";"Queda de ocupante de veículo";"Com Vítimas Feridas";"Pleno dia";"Crescente";"Céu Claro";"Simples";"Curva";"Não";2;0;2;0;0;0;2;1;-22,5472;-43,2266;"SPRF-RJ";"DEL06-RJ";"UOP01-DEL06-RJ"
188638;2019-02-01;"sexta-feira";"11:40:00";"PR";277;504,3;"GUARANIACU";"Defeito Mecânico no Veículo";"Colisão com objeto estático";"Com Vítimas Feridas";"Pleno dia";"Decrescente";"Céu Claro";"Simples";"Viaduto";"Não";1;0;1;0;0;0;1;1;-25,13137868;-52,72606373;"SPRF-PR";"DEL04-PR";"UOP04-DEL04-PR"
188639;2019-02-01;"sexta-feira";"11:40:00";"ES";101;292,9;"CARIACICA";"Pista Escorregadia";"Tombamento";"Com Vítimas Feridas";"Pleno dia";"Decrescente";"Céu Claro";"Dupla";"Reta";"Sim";1;0;0;1;0;0;1;1;-20,31624728;-40,39561272;"SPRF-ES";"DEL01-ES";"UOP01-DEL01-ES"
188640;2019-02-01;"sexta-feira";"12:30:00";"SC";280;12,7;"SAO FRANCISCO DO SUL";"Mal Súbito";"Saída de leito carroçável";"Com Vítimas Fatais";"Pleno dia";"Crescente";"Céu Claro";"Simples";"Reta";"Não";1;1;0;0;0;0;0;1;-26,313299;-48,644524;"SPRF-SC";"DEL03-SC";"UOP03-DEL03-SC"
188641;2019-02-01;"sexta-feira";"15:45:00";"RS";290;91;"PORTO ALEGRE";"Falta de Atenção à Condução";"Colisão lateral";"Com Vítimas Feridas";"Pleno dia";"Decrescente";"Céu Claro";"Múltipla";"Reta";"Sim";2;0;1;0;0;1;1;2;-29,969055;-51,167439;"SPRF-RS";"DEL01-RS";"UOP01-DEL01-RS"
188643;2019-02-01;"sexta-feira";"15:43:00";"GO";153;379,4;"SAO FRANCISCO DE GOIAS";"Defeito na Via";"Saída de leito carroçável";"Com Vítimas Feridas";"Pleno dia";"Crescente";"Céu Claro";"Simples";"Reta";"Não";2;0;0;1;1;0;1;1;-15,899754;-49,233356;"SPRF-GO";"DEL02-GO";"UOP02-DEL02-GO"
188644;2019-01-07;"segunda-feira";"14:30:00";"PB";230;17;"JOAO PESSOA";"Falta de Atenção à Condução";"Colisão traseira";"Com Vítimas Feridas";"Pleno dia";"Decrescente";"Céu Claro";"Dupla";"Reta";"Não";2;0;0;1;1;0;1;2;-7,1121;-34,8426;"SPRF-PB";"DEL01-PB";"UOP01-DEL01-PB"
188646;2019-02-01;"sexta-feira";"15:55:00";"RJ";101;82;"CAMPOS DOS GOYTACAZES";"Velocidade Incompatível";"Capotamento";"Com Vítimas Feridas";"Pleno dia";"Decrescente";"Céu Claro";"Simples";"Curva";"Não";2;0;1;0;1;0;1;1;-21,82182338;-41,46673679;"SPRF-RJ";"DEL08-RJ";"UOP02-DEL08-RJ"
188649;2019-02-01;"sexta-feira";"11:40:00";"MS";163;665,3;"RIO VERDE DE MATO GROSSO";"Desobediência às normas de trânsito pelo condutor";"Saída de leito carroçável";"Com Vítimas Feridas";"Pleno dia";"Decrescente";"Céu Claro";"Simples";"Declive";"Não";1;0;1;0;0;0;1;1;-19,05952189;-54,79980469;"SPRF-MS";"DEL06-MS";"UOP02-DEL06-MS"
188651;2019-02-01;"sexta-feira";"16:30:00";"ES";101;0,5;"SERRA";"Falta de Atenção à Condução";"Colisão traseira";"Com Vítimas Feridas";"Pleno dia";"Decrescente";"Sol";"Dupla";"Reta";"Sim";2;0;1;0;1;0;1;2;-20,23759653;-40,27779937;"SPRF-ES";"DEL02-ES";"UOP01-DEL02-ES"
188652;2019-02-01;"sexta-feira";"16:20:00";"SP";116;155,3;"SAO JOSE DOS CAMPOS";"Falta de Atenção à Condução";"Colisão lateral";"Com Vítimas Feridas";"Pleno dia";"Crescente";"Céu Claro";"Dupla";"Aclive";"Sim";3;0;2;0;1;0;2;2;-23,219809;-45,899918;"SPRF-SP";"DEL02-SP";"UOP01-DEL02-SP"
188654;2019-02-01;"sexta-feira";"15:15:00";"AL";101;180,9;"JUNQUEIRO";"Velocidade Incompatível";"Saída de leito carroçável";"Com Vítimas Feridas";"Pleno dia";"Crescente";"Céu Claro";"Dupla";"Curva";"Não";5;0;2;0;3;0;2;1;-9,899678;-36,283047;"SPRF-AL";"DEL02-AL";"UOP02-DEL02-AL"
188656;2019-02-01;"sexta-feira";"11:40:00";"SP";116;222;"GUARULHOS";"Não guardar distância de segurança";"Colisão lateral";"Com Vítimas Feridas";"Pleno dia";"Crescente";"Céu Claro";"Múltipla";"Reta";"Sim";2;0;1;0;1;0;1;2;-23,47367815;-46,5225935;"SPRF-SP";"DEL01-SP";"UOP01-DEL01-SP"
188657;2019-02-01;"sexta-feira";"12:10:00";"SC";101;282,9;"IMBITUBA";"Falta de Atenção à Condução";"Colisão lateral";"Com Vítimas Feridas";"Pleno dia";"Decrescente";"Céu Claro";"Dupla";"Reta";"Não";2;0;1;0;1;0;1;2;-28,2267;-48,7012;"SPRF-SC";"DEL02-SC";"UOP03-DEL02-SC"
188658;2019-02-01;"sexta-feira";"10:30:00";"AC";317;20;"PORTO ACRE";"Falta de Atenção à Condução";"Colisão lateral";"Com Vítimas Feridas";"Pleno dia";"Decrescente";"Sol";"Simples";"Reta";"Não";2;0;1;0;1;0;1;2;-9,755836;-67,35482;"SPRF-AC";"DEL01-AC";"UOP01-DEL01-AC"
188659;2019-02-01;"sexta-feira";"16:20:00";"GO";153;494,5;"GOIANIA";"Desobediência às normas de trânsito pelo condutor";"Colisão frontal";"Com Vítimas Feridas";"Pleno dia";"Decrescente";"Céu Claro";"Dupla";"Reta";"Sim";3;0;1;0;0;2;1;3;-16,6614;-49,2218;"SPRF-GO";"DEL01-GO";"UOP01-DEL01-GO"
188664;2019-02-01;"sexta-feira";"14:55:00";"PR";376;17;"MARINGA";"Ingestão de Álcool";"Colisão com objeto estático";"Com Vítimas Feridas";"Pleno dia";"Crescente";"Céu Claro";"Dupla";"Curva";"Sim";1;0;1;0;0;0;1;1;-23,43237906;-51,88705444;"SPRF-PR";"DEL07-PR";"UOP01-DEL09-PR"
188667;2019-02-01;"sexta-feira";"12:35:00";"RO";364;342,2;"JI-PARANA";"Falta de Atenção à Condução";"Colisão lateral";"Sem Vítimas";"Pleno dia";"Decrescente";"Céu Claro";"Simples";"Reta";"Sim";1;0;0;0;1;0;0;1;-10,883874;-61,937317;"SPRF-RO";"DEL02-RO";"UOP01-DEL02-RO"
188668;2019-02-01;"sexta-feira";"16:00:00";"BA";116;858,6;"VITORIA DA CONQUISTA";"Falta de Atenção à Condução";"Colisão lateral";"Com Vítimas Feridas";"Pleno dia";"Crescente";"Céu Claro";"Simples";"Interseção de Vias";"Não";3;0;1;0;2;0;1;2;-15,11687298;-41,030159;"SPRF-BA";"DEL08-BA";"UOP03-DEL08-BA"
188669;2019-02-01;"sexta-feira";"14:00:00";"RS";468;98;"TRES PASSOS";"Desobediência às normas de trânsito pelo condutor";"Tombamento";"Com Vítimas Feridas";"Pleno dia";"Decrescente";"Céu Claro";"Simples";"Reta";"Não";2;0;1;0;1;0;1;2;-27,483887;-53,901962;"SPRF-RS";"DEL08-RS";"UOP02-DEL08-RS"
188670;2019-02-01;"sexta-feira";"17:30:00";"SP";116;81,2;"ROSEIRA";"Ultrapassagem Indevida";"Colisão lateral";"Com Vítimas Feridas";"Pleno dia";"Decrescente";"Céu Claro";"Dupla";"Reta";"Não";2;0;1;0;1;0;1;2;-22,904821;-45,310307;"SPRF-SP";"DEL06-SP";"UOP01-DEL06-SP"
188673;2019-02-01;"sexta-feira";"17:55:00";"SC";282;221;"LAGES";"Falta de Atenção à Condução";"Tombamento";"Com Vítimas Feridas";"Pleno dia";"Crescente";"Chuva";"Dupla";"Aclive";"Sim";2;0;2;0;0;0;2;1;-27,796358;-50,343426;"SPRF-SC";"DEL05-SC";"UOP01-DEL05-SC"
188674;2019-02-01;"sexta-feira";"14:15:00";"RJ";101;475,8;"MANGARATIBA";"Falta de Atenção à Condução";"Colisão lateral";"Com Vítimas Feridas";"Pleno dia";"Crescente";"Céu Claro";"Simples";"Curva";"Sim";3;0;2;0;0;1;2;2;-22,937099;-44,010822;"SPRF-RJ";"DEL03-RJ";"UOP03-DEL03-RJ"
188675;2019-02-01;"sexta-feira";"17:12:00";"SC";101;209;"SAO JOSE";"Falta de Atenção à Condução";"Colisão traseira";"Com Vítimas Feridas";"Pleno dia";"Decrescente";"Céu Claro";"Múltipla";"Reta";"Sim";2;0;1;0;1;0;1;2;-27,6176;-48,6463;"SPRF-SC";"DEL01-SC";"UOP01-DEL01-SC"
188676;2019-02-01;"sexta-feira";"17:50:00";"SC";101;203,8;"SAO JOSE";"Desobediência às normas de trânsito pelo condutor";"Colisão transversal";"Com Vítimas Feridas";"Pleno dia";"Decrescente";"Céu Claro";"Simples";"Interseção de Vias";"Sim";2;0;1;0;1;0;1;2;-27,5742;-48,6134;"SPRF-SC";"DEL01-SC";"UOP01-DEL01-SC"
188678;2019-02-01;"sexta-feira";"17:55:00";"SC";101;203,2;"SAO JOSE";"Falta de Atenção à Condução";"Colisão transversal";"Com Vítimas Feridas";"Pleno dia";"Decrescente";"Nublado";"Simples";"Interseção de Vias";"Sim";2;0;1;0;1;0;1;2;-27,5742;-48,6134;"SPRF-SC";"DEL01-SC";"UOP01-DEL01-SC"
188679;2019-02-01;"sexta-feira";"15:40:00";"PE";101;101;"CABO DE SANTO AGOSTINHO";"Falta de Atenção à Condução";"Colisão transversal";"Com Vítimas Feridas";"Pleno dia";"Decrescente";"Céu Claro";"Simples";"Reta";"Sim";2;0;1;0;1;0;1;2;-8,2847;-35,0581;"SPRF-PE";"DEL01-PE";"UOP03-DEL01-PE"
188682;2019-02-01;"sexta-feira";"14:40:00";"GO";60;97,4;"ANAPOLIS";"Falta de Atenção à Condução";"Colisão traseira";"Com Vítimas Feridas";"Pleno dia";"Crescente";"Céu Claro";"Dupla";"Reta";"Sim";6;0;2;0;4;0;2;2;-16,3774;-48,9483;"SPRF-GO";"DEL02-GO";"UOP01-DEL02-GO"
188685;2019-02-01;"sexta-feira";"18:10:00";"SC";101;197;"BIGUACU";"Falta de Atenção à Condução";"Colisão lateral";"Com Vítimas Feridas";"Pleno dia";"Crescente";"Céu Claro";"Múltipla";"Reta";"Sim";3;0;0;1;2;0;1;3;-27,5267;-48,6349;"SPRF-SC";"DEL01-SC";"UOP01-DEL01-SC"
188686;2019-02-01;"sexta-feira";"17:20:00";"MG";40;525;"CONTAGEM";"Velocidade Incompatível";"Colisão traseira";"Com Vítimas Feridas";"Anoitecer";"Decrescente";"Céu Claro";"Dupla";"Reta";"Sim";3;0;1;1;1;0;2;2;-19,8971;-44,0497;"SPRF-MG";"DEL01-MG";"UOP03-DEL01-MG"
188691;2019-02-01;"sexta-feira";"13:20:00";"CE";116;4;"FORTALEZA";"Ingestão de Álcool";"Saída de leito carroçável";"Sem Vítimas";"Pleno dia";"Crescente";"Nublado";"Dupla";"Reta";"Não";1;0;0;0;1;0;0;1;-3,7956;-38,507;"SPRF-CE";"DEL01-CE";"UOP02-DEL01-CE"
188694;2019-02-01;"sexta-feira";"18:20:00";"RJ";116;308,5;"RESENDE";"Falta de Atenção à Condução";"Colisão lateral";"Com Vítimas Fatais";"Pleno dia";"Decrescente";"Céu Claro";"Dupla";"Reta";"Não";3;1;0;1;1;0;1;2;-22,459236;-44,434776;"SPRF-RJ";"DEL07-RJ";"DEL5/7-UOP03/RJ"
188695;2019-02-01;"sexta-feira";"17:00:00";"RJ";116;189,5;"QUEIMADOS";"Ingestão de Álcool";"Capotamento";"Com Vítimas Feridas";"Pleno dia";"Decrescente";"Sol";"Dupla";"Reta";"Sim";1;0;1;0;0;0;1;1;-22,737667;-43,491871;"SPRF-RJ";"DEL01-RJ";"UOP03-DEL01-RJ"
188697;2019-02-01;"sexta-feira";"17:47:00";"RN";101;96,9;"NATAL";"Falta de Atenção à Condução";"Colisão traseira";"Com Vítimas Feridas";"Anoitecer";"Crescente";"Céu Claro";"Múltipla";"Interseção de Vias";"Sim";2;0;2;0;0;0;2;2;-5,849496;-35,208908;"SPRF-RN";"DEL01-RN";"UOP01-DEL01-RN"
188698;2019-02-01;"sexta-feira";"14:30:00";"ES";101;208;"JOAO NEIVA";"Defeito na Via";"Tombamento";"Com Vítimas Feridas";"Pleno dia";"Crescente";"Sol";"Simples";"Reta";"Não";2;0;2;0;0;0;2;1;-19,75733357;-40,3678894;"SPRF-ES";"DEL02-ES";"UOP01-DEL02-ES"
188699;2019-02-01;"sexta-feira";"19:10:00";"RJ";101;318;"SAO GONCALO";"Falta de Atenção à Condução";"Colisão traseira";"Com Vítimas Feridas";"Plena Noite";"Decrescente";"Nublado";"Dupla";"Reta";"Sim";3;0;1;0;2;0;1;3;-22,79311598;-43,05438995;"SPRF-RJ";"DEL02-RJ";"DEL5/2-UOP04/RJ"
188700;2019-02-01;"sexta-feira";"17:35:00";"CE";230;1;"IPAUMIRIM";"Falta de Atenção do Pedestre";"Saída de leito carroçável";"Com Vítimas Feridas";"Pleno dia";"Decrescente";"Sol";"Simples";"Curva;Declive";"Não";4;0;0;4;0;0;4;1;-6,856576;-38,691414;"SPRF-PB";"DEL03-PB";"UOP03-DEL03-PB"
188702;2019-02-01;"sexta-feira";"18:10:00";"RJ";101;485;"ANGRA DOS REIS";"Não guardar distância de segurança";"Colisão traseira";"Com Vítimas Feridas";"Anoitecer";"Crescente";"Céu Claro";"Dupla";"Reta";"Sim";4;0;1;0;3;0;1;3;-22,9902068;-44,2422741;"SPRF-RJ";"DEL03-RJ";"UOP03-DEL03-RJ"