"id";"data_inversa";"dia_semana";"horario";"uf";"br";"km";"municipio";"causa_acidente";"tipo_acidente";"classificacao_acidente";"fase_dia";"sentido_via";"condicao_metereologica";"tipo_pista";"tracado_via";"uso_solo";"pessoas";"mortos";"feridos_leves";"feridos_graves";"ilesos";"ignorados";"feridos";"veiculos";"latitude";"longitude";"regional";"delegacia";"uop"
188818;2019-02-02;"sábado";"08:40:00";"RJ";101;58;"CAMPOS DOS GOYTACAZES";"Não guardar distância de segurança";"Colisão traseira";"Com Vítimas Feridas";"Pleno dia";"Decrescente";"Céu Claro";"Simples";"Reta";"Sim";2;0;1;0;1;0;1;2;-21,704865;-41,309799;"SPRF-RJ";"DEL08-RJ";"UOP01-DEL08-RJ"
188819;2019-02-02;"sábado";"10:10:00";"PR";376;170,7;"MARINGA";"Falta de Atenção à Condução";"Tombamento";"Com Vítimas Feridas";"Pleno dia";"Decrescente";"Céu Claro";"Dupla";"Declive;Interseção de Vias";"Sim";1;0;0;1;0;0;1;1;-23,40850054;-51,98919725;"SPRF-PR";"DEL07-PR";"UOP01-DEL09-PR"
188820;2019-02-02;"sábado";"09:30:00";"SP";116;228;"SAO PAULO";"Falta de Atenção à Condução";"Colisão lateral";"Com Vítimas Feridas";"Pleno dia";"Crescente";"Céu Claro";"Múltipla";"Reta";"Sim";3;0;2;0;0;1;2;2;-23,50280409;-46,56667287;"SPRF-SP";"DEL01-SP";"UOP01-DEL01-SP"
188823;2019-02-02;"sábado";"04:30:00";"SC";282;409;"CATANDUVAS";"Velocidade Incompatível";"Saída de leito carroçável";"Com Vítimas Feridas";"Plena Noite";"Decrescente";"Céu Claro";"Simples";"Curva";"Sim";3;0;2;1;0;0;3;1;-27,065756;-51,664165;"SPRF-SC";"DEL07-SC";"UOP05-DEL07-SC"
188824;2019-02-02;"sábado";"08:50:00";"BA";324;611;"SIMOES FILHO";"Objeto estático sobre o leito carroçável";"Colisão com objeto em movimento";"Com Vítimas Feridas";"Pleno dia";"Decrescente";"Sol";"Dupla";"Reta";"Não";1;0;1;0;0;0;1;1;-12,8471899;-38,41737366;"SPRF-BA";"DEL01-BA";"UOP01-DEL01-BA"
188825;2019-02-02;"sábado";"04:45:00";"SC";282;415,7;"CATANDUVAS";"Falta de Atenção à Condução";"Colisão frontal";"Com Vítimas Feridas";"Plena Noite";"Crescente";"Céu Claro";"Simples";"Curva;Declive";"Não";2;0;0;1;1;0;1;2;-27,039997;-51,708958;"SPRF-SC";"DEL07-SC";"UOP05-DEL07-SC"
188827;2019-02-02;"sábado";"10:00:00";"SC";101;213,7;"PALHOCA";"Falta de Atenção à Condução";"Colisão lateral";"Com Vítimas Feridas";"Pleno dia";"Crescente";"Céu Claro";"Múltipla";"Reta";"Sim";2;0;1;0;1;0;1;2;-27,6446;-48,6705;"SPRF-SC";"DEL01-SC";"UOP02-DEL01-SC"
188829;2019-01-01;"terça-feira";"09:00:00";"PB";412;117,8;"SUME";"Falta de Atenção à Condução";"Saída de leito carroçável";"Sem Vítimas";"Pleno dia";"Crescente";"Céu Claro";"Simples";"Reta";"Não";1;0;0;0;1;0;0;1;-7,720066;-36,940685;"SPRF-PB";"DEL02-PB";"UOP02-DEL02-PB"
188831;2019-02-02;"sábado";"09:30:00";"SP";116;228;"SAO PAULO";"Não guardar distância de segurança";"Colisão traseira";"Com Vítimas Feridas";"Pleno dia";"Crescente";"Céu Claro";"Múltipla";"Reta";"Sim";3;0;1;0;2;0;1;2;-23,50280409;-46,56667287;"SPRF-SP";"DEL01-SP";"UOP01-DEL01-SP"
188832;2019-02-02;"sábado";"07:20:00";"SP";116;230;"SAO PAULO";"Falta de Atenção à Condução";"Colisão lateral";"Com Vítimas Feridas";"Pleno dia";"Crescente";"Nublado";"Múltipla";"Reta";"Não";2;0;2;0;0;0;2;2;-23,51681776;-46,57958079;"SPRF-SP";"DEL01-SP";"UOP01-DEL01-SP"
188834;2019-02-02;"sábado";"11:05:00";"RN";101;95,7;"NATAL";"Falta de Atenção à Condução";"Colisão lateral";"Sem Vítimas";"Pleno dia";"Decrescente";"Sol";"Múltipla";"Reta";"Sim";2;0;0;0;2;0;0;2;-5,840768;-35,210358;"SPRF-RN";"DEL01-RN";"UOP01-DEL01-RN"
188835;2019-02-02;"sábado";"09:30:00";"PR";277;151;"PORTO AMAZONAS";"Falta de Atenção à Condução";"Queda de ocupante de veículo";"Com Vítimas Feridas";"Pleno dia";"Crescente";"Sol";"Simples";"Reta";"Não";4;0;0;1;2;1;1;3;-25,47412;-49,836777;"SPRF-PR";"DEL01-PR";"UOP06-DEL01-PR"
188841;2019-02-02;"sábado";"11:50:00";"RJ";40;20,7;"TRES RIOS";"Defeito Mecânico no Veículo";"Incêndio";"Sem Vítimas";"Pleno dia";"Decrescente";"Céu Claro";"Simples";"Reta";"Sim";2;0;0;0;2;0;0;1;-22,108194;-43,165123;"SPRF-RJ";"DEL06-RJ";"UOP02-DEL05-RJ"
188842;2019-02-02;"sábado";"11:40:00";"MG";365;624;"UBERLANDIA";"Não guardar distância de segurança";"Colisão traseira";"Sem Vítimas";"Pleno dia";"Decrescente";"Céu Claro";"Simples";"Reta";"Sim";1;0;0;0;1;0;0;1;-18,903;-48,2787;"SPRF-MG";"DEL15-MG";"UOP01-DEL15-MG"
188844;2019-01-31;"quinta-feira";"23:00:00";"PA";10;107;"PARAGOMINAS";"Animais na Pista";"Atropelamento de Animal";"Com Vítimas Feridas";"Plena Noite";"Crescente";"Nublado";"Simples";"Reta";"Não";4;0;1;0;3;0;1;1;-3,30367934;-47,46368408;"SPRF-PA";"DEL02-PA";"UOP02-DEL02-PA"
188846;2019-02-02;"sábado";"13:00:00";"GO";60;53,1;"ABADIANIA";"Falta de Atenção à Condução";"Saída de leito carroçável";"Com Vítimas Feridas";"Pleno dia";"Crescente";"Céu Claro";"Dupla";"Reta";"Não";1;0;1;0;0;0;1;1;-16,1737;-48,6483;"SPRF-GO";"DEL02-GO";"UOP01-DEL02-GO"
188847;2019-02-02;"sábado";"11:30:00";"PB";405;46,9;"SAO JOAO DO RIO DO PEIXE";"Falta de Atenção à Condução";"Colisão com objeto estático";"Com Vítimas Feridas";"Pleno dia";"Decrescente";"Céu Claro";"Simples";"Ponte";"Não";1;0;0;1;0;0;1;1;-6,829117;-38,402279;"SPRF-PB";"DEL03-PB";"UOP03-DEL03-PB"
188848;2019-02-02;"sábado";"13:15:00";"MG";40;289,1;"TRES MARIAS";"Avarias e/ou desgaste excessivo no pneu";"Queda de ocupante de veículo";"Com Vítimas Feridas";"Pleno dia";"Crescente";"Sol";"Simples";"Declive";"Não";2;0;0;2;0;0;2;1;-18,27177;-45,149696;"SPRF-MG";"DEL14-MG";"UOP02-DEL14-MG"
188849;2019-02-02;"sábado";"12:00:00";"PE";101;185;"PALMARES";"Desobediência às normas de trânsito pelo condutor";"Colisão traseira";"Com Vítimas Feridas";"Pleno dia";"Decrescente";"Sol";"Dupla";"Curva";"Sim";4;0;0;3;1;0;3;2;-8,68348209;-35,57982659;"SPRF-PE";"DEL01-PE";"UOP03-DEL01-PE"
188850;2019-02-02;"sábado";"12:30:00";"ES";262;56;"MARECHAL FLORIANO";"Condutor Dormindo";"Saída de leito carroçável";"Com Vítimas Feridas";"Pleno dia";"Decrescente";"Céu Claro";"Simples";"Reta;Aclive";"Não";5;0;5;0;0;0;5;1;-20,4109;-40,7541;"SPRF-ES";"DEL01-ES";"UOP01-DEL01-ES"
188851;2019-02-02;"sábado";"13:30:00";"SC";280;55,3;"GUARAMIRIM";"Falta de Atenção à Condução";"Colisão transversal";"Com Vítimas Feridas";"Pleno dia";"Decrescente";"Céu Claro";"Simples";"Reta";"Sim";2;0;1;0;1;0;1;2;-26,475843;-48,993786;"SPRF-SC";"DEL03-SC";"UOP03-DEL03-SC"
188852;2019-02-02;"sábado";"13:30:00";"GO";40;47,5;"LUZIANIA";"Desobediência às normas de trânsito pelo condutor";"Colisão com objeto estático";"Sem Vítimas";"Pleno dia";"Decrescente";"Céu Claro";"Simples";"Curva";"Não";1;0;0;0;1;0;0;1;-16,419948;-47,824968;"SPRF-DF";"DEL01-DF";"UOP02-DEL01-DF"
188854;2019-02-02;"sábado";"11:30:00";"MG";381;529,8;"RIO MANSO";"Defeito Mecânico no Veículo";"Incêndio";"Sem Vítimas";"Pleno dia";"Crescente";"Céu Claro";"Simples";"Interseção de Vias";"Não";1;0;0;0;1;0;0;1;-20,16151543;-44,34601307;"SPRF-MG";"DEL04-MG";"UOP03-DEL04-MG"
188855;2019-02-02;"sábado";"09:45:00";"RS";293;89,1;"PINHEIRO MACHADO";"Falta de Atenção à Condução";"Capotamento";"Com Vítimas Feridas";"Pleno dia";"Decrescente";"Garoa/Chuvisco";"Simples";"Reta";"Não";1;0;1;0;0;0;1;1;-31,6077793;-53,30635071;"SPRF-RS";"DEL07-RS";"UOP01-DEL07-RS"
188856;2019-02-02;"sábado";"12:15:00";"TO";230;85;"CACHOEIRINHA";"Falta de Atenção à Condução";"Colisão frontal";"Com Vítimas Fatais";"Pleno dia";"Crescente";"Céu Claro";"Simples";"Curva;Aclive";"Não";2;1;0;0;1;0;0;2;-6,079411;-47,913506;"SPRF-TO";"DEL02-TO";"UOP03-DEL02-TO"
188857;2019-02-02;"sábado";"11:20:00";"SC";282;569;"NOVA ERECHIM";"Falta de Atenção à Condução";"Colisão traseira";"Com Vítimas Feridas";"Pleno dia";"Crescente";"Sol";"Simples";"Reta";"Não";2;0;1;0;1;0;1;2;-26,90393117;-52,90989876;"SPRF-SC";"DEL07-SC";"UOP02-DEL07-SC"
188858;2019-02-02;"sábado";"13:30:00";"SP";116;276,4;"EMBU DAS ARTES";"Falta de Atenção à Condução";"Tombamento";"Com Vítimas Feridas";"Pleno dia";"Decrescente";"Sol";"Dupla";"Reta";"Sim";2;0;1;0;1;0;1;1;-23,62548658;-46,81661021;"SPRF-SP";"DEL04-SP";"UOP01-DEL04-SP"
188861;2019-02-02;"sábado";"12:45:00";"RJ";101;330;"NITEROI";"Falta de Atenção à Condução";"Colisão com objeto estático";"Com Vítimas Feridas";"Pleno dia";"Decrescente";"Céu Claro";"Múltipla";"Ponte";"Não";3;0;1;0;2;0;1;2;-22,87522623;-43,12580109;"SPRF-RJ";"DEL02-RJ";"UOP02-DEL02-RJ"
188862;2019-02-02;"sábado";"11:50:00";"BA";116;748,5;"POCOES";"Falta de Atenção à Condução";"Colisão frontal";"Com Vítimas Fatais";"Pleno dia";"Crescente";"Céu Claro";"Simples";"Curva";"Não";2;1;0;0;1;0;0;2;-14,46411;-40,34387;"SPRF-BA";"DEL08-BA";"UOP02-DEL08-BA"
188863;2019-01-17;"quinta-feira";"14:40:00";"RJ";40;120;"DUQUE DE CAXIAS";"Falta de Atenção à Condução";"Colisão traseira";"Com Vítimas Feridas";"Pleno dia";"Crescente";"Céu Claro";"Múltipla";"Reta";"Sim";2;0;1;0;1;0;1;2;-22,7807;-43,2856;"SPRF-RJ";"DEL01-RJ";"UOP01-DEL01-RJ"
188864;2019-02-02;"sábado";"12:30:00";"PB";230;26;"JOAO PESSOA";"Velocidade Incompatível";"Capotamento";"Com Vítimas Feridas";"Pleno dia";"Decrescente";"Sol";"Dupla";"Reta;Aclive";"Sim";1;0;1;0;0;0;1;1;-7,1693;-34,8782;"SPRF-PB";"DEL01-PB";"UOP01-DEL01-PB"
188865;2019-02-02;"sábado";"13:15:00";"RS";101;41;"TERRA DE AREIA";"Condutor Dormindo";"Saída de leito carroçável";"Sem Vítimas";"Pleno dia";"Decrescente";"Nublado";"Dupla";"Reta";"Não";1;0;0;0;1;0;0;1;-29,542553;-50,031525;"SPRF-RS";"DEL03-RS";"DEL9/3-UOP03/RS"
188866;2019-02-02;"sábado";"14:00:00";"MG";381;459;"BELO HORIZONTE";"Falta de Atenção à Condução";"Colisão lateral";"Com Vítimas Feridas";"Pleno dia";"Decrescente";"Céu Claro";"Dupla";"Reta";"Sim";4;0;0;2;1;1;2;3;-19,9605;-44,0357;"SPRF-MG";"DEL01-MG";"UOP01-DEL01-MG"
188868;2019-02-02;"sábado";"13:25:00";"RS";392;208,7;"SANTANA DA BOA VISTA";"Velocidade Incompatível";"Colisão com objeto estático";"Com Vítimas Feridas";"Pleno dia";"Crescente";"Garoa/Chuvisco";"Simples";"Curva;Declive";"Não";1;0;1;0;0;0;1;1;-30,821121;-53,174976;"SPRF-RS";"DEL09-RS";"UOP02-DEL09-RS"
188869;2019-02-02;"sábado";"15:00:00";"RS";116;253;"SAPUCAIA DO SUL";"Desobediência às normas de trânsito pelo condutor";"Colisão transversal";"Com Vítimas Feridas";"Pleno dia";"Decrescente";"Nublado";"Múltipla";"Reta";"Sim";5;0;4;0;1;0;4;2;-29,817963;-51,169994;"SPRF-RS";"DEL01-RS";"UOP02-DEL01-RS"
188870;2019-02-02;"sábado";"14:35:00";"PR";277;718;"FOZ DO IGUACU";"Falta de Atenção à Condução";"Saída de leito carroçável";"Com Vítimas Feridas";"Pleno dia";"Crescente";"Sol";"Dupla";"Declive";"Não";2;0;1;0;1;0;1;2;-25,480068;-54,485416;"SPRF-PR";"DEL05-PR";"UOP01-DEL05-PR"
188871;2019-02-02;"sábado";"12:00:00";"SC";280;128,2;"RIO NEGRINHO";"Falta de Atenção à Condução";"Colisão traseira";"Com Vítimas Feridas";"Pleno dia";"Crescente";"Céu Claro";"Simples";"Reta";"Sim";2;0;1;0;1;0;1;2;-26,243179;-49,513199;"SPRF-SC";"DEL06-SC";"UOP03-DEL06-SC"
188872;2019-02-02;"sábado";"14:10:00";"TO";153;140,5;"ARAGUAINA";"Falta de Atenção à Condução";"Tombamento";"Com Vítimas Feridas";"Pleno dia";"Crescente";"Nublado";"Dupla";"Reta";"Sim";2;0;2;0;0;0;2;1;-7,169623;-48,213287;"SPRF-TO";"DEL02-TO";"UOP01-DEL02-TO"
188873;2019-02-02;"sábado";"11:00:00";"PE";110;226;"PETROLANDIA";"Falta de Atenção à Condução";"Colisão transversal";"Com Vítimas Feridas";"Pleno dia";"Decrescente";"Céu Claro";"Simples";"Interseção de Vias";"Não";8;0;2;0;6;0;2;2;-9,039303;-38,257042;"SPRF-BA";"DEL07-BA";"UOP01-DEL07-BA"
188874;2019-02-02;"sábado";"14:30:00";"DF";251;20;"BRASILIA";"Falta de Atenção do Pedestre";"Atropelamento de Pedestre";"Com Vítimas Feridas";"Pleno dia";"Crescente";"Céu Claro";"Simples";"Curva";"Não";2;0;0;1;1;0;1;2;-15,96273195;-47,66106248;"SPRF-DF";"DEL01-DF";"UOP01-DEL01-DF"
188875;2019-02-02;"sábado";"08:05:00";"SC";101;180;"BIGUACU";"Falta de Atenção à Condução";"Saída de leito carroçável";"Com Vítimas Feridas";"Pleno dia";"Decrescente";"Céu Claro";"Múltipla";"Declive";"Sim";1;0;1;0;0;0;1;1;-27,3901;-48,6318;"SPRF-SC";"DEL01-SC";"UOP01-DEL01-SC"
188877;2019-02-02;"sábado";"15:10:00";"RJ";116;111;"GUAPIMIRIM";"Mal Súbito";"Colisão com objeto estático";"Com Vítimas Feridas";"Pleno dia";"Decrescente";"Céu Claro";"Dupla";"Reta";"Sim";1;0;1;0;0;0;1;1;-22,558399;-42,994831;"SPRF-RJ";"DEL04-RJ";"UOP02-DEL04-RJ"
188878;2019-02-02;"sábado";"14:40:00";"BA";415;49;"ITABUNA";"Desobediência às normas de trânsito pelo condutor";"Colisão transversal";"Com Vítimas Feridas";"Pleno dia";"Crescente";"Céu Claro";"Simples";"Reta";"Sim";2;0;1;0;1;0;1;2;-14,814651;-39,296741;"SPRF-BA";"DEL05-BA";"UOP01-DEL05-BA"
188879;2019-02-02;"sábado";"11:30:00";"RJ";116;93,9;"GUAPIMIRIM";"Falta de Atenção à Condução";"Colisão lateral";"Com Vítimas Feridas";"Pleno dia";"Decrescente";"Sol";"Simples";"Curva;Aclive";"Não";3;0;2;0;1;0;2;2;-22,4778271;-42,9957511;"SPRF-RJ";"DEL04-RJ";"UOP02-DEL04-RJ"
188880;2019-02-02;"sábado";"15:30:00";"RS";116;253;"SAPUCAIA DO SUL";"Velocidade Incompatível";"Colisão lateral";"Sem Vítimas";"Pleno dia";"Decrescente";"Chuva";"Dupla";"Viaduto";"Sim";3;0;0;0;3;0;0;3;-29,817963;-51,169994;"SPRF-RS";"DEL01-RS";"UOP02-DEL01-RS"
188881;2019-02-02;"sábado";"13:20:00";"MG";459;65;"SENADOR JOSE BENTO";"Velocidade Incompatível";"Saída de leito carroçável";"Com Vítimas Feridas";"Pleno dia";"Crescente";"Sol";"Simples";"Curva;Declive";"Não";1;0;1;0;0;0;1;1;-22,115179;-46,179901;"SPRF-MG";"DEL13-MG";"UOP01-DEL13-MG"
188882;2019-01-05;"sábado";"16:50:00";"BA";324;553;"AMELIA RODRIGUES";"Defeito Mecânico no Veículo";"";"Sem Vítimas";"Pleno dia";"Decrescente";"Céu Claro";"Dupla";"Reta";"Não";1;0;0;0;1;0;0;1;-12,44738105;-38,71562327;"SPRF-BA";"DEL01-BA";"UOP01-DEL01-BA"
188883;2019-02-02;"sábado";"15:30:00";"PR";277;324,8;"GUARAPUAVA";"Desobediência às normas de trânsito pelo condutor";"Saída de leito carroçável";"Com Vítimas Feridas";"Pleno dia";"Crescente";"Chuva";"Simples";"Curva;Declive";"Não";2;0;2;0;0;0;2;1;-25,37399866;-51,31576722;"SPRF-PR";"DEL03-PR";"UOP01-DEL08-PR"
188884;2019-02-02;"sábado";"14:05:00";"SC";101;359,8;"SANGAO";"Ingestão de álcool e/ou substâncias psicoativas pelo pedestre";"Colisão lateral";"Com Vítimas Feridas";"Pleno dia";"Crescente";"Nublado";"Múltipla";"Aclive;Reta";"Sim";3;0;0;1;1;1;1;3;-28,6532;-49,1067;"SPRF-SC";"DEL02-SC";"UOP01-DEL02-SC"
188886;2019-02-02;"sábado";"13:45:00";"PE";101;171,6;"AGUA PRETA";"Mal Súbito";"Tombamento";"Com Vítimas Feridas";"Pleno dia";"Crescente";"Céu Claro";"Dupla";"Reta";"Não";1;0;1;0;0;0;1;1;-8,5898;-35,5121;"SPRF-PE";"DEL01-PE";"UOP03-DEL01-PE"
188887;2019-02-02;"sábado";"15:10:00";"MG";459;24,5;"CALDAS";"Ingestão de Álcool";"Saída de leito carroçável";"Com Vítimas Feridas";"Pleno dia";"Decrescente";"Céu Claro";"Simples";"Reta";"Não";2;0;1;1;0;0;2;1;-21,877081;-46,385975;"SPRF-MG";"DEL13-MG";"UOP01-DEL13-MG"
188888;2019-02-02;"sábado";"15:15:00";"CE";20;420;"MARACANAU";"Desobediência às normas de trânsito pelo condutor";"Colisão transversal";"Com Vítimas Feridas";"Pleno dia";"Decrescente";"Céu Claro";"Simples";"Reta";"Sim";3;0;3;0;0;0;3;2;-3,76999;-38,670063;"SPRF-CE";"DEL01-CE";"UOP02-DEL01-CE"
188889;2019-02-02;"sábado";"12:00:00";"AC";317;71;"SENADOR GUIOMARD";"Falta de Atenção à Condução";"Colisão com objeto estático";"Com Vítimas Feridas";"Pleno dia";"Crescente";"Céu Claro";"Simples";"Reta";"Sim";1;0;0;1;0;0;1;1;-10,070312;-67,583778;"SPRF-AC";"DEL01-AC";"UOP01-DEL01-AC"
188890;2019-02-02;"sábado";"15:30:00";"MS";163;258;"DOURADOS";"Não guardar distância de segurança";"Colisão traseira";"Com Vítimas Feridas";"Pleno dia";"Crescente";"Sol";"Dupla";"Rotatória";"Sim";3;0;2;0;1;0;2;2;-22,25837829;-54,7816515;"SPRF-MS";"DEL04-MS";"UOP01-DEL04-MS"
188891;2019-02-02;"sábado";"16:25:00";"SC";470;50,3;"BLUMENAU";"Desobediência às normas de trânsito pelo condutor";"Colisão transversal";"Com Vítimas Feridas";"Pleno dia";"Crescente";"Sol";"Simples";"Reta";"Não";2;0;0;1;1;0;1;2;-26,859768;-49,074493;"SPRF-SC";"DEL04-SC";"UOP01-DEL04-SC"
188892;2019-02-02;"sábado";"16:15:00";"PR";116;92,1;"PIRAQUARA";"Velocidade Incompatível";"Colisão traseira";"Com Vítimas Feridas";"Pleno dia";"Crescente";"Nublado";"Dupla";"Reta";"Não";3;0;2;0;0;1;2;3;-25,49984074;-49,1191864;"SPRF-PR";"DEL01-PR";"UOP01-DEL01-PR"
188893;2019-02-02;"sábado";"16:20:00";"PR";277;672,6;"MEDIANEIRA";"Falta de Atenção à Condução";"Colisão traseira";"Com Vítimas Feridas";"Pleno dia";"Decrescente";"Céu Claro";"Dupla";"Reta";"Sim";2;0;1;0;1;0;1;2;-25,287436;-54,097012;"SPRF-PR";"DEL05-PR";"UOP01-DEL05-PR"
188897;2019-02-02;"sábado";"14:50:00";"MG";116;692,4;"MURIAE";"Ultrapassagem Indevida";"Colisão frontal";"Com Vítimas Feridas";"Pleno dia";"Crescente";"Sol";"Simples";"Reta;Aclive";"Não";5;0;3;1;0;1;4;2;-21,024276;-42,362329;"SPRF-MG";"DEL07-MG";"UOP02-DEL07-MG"
188898;2019-02-02;"sábado";"16:25:00";"RS";293;172,4;"HULHA NEGRA";"Não guardar distância de segurança";"Colisão lateral";"Com Vítimas Feridas";"Pleno dia";"Decrescente";"Céu Claro";"Simples";"Reta";"Não";3;0;1;0;2;0;1;2;-31,331238;-53,975685;"SPRF-RS";"DEL11-RS";"UOP03-DEL11-RS"
188899;2019-02-02;"sábado";"13:30:00";"SP";101;50,5;"UBATUBA";"Desobediência às normas de trânsito pelo condutor";"Colisão lateral";"Com Vítimas Feridas";"Pleno dia";"Crescente";"Sol";"Simples";"Reta";"Sim";3;0;2;0;1;0;2;2;-23,45022;-45,077404;"SPRF-SP";"DEL06-SP";"UOP01-DEL06-SP"
188900;2019-02-02;"sábado";"15:35:00";"PR";476;252;"ANTONIO OLINTO";"Falta de Atenção à Condução";"Colisão frontal";"Com Vítimas Feridas";"Pleno dia";"Decrescente";"Chuva";"Simples";"Curva";"Não";2;0;1;0;1;0;1;2;-25,881222;-50,174;"SPRF-PR";"DEL02-PR";"UOP04-DEL02-PR"
188901;2019-02-02;"sábado";"16:20:00";"RJ";101;297;"ITABORAI";"Falta de Atenção à Condução";"Saída de leito carroçável";"Com Vítimas Feridas";"Pleno dia";"Decrescente";"Céu Claro";"Dupla";"Reta";"Sim";1;0;1;0;0;0;1;1;-22,77180956;-42,92637849;"SPRF-RJ";"DEL02-RJ";"DEL5/2-UOP04/RJ"
188902;2019-02-02;"sábado";"16:00:00";"CE";222;6;"CAUCAIA";"Falta de Atenção à Condução";"Colisão lateral";"Com Vítimas Feridas";"Pleno dia";"Decrescente";"Céu Claro";"Dupla";"Reta";"Sim";3;0;2;0;1;0;2;2;-3,74277599;-38,62330958;"SPRF-CE";"DEL01-CE";"UOP01-DEL01-CE"
188904;2019-02-02;"sábado";"17:40:00";"DF";60;4,6;"BRASILIA";"Ingestão de Álcool";"Saída de leito carroçável";"Sem Vítimas";"Pleno dia";"Crescente";"Céu Claro";"Dupla";"Retorno Regulamentado";"Sim";1;0;0;0;1;0;0;1;-15,892721;-48,095741;"SPRF-DF";"DEL01-DF";"UOP01-DEL03-DF"
188905;2019-02-02;"sábado";"17:30:00";"SP";116;316,9;"JUQUITIBA";"Falta de Atenção à Condução";"Tombamento";"Com Vítimas Feridas";"Pleno dia";"Crescente";"Céu Claro";"Dupla";"Curva";"Não";2;0;2;0;0;0;2;1;-23,915887;-46,989698;"SPRF-SP";"DEL04-SP";"UOP03-DEL04-SP"
188906;2019-02-02;"sábado";"16:45:00";"MS";463;53,2;"PONTA PORA";"Condutor Dormindo";"Colisão frontal";"Com Vítimas Feridas";"Pleno dia";"Decrescente";"Nublado";"Simples";"Reta";"Não";3;0;0;3;0;0;3;2;-22,38416264;-55,2690311;"SPRF-MS";"DEL04-MS";"UOP03-DEL04-MS"
188907;2019-02-02;"sábado";"14:20:00";"MG";40;741,2;"SANTOS DUMONT";"Falta de Atenção à Condução";"Saída de leito carroçável";"Sem Vítimas";"Pleno dia";"Decrescente";"Céu Claro";"Simples";"Curva";"Não";2;0;0;0;2;0;0;1;-21,4358;-43,5525;"SPRF-MG";"DEL05-MG";"UOP01-DEL05-MG"
188908;2019-02-02;"sábado";"16:20:00";"MT";163;835;"SINOP";"Ingestão de Álcool";"Queda de ocupante de veículo";"Com Vítimas Feridas";"Pleno dia";"Decrescente";"Nublado";"Simples";"Reta";"Sim";1;0;1;0;0;0;1;1;-11,85367068;-55,49336325;"SPRF-MT";"DEL06-MT";"UOP01-DEL06-MT"
188909;2019-02-02;"sábado";"16:40:00";"RJ";465;20;"NOVA IGUACU";"Desobediência às normas de trânsito pelo condutor";"Colisão lateral";"Com Vítimas Feridas";"Pleno dia";"Decrescente";"Céu Claro";"Simples";"Reta";"Sim";3;0;1;0;2;0;1;2;-22,846828;-43,605339;"SPRF-RJ";"DEL01-RJ";"UOP03-DEL01-RJ"
188910;2019-02-02;"sábado";"17:00:00";"SP";116;202;"ARUJA";"Falta de Atenção à Condução";"Colisão traseira";"Com Vítimas Feridas";"Pleno dia";"Decrescente";"Nublado";"Múltipla";"Reta";"Não";2;0;1;0;1;0;1;2;-23,40334255;-46,3209343;"SPRF-SP";"DEL01-SP";"UOP02-DEL01-SP"
188912;2019-02-02;"sábado";"17:10:00";"AP";210;22;"MACAPA";"Avarias e/ou desgaste excessivo no pneu";"Colisão lateral";"Com Vítimas Feridas";"Anoitecer";"Crescente";"Chuva";"Simples";"Reta";"Não";8;0;2;0;6;0;2;2;0,212039;-51,111572;"SPRF-AP";"DEL01-AP";"UOP01-DEL01-AP"
188913;2019-02-02;"sábado";"18:20:00";"PR";369;185;"ARAPONGAS";"Desobediência às normas de trânsito pelo condutor";"Colisão transversal";"Com Vítimas Feridas";"Anoitecer";"Crescente";"Céu Claro";"Simples";"Interseção de Vias";"Sim";2;0;0;1;1;0;1;2;-23,43552911;-51,42700195;"SPRF-PR";"DEL07-PR";"UOP03-DEL07-PR"
188914;2019-02-02;"sábado";"17:15:00";"PE";110;226;"PETROLANDIA";"Falta de Atenção à Condução";"Colisão transversal";"Com Vítimas Feridas";"Pleno dia";"Crescente";"Céu Claro";"Simples";"Reta";"Não";2;0;1;0;1;0;1;2;-9,039303;-38,257042;"SPRF-BA";"DEL07-BA";"UOP01-DEL07-BA"
188915;2019-02-02;"sábado";"17:40:00";"SC";101;135,4;"BALNEARIO CAMBORIU";"Velocidade Incompatível";"Saída de leito carroçável";"Sem Vítimas";"Pleno dia";"Crescente";"Nublado";"Dupla";"Reta";"Sim";1;0;0;0;1;0;0;1;-27,0081;-48,617;"SPRF-SC";"DEL04-SC";"UOP03-DEL04-SC"
188916;2019-02-02;"sábado";"16:10:00";"GO";153;349,3;"JARAGUA";"Falta de Atenção à Condução";"Queda de ocupante de veículo";"Com Vítimas Feridas";"Pleno dia";"Crescente";"Céu Claro";"Simples";"Reta";"Não";2;0;1;0;1;0;1;1;-15,659618;-49,357323;"SPRF-GO";"DEL02-GO";"UOP02-DEL02-GO"
188919;2019-02-02;"sábado";"19:00:00";"MG";381;550;"ITAGUARA";"Velocidade Incompatível";"Colisão lateral";"Com Vítimas Feridas";"Anoitecer";"Decrescente";"Céu Claro";"Dupla";"Curva;Aclive";"Não";2;0;1;0;1;0;1;2;-20,3058;-44,4472;"SPRF-MG";"DEL04-MG";"UOP03-DEL04-MG"
188921;2019-02-02;"sábado";"18:30:00";"ES";101;237;"SERRA";"Ingestão de Álcool";"Queda de ocupante de veículo";"Com Vítimas Feridas";"Anoitecer";"Decrescente";"Céu Claro";"Simples";"Interseção de Vias";"Sim";1;0;0;1;0;0;1;1;-20,006597;-40,411502;"SPRF-ES";"DEL02-ES";"UOP01-DEL02-ES"
188923;2019-02-02;"sábado";"18:20:00";"SC";101;335;"TUBARAO";"Ingestão de Álcool";"Saída de leito carroçável";"Sem Vítimas";"Pleno dia";"Crescente";"Nublado";"Múltipla";"Interseção de Vias";"Sim";1;0;0;0;1;0;0;1;-28,4745;-49,0267;"SPRF-SC";"DEL02-SC";"UOP01-DEL02-SC"