"id";"data_inversa";"dia_semana";"horario";"uf";"br";"km";"municipio";"causa_acidente";"tipo_acidente";"classificacao_acidente";"fase_dia";"sentido_via";"condicao_metereologica";"tipo_pista";"tracado_via";"uso_solo";"pessoas";"mortos";"feridos_leves";"feridos_graves";"ilesos";"ignorados";"feridos";"veiculos";"latitude";"longitude";"regional";"delegacia";"uop"
188924;2019-02-02;"sábado";"19:00:00";"RS";158;81,2;"BOA VISTA DAS MISSOES";"Pista Escorregadia";"Saída de leito carroçável";"Com Vítimas Feridas";"Pleno dia";"Decrescente";"Chuva";"Simples";"Reta";"Não";2;0;2;0;0;0;2;1;-27,756449;-53,318722;"SPRF-RS";"DEL08-RS";"UOP02-DEL08-RS"
188926;2019-02-02;"sábado";"16:08:00";"RO";364;87,6;"VILHENA";"Falta de Atenção à Condução";"Queda de ocupante de veículo";"Com Vítimas Feridas";"Pleno dia";"Decrescente";"Nublado";"Simples";"Reta";"Não";1;0;1;0;0;0;1;1;-12,386662;-60,617199;"SPRF-RO";"DEL04-RO";"DEL21/4-UOP03/RO"
188927;2019-02-02;"sábado";"17:20:00";"PI";316;4,9;"TERESINA";"Falta de Atenção à Condução";"Colisão traseira";"Com Vítimas Feridas";"Pleno dia";"Crescente";"Nublado";"Múltipla";"Reta";"Sim";3;0;1;1;1;0;2;2;-5,136601;-42,788982;"SPRF-PI";"DEL01-PI";"UOP02-DEL01-PI"
188928;2019-02-02;"sábado";"15:20:00";"RJ";101;314;"SAO GONCALO";"Falta de Atenção à Condução";"Colisão traseira";"Com Vítimas Feridas";"Pleno dia";"Decrescente";"Céu Claro";"Simples";"Reta";"Sim";2;0;1;0;1;0;1;2;-22,816507;-43,077309;"SPRF-RJ";"DEL02-RJ";"DEL5/2-UOP04/RJ"
188929;2019-02-02;"sábado";"17:20:00";"PR";476;136;"CURITIBA";"Desobediência às normas de trânsito pelo condutor";"Queda de ocupante de veículo";"Sem Vítimas";"Pleno dia";"Crescente";"Chuva";"Dupla";"Reta";"Sim";4;0;0;0;0;4;0;3;-25,491047;-49,271679;"SPRF-PR";"DEL01-PR";"UOP07-DEL01-PR"
188932;2019-02-02;"sábado";"18:10:00";"MS";163;257,4;"DOURADOS";"Ultrapassagem Indevida";"Tombamento";"Com Vítimas Feridas";"Pleno dia";"Crescente";"Céu Claro";"Dupla";"Reta";"Não";4;0;2;0;0;2;2;3;-22,25900764;-54,78956543;"SPRF-MS";"DEL04-MS";"UOP01-DEL04-MS"
188933;2019-02-02;"sábado";"17:30:00";"ES";262;1;"CARIACICA";"Falta de Atenção à Condução";"Colisão traseira";"Com Vítimas Feridas";"Pleno dia";"Decrescente";"Céu Claro";"Múltipla";"Interseção de Vias";"Sim";2;0;1;0;1;0;1;2;-20,3286;-40,355;"SPRF-ES";"DEL01-ES";"UOP01-DEL01-ES"
188934;2019-02-02;"sábado";"17:50:00";"MA";10;255;"IMPERATRIZ";"Ingestão de Álcool";"Colisão traseira";"Com Vítimas Feridas";"Anoitecer";"Decrescente";"Céu Claro";"Simples";"Reta";"Sim";4;0;1;0;3;0;1;2;-5,508798;-47,471718;"SPRF-MA";"DEL04-MA";"UOP01-DEL04-MA"
188935;2019-02-02;"sábado";"20:50:00";"SC";470;50,4;"BLUMENAU";"Ingestão de Álcool";"Colisão frontal";"Com Vítimas Feridas";"Plena Noite";"Crescente";"Chuva";"Simples";"Curva";"Sim";5;0;4;0;1;0;4;2;-26,85976104;-49,0754244;"SPRF-SC";"DEL04-SC";"UOP01-DEL04-SC"
188938;2019-02-02;"sábado";"18:15:00";"PI";343;305;"ALTOS";"Falta de Atenção à Condução";"Tombamento";"Com Vítimas Feridas";"Plena Noite";"Crescente";"Chuva";"Simples";"Reta";"Sim";2;0;1;0;1;0;1;2;-5,03444;-42,443382;"SPRF-PI";"DEL01-PI";"UOP01-DEL01-PI"
188939;2019-02-02;"sábado";"19:50:00";"PE";104;45;"CARUARU";"Agressão Externa";"Colisão com objeto estático";"Com Vítimas Feridas";"Plena Noite";"Decrescente";"Céu Claro";"Dupla";"Reta";"Não";1;0;1;0;0;0;1;1;-8,115329;-36,006553;"SPRF-PE";"DEL02-PE";"UOP01-DEL02-PE"
188940;2019-02-02;"sábado";"12:05:00";"PR";376;450,9;"TIBAGI";"Velocidade Incompatível";"Saída de leito carroçável";"Com Vítimas Feridas";"Pleno dia";"Crescente";"Sol";"Dupla";"Curva";"Não";1;0;1;0;0;0;1;1;-24,87713178;-50,44222355;"SPRF-PR";"DEL03-PR";"UOP02-DEL03-PR"
188941;2019-02-02;"sábado";"18:30:00";"PI";343;449;"AGUA BRANCA";"Objeto estático sobre o leito carroçável";"Colisão com objeto estático";"Com Vítimas Fatais";"Plena Noite";"Crescente";"Chuva";"Simples";"Reta";"Não";3;1;0;1;1;0;1;2;-5,909009;-42,68177;"SPRF-PI";"DEL01-PI";"UOP02-DEL01-PI"
188942;2019-02-02;"sábado";"21:15:00";"GO";40;2;"VALPARAISO DE GOIAS";"Ingestão de Álcool";"Colisão frontal";"Com Vítimas Feridas";"Plena Noite";"Crescente";"Céu Claro";"Dupla";"Interseção de Vias";"Sim";3;0;1;0;2;0;1;2;-16,067129;-47,984235;"SPRF-DF";"DEL01-DF";"UOP01-DEL01-DF"
188944;2019-02-02;"sábado";"21:10:00";"SC";101;10;"GARUVA";"Desobediência às normas de trânsito pelo condutor";"Colisão frontal";"Com Vítimas Feridas";"Plena Noite";"Crescente";"Chuva";"Simples";"Curva";"Sim";3;0;1;1;1;0;2;2;-26,0722;-48,8608;"SPRF-SC";"DEL03-SC";"UOP01-DEL03-SC"
188945;2019-02-02;"sábado";"20:20:00";"SC";101;314,4;"LAGUNA";"Ingestão de Álcool";"Capotamento";"Com Vítimas Feridas";"Plena Noite";"Crescente";"Chuva";"Dupla";"Curva;Ponte";"Não";3;0;1;1;1;0;2;1;-28,4353;-48,8347;"SPRF-SC";"DEL02-SC";"UOP01-DEL02-SC"
188946;2019-02-02;"sábado";"20:20:00";"RN";101;99,1;"NATAL";"Falta de Atenção do Pedestre";"Atropelamento de Pedestre";"Com Vítimas Feridas";"Plena Noite";"Crescente";"Nublado";"Múltipla";"Curva";"Sim";2;0;1;0;1;0;1;2;-5,87365;-35,220673;"SPRF-RN";"DEL01-RN";"UOP01-DEL01-RN"
188948;2019-02-02;"sábado";"21:20:00";"SC";101;195;"BIGUACU";"Falta de Atenção à Condução";"Colisão traseira";"Sem Vítimas";"Plena Noite";"Decrescente";"Chuva";"Múltipla";"Reta";"Sim";2;0;0;0;2;0;0;2;-27,511;-48,643;"SPRF-SC";"DEL01-SC";"UOP01-DEL01-SC"
188951;2019-02-02;"sábado";"21:40:00";"DF";60;4,3;"BRASILIA";"Desobediência às normas de trânsito pelo condutor";"Colisão traseira";"Com Vítimas Feridas";"Plena Noite";"Crescente";"Céu Claro";"Dupla";"Retorno Regulamentado";"Sim";6;0;2;0;2;2;2;2;-15,892721;-48,095741;"SPRF-DF";"DEL01-DF";"UOP01-DEL03-DF"
188952;2019-02-02;"sábado";"21:40:00";"SP";116;224;"GUARULHOS";"Não guardar distância de segurança";"Colisão traseira";"Com Vítimas Feridas";"Plena Noite";"Crescente";"Céu Claro";"Múltipla";"Reta";"Sim";4;0;1;0;3;0;1;3;-23,48213855;-46,53563871;"SPRF-SP";"DEL01-SP";"UOP01-DEL01-SP"
188953;2019-02-02;"sábado";"22:20:00";"SC";470;74,2;"INDAIAL";"Desobediência às normas de trânsito pelo condutor";"Colisão transversal";"Com Vítimas Feridas";"Plena Noite";"Crescente";"Chuva";"Simples";"Reta";"Não";2;0;1;1;0;0;2;2;-26,916288;-49,280807;"SPRF-SC";"DEL04-SC";"UOP01-DEL04-SC"
188955;2019-02-02;"sábado";"20:45:00";"PB";230;16;"JOAO PESSOA";"Desobediência às normas de trânsito pelo condutor";"Colisão lateral";"Com Vítimas Feridas";"Plena Noite";"Crescente";"Céu Claro";"Dupla";"Declive";"Sim";5;0;1;2;1;1;3;4;-7,1039;-34,8458;"SPRF-PB";"DEL01-PB";"UOP01-DEL01-PB"
188956;2019-02-02;"sábado";"21:15:00";"PB";101;86;"JOAO PESSOA";"Falta de Atenção à Condução";"Colisão traseira";"Com Vítimas Feridas";"Plena Noite";"Decrescente";"Céu Claro";"Dupla";"Reta";"Sim";2;0;0;1;1;0;1;2;-7,1617;-34,9037;"SPRF-PB";"DEL01-PB";"UOP01-DEL01-PB"
188957;2019-02-02;"sábado";"17:15:00";"SC";282;534,7;"CHAPECO";"Falta de Atenção à Condução";"Colisão frontal";"Com Vítimas Feridas";"Pleno dia";"Decrescente";"Chuva";"Simples";"Curva";"Sim";4;0;4;0;0;0;4;2;-26,99608706;-52,63936043;"SPRF-SC";"DEL07-SC";"UOP01-DEL07-SC"
188958;2019-02-02;"sábado";"20:00:00";"BA";101;806;"ITAMARAJU";"Falta de Atenção à Condução";"Colisão transversal";"Com Vítimas Feridas";"Pleno dia";"Crescente";"Céu Claro";"Simples";"Reta";"Sim";2;0;0;1;1;0;1;2;-17,0034;-39,5503;"SPRF-BA";"DEL09-BA";"UOP01-DEL09-BA"
188959;2019-02-02;"sábado";"18:45:00";"MG";381;949,5;"EXTREMA";"Velocidade Incompatível";"Saída de leito carroçável";"Com Vítimas Feridas";"Plena Noite";"Crescente";"Céu Claro";"Dupla";"Declive;Reta";"Não";2;0;1;0;1;0;1;1;-22,875048;-46,366745;"SPRF-MG";"DEL16-MG";"UOP03-DEL16-MG"
188960;2019-02-02;"sábado";"22:20:00";"MG";40;547;"NOVA LIMA";"Avarias e/ou desgaste excessivo no pneu";"Tombamento";"Com Vítimas Feridas";"Plena Noite";"Crescente";"Céu Claro";"Dupla";"Aclive;Reta";"Não";1;0;1;0;0;0;1;1;-20,033;-43,9691;"SPRF-MG";"DEL01-MG";"UOP02-DEL01-MG"
188962;2019-02-02;"sábado";"22:15:00";"PR";476;129,9;"CURITIBA";"Falta de Atenção à Condução";"Colisão lateral";"Com Vítimas Feridas";"Plena Noite";"Decrescente";"Nublado";"Múltipla";"Curva";"Sim";7;0;3;0;4;0;3;2;-25,440983;-49,233715;"SPRF-PR";"DEL01-PR";"UOP07-DEL01-PR"
188963;2019-02-02;"sábado";"21:30:00";"PR";163;125;"REALEZA";"Falta de Atenção à Condução";"Saída de leito carroçável";"Com Vítimas Feridas";"Plena Noite";"Crescente";"Chuva";"Simples";"Reta";"Não";2;0;1;0;1;0;1;1;-25,602;-53,5807;"SPRF-PR";"DEL02-PR";"UOP02-DEL02-PR"
188964;2019-02-02;"sábado";"20:50:00";"MA";222;672;"ACAILANDIA";"Falta de Atenção à Condução";"Saída de leito carroçável";"Com Vítimas Feridas";"Plena Noite";"Decrescente";"Céu Claro";"Simples";"Reta";"Não";2;0;1;1;0;0;2;1;-4,93907693;-47,46178692;"SPRF-MA";"DEL04-MA";"UOP03-DEL04-MA"
188965;2019-02-02;"sábado";"23:10:00";"PR";376;175,7;"MARINGA";"Desobediência às normas de trânsito pelo condutor";"Colisão transversal";"Com Vítimas Feridas";"Plena Noite";"Crescente";"Céu Claro";"Dupla";"Interseção de Vias";"Sim";5;0;2;1;2;0;3;2;-23,411356;-51,940777;"SPRF-PR";"DEL07-PR";"UOP01-DEL09-PR"
188966;2019-02-02;"sábado";"21:40:00";"PB";101;37,5;"MAMANGUAPE";"Desobediência às normas de trânsito pelo condutor";"Colisão com objeto estático";"Sem Vítimas";"Plena Noite";"Decrescente";"Céu Claro";"Dupla";"Retorno Regulamentado";"Não";1;0;0;0;1;0;0;1;-6,81537136;-35,13885856;"SPRF-PB";"DEL01-PB";"UOP04-DEL01-PB"
188968;2019-02-02;"sábado";"21:30:00";"BA";410;2,2;"RIBEIRA DO POMBAL";"Ingestão de Álcool";"Queda de ocupante de veículo";"Com Vítimas Feridas";"Plena Noite";"Decrescente";"Céu Claro";"Simples";"Curva";"Sim";1;0;0;1;0;0;1;1;-10,824676;-38,545193;"SPRF-BA";"DEL07-BA";"UOP02-DEL07-BA"
188971;2019-02-02;"sábado";"23:45:00";"SC";282;3,5;"FLORIANOPOLIS";"Falta de Atenção à Condução";"Colisão traseira";"Com Vítimas Feridas";"Plena Noite";"Crescente";"Nublado";"Múltipla";"Reta";"Sim";4;0;2;0;2;0;2;2;-27,600384;-48,599705;"SPRF-SC";"DEL01-SC";"UOP01-DEL01-SC"
188972;2019-02-02;"sábado";"22:20:00";"RS";293;348;"SANTANA DO LIVRAMENTO";"Animais na Pista";"Atropelamento de Animal";"Com Vítimas Feridas";"Plena Noite";"Decrescente";"Vento";"Simples";"Reta";"Sim";2;0;1;0;0;1;1;2;-30,814615;-55,597897;"SPRF-RS";"DEL11-RS";"UOP01-DEL11-RS"
188974;2019-02-02;"sábado";"23:45:00";"RS";116;255;"ESTEIO";"Velocidade Incompatível";"Colisão traseira";"Com Vítimas Feridas";"Plena Noite";"Decrescente";"Nublado";"Múltipla";"Reta";"Sim";2;0;1;0;1;0;1;2;-29,83523;-51,174843;"SPRF-RS";"DEL01-RS";"UOP02-DEL01-RS"
188975;2019-02-02;"sábado";"20:15:00";"MA";316;263;"SANTA INES";"Desobediência às normas de trânsito pelo pedestre";"Atropelamento de Pedestre";"Com Vítimas Feridas";"Plena Noite";"Decrescente";"Garoa/Chuvisco";"Múltipla";"Reta";"Sim";2;0;1;0;0;1;1;2;-3,67144603;-45,3642869;"SPRF-MA";"DEL02-MA";"UI04-DEL02-MA"
188978;2019-02-02;"sábado";"23:30:00";"PE";423;97;"GARANHUNS";"Ingestão de Álcool";"Colisão traseira";"Sem Vítimas";"Plena Noite";"Decrescente";"Céu Claro";"Simples";"Reta";"Sim";2;0;0;0;1;1;0;2;-8,876175;-36,503635;"SPRF-PE";"DEL03-PE";"UOP01-DEL03-PE"
188979;2019-02-02;"sábado";"23:40:00";"CE";20;423,5;"MARACANAU";"Ingestão de Álcool";"Colisão frontal";"Com Vítimas Feridas";"Plena Noite";"Crescente";"Céu Claro";"Dupla";"Reta";"Sim";3;0;3;0;0;0;3;2;-3,85499037;-38,55538314;"SPRF-CE";"DEL01-CE";"UOP02-DEL01-CE"
188980;2019-02-03;"domingo";"00:30:00";"PE";104;19,5;"TAQUARITINGA DO NORTE";"Falta de Atenção à Condução";"Colisão com objeto estático";"Com Vítimas Fatais";"Plena Noite";"Decrescente";"Céu Claro";"Simples";"Reta;Em Obras";"Não";1;1;0;0;0;0;0;1;-7,96602;-36,12345;"SPRF-PE";"DEL02-PE";"UOP01-DEL02-PE"
188981;2019-02-03;"domingo";"00:35:00";"PA";163;1003;"SANTAREM";"Falta de Atenção à Condução";"Colisão traseira";"Com Vítimas Feridas";"Plena Noite";"Crescente";"Céu Claro";"Dupla";"Reta";"Sim";2;0;1;0;1;0;1;2;-2,44258541;-54,73113628;"SPRF-PA";"DEL05-PA";"UOP01-DEL05-PA"
188982;2019-02-03;"domingo";"01:15:00";"PR";277;725;"FOZ DO IGUACU";"Velocidade Incompatível";"Saída de leito carroçável";"Sem Vítimas";"Plena Noite";"Decrescente";"Garoa/Chuvisco";"Dupla";"Interseção de Vias";"Sim";1;0;0;0;1;0;0;1;-25,508245;-54,5462;"SPRF-PR";"DEL05-PR";"UOP03-DEL05-PR"
188983;2019-02-03;"domingo";"02:00:00";"RS";116;235;"NOVO HAMBURGO";"Velocidade Incompatível";"Capotamento";"Sem Vítimas";"Plena Noite";"Decrescente";"Nublado";"Dupla";"Reta";"Sim";2;0;0;0;2;0;0;1;-29,660376;-51,143867;"SPRF-RS";"DEL01-RS";"UOP02-DEL01-RS"
188984;2019-02-03;"domingo";"02:00:00";"MG";40;505;"RIBEIRAO DAS NEVES";"Falta de Atenção à Condução";"Saída de leito carroçável";"Com Vítimas Feridas";"Plena Noite";"Decrescente";"Céu Claro";"Dupla";"Reta";"Sim";1;0;1;0;0;0;1;1;-19,7504;-44,1449;"SPRF-MG";"DEL02-MG";"UOP01-DEL02-MG"
188985;2019-02-03;"domingo";"01:40:00";"SP";381;82,2;"SAO PAULO";"Defeito Mecânico no Veículo";"Incêndio";"Sem Vítimas";"Plena Noite";"Crescente";"Nublado";"Dupla";"Reta";"Sim";1;0;0;0;0;1;0;1;-23,43399347;-46,56904985;"SPRF-SP";"DEL03-SP";"UOP01-DEL03-SP"
188987;2019-02-03;"domingo";"01:45:00";"RS";290;150,9;"ARROIO DOS RATOS";"Velocidade Incompatível";"Colisão com objeto estático";"Com Vítimas Fatais";"Plena Noite";"Decrescente";"Céu Claro";"Simples";"Reta";"Não";1;1;0;0;0;0;0;1;-30,105978;-51,706875;"SPRF-RS";"DEL02-RS";"UOP01-DEL02-RS"
188989;2019-02-03;"domingo";"00:55:00";"PR";369;159;"CAMBE";"Falta de Atenção à Condução";"Capotamento";"Com Vítimas Feridas";"Plena Noite";"Crescente";"Céu Claro";"Dupla";"Reta";"Não";2;0;1;0;1;0;1;1;-23,283;-51,25;"SPRF-PR";"DEL07-PR";"UOP01-DEL07-PR"
188990;2019-02-03;"domingo";"03:20:00";"PR";476;125;"CURITIBA";"Falta de Atenção à Condução";"Colisão lateral";"Sem Vítimas";"Plena Noite";"Decrescente";"Nublado";"Dupla";"Reta";"Sim";3;0;0;0;3;0;0;2;-25,4083;-49,219658;"SPRF-PR";"DEL01-PR";"UOP07-DEL01-PR"
188991;2019-02-03;"domingo";"01:45:00";"PE";407;124;"PETROLINA";"Condutor Dormindo";"Colisão lateral";"Sem Vítimas";"Plena Noite";"Crescente";"Céu Claro";"Dupla";"Interseção de Vias";"Não";2;0;0;0;1;1;0;2;-9,37581785;-40,53826332;"SPRF-PE";"DEL06-PE";"UOP01-DEL06-PE"
188992;2019-02-03;"domingo";"03:45:00";"GO";40;6,8;"VALPARAISO DE GOIAS";"Velocidade Incompatível";"Colisão traseira";"Com Vítimas Feridas";"Plena Noite";"Crescente";"Céu Claro";"Dupla";"Reta";"Sim";4;0;2;0;1;1;2;2;-16,100814;-47,977351;"SPRF-DF";"DEL01-DF";"UOP01-DEL01-DF"
188993;2019-02-03;"domingo";"01:30:00";"MG";116;408;"GOVERNADOR VALADARES";"Mal Súbito";"Saída de leito carroçável";"Com Vítimas Feridas";"Plena Noite";"Decrescente";"Céu Claro";"Dupla";"Reta";"Sim";2;0;2;0;0;0;2;1;-18,83929594;-41,98681804;"SPRF-MG";"DEL06-MG";"UOP01-DEL06-MG"
188994;2019-02-03;"domingo";"03:00:00";"SC";470;140,8;"RIO DO SUL";"Ingestão de Álcool";"Colisão com objeto estático";"Com Vítimas Feridas";"Plena Noite";"Crescente";"Nublado";"Simples";"Reta";"Não";1;0;1;0;0;0;1;1;-27,222485;-49,662827;"SPRF-SC";"DEL04-SC";"UOP02-DEL04-SC"
188995;2019-02-03;"domingo";"04:10:00";"GO";153;427,8;"ANAPOLIS";"Defeito na Via";"Tombamento";"Com Vítimas Feridas";"Plena Noite";"Decrescente";"Céu Claro";"Dupla";"Reta";"Não";1;0;1;0;0;0;1;1;-16,229342;-49,009438;"SPRF-GO";"DEL02-GO";"UOP01-DEL02-GO"
188996;2019-02-03;"domingo";"04:20:00";"GO";153;408,5;"PIRENOPOLIS";"Ingestão de Álcool";"Tombamento";"Com Vítimas Feridas";"Plena Noite";"Decrescente";"Céu Claro";"Simples";"Reta";"Não";1;0;1;0;0;0;1;1;-16,081564;-49,04475;"SPRF-GO";"DEL02-GO";"UOP01-DEL02-GO"
188997;2019-02-03;"domingo";"04:50:00";"GO";153;302;"RIALMA";"Animais na Pista";"Atropelamento de Animal";"Com Vítimas Feridas";"Plena Noite";"Decrescente";"Céu Claro";"Simples";"Reta";"Sim";1;0;1;0;0;0;1;1;-15,294864;-49,568897;"SPRF-GO";"DEL02-GO";"UOP02-DEL02-GO"
188998;2019-02-03;"domingo";"05:00:00";"SP";116;86,3;"PINDAMONHANGABA";"Falta de Atenção à Condução";"Saída de leito carroçável";"Com Vítimas Feridas";"Plena Noite";"Crescente";"Céu Claro";"Múltipla";"Reta";"Sim";1;0;1;0;0;0;1;1;-22,926437;-45,353161;"SPRF-SP";"DEL06-SP";"UOP01-DEL06-SP"
188999;2019-02-03;"domingo";"03:40:00";"MG";50;171,9;"UBERABA";"Velocidade Incompatível";"Colisão com objeto estático";"Com Vítimas Feridas";"Plena Noite";"Decrescente";"Céu Claro";"Dupla";"Retorno Regulamentado";"Sim";4;0;0;4;0;0;4;1;-19,7539;-47,9807;"SPRF-MG";"DEL13-MG";"UOP01-DEL13-MG"
189000;2019-02-03;"domingo";"03:30:00";"SP";116;187,1;"SANTA ISABEL";"Falta de Atenção à Condução";"Capotamento";"Com Vítimas Feridas";"Plena Noite";"Crescente";"Céu Claro";"Dupla";"Declive";"Sim";1;0;1;0;0;0;1;1;-23,35439138;-46,20317459;"SPRF-SP";"DEL02-SP";"UOP01-DEL02-SP"
189001;2019-02-02;"sábado";"08:00:00";"SC";101;169,9;"TIJUCAS";"Defeito Mecânico no Veículo";"Tombamento";"Com Vítimas Feridas";"Pleno dia";"Crescente";"Nublado";"Dupla";"Reta";"Não";2;0;1;0;1;0;1;1;-27,2957;-48,6312;"SPRF-SC";"DEL04-SC";"UOP03-DEL04-SC"
189002;2019-02-02;"sábado";"08:00:00";"MS";163;105;"ITAQUIRAI";"Falta de Atenção à Condução";"Saída de leito carroçável";"Com Vítimas Feridas";"Pleno dia";"Crescente";"Céu Claro";"Dupla";"Declive";"Não";2;0;1;0;1;0;1;1;-23,236958;-54,222202;"SPRF-MS";"DEL09-MS";"UOP01-DEL09-MS"
189003;2019-02-03;"domingo";"05:33:00";"MS";163;728;"COXIM";"Desobediência às normas de trânsito pelo condutor";"Colisão transversal";"Com Vítimas Feridas";"Plena Noite";"Crescente";"Céu Claro";"Simples";"Reta";"Sim";3;0;1;0;1;1;1;3;-18,52440645;-54,73971248;"SPRF-MS";"DEL06-MS";"UOP01-DEL06-MS"
189004;2019-02-03;"domingo";"04:30:00";"PE";424;25,5;"PEDRA";"Mal Súbito";"Capotamento";"Com Vítimas Feridas";"Plena Noite";"Decrescente";"Céu Claro";"Simples";"Declive";"Não";2;0;2;0;0;0;2;1;-8,547674;-36,904873;"SPRF-PE";"DEL03-PE";"UOP02-DEL03-PE"
189005;2019-02-03;"domingo";"05:45:00";"PR";476;136;"CURITIBA";"Ingestão de Álcool";"Colisão traseira";"Sem Vítimas";"Amanhecer";"Decrescente";"Nublado";"Múltipla";"Reta";"Sim";2;0;0;0;2;0;0;2;-25,491047;-49,271679;"SPRF-PR";"DEL01-PR";"UOP07-DEL01-PR"
189007;2019-02-03;"domingo";"06:47:00";"RN";304;289;"MACAIBA";"Falta de Atenção à Condução";"Colisão traseira";"Com Vítimas Feridas";"Pleno dia";"Decrescente";"Céu Claro";"Simples";"Reta";"Não";4;0;3;0;1;0;3;4;-5,864849;-35,349312;"SPRF-RN";"DEL01-RN";"UOP02-DEL01-RN"
189008;2019-02-03;"domingo";"07:05:00";"PR";163;265;"TOLEDO";"Falta de Atenção à Condução";"Queda de ocupante de veículo";"Com Vítimas Feridas";"Pleno dia";"Decrescente";"Céu Claro";"Simples";"Em Obras";"Não";2;0;1;0;1;0;1;1;-24,63188211;-53,88038635;"SPRF-PR";"DEL04-PR";"UOP01-DEL04-PR"
189009;2019-02-03;"domingo";"06:30:00";"PB";230;15,8;"JOAO PESSOA";"Velocidade Incompatível";"Saída de leito carroçável";"Sem Vítimas";"Pleno dia";"Crescente";"Chuva";"Dupla";"Curva;Aclive";"Sim";1;0;0;0;0;1;0;1;-7,093;-34,8482;"SPRF-PB";"DEL01-PB";"UOP01-DEL01-PB"
189010;2019-02-03;"domingo";"06:00:00";"AL";101;238;"PORTO REAL DO COLEGIO";"Pista Escorregadia";"Saída de leito carroçável";"Sem Vítimas";"Amanhecer";"Crescente";"Garoa/Chuvisco";"Dupla";"Curva";"Não";1;0;0;0;1;0;0;1;-10,175445;-36,824844;"SPRF-AL";"DEL02-AL";"UOP02-DEL02-AL"
189013;2019-02-03;"domingo";"07:30:00";"RJ";40;84;"PETROPOLIS";"Velocidade Incompatível";"Tombamento";"Com Vítimas Feridas";"Pleno dia";"Crescente";"Céu Claro";"Simples";"Curva;Declive;Túnel";"Não";2;0;2;0;0;0;2;1;-22,52408585;-43,23686203;"SPRF-RJ";"DEL06-RJ";"UOP01-DEL06-RJ"
189014;2019-02-03;"domingo";"06:00:00";"ES";262;35;"DOMINGOS MARTINS";"Falta de Atenção à Condução";"Queda de ocupante de veículo";"Com Vítimas Feridas";"Amanhecer";"Decrescente";"Sol";"Simples";"Reta";"Não";1;0;0;1;0;0;1;1;-20,3773;-40,5947;"SPRF-ES";"DEL01-ES";"UOP01-DEL01-ES"
189015;2019-02-03;"domingo";"01:49:00";"RR";174;174;"RORAINOPOLIS";"Condutor Dormindo";"Colisão frontal";"Com Vítimas Fatais";"Pleno dia";"Crescente";"Céu Claro";"Simples";"Reta";"Não";4;1;0;0;1;2;0;3;0,609956;-60,461037;"SPRF-RR";"DEL01-RR";"UOP01-DEL01-RR"
189016;2019-01-31;"quinta-feira";"04:30:00";"MG";50;53,2;"ARAGUARI";"Falta de Atenção à Condução";"Saída de leito carroçável";"Sem Vítimas";"Plena Noite";"Decrescente";"Céu Claro";"Dupla";"Reta";"Não";1;0;0;0;1;0;0;1;-18,7703;-48,2455;"SPRF-MG";"DEL15-MG";"UOP02-DEL15-MG"
189017;2019-02-03;"domingo";"08:00:00";"ES";262;19;"VIANA";"Desobediência às normas de trânsito pelo condutor";"Colisão frontal";"Com Vítimas Feridas";"Pleno dia";"Crescente";"Sol";"Simples";"Reta";"Sim";3;0;0;2;1;0;2;2;-20,3932;-40,4863;"SPRF-ES";"DEL01-ES";"UOP01-DEL01-ES"
189019;2019-02-03;"domingo";"08:30:00";"GO";153;497;"GOIANIA";"Defeito Mecânico no Veículo";"Queda de ocupante de veículo";"Com Vítimas Feridas";"Pleno dia";"Decrescente";"Sol";"Dupla";"Reta";"Não";2;0;2;0;0;0;2;1;-16,6854;-49,2338;"SPRF-GO";"DEL01-GO";"UOP01-DEL01-GO"
189020;2019-02-03;"domingo";"05:40:00";"SC";280;18;"SAO FRANCISCO DO SUL";"Condutor Dormindo";"Colisão com objeto estático";"Com Vítimas Feridas";"Amanhecer";"Decrescente";"Céu Claro";"Simples";"Reta";"Não";1;0;1;0;0;0;1;1;-26,36388496;-48,66421402;"SPRF-SC";"DEL03-SC";"UOP03-DEL03-SC"
189021;2019-01-22;"terça-feira";"07:55:00";"PR";373;176,4;"PONTA GROSSA";"Falta de Atenção à Condução";"Atropelamento de Pedestre";"Com Vítimas Fatais";"Pleno dia";"Crescente";"Sol";"Dupla";"Reta";"Sim";5;1;0;0;3;1;0;2;-25,05893298;-50,22171915;"SPRF-PR";"DEL03-PR";"UOP01-DEL03-PR"
189024;2019-02-03;"domingo";"08:10:00";"RJ";356;162;"SAO JOAO DA BARRA";"Falta de Atenção à Condução";"Colisão com objeto estático";"Com Vítimas Feridas";"Pleno dia";"Crescente";"Céu Claro";"Simples";"Reta";"Não";1;0;1;0;0;0;1;1;-21,718328;-41,109524;"SPRF-RJ";"DEL08-RJ";"UOP02-DEL08-RJ"
189026;2019-02-03;"domingo";"08:55:00";"MG";40;38,8;"PARACATU";"Falta de Atenção à Condução";"Colisão traseira";"Com Vítimas Feridas";"Pleno dia";"Decrescente";"Céu Claro";"Simples";"Reta";"Não";3;0;2;0;1;0;2;2;-17,210501;-46,899467;"SPRF-MG";"DEL14-MG";"UOP01-DEL14-MG"
189027;2019-02-03;"domingo";"09:00:00";"GO";60;138;"GOIANIA";"Falta de Atenção à Condução";"Colisão transversal";"Com Vítimas Feridas";"Pleno dia";"Decrescente";"Sol";"Simples";"Reta";"Sim";3;0;2;0;1;0;2;2;-16,6117;-49,2053;"SPRF-GO";"DEL01-GO";"UOP01-DEL01-GO"