"id";"data_inversa";"dia_semana";"horario";"uf";"br";"km";"municipio";"causa_acidente";"tipo_acidente";"classificacao_acidente";"fase_dia";"sentido_via";"condicao_metereologica";"tipo_pista";"tracado_via";"uso_solo";"pessoas";"mortos";"feridos_leves";"feridos_graves";"ilesos";"ignorados";"feridos";"veiculos";"latitude";"longitude";"regional";"delegacia";"uop"
189375;2019-02-04;"segunda-feira";"18:00:00";"SC";280;296,7;"IRINEOPOLIS";"Falta de Atenção à Condução";"Colisão traseira";"Com Vítimas Feridas";"Pleno dia";"Decrescente";"Nublado";"Simples";"Aclive";"Não";2;0;1;0;1;0;1;2;-26,296299;-50,915482;"SPRF-SC";"DEL06-SC";"UOP04-DEL06-SC"
189377;2019-02-04;"segunda-feira";"19:30:00";"PI";343;174;"BRASILEIRA";"Falta de Atenção à Condução";"Colisão traseira";"Com Vítimas Feridas";"Plena Noite";"Decrescente";"Nublado";"Simples";"Reta";"Não";1;0;0;1;0;0;1;1;-4,193738;-41,784855;"SPRF-PI";"DEL02-PI";"UOP01-DEL02-PI"
189378;2019-02-04;"segunda-feira";"20:16:00";"PI";343;335,8;"TERESINA";"Falta de Atenção do Pedestre";"Atropelamento de Pedestre";"Com Vítimas Feridas";"Plena Noite";"Decrescente";"Chuva";"Simples";"Reta";"Não";2;0;0;1;1;0;1;2;-5,061626;-42,696655;"SPRF-PI";"DEL01-PI";"UOP01-DEL01-PI"
189379;2019-02-04;"segunda-feira";"08:30:00";"MG";381;605,6;"OLIVEIRA";"Velocidade Incompatível";"Saída de leito carroçável";"Com Vítimas Feridas";"Pleno dia";"Crescente";"Chuva";"Dupla";"Curva";"Não";3;0;2;0;1;0;2;1;-20,6436;-44,7369;"SPRF-MG";"DEL04-MG";"UOP01-DEL04-MG"
189380;2019-02-04;"segunda-feira";"10:15:00";"MG";381;566,4;"ITAGUARA";"Velocidade Incompatível";"Colisão traseira";"Com Vítimas Feridas";"Pleno dia";"Crescente";"Chuva";"Dupla";"Reta";"Não";2;0;1;0;1;0;1;2;-20,4025;-44,5126;"SPRF-MG";"DEL04-MG";"UOP03-DEL04-MG"
189382;2019-02-04;"segunda-feira";"10:00:00";"MG";381;566,7;"ITAGUARA";"Velocidade Incompatível";"Colisão com objeto estático";"Sem Vítimas";"Pleno dia";"Crescente";"Chuva";"Dupla";"Curva";"Não";2;0;0;0;2;0;0;2;-20,4025;-44,5126;"SPRF-MG";"DEL04-MG";"UOP03-DEL04-MG"
189383;2019-02-04;"segunda-feira";"18:50:00";"RS";470;198;"BENTO GONCALVES";"Falta de Atenção à Condução";"Saída de leito carroçável";"Com Vítimas Feridas";"Pleno dia";"Decrescente";"Céu Claro";"Simples";"Reta";"Não";1;0;0;1;0;0;1;1;-29,05483113;-51,59321937;"SPRF-RS";"DEL06-RS";"UOP01-DEL06-RS"
189384;2019-02-04;"segunda-feira";"19:25:00";"CE";222;5,4;"CAUCAIA";"Falta de Atenção à Condução";"Tombamento";"Com Vítimas Feridas";"Plena Noite";"Crescente";"Céu Claro";"Múltipla";"Curva;Aclive";"Sim";1;0;1;0;0;0;1;1;-3,74297;-38,613312;"SPRF-CE";"DEL01-CE";"UOP01-DEL01-CE"
189385;2019-02-04;"segunda-feira";"22:15:00";"MG";365;405;"PATOS DE MINAS";"Velocidade Incompatível";"Saída de leito carroçável";"Com Vítimas Feridas";"Plena Noite";"Decrescente";"Céu Claro";"Simples";"Reta";"Não";2;0;0;1;0;1;1;2;-18,634;-46,466;"SPRF-MG";"DEL10-MG";"UOP01-DEL10-MG"
189386;2019-02-04;"segunda-feira";"17:35:00";"SP";116;186,6;"SANTA ISABEL";"Ultrapassagem Indevida";"Colisão traseira";"Com Vítimas Feridas";"Pleno dia";"Decrescente";"Nublado";"Dupla";"Aclive";"Não";2;0;1;0;1;0;1;2;-23,35487494;-46,20350718;"SPRF-SP";"DEL02-SP";"UOP01-DEL02-SP"
189387;2019-02-04;"segunda-feira";"20:45:00";"PR";376;596;"CURITIBA";"Agressão Externa";"Queda de ocupante de veículo";"Com Vítimas Feridas";"Plena Noite";"Crescente";"Nublado";"Dupla";"Reta";"Sim";2;0;0;1;1;0;1;1;-25,48729001;-49,34680939;"SPRF-PR";"DEL01-PR";"UOP06-DEL01-PR"
189389;2019-02-04;"segunda-feira";"22:00:00";"PR";469;12,9;"FOZ DO IGUACU";"Desobediência às normas de trânsito pelo condutor";"Colisão transversal";"Com Vítimas Feridas";"Plena Noite";"Crescente";"Céu Claro";"Simples";"Reta";"Sim";3;0;2;0;1;0;2;2;-25,5754;-54,5489;"SPRF-PR";"DEL05-PR";"UOP04-DEL05-PR"
189390;2019-02-04;"segunda-feira";"22:50:00";"GO";364;319,8;"MINEIROS";"Restrição de Visibilidade";"Colisão frontal";"Com Vítimas Feridas";"Plena Noite";"Crescente";"Chuva";"Simples";"Reta";"Não";2;0;1;1;0;0;2;2;-17,425676;-52,620445;"SPRF-GO";"DEL05-GO";"UOP01-DEL05-GO"
189393;2019-02-04;"segunda-feira";"23:00:00";"RJ";101;476;"ANGRA DOS REIS";"Pista Escorregadia";"Capotamento";"Com Vítimas Feridas";"Plena Noite";"Crescente";"Chuva";"Simples";"Declive;Curva";"Não";1;0;1;0;0;0;1;1;-23,00272294;-44,26288605;"SPRF-RJ";"DEL03-RJ";"UOP03-DEL03-RJ"
189394;2019-02-04;"segunda-feira";"19:00:00";"RO";319;41;"PORTO VELHO";"Ingestão de Álcool";"Tombamento";"Com Vítimas Feridas";"Plena Noite";"Crescente";"Céu Claro";"Simples";"Reta";"Não";1;0;1;0;0;0;1;1;-8,648686;-63,995716;"SPRF-RO";"DEL01-RO";"UOP01-DEL01-RO"
189398;2019-02-04;"segunda-feira";"23:55:00";"PR";277;660,1;"MATELANDIA";"Desobediência às normas de trânsito pelo condutor";"Saída de leito carroçável";"Com Vítimas Feridas";"Plena Noite";"Crescente";"Vento";"Dupla";"Curva";"Não";1;0;0;1;0;0;1;1;-25,251387;-53,990307;"SPRF-PR";"DEL05-PR";"UOP02-DEL05-PR"
189399;2019-02-04;"segunda-feira";"23:10:00";"PB";230;37,2;"SANTA RITA";"Defeito Mecânico no Veículo";"Tombamento";"Com Vítimas Feridas";"Plena Noite";"Crescente";"Chuva";"Dupla";"Reta";"Sim";1;0;0;1;0;0;1;1;-7,1293;-34,9536;"SPRF-PB";"DEL01-PB";"UOP01-DEL01-PB"
189400;2019-02-05;"terça-feira";"00:05:00";"MG";116;277,9;"TEOFILO OTONI";"Desobediência às normas de trânsito pelo condutor";"Atropelamento de Pedestre";"Com Vítimas Feridas";"Plena Noite";"Crescente";"Céu Claro";"Dupla";"Reta";"Sim";2;0;1;0;0;1;1;2;-17,867232;-41,516885;"SPRF-MG";"DEL11-MG";"UOP01-DEL11-MG"
189402;2019-02-05;"terça-feira";"01:10:00";"ES";101;357,9;"ANCHIETA";"Não guardar distância de segurança";"Colisão lateral";"Com Vítimas Feridas";"Plena Noite";"Crescente";"Nublado";"Dupla";"Reta";"Não";3;0;1;0;0;2;1;3;-20,69023613;-40,70099831;"SPRF-ES";"DEL03-ES";"UOP01-DEL03-ES"
189403;2019-02-04;"segunda-feira";"08:30:00";"SP";381;75;"SAO PAULO";"Falta de Atenção à Condução";"Capotamento";"Com Vítimas Feridas";"Pleno dia";"Decrescente";"Garoa/Chuvisco";"Dupla";"Curva";"Não";4;0;1;1;2;0;2;1;-23,4065458;-46,57894135;"SPRF-SP";"DEL03-SP";"UOP01-DEL03-SP"
189406;2019-02-05;"terça-feira";"02:50:00";"RJ";356;18;"ITAPERUNA";"Animais na Pista";"Atropelamento de Animal";"Com Vítimas Feridas";"Plena Noite";"Crescente";"Céu Claro";"Simples";"Reta";"Não";2;0;1;0;1;0;1;2;-21,179396;-41,954491;"SPRF-RJ";"DEL08-RJ";"UOP03-DEL08-RJ"
189411;2019-02-05;"terça-feira";"06:00:00";"MG";40;673,1;"CARANDAI";"Falta de Atenção à Condução";"Saída de leito carroçável";"Com Vítimas Feridas";"Amanhecer";"Crescente";"Nublado";"Simples";"Curva";"Não";2;0;2;0;0;0;2;1;-20,99882062;-43,77598112;"SPRF-MG";"DEL05-MG";"UOP02-DEL05-MG"
189413;2019-01-15;"terça-feira";"05:00:00";"RJ";116;288,8;"BARRA MANSA";"Restrição de Visibilidade";"Colisão traseira";"Com Vítimas Feridas";"Plena Noite";"Decrescente";"Céu Claro";"Dupla";"Curva";"Não";2;0;0;1;1;0;1;2;-22,449371;-44,321712;"SPRF-RJ";"DEL07-RJ";"UOP02-DEL07-RJ"
189414;2019-02-05;"terça-feira";"07:20:00";"PR";277;578,8;"CASCAVEL";"Falta de Atenção à Condução";"Colisão lateral";"Sem Vítimas";"Pleno dia";"Crescente";"Céu Claro";"Simples";"Curva";"Não";3;0;0;0;3;0;0;2;-25,02817;-53,55983;"SPRF-PR";"DEL04-PR";"UOP01-DEL04-PR"
189415;2019-02-05;"terça-feira";"07:10:00";"SC";101;125,6;"ITAJAI";"Não guardar distância de segurança";"Colisão traseira";"Com Vítimas Feridas";"Amanhecer";"Decrescente";"Céu Claro";"Dupla";"Curva;Declive";"Não";2;0;1;0;1;0;1;2;-26,9557;-48,6796;"SPRF-SC";"DEL04-SC";"UOP04-DEL04-SC"
189418;2019-02-05;"terça-feira";"07:10:00";"ES";101;1;"SERRA";"Não guardar distância de segurança";"Colisão traseira";"Com Vítimas Feridas";"Pleno dia";"Crescente";"Chuva";"Dupla";"Reta";"Sim";4;0;1;0;2;1;1;4;-20,129093;-40,308125;"SPRF-ES";"DEL02-ES";"UOP01-DEL02-ES"
189419;2019-02-05;"terça-feira";"07:45:00";"GO";153;492;"GOIANIA";"Falta de Atenção à Condução";"Colisão lateral";"Com Vítimas Feridas";"Pleno dia";"Crescente";"Céu Claro";"Dupla";"Reta";"Sim";2;0;1;0;1;0;1;2;-16,6461;-49,2114;"SPRF-GO";"DEL01-GO";"UOP01-DEL01-GO"
189420;2019-02-05;"terça-feira";"06:30:00";"RJ";101;198;"CASIMIRO DE ABREU";"Pista Escorregadia";"Colisão com objeto estático";"Com Vítimas Feridas";"Pleno dia";"Crescente";"Nublado";"Dupla";"Curva";"Não";3;0;3;0;0;0;3;1;-22,491579;-42,127712;"SPRF-RJ";"DEL02-RJ";"UOP04-DEL08-RJ"
189421;2019-02-05;"terça-feira";"07:45:00";"ES";101;264,2;"SERRA";"Falta de Atenção à Condução";"Queda de ocupante de veículo";"Com Vítimas Feridas";"Pleno dia";"Crescente";"Nublado";"Múltipla";"Reta";"Sim";1;0;1;0;0;0;1;1;-20,18114435;-40,26530396;"SPRF-ES";"DEL02-ES";"UOP01-DEL02-ES"
189422;2019-02-05;"terça-feira";"07:52:00";"PR";376;6;"MARINGA";"Avarias e/ou desgaste excessivo no pneu";"Queda de ocupante de veículo";"Com Vítimas Feridas";"Pleno dia";"Crescente";"Céu Claro";"Dupla";"Reta";"Não";2;0;2;0;0;0;2;1;-23,4273;-51,9375;"SPRF-PR";"DEL07-PR";"UOP01-DEL09-PR"
189423;2019-02-05;"terça-feira";"07:20:00";"SC";101;209;"SAO JOSE";"Desobediência às normas de trânsito pelo condutor";"Tombamento";"Com Vítimas Feridas";"Pleno dia";"Decrescente";"Céu Claro";"Dupla";"Reta";"Sim";1;0;1;0;0;0;1;1;-27,6176;-48,6463;"SPRF-SC";"DEL01-SC";"UOP01-DEL01-SC"
189424;2019-02-05;"terça-feira";"07:40:00";"SC";101;211,1;"PALHOCA";"Falta de Atenção à Condução";"Queda de ocupante de veículo";"Com Vítimas Feridas";"Pleno dia";"Decrescente";"Céu Claro";"Múltipla";"Reta";"Não";2;0;1;0;1;0;1;2;-27,6301;-48,659;"SPRF-SC";"DEL01-SC";"UOP02-DEL01-SC"
189426;2019-02-05;"terça-feira";"08:10:00";"MG";40;442,8;"PARAOPEBA";"Condutor Dormindo";"Saída de leito carroçável";"Com Vítimas Fatais";"Pleno dia";"Crescente";"Céu Claro";"Dupla";"Declive;Retorno Regulamentado";"Não";5;2;0;3;0;0;3;1;-19,282284;-44,41734;"SPRF-MG";"DEL02-MG";"UOP01-DEL02-MG"
189427;2019-02-05;"terça-feira";"08:30:00";"RJ";116;43;"TERESOPOLIS";"Falta de Atenção à Condução";"Saída de leito carroçável";"Com Vítimas Feridas";"Pleno dia";"Crescente";"Chuva";"Simples";"Curva";"Não";1;0;1;0;0;0;1;1;-22,150652;-42,801525;"SPRF-RJ";"DEL04-RJ";"UOP01-DEL04-RJ"
189429;2019-02-05;"terça-feira";"07:40:00";"PR";277;80;"CURITIBA";"Falta de Atenção à Condução";"Colisão lateral";"Com Vítimas Feridas";"Pleno dia";"Crescente";"Nublado";"Dupla";"Reta";"Sim";2;0;1;0;1;0;1;2;-25,47737245;-49,20776367;"SPRF-PR";"DEL01-PR";"UOP01-DEL01-PR"
189430;2019-01-28;"segunda-feira";"22:40:00";"RN";101;96,3;"NATAL";"Falta de Atenção à Condução";"Colisão traseira";"Com Vítimas Feridas";"Plena Noite";"Crescente";"Céu Claro";"Dupla";"Reta";"Sim";4;0;1;0;3;0;1;4;-5,849496;-35,208908;"SPRF-RN";"DEL01-RN";"UOP01-DEL01-RN"
189432;2019-02-05;"terça-feira";"07:00:00";"MA";135;0,1;"SAO LUIS";"Defeito Mecânico no Veículo";"Atropelamento de Pedestre";"Com Vítimas Feridas";"Pleno dia";"Decrescente";"Céu Claro";"Dupla";"Curva";"Não";2;0;1;0;1;0;1;2;-2,580456;-44,241947;"SPRF-MA";"DEL01-MA";"UOP01-DEL01-MA"
189433;2019-01-19;"sábado";"21:30:00";"BA";415;52,2;"ITABUNA";"Velocidade Incompatível";"Saída de leito carroçável";"Com Vítimas Feridas";"Plena Noite";"Crescente";"Céu Claro";"Simples";"Reta";"Não";4;0;2;0;2;0;2;1;-14,814651;-39,296741;"SPRF-BA";"DEL05-BA";"UOP01-DEL05-BA"
189435;2019-01-26;"sábado";"02:25:00";"ES";101;334,1;"GUARAPARI";"Sinalização da via insuficiente ou inadequada";"Colisão com objeto estático";"Sem Vítimas";"Plena Noite";"Decrescente";"Céu Claro";"Simples";"Reta";"Não";3;0;0;0;3;0;0;2;-20,62333114;-40,52295512;"SPRF-ES";"DEL03-ES";"UOP01-DEL03-ES"
189438;2019-02-05;"terça-feira";"07:30:00";"PR";153;40;"SANTO ANTONIO DA PLATINA";"Animais na Pista";"Atropelamento de Animal";"Sem Vítimas";"Pleno dia";"Crescente";"Céu Claro";"Simples";"Reta";"Sim";1;0;0;0;1;0;0;1;-23,28450371;-50,05672038;"SPRF-PR";"DEL07-PR";"UOP04-DEL07-PR"
189440;2019-02-05;"terça-feira";"07:20:00";"PB";230;26,9;"JOAO PESSOA";"Falta de Atenção à Condução";"Colisão traseira";"Com Vítimas Feridas";"Pleno dia";"Crescente";"Céu Claro";"Dupla";"Reta";"Sim";2;0;1;0;1;0;1;2;-7,1693;-34,8782;"SPRF-PB";"DEL01-PB";"UOP01-DEL01-PB"
189442;2019-02-05;"terça-feira";"06:50:00";"MG";40;518;"RIBEIRAO DAS NEVES";"Falta de Atenção à Condução";"Colisão lateral";"Com Vítimas Feridas";"Pleno dia";"Crescente";"Céu Claro";"Dupla";"Reta";"Sim";2;0;0;1;1;0;1;2;-19,843;-44,0749;"SPRF-MG";"DEL01-MG";"UOP03-DEL01-MG"
189443;2019-01-05;"sábado";"02:30:00";"MG";381;379;"SAO GONCALO DO RIO ABAIXO";"Falta de Atenção à Condução";"Colisão frontal";"Com Vítimas Feridas";"Plena Noite";"Crescente";"Céu Claro";"Simples";"Curva";"Não";10;0;7;1;2;0;8;2;-19,86345573;-43,22611034;"SPRF-MG";"DEL01-MG";"UOP01-DEL01-MG"
189444;2019-02-05;"terça-feira";"07:30:00";"SC";282;501,3;"XANXERE";"Não guardar distância de segurança";"Colisão lateral";"Com Vítimas Feridas";"Pleno dia";"Decrescente";"Céu Claro";"Dupla";"Rotatória";"Não";2;0;1;0;1;0;1;2;-26,882715;-52,381729;"SPRF-SC";"DEL07-SC";"UOP01-DEL07-SC"
189448;2019-02-05;"terça-feira";"08:20:00";"MG";251;504;"FRANCISCO SA";"Mal Súbito";"Queda de ocupante de veículo";"Com Vítimas Feridas";"Pleno dia";"Crescente";"Chuva";"Simples";"Reta";"Não";2;0;1;0;1;0;1;1;-16,609;-43,6592;"SPRF-MG";"DEL12-MG";"UOP01-DEL12-MG"
189450;2019-02-05;"terça-feira";"07:00:00";"SC";282;575,7;"PINHALZINHO";"Condutor Dormindo";"Colisão lateral";"Com Vítimas Feridas";"Amanhecer";"Crescente";"Céu Claro";"Simples";"Curva";"Sim";2;0;1;0;1;0;1;2;-26,87620261;-52,95227766;"SPRF-SC";"DEL07-SC";"UOP02-DEL07-SC"
189451;2019-02-05;"terça-feira";"08:40:00";"BA";116;673;"JEQUIE";"Falta de Atenção do Pedestre";"Atropelamento de Pedestre";"Com Vítimas Feridas";"Pleno dia";"Crescente";"Sol";"Simples";"Ponte";"Sim";2;0;0;1;0;1;1;2;-13,86931127;-40,11267923;"SPRF-BA";"DEL03-BA";"UOP01-DEL03-BA"
189452;2019-02-05;"terça-feira";"09:40:00";"ES";101;270;"SERRA";"Falta de Atenção à Condução";"Queda de ocupante de veículo";"Com Vítimas Feridas";"Pleno dia";"Decrescente";"Sol";"Múltipla";"Reta";"Sim";1;0;1;0;0;0;1;1;-20,22979024;-40,27253335;"SPRF-ES";"DEL02-ES";"UOP01-DEL02-ES"
189453;2019-02-05;"terça-feira";"09:45:00";"PR";116;116,7;"CURITIBA";"Falta de Atenção à Condução";"Queda de ocupante de veículo";"Com Vítimas Feridas";"Pleno dia";"Decrescente";"Nublado";"Dupla";"Reta";"Sim";2;0;1;0;1;0;1;2;-25,544559;-49,30146;"SPRF-PR";"DEL01-PR";"UOP07-DEL01-PR"
189454;2019-02-05;"terça-feira";"10:40:00";"RJ";116;88;"TERESOPOLIS";"Falta de Atenção à Condução";"Colisão lateral";"Sem Vítimas";"Pleno dia";"Crescente";"Chuva";"Simples";"Curva";"Não";2;0;0;0;2;0;0;2;-22,453527;-42,954491;"SPRF-RJ";"DEL04-RJ";"UOP01-DEL04-RJ"
189456;2019-02-05;"terça-feira";"11:10:00";"SC";101;207,3;"SAO JOSE";"Falta de Atenção à Condução";"Colisão lateral";"Com Vítimas Feridas";"Pleno dia";"Crescente";"Céu Claro";"Dupla";"Aclive";"Sim";2;0;1;0;1;0;1;2;-27,6034;-48,632;"SPRF-SC";"DEL01-SC";"UOP01-DEL01-SC"
189457;2019-02-05;"terça-feira";"09:55:00";"MT";364;273,1;"JACIARA";"Defeito Mecânico no Veículo";"Colisão traseira";"Sem Vítimas";"Pleno dia";"Decrescente";"Céu Claro";"Dupla";"Reta";"Sim";2;0;0;0;2;0;0;2;-15,96078;-54,967728;"SPRF-MT";"DEL02-MT";"UOP02-DEL05-MT"
189459;2019-02-05;"terça-feira";"10:40:00";"SE";101;22,6;"MALHADA DOS BOIS";"Falta de Atenção à Condução";"Atropelamento de Pedestre";"Com Vítimas Feridas";"Pleno dia";"Crescente";"Céu Claro";"Simples";"Curva";"Sim";2;0;0;1;0;1;1;2;-10,295593;-36,883125;"SPRF-SE";"DEL02-SE";"UOP02-DEL02-SE"
189460;2019-02-05;"terça-feira";"11:40:00";"PR";277;328,8;"GUARAPUAVA";"Falta de Atenção à Condução";"Saída de leito carroçável";"Com Vítimas Fatais";"Pleno dia";"Decrescente";"Nublado";"Simples";"Curva";"Não";1;1;0;0;0;0;0;1;-25,362526;-51,350335;"SPRF-PR";"DEL03-PR";"UOP01-DEL08-PR"
189462;2019-02-05;"terça-feira";"07:45:00";"SP";116;155;"SAO JOSE DOS CAMPOS";"Falta de Atenção à Condução";"Colisão traseira";"Com Vítimas Feridas";"Pleno dia";"Decrescente";"Nublado";"Dupla";"Reta";"Não";2;0;1;0;1;0;1;2;-23,219809;-45,899918;"SPRF-SP";"DEL02-SP";"UOP01-DEL02-SP"
189465;2019-01-08;"terça-feira";"09:10:00";"PB";230;152;"CAMPINA GRANDE";"Defeito Mecânico no Veículo";"Colisão lateral";"Sem Vítimas";"Pleno dia";"Decrescente";"Céu Claro";"Simples";"Reta";"Não";2;0;0;0;1;1;0;2;-7,2688;-35,8837;"SPRF-PB";"DEL02-PB";"UOP01-DEL02-PB"
189466;2019-02-05;"terça-feira";"11:25:00";"MS";163;256;"DOURADOS";"Falta de Atenção à Condução";"Colisão lateral";"Com Vítimas Feridas";"Pleno dia";"Crescente";"Nublado";"Dupla";"Rotatória";"Sim";2;0;1;0;1;0;1;2;-22,259183;-54,80366399;"SPRF-MS";"DEL04-MS";"UOP01-DEL04-MS"
189467;2019-02-05;"terça-feira";"11:15:00";"MS";267;379;"MARACAJU";"Defeito Mecânico no Veículo";"Saída de leito carroçável";"Com Vítimas Feridas";"Pleno dia";"Decrescente";"Céu Claro";"Simples";"Reta";"Não";2;0;1;1;0;0;2;1;-21,64753617;-55,3068924;"SPRF-MS";"DEL05-MS";"UOP01-DEL05-MS"
189468;2019-02-05;"terça-feira";"11:30:00";"BA";135;200,9;"SAO DESIDERIO";"Desobediência às normas de trânsito pelo condutor";"Colisão transversal";"Com Vítimas Feridas";"Pleno dia";"Decrescente";"Céu Claro";"Simples";"Interseção de Vias";"Não";2;0;1;0;1;0;1;2;-12,32679549;-45,00570774;"SPRF-BA";"DEL10-BA";"UOP01-DEL10-BA"
189470;2019-02-05;"terça-feira";"12:56:00";"PR";476;143,2;"CURITIBA";"Falta de Atenção do Pedestre";"Atropelamento de Pedestre";"Com Vítimas Feridas";"Pleno dia";"Crescente";"Nublado";"Múltipla";"Reta";"Não";2;0;1;0;1;0;1;2;-25,543802;-49,305328;"SPRF-PR";"DEL01-PR";"UOP06-DEL01-PR"
189471;2019-02-05;"terça-feira";"12:20:00";"SP";116;156;"SAO JOSE DOS CAMPOS";"Desobediência às normas de trânsito pelo condutor";"Colisão traseira";"Com Vítimas Feridas";"Pleno dia";"Decrescente";"Nublado";"Dupla";"Reta";"Sim";2;0;1;0;1;0;1;2;-23,24850953;-45,93370914;"SPRF-SP";"DEL02-SP";"UOP01-DEL02-SP"
189473;2019-02-05;"terça-feira";"12:20:00";"PE";101;50,2;"ABREU E LIMA";"Falta de Atenção à Condução";"Colisão lateral";"Sem Vítimas";"Pleno dia";"Crescente";"Chuva";"Múltipla";"Reta";"Sim";2;0;0;0;2;0;0;2;-7,9148;-34,8984;"SPRF-PE";"DEL01-PE";"UOP02-DEL01-PE"
189475;2019-02-05;"terça-feira";"13:45:00";"MG";40;43,1;"PARACATU";"Desobediência às normas de trânsito pelo condutor";"Colisão transversal";"Com Vítimas Feridas";"Pleno dia";"Crescente";"Céu Claro";"Simples";"Reta";"Sim";3;0;2;0;1;0;2;2;-17,225937;-46,861691;"SPRF-MG";"DEL14-MG";"UOP01-DEL14-MG"
189476;2019-02-05;"terça-feira";"10:40:00";"PI";135;323;"CRISTINO CASTRO";"Defeito na Via";"Saída de leito carroçável";"Com Vítimas Feridas";"Pleno dia";"Crescente";"Chuva";"Simples";"Curva";"Não";5;0;0;3;2;0;3;1;-8,867694;-44,240131;"SPRF-PI";"DEL03-PI";"UOP02-DEL03-PI"
189481;2019-02-05;"terça-feira";"13:00:00";"PE";101;173;"AGUA PRETA";"Defeito na Via";"Capotamento";"Com Vítimas Feridas";"Pleno dia";"Decrescente";"Nublado";"Múltipla";"Reta";"Não";1;0;1;0;0;0;1;1;-8,598;-35,5279;"SPRF-PE";"DEL01-PE";"UOP03-DEL01-PE"
189482;2019-02-05;"terça-feira";"13:25:00";"RN";405;3,7;"MOSSORO";"Falta de Atenção à Condução";"Colisão frontal";"Com Vítimas Feridas";"Pleno dia";"Crescente";"Céu Claro";"Simples";"Reta";"Sim";4;0;3;0;1;0;3;2;-5,193866;-37,380531;"SPRF-RN";"DEL04-RN";"UOP02-DEL04-RN"
189483;2019-02-05;"terça-feira";"14:20:00";"SP";116;59;"GUARATINGUETA";"Pista Escorregadia";"Queda de ocupante de veículo";"Com Vítimas Feridas";"Pleno dia";"Decrescente";"Nublado";"Dupla";"Curva";"Sim";1;0;1;0;0;0;1;1;-22,785603;-45,153458;"SPRF-SP";"DEL08-SP";"UOP01-DEL08-SP"
189486;2019-02-05;"terça-feira";"14:00:00";"SC";101;124,2;"ITAJAI";"Ingestão de Substâncias Psicoativas";"Colisão lateral";"Sem Vítimas";"Pleno dia";"Crescente";"Nublado";"Dupla";"Reta";"Sim";2;0;0;0;1;1;0;2;-26,9479;-48,6832;"SPRF-SC";"DEL04-SC";"UOP04-DEL04-SC"
189488;2019-02-05;"terça-feira";"11:45:00";"RR";174;502;"BOA VISTA";"Pista Escorregadia";"Queda de ocupante de veículo";"Com Vítimas Feridas";"Pleno dia";"Crescente";"Céu Claro";"Dupla";"Rotatória";"Sim";2;0;1;0;0;1;1;1;2,787376;-60,699524;"SPRF-RR";"DEL01-RR";"UOP01-DEL01-RR"
189491;2019-02-05;"terça-feira";"10:00:00";"PR";376;4;"MANDAGUARI";"Desobediência às normas de trânsito pelo condutor";"Colisão transversal";"Com Vítimas Feridas";"Pleno dia";"Crescente";"Céu Claro";"Simples";"Interseção de Vias";"Sim";2;0;2;0;0;0;2;2;-23,51744344;-51,68269157;"SPRF-PR";"DEL07-PR";"UOP01-DEL09-PR"
189493;2019-02-05;"terça-feira";"12:00:00";"MA";316;436;"PERITORO";"Defeito na Via";"Capotamento";"Com Vítimas Feridas";"Pleno dia";"Crescente";"Chuva";"Simples";"Curva";"Não";4;0;0;4;0;0;4;1;-4,413616;-44,2411;"SPRF-MA";"DEL03-MA";"UOP01-DEL03-MA"
189495;2019-02-05;"terça-feira";"09:00:00";"RJ";101;532,5;"ANGRA DOS REIS";"Fenômenos da Natureza";"Colisão com objeto em movimento";"Com Vítimas Feridas";"Pleno dia";"Crescente";"Chuva";"Simples";"Curva";"Não";1;0;1;0;0;0;1;1;-23,02160405;-44,52278137;"SPRF-RJ";"DEL03-RJ";"UOP02-DEL03-RJ"
189496;2019-02-05;"terça-feira";"13:10:00";"RO";319;63;"PORTO VELHO";"Falta de Atenção à Condução";"Colisão lateral";"Com Vítimas Feridas";"Pleno dia";"Crescente";"Céu Claro";"Dupla";"Interseção de Vias";"Sim";2;0;1;0;1;0;1;2;-8,753036;-63,886997;"SPRF-RO";"DEL01-RO";"UOP01-DEL01-RO"
189497;2019-02-05;"terça-feira";"15:00:00";"SC";280;55;"GUARAMIRIM";"Falta de Atenção à Condução";"Colisão transversal";"Com Vítimas Feridas";"Pleno dia";"Crescente";"Céu Claro";"Simples";"Reta";"Não";2;0;1;0;1;0;1;2;-26,475843;-48,993786;"SPRF-SC";"DEL03-SC";"UOP03-DEL03-SC"
189498;2019-02-05;"terça-feira";"15:40:00";"PR";163;142,7;"CAPITAO LEONIDAS MARQUES";"Falta de Atenção à Condução";"Saída de leito carroçável";"Com Vítimas Feridas";"Pleno dia";"Decrescente";"Céu Claro";"Simples";"Curva";"Não";2;0;2;0;0;0;2;1;-25,4837;-53,5929;"SPRF-PR";"DEL04-PR";"UOP05-DEL05-PR"
189500;2019-02-05;"terça-feira";"15:35:00";"ES";101;266,2;"SERRA";"Falta de Atenção à Condução";"Colisão traseira";"Com Vítimas Feridas";"Anoitecer";"Decrescente";"Chuva";"Múltipla";"Reta";"Sim";4;0;2;0;2;0;2;2;-20,1924738;-40,2683761;"SPRF-ES";"DEL02-ES";"UOP01-DEL02-ES"
189501;2019-02-05;"terça-feira";"17:50:00";"RJ";116;66;"TERESOPOLIS";"Falta de Atenção à Condução";"Colisão frontal";"Com Vítimas Feridas";"Pleno dia";"Decrescente";"Chuva";"Simples";"Reta";"Sim";2;0;0;2;0;0;2;2;-22,285294;-42,930599;"SPRF-RJ";"DEL04-RJ";"UOP01-DEL04-RJ"