"id";"data_inversa";"dia_semana";"horario";"uf";"br";"km";"municipio";"causa_acidente";"tipo_acidente";"classificacao_acidente";"fase_dia";"sentido_via";"condicao_metereologica";"tipo_pista";"tracado_via";"uso_solo";"pessoas";"mortos";"feridos_leves";"feridos_graves";"ilesos";"ignorados";"feridos";"veiculos";"latitude";"longitude";"regional";"delegacia";"uop"
189502;2019-02-05;"terça-feira";"14:30:00";"PR";272;363,3;"CAMPO MOURAO";"Desobediência às normas de trânsito pelo condutor";"Colisão transversal";"Com Vítimas Feridas";"Pleno dia";"Decrescente";"Céu Claro";"Dupla";"Interseção de Vias";"Sim";2;0;1;0;1;0;1;2;-24,04959924;-52,39894867;"SPRF-PR";"DEL04-PR";"UOP03-DEL09-PR"
189506;2019-02-05;"terça-feira";"16:15:00";"MG";40;603;"CONGONHAS";"Pista Escorregadia";"Saída de leito carroçável";"Sem Vítimas";"Pleno dia";"Decrescente";"Chuva";"Simples";"Curva";"Não";2;0;0;0;2;0;0;1;-20,4505;-43,8408;"SPRF-MG";"DEL05-MG";"UOP02-DEL05-MG"
189507;2019-02-05;"terça-feira";"15:10:00";"CE";222;226;"SOBRAL";"Defeito na Via";"Tombamento";"Com Vítimas Feridas";"Pleno dia";"Decrescente";"Nublado";"Simples";"Reta";"Sim";1;0;0;1;0;0;1;1;-3,706453;-40,361069;"SPRF-CE";"DEL04-CE";"UOP01-DEL04-CE"
189510;2019-02-05;"terça-feira";"05:15:00";"MG";50;174;"UBERABA";"Pista Escorregadia";"Tombamento";"Com Vítimas Feridas";"Pleno dia";"Decrescente";"Chuva";"Simples";"Retorno Regulamentado;Curva;Aclive";"Sim";1;0;1;0;0;0;1;1;-19,7787;-47,97;"SPRF-MG";"DEL13-MG";"UOP01-DEL13-MG"
189511;2019-02-05;"terça-feira";"16:15:00";"PE";101;67,6;"RECIFE";"Não guardar distância de segurança";"Colisão traseira";"Com Vítimas Feridas";"Pleno dia";"Crescente";"Sol";"Dupla";"Reta";"Sim";2;0;1;0;1;0;1;2;-8,0507;-34,9457;"SPRF-PE";"DEL01-PE";"UOP01-DEL01-PE"
189512;2019-02-02;"sábado";"05:00:00";"MT";158;568;"AGUA BOA";"Falta de Atenção à Condução";"Colisão com objeto em movimento";"Com Vítimas Feridas";"Amanhecer";"Decrescente";"Céu Claro";"Dupla";"Reta";"Sim";2;0;1;0;1;0;1;2;-14,054;-52,155;"SPRF-MT";"DEL07-MT";"UOP02-DEL07-MT"
189513;2019-02-05;"terça-feira";"16:50:00";"SP";116;512,4;"CAJATI";"Pista Escorregadia";"Colisão com objeto estático";"Com Vítimas Feridas";"Pleno dia";"Decrescente";"Chuva";"Simples";"Curva";"Não";3;0;2;0;1;0;2;1;-24,84656535;-48,21350098;"SPRF-SP";"DEL05-SP";"UAP01-DEL05-SP"
189515;2019-02-05;"terça-feira";"17:20:00";"SC";470;37,9;"GASPAR";"Desobediência às normas de trânsito pelo condutor";"Colisão frontal";"Com Vítimas Feridas";"Pleno dia";"Decrescente";"Nublado";"Simples";"Curva";"Não";2;0;2;0;0;0;2;2;-26,912727;-48,978043;"SPRF-SC";"DEL04-SC";"UOP01-DEL04-SC"
189517;2019-02-05;"terça-feira";"17:25:00";"MG";40;527;"CONTAGEM";"Falta de Atenção à Condução";"Colisão traseira";"Sem Vítimas";"Pleno dia";"Decrescente";"Céu Claro";"Dupla";"Reta";"Sim";2;0;0;0;2;0;0;2;-19,9105;-44,0427;"SPRF-MG";"DEL01-MG";"UOP03-DEL01-MG"
189518;2019-02-05;"terça-feira";"15:03:00";"MG";365;362,3;"VARJAO DE MINAS";"Pista Escorregadia";"Capotamento";"Com Vítimas Feridas";"Pleno dia";"Crescente";"Chuva";"Simples";"Curva";"Não";4;0;3;0;1;0;3;1;-18,51;-46;"SPRF-MG";"DEL10-MG";"UOP01-DEL10-MG"
189519;2019-02-05;"terça-feira";"13:30:00";"RJ";101;310;"SAO GONCALO";"Não guardar distância de segurança";"Engavetamento";"Com Vítimas Feridas";"Pleno dia";"Decrescente";"Garoa/Chuvisco";"Dupla";"Reta";"Sim";3;0;1;0;2;0;1;3;-22,79841746;-43,04810286;"SPRF-RJ";"DEL02-RJ";"DEL5/2-UOP04/RJ"
189520;2019-02-05;"terça-feira";"14:20:00";"BA";101;609,9;"MASCOTE";"Condutor Dormindo";"Capotamento";"Com Vítimas Feridas";"Pleno dia";"Crescente";"Sol";"Simples";"Reta";"Não";4;0;4;0;0;0;4;1;-15,5674;-39,4027;"SPRF-BA";"DEL05-BA";"UOP02-DEL05-BA"
189522;2019-02-05;"terça-feira";"17:35:00";"RS";116;524;"PELOTAS";"Falta de Atenção à Condução";"Colisão traseira";"Com Vítimas Feridas";"Pleno dia";"Decrescente";"Céu Claro";"Dupla";"Reta";"Sim";2;0;1;0;1;0;1;2;-31,73663517;-52,39358425;"SPRF-RS";"DEL07-RS";"UOP01-DEL07-RS"
189524;2019-02-05;"terça-feira";"17:30:00";"DF";40;8;"BRASILIA";"Falta de Atenção à Condução";"Colisão traseira";"Com Vítimas Feridas";"Pleno dia";"Crescente";"Céu Claro";"Dupla";"Reta";"Sim";4;0;1;0;3;0;1;3;-16,038666;-47,979691;"SPRF-DF";"DEL01-DF";"UOP01-DEL01-DF"
189525;2019-02-05;"terça-feira";"17:00:00";"MG";356;265,2;"MURIAE";"Falta de Atenção à Condução";"Colisão transversal";"Com Vítimas Feridas";"Pleno dia";"Decrescente";"Nublado";"Simples";"Reta;Interseção de Vias";"Sim";2;0;1;0;1;0;1;2;-21,12768706;-42,36841592;"SPRF-MG";"DEL07-MG";"UOP02-DEL07-MG"
189526;2019-02-05;"terça-feira";"16:35:00";"GO";60;1;"ALEXANIA";"Falta de Atenção à Condução";"Saída de leito carroçável";"Com Vítimas Feridas";"Pleno dia";"Crescente";"Garoa/Chuvisco";"Dupla";"Curva";"Não";2;0;1;0;1;0;1;1;-16,094168;-48,517212;"SPRF-DF";"DEL01-DF";"UOP01-DEL03-DF"
189528;2019-02-05;"terça-feira";"17:00:00";"ES";262;5,4;"CARIACICA";"Não guardar distância de segurança";"Colisão traseira";"Com Vítimas Feridas";"Pleno dia";"Crescente";"Chuva";"Múltipla";"Curva";"Sim";3;0;1;0;2;0;1;3;-20,3374;-40,3859;"SPRF-ES";"DEL01-ES";"UOP01-DEL01-ES"
189532;2019-02-05;"terça-feira";"06:00:00";"BA";101;895,9;"TEIXEIRA DE FREITAS";"Velocidade Incompatível";"Saída de leito carroçável";"Com Vítimas Feridas";"Pleno dia";"Crescente";"Céu Claro";"Simples";"Curva";"Não";1;0;1;0;0;0;1;1;-17,57031911;-39,73225683;"SPRF-BA";"DEL09-BA";"UOP02-DEL09-BA"
189535;2019-02-05;"terça-feira";"18:05:00";"RS";116;159,3;"CAXIAS DO SUL";"Ingestão de Álcool";"Colisão traseira";"Sem Vítimas";"Pleno dia";"Crescente";"Céu Claro";"Simples";"Reta";"Sim";2;0;0;0;2;0;0;2;-29,225132;-51,16048;"SPRF-RS";"DEL05-RS";"UOP01-DEL05-RS"
189536;2019-02-05;"terça-feira";"16:20:00";"ES";262;24,7;"VIANA";"Falta de Atenção à Condução";"Capotamento";"Sem Vítimas";"Pleno dia";"Crescente";"Chuva";"Simples";"Curva";"Não";1;0;0;0;1;0;0;1;-20,3798;-40,5221;"SPRF-ES";"DEL01-ES";"UOP01-DEL01-ES"
189538;2019-02-05;"terça-feira";"13:00:00";"SC";282;466,1;"PONTE SERRADA";"Condutor Dormindo";"Saída de leito carroçável";"Sem Vítimas";"Pleno dia";"Crescente";"Céu Claro";"Simples";"Reta";"Não";1;0;0;0;1;0;0;1;-26,854576;-52,086765;"SPRF-SC";"DEL07-SC";"UOP04-DEL07-SC"
189539;2019-02-05;"terça-feira";"15:40:00";"PE";424;87;"GARANHUNS";"Desobediência às normas de trânsito pelo condutor";"Colisão transversal";"Sem Vítimas";"Pleno dia";"Crescente";"Céu Claro";"Simples";"Reta";"Não";2;0;0;0;2;0;0;2;-8,874289;-36,507607;"SPRF-PE";"DEL03-PE";"UOP01-DEL03-PE"
189540;2019-02-05;"terça-feira";"18:02:00";"PR";376;190;"MARIALVA";"Falta de Atenção à Condução";"Colisão traseira";"Com Vítimas Feridas";"Pleno dia";"Crescente";"Céu Claro";"Dupla";"Reta";"Sim";2;0;1;0;1;0;1;2;-23,471231;-51,819515;"SPRF-PR";"DEL07-PR";"UOP01-DEL09-PR"
189541;2019-02-05;"terça-feira";"18:35:00";"GO";153;494;"GOIANIA";"Falta de Atenção à Condução";"Colisão lateral";"Com Vítimas Feridas";"Pleno dia";"Crescente";"Céu Claro";"Dupla";"Declive;Reta";"Sim";3;0;1;0;2;0;1;3;-16,6614;-49,2218;"SPRF-GO";"DEL01-GO";"UOP01-DEL01-GO"
189542;2019-02-05;"terça-feira";"18:30:00";"SP";116;404,8;"MIRACATU";"Avarias e/ou desgaste excessivo no pneu";"Queda de ocupante de veículo";"Com Vítimas Feridas";"Pleno dia";"Decrescente";"Garoa/Chuvisco";"Dupla";"Reta";"Não";1;0;0;1;0;0;1;1;-24,3233962;-47,54704898;"SPRF-SP";"DEL04-SP";"UOP02-DEL04-SP"
189546;2019-02-05;"terça-feira";"15:51:00";"ES";101;360;"ANCHIETA";"Desobediência às normas de trânsito pelo condutor";"Saída de leito carroçável";"Com Vítimas Feridas";"Pleno dia";"Crescente";"Chuva";"Simples";"Curva";"Não";1;0;1;0;0;0;1;1;-20,71;-40,721;"SPRF-ES";"DEL03-ES";"UOP01-DEL03-ES"
189548;2019-02-05;"terça-feira";"18:00:00";"AL";316;270;"SATUBA";"Falta de Atenção à Condução";"Colisão transversal";"Com Vítimas Feridas";"Plena Noite";"Crescente";"Céu Claro";"Simples";"Reta";"Não";2;0;1;0;1;0;1;2;-9,56765856;-35,80877781;"SPRF-AL";"DEL02-AL";"UOP01-DEL02-AL"
189549;2019-02-05;"terça-feira";"19:15:00";"DF";70;9;"BRASILIA";"Não guardar distância de segurança";"Colisão lateral";"Com Vítimas Feridas";"Pleno dia";"Crescente";"Céu Claro";"Dupla";"Reta";"Sim";2;0;1;0;1;0;1;2;-15,78480242;-48,13278526;"SPRF-DF";"DEL01-DF";"UOP02-DEL03-DF"
189550;2019-02-05;"terça-feira";"15:55:00";"RO";364;343,3;"JI-PARANA";"Desobediência às normas de trânsito pelo condutor";"Colisão transversal";"Com Vítimas Feridas";"Pleno dia";"Crescente";"Céu Claro";"Dupla";"Interseção de Vias";"Sim";2;0;0;1;1;0;1;2;-10,878848;-61,944893;"SPRF-RO";"DEL02-RO";"UOP01-DEL02-RO"
189557;2019-02-05;"terça-feira";"17:50:00";"CE";20;408;"CAUCAIA";"Falta de Atenção do Pedestre";"Atropelamento de Pedestre";"Com Vítimas Feridas";"Anoitecer";"Decrescente";"Céu Claro";"Dupla";"Reta";"Não";2;0;1;1;0;0;2;2;-3,76999;-38,670063;"SPRF-CE";"DEL01-CE";"UOP01-DEL01-CE"
189558;2019-02-05;"terça-feira";"18:20:00";"GO";414;404,5;"COCALZINHO DE GOIAS";"Falta de Atenção à Condução";"Saída de leito carroçável";"Com Vítimas Feridas";"Anoitecer";"Decrescente";"Garoa/Chuvisco";"Simples";"Curva";"Não";2;0;2;0;0;0;2;1;-15,580993;-48,628662;"SPRF-GO";"DEL02-GO";"UOP01-DEL02-GO"
189559;2019-02-05;"terça-feira";"19:00:00";"MT";163;834;"SINOP";"Falta de Atenção à Condução";"Danos eventuais";"Com Vítimas Feridas";"Plena Noite";"Crescente";"Nublado";"Simples";"Reta";"Sim";2;0;1;0;1;0;1;2;-11,86847534;-55,4971398;"SPRF-MT";"DEL06-MT";"UOP01-DEL06-MT"
189561;2019-02-04;"segunda-feira";"15:00:00";"PI";135;222;"COLONIA DO GURGUEIA";"Falta de Atenção à Condução";"Capotamento";"Com Vítimas Feridas";"Pleno dia";"Decrescente";"Céu Claro";"Simples";"Reta";"Não";1;0;1;0;0;0;1;1;-8,150776;-43,760098;"SPRF-PI";"DEL03-PI";"UOP02-DEL03-PI"
189562;2019-02-05;"terça-feira";"20:25:00";"MG";40;43,6;"PARACATU";"Velocidade Incompatível";"Tombamento";"Com Vítimas Feridas";"Plena Noite";"Crescente";"Ignorado";"Simples";"Reta";"Não";1;0;1;0;0;0;1;1;-17,225937;-46,861691;"SPRF-MG";"DEL14-MG";"UOP01-DEL14-MG"
189563;2019-02-05;"terça-feira";"20:55:00";"SC";101;117;"ITAJAI";"Falta de Atenção à Condução";"Colisão transversal";"Com Vítimas Feridas";"Plena Noite";"Decrescente";"Céu Claro";"Simples";"Interseção de Vias";"Sim";2;0;1;0;1;0;1;2;-26,8961;-48,7188;"SPRF-SC";"DEL04-SC";"UOP04-DEL04-SC"
189564;2019-02-05;"terça-feira";"20:50:00";"SC";470;68;"INDAIAL";"Falta de Atenção à Condução";"Colisão transversal";"Com Vítimas Feridas";"Plena Noite";"Decrescente";"Céu Claro";"Simples";"Interseção de Vias";"Sim";3;0;1;0;1;1;1;3;-26,877615;-49,239231;"SPRF-SC";"DEL04-SC";"UOP01-DEL04-SC"
189565;2019-02-05;"terça-feira";"14:20:00";"PB";230;98,9;"GURINHEM";"Velocidade Incompatível";"Saída de leito carroçável";"Com Vítimas Feridas";"Pleno dia";"Crescente";"Chuva";"Dupla";"Curva";"Não";2;0;1;0;1;0;1;1;-7,1889;-35,4624;"SPRF-PB";"DEL01-PB";"UOP03-DEL01-PB"
189567;2019-02-02;"sábado";"06:00:00";"BA";101;171;"FEIRA DE SANTANA";"Falta de Atenção à Condução";"Saída de leito carroçável";"Com Vítimas Feridas";"Amanhecer";"Crescente";"Céu Claro";"Simples";"Reta";"Sim";2;0;1;0;1;0;1;2;-12,3607;-38,864;"SPRF-BA";"DEL01-BA";"UOP03-DEL01-BA"
189569;2019-02-05;"terça-feira";"19:50:00";"MS";163;256,4;"DOURADOS";"Falta de Atenção do Pedestre";"Atropelamento de Pedestre";"Com Vítimas Fatais";"Plena Noite";"Crescente";"Nublado";"Dupla";"Declive";"Sim";2;1;0;1;0;0;1;2;-22,2591;-54,80041;"SPRF-MS";"DEL04-MS";"UOP01-DEL04-MS"
189570;2019-02-05;"terça-feira";"20:00:00";"MT";364;198,5;"RONDONOPOLIS";"Animais na Pista";"Queda de ocupante de veículo";"Com Vítimas Feridas";"Plena Noite";"Crescente";"Céu Claro";"Simples";"Interseção de Vias";"Sim";1;0;1;0;0;0;1;1;-16,50618;-54,623001;"SPRF-MT";"DEL02-MT";"UOP01-DEL02-MT"
189571;2019-02-05;"terça-feira";"18:20:00";"PB";230;479,2;"MARIZOPOLIS";"Desobediência às normas de trânsito pelo condutor";"Atropelamento de Pedestre";"Com Vítimas Feridas";"Plena Noite";"Decrescente";"Chuva";"Simples";"Reta";"Sim";2;0;1;0;1;0;1;2;-6,8431;-38,3315;"SPRF-PB";"DEL03-PB";"UOP03-DEL03-PB"
189572;2019-02-05;"terça-feira";"22:00:00";"RS";116;658;"JAGUARAO";"Falta de Atenção do Pedestre";"Atropelamento de Pedestre";"Com Vítimas Feridas";"Plena Noite";"Crescente";"Nublado";"Simples";"Reta";"Sim";2;0;2;0;0;0;2;2;-32,56455724;-53,38227533;"SPRF-RS";"DEL07-RS";"UOP03-DEL07-RS"
189573;2019-02-05;"terça-feira";"22:10:00";"DF";20;6;"BRASILIA";"Falta de Atenção à Condução";"Saída de leito carroçável";"Com Vítimas Feridas";"Plena Noite";"Decrescente";"Garoa/Chuvisco";"Dupla";"Reta";"Sim";2;0;1;0;1;0;1;1;-15,665888;-47,808308;"SPRF-DF";"DEL02-DF";"UOP01-DEL02-DF"
189574;2019-02-05;"terça-feira";"11:50:00";"RO";364;386;"OURO PRETO DO OESTE";"Falta de Atenção à Condução";"Colisão transversal";"Com Vítimas Feridas";"Pleno dia";"Decrescente";"Céu Claro";"Simples";"Interseção de Vias";"Sim";2;0;0;1;1;0;1;2;-10,701147;-62,262398;"SPRF-RO";"DEL03-RO";"UOP02-DEL03-RO"
189575;2019-02-05;"terça-feira";"21:50:00";"MG";146;538;"MUZAMBINHO";"Velocidade Incompatível";"Saída de leito carroçável";"Com Vítimas Feridas";"Plena Noite";"Decrescente";"Chuva";"Simples";"Curva";"Não";1;0;0;1;0;0;1;1;-21,37534;-46,45501;"SPRF-MG";"DEL13-MG";"UOP01-DEL13-MG"
189579;2019-02-05;"terça-feira";"23:30:00";"SC";101;200,5;"SAO JOSE";"Ingestão de Álcool";"Colisão traseira";"Com Vítimas Feridas";"Plena Noite";"Crescente";"Céu Claro";"Dupla";"Reta";"Sim";4;0;2;1;1;0;3;2;-27,5485;-48,6196;"SPRF-SC";"DEL01-SC";"UOP01-DEL01-SC"
189580;2019-02-05;"terça-feira";"11:55:00";"PR";277;664;"MEDIANEIRA";"Falta de Atenção à Condução";"Incêndio";"Com Vítimas Feridas";"Plena Noite";"Crescente";"Céu Claro";"Dupla";"Reta";"Não";1;0;1;0;0;0;1;1;-25,253262;-54,028618;"SPRF-PR";"DEL05-PR";"UOP02-DEL05-PR"
189581;2019-02-05;"terça-feira";"22:40:00";"CE";20;417,6;"MARACANAU";"Avarias e/ou desgaste excessivo no pneu";"Danos eventuais";"Com Vítimas Feridas";"Plena Noite";"Crescente";"Ignorado";"Dupla";"Reta";"Sim";2;0;1;0;1;0;1;1;-3,76999;-38,670063;"SPRF-CE";"DEL01-CE";"UOP02-DEL01-CE"
189583;2019-02-05;"terça-feira";"23:35:00";"MG";381;437;"SABARA";"Velocidade Incompatível";"Colisão frontal";"Com Vítimas Feridas";"Plena Noite";"Crescente";"Nublado";"Simples";"Curva";"Não";2;0;1;0;1;0;1;2;-19,78637064;-43,73397589;"SPRF-MG";"DEL01-MG";"UOP01-DEL01-MG"
189584;2019-02-06;"quarta-feira";"00:15:00";"PR";277;715,8;"FOZ DO IGUACU";"Falta de Atenção à Condução";"Saída de leito carroçável";"Com Vítimas Feridas";"Plena Noite";"Decrescente";"Céu Claro";"Dupla";"Reta";"Não";3;0;2;0;1;0;2;1;-25,468756;-54,458099;"SPRF-PR";"DEL05-PR";"UOP01-DEL05-PR"
189585;2019-02-06;"quarta-feira";"00:00:00";"MG";365;378,1;"PATOS DE MINAS";"Fenômenos da Natureza";"Saída de leito carroçável";"Com Vítimas Feridas";"Plena Noite";"Decrescente";"Nublado";"Simples";"Reta";"Não";1;0;1;0;0;0;1;1;-18,57018;-46,25335;"SPRF-MG";"DEL10-MG";"UOP01-DEL10-MG"
189586;2019-02-05;"terça-feira";"22:30:00";"PE";428;186;"PETROLINA";"Ingestão de Álcool";"Colisão transversal";"Com Vítimas Feridas";"Plena Noite";"Crescente";"Céu Claro";"Simples";"Reta";"Sim";2;0;1;0;1;0;1;2;-9,348166;-40,474457;"SPRF-PE";"DEL06-PE";"UOP01-DEL06-PE"
189588;2019-02-05;"terça-feira";"20:40:00";"MT";163;832;"SINOP";"Defeito na Via";"Queda de ocupante de veículo";"Com Vítimas Feridas";"Plena Noite";"Crescente";"Céu Claro";"Dupla";"Curva";"Sim";2;0;2;0;0;0;2;1;-11,88288976;-55,500741;"SPRF-MT";"DEL06-MT";"UOP01-DEL06-MT"
189592;2019-02-05;"terça-feira";"23:30:00";"MG";381;345;"BELA VISTA DE MINAS";"Velocidade Incompatível";"Capotamento";"Com Vítimas Feridas";"Plena Noite";"Decrescente";"Garoa/Chuvisco";"Simples";"Curva;Declive";"Não";1;0;1;0;0;0;1;1;-19,83177526;-43,09581064;"SPRF-MG";"DEL03-MG";"UOP01-DEL03-MG"
189593;2019-02-05;"terça-feira";"16:00:00";"MG";381;481,2;"CONTAGEM";"Falta de Atenção à Condução";"Colisão com objeto estático";"Com Vítimas Feridas";"Pleno dia";"Crescente";"Céu Claro";"Dupla";"Reta";"Sim";2;0;2;0;0;0;2;1;-19,959;-44,0704;"SPRF-MG";"DEL01-MG";"UOP03-DEL01-MG"
189594;2019-02-06;"quarta-feira";"02:30:00";"SP";116;423,3;"JUQUIA";"Condutor Dormindo";"Saída de leito carroçável";"Com Vítimas Feridas";"Plena Noite";"Decrescente";"Céu Claro";"Dupla";"Reta";"Não";1;0;1;0;0;0;1;1;-24,36232074;-47,68951893;"SPRF-SP";"DEL05-SP";"UOP01-DEL05-SP"
189596;2019-02-05;"terça-feira";"23:40:00";"PI";316;311;"PICOS";"Falta de Atenção à Condução";"Colisão com objeto estático";"Sem Vítimas";"Plena Noite";"Crescente";"Chuva";"Simples";"Reta";"Não";1;0;0;0;0;1;0;1;-7,079842;-41,459949;"SPRF-PI";"DEL04-PI";"UOP01-DEL04-PI"
189598;2019-02-06;"quarta-feira";"04:00:00";"PR";277;7,8;"PARANAGUA";"Desobediência às normas de trânsito pelo condutor";"Colisão traseira";"Com Vítimas Fatais";"Plena Noite";"Decrescente";"Chuva";"Dupla";"Reta";"Não";3;1;0;2;0;0;2;2;-25,56288445;-48,58875275;"SPRF-PR";"DEL01-PR";"UOP05-DEL01-PR"
189607;2019-02-06;"quarta-feira";"05:45:00";"DF";70;17,8;"BRASILIA";"Falta de Atenção à Condução";"Colisão traseira";"Com Vítimas Feridas";"Amanhecer";"Decrescente";"Nublado";"Dupla";"Reta";"Não";4;0;1;0;3;0;1;2;-15,794133;-48,202095;"SPRF-DF";"DEL01-DF";"UOP02-DEL03-DF"
189608;2019-02-06;"quarta-feira";"04:30:00";"BA";101;722,6;"EUNAPOLIS";"Velocidade Incompatível";"Saída de leito carroçável";"Com Vítimas Feridas";"Plena Noite";"Crescente";"Céu Claro";"Simples";"Reta";"Não";5;0;2;0;3;0;2;1;-16,4015;-39,5835;"SPRF-BA";"DEL09-BA";"UOP01-DEL09-BA"
189609;2019-02-06;"quarta-feira";"02:41:00";"GO";153;136;"MARA ROSA";"Defeito Mecânico no Veículo";"Saída de leito carroçável";"Com Vítimas Feridas";"Plena Noite";"Decrescente";"Nublado";"Dupla";"Reta";"Não";5;0;2;3;0;0;5;1;-13,958405;-49,087955;"SPRF-GO";"DEL07-GO";"UOP01-DEL07-GO"
189610;2019-02-06;"quarta-feira";"05:40:00";"SE";101;11,2;"CEDRO DE SAO JOAO";"Pista Escorregadia";"Queda de ocupante de veículo";"Com Vítimas Feridas";"Amanhecer";"Decrescente";"Chuva";"Dupla";"Reta";"Não";1;0;1;0;0;0;1;1;-10,28064918;-36,87337875;"SPRF-SE";"DEL02-SE";"UOP02-DEL02-SE"
189611;2019-02-06;"quarta-feira";"06:00:00";"DF";40;3,4;"BRASILIA";"Falta de Atenção à Condução";"Colisão traseira";"Com Vítimas Feridas";"Pleno dia";"Decrescente";"Nublado";"Dupla";"Reta";"Sim";2;0;1;0;1;0;1;2;-16,003145;-47,983944;"SPRF-DF";"DEL01-DF";"UOP01-DEL01-DF"
189612;2019-02-05;"terça-feira";"21:00:00";"MT";70;268;"PRIMAVERA DO LESTE";"Objeto estático sobre o leito carroçável";"Saída de leito carroçável";"Com Vítimas Fatais";"Plena Noite";"Crescente";"Céu Claro";"Simples";"Reta";"Sim";1;1;0;0;0;0;0;1;-15,53341425;-54,21993256;"SPRF-MT";"DEL05-MT";"UOP01-DEL05-MT"
189613;2019-02-06;"quarta-feira";"05:38:00";"SC";101;217,4;"PALHOCA";"Falta de Atenção do Pedestre";"Atropelamento de Pedestre";"Com Vítimas Fatais";"Plena Noite";"Crescente";"Céu Claro";"Dupla";"Reta";"Sim";2;1;0;0;1;0;0;2;-27,6771;-48,67;"SPRF-SC";"DEL01-SC";"UOP02-DEL01-SC"
189616;2019-02-06;"quarta-feira";"08:00:00";"ES";101;203;"JOAO NEIVA";"Não guardar distância de segurança";"Colisão traseira";"Com Vítimas Feridas";"Pleno dia";"Crescente";"Sol";"Simples";"Reta";"Sim";2;0;1;0;1;0;1;2;-19,744673;-40,37034295;"SPRF-ES";"DEL04-ES";"UOP01-DEL04-ES"
189617;2019-02-06;"quarta-feira";"07:20:00";"GO";153;505,7;"APARECIDA DE GOIANIA";"Falta de Atenção à Condução";"Colisão transversal";"Sem Vítimas";"Pleno dia";"Decrescente";"Chuva";"Simples";"Reta";"Sim";2;0;0;0;0;2;0;2;-16,7537;-49,2411;"SPRF-GO";"DEL01-GO";"UOP01-DEL01-GO"
189619;2019-02-06;"quarta-feira";"07:20:00";"PB";230;25,1;"JOAO PESSOA";"Falta de Atenção à Condução";"Colisão lateral";"Com Vítimas Feridas";"Pleno dia";"Decrescente";"Chuva";"Múltipla";"Reta";"Sim";3;0;2;0;1;0;2;2;-7,1707;-34,8684;"SPRF-PB";"DEL01-PB";"UOP01-DEL01-PB"
189620;2019-02-06;"quarta-feira";"08:05:00";"MG";381;533,5;"ITATIAIUCU";"Pista Escorregadia";"Saída de leito carroçável";"Com Vítimas Feridas";"Pleno dia";"Crescente";"Chuva";"Dupla";"Curva";"Não";2;0;2;0;0;0;2;1;-20,1781;-44,3771;"SPRF-MG";"DEL04-MG";"UOP03-DEL04-MG"
189622;2019-02-06;"quarta-feira";"07:55:00";"MG";40;555,8;"NOVA LIMA";"Defeito Mecânico no Veículo";"Queda de ocupante de veículo";"Com Vítimas Feridas";"Pleno dia";"Crescente";"Chuva";"Dupla";"Reta";"Não";2;0;1;0;1;0;1;1;-20,0943;-43,9755;"SPRF-MG";"DEL01-MG";"UOP02-DEL01-MG"
189624;2019-02-06;"quarta-feira";"02:50:00";"RJ";116;182,8;"NOVA IGUACU";"Velocidade Incompatível";"Atropelamento de Pedestre";"Com Vítimas Fatais";"Plena Noite";"Crescente";"Nublado";"Dupla";"Reta";"Sim";2;1;0;0;0;1;0;2;-22,73863527;-43,47462773;"SPRF-RJ";"DEL01-RJ";"UOP02-DEL01-RJ"
189626;2019-02-06;"quarta-feira";"07:05:00";"CE";222;11;"CAUCAIA";"Falta de Atenção à Condução";"Colisão lateral";"Sem Vítimas";"Pleno dia";"Crescente";"Nublado";"Dupla";"Reta";"Sim";4;0;0;0;4;0;0;2;-3,765979;-38,66222;"SPRF-CE";"DEL01-CE";"UOP01-DEL01-CE"
189627;2019-02-06;"quarta-feira";"07:45:00";"RS";116;254,9;"SAPUCAIA DO SUL";"Desobediência às normas de trânsito pelo condutor";"Colisão traseira";"Com Vítimas Feridas";"Pleno dia";"Decrescente";"Céu Claro";"Múltipla";"Interseção de Vias";"Sim";2;0;1;0;1;0;1;2;-29,826548;-51,172413;"SPRF-RS";"DEL01-RS";"UOP02-DEL01-RS"
189628;2019-02-06;"quarta-feira";"08:50:00";"DF";40;3;"BRASILIA";"Avarias e/ou desgaste excessivo no pneu";"Queda de ocupante de veículo";"Com Vítimas Feridas";"Pleno dia";"Decrescente";"Céu Claro";"Dupla";"Reta";"Sim";1;0;1;0;0;0;1;1;-16,003145;-47,983944;"SPRF-DF";"DEL01-DF";"UOP01-DEL01-DF"
189629;2019-02-06;"quarta-feira";"08:15:00";"GO";153;501;"GOIANIA";"Pista Escorregadia";"Queda de ocupante de veículo";"Com Vítimas Feridas";"Pleno dia";"Decrescente";"Chuva";"Dupla";"Reta";"Sim";2;0;1;0;1;0;1;1;-16,7189;-49,2382;"SPRF-GO";"DEL01-GO";"UOP01-DEL01-GO"
189630;2019-02-06;"quarta-feira";"08:30:00";"SC";470;63;"INDAIAL";"Desobediência às normas de trânsito pelo condutor";"Colisão traseira";"Com Vítimas Feridas";"Pleno dia";"Crescente";"Nublado";"Simples";"Reta";"Não";2;0;1;0;1;0;1;2;-26,872396;-49,19228;"SPRF-SC";"DEL04-SC";"UOP01-DEL04-SC"