"id";"data_inversa";"dia_semana";"horario";"uf";"br";"km";"municipio";"causa_acidente";"tipo_acidente";"classificacao_acidente";"fase_dia";"sentido_via";"condicao_metereologica";"tipo_pista";"tracado_via";"uso_solo";"pessoas";"mortos";"feridos_leves";"feridos_graves";"ilesos";"ignorados";"feridos";"veiculos";"latitude";"longitude";"regional";"delegacia";"uop"
190074;2019-02-08;"sexta-feira";"14:20:00";"MG";365;645,8;"UBERLANDIA";"Velocidade Incompatível";"Saída de leito carroçável";"Com Vítimas Feridas";"Pleno dia";"Decrescente";"Chuva";"Dupla";"Curva";"Não";2;0;1;0;1;0;1;1;-18,8857;-48,4645;"SPRF-MG";"DEL15-MG";"UOP01-DEL15-MG"
190079;2019-02-08;"sexta-feira";"15:00:00";"SP";116;275;"TABOAO DA SERRA";"Defeito Mecânico no Veículo";"Incêndio";"Sem Vítimas";"Pleno dia";"Crescente";"Céu Claro";"Dupla";"Reta";"Sim";1;0;0;0;1;0;0;1;-23,61832238;-46,8075684;"SPRF-SP";"DEL04-SP";"UOP01-DEL04-SP"
190080;2019-02-08;"sexta-feira";"15:10:00";"SP";116;279;"EMBU DAS ARTES";"Objeto estático sobre o leito carroçável";"Tombamento";"Com Vítimas Feridas";"Pleno dia";"Decrescente";"Céu Claro";"Dupla";"Viaduto";"Sim";1;0;1;0;0;0;1;1;-23,6394;-46,83509;"SPRF-SP";"DEL04-SP";"UOP01-DEL04-SP"
190081;2019-02-08;"sexta-feira";"15:15:00";"PR";153;335,9;"IRATI";"Falta de Atenção à Condução";"Colisão traseira";"Com Vítimas Feridas";"Pleno dia";"Decrescente";"Céu Claro";"Simples";"Reta";"Sim";2;0;1;0;1;0;1;2;-25,488941;-50,645088;"SPRF-PR";"DEL03-PR";"UOP02-DEL08-PR"
190082;2019-02-08;"sexta-feira";"15:26:00";"PR";376;179;"MARINGA";"Desobediência às normas de trânsito pelo condutor";"Colisão lateral";"Com Vítimas Feridas";"Pleno dia";"Crescente";"Céu Claro";"Dupla";"Reta";"Sim";3;0;1;0;2;0;1;3;-23,4205657;-51,90971375;"SPRF-PR";"DEL07-PR";"UOP01-DEL09-PR"
190083;2019-02-08;"sexta-feira";"12:17:00";"RJ";116;104;"GUAPIMIRIM";"Falta de Atenção à Condução";"Colisão lateral";"Com Vítimas Feridas";"Pleno dia";"Decrescente";"Céu Claro";"Múltipla";"Retorno Regulamentado";"Não";3;0;1;0;2;0;1;2;-22,53709717;-42,98944523;"SPRF-RJ";"DEL04-RJ";"UOP02-DEL04-RJ"
190085;2019-02-08;"sexta-feira";"14:10:00";"RJ";116;107;"GUAPIMIRIM";"Velocidade Incompatível";"Tombamento";"Com Vítimas Feridas";"Pleno dia";"Decrescente";"Céu Claro";"Dupla";"Curva";"Sim";2;0;1;0;1;0;1;2;-22,54640964;-42,98787117;"SPRF-RJ";"DEL04-RJ";"UOP02-DEL04-RJ"
190086;2019-02-08;"sexta-feira";"14:45:00";"MS";267;40,1;"BATAGUASSU";"Ultrapassagem Indevida";"Colisão frontal";"Com Vítimas Fatais";"Pleno dia";"Decrescente";"Nublado";"Simples";"Curva";"Não";3;1;0;2;0;0;2;2;-21,77415659;-52,5032866;"SPRF-MS";"DEL02-MS";"UOP04-DEL02-MS"
190087;2019-02-08;"sexta-feira";"13:40:00";"PE";101;50,9;"ABREU E LIMA";"Falta de Atenção à Condução";"Atropelamento de Pedestre";"Com Vítimas Fatais";"Pleno dia";"Crescente";"Sol";"Múltipla";"Reta";"Sim";3;1;0;0;2;0;0;2;-7,9148;-34,8984;"SPRF-PE";"DEL01-PE";"UOP02-DEL01-PE"
190088;2019-02-08;"sexta-feira";"14:50:00";"MG";381;482,7;"BETIM";"Não guardar distância de segurança";"Colisão lateral";"Com Vítimas Feridas";"Pleno dia";"Crescente";"Nublado";"Dupla";"Reta";"Sim";2;0;1;0;1;0;1;2;-19,9578;-44,0795;"SPRF-MG";"DEL01-MG";"UOP03-DEL01-MG"
190089;2019-02-08;"sexta-feira";"15:30:00";"MG";365;620;"UBERLANDIA";"Não guardar distância de segurança";"Colisão traseira";"Sem Vítimas";"Pleno dia";"Decrescente";"Céu Claro";"Dupla";"Reta";"Sim";2;0;0;0;2;0;0;2;-18,8974;-48,2715;"SPRF-MG";"DEL15-MG";"UOP01-DEL15-MG"
190092;2019-02-08;"sexta-feira";"14:30:00";"SP";381;71;"MAIRIPORA";"Falta de Atenção à Condução";"Colisão traseira";"Com Vítimas Feridas";"Pleno dia";"Crescente";"Sol";"Dupla";"Reta";"Não";2;0;1;0;1;0;1;2;-23,35438744;-46,55036473;"SPRF-SP";"DEL03-SP";"UOP01-DEL03-SP"
190093;2019-02-08;"sexta-feira";"15:55:00";"DF";20;6;"BRASILIA";"Pista Escorregadia";"Saída de leito carroçável";"Com Vítimas Feridas";"Pleno dia";"Decrescente";"Chuva";"Múltipla";"Reta;Declive";"Sim";2;0;1;0;1;0;1;2;-15,665888;-47,808308;"SPRF-DF";"DEL02-DF";"UOP01-DEL02-DF"
190094;2019-02-08;"sexta-feira";"15:45:00";"RS";386;362,6;"ESTRELA";"Velocidade Incompatível";"Saída de leito carroçável";"Com Vítimas Feridas";"Pleno dia";"Crescente";"Céu Claro";"Dupla";"Curva";"Não";4;0;1;1;2;0;2;3;-29,557457;-51,891541;"SPRF-RS";"DEL04-RS";"UOP02-DEL04-RS"
190097;2019-02-08;"sexta-feira";"14:50:00";"MG";153;4,5;"ARAPORA";"Desobediência às normas de trânsito pelo condutor";"Saída de leito carroçável";"Com Vítimas Feridas";"Pleno dia";"Decrescente";"Céu Claro";"Dupla";"Reta";"Não";5;0;5;0;0;0;5;2;-18,4625;-49,188;"SPRF-MG";"DEL15-MG";"UOP03-DEL15-MG"
190098;2019-02-08;"sexta-feira";"16:10:00";"MG";40;553;"NOVA LIMA";"Defeito Mecânico no Veículo";"Queda de ocupante de veículo";"Com Vítimas Feridas";"Pleno dia";"Decrescente";"Céu Claro";"Dupla";"Reta";"Sim";2;0;2;0;0;0;2;1;-20,0642794414;-43,979031723;"SPRF-MG";"DEL01-MG";"UOP02-DEL01-MG"
190101;2019-02-08;"sexta-feira";"14:45:00";"SC";280;58,3;"GUARAMIRIM";"Falta de Atenção à Condução";"Colisão transversal";"Com Vítimas Feridas";"Pleno dia";"Decrescente";"Sol";"Simples";"Reta";"Sim";3;0;1;2;0;0;3;2;-26,47437617;-49,02406454;"SPRF-SC";"DEL03-SC";"UOP03-DEL03-SC"
190102;2019-01-18;"sexta-feira";"09:00:00";"PB";101;36,2;"MAMANGUAPE";"Falta de Atenção à Condução";"Colisão com objeto estático";"Com Vítimas Feridas";"Pleno dia";"Decrescente";"Nublado";"Dupla";"Curva";"Não";4;0;1;0;3;0;1;1;-6,8143;-35,1389;"SPRF-PB";"DEL01-PB";"UOP04-DEL01-PB"
190103;2019-02-08;"sexta-feira";"15:50:00";"PR";277;587,5;"CASCAVEL";"Não guardar distância de segurança";"Colisão frontal";"Com Vítimas Feridas";"Pleno dia";"Decrescente";"Céu Claro";"Simples";"Declive";"Sim";2;0;0;1;1;0;1;2;-25,02817;-53,55983;"SPRF-PR";"DEL04-PR";"UOP01-DEL04-PR"
190105;2019-02-08;"sexta-feira";"16:35:00";"SC";101;200;"SAO JOSE";"Desobediência às normas de trânsito pelo condutor";"Colisão lateral";"Com Vítimas Feridas";"Pleno dia";"Crescente";"Céu Claro";"Dupla";"Reta";"Não";3;0;2;0;1;0;2;2;-27,5485;-48,6196;"SPRF-SC";"DEL01-SC";"UOP01-DEL01-SC"
190107;2019-02-08;"sexta-feira";"14:30:00";"MG";365;611;"UBERLANDIA";"Defeito Mecânico no Veículo";"Colisão com objeto estático";"Com Vítimas Feridas";"Pleno dia";"Crescente";"Chuva";"Dupla";"Reta";"Não";2;0;0;2;0;0;2;1;-18,91373644;-48,17380428;"SPRF-MG";"DEL15-MG";"UOP01-DEL15-MG"
190109;2019-02-08;"sexta-feira";"16:30:00";"RS";290;88;"PORTO ALEGRE";"Não guardar distância de segurança";"Colisão traseira";"Com Vítimas Feridas";"Pleno dia";"Decrescente";"Chuva";"Dupla";"Reta";"Não";3;0;1;0;2;0;1;3;-29,967531;-51,137264;"SPRF-RS";"DEL01-RS";"UOP01-DEL01-RS"
190110;2019-02-08;"sexta-feira";"16:35:00";"SP";381;87;"SAO PAULO";"Defeito Mecânico no Veículo";"Tombamento";"Com Vítimas Feridas";"Pleno dia";"Decrescente";"Céu Claro";"Dupla";"Reta";"Sim";1;0;1;0;0;0;1;1;-23,47112664;-46,56531621;"SPRF-SP";"DEL03-SP";"UOP01-DEL03-SP"
190111;2019-02-08;"sexta-feira";"15:35:00";"MG";381;849;"POUSO ALEGRE";"Ingestão de Álcool";"Saída de leito carroçável";"Sem Vítimas";"Pleno dia";"Crescente";"Céu Claro";"Dupla";"Reta";"Não";1;0;0;0;1;0;0;1;-22,2389;-45,8802;"SPRF-MG";"DEL16-MG";"UOP01-DEL16-MG"
190112;2019-02-08;"sexta-feira";"16:50:00";"SP";116;74,5;"APARECIDA";"Desobediência às normas de trânsito pelo pedestre";"Atropelamento de Pedestre";"Com Vítimas Feridas";"Pleno dia";"Crescente";"Céu Claro";"Dupla";"Reta";"Não";4;0;0;1;1;2;1;2;-22,873539;-45,253201;"SPRF-SP";"DEL08-SP";"UOP01-DEL08-SP"
190113;2019-02-08;"sexta-feira";"17:01:00";"SC";470;90;"ASCURRA";"Falta de Atenção do Pedestre";"Atropelamento de Pedestre";"Com Vítimas Feridas";"Pleno dia";"Crescente";"Céu Claro";"Simples";"Reta";"Não";2;0;1;0;1;0;1;2;-26,969337;-49,367718;"SPRF-SC";"DEL04-SC";"UOP01-DEL04-SC"
190114;2019-02-08;"sexta-feira";"16:45:00";"DF";20;4,5;"BRASILIA";"Pista Escorregadia";"Tombamento";"Com Vítimas Feridas";"Pleno dia";"Crescente";"Chuva";"Múltipla";"Reta;Declive";"Sim";2;0;1;0;0;1;1;2;-15,675484;-47,823761;"SPRF-DF";"DEL02-DF";"UOP01-DEL02-DF"
190115;2019-02-08;"sexta-feira";"15:00:00";"BA";116;745;"BOA NOVA";"Falta de Atenção à Condução";"Colisão com objeto estático";"Sem Vítimas";"Pleno dia";"Decrescente";"Sol";"Simples";"Declive;Reta";"Não";1;0;0;0;1;0;0;1;-14,4363;-40,35285;"SPRF-BA";"DEL08-BA";"UOP02-DEL08-BA"
190117;2019-02-08;"sexta-feira";"17:20:00";"RS";290;22;"SANTO ANTONIO DA PATRULHA";"Agressão Externa";"Saída de leito carroçável";"Com Vítimas Feridas";"Pleno dia";"Decrescente";"Céu Claro";"Múltipla";"Reta";"Não";4;0;2;0;2;0;2;2;-29,888826;-50,474819;"SPRF-RS";"DEL03-RS";"UOP02-DEL03-RS"
190118;2019-02-08;"sexta-feira";"17:20:00";"SC";282;4,5;"FLORIANOPOLIS";"Não guardar distância de segurança";"Colisão traseira";"Com Vítimas Feridas";"Pleno dia";"Crescente";"Céu Claro";"Dupla";"Reta";"Sim";2;0;1;0;1;0;1;2;-27,592646;-48,604034;"SPRF-SC";"DEL01-SC";"UOP01-DEL01-SC"
190119;2019-02-08;"sexta-feira";"14:09:00";"SP";116;490;"CAJATI";"Falta de Atenção à Condução";"Queda de ocupante de veículo";"Com Vítimas Feridas";"Pleno dia";"Crescente";"Céu Claro";"Dupla";"Rotatória";"Não";1;0;1;0;0;0;1;1;-24,73155245;-48,1022644;"SPRF-SP";"DEL05-SP";"UAP01-DEL05-SP"
190121;2019-02-08;"sexta-feira";"15:55:00";"PR";376;179;"MARINGA";"Não guardar distância de segurança";"Colisão traseira";"Com Vítimas Feridas";"Pleno dia";"Crescente";"Céu Claro";"Dupla";"Reta";"Sim";3;0;1;0;2;0;1;2;-23,427254;-51,895123;"SPRF-PR";"DEL07-PR";"UOP01-DEL09-PR"
190124;2019-02-08;"sexta-feira";"17:55:00";"RS";290;88;"PORTO ALEGRE";"Não guardar distância de segurança";"Colisão traseira";"Com Vítimas Feridas";"Pleno dia";"Decrescente";"Céu Claro";"Dupla";"Reta";"Sim";2;0;1;0;1;0;1;2;-29,967531;-51,137264;"SPRF-RS";"DEL01-RS";"UOP01-DEL01-RS"
190127;2019-02-08;"sexta-feira";"16:40:00";"PI";343;345,4;"TERESINA";"Desobediência às normas de trânsito pelo condutor";"Colisão transversal";"Com Vítimas Feridas";"Pleno dia";"Crescente";"Céu Claro";"Simples";"Reta";"Sim";2;0;0;1;0;1;1;2;-5,102889;-42,766506;"SPRF-PI";"DEL01-PI";"UOP01-DEL01-PI"
190129;2019-02-08;"sexta-feira";"17:45:00";"SC";470;172,4;"POUSO REDONDO";"Falta de Atenção à Condução";"Colisão lateral";"Com Vítimas Feridas";"Pleno dia";"Crescente";"Sol";"Simples";"Reta";"Sim";4;0;3;0;1;0;3;2;-27,25958908;-49,91865098;"SPRF-SC";"DEL04-SC";"UOP02-DEL04-SC"
190131;2019-02-08;"sexta-feira";"17:18:00";"MT";163;827;"SINOP";"Falta de Atenção à Condução";"Colisão traseira";"Com Vítimas Feridas";"Pleno dia";"Crescente";"Sol";"Dupla";"Retorno Regulamentado";"Sim";2;0;0;1;1;0;1;2;-11,87332245;-55,49815267;"SPRF-MT";"DEL06-MT";"UOP01-DEL06-MT"
190136;2019-02-08;"sexta-feira";"16:50:00";"PB";101;11,3;"MATARACA";"Animais na Pista";"Colisão com objeto estático";"Com Vítimas Feridas";"Pleno dia";"Crescente";"Sol";"Dupla";"Reta";"Sim";5;0;1;0;4;0;1;1;-6,6035;-35,1404;"SPRF-PB";"DEL01-PB";"UOP04-DEL01-PB"
190137;2019-02-08;"sexta-feira";"17:30:00";"AL";316;118;"CACIMBINHAS";"Falta de Atenção à Condução";"Tombamento";"Com Vítimas Feridas";"Anoitecer";"Decrescente";"Céu Claro";"Simples";"Reta";"Não";1;0;0;1;0;0;1;1;-9,39969;-36,957218;"SPRF-AL";"DEL03-AL";"UOP01-DEL03-AL"
190138;2019-02-08;"sexta-feira";"17:30:00";"PA";230;120;"MARABA";"Desobediência às normas de trânsito pelo condutor";"Colisão transversal";"Com Vítimas Feridas";"Pleno dia";"Crescente";"Nublado";"Dupla";"Reta";"Sim";2;0;1;0;1;0;1;2;-5,36608622;-49,12617716;"SPRF-PA";"DEL03-PA";"UOP01-DEL03-PA"
190139;2019-02-08;"sexta-feira";"17:45:00";"PB";361;18,2;"SANTA TERESINHA";"Desobediência às normas de trânsito pelo condutor";"Colisão frontal";"Com Vítimas Fatais";"Anoitecer";"Crescente";"Céu Claro";"Simples";"Declive";"Não";5;1;0;0;4;0;0;2;-7,068707;-37,412446;"SPRF-PB";"DEL03-PB";"UOP01-DEL03-PB"
190141;2019-02-08;"sexta-feira";"18:30:00";"SC";101;213,5;"PALHOCA";"Falta de Atenção à Condução";"Queda de ocupante de veículo";"Com Vítimas Feridas";"Pleno dia";"Crescente";"Céu Claro";"Múltipla";"Reta";"Não";2;0;2;0;0;0;2;1;-27,6446;-48,6705;"SPRF-SC";"DEL01-SC";"UOP02-DEL01-SC"
190143;2019-02-08;"sexta-feira";"17:30:00";"SP";381;38;"ATIBAIA";"Falta de Atenção à Condução";"Colisão traseira";"Com Vítimas Feridas";"Pleno dia";"Decrescente";"Sol";"Simples";"Reta";"Sim";2;0;1;0;1;0;1;2;-23,113317;-46,571747;"SPRF-SP";"DEL03-SP";"UOP01-DEL03-SP"
190146;2019-02-08;"sexta-feira";"18:10:00";"PB";230;39;"SANTA RITA";"Sinalização da via insuficiente ou inadequada";"Tombamento";"Com Vítimas Feridas";"Plena Noite";"Crescente";"Nublado";"Dupla";"Reta";"Não";2;0;1;1;0;0;2;1;-7,1381;-34,9707;"SPRF-PB";"DEL01-PB";"UOP01-DEL01-PB"
190147;2019-02-08;"sexta-feira";"19:00:00";"GO";60;7;"SANTO ANTONIO DO DESCOBERTO";"Defeito Mecânico no Veículo";"Incêndio";"Sem Vítimas";"Plena Noite";"Decrescente";"Céu Claro";"Dupla";"Aclive";"Não";1;0;0;0;1;0;0;1;-16,104824;-48,295375;"SPRF-DF";"DEL01-DF";"UOP01-DEL03-DF"
190148;2019-02-08;"sexta-feira";"18:15:00";"RS";392;8,1;"RIO GRANDE";"Falta de Atenção à Condução";"Engavetamento";"Com Vítimas Feridas";"Pleno dia";"Crescente";"Céu Claro";"Simples";"Reta";"Não";4;0;2;0;2;0;2;3;-32,102467;-52,110695;"SPRF-RS";"DEL07-RS";"UOP02-DEL07-RS"
190149;2019-02-08;"sexta-feira";"18:45:00";"SE";235;34,5;"AREIA BRANCA";"Falta de Atenção à Condução";"Colisão transversal";"Com Vítimas Feridas";"Plena Noite";"Decrescente";"Céu Claro";"Simples";"Reta";"Sim";2;0;1;0;1;0;1;2;-10,76173164;-37,31898487;"SPRF-SE";"DEL01-SE";"UOP02-DEL01-SE"
190150;2019-02-08;"sexta-feira";"13:20:00";"MA";222;537;"BOM JESUS DAS SELVAS";"Falta de Atenção à Condução";"Colisão com objeto estático";"Com Vítimas Fatais";"Pleno dia";"Decrescente";"Céu Claro";"Simples";"Curva";"Não";1;1;0;0;0;0;0;1;-4,30310461;-46,50272369;"SPRF-MA";"DEL04-MA";"UOP03-DEL04-MA"
190151;2019-02-08;"sexta-feira";"17:50:00";"BA";116;826;"VITORIA DA CONQUISTA";"Restrição de Visibilidade";"Colisão traseira";"Com Vítimas Feridas";"Anoitecer";"Decrescente";"Céu Claro";"Dupla";"Interseção de Vias";"Sim";2;0;1;0;1;0;1;2;-14,87806976;-40,85447431;"SPRF-BA";"DEL08-BA";"UOP01-DEL08-BA"
190154;2019-02-08;"sexta-feira";"14:55:00";"SC";101;157;"PORTO BELO";"Não guardar distância de segurança";"Colisão traseira";"Com Vítimas Feridas";"Pleno dia";"Decrescente";"Céu Claro";"Dupla";"Reta";"Sim";2;0;1;0;1;0;1;2;-27,1901;-48,6123;"SPRF-SC";"DEL04-SC";"UOP03-DEL04-SC"
190156;2019-02-08;"sexta-feira";"18:50:00";"MG";262;56,5;"MANHUACU";"Falta de Atenção à Condução";"Colisão lateral";"Com Vítimas Feridas";"Pleno dia";"Crescente";"Céu Claro";"Simples";"Curva";"Sim";2;0;0;1;1;0;1;2;-20,266413;-42,182175;"SPRF-MG";"DEL06-MG";"UOP03-DEL06-MG"
190157;2019-02-08;"sexta-feira";"18:20:00";"AL";316;40;"CANAPI";"Animais na Pista";"Atropelamento de Animal";"Com Vítimas Feridas";"Plena Noite";"Decrescente";"Céu Claro";"Simples";"Declive";"Não";1;0;1;0;0;0;1;1;-9,131837;-37,567505;"SPRF-AL";"DEL03-AL";"UOP02-DEL03-AL"
190159;2019-02-08;"sexta-feira";"19:55:00";"PR";277;583,9;"CASCAVEL";"Falta de Atenção à Condução";"Colisão transversal";"Com Vítimas Feridas";"Anoitecer";"Decrescente";"Céu Claro";"Dupla";"Reta";"Sim";3;0;1;0;1;1;1;3;-24,96692358;-53,40244001;"SPRF-PR";"DEL04-PR";"UOP01-DEL04-PR"
190160;2019-02-08;"sexta-feira";"20:15:00";"PR";163;251;"TOLEDO";"Sinalização da via insuficiente ou inadequada";"Colisão transversal";"Com Vítimas Feridas";"Anoitecer";"Decrescente";"Céu Claro";"Simples";"Curva";"Não";5;0;1;0;4;0;1;2;-24,6897;-53,7579;"SPRF-PR";"DEL04-PR";"UOP01-DEL04-PR"
190161;2019-02-08;"sexta-feira";"17:15:00";"RO";364;343;"JI-PARANA";"Desobediência às normas de trânsito pelo condutor";"Colisão transversal";"Com Vítimas Feridas";"Anoitecer";"Decrescente";"Chuva";"Dupla";"Reta";"Sim";2;0;0;2;0;0;2;2;-10,878848;-61,944893;"SPRF-RO";"DEL02-RO";"UOP01-DEL02-RO"
190162;2019-02-08;"sexta-feira";"18:35:00";"MS";163;478,9;"CAMPO GRANDE";"Falta de Atenção à Condução";"Colisão traseira";"Sem Vítimas";"Pleno dia";"Decrescente";"Chuva";"Simples";"Reta";"Sim";2;0;0;0;2;0;0;2;-20,489121;-54,559278;"SPRF-MS";"DEL01-MS";"UOP01-DEL01-MS"
190163;2019-02-08;"sexta-feira";"20:10:00";"MG";365;620;"UBERLANDIA";"Não guardar distância de segurança";"Colisão com objeto em movimento";"Com Vítimas Feridas";"Plena Noite";"Decrescente";"Céu Claro";"Dupla";"Curva";"Sim";2;0;0;1;0;1;1;2;-18,88514268;-48,26577187;"SPRF-MG";"DEL15-MG";"UOP01-DEL15-MG"
190164;2019-02-08;"sexta-feira";"19:30:00";"SE";235;15,2;"NOSSA SENHORA DO SOCORRO";"Animais na Pista";"Atropelamento de Animal";"Sem Vítimas";"Plena Noite";"Crescente";"Nublado";"Simples";"Reta";"Não";4;0;0;0;4;0;0;2;-10,857119;-37,185043;"SPRF-SE";"DEL01-SE";"UOP01-DEL01-SE"
190166;2019-02-08;"sexta-feira";"17:47:00";"MG";116;415;"GOVERNADOR VALADARES";"Falta de Atenção à Condução";"Colisão transversal";"Com Vítimas Feridas";"Pleno dia";"Crescente";"Céu Claro";"Simples";"Interseção de Vias";"Sim";3;0;1;0;2;0;1;2;-18,8857681;-41,9495915;"SPRF-MG";"DEL06-MG";"UOP01-DEL06-MG"
190167;2019-02-08;"sexta-feira";"19:50:00";"SP";116;96,1;"PINDAMONHANGABA";"Desobediência às normas de trânsito pelo condutor";"Saída de leito carroçável";"Sem Vítimas";"Plena Noite";"Decrescente";"Nublado";"Dupla";"Reta;Aclive";"Não";1;0;0;0;1;0;0;1;-22,96958;-45,438957;"SPRF-SP";"DEL06-SP";"UOP01-DEL06-SP"
190168;2019-02-08;"sexta-feira";"19:30:00";"AL";101;172,6;"TEOTONIO VILELA";"Falta de Atenção do Pedestre";"Atropelamento de Pedestre";"Com Vítimas Fatais";"Plena Noite";"Decrescente";"Céu Claro";"Dupla";"Curva";"Não";2;1;0;0;1;0;0;2;-9,91000908;-36,33899689;"SPRF-AL";"DEL02-AL";"UOP02-DEL02-AL"
190169;2019-02-08;"sexta-feira";"17:15:00";"AC";364;65,1;"PLACIDO DE CASTRO";"Desobediência às normas de trânsito pelo condutor";"Colisão lateral";"Com Vítimas Feridas";"Anoitecer";"Crescente";"Chuva";"Simples";"Reta";"Sim";3;0;0;1;2;0;1;2;-10,06094353;-67,29595363;"SPRF-AC";"DEL01-AC";"UOP01-DEL01-AC"
190170;2019-02-04;"segunda-feira";"11:00:00";"MG";40;20;"PARACATU";"Mal Súbito";"Colisão lateral";"Sem Vítimas";"Pleno dia";"Crescente";"Céu Claro";"Simples";"Reta";"Não";2;0;0;0;2;0;0;1;-17,108927;-47,009045;"SPRF-MG";"DEL14-MG";"UOP01-DEL14-MG"
190171;2019-02-08;"sexta-feira";"19:40:00";"SP";381;82;"SAO PAULO";"Não guardar distância de segurança";"Colisão traseira";"Sem Vítimas";"Anoitecer";"Crescente";"Céu Claro";"Dupla";"Reta";"Sim";3;0;0;0;3;0;0;3;-23,42634722;-46,57287431;"SPRF-SP";"DEL03-SP";"UOP01-DEL03-SP"
190172;2019-02-08;"sexta-feira";"12:30:00";"PI";230;199,4;"OEIRAS";"Ingestão de Álcool";"Colisão frontal";"Com Vítimas Feridas";"Pleno dia";"Decrescente";"Céu Claro";"Simples";"Curva";"Sim";5;0;0;5;0;0;5;2;-7,018663;-42,143066;"SPRF-PI";"DEL04-PI";"UOP01-DEL04-PI"
190173;2019-02-08;"sexta-feira";"19:00:00";"CE";116;167;"RUSSAS";"Animais na Pista";"Atropelamento de Animal";"Com Vítimas Feridas";"Plena Noite";"Decrescente";"Céu Claro";"Simples";"Reta";"Não";1;0;1;0;0;0;1;1;-4,929619;-37,989922;"SPRF-CE";"DEL03-CE";"UOP01-DEL03-CE"
190174;2019-02-08;"sexta-feira";"20:30:00";"GO";60;92;"ANAPOLIS";"Desobediência às normas de trânsito pelo condutor";"Colisão lateral";"Com Vítimas Feridas";"Plena Noite";"Crescente";"Céu Claro";"Dupla";"Retorno Regulamentado;Reta";"Sim";3;0;1;0;1;1;1;3;-16,353;-48,9178;"SPRF-GO";"DEL02-GO";"UOP01-DEL02-GO"
190175;2019-02-08;"sexta-feira";"20:30:00";"GO";60;97,1;"ANAPOLIS";"Falta de Atenção à Condução";"Colisão lateral";"Com Vítimas Feridas";"Plena Noite";"Crescente";"Nublado";"Dupla";"Reta";"Sim";3;0;3;0;0;0;3;2;-16,3774;-48,9483;"SPRF-GO";"DEL02-GO";"UOP01-DEL02-GO"
190176;2019-02-08;"sexta-feira";"20:40:00";"RJ";40;115,1;"DUQUE DE CAXIAS";"Avarias e/ou desgaste excessivo no pneu";"Tombamento";"Com Vítimas Feridas";"Plena Noite";"Decrescente";"Céu Claro";"Múltipla";"Reta";"Sim";2;0;2;0;0;0;2;1;-22,7374;-43,2883;"SPRF-RJ";"DEL01-RJ";"UOP01-DEL01-RJ"
190178;2019-02-08;"sexta-feira";"18:30:00";"PE";101;30,2;"ITAPISSUMA";"Desobediência às normas de trânsito pelo condutor";"Atropelamento de Pedestre";"Com Vítimas Feridas";"Plena Noite";"Decrescente";"Chuva";"Dupla";"Curva;Aclive";"Não";2;0;0;1;0;1;1;2;-7,7457;-34,9381;"SPRF-PE";"DEL01-PE";"UOP02-DEL01-PE"
190179;2019-02-08;"sexta-feira";"14:45:00";"RO";435;84;"COLORADO DO OESTE";"Restrição de Visibilidade";"Colisão lateral";"Com Vítimas Feridas";"Pleno dia";"Crescente";"Céu Claro";"Dupla";"Interseção de Vias;Aclive";"Não";2;0;1;0;1;0;1;2;-13,12052268;-60,54193318;"SPRF-RO";"DEL04-RO";"UOP02-DEL04-RO"
190180;2019-02-08;"sexta-feira";"19:20:00";"MA";135;12,9;"SAO LUIS";"Desobediência às normas de trânsito pelo condutor";"Colisão transversal";"Com Vítimas Feridas";"Plena Noite";"Crescente";"Garoa/Chuvisco";"Dupla";"Retorno Regulamentado";"Sim";2;0;0;1;1;0;1;2;-2,67970319;-44,29490274;"SPRF-MA";"DEL01-MA";"UOP01-DEL01-MA"
190181;2019-02-08;"sexta-feira";"21:17:00";"SC";101;125,2;"ITAJAI";"Desobediência às normas de trânsito pelo pedestre";"Atropelamento de Pedestre";"Com Vítimas Fatais";"Plena Noite";"Decrescente";"Céu Claro";"Dupla";"Reta";"Sim";3;1;0;0;0;2;0;2;-26,9557;-48,6796;"SPRF-SC";"DEL04-SC";"UOP04-DEL04-SC"
190182;2019-02-08;"sexta-feira";"20:55:00";"PR";476;126;"CURITIBA";"Falta de Atenção à Condução";"Queda de ocupante de veículo";"Com Vítimas Feridas";"Plena Noite";"Decrescente";"Céu Claro";"Múltipla";"Interseção de Vias";"Sim";2;0;1;1;0;0;2;1;-25,416758;-49,223446;"SPRF-PR";"DEL01-PR";"UOP07-DEL01-PR"
190183;2019-02-08;"sexta-feira";"21:10:00";"SC";101;211;"SAO JOSE";"Falta de Atenção à Condução";"Colisão com objeto estático";"Sem Vítimas";"Plena Noite";"Decrescente";"Garoa/Chuvisco";"Dupla";"Reta";"Não";1;0;0;0;1;0;0;1;-27,6301;-48,659;"SPRF-SC";"DEL01-SC";"UOP02-DEL01-SC"
190185;2019-02-08;"sexta-feira";"19:20:00";"RO";364;344,5;"JI-PARANA";"Falta de Atenção à Condução";"Atropelamento de Pedestre";"Com Vítimas Fatais";"Plena Noite";"Decrescente";"Chuva";"Simples";"Reta";"Sim";2;1;0;0;1;0;0;2;-10,87117105;-61,95683068;"SPRF-RO";"DEL02-RO";"UOP01-DEL02-RO"
190186;2019-02-08;"sexta-feira";"21:15:00";"MG";40;276,4;"TRES MARIAS";"Defeito na Via";"Atropelamento de Pedestre";"Com Vítimas Feridas";"Pleno dia";"Crescente";"Nublado";"Simples";"Reta";"Sim";2;0;1;0;0;1;1;2;-18,206104;-45,231159;"SPRF-MG";"DEL14-MG";"UOP02-DEL14-MG"