"id";"data_inversa";"dia_semana";"horario";"uf";"br";"km";"municipio";"causa_acidente";"tipo_acidente";"classificacao_acidente";"fase_dia";"sentido_via";"condicao_metereologica";"tipo_pista";"tracado_via";"uso_solo";"pessoas";"mortos";"feridos_leves";"feridos_graves";"ilesos";"ignorados";"feridos";"veiculos";"latitude";"longitude";"regional";"delegacia";"uop"
190423;2019-02-10;"domingo";"04:15:00";"SE";235;3;"ARACAJU";"Velocidade Incompatível";"Saída de leito carroçável";"Com Vítimas Feridas";"Plena Noite";"Crescente";"Céu Claro";"Dupla";"Reta";"Sim";1;0;0;1;0;0;1;1;-10,90624908;-37,10251451;"SPRF-SE";"DEL01-SE";"UOP01-DEL01-SE"
190424;2019-02-10;"domingo";"04:38:00";"PR";116;95;"SAO JOSE DOS PINHAIS";"Ingestão de Álcool";"Saída de leito carroçável";"Sem Vítimas";"Plena Noite";"Decrescente";"Céu Claro";"Dupla";"Reta";"Não";1;0;0;0;1;0;0;1;-25,497253;-49,117657;"SPRF-PR";"DEL01-PR";"UOP01-DEL01-PR"
190425;2019-02-10;"domingo";"04:40:00";"MA";10;298,8;"CIDELANDIA";"Falta de Atenção à Condução";"Colisão lateral";"Com Vítimas Feridas";"Plena Noite";"Decrescente";"Nublado";"Simples";"Aclive;Reta";"Não";4;0;0;2;1;1;2;3;-5,131289;-47,5453;"SPRF-MA";"DEL04-MA";"UOP03-DEL04-MA"
190426;2019-02-10;"domingo";"05:15:00";"GO";153;533,8;"HIDROLANDIA";"Condutor Dormindo";"Saída de leito carroçável";"Com Vítimas Feridas";"Plena Noite";"Crescente";"Céu Claro";"Dupla";"Curva";"Não";1;0;1;0;0;0;1;1;-16,9941;-49,2281;"SPRF-GO";"DEL01-GO";"UOP03-DEL01-GO"
190427;2019-02-10;"domingo";"03:00:00";"PI";343;590,8;"FLORIANO";"Ingestão de Álcool";"Colisão frontal";"Com Vítimas Feridas";"Plena Noite";"Decrescente";"Céu Claro";"Dupla";"Reta";"Não";5;0;2;1;2;0;3;2;-6,783895;-43,015095;"SPRF-PI";"DEL03-PI";"UOP01-DEL03-PI"
190428;2019-02-10;"domingo";"05:30:00";"RJ";393;289;"VOLTA REDONDA";"Desobediência às normas de trânsito pelo condutor";"Colisão traseira";"Com Vítimas Feridas";"Amanhecer";"Crescente";"Céu Claro";"Dupla";"Reta";"Não";2;0;2;0;0;0;2;2;-22,510941;-44,084461;"SPRF-RJ";"DEL05-RJ";"UOP04-DEL05-RJ"
190429;2019-02-10;"domingo";"04:40:00";"PR";369;194,3;"ARAPONGAS";"Condutor Dormindo";"Saída de leito carroçável";"Com Vítimas Feridas";"Plena Noite";"Crescente";"Céu Claro";"Dupla";"Reta";"Não";1;0;1;0;0;0;1;1;-23,47430797;-51,42395496;"SPRF-PR";"DEL07-PR";"UOP03-DEL07-PR"
190430;2019-02-10;"domingo";"04:45:00";"RJ";101;295,8;"ITABORAI";"Desobediência às normas de trânsito pelo condutor";"Capotamento";"Com Vítimas Feridas";"Plena Noite";"Crescente";"Céu Claro";"Dupla";"Reta";"Não";8;0;6;1;1;0;7;3;-22,763668;-42,90226;"SPRF-RJ";"DEL02-RJ";"DEL5/2-UOP04/RJ"
190432;2019-02-10;"domingo";"04:40:00";"TO";153;676,9;"CARIRI DO TOCANTINS";"Ingestão de Álcool";"Tombamento";"Com Vítimas Feridas";"Plena Noite";"Decrescente";"Céu Claro";"Simples";"Reta";"Não";2;0;1;1;0;0;2;1;-11,782527;-49,111706;"SPRF-TO";"DEL02-TO";"UOP02-DEL01-TO"
190433;2019-02-10;"domingo";"04:00:00";"PR";369;246;"BOM SUCESSO";"Ingestão de Álcool";"Colisão com objeto estático";"Com Vítimas Fatais";"Plena Noite";"Crescente";"Céu Claro";"Simples";"Ponte";"Não";1;1;0;0;0;0;0;1;-23,70389026;-51,74414366;"SPRF-PR";"DEL07-PR";"UOP03-DEL07-PR"
190434;2019-02-10;"domingo";"05:40:00";"SC";101;243;"PALHOCA";"Condutor Dormindo";"Colisão traseira";"Com Vítimas Feridas";"Amanhecer";"Crescente";"Céu Claro";"Múltipla";"Reta";"Sim";4;0;1;1;2;0;2;2;-27,8961;-48,6484;"SPRF-SC";"DEL01-SC";"UOP02-DEL01-SC"
190437;2019-02-10;"domingo";"05:40:00";"BA";101;174;"SAO GONCALO DOS CAMPOS";"Ingestão de Álcool";"Colisão lateral";"Com Vítimas Feridas";"Pleno dia";"Crescente";"Céu Claro";"Simples";"Reta";"Não";2;0;1;0;1;0;1;2;-12,381;-38,8815;"SPRF-BA";"DEL01-BA";"UOP03-DEL01-BA"
190438;2019-02-10;"domingo";"07:00:00";"SC";101;49,5;"JOINVILLE";"Ingestão de Álcool";"Saída de leito carroçável";"Com Vítimas Feridas";"Amanhecer";"Crescente";"Céu Claro";"Simples";"Reta";"Não";1;0;1;0;0;0;1;1;-26,3869;-48,8425;"SPRF-SC";"DEL03-SC";"UOP01-DEL03-SC"
190439;2019-02-10;"domingo";"07:00:00";"SC";470;142;"RIO DO SUL";"Ingestão de Álcool";"Saída de leito carroçável";"Com Vítimas Feridas";"Pleno dia";"Decrescente";"Céu Claro";"Simples";"Curva";"Não";1;0;1;0;0;0;1;1;-27,229801;-49,6693;"SPRF-SC";"DEL04-SC";"UOP02-DEL04-SC"
190440;2019-02-10;"domingo";"05:00:00";"PR";153;339;"IRATI";"Ingestão de álcool e/ou substâncias psicoativas pelo pedestre";"Saída de leito carroçável";"Sem Vítimas";"Plena Noite";"Crescente";"Céu Claro";"Simples";"Reta";"Sim";1;0;0;0;1;0;0;1;-25,523838;-50,6539;"SPRF-PR";"DEL03-PR";"UOP02-DEL08-PR"
190442;2019-02-10;"domingo";"05:30:00";"MG";116;696,1;"MURIAE";"Ingestão de Álcool";"Saída de leito carroçável";"Com Vítimas Feridas";"Plena Noite";"Decrescente";"Céu Claro";"Simples";"Reta";"Não";1;0;1;0;0;0;1;1;-21,0571963;-42,36828893;"SPRF-MG";"DEL07-MG";"UOP02-DEL07-MG"
190443;2019-02-10;"domingo";"07:00:00";"SC";470;141,1;"RIO DO SUL";"Condutor Dormindo";"Colisão com objeto estático";"Com Vítimas Feridas";"Pleno dia";"Crescente";"Nublado";"Simples";"Ponte";"Sim";1;0;1;0;0;0;1;1;-27,226065;-49,666161;"SPRF-SC";"DEL04-SC";"UOP02-DEL04-SC"
190446;2019-02-10;"domingo";"06:00:00";"PR";116;126;"FAZENDA RIO GRANDE";"Falta de Atenção à Condução";"Colisão traseira";"Com Vítimas Feridas";"Pleno dia";"Decrescente";"Nublado";"Dupla";"Reta";"Não";3;0;2;0;1;0;2;3;-25,621508;-49,316216;"SPRF-PR";"DEL01-PR";"UOP03-DEL01-PR"
190447;2019-02-10;"domingo";"06:20:00";"PI";343;348,4;"TERESINA";"Falta de Atenção à Condução";"Colisão transversal";"Com Vítimas Feridas";"Pleno dia";"Crescente";"Céu Claro";"Dupla";"Interseção de Vias";"Sim";2;0;0;1;1;0;1;2;-5,11994671;-42,78928041;"SPRF-PI";"DEL01-PI";"UOP01-DEL01-PI"
190448;2019-02-10;"domingo";"06:10:00";"PR";116;122;"CURITIBA";"Falta de Atenção à Condução";"Colisão com objeto estático";"Sem Vítimas";"Amanhecer";"Crescente";"Céu Claro";"Dupla";"Retorno Regulamentado";"Sim";1;0;0;0;1;0;0;1;-25,60964238;-49,31968689;"SPRF-PR";"DEL01-PR";"UOP03-DEL01-PR"
190449;2019-02-10;"domingo";"05:30:00";"RO";174;13,5;"VILHENA";"Falta de Atenção à Condução";"Colisão traseira";"Com Vítimas Feridas";"Amanhecer";"Crescente";"Nublado";"Simples";"Reta";"Sim";2;0;1;0;1;0;1;2;-12,7414;-60,130264;"SPRF-RO";"DEL04-RO";"UOP01-DEL04-RO"
190450;2019-02-10;"domingo";"06:00:00";"SC";282;527,6;"CORDILHEIRA ALTA";"Velocidade Incompatível";"Capotamento";"Sem Vítimas";"Amanhecer";"Crescente";"Céu Claro";"Simples";"Curva";"Não";1;0;0;0;1;0;0;1;-26,973196;-52,583321;"SPRF-SC";"DEL07-SC";"UOP01-DEL07-SC"
190451;2019-02-10;"domingo";"05:15:00";"RO";364;694;"CANDEIAS DO JAMARI";"Falta de Atenção à Condução";"Saída de leito carroçável";"Com Vítimas Feridas";"Amanhecer";"Crescente";"Nublado";"Dupla";"Retorno Regulamentado";"Não";1;0;0;1;0;0;1;1;-8,79625536;-63,68676446;"SPRF-RO";"DEL01-RO";"UOP01-DEL01-RO"
190454;2019-02-10;"domingo";"06:20:00";"SC";116;261;"CAPAO ALTO";"Ingestão de Álcool";"Colisão lateral";"Sem Vítimas";"Amanhecer";"Crescente";"Céu Claro";"Simples";"Curva";"Não";2;0;0;0;2;0;0;2;-27,952471;-50,47995;"SPRF-SC";"DEL05-SC";"UOP02-DEL05-SC"
190455;2019-02-10;"domingo";"06:20:00";"RO";364;100,1;"VILHENA";"Condutor Dormindo";"Saída de leito carroçável";"Com Vítimas Fatais";"Plena Noite";"Crescente";"Ignorado";"Simples";"Curva";"Não";1;1;0;0;0;0;0;1;-12,272298;-60,642097;"SPRF-RO";"DEL04-RO";"DEL21/4-UOP03/RO"
190456;2019-01-25;"sexta-feira";"08:00:00";"MS";60;573;"GUIA LOPES DA LAGUNA";"Defeito Mecânico no Veículo";"Tombamento";"Com Vítimas Feridas";"Pleno dia";"Crescente";"Céu Claro";"Simples";"Reta";"Não";2;0;2;0;0;0;2;1;-21,414553;-56,052956;"SPRF-MS";"DEL05-MS";"UOP01-DEL05-MS"
190459;2019-02-10;"domingo";"08:40:00";"RS";386;241,4;"SOLEDADE";"Animais na Pista";"Colisão traseira";"Com Vítimas Feridas";"Pleno dia";"Decrescente";"Nublado";"Simples";"Reta";"Não";6;0;3;0;3;0;3;3;-28,774895;-52,533451;"SPRF-RS";"DEL04-RS";"NPF/DEL04-RS"
190460;2019-02-10;"domingo";"08:35:00";"RS";101;82,5;"OSORIO";"Condutor Dormindo";"Saída de leito carroçável";"Sem Vítimas";"Pleno dia";"Crescente";"Nublado";"Dupla";"Reta";"Não";2;0;0;0;2;0;0;1;-29,85564036;-50,24743265;"SPRF-RS";"DEL03-RS";"UOP01-DEL03-RS"
190461;2019-02-10;"domingo";"09:00:00";"RS";116;512,6;"PELOTAS";"Avarias e/ou desgaste excessivo no pneu";"Queda de ocupante de veículo";"Com Vítimas Feridas";"Pleno dia";"Decrescente";"Céu Claro";"Dupla";"Reta";"Não";2;0;2;0;0;0;2;1;-31,6151667;-52,3134635;"SPRF-RS";"DEL07-RS";"UOP01-DEL07-RS"
190464;2019-02-10;"domingo";"08:40:00";"RS";290;181,9;"MINAS DO LEAO";"Não guardar distância de segurança";"Colisão traseira";"Com Vítimas Feridas";"Pleno dia";"Crescente";"Nublado";"Simples";"Reta";"Não";4;0;1;0;3;0;1;2;-30,140005;-52,023026;"SPRF-RS";"DEL02-RS";"UOP02-DEL02-RS"
190465;2019-02-10;"domingo";"09:25:00";"PR";277;590;"CASCAVEL";"Desobediência às normas de trânsito pelo condutor";"Colisão frontal";"Com Vítimas Feridas";"Pleno dia";"Decrescente";"Nublado";"Múltipla";"Reta";"Sim";2;0;1;0;1;0;1;2;-25,02817;-53,55983;"SPRF-PR";"DEL04-PR";"UOP01-DEL04-PR"
190466;2019-02-09;"sábado";"23:40:00";"MT";158;600;"AGUA BOA";"Restrição de Visibilidade";"";"Com Vítimas Feridas";"Plena Noite";"Crescente";"Céu Claro";"Simples";"Reta";"Não";2;0;1;0;1;0;1;2;-13,89;-52,066;"SPRF-MT";"DEL07-MT";"UOP02-DEL07-MT"
190467;2019-02-10;"domingo";"08:00:00";"CE";222;16;"CAUCAIA";"Falta de Atenção à Condução";"Colisão transversal";"Com Vítimas Feridas";"Pleno dia";"Crescente";"Céu Claro";"Simples";"Reta";"Não";2;0;0;1;1;0;1;2;-3,757321;-38,703461;"SPRF-CE";"DEL01-CE";"UOP01-DEL01-CE"
190468;2019-02-09;"sábado";"22:50:00";"RO";364;852;"PORTO VELHO";"Defeito na Via";"Saída de leito carroçável";"Com Vítimas Feridas";"Plena Noite";"Crescente";"Chuva";"Simples";"Reta";"Não";2;0;1;0;1;0;1;1;-9,674507;-65,44786;"SPRF-RO";"DEL01-RO";"UOP02-DEL01-RO"
190469;2019-02-10;"domingo";"08:30:00";"PB";101;104,8;"ALHANDRA";"Avarias e/ou desgaste excessivo no pneu";"Colisão com objeto estático";"Com Vítimas Feridas";"Pleno dia";"Decrescente";"Garoa/Chuvisco";"Dupla";"Reta";"Não";1;0;1;0;0;0;1;1;-7,3174;-34,9466;"SPRF-PB";"DEL01-PB";"UOP01-DEL01-PB"
190470;2019-02-10;"domingo";"09:50:00";"RJ";393;261;"BARRA DO PIRAI";"Animais na Pista";"Atropelamento de Animal";"Sem Vítimas";"Pleno dia";"Decrescente";"Céu Claro";"Simples";"Reta";"Não";2;0;0;0;1;1;0;2;-22,457211;-43,842072;"SPRF-RJ";"DEL05-RJ";"UOP04-DEL05-RJ"
190472;2019-02-10;"domingo";"09:55:00";"RJ";101;58;"CAMPOS DOS GOYTACAZES";"Não guardar distância de segurança";"Colisão traseira";"Com Vítimas Feridas";"Pleno dia";"Decrescente";"Céu Claro";"Simples";"Reta";"Sim";2;0;2;0;0;0;2;2;-21,704865;-41,309799;"SPRF-RJ";"DEL08-RJ";"UOP01-DEL08-RJ"
190473;2019-02-10;"domingo";"08:50:00";"SC";101;21,6;"JOINVILLE";"Objeto estático sobre o leito carroçável";"Tombamento";"Com Vítimas Feridas";"Pleno dia";"Decrescente";"Céu Claro";"Dupla";"Reta";"Não";1;0;1;0;0;0;1;1;-26,1569;-48,9077;"SPRF-SC";"DEL03-SC";"UOP01-DEL03-SC"
190474;2019-02-10;"domingo";"08:20:00";"MG";262;375;"JUATUBA";"Desobediência às normas de trânsito pelo condutor";"Queda de ocupante de veículo";"Com Vítimas Feridas";"Pleno dia";"Crescente";"Céu Claro";"Dupla";"Reta";"Não";1;0;1;0;0;0;1;1;-19,9304;-44,3987;"SPRF-MG";"DEL01-MG";"UOP03-DEL01-MG"
190475;2019-02-10;"domingo";"08:00:00";"SP";116;214;"GUARULHOS";"Falta de Atenção à Condução";"Colisão com objeto estático";"Sem Vítimas";"Pleno dia";"Decrescente";"Sol";"Múltipla";"Reta";"Sim";1;0;0;0;0;1;0;1;-23,44519758;-46,44939262;"SPRF-SP";"DEL01-SP";"UOP01-DEL01-SP"
190476;2019-02-10;"domingo";"04:30:00";"RR";174;605;"AMAJARI";"Falta de Atenção do Pedestre";"Atropelamento de Pedestre";"Com Vítimas Fatais";"Amanhecer";"Crescente";"Nublado";"Simples";"Reta";"Não";6;1;3;0;1;1;3;3;3,646109;-60,973557;"SPRF-RR";"DEL01-RR";"UOP01-DEL01-RR"
190477;2019-02-10;"domingo";"08:30:00";"MG";40;288,5;"TRES MARIAS";"Ultrapassagem Indevida";"Colisão frontal";"Com Vítimas Feridas";"Pleno dia";"Crescente";"Céu Claro";"Simples";"Reta;Aclive";"Não";4;0;0;4;0;0;4;2;-18,249525;-45,165348;"SPRF-MG";"DEL14-MG";"UOP02-DEL14-MG"
190483;2019-02-10;"domingo";"10:50:00";"PR";376;202,2;"MANDAGUARI";"Defeito Mecânico no Veículo";"Tombamento";"Com Vítimas Feridas";"Pleno dia";"Decrescente";"Céu Claro";"Dupla";"Reta";"Não";2;0;0;2;0;0;2;1;-23,509514;-51,721405;"SPRF-PR";"DEL07-PR";"UOP01-DEL09-PR"
190484;2019-02-10;"domingo";"11:30:00";"PR";277;53,5;"SAO JOSE DOS PINHAIS";"Não guardar distância de segurança";"Queda de ocupante de veículo";"Com Vítimas Feridas";"Pleno dia";"Crescente";"Sol";"Dupla";"Curva";"Não";2;0;1;0;1;0;1;2;-25,58815793;-48,94641459;"SPRF-PR";"DEL01-PR";"UOP07-DEL01-PR"
190485;2019-02-10;"domingo";"11:20:00";"MG";381;651,6;"SANTO ANTONIO DO AMPARO";"Pista Escorregadia";"Capotamento";"Com Vítimas Feridas";"Pleno dia";"Crescente";"Sol";"Dupla";"Curva";"Não";2;0;1;0;1;0;1;1;-20,9618;-44,9281;"SPRF-MG";"DEL04-MG";"UOP02-DEL04-MG"
190486;2019-02-10;"domingo";"12:10:00";"PR";277;660;"MATELANDIA";"Pista Escorregadia";"Queda de ocupante de veículo";"Com Vítimas Feridas";"Pleno dia";"Decrescente";"Chuva";"Dupla";"Curva";"Sim";2;0;2;0;0;0;2;1;-25,251387;-53,990307;"SPRF-PR";"DEL05-PR";"UOP02-DEL05-PR"
190487;2019-02-10;"domingo";"12:00:00";"MG";262;34,1;"MANHUACU";"Falta de Atenção à Condução";"Colisão transversal";"Com Vítimas Feridas";"Pleno dia";"Crescente";"Céu Claro";"Simples";"Rotatória";"Não";2;0;1;0;1;0;1;2;-20,256927;-42,011028;"SPRF-MG";"DEL06-MG";"UOP03-DEL06-MG"
190488;2019-02-10;"domingo";"10:00:00";"MG";262;375,5;"JUATUBA";"Ingestão de Álcool";"Saída de leito carroçável";"Sem Vítimas";"Pleno dia";"Decrescente";"Céu Claro";"Dupla";"Reta";"Não";1;0;0;0;1;0;0;1;-19,9304;-44,3987;"SPRF-MG";"DEL01-MG";"UOP03-DEL01-MG"
190489;2019-02-10;"domingo";"11:50:00";"RS";386;400,8;"TRIUNFO";"Velocidade Incompatível";"Saída de leito carroçável";"Com Vítimas Feridas";"Pleno dia";"Decrescente";"Chuva";"Dupla";"Reta";"Não";2;0;2;0;0;0;2;1;-29,751001;-51,599842;"SPRF-RS";"DEL04-RS";"UOP02-DEL04-RS"
190490;2019-02-10;"domingo";"12:35:00";"ES";101;27,4;"CONCEICAO DA BARRA";"Falta de Atenção à Condução";"Queda de ocupante de veículo";"Com Vítimas Feridas";"Pleno dia";"Crescente";"Céu Claro";"Simples";"Reta";"Não";1;0;1;0;0;0;1;1;-18,383749;-39,944786;"SPRF-ES";"DEL04-ES";"UOP02-DEL04-ES"
190491;2019-02-10;"domingo";"13:00:00";"DF";60;15,9;"BRASILIA";"Pista Escorregadia";"Capotamento";"Com Vítimas Fatais";"Pleno dia";"Decrescente";"Chuva";"Simples";"Reta";"Sim";2;1;0;1;0;0;1;1;-15,96174943;-48,17873955;"SPRF-DF";"DEL01-DF";"UOP01-DEL03-DF"
190492;2019-02-10;"domingo";"12:45:00";"DF";70;3;"BRASILIA";"Pista Escorregadia";"Saída de leito carroçável";"Com Vítimas Feridas";"Pleno dia";"Crescente";"Chuva";"Dupla";"Reta";"Sim";2;0;2;0;0;0;2;1;-15,802453;-48,080387;"SPRF-DF";"DEL01-DF";"UOP02-DEL03-DF"
190493;2019-02-10;"domingo";"13:10:00";"SP";153;55,8;"SAO JOSE DO RIO PRETO";"Defeito na Via";"Tombamento";"Com Vítimas Feridas";"Pleno dia";"Crescente";"Nublado";"Simples";"Rotatória";"Sim";2;0;2;0;0;0;2;1;-20,76215803;-49,34668634;"SPRF-SP";"DEL09-SP";"UOP01-DEL09-SP"
190494;2019-02-10;"domingo";"13:25:00";"PR";376;178;"MARINGA";"Falta de Atenção à Condução";"Colisão com objeto estático";"Com Vítimas Feridas";"Pleno dia";"Crescente";"Sol";"Dupla";"Reta";"Sim";1;0;1;0;0;0;1;1;-23,412691;-51,931583;"SPRF-PR";"DEL07-PR";"UOP01-DEL09-PR"
190496;2019-02-10;"domingo";"12:40:00";"SP";116;227,8;"SAO PAULO";"Velocidade Incompatível";"Capotamento";"Com Vítimas Feridas";"Pleno dia";"Crescente";"Sol";"Múltipla";"Reta";"Sim";1;0;1;0;0;0;1;1;-23,50196562;-46,56427234;"SPRF-SP";"DEL01-SP";"UOP01-DEL01-SP"
190497;2019-02-10;"domingo";"13:25:00";"PR";116;92;"SAO JOSE DOS PINHAIS";"Velocidade Incompatível";"Tombamento";"Com Vítimas Feridas";"Pleno dia";"Decrescente";"Sol";"Dupla";"Curva;Declive";"Não";1;0;0;1;0;0;1;1;-25,51128073;-49,12956655;"SPRF-PR";"DEL01-PR";"UOP01-DEL01-PR"
190498;2019-02-10;"domingo";"10:05:00";"SC";280;84,8;"CORUPA";"Não guardar distância de segurança";"Tombamento";"Com Vítimas Feridas";"Pleno dia";"Decrescente";"Céu Claro";"Simples";"Curva";"Não";2;0;2;0;0;0;2;1;-26,43589;-49,243515;"SPRF-SC";"DEL06-SC";"UOP03-DEL06-SC"
190499;2019-02-10;"domingo";"12:45:00";"RJ";40;112;"DUQUE DE CAXIAS";"Mal Súbito";"Colisão com objeto estático";"Com Vítimas Feridas";"Pleno dia";"Decrescente";"Sol";"Dupla";"Reta";"Sim";1;0;1;0;0;0;1;1;-22,7102;-43,2902;"SPRF-RJ";"DEL01-RJ";"UOP01-DEL01-RJ"
190500;2019-02-10;"domingo";"13:58:00";"SC";470;45,3;"BLUMENAU";"Ultrapassagem Indevida";"Colisão frontal";"Com Vítimas Feridas";"Pleno dia";"Crescente";"Sol";"Simples";"Reta";"Não";4;0;2;0;2;0;2;3;-26,867064;-49,031109;"SPRF-SC";"DEL04-SC";"UOP01-DEL04-SC"
190501;2019-02-10;"domingo";"14:08:00";"RS";470;188,5;"VERANOPOLIS";"Velocidade Incompatível";"Colisão transversal";"Com Vítimas Feridas";"Pleno dia";"Crescente";"Chuva";"Simples";"Curva";"Não";5;0;3;0;2;0;3;2;-29,0069124;-51,5616015;"SPRF-RS";"DEL06-RS";"UOP02-DEL06-RS"
190502;2019-02-10;"domingo";"14:00:00";"SC";282;5;"SAO JOSE";"Falta de Atenção à Condução";"Colisão lateral";"Com Vítimas Feridas";"Pleno dia";"Decrescente";"Céu Claro";"Dupla";"Reta";"Sim";3;0;1;1;1;0;2;2;-27,588425;-48,612919;"SPRF-SC";"DEL01-SC";"UOP01-DEL01-SC"
190503;2019-02-10;"domingo";"13:45:00";"PR";376;633,6;"SAO JOSE DOS PINHAIS";"Falta de Atenção à Condução";"Colisão traseira";"Com Vítimas Feridas";"Pleno dia";"Crescente";"Céu Claro";"Múltipla";"Reta";"Não";5;0;4;1;0;0;5;2;-25,73774577;-49,1312027;"SPRF-PR";"DEL01-PR";"DEL7/1-UOP08/PR"
190504;2019-02-10;"domingo";"12:20:00";"SC";101;346;"TREZE DE MAIO";"Condutor Dormindo";"Saída de leito carroçável";"Com Vítimas Feridas";"Pleno dia";"Crescente";"Céu Claro";"Dupla";"Reta";"Não";1;0;1;0;0;0;1;1;-28,5626;-49,0543;"SPRF-SC";"DEL02-SC";"UOP01-DEL02-SC"
190505;2019-02-10;"domingo";"10:00:00";"RO";364;730;"PORTO VELHO";"Defeito Mecânico no Veículo";"Capotamento";"Com Vítimas Feridas";"Pleno dia";"Crescente";"Céu Claro";"Simples";"Reta";"Não";3;0;1;0;2;0;1;1;-8,88524126;-63,95356178;"SPRF-RO";"DEL01-RO";"UOP01-DEL01-RO"
190506;2019-02-10;"domingo";"13:25:00";"PR";373;190,4;"PONTA GROSSA";"Desobediência às normas de trânsito pelo condutor";"Colisão com objeto estático";"Com Vítimas Feridas";"Pleno dia";"Decrescente";"Céu Claro";"Simples";"Curva";"Não";2;0;2;0;0;0;2;1;-25,05222937;-50,30017468;"SPRF-PR";"DEL03-PR";"UOP01-DEL03-PR"
190507;2019-02-10;"domingo";"14:00:00";"SC";101;207;"SAO JOSE";"Desobediência às normas de trânsito pelo condutor";"Colisão traseira";"Com Vítimas Feridas";"Pleno dia";"Decrescente";"Céu Claro";"Múltipla";"Reta";"Sim";3;0;1;0;2;0;1;2;-27,6034;-48,632;"SPRF-SC";"DEL01-SC";"UOP01-DEL01-SC"
190508;2019-02-10;"domingo";"10:50:00";"MG";262;626;"IBIA";"Pista Escorregadia";"Saída de leito carroçável";"Com Vítimas Feridas";"Pleno dia";"Decrescente";"Chuva";"Simples";"Curva";"Não";2;0;2;0;0;0;2;1;-19,591888;-46,48101;"SPRF-MG";"DEL08-MG";"UOP01-DEL08-MG"
190509;2019-02-10;"domingo";"12:40:00";"CE";20;299,5;"CANINDE";"Velocidade Incompatível";"Capotamento";"Com Vítimas Feridas";"Pleno dia";"Crescente";"Céu Claro";"Simples";"Reta";"Não";2;0;1;0;1;0;1;1;-4,34944;-39,299339;"SPRF-CE";"DEL02-CE";"UOP01-DEL02-CE"
190510;2019-02-10;"domingo";"14:40:00";"PR";277;4,8;"PARANAGUA";"Ingestão de álcool e/ou substâncias psicoativas pelo pedestre";"Colisão transversal";"Com Vítimas Feridas";"Pleno dia";"Decrescente";"Céu Claro";"Dupla";"Reta";"Sim";2;0;1;0;1;0;1;2;-25,55576078;-48,56248856;"SPRF-PR";"DEL01-PR";"UOP05-DEL01-PR"
190512;2019-02-10;"domingo";"15:00:00";"MG";381;884;"ESTIVA";"Falta de Atenção à Condução";"Colisão com objeto estático";"Com Vítimas Feridas";"Pleno dia";"Crescente";"Sol";"Dupla";"Curva";"Não";2;0;2;0;0;0;2;1;-22,5006;-46,0136;"SPRF-MG";"DEL16-MG";"UOP01-DEL16-MG"
190513;2019-02-10;"domingo";"14:40:00";"SC";470;44;"GASPAR";"Desobediência às normas de trânsito pelo condutor";"Colisão transversal";"Com Vítimas Feridas";"Pleno dia";"Crescente";"Nublado";"Simples";"Reta";"Não";2;0;1;0;1;0;1;2;-26,870665;-49,021896;"SPRF-SC";"DEL04-SC";"UOP01-DEL04-SC"
190514;2019-02-10;"domingo";"14:50:00";"PR";116;123;"FAZENDA RIO GRANDE";"Falta de Atenção à Condução";"Colisão lateral";"Com Vítimas Feridas";"Pleno dia";"Crescente";"Céu Claro";"Dupla";"Reta";"Sim";2;0;1;0;1;0;1;2;-25,6204777;-49,31659698;"SPRF-PR";"DEL01-PR";"UOP03-DEL01-PR"
190515;2019-02-10;"domingo";"14:40:00";"MG";40;499,8;"ESMERALDAS";"Velocidade Incompatível";"Saída de leito carroçável";"Sem Vítimas";"Pleno dia";"Crescente";"Céu Claro";"Dupla";"Curva";"Sim";1;0;0;0;0;1;0;1;-19,7048;-44,1699;"SPRF-MG";"DEL02-MG";"UOP01-DEL02-MG"
190516;2019-02-10;"domingo";"15:10:00";"SC";101;224;"PALHOCA";"Falta de Atenção à Condução";"Colisão traseira";"Com Vítimas Feridas";"Pleno dia";"Decrescente";"Céu Claro";"Dupla";"Reta";"Não";3;0;1;1;1;0;2;2;-27,7336;-48,6407;"SPRF-SC";"DEL01-SC";"UOP02-DEL01-SC"
190519;2019-02-10;"domingo";"15:45:00";"SP";381;49;"ATIBAIA";"Falta de Atenção à Condução";"Colisão traseira";"Com Vítimas Feridas";"Pleno dia";"Crescente";"Sol";"Dupla";"Reta";"Sim";2;0;1;0;0;1;1;2;-23,20537854;-46,58975992;"SPRF-SP";"DEL03-SP";"UOP01-DEL03-SP"
190521;2019-02-10;"domingo";"15:20:00";"MS";60;396;"SIDROLANDIA";"Ingestão de Álcool";"Saída de leito carroçável";"Sem Vítimas";"Pleno dia";"Decrescente";"Céu Claro";"Simples";"Reta";"Não";1;0;0;0;1;0;0;1;-20,89555;-54,865681;"SPRF-MS";"DEL01-MS";"UOP04-DEL01-MS"
190522;2019-02-10;"domingo";"15:45:00";"MG";381;359;"JOAO MONLEVADE";"Desobediência às normas de trânsito pelo condutor";"Colisão transversal";"Com Vítimas Feridas";"Pleno dia";"Crescente";"Sol";"Simples";"Rotatória";"Sim";2;0;1;0;1;0;1;2;-19,83928393;-43,18121217;"SPRF-MG";"DEL03-MG";"UOP01-DEL03-MG"
190524;2019-02-10;"domingo";"16:20:00";"GO";50;96,9;"CRISTALINA";"Ingestão de Álcool";"Colisão traseira";"Sem Vítimas";"Pleno dia";"Crescente";"Céu Claro";"Simples";"Reta";"Sim";2;0;0;0;2;0;0;2;-16,9309;-47,7117;"SPRF-DF";"DEL01-DF";"UOP02-DEL01-DF"