"id";"data_inversa";"dia_semana";"horario";"uf";"br";"km";"municipio";"causa_acidente";"tipo_acidente";"classificacao_acidente";"fase_dia";"sentido_via";"condicao_metereologica";"tipo_pista";"tracado_via";"uso_solo";"pessoas";"mortos";"feridos_leves";"feridos_graves";"ilesos";"ignorados";"feridos";"veiculos";"latitude";"longitude";"regional";"delegacia";"uop"
190525;2019-02-10;"domingo";"16:50:00";"MG";262;116,7;"RIO CASCA";"Falta de Atenção à Condução";"Colisão transversal";"Com Vítimas Feridas";"Pleno dia";"Decrescente";"Céu Claro";"Simples";"Reta";"Sim";3;0;0;1;1;1;1;3;-20,22945252;-42,62546182;"SPRF-MG";"DEL03-MG";"UOP03-DEL03-MG"
190526;2019-02-10;"domingo";"16:02:00";"PB";230;376;"CONDADO";"Ingestão de Álcool";"Colisão frontal";"Com Vítimas Feridas";"Pleno dia";"Decrescente";"Céu Claro";"Simples";"Reta";"Sim";2;0;1;0;1;0;1;2;-6,9108;-37,6026;"SPRF-PB";"DEL03-PB";"UOP02-DEL03-PB"
190527;2019-02-10;"domingo";"16:55:00";"RS";287;275,9;"SAO PEDRO DO SUL";"Falta de Atenção à Condução";"Tombamento";"Com Vítimas Feridas";"Pleno dia";"Decrescente";"Chuva";"Simples";"Reta";"Não";1;0;0;1;0;0;1;1;-29,66051793;-54,13269304;"SPRF-RS";"DEL09-RS";"UOP01-DEL09-RS"
190529;2019-02-10;"domingo";"17:10:00";"SC";470;54;"BLUMENAU";"Desobediência às normas de trânsito pelo condutor";"Colisão transversal";"Com Vítimas Feridas";"Pleno dia";"Crescente";"Nublado";"Simples";"Curva";"Não";2;0;0;1;1;0;1;2;-26,871065;-49,110374;"SPRF-SC";"DEL04-SC";"UOP01-DEL04-SC"
190530;2019-02-09;"sábado";"23:00:00";"MT";158;546,3;"AGUA BOA";"Restrição de Visibilidade";"Colisão traseira";"Com Vítimas Feridas";"Plena Noite";"Crescente";"Chuva";"Simples";"Curva";"Não";2;0;1;0;1;0;1;2;-14,0868372;-52,1609381;"SPRF-MT";"DEL07-MT";"UOP02-DEL07-MT"
190531;2019-02-10;"domingo";"07:00:00";"RR";174;690;"PACARAIMA";"Defeito na Via";"Saída de leito carroçável";"Com Vítimas Feridas";"Pleno dia";"Decrescente";"Céu Claro";"Simples";"Reta";"Não";5;0;4;1;0;0;5;1;4,331451;-61,108761;"SPRF-RR";"DEL01-RR";"UOP02-DEL01-RR"
190532;2019-02-10;"domingo";"17:30:00";"SC";101;361;"SANGAO";"Falta de Atenção à Condução";"Tombamento";"Com Vítimas Feridas";"Pleno dia";"Crescente";"Céu Claro";"Simples";"Curva;Declive";"Sim";1;0;0;1;0;0;1;1;-28,67128996;-49,12182838;"SPRF-SC";"DEL02-SC";"UOP01-DEL02-SC"
190533;2019-02-10;"domingo";"17:20:00";"SP";101;50;"UBATUBA";"Falta de Atenção à Condução";"Colisão transversal";"Com Vítimas Feridas";"Pleno dia";"Crescente";"Céu Claro";"Simples";"Reta";"Sim";2;0;1;0;1;0;1;2;-23,45326644;-45,07439375;"SPRF-SP";"DEL06-SP";"UOP01-DEL06-SP"
190534;2019-02-10;"domingo";"17:40:00";"PR";376;171,1;"MARINGA";"Falta de Atenção à Condução";"Saída de leito carroçável";"Com Vítimas Feridas";"Pleno dia";"Decrescente";"Céu Claro";"Dupla";"Reta";"Sim";4;0;2;1;1;0;3;1;-23,418228;-51,975006;"SPRF-PR";"DEL07-PR";"UOP01-DEL09-PR"
190536;2019-02-10;"domingo";"17:20:00";"SC";101;239;"PALHOCA";"Defeito Mecânico no Veículo";"Saída de leito carroçável";"Com Vítimas Feridas";"Pleno dia";"Crescente";"Nublado";"Dupla";"Reta";"Não";2;0;1;0;1;0;1;1;-27,8602;-48,6446;"SPRF-SC";"DEL01-SC";"UOP02-DEL01-SC"
190537;2019-02-10;"domingo";"16:20:00";"MG";381;434;"SABARA";"Defeito Mecânico no Veículo";"Incêndio";"Sem Vítimas";"Pleno dia";"Decrescente";"Céu Claro";"Simples";"Reta";"Não";1;0;0;0;1;0;0;1;-19,7891721;-43,73491466;"SPRF-MG";"DEL01-MG";"UOP01-DEL01-MG"
190538;2019-02-10;"domingo";"17:00:00";"MG";365;667;"MONTE ALEGRE DE MINAS";"Velocidade Incompatível";"Colisão lateral";"Com Vítimas Feridas";"Pleno dia";"Crescente";"Chuva";"Dupla";"Reta";"Não";2;0;1;0;1;0;1;2;-18,8937;-48,6607;"SPRF-MG";"DEL15-MG";"UOP01-DEL15-MG"
190540;2019-02-10;"domingo";"17:00:00";"SC";470;7;"NAVEGANTES";"Falta de Atenção à Condução";"Colisão transversal";"Com Vítimas Feridas";"Pleno dia";"Crescente";"Nublado";"Simples";"Reta";"Não";4;0;3;0;1;0;3;2;-26,84499;-48,71505;"SPRF-SC";"DEL04-SC";"UOP04-DEL04-SC"
190542;2019-01-17;"quinta-feira";"06:00:00";"SC";280;26;"ARAQUARI";"Desobediência às normas de trânsito pelo condutor";"Atropelamento de Pedestre";"Com Vítimas Feridas";"Amanhecer";"Crescente";"Céu Claro";"Simples";"Reta";"Não";2;0;0;1;1;0;1;2;-26,389757;-48,734154;"SPRF-SC";"DEL03-SC";"UOP03-DEL03-SC"
190543;2019-02-10;"domingo";"18:00:00";"SP";116;288;"ITAPECERICA DA SERRA";"Falta de Atenção à Condução";"Colisão frontal";"Com Vítimas Feridas";"Pleno dia";"Decrescente";"Céu Claro";"Múltipla";"Ponte";"Sim";2;0;1;0;1;0;1;2;-23,70701;-46,87517;"SPRF-SP";"DEL04-SP";"UOP01-DEL04-SP"
190545;2019-02-10;"domingo";"18:00:00";"RJ";116;178;"NOVA IGUACU";"Desobediência às normas de trânsito pelo condutor";"Colisão lateral";"Com Vítimas Feridas";"Pleno dia";"Decrescente";"Céu Claro";"Dupla";"Reta";"Sim";3;0;2;0;1;0;2;2;-22,774963;-43,400814;"SPRF-RJ";"DEL01-RJ";"UOP02-DEL01-RJ"
190546;2019-02-10;"domingo";"17:20:00";"MG";40;616,3;"CONGONHAS";"Desobediência às normas de trânsito pelo condutor";"Queda de ocupante de veículo";"Com Vítimas Feridas";"Pleno dia";"Decrescente";"Sol";"Simples";"Reta";"Não";2;0;0;1;0;1;1;2;-20,5537;-43,8143;"SPRF-MG";"DEL05-MG";"UOP02-DEL05-MG"
190547;2019-02-10;"domingo";"18:40:00";"DF";70;13,7;"BRASILIA";"Não guardar distância de segurança";"Colisão traseira";"Com Vítimas Feridas";"Anoitecer";"Crescente";"Nublado";"Dupla";"Rotatória";"Sim";3;0;2;0;0;1;2;2;-15,79596779;-48,17259821;"SPRF-DF";"DEL01-DF";"UOP02-DEL03-DF"
190548;2019-02-10;"domingo";"18:00:00";"SP";116;214;"GUARULHOS";"Não guardar distância de segurança";"Colisão lateral";"Com Vítimas Feridas";"Pleno dia";"Crescente";"Sol";"Múltipla";"Reta";"Sim";2;0;1;0;0;1;1;2;-23,44552019;-46,45122528;"SPRF-SP";"DEL01-SP";"UOP01-DEL01-SP"
190549;2019-02-10;"domingo";"18:31:00";"GO";40;4,7;"VALPARAISO DE GOIAS";"Ingestão de Álcool";"Colisão traseira";"Sem Vítimas";"Anoitecer";"Decrescente";"Céu Claro";"Dupla";"Reta";"Sim";2;0;0;0;2;0;0;2;-16,085241;-47,986752;"SPRF-DF";"DEL01-DF";"UOP01-DEL01-DF"
190550;2019-02-10;"domingo";"17:30:00";"MS";158;110;"PARANAIBA";"Defeito na Via";"Tombamento";"Com Vítimas Feridas";"Pleno dia";"Decrescente";"Chuva";"Simples";"Reta";"Não";2;0;2;0;0;0;2;1;-19,702106;-51,158798;"SPRF-MS";"DEL08-MS";"UOP01-DEL08-MS"
190551;2019-02-10;"domingo";"12:40:00";"RS";470;188;"VERANOPOLIS";"Velocidade Incompatível";"Saída de leito carroçável";"Sem Vítimas";"Pleno dia";"Decrescente";"Garoa/Chuvisco";"Simples";"Curva";"Não";1;0;0;0;1;0;0;1;-29,00789216;-51,55930107;"SPRF-RS";"DEL06-RS";"UOP02-DEL06-RS"
190552;2019-02-10;"domingo";"14:50:00";"PB";230;502,2;"CAJAZEIRAS";"Defeito Mecânico no Veículo";"Saída de leito carroçável";"Com Vítimas Feridas";"Pleno dia";"Crescente";"Céu Claro";"Simples";"Reta";"Sim";2;0;1;1;0;0;2;1;-6,8979;-38,5233;"SPRF-PB";"DEL03-PB";"UOP03-DEL03-PB"
190553;2019-02-10;"domingo";"18:30:00";"GO";40;111;"CRISTALINA";"Pista Escorregadia";"Capotamento";"Com Vítimas Feridas";"Plena Noite";"Crescente";"Chuva";"Dupla";"Curva";"Não";2;0;1;0;1;0;1;1;-16,849002;-47,502195;"SPRF-DF";"DEL01-DF";"UOP02-DEL01-DF"
190554;2019-02-10;"domingo";"16:00:00";"MA";135;46,5;"BACABEIRA";"Falta de Atenção à Condução";"Colisão traseira";"Sem Vítimas";"Pleno dia";"Decrescente";"Chuva";"Dupla";"Reta";"Não";3;0;0;0;3;0;0;3;-2,930485;-44,33427;"SPRF-MA";"DEL01-MA";"UOP01-DEL01-MA"
190555;2019-02-10;"domingo";"16:25:00";"AL";101;140,8;"SAO MIGUEL DOS CAMPOS";"Agressão Externa";"Saída de leito carroçável";"Com Vítimas Feridas";"Pleno dia";"Decrescente";"Céu Claro";"Simples";"Reta";"Não";2;0;1;0;1;0;1;1;-9,81986639;-36,12287521;"SPRF-AL";"DEL02-AL";"UOP01-DEL02-AL"
190557;2019-02-10;"domingo";"16:40:00";"PB";101;107;"ALHANDRA";"Defeito Mecânico no Veículo";"Danos eventuais";"Sem Vítimas";"Pleno dia";"Crescente";"Céu Claro";"Dupla";"Reta";"Não";3;0;0;0;2;1;0;3;-7,3425;-34,9478;"SPRF-PB";"DEL01-PB";"UOP01-DEL01-PB"
190558;2019-02-10;"domingo";"18:30:00";"BA";407;6,2;"JUAZEIRO";"Ingestão de Álcool";"Atropelamento de Pedestre";"Com Vítimas Feridas";"Plena Noite";"Crescente";"Céu Claro";"Dupla";"Reta";"Sim";3;0;0;1;1;1;1;2;-9,455955;-40,486561;"SPRF-PE";"DEL06-PE";"UOP01-DEL06-PE"
190560;2019-02-10;"domingo";"16:45:00";"BA";116;420,6;"FEIRA DE SANTANA";"Ingestão de Álcool";"Colisão traseira";"Com Vítimas Feridas";"Pleno dia";"Crescente";"Céu Claro";"Múltipla";"Reta";"Sim";3;0;0;1;2;0;1;2;-12,21647407;-38,96604588;"SPRF-BA";"DEL02-BA";"UOP01-DEL02-BA"
190561;2019-02-10;"domingo";"11:50:00";"MG";262;606,5;"CAMPOS ALTOS";"Velocidade Incompatível";"Saída de leito carroçável";"Com Vítimas Feridas";"Pleno dia";"Crescente";"Chuva";"Simples";"Reta";"Não";1;0;1;0;0;0;1;1;-19,6142059;-46,2804196;"SPRF-MG";"DEL08-MG";"UOP02-DEL08-MG"
190562;2019-02-10;"domingo";"18:40:00";"CE";116;2;"FORTALEZA";"Ingestão de Álcool";"Atropelamento de Pedestre";"Com Vítimas Feridas";"Pleno dia";"Crescente";"Céu Claro";"Dupla";"Reta";"Sim";2;0;1;1;0;0;2;2;-3,79049781;-38,50967646;"SPRF-CE";"DEL01-CE";"UOP02-DEL01-CE"
190564;2019-02-10;"domingo";"19:10:00";"SC";116;194,1;"PONTE ALTA";"Velocidade Incompatível";"Colisão com objeto estático";"Sem Vítimas";"Pleno dia";"Crescente";"Nublado";"Simples";"Curva";"Não";1;0;0;0;0;1;0;1;-27,37898687;-50,42998999;"SPRF-SC";"DEL05-SC";"UOP03-DEL05-SC"
190566;2019-02-10;"domingo";"18:20:00";"MT";70;513,9;"VARZEA GRANDE";"Falta de Atenção à Condução";"Colisão transversal";"Com Vítimas Feridas";"Pleno dia";"Decrescente";"Céu Claro";"Simples";"Rotatória";"Sim";2;0;1;0;1;0;1;2;-15,70700177;-56,13292694;"SPRF-MT";"DEL01-MT";"DEL2/4-UOP02/MT"
190567;2019-02-10;"domingo";"18:00:00";"PB";230;8,6;"CABEDELO";"Animais na Pista";"Atropelamento de Animal";"Com Vítimas Feridas";"Plena Noite";"Decrescente";"Céu Claro";"Dupla";"Reta";"Sim";2;0;2;0;0;0;2;1;-7,0355;-34,8429;"SPRF-PB";"DEL01-PB";"UOP01-DEL01-PB"
190568;2019-02-10;"domingo";"17:50:00";"RJ";101;318;"SAO GONCALO";"Falta de Atenção à Condução";"Colisão com objeto estático";"Com Vítimas Feridas";"Pleno dia";"Decrescente";"Céu Claro";"Dupla";"Reta";"Não";2;0;1;0;1;0;1;1;-22,845663;-43,098431;"SPRF-RJ";"DEL02-RJ";"DEL5/2-UOP04/RJ"
190569;2019-02-10;"domingo";"18:00:00";"MA";135;15;"SAO LUIS";"Desobediência às normas de trânsito pelo condutor";"Colisão lateral";"Sem Vítimas";"Anoitecer";"Decrescente";"Chuva";"Dupla";"Reta";"Sim";3;0;0;0;3;0;0;2;-2,695421;-44,30513;"SPRF-MA";"DEL01-MA";"UOP01-DEL01-MA"
190570;2019-02-10;"domingo";"20:00:00";"SC";101;134;"BALNEARIO CAMBORIU";"Falta de Atenção à Condução";"Tombamento";"Com Vítimas Feridas";"Plena Noite";"Crescente";"Céu Claro";"Simples";"Reta";"Sim";1;0;1;0;0;0;1;1;-27,0049;-48,6266;"SPRF-SC";"DEL04-SC";"UOP03-DEL04-SC"
190571;2019-02-10;"domingo";"17:20:00";"SC";280;146;"RIO NEGRINHO";"Avarias e/ou desgaste excessivo no pneu";"Saída de leito carroçável";"Com Vítimas Feridas";"Pleno dia";"Decrescente";"Chuva";"Simples";"Curva";"Não";4;0;3;0;1;0;3;1;-26,25519;-49,66209;"SPRF-SC";"DEL06-SC";"UOP03-DEL06-SC"
190572;2019-02-10;"domingo";"20:00:00";"SC";101;398,2;"MARACAJA";"Falta de Atenção à Condução";"Saída de leito carroçável";"Com Vítimas Feridas";"Anoitecer";"Crescente";"Chuva";"Dupla";"Reta";"Não";4;0;4;0;0;0;4;1;-28,84203377;-49,42850243;"SPRF-SC";"DEL02-SC";"UOP02-DEL02-SC"
190573;2019-02-10;"domingo";"12:40:00";"RO";429;269,3;"SAO FRANCISCO DO GUAPORE";"Falta de Atenção à Condução";"Colisão lateral";"Com Vítimas Fatais";"Pleno dia";"Decrescente";"Garoa/Chuvisco";"Simples";"Reta";"Não";3;2;0;0;1;0;0;2;-12,07054547;-63,71761322;"SPRF-RO";"DEL02-RO";"UOP03-DEL02-RO"
190575;2019-02-10;"domingo";"19:00:00";"PB";361;22,2;"SANTA TERESINHA";"Ingestão de álcool e/ou substâncias psicoativas pelo pedestre";"Atropelamento de Pedestre";"Com Vítimas Feridas";"Plena Noite";"Crescente";"Céu Claro";"Simples";"Reta";"Sim";2;0;1;0;1;0;1;2;-7,08557591;-37,43389313;"SPRF-PB";"DEL03-PB";"UOP01-DEL03-PB"
190576;2019-02-10;"domingo";"19:20:00";"AP";210;3;"MACAPA";"Falta de Atenção à Condução";"Colisão lateral";"Com Vítimas Feridas";"Plena Noite";"Decrescente";"Céu Claro";"Dupla";"Reta";"Sim";3;0;2;0;1;0;2;2;0,10654444;-51,22661592;"SPRF-AP";"DEL01-AP";"UOP01-DEL01-AP"
190577;2019-02-10;"domingo";"20:30:00";"SC";470;12;"NAVEGANTES";"Falta de Atenção à Condução";"Colisão frontal";"Com Vítimas Feridas";"Plena Noite";"Crescente";"Nublado";"Simples";"Reta";"Não";3;0;2;0;1;0;2;2;-26,835169;-48,757267;"SPRF-SC";"DEL04-SC";"UOP04-DEL04-SC"
190578;2019-02-10;"domingo";"20:00:00";"PE";232;381;"CALUMBI";"Animais na Pista";"Atropelamento de Animal";"Com Vítimas Fatais";"Plena Noite";"Crescente";"Céu Claro";"Simples";"Reta";"Não";1;1;0;0;0;0;0;1;-8,04325251;-38,05767059;"SPRF-PE";"DEL04-PE";"UOP01-DEL04-PE"
190579;2019-02-10;"domingo";"16:00:00";"MG";116;581,1;"MANHUACU";"Falta de Atenção à Condução";"Colisão com objeto estático";"Com Vítimas Feridas";"Pleno dia";"Crescente";"Sol";"Simples";"Curva";"Não";1;0;0;1;0;0;1;1;-20,186957;-42,185176;"SPRF-MG";"DEL06-MG";"UOP03-DEL06-MG"
190582;2019-02-10;"domingo";"18:30:00";"PR";369;169,5;"ROLANDIA";"Falta de Atenção à Condução";"Colisão transversal";"Com Vítimas Feridas";"Pleno dia";"Decrescente";"Céu Claro";"Dupla";"Retorno Regulamentado";"Sim";2;0;0;1;1;0;1;2;-23,30224154;-51,33355916;"SPRF-PR";"DEL07-PR";"UOP01-DEL07-PR"
190583;2019-02-10;"domingo";"21:35:00";"PR";369;128;"JATAIZINHO";"Desobediência às normas de trânsito pelo pedestre";"Atropelamento de Pedestre";"Com Vítimas Fatais";"Plena Noite";"Crescente";"Céu Claro";"Dupla";"Reta";"Não";4;1;0;0;3;0;0;2;-23,26868771;-50,96817523;"SPRF-PR";"DEL07-PR";"UOP01-DEL07-PR"
190584;2019-02-10;"domingo";"20:20:00";"AL";316;156;"PALMEIRA DOS INDIOS";"Falta de Atenção à Condução";"Colisão transversal";"Com Vítimas Feridas";"Plena Noite";"Decrescente";"Céu Claro";"Simples";"Reta";"Sim";2;0;1;0;1;0;1;2;-9,426232;-36,633045;"SPRF-AL";"DEL03-AL";"UOP01-DEL03-AL"
190585;2019-02-02;"sábado";"06:00:00";"SP";116;220;"GUARULHOS";"Falta de Atenção à Condução";"Colisão traseira";"Sem Vítimas";"Pleno dia";"Decrescente";"Céu Claro";"Múltipla";"Reta";"Sim";2;0;0;0;0;2;0;2;-23,46666137;-46,50316358;"SPRF-SP";"DEL01-SP";"UOP01-DEL01-SP"
190586;2019-02-10;"domingo";"18:30:00";"AC";364;121;"RIO BRANCO";"Defeito na Via";"Queda de ocupante de veículo";"Com Vítimas Feridas";"Plena Noite";"Decrescente";"Céu Claro";"Simples";"Reta";"Sim";1;0;1;0;0;0;1;1;-10,012093;-67,764404;"SPRF-AC";"DEL01-AC";"UOP01-DEL01-AC"
190589;2019-02-10;"domingo";"19:00:00";"PE";101;90,5;"CABO DE SANTO AGOSTINHO";"Não guardar distância de segurança";"Colisão traseira";"Com Vítimas Feridas";"Plena Noite";"Decrescente";"Céu Claro";"Dupla";"Reta";"Sim";2;0;1;1;0;0;2;2;-8,2308;-34,9969;"SPRF-PE";"DEL01-PE";"UOP03-DEL01-PE"
190590;2019-02-10;"domingo";"20:15:00";"SE";101;198,5;"CRISTINAPOLIS";"Falta de Atenção à Condução";"Atropelamento de Pedestre";"Com Vítimas Feridas";"Plena Noite";"Decrescente";"Céu Claro";"Simples";"Reta";"Sim";3;0;2;0;0;1;2;2;-11,47437847;-37,75214553;"SPRF-SE";"DEL02-SE";"UOP03-DEL02-SE"
190592;2019-02-10;"domingo";"22:00:00";"SC";280;55,3;"GUARAMIRIM";"Falta de Atenção à Condução";"Colisão transversal";"Com Vítimas Feridas";"Plena Noite";"Crescente";"Céu Claro";"Simples";"Reta";"Não";2;0;1;0;1;0;1;2;-26,475843;-48,993786;"SPRF-SC";"DEL03-SC";"UOP03-DEL03-SC"
190595;2019-02-10;"domingo";"20:30:00";"MA";316;551,5;"CAXIAS";"Ingestão de álcool e/ou substâncias psicoativas pelo pedestre";"Colisão frontal";"Sem Vítimas";"Plena Noite";"Crescente";"Céu Claro";"Simples";"Reta";"Sim";2;0;0;0;2;0;0;2;-4,886332;-43,353386;"SPRF-MA";"DEL03-MA";"UOP02-DEL03-MA"
190596;2019-02-10;"domingo";"21:20:00";"SE";235;51;"ITABAIANA";"Falta de Atenção à Condução";"Atropelamento de Pedestre";"Com Vítimas Feridas";"Plena Noite";"Crescente";"Ignorado";"Simples";"Reta";"Sim";2;0;0;1;0;1;1;2;-10,700226;-37,431423;"SPRF-SE";"DEL01-SE";"UOP02-DEL01-SE"
190597;2019-02-10;"domingo";"22:58:00";"GO";40;6,9;"VALPARAISO DE GOIAS";"Falta de Atenção à Condução";"Colisão traseira";"Com Vítimas Feridas";"Plena Noite";"Crescente";"Nublado";"Dupla";"Reta";"Sim";2;0;1;0;1;0;1;2;-16,100814;-47,977351;"SPRF-DF";"DEL01-DF";"UOP01-DEL01-DF"
190601;2019-02-10;"domingo";"18:10:00";"TO";153;136;"ARAGUAINA";"Não guardar distância de segurança";"Colisão traseira";"Sem Vítimas";"Plena Noite";"Crescente";"Céu Claro";"Simples";"Reta";"Sim";1;0;0;0;0;1;0;1;-7,137507;-48,200943;"SPRF-TO";"DEL02-TO";"UOP01-DEL02-TO"
190602;2019-02-10;"domingo";"23:05:00";"PR";376;223,9;"CAMBIRA";"Velocidade Incompatível";"Colisão com objeto estático";"Com Vítimas Feridas";"Plena Noite";"Decrescente";"Nublado";"Dupla";"Reta;Declive";"Não";7;0;7;0;0;0;7;1;-23,59351147;-51,57819808;"SPRF-PR";"DEL07-PR";"UOP03-DEL07-PR"
190603;2019-02-10;"domingo";"22:20:00";"MG";354;746,9;"POUSO ALTO";"Falta de Atenção à Condução";"Colisão transversal";"Com Vítimas Feridas";"Plena Noite";"Decrescente";"Céu Claro";"Simples";"Reta";"Não";2;0;1;0;1;0;1;2;-22,25967325;-44,92173404;"SPRF-MG";"DEL16-MG";"UOP02-DEL16-MG"
190604;2019-02-10;"domingo";"09:00:00";"PR";476;269;"SAO MATEUS DO SUL";"Falta de Atenção à Condução";"Saída de leito carroçável";"Sem Vítimas";"Plena Noite";"Decrescente";"Chuva";"Simples";"Reta";"Não";1;0;0;0;1;0;0;1;-25,898903;-50,32935;"SPRF-PR";"DEL02-PR";"UOP04-DEL02-PR"
190609;2019-02-10;"domingo";"13:15:00";"SC";280;291,3;"PORTO UNIAO";"Falta de Atenção à Condução";"Colisão transversal";"Com Vítimas Feridas";"Pleno dia";"Decrescente";"Céu Claro";"Simples";"Interseção de Vias";"Não";4;0;4;0;0;0;4;2;-26,296299;-50,915482;"SPRF-SC";"DEL06-SC";"UOP04-DEL06-SC"
190611;2019-02-10;"domingo";"21:30:00";"MA";135;77,2;"SANTA RITA";"Falta de Atenção à Condução";"Colisão frontal";"Com Vítimas Feridas";"Plena Noite";"Crescente";"Céu Claro";"Simples";"Reta";"Não";2;0;0;1;1;0;1;2;-3,196258;-44,356785;"SPRF-MA";"DEL01-MA";"UOP02-DEL01-MA"
190612;2019-02-10;"domingo";"20:30:00";"MG";381;481;"CONTAGEM";"Falta de Atenção à Condução";"Colisão traseira";"Com Vítimas Feridas";"Plena Noite";"Decrescente";"Céu Claro";"Dupla";"Reta";"Sim";4;0;2;0;2;0;2;4;-19,959;-44,0704;"SPRF-MG";"DEL01-MG";"UOP03-DEL01-MG"
190614;2019-02-10;"domingo";"23:50:00";"SC";470;10,5;"NAVEGANTES";"Falta de Atenção à Condução";"Colisão transversal";"Sem Vítimas";"Plena Noite";"Crescente";"Nublado";"Simples";"Interseção de Vias";"Não";2;0;0;0;2;0;0;2;-26,833693;-48,73724;"SPRF-SC";"DEL04-SC";"UOP04-DEL04-SC"
190617;2019-02-10;"domingo";"23:00:00";"PB";427;37,6;"POMBAL";"Animais na Pista";"Atropelamento de Animal";"Com Vítimas Feridas";"Plena Noite";"Crescente";"Céu Claro";"Simples";"Reta";"Sim";2;0;2;0;0;0;2;1;-6,76405;-37,789103;"SPRF-PB";"DEL03-PB";"UOP02-DEL03-PB"
190618;2019-02-10;"domingo";"23:20:00";"CE";222;5;"CAUCAIA";"Desobediência às normas de trânsito pelo condutor";"Colisão traseira";"Com Vítimas Feridas";"Plena Noite";"Crescente";"Nublado";"Múltipla";"Reta";"Sim";2;0;1;0;1;0;1;2;-3,74258;-38,6119;"SPRF-CE";"DEL01-CE";"UOP01-DEL01-CE"
190619;2019-02-10;"domingo";"22:10:00";"SC";101;323,3;"PESCARIA BRAVA";"Falta de Atenção do Pedestre";"Atropelamento de Pedestre";"Com Vítimas Fatais";"Plena Noite";"Decrescente";"Céu Claro";"Dupla";"Reta";"Sim";2;1;0;0;1;0;0;2;-28,42900819;-48,92251343;"SPRF-SC";"DEL02-SC";"UOP01-DEL02-SC"
190620;2019-02-10;"domingo";"21:40:00";"RO";429;345;"JI-PARANA";"Falta de Atenção do Pedestre";"Atropelamento de Pedestre";"Com Vítimas Feridas";"Plena Noite";"Decrescente";"Garoa/Chuvisco";"Dupla";"Reta";"Sim";2;0;1;1;0;0;2;2;-10,86761453;-61,96606636;"SPRF-RO";"DEL02-RO";"UOP03-DEL02-RO"
190622;2019-02-11;"segunda-feira";"00:30:00";"TO";153;335;"GUARAI";"Falta de Atenção à Condução";"Colisão traseira";"Com Vítimas Feridas";"Plena Noite";"Decrescente";"Céu Claro";"Simples";"Curva";"Sim";1;0;1;0;0;0;1;1;-8,835769;-48,512123;"SPRF-TO";"DEL02-TO";"UOP02-DEL02-TO"
190624;2019-02-10;"domingo";"22:00:00";"BA";330;742,2;"JEQUIE";"Ingestão de Álcool";"Tombamento";"Com Vítimas Fatais";"Plena Noite";"Crescente";"Céu Claro";"Simples";"Curva";"Não";2;1;1;0;0;0;1;1;-13,98637678;-39,93976593;"SPRF-BA";"DEL03-BA";"UOP01-DEL03-BA"
190626;2019-02-11;"segunda-feira";"00:00:00";"PE";101;93,3;"CABO DE SANTO AGOSTINHO";"Desobediência às normas de trânsito pelo condutor";"Colisão transversal";"Com Vítimas Feridas";"Plena Noite";"Decrescente";"Nublado";"Simples";"Declive";"Sim";2;0;1;0;1;0;1;2;-8,2462;-35,0058;"SPRF-PE";"DEL01-PE";"UOP03-DEL01-PE"
190627;2019-02-11;"segunda-feira";"00:45:00";"GO";50;233,5;"CAMPO ALEGRE DE GOIAS";"Falta de Atenção à Condução";"Saída de leito carroçável";"Sem Vítimas";"Plena Noite";"Crescente";"Nublado";"Dupla";"Reta";"Não";2;0;0;0;2;0;0;1;-17,8272;-47,7732;"SPRF-GO";"DEL06-GO";"UOP01-DEL06-GO"
190628;2019-02-11;"segunda-feira";"02:18:00";"SP";116;46,5;"CANAS";"Condutor Dormindo";"Capotamento";"Com Vítimas Feridas";"Plena Noite";"Decrescente";"Nublado";"Dupla";"Reta";"Não";1;0;0;1;0;0;1;1;-22,713955;-45,053383;"SPRF-SP";"DEL08-SP";"UOP02-DEL08-SP"
190629;2019-02-11;"segunda-feira";"02:20:00";"GO";60;5,2;"ALEXANIA";"Condutor Dormindo";"Saída de leito carroçável";"Com Vítimas Feridas";"Plena Noite";"Crescente";"Garoa/Chuvisco";"Dupla";"Curva";"Não";1;0;1;0;0;0;1;1;-16,11261655;-48,56060028;"SPRF-DF";"DEL01-DF";"UOP01-DEL03-DF"
190630;2019-02-11;"segunda-feira";"00:50:00";"AL";316;172,1;"IGACI";"Defeito Mecânico no Veículo";"Saída de leito carroçável";"Sem Vítimas";"Plena Noite";"Crescente";"Céu Claro";"Simples";"Reta";"Não";3;0;0;0;3;0;0;1;-9,44035;-36,607525;"SPRF-AL";"DEL03-AL";"UOP01-DEL03-AL"
190632;2019-02-11;"segunda-feira";"04:00:00";"SC";101;113;"ITAJAI";"Defeito Mecânico no Veículo";"Incêndio";"Com Vítimas Feridas";"Plena Noite";"Crescente";"Nublado";"Múltipla";"Reta";"Não";1;0;1;0;0;0;1;1;-26,8622;-48,7286;"SPRF-SC";"DEL04-SC";"UOP04-DEL04-SC"
190634;2019-02-11;"segunda-feira";"01:40:00";"PR";476;150,7;"ARAUCARIA";"Falta de Atenção à Condução";"Queda de ocupante de veículo";"Com Vítimas Fatais";"Plena Noite";"Crescente";"Nublado";"Dupla";"Reta";"Sim";1;1;0;0;0;0;0;1;-25,558477;-49,368313;"SPRF-PR";"DEL01-PR";"UOP06-DEL01-PR"
190635;2019-02-11;"segunda-feira";"00:20:00";"GO";364;355;"MINEIROS";"Ingestão de Álcool";"Colisão lateral";"Com Vítimas Feridas";"Plena Noite";"Decrescente";"Nublado";"Simples";"Curva;Aclive";"Não";32;0;1;0;31;0;1;2;-17,378584;-52,949085;"SPRF-GO";"DEL05-GO";"UOP01-DEL05-GO"