"id";"data_inversa";"dia_semana";"horario";"uf";"br";"km";"municipio";"causa_acidente";"tipo_acidente";"classificacao_acidente";"fase_dia";"sentido_via";"condicao_metereologica";"tipo_pista";"tracado_via";"uso_solo";"pessoas";"mortos";"feridos_leves";"feridos_graves";"ilesos";"ignorados";"feridos";"veiculos";"latitude";"longitude";"regional";"delegacia";"uop"
190637;2019-02-10;"domingo";"19:20:00";"PB";230;83,5;"CALDAS BRANDAO";"Falta de Atenção à Condução";"Colisão traseira";"Com Vítimas Feridas";"Plena Noite";"Crescente";"Céu Claro";"Simples";"Reta";"Não";2;0;1;0;0;1;1;2;-7,1669;-35,3355;"SPRF-PB";"DEL01-PB";"UOP03-DEL01-PB"
190638;2019-02-11;"segunda-feira";"03:30:00";"PE";101;43,6;"IGARASSU";"Pista Escorregadia";"Colisão com objeto estático";"Com Vítimas Feridas";"Plena Noite";"Crescente";"Chuva";"Múltipla";"Reta";"Sim";1;0;1;0;0;0;1;1;-7,8543;-34,9087;"SPRF-PE";"DEL01-PE";"UOP02-DEL01-PE"
190640;2019-02-11;"segunda-feira";"04:00:00";"SP";116;138;"SAO JOSE DOS CAMPOS";"Falta de Atenção à Condução";"Saída de leito carroçável";"Com Vítimas Feridas";"Plena Noite";"Decrescente";"Céu Claro";"Dupla";"Reta";"Sim";1;0;1;0;0;0;1;1;-23,157297;-45,795593;"SPRF-SP";"DEL06-SP";"UOP02-DEL02-SP"
190641;2019-02-11;"segunda-feira";"05:20:00";"MS";262;384;"TERENOS";"Desobediência às normas de trânsito pelo condutor";"Colisão transversal";"Com Vítimas Feridas";"Amanhecer";"Decrescente";"Céu Claro";"Simples";"Interseção de Vias";"Sim";5;0;1;0;4;0;1;2;-20,43738838;-54,87576485;"SPRF-MS";"DEL01-MS";"UOP03-DEL01-MS"
190642;2019-02-11;"segunda-feira";"05:20:00";"MT";163;768;"SORRISO";"Pista Escorregadia";"Colisão com objeto estático";"Com Vítimas Feridas";"Amanhecer";"Decrescente";"Chuva";"Dupla";"Reta";"Não";1;0;1;0;0;0;1;1;-12,46190365;-55,6674403;"SPRF-MT";"DEL06-MT";"UOP01-DEL06-MT"
190645;2019-02-11;"segunda-feira";"06:00:00";"MG";262;446,1;"NOVA SERRANA";"Falta de Atenção à Condução";"Atropelamento de Pedestre";"Com Vítimas Feridas";"Plena Noite";"Crescente";"Nublado";"Dupla";"Curva;Viaduto;Rotatória";"Sim";3;0;0;1;2;0;1;2;-19,86323374;-44,99825656;"SPRF-MG";"DEL08-MG";"UOP03-DEL08-MG"
190646;2019-02-11;"segunda-feira";"05:40:00";"TO";242;292,9;"PEIXE";"Objeto estático sobre o leito carroçável";"Colisão com objeto estático";"Com Vítimas Fatais";"Amanhecer";"Crescente";"Céu Claro";"Simples";"Reta";"Não";4;1;0;1;2;0;1;2;-12,165534;-48,540615;"SPRF-TO";"DEL02-TO";"UOP02-DEL01-TO"
190647;2019-02-11;"segunda-feira";"07:15:00";"MG";356;269,1;"MURIAE";"Falta de Atenção à Condução";"Colisão transversal";"Com Vítimas Feridas";"Pleno dia";"Crescente";"Sol";"Simples";"Retorno Regulamentado";"Sim";2;0;1;0;1;0;1;2;-21,12998106;-42,36087799;"SPRF-MG";"DEL07-MG";"UOP02-DEL07-MG"
190649;2019-02-11;"segunda-feira";"07:10:00";"SC";280;55,2;"GUARAMIRIM";"Falta de Atenção à Condução";"Colisão transversal";"Com Vítimas Feridas";"Pleno dia";"Decrescente";"Céu Claro";"Simples";"Reta";"Sim";2;0;1;0;1;0;1;2;-26,475843;-48,993786;"SPRF-SC";"DEL03-SC";"UOP03-DEL03-SC"
190650;2019-02-11;"segunda-feira";"07:20:00";"PR";116;122,6;"CURITIBA";"Desobediência às normas de trânsito pelo condutor";"Colisão traseira";"Com Vítimas Feridas";"Pleno dia";"Decrescente";"Nublado";"Dupla";"Reta";"Não";3;0;1;0;2;0;1;2;-25,60606264;-49,31859791;"SPRF-PR";"DEL01-PR";"UOP03-DEL01-PR"
190651;2019-02-11;"segunda-feira";"06:20:00";"SP";116;211;"GUARULHOS";"Não guardar distância de segurança";"Engavetamento";"Com Vítimas Feridas";"Pleno dia";"Crescente";"Sol";"Múltipla";"Reta";"Sim";4;0;1;0;3;0;1;3;-23,43253657;-46,41989708;"SPRF-SP";"DEL01-SP";"UOP01-DEL01-SP"
190653;2019-01-07;"segunda-feira";"11:10:00";"SP";153;60,9;"SAO JOSE DO RIO PRETO";"Agressão Externa";"Tombamento";"Com Vítimas Feridas";"Pleno dia";"Crescente";"Céu Claro";"Dupla";"Reta";"Sim";1;0;0;1;0;0;1;1;-20,79628;-49,354801;"SPRF-SP";"DEL09-SP";"UOP01-DEL09-SP"
190654;2019-02-11;"segunda-feira";"06:25:00";"MS";163;587,5;"BANDEIRANTES";"Condutor Dormindo";"Saída de leito carroçável";"Com Vítimas Feridas";"Pleno dia";"Crescente";"Céu Claro";"Dupla";"Reta";"Não";1;0;0;1;0;0;1;1;-19,5846;-54,4068;"SPRF-MS";"DEL06-MS";"UOP02-DEL06-MS"
190655;2019-02-11;"segunda-feira";"05:40:00";"SC";470;226,4;"SAO CRISTOVAO DO SUL";"Pista Escorregadia";"Saída de leito carroçável";"Sem Vítimas";"Plena Noite";"Crescente";"Chuva";"Simples";"Curva";"Não";2;0;0;0;2;0;0;1;-27,327692;-50,361202;"SPRF-SC";"DEL05-SC";"UOP03-DEL05-SC"
190657;2019-02-11;"segunda-feira";"06:30:00";"PE";104;64,7;"CARUARU";"Falta de Atenção à Condução";"Colisão transversal";"Com Vítimas Feridas";"Pleno dia";"Decrescente";"Céu Claro";"Simples";"Aclive";"Sim";2;0;0;1;1;0;1;2;-8,2783;-35,9815;"SPRF-PE";"DEL02-PE";"UOP01-DEL02-PE"
190658;2019-02-11;"segunda-feira";"06:40:00";"MG";116;399;"GOVERNADOR VALADARES";"Defeito Mecânico no Veículo";"Tombamento";"Com Vítimas Feridas";"Pleno dia";"Crescente";"Céu Claro";"Simples";"Reta";"Não";2;0;2;0;0;0;2;1;-18,71584548;-41,9883728;"SPRF-MG";"DEL06-MG";"UOP01-DEL06-MG"
190660;2019-02-11;"segunda-feira";"07:30:00";"SC";101;216;"PALHOCA";"Velocidade Incompatível";"Colisão lateral";"Com Vítimas Feridas";"Pleno dia";"Decrescente";"Nublado";"Dupla";"Reta";"Sim";2;0;1;0;1;0;1;2;-27,659815;-48,677479;"SPRF-SC";"DEL01-SC";"UOP02-DEL01-SC"
190662;2019-02-10;"domingo";"23:30:00";"MT";364;401;"CUIABA";"Ingestão de álcool e/ou substâncias psicoativas pelo pedestre";"Colisão transversal";"Sem Vítimas";"Plena Noite";"Crescente";"Céu Claro";"Simples";"Reta";"Não";2;0;0;0;2;0;0;2;-15,67207;-55,946564;"SPRF-MT";"DEL02-MT";"UOP02-DEL01-MT"
190665;2019-02-07;"quinta-feira";"08:00:00";"RS";386;52,1;"SEBERI";"Falta de Atenção à Condução";"Colisão transversal";"Com Vítimas Feridas";"Pleno dia";"Decrescente";"Céu Claro";"Simples";"Curva";"Sim";2;0;1;0;1;0;1;2;-27,508551;-53,381039;"SPRF-RS";"DEL08-RS";"UOP02-DEL08-RS"
190666;2019-02-11;"segunda-feira";"08:20:00";"MG";40;665;"CARANDAI";"Falta de Atenção à Condução";"Colisão transversal";"Com Vítimas Feridas";"Pleno dia";"Decrescente";"Céu Claro";"Simples";"Aclive";"Sim";3;0;3;0;0;0;3;2;-20,9435249;-43,81000042;"SPRF-MG";"DEL05-MG";"UOP02-DEL05-MG"
190667;2019-02-11;"segunda-feira";"07:30:00";"MT";364;200;"RONDONOPOLIS";"Falta de Atenção à Condução";"Colisão lateral";"Com Vítimas Feridas";"Pleno dia";"Crescente";"Sol";"Dupla";"Reta";"Não";2;0;1;0;1;0;1;2;-16,496088;-54,638554;"SPRF-MT";"DEL02-MT";"UOP01-DEL02-MT"
190674;2019-02-11;"segunda-feira";"07:30:00";"SC";101;423,3;"ARARANGUA";"Falta de Atenção à Condução";"Tombamento";"Com Vítimas Feridas";"Pleno dia";"Decrescente";"Nublado";"Dupla";"Reta";"Não";1;0;1;0;0;0;1;1;-29,0146;-49,5799;"SPRF-SC";"DEL02-SC";"UOP02-DEL02-SC"
190675;2019-01-18;"sexta-feira";"09:30:00";"PB";230;17;"JOAO PESSOA";"Velocidade Incompatível";"Engavetamento";"Com Vítimas Feridas";"Pleno dia";"Decrescente";"Céu Claro";"Dupla";"Reta";"Sim";5;0;1;0;4;0;1;5;-7,1121;-34,8426;"SPRF-PB";"DEL01-PB";"UOP01-DEL01-PB"
190676;2019-02-11;"segunda-feira";"08:55:00";"RS";290;84;"CACHOEIRINHA";"Falta de Atenção à Condução";"Colisão traseira";"Com Vítimas Feridas";"Pleno dia";"Crescente";"Céu Claro";"Dupla";"Reta";"Sim";2;0;1;0;0;1;1;2;-29,96376;-51,097771;"SPRF-RS";"DEL01-RS";"UOP01-DEL01-RS"
190678;2019-02-11;"segunda-feira";"07:30:00";"CE";20;419,5;"MARACANAU";"Desobediência às normas de trânsito pelo condutor";"Colisão transversal";"Com Vítimas Feridas";"Pleno dia";"Crescente";"Sol";"Dupla";"Em Obras;Reta;Interseção de Vias";"Sim";2;0;1;0;1;0;1;2;-3,84452125;-38,58075684;"SPRF-CE";"DEL01-CE";"UOP02-DEL01-CE"
190679;2019-02-11;"segunda-feira";"09:00:00";"RJ";101;102;"CAMPOS DOS GOYTACAZES";"Defeito Mecânico no Veículo";"Queda de ocupante de veículo";"Com Vítimas Feridas";"Pleno dia";"Decrescente";"Céu Claro";"Simples";"Reta";"Não";2;0;2;0;0;0;2;1;-21,895832;-41,600277;"SPRF-RJ";"DEL08-RJ";"UOP02-DEL08-RJ"
190680;2019-02-11;"segunda-feira";"09:50:00";"RS";290;86;"PORTO ALEGRE";"Falta de Atenção à Condução";"Colisão traseira";"Com Vítimas Feridas";"Pleno dia";"Crescente";"Céu Claro";"Múltipla";"Reta";"Sim";5;0;1;1;3;0;2;3;-29,968412;-51,117138;"SPRF-RS";"DEL01-RS";"UOP01-DEL01-RS"
190681;2019-02-11;"segunda-feira";"09:00:00";"BA";324;619;"SALVADOR";"Falta de Atenção à Condução";"Colisão lateral";"Com Vítimas Feridas";"Pleno dia";"Crescente";"Céu Claro";"Dupla";"Reta";"Não";3;0;2;0;0;1;2;2;-12,91706609;-38,46287727;"SPRF-BA";"DEL01-BA";"UOP01-DEL01-BA"
190682;2019-02-11;"segunda-feira";"07:40:00";"PE";101;71,1;"RECIFE";"Falta de Atenção à Condução";"Colisão traseira";"Com Vítimas Feridas";"Pleno dia";"Decrescente";"Sol";"Dupla";"Reta";"Sim";2;0;1;0;1;0;1;2;-8,0857;-34,9457;"SPRF-PE";"DEL01-PE";"UOP01-DEL01-PE"
190685;2019-02-11;"segunda-feira";"08:40:00";"CE";116;4;"FORTALEZA";"Falta de Atenção à Condução";"Colisão traseira";"Com Vítimas Feridas";"Pleno dia";"Crescente";"Sol";"Múltipla";"Reta";"Sim";3;0;2;0;1;0;2;2;-3,7956;-38,507;"SPRF-CE";"DEL01-CE";"UOP02-DEL01-CE"
190686;2019-02-11;"segunda-feira";"09:00:00";"BA";101;236;"CONCEICAO DO ALMEIDA";"Falta de Atenção à Condução";"Colisão traseira";"Sem Vítimas";"Pleno dia";"Decrescente";"Céu Claro";"Simples";"Reta";"Não";2;0;0;0;2;0;0;2;-12,7763;-39,1863;"SPRF-BA";"DEL01-BA";"UOP02-DEL01-BA"
190687;2019-02-11;"segunda-feira";"09:10:00";"BA";324;624;"SALVADOR";"Desobediência às normas de trânsito pelo condutor";"Colisão traseira";"Com Vítimas Feridas";"Pleno dia";"Crescente";"Sol";"Dupla";"Reta";"Sim";2;0;1;0;1;0;1;2;-12,94127;-38,471026;"SPRF-BA";"DEL01-BA";"UOP01-DEL01-BA"
190689;2019-02-11;"segunda-feira";"10:25:00";"PE";101;61,4;"RECIFE";"Falta de Atenção à Condução";"Colisão traseira";"Com Vítimas Feridas";"Pleno dia";"Decrescente";"Sol";"Dupla";"Reta";"Sim";3;0;2;0;1;0;2;3;-8,0003;-34,9387;"SPRF-PE";"DEL01-PE";"UOP02-DEL01-PE"
190690;2019-02-11;"segunda-feira";"10:30:00";"RS";116;264;"CANOAS";"Avarias e/ou desgaste excessivo no pneu";"Tombamento";"Com Vítimas Feridas";"Pleno dia";"Crescente";"Sol";"Múltipla";"Reta";"Sim";2;0;2;0;0;0;2;1;-29,914425;-51,177544;"SPRF-RS";"DEL01-RS";"UOP01-DEL01-RS"
190692;2019-02-11;"segunda-feira";"08:00:00";"BA";116;670,3;"JEQUIE";"Desobediência às normas de trânsito pelo condutor";"Colisão transversal";"Com Vítimas Feridas";"Pleno dia";"Decrescente";"Céu Claro";"Simples";"Reta";"Não";3;0;2;0;1;0;2;2;-13,84052802;-40,10898289;"SPRF-BA";"DEL03-BA";"UOP01-DEL03-BA"
190694;2019-02-11;"segunda-feira";"10:45:00";"RS";116;264;"CANOAS";"Falta de Atenção à Condução";"Colisão lateral";"Sem Vítimas";"Pleno dia";"Crescente";"Céu Claro";"Múltipla";"Reta";"Sim";2;0;0;0;2;0;0;2;-29,914425;-51,177544;"SPRF-RS";"DEL01-RS";"UOP01-DEL01-RS"
190696;2019-02-03;"domingo";"17:20:00";"MA";402;1,5;"BACABEIRA";"Falta de Atenção à Condução";"Colisão frontal";"Com Vítimas Feridas";"Anoitecer";"Crescente";"Chuva";"Simples";"Reta";"Não";5;0;1;1;3;0;2;2;-2,966262;-44,311607;"SPRF-MA";"DEL01-MA";"UOP01-DEL01-MA"
190697;2019-02-11;"segunda-feira";"11:00:00";"CE";222;5,5;"CAUCAIA";"Falta de Atenção à Condução";"Tombamento";"Com Vítimas Feridas";"Pleno dia";"Crescente";"Sol";"Simples";"Curva";"Sim";2;0;1;0;1;0;1;1;-3,74297;-38,613312;"SPRF-CE";"DEL01-CE";"UOP01-DEL01-CE"
190698;2019-02-11;"segunda-feira";"11:50:00";"MG";40;787,6;"JUIZ DE FORA";"Falta de Atenção à Condução";"Tombamento";"Com Vítimas Feridas";"Pleno dia";"Decrescente";"Céu Claro";"Dupla";"Curva";"Não";1;0;1;0;0;0;1;1;-21,7599;-43,4407;"SPRF-MG";"DEL05-MG";"UOP01-DEL05-MG"
190699;2019-02-11;"segunda-feira";"10:00:00";"TO";153;638;"ALIANCA DO TOCANTINS";"Defeito Mecânico no Veículo";"Colisão traseira";"Com Vítimas Feridas";"Pleno dia";"Decrescente";"Céu Claro";"Simples";"Aclive";"Não";8;0;4;0;4;0;4;2;-11,430306;-48,985462;"SPRF-TO";"DEL02-TO";"UOP02-DEL01-TO"
190700;2019-02-11;"segunda-feira";"09:20:00";"AL";423;89;"DELMIRO GOUVEIA";"Ultrapassagem Indevida";"Saída de leito carroçável";"Com Vítimas Feridas";"Pleno dia";"Crescente";"Sol";"Simples";"Reta";"Não";2;0;2;0;0;0;2;1;-9,357978;-38,062927;"SPRF-BA";"DEL07-BA";"UOP01-DEL07-BA"
190701;2019-02-11;"segunda-feira";"11:15:00";"MS";158;3;"CASSILANDIA";"Falta de Atenção à Condução";"Colisão traseira";"Com Vítimas Feridas";"Pleno dia";"Crescente";"Nublado";"Simples";"Reta";"Sim";2;0;1;1;0;0;2;2;-19,119783;-51,73276;"SPRF-MS";"DEL08-MS";"UOP01-DEL08-MS"
190702;2019-02-11;"segunda-feira";"12:00:00";"PR";369;151,1;"LONDRINA";"Desobediência às normas de trânsito pelo condutor";"Colisão traseira";"Com Vítimas Feridas";"Pleno dia";"Decrescente";"Céu Claro";"Dupla";"Reta";"Sim";2;0;2;0;0;0;2;2;-23,29310967;-51,16174757;"SPRF-PR";"DEL07-PR";"UOP01-DEL07-PR"
190703;2019-02-03;"domingo";"18:20:00";"MS";267;366;"MARACAJU";"Falta de Atenção à Condução";"Queda de ocupante de veículo";"Com Vítimas Fatais";"Anoitecer";"Crescente";"Céu Claro";"Simples";"Reta";"Não";1;1;0;0;0;0;0;1;-21,64015241;-55,14448107;"SPRF-MS";"DEL05-MS";"UOP01-DEL05-MS"
190704;2019-02-11;"segunda-feira";"09:30:00";"BA";101;534;"SAO JOSE DA VITORIA";"Falta de Atenção à Condução";"Queda de ocupante de veículo";"Com Vítimas Feridas";"Pleno dia";"Decrescente";"Céu Claro";"Simples";"Curva";"Não";2;0;1;0;1;0;1;1;-15,0218;-39,3291;"SPRF-BA";"DEL05-BA";"UOP01-DEL05-BA"
190705;2019-02-11;"segunda-feira";"11:35:00";"SC";280;127,5;"RIO NEGRINHO";"Mal Súbito";"Colisão frontal";"Com Vítimas Feridas";"Pleno dia";"Crescente";"Céu Claro";"Simples";"Reta;Aclive";"Sim";2;0;2;0;0;0;2;2;-26,24760062;-49,52541299;"SPRF-SC";"DEL06-SC";"UOP03-DEL06-SC"
190707;2019-02-11;"segunda-feira";"12:50:00";"DF";40;5,1;"BRASILIA";"Falta de Atenção à Condução";"Capotamento";"Com Vítimas Feridas";"Pleno dia";"Decrescente";"Céu Claro";"Dupla";"Reta";"Sim";5;0;1;0;4;0;1;2;-16,020903;-47,980541;"SPRF-DF";"DEL01-DF";"UOP01-DEL01-DF"
190708;2019-02-11;"segunda-feira";"13:20:00";"SC";101;40,1;"JOINVILLE";"Pista Escorregadia";"Colisão lateral";"Sem Vítimas";"Pleno dia";"Crescente";"Sol";"Simples";"Viaduto";"Não";2;0;0;0;2;0;0;2;-26,3166;-48,8733;"SPRF-SC";"DEL03-SC";"UOP01-DEL03-SC"
190709;2019-02-11;"segunda-feira";"13:10:00";"SP";116;284;"EMBU DAS ARTES";"Velocidade Incompatível";"Tombamento";"Com Vítimas Feridas";"Pleno dia";"Crescente";"Céu Claro";"Dupla";"Reta";"Sim";1;0;1;0;0;0;1;1;-23,67915184;-46,85857329;"SPRF-SP";"DEL04-SP";"UOP01-DEL04-SP"
190710;2019-02-11;"segunda-feira";"11:55:00";"PI";343;342;"TERESINA";"Não guardar distância de segurança";"Colisão traseira";"Com Vítimas Feridas";"Pleno dia";"Crescente";"Céu Claro";"Dupla";"Rotatória";"Sim";1;0;1;0;0;0;1;1;-5,08284;-42,750385;"SPRF-PI";"DEL01-PI";"UOP01-DEL01-PI"
190711;2019-02-10;"domingo";"05:00:00";"PR";116;199,6;"RIO NEGRO";"Velocidade Incompatível";"Capotamento";"Sem Vítimas";"Plena Noite";"Crescente";"Céu Claro";"Simples";"Curva";"Não";1;0;0;0;1;0;0;1;-26,03962932;-49,69534054;"SPRF-SC";"DEL06-SC";"UOP01-DEL06-SC"
190715;2019-02-11;"segunda-feira";"13:30:00";"SP";116;270;"TABOAO DA SERRA";"Falta de Atenção à Condução";"Colisão traseira";"Com Vítimas Feridas";"Pleno dia";"Decrescente";"Céu Claro";"Dupla";"Reta";"Sim";3;0;1;0;1;1;1;3;-23,6079405;-46,7609527;"SPRF-SP";"DEL04-SP";"UOP01-DEL04-SP"
190716;2019-02-11;"segunda-feira";"13:30:00";"SP";116;430;"REGISTRO";"Desobediência às normas de trânsito pelo pedestre";"Atropelamento de Pedestre";"Com Vítimas Feridas";"Pleno dia";"Crescente";"Sol";"Dupla";"Reta";"Não";3;0;1;0;2;0;1;2;-24,40709884;-47,74613142;"SPRF-SP";"DEL05-SP";"UOP01-DEL05-SP"
190717;2019-02-11;"segunda-feira";"13:20:00";"PI";316;44;"LAGOA DO PIAUI";"Defeito Mecânico no Veículo";"Capotamento";"Com Vítimas Feridas";"Pleno dia";"Decrescente";"Sol";"Simples";"Reta";"Não";2;0;1;0;1;0;1;1;-5,45453398;-42,63459574;"SPRF-PI";"DEL01-PI";"UOP02-DEL01-PI"
190718;2019-02-11;"segunda-feira";"12:30:00";"PB";361;19,4;"SANTA TERESINHA";"Falta de Atenção à Condução";"Saída de leito carroçável";"Com Vítimas Feridas";"Pleno dia";"Crescente";"Céu Claro";"Simples";"Reta";"Não";2;0;2;0;0;0;2;1;-7,07547281;-37,41841632;"SPRF-PB";"DEL03-PB";"UOP01-DEL03-PB"
190721;2019-02-11;"segunda-feira";"14:50:00";"RJ";101;478;"ANGRA DOS REIS";"Desobediência às normas de trânsito pelo condutor";"Colisão lateral";"Com Vítimas Feridas";"Pleno dia";"Crescente";"Céu Claro";"Simples";"Curva";"Sim";2;0;0;1;1;0;1;2;-23,00864826;-44,27593231;"SPRF-RJ";"DEL03-RJ";"UOP03-DEL03-RJ"
190723;2019-02-11;"segunda-feira";"12:45:00";"RO";364;307;"PRESIDENTE MEDICI";"Falta de Atenção à Condução";"Colisão transversal";"Com Vítimas Feridas";"Pleno dia";"Crescente";"Chuva";"Múltipla";"Reta";"Sim";2;0;1;1;0;0;2;2;-11,181452;-61,901539;"SPRF-RO";"DEL02-RO";"UOP01-DEL02-RO"
190724;2019-02-11;"segunda-feira";"15:20:00";"SC";101;146;"ITAPEMA";"Avarias e/ou desgaste excessivo no pneu";"Queda de ocupante de veículo";"Com Vítimas Feridas";"Pleno dia";"Decrescente";"Nublado";"Dupla";"Aclive";"Sim";1;0;1;0;0;0;1;1;-27,0918;-48,6168;"SPRF-SC";"DEL04-SC";"UOP03-DEL04-SC"
190725;2019-02-11;"segunda-feira";"11:20:00";"PE";232;31;"MORENO";"Falta de Atenção à Condução";"Capotamento";"Com Vítimas Feridas";"Pleno dia";"Decrescente";"Sol";"Dupla";"Curva";"Não";4;0;2;2;0;0;4;1;-8,106757;-35,158428;"SPRF-PE";"DEL01-PE";"UOP02-DEL02PE"
190726;2019-02-11;"segunda-feira";"15:20:00";"PR";376;305,9;"MAUA DA SERRA";"Pista Escorregadia";"Saída de leito carroçável";"Com Vítimas Feridas";"Pleno dia";"Decrescente";"Chuva";"Dupla";"Curva";"Não";2;0;2;0;0;0;2;1;-23,938899;-51,121637;"SPRF-PR";"DEL07-PR";"UOP02-DEL07-PR"
190728;2019-02-11;"segunda-feira";"15:20:00";"GO";153;507,2;"APARECIDA DE GOIANIA";"Desobediência às normas de trânsito pelo pedestre";"Atropelamento de Pedestre";"Com Vítimas Feridas";"Pleno dia";"Crescente";"Sol";"Dupla";"Reta";"Sim";2;0;0;1;1;0;1;2;-16,7715;-49,2387;"SPRF-GO";"DEL01-GO";"UOP03-DEL01-GO"
190730;2019-02-11;"segunda-feira";"14:35:00";"PI";343;331,6;"TERESINA";"Avarias e/ou desgaste excessivo no pneu";"Capotamento";"Com Vítimas Feridas";"Pleno dia";"Decrescente";"Céu Claro";"Simples";"Reta";"Não";1;0;1;0;0;0;1;1;-5,058151;-42,667329;"SPRF-PI";"DEL01-PI";"UOP01-DEL01-PI"
190732;2019-02-11;"segunda-feira";"07:40:00";"BA";116;59;"CHORROCHO";"Desobediência às normas de trânsito pelo condutor";"Capotamento";"Com Vítimas Fatais";"Pleno dia";"Decrescente";"Chuva";"Simples";"Reta";"Sim";4;1;1;2;0;0;3;1;-9,132724;-39,126727;"SPRF-PE";"DEL05-PE";"UOP03-DEL05-PE"
190734;2019-02-11;"segunda-feira";"15:50:00";"PR";376;300;"MAUA DA SERRA";"Velocidade Incompatível";"Capotamento";"Com Vítimas Feridas";"Pleno dia";"Decrescente";"Chuva";"Dupla";"Curva";"Não";4;0;4;0;0;0;4;1;-23,93654522;-51,16685987;"SPRF-PR";"DEL07-PR";"UOP02-DEL07-PR"
190736;2019-02-11;"segunda-feira";"14:40:00";"ES";101;149;"LINHARES";"Falta de Atenção à Condução";"Queda de ocupante de veículo";"Com Vítimas Feridas";"Pleno dia";"Crescente";"Sol";"Múltipla";"Reta";"Sim";1;0;0;1;0;0;1;1;-19,39981598;-40,06241798;"SPRF-ES";"DEL04-ES";"UOP01-DEL04-ES"
190737;2019-02-11;"segunda-feira";"15:10:00";"PR";476;187;"LAPA";"Falta de Atenção à Condução";"Colisão transversal";"Com Vítimas Feridas";"Pleno dia";"Crescente";"Nublado";"Simples";"Reta";"Sim";2;0;1;0;1;0;1;2;-25,718828;-49,656811;"SPRF-PR";"DEL01-PR";"UOP06-DEL01-PR"
190740;2019-02-11;"segunda-feira";"14:00:00";"CE";222;274,9;"FRECHEIRINHA";"Desobediência às normas de trânsito pelo condutor";"Colisão lateral";"Com Vítimas Fatais";"Pleno dia";"Decrescente";"Sol";"Simples";"Reta";"Não";2;1;0;0;1;0;0;2;-3,761448;-40,765282;"SPRF-CE";"DEL04-CE";"UOP01-DEL04-CE"
190741;2019-02-11;"segunda-feira";"15:30:00";"SE";101;102;"SAO CRISTOVAO";"Falta de Atenção do Pedestre";"Atropelamento de Pedestre";"Com Vítimas Feridas";"Pleno dia";"Crescente";"Nublado";"Dupla";"Reta;Declive";"Não";2;0;1;0;0;1;1;2;-10,9539;-37,2221;"SPRF-SE";"DEL02-SE";"UOP01-DEL02-SE"
190742;2019-01-11;"sexta-feira";"07:45:00";"PB";412;24;"BOA VISTA";"Ultrapassagem Indevida";"Saída de leito carroçável";"Com Vítimas Feridas";"Pleno dia";"Decrescente";"Sol";"Simples";"Reta";"Não";2;0;2;0;0;0;2;1;-7,282114;-36,269737;"SPRF-PB";"DEL02-PB";"UOP02-DEL02-PB"
190745;2019-02-11;"segunda-feira";"16:20:00";"PR";277;674;"MEDIANEIRA";"Falta de Atenção à Condução";"Tombamento";"Com Vítimas Feridas";"Pleno dia";"Decrescente";"Céu Claro";"Dupla";"Reta";"Sim";1;0;1;0;0;0;1;1;-25,294872;-54,115097;"SPRF-PR";"DEL05-PR";"UOP01-DEL05-PR"
190749;2019-02-11;"segunda-feira";"14:00:00";"MT";163;835,7;"SINOP";"Não guardar distância de segurança";"Colisão lateral";"Com Vítimas Feridas";"Pleno dia";"Decrescente";"Céu Claro";"Múltipla";"Reta";"Sim";2;0;2;0;0;0;2;2;-11,85510819;-55,49370289;"SPRF-MT";"DEL06-MT";"UOP01-DEL06-MT"
190754;2019-02-11;"segunda-feira";"16:00:00";"BA";324;557;"AMELIA RODRIGUES";"Sinalização da via insuficiente ou inadequada";"Engavetamento";"Com Vítimas Feridas";"Pleno dia";"Decrescente";"Céu Claro";"Dupla";"Em Obras";"Não";27;0;1;0;26;0;1;5;-12,49577677;-38,64885461;"SPRF-BA";"DEL01-BA";"UOP01-DEL01-BA"
190755;2019-02-11;"segunda-feira";"17:20:00";"RS";116;265;"CANOAS";"Falta de Atenção à Condução";"Colisão traseira";"Sem Vítimas";"Anoitecer";"Crescente";"Nublado";"Múltipla";"Reta";"Sim";3;0;0;0;3;0;0;3;-29,923407;-51,177811;"SPRF-RS";"DEL01-RS";"UOP01-DEL01-RS"
190757;2019-02-11;"segunda-feira";"16:20:00";"BA";407;119;"SENHOR DO BONFIM";"Velocidade Incompatível";"Engavetamento";"Sem Vítimas";"Pleno dia";"Decrescente";"Sol";"Simples";"Aclive";"Sim";4;0;0;0;4;0;0;3;-10,395258;-40,177784;"SPRF-BA";"DEL04-BA";"UOP01-DEL04-BA"
190758;2019-02-11;"segunda-feira";"13:00:00";"BA";116;617,2;"JAGUAQUARA";"Defeito Mecânico no Veículo";"Incêndio";"Sem Vítimas";"Pleno dia";"Crescente";"Céu Claro";"Simples";"Reta";"Não";1;0;0;0;1;0;0;1;-13,39225367;-40,02243564;"SPRF-BA";"DEL03-BA";"UOP01-DEL03-BA"
190760;2019-02-11;"segunda-feira";"17:55:00";"PR";376;175,8;"MARINGA";"Não guardar distância de segurança";"Colisão traseira";"Com Vítimas Feridas";"Pleno dia";"Crescente";"Céu Claro";"Dupla";"Reta";"Sim";5;0;1;0;4;0;1;3;-23,41202537;-51,94228292;"SPRF-PR";"DEL07-PR";"UOP01-DEL09-PR"