"id";"data_inversa";"dia_semana";"horario";"uf";"br";"km";"municipio";"causa_acidente";"tipo_acidente";"classificacao_acidente";"fase_dia";"sentido_via";"condicao_metereologica";"tipo_pista";"tracado_via";"uso_solo";"pessoas";"mortos";"feridos_leves";"feridos_graves";"ilesos";"ignorados";"feridos";"veiculos";"latitude";"longitude";"regional";"delegacia";"uop"
190762;2019-02-11;"segunda-feira";"18:15:00";"RS";293;11,8;"CAPAO DO LEAO";"Falta de Atenção à Condução";"Colisão transversal";"Com Vítimas Feridas";"Pleno dia";"Decrescente";"Céu Claro";"Simples";"Curva";"Não";2;0;1;0;1;0;1;2;-31,75590433;-52,43911743;"SPRF-RS";"DEL07-RS";"UOP01-DEL07-RS"
190764;2019-02-11;"segunda-feira";"15:50:00";"MG";116;519,8;"ALPERCATA";"Condutor Dormindo";"Colisão lateral";"Com Vítimas Feridas";"Pleno dia";"Decrescente";"Céu Claro";"Simples";"Aclive";"Não";3;0;2;0;1;0;2;2;-19;-42;"SPRF-MG";"DEL06-MG";"UOP02-DEL06-MG"
190766;2019-02-11;"segunda-feira";"16:30:00";"MG";116;539,6;"SANTA RITA DE MINAS";"Falta de Atenção à Condução";"Colisão transversal";"Com Vítimas Feridas";"Pleno dia";"Crescente";"Sol";"Simples";"Reta";"Sim";2;0;0;1;1;0;1;2;-19,875843;-42,131769;"SPRF-MG";"DEL06-MG";"UOP02-DEL06-MG"
190767;2019-02-11;"segunda-feira";"17:00:00";"CE";304;80;"ARACATI";"Avarias e/ou desgaste excessivo no pneu";"Queda de ocupante de veículo";"Com Vítimas Feridas";"Pleno dia";"Decrescente";"Céu Claro";"Simples";"Reta";"Não";4;0;1;1;0;2;2;2;-4,725842;-37,554214;"SPRF-CE";"DEL03-CE";"UOP03-DEL03-CE"
190768;2019-02-11;"segunda-feira";"18:15:00";"GO";153;502;"GOIANIA";"Falta de Atenção à Condução";"Colisão traseira";"Sem Vítimas";"Pleno dia";"Crescente";"Nublado";"Dupla";"Reta";"Sim";3;0;0;0;3;0;0;3;-16,7287;-49,2424;"SPRF-GO";"DEL01-GO";"UOP01-DEL01-GO"
190769;2019-02-11;"segunda-feira";"18:25:00";"ES";101;294,8;"CARIACICA";"Falta de Atenção à Condução";"Engavetamento";"Sem Vítimas";"Pleno dia";"Decrescente";"Céu Claro";"Dupla";"Aclive";"Sim";3;0;0;0;3;0;0;3;-20,3316807;-40,39943587;"SPRF-ES";"DEL01-ES";"UOP01-DEL01-ES"
190770;2019-02-11;"segunda-feira";"18:30:00";"SC";101;207;"SAO JOSE";"Falta de Atenção à Condução";"Colisão traseira";"Com Vítimas Feridas";"Pleno dia";"Crescente";"Céu Claro";"Dupla";"Aclive";"Sim";2;0;1;0;1;0;1;2;-27,6034;-48,632;"SPRF-SC";"DEL01-SC";"UOP01-DEL01-SC"
190772;2019-02-11;"segunda-feira";"07:00:00";"MG";267;30;"ARGIRITA";"Falta de Atenção à Condução";"Queda de ocupante de veículo";"Com Vítimas Feridas";"Pleno dia";"Decrescente";"Nublado";"Simples";"Curva";"Não";1;0;1;0;0;0;1;1;-21,6416;-42,84;"SPRF-MG";"DEL07-MG";"UOP01-DEL07-MG"
190773;2019-02-11;"segunda-feira";"18:00:00";"SC";470;138;"RIO DO SUL";"Não guardar distância de segurança";"Colisão traseira";"Com Vítimas Feridas";"Pleno dia";"Crescente";"Chuva";"Simples";"Reta";"Sim";5;0;2;0;3;0;2;2;-27,207214;-49,648476;"SPRF-SC";"DEL04-SC";"UOP02-DEL04-SC"
190774;2019-02-11;"segunda-feira";"18:30:00";"MG";381;822,9;"CAREACU";"Velocidade Incompatível";"Saída de leito carroçável";"Com Vítimas Feridas";"Anoitecer";"Crescente";"Nublado";"Dupla";"Reta";"Não";3;0;2;1;0;0;3;1;-22,0919;-45,7087;"SPRF-MG";"DEL16-MG";"UOP02-DEL16-MG"
190775;2019-02-11;"segunda-feira";"17:20:00";"MS";463;2,9;"DOURADOS";"Desobediência às normas de trânsito pelo condutor";"Colisão frontal";"Com Vítimas Feridas";"Pleno dia";"Decrescente";"Céu Claro";"Simples";"Interseção de Vias";"Sim";3;0;1;0;2;0;1;2;-22,259155;-54,823421;"SPRF-MS";"DEL04-MS";"UOP01-DEL04-MS"
190776;2019-02-11;"segunda-feira";"18:20:00";"PR";376;170,3;"MARINGA";"Defeito Mecânico no Veículo";"Queda de ocupante de veículo";"Com Vítimas Feridas";"Anoitecer";"Crescente";"Chuva";"Dupla";"Reta";"Sim";2;0;1;1;0;0;2;1;-23,418228;-51,975006;"SPRF-PR";"DEL07-PR";"UOP01-DEL09-PR"
190777;2019-02-11;"segunda-feira";"18:00:00";"ES";101;270;"SERRA";"Desobediência às normas de trânsito pelo condutor";"Atropelamento de Pedestre";"Com Vítimas Feridas";"Anoitecer";"Crescente";"Céu Claro";"Múltipla";"Curva";"Sim";2;0;1;0;1;0;1;2;-20,22636191;-40,27079344;"SPRF-ES";"DEL02-ES";"UOP01-DEL02-ES"
190778;2019-02-11;"segunda-feira";"18:01:00";"RJ";356;170;"SAO JOAO DA BARRA";"Desobediência às normas de trânsito pelo condutor";"Colisão transversal";"Com Vítimas Feridas";"Pleno dia";"Crescente";"Céu Claro";"Simples";"Reta";"Sim";3;0;1;0;2;0;1;2;-21,718555;-41,101276;"SPRF-RJ";"DEL08-RJ";"UOP02-DEL08-RJ"
190779;2019-02-11;"segunda-feira";"18:30:00";"CE";116;36;"HORIZONTE";"Ingestão de Álcool";"Atropelamento de Pedestre";"Com Vítimas Feridas";"Plena Noite";"Crescente";"Céu Claro";"Dupla";"Reta";"Sim";2;0;1;0;1;0;1;2;-4,0756;-38,5001;"SPRF-CE";"DEL01-CE";"UOP02-DEL01-CE"
190780;2019-02-11;"segunda-feira";"18:10:00";"MG";116;418;"GOVERNADOR VALADARES";"Falta de Atenção à Condução";"Colisão lateral";"Com Vítimas Feridas";"Pleno dia";"Crescente";"Céu Claro";"Simples";"Reta";"Sim";2;0;1;0;1;0;1;2;-18,8857681;-41,9495915;"SPRF-MG";"DEL06-MG";"UOP01-DEL06-MG"
190782;2019-02-11;"segunda-feira";"18:00:00";"PE";407;124;"PETROLINA";"Falta de Atenção à Condução";"Colisão transversal";"Com Vítimas Feridas";"Anoitecer";"Crescente";"Céu Claro";"Dupla";"Rotatória";"Sim";2;0;2;0;0;0;2;2;-9,375881;-40,537764;"SPRF-PE";"DEL06-PE";"UOP01-DEL06-PE"
190785;2019-02-11;"segunda-feira";"17:50:00";"RO";364;716;"PORTO VELHO";"Falta de Atenção à Condução";"Engavetamento";"Sem Vítimas";"Pleno dia";"Decrescente";"Céu Claro";"Dupla";"Reta";"Não";4;0;0;0;4;0;0;4;-8,7924692;-63,90468489;"SPRF-RO";"DEL01-RO";"UOP01-DEL01-RO"
190786;2019-02-11;"segunda-feira";"18:10:00";"RR";174;503;"BOA VISTA";"Falta de Atenção à Condução";"Colisão lateral";"Com Vítimas Feridas";"Pleno dia";"Decrescente";"Céu Claro";"Dupla";"Rotatória";"Sim";3;0;1;0;2;0;1;2;2,794901;-60,698441;"SPRF-RR";"DEL01-RR";"UOP01-DEL01-RR"
190788;2019-02-11;"segunda-feira";"19:20:00";"PI";402;39;"PARNAIBA";"Animais na Pista";"Atropelamento de Animal";"Com Vítimas Feridas";"Plena Noite";"Decrescente";"Céu Claro";"Simples";"Reta";"Não";1;0;1;0;0;0;1;1;-2,932223;-41,754227;"SPRF-PI";"DEL05-PI";"UOP01-DEL05-PI"
190790;2019-02-11;"segunda-feira";"17:02:00";"SC";101;152;"ITAPEMA";"Falta de Atenção à Condução";"Colisão traseira";"Com Vítimas Feridas";"Pleno dia";"Crescente";"Nublado";"Dupla";"Reta";"Não";2;0;1;0;1;0;1;2;-27,1448;-48,6102;"SPRF-SC";"DEL04-SC";"UOP03-DEL04-SC"
190791;2019-02-11;"segunda-feira";"19:30:00";"PR";373;183;"PONTA GROSSA";"Falta de Atenção à Condução";"Colisão transversal";"Com Vítimas Feridas";"Anoitecer";"Decrescente";"Céu Claro";"Dupla";"Reta";"Não";5;0;4;0;1;0;4;2;-25,03942958;-50,27847469;"SPRF-PR";"DEL03-PR";"UOP01-DEL03-PR"
190792;2019-02-11;"segunda-feira";"19:35:00";"PE";101;47,5;"ABREU E LIMA";"Velocidade Incompatível";"Colisão com objeto estático";"Sem Vítimas";"Plena Noite";"Decrescente";"Nublado";"Múltipla";"Reta";"Sim";1;0;0;0;0;1;0;1;-7,8893;-34,9037;"SPRF-PE";"DEL01-PE";"UOP02-DEL01-PE"
190794;2019-02-11;"segunda-feira";"21:00:00";"SP";459;30,3;"LORENA";"Desobediência às normas de trânsito pelo condutor";"Colisão transversal";"Com Vítimas Feridas";"Plena Noite";"Crescente";"Ignorado";"Dupla";"Reta";"Não";2;0;2;0;0;0;2;2;-22,72730259;-45,10220043;"SPRF-SP";"DEL08-SP";"UOP03-DEL08-SP"
190795;2019-02-11;"segunda-feira";"20:30:00";"SP";381;36,8;"ATIBAIA";"Falta de Atenção à Condução";"Colisão lateral";"Com Vítimas Feridas";"Plena Noite";"Decrescente";"Céu Claro";"Dupla";"Reta";"Não";2;0;1;0;1;0;1;2;-23,097073;-46,571808;"SPRF-SP";"DEL03-SP";"UOP02-DEL03-SP"
190796;2019-02-11;"segunda-feira";"21:00:00";"RS";392;352,4;"SANTA MARIA";"Falta de Atenção à Condução";"Tombamento";"Com Vítimas Feridas";"Plena Noite";"Crescente";"Nublado";"Simples";"Reta";"Sim";1;0;1;0;0;0;1;1;-29,720404;-53,807632;"SPRF-RS";"DEL09-RS";"UOP01-DEL09-RS"
190797;2019-02-11;"segunda-feira";"21:00:00";"SC";101;218,4;"PALHOCA";"Defeito Mecânico no Veículo";"Colisão traseira";"Sem Vítimas";"Plena Noite";"Crescente";"Garoa/Chuvisco";"Dupla";"Interseção de Vias";"Sim";2;0;0;0;2;0;0;2;-27,680284;-48,66909212;"SPRF-SC";"DEL01-SC";"UOP02-DEL01-SC"
190798;2019-02-11;"segunda-feira";"20:30:00";"PE";101;48,2;"ABREU E LIMA";"Falta de Atenção à Condução";"Colisão transversal";"Sem Vítimas";"Plena Noite";"Crescente";"Nublado";"Múltipla";"Retorno Regulamentado";"Sim";2;0;0;0;2;0;0;2;-7,898;-34,9025;"SPRF-PE";"DEL01-PE";"UOP02-DEL01-PE"
190799;2019-02-11;"segunda-feira";"09:50:00";"SC";282;219,5;"LAGES";"Ingestão de álcool e/ou substâncias psicoativas pelo pedestre";"Atropelamento de Pedestre";"Com Vítimas Feridas";"Pleno dia";"Crescente";"Sol";"Simples";"Reta";"Sim";2;0;0;1;1;0;1;2;-27,795521;-50,323608;"SPRF-SC";"DEL05-SC";"UOP01-DEL05-SC"
190801;2019-02-11;"segunda-feira";"20:00:00";"MT";163;602;"NOVA MUTUM";"Falta de Atenção do Pedestre";"Atropelamento de Pedestre";"Com Vítimas Feridas";"Plena Noite";"Decrescente";"Nublado";"Simples";"Reta";"Não";2;0;1;0;1;0;1;2;-13,76823097;-56,05636597;"SPRF-MT";"DEL01-MT";"UOP01-DEL01-MT"
190802;2019-02-11;"segunda-feira";"18:55:00";"RJ";101;472;"ANGRA DOS REIS";"Ingestão de Substâncias Psicoativas";"Colisão traseira";"Sem Vítimas";"Anoitecer";"Decrescente";"Nublado";"Simples";"Curva";"Sim";2;0;0;0;2;0;0;2;-22,991113;-44,233098;"SPRF-RJ";"DEL03-RJ";"UOP03-DEL03-RJ"
190803;2019-02-11;"segunda-feira";"21:45:00";"SP";153;79,8;"BADY BASSITT";"Ingestão de Álcool";"Atropelamento de Pedestre";"Com Vítimas Feridas";"Plena Noite";"Crescente";"Céu Claro";"Simples";"Curva;Declive";"Não";4;0;1;1;2;0;2;2;-20,906729;-49,47097;"SPRF-SP";"DEL09-SP";"UOP01-DEL09-SP"
190804;2019-02-11;"segunda-feira";"21:00:00";"SP";381;37;"ATIBAIA";"Falta de Atenção à Condução";"Colisão traseira";"Com Vítimas Feridas";"Plena Noite";"Decrescente";"Céu Claro";"Dupla";"Reta";"Não";2;0;1;0;1;0;1;2;-23,10466133;-46,56844854;"SPRF-SP";"DEL03-SP";"UOP01-DEL03-SP"
190808;2019-02-11;"segunda-feira";"20:45:00";"PB";104;160,2;"BARRA DE SANTANA";"Desobediência às normas de trânsito pelo condutor";"Colisão transversal";"Com Vítimas Feridas";"Plena Noite";"Crescente";"Nublado";"Simples";"Curva";"Não";3;0;0;1;2;0;1;2;-7,524281;-35,992741;"SPRF-PB";"DEL02-PB";"UOP03-DEL02-PB"
190809;2019-02-11;"segunda-feira";"18:40:00";"PE";232;104,9;"BEZERROS";"Falta de Atenção do Pedestre";"Atropelamento de Pedestre";"Com Vítimas Feridas";"Plena Noite";"Decrescente";"Céu Claro";"Dupla";"Reta";"Não";2;0;0;1;0;1;1;2;-8,25219;-35,76585;"SPRF-PE";"DEL02-PE";"UOP03-DEL02-PE"
190811;2019-02-11;"segunda-feira";"20:15:00";"PI";343;202,9;"PIRIPIRI";"Animais na Pista";"Saída de leito carroçável";"Com Vítimas Feridas";"Plena Noite";"Crescente";"Céu Claro";"Simples";"Reta";"Sim";3;0;1;1;1;0;2;1;-4,401662;-41,865887;"SPRF-PI";"DEL02-PI";"UOP01-DEL02-PI"
190813;2019-02-11;"segunda-feira";"22:05:00";"CE";222;2;"FORTALEZA";"Falta de Atenção do Pedestre";"Atropelamento de Pedestre";"Com Vítimas Feridas";"Plena Noite";"Crescente";"Céu Claro";"Múltipla";"Reta";"Sim";2;0;2;0;0;0;2;2;-3,739117;-38,586914;"SPRF-CE";"DEL01-CE";"UOP01-DEL01-CE"
190814;2019-02-03;"domingo";"16:40:00";"SP";116;299;"SAO LOURENCO DA SERRA";"Falta de Atenção à Condução";"Colisão traseira";"Com Vítimas Feridas";"Pleno dia";"Decrescente";"Céu Claro";"Dupla";"Reta";"Não";3;0;1;0;2;0;1;2;-23,78784381;-46,91373652;"SPRF-SP";"DEL04-SP";"UOP01-DEL04-SP"
190815;2019-02-11;"segunda-feira";"19:30:00";"SC";282;397,1;"JOACABA";"Velocidade Incompatível";"Saída de leito carroçável";"Com Vítimas Feridas";"Plena Noite";"Crescente";"Chuva";"Simples";"Curva";"Não";1;0;0;1;0;0;1;1;-27,149353;-51,607876;"SPRF-SC";"DEL07-SC";"UOP05-DEL07-SC"
190816;2019-02-11;"segunda-feira";"21:10:00";"RO";364;710;"PORTO VELHO";"Ingestão de Álcool";"Colisão traseira";"Com Vítimas Feridas";"Plena Noite";"Decrescente";"Nublado";"Dupla";"Interseção de Vias";"Sim";3;0;2;0;1;0;2;2;-8,78536529;-63,85934483;"SPRF-RO";"DEL01-RO";"UOP01-DEL01-RO"
190821;2019-02-11;"segunda-feira";"15:00:00";"PI";135;419;"REDENCAO DO GURGUEIA";"Defeito na Via";"Capotamento";"Com Vítimas Feridas";"Pleno dia";"Crescente";"Céu Claro";"Simples";"Reta";"Não";3;0;1;1;1;0;2;1;-9,471015;-44,697479;"SPRF-PI";"DEL03-PI";"UOP02-DEL03-PI"
190822;2019-02-11;"segunda-feira";"23:30:00";"MS";419;321;"NIOAQUE";"Animais na Pista";"Queda de ocupante de veículo";"Com Vítimas Feridas";"Plena Noite";"Crescente";"Céu Claro";"Simples";"Reta";"Não";2;0;2;0;0;0;2;1;-21,077589;-55,803337;"SPRF-MS";"DEL03-MS";"UOP01-DEL03-MS"
190823;2019-02-11;"segunda-feira";"21:15:00";"SC";101;260;"PAULO LOPES";"Condutor Dormindo";"Colisão com objeto estático";"Com Vítimas Feridas";"Plena Noite";"Crescente";"Nublado";"Dupla";"Reta";"Não";1;0;1;0;0;0;1;1;-28,0326;-48,707;"SPRF-SC";"DEL02-SC";"UOP03-DEL02-SC"
190824;2019-02-11;"segunda-feira";"20:30:00";"SC";280;70;"JARAGUA DO SUL";"Falta de Atenção à Condução";"Colisão frontal";"Com Vítimas Feridas";"Plena Noite";"Decrescente";"Chuva";"Simples";"Reta";"Sim";3;0;2;0;1;0;2;2;-26,46521;-49,126793;"SPRF-SC";"DEL03-SC";"UOP03-DEL03-SC"
190825;2019-02-12;"terça-feira";"02:40:00";"GO";153;616;"MORRINHOS";"Animais na Pista";"Atropelamento de Animal";"Sem Vítimas";"Plena Noite";"Crescente";"Nublado";"Dupla";"Reta";"Não";1;0;0;0;1;0;0;1;-17,6864;-49,159;"SPRF-GO";"DEL03-GO";"UOP01-DEL03-GO"
190826;2019-02-12;"terça-feira";"02:30:00";"RJ";116;304,4;"RESENDE";"Falta de Atenção do Pedestre";"Atropelamento de Pedestre";"Com Vítimas Fatais";"Plena Noite";"Crescente";"Céu Claro";"Simples";"Reta";"Sim";2;1;0;0;1;0;0;2;-22,45909524;-44,43743348;"SPRF-RJ";"DEL07-RJ";"DEL5/7-UOP03/RJ"
190827;2019-02-12;"terça-feira";"03:15:00";"ES";101;1,5;"VITORIA";"Falta de Atenção à Condução";"Queda de ocupante de veículo";"Com Vítimas Feridas";"Plena Noite";"Crescente";"Céu Claro";"Dupla";"Reta";"Não";1;0;1;0;0;0;1;1;-20,25216415;-40,28761335;"SPRF-ES";"DEL02-ES";"UOP01-DEL02-ES"
190829;2019-02-12;"terça-feira";"02:30:00";"PE";232;46;"VITORIA DE SANTO ANTAO";"Falta de Atenção à Condução";"Saída de leito carroçável";"Com Vítimas Feridas";"Plena Noite";"Decrescente";"Céu Claro";"Dupla";"Reta";"Não";5;0;4;0;1;0;4;1;-8,13311558;-35,28801084;"SPRF-PE";"DEL01-PE";"UOP02-DEL02PE"
190830;2019-02-12;"terça-feira";"02:50:00";"SC";101;392,5;"CRICIUMA";"Condutor Dormindo";"Colisão com objeto estático";"Com Vítimas Feridas";"Plena Noite";"Crescente";"Nublado";"Dupla";"Reta";"Não";1;0;1;0;0;0;1;1;-28,8103;-49,3818;"SPRF-SC";"DEL02-SC";"UOP02-DEL02-SC"
190831;2019-02-12;"terça-feira";"04:10:00";"PR";116;115,8;"CURITIBA";"Velocidade Incompatível";"Colisão com objeto estático";"Com Vítimas Fatais";"Plena Noite";"Decrescente";"Nublado";"Dupla";"Reta";"Sim";1;1;0;0;0;0;0;1;-25,544559;-49,30146;"SPRF-PR";"DEL01-PR";"UOP07-DEL01-PR"
190839;2019-02-12;"terça-feira";"06:10:00";"PR";376;448,9;"TIBAGI";"Velocidade Incompatível";"Saída de leito carroçável";"Com Vítimas Fatais";"Amanhecer";"Crescente";"Chuva";"Dupla";"Curva";"Não";2;1;0;1;0;0;1;1;-24,863;-50,4474;"SPRF-PR";"DEL03-PR";"UOP02-DEL03-PR"
190840;2019-02-12;"terça-feira";"07:00:00";"PR";376;177;"MARINGA";"Fenômenos da Natureza";"Capotamento";"Com Vítimas Feridas";"Pleno dia";"Crescente";"Chuva";"Múltipla";"Reta";"Sim";1;0;1;0;0;0;1;1;-23,412691;-51,931583;"SPRF-PR";"DEL07-PR";"UOP01-DEL09-PR"
190841;2019-02-12;"terça-feira";"05:55:00";"SE";235;35,2;"AREIA BRANCA";"Falta de Atenção à Condução";"Colisão transversal";"Com Vítimas Feridas";"Amanhecer";"Decrescente";"Céu Claro";"Simples";"Reta";"Sim";2;0;0;1;1;0;1;2;-10,763301;-37,320831;"SPRF-SE";"DEL01-SE";"UOP02-DEL01-SE"
190842;2019-02-12;"terça-feira";"07:00:00";"PR";376;174;"MARINGA";"Falta de Atenção à Condução";"Colisão lateral";"Com Vítimas Feridas";"Pleno dia";"Crescente";"Chuva";"Dupla";"Rotatória";"Sim";2;0;1;0;1;0;1;2;-23,411356;-51,940777;"SPRF-PR";"DEL07-PR";"UOP01-DEL09-PR"
190843;2019-02-12;"terça-feira";"07:10:00";"SC";101;110,9;"NAVEGANTES";"Ultrapassagem Indevida";"Colisão lateral";"Com Vítimas Feridas";"Amanhecer";"Decrescente";"Céu Claro";"Dupla";"Reta";"Não";2;0;1;0;1;0;1;2;-26,8397;-48,714;"SPRF-SC";"DEL04-SC";"UOP04-DEL04-SC"
190845;2019-02-12;"terça-feira";"07:00:00";"ES";101;266,1;"SERRA";"Falta de Atenção à Condução";"Colisão transversal";"Com Vítimas Feridas";"Pleno dia";"Crescente";"Céu Claro";"Simples";"Reta";"Sim";3;0;1;0;2;0;1;2;-20,19575554;-40,26895199;"SPRF-ES";"DEL02-ES";"UOP01-DEL02-ES"
190846;2019-02-12;"terça-feira";"07:10:00";"PR";476;123;"CURITIBA";"Falta de Atenção à Condução";"Colisão traseira";"Com Vítimas Feridas";"Pleno dia";"Crescente";"Céu Claro";"Dupla";"Reta";"Sim";2;0;1;0;1;0;1;2;-25,392904;-49,209557;"SPRF-PR";"DEL01-PR";"UOP07-DEL01-PR"
190847;2019-02-12;"terça-feira";"05:55:00";"PE";428;190,8;"PETROLINA";"Falta de Atenção à Condução";"Colisão transversal";"Com Vítimas Feridas";"Amanhecer";"Decrescente";"Céu Claro";"Dupla";"Retorno Regulamentado";"Não";3;0;2;0;1;0;2;2;-9,372067;-40,486843;"SPRF-PE";"DEL06-PE";"UOP01-DEL06-PE"
190848;2019-02-12;"terça-feira";"07:30:00";"SC";101;120,8;"ITAJAI";"Falta de Atenção à Condução";"Tombamento";"Com Vítimas Feridas";"Pleno dia";"Crescente";"Nublado";"Dupla";"Curva";"Sim";1;0;1;0;0;0;1;1;-26,9211;-48,7084;"SPRF-SC";"DEL04-SC";"UOP04-DEL04-SC"
190849;2019-02-12;"terça-feira";"07:35:00";"PR";376;181;"MARINGA";"Fenômenos da Natureza";"Tombamento";"Com Vítimas Feridas";"Pleno dia";"Crescente";"Chuva";"Dupla";"Reta";"Sim";1;0;1;0;0;0;1;1;-23,42985897;-51,89048767;"SPRF-PR";"DEL07-PR";"UOP01-DEL09-PR"
190852;2019-02-12;"terça-feira";"06:40:00";"BA";324;562;"SAO SEBASTIAO DO PASSE";"Defeito Mecânico no Veículo";"Queda de ocupante de veículo";"Com Vítimas Feridas";"Pleno dia";"Decrescente";"Céu Claro";"Dupla";"Reta";"Não";2;0;2;0;0;0;2;1;-12,51525323;-38,62249201;"SPRF-BA";"DEL01-BA";"UOP01-DEL01-BA"
190853;2019-02-12;"terça-feira";"07:45:00";"PR";373;267,9;"PRUDENTOPOLIS";"Falta de Atenção à Condução";"Colisão transversal";"Com Vítimas Feridas";"Pleno dia";"Crescente";"Chuva";"Simples";"Reta;Declive";"Sim";2;0;1;0;1;0;1;2;-25,20902634;-51,00344029;"SPRF-PR";"DEL03-PR";"UOP01-DEL03-PR"
190854;2019-02-12;"terça-feira";"07:15:00";"PR";158;526;"PATO BRANCO";"Velocidade Incompatível";"Saída de leito carroçável";"Sem Vítimas";"Pleno dia";"Decrescente";"Céu Claro";"Simples";"Curva";"Não";2;0;0;0;2;0;0;1;-26,20228;-52,678215;"SPRF-PR";"DEL02-PR";"UOP01-DEL02-PR"
190855;2019-01-19;"sábado";"17:10:00";"SC";101;39,9;"JOINVILLE";"Falta de Atenção à Condução";"Colisão com objeto estático";"Sem Vítimas";"Pleno dia";"Crescente";"Chuva";"Dupla";"Reta";"Não";2;0;0;0;2;0;0;2;-26,31769032;-48,87268066;"SPRF-SC";"DEL03-SC";"UOP01-DEL03-SC"
190857;2019-02-12;"terça-feira";"07:30:00";"MG";262;364,5;"JUATUBA";"Falta de Atenção à Condução";"Colisão lateral";"Com Vítimas Feridas";"Amanhecer";"Decrescente";"Céu Claro";"Dupla";"Curva";"Não";2;0;1;0;1;0;1;2;-19,9735;-44,3155;"SPRF-MG";"DEL01-MG";"UOP03-DEL01-MG"
190858;2019-02-12;"terça-feira";"07:40:00";"PR";369;190,9;"ARAPONGAS";"Velocidade Incompatível";"Saída de leito carroçável";"Com Vítimas Feridas";"Pleno dia";"Crescente";"Chuva";"Dupla";"Retorno Regulamentado;Reta";"Não";1;0;1;0;0;0;1;1;-23,46377063;-51,42356068;"SPRF-PR";"DEL07-PR";"UOP03-DEL07-PR"
190859;2019-01-02;"quarta-feira";"12:00:00";"PR";163;165,1;"LINDOESTE";"Desobediência às normas de trânsito pelo condutor";"Colisão frontal";"Com Vítimas Feridas";"Pleno dia";"Decrescente";"Céu Claro";"Simples";"Declive";"Não";2;0;0;1;1;0;1;2;-25,3033;-53,5758;"SPRF-PR";"DEL04-PR";"UOP05-DEL05-PR"
190860;2019-02-12;"terça-feira";"08:40:00";"MG";381;344;"BELA VISTA DE MINAS";"Desobediência às normas de trânsito pelo condutor";"Colisão traseira";"Com Vítimas Feridas";"Pleno dia";"Crescente";"Céu Claro";"Simples";"Reta";"Não";2;0;0;1;1;0;1;2;-19,7784;-43,0437;"SPRF-MG";"DEL03-MG";"UOP01-DEL03-MG"
190862;2019-02-12;"terça-feira";"06:30:00";"PR";116;131,6;"FAZENDA RIO GRANDE";"Pista Escorregadia";"Colisão com objeto estático";"Com Vítimas Feridas";"Amanhecer";"Decrescente";"Céu Claro";"Múltipla";"Viaduto";"Sim";1;0;1;0;0;0;1;1;-25,630278;-49,313812;"SPRF-PR";"DEL01-PR";"UOP03-DEL01-PR"
190864;2019-02-12;"terça-feira";"08:20:00";"PB";101;55,4;"SANTA RITA";"Falta de Atenção à Condução";"Colisão lateral";"Com Vítimas Feridas";"Pleno dia";"Crescente";"Nublado";"Dupla";"Reta";"Não";3;0;1;1;1;0;2;2;-6,9728;-35,0805;"SPRF-PB";"DEL01-PB";"UOP04-DEL01-PB"
190865;2019-02-12;"terça-feira";"07:50:00";"MG";365;611,1;"UBERLANDIA";"Falta de Atenção à Condução";"Tombamento";"Com Vítimas Feridas";"Pleno dia";"Crescente";"Céu Claro";"Dupla";"Reta";"Sim";1;0;1;0;0;0;1;1;-18,9036235;-48,18621904;"SPRF-MG";"DEL15-MG";"UOP01-DEL15-MG"
190867;2019-02-12;"terça-feira";"10:00:00";"MG";381;486,8;"BETIM";"Avarias e/ou desgaste excessivo no pneu";"Tombamento";"Com Vítimas Feridas";"Pleno dia";"Decrescente";"Céu Claro";"Dupla";"Reta";"Sim";2;0;2;0;0;0;2;1;-19,9554;-44,1157;"SPRF-MG";"DEL01-MG";"UOP03-DEL01-MG"
190868;2019-02-12;"terça-feira";"10:10:00";"PR";277;576,6;"CASCAVEL";"Defeito Mecânico no Veículo";"Queda de ocupante de veículo";"Com Vítimas Feridas";"Pleno dia";"Crescente";"Nublado";"Simples";"Reta";"Sim";2;0;2;0;0;0;2;1;-25,02817;-53,55983;"SPRF-PR";"DEL04-PR";"UOP01-DEL04-PR"
190872;2019-02-12;"terça-feira";"10:30:00";"SC";101;223;"PALHOCA";"Falta de Atenção à Condução";"Capotamento";"Com Vítimas Feridas";"Pleno dia";"Decrescente";"Céu Claro";"Dupla";"Aclive";"Não";2;0;1;0;1;0;1;1;-27,7248;-48,6435;"SPRF-SC";"DEL01-SC";"UOP02-DEL01-SC"
190874;2019-02-12;"terça-feira";"07:50:00";"SC";101;146,2;"ITAPEMA";"Desobediência às normas de trânsito pelo condutor";"Colisão transversal";"Com Vítimas Feridas";"Pleno dia";"Crescente";"Nublado";"Simples";"Reta";"Sim";2;0;1;0;1;0;1;2;-27,0918;-48,6168;"SPRF-SC";"DEL04-SC";"UOP03-DEL04-SC"
190875;2019-02-12;"terça-feira";"10:55:00";"GO";60;451,1;"JATAI";"Falta de Atenção à Condução";"Saída de leito carroçável";"Com Vítimas Feridas";"Pleno dia";"Crescente";"Nublado";"Dupla";"Declive";"Não";2;0;2;0;0;0;2;1;-17,8539;-51,5345;"SPRF-GO";"DEL05-GO";"UOP01-DEL05-GO"
190877;2019-02-12;"terça-feira";"11:30:00";"SC";101;213;"PALHOCA";"Falta de Atenção à Condução";"Colisão traseira";"Com Vítimas Feridas";"Pleno dia";"Crescente";"Céu Claro";"Dupla";"Reta";"Não";3;0;1;0;2;0;1;3;-27,6446;-48,6705;"SPRF-SC";"DEL01-SC";"UOP02-DEL01-SC"