"id";"data_inversa";"dia_semana";"horario";"uf";"br";"km";"municipio";"causa_acidente";"tipo_acidente";"classificacao_acidente";"fase_dia";"sentido_via";"condicao_metereologica";"tipo_pista";"tracado_via";"uso_solo";"pessoas";"mortos";"feridos_leves";"feridos_graves";"ilesos";"ignorados";"feridos";"veiculos";"latitude";"longitude";"regional";"delegacia";"uop"
190880;2019-02-12;"terça-feira";"11:25:00";"BA";407;131,7;"SENHOR DO BONFIM";"Falta de Atenção à Condução";"Queda de ocupante de veículo";"Sem Vítimas";"Pleno dia";"Crescente";"Céu Claro";"Simples";"Reta";"Não";1;0;0;0;1;0;0;1;-10,50982919;-40,15508234;"SPRF-BA";"DEL04-BA";"UOP01-DEL04-BA"
190883;2019-02-12;"terça-feira";"10:55:00";"PR";163;291,4;"MARECHAL CANDIDO RONDON";"Ultrapassagem Indevida";"Saída de leito carroçável";"Com Vítimas Feridas";"Pleno dia";"Crescente";"Céu Claro";"Dupla";"Aclive";"Não";1;0;1;0;0;0;1;1;-24,5173;-54,0879;"SPRF-PR";"DEL06-PR";"UOP02-DEL06-PR"
190885;2019-02-12;"terça-feira";"10:50:00";"RJ";101;206;"CASIMIRO DE ABREU";"Falta de Atenção à Condução";"Colisão lateral";"Com Vítimas Feridas";"Pleno dia";"Crescente";"Sol";"Simples";"Reta";"Sim";3;0;1;0;2;0;1;2;-22,476734;-42,201725;"SPRF-RJ";"DEL02-RJ";"UOP04-DEL08-RJ"
190886;2019-02-12;"terça-feira";"12:40:00";"SC";101;194;"BIGUACU";"Falta de Atenção à Condução";"Colisão transversal";"Com Vítimas Feridas";"Pleno dia";"Crescente";"Céu Claro";"Simples";"Interseção de Vias";"Sim";2;0;1;0;1;0;1;2;-27,5055;-48,6491;"SPRF-SC";"DEL01-SC";"UOP01-DEL01-SC"
190887;2019-01-04;"sexta-feira";"17:20:00";"SC";282;35;"AGUAS MORNAS";"Velocidade Incompatível";"Saída de leito carroçável";"Com Vítimas Feridas";"Pleno dia";"Decrescente";"Nublado";"Simples";"Curva";"Não";3;0;1;0;2;0;1;1;-27,702084;-48,826664;"SPRF-SC";"DEL01-SC";"UOP03-DEL01-SC"
190893;2019-02-12;"terça-feira";"13:50:00";"SC";470;49,1;"BLUMENAU";"Falta de Atenção à Condução";"Colisão traseira";"Com Vítimas Feridas";"Pleno dia";"Crescente";"Nublado";"Simples";"Reta";"Sim";3;0;2;0;1;0;2;2;-26,86057677;-49,06506479;"SPRF-SC";"DEL04-SC";"UOP01-DEL04-SC"
190896;2019-02-12;"terça-feira";"10:45:00";"PE";423;19,9;"SAO CAITANO";"Velocidade Incompatível";"Saída de leito carroçável";"Sem Vítimas";"Pleno dia";"Decrescente";"Céu Claro";"Simples";"Reta";"Não";1;0;0;0;0;1;0;1;-8,333797;-36,152016;"SPRF-PE";"DEL02-PE";"UOP03-DEL02-PE"
190898;2019-02-12;"terça-feira";"13:45:00";"SC";101;214,1;"PALHOCA";"Falta de Atenção à Condução";"Colisão traseira";"Com Vítimas Feridas";"Pleno dia";"Crescente";"Nublado";"Dupla";"Reta";"Sim";2;0;1;0;1;0;1;2;-27,652;-48,676;"SPRF-SC";"DEL01-SC";"UOP02-DEL01-SC"
190899;2019-02-12;"terça-feira";"12:40:00";"PI";222;63,2;"BRASILEIRA";"Falta de Atenção à Condução";"Colisão transversal";"Com Vítimas Feridas";"Pleno dia";"Decrescente";"Céu Claro";"Simples";"Reta";"Não";5;0;0;2;3;0;2;2;-4,211308;-41,684502;"SPRF-PI";"DEL02-PI";"UOP01-DEL02-PI"
190900;2019-02-12;"terça-feira";"13:30:00";"SC";101;117,3;"ITAJAI";"Falta de Atenção à Condução";"Colisão transversal";"Com Vítimas Feridas";"Pleno dia";"Crescente";"Céu Claro";"Simples";"Interseção de Vias";"Sim";2;0;1;0;1;0;1;2;-26,8961;-48,7188;"SPRF-SC";"DEL04-SC";"UOP04-DEL04-SC"
190901;2019-02-12;"terça-feira";"14:10:00";"MG";116;526,4;"CARATINGA";"Desobediência às normas de trânsito pelo condutor";"Tombamento";"Com Vítimas Feridas";"Pleno dia";"Decrescente";"Sol";"Simples";"Curva";"Sim";3;0;0;1;1;1;1;3;-19,76757479;-42,13092238;"SPRF-MG";"DEL06-MG";"UOP02-DEL06-MG"
190902;2019-02-12;"terça-feira";"09:30:00";"PR";280;286,5;"FLOR DA SERRA DO SUL";"Condutor Dormindo";"Saída de leito carroçável";"Com Vítimas Feridas";"Pleno dia";"Crescente";"Céu Claro";"Simples";"Reta";"Não";1;0;1;0;0;0;1;1;-26,250265;-53,3354;"SPRF-PR";"DEL02-PR";"UOP01-DEL02-PR"
190903;2019-02-12;"terça-feira";"12:39:00";"RO";364;240,8;"CACOAL";"Falta de Atenção à Condução";"Colisão transversal";"Com Vítimas Feridas";"Pleno dia";"Crescente";"Sol";"Simples";"Reta";"Sim";2;0;0;1;1;0;1;2;-11,43579;-61,47097;"SPRF-RO";"DEL02-RO";"UOP02-DEL02-RO"
190904;2019-02-12;"terça-feira";"14:15:00";"SC";101;373,9;"ICARA";"Condutor Dormindo";"Saída de leito carroçável";"Com Vítimas Feridas";"Pleno dia";"Decrescente";"Nublado";"Dupla";"Reta";"Não";5;0;3;0;2;0;3;1;-28,715;-49,2241;"SPRF-SC";"DEL02-SC";"UOP01-DEL02-SC"
190905;2019-02-12;"terça-feira";"13:58:00";"RJ";101;473;"ANGRA DOS REIS";"Falta de Atenção à Condução";"Colisão transversal";"Sem Vítimas";"Pleno dia";"Crescente";"Céu Claro";"Dupla";"Interseção de Vias";"Sim";2;0;0;0;2;0;0;2;-22,98966657;-44,24147129;"SPRF-RJ";"DEL03-RJ";"UOP03-DEL03-RJ"
190906;2019-02-12;"terça-feira";"14:45:00";"RJ";116;141;"DUQUE DE CAXIAS";"Falta de Atenção à Condução";"Colisão transversal";"Com Vítimas Feridas";"Pleno dia";"Crescente";"Céu Claro";"Simples";"Reta";"Sim";3;0;1;1;1;0;2;2;-22,647245;-43,220829;"SPRF-RJ";"DEL04-RJ";"UOP02-DEL04-RJ"
190908;2019-01-20;"domingo";"00:40:00";"PB";230;125,5;"RIACHAO DO BACAMARTE";"Falta de Atenção à Condução";"Saída de leito carroçável";"Com Vítimas Feridas";"Plena Noite";"Crescente";"Céu Claro";"Dupla";"Reta";"Não";2;0;2;0;0;0;2;1;-7,2498;-35,6827;"SPRF-PB";"DEL02-PB";"UOP01-DEL02-PB"
190909;2019-02-12;"terça-feira";"14:20:00";"BA";135;201;"BARREIRAS";"Pista Escorregadia";"Colisão frontal";"Com Vítimas Feridas";"Pleno dia";"Decrescente";"Sol";"Simples";"Curva";"Não";3;0;0;2;1;0;2;2;-12,32792749;-45,00652313;"SPRF-BA";"DEL10-BA";"UOP01-DEL10-BA"
190912;2019-02-12;"terça-feira";"09:20:00";"CE";222;8;"CAUCAIA";"Falta de Atenção à Condução";"Colisão lateral";"Com Vítimas Feridas";"Pleno dia";"Crescente";"Céu Claro";"Dupla";"Rotatória";"Não";2;0;1;0;1;0;1;2;-3,74297;-38,613312;"SPRF-CE";"DEL01-CE";"UOP01-DEL01-CE"
190913;2019-02-12;"terça-feira";"07:00:00";"GO";364;387;"SANTA RITA DO ARAGUAIA";"Falta de Atenção do Pedestre";"Atropelamento de Pedestre";"Com Vítimas Feridas";"Pleno dia";"Decrescente";"Céu Claro";"Simples";"Reta";"Sim";2;0;0;1;1;0;1;2;-17,322147;-53,209179;"SPRF-GO";"DEL05-GO";"UOP01-DEL05-GO"
190915;2019-02-12;"terça-feira";"14:50:00";"SE";101;58,2;"ROSARIO DO CATETE";"Não guardar distância de segurança";"Colisão traseira";"Com Vítimas Feridas";"Pleno dia";"Crescente";"Céu Claro";"Simples";"Interseção de Vias";"Não";2;0;1;1;0;0;2;2;-10,65950087;-37,02845335;"SPRF-SE";"DEL02-SE";"UOP02-DEL02-SE"
190916;2019-02-12;"terça-feira";"16:14:00";"PR";376;244;"APUCARANA";"Velocidade Incompatível";"Saída de leito carroçável";"Com Vítimas Feridas";"Pleno dia";"Decrescente";"Chuva";"Dupla";"Declive";"Não";4;0;3;0;1;0;3;1;-23,5810582;-51,41789854;"SPRF-PR";"DEL07-PR";"UOP03-DEL07-PR"
190917;2019-02-12;"terça-feira";"14:40:00";"PA";316;183;"SANTA LUZIA DO PARA";"Velocidade Incompatível";"Colisão lateral";"Com Vítimas Feridas";"Pleno dia";"Crescente";"Chuva";"Simples";"Declive";"Não";3;0;2;0;1;0;2;3;-1,40584;-47,006397;"SPRF-PA";"DEL01-PA";"UOP03-DEL01-PA"
190918;2019-02-12;"terça-feira";"14:20:00";"MG";50;179;"UBERABA";"Ultrapassagem Indevida";"Saída de leito carroçável";"Com Vítimas Feridas";"Pleno dia";"Decrescente";"Chuva";"Simples";"Curva";"Não";1;0;1;0;0;0;1;1;-19,7783;-47,9223;"SPRF-MG";"DEL13-MG";"UOP01-DEL13-MG"
190919;2019-02-12;"terça-feira";"14:30:00";"RS";470;156;"NOVA PRATA";"Falta de Atenção à Condução";"Colisão traseira";"Com Vítimas Feridas";"Pleno dia";"Decrescente";"Chuva";"Simples";"Reta";"Não";3;0;1;0;2;0;1;2;-28,76300839;-51,62515819;"SPRF-RS";"DEL06-RS";"UOP02-DEL06-RS"
190921;2019-02-12;"terça-feira";"06:10:00";"SC";101;109;"PENHA";"Avarias e/ou desgaste excessivo no pneu";"Saída de leito carroçável";"Com Vítimas Feridas";"Pleno dia";"Decrescente";"Céu Claro";"Dupla";"Aclive";"Não";2;0;1;0;1;0;1;1;-26,8349;-48,7062;"SPRF-SC";"DEL03-SC";"UOP02-DEL03-SC"
190922;2019-02-12;"terça-feira";"16:25:00";"RJ";101;308,1;"SAO GONCALO";"Falta de Atenção à Condução";"Colisão lateral";"Sem Vítimas";"Pleno dia";"Crescente";"Céu Claro";"Dupla";"Reta";"Sim";3;0;0;0;2;1;0;3;-22,793098;-43,024815;"SPRF-RJ";"DEL02-RJ";"DEL5/2-UOP04/RJ"
190924;2019-02-12;"terça-feira";"15:45:00";"MG";40;737,6;"SANTOS DUMONT";"Desobediência às normas de trânsito pelo condutor";"Colisão frontal";"Com Vítimas Feridas";"Pleno dia";"Crescente";"Céu Claro";"Simples";"Curva";"Sim";2;0;1;0;1;0;1;2;-21,41154295;-43,5667026;"SPRF-MG";"DEL05-MG";"UOP01-DEL05-MG"
190928;2019-02-12;"terça-feira";"17:10:00";"SC";101;207;"SAO JOSE";"Falta de Atenção à Condução";"Colisão com objeto estático";"Com Vítimas Feridas";"Pleno dia";"Crescente";"Nublado";"Dupla";"Reta";"Não";2;0;1;0;1;0;1;1;-27,6034;-48,632;"SPRF-SC";"DEL01-SC";"UOP01-DEL01-SC"
190930;2019-02-12;"terça-feira";"16:25:00";"SC";101;79,4;"ARAQUARI";"Falta de Atenção à Condução";"Colisão traseira";"Com Vítimas Feridas";"Pleno dia";"Crescente";"Céu Claro";"Dupla";"Reta";"Não";3;0;1;0;2;0;1;3;-26,5972;-48,7233;"SPRF-SC";"DEL03-SC";"UOP02-DEL03-SC"
190931;2019-02-12;"terça-feira";"16:25:00";"RS";158;495,3;"SANTANA DO LIVRAMENTO";"Animais na Pista";"Colisão transversal";"Com Vítimas Feridas";"Pleno dia";"Decrescente";"Céu Claro";"Simples";"Declive";"Não";5;0;2;0;3;0;2;2;-30,476841;-55,060905;"SPRF-RS";"DEL11-RS";"UOP01-DEL11-RS"
190933;2019-02-12;"terça-feira";"06:30:00";"MG";116;389,2;"GOVERNADOR VALADARES";"Desobediência às normas de trânsito pelo condutor";"Colisão lateral";"Com Vítimas Feridas";"Pleno dia";"Crescente";"Céu Claro";"Simples";"Reta";"Sim";2;0;1;0;1;0;1;2;-18,671862;-41,986158;"SPRF-MG";"DEL06-MG";"UOP01-DEL06-MG"
190934;2019-02-12;"terça-feira";"17:20:00";"PR";277;723,7;"FOZ DO IGUACU";"Agressão Externa";"Queda de ocupante de veículo";"Com Vítimas Feridas";"Pleno dia";"Decrescente";"Nublado";"Dupla";"Reta";"Sim";2;0;1;0;0;1;1;2;-25,498783;-54,529865;"SPRF-PR";"DEL05-PR";"UOP01-DEL05-PR"
190936;2019-02-12;"terça-feira";"16:10:00";"PE";101;82;"JABOATAO DOS GUARARAPES";"Sinalização da via insuficiente ou inadequada";"Colisão lateral";"Com Vítimas Feridas";"Pleno dia";"Crescente";"Céu Claro";"Dupla";"Interseção de Vias";"Sim";4;0;2;0;2;0;2;2;-8,1768;-34,9443;"SPRF-PE";"DEL01-PE";"UOP03-DEL01-PE"
190937;2019-02-12;"terça-feira";"18:00:00";"PR";476;113;"COLOMBO";"Falta de Atenção à Condução";"Colisão transversal";"Com Vítimas Feridas";"Pleno dia";"Crescente";"Céu Claro";"Simples";"Interseção de Vias";"Sim";2;0;1;1;0;0;2;2;-25,327227;-49,15984;"SPRF-PR";"DEL01-PR";"UOP01-DEL01-PR"
190938;2019-02-12;"terça-feira";"17:10:00";"PE";101;50,3;"ABREU E LIMA";"Falta de Atenção à Condução";"Colisão transversal";"Com Vítimas Feridas";"Anoitecer";"Decrescente";"Céu Claro";"Dupla";"Reta";"Sim";2;0;2;0;0;0;2;2;-7,9148;-34,8984;"SPRF-PE";"DEL01-PE";"UOP02-DEL01-PE"
190939;2019-02-12;"terça-feira";"17:40:00";"RJ";40;54,2;"PETROPOLIS";"Falta de Atenção à Condução";"Colisão com objeto estático";"Com Vítimas Feridas";"Pleno dia";"Crescente";"Garoa/Chuvisco";"Dupla";"Curva";"Não";1;0;1;0;0;0;1;1;-22,3547;-43,1224;"SPRF-RJ";"DEL06-RJ";"UOP01-DEL06-RJ"
190941;2019-02-12;"terça-feira";"17:50:00";"PR";277;366,4;"GUARAPUAVA";"Desobediência às normas de trânsito pelo condutor";"Colisão frontal";"Com Vítimas Feridas";"Pleno dia";"Crescente";"Céu Claro";"Simples";"Declive;Reta";"Não";3;0;1;1;1;0;2;3;-25,42262;-51,665911;"SPRF-PR";"DEL03-PR";"UOP01-DEL08-PR"
190943;2019-02-12;"terça-feira";"18:20:00";"SC";101;86,6;"BARRA VELHA";"Falta de Atenção à Condução";"Atropelamento de Pedestre";"Com Vítimas Feridas";"Pleno dia";"Crescente";"Céu Claro";"Dupla";"Curva";"Sim";2;0;1;0;0;1;1;2;-26,6423;-48,6895;"SPRF-SC";"DEL03-SC";"UOP02-DEL03-SC"
190944;2019-02-12;"terça-feira";"17:30:00";"PE";101;64,2;"RECIFE";"Falta de Atenção à Condução";"Colisão lateral";"Com Vítimas Feridas";"Anoitecer";"Crescente";"Nublado";"Múltipla";"Interseção de Vias";"Sim";3;0;0;1;1;1;1;3;-8,0266;-34,9429;"SPRF-PE";"DEL01-PE";"UOP01-DEL01-PE"
190946;2019-02-12;"terça-feira";"14:40:00";"RO";364;424,6;"JARU";"Falta de Atenção à Condução";"Colisão transversal";"Com Vítimas Feridas";"Pleno dia";"Crescente";"Céu Claro";"Simples";"Reta";"Sim";1;0;1;0;0;0;1;1;-10,444572;-62,465683;"SPRF-RO";"DEL03-RO";"UOP02-DEL03-RO"
190947;2019-02-12;"terça-feira";"19:13:00";"PR";277;592,9;"CASCAVEL";"Defeito Mecânico no Veículo";"Colisão frontal";"Com Vítimas Feridas";"Pleno dia";"Crescente";"Nublado";"Simples";"Reta;Aclive";"Sim";3;0;1;0;2;0;1;3;-24,98101727;-53,4816277;"SPRF-PR";"DEL04-PR";"UOP01-DEL04-PR"
190948;2019-02-12;"terça-feira";"17:30:00";"PR";376;300;"MAUA DA SERRA";"Pista Escorregadia";"Saída de leito carroçável";"Com Vítimas Feridas";"Pleno dia";"Decrescente";"Chuva";"Dupla";"Curva;Aclive";"Não";1;0;1;0;0;0;1;1;-23,93441483;-51,15900904;"SPRF-PR";"DEL07-PR";"UOP02-DEL07-PR"
190949;2019-02-12;"terça-feira";"19:00:00";"RS";116;1,3;"PORTO ALEGRE";"Não guardar distância de segurança";"Colisão traseira";"Com Vítimas Feridas";"Pleno dia";"Decrescente";"Céu Claro";"Dupla";"Reta";"Não";3;0;1;0;1;1;1;3;-29,98292493;-51,18038004;"SPRF-RS";"DEL01-RS";"UOP01-DEL01-RS"
190951;2019-01-26;"sábado";"17:30:00";"SC";101;211,5;"PALHOCA";"Falta de Atenção à Condução";"Colisão traseira";"Com Vítimas Feridas";"Pleno dia";"Crescente";"Céu Claro";"Dupla";"Reta";"Não";2;0;1;0;1;0;1;2;-27,6301;-48,659;"SPRF-SC";"DEL01-SC";"UOP02-DEL01-SC"
190952;2019-02-12;"terça-feira";"18:00:00";"BA";418;88;"CARAVELAS";"Desobediência às normas de trânsito pelo condutor";"Colisão transversal";"Com Vítimas Feridas";"Plena Noite";"Crescente";"Nublado";"Simples";"Interseção de Vias";"Sim";3;0;0;2;1;0;2;2;-17,734264;-39,553185;"SPRF-BA";"DEL09-BA";"UOP02-DEL09-BA"
190953;2019-02-12;"terça-feira";"19:20:00";"RS";116;2;"PORTO ALEGRE";"Falta de Atenção à Condução";"Colisão com objeto em movimento";"Com Vítimas Feridas";"Anoitecer";"Decrescente";"Céu Claro";"Dupla";"Reta";"Sim";2;0;1;0;1;0;1;2;-29,9920757;-51,18550658;"SPRF-RS";"DEL05-RS";"UOP03-DEL05-RS"
190954;2019-01-27;"domingo";"03:50:00";"MS";163;394;"NOVA ALVORADA DO SUL";"Carga excessiva e/ou mal acondicionada";"Saída de leito carroçável";"Sem Vítimas";"Plena Noite";"Crescente";"Céu Claro";"Simples";"Reta";"Não";1;0;0;0;0;1;0;1;-21,21653603;-54,4577885;"SPRF-MS";"DEL02-MS";"UOP01-DEL02-MS"
190955;2019-02-12;"terça-feira";"18:20:00";"CE";20;412,1;"MARACANAU";"Falta de Atenção à Condução";"Colisão transversal";"Com Vítimas Fatais";"Anoitecer";"Crescente";"Céu Claro";"Simples";"Em Obras;Reta";"Sim";2;1;0;0;1;0;0;2;-3,81044753;-38,63669699;"SPRF-CE";"DEL01-CE";"UOP01-DEL01-CE"
190956;2019-02-12;"terça-feira";"19:20:00";"RJ";116;247,8;"PIRAI";"Pista Escorregadia";"Colisão com objeto estático";"Com Vítimas Feridas";"Plena Noite";"Crescente";"Chuva";"Dupla";"Curva";"Não";1;0;1;0;0;0;1;1;-22,624538;-43,917652;"SPRF-RJ";"DEL07-RJ";"UOP01-DEL07-RJ"
190957;2019-02-12;"terça-feira";"18:15:00";"RN";226;55;"SENADOR ELOI DE SOUZA";"Objeto estático sobre o leito carroçável";"Colisão com objeto em movimento";"Sem Vítimas";"Plena Noite";"Decrescente";"Céu Claro";"Simples";"Reta";"Não";1;0;0;0;1;0;0;1;-6,02469561;-35,65889597;"SPRF-RN";"DEL01-RN";"UOP02-DEL01-RN"
190959;2019-02-12;"terça-feira";"16:00:00";"MG";116;505,5;"INHAPIM";"Desobediência às normas de trânsito pelo condutor";"Colisão transversal";"Com Vítimas Feridas";"Pleno dia";"Decrescente";"Sol";"Simples";"Reta";"Não";3;0;2;1;0;0;3;2;-19,595314;-42,112273;"SPRF-MG";"DEL06-MG";"UOP02-DEL06-MG"
190960;2019-02-12;"terça-feira";"17:30:00";"RJ";116;306;"RESENDE";"Desobediência às normas de trânsito pelo condutor";"Colisão frontal";"Com Vítimas Feridas";"Pleno dia";"Crescente";"Chuva";"Simples";"Reta";"Não";2;0;1;0;1;0;1;2;-22,4606519;-44,45287228;"SPRF-RJ";"DEL07-RJ";"DEL5/7-UOP03/RJ"
190962;2019-02-12;"terça-feira";"18:10:00";"SC";470;124,7;"IBIRAMA";"Falta de Atenção do Pedestre";"Atropelamento de Pedestre";"Com Vítimas Feridas";"Pleno dia";"Decrescente";"Céu Claro";"Simples";"Curva";"Sim";2;0;1;0;1;0;1;2;-27,113192;-49,529163;"SPRF-SC";"DEL04-SC";"UOP02-DEL04-SC"
190963;2019-02-12;"terça-feira";"19:20:00";"CE";402;290;"TURURU";"Falta de Atenção à Condução";"Colisão traseira";"Sem Vítimas";"Plena Noite";"Crescente";"Céu Claro";"Simples";"Reta";"Não";2;0;0;0;1;1;0;2;-3,61058107;-39,43399251;"SPRF-CE";"DEL01-CE";"UOP03-DEL01-CE"
190964;2019-02-12;"terça-feira";"18:00:00";"RJ";101;320;"NITEROI";"Velocidade Incompatível";"Colisão traseira";"Com Vítimas Feridas";"Pleno dia";"Decrescente";"Céu Claro";"Dupla";"Reta";"Sim";2;0;0;1;1;0;1;2;-22,861752;-43,107143;"SPRF-RJ";"DEL02-RJ";"UOP02-DEL02-RJ"
190965;2019-02-12;"terça-feira";"20:50:00";"SC";101;130,9;"BALNEARIO CAMBORIU";"Falta de Atenção à Condução";"Colisão transversal";"Com Vítimas Feridas";"Plena Noite";"Decrescente";"Céu Claro";"Dupla";"Reta";"Não";2;0;1;0;1;0;1;2;-26,9907;-48,6629;"SPRF-SC";"DEL04-SC";"UOP03-DEL04-SC"
190970;2019-02-12;"terça-feira";"18:30:00";"AC";364;125;"RIO BRANCO";"Pista Escorregadia";"Queda de ocupante de veículo";"Com Vítimas Feridas";"Plena Noite";"Crescente";"Céu Claro";"Dupla";"Reta";"Sim";1;0;1;0;0;0;1;1;-10,012844;-67,800125;"SPRF-AC";"DEL01-AC";"UOP01-DEL01-AC"
190971;2019-02-12;"terça-feira";"19:05:00";"MG";116;527;"CARATINGA";"Desobediência às normas de trânsito pelo condutor";"Colisão transversal";"Com Vítimas Feridas";"Anoitecer";"Decrescente";"Céu Claro";"Simples";"Reta";"Sim";3;0;1;1;1;0;2;2;-19,77377887;-42,13218304;"SPRF-MG";"DEL06-MG";"UOP02-DEL06-MG"
190972;2019-02-12;"terça-feira";"21:20:00";"DF";80;25;"BRASILIA";"Falta de Atenção à Condução";"Colisão traseira";"Com Vítimas Feridas";"Plena Noite";"Crescente";"Céu Claro";"Simples";"Reta";"Sim";5;0;3;2;0;0;5;2;-15,62121;-48,198963;"SPRF-DF";"DEL01-DF";"UOP02-DEL03-DF"
190973;2019-02-12;"terça-feira";"15:40:00";"AL";316;170;"IGACI";"Defeito Mecânico no Veículo";"Saída de leito carroçável";"Com Vítimas Feridas";"Pleno dia";"Crescente";"Céu Claro";"Simples";"Reta";"Não";1;0;1;0;0;0;1;1;-9,44035;-36,607525;"SPRF-AL";"DEL03-AL";"UOP01-DEL03-AL"
190974;2019-02-12;"terça-feira";"21:50:00";"SP";116;77,8;"ROSEIRA";"Falta de Atenção à Condução";"Tombamento";"Com Vítimas Feridas";"Plena Noite";"Decrescente";"Nublado";"Dupla";"Reta";"Sim";2;0;0;1;1;0;1;1;-22,883369;-45,279385;"SPRF-SP";"DEL06-SP";"UOP01-DEL06-SP"
190977;2019-02-12;"terça-feira";"22:00:00";"MG";381;482,9;"BETIM";"Condutor Dormindo";"Colisão com objeto estático";"Com Vítimas Feridas";"Plena Noite";"Decrescente";"Céu Claro";"Dupla";"Aclive;Curva";"Sim";1;0;1;0;0;0;1;1;-19,9578;-44,0795;"SPRF-MG";"DEL01-MG";"UOP03-DEL01-MG"
190979;2019-02-12;"terça-feira";"20:40:00";"CE";116;9;"FORTALEZA";"Desobediência às normas de trânsito pelo condutor";"Colisão transversal";"Com Vítimas Feridas";"Plena Noite";"Crescente";"Céu Claro";"Múltipla";"Reta";"Sim";3;0;2;0;1;0;2;2;-3,8384;-38,5013;"SPRF-CE";"DEL01-CE";"UOP02-DEL01-CE"
190980;2019-02-12;"terça-feira";"22:20:00";"RJ";101;102;"CAMPOS DOS GOYTACAZES";"Defeito Mecânico no Veículo";"Incêndio";"Sem Vítimas";"Plena Noite";"Decrescente";"Céu Claro";"Dupla";"Reta";"Não";1;0;0;0;1;0;0;1;-21,895832;-41,600277;"SPRF-RJ";"DEL08-RJ";"UOP02-DEL08-RJ"
190981;2019-02-12;"terça-feira";"18:30:00";"RS";470;183;"VERANOPOLIS";"Pista Escorregadia";"Saída de leito carroçável";"Com Vítimas Feridas";"Anoitecer";"Crescente";"Chuva";"Simples";"Reta";"Não";1;0;1;0;0;0;1;1;-28,98693632;-51,56280085;"SPRF-RS";"DEL06-RS";"UOP02-DEL06-RS"
190982;2019-02-12;"terça-feira";"22:30:00";"MG";251;522,2;"MONTES CLAROS";"Ultrapassagem Indevida";"Colisão frontal";"Com Vítimas Feridas";"Plena Noite";"Crescente";"Céu Claro";"Simples";"Aclive;Reta";"Não";3;0;1;1;0;1;2;2;-16,6756;-43,7988;"SPRF-MG";"DEL12-MG";"UOP01-DEL12-MG"
190984;2019-02-12;"terça-feira";"20:20:00";"RS";287;398,7;"SANTIAGO";"Desobediência às normas de trânsito pelo condutor";"Colisão traseira";"Com Vítimas Feridas";"Anoitecer";"Decrescente";"Céu Claro";"Simples";"Curva;Declive";"Sim";2;0;1;0;1;0;1;2;-29,171671;-54,857811;"SPRF-RS";"DEL12-RS";"UOP02-DEL12-RS"
190985;2019-02-12;"terça-feira";"21:00:00";"MG";50;81;"UBERLANDIA";"Pista Escorregadia";"Colisão com objeto estático";"Sem Vítimas";"Plena Noite";"Decrescente";"Chuva";"Simples";"Viaduto";"Não";1;0;0;0;1;0;0;1;-18,9711325;-48,21403742;"SPRF-MG";"DEL15-MG";"UOP01-DEL15-MG"
190986;2019-02-12;"terça-feira";"22:40:00";"SC";280;57,9;"GUARAMIRIM";"Falta de Atenção à Condução";"Colisão transversal";"Com Vítimas Feridas";"Plena Noite";"Crescente";"Céu Claro";"Simples";"Interseção de Vias";"Sim";2;0;1;0;1;0;1;2;-26,478106;-49,012608;"SPRF-SC";"DEL03-SC";"UOP03-DEL03-SC"
190988;2019-02-12;"terça-feira";"23:30:00";"RS";116;260,5;"CANOAS";"Velocidade Incompatível";"Saída de leito carroçável";"Com Vítimas Fatais";"Plena Noite";"Decrescente";"Ignorado";"Dupla";"Reta";"Sim";1;1;0;0;0;0;0;1;-29,879332;-51,180458;"SPRF-RS";"DEL01-RS";"UOP01-DEL01-RS"
190989;2019-02-12;"terça-feira";"23:20:00";"MG";365;168;"BURITIZEIRO";"Desobediência às normas de trânsito pelo condutor";"Colisão transversal";"Com Vítimas Feridas";"Plena Noite";"Crescente";"Céu Claro";"Simples";"Reta";"Não";3;0;1;1;0;1;2;2;-17,385262;-44,988304;"SPRF-MG";"DEL12-MG";"UOP01-DEL12-MG"
190990;2019-02-12;"terça-feira";"21:40:00";"MA";316;556,2;"CAXIAS";"Fenômenos da Natureza";"Tombamento";"Sem Vítimas";"Plena Noite";"Decrescente";"Chuva";"Simples";"Reta";"Não";1;0;0;0;0;1;0;1;-4,879539;-43,317741;"SPRF-MA";"DEL03-MA";"UOP02-DEL03-MA"
190991;2019-02-12;"terça-feira";"22:00:00";"CE";116;11;"FORTALEZA";"Animais na Pista";"Atropelamento de Animal";"Com Vítimas Feridas";"Plena Noite";"Decrescente";"Céu Claro";"Dupla";"Reta";"Sim";1;0;1;0;0;0;1;1;-3,8551;-38,4958;"SPRF-CE";"DEL01-CE";"UOP02-DEL01-CE"
190992;2019-02-12;"terça-feira";"22:30:00";"PR";373;176,8;"PONTA GROSSA";"Defeito Mecânico no Veículo";"Colisão com objeto estático";"Sem Vítimas";"Plena Noite";"Crescente";"Nublado";"Dupla";"Reta";"Sim";1;0;0;0;0;1;0;1;-25,05721476;-50,22436917;"SPRF-PR";"DEL03-PR";"UOP01-DEL03-PR"
190995;2019-02-12;"terça-feira";"19:00:00";"RS";392;112,5;"CANGUCU";"Falta de Atenção à Condução";"Saída de leito carroçável";"Com Vítimas Feridas";"Plena Noite";"Decrescente";"Nublado";"Simples";"Reta";"Sim";1;0;1;0;0;0;1;1;-31,446739;-52,643391;"SPRF-RS";"DEL07-RS";"UOP01-DEL07-RS"