"id";"data_inversa";"dia_semana";"horario";"uf";"br";"km";"municipio";"causa_acidente";"tipo_acidente";"classificacao_acidente";"fase_dia";"sentido_via";"condicao_metereologica";"tipo_pista";"tracado_via";"uso_solo";"pessoas";"mortos";"feridos_leves";"feridos_graves";"ilesos";"ignorados";"feridos";"veiculos";"latitude";"longitude";"regional";"delegacia";"uop"
191136;2019-02-13;"quarta-feira";"17:40:00";"PI";343;344,4;"TERESINA";"Desobediência às normas de trânsito pelo condutor";"Colisão lateral";"Com Vítimas Feridas";"Pleno dia";"Crescente";"Céu Claro";"Múltipla";"Rotatória";"Sim";1;0;1;0;0;0;1;1;-5,08072779;-42,775172;"SPRF-PI";"DEL01-PI";"UOP01-DEL01-PI"
191139;2019-02-13;"quarta-feira";"18:00:00";"MT";163;114,9;"RONDONOPOLIS";"Defeito na Via";"Saída de leito carroçável";"Com Vítimas Feridas";"Anoitecer";"Crescente";"Chuva";"Dupla";"Reta";"Não";4;0;3;0;1;0;3;1;-16,545908;-54,670837;"SPRF-MT";"DEL02-MT";"UOP01-DEL02-MT"
191140;2019-02-13;"quarta-feira";"15:30:00";"RS";116;584,5;"ARROIO GRANDE";"Condutor Dormindo";"Saída de leito carroçável";"Com Vítimas Feridas";"Pleno dia";"Crescente";"Céu Claro";"Simples";"Reta";"Não";2;0;0;2;0;0;2;1;-32,06439202;-52,87612438;"SPRF-RS";"DEL07-RS";"UOP03-DEL07-RS"
191142;2019-02-05;"terça-feira";"22:00:00";"MG";267;162;"LIMA DUARTE";"Desobediência às normas de trânsito pelo condutor";"Colisão transversal";"Com Vítimas Feridas";"Plena Noite";"Decrescente";"Nublado";"Simples";"Interseção de Vias";"Sim";2;0;1;0;1;0;1;2;-21,84795618;-43,79047394;"SPRF-MG";"DEL05-MG";"UOP01-DEL05-MG"
191143;2019-02-13;"quarta-feira";"16:40:00";"SP";116;507;"CAJATI";"Falta de Atenção à Condução";"Colisão lateral";"Com Vítimas Feridas";"Pleno dia";"Decrescente";"Chuva";"Simples";"Reta";"Não";3;0;0;2;1;0;2;2;-24,80503223;-48,21225643;"SPRF-SP";"DEL05-SP";"UAP01-DEL05-SP"
191144;2019-02-13;"quarta-feira";"18:00:00";"RO";435;85,6;"COLORADO DO OESTE";"Ingestão de Álcool";"Atropelamento de Pedestre";"Com Vítimas Feridas";"Plena Noite";"Crescente";"Céu Claro";"Simples";"Reta";"Sim";2;0;2;0;0;0;2;1;-13,118861;-60,531811;"SPRF-RO";"DEL04-RO";"UOP02-DEL04-RO"
191147;2019-02-13;"quarta-feira";"19:55:00";"ES";101;147;"LINHARES";"Falta de Atenção à Condução";"Colisão transversal";"Com Vítimas Feridas";"Plena Noite";"Decrescente";"Céu Claro";"Simples";"Reta";"Sim";2;0;2;0;0;0;2;2;-19,38013694;-40,06673277;"SPRF-ES";"DEL04-ES";"UOP01-DEL04-ES"
191148;2019-02-13;"quarta-feira";"17:40:00";"RJ";101;439;"PARATY";"Velocidade Incompatível";"Colisão com objeto estático";"Com Vítimas Feridas";"Pleno dia";"Decrescente";"Nublado";"Simples";"Curva";"Não";2;0;2;0;0;0;2;1;-23,05469885;-44,58322763;"SPRF-RJ";"DEL03-RJ";"UOP01-DEL03-RJ"
191149;2019-02-09;"sábado";"08:20:00";"PR";277;72;"SAO JOSE DOS PINHAIS";"Não guardar distância de segurança";"Queda de ocupante de veículo";"Com Vítimas Feridas";"Pleno dia";"Decrescente";"Céu Claro";"Dupla";"Reta";"Sim";1;0;1;0;0;0;1;1;-25,50939379;-49,13301051;"SPRF-PR";"DEL01-PR";"UOP01-DEL01-PR"
191150;2019-02-13;"quarta-feira";"11:30:00";"BA";242;138,4;"RAFAEL JAMBEIRO";"Falta de Atenção à Condução";"Queda de ocupante de veículo";"Com Vítimas Feridas";"Pleno dia";"Decrescente";"Céu Claro";"Simples";"Reta";"Não";1;0;1;0;0;0;1;1;-12,583307;-39,52112;"SPRF-BA";"DEL06-BA";"UOP02-DEL06-BA"
191152;2019-02-13;"quarta-feira";"19:50:00";"MA";230;1,8;"BARAO DE GRAJAU";"Ingestão de Álcool";"Colisão traseira";"Com Vítimas Feridas";"Plena Noite";"Decrescente";"Nublado";"Simples";"Reta";"Sim";3;0;0;1;2;0;1;2;-6,755173;-43,018978;"SPRF-PI";"DEL03-PI";"UOP01-DEL03-PI"
191154;2019-02-13;"quarta-feira";"22:30:00";"SC";470;54;"BLUMENAU";"Falta de Atenção à Condução";"Colisão transversal";"Com Vítimas Feridas";"Plena Noite";"Crescente";"Céu Claro";"Simples";"Interseção de Vias";"Sim";2;0;1;0;1;0;1;2;-26,87335252;-49,11420822;"SPRF-SC";"DEL04-SC";"UOP01-DEL04-SC"
191156;2019-02-13;"quarta-feira";"20:55:00";"GO";153;410,6;"PIRENOPOLIS";"Falta de Atenção à Condução";"Colisão traseira";"Com Vítimas Feridas";"Plena Noite";"Crescente";"Céu Claro";"Simples";"Aclive;Reta";"Não";1;0;1;0;0;0;1;1;-16,095764;-49,033852;"SPRF-GO";"DEL02-GO";"UOP01-DEL02-GO"
191158;2019-02-13;"quarta-feira";"21:50:00";"RS";290;476,8;"ROSARIO DO SUL";"Animais na Pista";"Atropelamento de Animal";"Com Vítimas Feridas";"Plena Noite";"Decrescente";"Céu Claro";"Simples";"Reta";"Não";5;0;1;0;4;0;1;1;-30,24036;-54,878563;"SPRF-RS";"DEL11-RS";"UOP02-DEL11-RS"
191159;2019-02-13;"quarta-feira";"21:20:00";"RS";386;42;"FREDERICO WESTPHALEN";"Falta de Atenção do Pedestre";"Atropelamento de Pedestre";"Com Vítimas Feridas";"Plena Noite";"Crescente";"Céu Claro";"Simples";"Reta";"Sim";2;0;0;1;1;0;1;2;-27,42297613;-53,42205048;"SPRF-RS";"DEL08-RS";"UOP02-DEL08-RS"
191160;2019-02-14;"quinta-feira";"00:10:00";"SC";101;104,6;"PENHA";"Falta de Atenção à Condução";"Queda de ocupante de veículo";"Com Vítimas Feridas";"Plena Noite";"Decrescente";"Nublado";"Simples";"Viaduto";"Não";1;0;1;0;0;0;1;1;-26,79827972;-48,67930949;"SPRF-SC";"DEL03-SC";"UOP02-DEL03-SC"
191164;2019-02-13;"quarta-feira";"19:30:00";"BA";110;294,4;"INHAMBUPE";"Defeito Mecânico no Veículo";"Atropelamento de Pedestre";"Com Vítimas Feridas";"Plena Noite";"Crescente";"Céu Claro";"Simples";"Reta";"Sim";2;0;0;1;1;0;1;2;-11,8007;-38,3508;"SPRF-BA";"DEL01-BA";"UOP04-DEL01-BA"
191168;2019-02-14;"quinta-feira";"00:45:00";"RJ";101;82;"CAMPOS DOS GOYTACAZES";"Desobediência às normas de trânsito pelo condutor";"Colisão traseira";"Com Vítimas Feridas";"Plena Noite";"Crescente";"Nublado";"Simples";"Reta";"Não";2;0;1;0;0;1;1;2;-21,827513;-41,454144;"SPRF-RJ";"DEL08-RJ";"UOP02-DEL08-RJ"
191172;2019-02-13;"quarta-feira";"22:15:00";"PA";10;92;"IGARAPE-ACU";"Falta de Atenção à Condução";"Capotamento";"Com Vítimas Feridas";"Plena Noite";"Crescente";"Chuva";"Simples";"Reta";"Não";4;0;0;3;1;0;3;2;-1,328786;-47,639122;"SPRF-PA";"DEL02-PA";"UOP02-DEL02-PA"
191173;2019-02-13;"quarta-feira";"21:20:00";"PI";343;546;"AMARANTE";"Animais na Pista";"Atropelamento de Animal";"Sem Vítimas";"Plena Noite";"Decrescente";"Nublado";"Simples";"Curva";"Não";4;0;0;0;4;0;0;1;-6,584682;-42,793953;"SPRF-PI";"DEL03-PI";"UOP01-DEL03-PI"
191174;2019-02-14;"quinta-feira";"00:55:00";"SC";101;207;"SAO JOSE";"Desobediência às normas de trânsito pelo condutor";"Colisão transversal";"Com Vítimas Feridas";"Plena Noite";"Decrescente";"Céu Claro";"Múltipla";"Declive";"Sim";2;0;0;1;1;0;1;2;-27,6034;-48,632;"SPRF-SC";"DEL01-SC";"UOP01-DEL01-SC"
191177;2019-02-13;"quarta-feira";"19:50:00";"RS";470;75,1;"LAGOA VERMELHA";"Falta de Atenção do Pedestre";"Atropelamento de Pedestre";"Com Vítimas Feridas";"Anoitecer";"Crescente";"Céu Claro";"Simples";"Reta";"Sim";3;0;0;1;1;1;1;2;-28,203295;-51,525402;"SPRF-RS";"DEL08-RS";"UOP05-DEL08-RS"
191178;2019-02-14;"quinta-feira";"01:30:00";"CE";116;476,8;"MILAGRES";"Falta de Atenção à Condução";"Colisão frontal";"Com Vítimas Feridas";"Plena Noite";"Decrescente";"Céu Claro";"Simples";"Declive";"Não";1;0;0;1;0;0;1;1;-7,299918;-38,885994;"SPRF-CE";"DEL05-CE";"UOP03-DEL05-CE"
191180;2019-02-13;"quarta-feira";"23:40:00";"PE";232;109,9;"BEZERROS";"Condutor Dormindo";"Saída de leito carroçável";"Com Vítimas Feridas";"Plena Noite";"Crescente";"Céu Claro";"Dupla";"Curva";"Não";1;0;1;0;0;0;1;1;-8,25219;-35,76585;"SPRF-PE";"DEL02-PE";"UOP03-DEL02-PE"
191181;2019-02-14;"quinta-feira";"00:05:00";"RO";364;800;"PORTO VELHO";"Ingestão de Álcool";"Colisão frontal";"Sem Vítimas";"Plena Noite";"Crescente";"Nublado";"Simples";"Reta";"Sim";5;0;0;0;5;0;0;2;-9,674507;-65,44786;"SPRF-RO";"DEL01-RO";"UOP02-DEL01-RO"
191182;2019-02-14;"quinta-feira";"03:40:00";"SC";101;91,3;"BARRA VELHA";"Falta de Atenção à Condução";"Colisão com objeto estático";"Com Vítimas Fatais";"Plena Noite";"Crescente";"Nublado";"Múltipla";"Interseção de Vias";"Sim";1;1;0;0;0;0;0;1;-26,68079132;-48,69340718;"SPRF-SC";"DEL03-SC";"UOP02-DEL03-SC"
191185;2019-02-14;"quinta-feira";"05:15:00";"SC";282;23;"PALHOCA";"Falta de Atenção à Condução";"Colisão traseira";"Com Vítimas Feridas";"Plena Noite";"Crescente";"Céu Claro";"Simples";"Reta";"Sim";3;0;1;0;2;0;1;2;-27,687958;-48,736794;"SPRF-SC";"DEL01-SC";"UOP02-DEL01-SC"
191186;2019-02-14;"quinta-feira";"04:20:00";"MG";459;105,8;"POUSO ALEGRE";"Falta de Atenção à Condução";"Colisão com objeto estático";"Sem Vítimas";"Plena Noite";"Decrescente";"Nublado";"Simples";"Viaduto;Curva";"Não";1;0;0;0;0;1;0;1;-22,227884;-45,903973;"SPRF-MG";"DEL16-MG";"UOP01-DEL16-MG"
191187;2019-02-14;"quinta-feira";"04:40:00";"RS";386;336,6;"LAJEADO";"Falta de Atenção à Condução";"Saída de leito carroçável";"Sem Vítimas";"Plena Noite";"Decrescente";"Céu Claro";"Simples";"Interseção de Vias";"Não";3;0;0;0;2;1;0;1;-29,38822;-52,043156;"SPRF-RS";"DEL04-RS";"UOP01-DEL04-RS"
191191;2019-02-14;"quinta-feira";"06:20:00";"SP";116;118,2;"TAUBATE";"Falta de Atenção à Condução";"Tombamento";"Com Vítimas Feridas";"Amanhecer";"Crescente";"Nublado";"Dupla";"Aclive;Reta";"Não";2;0;1;0;1;0;1;1;-23,062664;-45,626652;"SPRF-SP";"DEL06-SP";"UOP02-DEL02-SP"
191192;2019-01-25;"sexta-feira";"17:50:00";"ES";101;293,1;"CARIACICA";"Falta de Atenção à Condução";"Colisão lateral";"Com Vítimas Feridas";"Anoitecer";"Decrescente";"Céu Claro";"Múltipla";"Reta";"Sim";2;0;0;1;1;0;1;2;-20,33316963;-40,40042292;"SPRF-ES";"DEL01-ES";"UOP01-DEL01-ES"
191194;2019-02-14;"quinta-feira";"03:50:00";"RS";116;234;"ESTANCIA VELHA";"Ingestão de Álcool";"Tombamento";"Sem Vítimas";"Plena Noite";"Crescente";"Céu Claro";"Dupla";"Reta";"Sim";1;0;0;0;1;0;0;1;-29,651213;-51,144444;"SPRF-RS";"DEL01-RS";"UOP02-DEL01-RS"
191195;2019-02-14;"quinta-feira";"06:30:00";"SC";101;123,2;"ITAJAI";"Falta de Atenção à Condução";"Colisão transversal";"Com Vítimas Feridas";"Pleno dia";"Crescente";"Céu Claro";"Simples";"Interseção de Vias";"Sim";2;0;0;1;1;0;1;2;-26,9434;-48,6917;"SPRF-SC";"DEL04-SC";"UOP04-DEL04-SC"
191196;2019-02-14;"quinta-feira";"07:10:00";"GO";60;137;"GOIANIA";"Desobediência às normas de trânsito pelo condutor";"Atropelamento de Pedestre";"Com Vítimas Feridas";"Pleno dia";"Decrescente";"Céu Claro";"Simples";"Reta";"Sim";2;0;2;0;0;0;2;2;-16,60560253;-49,20445031;"SPRF-GO";"DEL01-GO";"UOP01-DEL01-GO"
191198;2019-02-14;"quinta-feira";"07:05:00";"SC";280;58,3;"GUARAMIRIM";"Desobediência às normas de trânsito pelo condutor";"Colisão lateral";"Com Vítimas Feridas";"Pleno dia";"Decrescente";"Céu Claro";"Simples";"Reta";"Sim";2;0;1;0;1;0;1;2;-26,474155;-49,021248;"SPRF-SC";"DEL03-SC";"UOP03-DEL03-SC"
191199;2019-02-14;"quinta-feira";"06:20:00";"PE";101;41,2;"IGARASSU";"Animais na Pista";"Capotamento";"Com Vítimas Feridas";"Pleno dia";"Crescente";"Sol";"Dupla";"Reta";"Sim";1;0;1;0;0;0;1;1;-7,837;-34,9124;"SPRF-PE";"DEL01-PE";"UOP02-DEL01-PE"
191200;2019-02-14;"quinta-feira";"07:00:00";"MG";50;12,1;"UBERLANDIA";"Falta de Atenção à Condução";"Colisão com objeto estático";"Com Vítimas Feridas";"Amanhecer";"Crescente";"Céu Claro";"Dupla";"Viaduto";"Sim";1;0;1;0;0;0;1;1;-18,87315357;-48,21418762;"SPRF-MG";"DEL15-MG";"UOP02-DEL15-MG"
191201;2019-02-14;"quinta-feira";"07:40:00";"GO";60;89,3;"ANAPOLIS";"Ingestão de Álcool";"Colisão transversal";"Com Vítimas Feridas";"Pleno dia";"Crescente";"Céu Claro";"Dupla";"Retorno Regulamentado";"Sim";3;0;1;1;1;0;2;2;-16,3367;-48,8957;"SPRF-GO";"DEL02-GO";"UOP01-DEL02-GO"
191203;2019-02-14;"quinta-feira";"07:50:00";"SC";101;214,4;"PALHOCA";"Falta de Atenção à Condução";"Colisão traseira";"Com Vítimas Feridas";"Pleno dia";"Crescente";"Céu Claro";"Dupla";"Viaduto";"Sim";2;0;1;0;1;0;1;2;-27,652;-48,676;"SPRF-SC";"DEL01-SC";"UOP02-DEL01-SC"
191204;2019-02-14;"quinta-feira";"07:40:00";"GO";60;45,9;"APARECIDA DE GOIANIA";"Desobediência às normas de trânsito pelo condutor";"Colisão lateral";"Com Vítimas Feridas";"Pleno dia";"Crescente";"Céu Claro";"Dupla";"Retorno Regulamentado";"Não";4;0;1;0;3;0;1;3;-16,8101;-49,2397;"SPRF-GO";"DEL01-GO";"UOP03-DEL01-GO"
191205;2019-02-14;"quinta-feira";"08:12:00";"SC";282;5,7;"SAO JOSE";"Falta de Atenção à Condução";"Colisão traseira";"Com Vítimas Feridas";"Pleno dia";"Crescente";"Céu Claro";"Dupla";"Reta";"Sim";2;0;0;1;1;0;1;2;-27,588425;-48,612919;"SPRF-SC";"DEL01-SC";"UOP01-DEL01-SC"
191208;2019-02-14;"quinta-feira";"07:40:00";"PB";230;25;"JOAO PESSOA";"Não guardar distância de segurança";"Colisão traseira";"Com Vítimas Feridas";"Pleno dia";"Decrescente";"Céu Claro";"Dupla";"Reta";"Sim";3;0;2;0;1;0;2;2;-7,1707;-34,8684;"SPRF-PB";"DEL01-PB";"UOP01-DEL01-PB"
191211;2019-02-14;"quinta-feira";"06:30:00";"SP";381;81,5;"SAO PAULO";"Falta de Atenção à Condução";"Capotamento";"Com Vítimas Feridas";"Pleno dia";"Crescente";"Nublado";"Dupla";"Curva";"Não";1;0;1;0;0;0;1;1;-23,43758981;-46,56816234;"SPRF-SP";"DEL03-SP";"UOP01-DEL03-SP"
191213;2019-02-14;"quinta-feira";"07:45:00";"SP";459;30,9;"LORENA";"Falta de Atenção à Condução";"Colisão transversal";"Com Vítimas Feridas";"Pleno dia";"Crescente";"Céu Claro";"Simples";"Rotatória";"Sim";3;0;0;1;2;0;1;2;-22,725021;-45,103531;"SPRF-SP";"DEL08-SP";"UOP03-DEL08-SP"
191214;2019-01-06;"domingo";"09:15:00";"SC";470;55,4;"BLUMENAU";"Ingestão de Álcool";"Colisão traseira";"Com Vítimas Feridas";"Pleno dia";"Decrescente";"Garoa/Chuvisco";"Simples";"Declive;Reta";"Sim";3;0;1;0;2;0;1;2;-26,87648792;-49,12154675;"SPRF-SC";"DEL04-SC";"UOP01-DEL04-SC"
191215;2019-02-14;"quinta-feira";"09:00:00";"DF";40;2;"BRASILIA";"Não guardar distância de segurança";"Colisão traseira";"Com Vítimas Feridas";"Pleno dia";"Decrescente";"Céu Claro";"Dupla";"Reta";"Sim";2;0;1;0;1;0;1;2;-15,99435;-47,985947;"SPRF-DF";"DEL01-DF";"UOP01-DEL01-DF"
191216;2019-02-10;"domingo";"08:10:00";"PE";101;52,1;"PAULISTA";"Desobediência às normas de trânsito pelo condutor";"Colisão lateral";"Com Vítimas Feridas";"Pleno dia";"Decrescente";"Céu Claro";"Dupla";"Reta";"Sim";3;0;2;0;1;0;2;2;-7,9324;-34,9017;"SPRF-PE";"DEL01-PE";"UOP02-DEL01-PE"
191217;2019-02-14;"quinta-feira";"07:10:00";"RR";174;503;"BOA VISTA";"Falta de Atenção à Condução";"Colisão lateral";"Com Vítimas Feridas";"Pleno dia";"Crescente";"Céu Claro";"Dupla";"Rotatória";"Sim";1;0;1;0;0;0;1;1;2,794901;-60,698441;"SPRF-RR";"DEL01-RR";"UOP01-DEL01-RR"
191220;2019-02-14;"quinta-feira";"08:40:00";"PE";101;50,8;"ABREU E LIMA";"Defeito Mecânico no Veículo";"Colisão com objeto estático";"Com Vítimas Feridas";"Pleno dia";"Crescente";"Céu Claro";"Múltipla";"Reta";"Sim";4;0;1;0;3;0;1;2;-7,9148;-34,8984;"SPRF-PE";"DEL01-PE";"UOP02-DEL01-PE"
191221;2019-01-29;"terça-feira";"09:45:00";"PA";316;33,4;"SANTA IZABEL DO PARA";"Não guardar distância de segurança";"Colisão lateral";"Com Vítimas Feridas";"Pleno dia";"Crescente";"Céu Claro";"Dupla";"Reta";"Sim";2;0;1;0;1;0;1;2;-1,289763;-48,156025;"SPRF-PA";"DEL01-PA";"DEL19/1-UOP05/PA"
191222;2019-02-14;"quinta-feira";"07:15:00";"RO";364;6;"VILHENA";"Falta de Atenção à Condução";"Colisão transversal";"Com Vítimas Feridas";"Amanhecer";"Crescente";"Chuva";"Simples";"Reta";"Não";2;0;1;0;1;0;1;2;-12,781;-60,091648;"SPRF-RO";"DEL04-RO";"UOP01-DEL04-RO"
191224;2019-02-14;"quinta-feira";"03:50:00";"SC";282;153,9;"BOM RETIRO";"Condutor Dormindo";"Colisão frontal";"Com Vítimas Fatais";"Plena Noite";"Decrescente";"Garoa/Chuvisco";"Simples";"Reta";"Não";6;1;0;2;1;2;2;3;-27,755888;-49,687778;"SPRF-SC";"DEL05-SC";"UOP01-DEL05-SC"
191226;2019-02-14;"quinta-feira";"11:35:00";"RS";386;338,2;"LAJEADO";"Avarias e/ou desgaste excessivo no pneu";"Tombamento";"Com Vítimas Feridas";"Pleno dia";"Crescente";"Sol";"Simples";"Curva";"Não";1;0;1;0;0;0;1;1;-29,404047;-52,036518;"SPRF-RS";"DEL04-RS";"UOP01-DEL04-RS"
191227;2019-02-14;"quinta-feira";"11:30:00";"PR";277;345,7;"GUARAPUAVA";"Falta de Atenção à Condução";"Colisão transversal";"Com Vítimas Feridas";"Pleno dia";"Crescente";"Nublado";"Simples";"Curva";"Sim";3;0;2;0;1;0;2;2;-25,36630591;-51,49165392;"SPRF-PR";"DEL03-PR";"UOP01-DEL08-PR"
191228;2019-02-14;"quinta-feira";"11:00:00";"PE";101;70;"RECIFE";"Não guardar distância de segurança";"Colisão traseira";"Sem Vítimas";"Pleno dia";"Decrescente";"Sol";"Dupla";"Reta";"Não";2;0;0;0;2;0;0;2;-8,0778;-34,9429;"SPRF-PE";"DEL01-PE";"UOP01-DEL01-PE"
191230;2019-02-14;"quinta-feira";"11:20:00";"SC";470;71,6;"INDAIAL";"Desobediência às normas de trânsito pelo condutor";"Colisão transversal";"Com Vítimas Feridas";"Pleno dia";"Decrescente";"Nublado";"Simples";"Reta";"Não";2;0;1;0;1;0;1;2;-26,895243;-49,262104;"SPRF-SC";"DEL04-SC";"UOP01-DEL04-SC"
191232;2019-02-14;"quinta-feira";"11:45:00";"SC";282;3,5;"FLORIANOPOLIS";"Falta de Atenção à Condução";"Colisão traseira";"Com Vítimas Feridas";"Pleno dia";"Crescente";"Nublado";"Múltipla";"Em Obras";"Sim";2;0;1;0;1;0;1;2;-27,600384;-48,599705;"SPRF-SC";"DEL01-SC";"UOP01-DEL01-SC"
191233;2019-02-14;"quinta-feira";"08:40:00";"PR";277;78,1;"CURITIBA";"Não guardar distância de segurança";"Queda de ocupante de veículo";"Com Vítimas Feridas";"Pleno dia";"Crescente";"Sol";"Dupla";"Reta";"Não";1;0;0;1;0;0;1;1;-25,47715377;-49,20495808;"SPRF-PR";"DEL01-PR";"UOP01-DEL01-PR"
191234;2019-02-14;"quinta-feira";"11:30:00";"SC";470;44,6;"GASPAR";"Falta de Atenção à Condução";"Colisão lateral";"Com Vítimas Feridas";"Pleno dia";"Crescente";"Nublado";"Simples";"Reta";"Sim";2;0;1;0;1;0;1;2;-26,86864029;-49,02760506;"SPRF-SC";"DEL04-SC";"UOP01-DEL04-SC"
191236;2019-02-14;"quinta-feira";"10:30:00";"CE";116;26;"ITAITINGA";"Falta de Atenção à Condução";"Queda de ocupante de veículo";"Com Vítimas Feridas";"Pleno dia";"Crescente";"Céu Claro";"Dupla";"Reta";"Não";2;0;2;0;0;0;2;1;-3,9708;-38,5147;"SPRF-CE";"DEL01-CE";"UOP02-DEL01-CE"
191238;2019-02-14;"quinta-feira";"11:40:00";"ES";101;280;"SERRA";"Velocidade Incompatível";"Saída de leito carroçável";"Sem Vítimas";"Pleno dia";"Crescente";"Sol";"Dupla";"Reta";"Não";1;0;0;0;1;0;0;1;-20,2252564;-40,36193155;"SPRF-ES";"DEL02-ES";"UOP01-DEL02-ES"
191239;2019-02-14;"quinta-feira";"13:30:00";"SC";101;134;"BALNEARIO CAMBORIU";"Não guardar distância de segurança";"Colisão transversal";"Com Vítimas Feridas";"Pleno dia";"Decrescente";"Céu Claro";"Dupla";"Reta";"Sim";4;0;2;0;2;0;2;3;-27,0049;-48,6266;"SPRF-SC";"DEL04-SC";"UOP03-DEL04-SC"
191242;2019-02-14;"quinta-feira";"12:45:00";"BA";324;612;"SALVADOR";"Defeito Mecânico no Veículo";"Tombamento";"Sem Vítimas";"Pleno dia";"Decrescente";"Céu Claro";"Dupla";"Reta";"Sim";2;0;0;0;2;0;0;1;-12,83559212;-38,41336034;"SPRF-BA";"DEL01-BA";"UOP01-DEL01-BA"
191243;2019-02-14;"quinta-feira";"13:00:00";"SE";235;6;"NOSSA SENHORA DO SOCORRO";"Pista Escorregadia";"Tombamento";"Com Vítimas Feridas";"Pleno dia";"Crescente";"Sol";"Dupla";"Viaduto";"Não";2;0;1;1;0;0;2;1;-10,903851;-37,128677;"SPRF-SE";"DEL01-SE";"UOP01-DEL01-SE"
191244;2019-02-14;"quinta-feira";"11:20:00";"RO";364;13;"VILHENA";"Falta de Atenção à Condução";"Colisão lateral";"Com Vítimas Feridas";"Pleno dia";"Crescente";"Chuva";"Simples";"Interseção de Vias";"Sim";2;0;1;0;1;0;1;2;-12,7414;-60,130264;"SPRF-RO";"DEL04-RO";"UOP01-DEL04-RO"
191245;2019-02-14;"quinta-feira";"14:00:00";"ES";101;1;"SERRA";"Desobediência às normas de trânsito pelo condutor";"Colisão lateral";"Com Vítimas Feridas";"Pleno dia";"Decrescente";"Nublado";"Dupla";"Reta";"Não";2;0;1;0;1;0;1;2;-20,129093;-40,308125;"SPRF-ES";"DEL02-ES";"UOP01-DEL02-ES"
191247;2019-02-14;"quinta-feira";"13:50:00";"SP";116;52,4;"LORENA";"Defeito Mecânico no Veículo";"Tombamento";"Com Vítimas Feridas";"Pleno dia";"Decrescente";"Nublado";"Dupla";"Reta";"Não";2;0;2;0;0;0;2;1;-22,747082;-45,099731;"SPRF-SP";"DEL08-SP";"UOP01-DEL08-SP"
191248;2019-02-14;"quinta-feira";"12:50:00";"PE";423;91,7;"GARANHUNS";"Velocidade Incompatível";"Capotamento";"Sem Vítimas";"Pleno dia";"Crescente";"Sol";"Simples";"Curva;Aclive";"Sim";1;0;0;0;1;0;0;1;-8,853772;-36,462791;"SPRF-PE";"DEL03-PE";"UOP01-DEL03-PE"
191249;2019-02-14;"quinta-feira";"11:00:00";"RS";470;165,9;"VILA FLORES";"Falta de Atenção à Condução";"Saída de leito carroçável";"Com Vítimas Feridas";"Pleno dia";"Crescente";"Céu Claro";"Simples";"Curva";"Não";1;0;1;0;0;0;1;1;-28,8478422;-51,5711548;"SPRF-RS";"DEL06-RS";"UOP02-DEL06-RS"
191250;2019-02-14;"quinta-feira";"14:15:00";"SC";101;204;"SAO JOSE";"Desobediência às normas de trânsito pelo condutor";"Colisão transversal";"Com Vítimas Feridas";"Pleno dia";"Decrescente";"Céu Claro";"Múltipla";"Interseção de Vias";"Sim";5;0;4;0;1;0;4;2;-27,5832;-48,6151;"SPRF-SC";"DEL01-SC";"UOP01-DEL01-SC"
191251;2019-02-14;"quinta-feira";"14:30:00";"GO";40;41;"LUZIANIA";"Pista Escorregadia";"Saída de leito carroçável";"Com Vítimas Feridas";"Pleno dia";"Crescente";"Chuva";"Simples";"Curva";"Não";2;0;1;0;1;0;1;1;-16,367802;-47,826972;"SPRF-DF";"DEL01-DF";"UOP02-DEL01-DF"
191252;2019-02-14;"quinta-feira";"12:00:00";"MT";364;369;"CUIABA";"Condutor Dormindo";"Saída de leito carroçável";"Com Vítimas Feridas";"Pleno dia";"Decrescente";"Céu Claro";"Dupla";"Reta";"Não";2;0;1;0;1;0;1;1;-15,726536;-55,670982;"SPRF-MT";"DEL02-MT";"UOP02-DEL01-MT"
191257;2019-02-14;"quinta-feira";"15:00:00";"RJ";116;168;"SAO JOAO DE MERITI";"Não guardar distância de segurança";"Colisão traseira";"Com Vítimas Feridas";"Pleno dia";"Decrescente";"Céu Claro";"Dupla";"Reta";"Sim";2;0;1;0;1;0;1;2;-22,819967;-43,314999;"SPRF-RJ";"DEL01-RJ";"UOP02-DEL01-RJ"
191259;2019-02-14;"quinta-feira";"14:30:00";"MS";163;615;"SAO GABRIEL DO OESTE";"Não guardar distância de segurança";"Colisão traseira";"Com Vítimas Feridas";"Pleno dia";"Decrescente";"Céu Claro";"Simples";"Em Obras;Reta";"Sim";2;0;0;1;1;0;1;2;-19,393884;-54,568679;"SPRF-MS";"DEL06-MS";"UOP02-DEL06-MS"
191262;2019-02-12;"terça-feira";"07:00:00";"MS";163;478,8;"CAMPO GRANDE";"Falta de Atenção à Condução";"Colisão transversal";"Com Vítimas Feridas";"Pleno dia";"Crescente";"Céu Claro";"Simples";"Reta";"Sim";2;0;1;0;1;0;1;2;-20,48686563;-54,55927156;"SPRF-MS";"DEL01-MS";"UOP01-DEL01-MS"
191264;2019-02-14;"quinta-feira";"16:00:00";"GO";60;96;"ANAPOLIS";"Falta de Atenção à Condução";"Queda de ocupante de veículo";"Com Vítimas Feridas";"Pleno dia";"Crescente";"Sol";"Dupla";"Reta";"Sim";1;0;1;0;0;0;1;1;-16,371;-48,9422;"SPRF-GO";"DEL02-GO";"UOP01-DEL02-GO"