"id";"data_inversa";"dia_semana";"horario";"uf";"br";"km";"municipio";"causa_acidente";"tipo_acidente";"classificacao_acidente";"fase_dia";"sentido_via";"condicao_metereologica";"tipo_pista";"tracado_via";"uso_solo";"pessoas";"mortos";"feridos_leves";"feridos_graves";"ilesos";"ignorados";"feridos";"veiculos";"latitude";"longitude";"regional";"delegacia";"uop"
191265;2019-02-14;"quinta-feira";"15:25:00";"RS";116;530;"PELOTAS";"Desobediência às normas de trânsito pelo condutor";"Colisão transversal";"Sem Vítimas";"Pleno dia";"Crescente";"Céu Claro";"Simples";"Rotatória";"Não";2;0;0;0;1;1;0;2;-31,6153856;-52,3124736;"SPRF-RS";"DEL07-RS";"UOP01-DEL07-RS"
191266;2019-02-14;"quinta-feira";"15:20:00";"RJ";116;178;"NOVA IGUACU";"Não guardar distância de segurança";"Colisão traseira";"Com Vítimas Feridas";"Pleno dia";"Crescente";"Céu Claro";"Dupla";"Reta";"Sim";4;0;2;0;2;0;2;2;-22,774963;-43,400814;"SPRF-RJ";"DEL01-RJ";"UOP02-DEL01-RJ"
191267;2019-02-10;"domingo";"23:50:00";"MA";10;251,1;"IMPERATRIZ";"Ingestão de Álcool";"Colisão frontal";"Com Vítimas Feridas";"Plena Noite";"Decrescente";"Céu Claro";"Simples";"Reta";"Sim";2;0;1;0;1;0;1;2;-5,543249;-47,464447;"SPRF-MA";"DEL04-MA";"UOP01-DEL04-MA"
191269;2019-02-14;"quinta-feira";"15:50:00";"MS";463;26,2;"DOURADOS";"Ingestão de Álcool";"Colisão frontal";"Sem Vítimas";"Pleno dia";"Crescente";"Chuva";"Simples";"Reta";"Não";2;0;0;0;2;0;0;2;-22,29165699;-55,03145777;"SPRF-MS";"DEL04-MS";"UOP01-DEL04-MS"
191272;2019-02-14;"quinta-feira";"13:50:00";"MG";262;385;"MATEUS LEME";"Mal Súbito";"Saída de leito carroçável";"Com Vítimas Feridas";"Pleno dia";"Crescente";"Céu Claro";"Dupla";"Reta";"Não";1;0;1;0;0;0;1;1;-19,9201;-44,4779;"SPRF-MG";"DEL01-MG";"UOP03-DEL01-MG"
191274;2019-02-14;"quinta-feira";"16:38:00";"ES";101;301,3;"VIANA";"Falta de Atenção à Condução";"Colisão transversal";"Com Vítimas Feridas";"Pleno dia";"Crescente";"Céu Claro";"Múltipla";"Reta";"Sim";2;0;0;1;1;0;1;2;-20,3631438;-40,44253171;"SPRF-ES";"DEL01-ES";"UOP01-DEL01-ES"
191275;2019-02-14;"quinta-feira";"17:40:00";"ES";101;136;"LINHARES";"Agressão Externa";"Tombamento";"Com Vítimas Feridas";"Pleno dia";"Decrescente";"Céu Claro";"Simples";"Reta";"Não";1;0;1;0;0;0;1;1;-19,26707257;-40,08911133;"SPRF-ES";"DEL04-ES";"UOP01-DEL04-ES"
191276;2019-02-14;"quinta-feira";"18:00:00";"SC";470;140;"RIO DO SUL";"Mal Súbito";"Colisão frontal";"Com Vítimas Feridas";"Pleno dia";"Decrescente";"Nublado";"Simples";"Reta";"Não";2;0;1;0;1;0;1;2;-27,222485;-49,662827;"SPRF-SC";"DEL04-SC";"UOP02-DEL04-SC"
191277;2019-02-14;"quinta-feira";"17:00:00";"CE";222;234,4;"SOBRAL";"Desobediência às normas de trânsito pelo condutor";"Colisão traseira";"Com Vítimas Feridas";"Pleno dia";"Crescente";"Céu Claro";"Simples";"Reta";"Não";2;0;1;0;1;0;1;2;-3,712111;-40,426613;"SPRF-CE";"DEL04-CE";"UOP01-DEL04-CE"
191279;2019-02-14;"quinta-feira";"16:45:00";"PE";232;124,6;"CARUARU";"Falta de Atenção à Condução";"Colisão traseira";"Com Vítimas Feridas";"Pleno dia";"Crescente";"Vento";"Dupla";"Reta";"Não";3;0;1;2;0;0;3;2;-8,301935;-35,980919;"SPRF-PE";"DEL02-PE";"UOP03-DEL02-PE"
191280;2019-02-14;"quinta-feira";"18:50:00";"SC";470;69;"INDAIAL";"Falta de Atenção do Pedestre";"Atropelamento de Pedestre";"Com Vítimas Feridas";"Pleno dia";"Crescente";"Nublado";"Simples";"Reta;Aclive";"Sim";2;0;1;0;1;0;1;2;-26,8862297;-49,2504859;"SPRF-SC";"DEL04-SC";"UOP01-DEL04-SC"
191281;2019-02-14;"quinta-feira";"18:05:00";"SP";116;218;"GUARULHOS";"Não guardar distância de segurança";"Colisão lateral";"Com Vítimas Feridas";"Anoitecer";"Decrescente";"Nublado";"Simples";"Reta";"Não";4;0;1;0;3;0;1;4;-23,46255413;-46,49196267;"SPRF-SP";"DEL01-SP";"UOP01-DEL01-SP"
191282;2019-02-14;"quinta-feira";"18:10:00";"PR";277;607;"SANTA TEREZA DO OESTE";"Não guardar distância de segurança";"";"Com Vítimas Feridas";"Pleno dia";"Decrescente";"Céu Claro";"Simples";"Reta";"Sim";1;0;1;0;0;0;1;1;-25,038139;-53,596531;"SPRF-PR";"DEL05-PR";"UOP02-DEL05-PR"
191283;2019-02-14;"quinta-feira";"18:50:00";"PR";369;133,5;"IBIPORA";"Falta de Atenção à Condução";"Colisão transversal";"Com Vítimas Feridas";"Pleno dia";"Crescente";"Céu Claro";"Dupla";"Interseção de Vias";"Não";2;0;1;0;1;0;1;2;-23,26061749;-51,01274014;"SPRF-PR";"DEL07-PR";"UOP01-DEL07-PR"
191284;2019-02-14;"quinta-feira";"18:15:00";"RJ";40;119;"DUQUE DE CAXIAS";"Desobediência às normas de trânsito pelo condutor";"Colisão traseira";"Com Vítimas Feridas";"Pleno dia";"Decrescente";"Céu Claro";"Múltipla";"Reta";"Não";3;0;2;0;1;0;2;2;-22,7713;-43,2862;"SPRF-RJ";"DEL01-RJ";"UOP01-DEL01-RJ"
191285;2019-02-14;"quinta-feira";"14:20:00";"PI";316;21,6;"TERESINA";"Pista Escorregadia";"Saída de leito carroçável";"Sem Vítimas";"Pleno dia";"Decrescente";"Nublado";"Simples";"Curva";"Não";1;0;0;0;1;0;0;1;-5,267487;-42,727409;"SPRF-PI";"DEL01-PI";"UOP02-DEL01-PI"
191288;2019-02-14;"quinta-feira";"14:25:00";"PI";316;21,6;"DEMERVAL LOBAO";"Pista Escorregadia";"Saída de leito carroçável";"Sem Vítimas";"Pleno dia";"Decrescente";"Céu Claro";"Simples";"Reta";"Não";1;0;0;0;1;0;0;1;-5,267487;-42,727409;"SPRF-PI";"DEL01-PI";"UOP02-DEL01-PI"
191290;2019-02-14;"quinta-feira";"17:15:00";"RS";470;274,2;"MONTENEGRO";"Desobediência às normas de trânsito pelo condutor";"Colisão transversal";"Com Vítimas Feridas";"Pleno dia";"Decrescente";"Céu Claro";"Simples";"Reta";"Sim";2;0;1;0;1;0;1;2;-29,68637;-51,47434;"SPRF-RS";"DEL04-RS";"UOP02-DEL04-RS"
191291;2019-02-14;"quinta-feira";"20:00:00";"RS";158;201,5;"CRUZ ALTA";"Velocidade Incompatível";"Saída de leito carroçável";"Com Vítimas Feridas";"Plena Noite";"Decrescente";"Chuva";"Simples";"Curva";"Sim";1;0;0;1;0;0;1;1;-28,694088;-53,601543;"SPRF-RS";"DEL10-RS";"UOP02-DEL10-RS"
191292;2019-01-01;"terça-feira";"14:00:00";"RN";226;3,1;"NATAL";"Falta de Atenção à Condução";"Colisão lateral";"Sem Vítimas";"Pleno dia";"Decrescente";"Céu Claro";"Dupla";"Curva";"Sim";2;0;0;0;1;1;0;2;-5,82188575;-35,25247249;"SPRF-RN";"DEL01-RN";"UOP02-DEL01-RN"
191293;2019-02-14;"quinta-feira";"17:55:00";"RO";364;11,2;"VILHENA";"Falta de Atenção à Condução";"Colisão traseira";"Com Vítimas Feridas";"Anoitecer";"Decrescente";"Céu Claro";"Dupla";"Reta";"Sim";2;0;1;0;1;0;1;2;-12,74605;-60,112728;"SPRF-RO";"DEL04-RO";"UOP01-DEL04-RO"
191294;2019-02-14;"quinta-feira";"18:14:00";"MG";262;35,4;"MANHUACU";"Desobediência às normas de trânsito pelo condutor";"Colisão transversal";"Com Vítimas Feridas";"Pleno dia";"Decrescente";"Nublado";"Simples";"Reta";"Não";3;0;1;0;2;0;1;2;-20,259268;-42,017025;"SPRF-MG";"DEL06-MG";"UOP03-DEL06-MG"
191295;2019-02-14;"quinta-feira";"19:30:00";"PR";116;113;"CURITIBA";"Objeto estático sobre o leito carroçável";"Queda de ocupante de veículo";"Com Vítimas Feridas";"Plena Noite";"Crescente";"Nublado";"Dupla";"Reta";"Sim";1;0;0;1;0;0;1;1;-25,54925618;-49,30458069;"SPRF-PR";"DEL01-PR";"UOP01-DEL01-PR"
191296;2019-02-14;"quinta-feira";"08:15:00";"MA";135;0,6;"SAO LUIS";"Pista Escorregadia";"Colisão com objeto estático";"Sem Vítimas";"Pleno dia";"Crescente";"Chuva";"Dupla";"Reta";"Sim";3;0;0;0;3;0;0;1;-2,580456;-44,241947;"SPRF-MA";"DEL01-MA";"UOP01-DEL01-MA"
191297;2019-02-14;"quinta-feira";"20:17:00";"PR";476;139;"CURITIBA";"Falta de Atenção à Condução";"Colisão traseira";"Com Vítimas Feridas";"Plena Noite";"Decrescente";"Céu Claro";"Dupla";"Reta";"Sim";3;0;2;0;1;0;2;3;-25,51284;-49,289257;"SPRF-PR";"DEL01-PR";"UOP07-DEL01-PR"
191298;2019-02-14;"quinta-feira";"14:30:00";"MG";381;316;"NOVA ERA";"Pista Escorregadia";"Colisão traseira";"Sem Vítimas";"Pleno dia";"Decrescente";"Céu Claro";"Simples";"Curva";"Não";2;0;0;0;2;0;0;2;-19,7609;-43,0306;"SPRF-MG";"DEL03-MG";"UOP02-DEL03-MG"
191301;2019-02-14;"quinta-feira";"19:40:00";"BA";407;2,7;"JUAZEIRO";"Desobediência às normas de trânsito pelo condutor";"Colisão lateral";"Com Vítimas Feridas";"Plena Noite";"Decrescente";"Céu Claro";"Simples";"Reta";"Sim";2;0;1;0;1;0;1;2;-9,425099;-40,503536;"SPRF-PE";"DEL06-PE";"UOP01-DEL06-PE"
191302;2019-02-14;"quinta-feira";"19:40:00";"RS";293;253;"DOM PEDRITO";"Falta de Atenção à Condução";"Tombamento";"Com Vítimas Feridas";"Pleno dia";"Crescente";"Nublado";"Simples";"Interseção de Vias";"Sim";2;0;0;1;1;0;1;2;-30,959497;-54,679693;"SPRF-RS";"DEL11-RS";"UOP01-DEL11-RS"
191303;2019-02-14;"quinta-feira";"21:15:00";"SC";470;43,8;"GASPAR";"Defeito Mecânico no Veículo";"Incêndio";"Sem Vítimas";"Plena Noite";"Decrescente";"Nublado";"Simples";"Reta";"Não";1;0;0;0;1;0;0;1;-26,874519;-49,013454;"SPRF-SC";"DEL04-SC";"UOP01-DEL04-SC"
191304;2019-01-01;"terça-feira";"22:10:00";"MG";50;40;"ARAGUARI";"Falta de Atenção à Condução";"Colisão transversal";"Sem Vítimas";"Plena Noite";"Decrescente";"Céu Claro";"Dupla";"Retorno Regulamentado";"Sim";3;0;0;0;1;2;0;3;-18,6834;-48,1789;"SPRF-MG";"DEL15-MG";"UOP02-DEL15-MG"
191305;2019-02-14;"quinta-feira";"10:58:00";"RJ";40;101;"DUQUE DE CAXIAS";"Defeito na Via";"Queda de ocupante de veículo";"Com Vítimas Feridas";"Pleno dia";"Crescente";"Céu Claro";"Dupla";"Curva";"Não";1;0;1;0;0;0;1;1;-22,6119;-43,285;"SPRF-RJ";"DEL06-RJ";"UOP01-DEL06-RJ"
191306;2019-02-14;"quinta-feira";"19:50:00";"RS";472;545;"URUGUAIANA";"Falta de Atenção à Condução";"Colisão lateral";"Sem Vítimas";"Anoitecer";"Crescente";"Céu Claro";"Simples";"Reta";"Não";5;0;0;0;5;0;0;2;-29,595128;-56,863058;"SPRF-RS";"DEL13-RS";"UOP01-DEL13-RS"
191307;2019-02-14;"quinta-feira";"20:20:00";"MG";381;484;"BETIM";"Falta de Atenção à Condução";"Colisão lateral";"Com Vítimas Feridas";"Plena Noite";"Decrescente";"Nublado";"Dupla";"Reta";"Não";3;0;2;0;1;0;2;2;-19,9557;-44,0964;"SPRF-MG";"DEL01-MG";"UOP03-DEL01-MG"
191309;2019-02-14;"quinta-feira";"19:20:00";"SP";381;20,6;"BRAGANCA PAULISTA";"Falta de Atenção à Condução";"Saída de leito carroçável";"Sem Vítimas";"Plena Noite";"Crescente";"Céu Claro";"Dupla";"Reta";"Sim";1;0;0;0;1;0;0;1;-22,984438;-46,503525;"SPRF-SP";"DEL03-SP";"UOP02-DEL03-SP"
191312;2019-02-14;"quinta-feira";"18:50:00";"PA";230;95,2;"SAO JOAO DO ARAGUAIA";"Animais na Pista";"Atropelamento de Animal";"Com Vítimas Fatais";"Anoitecer";"Crescente";"Céu Claro";"Simples";"Reta";"Não";1;1;0;0;0;0;0;1;-5,438558;-48,917889;"SPRF-PA";"DEL03-PA";"UOP01-DEL03-PA"
191313;2019-02-14;"quinta-feira";"20:00:00";"PB";230;17;"JOAO PESSOA";"Não guardar distância de segurança";"Engavetamento";"Com Vítimas Feridas";"Plena Noite";"Decrescente";"Céu Claro";"Dupla";"Reta";"Não";4;0;1;0;3;0;1;3;-7,1121;-34,8426;"SPRF-PB";"DEL01-PB";"UOP01-DEL01-PB"
191314;2019-02-14;"quinta-feira";"22:30:00";"MG";381;897,1;"CAMBUI";"Avarias e/ou desgaste excessivo no pneu";"Saída de leito carroçável";"Com Vítimas Feridas";"Plena Noite";"Decrescente";"Nublado";"Múltipla";"Reta";"Sim";3;0;2;0;1;0;2;1;-22,6089;-46,0609;"SPRF-MG";"DEL16-MG";"UOP03-DEL16-MG"
191315;2019-01-25;"sexta-feira";"12:25:00";"RN";101;95,8;"NATAL";"Não guardar distância de segurança";"Colisão lateral";"Com Vítimas Feridas";"Pleno dia";"Crescente";"Céu Claro";"Múltipla";"Reta";"Sim";2;0;1;0;1;0;1;2;-5,840768;-35,210358;"SPRF-RN";"DEL01-RN";"UOP01-DEL01-RN"
191316;2019-02-14;"quinta-feira";"17:30:00";"PE";101;140,5;"RIBEIRAO";"Falta de Atenção à Condução";"Saída de leito carroçável";"Com Vítimas Feridas";"Anoitecer";"Crescente";"Céu Claro";"Dupla";"Reta";"Não";1;0;1;0;0;0;1;1;-8,4394;-35,3342;"SPRF-PE";"DEL01-PE";"UOP03-DEL01-PE"
191319;2019-02-14;"quinta-feira";"22:45:00";"PR";476;139;"CURITIBA";"Falta de Atenção à Condução";"Colisão traseira";"Com Vítimas Feridas";"Plena Noite";"Crescente";"Nublado";"Simples";"Reta";"Sim";2;0;1;0;1;0;1;2;-25,51284;-49,289257;"SPRF-PR";"DEL01-PR";"UOP07-DEL01-PR"
191320;2019-02-14;"quinta-feira";"22:15:00";"PB";230;22,9;"JOAO PESSOA";"Não guardar distância de segurança";"Colisão traseira";"Com Vítimas Feridas";"Plena Noite";"Crescente";"Chuva";"Dupla";"Reta";"Sim";3;0;2;0;1;0;2;2;-7,1495;-34,8517;"SPRF-PB";"DEL01-PB";"UOP01-DEL01-PB"
191321;2019-02-14;"quinta-feira";"23:50:00";"SC";101;198,3;"BIGUACU";"Ingestão de Álcool";"Saída de leito carroçável";"Com Vítimas Feridas";"Plena Noite";"Decrescente";"Garoa/Chuvisco";"Dupla";"Reta";"Sim";3;0;2;0;0;1;2;2;-27,5341;-48,6298;"SPRF-SC";"DEL01-SC";"UOP01-DEL01-SC"
191322;2019-02-14;"quinta-feira";"21:30:00";"MT";364;303;"JACIARA";"Desobediência às normas de trânsito pelo condutor";"Colisão transversal";"Com Vítimas Feridas";"Plena Noite";"Crescente";"Céu Claro";"Dupla";"Reta";"Não";4;0;2;0;2;0;2;2;-15,832126;-55,178387;"SPRF-MT";"DEL02-MT";"UOP02-DEL05-MT"
191325;2019-02-15;"sexta-feira";"00:55:00";"RS";287;248,3;"SANTA MARIA";"Desobediência às normas de trânsito pelo condutor";"Colisão lateral";"Sem Vítimas";"Plena Noite";"Crescente";"Chuva";"Simples";"Reta";"Sim";4;0;0;0;4;0;0;2;-29,69651542;-53,84884357;"SPRF-RS";"DEL09-RS";"UOP01-DEL09-RS"
191326;2019-02-15;"sexta-feira";"00:20:00";"PR";116;122;"CURITIBA";"Desobediência às normas de trânsito pelo condutor";"Saída de leito carroçável";"Com Vítimas Feridas";"Pleno dia";"Decrescente";"Nublado";"Dupla";"Curva";"Sim";1;0;1;0;0;0;1;1;-25,551222;-49,305038;"SPRF-PR";"DEL01-PR";"UOP03-DEL01-PR"
191330;2019-02-15;"sexta-feira";"00:50:00";"PR";277;531;"CAMPO BONITO";"Falta de Atenção à Condução";"Queda de ocupante de veículo";"Com Vítimas Feridas";"Plena Noite";"Decrescente";"Céu Claro";"Simples";"Reta";"Sim";1;0;1;0;0;0;1;1;-25,09722333;-52,96578929;"SPRF-PR";"DEL04-PR";"UOP04-DEL04-PR"
191331;2019-02-15;"sexta-feira";"02:00:00";"PR";373;221;"IMBITUVA";"Falta de Atenção do Pedestre";"Atropelamento de Pedestre";"Com Vítimas Fatais";"Plena Noite";"Decrescente";"Nublado";"Simples";"Reta";"Não";2;1;0;0;0;1;0;2;-25,173974;-50,575914;"SPRF-PR";"DEL03-PR";"UOP01-DEL03-PR"
191332;2019-02-15;"sexta-feira";"02:00:00";"SC";101;219,6;"PALHOCA";"Desobediência às normas de trânsito pelo condutor";"Saída de leito carroçável";"Sem Vítimas";"Plena Noite";"Crescente";"Nublado";"Múltipla";"Curva";"Sim";1;0;0;0;1;0;0;1;-27,693;-48,6631;"SPRF-SC";"DEL01-SC";"UOP02-DEL01-SC"
191336;2019-02-15;"sexta-feira";"02:45:00";"RS";386;50,7;"SEBERI";"Ingestão de Álcool";"Saída de leito carroçável";"Com Vítimas Feridas";"Plena Noite";"Decrescente";"Chuva";"Simples";"Curva";"Sim";2;0;2;0;0;0;2;1;-27,491682;-53,389172;"SPRF-RS";"DEL08-RS";"UOP02-DEL08-RS"
191337;2019-02-15;"sexta-feira";"02:15:00";"RJ";116;180,6;"NOVA IGUACU";"Ingestão de Álcool";"Colisão com objeto estático";"Sem Vítimas";"Plena Noite";"Crescente";"Nublado";"Dupla";"Reta";"Sim";1;0;0;0;1;0;0;1;-22,765121;-43,415562;"SPRF-RJ";"DEL01-RJ";"UOP02-DEL01-RJ"
191338;2019-02-15;"sexta-feira";"02:30:00";"PE";101;201;"PALMARES";"Defeito Mecânico no Veículo";"Saída de leito carroçável";"Com Vítimas Feridas";"Plena Noite";"Decrescente";"Ignorado";"Dupla";"Reta";"Não";1;0;1;0;0;0;1;1;-8,7036;-35,6079;"SPRF-PE";"DEL01-PE";"UOP03-DEL01-PE"
191341;2019-02-02;"sábado";"10:20:00";"SC";282;5;"SAO JOSE";"Falta de Atenção à Condução";"Engavetamento";"Com Vítimas Feridas";"Pleno dia";"Decrescente";"Ignorado";"Dupla";"Reta";"Sim";4;0;1;0;1;2;1;3;-27,588425;-48,612919;"SPRF-SC";"DEL01-SC";"UOP01-DEL01-SC"
191342;2019-02-15;"sexta-feira";"04:45:00";"MG";40;525;"CONTAGEM";"Falta de Atenção à Condução";"Colisão traseira";"Com Vítimas Feridas";"Amanhecer";"Decrescente";"Nublado";"Dupla";"Reta";"Sim";2;0;1;0;1;0;1;2;-19,8971;-44,0497;"SPRF-MG";"DEL01-MG";"UOP03-DEL01-MG"
191343;2019-02-15;"sexta-feira";"03:50:00";"PR";373;182,2;"PONTA GROSSA";"Falta de Atenção do Pedestre";"Atropelamento de Pedestre";"Com Vítimas Fatais";"Plena Noite";"Decrescente";"Nublado";"Simples";"Reta";"Sim";2;1;0;0;0;1;0;2;-25,04050445;-50,27112007;"SPRF-PR";"DEL03-PR";"UOP01-DEL03-PR"
191345;2019-02-14;"quinta-feira";"22:00:00";"MG";50;138;"UBERABA";"Velocidade Incompatível";"Saída de leito carroçável";"Com Vítimas Feridas";"Plena Noite";"Decrescente";"Chuva";"Dupla";"Reta";"Não";1;0;1;0;0;0;1;1;-19,4686;-48,0558;"SPRF-MG";"DEL13-MG";"UOP01-DEL13-MG"
191351;2019-02-15;"sexta-feira";"00:00:00";"BA";418;104;"CARAVELAS";"Animais na Pista";"Atropelamento de Animal";"Com Vítimas Feridas";"Pleno dia";"Crescente";"Céu Claro";"Simples";"Reta";"Não";1;0;0;1;0;0;1;1;-17,734264;-39,553185;"SPRF-BA";"DEL09-BA";"UOP02-DEL09-BA"
191353;2019-02-15;"sexta-feira";"07:20:00";"MG";365;622;"UBERLANDIA";"Agressão Externa";"Queda de ocupante de veículo";"Com Vítimas Feridas";"Pleno dia";"Decrescente";"Garoa/Chuvisco";"Dupla";"Interseção de Vias";"Sim";1;0;1;0;0;0;1;1;-18,8974;-48,2715;"SPRF-MG";"DEL15-MG";"UOP01-DEL15-MG"
191357;2019-02-15;"sexta-feira";"06:15:00";"SE";101;147;"ESTANCIA";"Falta de Atenção à Condução";"Colisão transversal";"Com Vítimas Feridas";"Pleno dia";"Crescente";"Céu Claro";"Simples";"Reta";"Sim";2;0;0;1;1;0;1;2;-11,26877895;-37,44274199;"SPRF-SE";"DEL02-SE";"UOP01-DEL02-SE"
191358;2019-02-15;"sexta-feira";"06:50:00";"GO";40;11,9;"LUZIANIA";"Falta de Atenção à Condução";"Colisão traseira";"Com Vítimas Feridas";"Pleno dia";"Decrescente";"Nublado";"Dupla";"Reta";"Sim";6;0;4;0;1;1;4;2;-16,14382019;-47,94651574;"SPRF-DF";"DEL01-DF";"UOP01-DEL01-DF"
191359;2019-02-15;"sexta-feira";"07:35:00";"DF";70;17,5;"BRASILIA";"Não guardar distância de segurança";"Colisão lateral";"Com Vítimas Feridas";"Pleno dia";"Decrescente";"Céu Claro";"Dupla";"Reta";"Não";2;0;1;0;1;0;1;2;-15,79272847;-48,20688128;"SPRF-DF";"DEL01-DF";"UOP02-DEL03-DF"
191361;2019-02-15;"sexta-feira";"07:15:00";"RS";290;77;"GRAVATAI";"Falta de Atenção à Condução";"Saída de leito carroçável";"Com Vítimas Feridas";"Pleno dia";"Crescente";"Garoa/Chuvisco";"Múltipla";"Reta";"Sim";1;0;1;0;0;0;1;1;-29,955027;-51,027363;"SPRF-RS";"DEL01-RS";"UOP01-DEL01-RS"
191362;2019-01-06;"domingo";"08:30:00";"MG";116;266;"TEOFILO OTONI";"Condutor Dormindo";"Saída de leito carroçável";"Sem Vítimas";"Pleno dia";"Decrescente";"Sol";"Simples";"Reta";"Não";1;0;0;0;1;0;0;1;-17,7759987;-41,49826884;"SPRF-MG";"DEL11-MG";"UOP01-DEL11-MG"
191363;2019-02-15;"sexta-feira";"06:40:00";"MT";163;749;"SORRISO";"Desobediência às normas de trânsito pelo condutor";"Tombamento";"Com Vítimas Feridas";"Amanhecer";"Crescente";"Céu Claro";"Dupla";"Curva";"Não";1;0;1;0;0;0;1;1;-12,59148622;-55,74211836;"SPRF-MT";"DEL06-MT";"UOP01-DEL06-MT"
191364;2019-02-15;"sexta-feira";"08:00:00";"MG";262;687;"ARAXA";"Pista Escorregadia";"Tombamento";"Com Vítimas Feridas";"Pleno dia";"Crescente";"Nublado";"Simples";"Reta";"Não";1;0;1;0;0;0;1;1;-19,560389;-46,97274;"SPRF-MG";"DEL08-MG";"UOP01-DEL08-MG"
191367;2019-02-15;"sexta-feira";"07:05:00";"PE";232;9;"RECIFE";"Falta de Atenção à Condução";"Colisão lateral";"Com Vítimas Feridas";"Pleno dia";"Decrescente";"Sol";"Dupla";"Reta";"Não";2;0;1;0;1;0;1;2;-8,077656;-34,978714;"SPRF-PE";"DEL01-PE";"UOP01-DEL01-PE"
191369;2019-02-15;"sexta-feira";"08:15:00";"RS";158;324,1;"SANTA MARIA";"Falta de Atenção à Condução";"Colisão traseira";"Sem Vítimas";"Pleno dia";"Crescente";"Chuva";"Dupla";"Reta;Em Obras;Declive";"Não";2;0;0;0;2;0;0;2;-29,697626;-53,788464;"SPRF-RS";"DEL09-RS";"UOP01-DEL09-RS"
191371;2019-01-24;"quinta-feira";"00:56:00";"PR";369;149,2;"LONDRINA";"Desobediência às normas de trânsito pelo condutor";"Colisão transversal";"Com Vítimas Feridas";"Plena Noite";"Crescente";"Céu Claro";"Dupla";"Reta;Aclive";"Sim";3;0;0;2;1;0;2;2;-23,29278612;-51,15389407;"SPRF-PR";"DEL07-PR";"UOP01-DEL07-PR"
191372;2019-02-15;"sexta-feira";"07:00:00";"PB";230;9,5;"CABEDELO";"Não guardar distância de segurança";"Colisão traseira";"Com Vítimas Feridas";"Pleno dia";"Crescente";"Sol";"Simples";"Reta;Em Obras";"Sim";2;0;1;0;1;0;1;2;-7,04780593;-34,8485899;"SPRF-PB";"DEL01-PB";"UOP01-DEL01-PB"
191373;2019-02-15;"sexta-feira";"08:30:00";"SC";101;235;"PALHOCA";"Velocidade Incompatível";"Colisão com objeto estático";"Com Vítimas Feridas";"Pleno dia";"Decrescente";"Chuva";"Dupla";"Reta";"Não";1;0;1;0;0;0;1;1;-27,827;-48,63;"SPRF-SC";"DEL01-SC";"UOP02-DEL01-SC"
191374;2019-02-15;"sexta-feira";"07:55:00";"CE";116;3,5;"FORTALEZA";"Falta de Atenção à Condução";"Colisão traseira";"Com Vítimas Feridas";"Pleno dia";"Decrescente";"Céu Claro";"Dupla";"Reta";"Sim";2;0;1;0;1;0;1;2;-3,7874;-38,5109;"SPRF-CE";"DEL01-CE";"UOP02-DEL01-CE"
191376;2019-02-03;"domingo";"23:00:00";"MG";381;502,5;"BETIM";"Falta de Atenção à Condução";"Colisão com objeto estático";"Com Vítimas Feridas";"Plena Noite";"Crescente";"Céu Claro";"Dupla";"Curva";"Não";1;0;1;0;0;0;1;1;-20,0236;-44,2299;"SPRF-MG";"DEL01-MG";"UOP03-DEL01-MG"
191378;2019-02-15;"sexta-feira";"08:50:00";"PR";369;178,5;"ROLANDIA";"Pista Escorregadia";"Capotamento";"Com Vítimas Feridas";"Pleno dia";"Crescente";"Garoa/Chuvisco";"Dupla";"Viaduto";"Sim";3;0;1;1;0;1;2;2;-23,35148657;-51,38774514;"SPRF-PR";"DEL07-PR";"UOP01-DEL07-PR"
191380;2019-02-15;"sexta-feira";"09:15:00";"PR";277;660;"MATELANDIA";"Velocidade Incompatível";"Saída de leito carroçável";"Com Vítimas Feridas";"Pleno dia";"Crescente";"Garoa/Chuvisco";"Dupla";"Curva;Declive";"Não";1;0;1;0;0;0;1;1;-25,251387;-53,990307;"SPRF-PR";"DEL05-PR";"UOP02-DEL05-PR"
191386;2019-02-15;"sexta-feira";"09:40:00";"PR";153;333,9;"IRATI";"Mal Súbito";"Colisão com objeto estático";"Com Vítimas Feridas";"Pleno dia";"Crescente";"Chuva";"Simples";"Reta";"Sim";1;0;0;1;0;0;1;1;-25,466806;-50,63031;"SPRF-PR";"DEL03-PR";"UOP02-DEL08-PR"
191387;2019-02-15;"sexta-feira";"08:40:00";"RS";290;281,5;"CACHOEIRA DO SUL";"Desobediência às normas de trânsito pelo condutor";"Saída de leito carroçável";"Com Vítimas Fatais";"Pleno dia";"Decrescente";"Chuva";"Simples";"Reta";"Não";5;2;2;1;0;0;3;1;-30,251297;-53,033596;"SPRF-RS";"DEL02-RS";"UOP02-DEL02-RS"
191390;2019-02-15;"sexta-feira";"09:00:00";"MG";146;497,7;"BOTELHOS";"Velocidade Incompatível";"Saída de leito carroçável";"Com Vítimas Feridas";"Pleno dia";"Decrescente";"Chuva";"Simples";"Curva";"Não";1;0;1;0;0;0;1;1;-21,685741;-46,42397;"SPRF-MG";"DEL13-MG";"UOP01-DEL13-MG"
191393;2019-02-15;"sexta-feira";"09:25:00";"SC";101;138;"ITAPEMA";"Velocidade Incompatível";"Saída de leito carroçável";"Com Vítimas Feridas";"Pleno dia";"Crescente";"Chuva";"Simples";"Curva";"Não";1;0;1;0;0;0;1;1;-27,032;-48,6051;"SPRF-SC";"DEL04-SC";"UOP03-DEL04-SC"