"id";"data_inversa";"dia_semana";"horario";"uf";"br";"km";"municipio";"causa_acidente";"tipo_acidente";"classificacao_acidente";"fase_dia";"sentido_via";"condicao_metereologica";"tipo_pista";"tracado_via";"uso_solo";"pessoas";"mortos";"feridos_leves";"feridos_graves";"ilesos";"ignorados";"feridos";"veiculos";"latitude";"longitude";"regional";"delegacia";"uop"
191527;2019-02-15;"sexta-feira";"18:40:00";"SC";101;131;"BALNEARIO CAMBORIU";"Não guardar distância de segurança";"Engavetamento";"Com Vítimas Feridas";"Pleno dia";"Decrescente";"Chuva";"Dupla";"Reta";"Não";3;0;1;0;2;0;1;3;-26,9965;-48,6555;"SPRF-SC";"DEL04-SC";"UOP03-DEL04-SC"
191529;2019-02-15;"sexta-feira";"20:30:00";"SC";101;163,1;"TIJUCAS";"Desobediência às normas de trânsito pelo pedestre";"Atropelamento de Pedestre";"Com Vítimas Fatais";"Plena Noite";"Crescente";"Nublado";"Dupla";"Reta";"Não";3;1;0;0;1;1;0;2;-27,2414;-48,6306;"SPRF-SC";"DEL04-SC";"UOP03-DEL04-SC"
191530;2019-02-15;"sexta-feira";"19:00:00";"BA";324;618;"SALVADOR";"Não guardar distância de segurança";"Colisão traseira";"Com Vítimas Feridas";"Plena Noite";"Decrescente";"Céu Claro";"Dupla";"Reta";"Sim";3;0;1;0;1;1;1;3;-12,907435;-38,456961;"SPRF-BA";"DEL01-BA";"UOP01-DEL01-BA"
191531;2019-02-15;"sexta-feira";"20:50:00";"RS";116;153,7;"CAXIAS DO SUL";"Desobediência às normas de trânsito pelo condutor";"Colisão transversal";"Com Vítimas Feridas";"Plena Noite";"Crescente";"Nublado";"Dupla";"Rotatória";"Sim";3;0;1;0;2;0;1;2;-29,18785916;-51,18233269;"SPRF-RS";"DEL05-RS";"UOP01-DEL05-RS"
191532;2019-02-15;"sexta-feira";"17:42:00";"SP";116;421;"JUQUIA";"Falta de Atenção à Condução";"Capotamento";"Com Vítimas Feridas";"Anoitecer";"Crescente";"Chuva";"Dupla";"Reta";"Não";2;0;1;0;1;0;1;1;-24,35969101;-47,64083862;"SPRF-SP";"DEL05-SP";"UOP01-DEL05-SP"
191533;2019-02-15;"sexta-feira";"20:45:00";"RS";290;106,7;"ELDORADO DO SUL";"Falta de Atenção do Pedestre";"Atropelamento de Pedestre";"Com Vítimas Fatais";"Plena Noite";"Crescente";"Nublado";"Dupla";"Reta";"Sim";2;1;0;0;1;0;0;2;-29,998999;-51,294563;"SPRF-RS";"DEL02-RS";"UOP01-DEL02-RS"
191534;2019-02-15;"sexta-feira";"20:20:00";"SP";116;148,8;"SAO JOSE DOS CAMPOS";"Falta de Atenção à Condução";"Colisão traseira";"Com Vítimas Feridas";"Plena Noite";"Crescente";"Nublado";"Múltipla";"Reta";"Sim";2;0;1;0;1;0;1;2;-23,2029297;-45,8825493;"SPRF-SP";"DEL02-SP";"UOP01-DEL02-SP"
191536;2019-02-15;"sexta-feira";"21:00:00";"SC";101;208,3;"SAO JOSE";"Falta de Atenção à Condução";"Queda de ocupante de veículo";"Com Vítimas Feridas";"Plena Noite";"Crescente";"Nublado";"Múltipla";"Reta";"Não";1;0;1;0;0;0;1;1;-27,6101;-48,6388;"SPRF-SC";"DEL01-SC";"UOP01-DEL01-SC"
191537;2019-02-15;"sexta-feira";"20:00:00";"PR";277;33;"MORRETES";"Avarias e/ou desgaste excessivo no pneu";"Saída de leito carroçável";"Com Vítimas Feridas";"Plena Noite";"Decrescente";"Chuva";"Dupla";"Declive;Curva";"Não";2;0;1;0;1;0;1;1;-25,56621384;-48,81088257;"SPRF-PR";"DEL01-PR";"UOP05-DEL01-PR"
191538;2019-02-15;"sexta-feira";"19:40:00";"PB";230;56,2;"CRUZ DO ESPIRITO SANTO";"Falta de Atenção à Condução";"Colisão traseira";"Com Vítimas Fatais";"Plena Noite";"Crescente";"Céu Claro";"Dupla";"Reta";"Não";2;1;0;0;1;0;0;2;-7,2021;-35,1038;"SPRF-PB";"DEL01-PB";"UOP03-DEL01-PB"
191539;2019-02-15;"sexta-feira";"21:40:00";"RJ";101;69,5;"CAMPOS DOS GOYTACAZES";"Ingestão de Álcool";"Colisão transversal";"Com Vítimas Feridas";"Plena Noite";"Crescente";"Céu Claro";"Simples";"Interseção de Vias";"Não";16;0;1;0;15;0;1;2;-21,776251;-41,365345;"SPRF-RJ";"DEL08-RJ";"UOP02-DEL08-RJ"
191540;2019-02-15;"sexta-feira";"20:10:00";"PI";343;7,6;"PARNAIBA";"Ingestão de Álcool";"Colisão traseira";"Com Vítimas Feridas";"Plena Noite";"Decrescente";"Nublado";"Simples";"Reta";"Não";2;0;1;0;1;0;1;2;-2,898051;-41,714767;"SPRF-PI";"DEL05-PI";"UOP01-DEL05-PI"
191541;2019-02-15;"sexta-feira";"20:00:00";"RJ";40;93;"PETROPOLIS";"Pista Escorregadia";"Tombamento";"Com Vítimas Feridas";"Plena Noite";"Crescente";"Céu Claro";"Simples";"Curva";"Não";4;0;1;0;3;0;1;1;-22,5579034;-43,26450348;"SPRF-RJ";"DEL06-RJ";"UOP01-DEL06-RJ"
191544;2019-02-15;"sexta-feira";"19:30:00";"SC";101;192,4;"BIGUACU";"Velocidade Incompatível";"Colisão com objeto estático";"Com Vítimas Feridas";"Anoitecer";"Crescente";"Garoa/Chuvisco";"Múltipla";"Curva";"Sim";1;0;1;0;0;0;1;1;-27,4897;-48,6559;"SPRF-SC";"DEL01-SC";"UOP01-DEL01-SC"
191545;2019-02-15;"sexta-feira";"21:20:00";"SC";101;196,6;"BIGUACU";"Velocidade Incompatível";"Colisão com objeto estático";"Sem Vítimas";"Plena Noite";"Crescente";"Nublado";"Múltipla";"Reta";"Sim";1;0;0;0;0;1;0;1;-27,5185;-48,6383;"SPRF-SC";"DEL01-SC";"UOP01-DEL01-SC"
191549;2019-02-15;"sexta-feira";"17:50:00";"PE";232;51,3;"VITORIA DE SANTO ANTAO";"Pista Escorregadia";"Colisão lateral";"Com Vítimas Feridas";"Anoitecer";"Decrescente";"Chuva";"Dupla";"Reta";"Não";4;0;2;0;2;0;2;2;-8,128181;-35,281677;"SPRF-PE";"DEL01-PE";"UOP02-DEL02PE"
191550;2019-02-15;"sexta-feira";"19:10:00";"MS";163;15,9;"MUNDO NOVO";"Falta de Atenção à Condução";"Colisão transversal";"Com Vítimas Feridas";"Anoitecer";"Crescente";"Céu Claro";"Simples";"Curva";"Sim";2;0;0;2;0;0;2;2;-23,95624619;-54,29517899;"SPRF-MS";"DEL09-MS";"UOP02-DEL09-MS"
191551;2019-02-15;"sexta-feira";"17:15:00";"SC";282;92;"ALFREDO WAGNER";"Velocidade Incompatível";"Colisão frontal";"Sem Vítimas";"Pleno dia";"Crescente";"Nublado";"Simples";"Curva";"Não";2;0;0;0;2;0;0;2;-27,697363;-49,23542;"SPRF-SC";"DEL01-SC";"UOP03-DEL01-SC"
191552;2019-02-15;"sexta-feira";"19:19:00";"RJ";101;327;"NITEROI";"Falta de Atenção à Condução";"Colisão lateral";"Com Vítimas Feridas";"Plena Noite";"Decrescente";"Nublado";"Dupla";"Reta";"Não";2;0;1;0;1;0;1;2;-22,871164;-43,156063;"SPRF-RJ";"DEL02-RJ";"UOP02-DEL02-RJ"
191553;2019-02-15;"sexta-feira";"21:20:00";"RS";470;334,8;"TRIUNFO";"Objeto estático sobre o leito carroçável";"Atropelamento de Pedestre";"Com Vítimas Feridas";"Plena Noite";"Decrescente";"Garoa/Chuvisco";"Simples";"Reta";"Não";4;0;4;0;0;0;4;2;-29,82932676;-51,68586731;"SPRF-RS";"DEL04-RS";"UOP02-DEL04-RS"
191554;2019-02-15;"sexta-feira";"18:10:00";"AC";364;132,5;"RIO BRANCO";"Defeito na Via";"Tombamento";"Com Vítimas Feridas";"Plena Noite";"Decrescente";"Nublado";"Dupla";"Declive";"Não";1;0;1;0;0;0;1;1;-10,010051;-67,845528;"SPRF-AC";"DEL01-AC";"UOP01-DEL01-AC"
191555;2019-02-15;"sexta-feira";"22:15:00";"RJ";116;316;"ITATIAIA";"Falta de Atenção do Pedestre";"Atropelamento de Pedestre";"Com Vítimas Fatais";"Plena Noite";"Decrescente";"Nublado";"Dupla";"Reta";"Sim";2;1;0;0;1;0;0;2;-22,465601;-44,491028;"SPRF-RJ";"DEL07-RJ";"DEL5/7-UOP03/RJ"
191557;2019-02-15;"sexta-feira";"20:50:00";"RJ";101;320;"NITEROI";"Falta de Atenção à Condução";"Colisão traseira";"Com Vítimas Feridas";"Plena Noite";"Crescente";"Céu Claro";"Múltipla";"Reta";"Sim";2;0;1;0;1;0;1;2;-22,861752;-43,107143;"SPRF-RJ";"DEL02-RJ";"UOP02-DEL02-RJ"
191558;2019-02-15;"sexta-feira";"21:55:00";"BA";101;808,6;"ITAMARAJU";"Não guardar distância de segurança";"Colisão traseira";"Com Vítimas Feridas";"Plena Noite";"Crescente";"Céu Claro";"Simples";"Rotatória";"Sim";3;0;1;0;1;1;1;3;-17,0185;-39,5418;"SPRF-BA";"DEL09-BA";"UOP01-DEL09-BA"
191559;2019-02-15;"sexta-feira";"20:55:00";"SC";480;130,5;"CHAPECO";"Velocidade Incompatível";"Capotamento";"Com Vítimas Feridas";"Plena Noite";"Crescente";"Chuva";"Múltipla";"Reta";"Não";1;0;1;0;0;0;1;1;-27,05929299;-52,6362437;"SPRF-SC";"DEL07-SC";"UOP01-DEL07-SC"
191561;2019-02-15;"sexta-feira";"19:59:00";"PR";376;652;"TIJUCAS DO SUL";"Velocidade Incompatível";"Saída de leito carroçável";"Com Vítimas Feridas";"Plena Noite";"Decrescente";"Chuva";"Dupla";"Curva";"Não";5;0;1;0;4;0;1;1;-25,84624714;-49,07867432;"SPRF-PR";"DEL01-PR";"DEL7/1-UOP08/PR"
191562;2019-02-15;"sexta-feira";"22:45:00";"RS";101;7,3;"TORRES";"Velocidade Incompatível";"Colisão traseira";"Com Vítimas Feridas";"Plena Noite";"Decrescente";"Céu Claro";"Dupla";"Reta";"Sim";4;0;2;1;1;0;3;2;-29,354038;-49,800503;"SPRF-RS";"DEL03-RS";"DEL9/3-UOP03/RS"
191563;2019-02-15;"sexta-feira";"21:30:00";"RJ";40;124,1;"DUQUE DE CAXIAS";"Ingestão de Álcool";"Tombamento";"Com Vítimas Feridas";"Plena Noite";"Decrescente";"Garoa/Chuvisco";"Múltipla";"Reta";"Sim";1;0;1;0;0;0;1;1;-22,8147;-43,2881;"SPRF-RJ";"DEL01-RJ";"UOP01-DEL01-RJ"
191565;2019-02-15;"sexta-feira";"20:25:00";"PE";423;49,8;"CACHOEIRINHA";"Falta de Atenção à Condução";"Colisão traseira";"Com Vítimas Fatais";"Plena Noite";"Decrescente";"Nublado";"Simples";"Aclive;Reta";"Não";2;1;0;0;0;1;0;2;-8,565607;-36,279079;"SPRF-PE";"DEL03-PE";"UOP01-DEL03-PE"
191566;2019-02-15;"sexta-feira";"23:20:00";"RS";290;59,2;"GRAVATAI";"Condutor Dormindo";"Tombamento";"Com Vítimas Feridas";"Plena Noite";"Crescente";"Nublado";"Dupla";"Reta";"Não";2;0;2;0;0;0;2;1;-29,922428;-50,84845;"SPRF-RS";"DEL03-RS";"UOP02-DEL03-RS"
191567;2019-02-15;"sexta-feira";"23:20:00";"RS";116;251,9;"SAPUCAIA DO SUL";"Falta de Atenção à Condução";"Colisão com objeto estático";"Com Vítimas Feridas";"Plena Noite";"Crescente";"Nublado";"Dupla";"Reta";"Sim";2;0;0;2;0;0;2;1;-29,800453;-51,16552;"SPRF-RS";"DEL01-RS";"UOP02-DEL01-RS"
191568;2019-02-15;"sexta-feira";"21:30:00";"RJ";465;13;"SEROPEDICA";"Falta de Atenção à Condução";"Queda de ocupante de veículo";"Com Vítimas Feridas";"Plena Noite";"Decrescente";"Garoa/Chuvisco";"Simples";"Reta";"Sim";2;0;1;0;1;0;1;1;-22,79833834;-43,64524841;"SPRF-RJ";"DEL01-RJ";"UOP03-DEL01-RJ"
191569;2019-02-15;"sexta-feira";"20:30:00";"PE";232;29;"MORENO";"Falta de Atenção do Pedestre";"Atropelamento de Pedestre";"Com Vítimas Fatais";"Plena Noite";"Crescente";"Nublado";"Dupla";"Reta";"Não";2;1;0;0;0;1;0;2;-8,111266;-35,14315;"SPRF-PE";"DEL01-PE";"UOP02-DEL02PE"
191570;2019-02-15;"sexta-feira";"23:40:00";"MG";40;610;"CONGONHAS";"Falta de Atenção à Condução";"Colisão transversal";"Com Vítimas Feridas";"Plena Noite";"Crescente";"Céu Claro";"Simples";"Curva";"Sim";2;0;1;0;1;0;1;2;-20,5082;-43,8386;"SPRF-MG";"DEL05-MG";"UOP02-DEL05-MG"
191572;2019-02-16;"sábado";"00:40:00";"PR";369;153,8;"LONDRINA";"Desobediência às normas de trânsito pelo condutor";"Colisão transversal";"Com Vítimas Feridas";"Plena Noite";"Crescente";"Garoa/Chuvisco";"Dupla";"Retorno Regulamentado";"Sim";2;0;0;1;1;0;1;2;-23,29786104;-51,19640708;"SPRF-PR";"DEL07-PR";"UOP01-DEL07-PR"
191573;2019-02-15;"sexta-feira";"21:00:00";"RJ";101;487,6;"ANGRA DOS REIS";"Desobediência às normas de trânsito pelo condutor";"Colisão transversal";"Com Vítimas Feridas";"Plena Noite";"Decrescente";"Céu Claro";"Simples";"Reta";"Sim";2;0;1;0;1;0;1;2;-22,96898318;-44,2985487;"SPRF-RJ";"DEL03-RJ";"UOP03-DEL03-RJ"
191575;2019-02-15;"sexta-feira";"21:10:00";"PE";423;98;"GARANHUNS";"Falta de Atenção à Condução";"Colisão traseira";"Com Vítimas Fatais";"Plena Noite";"Crescente";"Céu Claro";"Simples";"Viaduto";"Sim";1;1;0;0;0;0;0;1;-8,8770637;-36,50811737;"SPRF-PE";"DEL03-PE";"UOP01-DEL03-PE"
191576;2019-02-16;"sábado";"00:05:00";"PR";376;677;"GUARATUBA";"Pista Escorregadia";"Saída de leito carroçável";"Com Vítimas Feridas";"Plena Noite";"Decrescente";"Chuva";"Dupla";"Curva";"Não";2;0;1;0;1;0;1;1;-25,88455435;-48,93482208;"SPRF-PR";"DEL01-PR";"DEL7/1-UOP08/PR"
191577;2019-02-16;"sábado";"01:20:00";"PR";376;175;"MARINGA";"Falta de Atenção do Pedestre";"Atropelamento de Pedestre";"Com Vítimas Feridas";"Plena Noite";"Decrescente";"Céu Claro";"Dupla";"Reta";"Sim";3;0;0;1;1;1;1;2;-23,411356;-51,940777;"SPRF-PR";"DEL07-PR";"UOP01-DEL09-PR"
191578;2019-02-15;"sexta-feira";"23:40:00";"MS";262;775,6;"CORUMBA";"Velocidade Incompatível";"Colisão com objeto estático";"Com Vítimas Fatais";"Plena Noite";"Crescente";"Céu Claro";"Simples";"Reta";"Sim";1;1;0;0;0;0;0;1;-19,02665;-57,66328;"SPRF-MS";"DEL03-MS";"UOP03-DEL03-MS"
191579;2019-02-16;"sábado";"02:00:00";"DF";60;5,1;"BRASILIA";"Falta de Atenção à Condução";"Colisão com objeto estático";"Com Vítimas Feridas";"Plena Noite";"Crescente";"Vento";"Dupla";"Reta";"Sim";1;0;0;1;0;0;1;1;-15,895438;-48,104771;"SPRF-DF";"DEL01-DF";"UOP01-DEL03-DF"
191580;2019-02-15;"sexta-feira";"22:55:00";"AC";364;119;"RIO BRANCO";"Ingestão de Álcool";"Colisão traseira";"Com Vítimas Feridas";"Plena Noite";"Decrescente";"Ignorado";"Simples";"Reta";"Sim";2;0;1;0;1;0;1;2;-10,012443;-67,74633;"SPRF-AC";"DEL01-AC";"UOP01-DEL01-AC"
191581;2019-02-16;"sábado";"02:00:00";"SP";116;148;"SAO JOSE DOS CAMPOS";"Falta de Atenção à Condução";"Colisão traseira";"Com Vítimas Feridas";"Plena Noite";"Crescente";"Nublado";"Dupla";"Reta";"Sim";2;0;1;0;1;0;1;2;-23,200743;-45,879574;"SPRF-SP";"DEL02-SP";"UOP01-DEL02-SP"
191583;2019-02-16;"sábado";"00:30:00";"MT";70;736;"CACERES";"Animais na Pista";"Atropelamento de Animal";"Sem Vítimas";"Plena Noite";"Crescente";"Nublado";"Simples";"Reta";"Não";1;0;0;0;1;0;0;1;-16,0572601;-57,71685384;"SPRF-MT";"DEL03-MT";"UOP01-DEL03-MT"
191584;2019-02-16;"sábado";"02:20:00";"GO";70;1;"AGUAS LINDAS DE GOIAS";"Velocidade Incompatível";"Colisão com objeto estático";"Sem Vítimas";"Plena Noite";"Crescente";"Nublado";"Dupla";"Curva";"Não";1;0;0;0;0;1;0;1;-15,77963934;-48,23423646;"SPRF-DF";"DEL01-DF";"UOP02-DEL03-DF"
191585;2019-02-16;"sábado";"03:10:00";"GO";40;2;"VALPARAISO DE GOIAS";"Desobediência às normas de trânsito pelo condutor";"Saída de leito carroçável";"Com Vítimas Feridas";"Plena Noite";"Decrescente";"Céu Claro";"Dupla";"Reta";"Sim";6;0;3;2;1;0;5;2;-16,067129;-47,984235;"SPRF-DF";"DEL01-DF";"UOP01-DEL01-DF"
191586;2019-02-16;"sábado";"03:20:00";"SC";101;319;"PESCARIA BRAVA";"Ingestão de Álcool";"Colisão traseira";"Com Vítimas Feridas";"Plena Noite";"Decrescente";"Céu Claro";"Dupla";"Reta";"Não";2;0;1;0;1;0;1;2;-28,4292;-48,8788;"SPRF-SC";"DEL02-SC";"UOP01-DEL02-SC"
191587;2019-02-16;"sábado";"04:12:00";"ES";101;415;"CACHOEIRO DE ITAPEMIRIM";"Ingestão de Álcool";"Queda de ocupante de veículo";"Com Vítimas Feridas";"Plena Noite";"Crescente";"Céu Claro";"Simples";"Reta";"Não";1;0;0;1;0;0;1;1;-20,93294339;-41,07942581;"SPRF-ES";"DEL03-ES";"UOP02-DEL03-ES"
191588;2019-02-16;"sábado";"03:20:00";"BA";407;5,9;"JUAZEIRO";"Animais na Pista";"Saída de leito carroçável";"Com Vítimas Feridas";"Plena Noite";"Crescente";"Chuva";"Dupla";"Reta";"Sim";1;0;1;0;0;0;1;1;-9,447785;-40,490437;"SPRF-PE";"DEL06-PE";"UOP01-DEL06-PE"
191589;2019-02-16;"sábado";"04:00:00";"MG";381;489;"BETIM";"Ingestão de Álcool";"Colisão com objeto estático";"Sem Vítimas";"Plena Noite";"Crescente";"Nublado";"Dupla";"Reta";"Sim";1;0;0;0;1;0;0;1;-19,9563;-44,1428;"SPRF-MG";"DEL01-MG";"UOP03-DEL01-MG"
191590;2019-02-16;"sábado";"04:40:00";"GO";153;497,8;"GOIANIA";"Condutor Dormindo";"Queda de ocupante de veículo";"Com Vítimas Feridas";"Plena Noite";"Decrescente";"Céu Claro";"Dupla";"Curva";"Sim";2;0;1;0;0;1;1;2;-16,6854;-49,2338;"SPRF-GO";"DEL01-GO";"UOP01-DEL01-GO"
191591;2019-02-16;"sábado";"03:40:00";"MG";459;36,4;"SANTA RITA DE CALDAS";"Ingestão de Álcool";"Saída de leito carroçável";"Com Vítimas Feridas";"Plena Noite";"Decrescente";"Chuva";"Simples";"Reta";"Não";1;0;1;0;0;0;1;1;-21,976718;-46,331118;"SPRF-MG";"DEL13-MG";"UOP01-DEL13-MG"
191592;2019-02-15;"sexta-feira";"14:40:00";"SC";282;87;"ALFREDO WAGNER";"Ultrapassagem Indevida";"Saída de leito carroçável";"Sem Vítimas";"Pleno dia";"Decrescente";"Chuva";"Simples";"Curva";"Não";1;0;0;0;1;0;0;1;-27,664766;-49,20578;"SPRF-SC";"DEL01-SC";"UOP03-DEL01-SC"
191593;2019-02-16;"sábado";"04:00:00";"SE";101;93;"NOSSA SENHORA DO SOCORRO";"Falta de Atenção à Condução";"Queda de ocupante de veículo";"Com Vítimas Feridas";"Plena Noite";"Decrescente";"Céu Claro";"Dupla";"Curva";"Sim";1;0;0;1;0;0;1;1;-10,9116;-37,1585;"SPRF-SE";"DEL01-SE";"UOP01-DEL01-SE"
191595;2019-02-16;"sábado";"03:30:00";"RJ";116;183;"NOVA IGUACU";"Falta de Atenção à Condução";"Colisão traseira";"Com Vítimas Feridas";"Plena Noite";"Crescente";"Céu Claro";"Dupla";"Reta";"Sim";2;0;1;0;1;0;1;2;-22,751593;-43,438511;"SPRF-RJ";"DEL01-RJ";"UOP02-DEL01-RJ"
191596;2019-02-16;"sábado";"05:20:00";"SC";101;225,4;"PALHOCA";"Condutor Dormindo";"Capotamento";"Com Vítimas Feridas";"Plena Noite";"Decrescente";"Garoa/Chuvisco";"Dupla";"Declive";"Não";3;0;2;0;1;0;2;3;-27,7336;-48,6407;"SPRF-SC";"DEL01-SC";"UOP02-DEL01-SC"
191597;2019-02-16;"sábado";"05:00:00";"MG";262;492,2;"MOEMA";"Falta de Atenção à Condução";"Saída de leito carroçável";"Com Vítimas Fatais";"Plena Noite";"Decrescente";"Céu Claro";"Simples";"Interseção de Vias";"Não";2;1;0;1;0;0;1;1;-19,785557;-45,389137;"SPRF-MG";"DEL08-MG";"UOP03-DEL08-MG"
191598;2019-02-16;"sábado";"05:40:00";"MG";381;577,2;"CARMOPOLIS DE MINAS";"Velocidade Incompatível";"Saída de leito carroçável";"Sem Vítimas";"Amanhecer";"Crescente";"Chuva";"Dupla";"Curva";"Não";3;0;0;0;3;0;0;1;-20,4691;-44,5827;"SPRF-MG";"DEL04-MG";"UOP03-DEL04-MG"
191599;2019-02-16;"sábado";"05:30:00";"MG";40;505,5;"RIBEIRAO DAS NEVES";"Condutor Dormindo";"Capotamento";"Com Vítimas Feridas";"Amanhecer";"Decrescente";"Chuva";"Dupla";"Reta";"Não";1;0;1;0;0;0;1;1;-19,7504;-44,1449;"SPRF-MG";"DEL02-MG";"UOP01-DEL02-MG"
191600;2019-02-16;"sábado";"06:00:00";"GO";153;520;"HIDROLANDIA";"Falta de Atenção à Condução";"Saída de leito carroçável";"Com Vítimas Feridas";"Plena Noite";"Decrescente";"Nublado";"Dupla";"Declive";"Não";1;0;1;0;0;0;1;1;-16,87547764;-49,25196648;"SPRF-GO";"DEL01-GO";"UOP03-DEL01-GO"
191601;2019-02-16;"sábado";"06:00:00";"MG";381;503,7;"BETIM";"Ingestão de Álcool";"Saída de leito carroçável";"Com Vítimas Feridas";"Amanhecer";"Crescente";"Garoa/Chuvisco";"Dupla";"Reta";"Sim";2;0;1;0;1;0;1;1;-20,0304;-44,236;"SPRF-MG";"DEL01-MG";"UOP03-DEL01-MG"
191603;2019-02-16;"sábado";"06:15:00";"SC";101;48,6;"JOINVILLE";"Falta de Atenção à Condução";"Colisão com objeto estático";"Com Vítimas Feridas";"Amanhecer";"Crescente";"Nublado";"Dupla";"Curva";"Não";2;0;1;0;1;0;1;1;-26,3829;-48,851;"SPRF-SC";"DEL03-SC";"UOP01-DEL03-SC"
191604;2019-02-15;"sexta-feira";"23:30:00";"SC";470;257,8;"CURITIBANOS";"Ingestão de Álcool";"Colisão frontal";"Com Vítimas Feridas";"Plena Noite";"Crescente";"Nublado";"Simples";"Curva";"Não";3;0;3;0;0;0;3;2;-27,308815;-50,641468;"SPRF-SC";"DEL05-SC";"UOP03-DEL05-SC"
191605;2019-02-16;"sábado";"06:05:00";"SP";116;269;"TABOAO DA SERRA";"Desobediência às normas de trânsito pelo condutor";"Colisão traseira";"Com Vítimas Feridas";"Amanhecer";"Decrescente";"Chuva";"Dupla";"Reta";"Sim";3;0;1;0;2;0;1;2;-23,57697524;-46,71431336;"SPRF-SP";"DEL04-SP";"UOP01-DEL04-SP"
191606;2019-02-15;"sexta-feira";"19:00:00";"PI";343;337;"TERESINA";"Falta de Atenção à Condução";"Colisão frontal";"Com Vítimas Feridas";"Plena Noite";"Decrescente";"Céu Claro";"Simples";"Reta";"Não";2;0;0;1;0;1;1;2;-5,061969;-42,714039;"SPRF-PI";"DEL01-PI";"UOP01-DEL01-PI"
191607;2019-02-16;"sábado";"00:25:00";"SC";470;201,1;"PONTE ALTA";"Desobediência às normas de trânsito pelo condutor";"Colisão transversal";"Com Vítimas Feridas";"Plena Noite";"Crescente";"Chuva";"Simples";"Interseção de Vias";"Não";2;0;1;0;1;0;1;2;-27,30816146;-50,1337266;"SPRF-SC";"DEL05-SC";"UOP03-DEL05-SC"
191608;2019-02-16;"sábado";"05:50:00";"SC";280;57,7;"GUARAMIRIM";"Ingestão de Álcool";"Colisão frontal";"Sem Vítimas";"Plena Noite";"Crescente";"Chuva";"Simples";"Reta";"Sim";3;0;0;0;2;1;0;3;-26,47413291;-49,02082081;"SPRF-SC";"DEL03-SC";"UOP03-DEL03-SC"
191609;2019-02-16;"sábado";"06:50:00";"RS";386;344,4;"LAJEADO";"Falta de Atenção à Condução";"Colisão traseira";"Com Vítimas Feridas";"Pleno dia";"Crescente";"Céu Claro";"Dupla";"Interseção de Vias";"Sim";2;0;1;0;1;0;1;2;-29,439268;-51,993633;"SPRF-RS";"DEL04-RS";"UOP01-DEL04-RS"
191613;2019-02-16;"sábado";"07:25:00";"SC";101;337,5;"TUBARAO";"Falta de Atenção à Condução";"Colisão lateral";"Com Vítimas Feridas";"Pleno dia";"Decrescente";"Nublado";"Dupla";"Aclive";"Não";2;0;1;0;1;0;1;2;-28,4881;-49,0386;"SPRF-SC";"DEL02-SC";"UOP01-DEL02-SC"
191614;2019-02-16;"sábado";"07:50:00";"SC";101;264,2;"GAROPABA";"Velocidade Incompatível";"Saída de leito carroçável";"Com Vítimas Feridas";"Pleno dia";"Decrescente";"Chuva";"Dupla";"Curva";"Sim";1;0;1;0;0;0;1;1;-28,0663;-48,7151;"SPRF-SC";"DEL02-SC";"UOP03-DEL02-SC"
191616;2019-02-16;"sábado";"06:55:00";"PR";277;730;"FOZ DO IGUACU";"Falta de Atenção à Condução";"Atropelamento de Pedestre";"Com Vítimas Feridas";"Amanhecer";"Crescente";"Céu Claro";"Dupla";"Curva";"Sim";2;0;1;0;1;0;1;2;-25,50929166;-54,59449768;"SPRF-PR";"DEL05-PR";"UOP03-DEL05-PR"
191619;2019-02-16;"sábado";"06:00:00";"PR";277;69;"SAO JOSE DOS PINHAIS";"Falta de Atenção à Condução";"Colisão frontal";"Com Vítimas Feridas";"Amanhecer";"Decrescente";"Chuva";"Simples";"Rotatória";"Sim";3;0;1;0;1;1;1;3;-25,51572626;-49,11923468;"SPRF-PR";"DEL01-PR";"UOP07-DEL01-PR"
191621;2019-02-16;"sábado";"06:10:00";"PR";476;122;"COLOMBO";"Pista Escorregadia";"Queda de ocupante de veículo";"Com Vítimas Feridas";"Amanhecer";"Crescente";"Chuva";"Múltipla";"Reta";"Sim";2;0;1;0;1;0;1;2;-25,38552684;-49,20318782;"SPRF-PR";"DEL01-PR";"UOP01-DEL01-PR"
191622;2019-02-16;"sábado";"07:39:00";"PR";476;117;"COLOMBO";"Ingestão de Álcool";"Colisão lateral";"Sem Vítimas";"Pleno dia";"Crescente";"Chuva";"Múltipla";"Reta";"Sim";2;0;0;0;2;0;0;2;-25,34896428;-49,16958685;"SPRF-PR";"DEL01-PR";"UOP01-DEL01-PR"
191623;2019-02-16;"sábado";"08:00:00";"GO";70;10;"AGUAS LINDAS DE GOIAS";"Falta de Atenção à Condução";"Colisão lateral";"Com Vítimas Feridas";"Pleno dia";"Decrescente";"Nublado";"Dupla";"Reta";"Sim";2;0;1;0;1;0;1;2;-15,7372;-48,2917;"SPRF-DF";"DEL01-DF";"UOP02-DEL03-DF"
191624;2019-02-16;"sábado";"08:20:00";"ES";101;237;"FUNDAO";"Mal Súbito";"Queda de ocupante de veículo";"Com Vítimas Feridas";"Pleno dia";"Crescente";"Sol";"Simples";"Reta";"Não";1;0;1;0;0;0;1;1;-20,00578915;-40,41292369;"SPRF-ES";"DEL02-ES";"UOP01-DEL02-ES"
191626;2019-02-16;"sábado";"08:20:00";"MG";381;532,1;"ITATIAIUCU";"Velocidade Incompatível";"Colisão com objeto estático";"Com Vítimas Feridas";"Pleno dia";"Decrescente";"Chuva";"Dupla";"Curva";"Não";2;0;2;0;0;0;2;1;-20,1709;-44,3729;"SPRF-MG";"DEL04-MG";"UOP03-DEL04-MG"
191627;2019-02-16;"sábado";"02:30:00";"RJ";40;119;"DUQUE DE CAXIAS";"Pista Escorregadia";"Colisão lateral";"Com Vítimas Feridas";"Plena Noite";"Decrescente";"Chuva";"Múltipla";"Reta";"Sim";2;0;1;0;1;0;1;2;-22,7713;-43,2862;"SPRF-RJ";"DEL01-RJ";"UOP01-DEL01-RJ"