"id";"data_inversa";"dia_semana";"horario";"uf";"br";"km";"municipio";"causa_acidente";"tipo_acidente";"classificacao_acidente";"fase_dia";"sentido_via";"condicao_metereologica";"tipo_pista";"tracado_via";"uso_solo";"pessoas";"mortos";"feridos_leves";"feridos_graves";"ilesos";"ignorados";"feridos";"veiculos";"latitude";"longitude";"regional";"delegacia";"uop"
191952;2019-02-17;"domingo";"12:15:00";"MG";365;633;"UBERLANDIA";"Falta de Atenção do Pedestre";"Atropelamento de Pedestre";"Com Vítimas Feridas";"Pleno dia";"Crescente";"Nublado";"Dupla";"Reta";"Não";2;0;1;0;0;1;1;2;-18,902;-48,3521;"SPRF-MG";"DEL15-MG";"UOP01-DEL15-MG"
191953;2019-02-17;"domingo";"13:44:00";"RS";392;44,2;"RIO GRANDE";"Falta de Atenção à Condução";"Saída de leito carroçável";"Com Vítimas Feridas";"Pleno dia";"Decrescente";"Céu Claro";"Dupla";"Reta";"Não";3;0;3;0;0;0;3;1;-31,930166;-52,312592;"SPRF-RS";"DEL07-RS";"UOP02-DEL07-RS"
191956;2019-02-17;"domingo";"14:25:00";"MG";262;448;"NOVA SERRANA";"Ultrapassagem Indevida";"Capotamento";"Com Vítimas Feridas";"Pleno dia";"Crescente";"Nublado";"Simples";"Reta";"Não";3;0;2;0;1;0;2;1;-19,863728;-44,997971;"SPRF-MG";"DEL08-MG";"UOP03-DEL08-MG"
191957;2019-02-17;"domingo";"14:25:00";"SP";116;321,5;"JUQUITIBA";"Não guardar distância de segurança";"Colisão lateral";"Com Vítimas Feridas";"Pleno dia";"Crescente";"Nublado";"Dupla";"Reta";"Não";2;0;1;0;1;0;1;2;-23,93487817;-47,03078812;"SPRF-SP";"DEL04-SP";"UOP03-DEL04-SP"
191958;2019-02-17;"domingo";"13:30:00";"GO";153;616,7;"MORRINHOS";"Velocidade Incompatível";"Saída de leito carroçável";"Com Vítimas Feridas";"Pleno dia";"Decrescente";"Chuva";"Dupla";"Reta";"Não";4;0;1;0;3;0;1;1;-17,6864;-49,159;"SPRF-GO";"DEL03-GO";"UOP01-DEL03-GO"
191959;2019-02-17;"domingo";"14:00:00";"SC";101;95;"BARRA VELHA";"Pista Escorregadia";"Saída de leito carroçável";"Com Vítimas Feridas";"Pleno dia";"Crescente";"Chuva";"Múltipla";"Curva";"Não";1;0;1;0;0;0;1;1;-26,7228;-48,7022;"SPRF-SC";"DEL03-SC";"UOP02-DEL03-SC"
191960;2019-02-17;"domingo";"12:40:00";"SC";280;101,1;"SAO BENTO DO SUL";"Pista Escorregadia";"Capotamento";"Sem Vítimas";"Pleno dia";"Decrescente";"Chuva";"Simples";"Curva";"Não";1;0;0;0;1;0;0;1;-26,36537;-49,335033;"SPRF-SC";"DEL06-SC";"UOP03-DEL06-SC"
191961;2019-02-17;"domingo";"14:00:00";"MG";381;443;"SABARA";"Falta de Atenção à Condução";"Saída de leito carroçável";"Sem Vítimas";"Pleno dia";"Crescente";"Chuva";"Simples";"Curva";"Não";1;0;0;0;1;0;0;1;-19,80894997;-43,76406759;"SPRF-MG";"DEL01-MG";"UOP01-DEL01-MG"
191963;2019-02-17;"domingo";"15:00:00";"AL";316;269;"SATUBA";"Falta de Atenção à Condução";"Saída de leito carroçável";"Com Vítimas Fatais";"Pleno dia";"Decrescente";"Chuva";"Simples";"Curva";"Sim";1;1;0;0;0;0;0;1;-9,567017;-35,807751;"SPRF-AL";"DEL02-AL";"UOP01-DEL02-AL"
191964;2019-02-17;"domingo";"14:35:00";"RS";290;10,4;"OSORIO";"Falta de Atenção à Condução";"Colisão lateral";"Com Vítimas Feridas";"Pleno dia";"Decrescente";"Céu Claro";"Múltipla";"Reta";"Não";3;0;1;0;1;1;1;2;-29,891388;-50,373714;"SPRF-RS";"DEL03-RS";"UOP02-DEL03-RS"
191965;2019-02-17;"domingo";"15:00:00";"MG";262;380;"MATEUS LEME";"Avarias e/ou desgaste excessivo no pneu";"Capotamento";"Com Vítimas Feridas";"Pleno dia";"Decrescente";"Garoa/Chuvisco";"Dupla";"Curva";"Não";4;0;2;0;2;0;2;2;-19,9356;-44,4406;"SPRF-MG";"DEL01-MG";"UOP03-DEL01-MG"
191966;2019-02-17;"domingo";"12:50:00";"SC";280;99,1;"SAO BENTO DO SUL";"Pista Escorregadia";"Colisão traseira";"Com Vítimas Feridas";"Pleno dia";"Decrescente";"Chuva";"Simples";"Curva";"Não";4;0;1;0;3;0;1;2;-26,37587;-49,325443;"SPRF-SC";"DEL06-SC";"UOP03-DEL06-SC"
191968;2019-02-17;"domingo";"14:40:00";"MG";381;568;"ITAGUARA";"Velocidade Incompatível";"Saída de leito carroçável";"Com Vítimas Feridas";"Pleno dia";"Crescente";"Chuva";"Dupla";"Curva";"Não";2;0;1;0;1;0;1;1;-20,4119;-44,5272;"SPRF-MG";"DEL04-MG";"UOP03-DEL04-MG"
191970;2019-02-17;"domingo";"14:50:00";"PE";101;83;"JABOATAO DOS GUARARAPES";"Avarias e/ou desgaste excessivo no pneu";"Saída de leito carroçável";"Com Vítimas Feridas";"Pleno dia";"Decrescente";"Sol";"Múltipla";"Reta";"Sim";1;0;1;0;0;0;1;1;-8,1777;-34,9526;"SPRF-PE";"DEL01-PE";"UOP03-DEL01-PE"
191971;2019-02-17;"domingo";"15:00:00";"MG";40;749,1;"SANTOS DUMONT";"Velocidade Incompatível";"Colisão frontal";"Com Vítimas Fatais";"Pleno dia";"Crescente";"Nublado";"Simples";"Curva;Aclive";"Não";3;1;0;2;0;0;2;2;-21,4837;-43,538;"SPRF-MG";"DEL05-MG";"UOP01-DEL05-MG"
191973;2019-02-17;"domingo";"15:30:00";"MG";50;25;"ARAGUARI";"Pista Escorregadia";"Capotamento";"Com Vítimas Feridas";"Pleno dia";"Crescente";"Chuva";"Dupla";"Reta";"Não";2;0;2;0;0;0;2;1;-18,60474;-48,051437;"SPRF-MG";"DEL15-MG";"UOP02-DEL15-MG"
191974;2019-02-17;"domingo";"15:45:00";"MG";50;46;"ARAGUARI";"Pista Escorregadia";"Saída de leito carroçável";"Com Vítimas Feridas";"Pleno dia";"Decrescente";"Chuva";"Dupla";"Reta";"Não";4;0;4;0;0;0;4;1;-18,7298;-48,2072;"SPRF-MG";"DEL15-MG";"UOP02-DEL15-MG"
191975;2019-02-17;"domingo";"16:00:00";"RJ";40;92;"PETROPOLIS";"Pista Escorregadia";"Capotamento";"Com Vítimas Feridas";"Pleno dia";"Crescente";"Chuva";"Simples";"Curva";"Não";2;0;1;0;1;0;1;1;-22,5686;-43,2441;"SPRF-RJ";"DEL06-RJ";"UOP01-DEL06-RJ"
191976;2019-02-17;"domingo";"16:00:00";"BA";330;736;"JEQUIE";"Velocidade Incompatível";"Colisão lateral";"Com Vítimas Feridas";"Pleno dia";"Crescente";"Nublado";"Simples";"Curva";"Não";4;0;0;2;2;0;2;2;-13,93334022;-39,99341749;"SPRF-BA";"DEL03-BA";"UOP01-DEL03-BA"
191977;2019-02-17;"domingo";"16:00:00";"BA";116;773;"JEQUIE";"Falta de Atenção à Condução";"Colisão lateral";"Com Vítimas Feridas";"Pleno dia";"Crescente";"Céu Claro";"Simples";"Reta";"Não";3;0;1;1;1;0;2;2;-13,857502;-40,113625;"SPRF-BA";"DEL08-BA";"UOP02-DEL08-BA"
191978;2019-02-17;"domingo";"15:30:00";"MG";40;508,8;"RIBEIRAO DAS NEVES";"Falta de Atenção à Condução";"Colisão transversal";"Com Vítimas Feridas";"Pleno dia";"Decrescente";"Chuva";"Dupla";"Reta";"Sim";2;0;1;0;1;0;1;2;-19,7699;-44,1272;"SPRF-MG";"DEL01-MG";"UOP03-DEL01-MG"
191979;2019-02-17;"domingo";"14:00:00";"SC";470;42,2;"GASPAR";"Falta de Atenção à Condução";"Colisão frontal";"Com Vítimas Feridas";"Pleno dia";"Decrescente";"Chuva";"Simples";"Curva";"Sim";8;0;2;4;2;0;6;3;-26,875719;-49,003746;"SPRF-SC";"DEL04-SC";"UOP01-DEL04-SC"
191980;2019-02-17;"domingo";"16:00:00";"RS";386;37;"FREDERICO WESTPHALEN";"Velocidade Incompatível";"Colisão traseira";"Sem Vítimas";"Pleno dia";"Crescente";"Céu Claro";"Simples";"Reta";"Sim";2;0;0;0;1;1;0;2;-27,382351;-53,399605;"SPRF-RS";"DEL08-RS";"UOP02-DEL08-RS"
191981;2019-02-17;"domingo";"16:10:00";"ES";101;282,5;"CARIACICA";"Falta de Atenção à Condução";"Colisão com objeto estático";"Com Vítimas Feridas";"Pleno dia";"Crescente";"Céu Claro";"Dupla";"Reta";"Sim";1;0;1;0;0;0;1;1;-20,22996782;-40,36716722;"SPRF-ES";"DEL01-ES";"UOP01-DEL01-ES"
191982;2019-02-17;"domingo";"11:50:00";"MG";116;527,7;"CARATINGA";"Desobediência às normas de trânsito pelo condutor";"Colisão traseira";"Com Vítimas Feridas";"Pleno dia";"Decrescente";"Céu Claro";"Dupla";"Interseção de Vias";"Sim";3;0;2;0;1;0;2;2;-19,779344;-42,133003;"SPRF-MG";"DEL06-MG";"UOP02-DEL06-MG"
191983;2019-02-17;"domingo";"15:00:00";"RS";101;56,6;"TERRA DE AREIA";"Falta de Atenção à Condução";"Saída de leito carroçável";"Com Vítimas Feridas";"Pleno dia";"Crescente";"Nublado";"Dupla";"Reta";"Não";2;0;2;0;0;0;2;1;-29,652018;-50,119587;"SPRF-RS";"DEL03-RS";"UOP01-DEL03-RS"
191985;2019-02-17;"domingo";"16:25:00";"MG";251;505;"FRANCISCO SA";"Carga excessiva e/ou mal acondicionada";"Saída de leito carroçável";"Com Vítimas Feridas";"Pleno dia";"Crescente";"Céu Claro";"Simples";"Reta";"Não";2;0;2;0;0;0;2;1;-16,6164;-43,6674;"SPRF-MG";"DEL12-MG";"UOP01-DEL12-MG"
191987;2019-02-17;"domingo";"16:15:00";"MG";381;533;"ITATIAIUCU";"Pista Escorregadia";"Colisão com objeto estático";"Com Vítimas Feridas";"Pleno dia";"Crescente";"Chuva";"Dupla";"Curva";"Não";3;0;3;0;0;0;3;1;-20,1781;-44,3771;"SPRF-MG";"DEL04-MG";"UOP03-DEL04-MG"
191988;2019-02-17;"domingo";"16:45:00";"PR";476;116;"COLOMBO";"Não guardar distância de segurança";"Colisão traseira";"Com Vítimas Feridas";"Pleno dia";"Decrescente";"Nublado";"Dupla";"Reta";"Sim";3;0;2;0;1;0;2;2;-25,34996;-49,16642;"SPRF-PR";"DEL01-PR";"UOP01-DEL01-PR"
191989;2019-02-17;"domingo";"16:35:00";"MG";267;26,7;"ARGIRITA";"Falta de Atenção à Condução";"Colisão transversal";"Com Vítimas Feridas";"Pleno dia";"Crescente";"Garoa/Chuvisco";"Simples";"Interseção de Vias";"Não";2;0;1;0;1;0;1;2;-21,6291;-42,8311;"SPRF-MG";"DEL07-MG";"UOP01-DEL07-MG"
191990;2019-02-17;"domingo";"17:40:00";"GO";414;392,3;"CORUMBA DE GOIAS";"Ingestão de Álcool";"Colisão transversal";"Sem Vítimas";"Pleno dia";"Crescente";"Nublado";"Simples";"Interseção de Vias";"Sim";2;0;0;0;2;0;0;2;-15,91875368;-48,80939126;"SPRF-GO";"DEL02-GO";"UOP01-DEL02-GO"
191991;2019-02-17;"domingo";"15:40:00";"MG";381;347;"JOAO MONLEVADE";"Pista Escorregadia";"Colisão transversal";"Com Vítimas Feridas";"Pleno dia";"Crescente";"Chuva";"Múltipla";"Curva";"Não";2;0;1;1;0;0;2;2;-19,82825607;-43,1146431;"SPRF-MG";"DEL03-MG";"UOP01-DEL03-MG"
191992;2019-02-17;"domingo";"17:45:00";"PR";376;600;"CURITIBA";"Velocidade Incompatível";"Saída de leito carroçável";"Com Vítimas Feridas";"Pleno dia";"Decrescente";"Nublado";"Simples";"Curva;Declive";"Sim";1;0;1;0;0;0;1;1;-25,538049;-49,311685;"SPRF-PR";"DEL01-PR";"UOP06-DEL01-PR"
191993;2019-02-17;"domingo";"17:45:00";"MG";381;636,9;"SANTO ANTONIO DO AMPARO";"Condutor Dormindo";"Capotamento";"Com Vítimas Feridas";"Anoitecer";"Decrescente";"Chuva";"Dupla";"Curva;Declive";"Não";5;0;2;0;3;0;2;1;-20,8753;-44,8443;"SPRF-MG";"DEL04-MG";"UOP01-DEL04-MG"
191999;2019-02-17;"domingo";"18:00:00";"RJ";101;288;"ITABORAI";"Falta de Atenção à Condução";"Colisão lateral";"Com Vítimas Feridas";"Anoitecer";"Crescente";"Chuva";"Dupla";"Reta";"Sim";5;0;4;0;0;1;4;2;-22,759331;-42,843201;"SPRF-RJ";"DEL02-RJ";"UOP03-DEL02-RJ"
192000;2019-02-17;"domingo";"18:40:00";"MG";116;277,3;"TEOFILO OTONI";"Falta de Atenção à Condução";"Atropelamento de Pedestre";"Com Vítimas Feridas";"Plena Noite";"Crescente";"Céu Claro";"Simples";"Reta";"Sim";3;0;1;0;1;1;1;2;-17,86123386;-41,51486495;"SPRF-MG";"DEL11-MG";"UOP01-DEL11-MG"
192002;2019-02-17;"domingo";"18:40:00";"ES";101;262,1;"SERRA";"Falta de Atenção à Condução";"Colisão traseira";"Com Vítimas Feridas";"Plena Noite";"Decrescente";"Céu Claro";"Múltipla";"Interseção de Vias";"Sim";2;0;1;0;1;0;1;2;-20,15898017;-40,27619633;"SPRF-ES";"DEL02-ES";"UOP01-DEL02-ES"
192003;2019-02-17;"domingo";"17:10:00";"RO";435;85,3;"COLORADO DO OESTE";"Falta de Atenção à Condução";"Colisão transversal";"Com Vítimas Feridas";"Pleno dia";"Crescente";"Céu Claro";"Simples";"Reta";"Sim";2;0;2;0;0;0;2;2;-13,118861;-60,531811;"SPRF-RO";"DEL04-RO";"UOP02-DEL04-RO"
192004;2019-02-17;"domingo";"17:15:00";"RR";174;508;"BOA VISTA";"Falta de Atenção à Condução";"Colisão transversal";"Sem Vítimas";"Pleno dia";"Crescente";"Céu Claro";"Dupla";"Interseção de Vias";"Sim";2;0;0;0;2;0;0;2;2,830893;-60,708496;"SPRF-RR";"DEL01-RR";"UOP01-DEL01-RR"
192005;2019-02-17;"domingo";"18:30:00";"BA";407;4;"JUAZEIRO";"Ingestão de Álcool";"Colisão transversal";"Com Vítimas Feridas";"Plena Noite";"Crescente";"Nublado";"Simples";"Reta";"Sim";2;0;1;0;1;0;1;2;-9,43898;-40,4946;"SPRF-PE";"DEL06-PE";"UOP01-DEL06-PE"
192006;2019-02-17;"domingo";"17:10:00";"SC";101;385,7;"ICARA";"Pista Escorregadia";"Saída de leito carroçável";"Com Vítimas Feridas";"Pleno dia";"Crescente";"Chuva";"Dupla";"Aclive";"Sim";1;0;1;0;0;0;1;1;-28,7763;-49,3188;"SPRF-SC";"DEL02-SC";"UOP02-DEL02-SC"
192007;2019-02-17;"domingo";"18:50:00";"ES";101;149;"LINHARES";"Desobediência às normas de trânsito pelo condutor";"Colisão transversal";"Com Vítimas Feridas";"Plena Noite";"Crescente";"Céu Claro";"Dupla";"Interseção de Vias";"Sim";2;0;1;0;1;0;1;2;-19,39882615;-40,06302617;"SPRF-ES";"DEL04-ES";"UOP01-DEL04-ES"
192008;2019-02-17;"domingo";"18:15:00";"RJ";101;422;"MANGARATIBA";"Velocidade Incompatível";"Colisão transversal";"Com Vítimas Feridas";"Plena Noite";"Crescente";"Chuva";"Simples";"Curva";"Não";5;0;3;0;2;0;3;2;-22,92393102;-43,95698547;"SPRF-RJ";"DEL03-RJ";"UOP01-DEL03-RJ"
192010;2019-02-17;"domingo";"18:00:00";"SP";153;112,4;"JOSE BONIFACIO";"Falta de Atenção à Condução";"Colisão transversal";"Com Vítimas Feridas";"Anoitecer";"Crescente";"Nublado";"Simples";"Declive;Reta";"Não";2;0;1;0;1;0;1;2;-21,104811;-49,682751;"SPRF-SP";"DEL09-SP";"UOP01-DEL09-SP"
192011;2019-02-17;"domingo";"18:00:00";"PR";277;434,7;"VIRMOND";"Velocidade Incompatível";"Saída de leito carroçável";"Com Vítimas Feridas";"Pleno dia";"Crescente";"Chuva";"Simples";"Declive;Curva";"Não";1;0;0;1;0;0;1;1;-25,37723;-52,23973;"SPRF-PR";"DEL04-PR";"UOP02-DEL04-PR"
192012;2019-02-17;"domingo";"18:20:00";"DF";20;16;"BRASILIA";"Falta de Atenção à Condução";"Colisão lateral";"Com Vítimas Feridas";"Plena Noite";"Decrescente";"Garoa/Chuvisco";"Dupla";"Aclive";"Não";5;0;3;0;2;0;3;2;-15,625675;-47,725159;"SPRF-DF";"DEL02-DF";"UOP01-DEL02-DF"
192013;2019-02-17;"domingo";"19:00:00";"SC";101;203,8;"SAO JOSE";"Desobediência às normas de trânsito pelo condutor";"Colisão transversal";"Com Vítimas Feridas";"Anoitecer";"Crescente";"Chuva";"Dupla";"Reta";"Sim";2;0;0;1;1;0;1;2;-27,5742;-48,6134;"SPRF-SC";"DEL01-SC";"UOP01-DEL01-SC"
192014;2019-02-17;"domingo";"17:40:00";"RS";470;202;"BENTO GONCALVES";"Não guardar distância de segurança";"Colisão traseira";"Sem Vítimas";"Pleno dia";"Crescente";"Nublado";"Simples";"Reta";"Não";4;0;0;0;4;0;0;2;-29,14016723;-51,53137207;"SPRF-RS";"DEL06-RS";"UOP01-DEL06-RS"
192015;2019-02-17;"domingo";"18:45:00";"RJ";101;519,2;"ANGRA DOS REIS";"Pista Escorregadia";"Tombamento";"Com Vítimas Feridas";"Plena Noite";"Crescente";"Chuva";"Simples";"Curva";"Não";2;0;2;0;0;0;2;1;-23,00730521;-44,44639206;"SPRF-RJ";"DEL03-RJ";"UOP02-DEL03-RJ"
192016;2019-02-17;"domingo";"14:30:00";"SC";282;47,8;"AGUAS MORNAS";"Pista Escorregadia";"Saída de leito carroçável";"Com Vítimas Feridas";"Pleno dia";"Decrescente";"Chuva";"Simples";"Curva;Declive";"Não";2;0;1;0;1;0;1;1;-27,721771;-48,934837;"SPRF-SC";"DEL01-SC";"UOP03-DEL01-SC"
192017;2019-02-17;"domingo";"19:40:00";"BA";101;879;"TEIXEIRA DE FREITAS";"Falta de Atenção à Condução";"Queda de ocupante de veículo";"Com Vítimas Feridas";"Plena Noite";"Crescente";"Garoa/Chuvisco";"Simples";"Reta";"Sim";2;0;1;1;0;0;2;1;-17,5466;-39,7192;"SPRF-BA";"DEL09-BA";"UOP02-DEL09-BA"
192018;2019-02-17;"domingo";"18:40:00";"PB";101;88;"JOAO PESSOA";"Falta de Atenção do Pedestre";"Atropelamento de Pedestre";"Com Vítimas Feridas";"Plena Noite";"Decrescente";"Céu Claro";"Dupla";"Reta";"Sim";2;0;0;1;0;1;1;2;-7,1716;-34,8978;"SPRF-PB";"DEL01-PB";"UOP01-DEL01-PB"
192019;2019-02-17;"domingo";"19:10:00";"PE";316;303;"FLORESTA";"Animais na Pista";"Atropelamento de Animal";"Com Vítimas Fatais";"Plena Noite";"Crescente";"Chuva";"Simples";"Reta";"Sim";1;1;0;0;0;0;0;1;-8,607762;-38,578705;"SPRF-PE";"DEL04-PE";"UOP03-DEL04-PE"
192020;2019-02-17;"domingo";"17:00:00";"SC";282;234;"LAGES";"Não guardar distância de segurança";"Colisão transversal";"Com Vítimas Feridas";"Pleno dia";"Decrescente";"Garoa/Chuvisco";"Simples";"Reta";"Não";3;0;1;0;2;0;1;2;-27,783495;-50,463604;"SPRF-SC";"DEL05-SC";"UOP02-DEL05-SC"
192022;2019-02-17;"domingo";"18:50:00";"MA";135;1,5;"SAO LUIS";"Ingestão de Álcool";"Atropelamento de Pedestre";"Com Vítimas Fatais";"Plena Noite";"Decrescente";"Garoa/Chuvisco";"Dupla";"Reta";"Sim";3;1;2;0;0;0;2;2;-2,59345965;-44,24492782;"SPRF-MA";"DEL01-MA";"UOP01-DEL01-MA"
192023;2019-02-17;"domingo";"18:30:00";"ES";101;145;"LINHARES";"Falta de Atenção à Condução";"Colisão traseira";"Com Vítimas Feridas";"Plena Noite";"Crescente";"Céu Claro";"Dupla";"Reta";"Sim";3;0;0;1;1;1;1;3;-19,3570961;-40,06424557;"SPRF-ES";"DEL04-ES";"UOP01-DEL04-ES"
192025;2019-02-17;"domingo";"20:00:00";"BA";407;45;"JUAZEIRO";"Animais na Pista";"Atropelamento de Animal";"Sem Vítimas";"Plena Noite";"Crescente";"Nublado";"Simples";"Reta";"Não";1;0;0;0;1;0;0;1;-9,772677;-40,336178;"SPRF-BA";"DEL04-BA";"UOP01-DEL04-BA"
192026;2019-02-17;"domingo";"20:33:00";"PR";376;186,9;"MARIALVA";"Ingestão de Álcool";"Colisão com objeto estático";"Com Vítimas Feridas";"Plena Noite";"Crescente";"Céu Claro";"Dupla";"Declive;Reta";"Não";1;0;1;0;0;0;1;1;-23,441591;-51,870674;"SPRF-PR";"DEL07-PR";"UOP01-DEL09-PR"
192027;2019-02-17;"domingo";"19:30:00";"MG";381;489;"BETIM";"Não guardar distância de segurança";"Colisão traseira";"Com Vítimas Feridas";"Plena Noite";"Decrescente";"Chuva";"Dupla";"Reta";"Sim";3;0;1;0;2;0;1;2;-19,9563;-44,1428;"SPRF-MG";"DEL01-MG";"UOP03-DEL01-MG"
192028;2019-01-07;"segunda-feira";"17:10:00";"PB";230;28;"JOAO PESSOA";"Desobediência às normas de trânsito pelo condutor";"Colisão traseira";"Com Vítimas Feridas";"Anoitecer";"Crescente";"Céu Claro";"Dupla";"Curva";"Sim";2;0;1;0;1;0;1;2;-7,16470363;-34,89762068;"SPRF-PB";"DEL01-PB";"UOP01-DEL01-PB"
192032;2019-02-17;"domingo";"19:20:00";"CE";304;45,1;"ARACATI";"Animais na Pista";"Atropelamento de Animal";"Sem Vítimas";"Plena Noite";"Crescente";"Ignorado";"Simples";"Reta";"Não";3;0;0;0;3;0;0;1;-4,578112;-37,806664;"SPRF-CE";"DEL03-CE";"UOP03-DEL03-CE"
192034;2019-02-17;"domingo";"20:10:00";"SP";116;511;"CAJATI";"Falta de Atenção à Condução";"Colisão com objeto estático";"Com Vítimas Feridas";"Plena Noite";"Decrescente";"Chuva";"Dupla";"Curva";"Não";4;0;1;0;3;0;1;1;-24,84744805;-48,21229935;"SPRF-SP";"DEL05-SP";"UAP01-DEL05-SP"
192035;2019-02-17;"domingo";"22:20:00";"ES";101;266;"SERRA";"Ingestão de Álcool";"Colisão transversal";"Sem Vítimas";"Pleno dia";"Decrescente";"Nublado";"Múltipla";"Interseção de Vias";"Sim";2;0;0;0;2;0;0;2;-20,20181103;-40,26941478;"SPRF-ES";"DEL02-ES";"UOP01-DEL02-ES"
192036;2019-02-17;"domingo";"20:35:00";"SC";101;217,5;"PALHOCA";"Ingestão de álcool e/ou substâncias psicoativas pelo pedestre";"Capotamento";"Sem Vítimas";"Plena Noite";"Crescente";"Chuva";"Múltipla";"Reta";"Não";1;0;0;0;1;0;0;1;-27,6771;-48,67;"SPRF-SC";"DEL01-SC";"UOP02-DEL01-SC"
192037;2019-02-17;"domingo";"17:30:00";"PE";104;12,5;"TAQUARITINGA DO NORTE";"Falta de Atenção à Condução";"Colisão lateral";"Com Vítimas Feridas";"Anoitecer";"Crescente";"Céu Claro";"Simples";"Interseção de Vias";"Não";3;0;1;0;2;0;1;2;-7,888657;-36,110435;"SPRF-PE";"DEL02-PE";"UOP01-DEL02-PE"
192038;2019-02-17;"domingo";"21:47:00";"SC";101;189,5;"BIGUACU";"Falta de Atenção à Condução";"Colisão com objeto estático";"Com Vítimas Feridas";"Plena Noite";"Decrescente";"Chuva";"Múltipla";"Curva";"Sim";2;0;2;0;0;0;2;1;-27,4683;-48,6415;"SPRF-SC";"DEL01-SC";"UOP01-DEL01-SC"
192039;2019-02-17;"domingo";"20:55:00";"SC";282;389;"JOACABA";"Ingestão de Álcool";"Saída de leito carroçável";"Com Vítimas Feridas";"Plena Noite";"Crescente";"Nublado";"Simples";"Curva";"Não";2;0;2;0;0;0;2;1;-27,17944695;-51,53373241;"SPRF-SC";"DEL07-SC";"UOP05-DEL07-SC"
192040;2019-02-17;"domingo";"19:00:00";"RN";101;83,2;"SAO GONCALO DO AMARANTE";"Não guardar distância de segurança";"Colisão traseira";"Sem Vítimas";"Plena Noite";"Crescente";"Céu Claro";"Dupla";"Reta";"Sim";2;0;0;0;2;0;0;2;-5,771044;-35,266171;"SPRF-RN";"DEL02-RN";"UOP01-DEL02-RN"
192041;2019-02-17;"domingo";"19:00:00";"PI";407;424;"PICOS";"Ingestão de Álcool";"Atropelamento de Pedestre";"Com Vítimas Feridas";"Plena Noite";"Crescente";"Céu Claro";"Simples";"Reta";"Sim";3;0;0;3;0;0;3;2;-7,086923;-41,428185;"SPRF-PI";"DEL04-PI";"UOP01-DEL04-PI"
192042;2019-02-17;"domingo";"21:10:00";"RJ";116;305;"RESENDE";"Falta de Atenção à Condução";"Colisão lateral";"Sem Vítimas";"Plena Noite";"Decrescente";"Chuva";"Dupla";"Reta";"Sim";2;0;0;0;2;0;0;2;-22,459236;-44,434776;"SPRF-RJ";"DEL07-RJ";"DEL5/7-UOP03/RJ"
192043;2019-02-17;"domingo";"18:00:00";"RO";364;514;"ARIQUEMES";"Defeito na Via";"Queda de ocupante de veículo";"Com Vítimas Feridas";"Plena Noite";"Crescente";"Céu Claro";"Simples";"Reta";"Não";2;0;2;0;0;0;2;1;-9,934004;-63,055233;"SPRF-RO";"DEL03-RO";"UOP01-DEL03-RO"
192044;2019-02-17;"domingo";"22:30:00";"PE";101;78;"RECIFE";"Falta de Atenção do Pedestre";"Atropelamento de Pedestre";"Com Vítimas Feridas";"Plena Noite";"Crescente";"Nublado";"Dupla";"Em Obras;Reta";"Não";4;0;0;1;3;0;1;2;-8,1456;-34,9465;"SPRF-PE";"DEL01-PE";"UOP01-DEL01-PE"
192045;2019-02-17;"domingo";"20:30:00";"RJ";40;105;"DUQUE DE CAXIAS";"Pista Escorregadia";"Colisão com objeto estático";"Com Vítimas Feridas";"Plena Noite";"Crescente";"Chuva";"Múltipla";"Curva";"Não";1;0;1;0;0;0;1;1;-22,6476;-43,2836;"SPRF-RJ";"DEL01-RJ";"UOP01-DEL01-RJ"
192046;2019-02-17;"domingo";"22:45:00";"PA";230;116;"MARABA";"Ingestão de Álcool";"Queda de ocupante de veículo";"Com Vítimas Feridas";"Plena Noite";"Crescente";"Céu Claro";"Dupla";"Reta";"Sim";1;0;1;0;0;0;1;1;-5,359473;-49,083012;"SPRF-PA";"DEL03-PA";"UOP01-DEL03-PA"
192048;2019-02-17;"domingo";"22:10:00";"RN";101;96,3;"NATAL";"Falta de Atenção do Pedestre";"Atropelamento de Pedestre";"Com Vítimas Feridas";"Plena Noite";"Crescente";"Céu Claro";"Múltipla";"Reta";"Sim";2;0;0;1;0;1;1;2;-5,840768;-35,210358;"SPRF-RN";"DEL01-RN";"UOP01-DEL01-RN"
192049;2019-02-17;"domingo";"22:45:00";"RS";285;455;"IJUI";"Desobediência às normas de trânsito pelo condutor";"Saída de leito carroçável";"Com Vítimas Feridas";"Plena Noite";"Decrescente";"Nublado";"Simples";"Declive;Reta";"Sim";1;0;0;1;0;0;1;1;-28,380919;-53,879509;"SPRF-RS";"DEL10-RS";"UOP01-DEL10-RS"
192050;2019-02-17;"domingo";"22:30:00";"CE";222;224;"SOBRAL";"Ingestão de Álcool";"Tombamento";"Com Vítimas Feridas";"Plena Noite";"Crescente";"Céu Claro";"Simples";"Reta";"Não";1;0;1;0;0;0;1;1;-3,71179;-40,34383;"SPRF-CE";"DEL04-CE";"UOP01-DEL04-CE"
192052;2019-02-17;"domingo";"19:00:00";"SC";280;91;"CORUPA";"Pista Escorregadia";"Queda de ocupante de veículo";"Com Vítimas Feridas";"Anoitecer";"Decrescente";"Chuva";"Simples";"Curva";"Não";2;0;2;0;0;0;2;1;-26,402121;-49,290306;"SPRF-SC";"DEL06-SC";"UOP03-DEL06-SC"