"id";"data_inversa";"dia_semana";"horario";"uf";"br";"km";"municipio";"causa_acidente";"tipo_acidente";"classificacao_acidente";"fase_dia";"sentido_via";"condicao_metereologica";"tipo_pista";"tracado_via";"uso_solo";"pessoas";"mortos";"feridos_leves";"feridos_graves";"ilesos";"ignorados";"feridos";"veiculos";"latitude";"longitude";"regional";"delegacia";"uop"
192174;2019-02-18;"segunda-feira";"14:30:00";"PB";230;112;"INGA";"Pista Escorregadia";"Saída de leito carroçável";"Com Vítimas Feridas";"Pleno dia";"Decrescente";"Chuva";"Dupla";"Curva";"Não";4;0;2;0;2;0;2;1;-7,2117;-35,5822;"SPRF-PB";"DEL01-PB";"UOP03-DEL01-PB"
192175;2019-02-18;"segunda-feira";"15:00:00";"SC";282;0,3;"FLORIANOPOLIS";"Falta de Atenção à Condução";"Colisão traseira";"Com Vítimas Feridas";"Pleno dia";"Decrescente";"Nublado";"Dupla";"Reta";"Sim";4;0;3;0;1;0;3;2;-27,59925312;-48,57486963;"SPRF-SC";"DEL01-SC";"UOP01-DEL01-SC"
192179;2019-02-18;"segunda-feira";"06:30:00";"MG";262;83,6;"MATIPO";"Falta de Atenção à Condução";"Saída de leito carroçável";"Com Vítimas Feridas";"Pleno dia";"Crescente";"Nevoeiro/Neblina";"Simples";"Reta";"Não";4;0;1;0;3;0;1;1;-20,337919;-42,402168;"SPRF-MG";"DEL03-MG";"UOP03-DEL03-MG"
192180;2019-02-18;"segunda-feira";"15:05:00";"MT";364;442;"VARZEA GRANDE";"Defeito Mecânico no Veículo";"Colisão com objeto em movimento";"Com Vítimas Feridas";"Pleno dia";"Crescente";"Céu Claro";"Simples";"Reta";"Não";1;0;1;0;0;0;1;1;-15,647788;-56,197014;"SPRF-MT";"DEL01-MT";"DEL2/4-UOP02/MT"
192181;2019-02-18;"segunda-feira";"15:20:00";"PE";104;39,9;"CARUARU";"Não guardar distância de segurança";"Colisão traseira";"Com Vítimas Feridas";"Pleno dia";"Crescente";"Céu Claro";"Dupla";"Reta";"Não";7;0;2;0;5;0;2;2;-8,0861;-36,0377;"SPRF-PE";"DEL02-PE";"UOP01-DEL02-PE"
192182;2019-02-18;"segunda-feira";"16:15:00";"PR";277;116;"CAMPO LARGO";"Não guardar distância de segurança";"Saída de leito carroçável";"Com Vítimas Feridas";"Pleno dia";"Decrescente";"Céu Claro";"Dupla";"Curva";"Sim";3;0;2;0;1;0;2;1;-25,45247987;-49,58930985;"SPRF-PR";"DEL01-PR";"UOP06-DEL01-PR"
192183;2019-02-18;"segunda-feira";"16:10:00";"CE";116;170;"RUSSAS";"Pista Escorregadia";"Saída de leito carroçável";"Com Vítimas Feridas";"Pleno dia";"Decrescente";"Chuva";"Simples";"Curva";"Não";1;0;1;0;0;0;1;1;-4,99039766;-38,03629875;"SPRF-CE";"DEL03-CE";"UOP01-DEL03-CE"
192184;2019-02-18;"segunda-feira";"08:00:00";"AM";319;102;"CAREIRO";"Falta de Atenção à Condução";"Capotamento";"Sem Vítimas";"Pleno dia";"Crescente";"Garoa/Chuvisco";"Simples";"Reta";"Não";1;0;0;0;1;0;0;1;-3,761905;-60,298912;"SPRF-AM";"DEL01-AM";"UOP04-DEL01-AM"
192186;2019-02-18;"segunda-feira";"16:30:00";"PE";101;126;"ESCADA";"Falta de Atenção à Condução";"Colisão traseira";"Com Vítimas Feridas";"Anoitecer";"Crescente";"Céu Claro";"Dupla";"Reta";"Sim";4;0;1;0;3;0;1;2;-8,373;-35,2341;"SPRF-PE";"DEL01-PE";"UOP03-DEL01-PE"
192187;2019-02-18;"segunda-feira";"16:50:00";"PB";230;17;"JOAO PESSOA";"Velocidade Incompatível";"Colisão transversal";"Com Vítimas Feridas";"Pleno dia";"Decrescente";"Céu Claro";"Dupla";"Curva";"Sim";2;0;0;1;1;0;1;2;-7,1121;-34,8426;"SPRF-PB";"DEL01-PB";"UOP01-DEL01-PB"
192188;2019-02-18;"segunda-feira";"17:15:00";"GO";40;19;"LUZIANIA";"Falta de Atenção à Condução";"Colisão traseira";"Com Vítimas Feridas";"Pleno dia";"Crescente";"Céu Claro";"Dupla";"Reta";"Sim";2;0;1;0;1;0;1;2;-16,201556;-47,921314;"SPRF-DF";"DEL01-DF";"UOP01-DEL01-DF"
192190;2019-02-18;"segunda-feira";"17:15:00";"PE";104;65,2;"CARUARU";"Objeto estático sobre o leito carroçável";"Colisão lateral";"Com Vítimas Feridas";"Pleno dia";"Crescente";"Céu Claro";"Dupla";"Reta";"Sim";2;0;1;0;1;0;1;2;-8,2867;-35,9838;"SPRF-PE";"DEL02-PE";"UOP01-DEL02-PE"
192191;2019-02-18;"segunda-feira";"17:35:00";"RJ";116;95;"GUAPIMIRIM";"Fenômenos da Natureza";"Tombamento";"Com Vítimas Feridas";"Anoitecer";"Crescente";"Chuva";"Simples";"Curva";"Não";1;0;1;0;0;0;1;1;-22,473751;-43,001179;"SPRF-RJ";"DEL04-RJ";"UOP02-DEL04-RJ"
192194;2019-02-18;"segunda-feira";"17:20:00";"MG";40;783,4;"JUIZ DE FORA";"Velocidade Incompatível";"Capotamento";"Com Vítimas Feridas";"Pleno dia";"Decrescente";"Chuva";"Dupla";"Curva";"Não";4;0;4;0;0;0;4;1;-21,7283;-43,4373;"SPRF-MG";"DEL05-MG";"UOP01-DEL05-MG"
192195;2019-02-18;"segunda-feira";"15:45:00";"PB";230;259,5;"JUNCO DO SERIDO";"Velocidade Incompatível";"Saída de leito carroçável";"Com Vítimas Feridas";"Pleno dia";"Decrescente";"Nublado";"Simples";"Curva";"Não";5;0;1;0;4;0;1;1;-7,0085;-36,697;"SPRF-PB";"DEL03-PB";"UOP01-DEL03-PB"
192196;2019-02-18;"segunda-feira";"10:00:00";"BA";101;207,9;"GOVERNADOR MANGABEIRA";"Não guardar distância de segurança";"Colisão traseira";"Com Vítimas Feridas";"Pleno dia";"Crescente";"Céu Claro";"Simples";"Reta";"Sim";3;0;1;0;2;0;1;2;-12,5967;-39,0355;"SPRF-BA";"DEL01-BA";"UOP03-DEL01-BA"
192197;2019-02-18;"segunda-feira";"17:15:00";"PE";101;80,6;"JABOATAO DOS GUARARAPES";"Falta de Atenção à Condução";"Colisão traseira";"Com Vítimas Feridas";"Anoitecer";"Decrescente";"Céu Claro";"Múltipla";"Interseção de Vias";"Sim";2;0;1;0;1;0;1;2;-8,1623;-34,9394;"SPRF-PE";"DEL01-PE";"UOP03-DEL01-PE"
192202;2019-02-18;"segunda-feira";"18:15:00";"PR";376;157,8;"MANDAGUACU";"Falta de Atenção do Pedestre";"Atropelamento de Pedestre";"Com Vítimas Feridas";"Anoitecer";"Decrescente";"Nublado";"Dupla";"Reta";"Sim";2;0;1;0;0;1;1;2;-23,352516;-52,09127;"SPRF-PR";"DEL07-PR";"UOP01-DEL09-PR"
192207;2019-02-18;"segunda-feira";"18:20:00";"PR";373;173,4;"PONTA GROSSA";"Falta de Atenção do Pedestre";"Atropelamento de Pedestre";"Com Vítimas Feridas";"Pleno dia";"Decrescente";"Céu Claro";"Múltipla";"Curva";"Sim";2;0;1;0;1;0;1;2;-25,07813613;-50,20374298;"SPRF-PR";"DEL03-PR";"UOP01-DEL03-PR"
192209;2019-02-18;"segunda-feira";"17:50:00";"SC";163;68,7;"SAO MIGUEL DO OESTE";"Falta de Atenção à Condução";"Colisão traseira";"Com Vítimas Feridas";"Pleno dia";"Crescente";"Céu Claro";"Dupla";"Curva";"Sim";2;0;1;0;1;0;1;2;-26,750364;-53,50087;"SPRF-SC";"DEL07-SC";"UOP03-DEL07-SC"
192210;2019-02-18;"segunda-feira";"17:20:00";"SC";282;526,9;"XAXIM";"Velocidade Incompatível";"Tombamento";"Com Vítimas Feridas";"Pleno dia";"Decrescente";"Chuva";"Simples";"Curva";"Não";1;0;0;1;0;0;1;1;-26,969427;-52,57497;"SPRF-SC";"DEL07-SC";"UOP01-DEL07-SC"
192211;2019-02-18;"segunda-feira";"19:00:00";"RS";116;260;"CANOAS";"Falta de Atenção à Condução";"Colisão traseira";"Com Vítimas Feridas";"Pleno dia";"Crescente";"Céu Claro";"Dupla";"Reta";"Sim";2;0;1;0;1;0;1;2;-29,879332;-51,180458;"SPRF-RS";"DEL01-RS";"UOP01-DEL01-RS"
192212;2019-02-18;"segunda-feira";"18:50:00";"DF";20;15;"BRASILIA";"Ingestão de álcool e/ou substâncias psicoativas pelo pedestre";"Atropelamento de Pedestre";"Com Vítimas Feridas";"Plena Noite";"Crescente";"Chuva";"Dupla";"Reta";"Não";2;0;0;1;1;0;1;2;-15,6218176;-47,71772146;"SPRF-DF";"DEL02-DF";"UOP01-DEL02-DF"
192213;2019-02-18;"segunda-feira";"18:30:00";"AL";316;155;"PALMEIRA DOS INDIOS";"Ingestão de Álcool";"Colisão traseira";"Com Vítimas Feridas";"Plena Noite";"Decrescente";"Nublado";"Simples";"Reta";"Não";2;0;1;0;1;0;1;2;-9,426232;-36,633045;"SPRF-AL";"DEL03-AL";"UOP01-DEL03-AL"
192215;2019-02-18;"segunda-feira";"18:20:00";"SP";116;157,4;"SAO JOSE DOS CAMPOS";"Não guardar distância de segurança";"Colisão traseira";"Com Vítimas Feridas";"Anoitecer";"Crescente";"Céu Claro";"Dupla";"Reta";"Sim";3;0;2;0;1;0;2;2;-23,25773705;-45,94746259;"SPRF-SP";"DEL02-SP";"UOP01-DEL02-SP"
192216;2019-02-18;"segunda-feira";"17:50:00";"RJ";116;186;"NOVA IGUACU";"Pista Escorregadia";"Queda de ocupante de veículo";"Com Vítimas Feridas";"Pleno dia";"Crescente";"Garoa/Chuvisco";"Simples";"Reta";"Não";2;0;2;0;0;0;2;1;-22,739624;-43,462765;"SPRF-RJ";"DEL01-RJ";"UOP03-DEL01-RJ"
192217;2019-02-18;"segunda-feira";"06:00:00";"MA";402;137,7;"SANTO AMARO DO MARANHAO";"Falta de Atenção à Condução";"Colisão transversal";"Com Vítimas Fatais";"Amanhecer";"Decrescente";"Céu Claro";"Simples";"Reta";"Não";3;1;0;1;1;0;1;2;-2,797154;-43,266563;"SPRF-MA";"DEL01-MA";"UOP01-DEL01-MA"
192219;2019-02-18;"segunda-feira";"14:40:00";"SC";282;378,6;"HERVAL DOESTE";"Carga excessiva e/ou mal acondicionada";"Colisão lateral";"Com Vítimas Feridas";"Pleno dia";"Decrescente";"Nublado";"Simples";"Curva";"Não";3;0;2;0;1;0;2;3;-27,214546;-51,47958;"SPRF-SC";"DEL07-SC";"UOP05-DEL07-SC"
192221;2019-02-18;"segunda-feira";"20:30:00";"BA";242;788;"BARREIRAS";"Ingestão de Álcool";"Colisão traseira";"Com Vítimas Fatais";"Plena Noite";"Crescente";"Nublado";"Simples";"Declive";"Não";2;1;0;0;1;0;0;2;-12,12079;-44,95161;"SPRF-BA";"DEL10-BA";"UOP01-DEL10-BA"
192222;2019-02-18;"segunda-feira";"19:10:00";"RO";364;346,8;"JI-PARANA";"Desobediência às normas de trânsito pelo condutor";"Colisão traseira";"Com Vítimas Feridas";"Plena Noite";"Crescente";"Céu Claro";"Simples";"Aclive;Reta";"Sim";5;0;4;0;1;0;4;3;-10,865874;-61,968647;"SPRF-RO";"DEL02-RO";"UOP01-DEL02-RO"
192223;2019-02-18;"segunda-feira";"19:55:00";"PE";104;67,2;"CARUARU";"Defeito Mecânico no Veículo";"Colisão frontal";"Sem Vítimas";"Plena Noite";"Crescente";"Céu Claro";"Dupla";"Reta;Aclive";"Sim";7;0;0;0;7;0;0;2;-8,29561;-35,98768;"SPRF-PE";"DEL02-PE";"UOP01-DEL02-PE"
192226;2019-02-18;"segunda-feira";"21:05:00";"GO";40;5;"VALPARAISO DE GOIAS";"Animais na Pista";"Queda de ocupante de veículo";"Com Vítimas Feridas";"Plena Noite";"Crescente";"Ignorado";"Dupla";"Reta";"Sim";1;0;1;0;0;0;1;1;-16,093134;-47,982236;"SPRF-DF";"DEL01-DF";"UOP01-DEL01-DF"
192228;2019-02-18;"segunda-feira";"20:35:00";"PR";476;136;"CURITIBA";"Falta de Atenção à Condução";"Queda de ocupante de veículo";"Com Vítimas Feridas";"Plena Noite";"Decrescente";"Garoa/Chuvisco";"Múltipla";"Reta";"Sim";1;0;1;0;0;0;1;1;-25,491047;-49,271679;"SPRF-PR";"DEL01-PR";"UOP07-DEL01-PR"
192232;2019-02-18;"segunda-feira";"07:30:00";"PR";153;462;"PORTO VITORIA";"Condutor Dormindo";"Saída de leito carroçável";"Sem Vítimas";"Amanhecer";"Decrescente";"Nublado";"Múltipla";"Reta";"Não";1;0;0;0;0;1;0;1;-26,224693;-51,135174;"SPRF-PR";"DEL02-PR";"UOP03-DEL02-PR"
192235;2019-02-18;"segunda-feira";"21:40:00";"ES";101;266,3;"SERRA";"Agressão Externa";"Tombamento";"Com Vítimas Feridas";"Plena Noite";"Decrescente";"Nublado";"Dupla";"Interseção de Vias";"Sim";1;0;1;0;0;0;1;1;-20,19379017;-40,2685681;"SPRF-ES";"DEL02-ES";"UOP01-DEL02-ES"
192237;2019-02-18;"segunda-feira";"21:20:00";"RN";226;73,6;"SERRA CAIADA";"Desobediência às normas de trânsito pelo condutor";"Colisão frontal";"Com Vítimas Fatais";"Plena Noite";"Decrescente";"Ignorado";"Simples";"Curva";"Não";2;1;0;0;1;0;0;2;-6,103733;-35,705315;"SPRF-RN";"DEL01-RN";"UOP02-DEL01-RN"
192238;2019-02-18;"segunda-feira";"22:00:00";"SC";470;70;"INDAIAL";"Desobediência às normas de trânsito pelo condutor";"Colisão transversal";"Com Vítimas Feridas";"Plena Noite";"Crescente";"Nublado";"Simples";"Reta";"Não";3;0;1;0;2;0;1;3;-26,889374;-49,254478;"SPRF-SC";"DEL04-SC";"UOP01-DEL04-SC"
192239;2019-02-18;"segunda-feira";"21:30:00";"RN";101;102,1;"PARNAMIRIM";"Desobediência às normas de trânsito pelo condutor";"Saída de leito carroçável";"Com Vítimas Feridas";"Plena Noite";"Decrescente";"Céu Claro";"Múltipla";"Reta";"Sim";1;0;1;0;0;0;1;1;-5,88861;-35,24033;"SPRF-RN";"DEL01-RN";"UOP01-DEL01-RN"
192240;2019-02-18;"segunda-feira";"22:10:00";"PR";467;107,3;"CASCAVEL";"Falta de Atenção à Condução";"Colisão lateral";"Com Vítimas Feridas";"Plena Noite";"Decrescente";"Céu Claro";"Dupla";"Reta";"Não";3;0;1;0;2;0;1;2;-24,92116283;-53,47304648;"SPRF-PR";"DEL04-PR";"UOP01-DEL04-PR"
192241;2019-02-18;"segunda-feira";"19:00:00";"MS";163;476,9;"CAMPO GRANDE";"Falta de Atenção à Condução";"Queda de ocupante de veículo";"Com Vítimas Feridas";"Plena Noite";"Decrescente";"Céu Claro";"Simples";"Curva";"Sim";1;0;1;0;0;0;1;1;-20,5028868;-54,55640361;"SPRF-MS";"DEL01-MS";"UOP01-DEL01-MS"
192242;2019-02-16;"sábado";"12:00:00";"SC";282;307,3;"VARGEM";"Condutor Dormindo";"Saída de leito carroçável";"Com Vítimas Fatais";"Pleno dia";"Crescente";"Céu Claro";"Simples";"Curva;Declive";"Não";2;1;0;0;0;1;0;2;-27,495266;-50,962605;"SPRF-SC";"DEL07-SC";"UOP06-DEL07-SC"
192245;2019-02-18;"segunda-feira";"19:20:00";"RJ";465;14;"SEROPEDICA";"Não guardar distância de segurança";"Colisão lateral";"Com Vítimas Feridas";"Plena Noite";"Decrescente";"Chuva";"Simples";"Reta";"Sim";2;0;1;0;1;0;1;2;-22,804979;-43,638828;"SPRF-RJ";"DEL01-RJ";"UOP03-DEL01-RJ"
192247;2019-02-18;"segunda-feira";"22:30:00";"PR";277;593,1;"CASCAVEL";"Falta de Atenção à Condução";"Saída de leito carroçável";"Com Vítimas Feridas";"Plena Noite";"Decrescente";"Céu Claro";"Simples";"Reta";"Não";1;0;1;0;0;0;1;1;-25,02817;-53,55983;"SPRF-PR";"DEL04-PR";"UOP01-DEL04-PR"
192248;2019-02-18;"segunda-feira";"22:00:00";"RO";174;15,8;"VILHENA";"Desobediência às normas de trânsito pelo condutor";"Colisão lateral";"Com Vítimas Feridas";"Plena Noite";"Crescente";"Céu Claro";"Simples";"Reta";"Sim";2;0;1;1;0;0;2;2;-12,723321;-60,12801;"SPRF-RO";"DEL04-RO";"UOP01-DEL04-RO"
192249;2019-02-19;"terça-feira";"00:00:00";"SP";116;214;"GUARULHOS";"Falta de Atenção à Condução";"Colisão com objeto estático";"Com Vítimas Feridas";"Plena Noite";"Decrescente";"Céu Claro";"Múltipla";"Reta";"Sim";2;0;1;0;0;1;1;2;-23,44915855;-46,45908594;"SPRF-SP";"DEL01-SP";"UOP01-DEL01-SP"
192252;2019-02-18;"segunda-feira";"19:30:00";"RJ";116;196,4;"QUEIMADOS";"Defeito Mecânico no Veículo";"Incêndio";"Sem Vítimas";"Plena Noite";"Decrescente";"Chuva";"Dupla";"Reta";"Não";2;0;0;0;2;0;0;1;-22,733366;-43,556595;"SPRF-RJ";"DEL01-RJ";"UOP03-DEL01-RJ"
192253;2019-02-18;"segunda-feira";"20:10:00";"RS";290;175;"BUTIA";"Desobediência às normas de trânsito pelo condutor";"Colisão transversal";"Com Vítimas Feridas";"Plena Noite";"Crescente";"Céu Claro";"Simples";"Reta";"Sim";2;0;1;0;1;0;1;2;-30,129343;-51,961823;"SPRF-RS";"DEL02-RS";"UOP02-DEL02-RS"
192255;2019-02-18;"segunda-feira";"19:10:00";"PE";104;27;"CARUARU";"Desobediência às normas de trânsito pelo condutor";"Colisão traseira";"Com Vítimas Feridas";"Plena Noite";"Decrescente";"Céu Claro";"Simples";"Reta;Aclive";"Não";3;0;0;2;0;1;2;2;-8,004665;-36,08344;"SPRF-PE";"DEL02-PE";"UOP01-DEL02-PE"
192256;2019-02-19;"terça-feira";"00:20:00";"RJ";101;271;"RIO BONITO";"Pista Escorregadia";"Queda de ocupante de veículo";"Com Vítimas Feridas";"Plena Noite";"Decrescente";"Garoa/Chuvisco";"Dupla";"Curva";"Não";1;0;1;0;0;0;1;1;-22,724432;-42,69368;"SPRF-RJ";"DEL02-RJ";"UOP03-DEL02-RJ"
192258;2019-02-19;"terça-feira";"00:30:00";"BA";101;908,5;"IBIRAPUA";"Falta de Atenção à Condução";"Queda de ocupante de veículo";"Com Vítimas Feridas";"Plena Noite";"Crescente";"Céu Claro";"Simples";"Reta";"Não";2;0;1;1;0;0;2;2;-17,7905;-39,7796;"SPRF-BA";"DEL09-BA";"UOP02-DEL09-BA"
192261;2019-01-13;"domingo";"20:05:00";"BA";367;82,8;"EUNAPOLIS";"Falta de Atenção à Condução";"Colisão transversal";"Com Vítimas Feridas";"Plena Noite";"Crescente";"Céu Claro";"Simples";"Reta";"Não";2;0;0;1;1;0;1;2;-16,372061;-39,561646;"SPRF-BA";"DEL09-BA";"UOP01-DEL09-BA"
192262;2019-02-19;"terça-feira";"03:20:00";"CE";20;279;"CANINDE";"Falta de Atenção à Condução";"Colisão frontal";"Sem Vítimas";"Plena Noite";"Decrescente";"Céu Claro";"Simples";"Reta";"Não";2;0;0;0;2;0;0;2;-4,588733;-39,363049;"SPRF-CE";"DEL02-CE";"UOP01-DEL02-CE"
192263;2019-02-19;"terça-feira";"01:15:00";"PR";369;419,8;"JURANDA";"Não guardar distância de segurança";"Colisão lateral";"Com Vítimas Feridas";"Plena Noite";"Decrescente";"Céu Claro";"Simples";"Reta";"Não";3;0;0;2;1;0;2;2;-24,3795;-52,7818;"SPRF-PR";"DEL04-PR";"UOP03-DEL04-PR"
192264;2019-02-19;"terça-feira";"03:00:00";"AL";316;242;"ATALAIA";"Condutor Dormindo";"Colisão frontal";"Com Vítimas Fatais";"Plena Noite";"Decrescente";"Nublado";"Simples";"Curva";"Não";1;1;0;0;0;0;0;1;-9,50860011;-36,01679586;"SPRF-AL";"DEL01-AL";"UOP01-DEL01-AL"
192266;2019-02-19;"terça-feira";"05:30:00";"RJ";493;22;"MAGE";"Animais na Pista";"Queda de ocupante de veículo";"Com Vítimas Feridas";"Amanhecer";"Crescente";"Céu Claro";"Simples";"Reta";"Não";1;0;1;0;0;0;1;1;-22,659311;-43,053299;"SPRF-RJ";"DEL04-RJ";"UOP02-DEL04-RJ"
192267;2019-02-19;"terça-feira";"06:00:00";"PE";232;5;"RECIFE";"Não guardar distância de segurança";"Colisão traseira";"Sem Vítimas";"Pleno dia";"Decrescente";"Garoa/Chuvisco";"Dupla";"Reta";"Sim";5;0;0;0;5;0;0;5;-8,067958;-34,945354;"SPRF-PE";"DEL01-PE";"UOP01-DEL01-PE"
192272;2019-02-19;"terça-feira";"06:15:00";"RN";304;63,9;"MOSSORO";"Animais na Pista";"Atropelamento de Animal";"Com Vítimas Feridas";"Amanhecer";"Crescente";"Nevoeiro/Neblina";"Simples";"Reta";"Não";1;0;1;0;0;0;1;1;-5,347065;-37,256435;"SPRF-RN";"DEL04-RN";"UOP01-DEL04-RN"
192273;2019-02-19;"terça-feira";"06:50:00";"PR";369;148,1;"LONDRINA";"Desobediência às normas de trânsito pelo condutor";"Colisão traseira";"Com Vítimas Feridas";"Pleno dia";"Decrescente";"Céu Claro";"Dupla";"Reta";"Sim";2;0;1;0;1;0;1;2;-23,29305712;-51,14350855;"SPRF-PR";"DEL07-PR";"UOP01-DEL07-PR"
192276;2019-02-19;"terça-feira";"06:40:00";"TO";153;152;"ARAGUAINA";"Desobediência às normas de trânsito pelo condutor";"Colisão transversal";"Com Vítimas Feridas";"Pleno dia";"Crescente";"Nublado";"Simples";"Retorno Regulamentado";"Não";2;0;1;0;1;0;1;2;-7,264632;-48,262615;"SPRF-TO";"DEL02-TO";"UOP01-DEL02-TO"
192278;2019-02-19;"terça-feira";"07:15:00";"GO";153;494,3;"GOIANIA";"Falta de Atenção à Condução";"Tombamento";"Com Vítimas Feridas";"Pleno dia";"Crescente";"Céu Claro";"Dupla";"Reta";"Não";2;0;2;0;0;0;2;1;-16,6614;-49,2218;"SPRF-GO";"DEL01-GO";"UOP01-DEL01-GO"
192279;2019-02-19;"terça-feira";"07:30:00";"GO";60;138;"GOIANIA";"Falta de Atenção à Condução";"Colisão transversal";"Com Vítimas Feridas";"Pleno dia";"Decrescente";"Céu Claro";"Dupla";"Reta";"Sim";2;0;0;1;1;0;1;2;-16,6117;-49,2053;"SPRF-GO";"DEL01-GO";"UOP01-DEL01-GO"
192281;2019-02-19;"terça-feira";"07:40:00";"RN";101;99;"NATAL";"Falta de Atenção à Condução";"Engavetamento";"Sem Vítimas";"Pleno dia";"Crescente";"Céu Claro";"Dupla";"Viaduto;Reta";"Sim";3;0;0;0;3;0;0;3;-5,87365;-35,220673;"SPRF-RN";"DEL01-RN";"UOP01-DEL01-RN"
192282;2019-02-19;"terça-feira";"06:30:00";"RJ";116;103;"GUAPIMIRIM";"Condutor Dormindo";"Saída de leito carroçável";"Com Vítimas Feridas";"Pleno dia";"Decrescente";"Céu Claro";"Simples";"Curva";"Não";3;0;2;0;1;0;2;1;-22,503155;-42,999081;"SPRF-RJ";"DEL04-RJ";"UOP02-DEL04-RJ"
192283;2019-01-14;"segunda-feira";"08:00:00";"BA";242;7;"SAPEACU";"Falta de Atenção à Condução";"Saída de leito carroçável";"Com Vítimas Feridas";"Pleno dia";"Crescente";"Céu Claro";"Simples";"Reta";"Não";1;0;0;1;0;0;1;1;-12,73088432;-39,18421032;"SPRF-BA";"DEL01-BA";"UOP02-DEL01-BA"
192285;2019-01-14;"segunda-feira";"09:00:00";"MG";365;616;"UBERLANDIA";"Não guardar distância de segurança";"Colisão traseira";"Com Vítimas Feridas";"Pleno dia";"Crescente";"Céu Claro";"Dupla";"Reta";"Sim";4;0;1;0;2;1;1;4;-18,8974;-48,2715;"SPRF-MG";"DEL15-MG";"UOP01-DEL15-MG"
192291;2019-02-19;"terça-feira";"07:25:00";"PR";153;24,4;"JACAREZINHO";"Desobediência às normas de trânsito pelo condutor";"Colisão transversal";"Com Vítimas Feridas";"Pleno dia";"Crescente";"Nublado";"Simples";"Interseção de Vias";"Não";2;0;1;0;1;0;1;2;-23,183662;-49,982449;"SPRF-PR";"DEL07-PR";"UOP04-DEL07-PR"
192292;2019-02-19;"terça-feira";"07:50:00";"MS";163;37,2;"ELDORADO";"Falta de Atenção à Condução";"Colisão transversal";"Com Vítimas Feridas";"Pleno dia";"Decrescente";"Sol";"Simples";"Reta";"Não";3;0;0;1;2;0;1;2;-23,803158;-54,303833;"SPRF-MS";"DEL09-MS";"UOP02-DEL09-MS"
192293;2019-02-19;"terça-feira";"09:00:00";"RN";101;95,1;"NATAL";"Não guardar distância de segurança";"Colisão traseira";"Com Vítimas Feridas";"Pleno dia";"Decrescente";"Céu Claro";"Múltipla";"Reta";"Sim";2;0;1;0;1;0;1;2;-5,840768;-35,210358;"SPRF-RN";"DEL01-RN";"UOP01-DEL01-RN"
192295;2019-02-19;"terça-feira";"07:15:00";"PR";277;74,9;"SAO JOSE DOS PINHAIS";"Falta de Atenção à Condução";"Colisão traseira";"Com Vítimas Feridas";"Pleno dia";"Crescente";"Céu Claro";"Dupla";"Reta";"Sim";2;0;1;0;1;0;1;2;-25,49359988;-49,16817963;"SPRF-PR";"DEL01-PR";"UOP01-DEL01-PR"
192296;2019-02-19;"terça-feira";"08:30:00";"CE";222;5;"CAUCAIA";"Falta de Atenção à Condução";"Colisão traseira";"Com Vítimas Feridas";"Pleno dia";"Crescente";"Nublado";"Múltipla";"Reta";"Sim";2;0;1;0;1;0;1;2;-3,74297;-38,613312;"SPRF-CE";"DEL01-CE";"UOP01-DEL01-CE"
192297;2019-02-19;"terça-feira";"07:00:00";"ES";101;299;"VIANA";"Falta de Atenção à Condução";"Tombamento";"Com Vítimas Feridas";"Pleno dia";"Decrescente";"Sol";"Simples";"Reta";"Não";1;0;1;0;0;0;1;1;-20,35843295;-40,42531724;"SPRF-ES";"DEL01-ES";"UOP01-DEL01-ES"
192299;2019-02-19;"terça-feira";"07:50:00";"MT";70;683,8;"CACERES";"Pista Escorregadia";"Saída de leito carroçável";"Com Vítimas Feridas";"Pleno dia";"Decrescente";"Chuva";"Simples";"Curva";"Não";4;0;2;0;2;0;2;1;-16,20227848;-57,3858628;"SPRF-MT";"DEL03-MT";"UOP02-DEL03-MT"
192300;2019-02-19;"terça-feira";"08:00:00";"BA";407;48;"JUAZEIRO";"Condutor Dormindo";"Saída de leito carroçável";"Com Vítimas Feridas";"Pleno dia";"Decrescente";"Céu Claro";"Simples";"Reta";"Não";1;0;1;0;0;0;1;1;-9,797586;-40,32394;"SPRF-BA";"DEL04-BA";"UOP01-DEL04-BA"
192301;2019-02-19;"terça-feira";"07:20:00";"SC";470;75;"INDAIAL";"Mal Súbito";"Saída de leito carroçável";"Com Vítimas Feridas";"Pleno dia";"Crescente";"Nublado";"Simples";"Reta";"Não";1;0;1;0;0;0;1;1;-26,924833;-49,284004;"SPRF-SC";"DEL04-SC";"UOP01-DEL04-SC"
192302;2019-02-19;"terça-feira";"08:20:00";"PR";476;144,1;"CURITIBA";"Falta de Atenção à Condução";"Colisão lateral";"Com Vítimas Feridas";"Pleno dia";"Decrescente";"Sol";"Dupla";"Aclive";"Sim";3;0;1;1;1;0;2;2;-25,542501;-49,313011;"SPRF-PR";"DEL01-PR";"UOP06-DEL01-PR"
192305;2019-02-19;"terça-feira";"09:10:00";"PA";230;612;"VITORIA DO XINGU";"Pista Escorregadia";"Queda de ocupante de veículo";"Com Vítimas Feridas";"Pleno dia";"Decrescente";"Garoa/Chuvisco";"Simples";"Reta";"Não";1;0;1;0;0;0;1;1;-3,1788869;-52,175543;"SPRF-PA";"DEL04-PA";"UOP01-DEL04-PA"