"id";"data_inversa";"dia_semana";"horario";"uf";"br";"km";"municipio";"causa_acidente";"tipo_acidente";"classificacao_acidente";"fase_dia";"sentido_via";"condicao_metereologica";"tipo_pista";"tracado_via";"uso_solo";"pessoas";"mortos";"feridos_leves";"feridos_graves";"ilesos";"ignorados";"feridos";"veiculos";"latitude";"longitude";"regional";"delegacia";"uop"
192460;2019-02-20;"quarta-feira";"08:00:00";"PR";277;722,4;"FOZ DO IGUACU";"Falta de Atenção à Condução";"Colisão lateral";"Com Vítimas Feridas";"Pleno dia";"Crescente";"Céu Claro";"Dupla";"Reta";"Sim";2;0;1;0;0;1;1;2;-25,495068;-54,52095;"SPRF-PR";"DEL05-PR";"UOP01-DEL05-PR"
192461;2019-02-20;"quarta-feira";"08:40:00";"PE";408;99,8;"SAO LOURENCO DA MATA";"Defeito Mecânico no Veículo";"Capotamento";"Com Vítimas Feridas";"Pleno dia";"Crescente";"Céu Claro";"Dupla";"Reta";"Não";1;0;1;0;0;0;1;1;-8,043862;-35,016523;"SPRF-PE";"DEL01-PE";"UOP01-DEL01-PE"
192462;2019-02-20;"quarta-feira";"08:30:00";"PE";101;72,9;"RECIFE";"Falta de Atenção à Condução";"Colisão transversal";"Com Vítimas Feridas";"Pleno dia";"Decrescente";"Céu Claro";"Simples";"Reta;Em Obras";"Sim";4;0;1;0;3;0;1;2;-8,094095;-34,94787;"SPRF-PE";"DEL01-PE";"UOP01-DEL01-PE"
192463;2019-02-20;"quarta-feira";"06:20:00";"RJ";116;169;"SAO JOAO DE MERITI";"Falta de Atenção à Condução";"Colisão traseira";"Com Vítimas Feridas";"Pleno dia";"Decrescente";"Céu Claro";"Dupla";"Reta";"Não";2;0;1;0;1;0;1;2;-22,816206;-43,324463;"SPRF-RJ";"DEL01-RJ";"UOP02-DEL01-RJ"
192464;2019-02-20;"quarta-feira";"08:15:00";"RS";285;246;"CIRIACO";"Defeito Mecânico no Veículo";"Incêndio";"Sem Vítimas";"Pleno dia";"Crescente";"Céu Claro";"Simples";"Reta";"Não";2;0;0;0;2;0;0;1;-28,273693;-51,937973;"SPRF-RS";"DEL08-RS";"UOP03-DEL08-RS"
192465;2019-02-20;"quarta-feira";"08:20:00";"BA";116;423;"FEIRA DE SANTANA";"Desobediência às normas de trânsito pelo condutor";"Colisão transversal";"Com Vítimas Feridas";"Pleno dia";"Decrescente";"Céu Claro";"Simples";"Reta";"Sim";2;0;1;0;1;0;1;2;-12,23547011;-38,97742152;"SPRF-BA";"DEL02-BA";"UOP01-DEL02-BA"
192466;2019-02-20;"quarta-feira";"08:40:00";"GO";40;11,1;"LUZIANIA";"Falta de Atenção à Condução";"Colisão transversal";"Com Vítimas Feridas";"Pleno dia";"Crescente";"Céu Claro";"Dupla";"Reta";"Sim";3;0;3;0;0;0;3;2;-16,138336;-47,951644;"SPRF-DF";"DEL01-DF";"UOP01-DEL01-DF"
192467;2019-02-20;"quarta-feira";"07:30:00";"MA";135;13,2;"SAO LUIS";"Falta de Atenção à Condução";"Colisão transversal";"Com Vítimas Feridas";"Pleno dia";"Decrescente";"Sol";"Dupla";"Aclive";"Sim";3;0;2;0;1;0;2;2;-2,680535;-44,295124;"SPRF-MA";"DEL01-MA";"UOP01-DEL01-MA"
192468;2019-02-20;"quarta-feira";"08:20:00";"SP";116;217,5;"GUARULHOS";"Desobediência às normas de trânsito pelo condutor";"Colisão lateral";"Com Vítimas Feridas";"Pleno dia";"Crescente";"Céu Claro";"Múltipla";"Reta";"Sim";4;0;1;1;2;0;2;2;-23,45680203;-46,48064733;"SPRF-SP";"DEL01-SP";"UOP01-DEL01-SP"
192472;2019-02-20;"quarta-feira";"08:30:00";"RS";285;415,7;"PANAMBI";"Falta de Atenção à Condução";"Saída de leito carroçável";"Com Vítimas Feridas";"Pleno dia";"Crescente";"Sol";"Simples";"Reta";"Não";1;0;1;0;0;0;1;1;-28,34839044;-53,51423264;"SPRF-RS";"DEL10-RS";"UOP01-DEL10-RS"
192473;2019-02-20;"quarta-feira";"08:05:00";"SP";116;272;"TABOAO DA SERRA";"Falta de Atenção à Condução";"Colisão traseira";"Com Vítimas Feridas";"Pleno dia";"Decrescente";"Céu Claro";"Dupla";"Reta";"Sim";2;0;1;0;1;0;1;2;-23,61293804;-46,77958315;"SPRF-SP";"DEL04-SP";"UOP01-DEL04-SP"
192474;2019-02-04;"segunda-feira";"19:00:00";"CE";116;3,7;"FORTALEZA";"Falta de Atenção à Condução";"Colisão lateral";"Com Vítimas Feridas";"Plena Noite";"Decrescente";"Céu Claro";"Múltipla";"Reta";"Sim";3;0;0;2;1;0;2;2;-3,7874;-38,5109;"SPRF-CE";"DEL01-CE";"UOP02-DEL01-CE"
192475;2019-02-20;"quarta-feira";"08:15:00";"SP";116;272,5;"TABOAO DA SERRA";"Não guardar distância de segurança";"Colisão traseira";"Com Vítimas Feridas";"Pleno dia";"Decrescente";"Céu Claro";"Dupla";"Reta";"Sim";2;0;0;1;1;0;1;2;-23,61446177;-46,78356355;"SPRF-SP";"DEL04-SP";"UOP01-DEL04-SP"
192477;2019-02-15;"sexta-feira";"10:50:00";"DF";70;10,2;"BRASILIA";"Desobediência às normas de trânsito pelo condutor";"Colisão traseira";"Com Vítimas Feridas";"Pleno dia";"Decrescente";"Nublado";"Dupla";"Reta";"Sim";4;0;1;0;1;2;1;3;-15,787066;-48,140709;"SPRF-DF";"DEL01-DF";"UOP02-DEL03-DF"
192478;2019-02-20;"quarta-feira";"08:15:00";"RS";392;19,2;"RIO GRANDE";"Desobediência às normas de trânsito pelo condutor";"Colisão frontal";"Com Vítimas Feridas";"Pleno dia";"Crescente";"Sol";"Dupla";"Reta";"Não";2;0;2;0;0;0;2;2;-32,087925;-52,186695;"SPRF-RS";"DEL07-RS";"UOP02-DEL07-RS"
192479;2019-02-16;"sábado";"15:00:00";"PA";10;351,4;"SANTA MARIA DO PARA";"Não guardar distância de segurança";"Colisão traseira";"Com Vítimas Feridas";"Pleno dia";"Crescente";"Céu Claro";"Simples";"Aclive";"Sim";3;0;2;0;1;0;2;2;-1,37030273;-47,56933246;"SPRF-PA";"DEL01-PA";"UOP02-DEL01-PA"
192484;2019-02-17;"domingo";"18:00:00";"MT";364;405;"CUIABA";"Desobediência às normas de trânsito pelo condutor";"Colisão transversal";"Com Vítimas Feridas";"Plena Noite";"Decrescente";"Céu Claro";"Múltipla";"Interseção de Vias";"Sim";2;0;0;1;1;0;1;2;-15,658054;-55,979832;"SPRF-MT";"DEL02-MT";"UOP02-DEL01-MT"
192485;2019-02-15;"sexta-feira";"16:30:00";"RO";364;17;"VILHENA";"Ingestão de Álcool";"Colisão traseira";"Com Vítimas Fatais";"Pleno dia";"Decrescente";"Céu Claro";"Simples";"Declive";"Sim";3;1;0;0;2;0;0;2;-12,73208;-60,165894;"SPRF-RO";"DEL04-RO";"UOP01-DEL04-RO"
192486;2019-02-20;"quarta-feira";"10:15:00";"MG";116;807,6;"ALEM PARAIBA";"Velocidade Incompatível";"Saída de leito carroçável";"Com Vítimas Feridas";"Pleno dia";"Crescente";"Céu Claro";"Simples";"Reta";"Não";3;0;2;0;1;0;2;1;-21,84827484;-42,66763687;"SPRF-MG";"DEL07-MG";"UOP01-DEL07-MG"
192487;2019-02-20;"quarta-feira";"07:35:00";"SC";101;216,5;"PALHOCA";"Falta de Atenção à Condução";"Colisão lateral";"Com Vítimas Feridas";"Pleno dia";"Decrescente";"Céu Claro";"Simples";"Reta";"Não";2;0;1;0;1;0;1;2;-27,659815;-48,677479;"SPRF-SC";"DEL01-SC";"UOP02-DEL01-SC"
192490;2019-02-20;"quarta-feira";"11:00:00";"RS";158;324,3;"SANTA MARIA";"Defeito na Via";"Tombamento";"Com Vítimas Feridas";"Pleno dia";"Crescente";"Céu Claro";"Dupla";"Reta";"Sim";1;0;1;0;0;0;1;1;-29,697626;-53,788464;"SPRF-RS";"DEL09-RS";"UOP01-DEL09-RS"
192491;2019-02-20;"quarta-feira";"10:40:00";"ES";101;292,4;"CARIACICA";"Ingestão de Álcool";"Colisão traseira";"Sem Vítimas";"Pleno dia";"Crescente";"Céu Claro";"Dupla";"Reta";"Sim";2;0;0;0;2;0;0;2;-20,30373951;-40,39604187;"SPRF-ES";"DEL01-ES";"UOP01-DEL01-ES"
192494;2019-02-20;"quarta-feira";"10:39:00";"RO";174;13,7;"VILHENA";"Falta de Atenção à Condução";"Colisão transversal";"Com Vítimas Feridas";"Pleno dia";"Decrescente";"Céu Claro";"Dupla";"Interseção de Vias";"Não";4;0;2;0;2;0;2;3;-12,73610983;-60,13083458;"SPRF-RO";"DEL04-RO";"UOP01-DEL04-RO"
192495;2019-02-20;"quarta-feira";"12:05:00";"GO";153;639,5;"MORRINHOS";"Falta de Atenção à Condução";"Saída de leito carroçável";"Com Vítimas Feridas";"Pleno dia";"Crescente";"Nublado";"Dupla";"Reta";"Não";1;0;0;1;0;0;1;1;-17,8714;-49,2268;"SPRF-GO";"DEL03-GO";"UOP01-DEL03-GO"
192498;2019-02-20;"quarta-feira";"12:00:00";"MG";381;502;"BETIM";"Velocidade Incompatível";"Saída de leito carroçável";"Com Vítimas Feridas";"Pleno dia";"Crescente";"Chuva";"Dupla";"Curva;Declive";"Sim";4;0;4;0;0;0;4;1;-20,0236;-44,2299;"SPRF-MG";"DEL01-MG";"UOP03-DEL01-MG"
192499;2019-02-20;"quarta-feira";"09:30:00";"BA";20;143,3;"SAO DESIDERIO";"Velocidade Incompatível";"Capotamento";"Com Vítimas Feridas";"Pleno dia";"Crescente";"Nublado";"Simples";"Reta";"Não";1;0;1;0;0;0;1;1;-12,6876529;-45,92971802;"SPRF-BA";"DEL10-BA";"UOP01-DEL10-BA"
192501;2019-02-20;"quarta-feira";"12:50:00";"MG";262;362;"JUATUBA";"Objeto estático sobre o leito carroçável";"Tombamento";"Com Vítimas Feridas";"Pleno dia";"Decrescente";"Sol";"Dupla";"Reta";"Sim";1;0;1;0;0;0;1;1;-19,9723;-44,2986;"SPRF-MG";"DEL01-MG";"UOP03-DEL01-MG"
192503;2019-02-20;"quarta-feira";"07:00:00";"PI";343;340,1;"TERESINA";"Pista Escorregadia";"Tombamento";"Com Vítimas Feridas";"Pleno dia";"Decrescente";"Nublado";"Simples";"Rotatória";"Sim";1;0;1;0;0;0;1;1;-5,074137;-42,73629;"SPRF-PI";"DEL01-PI";"UOP01-DEL01-PI"
192509;2019-02-20;"quarta-feira";"14:00:00";"ES";101;145;"LINHARES";"Pista Escorregadia";"Queda de ocupante de veículo";"Com Vítimas Feridas";"Pleno dia";"Crescente";"Céu Claro";"Múltipla";"Reta";"Não";1;0;1;0;0;0;1;1;-19,36878146;-40,06567067;"SPRF-ES";"DEL04-ES";"UOP01-DEL04-ES"
192512;2019-02-20;"quarta-feira";"14:30:00";"SE";101;93,7;"NOSSA SENHORA DO SOCORRO";"Desobediência às normas de trânsito pelo condutor";"Colisão transversal";"Com Vítimas Feridas";"Pleno dia";"Decrescente";"Céu Claro";"Simples";"Reta";"Sim";3;0;2;0;1;0;2;2;-10,9116;-37,1585;"SPRF-SE";"DEL01-SE";"UOP01-DEL01-SE"
192513;2019-02-20;"quarta-feira";"13:50:00";"RN";406;167;"SAO GONCALO DO AMARANTE";"Mal Súbito";"Colisão com objeto estático";"Sem Vítimas";"Pleno dia";"Decrescente";"Céu Claro";"Dupla";"Reta";"Não";1;0;0;0;1;0;0;1;-5,748743;-35,326548;"SPRF-RN";"DEL02-RN";"UOP01-DEL02-RN"
192515;2019-02-20;"quarta-feira";"13:30:00";"MG";365;656;"UBERLANDIA";"Pista Escorregadia";"Saída de leito carroçável";"Com Vítimas Feridas";"Pleno dia";"Decrescente";"Chuva";"Dupla";"Em Obras";"Não";3;0;0;1;1;1;1;2;-18,86430078;-48,58489037;"SPRF-MG";"DEL15-MG";"UOP01-DEL15-MG"
192516;2019-02-20;"quarta-feira";"12:20:00";"SC";282;523,9;"XAXIM";"Velocidade Incompatível";"Saída de leito carroçável";"Com Vítimas Feridas";"Pleno dia";"Decrescente";"Sol";"Simples";"Curva";"Sim";1;0;1;0;0;0;1;1;-26,963129;-52,548851;"SPRF-SC";"DEL07-SC";"UOP01-DEL07-SC"
192519;2019-02-20;"quarta-feira";"14:00:00";"ES";101;145,3;"LINHARES";"Falta de Atenção à Condução";"Colisão transversal";"Com Vítimas Feridas";"Pleno dia";"Crescente";"Céu Claro";"Simples";"Reta";"Sim";2;0;1;0;0;1;1;2;-19,36330004;-40,06507874;"SPRF-ES";"DEL04-ES";"UOP01-DEL04-ES"
192521;2019-02-20;"quarta-feira";"12:20:00";"MS";158;95;"PARANAIBA";"Desobediência às normas de trânsito pelo condutor";"Colisão transversal";"Com Vítimas Feridas";"Pleno dia";"Crescente";"Chuva";"Dupla";"Reta";"Sim";2;0;0;2;0;0;2;2;-19,69005;-51,195179;"SPRF-MS";"DEL08-MS";"UOP01-DEL08-MS"
192526;2019-02-20;"quarta-feira";"16:00:00";"ES";101;375,9;"ICONHA";"Não guardar distância de segurança";"Colisão transversal";"Com Vítimas Feridas";"Pleno dia";"Decrescente";"Nublado";"Dupla";"Curva";"Sim";2;0;0;1;1;0;1;2;-20,78741205;-40,80073357;"SPRF-ES";"DEL03-ES";"UOP01-DEL03-ES"
192527;2019-02-20;"quarta-feira";"10:00:00";"PB";230;165;"CAMPINA GRANDE";"Desobediência às normas de trânsito pelo condutor";"Colisão transversal";"Sem Vítimas";"Pleno dia";"Decrescente";"Céu Claro";"Simples";"Reta";"Não";2;0;0;0;2;0;0;2;-7,202297;-35,951683;"SPRF-PB";"DEL02-PB";"UOP02-DEL02-PB"
192530;2019-02-20;"quarta-feira";"15:40:00";"ES";262;6,8;"CARIACICA";"Falta de Atenção à Condução";"Tombamento";"Com Vítimas Feridas";"Pleno dia";"Decrescente";"Nublado";"Múltipla";"Reta";"Sim";1;0;1;0;0;0;1;1;-20,3404;-40,395;"SPRF-ES";"DEL01-ES";"UOP01-DEL01-ES"
192531;2019-02-20;"quarta-feira";"15:55:00";"ES";101;305;"VIANA";"Desobediência às normas de trânsito pelo condutor";"Colisão transversal";"Com Vítimas Feridas";"Pleno dia";"Decrescente";"Chuva";"Simples";"Interseção de Vias";"Sim";3;0;1;0;2;0;1;2;-20,38469944;-40,46243901;"SPRF-ES";"DEL03-ES";"UOP01-DEL03-ES"
192532;2019-02-18;"segunda-feira";"20:00:00";"MS";267;241;"NOVA ALVORADA DO SUL";"Falta de Atenção à Condução";"Colisão com objeto estático";"Sem Vítimas";"Plena Noite";"Decrescente";"Chuva";"Simples";"Reta";"Não";1;0;0;0;0;1;0;1;-21,4847;-54,3075;"SPRF-MS";"DEL02-MS";"UOP01-DEL02-MS"
192533;2019-02-20;"quarta-feira";"16:30:00";"BA";324;626;"SALVADOR";"Não guardar distância de segurança";"Engavetamento";"Com Vítimas Feridas";"Pleno dia";"Decrescente";"Céu Claro";"Múltipla";"Reta";"Sim";3;0;1;0;2;0;1;3;-12,96969331;-38,47573411;"SPRF-BA";"DEL01-BA";"UOP01-DEL01-BA"
192534;2019-02-20;"quarta-feira";"14:55:00";"SC";101;288,5;"IMBITUBA";"Desobediência às normas de trânsito pelo condutor";"Colisão transversal";"Com Vítimas Feridas";"Pleno dia";"Crescente";"Céu Claro";"Múltipla";"Interseção de Vias;Rotatória;Reta";"Sim";2;0;1;0;1;0;1;2;-28,26835658;-48,70141625;"SPRF-SC";"DEL02-SC";"UOP03-DEL02-SC"
192535;2019-02-20;"quarta-feira";"10:30:00";"MG";381;520,8;"BRUMADINHO";"Velocidade Incompatível";"Saída de leito carroçável";"Sem Vítimas";"Pleno dia";"Decrescente";"Nublado";"Dupla";"Curva";"Não";1;0;0;0;0;1;0;1;-20,1186;-44,302;"SPRF-MG";"DEL04-MG";"UOP03-DEL04-MG"
192537;2019-02-20;"quarta-feira";"17:10:00";"ES";101;382,9;"RIO NOVO DO SUL";"Pista Escorregadia";"Queda de ocupante de veículo";"Com Vítimas Feridas";"Pleno dia";"Decrescente";"Nublado";"Simples";"Reta";"Não";1;0;1;0;0;0;1;1;-20,82347549;-40,85189044;"SPRF-ES";"DEL03-ES";"UOP01-DEL03-ES"
192538;2019-02-20;"quarta-feira";"17:15:00";"BA";324;514;"FEIRA DE SANTANA";"Não guardar distância de segurança";"Colisão traseira";"Sem Vítimas";"Pleno dia";"Crescente";"Céu Claro";"Simples";"Reta";"Sim";3;0;0;0;3;0;0;2;-12,23706434;-38,94188946;"SPRF-BA";"DEL02-BA";"UOP01-DEL02-BA"
192539;2019-02-16;"sábado";"22:30:00";"SC";280;81,2;"CORUPA";"Falta de Atenção à Condução";"Colisão com objeto estático";"Sem Vítimas";"Plena Noite";"Decrescente";"Chuva";"Simples";"Curva";"Sim";1;0;0;0;0;1;0;1;-26,44075815;-49,21892166;"SPRF-SC";"DEL06-SC";"UOP03-DEL06-SC"
192541;2019-02-20;"quarta-feira";"17:30:00";"RJ";465;3;"SEROPEDICA";"Desobediência às normas de trânsito pelo condutor";"Colisão transversal";"Com Vítimas Feridas";"Anoitecer";"Crescente";"Céu Claro";"Simples";"Reta";"Sim";2;0;1;0;1;0;1;2;-22,73427;-43,711994;"SPRF-RJ";"DEL01-RJ";"UOP03-DEL01-RJ"
192542;2019-02-20;"quarta-feira";"16:20:00";"AL";316;257;"PILAR";"Não guardar distância de segurança";"Colisão traseira";"Com Vítimas Feridas";"Pleno dia";"Decrescente";"Céu Claro";"Simples";"Reta";"Sim";3;0;2;0;1;0;2;2;-9,588771;-35,887005;"SPRF-AL";"DEL02-AL";"UOP01-DEL02-AL"
192547;2019-02-20;"quarta-feira";"18:02:00";"PR";376;193,8;"MARIALVA";"Falta de Atenção do Pedestre";"Atropelamento de Pedestre";"Com Vítimas Fatais";"Pleno dia";"Crescente";"Céu Claro";"Dupla";"Reta";"Sim";4;1;0;0;2;1;0;2;-23,497436;-51,806699;"SPRF-PR";"DEL07-PR";"UOP01-DEL09-PR"
192548;2019-02-20;"quarta-feira";"16:10:00";"RO";364;341,3;"JI-PARANA";"Falta de Atenção do Pedestre";"Colisão traseira";"Com Vítimas Feridas";"Pleno dia";"Crescente";"Nublado";"Múltipla";"Curva";"Sim";2;0;1;0;1;0;1;2;-10,88976126;-61,931144;"SPRF-RO";"DEL02-RO";"UOP01-DEL02-RO"
192550;2019-02-20;"quarta-feira";"17:55:00";"RS";386;343,6;"LAJEADO";"Falta de Atenção à Condução";"Colisão traseira";"Sem Vítimas";"Pleno dia";"Crescente";"Sol";"Simples";"Reta;Declive";"Não";2;0;0;0;2;0;0;2;-29,434835;-52,002365;"SPRF-RS";"DEL04-RS";"UOP01-DEL04-RS"
192551;2019-02-20;"quarta-feira";"16:54:00";"MG";262;814,8;"UBERABA";"Falta de Atenção à Condução";"Colisão traseira";"Sem Vítimas";"Pleno dia";"Decrescente";"Céu Claro";"Dupla";"Rotatória";"Sim";2;0;0;0;2;0;0;2;-19,76475;-48,112064;"SPRF-MG";"DEL13-MG";"UOP01-DEL13-MG"
192552;2019-02-20;"quarta-feira";"18:10:00";"BA";116;417,5;"FEIRA DE SANTANA";"Falta de Atenção do Pedestre";"Atropelamento de Pedestre";"Com Vítimas Fatais";"Anoitecer";"Decrescente";"Céu Claro";"Simples";"Reta";"Sim";2;1;0;0;1;0;0;2;-12,19169156;-38,96522468;"SPRF-BA";"DEL02-BA";"UOP01-DEL02-BA"
192553;2019-02-20;"quarta-feira";"16:00:00";"MA";135;98,3;"ITAPECURU MIRIM";"Pista Escorregadia";"Capotamento";"Sem Vítimas";"Pleno dia";"Crescente";"Chuva";"Simples";"Reta";"Não";1;0;0;0;1;0;0;1;-3,348375;-44,460373;"SPRF-MA";"DEL01-MA";"UOP02-DEL01-MA"
192554;2019-02-20;"quarta-feira";"18:00:00";"SP";116;220;"GUARULHOS";"Não guardar distância de segurança";"Tombamento";"Com Vítimas Feridas";"Anoitecer";"Decrescente";"Nublado";"Múltipla";"Reta";"Sim";1;0;1;0;0;0;1;1;-23,46456512;-46,49718761;"SPRF-SP";"DEL01-SP";"UOP01-DEL01-SP"
192555;2019-02-20;"quarta-feira";"14:00:00";"GO";20;12,4;"FORMOSA";"Pista Escorregadia";"Saída de leito carroçável";"Com Vítimas Feridas";"Pleno dia";"Decrescente";"Chuva";"Simples";"Reta";"Não";5;0;1;0;4;0;1;1;-15,565637;-47,249306;"SPRF-DF";"DEL02-DF";"UOP01-DEL02-DF"
192556;2019-02-20;"quarta-feira";"07:20:00";"SC";101;201;"SAO JOSE";"Falta de Atenção do Pedestre";"Atropelamento de Pedestre";"Com Vítimas Feridas";"Pleno dia";"Crescente";"Céu Claro";"Simples";"Reta";"Sim";2;0;1;0;1;0;1;2;-27,5572;-48,6188;"SPRF-SC";"DEL01-SC";"UOP01-DEL01-SC"
192557;2019-02-20;"quarta-feira";"17:20:00";"SP";381;73;"SAO PAULO";"Pista Escorregadia";"Colisão com objeto estático";"Sem Vítimas";"Pleno dia";"Crescente";"Chuva";"Dupla";"Curva";"Não";2;0;0;0;2;0;0;1;-23,37603416;-46,56355668;"SPRF-SP";"DEL03-SP";"UOP01-DEL03-SP"
192559;2019-02-20;"quarta-feira";"18:55:00";"GO";153;441,5;"ANAPOLIS";"Avarias e/ou desgaste excessivo no pneu";"Saída de leito carroçável";"Com Vítimas Feridas";"Anoitecer";"Decrescente";"Céu Claro";"Dupla";"Reta";"Sim";1;0;1;0;0;0;1;1;-16,334681;-48,922447;"SPRF-GO";"DEL02-GO";"UOP01-DEL02-GO"
192560;2019-02-20;"quarta-feira";"19:15:00";"PE";101;74,1;"RECIFE";"Desobediência às normas de trânsito pelo condutor";"Queda de ocupante de veículo";"Com Vítimas Feridas";"Plena Noite";"Crescente";"Céu Claro";"Simples";"Em Obras";"Sim";1;0;1;0;0;0;1;1;-8,1107;-34,9462;"SPRF-PE";"DEL01-PE";"UOP01-DEL01-PE"
192562;2019-02-20;"quarta-feira";"19:10:00";"RJ";393;155;"TRES RIOS";"Velocidade Incompatível";"Colisão lateral";"Com Vítimas Feridas";"Plena Noite";"Decrescente";"Chuva";"Simples";"Curva";"Não";3;0;2;0;0;1;2;2;-22,127502;-43,147022;"SPRF-RJ";"DEL06-RJ";"UOP01-DEL05-RJ"
192564;2019-02-20;"quarta-feira";"19:30:00";"ES";101;336;"GUARAPARI";"Ingestão de Álcool";"Colisão traseira";"Sem Vítimas";"Plena Noite";"Decrescente";"Nublado";"Simples";"Curva";"Não";2;0;0;0;2;0;0;2;-20,62772367;-40,53493738;"SPRF-ES";"DEL03-ES";"UOP01-DEL03-ES"
192565;2019-02-20;"quarta-feira";"17:00:00";"SC";480;129,5;"CHAPECO";"Falta de Atenção à Condução";"Tombamento";"Com Vítimas Feridas";"Pleno dia";"Crescente";"Nublado";"Simples";"Reta;Aclive";"Sim";1;0;1;0;0;0;1;1;-27,05100422;-52,63566971;"SPRF-SC";"DEL07-SC";"UOP01-DEL07-SC"
192566;2019-02-20;"quarta-feira";"19:45:00";"PA";10;8;"DOM ELISEU";"Agressão Externa";"Tombamento";"Sem Vítimas";"Plena Noite";"Crescente";"Céu Claro";"Simples";"Aclive";"Não";1;0;0;0;1;0;0;1;-4,373357;-47,536753;"SPRF-PA";"DEL02-PA";"UOP02-DEL02-PA"
192567;2019-02-20;"quarta-feira";"20:00:00";"ES";262;2,8;"CARIACICA";"Falta de Atenção à Condução";"Tombamento";"Com Vítimas Feridas";"Plena Noite";"Decrescente";"Céu Claro";"Dupla";"Interseção de Vias";"Sim";1;0;1;0;0;0;1;1;-20,33147687;-40,36374986;"SPRF-ES";"DEL01-ES";"UOP01-DEL01-ES"
192568;2019-02-20;"quarta-feira";"19:20:00";"BA";367;59,4;"PORTO SEGURO";"Defeito Mecânico no Veículo";"Incêndio";"Sem Vítimas";"Plena Noite";"Decrescente";"Céu Claro";"Simples";"Reta";"Não";1;0;0;0;1;0;0;1;-16,386505;-39,374973;"SPRF-BA";"DEL09-BA";"UOP01-DEL09-BA"
192570;2019-02-20;"quarta-feira";"18:30:00";"MT";163;851;"SINOP";"Desobediência às normas de trânsito pelo condutor";"Colisão frontal";"Com Vítimas Feridas";"Plena Noite";"Decrescente";"Céu Claro";"Simples";"Declive";"Não";3;0;0;1;2;0;1;2;-11,7864736;-55,47585748;"SPRF-MT";"DEL06-MT";"UOP02-DEL06-MT"
192571;2019-02-20;"quarta-feira";"19:35:00";"PR";376;210;"MANDAGUARI";"Falta de Atenção do Pedestre";"Atropelamento de Pedestre";"Com Vítimas Fatais";"Plena Noite";"Decrescente";"Céu Claro";"Dupla";"Reta";"Não";2;1;0;0;1;0;0;2;-23,56411;-51,657597;"SPRF-PR";"DEL07-PR";"UOP01-DEL09-PR"
192572;2019-02-20;"quarta-feira";"19:15:00";"MG";40;513;"RIBEIRAO DAS NEVES";"Defeito Mecânico no Veículo";"Queda de ocupante de veículo";"Com Vítimas Feridas";"Plena Noite";"Decrescente";"Chuva";"Dupla";"Reta";"Sim";2;0;2;0;0;0;2;1;-19,8048;-44,0972;"SPRF-MG";"DEL01-MG";"UOP03-DEL01-MG"
192577;2019-02-20;"quarta-feira";"19:10:00";"CE";222;2,4;"FORTALEZA";"Falta de Atenção do Pedestre";"Atropelamento de Pedestre";"Sem Vítimas";"Plena Noite";"Crescente";"Nublado";"Dupla";"Interseção de Vias";"Sim";2;0;0;0;1;1;0;2;-3,7396838;-38,59164661;"SPRF-CE";"DEL01-CE";"UOP01-DEL01-CE"
192578;2019-02-20;"quarta-feira";"18:30:00";"MG";116;523,5;"CARATINGA";"Falta de Atenção à Condução";"Colisão transversal";"Com Vítimas Feridas";"Plena Noite";"Decrescente";"Ignorado";"Simples";"Reta";"Sim";3;0;3;0;0;0;3;2;-19,76957477;-42,13146731;"SPRF-MG";"DEL06-MG";"UOP02-DEL06-MG"
192579;2019-02-20;"quarta-feira";"20:26:00";"PE";232;400;"SERRA TALHADA";"Animais na Pista";"Atropelamento de Animal";"Com Vítimas Feridas";"Plena Noite";"Decrescente";"Céu Claro";"Simples";"Reta";"Não";3;0;1;0;2;0;1;1;-8,01114233;-38,23774338;"SPRF-PE";"DEL04-PE";"UOP01-DEL04-PE"
192580;2019-02-20;"quarta-feira";"13:55:00";"SC";101;20;"JOINVILLE";"Agressão Externa";"Colisão traseira";"Com Vítimas Feridas";"Pleno dia";"Decrescente";"Nublado";"Dupla";"Reta";"Não";4;0;1;0;1;2;1;3;-26,14934188;-48,90905142;"SPRF-SC";"DEL03-SC";"UOP01-DEL03-SC"
192581;2019-02-20;"quarta-feira";"20:30:00";"MT";174;99;"CACERES";"Falta de Atenção à Condução";"Colisão transversal";"Com Vítimas Feridas";"Plena Noite";"Decrescente";"Céu Claro";"Simples";"Reta";"Sim";2;0;1;0;1;0;1;2;-15,844366;-57,859524;"SPRF-MT";"DEL03-MT";"UOP01-DEL03-MT"
192582;2019-02-20;"quarta-feira";"21:20:00";"SE";235;53,8;"ITABAIANA";"Defeito na Via";"Colisão com objeto estático";"Sem Vítimas";"Plena Noite";"Crescente";"Céu Claro";"Múltipla";"Reta";"Sim";1;0;0;0;1;0;0;1;-10,684707;-37,440544;"SPRF-SE";"DEL01-SE";"UOP02-DEL01-SE"
192584;2019-02-20;"quarta-feira";"22:30:00";"RJ";40;91,1;"PETROPOLIS";"Velocidade Incompatível";"Saída de leito carroçável";"Com Vítimas Feridas";"Pleno dia";"Crescente";"Nublado";"Simples";"Curva;Declive";"Não";1;0;1;0;0;0;1;1;-22,5649;-43,237;"SPRF-RJ";"DEL06-RJ";"UOP01-DEL06-RJ"