"id";"data_inversa";"dia_semana";"horario";"uf";"br";"km";"municipio";"causa_acidente";"tipo_acidente";"classificacao_acidente";"fase_dia";"sentido_via";"condicao_metereologica";"tipo_pista";"tracado_via";"uso_solo";"pessoas";"mortos";"feridos_leves";"feridos_graves";"ilesos";"ignorados";"feridos";"veiculos";"latitude";"longitude";"regional";"delegacia";"uop"
192586;2019-02-20;"quarta-feira";"21:00:00";"BA";324;451;"RIACHAO DO JACUIPE";"Avarias e/ou desgaste excessivo no pneu";"Incêndio";"Com Vítimas Feridas";"Plena Noite";"Crescente";"Céu Claro";"Simples";"Reta";"Não";2;0;0;1;1;0;1;1;-11,81627646;-39,37826157;"SPRF-BA";"DEL02-BA";"UOP01-DEL02-BA"
192587;2019-02-20;"quarta-feira";"07:50:00";"RJ";101;330;"RIO DE JANEIRO";"Não guardar distância de segurança";"Colisão traseira";"Com Vítimas Feridas";"Pleno dia";"Crescente";"Sol";"Dupla";"Reta";"Não";1;0;1;0;0;0;1;1;-22,868481;-43,18568;"SPRF-RJ";"DEL02-RJ";"UOP02-DEL02-RJ"
192588;2019-02-20;"quarta-feira";"19:20:00";"ES";262;116,7;"CONCEICAO DO CASTELO";"Falta de Atenção à Condução";"Colisão com objeto estático";"Sem Vítimas";"Plena Noite";"Crescente";"Nublado";"Simples";"Reta";"Não";1;0;0;0;0;1;0;1;-20,3172;-41,2283;"SPRF-ES";"DEL01-ES";"UOP02-DEL01-ES"
192590;2019-02-20;"quarta-feira";"22:40:00";"MG";381;445;"SANTA LUZIA";"Defeito Mecânico no Veículo";"Incêndio";"Sem Vítimas";"Plena Noite";"Decrescente";"Nublado";"Simples";"Curva";"Não";1;0;0;0;1;0;0;1;-19,80934616;-43,78764153;"SPRF-MG";"DEL01-MG";"UOP01-DEL01-MG"
192592;2019-02-21;"quinta-feira";"00:05:00";"PR";376;593;"CURITIBA";"Falta de Atenção do Pedestre";"Atropelamento de Pedestre";"Com Vítimas Fatais";"Plena Noite";"Crescente";"Nublado";"Dupla";"Reta";"Sim";2;1;0;0;1;0;0;2;-25,47334321;-49,3529892;"SPRF-PR";"DEL01-PR";"UOP06-DEL01-PR"
192595;2019-02-21;"quinta-feira";"01:25:00";"TO";153;560,3;"FATIMA";"Ingestão de Substâncias Psicoativas";"Atropelamento de Pedestre";"Com Vítimas Fatais";"Plena Noite";"Crescente";"Ignorado";"Simples";"Reta";"Não";2;1;0;0;0;1;0;2;-10,742459;-48,90321;"SPRF-TO";"DEL02-TO";"UOP01-DEL01-TO"
192596;2019-02-20;"quarta-feira";"17:00:00";"RS";116;652,9;"JAGUARAO";"Desobediência às normas de trânsito pelo condutor";"Colisão lateral";"Com Vítimas Feridas";"Pleno dia";"Decrescente";"Céu Claro";"Simples";"Reta";"Não";3;0;2;0;0;1;2;2;-32,54594496;-53,37295532;"SPRF-RS";"DEL07-RS";"UOP03-DEL07-RS"
192597;2019-02-21;"quinta-feira";"02:20:00";"SP";153;61;"SAO JOSE DO RIO PRETO";"Ingestão de Álcool";"Saída de leito carroçável";"Sem Vítimas";"Plena Noite";"Crescente";"Nublado";"Dupla";"Reta";"Não";1;0;0;0;1;0;0;1;-20,805029;-49,355747;"SPRF-SP";"DEL09-SP";"UOP01-DEL09-SP"
192598;2019-02-21;"quinta-feira";"01:10:00";"RJ";465;4;"SEROPEDICA";"Falta de Atenção à Condução";"Saída de leito carroçável";"Com Vítimas Feridas";"Plena Noite";"Crescente";"Ignorado";"Simples";"Rotatória";"Não";1;0;1;0;0;0;1;1;-22,740971;-43,705597;"SPRF-RJ";"DEL01-RJ";"UOP03-DEL01-RJ"
192599;2019-02-20;"quarta-feira";"23:10:00";"MG";40;2,4;"PARACATU";"Condutor Dormindo";"Colisão com objeto estático";"Com Vítimas Feridas";"Plena Noite";"Crescente";"Chuva";"Simples";"Declive;Reta";"Não";3;0;0;3;0;0;3;1;-17,043858;-47,14254;"SPRF-MG";"DEL14-MG";"UOP01-DEL14-MG"
192601;2019-02-21;"quinta-feira";"02:10:00";"PB";101;37;"MAMANGUAPE";"Condutor Dormindo";"Queda de ocupante de veículo";"Com Vítimas Feridas";"Plena Noite";"Crescente";"Céu Claro";"Dupla";"Reta";"Não";1;0;1;0;0;0;1;1;-6,8221;-35,1384;"SPRF-PB";"DEL01-PB";"UOP04-DEL01-PB"
192603;2019-02-21;"quinta-feira";"03:30:00";"RS";290;363,1;"VILA NOVA DO SUL";"Desobediência às normas de trânsito pelo condutor";"Colisão transversal";"Com Vítimas Feridas";"Plena Noite";"Decrescente";"Céu Claro";"Simples";"Reta";"Não";4;0;2;0;2;0;2;2;-30,373426;-53,80323;"SPRF-RS";"DEL09-RS";"UOP02-DEL09-RS"
192607;2019-02-21;"quinta-feira";"04:30:00";"PE";101;63,2;"RECIFE";"Condutor Dormindo";"Colisão com objeto estático";"Com Vítimas Feridas";"Amanhecer";"Crescente";"Nublado";"Múltipla";"Interseção de Vias;Reta;Declive";"Sim";1;0;1;0;0;0;1;1;-8,015813;-34,94039;"SPRF-PE";"DEL01-PE";"UOP01-DEL01-PE"
192609;2019-02-21;"quinta-feira";"05:50:00";"TO";153;342;"GUARAI";"Falta de Atenção à Condução";"Colisão traseira";"Com Vítimas Feridas";"Amanhecer";"Decrescente";"Céu Claro";"Simples";"Reta";"Não";2;0;0;1;1;0;1;2;-8,908701;-48,509258;"SPRF-TO";"DEL02-TO";"UOP02-DEL02-TO"
192615;2019-02-21;"quinta-feira";"05:05:00";"MS";60;574,3;"GUIA LOPES DA LAGUNA";"Falta de Atenção à Condução";"Saída de leito carroçável";"Com Vítimas Feridas";"Amanhecer";"Decrescente";"Céu Claro";"Simples";"Reta";"Não";4;0;3;1;0;0;4;1;-21,414553;-56,052956;"SPRF-MS";"DEL05-MS";"UOP01-DEL05-MS"
192616;2019-02-20;"quarta-feira";"23:30:00";"PI";343;202,8;"PIRIPIRI";"Animais na Pista";"Atropelamento de Animal";"Sem Vítimas";"Plena Noite";"Crescente";"Céu Claro";"Simples";"Declive";"Não";1;0;0;0;1;0;0;1;-4,395802;-41,859032;"SPRF-PI";"DEL02-PI";"UOP01-DEL02-PI"
192617;2019-02-17;"domingo";"10:00:00";"PB";230;32;"BAYEUX";"Não guardar distância de segurança";"Engavetamento";"Sem Vítimas";"Pleno dia";"Decrescente";"Garoa/Chuvisco";"Dupla";"Reta";"Sim";4;0;0;0;4;0;0;4;-7,143;-34,9192;"SPRF-PB";"DEL01-PB";"UOP01-DEL01-PB"
192618;2019-02-21;"quinta-feira";"07:20:00";"RS";116;240,2;"NOVO HAMBURGO";"Desobediência às normas de trânsito pelo condutor";"Colisão traseira";"Com Vítimas Feridas";"Pleno dia";"Decrescente";"Céu Claro";"Dupla";"Reta";"Sim";2;0;1;0;1;0;1;2;-29,705002;-51,14677;"SPRF-RS";"DEL01-RS";"UOP02-DEL01-RS"
192619;2019-02-21;"quinta-feira";"04:15:00";"SC";282;507,1;"XANXERE";"Ingestão de álcool e/ou substâncias psicoativas pelo pedestre";"Capotamento";"Sem Vítimas";"Plena Noite";"Decrescente";"Céu Claro";"Simples";"Reta";"Sim";1;0;0;0;1;0;0;1;-26,88591391;-52,43662834;"SPRF-SC";"DEL07-SC";"UOP01-DEL07-SC"
192625;2019-02-21;"quinta-feira";"06:40:00";"PR";116;118,8;"CURITIBA";"Falta de Atenção à Condução";"Queda de ocupante de veículo";"Com Vítimas Feridas";"Pleno dia";"Decrescente";"Céu Claro";"Dupla";"Reta";"Não";1;0;1;0;0;0;1;1;-25,544559;-49,30146;"SPRF-PR";"DEL01-PR";"UOP07-DEL01-PR"
192626;2019-02-21;"quinta-feira";"07:10:00";"PE";101;91;"CABO DE SANTO AGOSTINHO";"Falta de Atenção do Pedestre";"Atropelamento de Pedestre";"Com Vítimas Feridas";"Pleno dia";"Crescente";"Céu Claro";"Simples";"Reta";"Sim";2;0;1;0;1;0;1;2;-8,2308;-34,9969;"SPRF-PE";"DEL01-PE";"UOP03-DEL01-PE"
192627;2019-02-21;"quinta-feira";"07:20:00";"RJ";101;60;"CAMPOS DOS GOYTACAZES";"Falta de Atenção do Pedestre";"Atropelamento de Pedestre";"Com Vítimas Feridas";"Pleno dia";"Decrescente";"Céu Claro";"Simples";"Reta";"Sim";2;0;1;0;1;0;1;2;-21,720467;-41,314461;"SPRF-RJ";"DEL08-RJ";"UOP01-DEL08-RJ"
192628;2019-02-21;"quinta-feira";"07:30:00";"MG";40;489,3;"ESMERALDAS";"Velocidade Incompatível";"Saída de leito carroçável";"Com Vítimas Feridas";"Pleno dia";"Decrescente";"Chuva";"Dupla";"Aclive;Reta";"Não";1;0;0;1;0;0;1;1;-19,6242;-44,2049;"SPRF-MG";"DEL02-MG";"UOP01-DEL02-MG"
192629;2019-02-17;"domingo";"16:00:00";"PE";232;82,9;"GRAVATA";"Pista Escorregadia";"Saída de leito carroçável";"Sem Vítimas";"Pleno dia";"Decrescente";"Chuva";"Dupla";"Reta";"Sim";1;0;0;0;1;0;0;1;-8,193437;-35,551865;"SPRF-PE";"DEL01-PE";"UOP02-DEL02PE"
192631;2019-02-21;"quinta-feira";"07:40:00";"BA";110;389,7;"SAO SEBASTIAO DO PASSE";"Falta de Atenção à Condução";"Colisão lateral";"Com Vítimas Feridas";"Pleno dia";"Crescente";"Sol";"Simples";"Reta";"Não";2;0;1;0;1;0;1;2;-12,4954;-38,4887;"SPRF-BA";"DEL01-BA";"UOP04-DEL01-BA"
192633;2019-02-21;"quinta-feira";"06:30:00";"MG";251;430;"GRAO MOGOL";"Ultrapassagem Indevida";"Queda de ocupante de veículo";"Com Vítimas Feridas";"Pleno dia";"Crescente";"Céu Claro";"Simples";"Reta";"Não";1;0;1;0;0;0;1;1;-16,3438;-43,1457;"SPRF-MG";"DEL12-MG";"UOP01-DEL12-MG"
192634;2019-02-21;"quinta-feira";"07:50:00";"RN";101;97,2;"NATAL";"Não guardar distância de segurança";"Colisão traseira";"Com Vítimas Feridas";"Pleno dia";"Decrescente";"Céu Claro";"Dupla";"Reta";"Sim";4;0;1;0;3;0;1;3;-5,857612;-35,212723;"SPRF-RN";"DEL01-RN";"UOP01-DEL01-RN"
192641;2019-02-21;"quinta-feira";"08:45:00";"RS";116;148;"CAXIAS DO SUL";"Não guardar distância de segurança";"Colisão traseira";"Com Vítimas Feridas";"Pleno dia";"Crescente";"Céu Claro";"Dupla";"Reta";"Sim";3;0;1;0;2;0;1;3;-29,15444;-51,151005;"SPRF-RS";"DEL05-RS";"UOP01-DEL05-RS"
192642;2019-02-21;"quinta-feira";"08:10:00";"SC";101;330,8;"TUBARAO";"Não guardar distância de segurança";"Colisão traseira";"Com Vítimas Feridas";"Pleno dia";"Crescente";"Céu Claro";"Dupla";"Reta";"Não";2;0;1;0;0;1;1;2;-28,4561;-48,9819;"SPRF-SC";"DEL02-SC";"UOP01-DEL02-SC"
192644;2019-02-21;"quinta-feira";"09:00:00";"ES";101;267,9;"SERRA";"Desobediência às normas de trânsito pelo condutor";"Colisão transversal";"Com Vítimas Feridas";"Pleno dia";"Crescente";"Céu Claro";"Simples";"Interseção de Vias";"Sim";2;0;1;0;1;0;1;2;-20,20661425;-40,26967948;"SPRF-ES";"DEL02-ES";"UOP01-DEL02-ES"
192645;2019-02-21;"quinta-feira";"07:00:00";"RJ";101;318;"SAO GONCALO";"Não guardar distância de segurança";"Colisão traseira";"Com Vítimas Feridas";"Pleno dia";"Crescente";"Nublado";"Dupla";"Reta";"Não";3;0;1;0;2;0;1;2;-22,845663;-43,098431;"SPRF-RJ";"DEL02-RJ";"DEL5/2-UOP04/RJ"
192647;2019-02-21;"quinta-feira";"08:20:00";"MG";381;686,9;"LAVRAS";"Velocidade Incompatível";"Colisão com objeto estático";"Com Vítimas Feridas";"Pleno dia";"Crescente";"Chuva";"Dupla";"Curva";"Não";1;0;1;0;0;0;1;1;-21,179;-45,1221;"SPRF-MG";"DEL04-MG";"UOP02-DEL04-MG"
192648;2019-02-21;"quinta-feira";"07:40:00";"MT";163;841;"SINOP";"Desobediência às normas de trânsito pelo condutor";"Colisão transversal";"Com Vítimas Feridas";"Pleno dia";"Decrescente";"Nublado";"Simples";"Reta";"Não";2;0;1;0;1;0;1;2;-11,805248;-55,480662;"SPRF-MT";"DEL06-MT";"UOP02-DEL06-MT"
192651;2019-02-21;"quinta-feira";"06:40:00";"PI";343;4,9;"PARNAIBA";"Velocidade Incompatível";"Saída de leito carroçável";"Sem Vítimas";"Pleno dia";"Decrescente";"Nublado";"Simples";"Curva";"Não";1;0;0;0;1;0;0;1;-2,900253;-41,689171;"SPRF-PI";"DEL05-PI";"UOP01-DEL05-PI"
192659;2019-02-21;"quinta-feira";"07:35:00";"SP";153;57,1;"SAO JOSE DO RIO PRETO";"Falta de Atenção à Condução";"Colisão frontal";"Com Vítimas Feridas";"Pleno dia";"Decrescente";"Céu Claro";"Simples";"Aclive;Reta";"Não";3;0;1;0;2;0;1;2;-20,769854;-49,349796;"SPRF-SP";"DEL09-SP";"UOP01-DEL09-SP"
192661;2019-01-23;"quarta-feira";"11:50:00";"PR";369;35,6;"ANDIRA";"Falta de Atenção à Condução";"Colisão traseira";"Com Vítimas Feridas";"Pleno dia";"Decrescente";"Céu Claro";"Simples";"Reta";"Não";2;0;0;1;1;0;1;2;-23,03985625;-50,22652318;"SPRF-PR";"DEL07-PR";"UOP05-DEL07-PR"
192663;2019-02-21;"quinta-feira";"10:10:00";"MG";40;557,7;"NOVA LIMA";"Velocidade Incompatível";"Capotamento";"Com Vítimas Feridas";"Pleno dia";"Crescente";"Chuva";"Dupla";"Curva";"Sim";1;0;1;0;0;0;1;1;-20,1116;-43,9714;"SPRF-MG";"DEL01-MG";"UOP02-DEL01-MG"
192664;2019-02-21;"quinta-feira";"11:00:00";"MG";356;264,6;"MURIAE";"Falta de Atenção à Condução";"Colisão traseira";"Com Vítimas Feridas";"Pleno dia";"Decrescente";"Nublado";"Simples";"Reta";"Sim";2;0;1;0;1;0;1;2;-21,12461468;-42,37923947;"SPRF-MG";"DEL07-MG";"UOP02-DEL07-MG"
192666;2019-02-21;"quinta-feira";"10:30:00";"RJ";40;85;"PETROPOLIS";"Pista Escorregadia";"Colisão com objeto estático";"Com Vítimas Feridas";"Pleno dia";"Crescente";"Chuva";"Simples";"Curva";"Não";1;0;1;0;0;0;1;1;-22,559;-43,2263;"SPRF-RJ";"DEL06-RJ";"UOP01-DEL06-RJ"
192667;2019-02-21;"quinta-feira";"10:30:00";"SP";116;71,4;"APARECIDA";"Pista Escorregadia";"Queda de ocupante de veículo";"Com Vítimas Feridas";"Pleno dia";"Decrescente";"Garoa/Chuvisco";"Simples";"Interseção de Vias";"Sim";1;0;1;0;0;0;1;1;-22,856516;-45,231144;"SPRF-SP";"DEL08-SP";"UOP01-DEL08-SP"
192672;2019-02-21;"quinta-feira";"07:15:00";"SP";116;218,5;"GUARULHOS";"Falta de Atenção à Condução";"Colisão traseira";"Com Vítimas Feridas";"Pleno dia";"Crescente";"Céu Claro";"Múltipla";"Reta";"Sim";3;0;2;0;1;0;2;2;-23,45996;-46,48634;"SPRF-SP";"DEL01-SP";"UOP01-DEL01-SP"
192674;2019-02-21;"quinta-feira";"11:50:00";"SP";116;126;"CACAPAVA";"Defeito Mecânico no Veículo";"Queda de ocupante de veículo";"Com Vítimas Feridas";"Pleno dia";"Decrescente";"Céu Claro";"Dupla";"Reta";"Não";2;0;1;0;0;1;1;2;-23,104395;-45,694351;"SPRF-SP";"DEL06-SP";"UOP02-DEL02-SP"
192676;2019-02-21;"quinta-feira";"09:39:00";"RJ";116;176;"NOVA IGUACU";"Falta de Atenção à Condução";"Colisão transversal";"Com Vítimas Feridas";"Pleno dia";"Crescente";"Garoa/Chuvisco";"Múltipla";"Reta";"Sim";4;0;1;0;2;1;1;4;-22,783915;-43,382023;"SPRF-RJ";"DEL01-RJ";"UOP02-DEL01-RJ"
192678;2019-02-21;"quinta-feira";"11:30:00";"MG";381;489;"BETIM";"Defeito Mecânico no Veículo";"Colisão traseira";"Com Vítimas Feridas";"Pleno dia";"Crescente";"Céu Claro";"Dupla";"Reta";"Sim";3;0;1;0;2;0;1;2;-19,9563;-44,1428;"SPRF-MG";"DEL01-MG";"UOP03-DEL01-MG"
192681;2019-02-21;"quinta-feira";"12:05:00";"SC";470;249,1;"CURITIBANOS";"Desobediência às normas de trânsito pelo condutor";"Colisão transversal";"Com Vítimas Feridas";"Pleno dia";"Crescente";"Céu Claro";"Simples";"Rotatória";"Sim";2;0;1;0;1;0;1;2;-27,312902;-50,559643;"SPRF-SC";"DEL05-SC";"UOP03-DEL05-SC"
192682;2019-02-21;"quinta-feira";"10:40:00";"CE";222;99;"UMIRIM";"Pista Escorregadia";"Saída de leito carroçável";"Com Vítimas Feridas";"Pleno dia";"Decrescente";"Céu Claro";"Simples";"Curva";"Não";2;0;1;0;1;0;1;1;-3,721737;-39,412823;"SPRF-CE";"DEL04-CE";"UOP03-DEL04-CE"
192683;2019-02-21;"quinta-feira";"12:00:00";"SC";470;139,9;"RIO DO SUL";"Desobediência às normas de trânsito pelo condutor";"Colisão lateral";"Com Vítimas Feridas";"Pleno dia";"Crescente";"Céu Claro";"Simples";"Reta";"Sim";2;0;1;0;1;0;1;2;-27,217564;-49,65461;"SPRF-SC";"DEL04-SC";"UOP02-DEL04-SC"
192684;2019-01-28;"segunda-feira";"08:32:00";"SC";282;505,3;"XANXERE";"Falta de Atenção à Condução";"Colisão transversal";"Com Vítimas Feridas";"Pleno dia";"Decrescente";"Ignorado";"Dupla";"Interseção de Vias";"Sim";2;0;1;0;1;0;1;2;-26,88566601;-52,41845738;"SPRF-SC";"DEL07-SC";"UOP01-DEL07-SC"
192685;2019-02-21;"quinta-feira";"13:05:00";"RS";480;72,4;"ERECHIM";"Velocidade Incompatível";"Colisão traseira";"Com Vítimas Feridas";"Pleno dia";"Crescente";"Céu Claro";"Simples";"Reta";"Não";2;0;1;0;1;0;1;2;-27,634935;-52,335625;"SPRF-RS";"DEL08-RS";"UOP04-DEL08-RS"
192686;2019-02-21;"quinta-feira";"12:00:00";"ES";262;1;"CARIACICA";"Mal Súbito";"Colisão lateral";"Com Vítimas Fatais";"Pleno dia";"Crescente";"Céu Claro";"Dupla";"Reta";"Sim";5;1;0;1;3;0;1;5;-20,3286;-40,355;"SPRF-ES";"DEL01-ES";"UOP01-DEL01-ES"
192687;2019-02-21;"quinta-feira";"11:00:00";"RJ";40;38,9;"AREAL";"Velocidade Incompatível";"Capotamento";"Com Vítimas Feridas";"Pleno dia";"Crescente";"Chuva";"Dupla";"Curva";"Não";1;0;1;0;0;0;1;1;-22,23297214;-43,11635083;"SPRF-RJ";"DEL06-RJ";"UOP02-DEL05-RJ"
192688;2019-02-21;"quinta-feira";"13:00:00";"MG";116;722;"MURIAE";"Falta de Atenção à Condução";"Queda de ocupante de veículo";"Com Vítimas Feridas";"Pleno dia";"Decrescente";"Nublado";"Simples";"Reta";"Não";1;0;0;1;0;0;1;1;-21,24587008;-42,39434031;"SPRF-MG";"DEL07-MG";"UOP02-DEL07-MG"
192690;2019-02-21;"quinta-feira";"10:46:00";"SP";116;225;"SAO JOSE DOS CAMPOS";"Falta de Atenção à Condução";"Colisão traseira";"Com Vítimas Feridas";"Pleno dia";"Crescente";"Nublado";"Múltipla";"Reta";"Sim";3;0;2;0;0;1;2;2;-23;-46;"SPRF-SP";"DEL01-SP";"UOP01-DEL01-SP"
192691;2019-02-21;"quinta-feira";"13:10:00";"PR";277;622,8;"CEU AZUL";"Falta de Atenção à Condução";"Saída de leito carroçável";"Com Vítimas Feridas";"Pleno dia";"Crescente";"Sol";"Simples";"Reta";"Não";3;0;1;0;2;0;1;1;-25,090425;-53,728573;"SPRF-PR";"DEL05-PR";"UOP02-DEL05-PR"
192693;2019-02-21;"quinta-feira";"11:30:00";"MG";381;814,8;"CAREACU";"Velocidade Incompatível";"Saída de leito carroçável";"Com Vítimas Feridas";"Pleno dia";"Decrescente";"Nublado";"Dupla";"Curva";"Não";1;0;1;0;0;0;1;1;-22,03042893;-45,67618674;"SPRF-MG";"DEL16-MG";"UOP02-DEL16-MG"
192695;2019-02-21;"quinta-feira";"11:30:00";"MG";116;528,8;"CARATINGA";"Velocidade Incompatível";"Colisão traseira";"Com Vítimas Feridas";"Pleno dia";"Crescente";"Nublado";"Dupla";"Reta";"Sim";2;0;0;1;1;0;1;2;-19,787155;-42,135447;"SPRF-MG";"DEL06-MG";"UOP02-DEL06-MG"
192697;2019-02-21;"quinta-feira";"12:30:00";"PB";230;88,5;"GURINHEM";"Falta de Atenção à Condução";"Colisão lateral";"Com Vítimas Feridas";"Pleno dia";"Decrescente";"Céu Claro";"Dupla";"Reta";"Sim";3;0;0;1;2;0;1;2;-7,1689;-35,3743;"SPRF-PB";"DEL01-PB";"UOP03-DEL01-PB"
192698;2019-02-21;"quinta-feira";"14:15:00";"SC";470;57,3;"BLUMENAU";"Falta de Atenção à Condução";"Colisão transversal";"Com Vítimas Feridas";"Pleno dia";"Decrescente";"Céu Claro";"Simples";"Reta";"Não";3;0;2;0;1;0;2;2;-26,880428;-49,136532;"SPRF-SC";"DEL04-SC";"UOP01-DEL04-SC"
192700;2019-02-21;"quinta-feira";"13:59:00";"RO";174;15;"VILHENA";"Falta de Atenção à Condução";"Colisão traseira";"Com Vítimas Feridas";"Pleno dia";"Decrescente";"Céu Claro";"Simples";"Interseção de Vias";"Não";2;0;1;0;1;0;1;2;-12,723321;-60,12801;"SPRF-RO";"DEL04-RO";"UOP01-DEL04-RO"
192701;2019-02-21;"quinta-feira";"14:50:00";"CE";116;0,2;"FORTALEZA";"Defeito Mecânico no Veículo";"Engavetamento";"Com Vítimas Feridas";"Pleno dia";"Decrescente";"Céu Claro";"Dupla";"Reta";"Sim";4;0;1;0;3;0;1;3;-3,7614;-38,5188;"SPRF-CE";"DEL01-CE";"UOP02-DEL01-CE"
192703;2019-02-21;"quinta-feira";"14:40:00";"GO";80;12,1;"PADRE BERNARDO";"Falta de Atenção à Condução";"Saída de leito carroçável";"Com Vítimas Feridas";"Pleno dia";"Decrescente";"Céu Claro";"Simples";"Reta";"Não";2;0;2;0;0;0;2;1;-15,441895;-48,197696;"SPRF-DF";"DEL01-DF";"UOP02-DEL03-DF"
192705;2019-02-21;"quinta-feira";"14:51:00";"MS";60;393,3;"SIDROLANDIA";"Falta de Atenção à Condução";"Saída de leito carroçável";"Com Vítimas Feridas";"Pleno dia";"Crescente";"Sol";"Simples";"Reta";"Não";2;0;2;0;0;0;2;1;-20,89555;-54,865681;"SPRF-MS";"DEL01-MS";"UOP04-DEL01-MS"
192707;2019-02-21;"quinta-feira";"14:35:00";"SP";116;359,6;"MIRACATU";"Velocidade Incompatível";"Colisão com objeto estático";"Com Vítimas Feridas";"Pleno dia";"Decrescente";"Chuva";"Dupla";"Curva";"Não";1;0;1;0;0;0;1;1;-24,10958509;-47,26905763;"SPRF-SP";"DEL04-SP";"UOP03-DEL04-SP"
192708;2019-02-21;"quinta-feira";"16:00:00";"RS";290;52;"GLORINHA";"Condutor Dormindo";"Saída de leito carroçável";"Com Vítimas Feridas";"Pleno dia";"Crescente";"Sol";"Dupla";"Reta";"Não";2;0;2;0;0;0;2;1;-29,911516;-50,777485;"SPRF-RS";"DEL03-RS";"UOP02-DEL03-RS"
192709;2019-02-21;"quinta-feira";"16:10:00";"SC";470;54,5;"BLUMENAU";"Falta de Atenção à Condução";"Colisão transversal";"Com Vítimas Feridas";"Pleno dia";"Crescente";"Nublado";"Simples";"Interseção de Vias";"Sim";2;0;1;0;1;0;1;2;-26,871065;-49,110374;"SPRF-SC";"DEL04-SC";"UOP01-DEL04-SC"
192710;2019-02-21;"quinta-feira";"15:40:00";"RJ";101;473;"ANGRA DOS REIS";"Ingestão de Álcool";"Colisão transversal";"Com Vítimas Feridas";"Pleno dia";"Decrescente";"Chuva";"Múltipla";"Reta";"Não";2;0;1;0;1;0;1;2;-22,99043695;-44,24331665;"SPRF-RJ";"DEL03-RJ";"UOP03-DEL03-RJ"
192711;2019-02-21;"quinta-feira";"15:50:00";"RJ";101;117,1;"CAMPOS DOS GOYTACAZES";"Condutor Dormindo";"Tombamento";"Com Vítimas Feridas";"Pleno dia";"Crescente";"Chuva";"Dupla";"Túnel";"Não";1;0;1;0;0;0;1;1;-22,010393;-41,668556;"SPRF-RJ";"DEL08-RJ";"UOP02-DEL08-RJ"
192715;2019-02-21;"quinta-feira";"16:20:00";"ES";262;5,2;"CARIACICA";"Falta de Atenção à Condução";"Colisão transversal";"Com Vítimas Feridas";"Pleno dia";"Decrescente";"Céu Claro";"Múltipla";"Reta";"Sim";3;0;1;0;1;1;1;3;-20,3374;-40,3859;"SPRF-ES";"DEL01-ES";"UOP01-DEL01-ES"
192716;2019-02-21;"quinta-feira";"15:20:00";"PR";277;157,4;"PORTO AMAZONAS";"Falta de Atenção à Condução";"Saída de leito carroçável";"Com Vítimas Feridas";"Pleno dia";"Crescente";"Nublado";"Dupla";"Rotatória";"Não";2;0;1;1;0;0;2;1;-25,47300685;-49,89561349;"SPRF-PR";"DEL01-PR";"UOP06-DEL01-PR"
192717;2019-02-21;"quinta-feira";"15:00:00";"RR";401;40;"BONFIM";"Falta de Atenção à Condução";"Capotamento";"Com Vítimas Feridas";"Pleno dia";"Decrescente";"Céu Claro";"Simples";"Reta";"Não";1;0;1;0;0;0;1;1;3,03964028;-60,38463593;"SPRF-RR";"DEL01-RR";"UOP03/RR"
192720;2019-02-21;"quinta-feira";"16:20:00";"SP";116;99;"PINDAMONHANGABA";"Desobediência às normas de trânsito pelo condutor";"Colisão lateral";"Com Vítimas Feridas";"Pleno dia";"Crescente";"Nublado";"Dupla";"Curva";"Não";2;0;0;1;1;0;1;2;-22,981972;-45,463547;"SPRF-SP";"DEL06-SP";"UOP01-DEL06-SP"
192721;2019-02-21;"quinta-feira";"16:30:00";"RS";386;47;"SEBERI";"Falta de Atenção do Pedestre";"Atropelamento de Pedestre";"Com Vítimas Feridas";"Pleno dia";"Crescente";"Sol";"Simples";"Reta";"Sim";2;0;0;1;1;0;1;2;-27,466236;-53,404499;"SPRF-RS";"DEL08-RS";"UOP02-DEL08-RS"
192723;2019-02-21;"quinta-feira";"15:00:00";"AC";364;133;"RIO BRANCO";"Velocidade Incompatível";"Capotamento";"Com Vítimas Feridas";"Pleno dia";"Decrescente";"Céu Claro";"Dupla";"Rotatória";"Não";1;0;1;0;0;0;1;1;-10,002488;-67,849541;"SPRF-AC";"DEL01-AC";"UOP01-DEL01-AC"
192724;2019-02-21;"quinta-feira";"15:45:00";"SP";381;69;"MAIRIPORA";"Velocidade Incompatível";"Tombamento";"Com Vítimas Feridas";"Pleno dia";"Decrescente";"Sol";"Dupla";"Curva";"Não";1;0;1;0;0;0;1;1;-23,34887536;-46,56143188;"SPRF-SP";"DEL03-SP";"UOP01-DEL03-SP"
192726;2019-02-21;"quinta-feira";"16:00:00";"MG";381;480,7;"BETIM";"Animais na Pista";"Tombamento";"Com Vítimas Feridas";"Pleno dia";"Crescente";"Céu Claro";"Dupla";"Reta";"Sim";1;0;1;0;0;0;1;1;-19,95796059;-44,05622721;"SPRF-MG";"DEL01-MG";"UOP03-DEL01-MG"
192727;2019-02-21;"quinta-feira";"17:05:00";"BA";101;675;"ITAGIMIRIM";"Falta de Atenção à Condução";"Saída de leito carroçável";"Com Vítimas Feridas";"Pleno dia";"Crescente";"Céu Claro";"Simples";"Reta";"Não";1;0;0;1;0;0;1;1;-16,0255;-39,609;"SPRF-BA";"DEL09-BA";"UOP01-DEL09-BA"
192729;2019-02-21;"quinta-feira";"15:20:00";"PR";376;0;"MANDAGUARI";"Fenômenos da Natureza";"Saída de leito carroçável";"Com Vítimas Fatais";"Pleno dia";"Decrescente";"Chuva";"Dupla";"Viaduto";"Não";2;1;0;0;1;0;0;2;-23,51036934;-51,71728201;"SPRF-PR";"DEL07-PR";"UOP01-DEL09-PR"