"id";"data_inversa";"dia_semana";"horario";"uf";"br";"km";"municipio";"causa_acidente";"tipo_acidente";"classificacao_acidente";"fase_dia";"sentido_via";"condicao_metereologica";"tipo_pista";"tracado_via";"uso_solo";"pessoas";"mortos";"feridos_leves";"feridos_graves";"ilesos";"ignorados";"feridos";"veiculos";"latitude";"longitude";"regional";"delegacia";"uop"
193302;2019-02-24;"domingo";"11:45:00";"SC";470;51;"BLUMENAU";"Falta de Atenção à Condução";"Colisão lateral";"Com Vítimas Feridas";"Pleno dia";"Decrescente";"Céu Claro";"Simples";"Reta;Em Obras";"Sim";2;0;1;0;1;0;1;2;-26,86178753;-49,0825367;"SPRF-SC";"DEL04-SC";"UOP01-DEL04-SC"
193303;2019-02-24;"domingo";"15:00:00";"ES";101;264;"SERRA";"Desobediência às normas de trânsito pelo condutor";"Colisão transversal";"Sem Vítimas";"Pleno dia";"Crescente";"Céu Claro";"Dupla";"Interseção de Vias";"Sim";2;0;0;0;2;0;0;2;-20,17751905;-40,26577603;"SPRF-ES";"DEL02-ES";"UOP01-DEL02-ES"
193305;2019-02-24;"domingo";"14:40:00";"GO";60;23,3;"ALEXANIA";"Pista Escorregadia";"Capotamento";"Com Vítimas Feridas";"Pleno dia";"Crescente";"Chuva";"Dupla";"Retorno Regulamentado";"Não";4;0;4;0;0;0;4;1;-16,0963;-48,5202;"SPRF-DF";"DEL01-DF";"UOP01-DEL03-DF"
193307;2019-02-24;"domingo";"15:15:00";"RJ";101;206;"CASIMIRO DE ABREU";"Falta de Atenção do Pedestre";"Atropelamento de Pedestre";"Com Vítimas Feridas";"Pleno dia";"Crescente";"Nublado";"Simples";"Aclive";"Sim";2;0;1;0;1;0;1;2;-22,476734;-42,201725;"SPRF-RJ";"DEL02-RJ";"UOP04-DEL08-RJ"
193308;2019-02-24;"domingo";"15:30:00";"ES";259;9,4;"JOAO NEIVA";"Falta de Atenção à Condução";"Tombamento";"Com Vítimas Feridas";"Pleno dia";"Crescente";"Céu Claro";"Simples";"Curva";"Não";1;0;0;1;0;0;1;1;-19,680725;-40,391445;"SPRF-ES";"DEL02-ES";"UOP01-DEL02-ES"
193309;2019-02-24;"domingo";"15:20:00";"SP";153;47,3;"SAO JOSE DO RIO PRETO";"Condutor Dormindo";"Colisão com objeto estático";"Com Vítimas Fatais";"Pleno dia";"Decrescente";"Céu Claro";"Simples";"Reta";"Sim";3;1;0;2;0;0;2;1;-20,681963;-49,340157;"SPRF-SP";"DEL09-SP";"UOP01-DEL09-SP"
193310;2019-02-24;"domingo";"15:32:00";"PR";376;650;"TIJUCAS DO SUL";"Falta de Atenção à Condução";"Colisão com objeto estático";"Sem Vítimas";"Pleno dia";"Crescente";"Nublado";"Dupla";"Reta";"Não";5;0;0;0;5;0;0;1;-25,845084;-49,080227;"SPRF-PR";"DEL01-PR";"DEL7/1-UOP08/PR"
193312;2019-02-24;"domingo";"13:35:00";"MG";381;882,3;"ESTIVA";"Mal Súbito";"Colisão com objeto estático";"Com Vítimas Feridas";"Pleno dia";"Decrescente";"Sol";"Dupla";"Reta";"Não";1;0;1;0;0;0;1;1;-22,4837;-46,0108;"SPRF-MG";"DEL16-MG";"UOP01-DEL16-MG"
193313;2019-02-24;"domingo";"16:10:00";"RS";290;96,7;"PORTO ALEGRE";"Ingestão de Álcool";"Colisão com objeto estático";"Sem Vítimas";"Pleno dia";"Decrescente";"Chuva";"Dupla";"Ponte";"Sim";1;0;0;0;1;0;0;1;-29,99841204;-51,20720249;"SPRF-RS";"DEL01-RS";"UOP01-DEL01-RS"
193314;2019-02-24;"domingo";"16:15:00";"PE";232;8;"RECIFE";"Não guardar distância de segurança";"Colisão traseira";"Com Vítimas Feridas";"Pleno dia";"Decrescente";"Sol";"Dupla";"Reta";"Sim";5;0;1;0;3;1;1;5;-8,075855;-34,970215;"SPRF-PE";"DEL01-PE";"UOP01-DEL01-PE"
193315;2019-02-24;"domingo";"15:30:00";"SC";101;214,3;"PALHOCA";"Falta de Atenção à Condução";"Colisão traseira";"Com Vítimas Feridas";"Pleno dia";"Crescente";"Céu Claro";"Dupla";"Viaduto";"Sim";3;0;1;0;2;0;1;2;-27,652;-48,676;"SPRF-SC";"DEL01-SC";"UOP02-DEL01-SC"
193316;2019-02-24;"domingo";"16:15:00";"PB";230;14,9;"JOAO PESSOA";"Defeito Mecânico no Veículo";"Tombamento";"Com Vítimas Feridas";"Pleno dia";"Decrescente";"Céu Claro";"Dupla";"Viaduto";"Sim";1;0;0;1;0;0;1;1;-7,097769;-34,847845;"SPRF-PB";"DEL01-PB";"UOP01-DEL01-PB"
193317;2019-02-24;"domingo";"15:15:00";"RO";364;199,9;"PIMENTA BUENO";"Falta de Atenção à Condução";"Colisão transversal";"Com Vítimas Feridas";"Pleno dia";"Crescente";"Céu Claro";"Simples";"Reta";"Sim";3;0;2;0;1;0;2;2;-11,66155;-61,191055;"SPRF-RO";"DEL02-RO";"UOP02-DEL02-RO"
193318;2019-02-24;"domingo";"16:25:00";"MG";365;613,3;"UBERLANDIA";"Ingestão de Álcool";"Colisão transversal";"Com Vítimas Fatais";"Pleno dia";"Crescente";"Céu Claro";"Simples";"Reta";"Sim";5;1;1;2;0;1;3;3;-18,91538066;-48,21521759;"SPRF-MG";"DEL15-MG";"UOP01-DEL15-MG"
193320;2019-02-24;"domingo";"16:00:00";"GO";40;12,5;"LUZIANIA";"Ingestão de álcool e/ou substâncias psicoativas pelo pedestre";"Atropelamento de Pedestre";"Com Vítimas Feridas";"Pleno dia";"Crescente";"Nublado";"Dupla";"Reta";"Sim";2;0;1;0;0;1;1;2;-16,145123;-47,945382;"SPRF-DF";"DEL01-DF";"UOP01-DEL01-DF"
193321;2019-02-24;"domingo";"16:00:00";"ES";101;262;"SERRA";"Ingestão de Álcool";"Engavetamento";"Sem Vítimas";"Pleno dia";"Crescente";"Sol";"Dupla";"Reta";"Sim";4;0;0;0;4;0;0;4;-20,16990974;-40,2711314;"SPRF-ES";"DEL02-ES";"UOP01-DEL02-ES"
193323;2019-02-24;"domingo";"15:40:00";"SP";116;553;"BARRA DO TURVO";"Condutor Dormindo";"Saída de leito carroçável";"Sem Vítimas";"Pleno dia";"Crescente";"Céu Claro";"Dupla";"Reta";"Não";2;0;0;0;2;0;0;2;-24,97418193;-48,50405037;"SPRF-SP";"DEL05-SP";"UOP02-DEL05-SP"
193324;2019-02-24;"domingo";"15:30:00";"BA";101;212;"GOVERNADOR MANGABEIRA";"Defeito Mecânico no Veículo";"Capotamento";"Sem Vítimas";"Pleno dia";"Decrescente";"Sol";"Simples";"Declive";"Não";2;0;0;0;2;0;0;1;-12,607;-39,067;"SPRF-BA";"DEL01-BA";"UOP03-DEL01-BA"
193325;2019-02-24;"domingo";"13:00:00";"BA";101;515,5;"ITABUNA";"Ultrapassagem Indevida";"Saída de leito carroçável";"Com Vítimas Feridas";"Pleno dia";"Crescente";"Céu Claro";"Simples";"Reta";"Não";6;0;1;0;4;1;1;2;-14,8759;-39,2811;"SPRF-BA";"DEL05-BA";"UOP01-DEL05-BA"
193326;2019-02-24;"domingo";"16:30:00";"SC";101;27;"JOINVILLE";"Desobediência às normas de trânsito pelo condutor";"Tombamento";"Com Vítimas Feridas";"Pleno dia";"Decrescente";"Céu Claro";"Dupla";"Reta";"Sim";1;0;1;0;0;0;1;1;-26,2102;-48,9156;"SPRF-SC";"DEL03-SC";"UOP01-DEL03-SC"
193329;2019-02-24;"domingo";"16:00:00";"GO";60;169;"GOIANIA";"Restrição de Visibilidade";"Colisão lateral";"Com Vítimas Feridas";"Pleno dia";"Decrescente";"Nublado";"Dupla";"Aclive;Retorno Regulamentado;Reta";"Sim";3;0;1;0;2;0;1;2;-16,7269;-49,3822;"SPRF-GO";"DEL01-GO";"UOP02-DEL01-GO"
193332;2019-02-24;"domingo";"17:00:00";"GO";153;438,6;"ANAPOLIS";"Ingestão de Álcool";"Saída de leito carroçável";"Com Vítimas Feridas";"Pleno dia";"Decrescente";"Nublado";"Dupla";"Reta";"Sim";3;0;3;0;0;0;3;1;-16,298529;-48,928207;"SPRF-GO";"DEL02-GO";"UOP01-DEL02-GO"
193333;2019-02-24;"domingo";"16:50:00";"SC";116;203;"PONTE ALTA";"Falta de Atenção à Condução";"Saída de leito carroçável";"Com Vítimas Feridas";"Pleno dia";"Crescente";"Nublado";"Simples";"Reta";"Não";1;0;1;0;0;0;1;1;-27,481998;-50,379116;"SPRF-SC";"DEL05-SC";"UOP03-DEL05-SC"
193334;2019-02-24;"domingo";"16:45:00";"SC";101;319,9;"PESCARIA BRAVA";"Desobediência às normas de trânsito pelo condutor";"Colisão transversal";"Sem Vítimas";"Pleno dia";"Crescente";"Nublado";"Múltipla";"Interseção de Vias";"Sim";2;0;0;0;2;0;0;2;-28,42430259;-48,89591396;"SPRF-SC";"DEL02-SC";"UOP01-DEL02-SC"
193335;2019-02-24;"domingo";"16:00:00";"BA";418;100;"NOVA VICOSA";"Velocidade Incompatível";"Saída de leito carroçável";"Com Vítimas Fatais";"Anoitecer";"Crescente";"Céu Claro";"Simples";"Reta";"Não";1;1;0;0;0;0;0;1;-17,89267925;-39,89828289;"SPRF-BA";"DEL09-BA";"UOP02-DEL09-BA"
193336;2019-02-24;"domingo";"16:10:00";"SC";470;122,5;"IBIRAMA";"Falta de Atenção à Condução";"Saída de leito carroçável";"Sem Vítimas";"Pleno dia";"Crescente";"Chuva";"Simples";"Curva";"Não";1;0;0;0;1;0;0;1;-27,09580402;-49,52682853;"SPRF-SC";"DEL04-SC";"UOP02-DEL04-SC"
193337;2019-02-24;"domingo";"15:50:00";"GO";20;43,5;"FORMOSA";"Não guardar distância de segurança";"Colisão traseira";"Sem Vítimas";"Pleno dia";"Crescente";"Chuva";"Simples";"Reta";"Não";2;0;0;0;2;0;0;2;-15,383402;-47,100285;"SPRF-DF";"DEL02-DF";"UOP01-DEL02-DF"
193338;2019-02-24;"domingo";"17:00:00";"MG";365;12,2;"MONTES CLAROS";"Falta de Atenção à Condução";"Queda de ocupante de veículo";"Com Vítimas Feridas";"Pleno dia";"Crescente";"Céu Claro";"Simples";"Curva";"Não";3;0;2;0;0;1;2;2;-16,84687;-43,965588;"SPRF-MG";"DEL12-MG";"UOP01-DEL12-MG"
193339;2019-02-24;"domingo";"18:10:00";"GO";40;5,5;"VALPARAISO DE GOIAS";"Falta de Atenção à Condução";"Colisão transversal";"Com Vítimas Feridas";"Pleno dia";"Crescente";"Garoa/Chuvisco";"Dupla";"Reta";"Sim";2;0;1;0;1;0;1;2;-16,093134;-47,982236;"SPRF-DF";"DEL01-DF";"UOP01-DEL01-DF"
193340;2019-02-24;"domingo";"18:00:00";"RS";470;194,7;"BENTO GONCALVES";"Falta de Atenção à Condução";"Colisão frontal";"Com Vítimas Feridas";"Anoitecer";"Crescente";"Chuva";"Simples";"Curva";"Não";7;0;5;0;2;0;5;2;-29,05086307;-51,58206247;"SPRF-RS";"DEL06-RS";"UOP01-DEL06-RS"
193342;2019-02-24;"domingo";"16:30:00";"ES";262;59,9;"MARECHAL FLORIANO";"Velocidade Incompatível";"Capotamento";"Com Vítimas Feridas";"Pleno dia";"Crescente";"Chuva";"Simples";"Curva";"Não";1;0;1;0;0;0;1;1;-20,4223;-40,7767;"SPRF-ES";"DEL01-ES";"UOP01-DEL01-ES"
193343;2019-02-24;"domingo";"18:20:00";"RS";290;37;"SANTO ANTONIO DA PATRULHA";"Não guardar distância de segurança";"Colisão traseira";"Com Vítimas Feridas";"Pleno dia";"Crescente";"Nublado";"Múltipla";"Reta";"Não";4;0;2;0;2;0;2;2;-29,885529;-50,62759;"SPRF-RS";"DEL03-RS";"UOP02-DEL03-RS"
193344;2019-02-24;"domingo";"18:40:00";"ES";262;164,6;"IBATIBA";"Falta de Atenção à Condução";"Colisão traseira";"Com Vítimas Feridas";"Plena Noite";"Decrescente";"Céu Claro";"Simples";"Curva";"Não";1;0;0;1;0;0;1;1;-20,24697823;-41,5487051;"SPRF-ES";"DEL01-ES";"UOP02-DEL01-ES"
193345;2019-02-24;"domingo";"18:20:00";"MG";40;523,7;"CONTAGEM";"Avarias e/ou desgaste excessivo no pneu";"Tombamento";"Com Vítimas Feridas";"Anoitecer";"Crescente";"Céu Claro";"Dupla";"Reta";"Sim";2;0;2;0;0;0;2;1;-19,879;-44,051;"SPRF-MG";"DEL01-MG";"UOP03-DEL01-MG"
193346;2019-02-24;"domingo";"16:50:00";"MG";381;710,6;"CARMO DA CACHOEIRA";"Falta de Atenção à Condução";"Colisão com objeto estático";"Com Vítimas Feridas";"Pleno dia";"Decrescente";"Céu Claro";"Dupla";"Reta";"Não";2;0;2;0;0;0;2;1;-21,3588;-45,1894;"SPRF-MG";"DEL04-MG";"UOP02-DEL04-MG"
193348;2019-02-24;"domingo";"17:59:00";"SP";116;302,2;"SAO LOURENCO DA SERRA";"Desobediência às normas de trânsito pelo condutor";"Colisão lateral";"Com Vítimas Feridas";"Anoitecer";"Decrescente";"Céu Claro";"Dupla";"Reta";"Não";2;0;1;0;1;0;1;2;-23,812927;-46,92298385;"SPRF-SP";"DEL04-SP";"UOP01-DEL04-SP"
193349;2019-02-24;"domingo";"18:00:00";"SC";153;95;"CONCORDIA";"Ingestão de álcool e/ou substâncias psicoativas pelo pedestre";"Colisão transversal";"Com Vítimas Feridas";"Pleno dia";"Decrescente";"Céu Claro";"Simples";"Curva";"Sim";3;0;3;0;0;0;3;2;-27,204384;-51,949116;"SPRF-SC";"DEL07-SC";"UOP04-DEL07-SC"
193350;2019-02-24;"domingo";"19:10:00";"MG";354;753,9;"ITAMONTE";"Desobediência às normas de trânsito pelo condutor";"Colisão transversal";"Com Vítimas Feridas";"Plena Noite";"Crescente";"Céu Claro";"Simples";"Reta";"Sim";2;0;0;1;1;0;1;2;-22,28417492;-44,86948828;"SPRF-MG";"DEL16-MG";"UOP02-DEL16-MG"
193356;2019-02-24;"domingo";"17:30:00";"MG";146;604,7;"POCOS DE CALDAS";"Ingestão de álcool e/ou substâncias psicoativas pelo pedestre";"Saída de leito carroçável";"Com Vítimas Feridas";"Anoitecer";"Crescente";"Céu Claro";"Simples";"Reta";"Não";1;0;1;0;0;0;1;1;-21,806482;-46,467304;"SPRF-MG";"DEL13-MG";"UOP01-DEL13-MG"
193358;2019-02-24;"domingo";"18:30:00";"BA";110;169;"RIBEIRA DO POMBAL";"Ingestão de Álcool";"Saída de leito carroçável";"Com Vítimas Feridas";"Plena Noite";"Crescente";"Céu Claro";"Simples";"Declive";"Não";3;0;1;0;2;0;1;1;-10,8156;-38,5297;"SPRF-BA";"DEL07-BA";"UOP02-DEL07-BA"
193359;2019-02-24;"domingo";"18:15:00";"PE";104;66,8;"CARUARU";"Falta de Atenção do Pedestre";"Atropelamento de Pedestre";"Com Vítimas Feridas";"Plena Noite";"Crescente";"Céu Claro";"Dupla";"Declive";"Sim";3;0;0;1;1;1;1;2;-8,2937;-35,9864;"SPRF-PE";"DEL02-PE";"UOP01-DEL02-PE"
193361;2019-02-24;"domingo";"19:20:00";"ES";262;21;"VIANA";"Falta de Atenção à Condução";"Colisão traseira";"Com Vítimas Feridas";"Plena Noite";"Decrescente";"Céu Claro";"Simples";"Reta";"Não";3;0;2;0;0;1;2;2;-20,3816;-40,5036;"SPRF-ES";"DEL01-ES";"UOP01-DEL01-ES"
193362;2019-02-24;"domingo";"19:20:00";"PI";343;340,8;"TERESINA";"Não guardar distância de segurança";"Colisão traseira";"Sem Vítimas";"Plena Noite";"Crescente";"Chuva";"Simples";"Curva";"Sim";2;0;0;0;2;0;0;2;-5,07780163;-42,74390481;"SPRF-PI";"DEL01-PI";"UOP01-DEL01-PI"
193363;2019-02-24;"domingo";"19:50:00";"RS";470;177;"VERANOPOLIS";"Desobediência às normas de trânsito pelo condutor";"Colisão frontal";"Com Vítimas Feridas";"Plena Noite";"Crescente";"Garoa/Chuvisco";"Simples";"Curva";"Não";3;0;2;1;0;0;3;2;-28,92940685;-51,54278934;"SPRF-RS";"DEL06-RS";"UOP02-DEL06-RS"
193364;2019-02-24;"domingo";"19:30:00";"MG";116;179,9;"CARAI";"Falta de Atenção do Pedestre";"Atropelamento de Pedestre";"Com Vítimas Fatais";"Plena Noite";"Crescente";"Céu Claro";"Simples";"Reta";"Não";2;1;0;0;0;1;0;2;-17,082011;-41,484629;"SPRF-MG";"DEL11-MG";"UOP02-DEL11-MG"
193365;2019-02-24;"domingo";"18:30:00";"SC";163;70,3;"SAO MIGUEL DO OESTE";"Ingestão de Álcool";"Colisão traseira";"Com Vítimas Feridas";"Anoitecer";"Decrescente";"Céu Claro";"Dupla";"Reta";"Sim";3;0;1;0;1;1;1;3;-26,734585;-53,506851;"SPRF-SC";"DEL07-SC";"UOP03-DEL07-SC"
193367;2019-02-24;"domingo";"20:00:00";"GO";40;4,5;"VALPARAISO DE GOIAS";"Defeito na Via";"Colisão traseira";"Com Vítimas Feridas";"Plena Noite";"Crescente";"Céu Claro";"Dupla";"Reta";"Sim";3;0;1;0;2;0;1;2;-16,09088739;-47,98366249;"SPRF-DF";"DEL01-DF";"UOP01-DEL01-DF"
193368;2019-02-24;"domingo";"19:25:00";"ES";482;102;"GUACUI";"Ingestão de Álcool";"Capotamento";"Com Vítimas Fatais";"Plena Noite";"Crescente";"Céu Claro";"Simples";"Reta";"Não";2;1;1;0;0;0;1;1;-20,779398;-41,645065;"SPRF-ES";"DEL03-ES";"UOP02-DEL03-ES"
193370;2019-02-24;"domingo";"19:50:00";"PR";376;174,2;"MARINGA";"Falta de Atenção do Pedestre";"Atropelamento de Pedestre";"Com Vítimas Feridas";"Plena Noite";"Crescente";"Céu Claro";"Dupla";"Reta";"Sim";2;0;1;0;1;0;1;2;-23,411356;-51,940777;"SPRF-PR";"DEL07-PR";"UOP01-DEL09-PR"
193373;2019-02-24;"domingo";"20:20:00";"RS";392;351,9;"SANTA MARIA";"Ingestão de Álcool";"Colisão transversal";"Com Vítimas Feridas";"Plena Noite";"Crescente";"Nublado";"Simples";"Declive;Reta";"Não";3;0;2;0;0;1;2;3;-29,72652046;-53,80498409;"SPRF-RS";"DEL09-RS";"UOP01-DEL09-RS"
193374;2019-02-24;"domingo";"17:40:00";"SC";282;409;"CATANDUVAS";"Falta de Atenção à Condução";"Colisão lateral";"Com Vítimas Feridas";"Pleno dia";"Decrescente";"Céu Claro";"Simples";"Curva";"Sim";3;0;1;0;2;0;1;2;-27,065756;-51,664165;"SPRF-SC";"DEL07-SC";"UOP05-DEL07-SC"
193375;2019-02-24;"domingo";"20:25:00";"PR";376;168;"MARINGA";"Ingestão de Álcool";"Colisão traseira";"Com Vítimas Feridas";"Plena Noite";"Crescente";"Céu Claro";"Dupla";"Reta";"Não";3;0;3;0;0;0;3;3;-23,409788;-51,987453;"SPRF-PR";"DEL07-PR";"UOP01-DEL09-PR"
193376;2019-02-24;"domingo";"20:00:00";"ES";101;70,2;"SAO MATEUS";"Animais na Pista";"Atropelamento de Animal";"Com Vítimas Feridas";"Plena Noite";"Decrescente";"Céu Claro";"Simples";"Reta";"Não";2;0;1;0;1;0;1;2;-18,74766834;-39,86202478;"SPRF-ES";"DEL04-ES";"UOP02-DEL04-ES"
193377;2019-02-24;"domingo";"20:00:00";"AL";104;47,1;"BRANQUINHA";"Falta de Atenção do Pedestre";"Atropelamento de Pedestre";"Com Vítimas Fatais";"Plena Noite";"Crescente";"Céu Claro";"Simples";"Curva";"Não";2;1;0;0;0;1;0;2;-9,2457014;-36,00588206;"SPRF-AL";"DEL01-AL";"UOP02-DEL01-AL"
193379;2019-02-24;"domingo";"19:09:00";"RJ";101;209,3;"CASIMIRO DE ABREU";"Falta de Atenção à Condução";"Tombamento";"Com Vítimas Feridas";"Anoitecer";"Decrescente";"Nublado";"Dupla";"Curva";"Não";1;0;1;0;0;0;1;1;-22,481339;-42,229309;"SPRF-RJ";"DEL02-RJ";"UOP04-DEL08-RJ"
193380;2019-02-24;"domingo";"20:30:00";"RJ";116;135;"MAGE";"Velocidade Incompatível";"Colisão com objeto estático";"Com Vítimas Feridas";"Plena Noite";"Decrescente";"Nublado";"Dupla";"Curva";"Sim";3;0;2;0;1;0;2;1;-22,652248;-43,163132;"SPRF-RJ";"DEL04-RJ";"UOP02-DEL04-RJ"
193381;2019-02-24;"domingo";"20:20:00";"MG";262;37,4;"MANHUACU";"Não guardar distância de segurança";"Colisão traseira";"Com Vítimas Feridas";"Plena Noite";"Crescente";"Céu Claro";"Simples";"Curva";"Sim";2;0;1;0;1;0;1;2;-20,25749;-42,030487;"SPRF-MG";"DEL06-MG";"UOP03-DEL06-MG"
193383;2019-02-24;"domingo";"19:50:00";"SC";101;164;"TIJUCAS";"Restrição de Visibilidade";"Saída de leito carroçável";"Com Vítimas Feridas";"Plena Noite";"Crescente";"Chuva";"Dupla";"Declive";"Sim";2;0;1;0;1;0;1;1;-27,2505;-48,6311;"SPRF-SC";"DEL04-SC";"UOP03-DEL04-SC"
193384;2019-02-24;"domingo";"21:15:00";"MG";381;505,5;"BETIM";"Ingestão de Álcool";"Colisão com objeto estático";"Com Vítimas Feridas";"Plena Noite";"Crescente";"Céu Claro";"Dupla";"Reta";"Não";2;0;2;0;0;0;2;1;-20,0384;-44,2529;"SPRF-MG";"DEL01-MG";"UOP03-DEL01-MG"
193385;2019-02-24;"domingo";"21:20:00";"RS";392;120,5;"CANGUCU";"Animais na Pista";"Atropelamento de Animal";"Com Vítimas Feridas";"Plena Noite";"Decrescente";"Chuva";"Simples";"Declive";"Não";2;0;2;0;0;0;2;1;-31,391397;-52,688766;"SPRF-RS";"DEL07-RS";"UOP01-DEL07-RS"
193387;2019-02-24;"domingo";"21:30:00";"PE";423;134,5;"CARUARU";"Condutor Dormindo";"Capotamento";"Com Vítimas Feridas";"Plena Noite";"Decrescente";"Céu Claro";"Simples";"Reta;Declive";"Sim";1;0;1;0;0;0;1;1;-8,30997274;-36,02823768;"SPRF-PE";"DEL03-PE";"UOP01-DEL03-PE"
193388;2019-02-24;"domingo";"20:30:00";"SC";101;243,5;"PALHOCA";"Pista Escorregadia";"Queda de ocupante de veículo";"Com Vítimas Feridas";"Plena Noite";"Decrescente";"Chuva";"Dupla";"Reta";"Não";2;0;2;0;0;0;2;1;-27,8961;-48,6484;"SPRF-SC";"DEL01-SC";"UOP02-DEL01-SC"
193389;2019-02-24;"domingo";"19:25:00";"SC";280;103,8;"SAO BENTO DO SUL";"Falta de Atenção à Condução";"Colisão traseira";"Com Vítimas Feridas";"Anoitecer";"Crescente";"Céu Claro";"Simples";"Aclive;Curva";"Não";5;0;2;1;2;0;3;3;-26,359613;-49,346687;"SPRF-SC";"DEL06-SC";"UOP03-DEL06-SC"
193390;2019-02-24;"domingo";"21:30:00";"PE";116;27,4;"SALGUEIRO";"Desobediência às normas de trânsito pelo condutor";"Colisão lateral";"Com Vítimas Feridas";"Plena Noite";"Decrescente";"Céu Claro";"Simples";"Curva";"Sim";4;0;3;0;1;0;3;2;-8,078546;-39,130867;"SPRF-PE";"DEL05-PE";"UOP01-DEL05-PE"
193392;2019-02-24;"domingo";"22:30:00";"PB";101;93,5;"CONDE";"Animais na Pista";"Atropelamento de Animal";"Com Vítimas Feridas";"Plena Noite";"Decrescente";"Nublado";"Dupla";"Reta";"Não";1;0;1;0;0;0;1;1;-7,2156;-34,912;"SPRF-PB";"DEL01-PB";"UOP01-DEL01-PB"
193393;2019-02-24;"domingo";"20:45:00";"BA";101;220;"CRUZ DAS ALMAS";"Ingestão de Álcool";"Atropelamento de Animal";"Com Vítimas Feridas";"Plena Noite";"Crescente";"Céu Claro";"Simples";"Reta";"Sim";2;0;0;2;0;0;2;1;-12,6665;-39,1305;"SPRF-BA";"DEL01-BA";"UOP02-DEL01-BA"
193394;2019-02-24;"domingo";"21:30:00";"CE";20;202,1;"BOA VIAGEM";"Mal Súbito";"Saída de leito carroçável";"Com Vítimas Fatais";"Plena Noite";"Decrescente";"Céu Claro";"Simples";"Curva";"Sim";2;1;1;0;0;0;1;1;-5,128491;-39,737999;"SPRF-CE";"DEL02-CE";"UOP02-DEL02-CE"
193397;2019-02-24;"domingo";"22:25:00";"PR";369;27,9;"CAMBARA";"Ingestão de Álcool";"Capotamento";"Com Vítimas Feridas";"Plena Noite";"Crescente";"Céu Claro";"Simples";"Reta";"Não";1;0;0;1;0;0;1;1;-23,02223601;-50,03141642;"SPRF-PR";"DEL07-PR";"UOP05-DEL07-PR"
193398;2019-02-24;"domingo";"20:55:00";"BA";418;87;"CARAVELAS";"Ingestão de Álcool";"Colisão traseira";"Com Vítimas Feridas";"Plena Noite";"Crescente";"Nublado";"Simples";"Reta";"Não";4;0;3;0;1;0;3;2;-17,734264;-39,553185;"SPRF-BA";"DEL09-BA";"UOP02-DEL09-BA"
193399;2019-02-24;"domingo";"20:00:00";"RO";435;73;"COLORADO DO OESTE";"Falta de Atenção à Condução";"Colisão traseira";"Com Vítimas Feridas";"Plena Noite";"Crescente";"Garoa/Chuvisco";"Simples";"Declive";"Não";7;0;4;1;2;0;5;2;-13,103749;-60,427357;"SPRF-RO";"DEL04-RO";"UOP02-DEL04-RO"
193401;2019-02-24;"domingo";"22:40:00";"PE";101;94;"CABO DE SANTO AGOSTINHO";"Ingestão de Álcool";"Colisão frontal";"Sem Vítimas";"Plena Noite";"Crescente";"Céu Claro";"Simples";"Curva";"Sim";2;0;0;0;2;0;0;2;-8,2494;-35,0088;"SPRF-PE";"DEL01-PE";"UOP03-DEL01-PE"
193403;2019-02-24;"domingo";"21:38:00";"SP";116;56,3;"LORENA";"Defeito Mecânico no Veículo";"Colisão com objeto estático";"Com Vítimas Feridas";"Plena Noite";"Crescente";"Céu Claro";"Dupla";"Reta";"Não";1;0;1;0;0;0;1;1;-22,769072;-45,130444;"SPRF-SP";"DEL08-SP";"UOP01-DEL08-SP"
193404;2019-02-24;"domingo";"21:40:00";"MT";163;1041;"MATUPA";"Ingestão de Álcool";"Colisão com objeto estático";"Com Vítimas Fatais";"Plena Noite";"Crescente";"Céu Claro";"Simples";"Rotatória";"Sim";1;1;0;0;0;0;0;1;-10,16622968;-54,93719372;"SPRF-MT";"DEL06-MT";"UOP02-DEL06-MT"
193406;2019-02-24;"domingo";"18:00:00";"SC";280;304,7;"PORTO UNIAO";"Ingestão de Álcool";"Colisão transversal";"Com Vítimas Feridas";"Anoitecer";"Crescente";"Céu Claro";"Simples";"Reta";"Sim";2;0;0;1;1;0;1;2;-26,296299;-50,915482;"SPRF-SC";"DEL06-SC";"UOP04-DEL06-SC"
193408;2019-02-24;"domingo";"22:40:00";"PR";277;586,2;"CASCAVEL";"Desobediência às normas de trânsito pelo condutor";"Colisão transversal";"Com Vítimas Feridas";"Plena Noite";"Crescente";"Céu Claro";"Simples";"Interseção de Vias";"Não";2;0;1;0;0;1;1;2;-24,96689881;-53,42463613;"SPRF-PR";"DEL04-PR";"UOP01-DEL04-PR"
193409;2019-02-24;"domingo";"22:50:00";"MG";381;6,1;"BETIM";"Animais na Pista";"Atropelamento de Animal";"Com Vítimas Feridas";"Plena Noite";"Decrescente";"Céu Claro";"Dupla";"Reta";"Sim";5;0;2;0;3;0;2;3;-19,96825;-44,198708;"SPRF-MG";"DEL01-MG";"UOP03-DEL01-MG"
193410;2019-02-24;"domingo";"22:40:00";"PB";230;24;"JOAO PESSOA";"Ingestão de Álcool";"Saída de leito carroçável";"Com Vítimas Fatais";"Plena Noite";"Crescente";"Céu Claro";"Dupla";"Reta";"Sim";1;1;0;0;0;0;0;1;-7,1637;-34,8618;"SPRF-PB";"DEL01-PB";"UOP01-DEL01-PB"
193412;2019-02-24;"domingo";"18:40:00";"SC";470;124;"IBIRAMA";"Velocidade Incompatível";"Saída de leito carroçável";"Com Vítimas Feridas";"Plena Noite";"Crescente";"Chuva";"Simples";"Curva";"Não";3;0;2;1;0;0;3;1;-27,113192;-49,529163;"SPRF-SC";"DEL04-SC";"UOP02-DEL04-SC"