"id";"data_inversa";"dia_semana";"horario";"uf";"br";"km";"municipio";"causa_acidente";"tipo_acidente";"classificacao_acidente";"fase_dia";"sentido_via";"condicao_metereologica";"tipo_pista";"tracado_via";"uso_solo";"pessoas";"mortos";"feridos_leves";"feridos_graves";"ilesos";"ignorados";"feridos";"veiculos";"latitude";"longitude";"regional";"delegacia";"uop"
193657;2019-02-26;"terça-feira";"06:40:00";"MG";116;420,3;"GOVERNADOR VALADARES";"Falta de Atenção à Condução";"Colisão transversal";"Com Vítimas Feridas";"Pleno dia";"Crescente";"Céu Claro";"Simples";"Reta";"Não";2;0;2;0;0;0;2;2;-18,927373;-41,939308;"SPRF-MG";"DEL06-MG";"UOP01-DEL06-MG"
193658;2019-02-25;"segunda-feira";"10:30:00";"SC";116;149;"SANTA CECILIA";"Desobediência às normas de trânsito pelo condutor";"Saída de leito carroçável";"Com Vítimas Feridas";"Plena Noite";"Crescente";"Chuva";"Simples";"Reta";"Não";2;0;2;0;0;0;2;1;-27,042859;-50,426427;"SPRF-SC";"DEL06-SC";"UOP02-DEL06-SC"
193659;2019-02-26;"terça-feira";"06:30:00";"GO";60;92;"ANAPOLIS";"Falta de Atenção à Condução";"Colisão traseira";"Com Vítimas Feridas";"Pleno dia";"Decrescente";"Céu Claro";"Dupla";"Reta";"Sim";4;0;1;0;3;0;1;2;-16,353;-48,9178;"SPRF-GO";"DEL02-GO";"UOP01-DEL02-GO"
193660;2019-02-26;"terça-feira";"07:05:00";"ES";101;204,7;"JOAO NEIVA";"Desobediência às normas de trânsito pelo condutor";"Colisão transversal";"Com Vítimas Feridas";"Pleno dia";"Crescente";"Céu Claro";"Simples";"Interseção de Vias";"Sim";3;0;2;0;0;1;2;2;-19,7556133;-40,3801651;"SPRF-ES";"DEL02-ES";"UOP01-DEL02-ES"
193661;2019-02-26;"terça-feira";"07:40:00";"PB";230;22,9;"JOAO PESSOA";"Desobediência às normas de trânsito pelo condutor";"Colisão lateral";"Com Vítimas Feridas";"Pleno dia";"Decrescente";"Céu Claro";"Dupla";"Reta";"Sim";4;0;2;0;2;0;2;3;-7,1495;-34,8517;"SPRF-PB";"DEL01-PB";"UOP01-DEL01-PB"
193663;2019-02-26;"terça-feira";"01:30:00";"SC";282;477;"VARGEAO";"Falta de Atenção à Condução";"Capotamento";"Com Vítimas Feridas";"Plena Noite";"Crescente";"Nublado";"Simples";"Curva";"Não";4;0;3;0;1;0;3;1;-26,882938;-52,178337;"SPRF-SC";"DEL07-SC";"UOP01-DEL07-SC"
193665;2019-02-13;"quarta-feira";"12:40:00";"RJ";101;81;"CAMPOS DOS GOYTACAZES";"Pista Escorregadia";"Colisão transversal";"Com Vítimas Feridas";"Pleno dia";"Decrescente";"Chuva";"Simples";"Curva";"Não";4;0;3;0;1;0;3;2;-21,83109589;-41,4520061;"SPRF-RJ";"DEL08-RJ";"UOP02-DEL08-RJ"
193666;2019-02-26;"terça-feira";"08:00:00";"PE";232;105,8;"BEZERROS";"Defeito na Via";"Capotamento";"Com Vítimas Feridas";"Pleno dia";"Decrescente";"Sol";"Dupla";"Reta";"Não";1;0;1;0;0;0;1;1;-8,26365;-35,79085;"SPRF-PE";"DEL02-PE";"UOP03-DEL02-PE"
193667;2019-02-26;"terça-feira";"08:10:00";"PR";369;173,5;"ROLANDIA";"Falta de Atenção à Condução";"Colisão frontal";"Com Vítimas Feridas";"Pleno dia";"Decrescente";"Nublado";"Simples";"Interseção de Vias";"Sim";4;0;3;0;1;0;3;2;-23,31276487;-51,37277305;"SPRF-PR";"DEL07-PR";"UOP01-DEL07-PR"
193668;2019-02-26;"terça-feira";"07:30:00";"SC";101;206;"SAO JOSE";"Falta de Atenção à Condução";"Colisão traseira";"Com Vítimas Feridas";"Pleno dia";"Crescente";"Céu Claro";"Múltipla";"Reta";"Sim";3;0;1;0;2;0;1;2;-27,6001;-48,6225;"SPRF-SC";"DEL01-SC";"UOP01-DEL01-SC"
193669;2019-02-26;"terça-feira";"08:20:00";"PE";104;66;"CARUARU";"Falta de Atenção à Condução";"Colisão lateral";"Com Vítimas Feridas";"Pleno dia";"Decrescente";"Céu Claro";"Dupla";"Aclive";"Não";3;0;0;2;1;0;2;2;-8,2937;-35,9864;"SPRF-PE";"DEL02-PE";"UOP01-DEL02-PE"
193670;2019-02-26;"terça-feira";"07:20:00";"PR";116;118;"CURITIBA";"Falta de Atenção à Condução";"Colisão traseira";"Com Vítimas Feridas";"Pleno dia";"Decrescente";"Nublado";"Dupla";"Reta";"Sim";3;0;1;0;2;0;1;3;-25,544559;-49,30146;"SPRF-PR";"DEL01-PR";"UOP07-DEL01-PR"
193672;2019-02-26;"terça-feira";"08:00:00";"SC";470;70;"INDAIAL";"Falta de Atenção à Condução";"Colisão traseira";"Com Vítimas Feridas";"Pleno dia";"Crescente";"Nublado";"Simples";"Reta";"Sim";2;0;1;0;1;0;1;2;-26,889374;-49,254478;"SPRF-SC";"DEL04-SC";"UOP01-DEL04-SC"
193673;2019-02-26;"terça-feira";"08:30:00";"DF";70;9;"BRASILIA";"Desobediência às normas de trânsito pelo condutor";"Queda de ocupante de veículo";"Com Vítimas Feridas";"Pleno dia";"Decrescente";"Céu Claro";"Dupla";"Curva";"Sim";1;0;1;0;0;0;1;1;-15,784615;-48,132023;"SPRF-DF";"DEL01-DF";"UOP02-DEL03-DF"
193674;2019-02-26;"terça-feira";"07:55:00";"PR";277;2,7;"PARANAGUA";"Falta de Atenção à Condução";"Colisão lateral";"Com Vítimas Feridas";"Pleno dia";"Decrescente";"Garoa/Chuvisco";"Dupla";"Reta";"Sim";2;0;0;1;1;0;1;2;-25,5313333;-48,52901643;"SPRF-PR";"DEL01-PR";"UOP05-DEL01-PR"
193675;2019-02-26;"terça-feira";"08:30:00";"PR";476;123;"CURITIBA";"Não guardar distância de segurança";"Colisão lateral";"Com Vítimas Feridas";"Pleno dia";"Crescente";"Nublado";"Dupla";"Em Obras";"Sim";3;0;1;0;2;0;1;3;-25,392904;-49,209557;"SPRF-PR";"DEL01-PR";"UOP07-DEL01-PR"
193676;2019-02-26;"terça-feira";"08:40:00";"SP";116;541;"BARRA DO TURVO";"Pista Escorregadia";"Colisão com objeto estático";"Com Vítimas Feridas";"Pleno dia";"Crescente";"Chuva";"Dupla";"Reta";"Não";1;0;1;0;0;0;1;1;-25,01903988;-48,51081848;"SPRF-SP";"DEL05-SP";"UOP02-DEL05-SP"
193677;2019-02-26;"terça-feira";"08:30:00";"PR";376;174;"MARINGA";"Defeito na Via";"Tombamento";"Com Vítimas Feridas";"Pleno dia";"Crescente";"Chuva";"Dupla";"Interseção de Vias";"Sim";1;0;0;1;0;0;1;1;-23,411356;-51,940777;"SPRF-PR";"DEL07-PR";"UOP01-DEL09-PR"
193682;2019-02-26;"terça-feira";"08:40:00";"PI";316;309;"PICOS";"Falta de Atenção à Condução";"Colisão transversal";"Com Vítimas Feridas";"Pleno dia";"Crescente";"Céu Claro";"Simples";"Rotatória";"Sim";2;0;1;0;1;0;1;2;-7,07540413;-41,4671874;"SPRF-PI";"DEL04-PI";"UOP01-DEL04-PI"
193684;2019-01-05;"sábado";"09:00:00";"RJ";101;310;"SAO GONCALO";"Animais na Pista";"Colisão traseira";"Com Vítimas Feridas";"Pleno dia";"Crescente";"Nublado";"Dupla";"Reta";"Não";6;0;1;0;5;0;1;3;-22,80461545;-43,05961014;"SPRF-RJ";"DEL02-RJ";"DEL5/2-UOP04/RJ"
193685;2019-02-26;"terça-feira";"08:50:00";"PR";116;124;"FAZENDA RIO GRANDE";"Falta de Atenção à Condução";"Colisão lateral";"Com Vítimas Feridas";"Pleno dia";"Decrescente";"Garoa/Chuvisco";"Dupla";"Reta";"Não";2;0;0;1;1;0;1;2;-25,621508;-49,316216;"SPRF-PR";"DEL01-PR";"UOP03-DEL01-PR"
193686;2019-02-09;"sábado";"11:10:00";"RJ";116;203;"SEROPEDICA";"Falta de Atenção à Condução";"Queda de ocupante de veículo";"Com Vítimas Feridas";"Pleno dia";"Crescente";"Sol";"Dupla";"Declive";"Não";1;0;1;0;0;0;1;1;-22,730928;-43,622559;"SPRF-RJ";"DEL01-RJ";"UOP03-DEL01-RJ"
193690;2019-02-26;"terça-feira";"09:55:00";"RN";304;34,6;"MOSSORO";"Velocidade Incompatível";"Saída de leito carroçável";"Com Vítimas Feridas";"Pleno dia";"Decrescente";"Céu Claro";"Dupla";"Viaduto";"Sim";1;0;1;0;0;0;1;1;-5,152564;-37,34874;"SPRF-RN";"DEL04-RN";"UOP02-DEL04-RN"
193691;2019-02-16;"sábado";"18:40:00";"AL";104;34;"UNIAO DOS PALMARES";"Ingestão de Álcool";"Colisão lateral";"Com Vítimas Feridas";"Plena Noite";"Crescente";"Céu Claro";"Simples";"Reta";"Sim";3;0;0;2;1;0;2;2;-9,15141778;-36,01344109;"SPRF-AL";"DEL01-AL";"UOP02-DEL01-AL"
193694;2019-02-26;"terça-feira";"09:30:00";"SP";381;79;"SAO PAULO";"Falta de Atenção à Condução";"Colisão com objeto estático";"Com Vítimas Feridas";"Pleno dia";"Crescente";"Chuva";"Dupla";"Curva";"Sim";2;0;1;0;1;0;1;1;-23,40519601;-46,57976771;"SPRF-SP";"DEL03-SP";"UOP01-DEL03-SP"
193696;2019-02-26;"terça-feira";"09:00:00";"RJ";40;120;"DUQUE DE CAXIAS";"Desobediência às normas de trânsito pelo condutor";"Colisão lateral";"Com Vítimas Feridas";"Pleno dia";"Crescente";"Céu Claro";"Múltipla";"Reta";"Sim";2;0;1;0;1;0;1;2;-22,78876386;-43,28561783;"SPRF-RJ";"DEL01-RJ";"UOP01-DEL01-RJ"
193697;2019-02-26;"terça-feira";"09:55:00";"RS";386;406;"TRIUNFO";"Falta de Atenção à Condução";"Tombamento";"Com Vítimas Feridas";"Pleno dia";"Crescente";"Céu Claro";"Dupla";"Rotatória";"Não";1;0;1;0;0;0;1;1;-29,780762;-51,551392;"SPRF-RS";"DEL04-RS";"UOP02-DEL04-RS"
193699;2019-02-26;"terça-feira";"09:20:00";"MG";40;554;"NOVA LIMA";"Defeito Mecânico no Veículo";"Incêndio";"Com Vítimas Feridas";"Pleno dia";"Crescente";"Céu Claro";"Dupla";"Reta";"Não";2;0;1;0;1;0;1;2;-20,0858;-43,9765;"SPRF-MG";"DEL01-MG";"UOP02-DEL01-MG"
193700;2019-02-26;"terça-feira";"10:15:00";"CE";20;417;"MARACANAU";"Desobediência às normas de trânsito pelo condutor";"Colisão lateral";"Com Vítimas Feridas";"Pleno dia";"Decrescente";"Céu Claro";"Dupla";"Reta;Em Obras";"Sim";2;0;0;1;1;0;1;2;-3,84292039;-38,59119415;"SPRF-CE";"DEL01-CE";"UOP02-DEL01-CE"
193702;2019-02-26;"terça-feira";"08:50:00";"GO";153;493;"GOIANIA";"Defeito Mecânico no Veículo";"Colisão com objeto estático";"Com Vítimas Feridas";"Pleno dia";"Decrescente";"Nublado";"Múltipla";"Reta";"Sim";2;0;0;1;1;0;1;2;-16,6537;-49,2172;"SPRF-GO";"DEL01-GO";"UOP01-DEL01-GO"
193703;2019-02-26;"terça-feira";"10:40:00";"SP";116;228;"GUARULHOS";"Velocidade Incompatível";"Colisão traseira";"Com Vítimas Feridas";"Pleno dia";"Crescente";"Sol";"Múltipla";"Reta";"Sim";3;0;1;0;2;0;1;2;-23,50331577;-46,56686068;"SPRF-SP";"DEL01-SP";"UOP01-DEL01-SP"
193705;2019-02-26;"terça-feira";"09:40:00";"RJ";116;181,9;"NOVA IGUACU";"Não guardar distância de segurança";"Queda de ocupante de veículo";"Com Vítimas Feridas";"Pleno dia";"Decrescente";"Nublado";"Dupla";"Reta";"Sim";3;0;2;0;1;0;2;2;-22,761312;-43,423492;"SPRF-RJ";"DEL01-RJ";"UOP02-DEL01-RJ"
193706;2019-02-26;"terça-feira";"10:00:00";"PR";116;39;"CAMPINA GRANDE DO SUL";"Pista Escorregadia";"Saída de leito carroçável";"Com Vítimas Feridas";"Pleno dia";"Crescente";"Chuva";"Dupla";"Curva";"Não";2;0;2;0;0;0;2;1;-25,156248;-48,86134;"SPRF-PR";"DEL01-PR";"UOP02-DEL01-PR"
193707;2019-02-26;"terça-feira";"09:30:00";"SC";116;245,6;"LAGES";"Desobediência às normas de trânsito pelo condutor";"Colisão transversal";"Com Vítimas Feridas";"Pleno dia";"Decrescente";"Nublado";"Simples";"Interseção de Vias";"Sim";2;0;1;0;1;0;1;2;-27,79992404;-50,36341086;"SPRF-SC";"DEL05-SC";"UOP02-DEL05-SC"
193710;2019-02-26;"terça-feira";"10:00:00";"PI";135;110;"BERTOLINIA";"Pista Escorregadia";"Saída de leito carroçável";"Sem Vítimas";"Pleno dia";"Decrescente";"Chuva";"Simples";"Curva";"Não";1;0;0;0;1;0;0;1;-7,534732;-43,920376;"SPRF-PI";"DEL03-PI";"UOP01-DEL03-PI"
193713;2019-02-26;"terça-feira";"11:10:00";"PR";376;187;"MARIALVA";"Desobediência às normas de trânsito pelo condutor";"Colisão traseira";"Com Vítimas Feridas";"Pleno dia";"Crescente";"Chuva";"Dupla";"Reta";"Não";3;0;0;1;1;1;1;3;-23,46371873;-51,83246613;"SPRF-PR";"DEL07-PR";"UOP01-DEL09-PR"
193714;2019-02-26;"terça-feira";"11:25:00";"RS";470;208;"BENTO GONCALVES";"Falta de Atenção à Condução";"Colisão transversal";"Com Vítimas Feridas";"Pleno dia";"Decrescente";"Nublado";"Simples";"Reta";"Não";4;0;2;0;2;0;2;2;-29,10469951;-51,54362532;"SPRF-RS";"DEL06-RS";"UOP01-DEL06-RS"
193717;2019-02-26;"terça-feira";"09:10:00";"AC";364;135,9;"RIO BRANCO";"Falta de Atenção à Condução";"Colisão lateral";"Com Vítimas Feridas";"Pleno dia";"Decrescente";"Céu Claro";"Dupla";"Reta";"Sim";2;0;1;0;1;0;1;2;-9,977578;-67,8489;"SPRF-AC";"DEL01-AC";"UOP01-DEL01-AC"
193720;2019-02-26;"terça-feira";"10:40:00";"MG";381;497;"BETIM";"Mal Súbito";"Danos eventuais";"Com Vítimas Feridas";"Pleno dia";"Decrescente";"Céu Claro";"Dupla";"Reta";"Sim";1;0;1;0;0;0;1;1;-19,9874;-44,2038;"SPRF-MG";"DEL01-MG";"UOP03-DEL01-MG"
193721;2019-02-26;"terça-feira";"12:30:00";"SC";101;204;"SAO JOSE";"Falta de Atenção à Condução";"Colisão lateral";"Com Vítimas Feridas";"Pleno dia";"Decrescente";"Nublado";"Múltipla";"Aclive;Reta";"Sim";2;0;1;0;1;0;1;2;-27,5832;-48,6151;"SPRF-SC";"DEL01-SC";"UOP01-DEL01-SC"
193722;2019-02-26;"terça-feira";"12:20:00";"SP";116;455,5;"REGISTRO";"Falta de Atenção à Condução";"Colisão traseira";"Com Vítimas Feridas";"Pleno dia";"Crescente";"Nublado";"Dupla";"Curva";"Não";5;0;0;1;2;2;1;3;-24,57667044;-47,88417935;"SPRF-SP";"DEL05-SP";"UOP01-DEL05-SP"
193723;2019-02-26;"terça-feira";"12:30:00";"RS";158;324,3;"SANTA MARIA";"Ultrapassagem Indevida";"Colisão lateral";"Com Vítimas Feridas";"Pleno dia";"Decrescente";"Céu Claro";"Dupla";"Reta";"Sim";2;0;0;1;1;0;1;2;-29,697626;-53,788464;"SPRF-RS";"DEL09-RS";"UOP01-DEL09-RS"
193724;2019-02-26;"terça-feira";"11:20:00";"RO";319;63;"PORTO VELHO";"Falta de Atenção à Condução";"Colisão lateral";"Com Vítimas Feridas";"Pleno dia";"Crescente";"Céu Claro";"Múltipla";"Reta";"Sim";2;0;1;0;1;0;1;2;-8,76227323;-63,88537559;"SPRF-RO";"DEL01-RO";"UOP01-DEL01-RO"
193725;2019-02-26;"terça-feira";"09:10:00";"RO";421;1;"ARIQUEMES";"Falta de Atenção à Condução";"Colisão traseira";"Sem Vítimas";"Pleno dia";"Crescente";"Céu Claro";"Simples";"Declive";"Sim";2;0;0;0;2;0;0;2;-9,920987;-63,063728;"SPRF-RO";"DEL03-RO";"DEL21/3-UOP04/RO"
193727;2019-02-26;"terça-feira";"13:15:00";"PR";369;138;"IBIPORA";"Falta de Atenção à Condução";"Colisão transversal";"Com Vítimas Feridas";"Pleno dia";"Crescente";"Chuva";"Dupla";"Interseção de Vias";"Sim";3;0;1;1;1;0;2;2;-23,27345578;-51,05627239;"SPRF-PR";"DEL07-PR";"UOP01-DEL07-PR"
193731;2019-02-26;"terça-feira";"10:45:00";"MS";163;670,5;"RIO VERDE DE MATO GROSSO";"Velocidade Incompatível";"Saída de leito carroçável";"Com Vítimas Feridas";"Pleno dia";"Decrescente";"Chuva";"Simples";"Curva";"Não";2;0;2;0;0;0;2;1;-18,99717543;-54,83368635;"SPRF-MS";"DEL06-MS";"UOP02-DEL06-MS"
193732;2019-02-26;"terça-feira";"13:30:00";"SC";101;134;"BALNEARIO CAMBORIU";"Desobediência às normas de trânsito pelo condutor";"Colisão transversal";"Com Vítimas Feridas";"Pleno dia";"Crescente";"Nublado";"Dupla";"Interseção de Vias";"Sim";2;0;1;0;1;0;1;2;-27,0049;-48,6266;"SPRF-SC";"DEL04-SC";"UOP03-DEL04-SC"
193733;2019-02-26;"terça-feira";"10:35:00";"ES";262;1,1;"CARIACICA";"Falta de Atenção à Condução";"Colisão com objeto estático";"Com Vítimas Feridas";"Pleno dia";"Decrescente";"Céu Claro";"Múltipla";"Reta";"Sim";2;0;1;0;1;0;1;1;-20,3331624;-40,35691783;"SPRF-ES";"DEL01-ES";"UOP01-DEL01-ES"
193735;2019-02-26;"terça-feira";"13:30:00";"RJ";101;67;"CAMPOS DOS GOYTACAZES";"Não guardar distância de segurança";"Engavetamento";"Com Vítimas Feridas";"Pleno dia";"Decrescente";"Céu Claro";"Simples";"Reta";"Sim";4;0;1;0;3;0;1;3;-21,767511;-41,348763;"SPRF-RJ";"DEL08-RJ";"UOP02-DEL08-RJ"
193736;2019-02-26;"terça-feira";"14:00:00";"SC";470;51;"BLUMENAU";"Desobediência às normas de trânsito pelo condutor";"Colisão frontal";"Com Vítimas Feridas";"Pleno dia";"Crescente";"Nublado";"Simples";"Interseção de Vias";"Sim";2;0;1;0;1;0;1;2;-26,862339;-49,084038;"SPRF-SC";"DEL04-SC";"UOP01-DEL04-SC"
193737;2019-02-26;"terça-feira";"13:45:00";"PR";277;726,4;"FOZ DO IGUACU";"Desobediência às normas de trânsito pelo condutor";"Colisão transversal";"Com Vítimas Feridas";"Pleno dia";"Crescente";"Céu Claro";"Dupla";"Rotatória";"Sim";2;0;1;0;1;0;1;2;-25,510586;-54,554813;"SPRF-PR";"DEL05-PR";"UOP03-DEL05-PR"
193738;2019-02-26;"terça-feira";"13:55:00";"PR";277;242,4;"IRATI";"Falta de Atenção à Condução";"Colisão transversal";"Com Vítimas Feridas";"Pleno dia";"Decrescente";"Chuva";"Simples";"Interseção de Vias";"Não";6;0;2;3;1;0;5;2;-25,4440033;-50,6819298;"SPRF-PR";"DEL03-PR";"UOP02-DEL08-PR"
193739;2019-02-26;"terça-feira";"12:55:00";"MT";158;544,8;"AGUA BOA";"Falta de Atenção à Condução";"Saída de leito carroçável";"Com Vítimas Feridas";"Pleno dia";"Crescente";"Sol";"Simples";"Reta";"Não";2;0;2;0;0;0;2;1;-13,99803654;-52,15484619;"SPRF-MT";"DEL07-MT";"UOP02-DEL07-MT"
193740;2019-02-26;"terça-feira";"13:40:00";"PE";101;7;"GOIANA";"Defeito Mecânico no Veículo";"Incêndio";"Sem Vítimas";"Pleno dia";"Crescente";"Céu Claro";"Dupla";"Reta";"Sim";1;0;0;0;1;0;0;1;-7,5688;-34,989;"SPRF-PE";"DEL01-PE";"UOP02-DEL01-PE"
193743;2019-02-18;"segunda-feira";"18:56:00";"MS";60;593;"JARDIM";"Falta de Atenção à Condução";"Colisão lateral";"Com Vítimas Feridas";"Anoitecer";"Crescente";"Ignorado";"Simples";"Interseção de Vias";"Sim";4;0;1;0;1;2;1;3;-21,48582836;-56,15136277;"SPRF-MS";"DEL05-MS";"UOP01-DEL05-MS"
193744;2019-02-26;"terça-feira";"13:40:00";"BA";116;361;"SERRINHA";"Falta de Atenção à Condução";"Colisão transversal";"Com Vítimas Feridas";"Pleno dia";"Decrescente";"Céu Claro";"Simples";"Reta";"Não";3;0;1;1;1;0;2;2;-11,68178208;-38,99221112;"SPRF-BA";"DEL02-BA";"UOP01-DEL02-BA"
193745;2019-02-26;"terça-feira";"13:45:00";"PE";232;138,3;"CARUARU";"Defeito na Via";"Saída de leito carroçável";"Sem Vítimas";"Pleno dia";"Decrescente";"Chuva";"Dupla";"Reta";"Não";1;0;0;0;1;0;0;1;-8,31896107;-36,06143796;"SPRF-PE";"DEL02-PE";"UOP03-DEL02-PE"
193747;2019-02-26;"terça-feira";"14:40:00";"RJ";40;102;"DUQUE DE CAXIAS";"Condutor Dormindo";"Colisão lateral";"Com Vítimas Feridas";"Pleno dia";"Decrescente";"Céu Claro";"Múltipla";"Interseção de Vias";"Sim";3;0;1;0;2;0;1;3;-22,6205;-43,2868;"SPRF-RJ";"DEL01-RJ";"UOP01-DEL01-RJ"
193748;2019-02-26;"terça-feira";"15:00:00";"SP";116;229;"SAO PAULO";"Pista Escorregadia";"Colisão lateral";"Com Vítimas Feridas";"Pleno dia";"Decrescente";"Chuva";"Múltipla";"Reta";"Sim";2;0;1;0;1;0;1;2;-23,51605095;-46,57892342;"SPRF-SP";"DEL01-SP";"UOP01-DEL01-SP"
193749;2019-02-26;"terça-feira";"15:28:00";"PR";116;127;"FAZENDA RIO GRANDE";"Animais na Pista";"Atropelamento de Animal";"Com Vítimas Feridas";"Pleno dia";"Crescente";"Céu Claro";"Dupla";"Reta";"Sim";1;0;1;0;0;0;1;1;-25,621508;-49,316216;"SPRF-PR";"DEL01-PR";"UOP03-DEL01-PR"
193753;2019-02-26;"terça-feira";"15:45:00";"PR";277;598;"CASCAVEL";"Velocidade Incompatível";"Tombamento";"Com Vítimas Feridas";"Pleno dia";"Crescente";"Céu Claro";"Dupla";"Reta";"Sim";1;0;0;1;0;0;1;1;-25,02817;-53,55983;"SPRF-PR";"DEL04-PR";"UOP01-DEL04-PR"
193754;2019-02-26;"terça-feira";"15:15:00";"SP";381;72,9;"SAO PAULO";"Velocidade Incompatível";"Saída de leito carroçável";"Sem Vítimas";"Pleno dia";"Crescente";"Chuva";"Múltipla";"Curva";"Não";1;0;0;0;1;0;0;1;-23,36755009;-46,55276299;"SPRF-SP";"DEL03-SP";"UOP01-DEL03-SP"
193756;2019-02-26;"terça-feira";"16:10:00";"ES";262;6,8;"CARIACICA";"Falta de Atenção à Condução";"Colisão lateral";"Com Vítimas Feridas";"Pleno dia";"Crescente";"Céu Claro";"Dupla";"Reta";"Sim";3;0;1;0;2;0;1;2;-20,3404;-40,395;"SPRF-ES";"DEL01-ES";"UOP01-DEL01-ES"
193757;2019-02-26;"terça-feira";"15:45:00";"MG";40;527,6;"CONTAGEM";"Avarias e/ou desgaste excessivo no pneu";"Colisão traseira";"Com Vítimas Feridas";"Pleno dia";"Decrescente";"Chuva";"Múltipla";"Declive";"Sim";2;0;0;1;1;0;1;2;-19,9105;-44,0427;"SPRF-MG";"DEL01-MG";"UOP03-DEL01-MG"
193759;2019-02-26;"terça-feira";"15:20:00";"PA";163;571,3;"TRAIRAO";"Pista Escorregadia";"Capotamento";"Com Vítimas Feridas";"Pleno dia";"Decrescente";"Chuva";"Simples";"Declive;Curva";"Não";3;0;3;0;0;0;3;1;-5,04826119;-56,17777526;"SPRF-PA";"DEL05-PA";"UOP01-DEL05-PA"
193760;2019-02-26;"terça-feira";"10:15:00";"MG";262;597,2;"CAMPOS ALTOS";"Desobediência às normas de trânsito pelo condutor";"Colisão transversal";"Com Vítimas Feridas";"Pleno dia";"Crescente";"Nublado";"Simples";"Reta;Rotatória";"Não";3;0;1;1;1;0;2;2;-19,666414;-46,16032;"SPRF-MG";"DEL08-MG";"UOP02-DEL08-MG"
193762;2019-02-26;"terça-feira";"11:20:00";"MS";163;590;"BANDEIRANTES";"Velocidade Incompatível";"Saída de leito carroçável";"Com Vítimas Feridas";"Pleno dia";"Crescente";"Chuva";"Dupla";"Reta";"Não";2;0;2;0;0;0;2;1;-19,56753;-54,420861;"SPRF-MS";"DEL06-MS";"UOP02-DEL06-MS"
193764;2019-02-26;"terça-feira";"16:30:00";"MG";40;494;"PEDRO LEOPOLDO";"Falta de Atenção à Condução";"Saída de leito carroçável";"Com Vítimas Feridas";"Anoitecer";"Crescente";"Chuva";"Dupla";"Curva";"Não";1;0;1;0;0;0;1;1;-19,6668;-44,1949;"SPRF-MG";"DEL02-MG";"UOP01-DEL02-MG"
193767;2019-02-26;"terça-feira";"17:10:00";"CE";20;420;"MARACANAU";"Desobediência às normas de trânsito pelo condutor";"Colisão transversal";"Com Vítimas Feridas";"Pleno dia";"Crescente";"Nublado";"Dupla";"Reta";"Sim";3;0;1;0;2;0;1;3;-3,76999;-38,670063;"SPRF-CE";"DEL01-CE";"UOP02-DEL01-CE"
193768;2019-02-26;"terça-feira";"17:10:00";"PE";232;134,6;"CARUARU";"Agressão Externa";"Colisão lateral";"Com Vítimas Feridas";"Anoitecer";"Crescente";"Nublado";"Dupla";"Reta";"Não";5;0;2;0;3;0;2;2;-8,309792;-36,029142;"SPRF-PE";"DEL02-PE";"UOP03-DEL02-PE"
193771;2019-02-26;"terça-feira";"16:50:00";"BA";324;520;"FEIRA DE SANTANA";"Falta de Atenção à Condução";"Capotamento";"Com Vítimas Feridas";"Pleno dia";"Crescente";"Céu Claro";"Dupla";"Reta";"Sim";1;0;1;0;0;0;1;1;-12,285083;-38,918548;"SPRF-BA";"DEL01-BA";"UOP01-DEL01-BA"
193772;2019-02-26;"terça-feira";"16:30:00";"PI";343;3,4;"TERESINA";"Falta de Atenção à Condução";"Colisão transversal";"Com Vítimas Feridas";"Pleno dia";"Decrescente";"Garoa/Chuvisco";"Múltipla";"Interseção de Vias";"Sim";2;0;1;0;1;0;1;2;-5,089569;-42,802288;"SPRF-PI";"DEL01-PI";"UOP01-DEL01-PI"
193773;2019-02-26;"terça-feira";"17:40:00";"RS";158;325,7;"SANTA MARIA";"Falta de Atenção à Condução";"Colisão transversal";"Com Vítimas Feridas";"Pleno dia";"Decrescente";"Sol";"Simples";"Reta";"Sim";3;0;1;0;2;0;1;2;-29,703747;-53,795246;"SPRF-RS";"DEL09-RS";"UOP01-DEL09-RS"
193774;2019-02-26;"terça-feira";"16:50:00";"RJ";101;445;"MANGARATIBA";"Velocidade Incompatível";"Colisão frontal";"Com Vítimas Feridas";"Pleno dia";"Decrescente";"Nublado";"Simples";"Curva";"Sim";4;0;2;1;1;0;3;3;-22,937099;-44,010822;"SPRF-RJ";"DEL03-RJ";"UOP01-DEL03-RJ"
193775;2019-02-26;"terça-feira";"13:30:00";"TO";230;60;"LUZINOPOLIS";"Defeito Mecânico no Veículo";"Saída de leito carroçável";"Sem Vítimas";"Pleno dia";"Decrescente";"Nublado";"Simples";"Aclive;Reta";"Não";1;0;0;0;1;0;0;1;-6,242879;-47,795162;"SPRF-TO";"DEL02-TO";"UOP03-DEL02-TO"
193776;2019-02-26;"terça-feira";"18:00:00";"SP";116;139,6;"SAO JOSE DOS CAMPOS";"Falta de Atenção à Condução";"Colisão lateral";"Com Vítimas Feridas";"Pleno dia";"Crescente";"Céu Claro";"Dupla";"Reta";"Não";3;0;1;0;1;1;1;2;-23,161556;-45,804054;"SPRF-SP";"DEL06-SP";"UOP02-DEL02-SP"
193779;2019-02-26;"terça-feira";"18:15:00";"SP";116;209,4;"GUARULHOS";"Falta de Atenção do Pedestre";"Atropelamento de Pedestre";"Com Vítimas Feridas";"Pleno dia";"Crescente";"Nublado";"Simples";"Reta";"Sim";2;0;2;0;0;0;2;2;-23,42633469;-46,4061749;"SPRF-SP";"DEL01-SP";"UOP01-DEL01-SP"