"id";"data_inversa";"dia_semana";"horario";"uf";"br";"km";"municipio";"causa_acidente";"tipo_acidente";"classificacao_acidente";"fase_dia";"sentido_via";"condicao_metereologica";"tipo_pista";"tracado_via";"uso_solo";"pessoas";"mortos";"feridos_leves";"feridos_graves";"ilesos";"ignorados";"feridos";"veiculos";"latitude";"longitude";"regional";"delegacia";"uop"
193781;2019-02-26;"terça-feira";"17:00:00";"RJ";40;50;"PETROPOLIS";"Pista Escorregadia";"Colisão com objeto estático";"Com Vítimas Fatais";"Pleno dia";"Decrescente";"Chuva";"Dupla";"Curva";"Não";4;1;1;0;2;0;1;1;-22,3282;-43,1324;"SPRF-RJ";"DEL06-RJ";"UOP01-DEL06-RJ"
193782;2019-02-26;"terça-feira";"18:28:00";"RN";304;31;"MOSSORO";"Animais na Pista";"Atropelamento de Animal";"Com Vítimas Feridas";"Anoitecer";"Decrescente";"Céu Claro";"Simples";"Reta";"Não";2;0;2;0;0;0;2;1;-5,125933;-37,342953;"SPRF-RN";"DEL04-RN";"UOP02-DEL04-RN"
193784;2019-02-26;"terça-feira";"18:45:00";"CE";222;4;"CAUCAIA";"Desobediência às normas de trânsito pelo condutor";"Colisão lateral";"Com Vítimas Feridas";"Plena Noite";"Decrescente";"Céu Claro";"Múltipla";"Reta";"Sim";5;0;3;2;0;0;5;3;-3,741658;-38,604572;"SPRF-CE";"DEL01-CE";"UOP01-DEL01-CE"
193786;2019-02-26;"terça-feira";"18:30:00";"SC";470;66;"INDAIAL";"Desobediência às normas de trânsito pelo condutor";"Colisão transversal";"Sem Vítimas";"Plena Noite";"Decrescente";"Chuva";"Simples";"Reta";"Sim";2;0;0;0;1;1;0;2;-26,870407;-49,221844;"SPRF-SC";"DEL04-SC";"UOP01-DEL04-SC"
193788;2019-02-26;"terça-feira";"17:10:00";"MG";365;626,9;"UBERLANDIA";"Velocidade Incompatível";"Colisão traseira";"Com Vítimas Feridas";"Pleno dia";"Crescente";"Nublado";"Dupla";"Reta";"Sim";2;0;1;0;1;0;1;2;-18,9066;-48,2971;"SPRF-MG";"DEL15-MG";"UOP01-DEL15-MG"
193789;2019-02-26;"terça-feira";"18:30:00";"RS";116;246,8;"SAO LEOPOLDO";"Não guardar distância de segurança";"Colisão traseira";"Sem Vítimas";"Anoitecer";"Decrescente";"Céu Claro";"Dupla";"Reta";"Sim";3;0;0;0;3;0;0;3;-29,758787;-51,151871;"SPRF-RS";"DEL01-RS";"UOP02-DEL01-RS"
193790;2019-02-26;"terça-feira";"18:35:00";"DF";70;18,7;"BRASILIA";"Falta de Atenção à Condução";"Colisão transversal";"Sem Vítimas";"Anoitecer";"Decrescente";"Nublado";"Dupla";"Retorno Regulamentado;Reta";"Sim";3;0;0;0;3;0;0;2;-15,791093;-48,21096;"SPRF-DF";"DEL01-DF";"UOP02-DEL03-DF"
193791;2019-02-26;"terça-feira";"19:15:00";"MG";116;539,2;"SANTA RITA DE MINAS";"Falta de Atenção à Condução";"Atropelamento de Pedestre";"Com Vítimas Feridas";"Plena Noite";"Crescente";"Céu Claro";"Simples";"Reta";"Sim";2;0;0;1;1;0;1;2;-19,87298594;-42,13281512;"SPRF-MG";"DEL06-MG";"UOP02-DEL06-MG"
193793;2019-02-26;"terça-feira";"14:50:00";"SC";158;116,7;"CUNHA PORA";"Desobediência às normas de trânsito pelo condutor";"Colisão transversal";"Com Vítimas Feridas";"Pleno dia";"Decrescente";"Céu Claro";"Simples";"Curva";"Não";5;0;4;0;1;0;4;2;-26,760532;-53,174904;"SPRF-SC";"DEL07-SC";"UOP02-DEL07-SC"
193794;2019-02-26;"terça-feira";"19:10:00";"PE";104;21;"TAQUARITINGA DO NORTE";"Animais na Pista";"Atropelamento de Animal";"Com Vítimas Feridas";"Plena Noite";"Crescente";"Nublado";"Simples";"Reta";"Não";1;0;0;1;0;0;1;1;-7,964189;-36,124378;"SPRF-PE";"DEL02-PE";"UOP01-DEL02-PE"
193796;2019-02-26;"terça-feira";"19:40:00";"SC";101;157;"PORTO BELO";"Desobediência às normas de trânsito pelo pedestre";"Atropelamento de Pedestre";"Com Vítimas Feridas";"Plena Noite";"Crescente";"Nublado";"Dupla";"Reta";"Não";2;0;1;0;1;0;1;2;-27,1901;-48,6123;"SPRF-SC";"DEL04-SC";"UOP03-DEL04-SC"
193797;2019-02-26;"terça-feira";"18:00:00";"ES";101;264;"SERRA";"Falta de Atenção à Condução";"Colisão transversal";"Com Vítimas Feridas";"Plena Noite";"Decrescente";"Céu Claro";"Dupla";"Interseção de Vias";"Sim";2;0;1;0;1;0;1;2;-20,17870735;-40,26538979;"SPRF-ES";"DEL02-ES";"UOP01-DEL02-ES"
193801;2019-02-26;"terça-feira";"18:30:00";"MG";381;492;"BETIM";"Não guardar distância de segurança";"Colisão traseira";"Com Vítimas Feridas";"Plena Noite";"Decrescente";"Chuva";"Dupla";"Reta";"Sim";4;0;1;0;3;0;1;3;-19,9639;-44,1693;"SPRF-MG";"DEL01-MG";"UOP03-DEL01-MG"
193803;2019-02-26;"terça-feira";"19:30:00";"SC";101;201,3;"SAO JOSE";"Falta de Atenção à Condução";"Colisão lateral";"Com Vítimas Feridas";"Plena Noite";"Crescente";"Céu Claro";"Múltipla";"Reta";"Sim";2;0;1;0;1;0;1;2;-27,5572;-48,6188;"SPRF-SC";"DEL01-SC";"UOP01-DEL01-SC"
193804;2019-02-26;"terça-feira";"19:30:00";"PR";163;283;"MARECHAL CANDIDO RONDON";"Sinalização da via insuficiente ou inadequada";"Colisão transversal";"Com Vítimas Feridas";"Plena Noite";"Crescente";"Céu Claro";"Múltipla";"Rotatória";"Não";2;0;1;0;1;0;1;2;-24,5684;-54,0291;"SPRF-PR";"DEL06-PR";"UOP02-DEL06-PR"
193806;2019-02-26;"terça-feira";"19:32:00";"PB";101;45;"MAMANGUAPE";"Velocidade Incompatível";"Saída de leito carroçável";"Com Vítimas Feridas";"Plena Noite";"Crescente";"Céu Claro";"Dupla";"Curva";"Não";3;0;2;0;0;1;2;1;-6,882336;-35,131241;"SPRF-PB";"DEL01-PB";"UOP04-DEL01-PB"
193808;2019-02-26;"terça-feira";"19:30:00";"RJ";101;405;"ITAGUAI";"Defeito Mecânico no Veículo";"Incêndio";"Sem Vítimas";"Plena Noite";"Decrescente";"Chuva";"Dupla";"Reta";"Sim";1;0;0;0;1;0;0;1;-22,867615;-43,802757;"SPRF-RJ";"DEL03-RJ";"UOP01-DEL03-RJ"
193809;2019-02-26;"terça-feira";"19:30:00";"RJ";465;4;"SEROPEDICA";"Falta de Atenção à Condução";"Colisão transversal";"Com Vítimas Feridas";"Plena Noite";"Crescente";"Chuva";"Simples";"Reta";"Sim";2;0;1;0;1;0;1;2;-22,740971;-43,705597;"SPRF-RJ";"DEL01-RJ";"UOP03-DEL01-RJ"
193810;2019-02-26;"terça-feira";"18:55:00";"RO";364;344,9;"JI-PARANA";"Falta de Atenção à Condução";"Tombamento";"Com Vítimas Feridas";"Anoitecer";"Decrescente";"Nublado";"Dupla";"Retorno Regulamentado;Curva";"Sim";2;0;1;0;0;1;1;2;-10,86917392;-61,9600153;"SPRF-RO";"DEL02-RO";"UOP01-DEL02-RO"
193811;2019-02-26;"terça-feira";"16:40:00";"MT";70;249;"PRIMAVERA DO LESTE";"Desobediência às normas de trânsito pelo condutor";"Saída de leito carroçável";"Com Vítimas Fatais";"Pleno dia";"Crescente";"Céu Claro";"Simples";"Reta";"Não";2;1;0;0;0;1;0;2;-15,626871;-54,106033;"SPRF-MT";"DEL05-MT";"UOP01-DEL05-MT"
193812;2019-02-26;"terça-feira";"19:20:00";"SP";101;47,8;"UBATUBA";"Falta de Atenção à Condução";"Colisão lateral";"Com Vítimas Feridas";"Plena Noite";"Crescente";"Nublado";"Simples";"Curva";"Sim";3;0;2;0;1;0;2;2;-23,429897;-45,082436;"SPRF-SP";"DEL06-SP";"UOP01-DEL06-SP"
193814;2019-02-26;"terça-feira";"20:00:00";"RJ";101;207,5;"CASIMIRO DE ABREU";"Falta de Atenção do Pedestre";"Atropelamento de Pedestre";"Com Vítimas Feridas";"Plena Noite";"Decrescente";"Nublado";"Simples";"Reta";"Não";2;0;0;1;1;0;1;2;-22,477646;-42,211269;"SPRF-RJ";"DEL02-RJ";"UOP04-DEL08-RJ"
193816;2019-02-26;"terça-feira";"19:00:00";"MA";222;678;"ACAILANDIA";"Desobediência às normas de trânsito pelo condutor";"Colisão transversal";"Com Vítimas Feridas";"Plena Noite";"Crescente";"Chuva";"Simples";"Interseção de Vias";"Sim";2;0;1;0;1;0;1;2;-4,954;-47,503;"SPRF-MA";"DEL04-MA";"UOP03-DEL04-MA"
193817;2019-02-26;"terça-feira";"18:00:00";"RJ";393;138,2;"SAPUCAIA";"Defeito Mecânico no Veículo";"Saída de leito carroçável";"Com Vítimas Feridas";"Anoitecer";"Crescente";"Chuva";"Simples";"Curva";"Não";1;0;1;0;0;0;1;1;-21,994415;-42,913506;"SPRF-RJ";"DEL06-RJ";"UOP01-DEL05-RJ"
193818;2019-02-26;"terça-feira";"15:05:00";"RS";386;341,7;"LAJEADO";"Falta de Atenção à Condução";"Colisão transversal";"Com Vítimas Feridas";"Pleno dia";"Decrescente";"Céu Claro";"Simples";"Reta";"Sim";2;0;1;0;1;0;1;2;-29,4352621;-51,9999218;"SPRF-RS";"DEL04-RS";"UOP01-DEL04-RS"
193819;2019-02-26;"terça-feira";"18:15:00";"SC";101;70,9;"ARAQUARI";"Falta de Atenção à Condução";"Colisão transversal";"Com Vítimas Feridas";"Anoitecer";"Decrescente";"Garoa/Chuvisco";"Simples";"Interseção de Vias";"Sim";2;0;1;0;1;0;1;2;-26,51733529;-48,71907592;"SPRF-SC";"DEL03-SC";"UOP02-DEL03-SC"
193820;2019-02-26;"terça-feira";"20:20:00";"RN";304;82;"MOSSORO";"Ingestão de Álcool";"Saída de leito carroçável";"Com Vítimas Feridas";"Plena Noite";"Crescente";"Céu Claro";"Simples";"Reta";"Não";1;0;1;0;0;0;1;1;-5,487455;-37,158227;"SPRF-RN";"DEL04-RN";"UOP01-DEL04-RN"
193821;2019-02-26;"terça-feira";"21:00:00";"ES";393;12,1;"MUQUI";"Falta de Atenção à Condução";"Colisão transversal";"Com Vítimas Feridas";"Plena Noite";"Crescente";"Céu Claro";"Simples";"Reta";"Não";2;0;1;0;1;0;1;2;-20,8520301;-41,2453258;"SPRF-ES";"DEL03-ES";"UOP02-DEL03-ES"
193822;2019-02-26;"terça-feira";"20:20:00";"RN";110;46,9;"MOSSORO";"Falta de Atenção à Condução";"Colisão transversal";"Com Vítimas Feridas";"Plena Noite";"Decrescente";"Céu Claro";"Simples";"Interseção de Vias";"Sim";2;0;0;1;1;0;1;2;-5,197978;-37,318398;"SPRF-RN";"DEL04-RN";"UOP01-DEL04-RN"
193825;2019-02-26;"terça-feira";"22:00:00";"RJ";40;118;"DUQUE DE CAXIAS";"Falta de Atenção à Condução";"Queda de ocupante de veículo";"Com Vítimas Feridas";"Plena Noite";"Crescente";"Céu Claro";"Múltipla";"Reta";"Sim";1;0;0;1;0;0;1;1;-22,7646;-43,2866;"SPRF-RJ";"DEL01-RJ";"UOP01-DEL01-RJ"
193827;2019-01-02;"quarta-feira";"06:40:00";"SP";381;1,2;"VARGEM";"Condutor Dormindo";"Colisão traseira";"Com Vítimas Feridas";"Pleno dia";"Crescente";"Céu Claro";"Dupla";"Declive";"Sim";4;0;2;0;2;0;2;2;-22,88147;-46,381161;"SPRF-SP";"DEL03-SP";"UOP02-DEL03-SP"
193833;2019-02-26;"terça-feira";"22:00:00";"MT";70;504,6;"CUIABA";"Mal Súbito";"Queda de ocupante de veículo";"Com Vítimas Feridas";"Plena Noite";"Decrescente";"Céu Claro";"Simples";"Reta";"Não";1;0;1;0;0;0;1;1;-15,667856;-55,956429;"SPRF-MT";"DEL02-MT";"UOP02-DEL01-MT"
193834;2019-02-18;"segunda-feira";"08:25:00";"MG";381;373;"SAO GONCALO DO RIO ABAIXO";"Velocidade Incompatível";"Colisão com objeto estático";"Com Vítimas Feridas";"Pleno dia";"Crescente";"Chuva";"Simples";"Curva";"Não";1;0;1;0;0;0;1;1;-19,85520651;-43,26433182;"SPRF-MG";"DEL01-MG";"UOP01-DEL01-MG"
193835;2019-02-26;"terça-feira";"22:40:00";"MG";381;481,5;"CONTAGEM";"Falta de Atenção do Pedestre";"Atropelamento de Pedestre";"Com Vítimas Feridas";"Plena Noite";"Crescente";"Nublado";"Múltipla";"Curva";"Sim";2;0;1;0;1;0;1;2;-19,959;-44,0704;"SPRF-MG";"DEL01-MG";"UOP03-DEL01-MG"
193838;2019-02-27;"quarta-feira";"01:00:00";"MG";50;32;"ARAGUARI";"Ingestão de Álcool";"Saída de leito carroçável";"Sem Vítimas";"Plena Noite";"Crescente";"Garoa/Chuvisco";"Dupla";"Reta";"Não";1;0;0;0;1;0;0;1;-18,6416;-48,1246;"SPRF-MG";"DEL15-MG";"UOP02-DEL15-MG"
193839;2019-02-26;"terça-feira";"21:30:00";"SE";101;92,5;"NOSSA SENHORA DO SOCORRO";"Animais na Pista";"Atropelamento de Animal";"Sem Vítimas";"Plena Noite";"Decrescente";"Céu Claro";"Dupla";"Reta";"Sim";2;0;0;0;2;0;0;2;-10,9061;-37,1503;"SPRF-SE";"DEL01-SE";"UOP01-DEL01-SE"
193840;2019-02-26;"terça-feira";"17:30:00";"MG";381;586;"CARMOPOLIS DE MINAS";"Falta de Atenção à Condução";"Colisão traseira";"Com Vítimas Feridas";"Pleno dia";"Decrescente";"Céu Claro";"Dupla";"Reta;Declive";"Não";4;0;2;0;2;0;2;2;-20,59461056;-44,70543732;"SPRF-MG";"DEL04-MG";"UOP01-DEL04-MG"
193841;2019-02-27;"quarta-feira";"03:20:00";"RJ";116;303;"RESENDE";"Falta de Atenção do Pedestre";"Atropelamento de Pedestre";"Com Vítimas Fatais";"Plena Noite";"Crescente";"Céu Claro";"Dupla";"Reta";"Não";2;1;0;0;1;0;0;2;-22,450125;-44,330193;"SPRF-RJ";"DEL07-RJ";"DEL5/7-UOP03/RJ"
193842;2019-02-27;"quarta-feira";"04:00:00";"SP";116;274;"TABOAO DA SERRA";"Falta de Atenção à Condução";"Colisão traseira";"Com Vítimas Feridas";"Plena Noite";"Decrescente";"Nublado";"Dupla";"Reta";"Não";2;0;2;0;0;0;2;2;-23,61450063;-46,7819041;"SPRF-SP";"DEL04-SP";"UOP01-DEL04-SP"
193843;2019-02-26;"terça-feira";"20:45:00";"CE";222;8;"CAUCAIA";"Não guardar distância de segurança";"Colisão traseira";"Com Vítimas Feridas";"Plena Noite";"Crescente";"Céu Claro";"Dupla";"Reta";"Não";2;0;1;0;1;0;1;2;-3,736507;-38,65337;"SPRF-CE";"DEL01-CE";"UOP01-DEL01-CE"
193845;2019-02-27;"quarta-feira";"03:00:00";"BA";116;460,7;"SANTO ESTEVAO";"Falta de Atenção à Condução";"Tombamento";"Com Vítimas Fatais";"Plena Noite";"Crescente";"Céu Claro";"Simples";"Reta";"Sim";1;1;0;0;0;0;0;1;-12,42571818;-39,20648189;"SPRF-BA";"DEL02-BA";"UOP01-DEL02-BA"
193846;2019-02-27;"quarta-feira";"05:00:00";"ES";262;2;"CARIACICA";"Desobediência às normas de trânsito pelo condutor";"Colisão lateral";"Com Vítimas Feridas";"Amanhecer";"Decrescente";"Céu Claro";"Dupla";"Reta";"Sim";2;0;0;1;1;0;1;2;-20,3326;-40,3608;"SPRF-ES";"DEL01-ES";"UOP01-DEL01-ES"
193849;2019-02-27;"quarta-feira";"05:35:00";"RN";101;106;"PARNAMIRIM";"Pista Escorregadia";"Queda de ocupante de veículo";"Com Vítimas Feridas";"Pleno dia";"Crescente";"Nublado";"Dupla";"Interseção de Vias";"Sim";1;0;1;0;0;0;1;1;-5,910553;-35,261307;"SPRF-RN";"DEL01-RN";"UOP01-DEL01-RN"
193852;2019-02-27;"quarta-feira";"05:55:00";"PR";277;721,7;"FOZ DO IGUACU";"Falta de Atenção à Condução";"Colisão transversal";"Com Vítimas Feridas";"Amanhecer";"Crescente";"Céu Claro";"Dupla";"Reta";"Sim";2;0;2;0;0;0;2;2;-25,491169;-54,511887;"SPRF-PR";"DEL05-PR";"UOP01-DEL05-PR"
193853;2019-02-27;"quarta-feira";"06:00:00";"MG";262;50,9;"MANHUACU";"Condutor Dormindo";"Colisão transversal";"Sem Vítimas";"Pleno dia";"Decrescente";"Céu Claro";"Simples";"Curva";"Sim";2;0;0;0;2;0;0;2;-20,242805;-42,136524;"SPRF-MG";"DEL06-MG";"UOP03-DEL06-MG"
193855;2019-02-27;"quarta-feira";"06:10:00";"RJ";116;169;"SAO JOAO DE MERITI";"Não guardar distância de segurança";"Colisão traseira";"Com Vítimas Feridas";"Pleno dia";"Decrescente";"Céu Claro";"Múltipla";"Reta";"Sim";3;0;2;0;1;0;2;2;-22,816206;-43,324463;"SPRF-RJ";"DEL01-RJ";"UOP02-DEL01-RJ"
193856;2019-02-27;"quarta-feira";"07:00:00";"PR";277;672,4;"MEDIANEIRA";"Condutor Dormindo";"Capotamento";"Com Vítimas Feridas";"Pleno dia";"Crescente";"Céu Claro";"Dupla";"Viaduto";"Sim";1;0;1;0;0;0;1;1;-25,287436;-54,097012;"SPRF-PR";"DEL05-PR";"UOP01-DEL05-PR"
193858;2019-02-27;"quarta-feira";"07:30:00";"CE";20;348,5;"CARIDADE";"Falta de Atenção à Condução";"Colisão transversal";"Com Vítimas Feridas";"Pleno dia";"Crescente";"Céu Claro";"Simples";"Interseção de Vias";"Sim";3;0;1;0;2;0;1;2;-4,10361;-39,059071;"SPRF-CE";"DEL02-CE";"UOP01-DEL02-CE"
193859;2019-02-27;"quarta-feira";"07:30:00";"BA";367;81,9;"EUNAPOLIS";"Falta de Atenção à Condução";"Colisão transversal";"Com Vítimas Feridas";"Pleno dia";"Crescente";"Sol";"Múltipla";"Interseção de Vias";"Sim";2;0;1;0;1;0;1;2;-16,371761;-39,552624;"SPRF-BA";"DEL09-BA";"UOP01-DEL09-BA"
193860;2019-02-27;"quarta-feira";"06:15:00";"MG";40;156,3;"JOAO PINHEIRO";"Condutor Dormindo";"Saída de leito carroçável";"Com Vítimas Fatais";"Pleno dia";"Crescente";"Nevoeiro/Neblina";"Simples";"Reta";"Não";1;1;0;0;0;0;0;1;-17,843067;-46,130424;"SPRF-MG";"DEL14-MG";"UOP02-DEL14-MG"
193862;2019-02-27;"quarta-feira";"08:10:00";"GO";153;138;"MARA ROSA";"Ultrapassagem Indevida";"Colisão frontal";"Com Vítimas Feridas";"Pleno dia";"Decrescente";"Céu Claro";"Simples";"Aclive";"Não";3;0;0;2;1;0;2;2;-13,976104;-49,090424;"SPRF-GO";"DEL07-GO";"UOP01-DEL07-GO"
193863;2019-02-27;"quarta-feira";"08:30:00";"GO";153;501,9;"GOIANIA";"Falta de Atenção à Condução";"Colisão lateral";"Com Vítimas Feridas";"Pleno dia";"Decrescente";"Sol";"Dupla";"Viaduto";"Sim";2;0;1;0;1;0;1;2;-16,72928319;-49,24248219;"SPRF-GO";"DEL01-GO";"UOP01-DEL01-GO"
193864;2019-02-27;"quarta-feira";"07:00:00";"BA";242;235,9;"ITABERABA";"Pista Escorregadia";"Colisão lateral";"Sem Vítimas";"Pleno dia";"Decrescente";"Chuva";"Simples";"Curva";"Não";5;0;0;0;5;0;0;2;-12,52909363;-40,36823273;"SPRF-BA";"DEL06-BA";"UOP02-DEL06-BA"
193868;2019-02-26;"terça-feira";"22:01:00";"RO";364;428,4;"JARU";"Velocidade Incompatível";"Colisão traseira";"Sem Vítimas";"Plena Noite";"Decrescente";"Nublado";"Simples";"Reta";"Sim";4;0;0;0;4;0;0;2;-10,421814;-62,495125;"SPRF-RO";"DEL03-RO";"UOP02-DEL03-RO"
193870;2019-02-27;"quarta-feira";"08:00:00";"MS";262;265;"RIBAS DO RIO PARDO";"Falta de Atenção à Condução";"Colisão com objeto estático";"Com Vítimas Feridas";"Pleno dia";"Decrescente";"Céu Claro";"Simples";"Aclive";"Não";2;0;2;0;0;0;2;1;-20,42990901;-53,97803703;"SPRF-MS";"DEL01-MS";"UOP01-DEL01-MS"
193871;2019-02-26;"terça-feira";"17:03:00";"RJ";40;77;"PETROPOLIS";"Defeito na Via";"Saída de leito carroçável";"Com Vítimas Feridas";"Plena Noite";"Crescente";"Céu Claro";"Simples";"Reta";"Não";1;0;1;0;0;0;1;1;-22,50446914;-43,23180199;"SPRF-RJ";"DEL06-RJ";"UOP01-DEL06-RJ"
193872;2019-02-27;"quarta-feira";"09:00:00";"SC";101;141,5;"BALNEARIO CAMBORIU";"Velocidade Incompatível";"Colisão com objeto estático";"Com Vítimas Feridas";"Pleno dia";"Crescente";"Nublado";"Dupla";"Curva";"Sim";2;0;2;0;0;0;2;1;-27,0562;-48,5985;"SPRF-SC";"DEL04-SC";"UOP03-DEL04-SC"
193874;2019-02-27;"quarta-feira";"08:50:00";"SC";101;117;"ITAJAI";"Falta de Atenção à Condução";"Colisão traseira";"Com Vítimas Feridas";"Pleno dia";"Crescente";"Chuva";"Dupla";"Reta";"Não";3;0;1;0;2;0;1;3;-26,8961;-48,7188;"SPRF-SC";"DEL04-SC";"UOP04-DEL04-SC"
193876;2019-02-27;"quarta-feira";"09:20:00";"MG";381;501;"BETIM";"Falta de Atenção à Condução";"Capotamento";"Com Vítimas Feridas";"Pleno dia";"Decrescente";"Céu Claro";"Dupla";"Curva";"Sim";1;0;1;0;0;0;1;1;-20,0173;-44,2243;"SPRF-MG";"DEL01-MG";"UOP03-DEL01-MG"
193877;2019-02-27;"quarta-feira";"08:00:00";"SP";116;218;"GUARULHOS";"Desobediência às normas de trânsito pelo condutor";"Colisão lateral";"Com Vítimas Feridas";"Pleno dia";"Decrescente";"Céu Claro";"Múltipla";"Reta";"Sim";2;0;1;0;0;1;1;2;-23,45713284;-46,47853196;"SPRF-SP";"DEL01-SP";"UOP01-DEL01-SP"
193878;2019-02-27;"quarta-feira";"08:00:00";"TO";153;243;"COLINAS DO TOCANTINS";"Ultrapassagem Indevida";"Saída de leito carroçável";"Com Vítimas Feridas";"Pleno dia";"Decrescente";"Céu Claro";"Simples";"Reta";"Não";1;0;1;0;0;0;1;1;-8,021123;-48,465488;"SPRF-TO";"DEL02-TO";"UOP01-DEL02-TO"
193881;2019-02-27;"quarta-feira";"09:30:00";"DF";20;0,6;"BRASILIA";"Falta de Atenção à Condução";"Colisão transversal";"Com Vítimas Feridas";"Pleno dia";"Decrescente";"Céu Claro";"Dupla";"Reta";"Sim";3;0;1;0;2;0;1;3;-15,688145;-47,858797;"SPRF-DF";"DEL02-DF";"UOP01-DEL02-DF"
193882;2019-02-19;"terça-feira";"01:00:00";"RN";101;112;"SAO JOSE DE MIPIBU";"Desobediência às normas de trânsito pelo condutor";"Colisão com objeto estático";"Com Vítimas Feridas";"Plena Noite";"Decrescente";"Céu Claro";"Dupla";"Reta";"Não";5;0;3;2;0;0;5;1;-5,9643;-35,264877;"SPRF-RN";"DEL01-RN";"UOP01-DEL01-RN"
193883;2019-02-27;"quarta-feira";"10:40:00";"PR";376;197,9;"MARIALVA";"Defeito Mecânico no Veículo";"Tombamento";"Com Vítimas Feridas";"Pleno dia";"Crescente";"Garoa/Chuvisco";"Dupla";"Curva;Declive";"Não";1;0;1;0;0;0;1;1;-23,500259;-51,76384;"SPRF-PR";"DEL07-PR";"UOP01-DEL09-PR"
193884;2019-02-27;"quarta-feira";"10:25:00";"RN";226;112,1;"SANTA CRUZ";"Desobediência às normas de trânsito pelo condutor";"Colisão transversal";"Com Vítimas Feridas";"Pleno dia";"Crescente";"Céu Claro";"Simples";"Reta";"Sim";2;0;1;0;1;0;1;2;-6,22088398;-36,02020025;"SPRF-RN";"DEL03-RN";"UOP02-DEL03-RN"
193887;2019-02-27;"quarta-feira";"11:00:00";"PE";423;116;"PARANATAMA";"Falta de Atenção à Condução";"Colisão transversal";"Com Vítimas Feridas";"Pleno dia";"Crescente";"Céu Claro";"Simples";"Reta";"Não";2;0;0;1;0;1;1;2;-8,904358;-36,660263;"SPRF-PE";"DEL03-PE";"UOP01-DEL03-PE"
193888;2019-02-27;"quarta-feira";"10:55:00";"GO";153;539;"HIDROLANDIA";"Falta de Atenção à Condução";"Queda de ocupante de veículo";"Com Vítimas Feridas";"Pleno dia";"Decrescente";"Céu Claro";"Dupla";"Reta";"Não";1;0;1;0;0;0;1;1;-17,0445;-49,2255;"SPRF-GO";"DEL01-GO";"UOP03-DEL01-GO"
193889;2019-02-27;"quarta-feira";"11:10:00";"PR";476;140,9;"CURITIBA";"Não guardar distância de segurança";"Queda de ocupante de veículo";"Com Vítimas Feridas";"Pleno dia";"Decrescente";"Garoa/Chuvisco";"Dupla";"Reta";"Sim";1;0;0;1;0;0;1;1;-25,520693;-49,294121;"SPRF-PR";"DEL01-PR";"UOP07-DEL01-PR"
193890;2019-02-27;"quarta-feira";"07:40:00";"SP";116;227;"SAO PAULO";"Não guardar distância de segurança";"Colisão lateral";"Com Vítimas Feridas";"Pleno dia";"Crescente";"Nublado";"Múltipla";"Reta";"Sim";2;0;1;0;0;1;1;2;-23,50107252;-46,56400681;"SPRF-SP";"DEL01-SP";"UOP01-DEL01-SP"
193891;2019-02-27;"quarta-feira";"10:45:00";"RS";386;434,8;"NOVA SANTA RITA";"Desobediência às normas de trânsito pelo condutor";"Colisão transversal";"Com Vítimas Feridas";"Pleno dia";"Crescente";"Nublado";"Dupla";"Interseção de Vias";"Não";3;0;1;1;1;0;2;2;-29,843386;-51,285454;"SPRF-RS";"DEL04-RS";"UOP02-DEL04-RS"
193893;2019-02-27;"quarta-feira";"10:50:00";"RS";158;218;"CRUZ ALTA";"Desobediência às normas de trânsito pelo condutor";"Colisão transversal";"Com Vítimas Feridas";"Pleno dia";"Crescente";"Céu Claro";"Simples";"Reta";"Não";4;0;1;0;2;1;1;3;-28,843515;-53,612511;"SPRF-RS";"DEL10-RS";"UOP02-DEL10-RS"
193894;2019-02-26;"terça-feira";"22:40:00";"MG";116;115,7;"ITAOBIM";"Ingestão de Álcool";"Colisão com objeto estático";"Com Vítimas Feridas";"Plena Noite";"Crescente";"Nublado";"Simples";"Declive";"Sim";1;0;0;1;0;0;1;1;-16,56578326;-41,50497437;"SPRF-MG";"DEL11-MG";"UOP02-DEL11-MG"
193895;2019-02-27;"quarta-feira";"09:15:00";"SC";280;80,1;"CORUPA";"Falta de Atenção à Condução";"Colisão transversal";"Com Vítimas Feridas";"Pleno dia";"Decrescente";"Chuva";"Simples";"Reta";"Não";4;0;2;0;2;0;2;2;-26,444054;-49,209812;"SPRF-SC";"DEL06-SC";"UOP03-DEL06-SC"
193898;2019-02-27;"quarta-feira";"11:45:00";"RS";290;488;"ROSARIO DO SUL";"Defeito Mecânico no Veículo";"Queda de ocupante de veículo";"Com Vítimas Feridas";"Pleno dia";"Crescente";"Céu Claro";"Simples";"Reta";"Não";2;0;2;0;0;0;2;1;-30,239111;-55,002876;"SPRF-RS";"DEL11-RS";"UOP02-DEL11-RS"
193899;2019-02-27;"quarta-feira";"11:30:00";"AL";316;79,9;"SANTANA DO IPANEMA";"Defeito Mecânico no Veículo";"Colisão com objeto estático";"Com Vítimas Feridas";"Pleno dia";"Crescente";"Céu Claro";"Simples";"Curva;Declive";"Sim";2;0;2;0;0;0;2;1;-9,34022598;-37,28513299;"SPRF-AL";"DEL03-AL";"UOP02-DEL03-AL"
193900;2019-02-27;"quarta-feira";"09:30:00";"AC";364;122;"RIO BRANCO";"Desobediência às normas de trânsito pelo condutor";"Colisão transversal";"Com Vítimas Feridas";"Pleno dia";"Decrescente";"Céu Claro";"Dupla";"Reta";"Sim";2;0;1;0;1;0;1;2;-10,01188291;-67,773345;"SPRF-AC";"DEL01-AC";"UOP01-DEL01-AC"