"id";"data_inversa";"dia_semana";"horario";"uf";"br";"km";"municipio";"causa_acidente";"tipo_acidente";"classificacao_acidente";"fase_dia";"sentido_via";"condicao_metereologica";"tipo_pista";"tracado_via";"uso_solo";"pessoas";"mortos";"feridos_leves";"feridos_graves";"ilesos";"ignorados";"feridos";"veiculos";"latitude";"longitude";"regional";"delegacia";"uop"
194152;2019-02-28;"quinta-feira";"18:20:00";"PR";116;115;"CURITIBA";"Falta de Atenção à Condução";"Colisão lateral";"Com Vítimas Feridas";"Pleno dia";"Decrescente";"Céu Claro";"Dupla";"Reta";"Sim";2;0;0;1;1;0;1;2;-25,54646839;-49,30373311;"SPRF-PR";"DEL01-PR";"UOP01-DEL01-PR"
194153;2019-02-28;"quinta-feira";"18:00:00";"RJ";393;262;"BARRA DO PIRAI";"Falta de Atenção à Condução";"Saída de leito carroçável";"Com Vítimas Feridas";"Anoitecer";"Crescente";"Nublado";"Simples";"Reta";"Não";2;0;2;0;0;0;2;1;-22,478863;-43,887202;"SPRF-RJ";"DEL05-RJ";"UOP04-DEL05-RJ"
194154;2019-02-28;"quinta-feira";"18:25:00";"BA";101;22;"RIO REAL";"Falta de Atenção à Condução";"Saída de leito carroçável";"Com Vítimas Fatais";"Plena Noite";"Decrescente";"Céu Claro";"Simples";"Reta";"Não";6;2;3;1;0;0;4;1;-11,6677;-37,8969;"SPRF-SE";"DEL02-SE";"UOP03-DEL02-SE"
194156;2019-02-28;"quinta-feira";"11:15:00";"AM";174;901;"MANAUS";"Falta de Atenção à Condução";"Saída de leito carroçável";"Sem Vítimas";"Pleno dia";"Decrescente";"Nublado";"Simples";"Reta";"Não";1;0;0;0;1;0;0;1;-2,80462215;-60,03651403;"SPRF-AM";"DEL01-AM";"UOP01-DEL01-AM"
194157;2019-02-28;"quinta-feira";"16:40:00";"MG";40;718;"BARBACENA";"Falta de Atenção à Condução";"Colisão com objeto estático";"Com Vítimas Feridas";"Pleno dia";"Decrescente";"Nublado";"Dupla";"Reta";"Não";2;0;1;0;1;0;1;1;-21,2916;-43,6372;"SPRF-MG";"DEL05-MG";"UOP01-DEL05-MG"
194158;2019-02-28;"quinta-feira";"19:00:00";"SC";101;142;"BALNEARIO CAMBORIU";"Defeito Mecânico no Veículo";"Colisão traseira";"Com Vítimas Feridas";"Anoitecer";"Decrescente";"Nublado";"Simples";"Túnel";"Não";3;0;0;1;2;0;1;3;-27,0645;-48,5958;"SPRF-SC";"DEL04-SC";"UOP03-DEL04-SC"
194160;2019-02-28;"quinta-feira";"18:00:00";"RJ";116;300;"RESENDE";"Velocidade Incompatível";"Atropelamento de Pedestre";"Com Vítimas Feridas";"Anoitecer";"Decrescente";"Nublado";"Dupla";"Reta";"Não";5;0;0;1;4;0;1;2;-22,45545636;-44,39060211;"SPRF-RJ";"DEL07-RJ";"DEL5/7-UOP03/RJ"
194161;2019-02-28;"quinta-feira";"19:00:00";"MG";365;626;"UBERLANDIA";"Não guardar distância de segurança";"Colisão traseira";"Sem Vítimas";"Plena Noite";"Crescente";"Nublado";"Dupla";"Aclive";"Sim";2;0;0;0;2;0;0;2;-18,9066;-48,2971;"SPRF-MG";"DEL15-MG";"UOP01-DEL15-MG"
194164;2019-02-28;"quinta-feira";"19:30:00";"BA";324;624;"SALVADOR";"Falta de Atenção à Condução";"Colisão lateral";"Com Vítimas Feridas";"Plena Noite";"Crescente";"Céu Claro";"Dupla";"Reta";"Sim";2;0;0;2;0;0;2;2;-12,9319569;-38,47171783;"SPRF-BA";"DEL01-BA";"UOP01-DEL01-BA"
194168;2019-02-28;"quinta-feira";"19:40:00";"MG";50;43,6;"ARAGUARI";"Objeto estático sobre o leito carroçável";"Colisão com objeto estático";"Com Vítimas Feridas";"Plena Noite";"Crescente";"Garoa/Chuvisco";"Dupla";"Reta;Declive";"Não";3;0;2;0;1;0;2;1;-18,7068;-48,1919;"SPRF-MG";"DEL15-MG";"UOP02-DEL15-MG"
194169;2019-02-28;"quinta-feira";"18:40:00";"PR";153;358,4;"RIO AZUL";"Velocidade Incompatível";"Saída de leito carroçável";"Com Vítimas Fatais";"Anoitecer";"Crescente";"Céu Claro";"Simples";"Curva";"Não";1;1;0;0;0;0;0;1;-25,700607;-50,778904;"SPRF-PR";"DEL03-PR";"UOP02-DEL08-PR"
194171;2019-02-28;"quinta-feira";"19:00:00";"PR";277;124;"CAMPO LARGO";"Desobediência às normas de trânsito pelo condutor";"Colisão frontal";"Com Vítimas Feridas";"Plena Noite";"Decrescente";"Céu Claro";"Dupla";"Interseção de Vias";"Não";2;0;0;1;1;0;1;2;-25,45791914;-49,5606029;"SPRF-PR";"DEL01-PR";"UOP06-DEL01-PR"
194172;2019-02-28;"quinta-feira";"18:05:00";"SC";280;55,7;"GUARAMIRIM";"Não guardar distância de segurança";"Engavetamento";"Com Vítimas Feridas";"Pleno dia";"Crescente";"Sol";"Simples";"Reta";"Sim";6;0;4;0;2;0;4;5;-26,47948525;-49,00365829;"SPRF-SC";"DEL03-SC";"UOP03-DEL03-SC"
194174;2019-02-28;"quinta-feira";"17:20:00";"PI";316;9,9;"TERESINA";"Falta de Atenção à Condução";"Tombamento";"Com Vítimas Feridas";"Pleno dia";"Crescente";"Céu Claro";"Simples";"Reta";"Sim";2;0;1;0;1;0;1;2;-5,173879;-42,766232;"SPRF-PI";"DEL01-PI";"UOP02-DEL01-PI"
194179;2019-02-28;"quinta-feira";"18:35:00";"MG";267;92,5;"JUIZ DE FORA";"Falta de Atenção do Pedestre";"Atropelamento de Pedestre";"Com Vítimas Feridas";"Anoitecer";"Decrescente";"Céu Claro";"Simples";"Declive";"Sim";2;0;1;0;1;0;1;2;-21,771578;-43,29119;"SPRF-MG";"DEL05-MG";"UOP01-DEL05-MG"
194180;2019-02-28;"quinta-feira";"09:55:00";"RO";319;63;"PORTO VELHO";"Defeito Mecânico no Veículo";"Colisão com objeto em movimento";"Com Vítimas Feridas";"Pleno dia";"Decrescente";"Céu Claro";"Dupla";"Reta";"Sim";3;0;1;0;2;0;1;2;-8,753036;-63,886997;"SPRF-RO";"DEL01-RO";"UOP01-DEL01-RO"
194181;2019-02-28;"quinta-feira";"19:40:00";"MS";463;110,8;"PONTA PORA";"Falta de Atenção do Pedestre";"Atropelamento de Pedestre";"Com Vítimas Feridas";"Plena Noite";"Crescente";"Ignorado";"Dupla";"Reta";"Não";2;0;0;1;1;0;1;2;-22,572939;-55,693943;"SPRF-MS";"DEL04-MS";"UOP03-DEL04-MS"
194182;2019-02-28;"quinta-feira";"17:15:00";"RJ";116;5;"SAPUCAIA";"Pista Escorregadia";"Saída de leito carroçável";"Com Vítimas Feridas";"Pleno dia";"Decrescente";"Nublado";"Simples";"Curva";"Não";1;0;1;0;0;0;1;1;-21,901161;-42,688961;"SPRF-RJ";"DEL04-RJ";"UOP01-DEL04-RJ"
194184;2019-02-28;"quinta-feira";"21:30:00";"BA";324;620;"SALVADOR";"Falta de Atenção à Condução";"Colisão traseira";"Com Vítimas Feridas";"Plena Noite";"Decrescente";"Céu Claro";"Múltipla";"Reta";"Sim";2;0;1;0;1;0;1;2;-12,88878785;-38,44214916;"SPRF-BA";"DEL01-BA";"UOP01-DEL01-BA"
194185;2019-02-28;"quinta-feira";"21:30:00";"RS";290;99;"PORTO ALEGRE";"Falta de Atenção à Condução";"Colisão traseira";"Com Vítimas Feridas";"Plena Noite";"Crescente";"Céu Claro";"Dupla";"Reta";"Sim";1;0;1;0;0;0;1;1;-29,991756;-51,22699;"SPRF-RS";"DEL01-RS";"UOP01-DEL01-RS"
194187;2019-02-28;"quinta-feira";"21:15:00";"ES";101;397,3;"RIO NOVO DO SUL";"Falta de Atenção do Pedestre";"Atropelamento de Pedestre";"Com Vítimas Feridas";"Plena Noite";"Crescente";"Nublado";"Simples";"Curva";"Sim";2;0;1;0;1;0;1;2;-20,86917344;-40,94146555;"SPRF-ES";"DEL03-ES";"UOP02-DEL03-ES"
194189;2019-02-28;"quinta-feira";"20:30:00";"TO";242;422,8;"CARIRI DO TOCANTINS";"Animais na Pista";"Atropelamento de Animal";"Com Vítimas Feridas";"Plena Noite";"Crescente";"Nublado";"Simples";"Reta";"Não";3;0;1;0;1;1;1;2;-11,961072;-49,201527;"SPRF-TO";"DEL02-TO";"UOP02-DEL01-TO"
194191;2019-02-28;"quinta-feira";"20:30:00";"MG";116;274,8;"TEOFILO OTONI";"Falta de Atenção do Pedestre";"Atropelamento de Pedestre";"Com Vítimas Feridas";"Plena Noite";"Crescente";"Chuva";"Dupla";"Declive;Reta";"Sim";2;0;1;0;0;1;1;2;-17,839231;-41,513002;"SPRF-MG";"DEL11-MG";"UOP01-DEL11-MG"
194192;2019-02-28;"quinta-feira";"18:50:00";"AC";364;138;"RIO BRANCO";"Falta de Atenção à Condução";"Colisão lateral";"Com Vítimas Feridas";"Plena Noite";"Crescente";"Garoa/Chuvisco";"Dupla";"Reta;Interseção de Vias";"Sim";2;0;1;0;1;0;1;2;-9,96112502;-67,85646604;"SPRF-AC";"DEL01-AC";"UOP01-DEL01-AC"
194195;2019-02-28;"quinta-feira";"22:05:00";"ES";262;2;"VITORIA";"Deficiência ou não Acionamento do Sistema de Iluminação/Sinalização do Veículo";"Colisão lateral";"Com Vítimas Feridas";"Plena Noite";"Crescente";"Céu Claro";"Dupla";"Reta";"Não";2;0;1;0;1;0;1;2;-20,2532458;-40,28773785;"SPRF-ES";"DEL01-ES";"UOP01-DEL01-ES"
194196;2019-02-28;"quinta-feira";"22:15:00";"CE";20;376,3;"CAUCAIA";"Animais na Pista";"Atropelamento de Animal";"Com Vítimas Feridas";"Plena Noite";"Crescente";"Céu Claro";"Simples";"Reta";"Não";2;0;1;1;0;0;2;1;-3,94235062;-38,86842728;"SPRF-CE";"DEL01-CE";"UOP01-DEL01-CE"
194198;2019-02-28;"quinta-feira";"22:30:00";"SC";101;204;"SAO JOSE";"Ingestão de Álcool";"Colisão lateral";"Com Vítimas Feridas";"Plena Noite";"Decrescente";"Céu Claro";"Dupla";"Reta";"Não";2;0;2;0;0;0;2;2;-27,5832;-48,6151;"SPRF-SC";"DEL01-SC";"UOP01-DEL01-SC"
194200;2019-02-28;"quinta-feira";"21:50:00";"ES";101;270;"SERRA";"Objeto estático sobre o leito carroçável";"Colisão com objeto estático";"Sem Vítimas";"Plena Noite";"Decrescente";"Céu Claro";"Dupla";"Viaduto;Declive";"Sim";1;0;0;0;1;0;0;1;-20,23193449;-40,27409976;"SPRF-ES";"DEL02-ES";"UOP01-DEL02-ES"
194201;2019-02-28;"quinta-feira";"22:20:00";"SC";101;198;"BIGUACU";"Falta de Atenção à Condução";"Queda de ocupante de veículo";"Com Vítimas Feridas";"Plena Noite";"Decrescente";"Nublado";"Múltipla";"Reta";"Sim";1;0;1;0;0;0;1;1;-27,5341;-48,6298;"SPRF-SC";"DEL01-SC";"UOP01-DEL01-SC"
194202;2019-02-28;"quinta-feira";"18:25:00";"MT";70;377;"CAMPO VERDE";"Falta de Atenção à Condução";"Colisão lateral";"Sem Vítimas";"Pleno dia";"Crescente";"Céu Claro";"Simples";"Reta";"Sim";2;0;0;0;2;0;0;2;-15,497685;-55,097301;"SPRF-MT";"DEL05-MT";"UOP01-DEL05-MT"
194203;2019-02-28;"quinta-feira";"21:30:00";"MT";163;824;"SINOP";"Ingestão de Álcool";"Colisão traseira";"Com Vítimas Feridas";"Plena Noite";"Decrescente";"Céu Claro";"Dupla";"Interseção de Vias";"Sim";4;0;2;0;2;0;2;2;-11,97270763;-55,5171065;"SPRF-MT";"DEL06-MT";"UOP01-DEL06-MT"
194206;2019-02-28;"quinta-feira";"23:30:00";"ES";262;3,8;"CARIACICA";"Ingestão de Álcool";"Colisão transversal";"Com Vítimas Feridas";"Plena Noite";"Crescente";"Céu Claro";"Múltipla";"Interseção de Vias";"Sim";3;0;3;0;0;0;3;2;-20,3332;-40,3685;"SPRF-ES";"DEL01-ES";"UOP01-DEL01-ES"
194208;2019-02-28;"quinta-feira";"23:20:00";"PB";230;38,6;"SANTA RITA";"Animais na Pista";"Atropelamento de Animal";"Com Vítimas Feridas";"Plena Noite";"Crescente";"Céu Claro";"Múltipla";"Reta";"Não";1;0;1;0;0;0;1;1;-7,137307;-34,969163;"SPRF-PB";"DEL01-PB";"UOP01-DEL01-PB"
194210;2019-03-01;"sexta-feira";"00:30:00";"PR";277;82;"CURITIBA";"Falta de Atenção à Condução";"Capotamento";"Sem Vítimas";"Plena Noite";"Decrescente";"Céu Claro";"Dupla";"Reta";"Sim";1;0;0;0;0;1;0;1;-25,4552487;-49,22437191;"SPRF-PR";"DEL01-PR";"UOP01-DEL01-PR"
194213;2019-02-28;"quinta-feira";"21:30:00";"RS";470;191;"VERANOPOLIS";"Desobediência às normas de trânsito pelo condutor";"Saída de leito carroçável";"Com Vítimas Feridas";"Plena Noite";"Crescente";"Céu Claro";"Simples";"Curva";"Não";2;0;1;0;1;0;1;1;-29,02531905;-51,56641245;"SPRF-RS";"DEL06-RS";"UOP02-DEL06-RS"
194215;2019-03-01;"sexta-feira";"00:46:00";"PR";376;239;"APUCARANA";"Avarias e/ou desgaste excessivo no pneu";"Saída de leito carroçável";"Sem Vítimas";"Plena Noite";"Decrescente";"Nevoeiro/Neblina";"Simples";"Curva";"Não";1;0;0;0;1;0;0;1;-23,58297091;-51,45564039;"SPRF-PR";"DEL07-PR";"UOP03-DEL07-PR"
194216;2019-03-01;"sexta-feira";"01:00:00";"RS";116;520,9;"PELOTAS";"Falta de Atenção à Condução";"Tombamento";"Com Vítimas Feridas";"Plena Noite";"Decrescente";"Céu Claro";"Simples";"Reta";"Não";1;0;0;1;0;0;1;1;-31,70743183;-52,36701965;"SPRF-RS";"DEL07-RS";"UOP01-DEL07-RS"
194217;2019-03-01;"sexta-feira";"01:50:00";"PR";376;179;"MARINGA";"Desobediência às normas de trânsito pelo condutor";"Colisão traseira";"Com Vítimas Feridas";"Plena Noite";"Decrescente";"Céu Claro";"Dupla";"Reta";"Sim";2;0;0;1;0;1;1;2;-23,427254;-51,895123;"SPRF-PR";"DEL07-PR";"UOP01-DEL09-PR"
194218;2019-02-28;"quinta-feira";"23:45:00";"RJ";493;2;"ITABORAI";"Agressão Externa";"Colisão lateral";"Com Vítimas Feridas";"Plena Noite";"Crescente";"Nublado";"Simples";"Em Obras";"Não";3;0;1;0;2;0;1;2;-22,759342;-42,935555;"SPRF-RJ";"DEL04-RJ";"UOP02-DEL04-RJ"
194220;2019-03-01;"sexta-feira";"02:14:00";"MG";381;674,8;"PERDOES";"Condutor Dormindo";"Colisão com objeto estático";"Com Vítimas Feridas";"Plena Noite";"Decrescente";"Chuva";"Dupla";"Curva";"Não";1;0;1;0;0;0;1;1;-21,0913;-45,0724;"SPRF-MG";"DEL04-MG";"UOP02-DEL04-MG"
194222;2019-03-01;"sexta-feira";"01:40:00";"PR";116;205,2;"RIO NEGRO";"Desobediência às normas de trânsito pelo condutor";"Colisão frontal";"Com Vítimas Fatais";"Plena Noite";"Crescente";"Céu Claro";"Simples";"Aclive";"Não";2;1;0;1;0;0;1;2;-26,101749;-49,780796;"SPRF-SC";"DEL06-SC";"UOP01-DEL06-SC"
194225;2019-03-01;"sexta-feira";"04:50:00";"RJ";40;121;"DUQUE DE CAXIAS";"Falta de Atenção do Pedestre";"Atropelamento de Pedestre";"Com Vítimas Feridas";"Amanhecer";"Crescente";"Nublado";"Múltipla";"Declive;Curva";"Sim";2;0;0;1;1;0;1;2;-22,7884;-43,2853;"SPRF-RJ";"DEL01-RJ";"UOP01-DEL01-RJ"
194226;2019-03-01;"sexta-feira";"03:50:00";"RS";285;247;"CIRIACO";"Desobediência às normas de trânsito pelo condutor";"Colisão frontal";"Com Vítimas Feridas";"Plena Noite";"Decrescente";"Céu Claro";"Simples";"Reta";"Não";5;0;1;0;3;1;1;2;-28,278492;-51,947803;"SPRF-RS";"DEL08-RS";"UOP03-DEL08-RS"
194227;2019-03-01;"sexta-feira";"05:10:00";"PR";376;212,3;"MANDAGUARI";"Avarias e/ou desgaste excessivo no pneu";"Queda de ocupante de veículo";"Com Vítimas Feridas";"Amanhecer";"Decrescente";"Nublado";"Dupla";"Reta";"Não";2;0;2;0;0;0;2;1;-23,56411;-51,657597;"SPRF-PR";"DEL07-PR";"UOP01-DEL09-PR"
194228;2019-03-01;"sexta-feira";"03:25:00";"MS";163;545,7;"BANDEIRANTES";"Condutor Dormindo";"Saída de leito carroçável";"Sem Vítimas";"Plena Noite";"Crescente";"Nublado";"Simples";"Reta";"Não";1;0;0;0;0;1;0;1;-19,94063064;-54,36888388;"SPRF-MS";"DEL01-MS";"UOP02-DEL01-MS"
194229;2019-03-01;"sexta-feira";"04:30:00";"BA";324;606;"SIMOES FILHO";"Ingestão de Álcool";"Colisão lateral";"Sem Vítimas";"Amanhecer";"Decrescente";"Céu Claro";"Dupla";"Reta";"Não";3;0;0;0;3;0;0;2;-12,80851631;-38,40569258;"SPRF-BA";"DEL01-BA";"UOP01-DEL01-BA"
194230;2019-03-01;"sexta-feira";"01:37:00";"SP";116;447;"REGISTRO";"Velocidade Incompatível";"Colisão com objeto estático";"Com Vítimas Feridas";"Plena Noite";"Crescente";"Céu Claro";"Múltipla";"Reta";"Sim";2;0;2;0;0;0;2;1;-24,51698001;-47,8524363;"SPRF-SP";"DEL05-SP";"UOP01-DEL05-SP"
194233;2019-03-01;"sexta-feira";"06:20:00";"PB";101;89,2;"JOAO PESSOA";"Falta de Atenção à Condução";"Tombamento";"Com Vítimas Feridas";"Pleno dia";"Decrescente";"Garoa/Chuvisco";"Dupla";"Retorno Regulamentado";"Sim";2;0;0;1;0;1;1;2;-7,1807;-34,9005;"SPRF-PB";"DEL01-PB";"UOP01-DEL01-PB"
194234;2019-03-01;"sexta-feira";"06:00:00";"SP";116;414,8;"JUQUIA";"Falta de Atenção à Condução";"Colisão com objeto estático";"Com Vítimas Feridas";"Pleno dia";"Crescente";"Chuva";"Dupla";"Reta";"Não";2;0;1;0;1;0;1;1;-24,33390667;-47,63814927;"SPRF-SP";"DEL05-SP";"UOP01-DEL05-SP"
194237;2019-03-01;"sexta-feira";"06:00:00";"RS";386;416,9;"MONTENEGRO";"Desobediência às normas de trânsito pelo condutor";"Colisão transversal";"Sem Vítimas";"Amanhecer";"Decrescente";"Céu Claro";"Dupla";"Aclive;Reta";"Sim";4;0;0;0;3;1;0;2;-29,817648;-51,463001;"SPRF-RS";"DEL04-RS";"UOP02-DEL04-RS"
194238;2019-03-01;"sexta-feira";"06:30:00";"GO";50;244,2;"CATALAO";"Falta de Atenção à Condução";"Capotamento";"Com Vítimas Feridas";"Amanhecer";"Crescente";"Nublado";"Simples";"Em Obras";"Sim";1;0;1;0;0;0;1;1;-17,9172;-47,7901;"SPRF-GO";"DEL06-GO";"UOP01-DEL06-GO"
194239;2019-03-01;"sexta-feira";"02:00:00";"RO";364;947;"PORTO VELHO";"Deficiência ou não Acionamento do Sistema de Iluminação/Sinalização do Veículo";"Saída de leito carroçável";"Com Vítimas Feridas";"Plena Noite";"Decrescente";"Chuva";"Simples";"Reta";"Não";26;0;19;7;0;0;26;1;-9,66344771;-65,49251835;"SPRF-RO";"DEL01-RO";"UOP02-DEL01-RO"
194240;2019-03-01;"sexta-feira";"06:48:00";"DF";40;6;"BRASILIA";"Desobediência às normas de trânsito pelo condutor";"Colisão traseira";"Com Vítimas Feridas";"Pleno dia";"Decrescente";"Nublado";"Dupla";"Reta";"Sim";3;0;1;0;2;0;1;2;-16,029741;-47,978867;"SPRF-DF";"DEL01-DF";"UOP01-DEL01-DF"
194243;2019-03-01;"sexta-feira";"06:40:00";"SC";282;1;"FLORIANOPOLIS";"Não guardar distância de segurança";"Colisão traseira";"Com Vítimas Feridas";"Pleno dia";"Decrescente";"Céu Claro";"Dupla";"Declive";"Não";3;0;2;0;1;0;2;2;-27,602955;-48,580509;"SPRF-SC";"DEL01-SC";"UOP01-DEL01-SC"
194244;2019-03-01;"sexta-feira";"06:50:00";"GO";153;34;"PORANGATU";"Defeito na Via";"Saída de leito carroçável";"Com Vítimas Feridas";"Pleno dia";"Crescente";"Céu Claro";"Simples";"Reta";"Não";1;0;1;0;0;0;1;1;-13,120278;-49,199387;"SPRF-GO";"DEL07-GO";"UOP01-DEL07-GO"
194246;2019-03-01;"sexta-feira";"07:10:00";"PE";428;44;"OROCO";"Falta de Atenção à Condução";"Colisão transversal";"Com Vítimas Fatais";"Pleno dia";"Crescente";"Céu Claro";"Simples";"Reta";"Não";4;2;0;0;2;0;0;2;-8,583405;-39,585518;"SPRF-PE";"DEL05-PE";"UOP03-DEL05-PE"
194247;2019-03-01;"sexta-feira";"07:30:00";"PI";343;334,9;"TERESINA";"Falta de Atenção à Condução";"Colisão transversal";"Com Vítimas Feridas";"Pleno dia";"Crescente";"Céu Claro";"Simples";"Reta";"Sim";3;0;1;1;1;0;2;2;-5,057786;-42,688541;"SPRF-PI";"DEL01-PI";"UOP01-DEL01-PI"
194249;2019-03-01;"sexta-feira";"06:20:00";"SP";116;307,5;"SAO LOURENCO DA SERRA";"Pista Escorregadia";"Colisão traseira";"Com Vítimas Feridas";"Amanhecer";"Decrescente";"Chuva";"Dupla";"Reta";"Sim";2;0;1;0;0;1;1;2;-23,8547;-46,93985;"SPRF-SP";"DEL04-SP";"UOP01-DEL04-SP"
194253;2019-02-28;"quinta-feira";"22:00:00";"RO";435;137;"CEREJEIRAS";"Ingestão de Álcool";"Tombamento";"Com Vítimas Feridas";"Plena Noite";"Decrescente";"Nublado";"Simples";"Rotatória";"Não";1;0;1;0;0;0;1;1;-13,189;-60,949322;"SPRF-RO";"DEL04-RO";"UOP02-DEL04-RO"
194254;2019-03-01;"sexta-feira";"06:44:00";"PR";277;726,5;"FOZ DO IGUACU";"Ultrapassagem Indevida";"Saída de leito carroçável";"Sem Vítimas";"Amanhecer";"Decrescente";"Céu Claro";"Dupla";"Reta";"Sim";1;0;0;0;1;0;0;1;-25,510586;-54,554813;"SPRF-PR";"DEL05-PR";"UOP03-DEL05-PR"
194255;2019-03-01;"sexta-feira";"08:10:00";"RN";110;46,7;"MOSSORO";"Falta de Atenção à Condução";"Colisão transversal";"Com Vítimas Feridas";"Pleno dia";"Crescente";"Sol";"Simples";"Rotatória";"Sim";2;0;1;0;1;0;1;2;-5,201468;-37,323618;"SPRF-RN";"DEL04-RN";"UOP01-DEL04-RN"
194256;2019-03-01;"sexta-feira";"07:50:00";"CE";20;418;"MARACANAU";"Defeito na Via";"Queda de ocupante de veículo";"Com Vítimas Feridas";"Pleno dia";"Crescente";"Céu Claro";"Dupla";"Reta";"Não";1;0;1;0;0;0;1;1;-3,76999;-38,670063;"SPRF-CE";"DEL01-CE";"UOP02-DEL01-CE"
194259;2019-03-01;"sexta-feira";"08:00:00";"MG";262;876,1;"CAMPO FLORIDO";"Falta de Atenção à Condução";"Colisão transversal";"Com Vítimas Feridas";"Pleno dia";"Crescente";"Nublado";"Simples";"Interseção de Vias";"Sim";3;0;1;0;0;2;1;3;-19,766943;-48,580914;"SPRF-MG";"DEL13-MG";"UOP01-DEL13-MG"
194260;2019-03-01;"sexta-feira";"07:45:00";"MG";381;496,1;"BETIM";"Falta de Atenção à Condução";"Tombamento";"Com Vítimas Feridas";"Pleno dia";"Decrescente";"Nublado";"Dupla";"Interseção de Vias";"Sim";2;0;2;0;0;0;2;1;-19,97508314;-44,18967247;"SPRF-MG";"DEL01-MG";"UOP03-DEL01-MG"
194261;2019-03-01;"sexta-feira";"07:35:00";"RJ";101;303;"SAO GONCALO";"Não guardar distância de segurança";"Colisão lateral";"Com Vítimas Feridas";"Pleno dia";"Decrescente";"Nublado";"Dupla";"Reta";"Não";2;0;1;0;1;0;1;2;-22,782822;-42,976677;"SPRF-RJ";"DEL02-RJ";"DEL5/2-UOP04/RJ"
194262;2019-02-27;"quarta-feira";"18:40:00";"SC";280;56;"GUARAMIRIM";"Falta de Atenção à Condução";"Colisão transversal";"Com Vítimas Feridas";"Plena Noite";"Crescente";"Chuva";"Simples";"Reta";"Sim";2;0;1;0;1;0;1;2;-26,479477;-49,002987;"SPRF-SC";"DEL03-SC";"UOP03-DEL03-SC"
194263;2019-03-01;"sexta-feira";"08:30:00";"SC";101;198,2;"SAO JOSE";"Não guardar distância de segurança";"Colisão traseira";"Com Vítimas Feridas";"Pleno dia";"Crescente";"Céu Claro";"Múltipla";"Reta";"Sim";2;0;1;0;1;0;1;2;-27,5341;-48,6298;"SPRF-SC";"DEL01-SC";"UOP01-DEL01-SC"
194264;2019-03-01;"sexta-feira";"08:00:00";"PE";428;184;"PETROLINA";"Desobediência às normas de trânsito pelo condutor";"Colisão transversal";"Com Vítimas Feridas";"Pleno dia";"Decrescente";"Sol";"Simples";"Interseção de Vias";"Sim";2;0;1;0;1;0;1;2;-9,34668531;-40,47371864;"SPRF-PE";"DEL06-PE";"UOP01-DEL06-PE"
194265;2019-03-01;"sexta-feira";"08:10:00";"MG";50;44,2;"ARAGUARI";"Defeito Mecânico no Veículo";"Queda de ocupante de veículo";"Com Vítimas Feridas";"Pleno dia";"Crescente";"Nublado";"Dupla";"Declive";"Não";2;0;1;1;0;0;2;1;-18,7141;-48,1974;"SPRF-MG";"DEL15-MG";"UOP02-DEL15-MG"
194268;2019-01-28;"segunda-feira";"12:55:00";"PR";376;539;"PALMEIRA";"Velocidade Incompatível";"Colisão traseira";"Com Vítimas Feridas";"Pleno dia";"Decrescente";"Sol";"Dupla";"Reta";"Não";6;0;4;0;2;0;4;3;-25,3511449;-49,83876768;"SPRF-PR";"DEL01-PR";"UOP06-DEL01-PR"
194270;2019-03-01;"sexta-feira";"07:45:00";"RJ";116;281;"BARRA MANSA";"Pista Escorregadia";"Saída de leito carroçável";"Com Vítimas Feridas";"Pleno dia";"Decrescente";"Nublado";"Dupla";"Curva";"Não";2;0;1;0;1;0;1;1;-22,547443;-44,183659;"SPRF-RJ";"DEL07-RJ";"UOP02-DEL07-RJ"
194272;2019-03-01;"sexta-feira";"08:45:00";"PR";376;591,4;"CURITIBA";"Falta de Atenção à Condução";"Engavetamento";"Com Vítimas Feridas";"Pleno dia";"Crescente";"Céu Claro";"Dupla";"Reta";"Sim";5;0;1;0;4;0;1;5;-25,46317852;-49,35792999;"SPRF-PR";"DEL01-PR";"UOP06-DEL01-PR"
194273;2019-03-01;"sexta-feira";"09:30:00";"RS";158;157;"PANAMBI";"Ingestão de Álcool";"Colisão traseira";"Com Vítimas Feridas";"Pleno dia";"Decrescente";"Céu Claro";"Simples";"Curva";"Não";2;0;2;0;0;0;2;2;-28,334627;-53,501049;"SPRF-RS";"DEL10-RS";"UOP02-DEL10-RS"
194274;2019-03-01;"sexta-feira";"09:40:00";"PR";369;490,3;"CORBELIA";"Não guardar distância de segurança";"Colisão traseira";"Com Vítimas Feridas";"Pleno dia";"Crescente";"Céu Claro";"Simples";"Reta";"Não";4;0;1;0;3;0;1;2;-24,7166;-53,2465;"SPRF-PR";"DEL04-PR";"UOP03-DEL04-PR"
194276;2019-03-01;"sexta-feira";"08:10:00";"PI";316;1,3;"TERESINA";"Sinalização da via insuficiente ou inadequada";"Colisão transversal";"Com Vítimas Feridas";"Pleno dia";"Crescente";"Céu Claro";"Dupla";"Rotatória";"Sim";2;0;1;0;1;0;1;2;-5,128619;-42,807068;"SPRF-PI";"DEL01-PI";"UOP02-DEL01-PI"
194277;2019-03-01;"sexta-feira";"09:15:00";"SC";101;32,1;"JOINVILLE";"Falta de Atenção à Condução";"Colisão com objeto estático";"Com Vítimas Feridas";"Pleno dia";"Decrescente";"Nublado";"Dupla";"Curva";"Não";1;0;1;0;0;0;1;1;-26,24397345;-48,91046226;"SPRF-SC";"DEL03-SC";"UOP01-DEL03-SC"