"id";"data_inversa";"dia_semana";"horario";"uf";"br";"km";"municipio";"causa_acidente";"tipo_acidente";"classificacao_acidente";"fase_dia";"sentido_via";"condicao_metereologica";"tipo_pista";"tracado_via";"uso_solo";"pessoas";"mortos";"feridos_leves";"feridos_graves";"ilesos";"ignorados";"feridos";"veiculos";"latitude";"longitude";"regional";"delegacia";"uop"
194280;2019-03-01;"sexta-feira";"10:10:00";"MG";365;0;"MONTES CLAROS";"Falta de Atenção à Condução";"Colisão traseira";"Com Vítimas Feridas";"Pleno dia";"Decrescente";"Céu Claro";"Simples";"Rotatória";"Sim";3;0;2;0;1;0;2;2;-16,76423466;-43,88366461;"SPRF-MG";"DEL12-MG";"UOP01-DEL12-MG"
194281;2019-03-01;"sexta-feira";"10:00:00";"RS";290;98,1;"PORTO ALEGRE";"Falta de Atenção à Condução";"Colisão lateral";"Com Vítimas Feridas";"Pleno dia";"Decrescente";"Céu Claro";"Dupla";"Reta";"Sim";3;0;1;0;2;0;1;3;-29,994816;-51,217403;"SPRF-RS";"DEL01-RS";"UOP01-DEL01-RS"
194285;2019-03-01;"sexta-feira";"10:30:00";"ES";101;131,3;"LINHARES";"Defeito Mecânico no Veículo";"Queda de ocupante de veículo";"Com Vítimas Feridas";"Pleno dia";"Crescente";"Céu Claro";"Simples";"Declive";"Não";1;0;1;0;0;0;1;1;-19,28604613;-40,08676708;"SPRF-ES";"DEL04-ES";"UOP01-DEL04-ES"
194289;2019-03-01;"sexta-feira";"10:20:00";"GO";153;443;"ANAPOLIS";"Velocidade Incompatível";"Capotamento";"Com Vítimas Feridas";"Pleno dia";"Decrescente";"Nublado";"Dupla";"Reta";"Sim";1;0;1;0;0;0;1;1;-16,334681;-48,922447;"SPRF-GO";"DEL02-GO";"UOP01-DEL02-GO"
194290;2019-03-01;"sexta-feira";"08:20:00";"RS";116;246;"SAO LEOPOLDO";"Não guardar distância de segurança";"Colisão lateral";"Com Vítimas Feridas";"Pleno dia";"Crescente";"Sol";"Dupla";"Reta";"Sim";2;0;1;0;1;0;1;2;-29,758787;-51,151871;"SPRF-RS";"DEL01-RS";"UOP02-DEL01-RS"
194294;2019-03-01;"sexta-feira";"08:20:00";"AC";364;123;"RIO BRANCO";"Desobediência às normas de trânsito pelo condutor";"Colisão traseira";"Com Vítimas Feridas";"Pleno dia";"Crescente";"Garoa/Chuvisco";"Dupla";"Reta";"Sim";3;0;2;0;1;0;2;2;-10,0117071;-67,782373;"SPRF-AC";"DEL01-AC";"UOP01-DEL01-AC"
194295;2019-03-01;"sexta-feira";"11:15:00";"MG";40;43,4;"PARACATU";"Falta de Atenção à Condução";"Colisão transversal";"Com Vítimas Feridas";"Pleno dia";"Crescente";"Céu Claro";"Simples";"Reta";"Sim";4;0;1;0;3;0;1;2;-17,225937;-46,861691;"SPRF-MG";"DEL14-MG";"UOP01-DEL14-MG"
194296;2019-03-01;"sexta-feira";"10:25:00";"PE";232;38,3;"VITORIA DE SANTO ANTAO";"Pista Escorregadia";"Saída de leito carroçável";"Sem Vítimas";"Pleno dia";"Decrescente";"Chuva";"Dupla";"Curva";"Não";1;0;0;0;1;0;0;1;-8,114883;-35,21862;"SPRF-PE";"DEL01-PE";"UOP02-DEL02PE"
194297;2019-03-01;"sexta-feira";"10:55:00";"SC";101;339,8;"TUBARAO";"Falta de Atenção à Condução";"Engavetamento";"Com Vítimas Feridas";"Pleno dia";"Decrescente";"Sol";"Dupla";"Reta";"Sim";6;0;2;0;4;0;2;4;-28,5026;-49,0474;"SPRF-SC";"DEL02-SC";"UOP01-DEL02-SC"
194298;2019-03-01;"sexta-feira";"11:30:00";"PR";277;133;"BALSA NOVA";"Falta de Atenção à Condução";"Colisão traseira";"Sem Vítimas";"Pleno dia";"Decrescente";"Nublado";"Dupla";"Reta";"Não";6;0;0;0;6;0;0;6;-25,47110257;-49,67789764;"SPRF-PR";"DEL01-PR";"UOP06-DEL01-PR"
194299;2019-03-01;"sexta-feira";"09:45:00";"SC";101;202;"SAO JOSE";"Falta de Atenção à Condução";"Colisão traseira";"Com Vítimas Feridas";"Pleno dia";"Crescente";"Céu Claro";"Dupla";"Reta";"Sim";3;0;1;0;2;0;1;3;-27,5651;-48,6144;"SPRF-SC";"DEL01-SC";"UOP01-DEL01-SC"
194300;2019-03-01;"sexta-feira";"11:10:00";"PR";376;500,9;"PONTA GROSSA";"Não guardar distância de segurança";"Saída de leito carroçável";"Com Vítimas Feridas";"Pleno dia";"Crescente";"Nublado";"Dupla";"Reta";"Não";2;0;1;0;1;0;1;1;-25,16252091;-50,12051001;"SPRF-PR";"DEL03-PR";"UOP04-DEL03-PR"
194302;2019-03-01;"sexta-feira";"11:30:00";"SP";116;290,3;"ITAPECERICA DA SERRA";"Velocidade Incompatível";"Colisão com objeto estático";"Com Vítimas Feridas";"Pleno dia";"Decrescente";"Chuva";"Dupla";"Curva";"Não";1;0;1;0;0;0;1;1;-23,72325449;-46,89145457;"SPRF-SP";"DEL04-SP";"UOP01-DEL04-SP"
194306;2019-03-01;"sexta-feira";"11:30:00";"ES";262;1,3;"CARIACICA";"Falta de Atenção à Condução";"Colisão lateral";"Com Vítimas Feridas";"Pleno dia";"Crescente";"Céu Claro";"Múltipla";"Reta";"Sim";2;0;1;0;1;0;1;2;-20,3286;-40,355;"SPRF-ES";"DEL01-ES";"UOP01-DEL01-ES"
194308;2019-03-01;"sexta-feira";"11:00:00";"RJ";116;167;"SAO JOAO DE MERITI";"Não guardar distância de segurança";"Colisão traseira";"Com Vítimas Feridas";"Pleno dia";"Crescente";"Nublado";"Múltipla";"Reta";"Sim";2;0;1;0;1;0;1;2;-22,818039;-43,307873;"SPRF-RJ";"DEL01-RJ";"UOP02-DEL01-RJ"
194309;2019-03-01;"sexta-feira";"12:00:00";"PE";101;136;"RIBEIRAO";"Pista Escorregadia";"Capotamento";"Com Vítimas Feridas";"Pleno dia";"Decrescente";"Chuva";"Dupla";"Curva";"Não";3;0;1;0;2;0;1;1;-8,4146;-35,3106;"SPRF-PE";"DEL01-PE";"UOP03-DEL01-PE"
194311;2019-03-01;"sexta-feira";"11:45:00";"SP";116;146,6;"SAO JOSE DOS CAMPOS";"Pista Escorregadia";"Colisão traseira";"Com Vítimas Feridas";"Pleno dia";"Decrescente";"Chuva";"Simples";"Curva";"Sim";2;0;1;0;1;0;1;2;-23,19149374;-45,86174011;"SPRF-SP";"DEL02-SP";"UOP01-DEL02-SP"
194312;2019-03-01;"sexta-feira";"11:06:00";"RR";174;503;"BOA VISTA";"Falta de Atenção à Condução";"Colisão traseira";"Com Vítimas Feridas";"Pleno dia";"Decrescente";"Céu Claro";"Dupla";"Reta";"Sim";2;0;1;0;1;0;1;2;2,80269612;-60,69368541;"SPRF-RR";"DEL01-RR";"UOP01-DEL01-RR"
194313;2019-03-01;"sexta-feira";"12:10:00";"GO";60;325,6;"ACREUNA";"Velocidade Incompatível";"Saída de leito carroçável";"Com Vítimas Feridas";"Pleno dia";"Crescente";"Céu Claro";"Dupla";"Reta";"Não";3;0;1;1;0;1;2;2;-17,5204;-50,4872;"SPRF-GO";"DEL04-GO";"UOP01-DEL04-GO"
194314;2019-03-01;"sexta-feira";"12:00:00";"CE";20;415;"MARACANAU";"Defeito Mecânico no Veículo";"Incêndio";"Sem Vítimas";"Pleno dia";"Crescente";"Nublado";"Dupla";"Em Obras;Reta";"Não";1;0;0;0;1;0;0;1;-3,76999;-38,670063;"SPRF-CE";"DEL01-CE";"UOP02-DEL01-CE"
194315;2019-03-01;"sexta-feira";"11:50:00";"CE";116;1;"FORTALEZA";"Falta de Atenção do Pedestre";"Atropelamento de Pedestre";"Com Vítimas Feridas";"Pleno dia";"Decrescente";"Céu Claro";"Dupla";"Reta";"Não";2;0;1;1;0;0;2;2;-3,7704;-38,5169;"SPRF-CE";"DEL01-CE";"UOP02-DEL01-CE"
194316;2019-03-01;"sexta-feira";"12:20:00";"BA";324;512;"FEIRA DE SANTANA";"Falta de Atenção do Pedestre";"Atropelamento de Pedestre";"Com Vítimas Feridas";"Pleno dia";"Crescente";"Céu Claro";"Múltipla";"Reta";"Sim";2;0;0;1;0;1;1;2;-12,23105157;-38,96091353;"SPRF-BA";"DEL02-BA";"UOP01-DEL02-BA"
194317;2019-03-01;"sexta-feira";"12:15:00";"RS";158;565;"SANTANA DO LIVRAMENTO";"Falta de Atenção à Condução";"Colisão transversal";"Com Vítimas Feridas";"Pleno dia";"Decrescente";"Céu Claro";"Simples";"Reta";"Não";3;0;1;0;2;0;1;3;-30,868536;-55,507889;"SPRF-RS";"DEL11-RS";"UOP01-DEL11-RS"
194320;2019-03-01;"sexta-feira";"13:25:00";"CE";222;224,4;"SOBRAL";"Falta de Atenção à Condução";"Colisão transversal";"Com Vítimas Feridas";"Pleno dia";"Crescente";"Céu Claro";"Simples";"Reta";"Não";2;0;1;0;1;0;1;2;-3,71179;-40,34383;"SPRF-CE";"DEL04-CE";"UOP01-DEL04-CE"
194321;2019-03-01;"sexta-feira";"13:12:00";"PR";277;101;"CURITIBA";"Desobediência às normas de trânsito pelo condutor";"Colisão traseira";"Sem Vítimas";"Pleno dia";"Decrescente";"Céu Claro";"Dupla";"Reta";"Não";3;0;0;0;3;0;0;3;-25,4276643;-49,38797593;"SPRF-PR";"DEL01-PR";"UOP06-DEL01-PR"
194322;2019-02-22;"sexta-feira";"10:10:00";"AL";104;59;"MURICI";"Falta de Atenção à Condução";"Colisão transversal";"Com Vítimas Feridas";"Pleno dia";"Crescente";"Céu Claro";"Simples";"Reta";"Sim";3;0;1;1;1;0;2;2;-9,30688;-35,940841;"SPRF-AL";"DEL01-AL";"UOP02-DEL01-AL"
194323;2019-03-01;"sexta-feira";"11:15:00";"MT";70;1;"BARRA DO GARCAS";"Falta de Atenção do Pedestre";"Atropelamento de Pedestre";"Com Vítimas Feridas";"Pleno dia";"Crescente";"Céu Claro";"Simples";"Reta";"Sim";2;0;1;0;1;0;1;2;-15,891638;-52,262032;"SPRF-MT";"DEL07-MT";"UOP01-DEL07-MT"
194324;2019-03-01;"sexta-feira";"13:40:00";"RS";293;4,3;"PELOTAS";"Falta de Atenção à Condução";"Colisão transversal";"Com Vítimas Feridas";"Pleno dia";"Crescente";"Céu Claro";"Simples";"Curva";"Sim";8;0;5;3;0;0;8;2;-31,73678;-52,36652;"SPRF-RS";"DEL07-RS";"UOP01-DEL07-RS"
194325;2019-03-01;"sexta-feira";"08:00:00";"MT";364;272;"JACIARA";"Falta de Atenção do Pedestre";"Atropelamento de Pedestre";"Com Vítimas Feridas";"Pleno dia";"Decrescente";"Céu Claro";"Dupla";"Reta";"Sim";2;0;0;1;1;0;1;2;-15,96668;-54,96122;"SPRF-MT";"DEL02-MT";"UOP02-DEL05-MT"
194326;2019-03-01;"sexta-feira";"13:25:00";"PB";230;5;"CABEDELO";"Desobediência às normas de trânsito pelo condutor";"Colisão transversal";"Com Vítimas Feridas";"Pleno dia";"Decrescente";"Céu Claro";"Dupla";"Reta";"Sim";2;0;1;0;1;0;1;2;-7,01;-34,8312;"SPRF-PB";"DEL01-PB";"UOP01-DEL01-PB"
194327;2019-03-01;"sexta-feira";"13:40:00";"PR";376;4;"MARINGA";"Animais na Pista";"Queda de ocupante de veículo";"Com Vítimas Feridas";"Pleno dia";"Crescente";"Céu Claro";"Dupla";"Reta";"Não";1;0;1;0;0;0;1;1;-23,4273;-51,9375;"SPRF-PR";"DEL07-PR";"UOP01-DEL09-PR"
194328;2019-03-01;"sexta-feira";"12:30:00";"PR";277;106,5;"CAMPO LARGO";"Velocidade Incompatível";"Saída de leito carroçável";"Com Vítimas Feridas";"Pleno dia";"Decrescente";"Sol";"Dupla";"Reta";"Não";2;0;2;0;0;0;2;1;-25,42847004;-49,39101219;"SPRF-PR";"DEL01-PR";"UOP06-DEL01-PR"
194330;2019-03-01;"sexta-feira";"13:00:00";"PB";104;114,2;"LAGOA SECA";"Não guardar distância de segurança";"Colisão traseira";"Com Vítimas Feridas";"Pleno dia";"Crescente";"Nublado";"Simples";"Reta";"Sim";3;0;2;0;1;0;2;2;-7,162039;-35,857132;"SPRF-PB";"DEL02-PB";"UOP04-DEL02-PB"
194331;2019-03-01;"sexta-feira";"13:30:00";"SC";101;129;"BALNEARIO CAMBORIU";"Falta de Atenção à Condução";"Colisão traseira";"Com Vítimas Feridas";"Pleno dia";"Crescente";"Céu Claro";"Dupla";"Reta";"Não";2;0;1;0;1;0;1;2;-26,984;-48,6695;"SPRF-SC";"DEL04-SC";"UOP03-DEL04-SC"
194332;2019-03-01;"sexta-feira";"13:45:00";"SP";153;62;"SAO JOSE DO RIO PRETO";"Falta de Atenção à Condução";"Colisão traseira";"Sem Vítimas";"Pleno dia";"Crescente";"Nublado";"Dupla";"Aclive;Reta";"Sim";2;0;0;0;2;0;0;2;-20,81328;-49,356758;"SPRF-SP";"DEL09-SP";"UOP01-DEL09-SP"
194334;2019-03-01;"sexta-feira";"13:50:00";"SC";101;190,7;"BIGUACU";"Não guardar distância de segurança";"Colisão traseira";"Sem Vítimas";"Pleno dia";"Crescente";"Céu Claro";"Dupla";"Reta";"Sim";3;0;0;0;3;0;0;3;-27,4775;-48,6413;"SPRF-SC";"DEL01-SC";"UOP01-DEL01-SC"
194335;2019-03-01;"sexta-feira";"14:10:00";"MG";116;277;"TEOFILO OTONI";"Falta de Atenção à Condução";"Queda de ocupante de veículo";"Com Vítimas Feridas";"Pleno dia";"Crescente";"Céu Claro";"Simples";"Reta";"Sim";1;0;1;0;0;0;1;1;-17,86187406;-41,51498367;"SPRF-MG";"DEL11-MG";"UOP01-DEL11-MG"
194336;2019-03-01;"sexta-feira";"13:00:00";"GO";153;597;"PIRACANJUBA";"Falta de Atenção à Condução";"Saída de leito carroçável";"Sem Vítimas";"Pleno dia";"Crescente";"Chuva";"Dupla";"Curva;Declive";"Não";2;0;0;0;2;0;0;1;-17,50377432;-49,21514511;"SPRF-GO";"DEL03-GO";"UOP01-DEL03-GO"
194337;2019-03-01;"sexta-feira";"14:10:00";"ES";101;147;"LINHARES";"Desobediência às normas de trânsito pelo condutor";"Colisão transversal";"Com Vítimas Feridas";"Pleno dia";"Crescente";"Céu Claro";"Simples";"Rotatória";"Sim";2;0;1;1;0;0;2;2;-19,37942447;-40,06662738;"SPRF-ES";"DEL04-ES";"UOP01-DEL04-ES"
194338;2019-03-01;"sexta-feira";"14:35:00";"PI";343;4;"TERESINA";"Fenômenos da Natureza";"Colisão traseira";"Com Vítimas Feridas";"Pleno dia";"Decrescente";"Chuva";"Dupla";"Reta";"Sim";2;0;1;0;1;0;1;2;-5,089569;-42,802288;"SPRF-PI";"DEL01-PI";"UOP01-DEL01-PI"
194340;2019-03-01;"sexta-feira";"14:28:00";"BA";324;550,1;"AMELIA RODRIGUES";"Falta de Atenção à Condução";"Queda de ocupante de veículo";"Com Vítimas Feridas";"Pleno dia";"Crescente";"Nublado";"Dupla";"Reta";"Não";1;0;1;0;0;0;1;1;-12,44781035;-38,71433169;"SPRF-BA";"DEL01-BA";"UOP01-DEL01-BA"
194341;2019-03-01;"sexta-feira";"11:00:00";"SC";282;409,9;"CATANDUVAS";"Falta de Atenção à Condução";"Colisão transversal";"Com Vítimas Feridas";"Pleno dia";"Crescente";"Sol";"Simples";"Rotatória";"Sim";6;0;4;0;2;0;4;2;-27,065756;-51,664165;"SPRF-SC";"DEL07-SC";"UOP05-DEL07-SC"
194342;2019-03-01;"sexta-feira";"12:00:00";"RJ";101;489;"ANGRA DOS REIS";"Falta de Atenção à Condução";"Colisão traseira";"Com Vítimas Feridas";"Pleno dia";"Decrescente";"Chuva";"Dupla";"Reta";"Não";2;0;0;1;1;0;1;2;-22,9914072;-44,2422465;"SPRF-RJ";"DEL03-RJ";"UOP03-DEL03-RJ"
194343;2019-03-01;"sexta-feira";"14:50:00";"MG";40;463,1;"SETE LAGOAS";"Ingestão de Álcool";"Queda de ocupante de veículo";"Com Vítimas Feridas";"Pleno dia";"Crescente";"Chuva";"Dupla";"Declive;Curva";"Não";2;0;0;2;0;0;2;1;-19,4295;-44,3368;"SPRF-MG";"DEL02-MG";"UOP01-DEL02-MG"
194344;2019-03-01;"sexta-feira";"14:40:00";"RS";116;267,5;"CANOAS";"Não guardar distância de segurança";"Colisão lateral";"Com Vítimas Feridas";"Pleno dia";"Decrescente";"Sol";"Simples";"Reta";"Sim";3;0;1;0;2;0;1;3;-29,941397;-51,176971;"SPRF-RS";"DEL01-RS";"UOP01-DEL01-RS"
194347;2019-03-01;"sexta-feira";"14:30:00";"PR";163;194,8;"CASCAVEL";"Avarias e/ou desgaste excessivo no pneu";"Queda de ocupante de veículo";"Com Vítimas Feridas";"Pleno dia";"Decrescente";"Sol";"Dupla";"Reta";"Não";1;0;1;0;0;0;1;1;-25,0731;-53,574;"SPRF-PR";"DEL04-PR";"UOP05-DEL05-PR"
194349;2019-03-01;"sexta-feira";"15:20:00";"MG";50;163,6;"UBERABA";"Defeito Mecânico no Veículo";"Tombamento";"Com Vítimas Feridas";"Pleno dia";"Decrescente";"Nublado";"Dupla";"Declive";"Não";2;0;1;0;0;1;1;2;-19,6844;-47,9929;"SPRF-MG";"DEL13-MG";"UOP01-DEL13-MG"
194350;2019-02-28;"quinta-feira";"22:30:00";"RS";472;636;"BARRA DO QUARAI";"Condutor Dormindo";"Saída de leito carroçável";"Com Vítimas Feridas";"Plena Noite";"Decrescente";"Céu Claro";"Simples";"Reta";"Não";1;0;1;0;0;0;1;1;-30,168614;-57,43362;"SPRF-RS";"DEL13-RS";"UOP01-DEL13-RS"
194351;2019-03-01;"sexta-feira";"15:25:00";"BA";101;900;"CARAVELAS";"Ultrapassagem Indevida";"Saída de leito carroçável";"Com Vítimas Feridas";"Pleno dia";"Crescente";"Sol";"Simples";"Reta";"Não";1;0;1;0;0;0;1;1;-17,7277;-39,7669;"SPRF-BA";"DEL09-BA";"UOP02-DEL09-BA"
194352;2019-03-01;"sexta-feira";"15:00:00";"MG";381;833;"SAO SEBASTIAO DA BELA VISTA";"Avarias e/ou desgaste excessivo no pneu";"Saída de leito carroçável";"Com Vítimas Feridas";"Pleno dia";"Decrescente";"Chuva";"Dupla";"Reta";"Não";2;0;2;0;0;0;2;1;-22,15829896;-45,82738805;"SPRF-MG";"DEL16-MG";"UOP01-DEL16-MG"
194353;2019-03-01;"sexta-feira";"14:50:00";"BA";101;820;"ITAMARAJU";"Defeito Mecânico no Veículo";"Saída de leito carroçável";"Com Vítimas Feridas";"Pleno dia";"Crescente";"Sol";"Simples";"Reta";"Não";3;0;3;0;0;0;3;1;-17,1054;-39,5601;"SPRF-BA";"DEL09-BA";"UOP01-DEL09-BA"
194354;2019-03-01;"sexta-feira";"15:30:00";"ES";101;67;"SAO MATEUS";"Desobediência às normas de trânsito pelo condutor";"Colisão transversal";"Com Vítimas Feridas";"Pleno dia";"Crescente";"Céu Claro";"Dupla";"Reta";"Sim";3;0;1;0;2;0;1;2;-18,720545;-39,865883;"SPRF-ES";"DEL04-ES";"UOP02-DEL04-ES"
194355;2019-03-01;"sexta-feira";"15:15:00";"SP";116;231;"SAO PAULO";"Falta de Atenção à Condução";"Queda de ocupante de veículo";"Com Vítimas Feridas";"Pleno dia";"Decrescente";"Céu Claro";"Dupla";"Reta";"Sim";1;0;1;0;0;0;1;1;-23,52070066;-46,58347893;"SPRF-SP";"DEL01-SP";"UOP01-DEL01-SP"
194356;2019-03-01;"sexta-feira";"15:15:00";"SC";101;192;"BIGUACU";"Não guardar distância de segurança";"Colisão traseira";"Sem Vítimas";"Pleno dia";"Crescente";"Céu Claro";"Múltipla";"Reta";"Sim";2;0;0;0;2;0;0;2;-27,4897;-48,6559;"SPRF-SC";"DEL01-SC";"UOP01-DEL01-SC"
194359;2019-03-01;"sexta-feira";"15:40:00";"RS";290;90;"PORTO ALEGRE";"Falta de Atenção à Condução";"Colisão lateral";"Com Vítimas Feridas";"Pleno dia";"Decrescente";"Céu Claro";"Dupla";"Reta";"Sim";2;0;1;0;1;0;1;2;-29,968319;-51,157398;"SPRF-RS";"DEL01-RS";"UOP01-DEL01-RS"
194360;2019-03-01;"sexta-feira";"15:40:00";"SC";470;86,2;"RODEIO";"Falta de Atenção à Condução";"Colisão transversal";"Com Vítimas Fatais";"Pleno dia";"Crescente";"Céu Claro";"Simples";"Interseção de Vias";"Não";4;1;0;1;2;0;1;2;-26,94959773;-49,35925484;"SPRF-SC";"DEL04-SC";"UOP01-DEL04-SC"
194361;2019-03-01;"sexta-feira";"14:50:00";"RS";386;367,9;"FAZENDA VILANOVA";"Falta de Atenção à Condução";"Colisão traseira";"Com Vítimas Feridas";"Pleno dia";"Crescente";"Céu Claro";"Dupla";"Rotatória";"Não";5;0;4;0;1;0;4;2;-29,58115583;-51,84098851;"SPRF-RS";"DEL04-RS";"UOP02-DEL04-RS"
194362;2019-03-01;"sexta-feira";"16:00:00";"GO";50;151;"CAMPO ALEGRE DE GOIAS";"Pista Escorregadia";"Saída de leito carroçável";"Com Vítimas Feridas";"Pleno dia";"Crescente";"Nublado";"Dupla";"Reta";"Não";2;0;2;0;0;0;2;1;-17,1825;-47,7291;"SPRF-GO";"DEL06-GO";"UOP01-DEL06-GO"
194363;2019-03-01;"sexta-feira";"14:00:00";"RJ";101;51;"CAMPOS DOS GOYTACAZES";"Ultrapassagem Indevida";"Colisão frontal";"Com Vítimas Feridas";"Pleno dia";"Crescente";"Chuva";"Simples";"Reta";"Não";2;0;1;0;1;0;1;2;-21,642723;-41,311703;"SPRF-RJ";"DEL08-RJ";"UOP01-DEL08-RJ"
194364;2019-03-01;"sexta-feira";"15:45:00";"SP";116;208;"GUARULHOS";"Falta de Atenção à Condução";"Colisão com objeto estático";"Com Vítimas Feridas";"Pleno dia";"Crescente";"Chuva";"Dupla";"Reta";"Sim";4;0;2;0;2;0;2;1;-23,42229511;-46,3942802;"SPRF-SP";"DEL01-SP";"UOP01-DEL01-SP"
194366;2019-03-01;"sexta-feira";"16:11:00";"DF";40;5;"BRASILIA";"Não guardar distância de segurança";"Colisão traseira";"Com Vítimas Feridas";"Pleno dia";"Crescente";"Céu Claro";"Simples";"Reta";"Sim";2;0;1;0;1;0;1;2;-16,020903;-47,980541;"SPRF-DF";"DEL01-DF";"UOP01-DEL01-DF"
194367;2019-03-01;"sexta-feira";"16:13:00";"MG";116;756,3;"LEOPOLDINA";"Desobediência às normas de trânsito pelo condutor";"Colisão frontal";"Com Vítimas Fatais";"Pleno dia";"Crescente";"Céu Claro";"Simples";"Reta";"Não";2;1;0;0;1;0;0;2;-21,492518;-42,585791;"SPRF-MG";"DEL07-MG";"UOP01-DEL07-MG"
194369;2019-03-01;"sexta-feira";"16:00:00";"SP";153;219,3;"MARILIA";"Falta de Atenção à Condução";"Colisão frontal";"Com Vítimas Feridas";"Pleno dia";"Crescente";"Garoa/Chuvisco";"Simples";"Reta";"Não";2;0;2;0;0;0;2;2;-21,987995;-49,914902;"SPRF-SP";"DEL07-SP";"UOP02-DEL07-SP"
194371;2019-03-01;"sexta-feira";"16:30:00";"MG";262;447;"NOVA SERRANA";"Agressão Externa";"Capotamento";"Sem Vítimas";"Pleno dia";"Crescente";"Céu Claro";"Simples";"Reta";"Não";3;0;0;0;3;0;0;2;-19,863728;-44,997971;"SPRF-MG";"DEL08-MG";"UOP03-DEL08-MG"
194373;2019-03-01;"sexta-feira";"15:30:00";"SC";101;109;"PENHA";"Defeito Mecânico no Veículo";"Incêndio";"Sem Vítimas";"Pleno dia";"Crescente";"Sol";"Múltipla";"Curva";"Sim";1;0;0;0;1;0;0;1;-26,8349;-48,7062;"SPRF-SC";"DEL03-SC";"UOP02-DEL03-SC"
194374;2019-03-01;"sexta-feira";"15:50:00";"PR";277;83;"CURITIBA";"Falta de Atenção à Condução";"Colisão traseira";"Sem Vítimas";"Pleno dia";"Decrescente";"Céu Claro";"Dupla";"Reta";"Sim";2;0;0;0;2;0;0;2;-25,45022619;-49,22837913;"SPRF-PR";"DEL01-PR";"UOP01-DEL01-PR"
194375;2019-03-01;"sexta-feira";"14:45:00";"RO";319;62,8;"PORTO VELHO";"Desobediência às normas de trânsito pelo condutor";"Colisão transversal";"Com Vítimas Feridas";"Pleno dia";"Crescente";"Nublado";"Dupla";"Reta";"Sim";2;0;1;0;1;0;1;2;-8,746046;-63,888527;"SPRF-RO";"DEL01-RO";"UOP01-DEL01-RO"
194376;2019-02-19;"terça-feira";"17:35:00";"BA";116;674;"JEQUIE";"Falta de Atenção à Condução";"Colisão traseira";"Com Vítimas Feridas";"Pleno dia";"Decrescente";"Céu Claro";"Simples";"Reta";"Sim";3;0;1;1;1;0;2;2;-13,862844;-40,112804;"SPRF-BA";"DEL03-BA";"UOP01-DEL03-BA"
194378;2019-03-01;"sexta-feira";"16:45:00";"PE";232;90,1;"SAIRE";"Falta de Atenção à Condução";"Colisão transversal";"Com Vítimas Feridas";"Pleno dia";"Crescente";"Céu Claro";"Dupla";"Curva";"Não";3;0;2;0;1;0;2;2;-8,216229;-35,646755;"SPRF-PE";"DEL01-PE";"UOP02-DEL02PE"
194379;2019-03-01;"sexta-feira";"08:45:00";"PI";316;2,8;"TERESINA";"Falta de Atenção à Condução";"Tombamento";"Com Vítimas Feridas";"Pleno dia";"Crescente";"Nublado";"Múltipla";"Reta";"Não";1;0;0;1;0;0;1;1;-5,124775;-42,798485;"SPRF-PI";"DEL01-PI";"UOP02-DEL01-PI"
194382;2019-03-01;"sexta-feira";"16:45:00";"SP";381;75,5;"SAO PAULO";"Pista Escorregadia";"Colisão com objeto estático";"Com Vítimas Feridas";"Pleno dia";"Crescente";"Chuva";"Dupla";"Curva";"Não";3;0;2;0;1;0;2;1;-23,3765964;-46,56169133;"SPRF-SP";"DEL03-SP";"UOP01-DEL03-SP"
194384;2019-03-01;"sexta-feira";"17:10:00";"PR";153;368;"RIO AZUL";"Velocidade Incompatível";"Colisão com objeto estático";"Com Vítimas Feridas";"Pleno dia";"Crescente";"Céu Claro";"Simples";"Curva";"Não";3;0;2;0;1;0;2;1;-25,74790357;-50,81720006;"SPRF-PR";"DEL03-PR";"UOP02-DEL08-PR"
194385;2019-03-01;"sexta-feira";"16:45:00";"MG";116;418;"GOVERNADOR VALADARES";"Desobediência às normas de trânsito pelo condutor";"Colisão transversal";"Com Vítimas Feridas";"Pleno dia";"Crescente";"Sol";"Simples";"Reta";"Sim";2;0;1;0;1;0;1;2;-18,90343939;-41,94382131;"SPRF-MG";"DEL06-MG";"UOP01-DEL06-MG"
194386;2019-03-01;"sexta-feira";"17:00:00";"PE";232;7;"RECIFE";"Falta de Atenção à Condução";"Colisão traseira";"Sem Vítimas";"Pleno dia";"Crescente";"Nublado";"Dupla";"Reta";"Sim";2;0;0;0;2;0;0;2;-8,073346;-34,96188;"SPRF-PE";"DEL01-PE";"UOP01-DEL01-PE"
194387;2019-03-01;"sexta-feira";"16:50:00";"SP";101;50;"UBATUBA";"Falta de Atenção à Condução";"Colisão traseira";"Com Vítimas Feridas";"Pleno dia";"Decrescente";"Chuva";"Simples";"Reta";"Sim";4;0;1;0;3;0;1;3;-23,45022;-45,077404;"SPRF-SP";"DEL06-SP";"UOP01-DEL06-SP"
194388;2019-03-01;"sexta-feira";"15:30:00";"RS";158;101,7;"PALMEIRA DAS MISSOES";"Falta de Atenção à Condução";"Colisão transversal";"Com Vítimas Feridas";"Pleno dia";"Decrescente";"Céu Claro";"Simples";"Interseção de Vias";"Não";2;0;2;0;0;0;2;2;-27,90769;-53,339855;"SPRF-RS";"DEL08-RS";"UOP02-DEL08-RS"
194389;2019-03-01;"sexta-feira";"17:10:00";"SE";101;116;"ITAPORANGA DAJUDA";"Falta de Atenção à Condução";"Colisão com objeto estático";"Com Vítimas Feridas";"Pleno dia";"Decrescente";"Céu Claro";"Dupla";"Curva";"Não";2;0;1;1;0;0;2;1;-11,00551479;-37,30922699;"SPRF-SE";"DEL02-SE";"UOP01-DEL02-SE"