"id";"data_inversa";"dia_semana";"horario";"uf";"br";"km";"municipio";"causa_acidente";"tipo_acidente";"classificacao_acidente";"fase_dia";"sentido_via";"condicao_metereologica";"tipo_pista";"tracado_via";"uso_solo";"pessoas";"mortos";"feridos_leves";"feridos_graves";"ilesos";"ignorados";"feridos";"veiculos";"latitude";"longitude";"regional";"delegacia";"uop"
194391;2019-03-01;"sexta-feira";"16:50:00";"CE";222;3,7;"FORTALEZA";"Não guardar distância de segurança";"Colisão traseira";"Com Vítimas Feridas";"Pleno dia";"Crescente";"Nublado";"Múltipla";"Reta";"Sim";2;0;1;0;1;0;1;2;-3,740385;-38,595749;"SPRF-CE";"DEL01-CE";"UOP01-DEL01-CE"
194392;2019-03-01;"sexta-feira";"17:30:00";"ES";259;1,2;"JOAO NEIVA";"Falta de Atenção à Condução";"Atropelamento de Pedestre";"Com Vítimas Feridas";"Anoitecer";"Crescente";"Sol";"Simples";"Reta";"Sim";3;0;0;2;1;0;2;2;-19,73798;-40,377514;"SPRF-ES";"DEL02-ES";"UOP01-DEL02-ES"
194393;2019-03-01;"sexta-feira";"17:50:00";"RN";226;12,7;"MACAIBA";"Ultrapassagem Indevida";"Colisão lateral";"Com Vítimas Feridas";"Anoitecer";"Crescente";"Nublado";"Simples";"Reta";"Sim";2;0;1;0;1;0;1;2;-5,847669;-35,312698;"SPRF-RN";"DEL01-RN";"UOP02-DEL01-RN"
194395;2019-03-01;"sexta-feira";"13:30:00";"SC";282;163,6;"BOM RETIRO";"Velocidade Incompatível";"Saída de leito carroçável";"Com Vítimas Feridas";"Pleno dia";"Decrescente";"Céu Claro";"Simples";"Reta";"Não";1;0;0;1;0;0;1;1;-27,729801;-49,783264;"SPRF-SC";"DEL05-SC";"UOP01-DEL05-SC"
194397;2019-03-01;"sexta-feira";"16:50:00";"RJ";40;78;"PETROPOLIS";"Falta de Atenção à Condução";"Colisão traseira";"Com Vítimas Feridas";"Pleno dia";"Decrescente";"Nublado";"Simples";"Reta";"Não";2;0;1;0;1;0;1;2;-22,5111;-43,2316;"SPRF-RJ";"DEL06-RJ";"UOP01-DEL06-RJ"
194398;2019-03-01;"sexta-feira";"18:00:00";"ES";262;109;"VENDA NOVA DO IMIGRANTE";"Falta de Atenção à Condução";"Colisão lateral";"Com Vítimas Feridas";"Anoitecer";"Decrescente";"Céu Claro";"Simples";"Reta";"Não";2;0;1;0;1;0;1;2;-20,3359;-41,1728;"SPRF-ES";"DEL01-ES";"UOP02-DEL01-ES"
194399;2019-03-01;"sexta-feira";"05:00:00";"BA";101;15,2;"RIO REAL";"Condutor Dormindo";"Saída de leito carroçável";"Com Vítimas Feridas";"Amanhecer";"Decrescente";"Céu Claro";"Dupla";"Reta";"Não";2;0;1;1;0;0;2;1;-11,6064;-37,8807;"SPRF-SE";"DEL02-SE";"UOP03-DEL02-SE"
194400;2019-03-01;"sexta-feira";"13:15:00";"SC";280;289;"PORTO UNIAO";"Falta de Atenção à Condução";"Capotamento";"Com Vítimas Feridas";"Plena Noite";"Decrescente";"Céu Claro";"Simples";"Aclive";"Não";8;0;6;2;0;0;8;2;-26,296299;-50,915482;"SPRF-SC";"DEL06-SC";"UOP04-DEL06-SC"
194401;2019-03-01;"sexta-feira";"17:50:00";"SC";101;126,5;"ITAJAI";"Falta de Atenção à Condução";"Colisão lateral";"Com Vítimas Feridas";"Pleno dia";"Crescente";"Nublado";"Dupla";"Reta;Aclive";"Não";3;0;2;0;1;0;2;2;-26,964;-48,6832;"SPRF-SC";"DEL04-SC";"UOP04-DEL04-SC"
194402;2019-03-01;"sexta-feira";"17:30:00";"CE";20;304;"CANINDE";"Defeito Mecânico no Veículo";"Atropelamento de Pedestre";"Com Vítimas Feridas";"Pleno dia";"Crescente";"Céu Claro";"Simples";"Reta";"Sim";3;0;0;2;1;0;2;2;-4,34944;-39,299339;"SPRF-CE";"DEL02-CE";"UOP01-DEL02-CE"
194404;2019-03-01;"sexta-feira";"17:50:00";"SP";116;224,8;"GUARULHOS";"Não guardar distância de segurança";"Colisão lateral";"Com Vítimas Feridas";"Pleno dia";"Decrescente";"Nublado";"Múltipla";"Reta";"Sim";4;0;1;0;1;2;1;4;-23,4868604;-46,5422142;"SPRF-SP";"DEL01-SP";"UOP01-DEL01-SP"
194405;2019-03-01;"sexta-feira";"18:00:00";"RN";226;1,8;"NATAL";"Desobediência às normas de trânsito pelo condutor";"Colisão lateral";"Com Vítimas Feridas";"Plena Noite";"Decrescente";"Chuva";"Dupla";"Reta";"Sim";2;0;1;0;1;0;1;2;-5,806421;-35,241673;"SPRF-RN";"DEL01-RN";"UOP02-DEL01-RN"
194406;2019-03-01;"sexta-feira";"18:10:00";"SC";101;129;"BALNEARIO CAMBORIU";"Falta de Atenção à Condução";"Saída de leito carroçável";"Com Vítimas Feridas";"Pleno dia";"Crescente";"Céu Claro";"Dupla";"Reta";"Não";1;0;0;1;0;0;1;1;-26,984;-48,6695;"SPRF-SC";"DEL04-SC";"UOP03-DEL04-SC"
194407;2019-03-01;"sexta-feira";"18:30:00";"SP";116;229;"SAO PAULO";"Não guardar distância de segurança";"Tombamento";"Com Vítimas Feridas";"Anoitecer";"Decrescente";"Nublado";"Múltipla";"Reta";"Sim";1;0;1;0;0;0;1;1;-23,51375883;-46,57668982;"SPRF-SP";"DEL01-SP";"UOP01-DEL01-SP"
194409;2019-03-01;"sexta-feira";"16:50:00";"PR";376;124,3;"ALTO PARANA";"Objeto estático sobre o leito carroçável";"Colisão com objeto estático";"Com Vítimas Feridas";"Pleno dia";"Decrescente";"Céu Claro";"Dupla";"Declive";"Não";1;0;1;0;0;0;1;1;-23,13894837;-52,28842288;"SPRF-PR";"DEL07-PR";"UOP02-DEL09-PR"
194410;2019-03-01;"sexta-feira";"18:35:00";"PI";402;7,3;"BURITI DOS LOPES";"Animais na Pista";"Atropelamento de Animal";"Com Vítimas Feridas";"Plena Noite";"Crescente";"Nublado";"Simples";"Reta";"Não";1;0;1;0;0;0;1;1;-3,100716;-41,842846;"SPRF-PI";"DEL05-PI";"UOP01-DEL05-PI"
194411;2019-03-01;"sexta-feira";"18:50:00";"RJ";101;407,2;"ITAGUAI";"Falta de Atenção do Pedestre";"Atropelamento de Pedestre";"Com Vítimas Feridas";"Plena Noite";"Crescente";"Nublado";"Dupla";"Reta";"Sim";3;0;1;0;1;1;1;2;-22,87717;-43,817921;"SPRF-RJ";"DEL03-RJ";"UOP01-DEL03-RJ"
194412;2019-03-01;"sexta-feira";"18:15:00";"MG";40;452,8;"CAETANOPOLIS";"Velocidade Incompatível";"Colisão com objeto estático";"Com Vítimas Feridas";"Anoitecer";"Crescente";"Chuva";"Dupla";"Aclive;Reta";"Não";1;0;1;0;0;0;1;1;-19,33928;-44,35828;"SPRF-MG";"DEL02-MG";"UOP01-DEL02-MG"
194413;2019-03-01;"sexta-feira";"18:40:00";"RS";290;77;"GRAVATAI";"Falta de Atenção à Condução";"Colisão lateral";"Com Vítimas Feridas";"Anoitecer";"Crescente";"Céu Claro";"Dupla";"Reta";"Sim";2;0;1;0;1;0;1;2;-29,955027;-51,027363;"SPRF-RS";"DEL01-RS";"UOP01-DEL01-RS"
194414;2019-03-01;"sexta-feira";"17:40:00";"MG";40;566;"NOVA LIMA";"Defeito Mecânico no Veículo";"Saída de leito carroçável";"Com Vítimas Feridas";"Pleno dia";"Decrescente";"Chuva";"Simples";"Reta";"Não";1;0;1;0;0;0;1;1;-20,1863;-43,9677;"SPRF-MG";"DEL01-MG";"UOP02-DEL01-MG"
194415;2019-03-01;"sexta-feira";"18:40:00";"PR";369;163;"CAMBE";"Velocidade Incompatível";"Colisão traseira";"Sem Vítimas";"Anoitecer";"Decrescente";"Nublado";"Dupla";"Reta";"Sim";3;0;0;0;3;0;0;2;-23,296824;-51,280578;"SPRF-PR";"DEL07-PR";"UOP01-DEL07-PR"
194416;2019-03-01;"sexta-feira";"19:15:00";"SC";101;221;"PALHOCA";"Falta de Atenção à Condução";"Colisão traseira";"Com Vítimas Feridas";"Plena Noite";"Decrescente";"Céu Claro";"Múltipla";"Reta";"Sim";3;0;1;0;1;1;1;2;-27,7096;-48,6544;"SPRF-SC";"DEL01-SC";"UOP02-DEL01-SC"
194417;2019-03-01;"sexta-feira";"12:20:00";"RJ";116;183;"NOVA IGUACU";"Defeito Mecânico no Veículo";"Colisão lateral";"Sem Vítimas";"Pleno dia";"Crescente";"Céu Claro";"Dupla";"Reta";"Não";2;0;0;0;2;0;0;2;-22,751593;-43,438511;"SPRF-RJ";"DEL01-RJ";"UOP02-DEL01-RJ"
194418;2019-03-01;"sexta-feira";"19:10:00";"MG";40;614;"CONGONHAS";"Desobediência às normas de trânsito pelo condutor";"Colisão transversal";"Com Vítimas Feridas";"Plena Noite";"Crescente";"Chuva";"Simples";"Reta";"Sim";2;0;0;1;1;0;1;2;-20,539;-43,8208;"SPRF-MG";"DEL05-MG";"UOP02-DEL05-MG"
194419;2019-03-01;"sexta-feira";"16:05:00";"RJ";116;183;"NOVA IGUACU";"Falta de Atenção à Condução";"Colisão com objeto estático";"Com Vítimas Feridas";"Pleno dia";"Crescente";"Céu Claro";"Dupla";"Reta";"Não";1;0;1;0;0;0;1;1;-22,751593;-43,438511;"SPRF-RJ";"DEL01-RJ";"UOP02-DEL01-RJ"
194420;2019-03-01;"sexta-feira";"19:00:00";"PB";230;11;"CABEDELO";"Falta de Atenção do Pedestre";"Atropelamento de Pedestre";"Com Vítimas Feridas";"Plena Noite";"Decrescente";"Nublado";"Dupla";"Reta";"Sim";2;0;0;1;1;0;1;2;-7,0596;-34,8506;"SPRF-PB";"DEL01-PB";"UOP01-DEL01-PB"
194421;2019-03-01;"sexta-feira";"19:20:00";"SC";101;331;"TUBARAO";"Falta de Atenção à Condução";"Engavetamento";"Com Vítimas Feridas";"Plena Noite";"Decrescente";"Nublado";"Dupla";"Reta";"Sim";8;0;3;0;5;0;3;6;-28,4608;-48,9902;"SPRF-SC";"DEL02-SC";"UOP01-DEL02-SC"
194422;2019-03-01;"sexta-feira";"18:23:00";"CE";222;297,6;"TIANGUA";"Velocidade Incompatível";"Capotamento";"Sem Vítimas";"Plena Noite";"Crescente";"Garoa/Chuvisco";"Simples";"Curva";"Não";1;0;0;0;1;0;0;1;-3,658263;-40,92482;"SPRF-CE";"DEL04-CE";"UOP02-DEL04-CE"
194423;2019-03-01;"sexta-feira";"18:30:00";"RS";386;435,8;"NOVA SANTA RITA";"Falta de Atenção à Condução";"Colisão transversal";"Com Vítimas Feridas";"Pleno dia";"Decrescente";"Sol";"Dupla";"Interseção de Vias";"Sim";3;0;1;1;1;0;2;2;-29,846369;-51,275738;"SPRF-RS";"DEL04-RS";"UOP02-DEL04-RS"
194425;2019-03-01;"sexta-feira";"17:50:00";"MG";116;782,3;"LEOPOLDINA";"Pista Escorregadia";"Saída de leito carroçável";"Com Vítimas Feridas";"Anoitecer";"Decrescente";"Chuva";"Simples";"Curva;Declive";"Não";2;0;1;0;1;0;1;1;-21,62823428;-42,69871294;"SPRF-MG";"DEL07-MG";"UOP01-DEL07-MG"
194427;2019-03-01;"sexta-feira";"19:50:00";"RJ";40;104;"DUQUE DE CAXIAS";"Sinalização da via insuficiente ou inadequada";"Atropelamento de Pedestre";"Com Vítimas Fatais";"Plena Noite";"Crescente";"Chuva";"Dupla";"Reta";"Sim";3;1;0;0;0;2;0;2;-22,6383;-43,2839;"SPRF-RJ";"DEL01-RJ";"UOP01-DEL01-RJ"
194429;2019-03-01;"sexta-feira";"19:55:00";"DF";20;20,9;"BRASILIA";"Falta de Atenção à Condução";"Colisão traseira";"Com Vítimas Feridas";"Plena Noite";"Crescente";"Céu Claro";"Dupla";"Aclive";"Sim";2;0;0;1;1;0;1;2;-15,607905;-47,692791;"SPRF-DF";"DEL02-DF";"UOP01-DEL02-DF"
194430;2019-03-01;"sexta-feira";"20:00:00";"SP";101;46,8;"UBATUBA";"Ingestão de Álcool";"Colisão frontal";"Sem Vítimas";"Anoitecer";"Decrescente";"Nublado";"Simples";"Reta";"Sim";2;0;0;0;2;0;0;2;-23,424009;-45,07489;"SPRF-SP";"DEL06-SP";"UOP01-DEL06-SP"
194432;2019-03-01;"sexta-feira";"20:10:00";"SP";116;220;"GUARULHOS";"Falta de Atenção à Condução";"Colisão lateral";"Com Vítimas Feridas";"Plena Noite";"Crescente";"Céu Claro";"Múltipla";"Reta";"Sim";1;0;1;0;0;0;1;1;-23,46584452;-46,50083542;"SPRF-SP";"DEL01-SP";"UOP01-DEL01-SP"
194433;2019-03-01;"sexta-feira";"20:10:00";"SC";101;43;"JOINVILLE";"Falta de Atenção à Condução";"Colisão com objeto estático";"Com Vítimas Feridas";"Plena Noite";"Crescente";"Nublado";"Simples";"Interseção de Vias";"Sim";2;0;1;0;1;0;1;2;-26,3401;-48,8589;"SPRF-SC";"DEL03-SC";"UOP01-DEL03-SC"
194434;2019-03-01;"sexta-feira";"20:10:00";"SP";381;89;"SAO PAULO";"Falta de Atenção à Condução";"Colisão traseira";"Sem Vítimas";"Plena Noite";"Crescente";"Nublado";"Dupla";"Reta";"Sim";2;0;0;0;2;0;0;2;-23,484;-46,56;"SPRF-SP";"DEL03-SP";"UOP01-DEL03-SP"
194436;2019-03-01;"sexta-feira";"19:55:00";"SP";153;61,8;"SAO JOSE DO RIO PRETO";"Falta de Atenção à Condução";"Colisão lateral";"Com Vítimas Feridas";"Plena Noite";"Crescente";"Chuva";"Dupla";"Reta";"Sim";2;0;2;0;0;0;2;2;-20,805029;-49,355747;"SPRF-SP";"DEL09-SP";"UOP01-DEL09-SP"
194438;2019-03-01;"sexta-feira";"14:10:00";"RJ";465;5;"SEROPEDICA";"Ultrapassagem Indevida";"Colisão transversal";"Com Vítimas Feridas";"Pleno dia";"Decrescente";"Sol";"Simples";"Reta";"Não";2;0;0;1;1;0;1;2;-22,747673;-43,699196;"SPRF-RJ";"DEL01-RJ";"UOP03-DEL01-RJ"
194439;2019-03-01;"sexta-feira";"19:20:00";"SP";116;477;"JACUPIRANGA";"Falta de Atenção à Condução";"Colisão transversal";"Com Vítimas Feridas";"Plena Noite";"Crescente";"Nublado";"Simples";"Reta";"Sim";2;0;1;0;1;0;1;2;-24,70343237;-48,00756455;"SPRF-SP";"DEL05-SP";"UAP01-DEL05-SP"
194440;2019-03-01;"sexta-feira";"19:20:00";"PE";116;26;"SALGUEIRO";"Ingestão de Álcool";"Atropelamento de Pedestre";"Com Vítimas Feridas";"Plena Noite";"Decrescente";"Céu Claro";"Simples";"Reta";"Sim";2;0;1;1;0;0;2;2;-8,069921;-39,13364;"SPRF-PE";"DEL05-PE";"UOP01-DEL05-PE"
194442;2019-03-01;"sexta-feira";"19:30:00";"PR";277;594,7;"CASCAVEL";"Falta de Atenção do Pedestre";"Atropelamento de Pedestre";"Com Vítimas Fatais";"Anoitecer";"Crescente";"Céu Claro";"Simples";"Reta";"Não";2;1;0;0;1;0;0;2;-25,02817;-53,55983;"SPRF-PR";"DEL04-PR";"UOP01-DEL04-PR"
194443;2019-03-01;"sexta-feira";"20:01:00";"MG";381;533,5;"ITATIAIUCU";"Velocidade Incompatível";"Saída de leito carroçável";"Com Vítimas Feridas";"Plena Noite";"Crescente";"Chuva";"Dupla";"Curva";"Sim";2;0;2;0;0;0;2;1;-20,1781;-44,3771;"SPRF-MG";"DEL04-MG";"UOP03-DEL04-MG"
194444;2019-03-01;"sexta-feira";"17:00:00";"SC";101;107;"PENHA";"Falta de Atenção à Condução";"Queda de ocupante de veículo";"Com Vítimas Feridas";"Pleno dia";"Crescente";"Sol";"Múltipla";"Reta";"Não";1;0;1;0;0;0;1;1;-26,8262;-48,6904;"SPRF-SC";"DEL03-SC";"UOP02-DEL03-SC"
194445;2019-03-01;"sexta-feira";"18:45:00";"PR";277;588;"CASCAVEL";"Falta de Atenção à Condução";"Colisão transversal";"Com Vítimas Feridas";"Anoitecer";"Crescente";"Céu Claro";"Simples";"Reta";"Sim";2;0;2;0;0;0;2;2;-25,02817;-53,55983;"SPRF-PR";"DEL04-PR";"UOP01-DEL04-PR"
194446;2019-03-01;"sexta-feira";"20:50:00";"ES";101;160;"LINHARES";"Falta de Atenção à Condução";"Queda de ocupante de veículo";"Com Vítimas Feridas";"Plena Noite";"Decrescente";"Céu Claro";"Simples";"Reta";"Não";1;0;1;0;0;0;1;1;-19,46384078;-40,10679245;"SPRF-ES";"DEL04-ES";"UOP01-DEL04-ES"
194447;2019-03-01;"sexta-feira";"17:30:00";"RS";285;383;"SANTA BARBARA DO SUL";"Não guardar distância de segurança";"Colisão lateral";"Sem Vítimas";"Pleno dia";"Crescente";"Céu Claro";"Simples";"Curva";"Não";2;0;0;0;2;0;0;2;-28,432428;-53,181538;"SPRF-RS";"DEL10-RS";"UOP01-DEL10-RS"
194448;2019-03-01;"sexta-feira";"20:00:00";"SC";101;208,7;"SAO JOSE";"Objeto estático sobre o leito carroçável";"Colisão com objeto estático";"Com Vítimas Feridas";"Plena Noite";"Crescente";"Céu Claro";"Múltipla";"Reta";"Sim";1;0;1;0;0;0;1;1;-27,61191704;-48,64084125;"SPRF-SC";"DEL01-SC";"UOP01-DEL01-SC"
194450;2019-03-01;"sexta-feira";"20:40:00";"SC";101;205,8;"SAO JOSE";"Falta de Atenção à Condução";"Colisão traseira";"Com Vítimas Feridas";"Plena Noite";"Crescente";"Céu Claro";"Múltipla";"Reta";"Sim";2;0;1;0;1;0;1;2;-27,59072411;-48,61804247;"SPRF-SC";"DEL01-SC";"UOP01-DEL01-SC"
194451;2019-03-01;"sexta-feira";"20:00:00";"RS";285;176,6;"MUITOS CAPOES";"Ultrapassagem Indevida";"Colisão frontal";"Com Vítimas Feridas";"Plena Noite";"Crescente";"Céu Claro";"Simples";"Reta";"Não";8;0;2;2;4;0;4;3;-28,305832;-51,368191;"SPRF-RS";"DEL08-RS";"UOP05-DEL08-RS"
194454;2019-03-01;"sexta-feira";"20:35:00";"MG";459;8,4;"CALDAS";"Ingestão de Álcool";"Colisão lateral";"Sem Vítimas";"Plena Noite";"Crescente";"Chuva";"Simples";"Reta";"Não";2;0;0;0;2;0;0;2;-21,81360704;-46,46978986;"SPRF-MG";"DEL13-MG";"UOP01-DEL13-MG"
194455;2019-03-01;"sexta-feira";"21:35:00";"MG";381;372;"SAO GONCALO DO RIO ABAIXO";"Pista Escorregadia";"Colisão com objeto estático";"Com Vítimas Feridas";"Plena Noite";"Decrescente";"Garoa/Chuvisco";"Simples";"Reta;Declive";"Não";1;0;0;1;0;0;1;1;-19,85204893;-43,26652419;"SPRF-MG";"DEL01-MG";"UOP01-DEL01-MG"
194456;2019-03-01;"sexta-feira";"20:00:00";"PB";230;160,6;"CAMPINA GRANDE";"Falta de Atenção à Condução";"Colisão transversal";"Com Vítimas Feridas";"Plena Noite";"Decrescente";"Céu Claro";"Simples";"Reta";"Sim";5;0;1;2;1;1;3;3;-7,2436;-35,9375;"SPRF-PB";"DEL02-PB";"UOP01-DEL02-PB"
194457;2019-03-01;"sexta-feira";"21:35:00";"MG";262;376;"JUATUBA";"Defeito Mecânico no Veículo";"Incêndio";"Sem Vítimas";"Plena Noite";"Crescente";"Garoa/Chuvisco";"Dupla";"Reta";"Não";1;0;0;0;0;1;0;1;-19,9307;-44,4087;"SPRF-MG";"DEL01-MG";"UOP03-DEL01-MG"
194458;2019-03-01;"sexta-feira";"20:45:00";"AL";316;96;"SANTANA DO IPANEMA";"Desobediência às normas de trânsito pelo condutor";"Colisão transversal";"Com Vítimas Feridas";"Plena Noite";"Decrescente";"Céu Claro";"Simples";"Reta";"Não";2;0;0;1;1;0;1;2;-9,38753121;-37,179845;"SPRF-AL";"DEL03-AL";"UOP02-DEL03-AL"
194459;2019-03-01;"sexta-feira";"21:15:00";"SC";101;150,4;"ITAPEMA";"Defeito Mecânico no Veículo";"Incêndio";"Sem Vítimas";"Plena Noite";"Crescente";"Nublado";"Dupla";"Reta";"Sim";1;0;0;0;1;0;0;1;-27,12370409;-48,60951881;"SPRF-SC";"DEL04-SC";"UOP03-DEL04-SC"
194460;2019-03-01;"sexta-feira";"21:30:00";"SP";381;32,7;"ATIBAIA";"Falta de Atenção à Condução";"Tombamento";"Com Vítimas Feridas";"Plena Noite";"Decrescente";"Chuva";"Dupla";"Reta";"Não";1;0;1;0;0;0;1;1;-23,064737;-46,570454;"SPRF-SP";"DEL03-SP";"UOP02-DEL03-SP"
194462;2019-03-01;"sexta-feira";"21:00:00";"MG";50;67,8;"UBERLANDIA";"Pista Escorregadia";"Queda de ocupante de veículo";"Com Vítimas Feridas";"Plena Noite";"Decrescente";"Chuva";"Dupla";"Retorno Regulamentado";"Sim";1;0;0;1;0;0;1;1;-18,8785;-48,2615;"SPRF-MG";"DEL15-MG";"UOP01-DEL15-MG"
194465;2019-03-01;"sexta-feira";"22:10:00";"SC";470;35,5;"GASPAR";"Falta de Atenção à Condução";"Colisão com objeto estático";"Com Vítimas Feridas";"Plena Noite";"Crescente";"Céu Claro";"Simples";"Desvio Temporário";"Não";2;0;0;1;1;0;1;2;-26,91367238;-48,96507002;"SPRF-SC";"DEL04-SC";"UOP01-DEL04-SC"
194466;2019-03-01;"sexta-feira";"21:45:00";"GO";60;81,4;"ANAPOLIS";"Falta de Atenção à Condução";"Saída de leito carroçável";"Com Vítimas Feridas";"Plena Noite";"Decrescente";"Nublado";"Dupla";"Reta";"Não";5;0;5;0;0;0;5;1;-16,3116;-48,8277;"SPRF-GO";"DEL02-GO";"UOP01-DEL02-GO"
194468;2019-03-01;"sexta-feira";"21:50:00";"RJ";356;123;"CAMPOS DOS GOYTACAZES";"Não guardar distância de segurança";"Colisão traseira";"Com Vítimas Feridas";"Plena Noite";"Crescente";"Céu Claro";"Dupla";"Reta";"Não";3;0;2;0;0;1;2;3;-21,65619446;-41,38358027;"SPRF-RJ";"DEL08-RJ";"UOP01-DEL08-RJ"
194470;2019-03-01;"sexta-feira";"23:00:00";"BA";101;879;"TEIXEIRA DE FREITAS";"Condutor Dormindo";"Queda de ocupante de veículo";"Com Vítimas Feridas";"Plena Noite";"Decrescente";"Céu Claro";"Simples";"Reta";"Sim";1;0;1;0;0;0;1;1;-17,5466;-39,7192;"SPRF-BA";"DEL09-BA";"UOP02-DEL09-BA"
194471;2019-03-01;"sexta-feira";"18:45:00";"SC";280;32,9;"ARAQUARI";"Falta de Atenção à Condução";"Colisão transversal";"Com Vítimas Feridas";"Anoitecer";"Crescente";"Céu Claro";"Simples";"Reta";"Não";3;0;2;0;1;0;2;2;-26,42536744;-48,78674269;"SPRF-SC";"DEL03-SC";"UOP03-DEL03-SC"
194472;2019-03-01;"sexta-feira";"22:20:00";"RJ";101;473;"ANGRA DOS REIS";"Defeito na Via";"Atropelamento de Pedestre";"Com Vítimas Feridas";"Plena Noite";"Decrescente";"Chuva";"Múltipla";"Reta";"Sim";2;0;0;2;0;0;2;2;-22,99054628;-44,24306527;"SPRF-RJ";"DEL03-RJ";"UOP03-DEL03-RJ"
194473;2019-03-01;"sexta-feira";"21:45:00";"SC";280;58,6;"GUARAMIRIM";"Falta de Atenção à Condução";"Colisão transversal";"Com Vítimas Feridas";"Plena Noite";"Decrescente";"Céu Claro";"Simples";"Reta";"Sim";2;0;1;0;1;0;1;2;-26,474155;-49,021248;"SPRF-SC";"DEL03-SC";"UOP03-DEL03-SC"
194475;2019-03-01;"sexta-feira";"21:00:00";"PI";316;238;"INHUMA";"Velocidade Incompatível";"Capotamento";"Sem Vítimas";"Plena Noite";"Crescente";"Nublado";"Simples";"Reta";"Não";4;0;0;0;4;0;0;1;-6,63732658;-41,7212677;"SPRF-PI";"DEL04-PI";"UOP02-DEL04-PI"
194476;2019-03-01;"sexta-feira";"22:10:00";"MG";116;275,8;"TEOFILO OTONI";"Falta de Atenção à Condução";"Queda de ocupante de veículo";"Com Vítimas Feridas";"Plena Noite";"Decrescente";"Nublado";"Múltipla";"Curva";"Sim";1;0;1;0;0;0;1;1;-17,85196345;-41,51425847;"SPRF-MG";"DEL11-MG";"UOP01-DEL11-MG"
194477;2019-03-01;"sexta-feira";"22:00:00";"RJ";101;47;"CAMPOS DOS GOYTACAZES";"Velocidade Incompatível";"Saída de leito carroçável";"Com Vítimas Feridas";"Plena Noite";"Crescente";"Céu Claro";"Simples";"Interseção de Vias";"Sim";1;0;1;0;0;0;1;1;-21,607435;-41,316555;"SPRF-RJ";"DEL08-RJ";"UOP01-DEL08-RJ"
194479;2019-03-01;"sexta-feira";"22:40:00";"PR";369;177;"ARAPONGAS";"Ingestão de Álcool";"Saída de leito carroçável";"Com Vítimas Feridas";"Plena Noite";"Crescente";"Céu Claro";"Múltipla";"Interseção de Vias";"Não";1;0;1;0;0;0;1;1;-23,35017558;-51,38567448;"SPRF-PR";"DEL07-PR";"UOP01-DEL07-PR"
194480;2019-03-01;"sexta-feira";"23:45:00";"RJ";116;59;"TERESOPOLIS";"Falta de Atenção à Condução";"Colisão frontal";"Sem Vítimas";"Plena Noite";"Decrescente";"Chuva";"Simples";"Reta";"Sim";6;0;0;0;6;0;0;2;-22,228188;-42,908226;"SPRF-RJ";"DEL04-RJ";"UOP01-DEL04-RJ"
194481;2019-03-01;"sexta-feira";"22:45:00";"MG";381;154,3;"GOVERNADOR VALADARES";"Falta de Atenção à Condução";"Tombamento";"Com Vítimas Feridas";"Plena Noite";"Crescente";"Ignorado";"Simples";"Reta";"Não";1;0;1;0;0;0;1;1;-18,886656;-42,002258;"SPRF-MG";"DEL06-MG";"UOP01-DEL06-MG"
194482;2019-03-02;"sábado";"00:10:00";"MG";381;530,8;"ITATIAIUCU";"Velocidade Incompatível";"Capotamento";"Com Vítimas Feridas";"Plena Noite";"Decrescente";"Nublado";"Dupla";"Curva";"Não";4;0;1;0;3;0;1;1;-20,1629;-44,3577;"SPRF-MG";"DEL04-MG";"UOP03-DEL04-MG"
194483;2019-03-02;"sábado";"00:15:00";"GO";60;176,5;"GOIANIA";"Ingestão de Álcool";"Colisão com objeto estático";"Sem Vítimas";"Plena Noite";"Crescente";"Nublado";"Dupla";"Retorno Regulamentado";"Não";1;0;0;0;1;0;0;1;-16,75972763;-49,45636782;"SPRF-GO";"DEL01-GO";"UOP02-DEL01-GO"
194484;2019-03-02;"sábado";"00:30:00";"PR";376;33;"NOVA LONDRINA";"Ingestão de Álcool";"Colisão traseira";"Com Vítimas Feridas";"Plena Noite";"Crescente";"Céu Claro";"Simples";"Reta";"Sim";1;0;1;0;0;0;1;1;-22,78061316;-52,98706055;"SPRF-PR";"DEL07-PR";"UOP02-DEL09-PR"
194485;2019-03-02;"sábado";"00:15:00";"SP";116;207;"GUARULHOS";"Falta de Atenção do Pedestre";"Atropelamento de Pedestre";"Com Vítimas Fatais";"Plena Noite";"Crescente";"Nublado";"Dupla";"Reta";"Sim";4;1;0;0;3;0;0;2;-23,41997336;-46,38567388;"SPRF-SP";"DEL01-SP";"UOP01-DEL01-SP"
194486;2019-03-01;"sexta-feira";"23:00:00";"SP";116;314;"JUQUITIBA";"Agressão Externa";"Colisão lateral";"Sem Vítimas";"Plena Noite";"Decrescente";"Céu Claro";"Dupla";"Reta";"Não";1;0;0;0;0;1;0;1;-23,93588024;-47,03453802;"SPRF-SP";"DEL04-SP";"UOP03-DEL04-SP"
194487;2019-03-01;"sexta-feira";"23:20:00";"MG";40;321;"FELIXLANDIA";"Pista Escorregadia";"Queda de ocupante de veículo";"Com Vítimas Feridas";"Plena Noite";"Decrescente";"Chuva";"Simples";"Curva";"Não";2;0;2;0;0;0;2;1;-18,52055;-45,075031;"SPRF-MG";"DEL14-MG";"UOP02-DEL14-MG"
194488;2019-03-02;"sábado";"01:10:00";"SP";116;23,5;"LAVRINHAS";"Falta de Atenção à Condução";"Capotamento";"Com Vítimas Feridas";"Plena Noite";"Decrescente";"Chuva";"Dupla";"Curva";"Não";2;0;1;0;1;0;1;1;-22,589794;-44,885368;"SPRF-SP";"DEL08-SP";"UOP02-DEL08-SP"