"id";"data_inversa";"dia_semana";"horario";"uf";"br";"km";"municipio";"causa_acidente";"tipo_acidente";"classificacao_acidente";"fase_dia";"sentido_via";"condicao_metereologica";"tipo_pista";"tracado_via";"uso_solo";"pessoas";"mortos";"feridos_leves";"feridos_graves";"ilesos";"ignorados";"feridos";"veiculos";"latitude";"longitude";"regional";"delegacia";"uop"
194491;2019-03-02;"sábado";"00:45:00";"PR";376;596,9;"CURITIBA";"Ingestão de Álcool";"Colisão com objeto estático";"Com Vítimas Feridas";"Plena Noite";"Crescente";"Céu Claro";"Dupla";"Reta";"Não";4;0;1;0;3;0;1;1;-25,51013498;-49,33934581;"SPRF-PR";"DEL01-PR";"UOP06-DEL01-PR"
194493;2019-03-02;"sábado";"02:10:00";"PR";369;154,4;"LONDRINA";"Desobediência às normas de trânsito pelo pedestre";"Atropelamento de Pedestre";"Com Vítimas Feridas";"Plena Noite";"Crescente";"Céu Claro";"Dupla";"Reta";"Sim";3;0;1;0;0;2;1;2;-23,297137;-51,202172;"SPRF-PR";"DEL07-PR";"UOP01-DEL07-PR"
194495;2019-03-02;"sábado";"01:20:00";"RJ";116;120;"MAGE";"Pista Escorregadia";"Saída de leito carroçável";"Com Vítimas Feridas";"Plena Noite";"Crescente";"Chuva";"Dupla";"Reta";"Não";1;0;1;0;0;0;1;1;-22,621939;-43,04364;"SPRF-RJ";"DEL04-RJ";"UOP02-DEL04-RJ"
194496;2019-03-02;"sábado";"01:35:00";"PR";116;84;"PIRAQUARA";"Ingestão de Álcool";"Saída de leito carroçável";"Sem Vítimas";"Plena Noite";"Decrescente";"Nublado";"Dupla";"Viaduto";"Não";1;0;0;0;1;0;0;1;-25,44930237;-49,09015417;"SPRF-PR";"DEL01-PR";"UOP01-DEL01-PR"
194498;2019-03-02;"sábado";"01:20:00";"PR";376;487,9;"PONTA GROSSA";"Falta de Atenção à Condução";"Queda de ocupante de veículo";"Com Vítimas Feridas";"Plena Noite";"Crescente";"Nublado";"Simples";"Curva";"Sim";1;0;0;1;0;0;1;1;-25,08279161;-50,19048583;"SPRF-PR";"DEL03-PR";"UOP04-DEL03-PR"
194499;2019-03-02;"sábado";"00:50:00";"AP";210;104;"PORTO GRANDE";"Ingestão de Álcool";"Colisão frontal";"Com Vítimas Feridas";"Plena Noite";"Crescente";"Céu Claro";"Simples";"Reta";"Sim";3;0;1;1;1;0;2;2;0,690001;-51,371128;"SPRF-AP";"DEL01-AP";"UOP01-DEL01-AP"
194500;2019-03-02;"sábado";"02:10:00";"SC";101;137,9;"BALNEARIO CAMBORIU";"Velocidade Incompatível";"Colisão com objeto estático";"Sem Vítimas";"Plena Noite";"Decrescente";"Céu Claro";"Dupla";"Reta";"Não";1;0;0;0;0;1;0;1;-27,024;-48,6074;"SPRF-SC";"DEL04-SC";"UOP03-DEL04-SC"
194501;2019-03-02;"sábado";"00:20:00";"RJ";116;249,3;"PIRAI";"Velocidade Incompatível";"Colisão traseira";"Com Vítimas Feridas";"Plena Noite";"Crescente";"Chuva";"Dupla";"Reta";"Não";5;0;3;1;1;0;4;3;-22,58305;-43,99953;"SPRF-RJ";"DEL07-RJ";"UOP01-DEL07-RJ"
194502;2019-03-02;"sábado";"01:20:00";"DF";20;22;"BRASILIA";"Falta de Atenção à Condução";"Colisão traseira";"Sem Vítimas";"Plena Noite";"Decrescente";"Céu Claro";"Dupla";"Reta";"Sim";5;0;0;0;5;0;0;3;-15,59734875;-47,67450571;"SPRF-DF";"DEL02-DF";"UOP01-DEL02-DF"
194504;2019-03-02;"sábado";"03:15:00";"SP";116;219;"GUARULHOS";"Ingestão de Álcool";"Colisão traseira";"Com Vítimas Feridas";"Plena Noite";"Crescente";"Nublado";"Múltipla";"Reta";"Sim";4;0;1;1;2;0;2;2;-23,4623473;-46,4927952;"SPRF-SP";"DEL01-SP";"UOP01-DEL01-SP"
194507;2019-03-02;"sábado";"04:00:00";"SP";381;61;"MAIRIPORA";"Velocidade Incompatível";"Colisão com objeto estático";"Sem Vítimas";"Plena Noite";"Decrescente";"Garoa/Chuvisco";"Dupla";"Curva";"Não";1;0;0;0;1;0;0;1;-23,29100784;-46,58117685;"SPRF-SP";"DEL03-SP";"UOP01-DEL03-SP"
194509;2019-03-02;"sábado";"04:15:00";"RS";158;326;"SANTA MARIA";"Ingestão de Álcool";"Saída de leito carroçável";"Com Vítimas Feridas";"Plena Noite";"Crescente";"Céu Claro";"Simples";"Em Obras";"Sim";4;0;3;0;1;0;3;1;-29,709742;-53,80283;"SPRF-RS";"DEL09-RS";"UOP01-DEL09-RS"
194510;2019-03-02;"sábado";"04:30:00";"ES";101;255;"SERRA";"Falta de Atenção à Condução";"Colisão com objeto estático";"Sem Vítimas";"Amanhecer";"Decrescente";"Céu Claro";"Simples";"Reta";"Sim";1;0;0;0;1;0;0;1;-20,116606;-40,31621045;"SPRF-ES";"DEL02-ES";"UOP01-DEL02-ES"
194511;2019-03-02;"sábado";"03:29:00";"MA";10;34,1;"CAROLINA";"Desobediência às normas de trânsito pelo condutor";"Colisão transversal";"Com Vítimas Fatais";"Plena Noite";"Crescente";"Nublado";"Simples";"Reta";"Sim";2;1;1;0;0;0;1;2;-7,340032;-47,453697;"SPRF-MA";"DEL04-MA";"UOP02-DEL04-MA"
194513;2019-03-02;"sábado";"03:50:00";"SC";101;327;"CAPIVARI DE BAIXO";"Falta de Atenção à Condução";"Colisão com objeto estático";"Sem Vítimas";"Plena Noite";"Crescente";"Céu Claro";"Múltipla";"Declive";"Sim";1;0;0;0;1;0;0;1;-28,4326;-48,9557;"SPRF-SC";"DEL02-SC";"UOP01-DEL02-SC"
194514;2019-03-02;"sábado";"05:00:00";"SP";116;207,7;"GUARULHOS";"Falta de Atenção à Condução";"Colisão traseira";"Com Vítimas Feridas";"Amanhecer";"Crescente";"Céu Claro";"Dupla";"Reta";"Sim";4;0;2;0;2;0;2;3;-23,41865577;-46,38026476;"SPRF-SP";"DEL01-SP";"UOP01-DEL01-SP"
194515;2019-03-02;"sábado";"04:20:00";"SC";282;16,8;"PALHOCA";"Ingestão de Álcool";"Colisão traseira";"Com Vítimas Feridas";"Plena Noite";"Crescente";"Nublado";"Simples";"Reta";"Não";3;0;2;1;0;0;3;2;-27,665707;-48,688065;"SPRF-SC";"DEL01-SC";"UOP02-DEL01-SC"
194517;2019-03-02;"sábado";"05:00:00";"SC";101;353,4;"JAGUARUNA";"Falta de Atenção à Condução";"Saída de leito carroçável";"Com Vítimas Feridas";"Plena Noite";"Decrescente";"Céu Claro";"Dupla";"Reta";"Não";4;0;3;0;1;0;3;1;-28,62023113;-49,0733099;"SPRF-SC";"DEL02-SC";"UOP01-DEL02-SC"
194518;2019-03-02;"sábado";"06:05:00";"DF";20;39;"BRASILIA";"Falta de Atenção à Condução";"Saída de leito carroçável";"Com Vítimas Feridas";"Amanhecer";"Crescente";"Nublado";"Dupla";"Reta";"Não";1;0;1;0;0;0;1;1;-15,581864;-47,521973;"SPRF-DF";"DEL02-DF";"UOP01-DEL02-DF"
194522;2019-03-02;"sábado";"06:30:00";"SC";101;80,5;"BARRA VELHA";"Não guardar distância de segurança";"Colisão traseira";"Com Vítimas Feridas";"Amanhecer";"Crescente";"Sol";"Múltipla";"Aclive";"Não";4;0;1;0;3;0;1;3;-26,6055;-48,7244;"SPRF-SC";"DEL03-SC";"UOP02-DEL03-SC"
194525;2019-03-02;"sábado";"05:15:00";"MS";262;246;"RIBAS DO RIO PARDO";"Animais na Pista";"Saída de leito carroçável";"Com Vítimas Feridas";"Amanhecer";"Decrescente";"Céu Claro";"Simples";"Reta";"Não";4;0;3;0;1;0;3;1;-20,446871;-53,816585;"SPRF-MS";"DEL01-MS";"UOP01-DEL01-MS"
194526;2019-03-02;"sábado";"04:50:00";"PR";163;71,8;"PLANALTO";"Falta de Atenção à Condução";"Saída de leito carroçável";"Com Vítimas Feridas";"Plena Noite";"Crescente";"Céu Claro";"Simples";"Curva;Declive";"Não";2;0;2;0;0;0;2;1;-25,784183;-53,78996;"SPRF-PR";"DEL02-PR";"UOP02-DEL02-PR"
194527;2019-03-02;"sábado";"04:30:00";"CE";222;164,9;"IRAUCUBA";"Condutor Dormindo";"Saída de leito carroçável";"Com Vítimas Feridas";"Plena Noite";"Crescente";"Céu Claro";"Simples";"Reta";"Sim";2;0;1;0;1;0;1;1;-3,730295;-39,910992;"SPRF-CE";"DEL04-CE";"UOP03-DEL04-CE"
194528;2019-03-02;"sábado";"07:25:00";"BA";101;880;"TEIXEIRA DE FREITAS";"Condutor Dormindo";"Colisão traseira";"Sem Vítimas";"Pleno dia";"Decrescente";"Céu Claro";"Simples";"Reta";"Sim";2;0;0;0;2;0;0;2;-17,5625;-39,7281;"SPRF-BA";"DEL09-BA";"UOP02-DEL09-BA"
194529;2019-03-02;"sábado";"05:50:00";"RO";364;19;"VILHENA";"Desobediência às normas de trânsito pelo condutor";"Colisão frontal";"Com Vítimas Fatais";"Amanhecer";"Crescente";"Céu Claro";"Simples";"Reta";"Não";5;1;0;0;2;2;0;3;-12,727398;-60,183716;"SPRF-RO";"DEL04-RO";"UOP01-DEL04-RO"
194530;2019-03-01;"sexta-feira";"23:20:00";"PA";155;320;"MARABA";"Animais na Pista";"Atropelamento de Animal";"Com Vítimas Feridas";"Plena Noite";"Crescente";"Nublado";"Simples";"Reta";"Não";1;0;1;0;0;0;1;1;-5,574859;-49,080315;"SPRF-PA";"DEL03-PA";"UOP01-DEL03-PA"
194531;2019-03-02;"sábado";"04:30:00";"SC";282;384,3;"JOACABA";"Ingestão de Álcool";"Colisão com objeto estático";"Com Vítimas Feridas";"Plena Noite";"Decrescente";"Céu Claro";"Simples";"Rotatória";"Não";1;0;1;0;0;0;1;1;-27,20299;-51,515095;"SPRF-SC";"DEL07-SC";"UOP05-DEL07-SC"
194532;2019-03-02;"sábado";"04:00:00";"MG";381;862,6;"POUSO ALEGRE";"Animais na Pista";"Atropelamento de Animal";"Com Vítimas Fatais";"Plena Noite";"Decrescente";"Chuva";"Dupla";"Declive;Reta";"Não";5;1;2;2;0;0;4;1;-22,33732404;-45,92363229;"SPRF-MG";"DEL16-MG";"UOP01-DEL16-MG"
194534;2019-03-02;"sábado";"06:40:00";"SC";101;149;"ITAPEMA";"Falta de Atenção à Condução";"Colisão traseira";"Com Vítimas Feridas";"Pleno dia";"Decrescente";"Céu Claro";"Simples";"Reta";"Sim";2;0;1;0;1;0;1;2;-27,1175;-48,6092;"SPRF-SC";"DEL04-SC";"UOP03-DEL04-SC"
194539;2019-02-24;"domingo";"17:10:00";"TO";153;335;"GUARAI";"Ingestão de Álcool";"Colisão transversal";"Com Vítimas Feridas";"Pleno dia";"Crescente";"Céu Claro";"Dupla";"Interseção de Vias";"Sim";2;0;1;0;1;0;1;2;-8,844914;-48,510712;"SPRF-TO";"DEL02-TO";"UOP02-DEL02-TO"
194540;2019-03-02;"sábado";"06:30:00";"SP";381;85,3;"SAO PAULO";"Falta de Atenção à Condução";"Colisão traseira";"Com Vítimas Feridas";"Amanhecer";"Crescente";"Céu Claro";"Dupla";"Reta";"Sim";3;0;1;0;2;0;1;3;-23,45958516;-46,57146359;"SPRF-SP";"DEL03-SP";"UOP01-DEL03-SP"
194542;2019-03-02;"sábado";"08:50:00";"SC";101;117;"ITAJAI";"Não guardar distância de segurança";"Colisão traseira";"Com Vítimas Feridas";"Pleno dia";"Crescente";"Céu Claro";"Múltipla";"Reta";"Não";2;0;1;0;1;0;1;2;-26,88747187;-48,72252969;"SPRF-SC";"DEL04-SC";"UOP04-DEL04-SC"
194543;2019-03-02;"sábado";"08:50:00";"BA";235;347;"JUAZEIRO";"Desobediência às normas de trânsito pelo condutor";"Colisão transversal";"Com Vítimas Feridas";"Pleno dia";"Crescente";"Céu Claro";"Simples";"Reta";"Não";2;0;0;1;1;0;1;2;-9,448257;-40,489227;"SPRF-BA";"DEL07-BA";"UOP01-DEL07-BA"
194544;2019-03-02;"sábado";"09:01:00";"PE";101;57;"PAULISTA";"Falta de Atenção à Condução";"Colisão lateral";"Sem Vítimas";"Pleno dia";"Decrescente";"Céu Claro";"Dupla";"Aclive";"Não";2;0;0;0;2;0;0;2;-7,9717;-34,921;"SPRF-PE";"DEL01-PE";"UOP02-DEL01-PE"
194546;2019-03-02;"sábado";"08:20:00";"ES";101;394;"RIO NOVO DO SUL";"Condutor Dormindo";"Saída de leito carroçável";"Com Vítimas Feridas";"Pleno dia";"Decrescente";"Céu Claro";"Simples";"Curva";"Não";5;0;4;0;1;0;4;1;-20,86942861;-40,90381622;"SPRF-ES";"DEL03-ES";"UOP02-DEL03-ES"
194550;2019-03-02;"sábado";"08:00:00";"MG";262;585,9;"CAMPOS ALTOS";"Velocidade Incompatível";"Colisão frontal";"Com Vítimas Feridas";"Pleno dia";"Crescente";"Chuva";"Simples";"Curva";"Não";9;0;2;2;5;0;4;3;-19,648819;-46,071289;"SPRF-MG";"DEL08-MG";"UOP02-DEL08-MG"
194551;2019-03-02;"sábado";"09:15:00";"SC";282;15,6;"PALHOCA";"Falta de Atenção à Condução";"Colisão traseira";"Sem Vítimas";"Pleno dia";"Crescente";"Sol";"Simples";"Reta";"Sim";2;0;0;0;2;0;0;2;-27,651848;-48,676048;"SPRF-SC";"DEL01-SC";"UOP02-DEL01-SC"
194552;2019-03-02;"sábado";"09:30:00";"BA";324;359;"CAPIM GROSSO";"Não guardar distância de segurança";"Colisão traseira";"Sem Vítimas";"Pleno dia";"Decrescente";"Céu Claro";"Simples";"Reta";"Sim";2;0;0;0;2;0;0;2;-11,372763;-40,011303;"SPRF-BA";"DEL04-BA";"UOP02-DEL04-BA"
194555;2019-03-02;"sábado";"09:20:00";"SC";280;55,8;"GUARAMIRIM";"Falta de Atenção à Condução";"Colisão transversal";"Com Vítimas Feridas";"Pleno dia";"Decrescente";"Céu Claro";"Simples";"Reta";"Sim";2;0;2;0;0;0;2;2;-26,475843;-48,993786;"SPRF-SC";"DEL03-SC";"UOP03-DEL03-SC"
194556;2019-03-02;"sábado";"09:45:00";"PA";316;23;"BENEVIDES";"Não guardar distância de segurança";"Colisão lateral";"Com Vítimas Feridas";"Pleno dia";"Decrescente";"Céu Claro";"Dupla";"Reta";"Sim";2;0;1;0;1;0;1;2;-1,34599732;-48,25152822;"SPRF-PA";"DEL01-PA";"DEL19/1-UOP05/PA"
194557;2019-03-02;"sábado";"07:45:00";"MS";158;52;"PARANAIBA";"Defeito na Via";"Colisão frontal";"Com Vítimas Feridas";"Pleno dia";"Decrescente";"Nublado";"Simples";"Reta";"Não";5;0;1;1;3;0;2;2;-19,427238;-51,374901;"SPRF-MS";"DEL08-MS";"UOP01-DEL08-MS"
194558;2019-03-02;"sábado";"10:00:00";"SC";101;210,1;"SAO JOSE";"Falta de Atenção à Condução";"Colisão lateral";"Com Vítimas Feridas";"Pleno dia";"Decrescente";"Céu Claro";"Dupla";"Reta";"Sim";3;0;0;1;1;1;1;3;-27,6235;-48,6524;"SPRF-SC";"DEL01-SC";"UOP01-DEL01-SC"
194559;2019-03-02;"sábado";"09:00:00";"PR";116;121;"CURITIBA";"Velocidade Incompatível";"Saída de leito carroçável";"Com Vítimas Feridas";"Pleno dia";"Crescente";"Céu Claro";"Dupla";"Declive";"Sim";1;0;1;0;0;0;1;1;-25,551222;-49,305038;"SPRF-PR";"DEL01-PR";"UOP03-DEL01-PR"
194560;2019-03-02;"sábado";"09:50:00";"PI";343;12,6;"PARNAIBA";"Não guardar distância de segurança";"Colisão lateral";"Sem Vítimas";"Pleno dia";"Decrescente";"Sol";"Dupla";"Reta";"Sim";3;0;0;0;2;1;0;3;-2,910035;-41,753662;"SPRF-PI";"DEL05-PI";"UOP01-DEL05-PI"
194561;2019-03-02;"sábado";"09:20:00";"PE";408;94;"SAO LOURENCO DA MATA";"Falta de Atenção à Condução";"Colisão lateral";"Com Vítimas Feridas";"Pleno dia";"Decrescente";"Garoa/Chuvisco";"Dupla";"Curva";"Não";2;0;1;0;1;0;1;2;-8,005376;-35,045205;"SPRF-PE";"DEL01-PE";"UOP01-DEL01-PE"
194564;2019-03-02;"sábado";"10:10:00";"ES";101;244;"SERRA";"Falta de Atenção à Condução";"Colisão transversal";"Com Vítimas Feridas";"Pleno dia";"Decrescente";"Nublado";"Simples";"Reta";"Não";2;0;1;0;1;0;1;2;-20,0480921;-40,38677953;"SPRF-ES";"DEL02-ES";"UOP01-DEL02-ES"
194565;2019-03-02;"sábado";"07:00:00";"MT";364;361;"SANTO ANTONIO DO LEVERGER";"Desobediência às normas de trânsito pelo condutor";"Colisão lateral";"Com Vítimas Feridas";"Pleno dia";"Crescente";"Sol";"Simples";"Reta";"Sim";5;0;3;0;2;0;3;2;-15,774474;-55,635677;"SPRF-MT";"DEL02-MT";"UOP02-DEL01-MT"
194566;2019-03-02;"sábado";"10:40:00";"MG";40;470;"SETE LAGOAS";"Velocidade Incompatível";"Saída de leito carroçável";"Com Vítimas Feridas";"Pleno dia";"Decrescente";"Chuva";"Dupla";"Reta";"Não";2;0;1;0;1;0;1;1;-19,469;-44,295;"SPRF-MG";"DEL02-MG";"UOP01-DEL02-MG"
194567;2019-03-02;"sábado";"10:25:00";"PR";277;725,1;"FOZ DO IGUACU";"Não guardar distância de segurança";"Colisão traseira";"Com Vítimas Feridas";"Pleno dia";"Crescente";"Céu Claro";"Dupla";"Reta";"Sim";3;0;0;1;2;0;1;2;-25,508245;-54,5462;"SPRF-PR";"DEL05-PR";"UOP03-DEL05-PR"
194571;2019-03-01;"sexta-feira";"01:15:00";"PI";316;12;"TERESINA";"Não guardar distância de segurança";"Colisão traseira";"Com Vítimas Feridas";"Plena Noite";"Decrescente";"Nublado";"Dupla";"Reta";"Não";3;0;2;0;0;1;2;2;-5,200803;-42,757977;"SPRF-PI";"DEL01-PI";"UOP02-DEL01-PI"
194572;2019-03-02;"sábado";"11:10:00";"SC";470;163,4;"POUSO REDONDO";"Falta de Atenção à Condução";"Colisão lateral";"Com Vítimas Feridas";"Pleno dia";"Crescente";"Céu Claro";"Simples";"Reta";"Não";3;0;3;0;0;0;3;2;-27,278976;-49,825996;"SPRF-SC";"DEL04-SC";"UOP02-DEL04-SC"
194573;2019-03-02;"sábado";"11:00:00";"SP";116;105,3;"TAUBATE";"Falta de Atenção à Condução";"Colisão com objeto estático";"Com Vítimas Feridas";"Pleno dia";"Crescente";"Céu Claro";"Dupla";"Reta";"Não";2;0;1;0;1;0;1;1;-23,007601;-45,514709;"SPRF-SP";"DEL06-SP";"UOP01-DEL06-SP"
194574;2019-03-02;"sábado";"10:20:00";"PI";316;40;"LAGOA DO PIAUI";"Falta de Atenção à Condução";"Colisão transversal";"Com Vítimas Feridas";"Pleno dia";"Crescente";"Céu Claro";"Simples";"Interseção de Vias";"Sim";2;0;0;1;1;0;1;2;-5,415296;-42,642226;"SPRF-PI";"DEL01-PI";"UOP02-DEL01-PI"
194575;2019-03-02;"sábado";"10:10:00";"SC";101;46,3;"JOINVILLE";"Falta de Atenção à Condução";"Engavetamento";"Com Vítimas Feridas";"Pleno dia";"Crescente";"Céu Claro";"Dupla";"Reta";"Não";4;0;1;0;3;0;1;3;-26,3667;-48,858;"SPRF-SC";"DEL03-SC";"UOP01-DEL03-SC"
194576;2019-03-02;"sábado";"11:10:00";"PR";376;661;"TIJUCAS DO SUL";"Falta de Atenção à Condução";"Capotamento";"Sem Vítimas";"Pleno dia";"Crescente";"Sol";"Dupla";"Curva;Declive";"Não";2;0;0;0;2;0;0;1;-25,8529532;-48,9772793;"SPRF-PR";"DEL01-PR";"DEL7/1-UOP08/PR"
194577;2019-03-02;"sábado";"11:00:00";"PE";101;46;"IGARASSU";"Falta de Atenção do Pedestre";"Atropelamento de Pedestre";"Com Vítimas Feridas";"Pleno dia";"Crescente";"Céu Claro";"Simples";"Reta";"Sim";2;0;1;0;1;0;1;2;-7,8802;-34,905;"SPRF-PE";"DEL01-PE";"UOP02-DEL01-PE"
194578;2019-03-02;"sábado";"09:20:00";"SC";101;14;"GARUVA";"Desobediência às normas de trânsito pelo condutor";"Colisão transversal";"Com Vítimas Feridas";"Pleno dia";"Decrescente";"Sol";"Dupla";"Retorno Regulamentado";"Sim";2;0;0;1;1;0;1;2;-26,10550424;-48,87152195;"SPRF-SC";"DEL03-SC";"UOP01-DEL03-SC"
194579;2019-03-02;"sábado";"09:30:00";"MG";267;302,3;"CAXAMBU";"Condutor Dormindo";"Saída de leito carroçável";"Com Vítimas Feridas";"Pleno dia";"Crescente";"Nublado";"Simples";"Reta";"Não";3;0;1;0;2;0;1;1;-21,95770182;-44,91449296;"SPRF-MG";"DEL05-MG";"UOP01-DEL17-MG"
194580;2019-03-02;"sábado";"11:30:00";"SC";470;54,5;"BLUMENAU";"Defeito na Via";"Queda de ocupante de veículo";"Com Vítimas Feridas";"Pleno dia";"Crescente";"Céu Claro";"Simples";"Retorno Regulamentado";"Sim";1;0;1;0;0;0;1;1;-26,87430161;-49,11547959;"SPRF-SC";"DEL04-SC";"UOP01-DEL04-SC"
194581;2019-03-02;"sábado";"10:57:00";"SP";116;117,5;"TAUBATE";"Não guardar distância de segurança";"Engavetamento";"Com Vítimas Feridas";"Pleno dia";"Decrescente";"Nublado";"Dupla";"Reta";"Sim";5;0;2;2;1;0;4;3;-23,058229;-45,617695;"SPRF-SP";"DEL06-SP";"UOP02-DEL02-SP"
194583;2019-03-02;"sábado";"10:30:00";"PE";232;243;"ARCOVERDE";"Falta de Atenção à Condução";"Saída de leito carroçável";"Com Vítimas Fatais";"Pleno dia";"Crescente";"Céu Claro";"Simples";"Reta";"Não";4;1;0;2;1;0;2;1;-8,41579688;-36,98443294;"SPRF-PE";"DEL03-PE";"UOP02-DEL03-PE"
194584;2019-03-02;"sábado";"07:30:00";"SC";280;276,1;"IRINEOPOLIS";"Desobediência às normas de trânsito pelo condutor";"Colisão frontal";"Com Vítimas Feridas";"Pleno dia";"Crescente";"Céu Claro";"Simples";"Reta";"Não";8;0;5;2;1;0;7;2;-26,291283;-50,790569;"SPRF-SC";"DEL06-SC";"UOP04-DEL06-SC"
194585;2019-03-02;"sábado";"11:20:00";"PA";316;61;"CASTANHAL";"Não guardar distância de segurança";"Colisão traseira";"Com Vítimas Feridas";"Pleno dia";"Crescente";"Céu Claro";"Dupla";"Reta";"Sim";2;0;1;0;1;0;1;2;-1,296066;-47,916931;"SPRF-PA";"DEL01-PA";"UOP01-DEL01-PA"
194586;2019-02-26;"terça-feira";"17:00:00";"MS";262;469,6;"ANASTACIO";"Pista Escorregadia";"Capotamento";"Com Vítimas Feridas";"Pleno dia";"Decrescente";"Chuva";"Simples";"Curva";"Não";1;0;1;0;0;0;1;1;-20,51257017;-55,73707581;"SPRF-MS";"DEL03-MS";"UOP01-DEL03-MS"
194587;2019-03-02;"sábado";"11:00:00";"SC";470;49,5;"BLUMENAU";"Pista Escorregadia";"Tombamento";"Com Vítimas Feridas";"Pleno dia";"Crescente";"Sol";"Simples";"Curva";"Não";1;0;1;0;0;0;1;1;-26,860662;-49,065159;"SPRF-SC";"DEL04-SC";"UOP01-DEL04-SC"
194588;2019-03-02;"sábado";"11:50:00";"ES";101;29,8;"CONCEICAO DA BARRA";"Não guardar distância de segurança";"Capotamento";"Com Vítimas Feridas";"Pleno dia";"Decrescente";"Céu Claro";"Dupla";"Reta";"Não";5;0;2;1;2;0;3;2;-18,39992188;-39,93877968;"SPRF-ES";"DEL04-ES";"UOP02-DEL04-ES"
194589;2019-03-02;"sábado";"10:40:00";"PA";316;101;"SANTA MARIA DO PARA";"Defeito Mecânico no Veículo";"Engavetamento";"Sem Vítimas";"Pleno dia";"Crescente";"Céu Claro";"Simples";"Reta";"Não";6;0;0;0;6;0;0;6;-1,33653173;-47,59531812;"SPRF-PA";"DEL01-PA";"UOP02-DEL01-PA"
194590;2019-03-02;"sábado";"11:00:00";"MT";163;955;"NOVA SANTA HELENA";"Falta de Atenção à Condução";"Colisão transversal";"Com Vítimas Feridas";"Pleno dia";"Crescente";"Céu Claro";"Simples";"Rotatória";"Não";3;0;2;0;1;0;2;2;-10,84898079;-55,1877076;"SPRF-MT";"DEL06-MT";"UOP02-DEL06-MT"
194591;2019-03-02;"sábado";"12:20:00";"SC";101;115;"ITAJAI";"Não guardar distância de segurança";"Colisão traseira";"Com Vítimas Feridas";"Pleno dia";"Decrescente";"Céu Claro";"Múltipla";"Reta";"Não";3;0;1;1;1;0;2;2;-26,8793;-48,7258;"SPRF-SC";"DEL04-SC";"UOP04-DEL04-SC"
194592;2019-03-02;"sábado";"12:10:00";"SC";101;115;"ITAJAI";"Não guardar distância de segurança";"Colisão traseira";"Sem Vítimas";"Pleno dia";"Crescente";"Céu Claro";"Múltipla";"Reta";"Não";2;0;0;0;2;0;0;2;-26,87064015;-48,72954134;"SPRF-SC";"DEL04-SC";"UOP04-DEL04-SC"
194593;2019-03-02;"sábado";"11:30:00";"MG";116;230,5;"TEOFILO OTONI";"Falta de Atenção à Condução";"Saída de leito carroçável";"Com Vítimas Feridas";"Pleno dia";"Decrescente";"Céu Claro";"Simples";"Reta";"Não";3;0;3;0;0;0;3;1;-17,49892589;-41,49200832;"SPRF-MG";"DEL11-MG";"UOP01-DEL11-MG"
194594;2019-03-02;"sábado";"11:10:00";"RS";153;531;"CACAPAVA DO SUL";"Mal Súbito";"Saída de leito carroçável";"Com Vítimas Feridas";"Pleno dia";"Decrescente";"Sol";"Simples";"Curva";"Não";1;0;1;0;0;0;1;1;-30,705055;-53,494392;"SPRF-RS";"DEL09-RS";"UOP02-DEL09-RS"
194595;2019-03-02;"sábado";"10:00:00";"BA";101;714;"EUNAPOLIS";"Falta de Atenção à Condução";"Colisão transversal";"Com Vítimas Feridas";"Pleno dia";"Decrescente";"Céu Claro";"Simples";"Interseção de Vias";"Sim";2;0;1;1;0;0;2;2;-16,3467;-39,5804;"SPRF-BA";"DEL09-BA";"UOP01-DEL09-BA"
194596;2019-03-02;"sábado";"08:30:00";"PR";277;584,5;"CASCAVEL";"Desobediência às normas de trânsito pelo condutor";"Colisão lateral";"Sem Vítimas";"Pleno dia";"Crescente";"Sol";"Múltipla";"Interseção de Vias";"Sim";3;0;0;0;3;0;0;3;-25,02817;-53,55983;"SPRF-PR";"DEL04-PR";"UOP01-DEL04-PR"
194597;2019-03-02;"sábado";"11:00:00";"MS";163;341,2;"RIO BRILHANTE";"Não guardar distância de segurança";"Colisão traseira";"Com Vítimas Feridas";"Pleno dia";"Crescente";"Sol";"Simples";"Reta";"Sim";2;0;1;0;1;0;1;2;-21,65971884;-54,4392121;"SPRF-MS";"DEL02-MS";"UOP02-DEL02-MS"
194598;2019-03-02;"sábado";"13:30:00";"MG";365;596;"UBERLANDIA";"Pista Escorregadia";"Capotamento";"Com Vítimas Feridas";"Pleno dia";"Crescente";"Chuva";"Simples";"Curva";"Não";1;0;1;0;0;0;1;1;-18,8974;-48,2715;"SPRF-MG";"DEL15-MG";"UOP02-DEL15-MG"
194600;2019-03-02;"sábado";"09:40:00";"ES";262;146,5;"IBATIBA";"Falta de Atenção à Condução";"Colisão traseira";"Com Vítimas Fatais";"Pleno dia";"Decrescente";"Sol";"Simples";"Reta";"Não";4;1;1;0;2;0;1;3;-20,22533694;-41,41666196;"SPRF-ES";"DEL01-ES";"UOP02-DEL01-ES"
194601;2019-03-02;"sábado";"12:00:00";"MG";146;586,9;"BOTELHOS";"Pista Escorregadia";"Saída de leito carroçável";"Sem Vítimas";"Pleno dia";"Crescente";"Chuva";"Simples";"Curva";"Não";1;0;0;0;1;0;0;1;-21,639704;-46,404118;"SPRF-MG";"DEL13-MG";"UOP01-DEL13-MG"
194603;2019-03-02;"sábado";"14:05:00";"SC";470;62,7;"INDAIAL";"Falta de Atenção à Condução";"Colisão transversal";"Com Vítimas Feridas";"Pleno dia";"Crescente";"Céu Claro";"Dupla";"Curva";"Não";3;0;1;0;2;0;1;2;-26,874521;-49,182938;"SPRF-SC";"DEL04-SC";"UOP01-DEL04-SC"