"id";"data_inversa";"dia_semana";"horario";"uf";"br";"km";"municipio";"causa_acidente";"tipo_acidente";"classificacao_acidente";"fase_dia";"sentido_via";"condicao_metereologica";"tipo_pista";"tracado_via";"uso_solo";"pessoas";"mortos";"feridos_leves";"feridos_graves";"ilesos";"ignorados";"feridos";"veiculos";"latitude";"longitude";"regional";"delegacia";"uop"
194604;2019-03-02;"sábado";"13:10:00";"PR";277;595;"CASCAVEL";"Falta de Atenção à Condução";"Colisão traseira";"Com Vítimas Feridas";"Pleno dia";"Crescente";"Céu Claro";"Dupla";"Reta";"Não";7;0;3;0;4;0;3;2;-25,02817;-53,55983;"SPRF-PR";"DEL04-PR";"UOP01-DEL04-PR"
194605;2019-03-02;"sábado";"11:50:00";"BA";116;735,2;"BOA NOVA";"Não guardar distância de segurança";"Colisão traseira";"Com Vítimas Feridas";"Pleno dia";"Decrescente";"Céu Claro";"Simples";"Reta";"Não";4;0;1;0;3;0;1;3;-14,35182;-40,33456;"SPRF-BA";"DEL08-BA";"UOP02-DEL08-BA"
194606;2019-03-02;"sábado";"14:10:00";"CE";116;5;"FORTALEZA";"Falta de Atenção à Condução";"Colisão traseira";"Sem Vítimas";"Pleno dia";"Crescente";"Garoa/Chuvisco";"Simples";"Viaduto";"Sim";2;0;0;0;2;0;0;2;-3,8038;-38,5032;"SPRF-CE";"DEL01-CE";"UOP02-DEL01-CE"
194607;2019-03-02;"sábado";"14:00:00";"SC";101;177,8;"BIGUACU";"Defeito Mecânico no Veículo";"Tombamento";"Com Vítimas Feridas";"Pleno dia";"Decrescente";"Céu Claro";"Múltipla";"Reta";"Sim";2;0;2;0;0;0;2;1;-27,3648;-48,6339;"SPRF-SC";"DEL01-SC";"UOP01-DEL01-SC"
194608;2019-03-02;"sábado";"13:30:00";"BA";418;1;"CARAVELAS";"Falta de Atenção à Condução";"Saída de leito carroçável";"Com Vítimas Feridas";"Pleno dia";"Decrescente";"Céu Claro";"Simples";"Interseção de Vias";"Não";2;0;1;0;1;0;1;2;-17,734318;-39,239071;"SPRF-BA";"DEL09-BA";"UOP02-DEL09-BA"
194609;2019-03-02;"sábado";"12:30:00";"MG";381;652,2;"SANTO ANTONIO DO AMPARO";"Pista Escorregadia";"Capotamento";"Com Vítimas Feridas";"Pleno dia";"Decrescente";"Chuva";"Dupla";"Declive;Curva";"Não";1;0;1;0;0;0;1;1;-20,9697;-44,9314;"SPRF-MG";"DEL04-MG";"UOP02-DEL04-MG"
194610;2019-03-02;"sábado";"14:00:00";"ES";393;3,9;"CACHOEIRO DE ITAPEMIRIM";"Falta de Atenção à Condução";"Saída de leito carroçável";"Com Vítimas Feridas";"Pleno dia";"Decrescente";"Céu Claro";"Simples";"Curva";"Não";1;0;0;1;0;0;1;1;-20,82800976;-41,19117737;"SPRF-ES";"DEL03-ES";"UOP02-DEL03-ES"
194611;2019-03-02;"sábado";"10:25:00";"RJ";493;0,5;"ITABORAI";"Falta de Atenção à Condução";"Colisão transversal";"Com Vítimas Feridas";"Pleno dia";"Crescente";"Nublado";"Simples";"Reta";"Sim";2;0;1;0;1;0;1;2;-22,77062;-42,92223;"SPRF-RJ";"DEL04-RJ";"UOP02-DEL04-RJ"
194612;2019-03-02;"sábado";"13:10:00";"MG";381;736,1;"CARMO DA CACHOEIRA";"Falta de Atenção à Condução";"Colisão traseira";"Com Vítimas Feridas";"Pleno dia";"Decrescente";"Céu Claro";"Dupla";"Reta";"Não";2;0;1;0;1;0;1;2;-21,54784693;-45,24148753;"SPRF-MG";"DEL04-MG";"UOP02-DEL04-MG"
194614;2019-03-02;"sábado";"14:28:00";"PB";230;12;"CABEDELO";"Desobediência às normas de trânsito pelo condutor";"Colisão lateral";"Com Vítimas Feridas";"Pleno dia";"Decrescente";"Céu Claro";"Dupla";"Reta";"Sim";2;0;2;0;0;0;2;2;-7,068;-34,85;"SPRF-PB";"DEL01-PB";"UOP01-DEL01-PB"
194616;2019-02-24;"domingo";"19:30:00";"SC";280;234;"CANOINHAS";"Ingestão de Álcool";"Danos eventuais";"Sem Vítimas";"Plena Noite";"Decrescente";"Céu Claro";"Simples";"Reta";"Sim";2;0;0;0;2;0;0;2;-26,191307;-50,402584;"SPRF-SC";"DEL06-SC";"UOP04-DEL06-SC"
194618;2019-03-02;"sábado";"13:45:00";"PR";376;173,5;"MARINGA";"Defeito Mecânico no Veículo";"Colisão transversal";"Com Vítimas Feridas";"Pleno dia";"Decrescente";"Céu Claro";"Dupla";"Reta;Aclive";"Sim";3;0;3;0;0;0;3;2;-23,4191;-51,968166;"SPRF-PR";"DEL07-PR";"UOP01-DEL09-PR"
194622;2019-03-02;"sábado";"14:45:00";"RS";392;680,2;"SAO PEDRO DO BUTIA";"Velocidade Incompatível";"Saída de leito carroçável";"Com Vítimas Fatais";"Pleno dia";"Crescente";"Sol";"Simples";"Reta";"Não";3;1;0;0;0;2;0;2;-28,128546;-54,900692;"SPRF-RS";"DEL10-RS";"UOP01-DEL10-RS"
194623;2019-03-02;"sábado";"15:05:00";"CE";304;20;"ARACATI";"Desobediência às normas de trânsito pelo condutor";"Colisão traseira";"Com Vítimas Feridas";"Pleno dia";"Decrescente";"Céu Claro";"Simples";"Reta";"Não";2;0;0;1;1;0;1;2;-4,584991;-38,031441;"SPRF-CE";"DEL03-CE";"UOP03-DEL03-CE"
194624;2019-03-02;"sábado";"14:55:00";"PR";116;99;"SAO JOSE DOS PINHAIS";"Falta de Atenção à Condução";"Capotamento";"Com Vítimas Feridas";"Pleno dia";"Crescente";"Céu Claro";"Dupla";"Reta";"Não";1;0;1;0;0;0;1;1;-25,526846;-49,140408;"SPRF-PR";"DEL01-PR";"UOP01-DEL01-PR"
194626;2019-03-02;"sábado";"15:20:00";"SC";101;262;"PAULO LOPES";"Falta de Atenção à Condução";"Saída de leito carroçável";"Com Vítimas Feridas";"Pleno dia";"Decrescente";"Céu Claro";"Dupla";"Curva";"Não";1;0;1;0;0;0;1;1;-28,0489;-48,7154;"SPRF-SC";"DEL02-SC";"UOP03-DEL02-SC"
194628;2019-03-02;"sábado";"14:12:00";"MG";381;346;"NOVA ERA";"Objeto estático sobre o leito carroçável";"Colisão lateral";"Sem Vítimas";"Pleno dia";"Decrescente";"Chuva";"Simples";"Curva";"Não";10;0;0;0;10;0;0;3;-19,78350352;-43,04409027;"SPRF-MG";"DEL03-MG";"UOP01-DEL03-MG"
194629;2019-03-02;"sábado";"07:15:00";"RJ";101;255,5;"RIO BONITO";"Pista Escorregadia";"Saída de leito carroçável";"Com Vítimas Feridas";"Amanhecer";"Crescente";"Garoa/Chuvisco";"Dupla";"Reta";"Não";2;0;1;0;1;0;1;1;-22,694231;-42,55912;"SPRF-RJ";"DEL02-RJ";"UOP03-DEL02-RJ"
194630;2019-03-02;"sábado";"12:20:00";"MS";262;441,8;"DOIS IRMAOS DO BURITI";"Desobediência às normas de trânsito pelo condutor";"Colisão transversal";"Com Vítimas Feridas";"Pleno dia";"Decrescente";"Céu Claro";"Simples";"Aclive";"Não";5;0;4;0;1;0;4;2;-20,52172895;-55,38419987;"SPRF-MS";"DEL03-MS";"UOP01-DEL03-MS"
194631;2019-03-02;"sábado";"13:39:00";"PR";277;386,2;"CANDOI";"Defeito Mecânico no Veículo";"Saída de leito carroçável";"Com Vítimas Feridas";"Pleno dia";"Crescente";"Sol";"Simples";"Reta";"Não";2;0;2;0;0;0;2;1;-25,443272;-51,857997;"SPRF-PR";"DEL03-PR";"UOP01-DEL08-PR"
194632;2019-03-02;"sábado";"15:25:00";"SP";116;219;"GUARULHOS";"Não guardar distância de segurança";"Colisão traseira";"Com Vítimas Feridas";"Pleno dia";"Crescente";"Nublado";"Simples";"Reta";"Não";2;0;1;0;1;0;1;2;-23,46528042;-46,50000552;"SPRF-SP";"DEL01-SP";"UOP01-DEL01-SP"
194634;2019-03-02;"sábado";"15:45:00";"MG";381;932;"EXTREMA";"Velocidade Incompatível";"Colisão com objeto estático";"Sem Vítimas";"Pleno dia";"Decrescente";"Chuva";"Dupla";"Curva";"Não";1;0;0;0;1;0;0;1;-22,7956;-46,2536;"SPRF-MG";"DEL16-MG";"UOP03-DEL16-MG"
194635;2019-03-02;"sábado";"09:40:00";"RJ";101;315;"SAO GONCALO";"Falta de Atenção à Condução";"Colisão traseira";"Com Vítimas Feridas";"Pleno dia";"Decrescente";"Céu Claro";"Dupla";"Reta";"Sim";5;0;1;1;1;2;2;3;-22,822636;-43,084637;"SPRF-RJ";"DEL02-RJ";"DEL5/2-UOP04/RJ"
194636;2019-03-02;"sábado";"15:00:00";"CE";116;386,5;"ICO";"Ingestão de Álcool";"Tombamento";"Com Vítimas Feridas";"Pleno dia";"Crescente";"Sol";"Simples";"Reta";"Não";1;0;1;0;0;0;1;1;-6,48844828;-38,85907173;"SPRF-CE";"DEL05-CE";"UOP01-DEL05-CE"
194638;2019-03-02;"sábado";"15:20:00";"MG";116;527,7;"CARATINGA";"Falta de Atenção à Condução";"Colisão traseira";"Com Vítimas Feridas";"Pleno dia";"Decrescente";"Céu Claro";"Simples";"Curva";"Sim";2;0;1;0;1;0;1;2;-19,775705;-42,132579;"SPRF-MG";"DEL06-MG";"UOP02-DEL06-MG"
194639;2019-03-02;"sábado";"15:00:00";"MG";262;35,1;"MANHUACU";"Desobediência às normas de trânsito pelo condutor";"Colisão frontal";"Com Vítimas Feridas";"Pleno dia";"Crescente";"Céu Claro";"Simples";"Curva";"Não";2;0;1;0;1;0;1;2;-20,259268;-42,017025;"SPRF-MG";"DEL06-MG";"UOP03-DEL06-MG"
194641;2019-03-02;"sábado";"16:20:00";"BA";324;609,4;"SIMOES FILHO";"Desobediência às normas de trânsito pelo pedestre";"Atropelamento de Pedestre";"Com Vítimas Fatais";"Pleno dia";"Crescente";"Céu Claro";"Dupla";"Reta";"Sim";2;1;0;0;1;0;0;2;-12,83709716;-38,41416098;"SPRF-BA";"DEL01-BA";"UOP01-DEL01-BA"
194642;2019-03-02;"sábado";"16:30:00";"DF";20;14;"BRASILIA";"Pista Escorregadia";"Engavetamento";"Sem Vítimas";"Anoitecer";"Crescente";"Chuva";"Dupla";"Reta";"Sim";1;0;0;0;1;0;0;1;-15,634938;-47,741241;"SPRF-DF";"DEL02-DF";"UOP01-DEL02-DF"
194643;2019-03-02;"sábado";"16:20:00";"PR";277;199,4;"PALMEIRA";"Falta de Atenção à Condução";"Colisão traseira";"Com Vítimas Feridas";"Pleno dia";"Decrescente";"Céu Claro";"Simples";"Reta";"Não";2;0;0;1;1;0;1;2;-25,42498179;-50,073452;"SPRF-PR";"DEL03-PR";"UOP02-DEL08-PR"
194644;2019-03-02;"sábado";"16:00:00";"PR";277;690,2;"SAO MIGUEL DO IGUACU";"Desobediência às normas de trânsito pelo condutor";"Colisão lateral";"Com Vítimas Feridas";"Pleno dia";"Crescente";"Céu Claro";"Dupla";"Aclive";"Sim";4;0;2;0;1;1;2;2;-25,36018856;-54,2488575;"SPRF-PR";"DEL05-PR";"UOP01-DEL05-PR"
194646;2019-03-02;"sábado";"16:55:00";"MG";381;484;"BETIM";"Mal Súbito";"Colisão com objeto estático";"Com Vítimas Fatais";"Anoitecer";"Crescente";"Céu Claro";"Dupla";"Curva";"Sim";1;1;0;0;0;0;0;1;-19,9557;-44,0964;"SPRF-MG";"DEL01-MG";"UOP03-DEL01-MG"
194647;2019-03-02;"sábado";"16:30:00";"GO";414;439,5;"ANAPOLIS";"Ingestão de Álcool";"Colisão lateral";"Com Vítimas Feridas";"Pleno dia";"Decrescente";"Céu Claro";"Simples";"Rotatória";"Sim";2;0;1;0;1;0;1;2;-16,3202619;-48,8706198;"SPRF-GO";"DEL02-GO";"UOP01-DEL02-GO"
194648;2019-03-02;"sábado";"16:50:00";"MG";40;550,4;"NOVA LIMA";"Falta de Atenção à Condução";"Saída de leito carroçável";"Com Vítimas Fatais";"Pleno dia";"Decrescente";"Nublado";"Dupla";"Reta";"Sim";3;1;2;0;0;0;2;2;-20,0537;-43,9705;"SPRF-MG";"DEL01-MG";"UOP02-DEL01-MG"
194650;2019-03-02;"sábado";"15:22:00";"RO";364;711;"PORTO VELHO";"Falta de Atenção à Condução";"Colisão traseira";"Com Vítimas Feridas";"Pleno dia";"Crescente";"Nublado";"Dupla";"Reta";"Sim";3;0;2;0;1;0;2;2;-8,77890223;-63,87012547;"SPRF-RO";"DEL01-RO";"UOP01-DEL01-RO"
194651;2019-03-02;"sábado";"16:50:00";"BA";324;518;"FEIRA DE SANTANA";"Ingestão de Álcool";"Colisão transversal";"Com Vítimas Feridas";"Pleno dia";"Decrescente";"Céu Claro";"Simples";"Interseção de Vias";"Sim";3;0;0;2;1;0;2;2;-12,26884266;-38,93397158;"SPRF-BA";"DEL01-BA";"UOP01-DEL01-BA"
194652;2019-03-02;"sábado";"17:30:00";"GO";153;516;"APARECIDA DE GOIANIA";"Ingestão de Álcool";"Queda de ocupante de veículo";"Com Vítimas Feridas";"Anoitecer";"Crescente";"Nublado";"Dupla";"Declive";"Sim";1;0;1;0;0;0;1;1;-16,8504;-49,2473;"SPRF-GO";"DEL01-GO";"UOP03-DEL01-GO"
194653;2019-03-02;"sábado";"17:25:00";"CE";116;19;"AQUIRAZ";"Desobediência às normas de trânsito pelo condutor";"Colisão transversal";"Com Vítimas Feridas";"Anoitecer";"Crescente";"Chuva";"Dupla";"Reta";"Sim";2;0;1;0;1;0;1;2;-3,9268;-38,5078;"SPRF-CE";"DEL01-CE";"UOP02-DEL01-CE"
194654;2019-03-02;"sábado";"17:40:00";"SC";282;213,6;"LAGES";"Falta de Atenção à Condução";"Colisão transversal";"Com Vítimas Feridas";"Pleno dia";"Crescente";"Céu Claro";"Simples";"Reta";"Sim";2;0;0;1;1;0;1;2;-27,785299;-50,261921;"SPRF-SC";"DEL05-SC";"UOP01-DEL05-SC"
194655;2019-03-02;"sábado";"17:30:00";"GO";20;62,1;"FORMOSA";"Não guardar distância de segurança";"Colisão traseira";"Com Vítimas Feridas";"Anoitecer";"Crescente";"Chuva";"Simples";"Reta";"Não";3;0;1;0;2;0;1;2;-15,22989;-47,172417;"SPRF-DF";"DEL02-DF";"UOP01-DEL02-DF"
194656;2019-03-02;"sábado";"17:30:00";"CE";222;313;"TIANGUA";"Ingestão de Álcool";"Colisão transversal";"Com Vítimas Feridas";"Anoitecer";"Crescente";"Garoa/Chuvisco";"Simples";"Reta";"Sim";2;0;1;1;0;0;2;2;-3,723635;-40,996712;"SPRF-CE";"DEL04-CE";"UOP02-DEL04-CE"
194657;2019-03-02;"sábado";"17:50:00";"RJ";101;322;"NITEROI";"Falta de Atenção à Condução";"Colisão lateral";"Com Vítimas Feridas";"Pleno dia";"Decrescente";"Céu Claro";"Múltipla";"Reta";"Sim";2;0;1;0;1;0;1;2;-22,878923;-43,110676;"SPRF-RJ";"DEL02-RJ";"UOP02-DEL02-RJ"
194659;2019-03-02;"sábado";"11:30:00";"RJ";116;228;"PIRAI";"Desobediência às normas de trânsito pelo condutor";"Colisão transversal";"Com Vítimas Feridas";"Pleno dia";"Crescente";"Nublado";"Dupla";"Reta";"Não";2;0;0;1;1;0;1;2;-22,672081;-43,817894;"SPRF-RJ";"DEL07-RJ";"UOP01-DEL07-RJ"
194660;2019-03-02;"sábado";"15:30:00";"SP";116;64;"GUARATINGUETA";"Defeito Mecânico no Veículo";"Queda de ocupante de veículo";"Com Vítimas Feridas";"Pleno dia";"Crescente";"Céu Claro";"Dupla";"Reta";"Sim";2;0;1;0;1;0;1;1;-22,81946;-45,184345;"SPRF-SP";"DEL08-SP";"UOP01-DEL08-SP"
194661;2019-03-02;"sábado";"17:50:00";"BA";101;708,4;"EUNAPOLIS";"Ingestão de Álcool";"Colisão traseira";"Com Vítimas Feridas";"Anoitecer";"Crescente";"Céu Claro";"Simples";"Reta";"Não";2;0;1;0;1;0;1;2;-16,30419977;-39,59635735;"SPRF-BA";"DEL09-BA";"UOP01-DEL09-BA"
194662;2019-03-02;"sábado";"18:00:00";"SC";101;119;"ITAJAI";"Falta de Atenção à Condução";"Colisão lateral";"Com Vítimas Feridas";"Anoitecer";"Crescente";"Céu Claro";"Dupla";"Reta";"Não";2;0;1;0;1;0;1;2;-26,9128;-48,7118;"SPRF-SC";"DEL04-SC";"UOP04-DEL04-SC"
194663;2019-03-02;"sábado";"16:55:00";"MG";262;389;"FLORESTAL";"Falta de Atenção à Condução";"Colisão traseira";"Com Vítimas Feridas";"Pleno dia";"Decrescente";"Céu Claro";"Dupla";"Reta";"Não";3;0;1;0;2;0;1;2;-19,907;-44,5119;"SPRF-MG";"DEL01-MG";"UOP03-DEL01-MG"
194665;2019-03-02;"sábado";"17:55:00";"SC";101;21;"JOINVILLE";"Não guardar distância de segurança";"Colisão traseira";"Sem Vítimas";"Pleno dia";"Crescente";"Sol";"Dupla";"Reta";"Não";3;0;0;0;3;0;0;2;-26,1569;-48,9077;"SPRF-SC";"DEL03-SC";"UOP01-DEL03-SC"
194666;2019-03-02;"sábado";"16:25:00";"SP";153;174,3;"GUAICARA";"Falta de Atenção à Condução";"Colisão transversal";"Com Vítimas Feridas";"Pleno dia";"Decrescente";"Garoa/Chuvisco";"Simples";"Reta";"Sim";4;0;1;0;3;0;1;2;-21,633102;-49,787743;"SPRF-SP";"DEL07-SP";"UOP01-DEL07-SP"
194667;2019-03-02;"sábado";"17:40:00";"RS";290;36;"SANTO ANTONIO DA PATRULHA";"Não guardar distância de segurança";"Colisão traseira";"Com Vítimas Feridas";"Pleno dia";"Decrescente";"Céu Claro";"Dupla";"Reta";"Não";3;0;1;0;2;0;1;2;-29,884756;-50,61729;"SPRF-RS";"DEL03-RS";"UOP02-DEL03-RS"
194668;2019-03-02;"sábado";"17:25:00";"RS";470;283,9;"MONTENEGRO";"Velocidade Incompatível";"Tombamento";"Com Vítimas Feridas";"Pleno dia";"Decrescente";"Céu Claro";"Simples";"Reta";"Não";2;0;1;0;1;0;1;2;-29,64947707;-51,45819604;"SPRF-RS";"DEL04-RS";"UOP02-DEL04-RS"
194669;2019-03-02;"sábado";"18:00:00";"PA";163;1000;"SANTAREM";"Ingestão de Álcool";"Colisão transversal";"Com Vítimas Feridas";"Pleno dia";"Crescente";"Nublado";"Simples";"Interseção de Vias";"Sim";2;0;1;0;1;0;1;2;-2,46697698;-54,72790003;"SPRF-PA";"DEL05-PA";"UOP01-DEL05-PA"
194671;2019-03-02;"sábado";"18:10:00";"RJ";101;269;"RIO BONITO";"Falta de Atenção à Condução";"Queda de ocupante de veículo";"Com Vítimas Feridas";"Anoitecer";"Decrescente";"Nublado";"Dupla";"Reta";"Sim";1;0;1;0;0;0;1;1;-22,714979;-42,678112;"SPRF-RJ";"DEL02-RJ";"UOP03-DEL02-RJ"
194672;2019-03-02;"sábado";"15:00:00";"SP";116;323;"JUQUITIBA";"Defeito Mecânico no Veículo";"Queda de ocupante de veículo";"Com Vítimas Feridas";"Pleno dia";"Decrescente";"Garoa/Chuvisco";"Dupla";"Reta";"Não";1;0;1;0;0;0;1;1;-23,93657464;-47,03562498;"SPRF-SP";"DEL04-SP";"UOP03-DEL04-SP"
194673;2019-03-02;"sábado";"17:15:00";"MG";40;778;"JUIZ DE FORA";"Desobediência às normas de trânsito pelo condutor";"Colisão frontal";"Sem Vítimas";"Pleno dia";"Crescente";"Céu Claro";"Simples";"Declive;Curva";"Não";4;0;0;0;4;0;0;2;-21,689;-43,4498;"SPRF-MG";"DEL05-MG";"UOP01-DEL05-MG"
194674;2019-03-02;"sábado";"18:00:00";"ES";101;231;"FUNDAO";"Desobediência às normas de trânsito pelo condutor";"Colisão transversal";"Com Vítimas Feridas";"Anoitecer";"Crescente";"Céu Claro";"Simples";"Reta";"Não";4;0;2;0;2;0;2;2;-19,944826;-40,407306;"SPRF-ES";"DEL02-ES";"UOP01-DEL02-ES"
194675;2019-03-02;"sábado";"18:50:00";"SC";101;125;"ITAJAI";"Não guardar distância de segurança";"Colisão traseira";"Com Vítimas Feridas";"Anoitecer";"Crescente";"Nublado";"Múltipla";"Reta";"Não";2;0;0;1;1;0;1;2;-26,9557;-48,6796;"SPRF-SC";"DEL04-SC";"UOP04-DEL04-SC"
194677;2019-03-02;"sábado";"18:00:00";"PR";163;72,8;"PLANALTO";"Ingestão de Álcool";"Colisão transversal";"Com Vítimas Feridas";"Anoitecer";"Crescente";"Céu Claro";"Simples";"Interseção de Vias;Reta";"Não";4;0;1;0;3;0;1;2;-25,778281;-53,79166;"SPRF-PR";"DEL02-PR";"UOP02-DEL02-PR"
194678;2019-03-02;"sábado";"18:15:00";"GO";414;329;"COCALZINHO DE GOIAS";"Defeito Mecânico no Veículo";"Capotamento";"Com Vítimas Feridas";"Anoitecer";"Decrescente";"Céu Claro";"Simples";"Reta";"Não";3;0;3;0;0;0;3;1;-15,580993;-48,628662;"SPRF-GO";"DEL02-GO";"UOP01-DEL02-GO"
194679;2019-03-02;"sábado";"18:50:00";"GO";50;279;"CATALAO";"Falta de Atenção à Condução";"Colisão transversal";"Com Vítimas Feridas";"Plena Noite";"Crescente";"Nublado";"Simples";"Interseção de Vias";"Sim";4;0;0;1;3;0;1;2;-18,1739;-47,9289;"SPRF-GO";"DEL06-GO";"UOP01-DEL06-GO"
194680;2019-03-02;"sábado";"18:00:00";"RJ";40;90;"PETROPOLIS";"Velocidade Incompatível";"Colisão lateral";"Com Vítimas Feridas";"Anoitecer";"Crescente";"Chuva";"Simples";"Curva";"Não";3;0;1;0;2;0;1;2;-22,5598;-43,2322;"SPRF-RJ";"DEL06-RJ";"UOP01-DEL06-RJ"
194681;2019-03-02;"sábado";"18:30:00";"RJ";101;102;"CAMPOS DOS GOYTACAZES";"Falta de Atenção à Condução";"Capotamento";"Com Vítimas Feridas";"Anoitecer";"Crescente";"Chuva";"Dupla";"Reta";"Sim";6;0;1;0;5;0;1;3;-21,895832;-41,600277;"SPRF-RJ";"DEL08-RJ";"UOP02-DEL08-RJ"
194682;2019-03-02;"sábado";"18:00:00";"BA";101;180;"SAO GONCALO DOS CAMPOS";"Falta de Atenção à Condução";"Colisão transversal";"Com Vítimas Feridas";"Plena Noite";"Crescente";"Céu Claro";"Simples";"Reta";"Não";2;0;1;0;1;0;1;2;-12,42966;-38,912374;"SPRF-BA";"DEL01-BA";"UOP03-DEL01-BA"
194683;2019-03-02;"sábado";"18:30:00";"ES";101;94;"JAGUARE";"Falta de Atenção à Condução";"Atropelamento de Pedestre";"Com Vítimas Feridas";"Anoitecer";"Crescente";"Nublado";"Simples";"Reta";"Sim";2;0;0;1;0;1;1;2;-18,93248751;-39,97254432;"SPRF-ES";"DEL04-ES";"UOP02-DEL04-ES"
194684;2019-03-02;"sábado";"19:10:00";"MG";153;245,1;"FRONTEIRA";"Falta de Atenção à Condução";"Colisão transversal";"Com Vítimas Feridas";"Plena Noite";"Crescente";"Céu Claro";"Simples";"Interseção de Vias";"Sim";2;0;1;0;1;0;1;2;-20,291227;-49,202367;"SPRF-MG";"DEL13-MG";"UOP02-DEL13-MG"
194685;2019-03-02;"sábado";"19:10:00";"CE";116;15;"ITAITINGA";"Desobediência às normas de trânsito pelo condutor";"Atropelamento de Pedestre";"Com Vítimas Feridas";"Plena Noite";"Crescente";"Garoa/Chuvisco";"Dupla";"Aclive";"Sim";2;0;1;0;0;1;1;2;-3,891;-38,502;"SPRF-CE";"DEL01-CE";"UOP02-DEL01-CE"
194686;2019-03-02;"sábado";"15:35:00";"MG";40;60,3;"PARACATU";"Falta de Atenção à Condução";"Saída de leito carroçável";"Com Vítimas Feridas";"Pleno dia";"Crescente";"Chuva";"Simples";"Reta";"Não";3;0;1;0;2;0;1;1;-17,319412;-46,765888;"SPRF-MG";"DEL14-MG";"UOP01-DEL14-MG"
194687;2019-03-02;"sábado";"19:15:00";"MG";381;583,6;"CARMOPOLIS DE MINAS";"Falta de Atenção à Condução";"Colisão traseira";"Com Vítimas Feridas";"Plena Noite";"Decrescente";"Nublado";"Dupla";"Reta";"Não";4;0;0;1;1;2;1;3;-20,50842005;-44,61157322;"SPRF-MG";"DEL04-MG";"UOP01-DEL04-MG"
194688;2019-02-27;"quarta-feira";"06:00:00";"MG";40;476;"SETE LAGOAS";"Não guardar distância de segurança";"Tombamento";"Com Vítimas Feridas";"Amanhecer";"Crescente";"Céu Claro";"Dupla";"Reta";"Não";2;0;1;0;1;0;1;2;-19,474533;-44,2916915;"SPRF-MG";"DEL02-MG";"UOP01-DEL02-MG"
194689;2019-03-02;"sábado";"18:25:00";"MG";40;517;"RIBEIRAO DAS NEVES";"Não guardar distância de segurança";"Engavetamento";"Com Vítimas Feridas";"Plena Noite";"Decrescente";"Nublado";"Dupla";"Reta";"Sim";4;0;1;0;2;1;1;3;-19,8351;-44,08;"SPRF-MG";"DEL01-MG";"UOP03-DEL01-MG"
194690;2019-03-02;"sábado";"19:45:00";"PR";369;175;"ROLANDIA";"Ingestão de Álcool";"Colisão transversal";"Com Vítimas Feridas";"Plena Noite";"Crescente";"Céu Claro";"Simples";"Reta";"Sim";2;0;2;0;0;0;2;2;-23,3214253;-51,38285095;"SPRF-PR";"DEL07-PR";"UOP01-DEL07-PR"
194691;2019-03-02;"sábado";"19:50:00";"PR";369;41;"ANDIRA";"Desobediência às normas de trânsito pelo condutor";"Colisão frontal";"Com Vítimas Feridas";"Plena Noite";"Crescente";"Céu Claro";"Simples";"Reta";"Não";4;0;0;2;1;1;2;4;-23,06570562;-50,25886238;"SPRF-PR";"DEL07-PR";"UOP05-DEL07-PR"
194693;2019-03-02;"sábado";"14:00:00";"SC";116;53,3;"PAPANDUVA";"Ingestão de Álcool";"Saída de leito carroçável";"Sem Vítimas";"Pleno dia";"Crescente";"Céu Claro";"Simples";"Reta;Declive";"Não";1;0;0;0;1;0;0;1;-26,39325;-50,155151;"SPRF-SC";"DEL06-SC";"UOP01-DEL06-SC"
194694;2019-03-02;"sábado";"16:15:00";"MT";364;471;"JANGADA";"Avarias e/ou desgaste excessivo no pneu";"Saída de leito carroçável";"Com Vítimas Feridas";"Pleno dia";"Crescente";"Chuva";"Simples";"Reta";"Não";3;0;3;0;0;0;3;1;-15,43216994;-56,33960724;"SPRF-MT";"DEL01-MT";"DEL2/4-UOP02/MT"
194697;2019-03-02;"sábado";"20:00:00";"RN";110;1,1;"AREIA BRANCA";"Desobediência às normas de trânsito pelo condutor";"Colisão transversal";"Com Vítimas Feridas";"Plena Noite";"Crescente";"Nublado";"Simples";"Reta";"Sim";3;0;0;2;0;1;2;2;-4,94831701;-37,12344646;"SPRF-RN";"DEL04-RN";"UOP01-DEL04-RN"
194699;2019-03-02;"sábado";"19:40:00";"AL";101;179,7;"JUNQUEIRO";"Ingestão de Álcool";"Atropelamento de Pedestre";"Com Vítimas Fatais";"Plena Noite";"Decrescente";"Céu Claro";"Dupla";"Reta";"Não";2;1;0;0;1;0;0;2;-9,88842574;-36,39977803;"SPRF-AL";"DEL02-AL";"UOP02-DEL02-AL"
194702;2019-03-02;"sábado";"20:50:00";"PE";101;50,8;"PAULISTA";"Ingestão de Álcool";"Colisão traseira";"Com Vítimas Feridas";"Plena Noite";"Crescente";"Nublado";"Múltipla";"Reta";"Sim";2;0;1;0;1;0;1;2;-7,91874974;-34,89612937;"SPRF-PE";"DEL01-PE";"UOP02-DEL01-PE"
194703;2019-03-02;"sábado";"21:00:00";"GO";70;1;"AGUAS LINDAS DE GOIAS";"Falta de Atenção à Condução";"Atropelamento de Pedestre";"Com Vítimas Feridas";"Plena Noite";"Crescente";"Chuva";"Dupla";"Reta";"Sim";4;0;3;0;0;1;3;2;-15,77579351;-48,23259001;"SPRF-DF";"DEL01-DF";"UOP02-DEL03-DF"
194704;2019-03-02;"sábado";"19:30:00";"RR";401;70;"BONFIM";"Restrição de Visibilidade";"Colisão traseira";"Com Vítimas Fatais";"Plena Noite";"Decrescente";"Céu Claro";"Simples";"Reta";"Não";3;1;0;0;0;2;0;3;3,167398;-60,230793;"SPRF-RR";"DEL01-RR";"UOP03/RR"