"id";"data_inversa";"dia_semana";"horario";"uf";"br";"km";"municipio";"causa_acidente";"tipo_acidente";"classificacao_acidente";"fase_dia";"sentido_via";"condicao_metereologica";"tipo_pista";"tracado_via";"uso_solo";"pessoas";"mortos";"feridos_leves";"feridos_graves";"ilesos";"ignorados";"feridos";"veiculos";"latitude";"longitude";"regional";"delegacia";"uop"
195008;2019-03-04;"segunda-feira";"03:50:00";"MA";10;226,8;"GOVERNADOR EDISON LOBAO";"Falta de Atenção do Pedestre";"Atropelamento de Pedestre";"Com Vítimas Fatais";"Plena Noite";"Decrescente";"Chuva";"Simples";"Reta";"Não";2;1;0;0;1;0;0;2;-5,736645;-47,35976;"SPRF-MA";"DEL04-MA";"UOP01-DEL04-MA"
195009;2019-03-03;"domingo";"08:50:00";"BA";101;145;"TEODORO SAMPAIO";"Falta de Atenção à Condução";"Capotamento";"Sem Vítimas";"Plena Noite";"Crescente";"Céu Claro";"Simples";"Curva";"Não";1;0;0;0;1;0;0;1;-12,2633;-38,6589;"SPRF-BA";"DEL01-BA";"UOP03-DEL01-BA"
195010;2019-03-04;"segunda-feira";"05:30:00";"MT";70;500;"CUIABA";"Falta de Atenção à Condução";"Colisão transversal";"Com Vítimas Feridas";"Amanhecer";"Decrescente";"Sol";"Simples";"Reta";"Não";2;0;0;1;1;0;1;2;-15,682028;-55,923443;"SPRF-MT";"DEL02-MT";"UOP02-DEL01-MT"
195011;2019-03-01;"sexta-feira";"02:15:00";"PI";316;8;"TERESINA";"Falta de Atenção à Condução";"Colisão traseira";"Com Vítimas Feridas";"Plena Noite";"Crescente";"Nublado";"Simples";"Reta";"Sim";2;0;1;0;1;0;1;2;-5,164865;-42,768986;"SPRF-PI";"DEL01-PI";"UOP02-DEL01-PI"
195013;2019-03-04;"segunda-feira";"07:20:00";"SP";116;214,6;"GUARULHOS";"Avarias e/ou desgaste excessivo no pneu";"Capotamento";"Com Vítimas Feridas";"Pleno dia";"Crescente";"Nublado";"Múltipla";"Reta";"Não";1;0;1;0;0;0;1;1;-23,44844354;-46,45706177;"SPRF-SP";"DEL01-SP";"UOP01-DEL01-SP"
195014;2019-03-04;"segunda-feira";"06:20:00";"MS";163;396;"NOVA ALVORADA DO SUL";"Defeito Mecânico no Veículo";"Saída de leito carroçável";"Com Vítimas Feridas";"Amanhecer";"Decrescente";"Nublado";"Simples";"Reta";"Não";2;0;1;0;1;0;1;1;-21,2019974;-54,4628334;"SPRF-MS";"DEL02-MS";"UOP01-DEL02-MS"
195015;2019-03-04;"segunda-feira";"00:00:00";"RJ";116;60;"TERESOPOLIS";"Falta de Atenção à Condução";"Tombamento";"Com Vítimas Feridas";"Plena Noite";"Crescente";"Céu Claro";"Simples";"Reta";"Não";1;0;1;0;0;0;1;1;-22,236357;-42,911083;"SPRF-RJ";"DEL04-RJ";"UOP01-DEL04-RJ"
195017;2019-03-04;"segunda-feira";"04:54:00";"BA";116;597;"IRAJUBA";"Condutor Dormindo";"Saída de leito carroçável";"Com Vítimas Feridas";"Plena Noite";"Crescente";"Nublado";"Simples";"Curva";"Não";1;0;1;0;0;0;1;1;-13,1886621;-40,00636166;"SPRF-BA";"DEL03-BA";"UOP02-DEL03-BA"
195018;2019-03-04;"segunda-feira";"07:55:00";"RN";101;82,9;"NATAL";"Falta de Atenção à Condução";"Colisão lateral";"Com Vítimas Feridas";"Pleno dia";"Decrescente";"Garoa/Chuvisco";"Dupla";"Interseção de Vias";"Sim";2;0;1;0;1;0;1;2;-5,767915;-35,274563;"SPRF-RN";"DEL02-RN";"UOP01-DEL02-RN"
195019;2019-03-04;"segunda-feira";"08:00:00";"MG";50;72;"UBERLANDIA";"Desobediência às normas de trânsito pelo condutor";"Colisão transversal";"Com Vítimas Feridas";"Pleno dia";"Crescente";"Chuva";"Dupla";"Interseção de Vias";"Sim";3;0;1;0;2;0;1;2;-18,9051;-48,2318;"SPRF-MG";"DEL15-MG";"UOP01-DEL15-MG"
195020;2019-03-04;"segunda-feira";"07:30:00";"PB";101;11,2;"MAMANGUAPE";"Pista Escorregadia";"Saída de leito carroçável";"Com Vítimas Feridas";"Pleno dia";"Crescente";"Garoa/Chuvisco";"Dupla";"Retorno Regulamentado";"Sim";4;0;1;0;3;0;1;1;-6,6035;-35,1404;"SPRF-PB";"DEL01-PB";"UOP04-DEL01-PB"
195021;2019-03-04;"segunda-feira";"07:25:00";"PR";476;155;"ARAUCARIA";"Falta de Atenção à Condução";"Colisão traseira";"Com Vítimas Feridas";"Pleno dia";"Crescente";"Sol";"Dupla";"Declive";"Sim";2;0;0;1;1;0;1;2;-25,58695803;-49,40515464;"SPRF-PR";"DEL01-PR";"UOP06-DEL01-PR"
195022;2019-03-04;"segunda-feira";"05:00:00";"SC";101;314;"LAGUNA";"Falta de Atenção à Condução";"Tombamento";"Com Vítimas Feridas";"Plena Noite";"Crescente";"Céu Claro";"Múltipla";"Reta";"Não";1;0;1;0;0;0;1;1;-28,43875154;-48,83131027;"SPRF-SC";"DEL02-SC";"UOP01-DEL02-SC"
195023;2019-03-04;"segunda-feira";"08:00:00";"RJ";393;285;"VOLTA REDONDA";"Condutor Dormindo";"Colisão traseira";"Sem Vítimas";"Pleno dia";"Crescente";"Céu Claro";"Simples";"Reta";"Sim";2;0;0;0;2;0;0;2;-22,510941;-44,084461;"SPRF-RJ";"DEL05-RJ";"UOP04-DEL05-RJ"
195024;2019-03-04;"segunda-feira";"07:40:00";"BA";101;838,6;"VEREDA";"Velocidade Incompatível";"Saída de leito carroçável";"Com Vítimas Feridas";"Pleno dia";"Crescente";"Nublado";"Simples";"Curva";"Não";4;0;2;1;1;0;3;1;-17,2283;-39,6193;"SPRF-BA";"DEL09-BA";"UOP01-DEL09-BA"
195025;2019-03-04;"segunda-feira";"08:05:00";"DF";20;20;"BRASILIA";"Falta de Atenção à Condução";"Saída de leito carroçável";"Com Vítimas Feridas";"Pleno dia";"Crescente";"Nublado";"Dupla";"Aclive";"Sim";4;0;1;0;3;0;1;1;-15,607905;-47,692791;"SPRF-DF";"DEL02-DF";"UOP01-DEL02-DF"
195026;2019-03-04;"segunda-feira";"08:44:00";"PB";230;28;"JOAO PESSOA";"Avarias e/ou desgaste excessivo no pneu";"Colisão transversal";"Com Vítimas Feridas";"Pleno dia";"Decrescente";"Chuva";"Dupla";"Aclive;Curva";"Sim";3;0;1;0;2;0;1;2;-7,16562128;-34,8980299;"SPRF-PB";"DEL01-PB";"UOP01-DEL01-PB"
195027;2019-02-25;"segunda-feira";"07:30:00";"SC";101;213;"PALHOCA";"Falta de Atenção à Condução";"Queda de ocupante de veículo";"Com Vítimas Feridas";"Pleno dia";"Decrescente";"Chuva";"Dupla";"Reta";"Sim";2;0;1;0;1;0;1;2;-27,6446;-48,6705;"SPRF-SC";"DEL01-SC";"UOP02-DEL01-SC"
195028;2019-03-04;"segunda-feira";"08:00:00";"GO";70;2,2;"AGUAS LINDAS DE GOIAS";"Defeito Mecânico no Veículo";"Colisão com objeto estático";"Com Vítimas Feridas";"Pleno dia";"Decrescente";"Chuva";"Dupla";"Curva";"Sim";1;0;1;0;0;0;1;1;-15,767021;-48,229945;"SPRF-DF";"DEL01-DF";"UOP02-DEL03-DF"
195032;2019-03-04;"segunda-feira";"09:00:00";"PR";376;666,4;"TIJUCAS DO SUL";"Mal Súbito";"Colisão com objeto estático";"Com Vítimas Feridas";"Pleno dia";"Decrescente";"Céu Claro";"Dupla";"Curva";"Não";3;0;2;0;1;0;2;1;-25,8529532;-48,9772793;"SPRF-PR";"DEL01-PR";"DEL7/1-UOP08/PR"
195033;2019-03-04;"segunda-feira";"09:20:00";"PR";469;15;"FOZ DO IGUACU";"Falta de Atenção à Condução";"Colisão transversal";"Com Vítimas Feridas";"Pleno dia";"Decrescente";"Céu Claro";"Simples";"Reta";"Não";3;0;1;0;2;0;1;2;-25,5813;-54,5315;"SPRF-PR";"DEL05-PR";"UOP04-DEL05-PR"
195035;2019-03-04;"segunda-feira";"06:15:00";"ES";262;165,9;"IBATIBA";"Velocidade Incompatível";"Tombamento";"Com Vítimas Fatais";"Amanhecer";"Crescente";"Sol";"Simples";"Curva";"Não";1;1;0;0;0;0;0;1;-20,2477;-41,5574;"SPRF-ES";"DEL01-ES";"UOP02-DEL01-ES"
195036;2019-02-24;"domingo";"20:30:00";"MS";262;523,9;"AQUIDAUANA";"Animais na Pista";"Atropelamento de Animal";"Com Vítimas Feridas";"Plena Noite";"Crescente";"Céu Claro";"Simples";"Reta";"Não";3;0;0;1;2;0;1;1;-20,34319345;-56,16731822;"SPRF-MS";"DEL03-MS";"UOP01-DEL03-MS"
195038;2019-03-04;"segunda-feira";"10:20:00";"SC";470;60,3;"BLUMENAU";"Falta de Atenção à Condução";"Colisão frontal";"Com Vítimas Feridas";"Pleno dia";"Crescente";"Céu Claro";"Simples";"Reta";"Sim";3;0;1;0;2;0;1;3;-26,88056083;-49,16756663;"SPRF-SC";"DEL04-SC";"UOP01-DEL04-SC"
195039;2019-03-04;"segunda-feira";"05:40:00";"SC";470;200,8;"PONTE ALTA";"Velocidade Incompatível";"Saída de leito carroçável";"Sem Vítimas";"Plena Noite";"Crescente";"Ignorado";"Simples";"Curva";"Não";1;0;0;0;1;0;0;1;-27,30962955;-50,12263298;"SPRF-SC";"DEL05-SC";"UOP03-DEL05-SC"
195041;2019-03-04;"segunda-feira";"09:00:00";"SC";101;133,7;"BALNEARIO CAMBORIU";"Falta de Atenção à Condução";"Colisão lateral";"Com Vítimas Feridas";"Pleno dia";"Crescente";"Céu Claro";"Dupla";"Reta";"Sim";2;0;1;0;1;0;1;2;-27,0021;-48,6362;"SPRF-SC";"DEL04-SC";"UOP03-DEL04-SC"
195042;2019-03-04;"segunda-feira";"10:50:00";"GO";60;127,9;"GOIANAPOLIS";"Falta de Atenção à Condução";"Colisão traseira";"Com Vítimas Feridas";"Pleno dia";"Decrescente";"Céu Claro";"Dupla";"Aclive";"Não";5;0;1;1;2;1;2;3;-16,5412;-49,1495;"SPRF-GO";"DEL01-GO";"UOP01-DEL01-GO"
195043;2019-03-04;"segunda-feira";"07:15:00";"MG";381;931,4;"EXTREMA";"Ingestão de Álcool";"Queda de ocupante de veículo";"Com Vítimas Feridas";"Pleno dia";"Crescente";"Nublado";"Dupla";"Curva";"Não";1;0;1;0;0;0;1;1;-22,79064591;-46,24545425;"SPRF-MG";"DEL16-MG";"UOP03-DEL16-MG"
195044;2019-03-04;"segunda-feira";"10:45:00";"MG";116;276,2;"TEOFILO OTONI";"Desobediência às normas de trânsito pelo condutor";"Colisão transversal";"Com Vítimas Feridas";"Pleno dia";"Decrescente";"Sol";"Dupla";"Interseção de Vias";"Sim";2;0;1;0;1;0;1;2;-17,851314;-41,514419;"SPRF-MG";"DEL11-MG";"UOP01-DEL11-MG"
195045;2019-03-04;"segunda-feira";"10:20:00";"MG";40;515,8;"RIBEIRAO DAS NEVES";"Não guardar distância de segurança";"Colisão traseira";"Com Vítimas Feridas";"Pleno dia";"Decrescente";"Céu Claro";"Dupla";"Reta;Aclive";"Sim";2;0;1;0;1;0;1;2;-19,81481699;-44,09098864;"SPRF-MG";"DEL01-MG";"UOP03-DEL01-MG"
195047;2019-03-04;"segunda-feira";"11:20:00";"SC";470;56;"BLUMENAU";"Falta de Atenção à Condução";"Colisão transversal";"Com Vítimas Feridas";"Pleno dia";"Crescente";"Céu Claro";"Simples";"Reta";"Não";2;0;1;0;1;0;1;2;-26,87674;-49,127743;"SPRF-SC";"DEL04-SC";"UOP01-DEL04-SC"
195048;2019-03-04;"segunda-feira";"11:30:00";"RJ";40;111;"DUQUE DE CAXIAS";"Mal Súbito";"Queda de ocupante de veículo";"Com Vítimas Feridas";"Pleno dia";"Crescente";"Nublado";"Múltipla";"Aclive";"Sim";1;0;1;0;0;0;1;1;-22,7008;-43,2901;"SPRF-RJ";"DEL01-RJ";"UOP01-DEL01-RJ"
195049;2019-03-04;"segunda-feira";"08:20:00";"RJ";354;4,8;"RESENDE";"Defeito Mecânico no Veículo";"Saída de leito carroçável";"Com Vítimas Feridas";"Pleno dia";"Crescente";"Chuva";"Simples";"Curva";"Não";3;0;1;0;2;0;1;1;-22,390202;-44,756474;"SPRF-RJ";"DEL07-RJ";"DEL5/7-UOP03/RJ"
195051;2019-03-04;"segunda-feira";"11:45:00";"CE";20;419;"MARACANAU";"Desobediência às normas de trânsito pelo condutor";"Colisão transversal";"Com Vítimas Feridas";"Pleno dia";"Decrescente";"Nublado";"Dupla";"Reta";"Sim";2;0;1;0;1;0;1;2;-3,84810731;-38,57188409;"SPRF-CE";"DEL01-CE";"UOP02-DEL01-CE"
195053;2019-03-04;"segunda-feira";"12:50:00";"ES";482;75;"ALEGRE";"Falta de Atenção à Condução";"Colisão transversal";"Com Vítimas Feridas";"Pleno dia";"Decrescente";"Sol";"Simples";"Curva";"Não";2;0;0;1;0;1;1;2;-20,748533;-41,475224;"SPRF-ES";"DEL03-ES";"UOP02-DEL03-ES"
195054;2019-03-04;"segunda-feira";"10:05:00";"AC";364;108,5;"RIO BRANCO";"Defeito na Via";"Saída de leito carroçável";"Com Vítimas Feridas";"Pleno dia";"Decrescente";"Nublado";"Simples";"Aclive;Reta";"Não";3;0;3;0;0;0;3;1;-10,02113175;-67,64916981;"SPRF-AC";"DEL01-AC";"UOP01-DEL01-AC"
195056;2019-03-04;"segunda-feira";"12:50:00";"BA";418;75;"CARAVELAS";"Ingestão de Álcool";"Capotamento";"Com Vítimas Feridas";"Pleno dia";"Decrescente";"Chuva";"Simples";"Reta";"Não";1;0;1;0;0;0;1;1;-17,722933;-39,528667;"SPRF-BA";"DEL09-BA";"UOP02-DEL09-BA"
195057;2019-03-04;"segunda-feira";"12:00:00";"PB";101;63,2;"SANTA RITA";"Defeito na Via";"Colisão com objeto estático";"Com Vítimas Feridas";"Pleno dia";"Decrescente";"Chuva";"Dupla";"Curva";"Não";4;0;2;0;2;0;2;1;-7,0381;-35,0532;"SPRF-PB";"DEL01-PB";"UOP04-DEL01-PB"
195058;2019-03-04;"segunda-feira";"10:16:00";"BA";420;253,6;"MUTUIPE";"Velocidade Incompatível";"Colisão lateral";"Com Vítimas Feridas";"Pleno dia";"Decrescente";"Céu Claro";"Simples";"Curva";"Não";6;0;6;0;0;0;6;2;-13,226853;-39,499691;"SPRF-BA";"DEL01-BA";"UOP02-DEL01-BA"
195059;2019-03-04;"segunda-feira";"12:50:00";"SC";101;295;"IMBITUBA";"Falta de Atenção à Condução";"Colisão frontal";"Com Vítimas Feridas";"Pleno dia";"Decrescente";"Céu Claro";"Simples";"Viaduto";"Sim";2;0;0;1;1;0;1;2;-28,3342;-48,7325;"SPRF-SC";"DEL02-SC";"UOP03-DEL02-SC"
195060;2019-03-04;"segunda-feira";"13:30:00";"PE";101;99,9;"CABO DE SANTO AGOSTINHO";"Defeito Mecânico no Veículo";"Incêndio";"Com Vítimas Feridas";"Pleno dia";"Decrescente";"Ignorado";"Dupla";"Curva";"Não";2;0;1;0;1;0;1;1;-8,2678;-35,0531;"SPRF-PE";"DEL01-PE";"UOP03-DEL01-PE"
195061;2019-03-04;"segunda-feira";"13:40:00";"SE";101;16,6;"SAO FRANCISCO";"Pista Escorregadia";"Capotamento";"Com Vítimas Feridas";"Pleno dia";"Decrescente";"Chuva";"Dupla";"Reta";"Não";4;0;3;0;1;0;3;1;-10,295593;-36,883125;"SPRF-SE";"DEL02-SE";"UOP02-DEL02-SE"
195063;2019-03-04;"segunda-feira";"12:10:00";"MG";262;797;"UBERABA";"Avarias e/ou desgaste excessivo no pneu";"Saída de leito carroçável";"Com Vítimas Feridas";"Pleno dia";"Decrescente";"Nublado";"Simples";"Reta";"Não";2;0;1;0;1;0;1;1;-19,774576;-47,917828;"SPRF-MG";"DEL13-MG";"UOP01-DEL13-MG"
195064;2019-03-04;"segunda-feira";"14:00:00";"ES";101;293,8;"CARIACICA";"Falta de Atenção à Condução";"Colisão com objeto estático";"Com Vítimas Feridas";"Pleno dia";"Crescente";"Sol";"Múltipla";"Reta";"Sim";1;0;1;0;0;0;1;1;-20,33887827;-40,40382212;"SPRF-ES";"DEL01-ES";"UOP01-DEL01-ES"
195065;2019-03-04;"segunda-feira";"12:55:00";"SC";101;264,3;"GAROPABA";"Defeito Mecânico no Veículo";"Tombamento";"Com Vítimas Feridas";"Pleno dia";"Crescente";"Céu Claro";"Dupla";"Declive;Curva";"Não";2;0;0;2;0;0;2;1;-28,05731544;-48,7178421;"SPRF-SC";"DEL02-SC";"UOP03-DEL02-SC"
195067;2019-03-04;"segunda-feira";"13:20:00";"MS";262;301,1;"CAMPO GRANDE";"Velocidade Incompatível";"Saída de leito carroçável";"Sem Vítimas";"Pleno dia";"Crescente";"Céu Claro";"Simples";"Curva";"Não";1;0;0;0;0;1;0;1;-20,494466;-54,304352;"SPRF-MS";"DEL01-MS";"UOP01-DEL01-MS"
195068;2019-03-04;"segunda-feira";"14:00:00";"SP";116;317,8;"JUQUITIBA";"Falta de Atenção à Condução";"Queda de ocupante de veículo";"Com Vítimas Feridas";"Pleno dia";"Crescente";"Chuva";"Dupla";"Curva";"Não";1;0;1;0;0;0;1;1;-23,92415507;-46,99379509;"SPRF-SP";"DEL04-SP";"UOP03-DEL04-SP"
195070;2019-03-04;"segunda-feira";"14:20:00";"PR";116;125,9;"FAZENDA RIO GRANDE";"Falta de Atenção do Pedestre";"Atropelamento de Pedestre";"Com Vítimas Feridas";"Pleno dia";"Decrescente";"Céu Claro";"Múltipla";"Reta";"Sim";3;0;0;1;1;1;1;2;-25,63734305;-49,31305647;"SPRF-PR";"DEL01-PR";"UOP03-DEL01-PR"
195072;2019-03-04;"segunda-feira";"11:51:00";"GO";50;261,9;"CATALAO";"Pista Escorregadia";"Colisão com objeto estático";"Com Vítimas Feridas";"Pleno dia";"Crescente";"Chuva";"Dupla";"Curva;Declive";"Não";1;0;1;0;0;0;1;1;-18,0377;-47,853;"SPRF-GO";"DEL06-GO";"UOP01-DEL06-GO"
195073;2019-03-04;"segunda-feira";"14:20:00";"ES";101;293;"CARIACICA";"Falta de Atenção à Condução";"Colisão lateral";"Com Vítimas Feridas";"Pleno dia";"Crescente";"Céu Claro";"Múltipla";"Reta";"Sim";3;0;1;0;2;0;1;3;-20,31565271;-40,39569855;"SPRF-ES";"DEL01-ES";"UOP01-DEL01-ES"
195075;2019-03-04;"segunda-feira";"14:42:00";"MG";381;578,9;"CARMOPOLIS DE MINAS";"Falta de Atenção à Condução";"Colisão com objeto estático";"Com Vítimas Feridas";"Pleno dia";"Decrescente";"Nublado";"Dupla";"Curva";"Não";1;0;1;0;0;0;1;1;-20,4778;-44,5849;"SPRF-MG";"DEL04-MG";"UOP01-DEL04-MG"
195076;2019-03-04;"segunda-feira";"14:00:00";"SC";101;93,8;"BARRA VELHA";"Desobediência às normas de trânsito pelo condutor";"Colisão transversal";"Com Vítimas Feridas";"Pleno dia";"Decrescente";"Céu Claro";"Simples";"Interseção de Vias;Viaduto";"Não";4;0;2;0;2;0;2;2;-26,71517707;-48,70290756;"SPRF-SC";"DEL03-SC";"UOP02-DEL03-SC"
195077;2019-03-04;"segunda-feira";"14:30:00";"RS";101;49,6;"TERRA DE AREIA";"Falta de Atenção à Condução";"Saída de leito carroçável";"Com Vítimas Feridas";"Pleno dia";"Crescente";"Sol";"Dupla";"Reta";"Não";2;0;2;0;0;0;2;1;-29,599669;-50,080227;"SPRF-RS";"DEL03-RS";"DEL9/3-UOP03/RS"
195079;2019-03-04;"segunda-feira";"15:40:00";"SC";101;201;"SAO JOSE";"Não guardar distância de segurança";"Colisão traseira";"Com Vítimas Feridas";"Pleno dia";"Crescente";"Céu Claro";"Dupla";"Interseção de Vias";"Sim";2;0;1;0;1;0;1;2;-27,5572;-48,6188;"SPRF-SC";"DEL01-SC";"UOP01-DEL01-SC"
195081;2019-03-04;"segunda-feira";"15:05:00";"MS";163;258;"DOURADOS";"Desobediência às normas de trânsito pelo condutor";"Colisão transversal";"Com Vítimas Feridas";"Pleno dia";"Crescente";"Sol";"Múltipla";"Interseção de Vias";"Sim";3;0;1;0;2;0;1;2;-22,25850288;-54,7819001;"SPRF-MS";"DEL04-MS";"UOP01-DEL04-MS"
195085;2019-03-04;"segunda-feira";"16:05:00";"PE";232;128,5;"CARUARU";"Avarias e/ou desgaste excessivo no pneu";"Saída de leito carroçável";"Com Vítimas Fatais";"Pleno dia";"Crescente";"Chuva";"Dupla";"Reta";"Sim";5;1;4;0;0;0;4;1;-8,301935;-35,980919;"SPRF-PE";"DEL02-PE";"UOP03-DEL02-PE"
195087;2019-03-04;"segunda-feira";"16:20:00";"MG";40;513;"RIBEIRAO DAS NEVES";"Defeito Mecânico no Veículo";"Queda de ocupante de veículo";"Com Vítimas Feridas";"Pleno dia";"Crescente";"Nublado";"Dupla";"Curva";"Não";2;0;2;0;0;0;2;1;-19,8048;-44,0972;"SPRF-MG";"DEL01-MG";"UOP03-DEL01-MG"
195088;2019-03-04;"segunda-feira";"17:00:00";"SC";101;215;"PALHOCA";"Falta de Atenção à Condução";"Colisão lateral";"Com Vítimas Feridas";"Pleno dia";"Decrescente";"Céu Claro";"Dupla";"Ponte";"Não";2;0;0;1;1;0;1;2;-27,6601;-48,6774;"SPRF-SC";"DEL01-SC";"UOP02-DEL01-SC"
195089;2019-03-04;"segunda-feira";"16:55:00";"PR";277;535,6;"IBEMA";"Desobediência às normas de trânsito pelo condutor";"Colisão transversal";"Com Vítimas Feridas";"Pleno dia";"Decrescente";"Céu Claro";"Simples";"Interseção de Vias";"Sim";2;0;1;0;1;0;1;2;-25,11585863;-53,0067173;"SPRF-PR";"DEL04-PR";"UOP04-DEL04-PR"
195092;2019-03-04;"segunda-feira";"16:19:00";"SE";235;37;"AREIA BRANCA";"Pista Escorregadia";"Capotamento";"Com Vítimas Feridas";"Pleno dia";"Decrescente";"Chuva";"Simples";"Curva";"Não";1;0;1;0;0;0;1;1;-10,77032651;-37,33963251;"SPRF-SE";"DEL01-SE";"UOP02-DEL01-SE"
195093;2019-03-04;"segunda-feira";"14:50:00";"MA";230;8;"BARAO DE GRAJAU";"Avarias e/ou desgaste excessivo no pneu";"Capotamento";"Com Vítimas Feridas";"Pleno dia";"Crescente";"Céu Claro";"Simples";"Reta";"Não";3;0;3;0;0;0;3;1;-6,735285;-43,077297;"SPRF-PI";"DEL03-PI";"UOP01-DEL03-PI"
195094;2019-03-04;"segunda-feira";"17:00:00";"MG";116;413,8;"GOVERNADOR VALADARES";"Desobediência às normas de trânsito pelo condutor";"Colisão transversal";"Com Vítimas Feridas";"Pleno dia";"Crescente";"Céu Claro";"Simples";"Reta;Interseção de Vias";"Sim";2;0;1;0;1;0;1;2;-18,87998886;-41,96044256;"SPRF-MG";"DEL06-MG";"UOP01-DEL06-MG"
195097;2019-03-04;"segunda-feira";"16:35:00";"CE";116;19;"EUSEBIO";"Falta de Atenção à Condução";"Queda de ocupante de veículo";"Com Vítimas Feridas";"Pleno dia";"Crescente";"Chuva";"Dupla";"Retorno Regulamentado";"Não";1;0;1;0;0;0;1;1;-3,91820329;-38,5072732;"SPRF-CE";"DEL01-CE";"UOP02-DEL01-CE"
195098;2019-03-04;"segunda-feira";"16:20:00";"MG";40;381;"CURVELO";"Falta de Atenção à Condução";"Colisão transversal";"Sem Vítimas";"Pleno dia";"Crescente";"Céu Claro";"Simples";"Reta";"Não";2;0;0;0;2;0;0;2;-18,882627;-44,714928;"SPRF-MG";"DEL02-MG";"UOP01-DEL02-MG"
195100;2019-03-04;"segunda-feira";"17:50:00";"PR";277;172,2;"PALMEIRA";"Velocidade Incompatível";"Saída de leito carroçável";"Com Vítimas Feridas";"Pleno dia";"Crescente";"Nublado";"Simples";"Declive;Curva";"Não";1;0;0;1;0;0;1;1;-25,430007;-50,02459;"SPRF-PR";"DEL03-PR";"UOP02-DEL08-PR"
195101;2019-03-04;"segunda-feira";"17:35:00";"GO";60;101,5;"ANAPOLIS";"Ingestão de Álcool";"Colisão lateral";"Sem Vítimas";"Pleno dia";"Crescente";"Nublado";"Dupla";"Declive;Reta";"Sim";2;0;0;0;2;0;0;2;-16,41873476;-49,01084661;"SPRF-GO";"DEL02-GO";"UOP01-DEL02-GO"
195102;2019-03-04;"segunda-feira";"17:40:00";"SC";101;149;"ITAPEMA";"Desobediência às normas de trânsito pelo condutor";"Colisão traseira";"Com Vítimas Feridas";"Pleno dia";"Decrescente";"Céu Claro";"Dupla";"Reta";"Sim";3;0;1;0;2;0;1;3;-27,1175;-48,6092;"SPRF-SC";"DEL04-SC";"UOP03-DEL04-SC"
195103;2019-03-04;"segunda-feira";"17:30:00";"PR";476;131;"CURITIBA";"Velocidade Incompatível";"Colisão traseira";"Com Vítimas Feridas";"Anoitecer";"Crescente";"Nublado";"Múltipla";"Reta";"Sim";2;0;1;0;1;0;1;2;-25,453636;-49,245155;"SPRF-PR";"DEL01-PR";"UOP07-DEL01-PR"
195104;2019-03-04;"segunda-feira";"16:40:00";"PR";116;112,1;"CURITIBA";"Defeito Mecânico no Veículo";"Engavetamento";"Com Vítimas Feridas";"Pleno dia";"Crescente";"Sol";"Dupla";"Reta";"Não";6;0;0;1;5;0;1;3;-25,555866;-49,272004;"SPRF-PR";"DEL01-PR";"UOP01-DEL01-PR"
195106;2019-03-04;"segunda-feira";"15:30:00";"AM";174;1006;"PRESIDENTE FIGUEIREDO";"Agressão Externa";"Saída de leito carroçável";"Com Vítimas Feridas";"Pleno dia";"Decrescente";"Céu Claro";"Simples";"Reta";"Não";4;0;4;0;0;0;4;1;-1,82878043;-59,85822064;"SPRF-AM";"DEL01-AM";"UOP02-DEL01-AM"
195107;2019-03-04;"segunda-feira";"18:50:00";"SC";470;72,3;"INDAIAL";"Desobediência às normas de trânsito pelo condutor";"Colisão transversal";"Com Vítimas Feridas";"Plena Noite";"Decrescente";"Céu Claro";"Simples";"Interseção de Vias";"Sim";5;0;2;0;3;0;2;2;-26,90563203;-49,27209469;"SPRF-SC";"DEL04-SC";"UOP01-DEL04-SC"
195108;2019-03-04;"segunda-feira";"17:50:00";"RJ";101;282,9;"ITABORAI";"Falta de Atenção à Condução";"Colisão lateral";"Com Vítimas Feridas";"Anoitecer";"Decrescente";"Nublado";"Dupla";"Curva";"Sim";2;0;0;1;1;0;1;2;-22,737139;-42,796646;"SPRF-RJ";"DEL02-RJ";"UOP03-DEL02-RJ"
195109;2019-03-04;"segunda-feira";"18:40:00";"MG";40;556;"NOVA LIMA";"Falta de Atenção à Condução";"Atropelamento de Pedestre";"Com Vítimas Feridas";"Plena Noite";"Decrescente";"Nublado";"Simples";"Reta";"Sim";2;0;1;1;0;0;2;2;-20,1037;-43,9749;"SPRF-MG";"DEL01-MG";"UOP02-DEL01-MG"
195110;2019-03-04;"segunda-feira";"13:25:00";"SC";280;78,2;"CORUPA";"Objeto estático sobre o leito carroçável";"Queda de ocupante de veículo";"Com Vítimas Feridas";"Pleno dia";"Decrescente";"Nublado";"Simples";"Reta";"Não";1;0;1;0;0;0;1;1;-26,44390906;-49,20999527;"SPRF-SC";"DEL06-SC";"UOP03-DEL06-SC"
195111;2019-03-04;"segunda-feira";"18:25:00";"PB";104;153,8;"QUEIMADAS";"Falta de Atenção do Pedestre";"Atropelamento de Pedestre";"Com Vítimas Fatais";"Plena Noite";"Crescente";"Nublado";"Simples";"Declive";"Não";2;1;0;0;0;1;0;2;-7,439395;-35,901844;"SPRF-PB";"DEL02-PB";"UOP03-DEL02-PB"
195115;2019-03-04;"segunda-feira";"17:50:00";"RO";364;423;"JARU";"Desobediência às normas de trânsito pelo condutor";"Colisão transversal";"Com Vítimas Feridas";"Pleno dia";"Crescente";"Nublado";"Simples";"Reta";"Sim";4;0;0;2;2;0;2;2;-10,452208;-62,46072;"SPRF-RO";"DEL03-RO";"UOP02-DEL03-RO"