"id";"data_inversa";"dia_semana";"horario";"uf";"br";"km";"municipio";"causa_acidente";"tipo_acidente";"classificacao_acidente";"fase_dia";"sentido_via";"condicao_metereologica";"tipo_pista";"tracado_via";"uso_solo";"pessoas";"mortos";"feridos_leves";"feridos_graves";"ilesos";"ignorados";"feridos";"veiculos";"latitude";"longitude";"regional";"delegacia";"uop"
195227;2019-03-05;"terça-feira";"12:30:00";"GO";60;2,1;"SANTO ANTONIO DO DESCOBERTO";"Falta de Atenção à Condução";"Capotamento";"Com Vítimas Feridas";"Pleno dia";"Decrescente";"Chuva";"Dupla";"Reta";"Não";2;0;1;0;1;0;1;1;-16,10841882;-48,36104393;"SPRF-DF";"DEL01-DF";"UOP01-DEL03-DF"
195229;2019-03-05;"terça-feira";"14:10:00";"SC";101;315,3;"LAGUNA";"Falta de Atenção à Condução";"Colisão frontal";"Com Vítimas Feridas";"Pleno dia";"Crescente";"Céu Claro";"Simples";"Ponte;Reta";"Não";2;0;0;1;1;0;1;2;-28,43093977;-48,84025812;"SPRF-SC";"DEL02-SC";"UOP01-DEL02-SC"
195230;2019-03-05;"terça-feira";"14:30:00";"BA";324;560;"SAO SEBASTIAO DO PASSE";"Desobediência às normas de trânsito pelo condutor";"Colisão transversal";"Com Vítimas Feridas";"Pleno dia";"Decrescente";"Céu Claro";"Dupla";"Reta";"Não";2;0;1;0;1;0;1;2;-12,49250283;-38,65366887;"SPRF-BA";"DEL01-BA";"UOP01-DEL01-BA"
195231;2019-03-05;"terça-feira";"13:55:00";"MT";174;391;"NOVA LACERDA";"Não guardar distância de segurança";"Saída de leito carroçável";"Com Vítimas Feridas";"Pleno dia";"Decrescente";"Céu Claro";"Simples";"Reta";"Não";1;0;0;1;0;0;1;1;-14,46215698;-59,5990098;"SPRF-MT";"DEL04-MT";"UOP01-DEL04-MT"
195233;2019-03-05;"terça-feira";"15:05:00";"MG";40;562,2;"NOVA LIMA";"Não guardar distância de segurança";"Engavetamento";"Com Vítimas Feridas";"Pleno dia";"Decrescente";"Céu Claro";"Dupla";"Reta";"Sim";7;0;1;0;6;0;1;6;-20,14451602;-43,95966007;"SPRF-MG";"DEL01-MG";"UOP02-DEL01-MG"
195234;2019-03-05;"terça-feira";"15:30:00";"CE";222;164,5;"IRAUCUBA";"Falta de Atenção à Condução";"Colisão lateral";"Com Vítimas Feridas";"Pleno dia";"Decrescente";"Céu Claro";"Simples";"Reta";"Não";8;0;3;1;4;0;4;2;-3,730295;-39,910992;"SPRF-CE";"DEL04-CE";"UOP03-DEL04-CE"
195235;2019-03-05;"terça-feira";"14:30:00";"MG";365;45,4;"CLARO DOS POCOES";"Velocidade Incompatível";"Saída de leito carroçável";"Com Vítimas Feridas";"Pleno dia";"Decrescente";"Chuva";"Simples";"Curva";"Não";3;0;3;0;0;0;3;1;-16,91338837;-44,20830575;"SPRF-MG";"DEL12-MG";"UOP01-DEL12-MG"
195237;2019-03-05;"terça-feira";"15:30:00";"CE";222;4,4;"CAUCAIA";"Não guardar distância de segurança";"Colisão traseira";"Com Vítimas Feridas";"Pleno dia";"Decrescente";"Sol";"Múltipla";"Reta";"Sim";2;0;1;0;1;0;1;2;-3,741658;-38,604572;"SPRF-CE";"DEL01-CE";"UOP01-DEL01-CE"
195238;2019-03-05;"terça-feira";"12:55:00";"BA";101;294,2;"LAJE";"Falta de Atenção à Condução";"Saída de leito carroçável";"Com Vítimas Feridas";"Pleno dia";"Decrescente";"Chuva";"Simples";"Reta";"Não";5;0;3;0;2;0;3;1;-13,21928707;-39,31983232;"SPRF-BA";"DEL01-BA";"UOP02-DEL01-BA"
195240;2019-03-05;"terça-feira";"16:00:00";"SC";101;111,9;"ITAJAI";"Não guardar distância de segurança";"Tombamento";"Com Vítimas Feridas";"Pleno dia";"Crescente";"Sol";"Dupla";"Ponte";"Sim";1;0;1;0;0;0;1;1;-26,83955734;-48,71418074;"SPRF-SC";"DEL04-SC";"UOP04-DEL04-SC"
195241;2019-03-05;"terça-feira";"03:30:00";"SC";282;180,6;"BOCAINA DO SUL";"Velocidade Incompatível";"Capotamento";"Com Vítimas Feridas";"Plena Noite";"Decrescente";"Nublado";"Simples";"Rotatória";"Sim";1;0;1;0;0;0;1;1;-27,742239;-49,939873;"SPRF-SC";"DEL05-SC";"UOP01-DEL05-SC"
195243;2019-03-05;"terça-feira";"16:10:00";"RN";101;66,4;"EXTREMOZ";"Ingestão de Álcool";"Colisão traseira";"Sem Vítimas";"Pleno dia";"Crescente";"Nublado";"Simples";"Declive";"Não";2;0;0;0;2;0;0;2;-5,65033356;-35,25016233;"SPRF-RN";"DEL02-RN";"UOP01-DEL02-RN"
195244;2019-03-05;"terça-feira";"14:40:00";"RS";290;24;"SANTO ANTONIO DA PATRULHA";"Avarias e/ou desgaste excessivo no pneu";"Tombamento";"Com Vítimas Feridas";"Pleno dia";"Crescente";"Sol";"Múltipla";"Reta";"Não";2;0;2;0;0;0;2;1;-29,882015;-50,493973;"SPRF-RS";"DEL03-RS";"UOP02-DEL03-RS"
195245;2019-03-05;"terça-feira";"15:40:00";"MT";174;4,2;"PONTES E LACERDA";"Desobediência às normas de trânsito pelo condutor";"Colisão traseira";"Com Vítimas Fatais";"Pleno dia";"Crescente";"Céu Claro";"Simples";"Reta";"Sim";4;1;1;0;2;0;1;4;-15,22787705;-59,31844711;"SPRF-MT";"DEL04-MT";"UOP01-DEL04-MT"
195246;2019-03-05;"terça-feira";"16:40:00";"ES";101;178,6;"ARACRUZ";"Condutor Dormindo";"Saída de leito carroçável";"Com Vítimas Feridas";"Pleno dia";"Decrescente";"Garoa/Chuvisco";"Simples";"Curva";"Não";5;0;4;1;0;0;5;1;-19,61032522;-40,20858272;"SPRF-ES";"DEL04-ES";"UOP01-DEL04-ES"
195249;2019-03-05;"terça-feira";"17:00:00";"PI";343;11,1;"PARNAIBA";"Ingestão de álcool e/ou substâncias psicoativas pelo pedestre";"Atropelamento de Pedestre";"Com Vítimas Feridas";"Pleno dia";"Decrescente";"Chuva";"Simples";"Reta";"Sim";2;0;1;0;1;0;1;2;-2,903314;-41,750664;"SPRF-PI";"DEL05-PI";"UOP01-DEL05-PI"
195250;2019-03-05;"terça-feira";"12:40:00";"RO";364;397;"OURO PRETO DO OESTE";"Falta de Atenção à Condução";"Saída de leito carroçável";"Com Vítimas Feridas";"Pleno dia";"Decrescente";"Céu Claro";"Simples";"Curva";"Não";1;0;1;0;0;0;1;1;-10,62448513;-62,32582215;"SPRF-RO";"DEL03-RO";"UOP02-DEL03-RO"
195252;2019-03-05;"terça-feira";"16:50:00";"MG";354;731,1;"POUSO ALTO";"Fenômenos da Natureza";"Danos eventuais";"Com Vítimas Feridas";"Pleno dia";"Decrescente";"Chuva";"Simples";"Reta";"Não";1;0;1;0;0;0;1;1;-22,16503093;-44,96240616;"SPRF-MG";"DEL16-MG";"UOP02-DEL16-MG"
195253;2019-03-05;"terça-feira";"17:00:00";"PE";232;51,2;"VITORIA DE SANTO ANTAO";"Objeto estático sobre o leito carroçável";"Saída de leito carroçável";"Com Vítimas Feridas";"Pleno dia";"Crescente";"Sol";"Dupla";"Reta";"Não";5;0;2;2;1;0;4;1;-8,13823439;-35,33196918;"SPRF-PE";"DEL01-PE";"UOP02-DEL02PE"
195256;2019-03-05;"terça-feira";"15:55:00";"MS";163;237,9;"CAARAPO";"Falta de Atenção à Condução";"Saída de leito carroçável";"Com Vítimas Feridas";"Pleno dia";"Decrescente";"Chuva";"Simples";"Aclive";"Não";5;0;1;0;4;0;1;1;-22,41531614;-54,8016528;"SPRF-MS";"DEL04-MS";"UOP02-DEL04-MS"
195257;2019-03-05;"terça-feira";"17:00:00";"GO";80;123,5;"BARRO ALTO";"Velocidade Incompatível";"Colisão com objeto estático";"Com Vítimas Feridas";"Anoitecer";"Decrescente";"Chuva";"Simples";"Reta";"Não";7;0;1;0;4;2;1;2;-15,01609062;-48,89980316;"SPRF-GO";"DEL07-GO";"UOP02-DEL07-GO"
195260;2019-03-05;"terça-feira";"17:20:00";"SP";116;311;"SAO LOURENCO DA SERRA";"Agressão Externa";"Saída de leito carroçável";"Com Vítimas Feridas";"Pleno dia";"Crescente";"Chuva";"Dupla";"Curva";"Não";2;0;2;0;0;0;2;1;-23,84450611;-46,93598469;"SPRF-SP";"DEL04-SP";"UOP01-DEL04-SP"
195261;2019-01-24;"quinta-feira";"05:30:00";"BA";242;818;"BARREIRAS";"Falta de Atenção à Condução";"Colisão frontal";"Com Vítimas Feridas";"Amanhecer";"Decrescente";"Garoa/Chuvisco";"Simples";"Reta";"Não";8;0;6;2;0;0;8;2;-12,118405;-45,202544;"SPRF-BA";"DEL10-BA";"UOP01-DEL10-BA"
195262;2019-03-05;"terça-feira";"16:05:00";"PR";116;108,1;"SAO JOSE DOS PINHAIS";"Falta de Atenção à Condução";"Colisão traseira";"Com Vítimas Feridas";"Pleno dia";"Crescente";"Céu Claro";"Dupla";"Reta";"Não";2;0;1;0;1;0;1;2;-25,568807;-49,228826;"SPRF-PR";"DEL01-PR";"UOP01-DEL01-PR"
195263;2019-03-05;"terça-feira";"17:00:00";"SC";101;197;"BIGUACU";"Ingestão de Álcool";"Tombamento";"Com Vítimas Feridas";"Pleno dia";"Decrescente";"Céu Claro";"Dupla";"Reta";"Sim";2;0;0;1;0;1;1;1;-27,51101091;-48,64322292;"SPRF-SC";"DEL01-SC";"UOP01-DEL01-SC"
195264;2019-03-05;"terça-feira";"17:50:00";"RJ";101;60;"CAMPOS DOS GOYTACAZES";"Desobediência às normas de trânsito pelo condutor";"Colisão transversal";"Com Vítimas Feridas";"Pleno dia";"Crescente";"Céu Claro";"Simples";"Interseção de Vias";"Sim";2;0;1;0;1;0;1;2;-21,72048414;-41,31448591;"SPRF-RJ";"DEL08-RJ";"UOP01-DEL08-RJ"
195266;2019-03-05;"terça-feira";"17:50:00";"GO";70;9,9;"AGUAS LINDAS DE GOIAS";"Ingestão de Álcool";"Saída de leito carroçável";"Com Vítimas Feridas";"Anoitecer";"Decrescente";"Chuva";"Dupla";"Reta";"Não";6;0;2;0;4;0;2;1;-15,73576731;-48,28288046;"SPRF-DF";"DEL01-DF";"UOP02-DEL03-DF"
195268;2019-03-05;"terça-feira";"17:45:00";"PR";376;474,7;"PONTA GROSSA";"Velocidade Incompatível";"Saída de leito carroçável";"Com Vítimas Feridas";"Pleno dia";"Decrescente";"Chuva";"Dupla";"Curva";"Não";3;0;2;0;1;0;2;1;-25,03552749;-50,29935837;"SPRF-PR";"DEL03-PR";"UOP01-DEL03-PR"
195269;2019-03-05;"terça-feira";"18:00:00";"AL";104;63;"MURICI";"Velocidade Incompatível";"Saída de leito carroçável";"Com Vítimas Fatais";"Anoitecer";"Crescente";"Nublado";"Simples";"Curva";"Não";2;1;0;1;0;0;1;1;-9,33174225;-35,91402602;"SPRF-AL";"DEL01-AL";"UOP02-DEL01-AL"
195273;2019-03-05;"terça-feira";"18:30:00";"PE";232;507,3;"SALGUEIRO";"Ingestão de álcool e/ou substâncias psicoativas pelo pedestre";"Atropelamento de Pedestre";"Com Vítimas Feridas";"Plena Noite";"Crescente";"Céu Claro";"Simples";"Reta";"Sim";3;0;0;1;2;0;1;2;-8,06038759;-39,11191706;"SPRF-PE";"DEL05-PE";"UOP01-DEL05-PE"
195274;2019-03-05;"terça-feira";"18:30:00";"GO";60;130;"GOIANIA";"Não guardar distância de segurança";"Colisão traseira";"Com Vítimas Feridas";"Anoitecer";"Crescente";"Chuva";"Dupla";"Reta";"Não";6;0;1;0;5;0;1;2;-16,5675;-49,1554;"SPRF-GO";"DEL01-GO";"UOP01-DEL01-GO"
195275;2019-03-05;"terça-feira";"18:55:00";"MG";50;53,9;"ARAGUARI";"Falta de Atenção à Condução";"Queda de ocupante de veículo";"Com Vítimas Feridas";"Plena Noite";"Crescente";"Céu Claro";"Dupla";"Reta";"Não";1;0;1;0;0;0;1;1;-18,759049;-48,24054499;"SPRF-MG";"DEL15-MG";"UOP02-DEL15-MG"
195276;2019-03-05;"terça-feira";"15:30:00";"MT";70;683,9;"CACERES";"Fenômenos da Natureza";"Capotamento";"Sem Vítimas";"Pleno dia";"Decrescente";"Chuva";"Simples";"Curva";"Não";1;0;0;0;1;0;0;1;-16,25423055;-57,45883942;"SPRF-MT";"DEL03-MT";"UOP02-DEL03-MT"
195277;2019-03-05;"terça-feira";"15:00:00";"MT";70;669,8;"CACERES";"Pista Escorregadia";"Saída de leito carroçável";"Sem Vítimas";"Pleno dia";"Decrescente";"Chuva";"Simples";"Reta";"Não";2;0;0;0;2;0;0;1;-16,04148578;-57,25884017;"SPRF-MT";"DEL03-MT";"UOP02-DEL03-MT"
195278;2019-03-05;"terça-feira";"15:45:00";"MT";70;679,8;"CACERES";"Pista Escorregadia";"Saída de leito carroçável";"Sem Vítimas";"Pleno dia";"Decrescente";"Chuva";"Simples";"Reta";"Não";5;0;0;0;5;0;0;2;-16,11586992;-57,30464512;"SPRF-MT";"DEL03-MT";"UOP02-DEL03-MT"
195279;2019-03-05;"terça-feira";"19:00:00";"SP";116;194;"SANTA ISABEL";"Falta de Atenção à Condução";"Colisão transversal";"Com Vítimas Feridas";"Plena Noite";"Decrescente";"Nublado";"Dupla";"Aclive";"Não";3;0;2;0;1;0;2;2;-23,384365;-46,264426;"SPRF-SP";"DEL02-SP";"UOP01-DEL02-SP"
195280;2019-03-05;"terça-feira";"19:10:00";"GO";60;105;"GOIANAPOLIS";"Ingestão de Álcool";"Saída de leito carroçável";"Com Vítimas Feridas";"Plena Noite";"Crescente";"Chuva";"Dupla";"Declive";"Não";1;0;0;1;0;0;1;1;-16,4156;-49,0087;"SPRF-GO";"DEL02-GO";"UOP01-DEL02-GO"
195281;2019-03-05;"terça-feira";"14:00:00";"MG";40;612,4;"CONGONHAS";"Avarias e/ou desgaste excessivo no pneu";"Colisão lateral";"Sem Vítimas";"Pleno dia";"Decrescente";"Chuva";"Simples";"Reta";"Não";1;0;0;0;1;0;0;1;-20,51778098;-43,83603641;"SPRF-MG";"DEL05-MG";"UOP02-DEL05-MG"
195282;2019-03-05;"terça-feira";"18:45:00";"SP";116;166,7;"JACAREI";"Ingestão de álcool e/ou substâncias psicoativas pelo pedestre";"Atropelamento de Pedestre";"Com Vítimas Feridas";"Plena Noite";"Decrescente";"Céu Claro";"Dupla";"Aclive";"Sim";3;0;0;1;2;0;1;2;-23,30126556;-46,02074683;"SPRF-SP";"DEL02-SP";"UOP01-DEL02-SP"
195283;2019-03-05;"terça-feira";"19:25:00";"ES";262;36,5;"DOMINGOS MARTINS";"Falta de Atenção à Condução";"Colisão traseira";"Com Vítimas Feridas";"Plena Noite";"Decrescente";"Nublado";"Simples";"Curva";"Sim";6;0;4;0;2;0;4;3;-20,3826388;-40,60330291;"SPRF-ES";"DEL01-ES";"UOP01-DEL01-ES"
195285;2019-03-05;"terça-feira";"17:30:00";"PI";316;2,4;"TERESINA";"Defeito na Via";"Tombamento";"Com Vítimas Feridas";"Anoitecer";"Decrescente";"Céu Claro";"Múltipla";"Reta";"Sim";1;0;1;0;0;0;1;1;-5,12477477;-42,79848465;"SPRF-PI";"DEL01-PI";"UOP02-DEL01-PI"
195286;2019-03-05;"terça-feira";"18:20:00";"GO";70;8;"AGUAS LINDAS DE GOIAS";"Ingestão de Álcool";"Saída de leito carroçável";"Com Vítimas Feridas";"Anoitecer";"Crescente";"Garoa/Chuvisco";"Dupla";"Curva";"Sim";2;0;1;0;1;0;1;1;-15,73733681;-48,27407468;"SPRF-DF";"DEL01-DF";"UOP02-DEL03-DF"
195287;2019-03-05;"terça-feira";"17:15:00";"RO";421;0,2;"ARIQUEMES";"Ingestão de Álcool";"Queda de ocupante de veículo";"Com Vítimas Feridas";"Pleno dia";"Decrescente";"Céu Claro";"Simples";"Reta";"Não";1;0;1;0;0;0;1;1;-9,920987;-63,063728;"SPRF-RO";"DEL03-RO";"DEL21/3-UOP04/RO"
195288;2019-03-05;"terça-feira";"19:30:00";"PR";369;107,3;"URAI";"Desobediência às normas de trânsito pelo condutor";"Colisão traseira";"Com Vítimas Fatais";"Plena Noite";"Decrescente";"Chuva";"Simples";"Em Obras;Reta";"Não";5;1;0;0;3;1;0;3;-23,26302;-50,78127;"SPRF-PR";"DEL07-PR";"UOP05-DEL07-PR"
195289;2019-03-05;"terça-feira";"19:00:00";"RJ";40;17;"TRES RIOS";"Falta de Atenção à Condução";"Colisão transversal";"Sem Vítimas";"Plena Noite";"Crescente";"Céu Claro";"Simples";"Retorno Regulamentado";"Não";5;0;0;0;5;0;0;2;-22,08407409;-43,17818999;"SPRF-RJ";"DEL06-RJ";"UOP02-DEL05-RJ"
195290;2019-03-05;"terça-feira";"19:00:00";"GO";40;0,2;"VALPARAISO DE GOIAS";"Ingestão de álcool e/ou substâncias psicoativas pelo pedestre";"Atropelamento de Pedestre";"Sem Vítimas";"Plena Noite";"Decrescente";"Chuva";"Dupla";"Reta";"Sim";2;0;0;0;1;1;0;2;-16,058245;-47,982825;"SPRF-DF";"DEL01-DF";"UOP01-DEL01-DF"
195291;2019-03-05;"terça-feira";"19:10:00";"PI";316;11;"TERESINA";"Desobediência às normas de trânsito pelo pedestre";"Atropelamento de Pedestre";"Com Vítimas Feridas";"Plena Noite";"Crescente";"Nublado";"Simples";"Rotatória;Em Obras";"Sim";2;0;1;0;1;0;1;2;-5,191739;-42,76076102;"SPRF-PI";"DEL01-PI";"UOP02-DEL01-PI"
195292;2019-03-05;"terça-feira";"08:30:00";"SC";101;384;"ICARA";"Falta de Atenção à Condução";"Colisão traseira";"Com Vítimas Feridas";"Pleno dia";"Decrescente";"Céu Claro";"Dupla";"Reta";"Não";2;0;0;1;1;0;1;2;-28,76851141;-49,3025538;"SPRF-SC";"DEL02-SC";"UOP02-DEL02-SC"
195295;2019-03-05;"terça-feira";"19:25:00";"MS";163;459,3;"CAMPO GRANDE";"Falta de Atenção à Condução";"Saída de leito carroçável";"Com Vítimas Feridas";"Plena Noite";"Decrescente";"Céu Claro";"Simples";"Declive";"Não";2;0;2;0;0;0;2;1;-20,64663492;-54,56591872;"SPRF-MS";"DEL01-MS";"UOP01-DEL01-MS"
195296;2019-03-05;"terça-feira";"13:10:00";"SC";101;333,6;"TUBARAO";"Falta de Atenção à Condução";"Colisão traseira";"Com Vítimas Feridas";"Pleno dia";"Crescente";"Céu Claro";"Dupla";"Aclive;Reta";"Sim";2;0;1;0;1;0;1;2;-28,46630107;-48,99653096;"SPRF-SC";"DEL02-SC";"UOP01-DEL02-SC"
195297;2019-03-05;"terça-feira";"11:30:00";"PR";476;59,5;"TUNAS DO PARANA";"Falta de Atenção à Condução";"Colisão com objeto estático";"Sem Vítimas";"Pleno dia";"Decrescente";"Nublado";"Simples";"Reta";"Não";2;0;0;0;2;0;0;1;-24,996725;-49,082588;"SPRF-PR";"DEL01-PR";"UOP01-DEL01-PR"
195298;2019-03-05;"terça-feira";"17:50:00";"MG";116;568,3;"MANHUACU";"Ingestão de álcool e/ou substâncias psicoativas pelo pedestre";"Colisão frontal";"Sem Vítimas";"Anoitecer";"Decrescente";"Nublado";"Simples";"Reta";"Não";2;0;0;0;2;0;0;2;-20,09212798;-42,18087171;"SPRF-MG";"DEL06-MG";"UOP03-DEL06-MG"
195300;2019-03-05;"terça-feira";"19:15:00";"PR";277;83;"CURITIBA";"Defeito Mecânico no Veículo";"Queda de ocupante de veículo";"Com Vítimas Feridas";"Plena Noite";"Crescente";"Céu Claro";"Dupla";"Reta";"Sim";2;0;2;0;0;0;2;1;-25,568939;-49,181978;"SPRF-PR";"DEL01-PR";"UOP01-DEL01-PR"
195301;2019-03-05;"terça-feira";"20:30:00";"SC";101;348,2;"JAGUARUNA";"Falta de Atenção à Condução";"Colisão frontal";"Com Vítimas Feridas";"Plena Noite";"Crescente";"Nublado";"Simples";"Reta";"Sim";2;0;1;1;0;0;2;2;-28,57317505;-49,05292143;"SPRF-SC";"DEL02-SC";"UOP01-DEL02-SC"
195302;2019-03-05;"terça-feira";"20:48:00";"PE";101;103,2;"CABO DE SANTO AGOSTINHO";"Velocidade Incompatível";"Atropelamento de Pedestre";"Com Vítimas Fatais";"Plena Noite";"Decrescente";"Céu Claro";"Múltipla";"Reta";"Sim";3;1;0;0;1;1;0;2;-8,29241321;-35,05598304;"SPRF-PE";"DEL01-PE";"UOP03-DEL01-PE"
195303;2019-03-05;"terça-feira";"19:30:00";"MG";116;521,4;"CARATINGA";"Ingestão de Álcool";"Atropelamento de Pedestre";"Com Vítimas Feridas";"Anoitecer";"Decrescente";"Nublado";"Simples";"Curva";"Não";3;0;1;1;1;0;2;2;-19,726656;-42,133044;"SPRF-MG";"DEL06-MG";"UOP02-DEL06-MG"
195304;2019-03-05;"terça-feira";"20:10:00";"AL";104;93,2;"RIO LARGO";"Ingestão de Álcool";"Engavetamento";"Com Vítimas Feridas";"Plena Noite";"Crescente";"Nublado";"Dupla";"Retorno Regulamentado;Reta";"Sim";12;0;2;0;10;0;2;4;-9,52891696;-35,79807693;"SPRF-AL";"DEL01-AL";"UOP01-DEL01-AL"
195305;2019-03-05;"terça-feira";"21:00:00";"SP";116;308,3;"SAO LOURENCO DA SERRA";"Velocidade Incompatível";"Colisão frontal";"Com Vítimas Feridas";"Plena Noite";"Decrescente";"Nublado";"Dupla";"Curva";"Não";9;0;2;0;5;2;2;2;-23,85964637;-46,94534948;"SPRF-SP";"DEL04-SP";"UOP01-DEL04-SP"
195306;2019-03-05;"terça-feira";"20:35:00";"RO";364;237;"CACOAL";"Falta de Atenção à Condução";"Colisão traseira";"Com Vítimas Feridas";"Plena Noite";"Crescente";"Céu Claro";"Simples";"Reta";"Sim";2;0;1;0;1;0;1;2;-11,44341056;-61,44672787;"SPRF-RO";"DEL02-RO";"UOP02-DEL02-RO"
195307;2019-03-05;"terça-feira";"21:50:00";"PR";369;158,8;"CAMBE";"Desobediência às normas de trânsito pelo pedestre";"Atropelamento de Pedestre";"Com Vítimas Feridas";"Plena Noite";"Decrescente";"Céu Claro";"Dupla";"Reta";"Sim";3;0;3;0;0;0;3;2;-23,285197;-51,239734;"SPRF-PR";"DEL07-PR";"UOP01-DEL07-PR"
195308;2019-03-05;"terça-feira";"20:45:00";"CE";304;47,7;"ARACATI";"Defeito Mecânico no Veículo";"Incêndio";"Sem Vítimas";"Plena Noite";"Crescente";"Céu Claro";"Dupla";"Reta";"Sim";1;0;0;0;1;0;0;1;-4,575739;-37,789455;"SPRF-CE";"DEL03-CE";"UOP03-DEL03-CE"
195309;2019-03-05;"terça-feira";"21:40:00";"PB";230;337,1;"PATOS";"Ingestão de Álcool";"Saída de leito carroçável";"Sem Vítimas";"Plena Noite";"Decrescente";"Céu Claro";"Simples";"Reta";"Sim";1;0;0;0;1;0;0;1;-7,0084;-37,2829;"SPRF-PB";"DEL03-PB";"UOP01-DEL03-PB"
195310;2019-03-05;"terça-feira";"18:45:00";"SC";101;421,7;"ARARANGUA";"Falta de Atenção à Condução";"Tombamento";"Com Vítimas Feridas";"Plena Noite";"Decrescente";"Chuva";"Múltipla";"Reta";"Sim";2;0;2;0;0;0;2;1;-29,00048611;-49,5576719;"SPRF-SC";"DEL02-SC";"UOP02-DEL02-SC"
195311;2019-03-05;"terça-feira";"21:30:00";"ES";262;76,5;"MARECHAL FLORIANO";"Desobediência às normas de trânsito pelo condutor";"Colisão frontal";"Com Vítimas Feridas";"Plena Noite";"Crescente";"Nublado";"Simples";"Curva";"Não";3;0;2;0;1;0;2;2;-20,41279327;-40,90834307;"SPRF-ES";"DEL01-ES";"UOP02-DEL01-ES"
195312;2019-03-05;"terça-feira";"21:15:00";"MA";10;153,7;"PORTO FRANCO";"Falta de Atenção à Condução";"Colisão traseira";"Com Vítimas Feridas";"Plena Noite";"Crescente";"Céu Claro";"Simples";"Reta";"Não";3;0;0;2;0;1;2;2;-6,382564;-47,3829;"SPRF-MA";"DEL04-MA";"UOP02-DEL04-MA"
195313;2019-03-05;"terça-feira";"22:20:00";"MG";40;517;"RIBEIRAO DAS NEVES";"Avarias e/ou desgaste excessivo no pneu";"Queda de ocupante de veículo";"Com Vítimas Feridas";"Plena Noite";"Crescente";"Céu Claro";"Dupla";"Reta";"Sim";2;0;2;0;0;0;2;1;-19,82351202;-44,08438913;"SPRF-MG";"DEL01-MG";"UOP03-DEL01-MG"
195315;2019-03-05;"terça-feira";"22:30:00";"RJ";116;127;"MAGE";"Falta de Atenção à Condução";"Colisão traseira";"Sem Vítimas";"Plena Noite";"Crescente";"Céu Claro";"Dupla";"Reta";"Sim";2;0;0;0;2;0;0;2;-22,66137035;-43,09295957;"SPRF-RJ";"DEL04-RJ";"UOP02-DEL04-RJ"
195316;2019-03-05;"terça-feira";"22:30:00";"PE";101;71;"RECIFE";"Falta de Atenção à Condução";"Colisão transversal";"Com Vítimas Feridas";"Plena Noite";"Crescente";"Céu Claro";"Múltipla";"Reta";"Sim";2;0;0;1;1;0;1;2;-8,07663102;-34,94277871;"SPRF-PE";"DEL01-PE";"UOP01-DEL01-PE"
195317;2019-03-05;"terça-feira";"17:40:00";"SC";282;462,1;"PONTE SERRADA";"Falta de Atenção à Condução";"Colisão transversal";"Com Vítimas Feridas";"Pleno dia";"Crescente";"Garoa/Chuvisco";"Simples";"Reta";"Sim";2;0;1;0;1;0;1;2;-26,857594;-52,050583;"SPRF-SC";"DEL07-SC";"UOP04-DEL07-SC"
195318;2019-03-05;"terça-feira";"23:40:00";"RS";470;156;"NOVA PRATA";"Falta de Atenção à Condução";"Saída de leito carroçável";"Com Vítimas Fatais";"Plena Noite";"Decrescente";"Ignorado";"Simples";"Reta";"Não";1;1;0;0;0;0;0;1;-28,78874508;-51,61532195;"SPRF-RS";"DEL06-RS";"UOP02-DEL06-RS"
195319;2019-03-05;"terça-feira";"23:30:00";"DF";60;28;"BRASILIA";"Condutor Dormindo";"Colisão traseira";"Com Vítimas Feridas";"Plena Noite";"Decrescente";"Chuva";"Dupla";"Curva";"Não";2;0;2;0;0;0;2;2;-16,020638;-48,250832;"SPRF-DF";"DEL01-DF";"UOP01-DEL03-DF"
195320;2019-01-28;"segunda-feira";"18:20:00";"RO";319;62;"PORTO VELHO";"Falta de Atenção à Condução";"Colisão transversal";"Com Vítimas Feridas";"Anoitecer";"Crescente";"Céu Claro";"Dupla";"Interseção de Vias";"Sim";4;0;2;0;2;0;2;3;-8,75144918;-63,88767064;"SPRF-RO";"DEL01-RO";"UOP01-DEL01-RO"
195323;2019-03-06;"quarta-feira";"00:10:00";"SC";282;6;"SAO JOSE";"Condutor Dormindo";"Colisão com objeto estático";"Com Vítimas Feridas";"Plena Noite";"Crescente";"Céu Claro";"Dupla";"Curva";"Sim";1;0;1;0;0;0;1;1;-27,591936;-48,618244;"SPRF-SC";"DEL01-SC";"UOP01-DEL01-SC"
195324;2019-03-06;"quarta-feira";"01:00:00";"PR";277;723;"FOZ DO IGUACU";"Ingestão de Álcool";"Colisão traseira";"Com Vítimas Feridas";"Plena Noite";"Crescente";"Céu Claro";"Dupla";"Reta";"Sim";4;0;1;0;2;1;1;3;-25,49878215;-54,52985294;"SPRF-PR";"DEL05-PR";"UOP01-DEL05-PR"
195327;2019-03-05;"terça-feira";"23:30:00";"PE";423;93;"GARANHUNS";"Condutor Dormindo";"Saída de leito carroçável";"Sem Vítimas";"Plena Noite";"Crescente";"Céu Claro";"Simples";"Rotatória";"Sim";1;0;0;0;0;1;0;1;-8,86972012;-36,46323792;"SPRF-PE";"DEL03-PE";"UOP01-DEL03-PE"
195329;2019-03-05;"terça-feira";"18:00:00";"MA";402;94;"HUMBERTO DE CAMPOS";"Desobediência às normas de trânsito pelo condutor";"Colisão frontal";"Com Vítimas Fatais";"Anoitecer";"Crescente";"Nublado";"Simples";"Reta";"Não";2;1;0;0;1;0;0;2;-2,742685;-43,604156;"SPRF-MA";"DEL01-MA";"UOP01-DEL01-MA"