"id";"data_inversa";"dia_semana";"horario";"uf";"br";"km";"municipio";"causa_acidente";"tipo_acidente";"classificacao_acidente";"fase_dia";"sentido_via";"condicao_metereologica";"tipo_pista";"tracado_via";"uso_solo";"pessoas";"mortos";"feridos_leves";"feridos_graves";"ilesos";"ignorados";"feridos";"veiculos";"latitude";"longitude";"regional";"delegacia";"uop"
195459;2019-03-06;"quarta-feira";"17:50:00";"AP";210;104,9;"PORTO GRANDE";"Desobediência às normas de trânsito pelo condutor";"Colisão transversal";"Com Vítimas Feridas";"Pleno dia";"Crescente";"Céu Claro";"Simples";"Reta";"Sim";3;0;1;1;1;0;2;2;0,6985633;-51,39692189;"SPRF-AP";"DEL01-AP";"UOP01-DEL01-AP"
195461;2019-03-06;"quarta-feira";"18:00:00";"MG";365;613;"UBERLANDIA";"Falta de Atenção à Condução";"Colisão traseira";"Com Vítimas Feridas";"Anoitecer";"Decrescente";"Céu Claro";"Simples";"Reta";"Sim";2;0;1;0;1;0;1;2;-18,884602;-48,26594;"SPRF-MG";"DEL15-MG";"UOP01-DEL15-MG"
195462;2019-03-06;"quarta-feira";"18:00:00";"BA";101;808,6;"ITAMARAJU";"Falta de Atenção à Condução";"Colisão traseira";"Com Vítimas Feridas";"Anoitecer";"Crescente";"Céu Claro";"Simples";"Reta";"Sim";2;0;1;0;1;0;1;2;-17,19644104;-39,59171792;"SPRF-BA";"DEL09-BA";"UOP01-DEL09-BA"
195463;2019-03-06;"quarta-feira";"18:20:00";"RN";110;63,1;"MOSSORO";"Não guardar distância de segurança";"Colisão frontal";"Com Vítimas Feridas";"Plena Noite";"Decrescente";"Céu Claro";"Simples";"Reta";"Não";6;0;2;2;2;0;4;3;-5,335151;-37,32956197;"SPRF-RN";"DEL04-RN";"UOP01-DEL04-RN"
195464;2019-03-06;"quarta-feira";"17:50:00";"SC";101;382;"ICARA";"Pista Escorregadia";"Saída de leito carroçável";"Com Vítimas Feridas";"Anoitecer";"Crescente";"Chuva";"Múltipla";"Reta";"Não";3;0;3;0;0;0;3;1;-28,75966988;-49,28552404;"SPRF-SC";"DEL02-SC";"UOP02-DEL02-SC"
195465;2019-03-06;"quarta-feira";"16:20:00";"RJ";101;271;"RIO BONITO";"Falta de Atenção à Condução";"Atropelamento de Pedestre";"Com Vítimas Feridas";"Pleno dia";"Crescente";"Nublado";"Dupla";"Reta";"Não";3;0;2;0;1;0;2;2;-22,72045701;-42,69081116;"SPRF-RJ";"DEL02-RJ";"UOP03-DEL02-RJ"
195468;2019-03-06;"quarta-feira";"18:35:00";"GO";60;94,3;"ANAPOLIS";"Não guardar distância de segurança";"Engavetamento";"Com Vítimas Feridas";"Anoitecer";"Crescente";"Nublado";"Dupla";"Reta";"Sim";5;0;1;0;4;0;1;5;-16,35804247;-48,93152833;"SPRF-GO";"DEL02-GO";"UOP01-DEL02-GO"
195470;2019-03-06;"quarta-feira";"19:10:00";"RS";116;267;"CANOAS";"Falta de Atenção à Condução";"Colisão lateral";"Com Vítimas Feridas";"Plena Noite";"Decrescente";"Céu Claro";"Múltipla";"Reta";"Sim";2;0;1;0;1;0;1;2;-29,94142398;-51,17697062;"SPRF-RS";"DEL01-RS";"UOP01-DEL01-RS"
195474;2019-03-06;"quarta-feira";"19:00:00";"SC";101;209;"SAO JOSE";"Avarias e/ou desgaste excessivo no pneu";"Queda de ocupante de veículo";"Com Vítimas Feridas";"Plena Noite";"Crescente";"Céu Claro";"Dupla";"Reta";"Sim";2;0;2;0;0;0;2;1;-27,61000542;-48,63895057;"SPRF-SC";"DEL01-SC";"UOP01-DEL01-SC"
195477;2019-03-06;"quarta-feira";"18:30:00";"RJ";101;282;"ITABORAI";"Falta de Atenção à Condução";"Atropelamento de Pedestre";"Com Vítimas Feridas";"Plena Noite";"Crescente";"Céu Claro";"Dupla";"Reta";"Sim";2;0;1;0;1;0;1;2;-22,7371391;-42,79664601;"SPRF-RJ";"DEL02-RJ";"UOP03-DEL02-RJ"
195478;2019-03-06;"quarta-feira";"18:45:00";"RS";290;25,6;"SANTO ANTONIO DA PATRULHA";"Avarias e/ou desgaste excessivo no pneu";"Queda de ocupante de veículo";"Com Vítimas Feridas";"Plena Noite";"Crescente";"Nublado";"Dupla";"Reta";"Não";2;0;2;0;0;0;2;1;-29,87995385;-50,51027834;"SPRF-RS";"DEL03-RS";"UOP02-DEL03-RS"
195480;2019-03-06;"quarta-feira";"19:00:00";"AL";101;200;"SAO SEBASTIAO";"Animais na Pista";"Capotamento";"Sem Vítimas";"Plena Noite";"Crescente";"Céu Claro";"Dupla";"Reta";"Sim";1;0;0;0;1;0;0;1;-9,95081664;-36,54113619;"SPRF-AL";"DEL02-AL";"UOP02-DEL02-AL"
195481;2019-03-06;"quarta-feira";"17:15:00";"SP";116;506;"CAJATI";"Velocidade Incompatível";"Colisão com objeto estático";"Com Vítimas Feridas";"Pleno dia";"Decrescente";"Chuva";"Dupla";"Curva";"Não";2;0;1;0;1;0;1;1;-24,81722485;-48,20920944;"SPRF-SP";"DEL05-SP";"UAP01-DEL05-SP"
195482;2019-03-06;"quarta-feira";"18:30:00";"PE";232;308;"SERTANIA";"Animais na Pista";"Atropelamento de Animal";"Com Vítimas Feridas";"Plena Noite";"Crescente";"Céu Claro";"Simples";"Declive";"Não";2;0;0;1;1;0;1;1;-8,1709842;-37,45960426;"SPRF-PE";"DEL03-PE";"UOP02-DEL03-PE"
195486;2019-03-06;"quarta-feira";"19:00:00";"SC";282;2;"FLORIANOPOLIS";"Falta de Atenção à Condução";"Colisão traseira";"Com Vítimas Feridas";"Plena Noite";"Crescente";"Nublado";"Dupla";"Reta";"Sim";4;0;1;1;2;0;2;3;-27,603289;-48,590416;"SPRF-SC";"DEL01-SC";"UOP01-DEL01-SC"
195488;2019-03-06;"quarta-feira";"20:00:00";"SC";101;173,8;"BIGUACU";"Falta de Atenção do Pedestre";"Atropelamento de Pedestre";"Com Vítimas Fatais";"Plena Noite";"Crescente";"Céu Claro";"Dupla";"Reta";"Não";2;1;0;0;1;0;0;2;-27,32203197;-48,62757785;"SPRF-SC";"DEL04-SC";"UOP03-DEL04-SC"
195491;2019-03-06;"quarta-feira";"19:30:00";"CE";222;213,4;"FORQUILHA";"Pista Escorregadia";"Saída de leito carroçável";"Com Vítimas Feridas";"Plena Noite";"Crescente";"Chuva";"Simples";"Reta";"Não";2;0;1;0;1;0;1;1;-3,780111;-40,281521;"SPRF-CE";"DEL04-CE";"UOP01-DEL04-CE"
195492;2019-03-06;"quarta-feira";"19:35:00";"MS";267;569,8;"CARACOL";"Animais na Pista";"Atropelamento de Animal";"Com Vítimas Feridas";"Plena Noite";"Decrescente";"Céu Claro";"Simples";"Reta";"Sim";1;0;0;1;0;0;1;1;-21,73132304;-56,87500196;"SPRF-MS";"DEL05-MS";"UOP01-DEL05-MS"
195493;2019-03-06;"quarta-feira";"08:00:00";"RR";174;292;"CARACARAI";"Falta de Atenção à Condução";"Saída de leito carroçável";"Sem Vítimas";"Pleno dia";"Decrescente";"Céu Claro";"Dupla";"Curva";"Não";1;0;0;0;0;1;0;1;1,431944;-60,726667;"SPRF-RR";"DEL01-RR";"UOP01-DEL01-RR"
195495;2019-03-06;"quarta-feira";"21:10:00";"PE";101;22,6;"GOIANA";"Falta de Atenção à Condução";"Colisão traseira";"Com Vítimas Feridas";"Plena Noite";"Crescente";"Céu Claro";"Dupla";"Reta";"Não";3;0;1;0;2;0;1;2;-7,67583307;-34,92870811;"SPRF-PE";"DEL01-PE";"UOP02-DEL01-PE"
195497;2019-03-06;"quarta-feira";"21:15:00";"PR";163;267;"TOLEDO";"Falta de Atenção à Condução";"Capotamento";"Sem Vítimas";"Plena Noite";"Crescente";"Nublado";"Simples";"Reta";"Não";1;0;0;0;0;1;0;1;-24,6318893;-53,87961212;"SPRF-PR";"DEL04-PR";"UOP01-DEL04-PR"
195501;2019-03-06;"quarta-feira";"21:00:00";"PR";277;104;"CAMPO LARGO";"Falta de Atenção do Pedestre";"Atropelamento de Pedestre";"Com Vítimas Feridas";"Plena Noite";"Crescente";"Garoa/Chuvisco";"Dupla";"Reta;Declive";"Sim";2;0;1;0;1;0;1;2;-25,43360943;-49,40701425;"SPRF-PR";"DEL01-PR";"UOP06-DEL01-PR"
195502;2019-03-06;"quarta-feira";"22:00:00";"PR";376;162;"MARINGA";"Falta de Atenção à Condução";"Colisão traseira";"Com Vítimas Feridas";"Plena Noite";"Decrescente";"Chuva";"Dupla";"Reta";"Sim";2;0;1;0;1;0;1;2;-23,37710685;-52,04510993;"SPRF-PR";"DEL07-PR";"UOP01-DEL09-PR"
195503;2019-03-06;"quarta-feira";"17:40:00";"AP";156;400;"TARTARUGALZINHO";"Condutor Dormindo";"Tombamento";"Com Vítimas Feridas";"Anoitecer";"Crescente";"Ignorado";"Simples";"Reta";"Não";1;0;1;0;0;0;1;1;1,44344914;-50,89043738;"SPRF-AP";"DEL01-AP";"UOP02-DEL01-AP"
195504;2019-03-06;"quarta-feira";"22:10:00";"RS";116;447,4;"SAO LOURENCO DO SUL";"Restrição de Visibilidade";"Colisão transversal";"Com Vítimas Feridas";"Plena Noite";"Decrescente";"Ignorado";"Simples";"Reta";"Não";3;0;1;0;2;0;1;2;-31,16835709;-52,02887634;"SPRF-RS";"DEL02-RS";"UOP03-DEL02-RS"
195505;2019-03-06;"quarta-feira";"23:35:00";"SC";280;51,9;"GUARAMIRIM";"Falta de Atenção à Condução";"Colisão transversal";"Sem Vítimas";"Plena Noite";"Decrescente";"Chuva";"Simples";"Reta";"Sim";2;0;0;0;2;0;0;2;-26,47125;-48,971232;"SPRF-SC";"DEL03-SC";"UOP03-DEL03-SC"
195506;2019-03-07;"quinta-feira";"00:30:00";"AL";104;64;"MURICI";"Objeto estático sobre o leito carroçável";"Colisão com objeto estático";"Com Vítimas Feridas";"Plena Noite";"Decrescente";"Céu Claro";"Simples";"Reta";"Não";1;0;1;0;0;0;1;1;-9,3301775;-35,90512004;"SPRF-AL";"DEL01-AL";"UOP02-DEL01-AL"
195507;2019-03-06;"quarta-feira";"23:15:00";"MG";50;31,9;"ARAGUARI";"Falta de Atenção à Condução";"Colisão lateral";"Com Vítimas Feridas";"Plena Noite";"Crescente";"Céu Claro";"Dupla";"Reta";"Não";1;0;1;0;0;0;1;1;-18,62419107;-48,11705236;"SPRF-MG";"DEL15-MG";"UOP02-DEL15-MG"
195518;2019-03-07;"quinta-feira";"05:00:00";"ES";259;1,6;"JOAO NEIVA";"Falta de Atenção à Condução";"Colisão com objeto estático";"Com Vítimas Feridas";"Amanhecer";"Decrescente";"Céu Claro";"Simples";"Reta";"Não";4;0;4;0;0;0;4;1;-19,73798;-40,377514;"SPRF-ES";"DEL02-ES";"UOP01-DEL02-ES"
195520;2019-03-07;"quinta-feira";"06:00:00";"RJ";116;94,7;"GUAPIMIRIM";"Velocidade Incompatível";"Tombamento";"Com Vítimas Feridas";"Amanhecer";"Decrescente";"Nublado";"Simples";"Curva";"Não";1;0;1;0;0;0;1;1;-22,46643519;-43,00088701;"SPRF-RJ";"DEL04-RJ";"UOP02-DEL04-RJ"
195522;2019-03-07;"quinta-feira";"06:15:00";"RJ";116;111,8;"GUAPIMIRIM";"Falta de Atenção à Condução";"Capotamento";"Com Vítimas Feridas";"Pleno dia";"Crescente";"Céu Claro";"Dupla";"Reta";"Não";1;0;1;0;0;0;1;1;-22,55838319;-42,99482067;"SPRF-RJ";"DEL04-RJ";"UOP02-DEL04-RJ"
195523;2019-03-07;"quinta-feira";"02:20:00";"MG";262;41,8;"MANHUACU";"Animais na Pista";"Atropelamento de Animal";"Com Vítimas Feridas";"Plena Noite";"Crescente";"Nublado";"Simples";"Reta";"Não";1;0;0;1;0;0;1;1;-20,27444334;-42,05896416;"SPRF-MG";"DEL06-MG";"UOP03-DEL06-MG"
195526;2019-03-07;"quinta-feira";"05:00:00";"RJ";101;198,9;"CASIMIRO DE ABREU";"Não guardar distância de segurança";"Atropelamento de Pedestre";"Com Vítimas Fatais";"Amanhecer";"Decrescente";"Céu Claro";"Dupla";"Reta";"Não";2;1;0;0;0;1;0;2;-22,49157993;-42,12771201;"SPRF-RJ";"DEL02-RJ";"UOP04-DEL08-RJ"
195529;2019-03-07;"quinta-feira";"06:40:00";"CE";116;14;"FORTALEZA";"Animais na Pista";"Queda de ocupante de veículo";"Com Vítimas Feridas";"Pleno dia";"Decrescente";"Chuva";"Dupla";"Reta";"Não";1;0;1;0;0;0;1;1;-3,86973356;-38,49827361;"SPRF-CE";"DEL01-CE";"UOP02-DEL01-CE"
195530;2019-02-19;"terça-feira";"11:30:00";"ES";101;283;"CARIACICA";"Desobediência às normas de trânsito pelo condutor";"Colisão transversal";"Sem Vítimas";"Pleno dia";"Crescente";"Sol";"Dupla";"Reta";"Não";2;0;0;0;2;0;0;2;-20,232684;-40,36798596;"SPRF-ES";"DEL01-ES";"UOP01-DEL01-ES"
195532;2019-03-07;"quinta-feira";"07:15:00";"PR";476;122;"CURITIBA";"Não guardar distância de segurança";"Colisão traseira";"Com Vítimas Feridas";"Pleno dia";"Decrescente";"Chuva";"Dupla";"Reta";"Sim";2;0;1;0;1;0;1;2;-25,392904;-49,209557;"SPRF-PR";"DEL01-PR";"UOP01-DEL01-PR"
195535;2019-03-07;"quinta-feira";"02:30:00";"MG";40;105,2;"LAGOA GRANDE";"Restrição de Visibilidade";"Saída de leito carroçável";"Com Vítimas Feridas";"Plena Noite";"Decrescente";"Céu Claro";"Simples";"Reta";"Não";4;0;1;0;3;0;1;1;-17,59772779;-46,48049362;"SPRF-MG";"DEL14-MG";"UOP01-DEL14-MG"
195536;2019-03-07;"quinta-feira";"07:30:00";"AL";316;251,8;"PILAR";"Falta de Atenção à Condução";"Colisão lateral";"Com Vítimas Feridas";"Pleno dia";"Crescente";"Céu Claro";"Simples";"Reta";"Sim";2;0;0;1;1;0;1;2;-9,56369581;-35,97111969;"SPRF-AL";"DEL01-AL";"UOP01-DEL01-AL"
195538;2019-03-07;"quinta-feira";"03:03:00";"RJ";40;92;"DUQUE DE CAXIAS";"Falta de Atenção à Condução";"Saída de leito carroçável";"Com Vítimas Feridas";"Plena Noite";"Crescente";"Céu Claro";"Simples";"Reta";"Não";1;0;1;0;0;0;1;1;-22,59016007;-43,27922344;"SPRF-RJ";"DEL06-RJ";"UOP01-DEL06-RJ"
195539;2019-03-07;"quinta-feira";"07:45:00";"RS";116;252,5;"SAPUCAIA DO SUL";"Falta de Atenção à Condução";"Tombamento";"Com Vítimas Feridas";"Pleno dia";"Decrescente";"Sol";"Dupla";"Reta";"Sim";1;0;1;0;0;0;1;1;-29,80913395;-51,1675292;"SPRF-RS";"DEL01-RS";"UOP02-DEL01-RS"
195540;2019-03-07;"quinta-feira";"08:00:00";"MG";262;142,3;"RIO CASCA";"Velocidade Incompatível";"Saída de leito carroçável";"Com Vítimas Feridas";"Pleno dia";"Decrescente";"Céu Claro";"Simples";"Reta";"Não";1;0;1;0;0;0;1;1;-20,05797999;-42,72123709;"SPRF-MG";"DEL03-MG";"UOP03-DEL03-MG"
195541;2019-03-07;"quinta-feira";"07:30:00";"RS";101;86;"OSORIO";"Falta de Atenção à Condução";"Colisão lateral";"Com Vítimas Feridas";"Pleno dia";"Decrescente";"Nublado";"Dupla";"Rotatória";"Sim";2;0;1;0;1;0;1;2;-29,8754149;-50,25734711;"SPRF-RS";"DEL03-RS";"UOP01-DEL03-RS"
195542;2019-03-07;"quinta-feira";"07:35:00";"PR";376;353,2;"ORTIGUEIRA";"Velocidade Incompatível";"Capotamento";"Com Vítimas Feridas";"Pleno dia";"Decrescente";"Chuva";"Dupla";"Reta";"Não";1;0;0;1;0;0;1;1;-24,26411094;-50,89419525;"SPRF-PR";"DEL03-PR";"UOP02-DEL03-PR"
195543;2019-03-07;"quinta-feira";"07:00:00";"GO";40;7,7;"VALPARAISO DE GOIAS";"Falta de Atenção do Pedestre";"Atropelamento de Pedestre";"Com Vítimas Feridas";"Pleno dia";"Decrescente";"Céu Claro";"Dupla";"Reta";"Sim";3;0;1;1;1;0;2;2;-16,108482;-47,972524;"SPRF-DF";"DEL01-DF";"UOP01-DEL01-DF"
195546;2019-03-07;"quinta-feira";"08:10:00";"SC";101;218,8;"PALHOCA";"Desobediência às normas de trânsito pelo condutor";"Colisão lateral";"Com Vítimas Feridas";"Pleno dia";"Decrescente";"Céu Claro";"Múltipla";"Reta";"Sim";3;0;1;1;1;0;2;2;-27,6758601;-48,67052525;"SPRF-SC";"DEL01-SC";"UOP02-DEL01-SC"
195549;2019-03-07;"quinta-feira";"08:15:00";"RS";116;1;"PORTO ALEGRE";"Falta de Atenção à Condução";"Tombamento";"Com Vítimas Feridas";"Pleno dia";"Crescente";"Sol";"Dupla";"Reta";"Sim";1;0;1;0;0;0;1;1;-29,9766891;-51,17869562;"SPRF-RS";"DEL05-RS";"UOP03-DEL05-RS"
195552;2019-03-07;"quinta-feira";"07:37:00";"RJ";101;313;"SAO GONCALO";"Desobediência às normas de trânsito pelo condutor";"Colisão lateral";"Com Vítimas Feridas";"Pleno dia";"Crescente";"Céu Claro";"Dupla";"Reta";"Não";2;0;1;0;1;0;1;2;-22,81049093;-43,06983304;"SPRF-RJ";"DEL02-RJ";"DEL5/2-UOP04/RJ"
195554;2019-03-07;"quinta-feira";"09:00:00";"AP";210;0,3;"MACAPA";"Falta de Atenção à Condução";"Colisão transversal";"Com Vítimas Feridas";"Pleno dia";"Crescente";"Nublado";"Dupla";"Interseção de Vias";"Sim";2;0;1;0;1;0;1;2;0,07780012;-51,06097;"SPRF-AP";"DEL01-AP";"UOP01-DEL01-AP"
195555;2019-03-07;"quinta-feira";"09:30:00";"PE";101;60;"RECIFE";"Falta de Atenção à Condução";"Colisão traseira";"Sem Vítimas";"Pleno dia";"Crescente";"Sol";"Dupla";"Curva";"Sim";2;0;0;0;2;0;0;2;-7,98344307;-34,93176727;"SPRF-PE";"DEL01-PE";"UOP02-DEL01-PE"
195556;2019-03-07;"quinta-feira";"09:20:00";"DF";40;7;"BRASILIA";"Condutor Dormindo";"Colisão com objeto estático";"Com Vítimas Feridas";"Pleno dia";"Crescente";"Céu Claro";"Dupla";"Reta";"Sim";2;0;1;0;1;0;1;1;-16,038666;-47,979691;"SPRF-DF";"DEL01-DF";"UOP01-DEL01-DF"
195558;2019-03-07;"quinta-feira";"10:10:00";"MG";262;362;"JUATUBA";"Falta de Atenção à Condução";"Saída de leito carroçável";"Com Vítimas Feridas";"Pleno dia";"Crescente";"Céu Claro";"Dupla";"Reta";"Não";3;0;3;0;0;0;3;1;-19,98332997;-44,23572401;"SPRF-MG";"DEL01-MG";"UOP03-DEL01-MG"
195559;2019-01-18;"sexta-feira";"17:50:00";"CE";116;16;"FORTALEZA";"Não guardar distância de segurança";"Colisão traseira";"Com Vítimas Feridas";"Plena Noite";"Crescente";"Céu Claro";"Dupla";"Reta";"Não";2;0;0;1;1;0;1;2;-3,8998;-38,5038;"SPRF-CE";"DEL01-CE";"UOP02-DEL01-CE"
195560;2019-02-19;"terça-feira";"23:50:00";"RJ";101;70;"CAMPOS DOS GOYTACAZES";"Animais na Pista";"Atropelamento de Animal";"Sem Vítimas";"Plena Noite";"Decrescente";"Nevoeiro/Neblina";"Simples";"Reta";"Sim";1;0;0;0;1;0;0;1;-21,781011;-41,373363;"SPRF-RJ";"DEL08-RJ";"UOP02-DEL08-RJ"
195562;2019-03-07;"quinta-feira";"09:30:00";"RR";174;468;"BOA VISTA";"Fenômenos da Natureza";"Queda de ocupante de veículo";"Com Vítimas Feridas";"Pleno dia";"Decrescente";"Céu Claro";"Simples";"Reta";"Não";1;0;1;0;0;0;1;1;2,599424;-60,876957;"SPRF-RR";"DEL01-RR";"UOP01-DEL01-RR"
195564;2019-03-07;"quinta-feira";"08:10:00";"SC";101;274;"IMBITUBA";"Falta de Atenção à Condução";"Colisão com objeto estático";"Sem Vítimas";"Pleno dia";"Crescente";"Nublado";"Simples";"Viaduto";"Não";1;0;0;0;1;0;0;1;-28,129852;-48,69322;"SPRF-SC";"DEL02-SC";"UOP03-DEL02-SC"
195566;2019-03-07;"quinta-feira";"10:15:00";"SC";470;123;"IBIRAMA";"Velocidade Incompatível";"Saída de leito carroçável";"Com Vítimas Feridas";"Pleno dia";"Crescente";"Nublado";"Múltipla";"Curva";"Não";1;0;1;0;0;0;1;1;-27,106783;-49,522049;"SPRF-SC";"DEL04-SC";"UOP02-DEL04-SC"
195568;2019-03-07;"quinta-feira";"11:00:00";"RS";290;78;"GRAVATAI";"Falta de Atenção à Condução";"Colisão traseira";"Com Vítimas Feridas";"Pleno dia";"Crescente";"Céu Claro";"Múltipla";"Reta";"Sim";4;0;1;0;3;0;1;3;-29,954178;-51,037735;"SPRF-RS";"DEL01-RS";"UOP01-DEL01-RS"
195570;2019-03-07;"quinta-feira";"07:30:00";"BA";116;822,3;"VITORIA DA CONQUISTA";"Falta de Atenção à Condução";"Colisão lateral";"Com Vítimas Feridas";"Pleno dia";"Crescente";"Céu Claro";"Simples";"Reta";"Sim";1;0;1;0;0;0;1;1;-14,85254978;-40,84991455;"SPRF-BA";"DEL08-BA";"UOP01-DEL08-BA"
195575;2019-03-07;"quinta-feira";"11:30:00";"MA";316;507;"CAXIAS";"Defeito Mecânico no Veículo";"Saída de leito carroçável";"Com Vítimas Feridas";"Pleno dia";"Crescente";"Céu Claro";"Simples";"Declive";"Não";5;0;2;1;2;0;3;1;-4,73321;-43,705372;"SPRF-MA";"DEL03-MA";"UOP02-DEL03-MA"
195576;2019-03-07;"quinta-feira";"13:30:00";"GO";60;116,3;"TEREZOPOLIS DE GOIAS";"Pista Escorregadia";"Capotamento";"Com Vítimas Feridas";"Pleno dia";"Decrescente";"Chuva";"Dupla";"Aclive";"Não";2;0;2;0;0;0;2;1;-16,4732;-49,0789;"SPRF-GO";"DEL01-GO";"UOP01-DEL01-GO"
195577;2019-03-07;"quinta-feira";"13:20:00";"AP";210;1,6;"MACAPA";"Falta de Atenção à Condução";"Atropelamento de Pedestre";"Com Vítimas Feridas";"Pleno dia";"Crescente";"Chuva";"Múltipla";"Reta";"Sim";2;0;1;0;1;0;1;2;0,07816717;-51,06998693;"SPRF-AP";"DEL01-AP";"UOP01-DEL01-AP"
195578;2019-03-07;"quinta-feira";"13:00:00";"PR";116;38,4;"CAMPINA GRANDE DO SUL";"Velocidade Incompatível";"Colisão com objeto estático";"Com Vítimas Feridas";"Pleno dia";"Crescente";"Chuva";"Dupla";"Curva";"Sim";5;0;2;0;3;0;2;2;-25,15134481;-48,85946274;"SPRF-PR";"DEL01-PR";"UOP02-DEL01-PR"
195579;2019-03-07;"quinta-feira";"10:45:00";"GO";153;357;"JARAGUA";"Desobediência às normas de trânsito pelo condutor";"Colisão transversal";"Com Vítimas Feridas";"Pleno dia";"Decrescente";"Nublado";"Simples";"Rotatória";"Sim";2;0;1;0;1;0;1;2;-15,725415;-49,327385;"SPRF-GO";"DEL02-GO";"UOP02-DEL02-GO"
195581;2019-03-07;"quinta-feira";"14:05:00";"BA";367;82,9;"EUNAPOLIS";"Falta de Atenção à Condução";"Colisão traseira";"Com Vítimas Feridas";"Pleno dia";"Crescente";"Sol";"Simples";"Reta";"Sim";2;0;0;1;1;0;1;2;-16,37256267;-39,57064408;"SPRF-BA";"DEL09-BA";"UOP01-DEL09-BA"
195582;2019-03-07;"quinta-feira";"13:00:00";"RS";386;442;"CANOAS";"Falta de Atenção à Condução";"Colisão frontal";"Com Vítimas Fatais";"Pleno dia";"Crescente";"Céu Claro";"Dupla";"Reta";"Não";6;3;0;0;2;1;0;4;-29,89006688;-51,2103653;"SPRF-RS";"DEL01-RS";"UOP01-DEL01-RS"
195583;2019-03-07;"quinta-feira";"10:10:00";"MG";262;484;"BOM DESPACHO";"Condutor Dormindo";"Colisão com objeto estático";"Com Vítimas Feridas";"Pleno dia";"Decrescente";"Céu Claro";"Simples";"Reta";"Não";1;0;1;0;0;0;1;1;-19,78539973;-45,28487104;"SPRF-MG";"DEL08-MG";"UOP03-DEL08-MG"
195584;2019-03-07;"quinta-feira";"13:32:00";"RJ";101;72,6;"CAMPOS DOS GOYTACAZES";"Condutor Dormindo";"Colisão frontal";"Com Vítimas Feridas";"Pleno dia";"Crescente";"Céu Claro";"Simples";"Reta";"Não";5;0;2;2;1;0;4;2;-21,796022;-41,392239;"SPRF-RJ";"DEL08-RJ";"UOP02-DEL08-RJ"
195585;2019-03-07;"quinta-feira";"14:00:00";"RJ";101;328;"NITEROI";"Falta de Atenção à Condução";"Colisão traseira";"Com Vítimas Feridas";"Pleno dia";"Crescente";"Céu Claro";"Dupla";"Reta";"Sim";2;0;1;0;1;0;1;2;-22,87028692;-43,16579699;"SPRF-RJ";"DEL02-RJ";"UOP02-DEL02-RJ"
195590;2019-03-07;"quinta-feira";"14:30:00";"PR";277;577;"CASCAVEL";"Falta de Atenção à Condução";"Queda de ocupante de veículo";"Com Vítimas Feridas";"Pleno dia";"Crescente";"Céu Claro";"Simples";"Reta";"Não";1;0;1;0;0;0;1;1;-24,98510305;-53,33984701;"SPRF-PR";"DEL04-PR";"UOP01-DEL04-PR"
195593;2019-03-07;"quinta-feira";"14:50:00";"SC";470;171;"POUSO REDONDO";"Falta de Atenção à Condução";"Colisão transversal";"Com Vítimas Feridas";"Pleno dia";"Crescente";"Céu Claro";"Simples";"Reta";"Não";2;0;1;0;1;0;1;2;-27,260828;-49,900455;"SPRF-SC";"DEL04-SC";"UOP02-DEL04-SC"
195594;2019-03-07;"quinta-feira";"12:25:00";"AC";364;124,5;"RIO BRANCO";"Desobediência às normas de trânsito pelo condutor";"Colisão lateral";"Com Vítimas Feridas";"Pleno dia";"Decrescente";"Nublado";"Dupla";"Reta";"Sim";2;0;1;0;1;0;1;2;-10,01152469;-67,79140099;"SPRF-AC";"DEL01-AC";"UOP01-DEL01-AC"
195595;2019-03-07;"quinta-feira";"15:40:00";"SE";235;52,4;"ITABAIANA";"Desobediência às normas de trânsito pelo condutor";"Colisão lateral";"Com Vítimas Feridas";"Pleno dia";"Decrescente";"Céu Claro";"Simples";"Reta";"Sim";2;0;0;1;1;0;1;2;-10,693279;-37,437557;"SPRF-SE";"DEL01-SE";"UOP02-DEL01-SE"
195596;2019-03-07;"quinta-feira";"15:30:00";"BA";324;553,8;"AMELIA RODRIGUES";"Não guardar distância de segurança";"Colisão transversal";"Com Vítimas Feridas";"Pleno dia";"Crescente";"Céu Claro";"Dupla";"Reta";"Não";4;0;1;2;1;0;3;1;-12,45504393;-38,70402395;"SPRF-BA";"DEL01-BA";"UOP01-DEL01-BA"
195601;2019-03-07;"quinta-feira";"14:50:00";"MG";262;889,2;"CAMPO FLORIDO";"Velocidade Incompatível";"Capotamento";"Com Vítimas Feridas";"Pleno dia";"Crescente";"Chuva";"Dupla";"Curva";"Não";3;0;0;1;2;0;1;1;-19,73859196;-48,67801666;"SPRF-MG";"DEL13-MG";"UOP02-DEL13-MG"
195603;2019-03-07;"quinta-feira";"15:00:00";"MA";316;438;"PERITORO";"Pista Escorregadia";"Capotamento";"Com Vítimas Feridas";"Pleno dia";"Decrescente";"Nublado";"Simples";"Curva";"Não";1;0;1;0;0;0;1;1;-4,420809;-44,224987;"SPRF-MA";"DEL03-MA";"UOP01-DEL03-MA"
195605;2019-03-07;"quinta-feira";"16:20:00";"SC";101;121,7;"ITAJAI";"Não guardar distância de segurança";"Colisão traseira";"Sem Vítimas";"Pleno dia";"Crescente";"Céu Claro";"Dupla";"Reta";"Não";3;0;0;0;3;0;0;3;-26,92103178;-48,70856446;"SPRF-SC";"DEL04-SC";"UOP04-DEL04-SC"