"id";"data_inversa";"dia_semana";"horario";"uf";"br";"km";"municipio";"causa_acidente";"tipo_acidente";"classificacao_acidente";"fase_dia";"sentido_via";"condicao_metereologica";"tipo_pista";"tracado_via";"uso_solo";"pessoas";"mortos";"feridos_leves";"feridos_graves";"ilesos";"ignorados";"feridos";"veiculos";"latitude";"longitude";"regional";"delegacia";"uop"
195606;2019-03-07;"quinta-feira";"15:40:00";"SP";116;412,8;"JUQUIA";"Velocidade Incompatível";"Colisão traseira";"Com Vítimas Fatais";"Pleno dia";"Decrescente";"Chuva";"Dupla";"Reta";"Não";2;1;0;0;1;0;0;2;-24,33708698;-47,63946533;"SPRF-SP";"DEL05-SP";"UOP01-DEL05-SP"
195608;2019-03-07;"quinta-feira";"17:35:00";"RS";153;47;"ERECHIM";"Velocidade Incompatível";"Colisão transversal";"Com Vítimas Feridas";"Pleno dia";"Decrescente";"Nublado";"Múltipla";"Interseção de Vias";"Não";2;0;0;1;1;0;1;2;-27,64530366;-52,24998023;"SPRF-RS";"DEL08-RS";"UOP04-DEL08-RS"
195609;2019-03-07;"quinta-feira";"15:40:00";"SP";116;561,5;"BARRA DO TURVO";"Falta de Atenção à Condução";"Capotamento";"Com Vítimas Feridas";"Pleno dia";"Crescente";"Nublado";"Dupla";"Curva";"Não";1;0;1;0;0;0;1;1;-24,96489519;-48,47854614;"SPRF-SP";"DEL05-SP";"UOP02-DEL05-SP"
195610;2019-03-07;"quinta-feira";"17:50:00";"SC";101;216;"PALHOCA";"Desobediência às normas de trânsito pelo condutor";"Colisão transversal";"Com Vítimas Feridas";"Pleno dia";"Crescente";"Céu Claro";"Dupla";"Interseção de Vias";"Sim";2;0;1;0;1;0;1;2;-27,64676074;-48,67229648;"SPRF-SC";"DEL01-SC";"UOP02-DEL01-SC"
195613;2019-03-07;"quinta-feira";"17:20:00";"RJ";101;121,8;"CAMPOS DOS GOYTACAZES";"Condutor Dormindo";"Capotamento";"Com Vítimas Feridas";"Pleno dia";"Crescente";"Céu Claro";"Dupla";"Reta";"Não";2;0;1;1;0;0;2;1;-22,03520162;-41,69372827;"SPRF-RJ";"DEL08-RJ";"UOP02-DEL08-RJ"
195614;2019-03-07;"quinta-feira";"18:00:00";"GO";153;503;"GOIANIA";"Não guardar distância de segurança";"Engavetamento";"Sem Vítimas";"Pleno dia";"Crescente";"Nublado";"Dupla";"Reta";"Sim";5;0;0;0;5;0;0;5;-16,7366;-49,243;"SPRF-GO";"DEL01-GO";"UOP01-DEL01-GO"
195616;2019-03-07;"quinta-feira";"18:00:00";"RN";405;1;"MOSSORO";"Falta de Atenção à Condução";"Colisão lateral";"Com Vítimas Feridas";"Plena Noite";"Decrescente";"Céu Claro";"Dupla";"Reta";"Sim";2;0;2;0;0;0;2;2;-5,19170196;-37,361471;"SPRF-RN";"DEL04-RN";"UOP02-DEL04-RN"
195620;2019-03-07;"quinta-feira";"17:45:00";"SP";381;61;"MAIRIPORA";"Falta de Atenção à Condução";"Colisão com objeto estático";"Com Vítimas Feridas";"Anoitecer";"Crescente";"Nublado";"Dupla";"Declive";"Não";2;0;1;0;1;0;1;1;-23,29023381;-46,58168793;"SPRF-SP";"DEL03-SP";"UOP01-DEL03-SP"
195621;2019-03-07;"quinta-feira";"18:10:00";"PR";277;3;"PARANAGUA";"Falta de Atenção à Condução";"Colisão transversal";"Com Vítimas Feridas";"Pleno dia";"Decrescente";"Céu Claro";"Simples";"Reta;Interseção de Vias";"Sim";3;0;1;0;2;0;1;2;-25,53790663;-48,5574693;"SPRF-PR";"DEL01-PR";"UOP05-DEL01-PR"
195622;2019-03-07;"quinta-feira";"17:50:00";"RJ";101;62;"CAMPOS DOS GOYTACAZES";"Ingestão de Álcool";"Colisão traseira";"Sem Vítimas";"Anoitecer";"Crescente";"Céu Claro";"Simples";"Reta";"Sim";2;0;0;0;2;0;0;2;-21,73473386;-41,32504025;"SPRF-RJ";"DEL08-RJ";"UOP01-DEL08-RJ"
195624;2019-03-07;"quinta-feira";"18:10:00";"SC";101;202;"SAO JOSE";"Não guardar distância de segurança";"Engavetamento";"Com Vítimas Feridas";"Pleno dia";"Decrescente";"Céu Claro";"Simples";"Reta";"Sim";4;0;2;0;2;0;2;3;-27,55711595;-48,61897889;"SPRF-SC";"DEL01-SC";"UOP01-DEL01-SC"
195626;2019-03-07;"quinta-feira";"18:35:00";"RN";405;3,5;"MOSSORO";"Desobediência às normas de trânsito pelo condutor";"Colisão frontal";"Com Vítimas Feridas";"Plena Noite";"Crescente";"Ignorado";"Simples";"Reta";"Sim";3;0;0;2;1;0;2;2;-5,19386547;-37,38052995;"SPRF-RN";"DEL04-RN";"UOP02-DEL04-RN"
195627;2019-03-07;"quinta-feira";"18:30:00";"RS";287;247,5;"SANTA MARIA";"Falta de Atenção à Condução";"Tombamento";"Com Vítimas Feridas";"Pleno dia";"Decrescente";"Céu Claro";"Simples";"Em Obras;Reta";"Não";2;0;1;0;0;1;1;2;-29,69991534;-53,84176017;"SPRF-RS";"DEL09-RS";"UOP01-DEL09-RS"
195628;2019-03-07;"quinta-feira";"16:00:00";"SC";153;111,3;"CONCORDIA";"Desobediência às normas de trânsito pelo condutor";"Colisão lateral";"Com Vítimas Feridas";"Pleno dia";"Crescente";"Céu Claro";"Simples";"Interseção de Vias";"Não";2;0;1;0;1;0;1;2;-27,32938017;-51,97906494;"SPRF-SC";"DEL07-SC";"UOP04-DEL07-SC"
195629;2019-03-07;"quinta-feira";"16:00:00";"RJ";101;521;"ANGRA DOS REIS";"Não guardar distância de segurança";"Capotamento";"Com Vítimas Feridas";"Pleno dia";"Decrescente";"Céu Claro";"Dupla";"Curva";"Não";4;0;3;0;1;0;3;1;-23,00313345;-44,4598209;"SPRF-RJ";"DEL03-RJ";"UOP02-DEL03-RJ"
195630;2019-03-07;"quinta-feira";"18:25:00";"PE";424;24,5;"PEDRA";"Não guardar distância de segurança";"Colisão traseira";"Com Vítimas Feridas";"Anoitecer";"Crescente";"Céu Claro";"Simples";"Reta";"Não";4;0;1;1;2;0;2;3;-8,5409921;-36,91079815;"SPRF-PE";"DEL03-PE";"UOP02-DEL03-PE"
195631;2019-03-07;"quinta-feira";"18:30:00";"SC";470;70,8;"INDAIAL";"Falta de Atenção à Condução";"Colisão lateral";"Com Vítimas Feridas";"Anoitecer";"Decrescente";"Céu Claro";"Simples";"Reta";"Não";2;0;1;0;1;0;1;2;-26,889374;-49,254478;"SPRF-SC";"DEL04-SC";"UOP01-DEL04-SC"
195632;2019-03-07;"quinta-feira";"18:55:00";"MG";40;632;"CONSELHEIRO LAFAIETE";"Desobediência às normas de trânsito pelo condutor";"Colisão transversal";"Com Vítimas Feridas";"Plena Noite";"Decrescente";"Céu Claro";"Dupla";"Interseção de Vias";"Sim";6;0;4;1;1;0;5;2;-20,67759919;-43,79440069;"SPRF-MG";"DEL05-MG";"UOP02-DEL05-MG"
195633;2019-03-07;"quinta-feira";"18:00:00";"PR";163;266;"TOLEDO";"Falta de Atenção à Condução";"Colisão traseira";"Com Vítimas Feridas";"Anoitecer";"Crescente";"Chuva";"Simples";"Reta";"Não";3;0;1;0;2;0;1;2;-24,63157003;-53,88020396;"SPRF-PR";"DEL04-PR";"UOP01-DEL04-PR"
195635;2019-03-07;"quinta-feira";"18:40:00";"ES";101;136,5;"LINHARES";"Não guardar distância de segurança";"Colisão traseira";"Com Vítimas Feridas";"Plena Noite";"Decrescente";"Nublado";"Simples";"Reta";"Não";3;0;0;3;0;0;3;2;-19,28406301;-40,08688713;"SPRF-ES";"DEL04-ES";"UOP01-DEL04-ES"
195636;2019-03-07;"quinta-feira";"18:37:00";"AL";104;37;"UNIAO DOS PALMARES";"Falta de Atenção à Condução";"Colisão lateral";"Com Vítimas Feridas";"Plena Noite";"Crescente";"Céu Claro";"Simples";"Reta";"Não";2;0;0;1;1;0;1;2;-9,17491283;-36,02935415;"SPRF-AL";"DEL01-AL";"UOP02-DEL01-AL"
195637;2019-02-22;"sexta-feira";"13:25:00";"PB";230;20,1;"JOAO PESSOA";"Avarias e/ou desgaste excessivo no pneu";"Colisão traseira";"Com Vítimas Feridas";"Pleno dia";"Decrescente";"Sol";"Dupla";"Reta";"Sim";3;0;1;0;2;0;1;2;-7,13744372;-34,85363874;"SPRF-PB";"DEL01-PB";"UOP01-DEL01-PB"
195638;2019-03-07;"quinta-feira";"18:00:00";"RJ";40;124;"RIO DE JANEIRO";"Desobediência às normas de trânsito pelo condutor";"Colisão lateral";"Com Vítimas Feridas";"Anoitecer";"Crescente";"Céu Claro";"Dupla";"Reta";"Sim";2;0;1;0;1;0;1;2;-22,807953;-43,289124;"SPRF-RJ";"DEL01-RJ";"UOP01-DEL01-RJ"
195640;2019-03-07;"quinta-feira";"19:00:00";"CE";116;3;"FORTALEZA";"Falta de Atenção à Condução";"Colisão traseira";"Com Vítimas Feridas";"Plena Noite";"Decrescente";"Céu Claro";"Dupla";"Reta";"Sim";2;0;1;0;1;0;1;2;-3,77866493;-38,51490171;"SPRF-CE";"DEL01-CE";"UOP02-DEL01-CE"
195641;2019-03-07;"quinta-feira";"20:25:00";"RN";101;113;"PARNAMIRIM";"Falta de Atenção à Condução";"Colisão traseira";"Com Vítimas Feridas";"Plena Noite";"Crescente";"Céu Claro";"Dupla";"Rotatória";"Não";4;0;1;0;3;0;1;2;-5,973247;-35,26489;"SPRF-RN";"DEL01-RN";"UOP01-DEL01-RN"
195642;2019-03-07;"quinta-feira";"18:20:00";"PR";116;116;"CURITIBA";"Falta de Atenção à Condução";"Colisão lateral";"Com Vítimas Feridas";"Anoitecer";"Crescente";"Nublado";"Dupla";"Reta";"Sim";2;0;1;0;1;0;1;2;-25,55468195;-49,27402397;"SPRF-PR";"DEL01-PR";"UOP07-DEL01-PR"
195644;2019-03-07;"quinta-feira";"19:00:00";"RS";471;171;"RIO PARDO";"Falta de Atenção à Condução";"Colisão transversal";"Com Vítimas Feridas";"Anoitecer";"Crescente";"Chuva";"Simples";"Interseção de Vias";"Sim";2;0;1;0;1;0;1;2;-29,9967;-52,368134;"SPRF-RS";"DEL02-RS";"UOP02-DEL02-RS"
195647;2019-03-07;"quinta-feira";"18:40:00";"RJ";40;109;"DUQUE DE CAXIAS";"Não guardar distância de segurança";"Colisão traseira";"Com Vítimas Feridas";"Plena Noite";"Crescente";"Céu Claro";"Múltipla";"Reta";"Sim";3;0;1;0;2;0;1;2;-22,67374628;-43,28638368;"SPRF-RJ";"DEL01-RJ";"UOP01-DEL01-RJ"
195648;2019-03-07;"quinta-feira";"20:00:00";"MG";262;192,2;"BELA VISTA DE MINAS";"Condutor Dormindo";"Saída de leito carroçável";"Com Vítimas Feridas";"Plena Noite";"Crescente";"Céu Claro";"Simples";"Reta";"Não";1;0;0;1;0;0;1;1;-19,86964295;-43,08306896;"SPRF-MG";"DEL03-MG";"UOP01-DEL03-MG"
195649;2019-03-07;"quinta-feira";"20:00:00";"MA";230;401;"BALSAS";"Falta de Atenção à Condução";"Colisão traseira";"Com Vítimas Feridas";"Plena Noite";"Decrescente";"Céu Claro";"Simples";"Reta";"Sim";2;0;0;1;1;0;1;2;-7,49775316;-46,02672145;"SPRF-MA";"DEL05-MA";"UOP01-DEL05-MA"
195650;2019-03-07;"quinta-feira";"18:50:00";"RO";364;711,6;"PORTO VELHO";"Desobediência às normas de trânsito pelo condutor";"Colisão transversal";"Com Vítimas Feridas";"Plena Noite";"Crescente";"Céu Claro";"Simples";"Reta";"Sim";2;0;1;0;1;0;1;2;-8,78153947;-63,86531369;"SPRF-RO";"DEL01-RO";"UOP01-DEL01-RO"
195651;2019-03-07;"quinta-feira";"19:00:00";"PB";104;137,1;"QUEIMADAS";"Falta de Atenção do Pedestre";"Atropelamento de Pedestre";"Com Vítimas Feridas";"Plena Noite";"Crescente";"Céu Claro";"Simples";"Reta";"Sim";2;0;1;1;0;0;2;2;-7,352277;-35,90094;"SPRF-PB";"DEL02-PB";"UOP03-DEL02-PB"
195653;2019-03-07;"quinta-feira";"22:00:00";"CE";304;50,8;"ARACATI";"Falta de Atenção à Condução";"Colisão traseira";"Com Vítimas Fatais";"Plena Noite";"Decrescente";"Chuva";"Simples";"Reta";"Não";2;1;0;0;0;1;0;2;-4,573488;-37,762367;"SPRF-CE";"DEL03-CE";"UOP03-DEL03-CE"
195654;2019-03-07;"quinta-feira";"22:15:00";"PE";101;62,5;"RECIFE";"Falta de Atenção à Condução";"Colisão traseira";"Com Vítimas Feridas";"Plena Noite";"Decrescente";"Nublado";"Dupla";"Reta";"Sim";3;0;1;0;2;0;1;2;-7,99905898;-34,93899295;"SPRF-PE";"DEL01-PE";"UOP02-DEL01-PE"
195656;2019-03-07;"quinta-feira";"20:40:00";"GO";60;134,8;"GOIANIA";"Ingestão de Álcool";"Queda de ocupante de veículo";"Com Vítimas Feridas";"Plena Noite";"Crescente";"Céu Claro";"Dupla";"Declive;Reta";"Não";2;0;2;0;0;0;2;1;-16,5827;-49,1876;"SPRF-GO";"DEL01-GO";"UOP01-DEL01-GO"
195658;2019-03-07;"quinta-feira";"21:45:00";"RO";319;58,3;"PORTO VELHO";"Falta de Atenção do Pedestre";"Colisão transversal";"Com Vítimas Feridas";"Plena Noite";"Decrescente";"Nublado";"Dupla";"Reta";"Não";1;0;1;0;0;0;1;1;-8,74312677;-63,91232371;"SPRF-RO";"DEL01-RO";"UOP01-DEL01-RO"
195659;2019-03-07;"quinta-feira";"20:10:00";"RR";174;512;"BOA VISTA";"Animais na Pista";"Colisão com objeto estático";"Sem Vítimas";"Plena Noite";"Crescente";"Céu Claro";"Simples";"Reta";"Não";1;0;0;0;1;0;0;1;2,871991;-60,697308;"SPRF-RR";"DEL01-RR";"UOP01-DEL01-RR"
195660;2019-03-07;"quinta-feira";"20:20:00";"MA";10;188;"CAMPESTRE DO MARANHAO";"Ultrapassagem Indevida";"Colisão traseira";"Com Vítimas Feridas";"Plena Noite";"Decrescente";"Nublado";"Simples";"Ponte;Reta";"Não";7;0;7;0;0;0;7;2;-6,071698;-47,382061;"SPRF-MA";"DEL04-MA";"UOP01-DEL04-MA"
195664;2019-03-07;"quinta-feira";"22:45:00";"SC";282;495,1;"XANXERE";"Avarias e/ou desgaste excessivo no pneu";"Saída de leito carroçável";"Sem Vítimas";"Plena Noite";"Crescente";"Nublado";"Simples";"Curva";"Não";1;0;0;0;1;0;0;1;-26,875349;-52,327076;"SPRF-SC";"DEL07-SC";"UOP01-DEL07-SC"
195666;2019-03-08;"sexta-feira";"00:20:00";"PE";104;64;"CARUARU";"Falta de Atenção à Condução";"Colisão com objeto estático";"Com Vítimas Feridas";"Plena Noite";"Decrescente";"Céu Claro";"Dupla";"Interseção de Vias";"Sim";2;0;1;0;1;0;1;1;-8,2783;-35,9815;"SPRF-PE";"DEL02-PE";"UOP01-DEL02-PE"
195667;2019-03-07;"quinta-feira";"21:10:00";"PB";230;460;"SOUSA";"Falta de Atenção à Condução";"Colisão frontal";"Com Vítimas Feridas";"Plena Noite";"Decrescente";"Céu Claro";"Simples";"Reta";"Não";3;0;0;2;0;1;2;2;-6,764722;-38,221943;"SPRF-PB";"DEL03-PB";"UOP03-DEL03-PB"
195668;2019-03-08;"sexta-feira";"00:14:00";"PR";376;620,6;"SAO JOSE DOS PINHAIS";"Falta de Atenção à Condução";"Saída de leito carroçável";"Sem Vítimas";"Plena Noite";"Crescente";"Céu Claro";"Simples";"Reta";"Não";1;0;0;0;1;0;0;1;-25,60925907;-49,17205834;"SPRF-PR";"DEL01-PR";"DEL7/1-UOP08/PR"
195671;2019-03-08;"sexta-feira";"00:50:00";"MT";163;1057;"GUARANTA DO NORTE";"Condutor Dormindo";"Saída de leito carroçável";"Com Vítimas Feridas";"Plena Noite";"Decrescente";"Céu Claro";"Simples";"Reta";"Não";1;0;1;0;0;0;1;1;-9,98812398;-54,90692139;"SPRF-MT";"DEL06-MT";"UOP02-DEL06-MT"
195673;2019-03-08;"sexta-feira";"05:00:00";"MG";381;800,4;"SAO GONCALO DO SAPUCAI";"Ingestão de Álcool";"Saída de leito carroçável";"Com Vítimas Feridas";"Amanhecer";"Decrescente";"Céu Claro";"Dupla";"Retorno Regulamentado";"Não";6;0;5;1;0;0;6;1;-21,93174007;-45,61206937;"SPRF-MG";"DEL16-MG";"UOP02-DEL16-MG"
195676;2019-03-08;"sexta-feira";"04:20:00";"PR";153;331,7;"IRATI";"Ingestão de Álcool";"Colisão com objeto estático";"Com Vítimas Feridas";"Plena Noite";"Decrescente";"Garoa/Chuvisco";"Dupla";"Reta";"Não";1;0;1;0;0;0;1;1;-25,463053;-50,623066;"SPRF-PR";"DEL03-PR";"UOP02-DEL08-PR"
195677;2019-03-08;"sexta-feira";"05:40:00";"GO";20;138,9;"ALVORADA DO NORTE";"Falta de Atenção à Condução";"Colisão frontal";"Com Vítimas Feridas";"Pleno dia";"Decrescente";"Céu Claro";"Simples";"Reta";"Não";8;0;1;7;0;0;8;2;-14,786891;-46,694374;"SPRF-DF";"DEL02-DF";"UOP03-DEL02-DF"
195680;2019-03-08;"sexta-feira";"04:20:00";"SC";116;234,8;"CORREIA PINTO";"Condutor Dormindo";"Saída de leito carroçável";"Com Vítimas Feridas";"Plena Noite";"Crescente";"Céu Claro";"Simples";"Curva";"Não";3;0;3;0;0;0;3;1;-27,70240496;-50,33486119;"SPRF-SC";"DEL05-SC";"UOP01-DEL05-SC"
195681;2019-03-08;"sexta-feira";"07:15:00";"PR";277;74;"CURITIBA";"Falta de Atenção à Condução";"Colisão lateral";"Com Vítimas Feridas";"Pleno dia";"Crescente";"Nublado";"Dupla";"Interseção de Vias";"Não";2;0;1;0;1;0;1;2;-25,4533632;-49,2429312;"SPRF-PR";"DEL01-PR";"UOP01-DEL01-PR"
195683;2019-03-08;"sexta-feira";"06:00:00";"MT";163;842;"SINOP";"Condutor Dormindo";"Colisão transversal";"Com Vítimas Feridas";"Amanhecer";"Crescente";"Nublado";"Simples";"Reta";"Não";2;0;1;0;1;0;1;2;-11,92479503;-55,5117839;"SPRF-MT";"DEL06-MT";"UOP02-DEL06-MT"
195684;2019-03-08;"sexta-feira";"07:35:00";"BA";116;422,1;"FEIRA DE SANTANA";"Falta de Atenção à Condução";"Colisão traseira";"Sem Vítimas";"Pleno dia";"Decrescente";"Céu Claro";"Dupla";"Rotatória";"Sim";2;0;0;0;2;0;0;2;-12,23071506;-38,96474004;"SPRF-BA";"DEL02-BA";"UOP01-DEL02-BA"
195685;2019-03-08;"sexta-feira";"07:45:00";"DF";20;13;"BRASILIA";"Falta de Atenção à Condução";"Colisão lateral";"Com Vítimas Feridas";"Pleno dia";"Crescente";"Céu Claro";"Dupla";"Reta";"Sim";2;0;1;0;1;0;1;2;-15,638752;-47,749599;"SPRF-DF";"DEL02-DF";"UOP01-DEL02-DF"
195686;2019-03-08;"sexta-feira";"07:08:00";"CE";116;3;"FORTALEZA";"Não guardar distância de segurança";"Colisão traseira";"Sem Vítimas";"Pleno dia";"Decrescente";"Céu Claro";"Dupla";"Reta";"Sim";3;0;0;0;3;0;0;3;-3,77866493;-38,51490171;"SPRF-CE";"DEL01-CE";"UOP02-DEL01-CE"
195687;2019-03-08;"sexta-feira";"06:30:00";"MG";116;410;"GOVERNADOR VALADARES";"Desobediência às normas de trânsito pelo condutor";"Tombamento";"Com Vítimas Feridas";"Pleno dia";"Crescente";"Céu Claro";"Dupla";"Retorno Regulamentado";"Sim";2;0;0;1;1;0;1;1;-18,855625;-41,975623;"SPRF-MG";"DEL06-MG";"UOP01-DEL06-MG"
195688;2019-03-08;"sexta-feira";"00:40:00";"MG";116;414;"GOVERNADOR VALADARES";"Velocidade Incompatível";"Saída de leito carroçável";"Com Vítimas Feridas";"Plena Noite";"Decrescente";"Céu Claro";"Simples";"Reta";"Sim";1;0;0;1;0;0;1;1;-18,88102703;-41,95910802;"SPRF-MG";"DEL06-MG";"UOP01-DEL06-MG"
195690;2019-03-08;"sexta-feira";"07:20:00";"MA";316;264,1;"SANTA INES";"Defeito na Via";"Atropelamento de Pedestre";"Com Vítimas Feridas";"Pleno dia";"Decrescente";"Nublado";"Simples";"Reta";"Sim";2;0;1;0;1;0;1;2;-3,673308;-45,362946;"SPRF-MA";"DEL02-MA";"UI04-DEL02-MA"
195691;2019-03-08;"sexta-feira";"07:50:00";"PR";277;629;"CEU AZUL";"Não guardar distância de segurança";"Engavetamento";"Com Vítimas Feridas";"Pleno dia";"Crescente";"Céu Claro";"Simples";"Aclive;Curva";"Não";9;0;1;0;8;0;1;4;-25,1109378;-53,79095078;"SPRF-PR";"DEL05-PR";"UOP02-DEL05-PR"
195692;2019-03-08;"sexta-feira";"07:20:00";"CE";116;10;"FORTALEZA";"Falta de Atenção à Condução";"Colisão traseira";"Com Vítimas Feridas";"Pleno dia";"Decrescente";"Céu Claro";"Múltipla";"Reta";"Sim";3;0;2;0;1;0;2;2;-3,83603805;-38,5027281;"SPRF-CE";"DEL01-CE";"UOP02-DEL01-CE"
195693;2019-03-08;"sexta-feira";"07:35:00";"RN";101;97,5;"NATAL";"Desobediência às normas de trânsito pelo condutor";"Colisão transversal";"Sem Vítimas";"Pleno dia";"Decrescente";"Céu Claro";"Simples";"Interseção de Vias";"Sim";2;0;0;0;2;0;0;2;-5,85758898;-35,21271205;"SPRF-RN";"DEL01-RN";"UOP01-DEL01-RN"
195695;2019-03-08;"sexta-feira";"08:00:00";"DF";80;28;"BRASILIA";"Velocidade Incompatível";"Colisão frontal";"Com Vítimas Feridas";"Pleno dia";"Crescente";"Céu Claro";"Simples";"Reta;Declive";"Não";2;0;0;1;1;0;1;2;-15,59611386;-48,20314765;"SPRF-DF";"DEL01-DF";"UOP02-DEL03-DF"
195696;2019-03-08;"sexta-feira";"07:50:00";"CE";222;7,5;"CAUCAIA";"Não guardar distância de segurança";"Colisão traseira";"Com Vítimas Feridas";"Pleno dia";"Crescente";"Céu Claro";"Dupla";"Reta";"Não";3;0;1;0;2;0;1;2;-3,736507;-38,65337;"SPRF-CE";"DEL01-CE";"UOP01-DEL01-CE"
195698;2019-03-08;"sexta-feira";"07:30:00";"SC";280;7,1;"SAO FRANCISCO DO SUL";"Falta de Atenção à Condução";"Tombamento";"Com Vítimas Feridas";"Amanhecer";"Crescente";"Nublado";"Simples";"Reta";"Não";1;0;1;0;0;0;1;1;-26,27127101;-48,64129599;"SPRF-SC";"DEL03-SC";"UOP03-DEL03-SC"
195699;2019-03-08;"sexta-feira";"06:30:00";"MG";153;203,3;"FRUTAL";"Velocidade Incompatível";"Saída de leito carroçável";"Sem Vítimas";"Amanhecer";"Crescente";"Nublado";"Simples";"Interseção de Vias";"Não";1;0;0;0;1;0;0;1;-20,01723093;-49,04675064;"SPRF-MG";"DEL13-MG";"UOP02-DEL13-MG"
195701;2019-03-08;"sexta-feira";"08:55:00";"SC";282;232;"LAGES";"Desobediência às normas de trânsito pelo condutor";"Colisão frontal";"Com Vítimas Feridas";"Pleno dia";"Crescente";"Céu Claro";"Simples";"Reta";"Não";3;0;0;1;2;0;1;2;-27,785076;-50,445385;"SPRF-SC";"DEL05-SC";"UOP02-DEL05-SC"
195702;2019-03-08;"sexta-feira";"07:40:00";"SP";116;147,2;"SAO JOSE DOS CAMPOS";"Falta de Atenção à Condução";"Colisão traseira";"Com Vítimas Feridas";"Pleno dia";"Decrescente";"Céu Claro";"Múltipla";"Reta";"Não";2;0;1;0;1;0;1;2;-23,19542994;-45,87176303;"SPRF-SP";"DEL02-SP";"UOP01-DEL02-SP"
195704;2019-03-07;"quinta-feira";"23:38:00";"RS";290;655,9;"URUGUAIANA";"Falta de Atenção à Condução";"Colisão lateral";"Sem Vítimas";"Plena Noite";"Crescente";"Céu Claro";"Simples";"Reta";"Não";1;0;0;0;1;0;0;1;-30,005001;-56,468792;"SPRF-RS";"DEL13-RS";"UOP01-DEL13-RS"
195707;2019-03-08;"sexta-feira";"08:45:00";"PB";230;65,6;"SAO MIGUEL DE TAIPU";"Desobediência às normas de trânsito pelo condutor";"Colisão transversal";"Com Vítimas Feridas";"Pleno dia";"Crescente";"Sol";"Dupla";"Aclive;Reta";"Não";2;0;1;0;0;1;1;2;-7,1911;-35,1832;"SPRF-PB";"DEL01-PB";"UOP03-DEL01-PB"
195712;2019-03-07;"quinta-feira";"20:25:00";"GO";40;10;"LUZIANIA";"Falta de Atenção à Condução";"Colisão lateral";"Com Vítimas Feridas";"Plena Noite";"Crescente";"Nublado";"Dupla";"Reta";"Sim";2;0;1;0;1;0;1;2;-16,131285;-47,957923;"SPRF-DF";"DEL01-DF";"UOP01-DEL01-DF"
195713;2019-02-05;"terça-feira";"06:00:00";"PB";230;66;"SAO MIGUEL DE TAIPU";"Pista Escorregadia";"Saída de leito carroçável";"Com Vítimas Feridas";"Pleno dia";"Crescente";"Chuva";"Dupla";"Curva;Aclive";"Não";7;0;1;0;5;1;1;6;-7,18468688;-35,19706341;"SPRF-PB";"DEL01-PB";"UOP03-DEL01-PB"
195716;2019-03-08;"sexta-feira";"10:30:00";"PA";163;1002;"SANTAREM";"Não guardar distância de segurança";"Tombamento";"Com Vítimas Feridas";"Pleno dia";"Decrescente";"Céu Claro";"Simples";"Reta";"Sim";1;0;1;0;0;0;1;1;-2,45567004;-54,72854541;"SPRF-PA";"DEL05-PA";"UOP01-DEL05-PA"
195719;2019-03-08;"sexta-feira";"10:30:00";"RJ";493;109;"SEROPEDICA";"Velocidade Incompatível";"Colisão com objeto estático";"Com Vítimas Fatais";"Pleno dia";"Decrescente";"Céu Claro";"Dupla";"Reta";"Não";5;1;4;0;0;0;4;1;-22,78095938;-43,7490499;"SPRF-RJ";"DEL03-RJ";"UOP01-DEL03-RJ"
195720;2019-03-08;"sexta-feira";"10:55:00";"SP";116;94;"PINDAMONHANGABA";"Avarias e/ou desgaste excessivo no pneu";"Saída de leito carroçável";"Com Vítimas Feridas";"Pleno dia";"Decrescente";"Sol";"Dupla";"Reta";"Não";1;0;1;0;0;0;1;1;-22,96083987;-45,42156507;"SPRF-SP";"DEL06-SP";"UOP01-DEL06-SP"
195721;2019-03-08;"sexta-feira";"10:45:00";"SC";282;106,7;"ALFREDO WAGNER";"Defeito na Via";"Saída de leito carroçável";"Com Vítimas Feridas";"Pleno dia";"Crescente";"Nublado";"Simples";"Reta";"Não";3;0;3;0;0;0;3;1;-27,697609;-49,344734;"SPRF-SC";"DEL01-SC";"UOP03-DEL01-SC"
195722;2019-03-08;"sexta-feira";"11:45:00";"CE";222;5;"CAUCAIA";"Desobediência às normas de trânsito pelo condutor";"Colisão transversal";"Com Vítimas Feridas";"Pleno dia";"Decrescente";"Céu Claro";"Dupla";"Reta";"Sim";2;0;2;0;0;0;2;2;-3,7438971;-38,6183418;"SPRF-CE";"DEL01-CE";"UOP01-DEL01-CE"
195723;2019-03-08;"sexta-feira";"10:50:00";"PR";369;172,7;"ROLANDIA";"Falta de Atenção à Condução";"Colisão transversal";"Com Vítimas Feridas";"Pleno dia";"Crescente";"Sol";"Simples";"Reta";"Sim";2;0;1;0;0;1;1;2;-23,30623735;-51,3634336;"SPRF-PR";"DEL07-PR";"UOP01-DEL07-PR"
195724;2019-03-08;"sexta-feira";"10:25:00";"RS";287;353;"JAGUARI";"Velocidade Incompatível";"Saída de leito carroçável";"Com Vítimas Feridas";"Pleno dia";"Crescente";"Céu Claro";"Simples";"Curva;Ponte;Aclive";"Não";1;0;0;1;0;0;1;1;-29,48975959;-54,68065023;"SPRF-RS";"DEL12-RS";"UOP02-DEL12-RS"
195725;2019-03-08;"sexta-feira";"11:45:00";"SP";153;205,7;"GETULINA";"Desobediência às normas de trânsito pelo condutor";"Tombamento";"Com Vítimas Feridas";"Pleno dia";"Decrescente";"Céu Claro";"Simples";"Declive";"Não";2;0;1;0;0;1;1;2;-21,864478;-49,906608;"SPRF-SP";"DEL07-SP";"UOP02-DEL07-SP"