"id";"data_inversa";"dia_semana";"horario";"uf";"br";"km";"municipio";"causa_acidente";"tipo_acidente";"classificacao_acidente";"fase_dia";"sentido_via";"condicao_metereologica";"tipo_pista";"tracado_via";"uso_solo";"pessoas";"mortos";"feridos_leves";"feridos_graves";"ilesos";"ignorados";"feridos";"veiculos";"latitude";"longitude";"regional";"delegacia";"uop"
196080;2019-03-10;"domingo";"03:00:00";"PR";376;109,2;"PARANAVAI";"Falta de Atenção à Condução";"Tombamento";"Com Vítimas Feridas";"Plena Noite";"Crescente";"Nublado";"Dupla";"Declive";"Sim";1;0;1;0;0;0;1;1;-23,08086594;-52,40984795;"SPRF-PR";"DEL07-PR";"UOP02-DEL09-PR"
196081;2019-03-10;"domingo";"02:40:00";"SP";116;56,7;"LORENA";"Falta de Atenção à Condução";"Saída de leito carroçável";"Sem Vítimas";"Plena Noite";"Crescente";"Nublado";"Dupla";"Reta";"Não";1;0;0;0;0;1;0;1;-22,76904403;-45,13040598;"SPRF-SP";"DEL08-SP";"UOP01-DEL08-SP"
196084;2019-03-09;"sábado";"23:15:00";"PR";277;5;"FOZ DO IGUACU";"Desobediência às normas de trânsito pelo condutor";"Colisão transversal";"Com Vítimas Feridas";"Plena Noite";"Crescente";"Céu Claro";"Dupla";"Retorno Regulamentado";"Sim";3;0;3;0;0;0;3;2;-25,5469;-54,5882;"SPRF-PR";"DEL05-PR";"UOP03-DEL05-PR"
196085;2019-03-10;"domingo";"04:56:00";"PR";277;119,1;"CAMPO LARGO";"Condutor Dormindo";"Colisão com objeto estático";"Com Vítimas Feridas";"Plena Noite";"Decrescente";"Chuva";"Dupla";"Reta";"Sim";2;0;1;0;1;0;1;1;-25,4330687;-49,43430906;"SPRF-PR";"DEL01-PR";"UOP06-DEL01-PR"
196086;2019-03-10;"domingo";"05:20:00";"MG";50;77;"UBERLANDIA";"Ingestão de Álcool";"Colisão frontal";"Com Vítimas Feridas";"Amanhecer";"Crescente";"Céu Claro";"Simples";"Reta";"Sim";2;0;1;0;1;0;1;2;-18,93841835;-48,21905851;"SPRF-MG";"DEL15-MG";"UOP01-DEL15-MG"
196087;2019-03-10;"domingo";"04:15:00";"MG";40;551;"NOVA LIMA";"Falta de Atenção à Condução";"Saída de leito carroçável";"Com Vítimas Feridas";"Plena Noite";"Decrescente";"Céu Claro";"Dupla";"Reta";"Sim";1;0;1;0;0;0;1;1;-20,05411435;-43,97101875;"SPRF-MG";"DEL01-MG";"UOP02-DEL01-MG"
196088;2019-03-10;"domingo";"04:20:00";"PR";376;598;"CURITIBA";"Deficiência ou não Acionamento do Sistema de Iluminação/Sinalização do Veículo";"Colisão traseira";"Com Vítimas Feridas";"Plena Noite";"Crescente";"Céu Claro";"Dupla";"Reta";"Sim";4;0;1;1;2;0;2;2;-25,51883163;-49,33535728;"SPRF-PR";"DEL01-PR";"UOP06-DEL01-PR"
196089;2019-03-10;"domingo";"04:50:00";"PR";277;688;"SAO MIGUEL DO IGUACU";"Ingestão de Álcool";"Colisão transversal";"Com Vítimas Feridas";"Plena Noite";"Decrescente";"Céu Claro";"Dupla";"Retorno Regulamentado";"Sim";4;0;3;0;1;0;3;2;-25,34525482;-54,23408504;"SPRF-PR";"DEL05-PR";"UOP01-DEL05-PR"
196090;2019-03-10;"domingo";"06:00:00";"DF";20;9,3;"BRASILIA";"Falta de Atenção à Condução";"Colisão lateral";"Com Vítimas Feridas";"Pleno dia";"Decrescente";"Céu Claro";"Dupla";"Reta";"Sim";7;0;5;1;1;0;6;2;-15,654671;-47,782917;"SPRF-DF";"DEL02-DF";"UOP01-DEL02-DF"
196091;2019-03-10;"domingo";"05:20:00";"SE";235;29;"AREIA BRANCA";"Falta de Atenção à Condução";"Colisão frontal";"Com Vítimas Feridas";"Pleno dia";"Crescente";"Céu Claro";"Simples";"Curva";"Não";2;0;0;2;0;0;2;2;-10,790907;-37,284542;"SPRF-SE";"DEL01-SE";"UOP01-DEL01-SE"
196093;2019-03-09;"sábado";"22:00:00";"BA";242;142;"RAFAEL JAMBEIRO";"Ultrapassagem Indevida";"Colisão frontal";"Com Vítimas Fatais";"Plena Noite";"Decrescente";"Céu Claro";"Simples";"Reta";"Não";13;3;5;4;1;0;9;5;-12,55587588;-39,53856083;"SPRF-BA";"DEL06-BA";"UOP02-DEL06-BA"
196094;2019-03-10;"domingo";"01:30:00";"MT";70;697,1;"CACERES";"Falta de Atenção à Condução";"Tombamento";"Com Vítimas Feridas";"Plena Noite";"Decrescente";"Nublado";"Simples";"Declive;Reta";"Não";1;0;1;0;0;0;1;1;-16,21556185;-57,4183132;"SPRF-MT";"DEL03-MT";"UOP01-DEL03-MT"
196095;2019-03-10;"domingo";"06:30:00";"MG";50;70;"UBERLANDIA";"Ingestão de Álcool";"Colisão traseira";"Sem Vítimas";"Pleno dia";"Decrescente";"Céu Claro";"Dupla";"Reta";"Sim";2;0;0;0;2;0;0;2;-18,85140204;-48,25345932;"SPRF-MG";"DEL15-MG";"UOP01-DEL15-MG"
196096;2019-03-10;"domingo";"04:20:00";"SC";280;57,9;"GUARAMIRIM";"Ingestão de Álcool";"Colisão com objeto estático";"Sem Vítimas";"Plena Noite";"Decrescente";"Garoa/Chuvisco";"Simples";"Rotatória";"Sim";1;0;0;0;0;1;0;1;-26,47418409;-49,02028799;"SPRF-SC";"DEL03-SC";"UOP03-DEL03-SC"
196097;2019-03-10;"domingo";"05:50:00";"RJ";40;121;"DUQUE DE CAXIAS";"Ingestão de Álcool";"Saída de leito carroçável";"Sem Vítimas";"Amanhecer";"Crescente";"Céu Claro";"Múltipla";"Reta";"Sim";1;0;0;0;0;1;0;1;-22,78185499;-43,28571273;"SPRF-RJ";"DEL01-RJ";"UOP01-DEL01-RJ"
196098;2019-03-10;"domingo";"06:00:00";"RJ";40;115;"DUQUE DE CAXIAS";"Falta de Atenção à Condução";"Colisão com objeto estático";"Com Vítimas Feridas";"Amanhecer";"Crescente";"Céu Claro";"Múltipla";"Reta";"Sim";2;0;1;0;0;1;1;2;-22,72756999;-43,2891609;"SPRF-RJ";"DEL01-RJ";"UOP01-DEL01-RJ"
196100;2019-03-10;"domingo";"01:00:00";"RS";285;644;"SANTO ANTONIO DAS MISSOES";"Ingestão de Álcool";"Saída de leito carroçável";"Sem Vítimas";"Plena Noite";"Crescente";"Céu Claro";"Simples";"Reta";"Não";1;0;0;0;1;0;0;1;-28,606682;-55,703793;"SPRF-RS";"DEL12-RS";"UOP01-DEL12-RS"
196101;2019-03-10;"domingo";"05:30:00";"PR";272;368,3;"CAMPO MOURAO";"Ingestão de Álcool";"Colisão traseira";"Com Vítimas Feridas";"Plena Noite";"Crescente";"Céu Claro";"Dupla";"Reta";"Sim";3;0;0;2;1;0;2;2;-24,05475193;-52,41061403;"SPRF-PR";"DEL04-PR";"UOP03-DEL09-PR"
196102;2019-03-10;"domingo";"06:35:00";"RJ";101;297;"ITABORAI";"Falta de Atenção à Condução";"Colisão lateral";"Com Vítimas Feridas";"Amanhecer";"Crescente";"Céu Claro";"Simples";"Reta";"Sim";2;0;1;0;1;0;1;2;-22,76942037;-42,91873581;"SPRF-RJ";"DEL02-RJ";"DEL5/2-UOP04/RJ"
196103;2019-03-10;"domingo";"06:15:00";"RJ";101;312,7;"SAO GONCALO";"Falta de Atenção à Condução";"Queda de ocupante de veículo";"Com Vítimas Feridas";"Pleno dia";"Decrescente";"Sol";"Dupla";"Reta";"Não";1;0;1;0;0;0;1;1;-22,80546555;-43,06156967;"SPRF-RJ";"DEL02-RJ";"DEL5/2-UOP04/RJ"
196106;2019-02-14;"quinta-feira";"12:50:00";"PR";277;553,8;"CASCAVEL";"Restrição de Visibilidade";"Colisão traseira";"Com Vítimas Feridas";"Pleno dia";"Crescente";"Nublado";"Simples";"Reta";"Não";4;0;0;3;1;0;3;2;-25,02817;-53,55983;"SPRF-PR";"DEL04-PR";"UOP04-DEL04-PR"
196107;2019-03-10;"domingo";"06:50:00";"MS";60;568,8;"NIOAQUE";"Defeito na Via";"Queda de ocupante de veículo";"Com Vítimas Feridas";"Pleno dia";"Crescente";"Céu Claro";"Simples";"Reta";"Não";1;0;0;1;0;0;1;1;-21,32413597;-56,00136425;"SPRF-MS";"DEL05-MS";"UOP01-DEL05-MS"
196109;2019-03-10;"domingo";"08:00:00";"BA";415;22;"ILHEUS";"Não guardar distância de segurança";"Colisão traseira";"Com Vítimas Feridas";"Pleno dia";"Crescente";"Céu Claro";"Simples";"Reta";"Não";5;0;3;0;2;0;3;3;-14,8482;-39,281986;"SPRF-BA";"DEL05-BA";"UOP01-DEL05-BA"
196110;2019-03-10;"domingo";"08:35:00";"SC";282;16;"PALHOCA";"Falta de Atenção à Condução";"Queda de ocupante de veículo";"Com Vítimas Feridas";"Pleno dia";"Crescente";"Céu Claro";"Múltipla";"Rotatória";"Não";2;0;1;0;1;0;1;2;-27,658611;-48,681847;"SPRF-SC";"DEL01-SC";"UOP02-DEL01-SC"
196114;2019-03-10;"domingo";"07:40:00";"SC";101;371;"ICARA";"Condutor Dormindo";"Saída de leito carroçável";"Com Vítimas Feridas";"Pleno dia";"Decrescente";"Chuva";"Dupla";"Curva";"Não";5;0;2;0;3;0;2;1;-28,70403682;-49,2008731;"SPRF-SC";"DEL02-SC";"UOP01-DEL02-SC"
196115;2019-03-10;"domingo";"08:10:00";"RJ";101;275;"TANGUA";"Condutor Dormindo";"Colisão lateral";"Com Vítimas Feridas";"Pleno dia";"Decrescente";"Céu Claro";"Dupla";"Reta";"Não";2;0;1;0;1;0;1;2;-22,73653355;-42,72909106;"SPRF-RJ";"DEL02-RJ";"UOP03-DEL02-RJ"
196116;2019-03-10;"domingo";"09:00:00";"SP";116;206;"GUARULHOS";"Falta de Atenção à Condução";"Colisão lateral";"Com Vítimas Feridas";"Pleno dia";"Crescente";"Nublado";"Múltipla";"Reta";"Não";3;0;1;0;2;0;1;2;-23,41722629;-46,37510292;"SPRF-SP";"DEL01-SP";"UOP01-DEL01-SP"
196120;2019-03-10;"domingo";"08:50:00";"PI";316;59;"MONSENHOR GIL";"Falta de Atenção à Condução";"Colisão traseira";"Sem Vítimas";"Pleno dia";"Crescente";"Céu Claro";"Simples";"Reta";"Sim";2;0;0;0;2;0;0;2;-5,566377;-42,61396;"SPRF-PI";"DEL01-PI";"UOP02-DEL01-PI"
196121;2019-03-10;"domingo";"09:40:00";"PB";230;72,9;"SOBRADO";"Velocidade Incompatível";"Colisão com objeto estático";"Com Vítimas Fatais";"Pleno dia";"Decrescente";"Sol";"Dupla";"Curva";"Não";1;1;0;0;0;0;0;1;-7,1907;-35,2418;"SPRF-PB";"DEL01-PB";"UOP03-DEL01-PB"
196122;2019-03-10;"domingo";"10:10:00";"GO";60;4,9;"SANTO ANTONIO DO DESCOBERTO";"Velocidade Incompatível";"Colisão com objeto estático";"Com Vítimas Feridas";"Pleno dia";"Decrescente";"Céu Claro";"Dupla";"Curva";"Não";1;0;0;1;0;0;1;1;-16,10503017;-48,29203606;"SPRF-DF";"DEL01-DF";"UOP01-DEL03-DF"
196124;2019-03-10;"domingo";"09:25:00";"GO";40;7;"VALPARAISO DE GOIAS";"Ingestão de Álcool";"Colisão traseira";"Sem Vítimas";"Pleno dia";"Crescente";"Céu Claro";"Dupla";"Reta";"Sim";2;0;0;0;2;0;0;2;-16,108482;-47,972524;"SPRF-DF";"DEL01-DF";"UOP01-DEL01-DF"
196125;2019-03-10;"domingo";"10:00:00";"SP";116;212;"GUARULHOS";"Falta de Atenção à Condução";"Colisão com objeto estático";"Com Vítimas Feridas";"Pleno dia";"Crescente";"Sol";"Múltipla";"Reta";"Sim";1;0;1;0;0;0;1;1;-23,43608315;-46,42805094;"SPRF-SP";"DEL01-SP";"UOP01-DEL01-SP"
196126;2019-03-10;"domingo";"10:10:00";"RS";116;260,9;"CANOAS";"Ingestão de Álcool";"Colisão com objeto estático";"Com Vítimas Feridas";"Pleno dia";"Crescente";"Céu Claro";"Simples";"Reta";"Sim";1;0;0;1;0;0;1;1;-29,879208;-51,18045622;"SPRF-RS";"DEL01-RS";"UOP01-DEL01-RS"
196127;2019-03-10;"domingo";"10:50:00";"PB";101;77;"SANTA RITA";"Animais na Pista";"Colisão traseira";"Com Vítimas Feridas";"Pleno dia";"Decrescente";"Céu Claro";"Dupla";"Reta";"Não";6;0;1;0;5;0;1;2;-7,09947194;-34,96574283;"SPRF-PB";"DEL01-PB";"UOP01-DEL01-PB"
196132;2019-03-10;"domingo";"11:45:00";"PE";232;432,8;"SERRA TALHADA";"Ultrapassagem Indevida";"Colisão frontal";"Com Vítimas Fatais";"Pleno dia";"Decrescente";"Céu Claro";"Simples";"Aclive";"Não";2;1;0;0;1;0;0;2;-8,00516838;-38,49070587;"SPRF-PE";"DEL04-PE";"UOP01-DEL04-PE"
196133;2019-03-10;"domingo";"12:25:00";"SP";116;5;"GUARULHOS";"Falta de Atenção à Condução";"Colisão lateral";"Com Vítimas Feridas";"Pleno dia";"Decrescente";"Céu Claro";"Simples";"Reta";"Não";2;0;1;1;0;0;2;2;-23,43348819;-46,49348574;"SPRF-SP";"DEL01-SP";"UOP01-DEL01-SP"
196137;2019-03-10;"domingo";"10:50:00";"MG";381;523,9;"BRUMADINHO";"Falta de Atenção à Condução";"Queda de ocupante de veículo";"Com Vítimas Feridas";"Pleno dia";"Decrescente";"Céu Claro";"Dupla";"Interseção de Vias";"Não";1;0;0;1;0;0;1;1;-20,1530682;-44,32617552;"SPRF-MG";"DEL04-MG";"UOP03-DEL04-MG"
196141;2019-03-09;"sábado";"18:30:00";"MA";222;519;"BURITICUPU";"Animais na Pista";"Colisão traseira";"Com Vítimas Feridas";"Anoitecer";"Crescente";"Céu Claro";"Simples";"Reta";"Sim";2;0;1;0;1;0;1;2;-4,3492158;-46,39916298;"SPRF-MA";"DEL02-MA";"UI04-DEL02-MA"
196142;2019-03-10;"domingo";"13:30:00";"SC";101;363;"SANGAO";"Defeito Mecânico no Veículo";"Colisão com objeto estático";"Sem Vítimas";"Pleno dia";"Crescente";"Garoa/Chuvisco";"Dupla";"Reta";"Não";1;0;0;0;1;0;0;1;-28,67634681;-49,12963202;"SPRF-SC";"DEL02-SC";"UOP01-DEL02-SC"
196143;2019-03-10;"domingo";"06:40:00";"RS";386;244,2;"SOLEDADE";"Falta de Atenção à Condução";"Saída de leito carroçável";"Com Vítimas Feridas";"Amanhecer";"Crescente";"Céu Claro";"Simples";"Reta";"Sim";3;0;1;1;0;1;2;1;-28,8053556;-52,50597954;"SPRF-RS";"DEL04-RS";"NPF/DEL04-RS"
196146;2019-03-10;"domingo";"13:40:00";"DF";60;13;"BRASILIA";"Ingestão de Álcool";"Colisão com objeto estático";"Sem Vítimas";"Pleno dia";"Crescente";"Céu Claro";"Simples";"Reta";"Sim";1;0;0;0;1;0;0;1;-15,926557;-48,166969;"SPRF-DF";"DEL01-DF";"UOP01-DEL03-DF"
196148;2019-03-10;"domingo";"13:30:00";"CE";20;365,1;"MARANGUAPE";"Avarias e/ou desgaste excessivo no pneu";"Colisão com objeto estático";"Com Vítimas Feridas";"Pleno dia";"Crescente";"Garoa/Chuvisco";"Simples";"Curva";"Não";1;0;1;0;0;0;1;1;-4,00204446;-38,95080295;"SPRF-CE";"DEL02-CE";"UOP01-DEL02-CE"
196149;2019-03-10;"domingo";"10:30:00";"MG";116;815;"ALEM PARAIBA";"Falta de Atenção à Condução";"Colisão transversal";"Com Vítimas Feridas";"Pleno dia";"Decrescente";"Sol";"Simples";"Reta";"Não";3;0;1;0;1;1;1;3;-21,85959781;-42,66339194;"SPRF-MG";"DEL07-MG";"UOP01-DEL07-MG"
196150;2019-03-10;"domingo";"14:20:00";"PR";373;215,8;"IMBITUVA";"Desobediência às normas de trânsito pelo condutor";"Colisão transversal";"Com Vítimas Feridas";"Pleno dia";"Crescente";"Nublado";"Simples";"Reta";"Não";3;0;1;0;2;0;1;2;-25,15460675;-50,53263107;"SPRF-PR";"DEL03-PR";"UOP01-DEL03-PR"
196155;2019-03-10;"domingo";"15:00:00";"SC";470;55,2;"BLUMENAU";"Desobediência às normas de trânsito pelo condutor";"Colisão transversal";"Com Vítimas Feridas";"Pleno dia";"Crescente";"Chuva";"Simples";"Reta";"Sim";2;0;0;1;1;0;1;2;-26,875601;-49,117992;"SPRF-SC";"DEL04-SC";"UOP01-DEL04-SC"
196156;2019-03-10;"domingo";"14:50:00";"PB";230;256,7;"JUNCO DO SERIDO";"Falta de Atenção à Condução";"Colisão transversal";"Com Vítimas Fatais";"Pleno dia";"Crescente";"Céu Claro";"Simples";"Reta";"Não";3;1;0;1;1;0;1;2;-7,0177;-36,6742;"SPRF-PB";"DEL03-PB";"UOP01-DEL03-PB"
196157;2019-03-10;"domingo";"14:10:00";"MS";60;528,1;"NIOAQUE";"Falta de Atenção à Condução";"Saída de leito carroçável";"Com Vítimas Feridas";"Pleno dia";"Decrescente";"Céu Claro";"Simples";"Reta";"Não";4;0;4;0;0;0;4;1;-21,12904108;-55,73015002;"SPRF-MS";"DEL05-MS";"UOP01-DEL05-MS"
196158;2019-03-10;"domingo";"14:55:00";"PR";373;275,6;"PRUDENTOPOLIS";"Desobediência às normas de trânsito pelo condutor";"Colisão traseira";"Com Vítimas Feridas";"Pleno dia";"Crescente";"Sol";"Simples";"Reta";"Não";2;0;0;1;1;0;1;2;-25,25482841;-51,06799702;"SPRF-PR";"DEL03-PR";"UOP01-DEL03-PR"
196159;2019-03-10;"domingo";"11:15:00";"RS";285;146;"MUITOS CAPOES";"Velocidade Incompatível";"Saída de leito carroçável";"Com Vítimas Feridas";"Pleno dia";"Decrescente";"Nublado";"Simples";"Curva";"Não";3;0;1;2;0;0;3;1;-28,357988;-51,106682;"SPRF-RS";"DEL05-RS";"UOP03-DEL05-RS"
196160;2019-03-10;"domingo";"14:20:00";"MG";381;169,3;"GOVERNADOR VALADARES";"Desobediência às normas de trânsito pelo condutor";"Colisão transversal";"Com Vítimas Feridas";"Pleno dia";"Crescente";"Sol";"Simples";"Reta";"Não";3;0;2;0;1;0;2;2;-18,96700208;-42,09033791;"SPRF-MG";"DEL06-MG";"UOP01-DEL06-MG"
196161;2019-03-10;"domingo";"15:15:00";"MG";50;157,1;"UBERABA";"Velocidade Incompatível";"Colisão frontal";"Com Vítimas Feridas";"Pleno dia";"Crescente";"Nublado";"Simples";"Desvio Temporário";"Não";3;0;2;0;1;0;2;2;-19,62528388;-48,01556068;"SPRF-MG";"DEL13-MG";"UOP01-DEL13-MG"
196162;2019-03-10;"domingo";"12:55:00";"MT";364;233;"RONDONOPOLIS";"Falta de Atenção à Condução";"Saída de leito carroçável";"Sem Vítimas";"Pleno dia";"Decrescente";"Céu Claro";"Dupla";"Reta";"Não";1;0;0;0;0;1;0;1;-16,23998594;-54,78133861;"SPRF-MT";"DEL02-MT";"UOP01-DEL02-MT"
196164;2019-03-10;"domingo";"14:40:00";"RO";364;196,9;"PIMENTA BUENO";"Falta de Atenção à Condução";"Colisão lateral";"Com Vítimas Feridas";"Pleno dia";"Decrescente";"Céu Claro";"Simples";"Reta";"Sim";2;0;1;0;1;0;1;2;-11,67987036;-61,18766248;"SPRF-RO";"DEL02-RO";"UOP02-DEL02-RO"
196171;2019-03-10;"domingo";"16:15:00";"RS";290;33,4;"SANTO ANTONIO DA PATRULHA";"Mal Súbito";"Saída de leito carroçável";"Com Vítimas Feridas";"Pleno dia";"Crescente";"Nublado";"Dupla";"Reta";"Não";2;0;1;0;1;0;1;1;-29,885815;-50,586334;"SPRF-RS";"DEL03-RS";"UOP02-DEL03-RS"
196172;2019-03-10;"domingo";"16:06:00";"SC";470;98,3;"APIUNA";"Falta de Atenção à Condução";"Colisão transversal";"Com Vítimas Feridas";"Pleno dia";"Crescente";"Nublado";"Simples";"Reta";"Sim";3;0;1;0;0;2;1;3;-27,045143;-49,394142;"SPRF-SC";"DEL04-SC";"UOP01-DEL04-SC"
196173;2019-03-10;"domingo";"15:00:00";"PR";163;252,8;"TOLEDO";"Desobediência às normas de trânsito pelo condutor";"Colisão traseira";"Com Vítimas Feridas";"Pleno dia";"Decrescente";"Céu Claro";"Simples";"Reta";"Não";7;0;2;0;5;0;2;2;-24,6895249;-53,74927497;"SPRF-PR";"DEL04-PR";"UOP01-DEL04-PR"
196175;2019-03-10;"domingo";"15:00:00";"RO";435;126;"CEREJEIRAS";"Ingestão de Álcool";"Queda de ocupante de veículo";"Com Vítimas Feridas";"Pleno dia";"Crescente";"Sol";"Simples";"Reta";"Não";1;0;1;0;0;0;1;1;-13,188992;-60,837076;"SPRF-RO";"DEL04-RO";"UOP02-DEL04-RO"
196176;2019-03-10;"domingo";"16:40:00";"CE";116;4;"FORTALEZA";"Falta de Atenção à Condução";"Colisão lateral";"Com Vítimas Feridas";"Pleno dia";"Decrescente";"Nublado";"Múltipla";"Reta";"Sim";2;0;1;0;1;0;1;2;-3,7867209;-38,5114568;"SPRF-CE";"DEL01-CE";"UOP02-DEL01-CE"
196177;2019-03-10;"domingo";"15:19:00";"SC";101;145;"ITAPEMA";"Falta de Atenção à Condução";"Engavetamento";"Sem Vítimas";"Pleno dia";"Decrescente";"Sol";"Dupla";"Reta";"Não";3;0;0;0;3;0;0;3;-27,08139206;-48,60130993;"SPRF-SC";"DEL04-SC";"UOP03-DEL04-SC"
196178;2019-03-10;"domingo";"17:05:00";"PI";343;329,8;"TERESINA";"Ingestão de Álcool";"Tombamento";"Com Vítimas Feridas";"Pleno dia";"Crescente";"Céu Claro";"Simples";"Reta";"Não";1;0;1;0;0;0;1;1;-5,064808;-42,641769;"SPRF-PI";"DEL01-PI";"UOP01-DEL01-PI"
196179;2019-03-10;"domingo";"15:35:00";"SC";101;256,9;"PAULO LOPES";"Velocidade Incompatível";"Saída de leito carroçável";"Com Vítimas Feridas";"Pleno dia";"Decrescente";"Garoa/Chuvisco";"Dupla";"Curva";"Não";4;0;4;0;0;0;4;1;-27,99084416;-48,68056684;"SPRF-SC";"DEL02-SC";"UOP03-DEL02-SC"
196180;2019-03-10;"domingo";"13:21:00";"SP";116;143;"SAO JOSE DOS CAMPOS";"Objeto estático sobre o leito carroçável";"Colisão com objeto estático";"Com Vítimas Feridas";"Pleno dia";"Crescente";"Céu Claro";"Dupla";"Reta";"Não";2;0;2;0;0;0;2;1;-23,17849879;-45,83787411;"SPRF-SP";"DEL06-SP";"UOP02-DEL02-SP"
196183;2019-03-10;"domingo";"16:31:00";"GO";20;76;"FORMOSA";"Pista Escorregadia";"Tombamento";"Com Vítimas Fatais";"Pleno dia";"Crescente";"Chuva";"Simples";"Reta";"Não";2;1;0;0;1;0;0;2;-15,119323;-47,125378;"SPRF-DF";"DEL02-DF";"UOP03-DEL02-DF"
196184;2019-03-10;"domingo";"15:50:00";"SC";153;75,2;"IRANI";"Desobediência às normas de trânsito pelo condutor";"Colisão transversal";"Com Vítimas Fatais";"Pleno dia";"Crescente";"Nublado";"Simples";"Curva";"Não";5;3;0;1;0;1;1;3;-27,0849;-51,909855;"SPRF-SC";"DEL07-SC";"UOP04-DEL07-SC"
196185;2019-03-10;"domingo";"17:30:00";"GO";153;206,4;"URUACU";"Velocidade Incompatível";"Saída de leito carroçável";"Com Vítimas Feridas";"Pleno dia";"Crescente";"Céu Claro";"Simples";"Curva;Declive";"Não";4;0;0;1;0;3;1;2;-14,57149712;-49,15675342;"SPRF-GO";"DEL07-GO";"UOP02-DEL07-GO"
196186;2019-03-10;"domingo";"17:00:00";"PE";101;81,7;"JABOATAO DOS GUARARAPES";"Falta de Atenção à Condução";"Colisão traseira";"Com Vítimas Feridas";"Anoitecer";"Decrescente";"Céu Claro";"Múltipla";"Reta";"Sim";3;0;1;0;2;0;1;2;-8,1597489;-34,94024569;"SPRF-PE";"DEL01-PE";"UOP03-DEL01-PE"
196187;2019-03-10;"domingo";"17:20:00";"RS";285;263;"MATO CASTELHANO";"Ingestão de Álcool";"Saída de leito carroçável";"Com Vítimas Feridas";"Pleno dia";"Decrescente";"Céu Claro";"Simples";"Reta";"Não";1;0;1;0;0;0;1;1;-28,307638;-52,109058;"SPRF-RS";"DEL08-RS";"UOP03-DEL08-RS"
196188;2019-03-10;"domingo";"14:50:00";"AC";364;167;"BUJARI";"Defeito na Via";"Colisão traseira";"Com Vítimas Feridas";"Pleno dia";"Crescente";"Céu Claro";"Simples";"Reta";"Não";7;0;0;1;6;0;1;3;-9,78129307;-68,03347604;"SPRF-AC";"DEL01-AC";"UOP01-DEL01-AC"
196189;2019-03-10;"domingo";"17:45:00";"ES";101;163;"LINHARES";"Falta de Atenção à Condução";"Saída de leito carroçável";"Com Vítimas Feridas";"Anoitecer";"Decrescente";"Céu Claro";"Simples";"Reta";"Não";1;0;1;0;0;0;1;1;-19,49806194;-40,13058524;"SPRF-ES";"DEL04-ES";"UOP01-DEL04-ES"
196190;2019-03-10;"domingo";"18:00:00";"RN";406;130,5;"POCO BRANCO";"Falta de Atenção à Condução";"Colisão traseira";"Com Vítimas Feridas";"Anoitecer";"Decrescente";"Céu Claro";"Simples";"Reta";"Não";3;0;0;1;1;1;1;2;-5,62758485;-35,59787392;"SPRF-RN";"DEL02-RN";"UOP01-DEL02-RN"
196192;2019-03-10;"domingo";"18:25:00";"CE";222;134,5;"ITAPAJE";"Não guardar distância de segurança";"Colisão traseira";"Com Vítimas Feridas";"Plena Noite";"Decrescente";"Céu Claro";"Simples";"Reta";"Não";3;0;0;1;0;2;1;3;-3,731452;-39,659401;"SPRF-CE";"DEL04-CE";"UOP03-DEL04-CE"
196193;2019-03-10;"domingo";"18:30:00";"PR";277;7;"PARANAGUA";"Ingestão de Álcool";"Colisão traseira";"Com Vítimas Feridas";"Plena Noite";"Decrescente";"Chuva";"Simples";"Interseção de Vias";"Sim";3;0;1;0;2;0;1;2;-25,51284086;-48,52094835;"SPRF-PR";"DEL01-PR";"UOP05-DEL01-PR"
196194;2019-03-10;"domingo";"18:30:00";"GO";40;6,8;"VALPARAISO DE GOIAS";"Não guardar distância de segurança";"Colisão traseira";"Com Vítimas Feridas";"Anoitecer";"Crescente";"Céu Claro";"Dupla";"Reta";"Sim";2;0;1;0;1;0;1;2;-16,100814;-47,977351;"SPRF-DF";"DEL01-DF";"UOP01-DEL01-DF"
196196;2019-03-10;"domingo";"18:00:00";"PE";101;90;"CABO DE SANTO AGOSTINHO";"Velocidade Incompatível";"Colisão traseira";"Sem Vítimas";"Plena Noite";"Crescente";"Céu Claro";"Simples";"Reta";"Sim";2;0;0;0;1;1;0;2;-8,21612792;-34,98772817;"SPRF-PE";"DEL01-PE";"UOP03-DEL01-PE"
196198;2019-03-10;"domingo";"18:50:00";"RJ";493;3;"ITABORAI";"Defeito na Via";"Tombamento";"Com Vítimas Feridas";"Plena Noite";"Crescente";"Nublado";"Simples";"Reta";"Sim";1;0;1;0;0;0;1;1;-22,7525329;-42,94160092;"SPRF-RJ";"DEL04-RJ";"UOP02-DEL04-RJ"
196199;2019-03-10;"domingo";"18:20:00";"ES";259;9;"JOAO NEIVA";"Defeito Mecânico no Veículo";"Colisão transversal";"Com Vítimas Feridas";"Plena Noite";"Crescente";"Céu Claro";"Simples";"Reta";"Não";5;0;1;1;3;0;2;2;-19,676977;-40,399796;"SPRF-ES";"DEL02-ES";"UOP01-DEL02-ES"
196201;2019-03-10;"domingo";"16:20:00";"MA";222;670;"ACAILANDIA";"Desobediência às normas de trânsito pelo condutor";"Colisão lateral";"Com Vítimas Feridas";"Pleno dia";"Decrescente";"Céu Claro";"Simples";"Aclive";"Não";2;0;0;1;1;0;1;2;-4,9115858;-47,41511612;"SPRF-MA";"DEL04-MA";"UOP03-DEL04-MA"