"id";"data_inversa";"dia_semana";"horario";"uf";"br";"km";"municipio";"causa_acidente";"tipo_acidente";"classificacao_acidente";"fase_dia";"sentido_via";"condicao_metereologica";"tipo_pista";"tracado_via";"uso_solo";"pessoas";"mortos";"feridos_leves";"feridos_graves";"ilesos";"ignorados";"feridos";"veiculos";"latitude";"longitude";"regional";"delegacia";"uop"
196328;2019-03-11;"segunda-feira";"09:30:00";"SP";116;178,3;"GUARAREMA";"Falta de Atenção à Condução";"Colisão transversal";"Com Vítimas Feridas";"Pleno dia";"Crescente";"Nublado";"Dupla";"Reta";"Não";5;0;4;0;1;0;4;2;-23,327667;-46,128108;"SPRF-SP";"DEL02-SP";"UOP01-DEL02-SP"
196329;2019-03-11;"segunda-feira";"09:15:00";"SP";116;271;"TABOAO DA SERRA";"Desobediência às normas de trânsito pelo condutor";"Colisão transversal";"Com Vítimas Feridas";"Pleno dia";"Decrescente";"Nublado";"Dupla";"Reta";"Não";3;0;1;0;2;0;1;2;-23,61809286;-46,80556302;"SPRF-SP";"DEL04-SP";"UOP01-DEL04-SP"
196331;2019-03-04;"segunda-feira";"06:20:00";"PR";277;636;"CEU AZUL";"Falta de Atenção à Condução";"Saída de leito carroçável";"Com Vítimas Feridas";"Amanhecer";"Crescente";"Céu Claro";"Simples";"Aclive";"Não";5;0;3;2;0;0;5;1;-25,144945;-53,83749;"SPRF-PR";"DEL05-PR";"UOP02-DEL05-PR"
196332;2019-03-11;"segunda-feira";"07:40:00";"SC";282;377;"HERVAL DOESTE";"Falta de Atenção à Condução";"Colisão traseira";"Com Vítimas Feridas";"Pleno dia";"Crescente";"Nublado";"Simples";"Declive;Curva";"Não";3;0;1;0;2;0;1;2;-27,216974;-51,470055;"SPRF-SC";"DEL07-SC";"UOP05-DEL07-SC"
196333;2019-03-11;"segunda-feira";"08:34:00";"MG";381;387,8;"SAO GONCALO DO RIO ABAIXO";"Desobediência às normas de trânsito pelo condutor";"Colisão lateral";"Com Vítimas Feridas";"Pleno dia";"Decrescente";"Garoa/Chuvisco";"Simples";"Reta";"Sim";8;0;2;3;2;1;5;4;-19,82399687;-43,38644743;"SPRF-MG";"DEL01-MG";"UOP01-DEL01-MG"
196334;2019-03-11;"segunda-feira";"09:00:00";"GO";40;97,5;"CRISTALINA";"Falta de Atenção à Condução";"Colisão traseira";"Com Vítimas Feridas";"Pleno dia";"Crescente";"Chuva";"Simples";"Declive;Reta";"Não";2;0;1;0;1;0;1;2;-16,764631;-47,595763;"SPRF-DF";"DEL01-DF";"UOP02-DEL01-DF"
196335;2019-03-11;"segunda-feira";"08:45:00";"SC";282;516;"XAXIM";"Velocidade Incompatível";"Tombamento";"Com Vítimas Feridas";"Pleno dia";"Decrescente";"Nublado";"Simples";"Curva";"Não";1;0;1;0;0;0;1;1;-26,930862;-52,499157;"SPRF-SC";"DEL07-SC";"UOP01-DEL07-SC"
196336;2019-03-01;"sexta-feira";"23:00:00";"MS";267;546,4;"BELA VISTA";"Defeito Mecânico no Veículo";"Saída de leito carroçável";"Com Vítimas Feridas";"Plena Noite";"Crescente";"Céu Claro";"Simples";"Reta";"Não";2;0;1;0;1;0;1;1;-21,626;-56,6955;"SPRF-MS";"DEL05-MS";"UOP01-DEL05-MS"
196337;2019-03-11;"segunda-feira";"10:50:00";"PR";376;248;"APUCARANA";"Mal Súbito";"Colisão traseira";"Com Vítimas Feridas";"Pleno dia";"Decrescente";"Nublado";"Dupla";"Reta";"Não";2;0;1;0;1;0;1;2;-23,62178992;-51,38837894;"SPRF-PR";"DEL07-PR";"UOP03-DEL07-PR"
196338;2019-03-11;"segunda-feira";"10:50:00";"SC";101;36,5;"JOINVILLE";"Falta de Atenção à Condução";"Colisão traseira";"Com Vítimas Feridas";"Pleno dia";"Decrescente";"Nublado";"Dupla";"Reta";"Não";2;0;1;0;1;0;1;2;-26,24573198;-48,9101069;"SPRF-SC";"DEL03-SC";"UOP01-DEL03-SC"
196340;2019-03-11;"segunda-feira";"10:50:00";"PE";101;81,9;"JABOATAO DOS GUARARAPES";"Não guardar distância de segurança";"Colisão traseira";"Com Vítimas Feridas";"Pleno dia";"Crescente";"Céu Claro";"Dupla";"Curva";"Sim";2;0;1;0;1;0;1;2;-8,1597489;-34,94024569;"SPRF-PE";"DEL01-PE";"UOP03-DEL01-PE"
196342;2019-03-11;"segunda-feira";"11:00:00";"SC";470;156;"TROMBUDO CENTRAL";"Velocidade Incompatível";"Saída de leito carroçável";"Com Vítimas Feridas";"Pleno dia";"Crescente";"Nublado";"Simples";"Curva";"Não";1;0;1;0;0;0;1;1;-27,27911975;-49,75776672;"SPRF-SC";"DEL04-SC";"UOP02-DEL04-SC"
196343;2019-03-11;"segunda-feira";"10:50:00";"MG";381;813,7;"CAREACU";"Defeito Mecânico no Veículo";"Queda de ocupante de veículo";"Com Vítimas Feridas";"Pleno dia";"Crescente";"Nublado";"Dupla";"Curva;Declive";"Não";1;0;1;0;0;0;1;1;-22,02050819;-45,68185319;"SPRF-MG";"DEL16-MG";"UOP02-DEL16-MG"
196345;2019-03-11;"segunda-feira";"12:00:00";"PA";316;60;"CASTANHAL";"Falta de Atenção à Condução";"Colisão transversal";"Com Vítimas Feridas";"Pleno dia";"Decrescente";"Chuva";"Dupla";"Retorno Regulamentado";"Sim";3;0;2;0;1;0;2;2;-1,29772957;-47,95528793;"SPRF-PA";"DEL01-PA";"UOP01-DEL01-PA"
196346;2019-03-11;"segunda-feira";"12:00:00";"ES";101;266,3;"SERRA";"Falta de Atenção à Condução";"Colisão transversal";"Com Vítimas Feridas";"Pleno dia";"Crescente";"Sol";"Múltipla";"Interseção de Vias";"Sim";3;0;0;3;0;0;3;3;-20,190199;-40,26828891;"SPRF-ES";"DEL02-ES";"UOP01-DEL02-ES"
196347;2019-03-11;"segunda-feira";"10:20:00";"ES";259;48,8;"COLATINA";"Mal Súbito";"Tombamento";"Com Vítimas Feridas";"Pleno dia";"Decrescente";"Céu Claro";"Simples";"Curva";"Não";1;0;1;0;0;0;1;1;-19,53246635;-40,63127697;"SPRF-ES";"DEL02-ES";"UOP01-DEL02-ES"
196348;2019-03-11;"segunda-feira";"11:40:00";"PA";155;336;"MARABA";"Condutor Dormindo";"Saída de leito carroçável";"Com Vítimas Feridas";"Pleno dia";"Crescente";"Céu Claro";"Simples";"Reta";"Não";3;0;1;0;1;1;1;1;-5,43208099;-49,07610155;"SPRF-PA";"DEL03-PA";"UOP01-DEL03-PA"
196349;2019-03-10;"domingo";"23:00:00";"MT";70;10;"BARRA DO GARCAS";"Ingestão de Álcool";"Saída de leito carroçável";"Com Vítimas Feridas";"Plena Noite";"Crescente";"Céu Claro";"Simples";"Reta";"Não";1;0;1;0;0;0;1;1;-15,87887296;-52,35139847;"SPRF-MT";"DEL07-MT";"UOP01-DEL07-MT"
196350;2019-03-11;"segunda-feira";"11:20:00";"RO";364;710;"PORTO VELHO";"Falta de Atenção à Condução";"Colisão lateral";"Com Vítimas Feridas";"Pleno dia";"Decrescente";"Nublado";"Simples";"Reta";"Sim";2;0;1;0;1;0;1;2;-8,78367361;-63,86251872;"SPRF-RO";"DEL01-RO";"UOP01-DEL01-RO"
196352;2019-03-11;"segunda-feira";"11:30:00";"SC";101;211,8;"PALHOCA";"Não guardar distância de segurança";"Engavetamento";"Com Vítimas Feridas";"Pleno dia";"Decrescente";"Nublado";"Múltipla";"Reta";"Sim";4;0;1;0;3;0;1;3;-27,62329313;-48,65245588;"SPRF-SC";"DEL01-SC";"UOP02-DEL01-SC"
196353;2019-03-11;"segunda-feira";"12:30:00";"RS";158;307;"ITAARA";"Fenômenos da Natureza";"Danos eventuais";"Sem Vítimas";"Pleno dia";"Crescente";"Céu Claro";"Simples";"Reta";"Sim";1;0;0;0;1;0;0;1;-29,58657901;-53,76610319;"SPRF-RS";"DEL09-RS";"UOP01-DEL09-RS"
196354;2019-03-11;"segunda-feira";"13:10:00";"SP";116;212;"GUARULHOS";"Falta de Atenção à Condução";"Colisão traseira";"Sem Vítimas";"Pleno dia";"Crescente";"Céu Claro";"Múltipla";"Declive";"Sim";2;0;0;0;2;0;0;2;-23,43608315;-46,42805094;"SPRF-SP";"DEL01-SP";"UOP01-DEL01-SP"
196358;2019-03-11;"segunda-feira";"13:00:00";"PB";230;48,9;"SANTA RITA";"Falta de Atenção à Condução";"Colisão lateral";"Com Vítimas Feridas";"Pleno dia";"Crescente";"Céu Claro";"Dupla";"Retorno Regulamentado";"Não";3;0;2;0;0;1;2;2;-7,18012455;-35,04763306;"SPRF-PB";"DEL01-PB";"UOP03-DEL01-PB"
196359;2019-03-11;"segunda-feira";"13:30:00";"GO";60;184;"ABADIA DE GOIAS";"Defeito Mecânico no Veículo";"Tombamento";"Com Vítimas Feridas";"Pleno dia";"Crescente";"Nublado";"Dupla";"Reta";"Não";2;0;2;0;0;0;2;1;-16,7899;-49,5019;"SPRF-GO";"DEL01-GO";"UOP02-DEL01-GO"
196360;2019-03-11;"segunda-feira";"13:35:00";"RS";158;324;"SANTA MARIA";"Falta de Atenção à Condução";"Colisão traseira";"Com Vítimas Feridas";"Pleno dia";"Decrescente";"Céu Claro";"Simples";"Interseção de Vias";"Sim";2;0;1;0;1;0;1;2;-29,7016225;-53,79301071;"SPRF-RS";"DEL09-RS";"UOP01-DEL09-RS"
196361;2019-03-11;"segunda-feira";"13:40:00";"SC";101;216,5;"PALHOCA";"Desobediência às normas de trânsito pelo condutor";"Colisão transversal";"Com Vítimas Feridas";"Pleno dia";"Decrescente";"Nublado";"Dupla";"Interseção de Vias";"Sim";2;0;1;0;1;0;1;2;-27,65981409;-48,67747798;"SPRF-SC";"DEL01-SC";"UOP02-DEL01-SC"
196362;2019-03-11;"segunda-feira";"11:50:00";"GO";60;92,3;"ANAPOLIS";"Desobediência às normas de trânsito pelo condutor";"Colisão traseira";"Com Vítimas Feridas";"Pleno dia";"Decrescente";"Céu Claro";"Dupla";"Retorno Regulamentado";"Sim";2;0;1;0;1;0;1;2;-16,3491;-48,9095;"SPRF-GO";"DEL02-GO";"UOP01-DEL02-GO"
196363;2019-03-11;"segunda-feira";"13:10:00";"PR";153;353,2;"REBOUCAS";"Falta de Atenção à Condução";"Saída de leito carroçável";"Com Vítimas Feridas";"Pleno dia";"Crescente";"Céu Claro";"Simples";"Curva";"Não";1;0;1;0;0;0;1;1;-25,62594193;-50,719173;"SPRF-PR";"DEL03-PR";"UOP02-DEL08-PR"
196364;2019-03-11;"segunda-feira";"14:00:00";"SP";116;150,1;"SAO JOSE DOS CAMPOS";"Falta de Atenção à Condução";"Capotamento";"Com Vítimas Feridas";"Pleno dia";"Decrescente";"Garoa/Chuvisco";"Múltipla";"Declive";"Sim";1;0;1;0;0;0;1;1;-23,21184711;-45,89144826;"SPRF-SP";"DEL02-SP";"UOP01-DEL02-SP"
196365;2019-03-11;"segunda-feira";"12:20:00";"MT";364;250;"JUSCIMEIRA";"Defeito Mecânico no Veículo";"Incêndio";"Sem Vítimas";"Pleno dia";"Decrescente";"Sol";"Dupla";"Aclive";"Não";1;0;0;0;1;0;0;1;-16,12029135;-54,85333523;"SPRF-MT";"DEL02-MT";"UOP01-DEL02-MT"
196366;2019-03-11;"segunda-feira";"12:50:00";"RO";174;14;"VILHENA";"Falta de Atenção à Condução";"Colisão lateral";"Com Vítimas Feridas";"Pleno dia";"Crescente";"Céu Claro";"Simples";"Reta";"Não";2;0;1;0;1;0;1;2;-12,73306632;-60,12981255;"SPRF-RO";"DEL04-RO";"UOP01-DEL04-RO"
196368;2019-02-10;"domingo";"23:00:00";"PB";230;406;"POMBAL";"Falta de Atenção à Condução";"Colisão frontal";"Com Vítimas Feridas";"Plena Noite";"Decrescente";"Céu Claro";"Simples";"Reta";"Sim";4;0;1;1;1;1;2;2;-6,7842;-37,7987;"SPRF-PB";"DEL03-PB";"UOP02-DEL03-PB"
196369;2019-03-11;"segunda-feira";"14:40:00";"SC";470;49,6;"BLUMENAU";"Falta de Atenção à Condução";"Colisão transversal";"Com Vítimas Feridas";"Pleno dia";"Crescente";"Nublado";"Simples";"Curva";"Sim";3;0;1;0;2;0;1;3;-26,860662;-49,065159;"SPRF-SC";"DEL04-SC";"UOP01-DEL04-SC"
196375;2019-03-11;"segunda-feira";"14:30:00";"GO";153;513,6;"APARECIDA DE GOIANIA";"Falta de Atenção à Condução";"Saída de leito carroçável";"Com Vítimas Feridas";"Pleno dia";"Crescente";"Céu Claro";"Dupla";"Curva";"Sim";2;0;1;0;1;0;1;1;-16,8244;-49,2421;"SPRF-GO";"DEL01-GO";"UOP03-DEL01-GO"
196378;2019-03-11;"segunda-feira";"14:30:00";"MT";70;522;"VARZEA GRANDE";"Falta de Atenção à Condução";"Queda de ocupante de veículo";"Com Vítimas Feridas";"Pleno dia";"Decrescente";"Nublado";"Simples";"Reta";"Não";1;0;1;0;0;0;1;1;-15,65246154;-56,1926651;"SPRF-MT";"DEL01-MT";"DEL2/4-UOP02/MT"
196381;2019-03-11;"segunda-feira";"16:00:00";"SC";101;206;"SAO JOSE";"Não guardar distância de segurança";"Colisão lateral";"Com Vítimas Feridas";"Pleno dia";"Crescente";"Céu Claro";"Múltipla";"Aclive";"Sim";3;0;2;0;0;1;2;2;-27,59193546;-48,61824557;"SPRF-SC";"DEL01-SC";"UOP01-DEL01-SC"
196382;2019-03-11;"segunda-feira";"14:30:00";"RJ";493;23;"MAGE";"Não guardar distância de segurança";"Engavetamento";"Com Vítimas Feridas";"Pleno dia";"Decrescente";"Céu Claro";"Simples";"Reta";"Sim";4;0;1;0;3;0;1;4;-22,65705297;-43,061742;"SPRF-RJ";"DEL04-RJ";"UOP02-DEL04-RJ"
196383;2019-03-11;"segunda-feira";"14:00:00";"RJ";116;86;"TERESOPOLIS";"Defeito Mecânico no Veículo";"Saída de leito carroçável";"Com Vítimas Feridas";"Pleno dia";"Crescente";"Nublado";"Simples";"Curva";"Não";3;0;2;0;1;0;2;1;-22,43671224;-42,94971377;"SPRF-RJ";"DEL04-RJ";"UOP01-DEL04-RJ"
196384;2019-03-11;"segunda-feira";"16:45:00";"SC";470;147;"RIO DO SUL";"Falta de Atenção à Condução";"Colisão transversal";"Com Vítimas Feridas";"Pleno dia";"Crescente";"Nublado";"Simples";"Curva";"Não";3;0;2;0;1;0;2;2;-27,24516775;-49,69184875;"SPRF-SC";"DEL04-SC";"UOP02-DEL04-SC"
196386;2019-03-11;"segunda-feira";"16:50:00";"GO";153;495,6;"GOIANIA";"Ingestão de Álcool";"Colisão traseira";"Sem Vítimas";"Pleno dia";"Crescente";"Sol";"Simples";"Reta";"Sim";3;0;0;0;3;0;0;3;-16,6681;-49,2263;"SPRF-GO";"DEL01-GO";"UOP01-DEL01-GO"
196387;2019-01-02;"quarta-feira";"10:30:00";"RS";386;173,6;"CARAZINHO";"Não guardar distância de segurança";"Colisão traseira";"Com Vítimas Feridas";"Pleno dia";"Crescente";"Céu Claro";"Simples";"Aclive;Reta";"Não";3;0;2;0;1;0;2;3;-28,258726;-52,794571;"SPRF-RS";"DEL08-RS";"UOP01-DEL08-RS"
196388;2019-03-11;"segunda-feira";"16:10:00";"SP";116;548;"BARRA DO TURVO";"Velocidade Incompatível";"Colisão com objeto estático";"Com Vítimas Feridas";"Pleno dia";"Crescente";"Garoa/Chuvisco";"Simples";"Curva;Declive";"Não";3;0;1;0;2;0;1;1;-24,95393;-48,447268;"SPRF-SP";"DEL05-SP";"UOP02-DEL05-SP"
196391;2019-03-11;"segunda-feira";"17:15:00";"SC";282;392,5;"JOACABA";"Falta de Atenção à Condução";"Colisão traseira";"Com Vítimas Feridas";"Pleno dia";"Crescente";"Chuva";"Simples";"Reta";"Não";3;0;1;0;2;0;1;2;-27,164942;-51,56567;"SPRF-SC";"DEL07-SC";"UOP05-DEL07-SC"
196393;2019-03-11;"segunda-feira";"17:00:00";"RS";285;510,3;"ENTRE-IJUIS";"Falta de Atenção à Condução";"Colisão transversal";"Com Vítimas Feridas";"Pleno dia";"Crescente";"Sol";"Simples";"Reta";"Não";5;0;2;0;3;0;2;2;-28,39683674;-54,37916994;"SPRF-RS";"DEL10-RS";"UOP01-DEL10-RS"
196394;2019-03-11;"segunda-feira";"17:35:00";"ES";101;401;"ITAPEMIRIM";"Falta de Atenção à Condução";"Colisão lateral";"Com Vítimas Feridas";"Pleno dia";"Decrescente";"Céu Claro";"Simples";"Reta";"Não";2;0;1;0;1;0;1;2;-20,88555512;-40,98236676;"SPRF-ES";"DEL03-ES";"UOP02-DEL03-ES"
196395;2019-03-11;"segunda-feira";"16:35:00";"PR";369;482;"CORBELIA";"Defeito Mecânico no Veículo";"Tombamento";"Com Vítimas Feridas";"Pleno dia";"Crescente";"Nublado";"Simples";"Reta";"Não";2;0;2;0;0;0;2;1;-24,6524;-53,2195;"SPRF-PR";"DEL04-PR";"UOP03-DEL04-PR"
196397;2019-03-11;"segunda-feira";"15:30:00";"MT";174;5;"PONTES E LACERDA";"Falta de Atenção à Condução";"Colisão com objeto estático";"Com Vítimas Feridas";"Pleno dia";"Crescente";"Céu Claro";"Simples";"Reta";"Sim";2;0;2;0;0;0;2;1;-15,22588943;-59,31861877;"SPRF-MT";"DEL04-MT";"UOP01-DEL04-MT"
196398;2019-03-11;"segunda-feira";"09:00:00";"PE";316;338,5;"PETROLANDIA";"Desobediência às normas de trânsito pelo condutor";"Colisão traseira";"Com Vítimas Feridas";"Pleno dia";"Decrescente";"Céu Claro";"Simples";"Reta";"Não";7;0;6;0;1;0;6;2;-8,77632707;-38,34362105;"SPRF-PE";"DEL04-PE";"UOP03-DEL04-PE"
196400;2019-03-11;"segunda-feira";"11:35:00";"PE";232;417,8;"SERRA TALHADA";"Falta de Atenção à Condução";"Saída de leito carroçável";"Com Vítimas Feridas";"Pleno dia";"Crescente";"Céu Claro";"Simples";"Reta";"Não";1;0;0;1;0;0;1;1;-8,000298;-38,361745;"SPRF-PE";"DEL04-PE";"UOP01-DEL04-PE"
196401;2019-03-11;"segunda-feira";"17:45:00";"SP";116;217;"GUARULHOS";"Não guardar distância de segurança";"Colisão traseira";"Com Vítimas Feridas";"Anoitecer";"Decrescente";"Nublado";"Múltipla";"Reta";"Sim";3;0;1;0;2;0;1;2;-23,45648038;-46,47668764;"SPRF-SP";"DEL01-SP";"UOP01-DEL01-SP"
196402;2019-03-11;"segunda-feira";"17:45:00";"DF";70;7,7;"BRASILIA";"Falta de Atenção à Condução";"Colisão lateral";"Com Vítimas Feridas";"Anoitecer";"Crescente";"Nublado";"Dupla";"Declive";"Sim";2;0;1;0;1;0;1;2;-15,787601;-48,114429;"SPRF-DF";"DEL01-DF";"UOP02-DEL03-DF"
196403;2019-03-11;"segunda-feira";"17:10:00";"MT";163;993;"TERRA NOVA DO NORTE";"Falta de Atenção à Condução";"Colisão traseira";"Com Vítimas Feridas";"Anoitecer";"Crescente";"Céu Claro";"Simples";"Reta";"Não";2;0;2;0;0;0;2;2;-10,66871497;-55,13684205;"SPRF-MT";"DEL06-MT";"UOP02-DEL06-MT"
196405;2019-03-11;"segunda-feira";"18:15:00";"SC";101;203;"SAO JOSE";"Desobediência às normas de trânsito pelo condutor";"Colisão frontal";"Com Vítimas Feridas";"Pleno dia";"Crescente";"Céu Claro";"Múltipla";"Reta";"Sim";2;0;1;0;1;0;1;2;-27,5650044;-48,61460082;"SPRF-SC";"DEL01-SC";"UOP01-DEL01-SC"
196406;2019-03-11;"segunda-feira";"18:35:00";"DF";60;6;"BRASILIA";"Falta de Atenção à Condução";"Colisão traseira";"Com Vítimas Feridas";"Anoitecer";"Crescente";"Nublado";"Dupla";"Reta";"Sim";2;0;1;0;1;0;1;2;-15,898933;-48,116291;"SPRF-DF";"DEL01-DF";"UOP01-DEL03-DF"
196407;2019-03-11;"segunda-feira";"16:55:00";"MS";163;432;"CAMPO GRANDE";"Ingestão de Álcool";"Colisão lateral";"Sem Vítimas";"Pleno dia";"Crescente";"Céu Claro";"Múltipla";"Reta";"Não";2;0;0;0;2;0;0;2;-20,88288151;-54,50462222;"SPRF-MS";"DEL01-MS";"UOP01-DEL01-MS"
196408;2019-03-11;"segunda-feira";"17:45:00";"GO";153;182;"CAMPINORTE";"Avarias e/ou desgaste excessivo no pneu";"Saída de leito carroçável";"Com Vítimas Feridas";"Pleno dia";"Crescente";"Nublado";"Simples";"Reta";"Não";2;0;1;0;1;0;1;1;-14,360892;-49,158459;"SPRF-GO";"DEL07-GO";"UOP02-DEL07-GO"
196409;2019-03-11;"segunda-feira";"17:10:00";"SC";280;55;"GUARAMIRIM";"Falta de Atenção à Condução";"Colisão transversal";"Com Vítimas Feridas";"Pleno dia";"Crescente";"Nublado";"Simples";"Reta";"Sim";2;0;1;0;1;0;1;2;-26,47584353;-48,9937858;"SPRF-SC";"DEL03-SC";"UOP03-DEL03-SC"
196412;2019-03-11;"segunda-feira";"18:25:00";"PR";277;1;"PARANAGUA";"Falta de Atenção à Condução";"Colisão transversal";"Com Vítimas Feridas";"Plena Noite";"Decrescente";"Nublado";"Simples";"Rotatória";"Sim";2;0;1;0;1;0;1;2;-25,568198;-48,615292;"SPRF-PR";"DEL01-PR";"UOP05-DEL01-PR"
196413;2019-03-11;"segunda-feira";"19:00:00";"GO";70;2;"AGUAS LINDAS DE GOIAS";"Defeito Mecânico no Veículo";"Saída de leito carroçável";"Com Vítimas Feridas";"Plena Noite";"Crescente";"Nublado";"Dupla";"Curva";"Não";2;0;2;0;0;0;2;1;-15,767021;-48,229945;"SPRF-DF";"DEL01-DF";"UOP02-DEL03-DF"
196415;2019-03-11;"segunda-feira";"19:10:00";"PR";476;158,9;"ARAUCARIA";"Falta de Atenção à Condução";"Colisão transversal";"Sem Vítimas";"Anoitecer";"Decrescente";"Nublado";"Simples";"Reta";"Não";2;0;0;0;2;0;0;2;-25,613539;-49,424255;"SPRF-PR";"DEL01-PR";"UOP06-DEL01-PR"
196418;2019-03-11;"segunda-feira";"17:45:00";"RJ";101;289;"ITABORAI";"Não guardar distância de segurança";"Colisão transversal";"Com Vítimas Feridas";"Anoitecer";"Decrescente";"Nublado";"Simples";"Retorno Regulamentado";"Sim";2;0;1;0;0;1;1;2;-22,76376316;-42,85172094;"SPRF-RJ";"DEL02-RJ";"UOP03-DEL02-RJ"
196421;2019-03-11;"segunda-feira";"19:10:00";"PR";376;634;"SAO JOSE DOS PINHAIS";"Restrição de Visibilidade";"Colisão com objeto estático";"Sem Vítimas";"Plena Noite";"Crescente";"Garoa/Chuvisco";"Dupla";"Reta";"Sim";1;0;0;0;1;0;0;1;-25,73029716;-49,13356446;"SPRF-PR";"DEL01-PR";"DEL7/1-UOP08/PR"
196423;2019-03-11;"segunda-feira";"19:00:00";"BA";324;625;"SALVADOR";"Falta de Atenção do Pedestre";"Atropelamento de Pedestre";"Com Vítimas Feridas";"Plena Noite";"Decrescente";"Céu Claro";"Múltipla";"Reta";"Sim";5;0;1;0;4;0;1;5;-12,94194706;-38,47081224;"SPRF-BA";"DEL01-BA";"UOP01-DEL01-BA"
196426;2019-03-11;"segunda-feira";"19:40:00";"MG";365;301;"JOAO PINHEIRO";"Defeito na Via";"Saída de leito carroçável";"Com Vítimas Feridas";"Plena Noite";"Decrescente";"Ignorado";"Simples";"Reta";"Não";4;0;4;0;0;0;4;1;-18,142;-45,749;"SPRF-MG";"DEL10-MG";"UOP01-DEL10-MG"
196427;2019-03-11;"segunda-feira";"20:00:00";"TO";153;140;"ARAGUAINA";"Desobediência às normas de trânsito pelo condutor";"Colisão lateral";"Com Vítimas Feridas";"Anoitecer";"Decrescente";"Céu Claro";"Dupla";"Rotatória";"Sim";2;0;0;1;1;0;1;2;-7,169616;-48,21328;"SPRF-TO";"DEL02-TO";"UOP01-DEL02-TO"
196430;2019-03-11;"segunda-feira";"19:55:00";"RJ";40;90;"PETROPOLIS";"Falta de Atenção do Pedestre";"Atropelamento de Pedestre";"Com Vítimas Feridas";"Plena Noite";"Decrescente";"Garoa/Chuvisco";"Simples";"Reta";"Não";2;0;1;0;1;0;1;2;-22,550738;-43,236397;"SPRF-RJ";"DEL06-RJ";"UOP01-DEL06-RJ"
196432;2019-03-11;"segunda-feira";"18:15:00";"GO";60;113,1;"GOIANAPOLIS";"Pista Escorregadia";"Saída de leito carroçável";"Com Vítimas Feridas";"Anoitecer";"Decrescente";"Chuva";"Dupla";"Reta";"Sim";1;0;1;0;0;0;1;1;-16,4572;-49,0567;"SPRF-GO";"DEL01-GO";"UOP01-DEL01-GO"
196433;2019-03-11;"segunda-feira";"20:15:00";"MG";40;546;"NOVA LIMA";"Falta de Atenção à Condução";"Queda de ocupante de veículo";"Com Vítimas Feridas";"Plena Noite";"Decrescente";"Céu Claro";"Dupla";"Declive";"Não";2;0;1;1;0;0;2;1;-20,01444685;-43,96893823;"SPRF-MG";"DEL01-MG";"UOP02-DEL01-MG"
196434;2019-03-11;"segunda-feira";"18:20:00";"TO";153;135,8;"ARAGUAINA";"Desobediência às normas de trânsito pelo condutor";"Colisão transversal";"Sem Vítimas";"Anoitecer";"Decrescente";"Nublado";"Simples";"Interseção de Vias";"Sim";4;0;0;0;4;0;0;2;-7,13565815;-48,20057457;"SPRF-TO";"DEL02-TO";"UOP01-DEL02-TO"
196436;2019-03-11;"segunda-feira";"20:10:00";"ES";262;2,7;"CARIACICA";"Falta de Atenção à Condução";"Capotamento";"Com Vítimas Feridas";"Plena Noite";"Decrescente";"Céu Claro";"Múltipla";"Reta";"Sim";1;0;1;0;0;0;1;1;-20,33275688;-40,36077696;"SPRF-ES";"DEL01-ES";"UOP01-DEL01-ES"
196437;2019-03-11;"segunda-feira";"17:40:00";"SC";282;378,9;"HERVAL DOESTE";"Velocidade Incompatível";"Saída de leito carroçável";"Com Vítimas Feridas";"Pleno dia";"Crescente";"Chuva";"Simples";"Curva";"Não";1;0;1;0;0;0;1;1;-27,21708277;-51,47000313;"SPRF-SC";"DEL07-SC";"UOP05-DEL07-SC"
196439;2019-03-11;"segunda-feira";"20:35:00";"PR";376;166,4;"MARINGA";"Defeito Mecânico no Veículo";"Tombamento";"Com Vítimas Feridas";"Plena Noite";"Decrescente";"Céu Claro";"Dupla";"Reta";"Não";1;0;1;0;0;0;1;1;-23,39663206;-52,00514304;"SPRF-PR";"DEL07-PR";"UOP01-DEL09-PR"
196440;2019-02-12;"terça-feira";"19:15:00";"SE";101;118;"ITAPORANGA DAJUDA";"Falta de Atenção à Condução";"Colisão transversal";"Com Vítimas Feridas";"Plena Noite";"Crescente";"Céu Claro";"Dupla";"Reta";"Não";5;0;1;2;2;0;3;2;-11,02231785;-37,3257333;"SPRF-SE";"DEL02-SE";"UOP01-DEL02-SE"
196442;2019-03-11;"segunda-feira";"18:50:00";"MG";381;916,1;"CAMANDUCAIA";"Falta de Atenção à Condução";"Colisão traseira";"Com Vítimas Feridas";"Anoitecer";"Crescente";"Nublado";"Dupla";"Reta";"Não";3;0;0;1;2;0;1;2;-22,76274616;-46,17087395;"SPRF-MG";"DEL16-MG";"UOP03-DEL16-MG"
196443;2019-03-11;"segunda-feira";"19:25:00";"PR";277;585,1;"CASCAVEL";"Defeito Mecânico no Veículo";"Tombamento";"Com Vítimas Feridas";"Plena Noite";"Decrescente";"Nublado";"Simples";"Reta";"Sim";1;0;1;0;0;0;1;1;-24,96400704;-53,41227401;"SPRF-PR";"DEL04-PR";"UOP01-DEL04-PR"