"id";"data_inversa";"dia_semana";"horario";"uf";"br";"km";"municipio";"causa_acidente";"tipo_acidente";"classificacao_acidente";"fase_dia";"sentido_via";"condicao_metereologica";"tipo_pista";"tracado_via";"uso_solo";"pessoas";"mortos";"feridos_leves";"feridos_graves";"ilesos";"ignorados";"feridos";"veiculos";"latitude";"longitude";"regional";"delegacia";"uop"
196444;2019-03-11;"segunda-feira";"20:00:00";"PE";232;298,7;"SERTANIA";"Animais na Pista";"Atropelamento de Animal";"Sem Vítimas";"Plena Noite";"Decrescente";"Céu Claro";"Simples";"Reta";"Não";1;0;0;0;1;0;0;1;-8,240058;-37,406851;"SPRF-PE";"DEL03-PE";"UOP02-DEL03-PE"
196447;2019-03-11;"segunda-feira";"20:50:00";"PR";376;600,8;"CURITIBA";"Avarias e/ou desgaste excessivo no pneu";"Colisão traseira";"Sem Vítimas";"Plena Noite";"Decrescente";"Garoa/Chuvisco";"Dupla";"Reta";"Sim";2;0;0;0;2;0;0;2;-25,53195602;-49,32205901;"SPRF-PR";"DEL01-PR";"UOP06-DEL01-PR"
196448;2019-03-11;"segunda-feira";"20:40:00";"SP";116;147;"SAO JOSE DOS CAMPOS";"Ingestão de Álcool";"Colisão com objeto estático";"Com Vítimas Feridas";"Plena Noite";"Decrescente";"Céu Claro";"Múltipla";"Reta";"Sim";1;0;1;0;0;0;1;1;-23,19542994;-45,87176303;"SPRF-SP";"DEL02-SP";"UOP01-DEL02-SP"
196449;2019-03-11;"segunda-feira";"21:20:00";"PB";101;83,2;"BAYEUX";"Animais na Pista";"Atropelamento de Animal";"Com Vítimas Fatais";"Plena Noite";"Crescente";"Céu Claro";"Dupla";"Reta";"Sim";2;2;0;0;0;0;0;1;-7,1337703;-34,92963914;"SPRF-PB";"DEL01-PB";"UOP01-DEL01-PB"
196452;2019-03-11;"segunda-feira";"21:30:00";"PB";101;96,2;"CONDE";"Animais na Pista";"Capotamento";"Com Vítimas Feridas";"Plena Noite";"Crescente";"Céu Claro";"Dupla";"Reta";"Sim";2;0;2;0;0;0;2;1;-7,230921;-34,921149;"SPRF-PB";"DEL01-PB";"UOP01-DEL01-PB"
196453;2019-03-11;"segunda-feira";"18:20:00";"MA";316;610;"TIMON";"Animais na Pista";"Atropelamento de Animal";"Sem Vítimas";"Anoitecer";"Decrescente";"Nublado";"Simples";"Reta";"Não";1;0;0;0;0;1;0;1;-5,069847;-42,876633;"SPRF-MA";"DEL03-MA";"UOP02-DEL03-MA"
196454;2019-03-11;"segunda-feira";"18:05:00";"SC";282;467,2;"PONTE SERRADA";"Não guardar distância de segurança";"Colisão traseira";"Com Vítimas Feridas";"Anoitecer";"Decrescente";"Chuva";"Simples";"Reta";"Não";3;0;1;0;2;0;1;2;-26,854425;-52,096107;"SPRF-SC";"DEL07-SC";"UOP04-DEL07-SC"
196455;2019-03-11;"segunda-feira";"22:15:00";"SP";116;226;"GUARULHOS";"Ingestão de Álcool";"Colisão traseira";"Sem Vítimas";"Plena Noite";"Decrescente";"Garoa/Chuvisco";"Múltipla";"Reta";"Sim";2;0;0;0;2;0;0;2;-23,49102507;-46,54878195;"SPRF-SP";"DEL01-SP";"UOP01-DEL01-SP"
196457;2019-03-11;"segunda-feira";"21:53:00";"RJ";101;297;"ITABORAI";"Falta de Atenção à Condução";"Atropelamento de Pedestre";"Com Vítimas Feridas";"Plena Noite";"Decrescente";"Nublado";"Dupla";"Reta";"Não";2;0;1;0;1;0;1;2;-22,76942037;-42,91873581;"SPRF-RJ";"DEL02-RJ";"DEL5/2-UOP04/RJ"
196458;2019-03-11;"segunda-feira";"23:15:00";"SE";101;28;"JAPARATUBA";"Defeito na Via";"Queda de ocupante de veículo";"Com Vítimas Feridas";"Plena Noite";"Decrescente";"Céu Claro";"Simples";"Reta";"Não";1;0;1;0;0;0;1;1;-10,42854927;-36,93059467;"SPRF-SE";"DEL02-SE";"UOP02-DEL02-SE"
196459;2019-03-11;"segunda-feira";"22:40:00";"RS";386;367,4;"FAZENDA VILANOVA";"Desobediência às normas de trânsito pelo condutor";"Colisão frontal";"Com Vítimas Fatais";"Plena Noite";"Decrescente";"Nublado";"Dupla";"Reta";"Sim";2;1;0;0;1;0;0;2;-29,581799;-51,839783;"SPRF-RS";"DEL04-RS";"UOP02-DEL04-RS"
196460;2019-02-19;"terça-feira";"10:21:00";"MA";135;180;"SAO MATEUS DO MARANHAO";"Desobediência às normas de trânsito pelo condutor";"Colisão transversal";"Com Vítimas Feridas";"Pleno dia";"Crescente";"Céu Claro";"Múltipla";"Reta";"Sim";2;0;0;1;0;1;1;2;-4,03021591;-44,46447551;"SPRF-MA";"DEL01-MA";"UOP02-DEL01-MA"
196461;2019-03-11;"segunda-feira";"23:35:00";"GO";40;8;"VALPARAISO DE GOIAS";"Falta de Atenção à Condução";"Colisão com objeto estático";"Com Vítimas Feridas";"Plena Noite";"Decrescente";"Céu Claro";"Dupla";"Reta";"Sim";1;0;1;0;0;0;1;1;-16,116158;-47,96761;"SPRF-DF";"DEL01-DF";"UOP01-DEL01-DF"
196465;2019-03-11;"segunda-feira";"22:00:00";"MG";116;414;"GOVERNADOR VALADARES";"Falta de Atenção à Condução";"Colisão transversal";"Com Vítimas Feridas";"Plena Noite";"Crescente";"Céu Claro";"Simples";"Reta";"Sim";2;0;1;1;0;0;2;2;-18,88102703;-41,95910802;"SPRF-MG";"DEL06-MG";"UOP01-DEL06-MG"
196467;2019-03-11;"segunda-feira";"23:00:00";"RJ";101;155;"MACAE";"Condutor Dormindo";"Saída de leito carroçável";"Com Vítimas Feridas";"Plena Noite";"Decrescente";"Céu Claro";"Simples";"Reta";"Não";4;0;4;0;0;0;4;1;-22,25963531;-41,84126786;"SPRF-RJ";"DEL02-RJ";"UOP04-DEL08-RJ"
196468;2019-03-12;"terça-feira";"00:21:00";"PR";476;170;"CONTENDA";"Velocidade Incompatível";"Colisão traseira";"Com Vítimas Feridas";"Plena Noite";"Decrescente";"Nublado";"Dupla";"Declive;Reta";"Não";3;0;1;0;1;1;1;3;-25,668074;-49,503948;"SPRF-PR";"DEL01-PR";"UOP06-DEL01-PR"
196470;2019-03-12;"terça-feira";"02:00:00";"PI";343;10,5;"PARNAIBA";"Condutor Dormindo";"Saída de leito carroçável";"Com Vítimas Feridas";"Plena Noite";"Decrescente";"Nublado";"Simples";"Reta";"Sim";1;0;1;0;0;0;1;1;-2,902034;-41,741646;"SPRF-PI";"DEL05-PI";"UOP01-DEL05-PI"
196472;2019-03-11;"segunda-feira";"18:50:00";"MA";10;256,5;"IMPERATRIZ";"Falta de Atenção à Condução";"Colisão lateral";"Com Vítimas Feridas";"Plena Noite";"Crescente";"Céu Claro";"Simples";"Reta";"Sim";1;0;0;1;0;0;1;1;-5,499715;-47,471836;"SPRF-MA";"DEL04-MA";"UOP01-DEL04-MA"
196473;2019-03-12;"terça-feira";"00:34:00";"RO";364;106;"PIMENTA BUENO";"Defeito Mecânico no Veículo";"Incêndio";"Sem Vítimas";"Anoitecer";"Decrescente";"Céu Claro";"Simples";"Reta";"Não";1;0;0;0;1;0;0;1;-12,23970382;-60,68053067;"SPRF-RO";"DEL04-RO";"DEL21/4-UOP03/RO"
196476;2019-03-12;"terça-feira";"05:40:00";"PE";232;113;"BEZERROS";"Desobediência às normas de trânsito pelo condutor";"Colisão transversal";"Com Vítimas Feridas";"Amanhecer";"Decrescente";"Céu Claro";"Dupla";"Reta";"Sim";2;0;0;1;1;0;1;2;-8,29906533;-35,8402169;"SPRF-PE";"DEL02-PE";"UOP03-DEL02-PE"
196478;2019-03-12;"terça-feira";"05:30:00";"PI";230;302;"FLORIANO";"Defeito na Via";"Queda de ocupante de veículo";"Com Vítimas Feridas";"Amanhecer";"Decrescente";"Céu Claro";"Simples";"Curva";"Não";1;0;1;0;0;0;1;1;-6,80935231;-42,95446185;"SPRF-PI";"DEL03-PI";"UOP01-DEL03-PI"
196481;2019-03-12;"terça-feira";"06:50:00";"BA";116;418,9;"FEIRA DE SANTANA";"Não guardar distância de segurança";"Colisão traseira";"Com Vítimas Feridas";"Pleno dia";"Decrescente";"Céu Claro";"Dupla";"Retorno Regulamentado";"Não";2;0;1;0;1;0;1;2;-12,185808;-38,965225;"SPRF-BA";"DEL02-BA";"UOP01-DEL02-BA"
196482;2019-03-12;"terça-feira";"07:00:00";"PB";230;60,1;"CRUZ DO ESPIRITO SANTO";"Velocidade Incompatível";"Capotamento";"Com Vítimas Feridas";"Pleno dia";"Crescente";"Chuva";"Dupla";"Reta";"Não";1;0;1;0;0;0;1;1;-7,20255412;-35,15634835;"SPRF-PB";"DEL01-PB";"UOP03-DEL01-PB"
196483;2019-03-12;"terça-feira";"06:50:00";"RN";101;84;"NATAL";"Falta de Atenção à Condução";"Tombamento";"Com Vítimas Feridas";"Pleno dia";"Crescente";"Chuva";"Múltipla";"Viaduto";"Sim";3;0;1;0;2;0;1;2;-5,774175;-35,2578;"SPRF-RN";"DEL02-RN";"UOP01-DEL02-RN"
196484;2019-03-12;"terça-feira";"07:00:00";"PE";232;7;"RECIFE";"Não guardar distância de segurança";"Colisão traseira";"Com Vítimas Feridas";"Pleno dia";"Decrescente";"Sol";"Dupla";"Reta";"Sim";6;0;2;0;4;0;2;4;-8,07333497;-34,96184301;"SPRF-PE";"DEL01-PE";"UOP01-DEL01-PE"
196485;2019-03-12;"terça-feira";"06:50:00";"RS";116;517;"PELOTAS";"Desobediência às normas de trânsito pelo condutor";"Colisão transversal";"Com Vítimas Feridas";"Amanhecer";"Decrescente";"Nublado";"Simples";"Interseção de Vias";"Sim";2;0;0;1;1;0;1;2;-31,67908686;-52,34256731;"SPRF-RS";"DEL07-RS";"UOP01-DEL07-RS"
196486;2019-03-12;"terça-feira";"07:00:00";"DF";251;7,8;"BRASILIA";"Condutor Dormindo";"Colisão frontal";"Com Vítimas Fatais";"Amanhecer";"Crescente";"Céu Claro";"Simples";"Curva";"Não";22;2;19;0;1;0;19;2;-15,998561;-47,565559;"SPRF-DF";"DEL01-DF";"UOP01-DEL01-DF"
196487;2019-03-12;"terça-feira";"07:15:00";"RN";405;155;"PAU DOS FERROS";"Desobediência às normas de trânsito pelo condutor";"Colisão frontal";"Com Vítimas Feridas";"Pleno dia";"Crescente";"Sol";"Simples";"Reta";"Sim";2;0;1;0;1;0;1;2;-6,14970137;-38,20583544;"SPRF-RN";"DEL04-RN";"UOP02-DEL04-RN"
196488;2019-03-12;"terça-feira";"07:10:00";"RJ";116;168,8;"SAO JOAO DE MERITI";"Falta de Atenção à Condução";"Colisão lateral";"Com Vítimas Feridas";"Pleno dia";"Decrescente";"Céu Claro";"Múltipla";"Reta";"Sim";2;0;1;0;1;0;1;2;-22,819969;-43,31499997;"SPRF-RJ";"DEL01-RJ";"UOP02-DEL01-RJ"
196490;2019-02-08;"sexta-feira";"07:20:00";"BA";324;493,5;"FEIRA DE SANTANA";"Falta de Atenção à Condução";"Tombamento";"Com Vítimas Feridas";"Pleno dia";"Decrescente";"Céu Claro";"Simples";"Reta";"Sim";2;0;0;1;1;0;1;2;-12,06085496;-38,97264048;"SPRF-BA";"DEL02-BA";"UOP01-DEL02-BA"
196491;2019-03-12;"terça-feira";"07:55:00";"PR";277;77;"CURITIBA";"Falta de Atenção do Pedestre";"Atropelamento de Pedestre";"Com Vítimas Feridas";"Pleno dia";"Crescente";"Nublado";"Dupla";"Reta";"Sim";2;0;1;0;1;0;1;2;-25,48448315;-49,18858186;"SPRF-PR";"DEL01-PR";"UOP01-DEL01-PR"
196494;2019-03-12;"terça-feira";"08:15:00";"PE";408;56,1;"NAZARE DA MATA";"Falta de Atenção à Condução";"Colisão traseira";"Com Vítimas Feridas";"Pleno dia";"Crescente";"Céu Claro";"Simples";"Reta";"Sim";3;0;2;0;1;0;2;2;-7,77994878;-35,23919365;"SPRF-PE";"DEL01-PE";"UOP01-DEL01-PE"
196495;2019-03-12;"terça-feira";"08:00:00";"SC";101;73;"ARAQUARI";"Falta de Atenção à Condução";"Colisão com objeto estático";"Com Vítimas Feridas";"Pleno dia";"Crescente";"Céu Claro";"Dupla";"Curva";"Não";1;0;1;0;0;0;1;1;-26,53567108;-48,71326731;"SPRF-SC";"DEL03-SC";"UOP02-DEL03-SC"
196499;2019-03-12;"terça-feira";"08:25:00";"GO";153;507;"APARECIDA DE GOIANIA";"Defeito Mecânico no Veículo";"Tombamento";"Com Vítimas Feridas";"Pleno dia";"Decrescente";"Nublado";"Dupla";"Reta";"Sim";2;0;1;1;0;0;2;1;-16,7715;-49,2387;"SPRF-GO";"DEL01-GO";"UOP03-DEL01-GO"
196502;2019-02-25;"segunda-feira";"03:50:00";"PI";222;28,1;"SAO JOAO DA FRONTEIRA";"Animais na Pista";"Atropelamento de Animal";"Com Vítimas Feridas";"Plena Noite";"Crescente";"Nevoeiro/Neblina";"Simples";"Reta";"Não";8;0;0;8;0;0;8;2;-4,00908;-41,456379;"SPRF-PI";"DEL02-PI";"UOP01-DEL02-PI"
196505;2019-03-12;"terça-feira";"08:50:00";"PR";153;40,9;"SANTO ANTONIO DA PLATINA";"Desobediência às normas de trânsito pelo condutor";"Colisão com objeto em movimento";"Com Vítimas Feridas";"Pleno dia";"Crescente";"Céu Claro";"Simples";"Reta";"Sim";3;0;1;0;0;2;1;3;-23,28047798;-50,0559307;"SPRF-PR";"DEL07-PR";"UOP04-DEL07-PR"
196506;2019-03-12;"terça-feira";"09:40:00";"PA";316;60;"CASTANHAL";"Não guardar distância de segurança";"Engavetamento";"Sem Vítimas";"Pleno dia";"Decrescente";"Céu Claro";"Dupla";"Reta";"Sim";3;0;0;0;3;0;0;3;-1,29761688;-47,94272661;"SPRF-PA";"DEL01-PA";"UOP01-DEL01-PA"
196507;2019-03-12;"terça-feira";"09:10:00";"PB";101;12,8;"MAMANGUAPE";"Pista Escorregadia";"Saída de leito carroçável";"Com Vítimas Feridas";"Pleno dia";"Decrescente";"Garoa/Chuvisco";"Dupla";"Curva;Declive";"Sim";1;0;1;0;0;0;1;1;-6,60110408;-35,14339905;"SPRF-PB";"DEL01-PB";"UOP04-DEL01-PB"
196508;2019-03-12;"terça-feira";"10:00:00";"SC";101;205,1;"SAO JOSE";"Falta de Atenção à Condução";"Queda de ocupante de veículo";"Com Vítimas Feridas";"Pleno dia";"Decrescente";"Garoa/Chuvisco";"Múltipla";"Reta";"Sim";2;0;1;0;1;0;1;1;-27,58313237;-48,61532885;"SPRF-SC";"DEL01-SC";"UOP01-DEL01-SC"
196509;2019-03-12;"terça-feira";"09:23:00";"RO";364;239;"CACOAL";"Falta de Atenção à Condução";"Colisão traseira";"Com Vítimas Feridas";"Pleno dia";"Decrescente";"Nublado";"Simples";"Rotatória";"Sim";2;0;1;0;1;0;1;2;-11,43425083;-61,46267289;"SPRF-RO";"DEL02-RO";"UOP02-DEL02-RO"
196510;2019-03-12;"terça-feira";"09:10:00";"CE";222;312,7;"TIANGUA";"Desobediência às normas de trânsito pelo condutor";"Colisão transversal";"Com Vítimas Feridas";"Pleno dia";"Crescente";"Céu Claro";"Simples";"Reta";"Sim";2;0;1;0;1;0;1;2;-3,71699311;-40,9914242;"SPRF-CE";"DEL04-CE";"UOP02-DEL04-CE"
196513;2019-03-12;"terça-feira";"08:30:00";"SC";101;216;"PALHOCA";"Falta de Atenção à Condução";"Colisão lateral";"Com Vítimas Feridas";"Pleno dia";"Crescente";"Chuva";"Dupla";"Reta";"Sim";2;0;1;0;1;0;1;2;-27,65981409;-48,67747798;"SPRF-SC";"DEL01-SC";"UOP02-DEL01-SC"
196514;2019-03-12;"terça-feira";"10:00:00";"CE";222;3,8;"CAUCAIA";"Falta de Atenção à Condução";"Colisão lateral";"Com Vítimas Feridas";"Pleno dia";"Crescente";"Céu Claro";"Dupla";"Declive;Interseção de Vias;Reta";"Sim";2;0;1;0;1;0;1;2;-3,7403769;-38,59569202;"SPRF-CE";"DEL01-CE";"UOP01-DEL01-CE"
196515;2019-03-12;"terça-feira";"11:00:00";"MG";40;483;"SETE LAGOAS";"Defeito Mecânico no Veículo";"Capotamento";"Sem Vítimas";"Pleno dia";"Decrescente";"Sol";"Dupla";"Curva";"Não";2;0;0;0;2;0;0;1;-19,56753;-44,23715;"SPRF-MG";"DEL02-MG";"UOP01-DEL02-MG"
196516;2019-03-12;"terça-feira";"10:39:00";"SC";280;57,3;"GUARAMIRIM";"Falta de Atenção à Condução";"Tombamento";"Com Vítimas Feridas";"Pleno dia";"Crescente";"Chuva";"Simples";"Reta";"Não";1;0;1;0;0;0;1;1;-26,47811421;-49,01259213;"SPRF-SC";"DEL03-SC";"UOP03-DEL03-SC"
196517;2019-03-12;"terça-feira";"10:45:00";"ES";101;339,1;"GUARAPARI";"Falta de Atenção à Condução";"Colisão com objeto estático";"Com Vítimas Feridas";"Pleno dia";"Decrescente";"Sol";"Simples";"Curva;Ponte";"Não";2;0;2;0;0;0;2;1;-20,64347205;-40,55826601;"SPRF-ES";"DEL03-ES";"UOP01-DEL03-ES"
196518;2019-03-12;"terça-feira";"09:10:00";"MG";262;811;"UBERABA";"Não guardar distância de segurança";"Colisão traseira";"Com Vítimas Feridas";"Pleno dia";"Decrescente";"Céu Claro";"Simples";"Reta";"Não";2;0;2;0;0;0;2;2;-19,76527861;-48,11638905;"SPRF-MG";"DEL13-MG";"UOP01-DEL13-MG"
196519;2019-03-12;"terça-feira";"10:00:00";"SC";101;214,7;"PALHOCA";"Falta de Atenção à Condução";"Colisão traseira";"Com Vítimas Feridas";"Pleno dia";"Crescente";"Chuva";"Dupla";"Reta";"Sim";5;0;3;0;2;0;3;4;-27,65981409;-48,67747798;"SPRF-SC";"DEL01-SC";"UOP02-DEL01-SC"
196520;2019-03-09;"sábado";"04:05:00";"SC";282;212;"PALHOCA";"Ultrapassagem Indevida";"Colisão com objeto estático";"Com Vítimas Feridas";"Plena Noite";"Crescente";"Nublado";"Múltipla";"Reta";"Sim";2;0;1;0;0;1;1;2;-27,63370869;-48,66273344;"SPRF-SC";"DEL05-SC";"UOP01-DEL05-SC"
196521;2019-03-12;"terça-feira";"10:25:00";"SC";116;208,9;"PONTE ALTA";"Falta de Atenção à Condução";"Colisão frontal";"Com Vítimas Feridas";"Pleno dia";"Decrescente";"Céu Claro";"Simples";"Reta";"Não";2;0;1;0;1;0;1;2;-27,4897408;-50,3755616;"SPRF-SC";"DEL05-SC";"UOP03-DEL05-SC"
196523;2019-03-12;"terça-feira";"11:50:00";"SC";101;265;"PAULO LOPES";"Velocidade Incompatível";"Tombamento";"Com Vítimas Feridas";"Pleno dia";"Crescente";"Chuva";"Múltipla";"Declive;Reta;Viaduto";"Sim";1;0;1;0;0;0;1;1;-28,06944321;-48,7143445;"SPRF-SC";"DEL02-SC";"UOP03-DEL02-SC"
196524;2019-03-12;"terça-feira";"12:00:00";"SC";101;194,2;"BIGUACU";"Não guardar distância de segurança";"Colisão traseira";"Sem Vítimas";"Pleno dia";"Decrescente";"Chuva";"Múltipla";"Reta";"Não";2;0;0;0;2;0;0;2;-27,49815117;-48,65661236;"SPRF-SC";"DEL01-SC";"UOP01-DEL01-SC"
196525;2019-03-12;"terça-feira";"07:15:00";"MA";135;20;"SAO LUIS";"Desobediência às normas de trânsito pelo condutor";"Colisão lateral";"Com Vítimas Feridas";"Pleno dia";"Decrescente";"Céu Claro";"Dupla";"Reta";"Sim";2;0;1;0;1;0;1;2;-2,53073;-44,3068;"SPRF-MA";"DEL01-MA";"UOP01-DEL01-MA"
196526;2019-03-12;"terça-feira";"11:30:00";"BA";101;242,8;"CONCEICAO DO ALMEIDA";"Defeito Mecânico no Veículo";"Capotamento";"Com Vítimas Feridas";"Pleno dia";"Crescente";"Céu Claro";"Simples";"Curva";"Não";1;0;0;1;0;0;1;1;-12,80428445;-39,19538319;"SPRF-BA";"DEL01-BA";"UOP02-DEL01-BA"
196527;2019-03-12;"terça-feira";"10:40:00";"RJ";101;334;"RIO DE JANEIRO";"Falta de Atenção à Condução";"Colisão traseira";"Com Vítimas Feridas";"Pleno dia";"Crescente";"Céu Claro";"Dupla";"Curva";"Não";2;0;0;1;1;0;1;2;-22,88517902;-43,21704364;"SPRF-RJ";"DEL02-RJ";"UOP02-DEL02-RJ"
196528;2019-03-12;"terça-feira";"13:40:00";"SP";381;42,5;"ATIBAIA";"Não guardar distância de segurança";"Colisão lateral";"Com Vítimas Feridas";"Pleno dia";"Decrescente";"Céu Claro";"Dupla";"Reta";"Não";2;0;1;0;1;0;1;2;-23,147306;-46,57493202;"SPRF-SP";"DEL03-SP";"UOP01-DEL03-SP"
196530;2019-03-12;"terça-feira";"07:30:00";"MS";463;48;"PONTA PORA";"Falta de Atenção à Condução";"Saída de leito carroçável";"Com Vítimas Feridas";"Pleno dia";"Decrescente";"Chuva";"Simples";"Reta";"Não";1;0;1;0;0;0;1;1;-22,35737884;-55,22449493;"SPRF-MS";"DEL04-MS";"UOP03-DEL04-MS"
196531;2019-03-12;"terça-feira";"12:35:00";"RJ";40;112;"DUQUE DE CAXIAS";"Defeito na Via";"Queda de ocupante de veículo";"Com Vítimas Feridas";"Pleno dia";"Decrescente";"Nublado";"Simples";"Interseção de Vias";"Não";1;0;1;0;0;0;1;1;-22,70565137;-43,29057455;"SPRF-RJ";"DEL01-RJ";"UOP01-DEL01-RJ"
196532;2019-03-12;"terça-feira";"11:05:00";"SC";153;106;"CONCORDIA";"Velocidade Incompatível";"Saída de leito carroçável";"Com Vítimas Feridas";"Pleno dia";"Decrescente";"Chuva";"Simples";"Curva";"Não";1;0;1;0;0;0;1;1;-27,290276;-51,967644;"SPRF-SC";"DEL07-SC";"UOP04-DEL07-SC"
196533;2019-03-12;"terça-feira";"11:50:00";"MT";163;850;"SINOP";"Falta de Atenção à Condução";"Capotamento";"Com Vítimas Feridas";"Pleno dia";"Crescente";"Céu Claro";"Simples";"Reta";"Sim";1;0;1;0;0;0;1;1;-11,85542504;-55,49368385;"SPRF-MT";"DEL06-MT";"UOP02-DEL06-MT"
196535;2019-03-12;"terça-feira";"12:00:00";"SC";101;123;"ITAJAI";"Falta de Atenção à Condução";"Colisão lateral";"Com Vítimas Feridas";"Pleno dia";"Decrescente";"Chuva";"Simples";"Interseção de Vias";"Não";2;0;1;0;1;0;1;2;-26,93668609;-48,69876905;"SPRF-SC";"DEL04-SC";"UOP04-DEL04-SC"
196537;2019-03-12;"terça-feira";"13:25:00";"RJ";116;143,4;"DUQUE DE CAXIAS";"Pista Escorregadia";"Tombamento";"Com Vítimas Feridas";"Pleno dia";"Decrescente";"Nublado";"Simples";"Reta";"Sim";1;0;1;0;0;0;1;1;-22,67215464;-43,28029633;"SPRF-RJ";"DEL04-RJ";"UOP02-DEL04-RJ"
196539;2019-02-13;"quarta-feira";"07:50:00";"PR";280;276;"FLOR DA SERRA DO SUL";"Restrição de Visibilidade";"Colisão frontal";"Com Vítimas Feridas";"Amanhecer";"Crescente";"Céu Claro";"Simples";"Reta";"Não";5;0;3;1;1;0;4;2;-26,250265;-53,3354;"SPRF-PR";"DEL02-PR";"UOP01-DEL02-PR"
196541;2019-03-12;"terça-feira";"14:20:00";"SC";101;148,9;"ITAPEMA";"Desobediência às normas de trânsito pelo condutor";"Colisão lateral";"Com Vítimas Feridas";"Pleno dia";"Crescente";"Chuva";"Simples";"Reta";"Sim";3;0;1;0;1;1;1;3;-27,10123686;-48,61807962;"SPRF-SC";"DEL04-SC";"UOP03-DEL04-SC"
196542;2019-03-12;"terça-feira";"13:20:00";"RO";364;239,1;"CACOAL";"Desobediência às normas de trânsito pelo condutor";"Colisão transversal";"Com Vítimas Feridas";"Pleno dia";"Decrescente";"Céu Claro";"Simples";"Reta";"Sim";2;0;2;0;0;0;2;2;-11,43425083;-61,46267289;"SPRF-RO";"DEL02-RO";"UOP02-DEL02-RO"
196543;2019-03-12;"terça-feira";"14:20:00";"PR";277;68;"SAO JOSE DOS PINHAIS";"Não guardar distância de segurança";"Queda de ocupante de veículo";"Com Vítimas Feridas";"Pleno dia";"Crescente";"Garoa/Chuvisco";"Dupla";"Em Obras;Reta";"Não";1;0;1;0;0;0;1;1;-25,54112281;-49,06183391;"SPRF-PR";"DEL01-PR";"UOP07-DEL01-PR"
196544;2019-03-12;"terça-feira";"12:20:00";"SC";470;103,1;"APIUNA";"Falta de Atenção à Condução";"Colisão transversal";"Com Vítimas Feridas";"Pleno dia";"Crescente";"Chuva";"Simples";"Reta";"Não";2;0;2;0;0;0;2;2;-27,06481693;-49,40154428;"SPRF-SC";"DEL04-SC";"UOP02-DEL04-SC"
196546;2019-03-12;"terça-feira";"14:50:00";"DF";20;11,7;"BRASILIA";"Desobediência às normas de trânsito pelo condutor";"Queda de ocupante de veículo";"Com Vítimas Feridas";"Pleno dia";"Decrescente";"Nublado";"Dupla";"Retorno Regulamentado;Reta";"Sim";3;0;1;0;1;1;1;3;-15,64360537;-47,76002795;"SPRF-DF";"DEL02-DF";"UOP01-DEL02-DF"
196549;2019-03-12;"terça-feira";"12:00:00";"GO";20;130;"FLORES DE GOIAS";"Velocidade Incompatível";"Saída de leito carroçável";"Com Vítimas Feridas";"Pleno dia";"Decrescente";"Céu Claro";"Simples";"Reta";"Não";2;0;0;2;0;0;2;1;-14,84403;-46,738926;"SPRF-DF";"DEL02-DF";"UOP03-DEL02-DF"
196550;2019-03-12;"terça-feira";"15:30:00";"DF";70;13,7;"BRASILIA";"Falta de Atenção à Condução";"Queda de ocupante de veículo";"Com Vítimas Feridas";"Pleno dia";"Crescente";"Chuva";"Simples";"Curva";"Sim";1;0;1;0;0;0;1;1;-15,794558;-48,166584;"SPRF-DF";"DEL01-DF";"UOP02-DEL03-DF"
196551;2019-03-12;"terça-feira";"15:39:00";"PR";376;112;"PARANAVAI";"Falta de Atenção à Condução";"Queda de ocupante de veículo";"Com Vítimas Feridas";"Pleno dia";"Crescente";"Céu Claro";"Simples";"Em Obras";"Não";1;0;1;0;0;0;1;1;-23,09343108;-52,38419702;"SPRF-PR";"DEL07-PR";"UOP02-DEL09-PR"
196553;2019-03-12;"terça-feira";"14:55:00";"GO";50;171,8;"CAMPO ALEGRE DE GOIAS";"Velocidade Incompatível";"Saída de leito carroçável";"Com Vítimas Feridas";"Pleno dia";"Crescente";"Chuva";"Dupla";"Reta";"Não";1;0;1;0;0;0;1;1;-17,3353;-47,7889;"SPRF-GO";"DEL06-GO";"UOP01-DEL06-GO"
196554;2019-03-12;"terça-feira";"12:45:00";"RR";174;505;"BOA VISTA";"Falta de Atenção à Condução";"Colisão transversal";"Com Vítimas Feridas";"Pleno dia";"Decrescente";"Céu Claro";"Dupla";"Reta";"Sim";2;0;1;0;1;0;1;2;2,82100376;-60,69511067;"SPRF-RR";"DEL01-RR";"UOP01-DEL01-RR"
196556;2019-03-12;"terça-feira";"13:10:00";"RJ";40;72,9;"PETROPOLIS";"Falta de Atenção à Condução";"Atropelamento de Pedestre";"Com Vítimas Fatais";"Pleno dia";"Crescente";"Nublado";"Simples";"Aclive;Curva";"Não";4;1;0;0;3;0;0;2;-22,4585308;-43,21600514;"SPRF-RJ";"DEL06-RJ";"UOP01-DEL06-RJ"
196558;2019-03-12;"terça-feira";"15:05:00";"GO";60;93;"ANAPOLIS";"Objeto estático sobre o leito carroçável";"Colisão com objeto estático";"Com Vítimas Feridas";"Pleno dia";"Decrescente";"Céu Claro";"Dupla";"Viaduto";"Sim";1;0;1;0;0;0;1;1;-16,3538;-48,9268;"SPRF-GO";"DEL02-GO";"UOP01-DEL02-GO"
196559;2019-03-12;"terça-feira";"15:40:00";"SP";153;17,1;"NOVA GRANADA";"Mal Súbito";"Saída de leito carroçável";"Com Vítimas Fatais";"Pleno dia";"Crescente";"Céu Claro";"Simples";"Declive";"Não";2;1;0;0;0;1;0;2;-20,43554595;-49,2770591;"SPRF-SP";"DEL09-SP";"UOP01-DEL09-SP"