"id";"data_inversa";"dia_semana";"horario";"uf";"br";"km";"municipio";"causa_acidente";"tipo_acidente";"classificacao_acidente";"fase_dia";"sentido_via";"condicao_metereologica";"tipo_pista";"tracado_via";"uso_solo";"pessoas";"mortos";"feridos_leves";"feridos_graves";"ilesos";"ignorados";"feridos";"veiculos";"latitude";"longitude";"regional";"delegacia";"uop"
196820;2019-03-13;"quarta-feira";"21:30:00";"ES";259;70;"COLATINA";"Falta de Atenção à Condução";"Colisão frontal";"Sem Vítimas";"Plena Noite";"Crescente";"Céu Claro";"Simples";"Reta";"Não";2;0;0;0;2;0;0;2;-19,4960282;-40,75527103;"SPRF-ES";"DEL02-ES";"UOP01-DEL02-ES"
196821;2019-03-13;"quarta-feira";"22:50:00";"TO";153;152,6;"ARAGUAINA";"Desobediência às normas de trânsito pelo condutor";"Colisão transversal";"Com Vítimas Fatais";"Plena Noite";"Crescente";"Nublado";"Simples";"Reta";"Não";4;1;0;1;2;0;1;2;-7,264632;-48,262614;"SPRF-TO";"DEL02-TO";"UOP01-DEL02-TO"
196822;2019-03-13;"quarta-feira";"23:00:00";"SC";101;206;"SAO JOSE";"Desobediência às normas de trânsito pelo condutor";"Tombamento";"Com Vítimas Feridas";"Pleno dia";"Decrescente";"Garoa/Chuvisco";"Múltipla";"Reta";"Sim";2;0;2;0;0;0;2;1;-27,59193546;-48,61824557;"SPRF-SC";"DEL01-SC";"UOP01-DEL01-SC"
196824;2019-03-13;"quarta-feira";"23:24:00";"SC";101;206;"SAO JOSE";"Falta de Atenção à Condução";"Tombamento";"Com Vítimas Feridas";"Plena Noite";"Decrescente";"Nublado";"Múltipla";"Reta";"Sim";1;0;1;0;0;0;1;1;-27,59193546;-48,61824557;"SPRF-SC";"DEL01-SC";"UOP01-DEL01-SC"
196825;2019-03-13;"quarta-feira";"20:00:00";"SC";116;56,1;"PAPANDUVA";"Falta de Atenção à Condução";"Colisão traseira";"Sem Vítimas";"Plena Noite";"Crescente";"Céu Claro";"Simples";"Reta";"Sim";2;0;0;0;2;0;0;2;-26,38887295;-50,18345597;"SPRF-SC";"DEL06-SC";"UOP02-DEL06-SC"
196826;2019-03-13;"quarta-feira";"11:10:00";"SC";101;324,7;"CAPIVARI DE BAIXO";"Ingestão de Álcool";"Colisão transversal";"Com Vítimas Feridas";"Pleno dia";"Decrescente";"Céu Claro";"Simples";"Viaduto";"Sim";2;0;1;0;1;0;1;2;-28,42890047;-48,92285509;"SPRF-SC";"DEL02-SC";"UOP01-DEL02-SC"
196828;2019-03-13;"quarta-feira";"17:20:00";"SC";282;387,4;"JOACABA";"Falta de Atenção à Condução";"Saída de leito carroçável";"Com Vítimas Feridas";"Pleno dia";"Crescente";"Ignorado";"Simples";"Aclive;Reta";"Sim";1;0;0;1;0;0;1;1;-27,178274;-51,524025;"SPRF-SC";"DEL07-SC";"UOP05-DEL07-SC"
196829;2019-03-14;"quinta-feira";"00:06:00";"MG";262;820,9;"UBERABA";"Ingestão de álcool e/ou substâncias psicoativas pelo pedestre";"Saída de leito carroçável";"Sem Vítimas";"Plena Noite";"Crescente";"Céu Claro";"Dupla";"Reta";"Não";1;0;0;0;1;0;0;1;-19,76254367;-48,09348822;"SPRF-MG";"DEL13-MG";"UOP01-DEL13-MG"
196831;2019-03-13;"quarta-feira";"23:00:00";"MG";40;522,1;"CONTAGEM";"Não guardar distância de segurança";"Colisão traseira";"Com Vítimas Fatais";"Plena Noite";"Decrescente";"Céu Claro";"Dupla";"Reta";"Sim";1;1;0;0;0;0;0;1;-19,8638731;-44,06749809;"SPRF-MG";"DEL01-MG";"UOP03-DEL01-MG"
196833;2019-03-13;"quarta-feira";"21:30:00";"SC";282;406;"CATANDUVAS";"Falta de Atenção à Condução";"Tombamento";"Com Vítimas Feridas";"Plena Noite";"Crescente";"Garoa/Chuvisco";"Simples";"Rotatória";"Não";1;0;1;0;0;0;1;1;-27,092703;-51,659904;"SPRF-SC";"DEL07-SC";"UOP05-DEL07-SC"
196835;2019-03-13;"quarta-feira";"23:00:00";"MG";153;22;"CENTRALINA";"Ingestão de Álcool";"Saída de leito carroçável";"Sem Vítimas";"Plena Noite";"Crescente";"Céu Claro";"Dupla";"Reta";"Não";1;0;0;0;1;0;0;1;-18,61511099;-49,19148491;"SPRF-MG";"DEL15-MG";"UOP03-DEL15-MG"
196837;2019-03-14;"quinta-feira";"00:45:00";"PE";101;32;"ITAPISSUMA";"Não guardar distância de segurança";"Colisão traseira";"Com Vítimas Feridas";"Plena Noite";"Decrescente";"Céu Claro";"Dupla";"Reta";"Sim";4;0;1;0;1;2;1;2;-7,75294197;-34,93621562;"SPRF-PE";"DEL01-PE";"UOP02-DEL01-PE"
196845;2019-03-14;"quinta-feira";"04:00:00";"MG";40;370,6;"FELIXLANDIA";"Condutor Dormindo";"Saída de leito carroçável";"Com Vítimas Feridas";"Amanhecer";"Crescente";"Céu Claro";"Simples";"Reta;Aclive";"Não";1;0;1;0;0;0;1;1;-18,81525136;-44,79064839;"SPRF-MG";"DEL02-MG";"UOP01-DEL02-MG"
196846;2019-03-14;"quinta-feira";"05:09:00";"SP";116;144,3;"SAO JOSE DOS CAMPOS";"Ingestão de Álcool";"Colisão com objeto estático";"Com Vítimas Feridas";"Plena Noite";"Decrescente";"Nublado";"Múltipla";"Declive;Reta";"Não";2;0;1;0;1;0;1;1;-23,18274416;-45,84633592;"SPRF-SP";"DEL02-SP";"UOP01-DEL02-SP"
196849;2019-03-14;"quinta-feira";"05:45:00";"SC";470;242,7;"CURITIBANOS";"Falta de Atenção à Condução";"Saída de leito carroçável";"Com Vítimas Feridas";"Amanhecer";"Decrescente";"Nublado";"Simples";"Rotatória";"Não";2;0;1;0;1;0;1;1;-27,31474955;-50,51600575;"SPRF-SC";"DEL05-SC";"UOP03-DEL05-SC"
196852;2019-03-14;"quinta-feira";"04:55:00";"PR";476;128,2;"CURITIBA";"Ingestão de Álcool";"Colisão com objeto estático";"Sem Vítimas";"Amanhecer";"Crescente";"Céu Claro";"Simples";"Reta";"Sim";1;0;0;0;1;0;0;1;-25,433048;-49,23156;"SPRF-PR";"DEL01-PR";"UOP07-DEL01-PR"
196853;2019-03-09;"sábado";"11:30:00";"PR";476;132;"CURITIBA";"Falta de Atenção à Condução";"Tombamento";"Com Vítimas Feridas";"Pleno dia";"Crescente";"Céu Claro";"Múltipla";"Reta";"Não";1;0;1;0;0;0;1;1;-25,460718;-49,250488;"SPRF-PR";"DEL01-PR";"UOP07-DEL01-PR"
196854;2019-03-14;"quinta-feira";"06:40:00";"PE";101;93;"CABO DE SANTO AGOSTINHO";"Falta de Atenção à Condução";"Colisão traseira";"Com Vítimas Feridas";"Pleno dia";"Crescente";"Nublado";"Simples";"Reta";"Não";3;0;1;0;2;0;1;3;-8,2396419;-35,00335418;"SPRF-PE";"DEL01-PE";"UOP03-DEL01-PE"
196856;2019-03-14;"quinta-feira";"07:25:00";"RS";116;2;"PORTO ALEGRE";"Não guardar distância de segurança";"Colisão traseira";"Com Vítimas Feridas";"Pleno dia";"Crescente";"Sol";"Dupla";"Reta";"Sim";2;0;1;0;1;0;1;2;-29,98868645;-51,18267601;"SPRF-RS";"DEL05-RS";"UOP03-DEL05-RS"
196857;2019-03-14;"quinta-feira";"07:00:00";"SP";381;73,4;"SAO PAULO";"Falta de Atenção à Condução";"Tombamento";"Com Vítimas Feridas";"Pleno dia";"Crescente";"Céu Claro";"Múltipla";"Curva";"Não";1;0;1;0;0;0;1;1;-23,36553404;-46,55253934;"SPRF-SP";"DEL03-SP";"UOP01-DEL03-SP"
196858;2019-03-14;"quinta-feira";"07:30:00";"ES";101;269,8;"SERRA";"Velocidade Incompatível";"Colisão lateral";"Com Vítimas Feridas";"Pleno dia";"Crescente";"Céu Claro";"Dupla";"Reta";"Sim";4;0;1;0;3;0;1;4;-20,21740496;-40,26990578;"SPRF-ES";"DEL02-ES";"UOP01-DEL02-ES"
196861;2019-03-13;"quarta-feira";"21:45:00";"RJ";116;169,5;"SAO JOAO DE MERITI";"Desobediência às normas de trânsito pelo condutor";"Colisão frontal";"Com Vítimas Feridas";"Plena Noite";"Crescente";"Nublado";"Múltipla";"Reta";"Sim";3;0;1;0;0;2;1;3;-22,816206;-43,324463;"SPRF-RJ";"DEL01-RJ";"UOP02-DEL01-RJ"
196864;2019-03-14;"quinta-feira";"07:15:00";"PR";116;116;"CURITIBA";"Falta de Atenção à Condução";"Colisão lateral";"Com Vítimas Feridas";"Pleno dia";"Decrescente";"Nublado";"Dupla";"Reta";"Sim";2;0;1;0;1;0;1;2;-25,55468195;-49,27402397;"SPRF-PR";"DEL01-PR";"UOP07-DEL01-PR"
196866;2019-03-14;"quinta-feira";"06:50:00";"BA";324;516;"FEIRA DE SANTANA";"Falta de Atenção à Condução";"Colisão traseira";"Sem Vítimas";"Pleno dia";"Decrescente";"Céu Claro";"Simples";"Reta";"Sim";2;0;0;0;2;0;0;2;-12,2417119;-38,93768485;"SPRF-BA";"DEL02-BA";"UOP01-DEL02-BA"
196867;2019-03-14;"quinta-feira";"07:40:00";"PR";476;130;"CURITIBA";"Falta de Atenção à Condução";"Colisão lateral";"Com Vítimas Feridas";"Pleno dia";"Crescente";"Céu Claro";"Múltipla";"Reta";"Não";3;0;1;0;2;0;1;2;-25,449564;-49,236427;"SPRF-PR";"DEL01-PR";"UOP07-DEL01-PR"
196870;2019-02-19;"terça-feira";"00:40:00";"PB";101;78;"SANTA RITA";"Ingestão de Álcool";"Atropelamento de Animal";"Com Vítimas Feridas";"Plena Noite";"Decrescente";"Céu Claro";"Dupla";"Reta";"Não";3;0;2;1;0;0;3;1;-7,1135;-34,961;"SPRF-PB";"DEL01-PB";"UOP01-DEL01-PB"
196871;2019-03-14;"quinta-feira";"08:18:00";"ES";101;65;"SAO MATEUS";"Mal Súbito";"Colisão com objeto estático";"Com Vítimas Feridas";"Pleno dia";"Decrescente";"Céu Claro";"Simples";"Declive";"Sim";1;0;0;1;0;0;1;1;-18,70935945;-39,87762087;"SPRF-ES";"DEL04-ES";"UOP02-DEL04-ES"
196872;2019-03-14;"quinta-feira";"06:50:00";"MS";163;261,5;"DOURADOS";"Defeito Mecânico no Veículo";"Tombamento";"Com Vítimas Feridas";"Pleno dia";"Decrescente";"Céu Claro";"Dupla";"Reta";"Não";2;0;2;0;0;0;2;1;-22,23708087;-54,76139814;"SPRF-MS";"DEL04-MS";"UOP01-DEL04-MS"
196880;2019-03-14;"quinta-feira";"08:15:00";"MG";381;739,7;"TRES CORACOES";"Falta de Atenção à Condução";"Saída de leito carroçável";"Sem Vítimas";"Pleno dia";"Decrescente";"Nublado";"Dupla";"Curva";"Não";1;0;0;0;1;0;0;1;-21,61514806;-45,24157278;"SPRF-MG";"DEL16-MG";"UOP02-DEL16-MG"
196882;2019-03-14;"quinta-feira";"08:05:00";"BA";116;424;"FEIRA DE SANTANA";"Desobediência às normas de trânsito pelo condutor";"Colisão lateral";"Com Vítimas Feridas";"Pleno dia";"Crescente";"Céu Claro";"Simples";"Rotatória";"Sim";2;0;1;0;1;0;1;2;-12,23257586;-38,97248506;"SPRF-BA";"DEL02-BA";"UOP01-DEL02-BA"
196885;2019-03-11;"segunda-feira";"07:10:00";"ES";101;394;"RIO NOVO DO SUL";"Falta de Atenção à Condução";"Colisão lateral";"Com Vítimas Feridas";"Amanhecer";"Crescente";"Céu Claro";"Simples";"Reta";"Não";2;0;1;0;1;0;1;2;-20,86585968;-40,93117476;"SPRF-ES";"DEL03-ES";"UOP02-DEL03-ES"
196886;2019-03-14;"quinta-feira";"09:45:00";"ES";101;298,2;"VIANA";"Desobediência às normas de trânsito pelo condutor";"Colisão traseira";"Com Vítimas Feridas";"Pleno dia";"Crescente";"Céu Claro";"Dupla";"Reta";"Sim";3;0;1;0;2;0;1;3;-20,35374444;-40,4156433;"SPRF-ES";"DEL01-ES";"UOP01-DEL01-ES"
196887;2019-03-14;"quinta-feira";"09:30:00";"SP";116;471;"JACUPIRANGA";"Falta de Atenção à Condução";"Saída de leito carroçável";"Com Vítimas Feridas";"Pleno dia";"Decrescente";"Céu Claro";"Dupla";"Reta";"Não";2;0;1;0;1;0;1;1;-24,65864797;-47,96724403;"SPRF-SP";"DEL05-SP";"UAP01-DEL05-SP"
196888;2019-03-14;"quinta-feira";"09:00:00";"SC";163;69,2;"SAO MIGUEL DO OESTE";"Não guardar distância de segurança";"Tombamento";"Com Vítimas Feridas";"Pleno dia";"Crescente";"Nublado";"Dupla";"Reta";"Sim";1;0;1;0;0;0;1;1;-26,74132699;-53,50120591;"SPRF-SC";"DEL07-SC";"UOP03-DEL07-SC"
196889;2019-03-14;"quinta-feira";"08:30:00";"MT";163;696;"LUCAS DO RIO VERDE";"Velocidade Incompatível";"Capotamento";"Com Vítimas Feridas";"Pleno dia";"Decrescente";"Nublado";"Simples";"Reta";"Não";2;0;1;0;1;0;1;1;-13,010165;-55,890618;"SPRF-MT";"DEL06-MT";"UOP01-DEL06-MT"
196890;2019-03-14;"quinta-feira";"08:55:00";"PB";230;338,6;"PATOS";"Falta de Atenção à Condução";"Colisão lateral";"Com Vítimas Feridas";"Pleno dia";"Decrescente";"Céu Claro";"Simples";"Rotatória";"Sim";2;0;1;0;1;0;1;2;-7,0057;-37,2998;"SPRF-PB";"DEL03-PB";"UOP01-DEL03-PB"
196891;2019-03-14;"quinta-feira";"07:20:00";"PR";116;114,9;"CURITIBA";"Falta de Atenção à Condução";"Colisão transversal";"Com Vítimas Feridas";"Pleno dia";"Crescente";"Nublado";"Simples";"Curva";"Sim";2;0;0;1;1;0;1;2;-25,56296907;-49,25643801;"SPRF-PR";"DEL01-PR";"UOP01-DEL01-PR"
196893;2019-03-14;"quinta-feira";"07:10:00";"MT";364;184;"RONDONOPOLIS";"Defeito Mecânico no Veículo";"Saída de leito carroçável";"Com Vítimas Feridas";"Pleno dia";"Decrescente";"Garoa/Chuvisco";"Simples";"Reta;Declive";"Não";1;0;1;0;0;0;1;1;-16,58295105;-54,52328803;"SPRF-MT";"DEL02-MT";"UOP01-DEL02-MT"
196894;2019-03-14;"quinta-feira";"09:30:00";"SC";282;2;"FLORIANOPOLIS";"Não guardar distância de segurança";"Colisão traseira";"Com Vítimas Feridas";"Pleno dia";"Crescente";"Sol";"Dupla";"Reta";"Sim";4;0;1;0;3;0;1;3;-27,603289;-48,590416;"SPRF-SC";"DEL01-SC";"UOP01-DEL01-SC"
196896;2019-03-14;"quinta-feira";"10:30:00";"PR";376;590,6;"CURITIBA";"Falta de Atenção à Condução";"Saída de leito carroçável";"Com Vítimas Feridas";"Pleno dia";"Crescente";"Sol";"Dupla";"Reta";"Sim";1;0;1;0;0;0;1;1;-25,45155592;-49,36237578;"SPRF-PR";"DEL01-PR";"UOP06-DEL01-PR"
196898;2019-03-14;"quinta-feira";"07:00:00";"PR";467;87;"TOLEDO";"Agressão Externa";"Incêndio";"Sem Vítimas";"Pleno dia";"Decrescente";"Nublado";"Dupla";"Curva";"Não";1;0;0;0;0;1;0;1;-24,8349;-53,6349;"SPRF-PR";"DEL04-PR";"UOP01-DEL04-PR"
196903;2019-03-14;"quinta-feira";"10:15:00";"AL";316;226,5;"ATALAIA";"Falta de Atenção à Condução";"Colisão traseira";"Sem Vítimas";"Pleno dia";"Crescente";"Sol";"Simples";"Reta";"Não";2;0;0;0;2;0;0;2;-9,48398693;-36,15120494;"SPRF-AL";"DEL01-AL";"UOP01-DEL01-AL"
196905;2019-03-14;"quinta-feira";"09:30:00";"RJ";116;183;"NOVA IGUACU";"Não guardar distância de segurança";"Colisão lateral";"Com Vítimas Feridas";"Pleno dia";"Decrescente";"Céu Claro";"Dupla";"Curva";"Sim";2;0;0;1;1;0;1;1;-22,7516014;-43,43849831;"SPRF-RJ";"DEL01-RJ";"UOP02-DEL01-RJ"
196907;2019-03-14;"quinta-feira";"12:15:00";"SC";116;5,9;"MAFRA";"Velocidade Incompatível";"Colisão lateral";"Com Vítimas Feridas";"Pleno dia";"Crescente";"Nublado";"Simples";"Reta;Declive";"Sim";2;0;1;0;1;0;1;2;-26,14583188;-49,82276738;"SPRF-SC";"DEL06-SC";"UOP01-DEL06-SC"
196909;2019-03-14;"quinta-feira";"12:50:00";"PR";277;17;"PARANAGUA";"Condutor Dormindo";"Saída de leito carroçável";"Com Vítimas Feridas";"Pleno dia";"Decrescente";"Sol";"Dupla";"Reta";"Não";1;0;1;0;0;0;1;1;-25,56380488;-48,63457397;"SPRF-PR";"DEL01-PR";"UOP05-DEL01-PR"
196917;2019-03-14;"quinta-feira";"14:30:00";"TO";153;355;"FORTALEZA DO TABOCAO";"Falta de Atenção à Condução";"Colisão lateral";"Com Vítimas Feridas";"Pleno dia";"Decrescente";"Céu Claro";"Simples";"Reta";"Não";6;0;4;1;1;0;5;2;-9,02301795;-48,50307549;"SPRF-TO";"DEL02-TO";"UOP02-DEL02-TO"
196918;2019-03-14;"quinta-feira";"14:20:00";"SP";116;51,7;"LORENA";"Ultrapassagem Indevida";"Saída de leito carroçável";"Com Vítimas Feridas";"Pleno dia";"Decrescente";"Nublado";"Dupla";"Reta";"Sim";2;0;1;0;0;1;1;2;-22,74404771;-45,09673119;"SPRF-SP";"DEL08-SP";"UOP01-DEL08-SP"
196919;2019-03-14;"quinta-feira";"13:50:00";"MG";381;479;"CONTAGEM";"Não guardar distância de segurança";"Colisão traseira";"Com Vítimas Feridas";"Pleno dia";"Crescente";"Céu Claro";"Dupla";"Reta";"Não";2;0;1;0;1;0;1;2;-19,95889605;-44,069202;"SPRF-MG";"DEL01-MG";"UOP03-DEL01-MG"
196923;2019-02-18;"segunda-feira";"07:10:00";"DF";20;17;"BRASILIA";"Desobediência às normas de trânsito pelo condutor";"Colisão traseira";"Com Vítimas Feridas";"Pleno dia";"Decrescente";"Nublado";"Dupla";"Reta";"Sim";4;0;2;0;2;0;2;3;-15,621374;-47,71698;"SPRF-DF";"DEL02-DF";"UOP01-DEL02-DF"
196925;2019-03-14;"quinta-feira";"14:15:00";"SC";101;206;"SAO JOSE";"Desobediência às normas de trânsito pelo condutor";"Colisão lateral";"Com Vítimas Feridas";"Pleno dia";"Decrescente";"Garoa/Chuvisco";"Múltipla";"Reta";"Sim";2;0;1;0;1;0;1;2;-27,59193546;-48,61824557;"SPRF-SC";"DEL01-SC";"UOP01-DEL01-SC"
196926;2019-03-14;"quinta-feira";"15:15:00";"PE";232;152,6;"SAO CAITANO";"Falta de Atenção à Condução";"Engavetamento";"Com Vítimas Feridas";"Pleno dia";"Decrescente";"Céu Claro";"Simples";"Aclive";"Não";4;0;1;0;3;0;1;3;-8,32701495;-36,18101;"SPRF-PE";"DEL02-PE";"UOP03-DEL02-PE"
196927;2019-03-14;"quinta-feira";"13:50:00";"MA";10;250,2;"IMPERATRIZ";"Falta de Atenção à Condução";"Colisão transversal";"Sem Vítimas";"Pleno dia";"Crescente";"Sol";"Simples";"Reta";"Sim";2;0;0;0;2;0;0;2;-5,550874;-47,459305;"SPRF-MA";"DEL04-MA";"UOP01-DEL04-MA"
196929;2019-03-14;"quinta-feira";"15:00:00";"BA";324;625;"SALVADOR";"Defeito Mecânico no Veículo";"Incêndio";"Sem Vítimas";"Pleno dia";"Crescente";"Chuva";"Dupla";"Reta";"Sim";1;0;0;0;1;0;0;1;-12,94194706;-38,47081224;"SPRF-BA";"DEL01-BA";"UOP01-DEL01-BA"
196930;2019-03-14;"quinta-feira";"15:10:00";"GO";153;357,3;"JARAGUA";"Falta de Atenção à Condução";"Colisão transversal";"Com Vítimas Feridas";"Pleno dia";"Decrescente";"Céu Claro";"Dupla";"Interseção de Vias";"Sim";3;0;1;0;1;1;1;3;-15,725415;-49,327385;"SPRF-GO";"DEL02-GO";"UOP02-DEL02-GO"
196931;2019-03-14;"quinta-feira";"15:49:00";"PR";277;21;"MORRETES";"Defeito Mecânico no Veículo";"Queda de ocupante de veículo";"Com Vítimas Feridas";"Pleno dia";"Crescente";"Sol";"Dupla";"Reta";"Não";1;0;1;0;0;0;1;1;-25,55074432;-48,67135211;"SPRF-PR";"DEL01-PR";"UOP05-DEL01-PR"
196932;2019-03-14;"quinta-feira";"15:40:00";"PB";230;447;"APARECIDA";"Velocidade Incompatível";"Saída de leito carroçável";"Com Vítimas Feridas";"Pleno dia";"Crescente";"Chuva";"Simples";"Curva";"Não";2;0;0;1;1;0;1;1;-6,78377346;-38,09650898;"SPRF-PB";"DEL03-PB";"UOP03-DEL03-PB"
196933;2019-03-14;"quinta-feira";"16:15:00";"PE";408;55,7;"NAZARE DA MATA";"Desobediência às normas de trânsito pelo condutor";"Colisão frontal";"Com Vítimas Feridas";"Pleno dia";"Decrescente";"Céu Claro";"Simples";"Reta";"Não";3;0;2;0;1;0;2;2;-7,77176315;-35,23566726;"SPRF-PE";"DEL01-PE";"UOP01-DEL01-PE"
196934;2019-03-14;"quinta-feira";"16:00:00";"RJ";101;99;"CAMPOS DOS GOYTACAZES";"Falta de Atenção à Condução";"Colisão com objeto estático";"Com Vítimas Feridas";"Pleno dia";"Decrescente";"Céu Claro";"Dupla";"Curva";"Não";5;0;4;0;1;0;4;1;-21,8758198;-41,5832851;"SPRF-RJ";"DEL08-RJ";"UOP02-DEL08-RJ"
196935;2019-03-14;"quinta-feira";"16:10:00";"PR";116;18;"CURITIBA";"Falta de Atenção à Condução";"Colisão transversal";"Com Vítimas Feridas";"Pleno dia";"Decrescente";"Céu Claro";"Múltipla";"Interseção de Vias";"Sim";3;0;0;1;1;1;1;3;-25,3891;-49,1966;"SPRF-PR";"DEL01-PR";"UOP02-DEL01-PR"
196936;2019-03-14;"quinta-feira";"16:15:00";"PR";376;176;"MARINGA";"Falta de Atenção à Condução";"Colisão lateral";"Com Vítimas Feridas";"Pleno dia";"Crescente";"Chuva";"Múltipla";"Reta";"Sim";2;0;1;0;0;1;1;2;-23,41269173;-51,93158327;"SPRF-PR";"DEL07-PR";"UOP01-DEL09-PR"
196937;2019-03-14;"quinta-feira";"16:30:00";"GO";40;95;"CRISTALINA";"Desobediência às normas de trânsito pelo condutor";"Colisão com objeto em movimento";"Com Vítimas Feridas";"Pleno dia";"Crescente";"Céu Claro";"Simples";"Retorno Regulamentado";"Sim";2;0;1;0;1;0;1;2;-16,750555;-47,607549;"SPRF-DF";"DEL01-DF";"UOP02-DEL01-DF"
196938;2019-03-14;"quinta-feira";"15:50:00";"SP";381;22;"BRAGANCA PAULISTA";"Falta de Atenção à Condução";"Colisão traseira";"Sem Vítimas";"Pleno dia";"Crescente";"Céu Claro";"Dupla";"Retorno Regulamentado";"Não";2;0;0;0;2;0;0;2;-22,99697186;-46,5163051;"SPRF-SP";"DEL03-SP";"UOP02-DEL03-SP"
196943;2019-03-14;"quinta-feira";"16:55:00";"RJ";116;40;"TERESOPOLIS";"Falta de Atenção à Condução";"Atropelamento de Pedestre";"Com Vítimas Feridas";"Pleno dia";"Crescente";"Nublado";"Simples";"Reta";"Sim";2;0;1;1;0;0;2;2;-22,133427;-42,779522;"SPRF-RJ";"DEL04-RJ";"UOP01-DEL04-RJ"
196944;2019-03-14;"quinta-feira";"16:30:00";"GO";40;6,8;"VALPARAISO DE GOIAS";"Falta de Atenção à Condução";"Colisão lateral";"Sem Vítimas";"Pleno dia";"Decrescente";"Céu Claro";"Dupla";"Aclive";"Sim";2;0;0;0;2;0;0;2;-16,100814;-47,977351;"SPRF-DF";"DEL01-DF";"UOP01-DEL01-DF"
196945;2019-03-14;"quinta-feira";"16:25:00";"RS";116;259,6;"CANOAS";"Desobediência às normas de trânsito pelo condutor";"Tombamento";"Com Vítimas Feridas";"Pleno dia";"Crescente";"Céu Claro";"Simples";"Reta";"Sim";2;0;2;0;0;0;2;1;-29,87525744;-51,18010998;"SPRF-RS";"DEL01-RS";"UOP01-DEL01-RS"
196946;2019-03-14;"quinta-feira";"16:00:00";"MT";163;951;"NOVA SANTA HELENA";"Ingestão de Álcool";"Queda de ocupante de veículo";"Com Vítimas Feridas";"Pleno dia";"Decrescente";"Céu Claro";"Simples";"Reta";"Não";1;0;1;0;0;0;1;1;-10,87940554;-55,19884229;"SPRF-MT";"DEL06-MT";"UOP02-DEL06-MT"
196949;2019-03-14;"quinta-feira";"16:40:00";"BA";324;513,2;"FEIRA DE SANTANA";"Falta de Atenção à Condução";"Colisão lateral";"Com Vítimas Feridas";"Pleno dia";"Decrescente";"Nublado";"Simples";"Reta";"Não";2;0;1;0;0;1;1;2;-12,23098007;-38,96101401;"SPRF-BA";"DEL02-BA";"UOP01-DEL02-BA"
196950;2019-03-14;"quinta-feira";"16:45:00";"PI";316;0,7;"TERESINA";"Falta de Atenção à Condução";"Queda de ocupante de veículo";"Com Vítimas Feridas";"Pleno dia";"Crescente";"Céu Claro";"Simples";"Reta";"Não";3;0;0;2;1;0;2;2;-5,12819627;-42,80618906;"SPRF-PI";"DEL01-PI";"UOP02-DEL01-PI"
196951;2019-03-14;"quinta-feira";"15:30:00";"MG";381;480;"CONTAGEM";"Defeito Mecânico no Veículo";"Queda de ocupante de veículo";"Com Vítimas Feridas";"Pleno dia";"Decrescente";"Céu Claro";"Dupla";"Reta";"Sim";2;0;2;0;0;0;2;1;-19,95749597;-44,07899901;"SPRF-MG";"DEL01-MG";"UOP03-DEL01-MG"
196952;2019-03-14;"quinta-feira";"17:05:00";"PA";163;1002;"SANTAREM";"Desobediência às normas de trânsito pelo condutor";"Colisão transversal";"Com Vítimas Feridas";"Pleno dia";"Decrescente";"Céu Claro";"Simples";"Declive;Reta;Interseção de Vias";"Sim";4;0;2;0;2;0;2;3;-2,45583514;-54,72864216;"SPRF-PA";"DEL05-PA";"UOP01-DEL05-PA"
196954;2019-03-14;"quinta-feira";"17:20:00";"BA";415;51,2;"ITABUNA";"Falta de Atenção do Pedestre";"Atropelamento de Pedestre";"Com Vítimas Feridas";"Anoitecer";"Crescente";"Céu Claro";"Simples";"Aclive";"Não";3;0;2;0;1;0;2;2;-14,81574494;-39,29612388;"SPRF-BA";"DEL05-BA";"UOP01-DEL05-BA"
196955;2019-03-14;"quinta-feira";"17:15:00";"RJ";101;333;"RIO DE JANEIRO";"Falta de Atenção à Condução";"Colisão lateral";"Com Vítimas Feridas";"Pleno dia";"Decrescente";"Nublado";"Múltipla";"Reta";"Não";3;0;1;0;2;0;1;3;-22,87827816;-43,21053578;"SPRF-RJ";"DEL02-RJ";"UOP02-DEL02-RJ"
196956;2019-03-14;"quinta-feira";"17:30:00";"RS";290;54;"GLORINHA";"Defeito Mecânico no Veículo";"Saída de leito carroçável";"Com Vítimas Feridas";"Pleno dia";"Crescente";"Céu Claro";"Dupla";"Reta";"Não";4;0;2;0;2;0;2;2;-29,912643;-50,798103;"SPRF-RS";"DEL03-RS";"UOP02-DEL03-RS"
196959;2019-03-14;"quinta-feira";"17:15:00";"PR";277;489;"NOVA LARANJEIRAS";"Falta de Atenção à Condução";"Capotamento";"Com Vítimas Feridas";"Pleno dia";"Crescente";"Garoa/Chuvisco";"Simples";"Curva";"Não";1;0;1;0;0;0;1;1;-25,24154725;-52,63060519;"SPRF-PR";"DEL04-PR";"UOP02-DEL04-PR"
196961;2019-03-14;"quinta-feira";"17:20:00";"CE";116;3;"FORTALEZA";"Não guardar distância de segurança";"Colisão traseira";"Com Vítimas Feridas";"Anoitecer";"Decrescente";"Céu Claro";"Dupla";"Viaduto;Reta";"Sim";3;0;1;0;2;0;1;2;-3,77866493;-38,51490171;"SPRF-CE";"DEL01-CE";"UOP02-DEL01-CE"
196962;2019-03-14;"quinta-feira";"17:50:00";"PA";163;994;"SANTAREM";"Falta de Atenção à Condução";"Colisão transversal";"Com Vítimas Feridas";"Pleno dia";"Crescente";"Céu Claro";"Simples";"Reta";"Não";3;0;1;0;2;0;1;2;-2,5183945;-54,72313643;"SPRF-PA";"DEL05-PA";"UOP01-DEL05-PA"