"id";"data_inversa";"dia_semana";"horario";"uf";"br";"km";"municipio";"causa_acidente";"tipo_acidente";"classificacao_acidente";"fase_dia";"sentido_via";"condicao_metereologica";"tipo_pista";"tracado_via";"uso_solo";"pessoas";"mortos";"feridos_leves";"feridos_graves";"ilesos";"ignorados";"feridos";"veiculos";"latitude";"longitude";"regional";"delegacia";"uop"
196963;2019-03-14;"quinta-feira";"17:30:00";"SC";470;138,1;"RIO DO SUL";"Falta de Atenção à Condução";"Colisão transversal";"Com Vítimas Feridas";"Pleno dia";"Crescente";"Céu Claro";"Simples";"Interseção de Vias";"Sim";2;0;1;0;1;0;1;2;-27,207214;-49,648476;"SPRF-SC";"DEL04-SC";"UOP02-DEL04-SC"
196964;2019-03-14;"quinta-feira";"18:25:00";"SC";101;15,3;"GARUVA";"Não guardar distância de segurança";"Capotamento";"Com Vítimas Feridas";"Plena Noite";"Crescente";"Chuva";"Dupla";"Reta";"Não";5;0;2;0;3;0;2;1;-26,10609917;-48,87224159;"SPRF-SC";"DEL03-SC";"UOP01-DEL03-SC"
196966;2019-03-14;"quinta-feira";"17:15:00";"RO";364;239,2;"CACOAL";"Falta de Atenção à Condução";"Colisão transversal";"Com Vítimas Feridas";"Pleno dia";"Decrescente";"Sol";"Simples";"Interseção de Vias;Rotatória";"Sim";2;0;1;0;1;0;1;2;-11,43408439;-61,46339893;"SPRF-RO";"DEL02-RO";"UOP02-DEL02-RO"
196968;2019-03-14;"quinta-feira";"17:40:00";"SC";101;124;"ITAJAI";"Falta de Atenção à Condução";"Colisão transversal";"Com Vítimas Feridas";"Pleno dia";"Decrescente";"Céu Claro";"Simples";"Interseção de Vias";"Não";2;0;1;0;1;0;1;2;-26,93752764;-48,69707108;"SPRF-SC";"DEL04-SC";"UOP04-DEL04-SC"
196969;2019-03-14;"quinta-feira";"16:45:00";"PI";343;307,2;"ALTOS";"Desobediência às normas de trânsito pelo condutor";"Colisão lateral";"Com Vítimas Feridas";"Pleno dia";"Crescente";"Céu Claro";"Simples";"Reta";"Sim";2;0;2;0;0;0;2;2;-5,039802;-42,459518;"SPRF-PI";"DEL01-PI";"UOP01-DEL01-PI"
196971;2019-03-14;"quinta-feira";"18:50:00";"DF";40;7,7;"BRASILIA";"Falta de Atenção à Condução";"Colisão lateral";"Com Vítimas Feridas";"Anoitecer";"Crescente";"Nublado";"Dupla";"Reta";"Sim";3;0;2;0;1;0;2;2;-16,038666;-47,979691;"SPRF-DF";"DEL01-DF";"UOP01-DEL01-DF"
196972;2019-03-14;"quinta-feira";"14:25:00";"MT";174;227;"PORTO ESPERIDIAO";"Pista Escorregadia";"Saída de leito carroçável";"Com Vítimas Feridas";"Pleno dia";"Decrescente";"Chuva";"Simples";"Curva";"Não";1;0;1;0;0;0;1;1;-15,59490875;-58,89804994;"SPRF-MT";"DEL04-MT";"UOP01-DEL04-MT"
196974;2019-03-14;"quinta-feira";"18:45:00";"SC";101;203,3;"SAO JOSE";"Desobediência às normas de trânsito pelo condutor";"Colisão traseira";"Com Vítimas Feridas";"Plena Noite";"Crescente";"Céu Claro";"Dupla";"Reta";"Sim";2;0;1;0;1;0;1;2;-27,5650044;-48,61460082;"SPRF-SC";"DEL01-SC";"UOP01-DEL01-SC"
196976;2019-03-14;"quinta-feira";"19:00:00";"RJ";356;162,5;"CAMPOS DOS GOYTACAZES";"Falta de Atenção à Condução";"Colisão transversal";"Com Vítimas Feridas";"Plena Noite";"Crescente";"Nublado";"Simples";"Reta";"Não";2;0;1;0;1;0;1;2;-21,71242811;-41,15203501;"SPRF-RJ";"DEL08-RJ";"UOP02-DEL08-RJ"
196977;2019-03-14;"quinta-feira";"19:25:00";"SC";101;214;"PALHOCA";"Falta de Atenção à Condução";"Colisão traseira";"Com Vítimas Feridas";"Plena Noite";"Crescente";"Nublado";"Dupla";"Reta";"Sim";2;0;1;0;1;0;1;2;-27,64443;-48,67057;"SPRF-SC";"DEL01-SC";"UOP02-DEL01-SC"
196978;2019-03-14;"quinta-feira";"14:05:00";"AM";174;938;"MANAUS";"Fenômenos da Natureza";"Saída de leito carroçável";"Com Vítimas Feridas";"Pleno dia";"Crescente";"Chuva";"Simples";"Reta";"Não";4;0;4;0;0;0;4;1;-2,50489002;-60,03620072;"SPRF-AM";"DEL01-AM";"UOP01-DEL01-AM"
196981;2019-03-14;"quinta-feira";"19:30:00";"PR";277;3,8;"FOZ DO IGUACU";"Falta de Atenção do Pedestre";"Atropelamento de Pedestre";"Com Vítimas Feridas";"Plena Noite";"Decrescente";"Céu Claro";"Dupla";"Reta";"Não";2;0;0;1;1;0;1;2;-25,46810955;-54,58462352;"SPRF-PR";"DEL05-PR";"UOP03-DEL05-PR"
196982;2019-03-14;"quinta-feira";"19:45:00";"GO";60;99;"ANAPOLIS";"Ingestão de Álcool";"Colisão com objeto estático";"Com Vítimas Feridas";"Plena Noite";"Crescente";"Nublado";"Dupla";"Viaduto";"Sim";1;0;1;0;0;0;1;1;-16,3924;-48,9588;"SPRF-GO";"DEL02-GO";"UOP01-DEL02-GO"
196983;2019-03-14;"quinta-feira";"18:40:00";"PR";116;13;"COLOMBO";"Velocidade Incompatível";"Capotamento";"Sem Vítimas";"Plena Noite";"Crescente";"Nublado";"Dupla";"Reta";"Sim";1;0;0;0;1;0;0;1;-25,3785;-49,1564;"SPRF-PR";"DEL01-PR";"UOP02-DEL01-PR"
196984;2019-03-14;"quinta-feira";"10:30:00";"BA";330;792;"BARRA DO ROCHA";"Ultrapassagem Indevida";"Colisão lateral";"Com Vítimas Feridas";"Pleno dia";"Crescente";"Céu Claro";"Simples";"Reta";"Não";4;0;3;0;1;0;3;2;-14,20017831;-39,60881017;"SPRF-BA";"DEL03-BA";"UOP01-DEL03-BA"
196985;2019-03-14;"quinta-feira";"17:40:00";"RS";116;247,8;"SAO LEOPOLDO";"Falta de Atenção à Condução";"Colisão lateral";"Com Vítimas Feridas";"Anoitecer";"Decrescente";"Céu Claro";"Dupla";"Reta";"Sim";2;0;1;0;0;1;1;2;-29,76733091;-51,1535296;"SPRF-RS";"DEL01-RS";"UOP02-DEL01-RS"
196986;2019-03-14;"quinta-feira";"18:40:00";"RJ";101;485;"ANGRA DOS REIS";"Falta de Atenção à Condução";"Colisão transversal";"Com Vítimas Feridas";"Plena Noite";"Crescente";"Garoa/Chuvisco";"Simples";"Curva";"Não";2;0;2;0;0;0;2;2;-22,98573526;-44,29709764;"SPRF-RJ";"DEL03-RJ";"UOP03-DEL03-RJ"
196988;2019-03-14;"quinta-feira";"16:00:00";"MG";381;184,5;"GOVERNADOR VALADARES";"Velocidade Incompatível";"Saída de leito carroçável";"Com Vítimas Fatais";"Pleno dia";"Decrescente";"Sol";"Simples";"Curva";"Não";5;1;2;0;0;2;2;2;-19,06617062;-42,16938094;"SPRF-MG";"DEL06-MG";"UOP01-DEL06-MG"
196989;2019-01-26;"sábado";"11:00:00";"RN";110;47;"MOSSORO";"Desobediência às normas de trânsito pelo condutor";"Colisão transversal";"Com Vítimas Feridas";"Pleno dia";"Decrescente";"Nublado";"Simples";"Reta";"Sim";2;0;1;0;0;1;1;2;-5,20338376;-37,32563418;"SPRF-RN";"DEL04-RN";"UOP01-DEL04-RN"
196990;2019-03-14;"quinta-feira";"16:00:00";"MG";262;103,4;"ABRE CAMPO";"Velocidade Incompatível";"Colisão frontal";"Com Vítimas Feridas";"Pleno dia";"Crescente";"Chuva";"Simples";"Declive";"Não";4;0;1;0;3;0;1;2;-20,28798201;-42,53964899;"SPRF-MG";"DEL03-MG";"UOP03-DEL03-MG"
196991;2019-03-14;"quinta-feira";"20:10:00";"SC";101;208;"SAO JOSE";"Falta de Atenção à Condução";"Queda de ocupante de veículo";"Com Vítimas Feridas";"Plena Noite";"Decrescente";"Chuva";"Múltipla";"Declive";"Sim";2;0;2;0;0;0;2;1;-27,58313237;-48,61532885;"SPRF-SC";"DEL01-SC";"UOP01-DEL01-SC"
196993;2019-03-14;"quinta-feira";"16:40:00";"GO";364;130,7;"APARECIDA DO RIO DOCE";"Falta de Atenção à Condução";"Capotamento";"Com Vítimas Feridas";"Pleno dia";"Decrescente";"Céu Claro";"Simples";"Curva";"Não";2;0;2;0;0;0;2;1;-18,23842;-51,27425;"SPRF-GO";"DEL05-GO";"UOP01-DEL05-GO"
196997;2019-03-14;"quinta-feira";"21:20:00";"RN";304;304,5;"PARNAMIRIM";"Falta de Atenção à Condução";"Colisão com objeto estático";"Com Vítimas Feridas";"Plena Noite";"Crescente";"Ignorado";"Dupla";"Declive";"Não";3;0;0;3;0;0;3;2;-5,88497076;-35,28078192;"SPRF-RN";"DEL01-RN";"UOP02-DEL01-RN"
197001;2019-03-14;"quinta-feira";"19:00:00";"SC";101;56,5;"ARAQUARI";"Pista Escorregadia";"Colisão com objeto estático";"Com Vítimas Feridas";"Plena Noite";"Crescente";"Chuva";"Dupla";"Reta";"Não";1;0;1;0;0;0;1;1;-26,43568579;-48,81298542;"SPRF-SC";"DEL03-SC";"UOP01-DEL03-SC"
197002;2019-03-14;"quinta-feira";"20:00:00";"SP";116;230,4;"SAO PAULO";"Mal Súbito";"Colisão traseira";"Com Vítimas Feridas";"Plena Noite";"Decrescente";"Chuva";"Múltipla";"Reta";"Sim";2;0;1;0;0;1;1;2;-23,52104398;-46,58385515;"SPRF-SP";"DEL01-SP";"UOP01-DEL01-SP"
197004;2019-02-18;"segunda-feira";"06:30:00";"PB";230;11,5;"CABEDELO";"Falta de Atenção à Condução";"Colisão transversal";"Com Vítimas Feridas";"Pleno dia";"Decrescente";"Chuva";"Dupla";"Retorno Regulamentado";"Sim";2;0;1;0;1;0;1;2;-7,06445342;-34,85014021;"SPRF-PB";"DEL01-PB";"UOP01-DEL01-PB"
197009;2019-03-14;"quinta-feira";"13:30:00";"BA";101;704;"EUNAPOLIS";"Defeito Mecânico no Veículo";"Saída de leito carroçável";"Com Vítimas Feridas";"Pleno dia";"Crescente";"Sol";"Simples";"Curva";"Não";2;0;2;0;0;0;2;1;-16,44299197;-39,57454172;"SPRF-BA";"DEL09-BA";"UOP01-DEL09-BA"
197011;2019-03-14;"quinta-feira";"23:20:00";"PE";232;39,4;"VITORIA DE SANTO ANTAO";"Agressão Externa";"Tombamento";"Com Vítimas Feridas";"Plena Noite";"Crescente";"Céu Claro";"Dupla";"Reta";"Não";2;0;0;1;0;1;1;2;-8,118075;-35,230903;"SPRF-PE";"DEL01-PE";"UOP02-DEL02PE"
197013;2019-03-14;"quinta-feira";"20:00:00";"PE";232;327,2;"CUSTODIA";"Velocidade Incompatível";"Capotamento";"Com Vítimas Feridas";"Plena Noite";"Decrescente";"Chuva";"Simples";"Reta";"Não";3;0;1;1;1;0;2;1;-8,09205298;-37,58593976;"SPRF-PE";"DEL03-PE";"UOP02-DEL03-PE"
197017;2019-03-14;"quinta-feira";"22:45:00";"PB";230;157,7;"CAMPINA GRANDE";"Ingestão de Álcool";"Colisão transversal";"Sem Vítimas";"Plena Noite";"Crescente";"Céu Claro";"Simples";"Reta";"Não";2;0;0;0;2;0;0;2;-7,264;-35,9199;"SPRF-PB";"DEL02-PB";"UOP01-DEL02-PB"
197018;2019-03-14;"quinta-feira";"21:40:00";"MG";262;814;"UBERABA";"Falta de Atenção à Condução";"Saída de leito carroçável";"Com Vítimas Feridas";"Plena Noite";"Decrescente";"Chuva";"Dupla";"Retorno Regulamentado";"Sim";1;0;1;0;0;0;1;1;-19,76242251;-48,01424503;"SPRF-MG";"DEL13-MG";"UOP01-DEL13-MG"
197019;2019-03-14;"quinta-feira";"20:50:00";"PI";343;601;"FLORIANO";"Falta de Atenção à Condução";"Colisão transversal";"Com Vítimas Feridas";"Plena Noite";"Crescente";"Céu Claro";"Simples";"Reta";"Sim";2;0;0;1;1;0;1;2;-6,837403;-43,07935;"SPRF-PI";"DEL03-PI";"UOP01-DEL03-PI"
197020;2019-03-15;"sexta-feira";"00:50:00";"SC";470;5;"NAVEGANTES";"Falta de Atenção à Condução";"Colisão transversal";"Com Vítimas Feridas";"Plena Noite";"Decrescente";"Garoa/Chuvisco";"Simples";"Reta";"Não";2;0;1;1;0;0;2;2;-26,855688;-48,700333;"SPRF-SC";"DEL04-SC";"UOP04-DEL04-SC"
197024;2019-03-12;"terça-feira";"22:50:00";"SP";116;154;"SAO JOSE DOS CAMPOS";"Ingestão de Álcool";"Tombamento";"Com Vítimas Feridas";"Plena Noite";"Decrescente";"Céu Claro";"Dupla";"Aclive";"Sim";1;0;1;0;0;0;1;1;-23,23903999;-45,92061901;"SPRF-SP";"DEL02-SP";"UOP01-DEL02-SP"
197025;2019-03-15;"sexta-feira";"02:00:00";"PR";376;77,5;"GUAIRACA";"Velocidade Incompatível";"Colisão com objeto estático";"Sem Vítimas";"Plena Noite";"Decrescente";"Céu Claro";"Simples";"Curva";"Não";1;0;0;0;0;1;0;1;-22,95860213;-52,67815098;"SPRF-PR";"DEL07-PR";"UOP02-DEL09-PR"
197027;2019-03-15;"sexta-feira";"03:20:00";"RJ";101;272;"TANGUA";"Falta de Atenção à Condução";"Capotamento";"Com Vítimas Feridas";"Plena Noite";"Decrescente";"Céu Claro";"Dupla";"Reta";"Sim";1;0;1;0;0;0;1;1;-22,72935968;-42,70112512;"SPRF-RJ";"DEL02-RJ";"UOP03-DEL02-RJ"
197028;2019-03-15;"sexta-feira";"05:00:00";"RJ";393;203;"VASSOURAS";"Falta de Atenção à Condução";"Queda de ocupante de veículo";"Com Vítimas Feridas";"Plena Noite";"Crescente";"Nevoeiro/Neblina";"Simples";"Reta";"Sim";1;0;0;1;0;0;1;1;-22,22572819;-43,42188472;"SPRF-RJ";"DEL05-RJ";"UOP03-DEL05-RJ"
197033;2019-03-15;"sexta-feira";"07:00:00";"CE";222;4,2;"CAUCAIA";"Falta de Atenção à Condução";"Colisão lateral";"Com Vítimas Feridas";"Pleno dia";"Decrescente";"Céu Claro";"Dupla";"Reta";"Sim";3;0;1;0;1;1;1;3;-3,74164754;-38,60449792;"SPRF-CE";"DEL01-CE";"UOP01-DEL01-CE"
197035;2019-03-15;"sexta-feira";"02:30:00";"RJ";40;17;"TRES RIOS";"Falta de Atenção à Condução";"Colisão com objeto em movimento";"Com Vítimas Feridas";"Plena Noite";"Decrescente";"Nublado";"Dupla";"Curva";"Não";1;0;1;0;0;0;1;1;-22,08639692;-43,17655185;"SPRF-RJ";"DEL06-RJ";"UOP02-DEL05-RJ"
197036;2019-03-15;"sexta-feira";"02:10:00";"PE";428;28,3;"CABROBO";"Animais na Pista";"Atropelamento de Animal";"Com Vítimas Feridas";"Plena Noite";"Crescente";"Nublado";"Simples";"Aclive";"Não";1;0;1;0;0;0;1;1;-8,50833913;-39,46914554;"SPRF-PE";"DEL05-PE";"UOP03-DEL05-PE"
197037;2019-03-14;"quinta-feira";"21:10:00";"MG";40;723,1;"BARBACENA";"Velocidade Incompatível";"Capotamento";"Com Vítimas Feridas";"Plena Noite";"Decrescente";"Nublado";"Dupla";"Curva";"Não";1;0;1;0;0;0;1;1;-21,29864253;-43,62857213;"SPRF-MG";"DEL05-MG";"UOP01-DEL05-MG"
197038;2019-03-15;"sexta-feira";"07:34:00";"GO";153;505,9;"APARECIDA DE GOIANIA";"Não guardar distância de segurança";"Colisão traseira";"Com Vítimas Feridas";"Pleno dia";"Decrescente";"Céu Claro";"Múltipla";"Reta";"Sim";4;0;0;1;3;0;1;2;-16,7537;-49,2411;"SPRF-GO";"DEL01-GO";"UOP01-DEL01-GO"
197039;2019-03-15;"sexta-feira";"07:35:00";"PR";376;165,7;"MARINGA";"Não guardar distância de segurança";"Colisão traseira";"Com Vítimas Feridas";"Pleno dia";"Crescente";"Céu Claro";"Dupla";"Declive";"Sim";4;0;1;1;2;0;2;4;-23,38389818;-52,02963531;"SPRF-PR";"DEL07-PR";"UOP01-DEL09-PR"
197042;2019-03-15;"sexta-feira";"02:30:00";"MG";381;491;"BETIM";"Velocidade Incompatível";"Capotamento";"Sem Vítimas";"Plena Noite";"Crescente";"Nublado";"Dupla";"Reta";"Sim";1;0;0;0;0;1;0;1;-19,9600595;-44,15552902;"SPRF-MG";"DEL01-MG";"UOP03-DEL01-MG"
197043;2019-03-15;"sexta-feira";"07:30:00";"ES";101;267,9;"SERRA";"Falta de Atenção à Condução";"Colisão traseira";"Com Vítimas Feridas";"Pleno dia";"Crescente";"Céu Claro";"Múltipla";"Reta";"Sim";2;0;1;0;1;0;1;2;-20,19930999;-40,26884609;"SPRF-ES";"DEL02-ES";"UOP01-DEL02-ES"
197044;2019-03-06;"quarta-feira";"16:10:00";"MG";365;651;"MONTE ALEGRE DE MINAS";"Velocidade Incompatível";"Colisão traseira";"Com Vítimas Feridas";"Pleno dia";"Crescente";"Garoa/Chuvisco";"Dupla";"Reta";"Não";2;0;1;0;1;0;1;2;-18,86755464;-48,56819793;"SPRF-MG";"DEL15-MG";"UOP01-DEL15-MG"
197047;2019-03-15;"sexta-feira";"07:50:00";"DF";70;6;"BRASILIA";"Desobediência às normas de trânsito pelo condutor";"Colisão transversal";"Com Vítimas Feridas";"Pleno dia";"Decrescente";"Céu Claro";"Dupla";"Reta";"Sim";4;0;1;0;3;0;1;3;-15,802453;-48,080387;"SPRF-DF";"DEL01-DF";"UOP02-DEL03-DF"
197048;2019-03-14;"quinta-feira";"19:20:00";"MG";40;417;"CURVELO";"Condutor Dormindo";"Colisão frontal";"Com Vítimas Feridas";"Anoitecer";"Crescente";"Céu Claro";"Simples";"Curva";"Não";2;0;1;0;1;0;1;2;-19,15620979;-44,59445792;"SPRF-MG";"DEL02-MG";"UOP01-DEL02-MG"
197049;2019-03-15;"sexta-feira";"07:10:00";"RO";364;341;"JI-PARANA";"Falta de Atenção à Condução";"Colisão lateral";"Com Vítimas Feridas";"Pleno dia";"Decrescente";"Céu Claro";"Simples";"Reta";"Sim";3;0;1;0;2;0;1;3;-10,88987987;-61,93126772;"SPRF-RO";"DEL02-RO";"UOP01-DEL02-RO"
197051;2019-03-15;"sexta-feira";"06:55:00";"MA";135;5;"SAO LUIS";"Falta de Atenção à Condução";"Colisão transversal";"Sem Vítimas";"Pleno dia";"Decrescente";"Céu Claro";"Dupla";"Reta";"Sim";2;0;0;0;2;0;0;2;-2,62145385;-44,25797421;"SPRF-MA";"DEL01-MA";"UOP01-DEL01-MA"
197052;2019-03-15;"sexta-feira";"07:50:00";"BA";116;827,3;"VITORIA DA CONQUISTA";"Desobediência às normas de trânsito pelo condutor";"Colisão transversal";"Com Vítimas Feridas";"Pleno dia";"Decrescente";"Sol";"Simples";"Reta;Interseção de Vias";"Sim";2;0;1;0;1;0;1;2;-14,88663;-40,85974;"SPRF-BA";"DEL08-BA";"UOP01-DEL08-BA"
197053;2019-03-15;"sexta-feira";"08:15:00";"PB";230;68;"SOBRADO";"Falta de Atenção à Condução";"Colisão lateral";"Com Vítimas Feridas";"Pleno dia";"Decrescente";"Céu Claro";"Dupla";"Retorno Regulamentado";"Não";2;0;0;2;0;0;2;2;-7,19123748;-35,23536624;"SPRF-PB";"DEL01-PB";"UOP03-DEL01-PB"
197054;2019-03-15;"sexta-feira";"07:15:00";"MT";163;839;"SINOP";"Não guardar distância de segurança";"Colisão traseira";"Com Vítimas Feridas";"Pleno dia";"Crescente";"Céu Claro";"Simples";"Reta";"Sim";2;0;1;0;1;0;1;2;-11,951051;-55,516876;"SPRF-MT";"DEL06-MT";"UOP02-DEL06-MT"
197055;2019-03-15;"sexta-feira";"07:25:00";"SC";101;200;"SAO JOSE";"Não guardar distância de segurança";"Colisão lateral";"Com Vítimas Feridas";"Pleno dia";"Decrescente";"Nublado";"Múltipla";"Reta";"Não";2;0;1;0;1;0;1;2;-27,54018513;-48,62287714;"SPRF-SC";"DEL01-SC";"UOP01-DEL01-SC"
197056;2019-03-15;"sexta-feira";"07:40:00";"GO";60;93,1;"ANAPOLIS";"Falta de Atenção à Condução";"Engavetamento";"Com Vítimas Feridas";"Pleno dia";"Crescente";"Céu Claro";"Dupla";"Reta";"Sim";8;0;3;0;5;0;3;5;-16,3538;-48,9268;"SPRF-GO";"DEL02-GO";"UOP01-DEL02-GO"
197057;2019-03-15;"sexta-feira";"08:19:00";"MG";262;677,7;"ARAXA";"Desobediência às normas de trânsito pelo condutor";"Colisão transversal";"Com Vítimas Feridas";"Pleno dia";"Decrescente";"Sol";"Simples";"Reta";"Sim";2;0;2;0;0;0;2;2;-19,5553593;-46,85947792;"SPRF-MG";"DEL08-MG";"UOP01-DEL08-MG"
197066;2019-03-15;"sexta-feira";"09:15:00";"ES";101;177,5;"ARACRUZ";"Ultrapassagem Indevida";"Colisão frontal";"Com Vítimas Fatais";"Pleno dia";"Crescente";"Sol";"Simples";"Reta";"Não";12;1;1;9;0;1;10;4;-19,602874;-40,203264;"SPRF-ES";"DEL04-ES";"UOP01-DEL04-ES"
197067;2019-03-14;"quinta-feira";"05:00:00";"PI";316;228,5;"VALENCA DO PIAUI";"Falta de Atenção à Condução";"Saída de leito carroçável";"Com Vítimas Fatais";"Amanhecer";"Crescente";"Ignorado";"Simples";"Reta";"Não";1;1;0;0;0;0;0;1;-6,54442203;-41,73218623;"SPRF-PI";"DEL04-PI";"UOP02-DEL04-PI"
197068;2019-03-12;"terça-feira";"20:30:00";"MG";262;96;"ABRE CAMPO";"Falta de Atenção do Pedestre";"Atropelamento de Pedestre";"Com Vítimas Feridas";"Plena Noite";"Crescente";"Céu Claro";"Simples";"Reta;Interseção de Vias";"Sim";2;0;1;0;1;0;1;2;-20,295544;-42,48012;"SPRF-MG";"DEL03-MG";"UOP03-DEL03-MG"
197072;2019-03-15;"sexta-feira";"10:00:00";"SC";282;223,1;"LAGES";"Desobediência às normas de trânsito pelo condutor";"Colisão transversal";"Com Vítimas Feridas";"Pleno dia";"Crescente";"Céu Claro";"Simples";"Rotatória";"Não";6;0;1;0;5;0;1;2;-27,800127;-50,362751;"SPRF-SC";"DEL05-SC";"UOP02-DEL05-SC"
197073;2019-03-15;"sexta-feira";"07:40:00";"MG";356;276,3;"EUGENOPOLIS";"Velocidade Incompatível";"Saída de leito carroçável";"Com Vítimas Feridas";"Pleno dia";"Decrescente";"Céu Claro";"Simples";"Curva";"Não";1;0;1;0;0;0;1;1;-21,12437223;-42,2814328;"SPRF-MG";"DEL07-MG";"UOP02-DEL07-MG"
197074;2019-03-15;"sexta-feira";"09:41:00";"RJ";101;62;"CAMPOS DOS GOYTACAZES";"Desobediência às normas de trânsito pelo condutor";"Saída de leito carroçável";"Com Vítimas Feridas";"Pleno dia";"Decrescente";"Céu Claro";"Dupla";"Reta";"Sim";1;0;1;0;0;0;1;1;-21,73473386;-41,32504025;"SPRF-RJ";"DEL08-RJ";"UOP01-DEL08-RJ"
197075;2019-03-15;"sexta-feira";"10:00:00";"MG";381;893,5;"CAMBUI";"Defeito Mecânico no Veículo";"Capotamento";"Com Vítimas Feridas";"Pleno dia";"Crescente";"Nublado";"Dupla";"Reta";"Não";2;0;2;0;0;0;2;1;-22,6103125;-46,0623465;"SPRF-MG";"DEL16-MG";"UOP03-DEL16-MG"
197080;2019-03-15;"sexta-feira";"10:45:00";"RN";304;249;"SANTA MARIA";"Defeito Mecânico no Veículo";"Incêndio";"Sem Vítimas";"Pleno dia";"Crescente";"Nublado";"Simples";"Reta";"Não";1;0;0;0;1;0;0;1;-5,82888181;-35,76257697;"SPRF-RN";"DEL01-RN";"UOP02-DEL01-RN"
197086;2019-03-15;"sexta-feira";"08:00:00";"SC";470;4;"NAVEGANTES";"Falta de Atenção à Condução";"Colisão frontal";"Com Vítimas Feridas";"Pleno dia";"Crescente";"Céu Claro";"Simples";"Reta";"Não";2;0;0;1;1;0;1;2;-26,858473;-48,690788;"SPRF-SC";"DEL04-SC";"UOP04-DEL04-SC"
197087;2019-03-01;"sexta-feira";"11:40:00";"PA";10;324;"SAO MIGUEL DO GUAMA";"Falta de Atenção à Condução";"Colisão lateral";"Com Vítimas Fatais";"Pleno dia";"Crescente";"Nublado";"Simples";"Reta";"Sim";5;1;1;0;1;2;1;4;-1,60267198;-47,48656397;"SPRF-PA";"DEL01-PA";"UOP02-DEL01-PA"
197088;2019-03-15;"sexta-feira";"11:25:00";"RJ";493;1;"ITABORAI";"Falta de Atenção à Condução";"Colisão traseira";"Com Vítimas Feridas";"Pleno dia";"Crescente";"Nublado";"Simples";"Reta";"Sim";2;0;1;0;1;0;1;2;-22,76398788;-42,92731895;"SPRF-RJ";"DEL04-RJ";"UOP02-DEL04-RJ"
197089;2019-03-15;"sexta-feira";"11:50:00";"ES";262;47,3;"MARECHAL FLORIANO";"Desobediência às normas de trânsito pelo condutor";"Colisão transversal";"Com Vítimas Feridas";"Pleno dia";"Crescente";"Nublado";"Simples";"Reta";"Não";2;0;0;1;1;0;1;2;-20,41130252;-40,67926543;"SPRF-ES";"DEL01-ES";"UOP01-DEL01-ES"
197090;2019-03-15;"sexta-feira";"11:20:00";"DF";20;16;"BRASILIA";"Falta de Atenção à Condução";"Colisão traseira";"Com Vítimas Feridas";"Pleno dia";"Crescente";"Céu Claro";"Dupla";"Reta";"Não";3;0;1;0;2;0;1;2;-15,625675;-47,725159;"SPRF-DF";"DEL02-DF";"UOP01-DEL02-DF"
197091;2019-03-15;"sexta-feira";"10:45:00";"GO";60;97;"ANAPOLIS";"Não guardar distância de segurança";"Colisão traseira";"Com Vítimas Feridas";"Pleno dia";"Crescente";"Sol";"Múltipla";"Reta";"Sim";3;0;1;0;2;0;1;2;-16,371;-48,9422;"SPRF-GO";"DEL02-GO";"UOP01-DEL02-GO"
197092;2019-01-25;"sexta-feira";"22:00:00";"AL";316;91,6;"SANTANA DO IPANEMA";"Condutor Dormindo";"Saída de leito carroçável";"Com Vítimas Feridas";"Plena Noite";"Crescente";"Céu Claro";"Simples";"Declive";"Não";1;0;1;0;0;0;1;1;-9,389194;-37,197754;"SPRF-AL";"DEL03-AL";"UOP02-DEL03-AL"
197093;2019-03-15;"sexta-feira";"11:20:00";"PB";230;339;"PATOS";"Falta de Atenção à Condução";"Colisão traseira";"Com Vítimas Feridas";"Pleno dia";"Decrescente";"Céu Claro";"Simples";"Reta";"Sim";3;0;1;1;1;0;2;2;-7,0057;-37,2998;"SPRF-PB";"DEL03-PB";"UOP01-DEL03-PB"
197094;2019-03-15;"sexta-feira";"11:10:00";"SP";116;490,3;"CAJATI";"Falta de Atenção à Condução";"Saída de leito carroçável";"Com Vítimas Feridas";"Pleno dia";"Decrescente";"Nublado";"Dupla";"Reta";"Não";2;0;1;0;1;0;1;1;-24,73464809;-48,11602794;"SPRF-SP";"DEL05-SP";"UAP01-DEL05-SP"
197095;2019-03-15;"sexta-feira";"11:50:00";"MG";251;405,5;"GRAO MOGOL";"Avarias e/ou desgaste excessivo no pneu";"Colisão com objeto estático";"Com Vítimas Feridas";"Pleno dia";"Crescente";"Céu Claro";"Simples";"Declive";"Não";4;0;2;1;1;0;3;1;-16,26065115;-42,95698091;"SPRF-MG";"DEL12-MG";"UOP01-DEL12-MG"
197096;2019-03-15;"sexta-feira";"11:50:00";"ES";262;18;"VIANA";"Falta de Atenção à Condução";"Colisão transversal";"Com Vítimas Feridas";"Pleno dia";"Crescente";"Céu Claro";"Simples";"Reta";"Sim";2;0;1;0;1;0;1;2;-20,39137228;-40,48080285;"SPRF-ES";"DEL01-ES";"UOP01-DEL01-ES"
197100;2019-03-15;"sexta-feira";"11:35:00";"MT";364;435;"VARZEA GRANDE";"Mal Súbito";"Queda de ocupante de veículo";"Com Vítimas Feridas";"Pleno dia";"Decrescente";"Nublado";"Simples";"Reta";"Sim";1;0;1;0;0;0;1;1;-15,64127781;-56,13085281;"SPRF-MT";"DEL01-MT";"DEL2/4-UOP02/MT"