"id";"data_inversa";"dia_semana";"horario";"uf";"br";"km";"municipio";"causa_acidente";"tipo_acidente";"classificacao_acidente";"fase_dia";"sentido_via";"condicao_metereologica";"tipo_pista";"tracado_via";"uso_solo";"pessoas";"mortos";"feridos_leves";"feridos_graves";"ilesos";"ignorados";"feridos";"veiculos";"latitude";"longitude";"regional";"delegacia";"uop"
197101;2019-03-15;"sexta-feira";"12:45:00";"PE";101;81;"JABOATAO DOS GUARARAPES";"Desobediência às normas de trânsito pelo condutor";"Colisão traseira";"Com Vítimas Feridas";"Pleno dia";"Decrescente";"Sol";"Dupla";"Reta";"Sim";2;0;1;0;1;0;1;2;-8,1597489;-34,94024569;"SPRF-PE";"DEL01-PE";"UOP03-DEL01-PE"
197103;2019-03-15;"sexta-feira";"07:40:00";"MT";70;277,5;"PRIMAVERA DO LESTE";"Falta de Atenção à Condução";"Colisão lateral";"Com Vítimas Feridas";"Pleno dia";"Crescente";"Céu Claro";"Simples";"Interseção de Vias";"Sim";3;0;2;0;1;0;2;2;-15,55572064;-54,27085588;"SPRF-MT";"DEL05-MT";"UOP01-DEL05-MT"
197105;2019-03-15;"sexta-feira";"13:15:00";"MG";381;479;"CONTAGEM";"Falta de Atenção à Condução";"Colisão traseira";"Com Vítimas Feridas";"Pleno dia";"Crescente";"Céu Claro";"Dupla";"Reta";"Sim";2;0;1;0;1;0;1;2;-19,95889605;-44,069202;"SPRF-MG";"DEL01-MG";"UOP03-DEL01-MG"
197106;2019-03-15;"sexta-feira";"13:20:00";"ES";101;223,6;"IBIRACU";"Pista Escorregadia";"Queda de ocupante de veículo";"Com Vítimas Feridas";"Pleno dia";"Decrescente";"Garoa/Chuvisco";"Simples";"Curva";"Não";1;0;1;0;0;0;1;1;-19,87635624;-40,41496163;"SPRF-ES";"DEL02-ES";"UOP01-DEL02-ES"
197107;2019-03-15;"sexta-feira";"11:10:00";"AC";364;148,9;"RIO BRANCO";"Defeito na Via";"Saída de leito carroçável";"Com Vítimas Feridas";"Pleno dia";"Crescente";"Nublado";"Dupla";"Reta";"Não";2;0;1;0;1;0;1;1;-9,88690631;-67,90025345;"SPRF-AC";"DEL01-AC";"UOP01-DEL01-AC"
197108;2019-03-15;"sexta-feira";"10:12:00";"PR";277;592;"CASCAVEL";"Desobediência às normas de trânsito pelo condutor";"Colisão transversal";"Com Vítimas Feridas";"Pleno dia";"Crescente";"Sol";"Simples";"Interseção de Vias";"Sim";2;0;1;0;1;0;1;2;-24,98285697;-53,47319399;"SPRF-PR";"DEL04-PR";"UOP01-DEL04-PR"
197109;2019-03-15;"sexta-feira";"07:00:00";"MA";135;5;"SAO LUIS";"Falta de Atenção à Condução";"Colisão lateral";"Com Vítimas Feridas";"Pleno dia";"Decrescente";"Céu Claro";"Dupla";"Reta";"Sim";3;0;3;0;0;0;3;2;-2,62145385;-44,25797421;"SPRF-MA";"DEL01-MA";"UOP01-DEL01-MA"
197112;2019-03-15;"sexta-feira";"13:00:00";"ES";101;270,7;"SERRA";"Falta de Atenção à Condução";"Colisão traseira";"Com Vítimas Feridas";"Pleno dia";"Crescente";"Nublado";"Múltipla";"Reta";"Sim";3;0;1;1;1;0;2;3;-20,22662056;-40,27075088;"SPRF-ES";"DEL02-ES";"UOP01-DEL02-ES"
197114;2019-03-15;"sexta-feira";"13:45:00";"RJ";116;165;"RIO DE JANEIRO";"Falta de Atenção à Condução";"Colisão com objeto estático";"Com Vítimas Feridas";"Pleno dia";"Decrescente";"Céu Claro";"Múltipla";"Reta";"Não";2;0;2;0;0;0;2;1;-22,81548519;-43,29087405;"SPRF-RJ";"DEL01-RJ";"UOP02-DEL01-RJ"
197115;2019-03-15;"sexta-feira";"07:20:00";"RJ";101;404;"ITAGUAI";"Falta de Atenção à Condução";"Capotamento";"Com Vítimas Feridas";"Pleno dia";"Decrescente";"Céu Claro";"Dupla";"Reta";"Não";1;0;1;0;0;0;1;1;-22,86342703;-43,79642098;"SPRF-RJ";"DEL03-RJ";"UOP01-DEL03-RJ"
197116;2019-03-15;"sexta-feira";"14:15:00";"SC";280;55,9;"GUARAMIRIM";"Desobediência às normas de trânsito pelo condutor";"Colisão frontal";"Com Vítimas Feridas";"Pleno dia";"Decrescente";"Chuva";"Simples";"Reta";"Sim";2;0;1;0;1;0;1;2;-26,47949289;-49,00667657;"SPRF-SC";"DEL03-SC";"UOP03-DEL03-SC"
197124;2019-03-15;"sexta-feira";"14:20:00";"ES";101;268,2;"SERRA";"Falta de Atenção à Condução";"Tombamento";"Com Vítimas Feridas";"Pleno dia";"Crescente";"Nublado";"Múltipla";"Reta";"Sim";2;0;1;0;1;0;1;1;-20,20842;-40,269405;"SPRF-ES";"DEL02-ES";"UOP01-DEL02-ES"
197127;2019-03-15;"sexta-feira";"15:40:00";"MG";40;549;"NOVA LIMA";"Mal Súbito";"Saída de leito carroçável";"Com Vítimas Feridas";"Pleno dia";"Decrescente";"Céu Claro";"Dupla";"Reta;Declive";"Sim";1;0;1;0;0;0;1;1;-20,03972326;-43,96703232;"SPRF-MG";"DEL01-MG";"UOP02-DEL01-MG"
197128;2019-03-15;"sexta-feira";"15:15:00";"SC";101;210,7;"SAO JOSE";"Não guardar distância de segurança";"Colisão transversal";"Com Vítimas Feridas";"Pleno dia";"Decrescente";"Céu Claro";"Múltipla";"Reta";"Sim";3;0;2;0;1;0;2;2;-27,59193546;-48,61824557;"SPRF-SC";"DEL01-SC";"UOP01-DEL01-SC"
197129;2019-03-15;"sexta-feira";"14:00:00";"SC";101;136;"BALNEARIO CAMBORIU";"Não guardar distância de segurança";"Colisão traseira";"Com Vítimas Feridas";"Pleno dia";"Decrescente";"Céu Claro";"Dupla";"Reta";"Sim";2;0;1;0;1;0;1;2;-27,008113;-48,617245;"SPRF-SC";"DEL04-SC";"UOP03-DEL04-SC"
197130;2019-03-15;"sexta-feira";"14:25:00";"SC";101;405,2;"ARARANGUA";"Defeito Mecânico no Veículo";"Tombamento";"Com Vítimas Feridas";"Pleno dia";"Decrescente";"Sol";"Dupla";"Reta";"Não";1;0;1;0;0;0;1;1;-28,88548916;-49,4630158;"SPRF-SC";"DEL02-SC";"UOP02-DEL02-SC"
197131;2019-03-15;"sexta-feira";"15:45:00";"SC";101;213;"PALHOCA";"Fenômenos da Natureza";"Colisão lateral";"Com Vítimas Feridas";"Pleno dia";"Decrescente";"Céu Claro";"Dupla";"Reta";"Sim";3;0;1;0;2;0;1;3;-27,63697369;-48,66514142;"SPRF-SC";"DEL01-SC";"UOP02-DEL01-SC"
197132;2019-02-02;"sábado";"21:00:00";"SC";101;129,2;"BALNEARIO CAMBORIU";"Falta de Atenção do Pedestre";"Atropelamento de Pedestre";"Com Vítimas Fatais";"Plena Noite";"Crescente";"Chuva";"Dupla";"Reta";"Não";4;1;0;0;3;0;0;4;-26,984;-48,6695;"SPRF-SC";"DEL04-SC";"UOP03-DEL04-SC"
197133;2019-03-15;"sexta-feira";"15:40:00";"PB";230;70;"SAO MIGUEL DE TAIPU";"Falta de Atenção do Pedestre";"Atropelamento de Pedestre";"Com Vítimas Feridas";"Pleno dia";"Decrescente";"Céu Claro";"Dupla";"Reta";"Sim";3;0;0;1;1;1;1;2;-7,1919;-35,2261;"SPRF-PB";"DEL01-PB";"UOP03-DEL01-PB"
197134;2019-03-15;"sexta-feira";"15:30:00";"SP";381;57;"MAIRIPORA";"Falta de Atenção à Condução";"Colisão traseira";"Com Vítimas Feridas";"Pleno dia";"Decrescente";"Nublado";"Dupla";"Reta";"Sim";3;0;1;1;1;0;2;2;-23,2658219;-46,5839857;"SPRF-SP";"DEL03-SP";"UOP01-DEL03-SP"
197137;2019-03-15;"sexta-feira";"15:19:00";"RJ";101;146;"MACAE";"Ultrapassagem Indevida";"Capotamento";"Com Vítimas Feridas";"Pleno dia";"Crescente";"Nublado";"Simples";"Reta";"Não";1;0;1;0;0;0;1;1;-22,2247969;-41,76777109;"SPRF-RJ";"DEL02-RJ";"UOP04-DEL08-RJ"
197139;2019-03-15;"sexta-feira";"16:20:00";"PE";408;82;"PAUDALHO";"Falta de Atenção à Condução";"Tombamento";"Sem Vítimas";"Pleno dia";"Decrescente";"Céu Claro";"Dupla";"Curva";"Não";1;0;0;0;0;1;0;1;-7,94114095;-35,12370495;"SPRF-PE";"DEL01-PE";"UOP01-DEL01-PE"
197140;2019-03-15;"sexta-feira";"16:00:00";"SP";116;144,8;"SAO JOSE DOS CAMPOS";"Falta de Atenção à Condução";"Colisão lateral";"Com Vítimas Feridas";"Pleno dia";"Crescente";"Chuva";"Dupla";"Reta";"Sim";2;0;1;0;1;0;1;2;-23,18518466;-45,85141659;"SPRF-SP";"DEL02-SP";"UOP01-DEL02-SP"
197141;2019-03-15;"sexta-feira";"16:30:00";"PB";230;26,8;"JOAO PESSOA";"Não guardar distância de segurança";"Colisão traseira";"Com Vítimas Feridas";"Pleno dia";"Crescente";"Céu Claro";"Múltipla";"Reta";"Não";2;0;0;1;1;0;1;2;-7,1693;-34,8782;"SPRF-PB";"DEL01-PB";"UOP01-DEL01-PB"
197142;2019-03-15;"sexta-feira";"16:15:00";"PR";116;100,3;"SAO JOSE DOS PINHAIS";"Falta de Atenção do Pedestre";"Atropelamento de Pedestre";"Com Vítimas Feridas";"Pleno dia";"Crescente";"Céu Claro";"Dupla";"Reta";"Sim";2;0;1;0;1;0;1;2;-25,53379421;-49,14663578;"SPRF-PR";"DEL01-PR";"UOP01-DEL01-PR"
197143;2019-03-15;"sexta-feira";"16:10:00";"MG";40;572;"ITABIRITO";"Falta de Atenção à Condução";"Colisão lateral";"Com Vítimas Feridas";"Pleno dia";"Crescente";"Nublado";"Simples";"Reta";"Não";2;0;1;0;1;0;1;2;-20,23058501;-43,96905104;"SPRF-MG";"DEL01-MG";"UOP02-DEL01-MG"
197144;2019-03-15;"sexta-feira";"17:00:00";"SC";470;141;"RIO DO SUL";"Falta de Atenção à Condução";"Colisão transversal";"Com Vítimas Feridas";"Pleno dia";"Decrescente";"Céu Claro";"Múltipla";"Rotatória";"Sim";2;0;1;0;1;0;1;2;-27,2023315;-49,63367701;"SPRF-SC";"DEL04-SC";"UOP02-DEL04-SC"
197145;2019-03-15;"sexta-feira";"16:50:00";"SC";101;217,9;"PALHOCA";"Desobediência às normas de trânsito pelo condutor";"Colisão frontal";"Com Vítimas Feridas";"Pleno dia";"Crescente";"Nublado";"Dupla";"Reta";"Sim";2;0;2;0;0;0;2;2;-27,66779034;-48,67393586;"SPRF-SC";"DEL01-SC";"UOP02-DEL01-SC"
197147;2019-03-15;"sexta-feira";"17:10:00";"RN";101;103;"PARNAMIRIM";"Falta de Atenção à Condução";"Colisão traseira";"Com Vítimas Feridas";"Anoitecer";"Crescente";"Nublado";"Múltipla";"Reta";"Sim";2;0;1;0;1;0;1;2;-5,89034022;-35,24894996;"SPRF-RN";"DEL01-RN";"UOP01-DEL01-RN"
197148;2019-03-15;"sexta-feira";"16:50:00";"SE";235;0,7;"ARACAJU";"Falta de Atenção à Condução";"Colisão transversal";"Com Vítimas Feridas";"Pleno dia";"Crescente";"Céu Claro";"Dupla";"Reta";"Não";3;0;2;0;1;0;2;2;-10,9087;-37,0855;"SPRF-SE";"DEL01-SE";"UOP01-DEL01-SE"
197149;2019-03-15;"sexta-feira";"15:20:00";"MG";381;528,5;"BRUMADINHO";"Velocidade Incompatível";"Engavetamento";"Com Vítimas Feridas";"Pleno dia";"Crescente";"Chuva";"Dupla";"Curva";"Não";3;0;2;0;1;0;2;3;-20,16368096;-44,36025002;"SPRF-MG";"DEL04-MG";"UOP03-DEL04-MG"
197151;2019-03-15;"sexta-feira";"15:30:00";"MG";381;529,1;"BRUMADINHO";"Velocidade Incompatível";"Saída de leito carroçável";"Com Vítimas Feridas";"Pleno dia";"Decrescente";"Chuva";"Dupla";"Curva";"Não";1;0;1;0;0;0;1;1;-20,16619722;-44,36914378;"SPRF-MG";"DEL04-MG";"UOP03-DEL04-MG"
197152;2019-03-15;"sexta-feira";"14:46:00";"MT";163;507;"DIAMANTINO";"Pista Escorregadia";"Colisão lateral";"Sem Vítimas";"Pleno dia";"Crescente";"Chuva";"Dupla";"Reta";"Não";2;0;0;0;2;0;0;2;-14,52827058;-56,22671306;"SPRF-MT";"DEL01-MT";"UOP01-DEL01-MT"
197153;2019-03-15;"sexta-feira";"16:30:00";"SC";101;362,5;"SANGAO";"Falta de Atenção à Condução";"Colisão traseira";"Com Vítimas Feridas";"Pleno dia";"Crescente";"Céu Claro";"Dupla";"Declive";"Sim";3;0;2;0;1;0;2;2;-28,67136197;-49,12225505;"SPRF-SC";"DEL02-SC";"UOP01-DEL02-SC"
197155;2019-03-15;"sexta-feira";"15:55:00";"PR";476;288;"SAO MATEUS DO SUL";"Ingestão de Álcool";"Colisão frontal";"Com Vítimas Feridas";"Pleno dia";"Crescente";"Nublado";"Simples";"Reta";"Não";5;0;2;0;3;0;2;2;-25,926044;-50,464188;"SPRF-PR";"DEL02-PR";"UOP04-DEL02-PR"
197156;2019-03-15;"sexta-feira";"17:45:00";"GO";153;498;"GOIANIA";"Não guardar distância de segurança";"Engavetamento";"Com Vítimas Feridas";"Pleno dia";"Crescente";"Céu Claro";"Dupla";"Reta";"Sim";3;0;2;0;1;0;2;3;-16,6939;-49,2321;"SPRF-GO";"DEL01-GO";"UOP01-DEL01-GO"
197158;2019-03-15;"sexta-feira";"11:20:00";"RO";435;86;"COLORADO DO OESTE";"Velocidade Incompatível";"Colisão transversal";"Com Vítimas Feridas";"Pleno dia";"Crescente";"Sol";"Simples";"Reta";"Sim";2;0;1;0;1;0;1;2;-13,12026846;-60,54055407;"SPRF-RO";"DEL04-RO";"UOP02-DEL04-RO"
197159;2019-03-15;"sexta-feira";"17:30:00";"MG";262;36,4;"MANHUACU";"Desobediência às normas de trânsito pelo condutor";"Colisão transversal";"Com Vítimas Feridas";"Pleno dia";"Crescente";"Nublado";"Simples";"Reta";"Sim";2;0;1;0;1;0;1;2;-20,25932046;-42,02298331;"SPRF-MG";"DEL06-MG";"UOP03-DEL06-MG"
197161;2019-03-15;"sexta-feira";"17:50:00";"PE";232;133;"CARUARU";"Não guardar distância de segurança";"Colisão traseira";"Com Vítimas Feridas";"Anoitecer";"Crescente";"Céu Claro";"Dupla";"Reta";"Sim";3;0;2;0;1;0;2;2;-8,30607988;-36,01576003;"SPRF-PE";"DEL02-PE";"UOP03-DEL02-PE"
197162;2019-03-15;"sexta-feira";"17:40:00";"SP";381;69,8;"MAIRIPORA";"Pista Escorregadia";"Colisão lateral";"Com Vítimas Feridas";"Pleno dia";"Decrescente";"Chuva";"Múltipla";"Curva";"Sim";2;0;1;0;1;0;1;2;-23,34553108;-46,56787903;"SPRF-SP";"DEL03-SP";"UOP01-DEL03-SP"
197164;2019-03-15;"sexta-feira";"17:00:00";"PR";376;474;"PONTA GROSSA";"Condutor Dormindo";"Saída de leito carroçável";"Sem Vítimas";"Pleno dia";"Crescente";"Céu Claro";"Dupla";"Curva";"Não";1;0;0;0;1;0;0;1;-25,04786596;-50,23557994;"SPRF-PR";"DEL03-PR";"UOP01-DEL03-PR"
197165;2019-03-15;"sexta-feira";"17:30:00";"ES";262;123,8;"CONCEICAO DO CASTELO";"Velocidade Incompatível";"Colisão frontal";"Com Vítimas Feridas";"Plena Noite";"Decrescente";"Céu Claro";"Simples";"Curva";"Não";3;0;1;2;0;0;3;2;-20,2909777;-41,24798896;"SPRF-ES";"DEL01-ES";"UOP02-DEL01-ES"
197167;2019-03-15;"sexta-feira";"17:40:00";"PB";230;71,3;"SOBRADO";"Defeito na Via";"Tombamento";"Com Vítimas Feridas";"Plena Noite";"Crescente";"Céu Claro";"Dupla";"Reta";"Não";1;0;0;1;0;0;1;1;-7,1913;-35,2333;"SPRF-PB";"DEL01-PB";"UOP03-DEL01-PB"
197169;2019-03-15;"sexta-feira";"17:30:00";"SP";116;273,2;"TABOAO DA SERRA";"Falta de Atenção à Condução";"Colisão lateral";"Com Vítimas Feridas";"Anoitecer";"Crescente";"Chuva";"Dupla";"Reta";"Sim";2;0;1;0;0;1;1;2;-23,62809795;-46,81870306;"SPRF-SP";"DEL04-SP";"UOP01-DEL04-SP"
197170;2019-03-15;"sexta-feira";"15:40:00";"RJ";40;65;"PETROPOLIS";"Não guardar distância de segurança";"Colisão traseira";"Com Vítimas Feridas";"Pleno dia";"Crescente";"Céu Claro";"Dupla";"Reta";"Não";2;0;1;0;1;0;1;2;-22,427473;-43,16011;"SPRF-RJ";"DEL06-RJ";"UOP01-DEL06-RJ"
197173;2019-03-15;"sexta-feira";"18:30:00";"MG";50;70;"UBERLANDIA";"Não guardar distância de segurança";"Colisão traseira";"Sem Vítimas";"Plena Noite";"Crescente";"Vento";"Dupla";"Reta;Declive;Viaduto";"Sim";3;0;0;0;3;0;0;3;-18,85140204;-48,25345932;"SPRF-MG";"DEL15-MG";"UOP01-DEL15-MG"
197174;2019-03-15;"sexta-feira";"16:00:00";"MA";135;4,3;"SAO LUIS";"Falta de Atenção à Condução";"Colisão transversal";"Com Vítimas Feridas";"Pleno dia";"Crescente";"Céu Claro";"Dupla";"Reta";"Sim";2;0;0;1;1;0;1;2;-2,61424881;-44,25257023;"SPRF-MA";"DEL01-MA";"UOP01-DEL01-MA"
197177;2019-03-15;"sexta-feira";"14:00:00";"PI";222;48;"BRASILEIRA";"Condutor Dormindo";"Saída de leito carroçável";"Com Vítimas Feridas";"Pleno dia";"Crescente";"Céu Claro";"Simples";"Reta";"Não";1;0;1;0;0;0;1;1;-4,12017503;-41,59077498;"SPRF-PI";"DEL02-PI";"UOP01-DEL02-PI"
197178;2019-03-15;"sexta-feira";"18:20:00";"BA";116;16,6;"VITORIA DA CONQUISTA";"Falta de Atenção à Condução";"Colisão transversal";"Com Vítimas Feridas";"Anoitecer";"Crescente";"Céu Claro";"Simples";"Reta";"Sim";2;0;1;0;1;0;1;2;-14,851;-40,8485;"SPRF-BA";"DEL08-BA";"UOP01-DEL08-BA"
197179;2019-03-15;"sexta-feira";"18:10:00";"CE";222;4;"CAUCAIA";"Falta de Atenção à Condução";"Colisão traseira";"Com Vítimas Feridas";"Plena Noite";"Decrescente";"Chuva";"Múltipla";"Reta";"Não";3;0;1;0;2;0;1;3;-3,74164754;-38,60449792;"SPRF-CE";"DEL01-CE";"UOP01-DEL01-CE"
197180;2019-03-15;"sexta-feira";"18:20:00";"RN";110;45,8;"MOSSORO";"Falta de Atenção à Condução";"Atropelamento de Pedestre";"Com Vítimas Feridas";"Plena Noite";"Crescente";"Ignorado";"Simples";"Reta";"Não";2;0;1;0;0;1;1;2;-5,19257993;-37,31114905;"SPRF-RN";"DEL04-RN";"UOP01-DEL04-RN"
197182;2019-03-15;"sexta-feira";"18:00:00";"RS";158;506;"SANTANA DO LIVRAMENTO";"Agressão Externa";"Saída de leito carroçável";"Com Vítimas Feridas";"Pleno dia";"Crescente";"Céu Claro";"Simples";"Ponte";"Não";1;0;1;0;0;0;1;1;-30,57999697;-55,08750916;"SPRF-RS";"DEL11-RS";"UOP01-DEL11-RS"
197184;2019-03-15;"sexta-feira";"14:25:00";"MA";222;297,3;"VITORIA DO MEARIM";"Desobediência às normas de trânsito pelo condutor";"Colisão frontal";"Com Vítimas Feridas";"Pleno dia";"Decrescente";"Céu Claro";"Simples";"Curva";"Não";3;0;0;1;1;1;1;3;-3,48573187;-44,87468118;"SPRF-MA";"DEL02-MA";"UI04-DEL02-MA"
197185;2019-03-15;"sexta-feira";"16:00:00";"BA";367;64,7;"PORTO SEGURO";"Defeito Mecânico no Veículo";"Incêndio";"Sem Vítimas";"Pleno dia";"Decrescente";"Céu Claro";"Simples";"Reta";"Não";1;0;0;0;0;1;0;1;-16,39485517;-39,41850207;"SPRF-BA";"DEL09-BA";"UOP01-DEL09-BA"
197186;2019-03-15;"sexta-feira";"14:00:00";"BA";110;380;"CATU";"Ultrapassagem Indevida";"Colisão frontal";"Com Vítimas Feridas";"Pleno dia";"Crescente";"Céu Claro";"Simples";"Reta";"Não";2;0;1;1;0;0;2;2;-12,45037302;-38,47443191;"SPRF-BA";"DEL01-BA";"UOP04-DEL01-BA"
197187;2019-03-15;"sexta-feira";"19:05:00";"PR";277;723,9;"FOZ DO IGUACU";"Ingestão de Álcool";"Colisão transversal";"Com Vítimas Feridas";"Anoitecer";"Decrescente";"Nublado";"Dupla";"Reta";"Sim";3;0;1;0;2;0;1;2;-25,49878215;-54,52985294;"SPRF-PR";"DEL05-PR";"UOP01-DEL05-PR"
197190;2019-03-15;"sexta-feira";"19:00:00";"ES";101;3,4;"ICONHA";"Velocidade Incompatível";"Tombamento";"Com Vítimas Feridas";"Anoitecer";"Decrescente";"Nublado";"Dupla";"Curva";"Não";1;0;0;1;0;0;1;1;-20,8085963;-40,8040263;"SPRF-ES";"DEL04-ES";"UOP02-DEL04-ES"
197191;2019-03-11;"segunda-feira";"14:00:00";"SC";101;416;"ARARANGUA";"Falta de Atenção à Condução";"Atropelamento de Pedestre";"Com Vítimas Feridas";"Pleno dia";"Decrescente";"Nublado";"Dupla";"Interseção de Vias";"Sim";2;0;1;0;1;0;1;2;-28,96708874;-49,52338825;"SPRF-SC";"DEL02-SC";"UOP02-DEL02-SC"
197194;2019-03-15;"sexta-feira";"18:40:00";"MS";163;489;"CAMPO GRANDE";"Falta de Atenção à Condução";"Saída de leito carroçável";"Sem Vítimas";"Plena Noite";"Decrescente";"Céu Claro";"Simples";"Reta";"Sim";1;0;0;0;0;1;0;1;-20,40828185;-54,55160067;"SPRF-MS";"DEL01-MS";"UOP02-DEL01-MS"
197195;2019-03-15;"sexta-feira";"17:30:00";"PB";405;11;"UIRAUNA";"Falta de Atenção à Condução";"Colisão transversal";"Com Vítimas Feridas";"Anoitecer";"Crescente";"Nublado";"Simples";"Reta";"Não";2;0;0;1;1;0;1;2;-6,539756;-38,413567;"SPRF-PB";"DEL03-PB";"UOP03-DEL03-PB"
197196;2019-03-15;"sexta-feira";"17:50:00";"PR";277;516,6;"GUARANIACU";"Pista Escorregadia";"Saída de leito carroçável";"Com Vítimas Feridas";"Anoitecer";"Crescente";"Chuva";"Simples";"Reta";"Não";2;0;2;0;0;0;2;1;-25,114614;-52,81893969;"SPRF-PR";"DEL04-PR";"UOP04-DEL04-PR"
197198;2019-03-15;"sexta-feira";"18:50:00";"MG";381;831,1;"SAO SEBASTIAO DA BELA VISTA";"Falta de Atenção do Pedestre";"Atropelamento de Pedestre";"Com Vítimas Feridas";"Plena Noite";"Decrescente";"Nublado";"Dupla";"Reta";"Sim";2;0;1;0;1;0;1;2;-22,14509897;-45,81876904;"SPRF-MG";"DEL16-MG";"UOP01-DEL16-MG"
197201;2019-03-15;"sexta-feira";"20:20:00";"PE";232;514,6;"SALGUEIRO";"Animais na Pista";"Atropelamento de Animal";"Com Vítimas Feridas";"Plena Noite";"Crescente";"Céu Claro";"Simples";"Reta";"Não";1;0;1;0;0;0;1;1;-8,07047961;-39,17138084;"SPRF-PE";"DEL05-PE";"UOP01-DEL05-PE"
197202;2019-03-15;"sexta-feira";"18:00:00";"SC";116;267,9;"CAPAO ALTO";"Defeito Mecânico no Veículo";"Incêndio";"Sem Vítimas";"Anoitecer";"Crescente";"Céu Claro";"Simples";"Reta";"Não";1;0;0;0;1;0;0;1;-27,95953332;-50,48938751;"SPRF-SC";"DEL05-SC";"UOP02-DEL05-SC"
197203;2019-03-15;"sexta-feira";"20:10:00";"CE";116;13;"FORTALEZA";"Pista Escorregadia";"Tombamento";"Com Vítimas Feridas";"Plena Noite";"Crescente";"Chuva";"Múltipla";"Reta";"Sim";8;0;8;0;0;0;8;1;-3,86088501;-38,49715296;"SPRF-CE";"DEL01-CE";"UOP02-DEL01-CE"
197206;2019-03-15;"sexta-feira";"19:45:00";"MS";262;246,4;"RIBAS DO RIO PARDO";"Ingestão de Álcool";"Queda de ocupante de veículo";"Com Vítimas Feridas";"Plena Noite";"Crescente";"Nevoeiro/Neblina";"Simples";"Reta";"Não";1;0;1;0;0;0;1;1;-20,44481685;-53,81931889;"SPRF-MS";"DEL01-MS";"UOP01-DEL01-MS"
197209;2019-03-15;"sexta-feira";"20:40:00";"RJ";101;477;"ANGRA DOS REIS";"Ingestão de Álcool";"Colisão transversal";"Com Vítimas Feridas";"Plena Noite";"Crescente";"Chuva";"Simples";"Curva";"Não";3;0;2;0;1;0;2;2;-22,99820396;-44,26554599;"SPRF-RJ";"DEL03-RJ";"UOP03-DEL03-RJ"
197212;2019-03-15;"sexta-feira";"21:15:00";"ES";101;143,7;"LINHARES";"Não guardar distância de segurança";"Colisão lateral";"Com Vítimas Feridas";"Plena Noite";"Decrescente";"Nublado";"Simples";"Reta";"Sim";2;0;1;1;0;0;2;1;-19,34286596;-40,0638568;"SPRF-ES";"DEL04-ES";"UOP01-DEL04-ES"
197214;2019-03-15;"sexta-feira";"21:10:00";"SC";101;206;"SAO JOSE";"Falta de Atenção à Condução";"Colisão traseira";"Com Vítimas Feridas";"Plena Noite";"Decrescente";"Nublado";"Múltipla";"Reta";"Sim";1;0;1;0;0;0;1;1;-27,59193546;-48,61824557;"SPRF-SC";"DEL01-SC";"UOP01-DEL01-SC"
197217;2019-03-15;"sexta-feira";"22:00:00";"MG";40;702,5;"BARBACENA";"Pista Escorregadia";"Queda de ocupante de veículo";"Com Vítimas Feridas";"Plena Noite";"Crescente";"Chuva";"Simples";"Reta";"Não";1;0;1;0;0;0;1;1;-21,19178602;-43,75167711;"SPRF-MG";"DEL05-MG";"UOP02-DEL05-MG"
197221;2019-03-15;"sexta-feira";"21:10:00";"SC";101;86,1;"BARRA VELHA";"Falta de Atenção à Condução";"Colisão lateral";"Sem Vítimas";"Plena Noite";"Crescente";"Nublado";"Dupla";"Reta";"Sim";2;0;0;0;2;0;0;2;-26,6382483;-48,69532764;"SPRF-SC";"DEL03-SC";"UOP02-DEL03-SC"
197222;2019-03-15;"sexta-feira";"22:40:00";"GO";40;12,2;"LUZIANIA";"Falta de Atenção à Condução";"Colisão lateral";"Sem Vítimas";"Plena Noite";"Decrescente";"Céu Claro";"Dupla";"Reta";"Sim";2;0;0;0;2;0;0;2;-16,145123;-47,945382;"SPRF-DF";"DEL01-DF";"UOP01-DEL01-DF"
197224;2019-03-15;"sexta-feira";"21:30:00";"PR";476;59;"TUNAS DO PARANA";"Falta de Atenção à Condução";"Queda de ocupante de veículo";"Com Vítimas Feridas";"Plena Noite";"Decrescente";"Nublado";"Simples";"Curva";"Não";1;0;1;0;0;0;1;1;-24,996725;-49,082588;"SPRF-PR";"DEL01-PR";"UOP01-DEL01-PR"
197226;2019-03-15;"sexta-feira";"21:10:00";"SC";101;366,5;"SANGAO";"Ingestão de Álcool";"Tombamento";"Com Vítimas Feridas";"Plena Noite";"Decrescente";"Céu Claro";"Dupla";"Reta";"Não";1;0;0;1;0;0;1;1;-28,68718511;-49,15621795;"SPRF-SC";"DEL02-SC";"UOP01-DEL02-SC"
197228;2019-03-15;"sexta-feira";"19:20:00";"PI";343;133;"PIRACURUCA";"Desobediência às normas de trânsito pelo condutor";"Colisão traseira";"Com Vítimas Feridas";"Plena Noite";"Crescente";"Chuva";"Simples";"Reta";"Não";2;0;1;0;1;0;1;2;-3,833111;-41,693443;"SPRF-PI";"DEL02-PI";"UOP01-DEL02-PI"
197229;2019-03-15;"sexta-feira";"22:45:00";"SC";101;206;"SAO JOSE";"Ingestão de Álcool";"Colisão traseira";"Com Vítimas Feridas";"Plena Noite";"Decrescente";"Nublado";"Múltipla";"Reta";"Sim";2;0;1;0;1;0;1;2;-27,59193546;-48,61824557;"SPRF-SC";"DEL01-SC";"UOP01-DEL01-SC"
197230;2019-03-15;"sexta-feira";"17:00:00";"RO";364;397;"OURO PRETO DO OESTE";"Fenômenos da Natureza";"Saída de leito carroçável";"Com Vítimas Feridas";"Pleno dia";"Crescente";"Chuva";"Simples";"Curva";"Não";5;0;1;0;4;0;1;1;-10,62448513;-62,32582215;"SPRF-RO";"DEL03-RO";"UOP02-DEL03-RO"