"id";"data_inversa";"dia_semana";"horario";"uf";"br";"km";"municipio";"causa_acidente";"tipo_acidente";"classificacao_acidente";"fase_dia";"sentido_via";"condicao_metereologica";"tipo_pista";"tracado_via";"uso_solo";"pessoas";"mortos";"feridos_leves";"feridos_graves";"ilesos";"ignorados";"feridos";"veiculos";"latitude";"longitude";"regional";"delegacia";"uop"
197355;2019-03-16;"sábado";"15:00:00";"ES";101;266,2;"SERRA";"Desobediência às normas de trânsito pelo condutor";"Colisão transversal";"Com Vítimas Feridas";"Pleno dia";"Crescente";"Sol";"Múltipla";"Interseção de Vias";"Sim";2;0;0;1;1;0;1;2;-20,19374066;-40,26866913;"SPRF-ES";"DEL02-ES";"UOP01-DEL02-ES"
197357;2019-03-16;"sábado";"15:20:00";"PE";232;136;"CARUARU";"Falta de Atenção à Condução";"Colisão com objeto estático";"Com Vítimas Feridas";"Pleno dia";"Crescente";"Sol";"Dupla";"Reta";"Não";1;0;1;0;0;0;1;1;-8,31589863;-36,05040211;"SPRF-PE";"DEL02-PE";"UOP03-DEL02-PE"
197360;2019-03-16;"sábado";"15:00:00";"GO";153;574,9;"PROFESSOR JAMIL";"Falta de Atenção à Condução";"Capotamento";"Com Vítimas Feridas";"Pleno dia";"Decrescente";"Nublado";"Dupla";"Curva";"Não";2;0;2;0;0;0;2;1;-17,3387;-49,2399;"SPRF-GO";"DEL03-GO";"UOP01-DEL03-GO"
197363;2019-03-16;"sábado";"14:55:00";"RS";470;187,9;"VERANOPOLIS";"Ingestão de Álcool";"Saída de leito carroçável";"Sem Vítimas";"Pleno dia";"Crescente";"Nublado";"Simples";"Reta";"Sim";1;0;0;0;1;0;0;1;-29,00758677;-51,5580225;"SPRF-RS";"DEL06-RS";"UOP02-DEL06-RS"
197364;2019-03-16;"sábado";"15:50:00";"SC";101;138;"BALNEARIO CAMBORIU";"Desobediência às normas de trânsito pelo condutor";"Queda de ocupante de veículo";"Com Vítimas Feridas";"Pleno dia";"Crescente";"Céu Claro";"Múltipla";"Curva";"Não";2;0;1;0;1;0;1;1;-27,02397426;-48,60761649;"SPRF-SC";"DEL04-SC";"UOP03-DEL04-SC"
197367;2019-03-16;"sábado";"12:30:00";"PA";316;94;"IGARAPE-ACU";"Falta de Atenção à Condução";"Capotamento";"Com Vítimas Fatais";"Pleno dia";"Decrescente";"Céu Claro";"Simples";"Reta";"Não";2;1;0;1;0;0;1;1;-1,32568297;-47,656705;"SPRF-PA";"DEL01-PA";"UOP02-DEL01-PA"
197369;2019-03-16;"sábado";"03:15:00";"MG";459;92;"POUSO ALEGRE";"Velocidade Incompatível";"Saída de leito carroçável";"Com Vítimas Feridas";"Plena Noite";"Decrescente";"Ignorado";"Simples";"Curva";"Não";3;0;1;0;0;2;1;2;-22,173647;-46,001644;"SPRF-MG";"DEL13-MG";"UOP01-DEL13-MG"
197370;2019-03-16;"sábado";"15:40:00";"MG";262;402;"PARA DE MINAS";"Falta de Atenção à Condução";"Saída de leito carroçável";"Com Vítimas Feridas";"Pleno dia";"Decrescente";"Sol";"Dupla";"Ponte";"Não";2;0;0;2;0;0;2;1;-19,89743381;-44,56208695;"SPRF-MG";"DEL08-MG";"UOP03-DEL08-MG"
197371;2019-03-16;"sábado";"16:00:00";"PR";376;135;"NOVA ESPERANCA";"Falta de Atenção à Condução";"Tombamento";"Com Vítimas Feridas";"Pleno dia";"Crescente";"Nublado";"Dupla";"Reta";"Não";1;0;1;0;0;0;1;1;-23,20194138;-52,19689503;"SPRF-PR";"DEL07-PR";"UOP02-DEL09-PR"
197372;2019-03-16;"sábado";"13:25:00";"RJ";116;99;"GUAPIMIRIM";"Falta de Atenção à Condução";"Queda de ocupante de veículo";"Com Vítimas Feridas";"Pleno dia";"Decrescente";"Nublado";"Múltipla";"Curva;Aclive";"Não";2;0;1;0;1;0;1;1;-22,48851488;-42,99935184;"SPRF-RJ";"DEL04-RJ";"UOP02-DEL04-RJ"
197373;2019-03-16;"sábado";"13:45:00";"RS";392;120,5;"CANGUCU";"Falta de Atenção à Condução";"Saída de leito carroçável";"Com Vítimas Feridas";"Pleno dia";"Decrescente";"Céu Claro";"Simples";"Reta";"Sim";1;0;1;0;0;0;1;1;-31,39139698;-52,6887662;"SPRF-RS";"DEL07-RS";"UOP01-DEL07-RS"
197374;2019-03-16;"sábado";"15:20:00";"PB";230;16,8;"JOAO PESSOA";"Desobediência às normas de trânsito pelo condutor";"Tombamento";"Com Vítimas Feridas";"Pleno dia";"Decrescente";"Céu Claro";"Dupla";"Reta";"Sim";2;0;1;1;0;0;2;1;-7,1121;-34,8426;"SPRF-PB";"DEL01-PB";"UOP01-DEL01-PB"
197377;2019-03-16;"sábado";"15:30:00";"BA";324;559;"SAO SEBASTIAO DO PASSE";"Falta de Atenção à Condução";"Engavetamento";"Sem Vítimas";"Pleno dia";"Crescente";"Nublado";"Dupla";"Reta";"Não";6;0;0;0;6;0;0;6;-12,48716788;-38,66087791;"SPRF-BA";"DEL01-BA";"UOP01-DEL01-BA"
197378;2019-03-16;"sábado";"16:50:00";"RS";158;318,8;"SANTA MARIA";"Pista Escorregadia";"Tombamento";"Com Vítimas Feridas";"Pleno dia";"Decrescente";"Nublado";"Simples";"Curva;Aclive";"Não";2;0;2;0;0;0;2;1;-29,66358197;-53,77555695;"SPRF-RS";"DEL09-RS";"UOP01-DEL09-RS"
197379;2019-03-16;"sábado";"16:15:00";"RJ";101;309;"SAO GONCALO";"Não guardar distância de segurança";"Colisão traseira";"Com Vítimas Feridas";"Pleno dia";"Decrescente";"Nublado";"Dupla";"Reta";"Sim";4;0;1;0;3;0;1;3;-22,79498873;-43,03446105;"SPRF-RJ";"DEL02-RJ";"DEL5/2-UOP04/RJ"
197383;2019-03-16;"sábado";"13:20:00";"RJ";40;120;"DUQUE DE CAXIAS";"Defeito Mecânico no Veículo";"Incêndio";"Sem Vítimas";"Pleno dia";"Decrescente";"Garoa/Chuvisco";"Múltipla";"Reta";"Sim";1;0;0;0;1;0;0;1;-22,77280597;-43,28626763;"SPRF-RJ";"DEL01-RJ";"UOP01-DEL01-RJ"
197384;2019-03-16;"sábado";"16:10:00";"SC";101;205;"SAO JOSE";"Falta de Atenção à Condução";"Colisão lateral";"Com Vítimas Feridas";"Pleno dia";"Crescente";"Céu Claro";"Múltipla";"Reta";"Não";2;0;1;0;1;0;1;2;-27,58313237;-48,61532885;"SPRF-SC";"DEL01-SC";"UOP01-DEL01-SC"
197386;2019-02-14;"quinta-feira";"23:00:00";"PE";101;95;"CABO DE SANTO AGOSTINHO";"Velocidade Incompatível";"Saída de leito carroçável";"Com Vítimas Fatais";"Plena Noite";"Decrescente";"Ignorado";"Dupla";"Reta";"Não";1;1;0;0;0;0;0;1;-8,2516;-35,0177;"SPRF-PE";"DEL01-PE";"UOP03-DEL01-PE"
197387;2019-03-16;"sábado";"15:55:00";"PR";272;390;"FAROL";"Pista Escorregadia";"Saída de leito carroçável";"Com Vítimas Feridas";"Pleno dia";"Decrescente";"Chuva";"Simples";"Curva";"Não";2;0;2;0;0;0;2;1;-24,08118154;-52,60671207;"SPRF-PR";"DEL04-PR";"UOP03-DEL09-PR"
197389;2019-03-16;"sábado";"15:13:00";"RO";319;47;"PORTO VELHO";"Pista Escorregadia";"Colisão transversal";"Com Vítimas Feridas";"Pleno dia";"Decrescente";"Chuva";"Simples";"Curva";"Não";2;0;1;0;1;0;1;2;-8,70064393;-63,99079487;"SPRF-RO";"DEL01-RO";"UOP01-DEL01-RO"
197390;2019-03-16;"sábado";"16:40:00";"MT";364;281;"JACIARA";"Falta de Atenção à Condução";"Queda de ocupante de veículo";"Com Vítimas Feridas";"Pleno dia";"Crescente";"Nublado";"Dupla";"Reta";"Não";2;0;2;0;0;0;2;1;-15,92806293;-55,02263499;"SPRF-MT";"DEL02-MT";"UOP02-DEL05-MT"
197391;2019-03-16;"sábado";"17:10:00";"RS";116;264;"CANOAS";"Não guardar distância de segurança";"Colisão traseira";"Sem Vítimas";"Anoitecer";"Crescente";"Céu Claro";"Múltipla";"Reta";"Sim";2;0;0;0;1;1;0;2;-29,914435;-51,17754495;"SPRF-RS";"DEL01-RS";"UOP01-DEL01-RS"
197392;2019-03-16;"sábado";"16:30:00";"SP";116;517,8;"CAJATI";"Velocidade Incompatível";"Colisão com objeto estático";"Com Vítimas Feridas";"Pleno dia";"Decrescente";"Chuva";"Simples";"Declive;Curva";"Não";4;0;1;0;3;0;1;1;-24,8768469;-48,22732309;"SPRF-SP";"DEL05-SP";"UAP01-DEL05-SP"
197393;2019-03-16;"sábado";"16:50:00";"RJ";40;113,8;"DUQUE DE CAXIAS";"Falta de Atenção à Condução";"Colisão com objeto estático";"Com Vítimas Feridas";"Pleno dia";"Decrescente";"Céu Claro";"Múltipla";"Reta";"Não";1;0;1;0;0;0;1;1;-22,70948502;-43,29040354;"SPRF-RJ";"DEL01-RJ";"UOP01-DEL01-RJ"
197394;2019-03-16;"sábado";"16:30:00";"DF";70;17,2;"BRASILIA";"Falta de Atenção à Condução";"Colisão lateral";"Com Vítimas Feridas";"Pleno dia";"Decrescente";"Céu Claro";"Simples";"Reta";"Não";2;0;1;0;1;0;1;2;-15,794133;-48,202095;"SPRF-DF";"DEL01-DF";"UOP02-DEL03-DF"
197395;2019-03-16;"sábado";"17:30:00";"PR";476;150;"ARAUCARIA";"Falta de Atenção à Condução";"Colisão lateral";"Sem Vítimas";"Anoitecer";"Crescente";"Chuva";"Dupla";"Reta";"Sim";2;0;0;0;2;0;0;2;-25,558477;-49,368313;"SPRF-PR";"DEL01-PR";"UOP06-DEL01-PR"
197396;2019-03-16;"sábado";"16:50:00";"ES";262;4;"CARIACICA";"Falta de Atenção à Condução";"Colisão transversal";"Com Vítimas Feridas";"Pleno dia";"Crescente";"Nublado";"Múltipla";"Reta";"Sim";2;0;0;1;1;0;1;2;-20,33609327;-40,37812784;"SPRF-ES";"DEL01-ES";"UOP01-DEL01-ES"
197397;2019-03-16;"sábado";"17:40:00";"PI";343;309,7;"ALTOS";"Falta de Atenção à Condução";"Colisão traseira";"Sem Vítimas";"Anoitecer";"Decrescente";"Céu Claro";"Simples";"Reta";"Sim";2;0;0;0;2;0;0;2;-5,04012;-42,476742;"SPRF-PI";"DEL01-PI";"UOP01-DEL01-PI"
197399;2019-03-16;"sábado";"16:00:00";"PB";412;127;"MONTEIRO";"Avarias e/ou desgaste excessivo no pneu";"Saída de leito carroçável";"Sem Vítimas";"Pleno dia";"Crescente";"Sol";"Simples";"Reta";"Não";1;0;0;0;1;0;0;1;-7,780533;-37,00621;"SPRF-PB";"DEL02-PB";"UOP02-DEL02-PB"
197400;2019-03-16;"sábado";"18:40:00";"RJ";101;55;"CAMPOS DOS GOYTACAZES";"Falta de Atenção à Condução";"Colisão com objeto em movimento";"Com Vítimas Feridas";"Plena Noite";"Crescente";"Chuva";"Simples";"Reta";"Não";1;0;1;0;0;0;1;1;-21,67827099;-41,31079872;"SPRF-RJ";"DEL08-RJ";"UOP01-DEL08-RJ"
197402;2019-03-16;"sábado";"14:30:00";"SC";470;126;"LONTRAS";"Defeito Mecânico no Veículo";"Tombamento";"Com Vítimas Feridas";"Pleno dia";"Decrescente";"Sol";"Simples";"Reta";"Não";2;0;2;0;0;0;2;1;-27,129;-49,538277;"SPRF-SC";"DEL04-SC";"UOP02-DEL04-SC"
197403;2019-03-16;"sábado";"17:00:00";"SC";470;98,6;"APIUNA";"Falta de Atenção à Condução";"Colisão transversal";"Com Vítimas Feridas";"Pleno dia";"Decrescente";"Sol";"Simples";"Reta";"Sim";3;0;2;0;0;1;2;2;-27,03600184;-49,39051149;"SPRF-SC";"DEL04-SC";"UOP01-DEL04-SC"
197404;2019-03-16;"sábado";"19:10:00";"SC";470;52,6;"BLUMENAU";"Desobediência às normas de trânsito pelo condutor";"Colisão transversal";"Com Vítimas Feridas";"Plena Noite";"Crescente";"Nublado";"Simples";"Interseção de Vias";"Sim";2;0;1;0;1;0;1;2;-26,86490769;-49,09925222;"SPRF-SC";"DEL04-SC";"UOP01-DEL04-SC"
197405;2019-03-16;"sábado";"18:50:00";"ES";101;289;"CARIACICA";"Ingestão de Álcool";"Colisão transversal";"Sem Vítimas";"Anoitecer";"Crescente";"Céu Claro";"Dupla";"Retorno Regulamentado";"Não";2;0;0;0;2;0;0;2;-20,28029304;-40,39302931;"SPRF-ES";"DEL01-ES";"UOP01-DEL01-ES"
197406;2019-03-16;"sábado";"17:30:00";"MG";50;174,2;"UBERABA";"Ingestão de Álcool";"Colisão lateral";"Com Vítimas Feridas";"Pleno dia";"Decrescente";"Nublado";"Dupla";"Interseção de Vias";"Sim";2;0;1;0;0;1;1;2;-19,770817;-47,973434;"SPRF-MG";"DEL13-MG";"UOP01-DEL13-MG"
197407;2019-03-16;"sábado";"17:30:00";"MT";163;837;"SINOP";"Ingestão de Álcool";"Colisão transversal";"Sem Vítimas";"Anoitecer";"Crescente";"Nublado";"Dupla";"Reta";"Sim";2;0;0;0;2;0;0;2;-11,84672611;-55,49144358;"SPRF-MT";"DEL06-MT";"UOP02-DEL06-MT"
197408;2019-03-16;"sábado";"15:30:00";"RJ";40;3,6;"COMENDADOR LEVY GASPARIAN";"Velocidade Incompatível";"Colisão com objeto estático";"Com Vítimas Feridas";"Pleno dia";"Crescente";"Nublado";"Dupla";"Curva";"Não";2;0;1;0;1;0;1;1;-22,00844904;-43,24336605;"SPRF-RJ";"DEL06-RJ";"UOP02-DEL05-RJ"
197409;2019-03-16;"sábado";"14:00:00";"MT";70;757;"CACERES";"Defeito Mecânico no Veículo";"Saída de leito carroçável";"Com Vítimas Feridas";"Pleno dia";"Crescente";"Céu Claro";"Simples";"Reta";"Não";7;0;7;0;0;0;7;1;-16,02589695;-57,73070092;"SPRF-MT";"DEL03-MT";"UOP01-DEL03-MT"
197410;2019-03-16;"sábado";"19:10:00";"RJ";393;168;"TRES RIOS";"Desobediência às normas de trânsito pelo condutor";"Colisão transversal";"Com Vítimas Feridas";"Plena Noite";"Crescente";"Céu Claro";"Simples";"Curva";"Não";2;0;1;0;1;0;1;2;-22,127502;-43,147022;"SPRF-RJ";"DEL06-RJ";"UOP01-DEL05-RJ"
197411;2019-03-16;"sábado";"19:00:00";"PI";343;1;"PARNAIBA";"Ingestão de Álcool";"Colisão lateral";"Com Vítimas Feridas";"Plena Noite";"Decrescente";"Nublado";"Simples";"Reta";"Sim";2;0;1;0;1;0;1;2;-2,890292;-41,667423;"SPRF-PI";"DEL05-PI";"UOP01-DEL05-PI"
197412;2019-03-16;"sábado";"19:10:00";"RS";287;248,9;"SANTA MARIA";"Ingestão de Substâncias Psicoativas";"Queda de ocupante de veículo";"Com Vítimas Feridas";"Plena Noite";"Decrescente";"Nublado";"Simples";"Reta";"Não";2;0;1;0;1;0;1;1;-29,696018;-53,850956;"SPRF-RS";"DEL09-RS";"UOP01-DEL09-RS"
197413;2019-03-16;"sábado";"17:49:00";"PR";153;14,5;"JACAREZINHO";"Falta de Atenção à Condução";"Tombamento";"Com Vítimas Feridas";"Pleno dia";"Crescente";"Nublado";"Simples";"Reta";"Não";1;0;1;0;0;0;1;1;-23,11032208;-49,94221363;"SPRF-PR";"DEL07-PR";"UOP04-DEL07-PR"
197416;2019-03-16;"sábado";"19:20:00";"BA";324;576;"SAO SEBASTIAO DO PASSE";"Mal Súbito";"Queda de ocupante de veículo";"Com Vítimas Feridas";"Plena Noite";"Decrescente";"Céu Claro";"Dupla";"Reta";"Não";1;0;1;0;0;0;1;1;-12,57834312;-38,53790009;"SPRF-BA";"DEL01-BA";"UOP01-DEL01-BA"
197417;2019-03-16;"sábado";"19:40:00";"SC";101;202;"SAO JOSE";"Falta de Atenção à Condução";"Colisão traseira";"Com Vítimas Feridas";"Plena Noite";"Crescente";"Céu Claro";"Múltipla";"Reta";"Sim";2;0;1;0;1;0;1;2;-27,55711595;-48,61897889;"SPRF-SC";"DEL01-SC";"UOP01-DEL01-SC"
197418;2019-03-16;"sábado";"19:25:00";"SC";101;214,5;"PALHOCA";"Falta de Atenção à Condução";"Colisão traseira";"Com Vítimas Feridas";"Plena Noite";"Decrescente";"Nublado";"Dupla";"Reta";"Sim";2;0;1;0;1;0;1;2;-27,64443;-48,67057;"SPRF-SC";"DEL01-SC";"UOP02-DEL01-SC"
197419;2019-03-16;"sábado";"19:11:00";"RJ";101;313;"SAO GONCALO";"Falta de Atenção à Condução";"Colisão lateral";"Com Vítimas Feridas";"Pleno dia";"Decrescente";"Céu Claro";"Dupla";"Reta";"Sim";2;0;1;0;1;0;1;2;-22,81049093;-43,06983304;"SPRF-RJ";"DEL02-RJ";"DEL5/2-UOP04/RJ"
197420;2019-03-16;"sábado";"12:20:00";"SP";116;119,6;"TAUBATE";"Avarias e/ou desgaste excessivo no pneu";"Queda de ocupante de veículo";"Com Vítimas Feridas";"Pleno dia";"Decrescente";"Sol";"Dupla";"Declive";"Não";1;0;1;0;0;0;1;1;-23,06710044;-45,63562878;"SPRF-SP";"DEL06-SP";"UOP02-DEL02-SP"
197421;2019-03-16;"sábado";"18:00:00";"SC";153;107;"CONCORDIA";"Ingestão de Álcool";"Saída de leito carroçável";"Sem Vítimas";"Pleno dia";"Crescente";"Nublado";"Simples";"Curva";"Não";1;0;0;0;1;0;0;1;-27,293026;-51,975056;"SPRF-SC";"DEL07-SC";"UOP04-DEL07-SC"
197422;2019-03-16;"sábado";"20:00:00";"SP";381;62,7;"MAIRIPORA";"Pista Escorregadia";"Tombamento";"Com Vítimas Feridas";"Plena Noite";"Decrescente";"Chuva";"Dupla";"Reta;Aclive";"Não";1;0;0;1;0;0;1;1;-23,29925784;-46,57196921;"SPRF-SP";"DEL03-SP";"UOP01-DEL03-SP"
197424;2019-03-16;"sábado";"20:10:00";"RN";101;82,9;"NATAL";"Desobediência às normas de trânsito pelo condutor";"Colisão traseira";"Com Vítimas Feridas";"Plena Noite";"Decrescente";"Chuva";"Dupla";"Reta";"Sim";2;0;1;0;1;0;1;2;-5,76791511;-35,27456305;"SPRF-RN";"DEL02-RN";"UOP01-DEL02-RN"
197425;2019-03-16;"sábado";"20:20:00";"PE";101;78,5;"RECIFE";"Desobediência às normas de trânsito pelo condutor";"Colisão frontal";"Com Vítimas Feridas";"Plena Noite";"Decrescente";"Céu Claro";"Simples";"Reta";"Sim";2;0;0;1;1;0;1;2;-8,13496499;-34,94738614;"SPRF-PE";"DEL01-PE";"UOP01-DEL01-PE"
197426;2019-03-16;"sábado";"13:10:00";"SC";280;304,5;"PORTO UNIAO";"Falta de Atenção à Condução";"Colisão transversal";"Com Vítimas Feridas";"Pleno dia";"Decrescente";"Nublado";"Simples";"Reta";"Não";2;0;2;0;0;0;2;2;-26,27999553;-51,05063229;"SPRF-SC";"DEL06-SC";"UOP04-DEL06-SC"
197427;2019-03-16;"sábado";"20:30:00";"AL";104;91,1;"RIO LARGO";"Ingestão de Álcool";"Colisão transversal";"Com Vítimas Feridas";"Plena Noite";"Decrescente";"Céu Claro";"Dupla";"Reta";"Sim";2;0;1;0;1;0;1;2;-9,50898856;-35,80777135;"SPRF-AL";"DEL01-AL";"UOP01-DEL01-AL"
197428;2019-03-16;"sábado";"20:30:00";"AL";316;259,6;"PILAR";"Desobediência às normas de trânsito pelo condutor";"Colisão transversal";"Com Vítimas Feridas";"Plena Noite";"Crescente";"Céu Claro";"Simples";"Curva";"Não";2;0;0;1;1;0;1;2;-9,59173687;-35,90855598;"SPRF-AL";"DEL02-AL";"UOP01-DEL02-AL"
197429;2019-03-16;"sábado";"19:45:00";"ES";101;65,8;"SAO MATEUS";"Falta de Atenção à Condução";"Colisão lateral";"Com Vítimas Feridas";"Plena Noite";"Crescente";"Céu Claro";"Múltipla";"Interseção de Vias";"Sim";2;0;1;0;1;0;1;2;-18,70935945;-39,87762087;"SPRF-ES";"DEL04-ES";"UOP02-DEL04-ES"
197430;2019-03-16;"sábado";"20:00:00";"RS";116;252,7;"SAPUCAIA DO SUL";"Falta de Atenção à Condução";"Colisão traseira";"Com Vítimas Feridas";"Plena Noite";"Decrescente";"Nublado";"Múltipla";"Interseção de Vias";"Sim";3;0;2;0;0;1;2;2;-29,80913395;-51,1675292;"SPRF-RS";"DEL01-RS";"UOP02-DEL01-RS"
197431;2019-03-16;"sábado";"19:20:00";"SE";235;48,9;"ITABAIANA";"Desobediência às normas de trânsito pelo condutor";"Colisão lateral";"Com Vítimas Feridas";"Plena Noite";"Decrescente";"Céu Claro";"Simples";"Reta";"Sim";2;0;1;0;0;1;1;2;-10,724387;-37,41708;"SPRF-SE";"DEL01-SE";"UOP02-DEL01-SE"
197432;2019-03-16;"sábado";"20:10:00";"SC";280;51;"GUARAMIRIM";"Desobediência às normas de trânsito pelo condutor";"Colisão lateral";"Com Vítimas Feridas";"Plena Noite";"Crescente";"Céu Claro";"Simples";"Reta";"Não";2;0;0;1;1;0;1;2;-26,46811;-48,96274388;"SPRF-SC";"DEL03-SC";"UOP03-DEL03-SC"
197433;2019-03-16;"sábado";"20:10:00";"MT";364;203;"RONDONOPOLIS";"Falta de Atenção à Condução";"Queda de ocupante de veículo";"Com Vítimas Feridas";"Plena Noite";"Crescente";"Céu Claro";"Dupla";"Reta";"Sim";1;0;1;0;0;0;1;1;-16,47555256;-54,65344724;"SPRF-MT";"DEL02-MT";"UOP01-DEL02-MT"
197434;2019-03-16;"sábado";"20:30:00";"ES";262;161,2;"IBATIBA";"Defeito Mecânico no Veículo";"Atropelamento de Pedestre";"Com Vítimas Feridas";"Plena Noite";"Decrescente";"Céu Claro";"Simples";"Reta";"Sim";3;0;2;1;0;0;3;2;-20,23640217;-41,52254154;"SPRF-ES";"DEL01-ES";"UOP02-DEL01-ES"
197435;2019-03-16;"sábado";"19:15:00";"RJ";40;62,7;"PETROPOLIS";"Desobediência às normas de trânsito pelo condutor";"Colisão frontal";"Com Vítimas Feridas";"Plena Noite";"Crescente";"Nublado";"Dupla";"Aclive;Curva";"Sim";3;0;1;0;2;0;1;2;-22,40542358;-43,14664526;"SPRF-RJ";"DEL06-RJ";"UOP01-DEL06-RJ"
197437;2019-03-16;"sábado";"21:10:00";"DF";40;7,5;"BRASILIA";"Falta de Atenção à Condução";"Colisão traseira";"Com Vítimas Feridas";"Plena Noite";"Crescente";"Chuva";"Dupla";"Reta";"Não";2;0;1;0;1;0;1;2;-16,038666;-47,979691;"SPRF-DF";"DEL01-DF";"UOP01-DEL01-DF"
197439;2019-03-16;"sábado";"20:15:00";"MS";163;254,3;"DOURADOS";"Não guardar distância de segurança";"Colisão traseira";"Sem Vítimas";"Plena Noite";"Decrescente";"Céu Claro";"Dupla";"Aclive";"Sim";4;0;0;0;4;0;0;2;-22,27184267;-54,81657129;"SPRF-MS";"DEL04-MS";"UOP01-DEL04-MS"
197440;2019-03-16;"sábado";"21:10:00";"SC";101;341;"TUBARAO";"Ingestão de álcool e/ou substâncias psicoativas pelo pedestre";"Saída de leito carroçável";"Sem Vítimas";"Plena Noite";"Decrescente";"Nublado";"Dupla";"Reta";"Não";1;0;0;0;1;0;0;1;-28,50999405;-49,05070686;"SPRF-SC";"DEL02-SC";"UOP01-DEL02-SC"
197441;2019-03-16;"sábado";"19:25:00";"MT";364;402,9;"CUIABA";"Falta de Atenção à Condução";"Saída de leito carroçável";"Com Vítimas Feridas";"Plena Noite";"Crescente";"Céu Claro";"Simples";"Reta";"Sim";1;0;1;0;0;0;1;1;-15,66542215;-55,9624212;"SPRF-MT";"DEL02-MT";"UOP02-DEL01-MT"
197442;2019-03-16;"sábado";"21:40:00";"PE";408;71,7;"PAUDALHO";"Desobediência às normas de trânsito pelo condutor";"Colisão lateral";"Sem Vítimas";"Plena Noite";"Crescente";"Céu Claro";"Dupla";"Reta";"Sim";2;0;0;0;2;0;0;2;-7,87509387;-35,18571891;"SPRF-PE";"DEL01-PE";"UOP01-DEL01-PE"
197443;2019-03-16;"sábado";"19:10:00";"ES";101;200,5;"ARACRUZ";"Ingestão de Álcool";"Colisão lateral";"Sem Vítimas";"Plena Noite";"Crescente";"Nublado";"Simples";"Reta";"Não";2;0;0;0;2;0;0;2;-19,72573895;-40,35645808;"SPRF-ES";"DEL04-ES";"UOP01-DEL04-ES"
197444;2019-03-16;"sábado";"21:30:00";"DF";60;2;"BRASILIA";"Restrição de Visibilidade";"Atropelamento de Pedestre";"Com Vítimas Feridas";"Plena Noite";"Crescente";"Chuva";"Dupla";"Reta";"Sim";2;0;1;0;1;0;1;2;-15,887383;-48,077988;"SPRF-DF";"DEL01-DF";"UOP01-DEL03-DF"
197445;2019-03-16;"sábado";"17:00:00";"RJ";116;241;"PIRAI";"Ingestão de Álcool";"Saída de leito carroçável";"Sem Vítimas";"Pleno dia";"Crescente";"Nublado";"Simples";"Reta";"Não";2;0;0;0;2;0;0;1;-22,64242197;-43,89766093;"SPRF-RJ";"DEL07-RJ";"UOP01-DEL07-RJ"
197446;2019-03-16;"sábado";"21:00:00";"GO";40;7,5;"LUZIANIA";"Falta de Atenção à Condução";"Colisão lateral";"Com Vítimas Feridas";"Plena Noite";"Decrescente";"Garoa/Chuvisco";"Dupla";"Reta";"Sim";2;0;1;0;1;0;1;2;-16,108482;-47,972524;"SPRF-DF";"DEL01-DF";"UOP01-DEL01-DF"
197448;2019-03-16;"sábado";"19:15:00";"PR";369;21;"CAMBARA";"Ultrapassagem Indevida";"Colisão frontal";"Com Vítimas Fatais";"Plena Noite";"Crescente";"Céu Claro";"Simples";"Reta";"Não";4;1;1;1;1;0;2;2;-23,03923404;-50,09046257;"SPRF-PR";"DEL07-PR";"UOP05-DEL07-PR"
197449;2019-03-16;"sábado";"18:20:00";"GO";70;3;"AGUAS LINDAS DE GOIAS";"Falta de Atenção à Condução";"Queda de ocupante de veículo";"Com Vítimas Feridas";"Anoitecer";"Crescente";"Chuva";"Dupla";"Reta";"Sim";1;0;1;0;0;0;1;1;-15,76177302;-48,2368693;"SPRF-DF";"DEL01-DF";"UOP02-DEL03-DF"
197450;2019-03-16;"sábado";"21:15:00";"PR";277;72;"SAO JOSE DOS PINHAIS";"Falta de Atenção à Condução";"Colisão com objeto estático";"Sem Vítimas";"Plena Noite";"Decrescente";"Nublado";"Dupla";"Reta";"Não";1;0;0;0;1;0;0;1;-25,52522628;-49,09755612;"SPRF-PR";"DEL01-PR";"UOP01-DEL01-PR"
197451;2019-03-16;"sábado";"22:40:00";"SP";101;49,9;"UBATUBA";"Falta de Atenção à Condução";"Colisão lateral";"Com Vítimas Feridas";"Pleno dia";"Decrescente";"Chuva";"Simples";"Reta";"Sim";2;0;1;0;0;1;1;2;-23,44410908;-45,08375708;"SPRF-SP";"DEL06-SP";"UOP01-DEL06-SP"
197452;2019-03-16;"sábado";"21:30:00";"MS";267;0,3;"BATAGUASSU";"Desobediência às normas de trânsito pelo condutor";"Colisão traseira";"Com Vítimas Feridas";"Plena Noite";"Crescente";"Céu Claro";"Simples";"Reta";"Não";2;0;0;1;1;0;1;2;-21,7763726;-52,15639725;"SPRF-MS";"DEL02-MS";"UOP04-DEL02-MS"
197454;2019-03-16;"sábado";"21:40:00";"PE";408;71,7;"PAUDALHO";"Desobediência às normas de trânsito pelo condutor";"Colisão frontal";"Sem Vítimas";"Plena Noite";"Crescente";"Céu Claro";"Dupla";"Reta";"Sim";3;0;0;0;1;2;0;2;-7,87509387;-35,18571891;"SPRF-PE";"DEL01-PE";"UOP01-DEL01-PE"
197455;2019-03-16;"sábado";"21:15:00";"MS";163;307;"DOURADINA";"Ingestão de Álcool";"Colisão traseira";"Com Vítimas Feridas";"Plena Noite";"Crescente";"Céu Claro";"Simples";"Reta";"Não";6;0;4;0;2;0;4;2;-21,919735;-54,53499;"SPRF-MS";"DEL02-MS";"UOP02-DEL02-MS"
197458;2019-03-16;"sábado";"22:10:00";"MA";10;253;"IMPERATRIZ";"Ingestão de Álcool";"Colisão traseira";"Com Vítimas Feridas";"Plena Noite";"Decrescente";"Céu Claro";"Simples";"Reta";"Sim";4;0;2;0;0;2;2;3;-5,526911;-47,471455;"SPRF-MA";"DEL04-MA";"UOP01-DEL04-MA"