"id";"data_inversa";"dia_semana";"horario";"uf";"br";"km";"municipio";"causa_acidente";"tipo_acidente";"classificacao_acidente";"fase_dia";"sentido_via";"condicao_metereologica";"tipo_pista";"tracado_via";"uso_solo";"pessoas";"mortos";"feridos_leves";"feridos_graves";"ilesos";"ignorados";"feridos";"veiculos";"latitude";"longitude";"regional";"delegacia";"uop"
197459;2019-03-16;"sábado";"22:00:00";"RO";364;385,9;"OURO PRETO DO OESTE";"Ingestão de Álcool";"Saída de leito carroçável";"Com Vítimas Feridas";"Plena Noite";"Decrescente";"Nublado";"Simples";"Interseção de Vias";"Sim";1;0;1;0;0;0;1;1;-10,70819012;-62,25648014;"SPRF-RO";"DEL02-RO";"UOP01-DEL02-RO"
197460;2019-03-16;"sábado";"22:00:00";"PE";104;8,9;"TAQUARITINGA DO NORTE";"Defeito Mecânico no Veículo";"Incêndio";"Sem Vítimas";"Plena Noite";"Decrescente";"Céu Claro";"Simples";"Reta";"Não";1;0;0;0;0;1;0;1;-7,854047;-36,102032;"SPRF-PE";"DEL02-PE";"UOP01-DEL02-PE"
197461;2019-03-16;"sábado";"14:10:00";"SC";282;450,1;"PONTE SERRADA";"Ingestão de Álcool";"Saída de leito carroçável";"Sem Vítimas";"Pleno dia";"Decrescente";"Céu Claro";"Simples";"Reta";"Não";1;0;0;0;1;0;0;1;-26,919556;-51,954494;"SPRF-SC";"DEL07-SC";"UOP04-DEL07-SC"
197462;2019-03-16;"sábado";"21:50:00";"PR";376;175,9;"MARINGA";"Falta de Atenção à Condução";"Engavetamento";"Com Vítimas Feridas";"Plena Noite";"Decrescente";"Céu Claro";"Dupla";"Reta";"Sim";4;0;1;0;3;0;1;3;-23,4113569;-51,9407767;"SPRF-PR";"DEL07-PR";"UOP01-DEL09-PR"
197463;2019-03-16;"sábado";"22:30:00";"AP";210;3;"MACAPA";"Falta de Atenção à Condução";"Colisão com objeto estático";"Com Vítimas Feridas";"Plena Noite";"Crescente";"Céu Claro";"Múltipla";"Reta";"Sim";2;0;1;0;1;0;1;2;0,08723365;-51,08569007;"SPRF-AP";"DEL01-AP";"UOP01-DEL01-AP"
197466;2019-03-16;"sábado";"23:40:00";"MG";262;378;"JUATUBA";"Ingestão de Álcool";"Saída de leito carroçável";"Sem Vítimas";"Plena Noite";"Decrescente";"Chuva";"Dupla";"Declive;Reta";"Sim";1;0;0;0;1;0;0;1;-19,93173872;-44,41580415;"SPRF-MG";"DEL01-MG";"UOP03-DEL01-MG"
197468;2019-03-16;"sábado";"20:05:00";"PR";158;536;"PATO BRANCO";"Desobediência às normas de trânsito pelo condutor";"Colisão frontal";"Com Vítimas Feridas";"Plena Noite";"Decrescente";"Garoa/Chuvisco";"Múltipla";"Rotatória;Interseção de Vias";"Sim";4;0;1;0;3;0;1;2;-26,23826693;-52,69238234;"SPRF-PR";"DEL02-PR";"UOP01-DEL02-PR"
197470;2019-03-16;"sábado";"23:00:00";"PR";158;512,3;"CORONEL VIVIDA";"Ingestão de Álcool";"Colisão traseira";"Sem Vítimas";"Plena Noite";"Crescente";"Garoa/Chuvisco";"Simples";"Curva";"Não";2;0;0;0;1;1;0;2;-26,05871054;-52,62790203;"SPRF-PR";"DEL02-PR";"UOP01-DEL02-PR"
197471;2019-03-17;"domingo";"00:00:00";"PB";230;88,1;"GURINHEM";"Falta de Atenção à Condução";"Tombamento";"Com Vítimas Feridas";"Plena Noite";"Crescente";"Céu Claro";"Dupla";"Reta";"Não";1;0;0;1;0;0;1;1;-7,1689;-35,3743;"SPRF-PB";"DEL01-PB";"UOP03-DEL01-PB"
197472;2019-03-16;"sábado";"11:45:00";"PR";369;155;"LONDRINA";"Falta de Atenção à Condução";"Colisão traseira";"Com Vítimas Feridas";"Plena Noite";"Decrescente";"Nublado";"Dupla";"Interseção de Vias;Reta";"Sim";3;0;2;0;1;0;2;2;-23,29496141;-51,21008453;"SPRF-PR";"DEL07-PR";"UOP01-DEL07-PR"
197473;2019-03-16;"sábado";"23:00:00";"RS";470;257,9;"SALVADOR DO SUL";"Falta de Atenção à Condução";"Atropelamento de Pedestre";"Com Vítimas Feridas";"Plena Noite";"Crescente";"Céu Claro";"Simples";"Reta";"Não";3;0;1;1;1;0;2;2;-29,44071;-51,50798;"SPRF-RS";"DEL06-RS";"UOP01-DEL06-RS"
197474;2019-03-17;"domingo";"00:45:00";"MG";381;607;"OLIVEIRA";"Velocidade Incompatível";"Saída de leito carroçável";"Com Vítimas Feridas";"Plena Noite";"Crescente";"Nublado";"Dupla";"Curva";"Não";1;0;1;0;0;0;1;1;-20,6851019;-44,73967015;"SPRF-MG";"DEL04-MG";"UOP01-DEL04-MG"
197476;2019-03-16;"sábado";"23:50:00";"PB";230;18;"JOAO PESSOA";"Ingestão de Álcool";"Colisão traseira";"Sem Vítimas";"Plena Noite";"Decrescente";"Céu Claro";"Dupla";"Reta;Aclive";"Sim";2;0;0;0;2;0;0;2;-7,1198;-34,8453;"SPRF-PB";"DEL01-PB";"UOP01-DEL01-PB"
197477;2019-03-17;"domingo";"01:45:00";"SC";101;138,8;"BALNEARIO CAMBORIU";"Animais na Pista";"Tombamento";"Com Vítimas Feridas";"Plena Noite";"Crescente";"Nublado";"Dupla";"Reta";"Sim";1;0;1;0;0;0;1;1;-27,02397426;-48,60761649;"SPRF-SC";"DEL04-SC";"UOP03-DEL04-SC"
197478;2019-03-17;"domingo";"00:45:00";"PR";369;201,8;"APUCARANA";"Falta de Atenção à Condução";"Colisão transversal";"Com Vítimas Feridas";"Plena Noite";"Decrescente";"Vento";"Simples";"Declive;Curva";"Não";2;0;1;0;1;0;1;2;-23,53973375;-51,45737529;"SPRF-PR";"DEL07-PR";"UOP03-DEL07-PR"
197479;2019-03-16;"sábado";"21:35:00";"MG";116;633,9;"DIVINO";"Avarias e/ou desgaste excessivo no pneu";"Colisão com objeto estático";"Com Vítimas Feridas";"Plena Noite";"Crescente";"Chuva";"Simples";"Ponte";"Não";1;0;1;0;0;0;1;1;-20,61019609;-42,21031063;"SPRF-MG";"DEL07-MG";"UOP03-DEL07-MG"
197480;2019-03-16;"sábado";"22:25:00";"PR";476;283,6;"SAO MATEUS DO SUL";"Falta de Atenção à Condução";"Colisão transversal";"Com Vítimas Fatais";"Plena Noite";"Decrescente";"Nublado";"Simples";"Reta";"Não";4;2;1;1;0;0;2;2;-25,891396;-50,435032;"SPRF-PR";"DEL02-PR";"UOP04-DEL02-PR"
197482;2019-03-17;"domingo";"01:25:00";"RS";116;297,2;"GUAIBA";"Velocidade Incompatível";"Saída de leito carroçável";"Com Vítimas Feridas";"Plena Noite";"Crescente";"Céu Claro";"Múltipla";"Reta";"Não";3;0;0;2;1;0;2;2;-30,09753097;-51,34302937;"SPRF-RS";"DEL02-RS";"UOP01-DEL02-RS"
197483;2019-03-16;"sábado";"21:50:00";"PA";230;112;"MARABA";"Ingestão de Álcool";"Capotamento";"Sem Vítimas";"Plena Noite";"Crescente";"Chuva";"Simples";"Interseção de Vias";"Não";3;0;0;0;3;0;0;3;-5,36913479;-49,04877095;"SPRF-PA";"DEL03-PA";"UOP01-DEL03-PA"
197484;2019-03-17;"domingo";"00:40:00";"RS";116;266;"CANOAS";"Desobediência às normas de trânsito pelo condutor";"Saída de leito carroçável";"Sem Vítimas";"Plena Noite";"Crescente";"Céu Claro";"Simples";"Reta";"Sim";3;0;0;0;3;0;0;1;-29,93242399;-51,17742077;"SPRF-RS";"DEL01-RS";"UOP01-DEL01-RS"
197486;2019-03-16;"sábado";"22:30:00";"RS";386;35,2;"FREDERICO WESTPHALEN";"Falta de Atenção do Pedestre";"Atropelamento de Pedestre";"Com Vítimas Fatais";"Plena Noite";"Crescente";"Garoa/Chuvisco";"Simples";"Reta";"Sim";3;1;0;0;0;2;0;2;-27,36789469;-53,39744741;"SPRF-RS";"DEL08-RS";"UOP02-DEL08-RS"
197488;2019-03-17;"domingo";"00:40:00";"SC";282;503,7;"XANXERE";"Velocidade Incompatível";"Colisão com objeto estático";"Sem Vítimas";"Plena Noite";"Decrescente";"Céu Claro";"Dupla";"Declive;Curva";"Sim";1;0;0;0;0;1;0;1;-26,88247854;-52,40403414;"SPRF-SC";"DEL07-SC";"UOP01-DEL07-SC"
197489;2019-03-17;"domingo";"02:40:00";"PE";424;69;"CAETES";"Ingestão de Álcool";"Colisão lateral";"Sem Vítimas";"Plena Noite";"Crescente";"Céu Claro";"Simples";"Reta";"Sim";2;0;0;0;2;0;0;2;-8,7760952;-36,624982;"SPRF-PE";"DEL03-PE";"UOP01-DEL03-PE"
197491;2019-03-17;"domingo";"02:20:00";"RJ";116;171,4;"RIO DE JANEIRO";"Ingestão de Álcool";"Colisão traseira";"Sem Vítimas";"Plena Noite";"Crescente";"Nublado";"Múltipla";"Reta";"Sim";2;0;0;0;2;0;0;2;-22,8060415;-43,34289573;"SPRF-RJ";"DEL01-RJ";"UOP02-DEL01-RJ"
197492;2019-03-17;"domingo";"02:30:00";"PR";277;456,8;"LARANJEIRAS DO SUL";"Ingestão de Álcool";"Capotamento";"Com Vítimas Feridas";"Plena Noite";"Decrescente";"Chuva";"Simples";"Reta";"Sim";2;0;0;2;0;0;2;1;-25,38422297;-52,426931;"SPRF-PR";"DEL04-PR";"UOP02-DEL04-PR"
197493;2019-03-17;"domingo";"01:00:00";"ES";101;167,8;"LINHARES";"Ingestão de Álcool";"Colisão traseira";"Com Vítimas Feridas";"Plena Noite";"Decrescente";"Céu Claro";"Simples";"Reta";"Não";4;0;1;0;3;0;1;2;-19,53692226;-40,15937112;"SPRF-ES";"DEL04-ES";"UOP01-DEL04-ES"
197495;2019-03-17;"domingo";"03:20:00";"MG";262;840,5;"UBERABA";"Condutor Dormindo";"Saída de leito carroçável";"Sem Vítimas";"Plena Noite";"Crescente";"Céu Claro";"Dupla";"Curva";"Não";1;0;0;0;1;0;0;1;-19,756789;-48,252901;"SPRF-MG";"DEL13-MG";"UOP01-DEL13-MG"
197496;2019-03-17;"domingo";"04:25:00";"PI";316;316,6;"PICOS";"Não guardar distância de segurança";"Colisão traseira";"Com Vítimas Fatais";"Plena Noite";"Crescente";"Nublado";"Simples";"Reta";"Sim";1;1;0;0;0;0;0;1;-7,08133721;-41,42347604;"SPRF-PI";"DEL04-PI";"UOP01-DEL04-PI"
197497;2019-03-17;"domingo";"03:29:00";"BA";101;1,3;"RIO REAL";"Falta de Atenção à Condução";"Colisão lateral";"Sem Vítimas";"Plena Noite";"Crescente";"Céu Claro";"Simples";"Reta";"Não";3;0;0;0;3;0;0;2;-11,54423305;-37,86395083;"SPRF-SE";"DEL02-SE";"UOP03-DEL02-SE"
197499;2019-03-17;"domingo";"04:25:00";"SP";116;1;"GUARULHOS";"Falta de Atenção à Condução";"Colisão com objeto estático";"Sem Vítimas";"Pleno dia";"Decrescente";"Céu Claro";"Dupla";"Curva";"Não";1;0;0;0;1;0;0;1;-23,46211667;-46,49188757;"SPRF-SP";"DEL01-SP";"UOP01-DEL01-SP"
197500;2019-03-17;"domingo";"04:50:00";"SP";116;214;"GUARULHOS";"Ingestão de Álcool";"Tombamento";"Com Vítimas Feridas";"Amanhecer";"Decrescente";"Nublado";"Múltipla";"Reta";"Sim";1;0;1;0;0;0;1;1;-23,44333014;-46,44531294;"SPRF-SP";"DEL01-SP";"UOP01-DEL01-SP"
197501;2019-03-16;"sábado";"16:50:00";"PB";230;163;"CAMPINA GRANDE";"Desobediência às normas de trânsito pelo condutor";"Colisão lateral";"Com Vítimas Feridas";"Anoitecer";"Crescente";"Céu Claro";"Simples";"Reta;Aclive";"Não";2;0;1;0;1;0;1;2;-7,2198;-35,9443;"SPRF-PB";"DEL02-PB";"UOP01-DEL02-PB"
197502;2019-03-17;"domingo";"05:00:00";"MG";381;481,8;"CONTAGEM";"Falta de Atenção à Condução";"Colisão traseira";"Com Vítimas Feridas";"Pleno dia";"Decrescente";"Chuva";"Múltipla";"Reta";"Sim";4;0;3;0;1;0;3;2;-19,95931561;-44,08825597;"SPRF-MG";"DEL01-MG";"UOP03-DEL01-MG"
197503;2019-03-17;"domingo";"02:30:00";"AC";364;315;"SENA MADUREIRA";"Desobediência às normas de trânsito pelo condutor";"Queda de ocupante de veículo";"Sem Vítimas";"Plena Noite";"Crescente";"Ignorado";"Simples";"Reta";"Não";2;0;0;0;0;2;0;1;-8,97226355;-69,02687691;"SPRF-AC";"DEL01-AC";"UOP01-DEL01-AC"
197504;2019-03-17;"domingo";"05:30:00";"PR";277;185;"PALMEIRA";"Falta de Atenção à Condução";"Capotamento";"Com Vítimas Feridas";"Plena Noite";"Decrescente";"Ignorado";"Simples";"Curva";"Não";2;0;2;0;0;0;2;1;-25,42863996;-50,06617998;"SPRF-PR";"DEL03-PR";"UOP02-DEL08-PR"
197505;2019-03-17;"domingo";"05:30:00";"SP";116;101,2;"PINDAMONHANGABA";"Falta de Atenção à Condução";"Colisão traseira";"Com Vítimas Feridas";"Amanhecer";"Decrescente";"Céu Claro";"Dupla";"Aclive";"Não";2;0;1;0;0;1;1;2;-22,99074204;-45,48115098;"SPRF-SP";"DEL06-SP";"UOP01-DEL06-SP"
197506;2019-03-17;"domingo";"05:00:00";"MS";262;455,5;"DOIS IRMAOS DO BURITI";"Animais na Pista";"Atropelamento de Animal";"Com Vítimas Feridas";"Amanhecer";"Decrescente";"Céu Claro";"Simples";"Aclive";"Não";2;0;2;0;0;0;2;1;-20,5591551;-55,500815;"SPRF-MS";"DEL03-MS";"UOP01-DEL03-MS"
197507;2019-03-17;"domingo";"03:40:00";"BA";330;817,6;"UBAITABA";"Animais na Pista";"Atropelamento de Animal";"Com Vítimas Feridas";"Plena Noite";"Crescente";"Céu Claro";"Simples";"Reta";"Não";1;0;1;0;0;0;1;1;-14,250936;-39,356629;"SPRF-BA";"DEL05-BA";"UOP01-DEL05-BA"
197508;2019-03-17;"domingo";"05:35:00";"DF";20;35;"BRASILIA";"Falta de Atenção à Condução";"Colisão traseira";"Com Vítimas Feridas";"Amanhecer";"Crescente";"Garoa/Chuvisco";"Dupla";"Reta";"Não";7;0;3;0;4;0;3;2;-15,582146;-47,559162;"SPRF-DF";"DEL02-DF";"UOP01-DEL02-DF"
197509;2019-03-16;"sábado";"18:30:00";"PB";230;214,5;"SOLEDADE";"Falta de Atenção do Pedestre";"Atropelamento de Pedestre";"Com Vítimas Feridas";"Plena Noite";"Crescente";"Céu Claro";"Simples";"Reta";"Sim";2;0;0;1;0;1;1;2;-7,0622;-36,3543;"SPRF-PB";"DEL02-PB";"UOP02-DEL02-PB"
197510;2019-03-17;"domingo";"05:20:00";"SC";280;51;"GUARAMIRIM";"Falta de Atenção à Condução";"Saída de leito carroçável";"Com Vítimas Feridas";"Plena Noite";"Crescente";"Céu Claro";"Simples";"Reta";"Não";2;0;1;0;1;0;1;1;-26,46696986;-48,9595556;"SPRF-SC";"DEL03-SC";"UOP03-DEL03-SC"
197511;2019-03-17;"domingo";"04:15:00";"ES";482;92;"ALEGRE";"Ingestão de álcool e/ou substâncias psicoativas pelo pedestre";"Saída de leito carroçável";"Sem Vítimas";"Plena Noite";"Crescente";"Céu Claro";"Simples";"Curva";"Não";1;0;0;0;1;0;0;1;-20,76137458;-41,58094928;"SPRF-ES";"DEL03-ES";"UOP02-DEL03-ES"
197512;2019-03-17;"domingo";"05:30:00";"RJ";101;300;"SAO GONCALO";"Falta de Atenção à Condução";"Colisão com objeto estático";"Com Vítimas Feridas";"Amanhecer";"Crescente";"Céu Claro";"Dupla";"Reta";"Sim";3;0;1;1;1;0;2;1;-22,77645713;-42,94783697;"SPRF-RJ";"DEL02-RJ";"DEL5/2-UOP04/RJ"
197513;2019-03-16;"sábado";"23:40:00";"MG";116;528,6;"CARATINGA";"Ingestão de Álcool";"Saída de leito carroçável";"Com Vítimas Feridas";"Plena Noite";"Crescente";"Nublado";"Simples";"Reta;Aclive";"Sim";1;0;1;0;0;0;1;1;-19,78617;-42,135133;"SPRF-MG";"DEL06-MG";"UOP02-DEL06-MG"
197514;2019-03-17;"domingo";"06:50:00";"GO";153;496;"GOIANIA";"Não guardar distância de segurança";"Colisão lateral";"Com Vítimas Feridas";"Pleno dia";"Decrescente";"Céu Claro";"Dupla";"Reta";"Sim";4;0;2;0;1;1;2;3;-16,6776;-49,2314;"SPRF-GO";"DEL01-GO";"UOP01-DEL01-GO"
197516;2019-03-17;"domingo";"06:00:00";"MG";116;302;"ITAMBACURI";"Falta de Atenção à Condução";"Colisão transversal";"Com Vítimas Feridas";"Pleno dia";"Decrescente";"Céu Claro";"Simples";"Curva";"Não";2;0;1;0;0;1;1;2;-18,01809416;-41,63418999;"SPRF-MG";"DEL11-MG";"UOP01-DEL11-MG"
197517;2019-03-17;"domingo";"00:12:00";"MG";116;411;"GOVERNADOR VALADARES";"Desobediência às normas de trânsito pelo condutor";"Colisão transversal";"Com Vítimas Feridas";"Plena Noite";"Decrescente";"Céu Claro";"Múltipla";"Reta";"Sim";1;0;1;0;0;0;1;1;-18,86244705;-41,97405237;"SPRF-MG";"DEL06-MG";"UOP01-DEL06-MG"
197518;2019-03-17;"domingo";"06:00:00";"PR";476;135,4;"CURITIBA";"Falta de Atenção à Condução";"Colisão com objeto estático";"Com Vítimas Feridas";"Pleno dia";"Crescente";"Céu Claro";"Múltipla";"Reta";"Sim";2;0;1;0;1;0;1;1;-25,48825847;-49,26945448;"SPRF-PR";"DEL01-PR";"UOP07-DEL01-PR"
197520;2019-03-17;"domingo";"02:00:00";"SP";116;172,8;"JACAREI";"Ingestão de Álcool";"Colisão com objeto estático";"Com Vítimas Feridas";"Plena Noite";"Crescente";"Céu Claro";"Simples";"Curva";"Não";1;0;1;0;0;0;1;1;-23,31527532;-46,07231796;"SPRF-SP";"DEL02-SP";"UOP01-DEL02-SP"
197521;2019-03-17;"domingo";"05:30:00";"RR";174;495;"BOA VISTA";"Falta de Atenção do Pedestre";"Atropelamento de Pedestre";"Com Vítimas Fatais";"Amanhecer";"Decrescente";"Céu Claro";"Dupla";"Reta";"Sim";2;2;0;0;0;0;0;2;2,75547561;-60,73561907;"SPRF-RR";"DEL01-RR";"UOP01-DEL01-RR"
197522;2019-03-17;"domingo";"07:30:00";"BA";324;513;"FEIRA DE SANTANA";"Desobediência às normas de trânsito pelo condutor";"Colisão transversal";"Com Vítimas Feridas";"Pleno dia";"Crescente";"Céu Claro";"Simples";"Reta";"Sim";3;0;2;0;1;0;2;2;-12,23098007;-38,96101401;"SPRF-BA";"DEL02-BA";"UOP01-DEL02-BA"
197523;2019-03-17;"domingo";"03:15:00";"MA";402;48,4;"MORROS";"Animais na Pista";"Atropelamento de Animal";"Com Vítimas Fatais";"Plena Noite";"Crescente";"Ignorado";"Simples";"Reta";"Não";1;1;0;0;0;0;0;1;-2,85386977;-43,95083785;"SPRF-MA";"DEL01-MA";"UOP01-DEL01-MA"
197524;2019-03-17;"domingo";"07:30:00";"PR";376;161;"MARINGA";"Ingestão de Álcool";"Colisão traseira";"Com Vítimas Feridas";"Pleno dia";"Crescente";"Céu Claro";"Dupla";"Reta";"Sim";8;0;7;0;1;0;7;2;-23,37281665;-52,05547485;"SPRF-PR";"DEL07-PR";"UOP01-DEL09-PR"
197525;2019-03-17;"domingo";"07:30:00";"PR";476;125;"CURITIBA";"Mal Súbito";"Queda de ocupante de veículo";"Com Vítimas Feridas";"Pleno dia";"Decrescente";"Céu Claro";"Dupla";"Reta";"Sim";1;0;0;1;0;0;1;1;-25,4083;-49,219658;"SPRF-PR";"DEL01-PR";"UOP07-DEL01-PR"
197526;2019-03-17;"domingo";"07:20:00";"AL";101;211,3;"SAO SEBASTIAO";"Fenômenos da Natureza";"Capotamento";"Com Vítimas Feridas";"Pleno dia";"Crescente";"Chuva";"Simples";"Reta";"Não";3;0;1;0;2;0;1;1;-10,01079526;-36,61367881;"SPRF-AL";"DEL02-AL";"UOP02-DEL02-AL"
197527;2019-03-17;"domingo";"07:35:00";"RS";116;298,4;"GUAIBA";"Falta de Atenção à Condução";"Saída de leito carroçável";"Com Vítimas Feridas";"Pleno dia";"Crescente";"Nublado";"Dupla";"Reta";"Não";2;0;1;0;1;0;1;1;-30,10644302;-51,34381389;"SPRF-RS";"DEL02-RS";"UOP01-DEL02-RS"
197531;2019-03-17;"domingo";"08:40:00";"MG";381;345;"BELA VISTA DE MINAS";"Pista Escorregadia";"Capotamento";"Com Vítimas Feridas";"Amanhecer";"Crescente";"Nublado";"Simples";"Curva";"Não";2;0;1;1;0;0;2;1;-19,86363214;-43,12254285;"SPRF-MG";"DEL03-MG";"UOP01-DEL03-MG"
197533;2019-03-17;"domingo";"08:00:00";"PE";101;91,9;"CABO DE SANTO AGOSTINHO";"Velocidade Incompatível";"Colisão traseira";"Com Vítimas Feridas";"Pleno dia";"Crescente";"Céu Claro";"Dupla";"Reta";"Sim";2;0;0;1;1;0;1;2;-8,22399812;-34,99290474;"SPRF-PE";"DEL01-PE";"UOP03-DEL01-PE"
197534;2019-03-17;"domingo";"08:05:00";"AP";210;4;"MACAPA";"Desobediência às normas de trânsito pelo condutor";"Atropelamento de Pedestre";"Com Vítimas Feridas";"Pleno dia";"Crescente";"Céu Claro";"Simples";"Reta";"Não";2;0;1;0;1;0;1;2;0,08824228;-51,09472897;"SPRF-AP";"DEL01-AP";"UOP01-DEL01-AP"
197535;2019-03-17;"domingo";"08:35:00";"MG";381;859,4;"POUSO ALEGRE";"Falta de Atenção à Condução";"Colisão traseira";"Sem Vítimas";"Pleno dia";"Crescente";"Céu Claro";"Dupla";"Reta";"Não";5;0;0;0;3;2;0;2;-22,31698007;-45,90522408;"SPRF-MG";"DEL16-MG";"UOP01-DEL16-MG"
197536;2019-03-17;"domingo";"07:00:00";"SC";101;297,7;"IMBITUBA";"Condutor Dormindo";"Saída de leito carroçável";"Com Vítimas Feridas";"Pleno dia";"Decrescente";"Nublado";"Dupla";"Curva";"Sim";2;0;0;1;0;1;1;2;-28,31353989;-48,7240982;"SPRF-SC";"DEL02-SC";"UOP03-DEL02-SC"
197537;2019-03-17;"domingo";"09:30:00";"RS";116;320,4;"BARRA DO RIBEIRO";"Agressão Externa";"Saída de leito carroçável";"Com Vítimas Feridas";"Pleno dia";"Decrescente";"Garoa/Chuvisco";"Simples";"Desvio Temporário";"Não";1;0;0;1;0;0;1;1;-30,29045475;-51,41549773;"SPRF-RS";"DEL02-RS";"UOP01-DEL02-RS"
197538;2019-03-17;"domingo";"10:00:00";"RS";290;91,5;"PORTO ALEGRE";"Não guardar distância de segurança";"Colisão com objeto estático";"Sem Vítimas";"Pleno dia";"Decrescente";"Céu Claro";"Dupla";"Reta";"Sim";3;0;0;0;3;0;0;1;-29,969055;-51,167439;"SPRF-RS";"DEL01-RS";"UOP01-DEL01-RS"
197540;2019-03-14;"quinta-feira";"07:28:00";"SC";280;184;"MAFRA";"Defeito Mecânico no Veículo";"Queda de ocupante de veículo";"Com Vítimas Feridas";"Pleno dia";"Decrescente";"Nublado";"Simples";"Reta";"Não";1;0;1;0;0;0;1;1;-26,17398791;-49,92590299;"SPRF-SC";"DEL06-SC";"UOP01-DEL06-SC"
197541;2019-03-17;"domingo";"07:40:00";"SC";470;172;"POUSO REDONDO";"Falta de Atenção à Condução";"Saída de leito carroçável";"Com Vítimas Feridas";"Pleno dia";"Decrescente";"Garoa/Chuvisco";"Simples";"Rotatória";"Não";1;0;1;0;0;0;1;1;-27,257526;-49,909592;"SPRF-SC";"DEL04-SC";"UOP02-DEL04-SC"
197544;2019-03-17;"domingo";"08:50:00";"SC";101;182;"BIGUACU";"Avarias e/ou desgaste excessivo no pneu";"Saída de leito carroçável";"Sem Vítimas";"Pleno dia";"Crescente";"Chuva";"Dupla";"Reta";"Sim";2;0;0;0;2;0;0;1;-27,39798985;-48,6303592;"SPRF-SC";"DEL01-SC";"UOP01-DEL01-SC"
197545;2019-03-17;"domingo";"10:00:00";"PE";101;89,5;"CABO DE SANTO AGOSTINHO";"Animais na Pista";"Colisão com objeto em movimento";"Com Vítimas Feridas";"Pleno dia";"Crescente";"Céu Claro";"Dupla";"Viaduto";"Não";4;0;1;0;0;3;1;2;-8,20760697;-34,98372005;"SPRF-PE";"DEL01-PE";"UOP03-DEL01-PE"
197547;2019-03-17;"domingo";"10:20:00";"GO";60;391;"RIO VERDE";"Defeito Mecânico no Veículo";"Colisão lateral";"Com Vítimas Feridas";"Pleno dia";"Decrescente";"Nublado";"Dupla";"Declive";"Não";5;0;1;0;4;0;1;2;-17,8252;-50,9624;"SPRF-GO";"DEL04-GO";"UOP01-DEL04-GO"
197548;2019-03-17;"domingo";"10:30:00";"SC";282;51,2;"RANCHO QUEIMADO";"Pista Escorregadia";"Capotamento";"Com Vítimas Feridas";"Pleno dia";"Crescente";"Garoa/Chuvisco";"Simples";"Declive";"Não";2;0;2;0;0;0;2;1;-27,703712;-48,959267;"SPRF-SC";"DEL01-SC";"UOP03-DEL01-SC"
197549;2019-03-17;"domingo";"11:00:00";"DF";20;4;"BRASILIA";"Falta de Atenção à Condução";"Colisão com objeto estático";"Sem Vítimas";"Pleno dia";"Crescente";"Nublado";"Dupla";"Reta";"Sim";1;0;0;0;0;1;0;1;-15,675484;-47,823761;"SPRF-DF";"DEL02-DF";"UOP01-DEL02-DF"
197550;2019-03-17;"domingo";"11:00:00";"RN";101;106,5;"PARNAMIRIM";"Ingestão de Álcool";"Colisão traseira";"Sem Vítimas";"Pleno dia";"Crescente";"Sol";"Dupla";"Reta";"Sim";3;0;0;0;3;0;0;3;-5,91056401;-35,26130795;"SPRF-RN";"DEL01-RN";"UOP01-DEL01-RN"
197551;2019-03-17;"domingo";"10:30:00";"MG";251;460;"GRAO MOGOL";"Velocidade Incompatível";"Tombamento";"Com Vítimas Feridas";"Pleno dia";"Crescente";"Nublado";"Simples";"Reta";"Não";2;0;2;0;0;0;2;1;-16,41810894;-43,38361011;"SPRF-MG";"DEL12-MG";"UOP01-DEL12-MG"
197552;2019-03-17;"domingo";"09:15:00";"PR";277;103;"CAMPO LARGO";"Falta de Atenção à Condução";"Tombamento";"Com Vítimas Feridas";"Pleno dia";"Crescente";"Nublado";"Dupla";"Reta";"Não";1;0;1;0;0;0;1;1;-25,42959402;-49,39538956;"SPRF-PR";"DEL01-PR";"UOP06-DEL01-PR"
197556;2019-03-17;"domingo";"11:45:00";"SP";116;223,5;"GUARULHOS";"Ingestão de Álcool";"Colisão traseira";"Sem Vítimas";"Pleno dia";"Crescente";"Céu Claro";"Múltipla";"Reta";"Sim";5;0;0;0;4;1;0;3;-23,47559815;-46,5246609;"SPRF-SP";"DEL01-SP";"UOP01-DEL01-SP"
197557;2019-03-17;"domingo";"11:10:00";"MG";381;457;"BELO HORIZONTE";"Falta de Atenção à Condução";"Colisão frontal";"Com Vítimas Feridas";"Pleno dia";"Decrescente";"Nublado";"Simples";"Curva";"Não";2;0;0;2;0;0;2;2;-19,86134886;-43,92063055;"SPRF-MG";"DEL01-MG";"UOP01-DEL01-MG"
197560;2019-03-17;"domingo";"10:00:00";"BA";330;731,1;"JEQUIE";"Falta de Atenção à Condução";"Colisão lateral";"Com Vítimas Feridas";"Pleno dia";"Crescente";"Sol";"Simples";"Reta";"Não";3;0;3;0;0;0;3;2;-13,89884997;-40,01908984;"SPRF-BA";"DEL03-BA";"UOP01-DEL03-BA"
197561;2019-03-17;"domingo";"11:00:00";"RO";364;381;"OURO PRETO DO OESTE";"Desobediência às normas de trânsito pelo condutor";"Colisão frontal";"Com Vítimas Feridas";"Pleno dia";"Crescente";"Céu Claro";"Simples";"Reta";"Não";3;0;0;1;2;0;1;2;-10,73029115;-62,22943647;"SPRF-RO";"DEL02-RO";"UOP01-DEL02-RO"