"id";"data_inversa";"dia_semana";"horario";"uf";"br";"km";"municipio";"causa_acidente";"tipo_acidente";"classificacao_acidente";"fase_dia";"sentido_via";"condicao_metereologica";"tipo_pista";"tracado_via";"uso_solo";"pessoas";"mortos";"feridos_leves";"feridos_graves";"ilesos";"ignorados";"feridos";"veiculos";"latitude";"longitude";"regional";"delegacia";"uop"
197563;2019-03-17;"domingo";"13:45:00";"BA";116;449;"ANTONIO CARDOSO";"Falta de Atenção à Condução";"Saída de leito carroçável";"Com Vítimas Feridas";"Pleno dia";"Crescente";"Céu Claro";"Dupla";"Reta";"Não";3;0;2;1;0;0;3;1;-12,37538536;-39,12097471;"SPRF-BA";"DEL02-BA";"UOP01-DEL02-BA"
197564;2019-03-17;"domingo";"11:55:00";"RS";392;241,2;"CACAPAVA DO SUL";"Pista Escorregadia";"Saída de leito carroçável";"Com Vítimas Feridas";"Pleno dia";"Decrescente";"Chuva";"Simples";"Ponte;Curva";"Não";1;0;1;0;0;0;1;1;-30,60476407;-53,36821527;"SPRF-RS";"DEL09-RS";"UOP02-DEL09-RS"
197565;2019-03-17;"domingo";"12:00:00";"BA";101;239;"CONCEICAO DO ALMEIDA";"Falta de Atenção à Condução";"Saída de leito carroçável";"Com Vítimas Feridas";"Pleno dia";"Crescente";"Céu Claro";"Simples";"Reta";"Não";4;0;2;0;2;0;2;1;-12,88117996;-39,21999041;"SPRF-BA";"DEL01-BA";"UOP02-DEL01-BA"
197567;2019-03-17;"domingo";"12:30:00";"PR";116;117;"CURITIBA";"Defeito Mecânico no Veículo";"Incêndio";"Sem Vítimas";"Pleno dia";"Crescente";"Céu Claro";"Dupla";"Reta";"Não";1;0;0;0;1;0;0;1;-25,54988723;-49,28248211;"SPRF-PR";"DEL01-PR";"UOP07-DEL01-PR"
197568;2019-03-17;"domingo";"13:20:00";"RS";116;246,7;"SAO LEOPOLDO";"Falta de Atenção à Condução";"Capotamento";"Sem Vítimas";"Pleno dia";"Crescente";"Garoa/Chuvisco";"Múltipla";"Curva";"Sim";1;0;0;0;1;0;0;1;-29,758751;-51,15186806;"SPRF-RS";"DEL01-RS";"UOP02-DEL01-RS"
197569;2019-03-10;"domingo";"04:30:00";"PR";376;109;"PARANAVAI";"Ingestão de Álcool";"Tombamento";"Com Vítimas Feridas";"Plena Noite";"Crescente";"Céu Claro";"Dupla";"Reta";"Não";2;0;2;0;0;0;2;1;-23,08086594;-52,40984795;"SPRF-PR";"DEL07-PR";"UOP02-DEL09-PR"
197570;2019-03-17;"domingo";"10:40:00";"MG";116;618,5;"ORIZANIA";"Falta de Atenção à Condução";"Colisão transversal";"Com Vítimas Feridas";"Pleno dia";"Crescente";"Nublado";"Simples";"Curva";"Não";5;0;3;0;1;1;3;2;-20,48038107;-42,18167273;"SPRF-MG";"DEL07-MG";"UOP03-DEL07-MG"
197571;2019-03-17;"domingo";"13:00:00";"RJ";40;111;"DUQUE DE CAXIAS";"Falta de Atenção à Condução";"Colisão traseira";"Com Vítimas Feridas";"Pleno dia";"Decrescente";"Céu Claro";"Múltipla";"Reta";"Sim";3;0;2;0;1;0;2;2;-22,691868;-43,287453;"SPRF-RJ";"DEL01-RJ";"UOP01-DEL01-RJ"
197572;2019-03-17;"domingo";"14:00:00";"MG";381;491;"BETIM";"Desobediência às normas de trânsito pelo condutor";"Colisão lateral";"Com Vítimas Feridas";"Pleno dia";"Crescente";"Céu Claro";"Dupla";"Interseção de Vias";"Sim";2;0;1;0;1;0;1;2;-19,97018187;-44,18210416;"SPRF-MG";"DEL01-MG";"UOP03-DEL01-MG"
197573;2019-03-17;"domingo";"14:10:00";"RS";290;4,9;"OSORIO";"Condutor Dormindo";"Saída de leito carroçável";"Com Vítimas Feridas";"Pleno dia";"Decrescente";"Chuva";"Múltipla";"Reta";"Não";1;0;0;1;0;0;1;1;-29,8979110058;-50,3214337063;"SPRF-RS";"DEL03-RS";"UOP02-DEL03-RS"
197576;2019-03-17;"domingo";"15:00:00";"PE";101;154;"GAMELEIRA";"Falta de Atenção do Pedestre";"Saída de leito carroçável";"Com Vítimas Feridas";"Pleno dia";"Crescente";"Céu Claro";"Dupla";"Curva";"Não";2;0;1;0;1;0;1;1;-8,52860711;-35,38883966;"SPRF-PE";"DEL01-PE";"UOP03-DEL01-PE"
197579;2019-03-17;"domingo";"15:25:00";"TO";153;683,3;"CARIRI DO TOCANTINS";"Desobediência às normas de trânsito pelo condutor";"Colisão frontal";"Com Vítimas Fatais";"Pleno dia";"Decrescente";"Céu Claro";"Simples";"Reta";"Não";3;1;1;1;0;0;2;2;-11,813967;-49,12936499;"SPRF-TO";"DEL02-TO";"UOP02-DEL01-TO"
197583;2019-02-03;"domingo";"23:45:00";"BA";407;1;"JUAZEIRO";"Condutor Dormindo";"Colisão lateral";"Sem Vítimas";"Plena Noite";"Crescente";"Céu Claro";"Simples";"Ponte";"Não";2;0;0;0;1;1;0;2;-9,4111948;-40,50578378;"SPRF-PE";"DEL06-PE";"UOP01-DEL06-PE"
197584;2019-03-17;"domingo";"14:30:00";"ES";101;341,2;"GUARAPARI";"Velocidade Incompatível";"Saída de leito carroçável";"Sem Vítimas";"Pleno dia";"Decrescente";"Céu Claro";"Simples";"Reta";"Não";1;0;0;0;0;1;0;1;-20,65278033;-40,57410974;"SPRF-ES";"DEL03-ES";"UOP01-DEL03-ES"
197585;2019-03-17;"domingo";"13:50:00";"MG";381;924,8;"CAMANDUCAIA";"Velocidade Incompatível";"Colisão com objeto estático";"Com Vítimas Feridas";"Pleno dia";"Crescente";"Chuva";"Dupla";"Curva";"Não";3;0;2;0;1;0;2;1;-22,77007853;-46,19374683;"SPRF-MG";"DEL16-MG";"UOP03-DEL16-MG"
197586;2019-03-17;"domingo";"05:00:00";"PE";423;179,5;"AGUAS BELAS";"Ingestão de Álcool";"Capotamento";"Com Vítimas Feridas";"Amanhecer";"Decrescente";"Ignorado";"Simples";"Reta";"Não";2;0;1;0;0;1;1;1;-9,13075762;-37,13273498;"SPRF-PE";"DEL03-PE";"UOP01-DEL03-PE"
197587;2019-03-17;"domingo";"15:50:00";"BA";101;214;"GOVERNADOR MANGABEIRA";"Desobediência às normas de trânsito pelo condutor";"Colisão transversal";"Com Vítimas Feridas";"Pleno dia";"Crescente";"Céu Claro";"Simples";"Reta";"Sim";2;0;2;0;0;0;2;1;-12,61085646;-39,08042908;"SPRF-BA";"DEL01-BA";"UOP03-DEL01-BA"
197589;2019-03-17;"domingo";"15:40:00";"MG";364;32;"FRUTAL";"Ingestão de Álcool";"Colisão transversal";"Com Vítimas Feridas";"Pleno dia";"Decrescente";"Céu Claro";"Simples";"Rotatória";"Sim";2;0;1;0;1;0;1;2;-20,0071451;-48,9354229;"SPRF-MG";"DEL13-MG";"UOP02-DEL13-MG"
197591;2019-03-17;"domingo";"16:05:00";"GO";50;143,1;"IPAMERI";"Falta de Atenção à Condução";"Saída de leito carroçável";"Com Vítimas Feridas";"Pleno dia";"Crescente";"Nublado";"Dupla";"Declive";"Não";1;0;0;1;0;0;1;1;-17,112;-47,7205;"SPRF-GO";"DEL06-GO";"UOP01-DEL06-GO"
197592;2019-03-17;"domingo";"14:30:00";"ES";482;134,6;"DORES DO RIO PRETO";"Ingestão de Álcool";"Colisão com objeto estático";"Sem Vítimas";"Pleno dia";"Decrescente";"Nublado";"Simples";"Reta";"Não";2;0;0;0;2;0;0;2;-20,70720418;-41,83691718;"SPRF-ES";"DEL03-ES";"UOP02-DEL03-ES"
197593;2019-03-17;"domingo";"16:15:00";"BA";324;571;"SAO SEBASTIAO DO PASSE";"Falta de Atenção à Condução";"Saída de leito carroçável";"Com Vítimas Feridas";"Pleno dia";"Decrescente";"Céu Claro";"Dupla";"Aclive";"Não";4;0;4;0;0;0;4;1;-12,55142914;-38,57416911;"SPRF-BA";"DEL01-BA";"UOP01-DEL01-BA"
197594;2019-03-17;"domingo";"16:25:00";"BA";324;578;"SAO SEBASTIAO DO PASSE";"Não guardar distância de segurança";"Colisão traseira";"Com Vítimas Feridas";"Pleno dia";"Decrescente";"Céu Claro";"Dupla";"Reta";"Não";1;0;0;1;0;0;1;1;-12,58896655;-38,52358272;"SPRF-BA";"DEL01-BA";"UOP01-DEL01-BA"
197595;2019-03-17;"domingo";"17:00:00";"MG";381;293;"ANTONIO DIAS";"Desobediência às normas de trânsito pelo condutor";"Colisão frontal";"Com Vítimas Feridas";"Pleno dia";"Crescente";"Nublado";"Simples";"Reta";"Não";6;0;4;2;0;0;6;2;-19,61823684;-42,84746491;"SPRF-MG";"DEL03-MG";"UOP02-DEL03-MG"
197596;2019-03-17;"domingo";"16:30:00";"RS";287;250,6;"SANTA MARIA";"Desobediência às normas de trânsito pelo condutor";"Saída de leito carroçável";"Com Vítimas Feridas";"Pleno dia";"Crescente";"Garoa/Chuvisco";"Simples";"Reta";"Sim";2;0;0;2;0;0;2;1;-29,69052266;-53,87086987;"SPRF-RS";"DEL09-RS";"UOP01-DEL09-RS"
197597;2019-03-17;"domingo";"17:10:00";"ES";259;16;"JOAO NEIVA";"Falta de Atenção à Condução";"Colisão frontal";"Com Vítimas Feridas";"Plena Noite";"Crescente";"Céu Claro";"Simples";"Curva";"Não";2;0;1;0;1;0;1;2;-19,65971112;-40,43161999;"SPRF-ES";"DEL02-ES";"UOP01-DEL02-ES"
197598;2019-03-17;"domingo";"17:30:00";"ES";101;317;"VILA VELHA";"Desobediência às normas de trânsito pelo condutor";"Colisão traseira";"Com Vítimas Feridas";"Pleno dia";"Crescente";"Céu Claro";"Simples";"Reta";"Não";6;0;2;0;4;0;2;2;-20,48575596;-40,47626411;"SPRF-ES";"DEL03-ES";"UOP01-DEL03-ES"
197599;2019-03-17;"domingo";"15:40:00";"MT";364;405;"CUIABA";"Falta de Atenção à Condução";"Colisão lateral";"Com Vítimas Feridas";"Pleno dia";"Decrescente";"Céu Claro";"Dupla";"Reta";"Sim";2;0;1;0;1;0;1;2;-15,65807393;-55,97979396;"SPRF-MT";"DEL02-MT";"UOP02-DEL01-MT"
197601;2019-03-17;"domingo";"17:15:00";"RS";386;358,9;"ESTRELA";"Velocidade Incompatível";"Saída de leito carroçável";"Com Vítimas Feridas";"Pleno dia";"Crescente";"Chuva";"Dupla";"Curva";"Não";2;0;1;1;0;0;2;1;-29,53306;-51,919636;"SPRF-RS";"DEL04-RS";"UOP01-DEL04-RS"
197604;2019-03-17;"domingo";"17:00:00";"PR";116;123;"CURITIBA";"Falta de Atenção à Condução";"Saída de leito carroçável";"Sem Vítimas";"Pleno dia";"Crescente";"Céu Claro";"Dupla";"Reta";"Não";1;0;0;0;1;0;0;1;-25,57736002;-49,31243589;"SPRF-PR";"DEL01-PR";"UOP03-DEL01-PR"
197605;2019-03-17;"domingo";"18:40:00";"SC";101;114,4;"ITAJAI";"Defeito Mecânico no Veículo";"Queda de ocupante de veículo";"Com Vítimas Feridas";"Anoitecer";"Crescente";"Nublado";"Múltipla";"Reta";"Não";2;0;1;1;0;0;2;1;-26,86192886;-48,7286704;"SPRF-SC";"DEL04-SC";"UOP04-DEL04-SC"
197606;2019-03-17;"domingo";"18:50:00";"SE";101;72,6;"MARUIM";"Falta de Atenção à Condução";"Colisão com objeto estático";"Com Vítimas Feridas";"Plena Noite";"Crescente";"Céu Claro";"Simples";"Em Obras";"Não";5;0;2;0;3;0;2;1;-10,74969633;-37,0990116;"SPRF-SE";"DEL01-SE";"UOP01-DEL01-SE"
197607;2019-03-17;"domingo";"17:00:00";"MG";381;881;"ESTIVA";"Falta de Atenção à Condução";"Colisão lateral";"Sem Vítimas";"Pleno dia";"Decrescente";"Nublado";"Dupla";"Reta";"Não";1;0;0;0;1;0;0;1;-22,51533401;-46,02134878;"SPRF-MG";"DEL16-MG";"UOP01-DEL16-MG"
197608;2019-03-17;"domingo";"16:00:00";"PB";230;112;"INGA";"Desobediência às normas de trânsito pelo condutor";"Colisão com objeto estático";"Sem Vítimas";"Pleno dia";"Decrescente";"Nublado";"Dupla";"Reta;Declive";"Não";1;0;0;0;0;1;0;1;-7,21523115;-35,5915314;"SPRF-PB";"DEL01-PB";"UOP03-DEL01-PB"
197610;2019-03-17;"domingo";"19:00:00";"ES";101;279,8;"SERRA";"Falta de Atenção à Condução";"Colisão transversal";"Com Vítimas Feridas";"Plena Noite";"Decrescente";"Céu Claro";"Dupla";"Reta";"Sim";4;0;1;0;2;1;1;3;-20,218122;-40,339325;"SPRF-ES";"DEL02-ES";"UOP01-DEL02-ES"
197611;2019-03-17;"domingo";"18:30:00";"PB";230;77,2;"RIACHAO DO POCO";"Falta de Atenção à Condução";"Colisão traseira";"Com Vítimas Feridas";"Plena Noite";"Crescente";"Céu Claro";"Dupla";"Reta";"Não";4;0;2;0;2;0;2;2;-7,1849;-35,2955;"SPRF-PB";"DEL01-PB";"UOP03-DEL01-PB"
197613;2019-03-17;"domingo";"18:40:00";"RS";116;243,5;"SAO LEOPOLDO";"Ingestão de Álcool";"Colisão traseira";"Com Vítimas Feridas";"Plena Noite";"Crescente";"Chuva";"Múltipla";"Viaduto";"Sim";3;0;1;0;2;0;1;2;-29,73196199;-51,14952004;"SPRF-RS";"DEL01-RS";"UOP02-DEL01-RS"
197614;2019-03-17;"domingo";"18:10:00";"PR";476;339,1;"PAULA FREITAS";"Falta de Atenção à Condução";"Colisão transversal";"Com Vítimas Feridas";"Anoitecer";"Decrescente";"Garoa/Chuvisco";"Simples";"Reta";"Não";3;0;1;0;2;0;1;2;-26,15798995;-50,88460565;"SPRF-PR";"DEL02-PR";"UOP04-DEL02-PR"
197615;2019-03-17;"domingo";"19:00:00";"RS";101;2;"TORRES";"Falta de Atenção do Pedestre";"Atropelamento de Pedestre";"Com Vítimas Feridas";"Plena Noite";"Crescente";"Chuva";"Dupla";"Reta";"Não";2;0;0;1;1;0;1;2;-29,316784;-49,774467;"SPRF-RS";"DEL03-RS";"DEL9/3-UOP03/RS"
197616;2019-03-17;"domingo";"18:53:00";"PR";277;273;"PRUDENTOPOLIS";"Animais na Pista";"Atropelamento de Animal";"Sem Vítimas";"Anoitecer";"Decrescente";"Chuva";"Dupla";"Reta";"Não";4;0;0;0;4;0;0;1;-25,3831825;-50,85631993;"SPRF-PR";"DEL03-PR";"UOP02-DEL08-PR"
197617;2019-03-17;"domingo";"17:10:00";"MG";356;271,4;"MURIAE";"Ingestão de Álcool";"Saída de leito carroçável";"Com Vítimas Feridas";"Pleno dia";"Decrescente";"Nublado";"Simples";"Aclive;Curva";"Não";5;0;4;0;1;0;4;1;-21,12942337;-42,31881115;"SPRF-MG";"DEL07-MG";"UOP02-DEL07-MG"
197618;2019-03-17;"domingo";"19:00:00";"MG";459;60,9;"IPUIUNA";"Falta de Atenção do Pedestre";"Atropelamento de Pedestre";"Com Vítimas Feridas";"Plena Noite";"Crescente";"Céu Claro";"Simples";"Reta";"Sim";2;0;0;1;1;0;1;2;-22,10154554;-46,18017197;"SPRF-MG";"DEL13-MG";"UOP01-DEL13-MG"
197620;2019-03-17;"domingo";"18:50:00";"DF";70;11,1;"BRASILIA";"Velocidade Incompatível";"Capotamento";"Com Vítimas Feridas";"Plena Noite";"Crescente";"Céu Claro";"Dupla";"Reta";"Sim";2;0;1;0;1;0;1;1;-15,78993351;-48,15062732;"SPRF-DF";"DEL01-DF";"UOP02-DEL03-DF"
197621;2019-03-17;"domingo";"18:30:00";"BA";101;189,6;"CONCEICAO DA FEIRA";"Falta de Atenção à Condução";"Colisão frontal";"Com Vítimas Feridas";"Plena Noite";"Decrescente";"Céu Claro";"Simples";"Declive";"Não";3;0;0;3;0;0;3;2;-12,59561692;-39,04598415;"SPRF-BA";"DEL01-BA";"UOP03-DEL01-BA"
197622;2019-03-17;"domingo";"18:45:00";"MG";262;195;"JOAO MONLEVADE";"Defeito na Via";"Tombamento";"Com Vítimas Feridas";"Plena Noite";"Crescente";"Nublado";"Simples";"Reta";"Não";1;0;1;0;0;0;1;1;-19,86097658;-43,10750503;"SPRF-MG";"DEL03-MG";"UOP01-DEL03-MG"
197623;2019-03-17;"domingo";"18:40:00";"MG";116;389;"GOVERNADOR VALADARES";"Falta de Atenção do Pedestre";"Atropelamento de Pedestre";"Com Vítimas Feridas";"Plena Noite";"Crescente";"Céu Claro";"Simples";"Reta";"Sim";2;0;1;0;1;0;1;2;-18,69360396;-41,98460695;"SPRF-MG";"DEL06-MG";"UOP01-DEL06-MG"
197624;2019-03-17;"domingo";"19:58:00";"PR";369;237,4;"JANDAIA DO SUL";"Falta de Atenção à Condução";"Tombamento";"Com Vítimas Feridas";"Plena Noite";"Decrescente";"Nublado";"Simples";"Interseção de Vias";"Não";1;0;1;0;0;0;1;1;-23,65961939;-51,69011593;"SPRF-PR";"DEL07-PR";"UOP03-DEL07-PR"
197627;2019-03-17;"domingo";"19:37:00";"SP";116;219;"GUARULHOS";"Falta de Atenção à Condução";"Tombamento";"Com Vítimas Feridas";"Plena Noite";"Decrescente";"Garoa/Chuvisco";"Múltipla";"Reta";"Sim";1;0;1;0;0;0;1;1;-23,46301013;-46,49326086;"SPRF-SP";"DEL01-SP";"UOP01-DEL01-SP"
197628;2019-03-17;"domingo";"19:45:00";"PA";316;100;"SANTA MARIA DO PARA";"Falta de Atenção à Condução";"Saída de leito carroçável";"Com Vítimas Feridas";"Plena Noite";"Decrescente";"Chuva";"Simples";"Reta";"Não";1;0;0;1;0;0;1;1;-1,33498375;-47,60407895;"SPRF-PA";"DEL01-PA";"UOP02-DEL01-PA"
197629;2019-03-17;"domingo";"19:20:00";"MG";40;529;"CONTAGEM";"Falta de Atenção à Condução";"Colisão lateral";"Com Vítimas Feridas";"Plena Noite";"Crescente";"Céu Claro";"Dupla";"Reta";"Não";2;0;1;0;1;0;1;2;-19,91635592;-44,03966566;"SPRF-MG";"DEL01-MG";"UOP03-DEL01-MG"
197632;2019-03-17;"domingo";"19:20:00";"PR";158;533,9;"PATO BRANCO";"Ingestão de Álcool";"Saída de leito carroçável";"Sem Vítimas";"Plena Noite";"Decrescente";"Chuva";"Simples";"Reta";"Sim";1;0;0;0;1;0;0;1;-26,21972809;-52,68262891;"SPRF-PR";"DEL02-PR";"UOP01-DEL02-PR"
197633;2019-03-17;"domingo";"20:00:00";"BA";330;758,9;"JITAUNA";"Ultrapassagem Indevida";"Colisão frontal";"Com Vítimas Feridas";"Plena Noite";"Crescente";"Céu Claro";"Simples";"Aclive";"Não";3;0;3;0;0;0;3;2;-14,05058066;-39,81278554;"SPRF-BA";"DEL03-BA";"UOP01-DEL03-BA"
197634;2019-03-17;"domingo";"19:15:00";"MS";163;500,8;"CAMPO GRANDE";"Ingestão de Álcool";"Saída de leito carroçável";"Sem Vítimas";"Plena Noite";"Decrescente";"Céu Claro";"Simples";"Reta";"Não";2;0;0;0;2;0;0;1;-20,33038;-54,518766;"SPRF-MS";"DEL01-MS";"UOP02-DEL01-MS"
197635;2019-03-17;"domingo";"19:00:00";"GO";364;195,5;"JATAI";"Ingestão de Álcool";"Tombamento";"Sem Vítimas";"Plena Noite";"Decrescente";"Nublado";"Simples";"Curva";"Sim";1;0;0;0;1;0;0;1;-17,921089;-51,712803;"SPRF-GO";"DEL05-GO";"UOP01-DEL05-GO"
197636;2019-03-17;"domingo";"20:28:00";"RJ";40;118;"DUQUE DE CAXIAS";"Falta de Atenção à Condução";"Colisão traseira";"Sem Vítimas";"Plena Noite";"Crescente";"Garoa/Chuvisco";"Múltipla";"Reta";"Sim";2;0;0;0;2;0;0;2;-22,75470802;-43,28737838;"SPRF-RJ";"DEL01-RJ";"UOP01-DEL01-RJ"
197637;2019-03-17;"domingo";"20:45:00";"RS";386;343,3;"LAJEADO";"Falta de Atenção à Condução";"Colisão frontal";"Com Vítimas Feridas";"Plena Noite";"Decrescente";"Garoa/Chuvisco";"Simples";"Reta";"Sim";7;0;4;0;2;1;4;3;-29,434835;-52,002365;"SPRF-RS";"DEL04-RS";"UOP01-DEL04-RS"
197639;2019-03-17;"domingo";"21:00:00";"PR";163;168;"LINDOESTE";"Falta de Atenção à Condução";"Saída de leito carroçável";"Com Vítimas Feridas";"Plena Noite";"Crescente";"Céu Claro";"Dupla";"Reta";"Não";2;0;1;0;1;0;1;1;-25,29248982;-53,57038619;"SPRF-PR";"DEL04-PR";"UOP05-DEL05-PR"
197640;2019-03-17;"domingo";"19:00:00";"BA";407;223;"CAPIM GROSSO";"Falta de Atenção à Condução";"Colisão lateral";"Com Vítimas Feridas";"Plena Noite";"Decrescente";"Céu Claro";"Simples";"Reta";"Não";2;0;2;0;0;0;2;2;-11,29671301;-40,02009905;"SPRF-BA";"DEL04-BA";"UOP02-DEL04-BA"
197643;2019-03-17;"domingo";"20:45:00";"PE";423;86,2;"SAO JOAO";"Animais na Pista";"Atropelamento de Animal";"Sem Vítimas";"Plena Noite";"Crescente";"Céu Claro";"Simples";"Reta";"Não";5;0;0;0;5;0;0;1;-8,81401714;-36,4452687;"SPRF-PE";"DEL03-PE";"UOP01-DEL03-PE"
197644;2019-03-17;"domingo";"20:15:00";"BA";324;587;"CANDEIAS";"Falta de Atenção à Condução";"Saída de leito carroçável";"Com Vítimas Feridas";"Plena Noite";"Crescente";"Nublado";"Dupla";"Reta";"Não";5;0;4;1;0;0;5;1;-12,64715411;-38,47504041;"SPRF-BA";"DEL01-BA";"UOP01-DEL01-BA"
197645;2019-03-17;"domingo";"16:30:00";"PB";104;135,6;"QUEIMADAS";"Ingestão de Álcool";"Colisão traseira";"Com Vítimas Feridas";"Pleno dia";"Decrescente";"Céu Claro";"Simples";"Reta";"Não";2;0;0;1;1;0;1;2;-7,33449509;-35,89813347;"SPRF-PB";"DEL02-PB";"UOP03-DEL02-PB"
197646;2019-03-17;"domingo";"20:15:00";"SC";101;211,6;"PALHOCA";"Ingestão de Álcool";"Saída de leito carroçável";"Sem Vítimas";"Plena Noite";"Crescente";"Céu Claro";"Múltipla";"Reta";"Sim";1;0;0;0;0;1;0;1;-27,71552634;-48,64881251;"SPRF-SC";"DEL01-SC";"UOP02-DEL01-SC"
197648;2019-03-17;"domingo";"21:30:00";"RN";101;95,5;"NATAL";"Falta de Atenção do Pedestre";"Atropelamento de Pedestre";"Com Vítimas Fatais";"Plena Noite";"Decrescente";"Céu Claro";"Múltipla";"Reta";"Sim";2;1;0;0;1;0;0;2;-5,84076841;-35,21035949;"SPRF-RN";"DEL01-RN";"UOP01-DEL01-RN"
197649;2019-03-17;"domingo";"19:00:00";"BA";324;522;"FEIRA DE SANTANA";"Falta de Atenção à Condução";"Queda de ocupante de veículo";"Com Vítimas Feridas";"Plena Noite";"Crescente";"Céu Claro";"Dupla";"Reta";"Não";1;0;1;0;0;0;1;1;-12,28462524;-38,91926018;"SPRF-BA";"DEL01-BA";"UOP01-DEL01-BA"
197650;2019-03-17;"domingo";"17:25:00";"SC";282;300,9;"VARGEM";"Pista Escorregadia";"Saída de leito carroçável";"Com Vítimas Feridas";"Pleno dia";"Decrescente";"Chuva";"Simples";"Curva";"Não";2;0;2;0;0;0;2;1;-27,515957;-50,917877;"SPRF-SC";"DEL07-SC";"UOP06-DEL07-SC"
197651;2019-03-17;"domingo";"21:50:00";"DF";20;10;"BRASILIA";"Ingestão de Álcool";"Capotamento";"Sem Vítimas";"Plena Noite";"Crescente";"Céu Claro";"Dupla";"Reta";"Sim";1;0;0;0;0;1;0;1;-15,650243;-47,773872;"SPRF-DF";"DEL02-DF";"UOP01-DEL02-DF"
197652;2019-03-17;"domingo";"21:00:00";"MG";381;681,5;"PERDOES";"Falta de Atenção à Condução";"Saída de leito carroçável";"Sem Vítimas";"Plena Noite";"Decrescente";"Nublado";"Dupla";"Curva";"Não";1;0;0;0;1;0;0;1;-21,16168571;-45,12045619;"SPRF-MG";"DEL04-MG";"UOP02-DEL04-MG"
197654;2019-03-17;"domingo";"17:25:00";"SC";282;307,5;"VARGEM";"Pista Escorregadia";"Saída de leito carroçável";"Sem Vítimas";"Pleno dia";"Decrescente";"Chuva";"Simples";"Curva";"Não";1;0;0;0;1;0;0;1;-27,495266;-50,962605;"SPRF-SC";"DEL07-SC";"UOP06-DEL07-SC"
197655;2019-03-17;"domingo";"19:50:00";"RJ";116;183,6;"NOVA IGUACU";"Falta de Atenção do Pedestre";"Atropelamento de Pedestre";"Com Vítimas Fatais";"Plena Noite";"Crescente";"Chuva";"Dupla";"Curva";"Sim";3;1;0;0;1;1;0;3;-22,73900965;-43,49528457;"SPRF-RJ";"DEL01-RJ";"UOP02-DEL01-RJ"
197656;2019-03-17;"domingo";"19:05:00";"MG";40;29,9;"PARACATU";"Ultrapassagem Indevida";"Colisão traseira";"Com Vítimas Feridas";"Plena Noite";"Crescente";"Céu Claro";"Simples";"Reta";"Não";2;0;1;0;0;1;1;2;-17,14892389;-46,94276491;"SPRF-MG";"DEL14-MG";"UOP01-DEL14-MG"
197657;2019-03-17;"domingo";"20:00:00";"SC";282;476,5;"VARGEAO";"Falta de Atenção à Condução";"Colisão transversal";"Com Vítimas Feridas";"Plena Noite";"Crescente";"Nublado";"Simples";"Interseção de Vias";"Não";2;0;1;0;1;0;1;2;-26,882666;-52,169231;"SPRF-SC";"DEL07-SC";"UOP01-DEL07-SC"
197658;2019-03-17;"domingo";"22:00:00";"GO";60;45,8;"APARECIDA DE GOIANIA";"Falta de Atenção à Condução";"Colisão traseira";"Com Vítimas Feridas";"Plena Noite";"Crescente";"Céu Claro";"Dupla";"Reta";"Sim";4;0;2;0;1;1;2;3;-16,8101;-49,2397;"SPRF-GO";"DEL01-GO";"UOP03-DEL01-GO"
197659;2019-03-17;"domingo";"22:30:00";"RN";101;96;"NATAL";"Velocidade Incompatível";"Colisão lateral";"Com Vítimas Feridas";"Plena Noite";"Decrescente";"Céu Claro";"Simples";"Curva";"Sim";4;0;3;0;1;0;3;2;-5,84949622;-35,20890752;"SPRF-RN";"DEL01-RN";"UOP01-DEL01-RN"
197660;2019-03-17;"domingo";"21:15:00";"TO";153;142,8;"ARAGUAINA";"Ingestão de Álcool";"Danos eventuais";"Com Vítimas Feridas";"Pleno dia";"Decrescente";"Chuva";"Simples";"Reta";"Sim";1;0;0;1;0;0;1;1;-7,18228805;-48,22580095;"SPRF-TO";"DEL02-TO";"UOP01-DEL02-TO"
197661;2019-03-17;"domingo";"19:30:00";"TO";153;146;"ARAGUAINA";"Ingestão de Álcool";"Queda de ocupante de veículo";"Com Vítimas Feridas";"Plena Noite";"Decrescente";"Nublado";"Múltipla";"Reta";"Sim";1;0;1;0;0;0;1;1;-7,21337786;-48,24431331;"SPRF-TO";"DEL02-TO";"UOP01-DEL02-TO"
197662;2019-03-17;"domingo";"22:30:00";"ES";101;271,8;"SERRA";"Falta de Atenção do Pedestre";"Atropelamento de Pedestre";"Com Vítimas Feridas";"Plena Noite";"Crescente";"Céu Claro";"Dupla";"Reta";"Sim";2;0;1;0;1;0;1;2;-20,23267;-40,27658;"SPRF-ES";"DEL02-ES";"UOP01-DEL02-ES"
197663;2019-03-17;"domingo";"21:30:00";"MT";163;767;"SORRISO";"Animais na Pista";"Atropelamento de Animal";"Sem Vítimas";"Plena Noite";"Decrescente";"Garoa/Chuvisco";"Simples";"Reta";"Não";1;0;0;0;1;0;0;1;-12,43506783;-55,64892769;"SPRF-MT";"DEL06-MT";"UOP01-DEL06-MT"
197664;2019-03-17;"domingo";"22:00:00";"MG";381;903,1;"CAMBUI";"Falta de Atenção à Condução";"Colisão lateral";"Sem Vítimas";"Plena Noite";"Decrescente";"Nublado";"Dupla";"Curva";"Não";3;0;0;0;2;1;0;2;-22,68185904;-46,10140424;"SPRF-MG";"DEL16-MG";"UOP03-DEL16-MG"
197665;2019-03-17;"domingo";"22:15:00";"PR";376;597;"CURITIBA";"Falta de Atenção à Condução";"Colisão traseira";"Sem Vítimas";"Plena Noite";"Decrescente";"Céu Claro";"Dupla";"Reta";"Não";3;0;0;0;3;0;0;3;-25,510571;-49,338848;"SPRF-PR";"DEL01-PR";"UOP06-DEL01-PR"