"id";"data_inversa";"dia_semana";"horario";"uf";"br";"km";"municipio";"causa_acidente";"tipo_acidente";"classificacao_acidente";"fase_dia";"sentido_via";"condicao_metereologica";"tipo_pista";"tracado_via";"uso_solo";"pessoas";"mortos";"feridos_leves";"feridos_graves";"ilesos";"ignorados";"feridos";"veiculos";"latitude";"longitude";"regional";"delegacia";"uop"
197667;2019-03-17;"domingo";"18:30:00";"SC";470;302,2;"CAMPOS NOVOS";"Velocidade Incompatível";"Colisão frontal";"Com Vítimas Feridas";"Pleno dia";"Decrescente";"Chuva";"Simples";"Curva;Declive";"Não";8;0;7;1;0;0;8;2;-27,37241518;-51,0462141;"SPRF-SC";"DEL07-SC";"UOP06-DEL07-SC"
197669;2019-03-17;"domingo";"20:15:00";"PR";277;120;"CAMPO LARGO";"Falta de Atenção à Condução";"Saída de leito carroçável";"Com Vítimas Feridas";"Plena Noite";"Decrescente";"Chuva";"Dupla";"Reta";"Sim";3;0;2;0;1;0;2;1;-25,43651772;-49,44346612;"SPRF-PR";"DEL01-PR";"UOP06-DEL01-PR"
197670;2019-03-17;"domingo";"22:20:00";"PI";316;1,3;"TERESINA";"Falta de Atenção à Condução";"Colisão traseira";"Com Vítimas Feridas";"Plena Noite";"Decrescente";"Céu Claro";"Dupla";"Em Obras";"Sim";7;0;4;0;1;2;4;3;-5,12861853;-42,80706778;"SPRF-PI";"DEL01-PI";"UOP02-DEL01-PI"
197671;2019-03-17;"domingo";"22:20:00";"RO";319;62,8;"PORTO VELHO";"Desobediência às normas de trânsito pelo condutor";"Colisão lateral";"Com Vítimas Feridas";"Plena Noite";"Decrescente";"Céu Claro";"Dupla";"Interseção de Vias";"Sim";2;0;1;0;1;0;1;2;-8,766685;-63,884052;"SPRF-RO";"DEL01-RO";"UOP01-DEL01-RO"
197672;2019-03-17;"domingo";"23:40:00";"GO";40;27;"LUZIANIA";"Ingestão de Álcool";"Saída de leito carroçável";"Sem Vítimas";"Plena Noite";"Crescente";"Céu Claro";"Dupla";"Reta";"Não";1;0;0;0;1;0;0;1;-16,266185;-47,888241;"SPRF-DF";"DEL01-DF";"UOP01-DEL01-DF"
197674;2019-03-17;"domingo";"22:10:00";"RS";470;218,7;"BENTO GONCALVES";"Desobediência às normas de trânsito pelo condutor";"Colisão frontal";"Com Vítimas Feridas";"Plena Noite";"Crescente";"Garoa/Chuvisco";"Simples";"Declive;Curva";"Não";3;0;1;2;0;0;3;2;-29,186855;-51,520222;"SPRF-RS";"DEL06-RS";"UOP01-DEL06-RS"
197675;2019-03-17;"domingo";"21:30:00";"PI";316;3,3;"TERESINA";"Falta de Atenção à Condução";"Colisão traseira";"Com Vítimas Feridas";"Plena Noite";"Decrescente";"Céu Claro";"Múltipla";"Viaduto";"Sim";2;0;0;1;1;0;1;2;-5,12826443;-42,79292384;"SPRF-PI";"DEL01-PI";"UOP02-DEL01-PI"
197676;2019-03-17;"domingo";"23:45:00";"PR";277;75;"SAO JOSE DOS PINHAIS";"Animais na Pista";"Atropelamento de Animal";"Com Vítimas Feridas";"Plena Noite";"Crescente";"Chuva";"Múltipla";"Reta";"Sim";3;0;1;0;2;0;1;2;-25,51327981;-49,12433291;"SPRF-PR";"DEL01-PR";"UOP07-DEL01-PR"
197678;2019-03-18;"segunda-feira";"00:50:00";"RJ";101;10;"CAMPOS DOS GOYTACAZES";"Condutor Dormindo";"Colisão frontal";"Com Vítimas Feridas";"Plena Noite";"Crescente";"Céu Claro";"Simples";"Reta";"Não";2;0;0;1;1;0;1;2;-21,30182895;-41,31899114;"SPRF-RJ";"DEL08-RJ";"UOP01-DEL08-RJ"
197679;2019-03-17;"domingo";"16:40:00";"SC";470;99,5;"APIUNA";"Ingestão de Álcool";"Colisão com objeto estático";"Com Vítimas Feridas";"Pleno dia";"Crescente";"Nublado";"Simples";"Curva";"Não";2;0;2;0;0;0;2;1;-27,037956;-49,393417;"SPRF-SC";"DEL04-SC";"UOP01-DEL04-SC"
197680;2019-03-18;"segunda-feira";"00:25:00";"MG";40;555,7;"NOVA LIMA";"Agressão Externa";"Incêndio";"Sem Vítimas";"Plena Noite";"Crescente";"Céu Claro";"Simples";"Reta;Viaduto";"Sim";1;0;0;0;0;1;0;1;-20,08472706;-43,97697012;"SPRF-MG";"DEL01-MG";"UOP02-DEL01-MG"
197682;2019-03-18;"segunda-feira";"00:05:00";"RS";392;2,3;"RIO GRANDE";"Desobediência às normas de trânsito pelo condutor";"Colisão transversal";"Com Vítimas Feridas";"Plena Noite";"Crescente";"Nublado";"Simples";"Rotatória";"Não";4;0;3;0;1;0;3;2;-32,13094565;-52,11152131;"SPRF-RS";"DEL07-RS";"UOP02-DEL07-RS"
197683;2019-03-17;"domingo";"20:20:00";"RJ";393;235,6;"VASSOURAS";"Ingestão de Álcool";"Colisão frontal";"Com Vítimas Feridas";"Plena Noite";"Decrescente";"Chuva";"Simples";"Reta";"Sim";9;0;6;3;0;0;9;2;-22,38370934;-43,64221072;"SPRF-RJ";"DEL05-RJ";"UOP03-DEL05-RJ"
197684;2019-03-18;"segunda-feira";"00:20:00";"PR";277;98,8;"CURITIBA";"Falta de Atenção à Condução";"Saída de leito carroçável";"Sem Vítimas";"Plena Noite";"Decrescente";"Céu Claro";"Dupla";"Reta";"Sim";2;0;0;0;2;0;0;2;-25,540113;-49,311317;"SPRF-PR";"DEL01-PR";"UOP06-DEL01-PR"
197687;2019-02-23;"sábado";"11:45:00";"GO";40;59;"LUZIANIA";"Velocidade Incompatível";"Colisão transversal";"Com Vítimas Feridas";"Pleno dia";"Crescente";"Céu Claro";"Simples";"Declive";"Não";4;0;2;1;1;0;3;2;-16,520111;-47,810818;"SPRF-DF";"DEL01-DF";"UOP02-DEL01-DF"
197690;2019-03-16;"sábado";"00:00:00";"RS";101;56,1;"TERRA DE AREIA";"Condutor Dormindo";"Saída de leito carroçável";"Sem Vítimas";"Pleno dia";"Decrescente";"Nublado";"Dupla";"Aclive";"Sim";1;0;0;0;0;1;0;1;-29,65200649;-50,11956673;"SPRF-RS";"DEL03-RS";"UOP01-DEL03-RS"
197692;2019-03-17;"domingo";"23:50:00";"PA";163;1002;"SANTAREM";"Desobediência às normas de trânsito pelo condutor";"Colisão lateral";"Com Vítimas Fatais";"Plena Noite";"Crescente";"Céu Claro";"Simples";"Reta;Interseção de Vias";"Sim";3;1;0;0;1;1;0;3;-2,44821878;-54,73026037;"SPRF-PA";"DEL05-PA";"UOP01-DEL05-PA"
197694;2019-03-18;"segunda-feira";"05:30:00";"RN";406;149,9;"CEARA-MIRIM";"Não guardar distância de segurança";"Colisão traseira";"Com Vítimas Feridas";"Pleno dia";"Crescente";"Chuva";"Simples";"Interseção de Vias";"Sim";3;0;1;1;1;0;2;2;-5,67794002;-35,39994003;"SPRF-RN";"DEL02-RN";"UOP01-DEL02-RN"
197695;2019-03-18;"segunda-feira";"01:50:00";"BA";324;619;"SALVADOR";"Falta de Atenção à Condução";"Tombamento";"Com Vítimas Feridas";"Plena Noite";"Crescente";"Céu Claro";"Múltipla";"Reta";"Sim";1;0;1;0;0;0;1;1;-12,89820999;-38,45012202;"SPRF-BA";"DEL01-BA";"UOP01-DEL01-BA"
197696;2019-03-18;"segunda-feira";"06:00:00";"DF";70;12;"BRASILIA";"Velocidade Incompatível";"Saída de leito carroçável";"Com Vítimas Fatais";"Pleno dia";"Crescente";"Céu Claro";"Dupla";"Reta";"Sim";1;1;0;0;0;0;0;1;-15,788321;-48,14525;"SPRF-DF";"DEL01-DF";"UOP02-DEL03-DF"
197697;2019-03-17;"domingo";"22:15:00";"RO";364;416;"JARU";"Falta de Atenção do Pedestre";"Atropelamento de Pedestre";"Com Vítimas Feridas";"Plena Noite";"Crescente";"Chuva";"Simples";"Reta";"Não";2;0;0;1;1;0;1;2;-10,497604;-62,421074;"SPRF-RO";"DEL03-RO";"UOP02-DEL03-RO"
197700;2019-03-18;"segunda-feira";"06:00:00";"PB";101;56,8;"SANTA RITA";"Velocidade Incompatível";"Saída de leito carroçável";"Com Vítimas Feridas";"Pleno dia";"Decrescente";"Céu Claro";"Dupla";"Reta";"Não";1;0;1;0;0;0;1;1;-6,96986418;-35,08206934;"SPRF-PB";"DEL01-PB";"UOP04-DEL01-PB"
197701;2019-03-18;"segunda-feira";"04:45:00";"RS";116;554,1;"CAPAO DO LEAO";"Animais na Pista";"Atropelamento de Animal";"Com Vítimas Feridas";"Plena Noite";"Crescente";"Nublado";"Simples";"Reta";"Não";1;0;0;1;0;0;1;1;-31,88303413;-52,63896793;"SPRF-RS";"DEL07-RS";"UOP03-DEL07-RS"
197702;2019-03-18;"segunda-feira";"03:15:00";"SC";282;411,9;"CATANDUVAS";"Velocidade Incompatível";"Colisão com objeto estático";"Sem Vítimas";"Plena Noite";"Decrescente";"Chuva";"Simples";"Curva;Aclive";"Não";1;0;0;0;0;1;0;1;-27,060086;-51,6784215;"SPRF-SC";"DEL07-SC";"UOP05-DEL07-SC"
197704;2019-03-18;"segunda-feira";"04:30:00";"MT";163;585;"NOVA MUTUM";"Ingestão de álcool e/ou substâncias psicoativas pelo pedestre";"Colisão lateral";"Com Vítimas Feridas";"Amanhecer";"Crescente";"Céu Claro";"Simples";"Reta";"Não";3;0;1;0;2;0;1;2;-14,04034097;-56,0962673;"SPRF-MT";"DEL01-MT";"UOP01-DEL01-MT"
197705;2019-03-18;"segunda-feira";"05:10:00";"PR";153;306,3;"IMBITUVA";"Ingestão de Álcool";"Colisão com objeto estático";"Sem Vítimas";"Plena Noite";"Decrescente";"Nevoeiro/Neblina";"Simples";"Ponte";"Não";1;0;0;0;1;0;0;1;-25,25766;-50,640564;"SPRF-PR";"DEL03-PR";"UOP02-DEL08-PR"
197706;2019-03-18;"segunda-feira";"06:50:00";"PE";104;43;"CARUARU";"Não guardar distância de segurança";"Colisão traseira";"Com Vítimas Feridas";"Pleno dia";"Crescente";"Céu Claro";"Dupla";"Reta";"Não";1;0;1;0;0;0;1;1;-8,1133;-36,0155;"SPRF-PE";"DEL02-PE";"UOP01-DEL02-PE"
197707;2019-03-18;"segunda-feira";"06:50:00";"SC";470;97,5;"APIUNA";"Falta de Atenção à Condução";"Colisão transversal";"Com Vítimas Feridas";"Pleno dia";"Crescente";"Céu Claro";"Simples";"Reta";"Sim";3;0;1;0;2;0;1;3;-27,026621;-49,378124;"SPRF-SC";"DEL04-SC";"UOP01-DEL04-SC"
197708;2019-03-18;"segunda-feira";"07:10:00";"RN";405;1;"MOSSORO";"Falta de Atenção à Condução";"Colisão traseira";"Com Vítimas Feridas";"Pleno dia";"Crescente";"Sol";"Dupla";"Retorno Regulamentado";"Sim";2;0;1;0;1;0;1;2;-5,19170196;-37,361471;"SPRF-RN";"DEL04-RN";"UOP02-DEL04-RN"
197709;2019-03-18;"segunda-feira";"05:00:00";"PA";316;34;"SANTA IZABEL DO PARA";"Desobediência às normas de trânsito pelo condutor";"Colisão transversal";"Sem Vítimas";"Amanhecer";"Crescente";"Céu Claro";"Dupla";"Reta";"Sim";2;0;0;0;2;0;0;2;-1,29444763;-48,17249938;"SPRF-PA";"DEL01-PA";"DEL19/1-UOP05/PA"
197711;2019-03-18;"segunda-feira";"06:25:00";"PR";277;715,9;"SANTA TEREZINHA DE ITAIPU";"Falta de Atenção à Condução";"Saída de leito carroçável";"Com Vítimas Feridas";"Pleno dia";"Crescente";"Garoa/Chuvisco";"Dupla";"Reta";"Não";3;0;3;0;0;0;3;1;-25,46882758;-54,45810922;"SPRF-PR";"DEL05-PR";"UOP01-DEL05-PR"
197712;2019-03-18;"segunda-feira";"06:45:00";"PB";101;96,3;"ALHANDRA";"Falta de Atenção à Condução";"Colisão com objeto estático";"Com Vítimas Feridas";"Pleno dia";"Crescente";"Chuva";"Dupla";"Reta";"Não";1;0;1;0;0;0;1;1;-7,230921;-34,921149;"SPRF-PB";"DEL01-PB";"UOP01-DEL01-PB"
197713;2019-03-18;"segunda-feira";"00:00:00";"RJ";116;269;"BARRA MANSA";"Fenômenos da Natureza";"Colisão com objeto estático";"Com Vítimas Feridas";"Plena Noite";"Decrescente";"Chuva";"Dupla";"Curva";"Não";1;0;0;1;0;0;1;1;-22,57510092;-44,11542461;"SPRF-RJ";"DEL07-RJ";"UOP02-DEL07-RJ"
197715;2019-03-18;"segunda-feira";"07:00:00";"DF";40;5,1;"BRASILIA";"Falta de Atenção à Condução";"Colisão lateral";"Com Vítimas Feridas";"Pleno dia";"Decrescente";"Sol";"Dupla";"Reta";"Sim";2;0;1;0;1;0;1;2;-16,020903;-47,980541;"SPRF-DF";"DEL01-DF";"UOP01-DEL01-DF"
197716;2019-03-18;"segunda-feira";"06:40:00";"MG";116;416,5;"GOVERNADOR VALADARES";"Falta de Atenção à Condução";"Colisão lateral";"Com Vítimas Feridas";"Pleno dia";"Decrescente";"Céu Claro";"Simples";"Reta";"Sim";2;0;1;0;1;0;1;2;-18,89215187;-41,94699543;"SPRF-MG";"DEL06-MG";"UOP01-DEL06-MG"
197720;2019-03-18;"segunda-feira";"07:25:00";"SC";280;56,6;"GUARAMIRIM";"Desobediência às normas de trânsito pelo condutor";"Colisão frontal";"Com Vítimas Feridas";"Pleno dia";"Crescente";"Céu Claro";"Simples";"Reta";"Sim";2;0;2;0;0;0;2;2;-26,47939722;-49,00855601;"SPRF-SC";"DEL03-SC";"UOP03-DEL03-SC"
197721;2019-03-18;"segunda-feira";"07:45:00";"PR";369;201;"APUCARANA";"Desobediência às normas de trânsito pelo condutor";"Colisão frontal";"Com Vítimas Feridas";"Pleno dia";"Crescente";"Nublado";"Simples";"Reta";"Sim";2;0;0;1;1;0;1;2;-23,55835739;-51,44078314;"SPRF-PR";"DEL07-PR";"UOP03-DEL07-PR"
197722;2019-03-18;"segunda-feira";"05:00:00";"BA";242;537;"OLIVEIRA DOS BREJINHOS";"Falta de Atenção à Condução";"Colisão transversal";"Com Vítimas Fatais";"Amanhecer";"Crescente";"Céu Claro";"Simples";"Reta";"Não";1;1;0;0;0;0;0;1;-12,10277382;-42,92049408;"SPRF-BA";"DEL10-BA";"UOP03-DEL06-BA"
197723;2019-03-18;"segunda-feira";"07:10:00";"RS";158;91,9;"PALMEIRA DAS MISSOES";"Falta de Atenção à Condução";"Colisão frontal";"Com Vítimas Feridas";"Pleno dia";"Crescente";"Garoa/Chuvisco";"Simples";"Reta";"Não";3;0;1;0;2;0;1;3;-27,83006513;-53,33536216;"SPRF-RS";"DEL08-RS";"UOP02-DEL08-RS"
197724;2019-03-18;"segunda-feira";"05:30:00";"RR";174;506,7;"BOA VISTA";"Ingestão de Álcool";"Colisão com objeto estático";"Sem Vítimas";"Amanhecer";"Crescente";"Céu Claro";"Dupla";"Reta";"Sim";1;0;0;0;1;0;0;1;2,816381;-60,693253;"SPRF-RR";"DEL01-RR";"UOP01-DEL01-RR"
197727;2019-03-18;"segunda-feira";"07:55:00";"BA";324;617;"SALVADOR";"Falta de Atenção à Condução";"Colisão traseira";"Com Vítimas Feridas";"Pleno dia";"Crescente";"Sol";"Dupla";"Reta";"Não";2;0;1;0;1;0;1;2;-12,8860325;-38,43806469;"SPRF-BA";"DEL01-BA";"UOP01-DEL01-BA"
197728;2019-03-18;"segunda-feira";"07:30:00";"GO";153;493;"GOIANIA";"Falta de Atenção à Condução";"Colisão transversal";"Com Vítimas Feridas";"Pleno dia";"Decrescente";"Céu Claro";"Dupla";"Aclive";"Sim";2;0;1;0;0;1;1;2;-16,6537;-49,2172;"SPRF-GO";"DEL01-GO";"UOP01-DEL01-GO"
197730;2019-03-18;"segunda-feira";"06:30:00";"RS";290;94;"PORTO ALEGRE";"Falta de Atenção à Condução";"Queda de ocupante de veículo";"Com Vítimas Feridas";"Pleno dia";"Decrescente";"Céu Claro";"Dupla";"Curva";"Sim";1;0;1;0;0;0;1;1;-29,973856;-51,197853;"SPRF-RS";"DEL01-RS";"UOP01-DEL01-RS"
197732;2019-03-18;"segunda-feira";"07:45:00";"RS";290;94,1;"PORTO ALEGRE";"Falta de Atenção à Condução";"Queda de ocupante de veículo";"Sem Vítimas";"Pleno dia";"Decrescente";"Céu Claro";"Dupla";"Reta";"Sim";1;0;0;0;1;0;0;1;-29,973856;-51,197853;"SPRF-RS";"DEL01-RS";"UOP01-DEL01-RS"
197733;2019-03-18;"segunda-feira";"08:10:00";"SC";101;200;"SAO JOSE";"Falta de Atenção à Condução";"Colisão traseira";"Com Vítimas Feridas";"Pleno dia";"Crescente";"Nublado";"Múltipla";"Viaduto";"Sim";2;0;1;0;1;0;1;2;-27,54018513;-48,62287714;"SPRF-SC";"DEL01-SC";"UOP01-DEL01-SC"
197736;2019-03-18;"segunda-feira";"07:20:00";"PR";116;119;"CURITIBA";"Falta de Atenção à Condução";"Colisão traseira";"Com Vítimas Feridas";"Pleno dia";"Decrescente";"Nublado";"Dupla";"Reta";"Sim";6;0;2;0;4;0;2;4;-25,54456009;-49,30146002;"SPRF-PR";"DEL01-PR";"UOP07-DEL01-PR"
197737;2019-03-18;"segunda-feira";"07:38:00";"RN";101;122,8;"SAO JOSE DE MIPIBU";"Pista Escorregadia";"Colisão traseira";"Com Vítimas Feridas";"Pleno dia";"Crescente";"Chuva";"Dupla";"Reta";"Sim";3;0;2;0;1;0;2;2;-6,0525261;-35,24358535;"SPRF-RN";"DEL01-RN";"UOP01-DEL01-RN"
197740;2019-03-18;"segunda-feira";"08:30:00";"BA";116;858,3;"VITORIA DA CONQUISTA";"Desobediência às normas de trânsito pelo condutor";"Colisão transversal";"Com Vítimas Feridas";"Pleno dia";"Crescente";"Céu Claro";"Simples";"Reta;Rotatória;Interseção de Vias";"Não";6;0;2;0;4;0;2;2;-15,11587865;-41,02995699;"SPRF-BA";"DEL08-BA";"UOP03-DEL08-BA"
197743;2019-03-17;"domingo";"22:20:00";"RR";174;503;"BOA VISTA";"Falta de Atenção à Condução";"Tombamento";"Com Vítimas Feridas";"Plena Noite";"Decrescente";"Céu Claro";"Dupla";"Reta";"Sim";3;0;1;0;2;0;1;2;2,794901;-60,698441;"SPRF-RR";"DEL01-RR";"UOP01-DEL01-RR"
197744;2019-03-18;"segunda-feira";"09:00:00";"RS";392;315,9;"SAO SEPE";"Velocidade Incompatível";"Saída de leito carroçável";"Com Vítimas Feridas";"Pleno dia";"Decrescente";"Chuva";"Simples";"Reta;Declive";"Não";1;0;1;0;0;0;1;1;-30,02945506;-53,68153036;"SPRF-RS";"DEL09-RS";"UOP01-DEL09-RS"
197745;2019-03-18;"segunda-feira";"08:30:00";"CE";116;3,1;"FORTALEZA";"Não guardar distância de segurança";"Colisão traseira";"Com Vítimas Feridas";"Pleno dia";"Decrescente";"Nublado";"Dupla";"Reta";"Sim";2;0;1;0;1;0;1;2;-3,77866493;-38,51490171;"SPRF-CE";"DEL01-CE";"UOP02-DEL01-CE"
197746;2019-03-18;"segunda-feira";"08:40:00";"PR";467;110;"CASCAVEL";"Falta de Atenção à Condução";"Colisão traseira";"Com Vítimas Feridas";"Pleno dia";"Decrescente";"Nublado";"Dupla";"Reta";"Sim";2;0;1;0;1;0;1;2;-24,9299;-53,4505;"SPRF-PR";"DEL04-PR";"UOP01-DEL04-PR"
197749;2019-03-17;"domingo";"22:40:00";"RJ";40;113;"DUQUE DE CAXIAS";"Não guardar distância de segurança";"Colisão traseira";"Com Vítimas Feridas";"Plena Noite";"Decrescente";"Chuva";"Múltipla";"Reta";"Sim";3;0;2;0;1;0;2;2;-22,70948502;-43,29040354;"SPRF-RJ";"DEL01-RJ";"UOP01-DEL01-RJ"
197750;2019-03-18;"segunda-feira";"07:00:00";"MG";116;410,4;"GOVERNADOR VALADARES";"Falta de Atenção à Condução";"Colisão lateral";"Com Vítimas Feridas";"Pleno dia";"Crescente";"Céu Claro";"Dupla";"Rotatória";"Sim";2;0;1;0;1;0;1;2;-18,851251;-41,97794;"SPRF-MG";"DEL06-MG";"UOP01-DEL06-MG"
197752;2019-03-18;"segunda-feira";"08:30:00";"BA";116;874,1;"VITORIA DA CONQUISTA";"Avarias e/ou desgaste excessivo no pneu";"Saída de leito carroçável";"Com Vítimas Feridas";"Pleno dia";"Decrescente";"Sol";"Simples";"Declive";"Não";1;0;1;0;0;0;1;1;-15,16219709;-41,05809585;"SPRF-BA";"DEL08-BA";"UOP03-DEL08-BA"
197755;2019-03-18;"segunda-feira";"07:30:00";"SC";101;418,9;"ARARANGUA";"Falta de Atenção à Condução";"Saída de leito carroçável";"Com Vítimas Feridas";"Pleno dia";"Decrescente";"Nublado";"Múltipla";"Aclive";"Sim";1;0;1;0;0;0;1;1;-28,98044384;-49,53709515;"SPRF-SC";"DEL02-SC";"UOP02-DEL02-SC"
197759;2019-03-18;"segunda-feira";"09:25:00";"PB";101;122,5;"CAAPORA";"Velocidade Incompatível";"Colisão com objeto estático";"Com Vítimas Feridas";"Pleno dia";"Crescente";"Chuva";"Dupla";"Curva";"Sim";1;0;1;0;0;0;1;1;-7,45038197;-34,97994215;"SPRF-PB";"DEL01-PB";"UOP01-DEL01-PB"
197760;2019-03-18;"segunda-feira";"09:00:00";"RJ";101;315;"SAO GONCALO";"Falta de Atenção à Condução";"Colisão lateral";"Com Vítimas Feridas";"Pleno dia";"Crescente";"Céu Claro";"Dupla";"Reta";"Sim";3;0;2;0;1;0;2;2;-22,82262092;-43,08460805;"SPRF-RJ";"DEL02-RJ";"DEL5/2-UOP04/RJ"
197764;2019-03-18;"segunda-feira";"09:40:00";"SC";101;462;"PASSO DE TORRES";"Condutor Dormindo";"Saída de leito carroçável";"Com Vítimas Feridas";"Pleno dia";"Crescente";"Nublado";"Dupla";"Reta";"Não";3;0;2;0;1;0;2;1;-29,27656365;-49,75522399;"SPRF-RS";"DEL03-RS";"DEL9/3-UOP03/RS"
197766;2019-03-18;"segunda-feira";"10:00:00";"PI";343;42,3;"BURITI DOS LOPES";"Velocidade Incompatível";"Tombamento";"Com Vítimas Feridas";"Pleno dia";"Crescente";"Sol";"Simples";"Curva";"Não";2;0;1;1;0;0;2;1;-3,16314113;-41,82117462;"SPRF-PI";"DEL05-PI";"UOP01-DEL05-PI"
197770;2019-03-18;"segunda-feira";"10:34:00";"RJ";40;93;"DUQUE DE CAXIAS";"Velocidade Incompatível";"Tombamento";"Com Vítimas Feridas";"Pleno dia";"Decrescente";"Céu Claro";"Simples";"Curva";"Sim";1;0;1;0;0;0;1;1;-22,56895579;-43,24361259;"SPRF-RJ";"DEL06-RJ";"UOP01-DEL06-RJ"
197771;2019-03-18;"segunda-feira";"10:40:00";"RN";101;99,1;"NATAL";"Falta de Atenção do Pedestre";"Atropelamento de Pedestre";"Com Vítimas Feridas";"Pleno dia";"Decrescente";"Nublado";"Múltipla";"Viaduto";"Sim";2;0;1;0;1;0;1;2;-5,87359183;-35,22063023;"SPRF-RN";"DEL01-RN";"UOP01-DEL01-RN"
197772;2019-03-16;"sábado";"23:20:00";"CE";222;311,3;"TIANGUA";"Falta de Atenção à Condução";"Colisão frontal";"Com Vítimas Feridas";"Plena Noite";"Decrescente";"Chuva";"Simples";"Reta";"Sim";3;0;1;0;2;0;1;2;-3,711973;-40,984356;"SPRF-CE";"DEL04-CE";"UOP02-DEL04-CE"
197773;2019-03-18;"segunda-feira";"10:30:00";"SC";101;197;"BIGUACU";"Desobediência às normas de trânsito pelo condutor";"Colisão transversal";"Com Vítimas Feridas";"Pleno dia";"Decrescente";"Sol";"Múltipla";"Interseção de Vias";"Sim";2;0;1;0;1;0;1;2;-27,51844497;-48,63848496;"SPRF-SC";"DEL01-SC";"UOP01-DEL01-SC"
197774;2019-03-18;"segunda-feira";"10:55:00";"SC";470;56,2;"BLUMENAU";"Desobediência às normas de trânsito pelo condutor";"Colisão transversal";"Com Vítimas Feridas";"Pleno dia";"Decrescente";"Nublado";"Simples";"Reta";"Sim";2;0;1;0;1;0;1;2;-26,87712595;-49,12935914;"SPRF-SC";"DEL04-SC";"UOP01-DEL04-SC"
197775;2019-03-18;"segunda-feira";"09:50:00";"RS";158;242,9;"TUPANCIRETA";"Pista Escorregadia";"Saída de leito carroçável";"Com Vítimas Feridas";"Pleno dia";"Decrescente";"Chuva";"Simples";"Reta";"Não";1;0;1;0;0;0;1;1;-29,05555199;-53,64632608;"SPRF-RS";"DEL10-RS";"UOP02-DEL10-RS"
197778;2019-03-18;"segunda-feira";"10:30:00";"PR";116;165;"QUITANDINHA";"Defeito Mecânico no Veículo";"Saída de leito carroçável";"Sem Vítimas";"Pleno dia";"Decrescente";"Céu Claro";"Dupla";"Reta";"Sim";1;0;0;0;1;0;0;1;-25,86629613;-49,43637602;"SPRF-PR";"DEL01-PR";"UOP03-DEL01-PR"
197779;2019-03-18;"segunda-feira";"11:25:00";"RJ";116;95;"GUAPIMIRIM";"Falta de Atenção à Condução";"Colisão frontal";"Com Vítimas Fatais";"Pleno dia";"Crescente";"Céu Claro";"Simples";"Curva";"Não";3;1;0;0;1;1;0;3;-22,47374702;-43,00117923;"SPRF-RJ";"DEL04-RJ";"UOP02-DEL04-RJ"
197781;2019-03-18;"segunda-feira";"11:20:00";"RS";386;92;"PORTO ALEGRE";"Defeito Mecânico no Veículo";"Tombamento";"Com Vítimas Feridas";"Pleno dia";"Crescente";"Nublado";"Múltipla";"Reta";"Não";2;0;2;0;0;0;2;1;-29,96951163;-51,17589435;"SPRF-RS";"DEL08-RS";"UOP01-DEL08-RS"
197783;2019-03-18;"segunda-feira";"12:00:00";"GO";60;43,9;"APARECIDA DE GOIANIA";"Falta de Atenção à Condução";"Colisão traseira";"Com Vítimas Feridas";"Pleno dia";"Decrescente";"Céu Claro";"Dupla";"Rotatória";"Sim";2;0;1;0;1;0;1;2;-16,77062708;-49,31316468;"SPRF-GO";"DEL01-GO";"UOP03-DEL01-GO"
197787;2019-03-18;"segunda-feira";"13:05:00";"DF";40;5;"BRASILIA";"Desobediência às normas de trânsito pelo condutor";"Colisão frontal";"Com Vítimas Feridas";"Pleno dia";"Crescente";"Chuva";"Dupla";"Reta";"Sim";2;0;1;0;1;0;1;2;-16,0177238;-47,9812534;"SPRF-DF";"DEL01-DF";"UOP01-DEL01-DF"
197788;2019-02-27;"quarta-feira";"07:50:00";"PR";277;594;"CASCAVEL";"Falta de Atenção à Condução";"Colisão com objeto em movimento";"Sem Vítimas";"Amanhecer";"Crescente";"Céu Claro";"Simples";"Reta";"Não";2;0;0;0;2;0;0;2;-24,97923639;-53,49737948;"SPRF-PR";"DEL04-PR";"UOP01-DEL04-PR"
197790;2019-03-18;"segunda-feira";"08:50:00";"MA";135;24;"SAO LUIS";"Desobediência às normas de trânsito pelo condutor";"Colisão transversal";"Com Vítimas Feridas";"Pleno dia";"Crescente";"Céu Claro";"Dupla";"Reta";"Sim";2;0;1;0;1;0;1;2;-2,75938096;-44,35428204;"SPRF-MA";"DEL01-MA";"UOP01-DEL01-MA"
197791;2019-03-18;"segunda-feira";"12:00:00";"BA";101;259;"SANTO ANTONIO DE JESUS";"Falta de Atenção à Condução";"Colisão traseira";"Com Vítimas Feridas";"Pleno dia";"Decrescente";"Sol";"Simples";"Interseção de Vias;Reta;Declive";"Sim";2;0;1;0;1;0;1;2;-13,05707208;-39,28148909;"SPRF-BA";"DEL01-BA";"UOP02-DEL01-BA"
197795;2019-02-15;"sexta-feira";"05:30:00";"PB";101;83,7;"BAYEUX";"Não guardar distância de segurança";"Colisão traseira";"Com Vítimas Feridas";"Pleno dia";"Crescente";"Céu Claro";"Dupla";"Reta";"Sim";2;0;1;0;1;0;1;2;-7,1366;-34,9264;"SPRF-PB";"DEL01-PB";"UOP01-DEL01-PB"