"id";"data_inversa";"dia_semana";"horario";"uf";"br";"km";"municipio";"causa_acidente";"tipo_acidente";"classificacao_acidente";"fase_dia";"sentido_via";"condicao_metereologica";"tipo_pista";"tracado_via";"uso_solo";"pessoas";"mortos";"feridos_leves";"feridos_graves";"ilesos";"ignorados";"feridos";"veiculos";"latitude";"longitude";"regional";"delegacia";"uop"
197796;2019-03-18;"segunda-feira";"14:20:00";"PE";101;78,7;"JABOATAO DOS GUARARAPES";"Falta de Atenção à Condução";"Colisão transversal";"Sem Vítimas";"Pleno dia";"Crescente";"Céu Claro";"Dupla";"Curva";"Sim";2;0;0;0;2;0;0;2;-8,142583;-34,947008;"SPRF-PE";"DEL01-PE";"UOP01-DEL01-PE"
197799;2019-03-18;"segunda-feira";"14:15:00";"ES";101;106,8;"SOORETAMA";"Falta de Atenção à Condução";"Colisão traseira";"Com Vítimas Feridas";"Pleno dia";"Decrescente";"Céu Claro";"Simples";"Aclive";"Não";3;0;1;0;2;0;1;3;-19,02940988;-40,01887727;"SPRF-ES";"DEL04-ES";"UOP01-DEL04-ES"
197800;2019-03-18;"segunda-feira";"14:00:00";"PB";230;27,1;"JOAO PESSOA";"Falta de Atenção à Condução";"Colisão traseira";"Com Vítimas Feridas";"Pleno dia";"Crescente";"Sol";"Dupla";"Reta";"Sim";2;0;0;1;1;0;1;2;-7,1677;-34,8855;"SPRF-PB";"DEL01-PB";"UOP01-DEL01-PB"
197801;2019-03-18;"segunda-feira";"14:40:00";"ES";101;68;"SAO MATEUS";"Não guardar distância de segurança";"Colisão lateral";"Com Vítimas Feridas";"Pleno dia";"Decrescente";"Céu Claro";"Simples";"Reta";"Sim";2;0;1;0;1;0;1;2;-18,72155107;-39,86329615;"SPRF-ES";"DEL04-ES";"UOP02-DEL04-ES"
197802;2019-03-18;"segunda-feira";"14:30:00";"PE";232;4;"RECIFE";"Falta de Atenção à Condução";"Colisão lateral";"Sem Vítimas";"Pleno dia";"Decrescente";"Céu Claro";"Dupla";"Reta";"Sim";3;0;0;0;3;0;0;3;-8,064473;-34,936928;"SPRF-PE";"DEL01-PE";"UOP01-DEL01-PE"
197805;2019-03-18;"segunda-feira";"12:48:00";"RJ";40;83;"PETROPOLIS";"Pista Escorregadia";"Queda de ocupante de veículo";"Com Vítimas Feridas";"Pleno dia";"Decrescente";"Céu Claro";"Simples";"Reta";"Não";1;0;1;0;0;0;1;1;-22,536979;-43,222428;"SPRF-RJ";"DEL06-RJ";"UOP01-DEL06-RJ"
197806;2019-03-18;"segunda-feira";"14:30:00";"SC";101;206;"SAO JOSE";"Falta de Atenção à Condução";"Colisão transversal";"Com Vítimas Feridas";"Pleno dia";"Crescente";"Chuva";"Múltipla";"Interseção de Vias";"Sim";2;0;1;0;1;0;1;2;-27,59193546;-48,61824557;"SPRF-SC";"DEL01-SC";"UOP01-DEL01-SC"
197808;2019-01-09;"quarta-feira";"17:05:00";"GO";60;6;"SANTO ANTONIO DO DESCOBERTO";"Falta de Atenção à Condução";"Colisão traseira";"Com Vítimas Feridas";"Pleno dia";"Crescente";"Céu Claro";"Simples";"Curva";"Não";2;0;0;1;1;0;1;2;-16,09639399;-48,28291655;"SPRF-DF";"DEL01-DF";"UOP01-DEL03-DF"
197810;2019-03-18;"segunda-feira";"13:50:00";"SP";116;230;"SAO PAULO";"Não guardar distância de segurança";"Colisão traseira";"Com Vítimas Feridas";"Pleno dia";"Decrescente";"Céu Claro";"Múltipla";"Reta";"Sim";2;0;1;0;1;0;1;2;-23,52251783;-46,5855702;"SPRF-SP";"DEL01-SP";"UOP01-DEL01-SP"
197812;2019-03-18;"segunda-feira";"12:00:00";"MS";163;226,4;"CAARAPO";"Falta de Atenção à Condução";"Saída de leito carroçável";"Com Vítimas Feridas";"Pleno dia";"Crescente";"Nublado";"Simples";"Reta";"Não";2;0;0;1;1;0;1;1;-22,48757114;-54,86589792;"SPRF-MS";"DEL04-MS";"UOP02-DEL04-MS"
197814;2019-03-18;"segunda-feira";"15:40:00";"PR";116;152;"MANDIRITUBA";"Desobediência às normas de trânsito pelo condutor";"Colisão lateral";"Sem Vítimas";"Pleno dia";"Decrescente";"Céu Claro";"Simples";"Reta";"Sim";2;0;0;0;2;0;0;2;-25,83236296;-49,33609707;"SPRF-PR";"DEL01-PR";"UOP03-DEL01-PR"
197815;2019-03-18;"segunda-feira";"12:40:00";"PE";101;173;"JOAQUIM NABUCO";"Defeito na Via";"Saída de leito carroçável";"Com Vítimas Feridas";"Pleno dia";"Crescente";"Chuva";"Dupla";"Declive";"Não";3;0;2;0;1;0;2;1;-8,59267042;-35,52108286;"SPRF-PE";"DEL01-PE";"UOP03-DEL01-PE"
197816;2019-03-17;"domingo";"16:00:00";"SC";153;63,6;"IRANI";"Velocidade Incompatível";"Saída de leito carroçável";"Com Vítimas Feridas";"Pleno dia";"Crescente";"Chuva";"Simples";"Reta";"Sim";1;0;1;0;0;0;1;1;-26,994884;-51,87051;"SPRF-SC";"DEL07-SC";"UOP04-DEL07-SC"
197817;2019-03-18;"segunda-feira";"15:50:00";"PR";376;474,3;"PONTA GROSSA";"Velocidade Incompatível";"Saída de leito carroçável";"Com Vítimas Feridas";"Pleno dia";"Decrescente";"Chuva";"Dupla";"Curva";"Não";2;0;1;0;1;0;1;1;-25,04786596;-50,23557994;"SPRF-PR";"DEL03-PR";"UOP01-DEL03-PR"
197818;2019-03-18;"segunda-feira";"14:30:00";"SC";158;131;"PALMITOS";"Velocidade Incompatível";"Saída de leito carroçável";"Com Vítimas Feridas";"Pleno dia";"Decrescente";"Chuva";"Simples";"Curva";"Não";1;0;0;1;0;0;1;1;-27,05576257;-53,22841644;"SPRF-SC";"DEL07-SC";"UOP02-DEL07-SC"
197819;2019-03-18;"segunda-feira";"16:00:00";"PR";376;4,6;"APUCARANA";"Velocidade Incompatível";"Colisão lateral";"Com Vítimas Feridas";"Pleno dia";"Crescente";"Nublado";"Simples";"Reta;Declive";"Sim";2;0;0;1;1;0;1;2;-23,5513;-51,461266;"SPRF-PR";"DEL07-PR";"UOP03-DEL07-PR"
197821;2019-03-18;"segunda-feira";"13:30:00";"MA";316;507,4;"CODO";"Pista Escorregadia";"Colisão com objeto estático";"Com Vítimas Feridas";"Pleno dia";"Decrescente";"Chuva";"Simples";"Aclive";"Não";1;0;1;0;0;0;1;1;-4,73321;-43,705372;"SPRF-MA";"DEL03-MA";"UOP02-DEL03-MA"
197825;2019-03-18;"segunda-feira";"16:30:00";"BA";242;798;"BARREIRAS";"Pista Escorregadia";"Saída de leito carroçável";"Sem Vítimas";"Pleno dia";"Decrescente";"Chuva";"Simples";"Reta";"Não";1;0;0;0;1;0;0;1;-12,12087007;-45,03839146;"SPRF-BA";"DEL10-BA";"UOP01-DEL10-BA"
197826;2019-03-18;"segunda-feira";"13:05:00";"BA";116;821;"VITORIA DA CONQUISTA";"Falta de Atenção à Condução";"Colisão traseira";"Com Vítimas Feridas";"Pleno dia";"Crescente";"Céu Claro";"Simples";"Reta";"Não";2;0;1;0;1;0;1;2;-14,79928321;-40,77208589;"SPRF-BA";"DEL08-BA";"UOP01-DEL08-BA"
197827;2019-03-18;"segunda-feira";"14:00:00";"SC";282;499,2;"XANXERE";"Velocidade Incompatível";"Saída de leito carroçável";"Sem Vítimas";"Pleno dia";"Crescente";"Chuva";"Simples";"Rotatória";"Não";1;0;0;0;1;0;0;1;-26,880869;-52,363121;"SPRF-SC";"DEL07-SC";"UOP01-DEL07-SC"
197828;2019-03-18;"segunda-feira";"17:15:00";"RS";392;352,8;"SANTA MARIA";"Falta de Atenção à Condução";"Colisão transversal";"Com Vítimas Feridas";"Pleno dia";"Decrescente";"Céu Claro";"Simples";"Reta";"Não";2;0;0;1;1;0;1;2;-29,720404;-53,807632;"SPRF-RS";"DEL09-RS";"UOP01-DEL09-RS"
197829;2019-03-18;"segunda-feira";"13:39:00";"MT";364;279,1;"JACIARA";"Pista Escorregadia";"Saída de leito carroçável";"Com Vítimas Feridas";"Pleno dia";"Decrescente";"Chuva";"Dupla";"Curva";"Não";2;0;1;0;1;0;1;1;-15,94251105;-55,01446001;"SPRF-MT";"DEL02-MT";"UOP02-DEL05-MT"
197830;2019-03-18;"segunda-feira";"12:20:00";"PE";423;21;"SAO CAITANO";"Velocidade Incompatível";"Capotamento";"Sem Vítimas";"Pleno dia";"Decrescente";"Céu Claro";"Simples";"Reta";"Não";1;0;0;0;0;1;0;1;-8,34587741;-36,16528759;"SPRF-PE";"DEL02-PE";"UOP03-DEL02-PE"
197831;2019-03-18;"segunda-feira";"17:30:00";"PR";376;181;"MARINGA";"Desobediência às normas de trânsito pelo condutor";"Colisão traseira";"Com Vítimas Feridas";"Pleno dia";"Crescente";"Sol";"Dupla";"Reta";"Sim";2;0;1;0;1;0;1;2;-23,43197477;-51,88671852;"SPRF-PR";"DEL07-PR";"UOP01-DEL09-PR"
197832;2019-03-18;"segunda-feira";"17:45:00";"RN";304;47,9;"MOSSORO";"Falta de Atenção à Condução";"Colisão lateral";"Com Vítimas Feridas";"Anoitecer";"Crescente";"Céu Claro";"Dupla";"Reta";"Sim";3;0;1;1;1;0;2;2;-5,22597224;-37,33086797;"SPRF-RN";"DEL04-RN";"UOP01-DEL04-RN"
197834;2019-03-18;"segunda-feira";"17:30:00";"PR";376;592;"CURITIBA";"Pista Escorregadia";"Queda de ocupante de veículo";"Com Vítimas Feridas";"Pleno dia";"Decrescente";"Chuva";"Dupla";"Reta";"Sim";1;0;1;0;0;0;1;1;-25,46833525;-49,35524543;"SPRF-PR";"DEL01-PR";"UOP06-DEL01-PR"
197835;2019-03-18;"segunda-feira";"17:35:00";"GO";153;291,5;"RIALMA";"Falta de Atenção à Condução";"Tombamento";"Com Vítimas Feridas";"Pleno dia";"Decrescente";"Nublado";"Simples";"Declive";"Não";19;0;12;6;1;0;18;1;-15,217886;-49,550522;"SPRF-GO";"DEL02-GO";"UOP02-DEL02-GO"
197836;2019-03-18;"segunda-feira";"16:00:00";"MG";40;631,2;"CONSELHEIRO LAFAIETE";"Falta de Atenção à Condução";"Colisão transversal";"Com Vítimas Feridas";"Pleno dia";"Decrescente";"Céu Claro";"Simples";"Reta";"Sim";2;0;0;1;1;0;1;2;-20,66692199;-43,80314095;"SPRF-MG";"DEL05-MG";"UOP02-DEL05-MG"
197837;2019-03-18;"segunda-feira";"14:00:00";"RO";364;237,4;"CACOAL";"Desobediência às normas de trânsito pelo condutor";"Colisão transversal";"Com Vítimas Feridas";"Pleno dia";"Crescente";"Céu Claro";"Simples";"Reta";"Sim";2;0;1;0;1;0;1;2;-11,44341056;-61,44672787;"SPRF-RO";"DEL02-RO";"UOP02-DEL02-RO"
197838;2019-03-18;"segunda-feira";"14:00:00";"RO";364;239,1;"CACOAL";"Falta de Atenção à Condução";"Colisão traseira";"Com Vítimas Feridas";"Pleno dia";"Crescente";"Céu Claro";"Simples";"Rotatória";"Sim";2;0;1;0;1;0;1;2;-11,43425083;-61,46267289;"SPRF-RO";"DEL02-RO";"UOP02-DEL02-RO"
197840;2019-03-18;"segunda-feira";"18:15:00";"PR";376;186;"MARIALVA";"Falta de Atenção à Condução";"Colisão traseira";"Com Vítimas Feridas";"Anoitecer";"Crescente";"Céu Claro";"Dupla";"Reta";"Sim";5;0;3;0;2;0;3;3;-23,45643624;-51,84510713;"SPRF-PR";"DEL07-PR";"UOP01-DEL09-PR"
197841;2019-03-18;"segunda-feira";"17:25:00";"MG";40;824,7;"SIMAO PEREIRA";"Velocidade Incompatível";"Capotamento";"Com Vítimas Feridas";"Pleno dia";"Decrescente";"Chuva";"Dupla";"Curva";"Não";3;0;2;0;1;0;2;1;-21,96689732;-43,29126511;"SPRF-MG";"DEL05-MG";"UOP01-DEL05-MG"
197843;2019-03-18;"segunda-feira";"17:00:00";"MT";163;823;"SINOP";"Falta de Atenção à Condução";"Queda de ocupante de veículo";"Com Vítimas Feridas";"Pleno dia";"Crescente";"Céu Claro";"Dupla";"Reta";"Não";2;0;1;0;1;0;1;1;-11,87779774;-55,49755454;"SPRF-MT";"DEL06-MT";"UOP01-DEL06-MT"
197844;2019-03-18;"segunda-feira";"18:10:00";"SC";101;204;"SAO JOSE";"Desobediência às normas de trânsito pelo condutor";"Colisão transversal";"Com Vítimas Feridas";"Anoitecer";"Crescente";"Céu Claro";"Múltipla";"Interseção de Vias";"Sim";2;0;1;0;1;0;1;2;-27,57413014;-48,61363083;"SPRF-SC";"DEL01-SC";"UOP01-DEL01-SC"
197846;2019-03-18;"segunda-feira";"18:24:00";"ES";262;182,9;"IUNA";"Desobediência às normas de trânsito pelo condutor";"Colisão frontal";"Com Vítimas Fatais";"Plena Noite";"Crescente";"Céu Claro";"Simples";"Reta";"Não";2;1;0;0;1;0;0;2;-20,29633169;-41,68745393;"SPRF-ES";"DEL01-ES";"UOP02-DEL01-ES"
197847;2019-03-18;"segunda-feira";"18:40:00";"PR";369;162,7;"CAMBE";"Falta de Atenção do Pedestre";"Atropelamento de Pedestre";"Com Vítimas Feridas";"Anoitecer";"Decrescente";"Nublado";"Dupla";"Declive;Reta";"Não";3;0;1;1;0;1;2;2;-23,29607581;-51,27204001;"SPRF-PR";"DEL07-PR";"UOP01-DEL07-PR"
197852;2019-03-18;"segunda-feira";"18:30:00";"PR";476;126;"CURITIBA";"Não guardar distância de segurança";"Queda de ocupante de veículo";"Com Vítimas Feridas";"Plena Noite";"Decrescente";"Nublado";"Dupla";"Reta";"Sim";3;0;1;0;2;0;1;2;-25,416758;-49,223446;"SPRF-PR";"DEL01-PR";"UOP07-DEL01-PR"
197855;2019-03-18;"segunda-feira";"19:10:00";"DF";40;2,1;"BRASILIA";"Falta de Atenção à Condução";"Colisão lateral";"Com Vítimas Feridas";"Plena Noite";"Crescente";"Nublado";"Dupla";"Reta";"Sim";3;0;1;0;2;0;1;3;-15,99511887;-47,98579216;"SPRF-DF";"DEL01-DF";"UOP01-DEL01-DF"
197856;2019-03-18;"segunda-feira";"18:30:00";"CE";222;3;"FORTALEZA";"Falta de Atenção à Condução";"Colisão traseira";"Com Vítimas Feridas";"Anoitecer";"Decrescente";"Nublado";"Múltipla";"Reta";"Sim";3;0;0;1;2;0;1;3;-3,74092;-38,60004;"SPRF-CE";"DEL01-CE";"UOP01-DEL01-CE"
197860;2019-03-18;"segunda-feira";"18:10:00";"RJ";101;391;"RIO DE JANEIRO";"Falta de Atenção à Condução";"Colisão traseira";"Com Vítimas Feridas";"Anoitecer";"Crescente";"Céu Claro";"Dupla";"Reta";"Não";3;0;1;0;2;0;1;3;-22,894827;-43,68492;"SPRF-RJ";"DEL03-RJ";"UOP01-DEL03-RJ"
197863;2019-03-18;"segunda-feira";"16:30:00";"SC";282;54;"RANCHO QUEIMADO";"Velocidade Incompatível";"Saída de leito carroçável";"Com Vítimas Feridas";"Pleno dia";"Crescente";"Nublado";"Simples";"Curva";"Não";2;0;1;0;1;0;1;1;-27,685799;-48,974514;"SPRF-SC";"DEL01-SC";"UOP03-DEL01-SC"
197864;2019-03-18;"segunda-feira";"19:10:00";"PR";277;472;"NOVA LARANJEIRAS";"Falta de Atenção do Pedestre";"Atropelamento de Pedestre";"Com Vítimas Feridas";"Anoitecer";"Crescente";"Chuva";"Simples";"Rotatória";"Sim";2;0;1;0;1;0;1;2;-25,31924705;-52,52279904;"SPRF-PR";"DEL04-PR";"UOP02-DEL04-PR"
197871;2019-03-18;"segunda-feira";"19:50:00";"BA";242;604,6;"IBOTIRAMA";"Restrição de Visibilidade";"Atropelamento de Animal";"Com Vítimas Feridas";"Plena Noite";"Decrescente";"Céu Claro";"Simples";"Reta";"Não";1;0;1;0;0;0;1;1;-12,17309654;-43,20298182;"SPRF-BA";"DEL10-BA";"UOP03-DEL06-BA"
197872;2019-03-18;"segunda-feira";"13:20:00";"MG";116;546,2;"SANTA BARBARA DO LESTE";"Defeito Mecânico no Veículo";"Saída de leito carroçável";"Com Vítimas Feridas";"Pleno dia";"Crescente";"Céu Claro";"Simples";"Reta";"Não";2;0;1;1;0;0;2;1;-19,93628201;-42,13101771;"SPRF-MG";"DEL06-MG";"UOP02-DEL06-MG"
197873;2019-03-18;"segunda-feira";"18:35:00";"MG";262;36,1;"MANHUACU";"Falta de Atenção à Condução";"Atropelamento de Pedestre";"Com Vítimas Feridas";"Plena Noite";"Decrescente";"Céu Claro";"Simples";"Reta";"Não";2;0;1;0;1;0;1;2;-20,25932046;-42,02298331;"SPRF-MG";"DEL06-MG";"UOP03-DEL06-MG"
197874;2019-03-18;"segunda-feira";"21:00:00";"ES";101;270;"SERRA";"Falta de Atenção à Condução";"Queda de ocupante de veículo";"Com Vítimas Feridas";"Plena Noite";"Crescente";"Nublado";"Dupla";"Reta";"Sim";1;0;1;0;0;0;1;1;-20,22662056;-40,27075088;"SPRF-ES";"DEL02-ES";"UOP01-DEL02-ES"
197876;2019-03-18;"segunda-feira";"17:20:00";"RJ";116;39;"TERESOPOLIS";"Falta de Atenção à Condução";"Colisão transversal";"Com Vítimas Feridas";"Anoitecer";"Crescente";"Nublado";"Simples";"Reta";"Sim";2;0;1;0;1;0;1;2;-22,12524075;-42,77973449;"SPRF-RJ";"DEL04-RJ";"UOP01-DEL04-RJ"
197878;2019-03-18;"segunda-feira";"19:00:00";"MG";262;34,4;"MANHUACU";"Falta de Atenção à Condução";"Colisão transversal";"Com Vítimas Feridas";"Plena Noite";"Crescente";"Nublado";"Simples";"Rotatória";"Sim";2;0;0;1;1;0;1;2;-20,25692664;-42,01099203;"SPRF-MG";"DEL06-MG";"UOP03-DEL06-MG"
197882;2019-01-28;"segunda-feira";"15:00:00";"SP";116;81;"ROSEIRA";"Falta de Atenção à Condução";"Queda de ocupante de veículo";"Com Vítimas Feridas";"Pleno dia";"Crescente";"Céu Claro";"Dupla";"Reta";"Sim";2;0;1;0;1;0;1;1;-22,904821;-45,310307;"SPRF-SP";"DEL06-SP";"UOP01-DEL06-SP"
197883;2019-03-18;"segunda-feira";"17:40:00";"MA";222;350;"MONCAO";"Defeito na Via";"Tombamento";"Com Vítimas Feridas";"Anoitecer";"Crescente";"Chuva";"Simples";"Reta";"Não";1;0;1;0;0;0;1;1;-3,705403;-45,308781;"SPRF-MA";"DEL02-MA";"UI04-DEL02-MA"
197886;2019-03-18;"segunda-feira";"23:05:00";"SC";101;37;"JOINVILLE";"Ingestão de Substâncias Psicoativas";"Atropelamento de Pedestre";"Com Vítimas Feridas";"Plena Noite";"Crescente";"Nublado";"Dupla";"Reta";"Não";2;0;1;0;0;1;1;2;-26,25050176;-48,90863867;"SPRF-SC";"DEL03-SC";"UOP01-DEL03-SC"
197887;2019-03-18;"segunda-feira";"23:15:00";"PR";153;334;"IRATI";"Pista Escorregadia";"Queda de ocupante de veículo";"Com Vítimas Feridas";"Plena Noite";"Crescente";"Garoa/Chuvisco";"Simples";"Reta";"Sim";1;0;1;0;0;0;1;1;-25,481234;-50,640733;"SPRF-PR";"DEL03-PR";"UOP02-DEL08-PR"
197888;2019-03-18;"segunda-feira";"22:10:00";"PR";376;628;"SAO JOSE DOS PINHAIS";"Falta de Atenção à Condução";"Colisão frontal";"Com Vítimas Feridas";"Plena Noite";"Crescente";"Nublado";"Dupla";"Reta";"Não";1;0;1;0;0;0;1;1;-25,67832409;-49,14963231;"SPRF-PR";"DEL01-PR";"UOP04-DEL01-PR"
197889;2019-03-18;"segunda-feira";"22:20:00";"RJ";101;327;"NITEROI";"Não guardar distância de segurança";"Colisão traseira";"Com Vítimas Feridas";"Plena Noite";"Decrescente";"Nublado";"Múltipla";"Reta";"Não";3;0;3;0;0;0;3;2;-22,87117393;-43,15595099;"SPRF-RJ";"DEL02-RJ";"UOP02-DEL02-RJ"
197891;2019-03-18;"segunda-feira";"14:30:00";"SC";470;224,3;"SAO CRISTOVAO DO SUL";"Falta de Atenção à Condução";"Colisão transversal";"Com Vítimas Feridas";"Pleno dia";"Decrescente";"Nublado";"Simples";"Reta;Aclive";"Não";3;0;2;0;1;0;2;2;-27,32696;-50,342205;"SPRF-SC";"DEL05-SC";"UOP03-DEL05-SC"
197892;2019-03-18;"segunda-feira";"20:05:00";"RO";364;710;"PORTO VELHO";"Falta de Atenção à Condução";"Colisão lateral";"Com Vítimas Feridas";"Plena Noite";"Decrescente";"Céu Claro";"Dupla";"Reta";"Sim";3;0;3;0;0;0;3;2;-8,78342395;-63,86249542;"SPRF-RO";"DEL01-RO";"UOP01-DEL01-RO"
197894;2019-03-18;"segunda-feira";"22:30:00";"SC";101;98,8;"BALNEARIO PICARRAS";"Falta de Atenção à Condução";"Saída de leito carroçável";"Com Vítimas Fatais";"Plena Noite";"Crescente";"Chuva";"Dupla";"Curva";"Não";2;1;0;1;0;0;1;1;-26,74758405;-48,6962074;"SPRF-SC";"DEL03-SC";"UOP02-DEL03-SC"
197895;2019-03-18;"segunda-feira";"22:50:00";"MA";135;5,8;"SAO LUIS";"Desobediência às normas de trânsito pelo condutor";"Colisão transversal";"Sem Vítimas";"Plena Noite";"Crescente";"Nublado";"Dupla";"Reta";"Sim";2;0;0;0;2;0;0;2;-2,62145385;-44,25797421;"SPRF-MA";"DEL01-MA";"UOP01-DEL01-MA"
197896;2019-03-19;"terça-feira";"00:25:00";"PE";232;162;"TACAIMBO";"Animais na Pista";"Atropelamento de Animal";"Sem Vítimas";"Plena Noite";"Decrescente";"Céu Claro";"Simples";"Reta";"Não";1;0;0;0;1;0;0;1;-8,33319;-36,2768;"SPRF-PE";"DEL02-PE";"UOP03-DEL02-PE"
197897;2019-03-18;"segunda-feira";"20:50:00";"RN";101;118,3;"SAO JOSE DE MIPIBU";"Desobediência às normas de trânsito pelo condutor";"Colisão frontal";"Com Vítimas Fatais";"Plena Noite";"Decrescente";"Nublado";"Dupla";"Retorno Regulamentado";"Não";2;1;0;0;0;1;0;2;-6,016059;-35,253475;"SPRF-RN";"DEL01-RN";"UOP01-DEL01-RN"
197898;2019-03-18;"segunda-feira";"23:30:00";"GO";60;62;"ABADIANIA";"Ingestão de Álcool";"Saída de leito carroçável";"Sem Vítimas";"Plena Noite";"Decrescente";"Nublado";"Dupla";"Aclive";"Sim";1;0;0;0;1;0;0;1;-16,1881;-48,7205;"SPRF-GO";"DEL02-GO";"UOP01-DEL02-GO"
197900;2019-03-19;"terça-feira";"00:45:00";"PR";277;124;"CAMPO LARGO";"Falta de Atenção à Condução";"Colisão com objeto estático";"Com Vítimas Feridas";"Plena Noite";"Decrescente";"Céu Claro";"Dupla";"Reta";"Não";4;0;4;0;0;0;4;1;-25,4472505;-49,47885404;"SPRF-PR";"DEL01-PR";"UOP06-DEL01-PR"
197902;2019-03-19;"terça-feira";"02:05:00";"SP";153;64,2;"SAO JOSE DO RIO PRETO";"Defeito na Via";"Tombamento";"Com Vítimas Feridas";"Plena Noite";"Decrescente";"Céu Claro";"Simples";"Aclive;Curva";"Sim";1;0;1;0;0;0;1;1;-20,83059689;-49,36150789;"SPRF-SP";"DEL09-SP";"UOP01-DEL09-SP"
197904;2019-03-19;"terça-feira";"02:45:00";"SC";101;148;"ITAPEMA";"Falta de Atenção à Condução";"Colisão lateral";"Com Vítimas Feridas";"Plena Noite";"Decrescente";"Céu Claro";"Simples";"Interseção de Vias";"Sim";2;0;0;1;1;0;1;2;-27,10123686;-48,61807962;"SPRF-SC";"DEL04-SC";"UOP03-DEL04-SC"
197905;2019-03-19;"terça-feira";"02:00:00";"SP";116;201;"ARUJA";"Falta de Atenção à Condução";"Capotamento";"Com Vítimas Feridas";"Plena Noite";"Decrescente";"Céu Claro";"Dupla";"Reta";"Não";2;0;1;0;1;0;1;1;-23,40340582;-46,32940765;"SPRF-SP";"DEL01-SP";"UOP02-DEL01-SP"
197906;2019-03-19;"terça-feira";"01:45:00";"MT";163;823,5;"SINOP";"Falta de Atenção à Condução";"Queda de ocupante de veículo";"Com Vítimas Feridas";"Plena Noite";"Crescente";"Nublado";"Dupla";"Reta";"Sim";1;0;1;0;0;0;1;1;-12,094512;-55,51767;"SPRF-MT";"DEL06-MT";"UOP01-DEL06-MT"
197907;2019-03-18;"segunda-feira";"22:30:00";"SC";282;166,8;"BOCAINA DO SUL";"Restrição de Visibilidade";"Queda de ocupante de veículo";"Com Vítimas Feridas";"Plena Noite";"Decrescente";"Nevoeiro/Neblina";"Simples";"Reta";"Não";1;0;1;0;0;0;1;1;-27,744968;-49,8083;"SPRF-SC";"DEL05-SC";"UOP01-DEL05-SC"
197908;2019-03-19;"terça-feira";"05:40:00";"MG";40;514,1;"RIBEIRAO DAS NEVES";"Condutor Dormindo";"Saída de leito carroçável";"Com Vítimas Feridas";"Amanhecer";"Decrescente";"Céu Claro";"Dupla";"Reta";"Não";1;0;1;0;0;0;1;1;-19,80151928;-44,10000333;"SPRF-MG";"DEL01-MG";"UOP03-DEL01-MG"
197910;2019-03-19;"terça-feira";"05:00:00";"PI";343;255;"CAMPO MAIOR";"Animais na Pista";"Saída de leito carroçável";"Sem Vítimas";"Amanhecer";"Crescente";"Nublado";"Simples";"Reta";"Não";1;0;0;0;1;0;0;1;-4,768979;-42,113426;"SPRF-PI";"DEL01-PI";"UOP03-DEL01-PI"
197911;2019-03-19;"terça-feira";"06:30:00";"BA";116;12,8;"VITORIA DA CONQUISTA";"Falta de Atenção à Condução";"Colisão transversal";"Com Vítimas Feridas";"Pleno dia";"Crescente";"Céu Claro";"Simples";"Reta;Interseção de Vias";"Sim";2;0;1;0;1;0;1;2;-14,88372281;-40,87069295;"SPRF-BA";"DEL08-BA";"UOP01-DEL08-BA"
197914;2019-03-19;"terça-feira";"01:19:00";"MG";262;40,2;"MANHUACU";"Falta de Atenção à Condução";"Tombamento";"Com Vítimas Feridas";"Plena Noite";"Decrescente";"Chuva";"Simples";"Reta";"Não";1;0;1;0;0;0;1;1;-20,27334219;-42,04913988;"SPRF-MG";"DEL06-MG";"UOP03-DEL06-MG"
197916;2019-03-19;"terça-feira";"06:59:00";"ES";101;285,9;"CARIACICA";"Falta de Atenção do Pedestre";"Atropelamento de Pedestre";"Com Vítimas Fatais";"Pleno dia";"Crescente";"Céu Claro";"Dupla";"Declive";"Sim";2;1;0;0;1;0;0;2;-20,25148171;-40,37270066;"SPRF-ES";"DEL01-ES";"UOP01-DEL01-ES"
197917;2019-03-19;"terça-feira";"07:28:00";"PB";101;89,8;"JOAO PESSOA";"Desobediência às normas de trânsito pelo condutor";"Colisão transversal";"Com Vítimas Feridas";"Pleno dia";"Decrescente";"Céu Claro";"Dupla";"Reta";"Sim";3;0;2;0;0;1;2;2;-7,1710694;-34,89765372;"SPRF-PB";"DEL01-PB";"UOP01-DEL01-PB"
197918;2019-03-19;"terça-feira";"07:20:00";"DF";20;9;"BRASILIA";"Falta de Atenção à Condução";"Danos eventuais";"Sem Vítimas";"Pleno dia";"Decrescente";"Céu Claro";"Dupla";"Curva";"Sim";1;0;0;0;0;1;0;1;-15,65263717;-47,78039932;"SPRF-DF";"DEL02-DF";"UOP01-DEL02-DF"
197921;2019-03-19;"terça-feira";"07:20:00";"SC";470;139;"RIO DO SUL";"Falta de Atenção à Condução";"Colisão traseira";"Com Vítimas Feridas";"Amanhecer";"Crescente";"Céu Claro";"Simples";"Reta";"Sim";2;0;1;0;1;0;1;2;-27,217564;-49,65461;"SPRF-SC";"DEL04-SC";"UOP02-DEL04-SC"
197923;2019-03-19;"terça-feira";"08:00:00";"BA";324;614;"SALVADOR";"Falta de Atenção à Condução";"Colisão lateral";"Sem Vítimas";"Pleno dia";"Decrescente";"Céu Claro";"Dupla";"Reta";"Não";1;0;0;0;1;0;0;1;-12,8639793;-38,42370126;"SPRF-BA";"DEL01-BA";"UOP01-DEL01-BA"