"id";"data_inversa";"dia_semana";"horario";"uf";"br";"km";"municipio";"causa_acidente";"tipo_acidente";"classificacao_acidente";"fase_dia";"sentido_via";"condicao_metereologica";"tipo_pista";"tracado_via";"uso_solo";"pessoas";"mortos";"feridos_leves";"feridos_graves";"ilesos";"ignorados";"feridos";"veiculos";"latitude";"longitude";"regional";"delegacia";"uop"
197926;2019-03-19;"terça-feira";"07:40:00";"PE";423;98,7;"GARANHUNS";"Desobediência às normas de trânsito pelo condutor";"Colisão transversal";"Com Vítimas Feridas";"Pleno dia";"Crescente";"Céu Claro";"Simples";"Interseção de Vias;Curva";"Sim";2;0;0;1;1;0;1;2;-8,87617488;-36,50363499;"SPRF-PE";"DEL03-PE";"UOP01-DEL03-PE"
197927;2019-03-19;"terça-feira";"07:45:00";"PR";277;593;"CASCAVEL";"Falta de Atenção à Condução";"Colisão traseira";"Com Vítimas Feridas";"Pleno dia";"Crescente";"Céu Claro";"Simples";"Interseção de Vias;Reta;Aclive";"Sim";2;0;2;0;0;0;2;2;-24,98082053;-53,48254989;"SPRF-PR";"DEL04-PR";"UOP01-DEL04-PR"
197928;2019-03-19;"terça-feira";"07:00:00";"RO";364;16;"VILHENA";"Desobediência às normas de trânsito pelo condutor";"Colisão transversal";"Com Vítimas Feridas";"Pleno dia";"Crescente";"Céu Claro";"Simples";"Reta";"Sim";2;0;1;0;1;0;1;2;-12,73437947;-60,15696986;"SPRF-RO";"DEL04-RO";"UOP01-DEL04-RO"
197929;2019-03-19;"terça-feira";"07:00:00";"MG";381;937,8;"EXTREMA";"Falta de Atenção à Condução";"Queda de ocupante de veículo";"Com Vítimas Feridas";"Pleno dia";"Decrescente";"Céu Claro";"Dupla";"Reta";"Não";1;0;1;0;0;0;1;1;-22,83554657;-46,32086698;"SPRF-MG";"DEL16-MG";"UOP03-DEL16-MG"
197930;2019-03-19;"terça-feira";"07:50:00";"BA";116;423,7;"FEIRA DE SANTANA";"Desobediência às normas de trânsito pelo condutor";"Colisão transversal";"Com Vítimas Feridas";"Pleno dia";"Decrescente";"Céu Claro";"Simples";"Reta";"Sim";3;0;2;0;1;0;2;2;-12,2318999;-38,96987915;"SPRF-BA";"DEL02-BA";"UOP01-DEL02-BA"
197931;2019-03-19;"terça-feira";"08:25:00";"MG";381;506;"BETIM";"Não guardar distância de segurança";"Colisão traseira";"Com Vítimas Feridas";"Pleno dia";"Decrescente";"Sol";"Dupla";"Reta";"Não";3;0;1;0;2;0;1;2;-20,05039397;-44,27962502;"SPRF-MG";"DEL01-MG";"UOP03-DEL01-MG"
197932;2019-03-19;"terça-feira";"07:30:00";"SC";470;137;"RIO DO SUL";"Falta de Atenção à Condução";"Colisão transversal";"Com Vítimas Feridas";"Pleno dia";"Crescente";"Céu Claro";"Simples";"Reta";"Não";2;0;1;0;1;0;1;2;-27,203201;-49,635063;"SPRF-SC";"DEL04-SC";"UOP02-DEL04-SC"
197934;2019-03-19;"terça-feira";"07:45:00";"PB";101;91,8;"JOAO PESSOA";"Defeito Mecânico no Veículo";"Tombamento";"Com Vítimas Feridas";"Pleno dia";"Crescente";"Sol";"Dupla";"Reta";"Sim";2;0;2;0;0;0;2;1;-7,18826412;-34,90308264;"SPRF-PB";"DEL01-PB";"UOP01-DEL01-PB"
197935;2019-03-19;"terça-feira";"08:00:00";"PE";232;146;"SAO CAITANO";"Falta de Atenção à Condução";"Colisão traseira";"Sem Vítimas";"Pleno dia";"Decrescente";"Céu Claro";"Dupla";"Curva";"Sim";2;0;0;0;2;0;0;2;-8,33218974;-36,12904312;"SPRF-PE";"DEL02-PE";"UOP03-DEL02-PE"
197936;2019-03-19;"terça-feira";"08:50:00";"ES";101;270;"SERRA";"Falta de Atenção à Condução";"Colisão traseira";"Com Vítimas Feridas";"Pleno dia";"Crescente";"Sol";"Dupla";"Reta";"Sim";2;0;1;0;1;0;1;2;-20,22662056;-40,27075088;"SPRF-ES";"DEL02-ES";"UOP01-DEL02-ES"
197937;2019-03-19;"terça-feira";"08:00:00";"MS";163;478;"CAMPO GRANDE";"Não guardar distância de segurança";"Colisão traseira";"Com Vítimas Feridas";"Pleno dia";"Crescente";"Sol";"Simples";"Reta";"Sim";2;0;1;0;1;0;1;2;-20,49629699;-54,55916871;"SPRF-MS";"DEL01-MS";"UOP01-DEL01-MS"
197939;2019-03-19;"terça-feira";"05:40:00";"PR";476;201,9;"LAPA";"Falta de Atenção à Condução";"Tombamento";"Com Vítimas Feridas";"Plena Noite";"Crescente";"Nublado";"Simples";"Aclive;Reta";"Não";1;0;1;0;0;0;1;1;-25,7754;-49,764946;"SPRF-PR";"DEL02-PR";"UOP04-DEL02-PR"
197940;2019-03-19;"terça-feira";"09:00:00";"RS";116;264;"CANOAS";"Falta de Atenção à Condução";"Colisão lateral";"Com Vítimas Feridas";"Pleno dia";"Crescente";"Sol";"Múltipla";"Reta";"Sim";2;0;1;0;1;0;1;2;-29,914435;-51,17754495;"SPRF-RS";"DEL01-RS";"UOP01-DEL01-RS"
197943;2019-03-19;"terça-feira";"09:40:00";"SC";470;174,2;"POUSO REDONDO";"Desobediência às normas de trânsito pelo condutor";"Colisão lateral";"Com Vítimas Feridas";"Pleno dia";"Decrescente";"Céu Claro";"Simples";"Curva";"Não";2;0;0;1;1;0;1;2;-27,25997057;-49,91994381;"SPRF-SC";"DEL04-SC";"UOP02-DEL04-SC"
197944;2019-03-19;"terça-feira";"06:30:00";"MG";267;218;"BOM JARDIM DE MINAS";"Defeito Mecânico no Veículo";"Capotamento";"Com Vítimas Feridas";"Pleno dia";"Crescente";"Nevoeiro/Neblina";"Simples";"Declive";"Não";2;0;2;0;0;0;2;1;-21,94149828;-44,23500199;"SPRF-MG";"DEL05-MG";"UOP01-DEL17-MG"
197946;2019-03-19;"terça-feira";"09:10:00";"SP";116;287,9;"ITAPECERICA DA SERRA";"Falta de Atenção à Condução";"Tombamento";"Com Vítimas Feridas";"Pleno dia";"Crescente";"Céu Claro";"Dupla";"Reta";"Sim";1;0;1;0;0;0;1;1;-23,71441779;-46,87929634;"SPRF-SP";"DEL04-SP";"UOP01-DEL04-SP"
197949;2019-03-19;"terça-feira";"10:15:00";"GO";20;172,5;"ALVORADA DO NORTE";"Defeito Mecânico no Veículo";"Saída de leito carroçável";"Sem Vítimas";"Pleno dia";"Crescente";"Céu Claro";"Simples";"Reta";"Não";4;0;0;0;4;0;0;1;-14,533333;-46,540195;"SPRF-DF";"DEL02-DF";"UOP03-DEL02-DF"
197950;2019-03-19;"terça-feira";"08:50:00";"PE";101;136;"ESCADA";"Defeito na Via";"Queda de ocupante de veículo";"Com Vítimas Feridas";"Pleno dia";"Decrescente";"Sol";"Dupla";"Interseção de Vias";"Não";1;0;1;0;0;0;1;1;-8,41439454;-35,3044618;"SPRF-PE";"DEL01-PE";"UOP03-DEL01-PE"
197952;2019-03-19;"terça-feira";"08:40:00";"BA";101;111;"ALAGOINHAS";"Falta de Atenção à Condução";"Colisão traseira";"Com Vítimas Feridas";"Pleno dia";"Decrescente";"Céu Claro";"Simples";"Reta";"Não";2;0;2;0;0;0;2;2;-12,16246647;-38,48586813;"SPRF-BA";"DEL01-BA";"UOP04-DEL01-BA"
197953;2019-03-19;"terça-feira";"08:00:00";"PB";230;18,7;"JOAO PESSOA";"Não guardar distância de segurança";"Colisão traseira";"Com Vítimas Feridas";"Pleno dia";"Crescente";"Céu Claro";"Dupla";"Curva";"Sim";2;0;1;0;1;0;1;2;-7,1198;-34,8453;"SPRF-PB";"DEL01-PB";"UOP01-DEL01-PB"
197954;2019-03-19;"terça-feira";"10:30:00";"BA";101;115;"ALAGOINHAS";"Ultrapassagem Indevida";"Colisão frontal";"Com Vítimas Feridas";"Pleno dia";"Decrescente";"Céu Claro";"Simples";"Reta";"Não";3;0;1;0;2;0;1;2;-12,16017093;-38,49643707;"SPRF-BA";"DEL01-BA";"UOP04-DEL01-BA"
197960;2019-02-02;"sábado";"19:05:00";"ES";101;287;"CARIACICA";"Falta de Atenção à Condução";"Colisão transversal";"Com Vítimas Fatais";"Anoitecer";"Decrescente";"Céu Claro";"Dupla";"Reta";"Sim";5;1;0;0;4;0;0;3;-20,25764316;-40,37718242;"SPRF-ES";"DEL01-ES";"UOP01-DEL01-ES"
197962;2019-03-19;"terça-feira";"10:00:00";"MG";262;444;"NOVA SERRANA";"Velocidade Incompatível";"Saída de leito carroçável";"Com Vítimas Feridas";"Pleno dia";"Crescente";"Céu Claro";"Múltipla";"Reta";"Sim";1;0;1;0;0;0;1;1;-19,881131;-44,931502;"SPRF-MG";"DEL08-MG";"UOP03-DEL08-MG"
197964;2019-03-19;"terça-feira";"11:50:00";"RN";406;169,5;"SAO GONCALO DO AMARANTE";"Falta de Atenção à Condução";"Colisão lateral";"Com Vítimas Feridas";"Pleno dia";"Decrescente";"Sol";"Múltipla";"Reta";"Sim";2;0;1;0;1;0;1;2;-5,75575041;-35,30611664;"SPRF-RN";"DEL02-RN";"UOP01-DEL02-RN"
197965;2019-03-19;"terça-feira";"11:30:00";"ES";259;57,7;"COLATINA";"Desobediência às normas de trânsito pelo condutor";"Colisão transversal";"Com Vítimas Feridas";"Pleno dia";"Decrescente";"Sol";"Simples";"Rotatória;Reta";"Sim";3;0;2;0;1;0;2;2;-19,51851537;-40,66316789;"SPRF-ES";"DEL02-ES";"UOP01-DEL02-ES"
197966;2019-03-19;"terça-feira";"12:00:00";"GO";70;8;"AGUAS LINDAS DE GOIAS";"Defeito Mecânico no Veículo";"Queda de ocupante de veículo";"Com Vítimas Feridas";"Pleno dia";"Crescente";"Céu Claro";"Dupla";"Reta";"Sim";1;0;1;0;0;0;1;1;-15,73733681;-48,27407468;"SPRF-DF";"DEL01-DF";"UOP02-DEL03-DF"
197968;2019-01-19;"sábado";"02:20:00";"PR";116;116,1;"CURITIBA";"Desobediência às normas de trânsito pelo condutor";"Atropelamento de Pedestre";"Com Vítimas Feridas";"Plena Noite";"Decrescente";"Céu Claro";"Dupla";"Reta";"Sim";2;0;1;1;0;0;2;2;-25,544559;-49,30146;"SPRF-PR";"DEL01-PR";"UOP07-DEL01-PR"
197969;2019-03-19;"terça-feira";"12:35:00";"ES";262;22,1;"VIANA";"Mal Súbito";"Colisão frontal";"Com Vítimas Fatais";"Pleno dia";"Decrescente";"Céu Claro";"Simples";"Curva";"Não";3;1;2;0;0;0;2;2;-20,37528542;-40,51461697;"SPRF-ES";"DEL01-ES";"UOP01-DEL01-ES"
197973;2019-03-19;"terça-feira";"12:30:00";"RS";293;75;"PIRATINI";"Falta de Atenção à Condução";"Saída de leito carroçável";"Com Vítimas Feridas";"Pleno dia";"Crescente";"Céu Claro";"Simples";"Reta";"Não";2;0;1;1;0;0;2;1;-31,67583782;-53,07442688;"SPRF-RS";"DEL07-RS";"UOP01-DEL07-RS"
197974;2019-03-19;"terça-feira";"13:10:00";"GO";40;13;"LUZIANIA";"Desobediência às normas de trânsito pelo condutor";"Colisão lateral";"Com Vítimas Feridas";"Pleno dia";"Crescente";"Céu Claro";"Dupla";"Reta";"Sim";2;0;1;0;1;0;1;2;-16,151832;-47,939162;"SPRF-DF";"DEL01-DF";"UOP01-DEL01-DF"
197976;2019-02-22;"sexta-feira";"23:10:00";"PR";277;118,3;"CAMPO LARGO";"Falta de Atenção à Condução";"Colisão transversal";"Com Vítimas Feridas";"Plena Noite";"Decrescente";"Nublado";"Dupla";"Reta";"Sim";2;0;1;0;0;1;1;2;-25,43106012;-49,42461998;"SPRF-PR";"DEL01-PR";"UOP06-DEL01-PR"
197980;2019-03-19;"terça-feira";"11:40:00";"MG";153;227,3;"FRONTEIRA";"Velocidade Incompatível";"Saída de leito carroçável";"Com Vítimas Feridas";"Pleno dia";"Decrescente";"Sol";"Simples";"Reta";"Não";1;0;0;1;0;0;1;1;-20,21081421;-49,13770375;"SPRF-MG";"DEL13-MG";"UOP02-DEL13-MG"
197981;2019-03-13;"quarta-feira";"11:20:00";"MT";163;119;"RONDONOPOLIS";"Desobediência às normas de trânsito pelo condutor";"Colisão transversal";"Com Vítimas Feridas";"Pleno dia";"Crescente";"Céu Claro";"Simples";"Reta";"Sim";2;0;1;0;1;0;1;2;-16,505412;-54,65154;"SPRF-MT";"DEL02-MT";"UOP01-DEL02-MT"
197983;2019-02-27;"quarta-feira";"08:30:00";"GO";452;192,2;"ITUMBIARA";"Falta de Atenção à Condução";"Colisão transversal";"Com Vítimas Feridas";"Pleno dia";"Crescente";"Sol";"Simples";"Interseção de Vias";"Não";2;0;1;1;0;0;2;2;-18,38580493;-49,34783936;"SPRF-GO";"DEL03-GO";"UOP02-DEL03-GO"
197989;2019-03-19;"terça-feira";"12:15:00";"PR";476;277,4;"SAO MATEUS DO SUL";"Não guardar distância de segurança";"Colisão traseira";"Com Vítimas Feridas";"Pleno dia";"Decrescente";"Sol";"Simples";"Interseção de Vias;Reta";"Sim";3;0;2;0;1;0;2;2;-25,87254607;-50,39361656;"SPRF-PR";"DEL02-PR";"UOP04-DEL02-PR"
197990;2019-03-06;"quarta-feira";"13:10:00";"PA";316;24;"BENEVIDES";"Falta de Atenção do Pedestre";"Atropelamento de Pedestre";"Com Vítimas Feridas";"Pleno dia";"Decrescente";"Céu Claro";"Dupla";"Reta";"Sim";2;0;0;1;0;1;1;2;-1,34599732;-48,25152822;"SPRF-PA";"DEL01-PA";"DEL19/1-UOP05/PA"
197993;2019-02-10;"domingo";"19:50:00";"PB";230;327,7;"QUIXABA";"Falta de Atenção à Condução";"Saída de leito carroçável";"Com Vítimas Feridas";"Plena Noite";"Crescente";"Nublado";"Simples";"Reta";"Não";3;0;3;0;0;0;3;1;-7,0001;-37,203;"SPRF-PB";"DEL03-PB";"UOP01-DEL03-PB"
197994;2019-03-19;"terça-feira";"14:10:00";"SE";235;12;"NOSSA SENHORA DO SOCORRO";"Falta de Atenção do Pedestre";"Atropelamento de Pedestre";"Com Vítimas Feridas";"Pleno dia";"Crescente";"Céu Claro";"Simples";"Curva";"Não";2;0;1;0;0;1;1;2;-10,872643;-37,163246;"SPRF-SE";"DEL01-SE";"UOP01-DEL01-SE"
197999;2019-03-19;"terça-feira";"14:40:00";"RO";364;240,1;"CACOAL";"Defeito na Via";"Tombamento";"Com Vítimas Feridas";"Pleno dia";"Crescente";"Sol";"Simples";"Reta;Interseção de Vias";"Sim";1;0;0;1;0;0;1;1;-11,43629272;-61,47212148;"SPRF-RO";"DEL02-RO";"UOP02-DEL02-RO"
198001;2019-03-19;"terça-feira";"15:00:00";"PR";277;726,4;"FOZ DO IGUACU";"Falta de Atenção à Condução";"Colisão transversal";"Com Vítimas Feridas";"Pleno dia";"Decrescente";"Céu Claro";"Dupla";"Rotatória";"Sim";2;0;1;0;1;0;1;2;-25,51076346;-54,55853462;"SPRF-PR";"DEL05-PR";"UOP03-DEL05-PR"
198003;2019-03-19;"terça-feira";"16:30:00";"PR";153;307,7;"IMBITUVA";"Ingestão de Álcool";"Capotamento";"Com Vítimas Feridas";"Pleno dia";"Crescente";"Céu Claro";"Simples";"Reta";"Não";1;0;0;1;0;0;1;1;-25,25961868;-50,64038734;"SPRF-PR";"DEL03-PR";"UOP02-DEL08-PR"
198004;2019-03-19;"terça-feira";"16:45:00";"MG";40;780,8;"JUIZ DE FORA";"Falta de Atenção à Condução";"Queda de ocupante de veículo";"Com Vítimas Feridas";"Pleno dia";"Crescente";"Garoa/Chuvisco";"Dupla";"Reta";"Não";1;0;1;0;0;0;1;1;-21,67939981;-43,44987329;"SPRF-MG";"DEL05-MG";"UOP01-DEL05-MG"
198006;2019-03-19;"terça-feira";"15:30:00";"MG";381;330;"NOVA ERA";"Falta de Atenção à Condução";"Colisão lateral";"Com Vítimas Feridas";"Pleno dia";"Decrescente";"Nublado";"Dupla";"Reta";"Sim";2;0;1;0;1;0;1;1;-19,75671306;-43,02716201;"SPRF-MG";"DEL03-MG";"UOP01-DEL03-MG"
198009;2019-03-19;"terça-feira";"17:00:00";"SP";116;52,2;"LORENA";"Defeito na Via";"Colisão com objeto estático";"Com Vítimas Feridas";"Pleno dia";"Decrescente";"Nublado";"Dupla";"Reta";"Sim";1;0;1;0;0;0;1;1;-22,74708138;-45,09973038;"SPRF-SP";"DEL08-SP";"UOP01-DEL08-SP"
198011;2019-03-19;"terça-feira";"17:15:00";"CE";20;427;"FORTALEZA";"Falta de Atenção à Condução";"Colisão traseira";"Com Vítimas Feridas";"Pleno dia";"Decrescente";"Chuva";"Dupla";"Reta";"Não";3;0;2;0;1;0;2;2;-3,76999035;-38,67006282;"SPRF-CE";"DEL01-CE";"UOP02-DEL01-CE"
198014;2019-03-19;"terça-feira";"17:10:00";"RN";110;50,2;"MOSSORO";"Agressão Externa";"Colisão com objeto estático";"Com Vítimas Feridas";"Pleno dia";"Crescente";"Nublado";"Dupla";"Viaduto";"Sim";2;0;1;0;0;1;1;2;-5,22564411;-37,32444048;"SPRF-RN";"DEL04-RN";"UOP01-DEL04-RN"
198016;2019-03-19;"terça-feira";"17:35:00";"PR";277;81;"CURITIBA";"Falta de Atenção à Condução";"Colisão transversal";"Com Vítimas Feridas";"Pleno dia";"Decrescente";"Céu Claro";"Simples";"Interseção de Vias";"Sim";2;0;1;0;1;0;1;2;-25,568939;-49,181978;"SPRF-PR";"DEL01-PR";"UOP01-DEL01-PR"
198017;2019-03-19;"terça-feira";"16:00:00";"PR";376;645;"TIJUCAS DO SUL";"Falta de Atenção à Condução";"Colisão lateral";"Com Vítimas Feridas";"Pleno dia";"Crescente";"Céu Claro";"Dupla";"Curva";"Não";5;0;1;0;4;0;1;2;-25,82214295;-49,12707913;"SPRF-PR";"DEL01-PR";"UOP04-DEL01-PR"
198019;2019-03-19;"terça-feira";"17:15:00";"PR";116;18,3;"CURITIBA";"Não guardar distância de segurança";"Engavetamento";"Com Vítimas Feridas";"Pleno dia";"Crescente";"Nublado";"Dupla";"Reta;Aclive";"Não";3;0;0;1;2;0;1;3;-25,3891;-49,1966;"SPRF-PR";"DEL01-PR";"UOP01-DEL01-PR"
198025;2019-03-19;"terça-feira";"16:30:00";"PR";476;155;"ARAUCARIA";"Falta de Atenção à Condução";"Colisão transversal";"Com Vítimas Feridas";"Pleno dia";"Decrescente";"Céu Claro";"Simples";"Reta";"Sim";2;0;0;1;1;0;1;2;-25,590897;-49,410622;"SPRF-PR";"DEL01-PR";"UOP06-DEL01-PR"
198026;2019-03-15;"sexta-feira";"12:30:00";"SP";116;345;"MIRACATU";"Desobediência às normas de trânsito pelo condutor";"Colisão traseira";"Sem Vítimas";"Pleno dia";"Crescente";"Céu Claro";"Dupla";"Reta";"Não";4;0;0;0;4;0;0;2;-24,03551364;-47,18593225;"SPRF-SP";"DEL04-SP";"UOP03-DEL04-SP"
198028;2019-03-19;"terça-feira";"17:50:00";"SC";101;148;"ITAPEMA";"Falta de Atenção à Condução";"Colisão traseira";"Com Vítimas Feridas";"Pleno dia";"Decrescente";"Nublado";"Simples";"Reta";"Não";2;0;1;0;1;0;1;2;-27,10123686;-48,61807962;"SPRF-SC";"DEL04-SC";"UOP03-DEL04-SC"
198029;2019-03-19;"terça-feira";"18:30:00";"SC";101;123,2;"ITAJAI";"Avarias e/ou desgaste excessivo no pneu";"Queda de ocupante de veículo";"Com Vítimas Feridas";"Anoitecer";"Crescente";"Céu Claro";"Dupla";"Viaduto";"Não";1;0;1;0;0;0;1;1;-26,93668609;-48,69876905;"SPRF-SC";"DEL04-SC";"UOP04-DEL04-SC"
198031;2019-03-19;"terça-feira";"18:50:00";"PA";155;15,3;"REDENCAO";"Desobediência às normas de trânsito pelo condutor";"Colisão frontal";"Com Vítimas Fatais";"Anoitecer";"Crescente";"Céu Claro";"Simples";"Reta";"Não";3;1;0;1;1;0;1;2;-7,908529;-50,04853;"SPRF-PA";"DEL03-PA";"UOP01-DEL03-PA"
198033;2019-03-19;"terça-feira";"18:50:00";"ES";101;292,9;"CARIACICA";"Falta de Atenção à Condução";"Colisão lateral";"Com Vítimas Feridas";"Plena Noite";"Decrescente";"Céu Claro";"Dupla";"Reta";"Não";2;0;1;0;0;1;1;2;-20,31375528;-40,39548486;"SPRF-ES";"DEL01-ES";"UOP01-DEL01-ES"
198034;2019-03-19;"terça-feira";"16:15:00";"MG";381;675,5;"PERDOES";"Falta de Atenção à Condução";"Colisão transversal";"Com Vítimas Feridas";"Pleno dia";"Crescente";"Nublado";"Dupla";"Reta";"Sim";6;0;3;0;3;0;3;2;-21,11551592;-45,09411331;"SPRF-MG";"DEL04-MG";"UOP02-DEL04-MG"
198035;2019-03-19;"terça-feira";"19:00:00";"GO";50;105;"CRISTALINA";"Falta de Atenção à Condução";"Saída de leito carroçável";"Com Vítimas Feridas";"Plena Noite";"Crescente";"Nublado";"Dupla";"Reta";"Não";1;0;1;0;0;0;1;1;-16,9309;-47,7117;"SPRF-DF";"DEL01-DF";"UOP02-DEL01-DF"
198036;2019-03-19;"terça-feira";"19:45:00";"RN";101;106;"PARNAMIRIM";"Falta de Atenção do Pedestre";"Atropelamento de Pedestre";"Com Vítimas Feridas";"Plena Noite";"Crescente";"Céu Claro";"Dupla";"Em Obras;Desvio Temporário";"Sim";2;0;2;0;0;0;2;2;-5,91056401;-35,26130795;"SPRF-RN";"DEL01-RN";"UOP01-DEL01-RN"
198037;2019-03-19;"terça-feira";"19:30:00";"SC";116;8,5;"MAFRA";"Ultrapassagem Indevida";"Colisão frontal";"Com Vítimas Feridas";"Plena Noite";"Crescente";"Céu Claro";"Simples";"Reta";"Não";6;0;3;1;2;0;4;3;-26,15748603;-49,83898198;"SPRF-SC";"DEL06-SC";"UOP01-DEL06-SC"
198038;2019-03-19;"terça-feira";"18:40:00";"BA";116;597;"IRAJUBA";"Defeito Mecânico no Veículo";"Saída de leito carroçável";"Com Vítimas Feridas";"Plena Noite";"Decrescente";"Céu Claro";"Simples";"Curva";"Não";2;0;1;0;1;0;1;1;-13,1886621;-40,00636166;"SPRF-BA";"DEL03-BA";"UOP02-DEL03-BA"
198039;2019-03-19;"terça-feira";"19:10:00";"GO";153;444;"ANAPOLIS";"Falta de Atenção à Condução";"Colisão traseira";"Com Vítimas Feridas";"Plena Noite";"Crescente";"Céu Claro";"Dupla";"Rotatória";"Sim";3;0;1;0;2;0;1;2;-16,343756;-48,9245;"SPRF-GO";"DEL02-GO";"UOP01-DEL02-GO"
198040;2019-03-19;"terça-feira";"18:20:00";"MT";70;289;"PRIMAVERA DO LESTE";"Pista Escorregadia";"Queda de ocupante de veículo";"Com Vítimas Feridas";"Plena Noite";"Crescente";"Chuva";"Dupla";"Reta";"Não";2;0;2;0;0;0;2;1;-15,57724438;-54,37704697;"SPRF-MT";"DEL05-MT";"UOP01-DEL05-MT"
198041;2019-03-19;"terça-feira";"19:00:00";"MG";262;357;"BETIM";"Defeito Mecânico no Veículo";"Tombamento";"Com Vítimas Feridas";"Plena Noite";"Crescente";"Céu Claro";"Dupla";"Reta";"Não";1;0;1;0;0;0;1;1;-19,97470835;-44,18804897;"SPRF-MG";"DEL01-MG";"UOP03-DEL01-MG"
198042;2019-03-19;"terça-feira";"20:00:00";"PR";116;136;"MANDIRITUBA";"Animais na Pista";"Atropelamento de Animal";"Com Vítimas Feridas";"Plena Noite";"Crescente";"Nublado";"Dupla";"Reta";"Não";1;0;0;1;0;0;1;1;-25,68413003;-49,31639964;"SPRF-PR";"DEL01-PR";"UOP03-DEL01-PR"
198043;2019-03-19;"terça-feira";"18:30:00";"RJ";40;109;"DUQUE DE CAXIAS";"Falta de Atenção à Condução";"Engavetamento";"Com Vítimas Feridas";"Anoitecer";"Decrescente";"Nublado";"Múltipla";"Reta";"Sim";4;0;1;0;3;0;1;3;-22,67374628;-43,28638368;"SPRF-RJ";"DEL01-RJ";"UOP01-DEL01-RJ"
198047;2019-03-19;"terça-feira";"20:10:00";"SC";101;206;"SAO JOSE";"Ingestão de Álcool";"Colisão traseira";"Com Vítimas Feridas";"Plena Noite";"Crescente";"Nublado";"Simples";"Reta";"Sim";5;0;1;1;1;2;2;3;-27,59193546;-48,61824557;"SPRF-SC";"DEL01-SC";"UOP01-DEL01-SC"
198048;2019-03-19;"terça-feira";"20:10:00";"SC";101;219,1;"PALHOCA";"Desobediência às normas de trânsito pelo condutor";"Colisão lateral";"Com Vítimas Feridas";"Plena Noite";"Decrescente";"Nublado";"Múltipla";"Reta";"Sim";1;0;1;0;0;0;1;1;-27,68392194;-48,66710085;"SPRF-SC";"DEL01-SC";"UOP02-DEL01-SC"
198049;2019-03-19;"terça-feira";"19:25:00";"RJ";101;298;"ITABORAI";"Falta de Atenção do Pedestre";"Atropelamento de Pedestre";"Com Vítimas Feridas";"Plena Noite";"Decrescente";"Céu Claro";"Dupla";"Reta";"Sim";4;0;1;0;2;1;1;2;-22,7714;-42,92896;"SPRF-RJ";"DEL02-RJ";"DEL5/2-UOP04/RJ"
198050;2019-03-19;"terça-feira";"20:45:00";"SP";116;146,5;"SAO JOSE DOS CAMPOS";"Pista Escorregadia";"Queda de ocupante de veículo";"Com Vítimas Feridas";"Plena Noite";"Crescente";"Chuva";"Dupla";"Reta";"Sim";1;0;1;0;0;0;1;1;-23,19122919;-45,86327591;"SPRF-SP";"DEL02-SP";"UOP01-DEL02-SP"
198054;2019-03-19;"terça-feira";"19:20:00";"MG";116;414,3;"GOVERNADOR VALADARES";"Desobediência às normas de trânsito pelo condutor";"Colisão frontal";"Com Vítimas Feridas";"Plena Noite";"Crescente";"Céu Claro";"Dupla";"Interseção de Vias";"Sim";2;0;2;0;0;0;2;2;-18,88102703;-41,95910802;"SPRF-MG";"DEL06-MG";"UOP01-DEL06-MG"
198055;2019-03-19;"terça-feira";"19:15:00";"RO";364;340;"JI-PARANA";"Desobediência às normas de trânsito pelo condutor";"Colisão transversal";"Com Vítimas Feridas";"Plena Noite";"Crescente";"Céu Claro";"Múltipla";"Interseção de Vias";"Sim";2;0;1;0;1;0;1;2;-10,898802;-61,93046;"SPRF-RO";"DEL02-RO";"UOP01-DEL02-RO"
198056;2019-03-19;"terça-feira";"17:25:00";"PI";343;267;"CAMPO MAIOR";"Não guardar distância de segurança";"Colisão traseira";"Com Vítimas Feridas";"Pleno dia";"Decrescente";"Nublado";"Simples";"Reta";"Sim";3;0;0;2;1;0;2;2;-4,836484;-42,181347;"SPRF-PI";"DEL01-PI";"UOP03-DEL01-PI"
198057;2019-03-19;"terça-feira";"19:00:00";"PR";153;335;"IRATI";"Desobediência às normas de trânsito pelo condutor";"Atropelamento de Pedestre";"Com Vítimas Feridas";"Plena Noite";"Crescente";"Céu Claro";"Simples";"Interseção de Vias";"Sim";4;0;2;1;0;1;3;3;-25,48894141;-50,64508883;"SPRF-PR";"DEL03-PR";"UOP02-DEL08-PR"
198058;2019-03-19;"terça-feira";"19:00:00";"RJ";40;82;"PETROPOLIS";"Pista Escorregadia";"Saída de leito carroçável";"Com Vítimas Feridas";"Plena Noite";"Crescente";"Chuva";"Dupla";"Curva";"Não";2;0;2;0;0;0;2;1;-22,51947174;-43,22897695;"SPRF-RJ";"DEL06-RJ";"UOP01-DEL06-RJ"
198060;2019-03-19;"terça-feira";"19:50:00";"RJ";116;189;"QUEIMADOS";"Animais na Pista";"Atropelamento de Animal";"Com Vítimas Feridas";"Plena Noite";"Decrescente";"Nublado";"Dupla";"Reta";"Sim";1;0;1;0;0;0;1;1;-22,73692343;-43,54499817;"SPRF-RJ";"DEL01-RJ";"UOP03-DEL01-RJ"