"id";"data_inversa";"dia_semana";"horario";"uf";"br";"km";"municipio";"causa_acidente";"tipo_acidente";"classificacao_acidente";"fase_dia";"sentido_via";"condicao_metereologica";"tipo_pista";"tracado_via";"uso_solo";"pessoas";"mortos";"feridos_leves";"feridos_graves";"ilesos";"ignorados";"feridos";"veiculos";"latitude";"longitude";"regional";"delegacia";"uop"
198596;2019-03-22;"sexta-feira";"18:50:00";"PB";230;20,1;"JOAO PESSOA";"Ingestão de Álcool";"Colisão traseira";"Sem Vítimas";"Plena Noite";"Crescente";"Céu Claro";"Dupla";"Aclive";"Sim";4;0;0;0;4;0;0;4;-7,1337;-34,8544;"SPRF-PB";"DEL01-PB";"UOP01-DEL01-PB"
198601;2019-03-22;"sexta-feira";"19:55:00";"DF";70;3,4;"BRASILIA";"Falta de Atenção do Pedestre";"Atropelamento de Pedestre";"Com Vítimas Feridas";"Plena Noite";"Crescente";"Chuva";"Dupla";"Reta";"Sim";2;0;1;0;0;1;1;2;-15,802453;-48,080387;"SPRF-DF";"DEL01-DF";"UOP02-DEL03-DF"
198602;2019-03-22;"sexta-feira";"18:30:00";"SE";235;8;"NOSSA SENHORA DO SOCORRO";"Velocidade Incompatível";"Saída de leito carroçável";"Sem Vítimas";"Plena Noite";"Decrescente";"Céu Claro";"Simples";"Viaduto";"Não";1;0;0;0;0;1;0;1;-10,88539948;-37,13430405;"SPRF-SE";"DEL01-SE";"UOP01-DEL01-SE"
198603;2019-03-22;"sexta-feira";"20:00:00";"PR";476;128;"CURITIBA";"Falta de Atenção à Condução";"Engavetamento";"Com Vítimas Feridas";"Plena Noite";"Decrescente";"Nublado";"Múltipla";"Reta";"Sim";3;0;0;1;2;0;1;3;-25,433048;-49,23156;"SPRF-PR";"DEL01-PR";"UOP07-DEL01-PR"
198605;2019-03-22;"sexta-feira";"18:00:00";"RJ";101;313;"SAO GONCALO";"Pista Escorregadia";"Queda de ocupante de veículo";"Com Vítimas Feridas";"Anoitecer";"Decrescente";"Chuva";"Dupla";"Reta";"Sim";1;0;1;0;0;0;1;1;-22,81049093;-43,06983304;"SPRF-RJ";"DEL02-RJ";"DEL5/2-UOP04/RJ"
198606;2019-03-22;"sexta-feira";"19:55:00";"PR";376;655,6;"TIJUCAS DO SUL";"Pista Escorregadia";"Colisão lateral";"Com Vítimas Feridas";"Plena Noite";"Crescente";"Garoa/Chuvisco";"Dupla";"Reta";"Não";4;0;0;2;2;0;2;2;-25,84165409;-49,042472;"SPRF-PR";"DEL01-PR";"UOP04-DEL01-PR"
198607;2019-03-22;"sexta-feira";"20:35:00";"PR";277;82;"CURITIBA";"Não guardar distância de segurança";"Colisão traseira";"Com Vítimas Feridas";"Plena Noite";"Decrescente";"Nublado";"Dupla";"Reta";"Não";2;0;1;0;1;0;1;2;-25,568939;-49,181978;"SPRF-PR";"DEL01-PR";"UOP07-DEL01-PR"
198608;2019-03-22;"sexta-feira";"19:10:00";"MG";40;725,1;"BARBACENA";"Mal Súbito";"Colisão com objeto estático";"Com Vítimas Feridas";"Plena Noite";"Decrescente";"Garoa/Chuvisco";"Dupla";"Reta";"Não";1;0;1;0;0;0;1;1;-21,3046231;-43,61086009;"SPRF-MG";"DEL05-MG";"UOP01-DEL05-MG"
198610;2019-03-22;"sexta-feira";"19:30:00";"SC";280;57,2;"GUARAMIRIM";"Falta de Atenção à Condução";"Queda de ocupante de veículo";"Com Vítimas Feridas";"Plena Noite";"Crescente";"Garoa/Chuvisco";"Simples";"Reta";"Sim";1;0;0;1;0;0;1;1;-26,47811421;-49,01259213;"SPRF-SC";"DEL03-SC";"UOP03-DEL03-SC"
198613;2019-03-22;"sexta-feira";"13:50:00";"SC";282;391,5;"JOACABA";"Falta de Atenção à Condução";"Saída de leito carroçável";"Com Vítimas Feridas";"Pleno dia";"Decrescente";"Chuva";"Simples";"Aclive;Curva";"Não";1;0;1;0;0;0;1;1;-27,170649;-51,559193;"SPRF-SC";"DEL07-SC";"UOP05-DEL07-SC"
198615;2019-03-22;"sexta-feira";"19:30:00";"SC";101;349,2;"JAGUARUNA";"Ingestão de Álcool";"Saída de leito carroçável";"Sem Vítimas";"Plena Noite";"Decrescente";"Nublado";"Simples";"Reta";"Não";1;0;0;0;1;0;0;1;-28,5820168;-49,05059372;"SPRF-SC";"DEL02-SC";"UOP01-DEL02-SC"
198616;2019-03-22;"sexta-feira";"18:30:00";"SC";282;578,9;"PINHALZINHO";"Desobediência às normas de trânsito pelo condutor";"Colisão frontal";"Com Vítimas Feridas";"Anoitecer";"Crescente";"Céu Claro";"Simples";"Interseção de Vias";"Não";2;0;1;0;1;0;1;2;-26,838364;-52,985279;"SPRF-SC";"DEL07-SC";"UOP02-DEL07-SC"
198617;2019-03-22;"sexta-feira";"19:15:00";"PI";316;24,5;"TERESINA";"Animais na Pista";"Atropelamento de Animal";"Sem Vítimas";"Plena Noite";"Decrescente";"Nublado";"Simples";"Reta";"Não";1;0;0;0;1;0;0;1;-5,28895702;-42,71707202;"SPRF-PI";"DEL01-PI";"UOP02-DEL01-PI"
198618;2019-03-22;"sexta-feira";"20:50:00";"SP";116;222;"GUARULHOS";"Falta de Atenção à Condução";"Colisão lateral";"Com Vítimas Feridas";"Plena Noite";"Decrescente";"Nublado";"Simples";"Reta";"Não";2;0;1;0;1;0;1;2;-23,47093408;-46,51631097;"SPRF-SP";"DEL01-SP";"UOP01-DEL01-SP"
198620;2019-01-30;"quarta-feira";"01:00:00";"GO";20;0,3;"FORMOSA";"Falta de Atenção do Pedestre";"Atropelamento de Pedestre";"Com Vítimas Fatais";"Plena Noite";"Decrescente";"Céu Claro";"Simples";"Reta";"Sim";2;1;0;0;0;1;0;2;-15,581744;-47,343241;"SPRF-DF";"DEL02-DF";"UOP01-DEL02-DF"
198621;2019-03-15;"sexta-feira";"19:15:00";"PB";230;12,1;"CABEDELO";"Desobediência às normas de trânsito pelo condutor";"Colisão transversal";"Com Vítimas Feridas";"Plena Noite";"Crescente";"Céu Claro";"Dupla";"Retorno Regulamentado";"Sim";3;0;3;0;0;0;3;2;-7,068;-34,85;"SPRF-PB";"DEL01-PB";"UOP01-DEL01-PB"
198627;2019-03-22;"sexta-feira";"15:35:00";"MG";381;492;"BETIM";"Velocidade Incompatível";"Colisão com objeto estático";"Sem Vítimas";"Pleno dia";"Decrescente";"Chuva";"Dupla";"Reta";"Sim";1;0;0;0;0;1;0;1;-19,97490091;-44,19004301;"SPRF-MG";"DEL01-MG";"UOP03-DEL01-MG"
198629;2019-03-22;"sexta-feira";"20:30:00";"SC";282;0,5;"FLORIANOPOLIS";"Falta de Atenção à Condução";"Colisão traseira";"Com Vítimas Feridas";"Plena Noite";"Crescente";"Garoa/Chuvisco";"Dupla";"Declive";"Sim";3;0;2;0;1;0;2;2;-27,59845;-48,571995;"SPRF-SC";"DEL01-SC";"UOP01-DEL01-SC"
198630;2019-03-22;"sexta-feira";"20:00:00";"SC";101;98;"BALNEARIO PICARRAS";"Falta de Atenção à Condução";"Colisão com objeto estático";"Com Vítimas Feridas";"Plena Noite";"Decrescente";"Nublado";"Múltipla";"Reta";"Não";1;0;1;0;0;0;1;1;-26,73760897;-48,69918789;"SPRF-SC";"DEL03-SC";"UOP02-DEL03-SC"
198635;2019-03-22;"sexta-feira";"22:05:00";"SP";116;47;"CANAS";"Defeito Mecânico no Veículo";"Queda de ocupante de veículo";"Com Vítimas Feridas";"Plena Noite";"Crescente";"Céu Claro";"Dupla";"Reta";"Não";1;0;1;0;0;0;1;1;-22,71946606;-45,06109596;"SPRF-SP";"DEL08-SP";"UOP02-DEL08-SP"
198637;2019-03-22;"sexta-feira";"19:50:00";"PR";116;22,3;"ANTONINA";"Velocidade Incompatível";"Saída de leito carroçável";"Com Vítimas Feridas";"Plena Noite";"Crescente";"Garoa/Chuvisco";"Dupla";"Curva";"Não";3;0;2;0;1;0;2;1;-25,10922624;-48,74659689;"SPRF-PR";"DEL01-PR";"UOP02-DEL01-PR"
198639;2019-03-22;"sexta-feira";"15:50:00";"MG";262;406,1;"PARA DE MINAS";"Velocidade Incompatível";"Saída de leito carroçável";"Com Vítimas Fatais";"Pleno dia";"Decrescente";"Nublado";"Dupla";"Declive;Reta";"Não";2;1;0;1;0;0;1;1;-19,88649;-44,599007;"SPRF-MG";"DEL08-MG";"UOP03-DEL08-MG"
198640;2019-03-22;"sexta-feira";"22:00:00";"PR";277;650,5;"MATELANDIA";"Falta de Atenção à Condução";"Colisão transversal";"Com Vítimas Feridas";"Plena Noite";"Crescente";"Céu Claro";"Simples";"Interseção de Vias;Reta";"Sim";2;0;1;0;1;0;1;2;-25,19035881;-53,93738222;"SPRF-PR";"DEL05-PR";"UOP02-DEL05-PR"
198641;2019-03-22;"sexta-feira";"21:50:00";"MG";381;830,1;"SAO SEBASTIAO DA BELA VISTA";"Ultrapassagem Indevida";"Saída de leito carroçável";"Com Vítimas Feridas";"Plena Noite";"Decrescente";"Nublado";"Dupla";"Reta";"Não";3;0;1;0;2;0;1;2;-22,13939205;-45,81344194;"SPRF-MG";"DEL16-MG";"UOP01-DEL16-MG"
198642;2019-03-22;"sexta-feira";"19:00:00";"SC";282;425;"VARGEM BONITA";"Pista Escorregadia";"Saída de leito carroçável";"Sem Vítimas";"Plena Noite";"Crescente";"Chuva";"Simples";"Curva";"Não";1;0;0;0;1;0;0;1;-26,980412;-51,756256;"SPRF-SC";"DEL07-SC";"UOP05-DEL07-SC"
198643;2019-03-22;"sexta-feira";"19:30:00";"RJ";393;243,5;"VASSOURAS";"Agressão Externa";"Colisão transversal";"Sem Vítimas";"Plena Noite";"Crescente";"Nublado";"Simples";"Curva";"Não";2;0;0;0;2;0;0;2;-22,43135999;-43,7398982;"SPRF-RJ";"DEL05-RJ";"UOP03-DEL05-RJ"
198644;2019-03-22;"sexta-feira";"20:40:00";"PR";163;63,3;"PEROLA DOESTE";"Velocidade Incompatível";"Saída de leito carroçável";"Com Vítimas Feridas";"Plena Noite";"Decrescente";"Céu Claro";"Simples";"Curva;Declive";"Não";1;0;1;0;0;0;1;1;-25,88197709;-53,74777986;"SPRF-PR";"DEL02-PR";"UOP02-DEL02-PR"
198646;2019-03-22;"sexta-feira";"18:40:00";"MG";116;524;"CARATINGA";"Desobediência às normas de trânsito pelo condutor";"Colisão lateral";"Com Vítimas Feridas";"Pleno dia";"Decrescente";"Céu Claro";"Simples";"Reta";"Não";2;0;1;0;0;1;1;2;-19,76027352;-42,13398823;"SPRF-MG";"DEL06-MG";"UOP02-DEL06-MG"
198647;2019-03-22;"sexta-feira";"22:28:00";"DF";70;11;"BRASILIA";"Ingestão de Álcool";"Capotamento";"Sem Vítimas";"Plena Noite";"Decrescente";"Chuva";"Dupla";"Reta";"Sim";1;0;0;0;1;0;0;1;-15,789762;-48,148727;"SPRF-DF";"DEL01-DF";"UOP02-DEL03-DF"
198648;2019-03-22;"sexta-feira";"20:00:00";"RJ";101;192;"CASIMIRO DE ABREU";"Desobediência às normas de trânsito pelo condutor";"Colisão com objeto estático";"Com Vítimas Feridas";"Plena Noite";"Crescente";"Nublado";"Dupla";"Reta";"Não";1;0;0;1;0;0;1;1;-22,47314393;-42,08206801;"SPRF-RJ";"DEL02-RJ";"UOP04-DEL08-RJ"
198650;2019-03-22;"sexta-feira";"23:10:00";"ES";101;296;"CARIACICA";"Falta de Atenção à Condução";"Colisão traseira";"Com Vítimas Feridas";"Plena Noite";"Crescente";"Chuva";"Múltipla";"Reta";"Sim";2;0;1;1;0;0;2;2;-20,34029997;-40,40405712;"SPRF-ES";"DEL01-ES";"UOP01-DEL01-ES"
198652;2019-03-22;"sexta-feira";"21:20:00";"SC";282;71,9;"RANCHO QUEIMADO";"Condutor Dormindo";"Colisão frontal";"Com Vítimas Feridas";"Plena Noite";"Crescente";"Chuva";"Simples";"Curva";"Não";6;0;2;2;2;0;4;3;-27,689093;-49,097748;"SPRF-SC";"DEL01-SC";"UOP03-DEL01-SC"
198653;2019-03-22;"sexta-feira";"22:15:00";"SC";280;56,3;"GUARAMIRIM";"Falta de Atenção à Condução";"Colisão frontal";"Com Vítimas Feridas";"Plena Noite";"Decrescente";"Céu Claro";"Simples";"Reta";"Sim";2;0;0;1;1;0;1;2;-26,47947677;-49,00298702;"SPRF-SC";"DEL03-SC";"UOP03-DEL03-SC"
198654;2019-03-22;"sexta-feira";"23:00:00";"SC";280;56,2;"GUARAMIRIM";"Desobediência às normas de trânsito pelo condutor";"Colisão lateral";"Com Vítimas Feridas";"Plena Noite";"Decrescente";"Garoa/Chuvisco";"Simples";"Reta";"Sim";2;0;0;1;1;0;1;2;-26,47951406;-49,0055573;"SPRF-SC";"DEL03-SC";"UOP03-DEL03-SC"
198655;2019-03-22;"sexta-feira";"23:40:00";"RJ";116;251,6;"PIRAI";"Não guardar distância de segurança";"Colisão traseira";"Com Vítimas Fatais";"Plena Noite";"Decrescente";"Céu Claro";"Simples";"Reta";"Não";3;1;0;0;2;0;0;2;-22,58482223;-43,95961921;"SPRF-RJ";"DEL07-RJ";"UOP01-DEL07-RJ"
198656;2019-03-22;"sexta-feira";"21:20:00";"PI";230;262;"NAZARE DO PIAUI";"Animais na Pista";"Saída de leito carroçável";"Sem Vítimas";"Plena Noite";"Crescente";"Chuva";"Simples";"Curva";"Não";1;0;0;0;1;0;0;1;-6,99226201;-42,64786002;"SPRF-PI";"DEL03-PI";"UOP01-DEL03-PI"
198657;2019-03-22;"sexta-feira";"17:00:00";"SC";116;113,3;"SANTA CECILIA";"Falta de Atenção à Condução";"Saída de leito carroçável";"Com Vítimas Feridas";"Pleno dia";"Crescente";"Nublado";"Simples";"Reta";"Não";4;0;2;0;1;1;2;3;-26,78591907;-50,34487121;"SPRF-SC";"DEL06-SC";"UOP02-DEL06-SC"
198659;2019-03-22;"sexta-feira";"23:20:00";"CE";222;2,5;"FORTALEZA";"Falta de Atenção à Condução";"Colisão traseira";"Com Vítimas Feridas";"Plena Noite";"Crescente";"Nublado";"Múltipla";"Reta";"Sim";2;0;1;0;1;0;1;2;-3,74009;-38,59496;"SPRF-CE";"DEL01-CE";"UOP01-DEL01-CE"
198660;2019-03-22;"sexta-feira";"23:10:00";"SP";116;228,6;"SAO PAULO";"Ingestão de Álcool";"Colisão traseira";"Sem Vítimas";"Plena Noite";"Decrescente";"Céu Claro";"Múltipla";"Reta";"Sim";2;0;0;0;2;0;0;2;-23,50343484;-46,56638712;"SPRF-SP";"DEL01-SP";"UOP01-DEL01-SP"
198661;2019-03-23;"sábado";"00:00:00";"SC";470;5;"NAVEGANTES";"Falta de Atenção à Condução";"Colisão frontal";"Com Vítimas Feridas";"Plena Noite";"Decrescente";"Nublado";"Simples";"Reta";"Não";2;0;0;1;1;0;1;2;-26,855688;-48,700333;"SPRF-SC";"DEL04-SC";"UOP04-DEL04-SC"
198662;2019-03-23;"sábado";"00:01:00";"ES";262;107;"VENDA NOVA DO IMIGRANTE";"Ingestão de Álcool";"Colisão traseira";"Com Vítimas Feridas";"Plena Noite";"Crescente";"Nublado";"Simples";"Reta";"Sim";3;0;0;1;2;0;1;3;-20,32991844;-41,15343646;"SPRF-ES";"DEL01-ES";"UOP02-DEL01-ES"
198663;2019-03-22;"sexta-feira";"22:45:00";"MG";262;355;"BETIM";"Animais na Pista";"Atropelamento de Animal";"Sem Vítimas";"Plena Noite";"Decrescente";"Céu Claro";"Dupla";"Curva";"Não";1;0;0;0;1;0;0;1;-19,96466575;-44,17285107;"SPRF-MG";"DEL01-MG";"UOP03-DEL01-MG"
198664;2019-03-23;"sábado";"00:05:00";"PR";369;130;"JATAIZINHO";"Avarias e/ou desgaste excessivo no pneu";"Colisão com objeto estático";"Sem Vítimas";"Plena Noite";"Crescente";"Nublado";"Dupla";"Ponte;Curva;Aclive";"Sim";2;0;0;0;2;0;0;1;-23,2579221;-50,98571956;"SPRF-PR";"DEL07-PR";"UOP01-DEL07-PR"
198666;2019-03-22;"sexta-feira";"23:10:00";"PR";376;643,5;"TIJUCAS DO SUL";"Ingestão de Álcool";"Engavetamento";"Com Vítimas Feridas";"Plena Noite";"Crescente";"Nublado";"Dupla";"Reta";"Não";6;0;2;0;4;0;2;4;-25,805819;-49,13522705;"SPRF-PR";"DEL01-PR";"UOP04-DEL01-PR"
198667;2019-03-22;"sexta-feira";"22:30:00";"GO";60;189,3;"GUAPO";"Desobediência às normas de trânsito pelo condutor";"Colisão frontal";"Com Vítimas Feridas";"Plena Noite";"Decrescente";"Nublado";"Dupla";"Reta";"Sim";2;0;1;0;1;0;1;2;-16,8222;-49,534;"SPRF-GO";"DEL01-GO";"UOP02-DEL01-GO"
198668;2019-03-22;"sexta-feira";"21:30:00";"PI";343;503;"AMARANTE";"Falta de Atenção à Condução";"Colisão lateral";"Com Vítimas Feridas";"Plena Noite";"Decrescente";"Nublado";"Simples";"Reta";"Não";2;0;0;1;0;1;1;2;-6,246497;-42,829082;"SPRF-PI";"DEL03-PI";"UOP01-DEL03-PI"
198669;2019-03-22;"sexta-feira";"15:50:00";"CE";20;406;"CAUCAIA";"Ingestão de Álcool";"Colisão traseira";"Com Vítimas Feridas";"Pleno dia";"Decrescente";"Nublado";"Dupla";"Curva";"Não";2;0;0;1;1;0;1;2;-3,77244837;-38,66363525;"SPRF-CE";"DEL01-CE";"UOP01-DEL01-CE"
198670;2019-03-23;"sábado";"00:30:00";"GO";153;504;"APARECIDA DE GOIANIA";"Desobediência às normas de trânsito pelo condutor";"Colisão frontal";"Com Vítimas Feridas";"Plena Noite";"Decrescente";"Garoa/Chuvisco";"Simples";"Aclive";"Sim";2;0;1;0;1;0;1;2;-16,7451;-49,2408;"SPRF-GO";"DEL01-GO";"UOP01-DEL01-GO"
198671;2019-03-22;"sexta-feira";"19:50:00";"RJ";101;92;"CAMPOS DOS GOYTACAZES";"Falta de Atenção à Condução";"Colisão com objeto estático";"Com Vítimas Feridas";"Plena Noite";"Decrescente";"Céu Claro";"Dupla";"Reta";"Não";1;0;1;0;0;0;1;1;-21,85456357;-41,52621893;"SPRF-RJ";"DEL08-RJ";"UOP02-DEL08-RJ"
198672;2019-03-22;"sexta-feira";"20:30:00";"PI";343;0,3;"LUIS CORREIA";"Falta de Atenção à Condução";"Colisão frontal";"Com Vítimas Feridas";"Plena Noite";"Decrescente";"Nublado";"Simples";"Curva";"Sim";2;0;1;0;1;0;1;2;-2,8850301;-41,66534901;"SPRF-PI";"DEL05-PI";"UOP01-DEL05-PI"
198673;2019-03-23;"sábado";"01:30:00";"RN";427;99;"CAICO";"Desobediência às normas de trânsito pelo condutor";"Colisão transversal";"Com Vítimas Feridas";"Plena Noite";"Decrescente";"Céu Claro";"Simples";"Interseção de Vias";"Sim";2;0;1;0;1;0;1;2;-6,45929918;-37,09847983;"SPRF-RN";"DEL03-RN";"UOP01-DEL03-RN"
198676;2019-03-23;"sábado";"00:30:00";"RJ";40;51;"PETROPOLIS";"Falta de Atenção à Condução";"Colisão traseira";"Com Vítimas Feridas";"Plena Noite";"Crescente";"Céu Claro";"Múltipla";"Retorno Regulamentado";"Sim";2;0;1;0;1;0;1;2;-22,33232268;-43,1333971;"SPRF-RJ";"DEL06-RJ";"UOP01-DEL06-RJ"
198677;2019-03-23;"sábado";"02:00:00";"RJ";116;143;"DUQUE DE CAXIAS";"Velocidade Incompatível";"Colisão com objeto estático";"Com Vítimas Feridas";"Plena Noite";"Crescente";"Céu Claro";"Simples";"Interseção de Vias";"Sim";1;0;1;0;0;0;1;1;-22,65237271;-43,23918118;"SPRF-RJ";"DEL04-RJ";"UOP02-DEL04-RJ"
198678;2019-03-23;"sábado";"00:30:00";"MG";50;191;"UBERABA";"Velocidade Incompatível";"Colisão com objeto estático";"Com Vítimas Feridas";"Plena Noite";"Crescente";"Nublado";"Dupla";"Reta";"Não";1;0;0;1;0;0;1;1;-19,8640909;-47,86418486;"SPRF-MG";"DEL13-MG";"UOP01-DEL13-MG"
198679;2019-03-23;"sábado";"02:20:00";"PR";116;122,2;"CURITIBA";"Ingestão de Álcool";"Colisão traseira";"Sem Vítimas";"Plena Noite";"Crescente";"Nublado";"Dupla";"Curva";"Sim";2;0;0;0;2;0;0;2;-25,56857207;-49,31023179;"SPRF-PR";"DEL01-PR";"UOP03-DEL01-PR"
198680;2019-03-23;"sábado";"01:00:00";"RJ";465;19;"NOVA IGUACU";"Falta de Atenção à Condução";"Colisão lateral";"Com Vítimas Feridas";"Plena Noite";"Crescente";"Céu Claro";"Simples";"Interseção de Vias";"Sim";4;0;1;0;3;0;1;2;-22,839184;-43,610451;"SPRF-RJ";"DEL01-RJ";"UOP03-DEL01-RJ"
198683;2019-03-23;"sábado";"03:48:00";"PR";376;106,9;"PARANAVAI";"Ingestão de álcool e/ou substâncias psicoativas pelo pedestre";"Colisão com objeto estático";"Com Vítimas Feridas";"Plena Noite";"Decrescente";"Céu Claro";"Dupla";"Reta";"Sim";1;0;1;0;0;0;1;1;-23,06315623;-52,43184719;"SPRF-PR";"DEL07-PR";"UOP02-DEL09-PR"
198684;2019-01-30;"quarta-feira";"10:30:00";"BA";324;517,5;"FEIRA DE SANTANA";"Desobediência às normas de trânsito pelo condutor";"Colisão transversal";"Com Vítimas Feridas";"Pleno dia";"Decrescente";"Céu Claro";"Simples";"Reta";"Sim";1;0;1;0;0;0;1;1;-12,26881596;-38,93393755;"SPRF-BA";"DEL02-BA";"UOP01-DEL02-BA"
198685;2019-03-23;"sábado";"03:30:00";"RS";293;113,5;"PINHEIRO MACHADO";"Desobediência às normas de trânsito pelo condutor";"Colisão frontal";"Com Vítimas Feridas";"Plena Noite";"Crescente";"Céu Claro";"Simples";"Reta";"Não";7;0;6;1;0;0;7;2;-31,54639515;-53,44038803;"SPRF-RS";"DEL11-RS";"UOP03-DEL11-RS"
198686;2019-03-23;"sábado";"02:30:00";"RJ";101;94;"CAMPOS DOS GOYTACAZES";"Condutor Dormindo";"Saída de leito carroçável";"Sem Vítimas";"Plena Noite";"Decrescente";"Ignorado";"Dupla";"Reta";"Sim";1;0;0;0;1;0;0;1;-21,86517883;-41,53963896;"SPRF-RJ";"DEL08-RJ";"UOP02-DEL08-RJ"
198687;2019-03-23;"sábado";"04:00:00";"RN";101;107;"PARNAMIRIM";"Ingestão de Álcool";"Colisão traseira";"Com Vítimas Feridas";"Plena Noite";"Crescente";"Nublado";"Dupla";"Reta";"Sim";2;0;1;0;1;0;1;2;-5,91920796;-35,26412409;"SPRF-RN";"DEL01-RN";"UOP01-DEL01-RN"
198688;2019-03-23;"sábado";"04:30:00";"GO";153;506;"APARECIDA DE GOIANIA";"Falta de Atenção à Condução";"Colisão com objeto estático";"Com Vítimas Fatais";"Plena Noite";"Decrescente";"Nublado";"Dupla";"Declive";"Sim";1;1;0;0;0;0;0;1;-16,760485;-49,240239;"SPRF-GO";"DEL01-GO";"UOP01-DEL01-GO"
198691;2019-03-23;"sábado";"05:00:00";"RS";116;150,9;"CAXIAS DO SUL";"Velocidade Incompatível";"Colisão com objeto estático";"Sem Vítimas";"Plena Noite";"Crescente";"Céu Claro";"Dupla";"Reta";"Não";2;0;0;0;0;2;0;2;-29,168428;-51,158337;"SPRF-RS";"DEL05-RS";"UOP01-DEL05-RS"
198692;2019-03-23;"sábado";"04:00:00";"PR";116;115;"CURITIBA";"Restrição de Visibilidade";"Queda de ocupante de veículo";"Sem Vítimas";"Plena Noite";"Crescente";"Céu Claro";"Dupla";"Reta";"Sim";1;0;0;0;0;1;0;1;-25,55953326;-49,26560414;"SPRF-PR";"DEL01-PR";"UOP06-DEL01-PR"
198693;2019-03-23;"sábado";"04:00:00";"SC";101;149;"ITAPEMA";"Desobediência às normas de trânsito pelo condutor";"Colisão transversal";"Sem Vítimas";"Plena Noite";"Decrescente";"Nublado";"Simples";"Interseção de Vias";"Sim";2;0;0;0;2;0;0;2;-27,1089649;-48,61277586;"SPRF-SC";"DEL04-SC";"UOP03-DEL04-SC"
198695;2019-03-23;"sábado";"05:30:00";"PR";376;32,8;"NOVA LONDRINA";"Ingestão de Álcool";"Colisão com objeto estático";"Com Vítimas Feridas";"Plena Noite";"Decrescente";"Céu Claro";"Simples";"Reta";"Sim";2;0;0;1;1;0;1;1;-22,780251;-52,986656;"SPRF-PR";"DEL07-PR";"UOP02-DEL09-PR"
198696;2019-03-23;"sábado";"05:35:00";"SC";101;40;"JOINVILLE";"Falta de Atenção à Condução";"Queda de ocupante de veículo";"Com Vítimas Feridas";"Amanhecer";"Crescente";"Nublado";"Dupla";"Reta";"Não";1;0;1;0;0;0;1;1;-26,27176094;-48,89468382;"SPRF-SC";"DEL03-SC";"UOP01-DEL03-SC"
198697;2019-03-23;"sábado";"05:40:00";"GO";70;8,3;"AGUAS LINDAS DE GOIAS";"Desobediência às normas de trânsito pelo condutor";"Colisão traseira";"Com Vítimas Feridas";"Amanhecer";"Decrescente";"Nublado";"Múltipla";"Reta";"Sim";4;0;2;0;2;0;2;2;-15,73604826;-48,27728575;"SPRF-DF";"DEL01-DF";"UOP02-DEL03-DF"
198699;2019-03-23;"sábado";"06:10:00";"PR";376;187,3;"MARIALVA";"Desobediência às normas de trânsito pelo condutor";"Colisão traseira";"Com Vítimas Feridas";"Pleno dia";"Crescente";"Céu Claro";"Dupla";"Reta";"Não";2;0;1;0;1;0;1;2;-23,46141044;-51,83659926;"SPRF-PR";"DEL07-PR";"UOP01-DEL09-PR"
198701;2019-03-23;"sábado";"04:45:00";"MS";163;715;"RIO VERDE DE MATO GROSSO";"Falta de Atenção à Condução";"Saída de leito carroçável";"Com Vítimas Feridas";"Plena Noite";"Decrescente";"Céu Claro";"Simples";"Curva;Aclive";"Não";4;0;1;0;3;0;1;1;-18,63639169;-54,77675131;"SPRF-MS";"DEL06-MS";"UOP01-DEL06-MS"
198703;2019-03-23;"sábado";"05:20:00";"GO";60;16,1;"ALEXANIA";"Condutor Dormindo";"Saída de leito carroçável";"Sem Vítimas";"Amanhecer";"Crescente";"Nublado";"Dupla";"Reta";"Não";1;0;0;0;1;0;0;1;-16,1155026;-48,37059259;"SPRF-DF";"DEL01-DF";"UOP01-DEL03-DF"
198704;2019-03-23;"sábado";"05:51:00";"SC";101;210;"SAO JOSE";"Falta de Atenção à Condução";"Colisão traseira";"Com Vítimas Feridas";"Amanhecer";"Decrescente";"Garoa/Chuvisco";"Múltipla";"Interseção de Vias;Reta";"Sim";2;0;1;0;0;1;1;2;-27,6167305;-48,6457265;"SPRF-SC";"DEL01-SC";"UOP01-DEL01-SC"
198705;2019-03-23;"sábado";"04:50:00";"PI";135;359;"BOM JESUS";"Falta de Atenção à Condução";"Queda de ocupante de veículo";"Com Vítimas Feridas";"Amanhecer";"Decrescente";"Céu Claro";"Simples";"Reta";"Não";1;0;0;1;0;0;1;1;-9,12934392;-44,38185107;"SPRF-PI";"DEL03-PI";"UOP02-DEL03-PI"
198706;2019-03-23;"sábado";"06:30:00";"PR";376;542;"PALMEIRA";"Objeto estático sobre o leito carroçável";"Colisão com objeto estático";"Sem Vítimas";"Pleno dia";"Decrescente";"Céu Claro";"Dupla";"Reta";"Não";1;0;0;0;1;0;0;1;-25,4256922;-49,76110616;"SPRF-PR";"DEL01-PR";"UOP06-DEL01-PR"
198709;2019-03-23;"sábado";"06:00:00";"PB";230;17;"JOAO PESSOA";"Falta de Atenção à Condução";"Colisão traseira";"Sem Vítimas";"Pleno dia";"Crescente";"Céu Claro";"Dupla";"Reta";"Sim";2;0;0;0;0;2;0;2;-7,1121;-34,8426;"SPRF-PB";"DEL01-PB";"UOP01-DEL01-PB"