"id";"data_inversa";"dia_semana";"horario";"uf";"br";"km";"municipio";"causa_acidente";"tipo_acidente";"classificacao_acidente";"fase_dia";"sentido_via";"condicao_metereologica";"tipo_pista";"tracado_via";"uso_solo";"pessoas";"mortos";"feridos_leves";"feridos_graves";"ilesos";"ignorados";"feridos";"veiculos";"latitude";"longitude";"regional";"delegacia";"uop"
198713;2019-03-23;"sábado";"06:35:00";"MT";364;246;"JUSCIMEIRA";"Avarias e/ou desgaste excessivo no pneu";"Saída de leito carroçável";"Com Vítimas Feridas";"Pleno dia";"Decrescente";"Céu Claro";"Dupla";"Reta";"Não";3;0;2;0;1;0;2;1;-16,14040686;-54,8231539;"SPRF-MT";"DEL02-MT";"UOP01-DEL02-MT"
198715;2019-03-23;"sábado";"07:30:00";"MG";381;490,1;"BETIM";"Defeito Mecânico no Veículo";"Colisão com objeto estático";"Com Vítimas Feridas";"Pleno dia";"Crescente";"Sol";"Dupla";"Reta";"Sim";1;0;1;0;0;0;1;1;-19,96502819;-44,17422195;"SPRF-MG";"DEL01-MG";"UOP03-DEL01-MG"
198717;2019-03-23;"sábado";"08:00:00";"PR";277;77,5;"SAO JOSE DOS PINHAIS";"Velocidade Incompatível";"Colisão traseira";"Com Vítimas Feridas";"Pleno dia";"Crescente";"Céu Claro";"Dupla";"Reta";"Não";2;0;1;0;1;0;1;2;-25,51327981;-49,12433291;"SPRF-PR";"DEL01-PR";"UOP07-DEL01-PR"
198718;2019-03-22;"sexta-feira";"21:15:00";"RS";392;11,9;"RIO GRANDE";"Falta de Atenção do Pedestre";"Atropelamento de Pedestre";"Com Vítimas Fatais";"Plena Noite";"Decrescente";"Céu Claro";"Dupla";"Curva";"Sim";2;1;0;0;1;0;0;2;-32,12618015;-52,14002004;"SPRF-RS";"DEL07-RS";"UOP02-DEL07-RS"
198720;2019-03-23;"sábado";"08:10:00";"CE";116;436;"BARRO";"Defeito na Via";"Saída de leito carroçável";"Com Vítimas Feridas";"Pleno dia";"Crescente";"Céu Claro";"Simples";"Reta";"Não";1;0;0;1;0;0;1;1;-7,0102925;-38,7551102;"SPRF-CE";"DEL05-CE";"UOP03-DEL05-CE"
198721;2019-03-23;"sábado";"08:10:00";"DF";20;20;"BRASILIA";"Falta de Atenção à Condução";"Colisão lateral";"Com Vítimas Feridas";"Pleno dia";"Crescente";"Nublado";"Dupla";"Reta";"Sim";6;0;2;0;4;0;2;2;-15,607905;-47,692791;"SPRF-DF";"DEL02-DF";"UOP01-DEL02-DF"
198723;2019-03-23;"sábado";"08:15:00";"SP";116;154;"SAO JOSE DOS CAMPOS";"Desobediência às normas de trânsito pelo condutor";"Colisão traseira";"Sem Vítimas";"Pleno dia";"Decrescente";"Sol";"Dupla";"Reta";"Sim";2;0;0;0;2;0;0;2;-23,23903999;-45,92061901;"SPRF-SP";"DEL02-SP";"UOP01-DEL02-SP"
198726;2019-03-23;"sábado";"09:00:00";"SC";470;51,4;"BLUMENAU";"Desobediência às normas de trânsito pelo condutor";"Colisão transversal";"Com Vítimas Feridas";"Pleno dia";"Decrescente";"Sol";"Simples";"Reta";"Sim";2;0;1;0;1;0;1;2;-26,86297002;-49,08831066;"SPRF-SC";"DEL04-SC";"UOP01-DEL04-SC"
198727;2019-03-23;"sábado";"00:20:00";"MG";50;118,9;"UBERABA";"Falta de Atenção à Condução";"Saída de leito carroçável";"Com Vítimas Feridas";"Plena Noite";"Crescente";"Nublado";"Dupla";"Curva";"Não";1;0;0;1;0;0;1;1;-19,29129791;-48,11741979;"SPRF-MG";"DEL13-MG";"UOP01-DEL13-MG"
198728;2019-03-23;"sábado";"08:20:00";"RJ";493;70;"NOVA IGUACU";"Falta de Atenção à Condução";"Colisão com objeto estático";"Com Vítimas Feridas";"Pleno dia";"Decrescente";"Céu Claro";"Dupla";"Reta";"Não";1;0;0;1;0;0;1;1;-22,68435062;-43,41762543;"SPRF-RJ";"DEL01-RJ";"UOP03-DEL01-RJ"
198729;2019-03-23;"sábado";"08:50:00";"SC";470;140;"RIO DO SUL";"Desobediência às normas de trânsito pelo condutor";"Colisão transversal";"Com Vítimas Feridas";"Pleno dia";"Decrescente";"Nublado";"Simples";"Reta";"Sim";2;0;1;0;1;0;1;2;-27,222485;-49,662827;"SPRF-SC";"DEL04-SC";"UOP02-DEL04-SC"
198730;2019-03-23;"sábado";"05:00:00";"RS";470;253;"SAO PEDRO DA SERRA";"Ingestão de Álcool";"Colisão frontal";"Com Vítimas Feridas";"Plena Noite";"Decrescente";"Céu Claro";"Simples";"Curva";"Não";2;0;0;2;0;0;2;2;-29,40056278;-51,50572009;"SPRF-RS";"DEL06-RS";"UOP01-DEL06-RS"
198731;2019-03-23;"sábado";"07:10:00";"PR";376;79,3;"GUAIRACA";"Condutor Dormindo";"Saída de leito carroçável";"Com Vítimas Fatais";"Pleno dia";"Decrescente";"Céu Claro";"Simples";"Reta";"Não";2;1;0;1;0;0;1;1;-22,95724735;-52,66858578;"SPRF-PR";"DEL07-PR";"UOP02-DEL09-PR"
198734;2019-03-23;"sábado";"09:20:00";"PR";476;122;"CURITIBA";"Desobediência às normas de trânsito pelo condutor";"Colisão transversal";"Com Vítimas Feridas";"Pleno dia";"Crescente";"Céu Claro";"Dupla";"Reta";"Sim";2;0;1;0;1;0;1;2;-25,385775;-49,203377;"SPRF-PR";"DEL01-PR";"UOP07-DEL01-PR"
198735;2019-03-23;"sábado";"08:30:00";"MT";163;769;"SORRISO";"Agressão Externa";"Queda de ocupante de veículo";"Com Vítimas Feridas";"Amanhecer";"Crescente";"Céu Claro";"Simples";"Reta";"Não";2;0;2;0;0;0;2;1;-12,529263;-55,70438;"SPRF-MT";"DEL06-MT";"UOP01-DEL06-MT"
198736;2019-03-23;"sábado";"09:50:00";"SC";470;69;"INDAIAL";"Falta de Atenção à Condução";"Colisão lateral";"Com Vítimas Feridas";"Pleno dia";"Crescente";"Sol";"Simples";"Reta";"Não";2;0;1;0;1;0;1;2;-26,883745;-49,246704;"SPRF-SC";"DEL04-SC";"UOP01-DEL04-SC"
198737;2019-03-23;"sábado";"08:45:00";"MS";262;327,6;"CAMPO GRANDE";"Falta de Atenção à Condução";"Saída de leito carroçável";"Com Vítimas Feridas";"Pleno dia";"Crescente";"Céu Claro";"Dupla";"Rotatória";"Sim";1;0;1;0;0;0;1;1;-20,46657314;-54,54372903;"SPRF-MS";"DEL01-MS";"UOP01-DEL01-MS"
198739;2019-03-23;"sábado";"09:40:00";"PA";230;121;"MARABA";"Falta de Atenção à Condução";"Colisão lateral";"Com Vítimas Feridas";"Pleno dia";"Crescente";"Nublado";"Simples";"Reta";"Sim";3;0;0;1;2;0;1;3;-5,35297407;-49,12143673;"SPRF-PA";"DEL03-PA";"UOP01-DEL03-PA"
198740;2019-03-23;"sábado";"09:50:00";"SP";381;4;"VARGEM";"Velocidade Incompatível";"Tombamento";"Com Vítimas Feridas";"Pleno dia";"Decrescente";"Céu Claro";"Dupla";"Curva";"Não";1;0;1;0;0;0;1;1;-22,8826217;-46,40779515;"SPRF-SP";"DEL03-SP";"UOP02-DEL03-SP"
198741;2019-03-23;"sábado";"10:00:00";"ES";101;267,1;"SERRA";"Falta de Atenção à Condução";"Colisão lateral";"Com Vítimas Feridas";"Pleno dia";"Decrescente";"Sol";"Dupla";"Reta";"Sim";2;0;0;1;1;0;1;2;-20,19930999;-40,26884609;"SPRF-ES";"DEL02-ES";"UOP01-DEL02-ES"
198743;2019-03-23;"sábado";"10:25:00";"RS";116;263;"CANOAS";"Defeito Mecânico no Veículo";"Colisão transversal";"Com Vítimas Feridas";"Pleno dia";"Crescente";"Céu Claro";"Múltipla";"Interseção de Vias";"Sim";3;0;1;0;2;0;1;2;-29,90545398;-51,17674031;"SPRF-RS";"DEL01-RS";"UOP01-DEL01-RS"
198745;2019-03-23;"sábado";"09:55:00";"PR";373;179,9;"PONTA GROSSA";"Velocidade Incompatível";"Saída de leito carroçável";"Com Vítimas Feridas";"Pleno dia";"Decrescente";"Céu Claro";"Dupla";"Curva";"Sim";1;0;1;0;0;0;1;1;-25,04281018;-50,23950211;"SPRF-PR";"DEL03-PR";"UOP01-DEL03-PR"
198748;2019-03-23;"sábado";"09:55:00";"AP";210;2,8;"MACAPA";"Falta de Atenção à Condução";"Colisão lateral";"Com Vítimas Feridas";"Pleno dia";"Crescente";"Nublado";"Simples";"Reta";"Sim";2;0;1;0;1;0;1;2;0,08639342;-51,08447498;"SPRF-AP";"DEL01-AP";"UOP01-DEL01-AP"
198749;2019-03-23;"sábado";"10:30:00";"MG";40;577;"ITABIRITO";"Defeito Mecânico no Veículo";"Incêndio";"Sem Vítimas";"Pleno dia";"Crescente";"Céu Claro";"Simples";"Reta";"Não";1;0;0;0;1;0;0;1;-20,27233504;-43,95198504;"SPRF-MG";"DEL01-MG";"UOP02-DEL01-MG"
198750;2019-03-23;"sábado";"11:20:00";"GO";60;136,7;"GOIANIA";"Desobediência às normas de trânsito pelo condutor";"Colisão frontal";"Com Vítimas Feridas";"Pleno dia";"Crescente";"Sol";"Simples";"Reta";"Sim";2;0;1;0;1;0;1;2;-16,5959;-49,1965;"SPRF-GO";"DEL01-GO";"UOP01-DEL01-GO"
198751;2019-03-23;"sábado";"10:15:00";"MG";381;479;"CONTAGEM";"Falta de Atenção do Pedestre";"Atropelamento de Pedestre";"Com Vítimas Feridas";"Pleno dia";"Decrescente";"Céu Claro";"Simples";"Declive;Reta";"Sim";4;0;1;1;1;1;2;2;-19,95889605;-44,069202;"SPRF-MG";"DEL01-MG";"UOP03-DEL01-MG"
198752;2019-03-23;"sábado";"11:20:00";"MG";381;480,5;"CONTAGEM";"Não guardar distância de segurança";"Colisão traseira";"Com Vítimas Feridas";"Pleno dia";"Decrescente";"Sol";"Dupla";"Curva";"Sim";3;0;2;0;1;0;2;2;-19,95749597;-44,07899901;"SPRF-MG";"DEL01-MG";"UOP03-DEL01-MG"
198753;2019-03-23;"sábado";"11:35:00";"PR";476;137,7;"CURITIBA";"Defeito Mecânico no Veículo";"Colisão traseira";"Com Vítimas Feridas";"Pleno dia";"Crescente";"Céu Claro";"Múltipla";"Reta";"Sim";3;0;1;0;2;0;1;3;-25,498302;-49,277546;"SPRF-PR";"DEL01-PR";"UOP03-DEL01-PR"
198754;2019-03-23;"sábado";"10:35:00";"PB";101;12,8;"MAMANGUAPE";"Velocidade Incompatível";"Saída de leito carroçável";"Com Vítimas Feridas";"Pleno dia";"Decrescente";"Chuva";"Dupla";"Curva";"Não";2;0;1;0;1;0;1;1;-6,60488583;-35,13985634;"SPRF-PB";"DEL01-PB";"UOP04-DEL01-PB"
198755;2019-03-23;"sábado";"11:15:00";"PI";343;347,6;"TERESINA";"Não guardar distância de segurança";"Engavetamento";"Com Vítimas Feridas";"Pleno dia";"Crescente";"Céu Claro";"Dupla";"Reta";"Sim";3;0;1;0;2;0;1;3;-5,11624934;-42,78151274;"SPRF-PI";"DEL01-PI";"UOP01-DEL01-PI"
198757;2019-03-23;"sábado";"09:20:00";"PI";316;57;"MONSENHOR GIL";"Desobediência às normas de trânsito pelo condutor";"Colisão frontal";"Com Vítimas Feridas";"Pleno dia";"Crescente";"Céu Claro";"Simples";"Reta";"Sim";2;0;1;1;0;0;2;2;-5,54844026;-42,61484423;"SPRF-PI";"DEL01-PI";"UOP02-DEL01-PI"
198759;2019-03-23;"sábado";"12:40:00";"PE";424;80,5;"GARANHUNS";"Falta de Atenção à Condução";"Colisão traseira";"Com Vítimas Feridas";"Pleno dia";"Crescente";"Céu Claro";"Simples";"Reta";"Não";3;0;1;0;2;0;1;3;-8,8305209;-36,54673593;"SPRF-PE";"DEL03-PE";"UOP01-DEL03-PE"
198760;2019-03-23;"sábado";"12:35:00";"SC";280;28,8;"ARAQUARI";"Desobediência às normas de trânsito pelo condutor";"Colisão lateral";"Com Vítimas Feridas";"Pleno dia";"Decrescente";"Sol";"Simples";"Reta";"Não";3;0;2;0;1;0;2;2;-26,40450077;-48,74561031;"SPRF-SC";"DEL03-SC";"UOP03-DEL03-SC"
198761;2019-03-23;"sábado";"12:35:00";"SC";101;218,3;"PALHOCA";"Velocidade Incompatível";"Colisão traseira";"Sem Vítimas";"Pleno dia";"Crescente";"Céu Claro";"Múltipla";"Reta";"Sim";2;0;0;0;2;0;0;2;-27,6758601;-48,67052525;"SPRF-SC";"DEL01-SC";"UOP02-DEL01-SC"
198762;2019-03-23;"sábado";"12:50:00";"MG";40;525,2;"CONTAGEM";"Falta de Atenção à Condução";"Colisão traseira";"Com Vítimas Feridas";"Pleno dia";"Decrescente";"Nublado";"Dupla";"Reta";"Sim";2;0;1;0;1;0;1;2;-19,88361702;-44,05039336;"SPRF-MG";"DEL01-MG";"UOP03-DEL01-MG"
198764;2019-03-23;"sábado";"13:00:00";"SC";470;49;"BLUMENAU";"Falta de Atenção à Condução";"Colisão lateral";"Com Vítimas Feridas";"Pleno dia";"Crescente";"Céu Claro";"Simples";"Reta";"Não";2;0;1;0;1;0;1;2;-26,860662;-49,065159;"SPRF-SC";"DEL04-SC";"UOP01-DEL04-SC"
198765;2019-03-23;"sábado";"12:50:00";"SC";282;6;"SAO JOSE";"Velocidade Incompatível";"Tombamento";"Com Vítimas Feridas";"Pleno dia";"Crescente";"Céu Claro";"Simples";"Curva";"Não";2;0;2;0;0;0;2;1;-27,591936;-48,618244;"SPRF-SC";"DEL01-SC";"UOP01-DEL01-SC"
198766;2019-02-07;"quinta-feira";"13:15:00";"MT";70;275;"PRIMAVERA DO LESTE";"Falta de Atenção à Condução";"Saída de leito carroçável";"Com Vítimas Feridas";"Pleno dia";"Decrescente";"Ignorado";"Simples";"Reta";"Sim";1;0;1;0;0;0;1;1;-15,54957476;-54,25390412;"SPRF-MT";"DEL05-MT";"UOP01-DEL05-MT"
198767;2019-03-23;"sábado";"10:40:00";"CE";222;40;"CAUCAIA";"Defeito Mecânico no Veículo";"Queda de ocupante de veículo";"Com Vítimas Feridas";"Pleno dia";"Crescente";"Chuva";"Simples";"Reta";"Não";1;0;1;0;0;0;1;1;-3,68690023;-38,90730706;"SPRF-CE";"DEL01-CE";"UOP03-DEL01-CE"
198769;2019-03-23;"sábado";"12:40:00";"GO";40;1,8;"VALPARAISO DE GOIAS";"Ingestão de Álcool";"Colisão traseira";"Sem Vítimas";"Pleno dia";"Crescente";"Nublado";"Dupla";"Reta";"Não";2;0;0;0;2;0;0;2;-16,058245;-47,982825;"SPRF-DF";"DEL01-DF";"UOP01-DEL01-DF"
198772;2019-03-23;"sábado";"11:40:00";"PR";277;296,2;"PRUDENTOPOLIS";"Desobediência às normas de trânsito pelo condutor";"Colisão transversal";"Sem Vítimas";"Pleno dia";"Decrescente";"Céu Claro";"Simples";"Reta";"Não";2;0;0;0;1;1;0;2;-25,31539475;-51,05956598;"SPRF-PR";"DEL03-PR";"UOP02-DEL08-PR"
198776;2019-03-23;"sábado";"14:40:00";"GO";60;91,9;"ANAPOLIS";"Falta de Atenção à Condução";"Colisão transversal";"Com Vítimas Feridas";"Pleno dia";"Crescente";"Céu Claro";"Dupla";"Retorno Regulamentado";"Sim";4;0;1;0;3;0;1;2;-16,3491;-48,9095;"SPRF-GO";"DEL02-GO";"UOP01-DEL02-GO"
198777;2019-03-23;"sábado";"14:00:00";"MG";50;77;"UBERLANDIA";"Ingestão de Álcool";"Colisão com objeto estático";"Sem Vítimas";"Pleno dia";"Crescente";"Céu Claro";"Dupla";"Viaduto";"Sim";1;0;0;0;1;0;0;1;-18,93743954;-48,21971482;"SPRF-MG";"DEL15-MG";"UOP01-DEL15-MG"
198778;2019-03-23;"sábado";"09:50:00";"SC";282;6;"SAO JOSE";"Falta de Atenção à Condução";"Tombamento";"Com Vítimas Feridas";"Pleno dia";"Crescente";"Céu Claro";"Múltipla";"Curva";"Sim";1;0;1;0;0;0;1;1;-27,591936;-48,618244;"SPRF-SC";"DEL01-SC";"UOP01-DEL01-SC"
198781;2019-03-23;"sábado";"14:10:00";"MG";381;416;"NOVA UNIAO";"Falta de Atenção à Condução";"Colisão transversal";"Com Vítimas Feridas";"Pleno dia";"Decrescente";"Céu Claro";"Simples";"Interseção de Vias";"Sim";5;0;4;1;0;0;5;2;-19,72420655;-43,58355224;"SPRF-MG";"DEL01-MG";"UOP01-DEL01-MG"
198783;2019-03-23;"sábado";"15:20:00";"MT";70;6;"BARRA DO GARCAS";"Falta de Atenção à Condução";"Colisão transversal";"Com Vítimas Feridas";"Pleno dia";"Decrescente";"Sol";"Dupla";"Declive";"Sim";3;0;3;0;0;0;3;2;-15,878268;-52,306705;"SPRF-MT";"DEL07-MT";"UOP01-DEL07-MT"
198784;2019-03-23;"sábado";"13:55:00";"RJ";101;304,5;"SAO GONCALO";"Falta de Atenção à Condução";"Capotamento";"Com Vítimas Feridas";"Pleno dia";"Crescente";"Nublado";"Dupla";"Reta";"Não";1;0;1;0;0;0;1;1;-22,78491869;-42,98627706;"SPRF-RJ";"DEL02-RJ";"DEL5/2-UOP04/RJ"
198786;2019-03-23;"sábado";"15:20:00";"RS";386;435,5;"NOVA SANTA RITA";"Desobediência às normas de trânsito pelo condutor";"Colisão transversal";"Sem Vítimas";"Pleno dia";"Crescente";"Céu Claro";"Dupla";"Reta";"Sim";3;0;0;0;2;1;0;3;-29,846369;-51,275738;"SPRF-RS";"DEL04-RS";"UOP02-DEL04-RS"
198789;2019-03-23;"sábado";"15:30:00";"PR";277;474,4;"NOVA LARANJEIRAS";"Velocidade Incompatível";"Colisão frontal";"Com Vítimas Fatais";"Pleno dia";"Decrescente";"Céu Claro";"Simples";"Curva;Declive";"Não";3;1;1;1;0;0;2;2;-25,30013295;-52,55812168;"SPRF-PR";"DEL04-PR";"UOP02-DEL04-PR"
198791;2019-03-23;"sábado";"15:05:00";"PR";277;131,1;"BALSA NOVA";"Desobediência às normas de trânsito pelo condutor";"Colisão com objeto estático";"Com Vítimas Feridas";"Pleno dia";"Crescente";"Céu Claro";"Dupla";"Reta";"Não";1;0;0;1;0;0;1;1;-25,46322431;-49,6495986;"SPRF-PR";"DEL01-PR";"UOP06-DEL01-PR"
198793;2019-03-23;"sábado";"13:45:00";"RJ";495;2;"PETROPOLIS";"Falta de Atenção à Condução";"Colisão transversal";"Com Vítimas Feridas";"Pleno dia";"Crescente";"Céu Claro";"Simples";"Curva";"Sim";2;0;1;0;1;0;1;2;-22,397038;-42,984928;"SPRF-RJ";"DEL06-RJ";"UOP02-DEL05-RJ"
198794;2019-03-23;"sábado";"15:45:00";"SC";101;127;"ITAJAI";"Defeito Mecânico no Veículo";"Tombamento";"Com Vítimas Feridas";"Pleno dia";"Crescente";"Céu Claro";"Dupla";"Curva";"Não";2;0;1;1;0;0;2;1;-26,9639319;-48,68328024;"SPRF-SC";"DEL04-SC";"UOP04-DEL04-SC"
198795;2019-03-23;"sábado";"14:00:00";"AP";210;4;"MACAPA";"Mal Súbito";"Colisão lateral";"Com Vítimas Feridas";"Pleno dia";"Decrescente";"Céu Claro";"Dupla";"Reta";"Sim";3;0;1;0;2;0;1;2;0,08824228;-51,09472897;"SPRF-AP";"DEL01-AP";"UOP01-DEL01-AP"
198796;2019-03-23;"sábado";"15:35:00";"MA";316;264,1;"SANTA INES";"Falta de Atenção à Condução";"Colisão transversal";"Com Vítimas Feridas";"Pleno dia";"Decrescente";"Sol";"Simples";"Reta";"Sim";2;0;0;1;1;0;1;2;-3,673308;-45,362946;"SPRF-MA";"DEL02-MA";"UI04-DEL02-MA"
198799;2019-03-23;"sábado";"16:15:00";"SP";381;77;"SAO PAULO";"Falta de Atenção à Condução";"Colisão traseira";"Com Vítimas Feridas";"Pleno dia";"Crescente";"Céu Claro";"Dupla";"Reta";"Não";2;0;1;0;1;0;1;2;-23,39682749;-46,57433867;"SPRF-SP";"DEL03-SP";"UOP01-DEL03-SP"
198800;2019-03-23;"sábado";"16:20:00";"PE";101;50,6;"ABREU E LIMA";"Falta de Atenção à Condução";"Colisão lateral";"Com Vítimas Feridas";"Pleno dia";"Crescente";"Céu Claro";"Múltipla";"Reta";"Sim";2;0;1;0;1;0;1;2;-7,91433489;-34,89909237;"SPRF-PE";"DEL01-PE";"UOP02-DEL01-PE"
198801;2019-03-23;"sábado";"14:10:00";"SC";470;86,7;"RODEIO";"Falta de Atenção à Condução";"Tombamento";"Com Vítimas Feridas";"Pleno dia";"Decrescente";"Sol";"Simples";"Reta";"Não";1;0;1;0;0;0;1;1;-26,949951;-49,357296;"SPRF-SC";"DEL04-SC";"UOP01-DEL04-SC"
198802;2019-03-23;"sábado";"16:20:00";"PA";316;21;"BENEVIDES";"Desobediência às normas de trânsito pelo condutor";"Colisão transversal";"Sem Vítimas";"Pleno dia";"Crescente";"Céu Claro";"Dupla";"Interseção de Vias";"Sim";3;0;0;0;3;0;0;2;-1,34599732;-48,25152822;"SPRF-PA";"DEL01-PA";"DEL19/1-UOP05/PA"
198803;2019-03-23;"sábado";"16:15:00";"RS";386;376,7;"TAQUARI";"Velocidade Incompatível";"Tombamento";"Sem Vítimas";"Pleno dia";"Decrescente";"Céu Claro";"Dupla";"Curva";"Não";1;0;0;0;1;0;0;1;-29,620808;-51,777538;"SPRF-RS";"DEL04-RS";"UOP02-DEL04-RS"
198804;2019-03-23;"sábado";"16:30:00";"MG";381;492;"BETIM";"Defeito Mecânico no Veículo";"Colisão traseira";"Com Vítimas Feridas";"Pleno dia";"Crescente";"Céu Claro";"Simples";"Reta";"Sim";3;0;2;0;1;0;2;2;-19,97490091;-44,19004301;"SPRF-MG";"DEL01-MG";"UOP03-DEL01-MG"
198805;2019-03-23;"sábado";"16:05:00";"SC";101;129,6;"BALNEARIO CAMBORIU";"Falta de Atenção à Condução";"Tombamento";"Com Vítimas Feridas";"Pleno dia";"Decrescente";"Céu Claro";"Dupla";"Reta";"Sim";2;0;2;0;0;0;2;1;-26,98064277;-48,6790679;"SPRF-SC";"DEL04-SC";"UOP03-DEL04-SC"
198806;2019-03-23;"sábado";"16:30:00";"PB";230;90,6;"GURINHEM";"Desobediência às normas de trânsito pelo condutor";"Queda de ocupante de veículo";"Com Vítimas Feridas";"Pleno dia";"Crescente";"Céu Claro";"Dupla";"Reta";"Sim";1;0;0;1;0;0;1;1;-7,173;-35,3934;"SPRF-PB";"DEL01-PB";"UOP03-DEL01-PB"
198807;2019-03-23;"sábado";"17:05:00";"PR";376;4,2;"MANDAGUARI";"Desobediência às normas de trânsito pelo condutor";"Colisão transversal";"Com Vítimas Feridas";"Pleno dia";"Crescente";"Sol";"Simples";"Reta";"Sim";3;0;2;0;1;0;2;2;-23,518573;-51,680974;"SPRF-PR";"DEL07-PR";"UOP03-DEL07-PR"
198808;2019-03-23;"sábado";"16:30:00";"PR";476;171,1;"CONTENDA";"Velocidade Incompatível";"Colisão traseira";"Com Vítimas Feridas";"Pleno dia";"Decrescente";"Céu Claro";"Dupla";"Curva";"Sim";3;0;2;0;1;0;2;2;-25,672495;-49,510612;"SPRF-PR";"DEL01-PR";"UOP03-DEL01-PR"
198809;2019-03-22;"sexta-feira";"13:00:00";"BA";116;650,2;"JEQUIE";"Ultrapassagem Indevida";"Capotamento";"Com Vítimas Feridas";"Pleno dia";"Crescente";"Céu Claro";"Simples";"Reta";"Não";2;0;2;0;0;0;2;1;-13,61074294;-40,09094936;"SPRF-BA";"DEL03-BA";"UOP01-DEL03-BA"
198810;2019-03-23;"sábado";"16:50:00";"MG";381;931,2;"EXTREMA";"Falta de Atenção à Condução";"Colisão com objeto estático";"Com Vítimas Feridas";"Pleno dia";"Decrescente";"Céu Claro";"Dupla";"Curva";"Sim";2;0;1;0;1;0;1;1;-22,8076393;-46,27636971;"SPRF-MG";"DEL16-MG";"UOP03-DEL16-MG"
198811;2019-03-23;"sábado";"10:10:00";"RO";435;123;"CEREJEIRAS";"Desobediência às normas de trânsito pelo condutor";"Colisão lateral";"Com Vítimas Feridas";"Pleno dia";"Crescente";"Céu Claro";"Dupla";"Reta";"Sim";2;0;1;0;1;0;1;2;-13,18889171;-60,808424;"SPRF-RO";"DEL04-RO";"UOP02-DEL04-RO"
198812;2019-03-23;"sábado";"17:35:00";"SC";470;71,1;"INDAIAL";"Falta de Atenção à Condução";"Colisão traseira";"Sem Vítimas";"Pleno dia";"Crescente";"Céu Claro";"Simples";"Reta";"Não";2;0;0;0;1;1;0;2;-26,895243;-49,262104;"SPRF-SC";"DEL04-SC";"UOP01-DEL04-SC"
198813;2019-03-23;"sábado";"17:00:00";"PR";376;595,5;"CURITIBA";"Falta de Atenção do Pedestre";"Atropelamento de Pedestre";"Com Vítimas Feridas";"Pleno dia";"Decrescente";"Céu Claro";"Dupla";"Reta";"Não";2;0;1;0;1;0;1;2;-25,49317991;-49,34370776;"SPRF-PR";"DEL01-PR";"UOP06-DEL01-PR"
198814;2019-03-23;"sábado";"17:15:00";"MG";459;90,9;"CONGONHAL";"Ingestão de Álcool";"Colisão frontal";"Com Vítimas Fatais";"Pleno dia";"Decrescente";"Nublado";"Simples";"Curva";"Não";6;3;1;1;0;1;2;3;-22,179953;-45,994399;"SPRF-MG";"DEL13-MG";"UOP01-DEL13-MG"
198816;2019-03-23;"sábado";"17:00:00";"PR";116;163;"QUITANDINHA";"Restrição de Visibilidade";"Capotamento";"Com Vítimas Feridas";"Pleno dia";"Crescente";"Sol";"Simples";"Reta";"Não";5;0;2;1;2;0;3;1;-25,86442035;-49,41795105;"SPRF-PR";"DEL01-PR";"UOP03-DEL01-PR"
198818;2019-03-23;"sábado";"18:20:00";"PE";232;119,1;"CARUARU";"Ingestão de Álcool";"Colisão lateral";"Com Vítimas Feridas";"Plena Noite";"Crescente";"Nublado";"Dupla";"Reta";"Não";2;0;1;1;0;0;2;2;-8,2962792;-35,89314995;"SPRF-PE";"DEL02-PE";"UOP03-DEL02-PE"
198819;2019-03-23;"sábado";"15:35:00";"MA";10;157,3;"PORTO FRANCO";"Desobediência às normas de trânsito pelo condutor";"Colisão traseira";"Com Vítimas Feridas";"Pleno dia";"Crescente";"Céu Claro";"Simples";"Reta";"Não";2;0;1;0;1;0;1;2;-6,34733;-47,374878;"SPRF-MA";"DEL04-MA";"UOP02-DEL04-MA"
198821;2019-03-23;"sábado";"17:40:00";"SP";116;220;"GUARULHOS";"Condutor Dormindo";"Colisão traseira";"Com Vítimas Feridas";"Anoitecer";"Decrescente";"Céu Claro";"Múltipla";"Reta";"Sim";4;0;2;0;2;0;2;3;-23,46472809;-46,49793962;"SPRF-SP";"DEL01-SP";"UOP01-DEL01-SP"
198822;2019-03-23;"sábado";"17:20:00";"MS";60;384,4;"CAMPO GRANDE";"Condutor Dormindo";"Saída de leito carroçável";"Com Vítimas Feridas";"Anoitecer";"Crescente";"Céu Claro";"Simples";"Reta";"Não";2;0;2;0;0;0;2;1;-20,66100305;-54,7554875;"SPRF-MS";"DEL01-MS";"UOP04-DEL01-MS"
198823;2019-03-23;"sábado";"16:40:00";"MA";135;5,6;"SAO LUIS";"Falta de Atenção à Condução";"Colisão lateral";"Sem Vítimas";"Pleno dia";"Crescente";"Chuva";"Dupla";"Reta";"Sim";3;0;0;0;3;0;0;3;-2,62145385;-44,25797421;"SPRF-MA";"DEL01-MA";"UOP01-DEL01-MA"
198825;2019-03-23;"sábado";"18:41:00";"DF";60;8,6;"BRASILIA";"Defeito Mecânico no Veículo";"Saída de leito carroçável";"Com Vítimas Feridas";"Anoitecer";"Crescente";"Nublado";"Dupla";"Reta";"Não";3;0;2;1;0;0;3;1;-15,90324;-48,130695;"SPRF-DF";"DEL01-DF";"UOP01-DEL03-DF"
198826;2019-03-23;"sábado";"18:10:00";"CE";20;335,5;"CARIDADE";"Desobediência às normas de trânsito pelo condutor";"Colisão transversal";"Sem Vítimas";"Anoitecer";"Crescente";"Céu Claro";"Simples";"Rotatória";"Não";3;0;0;0;2;1;0;2;-4,16571325;-39,15249153;"SPRF-CE";"DEL02-CE";"UOP01-DEL02-CE"