"id";"data_inversa";"dia_semana";"horario";"uf";"br";"km";"municipio";"causa_acidente";"tipo_acidente";"classificacao_acidente";"fase_dia";"sentido_via";"condicao_metereologica";"tipo_pista";"tracado_via";"uso_solo";"pessoas";"mortos";"feridos_leves";"feridos_graves";"ilesos";"ignorados";"feridos";"veiculos";"latitude";"longitude";"regional";"delegacia";"uop"
198827;2019-03-23;"sábado";"18:20:00";"AL";316;82,1;"SANTANA DO IPANEMA";"Restrição de Visibilidade";"Colisão traseira";"Com Vítimas Feridas";"Anoitecer";"Crescente";"Chuva";"Simples";"Curva";"Não";4;0;3;1;0;0;4;2;-9,36141079;-37,2685338;"SPRF-AL";"DEL03-AL";"UOP02-DEL03-AL"
198828;2019-03-23;"sábado";"17:55:00";"RJ";116;255,4;"PIRAI";"Falta de Atenção à Condução";"Queda de ocupante de veículo";"Com Vítimas Feridas";"Anoitecer";"Crescente";"Nublado";"Dupla";"Aclive";"Não";2;0;0;2;0;0;2;1;-22,58171235;-43,99533787;"SPRF-RJ";"DEL07-RJ";"UOP02-DEL07-RJ"
198830;2019-03-23;"sábado";"18:00:00";"PR";277;115,8;"CAMPO LARGO";"Desobediência às normas de trânsito pelo condutor";"Colisão transversal";"Sem Vítimas";"Pleno dia";"Decrescente";"Céu Claro";"Simples";"Interseção de Vias";"Sim";2;0;0;0;1;1;0;2;-25,45035344;-49,52210406;"SPRF-PR";"DEL01-PR";"UOP06-DEL01-PR"
198831;2019-03-23;"sábado";"16:55:00";"PA";230;618;"VITORIA DO XINGU";"Não guardar distância de segurança";"Colisão traseira";"Com Vítimas Feridas";"Pleno dia";"Crescente";"Nublado";"Simples";"Reta";"Sim";3;0;2;0;1;0;2;2;-3,17076331;-52,05155899;"SPRF-PA";"DEL04-PA";"UOP01-DEL04-PA"
198832;2019-03-23;"sábado";"17:45:00";"SC";101;369,4;"ICARA";"Falta de Atenção à Condução";"Saída de leito carroçável";"Com Vítimas Feridas";"Pleno dia";"Crescente";"Céu Claro";"Dupla";"Reta";"Sim";3;0;2;0;1;0;2;1;-28,69775604;-49,182934;"SPRF-SC";"DEL02-SC";"UOP01-DEL02-SC"
198833;2019-03-23;"sábado";"18:10:00";"RS";386;352,9;"ESTRELA";"Não guardar distância de segurança";"Saída de leito carroçável";"Com Vítimas Feridas";"Pleno dia";"Decrescente";"Céu Claro";"Dupla";"Curva";"Não";2;0;1;0;1;0;1;2;-29,491436;-51,95174;"SPRF-RS";"DEL04-RS";"UOP01-DEL04-RS"
198834;2019-03-23;"sábado";"19:15:00";"PR";376;602;"CURITIBA";"Restrição de Visibilidade";"Atropelamento de Pedestre";"Com Vítimas Feridas";"Plena Noite";"Decrescente";"Céu Claro";"Dupla";"Reta";"Sim";2;0;0;1;1;0;1;2;-25,54329052;-49,30719981;"SPRF-PR";"DEL01-PR";"UOP03-DEL01-PR"
198836;2019-03-23;"sábado";"18:00:00";"MS";163;257,9;"DOURADOS";"Ingestão de Álcool";"Colisão traseira";"Com Vítimas Feridas";"Plena Noite";"Decrescente";"Céu Claro";"Dupla";"Reta;Declive";"Sim";3;0;3;0;0;0;3;2;-22,25888398;-54,793819;"SPRF-MS";"DEL04-MS";"UOP01-DEL04-MS"
198838;2019-03-23;"sábado";"16:25:00";"SC";101;122;"ITAJAI";"Falta de Atenção à Condução";"Tombamento";"Com Vítimas Feridas";"Pleno dia";"Decrescente";"Céu Claro";"Dupla";"Reta";"Não";1;0;0;1;0;0;1;1;-26,92955916;-48,70499836;"SPRF-SC";"DEL04-SC";"UOP04-DEL04-SC"
198839;2019-03-23;"sábado";"18:35:00";"ES";101;146;"LINHARES";"Falta de Atenção à Condução";"Queda de ocupante de veículo";"Com Vítimas Feridas";"Plena Noite";"Decrescente";"Chuva";"Múltipla";"Reta";"Sim";1;0;0;1;0;0;1;1;-19,36990998;-40,06560718;"SPRF-ES";"DEL04-ES";"UOP01-DEL04-ES"
198840;2019-03-23;"sábado";"17:20:00";"SC";470;175;"POUSO REDONDO";"Mal Súbito";"Tombamento";"Com Vítimas Feridas";"Pleno dia";"Decrescente";"Céu Claro";"Simples";"Reta";"Não";1;0;1;0;0;0;1;1;-27,25617;-49,938969;"SPRF-SC";"DEL04-SC";"UOP02-DEL04-SC"
198842;2019-03-23;"sábado";"18:25:00";"PA";316;273,5;"CACHOEIRA DO PIRIA";"Ultrapassagem Indevida";"Colisão frontal";"Com Vítimas Fatais";"Anoitecer";"Crescente";"Nublado";"Simples";"Declive";"Sim";7;1;1;1;4;0;2;2;-1,80614105;-46,32470697;"SPRF-PA";"DEL01-PA";"UOP04-DEL01-PA"
198843;2019-03-23;"sábado";"18:30:00";"PB";230;330,5;"PATOS";"Ingestão de Álcool";"Colisão frontal";"Com Vítimas Feridas";"Plena Noite";"Crescente";"Nublado";"Simples";"Declive";"Não";2;0;1;0;1;0;1;2;-7,0173;-37,2249;"SPRF-PB";"DEL03-PB";"UOP01-DEL03-PB"
198845;2019-03-23;"sábado";"19:30:00";"PR";158;506;"CORONEL VIVIDA";"Ingestão de Álcool";"Saída de leito carroçável";"Com Vítimas Feridas";"Plena Noite";"Crescente";"Céu Claro";"Simples";"Curva";"Não";1;0;0;1;0;0;1;1;-26,01525192;-52,57019203;"SPRF-PR";"DEL02-PR";"UOP01-DEL02-PR"
198846;2019-03-23;"sábado";"19:40:00";"SC";280;55;"GUARAMIRIM";"Falta de Atenção à Condução";"Colisão transversal";"Com Vítimas Feridas";"Plena Noite";"Decrescente";"Céu Claro";"Simples";"Reta";"Sim";3;0;1;0;2;0;1;2;-26,47584353;-48,9937858;"SPRF-SC";"DEL03-SC";"UOP03-DEL03-SC"
198849;2019-03-23;"sábado";"19:30:00";"RJ";116;246,4;"PIRAI";"Falta de Atenção do Pedestre";"Atropelamento de Pedestre";"Com Vítimas Fatais";"Plena Noite";"Crescente";"Nublado";"Dupla";"Reta";"Sim";2;1;0;0;0;1;0;2;-22,61426907;-43,93189964;"SPRF-RJ";"DEL07-RJ";"UOP01-DEL07-RJ"
198850;2019-03-23;"sábado";"19:15:00";"PR";373;176,6;"PONTA GROSSA";"Ingestão de álcool e/ou substâncias psicoativas pelo pedestre";"Atropelamento de Pedestre";"Com Vítimas Feridas";"Plena Noite";"Decrescente";"Céu Claro";"Dupla";"Reta";"Sim";2;0;1;1;0;0;2;2;-25,06082803;-50,21845202;"SPRF-PR";"DEL03-PR";"UOP01-DEL03-PR"
198851;2019-03-23;"sábado";"19:30:00";"SC";101;208,1;"SAO JOSE";"Desobediência às normas de trânsito pelo condutor";"Tombamento";"Com Vítimas Feridas";"Plena Noite";"Decrescente";"Céu Claro";"Simples";"Reta";"Sim";1;0;1;0;0;0;1;1;-27,59193546;-48,61824557;"SPRF-SC";"DEL01-SC";"UOP01-DEL01-SC"
198852;2019-03-23;"sábado";"16:30:00";"RN";405;77,1;"APODI";"Desobediência às normas de trânsito pelo condutor";"Colisão transversal";"Com Vítimas Feridas";"Pleno dia";"Crescente";"Ignorado";"Dupla";"Reta";"Não";2;0;0;1;1;0;1;2;-5,66178802;-37,79895858;"SPRF-RN";"DEL04-RN";"UOP02-DEL04-RN"
198855;2019-03-23;"sábado";"13:20:00";"SP";116;544;"BARRA DO TURVO";"Velocidade Incompatível";"Queda de ocupante de veículo";"Com Vítimas Feridas";"Pleno dia";"Decrescente";"Céu Claro";"Dupla";"Curva";"Não";1;0;1;0;0;0;1;1;-24,9642727;-48,42533112;"SPRF-SP";"DEL05-SP";"UOP02-DEL05-SP"
198856;2019-03-23;"sábado";"20:30:00";"PI";316;314,4;"PICOS";"Desobediência às normas de trânsito pelo condutor";"Colisão lateral";"Com Vítimas Feridas";"Plena Noite";"Decrescente";"Nublado";"Simples";"Reta";"Sim";2;0;1;0;1;0;1;2;-7,0776992;-41,44117384;"SPRF-PI";"DEL04-PI";"UOP01-DEL04-PI"
198857;2019-03-23;"sábado";"18:00:00";"PA";155;299;"MARABA";"Ingestão de Álcool";"Tombamento";"Com Vítimas Feridas";"Anoitecer";"Crescente";"Nublado";"Simples";"Reta";"Não";1;0;0;1;0;0;1;1;-5,74066199;-49,14781304;"SPRF-PA";"DEL03-PA";"UOP01-DEL03-PA"
198858;2019-03-23;"sábado";"21:00:00";"SC";470;68;"INDAIAL";"Falta de Atenção à Condução";"Queda de ocupante de veículo";"Com Vítimas Feridas";"Plena Noite";"Decrescente";"Nublado";"Simples";"Rotatória";"Sim";1;0;1;0;0;0;1;1;-26,877615;-49,239231;"SPRF-SC";"DEL04-SC";"UOP01-DEL04-SC"
198860;2019-03-23;"sábado";"20:20:00";"BA";116;807,9;"VITORIA DA CONQUISTA";"Ingestão de Álcool";"Tombamento";"Com Vítimas Feridas";"Plena Noite";"Decrescente";"Céu Claro";"Simples";"Reta";"Não";1;0;1;0;0;0;1;1;-14,73914195;-40,65690702;"SPRF-BA";"DEL08-BA";"UOP01-DEL08-BA"
198861;2019-03-23;"sábado";"20:20:00";"SC";116;206,5;"PONTE ALTA";"Defeito Mecânico no Veículo";"Queda de ocupante de veículo";"Com Vítimas Feridas";"Plena Noite";"Decrescente";"Céu Claro";"Simples";"Aclive;Reta";"Não";2;0;0;2;0;0;2;1;-27,47335386;-50,3816746;"SPRF-SC";"DEL05-SC";"UOP03-DEL05-SC"
198863;2019-03-23;"sábado";"20:20:00";"PR";163;285;"MARECHAL CANDIDO RONDON";"Velocidade Incompatível";"Capotamento";"Sem Vítimas";"Plena Noite";"Crescente";"Céu Claro";"Dupla";"Reta";"Sim";1;0;0;0;1;0;0;1;-24,568102;-54,034168;"SPRF-PR";"DEL06-PR";"UOP02-DEL06-PR"
198864;2019-03-23;"sábado";"20:50:00";"ES";101;64,6;"SAO MATEUS";"Defeito Mecânico no Veículo";"Incêndio";"Sem Vítimas";"Plena Noite";"Crescente";"Céu Claro";"Dupla";"Reta";"Sim";1;0;0;0;1;0;0;1;-18,70428583;-39,87065983;"SPRF-ES";"DEL04-ES";"UOP02-DEL04-ES"
198865;2019-03-23;"sábado";"19:00:00";"RO";364;710;"PORTO VELHO";"Falta de Atenção à Condução";"Colisão traseira";"Com Vítimas Feridas";"Anoitecer";"Decrescente";"Nublado";"Dupla";"Reta";"Sim";2;0;1;0;1;0;1;2;-8,78621576;-63,85712687;"SPRF-RO";"DEL01-RO";"UOP01-DEL01-RO"
198866;2019-03-23;"sábado";"20:08:00";"BA";101;212;"CRUZ DAS ALMAS";"Falta de Atenção à Condução";"Queda de ocupante de veículo";"Com Vítimas Feridas";"Plena Noite";"Decrescente";"Ignorado";"Simples";"Reta";"Sim";1;0;0;1;0;0;1;1;-12,65351724;-39,12236761;"SPRF-BA";"DEL01-BA";"UOP03-DEL01-BA"
198868;2019-03-23;"sábado";"20:45:00";"ES";101;167,5;"LINHARES";"Falta de Atenção à Condução";"Colisão traseira";"Com Vítimas Feridas";"Plena Noite";"Crescente";"Garoa/Chuvisco";"Simples";"Reta";"Não";2;0;0;1;0;1;1;2;-19,52734804;-40,15218496;"SPRF-ES";"DEL04-ES";"UOP01-DEL04-ES"
198871;2019-03-23;"sábado";"15:30:00";"PR";116;210;"RIO NEGRO";"Ultrapassagem Indevida";"Colisão lateral";"Com Vítimas Feridas";"Pleno dia";"Decrescente";"Céu Claro";"Simples";"Reta";"Sim";3;0;2;0;1;0;2;2;-26,07479435;-49,76117178;"SPRF-SC";"DEL06-SC";"UOP01-DEL06-SC"
198873;2019-03-23;"sábado";"22:15:00";"SP";381;65;"MAIRIPORA";"Falta de Atenção à Condução";"Tombamento";"Com Vítimas Feridas";"Plena Noite";"Crescente";"Nublado";"Dupla";"Reta";"Sim";1;0;0;1;0;0;1;1;-23,316547;-46,58251;"SPRF-SP";"DEL03-SP";"UOP01-DEL03-SP"
198874;2019-03-23;"sábado";"21:30:00";"RS";153;50,7;"ERECHIM";"Desobediência às normas de trânsito pelo condutor";"Colisão transversal";"Com Vítimas Feridas";"Plena Noite";"Crescente";"Céu Claro";"Simples";"Rotatória";"Sim";5;0;1;0;4;0;1;2;-27,65623359;-52,27554709;"SPRF-RS";"DEL08-RS";"UOP04-DEL08-RS"
198875;2019-03-23;"sábado";"21:10:00";"CE";116;302;"JAGUARIBE";"Defeito na Via";"Queda de ocupante de veículo";"Com Vítimas Feridas";"Plena Noite";"Decrescente";"Céu Claro";"Simples";"Reta";"Não";1;0;0;1;0;0;1;1;-5,8540122;-38,57570286;"SPRF-CE";"DEL05-CE";"UOP02-DEL05-CE"
198876;2019-03-23;"sábado";"20:55:00";"SC";282;350;"CAMPOS NOVOS";"Ingestão de álcool e/ou substâncias psicoativas pelo pedestre";"Colisão lateral";"Com Vítimas Feridas";"Plena Noite";"Decrescente";"Céu Claro";"Simples";"Reta";"Não";5;0;1;0;4;0;1;2;-27,358767;-51,29229;"SPRF-SC";"DEL07-SC";"UOP06-DEL07-SC"
198878;2019-03-23;"sábado";"21:30:00";"BA";116;360;"SERRINHA";"Velocidade Incompatível";"Colisão frontal";"Com Vítimas Feridas";"Plena Noite";"Decrescente";"Nublado";"Simples";"Reta";"Não";5;0;5;0;0;0;5;2;-11,67414115;-38,99714822;"SPRF-BA";"DEL02-BA";"UOP01-DEL02-BA"
198879;2019-03-23;"sábado";"20:40:00";"RJ";393;146;"TRES RIOS";"Velocidade Incompatível";"Tombamento";"Com Vítimas Feridas";"Plena Noite";"Decrescente";"Céu Claro";"Simples";"Curva";"Não";1;0;0;1;0;0;1;1;-22,04426691;-43,00821304;"SPRF-RJ";"DEL06-RJ";"UOP01-DEL05-RJ"
198881;2019-03-23;"sábado";"22:40:00";"BA";101;8;"RIO REAL";"Ingestão de Álcool";"Colisão com objeto estático";"Com Vítimas Feridas";"Plena Noite";"Crescente";"Céu Claro";"Simples";"Desvio Temporário;Em Obras";"Não";2;0;0;2;0;0;2;1;-11,60539795;-37,88039716;"SPRF-SE";"DEL02-SE";"UOP03-DEL02-SE"
198882;2019-03-23;"sábado";"22:50:00";"RS";386;344;"LAJEADO";"Falta de Atenção à Condução";"Queda de ocupante de veículo";"Com Vítimas Feridas";"Plena Noite";"Crescente";"Céu Claro";"Simples";"Reta";"Sim";1;0;1;0;0;0;1;1;-29,439268;-51,993633;"SPRF-RS";"DEL04-RS";"UOP01-DEL04-RS"
198883;2019-03-23;"sábado";"22:40:00";"SC";282;3;"FLORIANOPOLIS";"Falta de Atenção à Condução";"Colisão lateral";"Com Vítimas Feridas";"Plena Noite";"Crescente";"Céu Claro";"Dupla";"Reta;Desvio Temporário;Em Obras";"Sim";3;0;0;1;2;0;1;3;-27,600384;-48,599705;"SPRF-SC";"DEL01-SC";"UOP01-DEL01-SC"
198884;2019-03-23;"sábado";"16:17:00";"PR";277;425,8;"CANTAGALO";"Velocidade Incompatível";"Saída de leito carroçável";"Com Vítimas Feridas";"Pleno dia";"Decrescente";"Céu Claro";"Simples";"Curva";"Não";1;0;0;1;0;0;1;1;-25,38220585;-52,11624364;"SPRF-PR";"DEL04-PR";"UOP02-DEL04-PR"
198886;2019-03-23;"sábado";"22:20:00";"SC";101;317,4;"PESCARIA BRAVA";"Animais na Pista";"Colisão com objeto estático";"Com Vítimas Feridas";"Plena Noite";"Decrescente";"Nublado";"Dupla";"Curva";"Sim";2;0;2;0;0;0;2;1;-28,42978736;-48,87148792;"SPRF-SC";"DEL02-SC";"UOP01-DEL02-SC"
198887;2019-03-23;"sábado";"21:40:00";"MT";163;42,6;"ITIQUIRA";"Ingestão de álcool e/ou substâncias psicoativas pelo pedestre";"Saída de leito carroçável";"Com Vítimas Feridas";"Plena Noite";"Decrescente";"Céu Claro";"Dupla";"Reta";"Não";1;0;1;0;0;0;1;1;-17,146228;-54,75700786;"SPRF-MT";"DEL02-MT";"DEL2/2-UOP02/MT"
198889;2019-03-23;"sábado";"23:00:00";"SP";381;58;"MAIRIPORA";"Falta de Atenção à Condução";"Capotamento";"Sem Vítimas";"Pleno dia";"Crescente";"Céu Claro";"Múltipla";"Reta";"Sim";1;0;0;0;0;1;0;1;-23,18904617;-46,58407757;"SPRF-SP";"DEL03-SP";"UOP01-DEL03-SP"
198890;2019-03-23;"sábado";"21:00:00";"RS";116;82;"CAMPESTRE DA SERRA";"Ingestão de Álcool";"Saída de leito carroçável";"Sem Vítimas";"Plena Noite";"Decrescente";"Céu Claro";"Simples";"Curva";"Não";1;0;0;0;1;0;0;1;-28,81518199;-51,10902702;"SPRF-RS";"DEL05-RS";"UOP03-DEL05-RS"
198895;2019-03-23;"sábado";"10:40:00";"PB";101;10,8;"MAMANGUAPE";"Velocidade Incompatível";"Saída de leito carroçável";"Sem Vítimas";"Pleno dia";"Crescente";"Chuva";"Dupla";"Declive";"Não";1;0;0;0;1;0;0;1;-6,583587;-35,144005;"SPRF-PB";"DEL01-PB";"UOP04-DEL01-PB"
198896;2019-03-23;"sábado";"19:30:00";"PE";423;154,9;"AGUAS BELAS";"Ingestão de Álcool";"Colisão frontal";"Com Vítimas Fatais";"Plena Noite";"Decrescente";"Nublado";"Simples";"Curva";"Não";2;1;0;0;0;1;0;2;-9,0566026;-36,93412423;"SPRF-PE";"DEL03-PE";"UOP01-DEL03-PE"
198897;2019-03-24;"domingo";"00:15:00";"RS";116;658;"JAGUARAO";"Falta de Atenção à Condução";"Colisão com objeto estático";"Com Vítimas Feridas";"Plena Noite";"Crescente";"Céu Claro";"Dupla";"Reta";"Sim";2;0;0;1;0;1;1;2;-32,56067023;-53,38439839;"SPRF-RS";"DEL07-RS";"UOP03-DEL07-RS"
198898;2019-03-23;"sábado";"22:00:00";"MG";381;586;"CARMOPOLIS DE MINAS";"Condutor Dormindo";"Capotamento";"Com Vítimas Feridas";"Plena Noite";"Crescente";"Nublado";"Dupla";"Curva";"Não";4;0;3;0;1;0;3;1;-20,521543;-44,626944;"SPRF-MG";"DEL04-MG";"UOP01-DEL04-MG"
198899;2019-03-23;"sábado";"23:17:00";"MS";463;1;"DOURADOS";"Desobediência às normas de trânsito pelo condutor";"Colisão traseira";"Com Vítimas Feridas";"Plena Noite";"Crescente";"Céu Claro";"Simples";"Reta";"Sim";2;0;1;0;1;0;1;2;-22,25906342;-54,81148303;"SPRF-MS";"DEL04-MS";"UOP01-DEL04-MS"
198905;2019-03-24;"domingo";"01:30:00";"SP";116;271,9;"TABOAO DA SERRA";"Falta de Atenção à Condução";"Colisão lateral";"Com Vítimas Feridas";"Plena Noite";"Decrescente";"Nublado";"Dupla";"Reta";"Sim";2;0;1;0;1;0;1;2;-23,61809286;-46,80556302;"SPRF-SP";"DEL04-SP";"UOP01-DEL04-SP"
198906;2019-03-24;"domingo";"01:48:00";"DF";20;6;"BRASILIA";"Velocidade Incompatível";"Saída de leito carroçável";"Sem Vítimas";"Plena Noite";"Crescente";"Chuva";"Dupla";"Reta";"Sim";1;0;0;0;1;0;0;1;-15,665888;-47,808308;"SPRF-DF";"DEL02-DF";"UOP01-DEL02-DF"
198907;2019-03-23;"sábado";"21:20:00";"MG";116;119,1;"ITAOBIM";"Falta de Atenção à Condução";"Colisão frontal";"Com Vítimas Fatais";"Plena Noite";"Decrescente";"Céu Claro";"Simples";"Reta";"Não";9;1;0;8;0;0;8;2;-16,58259665;-41,50168389;"SPRF-MG";"DEL11-MG";"UOP02-DEL11-MG"
198908;2019-03-24;"domingo";"01:50:00";"GO";40;12;"LUZIANIA";"Ingestão de Álcool";"Colisão com objeto estático";"Com Vítimas Feridas";"Plena Noite";"Crescente";"Céu Claro";"Dupla";"Reta";"Sim";3;0;2;0;0;1;2;1;-16,145123;-47,945382;"SPRF-DF";"DEL01-DF";"UOP01-DEL01-DF"
198909;2019-03-24;"domingo";"01:55:00";"RN";304;36,7;"MOSSORO";"Falta de Atenção à Condução";"Colisão traseira";"Com Vítimas Feridas";"Plena Noite";"Decrescente";"Nublado";"Dupla";"Reta";"Sim";2;0;1;0;0;1;1;2;-5,17294721;-37,36024261;"SPRF-RN";"DEL04-RN";"UOP02-DEL04-RN"
198910;2019-03-24;"domingo";"01:50:00";"PR";376;182;"MARINGA";"Desobediência às normas de trânsito pelo condutor";"Colisão transversal";"Com Vítimas Feridas";"Plena Noite";"Crescente";"Céu Claro";"Simples";"Rotatória";"Sim";2;0;1;0;0;1;1;2;-23,43684112;-51,87880764;"SPRF-PR";"DEL07-PR";"UOP01-DEL09-PR"
198911;2019-03-24;"domingo";"01:50:00";"RJ";393;287,8;"VOLTA REDONDA";"Falta de Atenção à Condução";"Colisão transversal";"Com Vítimas Feridas";"Plena Noite";"Decrescente";"Céu Claro";"Simples";"Interseção de Vias";"Sim";3;0;1;0;2;0;1;2;-22,497896;-44,072598;"SPRF-RJ";"DEL05-RJ";"UOP04-DEL05-RJ"
198913;2019-03-23;"sábado";"19:20:00";"RO";435;86;"COLORADO DO OESTE";"Desobediência às normas de trânsito pelo condutor";"Colisão traseira";"Com Vítimas Feridas";"Plena Noite";"Decrescente";"Céu Claro";"Simples";"Reta";"Sim";4;0;1;0;1;2;1;3;-13,12026846;-60,54055407;"SPRF-RO";"DEL04-RO";"UOP02-DEL04-RO"
198915;2019-03-24;"domingo";"00:50:00";"PE";407;126;"PETROLINA";"Ingestão de Álcool";"Queda de ocupante de veículo";"Com Vítimas Feridas";"Plena Noite";"Crescente";"Nublado";"Dupla";"Rotatória";"Sim";1;0;1;0;0;0;1;1;-9,38723463;-40,52612364;"SPRF-PE";"DEL06-PE";"UOP01-DEL06-PE"
198916;2019-03-24;"domingo";"01:25:00";"PR";277;99;"CURITIBA";"Falta de Atenção à Condução";"Colisão traseira";"Sem Vítimas";"Plena Noite";"Crescente";"Céu Claro";"Dupla";"Reta";"Sim";2;0;0;0;2;0;0;2;-25,53375211;-49,31824405;"SPRF-PR";"DEL01-PR";"UOP06-DEL01-PR"
198917;2019-03-24;"domingo";"01:30:00";"MG";116;738,5;"LARANJAL";"Ingestão de Álcool";"Saída de leito carroçável";"Com Vítimas Feridas";"Plena Noite";"Decrescente";"Nublado";"Simples";"Curva";"Sim";2;0;2;0;0;0;2;1;-21,376934;-42,48054;"SPRF-MG";"DEL07-MG";"UOP01-DEL07-MG"
198918;2019-03-24;"domingo";"03:25:00";"SC";282;15,5;"PALHOCA";"Desobediência às normas de trânsito pelo condutor";"Colisão transversal";"Com Vítimas Feridas";"Plena Noite";"Crescente";"Nublado";"Simples";"Reta";"Sim";2;0;1;0;1;0;1;2;-27,651848;-48,676048;"SPRF-SC";"DEL01-SC";"UOP02-DEL01-SC"
198919;2019-03-24;"domingo";"02:00:00";"PR";163;289;"MARECHAL CANDIDO RONDON";"Velocidade Incompatível";"Saída de leito carroçável";"Sem Vítimas";"Plena Noite";"Decrescente";"Céu Claro";"Simples";"Curva";"Não";1;0;0;0;0;1;0;1;-24,51717165;-54,08511706;"SPRF-PR";"DEL06-PR";"UOP02-DEL06-PR"
198921;2019-03-24;"domingo";"03:20:00";"SC";101;194,1;"BIGUACU";"Ingestão de Álcool";"Saída de leito carroçável";"Sem Vítimas";"Plena Noite";"Crescente";"Nublado";"Dupla";"Reta";"Não";2;0;0;0;2;0;0;1;-27,49815117;-48,65661236;"SPRF-SC";"DEL01-SC";"UOP01-DEL01-SC"
198922;2019-03-24;"domingo";"02:50:00";"RJ";40;115;"DUQUE DE CAXIAS";"Não guardar distância de segurança";"Colisão traseira";"Com Vítimas Feridas";"Plena Noite";"Crescente";"Céu Claro";"Múltipla";"Reta";"Não";3;0;2;0;0;1;2;2;-22,72756999;-43,2891609;"SPRF-RJ";"DEL01-RJ";"UOP01-DEL01-RJ"
198923;2019-03-24;"domingo";"01:50:00";"RO";174;18;"VILHENA";"Ingestão de Álcool";"Atropelamento de Pedestre";"Com Vítimas Feridas";"Plena Noite";"Crescente";"Céu Claro";"Simples";"Reta";"Sim";2;0;2;0;0;0;2;2;-12,6991689;-60,1173752;"SPRF-RO";"DEL04-RO";"UOP01-DEL04-RO"
198924;2019-03-24;"domingo";"01:50:00";"RJ";40;113;"DUQUE DE CAXIAS";"Falta de Atenção à Condução";"Colisão lateral";"Com Vítimas Feridas";"Plena Noite";"Decrescente";"Nublado";"Múltipla";"Reta";"Sim";2;0;1;0;1;0;1;2;-22,70948502;-43,29040354;"SPRF-RJ";"DEL01-RJ";"UOP01-DEL01-RJ"
198925;2019-03-24;"domingo";"03:45:00";"SP";381;34,6;"ATIBAIA";"Falta de Atenção à Condução";"Saída de leito carroçável";"Com Vítimas Feridas";"Plena Noite";"Crescente";"Céu Claro";"Dupla";"Curva";"Não";1;0;1;0;0;0;1;1;-23,079939;-46,569862;"SPRF-SP";"DEL03-SP";"UOP02-DEL03-SP"
198927;2019-03-24;"domingo";"04:40:00";"SP";116;202;"ARUJA";"Ingestão de Álcool";"Colisão traseira";"Sem Vítimas";"Plena Noite";"Decrescente";"Nublado";"Dupla";"Curva";"Não";2;0;0;0;1;1;0;2;-23,40809408;-46,33859597;"SPRF-SP";"DEL01-SP";"UOP02-DEL01-SP"
198928;2019-03-24;"domingo";"04:35:00";"PB";101;38,5;"MAMANGUAPE";"Falta de Atenção à Condução";"Queda de ocupante de veículo";"Com Vítimas Feridas";"Amanhecer";"Decrescente";"Céu Claro";"Simples";"Curva";"Não";1;0;0;1;0;0;1;1;-6,82583252;-35,13763547;"SPRF-PB";"DEL01-PB";"UOP04-DEL01-PB"
198929;2019-03-24;"domingo";"04:24:00";"PA";163;1002;"SANTAREM";"Não guardar distância de segurança";"Colisão traseira";"Com Vítimas Fatais";"Amanhecer";"Crescente";"Chuva";"Simples";"Reta";"Não";1;1;0;0;0;0;0;1;-2,45567004;-54,72854541;"SPRF-PA";"DEL05-PA";"UOP01-DEL05-PA"
198930;2019-03-24;"domingo";"04:15:00";"RJ";101;273,5;"TANGUA";"Animais na Pista";"Saída de leito carroçável";"Com Vítimas Feridas";"Amanhecer";"Crescente";"Céu Claro";"Dupla";"Declive";"Não";2;0;1;0;1;0;1;1;-22,7316093;-42,71051285;"SPRF-RJ";"DEL02-RJ";"UOP03-DEL02-RJ"
198931;2019-03-24;"domingo";"05:00:00";"GO";153;519,3;"HIDROLANDIA";"Falta de Atenção à Condução";"Colisão traseira";"Com Vítimas Fatais";"Plena Noite";"Decrescente";"Nublado";"Dupla";"Declive";"Não";3;1;0;1;1;0;1;2;-16,8755;-49,2523;"SPRF-GO";"DEL01-GO";"UOP03-DEL01-GO"
198932;2019-03-24;"domingo";"04:40:00";"SC";101;334,2;"TUBARAO";"Ingestão de Álcool";"Colisão frontal";"Com Vítimas Feridas";"Plena Noite";"Decrescente";"Céu Claro";"Múltipla";"Curva;Aclive";"Sim";2;0;1;1;0;0;2;2;-28,46730446;-49,00604302;"SPRF-SC";"DEL02-SC";"UOP01-DEL02-SC"
198933;2019-03-24;"domingo";"00:10:00";"RJ";101;71;"CAMPOS DOS GOYTACAZES";"Ingestão de Álcool";"Colisão frontal";"Com Vítimas Feridas";"Plena Noite";"Crescente";"Céu Claro";"Simples";"Reta";"Não";3;0;2;1;0;0;3;2;-21,78577807;-41,38139396;"SPRF-RJ";"DEL08-RJ";"UOP02-DEL08-RJ"
198934;2019-03-24;"domingo";"05:20:00";"GO";153;505,2;"GOIANIA";"Falta de Atenção à Condução";"Colisão com objeto estático";"Com Vítimas Feridas";"Plena Noite";"Crescente";"Céu Claro";"Dupla";"Reta";"Sim";1;0;0;1;0;0;1;1;-16,7537;-49,2411;"SPRF-GO";"DEL01-GO";"UOP01-DEL01-GO"
198935;2019-03-24;"domingo";"03:45:00";"MG";40;512;"RIBEIRAO DAS NEVES";"Falta de Atenção à Condução";"Capotamento";"Sem Vítimas";"Plena Noite";"Crescente";"Céu Claro";"Dupla";"Reta";"Sim";1;0;0;0;0;1;0;1;-19,78946999;-44,11290699;"SPRF-MG";"DEL01-MG";"UOP03-DEL01-MG"