"id";"data_inversa";"dia_semana";"horario";"uf";"br";"km";"municipio";"causa_acidente";"tipo_acidente";"classificacao_acidente";"fase_dia";"sentido_via";"condicao_metereologica";"tipo_pista";"tracado_via";"uso_solo";"pessoas";"mortos";"feridos_leves";"feridos_graves";"ilesos";"ignorados";"feridos";"veiculos";"latitude";"longitude";"regional";"delegacia";"uop"
198936;2019-03-24;"domingo";"06:00:00";"MG";262;67,2;"MATIPO";"Velocidade Incompatível";"Colisão com objeto estático";"Sem Vítimas";"Amanhecer";"Crescente";"Nublado";"Simples";"Curva";"Não";1;0;0;0;0;1;0;1;-20,30577418;-42,26805605;"SPRF-MG";"DEL06-MG";"UOP03-DEL06-MG"
198937;2019-03-24;"domingo";"06:00:00";"RS";470;218;"BENTO GONCALVES";"Ingestão de Álcool";"Saída de leito carroçável";"Sem Vítimas";"Amanhecer";"Decrescente";"Nublado";"Dupla";"Curva";"Não";1;0;0;0;1;0;0;1;-29,18616804;-51,52024627;"SPRF-RS";"DEL06-RS";"UOP01-DEL06-RS"
198940;2019-03-24;"domingo";"06:15:00";"CE";116;21;"ITAITINGA";"Desobediência às normas de trânsito pelo condutor";"Tombamento";"Com Vítimas Feridas";"Pleno dia";"Crescente";"Céu Claro";"Dupla";"Reta;Declive";"Sim";3;0;2;0;0;1;2;2;-3,93175901;-38,50825087;"SPRF-CE";"DEL01-CE";"UOP02-DEL01-CE"
198941;2019-03-24;"domingo";"06:25:00";"PR";116;100;"PIRAQUARA";"Falta de Atenção à Condução";"Queda de ocupante de veículo";"Com Vítimas Feridas";"Pleno dia";"Decrescente";"Céu Claro";"Dupla";"Reta";"Não";1;0;1;0;0;0;1;1;-25,53379421;-49,14663578;"SPRF-PR";"DEL01-PR";"UOP07-DEL01-PR"
198942;2019-03-24;"domingo";"06:50:00";"RJ";116;131;"MAGE";"Falta de Atenção à Condução";"Saída de leito carroçável";"Com Vítimas Feridas";"Pleno dia";"Crescente";"Céu Claro";"Dupla";"Reta";"Não";1;0;1;0;0;0;1;1;-22,650476;-43,168887;"SPRF-RJ";"DEL04-RJ";"UOP02-DEL04-RJ"
198943;2019-03-24;"domingo";"05:30:00";"RJ";116;170;"SAO JOAO DE MERITI";"Ingestão de Álcool";"Colisão com objeto estático";"Com Vítimas Feridas";"Amanhecer";"Decrescente";"Céu Claro";"Dupla";"Reta";"Sim";1;0;1;0;0;0;1;1;-22,81113183;-43,3336729;"SPRF-RJ";"DEL01-RJ";"UOP02-DEL01-RJ"
198944;2019-03-23;"sábado";"17:30:00";"MG";459;88,4;"CONGONHAL";"Falta de Atenção à Condução";"Colisão lateral";"Com Vítimas Feridas";"Anoitecer";"Decrescente";"Nublado";"Simples";"Reta";"Não";2;0;1;0;1;0;1;2;-22,161216;-46,0053;"SPRF-MG";"DEL13-MG";"UOP01-DEL13-MG"
198945;2019-03-24;"domingo";"06:40:00";"MT";70;3;"BARRA DO GARCAS";"Ingestão de Álcool";"Saída de leito carroçável";"Com Vítimas Feridas";"Amanhecer";"Crescente";"Nublado";"Dupla";"Aclive";"Sim";1;0;1;0;0;0;1;1;-15,88252843;-52,27574027;"SPRF-MT";"DEL07-MT";"UOP01-DEL07-MT"
198946;2019-03-24;"domingo";"06:45:00";"PE";101;112;"IPOJUCA";"Falta de Atenção à Condução";"Colisão com objeto estático";"Sem Vítimas";"Amanhecer";"Crescente";"Céu Claro";"Dupla";"Curva";"Não";1;0;0;0;0;1;0;1;-8,3278918;-35,119238;"SPRF-PE";"DEL01-PE";"UOP03-DEL01-PE"
198948;2019-03-24;"domingo";"07:30:00";"GO";414;415,9;"ABADIANIA";"Defeito Mecânico no Veículo";"Saída de leito carroçável";"Com Vítimas Feridas";"Pleno dia";"Crescente";"Céu Claro";"Simples";"Aclive;Reta";"Não";3;0;1;2;0;0;3;1;-16,10185605;-48,85799895;"SPRF-GO";"DEL02-GO";"UOP01-DEL02-GO"
198950;2019-03-24;"domingo";"07:35:00";"PR";376;164;"MARINGA";"Condutor Dormindo";"Saída de leito carroçável";"Com Vítimas Feridas";"Pleno dia";"Decrescente";"Céu Claro";"Dupla";"Reta";"Não";1;0;1;0;0;0;1;1;-23,38591406;-52,02449602;"SPRF-PR";"DEL07-PR";"UOP01-DEL09-PR"
198951;2019-03-24;"domingo";"05:00:00";"SC";282;377;"HERVAL DOESTE";"Ingestão de Álcool";"Saída de leito carroçável";"Com Vítimas Feridas";"Amanhecer";"Crescente";"Céu Claro";"Simples";"Curva;Declive";"Não";2;0;0;1;1;0;1;1;-27,216974;-51,470055;"SPRF-SC";"DEL07-SC";"UOP05-DEL07-SC"
198952;2019-03-24;"domingo";"07:40:00";"PA";316;93;"SAO FRANCISCO DO PARA";"Desobediência às normas de trânsito pelo condutor";"Colisão frontal";"Com Vítimas Feridas";"Pleno dia";"Crescente";"Garoa/Chuvisco";"Simples";"Reta";"Não";4;0;3;0;1;0;3;2;-1,32412974;-47,66551295;"SPRF-PA";"DEL01-PA";"UOP02-DEL01-PA"
198953;2019-03-23;"sábado";"18:30:00";"AC";364;130;"RIO BRANCO";"Falta de Atenção à Condução";"Colisão transversal";"Com Vítimas Feridas";"Plena Noite";"Decrescente";"Chuva";"Simples";"Reta";"Não";2;0;2;0;0;0;2;2;-10,0240943;-67,8369574;"SPRF-AC";"DEL01-AC";"UOP01-DEL01-AC"
198954;2019-03-24;"domingo";"07:10:00";"ES";101;267,9;"SERRA";"Falta de Atenção à Condução";"Queda de ocupante de veículo";"Com Vítimas Feridas";"Amanhecer";"Decrescente";"Nublado";"Múltipla";"Reta";"Sim";1;0;1;0;0;0;1;1;-20,19930999;-40,26884609;"SPRF-ES";"DEL02-ES";"UOP01-DEL02-ES"
198955;2019-03-24;"domingo";"08:20:00";"MG";262;376,4;"JUATUBA";"Falta de Atenção à Condução";"Colisão transversal";"Com Vítimas Feridas";"Pleno dia";"Crescente";"Céu Claro";"Dupla";"Curva";"Sim";2;0;0;1;1;0;1;2;-19,930216;-44,403211;"SPRF-MG";"DEL01-MG";"UOP03-DEL01-MG"
198956;2019-03-24;"domingo";"09:10:00";"BA";324;589;"CANDEIAS";"Fenômenos da Natureza";"Saída de leito carroçável";"Com Vítimas Feridas";"Pleno dia";"Decrescente";"Chuva";"Múltipla";"Reta";"Não";3;0;3;0;0;0;3;1;-12,66425409;-38,4707655;"SPRF-BA";"DEL01-BA";"UOP01-DEL01-BA"
198959;2019-03-24;"domingo";"09:00:00";"SC";470;54;"BLUMENAU";"Falta de Atenção à Condução";"Colisão transversal";"Sem Vítimas";"Pleno dia";"Decrescente";"Céu Claro";"Simples";"Interseção de Vias";"Sim";2;0;0;0;2;0;0;2;-26,871065;-49,110374;"SPRF-SC";"DEL04-SC";"UOP01-DEL04-SC"
198960;2019-03-24;"domingo";"08:00:00";"GO";60;47;"APARECIDA DE GOIANIA";"Ingestão de Álcool";"Colisão lateral";"Sem Vítimas";"Plena Noite";"Crescente";"Céu Claro";"Dupla";"Reta";"Sim";2;0;0;0;2;0;0;2;-16,8101;-49,2397;"SPRF-GO";"DEL01-GO";"UOP03-DEL01-GO"
198961;2019-03-24;"domingo";"09:00:00";"MG";50;51;"ARAGUARI";"Defeito Mecânico no Veículo";"Colisão traseira";"Sem Vítimas";"Pleno dia";"Crescente";"Céu Claro";"Múltipla";"Reta";"Não";3;0;0;0;2;1;0;2;-18,74433705;-48,2313459;"SPRF-MG";"DEL15-MG";"UOP02-DEL15-MG"
198962;2019-03-24;"domingo";"08:15:00";"MT";163;716,9;"SORRISO";"Falta de Atenção à Condução";"Colisão frontal";"Com Vítimas Fatais";"Pleno dia";"Crescente";"Céu Claro";"Simples";"Reta";"Não";5;2;1;0;2;0;1;4;-12,95429994;-55,86883615;"SPRF-MT";"DEL06-MT";"UOP01-DEL06-MT"
198963;2019-02-21;"quinta-feira";"07:00:00";"SC";101;44;"JOINVILLE";"Não guardar distância de segurança";"Colisão traseira";"Com Vítimas Feridas";"Pleno dia";"Decrescente";"Céu Claro";"Dupla";"Reta";"Sim";3;0;2;0;1;0;2;2;-26,349;-48,8573;"SPRF-SC";"DEL03-SC";"UOP01-DEL03-SC"
198964;2019-03-23;"sábado";"18:00:00";"PR";0;0;"CORONEL VIVIDA";"Velocidade Incompatível";"Saída de leito carroçável";"Com Vítimas Feridas";"Pleno dia";"Não Informado";"Céu Claro";"Simples";"Reta";"Não";1;0;1;0;0;0;1;1;-26,01606343;-52,57460117;"SPRF-PR";"DEL02-PR";"UOP01-DEL02-PR"
198965;2019-03-23;"sábado";"19:00:00";"BA";242;788;"BARREIRAS";"Velocidade Incompatível";"Saída de leito carroçável";"Sem Vítimas";"Pleno dia";"Decrescente";"Chuva";"Simples";"Curva";"Não";1;0;0;0;0;1;0;1;-12,13818549;-44,78146696;"SPRF-BA";"DEL10-BA";"UOP01-DEL10-BA"
198968;2019-03-24;"domingo";"10:30:00";"PI";343;13;"PARNAIBA";"Desobediência às normas de trânsito pelo condutor";"Colisão lateral";"Com Vítimas Feridas";"Pleno dia";"Decrescente";"Céu Claro";"Dupla";"Reta";"Sim";2;0;1;0;1;0;1;2;-2,919029;-41,754124;"SPRF-PI";"DEL05-PI";"UOP01-DEL05-PI"
198969;2019-03-24;"domingo";"10:10:00";"RJ";40;91,2;"PETROPOLIS";"Pista Escorregadia";"Tombamento";"Com Vítimas Feridas";"Pleno dia";"Decrescente";"Nublado";"Simples";"Curva;Aclive";"Não";2;0;2;0;0;0;2;1;-22,54903566;-43,24229724;"SPRF-RJ";"DEL06-RJ";"UOP01-DEL06-RJ"
198970;2019-03-24;"domingo";"07:50:00";"RO";429;69;"ALVORADA DOESTE";"Falta de Atenção à Condução";"Tombamento";"Com Vítimas Feridas";"Pleno dia";"Decrescente";"Nublado";"Simples";"Curva;Declive";"Não";2;0;0;1;0;1;1;2;-11,22272465;-62,14288296;"SPRF-RO";"DEL02-RO";"UOP03-DEL02-RO"
198973;2019-03-24;"domingo";"10:45:00";"SE";235;48;"ITABAIANA";"Falta de Atenção à Condução";"Colisão lateral";"Com Vítimas Feridas";"Pleno dia";"Crescente";"Céu Claro";"Simples";"Reta";"Não";2;0;1;0;1;0;1;2;-10,724387;-37,41708;"SPRF-SE";"DEL01-SE";"UOP02-DEL01-SE"
198974;2019-03-24;"domingo";"10:10:00";"MG";262;353,9;"BETIM";"Defeito Mecânico no Veículo";"Tombamento";"Com Vítimas Feridas";"Pleno dia";"Decrescente";"Nublado";"Dupla";"Aclive;Reta";"Sim";2;0;2;0;0;0;2;1;-19,95947688;-44,15416308;"SPRF-MG";"DEL01-MG";"UOP03-DEL01-MG"
198976;2019-03-24;"domingo";"10:00:00";"MG";50;157,1;"UBERABA";"Desobediência às normas de trânsito pelo condutor";"Saída de leito carroçável";"Com Vítimas Feridas";"Pleno dia";"Crescente";"Céu Claro";"Simples";"Curva;Desvio Temporário";"Não";1;0;1;0;0;0;1;1;-19,62528388;-48,01556068;"SPRF-MG";"DEL13-MG";"UOP01-DEL13-MG"
198977;2019-03-24;"domingo";"10:50:00";"SP";381;15;"BRAGANCA PAULISTA";"Objeto estático sobre o leito carroçável";"Colisão traseira";"Com Vítimas Feridas";"Pleno dia";"Decrescente";"Céu Claro";"Dupla";"Declive";"Não";4;0;2;1;1;0;3;3;-22,95158203;-46,47938872;"SPRF-SP";"DEL03-SP";"UOP02-DEL03-SP"
198978;2019-03-24;"domingo";"08:15:00";"SC";101;62;"ARAQUARI";"Falta de Atenção à Condução";"Colisão com objeto estático";"Com Vítimas Feridas";"Pleno dia";"Crescente";"Céu Claro";"Dupla";"Reta";"Não";1;0;1;0;0;0;1;1;-26,45504246;-48,76711901;"SPRF-SC";"DEL03-SC";"UOP02-DEL03-SC"
198979;2019-02-23;"sábado";"10:45:00";"PE";104;96;"AGRESTINA";"Falta de Atenção à Condução";"Colisão frontal";"Com Vítimas Feridas";"Pleno dia";"Crescente";"Céu Claro";"Simples";"Reta";"Não";2;0;1;0;1;0;1;2;-8,531186;-35,938961;"SPRF-PE";"DEL02-PE";"UOP01-DEL02-PE"
198980;2019-03-24;"domingo";"11:30:00";"MG";381;518,9;"IGARAPE";"Velocidade Incompatível";"Tombamento";"Com Vítimas Feridas";"Pleno dia";"Decrescente";"Nublado";"Dupla";"Curva";"Não";1;0;1;0;0;0;1;1;-20,12065395;-44,30242562;"SPRF-MG";"DEL01-MG";"UOP03-DEL01-MG"
198981;2019-03-24;"domingo";"12:22:00";"RS";116;153;"CAXIAS DO SUL";"Velocidade Incompatível";"Colisão com objeto estático";"Com Vítimas Feridas";"Pleno dia";"Decrescente";"Céu Claro";"Dupla";"Curva";"Sim";1;0;0;1;0;0;1;1;-29,18579758;-51,17713005;"SPRF-RS";"DEL05-RS";"UOP01-DEL05-RS"
198986;2019-03-24;"domingo";"13:00:00";"PE";232;273,6;"SERTANIA";"Falta de Atenção à Condução";"Colisão traseira";"Com Vítimas Feridas";"Pleno dia";"Crescente";"Céu Claro";"Simples";"Reta";"Não";2;0;1;0;1;0;1;2;-8,38821598;-37,24139699;"SPRF-PE";"DEL03-PE";"UOP02-DEL03-PE"
198987;2019-03-24;"domingo";"12:45:00";"ES";101;281;"SERRA";"Mal Súbito";"Saída de leito carroçável";"Com Vítimas Fatais";"Pleno dia";"Crescente";"Sol";"Dupla";"Reta";"Não";1;1;0;0;0;0;0;1;-20,22112792;-40,35720552;"SPRF-ES";"DEL02-ES";"UOP01-DEL02-ES"
198988;2019-03-24;"domingo";"12:20:00";"SC";470;2;"NAVEGANTES";"Desobediência às normas de trânsito pelo condutor";"Colisão lateral";"Com Vítimas Feridas";"Pleno dia";"Decrescente";"Sol";"Simples";"Reta";"Sim";2;0;1;0;1;0;1;2;-26,868551;-48,674831;"SPRF-SC";"DEL04-SC";"UOP04-DEL04-SC"
198989;2019-03-24;"domingo";"13:30:00";"GO";80;178;"URUACU";"Mal Súbito";"Colisão traseira";"Com Vítimas Feridas";"Pleno dia";"Crescente";"Céu Claro";"Simples";"Reta";"Não";2;0;1;0;1;0;1;2;-14,649501;-49,167501;"SPRF-GO";"DEL07-GO";"UOP02-DEL07-GO"
198990;2019-03-24;"domingo";"11:50:00";"SE";101;70;"MARUIM";"Falta de Atenção à Condução";"Capotamento";"Com Vítimas Feridas";"Pleno dia";"Crescente";"Céu Claro";"Simples";"Reta";"Não";3;0;3;0;0;0;3;1;-10,7356;-37,08768;"SPRF-SE";"DEL01-SE";"UOP01-DEL01-SE"
198991;2019-03-24;"domingo";"13:45:00";"ES";101;282;"SERRA";"Falta de Atenção à Condução";"Colisão com objeto estático";"Com Vítimas Feridas";"Pleno dia";"Crescente";"Céu Claro";"Dupla";"Reta";"Sim";1;0;1;0;0;0;1;1;-20,22694;-40,36458;"SPRF-ES";"DEL01-ES";"UOP01-DEL01-ES"
198992;2019-03-24;"domingo";"11:50:00";"RO";364;696;"PORTO VELHO";"Falta de Atenção à Condução";"Tombamento";"Com Vítimas Feridas";"Pleno dia";"Decrescente";"Nublado";"Dupla";"Reta";"Não";1;0;1;0;0;0;1;1;-8,80046614;-63,734779;"SPRF-RO";"DEL01-RO";"UOP01-DEL01-RO"
198993;2019-03-24;"domingo";"14:30:00";"MG";116;735,9;"LARANJAL";"Condutor Dormindo";"Saída de leito carroçável";"Com Vítimas Feridas";"Pleno dia";"Crescente";"Nublado";"Simples";"Reta";"Não";2;0;1;0;1;0;1;1;-21,35356993;-42,46829116;"SPRF-MG";"DEL07-MG";"UOP02-DEL07-MG"
198995;2019-03-24;"domingo";"14:00:00";"PI";343;608;"FLORIANO";"Desobediência às normas de trânsito pelo condutor";"Colisão frontal";"Com Vítimas Fatais";"Pleno dia";"Crescente";"Céu Claro";"Simples";"Reta";"Não";3;1;0;1;1;0;1;2;-6,879586;-43,122997;"SPRF-PI";"DEL03-PI";"UOP01-DEL03-PI"
198996;2019-03-24;"domingo";"12:14:00";"RJ";493;103;"SEROPEDICA";"Defeito na Via";"Saída de leito carroçável";"Com Vítimas Feridas";"Pleno dia";"Crescente";"Céu Claro";"Dupla";"Reta";"Sim";4;0;4;0;0;0;4;1;-22,78077143;-43,74979019;"SPRF-RJ";"DEL03-RJ";"UOP01-DEL03-RJ"
198997;2019-03-24;"domingo";"13:17:00";"RJ";101;295;"ITABORAI";"Falta de Atenção à Condução";"Colisão com objeto estático";"Com Vítimas Feridas";"Pleno dia";"Crescente";"Céu Claro";"Dupla";"Reta";"Sim";2;0;1;0;1;0;1;1;-22,76365068;-42,90223623;"SPRF-RJ";"DEL02-RJ";"DEL5/2-UOP04/RJ"
198998;2019-03-24;"domingo";"14:30:00";"RS";290;96;"PORTO ALEGRE";"Falta de Atenção à Condução";"Colisão lateral";"Com Vítimas Feridas";"Pleno dia";"Crescente";"Céu Claro";"Dupla";"Reta";"Sim";2;0;1;0;1;0;1;2;-29,992107;-51,204525;"SPRF-RS";"DEL01-RS";"UOP01-DEL01-RS"
198999;2019-03-24;"domingo";"11:45:00";"RJ";40;55,7;"PETROPOLIS";"Velocidade Incompatível";"Queda de ocupante de veículo";"Com Vítimas Feridas";"Pleno dia";"Crescente";"Céu Claro";"Dupla";"Curva";"Sim";1;0;1;0;0;0;1;1;-22,35382783;-43,12184226;"SPRF-RJ";"DEL06-RJ";"UOP01-DEL06-RJ"
199000;2019-03-24;"domingo";"15:08:00";"ES";393;1,7;"CACHOEIRO DE ITAPEMIRIM";"Ingestão de Álcool";"Colisão frontal";"Sem Vítimas";"Pleno dia";"Crescente";"Nublado";"Dupla";"Reta";"Sim";2;0;0;0;2;0;0;2;-20,83723289;-41,16733095;"SPRF-ES";"DEL03-ES";"UOP02-DEL03-ES"
199001;2019-03-24;"domingo";"11:10:00";"RJ";116;71,4;"TERESOPOLIS";"Velocidade Incompatível";"Colisão com objeto estático";"Com Vítimas Feridas";"Pleno dia";"Decrescente";"Céu Claro";"Simples";"Reta";"Não";1;0;1;0;0;0;1;1;-22,327388;-42,93858185;"SPRF-RJ";"DEL04-RJ";"UOP01-DEL04-RJ"
199002;2019-03-24;"domingo";"14:55:00";"RJ";101;195;"CASIMIRO DE ABREU";"Falta de Atenção à Condução";"Colisão lateral";"Sem Vítimas";"Pleno dia";"Decrescente";"Nublado";"Dupla";"Reta";"Não";2;0;0;0;2;0;0;2;-22,49220783;-42,10020136;"SPRF-RJ";"DEL02-RJ";"UOP04-DEL08-RJ"
199003;2019-03-24;"domingo";"14:15:00";"PE";104;60,6;"CARUARU";"Ingestão de Álcool";"Colisão traseira";"Sem Vítimas";"Pleno dia";"Crescente";"Nublado";"Dupla";"Curva";"Sim";2;0;0;0;1;1;0;2;-8,23656985;-35,97592642;"SPRF-PE";"DEL02-PE";"UOP01-DEL02-PE"
199005;2019-03-24;"domingo";"11:30:00";"BA";420;247;"LAJE";"Falta de Atenção à Condução";"Colisão frontal";"Com Vítimas Fatais";"Pleno dia";"Crescente";"Céu Claro";"Simples";"Curva";"Não";3;1;0;2;0;0;2;2;-13,19070958;-39,44818794;"SPRF-BA";"DEL01-BA";"UOP02-DEL01-BA"
199007;2019-03-24;"domingo";"16:00:00";"GO";153;506;"APARECIDA DE GOIANIA";"Ingestão de Álcool";"Colisão transversal";"Com Vítimas Feridas";"Pleno dia";"Crescente";"Céu Claro";"Simples";"Interseção de Vias";"Sim";4;0;2;0;2;0;2;2;-16,7633;-49,24;"SPRF-GO";"DEL01-GO";"UOP01-DEL01-GO"
199008;2019-03-24;"domingo";"15:30:00";"GO";50;105,1;"CRISTALINA";"Ingestão de Álcool";"Saída de leito carroçável";"Com Vítimas Feridas";"Pleno dia";"Crescente";"Céu Claro";"Dupla";"Curva";"Não";1;0;1;0;0;0;1;1;-16,81842652;-47,67220974;"SPRF-DF";"DEL01-DF";"UOP02-DEL01-DF"
199012;2019-03-24;"domingo";"16:20:00";"SC";470;49;"BLUMENAU";"Falta de Atenção à Condução";"Colisão traseira";"Sem Vítimas";"Pleno dia";"Decrescente";"Céu Claro";"Simples";"Reta";"Sim";2;0;0;0;2;0;0;2;-26,860662;-49,065159;"SPRF-SC";"DEL04-SC";"UOP01-DEL04-SC"
199014;2019-03-24;"domingo";"16:20:00";"SC";282;2,8;"FLORIANOPOLIS";"Falta de Atenção à Condução";"Colisão lateral";"Com Vítimas Feridas";"Pleno dia";"Decrescente";"Céu Claro";"Dupla";"Reta";"Sim";2;0;1;0;1;0;1;2;-27,603289;-48,590416;"SPRF-SC";"DEL01-SC";"UOP01-DEL01-SC"
199015;2019-03-24;"domingo";"16:30:00";"RS";470;187;"VERANOPOLIS";"Mal Súbito";"Tombamento";"Com Vítimas Feridas";"Pleno dia";"Crescente";"Céu Claro";"Simples";"Curva";"Não";2;0;2;0;0;0;2;1;-29,00751109;-51,55777697;"SPRF-RS";"DEL06-RS";"UOP02-DEL06-RS"
199016;2019-03-24;"domingo";"16:30:00";"SE";101;83;"LARANJEIRAS";"Falta de Atenção à Condução";"Colisão lateral";"Com Vítimas Feridas";"Pleno dia";"Crescente";"Sol";"Dupla";"Reta";"Não";2;0;1;0;0;1;1;2;-10,82643802;-37,13848225;"SPRF-SE";"DEL01-SE";"UOP01-DEL01-SE"
199017;2019-03-24;"domingo";"16:30:00";"SC";101;214;"PALHOCA";"Falta de Atenção à Condução";"Colisão traseira";"Com Vítimas Feridas";"Pleno dia";"Decrescente";"Céu Claro";"Dupla";"Reta";"Sim";3;0;1;0;2;0;1;2;-27,64443;-48,67057;"SPRF-SC";"DEL01-SC";"UOP02-DEL01-SC"
199018;2019-03-24;"domingo";"10:10:00";"MG";381;199,8;"PERIQUITO";"Falta de Atenção à Condução";"Colisão traseira";"Sem Vítimas";"Pleno dia";"Crescente";"Céu Claro";"Simples";"Reta";"Não";2;0;0;0;2;0;0;2;-19,16696108;-42,24582388;"SPRF-MG";"DEL06-MG";"UOP01-DEL06-MG"
199021;2019-03-24;"domingo";"16:30:00";"RJ";116;169,9;"SAO JOAO DE MERITI";"Desobediência às normas de trânsito pelo pedestre";"Colisão traseira";"Com Vítimas Feridas";"Pleno dia";"Decrescente";"Céu Claro";"Múltipla";"Reta";"Sim";2;0;0;1;1;0;1;2;-22,79580631;-43,36338043;"SPRF-RJ";"DEL01-RJ";"UOP02-DEL01-RJ"
199022;2019-03-24;"domingo";"16:20:00";"PR";277;592;"CASCAVEL";"Falta de Atenção à Condução";"Colisão frontal";"Com Vítimas Feridas";"Pleno dia";"Crescente";"Céu Claro";"Simples";"Interseção de Vias";"Sim";2;0;1;1;0;0;2;2;-24,98285697;-53,47319399;"SPRF-PR";"DEL04-PR";"UOP01-DEL04-PR"
199024;2019-03-24;"domingo";"16:00:00";"RJ";493;2;"ITABORAI";"Falta de Atenção à Condução";"Colisão lateral";"Sem Vítimas";"Pleno dia";"Crescente";"Céu Claro";"Simples";"Reta";"Sim";2;0;0;0;2;0;0;2;-22,75950214;-42,93544822;"SPRF-RJ";"DEL04-RJ";"UOP02-DEL04-RJ"
199025;2019-03-24;"domingo";"17:25:00";"PR";476;114,9;"COLOMBO";"Falta de Atenção à Condução";"Colisão transversal";"Com Vítimas Feridas";"Pleno dia";"Crescente";"Céu Claro";"Dupla";"Rotatória";"Sim";2;0;1;0;1;0;1;2;-25,335966;-49,158184;"SPRF-PR";"DEL01-PR";"UOP07-DEL01-PR"
199026;2019-03-24;"domingo";"11:10:00";"MG";116;428,2;"ALPERCATA";"Ingestão de Substâncias Psicoativas";"Colisão com objeto estático";"Com Vítimas Feridas";"Pleno dia";"Crescente";"Nublado";"Simples";"Reta";"Sim";3;0;1;0;2;0;1;3;-18,9840019;-41,98837826;"SPRF-MG";"DEL06-MG";"UOP01-DEL06-MG"
199028;2019-03-24;"domingo";"17:15:00";"RS";285;289;"PASSO FUNDO";"Não guardar distância de segurança";"Colisão traseira";"Com Vítimas Feridas";"Pleno dia";"Decrescente";"Céu Claro";"Simples";"Rotatória";"Sim";3;0;1;0;2;0;1;2;-28,23697598;-52,37575829;"SPRF-RS";"DEL08-RS";"UOP03-DEL08-RS"
199029;2019-03-24;"domingo";"16:50:00";"MG";40;530,3;"CONTAGEM";"Não guardar distância de segurança";"Colisão traseira";"Com Vítimas Feridas";"Pleno dia";"Crescente";"Céu Claro";"Dupla";"Reta";"Sim";3;0;2;0;1;0;2;2;-19,91876737;-44,02996302;"SPRF-MG";"DEL01-MG";"UOP03-DEL01-MG"
199030;2019-03-24;"domingo";"16:10:00";"SC";101;412,2;"ARARANGUA";"Avarias e/ou desgaste excessivo no pneu";"Tombamento";"Com Vítimas Feridas";"Pleno dia";"Decrescente";"Nublado";"Dupla";"Reta";"Não";2;0;2;0;0;0;2;1;-28,939333;-49,497513;"SPRF-SC";"DEL02-SC";"UOP02-DEL02-SC"
199031;2019-03-24;"domingo";"17:50:00";"PB";104;112,8;"LAGOA SECA";"Ultrapassagem Indevida";"Colisão frontal";"Com Vítimas Feridas";"Anoitecer";"Decrescente";"Céu Claro";"Simples";"Reta";"Não";4;0;0;2;0;2;2;2;-7,1450288;-35,85692679;"SPRF-PB";"DEL02-PB";"UOP04-DEL02-PB"
199032;2019-03-23;"sábado";"12:00:00";"SC";282;521,1;"IRACEMINHA";"Mal Súbito";"Saída de leito carroçável";"Com Vítimas Fatais";"Pleno dia";"Crescente";"Céu Claro";"Simples";"Curva;Declive;Em Obras";"Não";1;1;0;0;0;0;0;1;-26,79975974;-53,33545804;"SPRF-SC";"DEL07-SC";"UOP01-DEL07-SC"
199033;2019-03-24;"domingo";"12:15:00";"PR";153;124,9;"IBAITI";"Desobediência às normas de trânsito pelo condutor";"Capotamento";"Com Vítimas Feridas";"Pleno dia";"Crescente";"Céu Claro";"Simples";"Curva";"Não";1;0;1;0;0;0;1;1;-23,95615418;-50,23736625;"SPRF-PR";"DEL07-PR";"UOP04-DEL07-PR"
199034;2019-03-24;"domingo";"17:35:00";"PB";101;86,8;"JOAO PESSOA";"Ingestão de Álcool";"Saída de leito carroçável";"Com Vítimas Feridas";"Anoitecer";"Decrescente";"Céu Claro";"Dupla";"Reta";"Sim";2;0;1;1;0;0;2;1;-7,15118983;-34,91012184;"SPRF-PB";"DEL01-PB";"UOP01-DEL01-PB"
199035;2019-03-24;"domingo";"17:50:00";"SP";153;68,7;"SAO JOSE DO RIO PRETO";"Ingestão de Álcool";"Colisão com objeto estático";"Sem Vítimas";"Pleno dia";"Crescente";"Céu Claro";"Simples";"Reta;Em Obras";"Sim";2;0;0;0;2;0;0;2;-20,8505829;-49,383795;"SPRF-SP";"DEL09-SP";"UOP01-DEL09-SP"
199036;2019-03-24;"domingo";"18:10:00";"GO";60;50,5;"ALEXANIA";"Falta de Atenção à Condução";"Colisão traseira";"Com Vítimas Feridas";"Anoitecer";"Crescente";"Nublado";"Dupla";"Reta;Declive";"Não";10;0;10;0;0;0;10;2;-16,1625;-48,624;"SPRF-GO";"DEL02-GO";"UOP01-DEL02-GO"
199037;2019-03-24;"domingo";"17:55:00";"SP";116;283,7;"EMBU DAS ARTES";"Não guardar distância de segurança";"Colisão lateral";"Com Vítimas Feridas";"Anoitecer";"Decrescente";"Céu Claro";"Dupla";"Reta";"Sim";2;0;1;0;1;0;1;2;-23,69297005;-46,86352786;"SPRF-SP";"DEL04-SP";"UOP01-DEL04-SP"
199038;2019-03-24;"domingo";"18:00:00";"PR";373;223;"IMBITUVA";"Falta de Atenção à Condução";"Colisão transversal";"Com Vítimas Feridas";"Plena Noite";"Crescente";"Nublado";"Simples";"Interseção de Vias";"Não";2;0;1;0;1;0;1;2;-25,17835987;-50,60094493;"SPRF-PR";"DEL03-PR";"UOP01-DEL03-PR"
199039;2019-03-24;"domingo";"14:20:00";"BA";101;669,3;"EUNAPOLIS";"Pista Escorregadia";"Saída de leito carroçável";"Com Vítimas Feridas";"Pleno dia";"Decrescente";"Garoa/Chuvisco";"Simples";"Curva";"Não";2;0;1;1;0;0;2;1;-16,17926489;-39,60043014;"SPRF-BA";"DEL09-BA";"UOP01-DEL09-BA"