"id";"data_inversa";"dia_semana";"horario";"uf";"br";"km";"municipio";"causa_acidente";"tipo_acidente";"classificacao_acidente";"fase_dia";"sentido_via";"condicao_metereologica";"tipo_pista";"tracado_via";"uso_solo";"pessoas";"mortos";"feridos_leves";"feridos_graves";"ilesos";"ignorados";"feridos";"veiculos";"latitude";"longitude";"regional";"delegacia";"uop"
199040;2019-03-24;"domingo";"18:00:00";"AL";104;35;"UNIAO DOS PALMARES";"Desobediência às normas de trânsito pelo condutor";"Colisão frontal";"Com Vítimas Feridas";"Plena Noite";"Decrescente";"Céu Claro";"Simples";"Reta";"Sim";3;0;0;1;2;0;1;2;-9,1616676;-36,01701171;"SPRF-AL";"DEL01-AL";"UOP02-DEL01-AL"
199042;2019-03-24;"domingo";"18:50:00";"PE";101;70,4;"RECIFE";"Ingestão de Álcool";"Colisão lateral";"Sem Vítimas";"Plena Noite";"Decrescente";"Nublado";"Dupla";"Reta";"Sim";2;0;0;0;2;0;0;2;-8,073829;-34,942566;"SPRF-PE";"DEL01-PE";"UOP01-DEL01-PE"
199043;2019-03-24;"domingo";"17:30:00";"PR";277;229,9;"FERNANDES PINHEIRO";"Falta de Atenção à Condução";"Saída de leito carroçável";"Com Vítimas Feridas";"Pleno dia";"Decrescente";"Chuva";"Simples";"Curva";"Não";3;0;2;0;1;0;2;2;-25,45811601;-50,45955299;"SPRF-PR";"DEL03-PR";"UOP02-DEL08-PR"
199044;2019-03-24;"domingo";"19:00:00";"ES";101;293;"CARIACICA";"Desobediência às normas de trânsito pelo condutor";"Colisão frontal";"Com Vítimas Feridas";"Plena Noite";"Decrescente";"Céu Claro";"Múltipla";"Reta";"Sim";2;0;0;1;0;1;1;2;-20,31526144;-40,39567044;"SPRF-ES";"DEL01-ES";"UOP01-DEL01-ES"
199045;2019-03-24;"domingo";"18:20:00";"MS";262;326,2;"CAMPO GRANDE";"Falta de Atenção do Pedestre";"Atropelamento de Pedestre";"Com Vítimas Feridas";"Anoitecer";"Decrescente";"Céu Claro";"Dupla";"Reta";"Sim";2;0;0;1;0;1;1;2;-20,46867409;-54,53455902;"SPRF-MS";"DEL01-MS";"UOP01-DEL01-MS"
199049;2019-03-24;"domingo";"18:20:00";"BA";242;879;"LUIS EDUARDO MAGALHAES";"Desobediência às normas de trânsito pelo condutor";"Colisão com objeto em movimento";"Com Vítimas Fatais";"Plena Noite";"Decrescente";"Chuva";"Dupla";"Reta";"Sim";6;1;0;0;5;0;0;2;-12,087023;-45,7632;"SPRF-BA";"DEL10-BA";"UOP01-DEL10-BA"
199050;2019-03-24;"domingo";"13:30:00";"BA";116;426;"FEIRA DE SANTANA";"Ingestão de Álcool";"Colisão traseira";"Sem Vítimas";"Pleno dia";"Crescente";"Céu Claro";"Simples";"Viaduto";"Sim";2;0;0;0;2;0;0;2;-12,26850718;-38,98976153;"SPRF-BA";"DEL02-BA";"UOP01-DEL02-BA"
199052;2019-03-24;"domingo";"18:30:00";"BA";110;401;"SAO SEBASTIAO DO PASSE";"Falta de Atenção à Condução";"Capotamento";"Com Vítimas Feridas";"Plena Noite";"Decrescente";"Nublado";"Simples";"Reta";"Não";3;0;2;0;1;0;2;1;-12,50766107;-38,49626949;"SPRF-BA";"DEL01-BA";"UOP01-DEL01-BA"
199054;2019-03-24;"domingo";"18:50:00";"PR";373;176,3;"PONTA GROSSA";"Ingestão de Álcool";"Colisão traseira";"Sem Vítimas";"Plena Noite";"Crescente";"Céu Claro";"Dupla";"Interseção de Vias";"Sim";2;0;0;0;2;0;0;2;-25,06082803;-50,21845202;"SPRF-PR";"DEL03-PR";"UOP01-DEL03-PR"
199055;2019-03-24;"domingo";"19:45:00";"PR";369;4,2;"JACAREZINHO";"Desobediência às normas de trânsito pelo condutor";"Colisão transversal";"Com Vítimas Feridas";"Plena Noite";"Decrescente";"Céu Claro";"Dupla";"Reta";"Não";4;0;0;1;3;0;1;2;-23,00402653;-49,91683245;"SPRF-PR";"DEL07-PR";"UOP05-DEL07-PR"
199057;2019-03-24;"domingo";"19:00:00";"MS";163;369;"NOVA ALVORADA DO SUL";"Defeito Mecânico no Veículo";"Queda de ocupante de veículo";"Com Vítimas Feridas";"Plena Noite";"Crescente";"Céu Claro";"Dupla";"Reta";"Não";2;0;2;0;0;0;2;1;-21,42976186;-54,37996064;"SPRF-MS";"DEL02-MS";"UOP01-DEL02-MS"
199058;2019-03-24;"domingo";"19:00:00";"RJ";116;276;"BARRA MANSA";"Ingestão de álcool e/ou substâncias psicoativas pelo pedestre";"Atropelamento de Pedestre";"Com Vítimas Feridas";"Plena Noite";"Crescente";"Nublado";"Dupla";"Reta";"Sim";5;0;0;1;3;1;1;2;-22,56183393;-44,16588602;"SPRF-RJ";"DEL07-RJ";"UOP02-DEL07-RJ"
199059;2019-03-24;"domingo";"19:35:00";"CE";20;407,3;"CAUCAIA";"Falta de Atenção à Condução";"Colisão transversal";"Com Vítimas Feridas";"Plena Noite";"Decrescente";"Nublado";"Múltipla";"Declive";"Não";2;0;0;1;1;0;1;2;-3,77550046;-38,66097819;"SPRF-CE";"DEL01-CE";"UOP01-DEL01-CE"
199060;2019-03-24;"domingo";"19:45:00";"RS";285;197,1;"LAGOA VERMELHA";"Falta de Atenção à Condução";"Colisão transversal";"Com Vítimas Feridas";"Plena Noite";"Crescente";"Céu Claro";"Simples";"Reta";"Sim";4;0;2;0;2;0;2;2;-28,218493;-51,509666;"SPRF-RS";"DEL08-RS";"UOP05-DEL08-RS"
199062;2019-03-24;"domingo";"16:15:00";"MG";381;878,9;"ESTIVA";"Ingestão de Álcool";"Saída de leito carroçável";"Com Vítimas Feridas";"Pleno dia";"Crescente";"Céu Claro";"Dupla";"Reta";"Não";1;0;1;0;0;0;1;1;-22,49086793;-46,01107952;"SPRF-MG";"DEL16-MG";"UOP01-DEL16-MG"
199063;2019-03-24;"domingo";"18:20:00";"SC";470;100;"APIUNA";"Falta de Atenção à Condução";"Colisão transversal";"Com Vítimas Feridas";"Anoitecer";"Crescente";"Céu Claro";"Simples";"Reta";"Sim";2;0;1;0;1;0;1;2;-27,045143;-49,394142;"SPRF-SC";"DEL04-SC";"UOP02-DEL04-SC"
199064;2019-03-24;"domingo";"19:40:00";"MG";40;504,7;"ESMERALDAS";"Falta de Atenção do Pedestre";"Atropelamento de Pedestre";"Com Vítimas Fatais";"Plena Noite";"Decrescente";"Céu Claro";"Dupla";"Reta";"Sim";4;2;0;0;2;0;0;4;-19,7376225;-44,14993286;"SPRF-MG";"DEL02-MG";"UOP01-DEL02-MG"
199066;2019-03-24;"domingo";"18:35:00";"PR";476;233;"LAPA";"Ingestão de Álcool";"Saída de leito carroçável";"Sem Vítimas";"Anoitecer";"Decrescente";"Céu Claro";"Simples";"Curva";"Não";1;0;0;0;1;0;0;1;-25,882042;-50,008629;"SPRF-PR";"DEL02-PR";"UOP04-DEL02-PR"
199067;2019-03-24;"domingo";"19:15:00";"GO";60;201,3;"GUAPO";"Velocidade Incompatível";"Colisão com objeto estático";"Com Vítimas Feridas";"Anoitecer";"Crescente";"Céu Claro";"Dupla";"Reta;Declive";"Não";1;0;1;0;0;0;1;1;-16,8815;-49,6179;"SPRF-GO";"DEL01-GO";"UOP02-DEL01-GO"
199068;2019-03-24;"domingo";"17:15:00";"SC";280;48,2;"GUARAMIRIM";"Ingestão de Álcool";"Colisão transversal";"Com Vítimas Feridas";"Pleno dia";"Crescente";"Sol";"Simples";"Reta";"Não";3;0;1;0;2;0;1;2;-26,45591629;-48,93005848;"SPRF-SC";"DEL03-SC";"UOP03-DEL03-SC"
199070;2019-03-24;"domingo";"19:10:00";"RS";392;59,9;"PELOTAS";"Não guardar distância de segurança";"Colisão traseira";"Com Vítimas Feridas";"Plena Noite";"Decrescente";"Nublado";"Simples";"Ponte";"Não";2;0;1;0;1;0;1;2;-31,78994401;-52,34800816;"SPRF-RS";"DEL07-RS";"UOP02-DEL07-RS"
199072;2019-03-22;"sexta-feira";"07:30:00";"RJ";116;272;"BARRA MANSA";"Falta de Atenção à Condução";"Queda de ocupante de veículo";"Com Vítimas Feridas";"Pleno dia";"Crescente";"Nublado";"Dupla";"Curva";"Não";1;0;1;0;0;0;1;1;-22,55606865;-44,13021704;"SPRF-RJ";"DEL07-RJ";"UOP02-DEL07-RJ"
199073;2019-03-24;"domingo";"19:40:00";"RJ";101;60;"CAMPOS DOS GOYTACAZES";"Falta de Atenção à Condução";"Colisão transversal";"Com Vítimas Feridas";"Plena Noite";"Decrescente";"Céu Claro";"Simples";"Reta";"Sim";3;0;2;0;1;0;2;2;-21,74908605;-41,33632461;"SPRF-RJ";"DEL08-RJ";"UOP01-DEL08-RJ"
199076;2019-03-24;"domingo";"20:10:00";"RS";386;158;"ALMIRANTE TAMANDARE DO SUL";"Falta de Atenção à Condução";"Saída de leito carroçável";"Com Vítimas Feridas";"Plena Noite";"Crescente";"Céu Claro";"Simples";"Curva";"Não";1;0;1;0;0;0;1;1;-28,142254;-52,845757;"SPRF-RS";"DEL08-RS";"UOP01-DEL08-RS"
199077;2019-03-24;"domingo";"19:15:00";"RJ";101;303;"SAO GONCALO";"Desobediência às normas de trânsito pelo condutor";"Capotamento";"Com Vítimas Feridas";"Plena Noite";"Decrescente";"Céu Claro";"Dupla";"Reta";"Sim";2;0;1;0;1;0;1;1;-22,7828205;-42,9766681;"SPRF-RJ";"DEL02-RJ";"DEL5/2-UOP04/RJ"
199078;2019-03-24;"domingo";"20:10:00";"SC";280;57;"GUARAMIRIM";"Ingestão de Álcool";"Colisão traseira";"Sem Vítimas";"Plena Noite";"Crescente";"Céu Claro";"Simples";"Reta";"Não";2;0;0;0;2;0;0;2;-26,47811421;-49,01259213;"SPRF-SC";"DEL03-SC";"UOP03-DEL03-SC"
199079;2019-03-24;"domingo";"19:30:00";"SP";459;25,3;"LORENA";"Falta de Atenção à Condução";"Colisão transversal";"Com Vítimas Feridas";"Plena Noite";"Decrescente";"Nublado";"Simples";"Reta";"Não";2;0;1;0;1;0;1;2;-22,686485;-45,128445;"SPRF-SP";"DEL08-SP";"UOP03-DEL08-SP"
199080;2019-03-24;"domingo";"20:45:00";"BA";116;421;"FEIRA DE SANTANA";"Condutor Dormindo";"Colisão com objeto estático";"Com Vítimas Feridas";"Plena Noite";"Crescente";"Nublado";"Múltipla";"Reta";"Sim";2;0;0;2;0;0;2;1;-12,21025741;-38,96567345;"SPRF-BA";"DEL02-BA";"UOP01-DEL02-BA"
199082;2019-03-24;"domingo";"19:00:00";"MG";381;334;"NOVA ERA";"Desobediência às normas de trânsito pelo condutor";"Colisão transversal";"Com Vítimas Feridas";"Plena Noite";"Crescente";"Céu Claro";"Dupla";"Reta";"Não";3;0;1;2;0;0;3;2;-19,81025584;-43,06303471;"SPRF-MG";"DEL03-MG";"UOP01-DEL03-MG"
199083;2019-03-24;"domingo";"18:40:00";"PE";232;129;"CARUARU";"Falta de Atenção do Pedestre";"Atropelamento de Pedestre";"Com Vítimas Feridas";"Pleno dia";"Crescente";"Céu Claro";"Dupla";"Reta";"Sim";2;0;1;0;1;0;1;2;-8,30193507;-35,98092002;"SPRF-PE";"DEL02-PE";"UOP03-DEL02-PE"
199085;2019-03-24;"domingo";"18:25:00";"MG";262;65,2;"MATIPO";"Falta de Atenção à Condução";"Colisão traseira";"Com Vítimas Feridas";"Plena Noite";"Crescente";"Nublado";"Simples";"Reta";"Não";2;0;0;1;1;0;1;2;-20,29814971;-42,25292916;"SPRF-MG";"DEL06-MG";"UOP03-DEL06-MG"
199086;2019-03-20;"quarta-feira";"20:00:00";"MG";153;57;"MONTE ALEGRE DE MINAS";"Velocidade Incompatível";"Saída de leito carroçável";"Sem Vítimas";"Plena Noite";"Crescente";"Céu Claro";"Dupla";"Reta";"Não";1;0;0;0;0;1;0;1;-18,87131545;-49,0623664;"SPRF-MG";"DEL15-MG";"UOP03-DEL15-MG"
199087;2019-03-24;"domingo";"21:30:00";"SC";101;195,1;"BIGUACU";"Ingestão de Álcool";"Colisão traseira";"Sem Vítimas";"Plena Noite";"Decrescente";"Céu Claro";"Dupla";"Reta";"Não";2;0;0;0;2;0;0;2;-27,5047092;-48,65010819;"SPRF-SC";"DEL01-SC";"UOP01-DEL01-SC"
199088;2019-03-24;"domingo";"21:15:00";"PR";277;3;"PARANAGUA";"Ingestão de Álcool";"Atropelamento de Pedestre";"Com Vítimas Feridas";"Plena Noite";"Crescente";"Céu Claro";"Múltipla";"Reta";"Sim";2;0;1;0;1;0;1;2;-25,568198;-48,615292;"SPRF-PR";"DEL01-PR";"UOP05-DEL01-PR"
199089;2019-03-24;"domingo";"20:30:00";"SP";381;38;"ATIBAIA";"Desobediência às normas de trânsito pelo pedestre";"Atropelamento de Pedestre";"Com Vítimas Feridas";"Plena Noite";"Decrescente";"Céu Claro";"Múltipla";"Reta";"Sim";2;0;0;1;1;0;1;2;-23,1133221;-46,57174974;"SPRF-SP";"DEL03-SP";"UOP01-DEL03-SP"
199090;2019-03-24;"domingo";"21:05:00";"CE";20;428;"FORTALEZA";"Velocidade Incompatível";"Saída de leito carroçável";"Sem Vítimas";"Plena Noite";"Crescente";"Nublado";"Dupla";"Curva";"Não";1;0;0;0;1;0;0;1;-3,860594;-38,536718;"SPRF-CE";"DEL01-CE";"UOP02-DEL01-CE"
199093;2019-03-24;"domingo";"22:20:00";"RS";116;0;"PORTO ALEGRE";"Falta de Atenção à Condução";"Colisão traseira";"Com Vítimas Feridas";"Plena Noite";"Decrescente";"Céu Claro";"Dupla";"Reta";"Sim";2;0;1;0;1;0;1;2;-29,9704083;-51,17639393;"SPRF-RS";"DEL05-RS";"UOP03-DEL05-RS"
199094;2019-03-24;"domingo";"20:30:00";"MG";262;447,5;"NOVA SERRANA";"Pista Escorregadia";"Saída de leito carroçável";"Com Vítimas Feridas";"Plena Noite";"Decrescente";"Chuva";"Simples";"Reta";"Não";1;0;1;0;0;0;1;1;-19,85605416;-45,01656532;"SPRF-MG";"DEL08-MG";"UOP03-DEL08-MG"
199095;2019-03-24;"domingo";"21:00:00";"RJ";101;206;"CASIMIRO DE ABREU";"Ingestão de Álcool";"Atropelamento de Pedestre";"Com Vítimas Feridas";"Plena Noite";"Crescente";"Nublado";"Simples";"Interseção de Vias";"Sim";2;0;1;0;1;0;1;2;-22,47673341;-42,2017251;"SPRF-RJ";"DEL02-RJ";"UOP04-DEL08-RJ"
199096;2019-03-24;"domingo";"22:15:00";"RS";116;241;"NOVO HAMBURGO";"Avarias e/ou desgaste excessivo no pneu";"Tombamento";"Com Vítimas Feridas";"Plena Noite";"Crescente";"Nublado";"Múltipla";"Reta";"Não";2;0;2;0;0;0;2;1;-29,71396796;-51,1476744;"SPRF-RS";"DEL01-RS";"UOP02-DEL01-RS"
199097;2019-03-24;"domingo";"22:15:00";"BA";324;621;"SALVADOR";"Fenômenos da Natureza";"Capotamento";"Com Vítimas Feridas";"Plena Noite";"Decrescente";"Nublado";"Dupla";"Reta";"Sim";1;0;1;0;0;0;1;1;-12,91233708;-38,45956983;"SPRF-BA";"DEL01-BA";"UOP01-DEL01-BA"
199098;2019-03-24;"domingo";"20:20:00";"RO";364;374,9;"OURO PRETO DO OESTE";"Fenômenos da Natureza";"Queda de ocupante de veículo";"Com Vítimas Feridas";"Plena Noite";"Crescente";"Chuva";"Simples";"Reta";"Não";1;0;1;0;0;0;1;1;-10,73903309;-62,18624722;"SPRF-RO";"DEL02-RO";"UOP01-DEL02-RO"
199099;2019-03-24;"domingo";"22:18:00";"PE";232;145;"SAO CAITANO";"Velocidade Incompatível";"Colisão com objeto estático";"Com Vítimas Feridas";"Plena Noite";"Crescente";"Céu Claro";"Dupla";"Rotatória";"Não";4;0;0;1;0;3;1;4;-8,32868;-36,120811;"SPRF-PE";"DEL02-PE";"UOP03-DEL02-PE"
199100;2019-03-24;"domingo";"21:30:00";"RJ";116;175;"NOVA IGUACU";"Desobediência às normas de trânsito pelo condutor";"Queda de ocupante de veículo";"Com Vítimas Feridas";"Plena Noite";"Crescente";"Céu Claro";"Múltipla";"Reta";"Sim";1;0;0;1;0;0;1;1;-22,78923555;-43,37275272;"SPRF-RJ";"DEL01-RJ";"UOP02-DEL01-RJ"
199101;2019-03-24;"domingo";"20:30:00";"SC";280;202,7;"MAFRA";"Falta de Atenção do Pedestre";"Atropelamento de Pedestre";"Com Vítimas Fatais";"Plena Noite";"Decrescente";"Céu Claro";"Simples";"Reta";"Não";2;1;0;0;1;0;0;2;-26,1696856;-50,09236594;"SPRF-SC";"DEL06-SC";"UOP01-DEL06-SC"
199102;2019-03-24;"domingo";"23:00:00";"RN";101;94;"NATAL";"Não guardar distância de segurança";"Colisão traseira";"Com Vítimas Feridas";"Plena Noite";"Crescente";"Céu Claro";"Múltipla";"Reta";"Sim";3;0;1;0;2;0;1;2;-5,83176615;-35,21191342;"SPRF-RN";"DEL01-RN";"UOP01-DEL01-RN"
199104;2019-03-24;"domingo";"22:30:00";"RJ";493;0,7;"ITABORAI";"Desobediência às normas de trânsito pelo condutor";"Colisão lateral";"Com Vítimas Feridas";"Plena Noite";"Decrescente";"Nublado";"Simples";"Reta";"Sim";7;0;1;0;5;1;1;3;-22,767155;-42,92262023;"SPRF-RJ";"DEL04-RJ";"UOP02-DEL04-RJ"
199105;2019-03-24;"domingo";"16:00:00";"MT";163;812;"SINOP";"Falta de Atenção à Condução";"Queda de ocupante de veículo";"Com Vítimas Feridas";"Pleno dia";"Crescente";"Céu Claro";"Simples";"Reta";"Não";2;0;2;0;0;0;2;1;-12,18814067;-55,53087854;"SPRF-MT";"DEL06-MT";"UOP01-DEL06-MT"
199106;2019-03-24;"domingo";"22:30:00";"PR";369;176;"ROLANDIA";"Desobediência às normas de trânsito pelo pedestre";"Atropelamento de Pedestre";"Com Vítimas Feridas";"Plena Noite";"Crescente";"Céu Claro";"Simples";"Reta;Interseção de Vias";"Sim";3;0;0;1;1;1;1;2;-23,33690232;-51,38832266;"SPRF-PR";"DEL07-PR";"UOP01-DEL07-PR"
199107;2019-03-24;"domingo";"20:30:00";"PB";230;477;"MARIZOPOLIS";"Falta de Atenção à Condução";"Colisão traseira";"Com Vítimas Feridas";"Plena Noite";"Crescente";"Nublado";"Simples";"Declive";"Não";6;0;0;6;0;0;6;2;-6,8432;-38,3351;"SPRF-PB";"DEL03-PB";"UOP03-DEL03-PB"
199108;2019-03-24;"domingo";"20:30:00";"SC";116;215,6;"PONTE ALTA";"Defeito Mecânico no Veículo";"Queda de ocupante de veículo";"Com Vítimas Feridas";"Plena Noite";"Decrescente";"Nublado";"Simples";"Reta";"Não";2;0;1;1;0;0;2;1;-27,538325;-50,376366;"SPRF-SC";"DEL05-SC";"UOP03-DEL05-SC"
199109;2019-03-24;"domingo";"23:00:00";"RS";471;168;"RIO PARDO";"Ingestão de Álcool";"Colisão frontal";"Com Vítimas Feridas";"Plena Noite";"Crescente";"Nublado";"Simples";"Reta";"Não";2;0;1;0;1;0;1;2;-29,971069;-52,370651;"SPRF-RS";"DEL02-RS";"UOP02-DEL02-RS"
199110;2019-03-24;"domingo";"21:30:00";"RJ";116;37,6;"SAPUCAIA";"Ingestão de Álcool";"Colisão frontal";"Com Vítimas Feridas";"Plena Noite";"Crescente";"Céu Claro";"Simples";"Aclive;Reta";"Não";3;0;0;1;2;0;1;2;-22,10884271;-42,78535659;"SPRF-RJ";"DEL04-RJ";"UOP01-DEL04-RJ"
199111;2019-03-24;"domingo";"21:45:00";"SC";282;507;"XANXERE";"Falta de Atenção à Condução";"Colisão lateral";"Com Vítimas Feridas";"Plena Noite";"Crescente";"Céu Claro";"Dupla";"Interseção de Vias";"Sim";3;0;0;1;1;1;1;3;-26,886171;-52,43911;"SPRF-SC";"DEL07-SC";"UOP01-DEL07-SC"
199112;2019-03-24;"domingo";"21:00:00";"SC";282;518,6;"XAXIM";"Falta de Atenção à Condução";"Saída de leito carroçável";"Sem Vítimas";"Plena Noite";"Decrescente";"Céu Claro";"Simples";"Curva";"Não";1;0;0;0;1;0;0;1;-26,94540873;-52,51280308;"SPRF-SC";"DEL07-SC";"UOP01-DEL07-SC"
199116;2019-03-24;"domingo";"16:00:00";"MT";364;484;"JANGADA";"Ingestão de Álcool";"Saída de leito carroçável";"Sem Vítimas";"Pleno dia";"Decrescente";"Sol";"Simples";"Reta";"Não";1;0;0;0;1;0;0;1;-15,37386488;-56,40350683;"SPRF-MT";"DEL01-MT";"DEL2/4-UOP02/MT"
199117;2019-03-25;"segunda-feira";"00:00:00";"SC";101;206,1;"SAO JOSE";"Não guardar distância de segurança";"Colisão traseira";"Com Vítimas Feridas";"Plena Noite";"Decrescente";"Nublado";"Múltipla";"Reta";"Sim";2;0;1;0;0;1;1;2;-27,59193546;-48,61824557;"SPRF-SC";"DEL01-SC";"UOP01-DEL01-SC"
199118;2019-03-24;"domingo";"21:30:00";"MG";116;802,7;"ALEM PARAIBA";"Falta de Atenção à Condução";"Colisão com objeto estático";"Com Vítimas Feridas";"Plena Noite";"Crescente";"Ignorado";"Simples";"Ponte;Reta";"Não";1;0;0;1;0;0;1;1;-21,78236392;-42,72264454;"SPRF-MG";"DEL07-MG";"UOP01-DEL07-MG"
199119;2019-03-25;"segunda-feira";"00:30:00";"PE";407;124;"PETROLINA";"Ingestão de Álcool";"Colisão com objeto estático";"Com Vítimas Feridas";"Plena Noite";"Crescente";"Céu Claro";"Simples";"Curva";"Sim";1;0;0;1;0;0;1;1;-9,36929881;-40,54137139;"SPRF-PE";"DEL06-PE";"UOP01-DEL06-PE"
199121;2019-03-24;"domingo";"23:45:00";"SC";282;345,5;"CAMPOS NOVOS";"Ingestão de Álcool";"Colisão com objeto estático";"Com Vítimas Feridas";"Plena Noite";"Crescente";"Céu Claro";"Simples";"Reta";"Não";2;0;0;2;0;0;2;1;-27,374619;-51,247044;"SPRF-SC";"DEL07-SC";"UOP06-DEL07-SC"
199122;2019-03-25;"segunda-feira";"00:50:00";"PI";343;4,6;"TERESINA";"Ingestão de Álcool";"Colisão traseira";"Com Vítimas Feridas";"Plena Noite";"Crescente";"Chuva";"Múltipla";"Ponte";"Sim";2;0;1;0;1;0;1;2;-5,0825659;-42,79483795;"SPRF-PI";"DEL01-PI";"UOP01-DEL01-PI"
199124;2019-03-24;"domingo";"19:30:00";"BA";242;331;"LENCOIS";"Falta de Atenção à Condução";"Atropelamento de Pedestre";"Com Vítimas Fatais";"Plena Noite";"Decrescente";"Chuva";"Simples";"Reta";"Não";2;1;0;0;1;0;0;2;-12,49073063;-41,15861911;"SPRF-BA";"DEL06-BA";"UOP01-DEL06-BA"
199126;2019-03-25;"segunda-feira";"03:25:00";"RS";386;351,2;"ESTRELA";"Condutor Dormindo";"Saída de leito carroçável";"Com Vítimas Feridas";"Plena Noite";"Decrescente";"Céu Claro";"Dupla";"Reta;Declive";"Não";1;0;1;0;0;0;1;1;-29,49381257;-51,95099831;"SPRF-RS";"DEL04-RS";"UOP01-DEL04-RS"
199127;2019-03-25;"segunda-feira";"00:25:00";"MG";262;19,9;"REDUTO";"Ingestão de Álcool";"Colisão frontal";"Com Vítimas Feridas";"Plena Noite";"Crescente";"Céu Claro";"Simples";"Curva";"Não";6;0;3;3;0;0;6;2;-20,24812441;-41,90211694;"SPRF-MG";"DEL06-MG";"UOP03-DEL06-MG"
199130;2019-03-25;"segunda-feira";"02:00:00";"BA";367;28,6;"PORTO SEGURO";"Ingestão de Álcool";"Colisão lateral";"Sem Vítimas";"Plena Noite";"Decrescente";"Céu Claro";"Simples";"Curva";"Não";3;0;0;0;3;0;0;2;-16,41760283;-39,10888793;"SPRF-BA";"DEL09-BA";"UOP01-DEL09-BA"
199133;2019-03-25;"segunda-feira";"05:00:00";"SE";101;180,6;"UMBAUBA";"Ingestão de Álcool";"Queda de ocupante de veículo";"Com Vítimas Feridas";"Amanhecer";"Crescente";"Nublado";"Simples";"Reta";"Não";1;0;0;1;0;0;1;1;-11,36478008;-37,63993699;"SPRF-SE";"DEL02-SE";"UOP03-DEL02-SE"
199134;2019-03-25;"segunda-feira";"06:00:00";"SC";282;17;"PALHOCA";"Falta de Atenção à Condução";"Colisão traseira";"Sem Vítimas";"Amanhecer";"Decrescente";"Céu Claro";"Simples";"Reta";"Não";3;0;0;0;3;0;0;3;-27,665707;-48,688065;"SPRF-SC";"DEL01-SC";"UOP02-DEL01-SC"
199135;2019-03-25;"segunda-feira";"01:15:00";"GO";153;510;"APARECIDA DE GOIANIA";"Defeito Mecânico no Veículo";"Tombamento";"Com Vítimas Feridas";"Plena Noite";"Decrescente";"Nublado";"Dupla";"Reta";"Sim";2;0;1;1;0;0;2;1;-16,7977;-49,2386;"SPRF-GO";"DEL01-GO";"UOP03-DEL01-GO"
199136;2019-03-25;"segunda-feira";"06:00:00";"TO";153;154;"ARAGUAINA";"Falta de Atenção à Condução";"Atropelamento de Pedestre";"Com Vítimas Feridas";"Amanhecer";"Crescente";"Nublado";"Simples";"Reta";"Não";2;0;2;0;0;0;2;2;-7,27973969;-48,27188825;"SPRF-TO";"DEL02-TO";"UOP01-DEL02-TO"
199137;2019-03-25;"segunda-feira";"06:30:00";"SC";282;17;"PALHOCA";"Falta de Atenção à Condução";"Colisão traseira";"Com Vítimas Feridas";"Amanhecer";"Decrescente";"Céu Claro";"Simples";"Reta";"Não";2;0;1;0;1;0;1;2;-27,665707;-48,688065;"SPRF-SC";"DEL01-SC";"UOP02-DEL01-SC"
199139;2019-03-24;"domingo";"22:50:00";"RS";392;5,2;"RIO GRANDE";"Falta de Atenção à Condução";"Colisão lateral";"Sem Vítimas";"Plena Noite";"Crescente";"Céu Claro";"Simples";"Reta";"Não";3;0;0;0;3;0;0;2;-32,07687877;-52,10166627;"SPRF-RS";"DEL07-RS";"UOP02-DEL07-RS"
199140;2019-03-25;"segunda-feira";"03:40:00";"SC";282;587,5;"SAUDADES";"Ingestão de Álcool";"Saída de leito carroçável";"Sem Vítimas";"Plena Noite";"Decrescente";"Céu Claro";"Simples";"Curva";"Não";1;0;0;0;1;0;0;1;-26,830677;-53,04443;"SPRF-SC";"DEL07-SC";"UOP02-DEL07-SC"
199143;2019-03-25;"segunda-feira";"07:00:00";"RS";116;514,1;"PELOTAS";"Defeito Mecânico no Veículo";"Colisão com objeto estático";"Com Vítimas Feridas";"Pleno dia";"Crescente";"Céu Claro";"Simples";"Reta";"Sim";1;0;1;0;0;0;1;1;-31,65213506;-52,33684672;"SPRF-RS";"DEL07-RS";"UOP01-DEL07-RS"
199144;2019-03-24;"domingo";"23:00:00";"BA";330;804;"UBATA";"Falta de Atenção à Condução";"Saída de leito carroçável";"Com Vítimas Feridas";"Plena Noite";"Crescente";"Chuva";"Simples";"Curva";"Sim";6;0;5;1;0;0;6;2;-14,21069;-39,523425;"SPRF-BA";"DEL03-BA";"UOP01-DEL03-BA"
199145;2019-03-25;"segunda-feira";"07:30:00";"SC";101;199;"BIGUACU";"Desobediência às normas de trânsito pelo condutor";"Colisão transversal";"Com Vítimas Feridas";"Pleno dia";"Crescente";"Céu Claro";"Dupla";"Reta";"Não";2;0;0;1;1;0;1;2;-27,53413705;-48,63003205;"SPRF-SC";"DEL01-SC";"UOP01-DEL01-SC"
199147;2019-03-25;"segunda-feira";"07:45:00";"PR";376;178;"MARINGA";"Falta de Atenção à Condução";"Colisão com objeto estático";"Com Vítimas Feridas";"Pleno dia";"Crescente";"Céu Claro";"Dupla";"Reta";"Não";2;0;0;1;0;1;1;2;-23,41690334;-51,92046404;"SPRF-PR";"DEL07-PR";"UOP01-DEL09-PR"