"id";"data_inversa";"dia_semana";"horario";"uf";"br";"km";"municipio";"causa_acidente";"tipo_acidente";"classificacao_acidente";"fase_dia";"sentido_via";"condicao_metereologica";"tipo_pista";"tracado_via";"uso_solo";"pessoas";"mortos";"feridos_leves";"feridos_graves";"ilesos";"ignorados";"feridos";"veiculos";"latitude";"longitude";"regional";"delegacia";"uop"
199148;2019-03-25;"segunda-feira";"07:50:00";"PR";277;591;"CASCAVEL";"Desobediência às normas de trânsito pelo condutor";"Tombamento";"Com Vítimas Feridas";"Pleno dia";"Crescente";"Céu Claro";"Simples";"Reta";"Sim";1;0;1;0;0;0;1;1;-24,98473242;-53,46501885;"SPRF-PR";"DEL04-PR";"UOP01-DEL04-PR"
199150;2019-03-25;"segunda-feira";"07:00:00";"GO";60;31;"ALEXANIA";"Animais na Pista";"Atropelamento de Animal";"Com Vítimas Feridas";"Pleno dia";"Decrescente";"Nublado";"Dupla";"Reta";"Sim";1;0;1;0;0;0;1;1;-16,0963;-48,5202;"SPRF-DF";"DEL01-DF";"UOP01-DEL03-DF"
199151;2019-03-25;"segunda-feira";"07:30:00";"PE";316;21,9;"ARARIPINA";"Desobediência às normas de trânsito pelo condutor";"Colisão transversal";"Com Vítimas Feridas";"Pleno dia";"Crescente";"Nublado";"Simples";"Reta";"Sim";3;0;1;0;1;1;1;2;-7,56839315;-40,52717307;"SPRF-PE";"DEL05-PE";"UOP02-DEL05-PE"
199152;2019-03-25;"segunda-feira";"07:50:00";"SC";101;208,6;"SAO JOSE";"Velocidade Incompatível";"Tombamento";"Com Vítimas Feridas";"Pleno dia";"Crescente";"Céu Claro";"Dupla";"Túnel";"Sim";1;0;1;0;0;0;1;1;-27,6056666;-48,63141537;"SPRF-SC";"DEL01-SC";"UOP01-DEL01-SC"
199153;2019-03-25;"segunda-feira";"06:35:00";"SC";280;102,2;"SAO BENTO DO SUL";"Restrição de Visibilidade";"Colisão lateral";"Com Vítimas Feridas";"Amanhecer";"Crescente";"Nevoeiro/Neblina";"Simples";"Reta";"Não";4;0;4;0;0;0;4;2;-26,37158361;-49,33137101;"SPRF-SC";"DEL06-SC";"UOP03-DEL06-SC"
199155;2019-03-25;"segunda-feira";"07:30:00";"BA";135;180;"RIACHAO DAS NEVES";"Animais na Pista";"Atropelamento de Animal";"Com Vítimas Feridas";"Pleno dia";"Crescente";"Chuva";"Simples";"Reta";"Não";2;0;1;0;1;0;1;1;-11,6320099;-44,84833423;"SPRF-BA";"DEL10-BA";"UOP01-DEL10-BA"
199157;2019-03-25;"segunda-feira";"08:20:00";"ES";262;1,4;"CARIACICA";"Falta de Atenção do Pedestre";"Atropelamento de Pedestre";"Com Vítimas Feridas";"Pleno dia";"Decrescente";"Céu Claro";"Dupla";"Reta";"Sim";4;0;1;1;1;1;2;3;-20,32955204;-40,35492602;"SPRF-ES";"DEL01-ES";"UOP01-DEL01-ES"
199158;2019-03-25;"segunda-feira";"08:25:00";"SC";101;215;"PALHOCA";"Falta de Atenção à Condução";"Colisão lateral";"Com Vítimas Feridas";"Pleno dia";"Decrescente";"Sol";"Dupla";"Curva";"Sim";3;0;2;0;1;0;2;2;-27,65184843;-48,67604941;"SPRF-SC";"DEL01-SC";"UOP02-DEL01-SC"
199159;2019-03-25;"segunda-feira";"08:30:00";"PR";476;94,1;"BOCAIUVA DO SUL";"Falta de Atenção à Condução";"Colisão transversal";"Com Vítimas Feridas";"Pleno dia";"Crescente";"Céu Claro";"Simples";"Reta";"Sim";3;0;2;0;1;0;2;2;-25,21765711;-49,11534548;"SPRF-PR";"DEL01-PR";"UOP07-DEL01-PR"
199160;2019-03-25;"segunda-feira";"07:40:00";"BA";116;827,3;"VITORIA DA CONQUISTA";"Não guardar distância de segurança";"Engavetamento";"Com Vítimas Feridas";"Pleno dia";"Decrescente";"Céu Claro";"Simples";"Reta";"Sim";3;0;1;0;2;0;1;3;-14,88643;-40,85953;"SPRF-BA";"DEL08-BA";"UOP01-DEL08-BA"
199163;2019-03-25;"segunda-feira";"08:50:00";"PE";232;90,9;"SAIRE";"Defeito Mecânico no Veículo";"Colisão com objeto estático";"Com Vítimas Feridas";"Pleno dia";"Crescente";"Nublado";"Dupla";"Reta";"Não";1;0;1;0;0;0;1;1;-8,2172915;-35,65572305;"SPRF-PE";"DEL01-PE";"UOP02-DEL02PE"
199164;2019-03-25;"segunda-feira";"08:05:00";"PB";104;129,5;"QUEIMADAS";"Não guardar distância de segurança";"Engavetamento";"Com Vítimas Feridas";"Amanhecer";"Decrescente";"Céu Claro";"Simples";"Reta";"Sim";4;0;1;0;3;0;1;4;-7,31674795;-35,89500926;"SPRF-PB";"DEL02-PB";"UOP01-DEL02-PB"
199165;2019-03-20;"quarta-feira";"18:30:00";"CE";222;297,8;"TIANGUA";"Velocidade Incompatível";"Saída de leito carroçável";"Com Vítimas Feridas";"Plena Noite";"Decrescente";"Chuva";"Simples";"Curva;Declive";"Não";2;0;1;1;0;0;2;1;-3,65826065;-40,92482891;"SPRF-CE";"DEL04-CE";"UOP02-DEL04-CE"
199166;2019-03-25;"segunda-feira";"06:40:00";"MG";40;530;"CONTAGEM";"Agressão Externa";"Colisão traseira";"Com Vítimas Feridas";"Pleno dia";"Crescente";"Céu Claro";"Dupla";"Reta;Aclive";"Sim";2;0;1;0;1;0;1;2;-19,92064782;-44,0335681;"SPRF-MG";"DEL01-MG";"UOP03-DEL01-MG"
199167;2019-03-25;"segunda-feira";"08:23:00";"RJ";116;163,4;"RIO DE JANEIRO";"Falta de Atenção à Condução";"Colisão lateral";"Com Vítimas Feridas";"Pleno dia";"Decrescente";"Nublado";"Dupla";"Curva";"Sim";2;0;1;0;1;0;1;2;-22,802729;-43,290424;"SPRF-RJ";"DEL01-RJ";"UOP02-DEL01-RJ"
199169;2019-03-25;"segunda-feira";"07:20:00";"PB";230;19;"JOAO PESSOA";"Falta de Atenção à Condução";"Tombamento";"Com Vítimas Feridas";"Pleno dia";"Crescente";"Céu Claro";"Dupla";"Reta";"Sim";1;0;1;0;0;0;1;1;-7,1281;-34,8466;"SPRF-PB";"DEL01-PB";"UOP01-DEL01-PB"
199171;2019-03-25;"segunda-feira";"08:16:00";"RO";364;343;"JI-PARANA";"Falta de Atenção do Pedestre";"Atropelamento de Pedestre";"Com Vítimas Feridas";"Pleno dia";"Crescente";"Sol";"Dupla";"Reta";"Sim";2;0;1;0;1;0;1;2;-10,87878519;-61,94499012;"SPRF-RO";"DEL02-RO";"UOP01-DEL02-RO"
199172;2019-03-25;"segunda-feira";"07:50:00";"PB";230;22;"JOAO PESSOA";"Não guardar distância de segurança";"Colisão lateral";"Com Vítimas Feridas";"Pleno dia";"Decrescente";"Sol";"Dupla";"Reta";"Sim";2;0;1;0;0;1;1;2;-7,1495;-34,8517;"SPRF-PB";"DEL01-PB";"UOP01-DEL01-PB"
199173;2019-03-25;"segunda-feira";"08:15:00";"RO";364;515;"ARIQUEMES";"Falta de Atenção à Condução";"Queda de ocupante de veículo";"Com Vítimas Feridas";"Pleno dia";"Crescente";"Céu Claro";"Simples";"Rotatória";"Não";1;0;1;0;0;0;1;1;-9,915961;-63,05532;"SPRF-RO";"DEL03-RO";"UOP01-DEL03-RO"
199174;2019-03-24;"domingo";"16:00:00";"PI";20;41,9;"SAO RAIMUNDO NONATO";"Velocidade Incompatível";"Saída de leito carroçável";"Com Vítimas Fatais";"Pleno dia";"Decrescente";"Chuva";"Simples";"Reta";"Não";1;1;0;0;0;0;0;1;-9,018392;-42,673634;"SPRF-PI";"DEL03-PI";"UOP01-DEL03-PI"
199176;2019-03-25;"segunda-feira";"10:00:00";"PA";308;174;"TRACUATEUA";"Ultrapassagem Indevida";"Saída de leito carroçável";"Com Vítimas Feridas";"Pleno dia";"Decrescente";"Chuva";"Simples";"Aclive";"Não";5;0;3;0;1;1;3;3;-1,1661187;-46,99043033;"SPRF-PA";"DEL01-PA";"UOP03-DEL01-PA"
199177;2019-03-25;"segunda-feira";"06:50:00";"MG";116;503,4;"INHAPIM";"Falta de Atenção à Condução";"Colisão transversal";"Com Vítimas Fatais";"Pleno dia";"Crescente";"Céu Claro";"Simples";"Declive";"Não";3;1;1;0;0;1;1;3;-19,58559493;-42,11244886;"SPRF-MG";"DEL06-MG";"UOP02-DEL06-MG"
199178;2019-03-25;"segunda-feira";"08:30:00";"PA";316;94;"SAO FRANCISCO DO PARA";"Falta de Atenção à Condução";"Colisão transversal";"Com Vítimas Feridas";"Pleno dia";"Crescente";"Nublado";"Simples";"Reta";"Não";6;0;2;2;2;0;4;2;-1,32568297;-47,656705;"SPRF-PA";"DEL01-PA";"UOP02-DEL01-PA"
199179;2019-03-25;"segunda-feira";"09:40:00";"BA";110;398;"SAO SEBASTIAO DO PASSE";"Animais na Pista";"Atropelamento de Animal";"Com Vítimas Feridas";"Pleno dia";"Decrescente";"Chuva";"Simples";"Reta";"Sim";1;0;1;0;0;0;1;1;-12,50766107;-38,49626949;"SPRF-BA";"DEL01-BA";"UOP01-DEL01-BA"
199181;2019-03-25;"segunda-feira";"10:00:00";"RS";290;178,2;"BUTIA";"Falta de Atenção à Condução";"Colisão traseira";"Com Vítimas Feridas";"Pleno dia";"Crescente";"Céu Claro";"Simples";"Reta";"Sim";2;0;1;0;1;0;1;2;-30,134542;-51,992455;"SPRF-RS";"DEL02-RS";"UOP02-DEL02-RS"
199182;2019-03-25;"segunda-feira";"09:00:00";"RJ";116;111,7;"GUAPIMIRIM";"Condutor Dormindo";"Colisão traseira";"Com Vítimas Feridas";"Pleno dia";"Crescente";"Céu Claro";"Dupla";"Reta";"Não";2;0;1;0;1;0;1;2;-22,56361029;-42,99877167;"SPRF-RJ";"DEL04-RJ";"UOP02-DEL04-RJ"
199183;2019-03-25;"segunda-feira";"09:29:00";"RO";364;307,5;"PRESIDENTE MEDICI";"Desobediência às normas de trânsito pelo condutor";"Colisão transversal";"Com Vítimas Feridas";"Pleno dia";"Decrescente";"Sol";"Simples";"Interseção de Vias";"Sim";3;0;0;1;2;0;1;2;-11,17638101;-61,90169334;"SPRF-RO";"DEL02-RO";"UOP01-DEL02-RO"
199185;2019-03-21;"quinta-feira";"19:00:00";"MG";50;174,9;"UBERABA";"Falta de Atenção do Pedestre";"Atropelamento de Pedestre";"Com Vítimas Feridas";"Plena Noite";"Crescente";"Garoa/Chuvisco";"Dupla";"Curva";"Sim";4;0;0;1;1;2;1;2;-19,770817;-47,973434;"SPRF-MG";"DEL13-MG";"UOP01-DEL13-MG"
199186;2019-03-25;"segunda-feira";"10:50:00";"SC";101;41;"JOINVILLE";"Desobediência às normas de trânsito pelo condutor";"Colisão transversal";"Com Vítimas Feridas";"Pleno dia";"Decrescente";"Céu Claro";"Dupla";"Rotatória";"Sim";2;0;1;0;1;0;1;2;-26,28215489;-48,88973081;"SPRF-SC";"DEL03-SC";"UOP01-DEL03-SC"
199187;2019-03-25;"segunda-feira";"10:35:00";"BA";242;369;"PALMEIRAS";"Pista Escorregadia";"Capotamento";"Com Vítimas Feridas";"Pleno dia";"Crescente";"Chuva";"Simples";"Curva";"Não";1;0;1;0;0;0;1;1;-12,455256;-41,483121;"SPRF-BA";"DEL06-BA";"UOP01-DEL06-BA"
199189;2019-03-25;"segunda-feira";"07:30:00";"RJ";495;28;"PETROPOLIS";"Falta de Atenção à Condução";"Colisão lateral";"Com Vítimas Feridas";"Pleno dia";"Decrescente";"Céu Claro";"Dupla";"Reta";"Sim";2;0;1;0;1;0;1;2;-22,396297;-43,120255;"SPRF-RJ";"DEL06-RJ";"UOP02-DEL05-RJ"
199192;2019-03-25;"segunda-feira";"11:20:00";"ES";101;147;"LINHARES";"Falta de Atenção à Condução";"Colisão traseira";"Sem Vítimas";"Pleno dia";"Crescente";"Céu Claro";"Múltipla";"Reta";"Não";2;0;0;0;2;0;0;2;-19,37887202;-40,06657892;"SPRF-ES";"DEL04-ES";"UOP01-DEL04-ES"
199194;2019-03-25;"segunda-feira";"10:15:00";"GO";153;622,6;"MORRINHOS";"Condutor Dormindo";"Saída de leito carroçável";"Com Vítimas Feridas";"Pleno dia";"Decrescente";"Céu Claro";"Dupla";"Declive;Reta";"Não";1;0;1;0;0;0;1;1;-17,7397;-49,1575;"SPRF-GO";"DEL03-GO";"UOP01-DEL03-GO"
199195;2019-03-25;"segunda-feira";"12:35:00";"PR";277;84;"CURITIBA";"Desobediência às normas de trânsito pelo condutor";"Colisão frontal";"Com Vítimas Fatais";"Pleno dia";"Decrescente";"Sol";"Dupla";"Viaduto";"Sim";3;1;1;0;1;0;1;3;-25,44393438;-49,23360622;"SPRF-PR";"DEL01-PR";"UOP07-DEL01-PR"
199196;2019-03-25;"segunda-feira";"11:00:00";"RO";364;237,4;"CACOAL";"Desobediência às normas de trânsito pelo condutor";"Colisão traseira";"Com Vítimas Feridas";"Pleno dia";"Decrescente";"Sol";"Simples";"Interseção de Vias";"Sim";2;0;0;1;1;0;1;2;-11,44187657;-61,44976258;"SPRF-RO";"DEL02-RO";"UOP02-DEL02-RO"
199198;2019-03-25;"segunda-feira";"11:40:00";"GO";60;53;"ABADIANIA";"Não guardar distância de segurança";"Saída de leito carroçável";"Com Vítimas Feridas";"Pleno dia";"Decrescente";"Céu Claro";"Dupla";"Curva";"Não";3;0;1;2;0;0;3;1;-16,1737;-48,6483;"SPRF-GO";"DEL02-GO";"UOP01-DEL02-GO"
199199;2019-03-25;"segunda-feira";"09:00:00";"MG";262;795,5;"UBERABA";"Falta de Atenção à Condução";"Saída de leito carroçável";"Com Vítimas Feridas";"Pleno dia";"Crescente";"Céu Claro";"Simples";"Reta";"Não";4;0;3;0;0;1;3;2;-19,76314949;-47,85747528;"SPRF-MG";"DEL13-MG";"UOP01-DEL13-MG"
199200;2019-03-25;"segunda-feira";"12:35:00";"PR";116;10,5;"COLOMBO";"Falta de Atenção à Condução";"Colisão traseira";"Com Vítimas Feridas";"Pleno dia";"Crescente";"Céu Claro";"Dupla";"Reta";"Sim";2;0;1;0;1;0;1;2;-25,37262834;-49,13950682;"SPRF-PR";"DEL01-PR";"UOP01-DEL01-PR"
199201;2019-03-25;"segunda-feira";"12:10:00";"PB";230;23;"JOAO PESSOA";"Ingestão de Álcool";"Colisão traseira";"Sem Vítimas";"Pleno dia";"Decrescente";"Céu Claro";"Dupla";"Declive";"Sim";2;0;0;0;2;0;0;2;-7,1562;-34,8574;"SPRF-PB";"DEL01-PB";"UOP01-DEL01-PB"
199203;2019-03-25;"segunda-feira";"12:00:00";"SC";280;56,4;"GUARAMIRIM";"Falta de Atenção à Condução";"Colisão transversal";"Com Vítimas Feridas";"Pleno dia";"Crescente";"Céu Claro";"Simples";"Reta";"Sim";2;0;1;0;1;0;1;2;-26,47947677;-49,00298702;"SPRF-SC";"DEL03-SC";"UOP03-DEL03-SC"
199204;2019-03-25;"segunda-feira";"12:05:00";"SC";280;55,5;"GUARAMIRIM";"Falta de Atenção à Condução";"Colisão traseira";"Sem Vítimas";"Pleno dia";"Crescente";"Céu Claro";"Simples";"Reta";"Sim";3;0;0;0;3;0;0;3;-26,47773743;-48,99805784;"SPRF-SC";"DEL03-SC";"UOP03-DEL03-SC"
199209;2019-03-25;"segunda-feira";"11:20:00";"PR";376;679;"GUARATUBA";"Sinalização da via insuficiente ou inadequada";"Colisão com objeto em movimento";"Com Vítimas Feridas";"Pleno dia";"Crescente";"Céu Claro";"Dupla";"Curva";"Não";2;0;1;0;1;0;1;2;-25,95050276;-48,90514477;"SPRF-PR";"DEL01-PR";"UOP04-DEL01-PR"
199211;2019-03-25;"segunda-feira";"12:30:00";"AL";101;133;"SAO MIGUEL DOS CAMPOS";"Falta de Atenção à Condução";"Colisão transversal";"Com Vítimas Feridas";"Pleno dia";"Crescente";"Céu Claro";"Simples";"Reta";"Sim";2;0;0;1;1;0;1;2;-9,77267463;-36,10116533;"SPRF-AL";"DEL02-AL";"UOP01-DEL02-AL"
199217;2019-03-25;"segunda-feira";"14:10:00";"PR";376;653,6;"TIJUCAS DO SUL";"Condutor Dormindo";"Saída de leito carroçável";"Com Vítimas Feridas";"Pleno dia";"Decrescente";"Nublado";"Dupla";"Curva";"Não";2;0;1;0;1;0;1;1;-25,84420191;-49,0604381;"SPRF-PR";"DEL01-PR";"UOP04-DEL01-PR"
199218;2019-03-25;"segunda-feira";"14:05:00";"RN";304;235,5;"RIACHUELO";"Desobediência às normas de trânsito pelo condutor";"Colisão transversal";"Com Vítimas Fatais";"Pleno dia";"Decrescente";"Céu Claro";"Simples";"Interseção de Vias";"Não";3;1;1;0;0;1;1;3;-5,76792572;-35,85918188;"SPRF-RN";"DEL01-RN";"UOP02-DEL01-RN"
199220;2019-03-25;"segunda-feira";"13:20:00";"MG";116;410,8;"GOVERNADOR VALADARES";"Falta de Atenção à Condução";"Colisão traseira";"Com Vítimas Feridas";"Pleno dia";"Crescente";"Céu Claro";"Dupla";"Reta";"Sim";2;0;1;0;1;0;1;2;-18,85478756;-41,97606683;"SPRF-MG";"DEL06-MG";"UOP01-DEL06-MG"
199223;2019-03-25;"segunda-feira";"14:30:00";"SC";101;32;"JOINVILLE";"Falta de Atenção à Condução";"Colisão traseira";"Com Vítimas Feridas";"Pleno dia";"Crescente";"Céu Claro";"Dupla";"Reta";"Sim";2;0;1;0;1;0;1;2;-26,226987;-48,91657;"SPRF-SC";"DEL03-SC";"UOP01-DEL03-SC"
199224;2019-03-25;"segunda-feira";"14:30:00";"SP";116;269,5;"TABOAO DA SERRA";"Falta de Atenção do Pedestre";"Atropelamento de Pedestre";"Com Vítimas Feridas";"Pleno dia";"Decrescente";"Sol";"Dupla";"Reta";"Sim";2;0;1;0;1;0;1;2;-23,61593059;-46,78826044;"SPRF-SP";"DEL04-SP";"UOP01-DEL04-SP"
199226;2019-03-25;"segunda-feira";"15:15:00";"RN";406;168,8;"SAO GONCALO DO AMARANTE";"Ingestão de Álcool";"Queda de ocupante de veículo";"Com Vítimas Feridas";"Pleno dia";"Crescente";"Céu Claro";"Dupla";"Reta";"Sim";1;0;1;0;0;0;1;1;-5,75269453;-35,31535484;"SPRF-RN";"DEL02-RN";"UOP01-DEL02-RN"
199229;2019-03-25;"segunda-feira";"16:00:00";"PI";316;312;"PICOS";"Falta de Atenção à Condução";"Queda de ocupante de veículo";"Com Vítimas Feridas";"Pleno dia";"Decrescente";"Céu Claro";"Simples";"Reta";"Sim";1;0;0;1;0;0;1;1;-7,079238;-41,448899;"SPRF-PI";"DEL04-PI";"UOP01-DEL04-PI"
199230;2019-03-09;"sábado";"16:47:00";"MG";40;517;"RIBEIRAO DAS NEVES";"Não guardar distância de segurança";"Queda de ocupante de veículo";"Com Vítimas Feridas";"Pleno dia";"Crescente";"Céu Claro";"Dupla";"Reta";"Sim";1;0;1;0;0;0;1;1;-19,82351202;-44,08438913;"SPRF-MG";"DEL01-MG";"UOP03-DEL01-MG"
199231;2019-03-25;"segunda-feira";"11:30:00";"PE";101;156;"RIBEIRAO";"Condutor Dormindo";"Tombamento";"Com Vítimas Feridas";"Pleno dia";"Crescente";"Céu Claro";"Múltipla";"Reta";"Não";2;0;1;0;1;0;1;1;-8,54597711;-35,39140871;"SPRF-PE";"DEL01-PE";"UOP03-DEL01-PE"
199233;2019-03-25;"segunda-feira";"16:50:00";"SE";101;88;"NOSSA SENHORA DO SOCORRO";"Falta de Atenção do Pedestre";"Colisão traseira";"Com Vítimas Feridas";"Pleno dia";"Decrescente";"Céu Claro";"Dupla";"Declive";"Não";2;0;2;0;0;0;2;2;-10,87113297;-37,1344637;"SPRF-SE";"DEL01-SE";"UOP01-DEL01-SE"
199235;2019-03-25;"segunda-feira";"17:15:00";"GO";153;499;"GOIANIA";"Defeito Mecânico no Veículo";"Queda de ocupante de veículo";"Com Vítimas Feridas";"Pleno dia";"Decrescente";"Céu Claro";"Dupla";"Reta";"Sim";2;0;2;0;0;0;2;1;-16,7033;-49,2311;"SPRF-GO";"DEL01-GO";"UOP01-DEL01-GO"
199239;2019-03-25;"segunda-feira";"17:20:00";"GO";414;440,1;"ANAPOLIS";"Desobediência às normas de trânsito pelo condutor";"Colisão lateral";"Com Vítimas Feridas";"Pleno dia";"Decrescente";"Céu Claro";"Dupla";"Interseção de Vias";"Sim";2;0;1;0;1;0;1;2;-16,28574601;-48,94342661;"SPRF-GO";"DEL02-GO";"UOP01-DEL02-GO"
199240;2019-03-25;"segunda-feira";"17:45:00";"SC";470;56;"BLUMENAU";"Desobediência às normas de trânsito pelo condutor";"Colisão transversal";"Com Vítimas Feridas";"Pleno dia";"Crescente";"Céu Claro";"Simples";"Interseção de Vias";"Sim";2;0;1;0;1;0;1;2;-26,87674;-49,127743;"SPRF-SC";"DEL04-SC";"UOP01-DEL04-SC"
199243;2019-03-25;"segunda-feira";"17:25:00";"GO";40;13;"LUZIANIA";"Desobediência às normas de trânsito pelo condutor";"Colisão transversal";"Com Vítimas Feridas";"Anoitecer";"Crescente";"Nublado";"Dupla";"Retorno Regulamentado";"Sim";2;0;0;1;1;0;1;2;-16,151832;-47,939162;"SPRF-DF";"DEL01-DF";"UOP01-DEL01-DF"
199244;2019-03-25;"segunda-feira";"17:00:00";"SC";101;36;"JOINVILLE";"Falta de Atenção à Condução";"Queda de ocupante de veículo";"Com Vítimas Feridas";"Pleno dia";"Crescente";"Céu Claro";"Dupla";"Reta";"Não";1;0;1;0;0;0;1;1;-26,24573198;-48,9101069;"SPRF-SC";"DEL03-SC";"UOP01-DEL03-SC"
199245;2019-03-25;"segunda-feira";"16:45:00";"PB";101;11;"MAMANGUAPE";"Falta de Atenção à Condução";"Colisão traseira";"Com Vítimas Feridas";"Pleno dia";"Crescente";"Céu Claro";"Dupla";"Declive";"Sim";4;0;2;0;0;2;2;3;-6,593073;-35,14504;"SPRF-PB";"DEL01-PB";"UOP04-DEL01-PB"
199247;2019-03-25;"segunda-feira";"17:30:00";"SC";101;118,5;"ITAJAI";"Falta de Atenção à Condução";"Colisão lateral";"Com Vítimas Feridas";"Pleno dia";"Crescente";"Céu Claro";"Dupla";"Reta";"Não";2;0;1;0;1;0;1;2;-26,895859;-48,71903;"SPRF-SC";"DEL04-SC";"UOP04-DEL04-SC"
199248;2019-03-25;"segunda-feira";"17:35:00";"SP";153;58,1;"SAO JOSE DO RIO PRETO";"Defeito na Via";"Tombamento";"Com Vítimas Feridas";"Pleno dia";"Decrescente";"Céu Claro";"Simples";"Desvio Temporário;Reta;Declive";"Não";1;0;1;0;0;0;1;1;-20,77838195;-49,35300538;"SPRF-SP";"DEL09-SP";"UOP01-DEL09-SP"
199250;2019-03-25;"segunda-feira";"18:20:00";"PE";101;53,7;"PAULISTA";"Falta de Atenção do Pedestre";"Atropelamento de Pedestre";"Com Vítimas Feridas";"Anoitecer";"Decrescente";"Céu Claro";"Dupla";"Reta";"Não";2;0;2;0;0;0;2;2;-7,93961103;-34,90356584;"SPRF-PE";"DEL01-PE";"UOP02-DEL01-PE"
199252;2019-03-25;"segunda-feira";"18:20:00";"PR";277;660;"MATELANDIA";"Velocidade Incompatível";"Colisão com objeto estático";"Com Vítimas Feridas";"Pleno dia";"Decrescente";"Céu Claro";"Dupla";"Curva";"Não";1;0;1;0;0;0;1;1;-25,25136237;-53,99027796;"SPRF-PR";"DEL05-PR";"UOP02-DEL05-PR"
199253;2019-03-25;"segunda-feira";"18:30:00";"SC";101;202;"SAO JOSE";"Falta de Atenção à Condução";"Colisão traseira";"Com Vítimas Feridas";"Plena Noite";"Crescente";"Céu Claro";"Múltipla";"Reta";"Sim";2;0;1;0;1;0;1;2;-27,55711595;-48,61897889;"SPRF-SC";"DEL01-SC";"UOP01-DEL01-SC"
199254;2019-03-25;"segunda-feira";"18:25:00";"RS";290;91,5;"PORTO ALEGRE";"Falta de Atenção à Condução";"Colisão traseira";"Com Vítimas Feridas";"Pleno dia";"Decrescente";"Sol";"Múltipla";"Reta";"Sim";2;0;1;0;1;0;1;2;-29,969055;-51,167439;"SPRF-RS";"DEL01-RS";"UOP01-DEL01-RS"
199255;2019-03-25;"segunda-feira";"18:25:00";"RS";290;105,6;"ELDORADO DO SUL";"Agressão Externa";"Saída de leito carroçável";"Com Vítimas Feridas";"Anoitecer";"Crescente";"Céu Claro";"Dupla";"Reta";"Não";2;0;2;0;0;0;2;1;-29,99608;-51,285023;"SPRF-RS";"DEL02-RS";"UOP01-DEL02-RS"
199256;2019-03-25;"segunda-feira";"17:20:00";"RO";364;287,8;"PRESIDENTE MEDICI";"Desobediência às normas de trânsito pelo condutor";"Colisão frontal";"Com Vítimas Feridas";"Anoitecer";"Crescente";"Céu Claro";"Simples";"Reta";"Não";5;0;2;0;3;0;2;3;-11,31266214;-61,88482323;"SPRF-RO";"DEL02-RO";"UOP01-DEL02-RO"
199257;2019-03-25;"segunda-feira";"15:45:00";"MG";267;24,5;"ARGIRITA";"Defeito Mecânico no Veículo";"Incêndio";"Sem Vítimas";"Pleno dia";"Decrescente";"Céu Claro";"Simples";"Reta";"Não";1;0;0;0;1;0;0;1;-21,6071359;-42,80271614;"SPRF-MG";"DEL07-MG";"UOP01-DEL07-MG"
199258;2019-03-25;"segunda-feira";"18:20:00";"PE";428;184,7;"PETROLINA";"Falta de Atenção do Pedestre";"Atropelamento de Pedestre";"Com Vítimas Feridas";"Plena Noite";"Decrescente";"Céu Claro";"Simples";"Reta";"Sim";2;0;1;1;0;0;2;2;-9,35061863;-40,47570532;"SPRF-PE";"DEL06-PE";"UOP01-DEL06-PE"
199261;2019-03-25;"segunda-feira";"18:45:00";"RS";290;90;"PORTO ALEGRE";"Falta de Atenção à Condução";"Colisão traseira";"Com Vítimas Feridas";"Plena Noite";"Decrescente";"Céu Claro";"Dupla";"Reta";"Sim";4;0;1;0;3;0;1;3;-29,968319;-51,157398;"SPRF-RS";"DEL01-RS";"UOP01-DEL01-RS"
199262;2019-03-25;"segunda-feira";"18:56:00";"CE";222;143;"IRAUCUBA";"Falta de Atenção do Pedestre";"Atropelamento de Pedestre";"Com Vítimas Fatais";"Plena Noite";"Crescente";"Céu Claro";"Simples";"Reta";"Não";3;1;0;0;2;0;0;2;-3,7636308;-39,73100609;"SPRF-CE";"DEL04-CE";"UOP03-DEL04-CE"
199263;2019-03-25;"segunda-feira";"16:50:00";"RS";386;221,4;"MORMACO";"Falta de Atenção à Condução";"Colisão lateral";"Com Vítimas Feridas";"Pleno dia";"Crescente";"Céu Claro";"Simples";"Reta";"Não";2;0;1;0;0;1;1;2;-28,627148;-52,613129;"SPRF-RS";"DEL04-RS";"NPF/DEL04-RS"
199264;2019-03-25;"segunda-feira";"11:50:00";"MG";116;417;"GOVERNADOR VALADARES";"Falta de Atenção à Condução";"Colisão traseira";"Com Vítimas Feridas";"Pleno dia";"Crescente";"Céu Claro";"Simples";"Reta";"Sim";2;0;1;0;1;0;1;2;-18,90130308;-41,94492414;"SPRF-MG";"DEL06-MG";"UOP01-DEL06-MG"
199265;2019-03-25;"segunda-feira";"17:30:00";"MA";135;5;"SAO LUIS";"Não guardar distância de segurança";"Colisão traseira";"Com Vítimas Feridas";"Plena Noite";"Crescente";"Chuva";"Dupla";"Reta";"Sim";2;0;1;0;1;0;1;2;-2,62145385;-44,25797421;"SPRF-MA";"DEL01-MA";"UOP01-DEL01-MA"
199266;2019-02-01;"sexta-feira";"20:59:00";"MG";40;509;"RIBEIRAO DAS NEVES";"Animais na Pista";"Colisão com objeto em movimento";"Com Vítimas Feridas";"Plena Noite";"Crescente";"Céu Claro";"Dupla";"Reta";"Sim";2;0;2;0;0;0;2;1;-19,76728744;-44,12855905;"SPRF-MG";"DEL01-MG";"UOP03-DEL01-MG"
199267;2019-03-25;"segunda-feira";"18:10:00";"PE";110;242;"JATOBA";"Animais na Pista";"Queda de ocupante de veículo";"Com Vítimas Feridas";"Anoitecer";"Decrescente";"Céu Claro";"Simples";"Reta";"Sim";1;0;0;1;0;0;1;1;-9,15735192;-38,28225372;"SPRF-BA";"DEL07-BA";"UOP01-DEL07-BA"