"id";"data_inversa";"dia_semana";"horario";"uf";"br";"km";"municipio";"causa_acidente";"tipo_acidente";"classificacao_acidente";"fase_dia";"sentido_via";"condicao_metereologica";"tipo_pista";"tracado_via";"uso_solo";"pessoas";"mortos";"feridos_leves";"feridos_graves";"ilesos";"ignorados";"feridos";"veiculos";"latitude";"longitude";"regional";"delegacia";"uop"
199660;2019-03-28;"quinta-feira";"07:20:00";"PA";163;990;"SANTAREM";"Animais na Pista";"Atropelamento de Animal";"Com Vítimas Feridas";"Pleno dia";"Crescente";"Nublado";"Simples";"Reta";"Não";1;0;1;0;0;0;1;1;-2,55683598;-54,72216184;"SPRF-PA";"DEL05-PA";"UOP01-DEL05-PA"
199661;2019-03-28;"quinta-feira";"05:50:00";"MS";163;454;"CAMPO GRANDE";"Não guardar distância de segurança";"Colisão traseira";"Com Vítimas Feridas";"Pleno dia";"Crescente";"Céu Claro";"Simples";"Reta";"Não";2;0;1;0;1;0;1;2;-20,68996498;-54,55227495;"SPRF-MS";"DEL01-MS";"UOP01-DEL01-MS"
199662;2019-03-28;"quinta-feira";"06:50:00";"ES";101;304,7;"VIANA";"Falta de Atenção à Condução";"Colisão transversal";"Com Vítimas Feridas";"Pleno dia";"Crescente";"Céu Claro";"Simples";"Retorno Regulamentado";"Sim";2;0;1;0;1;0;1;2;-20,3800645;-40,45431391;"SPRF-ES";"DEL01-ES";"UOP01-DEL01-ES"
199663;2019-03-28;"quinta-feira";"07:40:00";"PR";369;147;"LONDRINA";"Falta de Atenção à Condução";"Colisão lateral";"Com Vítimas Feridas";"Pleno dia";"Crescente";"Céu Claro";"Dupla";"Reta";"Sim";2;0;1;0;1;0;1;2;-23,29314357;-51,13850799;"SPRF-PR";"DEL07-PR";"UOP01-DEL07-PR"
199664;2019-03-28;"quinta-feira";"06:10:00";"MG";116;736,5;"LARANJAL";"Velocidade Incompatível";"Tombamento";"Com Vítimas Feridas";"Amanhecer";"Crescente";"Chuva";"Simples";"Reta";"Não";1;0;1;0;0;0;1;1;-21,36164;-42,471428;"SPRF-MG";"DEL07-MG";"UOP02-DEL07-MG"
199665;2019-03-28;"quinta-feira";"07:30:00";"SP";116;414;"JUQUIA";"Falta de Atenção à Condução";"Queda de ocupante de veículo";"Com Vítimas Feridas";"Pleno dia";"Crescente";"Nublado";"Dupla";"Reta";"Sim";1;0;1;0;0;0;1;1;-24,33164;-47,632774;"SPRF-SP";"DEL05-SP";"UOP01-DEL05-SP"
199666;2019-03-28;"quinta-feira";"05:45:00";"MT";70;520;"VARZEA GRANDE";"Falta de Atenção à Condução";"Colisão transversal";"Com Vítimas Feridas";"Pleno dia";"Decrescente";"Céu Claro";"Simples";"Reta";"Sim";2;0;0;1;1;0;1;2;-15,70288593;-56,15804851;"SPRF-MT";"DEL01-MT";"DEL2/4-UOP02/MT"
199668;2019-03-28;"quinta-feira";"07:50:00";"ES";101;259,3;"SERRA";"Falta de Atenção à Condução";"Saída de leito carroçável";"Com Vítimas Feridas";"Pleno dia";"Crescente";"Sol";"Dupla";"Reta;Aclive";"Sim";3;0;2;0;1;0;2;2;-20,1383998;-40,2923584;"SPRF-ES";"DEL02-ES";"UOP01-DEL02-ES"
199670;2019-03-28;"quinta-feira";"07:00:00";"SP";116;126;"CACAPAVA";"Avarias e/ou desgaste excessivo no pneu";"Queda de ocupante de veículo";"Com Vítimas Feridas";"Pleno dia";"Crescente";"Céu Claro";"Dupla";"Reta";"Sim";2;0;2;0;0;0;2;1;-23,10433057;-45,69425762;"SPRF-SP";"DEL06-SP";"UOP02-DEL02-SP"
199675;2019-03-28;"quinta-feira";"07:30:00";"SC";101;205;"SAO JOSE";"Falta de Atenção à Condução";"Queda de ocupante de veículo";"Com Vítimas Feridas";"Pleno dia";"Decrescente";"Nublado";"Múltipla";"Reta";"Sim";1;0;1;0;0;0;1;1;-27,58313237;-48,61532885;"SPRF-SC";"DEL01-SC";"UOP01-DEL01-SC"
199676;2019-03-28;"quinta-feira";"07:05:00";"SC";280;235,7;"CANOINHAS";"Não guardar distância de segurança";"Tombamento";"Com Vítimas Feridas";"Pleno dia";"Decrescente";"Garoa/Chuvisco";"Simples";"Reta";"Não";1;0;1;0;0;0;1;1;-26,19206283;-50,41295701;"SPRF-SC";"DEL06-SC";"UOP04-DEL06-SC"
199678;2019-03-28;"quinta-feira";"06:50:00";"SP";116;223;"GUARULHOS";"Não guardar distância de segurança";"Colisão traseira";"Com Vítimas Feridas";"Amanhecer";"Crescente";"Nublado";"Múltipla";"Reta";"Sim";2;0;1;0;1;0;1;2;-23,47559815;-46,5246609;"SPRF-SP";"DEL01-SP";"UOP01-DEL01-SP"
199679;2019-03-28;"quinta-feira";"08:40:00";"RS";290;444,6;"SAO GABRIEL";"Falta de Atenção à Condução";"Saída de leito carroçável";"Com Vítimas Feridas";"Pleno dia";"Crescente";"Céu Claro";"Simples";"Reta";"Não";1;0;1;0;0;0;1;1;-30,257;-54,558182;"SPRF-RS";"DEL11-RS";"UOP02-DEL11-RS"
199682;2019-03-28;"quinta-feira";"08:30:00";"CE";116;12;"FORTALEZA";"Pista Escorregadia";"Tombamento";"Com Vítimas Feridas";"Pleno dia";"Crescente";"Nublado";"Múltipla";"Reta";"Sim";1;0;1;0;0;0;1;1;-3,852077;-38,495525;"SPRF-CE";"DEL01-CE";"UOP02-DEL01-CE"
199683;2019-03-28;"quinta-feira";"09:00:00";"BA";324;517;"FEIRA DE SANTANA";"Desobediência às normas de trânsito pelo condutor";"Colisão transversal";"Com Vítimas Feridas";"Pleno dia";"Crescente";"Céu Claro";"Simples";"Reta";"Sim";2;0;0;1;1;0;1;2;-12,24953308;-38,93362525;"SPRF-BA";"DEL02-BA";"UOP01-DEL02-BA"
199684;2019-03-28;"quinta-feira";"09:15:00";"SC";282;486;"FAXINAL DOS GUEDES";"Velocidade Incompatível";"Capotamento";"Com Vítimas Feridas";"Pleno dia";"Decrescente";"Céu Claro";"Simples";"Reta";"Não";4;0;3;0;1;0;3;2;-26,855415;-52,25423;"SPRF-SC";"DEL07-SC";"UOP01-DEL07-SC"
199685;2019-03-28;"quinta-feira";"07:15:00";"SC";116;211,9;"PONTE ALTA";"Desobediência às normas de trânsito pelo condutor";"Queda de ocupante de veículo";"Com Vítimas Feridas";"Amanhecer";"Crescente";"Céu Claro";"Simples";"Reta";"Não";1;0;1;0;0;0;1;1;-27,51040007;-50,36397936;"SPRF-SC";"DEL05-SC";"UOP03-DEL05-SC"
199686;2019-03-28;"quinta-feira";"09:30:00";"PR";476;122;"CURITIBA";"Falta de Atenção à Condução";"Colisão traseira";"Com Vítimas Feridas";"Pleno dia";"Crescente";"Céu Claro";"Dupla";"Reta";"Sim";2;0;1;0;1;0;1;2;-25,385775;-49,203377;"SPRF-PR";"DEL01-PR";"UOP07-DEL01-PR"
199687;2019-03-28;"quinta-feira";"09:40:00";"PR";376;180;"MARINGA";"Falta de Atenção à Condução";"Queda de ocupante de veículo";"Com Vítimas Feridas";"Pleno dia";"Crescente";"Céu Claro";"Dupla";"Reta";"Sim";1;0;1;0;0;0;1;1;-23,42725352;-51,89512271;"SPRF-PR";"DEL07-PR";"UOP01-DEL09-PR"
199688;2019-03-28;"quinta-feira";"09:40:00";"PA";163;1004;"SANTAREM";"Desobediência às normas de trânsito pelo condutor";"Colisão transversal";"Com Vítimas Feridas";"Pleno dia";"Crescente";"Garoa/Chuvisco";"Dupla";"Interseção de Vias";"Sim";3;0;1;0;1;1;1;2;-2,43824523;-54,73276577;"SPRF-PA";"DEL05-PA";"UOP01-DEL05-PA"
199689;2019-02-08;"sexta-feira";"06:45:00";"ES";262;47;"MARECHAL FLORIANO";"Desobediência às normas de trânsito pelo condutor";"Colisão frontal";"Com Vítimas Feridas";"Pleno dia";"Decrescente";"Céu Claro";"Simples";"Reta";"Não";2;0;0;1;0;1;1;2;-20,38524458;-40,65385185;"SPRF-ES";"DEL01-ES";"UOP01-DEL01-ES"
199691;2019-03-28;"quinta-feira";"08:55:00";"RJ";393;286,4;"VOLTA REDONDA";"Falta de Atenção à Condução";"Colisão traseira";"Com Vítimas Feridas";"Pleno dia";"Crescente";"Céu Claro";"Simples";"Reta";"Sim";3;0;1;0;2;0;1;2;-22,49133996;-44,06505619;"SPRF-RJ";"DEL05-RJ";"UOP04-DEL05-RJ"
199697;2019-03-28;"quinta-feira";"07:40:00";"PI";316;2;"TERESINA";"Falta de Atenção à Condução";"Colisão traseira";"Sem Vítimas";"Pleno dia";"Decrescente";"Sol";"Múltipla";"Reta";"Sim";1;0;0;0;1;0;0;1;-5,12477477;-42,79848465;"SPRF-PI";"DEL01-PI";"UOP02-DEL01-PI"
199699;2019-03-27;"quarta-feira";"21:00:00";"MT";70;675,1;"CACERES";"Falta de Atenção à Condução";"Saída de leito carroçável";"Com Vítimas Feridas";"Plena Noite";"Crescente";"Céu Claro";"Simples";"Reta";"Não";1;0;1;0;0;0;1;1;-16,15596661;-57,35323213;"SPRF-MT";"DEL03-MT";"UOP02-DEL03-MT"
199700;2019-03-28;"quinta-feira";"09:25:00";"RJ";116;180;"BELFORD ROXO";"Não guardar distância de segurança";"Colisão traseira";"Com Vítimas Feridas";"Pleno dia";"Decrescente";"Céu Claro";"Dupla";"Reta";"Sim";2;0;0;1;1;0;1;2;-22,7651616;-43,4154728;"SPRF-RJ";"DEL01-RJ";"UOP02-DEL01-RJ"
199702;2019-03-12;"terça-feira";"14:05:00";"RJ";40;91,1;"PETROPOLIS";"Pista Escorregadia";"Colisão com objeto estático";"Sem Vítimas";"Pleno dia";"Decrescente";"Nublado";"Dupla";"Curva";"Não";1;0;0;0;1;0;0;1;-22,56375085;-43,23571466;"SPRF-RJ";"DEL06-RJ";"UOP01-DEL06-RJ"
199703;2019-03-28;"quinta-feira";"10:00:00";"RS";158;363;"DILERMANDO DE AGUIAR";"Falta de Atenção à Condução";"Tombamento";"Sem Vítimas";"Pleno dia";"Crescente";"Céu Claro";"Simples";"Reta";"Não";2;0;0;0;1;1;0;2;-29,80270627;-54,12430976;"SPRF-RS";"DEL09-RS";"UOP01-DEL09-RS"
199704;2019-01-25;"sexta-feira";"20:00:00";"MG";116;58;"GUARARA";"Desobediência às normas de trânsito pelo condutor";"Colisão transversal";"Com Vítimas Feridas";"Plena Noite";"Crescente";"Céu Claro";"Simples";"Interseção de Vias";"Sim";2;0;1;0;0;1;1;2;-21,7292646;-43,05147171;"SPRF-MG";"DEL11-MG";"UOP02-DEL11-MG"
199705;2019-03-28;"quinta-feira";"10:10:00";"PE";101;79,4;"JABOATAO DOS GUARARAPES";"Desobediência às normas de trânsito pelo condutor";"Colisão transversal";"Com Vítimas Feridas";"Pleno dia";"Crescente";"Nublado";"Simples";"Reta";"Sim";3;0;1;0;2;0;1;2;-8,14366112;-34,94723453;"SPRF-PE";"DEL01-PE";"UOP01-DEL01-PE"
199707;2019-03-28;"quinta-feira";"09:30:00";"GO";60;335,7;"SANTO ANTONIO DA BARRA";"Falta de Atenção à Condução";"Saída de leito carroçável";"Sem Vítimas";"Pleno dia";"Crescente";"Céu Claro";"Dupla";"Reta";"Não";1;0;0;0;1;0;0;1;-17,5409;-50,5616;"SPRF-GO";"DEL04-GO";"UOP01-DEL04-GO"
199708;2019-03-28;"quinta-feira";"10:15:00";"SC";470;144,1;"RIO DO SUL";"Falta de Atenção à Condução";"Colisão lateral";"Com Vítimas Feridas";"Pleno dia";"Decrescente";"Nublado";"Simples";"Reta";"Sim";2;0;2;0;0;0;2;2;-27,22621829;-49,66634816;"SPRF-SC";"DEL04-SC";"UOP02-DEL04-SC"
199709;2019-03-28;"quinta-feira";"12:30:00";"MG";40;459;"SETE LAGOAS";"Defeito Mecânico no Veículo";"Colisão com objeto em movimento";"Com Vítimas Feridas";"Pleno dia";"Decrescente";"Céu Claro";"Dupla";"Reta";"Não";2;0;0;1;0;1;1;2;-19,388919;-44,335457;"SPRF-MG";"DEL02-MG";"UOP01-DEL02-MG"
199710;2019-03-28;"quinta-feira";"08:20:00";"BA";415;24;"ILHEUS";"Avarias e/ou desgaste excessivo no pneu";"Tombamento";"Com Vítimas Feridas";"Pleno dia";"Decrescente";"Céu Claro";"Simples";"Curva";"Não";2;0;2;0;0;0;2;1;-14,793803;-39,182187;"SPRF-BA";"DEL05-BA";"UOP01-DEL05-BA"
199711;2019-03-28;"quinta-feira";"09:30:00";"RS";290;62;"GRAVATAI";"Não guardar distância de segurança";"Saída de leito carroçável";"Com Vítimas Feridas";"Pleno dia";"Crescente";"Céu Claro";"Dupla";"Reta";"Não";2;0;1;0;1;0;1;1;-29,932089;-50,877304;"SPRF-RS";"DEL03-RS";"UOP02-DEL03-RS"
199713;2019-03-28;"quinta-feira";"12:30:00";"PR";277;692;"SAO MIGUEL DO IGUACU";"Objeto estático sobre o leito carroçável";"Queda de ocupante de veículo";"Sem Vítimas";"Pleno dia";"Crescente";"Céu Claro";"Dupla";"Reta";"Não";1;0;0;0;1;0;0;1;-25,36774473;-54,26181715;"SPRF-PR";"DEL05-PR";"UOP01-DEL05-PR"
199714;2019-03-28;"quinta-feira";"10:35:00";"RO";364;424,5;"JARU";"Falta de Atenção à Condução";"Colisão traseira";"Com Vítimas Feridas";"Pleno dia";"Crescente";"Nublado";"Simples";"Interseção de Vias";"Sim";3;0;1;0;2;0;1;2;-10,44457274;-62,46568412;"SPRF-RO";"DEL03-RO";"UOP02-DEL03-RO"
199715;2019-03-28;"quinta-feira";"11:00:00";"MG";381;284;"JAGUARACU";"Mal Súbito";"Colisão traseira";"Sem Vítimas";"Pleno dia";"Decrescente";"Céu Claro";"Simples";"Reta";"Não";2;0;0;0;2;0;0;2;-19,61562462;-42,79145991;"SPRF-MG";"DEL03-MG";"UOP02-DEL03-MG"
199716;2019-03-28;"quinta-feira";"13:30:00";"SC";101;210,2;"SAO JOSE";"Não guardar distância de segurança";"Colisão lateral";"Com Vítimas Feridas";"Pleno dia";"Decrescente";"Nublado";"Múltipla";"Reta";"Sim";3;0;1;0;2;0;1;3;-27,59193546;-48,61824557;"SPRF-SC";"DEL01-SC";"UOP01-DEL01-SC"
199721;2019-03-28;"quinta-feira";"11:20:00";"MG";356;266,7;"MURIAE";"Falta de Atenção à Condução";"Colisão lateral";"Com Vítimas Feridas";"Pleno dia";"Crescente";"Sol";"Simples";"Reta";"Sim";3;0;1;0;2;0;1;2;-21,12944612;-42,36055797;"SPRF-MG";"DEL07-MG";"UOP02-DEL07-MG"
199722;2019-03-28;"quinta-feira";"13:45:00";"SE";101;66;"ROSARIO DO CATETE";"Desobediência às normas de trânsito pelo condutor";"Colisão lateral";"Com Vítimas Feridas";"Pleno dia";"Decrescente";"Céu Claro";"Simples";"Reta";"Não";2;0;0;1;1;0;1;2;-10,71207086;-37,05954216;"SPRF-SE";"DEL02-SE";"UOP02-DEL02-SE"
199726;2019-03-28;"quinta-feira";"11:48:00";"AC";364;134,9;"RIO BRANCO";"Falta de Atenção à Condução";"Colisão lateral";"Sem Vítimas";"Pleno dia";"Crescente";"Céu Claro";"Dupla";"Rotatória";"Sim";2;0;0;0;2;0;0;2;-9,993501;-67,84868;"SPRF-AC";"DEL01-AC";"UOP01-DEL01-AC"
199733;2019-03-28;"quinta-feira";"15:20:00";"RS";158;186,8;"CRUZ ALTA";"Defeito Mecânico no Veículo";"Incêndio";"Sem Vítimas";"Pleno dia";"Decrescente";"Céu Claro";"Simples";"Reta";"Não";1;0;0;0;1;0;0;1;-28,57728605;-53,56830597;"SPRF-RS";"DEL10-RS";"UOP02-DEL10-RS"
199734;2019-03-28;"quinta-feira";"14:45:00";"RS";0;0;"MONTENEGRO";"Objeto estático sobre o leito carroçável";"Colisão com objeto estático";"Com Vítimas Feridas";"Pleno dia";"Não Informado";"Céu Claro";"Simples";"Reta";"Não";2;0;1;0;1;0;1;1;-29,69744739;-51,54633176;"SPRF-RS";"DEL01-RS";"UOP02-DEL01-RS"
199736;2019-03-28;"quinta-feira";"15:50:00";"SC";101;124;"ITAJAI";"Falta de Atenção à Condução";"Capotamento";"Sem Vítimas";"Pleno dia";"Decrescente";"Nublado";"Dupla";"Reta";"Não";1;0;0;0;0;1;0;1;-26,94335064;-48,69198648;"SPRF-SC";"DEL04-SC";"UOP04-DEL04-SC"
199737;2019-03-28;"quinta-feira";"15:50:00";"SP";116;206,5;"GUARULHOS";"Falta de Atenção à Condução";"Atropelamento de Pedestre";"Com Vítimas Feridas";"Pleno dia";"Decrescente";"Nublado";"Simples";"Reta";"Não";3;0;2;0;1;0;2;2;-23,41722629;-46,37510292;"SPRF-SP";"DEL01-SP";"UOP01-DEL01-SP"
199741;2019-01-06;"domingo";"18:30:00";"PB";230;27;"JOAO PESSOA";"Restrição de Visibilidade";"Atropelamento de Pedestre";"Com Vítimas Feridas";"Plena Noite";"Crescente";"Céu Claro";"Dupla";"Reta";"Sim";2;0;0;1;0;1;1;2;-7,1677;-34,8855;"SPRF-PB";"DEL01-PB";"UOP01-DEL01-PB"
199742;2019-03-28;"quinta-feira";"16:40:00";"SC";101;201,5;"SAO JOSE";"Falta de Atenção à Condução";"Colisão transversal";"Com Vítimas Feridas";"Pleno dia";"Crescente";"Céu Claro";"Múltipla";"Reta";"Sim";2;0;0;1;1;0;1;2;-27,54836599;-48,61977975;"SPRF-SC";"DEL01-SC";"UOP01-DEL01-SC"
199743;2019-03-28;"quinta-feira";"16:45:00";"SP";153;29,1;"NOVA GRANADA";"Objeto estático sobre o leito carroçável";"Colisão com objeto estático";"Com Vítimas Feridas";"Pleno dia";"Crescente";"Céu Claro";"Simples";"Reta";"Não";1;0;1;0;0;0;1;1;-20,52980796;-49,32976214;"SPRF-SP";"DEL09-SP";"UOP01-DEL09-SP"
199746;2019-03-28;"quinta-feira";"16:15:00";"PA";163;1001;"SANTAREM";"Falta de Atenção à Condução";"Colisão transversal";"Com Vítimas Feridas";"Pleno dia";"Crescente";"Céu Claro";"Simples";"Reta";"Sim";3;0;1;0;2;0;1;2;-2,464507;-54,72745295;"SPRF-PA";"DEL05-PA";"UOP01-DEL05-PA"
199747;2019-03-28;"quinta-feira";"15:30:00";"CE";116;40;"HORIZONTE";"Defeito Mecânico no Veículo";"Incêndio";"Sem Vítimas";"Pleno dia";"Decrescente";"Chuva";"Múltipla";"Curva";"Sim";1;0;0;0;1;0;0;1;-4,09496999;-38,50351984;"SPRF-CE";"DEL01-CE";"UOP02-DEL01-CE"
199748;2019-03-28;"quinta-feira";"17:20:00";"ES";101;127,6;"SOORETAMA";"Falta de Atenção à Condução";"Colisão transversal";"Com Vítimas Feridas";"Plena Noite";"Decrescente";"Céu Claro";"Simples";"Reta";"Sim";2;0;1;0;0;1;1;2;-19,202898;-40,095524;"SPRF-ES";"DEL04-ES";"UOP01-DEL04-ES"
199750;2019-03-28;"quinta-feira";"16:40:00";"MG";40;528;"CONTAGEM";"Falta de Atenção do Pedestre";"Atropelamento de Pedestre";"Com Vítimas Feridas";"Pleno dia";"Decrescente";"Céu Claro";"Dupla";"Curva";"Sim";2;0;0;1;1;0;1;2;-19,90883179;-44,04436577;"SPRF-MG";"DEL01-MG";"UOP03-DEL01-MG"
199751;2019-03-28;"quinta-feira";"17:20:00";"RS";471;150,3;"SANTA CRUZ DO SUL";"Falta de Atenção à Condução";"Colisão lateral";"Com Vítimas Feridas";"Pleno dia";"Decrescente";"Céu Claro";"Simples";"Reta";"Sim";5;0;0;1;4;0;1;3;-29,817495;-52,403397;"SPRF-RS";"DEL02-RS";"UOP02-DEL02-RS"
199752;2019-03-28;"quinta-feira";"16:30:00";"RS";290;92;"PORTO ALEGRE";"Não guardar distância de segurança";"Colisão lateral";"Com Vítimas Feridas";"Pleno dia";"Crescente";"Céu Claro";"Dupla";"Viaduto";"Sim";3;0;1;0;2;0;1;3;-29,971916;-51,176838;"SPRF-RS";"DEL01-RS";"UOP01-DEL01-RS"
199753;2019-03-28;"quinta-feira";"17:50:00";"RN";101;125;"SAO JOSE DE MIPIBU";"Desobediência às normas de trânsito pelo condutor";"Colisão transversal";"Com Vítimas Feridas";"Pleno dia";"Crescente";"Céu Claro";"Dupla";"Curva";"Sim";2;0;0;1;1;0;1;2;-6,07815599;-35,23412006;"SPRF-RN";"DEL01-RN";"UOP01-DEL01-RN"
199754;2019-03-28;"quinta-feira";"16:05:00";"BA";101;329;"TEOLANDIA";"Falta de Atenção à Condução";"Colisão transversal";"Com Vítimas Fatais";"Pleno dia";"Decrescente";"Céu Claro";"Simples";"Reta";"Sim";2;1;1;0;0;0;1;2;-13,58340706;-39,48014368;"SPRF-BA";"DEL05-BA";"UOP03-DEL05-BA"
199755;2019-03-28;"quinta-feira";"17:10:00";"RS";386;438,1;"NOVA SANTA RITA";"Falta de Atenção à Condução";"Colisão transversal";"Com Vítimas Feridas";"Pleno dia";"Decrescente";"Sol";"Dupla";"Retorno Regulamentado";"Sim";2;0;0;1;1;0;1;2;-29,846972;-51,27448082;"SPRF-RS";"DEL04-RS";"UOP02-DEL04-RS"
199758;2019-03-28;"quinta-feira";"16:10:00";"SP";116;567;"BARRA DO TURVO";"Velocidade Incompatível";"Capotamento";"Com Vítimas Feridas";"Pleno dia";"Decrescente";"Chuva";"Dupla";"Curva";"Não";3;0;1;0;2;0;1;1;-25,0475499;-48,55355172;"SPRF-SP";"DEL05-SP";"UOP02-DEL05-SP"
199763;2019-03-28;"quinta-feira";"18:50:00";"SC";101;204,5;"SAO JOSE";"Falta de Atenção à Condução";"Colisão lateral";"Com Vítimas Feridas";"Plena Noite";"Decrescente";"Céu Claro";"Múltipla";"Reta";"Sim";2;0;1;0;1;0;1;2;-27,57413014;-48,61363083;"SPRF-SC";"DEL01-SC";"UOP01-DEL01-SC"
199764;2019-03-28;"quinta-feira";"19:10:00";"SE";101;150,2;"ESTANCIA";"Desobediência às normas de trânsito pelo condutor";"Colisão transversal";"Com Vítimas Feridas";"Plena Noite";"Decrescente";"Nublado";"Simples";"Interseção de Vias";"Sim";2;0;0;1;1;0;1;2;-11,25101095;-37,4365661;"SPRF-SE";"DEL02-SE";"UOP01-DEL02-SE"
199765;2019-03-28;"quinta-feira";"19:10:00";"PR";369;163;"CAMBE";"Falta de Atenção à Condução";"Colisão lateral";"Com Vítimas Feridas";"Plena Noite";"Crescente";"Céu Claro";"Dupla";"Reta";"Sim";3;0;1;0;1;1;1;3;-23,28519638;-51,2387377;"SPRF-PR";"DEL07-PR";"UOP01-DEL07-PR"
199767;2019-03-28;"quinta-feira";"19:00:00";"RS";116;267;"CANOAS";"Falta de Atenção à Condução";"Colisão traseira";"Com Vítimas Feridas";"Plena Noite";"Decrescente";"Céu Claro";"Dupla";"Reta";"Sim";3;0;1;0;2;0;1;2;-29,94142398;-51,17697062;"SPRF-RS";"DEL01-RS";"UOP01-DEL01-RS"
199768;2019-03-28;"quinta-feira";"14:00:00";"PI";135;256;"ALVORADA DO GURGUEIA";"Defeito na Via";"Saída de leito carroçável";"Com Vítimas Feridas";"Pleno dia";"Crescente";"Chuva";"Simples";"Reta";"Não";4;0;4;0;0;0;4;1;-8,4167909;-43,87025816;"SPRF-PI";"DEL03-PI";"UOP02-DEL03-PI"
199772;2019-03-28;"quinta-feira";"19:20:00";"PR";373;181,9;"PONTA GROSSA";"Falta de Atenção à Condução";"Colisão lateral";"Com Vítimas Feridas";"Plena Noite";"Crescente";"Nublado";"Simples";"Reta";"Sim";2;0;1;0;1;0;1;2;-25,04266233;-50,25791089;"SPRF-PR";"DEL03-PR";"UOP01-DEL03-PR"
199773;2019-03-28;"quinta-feira";"18:25:00";"CE";116;309;"JAGUARIBE";"Ingestão de Álcool";"Colisão lateral";"Sem Vítimas";"Anoitecer";"Decrescente";"Nublado";"Simples";"Curva";"Sim";2;0;0;0;2;0;0;2;-5,90556746;-38,6243248;"SPRF-CE";"DEL05-CE";"UOP02-DEL05-CE"
199776;2019-03-28;"quinta-feira";"19:40:00";"PR";277;723,9;"FOZ DO IGUACU";"Falta de Atenção à Condução";"Colisão transversal";"Com Vítimas Fatais";"Plena Noite";"Decrescente";"Céu Claro";"Dupla";"Retorno Regulamentado;Reta";"Sim";4;1;1;1;1;0;2;2;-25,50211639;-54,537431;"SPRF-PR";"DEL05-PR";"UOP01-DEL05-PR"
199777;2019-03-28;"quinta-feira";"18:40:00";"SC";101;44,8;"JOINVILLE";"Desobediência às normas de trânsito pelo condutor";"Colisão transversal";"Com Vítimas Feridas";"Plena Noite";"Crescente";"Nublado";"Simples";"Reta";"Sim";2;0;0;1;1;0;1;2;-26,31238996;-48,87458997;"SPRF-SC";"DEL03-SC";"UOP01-DEL03-SC"
199778;2019-03-28;"quinta-feira";"20:05:00";"MG";381;509,7;"SAO JOAQUIM DE BICAS";"Falta de Atenção à Condução";"Colisão traseira";"Com Vítimas Feridas";"Plena Noite";"Crescente";"Céu Claro";"Múltipla";"Reta";"Sim";2;0;1;0;1;0;1;2;-20,05334114;-44,28308845;"SPRF-MG";"DEL01-MG";"UOP03-DEL01-MG"
199779;2019-03-28;"quinta-feira";"17:20:00";"PI";343;529,5;"AMARANTE";"Falta de Atenção à Condução";"Saída de leito carroçável";"Sem Vítimas";"Anoitecer";"Crescente";"Chuva";"Simples";"Reta";"Não";4;0;0;0;4;0;0;1;-6,441292;-42,798122;"SPRF-PI";"DEL03-PI";"UOP01-DEL03-PI"
199780;2019-03-28;"quinta-feira";"20:00:00";"PR";369;201,5;"APUCARANA";"Desobediência às normas de trânsito pelo condutor";"Colisão transversal";"Com Vítimas Feridas";"Plena Noite";"Decrescente";"Céu Claro";"Simples";"Interseção de Vias";"Sim";2;0;0;1;1;0;1;2;-23,54213371;-51,45581424;"SPRF-PR";"DEL07-PR";"UOP03-DEL07-PR"
199782;2019-03-28;"quinta-feira";"20:15:00";"PB";230;157,7;"CAMPINA GRANDE";"Falta de Atenção à Condução";"Queda de ocupante de veículo";"Com Vítimas Feridas";"Plena Noite";"Decrescente";"Céu Claro";"Simples";"Reta";"Sim";2;0;0;2;0;0;2;1;-7,264;-35,9199;"SPRF-PB";"DEL02-PB";"UOP01-DEL02-PB"
199784;2019-03-28;"quinta-feira";"19:00:00";"RO";319;58;"PORTO VELHO";"Desobediência às normas de trânsito pelo condutor";"Colisão transversal";"Com Vítimas Feridas";"Plena Noite";"Decrescente";"Céu Claro";"Simples";"Reta";"Sim";2;0;0;1;1;0;1;2;-8,73718712;-63,91809409;"SPRF-RO";"DEL01-RO";"UOP01-DEL01-RO"
199785;2019-03-28;"quinta-feira";"18:30:00";"MA";10;311;"ACAILANDIA";"Falta de Atenção à Condução";"Colisão transversal";"Com Vítimas Feridas";"Plena Noite";"Decrescente";"Chuva";"Simples";"Reta";"Não";4;0;4;0;0;0;4;2;-5,017529;-47,547531;"SPRF-MA";"DEL04-MA";"UOP03-DEL04-MA"
199786;2019-03-28;"quinta-feira";"18:20:00";"ES";262;2,5;"CARIACICA";"Falta de Atenção do Pedestre";"Atropelamento de Pedestre";"Com Vítimas Feridas";"Anoitecer";"Crescente";"Céu Claro";"Múltipla";"Aclive";"Não";2;0;0;1;0;1;1;2;-20,33275688;-40,36077696;"SPRF-ES";"DEL01-ES";"UOP01-DEL01-ES"
199787;2019-03-28;"quinta-feira";"21:15:00";"RS";290;88;"PORTO ALEGRE";"Velocidade Incompatível";"Colisão com objeto estático";"Sem Vítimas";"Plena Noite";"Crescente";"Céu Claro";"Dupla";"Reta";"Sim";1;0;0;0;0;1;0;1;-29,967531;-51,137264;"SPRF-RS";"DEL01-RS";"UOP01-DEL01-RS"