"id";"data_inversa";"dia_semana";"horario";"uf";"br";"km";"municipio";"causa_acidente";"tipo_acidente";"classificacao_acidente";"fase_dia";"sentido_via";"condicao_metereologica";"tipo_pista";"tracado_via";"uso_solo";"pessoas";"mortos";"feridos_leves";"feridos_graves";"ilesos";"ignorados";"feridos";"veiculos";"latitude";"longitude";"regional";"delegacia";"uop"
199789;2019-03-28;"quinta-feira";"17:50:00";"GO";60;468;"JATAI";"Ingestão de Álcool";"Saída de leito carroçável";"Sem Vítimas";"Anoitecer";"Crescente";"Nublado";"Dupla";"Retorno Regulamentado";"Sim";1;0;0;0;1;0;0;1;-17,9213;-51,7426;"SPRF-GO";"DEL05-GO";"UOP01-DEL05-GO"
199790;2019-03-28;"quinta-feira";"21:00:00";"SC";282;5,5;"SAO JOSE";"Falta de Atenção à Condução";"Colisão com objeto estático";"Com Vítimas Feridas";"Plena Noite";"Crescente";"Nublado";"Dupla";"Curva";"Sim";1;0;1;0;0;0;1;1;-27,588425;-48,612919;"SPRF-SC";"DEL01-SC";"UOP01-DEL01-SC"
199792;2019-03-28;"quinta-feira";"21:10:00";"MS";463;103;"PONTA PORA";"Deficiência ou não Acionamento do Sistema de Iluminação/Sinalização do Veículo";"Colisão traseira";"Com Vítimas Feridas";"Plena Noite";"Crescente";"Céu Claro";"Simples";"Reta";"Não";2;0;0;1;0;1;1;2;-22,61219637;-55,64158218;"SPRF-MS";"DEL04-MS";"UOP03-DEL04-MS"
199795;2019-03-28;"quinta-feira";"18:29:00";"RO";364;342;"JI-PARANA";"Não guardar distância de segurança";"Colisão traseira";"Com Vítimas Feridas";"Plena Noite";"Crescente";"Chuva";"Múltipla";"Reta";"Sim";5;0;1;0;4;0;1;2;-10,88381227;-61,93741416;"SPRF-RO";"DEL02-RO";"UOP01-DEL02-RO"
199797;2019-03-28;"quinta-feira";"21:25:00";"BA";367;25,9;"PORTO SEGURO";"Desobediência às normas de trânsito pelo condutor";"Colisão transversal";"Com Vítimas Feridas";"Plena Noite";"Crescente";"Céu Claro";"Múltipla";"Reta";"Sim";2;0;2;0;0;0;2;2;-16,43805311;-39,09107101;"SPRF-BA";"DEL09-BA";"UOP01-DEL09-BA"
199798;2019-03-28;"quinta-feira";"22:50:00";"RJ";40;114;"DUQUE DE CAXIAS";"Defeito na Via";"Colisão traseira";"Com Vítimas Feridas";"Plena Noite";"Decrescente";"Chuva";"Múltipla";"Reta";"Sim";2;0;1;0;1;0;1;2;-22,71853604;-43,28993324;"SPRF-RJ";"DEL01-RJ";"UOP01-DEL01-RJ"
199799;2019-02-04;"segunda-feira";"10:20:00";"RJ";40;35;"AREAL";"Pista Escorregadia";"Colisão com objeto estático";"Com Vítimas Feridas";"Pleno dia";"Decrescente";"Nublado";"Dupla";"Curva";"Não";5;0;4;0;1;0;4;1;-22,2159;-43,1308;"SPRF-RJ";"DEL06-RJ";"UOP02-DEL05-RJ"
199800;2019-03-28;"quinta-feira";"23:00:00";"RN";101;109;"PARNAMIRIM";"Desobediência às normas de trânsito pelo condutor";"Colisão frontal";"Com Vítimas Feridas";"Plena Noite";"Crescente";"Garoa/Chuvisco";"Dupla";"Declive";"Sim";2;0;1;0;1;0;1;2;-5,937378;-35,26483;"SPRF-RN";"DEL01-RN";"UOP01-DEL01-RN"
199801;2019-03-28;"quinta-feira";"19:50:00";"RO";435;63,2;"VILHENA";"Falta de Atenção à Condução";"Saída de leito carroçável";"Com Vítimas Feridas";"Plena Noite";"Crescente";"Céu Claro";"Simples";"Curva";"Não";2;0;1;0;1;0;1;1;-13,08867454;-60,36952972;"SPRF-RO";"DEL04-RO";"UOP02-DEL04-RO"
199802;2019-03-28;"quinta-feira";"18:30:00";"MG";459;99,9;"POUSO ALEGRE";"Falta de Atenção do Pedestre";"Atropelamento de Pedestre";"Com Vítimas Fatais";"Plena Noite";"Decrescente";"Céu Claro";"Dupla";"Reta";"Sim";2;1;0;1;0;0;1;2;-22,21202029;-45,92438579;"SPRF-MG";"DEL16-MG";"UOP01-DEL16-MG"
199804;2019-03-29;"sexta-feira";"00:25:00";"RS";116;2;"PORTO ALEGRE";"Falta de Atenção à Condução";"Saída de leito carroçável";"Com Vítimas Feridas";"Plena Noite";"Crescente";"Céu Claro";"Simples";"Declive";"Sim";2;0;2;0;0;0;2;1;-30,033535;-51,230453;"SPRF-RS";"DEL01-RS";"UOP01-DEL01-RS"
199805;2019-03-28;"quinta-feira";"23:40:00";"PI";343;342,6;"TERESINA";"Desobediência às normas de trânsito pelo condutor";"Colisão frontal";"Com Vítimas Fatais";"Plena Noite";"Decrescente";"Nublado";"Simples";"Aclive";"Não";3;1;0;0;1;1;0;3;-5,08284;-42,750385;"SPRF-PI";"DEL01-PI";"UOP01-DEL01-PI"
199806;2019-03-29;"sexta-feira";"00:00:00";"GO";153;510;"APARECIDA DE GOIANIA";"Falta de Atenção à Condução";"Colisão traseira";"Com Vítimas Feridas";"Plena Noite";"Decrescente";"Nublado";"Simples";"Declive;Reta";"Sim";2;0;1;0;1;0;1;2;-16,7977;-49,2386;"SPRF-GO";"DEL01-GO";"UOP03-DEL01-GO"
199807;2019-03-28;"quinta-feira";"22:35:00";"SC";101;400,6;"MARACAJA";"Falta de Atenção do Pedestre";"Atropelamento de Pedestre";"Com Vítimas Fatais";"Plena Noite";"Crescente";"Nublado";"Múltipla";"Reta";"Sim";2;1;0;0;1;0;0;2;-28,84846615;-49,4346268;"SPRF-SC";"DEL02-SC";"UOP02-DEL02-SC"
199812;2019-03-29;"sexta-feira";"01:55:00";"SC";101;200,2;"SAO JOSE";"Pista Escorregadia";"Capotamento";"Com Vítimas Feridas";"Plena Noite";"Decrescente";"Chuva";"Múltipla";"Declive";"Sim";1;0;1;0;0;0;1;1;-27,54018513;-48,62287714;"SPRF-SC";"DEL01-SC";"UOP01-DEL01-SC"
199813;2019-03-28;"quinta-feira";"07:40:00";"MG";116;529,7;"CARATINGA";"Falta de Atenção à Condução";"Colisão traseira";"Sem Vítimas";"Pleno dia";"Crescente";"Céu Claro";"Simples";"Curva";"Sim";3;0;0;0;3;0;0;3;-19,80209596;-42,13678193;"SPRF-MG";"DEL06-MG";"UOP02-DEL06-MG"
199814;2019-03-28;"quinta-feira";"23:30:00";"SC";470;190;"POUSO REDONDO";"Defeito Mecânico no Veículo";"Incêndio";"Sem Vítimas";"Plena Noite";"Crescente";"Nublado";"Simples";"Aclive";"Não";1;0;0;0;1;0;0;1;-27,281504;-50,069775;"SPRF-SC";"DEL04-SC";"UOP02-DEL04-SC"
199815;2019-03-29;"sexta-feira";"02:50:00";"RS";386;344;"LAJEADO";"Ingestão de Álcool";"Tombamento";"Com Vítimas Feridas";"Plena Noite";"Crescente";"Céu Claro";"Simples";"Reta";"Sim";1;0;1;0;0;0;1;1;-29,439268;-51,993633;"SPRF-RS";"DEL04-RS";"UOP01-DEL04-RS"
199817;2019-03-29;"sexta-feira";"03:00:00";"MS";262;327,6;"CAMPO GRANDE";"Falta de Atenção à Condução";"Saída de leito carroçável";"Com Vítimas Feridas";"Plena Noite";"Decrescente";"Céu Claro";"Simples";"Rotatória";"Sim";3;0;1;0;1;1;1;1;-20,46507323;-54,54975843;"SPRF-MS";"DEL01-MS";"UOP01-DEL01-MS"
199821;2019-03-29;"sexta-feira";"05:30:00";"MG";381;858,9;"POUSO ALEGRE";"Defeito Mecânico no Veículo";"Queda de ocupante de veículo";"Com Vítimas Feridas";"Amanhecer";"Decrescente";"Céu Claro";"Dupla";"Reta";"Não";2;0;2;0;0;0;2;1;-22,34205201;-45,92609997;"SPRF-MG";"DEL16-MG";"UOP01-DEL16-MG"
199825;2019-03-29;"sexta-feira";"06:40:00";"ES";101;240;"SERRA";"Agressão Externa";"Colisão com objeto em movimento";"Com Vítimas Feridas";"Pleno dia";"Crescente";"Céu Claro";"Simples";"Reta";"Não";1;0;1;0;0;0;1;1;-20,01594191;-40,40401764;"SPRF-ES";"DEL02-ES";"UOP01-DEL02-ES"
199826;2019-03-29;"sexta-feira";"06:40:00";"PR";277;351,8;"GUARAPUAVA";"Falta de Atenção à Condução";"Colisão frontal";"Com Vítimas Feridas";"Pleno dia";"Crescente";"Sol";"Simples";"Reta";"Sim";2;0;0;1;1;0;1;2;-25,390621;-51,521241;"SPRF-PR";"DEL03-PR";"UOP01-DEL08-PR"
199827;2019-03-29;"sexta-feira";"06:40:00";"MG";381;447;"SANTA LUZIA";"Condutor Dormindo";"Colisão frontal";"Com Vítimas Feridas";"Pleno dia";"Crescente";"Céu Claro";"Simples";"Curva";"Não";4;0;0;1;3;0;1;2;-19,83447607;-43,85011601;"SPRF-MG";"DEL01-MG";"UOP01-DEL01-MG"
199829;2019-03-29;"sexta-feira";"05:50:00";"GO";153;96;"ANAPOLIS";"Falta de Atenção à Condução";"Queda de ocupante de veículo";"Com Vítimas Feridas";"Amanhecer";"Crescente";"Céu Claro";"Dupla";"Retorno Regulamentado";"Sim";3;0;2;0;1;0;2;3;-16,371;-48,9422;"SPRF-GO";"DEL07-GO";"UOP01-DEL07-GO"
199830;2019-03-28;"quinta-feira";"21:15:00";"SC";282;531,8;"CORDILHEIRA ALTA";"Velocidade Incompatível";"Capotamento";"Com Vítimas Feridas";"Plena Noite";"Decrescente";"Céu Claro";"Simples";"Curva";"Não";1;0;0;1;0;0;1;1;-26,99698134;-52,61447137;"SPRF-SC";"DEL07-SC";"UOP01-DEL07-SC"
199831;2019-03-29;"sexta-feira";"05:20:00";"SP";488;2,2;"APARECIDA";"Desobediência às normas de trânsito pelo condutor";"Colisão transversal";"Com Vítimas Feridas";"Amanhecer";"Decrescente";"Nublado";"Dupla";"Reta";"Sim";2;0;1;0;1;0;1;2;-22,849216;-45,236801;"SPRF-SP";"DEL08-SP";"UOP01-DEL08-SP"
199833;2019-03-28;"quinta-feira";"23:40:00";"PE";428;96;"SANTA MARIA DA BOA VISTA";"Animais na Pista";"Atropelamento de Animal";"Sem Vítimas";"Plena Noite";"Crescente";"Céu Claro";"Simples";"Reta";"Não";1;0;0;0;1;0;0;1;-8,81953809;-39,92723694;"SPRF-PE";"DEL06-PE";"UOP03-DEL06-PE"
199834;2019-03-29;"sexta-feira";"06:40:00";"SC";282;69,7;"RANCHO QUEIMADO";"Velocidade Incompatível";"Saída de leito carroçável";"Com Vítimas Feridas";"Amanhecer";"Decrescente";"Garoa/Chuvisco";"Simples";"Curva";"Não";1;0;1;0;0;0;1;1;-27,692406;-49,075939;"SPRF-SC";"DEL01-SC";"UOP03-DEL01-SC"
199835;2019-03-29;"sexta-feira";"07:25:00";"PR";369;152,4;"LONDRINA";"Desobediência às normas de trânsito pelo condutor";"Colisão transversal";"Com Vítimas Feridas";"Pleno dia";"Crescente";"Céu Claro";"Dupla";"Interseção de Vias";"Sim";2;0;0;1;0;1;1;2;-23,293604;-51,187393;"SPRF-PR";"DEL07-PR";"UOP01-DEL07-PR"
199836;2019-03-29;"sexta-feira";"06:45:00";"PI";343;342;"TERESINA";"Desobediência às normas de trânsito pelo condutor";"Colisão transversal";"Com Vítimas Feridas";"Pleno dia";"Crescente";"Céu Claro";"Simples";"Rotatória";"Sim";2;0;1;0;1;0;1;2;-5,08284;-42,750385;"SPRF-PI";"DEL01-PI";"UOP01-DEL01-PI"
199838;2019-03-29;"sexta-feira";"07:40:00";"RS";290;94;"PORTO ALEGRE";"Não guardar distância de segurança";"Colisão transversal";"Com Vítimas Feridas";"Pleno dia";"Crescente";"Céu Claro";"Dupla";"Reta";"Sim";2;0;1;0;0;1;1;2;-29,973856;-51,197853;"SPRF-RS";"DEL01-RS";"UOP01-DEL01-RS"
199839;2019-03-29;"sexta-feira";"07:40:00";"RS";290;95;"PORTO ALEGRE";"Não guardar distância de segurança";"Colisão traseira";"Com Vítimas Feridas";"Pleno dia";"Crescente";"Sol";"Dupla";"Reta";"Sim";3;0;3;0;0;0;3;2;-29,982832;-51,201572;"SPRF-RS";"DEL01-RS";"UOP01-DEL01-RS"
199840;2019-03-29;"sexta-feira";"07:45:00";"GO";153;501;"GOIANIA";"Não guardar distância de segurança";"Atropelamento de Pedestre";"Com Vítimas Feridas";"Pleno dia";"Decrescente";"Céu Claro";"Simples";"Reta";"Sim";3;0;0;2;1;0;2;2;-16,7189;-49,2382;"SPRF-GO";"DEL01-GO";"UOP01-DEL01-GO"
199842;2019-03-29;"sexta-feira";"08:00:00";"RJ";101;473;"ANGRA DOS REIS";"Falta de Atenção à Condução";"Colisão transversal";"Com Vítimas Feridas";"Pleno dia";"Decrescente";"Chuva";"Múltipla";"Interseção de Vias";"Sim";2;0;1;0;1;0;1;2;-22,98960623;-44,24168693;"SPRF-RJ";"DEL03-RJ";"UOP03-DEL03-RJ"
199844;2019-03-29;"sexta-feira";"03:20:00";"MS";60;570,5;"NIOAQUE";"Animais na Pista";"Atropelamento de Animal";"Com Vítimas Feridas";"Plena Noite";"Crescente";"Céu Claro";"Simples";"Reta";"Não";2;0;0;1;1;0;1;1;-21,34201603;-56,00294563;"SPRF-MS";"DEL05-MS";"UOP01-DEL05-MS"
199847;2019-03-29;"sexta-feira";"07:40:00";"MG";262;359;"BETIM";"Falta de Atenção à Condução";"Colisão transversal";"Com Vítimas Feridas";"Pleno dia";"Decrescente";"Céu Claro";"Dupla";"Reta";"Não";2;0;2;0;0;0;2;2;-19,98332234;-44,20214426;"SPRF-MG";"DEL01-MG";"UOP03-DEL01-MG"
199853;2019-03-29;"sexta-feira";"08:15:00";"CE";116;14,9;"FORTALEZA";"Desobediência às normas de trânsito pelo condutor";"Colisão lateral";"Com Vítimas Feridas";"Pleno dia";"Decrescente";"Nublado";"Dupla";"Reta";"Sim";4;0;4;0;0;0;4;2;-3,87722331;-38,50010473;"SPRF-CE";"DEL01-CE";"UOP02-DEL01-CE"
199855;2019-03-13;"quarta-feira";"16:10:00";"PR";369;85;"CORNELIO PROCOPIO";"Falta de Atenção à Condução";"Colisão transversal";"Sem Vítimas";"Pleno dia";"Decrescente";"Céu Claro";"Simples";"Reta";"Sim";2;0;0;0;2;0;0;2;-23,1734;-50,620039;"SPRF-PR";"DEL07-PR";"UOP05-DEL07-PR"
199857;2019-03-29;"sexta-feira";"08:15:00";"RS";290;92;"PORTO ALEGRE";"Não guardar distância de segurança";"Colisão traseira";"Com Vítimas Feridas";"Pleno dia";"Crescente";"Sol";"Múltipla";"Reta";"Sim";4;0;1;0;2;1;1;3;-29,971916;-51,176838;"SPRF-RS";"DEL01-RS";"UOP01-DEL01-RS"
199858;2019-03-29;"sexta-feira";"07:47:00";"MS";163;260,5;"DOURADOS";"Desobediência às normas de trânsito pelo condutor";"Colisão traseira";"Com Vítimas Fatais";"Pleno dia";"Decrescente";"Céu Claro";"Dupla";"Curva";"Sim";2;1;0;0;1;0;0;2;-22,24103528;-54,76938169;"SPRF-MS";"DEL04-MS";"UOP01-DEL04-MS"
199860;2019-02-24;"domingo";"16:36:00";"MG";40;783;"JUIZ DE FORA";"Desobediência às normas de trânsito pelo condutor";"Colisão traseira";"Com Vítimas Feridas";"Pleno dia";"Decrescente";"Céu Claro";"Dupla";"Declive";"Sim";3;0;1;0;2;0;1;3;-21,70406297;-43,45067808;"SPRF-MG";"DEL05-MG";"UOP01-DEL05-MG"
199862;2019-03-21;"quinta-feira";"19:30:00";"MG";381;455;"SABARA";"Falta de Atenção à Condução";"Colisão frontal";"Com Vítimas Feridas";"Plena Noite";"Decrescente";"Nublado";"Simples";"Reta";"Sim";3;0;1;0;1;1;1;3;-19,83616356;-43,86152029;"SPRF-MG";"DEL01-MG";"UOP01-DEL01-MG"
199863;2019-03-29;"sexta-feira";"05:20:00";"PE";423;41,4;"CACHOEIRINHA";"Ingestão de Álcool";"Colisão frontal";"Com Vítimas Feridas";"Amanhecer";"Decrescente";"Céu Claro";"Simples";"Reta";"Não";7;0;1;1;5;0;2;3;-8,50137217;-36,24621989;"SPRF-PE";"DEL03-PE";"UOP01-DEL03-PE"
199864;2019-03-29;"sexta-feira";"07:40:00";"RN";101;0;"SAO GONCALO DO AMARANTE";"Desobediência às normas de trânsito pelo condutor";"Colisão lateral";"Com Vítimas Feridas";"Pleno dia";"Crescente";"Céu Claro";"Dupla";"Reta";"Sim";3;0;1;1;1;0;2;2;-5,77418857;-35,2582705;"SPRF-RN";"DEL02-RN";"UOP01-DEL02-RN"
199865;2019-03-29;"sexta-feira";"09:20:00";"SC";101;215;"PALHOCA";"Pista Escorregadia";"Tombamento";"Com Vítimas Feridas";"Pleno dia";"Decrescente";"Chuva";"Dupla";"Reta";"Não";2;0;2;0;0;0;2;2;-27,65184843;-48,67604941;"SPRF-SC";"DEL01-SC";"UOP02-DEL01-SC"
199866;2019-03-29;"sexta-feira";"08:30:00";"MS";163;486,4;"CAMPO GRANDE";"Falta de Atenção à Condução";"Colisão transversal";"Com Vítimas Feridas";"Pleno dia";"Crescente";"Sol";"Simples";"Reta;Declive";"Sim";2;0;1;0;1;0;1;2;-20,4336361;-54,54376745;"SPRF-MS";"DEL01-MS";"UOP02-DEL01-MS"
199867;2019-03-29;"sexta-feira";"08:45:00";"SC";101;214,1;"PALHOCA";"Falta de Atenção à Condução";"Colisão lateral";"Com Vítimas Feridas";"Pleno dia";"Decrescente";"Chuva";"Dupla";"Reta";"Sim";3;0;2;0;1;0;2;2;-27,64443;-48,67057;"SPRF-SC";"DEL01-SC";"UOP02-DEL01-SC"
199868;2019-03-29;"sexta-feira";"07:25:00";"MG";116;725,1;"LARANJAL";"Condutor Dormindo";"Saída de leito carroçável";"Com Vítimas Feridas";"Pleno dia";"Crescente";"Nublado";"Simples";"Reta";"Não";1;0;1;0;0;0;1;1;-21,27652415;-42,40946288;"SPRF-MG";"DEL07-MG";"UOP02-DEL07-MG"
199870;2019-03-29;"sexta-feira";"10:20:00";"MG";262;50;"MANHUACU";"Desobediência às normas de trânsito pelo condutor";"Colisão lateral";"Com Vítimas Feridas";"Pleno dia";"Crescente";"Céu Claro";"Simples";"Reta";"Sim";2;0;1;0;1;0;1;2;-20,2428055;-42,13652397;"SPRF-MG";"DEL06-MG";"UOP03-DEL06-MG"
199872;2019-03-29;"sexta-feira";"08:00:00";"PR";153;103,9;"IBAITI";"Falta de Atenção à Condução";"Colisão frontal";"Com Vítimas Feridas";"Pleno dia";"Decrescente";"Céu Claro";"Simples";"Reta";"Não";4;0;2;1;0;1;3;3;-23,79674793;-50,18137692;"SPRF-PR";"DEL07-PR";"UOP04-DEL07-PR"
199874;2019-03-28;"quinta-feira";"23:45:00";"PR";277;343,8;"GUARAPUAVA";"Falta de Atenção à Condução";"Saída de leito carroçável";"Sem Vítimas";"Plena Noite";"Decrescente";"Céu Claro";"Dupla";"Reta";"Sim";1;0;0;0;1;0;0;1;-25,33989301;-51,419254;"SPRF-PR";"DEL03-PR";"UOP01-DEL08-PR"
199875;2019-03-29;"sexta-feira";"09:00:00";"RO";364;715;"PORTO VELHO";"Falta de Atenção à Condução";"Colisão lateral";"Com Vítimas Feridas";"Pleno dia";"Crescente";"Céu Claro";"Dupla";"Reta";"Sim";2;0;1;0;1;0;1;2;-8,77957291;-63,89174213;"SPRF-RO";"DEL01-RO";"UOP01-DEL01-RO"
199876;2019-03-29;"sexta-feira";"11:15:00";"RS";158;330,2;"SANTA MARIA";"Desobediência às normas de trânsito pelo condutor";"Colisão transversal";"Sem Vítimas";"Pleno dia";"Crescente";"Céu Claro";"Simples";"Rotatória";"Sim";2;0;0;0;2;0;0;2;-29,70132428;-53,84021759;"SPRF-RS";"DEL09-RS";"UOP01-DEL09-RS"
199877;2019-03-29;"sexta-feira";"11:15:00";"RS";386;143,8;"SARANDI";"Não guardar distância de segurança";"Colisão traseira";"Com Vítimas Feridas";"Pleno dia";"Crescente";"Céu Claro";"Simples";"Reta";"Não";2;0;1;0;1;0;1;2;-28,024887;-52,883507;"SPRF-RS";"DEL08-RS";"UOP01-DEL08-RS"
199878;2019-03-29;"sexta-feira";"09:50:00";"ES";101;146,7;"LINHARES";"Falta de Atenção à Condução";"Colisão transversal";"Com Vítimas Feridas";"Pleno dia";"Decrescente";"Céu Claro";"Dupla";"Reta";"Sim";2;0;1;0;1;0;1;2;-19,36990998;-40,06560718;"SPRF-ES";"DEL04-ES";"UOP01-DEL04-ES"
199881;2019-03-29;"sexta-feira";"11:00:00";"PR";158;533;"PATO BRANCO";"Desobediência às normas de trânsito pelo condutor";"Colisão transversal";"Com Vítimas Feridas";"Pleno dia";"Crescente";"Céu Claro";"Simples";"Reta;Aclive";"Sim";2;0;0;1;1;0;1;2;-26,21972809;-52,68262891;"SPRF-PR";"DEL02-PR";"UOP01-DEL02-PR"
199884;2019-03-29;"sexta-feira";"11:45:00";"PB";101;73,3;"SANTA RITA";"Falta de Atenção à Condução";"Colisão com objeto estático";"Sem Vítimas";"Pleno dia";"Crescente";"Nublado";"Dupla";"Retorno Regulamentado";"Não";1;0;0;0;1;0;0;1;-7,07828212;-34,98823508;"SPRF-PB";"DEL01-PB";"UOP04-DEL01-PB"
199885;2019-03-29;"sexta-feira";"12:00:00";"PR";369;185,2;"ARAPONGAS";"Desobediência às normas de trânsito pelo condutor";"Colisão transversal";"Com Vítimas Feridas";"Pleno dia";"Decrescente";"Sol";"Simples";"Interseção de Vias";"Sim";2;0;1;0;1;0;1;2;-23,40944048;-51,42774224;"SPRF-PR";"DEL07-PR";"UOP03-DEL07-PR"
199887;2019-03-29;"sexta-feira";"12:15:00";"MG";40;529,8;"CONTAGEM";"Falta de Atenção à Condução";"Colisão lateral";"Com Vítimas Feridas";"Pleno dia";"Crescente";"Céu Claro";"Dupla";"Reta;Aclive";"Sim";3;0;2;0;1;0;2;2;-19,91635592;-44,03966566;"SPRF-MG";"DEL01-MG";"UOP03-DEL01-MG"
199888;2019-03-29;"sexta-feira";"12:10:00";"SC";282;3;"FLORIANOPOLIS";"Falta de Atenção à Condução";"Engavetamento";"Com Vítimas Feridas";"Pleno dia";"Decrescente";"Céu Claro";"Dupla";"Reta";"Sim";3;0;1;0;2;0;1;3;-27,600384;-48,599705;"SPRF-SC";"DEL01-SC";"UOP01-DEL01-SC"
199889;2019-03-29;"sexta-feira";"11:45:00";"PR";376;657,5;"TIJUCAS DO SUL";"Velocidade Incompatível";"Saída de leito carroçável";"Sem Vítimas";"Pleno dia";"Decrescente";"Chuva";"Dupla";"Curva;Declive";"Não";1;0;0;0;1;0;0;1;-25,83883141;-49,0271759;"SPRF-PR";"DEL01-PR";"UOP04-DEL01-PR"
199890;2019-03-29;"sexta-feira";"11:45:00";"ES";101;65;"SAO MATEUS";"Falta de Atenção à Condução";"Atropelamento de Pedestre";"Com Vítimas Feridas";"Pleno dia";"Crescente";"Chuva";"Dupla";"Reta";"Sim";2;0;0;1;1;0;1;2;-18,70935945;-39,87762087;"SPRF-ES";"DEL04-ES";"UOP02-DEL04-ES"
199892;2019-03-29;"sexta-feira";"13:20:00";"CE";116;10;"FORTALEZA";"Falta de Atenção à Condução";"Colisão traseira";"Com Vítimas Feridas";"Pleno dia";"Decrescente";"Céu Claro";"Múltipla";"Reta";"Sim";3;0;1;1;0;1;2;2;-3,83603805;-38,5027281;"SPRF-CE";"DEL01-CE";"UOP02-DEL01-CE"
199894;2019-03-29;"sexta-feira";"12:25:00";"PR";376;208,1;"MANDAGUARI";"Falta de Atenção à Condução";"Colisão transversal";"Com Vítimas Feridas";"Pleno dia";"Crescente";"Céu Claro";"Simples";"Interseção de Vias";"Não";2;0;1;0;1;0;1;2;-23,52876613;-51,67576075;"SPRF-PR";"DEL07-PR";"UOP01-DEL09-PR"
199895;2019-03-29;"sexta-feira";"11:30:00";"MT";163;26,8;"ITIQUIRA";"Condutor Dormindo";"Saída de leito carroçável";"Com Vítimas Fatais";"Pleno dia";"Crescente";"Céu Claro";"Dupla";"Reta";"Não";6;2;4;0;0;0;4;1;-17,289274;-54,76419999;"SPRF-MT";"DEL02-MT";"DEL2/2-UOP02/MT"
199897;2019-03-29;"sexta-feira";"13:55:00";"PR";376;202,6;"MANDAGUARI";"Velocidade Incompatível";"Colisão traseira";"Com Vítimas Feridas";"Pleno dia";"Crescente";"Céu Claro";"Dupla";"Reta";"Não";5;0;2;0;2;1;2;4;-23,50951388;-51,72140497;"SPRF-PR";"DEL07-PR";"UOP01-DEL09-PR"
199898;2019-03-26;"terça-feira";"14:25:00";"MG";262;34;"MANHUACU";"Desobediência às normas de trânsito pelo condutor";"Colisão traseira";"Com Vítimas Feridas";"Pleno dia";"Crescente";"Sol";"Simples";"Curva";"Sim";2;0;0;1;1;0;1;2;-20,25692664;-42,01099203;"SPRF-MG";"DEL06-MG";"UOP03-DEL06-MG"
199900;2019-03-29;"sexta-feira";"13:40:00";"PE";407;127;"PETROLINA";"Desobediência às normas de trânsito pelo condutor";"Colisão transversal";"Com Vítimas Feridas";"Pleno dia";"Decrescente";"Céu Claro";"Simples";"Reta";"Sim";2;0;1;0;1;0;1;2;-9,3908678;-40,52038627;"SPRF-PE";"DEL06-PE";"UOP01-DEL06-PE"
199901;2019-03-29;"sexta-feira";"13:55:00";"SC";280;52,7;"GUARAMIRIM";"Falta de Atenção à Condução";"Colisão transversal";"Com Vítimas Feridas";"Pleno dia";"Decrescente";"Nublado";"Simples";"Interseção de Vias";"Sim";2;0;1;0;1;0;1;2;-26,47136055;-48,97127867;"SPRF-SC";"DEL03-SC";"UOP03-DEL03-SC"
199902;2019-03-17;"domingo";"07:10:00";"PR";369;163,8;"CAMBE";"Ingestão de Álcool";"Colisão traseira";"Com Vítimas Feridas";"Pleno dia";"Decrescente";"Céu Claro";"Dupla";"Reta";"Não";4;0;3;1;0;0;4;2;-23,2961;-51,283156;"SPRF-PR";"DEL07-PR";"UOP01-DEL07-PR"
199903;2019-03-29;"sexta-feira";"14:28:00";"PR";153;407,9;"PAULO FRONTIN";"Desobediência às normas de trânsito pelo condutor";"Colisão lateral";"Com Vítimas Feridas";"Pleno dia";"Crescente";"Céu Claro";"Simples";"Interseção de Vias";"Sim";2;0;1;0;1;0;1;2;-26,02394088;-50,83428662;"SPRF-PR";"DEL02-PR";"UOP03-DEL02-PR"
199907;2019-03-29;"sexta-feira";"13:45:00";"RN";101;100;"NATAL";"Sinalização da via insuficiente ou inadequada";"Colisão lateral";"Com Vítimas Feridas";"Pleno dia";"Crescente";"Nublado";"Dupla";"Reta";"Sim";2;0;1;0;1;0;1;2;-5,88106901;-35,22542396;"SPRF-RN";"DEL01-RN";"UOP01-DEL01-RN"
199908;2019-03-29;"sexta-feira";"13:30:00";"MS";463;89,8;"PONTA PORA";"Defeito Mecânico no Veículo";"Saída de leito carroçável";"Com Vítimas Feridas";"Pleno dia";"Decrescente";"Céu Claro";"Simples";"Reta";"Não";3;0;1;0;2;0;1;1;-22,59401425;-55,52857529;"SPRF-MS";"DEL04-MS";"UOP03-DEL04-MS"
199909;2019-03-29;"sexta-feira";"15:00:00";"GO";50;264,1;"CATALAO";"Defeito Mecânico no Veículo";"Saída de leito carroçável";"Com Vítimas Feridas";"Pleno dia";"Crescente";"Sol";"Dupla";"Reta";"Não";2;0;1;1;0;0;2;1;-18,0611;-47,8637;"SPRF-GO";"DEL06-GO";"UOP01-DEL06-GO"
199913;2019-01-28;"segunda-feira";"05:00:00";"BA";324;401;"NOVA FATIMA";"Animais na Pista";"Atropelamento de Animal";"Com Vítimas Feridas";"Amanhecer";"Crescente";"Ignorado";"Simples";"Reta";"Sim";5;0;0;1;1;3;1;2;-11,619964;-39,616442;"SPRF-BA";"DEL04-BA";"UOP02-DEL04-BA"
199914;2019-03-29;"sexta-feira";"15:45:00";"PE";232;115;"BEZERROS";"Falta de Atenção à Condução";"Capotamento";"Com Vítimas Feridas";"Pleno dia";"Decrescente";"Céu Claro";"Dupla";"Reta";"Não";1;0;0;1;0;0;1;1;-8,25531;-35,77375;"SPRF-PE";"DEL02-PE";"UOP03-DEL02-PE"