"id";"data_inversa";"dia_semana";"horario";"uf";"br";"km";"municipio";"causa_acidente";"tipo_acidente";"classificacao_acidente";"fase_dia";"sentido_via";"condicao_metereologica";"tipo_pista";"tracado_via";"uso_solo";"pessoas";"mortos";"feridos_leves";"feridos_graves";"ilesos";"ignorados";"feridos";"veiculos";"latitude";"longitude";"regional";"delegacia";"uop"
200034;2019-03-30;"sábado";"04:40:00";"MG";40;698;"BARBACENA";"Ingestão de Álcool";"Colisão lateral";"Sem Vítimas";"Amanhecer";"Decrescente";"Nublado";"Simples";"Reta";"Não";2;0;0;0;2;0;0;2;-21,16235;-43,759854;"SPRF-MG";"DEL05-MG";"UOP02-DEL05-MG"
200036;2019-03-30;"sábado";"05:00:00";"SC";101;135,2;"BALNEARIO CAMBORIU";"Velocidade Incompatível";"Colisão traseira";"Com Vítimas Feridas";"Plena Noite";"Crescente";"Céu Claro";"Dupla";"Reta";"Sim";2;0;1;0;1;0;1;2;-27,0050108;-48,62677494;"SPRF-SC";"DEL04-SC";"UOP03-DEL04-SC"
200039;2019-03-30;"sábado";"05:50:00";"MG";116;682,1;"MIRADOURO";"Não guardar distância de segurança";"Colisão traseira";"Com Vítimas Feridas";"Amanhecer";"Decrescente";"Céu Claro";"Simples";"Reta";"Não";4;0;2;0;2;0;2;2;-20,95666795;-42,34992689;"SPRF-MG";"DEL07-MG";"UOP02-DEL07-MG"
200040;2019-03-30;"sábado";"02:00:00";"PE";232;123,2;"CARUARU";"Ingestão de Álcool";"Saída de leito carroçável";"Com Vítimas Feridas";"Plena Noite";"Decrescente";"Céu Claro";"Dupla";"Reta";"Não";1;0;0;1;0;0;1;1;-8,30417276;-35,92823905;"SPRF-PE";"DEL02-PE";"UOP03-DEL02-PE"
200041;2019-03-29;"sexta-feira";"23:20:00";"PR";277;109;"CAMPO LARGO";"Desobediência às normas de trânsito pelo condutor";"Colisão com objeto estático";"Com Vítimas Feridas";"Plena Noite";"Crescente";"Nublado";"Dupla";"Curva";"Sim";4;0;2;2;0;0;4;1;-25,44229458;-49,44880843;"SPRF-PR";"DEL01-PR";"UOP06-DEL01-PR"
200042;2019-03-30;"sábado";"01:10:00";"RS";386;38,1;"FREDERICO WESTPHALEN";"Ingestão de Álcool";"Colisão frontal";"Com Vítimas Feridas";"Plena Noite";"Crescente";"Céu Claro";"Simples";"Reta";"Não";3;0;1;1;1;0;2;2;-27,391367;-53,400776;"SPRF-RS";"DEL08-RS";"UOP02-DEL08-RS"
200043;2019-03-30;"sábado";"04:30:00";"SP";116;230,5;"SAO PAULO";"Falta de Atenção à Condução";"Colisão com objeto estático";"Sem Vítimas";"Amanhecer";"Decrescente";"Céu Claro";"Múltipla";"Reta";"Sim";1;0;0;0;0;1;0;1;-23,52251783;-46,5855702;"SPRF-SP";"DEL01-SP";"UOP01-DEL01-SP"
200044;2019-03-30;"sábado";"05:00:00";"TO";153;145;"ARAGUAINA";"Falta de Atenção à Condução";"Queda de ocupante de veículo";"Com Vítimas Feridas";"Amanhecer";"Decrescente";"Nublado";"Dupla";"Aclive";"Sim";1;0;1;0;0;0;1;1;-7,20503614;-48,24035166;"SPRF-TO";"DEL02-TO";"UOP01-DEL02-TO"
200047;2019-03-29;"sexta-feira";"18:20:00";"SC";282;46;"AGUAS MORNAS";"Velocidade Incompatível";"Capotamento";"Com Vítimas Feridas";"Plena Noite";"Decrescente";"Garoa/Chuvisco";"Simples";"Declive";"Não";2;0;1;1;0;0;2;1;-27,721041;-48,925152;"SPRF-SC";"DEL01-SC";"UOP03-DEL01-SC"
200049;2019-03-30;"sábado";"06:20:00";"MG";381;446;"SANTA LUZIA";"Restrição de Visibilidade";"Engavetamento";"Com Vítimas Feridas";"Pleno dia";"Decrescente";"Céu Claro";"Simples";"Reta";"Não";8;0;5;0;2;1;5;3;-19,82950465;-43,84255613;"SPRF-MG";"DEL01-MG";"UOP01-DEL01-MG"
200050;2019-03-30;"sábado";"06:25:00";"MS";262;313,9;"CAMPO GRANDE";"Ultrapassagem Indevida";"Colisão frontal";"Com Vítimas Fatais";"Pleno dia";"Crescente";"Céu Claro";"Simples";"Reta";"Não";2;1;0;0;1;0;0;2;-20,472361;-54,419537;"SPRF-MS";"DEL01-MS";"UOP01-DEL01-MS"
200051;2019-03-30;"sábado";"07:10:00";"PE";232;554,3;"PARNAMIRIM";"Velocidade Incompatível";"Capotamento";"Com Vítimas Feridas";"Pleno dia";"Crescente";"Sol";"Simples";"Reta";"Não";7;0;5;2;0;0;7;1;-8,08677211;-39,52424697;"SPRF-PE";"DEL05-PE";"UOP01-DEL05-PE"
200052;2019-03-29;"sexta-feira";"11:40:00";"SC";282;25,6;"SANTO AMARO DA IMPERATRIZ";"Mal Súbito";"Saída de leito carroçável";"Com Vítimas Feridas";"Pleno dia";"Decrescente";"Garoa/Chuvisco";"Simples";"Reta";"Não";1;0;1;0;0;0;1;1;-27,678228;-48,752895;"SPRF-SC";"DEL01-SC";"UOP03-DEL01-SC"
200057;2019-03-30;"sábado";"07:20:00";"RS";392;26,5;"RIO GRANDE";"Falta de Atenção à Condução";"Saída de leito carroçável";"Com Vítimas Feridas";"Pleno dia";"Decrescente";"Céu Claro";"Simples";"Reta";"Sim";2;0;1;0;1;0;1;1;-32,07835445;-52,25665029;"SPRF-RS";"DEL07-RS";"UOP02-DEL07-RS"
200058;2019-03-29;"sexta-feira";"14:05:00";"SC";282;80;"ALFREDO WAGNER";"Velocidade Incompatível";"Colisão frontal";"Com Vítimas Feridas";"Pleno dia";"Decrescente";"Chuva";"Simples";"Curva";"Não";6;0;5;0;1;0;5;3;-27,663555;-49,159309;"SPRF-SC";"DEL01-SC";"UOP03-DEL01-SC"
200062;2019-03-30;"sábado";"07:00:00";"PR";369;158,7;"CAMBE";"Ingestão de Álcool";"Saída de leito carroçável";"Sem Vítimas";"Pleno dia";"Crescente";"Sol";"Dupla";"Aclive;Reta";"Sim";5;0;0;0;5;0;0;1;-23,2846946;-51,24125093;"SPRF-PR";"DEL07-PR";"UOP01-DEL07-PR"
200063;2019-03-30;"sábado";"08:15:00";"MG";262;384,2;"MATEUS LEME";"Condutor Dormindo";"Saída de leito carroçável";"Com Vítimas Feridas";"Pleno dia";"Decrescente";"Céu Claro";"Dupla";"Curva";"Não";1;0;1;0;0;0;1;1;-19,93073825;-44,41148997;"SPRF-MG";"DEL01-MG";"UOP03-DEL01-MG"
200065;2019-03-30;"sábado";"08:35:00";"GO";40;0,7;"VALPARAISO DE GOIAS";"Não guardar distância de segurança";"Engavetamento";"Com Vítimas Feridas";"Pleno dia";"Crescente";"Céu Claro";"Dupla";"Reta";"Sim";5;0;0;1;4;0;1;4;-16,058273;-47,982655;"SPRF-DF";"DEL01-DF";"UOP01-DEL01-DF"
200066;2019-03-30;"sábado";"09:20:00";"PR";369;202,1;"APUCARANA";"Desobediência às normas de trânsito pelo condutor";"Colisão transversal";"Com Vítimas Feridas";"Pleno dia";"Crescente";"Céu Claro";"Simples";"Reta;Declive";"Sim";2;0;0;1;1;0;1;2;-23,5434544;-51,45464748;"SPRF-PR";"DEL07-PR";"UOP03-DEL07-PR"
200068;2019-03-30;"sábado";"09:00:00";"SP";116;219;"GUARULHOS";"Não guardar distância de segurança";"Colisão lateral";"Com Vítimas Feridas";"Pleno dia";"Crescente";"Sol";"Múltipla";"Reta";"Sim";3;0;1;0;2;0;1;3;-23,46143954;-46,48885316;"SPRF-SP";"DEL01-SP";"UOP01-DEL01-SP"
200069;2019-03-30;"sábado";"08:15:00";"GO";60;23;"ALEXANIA";"Falta de Atenção à Condução";"Saída de leito carroçável";"Com Vítimas Feridas";"Pleno dia";"Crescente";"Céu Claro";"Dupla";"Reta";"Não";4;0;2;0;2;0;2;2;-16,11814123;-48,43055606;"SPRF-DF";"DEL01-DF";"UOP01-DEL03-DF"
200072;2019-03-30;"sábado";"08:40:00";"RO";319;59;"PORTO VELHO";"Falta de Atenção à Condução";"Colisão lateral";"Com Vítimas Feridas";"Pleno dia";"Crescente";"Céu Claro";"Dupla";"Retorno Regulamentado";"Sim";2;0;1;0;1;0;1;2;-8,74293589;-63,9069593;"SPRF-RO";"DEL01-RO";"UOP01-DEL01-RO"
200073;2019-03-30;"sábado";"09:45:00";"MG";116;754,5;"LEOPOLDINA";"Falta de Atenção à Condução";"Colisão traseira";"Com Vítimas Feridas";"Pleno dia";"Crescente";"Céu Claro";"Simples";"Reta";"Não";2;0;0;1;1;0;1;2;-21,47859776;-42,57564516;"SPRF-MG";"DEL07-MG";"UOP01-DEL07-MG"
200075;2019-03-30;"sábado";"09:38:00";"RN";101;93,9;"NATAL";"Falta de Atenção à Condução";"Colisão lateral";"Com Vítimas Feridas";"Pleno dia";"Decrescente";"Sol";"Dupla";"Interseção de Vias";"Sim";2;0;2;0;0;0;2;2;-5,82309126;-35,20879637;"SPRF-RN";"DEL01-RN";"UOP01-DEL01-RN"
200076;2019-03-30;"sábado";"06:30:00";"RN";304;35,6;"MOSSORO";"Falta de Atenção à Condução";"Colisão lateral";"Com Vítimas Feridas";"Pleno dia";"Crescente";"Céu Claro";"Dupla";"Reta";"Não";2;0;1;0;1;0;1;2;-5,16642924;-37,35239983;"SPRF-RN";"DEL04-RN";"UOP02-DEL04-RN"
200077;2019-03-30;"sábado";"07:40:00";"SC";101;139;"ITAPEMA";"Falta de Atenção à Condução";"Colisão lateral";"Com Vítimas Feridas";"Pleno dia";"Crescente";"Céu Claro";"Simples";"Curva";"Não";2;0;1;0;1;0;1;2;-27,02982303;-48,60115006;"SPRF-SC";"DEL04-SC";"UOP03-DEL04-SC"
200078;2019-03-30;"sábado";"09:10:00";"SE";101;8;"CEDRO DE SAO JOAO";"Desobediência às normas de trânsito pelo condutor";"Saída de leito carroçável";"Sem Vítimas";"Pleno dia";"Decrescente";"Nublado";"Simples";"Reta";"Não";3;0;0;0;3;0;0;1;-10,26375274;-36,86557237;"SPRF-SE";"DEL02-SE";"UOP02-DEL02-SE"
200080;2019-03-30;"sábado";"07:40:00";"SC";282;28,6;"SANTO AMARO DA IMPERATRIZ";"Falta de Atenção à Condução";"Colisão transversal";"Com Vítimas Feridas";"Pleno dia";"Decrescente";"Céu Claro";"Simples";"Rotatória";"Não";2;0;1;0;1;0;1;2;-27,67478;-48,778904;"SPRF-SC";"DEL01-SC";"UOP03-DEL01-SC"
200081;2019-03-30;"sábado";"10:00:00";"PE";232;125,9;"CARUARU";"Defeito na Via";"Saída de leito carroçável";"Sem Vítimas";"Pleno dia";"Decrescente";"Chuva";"Dupla";"Reta";"Não";2;0;0;0;2;0;0;1;-8,30807114;-35,94580097;"SPRF-PE";"DEL02-PE";"UOP03-DEL02-PE"
200083;2019-03-30;"sábado";"10:20:00";"GO";60;18,5;"ALEXANIA";"Falta de Atenção à Condução";"Saída de leito carroçável";"Com Vítimas Feridas";"Pleno dia";"Crescente";"Céu Claro";"Dupla";"Curva";"Não";1;0;1;0;0;0;1;1;-16,0963;-48,5202;"SPRF-DF";"DEL01-DF";"UOP01-DEL03-DF"
200085;2019-03-30;"sábado";"07:50:00";"CE";222;313,1;"TIANGUA";"Falta de Atenção à Condução";"Colisão transversal";"Com Vítimas Feridas";"Pleno dia";"Decrescente";"Sol";"Simples";"Reta";"Sim";2;0;2;0;0;0;2;2;-3,7236142;-40,99670064;"SPRF-CE";"DEL04-CE";"UOP02-DEL04-CE"
200087;2019-03-30;"sábado";"10:40:00";"PR";277;589;"CASCAVEL";"Não guardar distância de segurança";"Colisão traseira";"Com Vítimas Feridas";"Pleno dia";"Crescente";"Céu Claro";"Simples";"Reta";"Sim";4;0;1;0;3;0;1;2;-24,97777319;-53,44688591;"SPRF-PR";"DEL04-PR";"UOP01-DEL04-PR"
200088;2019-03-30;"sábado";"10:15:00";"RJ";40;74,9;"PETROPOLIS";"Velocidade Incompatível";"Queda de ocupante de veículo";"Com Vítimas Feridas";"Pleno dia";"Crescente";"Nublado";"Simples";"Curva";"Não";1;0;1;0;0;0;1;1;-22,47224973;-43,22332717;"SPRF-RJ";"DEL06-RJ";"UOP01-DEL06-RJ"
200089;2019-03-30;"sábado";"10:25:00";"PR";376;169,2;"MARINGA";"Não guardar distância de segurança";"Colisão traseira";"Com Vítimas Feridas";"Pleno dia";"Decrescente";"Sol";"Dupla";"Reta";"Não";2;0;1;0;1;0;1;2;-23,41293401;-51,98354301;"SPRF-PR";"DEL07-PR";"UOP01-DEL09-PR"
200091;2019-03-30;"sábado";"09:50:00";"RO";319;64;"PORTO VELHO";"Falta de Atenção à Condução";"Colisão traseira";"Com Vítimas Feridas";"Pleno dia";"Decrescente";"Céu Claro";"Dupla";"Reta";"Sim";3;0;1;0;2;0;1;2;-8,766685;-63,884052;"SPRF-RO";"DEL01-RO";"UOP01-DEL01-RO"
200092;2019-03-30;"sábado";"10:10:00";"PI";316;0,4;"TERESINA";"Desobediência às normas de trânsito pelo condutor";"Colisão transversal";"Com Vítimas Feridas";"Pleno dia";"Crescente";"Céu Claro";"Dupla";"Reta";"Sim";3;0;2;0;1;0;2;2;-5,131168;-42,81564;"SPRF-PI";"DEL01-PI";"UOP02-DEL01-PI"
200093;2019-03-30;"sábado";"10:35:00";"RS";116;247,1;"SAO LEOPOLDO";"Falta de Atenção à Condução";"Colisão traseira";"Com Vítimas Feridas";"Pleno dia";"Decrescente";"Sol";"Dupla";"Reta";"Sim";3;0;1;1;1;0;2;2;-29,76733091;-51,1535296;"SPRF-RS";"DEL01-RS";"UOP02-DEL01-RS"
200095;2019-03-30;"sábado";"10:20:00";"PR";277;543;"IBEMA";"Mal Súbito";"Saída de leito carroçável";"Com Vítimas Feridas";"Pleno dia";"Decrescente";"Céu Claro";"Simples";"Curva";"Não";3;0;1;0;2;0;1;1;-25,10347621;-53,06199515;"SPRF-PR";"DEL04-PR";"UOP04-DEL04-PR"
200096;2019-03-30;"sábado";"09:15:00";"RJ";40;121;"DUQUE DE CAXIAS";"Falta de Atenção à Condução";"Queda de ocupante de veículo";"Com Vítimas Feridas";"Pleno dia";"Crescente";"Sol";"Múltipla";"Reta";"Sim";1;0;1;0;0;0;1;1;-22,78185499;-43,28571273;"SPRF-RJ";"DEL01-RJ";"UOP01-DEL01-RJ"
200099;2019-03-30;"sábado";"11:00:00";"GO";153;534;"HIDROLANDIA";"Desobediência às normas de trânsito pelo condutor";"Colisão transversal";"Com Vítimas Feridas";"Pleno dia";"Crescente";"Céu Claro";"Dupla";"Reta";"Não";3;0;3;0;0;0;3;2;-17,0016;-49,2231;"SPRF-GO";"DEL01-GO";"UOP03-DEL01-GO"
200102;2019-03-30;"sábado";"10:30:00";"MG";40;805,4;"MATIAS BARBOSA";"Velocidade Incompatível";"Colisão com objeto estático";"Com Vítimas Feridas";"Pleno dia";"Crescente";"Céu Claro";"Dupla";"Curva;Declive";"Não";3;0;3;0;0;0;3;1;-21,86534291;-43,36765294;"SPRF-MG";"DEL05-MG";"UOP01-DEL05-MG"
200103;2019-03-30;"sábado";"10:30:00";"BA";407;125;"SENHOR DO BONFIM";"Falta de Atenção à Condução";"Colisão transversal";"Com Vítimas Feridas";"Pleno dia";"Decrescente";"Nublado";"Simples";"Reta";"Sim";3;0;1;1;1;0;2;2;-10,44762504;-40,18494809;"SPRF-BA";"DEL04-BA";"UOP01-DEL04-BA"
200104;2019-03-30;"sábado";"10:25:00";"MS";463;101,7;"PONTA PORA";"Desobediência às normas de trânsito pelo condutor";"Colisão lateral";"Com Vítimas Feridas";"Pleno dia";"Decrescente";"Céu Claro";"Simples";"Reta";"Sim";2;0;0;1;1;0;1;2;-22,62057208;-55,62439404;"SPRF-MS";"DEL04-MS";"UOP03-DEL04-MS"
200105;2019-03-30;"sábado";"08:40:00";"MS";163;477,9;"CAMPO GRANDE";"Falta de Atenção à Condução";"Colisão transversal";"Com Vítimas Feridas";"Pleno dia";"Crescente";"Céu Claro";"Simples";"Reta";"Não";2;0;2;0;0;0;2;2;-20,50427591;-54,55557367;"SPRF-MS";"DEL01-MS";"UOP01-DEL01-MS"
200106;2019-03-22;"sexta-feira";"23:30:00";"MS";163;525,1;"JARAGUARI";"Defeito Mecânico no Veículo";"Tombamento";"Com Vítimas Feridas";"Plena Noite";"Crescente";"Céu Claro";"Simples";"Curva";"Não";1;0;1;0;0;0;1;1;-20,1143031148;-54,4442784693;"SPRF-MS";"DEL01-MS";"UOP02-DEL01-MS"
200111;2019-03-30;"sábado";"11:15:00";"CE";116;50,7;"PACAJUS";"Desobediência às normas de trânsito pelo condutor";"Capotamento";"Sem Vítimas";"Pleno dia";"Crescente";"Chuva";"Dupla";"Reta";"Não";1;0;0;0;1;0;0;1;-4,16955504;-38,49286781;"SPRF-CE";"DEL03-CE";"UOP02-DEL03-CE"
200112;2019-03-30;"sábado";"08:15:00";"BA";116;728,6;"BOA NOVA";"Defeito Mecânico no Veículo";"Saída de leito carroçável";"Com Vítimas Feridas";"Pleno dia";"Decrescente";"Sol";"Simples";"Reta";"Não";3;0;2;0;1;0;2;1;-14,26300405;-40,28864987;"SPRF-BA";"DEL08-BA";"UOP02-DEL08-BA"
200114;2019-03-30;"sábado";"10:00:00";"SC";282;567,1;"NOVA ERECHIM";"Falta de Atenção à Condução";"Colisão com objeto estático";"Com Vítimas Feridas";"Pleno dia";"Crescente";"Céu Claro";"Simples";"Reta";"Não";1;0;0;1;0;0;1;1;-26,90431388;-52,89599419;"SPRF-SC";"DEL07-SC";"UOP02-DEL07-SC"
200115;2019-03-30;"sábado";"12:30:00";"SC";280;38;"GUARAMIRIM";"Falta de Atenção à Condução";"Colisão traseira";"Com Vítimas Feridas";"Pleno dia";"Crescente";"Céu Claro";"Simples";"Aclive";"Sim";2;0;0;1;1;0;1;2;-26,44812855;-48,82794004;"SPRF-SC";"DEL03-SC";"UOP03-DEL03-SC"
200117;2019-03-30;"sábado";"12:30:00";"BA";407;220;"CAPIM GROSSO";"Defeito Mecânico no Veículo";"Incêndio";"Sem Vítimas";"Pleno dia";"Decrescente";"Nublado";"Simples";"Reta";"Não";1;0;0;0;0;1;0;1;-11,271311;-40,02266804;"SPRF-BA";"DEL04-BA";"UOP02-DEL04-BA"
200118;2019-03-30;"sábado";"11:30:00";"PR";369;38,8;"ANDIRA";"Falta de Atenção à Condução";"Colisão traseira";"Com Vítimas Feridas";"Pleno dia";"Decrescente";"Céu Claro";"Simples";"Reta";"Sim";3;0;3;0;0;0;3;2;-23,05501028;-50,24334848;"SPRF-PR";"DEL07-PR";"UOP05-DEL07-PR"
200120;2019-03-30;"sábado";"09:30:00";"SC";101;358,1;"SANGAO";"Ultrapassagem Indevida";"Colisão transversal";"Com Vítimas Feridas";"Pleno dia";"Crescente";"Céu Claro";"Múltipla";"Viaduto";"Não";2;0;0;1;1;0;1;2;-28,642765;-49,100403;"SPRF-SC";"DEL02-SC";"UOP01-DEL02-SC"
200123;2019-03-30;"sábado";"12:20:00";"SC";101;132;"BALNEARIO CAMBORIU";"Falta de Atenção à Condução";"Engavetamento";"Com Vítimas Feridas";"Pleno dia";"Crescente";"Céu Claro";"Simples";"Reta";"Sim";5;0;2;0;3;0;2;3;-26,99654133;-48,65564711;"SPRF-SC";"DEL04-SC";"UOP03-DEL04-SC"
200124;2019-02-22;"sexta-feira";"11:10:00";"SC";282;1;"FLORIANOPOLIS";"Falta de Atenção à Condução";"Colisão traseira";"Com Vítimas Feridas";"Pleno dia";"Decrescente";"Ignorado";"Dupla";"Reta";"Sim";2;0;1;0;0;1;1;2;-27,602955;-48,580509;"SPRF-SC";"DEL01-SC";"UOP01-DEL01-SC"
200125;2019-03-30;"sábado";"10:45:00";"MG";459;102,8;"POUSO ALEGRE";"Não guardar distância de segurança";"Colisão traseira";"Com Vítimas Feridas";"Pleno dia";"Crescente";"Céu Claro";"Dupla";"Aclive";"Sim";2;0;1;0;1;0;1;2;-22,231585;-45,900378;"SPRF-MG";"DEL16-MG";"UOP01-DEL16-MG"
200126;2019-03-30;"sábado";"13:36:00";"SE";235;35;"ITABAIANA";"Animais na Pista";"Atropelamento de Animal";"Com Vítimas Feridas";"Pleno dia";"Decrescente";"Nublado";"Simples";"Interseção de Vias";"Sim";2;0;1;0;1;0;1;2;-10,767558;-37,328533;"SPRF-SE";"DEL01-SE";"UOP02-DEL01-SE"
200127;2019-03-30;"sábado";"14:00:00";"SC";470;67,9;"INDAIAL";"Ingestão de Álcool";"Colisão transversal";"Com Vítimas Feridas";"Pleno dia";"Crescente";"Céu Claro";"Simples";"Reta";"Sim";2;0;0;1;1;0;1;2;-26,883745;-49,246704;"SPRF-SC";"DEL04-SC";"UOP01-DEL04-SC"
200130;2019-03-30;"sábado";"13:20:00";"MG";40;465,4;"SETE LAGOAS";"Falta de Atenção à Condução";"Saída de leito carroçável";"Com Vítimas Feridas";"Pleno dia";"Crescente";"Céu Claro";"Dupla";"Reta";"Sim";1;0;1;0;0;0;1;1;-19,43835777;-44,33103681;"SPRF-MG";"DEL02-MG";"UOP01-DEL02-MG"
200131;2019-03-30;"sábado";"14:00:00";"SP";116;215,3;"GUARULHOS";"Não guardar distância de segurança";"Colisão lateral";"Com Vítimas Feridas";"Pleno dia";"Decrescente";"Céu Claro";"Simples";"Reta";"Não";2;0;1;0;0;1;1;2;-23,44695693;-46,45394103;"SPRF-SP";"DEL01-SP";"UOP01-DEL01-SP"
200132;2019-03-30;"sábado";"06:30:00";"PB";230;21;"JOAO PESSOA";"Avarias e/ou desgaste excessivo no pneu";"Queda de ocupante de veículo";"Com Vítimas Feridas";"Pleno dia";"Decrescente";"Sol";"Dupla";"Reta";"Sim";2;0;0;1;0;1;1;1;-7,1415;-34,8519;"SPRF-PB";"DEL01-PB";"UOP01-DEL01-PB"
200134;2019-03-30;"sábado";"13:45:00";"MG";459;11,1;"CALDAS";"Ingestão de Álcool";"Colisão traseira";"Sem Vítimas";"Pleno dia";"Decrescente";"Céu Claro";"Simples";"Reta";"Sim";2;0;0;0;2;0;0;2;-21,814434;-46,467499;"SPRF-MG";"DEL13-MG";"UOP01-DEL13-MG"
200135;2019-03-30;"sábado";"13:10:00";"MG";262;461,5;"ARAUJOS";"Desobediência às normas de trânsito pelo condutor";"Capotamento";"Com Vítimas Feridas";"Pleno dia";"Crescente";"Céu Claro";"Simples";"Aclive;Reta";"Não";4;0;3;1;0;0;4;1;-19,82283349;-45,08196173;"SPRF-MG";"DEL08-MG";"UOP03-DEL08-MG"
200136;2019-03-30;"sábado";"14:00:00";"PR";476;95;"BOCAIUVA DO SUL";"Desobediência às normas de trânsito pelo condutor";"Colisão transversal";"Com Vítimas Feridas";"Pleno dia";"Crescente";"Céu Claro";"Simples";"Reta";"Não";2;0;0;1;1;0;1;2;-25,225365;-49,115093;"SPRF-PR";"DEL01-PR";"UOP07-DEL01-PR"
200139;2019-03-30;"sábado";"14:10:00";"SC";101;418,9;"ARARANGUA";"Falta de Atenção à Condução";"Colisão lateral";"Com Vítimas Feridas";"Pleno dia";"Crescente";"Céu Claro";"Múltipla";"Reta";"Sim";2;0;0;1;0;1;1;2;-28,99114651;-49,54835057;"SPRF-SC";"DEL02-SC";"UOP02-DEL02-SC"
200140;2019-03-30;"sábado";"14:15:00";"ES";101;145;"LINHARES";"Falta de Atenção à Condução";"Colisão transversal";"Com Vítimas Feridas";"Pleno dia";"Crescente";"Sol";"Múltipla";"Reta";"Sim";4;0;0;2;2;0;2;3;-19,36089598;-40,06464018;"SPRF-ES";"DEL04-ES";"UOP01-DEL04-ES"
200141;2019-03-30;"sábado";"14:35:00";"PE";101;82,3;"JABOATAO DOS GUARARAPES";"Falta de Atenção à Condução";"Colisão lateral";"Com Vítimas Feridas";"Pleno dia";"Crescente";"Nublado";"Dupla";"Reta";"Sim";3;0;2;0;1;0;2;2;-8,168383;-34,9376;"SPRF-PE";"DEL01-PE";"UOP03-DEL01-PE"
200142;2019-03-30;"sábado";"14:15:00";"ES";101;229;"FUNDAO";"Falta de Atenção à Condução";"Colisão traseira";"Com Vítimas Feridas";"Pleno dia";"Decrescente";"Nublado";"Simples";"Reta";"Sim";2;0;1;0;1;0;1;2;-19,92727879;-40,40587142;"SPRF-ES";"DEL02-ES";"UOP01-DEL02-ES"
200143;2019-03-30;"sábado";"14:40:00";"RN";405;175,5;"JOSE DA PENHA";"Desobediência às normas de trânsito pelo condutor";"Colisão transversal";"Com Vítimas Feridas";"Pleno dia";"Decrescente";"Nublado";"Simples";"Reta";"Sim";2;0;1;1;0;0;2;2;-6,311439;-38,283259;"SPRF-RN";"DEL04-RN";"UOP02-DEL04-RN"
200147;2019-03-30;"sábado";"14:45:00";"PR";158;507;"CORONEL VIVIDA";"Falta de Atenção à Condução";"Saída de leito carroçável";"Sem Vítimas";"Pleno dia";"Crescente";"Sol";"Simples";"Curva";"Não";1;0;0;0;1;0;0;1;-26,02180124;-52,57733183;"SPRF-PR";"DEL02-PR";"UOP01-DEL02-PR"
200149;2019-03-30;"sábado";"14:30:00";"CE";116;371,6;"ICO";"Defeito na Via";"Queda de ocupante de veículo";"Com Vítimas Feridas";"Pleno dia";"Decrescente";"Nublado";"Simples";"Reta";"Sim";1;0;0;1;0;0;1;1;-6,37318104;-38,80311799;"SPRF-CE";"DEL05-CE";"UOP01-DEL05-CE"
200151;2019-03-30;"sábado";"13:30:00";"AL";316;257,2;"PILAR";"Avarias e/ou desgaste excessivo no pneu";"Tombamento";"Com Vítimas Feridas";"Pleno dia";"Decrescente";"Chuva";"Simples";"Reta";"Não";4;0;2;0;2;0;2;2;-9,59111036;-35,93216002;"SPRF-AL";"DEL02-AL";"UOP01-DEL02-AL"
200152;2019-03-30;"sábado";"13:50:00";"RJ";393;168;"TRES RIOS";"Falta de Atenção à Condução";"Colisão traseira";"Com Vítimas Feridas";"Pleno dia";"Crescente";"Céu Claro";"Simples";"Reta";"Não";7;0;1;0;6;0;1;3;-22,12398436;-43,17015409;"SPRF-RJ";"DEL06-RJ";"UOP01-DEL05-RJ"
200154;2019-03-30;"sábado";"14:30:00";"MT";174;5;"PONTES E LACERDA";"Falta de Atenção à Condução";"Colisão traseira";"Sem Vítimas";"Pleno dia";"Crescente";"Céu Claro";"Simples";"Reta";"Sim";3;0;0;0;3;0;0;3;-15,22588943;-59,34814453;"SPRF-MT";"DEL04-MT";"UOP01-DEL04-MT"
200157;2019-03-30;"sábado";"15:30:00";"CE";222;5,3;"CAUCAIA";"Desobediência às normas de trânsito pelo condutor";"Colisão transversal";"Com Vítimas Feridas";"Pleno dia";"Crescente";"Nublado";"Múltipla";"Interseção de Vias";"Sim";2;0;0;1;1;0;1;2;-3,7426;-38,61206;"SPRF-CE";"DEL01-CE";"UOP01-DEL01-CE"
200162;2019-03-30;"sábado";"14:10:00";"GO";153;505,4;"GOIANIA";"Falta de Atenção à Condução";"Colisão traseira";"Sem Vítimas";"Pleno dia";"Crescente";"Céu Claro";"Dupla";"Reta";"Sim";2;0;0;0;2;0;0;2;-16,7537;-49,2411;"SPRF-GO";"DEL01-GO";"UOP01-DEL01-GO"
200165;2019-03-30;"sábado";"10:00:00";"MG";381;265;"TIMOTEO";"Não guardar distância de segurança";"Colisão transversal";"Com Vítimas Feridas";"Pleno dia";"Decrescente";"Céu Claro";"Simples";"Reta";"Não";2;0;1;0;1;0;1;2;-19,52569913;-42,66364497;"SPRF-MG";"DEL03-MG";"UOP02-DEL03-MG"
200166;2019-03-30;"sábado";"16:40:00";"RS";386;256,7;"SOLEDADE";"Ingestão de Álcool";"Saída de leito carroçável";"Com Vítimas Feridas";"Pleno dia";"Crescente";"Céu Claro";"Simples";"Curva";"Não";1;0;0;1;0;0;1;1;-28,869473;-52,441086;"SPRF-RS";"DEL04-RS";"UOP03-DEL04-RS"
200167;2019-03-30;"sábado";"17:00:00";"PR";277;6,9;"PARANAGUA";"Pista Escorregadia";"Queda de ocupante de veículo";"Com Vítimas Feridas";"Pleno dia";"Crescente";"Céu Claro";"Simples";"Curva";"Não";1;0;0;1;0;0;1;1;-25,568198;-48,615292;"SPRF-PR";"DEL01-PR";"UOP05-DEL01-PR"