"id";"data_inversa";"dia_semana";"horario";"uf";"br";"km";"municipio";"causa_acidente";"tipo_acidente";"classificacao_acidente";"fase_dia";"sentido_via";"condicao_metereologica";"tipo_pista";"tracado_via";"uso_solo";"pessoas";"mortos";"feridos_leves";"feridos_graves";"ilesos";"ignorados";"feridos";"veiculos";"latitude";"longitude";"regional";"delegacia";"uop"
200168;2019-03-30;"sábado";"16:50:00";"GO";40;7,1;"VALPARAISO DE GOIAS";"Falta de Atenção à Condução";"Colisão traseira";"Sem Vítimas";"Pleno dia";"Decrescente";"Céu Claro";"Dupla";"Reta";"Sim";2;0;0;0;1;1;0;2;-16,108482;-47,972524;"SPRF-DF";"DEL01-DF";"UOP01-DEL01-DF"
200169;2019-03-30;"sábado";"16:45:00";"RS";290;91;"PORTO ALEGRE";"Falta de Atenção à Condução";"Colisão traseira";"Sem Vítimas";"Pleno dia";"Decrescente";"Nublado";"Dupla";"Reta";"Não";2;0;0;0;2;0;0;2;-29,969055;-51,167439;"SPRF-RS";"DEL01-RS";"UOP01-DEL01-RS"
200170;2019-03-30;"sábado";"17:15:00";"PR";376;158,6;"MANDAGUACU";"Desobediência às normas de trânsito pelo condutor";"Colisão lateral";"Com Vítimas Feridas";"Anoitecer";"Crescente";"Céu Claro";"Dupla";"Retorno Regulamentado";"Não";3;0;2;0;1;0;2;2;-23,36169997;-52,08593395;"SPRF-PR";"DEL07-PR";"UOP01-DEL09-PR"
200171;2019-03-30;"sábado";"16:30:00";"PI";230;277,6;"NAZARE DO PIAUI";"Defeito Mecânico no Veículo";"Saída de leito carroçável";"Com Vítimas Feridas";"Pleno dia";"Decrescente";"Sol";"Simples";"Reta";"Não";3;0;2;0;1;0;2;1;-6,92836148;-42,76423219;"SPRF-PI";"DEL03-PI";"UOP01-DEL03-PI"
200172;2019-03-30;"sábado";"17:01:00";"RS";290;93;"PORTO ALEGRE";"Avarias e/ou desgaste excessivo no pneu";"Tombamento";"Sem Vítimas";"Pleno dia";"Decrescente";"Nublado";"Múltipla";"Reta";"Não";1;0;0;0;1;0;0;1;-29,970839;-51,187725;"SPRF-RS";"DEL01-RS";"UOP01-DEL01-RS"
200173;2019-03-30;"sábado";"14:30:00";"GO";153;585;"MORRINHOS";"Falta de Atenção à Condução";"Saída de leito carroçável";"Com Vítimas Feridas";"Pleno dia";"Crescente";"Sol";"Dupla";"Reta";"Não";1;0;1;0;0;0;1;1;-17,50444452;-49,21537578;"SPRF-GO";"DEL03-GO";"UOP01-DEL03-GO"
200174;2019-03-30;"sábado";"17:05:00";"PB";230;38;"SANTA RITA";"Falta de Atenção à Condução";"Colisão traseira";"Com Vítimas Feridas";"Pleno dia";"Crescente";"Garoa/Chuvisco";"Dupla";"Reta";"Sim";2;0;0;1;1;0;1;2;-7,1341;-34,962;"SPRF-PB";"DEL01-PB";"UOP03-DEL01-PB"
200175;2019-03-30;"sábado";"17:40:00";"BA";101;718;"EUNAPOLIS";"Falta de Atenção à Condução";"Colisão transversal";"Com Vítimas Feridas";"Anoitecer";"Crescente";"Chuva";"Simples";"Interseção de Vias";"Sim";2;0;0;1;0;1;1;2;-16,51116047;-39,56525803;"SPRF-BA";"DEL09-BA";"UOP01-DEL09-BA"
200177;2019-03-30;"sábado";"16:30:00";"RO";364;710;"PORTO VELHO";"Ingestão de Álcool";"Colisão traseira";"Com Vítimas Feridas";"Pleno dia";"Crescente";"Céu Claro";"Dupla";"Reta";"Sim";3;0;1;0;2;0;1;2;-8,78621576;-63,85712687;"SPRF-RO";"DEL01-RO";"UOP01-DEL01-RO"
200178;2019-03-30;"sábado";"18:00:00";"MG";364;5,3;"PLANURA";"Falta de Atenção à Condução";"Colisão traseira";"Com Vítimas Fatais";"Anoitecer";"Crescente";"Céu Claro";"Simples";"Reta";"Não";2;1;1;0;0;0;1;2;-20,13824;-48,702347;"SPRF-MG";"DEL13-MG";"UOP02-DEL13-MG"
200179;2019-03-30;"sábado";"16:00:00";"PI";343;310,7;"ALTOS";"Não guardar distância de segurança";"Tombamento";"Com Vítimas Feridas";"Pleno dia";"Decrescente";"Chuva";"Simples";"Curva";"Não";1;0;0;1;0;0;1;1;-5,040502;-42,485443;"SPRF-PI";"DEL01-PI";"UOP01-DEL01-PI"
200180;2019-03-30;"sábado";"17:45:00";"RS";116;218,5;"MORRO REUTER";"Velocidade Incompatível";"Saída de leito carroçável";"Com Vítimas Feridas";"Pleno dia";"Decrescente";"Nublado";"Simples";"Curva";"Não";2;0;1;0;1;0;1;1;-29,55121993;-51,08906202;"SPRF-RS";"DEL05-RS";"UOP02-DEL05-RS"
200181;2019-03-30;"sábado";"17:59:00";"PR";277;586;"CASCAVEL";"Falta de Atenção à Condução";"Colisão transversal";"Sem Vítimas";"Pleno dia";"Crescente";"Céu Claro";"Simples";"Interseção de Vias";"Sim";1;0;0;0;1;0;0;1;-24,9649472;-53,4210459;"SPRF-PR";"DEL04-PR";"UOP01-DEL04-PR"
200182;2019-03-30;"sábado";"18:15:00";"SP";116;220;"GUARULHOS";"Não guardar distância de segurança";"Colisão traseira";"Com Vítimas Feridas";"Plena Noite";"Decrescente";"Céu Claro";"Múltipla";"Reta";"Sim";3;0;0;1;2;0;1;2;-23,46472809;-46,49793962;"SPRF-SP";"DEL01-SP";"UOP01-DEL01-SP"
200183;2019-03-30;"sábado";"18:20:00";"PR";277;116;"CAMPO LARGO";"Falta de Atenção à Condução";"Colisão transversal";"Com Vítimas Feridas";"Plena Noite";"Decrescente";"Céu Claro";"Dupla";"Reta";"Sim";3;0;1;2;0;0;3;2;-25,44940152;-49,51751053;"SPRF-PR";"DEL01-PR";"UOP06-DEL01-PR"
200185;2019-03-30;"sábado";"18:00:00";"ES";101;261,6;"SERRA";"Falta de Atenção à Condução";"Tombamento";"Com Vítimas Feridas";"Amanhecer";"Crescente";"Céu Claro";"Dupla";"Reta";"Sim";1;0;1;0;0;0;1;1;-20,14854215;-40,27970926;"SPRF-ES";"DEL02-ES";"UOP01-DEL02-ES"
200186;2019-03-30;"sábado";"17:30:00";"MG";40;704,5;"BARBACENA";"Desobediência às normas de trânsito pelo condutor";"Saída de leito carroçável";"Com Vítimas Feridas";"Anoitecer";"Decrescente";"Céu Claro";"Dupla";"Reta";"Não";1;0;1;0;0;0;1;1;-21,20817;-43,74966601;"SPRF-MG";"DEL05-MG";"UOP02-DEL05-MG"
200188;2019-03-30;"sábado";"17:40:00";"SP";381;34,7;"ATIBAIA";"Ingestão de Álcool";"Colisão lateral";"Sem Vítimas";"Amanhecer";"Decrescente";"Céu Claro";"Dupla";"Reta";"Sim";2;0;0;0;2;0;0;2;-23,079939;-46,569862;"SPRF-SP";"DEL03-SP";"UOP02-DEL03-SP"
200189;2019-03-30;"sábado";"18:30:00";"ES";101;147;"LINHARES";"Desobediência às normas de trânsito pelo condutor";"Colisão transversal";"Com Vítimas Feridas";"Plena Noite";"Crescente";"Céu Claro";"Simples";"Rotatória";"Sim";2;0;0;1;1;0;1;2;-19,37887202;-40,06657892;"SPRF-ES";"DEL04-ES";"UOP01-DEL04-ES"
200191;2019-03-30;"sábado";"17:50:00";"DF";20;20;"BRASILIA";"Falta de Atenção à Condução";"Colisão traseira";"Com Vítimas Feridas";"Plena Noite";"Crescente";"Céu Claro";"Dupla";"Reta";"Sim";4;0;2;0;2;0;2;2;-15,607905;-47,692791;"SPRF-DF";"DEL02-DF";"UOP01-DEL02-DF"
200192;2019-03-30;"sábado";"19:15:00";"PR";376;184,8;"SARANDI";"Desobediência às normas de trânsito pelo pedestre";"Atropelamento de Pedestre";"Com Vítimas Fatais";"Plena Noite";"Decrescente";"Céu Claro";"Dupla";"Aclive";"Sim";2;1;0;0;1;0;0;2;-23,4465611;-51,86216706;"SPRF-PR";"DEL07-PR";"UOP01-DEL09-PR"
200194;2019-03-30;"sábado";"19:00:00";"PR";277;71,5;"SAO JOSE DOS PINHAIS";"Falta de Atenção à Condução";"Colisão traseira";"Com Vítimas Feridas";"Plena Noite";"Decrescente";"Nublado";"Múltipla";"Reta";"Sim";2;0;0;2;0;0;2;2;-25,52920381;-49,08862791;"SPRF-PR";"DEL01-PR";"UOP07-DEL01-PR"
200195;2019-03-30;"sábado";"17:50:00";"PB";230;507;"CAJAZEIRAS";"Agressão Externa";"Tombamento";"Com Vítimas Feridas";"Anoitecer";"Crescente";"Nublado";"Simples";"Reta";"Não";1;0;0;1;0;0;1;1;-6,9024;-38,5643;"SPRF-PB";"DEL03-PB";"UOP03-DEL03-PB"
200196;2019-03-30;"sábado";"19:30:00";"PR";277;719,4;"FOZ DO IGUACU";"Restrição de Visibilidade";"Atropelamento de Pedestre";"Com Vítimas Fatais";"Plena Noite";"Decrescente";"Céu Claro";"Dupla";"Reta";"Não";2;1;0;0;1;0;0;2;-25,48375622;-54,49425791;"SPRF-PR";"DEL05-PR";"UOP01-DEL05-PR"
200197;2019-03-30;"sábado";"19:35:00";"SC";470;52,7;"BLUMENAU";"Falta de Atenção à Condução";"Colisão traseira";"Com Vítimas Feridas";"Plena Noite";"Crescente";"Céu Claro";"Simples";"Rotatória";"Sim";2;0;1;0;1;0;1;2;-26,862286;-49,093903;"SPRF-SC";"DEL04-SC";"UOP01-DEL04-SC"
200199;2019-03-30;"sábado";"19:20:00";"SP";116;8;"QUELUZ";"Falta de Atenção à Condução";"Colisão frontal";"Com Vítimas Feridas";"Plena Noite";"Crescente";"Nublado";"Simples";"Retorno Regulamentado";"Sim";2;0;1;0;1;0;1;2;-22,536327;-44,7714;"SPRF-SP";"DEL08-SP";"UOP02-DEL08-SP"
200200;2019-03-30;"sábado";"18:40:00";"RS";116;172;"CAXIAS DO SUL";"Falta de Atenção à Condução";"Colisão transversal";"Com Vítimas Feridas";"Anoitecer";"Decrescente";"Céu Claro";"Simples";"Reta";"Sim";2;0;1;0;1;0;1;2;-29,31663009;-51,16927298;"SPRF-RS";"DEL05-RS";"UOP02-DEL05-RS"
200201;2019-03-30;"sábado";"19:50:00";"RS";293;2,6;"PELOTAS";"Falta de Atenção à Condução";"Colisão transversal";"Sem Vítimas";"Plena Noite";"Decrescente";"Céu Claro";"Simples";"Rotatória";"Não";2;0;0;0;2;0;0;2;-31,74137984;-52,36418724;"SPRF-RS";"DEL07-RS";"UOP01-DEL07-RS"
200202;2019-03-30;"sábado";"18:20:00";"BA";242;416;"SEABRA";"Ingestão de Álcool";"Colisão traseira";"Com Vítimas Feridas";"Plena Noite";"Decrescente";"Céu Claro";"Simples";"Reta";"Não";2;0;0;1;1;0;1;2;-12,42981176;-41,78832603;"SPRF-BA";"DEL06-BA";"UOP01-DEL06-BA"
200206;2019-03-30;"sábado";"20:00:00";"SP";116;218,5;"GUARULHOS";"Desobediência às normas de trânsito pelo condutor";"Colisão lateral";"Sem Vítimas";"Plena Noite";"Decrescente";"Nublado";"Simples";"Reta";"Não";2;0;0;0;1;1;0;2;-23,457972;-46,479927;"SPRF-SP";"DEL01-SP";"UOP01-DEL01-SP"
200207;2019-03-30;"sábado";"19:55:00";"PR";272;367;"CAMPO MOURAO";"Não guardar distância de segurança";"Colisão traseira";"Com Vítimas Feridas";"Plena Noite";"Crescente";"Céu Claro";"Dupla";"Reta";"Sim";3;0;2;0;1;0;2;2;-24,05063682;-52,40169964;"SPRF-PR";"DEL04-PR";"UOP03-DEL09-PR"
200210;2019-03-30;"sábado";"20:20:00";"RS";116;530,8;"CAPAO DO LEAO";"Falta de Atenção do Pedestre";"Atropelamento de Pedestre";"Com Vítimas Fatais";"Plena Noite";"Decrescente";"Nublado";"Simples";"Reta;Interseção de Vias";"Sim";3;1;0;0;1;1;0;3;-31,76419237;-52,44390786;"SPRF-RS";"DEL07-RS";"UOP01-DEL07-RS"
200211;2019-03-30;"sábado";"20:02:00";"SC";282;506,9;"XANXERE";"Ingestão de Álcool";"Colisão traseira";"Sem Vítimas";"Plena Noite";"Crescente";"Céu Claro";"Dupla";"Interseção de Vias";"Sim";3;0;0;0;3;0;0;2;-26,88587325;-52,43537039;"SPRF-SC";"DEL07-SC";"UOP01-DEL07-SC"
200212;2019-03-30;"sábado";"19:40:00";"MT";163;845;"SINOP";"Desobediência às normas de trânsito pelo condutor";"Colisão transversal";"Com Vítimas Feridas";"Plena Noite";"Crescente";"Céu Claro";"Simples";"Interseção de Vias";"Não";2;0;1;0;1;0;1;2;-11,89877541;-55,50500735;"SPRF-MT";"DEL06-MT";"UOP02-DEL06-MT"
200213;2019-03-30;"sábado";"17:48:00";"PR";153;10,5;"JACAREZINHO";"Falta de Atenção à Condução";"Colisão lateral";"Sem Vítimas";"Pleno dia";"Decrescente";"Céu Claro";"Simples";"Reta";"Não";3;0;0;0;3;0;0;2;-23,07581697;-49,93444116;"SPRF-PR";"DEL07-PR";"UOP04-DEL07-PR"
200214;2019-03-30;"sábado";"17:40:00";"PR";373;176;"PONTA GROSSA";"Ingestão de Álcool";"Saída de leito carroçável";"Sem Vítimas";"Pleno dia";"Crescente";"Sol";"Simples";"Declive;Reta";"Sim";2;0;0;0;1;1;0;1;-25,06176382;-50,21662387;"SPRF-PR";"DEL03-PR";"UOP01-DEL03-PR"
200218;2019-03-30;"sábado";"21:13:00";"GO";153;518,5;"APARECIDA DE GOIANIA";"Ingestão de Álcool";"Queda de ocupante de veículo";"Com Vítimas Feridas";"Plena Noite";"Decrescente";"Céu Claro";"Dupla";"Reta";"Não";1;0;0;1;0;0;1;1;-16,867;-49,2505;"SPRF-GO";"DEL01-GO";"UOP03-DEL01-GO"
200219;2019-03-30;"sábado";"20:30:00";"SP";116;223,5;"GUARULHOS";"Falta de Atenção à Condução";"Tombamento";"Com Vítimas Feridas";"Plena Noite";"Decrescente";"Nublado";"Dupla";"Reta";"Sim";4;0;3;0;0;1;3;2;-23,47952355;-46,53115511;"SPRF-SP";"DEL01-SP";"UOP01-DEL01-SP"
200220;2019-03-30;"sábado";"19:10:00";"GO";60;101;"ANAPOLIS";"Ingestão de Álcool";"Colisão transversal";"Com Vítimas Feridas";"Plena Noite";"Crescente";"Céu Claro";"Dupla";"Curva";"Sim";2;0;1;0;0;1;1;2;-16,4022;-48,9745;"SPRF-GO";"DEL02-GO";"UOP01-DEL02-GO"
200223;2019-03-30;"sábado";"20:40:00";"PR";376;596,1;"CURITIBA";"Falta de Atenção do Pedestre";"Atropelamento de Pedestre";"Com Vítimas Feridas";"Plena Noite";"Crescente";"Céu Claro";"Dupla";"Reta";"Não";5;0;0;1;4;0;1;5;-25,50194708;-49,3415524;"SPRF-PR";"DEL01-PR";"UOP06-DEL01-PR"
200224;2019-03-30;"sábado";"20:30:00";"PE";428;183;"PETROLINA";"Pista Escorregadia";"Colisão transversal";"Com Vítimas Feridas";"Plena Noite";"Decrescente";"Céu Claro";"Simples";"Reta";"Não";3;0;0;3;0;0;3;2;-9,32412987;-40,46211325;"SPRF-PE";"DEL06-PE";"UOP01-DEL06-PE"
200225;2019-03-30;"sábado";"18:10:00";"RS";153;48,2;"ERECHIM";"Falta de Atenção à Condução";"Colisão transversal";"Com Vítimas Feridas";"Plena Noite";"Decrescente";"Céu Claro";"Dupla";"Interseção de Vias";"Sim";3;0;0;1;2;0;1;2;-27,64530366;-52,24998023;"SPRF-RS";"DEL08-RS";"UOP04-DEL08-RS"
200226;2019-03-30;"sábado";"20:45:00";"PE";428;189;"PETROLINA";"Desobediência às normas de trânsito pelo condutor";"Colisão traseira";"Com Vítimas Feridas";"Plena Noite";"Crescente";"Céu Claro";"Múltipla";"Reta";"Sim";2;0;1;0;0;1;1;2;-9,37197508;-40,48679585;"SPRF-PE";"DEL06-PE";"UOP01-DEL06-PE"
200227;2019-03-30;"sábado";"21:20:00";"SC";101;174;"BIGUACU";"Animais na Pista";"Atropelamento de Animal";"Com Vítimas Feridas";"Plena Noite";"Decrescente";"Céu Claro";"Dupla";"Reta";"Não";1;0;1;0;0;0;1;1;-27,33081601;-48,62697562;"SPRF-SC";"DEL01-SC";"UOP01-DEL01-SC"
200229;2019-03-30;"sábado";"21:56:00";"PR";116;121;"CURITIBA";"Velocidade Incompatível";"Colisão lateral";"Sem Vítimas";"Plena Noite";"Decrescente";"Céu Claro";"Dupla";"Reta";"Sim";2;0;0;0;2;0;0;2;-25,5604067;-49,30698395;"SPRF-PR";"DEL01-PR";"UOP03-DEL01-PR"
200230;2019-03-30;"sábado";"20:30:00";"SP";116;224;"GUARULHOS";"Não guardar distância de segurança";"Colisão traseira";"Com Vítimas Feridas";"Pleno dia";"Decrescente";"Céu Claro";"Múltipla";"Reta";"Sim";4;0;2;0;2;0;2;2;-23,48071896;-46,53271603;"SPRF-SP";"DEL01-SP";"UOP01-DEL01-SP"
200231;2019-03-30;"sábado";"22:15:00";"PR";277;323;"GUARAPUAVA";"Ingestão de Álcool";"Atropelamento de Pedestre";"Com Vítimas Feridas";"Plena Noite";"Crescente";"Céu Claro";"Simples";"Reta";"Sim";2;0;0;1;1;0;1;2;-25,37600965;-51,29515529;"SPRF-PR";"DEL03-PR";"UOP01-DEL08-PR"
200232;2019-03-30;"sábado";"22:10:00";"BA";116;633;"JAGUAQUARA";"Falta de Atenção do Pedestre";"Atropelamento de Pedestre";"Com Vítimas Fatais";"Plena Noite";"Crescente";"Céu Claro";"Simples";"Reta";"Sim";2;1;0;0;0;1;0;2;-13,51655695;-40,05781373;"SPRF-BA";"DEL03-BA";"UOP01-DEL03-BA"
200233;2019-03-30;"sábado";"22:10:00";"PB";230;37,9;"SANTA RITA";"Falta de Atenção à Condução";"Saída de leito carroçável";"Sem Vítimas";"Plena Noite";"Decrescente";"Garoa/Chuvisco";"Dupla";"Declive;Reta";"Sim";1;0;0;0;0;1;0;1;-7,13294487;-34,95931213;"SPRF-PB";"DEL01-PB";"UOP01-DEL01-PB"
200234;2019-03-30;"sábado";"21:00:00";"SP";101;47,2;"UBATUBA";"Falta de Atenção à Condução";"Colisão transversal";"Com Vítimas Feridas";"Plena Noite";"Crescente";"Chuva";"Simples";"Reta";"Sim";2;0;0;1;1;0;1;2;-23,43585934;-45,0878281;"SPRF-SP";"DEL06-SP";"UOP01-DEL06-SP"
200235;2019-03-30;"sábado";"22:50:00";"TO";153;405;"MIRANORTE";"Falta de Atenção à Condução";"Colisão traseira";"Com Vítimas Feridas";"Plena Noite";"Crescente";"Céu Claro";"Simples";"Reta";"Não";2;0;1;0;1;0;1;2;-9,45445904;-48,57818379;"SPRF-TO";"DEL02-TO";"UOP02-DEL02-TO"
200237;2019-03-30;"sábado";"21:00:00";"RS";392;21;"RIO GRANDE";"Defeito Mecânico no Veículo";"Incêndio";"Sem Vítimas";"Plena Noite";"Crescente";"Céu Claro";"Dupla";"Reta";"Sim";1;0;0;0;0;1;0;1;-32,08769775;-52,20709106;"SPRF-RS";"DEL07-RS";"UOP02-DEL07-RS"
200238;2019-03-30;"sábado";"22:10:00";"RN";427;21,1;"ACARI";"Pista Escorregadia";"Saída de leito carroçável";"Com Vítimas Feridas";"Plena Noite";"Crescente";"Nublado";"Simples";"Declive";"Não";1;0;1;0;0;0;1;1;-6,38169901;-36,62539197;"SPRF-RN";"DEL03-RN";"UOP02-DEL03-RN"
200239;2019-03-30;"sábado";"23:00:00";"PI";402;34;"PARNAIBA";"Falta de Atenção à Condução";"Colisão traseira";"Sem Vítimas";"Plena Noite";"Crescente";"Chuva";"Simples";"Reta";"Sim";2;0;0;0;2;0;0;2;-2,93084753;-41,75154448;"SPRF-PI";"DEL05-PI";"UOP01-DEL05-PI"
200240;2019-03-30;"sábado";"19:30:00";"AL";101;137,8;"SAO MIGUEL DOS CAMPOS";"Ingestão de Álcool";"Colisão transversal";"Com Vítimas Feridas";"Plena Noite";"Crescente";"Chuva";"Múltipla";"Interseção de Vias";"Sim";7;0;2;2;3;0;4;2;-9,79477893;-36,10815525;"SPRF-AL";"DEL02-AL";"UOP01-DEL02-AL"
200241;2019-03-30;"sábado";"22:40:00";"RJ";116;174;"SAO JOAO DE MERITI";"Avarias e/ou desgaste excessivo no pneu";"Colisão frontal";"Com Vítimas Feridas";"Plena Noite";"Crescente";"Céu Claro";"Dupla";"Reta";"Sim";4;0;4;0;0;0;4;2;-22,79423806;-43,36403759;"SPRF-RJ";"DEL01-RJ";"UOP02-DEL01-RJ"
200243;2019-03-30;"sábado";"19:20:00";"GO";60;101;"ANAPOLIS";"Ingestão de Álcool";"Saída de leito carroçável";"Sem Vítimas";"Plena Noite";"Crescente";"Céu Claro";"Dupla";"Reta";"Não";2;0;0;0;2;0;0;1;-16,39920084;-48,96812439;"SPRF-GO";"DEL02-GO";"UOP01-DEL02-GO"
200244;2019-03-30;"sábado";"22:40:00";"RJ";116;178;"NOVA IGUACU";"Não guardar distância de segurança";"Colisão traseira";"Com Vítimas Feridas";"Plena Noite";"Decrescente";"Céu Claro";"Dupla";"Reta";"Sim";3;0;0;1;2;0;1;2;-22,77496393;-43,40081465;"SPRF-RJ";"DEL01-RJ";"UOP02-DEL01-RJ"
200246;2019-03-30;"sábado";"22:00:00";"RN";406;5,7;"MACAU";"Desobediência às normas de trânsito pelo condutor";"Colisão traseira";"Com Vítimas Fatais";"Plena Noite";"Decrescente";"Chuva";"Simples";"Reta";"Não";3;1;2;0;0;0;2;2;-5,14898462;-36,59986006;"SPRF-RN";"DEL02-RN";"UOP01-DEL02-RN"
200248;2019-03-30;"sábado";"23:30:00";"RN";110;48,1;"MOSSORO";"Desobediência às normas de trânsito pelo condutor";"Colisão transversal";"Com Vítimas Feridas";"Plena Noite";"Crescente";"Nublado";"Dupla";"Interseção de Vias";"Sim";2;0;1;0;1;0;1;2;-5,20881178;-37,33285083;"SPRF-RN";"DEL04-RN";"UOP01-DEL04-RN"
200251;2019-03-30;"sábado";"21:45:00";"PR";280;281,5;"FLOR DA SERRA DO SUL";"Falta de Atenção à Condução";"Colisão frontal";"Com Vítimas Feridas";"Plena Noite";"Decrescente";"Céu Claro";"Simples";"Reta";"Não";2;0;0;1;0;1;1;2;-26,23973269;-53,23061196;"SPRF-PR";"DEL02-PR";"UOP01-DEL02-PR"
200252;2019-03-30;"sábado";"22:45:00";"MT";364;564;"NOBRES";"Falta de Atenção à Condução";"Queda de ocupante de veículo";"Com Vítimas Feridas";"Plena Noite";"Decrescente";"Céu Claro";"Dupla";"Reta";"Não";1;0;1;0;0;0;1;1;-14,68873458;-56,30567729;"SPRF-MT";"DEL01-MT";"UOP01-DEL01-MT"
200253;2019-03-30;"sábado";"23:30:00";"MG";40;525;"CONTAGEM";"Falta de Atenção à Condução";"Capotamento";"Sem Vítimas";"Plena Noite";"Decrescente";"Ignorado";"Dupla";"Reta";"Sim";1;0;0;0;1;0;0;1;-19,88361702;-44,05039336;"SPRF-MG";"DEL01-MG";"UOP02-DEL01-MG"
200254;2019-03-30;"sábado";"22:15:00";"PI";343;305,9;"ALTOS";"Ingestão de Álcool";"Colisão traseira";"Com Vítimas Feridas";"Plena Noite";"Crescente";"Chuva";"Simples";"Reta";"Sim";2;0;0;1;1;0;1;2;-5,038756;-42,450893;"SPRF-PI";"DEL01-PI";"UOP01-DEL01-PI"
200255;2019-03-22;"sexta-feira";"11:00:00";"PR";376;652;"TIJUCAS DO SUL";"Pista Escorregadia";"Colisão com objeto estático";"Com Vítimas Feridas";"Pleno dia";"Decrescente";"Chuva";"Dupla";"Curva";"Não";1;0;1;0;0;0;1;1;-25,84053089;-49,04399872;"SPRF-PR";"DEL01-PR";"UOP04-DEL01-PR"
200256;2019-03-30;"sábado";"19:45:00";"MG";116;511;"UBAPORANGA";"Falta de Atenção à Condução";"Colisão traseira";"Sem Vítimas";"Plena Noite";"Crescente";"Nublado";"Simples";"Reta";"Não";2;0;0;0;2;0;0;2;-19,65371791;-42,11137522;"SPRF-MG";"DEL06-MG";"UOP02-DEL06-MG"
200257;2019-03-30;"sábado";"23:05:00";"PR";277;347,8;"GUARAPUAVA";"Objeto estático sobre o leito carroçável";"Saída de leito carroçável";"Com Vítimas Feridas";"Plena Noite";"Crescente";"Céu Claro";"Simples";"Reta";"Sim";3;0;1;0;2;0;1;2;-25,37888864;-51,50709808;"SPRF-PR";"DEL03-PR";"UOP01-DEL08-PR"
200258;2019-03-30;"sábado";"23:15:00";"RJ";465;4;"SEROPEDICA";"Falta de Atenção à Condução";"Atropelamento de Pedestre";"Com Vítimas Feridas";"Plena Noite";"Crescente";"Céu Claro";"Simples";"Reta";"Sim";2;0;1;0;0;1;1;2;-22,740971;-43,705597;"SPRF-RJ";"DEL01-RJ";"UOP01-DEL01-MS"
200259;2019-03-31;"domingo";"00:35:00";"PR";369;200;"APUCARANA";"Falta de Atenção à Condução";"Tombamento";"Com Vítimas Feridas";"Plena Noite";"Crescente";"Céu Claro";"Dupla";"Interseção de Vias";"Sim";1;0;1;0;0;0;1;1;-23,52295512;-51,44239691;"SPRF-PR";"DEL07-PR";"UOP03-DEL07-PR"
200260;2019-03-31;"domingo";"00:01:00";"ES";101;296,6;"VIANA";"Defeito Mecânico no Veículo";"Incêndio";"Sem Vítimas";"Plena Noite";"Crescente";"Céu Claro";"Múltipla";"Curva";"Sim";1;0;0;0;1;0;0;1;-20,34394289;-40,40909886;"SPRF-ES";"DEL01-ES";"UOP01-DEL01-ES"
200262;2019-03-30;"sábado";"23:40:00";"MS";158;299,2;"TRES LAGOAS";"Velocidade Incompatível";"Colisão com objeto estático";"Sem Vítimas";"Plena Noite";"Decrescente";"Céu Claro";"Múltipla";"Rotatória";"Não";4;0;0;0;4;0;0;1;-20,9552679;-51,83819532;"SPRF-MS";"DEL07-MS";"UOP01-DEL07-MS"
200263;2019-03-31;"domingo";"00:30:00";"RS";285;442,8;"BOZANO";"Velocidade Incompatível";"Saída de leito carroçável";"Com Vítimas Feridas";"Plena Noite";"Decrescente";"Céu Claro";"Simples";"Aclive";"Não";1;0;1;0;0;0;1;1;-28,36221292;-53,75983715;"SPRF-RS";"DEL10-RS";"UOP01-DEL10-RS"
200264;2019-03-30;"sábado";"20:00:00";"MT";364;272;"JACIARA";"Ingestão de Álcool";"Colisão lateral";"Com Vítimas Feridas";"Plena Noite";"Decrescente";"Nublado";"Dupla";"Rotatória";"Sim";2;0;1;0;1;0;1;2;-15,96667987;-54,96121981;"SPRF-MT";"DEL02-MT";"UOP02-DEL05-MT"
200268;2019-03-30;"sábado";"23:55:00";"SC";280;51,5;"GUARAMIRIM";"Ingestão de Álcool";"Colisão transversal";"Sem Vítimas";"Plena Noite";"Crescente";"Céu Claro";"Simples";"Interseção de Vias";"Sim";2;0;0;0;2;0;0;2;-26,466974;-48,960114;"SPRF-SC";"DEL03-SC";"UOP03-DEL03-SC"
200269;2019-03-31;"domingo";"00:30:00";"MT";163;745;"SORRISO";"Ingestão de Álcool";"Saída de leito carroçável";"Sem Vítimas";"Plena Noite";"Decrescente";"Nublado";"Simples";"Declive";"Não";1;0;0;0;1;0;0;1;-12,65440799;-55,78926086;"SPRF-MT";"DEL06-MT";"UOP01-DEL06-MT"
200270;2019-03-31;"domingo";"01:15:00";"SP";116;474;"JACUPIRANGA";"Falta de Atenção à Condução";"Colisão traseira";"Com Vítimas Feridas";"Plena Noite";"Crescente";"Céu Claro";"Dupla";"Reta";"Não";3;0;1;0;2;0;1;2;-24,68820018;-47,99068451;"SPRF-SP";"DEL05-SP";"UAP01-DEL05-SP"
200271;2019-03-31;"domingo";"02:00:00";"PR";376;126;"ALTO PARANA";"Ingestão de Álcool";"Saída de leito carroçável";"Com Vítimas Feridas";"Plena Noite";"Decrescente";"Céu Claro";"Dupla";"Reta";"Não";1;0;1;0;0;0;1;1;-23,148795;-52,275258;"SPRF-PR";"DEL07-PR";"UOP02-DEL09-PR"