"id";"data_inversa";"dia_semana";"horario";"uf";"br";"km";"municipio";"causa_acidente";"tipo_acidente";"classificacao_acidente";"fase_dia";"sentido_via";"condicao_metereologica";"tipo_pista";"tracado_via";"uso_solo";"pessoas";"mortos";"feridos_leves";"feridos_graves";"ilesos";"ignorados";"feridos";"veiculos";"latitude";"longitude";"regional";"delegacia";"uop"
200376;2019-03-31;"domingo";"15:30:00";"BA";324;514,7;"FEIRA DE SANTANA";"Ingestão de Álcool";"Colisão transversal";"Com Vítimas Feridas";"Pleno dia";"Crescente";"Nublado";"Simples";"Reta";"Sim";6;0;6;0;0;0;6;2;-12,23229233;-38,95215305;"SPRF-BA";"DEL02-BA";"UOP01-DEL02-BA"
200378;2019-03-31;"domingo";"15:50:00";"RS";290;78;"GRAVATAI";"Falta de Atenção à Condução";"Saída de leito carroçável";"Com Vítimas Feridas";"Pleno dia";"Decrescente";"Céu Claro";"Dupla";"Reta";"Sim";4;0;4;0;0;0;4;1;-29,954178;-51,037735;"SPRF-RS";"DEL01-RS";"UOP01-DEL01-RS"
200379;2019-03-31;"domingo";"16:00:00";"SP";381;57,7;"MAIRIPORA";"Não guardar distância de segurança";"Colisão traseira";"Com Vítimas Feridas";"Pleno dia";"Crescente";"Céu Claro";"Dupla";"Aclive";"Não";3;0;1;0;2;0;1;2;-23,2658219;-46,5839857;"SPRF-SP";"DEL03-SP";"UOP01-DEL03-SP"
200380;2019-03-31;"domingo";"14:50:00";"RN";226;160,6;"CURRAIS NOVOS";"Desobediência às normas de trânsito pelo condutor";"Colisão transversal";"Com Vítimas Feridas";"Pleno dia";"Decrescente";"Nublado";"Simples";"Reta";"Não";8;0;1;0;5;2;1;2;-6,20265605;-36,39856339;"SPRF-RN";"DEL03-RN";"UOP02-DEL03-RN"
200381;2019-03-31;"domingo";"16:15:00";"PE";101;97;"CABO DE SANTO AGOSTINHO";"Falta de Atenção à Condução";"Queda de ocupante de veículo";"Com Vítimas Feridas";"Pleno dia";"Decrescente";"Céu Claro";"Múltipla";"Reta";"Não";1;0;1;0;0;0;1;1;-8,25331064;-35,0296397;"SPRF-PE";"DEL01-PE";"UOP03-DEL01-PE"
200383;2019-03-31;"domingo";"16:30:00";"MG";381;604;"OLIVEIRA";"Animais na Pista";"Atropelamento de Animal";"Com Vítimas Feridas";"Pleno dia";"Decrescente";"Céu Claro";"Dupla";"Curva";"Não";2;0;2;0;0;0;2;1;-20,65861706;-44,73695366;"SPRF-MG";"DEL04-MG";"UOP01-DEL04-MG"
200384;2019-03-31;"domingo";"16:45:00";"SP";381;38,3;"ATIBAIA";"Falta de Atenção à Condução";"Saída de leito carroçável";"Com Vítimas Feridas";"Pleno dia";"Crescente";"Céu Claro";"Dupla";"Curva";"Sim";1;0;0;1;0;0;1;1;-23,1133221;-46,57174974;"SPRF-SP";"DEL03-SP";"UOP01-DEL03-SP"
200386;2019-03-31;"domingo";"17:10:00";"ES";101;148;"LINHARES";"Não guardar distância de segurança";"Colisão traseira";"Com Vítimas Feridas";"Anoitecer";"Crescente";"Céu Claro";"Simples";"Reta";"Sim";2;0;0;1;1;0;1;2;-19,38787399;-40,06752766;"SPRF-ES";"DEL04-ES";"UOP01-DEL04-ES"
200387;2019-03-31;"domingo";"17:25:00";"GO";60;135,8;"GOIANIA";"Falta de Atenção à Condução";"Saída de leito carroçável";"Com Vítimas Feridas";"Pleno dia";"Crescente";"Céu Claro";"Dupla";"Curva";"Sim";5;0;5;0;0;0;5;1;-16,589;-49,1945;"SPRF-GO";"DEL01-GO";"UOP01-DEL01-GO"
200389;2019-03-31;"domingo";"16:30:00";"MG";262;869,5;"CONCEICAO DAS ALAGOAS";"Mal Súbito";"Saída de leito carroçável";"Com Vítimas Feridas";"Pleno dia";"Decrescente";"Céu Claro";"Dupla";"Reta";"Não";1;0;1;0;0;0;1;1;-19,77698534;-48,45949298;"SPRF-MG";"DEL13-MG";"UOP01-DEL13-MG"
200390;2019-03-31;"domingo";"17:10:00";"MG";116;276;"TEOFILO OTONI";"Desobediência às normas de trânsito pelo condutor";"Colisão transversal";"Com Vítimas Feridas";"Pleno dia";"Decrescente";"Céu Claro";"Simples";"Interseção de Vias";"Sim";2;0;2;0;0;0;2;2;-17,85105696;-41,51454492;"SPRF-MG";"DEL11-MG";"UOP01-DEL11-MG"
200392;2019-03-31;"domingo";"17:35:00";"GO";50;167;"CAMPO ALEGRE DE GOIAS";"Falta de Atenção à Condução";"Saída de leito carroçável";"Com Vítimas Feridas";"Pleno dia";"Decrescente";"Céu Claro";"Dupla";"Declive;Reta";"Não";1;0;1;0;0;0;1;1;-17,3083;-47,7692;"SPRF-GO";"DEL06-GO";"UOP01-DEL06-GO"
200393;2019-03-31;"domingo";"17:30:00";"MG";262;428,3;"IGARATINGA";"Falta de Atenção à Condução";"Tombamento";"Com Vítimas Feridas";"Anoitecer";"Crescente";"Céu Claro";"Dupla";"Reta";"Não";1;0;1;0;0;0;1;1;-19,88673132;-44,78673594;"SPRF-MG";"DEL08-MG";"UOP03-DEL08-MG"
200394;2019-03-31;"domingo";"18:00:00";"PE";101;49,3;"ABREU E LIMA";"Falta de Atenção à Condução";"Colisão traseira";"Com Vítimas Feridas";"Plena Noite";"Decrescente";"Céu Claro";"Múltipla";"Reta";"Sim";3;0;1;0;2;0;1;2;-7,9005152;-34,90180641;"SPRF-PE";"DEL01-PE";"UOP02-DEL01-PE"
200395;2019-03-31;"domingo";"13:30:00";"SC";116;308,4;"CAPAO ALTO";"Velocidade Incompatível";"Saída de leito carroçável";"Com Vítimas Feridas";"Pleno dia";"Decrescente";"Nublado";"Simples";"Aclive;Curva";"Não";2;0;1;0;1;0;1;1;-28,19824113;-50,75066799;"SPRF-SC";"DEL05-SC";"UOP02-DEL05-SC"
200397;2019-03-31;"domingo";"17:50:00";"PR";373;187;"PONTA GROSSA";"Avarias e/ou desgaste excessivo no pneu";"Queda de ocupante de veículo";"Com Vítimas Feridas";"Anoitecer";"Decrescente";"Céu Claro";"Simples";"Reta";"Não";2;0;2;0;0;0;2;1;-25,05383292;-50,31036196;"SPRF-PR";"DEL03-PR";"UOP01-DEL03-PR"
200398;2019-03-31;"domingo";"16:00:00";"MG";262;375,4;"JUATUBA";"Falta de Atenção à Condução";"Saída de leito carroçável";"Com Vítimas Feridas";"Pleno dia";"Decrescente";"Sol";"Dupla";"Aclive;Reta";"Não";1;0;0;1;0;0;1;1;-19,959929;-44,337997;"SPRF-MG";"DEL01-MG";"UOP03-DEL01-MG"
200399;2019-03-31;"domingo";"18:25:00";"MG";381;500,8;"BETIM";"Não guardar distância de segurança";"Colisão traseira";"Com Vítimas Feridas";"Plena Noite";"Decrescente";"Céu Claro";"Dupla";"Reta";"Sim";2;0;1;0;1;0;1;1;-20,02513493;-44,23112709;"SPRF-MG";"DEL01-MG";"UOP03-DEL01-MG"
200400;2019-03-31;"domingo";"18:15:00";"MG";40;515;"RIBEIRAO DAS NEVES";"Não guardar distância de segurança";"Engavetamento";"Com Vítimas Feridas";"Plena Noite";"Crescente";"Céu Claro";"Dupla";"Reta";"Sim";4;0;1;0;3;0;1;3;-19,8090079;-44,09493479;"SPRF-MG";"DEL01-MG";"UOP02-DEL01-MG"
200401;2019-03-31;"domingo";"18:40:00";"PR";116;156,3;"MANDIRITUBA";"Falta de Atenção à Condução";"Colisão transversal";"Sem Vítimas";"Plena Noite";"Crescente";"Nublado";"Dupla";"Reta";"Não";2;0;0;0;2;0;0;2;-25,8597564;-49,3606332;"SPRF-PR";"DEL01-PR";"UOP03-DEL01-PR"
200402;2019-03-31;"domingo";"18:40:00";"RS";470;163,5;"VILA FLORES";"Falta de Atenção à Condução";"Colisão transversal";"Com Vítimas Feridas";"Plena Noite";"Decrescente";"Céu Claro";"Simples";"Reta";"Não";5;0;5;0;0;0;5;2;-28,82755543;-51,58058532;"SPRF-RS";"DEL06-RS";"UOP02-DEL06-RS"
200404;2019-03-31;"domingo";"15:50:00";"PR";277;346;"GUARAPUAVA";"Falta de Atenção à Condução";"Colisão transversal";"Com Vítimas Feridas";"Pleno dia";"Crescente";"Sol";"Simples";"Curva";"Sim";3;0;0;1;1;1;1;3;-25,33928412;-51,42880296;"SPRF-PR";"DEL03-PR";"UOP01-DEL08-PR"
200405;2019-03-31;"domingo";"16:00:00";"TO";153;364;"FORTALEZA DO TABOCAO";"Defeito Mecânico no Veículo";"Saída de leito carroçável";"Com Vítimas Feridas";"Pleno dia";"Decrescente";"Nublado";"Simples";"Reta";"Não";5;0;3;2;0;0;5;1;-9,09977298;-48,52779111;"SPRF-TO";"DEL02-TO";"UOP02-DEL02-TO"
200406;2019-03-31;"domingo";"17:40:00";"SC";101;127,5;"ITAJAI";"Falta de Atenção à Condução";"Tombamento";"Com Vítimas Feridas";"Anoitecer";"Crescente";"Céu Claro";"Dupla";"Reta";"Não";2;0;2;0;0;0;2;1;-26,96274711;-48,68259788;"SPRF-SC";"DEL04-SC";"UOP04-DEL04-SC"
200407;2019-03-31;"domingo";"19:05:00";"PA";163;1003,7;"SANTAREM";"Falta de Atenção à Condução";"Colisão transversal";"Com Vítimas Feridas";"Plena Noite";"Crescente";"Céu Claro";"Simples";"Reta";"Sim";3;0;2;0;0;1;2;2;-2,44688525;-54,73048152;"SPRF-PA";"DEL05-PA";"UOP01-DEL05-PA"
200408;2019-03-31;"domingo";"18:33:00";"RJ";101;311;"SAO GONCALO";"Desobediência às normas de trânsito pelo condutor";"Colisão lateral";"Com Vítimas Feridas";"Plena Noite";"Crescente";"Nublado";"Dupla";"Reta";"Não";3;0;1;0;2;0;1;3;-22,80062246;-43,05318779;"SPRF-RJ";"DEL02-RJ";"DEL5/2-UOP04/RJ"
200412;2019-03-31;"domingo";"19:30:00";"PR";376;132,9;"NOVA ESPERANCA";"Avarias e/ou desgaste excessivo no pneu";"Saída de leito carroçável";"Com Vítimas Feridas";"Plena Noite";"Crescente";"Céu Claro";"Dupla";"Reta";"Não";5;0;5;0;0;0;5;1;-23,18188595;-52,21612797;"SPRF-PR";"DEL07-PR";"UOP02-DEL09-PR"
200413;2019-03-31;"domingo";"19:00:00";"GO";70;367;"ITAPIRAPUA";"Ultrapassagem Indevida";"Colisão frontal";"Com Vítimas Fatais";"Anoitecer";"Decrescente";"Céu Claro";"Simples";"Reta";"Não";3;1;0;2;0;0;2;2;-15,89534882;-50,44062194;"SPRF-GO";"DEL04-GO";"UOP01-DEL04-GO"
200414;2019-03-31;"domingo";"19:20:00";"MG";50;136,2;"UBERABA";"Falta de Atenção do Pedestre";"Atropelamento de Pedestre";"Com Vítimas Fatais";"Plena Noite";"Decrescente";"Céu Claro";"Dupla";"Declive";"Não";4;1;1;0;2;0;1;2;-19,44189098;-48,06412595;"SPRF-MG";"DEL13-MG";"UOP01-DEL13-MG"
200415;2019-03-31;"domingo";"19:20:00";"ES";101;69,9;"SAO MATEUS";"Falta de Atenção à Condução";"Colisão frontal";"Com Vítimas Fatais";"Plena Noite";"Crescente";"Céu Claro";"Simples";"Aclive;Reta";"Não";2;1;0;0;1;0;0;2;-18,73556097;-39,86069526;"SPRF-ES";"DEL04-ES";"UOP02-DEL04-ES"
200416;2019-03-31;"domingo";"19:40:00";"SE";235;105,9;"CARIRA";"Ingestão de Álcool";"Colisão com objeto em movimento";"Com Vítimas Feridas";"Plena Noite";"Crescente";"Nublado";"Simples";"Reta";"Sim";2;0;1;0;0;1;1;2;-10,374729;-37,686367;"SPRF-SE";"DEL01-SE";"UOP02-DEL01-SE"
200420;2019-03-31;"domingo";"19:00:00";"SC";101;198,1;"BIGUACU";"Ingestão de Substâncias Psicoativas";"Colisão com objeto estático";"Sem Vítimas";"Plena Noite";"Crescente";"Nublado";"Dupla";"Reta";"Sim";2;0;0;0;2;0;0;1;-27,52658712;-48,63506019;"SPRF-SC";"DEL01-SC";"UOP01-DEL01-SC"
200421;2019-03-31;"domingo";"18:25:00";"SP";116;447,5;"REGISTRO";"Falta de Atenção à Condução";"Saída de leito carroçável";"Com Vítimas Feridas";"Plena Noite";"Decrescente";"Céu Claro";"Dupla";"Reta";"Sim";1;0;1;0;0;0;1;1;-24,51285376;-47,85054871;"SPRF-SP";"DEL05-SP";"UOP01-DEL05-SP"
200422;2019-03-31;"domingo";"19:00:00";"BA";116;424,4;"FEIRA DE SANTANA";"Ingestão de Álcool";"Atropelamento de Animal";"Com Vítimas Fatais";"Plena Noite";"Decrescente";"Nublado";"Simples";"Reta";"Sim";4;1;0;0;3;0;0;2;-12,24097999;-38,9832902;"SPRF-BA";"DEL02-BA";"UOP01-DEL02-BA"
200423;2019-03-31;"domingo";"19:40:00";"RN";304;39,7;"MOSSORO";"Falta de Atenção à Condução";"Colisão com objeto estático";"Com Vítimas Feridas";"Plena Noite";"Crescente";"Nublado";"Dupla";"Reta";"Sim";1;0;1;0;0;0;1;1;-5,18846685;-37,37410298;"SPRF-RN";"DEL04-RN";"UOP02-DEL04-RN"
200424;2019-03-31;"domingo";"19:45:00";"DF";60;4;"BRASILIA";"Falta de Atenção à Condução";"Engavetamento";"Com Vítimas Feridas";"Plena Noite";"Crescente";"Céu Claro";"Simples";"Reta";"Sim";3;0;1;0;2;0;1;3;-15,892721;-48,095741;"SPRF-DF";"DEL01-DF";"UOP01-DEL03-DF"
200426;2019-03-31;"domingo";"18:10:00";"SP";116;151,7;"SAO JOSE DOS CAMPOS";"Ingestão de Álcool";"Colisão com objeto estático";"Com Vítimas Feridas";"Plena Noite";"Decrescente";"Céu Claro";"Dupla";"Declive";"Sim";1;0;1;0;0;0;1;1;-23,22408328;-45,90464473;"SPRF-SP";"DEL02-SP";"UOP01-DEL02-SP"
200427;2019-03-31;"domingo";"20:05:00";"DF";60;5;"BRASILIA";"Falta de Atenção à Condução";"Colisão traseira";"Com Vítimas Feridas";"Plena Noite";"Crescente";"Nublado";"Dupla";"Reta";"Sim";2;0;1;0;1;0;1;2;-15,895438;-48,104771;"SPRF-DF";"DEL01-DF";"UOP01-DEL03-DF"
200428;2019-03-31;"domingo";"18:30:00";"BA";235;174;"CANUDOS";"Animais na Pista";"Atropelamento de Animal";"Sem Vítimas";"Plena Noite";"Crescente";"Céu Claro";"Simples";"Reta";"Não";5;0;0;0;5;0;0;2;-9,91016901;-39,058743;"SPRF-BA";"DEL07-BA";"UOP01-DEL07-BA"
200429;2019-03-31;"domingo";"20:00:00";"RS";472;597;"URUGUAIANA";"Falta de Atenção do Pedestre";"Atropelamento de Pedestre";"Com Vítimas Feridas";"Plena Noite";"Crescente";"Céu Claro";"Simples";"Reta";"Não";2;0;1;0;1;0;1;2;-29,872252;-57,111932;"SPRF-RS";"DEL13-RS";"UOP01-DEL13-RS"
200430;2019-03-31;"domingo";"20:15:00";"PE";232;21,8;"MORENO";"Ingestão de Álcool";"Saída de leito carroçável";"Com Vítimas Fatais";"Plena Noite";"Decrescente";"Céu Claro";"Dupla";"Reta";"Não";8;3;4;0;1;0;4;2;-8,09580234;-35,08012588;"SPRF-PE";"DEL01-PE";"UOP02-DEL02PE"
200431;2019-03-31;"domingo";"19:00:00";"MS";163;225;"CAARAPO";"Sinalização da via insuficiente ou inadequada";"Saída de leito carroçável";"Com Vítimas Feridas";"Plena Noite";"Crescente";"Céu Claro";"Simples";"Retorno Regulamentado";"Não";1;0;0;1;0;0;1;1;-22,500217;-54,864506;"SPRF-MS";"DEL04-MS";"UOP02-DEL04-MS"
200433;2019-03-31;"domingo";"19:30:00";"RJ";393;281,9;"VOLTA REDONDA";"Ultrapassagem Indevida";"Colisão frontal";"Com Vítimas Feridas";"Plena Noite";"Crescente";"Céu Claro";"Simples";"Reta";"Sim";3;0;1;1;1;0;2;2;-22,48025569;-44,02974901;"SPRF-RJ";"DEL05-RJ";"UOP04-DEL05-RJ"
200434;2019-03-31;"domingo";"20:10:00";"MG";40;445;"PARAOPEBA";"Condutor Dormindo";"Saída de leito carroçável";"Com Vítimas Feridas";"Plena Noite";"Crescente";"Céu Claro";"Dupla";"Reta";"Não";1;0;0;1;0;0;1;1;-19,28815;-44,392;"SPRF-MG";"DEL02-MG";"UOP01-DEL02-MG"
200435;2019-03-31;"domingo";"20:15:00";"SP";116;207;"GUARULHOS";"Não guardar distância de segurança";"Colisão traseira";"Com Vítimas Feridas";"Plena Noite";"Crescente";"Nublado";"Dupla";"Reta";"Não";3;0;2;0;1;0;2;2;-23,41925632;-46,38314009;"SPRF-SP";"DEL01-SP";"UOP01-DEL01-SP"
200436;2019-03-31;"domingo";"18:50:00";"PR";277;707,9;"SANTA TEREZINHA DE ITAIPU";"Desobediência às normas de trânsito pelo pedestre";"Atropelamento de Pedestre";"Com Vítimas Fatais";"Anoitecer";"Crescente";"Céu Claro";"Dupla";"Aclive";"Sim";3;1;0;1;0;1;1;2;-25,44290885;-54,39565306;"SPRF-PR";"DEL05-PR";"UOP01-DEL05-PR"
200437;2019-03-31;"domingo";"19:20:00";"PR";376;161,3;"MARINGA";"Desobediência às normas de trânsito pelo condutor";"Colisão frontal";"Com Vítimas Feridas";"Plena Noite";"Crescente";"Céu Claro";"Dupla";"Reta";"Sim";2;0;1;1;0;0;2;2;-23,36790787;-52,06736147;"SPRF-PR";"DEL07-PR";"UOP01-DEL09-PR"
200439;2019-03-31;"domingo";"19:55:00";"SP";153;186;"LINS";"Ultrapassagem Indevida";"Colisão lateral";"Com Vítimas Feridas";"Plena Noite";"Crescente";"Céu Claro";"Simples";"Reta";"Não";4;0;1;0;3;0;1;2;-21,72323009;-49,82626994;"SPRF-SP";"DEL07-SP";"UOP01-DEL07-SP"
200440;2019-03-31;"domingo";"20:10:00";"ES";101;260,6;"SERRA";"Desobediência às normas de trânsito pelo condutor";"Colisão frontal";"Com Vítimas Feridas";"Plena Noite";"Decrescente";"Nublado";"Múltipla";"Curva";"Não";2;0;0;2;0;0;2;2;-20,1471035;-40,28118264;"SPRF-ES";"DEL02-ES";"UOP01-DEL02-ES"
200442;2019-03-31;"domingo";"19:40:00";"PI";316;0,1;"TERESINA";"Falta de Atenção à Condução";"Atropelamento de Pedestre";"Com Vítimas Feridas";"Plena Noite";"Decrescente";"Chuva";"Múltipla";"Reta";"Sim";2;0;0;1;1;0;1;2;-5,19466488;-42,75969213;"SPRF-PI";"DEL01-PI";"UOP02-DEL01-PI"
200445;2019-03-31;"domingo";"20:45:00";"GO";40;15,3;"LUZIANIA";"Falta de Atenção à Condução";"Saída de leito carroçável";"Com Vítimas Feridas";"Plena Noite";"Crescente";"Céu Claro";"Dupla";"Aclive";"Não";1;0;0;1;0;0;1;1;-16,17016464;-47,92991638;"SPRF-DF";"DEL01-DF";"UOP01-DEL01-DF"
200446;2019-03-31;"domingo";"20:30:00";"ES";101;81,1;"SAO MATEUS";"Falta de Atenção à Condução";"Saída de leito carroçável";"Com Vítimas Feridas";"Plena Noite";"Crescente";"Céu Claro";"Simples";"Reta";"Não";1;0;1;0;0;0;1;1;-18,82882736;-39,91225653;"SPRF-ES";"DEL04-ES";"UOP02-DEL04-ES"
200447;2019-03-31;"domingo";"19:40:00";"PR";277;33,5;"MORRETES";"Pista Escorregadia";"Queda de ocupante de veículo";"Com Vítimas Feridas";"Plena Noite";"Crescente";"Nublado";"Dupla";"Aclive;Curva";"Não";2;0;2;0;0;0;2;1;-25,547373;-48,790559;"SPRF-PR";"DEL01-PR";"UOP05-DEL01-PR"
200449;2019-03-31;"domingo";"20:10:00";"PR";163;183;"SANTA TEREZA DO OESTE";"Velocidade Incompatível";"Saída de leito carroçável";"Com Vítimas Feridas";"Plena Noite";"Decrescente";"Nublado";"Dupla";"Curva";"Sim";2;0;2;0;0;0;2;1;-25,15061891;-53,59355915;"SPRF-PR";"DEL04-PR";"UOP05-DEL05-PR"
200450;2019-03-31;"domingo";"21:00:00";"RS";116;234,3;"NOVO HAMBURGO";"Velocidade Incompatível";"Saída de leito carroçável";"Sem Vítimas";"Plena Noite";"Crescente";"Nublado";"Simples";"Reta";"Sim";1;0;0;0;1;0;0;1;-29,65121313;-51,1444433;"SPRF-RS";"DEL01-RS";"UOP02-DEL01-RS"
200452;2019-03-31;"domingo";"20:40:00";"PR";277;726,4;"FOZ DO IGUACU";"Sinalização da via insuficiente ou inadequada";"Colisão com objeto estático";"Com Vítimas Feridas";"Plena Noite";"Decrescente";"Céu Claro";"Dupla";"Desvio Temporário;Em Obras";"Sim";3;0;1;1;0;1;2;2;-25,51082156;-54,55414653;"SPRF-PR";"DEL05-PR";"UOP03-DEL05-PR"
200454;2019-03-19;"terça-feira";"16:47:00";"GO";50;280,3;"CATALAO";"Falta de Atenção à Condução";"Queda de ocupante de veículo";"Com Vítimas Feridas";"Pleno dia";"Crescente";"Céu Claro";"Dupla";"Interseção de Vias";"Sim";2;0;1;0;1;0;1;2;-18,1784;-47,9362;"SPRF-GO";"DEL06-GO";"UOP01-DEL06-GO"
200456;2019-03-31;"domingo";"21:30:00";"SP";116;303;"SAO LOURENCO DA SERRA";"Velocidade Incompatível";"Tombamento";"Com Vítimas Feridas";"Plena Noite";"Decrescente";"Céu Claro";"Dupla";"Reta";"Não";1;0;0;1;0;0;1;1;-23,82760675;-46,92631345;"SPRF-SP";"DEL04-SP";"UOP01-DEL04-SP"
200457;2019-03-31;"domingo";"19:50:00";"RJ";40;123;"DUQUE DE CAXIAS";"Desobediência às normas de trânsito pelo condutor";"Colisão lateral";"Com Vítimas Feridas";"Plena Noite";"Decrescente";"Céu Claro";"Múltipla";"Ponte";"Sim";2;0;1;0;1;0;1;2;-22,79907687;-43,29015739;"SPRF-RJ";"DEL01-RJ";"UOP01-DEL01-RJ"
200458;2019-03-31;"domingo";"21:00:00";"RJ";40;124;"DUQUE DE CAXIAS";"Falta de Atenção à Condução";"Colisão lateral";"Com Vítimas Feridas";"Plena Noite";"Crescente";"Céu Claro";"Múltipla";"Reta";"Não";6;0;4;0;2;0;4;3;-22,807953;-43,289124;"SPRF-RJ";"DEL01-RJ";"UOP02-DEL01-RJ"
200459;2019-03-31;"domingo";"20:05:00";"RS";158;565,5;"SANTANA DO LIVRAMENTO";"Desobediência às normas de trânsito pelo condutor";"Colisão transversal";"Com Vítimas Feridas";"Plena Noite";"Crescente";"Céu Claro";"Simples";"Interseção de Vias";"Sim";5;0;1;0;4;0;1;2;-30,87416124;-55,51139474;"SPRF-RS";"DEL11-RS";"UOP01-DEL11-RS"
200460;2019-03-31;"domingo";"16:30:00";"PR";369;178,4;"ROLANDIA";"Defeito Mecânico no Veículo";"Colisão com objeto estático";"Com Vítimas Feridas";"Pleno dia";"Decrescente";"Céu Claro";"Dupla";"Curva;Viaduto;Aclive";"Sim";2;0;1;1;0;0;2;1;-23,3491467;-51,38601243;"SPRF-PR";"DEL07-PR";"UOP01-DEL07-PR"
200461;2019-03-31;"domingo";"21:00:00";"SE";101;89;"NOSSA SENHORA DO SOCORRO";"Desobediência às normas de trânsito pelo condutor";"Saída de leito carroçável";"Sem Vítimas";"Plena Noite";"Decrescente";"Nublado";"Dupla";"Interseção de Vias";"Não";1;0;0;0;0;1;0;1;-10,88051024;-37,13355535;"SPRF-SE";"DEL01-SE";"UOP01-DEL01-SE"
200462;2019-03-31;"domingo";"22:30:00";"SP";116;303,5;"SAO LOURENCO DA SERRA";"Velocidade Incompatível";"Colisão traseira";"Com Vítimas Feridas";"Plena Noite";"Decrescente";"Nublado";"Dupla";"Reta;Declive";"Não";7;0;1;0;6;0;1;2;-23,82760675;-46,92631345;"SPRF-SP";"DEL04-SP";"UOP01-DEL04-SP"
200463;2019-03-31;"domingo";"21:30:00";"PI";407;423;"PICOS";"Falta de Atenção à Condução";"Saída de leito carroçável";"Com Vítimas Feridas";"Plena Noite";"Crescente";"Céu Claro";"Simples";"Reta";"Sim";1;0;1;0;0;0;1;1;-7,079333;-41,433254;"SPRF-PI";"DEL04-PI";"UOP01-DEL04-PI"
200464;2019-03-31;"domingo";"22:25:00";"MG";40;502;"ESMERALDAS";"Desobediência às normas de trânsito pelo condutor";"Colisão lateral";"Com Vítimas Feridas";"Plena Noite";"Crescente";"Céu Claro";"Dupla";"Reta";"Sim";2;0;1;0;1;0;1;2;-19,714002;-44,160929;"SPRF-MG";"DEL02-MG";"UOP01-DEL02-MG"
200465;2019-03-31;"domingo";"22:50:00";"DF";60;2,9;"BRASILIA";"Falta de Atenção à Condução";"Colisão traseira";"Com Vítimas Feridas";"Plena Noite";"Crescente";"Vento";"Dupla";"Reta";"Sim";4;0;3;1;0;0;4;2;-15,887383;-48,077988;"SPRF-DF";"DEL01-DF";"UOP01-DEL03-DF"
200466;2019-03-31;"domingo";"23:00:00";"DF";20;18;"BRASILIA";"Falta de Atenção à Condução";"Colisão transversal";"Sem Vítimas";"Plena Noite";"Crescente";"Céu Claro";"Dupla";"Reta";"Sim";3;0;0;0;1;2;0;2;-15,616901;-47,708927;"SPRF-DF";"DEL02-DF";"UOP01-DEL02-DF"
200467;2019-03-31;"domingo";"22:00:00";"MS";163;279;"DOURADOS";"Falta de Atenção à Condução";"Saída de leito carroçável";"Com Vítimas Feridas";"Plena Noite";"Crescente";"Céu Claro";"Dupla";"Reta";"Não";1;0;0;1;0;0;1;1;-22,14370378;-54,62685617;"SPRF-MS";"DEL04-MS";"UOP01-DEL04-MS"
200468;2019-03-31;"domingo";"23:00:00";"PR";277;627;"CEU AZUL";"Defeito Mecânico no Veículo";"Queda de ocupante de veículo";"Com Vítimas Feridas";"Plena Noite";"Decrescente";"Céu Claro";"Simples";"Curva";"Não";2;0;1;0;1;0;1;1;-25,11142019;-53,76734885;"SPRF-PR";"DEL05-PR";"UOP02-DEL05-PR"
200469;2019-03-31;"domingo";"22:50:00";"RS";290;44,1;"GLORINHA";"Condutor Dormindo";"Saída de leito carroçável";"Com Vítimas Feridas";"Plena Noite";"Crescente";"Nublado";"Dupla";"Reta";"Não";2;0;1;0;1;0;1;1;-29,889887;-50,699654;"SPRF-RS";"DEL03-RS";"UOP01-DEL03-RS"
200470;2019-03-31;"domingo";"20:35:00";"BA";324;545;"AMELIA RODRIGUES";"Desobediência às normas de trânsito pelo pedestre";"Atropelamento de Pedestre";"Com Vítimas Fatais";"Plena Noite";"Decrescente";"Ignorado";"Dupla";"Reta";"Sim";2;1;0;0;1;0;0;2;-12,40647;-38,753143;"SPRF-BA";"DEL01-BA";"UOP01-DEL01-BA"
200471;2019-03-31;"domingo";"22:15:00";"RJ";116;78;"TERESOPOLIS";"Falta de Atenção à Condução";"Tombamento";"Com Vítimas Feridas";"Plena Noite";"Crescente";"Nublado";"Simples";"Aclive;Reta";"Sim";2;0;2;0;0;0;2;1;-22,37408687;-42,95260496;"SPRF-RJ";"DEL04-RJ";"UOP01-DEL04-RJ"
200472;2019-03-31;"domingo";"23:15:00";"PA";153;52;"SAO DOMINGOS DO ARAGUAIA";"Ingestão de Álcool";"Colisão frontal";"Com Vítimas Feridas";"Plena Noite";"Decrescente";"Nublado";"Simples";"Reta";"Não";3;0;1;1;1;0;2;2;-5,578522;-48,727486;"SPRF-PA";"DEL03-PA";"UOP01-DEL03-PA"
200473;2019-03-31;"domingo";"22:45:00";"MG";381;789,1;"SAO GONCALO DO SAPUCAI";"Ingestão de álcool e/ou substâncias psicoativas pelo pedestre";"Atropelamento de Pedestre";"Com Vítimas Feridas";"Plena Noite";"Crescente";"Nublado";"Dupla";"Reta;Declive";"Não";3;0;0;1;2;0;1;2;-21,87221238;-45,53931713;"SPRF-MG";"DEL16-MG";"UOP02-DEL16-MG"