"id";"data_inversa";"dia_semana";"horario";"uf";"br";"km";"municipio";"causa_acidente";"tipo_acidente";"classificacao_acidente";"fase_dia";"sentido_via";"condicao_metereologica";"tipo_pista";"tracado_via";"uso_solo";"pessoas";"mortos";"feridos_leves";"feridos_graves";"ilesos";"ignorados";"feridos";"veiculos";"latitude";"longitude";"regional";"delegacia";"uop"
200722;2019-04-02;"terça-feira";"08:00:00";"PR";476;143;"CURITIBA";"Falta de Atenção à Condução";"Colisão lateral";"Com Vítimas Feridas";"Pleno dia";"Decrescente";"Céu Claro";"Dupla";"Reta";"Não";2;0;1;0;0;1;1;2;-25,543802;-49,305328;"SPRF-PR";"DEL01-PR";"UOP03-DEL01-PR"
200723;2019-04-02;"terça-feira";"10:05:00";"PR";476;122;"CURITIBA";"Ultrapassagem Indevida";"Atropelamento de Pedestre";"Com Vítimas Feridas";"Pleno dia";"Decrescente";"Céu Claro";"Dupla";"Reta";"Sim";3;0;0;1;2;0;1;3;-25,385775;-49,203377;"SPRF-PR";"DEL01-PR";"UOP07-DEL01-PR"
200724;2019-04-02;"terça-feira";"09:30:00";"RO";364;374,5;"OURO PRETO DO OESTE";"Desobediência às normas de trânsito pelo condutor";"Colisão lateral";"Com Vítimas Feridas";"Pleno dia";"Decrescente";"Sol";"Simples";"Reta";"Não";4;0;2;0;2;0;2;1;-10,74292168;-62,18193054;"SPRF-RO";"DEL02-RO";"UOP01-DEL02-RO"
200725;2019-04-02;"terça-feira";"10:40:00";"PR";277;74;"SAO JOSE DOS PINHAIS";"Falta de Atenção à Condução";"Colisão com objeto estático";"Com Vítimas Feridas";"Pleno dia";"Decrescente";"Céu Claro";"Dupla";"Viaduto";"Sim";1;0;0;1;0;0;1;1;-25,49623396;-49,16248262;"SPRF-PR";"DEL01-PR";"UOP07-DEL01-PR"
200726;2019-04-02;"terça-feira";"10:30:00";"MG";381;668,2;"PERDOES";"Condutor Dormindo";"Capotamento";"Com Vítimas Fatais";"Pleno dia";"Decrescente";"Sol";"Dupla";"Reta";"Não";3;1;2;0;0;0;2;1;-21,06787894;-45,05229868;"SPRF-MG";"DEL04-MG";"UOP02-DEL04-MG"
200727;2019-04-02;"terça-feira";"10:50:00";"PB";101;85;"BAYEUX";"Animais na Pista";"Queda de ocupante de veículo";"Com Vítimas Feridas";"Pleno dia";"Decrescente";"Céu Claro";"Dupla";"Reta";"Sim";1;0;0;1;0;0;1;1;-7,14538184;-34,91662887;"SPRF-PB";"DEL01-PB";"UOP01-DEL01-PB"
200728;2019-03-02;"sábado";"02:30:00";"MG";365;295,1;"JOAO PINHEIRO";"Não guardar distância de segurança";"Colisão traseira";"Com Vítimas Feridas";"Plena Noite";"Decrescente";"Nevoeiro/Neblina";"Simples";"Reta";"Não";74;0;34;0;40;0;34;2;-18,122482;-45,719231;"SPRF-MG";"DEL10-MG";"UOP01-DEL10-MG"
200730;2019-04-02;"terça-feira";"11:25:00";"SP";116;202,8;"ARUJA";"Defeito Mecânico no Veículo";"Incêndio";"Sem Vítimas";"Pleno dia";"Decrescente";"Céu Claro";"Dupla";"Reta";"Não";2;0;0;0;2;0;0;1;-23,41001915;-46,34440094;"SPRF-SP";"DEL01-SP";"UOP02-DEL01-SP"
200733;2019-04-02;"terça-feira";"12:05:00";"SE";101;66,8;"ROSARIO DO CATETE";"Falta de Atenção à Condução";"Tombamento";"Com Vítimas Feridas";"Pleno dia";"Crescente";"Céu Claro";"Simples";"Reta";"Não";1;0;0;1;0;0;1;1;-10,71207086;-37,05954216;"SPRF-SE";"DEL02-SE";"UOP02-DEL02-SE"
200734;2019-04-02;"terça-feira";"12:00:00";"PE";101;70,3;"RECIFE";"Desobediência às normas de trânsito pelo pedestre";"Atropelamento de Pedestre";"Com Vítimas Feridas";"Pleno dia";"Decrescente";"Céu Claro";"Dupla";"Reta";"Sim";2;0;1;1;0;0;2;2;-8,06776119;-34,94265074;"SPRF-PE";"DEL01-PE";"UOP01-DEL01-PE"
200735;2019-04-02;"terça-feira";"12:10:00";"PB";101;40,6;"MAMANGUAPE";"Avarias e/ou desgaste excessivo no pneu";"Tombamento";"Com Vítimas Feridas";"Pleno dia";"Decrescente";"Sol";"Dupla";"Reta";"Sim";2;0;2;0;0;0;2;1;-6,842089;-35,136049;"SPRF-PB";"DEL01-PB";"UOP04-DEL01-PB"
200736;2019-03-29;"sexta-feira";"15:00:00";"RJ";40;92;"PETROPOLIS";"Pista Escorregadia";"Colisão lateral";"Com Vítimas Feridas";"Pleno dia";"Crescente";"Chuva";"Simples";"Curva";"Não";4;0;2;0;2;0;2;2;-22,55191954;-43,25068815;"SPRF-RJ";"DEL06-RJ";"UOP01-DEL06-RJ"
200737;2019-04-02;"terça-feira";"11:40:00";"SP";381;87,8;"SAO PAULO";"Sinalização da via insuficiente ou inadequada";"Colisão lateral";"Com Vítimas Feridas";"Pleno dia";"Crescente";"Céu Claro";"Múltipla";"Reta";"Sim";2;0;1;0;1;0;1;2;-23,46885001;-46,56996601;"SPRF-SP";"DEL03-SP";"UOP01-DEL03-SP"
200738;2019-04-02;"terça-feira";"13:10:00";"SC";101;219;"PALHOCA";"Agressão Externa";"Queda de ocupante de veículo";"Com Vítimas Feridas";"Pleno dia";"Crescente";"Céu Claro";"Múltipla";"Reta";"Não";1;0;0;1;0;0;1;1;-27,68392194;-48,66710085;"SPRF-SC";"DEL01-SC";"UOP02-DEL01-SC"
200740;2019-04-02;"terça-feira";"11:00:00";"AL";101;133,6;"SAO MIGUEL DOS CAMPOS";"Falta de Atenção à Condução";"Colisão transversal";"Com Vítimas Feridas";"Pleno dia";"Decrescente";"Nublado";"Simples";"Interseção de Vias";"Sim";2;0;1;0;1;0;1;2;-9,77267463;-36,10116533;"SPRF-AL";"DEL02-AL";"UOP01-DEL02-AL"
200741;2019-04-02;"terça-feira";"13:30:00";"ES";101;380;"ICONHA";"Defeito na Via";"Queda de ocupante de veículo";"Com Vítimas Feridas";"Pleno dia";"Crescente";"Céu Claro";"Simples";"Reta";"Não";1;0;1;0;0;0;1;1;-20,80767317;-40,83488482;"SPRF-ES";"DEL03-ES";"UOP01-DEL03-ES"
200742;2019-04-02;"terça-feira";"14:00:00";"DF";70;12;"BRASILIA";"Desobediência às normas de trânsito pelo condutor";"Colisão traseira";"Com Vítimas Feridas";"Pleno dia";"Decrescente";"Céu Claro";"Dupla";"Reta";"Sim";5;0;1;0;4;0;1;2;-15,792243;-48,158543;"SPRF-DF";"DEL01-DF";"UOP02-DEL03-DF"
200745;2019-04-02;"terça-feira";"13:30:00";"BA";101;867,9;"TEIXEIRA DE FREITAS";"Avarias e/ou desgaste excessivo no pneu";"Tombamento";"Com Vítimas Feridas";"Pleno dia";"Crescente";"Céu Claro";"Simples";"Reta";"Não";2;0;2;0;0;0;2;1;-17,65679897;-39,77184322;"SPRF-BA";"DEL09-BA";"UOP02-DEL09-BA"
200747;2019-03-09;"sábado";"14:50:00";"SC";101;142,1;"ITAPEMA";"Desobediência às normas de trânsito pelo condutor";"Colisão traseira";"Com Vítimas Feridas";"Pleno dia";"Decrescente";"Céu Claro";"Dupla";"Reta";"Sim";6;0;1;3;1;1;4;6;-27,0563263;-48,59846234;"SPRF-SC";"DEL04-SC";"UOP03-DEL04-SC"
200749;2019-04-02;"terça-feira";"14:28:00";"SC";101;357;"SANGAO";"Falta de Atenção à Condução";"Colisão transversal";"Com Vítimas Feridas";"Pleno dia";"Decrescente";"Céu Claro";"Múltipla";"Viaduto";"Sim";2;0;0;1;1;0;1;2;-28,635168;-49,09467;"SPRF-SC";"DEL02-SC";"UOP01-DEL02-SC"
200759;2019-03-17;"domingo";"17:15:00";"PE";423;75,6;"JUPI";"Ultrapassagem Indevida";"Colisão frontal";"Com Vítimas Feridas";"Pleno dia";"Crescente";"Céu Claro";"Simples";"Declive";"Não";2;0;2;0;0;0;2;2;-8,724732;-36,429327;"SPRF-PE";"DEL03-PE";"UOP01-DEL03-PE"
200762;2019-04-02;"terça-feira";"16:50:00";"RJ";493;0;"ITABORAI";"Desobediência às normas de trânsito pelo condutor";"Colisão transversal";"Com Vítimas Feridas";"Pleno dia";"Crescente";"Céu Claro";"Simples";"Reta";"Sim";3;0;2;0;1;0;2;2;-22,77062;-42,92223;"SPRF-RJ";"DEL04-RJ";"UOP02-DEL04-RJ"
200763;2019-04-02;"terça-feira";"16:17:00";"MG";40;356,3;"FELIXLANDIA";"Falta de Atenção à Condução";"Colisão transversal";"Com Vítimas Feridas";"Pleno dia";"Crescente";"Sol";"Simples";"Retorno Regulamentado;Reta";"Não";2;0;1;0;1;0;1;2;-18,730889;-44,877982;"SPRF-MG";"DEL02-MG";"UOP01-DEL02-MG"
200766;2019-03-23;"sábado";"17:15:00";"MT";174;1;"PONTES E LACERDA";"Desobediência às normas de trânsito pelo condutor";"Colisão lateral";"Com Vítimas Feridas";"Pleno dia";"Crescente";"Céu Claro";"Simples";"Reta";"Sim";2;0;1;0;1;0;1;2;-15,24683192;-59,31975972;"SPRF-MT";"DEL04-MT";"UOP01-DEL04-MT"
200767;2019-04-02;"terça-feira";"05:44:00";"RJ";40;112;"DUQUE DE CAXIAS";"Defeito Mecânico no Veículo";"Queda de ocupante de veículo";"Com Vítimas Feridas";"Anoitecer";"Decrescente";"Céu Claro";"Múltipla";"Reta";"Não";1;0;1;0;0;0;1;1;-22,7004454;-43,29014851;"SPRF-RJ";"DEL01-RJ";"UOP01-DEL01-RJ"
200769;2019-04-02;"terça-feira";"16:11:00";"RO";364;15,8;"VILHENA";"Desobediência às normas de trânsito pelo condutor";"Colisão traseira";"Com Vítimas Feridas";"Pleno dia";"Decrescente";"Céu Claro";"Simples";"Reta";"Sim";4;0;2;0;0;2;2;3;-12,73672751;-60,14804088;"SPRF-RO";"DEL04-RO";"UOP01-DEL04-RO"
200770;2019-04-02;"terça-feira";"17:15:00";"PR";277;67,8;"SAO JOSE DOS PINHAIS";"Desobediência às normas de trânsito pelo condutor";"Colisão lateral";"Com Vítimas Feridas";"Pleno dia";"Crescente";"Céu Claro";"Dupla";"Reta";"Não";3;0;1;0;2;0;1;2;-25,54112281;-49,06183391;"SPRF-PR";"DEL01-PR";"UOP07-DEL01-PR"
200772;2019-04-02;"terça-feira";"17:10:00";"SP";116;218,6;"GUARULHOS";"Não guardar distância de segurança";"Colisão lateral";"Com Vítimas Feridas";"Pleno dia";"Decrescente";"Sol";"Múltipla";"Reta";"Sim";5;0;1;0;4;0;1;2;-23,457972;-46,479927;"SPRF-SP";"DEL01-SP";"UOP01-DEL01-SP"
200776;2019-04-02;"terça-feira";"16:50:00";"MG";381;506,5;"SAO JOAQUIM DE BICAS";"Falta de Atenção à Condução";"Colisão traseira";"Com Vítimas Feridas";"Pleno dia";"Decrescente";"Céu Claro";"Simples";"Reta";"Sim";2;0;1;0;1;0;1;2;-20,05039397;-44,27962502;"SPRF-MG";"DEL01-MG";"UOP03-DEL01-MG"
200777;2019-04-02;"terça-feira";"18:05:00";"PR";369;156;"LONDRINA";"Falta de Atenção à Condução";"Colisão traseira";"Com Vítimas Feridas";"Anoitecer";"Crescente";"Céu Claro";"Dupla";"Reta";"Sim";2;0;2;0;0;0;2;2;-23,29295365;-51,21381998;"SPRF-PR";"DEL07-PR";"UOP01-DEL07-PR"
200778;2019-04-02;"terça-feira";"17:40:00";"PE";104;87;"AGRESTINA";"Falta de Atenção do Pedestre";"Atropelamento de Pedestre";"Com Vítimas Feridas";"Plena Noite";"Crescente";"Céu Claro";"Simples";"Reta";"Sim";2;0;1;0;1;0;1;2;-8,454104;-35,945515;"SPRF-PE";"DEL02-PE";"UOP01-DEL02-PE"
200779;2019-04-02;"terça-feira";"17:50:00";"AL";316;267;"SATUBA";"Velocidade Incompatível";"Saída de leito carroçável";"Com Vítimas Feridas";"Plena Noite";"Decrescente";"Céu Claro";"Simples";"Reta";"Sim";1;0;0;1;0;0;1;1;-9,58684648;-35,84355384;"SPRF-AL";"DEL02-AL";"UOP01-DEL02-AL"
200780;2019-04-02;"terça-feira";"17:50:00";"PB";101;97,4;"ALHANDRA";"Desobediência às normas de trânsito pelo pedestre";"Atropelamento de Pedestre";"Com Vítimas Fatais";"Anoitecer";"Crescente";"Céu Claro";"Dupla";"Curva";"Sim";2;1;0;0;0;1;0;2;-7,243838;-34,929838;"SPRF-PB";"DEL01-PB";"UOP01-DEL01-PB"
200782;2019-04-02;"terça-feira";"18:20:00";"PR";277;76;"SAO JOSE DOS PINHAIS";"Não guardar distância de segurança";"Queda de ocupante de veículo";"Com Vítimas Feridas";"Plena Noite";"Decrescente";"Céu Claro";"Dupla";"Reta";"Sim";1;0;1;0;0;0;1;1;-25,48870578;-49,17976141;"SPRF-PR";"DEL01-PR";"UOP07-DEL01-PR"
200783;2019-04-02;"terça-feira";"18:13:00";"DF";40;0,2;"BRASILIA";"Falta de Atenção à Condução";"Saída de leito carroçável";"Com Vítimas Feridas";"Anoitecer";"Decrescente";"Nublado";"Simples";"Reta";"Não";2;0;2;0;0;0;2;1;-15,976897;-47,990129;"SPRF-DF";"DEL01-DF";"UOP01-DEL01-DF"
200784;2019-04-02;"terça-feira";"17:35:00";"SC";470;136,5;"RIO DO SUL";"Falta de Atenção à Condução";"Colisão transversal";"Com Vítimas Feridas";"Pleno dia";"Decrescente";"Céu Claro";"Simples";"Reta";"Sim";2;0;1;0;1;0;1;2;-27,194323;-49,624554;"SPRF-SC";"DEL04-SC";"UOP02-DEL04-SC"
200785;2019-04-02;"terça-feira";"18:15:00";"ES";101;147;"LINHARES";"Falta de Atenção à Condução";"Colisão transversal";"Com Vítimas Feridas";"Plena Noite";"Decrescente";"Céu Claro";"Simples";"Interseção de Vias";"Sim";2;0;0;2;0;0;2;2;-19,37887202;-40,06657892;"SPRF-ES";"DEL04-ES";"UOP01-DEL04-ES"
200786;2019-04-02;"terça-feira";"17:00:00";"MG";381;334;"NOVA ERA";"Falta de Atenção do Pedestre";"Atropelamento de Pedestre";"Com Vítimas Feridas";"Anoitecer";"Crescente";"Nublado";"Simples";"Rotatória";"Não";2;0;1;0;1;0;1;2;-19,79994695;-43,05451587;"SPRF-MG";"DEL03-MG";"UOP01-DEL03-MG"
200787;2019-04-02;"terça-feira";"18:00:00";"RJ";101;318;"SAO GONCALO";"Falta de Atenção à Condução";"Colisão lateral";"Com Vítimas Feridas";"Anoitecer";"Decrescente";"Céu Claro";"Dupla";"Reta";"Sim";3;0;1;0;2;0;1;2;-22,84562994;-43,09841211;"SPRF-RJ";"DEL02-RJ";"DEL5/2-UOP04/RJ"
200789;2019-04-02;"terça-feira";"17:15:00";"MT";163;1040;"MATUPA";"Falta de Atenção à Condução";"Colisão transversal";"Com Vítimas Feridas";"Plena Noite";"Decrescente";"Nublado";"Dupla";"Rotatória";"Sim";2;0;0;1;1;0;1;2;-10,1568015;-54,93404388;"SPRF-MT";"DEL06-MT";"UOP02-DEL06-MT"
200791;2019-04-02;"terça-feira";"19:00:00";"ES";101;145;"LINHARES";"Não guardar distância de segurança";"Engavetamento";"Sem Vítimas";"Plena Noite";"Crescente";"Céu Claro";"Dupla";"Reta";"Sim";4;0;0;0;4;0;0;4;-19,36089598;-40,06464018;"SPRF-ES";"DEL04-ES";"UOP01-DEL04-ES"
200794;2019-04-02;"terça-feira";"19:00:00";"PR";369;200,8;"APUCARANA";"Animais na Pista";"Tombamento";"Com Vítimas Feridas";"Plena Noite";"Crescente";"Céu Claro";"Simples";"Interseção de Vias;Rotatória";"Sim";1;0;1;0;0;0;1;1;-23,5339938;-51,4556605;"SPRF-PR";"DEL07-PR";"UOP03-DEL07-PR"
200797;2019-04-02;"terça-feira";"19:20:00";"MG";40;511;"RIBEIRAO DAS NEVES";"Não guardar distância de segurança";"Colisão traseira";"Com Vítimas Feridas";"Plena Noite";"Decrescente";"Nublado";"Dupla";"Reta";"Sim";3;0;1;0;2;0;1;2;-19,78164295;-44,11733194;"SPRF-MG";"DEL01-MG";"UOP02-DEL01-MG"
200798;2019-04-02;"terça-feira";"19:25:00";"SC";101;208,2;"SAO JOSE";"Desobediência às normas de trânsito pelo condutor";"Tombamento";"Com Vítimas Feridas";"Plena Noite";"Decrescente";"Nublado";"Múltipla";"Reta";"Sim";2;0;1;0;1;0;1;1;-27,60455532;-48,63303775;"SPRF-SC";"DEL01-SC";"UOP01-DEL01-SC"
200799;2019-04-02;"terça-feira";"19:05:00";"SC";101;153;"PORTO BELO";"Falta de Atenção à Condução";"Colisão lateral";"Com Vítimas Feridas";"Plena Noite";"Decrescente";"Céu Claro";"Dupla";"Reta";"Não";2;0;1;0;1;0;1;2;-27,144717;-48,61063935;"SPRF-SC";"DEL04-SC";"UOP03-DEL04-SC"
200800;2019-04-02;"terça-feira";"17:35:00";"SC";282;220;"LAGES";"Falta de Atenção à Condução";"Colisão transversal";"Com Vítimas Feridas";"Pleno dia";"Decrescente";"Céu Claro";"Simples";"Viaduto";"Sim";2;0;1;0;1;0;1;2;-27,794014;-50,33363;"SPRF-SC";"DEL05-SC";"UOP01-DEL05-SC"
200802;2019-04-02;"terça-feira";"18:15:00";"BA";101;718;"EUNAPOLIS";"Falta de Atenção à Condução";"Queda de ocupante de veículo";"Com Vítimas Feridas";"Anoitecer";"Decrescente";"Céu Claro";"Simples";"Curva";"Não";1;0;0;1;0;0;1;1;-16,32137503;-39,5967865;"SPRF-BA";"DEL09-BA";"UOP01-DEL09-BA"
200803;2019-04-02;"terça-feira";"18:40:00";"MS";60;204;"CAMAPUA";"Animais na Pista";"Atropelamento de Animal";"Sem Vítimas";"Plena Noite";"Decrescente";"Nublado";"Simples";"Reta";"Não";1;0;0;0;1;0;0;1;-19,59590567;-54,03814637;"SPRF-MS";"DEL06-MS";"UOP02-DEL06-MS"
200804;2019-04-02;"terça-feira";"19:40:00";"PR";476;128,8;"CURITIBA";"Ingestão de Álcool";"Saída de leito carroçável";"Com Vítimas Fatais";"Plena Noite";"Decrescente";"Céu Claro";"Múltipla";"Reta;Declive";"Sim";5;1;0;0;1;3;0;3;-25,43928298;-49,23346996;"SPRF-PR";"DEL01-PR";"UOP07-DEL01-PR"
200805;2019-04-02;"terça-feira";"19:00:00";"MS";163;680,7;"RIO VERDE DE MATO GROSSO";"Falta de Atenção à Condução";"Colisão transversal";"Com Vítimas Feridas";"Plena Noite";"Decrescente";"Céu Claro";"Simples";"Reta";"Sim";2;0;2;0;0;0;2;2;-18,91505588;-54,83881474;"SPRF-MS";"DEL06-MS";"UOP02-DEL06-MS"
200806;2019-04-02;"terça-feira";"18:50:00";"SC";470;138,7;"RIO DO SUL";"Falta de Atenção à Condução";"Colisão transversal";"Com Vítimas Feridas";"Anoitecer";"Crescente";"Céu Claro";"Simples";"Reta";"Sim";2;0;2;0;0;0;2;2;-27,207214;-49,648476;"SPRF-SC";"DEL04-SC";"UOP02-DEL04-SC"
200809;2019-04-02;"terça-feira";"19:40:00";"PR";277;109,4;"CAMPO LARGO";"Desobediência às normas de trânsito pelo condutor";"Queda de ocupante de veículo";"Com Vítimas Feridas";"Plena Noite";"Decrescente";"Céu Claro";"Dupla";"Reta";"Sim";1;0;1;0;0;0;1;1;-25,4430732;-49,45158988;"SPRF-PR";"DEL01-PR";"UOP06-DEL01-PR"
200811;2019-04-02;"terça-feira";"20:10:00";"SP";116;273,1;"TABOAO DA SERRA";"Desobediência às normas de trânsito pelo condutor";"Queda de ocupante de veículo";"Com Vítimas Feridas";"Plena Noite";"Decrescente";"Nublado";"Dupla";"Reta";"Sim";1;0;1;0;0;0;1;1;-23,62809795;-46,81870306;"SPRF-SP";"DEL04-SP";"UOP01-DEL04-SP"
200818;2019-04-02;"terça-feira";"20:00:00";"MT";364;210,1;"RONDONOPOLIS";"Velocidade Incompatível";"Colisão com objeto estático";"Com Vítimas Feridas";"Plena Noite";"Decrescente";"Céu Claro";"Dupla";"Curva";"Não";1;0;1;0;0;0;1;1;-16,42638107;-54,69714046;"SPRF-MT";"DEL02-MT";"UOP01-DEL02-MT"
200819;2019-04-02;"terça-feira";"07:40:00";"PR";116;33;"CAMPINA GRANDE DO SUL";"Ingestão de Álcool";"Saída de leito carroçável";"Com Vítimas Feridas";"Plena Noite";"Crescente";"Céu Claro";"Dupla";"Aclive;Reta";"Não";1;0;1;0;0;0;1;1;-25,1068163;-48,8493208;"SPRF-PR";"DEL01-PR";"UOP02-DEL01-PR"
200820;2019-04-02;"terça-feira";"18:20:00";"RJ";116;177;"SAO JOAO DE MERITI";"Falta de Atenção à Condução";"Colisão lateral";"Com Vítimas Feridas";"Plena Noite";"Crescente";"Céu Claro";"Múltipla";"Reta";"Sim";3;0;1;0;1;1;1;3;-22,78923555;-43,37275272;"SPRF-RJ";"DEL01-RJ";"UOP02-DEL01-RJ"
200821;2019-04-02;"terça-feira";"20:55:00";"SE";235;4,7;"NOSSA SENHORA DO SOCORRO";"Falta de Atenção à Condução";"Colisão traseira";"Com Vítimas Feridas";"Plena Noite";"Crescente";"Céu Claro";"Dupla";"Reta";"Sim";2;0;2;0;0;0;2;2;-10,9064;-37,1197;"SPRF-SE";"DEL01-SE";"UOP01-DEL01-SE"
200822;2019-04-02;"terça-feira";"19:50:00";"SE";101;51,6;"JAPARATUBA";"Falta de Atenção à Condução";"Colisão traseira";"Com Vítimas Feridas";"Plena Noite";"Crescente";"Céu Claro";"Simples";"Em Obras";"Não";6;0;1;0;5;0;1;2;-10,6158;-36,9801;"SPRF-SE";"DEL02-SE";"UOP02-DEL02-SE"
200823;2019-04-02;"terça-feira";"19:30:00";"PR";476;124;"CURITIBA";"Não guardar distância de segurança";"Colisão lateral";"Com Vítimas Feridas";"Plena Noite";"Decrescente";"Céu Claro";"Dupla";"Reta;Em Obras";"Sim";2;0;2;0;0;0;2;2;-25,399845;-49,215855;"SPRF-PR";"DEL01-PR";"UOP07-DEL01-PR"
200825;2019-04-02;"terça-feira";"21:45:00";"SC";282;16;"PALHOCA";"Falta de Atenção à Condução";"Colisão transversal";"Com Vítimas Feridas";"Plena Noite";"Crescente";"Céu Claro";"Simples";"Interseção de Vias";"Sim";2;0;0;1;1;0;1;2;-27,658611;-48,681847;"SPRF-SC";"DEL01-SC";"UOP02-DEL01-SC"
200827;2019-04-02;"terça-feira";"22:10:00";"SP";381;87;"GUARULHOS";"Falta de Atenção à Condução";"Colisão lateral";"Com Vítimas Feridas";"Pleno dia";"Decrescente";"Céu Claro";"Dupla";"Reta";"Sim";3;0;1;0;2;0;1;2;-23,46885001;-46,56996601;"SPRF-SP";"DEL03-SP";"UOP01-DEL03-SP"
200829;2019-04-02;"terça-feira";"22:25:00";"SC";282;3;"FLORIANOPOLIS";"Falta de Atenção à Condução";"Tombamento";"Com Vítimas Feridas";"Plena Noite";"Decrescente";"Céu Claro";"Dupla";"Reta";"Sim";1;0;1;0;0;0;1;1;-27,600384;-48,599705;"SPRF-SC";"DEL01-SC";"UOP01-DEL01-SC"
200830;2019-04-02;"terça-feira";"22:30:00";"SC";282;21;"PALHOCA";"Desobediência às normas de trânsito pelo condutor";"Queda de ocupante de veículo";"Com Vítimas Feridas";"Plena Noite";"Crescente";"Céu Claro";"Simples";"Reta";"Não";1;0;1;0;0;0;1;1;-27,68907;-48,717541;"SPRF-SC";"DEL01-SC";"UOP02-DEL01-SC"
200831;2019-04-02;"terça-feira";"22:50:00";"SE";101;94;"NOSSA SENHORA DO SOCORRO";"Animais na Pista";"Atropelamento de Animal";"Sem Vítimas";"Plena Noite";"Crescente";"Céu Claro";"Dupla";"Reta";"Não";1;0;0;0;1;0;0;1;-10,90732013;-37,15236691;"SPRF-SE";"DEL01-SE";"UOP01-DEL01-SE"
200833;2019-04-02;"terça-feira";"21:30:00";"MT";163;605;"NOVA MUTUM";"Velocidade Incompatível";"Saída de leito carroçável";"Com Vítimas Feridas";"Plena Noite";"Crescente";"Céu Claro";"Simples";"Reta";"Não";3;0;1;0;2;0;1;1;-13,86351018;-56,08627166;"SPRF-MT";"DEL01-MT";"UOP01-DEL01-MT"
200835;2019-04-02;"terça-feira";"22:35:00";"PI";343;2;"TERESINA";"Falta de Atenção à Condução";"Colisão traseira";"Com Vítimas Feridas";"Plena Noite";"Decrescente";"Garoa/Chuvisco";"Dupla";"Reta";"Sim";2;0;1;0;1;0;1;2;-5,08180714;-42,76863813;"SPRF-PI";"DEL01-PI";"UOP01-DEL01-PI"
200836;2019-04-02;"terça-feira";"20:30:00";"SC";101;318,3;"PESCARIA BRAVA";"Falta de Atenção à Condução";"Tombamento";"Com Vítimas Feridas";"Plena Noite";"Decrescente";"Céu Claro";"Múltipla";"Reta";"Sim";1;0;1;0;0;0;1;1;-28,4266481;-48,86160099;"SPRF-SC";"DEL02-SC";"UOP01-DEL02-SC"
200838;2019-04-02;"terça-feira";"22:55:00";"RJ";393;278;"BARRA DO PIRAI";"Defeito Mecânico no Veículo";"Incêndio";"Sem Vítimas";"Plena Noite";"Decrescente";"Céu Claro";"Simples";"Reta";"Sim";1;0;0;0;0;1;0;1;-22,47508022;-43,9983672;"SPRF-RJ";"DEL05-RJ";"UOP04-DEL05-RJ"
200839;2019-04-02;"terça-feira";"22:00:00";"RJ";101;309;"SAO GONCALO";"Falta de Atenção à Condução";"Colisão transversal";"Com Vítimas Fatais";"Plena Noite";"Crescente";"Céu Claro";"Simples";"Reta";"Sim";3;1;0;0;1;1;0;3;-22,796052;-43,041326;"SPRF-RJ";"DEL02-RJ";"DEL5/2-UOP04/RJ"
200840;2019-04-02;"terça-feira";"21:15:00";"PA";10;310;"IRITUIA";"Desobediência às normas de trânsito pelo condutor";"Colisão traseira";"Com Vítimas Fatais";"Plena Noite";"Crescente";"Nublado";"Simples";"Reta";"Não";3;2;0;0;1;0;0;2;-1,720385;-47,50282289;"SPRF-PA";"DEL01-PA";"UOP02-DEL01-PA"
200845;2019-04-02;"terça-feira";"23:45:00";"RO";364;339;"JI-PARANA";"Falta de Atenção à Condução";"Queda de ocupante de veículo";"Com Vítimas Feridas";"Plena Noite";"Crescente";"Ignorado";"Múltipla";"Declive";"Não";1;0;0;1;0;0;1;1;-10,907816;-61,93017402;"SPRF-RO";"DEL02-RO";"UOP01-DEL02-RO"
200847;2019-04-03;"quarta-feira";"03:00:00";"PR";116;98;"SAO JOSE DOS PINHAIS";"Falta de Atenção à Condução";"Saída de leito carroçável";"Sem Vítimas";"Plena Noite";"Crescente";"Nevoeiro/Neblina";"Dupla";"Reta";"Sim";1;0;0;0;1;0;0;1;-25,51973222;-49,13431573;"SPRF-PR";"DEL01-PR";"UOP07-DEL01-PR"
200849;2019-04-03;"quarta-feira";"03:45:00";"ES";101;298,5;"VIANA";"Desobediência às normas de trânsito pelo condutor";"Colisão traseira";"Com Vítimas Feridas";"Plena Noite";"Decrescente";"Céu Claro";"Dupla";"Em Obras";"Sim";2;0;0;2;0;0;2;2;-20,35532082;-40,41703116;"SPRF-ES";"DEL01-ES";"UOP01-DEL01-ES"
200850;2019-04-03;"quarta-feira";"03:50:00";"DF";20;40;"BRASILIA";"Objeto estático sobre o leito carroçável";"Saída de leito carroçável";"Com Vítimas Feridas";"Plena Noite";"Decrescente";"Céu Claro";"Dupla";"Aclive";"Não";3;0;1;0;2;0;1;1;-15,581853;-47,512711;"SPRF-DF";"DEL02-DF";"UOP01-DEL02-DF"
200855;2019-04-02;"terça-feira";"18:15:00";"SC";282;572;"PINHALZINHO";"Falta de Atenção à Condução";"Colisão lateral";"Com Vítimas Feridas";"Plena Noite";"Decrescente";"Céu Claro";"Simples";"Reta";"Não";2;0;1;0;1;0;1;2;-26,879332;-52,949421;"SPRF-SC";"DEL07-SC";"UOP02-DEL07-SC"