"id";"data_inversa";"dia_semana";"horario";"uf";"br";"km";"municipio";"causa_acidente";"tipo_acidente";"classificacao_acidente";"fase_dia";"sentido_via";"condicao_metereologica";"tipo_pista";"tracado_via";"uso_solo";"pessoas";"mortos";"feridos_leves";"feridos_graves";"ilesos";"ignorados";"feridos";"veiculos";"latitude";"longitude";"regional";"delegacia";"uop"
200980;2019-04-03;"quarta-feira";"19:10:00";"PR";277;118;"CAMPO LARGO";"Desobediência às normas de trânsito pelo condutor";"Colisão transversal";"Com Vítimas Feridas";"Plena Noite";"Decrescente";"Céu Claro";"Simples";"Reta;Interseção de Vias";"Sim";4;0;0;1;2;1;1;4;-25,45061324;-49,5226872;"SPRF-PR";"DEL01-PR";"UOP06-DEL01-PR"
200981;2019-04-03;"quarta-feira";"19:40:00";"GO";60;13,1;"ALEXANIA";"Falta de Atenção do Pedestre";"Atropelamento de Pedestre";"Com Vítimas Fatais";"Plena Noite";"Crescente";"Chuva";"Dupla";"Reta;Declive";"Não";2;1;0;0;0;1;0;2;-16,094168;-48,517212;"SPRF-DF";"DEL01-DF";"UOP01-DEL03-DF"
200983;2019-04-01;"segunda-feira";"16:00:00";"MG";365;258,3;"BURITIZEIRO";"Velocidade Incompatível";"Saída de leito carroçável";"Sem Vítimas";"Pleno dia";"Crescente";"Ignorado";"Simples";"Reta";"Não";1;0;0;0;0;1;0;1;-17,85973618;-45,50552793;"SPRF-MG";"DEL14-MG";"UOP02-DEL14-MG"
200984;2019-04-03;"quarta-feira";"18:40:00";"GO";153;508,1;"APARECIDA DE GOIANIA";"Defeito Mecânico no Veículo";"Incêndio";"Sem Vítimas";"Anoitecer";"Decrescente";"Nublado";"Dupla";"Reta";"Sim";1;0;0;0;0;1;0;1;-16,7804;-49,2371;"SPRF-GO";"DEL01-GO";"UOP03-DEL01-GO"
200985;2019-04-03;"quarta-feira";"19:50:00";"ES";101;136,5;"LINHARES";"Desobediência às normas de trânsito pelo condutor";"Colisão traseira";"Com Vítimas Feridas";"Plena Noite";"Decrescente";"Nublado";"Simples";"Reta";"Não";5;0;0;2;3;0;2;2;-19,28406301;-40,08688713;"SPRF-ES";"DEL04-ES";"UOP01-DEL04-ES"
200988;2019-04-03;"quarta-feira";"20:20:00";"PE";232;16;"JABOATAO DOS GUARARAPES";"Não guardar distância de segurança";"Queda de ocupante de veículo";"Com Vítimas Feridas";"Plena Noite";"Crescente";"Chuva";"Dupla";"Curva";"Não";1;0;1;0;0;0;1;1;-8,09414193;-35,03716601;"SPRF-PE";"DEL01-PE";"UOP01-DEL01-PE"
200989;2019-04-03;"quarta-feira";"18:30:00";"RO";364;698;"PORTO VELHO";"Defeito na Via";"Saída de leito carroçável";"Com Vítimas Feridas";"Plena Noite";"Crescente";"Chuva";"Dupla";"Curva";"Não";1;0;1;0;0;0;1;1;-8,80298977;-63,75179291;"SPRF-RO";"DEL01-RO";"UOP01-DEL01-RO"
200991;2019-04-03;"quarta-feira";"20:05:00";"PR";476;139;"CURITIBA";"Falta de Atenção à Condução";"Colisão transversal";"Com Vítimas Feridas";"Plena Noite";"Crescente";"Céu Claro";"Dupla";"Declive";"Sim";3;0;0;1;1;1;1;3;-25,51284;-49,289257;"SPRF-PR";"DEL01-PR";"UOP03-DEL01-PR"
200994;2019-04-03;"quarta-feira";"21:00:00";"RN";304;297;"MACAIBA";"Objeto estático sobre o leito carroçável";"Colisão traseira";"Com Vítimas Feridas";"Plena Noite";"Decrescente";"Nublado";"Dupla";"Rotatória";"Sim";2;0;1;0;1;0;1;2;-5,86534101;-35,340694;"SPRF-RN";"DEL01-RN";"UOP02-DEL01-RN"
200995;2019-04-03;"quarta-feira";"22:00:00";"BA";101;747,6;"ITABELA";"Velocidade Incompatível";"Saída de leito carroçável";"Com Vítimas Feridas";"Plena Noite";"Crescente";"Céu Claro";"Simples";"Curva;Declive";"Não";2;0;2;0;0;0;2;1;-16,744017;-39,454727;"SPRF-BA";"DEL09-BA";"UOP01-DEL09-BA"
200996;2019-04-03;"quarta-feira";"18:20:00";"SC";280;24,2;"ARAQUARI";"Falta de Atenção do Pedestre";"Atropelamento de Pedestre";"Com Vítimas Feridas";"Pleno dia";"Crescente";"Nublado";"Simples";"Reta";"Sim";2;0;0;1;1;0;1;2;-26,37724921;-48,71953282;"SPRF-SC";"DEL03-SC";"UOP03-DEL03-SC"
200997;2019-04-03;"quarta-feira";"22:00:00";"SP";116;49;"LORENA";"Falta de Atenção do Pedestre";"Atropelamento de Pedestre";"Com Vítimas Feridas";"Plena Noite";"Decrescente";"Nublado";"Dupla";"Reta";"Não";2;0;0;1;1;0;1;2;-22,73051614;-45,0765859;"SPRF-SP";"DEL08-SP";"UOP01-DEL08-SP"
200998;2019-04-03;"quarta-feira";"20:40:00";"SP";116;280;"EMBU DAS ARTES";"Não guardar distância de segurança";"Colisão traseira";"Com Vítimas Feridas";"Plena Noite";"Decrescente";"Céu Claro";"Dupla";"Reta";"Sim";3;0;1;0;1;1;1;2;-23,66996108;-46,85590758;"SPRF-SP";"DEL04-SP";"UOP01-DEL04-SP"
200999;2019-04-03;"quarta-feira";"19:55:00";"SC";470;56;"BLUMENAU";"Desobediência às normas de trânsito pelo condutor";"Colisão frontal";"Com Vítimas Feridas";"Plena Noite";"Decrescente";"Nublado";"Simples";"Reta";"Sim";2;0;1;0;1;0;1;2;-26,87725351;-49,12955046;"SPRF-SC";"DEL04-SC";"UOP01-DEL04-SC"
201000;2019-04-03;"quarta-feira";"22:00:00";"RJ";356;100;"CARDOSO MOREIRA";"Falta de Atenção à Condução";"Atropelamento de Animal";"Com Vítimas Feridas";"Plena Noite";"Decrescente";"Céu Claro";"Simples";"Reta";"Não";1;0;1;0;0;0;1;1;-21,53127548;-41,53702019;"SPRF-RJ";"DEL08-RJ";"UOP03-DEL08-RJ"
201001;2019-04-03;"quarta-feira";"22:30:00";"SC";101;140;"BALNEARIO CAMBORIU";"Falta de Atenção à Condução";"Tombamento";"Com Vítimas Feridas";"Plena Noite";"Crescente";"Céu Claro";"Dupla";"Aclive;Reta";"Não";1;0;1;0;0;0;1;1;-27,03881189;-48,60025148;"SPRF-SC";"DEL04-SC";"UOP03-DEL04-SC"
201002;2019-04-03;"quarta-feira";"22:40:00";"RJ";493;2;"ITABORAI";"Falta de Atenção do Pedestre";"Atropelamento de Pedestre";"Com Vítimas Feridas";"Plena Noite";"Crescente";"Céu Claro";"Simples";"Reta";"Sim";2;0;1;0;1;0;1;2;-22,75718707;-42,93766022;"SPRF-RJ";"DEL04-RJ";"UOP02-DEL04-RJ"
201003;2019-04-03;"quarta-feira";"20:25:00";"SC";282;527,9;"CORDILHEIRA ALTA";"Velocidade Incompatível";"Tombamento";"Com Vítimas Feridas";"Plena Noite";"Decrescente";"Nublado";"Simples";"Curva";"Não";1;0;1;0;0;0;1;1;-26,973196;-52,583321;"SPRF-SC";"DEL07-SC";"UOP01-DEL07-SC"
201005;2019-04-03;"quarta-feira";"23:35:00";"SC";101;151;"PORTO BELO";"Falta de Atenção à Condução";"Colisão transversal";"Com Vítimas Feridas";"Plena Noite";"Decrescente";"Nublado";"Dupla";"Reta";"Sim";3;0;2;0;0;1;2;2;-27,126536;-48,609642;"SPRF-SC";"DEL04-SC";"UOP03-DEL04-SC"
201006;2019-04-03;"quarta-feira";"23:20:00";"SC";101;213,3;"PALHOCA";"Desobediência às normas de trânsito pelo condutor";"Colisão lateral";"Sem Vítimas";"Plena Noite";"Decrescente";"Nublado";"Múltipla";"Reta";"Sim";2;0;0;0;1;1;0;2;-27,63697369;-48,66514142;"SPRF-SC";"DEL01-SC";"UOP02-DEL01-SC"
201007;2019-04-03;"quarta-feira";"12:25:00";"RJ";101;322;"NITEROI";"Falta de Atenção à Condução";"Colisão com objeto estático";"Com Vítimas Feridas";"Pleno dia";"Decrescente";"Céu Claro";"Simples";"Reta";"Não";1;0;1;0;0;0;1;1;-22,878923;-43,110676;"SPRF-RJ";"DEL02-RJ";"UOP02-DEL02-RJ"
201011;2019-04-03;"quarta-feira";"20:50:00";"SP";116;517,7;"CAJATI";"Falta de Atenção à Condução";"Saída de leito carroçável";"Com Vítimas Feridas";"Plena Noite";"Crescente";"Céu Claro";"Dupla";"Curva";"Não";2;0;1;0;1;0;1;1;-24,8768469;-48,22732309;"SPRF-SP";"DEL05-SP";"UAP01-DEL05-SP"
201012;2019-04-03;"quarta-feira";"22:00:00";"SC";280;239,6;"CANOINHAS";"Falta de Atenção à Condução";"Colisão frontal";"Com Vítimas Feridas";"Plena Noite";"Crescente";"Nublado";"Simples";"Reta";"Não";2;0;1;0;1;0;1;2;-26,20971113;-50,44782084;"SPRF-SC";"DEL06-SC";"UOP04-DEL06-SC"
201013;2019-04-03;"quarta-feira";"23:25:00";"PR";476;125;"CURITIBA";"Desobediência às normas de trânsito pelo condutor";"Colisão com objeto estático";"Com Vítimas Feridas";"Plena Noite";"Crescente";"Nublado";"Dupla";"Curva";"Sim";1;0;0;1;0;0;1;1;-25,4083;-49,219658;"SPRF-PR";"DEL01-PR";"UOP07-DEL01-PR"
201015;2019-04-04;"quinta-feira";"00:05:00";"PB";230;7;"CABEDELO";"Falta de Atenção à Condução";"Colisão lateral";"Com Vítimas Feridas";"Plena Noite";"Decrescente";"Céu Claro";"Dupla";"Reta";"Sim";2;0;1;0;0;1;1;2;-7,026;-34,8385;"SPRF-PB";"DEL01-PB";"UOP01-DEL01-PB"
201017;2019-04-03;"quarta-feira";"21:20:00";"RO";429;43;"PRESIDENTE MEDICI";"Ingestão de Álcool";"Queda de ocupante de veículo";"Com Vítimas Feridas";"Plena Noite";"Crescente";"Nublado";"Simples";"Reta";"Não";1;0;1;0;0;0;1;1;-11,19965859;-61,91976407;"SPRF-RO";"DEL02-RO";"UOP03-DEL02-RO"
201019;2019-04-03;"quarta-feira";"17:40:00";"RO";364;343;"JI-PARANA";"Não guardar distância de segurança";"Colisão traseira";"Sem Vítimas";"Anoitecer";"Crescente";"Céu Claro";"Simples";"Reta";"Sim";2;0;0;0;2;0;0;2;-10,87878519;-61,94499012;"SPRF-RO";"DEL02-RO";"UOP01-DEL02-RO"
201020;2019-04-04;"quinta-feira";"03:00:00";"PI";316;296;"PICOS";"Defeito na Via";"Saída de leito carroçável";"Com Vítimas Feridas";"Plena Noite";"Crescente";"Chuva";"Simples";"Declive";"Não";1;0;1;0;0;0;1;1;-7,02198451;-41,57160105;"SPRF-PI";"DEL04-PI";"UOP01-DEL04-PI"
201023;2019-04-04;"quinta-feira";"05:50:00";"RS";116;144,1;"CAXIAS DO SUL";"Velocidade Incompatível";"Saída de leito carroçável";"Com Vítimas Feridas";"Amanhecer";"Crescente";"Céu Claro";"Dupla";"Curva";"Não";1;0;1;0;0;0;1;1;-29,1267449;-51,12768983;"SPRF-RS";"DEL05-RS";"UOP01-DEL05-RS"
201026;2019-04-04;"quinta-feira";"05:35:00";"MG";365;2,8;"MONTES CLAROS";"Ingestão de Álcool";"Colisão traseira";"Com Vítimas Feridas";"Amanhecer";"Crescente";"Céu Claro";"Simples";"Reta";"Não";3;0;3;0;0;0;3;2;-16,72627608;-43,88021191;"SPRF-MG";"DEL12-MG";"UOP01-DEL12-MG"
201027;2019-04-04;"quinta-feira";"04:00:00";"MG";262;137,7;"RIO CASCA";"Condutor Dormindo";"Colisão com objeto estático";"Com Vítimas Feridas";"Plena Noite";"Crescente";"Nublado";"Simples";"Curva";"Não";7;0;2;1;4;0;3;2;-20,09616383;-42,70044267;"SPRF-MG";"DEL03-MG";"UOP03-DEL03-MG"
201028;2019-04-04;"quinta-feira";"04:55:00";"RJ";40;122;"DUQUE DE CAXIAS";"Falta de Atenção à Condução";"Capotamento";"Com Vítimas Feridas";"Amanhecer";"Crescente";"Céu Claro";"Múltipla";"Reta";"Sim";1;0;1;0;0;0;1;1;-22,79083113;-43,28611569;"SPRF-RJ";"DEL01-RJ";"UOP01-DEL01-RJ"
201031;2019-04-04;"quinta-feira";"06:45:00";"CE";116;26,3;"ITAITINGA";"Falta de Atenção à Condução";"Colisão traseira";"Sem Vítimas";"Pleno dia";"Decrescente";"Garoa/Chuvisco";"Dupla";"Curva";"Não";3;0;0;0;3;0;0;2;-3,9752959;-38,51436047;"SPRF-CE";"DEL01-CE";"UOP02-DEL01-CE"
201033;2019-04-04;"quinta-feira";"03:40:00";"PR";277;120;"CAMPO LARGO";"Desobediência às normas de trânsito pelo condutor";"Saída de leito carroçável";"Com Vítimas Feridas";"Plena Noite";"Decrescente";"Céu Claro";"Dupla";"Reta";"Sim";1;0;1;0;0;0;1;1;-25,43651772;-49,44346612;"SPRF-PR";"DEL01-PR";"UOP06-DEL01-PR"
201034;2019-04-04;"quinta-feira";"07:00:00";"RS";0;0;"CANOAS";"Falta de Atenção à Condução";"Colisão lateral";"Com Vítimas Feridas";"Pleno dia";"Não Informado";"Céu Claro";"Múltipla";"Interseção de Vias";"Sim";2;0;1;0;1;0;1;2;-29,91376484;-51,17772818;"SPRF-RS";"DEL01-RS";"UOP01-DEL01-RS"
201036;2019-04-04;"quinta-feira";"07:15:00";"RS";290;45,9;"GLORINHA";"Defeito Mecânico no Veículo";"Queda de ocupante de veículo";"Com Vítimas Feridas";"Pleno dia";"Decrescente";"Sol";"Dupla";"Reta";"Não";2;0;2;0;0;0;2;1;-29,890198;-50,709991;"SPRF-RS";"DEL03-RS";"UOP01-DEL03-RS"
201037;2019-04-04;"quinta-feira";"07:45:00";"DF";60;4;"BRASILIA";"Falta de Atenção à Condução";"Colisão transversal";"Com Vítimas Feridas";"Pleno dia";"Decrescente";"Céu Claro";"Dupla";"Reta";"Sim";2;0;1;0;1;0;1;2;-15,89490611;-48,10155985;"SPRF-DF";"DEL01-DF";"UOP01-DEL03-DF"
201039;2019-04-04;"quinta-feira";"08:00:00";"BA";324;617;"SALVADOR";"Pista Escorregadia";"Queda de ocupante de veículo";"Com Vítimas Feridas";"Pleno dia";"Crescente";"Sol";"Dupla";"Reta";"Sim";2;0;2;0;0;0;2;1;-12,89775636;-38,44971484;"SPRF-BA";"DEL01-BA";"UOP01-DEL01-BA"
201040;2019-04-04;"quinta-feira";"07:20:00";"PB";230;23;"JOAO PESSOA";"Defeito Mecânico no Veículo";"Colisão traseira";"Sem Vítimas";"Pleno dia";"Decrescente";"Sol";"Dupla";"Reta";"Sim";2;0;0;0;2;0;0;2;-7,1562;-34,8574;"SPRF-PB";"DEL01-PB";"UOP01-DEL01-PB"
201041;2019-03-24;"domingo";"17:40:00";"PR";277;348,6;"GUARAPUAVA";"Desobediência às normas de trânsito pelo condutor";"Colisão transversal";"Com Vítimas Fatais";"Pleno dia";"Crescente";"Céu Claro";"Simples";"Reta";"Sim";6;1;0;1;4;0;1;2;-25,38508743;-51,51380897;"SPRF-PR";"DEL03-PR";"UOP01-DEL08-PR"
201042;2019-04-04;"quinta-feira";"08:25:00";"GO";40;0,9;"VALPARAISO DE GOIAS";"Desobediência às normas de trânsito pelo condutor";"Colisão traseira";"Sem Vítimas";"Pleno dia";"Decrescente";"Céu Claro";"Dupla";"Reta";"Sim";3;0;0;0;3;0;0;3;-16,058273;-47,982655;"SPRF-DF";"DEL01-DF";"UOP01-DEL01-DF"
201045;2019-04-04;"quinta-feira";"07:20:00";"AP";210;0,4;"MACAPA";"Falta de Atenção à Condução";"Colisão traseira";"Sem Vítimas";"Pleno dia";"Crescente";"Céu Claro";"Dupla";"Reta";"Sim";2;0;0;0;2;0;0;2;0,07780012;-51,06097;"SPRF-AP";"DEL01-AP";"UOP01-DEL01-AP"
201047;2019-04-04;"quinta-feira";"07:55:00";"MG";116;413;"GOVERNADOR VALADARES";"Desobediência às normas de trânsito pelo condutor";"Colisão transversal";"Com Vítimas Feridas";"Pleno dia";"Decrescente";"Céu Claro";"Dupla";"Reta";"Sim";2;0;1;0;1;0;1;2;-18,873907;-41,966366;"SPRF-MG";"DEL06-MG";"UOP01-DEL06-MG"
201049;2019-04-04;"quinta-feira";"08:40:00";"RS";293;4,2;"PELOTAS";"Falta de Atenção à Condução";"Saída de leito carroçável";"Sem Vítimas";"Pleno dia";"Decrescente";"Céu Claro";"Simples";"Reta";"Sim";1;0;0;0;1;0;0;1;-31,73357732;-52,37275615;"SPRF-RS";"DEL07-RS";"UOP01-DEL07-RS"
201050;2019-03-19;"terça-feira";"23:40:00";"MG";381;478,5;"CONTAGEM";"Falta de Atenção do Pedestre";"Atropelamento de Pedestre";"Com Vítimas Fatais";"Plena Noite";"Decrescente";"Céu Claro";"Dupla";"Curva";"Sim";3;1;0;0;2;0;0;2;-19,96433387;-44,04588461;"SPRF-MG";"DEL01-MG";"UOP03-DEL01-MG"
201051;2019-04-04;"quinta-feira";"08:00:00";"MS";163;461,3;"CAMPO GRANDE";"Defeito Mecânico no Veículo";"Incêndio";"Sem Vítimas";"Pleno dia";"Crescente";"Céu Claro";"Simples";"Reta";"Não";1;0;0;0;1;0;0;1;-20,6294929;-54,57205471;"SPRF-MS";"DEL01-MS";"UOP01-DEL01-MS"
201053;2019-03-28;"quinta-feira";"18:40:00";"BA";20;208;"LUIS EDUARDO MAGALHAES";"Ultrapassagem Indevida";"Colisão lateral";"Com Vítimas Fatais";"Plena Noite";"Crescente";"Céu Claro";"Simples";"Reta";"Não";8;1;4;0;2;1;4;4;-12,10779964;-45,80960166;"SPRF-BA";"DEL10-BA";"UOP01-DEL10-BA"
201054;2019-03-27;"quarta-feira";"19:20:00";"MG";116;435,5;"ENGENHEIRO CALDAS";"Defeito na Via";"Capotamento";"Com Vítimas Feridas";"Plena Noite";"Decrescente";"Céu Claro";"Simples";"Reta";"Não";2;0;1;0;1;0;1;1;-19,03834411;-41,98851151;"SPRF-MG";"DEL06-MG";"UOP01-DEL06-MG"
201055;2019-04-04;"quinta-feira";"08:40:00";"PR";476;340;"PAULA FREITAS";"Falta de Atenção à Condução";"Colisão lateral";"Sem Vítimas";"Pleno dia";"Decrescente";"Céu Claro";"Simples";"Reta";"Não";1;0;0;0;1;0;0;1;-26,161716;-50,89196;"SPRF-PR";"DEL02-PR";"UOP04-DEL02-PR"
201056;2019-04-04;"quinta-feira";"09:04:00";"SP";116;221;"GUARULHOS";"Velocidade Incompatível";"Colisão lateral";"Com Vítimas Feridas";"Pleno dia";"Crescente";"Céu Claro";"Múltipla";"Reta";"Sim";2;0;1;0;1;0;1;2;-23,46802395;-46,50704901;"SPRF-SP";"DEL01-SP";"UOP01-DEL01-SP"
201057;2019-04-04;"quinta-feira";"07:00:00";"MG";381;416;"NOVA UNIAO";"Falta de Atenção à Condução";"Colisão transversal";"Sem Vítimas";"Pleno dia";"Crescente";"Céu Claro";"Simples";"Interseção de Vias";"Não";2;0;0;0;2;0;0;2;-19,75309407;-43,62966384;"SPRF-MG";"DEL01-MG";"UOP01-DEL01-MG"
201058;2019-03-15;"sexta-feira";"20:30:00";"PR";376;99,3;"PARANAVAI";"Falta de Atenção à Condução";"Colisão transversal";"Com Vítimas Feridas";"Plena Noite";"Decrescente";"Céu Claro";"Simples";"Reta";"Não";2;0;1;0;1;0;1;2;-23,0243;-52,489878;"SPRF-PR";"DEL07-PR";"UOP02-DEL09-PR"
201060;2019-04-04;"quinta-feira";"09:50:00";"ES";101;125,5;"SOORETAMA";"Falta de Atenção à Condução";"Colisão lateral";"Com Vítimas Feridas";"Pleno dia";"Crescente";"Sol";"Dupla";"Reta";"Sim";2;0;0;1;1;0;1;2;-19,18496498;-40,09429827;"SPRF-ES";"DEL04-ES";"UOP01-DEL04-ES"
201061;2019-03-01;"sexta-feira";"09:20:00";"GO";153;404,9;"PIRENOPOLIS";"Falta de Atenção à Condução";"Colisão frontal";"Com Vítimas Feridas";"Pleno dia";"Decrescente";"Céu Claro";"Simples";"Reta";"Não";3;0;1;0;2;0;1;2;-16,0698234;-49,05793279;"SPRF-GO";"DEL02-GO";"UOP01-DEL02-GO"
201062;2019-04-04;"quinta-feira";"07:40:00";"SC";101;151,1;"ITAPEMA";"Falta de Atenção à Condução";"Saída de leito carroçável";"Sem Vítimas";"Pleno dia";"Crescente";"Céu Claro";"Simples";"Reta";"Não";1;0;0;0;0;1;0;1;-27,126536;-48,609642;"SPRF-SC";"DEL04-SC";"UOP03-DEL04-SC"
201063;2019-04-04;"quinta-feira";"09:45:00";"RS";116;245;"SAO LEOPOLDO";"Falta de Atenção à Condução";"Colisão traseira";"Com Vítimas Feridas";"Pleno dia";"Decrescente";"Céu Claro";"Dupla";"Reta";"Sim";3;0;1;0;2;0;1;2;-29,74439052;-51,1505916;"SPRF-RS";"DEL01-RS";"UOP02-DEL01-RS"
201064;2019-04-04;"quinta-feira";"03:00:00";"MA";222;615;"ACAILANDIA";"Objeto estático sobre o leito carroçável";"Colisão com objeto estático";"Com Vítimas Feridas";"Plena Noite";"Decrescente";"Garoa/Chuvisco";"Simples";"Reta;Declive";"Não";2;0;2;0;0;0;2;1;-4,71889586;-47,00261631;"SPRF-MA";"DEL04-MA";"UOP03-DEL04-MA"
201066;2019-04-04;"quinta-feira";"09:55:00";"DF";60;25;"BRASILIA";"Falta de Atenção à Condução";"Capotamento";"Com Vítimas Feridas";"Pleno dia";"Decrescente";"Céu Claro";"Dupla";"Reta";"Não";1;0;1;0;0;0;1;1;-15,996379;-48,240028;"SPRF-DF";"DEL01-DF";"UOP01-DEL03-DF"
201068;2019-04-04;"quinta-feira";"09:30:00";"PR";277;722,8;"FOZ DO IGUACU";"Falta de Atenção à Condução";"Colisão lateral";"Com Vítimas Feridas";"Pleno dia";"Crescente";"Céu Claro";"Dupla";"Reta";"Sim";2;0;1;0;0;1;1;2;-25,49494908;-54,52095097;"SPRF-PR";"DEL05-PR";"UOP01-DEL05-PR"
201069;2019-04-04;"quinta-feira";"10:45:00";"RN";406;150;"CEARA-MIRIM";"Desobediência às normas de trânsito pelo condutor";"Colisão transversal";"Com Vítimas Feridas";"Pleno dia";"Decrescente";"Céu Claro";"Simples";"Reta";"Sim";2;0;1;0;1;0;1;2;-5,64974982;-35,43234997;"SPRF-RN";"DEL02-RN";"UOP01-DEL02-RN"
201070;2019-04-04;"quinta-feira";"07:55:00";"CE";116;15;"FORTALEZA";"Não guardar distância de segurança";"Colisão traseira";"Sem Vítimas";"Pleno dia";"Decrescente";"Chuva";"Dupla";"Aclive;Reta";"Sim";4;0;0;0;4;0;0;4;-3,87839882;-38,50066893;"SPRF-CE";"DEL01-CE";"UOP02-DEL01-CE"
201073;2019-04-04;"quinta-feira";"10:50:00";"PA";10;229,7;"IPIXUNA DO PARA";"Defeito na Via";"Tombamento";"Com Vítimas Feridas";"Pleno dia";"Crescente";"Céu Claro";"Simples";"Reta";"Não";1;0;1;0;0;0;1;1;-2,42090638;-47,51989245;"SPRF-PA";"DEL02-PA";"UOP01-DEL02-PA"
201074;2019-03-31;"domingo";"05:55:00";"MG";116;278;"TEOFILO OTONI";"Falta de Atenção à Condução";"Colisão traseira";"Com Vítimas Feridas";"Amanhecer";"Crescente";"Céu Claro";"Simples";"Reta";"Sim";2;0;1;0;1;0;1;2;-17,8691183;-41,51734471;"SPRF-MG";"DEL11-MG";"UOP01-DEL11-MG"
201075;2019-03-27;"quarta-feira";"22:00:00";"RJ";116;143;"DUQUE DE CAXIAS";"Falta de Atenção à Condução";"Saída de leito carroçável";"Com Vítimas Feridas";"Plena Noite";"Crescente";"Céu Claro";"Dupla";"Reta";"Sim";1;0;1;0;0;0;1;1;-22,67127686;-43,27832937;"SPRF-RJ";"DEL04-RJ";"UOP02-DEL04-RJ"
201079;2019-04-04;"quinta-feira";"12:00:00";"ES";101;258;"SERRA";"Não guardar distância de segurança";"Colisão traseira";"Com Vítimas Feridas";"Pleno dia";"Crescente";"Céu Claro";"Dupla";"Reta";"Não";3;0;1;0;2;0;1;3;-20,13059888;-40,2961019;"SPRF-ES";"DEL02-ES";"UOP01-DEL02-ES"
201081;2019-04-04;"quinta-feira";"12:15:00";"PE";232;495,9;"SALGUEIRO";"Mal Súbito";"Queda de ocupante de veículo";"Com Vítimas Feridas";"Pleno dia";"Crescente";"Céu Claro";"Simples";"Reta";"Não";1;0;1;0;0;0;1;1;-8,01339923;-39,01636695;"SPRF-PE";"DEL05-PE";"UOP01-DEL05-PE"
201082;2019-04-04;"quinta-feira";"12:25:00";"BA";415;119;"SENHOR DO BONFIM";"Desobediência às normas de trânsito pelo condutor";"Colisão frontal";"Com Vítimas Feridas";"Pleno dia";"Decrescente";"Sol";"Simples";"Aclive";"Não";2;0;1;1;0;0;2;2;-10,39705297;-40,17825387;"SPRF-BA";"DEL05-BA";"UOP01-DEL05-BA"
201085;2019-04-04;"quinta-feira";"11:20:00";"SC";163;65,7;"SAO MIGUEL DO OESTE";"Falta de Atenção à Condução";"Colisão lateral";"Com Vítimas Feridas";"Pleno dia";"Crescente";"Céu Claro";"Dupla";"Reta";"Sim";2;0;1;0;1;0;1;2;-26,75678127;-53,50054264;"SPRF-SC";"DEL07-SC";"UOP03-DEL07-SC"
201089;2019-04-04;"quinta-feira";"13:20:00";"PR";277;77;"SAO JOSE DOS PINHAIS";"Falta de Atenção à Condução";"Colisão lateral";"Com Vítimas Feridas";"Pleno dia";"Crescente";"Céu Claro";"Dupla";"Reta";"Sim";2;0;1;0;1;0;1;2;-25,51327981;-49,12433291;"SPRF-PR";"DEL01-PR";"UOP07-DEL01-PR"
201090;2019-04-04;"quinta-feira";"12:50:00";"PB";101;89,9;"JOAO PESSOA";"Desobediência às normas de trânsito pelo condutor";"Colisão transversal";"Com Vítimas Feridas";"Pleno dia";"Crescente";"Sol";"Dupla";"Retorno Regulamentado";"Sim";2;0;0;1;1;0;1;2;-7,17796481;-34,89985538;"SPRF-PB";"DEL01-PB";"UOP01-DEL01-PB"
201091;2019-04-04;"quinta-feira";"12:40:00";"BA";324;623;"SALVADOR";"Falta de Atenção à Condução";"Colisão lateral";"Com Vítimas Feridas";"Pleno dia";"Decrescente";"Céu Claro";"Dupla";"Reta";"Sim";2;0;0;1;0;1;1;2;-12,94152461;-38,47076297;"SPRF-BA";"DEL01-BA";"UOP01-DEL01-BA"
201092;2019-04-04;"quinta-feira";"13:40:00";"RN";226;17,1;"MACAIBA";"Falta de Atenção à Condução";"Colisão traseira";"Sem Vítimas";"Pleno dia";"Decrescente";"Céu Claro";"Simples";"Reta";"Sim";2;0;0;0;2;0;0;2;-5,86508999;-35,351093;"SPRF-RN";"DEL01-RN";"UOP02-DEL01-RN"
201094;2019-04-04;"quinta-feira";"11:50:00";"RO";319;63;"PORTO VELHO";"Falta de Atenção à Condução";"Colisão transversal";"Com Vítimas Feridas";"Pleno dia";"Decrescente";"Chuva";"Dupla";"Retorno Regulamentado";"Sim";3;0;2;0;1;0;2;2;-8,766685;-63,884052;"SPRF-RO";"DEL01-RO";"UOP01-DEL01-RO"
201095;2019-04-04;"quinta-feira";"11:10:00";"BA";116;920,2;"ENCRUZILHADA";"Falta de Atenção à Condução";"Saída de leito carroçável";"Com Vítimas Feridas";"Pleno dia";"Decrescente";"Sol";"Simples";"Reta";"Não";2;0;1;0;1;0;1;1;-15,599649;-41,280849;"SPRF-BA";"DEL08-BA";"UOP03-DEL08-BA"
201096;2019-04-04;"quinta-feira";"13:10:00";"PE";101;72,9;"RECIFE";"Pista Escorregadia";"Tombamento";"Com Vítimas Feridas";"Pleno dia";"Decrescente";"Céu Claro";"Dupla";"Reta";"Sim";2;0;2;0;0;0;2;1;-8,08493106;-34,9450639;"SPRF-PE";"DEL01-PE";"UOP01-DEL01-PE"