"id";"data_inversa";"dia_semana";"horario";"uf";"br";"km";"municipio";"causa_acidente";"tipo_acidente";"classificacao_acidente";"fase_dia";"sentido_via";"condicao_metereologica";"tipo_pista";"tracado_via";"uso_solo";"pessoas";"mortos";"feridos_leves";"feridos_graves";"ilesos";"ignorados";"feridos";"veiculos";"latitude";"longitude";"regional";"delegacia";"uop"
201097;2019-02-27;"quarta-feira";"13:15:00";"AM";174;887;"MANAUS";"Falta de Atenção do Pedestre";"Atropelamento de Pedestre";"Com Vítimas Feridas";"Pleno dia";"Crescente";"Céu Claro";"Simples";"Reta;Aclive";"Sim";4;0;0;1;3;0;1;2;-2,952778;-60,033333;"SPRF-AM";"DEL01-AM";"UOP01-DEL01-AM"
201099;2019-04-04;"quinta-feira";"14:25:00";"ES";101;267,9;"SERRA";"Não guardar distância de segurança";"Colisão traseira";"Com Vítimas Feridas";"Pleno dia";"Decrescente";"Sol";"Múltipla";"Reta";"Não";2;0;1;0;1;0;1;2;-20,19930999;-40,26884609;"SPRF-ES";"DEL02-ES";"UOP01-DEL02-ES"
201100;2019-04-04;"quinta-feira";"14:20:00";"PE";232;190,4;"SANHARO";"Falta de Atenção à Condução";"Colisão transversal";"Com Vítimas Feridas";"Pleno dia";"Crescente";"Céu Claro";"Simples";"Reta";"Não";2;0;0;1;1;0;1;2;-8,35625579;-36,51869702;"SPRF-PE";"DEL02-PE";"UOP03-DEL02-PE"
201101;2019-04-04;"quinta-feira";"14:10:00";"CE";222;316;"TIANGUA";"Falta de Atenção à Condução";"Colisão frontal";"Com Vítimas Feridas";"Pleno dia";"Crescente";"Chuva";"Simples";"Interseção de Vias";"Não";2;0;2;0;0;0;2;2;-3,74588342;-41,01090755;"SPRF-CE";"DEL04-CE";"UOP02-DEL04-CE"
201102;2019-04-04;"quinta-feira";"12:00:00";"SC";101;133,8;"BALNEARIO CAMBORIU";"Desobediência às normas de trânsito pelo condutor";"Colisão transversal";"Com Vítimas Feridas";"Pleno dia";"Crescente";"Céu Claro";"Simples";"Viaduto";"Sim";2;0;0;1;1;0;1;2;-26,99936;-48,64609;"SPRF-SC";"DEL04-SC";"UOP03-DEL04-SC"
201103;2019-04-04;"quinta-feira";"13:45:00";"BA";324;518;"FEIRA DE SANTANA";"Defeito Mecânico no Veículo";"Incêndio";"Sem Vítimas";"Pleno dia";"Decrescente";"Céu Claro";"Dupla";"Reta";"Não";3;0;0;0;3;0;0;1;-12,27711376;-38,92925441;"SPRF-BA";"DEL02-BA";"UOP01-DEL02-BA"
201107;2019-04-04;"quinta-feira";"14:00:00";"MG";262;407,9;"PARA DE MINAS";"Condutor Dormindo";"Saída de leito carroçável";"Com Vítimas Feridas";"Pleno dia";"Decrescente";"Sol";"Dupla";"Aclive";"Não";2;0;2;0;0;0;2;1;-19,88288286;-44,60782994;"SPRF-MG";"DEL08-MG";"UOP03-DEL08-MG"
201108;2019-01-01;"terça-feira";"17:20:00";"MA";316;545,9;"CAXIAS";"Desobediência às normas de trânsito pelo condutor";"Colisão lateral";"Com Vítimas Feridas";"Anoitecer";"Crescente";"Céu Claro";"Simples";"Aclive";"Não";4;0;1;1;1;1;2;2;-4,87546851;-43,39599609;"SPRF-MA";"DEL03-MA";"UOP02-DEL03-MA"
201109;2019-04-04;"quinta-feira";"14:40:00";"MT";163;926;"ITAUBA";"Defeito na Via";"Capotamento";"Com Vítimas Feridas";"Pleno dia";"Crescente";"Céu Claro";"Simples";"Reta";"Não";3;0;1;0;2;0;1;1;-11,207524;-55,30540603;"SPRF-MT";"DEL06-MT";"UOP02-DEL06-MT"
201110;2019-04-04;"quinta-feira";"14:40:00";"MG";381;810,9;"CAREACU";"Falta de Atenção à Condução";"Capotamento";"Com Vítimas Feridas";"Pleno dia";"Decrescente";"Céu Claro";"Dupla";"Reta";"Não";1;0;1;0;0;0;1;1;-22,04560399;-45,68921401;"SPRF-MG";"DEL16-MG";"UOP02-DEL16-MG"
201111;2019-04-04;"quinta-feira";"15:45:00";"PB";104;115,5;"LAGOA SECA";"Não guardar distância de segurança";"Colisão traseira";"Com Vítimas Feridas";"Pleno dia";"Crescente";"Céu Claro";"Simples";"Reta";"Não";2;0;1;0;1;0;1;2;-7,172018;-35,85983397;"SPRF-PB";"DEL02-PB";"UOP04-DEL02-PB"
201112;2019-02-27;"quarta-feira";"07:20:00";"GO";153;501;"GOIANIA";"Falta de Atenção à Condução";"Colisão lateral";"Com Vítimas Feridas";"Pleno dia";"Crescente";"Sol";"Dupla";"Reta";"Sim";2;0;0;1;1;0;1;2;-16,7189;-49,2382;"SPRF-GO";"DEL01-GO";"UOP01-DEL01-GO"
201113;2019-04-04;"quinta-feira";"13:50:00";"PA";316;31;"SANTA IZABEL DO PARA";"Pista Escorregadia";"Saída de leito carroçável";"Sem Vítimas";"Pleno dia";"Decrescente";"Chuva";"Dupla";"Curva";"Não";1;0;0;0;1;0;0;1;-1,3025866;-48,1965672;"SPRF-PA";"DEL01-PA";"DEL19/1-UOP05/PA"
201114;2019-03-27;"quarta-feira";"16:50:00";"RJ";40;123;"DUQUE DE CAXIAS";"Falta de Atenção à Condução";"Colisão lateral";"Com Vítimas Feridas";"Pleno dia";"Crescente";"Céu Claro";"Dupla";"Reta";"Sim";2;0;1;0;0;1;1;2;-22,79907687;-43,29015739;"SPRF-RJ";"DEL01-RJ";"UOP01-DEL01-RJ"
201115;2019-04-04;"quinta-feira";"15:15:00";"GO";40;105,5;"CRISTALINA";"Falta de Atenção à Condução";"Saída de leito carroçável";"Com Vítimas Feridas";"Pleno dia";"Decrescente";"Nublado";"Dupla";"Reta";"Não";1;0;1;0;0;0;1;1;-16,822591;-47,551275;"SPRF-DF";"DEL01-DF";"UOP02-DEL01-DF"
201118;2019-04-04;"quinta-feira";"15:40:00";"MG";381;489;"BETIM";"Falta de Atenção à Condução";"Colisão lateral";"Com Vítimas Feridas";"Pleno dia";"Decrescente";"Céu Claro";"Dupla";"Reta";"Sim";2;0;2;0;0;0;2;2;-19,96245618;-44,16455495;"SPRF-MG";"DEL01-MG";"UOP03-DEL01-MG"
201120;2019-04-04;"quinta-feira";"16:15:00";"PE";101;69;"RECIFE";"Falta de Atenção à Condução";"Colisão lateral";"Sem Vítimas";"Pleno dia";"Crescente";"Céu Claro";"Dupla";"Rotatória";"Sim";2;0;0;0;2;0;0;2;-8,05951606;-34,94581024;"SPRF-PE";"DEL01-PE";"UOP01-DEL01-PE"
201121;2019-04-04;"quinta-feira";"11:30:00";"BA";330;779;"IPIAU";"Velocidade Incompatível";"Saída de leito carroçável";"Com Vítimas Feridas";"Pleno dia";"Crescente";"Céu Claro";"Simples";"Curva";"Não";1;0;1;0;0;0;1;1;-14,07344;-39,787771;"SPRF-BA";"DEL03-BA";"UOP01-DEL03-BA"
201125;2019-04-04;"quinta-feira";"16:50:00";"BA";242;879;"LUIS EDUARDO MAGALHAES";"Desobediência às normas de trânsito pelo condutor";"Colisão transversal";"Com Vítimas Feridas";"Anoitecer";"Decrescente";"Céu Claro";"Dupla";"Reta";"Sim";2;0;1;0;1;0;1;2;-12,087521;-45,766317;"SPRF-BA";"DEL10-BA";"UOP01-DEL10-BA"
201126;2019-04-04;"quinta-feira";"16:50:00";"ES";101;285;"CARIACICA";"Pista Escorregadia";"Queda de ocupante de veículo";"Com Vítimas Feridas";"Anoitecer";"Crescente";"Chuva";"Múltipla";"Reta";"Sim";1;0;1;0;0;0;1;1;-20,25148171;-40,37270066;"SPRF-ES";"DEL01-ES";"UOP01-DEL01-ES"
201130;2019-04-04;"quinta-feira";"17:15:00";"BA";116;422;"FEIRA DE SANTANA";"Desobediência às normas de trânsito pelo condutor";"Colisão transversal";"Com Vítimas Feridas";"Anoitecer";"Crescente";"Céu Claro";"Simples";"Interseção de Vias";"Sim";1;0;1;0;0;0;1;1;-12,23067643;-38,96644745;"SPRF-BA";"DEL02-BA";"UOP01-DEL02-BA"
201131;2019-04-04;"quinta-feira";"10:00:00";"PA";316;125;"NOVA TIMBOTEUA";"Pista Escorregadia";"Saída de leito carroçável";"Com Vítimas Feridas";"Pleno dia";"Crescente";"Chuva";"Simples";"Aclive";"Sim";1;0;0;1;0;0;1;1;-1,30758413;-47,39115195;"SPRF-PA";"DEL01-PA";"UOP02-DEL01-PA"
201134;2019-04-04;"quinta-feira";"16:30:00";"RN";101;151;"GOIANINHA";"Ingestão de álcool e/ou substâncias psicoativas pelo pedestre";"Colisão frontal";"Com Vítimas Feridas";"Pleno dia";"Decrescente";"Céu Claro";"Dupla";"Reta";"Não";2;0;0;1;1;0;1;2;-6,30228615;-35,19185327;"SPRF-RN";"DEL01-RN";"UOP01-DEL01-RN"
201136;2019-04-04;"quinta-feira";"16:15:00";"RO";364;429,5;"JARU";"Falta de Atenção à Condução";"Queda de ocupante de veículo";"Com Vítimas Feridas";"Pleno dia";"Decrescente";"Chuva";"Simples";"Reta;Aclive";"Não";1;0;1;0;0;0;1;1;-10,41628317;-62,5026501;"SPRF-RO";"DEL03-RO";"UOP02-DEL03-RO"
201137;2019-04-04;"quinta-feira";"17:15:00";"SP";101;48,4;"UBATUBA";"Ingestão de Álcool";"Colisão transversal";"Com Vítimas Feridas";"Pleno dia";"Decrescente";"Céu Claro";"Simples";"Reta";"Sim";2;0;2;0;0;0;2;2;-23,43696329;-45,08768768;"SPRF-SP";"DEL06-SP";"UOP01-DEL06-SP"
201138;2019-04-04;"quinta-feira";"17:30:00";"PI";343;258;"CAMPO MAIOR";"Falta de Atenção à Condução";"Colisão transversal";"Sem Vítimas";"Anoitecer";"Decrescente";"Chuva";"Simples";"Reta";"Não";2;0;0;0;2;0;0;2;-4,788996;-42,126308;"SPRF-PI";"DEL01-PI";"UOP03-DEL01-PI"
201139;2019-04-04;"quinta-feira";"16:40:00";"GO";60;400;"RIO VERDE";"Avarias e/ou desgaste excessivo no pneu";"Saída de leito carroçável";"Sem Vítimas";"Pleno dia";"Decrescente";"Chuva";"Dupla";"Reta";"Não";2;0;0;0;2;0;0;1;-17,8221;-51,0534;"SPRF-GO";"DEL04-GO";"UOP01-DEL04-GO"
201140;2019-04-04;"quinta-feira";"18:05:00";"AL";316;244,2;"ATALAIA";"Falta de Atenção à Condução";"Atropelamento de Pedestre";"Com Vítimas Fatais";"Plena Noite";"Crescente";"Céu Claro";"Dupla";"Curva";"Não";3;2;0;1;0;0;1;2;-9,51022028;-36,00471385;"SPRF-AL";"DEL01-AL";"UOP01-DEL01-AL"
201143;2019-04-04;"quinta-feira";"14:30:00";"GO";158;274,4;"JATAI";"Falta de Atenção à Condução";"Colisão transversal";"Com Vítimas Feridas";"Pleno dia";"Decrescente";"Céu Claro";"Dupla";"Interseção de Vias";"Sim";2;0;2;0;0;0;2;2;-17,89704019;-51,7366293;"SPRF-GO";"DEL05-GO";"UOP01-DEL05-GO"
201145;2019-04-04;"quinta-feira";"18:00:00";"SC";101;139;"BALNEARIO CAMBORIU";"Defeito Mecânico no Veículo";"Tombamento";"Com Vítimas Feridas";"Plena Noite";"Decrescente";"Céu Claro";"Dupla";"Reta";"Não";2;0;1;1;0;0;2;1;-27,02982303;-48,60115006;"SPRF-SC";"DEL04-SC";"UOP03-DEL04-SC"
201147;2019-04-04;"quinta-feira";"16:20:00";"PE";101;100;"CABO DE SANTO AGOSTINHO";"Falta de Atenção à Condução";"Colisão transversal";"Sem Vítimas";"Pleno dia";"Decrescente";"Céu Claro";"Simples";"Reta";"Sim";2;0;0;0;2;0;0;2;-8,26699309;-35,05234386;"SPRF-PE";"DEL01-PE";"UOP03-DEL01-PE"
201149;2019-04-04;"quinta-feira";"18:15:00";"SC";153;99,5;"CONCORDIA";"Falta de Atenção à Condução";"Atropelamento de Pedestre";"Com Vítimas Feridas";"Plena Noite";"Crescente";"Céu Claro";"Simples";"Reta";"Sim";2;0;2;0;0;0;2;2;-27,235508;-51,951069;"SPRF-SC";"DEL07-SC";"UOP04-DEL07-SC"
201150;2019-04-04;"quinta-feira";"15:20:00";"MG";262;405;"PARA DE MINAS";"Falta de Atenção à Condução";"Tombamento";"Com Vítimas Feridas";"Pleno dia";"Crescente";"Céu Claro";"Dupla";"Reta";"Não";1;0;1;0;0;0;1;1;-19,88921326;-44,58977508;"SPRF-MG";"DEL08-MG";"UOP03-DEL08-MG"
201152;2019-04-04;"quinta-feira";"18:00:00";"MT";364;492;"JANGADA";"Falta de Atenção à Condução";"Colisão transversal";"Com Vítimas Feridas";"Plena Noite";"Crescente";"Chuva";"Simples";"Reta";"Não";2;0;1;0;1;0;1;2;-15,3095639;-56,43374167;"SPRF-MT";"DEL01-MT";"DEL2/4-UOP02/MT"
201154;2019-04-04;"quinta-feira";"19:30:00";"AL";101;137;"SAO MIGUEL DOS CAMPOS";"Falta de Atenção à Condução";"Colisão lateral";"Sem Vítimas";"Plena Noite";"Crescente";"Céu Claro";"Simples";"Reta";"Sim";2;0;0;0;2;0;0;2;-9,80260488;-36,11277021;"SPRF-AL";"DEL02-AL";"UOP01-DEL02-AL"
201156;2019-04-04;"quinta-feira";"19:20:00";"PR";116;123,5;"CURITIBA";"Defeito Mecânico no Veículo";"Colisão com objeto estático";"Com Vítimas Feridas";"Plena Noite";"Decrescente";"Céu Claro";"Dupla";"Reta";"Não";3;0;2;0;1;0;2;1;-25,57736002;-49,31243589;"SPRF-PR";"DEL01-PR";"UOP03-DEL01-PR"
201157;2019-04-04;"quinta-feira";"19:05:00";"PR";376;166,5;"MARINGA";"Defeito Mecânico no Veículo";"Queda de ocupante de veículo";"Com Vítimas Feridas";"Plena Noite";"Crescente";"Céu Claro";"Dupla";"Declive";"Não";2;0;1;0;1;0;1;1;-23,39663206;-52,00514304;"SPRF-PR";"DEL07-PR";"UOP01-DEL09-PR"
201158;2019-02-15;"sexta-feira";"09:20:00";"MG";50;130,7;"UBERABA";"Falta de Atenção à Condução";"Saída de leito carroçável";"Com Vítimas Feridas";"Pleno dia";"Crescente";"Ignorado";"Dupla";"Reta";"Não";3;0;2;0;1;0;2;1;-19,4001;-48,0775;"SPRF-MG";"DEL13-MG";"UOP01-DEL13-MG"
201160;2019-04-04;"quinta-feira";"20:15:00";"PR";277;450,8;"LARANJEIRAS DO SUL";"Restrição de Visibilidade";"Atropelamento de Pedestre";"Com Vítimas Fatais";"Plena Noite";"Decrescente";"Chuva";"Simples";"Aclive";"Não";2;1;0;0;0;1;0;2;-25,36762674;-52,35059397;"SPRF-PR";"DEL04-PR";"UOP02-DEL04-PR"
201162;2019-04-04;"quinta-feira";"13:15:00";"RO";435;85;"COLORADO DO OESTE";"Falta de Atenção à Condução";"Colisão traseira";"Com Vítimas Feridas";"Pleno dia";"Decrescente";"Céu Claro";"Dupla";"Declive";"Sim";2;0;1;0;1;0;1;2;-13,11884911;-60,53173398;"SPRF-RO";"DEL04-RO";"UOP02-DEL04-RO"
201163;2019-04-04;"quinta-feira";"20:00:00";"MG";381;708,7;"NEPOMUCENO";"Velocidade Incompatível";"Saída de leito carroçável";"Sem Vítimas";"Plena Noite";"Crescente";"Nublado";"Dupla";"Curva";"Não";1;0;0;0;1;0;0;1;-21,370524;-45,188652;"SPRF-MG";"DEL04-MG";"UOP02-DEL04-MG"
201164;2019-04-04;"quinta-feira";"19:30:00";"PI";343;347;"TERESINA";"Não guardar distância de segurança";"Engavetamento";"Sem Vítimas";"Plena Noite";"Crescente";"Chuva";"Simples";"Ponte";"Sim";3;0;0;0;3;0;0;3;-5,114822;-42,778355;"SPRF-PI";"DEL01-PI";"UOP01-DEL01-PI"
201165;2019-04-04;"quinta-feira";"19:45:00";"MG";116;815,2;"ALEM PARAIBA";"Falta de Atenção à Condução";"Colisão transversal";"Com Vítimas Feridas";"Plena Noite";"Decrescente";"Céu Claro";"Simples";"Interseção de Vias;Declive;Curva";"Não";3;0;2;0;1;0;2;2;-21,85962675;-42,66335607;"SPRF-MG";"DEL07-MG";"UOP01-DEL07-MG"
201166;2019-04-04;"quinta-feira";"20:20:00";"TO";153;713;"FIGUEIROPOLIS";"Defeito Mecânico no Veículo";"Queda de ocupante de veículo";"Com Vítimas Feridas";"Plena Noite";"Decrescente";"Nublado";"Simples";"Curva";"Não";2;0;2;0;0;0;2;1;-12,07356704;-49,20484543;"SPRF-TO";"DEL02-TO";"UOP02-DEL01-TO"
201167;2019-04-04;"quinta-feira";"19:30:00";"MS";163;775;"PEDRO GOMES";"Ingestão de Álcool";"Saída de leito carroçável";"Com Vítimas Feridas";"Plena Noite";"Decrescente";"Céu Claro";"Dupla";"Curva;Declive";"Não";2;0;1;1;0;0;2;1;-18,13742991;-54,69189693;"SPRF-MS";"DEL06-MS";"UOP01-DEL06-MS"
201169;2019-04-04;"quinta-feira";"20:50:00";"MG";40;608;"CONGONHAS";"Desobediência às normas de trânsito pelo condutor";"Colisão transversal";"Com Vítimas Feridas";"Plena Noite";"Crescente";"Nublado";"Simples";"Curva";"Não";2;0;1;1;0;0;2;2;-20,48684365;-43,83806705;"SPRF-MG";"DEL05-MG";"UOP02-DEL05-MG"
201172;2019-04-04;"quinta-feira";"19:00:00";"RS";392;41;"RIO GRANDE";"Falta de Atenção à Condução";"Colisão traseira";"Com Vítimas Feridas";"Plena Noite";"Crescente";"Chuva";"Simples";"Reta";"Sim";2;0;1;0;1;0;1;2;-31,95483688;-52,30684982;"SPRF-RS";"DEL07-RS";"UOP02-DEL07-RS"
201173;2019-04-04;"quinta-feira";"20:30:00";"PI";343;343,8;"TERESINA";"Ingestão de Álcool";"Colisão frontal";"Com Vítimas Feridas";"Pleno dia";"Decrescente";"Garoa/Chuvisco";"Simples";"Reta";"Sim";2;0;0;1;1;0;1;2;-5,087362;-42,757851;"SPRF-PI";"DEL01-PI";"UOP01-DEL01-PI"
201174;2019-04-04;"quinta-feira";"18:30:00";"RJ";40;118;"DUQUE DE CAXIAS";"Pista Escorregadia";"Tombamento";"Com Vítimas Feridas";"Plena Noite";"Crescente";"Céu Claro";"Dupla";"Reta";"Sim";2;0;1;0;1;0;1;1;-22,75470802;-43,28737838;"SPRF-RJ";"DEL01-RJ";"UOP01-DEL01-RJ"
201178;2019-03-31;"domingo";"19:00:00";"SC";282;3,5;"FLORIANOPOLIS";"Falta de Atenção à Condução";"Colisão lateral";"Com Vítimas Feridas";"Plena Noite";"Decrescente";"Ignorado";"Múltipla";"Reta";"Sim";3;0;1;0;1;1;1;3;-27,59772967;-48,60071272;"SPRF-SC";"DEL01-SC";"UOP01-DEL01-SC"
201180;2019-03-24;"domingo";"17:00:00";"RJ";116;325;"ITATIAIA";"Mal Súbito";"Queda de ocupante de veículo";"Com Vítimas Feridas";"Pleno dia";"Decrescente";"Céu Claro";"Dupla";"Reta";"Não";2;0;1;0;1;0;1;1;-22,50200873;-44,63186949;"SPRF-RJ";"DEL07-RJ";"DEL5/7-UOP03/RJ"
201181;2019-03-16;"sábado";"22:30:00";"BA";367;55;"PORTO SEGURO";"Ingestão de Álcool";"Colisão traseira";"Sem Vítimas";"Plena Noite";"Crescente";"Céu Claro";"Simples";"Reta";"Não";2;0;0;0;2;0;0;2;-16,38726598;-39,339153;"SPRF-BA";"DEL09-BA";"UOP01-DEL09-BA"
201182;2019-04-04;"quinta-feira";"20:30:00";"GO";40;35,9;"LUZIANIA";"Falta de Atenção à Condução";"Saída de leito carroçável";"Sem Vítimas";"Plena Noite";"Crescente";"Garoa/Chuvisco";"Dupla";"Reta";"Não";1;0;0;0;0;1;0;1;-16,316414;-47,841304;"SPRF-DF";"DEL01-DF";"UOP01-DEL01-DF"
201183;2019-04-04;"quinta-feira";"21:50:00";"PR";376;626;"SAO JOSE DOS PINHAIS";"Falta de Atenção à Condução";"Saída de leito carroçável";"Sem Vítimas";"Plena Noite";"Decrescente";"Garoa/Chuvisco";"Dupla";"Reta";"Não";1;0;0;0;1;0;0;1;-25,66095117;-49,15500053;"SPRF-PR";"DEL01-PR";"UOP04-DEL01-PR"
201184;2019-04-04;"quinta-feira";"21:35:00";"PR";476;135;"CURITIBA";"Não guardar distância de segurança";"Colisão traseira";"Com Vítimas Feridas";"Plena Noite";"Crescente";"Nublado";"Dupla";"Interseção de Vias";"Sim";3;0;1;0;2;0;1;2;-25,483786;-49,265808;"SPRF-PR";"DEL01-PR";"UOP03-DEL01-PR"
201185;2019-04-04;"quinta-feira";"22:00:00";"RS";116;313,6;"GUAIBA";"Fenômenos da Natureza";"Colisão frontal";"Com Vítimas Fatais";"Plena Noite";"Crescente";"Chuva";"Simples";"Curva";"Não";5;2;3;0;0;0;3;3;-30,22747401;-51,40581186;"SPRF-RS";"DEL02-RS";"UOP01-DEL02-RS"
201186;2019-04-04;"quinta-feira";"22:20:00";"PR";369;173,8;"ROLANDIA";"Ingestão de Álcool";"Colisão com objeto estático";"Com Vítimas Feridas";"Plena Noite";"Decrescente";"Céu Claro";"Simples";"Reta";"Sim";2;0;1;0;1;0;1;1;-23,31447657;-51,3746765;"SPRF-PR";"DEL07-PR";"UOP01-DEL07-PR"
201187;2019-04-04;"quinta-feira";"20:40:00";"SC";470;36,3;"GASPAR";"Falta de Atenção à Condução";"Tombamento";"Com Vítimas Feridas";"Plena Noite";"Decrescente";"Céu Claro";"Simples";"Reta";"Não";1;0;1;0;0;0;1;1;-26,914196;-48,968948;"SPRF-SC";"DEL04-SC";"UOP01-DEL04-SC"
201190;2019-04-04;"quinta-feira";"21:00:00";"PR";158;506;"CORONEL VIVIDA";"Pista Escorregadia";"Colisão frontal";"Com Vítimas Feridas";"Plena Noite";"Crescente";"Garoa/Chuvisco";"Simples";"Curva";"Não";4;0;2;2;0;0;4;2;-26,01525192;-52,57019203;"SPRF-PR";"DEL02-PR";"UOP01-DEL02-PR"
201191;2019-04-04;"quinta-feira";"22:25:00";"SC";101;71;"ARAQUARI";"Falta de Atenção à Condução";"Saída de leito carroçável";"Com Vítimas Feridas";"Plena Noite";"Crescente";"Céu Claro";"Simples";"Reta";"Não";1;0;1;0;0;0;1;1;-26,52250006;-48,71685505;"SPRF-SC";"DEL03-SC";"UOP02-DEL03-SC"
201192;2019-04-04;"quinta-feira";"21:30:00";"PI";316;308;"PICOS";"Falta de Atenção à Condução";"Colisão frontal";"Com Vítimas Feridas";"Plena Noite";"Decrescente";"Chuva";"Simples";"Reta";"Sim";2;0;0;2;0;0;2;2;-7,07773683;-41,492757;"SPRF-PI";"DEL04-PI";"UOP01-DEL04-PI"
201193;2019-04-04;"quinta-feira";"22:37:00";"RS";392;352;"SANTA MARIA";"Ingestão de Álcool";"Colisão traseira";"Sem Vítimas";"Plena Noite";"Decrescente";"Chuva";"Dupla";"Rotatória";"Sim";3;0;0;0;3;0;0;3;-29,720404;-53,807632;"SPRF-RS";"DEL09-RS";"UOP01-DEL09-RS"
201194;2019-04-04;"quinta-feira";"21:00:00";"PE";101;0,2;"GOIANA";"Falta de Atenção à Condução";"Saída de leito carroçável";"Com Vítimas Feridas";"Plena Noite";"Crescente";"Céu Claro";"Dupla";"Curva";"Não";2;0;2;0;0;0;2;1;-7,5001955;-34,985073;"SPRF-PE";"DEL01-PE";"UOP02-DEL01-PE"
201195;2019-04-04;"quinta-feira";"22:30:00";"MG";365;757;"ITUIUTABA";"Pista Escorregadia";"Queda de ocupante de veículo";"Com Vítimas Feridas";"Plena Noite";"Crescente";"Chuva";"Dupla";"Rotatória";"Não";2;0;0;1;0;1;1;2;-18,96358968;-49,4773831;"SPRF-MG";"DEL15-MG";"UOP03-DEL15-MG"
201198;2019-04-04;"quinta-feira";"22:38:00";"RS";392;17,7;"RIO GRANDE";"Ultrapassagem Indevida";"Saída de leito carroçável";"Sem Vítimas";"Plena Noite";"Crescente";"Chuva";"Dupla";"Reta";"Sim";1;0;0;0;1;0;0;1;-32,09414738;-52,16752661;"SPRF-RS";"DEL07-RS";"UOP02-DEL07-RS"
201200;2019-04-04;"quinta-feira";"23:10:00";"SC";116;135,9;"SANTA CECILIA";"Desobediência às normas de trânsito pelo condutor";"Colisão frontal";"Com Vítimas Feridas";"Plena Noite";"Crescente";"Céu Claro";"Simples";"Reta";"Não";7;0;0;1;6;0;1;2;-26,92904296;-50,4345818;"SPRF-SC";"DEL06-SC";"UOP02-DEL06-SC"
201201;2019-04-04;"quinta-feira";"22:20:00";"RR";174;506;"BOA VISTA";"Velocidade Incompatível";"Colisão com objeto estático";"Sem Vítimas";"Plena Noite";"Decrescente";"Céu Claro";"Dupla";"Reta";"Sim";1;0;0;0;1;0;0;1;2,801952;-60,69444;"SPRF-RR";"DEL01-RR";"UOP01-DEL01-RR"
201202;2019-04-04;"quinta-feira";"23:00:00";"GO";153;505,5;"APARECIDA DE GOIANIA";"Não guardar distância de segurança";"Colisão lateral";"Com Vítimas Feridas";"Plena Noite";"Crescente";"Chuva";"Dupla";"Reta";"Sim";3;0;1;1;1;0;2;2;-16,7537;-49,2411;"SPRF-GO";"DEL01-GO";"UOP01-DEL01-GO"
201206;2019-04-05;"sexta-feira";"00:01:00";"PR";116;109;"CURITIBA";"Velocidade Incompatível";"Colisão traseira";"Com Vítimas Feridas";"Plena Noite";"Crescente";"Nublado";"Dupla";"Reta";"Não";2;0;2;0;0;0;2;2;-25,57140489;-49,20748999;"SPRF-PR";"DEL01-PR";"UOP07-DEL01-PR"
201207;2019-04-04;"quinta-feira";"23:00:00";"PR";272;538;"TERRA ROXA";"Ingestão de Álcool";"Saída de leito carroçável";"Com Vítimas Feridas";"Plena Noite";"Decrescente";"Céu Claro";"Simples";"Reta";"Não";2;0;1;0;1;0;1;1;-24,07211844;-53,99614335;"SPRF-PR";"DEL06-PR";"UAP01-DEL06-PR"
201209;2019-04-04;"quinta-feira";"21:00:00";"GO";153;327;"RIANAPOLIS";"Ingestão de Álcool";"Colisão lateral";"Com Vítimas Feridas";"Plena Noite";"Decrescente";"Nublado";"Simples";"Reta";"Não";3;0;1;1;1;0;2;2;-15,50462;-49,478848;"SPRF-GO";"DEL02-GO";"UOP02-DEL02-GO"
201210;2019-04-04;"quinta-feira";"23:20:00";"RO";319;62,1;"PORTO VELHO";"Falta de Atenção à Condução";"Colisão transversal";"Com Vítimas Feridas";"Plena Noite";"Decrescente";"Céu Claro";"Dupla";"Interseção de Vias";"Sim";2;0;1;0;1;0;1;2;-8,7511399;-63,88743639;"SPRF-RO";"DEL01-RO";"UOP01-DEL01-RO"
201211;2019-04-04;"quinta-feira";"19:00:00";"SC";158;112,1;"CUNHA PORA";"Pista Escorregadia";"Saída de leito carroçável";"Com Vítimas Feridas";"Plena Noite";"Decrescente";"Garoa/Chuvisco";"Simples";"Curva";"Não";2;0;0;1;1;0;1;1;-26,91809036;-53,19271088;"SPRF-SC";"DEL07-SC";"UOP02-DEL07-SC"
201213;2019-03-19;"terça-feira";"14:44:00";"SP";101;51,5;"UBATUBA";"Ingestão de Álcool";"Colisão transversal";"Com Vítimas Feridas";"Pleno dia";"Decrescente";"Céu Claro";"Simples";"Rotatória";"Sim";2;0;1;0;1;0;1;2;-23,45627795;-45,07111896;"SPRF-SP";"DEL06-SP";"UOP01-DEL06-SP"
201215;2019-04-05;"sexta-feira";"01:20:00";"PE";101;51;"ABREU E LIMA";"Animais na Pista";"Atropelamento de Animal";"Sem Vítimas";"Plena Noite";"Crescente";"Céu Claro";"Dupla";"Reta;Aclive";"Sim";1;0;0;0;1;0;0;1;-7,9169968;-34,89689272;"SPRF-PE";"DEL01-PE";"UOP02-DEL01-PE"
201217;2019-04-04;"quinta-feira";"21:25:00";"RO";364;343;"JI-PARANA";"Desobediência às normas de trânsito pelo condutor";"Colisão traseira";"Com Vítimas Feridas";"Plena Noite";"Crescente";"Céu Claro";"Múltipla";"Reta";"Sim";2;0;0;1;1;0;1;2;-10,87878519;-61,94499012;"SPRF-RO";"DEL02-RO";"UOP01-DEL02-RO"