"id";"data_inversa";"dia_semana";"horario";"uf";"br";"km";"municipio";"causa_acidente";"tipo_acidente";"classificacao_acidente";"fase_dia";"sentido_via";"condicao_metereologica";"tipo_pista";"tracado_via";"uso_solo";"pessoas";"mortos";"feridos_leves";"feridos_graves";"ilesos";"ignorados";"feridos";"veiculos";"latitude";"longitude";"regional";"delegacia";"uop"
201219;2019-04-04;"quinta-feira";"18:45:00";"RO";364;323;"PRESIDENTE MEDICI";"Defeito na Via";"Queda de ocupante de veículo";"Com Vítimas Feridas";"Plena Noite";"Crescente";"Nublado";"Dupla";"Reta";"Não";1;0;1;0;0;0;1;1;-11,043831;-61,92997893;"SPRF-RO";"DEL02-RO";"UOP01-DEL02-RO"
201222;2019-04-05;"sexta-feira";"03:00:00";"RJ";116;131;"MAGE";"Condutor Dormindo";"Tombamento";"Com Vítimas Feridas";"Plena Noite";"Crescente";"Nublado";"Dupla";"Reta";"Sim";1;0;0;1;0;0;1;1;-22,65176;-43,164343;"SPRF-RJ";"DEL04-RJ";"UOP02-DEL04-RJ"
201225;2019-04-05;"sexta-feira";"04:15:00";"SC";101;201,5;"SAO JOSE";"Ingestão de Álcool";"Colisão com objeto estático";"Com Vítimas Feridas";"Plena Noite";"Crescente";"Ignorado";"Dupla";"Reta";"Sim";2;0;1;1;0;0;2;1;-27,54836599;-48,61977975;"SPRF-SC";"DEL01-SC";"UOP01-DEL01-SC"
201228;2019-04-05;"sexta-feira";"04:42:00";"ES";101;155;"LINHARES";"Falta de Atenção à Condução";"Saída de leito carroçável";"Com Vítimas Feridas";"Amanhecer";"Crescente";"Nublado";"Simples";"Reta";"Não";1;0;0;1;0;0;1;1;-19,43842387;-40,08913618;"SPRF-ES";"DEL04-ES";"UOP01-DEL04-ES"
201231;2019-03-18;"segunda-feira";"05:45:00";"PE";101;73;"RECIFE";"Falta de Atenção à Condução";"Tombamento";"Com Vítimas Feridas";"Pleno dia";"Decrescente";"Chuva";"Simples";"Reta";"Sim";1;0;1;0;0;0;1;1;-8,093369;-34,947464;"SPRF-PE";"DEL01-PE";"UOP01-DEL01-PE"
201232;2019-04-05;"sexta-feira";"03:15:00";"PR";277;75;"SAO JOSE DOS PINHAIS";"Velocidade Incompatível";"Capotamento";"Com Vítimas Feridas";"Plena Noite";"Decrescente";"Nublado";"Dupla";"Reta";"Não";1;0;1;0;0;0;1;1;-25,51327981;-49,12433291;"SPRF-PR";"DEL01-PR";"UOP07-DEL01-PR"
201235;2019-04-05;"sexta-feira";"07:00:00";"PR";116;125,3;"FAZENDA RIO GRANDE";"Falta de Atenção à Condução";"Colisão lateral";"Com Vítimas Feridas";"Pleno dia";"Decrescente";"Céu Claro";"Dupla";"Reta";"Sim";3;0;1;1;0;1;2;2;-25,59505309;-49,31630659;"SPRF-PR";"DEL01-PR";"UOP03-DEL01-PR"
201237;2019-04-05;"sexta-feira";"07:20:00";"PE";232;24;"MORENO";"Falta de Atenção à Condução";"Tombamento";"Com Vítimas Fatais";"Pleno dia";"Decrescente";"Céu Claro";"Dupla";"Reta";"Não";3;1;0;1;1;0;1;2;-8,10482918;-35,10351264;"SPRF-PE";"DEL01-PE";"UOP02-DEL02PE"
201238;2019-04-05;"sexta-feira";"07:00:00";"RS";116;247;"SAO LEOPOLDO";"Não guardar distância de segurança";"Tombamento";"Com Vítimas Feridas";"Pleno dia";"Crescente";"Chuva";"Dupla";"Reta";"Sim";1;0;1;0;0;0;1;1;-29,76733091;-51,1535296;"SPRF-RS";"DEL01-RS";"UOP02-DEL01-RS"
201240;2019-04-05;"sexta-feira";"06:10:00";"MS";262;40;"TRES LAGOAS";"Defeito Mecânico no Veículo";"Colisão com objeto em movimento";"Com Vítimas Feridas";"Pleno dia";"Decrescente";"Céu Claro";"Simples";"Reta";"Não";2;0;0;1;1;0;1;1;-20,77584167;-51,96848192;"SPRF-MS";"DEL07-MS";"UOP01-DEL07-MS"
201241;2019-04-05;"sexta-feira";"06:50:00";"ES";262;2,3;"CARIACICA";"Desobediência às normas de trânsito pelo condutor";"Colisão transversal";"Com Vítimas Feridas";"Pleno dia";"Decrescente";"Céu Claro";"Dupla";"Reta";"Sim";2;0;0;1;1;0;1;2;-20,33275688;-40,36077696;"SPRF-ES";"DEL01-ES";"UOP01-DEL01-ES"
201242;2019-04-05;"sexta-feira";"07:45:00";"PR";476;129;"CURITIBA";"Desobediência às normas de trânsito pelo condutor";"Colisão traseira";"Com Vítimas Feridas";"Pleno dia";"Crescente";"Céu Claro";"Múltipla";"Declive";"Sim";3;0;1;0;2;0;1;3;-25,453636;-49,245155;"SPRF-PR";"DEL01-PR";"UOP07-DEL01-PR"
201243;2019-04-05;"sexta-feira";"07:30:00";"MA";10;251,9;"IMPERATRIZ";"Desobediência às normas de trânsito pelo condutor";"Colisão transversal";"Com Vítimas Feridas";"Pleno dia";"Decrescente";"Céu Claro";"Simples";"Interseção de Vias";"Sim";3;0;0;1;2;0;1;2;-5,53562;-47,469585;"SPRF-MA";"DEL04-MA";"UOP01-DEL04-MA"
201244;2019-04-05;"sexta-feira";"06:50:00";"DF";20;56;"BRASILIA";"Falta de Atenção à Condução";"Tombamento";"Com Vítimas Feridas";"Amanhecer";"Decrescente";"Céu Claro";"Dupla";"Reta";"Sim";2;0;1;0;1;0;1;1;-15,583027;-47,367081;"SPRF-DF";"DEL02-DF";"UOP01-DEL02-DF"
201245;2019-04-05;"sexta-feira";"08:00:00";"SC";101;202,2;"SAO JOSE";"Desobediência às normas de trânsito pelo condutor";"Colisão traseira";"Com Vítimas Feridas";"Pleno dia";"Crescente";"Sol";"Dupla";"Reta";"Não";2;0;1;0;1;0;1;2;-27,55711595;-48,61897889;"SPRF-SC";"DEL01-SC";"UOP01-DEL01-SC"
201246;2019-04-05;"sexta-feira";"07:40:00";"RN";101;99;"PARNAMIRIM";"Desobediência às normas de trânsito pelo condutor";"Colisão transversal";"Com Vítimas Feridas";"Pleno dia";"Decrescente";"Nublado";"Dupla";"Reta";"Sim";2;0;1;0;1;0;1;2;-5,87238754;-35,21959305;"SPRF-RN";"DEL01-RN";"UOP01-DEL01-RN"
201247;2019-04-05;"sexta-feira";"07:40:00";"SC";470;53;"BLUMENAU";"Ingestão de Álcool";"Colisão transversal";"Com Vítimas Feridas";"Pleno dia";"Crescente";"Céu Claro";"Simples";"Reta";"Não";3;0;2;0;1;0;2;2;-26,867121;-49,102066;"SPRF-SC";"DEL04-SC";"UOP01-DEL04-SC"
201248;2019-04-05;"sexta-feira";"07:50:00";"PR";277;101,9;"CURITIBA";"Falta de Atenção à Condução";"Engavetamento";"Com Vítimas Feridas";"Pleno dia";"Crescente";"Nublado";"Múltipla";"Aclive;Reta";"Não";3;0;1;0;2;0;1;3;-25,52228492;-49,3331539;"SPRF-PR";"DEL01-PR";"UOP06-DEL01-PR"
201250;2019-04-05;"sexta-feira";"07:50:00";"GO";153;499,1;"GOIANIA";"Velocidade Incompatível";"Engavetamento";"Com Vítimas Feridas";"Pleno dia";"Crescente";"Céu Claro";"Dupla";"Reta";"Sim";11;0;0;1;10;0;1;5;-16,7033;-49,2311;"SPRF-GO";"DEL01-GO";"UOP01-DEL01-GO"
201253;2019-04-05;"sexta-feira";"07:50:00";"RS";116;253,7;"SAPUCAIA DO SUL";"Desobediência às normas de trânsito pelo condutor";"Colisão traseira";"Com Vítimas Feridas";"Pleno dia";"Decrescente";"Nublado";"Múltipla";"Reta";"Sim";2;0;1;0;1;0;1;2;-29,81784209;-51,16996166;"SPRF-RS";"DEL01-RS";"UOP02-DEL01-RS"
201255;2019-03-30;"sábado";"04:40:00";"MS";163;261,3;"DOURADOS";"Falta de Atenção à Condução";"Saída de leito carroçável";"Com Vítimas Feridas";"Plena Noite";"Crescente";"Céu Claro";"Dupla";"Reta";"Não";2;0;1;0;0;1;1;1;-22,23864271;-54,76552912;"SPRF-MS";"DEL04-MS";"UOP01-DEL04-MS"
201256;2019-04-05;"sexta-feira";"08:20:00";"RN";405;0,8;"MOSSORO";"Não guardar distância de segurança";"Colisão traseira";"Com Vítimas Feridas";"Pleno dia";"Crescente";"Céu Claro";"Dupla";"Reta";"Sim";2;0;2;0;0;0;2;2;-5,1914673;-37,351887;"SPRF-RN";"DEL04-RN";"UOP02-DEL04-RN"
201258;2019-03-28;"quinta-feira";"13:30:00";"SC";280;5,5;"SAO FRANCISCO DO SUL";"Falta de Atenção à Condução";"Colisão transversal";"Com Vítimas Feridas";"Pleno dia";"Crescente";"Nublado";"Simples";"Reta";"Não";3;0;1;0;2;0;1;2;-26,26288091;-48,62937212;"SPRF-SC";"DEL03-SC";"UOP03-DEL03-SC"
201261;2019-04-05;"sexta-feira";"09:00:00";"BA";324;619;"SALVADOR";"Não guardar distância de segurança";"Colisão lateral";"Com Vítimas Feridas";"Pleno dia";"Crescente";"Chuva";"Dupla";"Reta";"Sim";2;0;1;0;1;0;1;2;-12,89820999;-38,45012202;"SPRF-BA";"DEL01-BA";"UOP01-DEL01-BA"
201262;2019-04-05;"sexta-feira";"09:00:00";"CE";116;12;"FORTALEZA";"Agressão Externa";"Queda de ocupante de veículo";"Sem Vítimas";"Pleno dia";"Decrescente";"Céu Claro";"Dupla";"Interseção de Vias";"Sim";1;0;0;0;1;0;0;1;-3,852077;-38,495525;"SPRF-CE";"DEL01-CE";"UOP02-DEL01-CE"
201265;2019-03-18;"segunda-feira";"10:00:00";"SC";101;113;"ITAJAI";"Falta de Atenção à Condução";"Colisão lateral";"Com Vítimas Feridas";"Pleno dia";"Crescente";"Nublado";"Dupla";"Reta";"Não";1;0;1;0;0;0;1;1;-26,85447057;-48,72706354;"SPRF-SC";"DEL04-SC";"UOP04-DEL04-SC"
201266;2019-04-05;"sexta-feira";"07:30:00";"SC";280;31,2;"ARAQUARI";"Falta de Atenção à Condução";"Colisão transversal";"Com Vítimas Feridas";"Pleno dia";"Decrescente";"Sol";"Simples";"Reta";"Sim";2;0;1;0;1;0;1;2;-26,41685939;-48,77318144;"SPRF-SC";"DEL03-SC";"UOP03-DEL03-SC"
201267;2019-04-05;"sexta-feira";"07:10:00";"RR";0;0;"BOA VISTA";"Falta de Atenção à Condução";"Colisão lateral";"Sem Vítimas";"Pleno dia";"Não Informado";"Céu Claro";"Dupla";"Reta";"Sim";4;0;0;0;4;0;0;2;2,80089455;-60,69457412;"SPRF-RR";"DEL01-RR";"UOP01-DEL01-RR"
201269;2019-04-05;"sexta-feira";"09:15:00";"ES";262;1;"CARIACICA";"Pista Escorregadia";"Queda de ocupante de veículo";"Com Vítimas Feridas";"Pleno dia";"Decrescente";"Céu Claro";"Dupla";"Curva";"Não";2;0;0;2;0;0;2;1;-20,32955204;-40,35492602;"SPRF-ES";"DEL01-ES";"UOP01-DEL01-ES"
201270;2019-04-05;"sexta-feira";"08:30:00";"SP";116;272,7;"EMBU DAS ARTES";"Falta de Atenção à Condução";"Colisão traseira";"Com Vítimas Feridas";"Pleno dia";"Decrescente";"Céu Claro";"Dupla";"Reta";"Sim";3;0;1;0;2;0;1;3;-23,621691;-46,813288;"SPRF-SP";"DEL04-SP";"UOP01-DEL04-SP"
201274;2019-04-05;"sexta-feira";"10:05:00";"MG";381;487;"BETIM";"Defeito Mecânico no Veículo";"Tombamento";"Com Vítimas Feridas";"Pleno dia";"Crescente";"Nublado";"Múltipla";"Reta";"Sim";1;0;1;0;0;0;1;1;-19,95586853;-44,14609501;"SPRF-MG";"DEL01-MG";"UOP03-DEL01-MG"
201275;2019-04-05;"sexta-feira";"10:10:00";"GO";153;628;"MORRINHOS";"Condutor Dormindo";"Saída de leito carroçável";"Com Vítimas Feridas";"Pleno dia";"Decrescente";"Garoa/Chuvisco";"Dupla";"Reta";"Não";1;0;1;0;0;0;1;1;-17,7843;-49,1865;"SPRF-GO";"DEL03-GO";"UOP01-DEL03-GO"
201276;2019-04-05;"sexta-feira";"10:00:00";"SE";101;102,1;"SAO CRISTOVAO";"Mal Súbito";"Colisão com objeto estático";"Com Vítimas Feridas";"Pleno dia";"Decrescente";"Céu Claro";"Dupla";"Ponte";"Não";2;0;1;0;1;0;1;1;-10,94880037;-37,21099182;"SPRF-SE";"DEL02-SE";"UOP01-DEL02-SE"
201278;2019-04-05;"sexta-feira";"10:20:00";"CE";116;63,6;"CHOROZINHO";"Não guardar distância de segurança";"Colisão traseira";"Sem Vítimas";"Pleno dia";"Decrescente";"Céu Claro";"Simples";"Reta;Aclive";"Não";5;0;0;0;4;1;0;3;-4,27263318;-38,49159144;"SPRF-CE";"DEL03-CE";"UOP02-DEL03-CE"
201279;2019-04-05;"sexta-feira";"09:30:00";"BA";116;827,2;"VITORIA DA CONQUISTA";"Falta de Atenção à Condução";"Colisão lateral";"Com Vítimas Feridas";"Pleno dia";"Crescente";"Céu Claro";"Simples";"Reta";"Sim";2;0;1;0;1;0;1;2;-14,82538058;-40,82217022;"SPRF-BA";"DEL08-BA";"UOP01-DEL08-BA"
201281;2019-04-05;"sexta-feira";"09:30:00";"BA";367;32,4;"PORTO SEGURO";"Falta de Atenção à Condução";"Colisão transversal";"Com Vítimas Feridas";"Pleno dia";"Decrescente";"Céu Claro";"Simples";"Reta";"Não";5;0;3;1;1;0;4;2;-16,42202306;-39,14457302;"SPRF-BA";"DEL09-BA";"UOP01-DEL09-BA"
201282;2019-02-28;"quinta-feira";"18:40:00";"BA";101;264;"SANTO ANTONIO DE JESUS";"Desobediência às normas de trânsito pelo condutor";"Colisão frontal";"Com Vítimas Feridas";"Plena Noite";"Crescente";"Ignorado";"Simples";"Reta";"Não";1;0;1;0;0;0;1;1;-12,98039554;-39,28593725;"SPRF-BA";"DEL01-BA";"UOP02-DEL01-BA"
201283;2019-04-05;"sexta-feira";"10:05:00";"PR";153;363;"RIO AZUL";"Falta de Atenção à Condução";"Colisão com objeto estático";"Sem Vítimas";"Pleno dia";"Crescente";"Nublado";"Simples";"Reta";"Não";1;0;0;0;0;1;0;1;-25,69335111;-50,77297891;"SPRF-PR";"DEL03-PR";"UOP02-DEL08-PR"
201286;2019-04-05;"sexta-feira";"10:25:00";"MG";40;515,8;"RIBEIRAO DAS NEVES";"Falta de Atenção à Condução";"Colisão transversal";"Com Vítimas Feridas";"Pleno dia";"Crescente";"Céu Claro";"Dupla";"Reta";"Sim";5;0;1;0;4;0;1;2;-19,8090079;-44,09493479;"SPRF-MG";"DEL01-MG";"UOP02-DEL01-MG"
201287;2019-04-05;"sexta-feira";"11:00:00";"PR";277;2;"FOZ DO IGUACU";"Mal Súbito";"Saída de leito carroçável";"Com Vítimas Feridas";"Pleno dia";"Decrescente";"Nublado";"Dupla";"Reta";"Sim";2;0;2;0;0;0;2;1;-25,5469;-54,5882;"SPRF-PR";"DEL05-PR";"UOP03-DEL05-PR"
201289;2019-04-05;"sexta-feira";"11:00:00";"ES";259;8;"JOAO NEIVA";"Ultrapassagem Indevida";"Saída de leito carroçável";"Com Vítimas Feridas";"Pleno dia";"Decrescente";"Céu Claro";"Simples";"Reta";"Não";1;0;0;1;0;0;1;1;-19,68073376;-40,39141693;"SPRF-ES";"DEL02-ES";"UOP01-DEL02-ES"
201290;2019-04-05;"sexta-feira";"11:35:00";"SE";101;94;"NOSSA SENHORA DO SOCORRO";"Falta de Atenção à Condução";"Colisão traseira";"Com Vítimas Feridas";"Pleno dia";"Decrescente";"Céu Claro";"Dupla";"Retorno Regulamentado";"Sim";2;0;1;0;1;0;1;2;-10,90732013;-37,15236691;"SPRF-SE";"DEL01-SE";"UOP01-DEL01-SE"
201291;2019-04-05;"sexta-feira";"12:00:00";"PE";101;50,2;"ABREU E LIMA";"Falta de Atenção do Pedestre";"Atropelamento de Pedestre";"Sem Vítimas";"Pleno dia";"Decrescente";"Céu Claro";"Múltipla";"Reta";"Sim";2;0;0;0;1;1;0;2;-7,9118684;-34,9007309;"SPRF-PE";"DEL01-PE";"UOP02-DEL01-PE"
201293;2019-04-05;"sexta-feira";"11:25:00";"BA";116;439,8;"FEIRA DE SANTANA";"Velocidade Incompatível";"Capotamento";"Sem Vítimas";"Pleno dia";"Crescente";"Chuva";"Dupla";"Curva";"Não";1;0;0;0;1;0;0;1;-12,32191792;-39,05070505;"SPRF-BA";"DEL02-BA";"UOP01-DEL02-BA"
201294;2019-04-05;"sexta-feira";"11:45:00";"SC";101;204;"SAO JOSE";"Desobediência às normas de trânsito pelo condutor";"Colisão transversal";"Com Vítimas Feridas";"Pleno dia";"Crescente";"Céu Claro";"Dupla";"Reta";"Sim";2;0;1;0;1;0;1;2;-27,57413014;-48,61363083;"SPRF-SC";"DEL01-SC";"UOP01-DEL01-SC"
201295;2019-04-05;"sexta-feira";"10:20:00";"RJ";40;115;"DUQUE DE CAXIAS";"Falta de Atenção à Condução";"Saída de leito carroçável";"Com Vítimas Feridas";"Pleno dia";"Crescente";"Céu Claro";"Dupla";"Reta";"Não";3;0;1;0;1;1;1;2;-22,72756999;-43,2891609;"SPRF-RJ";"DEL01-RJ";"UOP01-DEL01-RJ"
201296;2019-04-05;"sexta-feira";"12:10:00";"MG";365;405,2;"PATOS DE MINAS";"Falta de Atenção à Condução";"Queda de ocupante de veículo";"Com Vítimas Feridas";"Pleno dia";"Decrescente";"Nublado";"Simples";"Reta;Aclive";"Não";2;0;1;0;0;1;1;2;-18,63437677;-46,46599;"SPRF-MG";"DEL10-MG";"UOP01-DEL10-MG"
201297;2019-04-05;"sexta-feira";"12:20:00";"RS";386;134,8;"SARANDI";"Desobediência às normas de trânsito pelo condutor";"Colisão lateral";"Sem Vítimas";"Pleno dia";"Crescente";"Chuva";"Simples";"Curva";"Não";2;0;0;0;2;0;0;2;-27,953636;-52,916374;"SPRF-RS";"DEL08-RS";"UOP01-DEL08-RS"
201298;2019-03-22;"sexta-feira";"21:01:00";"MS";262;453,8;"DOIS IRMAOS DO BURITI";"Ultrapassagem Indevida";"Colisão frontal";"Com Vítimas Fatais";"Plena Noite";"Crescente";"Céu Claro";"Simples";"Aclive";"Não";9;1;0;8;0;0;8;2;-20,55318103;-55,52063379;"SPRF-MS";"DEL03-MS";"UOP01-DEL03-MS"
201300;2019-04-05;"sexta-feira";"12:30:00";"TO";153;499;"PARAISO DO TOCANTINS";"Falta de Atenção à Condução";"Colisão lateral";"Com Vítimas Feridas";"Pleno dia";"Decrescente";"Céu Claro";"Simples";"Declive;Reta";"Não";4;0;1;0;3;0;1;2;-10,19275595;-48,87879892;"SPRF-TO";"DEL02-TO";"UOP01-DEL01-TO"
201301;2019-04-05;"sexta-feira";"12:00:00";"CE";222;10,7;"CAUCAIA";"Falta de Atenção à Condução";"Colisão transversal";"Com Vítimas Feridas";"Pleno dia";"Crescente";"Nublado";"Simples";"Interseção de Vias";"Sim";3;0;3;0;0;0;3;2;-3,73525151;-38,66499966;"SPRF-CE";"DEL01-CE";"UOP01-DEL01-CE"
201302;2019-04-05;"sexta-feira";"12:20:00";"RJ";101;321;"NITEROI";"Desobediência às normas de trânsito pelo condutor";"Colisão lateral";"Com Vítimas Feridas";"Pleno dia";"Crescente";"Céu Claro";"Dupla";"Reta";"Sim";2;0;1;0;1;0;1;2;-22,86981096;-43,11046465;"SPRF-RJ";"DEL02-RJ";"UOP02-DEL02-RJ"
201305;2019-04-05;"sexta-feira";"12:40:00";"PR";163;143,2;"CAPITAO LEONIDAS MARQUES";"Defeito Mecânico no Veículo";"Queda de ocupante de veículo";"Com Vítimas Feridas";"Pleno dia";"Decrescente";"Nublado";"Simples";"Curva";"Não";1;0;1;0;0;0;1;1;-25,47546601;-53,58833898;"SPRF-PR";"DEL04-PR";"UOP05-DEL05-PR"
201308;2019-04-05;"sexta-feira";"13:20:00";"GO";40;9;"LUZIANIA";"Defeito Mecânico no Veículo";"Saída de leito carroçável";"Com Vítimas Feridas";"Pleno dia";"Decrescente";"Céu Claro";"Dupla";"Reta";"Sim";1;0;1;0;0;0;1;1;-16,131158;-47,957739;"SPRF-DF";"DEL01-DF";"UOP01-DEL01-DF"
201309;2019-04-05;"sexta-feira";"13:40:00";"PI";343;348,9;"TERESINA";"Falta de Atenção à Condução";"Colisão lateral";"Com Vítimas Feridas";"Pleno dia";"Decrescente";"Céu Claro";"Simples";"Reta";"Sim";2;0;1;0;1;0;1;2;-5,118706;-42,786411;"SPRF-PI";"DEL01-PI";"UOP01-DEL01-PI"
201310;2019-01-25;"sexta-feira";"15:30:00";"ES";101;146,7;"LINHARES";"Falta de Atenção à Condução";"Colisão transversal";"Com Vítimas Feridas";"Pleno dia";"Crescente";"Céu Claro";"Múltipla";"Reta";"Sim";2;0;1;1;0;0;2;2;-19,37540316;-40,06643686;"SPRF-ES";"DEL04-ES";"UOP01-DEL04-ES"
201311;2019-01-07;"segunda-feira";"06:45:00";"PA";316;57;"CASTANHAL";"Falta de Atenção à Condução";"Colisão frontal";"Com Vítimas Feridas";"Pleno dia";"Decrescente";"Nublado";"Dupla";"Reta";"Não";3;0;3;0;0;0;3;2;-1,306961;-48,034779;"SPRF-PA";"DEL01-PA";"UOP01-DEL01-PA"
201317;2019-04-05;"sexta-feira";"14:30:00";"RN";304;51,4;"MOSSORO";"Falta de Atenção à Condução";"Saída de leito carroçável";"Com Vítimas Feridas";"Pleno dia";"Crescente";"Chuva";"Simples";"Reta";"Não";3;0;3;0;0;0;3;1;-5,25226212;-37,30878323;"SPRF-RN";"DEL04-RN";"UOP01-DEL04-RN"
201318;2019-04-05;"sexta-feira";"13:50:00";"SP";116;211;"GUARULHOS";"Falta de Atenção à Condução";"Tombamento";"Com Vítimas Feridas";"Pleno dia";"Decrescente";"Nublado";"Múltipla";"Reta";"Não";1;0;1;0;0;0;1;1;-23,4324306;-46,4194352;"SPRF-SP";"DEL01-SP";"UOP01-DEL01-SP"
201319;2019-02-20;"quarta-feira";"12:20:00";"SP";101;50,5;"UBATUBA";"Restrição de Visibilidade";"Colisão lateral";"Com Vítimas Feridas";"Pleno dia";"Decrescente";"Ignorado";"Simples";"Reta";"Sim";2;0;1;0;1;0;1;2;-23,45627795;-45,07111896;"SPRF-SP";"DEL06-SP";"UOP01-DEL06-SP"
201320;2019-04-05;"sexta-feira";"14:20:00";"PE";423;72,4;"JUPI";"Falta de Atenção do Pedestre";"Atropelamento de Pedestre";"Com Vítimas Fatais";"Pleno dia";"Decrescente";"Céu Claro";"Simples";"Reta";"Sim";3;1;1;0;0;1;1;2;-8,70118191;-36,4154612;"SPRF-PE";"DEL03-PE";"UOP01-DEL03-PE"
201322;2019-04-05;"sexta-feira";"14:30:00";"PE";407;128;"PETROLINA";"Desobediência às normas de trânsito pelo condutor";"Colisão frontal";"Com Vítimas Feridas";"Pleno dia";"Crescente";"Nublado";"Simples";"Reta";"Sim";2;0;1;0;1;0;1;2;-9,39387565;-40,51133888;"SPRF-PE";"DEL06-PE";"UOP01-DEL06-PE"
201323;2019-04-05;"sexta-feira";"13:50:00";"SE";235;1,8;"ARACAJU";"Falta de Atenção à Condução";"Colisão traseira";"Com Vítimas Feridas";"Pleno dia";"Decrescente";"Céu Claro";"Dupla";"Interseção de Vias";"Sim";5;0;1;0;4;0;1;3;-10,9073;-37,0947;"SPRF-SE";"DEL01-SE";"UOP01-DEL01-SE"
201329;2019-04-05;"sexta-feira";"15:30:00";"PE";101;67,5;"RECIFE";"Falta de Atenção do Pedestre";"Atropelamento de Pedestre";"Com Vítimas Feridas";"Pleno dia";"Crescente";"Céu Claro";"Múltipla";"Reta";"Sim";3;0;0;1;0;2;1;2;-8,046846;-34,94517;"SPRF-PE";"DEL01-PE";"UOP01-DEL01-PE"
201330;2019-04-05;"sexta-feira";"10:40:00";"RJ";101;60;"CAMPOS DOS GOYTACAZES";"Falta de Atenção à Condução";"Colisão com objeto em movimento";"Com Vítimas Feridas";"Pleno dia";"Decrescente";"Céu Claro";"Simples";"Reta";"Não";2;0;1;0;1;0;1;2;-21,72048414;-41,31448591;"SPRF-RJ";"DEL08-RJ";"UOP01-DEL08-RJ"
201331;2019-04-05;"sexta-feira";"16:00:00";"RS";116;150;"CAXIAS DO SUL";"Falta de Atenção do Pedestre";"Atropelamento de Pedestre";"Com Vítimas Feridas";"Pleno dia";"Decrescente";"Garoa/Chuvisco";"Dupla";"Reta";"Sim";3;0;1;0;1;1;1;2;-29,168428;-51,158337;"SPRF-RS";"DEL05-RS";"UOP01-DEL05-RS"
201332;2019-04-05;"sexta-feira";"15:00:00";"PR";376;177,1;"MARINGA";"Falta de Atenção à Condução";"Colisão lateral";"Com Vítimas Feridas";"Pleno dia";"Decrescente";"Nublado";"Dupla";"Reta";"Sim";2;0;1;0;1;0;1;2;-23,41595855;-51,92226484;"SPRF-PR";"DEL07-PR";"UOP01-DEL09-PR"
201333;2019-04-05;"sexta-feira";"16:30:00";"PB";104;129,6;"CAMPINA GRANDE";"Falta de Atenção do Pedestre";"Atropelamento de Pedestre";"Com Vítimas Feridas";"Pleno dia";"Decrescente";"Nublado";"Dupla";"Retorno Regulamentado";"Não";2;0;2;0;0;0;2;2;-7,27744211;-35,88855743;"SPRF-PB";"DEL02-PB";"UOP01-DEL02-PB"
201334;2019-04-05;"sexta-feira";"16:30:00";"PE";408;76,6;"PAUDALHO";"Não guardar distância de segurança";"Colisão traseira";"Com Vítimas Feridas";"Pleno dia";"Decrescente";"Sol";"Dupla";"Reta";"Não";2;0;0;1;0;1;1;2;-7,913693;-35,170002;"SPRF-PE";"DEL01-PE";"UOP01-DEL01-PE"
201335;2019-04-05;"sexta-feira";"15:30:00";"MG";116;414,7;"GOVERNADOR VALADARES";"Falta de Atenção à Condução";"Colisão traseira";"Com Vítimas Feridas";"Pleno dia";"Crescente";"Céu Claro";"Simples";"Ponte";"Sim";2;0;1;0;1;0;1;2;-18,88102703;-41,95910802;"SPRF-MG";"DEL06-MG";"UOP01-DEL06-MG"
201338;2019-04-05;"sexta-feira";"16:30:00";"PE";101;179;"JOAQUIM NABUCO";"Ingestão de Álcool";"Queda de ocupante de veículo";"Com Vítimas Feridas";"Pleno dia";"Crescente";"Céu Claro";"Dupla";"Reta";"Não";1;0;1;0;0;0;1;1;-8,62683424;-35,55808471;"SPRF-PE";"DEL01-PE";"UOP03-DEL01-PE"
201339;2019-04-05;"sexta-feira";"16:40:00";"RS";158;275;"JULIO DE CASTILHOS";"Falta de Atenção à Condução";"Tombamento";"Com Vítimas Feridas";"Pleno dia";"Crescente";"Nublado";"Simples";"Reta";"Não";2;0;1;0;1;0;1;2;-29,33408208;-53,67453535;"SPRF-RS";"DEL09-RS";"UOP01-DEL09-RS"
201340;2019-04-05;"sexta-feira";"16:10:00";"SP";101;47;"UBATUBA";"Desobediência às normas de trânsito pelo condutor";"Colisão traseira";"Com Vítimas Feridas";"Pleno dia";"Decrescente";"Nublado";"Simples";"Reta";"Sim";2;0;1;0;1;0;1;2;-23,44081824;-45,08696947;"SPRF-SP";"DEL06-SP";"UOP01-DEL06-SP"
201342;2019-04-05;"sexta-feira";"16:49:00";"SC";101;201;"SAO JOSE";"Desobediência às normas de trânsito pelo condutor";"Colisão traseira";"Com Vítimas Feridas";"Pleno dia";"Crescente";"Céu Claro";"Dupla";"Reta";"Não";2;0;1;0;1;0;1;2;-27,54836599;-48,61977975;"SPRF-SC";"DEL01-SC";"UOP01-DEL01-SC"
201345;2019-04-05;"sexta-feira";"16:10:00";"GO";80;25,2;"PADRE BERNARDO";"Defeito na Via";"Saída de leito carroçável";"Com Vítimas Feridas";"Pleno dia";"Crescente";"Nublado";"Simples";"Retorno Regulamentado";"Não";4;0;3;1;0;0;4;1;-15,337575;-48,233721;"SPRF-DF";"DEL01-DF";"UOP02-DEL03-DF"
201346;2019-04-05;"sexta-feira";"14:50:00";"RJ";40;34;"TRES RIOS";"Falta de Atenção à Condução";"Capotamento";"Com Vítimas Feridas";"Pleno dia";"Decrescente";"Céu Claro";"Dupla";"Curva";"Não";1;0;1;0;0;0;1;1;-22,20122568;-43,14116761;"SPRF-RJ";"DEL06-RJ";"UOP02-DEL05-RJ"