"id";"data_inversa";"dia_semana";"horario";"uf";"br";"km";"municipio";"causa_acidente";"tipo_acidente";"classificacao_acidente";"fase_dia";"sentido_via";"condicao_metereologica";"tipo_pista";"tracado_via";"uso_solo";"pessoas";"mortos";"feridos_leves";"feridos_graves";"ilesos";"ignorados";"feridos";"veiculos";"latitude";"longitude";"regional";"delegacia";"uop"
201348;2019-04-05;"sexta-feira";"16:00:00";"RJ";393;102;"SAPUCAIA";"Falta de Atenção à Condução";"Colisão transversal";"Com Vítimas Feridas";"Pleno dia";"Decrescente";"Céu Claro";"Simples";"Reta";"Sim";2;0;1;0;0;1;1;2;-21,874243;-42,66758;"SPRF-RJ";"DEL06-RJ";"UOP01-DEL05-RJ"
201349;2019-04-05;"sexta-feira";"16:50:00";"ES";101;263;"SERRA";"Não guardar distância de segurança";"Colisão traseira";"Sem Vítimas";"Anoitecer";"Crescente";"Céu Claro";"Dupla";"Reta";"Sim";2;0;0;0;2;0;0;2;-20,16554736;-40,27301648;"SPRF-ES";"DEL02-ES";"UOP01-DEL02-ES"
201351;2019-04-05;"sexta-feira";"16:55:00";"SC";101;209,9;"SAO JOSE";"Não guardar distância de segurança";"Colisão lateral";"Com Vítimas Feridas";"Pleno dia";"Decrescente";"Céu Claro";"Dupla";"Reta";"Sim";2;0;1;0;1;0;1;2;-27,61000542;-48,63895057;"SPRF-SC";"DEL01-SC";"UOP01-DEL01-SC"
201352;2019-04-05;"sexta-feira";"17:00:00";"SC";101;205,5;"SAO JOSE";"Falta de Atenção à Condução";"Colisão traseira";"Com Vítimas Feridas";"Pleno dia";"Crescente";"Nublado";"Dupla";"Reta";"Sim";2;0;1;0;1;0;1;2;-27,58313237;-48,61532885;"SPRF-SC";"DEL01-SC";"UOP01-DEL01-SC"
201353;2019-04-05;"sexta-feira";"17:20:00";"SC";101;158;"PORTO BELO";"Falta de Atenção à Condução";"Saída de leito carroçável";"Com Vítimas Feridas";"Anoitecer";"Crescente";"Céu Claro";"Dupla";"Reta";"Sim";1;0;1;0;0;0;1;1;-27,19096301;-48,61259017;"SPRF-SC";"DEL04-SC";"UOP03-DEL04-SC"
201354;2019-04-05;"sexta-feira";"14:00:00";"PA";316;61;"CASTANHAL";"Falta de Atenção à Condução";"Colisão traseira";"Sem Vítimas";"Pleno dia";"Crescente";"Céu Claro";"Dupla";"Reta";"Sim";3;0;0;0;3;0;0;3;-1,29686015;-47,94639002;"SPRF-PA";"DEL01-PA";"UOP01-DEL01-PA"
201355;2019-04-05;"sexta-feira";"16:40:00";"ES";393;23,8;"MUQUI";"Velocidade Incompatível";"Colisão frontal";"Com Vítimas Feridas";"Pleno dia";"Crescente";"Céu Claro";"Simples";"Curva";"Não";2;0;1;1;0;0;2;2;-20,94057167;-41,33099715;"SPRF-ES";"DEL03-ES";"UOP02-DEL03-ES"
201356;2019-04-05;"sexta-feira";"15:50:00";"PR";376;406;"TIBAGI";"Objeto estático sobre o leito carroçável";"Colisão com objeto em movimento";"Sem Vítimas";"Pleno dia";"Decrescente";"Nublado";"Simples";"Em Obras";"Não";1;0;0;0;1;0;0;1;-24,5780364;-50,68267822;"SPRF-PR";"DEL03-PR";"UOP02-DEL03-PR"
201359;2019-04-05;"sexta-feira";"18:30:00";"MG";381;486,8;"BETIM";"Falta de Atenção à Condução";"Colisão lateral";"Com Vítimas Feridas";"Anoitecer";"Crescente";"Céu Claro";"Múltipla";"Reta";"Sim";2;0;1;0;1;0;1;2;-19,95644414;-44,13611598;"SPRF-MG";"DEL01-MG";"UOP03-DEL01-MG"
201360;2019-04-05;"sexta-feira";"11:30:00";"MG";116;546;"SANTA BARBARA DO LESTE";"Defeito Mecânico no Veículo";"Tombamento";"Com Vítimas Feridas";"Pleno dia";"Crescente";"Céu Claro";"Simples";"Reta";"Não";2;0;2;0;0;0;2;1;-19,93628201;-42,13101771;"SPRF-MG";"DEL06-MG";"UOP02-DEL06-MG"
201361;2019-04-05;"sexta-feira";"17:20:00";"RN";101;146;"GOIANINHA";"Ingestão de Álcool";"Colisão frontal";"Com Vítimas Feridas";"Anoitecer";"Crescente";"Céu Claro";"Dupla";"Viaduto";"Sim";2;0;1;1;0;0;2;2;-6,26255354;-35,21147156;"SPRF-RN";"DEL01-RN";"UOP01-DEL01-RN"
201362;2019-04-05;"sexta-feira";"16:30:00";"MG";381;769,7;"CAMPANHA";"Velocidade Incompatível";"Saída de leito carroçável";"Com Vítimas Feridas";"Pleno dia";"Decrescente";"Chuva";"Dupla";"Curva";"Não";2;0;1;0;1;0;1;1;-21,78133999;-45,43274701;"SPRF-MG";"DEL16-MG";"UOP02-DEL16-MG"
201363;2019-04-05;"sexta-feira";"18:35:00";"ES";101;253;"SERRA";"Não guardar distância de segurança";"Colisão traseira";"Sem Vítimas";"Plena Noite";"Crescente";"Céu Claro";"Simples";"Reta;Declive";"Sim";2;0;0;0;2;0;0;2;-20,1126724;-40,32418381;"SPRF-ES";"DEL02-ES";"UOP01-DEL02-ES"
201364;2019-04-05;"sexta-feira";"14:00:00";"MG";262;11,5;"MARTINS SOARES";"Velocidade Incompatível";"Saída de leito carroçável";"Com Vítimas Feridas";"Pleno dia";"Crescente";"Céu Claro";"Simples";"Curva";"Não";1;0;1;0;0;0;1;1;-20,246508;-41,846962;"SPRF-MG";"DEL06-MG";"UOP03-DEL06-MG"
201365;2019-04-05;"sexta-feira";"18:15:00";"SC";280;130,6;"RIO NEGRINHO";"Falta de Atenção à Condução";"Colisão transversal";"Sem Vítimas";"Plena Noite";"Crescente";"Garoa/Chuvisco";"Simples";"Interseção de Vias;Aclive;Reta";"Sim";2;0;0;0;2;0;0;2;-26,2530246;-49,52924913;"SPRF-SC";"DEL06-SC";"UOP03-DEL06-SC"
201367;2019-04-05;"sexta-feira";"18:20:00";"PR";116;100,8;"SAO JOSE DOS PINHAIS";"Falta de Atenção à Condução";"Colisão lateral";"Com Vítimas Feridas";"Plena Noite";"Crescente";"Nublado";"Dupla";"Reta;Declive";"Não";2;0;1;0;1;0;1;2;-25,565855;-49,166118;"SPRF-PR";"DEL01-PR";"UOP07-DEL01-PR"
201368;2019-04-05;"sexta-feira";"19:00:00";"SC";101;44,8;"JOINVILLE";"Falta de Atenção do Pedestre";"Atropelamento de Pedestre";"Com Vítimas Fatais";"Plena Noite";"Crescente";"Nublado";"Dupla";"Reta";"Sim";3;1;0;0;1;1;0;2;-26,31238996;-48,87458997;"SPRF-SC";"DEL03-SC";"UOP01-DEL03-SC"
201369;2019-04-05;"sexta-feira";"18:55:00";"PR";369;166;"CAMBE";"Falta de Atenção à Condução";"Colisão lateral";"Com Vítimas Feridas";"Plena Noite";"Crescente";"Céu Claro";"Dupla";"Reta";"Sim";2;0;1;0;1;0;1;2;-23,295163;-51,298838;"SPRF-PR";"DEL07-PR";"UOP01-DEL07-PR"
201370;2019-04-05;"sexta-feira";"15:30:00";"SC";280;101;"SAO BENTO DO SUL";"Velocidade Incompatível";"Saída de leito carroçável";"Sem Vítimas";"Pleno dia";"Decrescente";"Nublado";"Simples";"Curva";"Não";1;0;0;0;1;0;0;1;-26,359958;-49,34619784;"SPRF-SC";"DEL06-SC";"UOP03-DEL06-SC"
201371;2019-04-05;"sexta-feira";"18:30:00";"TO";153;147;"ARAGUAINA";"Desobediência às normas de trânsito pelo condutor";"Colisão transversal";"Com Vítimas Feridas";"Plena Noite";"Decrescente";"Nublado";"Dupla";"Declive";"Sim";4;0;2;0;2;0;2;2;-7,22175693;-48,24826214;"SPRF-TO";"DEL02-TO";"UOP01-DEL02-TO"
201373;2019-04-05;"sexta-feira";"18:00:00";"PB";230;5,3;"CABEDELO";"Velocidade Incompatível";"Colisão com objeto estático";"Com Vítimas Feridas";"Plena Noite";"Decrescente";"Céu Claro";"Dupla";"Desvio Temporário";"Sim";1;0;1;0;0;0;1;1;-7,01;-34,8312;"SPRF-PB";"DEL01-PB";"UOP01-DEL01-PB"
201374;2019-04-05;"sexta-feira";"18:30:00";"SP";381;53;"MAIRIPORA";"Falta de Atenção à Condução";"Colisão traseira";"Com Vítimas Feridas";"Plena Noite";"Decrescente";"Céu Claro";"Dupla";"Reta";"Não";2;0;1;0;1;0;1;2;-23,23727986;-46,59981085;"SPRF-SP";"DEL03-SP";"UOP01-DEL03-SP"
201375;2019-04-05;"sexta-feira";"18:45:00";"MG";381;486;"BETIM";"Desobediência às normas de trânsito pelo condutor";"Colisão lateral";"Com Vítimas Feridas";"Plena Noite";"Crescente";"Nublado";"Múltipla";"Reta";"Sim";3;0;1;0;2;0;1;3;-19,95591343;-44,10778999;"SPRF-MG";"DEL01-MG";"UOP03-DEL01-MG"
201377;2019-04-05;"sexta-feira";"08:30:00";"MG";116;518,5;"UBAPORANGA";"Avarias e/ou desgaste excessivo no pneu";"Tombamento";"Com Vítimas Feridas";"Pleno dia";"Decrescente";"Céu Claro";"Simples";"Curva";"Não";1;0;1;0;0;0;1;1;-19,71038379;-42,12370706;"SPRF-MG";"DEL06-MG";"UOP02-DEL06-MG"
201379;2019-04-05;"sexta-feira";"19:15:00";"BA";324;623;"SALVADOR";"Não guardar distância de segurança";"Colisão traseira";"Sem Vítimas";"Plena Noite";"Decrescente";"Céu Claro";"Múltipla";"Aclive";"Sim";2;0;0;0;2;0;0;2;-12,92628699;-38,46838679;"SPRF-BA";"DEL01-BA";"UOP01-DEL01-BA"
201380;2019-04-05;"sexta-feira";"19:15:00";"PR";373;172,4;"PONTA GROSSA";"Falta de Atenção à Condução";"Colisão lateral";"Com Vítimas Feridas";"Pleno dia";"Crescente";"Nublado";"Simples";"Reta";"Sim";2;0;2;0;0;0;2;1;-25,08139932;-50,19200981;"SPRF-PR";"DEL03-PR";"UOP01-DEL03-PR"
201381;2019-04-05;"sexta-feira";"18:40:00";"RJ";40;111,5;"DUQUE DE CAXIAS";"Não guardar distância de segurança";"Colisão traseira";"Com Vítimas Feridas";"Plena Noite";"Decrescente";"Céu Claro";"Múltipla";"Declive";"Sim";2;0;1;0;1;0;1;2;-22,691868;-43,287453;"SPRF-RJ";"DEL01-RJ";"UOP01-DEL01-RJ"
201382;2019-04-05;"sexta-feira";"18:15:00";"TO";226;40;"DARCINOPOLIS";"Defeito Mecânico no Veículo";"Colisão com objeto estático";"Com Vítimas Feridas";"Anoitecer";"Decrescente";"Nublado";"Simples";"Reta;Ponte";"Sim";1;0;0;1;0;0;1;1;-6,713252;-47,757927;"SPRF-TO";"DEL02-TO";"UOP03-DEL02-TO"
201383;2019-04-05;"sexta-feira";"19:00:00";"SC";101;206,8;"SAO JOSE";"Falta de Atenção à Condução";"Colisão lateral";"Com Vítimas Feridas";"Plena Noite";"Crescente";"Nublado";"Múltipla";"Reta";"Sim";2;0;1;0;1;0;1;2;-27,59193546;-48,61824557;"SPRF-SC";"DEL01-SC";"UOP01-DEL01-SC"
201384;2019-04-05;"sexta-feira";"16:20:00";"AL";104;37,5;"UNIAO DOS PALMARES";"Ultrapassagem Indevida";"Colisão frontal";"Com Vítimas Feridas";"Pleno dia";"Crescente";"Céu Claro";"Simples";"Reta";"Não";2;0;1;0;1;0;1;2;-9,176562;-36,031136;"SPRF-AL";"DEL01-AL";"UOP02-DEL01-AL"
201387;2019-04-05;"sexta-feira";"19:40:00";"RS";158;316,7;"ITAARA";"Restrição de Visibilidade";"Colisão frontal";"Com Vítimas Feridas";"Plena Noite";"Crescente";"Nublado";"Dupla";"Curva;Aclive";"Não";3;0;2;1;0;0;3;2;-29,65546295;-53,77357006;"SPRF-RS";"DEL09-RS";"UOP01-DEL09-RS"
201390;2019-04-05;"sexta-feira";"18:20:00";"MG";262;472;"BOM DESPACHO";"Não guardar distância de segurança";"Colisão traseira";"Sem Vítimas";"Plena Noite";"Decrescente";"Céu Claro";"Simples";"Reta";"Não";2;0;0;0;2;0;0;2;-19,78651123;-45,17550886;"SPRF-MG";"DEL08-MG";"UOP03-DEL08-MG"
201391;2019-04-05;"sexta-feira";"17:48:00";"BA";407;208;"CAPIM GROSSO";"Desobediência às normas de trânsito pelo condutor";"Colisão transversal";"Com Vítimas Feridas";"Anoitecer";"Decrescente";"Nublado";"Simples";"Aclive";"Não";2;0;1;0;1;0;1;2;-11,17364897;-40,04985591;"SPRF-BA";"DEL04-BA";"UOP02-DEL04-BA"
201392;2019-02-08;"sexta-feira";"10:25:00";"BA";324;579;"CANDEIAS";"Defeito Mecânico no Veículo";"Saída de leito carroçável";"Com Vítimas Feridas";"Pleno dia";"Decrescente";"Céu Claro";"Dupla";"Reta";"Não";3;0;3;0;0;0;3;1;-12,59535924;-38,51452815;"SPRF-BA";"DEL01-BA";"UOP01-DEL01-BA"
201393;2019-04-05;"sexta-feira";"20:10:00";"GO";80;96,7;"VILA PROPICIO";"Animais na Pista";"Atropelamento de Animal";"Com Vítimas Feridas";"Plena Noite";"Decrescente";"Céu Claro";"Simples";"Reta";"Não";4;0;3;0;1;0;3;1;-15,206247;-48,719726;"SPRF-GO";"DEL07-GO";"UOP02-DEL07-GO"
201394;2019-04-05;"sexta-feira";"19:45:00";"RJ";40;20;"TRES RIOS";"Falta de Atenção do Pedestre";"Atropelamento de Pedestre";"Com Vítimas Feridas";"Plena Noite";"Decrescente";"Céu Claro";"Dupla";"Curva";"Não";4;0;1;0;3;0;1;2;-22,10818608;-43,16514404;"SPRF-RJ";"DEL06-RJ";"UOP02-DEL05-RJ"
201395;2019-04-05;"sexta-feira";"19:30:00";"GO";40;66;"CRISTALINA";"Ultrapassagem Indevida";"Colisão frontal";"Com Vítimas Fatais";"Plena Noite";"Crescente";"Chuva";"Simples";"Reta";"Não";2;1;1;0;0;0;1;2;-16,57274;-47,788483;"SPRF-DF";"DEL01-DF";"UOP02-DEL01-DF"
201396;2019-04-05;"sexta-feira";"13:55:00";"GO";153;310,2;"RIALMA";"Pista Escorregadia";"Saída de leito carroçável";"Com Vítimas Feridas";"Pleno dia";"Crescente";"Chuva";"Simples";"Reta";"Não";3;0;2;0;1;0;2;1;-15,366833;-49,560471;"SPRF-GO";"DEL02-GO";"UOP02-DEL02-GO"
201397;2019-04-05;"sexta-feira";"20:00:00";"GO";60;123,2;"TEREZOPOLIS DE GOIAS";"Condutor Dormindo";"Saída de leito carroçável";"Com Vítimas Feridas";"Plena Noite";"Crescente";"Céu Claro";"Dupla";"Reta;Aclive";"Não";2;0;2;0;0;0;2;1;-16,5184;-49,1242;"SPRF-GO";"DEL01-GO";"UOP01-DEL01-GO"
201398;2019-04-05;"sexta-feira";"20:25:00";"SC";101;204;"SAO JOSE";"Falta de Atenção à Condução";"Queda de ocupante de veículo";"Com Vítimas Feridas";"Plena Noite";"Decrescente";"Chuva";"Dupla";"Reta";"Sim";1;0;1;0;0;0;1;1;-27,57413014;-48,61363083;"SPRF-SC";"DEL01-SC";"UOP01-DEL01-SC"
201401;2019-04-05;"sexta-feira";"19:36:00";"RR";174;502;"BOA VISTA";"Desobediência às normas de trânsito pelo condutor";"Colisão lateral";"Com Vítimas Feridas";"Plena Noite";"Decrescente";"Céu Claro";"Dupla";"Interseção de Vias";"Sim";5;0;2;0;1;2;2;3;2,80184738;-60,69434255;"SPRF-RR";"DEL01-RR";"UOP01-DEL01-RR"
201404;2019-04-05;"sexta-feira";"21:00:00";"MG";40;698;"BARBACENA";"Falta de Atenção à Condução";"Colisão traseira";"Com Vítimas Feridas";"Plena Noite";"Crescente";"Céu Claro";"Simples";"Reta";"Não";3;0;1;0;1;1;1;3;-21,18873334;-43,75187159;"SPRF-MG";"DEL05-MG";"UOP02-DEL05-MG"
201405;2019-04-05;"sexta-feira";"20:35:00";"ES";101;259,9;"SERRA";"Falta de Atenção à Condução";"Queda de ocupante de veículo";"Com Vítimas Feridas";"Plena Noite";"Decrescente";"Céu Claro";"Dupla";"Reta";"Sim";2;0;2;0;0;0;2;1;-20,138397;-40,292213;"SPRF-ES";"DEL02-ES";"UOP01-DEL02-ES"
201407;2019-04-05;"sexta-feira";"20:00:00";"MT";163;836,1;"SINOP";"Falta de Atenção à Condução";"Colisão transversal";"Com Vítimas Feridas";"Plena Noite";"Decrescente";"Céu Claro";"Dupla";"Reta";"Não";2;0;1;0;1;0;1;2;-11,977922;-55,517017;"SPRF-MT";"DEL06-MT";"UOP02-DEL06-MT"
201408;2019-04-05;"sexta-feira";"21:15:00";"SP";381;36;"ATIBAIA";"Velocidade Incompatível";"Tombamento";"Com Vítimas Feridas";"Plena Noite";"Crescente";"Céu Claro";"Dupla";"Curva";"Sim";1;0;1;0;0;0;1;1;-23,09707232;-46,57180706;"SPRF-SP";"DEL03-SP";"UOP02-DEL03-SP"
201410;2019-04-05;"sexta-feira";"21:40:00";"PR";277;536,2;"IBEMA";"Desobediência às normas de trânsito pelo condutor";"Colisão lateral";"Com Vítimas Feridas";"Plena Noite";"Crescente";"Nublado";"Simples";"Curva";"Sim";2;0;0;1;1;0;1;2;-25,11582625;-53,01040869;"SPRF-PR";"DEL04-PR";"UOP04-DEL04-PR"
201411;2019-04-05;"sexta-feira";"20:50:00";"RJ";101;310;"SAO GONCALO";"Não guardar distância de segurança";"Queda de ocupante de veículo";"Com Vítimas Feridas";"Plena Noite";"Decrescente";"Céu Claro";"Dupla";"Reta";"Sim";1;0;1;0;0;0;1;1;-22,79717023;-43,04404993;"SPRF-RJ";"DEL02-RJ";"DEL5/2-UOP04/RJ"
201412;2019-04-05;"sexta-feira";"20:30:00";"BA";324;621;"SALVADOR";"Velocidade Incompatível";"Saída de leito carroçável";"Com Vítimas Feridas";"Plena Noite";"Crescente";"Céu Claro";"Dupla";"Declive";"Sim";2;0;1;0;0;1;1;1;-12,91233708;-38,45956983;"SPRF-BA";"DEL01-BA";"UOP01-DEL01-BA"
201413;2019-04-05;"sexta-feira";"20:40:00";"RS";116;26,8;"CANOAS";"Desobediência às normas de trânsito pelo condutor";"Colisão transversal";"Com Vítimas Feridas";"Plena Noite";"Decrescente";"Céu Claro";"Dupla";"Reta";"Sim";3;0;1;0;1;1;1;3;-29,95841615;-51,17602414;"SPRF-RS";"DEL05-RS";"UOP03-DEL05-RS"
201414;2019-04-05;"sexta-feira";"22:45:00";"GO";153;498;"GOIANIA";"Ingestão de Álcool";"Capotamento";"Com Vítimas Feridas";"Plena Noite";"Decrescente";"Céu Claro";"Dupla";"Reta";"Sim";3;0;2;0;1;0;2;2;-16,6939;-49,2321;"SPRF-GO";"DEL01-GO";"UOP01-DEL01-GO"
201416;2019-04-05;"sexta-feira";"22:54:00";"AL";316;147,4;"PALMEIRA DOS INDIOS";"Animais na Pista";"Atropelamento de Animal";"Com Vítimas Feridas";"Plena Noite";"Crescente";"Céu Claro";"Simples";"Reta";"Não";1;0;1;0;0;0;1;1;-9,40239145;-36,69602965;"SPRF-AL";"DEL03-AL";"UOP01-DEL03-AL"
201419;2019-04-05;"sexta-feira";"22:30:00";"SP";153;61,9;"SAO JOSE DO RIO PRETO";"Defeito Mecânico no Veículo";"Tombamento";"Com Vítimas Feridas";"Plena Noite";"Decrescente";"Chuva";"Dupla";"Interseção de Vias";"Sim";1;0;1;0;0;0;1;1;-20,80502876;-49,35574909;"SPRF-SP";"DEL09-SP";"UOP01-DEL09-SP"
201421;2019-04-05;"sexta-feira";"22:00:00";"RS";386;427,5;"NOVA SANTA RITA";"Falta de Atenção do Pedestre";"Atropelamento de Pedestre";"Com Vítimas Feridas";"Plena Noite";"Crescente";"Chuva";"Simples";"Reta";"Sim";2;0;1;0;1;0;1;2;-29,821869;-51,352226;"SPRF-RS";"DEL04-RS";"UOP02-DEL04-RS"
201422;2019-04-05;"sexta-feira";"23:15:00";"SC";470;36,2;"GASPAR";"Pista Escorregadia";"Capotamento";"Sem Vítimas";"Plena Noite";"Decrescente";"Garoa/Chuvisco";"Simples";"Em Obras;Reta";"Sim";1;0;0;0;0;1;0;1;-26,91412501;-48,9715147;"SPRF-SC";"DEL04-SC";"UOP01-DEL04-SC"
201423;2019-04-05;"sexta-feira";"23:15:00";"ES";101;137;"LINHARES";"Falta de Atenção à Condução";"Queda de ocupante de veículo";"Com Vítimas Feridas";"Plena Noite";"Crescente";"Céu Claro";"Simples";"Reta";"Sim";1;0;1;0;0;0;1;1;-19,29308199;-40,08591691;"SPRF-ES";"DEL04-ES";"UOP01-DEL04-ES"
201424;2019-04-05;"sexta-feira";"22:15:00";"MT";163;1042;"MATUPA";"Ingestão de Álcool";"Colisão transversal";"Sem Vítimas";"Plena Noite";"Decrescente";"Nublado";"Simples";"Reta";"Não";7;0;0;0;7;0;0;2;-10,14751372;-54,92972201;"SPRF-MT";"DEL06-MT";"UOP02-DEL06-MT"
201425;2019-04-05;"sexta-feira";"23:00:00";"SP";116;213;"GUARULHOS";"Falta de Atenção à Condução";"Colisão com objeto estático";"Sem Vítimas";"Plena Noite";"Crescente";"Céu Claro";"Múltipla";"Reta";"Sim";1;0;0;0;0;1;0;1;-23,44136189;-46,44125283;"SPRF-SP";"DEL01-SP";"UOP01-DEL01-SP"
201426;2019-04-05;"sexta-feira";"21:10:00";"PR";277;588,3;"CASCAVEL";"Ingestão de Álcool";"Saída de leito carroçável";"Sem Vítimas";"Plena Noite";"Decrescente";"Garoa/Chuvisco";"Simples";"Reta";"Não";1;0;0;0;1;0;0;1;-24,97369293;-53,43816604;"SPRF-PR";"DEL04-PR";"UOP01-DEL04-PR"
201427;2019-04-05;"sexta-feira";"23:45:00";"SC";101;146;"ITAPEMA";"Falta de Atenção à Condução";"Colisão frontal";"Com Vítimas Feridas";"Plena Noite";"Crescente";"Chuva";"Dupla";"Túnel";"Sim";2;0;1;0;0;1;1;2;-27,08666525;-48,60955587;"SPRF-SC";"DEL04-SC";"UOP03-DEL04-SC"
201428;2019-04-05;"sexta-feira";"23:10:00";"PR";469;14,9;"FOZ DO IGUACU";"Desobediência às normas de trânsito pelo condutor";"Colisão frontal";"Com Vítimas Feridas";"Plena Noite";"Decrescente";"Nublado";"Simples";"Reta;Retorno Regulamentado";"Sim";2;0;1;0;0;1;1;2;-25,5781;-54,5411;"SPRF-PR";"DEL05-PR";"UOP04-DEL05-PR"
201430;2019-04-05;"sexta-feira";"11:00:00";"ES";101;268,1;"SERRA";"Animais na Pista";"Atropelamento de Animal";"Com Vítimas Feridas";"Pleno dia";"Decrescente";"Céu Claro";"Múltipla";"Reta";"Sim";1;0;1;0;0;0;1;1;-20,20842;-40,269405;"SPRF-ES";"DEL02-ES";"UOP01-DEL02-ES"
201431;2019-04-05;"sexta-feira";"23:20:00";"DF";80;22;"BRASILIA";"Ingestão de Álcool";"Colisão frontal";"Com Vítimas Feridas";"Plena Noite";"Crescente";"Ignorado";"Simples";"Reta";"Não";6;0;4;1;1;0;5;2;-15,647892;-48,201756;"SPRF-DF";"DEL01-DF";"UOP02-DEL03-DF"
201433;2019-04-05;"sexta-feira";"22:10:00";"MS";463;3,5;"DOURADOS";"Falta de Atenção à Condução";"Queda de ocupante de veículo";"Com Vítimas Feridas";"Plena Noite";"Crescente";"Chuva";"Simples";"Aclive";"Sim";1;0;1;0;0;0;1;1;-22,25924224;-54,833011;"SPRF-MS";"DEL04-MS";"UOP01-DEL04-MS"
201435;2019-04-05;"sexta-feira";"17:36:00";"MT";364;557;"NOBRES";"Pista Escorregadia";"Saída de leito carroçável";"Com Vítimas Feridas";"Plena Noite";"Crescente";"Chuva";"Dupla";"Reta";"Não";2;0;1;0;1;0;1;1;-14,75783072;-56,34099528;"SPRF-MT";"DEL01-MT";"UOP01-DEL01-MT"
201438;2019-04-05;"sexta-feira";"23:55:00";"PA";155;343;"MARABA";"Falta de Atenção do Pedestre";"Atropelamento de Pedestre";"Com Vítimas Feridas";"Plena Noite";"Crescente";"Céu Claro";"Simples";"Reta";"Sim";2;0;1;1;0;0;2;2;-5,36957395;-49,07796968;"SPRF-PA";"DEL03-PA";"UOP01-DEL03-PA"
201439;2019-04-05;"sexta-feira";"23:40:00";"RJ";116;186,4;"NOVA IGUACU";"Falta de Atenção do Pedestre";"Atropelamento de Pedestre";"Com Vítimas Fatais";"Plena Noite";"Crescente";"Céu Claro";"Dupla";"Reta";"Não";2;1;0;0;1;0;0;2;-22,73962339;-43,46276495;"SPRF-RJ";"DEL01-RJ";"UOP03-DEL01-RJ"
201441;2019-04-06;"sábado";"01:00:00";"MG";262;367;"JUATUBA";"Defeito Mecânico no Veículo";"Tombamento";"Com Vítimas Feridas";"Plena Noite";"Decrescente";"Céu Claro";"Dupla";"Reta";"Não";2;0;1;0;1;0;1;1;-19,97391261;-44,27096197;"SPRF-MG";"DEL01-MG";"UOP03-DEL01-MG"
201443;2019-04-06;"sábado";"00:40:00";"SP";116;216;"GUARULHOS";"Defeito Mecânico no Veículo";"Incêndio";"Com Vítimas Feridas";"Plena Noite";"Decrescente";"Céu Claro";"Múltipla";"Reta";"Sim";1;0;1;0;0;0;1;1;-23,45056589;-46,46258105;"SPRF-SP";"DEL01-SP";"UOP01-DEL01-SP"
201445;2019-04-06;"sábado";"01:30:00";"SP";116;216;"GUARULHOS";"Ingestão de Álcool";"Colisão traseira";"Com Vítimas Feridas";"Plena Noite";"Decrescente";"Céu Claro";"Múltipla";"Reta";"Sim";3;0;2;0;1;0;2;2;-23,45056589;-46,46258105;"SPRF-SP";"DEL01-SP";"UOP01-DEL01-SP"
201446;2019-04-06;"sábado";"01:40:00";"SC";101;212,1;"PALHOCA";"Falta de Atenção à Condução";"Colisão lateral";"Com Vítimas Feridas";"Plena Noite";"Crescente";"Nublado";"Múltipla";"Reta";"Sim";2;0;1;0;1;0;1;2;-27,62996929;-48,65903871;"SPRF-SC";"DEL01-SC";"UOP02-DEL01-SC"
201449;2019-04-06;"sábado";"01:20:00";"RJ";101;60;"CAMPOS DOS GOYTACAZES";"Desobediência às normas de trânsito pelo condutor";"Colisão transversal";"Com Vítimas Feridas";"Plena Noite";"Decrescente";"Céu Claro";"Dupla";"Interseção de Vias";"Sim";2;0;1;0;0;1;1;2;-21,72048414;-41,31448591;"SPRF-RJ";"DEL08-RJ";"UOP01-DEL08-RJ"
201450;2019-04-06;"sábado";"02:20:00";"PR";369;197;"APUCARANA";"Ingestão de Álcool";"Colisão traseira";"Com Vítimas Feridas";"Plena Noite";"Crescente";"Céu Claro";"Dupla";"Reta";"Não";3;0;0;2;1;0;2;2;-23,51141335;-51,42673016;"SPRF-PR";"DEL07-PR";"UOP03-DEL07-PR"
201451;2019-04-06;"sábado";"01:00:00";"BA";135;202;"SAO DESIDERIO";"Condutor Dormindo";"Saída de leito carroçável";"Sem Vítimas";"Plena Noite";"Crescente";"Nublado";"Simples";"Curva";"Não";1;0;0;0;0;1;0;1;-12,339184;-44,999969;"SPRF-BA";"DEL10-BA";"UOP01-DEL10-BA"
201452;2019-04-06;"sábado";"02:20:00";"SC";280;26,3;"ARAQUARI";"Falta de Atenção à Condução";"Saída de leito carroçável";"Com Vítimas Feridas";"Plena Noite";"Crescente";"Garoa/Chuvisco";"Simples";"Curva";"Não";1;0;1;0;0;0;1;1;-26,38972308;-48,73411593;"SPRF-SC";"DEL03-SC";"UOP03-DEL03-SC"
201453;2019-04-06;"sábado";"02:20:00";"GO";40;2,9;"VALPARAISO DE GOIAS";"Velocidade Incompatível";"Colisão traseira";"Com Vítimas Feridas";"Plena Noite";"Crescente";"Garoa/Chuvisco";"Dupla";"Reta";"Sim";4;0;1;1;0;2;2;3;-16,067129;-47,984235;"SPRF-DF";"DEL01-DF";"UOP01-DEL01-DF"
201454;2019-04-04;"quinta-feira";"23:00:00";"GO";60;163;"GOIANIA";"Velocidade Incompatível";"Saída de leito carroçável";"Sem Vítimas";"Plena Noite";"Crescente";"Ignorado";"Dupla";"Reta";"Não";1;0;0;0;0;1;0;1;-16,7002;-49,3335;"SPRF-GO";"DEL01-GO";"UOP02-DEL01-GO"