"id";"data_inversa";"dia_semana";"horario";"uf";"br";"km";"municipio";"causa_acidente";"tipo_acidente";"classificacao_acidente";"fase_dia";"sentido_via";"condicao_metereologica";"tipo_pista";"tracado_via";"uso_solo";"pessoas";"mortos";"feridos_leves";"feridos_graves";"ilesos";"ignorados";"feridos";"veiculos";"latitude";"longitude";"regional";"delegacia";"uop"
201574;2019-04-06;"sábado";"11:50:00";"RJ";393;220,9;"VASSOURAS";"Velocidade Incompatível";"Saída de leito carroçável";"Com Vítimas Feridas";"Pleno dia";"Decrescente";"Sol";"Simples";"Curva";"Não";1;0;0;1;0;0;1;1;-22,31476053;-43,52216514;"SPRF-RJ";"DEL05-RJ";"UOP03-DEL05-RJ"
201575;2019-04-06;"sábado";"14:20:00";"MA";316;261;"SANTA INES";"Falta de Atenção à Condução";"Colisão traseira";"Sem Vítimas";"Pleno dia";"Crescente";"Céu Claro";"Dupla";"Reta";"Sim";2;0;0;0;1;1;0;2;-3,66456152;-45,38314819;"SPRF-MA";"DEL02-MA";"UI04-DEL02-MA"
201577;2019-04-06;"sábado";"12:20:00";"RJ";101;506;"ANGRA DOS REIS";"Falta de Atenção à Condução";"Colisão traseira";"Sem Vítimas";"Pleno dia";"Decrescente";"Céu Claro";"Simples";"Reta";"Sim";4;0;0;0;4;0;0;4;-22,93493041;-44,40487313;"SPRF-RJ";"DEL03-RJ";"UOP02-DEL03-RJ"
201578;2019-04-06;"sábado";"13:45:00";"MT";163;835,5;"SINOP";"Pista Escorregadia";"Queda de ocupante de veículo";"Com Vítimas Feridas";"Pleno dia";"Crescente";"Chuva";"Dupla";"Reta";"Sim";1;0;1;0;0;0;1;1;-11,986895;-55,517033;"SPRF-MT";"DEL06-MT";"UOP01-DEL06-MT"
201580;2019-04-06;"sábado";"14:59:00";"MG";381;497;"BETIM";"Falta de Atenção à Condução";"Colisão traseira";"Sem Vítimas";"Pleno dia";"Crescente";"Céu Claro";"Múltipla";"Reta";"Sim";2;0;0;0;2;0;0;2;-20,00483625;-44,21367172;"SPRF-MG";"DEL01-MG";"UOP03-DEL01-MG"
201582;2019-04-06;"sábado";"12:50:00";"PB";230;35;"SANTA RITA";"Velocidade Incompatível";"Colisão lateral";"Sem Vítimas";"Pleno dia";"Decrescente";"Céu Claro";"Dupla";"Curva";"Sim";2;0;0;0;2;0;0;2;-7,1268;-34,9412;"SPRF-PB";"DEL01-PB";"UOP04-DEL01-PB"
201583;2019-04-02;"terça-feira";"09:30:00";"PR";272;534;"FRANCISCO ALVES";"Desobediência às normas de trânsito pelo condutor";"Colisão com objeto estático";"Sem Vítimas";"Amanhecer";"Decrescente";"Ignorado";"Simples";"Reta";"Não";1;0;0;0;0;1;0;1;-24,06822204;-53,90911899;"SPRF-PR";"DEL06-PR";"UAP01-DEL06-PR"
201585;2019-04-06;"sábado";"12:10:00";"SC";282;111;"ALFREDO WAGNER";"Velocidade Incompatível";"Saída de leito carroçável";"Com Vítimas Feridas";"Pleno dia";"Crescente";"Chuva";"Simples";"Aclive";"Não";2;0;1;0;0;1;1;2;-27,733616;-49,367538;"SPRF-SC";"DEL01-SC";"UOP03-DEL01-SC"
201587;2019-04-06;"sábado";"16:20:00";"GO";153;512;"APARECIDA DE GOIANIA";"Defeito Mecânico no Veículo";"Queda de ocupante de veículo";"Com Vítimas Feridas";"Pleno dia";"Crescente";"Céu Claro";"Dupla";"Reta";"Sim";1;0;0;1;0;0;1;1;-16,8156;-49,2402;"SPRF-GO";"DEL01-GO";"UOP03-DEL01-GO"
201589;2019-04-06;"sábado";"16:10:00";"PR";116;65;"CAMPINA GRANDE DO SUL";"Pista Escorregadia";"Saída de leito carroçável";"Com Vítimas Feridas";"Pleno dia";"Crescente";"Garoa/Chuvisco";"Múltipla";"Curva";"Não";1;0;1;0;0;0;1;1;-25,31031746;-49,00207969;"SPRF-PR";"DEL01-PR";"UOP02-DEL01-PR"
201590;2019-04-06;"sábado";"14:50:00";"BA";242;419;"SEABRA";"Ingestão de Álcool";"Saída de leito carroçável";"Com Vítimas Feridas";"Pleno dia";"Decrescente";"Céu Claro";"Simples";"Reta";"Não";1;0;0;1;0;0;1;1;-12,43338196;-41,81551801;"SPRF-BA";"DEL06-BA";"UOP01-DEL06-BA"
201593;2019-04-06;"sábado";"15:20:00";"GO";60;465;"JATAI";"Falta de Atenção à Condução";"Saída de leito carroçável";"Com Vítimas Feridas";"Pleno dia";"Decrescente";"Céu Claro";"Dupla";"Reta";"Não";1;0;1;0;0;0;1;1;-17,8893;-51,6555;"SPRF-GO";"DEL05-GO";"UOP01-DEL05-GO"
201594;2019-04-06;"sábado";"16:30:00";"ES";262;37,3;"DOMINGOS MARTINS";"Falta de Atenção à Condução";"Colisão transversal";"Com Vítimas Fatais";"Pleno dia";"Crescente";"Céu Claro";"Simples";"Interseção de Vias";"Sim";3;2;0;0;1;0;0;2;-20,38123482;-40,61933225;"SPRF-ES";"DEL01-ES";"UOP01-DEL01-ES"
201596;2019-04-06;"sábado";"16:10:00";"SE";101;26,3;"MURIBECA";"Falta de Atenção à Condução";"Colisão traseira";"Com Vítimas Feridas";"Pleno dia";"Decrescente";"Céu Claro";"Simples";"Reta";"Não";4;0;4;0;0;0;4;2;-10,41385308;-36,92027362;"SPRF-SE";"DEL02-SE";"UOP02-DEL02-SE"
201597;2019-04-06;"sábado";"16:55:00";"GO";153;521;"HIDROLANDIA";"Ingestão de álcool e/ou substâncias psicoativas pelo pedestre";"Atropelamento de Pedestre";"Com Vítimas Fatais";"Pleno dia";"Decrescente";"Nublado";"Dupla";"Reta";"Não";3;1;2;0;0;0;2;2;-16,8937;-49,2557;"SPRF-GO";"DEL01-GO";"UOP03-DEL01-GO"
201598;2019-04-06;"sábado";"15:00:00";"MG";40;622;"CONSELHEIRO LAFAIETE";"Não guardar distância de segurança";"Colisão lateral";"Com Vítimas Feridas";"Pleno dia";"Crescente";"Céu Claro";"Simples";"Reta";"Sim";5;0;2;0;3;0;2;3;-20,593914;-43,80411985;"SPRF-MG";"DEL05-MG";"UOP02-DEL05-MG"
201599;2019-04-06;"sábado";"17:00:00";"SC";101;206;"SAO JOSE";"Desobediência às normas de trânsito pelo condutor";"Colisão transversal";"Com Vítimas Feridas";"Pleno dia";"Crescente";"Chuva";"Múltipla";"Viaduto";"Sim";3;0;1;0;2;0;1;2;-27,59193546;-48,61824557;"SPRF-SC";"DEL01-SC";"UOP01-DEL01-SC"
201600;2019-04-06;"sábado";"16:40:00";"PB";230;11,2;"CABEDELO";"Velocidade Incompatível";"Colisão traseira";"Sem Vítimas";"Pleno dia";"Decrescente";"Céu Claro";"Múltipla";"Retorno Regulamentado";"Sim";2;0;0;0;2;0;0;2;-7,0596;-34,8506;"SPRF-PB";"DEL01-PB";"UOP01-DEL01-PB"
201601;2019-04-06;"sábado";"15:50:00";"SC";282;387;"JOACABA";"Pista Escorregadia";"Colisão transversal";"Com Vítimas Feridas";"Pleno dia";"Crescente";"Chuva";"Simples";"Curva";"Sim";2;0;1;0;1;0;1;2;-27,178274;-51,524025;"SPRF-SC";"DEL07-SC";"UOP05-DEL07-SC"
201602;2019-04-06;"sábado";"17:15:00";"PE";101;81,8;"JABOATAO DOS GUARARAPES";"Ingestão de Álcool";"Colisão lateral";"Sem Vítimas";"Pleno dia";"Crescente";"Céu Claro";"Dupla";"Reta;Declive";"Sim";2;0;0;0;2;0;0;2;-8,15401701;-34,94231701;"SPRF-PE";"DEL01-PE";"UOP03-DEL01-PE"
201603;2019-04-06;"sábado";"17:20:00";"PR";476;157,8;"ARAUCARIA";"Falta de Atenção à Condução";"Colisão transversal";"Com Vítimas Feridas";"Anoitecer";"Crescente";"Nublado";"Simples";"Rotatória";"Não";2;0;1;0;1;0;1;2;-25,60639;-49,421112;"SPRF-PR";"DEL01-PR";"UOP03-DEL01-PR"
201604;2019-04-06;"sábado";"13:30:00";"MG";262;160,3;"SAO DOMINGOS DO PRATA";"Velocidade Incompatível";"Queda de ocupante de veículo";"Com Vítimas Feridas";"Pleno dia";"Decrescente";"Céu Claro";"Simples";"Curva";"Não";2;0;1;0;1;0;1;1;-19,96282686;-42,83491942;"SPRF-MG";"DEL03-MG";"UOP03-DEL03-MG"
201605;2019-04-06;"sábado";"16:00:00";"RJ";116;177;"NOVA IGUACU";"Defeito Mecânico no Veículo";"Incêndio";"Sem Vítimas";"Pleno dia";"Crescente";"Nublado";"Dupla";"Reta";"Sim";1;0;0;0;0;1;0;1;-22,78055198;-43,39208599;"SPRF-RJ";"DEL01-RJ";"UOP02-DEL01-RJ"
201606;2019-04-06;"sábado";"17:00:00";"ES";101;147;"LINHARES";"Falta de Atenção à Condução";"Colisão traseira";"Com Vítimas Feridas";"Pleno dia";"Decrescente";"Céu Claro";"Dupla";"Reta";"Sim";2;0;1;0;0;1;1;2;-19,37887202;-40,06657892;"SPRF-ES";"DEL04-ES";"UOP01-DEL04-ES"
201607;2019-04-06;"sábado";"16:50:00";"SP";153;0,5;"ICEM";"Falta de Atenção à Condução";"Saída de leito carroçável";"Sem Vítimas";"Pleno dia";"Decrescente";"Nublado";"Simples";"Declive";"Não";2;0;0;0;0;2;0;2;-20,30661;-49,207664;"SPRF-SP";"DEL09-SP";"UOP01-DEL09-SP"
201609;2019-04-06;"sábado";"17:40:00";"PA";230;120;"MARABA";"Velocidade Incompatível";"Colisão transversal";"Com Vítimas Feridas";"Anoitecer";"Decrescente";"Céu Claro";"Simples";"Declive";"Não";3;0;2;0;1;0;2;3;-5,36736512;-49,05584335;"SPRF-PA";"DEL03-PA";"UOP01-DEL03-PA"
201610;2019-04-06;"sábado";"17:15:00";"MG";50;29,7;"ARAGUARI";"Falta de Atenção à Condução";"Colisão com objeto estático";"Com Vítimas Feridas";"Anoitecer";"Decrescente";"Vento";"Dupla";"Curva";"Não";5;0;5;0;0;0;5;1;-18,62034416;-48,11087208;"SPRF-MG";"DEL15-MG";"UOP02-DEL15-MG"
201611;2019-04-06;"sábado";"18:10:00";"PE";423;95;"GARANHUNS";"Ingestão de Álcool";"Colisão frontal";"Com Vítimas Feridas";"Plena Noite";"Decrescente";"Céu Claro";"Simples";"Curva";"Sim";3;0;2;0;1;0;2;2;-8,87891989;-36,47796305;"SPRF-PE";"DEL03-PE";"UOP01-DEL03-PE"
201614;2019-04-06;"sábado";"18:55:00";"ES";262;58,4;"MARECHAL FLORIANO";"Desobediência às normas de trânsito pelo condutor";"Colisão transversal";"Com Vítimas Feridas";"Plena Noite";"Decrescente";"Céu Claro";"Simples";"Interseção de Vias;Retorno Regulamentado;Curva";"Não";4;0;0;3;0;1;3;2;-20,42282691;-40,77440138;"SPRF-ES";"DEL01-ES";"UOP01-DEL01-ES"
201615;2019-04-06;"sábado";"17:15:00";"AL";316;140,2;"ESTRELA DE ALAGOAS";"Ingestão de Álcool";"Colisão traseira";"Com Vítimas Feridas";"Anoitecer";"Decrescente";"Céu Claro";"Simples";"Reta";"Sim";2;0;1;0;1;0;1;2;-9,39046832;-36,75850007;"SPRF-AL";"DEL03-AL";"UOP01-DEL03-AL"
201616;2019-04-06;"sábado";"18:20:00";"PA";163;1004;"SANTAREM";"Falta de Atenção à Condução";"Colisão transversal";"Com Vítimas Feridas";"Anoitecer";"Crescente";"Céu Claro";"Simples";"Reta";"Sim";2;0;1;0;1;0;1;2;-2,43411831;-54,73370617;"SPRF-PA";"DEL05-PA";"UOP01-DEL05-PA"
201617;2019-04-06;"sábado";"15:30:00";"MT";364;443;"VARZEA GRANDE";"Falta de Atenção à Condução";"Saída de leito carroçável";"Com Vítimas Feridas";"Pleno dia";"Decrescente";"Nublado";"Simples";"Curva";"Não";18;0;1;0;17;0;1;1;-15,64035892;-56,20203186;"SPRF-MT";"DEL01-MT";"DEL2/4-UOP02/MT"
201618;2019-04-06;"sábado";"18:50:00";"SP";116;159;"JACAREI";"Defeito Mecânico no Veículo";"Queda de ocupante de veículo";"Com Vítimas Feridas";"Plena Noite";"Decrescente";"Nublado";"Dupla";"Reta";"Sim";2;0;2;0;0;0;2;1;-23,26585409;-45,95983994;"SPRF-SP";"DEL02-SP";"UOP01-DEL02-SP"
201619;2019-04-06;"sábado";"17:45:00";"SP";153;260,7;"MARILIA";"Falta de Atenção à Condução";"Colisão traseira";"Com Vítimas Feridas";"Pleno dia";"Decrescente";"Garoa/Chuvisco";"Simples";"Reta";"Não";2;0;1;0;1;0;1;2;-22,26625203;-49,9236428;"SPRF-SP";"DEL07-SP";"UOP02-DEL07-SP"
201620;2019-04-06;"sábado";"18:40:00";"SP";153;35,8;"NOVA GRANADA";"Falta de Atenção à Condução";"Colisão traseira";"Com Vítimas Feridas";"Plena Noite";"Crescente";"Chuva";"Simples";"Reta";"Não";5;0;2;0;3;0;2;3;-20,58054802;-49,31936791;"SPRF-SP";"DEL09-SP";"UOP01-DEL09-SP"
201621;2019-04-06;"sábado";"17:00:00";"PR";116;118;"CURITIBA";"Pista Escorregadia";"Colisão traseira";"Com Vítimas Feridas";"Pleno dia";"Decrescente";"Chuva";"Dupla";"Declive";"Não";4;0;3;0;1;0;3;2;-25,54657438;-49,29173608;"SPRF-PR";"DEL01-PR";"UOP03-DEL01-PR"
201622;2019-04-06;"sábado";"19:20:00";"CE";20;422;"MARACANAU";"Ingestão de Álcool";"Saída de leito carroçável";"Com Vítimas Feridas";"Plena Noite";"Crescente";"Céu Claro";"Dupla";"Curva";"Não";1;0;1;0;0;0;1;1;-3,76999035;-38,67006282;"SPRF-CE";"DEL01-CE";"UOP02-DEL01-CE"
201623;2019-04-06;"sábado";"14:30:00";"GO";364;210;"JATAI";"Velocidade Incompatível";"Saída de leito carroçável";"Sem Vítimas";"Pleno dia";"Decrescente";"Céu Claro";"Simples";"Curva";"Não";1;0;0;0;0;1;0;1;-17,891758;-51,840656;"SPRF-GO";"DEL05-GO";"UOP01-DEL05-GO"
201624;2019-04-06;"sábado";"19:15:00";"GO";153;440,2;"ANAPOLIS";"Ingestão de Álcool";"Colisão traseira";"Com Vítimas Feridas";"Plena Noite";"Crescente";"Nublado";"Dupla";"Reta";"Sim";3;0;1;2;0;0;3;2;-16,3032936;-48,92516613;"SPRF-GO";"DEL02-GO";"UOP01-DEL02-GO"
201625;2019-04-06;"sábado";"19:20:00";"PR";369;178;"ROLANDIA";"Ingestão de Álcool";"Colisão traseira";"Com Vítimas Feridas";"Plena Noite";"Crescente";"Garoa/Chuvisco";"Dupla";"Reta";"Não";3;0;1;0;2;0;1;2;-23,3569;-51,3948;"SPRF-PR";"DEL07-PR";"UOP01-DEL07-PR"
201626;2019-04-06;"sábado";"19:30:00";"GO";60;137;"GOIANIA";"Falta de Atenção à Condução";"Colisão transversal";"Com Vítimas Feridas";"Plena Noite";"Crescente";"Nublado";"Simples";"Interseção de Vias";"Sim";3;0;2;0;0;1;2;2;-16,603;-49,2023;"SPRF-GO";"DEL01-GO";"UOP01-DEL01-GO"
201627;2019-04-06;"sábado";"19:15:00";"RS";386;45,8;"SEBERI";"Ingestão de Álcool";"Colisão frontal";"Com Vítimas Fatais";"Plena Noite";"Crescente";"Nublado";"Simples";"Curva";"Não";3;1;0;2;0;0;2;2;-27,448933;-53,414272;"SPRF-RS";"DEL08-RS";"UOP02-DEL08-RS"
201628;2019-04-06;"sábado";"18:30:00";"SC";282;393,2;"JOACABA";"Ingestão de Álcool";"Saída de leito carroçável";"Sem Vítimas";"Plena Noite";"Decrescente";"Chuva";"Simples";"Curva";"Não";1;0;0;0;1;0;0;1;-27,160221;-51,573895;"SPRF-SC";"DEL07-SC";"UOP05-DEL07-SC"
201629;2019-04-06;"sábado";"18:15:00";"RJ";393;292,9;"VOLTA REDONDA";"Desobediência às normas de trânsito pelo condutor";"Colisão transversal";"Com Vítimas Feridas";"Anoitecer";"Crescente";"Céu Claro";"Simples";"Reta";"Sim";2;0;1;0;1;0;1;2;-22,5423722;-44,11362832;"SPRF-RJ";"DEL05-RJ";"UOP04-DEL05-RJ"
201631;2019-04-06;"sábado";"19:40:00";"PR";376;8,6;"MARINGA";"Pista Escorregadia";"Capotamento";"Com Vítimas Feridas";"Plena Noite";"Decrescente";"Chuva";"Dupla";"Curva";"Não";1;0;1;0;0;0;1;1;-23,372633;-51,92222;"SPRF-PR";"DEL07-PR";"UOP01-DEL09-PR"
201632;2019-04-06;"sábado";"19:25:00";"ES";101;267,9;"SERRA";"Desobediência às normas de trânsito pelo condutor";"Colisão transversal";"Com Vítimas Feridas";"Plena Noite";"Decrescente";"Céu Claro";"Múltipla";"Reta";"Sim";2;0;1;0;1;0;1;2;-20,19930999;-40,26884609;"SPRF-ES";"DEL02-ES";"UOP01-DEL02-ES"
201633;2019-04-06;"sábado";"16:25:00";"PR";116;117;"CURITIBA";"Não guardar distância de segurança";"Colisão traseira";"Com Vítimas Feridas";"Pleno dia";"Decrescente";"Chuva";"Dupla";"Curva";"Sim";3;0;1;0;2;0;1;2;-25,54988723;-49,28248211;"SPRF-PR";"DEL01-PR";"UOP03-DEL01-PR"
201634;2019-04-06;"sábado";"18:25:00";"MS";163;525,6;"JARAGUARI";"Restrição de Visibilidade";"Colisão traseira";"Sem Vítimas";"Plena Noite";"Crescente";"Céu Claro";"Simples";"Reta";"Não";3;0;0;0;3;0;0;2;-20,11771994;-54,44386163;"SPRF-MS";"DEL01-MS";"UOP02-DEL01-MS"
201635;2019-04-06;"sábado";"18:30:00";"MT";70;284;"PRIMAVERA DO LESTE";"Ingestão de Álcool";"Saída de leito carroçável";"Sem Vítimas";"Plena Noite";"Crescente";"Chuva";"Simples";"Reta";"Não";1;0;0;0;1;0;0;1;-15,57124297;-54,31324402;"SPRF-MT";"DEL05-MT";"UOP01-DEL05-MT"
201637;2019-04-06;"sábado";"20:20:00";"ES";101;358;"ANCHIETA";"Ingestão de Álcool";"Queda de ocupante de veículo";"Com Vítimas Feridas";"Plena Noite";"Crescente";"Céu Claro";"Simples";"Reta";"Não";1;0;1;0;0;0;1;1;-20,691717;-40,704254;"SPRF-ES";"DEL03-ES";"UOP01-DEL03-ES"
201639;2019-04-06;"sábado";"19:50:00";"RS";392;56,9;"RIO GRANDE";"Animais na Pista";"Atropelamento de Animal";"Com Vítimas Feridas";"Plena Noite";"Decrescente";"Garoa/Chuvisco";"Dupla";"Curva";"Não";5;0;1;0;4;0;1;1;-31,8205679;-52,3256513;"SPRF-RS";"DEL07-RS";"UOP02-DEL07-RS"
201640;2019-04-06;"sábado";"19:20:00";"RS";116;531,8;"CAPAO DO LEAO";"Desobediência às normas de trânsito pelo condutor";"Colisão transversal";"Sem Vítimas";"Plena Noite";"Decrescente";"Garoa/Chuvisco";"Simples";"Declive;Reta;Interseção de Vias";"Sim";2;0;0;0;2;0;0;2;-31,76484347;-52,44483238;"SPRF-RS";"DEL07-RS";"UOP01-DEL07-RS"
201641;2019-04-06;"sábado";"18:00:00";"AC";364;135,1;"RIO BRANCO";"Desobediência às normas de trânsito pelo condutor";"Colisão traseira";"Sem Vítimas";"Plena Noite";"Crescente";"Céu Claro";"Dupla";"Reta";"Sim";5;0;0;0;5;0;0;2;-9,98588117;-67,84523538;"SPRF-AC";"DEL01-AC";"UOP01-DEL01-AC"
201642;2019-04-06;"sábado";"18:40:00";"SC";101;415;"ARARANGUA";"Defeito Mecânico no Veículo";"Incêndio";"Sem Vítimas";"Plena Noite";"Crescente";"Chuva";"Dupla";"Curva";"Sim";1;0;0;0;1;0;0;1;-28,96435218;-49,52201128;"SPRF-SC";"DEL02-SC";"UOP02-DEL02-SC"
201646;2019-04-06;"sábado";"19:00:00";"SP";153;51,7;"SAO JOSE DO RIO PRETO";"Desobediência às normas de trânsito pelo condutor";"Colisão transversal";"Com Vítimas Feridas";"Plena Noite";"Decrescente";"Garoa/Chuvisco";"Simples";"Reta";"Não";4;0;2;1;1;0;3;2;-20,71801801;-49,33874223;"SPRF-SP";"DEL09-SP";"UOP01-DEL09-SP"
201647;2019-04-06;"sábado";"20:40:00";"PR";467;108,7;"CASCAVEL";"Falta de Atenção à Condução";"Colisão traseira";"Com Vítimas Feridas";"Plena Noite";"Crescente";"Nevoeiro/Neblina";"Dupla";"Declive";"Sim";3;0;1;1;1;0;2;2;-24,9237;-53,4676;"SPRF-PR";"DEL04-PR";"UOP01-DEL04-PR"
201649;2019-04-06;"sábado";"18:25:00";"RJ";101;295;"ITABORAI";"Ingestão de Álcool";"Atropelamento de Pedestre";"Com Vítimas Feridas";"Anoitecer";"Decrescente";"Céu Claro";"Dupla";"Reta";"Sim";2;0;1;0;1;0;1;2;-22,76365068;-42,90223623;"SPRF-RJ";"DEL02-RJ";"DEL5/2-UOP04/RJ"
201651;2019-04-06;"sábado";"19:30:00";"AM";174;1007,6;"PRESIDENTE FIGUEIREDO";"Falta de Atenção à Condução";"Colisão traseira";"Com Vítimas Fatais";"Plena Noite";"Crescente";"Céu Claro";"Simples";"Reta";"Não";7;1;1;0;0;5;1;2;-1,9111326;-60,05935426;"SPRF-AM";"DEL01-AM";"UOP02-DEL01-AM"
201653;2019-04-06;"sábado";"21:10:00";"MG";40;110,2;"LAGOA GRANDE";"Ingestão de Álcool";"Colisão com objeto estático";"Com Vítimas Feridas";"Plena Noite";"Decrescente";"Céu Claro";"Simples";"Reta";"Não";2;0;1;0;0;1;1;1;-17,6346567;-46,45403382;"SPRF-MG";"DEL14-MG";"UOP01-DEL14-MG"
201654;2019-04-06;"sábado";"13:50:00";"MG";40;464,4;"SETE LAGOAS";"Pista Escorregadia";"Saída de leito carroçável";"Com Vítimas Feridas";"Pleno dia";"Crescente";"Chuva";"Dupla";"Curva;Aclive";"Sim";2;0;0;2;0;0;2;1;-19,43110896;-44,33657482;"SPRF-MG";"DEL02-MG";"UOP01-DEL02-MG"
201655;2019-04-06;"sábado";"19:11:00";"SC";101;243;"PALHOCA";"Ingestão de Álcool";"Saída de leito carroçável";"Com Vítimas Feridas";"Plena Noite";"Crescente";"Chuva";"Dupla";"Reta";"Não";1;0;1;0;0;0;1;1;-27,88419902;-48,64750077;"SPRF-SC";"DEL01-SC";"UOP02-DEL01-SC"
201656;2019-04-06;"sábado";"21:40:00";"GO";40;9,7;"LUZIANIA";"Ingestão de Álcool";"Colisão com objeto estático";"Sem Vítimas";"Plena Noite";"Crescente";"Céu Claro";"Simples";"Reta";"Sim";1;0;0;0;1;0;0;1;-16,131158;-47,957739;"SPRF-DF";"DEL01-DF";"UOP01-DEL01-DF"
201657;2019-04-06;"sábado";"21:45:00";"RS";116;256;"ESTEIO";"Desobediência às normas de trânsito pelo pedestre";"Atropelamento de Pedestre";"Com Vítimas Fatais";"Plena Noite";"Crescente";"Garoa/Chuvisco";"Múltipla";"Reta";"Sim";4;1;0;0;0;3;0;2;-29,84393699;-51,17728603;"SPRF-RS";"DEL01-RS";"UOP02-DEL01-RS"
201658;2019-04-06;"sábado";"18:00:00";"MG";365;583;"INDIANOPOLIS";"Desobediência às normas de trânsito pelo condutor";"Tombamento";"Sem Vítimas";"Pleno dia";"Crescente";"Chuva";"Simples";"Reta;Declive";"Não";1;0;0;0;1;0;0;1;-18,87192795;-47,96277612;"SPRF-MG";"DEL15-MG";"UOP02-DEL15-MG"
201659;2019-04-06;"sábado";"21:00:00";"MS";262;297;"CAMPO GRANDE";"Falta de Atenção à Condução";"Capotamento";"Com Vítimas Feridas";"Plena Noite";"Crescente";"Nublado";"Simples";"Curva";"Não";1;0;1;0;0;0;1;1;-20,50647192;-54,26860402;"SPRF-MS";"DEL01-MS";"UOP01-DEL01-MS"
201660;2019-04-06;"sábado";"21:10:00";"MG";381;729;"CARMO DA CACHOEIRA";"Velocidade Incompatível";"Saída de leito carroçável";"Sem Vítimas";"Plena Noite";"Decrescente";"Chuva";"Dupla";"Reta";"Não";1;0;0;0;1;0;0;1;-21,53065495;-45,23082007;"SPRF-MG";"DEL04-MG";"UOP02-DEL04-MG"
201661;2019-04-06;"sábado";"21:55:00";"PR";277;457,5;"LARANJEIRAS DO SUL";"Ingestão de Álcool";"Colisão frontal";"Sem Vítimas";"Plena Noite";"Decrescente";"Nublado";"Simples";"Reta";"Não";2;0;0;0;2;0;0;2;-25,36760496;-52,45250702;"SPRF-PR";"DEL04-PR";"UOP02-DEL04-PR"
201662;2019-04-06;"sábado";"20:45:00";"PR";376;656;"TIJUCAS DO SUL";"Velocidade Incompatível";"Colisão com objeto estático";"Sem Vítimas";"Plena Noite";"Decrescente";"Chuva";"Dupla";"Curva";"Não";1;0;0;0;1;0;0;1;-25,84642894;-49,03607349;"SPRF-PR";"DEL01-PR";"UOP04-DEL01-PR"
201664;2019-04-06;"sábado";"22:10:00";"GO";50;165,5;"CAMPO ALEGRE DE GOIAS";"Ingestão de Álcool";"Saída de leito carroçável";"Com Vítimas Feridas";"Plena Noite";"Decrescente";"Ignorado";"Dupla";"Curva;Declive";"Não";1;0;1;0;0;0;1;1;-17,2961;-47,7569;"SPRF-GO";"DEL06-GO";"UOP01-DEL06-GO"
201665;2019-04-06;"sábado";"22:15:00";"PR";277;660,1;"MATELANDIA";"Ingestão de Álcool";"Capotamento";"Com Vítimas Feridas";"Plena Noite";"Crescente";"Nevoeiro/Neblina";"Dupla";"Curva";"Não";3;0;3;0;0;0;3;1;-25,25181861;-53,99100065;"SPRF-PR";"DEL05-PR";"UOP02-DEL05-PR"
201668;2019-04-06;"sábado";"22:10:00";"PI";316;0,7;"TERESINA";"Ingestão de Álcool";"Colisão lateral";"Com Vítimas Feridas";"Plena Noite";"Crescente";"Garoa/Chuvisco";"Múltipla";"Em Obras";"Sim";2;0;1;0;1;0;1;2;-5,131168;-42,81564;"SPRF-PI";"DEL01-PI";"UOP02-DEL01-PI"
201669;2019-04-06;"sábado";"22:30:00";"DF";60;12;"BRASILIA";"Ingestão de Álcool";"Saída de leito carroçável";"Com Vítimas Feridas";"Plena Noite";"Decrescente";"Nublado";"Dupla";"Reta";"Não";1;0;1;0;0;0;1;1;-15,916267;-48,164268;"SPRF-DF";"DEL01-DF";"UOP01-DEL03-DF"
201670;2019-04-06;"sábado";"20:50:00";"CE";226;39;"PEREIRO";"Falta de Atenção à Condução";"Colisão transversal";"Com Vítimas Feridas";"Plena Noite";"Decrescente";"Chuva";"Simples";"Reta";"Sim";4;0;3;0;1;0;3;2;-6,04732567;-38,5155967;"SPRF-CE";"DEL05-CE";"UOP02-DEL05-CE"
201671;2019-04-06;"sábado";"22:15:00";"PB";230;160;"CAMPINA GRANDE";"Desobediência às normas de trânsito pelo condutor";"Colisão transversal";"Sem Vítimas";"Plena Noite";"Crescente";"Céu Claro";"Simples";"Interseção de Vias";"Sim";2;0;0;0;1;1;0;2;-7,2436;-35,9375;"SPRF-PB";"DEL02-PB";"UOP01-DEL02-PB"
201672;2019-04-06;"sábado";"23:10:00";"SP";116;148;"SAO JOSE DOS CAMPOS";"Ingestão de Álcool";"Colisão traseira";"Com Vítimas Feridas";"Plena Noite";"Decrescente";"Chuva";"Múltipla";"Reta";"Sim";3;0;1;0;2;0;1;2;-23,20067421;-45,8795018;"SPRF-SP";"DEL02-SP";"UOP01-DEL02-SP"
201673;2019-04-06;"sábado";"19:25:00";"SC";282;234;"SAO JOSE DO CERRITO";"Desobediência às normas de trânsito pelo condutor";"Colisão lateral";"Com Vítimas Feridas";"Plena Noite";"Decrescente";"Chuva";"Simples";"Reta";"Não";3;0;1;0;2;0;1;3;-27,783495;-50,463604;"SPRF-SC";"DEL05-SC";"UOP02-DEL05-SC"
201674;2019-04-06;"sábado";"22:10:00";"PB";101;84,4;"BAYEUX";"Falta de Atenção à Condução";"Colisão com objeto estático";"Com Vítimas Feridas";"Plena Noite";"Crescente";"Nublado";"Dupla";"Reta";"Sim";2;0;2;0;0;0;2;2;-7,14269;-34,919684;"SPRF-PB";"DEL01-PB";"UOP01-DEL01-PB"
201675;2019-04-06;"sábado";"20:25:00";"SC";282;200;"LAGES";"Ingestão de Álcool";"Colisão frontal";"Com Vítimas Fatais";"Plena Noite";"Decrescente";"Chuva";"Simples";"Reta";"Sim";5;1;4;0;0;0;4;2;-27,77925288;-50,235672;"SPRF-SC";"DEL05-SC";"UOP01-DEL05-SC"