"id";"data_inversa";"dia_semana";"horario";"uf";"br";"km";"municipio";"causa_acidente";"tipo_acidente";"classificacao_acidente";"fase_dia";"sentido_via";"condicao_metereologica";"tipo_pista";"tracado_via";"uso_solo";"pessoas";"mortos";"feridos_leves";"feridos_graves";"ilesos";"ignorados";"feridos";"veiculos";"latitude";"longitude";"regional";"delegacia";"uop"
201676;2019-04-06;"sábado";"20:40:00";"MG";262;713;"ARAXA";"Condutor Dormindo";"Colisão frontal";"Com Vítimas Feridas";"Plena Noite";"Crescente";"Nublado";"Simples";"Reta";"Não";2;0;1;0;1;0;1;2;-19,61333921;-47,16799101;"SPRF-MG";"DEL08-MG";"UOP01-DEL08-MG"
201677;2019-04-06;"sábado";"22:42:00";"RJ";101;315;"SAO GONCALO";"Desobediência às normas de trânsito pelo pedestre";"Atropelamento de Pedestre";"Com Vítimas Feridas";"Plena Noite";"Crescente";"Céu Claro";"Dupla";"Reta";"Sim";3;0;0;1;1;1;1;2;-22,82262092;-43,08460805;"SPRF-RJ";"DEL02-RJ";"DEL5/2-UOP04/RJ"
201678;2019-04-06;"sábado";"21:30:00";"MA";10;225;"GOVERNADOR EDISON LOBAO";"Ultrapassagem Indevida";"Colisão frontal";"Com Vítimas Feridas";"Plena Noite";"Decrescente";"Céu Claro";"Simples";"Reta";"Sim";3;0;0;2;1;0;2;2;-5,745605;-47,359642;"SPRF-MA";"DEL04-MA";"UOP01-DEL04-MA"
201679;2019-04-06;"sábado";"23:00:00";"PE";316;55;"TRINDADE";"Falta de Atenção à Condução";"Colisão traseira";"Com Vítimas Feridas";"Plena Noite";"Crescente";"Céu Claro";"Simples";"Reta";"Não";2;0;1;0;1;0;1;1;-7,74026268;-40,28663631;"SPRF-PE";"DEL05-PE";"UOP02-DEL05-PE"
201680;2019-04-06;"sábado";"22:55:00";"SP";116;211,3;"GUARULHOS";"Falta de Atenção à Condução";"Colisão com objeto estático";"Com Vítimas Feridas";"Plena Noite";"Decrescente";"Chuva";"Múltipla";"Reta";"Sim";1;0;1;0;0;0;1;1;-23,4324306;-46,4194352;"SPRF-SP";"DEL01-SP";"UOP01-DEL01-SP"
201681;2019-04-06;"sábado";"23:40:00";"PR";369;184,3;"ARAPONGAS";"Desobediência às normas de trânsito pelo condutor";"Colisão frontal";"Com Vítimas Feridas";"Plena Noite";"Decrescente";"Nublado";"Simples";"Interseção de Vias";"Sim";5;0;1;0;4;0;1;2;-23,4013398;-51,4275484;"SPRF-PR";"DEL07-PR";"UOP03-DEL07-PR"
201682;2019-04-06;"sábado";"23:25:00";"SC";101;335,3;"TUBARAO";"Falta de Atenção à Condução";"Colisão traseira";"Com Vítimas Feridas";"Plena Noite";"Crescente";"Chuva";"Dupla";"Viaduto;Rotatória";"Sim";2;0;1;0;1;0;1;2;-28,4761089;-49,02976155;"SPRF-SC";"DEL02-SC";"UOP01-DEL02-SC"
201683;2019-04-06;"sábado";"21:20:00";"PR";277;102,5;"CURITIBA";"Falta de Atenção à Condução";"Saída de leito carroçável";"Sem Vítimas";"Plena Noite";"Decrescente";"Garoa/Chuvisco";"Dupla";"Curva";"Sim";2;0;0;0;1;1;0;2;-25,42726469;-49,38141336;"SPRF-PR";"DEL01-PR";"UOP06-DEL01-PR"
201684;2019-04-06;"sábado";"21:45:00";"BA";101;24;"ESPLANADA";"Condutor Dormindo";"Saída de leito carroçável";"Sem Vítimas";"Plena Noite";"Decrescente";"Céu Claro";"Simples";"Ponte;Reta";"Não";1;0;0;0;1;0;0;1;-11,73553002;-37,93456395;"SPRF-SE";"DEL02-SE";"UOP03-DEL02-SE"
201685;2019-04-06;"sábado";"21:20:00";"RJ";101;309;"SAO GONCALO";"Ingestão de Álcool";"Colisão traseira";"Sem Vítimas";"Plena Noite";"Decrescente";"Céu Claro";"Dupla";"Reta";"Sim";3;0;0;0;3;0;0;2;-22,79498873;-43,03446105;"SPRF-RJ";"DEL02-RJ";"DEL5/2-UOP04/RJ"
201686;2019-04-07;"domingo";"00:15:00";"RS";392;66,9;"PELOTAS";"Desobediência às normas de trânsito pelo condutor";"Colisão transversal";"Com Vítimas Feridas";"Plena Noite";"Decrescente";"Céu Claro";"Simples";"Interseção de Vias";"Sim";3;0;2;0;1;0;2;2;-31,7627503;-52,39165019;"SPRF-RS";"DEL07-RS";"UOP01-DEL07-RS"
201687;2019-04-06;"sábado";"23:10:00";"PI";343;2;"TERESINA";"Falta de Atenção à Condução";"Colisão transversal";"Sem Vítimas";"Plena Noite";"Decrescente";"Chuva";"Múltipla";"Reta";"Sim";2;0;0;0;2;0;0;2;-5,06290216;-42,60360718;"SPRF-PI";"DEL05-PI";"UOP01-DEL05-PI"
201688;2019-04-06;"sábado";"22:40:00";"SC";116;176,3;"SAO CRISTOVAO DO SUL";"Velocidade Incompatível";"Saída de leito carroçável";"Sem Vítimas";"Plena Noite";"Decrescente";"Garoa/Chuvisco";"Simples";"Curva;Declive";"Não";1;0;0;0;0;1;0;1;-27,24164321;-50,46329137;"SPRF-SC";"DEL05-SC";"UOP03-DEL05-SC"
201689;2019-04-07;"domingo";"00:25:00";"PR";376;179,8;"MARINGA";"Falta de Atenção do Pedestre";"Atropelamento de Pedestre";"Com Vítimas Feridas";"Plena Noite";"Decrescente";"Nublado";"Dupla";"Reta";"Sim";2;0;1;0;1;0;1;2;-23,42244278;-51,90360392;"SPRF-PR";"DEL07-PR";"UOP01-DEL09-PR"
201690;2019-04-07;"domingo";"00:30:00";"MG";381;926,8;"ITAPEVA";"Condutor Dormindo";"Colisão com objeto estático";"Sem Vítimas";"Plena Noite";"Crescente";"Chuva";"Dupla";"Curva;Declive";"Não";2;0;0;0;2;0;0;1;-22,76761996;-46,21324008;"SPRF-MG";"DEL16-MG";"UOP03-DEL16-MG"
201692;2019-04-06;"sábado";"22:29:00";"PR";277;5,5;"PARANAGUA";"Ingestão de Álcool";"Colisão traseira";"Com Vítimas Feridas";"Plena Noite";"Crescente";"Chuva";"Dupla";"Reta";"Não";3;0;3;0;0;0;3;2;-25,5205;-48,5095;"SPRF-PR";"DEL01-PR";"UOP05-DEL01-PR"
201693;2019-04-06;"sábado";"23:20:00";"RR";174;415;"IRACEMA";"Ingestão de álcool e/ou substâncias psicoativas pelo pedestre";"Saída de leito carroçável";"Sem Vítimas";"Plena Noite";"Crescente";"Céu Claro";"Simples";"Reta";"Não";1;0;0;0;1;0;0;1;2,201375;-61,023537;"SPRF-RR";"DEL01-RR";"UOP01-DEL01-RR"
201694;2019-04-06;"sábado";"18:15:00";"MG";40;42,5;"PARACATU";"Falta de Atenção à Condução";"Colisão transversal";"Com Vítimas Feridas";"Plena Noite";"Crescente";"Céu Claro";"Simples";"Aclive";"Sim";3;0;2;0;0;1;2;2;-17,2188441;-46,8666753;"SPRF-MG";"DEL14-MG";"UOP01-DEL14-MG"
201696;2019-04-07;"domingo";"00:20:00";"MG";116;704,6;"MURIAE";"Falta de Atenção à Condução";"Colisão transversal";"Com Vítimas Feridas";"Plena Noite";"Decrescente";"Garoa/Chuvisco";"Simples";"Interseção de Vias";"Sim";3;0;1;0;1;1;1;3;-21,13416858;-42,38722798;"SPRF-MG";"DEL07-MG";"UOP02-DEL07-MG"
201697;2019-04-06;"sábado";"23:00:00";"RS";392;301;"SAO SEPE";"Ingestão de Álcool";"Colisão traseira";"Sem Vítimas";"Plena Noite";"Crescente";"Nublado";"Simples";"Reta";"Não";3;0;0;0;2;1;0;2;-30,13689741;-53,60454798;"SPRF-RS";"DEL09-RS";"UOP01-DEL09-RS"
201698;2019-04-07;"domingo";"00:30:00";"SP";153;280;"OCAUCU";"Falta de Atenção à Condução";"Colisão traseira";"Com Vítimas Feridas";"Plena Noite";"Crescente";"Chuva";"Simples";"Reta";"Não";5;0;1;2;2;0;3;2;-22,41321412;-49,86091715;"SPRF-SP";"DEL07-SP";"UOP02-DEL07-SP"
201699;2019-04-06;"sábado";"23:37:00";"SC";470;88,6;"ASCURRA";"Ingestão de Álcool";"Colisão com objeto estático";"Sem Vítimas";"Plena Noite";"Decrescente";"Chuva";"Simples";"Reta";"Sim";1;0;0;0;1;0;0;1;-26,96116927;-49,3730092;"SPRF-SC";"DEL04-SC";"UOP01-DEL04-SC"
201701;2019-04-07;"domingo";"01:30:00";"BA";324;355;"CAPIM GROSSO";"Falta de Atenção à Condução";"Colisão com objeto estático";"Com Vítimas Fatais";"Plena Noite";"Decrescente";"Céu Claro";"Simples";"Curva";"Sim";1;1;0;0;0;0;0;1;-11,37365967;-40,00722582;"SPRF-BA";"DEL04-BA";"UOP02-DEL04-BA"
201702;2019-04-07;"domingo";"00:00:00";"MS";262;207,9;"RIBAS DO RIO PARDO";"Ingestão de Álcool";"Colisão com objeto estático";"Sem Vítimas";"Plena Noite";"Decrescente";"Nublado";"Simples";"Reta";"Não";1;0;0;0;1;0;0;1;-20,46628922;-53,45220501;"SPRF-MS";"DEL07-MS";"UOP02-DEL07-MS"
201703;2019-04-07;"domingo";"01:10:00";"RJ";101;271;"TANGUA";"Falta de Atenção à Condução";"Saída de leito carroçável";"Com Vítimas Feridas";"Plena Noite";"Crescente";"Nublado";"Dupla";"Reta";"Não";1;0;1;0;0;0;1;1;-22,72443147;-42,69368143;"SPRF-RJ";"DEL02-RJ";"UOP03-DEL02-RJ"
201704;2019-04-07;"domingo";"01:00:00";"MG";116;524,5;"CARATINGA";"Desobediência às normas de trânsito pelo condutor";"Colisão transversal";"Com Vítimas Feridas";"Plena Noite";"Decrescente";"Céu Claro";"Dupla";"Curva";"Não";4;0;2;0;2;0;2;2;-19,76027352;-42,13398823;"SPRF-MG";"DEL06-MG";"UOP02-DEL06-MG"
201705;2019-04-07;"domingo";"00:00:00";"DF";20;9,3;"BRASILIA";"Desobediência às normas de trânsito pelo condutor";"Colisão lateral";"Com Vítimas Feridas";"Plena Noite";"Crescente";"Nevoeiro/Neblina";"Dupla";"Rotatória";"Sim";2;0;0;1;1;0;1;2;-15,654671;-47,782917;"SPRF-DF";"DEL02-DF";"UOP01-DEL02-DF"
201706;2019-04-07;"domingo";"01:22:00";"RO";364;714;"PORTO VELHO";"Ingestão de Álcool";"Colisão com objeto estático";"Com Vítimas Feridas";"Plena Noite";"Crescente";"Nublado";"Dupla";"Reta";"Sim";2;0;2;0;0;0;2;1;-8,77323714;-63,88521091;"SPRF-RO";"DEL01-RO";"UOP01-DEL01-RO"
201708;2019-04-07;"domingo";"01:15:00";"MG";116;414,3;"GOVERNADOR VALADARES";"Ingestão de Álcool";"Saída de leito carroçável";"Sem Vítimas";"Pleno dia";"Decrescente";"Céu Claro";"Dupla";"Interseção de Vias";"Não";1;0;0;0;1;0;0;1;-18,88102703;-41,95910802;"SPRF-MG";"DEL06-MG";"UOP01-DEL06-MG"
201709;2019-04-07;"domingo";"02:30:00";"SP";153;56;"SAO JOSE DO RIO PRETO";"Falta de Atenção à Condução";"Tombamento";"Com Vítimas Feridas";"Plena Noite";"Crescente";"Chuva";"Simples";"Interseção de Vias";"Sim";2;0;0;2;0;0;2;1;-20,7615601;-49,34622278;"SPRF-SP";"DEL09-SP";"UOP01-DEL09-SP"
201710;2019-04-07;"domingo";"02:00:00";"PR";369;192;"ARAPONGAS";"Falta de Atenção à Condução";"Capotamento";"Com Vítimas Feridas";"Plena Noite";"Decrescente";"Nublado";"Dupla";"Reta";"Não";1;0;1;0;0;0;1;1;-23,45607957;-51,4221374;"SPRF-PR";"DEL07-PR";"UOP03-DEL07-PR"
201713;2019-04-07;"domingo";"03:30:00";"SC";101;156,3;"PORTO BELO";"Pista Escorregadia";"Tombamento";"Com Vítimas Feridas";"Plena Noite";"Decrescente";"Chuva";"Dupla";"Reta";"Sim";2;0;2;0;0;0;2;1;-27,17536993;-48,61157835;"SPRF-SC";"DEL04-SC";"UOP03-DEL04-SC"
201714;2019-04-07;"domingo";"02:45:00";"PI";343;184;"PIRIPIRI";"Velocidade Incompatível";"Tombamento";"Com Vítimas Feridas";"Plena Noite";"Decrescente";"Nublado";"Simples";"Rotatória";"Sim";1;0;0;1;0;0;1;1;-4,272144;-41,761505;"SPRF-PI";"DEL02-PI";"UOP01-DEL02-PI"
201715;2019-04-07;"domingo";"03:50:00";"ES";101;189;"ARACRUZ";"Desobediência às normas de trânsito pelo condutor";"Tombamento";"Com Vítimas Feridas";"Plena Noite";"Crescente";"Céu Claro";"Simples";"Reta";"Não";1;0;1;0;0;0;1;1;-19,68134019;-40,27051885;"SPRF-ES";"DEL04-ES";"UOP01-DEL04-ES"
201717;2019-04-07;"domingo";"02:30:00";"SC";280;166,4;"MAFRA";"Ingestão de Álcool";"Queda de ocupante de veículo";"Com Vítimas Feridas";"Plena Noite";"Decrescente";"Nublado";"Simples";"Reta";"Não";1;0;0;1;0;0;1;1;-26,1776624;-49,81557369;"SPRF-SC";"DEL06-SC";"UOP01-DEL06-SC"
201718;2019-04-07;"domingo";"03:10:00";"SC";280;43,7;"GUARAMIRIM";"Falta de Atenção à Condução";"Saída de leito carroçável";"Com Vítimas Feridas";"Plena Noite";"Crescente";"Chuva";"Simples";"Reta";"Não";4;0;1;3;0;0;4;1;-26,45118786;-48,87789901;"SPRF-SC";"DEL03-SC";"UOP03-DEL03-SC"
201719;2019-04-06;"sábado";"23:30:00";"GO";50;278,9;"CATALAO";"Pista Escorregadia";"Tombamento";"Com Vítimas Feridas";"Plena Noite";"Crescente";"Ignorado";"Simples";"Reta";"Sim";2;0;2;0;0;0;2;1;-18,1696;-47,92;"SPRF-GO";"DEL06-GO";"UOP01-DEL06-GO"
201720;2019-04-07;"domingo";"03:15:00";"PB";230;166,8;"CAMPINA GRANDE";"Ingestão de Álcool";"Saída de leito carroçável";"Com Vítimas Feridas";"Plena Noite";"Crescente";"Nublado";"Simples";"Reta";"Sim";2;0;2;0;0;0;2;1;-7,1976;-35,955;"SPRF-PB";"DEL02-PB";"UOP02-DEL02-PB"
201721;2019-04-07;"domingo";"04:50:00";"PR";277;80,5;"CURITIBA";"Ingestão de Álcool";"Saída de leito carroçável";"Com Vítimas Feridas";"Plena Noite";"Decrescente";"Céu Claro";"Dupla";"Reta";"Sim";1;0;1;0;0;0;1;1;-25,46972065;-49,21284914;"SPRF-PR";"DEL01-PR";"UOP07-DEL01-PR"
201722;2019-04-07;"domingo";"04:00:00";"SC";280;141;"RIO NEGRINHO";"Falta de Atenção à Condução";"Colisão com objeto estático";"Com Vítimas Feridas";"Plena Noite";"Crescente";"Garoa/Chuvisco";"Simples";"Declive";"Não";4;0;4;0;0;0;4;1;-26,25452929;-49,61796999;"SPRF-SC";"DEL06-SC";"UOP03-DEL06-SC"
201725;2019-04-07;"domingo";"04:00:00";"MS";163;220,3;"CAARAPO";"Ingestão de Álcool";"Colisão com objeto estático";"Com Vítimas Feridas";"Plena Noite";"Crescente";"Céu Claro";"Simples";"Reta;Declive";"Não";1;0;1;0;0;0;1;1;-22,54003419;-54,84414123;"SPRF-MS";"DEL04-MS";"UOP02-DEL04-MS"
201726;2019-04-07;"domingo";"03:40:00";"MS";163;356,5;"NOVA ALVORADA DO SUL";"Condutor Dormindo";"Saída de leito carroçável";"Com Vítimas Feridas";"Plena Noite";"Decrescente";"Céu Claro";"Simples";"Reta";"Não";1;0;1;0;0;0;1;1;-21,5342;-54,4077;"SPRF-MS";"DEL02-MS";"UOP01-DEL02-MS"
201728;2019-04-07;"domingo";"04:40:00";"RS";386;119,2;"SARANDI";"Ingestão de álcool e/ou substâncias psicoativas pelo pedestre";"Saída de leito carroçável";"Com Vítimas Feridas";"Plena Noite";"Decrescente";"Nublado";"Simples";"Curva";"Não";1;0;1;0;0;0;1;1;-27,868404;-53,005486;"SPRF-RS";"DEL08-RS";"UOP01-DEL08-RS"
201729;2019-04-07;"domingo";"05:00:00";"PE";428;185;"PETROLINA";"Condutor Dormindo";"Colisão com objeto estático";"Com Vítimas Feridas";"Amanhecer";"Crescente";"Nublado";"Simples";"Interseção de Vias";"Sim";1;0;1;0;0;0;1;1;-9,34009199;-40,47032001;"SPRF-PE";"DEL06-PE";"UOP01-DEL06-PE"
201730;2019-04-07;"domingo";"03:00:00";"RJ";101;420;"MANGARATIBA";"Ingestão de Álcool";"Saída de leito carroçável";"Com Vítimas Feridas";"Plena Noite";"Decrescente";"Nublado";"Simples";"Curva";"Sim";3;0;2;0;0;1;2;1;-22,9189815;-43,92318002;"SPRF-RJ";"DEL03-RJ";"UOP01-DEL03-RJ"
201731;2019-04-07;"domingo";"04:30:00";"MA";135;7,8;"SAO LUIS";"Ingestão de Álcool";"Colisão traseira";"Com Vítimas Feridas";"Plena Noite";"Crescente";"Chuva";"Dupla";"Rotatória";"Sim";3;0;1;1;1;0;2;2;-2,63608835;-44,26848552;"SPRF-MA";"DEL01-MA";"UOP01-DEL01-MA"
201733;2019-04-07;"domingo";"03:50:00";"SC";116;170;"PONTE ALTA DO NORTE";"Velocidade Incompatível";"Saída de leito carroçável";"Sem Vítimas";"Plena Noite";"Crescente";"Chuva";"Simples";"Curva";"Não";1;0;0;0;0;1;0;1;-27,194962;-50,463425;"SPRF-SC";"DEL05-SC";"UOP03-DEL05-SC"
201734;2019-04-07;"domingo";"05:45:00";"RS";116;258;"ESTEIO";"Agressão Externa";"Saída de leito carroçável";"Com Vítimas Feridas";"Plena Noite";"Decrescente";"Garoa/Chuvisco";"Dupla";"Reta";"Sim";4;0;1;0;2;1;1;2;-29,86150502;-51,18091535;"SPRF-RS";"DEL01-RS";"UOP02-DEL01-RS"
201735;2019-04-07;"domingo";"06:00:00";"MG";50;174,3;"UBERABA";"Condutor Dormindo";"Colisão com objeto estático";"Com Vítimas Feridas";"Pleno dia";"Crescente";"Nublado";"Dupla";"Viaduto";"Sim";1;0;1;0;0;0;1;1;-19,770817;-47,973434;"SPRF-MG";"DEL13-MG";"UOP01-DEL13-MG"
201736;2019-04-07;"domingo";"05:25:00";"RS";290;31,2;"SANTO ANTONIO DA PATRULHA";"Falta de Atenção à Condução";"Saída de leito carroçável";"Com Vítimas Feridas";"Amanhecer";"Crescente";"Nublado";"Múltipla";"Reta";"Não";2;0;1;0;1;0;1;1;-29,883911;-50,565765;"SPRF-RS";"DEL03-RS";"UOP01-DEL03-RS"
201737;2019-04-07;"domingo";"06:10:00";"ES";101;145;"LINHARES";"Condutor Dormindo";"Colisão com objeto estático";"Com Vítimas Feridas";"Amanhecer";"Crescente";"Céu Claro";"Dupla";"Reta";"Não";1;0;1;0;0;0;1;1;-19,36089598;-40,06464018;"SPRF-ES";"DEL04-ES";"UOP01-DEL04-ES"
201739;2019-04-07;"domingo";"06:20:00";"SC";101;216;"PALHOCA";"Ingestão de álcool e/ou substâncias psicoativas pelo pedestre";"Saída de leito carroçável";"Sem Vítimas";"Pleno dia";"Crescente";"Garoa/Chuvisco";"Múltipla";"Reta";"Não";1;0;0;0;1;0;0;1;-27,65981409;-48,67747798;"SPRF-SC";"DEL01-SC";"UOP02-DEL01-SC"
201740;2019-04-07;"domingo";"06:10:00";"RS";0;0;"CANOAS";"Falta de Atenção à Condução";"Colisão com objeto estático";"Com Vítimas Feridas";"Amanhecer";"Não Informado";"Ignorado";"Simples";"Reta";"Sim";2;0;2;0;0;0;2;1;-29,969055;-51,167439;"SPRF-RS";"DEL01-RS";"UOP01-DEL01-RS"
201742;2019-04-07;"domingo";"03:15:00";"ES";101;281;"CARIACICA";"Falta de Atenção à Condução";"Colisão com objeto estático";"Sem Vítimas";"Plena Noite";"Crescente";"Nublado";"Múltipla";"Reta";"Sim";1;0;0;0;0;1;0;1;-20,22112792;-40,35720552;"SPRF-ES";"DEL02-ES";"UOP01-DEL02-ES"
201743;2019-04-07;"domingo";"06:15:00";"RJ";101;272,4;"TANGUA";"Falta de Atenção à Condução";"Colisão com objeto estático";"Com Vítimas Feridas";"Amanhecer";"Crescente";"Céu Claro";"Dupla";"Reta";"Não";1;0;1;0;0;0;1;1;-22,72935968;-42,70112512;"SPRF-RJ";"DEL02-RJ";"UOP03-DEL02-RJ"
201744;2019-04-07;"domingo";"06:00:00";"SP";116;210,8;"GUARULHOS";"Condutor Dormindo";"Colisão com objeto estático";"Sem Vítimas";"Pleno dia";"Decrescente";"Chuva";"Múltipla";"Reta";"Sim";1;0;0;0;0;1;0;1;-23,4318967;-46,41776204;"SPRF-SP";"DEL01-SP";"UOP01-DEL01-SP"
201746;2019-04-07;"domingo";"06:15:00";"PI";343;1,8;"TERESINA";"Não guardar distância de segurança";"Colisão traseira";"Com Vítimas Feridas";"Pleno dia";"Crescente";"Céu Claro";"Dupla";"Reta";"Não";2;0;0;1;1;0;1;2;-5,07794925;-42,74342537;"SPRF-PI";"DEL05-PI";"UOP01-DEL05-PI"
201747;2019-04-07;"domingo";"06:56:00";"SC";101;38,3;"JOINVILLE";"Desobediência às normas de trânsito pelo condutor";"Colisão transversal";"Com Vítimas Feridas";"Pleno dia";"Crescente";"Garoa/Chuvisco";"Dupla";"Interseção de Vias;Viaduto";"Sim";2;0;1;0;1;0;1;2;-26,29638718;-48,88390303;"SPRF-SC";"DEL03-SC";"UOP01-DEL03-SC"
201749;2019-04-07;"domingo";"06:55:00";"SP";116;54,2;"LORENA";"Falta de Atenção à Condução";"Colisão traseira";"Com Vítimas Feridas";"Pleno dia";"Crescente";"Céu Claro";"Dupla";"Reta";"Sim";3;0;1;0;2;0;1;2;-22,75803895;-45,11508003;"SPRF-SP";"DEL08-SP";"UOP01-DEL08-SP"
201751;2019-04-07;"domingo";"05:20:00";"PR";376;661;"TIJUCAS DO SUL";"Ingestão de Substâncias Psicoativas";"Saída de leito carroçável";"Com Vítimas Feridas";"Plena Noite";"Crescente";"Chuva";"Dupla";"Reta";"Não";1;0;0;1;0;0;1;1;-25,85481693;-48,99472504;"SPRF-PR";"DEL01-PR";"UOP04-DEL01-PR"
201752;2019-04-07;"domingo";"06:45:00";"SC";101;211;"PALHOCA";"Falta de Atenção à Condução";"Colisão traseira";"Com Vítimas Feridas";"Pleno dia";"Decrescente";"Chuva";"Dupla";"Reta";"Sim";3;0;2;1;0;0;3;2;-27,62329313;-48,65245588;"SPRF-SC";"DEL01-SC";"UOP01-DEL01-SC"
201753;2019-04-07;"domingo";"05:15:00";"SC";101;319,3;"PESCARIA BRAVA";"Ingestão de Álcool";"Saída de leito carroçável";"Com Vítimas Feridas";"Amanhecer";"Decrescente";"Chuva";"Dupla";"Reta";"Sim";3;0;3;0;0;0;3;1;-28,42646756;-48,88783514;"SPRF-SC";"DEL02-SC";"UOP01-DEL02-SC"
201754;2019-04-07;"domingo";"05:40:00";"RJ";101;471;"ANGRA DOS REIS";"Falta de Atenção à Condução";"Atropelamento de Animal";"Com Vítimas Feridas";"Amanhecer";"Decrescente";"Céu Claro";"Dupla";"Reta";"Não";1;0;0;1;0;0;1;1;-22,99649604;-44,22906307;"SPRF-RJ";"DEL03-RJ";"UOP03-DEL03-RJ"
201755;2019-04-07;"domingo";"07:00:00";"PR";277;26;"MORRETES";"Falta de Atenção à Condução";"Saída de leito carroçável";"Com Vítimas Feridas";"Pleno dia";"Decrescente";"Chuva";"Dupla";"Reta";"Não";2;0;1;0;1;0;1;1;-25,53376764;-48,75904083;"SPRF-PR";"DEL01-PR";"UOP05-DEL01-PR"
201756;2019-04-07;"domingo";"08:00:00";"DF";20;7;"BRASILIA";"Falta de Atenção do Pedestre";"Atropelamento de Pedestre";"Com Vítimas Feridas";"Pleno dia";"Crescente";"Céu Claro";"Dupla";"Reta";"Não";2;0;1;0;1;0;1;2;-15,662208;-47,799866;"SPRF-DF";"DEL02-DF";"UOP01-DEL02-DF"
201757;2019-04-07;"domingo";"06:00:00";"RO";319;63,6;"PORTO VELHO";"Ingestão de Álcool";"Colisão traseira";"Com Vítimas Feridas";"Amanhecer";"Decrescente";"Céu Claro";"Dupla";"Interseção de Vias";"Sim";4;0;1;0;3;0;1;2;-8,76503786;-63,88451099;"SPRF-RO";"DEL01-RO";"UOP01-DEL01-RO"
201758;2019-04-07;"domingo";"05:10:00";"SC";101;333,3;"TUBARAO";"Falta de Atenção à Condução";"Colisão traseira";"Com Vítimas Feridas";"Plena Noite";"Crescente";"Chuva";"Simples";"Reta";"Sim";3;0;2;0;1;0;2;2;-28,46630107;-48,99653096;"SPRF-SC";"DEL02-SC";"UOP01-DEL02-SC"
201759;2019-04-07;"domingo";"04:00:00";"RJ";101;471;"ANGRA DOS REIS";"Falta de Atenção à Condução";"Colisão traseira";"Sem Vítimas";"Amanhecer";"Decrescente";"Céu Claro";"Dupla";"Reta";"Não";1;0;0;0;0;1;0;1;-22,99649604;-44,22906307;"SPRF-RJ";"DEL03-RJ";"UOP03-DEL03-RJ"
201760;2019-04-07;"domingo";"07:30:00";"MG";381;932,3;"EXTREMA";"Velocidade Incompatível";"Colisão com objeto estático";"Sem Vítimas";"Pleno dia";"Decrescente";"Nublado";"Dupla";"Curva";"Não";1;0;0;0;1;0;0;1;-22,81198015;-46,28431295;"SPRF-MG";"DEL16-MG";"UOP03-DEL16-MG"
201761;2019-04-07;"domingo";"07:00:00";"SC";101;104,3;"PENHA";"Velocidade Incompatível";"Saída de leito carroçável";"Com Vítimas Feridas";"Pleno dia";"Decrescente";"Chuva";"Dupla";"Curva";"Sim";2;0;1;0;1;0;1;1;-26,79281742;-48,68080819;"SPRF-SC";"DEL03-SC";"UOP02-DEL03-SC"
201762;2019-04-06;"sábado";"22:30:00";"RJ";116;166,9;"SAO JOAO DE MERITI";"Não guardar distância de segurança";"Colisão traseira";"Com Vítimas Feridas";"Plena Noite";"Crescente";"Nublado";"Múltipla";"Reta";"Sim";3;0;1;0;0;2;1;3;-22,81560263;-43,30051808;"SPRF-RJ";"DEL01-RJ";"UOP02-DEL01-RJ"
201763;2019-04-07;"domingo";"06:40:00";"RJ";116;171,4;"SAO JOAO DE MERITI";"Condutor Dormindo";"Queda de ocupante de veículo";"Com Vítimas Feridas";"Pleno dia";"Crescente";"Nublado";"Múltipla";"Reta";"Sim";1;0;0;1;0;0;1;1;-22,8060415;-43,34289573;"SPRF-RJ";"DEL01-RJ";"UOP02-DEL01-RJ"
201764;2019-04-07;"domingo";"07:00:00";"RN";226;6,8;"NATAL";"Falta de Atenção à Condução";"Queda de ocupante de veículo";"Com Vítimas Feridas";"Pleno dia";"Decrescente";"Céu Claro";"Simples";"Reta";"Sim";1;0;1;0;0;0;1;1;-5,82099198;-35,27688801;"SPRF-RN";"DEL01-RN";"UOP02-DEL01-RN"
201765;2019-04-03;"quarta-feira";"11:58:00";"GO";153;510,5;"APARECIDA DE GOIANIA";"Não guardar distância de segurança";"Colisão lateral";"Com Vítimas Feridas";"Pleno dia";"Decrescente";"Nublado";"Múltipla";"Reta";"Sim";1;0;1;0;0;0;1;1;-16,7977;-49,2386;"SPRF-GO";"DEL01-GO";"UOP03-DEL01-GO"
201766;2019-04-07;"domingo";"06:45:00";"RO";174;13,5;"VILHENA";"Desobediência às normas de trânsito pelo condutor";"Colisão transversal";"Com Vítimas Feridas";"Amanhecer";"Decrescente";"Céu Claro";"Dupla";"Reta";"Sim";2;0;0;1;0;1;1;2;-12,73646564;-60,13074875;"SPRF-RO";"DEL04-RO";"UOP01-DEL04-RO"
201767;2019-04-07;"domingo";"08:00:00";"RS";101;3,8;"TORRES";"Condutor Dormindo";"Saída de leito carroçável";"Sem Vítimas";"Pleno dia";"Crescente";"Garoa/Chuvisco";"Dupla";"Reta";"Sim";1;0;0;0;1;0;0;1;-29,33222497;-49,78508308;"SPRF-RS";"DEL03-RS";"UOP02-DEL03-RS"