"id";"data_inversa";"dia_semana";"horario";"uf";"br";"km";"municipio";"causa_acidente";"tipo_acidente";"classificacao_acidente";"fase_dia";"sentido_via";"condicao_metereologica";"tipo_pista";"tracado_via";"uso_solo";"pessoas";"mortos";"feridos_leves";"feridos_graves";"ilesos";"ignorados";"feridos";"veiculos";"latitude";"longitude";"regional";"delegacia";"uop"
201768;2019-04-07;"domingo";"08:35:00";"PE";428;176;"PETROLINA";"Ingestão de Álcool";"Colisão traseira";"Sem Vítimas";"Pleno dia";"Decrescente";"Céu Claro";"Simples";"Reta";"Não";3;0;0;0;3;0;0;3;-9,26824308;-40,43343586;"SPRF-PE";"DEL06-PE";"UOP01-DEL06-PE"
201769;2019-04-07;"domingo";"08:10:00";"SP";381;34;"ATIBAIA";"Pista Escorregadia";"Saída de leito carroçável";"Com Vítimas Feridas";"Pleno dia";"Crescente";"Chuva";"Dupla";"Declive";"Não";3;0;2;1;0;0;3;1;-23,084657;-46,57;"SPRF-SP";"DEL03-SP";"UOP02-DEL03-SP"
201770;2019-04-07;"domingo";"08:20:00";"MG";381;487,6;"BETIM";"Velocidade Incompatível";"Colisão com objeto estático";"Com Vítimas Feridas";"Pleno dia";"Decrescente";"Céu Claro";"Dupla";"Curva";"Sim";1;0;1;0;0;0;1;1;-19,95586853;-44,14609501;"SPRF-MG";"DEL01-MG";"UOP03-DEL01-MG"
201772;2019-03-30;"sábado";"10:50:00";"MG";40;803,9;"MATIAS BARBOSA";"Falta de Atenção à Condução";"Colisão traseira";"Com Vítimas Feridas";"Pleno dia";"Decrescente";"Céu Claro";"Dupla";"Reta";"Não";3;0;0;1;1;1;1;3;-21,85782703;-43,37661004;"SPRF-MG";"DEL05-MG";"UOP01-DEL05-MG"
201773;2019-04-07;"domingo";"07:00:00";"RS";392;349;"SANTA MARIA";"Ingestão de Álcool";"Saída de leito carroçável";"Sem Vítimas";"Amanhecer";"Crescente";"Nublado";"Simples";"Reta";"Sim";1;0;0;0;0;1;0;1;-29,7440791;-53,79306521;"SPRF-RS";"DEL09-RS";"UOP01-DEL09-RS"
201774;2019-04-07;"domingo";"06:55:00";"PR";277;687,7;"SAO MIGUEL DO IGUACU";"Falta de Atenção à Condução";"Colisão transversal";"Com Vítimas Feridas";"Amanhecer";"Crescente";"Nublado";"Simples";"Curva";"Sim";2;0;0;1;0;1;1;2;-25,34377452;-54,22446208;"SPRF-PR";"DEL05-PR";"UOP01-DEL05-PR"
201775;2019-04-07;"domingo";"07:30:00";"RS";158;417;"SAO GABRIEL";"Falta de Atenção à Condução";"Saída de leito carroçável";"Com Vítimas Feridas";"Pleno dia";"Decrescente";"Garoa/Chuvisco";"Simples";"Reta";"Não";3;0;1;0;2;0;1;1;-30,03275877;-54,57238006;"SPRF-RS";"DEL11-RS";"UOP02-DEL11-RS"
201777;2019-04-07;"domingo";"09:10:00";"SP";101;47,2;"UBATUBA";"Falta de Atenção à Condução";"Colisão lateral";"Com Vítimas Feridas";"Pleno dia";"Decrescente";"Sol";"Simples";"Rotatória";"Sim";2;0;1;0;0;1;1;2;-23,43396486;-45,08568417;"SPRF-SP";"DEL06-SP";"UOP01-DEL06-SP"
201779;2019-04-07;"domingo";"09:30:00";"CE";222;47,9;"SAO GONCALO DO AMARANTE";"Defeito na Via";"Tombamento";"Com Vítimas Feridas";"Pleno dia";"Crescente";"Céu Claro";"Simples";"Interseção de Vias";"Sim";1;0;1;0;0;0;1;1;-3,66985172;-38,9774574;"SPRF-CE";"DEL01-CE";"UOP03-DEL01-CE"
201781;2019-04-07;"domingo";"06:50:00";"SC";470;121;"IBIRAMA";"Velocidade Incompatível";"Colisão com objeto estático";"Com Vítimas Fatais";"Pleno dia";"Decrescente";"Chuva";"Simples";"Curva";"Sim";1;1;0;0;0;0;0;1;-27,095861;-49,526859;"SPRF-SC";"DEL04-SC";"UOP02-DEL04-SC"
201782;2019-04-07;"domingo";"04:30:00";"SC";470;102;"APIUNA";"Ingestão de Substâncias Psicoativas";"Capotamento";"Com Vítimas Feridas";"Plena Noite";"Crescente";"Garoa/Chuvisco";"Simples";"Curva";"Sim";2;0;1;0;1;0;1;1;-27,06482008;-49,40148354;"SPRF-SC";"DEL04-SC";"UOP02-DEL04-SC"
201783;2019-04-07;"domingo";"09:00:00";"SP";116;545;"BARRA DO TURVO";"Velocidade Incompatível";"Saída de leito carroçável";"Com Vítimas Feridas";"Pleno dia";"Crescente";"Garoa/Chuvisco";"Dupla";"Curva";"Não";2;0;0;1;1;0;1;1;-24,95016699;-48,42400302;"SPRF-SP";"DEL05-SP";"UOP02-DEL05-SP"
201784;2019-04-07;"domingo";"09:45:00";"ES";101;191,3;"LINHARES";"Defeito Mecânico no Veículo";"Tombamento";"Com Vítimas Feridas";"Pleno dia";"Crescente";"Sol";"Simples";"Reta";"Não";2;0;2;0;0;0;2;1;-19,68908911;-40,28696073;"SPRF-ES";"DEL04-ES";"UOP01-DEL04-ES"
201786;2019-04-07;"domingo";"10:12:00";"CE";222;5;"CAUCAIA";"Ingestão de Álcool";"Colisão transversal";"Com Vítimas Feridas";"Pleno dia";"Decrescente";"Nublado";"Múltipla";"Reta";"Sim";3;0;0;2;1;0;2;2;-3,74339;-38,61584;"SPRF-CE";"DEL01-CE";"UOP01-DEL01-CE"
201787;2019-04-07;"domingo";"10:00:00";"PR";277;659,9;"MATELANDIA";"Velocidade Incompatível";"Colisão com objeto estático";"Com Vítimas Feridas";"Pleno dia";"Decrescente";"Chuva";"Dupla";"Curva";"Não";1;0;1;0;0;0;1;1;-25,24664169;-53,98334832;"SPRF-PR";"DEL05-PR";"UOP02-DEL05-PR"
201788;2019-04-07;"domingo";"08:30:00";"SP";381;35,2;"ATIBAIA";"Falta de Atenção à Condução";"Colisão com objeto estático";"Sem Vítimas";"Pleno dia";"Decrescente";"Nublado";"Dupla";"Curva";"Sim";1;0;0;0;1;0;0;1;-23,088586;-46,571798;"SPRF-SP";"DEL03-SP";"UOP02-DEL03-SP"
201790;2019-04-07;"domingo";"07:30:00";"MS";262;327,3;"CAMPO GRANDE";"Ingestão de Álcool";"Saída de leito carroçável";"Sem Vítimas";"Pleno dia";"Decrescente";"Nublado";"Simples";"Reta";"Sim";1;0;0;0;0;1;0;1;-20,46657314;-54,54372903;"SPRF-MS";"DEL01-MS";"UOP01-DEL01-MS"
201791;2019-04-07;"domingo";"11:00:00";"SP";116;217;"GUARULHOS";"Falta de Atenção à Condução";"Colisão com objeto estático";"Sem Vítimas";"Pleno dia";"Crescente";"Nublado";"Múltipla";"Reta";"Sim";1;0;0;0;1;0;0;1;-23,45423824;-46,47119028;"SPRF-SP";"DEL01-SP";"UOP01-DEL01-SP"
201792;2019-03-06;"quarta-feira";"10:00:00";"BA";116;440,2;"FEIRA DE SANTANA";"Pista Escorregadia";"Saída de leito carroçável";"Com Vítimas Feridas";"Pleno dia";"Crescente";"Céu Claro";"Dupla";"Curva";"Não";4;0;1;0;3;0;1;1;-12,34300158;-39,08410999;"SPRF-BA";"DEL02-BA";"UOP01-DEL02-BA"
201793;2019-04-07;"domingo";"10:45:00";"CE";116;189,4;"LIMOEIRO DO NORTE";"Defeito na Via";"Queda de ocupante de veículo";"Com Vítimas Feridas";"Pleno dia";"Decrescente";"Nublado";"Simples";"Reta";"Não";2;0;2;0;0;0;2;1;-5,11140507;-38,13712494;"SPRF-CE";"DEL03-CE";"UOP01-DEL03-CE"
201794;2019-04-07;"domingo";"09:20:00";"GO";452;101;"BOM JESUS DE GOIAS";"Defeito na Via";"Colisão com objeto estático";"Sem Vítimas";"Amanhecer";"Crescente";"Céu Claro";"Simples";"Reta";"Não";1;0;0;0;1;0;0;1;-18,13266094;-49,99089698;"SPRF-GO";"DEL03-GO";"UOP02-DEL03-GO"
201797;2019-04-07;"domingo";"11:30:00";"SP";381;57,9;"MAIRIPORA";"Defeito Mecânico no Veículo";"Incêndio";"Sem Vítimas";"Pleno dia";"Decrescente";"Céu Claro";"Dupla";"Reta";"Sim";1;0;0;0;1;0;0;1;-23,27068627;-46,58421809;"SPRF-SP";"DEL03-SP";"UOP01-DEL03-SP"
201798;2019-04-07;"domingo";"10:45:00";"SP";381;69;"MAIRIPORA";"Pista Escorregadia";"Capotamento";"Com Vítimas Feridas";"Pleno dia";"Decrescente";"Chuva";"Dupla";"Curva";"Sim";3;0;3;0;0;0;3;1;-23,34553108;-46,56787903;"SPRF-SP";"DEL03-SP";"UOP01-DEL03-SP"
201799;2019-04-07;"domingo";"05:10:00";"RO";435;92,3;"COLORADO DO OESTE";"Ingestão de Álcool";"Queda de ocupante de veículo";"Com Vítimas Feridas";"Plena Noite";"Crescente";"Ignorado";"Simples";"Rotatória";"Não";1;0;1;0;0;0;1;1;-13,19215064;-60,54496765;"SPRF-RO";"DEL04-RO";"UOP02-DEL04-RO"
201800;2019-04-07;"domingo";"11:40:00";"DF";251;5;"BRASILIA";"Velocidade Incompatível";"Colisão com objeto estático";"Com Vítimas Fatais";"Pleno dia";"Crescente";"Céu Claro";"Simples";"Reta";"Não";4;1;3;0;0;0;3;1;-16,007332;-47,552052;"SPRF-DF";"DEL01-DF";"UOP01-DEL01-DF"
201803;2019-04-07;"domingo";"12:00:00";"AP";210;17;"MACAPA";"Avarias e/ou desgaste excessivo no pneu";"Saída de leito carroçável";"Sem Vítimas";"Pleno dia";"Decrescente";"Garoa/Chuvisco";"Simples";"Curva";"Não";2;0;0;0;2;0;0;1;0,17108692;-51,1248476;"SPRF-AP";"DEL01-AP";"UOP01-DEL01-AP"
201805;2019-04-07;"domingo";"09:40:00";"SC";282;522,7;"XAXIM";"Pista Escorregadia";"Colisão transversal";"Com Vítimas Feridas";"Pleno dia";"Crescente";"Garoa/Chuvisco";"Simples";"Aclive";"Sim";5;0;2;2;1;0;4;2;-26,956238;-52,542637;"SPRF-SC";"DEL07-SC";"UOP01-DEL07-SC"
201806;2019-04-07;"domingo";"11:30:00";"SC";470;122,6;"IBIRAMA";"Velocidade Incompatível";"Capotamento";"Com Vítimas Feridas";"Pleno dia";"Crescente";"Chuva";"Simples";"Curva";"Não";2;0;2;0;0;0;2;1;-27,099888;-49,527679;"SPRF-SC";"DEL04-SC";"UOP02-DEL04-SC"
201808;2019-04-07;"domingo";"12:30:00";"SP";116;545,8;"BARRA DO TURVO";"Velocidade Incompatível";"Colisão com objeto estático";"Com Vítimas Feridas";"Pleno dia";"Crescente";"Garoa/Chuvisco";"Simples";"Curva";"Não";2;0;1;0;1;0;1;1;-24,95016699;-48,42400302;"SPRF-SP";"DEL05-SP";"UOP02-DEL05-SP"
201810;2019-04-07;"domingo";"12:45:00";"PB";101;95;"CONDE";"Ingestão de Álcool";"Colisão traseira";"Com Vítimas Feridas";"Pleno dia";"Decrescente";"Céu Claro";"Dupla";"Reta";"Não";2;0;1;0;0;1;1;2;-7,22379403;-34,91488195;"SPRF-PB";"DEL01-PB";"UOP01-DEL01-PB"
201811;2019-04-07;"domingo";"12:40:00";"ES";482;76;"ALEGRE";"Falta de Atenção à Condução";"Colisão transversal";"Com Vítimas Fatais";"Pleno dia";"Crescente";"Céu Claro";"Simples";"Interseção de Vias";"Não";5;1;3;1;0;0;4;2;-20,7461658;-41,48379518;"SPRF-ES";"DEL03-ES";"UOP02-DEL03-ES"
201812;2019-04-07;"domingo";"13:00:00";"SC";101;192;"BIGUACU";"Falta de Atenção à Condução";"Saída de leito carroçável";"Sem Vítimas";"Pleno dia";"Crescente";"Chuva";"Múltipla";"Curva";"Sim";2;0;0;0;2;0;0;2;-27,48443781;-48,64765238;"SPRF-SC";"DEL01-SC";"UOP01-DEL01-SC"
201813;2019-04-07;"domingo";"13:00:00";"PR";153;313,7;"IMBITUVA";"Fenômenos da Natureza";"Colisão frontal";"Com Vítimas Fatais";"Pleno dia";"Decrescente";"Chuva";"Simples";"Curva";"Não";5;2;0;3;0;0;3;2;-25,31289495;-50,63364569;"SPRF-PR";"DEL03-PR";"UOP02-DEL08-PR"
201814;2019-04-07;"domingo";"13:20:00";"SC";470;122,9;"IBIRAMA";"Falta de Atenção à Condução";"Saída de leito carroçável";"Com Vítimas Feridas";"Pleno dia";"Crescente";"Garoa/Chuvisco";"Múltipla";"Curva";"Sim";1;0;1;0;0;0;1;1;-27,099888;-49,527679;"SPRF-SC";"DEL04-SC";"UOP02-DEL04-SC"
201815;2019-04-07;"domingo";"13:00:00";"BA";407;4,3;"JUAZEIRO";"Ingestão de Álcool";"Colisão frontal";"Com Vítimas Feridas";"Pleno dia";"Crescente";"Nublado";"Simples";"Interseção de Vias";"Sim";2;0;0;1;1;0;1;2;-9,43771638;-40,49521923;"SPRF-PE";"DEL06-PE";"UOP01-DEL06-PE"
201817;2019-04-07;"domingo";"13:10:00";"RN";226;8,3;"MACAIBA";"Desobediência às normas de trânsito pelo condutor";"Colisão lateral";"Com Vítimas Feridas";"Pleno dia";"Crescente";"Céu Claro";"Simples";"Curva";"Sim";4;0;1;1;2;0;2;2;-5,83583319;-35,28030896;"SPRF-RN";"DEL01-RN";"UOP02-DEL01-RN"
201819;2019-04-07;"domingo";"15:55:00";"SC";282;6;"SAO JOSE";"Pista Escorregadia";"Colisão com objeto estático";"Com Vítimas Feridas";"Pleno dia";"Crescente";"Chuva";"Dupla";"Curva";"Sim";1;0;1;0;0;0;1;1;-27,58579416;-48,61564457;"SPRF-SC";"DEL01-SC";"UOP01-DEL01-SC"
201824;2019-04-07;"domingo";"13:30:00";"SP";116;114;"TAUBATE";"Falta de Atenção à Condução";"Colisão traseira";"Sem Vítimas";"Pleno dia";"Decrescente";"Céu Claro";"Dupla";"Reta";"Sim";4;0;0;0;3;1;0;2;-23,04654177;-45,59018006;"SPRF-SP";"DEL06-SP";"UOP02-DEL02-SP"
201825;2019-04-07;"domingo";"14:15:00";"DF";20;28;"BRASILIA";"Defeito Mecânico no Veículo";"Colisão traseira";"Com Vítimas Feridas";"Pleno dia";"Decrescente";"Chuva";"Dupla";"Reta";"Não";3;0;1;0;2;0;1;2;-15,598319;-47,621925;"SPRF-DF";"DEL02-DF";"UOP01-DEL02-DF"
201827;2019-04-07;"domingo";"09:40:00";"RO";364;548,8;"ALTO PARAISO";"Defeito na Via";"Queda de ocupante de veículo";"Com Vítimas Feridas";"Pleno dia";"Decrescente";"Céu Claro";"Simples";"Reta";"Não";2;0;2;0;0;0;2;1;-9,662858;-63,090275;"SPRF-RO";"DEL03-RO";"UOP01-DEL03-RO"
201828;2019-04-07;"domingo";"14:30:00";"TO";153;458,8;"BARROLANDIA";"Defeito na Via";"Queda de ocupante de veículo";"Com Vítimas Feridas";"Pleno dia";"Decrescente";"Céu Claro";"Simples";"Aclive;Reta";"Não";1;0;1;0;0;0;1;1;-9,89758498;-48,72901812;"SPRF-TO";"DEL02-TO";"UOP01-DEL01-TO"
201829;2019-04-07;"domingo";"14:40:00";"SC";101;138,5;"BALNEARIO CAMBORIU";"Falta de Atenção à Condução";"Capotamento";"Com Vítimas Feridas";"Pleno dia";"Crescente";"Nublado";"Múltipla";"Curva";"Não";1;0;1;0;0;0;1;1;-27,02397426;-48,60761649;"SPRF-SC";"DEL04-SC";"UOP03-DEL04-SC"
201830;2019-04-07;"domingo";"14:40:00";"PI";343;335;"TERESINA";"Falta de Atenção à Condução";"Tombamento";"Com Vítimas Feridas";"Pleno dia";"Decrescente";"Céu Claro";"Simples";"Reta";"Não";2;0;1;1;0;0;2;1;-5,061626;-42,696655;"SPRF-PI";"DEL01-PI";"UOP01-DEL01-PI"
201831;2019-04-07;"domingo";"14:30:00";"GO";60;303,4;"ACREUNA";"Pista Escorregadia";"Saída de leito carroçável";"Com Vítimas Feridas";"Pleno dia";"Crescente";"Chuva";"Dupla";"Reta";"Não";2;0;2;0;0;0;2;1;-17,3763;-50,36;"SPRF-GO";"DEL04-GO";"UOP01-DEL04-GO"
201832;2019-04-07;"domingo";"12:20:00";"MG";116;692,8;"MURIAE";"Ingestão de Álcool";"Tombamento";"Com Vítimas Feridas";"Pleno dia";"Crescente";"Sol";"Simples";"Aclive;Curva";"Não";1;0;1;0;0;0;1;1;-21,041823;-42,366922;"SPRF-MG";"DEL07-MG";"UOP02-DEL07-MG"
201833;2019-04-07;"domingo";"14:17:00";"RJ";40;84;"PETROPOLIS";"Pista Escorregadia";"Tombamento";"Com Vítimas Feridas";"Pleno dia";"Crescente";"Céu Claro";"Simples";"Curva";"Não";1;0;1;0;0;0;1;1;-22,52145512;-43,23707996;"SPRF-RJ";"DEL06-RJ";"UOP01-DEL06-RJ"
201834;2019-04-07;"domingo";"13:55:00";"PB";230;137,9;"CAMPINA GRANDE";"Velocidade Incompatível";"Saída de leito carroçável";"Com Vítimas Feridas";"Pleno dia";"Decrescente";"Nublado";"Dupla";"Curva";"Não";2;0;2;0;0;0;2;1;-7,271112;-35,786466;"SPRF-PB";"DEL02-PB";"UOP01-DEL02-PB"
201835;2019-04-07;"domingo";"12:20:00";"RO";364;422;"JARU";"Falta de Atenção à Condução";"Colisão transversal";"Com Vítimas Feridas";"Pleno dia";"Crescente";"Céu Claro";"Simples";"Reta";"Não";2;0;2;0;0;0;2;2;-10,4597532;-62,4558043;"SPRF-RO";"DEL03-RO";"UOP02-DEL03-RO"
201837;2019-04-07;"domingo";"15:30:00";"ES";101;143;"LINHARES";"Falta de Atenção à Condução";"Colisão traseira";"Com Vítimas Feridas";"Pleno dia";"Decrescente";"Sol";"Dupla";"Curva";"Sim";2;0;1;0;1;0;1;2;-19,34286596;-40,0638568;"SPRF-ES";"DEL04-ES";"UOP01-DEL04-ES"
201839;2019-04-07;"domingo";"15:30:00";"MG";364;20,8;"FRUTAL";"Defeito na Via";"Saída de leito carroçável";"Com Vítimas Feridas";"Pleno dia";"Crescente";"Céu Claro";"Simples";"Reta";"Não";1;0;1;0;0;0;1;1;-20,05634195;-48,82121176;"SPRF-MG";"DEL13-MG";"UOP02-DEL13-MG"
201840;2019-04-07;"domingo";"15:20:00";"SP";116;149,2;"SAO JOSE DOS CAMPOS";"Defeito Mecânico no Veículo";"Colisão com objeto em movimento";"Sem Vítimas";"Pleno dia";"Crescente";"Céu Claro";"Simples";"Reta";"Sim";3;0;0;0;3;0;0;2;-23,20700047;-45,88626861;"SPRF-SP";"DEL02-SP";"UOP01-DEL02-SP"
201843;2019-04-07;"domingo";"15:30:00";"GO";60;299;"ACREUNA";"Falta de Atenção à Condução";"Saída de leito carroçável";"Com Vítimas Feridas";"Pleno dia";"Crescente";"Chuva";"Dupla";"Reta";"Não";3;0;1;1;1;0;2;1;-17,3572;-50,3304;"SPRF-GO";"DEL04-GO";"UOP01-DEL04-GO"
201844;2019-04-07;"domingo";"14:50:00";"PR";116;42;"CAMPINA GRANDE DO SUL";"Velocidade Incompatível";"Saída de leito carroçável";"Sem Vítimas";"Pleno dia";"Crescente";"Garoa/Chuvisco";"Dupla";"Curva;Aclive";"Não";2;0;0;0;2;0;0;1;-25,17611697;-48,874256;"SPRF-PR";"DEL01-PR";"UOP02-DEL01-PR"
201845;2019-04-07;"domingo";"16:30:00";"ES";262;19;"VIANA";"Falta de Atenção à Condução";"Colisão traseira";"Sem Vítimas";"Pleno dia";"Decrescente";"Sol";"Simples";"Reta";"Sim";3;0;0;0;2;1;0;2;-20,3919143;-40,49002338;"SPRF-ES";"DEL01-ES";"UOP01-DEL01-ES"
201847;2019-04-07;"domingo";"16:40:00";"DF";70;14;"BRASILIA";"Desobediência às normas de trânsito pelo condutor";"Colisão transversal";"Com Vítimas Feridas";"Pleno dia";"Decrescente";"Céu Claro";"Dupla";"Reta";"Não";3;0;3;0;0;0;3;2;-15,797312;-48,176056;"SPRF-DF";"DEL01-DF";"UOP02-DEL03-DF"
201848;2019-04-07;"domingo";"15:30:00";"PR";376;421,8;"TIBAGI";"Velocidade Incompatível";"Colisão com objeto estático";"Sem Vítimas";"Pleno dia";"Decrescente";"Chuva";"Simples";"Curva";"Não";1;0;0;0;1;0;0;1;-24,69109535;-50,5811727;"SPRF-PR";"DEL03-PR";"UOP02-DEL03-PR"
201849;2019-04-07;"domingo";"16:20:00";"RS";386;434,8;"NOVA SANTA RITA";"Ingestão de Álcool";"Saída de leito carroçável";"Com Vítimas Feridas";"Pleno dia";"Crescente";"Chuva";"Simples";"Reta";"Não";1;0;1;0;0;0;1;1;-29,843386;-51,285454;"SPRF-RS";"DEL04-RS";"UOP02-DEL04-RS"
201850;2019-04-07;"domingo";"14:00:00";"MG";354;702;"CAXAMBU";"Falta de Atenção à Condução";"Colisão frontal";"Com Vítimas Feridas";"Pleno dia";"Crescente";"Nublado";"Simples";"Ponte";"Sim";2;0;1;0;1;0;1;2;-21,96745;-44,92219;"SPRF-MG";"DEL05-MG";"UOP01-DEL17-MG"
201851;2019-04-07;"domingo";"16:30:00";"PE";232;414,1;"SERRA TALHADA";"Ingestão de Álcool";"Tombamento";"Com Vítimas Feridas";"Pleno dia";"Crescente";"Nublado";"Simples";"Reta";"Sim";1;0;1;0;0;0;1;1;-7,99236282;-38,33750809;"SPRF-PE";"DEL04-PE";"UOP01-DEL04-PE"
201852;2019-04-07;"domingo";"16:55:00";"PB";230;15,1;"CABEDELO";"Não guardar distância de segurança";"Engavetamento";"Com Vítimas Feridas";"Pleno dia";"Crescente";"Céu Claro";"Dupla";"Reta";"Sim";6;0;1;0;4;1;1;4;-7,093;-34,8482;"SPRF-PB";"DEL01-PB";"UOP01-DEL01-PB"
201853;2019-04-07;"domingo";"15:40:00";"AP";156;819,3;"OIAPOQUE";"Falta de Atenção à Condução";"Colisão transversal";"Com Vítimas Feridas";"Pleno dia";"Decrescente";"Nublado";"Simples";"Reta";"Sim";3;0;0;3;0;0;3;2;3,83878842;-51,81774523;"SPRF-AP";"DEL01-AP";"UOP03-DEL01-AP"
201854;2019-04-07;"domingo";"16:10:00";"RJ";101;391;"RIO DE JANEIRO";"Ingestão de Álcool";"Colisão transversal";"Sem Vítimas";"Pleno dia";"Decrescente";"Céu Claro";"Dupla";"Reta";"Não";2;0;0;0;2;0;0;2;-22,894827;-43,68492;"SPRF-RJ";"DEL03-RJ";"UOP01-DEL03-RJ"
201855;2019-04-07;"domingo";"16:10:00";"TO";153;142,5;"ARAGUAINA";"Falta de Atenção à Condução";"Tombamento";"Com Vítimas Feridas";"Pleno dia";"Decrescente";"Nublado";"Dupla";"Reta";"Sim";1;0;1;0;0;0;1;1;-7,18228805;-48,22580095;"SPRF-TO";"DEL02-TO";"UOP01-DEL02-TO"
201857;2019-04-07;"domingo";"17:15:00";"MG";40;464,1;"SETE LAGOAS";"Pista Escorregadia";"Saída de leito carroçável";"Com Vítimas Feridas";"Pleno dia";"Crescente";"Garoa/Chuvisco";"Dupla";"Reta";"Não";2;0;1;0;1;0;1;1;-19,43110896;-44,33657482;"SPRF-MG";"DEL02-MG";"UOP01-DEL02-MG"
201858;2019-04-07;"domingo";"17:15:00";"PR";153;231,8;"TIBAGI";"Falta de Atenção à Condução";"Colisão frontal";"Sem Vítimas";"Pleno dia";"Crescente";"Garoa/Chuvisco";"Simples";"Reta";"Não";2;0;0;0;2;0;0;2;-24,70194299;-50,44758303;"SPRF-PR";"DEL03-PR";"UOP02-DEL03-PR"
201859;2019-04-07;"domingo";"16:50:00";"RN";226;96,1;"SANTA CRUZ";"Velocidade Incompatível";"Saída de leito carroçável";"Com Vítimas Feridas";"Pleno dia";"Crescente";"Garoa/Chuvisco";"Simples";"Curva";"Não";3;0;2;0;1;0;2;1;-6,26291971;-35,89127009;"SPRF-RN";"DEL03-RN";"UOP02-DEL03-RN"
201861;2019-04-07;"domingo";"17:17:00";"RN";110;47,6;"MOSSORO";"Ultrapassagem Indevida";"Colisão lateral";"Com Vítimas Feridas";"Pleno dia";"Decrescente";"Céu Claro";"Simples";"Reta";"Sim";2;0;1;0;0;1;1;2;-5,20338376;-37,32563418;"SPRF-RN";"DEL04-RN";"UOP01-DEL04-RN"
201862;2019-04-07;"domingo";"17:30:00";"CE";20;286;"CANINDE";"Ingestão de Álcool";"Saída de leito carroçável";"Com Vítimas Feridas";"Anoitecer";"Decrescente";"Céu Claro";"Simples";"Reta";"Não";2;0;2;0;0;0;2;1;-4,52856595;-39,3636788;"SPRF-CE";"DEL02-CE";"UOP01-DEL02-CE"
201863;2019-04-07;"domingo";"17:45:00";"RS";158;362;"DILERMANDO DE AGUIAR";"Ingestão de Álcool";"Colisão transversal";"Com Vítimas Feridas";"Anoitecer";"Decrescente";"Nublado";"Simples";"Reta;Interseção de Vias";"Não";4;0;1;1;2;0;2;2;-29,78329625;-54,10877293;"SPRF-RS";"DEL09-RS";"UOP01-DEL09-RS"
201864;2019-04-07;"domingo";"17:20:00";"RJ";495;27,9;"PETROPOLIS";"Velocidade Incompatível";"Queda de ocupante de veículo";"Com Vítimas Feridas";"Anoitecer";"Crescente";"Céu Claro";"Dupla";"Curva";"Não";2;0;1;0;1;0;1;1;-22,397148;-43,110664;"SPRF-RJ";"DEL06-RJ";"UOP02-DEL05-RJ"
201865;2019-04-07;"domingo";"18:00:00";"PE";232;58,2;"POMBOS";"Ingestão de Álcool";"Atropelamento de Pedestre";"Com Vítimas Feridas";"Plena Noite";"Decrescente";"Céu Claro";"Simples";"Reta";"Sim";4;0;2;2;0;0;4;2;-8,14462866;-35,39034714;"SPRF-PE";"DEL01-PE";"UOP02-DEL02PE"
201866;2019-04-07;"domingo";"18:10:00";"PE";408;81,4;"PAUDALHO";"Ingestão de Álcool";"Colisão traseira";"Com Vítimas Feridas";"Plena Noite";"Crescente";"Chuva";"Dupla";"Reta";"Sim";3;0;0;1;2;0;1;3;-7,937872;-35,127376;"SPRF-PE";"DEL01-PE";"UOP01-DEL01-PE"
201867;2019-04-07;"domingo";"18:20:00";"PE";232;12;"JABOATAO DOS GUARARAPES";"Velocidade Incompatível";"Saída de leito carroçável";"Com Vítimas Feridas";"Plena Noite";"Decrescente";"Chuva";"Dupla";"Reta";"Não";4;0;3;0;1;0;3;1;-8,08577691;-35,00345603;"SPRF-PE";"DEL01-PE";"UOP01-DEL01-PE"
201868;2019-04-07;"domingo";"17:05:00";"MG";365;396,1;"PATOS DE MINAS";"Defeito Mecânico no Veículo";"Saída de leito carroçável";"Com Vítimas Feridas";"Pleno dia";"Decrescente";"Céu Claro";"Simples";"Curva";"Não";2;0;2;0;0;0;2;1;-18,62670509;-46,38178104;"SPRF-MG";"DEL10-MG";"UOP01-DEL10-MG"
201869;2019-04-07;"domingo";"16:30:00";"SE";101;150,5;"ESTANCIA";"Falta de Atenção à Condução";"Colisão traseira";"Com Vítimas Feridas";"Pleno dia";"Crescente";"Céu Claro";"Dupla";"Reta";"Sim";4;0;1;0;3;0;1;2;-11,25101095;-37,4365661;"SPRF-SE";"DEL02-SE";"UOP01-DEL02-SE"
201870;2019-04-07;"domingo";"17:05:00";"MG";50;51;"ARAGUARI";"Ingestão de Álcool";"Colisão traseira";"Sem Vítimas";"Pleno dia";"Crescente";"Céu Claro";"Múltipla";"Reta";"Não";2;0;0;0;2;0;0;2;-18,74433705;-48,2313459;"SPRF-MG";"DEL15-MG";"UOP02-DEL15-MG"
201872;2019-04-07;"domingo";"17:40:00";"MG";40;502;"ESMERALDAS";"Falta de Atenção à Condução";"Colisão traseira";"Com Vítimas Fatais";"Anoitecer";"Decrescente";"Céu Claro";"Dupla";"Reta";"Não";2;1;0;0;1;0;0;2;-19,714002;-44,160929;"SPRF-MG";"DEL02-MG";"UOP01-DEL02-MG"
201873;2019-04-07;"domingo";"17:35:00";"SC";101;259,8;"GAROPABA";"Pista Escorregadia";"Capotamento";"Com Vítimas Feridas";"Anoitecer";"Crescente";"Chuva";"Dupla";"Curva";"Não";1;0;1;0;0;0;1;1;-28,02774;-48,704035;"SPRF-SC";"DEL02-SC";"UOP03-DEL02-SC"
201876;2019-04-07;"domingo";"18:50:00";"GO";40;9;"LUZIANIA";"Falta de Atenção à Condução";"Colisão traseira";"Com Vítimas Feridas";"Plena Noite";"Crescente";"Céu Claro";"Dupla";"Reta";"Sim";2;0;1;0;1;0;1;2;-16,131158;-47,957739;"SPRF-DF";"DEL01-DF";"UOP01-DEL01-DF"