"id";"data_inversa";"dia_semana";"horario";"uf";"br";"km";"municipio";"causa_acidente";"tipo_acidente";"classificacao_acidente";"fase_dia";"sentido_via";"condicao_metereologica";"tipo_pista";"tracado_via";"uso_solo";"pessoas";"mortos";"feridos_leves";"feridos_graves";"ilesos";"ignorados";"feridos";"veiculos";"latitude";"longitude";"regional";"delegacia";"uop"
201877;2019-04-07;"domingo";"18:45:00";"RS";116;143,2;"CAXIAS DO SUL";"Falta de Atenção à Condução";"Colisão traseira";"Com Vítimas Feridas";"Plena Noite";"Crescente";"Chuva";"Dupla";"Reta";"Sim";3;0;1;0;2;0;1;3;-29,1201739;-51,12260651;"SPRF-RS";"DEL05-RS";"UOP01-DEL05-RS"
201878;2019-04-07;"domingo";"19:00:00";"RS";116;248;"SAO LEOPOLDO";"Falta de Atenção à Condução";"Colisão traseira";"Com Vítimas Feridas";"Plena Noite";"Decrescente";"Garoa/Chuvisco";"Dupla";"Reta";"Sim";3;0;1;0;2;0;1;2;-29,77605895;-51,15508618;"SPRF-RS";"DEL01-RS";"UOP02-DEL01-RS"
201879;2019-04-07;"domingo";"17:30:00";"PI";316;390,4;"ALEGRETE DO PIAUI";"Falta de Atenção à Condução";"Colisão traseira";"Com Vítimas Feridas";"Pleno dia";"Decrescente";"Nublado";"Simples";"Reta";"Não";2;0;0;1;1;0;1;2;-7,27921525;-40,8313263;"SPRF-PI";"DEL04-PI";"UOP03-DEL04-PI"
201880;2019-04-07;"domingo";"18:55:00";"PR";376;135;"NOVA ESPERANCA";"Desobediência às normas de trânsito pelo condutor";"Saída de leito carroçável";"Com Vítimas Feridas";"Anoitecer";"Decrescente";"Nublado";"Dupla";"Reta";"Sim";4;0;2;0;2;0;2;2;-23,20194138;-52,19689503;"SPRF-PR";"DEL07-PR";"UOP02-DEL09-PR"
201881;2019-04-07;"domingo";"19:00:00";"ES";101;269,9;"SERRA";"Falta de Atenção à Condução";"Tombamento";"Com Vítimas Feridas";"Plena Noite";"Decrescente";"Céu Claro";"Múltipla";"Reta";"Sim";1;0;1;0;0;0;1;1;-20,21740496;-40,26990578;"SPRF-ES";"DEL02-ES";"UOP01-DEL02-ES"
201882;2019-04-07;"domingo";"18:50:00";"MG";459;97;"POUSO ALEGRE";"Pista Escorregadia";"Queda de ocupante de veículo";"Com Vítimas Feridas";"Plena Noite";"Decrescente";"Ignorado";"Simples";"Reta";"Não";2;0;1;1;0;0;2;1;-22,199377;-45,969555;"SPRF-MG";"DEL13-MG";"UOP01-DEL13-MG"
201883;2019-04-07;"domingo";"18:50:00";"SC";282;24,1;"SANTO AMARO DA IMPERATRIZ";"Desobediência às normas de trânsito pelo condutor";"Colisão traseira";"Sem Vítimas";"Plena Noite";"Decrescente";"Chuva";"Simples";"Reta";"Sim";2;0;0;0;2;0;0;2;-27,68268;-48,744614;"SPRF-SC";"DEL01-SC";"UOP03-DEL01-SC"
201884;2019-04-07;"domingo";"19:00:00";"ES";101;402;"ITAPEMIRIM";"Falta de Atenção à Condução";"Tombamento";"Com Vítimas Feridas";"Plena Noite";"Crescente";"Céu Claro";"Simples";"Interseção de Vias";"Sim";2;0;2;0;0;0;2;1;-20,88914562;-40,99003988;"SPRF-ES";"DEL03-ES";"UOP02-DEL03-ES"
201885;2019-04-07;"domingo";"19:20:00";"DF";20;19;"BRASILIA";"Ingestão de Álcool";"Colisão lateral";"Com Vítimas Feridas";"Plena Noite";"Crescente";"Céu Claro";"Dupla";"Reta";"Não";3;0;1;0;2;0;1;2;-15,612175;-47,700928;"SPRF-DF";"DEL02-DF";"UOP01-DEL02-DF"
201886;2019-04-07;"domingo";"18:00:00";"PE";232;195,8;"SANHARO";"Desobediência às normas de trânsito pelo condutor";"Colisão frontal";"Com Vítimas Fatais";"Pleno dia";"Crescente";"Céu Claro";"Simples";"Curva";"Sim";5;1;1;3;0;0;4;2;-8,36836311;-36,56979561;"SPRF-PE";"DEL02-PE";"UOP03-DEL02-PE"
201887;2019-04-07;"domingo";"18:40:00";"GO";153;425,7;"ANAPOLIS";"Velocidade Incompatível";"Colisão traseira";"Com Vítimas Feridas";"Plena Noite";"Decrescente";"Céu Claro";"Dupla";"Retorno Regulamentado";"Não";2;0;1;0;1;0;1;1;-16,213171;-49,0173;"SPRF-GO";"DEL02-GO";"UOP01-DEL02-GO"
201888;2019-04-07;"domingo";"19:10:00";"SC";101;210,5;"SAO JOSE";"Falta de Atenção à Condução";"Colisão traseira";"Com Vítimas Feridas";"Plena Noite";"Decrescente";"Chuva";"Dupla";"Aclive;Reta";"Sim";2;0;0;1;1;0;1;2;-27,6167305;-48,6457265;"SPRF-SC";"DEL01-SC";"UOP01-DEL01-SC"
201889;2019-04-07;"domingo";"14:00:00";"SC";282;42,7;"AGUAS MORNAS";"Desobediência às normas de trânsito pelo condutor";"Colisão transversal";"Com Vítimas Feridas";"Pleno dia";"Crescente";"Chuva";"Simples";"Reta";"Não";2;0;1;0;1;0;1;2;-27,72077;-48,887478;"SPRF-SC";"DEL01-SC";"UOP03-DEL01-SC"
201890;2019-04-07;"domingo";"15:10:00";"SC";282;37,4;"AGUAS MORNAS";"Velocidade Incompatível";"Colisão com objeto estático";"Com Vítimas Feridas";"Pleno dia";"Crescente";"Chuva";"Simples";"Curva";"Não";5;0;5;0;0;0;5;1;-27,707325;-48,842983;"SPRF-SC";"DEL01-SC";"UOP03-DEL01-SC"
201891;2019-04-07;"domingo";"19:10:00";"BA";101;728,3;"EUNAPOLIS";"Velocidade Incompatível";"Saída de leito carroçável";"Com Vítimas Feridas";"Plena Noite";"Decrescente";"Nublado";"Simples";"Reta";"Não";4;0;0;1;3;0;1;1;-16,45568839;-39,57318675;"SPRF-BA";"DEL09-BA";"UOP01-DEL09-BA"
201892;2019-04-07;"domingo";"17:50:00";"SC";470;126,1;"LONTRAS";"Falta de Atenção à Condução";"Colisão transversal";"Com Vítimas Feridas";"Plena Noite";"Crescente";"Chuva";"Simples";"Reta";"Não";3;0;2;0;1;0;2;2;-27,129;-49,538277;"SPRF-SC";"DEL04-SC";"UOP02-DEL04-SC"
201893;2019-04-07;"domingo";"18:30:00";"PR";116;9;"COLOMBO";"Ingestão de Álcool";"Colisão transversal";"Com Vítimas Feridas";"Anoitecer";"Decrescente";"Chuva";"Dupla";"Declive";"Sim";2;0;1;0;1;0;1;2;-25,3708;-49,1246;"SPRF-PR";"DEL01-PR";"UOP02-DEL01-PR"
201894;2019-04-07;"domingo";"19:30:00";"GO";251;31,5;"CRISTALINA";"Falta de Atenção do Pedestre";"Atropelamento de Pedestre";"Com Vítimas Feridas";"Plena Noite";"Decrescente";"Nublado";"Simples";"Reta";"Sim";2;0;0;1;1;0;1;2;-16,07547768;-47,52869776;"SPRF-DF";"DEL01-DF";"UOP01-DEL01-DF"
201896;2019-04-06;"sábado";"22:00:00";"SC";470;119;"IBIRAMA";"Falta de Atenção à Condução";"Atropelamento de Pedestre";"Com Vítimas Feridas";"Plena Noite";"Decrescente";"Chuva";"Simples";"Curva";"Sim";2;0;0;1;1;0;1;2;-27,08083135;-49,500103;"SPRF-SC";"DEL04-SC";"UOP02-DEL04-SC"
201897;2019-04-07;"domingo";"19:30:00";"PE";316;77;"OURICURI";"Falta de Atenção à Condução";"Colisão frontal";"Com Vítimas Feridas";"Plena Noite";"Decrescente";"Nublado";"Simples";"Declive;Reta";"Não";7;0;4;1;2;0;5;2;-7,84472319;-40,12960214;"SPRF-PE";"DEL05-PE";"UOP02-DEL05-PE"
201898;2019-04-07;"domingo";"19:00:00";"SP";116;184,3;"SANTA ISABEL";"Avarias e/ou desgaste excessivo no pneu";"Saída de leito carroçável";"Com Vítimas Feridas";"Plena Noite";"Decrescente";"Chuva";"Simples";"Reta";"Não";4;0;2;0;2;0;2;1;-23,35197301;-46,180058;"SPRF-SP";"DEL02-SP";"UOP01-DEL02-SP"
201899;2019-04-07;"domingo";"19:00:00";"MS";267;475;"GUIA LOPES DA LAGUNA";"Falta de Atenção à Condução";"Colisão lateral";"Com Vítimas Feridas";"Plena Noite";"Crescente";"Céu Claro";"Dupla";"Reta";"Sim";2;0;0;1;1;0;1;2;-21,4444852;-56,09780106;"SPRF-MS";"DEL05-MS";"UOP01-DEL05-MS"
201900;2019-04-07;"domingo";"20:15:00";"PR";369;154,1;"LONDRINA";"Falta de Atenção à Condução";"Queda de ocupante de veículo";"Com Vítimas Feridas";"Plena Noite";"Decrescente";"Céu Claro";"Dupla";"Reta";"Não";2;0;2;0;0;0;2;1;-23,29810292;-51,19478166;"SPRF-PR";"DEL07-PR";"UOP01-DEL07-PR"
201901;2019-04-07;"domingo";"20:10:00";"RS";0;0;"CANOAS";"Falta de Atenção à Condução";"Colisão transversal";"Com Vítimas Feridas";"Plena Noite";"Não Informado";"Céu Claro";"Dupla";"Interseção de Vias";"Sim";2;0;1;0;1;0;1;2;-29,90420449;-51,17664859;"SPRF-RS";"DEL01-RS";"UOP01-DEL01-RS"
201902;2019-04-07;"domingo";"18:00:00";"RJ";116;190;"QUEIMADOS";"Falta de Atenção à Condução";"Colisão lateral";"Com Vítimas Feridas";"Anoitecer";"Decrescente";"Céu Claro";"Dupla";"Reta";"Sim";3;0;1;0;2;0;1;2;-22,74123776;-43,5007311;"SPRF-RJ";"DEL01-RJ";"UOP03-DEL01-RJ"
201904;2019-04-07;"domingo";"18:50:00";"RS";392;47,4;"RIO GRANDE";"Falta de Atenção do Pedestre";"Atropelamento de Pedestre";"Com Vítimas Feridas";"Plena Noite";"Crescente";"Céu Claro";"Dupla";"Reta";"Não";3;0;1;0;2;0;1;2;-31,90118807;-52,31761641;"SPRF-RS";"DEL07-RS";"UOP02-DEL07-RS"
201905;2019-04-07;"domingo";"19:30:00";"PB";230;337,1;"PATOS";"Ingestão de Álcool";"Colisão frontal";"Com Vítimas Feridas";"Plena Noite";"Crescente";"Chuva";"Simples";"Interseção de Vias";"Sim";2;0;1;0;1;0;1;2;-7,0084;-37,2829;"SPRF-PB";"DEL03-PB";"UOP01-DEL03-PB"
201906;2019-04-07;"domingo";"18:30:00";"PE";101;0,2;"GOIANA";"Ingestão de Álcool";"Saída de leito carroçável";"Com Vítimas Feridas";"Plena Noite";"Crescente";"Céu Claro";"Dupla";"Curva";"Sim";1;0;1;0;0;0;1;1;-7,50310783;-34,98592797;"SPRF-PE";"DEL01-PE";"UOP02-DEL01-PE"
201909;2019-04-07;"domingo";"20:35:00";"PR";369;176;"ROLANDIA";"Ingestão de Álcool";"Colisão transversal";"Com Vítimas Feridas";"Plena Noite";"Decrescente";"Céu Claro";"Simples";"Reta";"Não";2;0;0;1;1;0;1;2;-23,34157284;-51,38700485;"SPRF-PR";"DEL07-PR";"UOP01-DEL07-PR"
201910;2019-04-07;"domingo";"20:00:00";"PR";116;139;"MANDIRITUBA";"Desobediência às normas de trânsito pelo condutor";"Colisão com objeto estático";"Sem Vítimas";"Plena Noite";"Crescente";"Chuva";"Dupla";"Reta";"Sim";2;0;0;0;2;0;0;2;-25,719412;-49,318027;"SPRF-PR";"DEL01-PR";"UOP03-DEL01-PR"
201912;2019-03-16;"sábado";"20:05:00";"PR";158;512,4;"CORONEL VIVIDA";"Ingestão de Álcool";"Saída de leito carroçável";"Com Vítimas Fatais";"Plena Noite";"Decrescente";"Chuva";"Simples";"Reta";"Não";2;1;0;1;0;0;1;1;-26,04287282;-52,62090924;"SPRF-PR";"DEL02-PR";"UOP01-DEL02-PR"
201913;2019-04-07;"domingo";"19:15:00";"RS";386;244,2;"SOLEDADE";"Ingestão de Álcool";"Colisão frontal";"Com Vítimas Feridas";"Plena Noite";"Decrescente";"Garoa/Chuvisco";"Simples";"Reta";"Sim";4;0;2;0;2;0;2;2;-28,796595;-52,517769;"SPRF-RS";"DEL04-RS";"UOP03-DEL04-RS"
201914;2019-04-07;"domingo";"20:50:00";"RS";116;531,1;"CAPAO DO LEAO";"Desobediência às normas de trânsito pelo condutor";"Colisão transversal";"Com Vítimas Feridas";"Plena Noite";"Decrescente";"Céu Claro";"Simples";"Interseção de Vias";"Sim";4;0;1;1;0;2;2;3;-31,76484347;-52,44483238;"SPRF-RS";"DEL07-RS";"UOP01-DEL07-RS"
201915;2019-04-07;"domingo";"08:45:00";"RS";285;520;"VITORIA DAS MISSOES";"Ingestão de Álcool";"Colisão traseira";"Com Vítimas Feridas";"Plena Noite";"Decrescente";"Nublado";"Simples";"Curva";"Não";8;0;3;0;5;0;3;3;-28,398592;-54,493732;"SPRF-RS";"DEL10-RS";"UOP01-DEL10-RS"
201920;2019-04-07;"domingo";"18:50:00";"SC";101;422;"ARARANGUA";"Falta de Atenção à Condução";"Colisão traseira";"Sem Vítimas";"Plena Noite";"Decrescente";"Chuva";"Múltipla";"Aclive";"Sim";2;0;0;0;2;0;0;2;-29,00612225;-49,56558585;"SPRF-SC";"DEL02-SC";"UOP02-DEL02-SC"
201921;2019-04-07;"domingo";"18:55:00";"SC";101;422;"ARARANGUA";"Objeto estático sobre o leito carroçável";"Colisão com objeto estático";"Com Vítimas Feridas";"Plena Noite";"Decrescente";"Chuva";"Múltipla";"Viaduto";"Sim";2;0;2;0;0;0;2;2;-29,00912804;-49,57006112;"SPRF-SC";"DEL02-SC";"UOP02-DEL02-SC"
201922;2019-04-07;"domingo";"12:52:00";"PR";153;142,3;"VENTANIA";"Animais na Pista";"Capotamento";"Com Vítimas Feridas";"Pleno dia";"Decrescente";"Chuva";"Simples";"Reta";"Não";1;0;0;1;0;0;1;1;-24,1142589;-50,24419703;"SPRF-PR";"DEL07-PR";"UOP04-DEL07-PR"
201923;2019-04-07;"domingo";"20:45:00";"SP";116;270;"TABOAO DA SERRA";"Desobediência às normas de trânsito pelo condutor";"Colisão transversal";"Com Vítimas Feridas";"Plena Noite";"Decrescente";"Nublado";"Dupla";"Reta";"Sim";2;0;1;0;1;0;1;2;-23,61799728;-46,79677694;"SPRF-SP";"DEL04-SP";"UOP01-DEL04-SP"
201924;2019-04-07;"domingo";"21:30:00";"RJ";101;59;"CAMPOS DOS GOYTACAZES";"Falta de Atenção à Condução";"Colisão transversal";"Com Vítimas Feridas";"Plena Noite";"Decrescente";"Nublado";"Simples";"Reta";"Sim";2;0;1;0;1;0;1;2;-21,71366497;-41,30861915;"SPRF-RJ";"DEL08-RJ";"UOP01-DEL08-RJ"
201925;2019-04-07;"domingo";"20:00:00";"MT";163;860;"SINOP";"Ingestão de Álcool";"Saída de leito carroçável";"Sem Vítimas";"Plena Noite";"Decrescente";"Chuva";"Simples";"Reta";"Não";1;0;0;0;1;0;0;1;-11,76856796;-55,47109916;"SPRF-MT";"DEL06-MT";"UOP02-DEL06-MT"
201926;2019-04-07;"domingo";"20:30:00";"RS";470;218;"BENTO GONCALVES";"Falta de Atenção à Condução";"Saída de leito carroçável";"Com Vítimas Feridas";"Plena Noite";"Crescente";"Chuva";"Simples";"Curva;Declive";"Não";5;0;1;0;4;0;1;1;-29,18577815;-51,52108714;"SPRF-RS";"DEL06-RS";"UOP01-DEL06-RS"
201927;2019-04-07;"domingo";"18:50:00";"RJ";101;423;"MANGARATIBA";"Ingestão de Álcool";"Atropelamento de Pedestre";"Com Vítimas Feridas";"Plena Noite";"Crescente";"Chuva";"Simples";"Reta";"Não";2;0;0;1;1;0;1;2;-22,91801286;-43,94820686;"SPRF-RJ";"DEL03-RJ";"UOP01-DEL03-RJ"
201928;2019-04-07;"domingo";"21:30:00";"MG";40;472;"SETE LAGOAS";"Falta de Atenção à Condução";"Saída de leito carroçável";"Com Vítimas Feridas";"Plena Noite";"Decrescente";"Chuva";"Dupla";"Reta";"Não";1;0;1;0;0;0;1;1;-19,47543632;-44,29066576;"SPRF-MG";"DEL02-MG";"UOP01-DEL02-MG"
201929;2019-04-07;"domingo";"19:00:00";"RJ";101;574;"PARATY";"Falta de Atenção à Condução";"Colisão transversal";"Com Vítimas Feridas";"Plena Noite";"Crescente";"Nublado";"Simples";"Reta";"Sim";3;0;2;0;1;0;2;2;-23,21106418;-44,73373262;"SPRF-RJ";"DEL03-RJ";"UOP04-DEL03-RJ"
201930;2019-04-07;"domingo";"20:40:00";"RJ";101;305;"SAO GONCALO";"Defeito Mecânico no Veículo";"Atropelamento de Pedestre";"Com Vítimas Feridas";"Plena Noite";"Crescente";"Céu Claro";"Dupla";"Reta";"Sim";4;0;2;0;2;0;2;2;-22,78702832;-42,99589293;"SPRF-RJ";"DEL02-RJ";"DEL5/2-UOP04/RJ"
201934;2019-04-07;"domingo";"22:05:00";"MG";40;467;"SETE LAGOAS";"Defeito Mecânico no Veículo";"Colisão traseira";"Com Vítimas Feridas";"Pleno dia";"Decrescente";"Céu Claro";"Dupla";"Reta";"Não";5;0;1;0;2;2;1;4;-19,45038924;-44,3166822;"SPRF-MG";"DEL02-MG";"UOP01-DEL02-MG"
201935;2019-04-07;"domingo";"22:20:00";"ES";101;29;"CONCEICAO DA BARRA";"Condutor Dormindo";"Saída de leito carroçável";"Sem Vítimas";"Plena Noite";"Decrescente";"Céu Claro";"Simples";"Reta";"Não";1;0;0;0;1;0;0;1;-18,39992188;-39,93877968;"SPRF-ES";"DEL04-ES";"UOP02-DEL04-ES"
201936;2019-04-07;"domingo";"20:00:00";"MG";50;177,7;"UBERABA";"Falta de Atenção à Condução";"Saída de leito carroçável";"Sem Vítimas";"Plena Noite";"Crescente";"Chuva";"Dupla";"Aclive";"Sim";1;0;0;0;1;0;0;1;-19,77914852;-47,95047701;"SPRF-MG";"DEL13-MG";"UOP01-DEL13-MG"
201940;2019-04-07;"domingo";"22:00:00";"PE";428;185,5;"PETROLINA";"Falta de Atenção à Condução";"Saída de leito carroçável";"Sem Vítimas";"Plena Noite";"Crescente";"Ignorado";"Simples";"Interseção de Vias";"Não";1;0;0;0;0;1;0;1;-9,2935799;-40,44633865;"SPRF-PE";"DEL06-PE";"UOP01-DEL06-PE"
201941;2019-04-07;"domingo";"18:30:00";"SC";282;36,8;"AGUAS MORNAS";"Velocidade Incompatível";"Saída de leito carroçável";"Com Vítimas Feridas";"Plena Noite";"Decrescente";"Chuva";"Simples";"Reta";"Não";1;0;1;0;0;0;1;1;-27,70664909;-48,84096757;"SPRF-SC";"DEL01-SC";"UOP03-DEL01-SC"
201942;2019-04-07;"domingo";"18:30:00";"BA";116;11;"VITORIA DA CONQUISTA";"Desobediência às normas de trânsito pelo condutor";"Colisão lateral";"Sem Vítimas";"Anoitecer";"Crescente";"Chuva";"Simples";"Reta";"Sim";2;0;0;0;2;0;0;2;-14,851;-40,8485;"SPRF-BA";"DEL08-BA";"UOP01-DEL08-BA"
201946;2019-04-07;"domingo";"21:50:00";"MS";163;492,7;"CAMPO GRANDE";"Ingestão de Álcool";"Atropelamento de Pedestre";"Com Vítimas Feridas";"Plena Noite";"Crescente";"Nublado";"Simples";"Curva";"Não";2;0;0;1;1;0;1;2;-20,38213996;-54,54055016;"SPRF-MS";"DEL01-MS";"UOP02-DEL01-MS"
201947;2019-04-07;"domingo";"23:00:00";"PR";376;176,1;"MARINGA";"Falta de Atenção à Condução";"Colisão traseira";"Com Vítimas Feridas";"Plena Noite";"Decrescente";"Nublado";"Dupla";"Interseção de Vias";"Sim";2;0;0;1;1;0;1;2;-23,4111044;-51,93974376;"SPRF-PR";"DEL07-PR";"UOP01-DEL09-PR"
201948;2019-04-07;"domingo";"23:25:00";"SP";116;450;"REGISTRO";"Falta de Atenção à Condução";"Queda de ocupante de veículo";"Com Vítimas Feridas";"Plena Noite";"Decrescente";"Chuva";"Dupla";"Viaduto";"Sim";1;0;1;0;0;0;1;1;-24,53728295;-47,85899314;"SPRF-SP";"DEL05-SP";"UOP01-DEL05-SP"
201949;2019-04-07;"domingo";"20:40:00";"SC";282;669,8;"PARAISO";"Falta de Atenção à Condução";"Colisão traseira";"Com Vítimas Feridas";"Plena Noite";"Crescente";"Nevoeiro/Neblina";"Simples";"Curva";"Não";2;0;1;0;1;0;1;2;-26,62868522;-53,64449854;"SPRF-SC";"DEL07-SC";"UOP03-DEL07-SC"
201950;2019-04-07;"domingo";"22:30:00";"MS";163;410,9;"NOVA ALVORADA DO SUL";"Ingestão de Álcool";"Atropelamento de Pedestre";"Com Vítimas Fatais";"Plena Noite";"Crescente";"Céu Claro";"Simples";"Reta";"Não";3;1;0;0;2;0;0;2;-21,07073806;-54,49450723;"SPRF-MS";"DEL02-MS";"UOP01-DEL02-MS"
201951;2019-04-07;"domingo";"22:45:00";"SC";101;366,3;"ICARA";"Velocidade Incompatível";"Saída de leito carroçável";"Com Vítimas Feridas";"Plena Noite";"Crescente";"Chuva";"Dupla";"Reta";"Não";5;0;2;2;1;0;4;1;-28,68718511;-49,15621795;"SPRF-SC";"DEL02-SC";"UOP01-DEL02-SC"
201953;2019-04-07;"domingo";"22:40:00";"SC";470;86,7;"ASCURRA";"Ingestão de Álcool";"Colisão traseira";"Com Vítimas Feridas";"Plena Noite";"Decrescente";"Chuva";"Simples";"Reta";"Sim";2;0;1;0;1;0;1;2;-26,9564356;-49,37394798;"SPRF-SC";"DEL04-SC";"UOP01-DEL04-SC"
201954;2019-04-07;"domingo";"22:35:00";"PI";343;345;"TERESINA";"Mal Súbito";"Colisão com objeto estático";"Com Vítimas Feridas";"Plena Noite";"Crescente";"Céu Claro";"Dupla";"Rotatória";"Sim";2;0;0;2;0;0;2;1;-5,10594786;-42,76768327;"SPRF-PI";"DEL01-PI";"UOP01-DEL01-PI"
201955;2019-04-07;"domingo";"21:45:00";"RN";405;79,3;"APODI";"Ingestão de Álcool";"Tombamento";"Com Vítimas Feridas";"Plena Noite";"Decrescente";"Nublado";"Simples";"Curva";"Sim";2;0;1;0;0;1;1;1;-5,678237;-37,787497;"SPRF-RN";"DEL04-RN";"UOP02-DEL04-RN"
201956;2019-04-07;"domingo";"23:20:00";"PR";277;696,2;"SAO MIGUEL DO IGUACU";"Velocidade Incompatível";"Capotamento";"Com Vítimas Feridas";"Plena Noite";"Decrescente";"Nublado";"Dupla";"Reta";"Não";2;0;1;0;1;0;1;2;-25,38683788;-54,29509407;"SPRF-PR";"DEL05-PR";"UOP01-DEL05-PR"
201960;2019-04-07;"domingo";"19:30:00";"PR";277;201,1;"PALMEIRA";"Falta de Atenção à Condução";"Saída de leito carroçável";"Sem Vítimas";"Plena Noite";"Decrescente";"Chuva";"Simples";"Curva";"Não";3;0;0;0;3;0;0;1;-25,45817002;-50,21181499;"SPRF-PR";"DEL03-PR";"UOP02-DEL08-PR"
201962;2019-04-07;"domingo";"19:15:00";"MG";365;815;"SANTA VITORIA";"Falta de Atenção à Condução";"Colisão traseira";"Com Vítimas Feridas";"Plena Noite";"Crescente";"Nublado";"Simples";"Declive";"Não";2;0;1;0;1;0;1;2;-18,88376516;-50,04859802;"SPRF-MG";"DEL15-MG";"UOP03-DEL15-MG"
201963;2019-04-08;"segunda-feira";"01:00:00";"PR";476;119;"COLOMBO";"Desobediência às normas de trânsito pelo condutor";"Colisão com objeto estático";"Sem Vítimas";"Plena Noite";"Crescente";"Chuva";"Múltipla";"Reta";"Sim";1;0;0;0;0;1;0;1;-25,364202;-49,185825;"SPRF-PR";"DEL01-PR";"UOP07-DEL01-PR"
201964;2019-04-08;"segunda-feira";"00:45:00";"MG";365;498,6;"PATROCINIO";"Condutor Dormindo";"Colisão frontal";"Com Vítimas Fatais";"Plena Noite";"Crescente";"Ignorado";"Simples";"Reta";"Não";4;1;1;1;1;0;2;2;-18,94027306;-47,21904491;"SPRF-MG";"DEL10-MG";"UOP01-DEL10-MG"
201965;2019-04-07;"domingo";"20:39:00";"SC";116;32,1;"ITAIOPOLIS";"Pista Escorregadia";"Colisão traseira";"Sem Vítimas";"Plena Noite";"Crescente";"Chuva";"Simples";"Reta";"Não";2;0;0;0;2;0;0;2;-26,32181178;-49,97952713;"SPRF-SC";"DEL06-SC";"UOP01-DEL06-SC"
201967;2019-04-07;"domingo";"22:45:00";"BA";110;66,5;"JEREMOABO";"Falta de Atenção à Condução";"Colisão frontal";"Com Vítimas Feridas";"Plena Noite";"Decrescente";"Céu Claro";"Simples";"Curva";"Não";2;0;0;1;1;0;1;2;-10,02015426;-38,32185556;"SPRF-BA";"DEL07-BA";"UOP01-DEL07-BA"
201969;2019-04-08;"segunda-feira";"02:20:00";"SC";101;198;"SAO JOSE";"Falta de Atenção à Condução";"Saída de leito carroçável";"Sem Vítimas";"Plena Noite";"Decrescente";"Garoa/Chuvisco";"Múltipla";"Reta";"Sim";2;0;0;0;1;1;0;2;-27,52658712;-48,63506019;"SPRF-SC";"DEL01-SC";"UOP01-DEL01-SC"
201970;2019-04-08;"segunda-feira";"02:20:00";"SP";116;224,5;"GUARULHOS";"Pista Escorregadia";"Queda de ocupante de veículo";"Com Vítimas Feridas";"Plena Noite";"Decrescente";"Chuva";"Múltipla";"Reta";"Sim";1;0;0;1;0;0;1;1;-23,48509644;-46,54016852;"SPRF-SP";"DEL01-SP";"UOP01-DEL01-SP"
201971;2019-04-08;"segunda-feira";"02:26:00";"GO";40;3,7;"VALPARAISO DE GOIAS";"Falta de Atenção à Condução";"Colisão com objeto estático";"Sem Vítimas";"Plena Noite";"Decrescente";"Céu Claro";"Dupla";"Ponte";"Sim";4;0;0;0;4;0;0;1;-16,076081;-47,985671;"SPRF-DF";"DEL01-DF";"UOP01-DEL01-DF"
201975;2019-04-07;"domingo";"21:30:00";"RJ";101;307;"SAO GONCALO";"Falta de Atenção à Condução";"Colisão com objeto estático";"Com Vítimas Feridas";"Plena Noite";"Decrescente";"Céu Claro";"Dupla";"Reta";"Não";1;0;1;0;0;0;1;1;-22,79115777;-43,01514205;"SPRF-RJ";"DEL02-RJ";"DEL5/2-UOP04/RJ"
201976;2019-04-08;"segunda-feira";"03:30:00";"SP";116;218,9;"GUARULHOS";"Não guardar distância de segurança";"Engavetamento";"Com Vítimas Feridas";"Plena Noite";"Crescente";"Nublado";"Dupla";"Reta";"Sim";3;0;1;0;2;0;1;3;-23,457972;-46,479927;"SPRF-SP";"DEL01-SP";"UOP01-DEL01-SP"
201979;2019-04-07;"domingo";"21:30:00";"GO";60;385;"RIO VERDE";"Falta de Atenção à Condução";"Colisão traseira";"Com Vítimas Feridas";"Plena Noite";"Crescente";"Chuva";"Dupla";"Reta";"Sim";2;0;1;0;1;0;1;2;-17,7964;-50,914;"SPRF-GO";"DEL04-GO";"UOP01-DEL04-GO"
201981;2019-04-08;"segunda-feira";"06:25:00";"SE";101;93;"NOSSA SENHORA DO SOCORRO";"Pista Escorregadia";"Saída de leito carroçável";"Com Vítimas Feridas";"Pleno dia";"Decrescente";"Chuva";"Dupla";"Reta";"Não";2;0;1;0;1;0;1;1;-10,90212319;-37,14494787;"SPRF-SE";"DEL01-SE";"UOP01-DEL01-SE"
201985;2019-04-08;"segunda-feira";"07:00:00";"BA";101;738,3;"ITABELA";"Falta de Atenção à Condução";"Colisão traseira";"Com Vítimas Feridas";"Pleno dia";"Decrescente";"Céu Claro";"Simples";"Reta";"Não";2;0;0;1;0;1;1;2;-16,68294895;-39,48716295;"SPRF-BA";"DEL09-BA";"UOP01-DEL09-BA"
201986;2019-04-08;"segunda-feira";"06:10:00";"MS";262;413,4;"TERENOS";"Defeito Mecânico no Veículo";"Colisão frontal";"Com Vítimas Fatais";"Pleno dia";"Crescente";"Céu Claro";"Simples";"Reta";"Não";7;2;1;3;0;1;4;3;-20,4459936;-55,14233508;"SPRF-MS";"DEL01-MS";"UOP03-DEL01-MS"
201987;2019-04-08;"segunda-feira";"02:00:00";"BA";101;896;"NOVA VICOSA";"Ingestão de Álcool";"Saída de leito carroçável";"Com Vítimas Feridas";"Plena Noite";"Crescente";"Céu Claro";"Simples";"Curva";"Não";3;0;3;0;0;0;3;1;-17,89587195;-39,81936412;"SPRF-BA";"DEL09-BA";"UOP02-DEL09-BA"