"id";"data_inversa";"dia_semana";"horario";"uf";"br";"km";"municipio";"causa_acidente";"tipo_acidente";"classificacao_acidente";"fase_dia";"sentido_via";"condicao_metereologica";"tipo_pista";"tracado_via";"uso_solo";"pessoas";"mortos";"feridos_leves";"feridos_graves";"ilesos";"ignorados";"feridos";"veiculos";"latitude";"longitude";"regional";"delegacia";"uop"
202106;2019-04-08;"segunda-feira";"17:20:00";"PR";376;677;"GUARATUBA";"Velocidade Incompatível";"Capotamento";"Com Vítimas Feridas";"Pleno dia";"Decrescente";"Chuva";"Múltipla";"Curva";"Não";2;0;2;0;0;0;2;1;-25,93367517;-48,9113003;"SPRF-PR";"DEL01-PR";"UOP04-DEL01-PR"
202108;2019-04-08;"segunda-feira";"17:20:00";"SC";282;17;"PALHOCA";"Falta de Atenção à Condução";"Colisão transversal";"Com Vítimas Feridas";"Anoitecer";"Decrescente";"Céu Claro";"Simples";"Reta";"Sim";2;0;1;0;1;0;1;2;-27,665707;-48,688065;"SPRF-SC";"DEL01-SC";"UOP02-DEL01-SC"
202110;2019-04-08;"segunda-feira";"02:00:00";"MT";174;460;"COMODORO";"Animais na Pista";"Atropelamento de Animal";"Com Vítimas Feridas";"Plena Noite";"Decrescente";"Ignorado";"Simples";"Reta";"Não";1;0;0;1;0;0;1;1;-13,8854558486;-59,7625319101;"SPRF-MT";"DEL04-MT";"UOP01-DEL04-MT"
202111;2019-04-08;"segunda-feira";"17:00:00";"BA";324;606;"SIMOES FILHO";"Defeito Mecânico no Veículo";"Tombamento";"Com Vítimas Feridas";"Anoitecer";"Decrescente";"Céu Claro";"Dupla";"Reta";"Não";1;0;1;0;0;0;1;1;-12,79340512;-38,40485325;"SPRF-BA";"DEL01-BA";"UOP01-DEL01-BA"
202112;2019-04-08;"segunda-feira";"17:50:00";"GO";40;4;"VALPARAISO DE GOIAS";"Velocidade Incompatível";"Colisão traseira";"Com Vítimas Feridas";"Anoitecer";"Decrescente";"Céu Claro";"Dupla";"Reta";"Sim";3;0;0;1;1;1;1;3;-16,08722316;-47,98574388;"SPRF-DF";"DEL01-DF";"UOP01-DEL01-DF"
202113;2019-04-08;"segunda-feira";"17:40:00";"RS";448;9,1;"CANOAS";"Defeito Mecânico no Veículo";"Tombamento";"Com Vítimas Feridas";"Pleno dia";"Decrescente";"Céu Claro";"Dupla";"Reta";"Não";1;0;1;0;0;0;1;1;-29,896093;-51,244072;"SPRF-RS";"DEL01-RS";"UOP02-DEL01-RS"
202114;2019-04-08;"segunda-feira";"18:00:00";"MA";316;591,1;"TIMON";"Desobediência às normas de trânsito pelo condutor";"Colisão frontal";"Com Vítimas Feridas";"Plena Noite";"Crescente";"Chuva";"Simples";"Curva";"Não";3;0;1;2;0;0;3;2;-5,00419;-43,032372;"SPRF-MA";"DEL03-MA";"UOP02-DEL03-MA"
202115;2019-04-08;"segunda-feira";"18:00:00";"CE";226;314;"JAGUARIBE";"Falta de Atenção à Condução";"Colisão lateral";"Com Vítimas Feridas";"Plena Noite";"Decrescente";"Céu Claro";"Simples";"Reta";"Não";4;0;0;3;0;1;3;3;-5,94386;-38,6328;"SPRF-CE";"DEL02-CE";"UOP02-DEL02-CE"
202116;2019-04-08;"segunda-feira";"16:15:00";"MG";381;482,1;"BETIM";"Falta de Atenção à Condução";"Colisão lateral";"Com Vítimas Feridas";"Pleno dia";"Crescente";"Nublado";"Múltipla";"Reta";"Sim";3;0;2;0;1;0;2;2;-19,9588682;-44,07002449;"SPRF-MG";"DEL01-MG";"UOP03-DEL01-MG"
202117;2019-04-08;"segunda-feira";"16:00:00";"SC";101;366;"SANGAO";"Defeito Mecânico no Veículo";"Tombamento";"Com Vítimas Feridas";"Pleno dia";"Decrescente";"Nublado";"Dupla";"Reta";"Não";2;0;2;0;0;0;2;1;-28,68718511;-49,15621795;"SPRF-SC";"DEL02-SC";"UOP01-DEL02-SC"
202118;2019-04-08;"segunda-feira";"17:40:00";"RJ";116;76;"TERESOPOLIS";"Falta de Atenção do Pedestre";"Atropelamento de Pedestre";"Com Vítimas Feridas";"Amanhecer";"Crescente";"Garoa/Chuvisco";"Simples";"Curva";"Sim";2;0;0;1;0;1;1;2;-22,36124312;-42,94876288;"SPRF-RJ";"DEL04-RJ";"UOP01-DEL04-RJ"
202119;2019-04-08;"segunda-feira";"18:30:00";"CE";20;414;"MARACANAU";"Falta de Atenção à Condução";"Colisão transversal";"Com Vítimas Feridas";"Plena Noite";"Crescente";"Céu Claro";"Simples";"Reta";"Sim";3;0;1;0;1;1;1;3;-3,81593253;-38,63382969;"SPRF-CE";"DEL01-CE";"UOP01-DEL01-CE"
202120;2019-04-08;"segunda-feira";"18:00:00";"SE";101;73,2;"MARUIM";"Falta de Atenção à Condução";"Colisão com objeto estático";"Com Vítimas Feridas";"Plena Noite";"Crescente";"Céu Claro";"Simples";"Reta;Em Obras;Declive";"Não";1;0;1;0;0;0;1;1;-10,75674403;-37,10467696;"SPRF-SE";"DEL01-SE";"UOP01-DEL01-SE"
202121;2019-04-08;"segunda-feira";"17:20:00";"PA";316;23;"BENEVIDES";"Desobediência às normas de trânsito pelo condutor";"Colisão transversal";"Com Vítimas Feridas";"Pleno dia";"Decrescente";"Céu Claro";"Dupla";"Reta;Retorno Regulamentado";"Não";2;0;1;0;1;0;1;2;-1,35718985;-48,25993907;"SPRF-PA";"DEL01-PA";"DEL19/1-UOP05/PA"
202122;2019-04-08;"segunda-feira";"18:30:00";"DF";40;3,5;"BRASILIA";"Desobediência às normas de trânsito pelo condutor";"Colisão lateral";"Com Vítimas Feridas";"Plena Noite";"Crescente";"Garoa/Chuvisco";"Dupla";"Reta";"Não";2;0;0;1;1;0;1;2;-16,003145;-47,983944;"SPRF-DF";"DEL01-DF";"UOP01-DEL01-DF"
202123;2019-04-08;"segunda-feira";"18:40:00";"MG";262;830;"UBERABA";"Desobediência às normas de trânsito pelo condutor";"Colisão traseira";"Com Vítimas Feridas";"Plena Noite";"Crescente";"Chuva";"Dupla";"Reta";"Não";3;0;1;0;1;1;1;2;-19,74260935;-48,19850805;"SPRF-MG";"DEL13-MG";"UOP01-DEL13-MG"
202124;2019-04-08;"segunda-feira";"18:25:00";"PR";277;594;"CASCAVEL";"Ingestão de Álcool";"Colisão transversal";"Com Vítimas Feridas";"Pleno dia";"Crescente";"Céu Claro";"Simples";"Interseção de Vias";"Não";2;0;1;0;1;0;1;2;-24,9794792;-53,49232599;"SPRF-PR";"DEL04-PR";"UOP01-DEL04-PR"
202125;2019-04-08;"segunda-feira";"15:30:00";"PR";277;250,8;"IRATI";"Velocidade Incompatível";"Saída de leito carroçável";"Com Vítimas Feridas";"Pleno dia";"Crescente";"Chuva";"Simples";"Reta";"Não";2;0;1;0;1;0;1;1;-25,453166;-50,651406;"SPRF-PR";"DEL03-PR";"UOP02-DEL08-PR"
202126;2019-04-08;"segunda-feira";"18:50:00";"PR";369;170,5;"ROLANDIA";"Ingestão de Álcool";"Atropelamento de Pedestre";"Com Vítimas Feridas";"Plena Noite";"Decrescente";"Céu Claro";"Simples";"Reta";"Sim";2;0;1;0;1;0;1;2;-23,300967;-51,3462668;"SPRF-PR";"DEL07-PR";"UOP01-DEL07-PR"
202127;2019-04-08;"segunda-feira";"17:00:00";"RO";364;197,7;"PIMENTA BUENO";"Falta de Atenção à Condução";"Colisão transversal";"Com Vítimas Feridas";"Pleno dia";"Crescente";"Céu Claro";"Dupla";"Reta";"Sim";3;0;2;0;1;0;2;2;-11,67880278;-61,1878925;"SPRF-RO";"DEL02-RO";"UOP02-DEL02-RO"
202129;2019-04-08;"segunda-feira";"14:45:00";"MG";381;615;"OLIVEIRA";"Defeito Mecânico no Veículo";"Capotamento";"Com Vítimas Feridas";"Pleno dia";"Crescente";"Chuva";"Dupla";"Reta";"Não";4;0;4;0;0;0;4;1;-20,74424605;-44,7725478;"SPRF-MG";"DEL04-MG";"UOP01-DEL04-MG"
202130;2019-04-08;"segunda-feira";"17:35:00";"RO";364;711;"PORTO VELHO";"Falta de Atenção à Condução";"Colisão traseira";"Com Vítimas Feridas";"Anoitecer";"Crescente";"Nublado";"Dupla";"Reta";"Sim";3;0;1;0;2;0;1;2;-8,78153947;-63,86531369;"SPRF-RO";"DEL01-RO";"UOP01-DEL01-RO"
202131;2019-04-08;"segunda-feira";"17:00:00";"RS";287;391;"SANTIAGO";"Ingestão de Álcool";"Colisão transversal";"Com Vítimas Feridas";"Pleno dia";"Crescente";"Céu Claro";"Simples";"Aclive";"Não";2;0;0;1;1;0;1;2;-29,22926496;-54,83801589;"SPRF-RS";"DEL12-RS";"UOP02-DEL12-RS"
202132;2019-04-08;"segunda-feira";"18:15:00";"MT";163;836,3;"SINOP";"Desobediência às normas de trânsito pelo condutor";"Colisão transversal";"Sem Vítimas";"Plena Noite";"Decrescente";"Nublado";"Simples";"Reta";"Sim";2;0;0;0;2;0;0;2;-11,977922;-55,517017;"SPRF-MT";"DEL06-MT";"UOP02-DEL06-MT"
202133;2019-04-08;"segunda-feira";"19:30:00";"PE";104;79,2;"AGRESTINA";"Falta de Atenção do Pedestre";"Atropelamento de Pedestre";"Com Vítimas Feridas";"Plena Noite";"Crescente";"Chuva";"Simples";"Reta";"Não";2;0;1;1;0;0;2;2;-8,389074;-35,974712;"SPRF-PE";"DEL02-PE";"UOP01-DEL02-PE"
202134;2019-04-08;"segunda-feira";"18:15:00";"MG";116;522,3;"CARATINGA";"Falta de Atenção à Condução";"Colisão lateral";"Com Vítimas Feridas";"Plena Noite";"Decrescente";"Céu Claro";"Simples";"Reta";"Sim";2;0;1;0;1;0;1;2;-19,74300101;-42,13231969;"SPRF-MG";"DEL06-MG";"UOP02-DEL06-MG"
202135;2019-04-08;"segunda-feira";"18:40:00";"SC";280;56,3;"GUARAMIRIM";"Falta de Atenção à Condução";"Colisão traseira";"Com Vítimas Feridas";"Anoitecer";"Crescente";"Céu Claro";"Simples";"Curva";"Sim";2;0;1;0;1;0;1;2;-26,47947677;-49,00298702;"SPRF-SC";"DEL03-SC";"UOP03-DEL03-SC"
202136;2019-04-08;"segunda-feira";"14:20:00";"RJ";493;99;"SEROPEDICA";"Falta de Atenção à Condução";"Capotamento";"Com Vítimas Feridas";"Pleno dia";"Decrescente";"Céu Claro";"Dupla";"Reta";"Não";2;0;1;0;1;0;1;1;-22,735426;-43,718857;"SPRF-RJ";"DEL03-RJ";"UOP01-DEL03-RJ"
202137;2019-04-08;"segunda-feira";"18:10:00";"MT";163;834,4;"SINOP";"Falta de Atenção do Pedestre";"Atropelamento de Pedestre";"Com Vítimas Feridas";"Plena Noite";"Decrescente";"Céu Claro";"Dupla";"Rotatória";"Sim";2;0;1;0;1;0;1;2;-11,86621;-55,49668;"SPRF-MT";"DEL06-MT";"UOP01-DEL06-MT"
202140;2019-04-08;"segunda-feira";"18:30:00";"PR";277;103,9;"CAMPO LARGO";"Não guardar distância de segurança";"Engavetamento";"Com Vítimas Feridas";"Anoitecer";"Decrescente";"Chuva";"Dupla";"Reta;Declive";"Não";3;0;1;0;2;0;1;3;-25,43170171;-49,3995058;"SPRF-PR";"DEL01-PR";"UOP06-DEL01-PR"
202142;2019-04-08;"segunda-feira";"19:00:00";"SP";116;548,1;"BARRA DO TURVO";"Velocidade Incompatível";"Queda de ocupante de veículo";"Com Vítimas Feridas";"Plena Noite";"Decrescente";"Chuva";"Dupla";"Curva";"Não";1;0;1;0;0;0;1;1;-24,96676021;-48,45054549;"SPRF-SP";"DEL05-SP";"UOP02-DEL05-SP"
202145;2019-04-08;"segunda-feira";"18:20:00";"MT";174;3,5;"PONTES E LACERDA";"Desobediência às normas de trânsito pelo condutor";"Colisão lateral";"Com Vítimas Feridas";"Plena Noite";"Decrescente";"Céu Claro";"Simples";"Reta";"Sim";2;0;0;1;1;0;1;2;-15,24010353;-59,3363465;"SPRF-MT";"DEL04-MT";"UOP01-DEL04-MT"
202146;2019-04-08;"segunda-feira";"19:10:00";"MG";356;273,2;"PATROCINIO DO MURIAE";"Animais na Pista";"Atropelamento de Animal";"Com Vítimas Feridas";"Plena Noite";"Decrescente";"Nublado";"Simples";"Curva";"Não";1;0;1;0;0;0;1;1;-21,13692575;-42,30183406;"SPRF-MG";"DEL07-MG";"UOP02-DEL07-MG"
202147;2019-04-08;"segunda-feira";"19:20:00";"RS";386;131,8;"SARANDI";"Ingestão de Álcool";"Colisão transversal";"Com Vítimas Feridas";"Plena Noite";"Crescente";"Céu Claro";"Simples";"Reta";"Não";2;0;1;0;1;0;1;2;-27,941469;-52,939953;"SPRF-RS";"DEL08-RS";"UOP01-DEL08-RS"
202148;2019-04-08;"segunda-feira";"19:10:00";"SC";101;289,3;"IMBITUBA";"Falta de Atenção à Condução";"Colisão frontal";"Com Vítimas Feridas";"Plena Noite";"Crescente";"Nublado";"Simples";"Interseção de Vias;Reta";"Sim";2;0;1;0;1;0;1;2;-28,25395282;-48,70289554;"SPRF-SC";"DEL02-SC";"UOP03-DEL02-SC"
202149;2019-04-08;"segunda-feira";"20:30:00";"ES";101;263,9;"SERRA";"Desobediência às normas de trânsito pelo condutor";"Colisão transversal";"Com Vítimas Feridas";"Plena Noite";"Decrescente";"Céu Claro";"Múltipla";"Reta";"Sim";2;0;0;1;1;0;1;2;-20,16554736;-40,27301648;"SPRF-ES";"DEL02-ES";"UOP01-DEL02-ES"
202150;2019-04-08;"segunda-feira";"19:45:00";"MT";174;293,7;"PONTES E LACERDA";"Animais na Pista";"Atropelamento de Animal";"Com Vítimas Feridas";"Plena Noite";"Crescente";"Céu Claro";"Simples";"Aclive";"Não";1;0;1;0;0;0;1;1;-15,18889293;-59,32384877;"SPRF-MT";"DEL04-MT";"UOP01-DEL04-MT"
202151;2019-04-08;"segunda-feira";"20:20:00";"RJ";116;167;"RIO DE JANEIRO";"Falta de Atenção à Condução";"Colisão traseira";"Com Vítimas Feridas";"Plena Noite";"Crescente";"Chuva";"Múltipla";"Reta";"Sim";2;0;1;0;1;0;1;2;-22,79727344;-43,35853815;"SPRF-RJ";"DEL01-RJ";"UOP02-DEL01-RJ"
202152;2019-04-08;"segunda-feira";"19:30:00";"SP";381;88;"GUARULHOS";"Falta de Atenção à Condução";"Engavetamento";"Com Vítimas Feridas";"Plena Noite";"Crescente";"Chuva";"Dupla";"Reta";"Sim";4;0;1;0;3;0;1;4;-23,47469314;-46,56112919;"SPRF-SP";"DEL03-SP";"UOP01-DEL03-SP"
202154;2019-03-14;"quinta-feira";"12:45:00";"PE";428;136,9;"LAGOA GRANDE";"Animais na Pista";"Colisão com objeto estático";"Com Vítimas Feridas";"Pleno dia";"Decrescente";"Ignorado";"Simples";"Aclive";"Não";1;0;0;1;0;0;1;1;-8,98275484;-40,25367558;"SPRF-PE";"DEL06-PE";"UOP03-DEL06-PE"
202155;2019-04-08;"segunda-feira";"18:00:00";"MG";262;511,9;"LUZ";"Não guardar distância de segurança";"Colisão traseira";"Sem Vítimas";"Anoitecer";"Crescente";"Chuva";"Simples";"Reta";"Não";7;0;0;0;7;0;0;3;-19,77917095;-45,53760802;"SPRF-MG";"DEL08-MG";"UOP03-DEL08-MG"
202157;2019-04-08;"segunda-feira";"21:40:00";"RS";290;87;"PORTO ALEGRE";"Condutor Dormindo";"Atropelamento de Pedestre";"Com Vítimas Feridas";"Plena Noite";"Decrescente";"Céu Claro";"Dupla";"Reta";"Não";3;0;1;1;1;0;2;2;-29,967838;-51,127197;"SPRF-RS";"DEL01-RS";"UOP01-DEL01-RS"
202158;2019-04-08;"segunda-feira";"21:45:00";"SP";116;64,3;"GUARATINGUETA";"Restrição de Visibilidade";"Capotamento";"Com Vítimas Feridas";"Plena Noite";"Crescente";"Chuva";"Dupla";"Ponte";"Não";2;0;2;0;0;0;2;1;-22,81942006;-45,18421298;"SPRF-SP";"DEL08-SP";"UOP01-DEL08-SP"
202159;2019-04-08;"segunda-feira";"18:00:00";"MT";70;514;"VARZEA GRANDE";"Falta de Atenção à Condução";"Colisão traseira";"Sem Vítimas";"Plena Noite";"Crescente";"Nublado";"Simples";"Interseção de Vias";"Não";2;0;0;0;2;0;0;2;-15,70718251;-56,1322993;"SPRF-MT";"DEL01-MT";"DEL2/4-UOP02/MT"
202161;2019-04-08;"segunda-feira";"22:10:00";"SC";101;208;"SAO JOSE";"Falta de Atenção à Condução";"Colisão lateral";"Sem Vítimas";"Plena Noite";"Decrescente";"Nublado";"Múltipla";"Interseção de Vias";"Não";2;0;0;0;1;1;0;2;-27,60327979;-48,63201818;"SPRF-SC";"DEL01-SC";"UOP01-DEL01-SC"
202162;2019-04-08;"segunda-feira";"20:35:00";"MG";50;179,1;"UBERABA";"Falta de Atenção à Condução";"Tombamento";"Com Vítimas Feridas";"Plena Noite";"Decrescente";"Chuva";"Dupla";"Reta";"Sim";1;0;1;0;0;0;1;1;-19,77827047;-47,93140998;"SPRF-MG";"DEL13-MG";"UOP01-DEL13-MG"
202164;2019-04-08;"segunda-feira";"23:10:00";"PR";277;346,6;"GUARAPUAVA";"Animais na Pista";"Atropelamento de Animal";"Sem Vítimas";"Plena Noite";"Crescente";"Céu Claro";"Simples";"Reta";"Não";1;0;0;0;1;0;0;1;-25,33928412;-51,42880296;"SPRF-PR";"DEL03-PR";"UOP01-DEL08-PR"
202167;2019-01-01;"terça-feira";"11:50:00";"PB";230;205,5;"SOLEDADE";"Desobediência às normas de trânsito pelo condutor";"Colisão transversal";"Com Vítimas Feridas";"Pleno dia";"Crescente";"Céu Claro";"Simples";"Interseção de Vias";"Não";6;0;1;3;2;0;4;2;-7,0918;-36,2802;"SPRF-PB";"DEL02-PB";"UOP02-DEL02-PB"
202168;2019-04-08;"segunda-feira";"21:00:00";"RS";285;121,4;"VACARIA";"Desobediência às normas de trânsito pelo condutor";"Colisão transversal";"Com Vítimas Feridas";"Plena Noite";"Decrescente";"Céu Claro";"Simples";"Interseção de Vias";"Sim";4;0;2;0;2;0;2;2;-28,510252;-50,935688;"SPRF-RS";"DEL05-RS";"UOP03-DEL05-RS"
202172;2019-04-08;"segunda-feira";"23:10:00";"PB";230;25,9;"JOAO PESSOA";"Falta de Atenção à Condução";"Colisão com objeto estático";"Com Vítimas Feridas";"Plena Noite";"Decrescente";"Céu Claro";"Dupla";"Reta";"Sim";1;0;1;0;0;0;1;1;-7,16914832;-34,88039169;"SPRF-PB";"DEL01-PB";"UOP01-DEL01-PB"
202175;2019-04-09;"terça-feira";"01:20:00";"PR";277;84,1;"CURITIBA";"Velocidade Incompatível";"Colisão com objeto estático";"Com Vítimas Feridas";"Plena Noite";"Crescente";"Nublado";"Dupla";"Curva";"Não";1;0;1;0;0;0;1;1;-25,568939;-49,181978;"SPRF-PR";"DEL01-PR";"UOP07-DEL01-PR"
202177;2019-04-08;"segunda-feira";"23:45:00";"RO";364;424,6;"JARU";"Desobediência às normas de trânsito pelo condutor";"Colisão transversal";"Com Vítimas Feridas";"Plena Noite";"Crescente";"Céu Claro";"Múltipla";"Interseção de Vias";"Sim";2;0;1;0;1;0;1;2;-10,44457274;-62,46568412;"SPRF-RO";"DEL03-RO";"UOP02-DEL03-RO"
202178;2019-04-09;"terça-feira";"01:40:00";"MG";381;921,3;"ITAPEVA";"Velocidade Incompatível";"Capotamento";"Com Vítimas Feridas";"Plena Noite";"Crescente";"Nublado";"Dupla";"Curva;Declive";"Não";1;0;1;0;0;0;1;1;-22,76285074;-46,17038479;"SPRF-MG";"DEL16-MG";"UOP03-DEL16-MG"
202181;2019-04-09;"terça-feira";"02:00:00";"SC";101;113,7;"ITAJAI";"Restrição de Visibilidade";"Colisão traseira";"Com Vítimas Feridas";"Plena Noite";"Crescente";"Nevoeiro/Neblina";"Simples";"Reta";"Não";2;0;1;0;1;0;1;2;-26,85311393;-48,72689927;"SPRF-SC";"DEL04-SC";"UOP04-DEL04-SC"
202185;2019-04-09;"terça-feira";"06:10:00";"GO";40;1,5;"VALPARAISO DE GOIAS";"Desobediência às normas de trânsito pelo condutor";"Colisão transversal";"Com Vítimas Feridas";"Amanhecer";"Decrescente";"Garoa/Chuvisco";"Dupla";"Reta";"Sim";2;0;1;0;1;0;1;2;-16,05689731;-47,98242331;"SPRF-DF";"DEL01-DF";"UOP01-DEL01-DF"
202186;2019-04-09;"terça-feira";"06:35:00";"SP";116;222,7;"SAO PAULO";"Desobediência às normas de trânsito pelo condutor";"Colisão lateral";"Com Vítimas Feridas";"Pleno dia";"Crescente";"Garoa/Chuvisco";"Múltipla";"Reta";"Sim";2;0;1;0;1;0;1;2;-23,47093408;-46,51631097;"SPRF-SP";"DEL01-SP";"UOP01-DEL01-SP"
202188;2019-04-09;"terça-feira";"07:00:00";"PE";428;184;"PETROLINA";"Falta de Atenção à Condução";"Colisão lateral";"Com Vítimas Feridas";"Pleno dia";"Crescente";"Céu Claro";"Simples";"Reta";"Sim";2;0;1;0;1;0;1;2;-9,33211208;-40,46621385;"SPRF-PE";"DEL06-PE";"UOP01-DEL06-PE"
202190;2019-04-09;"terça-feira";"06:40:00";"MG";262;62,4;"MANHUACU";"Condutor Dormindo";"Saída de leito carroçável";"Com Vítimas Feridas";"Pleno dia";"Crescente";"Nublado";"Simples";"Curva";"Não";1;0;1;0;0;0;1;1;-20,29261013;-42,22680397;"SPRF-MG";"DEL06-MG";"UOP03-DEL06-MG"
202191;2019-04-09;"terça-feira";"07:00:00";"SC";280;53;"GUARAMIRIM";"Desobediência às normas de trânsito pelo condutor";"Colisão lateral";"Com Vítimas Feridas";"Amanhecer";"Decrescente";"Sol";"Simples";"Reta";"Sim";2;0;1;0;0;1;1;2;-26,47236756;-48,97426617;"SPRF-SC";"DEL03-SC";"UOP03-DEL03-SC"
202193;2019-04-09;"terça-feira";"07:00:00";"SP";381;57;"MAIRIPORA";"Pista Escorregadia";"Capotamento";"Com Vítimas Feridas";"Pleno dia";"Decrescente";"Chuva";"Dupla";"Reta";"Não";1;0;1;0;0;0;1;1;-23,2658219;-46,5839857;"SPRF-SP";"DEL03-SP";"UOP01-DEL03-SP"
202196;2019-04-09;"terça-feira";"07:15:00";"PR";376;165,5;"MARINGA";"Avarias e/ou desgaste excessivo no pneu";"Tombamento";"Com Vítimas Feridas";"Pleno dia";"Crescente";"Céu Claro";"Dupla";"Reta";"Não";2;0;2;0;0;0;2;1;-23,39038641;-52,01421918;"SPRF-PR";"DEL07-PR";"UOP01-DEL09-PR"
202197;2019-04-08;"segunda-feira";"16:50:00";"BA";242;415;"SEABRA";"Falta de Atenção à Condução";"Colisão transversal";"Com Vítimas Feridas";"Pleno dia";"Decrescente";"Céu Claro";"Simples";"Reta";"Sim";3;0;2;0;0;1;2;2;-12,42862043;-41,77926194;"SPRF-BA";"DEL06-BA";"UOP01-DEL06-BA"
202198;2019-04-09;"terça-feira";"07:20:00";"PR";476;158,5;"ARAUCARIA";"Falta de Atenção à Condução";"Colisão traseira";"Com Vítimas Feridas";"Pleno dia";"Crescente";"Céu Claro";"Simples";"Reta";"Sim";2;0;1;0;1;0;1;2;-25,613539;-49,424255;"SPRF-PR";"DEL01-PR";"UOP03-DEL01-PR"
202200;2019-04-09;"terça-feira";"07:00:00";"RN";304;113;"ACU";"Desobediência às normas de trânsito pelo condutor";"Colisão lateral";"Com Vítimas Feridas";"Pleno dia";"Crescente";"Céu Claro";"Simples";"Reta";"Não";4;0;4;0;0;0;4;2;-5,60581126;-36,91306313;"SPRF-RN";"DEL04-RN";"UOP01-DEL04-RN"
202201;2019-04-09;"terça-feira";"07:25:00";"RN";101;97;"NATAL";"Falta de Atenção à Condução";"Colisão traseira";"Com Vítimas Feridas";"Pleno dia";"Decrescente";"Sol";"Dupla";"Reta";"Sim";2;0;1;0;1;0;1;2;-5,85758898;-35,21271205;"SPRF-RN";"DEL01-RN";"UOP01-DEL01-RN"
202202;2019-04-09;"terça-feira";"07:50:00";"SP";153;61,8;"SAO JOSE DO RIO PRETO";"Não guardar distância de segurança";"Engavetamento";"Com Vítimas Feridas";"Pleno dia";"Crescente";"Céu Claro";"Dupla";"Declive;Reta";"Sim";8;0;1;0;7;0;1;3;-20,80502876;-49,35574909;"SPRF-SP";"DEL09-SP";"UOP01-DEL09-SP"
202204;2019-04-09;"terça-feira";"07:00:00";"RJ";101;412;"MANGARATIBA";"Fenômenos da Natureza";"Colisão com objeto estático";"Com Vítimas Feridas";"Pleno dia";"Crescente";"Chuva";"Simples";"Reta";"Não";1;0;1;0;0;0;1;1;-22,89720365;-43,85639217;"SPRF-RJ";"DEL03-RJ";"UOP01-DEL03-RJ"
202205;2019-04-09;"terça-feira";"07:48:00";"ES";101;268;"SERRA";"Falta de Atenção à Condução";"Colisão traseira";"Com Vítimas Feridas";"Pleno dia";"Crescente";"Céu Claro";"Múltipla";"Reta";"Sim";2;0;2;0;0;0;2;2;-20,20842;-40,269405;"SPRF-ES";"DEL02-ES";"UOP01-DEL02-ES"
202206;2019-04-09;"terça-feira";"08:30:00";"RS";470;216;"BENTO GONCALVES";"Falta de Atenção à Condução";"Colisão transversal";"Com Vítimas Feridas";"Pleno dia";"Crescente";"Céu Claro";"Simples";"Reta";"Sim";2;0;1;0;1;0;1;2;-29,17119047;-51,52453076;"SPRF-RS";"DEL06-RS";"UOP01-DEL06-RS"
202208;2019-04-08;"segunda-feira";"16:30:00";"RJ";0;0;"SAO JOAO DE MERITI";"Falta de Atenção à Condução";"Colisão frontal";"Sem Vítimas";"Pleno dia";"Não Informado";"Nublado";"Dupla";"Reta";"Sim";4;0;0;0;4;0;0;1;-22,7839538;-43,38195488;"SPRF-RJ";"DEL01-RJ";"UOP02-DEL01-RJ"
202209;2019-04-09;"terça-feira";"08:00:00";"GO";153;517;"APARECIDA DE GOIANIA";"Condutor Dormindo";"Saída de leito carroçável";"Sem Vítimas";"Amanhecer";"Crescente";"Nublado";"Dupla";"Reta";"Não";1;0;0;0;1;0;0;1;-16,867;-49,2505;"SPRF-GO";"DEL01-GO";"UOP03-DEL01-GO"
202211;2019-04-09;"terça-feira";"07:18:00";"RJ";101;461;"ANGRA DOS REIS";"Pista Escorregadia";"Colisão lateral";"Sem Vítimas";"Pleno dia";"Crescente";"Chuva";"Simples";"Curva";"Não";2;0;0;0;2;0;0;2;-23,02906521;-44,1997005;"SPRF-RJ";"DEL03-RJ";"UOP03-DEL03-RJ"
202212;2019-04-09;"terça-feira";"07:00:00";"SP";116;208;"GUARULHOS";"Pista Escorregadia";"Colisão traseira";"Com Vítimas Feridas";"Pleno dia";"Decrescente";"Garoa/Chuvisco";"Dupla";"Reta";"Sim";4;0;1;0;2;1;1;3;-23,42387281;-46,39864224;"SPRF-SP";"DEL01-SP";"UOP01-DEL01-SP"
202214;2019-04-09;"terça-feira";"08:10:00";"MT";163;833;"SINOP";"Falta de Atenção à Condução";"Queda de ocupante de veículo";"Com Vítimas Feridas";"Pleno dia";"Decrescente";"Nublado";"Dupla";"Reta";"Sim";1;0;1;0;0;0;1;1;-11,88002;-55,50012;"SPRF-MT";"DEL06-MT";"UOP01-DEL06-MT"
202215;2019-04-09;"terça-feira";"08:50:00";"RS";480;72;"ERECHIM";"Desobediência às normas de trânsito pelo condutor";"Colisão transversal";"Com Vítimas Feridas";"Pleno dia";"Crescente";"Céu Claro";"Simples";"Reta";"Sim";2;0;1;0;1;0;1;2;-27,6399839;-52,30602492;"SPRF-RS";"DEL08-RS";"UOP04-DEL08-RS"
202216;2019-04-09;"terça-feira";"09:00:00";"AL";101;79;"RIO LARGO";"Velocidade Incompatível";"Queda de ocupante de veículo";"Com Vítimas Feridas";"Pleno dia";"Crescente";"Céu Claro";"Simples";"Curva";"Não";1;0;0;1;0;0;1;1;-9,440261;-35,836445;"SPRF-AL";"DEL01-AL";"UOP01-DEL01-AL"