"id";"data_inversa";"dia_semana";"horario";"uf";"br";"km";"municipio";"causa_acidente";"tipo_acidente";"classificacao_acidente";"fase_dia";"sentido_via";"condicao_metereologica";"tipo_pista";"tracado_via";"uso_solo";"pessoas";"mortos";"feridos_leves";"feridos_graves";"ilesos";"ignorados";"feridos";"veiculos";"latitude";"longitude";"regional";"delegacia";"uop"
202219;2019-04-09;"terça-feira";"09:30:00";"RN";101;100;"NATAL";"Falta de Atenção à Condução";"Colisão lateral";"Com Vítimas Feridas";"Pleno dia";"Crescente";"Céu Claro";"Múltipla";"Reta";"Sim";2;0;1;0;1;0;1;2;-5,88106901;-35,22542396;"SPRF-RN";"DEL01-RN";"UOP01-DEL01-RN"
202220;2019-04-09;"terça-feira";"08:45:00";"PR";369;161;"CAMBE";"Não guardar distância de segurança";"Engavetamento";"Com Vítimas Feridas";"Pleno dia";"Decrescente";"Nublado";"Dupla";"Reta;Aclive";"Sim";6;0;3;0;3;0;3;3;-23,29129094;-51,2652567;"SPRF-PR";"DEL07-PR";"UOP01-DEL07-PR"
202221;2019-04-09;"terça-feira";"10:32:00";"PR";376;179;"MARINGA";"Desobediência às normas de trânsito pelo condutor";"Colisão transversal";"Com Vítimas Feridas";"Pleno dia";"Crescente";"Céu Claro";"Dupla";"Reta";"Não";3;0;3;0;0;0;3;2;-23,42244278;-51,90360392;"SPRF-PR";"DEL07-PR";"UOP01-DEL09-PR"
202223;2019-04-09;"terça-feira";"10:30:00";"RS";293;2,2;"PELOTAS";"Falta de Atenção à Condução";"Colisão transversal";"Com Vítimas Feridas";"Pleno dia";"Decrescente";"Céu Claro";"Simples";"Reta";"Não";2;0;1;0;1;0;1;2;-31,750426;-52,35999499;"SPRF-RS";"DEL07-RS";"UOP01-DEL07-RS"
202226;2019-04-09;"terça-feira";"07:00:00";"RN";405;76,9;"APODI";"Desobediência às normas de trânsito pelo condutor";"Colisão frontal";"Com Vítimas Feridas";"Pleno dia";"Crescente";"Sol";"Simples";"Curva";"Sim";2;0;0;1;0;1;1;2;-5,65242499;-37,79945928;"SPRF-RN";"DEL04-RN";"UOP02-DEL04-RN"
202227;2019-04-09;"terça-feira";"10:50:00";"RJ";116;168;"SAO JOAO DE MERITI";"Defeito Mecânico no Veículo";"Incêndio";"Sem Vítimas";"Pleno dia";"Decrescente";"Chuva";"Múltipla";"Reta";"Sim";1;0;0;0;1;0;0;1;-22,819969;-43,31499997;"SPRF-RJ";"DEL01-RJ";"UOP02-DEL01-RJ"
202229;2019-04-09;"terça-feira";"11:10:00";"SC";280;52,7;"GUARAMIRIM";"Desobediência às normas de trânsito pelo condutor";"Colisão transversal";"Com Vítimas Feridas";"Pleno dia";"Crescente";"Céu Claro";"Simples";"Reta";"Não";2;0;1;0;1;0;1;2;-26,468904;-48,96492;"SPRF-SC";"DEL03-SC";"UOP03-DEL03-SC"
202231;2019-04-09;"terça-feira";"11:30:00";"RS";0;0;"CANOAS";"Não guardar distância de segurança";"Colisão traseira";"Com Vítimas Feridas";"Pleno dia";"Não Informado";"Céu Claro";"Múltipla";"Reta";"Sim";4;0;1;0;2;1;1;4;-29,93824211;-51,17697869;"SPRF-RS";"DEL01-RS";"UOP01-DEL01-RS"
202232;2019-04-09;"terça-feira";"11:30:00";"SP";381;12;"VARGEM";"Desobediência às normas de trânsito pelo condutor";"Colisão traseira";"Sem Vítimas";"Pleno dia";"Crescente";"Céu Claro";"Múltipla";"Reta";"Não";3;0;0;0;3;0;0;3;-22,92855105;-46,46168398;"SPRF-SP";"DEL03-SP";"UOP02-DEL03-SP"
202234;2019-04-09;"terça-feira";"10:20:00";"SC";282;220,9;"LAGES";"Desobediência às normas de trânsito pelo condutor";"Colisão transversal";"Com Vítimas Feridas";"Pleno dia";"Decrescente";"Sol";"Simples";"Rotatória";"Sim";2;0;2;0;0;0;2;2;-27,794014;-50,33363;"SPRF-SC";"DEL05-SC";"UOP01-DEL05-SC"
202236;2019-04-09;"terça-feira";"11:00:00";"SC";101;132;"BALNEARIO CAMBORIU";"Falta de Atenção à Condução";"Colisão transversal";"Com Vítimas Feridas";"Pleno dia";"Crescente";"Céu Claro";"Dupla";"Interseção de Vias";"Sim";2;0;1;0;1;0;1;2;-26,99654133;-48,65564711;"SPRF-SC";"DEL04-SC";"UOP03-DEL04-SC"
202237;2019-04-09;"terça-feira";"09:20:00";"MT";163;828;"SINOP";"Animais na Pista";"Atropelamento de Animal";"Com Vítimas Feridas";"Pleno dia";"Decrescente";"Céu Claro";"Simples";"Reta";"Sim";2;0;1;0;0;1;1;2;-11,92272;-55,51134;"SPRF-MT";"DEL06-MT";"UOP01-DEL06-MT"
202238;2019-04-09;"terça-feira";"12:00:00";"MG";381;616;"OLIVEIRA";"Pista Escorregadia";"Capotamento";"Com Vítimas Feridas";"Pleno dia";"Crescente";"Chuva";"Dupla";"Curva";"Não";1;0;1;0;0;0;1;1;-20,75304819;-44,77475634;"SPRF-MG";"DEL04-MG";"UOP01-DEL04-MG"
202239;2019-04-09;"terça-feira";"12:50:00";"ES";101;377,5;"ICONHA";"Falta de Atenção à Condução";"Colisão transversal";"Com Vítimas Feridas";"Pleno dia";"Decrescente";"Nublado";"Simples";"Reta";"Sim";2;0;1;0;1;0;1;2;-20,794271;-40,811726;"SPRF-ES";"DEL03-ES";"UOP01-DEL03-ES"
202243;2019-04-09;"terça-feira";"12:40:00";"SC";280;241;"CANOINHAS";"Velocidade Incompatível";"Capotamento";"Com Vítimas Feridas";"Pleno dia";"Crescente";"Céu Claro";"Simples";"Reta";"Não";1;0;1;0;0;0;1;1;-26,22501599;-50,45997601;"SPRF-SC";"DEL06-SC";"UOP04-DEL06-SC"
202244;2019-04-09;"terça-feira";"12:50:00";"AP";210;0,9;"MACAPA";"Falta de Atenção à Condução";"Tombamento";"Com Vítimas Feridas";"Pleno dia";"Decrescente";"Chuva";"Múltipla";"Reta";"Sim";2;0;1;0;1;0;1;2;0,07816717;-51,06998693;"SPRF-AP";"DEL01-AP";"UOP01-DEL01-AP"
202245;2019-04-09;"terça-feira";"12:20:00";"RO";319;63,4;"PORTO VELHO";"Falta de Atenção à Condução";"Colisão transversal";"Com Vítimas Feridas";"Pleno dia";"Crescente";"Céu Claro";"Múltipla";"Reta";"Sim";2;0;0;1;1;0;1;2;-8,766685;-63,884052;"SPRF-RO";"DEL01-RO";"UOP01-DEL01-RO"
202247;2019-04-09;"terça-feira";"13:00:00";"MG";116;416,4;"GOVERNADOR VALADARES";"Falta de Atenção à Condução";"Colisão transversal";"Com Vítimas Feridas";"Pleno dia";"Decrescente";"Céu Claro";"Simples";"Reta";"Sim";2;0;1;0;1;0;1;2;-18,89215187;-41,94699543;"SPRF-MG";"DEL06-MG";"UOP01-DEL06-MG"
202249;2019-04-09;"terça-feira";"13:40:00";"ES";101;270,1;"SERRA";"Falta de Atenção à Condução";"Colisão traseira";"Sem Vítimas";"Pleno dia";"Decrescente";"Sol";"Dupla";"Reta";"Não";2;0;0;0;2;0;0;2;-20,22662056;-40,27075088;"SPRF-ES";"DEL02-ES";"UOP01-DEL02-ES"
202251;2019-04-09;"terça-feira";"13:45:00";"MG";381;336,3;"BELA VISTA DE MINAS";"Velocidade Incompatível";"Colisão frontal";"Com Vítimas Feridas";"Pleno dia";"Decrescente";"Chuva";"Simples";"Curva";"Não";2;0;1;1;0;0;2;2;-19,8761945;-43,07395935;"SPRF-MG";"DEL03-MG";"UOP01-DEL03-MG"
202252;2019-04-09;"terça-feira";"12:50:00";"SP";153;148,8;"PROMISSAO";"Defeito Mecânico no Veículo";"Tombamento";"Com Vítimas Feridas";"Pleno dia";"Crescente";"Nublado";"Simples";"Declive";"Não";2;0;2;0;0;0;2;1;-21,39944496;-49,78902362;"SPRF-SP";"DEL07-SP";"UOP01-DEL07-SP"
202253;2019-04-09;"terça-feira";"08:45:00";"RJ";101;417;"MANGARATIBA";"Defeito Mecânico no Veículo";"Colisão com objeto estático";"Com Vítimas Feridas";"Pleno dia";"Decrescente";"Chuva";"Simples";"Declive";"Não";1;0;1;0;0;0;1;1;-22,91293797;-43,89732384;"SPRF-RJ";"DEL03-RJ";"UOP01-DEL03-RJ"
202255;2019-04-09;"terça-feira";"08:00:00";"BA";101;204,8;"MURITIBA";"Falta de Atenção à Condução";"Colisão frontal";"Com Vítimas Feridas";"Pleno dia";"Crescente";"Nublado";"Simples";"Curva";"Não";2;0;0;1;1;0;1;2;-12,60310854;-39,01506901;"SPRF-BA";"DEL01-BA";"UOP03-DEL01-BA"
202256;2019-04-09;"terça-feira";"13:00:00";"MS";163;41;"ELDORADO";"Falta de Atenção à Condução";"Tombamento";"Com Vítimas Feridas";"Pleno dia";"Decrescente";"Céu Claro";"Simples";"Reta";"Não";1;0;1;0;0;0;1;1;-23,774;-54,276;"SPRF-MS";"DEL09-MS";"UOP02-DEL09-MS"
202259;2019-04-09;"terça-feira";"12:30:00";"MA";316;436;"PERITORO";"Pista Escorregadia";"Saída de leito carroçável";"Com Vítimas Feridas";"Pleno dia";"Decrescente";"Chuva";"Simples";"Curva";"Não";3;0;3;0;0;0;3;1;-4,413616;-44,2411;"SPRF-MA";"DEL03-MA";"UOP01-DEL03-MA"
202260;2019-04-09;"terça-feira";"09:40:00";"SC";470;106;"APIUNA";"Defeito Mecânico no Veículo";"Incêndio";"Sem Vítimas";"Pleno dia";"Decrescente";"Sol";"Simples";"Reta";"Não";1;0;0;0;1;0;0;1;-27,073105;-49,422935;"SPRF-SC";"DEL04-SC";"UOP02-DEL04-SC"
202261;2019-04-09;"terça-feira";"13:55:00";"MA";230;404;"BALSAS";"Desobediência às normas de trânsito pelo condutor";"Colisão transversal";"Com Vítimas Feridas";"Pleno dia";"Decrescente";"Céu Claro";"Simples";"Rotatória";"Sim";4;0;0;1;3;0;1;2;-7,52204364;-46,04807854;"SPRF-MA";"DEL05-MA";"UOP01-DEL05-MA"
202262;2019-04-09;"terça-feira";"14:25:00";"PR";369;88,5;"CORNELIO PROCOPIO";"Falta de Atenção à Condução";"Saída de leito carroçável";"Sem Vítimas";"Pleno dia";"Decrescente";"Céu Claro";"Dupla";"Declive;Reta";"Sim";2;0;0;0;2;0;0;2;-23,18522906;-50,63960463;"SPRF-PR";"DEL07-PR";"UOP05-DEL07-PR"
202263;2019-04-09;"terça-feira";"15:03:00";"MG";40;559;"NOVA LIMA";"Defeito Mecânico no Veículo";"Saída de leito carroçável";"Com Vítimas Feridas";"Pleno dia";"Decrescente";"Nublado";"Dupla";"Reta";"Sim";2;0;1;0;1;0;1;1;-20,11861708;-43,96783926;"SPRF-MG";"DEL01-MG";"UOP02-DEL01-MG"
202265;2019-03-28;"quinta-feira";"16:35:00";"AC";364;126,7;"RIO BRANCO";"Não guardar distância de segurança";"Colisão lateral";"Com Vítimas Feridas";"Pleno dia";"Crescente";"Céu Claro";"Simples";"Reta";"Sim";2;0;1;0;1;0;1;2;-10,012822;-67,80875;"SPRF-AC";"DEL01-AC";"UOP01-DEL01-AC"
202266;2019-04-07;"domingo";"05:15:00";"PR";277;3;"FOZ DO IGUACU";"Agressão Externa";"Atropelamento de Pedestre";"Com Vítimas Fatais";"Plena Noite";"Crescente";"Céu Claro";"Simples";"Reta";"Sim";2;1;0;0;0;1;0;2;-25,48694297;-54,58272243;"SPRF-PR";"DEL05-PR";"UOP03-DEL05-PR"
202271;2019-04-09;"terça-feira";"11:56:00";"SC";163;68,5;"SAO MIGUEL DO OESTE";"Desobediência às normas de trânsito pelo condutor";"Tombamento";"Com Vítimas Feridas";"Pleno dia";"Crescente";"Sol";"Dupla";"Reta";"Sim";1;0;1;0;0;0;1;1;-26,75038301;-53,50086841;"SPRF-SC";"DEL07-SC";"UOP03-DEL07-SC"
202272;2019-04-09;"terça-feira";"15:50:00";"MG";40;697,3;"BARBACENA";"Falta de Atenção à Condução";"Colisão com objeto estático";"Com Vítimas Feridas";"Pleno dia";"Crescente";"Chuva";"Simples";"Curva";"Sim";1;0;0;1;0;0;1;1;-21,18220608;-43,75464882;"SPRF-MG";"DEL05-MG";"UOP02-DEL05-MG"
202273;2019-04-09;"terça-feira";"16:00:00";"PE";101;50;"ABREU E LIMA";"Falta de Atenção à Condução";"Colisão transversal";"Com Vítimas Feridas";"Pleno dia";"Decrescente";"Céu Claro";"Múltipla";"Reta";"Sim";3;0;1;0;2;0;1;2;-7,90938602;-34,90123228;"SPRF-PE";"DEL01-PE";"UOP02-DEL01-PE"
202275;2019-04-09;"terça-feira";"16:30:00";"SC";101;123;"ITAJAI";"Falta de Atenção à Condução";"Colisão transversal";"Com Vítimas Feridas";"Pleno dia";"Crescente";"Sol";"Simples";"Interseção de Vias";"Sim";2;0;1;0;1;0;1;2;-26,93668609;-48,69876905;"SPRF-SC";"DEL04-SC";"UOP04-DEL04-SC"
202276;2019-04-09;"terça-feira";"13:00:00";"MG";251;272;"SALINAS";"Falta de Atenção à Condução";"Saída de leito carroçável";"Com Vítimas Feridas";"Pleno dia";"Crescente";"Chuva";"Simples";"Curva";"Não";3;0;3;0;0;0;3;1;-15,99433504;-42,04536438;"SPRF-MG";"DEL11-MG";"UOP02-DEL11-MG"
202277;2019-04-09;"terça-feira";"15:45:00";"RS";386;419,6;"MONTENEGRO";"Velocidade Incompatível";"Colisão traseira";"Com Vítimas Feridas";"Pleno dia";"Decrescente";"Sol";"Dupla";"Reta";"Não";3;0;0;1;2;0;1;2;-29,81764;-51,432823;"SPRF-RS";"DEL04-RS";"UOP02-DEL04-RS"
202278;2019-04-09;"terça-feira";"16:20:00";"RJ";101;323;"NITEROI";"Falta de Atenção à Condução";"Colisão lateral";"Com Vítimas Feridas";"Pleno dia";"Crescente";"Céu Claro";"Dupla";"Reta";"Não";3;0;1;0;2;0;1;2;-22,87684786;-43,11728689;"SPRF-RJ";"DEL02-RJ";"UOP02-DEL02-RJ"
202282;2019-04-09;"terça-feira";"17:15:00";"SC";101;216,5;"PALHOCA";"Falta de Atenção à Condução";"Queda de ocupante de veículo";"Com Vítimas Feridas";"Anoitecer";"Crescente";"Céu Claro";"Dupla";"Viaduto";"Não";2;0;1;0;1;0;1;2;-27,65981409;-48,67747798;"SPRF-SC";"DEL01-SC";"UOP02-DEL01-SC"
202283;2019-04-09;"terça-feira";"17:10:00";"GO";40;12;"LUZIANIA";"Desobediência às normas de trânsito pelo condutor";"Colisão transversal";"Com Vítimas Feridas";"Pleno dia";"Crescente";"Céu Claro";"Dupla";"Reta";"Sim";2;0;1;1;0;0;2;2;-16,145123;-47,945382;"SPRF-DF";"DEL01-DF";"UOP01-DEL01-DF"
202284;2019-04-09;"terça-feira";"17:15:00";"PA";163;981,8;"SANTAREM";"Falta de Atenção à Condução";"Atropelamento de Pedestre";"Com Vítimas Feridas";"Pleno dia";"Crescente";"Céu Claro";"Simples";"Reta";"Sim";2;0;0;1;1;0;1;2;-2,62917092;-54,74150509;"SPRF-PA";"DEL05-PA";"UOP01-DEL05-PA"
202287;2019-01-28;"segunda-feira";"07:15:00";"MG";40;512;"RIBEIRAO DAS NEVES";"Velocidade Incompatível";"Colisão lateral";"Com Vítimas Feridas";"Pleno dia";"Crescente";"Céu Claro";"Dupla";"Curva";"Não";2;0;0;1;1;0;1;2;-19,7985;-44,1048;"SPRF-MG";"DEL01-MG";"UOP03-DEL01-MG"
202288;2019-04-09;"terça-feira";"16:30:00";"PI";316;6;"TERESINA";"Ingestão de Álcool";"Colisão traseira";"Com Vítimas Feridas";"Pleno dia";"Crescente";"Céu Claro";"Múltipla";"Interseção de Vias";"Sim";4;0;2;0;2;0;2;3;-5,12477477;-42,79848465;"SPRF-PI";"DEL01-PI";"UOP02-DEL01-PI"
202289;2019-04-09;"terça-feira";"18:10:00";"RS";116;253,4;"SAPUCAIA DO SUL";"Falta de Atenção à Condução";"Tombamento";"Com Vítimas Feridas";"Pleno dia";"Crescente";"Céu Claro";"Dupla";"Reta";"Sim";2;0;2;0;0;0;2;1;-29,81784209;-51,16996166;"SPRF-RS";"DEL01-RS";"UOP02-DEL01-RS"
202290;2019-04-09;"terça-feira";"18:30:00";"PE";316;66,5;"OURICURI";"Defeito na Via";"Saída de leito carroçável";"Com Vítimas Feridas";"Plena Noite";"Decrescente";"Chuva";"Simples";"Declive;Reta";"Não";1;0;1;0;0;0;1;1;-7,78931549;-40,20951831;"SPRF-PE";"DEL05-PE";"UOP02-DEL05-PE"
202291;2019-04-09;"terça-feira";"18:00:00";"PR";277;96;"CURITIBA";"Falta de Atenção do Pedestre";"Atropelamento de Pedestre";"Com Vítimas Fatais";"Anoitecer";"Crescente";"Nublado";"Múltipla";"Reta";"Sim";3;1;0;0;1;1;0;2;-25,43030399;-49,34355947;"SPRF-PR";"DEL01-PR";"UOP06-DEL01-PR"
202292;2019-04-09;"terça-feira";"14:20:00";"RO";421;70;"MONTE NEGRO";"Falta de Atenção à Condução";"Saída de leito carroçável";"Com Vítimas Feridas";"Pleno dia";"Crescente";"Céu Claro";"Simples";"Reta";"Não";3;0;2;0;1;0;2;1;-10,352003;-63,428802;"SPRF-RO";"DEL03-RO";"DEL21/3-UOP04/RO"
202293;2019-04-09;"terça-feira";"19:00:00";"RS";290;372,3;"VILA NOVA DO SUL";"Defeito Mecânico no Veículo";"Saída de leito carroçável";"Com Vítimas Feridas";"Plena Noite";"Decrescente";"Céu Claro";"Simples";"Reta";"Sim";2;0;1;1;0;0;2;1;-30,339338;-53,87907;"SPRF-RS";"DEL09-RS";"UOP02-DEL09-RS"
202295;2019-04-09;"terça-feira";"19:00:00";"SP";116;221,7;"GUARULHOS";"Não guardar distância de segurança";"Colisão traseira";"Com Vítimas Feridas";"Plena Noite";"Decrescente";"Nublado";"Simples";"Reta";"Não";2;0;1;0;1;0;1;2;-23,46802395;-46,50704901;"SPRF-SP";"DEL01-SP";"UOP01-DEL01-SP"
202296;2019-04-09;"terça-feira";"17:00:00";"RS";287;363,5;"JAGUARI";"Falta de Atenção à Condução";"Saída de leito carroçável";"Com Vítimas Feridas";"Pleno dia";"Decrescente";"Sol";"Simples";"Curva";"Não";2;0;1;0;1;0;1;1;-29,43262691;-54,72426308;"SPRF-RS";"DEL12-RS";"UOP02-DEL12-RS"
202298;2019-04-09;"terça-feira";"12:00:00";"RS";392;702,8;"PORTO XAVIER";"Falta de Atenção à Condução";"Saída de leito carroçável";"Com Vítimas Feridas";"Pleno dia";"Crescente";"Sol";"Dupla";"Curva";"Não";1;0;1;0;0;0;1;1;-28,05053715;-55,08576521;"SPRF-RS";"DEL10-RS";"UOP01-DEL10-RS"
202299;2019-04-09;"terça-feira";"19:00:00";"SC";101;228;"PALHOCA";"Falta de Atenção do Pedestre";"Atropelamento de Pedestre";"Com Vítimas Feridas";"Plena Noite";"Decrescente";"Céu Claro";"Simples";"Reta";"Sim";2;0;0;1;1;0;1;2;-27,76501981;-48,6306345;"SPRF-SC";"DEL01-SC";"UOP02-DEL01-SC"
202300;2019-04-09;"terça-feira";"13:40:00";"SC";101;415,3;"ARARANGUA";"Falta de Atenção à Condução";"Colisão lateral";"Com Vítimas Feridas";"Pleno dia";"Decrescente";"Nublado";"Simples";"Reta";"Sim";2;0;2;0;0;0;2;2;-28,96040535;-49,51653267;"SPRF-SC";"DEL02-SC";"UOP02-DEL02-SC"
202301;2019-04-09;"terça-feira";"19:25:00";"SP";116;203;"ARUJA";"Defeito Mecânico no Veículo";"Tombamento";"Com Vítimas Feridas";"Plena Noite";"Crescente";"Nublado";"Dupla";"Declive";"Sim";2;0;1;0;1;0;1;1;-23,41060827;-46,34763895;"SPRF-SP";"DEL01-SP";"UOP02-DEL01-SP"
202302;2019-04-09;"terça-feira";"19:00:00";"RJ";116;324;"ITATIAIA";"Falta de Atenção do Pedestre";"Atropelamento de Pedestre";"Com Vítimas Fatais";"Plena Noite";"Decrescente";"Garoa/Chuvisco";"Dupla";"Reta";"Não";2;1;0;0;1;0;0;2;-22,49106419;-44,56183985;"SPRF-RJ";"DEL07-RJ";"DEL5/7-UOP03/RJ"
202305;2019-04-09;"terça-feira";"19:30:00";"SP";381;36;"ATIBAIA";"Falta de Atenção do Pedestre";"Atropelamento de Pedestre";"Com Vítimas Feridas";"Plena Noite";"Decrescente";"Nublado";"Dupla";"Reta";"Sim";3;0;0;1;0;2;1;2;-23,09707232;-46,57180706;"SPRF-SP";"DEL03-SP";"UOP02-DEL03-SP"
202307;2019-04-09;"terça-feira";"19:30:00";"RS";116;241,5;"SAO LEOPOLDO";"Agressão Externa";"Tombamento";"Com Vítimas Feridas";"Plena Noite";"Crescente";"Céu Claro";"Dupla";"Reta";"Sim";1;0;1;0;0;0;1;1;-29,71396796;-51,1476744;"SPRF-RS";"DEL01-RS";"UOP02-DEL01-RS"
202308;2019-04-09;"terça-feira";"19:20:00";"SE";101;200,1;"CRISTINAPOLIS";"Ingestão de Substâncias Psicoativas";"Atropelamento de Pedestre";"Com Vítimas Feridas";"Plena Noite";"Crescente";"Céu Claro";"Simples";"Reta";"Sim";2;0;0;1;0;1;1;2;-11,4852036;-37,77137423;"SPRF-SE";"DEL02-SE";"UOP03-DEL02-SE"
202309;2019-04-09;"terça-feira";"12:00:00";"BA";101;876;"TEIXEIRA DE FREITAS";"Condutor Dormindo";"Colisão com objeto estático";"Com Vítimas Feridas";"Pleno dia";"Crescente";"Céu Claro";"Simples";"Reta";"Sim";3;0;2;0;1;0;2;1;-17,53729121;-39,71391166;"SPRF-BA";"DEL09-BA";"UOP02-DEL09-BA"
202311;2019-04-09;"terça-feira";"19:30:00";"RS";287;284;"SAO PEDRO DO SUL";"Falta de Atenção à Condução";"Colisão transversal";"Sem Vítimas";"Anoitecer";"Crescente";"Céu Claro";"Simples";"Reta";"Não";7;0;0;0;6;1;0;2;-29,63554302;-54,210112;"SPRF-RS";"DEL09-RS";"UOP01-DEL09-RS"
202314;2019-04-09;"terça-feira";"15:15:00";"SC";282;396;"JOACABA";"Falta de Atenção do Pedestre";"Atropelamento de Pedestre";"Com Vítimas Feridas";"Pleno dia";"Crescente";"Céu Claro";"Simples";"Reta";"Não";2;0;0;1;1;0;1;2;-27,155375;-51,601593;"SPRF-SC";"DEL07-SC";"UOP05-DEL07-SC"
202315;2019-04-09;"terça-feira";"19:20:00";"RO";364;700;"PORTO VELHO";"Falta de Atenção à Condução";"Atropelamento de Pedestre";"Com Vítimas Feridas";"Anoitecer";"Decrescente";"Nublado";"Dupla";"Reta";"Não";2;0;1;0;1;0;1;2;-8,80049426;-63,76902;"SPRF-RO";"DEL01-RO";"UOP01-DEL01-RO"
202316;2019-04-09;"terça-feira";"18:10:00";"MT";70;517;"VARZEA GRANDE";"Falta de Atenção à Condução";"Colisão transversal";"Com Vítimas Feridas";"Anoitecer";"Decrescente";"Céu Claro";"Simples";"Rotatória";"Sim";2;0;1;0;1;0;1;2;-15,70171365;-56,15970612;"SPRF-MT";"DEL01-MT";"DEL2/4-UOP02/MT"
202317;2019-04-09;"terça-feira";"17:35:00";"RO";364;565;"ALTO PARAISO";"Defeito na Via";"Saída de leito carroçável";"Com Vítimas Feridas";"Anoitecer";"Decrescente";"Céu Claro";"Simples";"Reta";"Não";2;0;1;0;1;0;1;1;-9,51679303;-63,0778104;"SPRF-RO";"DEL03-RO";"UOP04-DEL01-RO"
202319;2019-03-31;"domingo";"09:50:00";"RS";153;47;"ERECHIM";"Falta de Atenção à Condução";"Queda de ocupante de veículo";"Com Vítimas Feridas";"Pleno dia";"Decrescente";"Céu Claro";"Simples";"Rotatória";"Sim";2;0;1;0;0;1;1;2;-27,64530366;-52,24998023;"SPRF-RS";"DEL08-RS";"UOP04-DEL08-RS"
202321;2019-04-09;"terça-feira";"19:45:00";"MS";60;392,6;"SIDROLANDIA";"Desobediência às normas de trânsito pelo condutor";"Saída de leito carroçável";"Com Vítimas Feridas";"Plena Noite";"Decrescente";"Céu Claro";"Simples";"Reta";"Não";1;0;1;0;0;0;1;1;-20,7294781;-54,77849564;"SPRF-MS";"DEL01-MS";"UOP04-DEL01-MS"
202322;2019-04-09;"terça-feira";"20:45:00";"MA";10;253,4;"IMPERATRIZ";"Desobediência às normas de trânsito pelo condutor";"Colisão transversal";"Com Vítimas Feridas";"Plena Noite";"Decrescente";"Chuva";"Múltipla";"Reta";"Não";2;0;0;1;0;1;1;2;-5,526911;-47,471455;"SPRF-MA";"DEL04-MA";"UOP01-DEL04-MA"
202324;2019-04-09;"terça-feira";"16:30:00";"SP";116;462,8;"PARIQUERA-ACU";"Falta de Atenção à Condução";"Saída de leito carroçável";"Com Vítimas Feridas";"Pleno dia";"Crescente";"Nublado";"Dupla";"Reta";"Não";2;0;2;0;0;0;2;1;-24,6228914;-47,89579562;"SPRF-SP";"DEL05-SP";"UOP01-DEL05-SP"
202325;2019-04-09;"terça-feira";"21:30:00";"PB";230;23,5;"JOAO PESSOA";"Não guardar distância de segurança";"Colisão lateral";"Com Vítimas Feridas";"Plena Noite";"Crescente";"Vento";"Dupla";"Reta";"Sim";3;0;2;0;1;0;2;2;-7,1562;-34,8574;"SPRF-PB";"DEL01-PB";"UOP01-DEL01-PB"
202327;2019-04-09;"terça-feira";"22:15:00";"SC";101;135,8;"BALNEARIO CAMBORIU";"Desobediência às normas de trânsito pelo condutor";"Colisão com objeto estático";"Com Vítimas Feridas";"Plena Noite";"Crescente";"Nublado";"Dupla";"Reta";"Não";1;0;0;1;0;0;1;1;-27,0050108;-48,62677494;"SPRF-SC";"DEL04-SC";"UOP03-DEL04-SC"
202328;2019-04-09;"terça-feira";"18:50:00";"TO";153;248;"COLINAS DO TOCANTINS";"Falta de Atenção à Condução";"Colisão frontal";"Com Vítimas Feridas";"Anoitecer";"Crescente";"Nublado";"Simples";"Reta";"Não";2;0;1;1;0;0;2;2;-8,06220097;-48,46672098;"SPRF-TO";"DEL02-TO";"UOP02-DEL02-TO"
202332;2019-04-09;"terça-feira";"22:45:00";"AP";210;0,7;"MACAPA";"Falta de Atenção à Condução";"Saída de leito carroçável";"Com Vítimas Feridas";"Plena Noite";"Decrescente";"Chuva";"Dupla";"Reta";"Sim";1;0;1;0;0;0;1;1;0,07780012;-51,06097;"SPRF-AP";"DEL01-AP";"UOP01-DEL01-AP"
202334;2019-04-09;"terça-feira";"11:30:00";"RO";364;20;"VILHENA";"Avarias e/ou desgaste excessivo no pneu";"Tombamento";"Com Vítimas Feridas";"Pleno dia";"Crescente";"Céu Claro";"Simples";"Reta";"Não";2;0;0;2;0;0;2;1;-12,72595705;-60,192765;"SPRF-RO";"DEL04-RO";"UOP01-DEL04-RO"
202335;2019-04-09;"terça-feira";"23:20:00";"RS";116;235,4;"NOVO HAMBURGO";"Velocidade Incompatível";"Colisão traseira";"Com Vítimas Feridas";"Plena Noite";"Decrescente";"Céu Claro";"Dupla";"Reta";"Sim";2;0;1;0;0;1;1;2;-29,66037586;-51,14386509;"SPRF-RS";"DEL01-RS";"UOP02-DEL01-RS"
202336;2019-04-09;"terça-feira";"22:20:00";"PR";369;154;"LONDRINA";"Velocidade Incompatível";"Capotamento";"Sem Vítimas";"Plena Noite";"Decrescente";"Céu Claro";"Dupla";"Reta";"Sim";1;0;0;0;0;1;0;1;-23,296998;-51,204106;"SPRF-PR";"DEL07-PR";"UOP01-DEL07-PR"
202337;2019-02-10;"domingo";"23:00:00";"GO";70;3,8;"AGUAS LINDAS DE GOIAS";"Ingestão de Álcool";"Saída de leito carroçável";"Com Vítimas Feridas";"Plena Noite";"Crescente";"Nublado";"Dupla";"Reta";"Sim";1;0;0;1;0;0;1;1;-15,7481;-48,2635;"SPRF-DF";"DEL01-DF";"UOP02-DEL03-DF"