"id";"data_inversa";"dia_semana";"horario";"uf";"br";"km";"municipio";"causa_acidente";"tipo_acidente";"classificacao_acidente";"fase_dia";"sentido_via";"condicao_metereologica";"tipo_pista";"tracado_via";"uso_solo";"pessoas";"mortos";"feridos_leves";"feridos_graves";"ilesos";"ignorados";"feridos";"veiculos";"latitude";"longitude";"regional";"delegacia";"uop"
202339;2019-04-10;"quarta-feira";"00:00:00";"SP";459;30,4;"LORENA";"Animais na Pista";"Atropelamento de Animal";"Com Vítimas Feridas";"Plena Noite";"Decrescente";"Nublado";"Simples";"Reta";"Não";1;0;1;0;0;0;1;1;-22,725021;-45,103531;"SPRF-SP";"DEL08-SP";"UOP03-DEL08-SP"
202340;2019-04-09;"terça-feira";"22:15:00";"RO";364;341;"JI-PARANA";"Ultrapassagem Indevida";"Colisão traseira";"Com Vítimas Feridas";"Plena Noite";"Decrescente";"Céu Claro";"Dupla";"Retorno Regulamentado";"Sim";3;0;2;0;1;0;2;2;-10,88987987;-61,93126772;"SPRF-RO";"DEL02-RO";"UOP01-DEL02-RO"
202343;2019-04-10;"quarta-feira";"00:30:00";"SC";101;150;"ITAPEMA";"Falta de Atenção à Condução";"Colisão com objeto estático";"Com Vítimas Feridas";"Plena Noite";"Decrescente";"Céu Claro";"Simples";"Reta";"Sim";3;0;2;0;1;0;2;1;-27,11744799;-48,60940987;"SPRF-SC";"DEL04-SC";"UOP03-DEL04-SC"
202344;2019-04-10;"quarta-feira";"00:10:00";"RS";153;49,9;"ERECHIM";"Desobediência às normas de trânsito pelo condutor";"Colisão traseira";"Com Vítimas Fatais";"Plena Noite";"Decrescente";"Céu Claro";"Simples";"Reta";"Não";2;1;0;0;0;1;0;2;-27,65513812;-52,26579899;"SPRF-RS";"DEL08-RS";"UOP04-DEL08-RS"
202346;2019-04-09;"terça-feira";"23:00:00";"RJ";101;324;"NITEROI";"Ingestão de Álcool";"Colisão com objeto estático";"Sem Vítimas";"Plena Noite";"Crescente";"Nublado";"Múltipla";"Reta";"Não";1;0;0;0;1;0;0;1;-22,87381074;-43,12640997;"SPRF-RJ";"DEL02-RJ";"UOP02-DEL02-RJ"
202349;2019-04-10;"quarta-feira";"03:40:00";"GO";60;370,1;"RIO VERDE";"Condutor Dormindo";"Saída de leito carroçável";"Com Vítimas Feridas";"Plena Noite";"Decrescente";"Nublado";"Dupla";"Reta";"Não";5;0;0;5;0;0;5;1;-17,6877;-50,8366;"SPRF-GO";"DEL04-GO";"UOP01-DEL04-GO"
202351;2019-04-10;"quarta-feira";"04:15:00";"SP";381;75;"SAO PAULO";"Avarias e/ou desgaste excessivo no pneu";"Colisão com objeto estático";"Com Vítimas Feridas";"Plena Noite";"Decrescente";"Garoa/Chuvisco";"Dupla";"Curva";"Não";5;0;4;0;1;0;4;1;-23,37660089;-46,56409613;"SPRF-SP";"DEL03-SP";"UOP01-DEL03-SP"
202352;2019-04-10;"quarta-feira";"05:10:00";"SC";470;1,3;"NAVEGANTES";"Desobediência às normas de trânsito pelo condutor";"Colisão frontal";"Com Vítimas Feridas";"Plena Noite";"Crescente";"Céu Claro";"Simples";"Reta";"Sim";2;0;2;0;0;0;2;2;-26,875383;-48,668285;"SPRF-SC";"DEL04-SC";"UOP04-DEL04-SC"
202355;2019-04-10;"quarta-feira";"05:10:00";"RS";116;231,5;"IVOTI";"Ingestão de Álcool";"Colisão com objeto estático";"Sem Vítimas";"Plena Noite";"Crescente";"Céu Claro";"Simples";"Curva";"Não";1;0;0;0;1;0;0;1;-29,62839819;-51,14331191;"SPRF-RS";"DEL01-RS";"UOP02-DEL01-RS"
202358;2019-04-10;"quarta-feira";"01:00:00";"MG";381;819;"CAREACU";"Ingestão de álcool e/ou substâncias psicoativas pelo pedestre";"Capotamento";"Sem Vítimas";"Plena Noite";"Decrescente";"Céu Claro";"Dupla";"Reta";"Não";1;0;0;0;0;1;0;1;-22,10560191;-45,73225703;"SPRF-MG";"DEL16-MG";"UOP02-DEL16-MG"
202359;2019-04-10;"quarta-feira";"06:30:00";"MG";40;512;"RIBEIRAO DAS NEVES";"Falta de Atenção à Condução";"Tombamento";"Com Vítimas Feridas";"Pleno dia";"Crescente";"Céu Claro";"Dupla";"Reta";"Não";1;0;0;1;0;0;1;1;-19,78946999;-44,11290699;"SPRF-MG";"DEL01-MG";"UOP02-DEL01-MG"
202360;2019-04-10;"quarta-feira";"05:10:00";"MT";70;669;"CACERES";"Animais na Pista";"Atropelamento de Animal";"Sem Vítimas";"Amanhecer";"Crescente";"Nublado";"Simples";"Reta";"Não";8;0;0;0;8;0;0;1;-16,04148578;-57,25884017;"SPRF-MT";"DEL03-MT";"UOP02-DEL03-MT"
202361;2019-04-10;"quarta-feira";"07:20:00";"RN";101;120;"SAO JOSE DE MIPIBU";"Desobediência às normas de trânsito pelo condutor";"Colisão traseira";"Com Vítimas Feridas";"Pleno dia";"Decrescente";"Céu Claro";"Dupla";"Interseção de Vias";"Não";2;0;1;0;0;1;1;2;-6,03418788;-35,24864052;"SPRF-RN";"DEL01-RN";"UOP01-DEL01-RN"
202362;2019-04-10;"quarta-feira";"07:10:00";"MG";381;441,2;"SABARA";"Desobediência às normas de trânsito pelo condutor";"Colisão transversal";"Com Vítimas Feridas";"Amanhecer";"Decrescente";"Céu Claro";"Dupla";"Declive;Curva;Interseção de Vias";"Sim";2;0;1;0;0;1;1;2;-19,79836355;-43,75442505;"SPRF-MG";"DEL01-MG";"UOP01-DEL01-MG"
202363;2019-04-10;"quarta-feira";"01:05:00";"PR";277;3,5;"PARANAGUA";"Defeito Mecânico no Veículo";"Tombamento";"Com Vítimas Feridas";"Plena Noite";"Crescente";"Céu Claro";"Simples";"Reta";"Sim";2;0;2;0;0;0;2;1;-25,568198;-48,615292;"SPRF-PR";"DEL01-PR";"UOP05-DEL01-PR"
202364;2019-04-10;"quarta-feira";"07:20:00";"ES";262;18,7;"VIANA";"Falta de Atenção à Condução";"Colisão transversal";"Com Vítimas Feridas";"Pleno dia";"Crescente";"Nublado";"Simples";"Reta";"Sim";2;0;0;1;1;0;1;2;-20,39137228;-40,48080285;"SPRF-ES";"DEL01-ES";"UOP01-DEL01-ES"
202365;2019-04-10;"quarta-feira";"06:50:00";"RJ";101;199;"CASIMIRO DE ABREU";"Pista Escorregadia";"Capotamento";"Com Vítimas Feridas";"Pleno dia";"Crescente";"Chuva";"Dupla";"Curva";"Não";1;0;0;1;0;0;1;1;-22,48771193;-42,13561096;"SPRF-RJ";"DEL02-RJ";"UOP04-DEL08-RJ"
202367;2019-04-10;"quarta-feira";"06:50:00";"RS";158;445,7;"ROSARIO DO SUL";"Falta de Atenção à Condução";"Saída de leito carroçável";"Com Vítimas Fatais";"Amanhecer";"Crescente";"Céu Claro";"Simples";"Reta";"Não";1;1;0;0;0;0;0;1;-30,23054;-54,73322309;"SPRF-RS";"DEL11-RS";"UOP02-DEL11-RS"
202368;2019-04-10;"quarta-feira";"06:50:00";"RJ";116;74;"TERESOPOLIS";"Pista Escorregadia";"Saída de leito carroçável";"Com Vítimas Feridas";"Pleno dia";"Decrescente";"Chuva";"Simples";"Curva";"Não";1;0;1;0;0;0;1;1;-22,35343905;-42,94244164;"SPRF-RJ";"DEL04-RJ";"UOP01-DEL04-RJ"
202371;2019-04-10;"quarta-feira";"07:30:00";"CE";116;6;"FORTALEZA";"Avarias e/ou desgaste excessivo no pneu";"Queda de ocupante de veículo";"Com Vítimas Feridas";"Pleno dia";"Decrescente";"Céu Claro";"Múltipla";"Reta";"Sim";2;0;1;1;0;0;2;1;-3,802624;-38,50400499;"SPRF-CE";"DEL01-CE";"UOP02-DEL01-CE"
202373;2019-04-10;"quarta-feira";"07:52:00";"CE";116;13,2;"FORTALEZA";"Defeito na Via";"Tombamento";"Sem Vítimas";"Pleno dia";"Decrescente";"Céu Claro";"Dupla";"Reta";"Sim";1;0;0;0;1;0;0;1;-3,87161924;-38,49849701;"SPRF-CE";"DEL01-CE";"UOP02-DEL01-CE"
202374;2019-01-16;"quarta-feira";"08:30:00";"CE";20;428;"FORTALEZA";"Animais na Pista";"Atropelamento de Animal";"Com Vítimas Feridas";"Pleno dia";"Decrescente";"Céu Claro";"Dupla";"Reta";"Sim";1;0;1;0;0;0;1;1;-3,76999;-38,670063;"SPRF-CE";"DEL01-CE";"UOP02-DEL01-CE"
202375;2019-04-10;"quarta-feira";"07:45:00";"BA";116;367;"SERRINHA";"Desobediência às normas de trânsito pelo condutor";"Colisão transversal";"Com Vítimas Feridas";"Pleno dia";"Decrescente";"Céu Claro";"Simples";"Reta";"Não";2;0;1;0;1;0;1;2;-11,734198;-38,98629845;"SPRF-BA";"DEL02-BA";"UOP01-DEL02-BA"
202380;2019-04-10;"quarta-feira";"08:10:00";"ES";262;41,7;"DOMINGOS MARTINS";"Falta de Atenção à Condução";"Colisão com objeto estático";"Sem Vítimas";"Pleno dia";"Crescente";"Nublado";"Simples";"Curva";"Não";1;0;0;0;1;0;0;1;-20,38524458;-40,65385185;"SPRF-ES";"DEL01-ES";"UOP01-DEL01-ES"
202382;2019-04-10;"quarta-feira";"08:22:00";"MG";40;520;"CONTAGEM";"Avarias e/ou desgaste excessivo no pneu";"Queda de ocupante de veículo";"Com Vítimas Feridas";"Pleno dia";"Decrescente";"Céu Claro";"Dupla";"Reta";"Sim";2;0;1;1;0;0;2;1;-19,84761911;-44,07276144;"SPRF-MG";"DEL01-MG";"UOP02-DEL01-MG"
202384;2019-04-10;"quarta-feira";"08:10:00";"MG";40;520;"CONTAGEM";"Não guardar distância de segurança";"Colisão traseira";"Com Vítimas Feridas";"Pleno dia";"Crescente";"Nublado";"Dupla";"Reta";"Sim";4;0;1;0;3;0;1;3;-19,84761911;-44,07276144;"SPRF-MG";"DEL01-MG";"UOP02-DEL01-MG"
202386;2019-04-10;"quarta-feira";"07:45:00";"MG";40;519;"RIBEIRAO DAS NEVES";"Falta de Atenção à Condução";"Colisão traseira";"Com Vítimas Feridas";"Pleno dia";"Crescente";"Céu Claro";"Dupla";"Reta";"Sim";2;0;1;0;1;0;1;2;-19,83957589;-44,07684485;"SPRF-MG";"DEL01-MG";"UOP02-DEL01-MG"
202389;2019-04-06;"sábado";"06:45:00";"SP";381;61;"MAIRIPORA";"Velocidade Incompatível";"Colisão lateral";"Sem Vítimas";"Amanhecer";"Crescente";"Chuva";"Dupla";"Curva";"Não";1;0;0;0;0;1;0;1;-23,29011611;-46,5800681;"SPRF-SP";"DEL03-SP";"UOP01-DEL03-SP"
202391;2019-04-10;"quarta-feira";"10:00:00";"RJ";393;279;"BARRA DO PIRAI";"Falta de Atenção à Condução";"Colisão transversal";"Com Vítimas Feridas";"Pleno dia";"Decrescente";"Céu Claro";"Simples";"Reta";"Sim";3;0;1;0;2;0;1;2;-22,47615736;-44,00889998;"SPRF-RJ";"DEL05-RJ";"UOP04-DEL05-RJ"
202392;2019-04-10;"quarta-feira";"08:00:00";"MA";222;675;"ACAILANDIA";"Falta de Atenção à Condução";"Colisão transversal";"Com Vítimas Feridas";"Pleno dia";"Crescente";"Nublado";"Simples";"Reta";"Sim";2;0;1;0;1;0;1;2;-4,93859094;-47,46131504;"SPRF-MA";"DEL04-MA";"UOP03-DEL04-MA"
202394;2019-04-10;"quarta-feira";"09:00:00";"RJ";101;88;"CAMPOS DOS GOYTACAZES";"Velocidade Incompatível";"Colisão com objeto estático";"Com Vítimas Feridas";"Pleno dia";"Decrescente";"Nublado";"Dupla";"Reta";"Não";2;0;2;0;0;0;2;1;-21,83354897;-41,50191804;"SPRF-RJ";"DEL08-RJ";"UOP02-DEL08-RJ"
202395;2019-04-10;"quarta-feira";"08:00:00";"PR";116;115,8;"CURITIBA";"Falta de Atenção à Condução";"Colisão lateral";"Com Vítimas Feridas";"Pleno dia";"Decrescente";"Garoa/Chuvisco";"Dupla";"Reta";"Sim";2;0;1;0;1;0;1;2;-25,55953326;-49,26560414;"SPRF-PR";"DEL01-PR";"UOP03-DEL01-PR"
202399;2019-04-10;"quarta-feira";"10:30:00";"SC";116;6,9;"MAFRA";"Ultrapassagem Indevida";"Colisão lateral";"Com Vítimas Feridas";"Pleno dia";"Crescente";"Nublado";"Simples";"Interseção de Vias";"Sim";2;0;1;0;1;0;1;2;-26,15196176;-49,83102416;"SPRF-SC";"DEL06-SC";"UOP01-DEL06-SC"
202400;2019-04-10;"quarta-feira";"11:15:00";"GO";60;221,6;"CEZARINA";"Falta de Atenção à Condução";"Saída de leito carroçável";"Com Vítimas Feridas";"Pleno dia";"Decrescente";"Céu Claro";"Dupla";"Reta";"Não";2;0;1;0;1;0;1;1;-16,9867;-49,7549;"SPRF-GO";"DEL01-GO";"UOP02-DEL01-GO"
202402;2019-04-10;"quarta-feira";"10:26:00";"RR";174;501;"BOA VISTA";"Falta de Atenção à Condução";"Colisão lateral";"Com Vítimas Feridas";"Pleno dia";"Crescente";"Céu Claro";"Dupla";"Rotatória";"Sim";2;0;1;0;1;0;1;2;2,79617006;-60,69841331;"SPRF-RR";"DEL01-RR";"UOP01-DEL01-RR"
202404;2019-04-10;"quarta-feira";"09:15:00";"RS";285;258,8;"GENTIL";"Desobediência às normas de trânsito pelo condutor";"Colisão transversal";"Com Vítimas Feridas";"Pleno dia";"Crescente";"Céu Claro";"Simples";"Reta";"Não";2;0;1;0;1;0;1;2;-28,303923;-52,061325;"SPRF-RS";"DEL08-RS";"UOP03-DEL08-RS"
202405;2019-04-10;"quarta-feira";"12:10:00";"SC";101;169;"TIJUCAS";"Falta de Atenção à Condução";"Atropelamento de Pedestre";"Com Vítimas Feridas";"Pleno dia";"Crescente";"Céu Claro";"Dupla";"Reta";"Não";2;0;0;1;1;0;1;2;-27,28790602;-48,63095745;"SPRF-SC";"DEL04-SC";"UOP03-DEL04-SC"
202406;2019-03-29;"sexta-feira";"19:15:00";"RS";392;89,1;"PELOTAS";"Falta de Atenção à Condução";"Colisão transversal";"Com Vítimas Feridas";"Plena Noite";"Crescente";"Céu Claro";"Simples";"Declive;Reta";"Não";3;0;0;1;2;0;1;3;-31,61272885;-52,51126856;"SPRF-RS";"DEL07-RS";"UOP01-DEL07-RS"
202408;2019-04-10;"quarta-feira";"13:00:00";"CE";222;308;"TIANGUA";"Ultrapassagem Indevida";"Colisão lateral";"Com Vítimas Feridas";"Pleno dia";"Decrescente";"Céu Claro";"Simples";"Reta";"Sim";3;0;2;0;1;0;2;2;-3,68901102;-40,97669036;"SPRF-CE";"DEL04-CE";"UOP02-DEL04-CE"
202409;2019-04-06;"sábado";"11:40:00";"BA";324;625;"SALVADOR";"Não guardar distância de segurança";"Colisão traseira";"Com Vítimas Feridas";"Pleno dia";"Crescente";"Céu Claro";"Múltipla";"Reta";"Sim";2;0;1;0;1;0;1;2;-12,94194706;-38,47081224;"SPRF-BA";"DEL01-BA";"UOP01-DEL01-BA"
202410;2019-04-02;"terça-feira";"07:00:00";"RS";116;245;"SAO LEOPOLDO";"Falta de Atenção do Pedestre";"Atropelamento de Pedestre";"Com Vítimas Feridas";"Pleno dia";"Crescente";"Céu Claro";"Simples";"Reta";"Sim";2;0;1;0;1;0;1;2;-29,74980902;-51,15125361;"SPRF-RS";"DEL01-RS";"UOP02-DEL01-RS"
202412;2019-04-10;"quarta-feira";"10:10:00";"MS";60;404,3;"SIDROLANDIA";"Condutor Dormindo";"Saída de leito carroçável";"Com Vítimas Feridas";"Pleno dia";"Crescente";"Céu Claro";"Simples";"Curva";"Não";1;0;1;0;0;0;1;1;-20,838469;-54,807527;"SPRF-MS";"DEL01-MS";"UOP04-DEL01-MS"
202413;2019-04-10;"quarta-feira";"13:10:00";"RJ";40;102;"DUQUE DE CAXIAS";"Falta de Atenção à Condução";"Queda de ocupante de veículo";"Com Vítimas Feridas";"Pleno dia";"Crescente";"Nublado";"Dupla";"Reta";"Não";1;0;1;0;0;0;1;1;-22,61089297;-43,28656077;"SPRF-RJ";"DEL01-RJ";"UOP01-DEL01-RJ"
202414;2019-04-10;"quarta-feira";"13:30:00";"SC";282;3;"FLORIANOPOLIS";"Não guardar distância de segurança";"Colisão traseira";"Com Vítimas Feridas";"Pleno dia";"Decrescente";"Céu Claro";"Dupla";"Reta";"Sim";2;0;1;0;1;0;1;2;-27,600384;-48,599705;"SPRF-SC";"DEL01-SC";"UOP01-DEL01-SC"
202415;2019-04-10;"quarta-feira";"13:00:00";"ES";101;269;"SERRA";"Falta de Atenção do Pedestre";"Atropelamento de Pedestre";"Com Vítimas Feridas";"Pleno dia";"Crescente";"Sol";"Múltipla";"Reta";"Sim";2;0;1;0;0;1;1;2;-20,21740496;-40,26990578;"SPRF-ES";"DEL02-ES";"UOP01-DEL02-ES"
202418;2019-04-10;"quarta-feira";"09:40:00";"RJ";40;85,5;"PETROPOLIS";"Pista Escorregadia";"Colisão com objeto estático";"Com Vítimas Feridas";"Pleno dia";"Decrescente";"Chuva";"Simples";"Curva";"Não";3;0;1;0;2;0;1;1;-22,52850694;-43,2349802;"SPRF-RJ";"DEL06-RJ";"UOP01-DEL06-RJ"
202420;2019-04-10;"quarta-feira";"14:10:00";"ES";101;259,8;"SERRA";"Animais na Pista";"Atropelamento de Animal";"Com Vítimas Feridas";"Pleno dia";"Crescente";"Céu Claro";"Dupla";"Curva";"Sim";2;0;1;0;1;0;1;2;-20,138397;-40,292213;"SPRF-ES";"DEL02-ES";"UOP01-DEL02-ES"
202421;2019-04-10;"quarta-feira";"14:00:00";"RJ";40;77;"PETROPOLIS";"Velocidade Incompatível";"Saída de leito carroçável";"Sem Vítimas";"Pleno dia";"Crescente";"Chuva";"Simples";"Curva";"Não";2;0;0;0;2;0;0;1;-22,48005592;-43,23543994;"SPRF-RJ";"DEL06-RJ";"UOP01-DEL06-RJ"
202422;2019-04-10;"quarta-feira";"12:45:00";"MT";364;563;"NOBRES";"Falta de Atenção à Condução";"Capotamento";"Com Vítimas Feridas";"Pleno dia";"Crescente";"Chuva";"Dupla";"Reta";"Não";3;0;1;0;2;0;1;1;-14,77531303;-56,36188298;"SPRF-MT";"DEL01-MT";"UOP01-DEL01-MT"
202423;2019-04-10;"quarta-feira";"14:15:00";"PE";101;46,9;"IGARASSU";"Falta de Atenção à Condução";"Colisão lateral";"Com Vítimas Feridas";"Pleno dia";"Crescente";"Céu Claro";"Múltipla";"Reta";"Sim";3;0;1;0;2;0;1;2;-7,87406004;-34,90588126;"SPRF-PE";"DEL01-PE";"UOP02-DEL01-PE"
202424;2019-04-10;"quarta-feira";"14:20:00";"AL";316;85,3;"SANTANA DO IPANEMA";"Desobediência às normas de trânsito pelo condutor";"Colisão frontal";"Com Vítimas Feridas";"Pleno dia";"Decrescente";"Céu Claro";"Simples";"Aclive";"Sim";2;0;1;0;0;1;1;2;-9,36982836;-37,24347904;"SPRF-AL";"DEL03-AL";"UOP02-DEL03-AL"
202425;2019-04-10;"quarta-feira";"13:30:00";"RO";364;710;"PORTO VELHO";"Falta de Atenção à Condução";"Colisão lateral";"Com Vítimas Feridas";"Pleno dia";"Decrescente";"Nublado";"Dupla";"Reta";"Sim";2;0;1;0;1;0;1;2;-8,78621576;-63,85712687;"SPRF-RO";"DEL01-RO";"UOP01-DEL01-RO"
202426;2019-04-10;"quarta-feira";"14:15:00";"SP";153;107;"JOSE BONIFACIO";"Defeito Mecânico no Veículo";"Queda de ocupante de veículo";"Com Vítimas Feridas";"Pleno dia";"Decrescente";"Sol";"Simples";"Aclive";"Não";2;0;1;0;1;0;1;1;-21,06388847;-49,66255104;"SPRF-SP";"DEL09-SP";"UOP01-DEL09-SP"
202427;2019-04-10;"quarta-feira";"13:30:00";"PR";277;7;"PARANAGUA";"Falta de Atenção à Condução";"Colisão transversal";"Com Vítimas Feridas";"Pleno dia";"Crescente";"Céu Claro";"Simples";"Rotatória";"Sim";3;0;1;0;2;0;1;2;-25,51463958;-48,52239642;"SPRF-PR";"DEL01-PR";"UOP05-DEL01-PR"
202429;2019-04-10;"quarta-feira";"14:00:00";"RO";364;705;"PORTO VELHO";"Pista Escorregadia";"Colisão transversal";"Com Vítimas Feridas";"Pleno dia";"Crescente";"Chuva";"Dupla";"Curva";"Não";2;0;1;0;1;0;1;2;-8,80031556;-63,813994;"SPRF-RO";"DEL01-RO";"UOP01-DEL01-RO"
202439;2019-04-10;"quarta-feira";"16:15:00";"SC";101;207;"SAO JOSE";"Falta de Atenção à Condução";"Colisão traseira";"Com Vítimas Feridas";"Pleno dia";"Decrescente";"Sol";"Simples";"Reta";"Sim";2;0;1;0;1;0;1;2;-27,60001226;-48,6226467;"SPRF-SC";"DEL01-SC";"UOP01-DEL01-SC"
202441;2019-04-10;"quarta-feira";"14:10:00";"SC";282;451,8;"PONTE SERRADA";"Velocidade Incompatível";"Colisão frontal";"Com Vítimas Feridas";"Pleno dia";"Crescente";"Céu Claro";"Simples";"Curva";"Não";2;0;2;0;0;0;2;2;-26,912806;-51,962536;"SPRF-SC";"DEL07-SC";"UOP04-DEL07-SC"
202442;2019-04-10;"quarta-feira";"16:20:00";"GO";60;35;"GOIANIA";"Desobediência às normas de trânsito pelo condutor";"Queda de ocupante de veículo";"Com Vítimas Feridas";"Pleno dia";"Decrescente";"Céu Claro";"Dupla";"Curva";"Sim";1;0;1;0;0;0;1;1;-16,6777;-49,2676;"SPRF-GO";"DEL01-GO";"UOP02-DEL01-GO"
202443;2019-04-10;"quarta-feira";"17:35:00";"PR";376;4,8;"APUCARANA";"Falta de Atenção do Pedestre";"Atropelamento de Pedestre";"Com Vítimas Feridas";"Pleno dia";"Decrescente";"Céu Claro";"Simples";"Reta";"Sim";2;0;1;1;0;0;2;2;-23,5513;-51,461266;"SPRF-PR";"DEL07-PR";"UOP03-DEL07-PR"
202444;2019-04-10;"quarta-feira";"15:45:00";"PR";277;68;"SAO JOSE DOS PINHAIS";"Velocidade Incompatível";"Capotamento";"Sem Vítimas";"Pleno dia";"Decrescente";"Céu Claro";"Dupla";"Reta";"Sim";1;0;0;0;1;0;0;1;-25,54112281;-49,06183391;"SPRF-PR";"DEL01-PR";"UOP07-DEL01-PR"
202445;2019-04-10;"quarta-feira";"17:42:00";"PR";277;69;"SAO JOSE DOS PINHAIS";"Agressão Externa";"Queda de ocupante de veículo";"Com Vítimas Feridas";"Pleno dia";"Crescente";"Céu Claro";"Dupla";"Interseção de Vias";"Sim";1;0;1;0;0;0;1;1;-25,53715243;-49,07076619;"SPRF-PR";"DEL01-PR";"UOP07-DEL01-PR"
202447;2019-04-10;"quarta-feira";"17:22:00";"SC";101;210,9;"SAO JOSE";"Falta de Atenção à Condução";"Colisão traseira";"Com Vítimas Feridas";"Pleno dia";"Decrescente";"Céu Claro";"Múltipla";"Reta";"Sim";2;0;1;0;1;0;1;2;-27,62110226;-48,64990421;"SPRF-SC";"DEL01-SC";"UOP01-DEL01-SC"
202449;2019-04-10;"quarta-feira";"17:30:00";"SP";153;67;"SAO JOSE DO RIO PRETO";"Desobediência às normas de trânsito pelo condutor";"Colisão transversal";"Com Vítimas Feridas";"Pleno dia";"Crescente";"Céu Claro";"Simples";"Reta";"Sim";2;0;1;0;1;0;1;2;-20,84853593;-49,37585608;"SPRF-SP";"DEL09-SP";"UOP01-DEL09-SP"
202450;2019-04-10;"quarta-feira";"16:35:00";"MT";364;202;"RONDONOPOLIS";"Falta de Atenção à Condução";"Colisão traseira";"Sem Vítimas";"Pleno dia";"Crescente";"Céu Claro";"Dupla";"Reta";"Sim";2;0;0;0;2;0;0;2;-16,48347324;-54,64970354;"SPRF-MT";"DEL02-MT";"UOP01-DEL02-MT"
202451;2019-04-10;"quarta-feira";"18:00:00";"ES";101;147;"LINHARES";"Falta de Atenção à Condução";"Colisão transversal";"Com Vítimas Feridas";"Plena Noite";"Crescente";"Céu Claro";"Simples";"Interseção de Vias";"Sim";2;0;1;0;1;0;1;2;-19,37887202;-40,06657892;"SPRF-ES";"DEL04-ES";"UOP01-DEL04-ES"
202452;2019-03-15;"sexta-feira";"15:30:00";"BA";30;610;"DARIO MEIRA";"Defeito Mecânico no Veículo";"Capotamento";"Com Vítimas Feridas";"Pleno dia";"Decrescente";"Céu Claro";"Simples";"Curva";"Não";2;0;2;0;0;0;2;1;-14,43896481;-39,81309459;"SPRF-BA";"DEL05-BA";"UOP01-DEL05-BA"
202453;2019-04-10;"quarta-feira";"18:15:00";"SP";153;61,8;"SAO JOSE DO RIO PRETO";"Não guardar distância de segurança";"Colisão traseira";"Com Vítimas Feridas";"Pleno dia";"Crescente";"Céu Claro";"Dupla";"Reta;Aclive";"Sim";3;0;1;0;2;0;1;3;-20,80502876;-49,35574909;"SPRF-SP";"DEL09-SP";"UOP01-DEL09-SP"
202454;2019-04-10;"quarta-feira";"18:20:00";"SC";101;146,2;"ITAPEMA";"Desobediência às normas de trânsito pelo condutor";"Colisão transversal";"Com Vítimas Feridas";"Anoitecer";"Crescente";"Nublado";"Dupla";"Interseção de Vias";"Sim";2;0;1;0;1;0;1;2;-27,08666525;-48,60955587;"SPRF-SC";"DEL04-SC";"UOP03-DEL04-SC"
202455;2019-04-10;"quarta-feira";"17:35:00";"MT";163;1039;"MATUPA";"Desobediência às normas de trânsito pelo condutor";"Colisão transversal";"Com Vítimas Feridas";"Plena Noite";"Crescente";"Nublado";"Simples";"Reta";"Não";2;0;0;1;1;0;1;2;-10,172925;-54,939864;"SPRF-MT";"DEL06-MT";"UOP02-DEL06-MT"
202457;2019-04-10;"quarta-feira";"18:20:00";"RJ";116;298,8;"RESENDE";"Falta de Atenção à Condução";"Colisão com objeto estático";"Com Vítimas Feridas";"Plena Noite";"Crescente";"Nublado";"Dupla";"Reta";"Não";1;0;1;0;0;0;1;1;-22,45083254;-44,33823701;"SPRF-RJ";"DEL07-RJ";"DEL5/7-UOP03/RJ"
202458;2019-04-10;"quarta-feira";"18:30:00";"PR";277;593;"CASCAVEL";"Falta de Atenção à Condução";"Colisão lateral";"Com Vítimas Feridas";"Anoitecer";"Decrescente";"Céu Claro";"Simples";"Interseção de Vias";"Sim";2;0;1;0;1;0;1;2;-24,98082053;-53,48254989;"SPRF-PR";"DEL04-PR";"UOP01-DEL04-PR"
202460;2019-03-24;"domingo";"06:00:00";"MG";381;525,5;"BRUMADINHO";"Velocidade Incompatível";"Saída de leito carroçável";"Com Vítimas Feridas";"Amanhecer";"Crescente";"Nublado";"Dupla";"Curva;Declive";"Não";50;0;41;1;8;0;42;1;-20,16710798;-44,33422398;"SPRF-MG";"DEL04-MG";"UOP03-DEL04-MG"
202461;2019-04-10;"quarta-feira";"18:20:00";"SC";101;200;"SAO JOSE";"Falta de Atenção à Condução";"Engavetamento";"Com Vítimas Feridas";"Plena Noite";"Decrescente";"Céu Claro";"Dupla";"Reta";"Sim";4;0;1;0;3;0;1;4;-27,54018513;-48,62287714;"SPRF-SC";"DEL01-SC";"UOP01-DEL01-SC"
202462;2019-04-10;"quarta-feira";"18:55:00";"ES";262;0;"VITORIA";"Falta de Atenção à Condução";"Colisão traseira";"Com Vítimas Feridas";"Plena Noite";"Decrescente";"Céu Claro";"Dupla";"Reta;Ponte";"Sim";2;0;1;0;1;0;1;2;-20,320793;-40,353315;"SPRF-ES";"DEL01-ES";"UOP01-DEL01-ES"
202463;2019-04-10;"quarta-feira";"18:40:00";"RJ";393;171;"TRES RIOS";"Falta de Atenção à Condução";"Atropelamento de Pedestre";"Com Vítimas Feridas";"Plena Noite";"Crescente";"Céu Claro";"Simples";"Reta";"Não";4;0;2;0;2;0;2;2;-22,12300119;-43,16875093;"SPRF-RJ";"DEL06-RJ";"UOP01-DEL05-RJ"