"id";"data_inversa";"dia_semana";"horario";"uf";"br";"km";"municipio";"causa_acidente";"tipo_acidente";"classificacao_acidente";"fase_dia";"sentido_via";"condicao_metereologica";"tipo_pista";"tracado_via";"uso_solo";"pessoas";"mortos";"feridos_leves";"feridos_graves";"ilesos";"ignorados";"feridos";"veiculos";"latitude";"longitude";"regional";"delegacia";"uop"
202465;2019-04-10;"quarta-feira";"18:30:00";"ES";101;229,7;"FUNDAO";"Falta de Atenção à Condução";"Colisão lateral";"Sem Vítimas";"Plena Noite";"Decrescente";"Nublado";"Simples";"Interseção de Vias";"Sim";2;0;0;0;2;0;0;2;-19,92727879;-40,40587142;"SPRF-ES";"DEL02-ES";"UOP01-DEL02-ES"
202466;2019-04-10;"quarta-feira";"18:05:00";"RJ";40;110;"DUQUE DE CAXIAS";"Falta de Atenção à Condução";"Queda de ocupante de veículo";"Com Vítimas Feridas";"Plena Noite";"Decrescente";"Nublado";"Múltipla";"Reta";"Sim";1;0;1;0;0;0;1;1;-22,68289906;-43,28549346;"SPRF-RJ";"DEL01-RJ";"UOP01-DEL01-RJ"
202468;2019-04-02;"terça-feira";"17:00:00";"RJ";101;511,2;"ANGRA DOS REIS";"Desobediência às normas de trânsito pelo condutor";"Colisão traseira";"Sem Vítimas";"Anoitecer";"Crescente";"Céu Claro";"Dupla";"Reta";"Sim";2;0;0;0;2;0;0;2;-22,9609111;-44,4382966;"SPRF-RJ";"DEL03-RJ";"UOP02-DEL03-RJ"
202469;2019-04-10;"quarta-feira";"18:50:00";"SC";101;204;"SAO JOSE";"Falta de Atenção à Condução";"Colisão traseira";"Com Vítimas Feridas";"Plena Noite";"Crescente";"Céu Claro";"Múltipla";"Reta";"Sim";2;0;1;0;1;0;1;2;-27,57413014;-48,61363083;"SPRF-SC";"DEL01-SC";"UOP01-DEL01-SC"
202470;2019-04-10;"quarta-feira";"19:00:00";"MG";262;368;"JUATUBA";"Defeito Mecânico no Veículo";"Incêndio";"Sem Vítimas";"Plena Noite";"Crescente";"Céu Claro";"Dupla";"Reta";"Não";1;0;0;0;1;0;0;1;-19,97239513;-44,28042402;"SPRF-MG";"DEL01-MG";"UOP03-DEL01-MG"
202473;2019-04-10;"quarta-feira";"14:20:00";"RJ";40;78;"PETROPOLIS";"Velocidade Incompatível";"Saída de leito carroçável";"Com Vítimas Feridas";"Pleno dia";"Crescente";"Chuva";"Simples";"Curva";"Não";1;0;1;0;0;0;1;1;-22,48485874;-43,22843406;"SPRF-RJ";"DEL06-RJ";"UOP01-DEL06-RJ"
202474;2019-04-10;"quarta-feira";"18:40:00";"MS";267;241,5;"NOVA ALVORADA DO SUL";"Animais na Pista";"Atropelamento de Animal";"Com Vítimas Feridas";"Plena Noite";"Crescente";"Céu Claro";"Simples";"Reta";"Não";1;0;1;0;0;0;1;1;-21,48473272;-54,30737698;"SPRF-MS";"DEL02-MS";"UOP01-DEL02-MS"
202475;2019-04-10;"quarta-feira";"20:00:00";"PR";376;176,5;"MARINGA";"Desobediência às normas de trânsito pelo pedestre";"Atropelamento de Pedestre";"Com Vítimas Feridas";"Plena Noite";"Crescente";"Céu Claro";"Dupla";"Interseção de Vias";"Sim";2;0;1;0;1;0;1;2;-23,41269173;-51,93158327;"SPRF-PR";"DEL07-PR";"UOP01-DEL09-PR"
202476;2019-04-10;"quarta-feira";"19:30:00";"ES";101;380;"ICONHA";"Falta de Atenção à Condução";"Saída de leito carroçável";"Com Vítimas Feridas";"Plena Noite";"Crescente";"Nublado";"Simples";"Curva";"Não";1;0;1;0;0;0;1;1;-20,80767317;-40,83488482;"SPRF-ES";"DEL03-ES";"UOP01-DEL03-ES"
202481;2019-04-10;"quarta-feira";"20:30:00";"RS";116;312,9;"GUAIBA";"Falta de Atenção à Condução";"Saída de leito carroçável";"Com Vítimas Feridas";"Plena Noite";"Decrescente";"Céu Claro";"Simples";"Reta";"Não";1;0;1;0;0;0;1;1;-30,21844198;-51,40424588;"SPRF-RS";"DEL02-RS";"UOP01-DEL02-RS"
202482;2019-04-10;"quarta-feira";"19:30:00";"MG";40;705,5;"BARBACENA";"Falta de Atenção à Condução";"Saída de leito carroçável";"Com Vítimas Feridas";"Plena Noite";"Crescente";"Céu Claro";"Dupla";"Curva";"Não";2;0;2;0;0;0;2;1;-21,2165929;-43,7462589;"SPRF-MG";"DEL05-MG";"UOP02-DEL05-MG"
202483;2019-04-10;"quarta-feira";"20:55:00";"RJ";40;105;"DUQUE DE CAXIAS";"Animais na Pista";"Atropelamento de Animal";"Com Vítimas Feridas";"Plena Noite";"Decrescente";"Garoa/Chuvisco";"Múltipla";"Declive";"Sim";1;0;1;0;0;0;1;1;-22,63784806;-43,28428824;"SPRF-RJ";"DEL01-RJ";"UOP01-DEL01-RJ"
202485;2019-04-10;"quarta-feira";"19:00:00";"MS";262;275;"RIBAS DO RIO PARDO";"Animais na Pista";"Atropelamento de Animal";"Com Vítimas Feridas";"Plena Noite";"Crescente";"Céu Claro";"Simples";"Reta";"Não";2;0;1;1;0;0;2;1;-20,46631917;-54,06242097;"SPRF-MS";"DEL01-MS";"UOP01-DEL01-MS"
202486;2019-04-10;"quarta-feira";"21:19:00";"PA";10;355;"SANTA MARIA DO PARA";"Falta de Atenção à Condução";"Atropelamento de Pedestre";"Com Vítimas Feridas";"Plena Noite";"Crescente";"Garoa/Chuvisco";"Simples";"Reta";"Sim";2;0;0;2;0;0;2;2;-1,34347047;-47,57880449;"SPRF-PA";"DEL01-PA";"UOP02-DEL01-PA"
202491;2019-04-10;"quarta-feira";"18:20:00";"GO";452;28;"RIO VERDE";"Velocidade Incompatível";"Colisão lateral";"Sem Vítimas";"Pleno dia";"Decrescente";"Nublado";"Simples";"Reta";"Não";2;0;0;0;2;0;0;2;-17,89188718;-50,66204606;"SPRF-GO";"DEL04-GO";"UOP01-DEL04-GO"
202492;2019-04-10;"quarta-feira";"22:00:00";"ES";101;261;"SERRA";"Falta de Atenção à Condução";"Tombamento";"Com Vítimas Feridas";"Plena Noite";"Decrescente";"Céu Claro";"Dupla";"Reta";"Sim";1;0;1;0;0;0;1;1;-20,14854215;-40,27970926;"SPRF-ES";"DEL02-ES";"UOP01-DEL02-ES"
202493;2019-04-10;"quarta-feira";"15:20:00";"RO";364;421;"JARU";"Falta de Atenção à Condução";"Saída de leito carroçável";"Com Vítimas Feridas";"Pleno dia";"Crescente";"Nublado";"Simples";"Aclive;Reta";"Não";1;0;1;0;0;0;1;1;-10,46729967;-62,45088748;"SPRF-RO";"DEL03-RO";"UOP02-DEL03-RO"
202495;2019-04-10;"quarta-feira";"21:15:00";"DF";20;16,7;"BRASILIA";"Velocidade Incompatível";"Saída de leito carroçável";"Com Vítimas Feridas";"Plena Noite";"Crescente";"Chuva";"Dupla";"Declive";"Sim";2;0;1;0;1;0;1;1;-15,625675;-47,725159;"SPRF-DF";"DEL02-DF";"UOP01-DEL02-DF"
202496;2019-04-10;"quarta-feira";"20:30:00";"RJ";116;144,4;"DUQUE DE CAXIAS";"Falta de Atenção do Pedestre";"Atropelamento de Pedestre";"Sem Vítimas";"Plena Noite";"Crescente";"Chuva";"Dupla";"Reta";"Não";2;0;0;0;2;0;0;2;-22,67207544;-43,28158379;"SPRF-RJ";"DEL01-RJ";"UOP01-DEL01-RJ"
202497;2019-04-10;"quarta-feira";"17:02:00";"SC";470;49;"BLUMENAU";"Desobediência às normas de trânsito pelo condutor";"Colisão transversal";"Com Vítimas Feridas";"Pleno dia";"Crescente";"Céu Claro";"Simples";"Interseção de Vias";"Não";2;0;1;0;0;1;1;2;-26,860662;-49,065159;"SPRF-SC";"DEL04-SC";"UOP01-DEL04-SC"
202501;2019-04-10;"quarta-feira";"22:00:00";"MS";60;396,8;"SIDROLANDIA";"Ingestão de álcool e/ou substâncias psicoativas pelo pedestre";"Atropelamento de Pedestre";"Com Vítimas Feridas";"Plena Noite";"Decrescente";"Céu Claro";"Simples";"Reta";"Não";3;0;1;0;2;0;1;2;-20,76439985;-54,78814357;"SPRF-MS";"DEL01-MS";"UOP04-DEL01-MS"
202502;2019-04-10;"quarta-feira";"22:10:00";"SC";101;135;"BALNEARIO CAMBORIU";"Falta de Atenção à Condução";"Tombamento";"Com Vítimas Feridas";"Plena Noite";"Decrescente";"Céu Claro";"Dupla";"Reta";"Não";2;0;1;0;0;1;1;2;-27,0050108;-48,62677494;"SPRF-SC";"DEL04-SC";"UOP03-DEL04-SC"
202503;2019-04-10;"quarta-feira";"23:40:00";"SC";101;213;"PALHOCA";"Animais na Pista";"Atropelamento de Animal";"Com Vítimas Feridas";"Plena Noite";"Crescente";"Céu Claro";"Múltipla";"Reta";"Sim";1;0;1;0;0;0;1;1;-27,63697369;-48,66514142;"SPRF-SC";"DEL01-SC";"UOP02-DEL01-SC"
202505;2019-04-10;"quarta-feira";"23:00:00";"SP";381;83,3;"SAO PAULO";"Defeito Mecânico no Veículo";"Incêndio";"Sem Vítimas";"Plena Noite";"Crescente";"Céu Claro";"Dupla";"Reta";"Sim";1;0;0;0;0;1;0;1;-23,4309671;-46,56998022;"SPRF-SP";"DEL03-SP";"UOP01-DEL03-SP"
202509;2019-04-10;"quarta-feira";"23:50:00";"MG";381;489;"BETIM";"Falta de Atenção do Pedestre";"Atropelamento de Pedestre";"Com Vítimas Fatais";"Plena Noite";"Crescente";"Céu Claro";"Dupla";"Reta";"Sim";2;1;0;0;1;0;0;2;-19,96245618;-44,16455495;"SPRF-MG";"DEL01-MG";"UOP03-DEL01-MG"
202511;2019-04-10;"quarta-feira";"23:00:00";"MT";70;257;"PRIMAVERA DO LESTE";"Ingestão de Álcool";"Saída de leito carroçável";"Com Vítimas Feridas";"Plena Noite";"Crescente";"Céu Claro";"Simples";"Reta";"Não";2;0;1;0;0;1;1;2;-15,62897989;-54,17635993;"SPRF-MT";"DEL05-MT";"UOP01-DEL05-MT"
202514;2019-04-11;"quinta-feira";"03:20:00";"RS";101;11,5;"DOM PEDRO DE ALCANTARA";"Animais na Pista";"Atropelamento de Animal";"Sem Vítimas";"Plena Noite";"Decrescente";"Céu Claro";"Dupla";"Reta";"Não";1;0;0;0;1;0;0;1;-29,37984733;-49,82952362;"SPRF-RS";"DEL03-RS";"UOP02-DEL03-RS"
202515;2019-04-11;"quinta-feira";"03:50:00";"RJ";101;91,7;"CAMPOS DOS GOYTACAZES";"Condutor Dormindo";"Capotamento";"Com Vítimas Feridas";"Plena Noite";"Crescente";"Céu Claro";"Dupla";"Reta";"Não";1;0;1;0;0;0;1;1;-21,85123688;-41,52047569;"SPRF-RJ";"DEL08-RJ";"UOP02-DEL08-RJ"
202518;2019-04-10;"quarta-feira";"20:30:00";"SC";470;41;"GASPAR";"Falta de Atenção do Pedestre";"Atropelamento de Pedestre";"Com Vítimas Feridas";"Plena Noite";"Crescente";"Nublado";"Simples";"Reta";"Sim";2;0;1;0;1;0;1;2;-26,882343;-48,996975;"SPRF-SC";"DEL04-SC";"UOP01-DEL04-SC"
202523;2019-04-11;"quinta-feira";"04:20:00";"RS";471;167,5;"RIO PARDO";"Condutor Dormindo";"Saída de leito carroçável";"Com Vítimas Feridas";"Plena Noite";"Crescente";"Céu Claro";"Simples";"Reta";"Não";1;0;1;0;0;0;1;1;-29,92607663;-52,39345551;"SPRF-RS";"DEL02-RS";"UOP02-DEL02-RS"
202527;2019-04-11;"quinta-feira";"06:20:00";"GO";153;499;"GOIANIA";"Pista Escorregadia";"Queda de ocupante de veículo";"Com Vítimas Feridas";"Amanhecer";"Crescente";"Chuva";"Dupla";"Reta";"Sim";1;0;1;0;0;0;1;1;-16,7033;-49,2311;"SPRF-GO";"DEL01-GO";"UOP01-DEL01-GO"
202528;2019-04-10;"quarta-feira";"17:15:00";"MG";262;38,2;"MANHUACU";"Falta de Atenção do Pedestre";"Atropelamento de Pedestre";"Com Vítimas Feridas";"Anoitecer";"Crescente";"Nublado";"Simples";"Reta";"Sim";2;0;1;0;1;0;1;2;-20,26305859;-42,03684948;"SPRF-MG";"DEL06-MG";"UOP03-DEL06-MG"
202531;2019-04-11;"quinta-feira";"06:30:00";"RN";101;94;"NATAL";"Defeito Mecânico no Veículo";"Colisão traseira";"Com Vítimas Feridas";"Pleno dia";"Crescente";"Céu Claro";"Múltipla";"Reta";"Sim";2;0;0;1;1;0;1;2;-5,83176615;-35,21191342;"SPRF-RN";"DEL01-RN";"UOP01-DEL01-RN"
202532;2019-04-11;"quinta-feira";"06:20:00";"BA";116;423;"FEIRA DE SANTANA";"Desobediência às normas de trânsito pelo condutor";"Colisão transversal";"Com Vítimas Feridas";"Pleno dia";"Crescente";"Céu Claro";"Simples";"Reta";"Sim";4;0;2;0;1;1;2;3;-12,229301;-38,964527;"SPRF-BA";"DEL02-BA";"UOP01-DEL02-BA"
202533;2019-04-11;"quinta-feira";"07:10:00";"RS";290;95;"PORTO ALEGRE";"Falta de Atenção à Condução";"Tombamento";"Com Vítimas Feridas";"Pleno dia";"Crescente";"Céu Claro";"Múltipla";"Reta";"Não";1;0;1;0;0;0;1;1;-29,99229608;-51,20491505;"SPRF-RS";"DEL01-RS";"UOP01-DEL01-RS"
202534;2019-04-11;"quinta-feira";"05:20:00";"PR";369;390;"MAMBORE";"Animais na Pista";"Atropelamento de Animal";"Sem Vítimas";"Plena Noite";"Decrescente";"Céu Claro";"Simples";"Declive;Reta";"Não";1;0;0;0;1;0;0;1;-24,2785;-52,5276;"SPRF-PR";"DEL04-PR";"UOP03-DEL04-PR"
202535;2019-04-11;"quinta-feira";"07:10:00";"GO";153;494;"GOIANIA";"Pista Escorregadia";"Queda de ocupante de veículo";"Com Vítimas Feridas";"Pleno dia";"Decrescente";"Chuva";"Dupla";"Reta";"Sim";2;0;1;0;1;0;1;2;-16,6614;-49,2218;"SPRF-GO";"DEL01-GO";"UOP01-DEL01-GO"
202536;2019-04-11;"quinta-feira";"07:35:00";"RS";290;98;"PORTO ALEGRE";"Falta de Atenção à Condução";"Colisão lateral";"Sem Vítimas";"Pleno dia";"Decrescente";"Céu Claro";"Dupla";"Reta";"Sim";2;0;0;0;2;0;0;2;-29,994816;-51,217403;"SPRF-RS";"DEL01-RS";"UOP01-DEL01-RS"
202537;2019-04-11;"quinta-feira";"07:15:00";"GO";60;0;"SANTO ANTONIO DO DESCOBERTO";"Defeito Mecânico no Veículo";"Capotamento";"Com Vítimas Feridas";"Pleno dia";"Decrescente";"Nublado";"Simples";"Reta";"Sim";1;0;1;0;0;0;1;1;-16,11018786;-48,30174968;"SPRF-DF";"DEL01-DF";"UOP01-DEL03-DF"
202539;2019-04-11;"quinta-feira";"05:35:00";"RO";174;26;"VILHENA";"Velocidade Incompatível";"Saída de leito carroçável";"Com Vítimas Feridas";"Pleno dia";"Crescente";"Nevoeiro/Neblina";"Simples";"Reta";"Sim";2;0;1;0;1;0;1;2;-12,63168709;-60,09416657;"SPRF-RO";"DEL04-RO";"UOP01-DEL04-RO"
202540;2019-04-11;"quinta-feira";"07:30:00";"SP";116;227;"SAO PAULO";"Falta de Atenção à Condução";"Colisão lateral";"Com Vítimas Feridas";"Amanhecer";"Crescente";"Céu Claro";"Múltipla";"Reta";"Sim";1;0;1;0;0;0;1;1;-23,50054231;-46,56291366;"SPRF-SP";"DEL01-SP";"UOP01-DEL01-SP"
202542;2019-04-10;"quarta-feira";"22:30:00";"SP";116;226;"GUARULHOS";"Objeto estático sobre o leito carroçável";"Colisão com objeto estático";"Com Vítimas Feridas";"Pleno dia";"Crescente";"Céu Claro";"Múltipla";"Curva";"Sim";2;0;1;1;0;0;2;1;-23,49102507;-46,54878195;"SPRF-SP";"DEL01-SP";"UOP01-DEL01-SP"
202544;2019-04-11;"quinta-feira";"07:35:00";"SP";116;97,8;"PINDAMONHANGABA";"Velocidade Incompatível";"Colisão traseira";"Com Vítimas Feridas";"Pleno dia";"Decrescente";"Nublado";"Dupla";"Declive";"Sim";2;0;1;0;1;0;1;2;-22,97375666;-45,44726115;"SPRF-SP";"DEL06-SP";"UOP01-DEL06-SP"
202545;2019-04-11;"quinta-feira";"07:45:00";"GO";153;496,4;"GOIANIA";"Falta de Atenção à Condução";"Colisão traseira";"Sem Vítimas";"Pleno dia";"Crescente";"Garoa/Chuvisco";"Dupla";"Viaduto";"Sim";2;0;0;0;2;0;0;2;-16,6776;-49,2314;"SPRF-GO";"DEL01-GO";"UOP01-DEL01-GO"
202546;2019-04-11;"quinta-feira";"07:50:00";"SP";116;229;"SAO PAULO";"Defeito Mecânico no Veículo";"Queda de ocupante de veículo";"Com Vítimas Feridas";"Pleno dia";"Crescente";"Sol";"Múltipla";"Reta";"Sim";2;0;1;0;1;0;1;2;-23,50936194;-46,57326862;"SPRF-SP";"DEL01-SP";"UOP01-DEL01-SP"
202547;2019-04-08;"segunda-feira";"05:20:00";"BA";330;780;"JEQUIE";"Condutor Dormindo";"Saída de leito carroçável";"Com Vítimas Feridas";"Pleno dia";"Decrescente";"Céu Claro";"Simples";"Curva";"Não";1;0;1;0;0;0;1;1;-13,93906543;-39,98714447;"SPRF-BA";"DEL03-BA";"UOP01-DEL03-BA"
202548;2019-04-11;"quinta-feira";"07:30:00";"PE";101;53;"PAULISTA";"Pista Escorregadia";"Colisão lateral";"Com Vítimas Feridas";"Pleno dia";"Crescente";"Chuva";"Dupla";"Reta";"Sim";3;0;2;0;1;0;2;2;-7,93124094;-34,90068606;"SPRF-PE";"DEL01-PE";"UOP02-DEL01-PE"
202550;2019-04-11;"quinta-feira";"08:20:00";"PB";230;20,2;"JOAO PESSOA";"Falta de Atenção à Condução";"Colisão traseira";"Sem Vítimas";"Pleno dia";"Decrescente";"Céu Claro";"Dupla";"Reta";"Não";2;0;0;0;2;0;0;2;-7,1337;-34,8544;"SPRF-PB";"DEL01-PB";"UOP01-DEL01-PB"
202552;2019-04-11;"quinta-feira";"08:00:00";"CE";116;3;"FORTALEZA";"Falta de Atenção à Condução";"Colisão transversal";"Com Vítimas Feridas";"Pleno dia";"Decrescente";"Garoa/Chuvisco";"Múltipla";"Viaduto";"Sim";4;0;1;0;2;1;1;3;-3,7778868;-38,5135603;"SPRF-CE";"DEL01-CE";"UOP02-DEL01-CE"
202553;2019-04-11;"quinta-feira";"08:30:00";"SC";101;206;"SAO JOSE";"Falta de Atenção à Condução";"Colisão transversal";"Com Vítimas Feridas";"Pleno dia";"Decrescente";"Sol";"Dupla";"Reta";"Sim";2;0;2;0;0;0;2;2;-27,59193546;-48,61824557;"SPRF-SC";"DEL01-SC";"UOP01-DEL01-SC"
202554;2019-04-11;"quinta-feira";"08:10:00";"PB";230;130,1;"MASSARANDUBA";"Falta de Atenção à Condução";"Atropelamento de Pedestre";"Com Vítimas Fatais";"Pleno dia";"Crescente";"Céu Claro";"Dupla";"Reta";"Não";2;1;0;0;0;1;0;2;-7,2685;-35,7213;"SPRF-PB";"DEL02-PB";"UOP01-DEL02-PB"
202555;2019-04-11;"quinta-feira";"08:25:00";"ES";101;291;"CARIACICA";"Falta de Atenção à Condução";"Colisão lateral";"Com Vítimas Feridas";"Pleno dia";"Crescente";"Céu Claro";"Múltipla";"Reta";"Sim";3;0;0;3;0;0;3;2;-20,29755744;-40,39445616;"SPRF-ES";"DEL01-ES";"UOP01-DEL01-ES"
202556;2019-04-11;"quinta-feira";"08:40:00";"GO";153;499,9;"GOIANIA";"Desobediência às normas de trânsito pelo condutor";"Queda de ocupante de veículo";"Com Vítimas Feridas";"Pleno dia";"Crescente";"Garoa/Chuvisco";"Múltipla";"Aclive;Reta";"Sim";2;0;1;0;1;0;1;2;-16,7033;-49,2311;"SPRF-GO";"DEL01-GO";"UOP01-DEL01-GO"
202557;2019-03-15;"sexta-feira";"19:00:00";"SC";101;111,6;"NAVEGANTES";"Pista Escorregadia";"Tombamento";"Com Vítimas Feridas";"Anoitecer";"Decrescente";"Ignorado";"Dupla";"Interseção de Vias";"Não";1;0;0;1;0;0;1;1;-26,84337107;-48,71887207;"SPRF-SC";"DEL04-SC";"UOP04-DEL04-SC"
202558;2019-04-11;"quinta-feira";"08:32:00";"SC";101;186,9;"BIGUACU";"Fenômenos da Natureza";"Queda de ocupante de veículo";"Com Vítimas Feridas";"Pleno dia";"Crescente";"Céu Claro";"Dupla";"Aclive;Reta";"Sim";1;0;1;0;0;0;1;1;-27,4341098;-48,62567129;"SPRF-SC";"DEL01-SC";"UOP01-DEL01-SC"
202560;2019-04-11;"quinta-feira";"09:00:00";"DF";20;9;"BRASILIA";"Ingestão de Álcool";"Colisão com objeto estático";"Com Vítimas Feridas";"Pleno dia";"Decrescente";"Nublado";"Dupla";"Reta";"Sim";4;0;4;0;0;0;4;1;-15,65047799;-47,77679443;"SPRF-DF";"DEL02-DF";"UOP01-DEL02-DF"
202562;2019-04-11;"quinta-feira";"09:00:00";"PE";407;127;"PETROLINA";"Falta de Atenção à Condução";"Engavetamento";"Sem Vítimas";"Pleno dia";"Decrescente";"Céu Claro";"Simples";"Interseção de Vias";"Sim";3;0;0;0;3;0;0;3;-9,3914523;-40,5188334;"SPRF-PE";"DEL06-PE";"UOP01-DEL06-PE"
202563;2019-04-07;"domingo";"19:40:00";"PI";316;12,5;"TERESINA";"Ingestão de Álcool";"Saída de leito carroçável";"Com Vítimas Feridas";"Plena Noite";"Decrescente";"Nublado";"Simples";"Reta";"Não";1;0;1;0;0;0;1;1;-5,20064401;-42,75799889;"SPRF-PI";"DEL01-PI";"UOP02-DEL01-PI"
202564;2019-04-11;"quinta-feira";"07:36:00";"SC";163;67,3;"SAO MIGUEL DO OESTE";"Desobediência às normas de trânsito pelo condutor";"Colisão lateral";"Com Vítimas Feridas";"Pleno dia";"Crescente";"Céu Claro";"Simples";"Declive";"Sim";4;0;2;0;2;0;2;3;-26,759436;-53,50055292;"SPRF-SC";"DEL07-SC";"UOP03-DEL07-SC"
202565;2019-04-11;"quinta-feira";"09:30:00";"PR";277;100;"CURITIBA";"Não guardar distância de segurança";"Colisão traseira";"Com Vítimas Feridas";"Pleno dia";"Crescente";"Nublado";"Dupla";"Reta;Aclive";"Não";3;0;1;0;2;0;1;2;-25,43258315;-49,36940968;"SPRF-PR";"DEL01-PR";"UOP06-DEL01-PR"
202567;2019-04-11;"quinta-feira";"08:45:00";"ES";101;167,9;"LINHARES";"Animais na Pista";"Atropelamento de Animal";"Com Vítimas Feridas";"Pleno dia";"Decrescente";"Sol";"Simples";"Reta";"Não";1;0;1;0;0;0;1;1;-19,52734804;-40,15218496;"SPRF-ES";"DEL04-ES";"UOP01-DEL04-ES"
202568;2019-04-06;"sábado";"05:00:00";"RS";470;222;"GARIBALDI";"Avarias e/ou desgaste excessivo no pneu";"Colisão com objeto estático";"Sem Vítimas";"Plena Noite";"Decrescente";"Garoa/Chuvisco";"Simples";"Reta";"Sim";1;0;0;0;0;1;0;1;-29,20372835;-51,51786908;"SPRF-RS";"DEL06-RS";"UOP01-DEL06-RS"
202569;2019-04-11;"quinta-feira";"06:35:00";"MT";163;113,8;"RONDONOPOLIS";"Condutor Dormindo";"Colisão com objeto estático";"Com Vítimas Feridas";"Amanhecer";"Crescente";"Nublado";"Dupla";"Reta";"Sim";1;0;0;1;0;0;1;1;-16,55390587;-54,67507124;"SPRF-MT";"DEL02-MT";"UOP01-DEL02-MT"
202570;2019-04-11;"quinta-feira";"10:40:00";"TO";153;141,6;"ARAGUAINA";"Desobediência às normas de trânsito pelo condutor";"Colisão traseira";"Com Vítimas Feridas";"Pleno dia";"Decrescente";"Nublado";"Dupla";"Reta";"Sim";2;0;0;1;1;0;1;2;-7,175959;-48,219548;"SPRF-TO";"DEL02-TO";"UOP01-DEL02-TO"
202573;2019-04-11;"quinta-feira";"11:00:00";"RJ";101;315;"SAO GONCALO";"Falta de Atenção à Condução";"Colisão traseira";"Com Vítimas Feridas";"Pleno dia";"Crescente";"Céu Claro";"Múltipla";"Reta";"Não";4;0;1;0;3;0;1;3;-22,7932328;-43,0255057;"SPRF-RJ";"DEL02-RJ";"DEL5/2-UOP04/RJ"
202574;2019-03-03;"domingo";"11:15:00";"MG";40;14,7;"PARACATU";"Defeito na Via";"Tombamento";"Com Vítimas Feridas";"Pleno dia";"Decrescente";"Céu Claro";"Simples";"Curva";"Não";1;0;0;1;0;0;1;1;-17,07114;-47,042225;"SPRF-MG";"DEL14-MG";"UOP01-DEL14-MG"
202575;2019-04-11;"quinta-feira";"07:50:00";"RS";290;107,3;"ELDORADO DO SUL";"Falta de Atenção à Condução";"Colisão lateral";"Com Vítimas Feridas";"Pleno dia";"Decrescente";"Sol";"Dupla";"Curva";"Não";2;0;1;0;1;0;1;2;-30,001852;-51,304264;"SPRF-RS";"DEL02-RS";"UOP01-DEL02-RS"
202577;2019-04-11;"quinta-feira";"07:45:00";"RS";290;107,3;"ELDORADO DO SUL";"Falta de Atenção à Condução";"Colisão lateral";"Com Vítimas Feridas";"Pleno dia";"Decrescente";"Céu Claro";"Dupla";"Curva";"Sim";2;0;1;0;1;0;1;2;-30,001852;-51,304264;"SPRF-RS";"DEL02-RS";"UOP01-DEL02-RS"
202578;2019-04-11;"quinta-feira";"12:05:00";"CE";116;22,8;"AQUIRAZ";"Restrição de Visibilidade";"Colisão traseira";"Com Vítimas Feridas";"Pleno dia";"Decrescente";"Chuva";"Dupla";"Reta";"Sim";2;0;1;0;1;0;1;2;-3,94070798;-38,50918633;"SPRF-CE";"DEL01-CE";"UOP02-DEL01-CE"
202583;2019-04-11;"quinta-feira";"12:40:00";"RJ";40;50;"PETROPOLIS";"Falta de Atenção à Condução";"Colisão lateral";"Com Vítimas Feridas";"Pleno dia";"Crescente";"Céu Claro";"Dupla";"Curva";"Não";3;0;3;0;0;0;3;2;-22,31806204;-43,13158166;"SPRF-RJ";"DEL06-RJ";"UOP01-DEL06-RJ"
202584;2019-04-11;"quinta-feira";"12:00:00";"RS";472;577;"URUGUAIANA";"Falta de Atenção à Condução";"Colisão traseira";"Com Vítimas Feridas";"Pleno dia";"Crescente";"Céu Claro";"Simples";"Curva";"Sim";2;0;1;0;1;0;1;2;-29,76580017;-57,00834791;"SPRF-RS";"DEL13-RS";"UOP01-DEL13-RS"
202585;2019-04-11;"quinta-feira";"12:00:00";"MG";365;584;"ARAGUARI";"Falta de Atenção à Condução";"Colisão transversal";"Com Vítimas Feridas";"Pleno dia";"Crescente";"Nublado";"Simples";"Reta";"Não";3;0;2;0;1;0;2;2;-18,8675148;-47,99334198;"SPRF-MG";"DEL15-MG";"UOP02-DEL15-MG"
202586;2019-04-11;"quinta-feira";"07:20:00";"MG";50;31;"ARAGUARI";"Velocidade Incompatível";"Saída de leito carroçável";"Sem Vítimas";"Amanhecer";"Decrescente";"Nublado";"Dupla";"Curva";"Não";1;0;0;0;0;1;0;1;-18,62419107;-48,11705236;"SPRF-MG";"DEL15-MG";"UOP02-DEL15-MG"
202587;2019-03-25;"segunda-feira";"19:20:00";"RJ";393;255;"BARRA DO PIRAI";"Objeto estático sobre o leito carroçável";"Tombamento";"Com Vítimas Feridas";"Plena Noite";"Decrescente";"Ignorado";"Simples";"Rotatória";"Sim";1;0;0;1;0;0;1;1;-22,45627422;-43,83825129;"SPRF-RJ";"DEL05-RJ";"UOP04-DEL05-RJ"
202591;2019-04-11;"quinta-feira";"11:20:00";"MA";10;255,9;"IMPERATRIZ";"Desobediência às normas de trânsito pelo condutor";"Colisão transversal";"Com Vítimas Feridas";"Pleno dia";"Crescente";"Céu Claro";"Simples";"Interseção de Vias";"Sim";3;0;1;0;2;0;1;2;-5,508798;-47,471718;"SPRF-MA";"DEL04-MA";"UOP01-DEL04-MA"
202592;2019-04-11;"quinta-feira";"12:30:00";"RJ";116;178;"NOVA IGUACU";"Falta de Atenção à Condução";"Colisão traseira";"Com Vítimas Feridas";"Pleno dia";"Decrescente";"Céu Claro";"Múltipla";"Reta";"Sim";3;0;1;0;2;0;1;3;-22,77496393;-43,40081465;"SPRF-RJ";"DEL01-RJ";"UOP02-DEL01-RJ"