"id";"data_inversa";"dia_semana";"horario";"uf";"br";"km";"municipio";"causa_acidente";"tipo_acidente";"classificacao_acidente";"fase_dia";"sentido_via";"condicao_metereologica";"tipo_pista";"tracado_via";"uso_solo";"pessoas";"mortos";"feridos_leves";"feridos_graves";"ilesos";"ignorados";"feridos";"veiculos";"latitude";"longitude";"regional";"delegacia";"uop"
202594;2019-04-11;"quinta-feira";"13:00:00";"SC";280;4,7;"SAO FRANCISCO DO SUL";"Desobediência às normas de trânsito pelo condutor";"Colisão transversal";"Com Vítimas Feridas";"Pleno dia";"Crescente";"Sol";"Simples";"Rotatória";"Sim";2;0;1;0;1;0;1;2;-26,25329566;-48,61916042;"SPRF-SC";"DEL03-SC";"UOP03-DEL03-SC"
202596;2019-04-11;"quinta-feira";"13:25:00";"MG";116;606,1;"SAO JOAO DO MANHUACU";"Desobediência às normas de trânsito pelo condutor";"Colisão lateral";"Com Vítimas Feridas";"Pleno dia";"Decrescente";"Céu Claro";"Simples";"Aclive";"Não";2;0;0;1;1;0;1;2;-20,378722;-42,14721389;"SPRF-MG";"DEL06-MG";"UOP03-DEL06-MG"
202597;2019-04-11;"quinta-feira";"14:20:00";"PE";101;93;"CABO DE SANTO AGOSTINHO";"Falta de Atenção à Condução";"Queda de ocupante de veículo";"Com Vítimas Feridas";"Pleno dia";"Crescente";"Céu Claro";"Dupla";"Reta";"Não";2;0;2;0;0;0;2;1;-8,2396419;-35,00335418;"SPRF-PE";"DEL01-PE";"UOP03-DEL01-PE"
202598;2019-04-11;"quinta-feira";"08:40:00";"MT";163;103;"RONDONOPOLIS";"Avarias e/ou desgaste excessivo no pneu";"Queda de ocupante de veículo";"Com Vítimas Feridas";"Pleno dia";"Decrescente";"Nublado";"Dupla";"Reta";"Não";2;0;1;0;1;0;1;1;-16,63713456;-54,69416719;"SPRF-MT";"DEL02-MT";"DEL2/2-UOP02/MT"
202599;2019-04-11;"quinta-feira";"14:00:00";"RJ";40;25;"TRES RIOS";"Falta de Atenção à Condução";"Queda de ocupante de veículo";"Com Vítimas Feridas";"Pleno dia";"Decrescente";"Céu Claro";"Dupla";"Curva";"Não";2;0;2;0;0;0;2;1;-22,14680002;-43,15810757;"SPRF-RJ";"DEL06-RJ";"UOP02-DEL05-RJ"
202600;2019-04-11;"quinta-feira";"13:15:00";"SC";101;102,6;"BALNEARIO PICARRAS";"Falta de Atenção à Condução";"Colisão traseira";"Com Vítimas Feridas";"Pleno dia";"Decrescente";"Céu Claro";"Dupla";"Reta";"Sim";2;0;1;0;1;0;1;2;-26,77979023;-48,68447542;"SPRF-SC";"DEL03-SC";"UOP02-DEL03-SC"
202602;2019-04-11;"quinta-feira";"13:45:00";"PR";277;84;"SAO JOSE DOS PINHAIS";"Ultrapassagem Indevida";"Queda de ocupante de veículo";"Com Vítimas Feridas";"Pleno dia";"Decrescente";"Céu Claro";"Dupla";"Curva";"Não";1;0;0;1;0;0;1;1;-25,568939;-49,181978;"SPRF-PR";"DEL01-PR";"UOP07-DEL01-PR"
202606;2019-03-17;"domingo";"23:30:00";"RS";470;227;"GARIBALDI";"Ingestão de Álcool";"Saída de leito carroçável";"Com Vítimas Feridas";"Plena Noite";"Crescente";"Chuva";"Simples";"Reta";"Sim";1;0;1;0;0;0;1;1;-29,21657705;-51,51722624;"SPRF-RS";"DEL06-RS";"UOP01-DEL06-RS"
202608;2019-04-11;"quinta-feira";"14:45:00";"SC";101;120;"ITAJAI";"Pista Escorregadia";"Queda de ocupante de veículo";"Com Vítimas Feridas";"Pleno dia";"Crescente";"Céu Claro";"Simples";"Aclive";"Sim";1;0;1;0;0;0;1;1;-26,912758;-48,711998;"SPRF-SC";"DEL04-SC";"UOP04-DEL04-SC"
202610;2019-04-11;"quinta-feira";"14:20:00";"CE";222;2,2;"FORTALEZA";"Não guardar distância de segurança";"Colisão traseira";"Com Vítimas Feridas";"Pleno dia";"Decrescente";"Céu Claro";"Dupla";"Reta";"Sim";2;0;0;1;0;1;1;2;-3,73911117;-38,58687498;"SPRF-CE";"DEL01-CE";"UOP01-DEL01-CE"
202612;2019-04-11;"quinta-feira";"15:50:00";"RJ";116;108;"GUAPIMIRIM";"Falta de Atenção à Condução";"Tombamento";"Com Vítimas Feridas";"Pleno dia";"Crescente";"Céu Claro";"Dupla";"Reta";"Não";1;0;1;0;0;0;1;1;-22,535843;-42,99125;"SPRF-RJ";"DEL04-RJ";"UOP02-DEL04-RJ"
202614;2019-04-11;"quinta-feira";"11:00:00";"SC";101;458;"SAO JOAO DO SUL";"Falta de Atenção à Condução";"Saída de leito carroçável";"Com Vítimas Feridas";"Pleno dia";"Decrescente";"Céu Claro";"Dupla";"Reta";"Não";4;0;1;3;0;0;4;2;-29,24075694;-49,75535784;"SPRF-SC";"DEL02-SC";"UOP02-DEL02-SC"
202615;2019-04-11;"quinta-feira";"16:15:00";"PR";277;104;"CAMPO LARGO";"Falta de Atenção à Condução";"Colisão transversal";"Com Vítimas Feridas";"Pleno dia";"Decrescente";"Céu Claro";"Dupla";"Retorno Regulamentado;Interseção de Vias;Reta";"Sim";2;0;1;0;1;0;1;2;-25,43314436;-49,40425694;"SPRF-PR";"DEL01-PR";"UOP06-DEL01-PR"
202618;2019-04-11;"quinta-feira";"16:15:00";"RJ";116;168;"SAO JOAO DE MERITI";"Não guardar distância de segurança";"Queda de ocupante de veículo";"Com Vítimas Feridas";"Pleno dia";"Crescente";"Céu Claro";"Dupla";"Reta";"Sim";1;0;0;1;0;0;1;1;-22,819969;-43,31499997;"SPRF-RJ";"DEL01-RJ";"UOP02-DEL01-RJ"
202619;2019-04-11;"quinta-feira";"16:00:00";"PR";277;114;"CAMPO LARGO";"Não guardar distância de segurança";"Colisão traseira";"Sem Vítimas";"Pleno dia";"Crescente";"Céu Claro";"Dupla";"Reta";"Sim";2;0;0;0;2;0;0;2;-25,44536564;-49,49631035;"SPRF-PR";"DEL01-PR";"UOP06-DEL01-PR"
202620;2019-04-11;"quinta-feira";"17:05:00";"GO";153;501,7;"GOIANIA";"Falta de Atenção à Condução";"Colisão lateral";"Com Vítimas Feridas";"Pleno dia";"Crescente";"Céu Claro";"Múltipla";"Reta";"Sim";2;0;1;0;1;0;1;2;-16,7189;-49,2382;"SPRF-GO";"DEL01-GO";"UOP01-DEL01-GO"
202622;2019-04-11;"quinta-feira";"17:25:00";"ES";101;270;"SERRA";"Desobediência às normas de trânsito pelo condutor";"Colisão lateral";"Com Vítimas Feridas";"Pleno dia";"Crescente";"Céu Claro";"Dupla";"Reta";"Sim";3;0;1;0;1;1;1;2;-20,22662056;-40,27075088;"SPRF-ES";"DEL02-ES";"UOP01-DEL02-ES"
202624;2019-04-11;"quinta-feira";"17:20:00";"PR";277;673,5;"MEDIANEIRA";"Falta de Atenção à Condução";"Colisão transversal";"Sem Vítimas";"Pleno dia";"Crescente";"Céu Claro";"Dupla";"Reta";"Sim";2;0;0;0;2;0;0;2;-25,29056476;-54,10646111;"SPRF-PR";"DEL05-PR";"UOP01-DEL05-PR"
202625;2019-04-11;"quinta-feira";"15:05:00";"SP";116;80,9;"ROSEIRA";"Falta de Atenção à Condução";"Tombamento";"Com Vítimas Feridas";"Pleno dia";"Crescente";"Sol";"Dupla";"Curva";"Não";1;0;1;0;0;0;1;1;-22,89958454;-45,30245564;"SPRF-SP";"DEL06-SP";"UOP01-DEL06-SP"
202626;2019-04-11;"quinta-feira";"17:42:00";"PB";230;12;"CABEDELO";"Velocidade Incompatível";"Colisão traseira";"Com Vítimas Feridas";"Plena Noite";"Crescente";"Céu Claro";"Dupla";"Reta";"Sim";3;0;2;0;1;0;2;2;-7,08266542;-34,84895468;"SPRF-PB";"DEL01-PB";"UOP01-DEL01-PB"
202629;2019-04-11;"quinta-feira";"17:00:00";"ES";101;264,6;"SERRA";"Falta de Atenção à Condução";"Colisão lateral";"Com Vítimas Feridas";"Pleno dia";"Crescente";"Céu Claro";"Dupla";"Reta";"Sim";2;0;1;0;1;0;1;2;-20,17292791;-40,26736384;"SPRF-ES";"DEL02-ES";"UOP01-DEL02-ES"
202630;2019-04-11;"quinta-feira";"17:15:00";"SE";101;19;"SAO FRANCISCO";"Falta de Atenção à Condução";"Colisão frontal";"Com Vítimas Feridas";"Anoitecer";"Crescente";"Céu Claro";"Simples";"Reta";"Não";2;0;0;1;1;0;1;2;-10,35365721;-36,90338472;"SPRF-SE";"DEL02-SE";"UOP02-DEL02-SE"
202631;2019-04-11;"quinta-feira";"17:40:00";"RJ";116;181;"NOVA IGUACU";"Não guardar distância de segurança";"Colisão traseira";"Com Vítimas Feridas";"Anoitecer";"Decrescente";"Céu Claro";"Múltipla";"Reta";"Sim";3;0;1;0;2;0;1;2;-22,761312;-43,423492;"SPRF-RJ";"DEL01-RJ";"UOP02-DEL01-RJ"
202632;2019-04-11;"quinta-feira";"17:30:00";"BA";116;424;"FEIRA DE SANTANA";"Falta de Atenção à Condução";"Colisão transversal";"Com Vítimas Feridas";"Plena Noite";"Crescente";"Céu Claro";"Simples";"Reta";"Sim";2;0;1;0;0;1;1;2;-12,23257586;-38,97248506;"SPRF-BA";"DEL02-BA";"UOP01-DEL02-BA"
202635;2019-04-11;"quinta-feira";"18:30:00";"BA";324;613;"SALVADOR";"Falta de Atenção à Condução";"Colisão traseira";"Sem Vítimas";"Plena Noite";"Crescente";"Nublado";"Dupla";"Reta";"Não";4;0;0;0;4;0;0;2;-12,85531601;-38,42055197;"SPRF-BA";"DEL01-BA";"UOP01-DEL01-BA"
202636;2019-04-11;"quinta-feira";"15:45:00";"RJ";101;512,1;"ANGRA DOS REIS";"Falta de Atenção do Pedestre";"Colisão transversal";"Com Vítimas Feridas";"Pleno dia";"Decrescente";"Céu Claro";"Simples";"Reta";"Sim";2;0;1;0;1;0;1;2;-22,96909;-44,44151;"SPRF-RJ";"DEL03-RJ";"UOP02-DEL03-RJ"
202638;2019-04-11;"quinta-feira";"18:40:00";"SE";101;83,7;"LARANJEIRAS";"Animais na Pista";"Atropelamento de Animal";"Com Vítimas Feridas";"Plena Noite";"Crescente";"Nublado";"Dupla";"Reta";"Não";1;0;1;0;0;0;1;1;-10,82643802;-37,13848225;"SPRF-SE";"DEL01-SE";"UOP01-DEL01-SE"
202639;2019-04-11;"quinta-feira";"18:00:00";"PR";277;597,7;"CASCAVEL";"Não guardar distância de segurança";"Engavetamento";"Sem Vítimas";"Anoitecer";"Crescente";"Céu Claro";"Dupla";"Reta";"Não";3;0;0;0;3;0;0;3;-24,99513602;-53,51418998;"SPRF-PR";"DEL04-PR";"UOP01-DEL04-PR"
202641;2019-04-11;"quinta-feira";"14:35:00";"RO";364;427,3;"JARU";"Velocidade Incompatível";"Saída de leito carroçável";"Com Vítimas Feridas";"Pleno dia";"Decrescente";"Chuva";"Simples";"Reta";"Sim";24;0;7;2;15;0;9;1;-10,42416716;-62,49212878;"SPRF-RO";"DEL03-RO";"UOP02-DEL03-RO"
202642;2019-04-11;"quinta-feira";"17:30:00";"RS";116;516,7;"PELOTAS";"Falta de Atenção à Condução";"Atropelamento de Pedestre";"Com Vítimas Feridas";"Pleno dia";"Crescente";"Céu Claro";"Dupla";"Reta";"Não";2;0;1;0;1;0;1;2;-31,67013527;-52,34055575;"SPRF-RS";"DEL07-RS";"UOP01-DEL07-RS"
202643;2019-04-11;"quinta-feira";"19:00:00";"GO";153;504;"GOIANIA";"Defeito na Via";"Queda de ocupante de veículo";"Com Vítimas Feridas";"Plena Noite";"Crescente";"Céu Claro";"Dupla";"Declive";"Sim";2;0;1;0;0;1;1;2;-16,7451;-49,2408;"SPRF-GO";"DEL01-GO";"UOP01-DEL01-GO"
202644;2019-04-11;"quinta-feira";"17:40:00";"PR";277;491,3;"NOVA LARANJEIRAS";"Falta de Atenção à Condução";"Colisão transversal";"Com Vítimas Feridas";"Pleno dia";"Crescente";"Céu Claro";"Simples";"Curva";"Sim";3;0;2;0;1;0;2;2;-25,21737917;-52,65356056;"SPRF-PR";"DEL04-PR";"UOP02-DEL04-PR"
202645;2019-04-11;"quinta-feira";"18:15:00";"PR";272;380,1;"ARARUNA";"Ultrapassagem Indevida";"Colisão frontal";"Com Vítimas Feridas";"Anoitecer";"Crescente";"Céu Claro";"Simples";"Reta";"Não";6;0;3;0;3;0;3;2;-24,06097952;-52,52163423;"SPRF-PR";"DEL04-PR";"UOP03-DEL09-PR"
202646;2019-04-11;"quinta-feira";"15:30:00";"PI";343;475,8;"ANGICAL DO PIAUI";"Avarias e/ou desgaste excessivo no pneu";"Capotamento";"Com Vítimas Feridas";"Pleno dia";"Decrescente";"Chuva";"Simples";"Reta";"Não";6;0;1;5;0;0;6;1;-6,131301;-42,720543;"SPRF-PI";"DEL01-PI";"UOP02-DEL01-PI"
202647;2019-04-11;"quinta-feira";"16:00:00";"GO";153;259,9;"SAO LUIZ DO NORTE";"Pista Escorregadia";"Saída de leito carroçável";"Com Vítimas Feridas";"Pleno dia";"Crescente";"Chuva";"Simples";"Reta";"Não";5;0;2;0;3;0;2;1;-14,991028;-49,404791;"SPRF-GO";"DEL07-GO";"UOP02-DEL07-GO"
202648;2019-04-11;"quinta-feira";"19:10:00";"RS";386;444;"CANOAS";"Desobediência às normas de trânsito pelo condutor";"Colisão transversal";"Com Vítimas Feridas";"Plena Noite";"Crescente";"Nublado";"Dupla";"Reta";"Sim";2;0;0;1;1;0;1;2;-29,8911;-51,203064;"SPRF-RS";"DEL01-RS";"UOP01-DEL01-RS"
202649;2019-04-11;"quinta-feira";"18:50:00";"PR";116;115;"CURITIBA";"Não guardar distância de segurança";"Colisão traseira";"Com Vítimas Feridas";"Plena Noite";"Decrescente";"Céu Claro";"Dupla";"Reta";"Sim";2;0;1;0;1;0;1;2;-25,55953326;-49,26560414;"SPRF-PR";"DEL01-PR";"UOP06-DEL01-PR"
202651;2019-04-11;"quinta-feira";"19:00:00";"PE";101;78,2;"JABOATAO DOS GUARARAPES";"Falta de Atenção à Condução";"Colisão transversal";"Com Vítimas Feridas";"Pleno dia";"Crescente";"Nublado";"Dupla";"Reta";"Sim";2;0;1;0;1;0;1;2;-8,13496499;-34,94738614;"SPRF-PE";"DEL01-PE";"UOP01-DEL01-PE"
202653;2019-04-11;"quinta-feira";"19:30:00";"ES";101;256;"SERRA";"Falta de Atenção à Condução";"Colisão lateral";"Com Vítimas Feridas";"Plena Noite";"Decrescente";"Chuva";"Múltipla";"Reta";"Sim";2;0;1;0;1;0;1;2;-20,12342845;-40,30442566;"SPRF-ES";"DEL02-ES";"UOP01-DEL02-ES"
202657;2019-04-11;"quinta-feira";"19:40:00";"RJ";101;303;"SAO GONCALO";"Avarias e/ou desgaste excessivo no pneu";"Tombamento";"Com Vítimas Feridas";"Plena Noite";"Crescente";"Céu Claro";"Dupla";"Reta";"Sim";2;0;2;0;0;0;2;1;-22,7828205;-42,9766681;"SPRF-RJ";"DEL02-RJ";"DEL5/2-UOP04/RJ"
202658;2019-04-11;"quinta-feira";"20:00:00";"CE";222;18;"CAUCAIA";"Desobediência às normas de trânsito pelo condutor";"Colisão transversal";"Com Vítimas Feridas";"Plena Noite";"Decrescente";"Nublado";"Simples";"Reta";"Não";2;0;2;0;0;0;2;2;-3,731137;-38,730368;"SPRF-CE";"DEL01-CE";"UOP01-DEL01-CE"
202661;2019-04-11;"quinta-feira";"16:21:00";"MG";40;623,1;"CONSELHEIRO LAFAIETE";"Falta de Atenção à Condução";"Colisão lateral";"Com Vítimas Feridas";"Pleno dia";"Decrescente";"Garoa/Chuvisco";"Simples";"Curva";"Não";6;0;2;0;3;1;2;3;-20,60236514;-43,80699874;"SPRF-MG";"DEL05-MG";"UOP02-DEL05-MG"
202662;2019-04-11;"quinta-feira";"20:20:00";"SC";470;129,9;"LONTRAS";"Ingestão de Álcool";"Colisão traseira";"Sem Vítimas";"Plena Noite";"Crescente";"Céu Claro";"Simples";"Interseção de Vias";"Não";2;0;0;0;2;0;0;2;-27,148499;-49,556137;"SPRF-SC";"DEL04-SC";"UOP02-DEL04-SC"
202663;2019-04-11;"quinta-feira";"18:45:00";"MG";365;372;"PATOS DE MINAS";"Ingestão de álcool e/ou substâncias psicoativas pelo pedestre";"Saída de leito carroçável";"Com Vítimas Feridas";"Plena Noite";"Crescente";"Chuva";"Simples";"Reta";"Não";4;0;4;0;0;0;4;1;-18,54479741;-46,20742505;"SPRF-MG";"DEL10-MG";"UOP01-DEL10-MG"
202665;2019-04-11;"quinta-feira";"20:10:00";"RS";290;5;"OSORIO";"Pista Escorregadia";"Saída de leito carroçável";"Com Vítimas Feridas";"Plena Noite";"Decrescente";"Chuva";"Múltipla";"Reta";"Não";1;0;1;0;0;0;1;1;-29,897158;-50,323845;"SPRF-RS";"DEL03-RS";"UOP01-DEL03-RS"
202666;2019-04-11;"quinta-feira";"19:50:00";"MS";163;134,6;"NAVIRAI";"Falta de Atenção à Condução";"Colisão traseira";"Com Vítimas Feridas";"Plena Noite";"Decrescente";"Céu Claro";"Simples";"Declive";"Não";2;0;1;0;1;0;1;2;-23,02477182;-54,29396095;"SPRF-MS";"DEL09-MS";"UOP01-DEL09-MS"
202667;2019-04-11;"quinta-feira";"17:00:00";"MG";364;7,8;"PLANURA";"Velocidade Incompatível";"Capotamento";"Com Vítimas Feridas";"Pleno dia";"Decrescente";"Chuva";"Simples";"Aclive";"Não";1;0;1;0;0;0;1;1;-20,10947;-48,73419;"SPRF-MG";"DEL13-MG";"UOP02-DEL13-MG"
202668;2019-04-11;"quinta-feira";"21:25:00";"PE";232;7,6;"RECIFE";"Desobediência às normas de trânsito pelo condutor";"Colisão traseira";"Sem Vítimas";"Plena Noite";"Crescente";"Nublado";"Dupla";"Reta";"Sim";2;0;0;0;1;1;0;2;-8,07079525;-34,9535389;"SPRF-PE";"DEL01-PE";"UOP01-DEL01-PE"
202669;2019-04-11;"quinta-feira";"21:55:00";"SC";280;54,6;"GUARAMIRIM";"Restrição de Visibilidade";"Colisão transversal";"Com Vítimas Feridas";"Plena Noite";"Crescente";"Nublado";"Simples";"Interseção de Vias";"Sim";3;0;0;1;1;1;1;3;-26,47540376;-48,9901185;"SPRF-SC";"DEL03-SC";"UOP03-DEL03-SC"
202670;2019-04-11;"quinta-feira";"18:00:00";"RS";116;245,5;"SAO LEOPOLDO";"Falta de Atenção à Condução";"Colisão lateral";"Com Vítimas Feridas";"Anoitecer";"Crescente";"Chuva";"Simples";"Interseção de Vias";"Sim";2;0;1;0;1;0;1;2;-29,74980902;-51,15125361;"SPRF-RS";"DEL01-RS";"UOP02-DEL01-RS"
202672;2019-04-11;"quinta-feira";"22:20:00";"ES";101;230;"FUNDAO";"Velocidade Incompatível";"Queda de ocupante de veículo";"Com Vítimas Feridas";"Plena Noite";"Crescente";"Céu Claro";"Dupla";"Reta";"Sim";2;0;1;0;1;0;1;1;-19,93558165;-40,40603211;"SPRF-ES";"DEL02-ES";"UOP01-DEL02-ES"
202673;2019-04-11;"quinta-feira";"21:40:00";"MS";163;681,3;"RIO VERDE DE MATO GROSSO";"Velocidade Incompatível";"Colisão transversal";"Com Vítimas Feridas";"Plena Noite";"Decrescente";"Céu Claro";"Simples";"Reta";"Sim";2;0;0;1;1;0;1;2;-18,91578008;-54,83862738;"SPRF-MS";"DEL06-MS";"UOP02-DEL06-MS"
202674;2019-04-11;"quinta-feira";"22:35:00";"RJ";101;61;"CAMPOS DOS GOYTACAZES";"Falta de Atenção à Condução";"Colisão lateral";"Com Vítimas Feridas";"Plena Noite";"Decrescente";"Céu Claro";"Simples";"Reta";"Sim";2;0;1;0;1;0;1;2;-21,72655788;-41,32133519;"SPRF-RJ";"DEL08-RJ";"UOP01-DEL08-RJ"
202675;2019-04-11;"quinta-feira";"22:00:00";"SC";470;143,1;"RIO DO SUL";"Falta de Atenção à Condução";"Colisão transversal";"Com Vítimas Feridas";"Plena Noite";"Decrescente";"Céu Claro";"Simples";"Reta";"Não";2;0;1;0;1;0;1;2;-27,233143;-49,672886;"SPRF-SC";"DEL04-SC";"UOP02-DEL04-SC"
202677;2019-04-11;"quinta-feira";"18:25:00";"MT";163;810;"SINOP";"Pista Escorregadia";"Saída de leito carroçável";"Sem Vítimas";"Plena Noite";"Crescente";"Chuva";"Simples";"Reta";"Não";1;0;0;0;1;0;0;1;-12,01111429;-55,51803589;"SPRF-MT";"DEL06-MT";"UOP01-DEL06-MT"
202678;2019-04-11;"quinta-feira";"19:25:00";"BA";101;679;"ITAGIMIRIM";"Desobediência às normas de trânsito pelo condutor";"Colisão frontal";"Com Vítimas Feridas";"Plena Noite";"Decrescente";"Chuva";"Simples";"Reta";"Não";3;0;0;1;2;0;1;2;-16,10519509;-39,6118927;"SPRF-BA";"DEL09-BA";"UOP01-DEL09-BA"
202680;2019-04-11;"quinta-feira";"23:00:00";"ES";262;42,5;"DOMINGOS MARTINS";"Desobediência às normas de trânsito pelo condutor";"Colisão frontal";"Com Vítimas Feridas";"Plena Noite";"Crescente";"Céu Claro";"Simples";"Curva";"Não";2;0;1;1;0;0;2;2;-20,38415593;-40,66565752;"SPRF-ES";"DEL01-ES";"UOP01-DEL01-ES"
202681;2019-04-11;"quinta-feira";"23:10:00";"MG";381;488,5;"BETIM";"Falta de Atenção do Pedestre";"Atropelamento de Pedestre";"Com Vítimas Feridas";"Plena Noite";"Crescente";"Céu Claro";"Dupla";"Retorno Regulamentado";"Sim";2;0;2;0;0;0;2;2;-19,9598656;-44,15489715;"SPRF-MG";"DEL01-MG";"UOP03-DEL01-MG"
202683;2019-04-11;"quinta-feira";"23:00:00";"RJ";101;311;"SAO GONCALO";"Agressão Externa";"Colisão traseira";"Sem Vítimas";"Plena Noite";"Crescente";"Céu Claro";"Dupla";"Reta";"Não";2;0;0;0;2;0;0;2;-22,80062246;-43,05318779;"SPRF-RJ";"DEL02-RJ";"DEL5/2-UOP04/RJ"
202684;2019-04-11;"quinta-feira";"20:50:00";"PE";232;411;"SERRA TALHADA";"Ingestão de Álcool";"Colisão frontal";"Sem Vítimas";"Plena Noite";"Decrescente";"Céu Claro";"Simples";"Reta";"Sim";2;0;0;0;2;0;0;2;-7,98179211;-38,303774;"SPRF-PE";"DEL04-PE";"UOP01-DEL04-PE"
202686;2019-04-12;"sexta-feira";"00:00:00";"PR";376;4;"APUCARANA";"Falta de Atenção à Condução";"Colisão frontal";"Com Vítimas Feridas";"Plena Noite";"Crescente";"Céu Claro";"Simples";"Interseção de Vias";"Sim";2;0;2;0;0;0;2;2;-23,55666582;-51,44278944;"SPRF-PR";"DEL07-PR";"UOP03-DEL07-PR"
202689;2019-04-11;"quinta-feira";"23:47:00";"PR";369;149,4;"LONDRINA";"Falta de Atenção do Pedestre";"Atropelamento de Pedestre";"Com Vítimas Feridas";"Plena Noite";"Decrescente";"Céu Claro";"Dupla";"Reta;Interseção de Vias";"Sim";2;0;0;2;0;0;2;2;-23,29290976;-51,15469873;"SPRF-PR";"DEL07-PR";"UOP01-DEL07-PR"
202690;2019-04-12;"sexta-feira";"00:00:00";"PR";163;248;"TOLEDO";"Falta de Atenção à Condução";"Queda de ocupante de veículo";"Com Vítimas Feridas";"Plena Noite";"Crescente";"Céu Claro";"Simples";"Em Obras";"Sim";1;0;1;0;0;0;1;1;-24,71080181;-53,71759686;"SPRF-PR";"DEL06-PR";"UOP02-DEL06-PR"
202691;2019-04-12;"sexta-feira";"00:40:00";"RS";116;254,3;"SAPUCAIA DO SUL";"Velocidade Incompatível";"Colisão traseira";"Sem Vítimas";"Plena Noite";"Crescente";"Nublado";"Múltipla";"Reta";"Sim";2;0;0;0;2;0;0;2;-29,82654797;-51,17241311;"SPRF-RS";"DEL01-RS";"UOP02-DEL01-RS"
202692;2019-04-12;"sexta-feira";"01:40:00";"RJ";101;49,3;"CAMPOS DOS GOYTACAZES";"Desobediência às normas de trânsito pelo condutor";"Colisão traseira";"Com Vítimas Feridas";"Plena Noite";"Crescente";"Céu Claro";"Simples";"Reta";"Não";4;0;1;1;2;0;2;3;-21,62508006;-41,31411242;"SPRF-RJ";"DEL08-RJ";"UOP01-DEL08-RJ"
202695;2019-04-12;"sexta-feira";"01:40:00";"PR";476;142;"CURITIBA";"Falta de Atenção à Condução";"Saída de leito carroçável";"Com Vítimas Feridas";"Plena Noite";"Crescente";"Nevoeiro/Neblina";"Dupla";"Reta";"Sim";2;0;1;0;1;0;1;2;-25,537161;-49,301632;"SPRF-PR";"DEL01-PR";"UOP03-DEL01-PR"
202696;2019-04-12;"sexta-feira";"02:15:00";"SP";116;218,6;"GUARULHOS";"Pista Escorregadia";"Colisão com objeto estático";"Sem Vítimas";"Plena Noite";"Crescente";"Céu Claro";"Múltipla";"Curva";"Não";1;0;0;0;1;0;0;1;-23,457972;-46,479927;"SPRF-SP";"DEL01-SP";"UOP01-DEL01-SP"
202697;2019-04-12;"sexta-feira";"00:30:00";"PR";163;323;"GUAIRA";"Condutor Dormindo";"Saída de leito carroçável";"Com Vítimas Feridas";"Plena Noite";"Crescente";"Céu Claro";"Simples";"Curva";"Não";1;0;1;0;0;0;1;1;-24,31854694;-54,15781765;"SPRF-PR";"DEL06-PR";"UOP01-DEL06-PR"
202701;2019-04-11;"quinta-feira";"23:00:00";"PE";232;99;"BEZERROS";"Falta de Atenção à Condução";"Colisão com objeto estático";"Com Vítimas Feridas";"Plena Noite";"Crescente";"Céu Claro";"Dupla";"Reta";"Não";2;0;1;1;0;0;2;1;-8,2367277;-35,73401605;"SPRF-PE";"DEL01-PE";"UOP02-DEL02PE"
202703;2019-04-12;"sexta-feira";"01:10:00";"RO";364;696;"PORTO VELHO";"Condutor Dormindo";"Tombamento";"Sem Vítimas";"Plena Noite";"Crescente";"Céu Claro";"Dupla";"Reta";"Não";1;0;0;0;1;0;0;1;-8,80046614;-63,734779;"SPRF-RO";"DEL01-RO";"UOP01-DEL01-RO"
202704;2019-04-12;"sexta-feira";"03:30:00";"SP";153;172,5;"GUAICARA";"Ingestão de Álcool";"Tombamento";"Sem Vítimas";"Plena Noite";"Decrescente";"Nublado";"Simples";"Reta";"Não";1;0;0;0;1;0;0;1;-21,61519396;-49,78601928;"SPRF-SP";"DEL07-SP";"UOP01-DEL07-SP"
202706;2019-04-12;"sexta-feira";"03:10:00";"SC";470;59;"BLUMENAU";"Velocidade Incompatível";"Colisão lateral";"Sem Vítimas";"Plena Noite";"Crescente";"Céu Claro";"Simples";"Curva";"Sim";2;0;0;0;0;2;0;2;-26,882812;-49,1548;"SPRF-SC";"DEL04-SC";"UOP01-DEL04-SC"
202707;2019-04-07;"domingo";"17:00:00";"MG";381;421,7;"CAETE";"Não guardar distância de segurança";"Colisão traseira";"Com Vítimas Feridas";"Pleno dia";"Decrescente";"Céu Claro";"Simples";"Curva";"Não";3;0;1;0;1;1;1;2;-19,783061;-43,66116123;"SPRF-MG";"DEL01-MG";"UOP01-DEL01-MG"
202709;2019-04-12;"sexta-feira";"05:15:00";"RN";226;0,6;"NATAL";"Falta de Atenção à Condução";"Colisão transversal";"Com Vítimas Fatais";"Pleno dia";"Decrescente";"Garoa/Chuvisco";"Simples";"Reta";"Sim";2;1;0;0;1;0;0;2;-5,800019;-35,238174;"SPRF-RN";"DEL01-RN";"UOP02-DEL01-RN"
202710;2019-04-12;"sexta-feira";"01:50:00";"MS";163;259,6;"DOURADOS";"Animais na Pista";"Atropelamento de Animal";"Com Vítimas Fatais";"Plena Noite";"Decrescente";"Céu Claro";"Dupla";"Reta";"Não";1;1;0;0;0;0;0;1;-22,24828968;-54,7741574;"SPRF-MS";"DEL04-MS";"UOP01-DEL04-MS"