"id";"data_inversa";"dia_semana";"horario";"uf";"br";"km";"municipio";"causa_acidente";"tipo_acidente";"classificacao_acidente";"fase_dia";"sentido_via";"condicao_metereologica";"tipo_pista";"tracado_via";"uso_solo";"pessoas";"mortos";"feridos_leves";"feridos_graves";"ilesos";"ignorados";"feridos";"veiculos";"latitude";"longitude";"regional";"delegacia";"uop"
202936;2019-04-12;"sexta-feira";"23:40:00";"RS";287;400,5;"SANTIAGO";"Ingestão de álcool e/ou substâncias psicoativas pelo pedestre";"Atropelamento de Pedestre";"Com Vítimas Feridas";"Plena Noite";"Decrescente";"Céu Claro";"Simples";"Interseção de Vias;Aclive;Reta";"Sim";2;0;1;1;0;0;2;2;-29,16448781;-54,87636383;"SPRF-RS";"DEL12-RS";"UOP02-DEL12-RS"
202939;2019-04-13;"sábado";"05:10:00";"MG";40;523,2;"CONTAGEM";"Falta de Atenção do Pedestre";"Atropelamento de Pedestre";"Com Vítimas Fatais";"Amanhecer";"Crescente";"Céu Claro";"Dupla";"Reta";"Não";2;1;0;0;1;0;0;2;-19,86874894;-44,05962197;"SPRF-MG";"DEL01-MG";"UOP02-DEL01-MG"
202940;2019-04-13;"sábado";"05:00:00";"PI";343;268;"CAMPO MAIOR";"Falta de Atenção à Condução";"Atropelamento de Animal";"Com Vítimas Feridas";"Amanhecer";"Crescente";"Nublado";"Simples";"Reta";"Sim";2;0;0;2;0;0;2;1;-4,842865;-42,187584;"SPRF-PI";"DEL01-PI";"UOP03-DEL01-PI"
202941;2019-04-12;"sexta-feira";"23:00:00";"AL";101;67,3;"MESSIAS";"Falta de Atenção à Condução";"Saída de leito carroçável";"Sem Vítimas";"Plena Noite";"Decrescente";"Céu Claro";"Dupla";"Reta";"Não";1;0;0;0;1;0;0;1;-9,34144305;-35,83125567;"SPRF-AL";"DEL01-AL";"UOP01-DEL01-AL"
202946;2019-04-13;"sábado";"05:30:00";"TO";153;142;"ARAGUAINA";"Ingestão de Álcool";"Saída de leito carroçável";"Sem Vítimas";"Amanhecer";"Crescente";"Céu Claro";"Dupla";"Reta";"Sim";1;0;0;0;1;0;0;1;-7,18228805;-48,22580095;"SPRF-TO";"DEL02-TO";"UOP01-DEL02-TO"
202947;2019-04-13;"sábado";"06:20:00";"RN";101;147;"GOIANINHA";"Ingestão de Álcool";"Colisão transversal";"Com Vítimas Feridas";"Pleno dia";"Crescente";"Sol";"Simples";"Interseção de Vias";"Sim";2;0;1;0;1;0;1;2;-6,27145987;-35,20823975;"SPRF-RN";"DEL01-RN";"UOP01-DEL01-RN"
202948;2019-04-13;"sábado";"05:40:00";"ES";101;290,5;"CARIACICA";"Falta de Atenção à Condução";"Tombamento";"Com Vítimas Feridas";"Amanhecer";"Decrescente";"Céu Claro";"Dupla";"Reta";"Sim";1;0;0;1;0;0;1;1;-20,28927747;-40,39181575;"SPRF-ES";"DEL01-ES";"UOP01-DEL01-ES"
202952;2019-04-13;"sábado";"03:50:00";"SC";282;522,1;"XAXIM";"Ingestão de Álcool";"Colisão com objeto estático";"Sem Vítimas";"Plena Noite";"Decrescente";"Céu Claro";"Simples";"Reta";"Sim";1;0;0;0;0;1;0;1;-26,956238;-52,542637;"SPRF-SC";"DEL07-SC";"UOP01-DEL07-SC"
202954;2019-04-13;"sábado";"06:20:00";"SP";116;273;"TABOAO DA SERRA";"Falta de Atenção do Pedestre";"Atropelamento de Pedestre";"Com Vítimas Feridas";"Pleno dia";"Crescente";"Sol";"Dupla";"Reta";"Sim";2;0;2;0;0;0;2;2;-23,62809795;-46,81870306;"SPRF-SP";"DEL04-SP";"UOP01-DEL04-SP"
202955;2019-04-13;"sábado";"04:40:00";"RO";319;63;"PORTO VELHO";"Desobediência às normas de trânsito pelo condutor";"Colisão transversal";"Sem Vítimas";"Amanhecer";"Decrescente";"Céu Claro";"Múltipla";"Interseção de Vias";"Sim";5;0;0;0;4;1;0;3;-8,766685;-63,884052;"SPRF-RO";"DEL01-RO";"UOP01-DEL01-RO"
202956;2019-04-13;"sábado";"05:20:00";"PI";343;555,1;"AMARANTE";"Animais na Pista";"Colisão traseira";"Com Vítimas Feridas";"Amanhecer";"Crescente";"Céu Claro";"Simples";"Reta";"Não";4;0;1;0;3;0;1;2;-6,63028;-42,855057;"SPRF-PI";"DEL03-PI";"UOP01-DEL03-PI"
202957;2019-04-13;"sábado";"07:30:00";"AL";423;37,2;"INHAPI";"Condutor Dormindo";"Colisão com objeto estático";"Sem Vítimas";"Pleno dia";"Decrescente";"Céu Claro";"Simples";"Reta";"Não";1;0;0;0;1;0;0;1;-9,22455527;-37,60991991;"SPRF-AL";"DEL03-AL";"UOP02-DEL03-AL"
202958;2019-04-13;"sábado";"07:35:00";"PI";316;8;"TERESINA";"Animais na Pista";"Tombamento";"Com Vítimas Feridas";"Pleno dia";"Decrescente";"Céu Claro";"Simples";"Reta";"Sim";2;0;2;0;0;0;2;1;-5,16483402;-42,76899508;"SPRF-PI";"DEL01-PI";"UOP02-DEL01-PI"
202960;2019-04-13;"sábado";"05:30:00";"ES";482;72,8;"ALEGRE";"Desobediência às normas de trânsito pelo condutor";"Colisão com objeto estático";"Com Vítimas Feridas";"Amanhecer";"Crescente";"Céu Claro";"Simples";"Reta";"Sim";1;0;1;0;0;0;1;1;-20,76179001;-41,454465;"SPRF-ES";"DEL03-ES";"UOP02-DEL03-ES"
202961;2019-04-06;"sábado";"00:30:00";"MG";365;613;"UBERLANDIA";"Agressão Externa";"Saída de leito carroçável";"Com Vítimas Feridas";"Plena Noite";"Decrescente";"Céu Claro";"Simples";"Reta";"Sim";2;0;0;1;0;1;1;2;-18,92660051;-48,19547653;"SPRF-MG";"DEL15-MG";"UOP01-DEL15-MG"
202962;2019-04-13;"sábado";"08:00:00";"SP";116;159;"JACAREI";"Ultrapassagem Indevida";"Capotamento";"Com Vítimas Feridas";"Pleno dia";"Crescente";"Nublado";"Dupla";"Reta";"Sim";2;0;2;0;0;0;2;1;-23,26585409;-45,95983994;"SPRF-SP";"DEL02-SP";"UOP01-DEL02-SP"
202963;2019-04-12;"sexta-feira";"04:00:00";"PR";0;0;"SANTA TEREZINHA DE ITAIPU";"Falta de Atenção à Condução";"Colisão com objeto estático";"Sem Vítimas";"Plena Noite";"Não Informado";"Céu Claro";"Simples";"Reta";"Não";1;0;0;0;1;0;0;1;-25,4650714;-54,44902954;"SPRF-PR";"DEL05-PR";"UOP01-DEL05-PR"
202964;2019-04-13;"sábado";"07:20:00";"PR";277;111;"CAMPO LARGO";"Avarias e/ou desgaste excessivo no pneu";"Queda de ocupante de veículo";"Com Vítimas Feridas";"Pleno dia";"Decrescente";"Céu Claro";"Dupla";"Reta";"Não";2;0;2;0;0;0;2;1;-25,43730706;-49,36497042;"SPRF-PR";"DEL01-PR";"UOP06-DEL01-PR"
202965;2019-04-13;"sábado";"02:10:00";"PR";476;278,8;"SAO MATEUS DO SUL";"Velocidade Incompatível";"Saída de leito carroçável";"Sem Vítimas";"Plena Noite";"Crescente";"Céu Claro";"Simples";"Declive;Reta";"Sim";1;0;0;0;0;1;0;1;-25,868753;-50,396477;"SPRF-PR";"DEL02-PR";"UOP04-DEL02-PR"
202966;2019-04-13;"sábado";"07:20:00";"RS";470;217;"BENTO GONCALVES";"Falta de Atenção à Condução";"Colisão traseira";"Sem Vítimas";"Amanhecer";"Crescente";"Céu Claro";"Simples";"Rotatória";"Sim";2;0;0;0;2;0;0;2;-29,16462512;-51,52551964;"SPRF-RS";"DEL06-RS";"UOP01-DEL06-RS"
202967;2019-04-13;"sábado";"08:20:00";"RS";116;600;"ARROIO GRANDE";"Falta de Atenção à Condução";"Saída de leito carroçável";"Sem Vítimas";"Pleno dia";"Decrescente";"Céu Claro";"Simples";"Reta";"Não";3;0;0;0;3;0;0;1;-32,17041493;-52,98705311;"SPRF-RS";"DEL07-RS";"UOP03-DEL07-RS"
202969;2019-04-13;"sábado";"05:45:00";"RS";471;167,4;"RIO PARDO";"Velocidade Incompatível";"Saída de leito carroçável";"Com Vítimas Feridas";"Amanhecer";"Crescente";"Céu Claro";"Simples";"Reta";"Não";2;0;0;2;0;0;2;1;-29,962341;-52,370583;"SPRF-RS";"DEL02-RS";"UOP02-DEL02-RS"
202970;2019-04-13;"sábado";"09:00:00";"RS";0;0;"CANOAS";"Falta de Atenção à Condução";"Colisão lateral";"Sem Vítimas";"Pleno dia";"Não Informado";"Céu Claro";"Múltipla";"Reta";"Sim";2;0;0;0;2;0;0;2;-29,9672863;-51,17638514;"SPRF-RS";"DEL01-RS";"UOP01-DEL01-RS"
202973;2019-04-13;"sábado";"03:00:00";"SP";116;145,6;"SAO JOSE DOS CAMPOS";"Falta de Atenção à Condução";"Colisão traseira";"Sem Vítimas";"Plena Noite";"Decrescente";"Nublado";"Dupla";"Reta;Aclive";"Não";2;0;0;0;1;1;0;2;-23,1869844;-45,8548078;"SPRF-SP";"DEL02-SP";"UOP01-DEL02-SP"
202974;2019-04-13;"sábado";"08:50:00";"DF";60;8,3;"BRASILIA";"Falta de Atenção à Condução";"Queda de ocupante de veículo";"Com Vítimas Feridas";"Pleno dia";"Crescente";"Céu Claro";"Dupla";"Reta";"Sim";1;0;0;1;0;0;1;1;-15,90324;-48,130695;"SPRF-DF";"DEL01-DF";"UOP01-DEL03-DF"
202975;2019-04-13;"sábado";"08:30:00";"PR";277;83,2;"CURITIBA";"Desobediência às normas de trânsito pelo pedestre";"Atropelamento de Pedestre";"Com Vítimas Feridas";"Pleno dia";"Crescente";"Céu Claro";"Dupla";"Reta";"Sim";2;0;1;0;1;0;1;2;-25,448088;-49,229769;"SPRF-PR";"DEL01-PR";"UOP07-DEL01-PR"
202976;2019-04-13;"sábado";"07:40:00";"BA";110;304;"INHAMBUPE";"Desobediência às normas de trânsito pelo condutor";"Colisão transversal";"Sem Vítimas";"Pleno dia";"Decrescente";"Céu Claro";"Simples";"Interseção de Vias";"Não";2;0;0;0;2;0;0;2;-11,94270591;-38,36817053;"SPRF-BA";"DEL01-BA";"UOP04-DEL01-BA"
202978;2019-04-13;"sábado";"08:55:00";"RJ";116;127;"MAGE";"Falta de Atenção à Condução";"Tombamento";"Com Vítimas Feridas";"Pleno dia";"Decrescente";"Céu Claro";"Dupla";"Reta";"Não";1;0;0;1;0;0;1;1;-22,6575715;-43,13200235;"SPRF-RJ";"DEL04-RJ";"UOP02-DEL04-RJ"
202979;2019-04-13;"sábado";"08:35:00";"PR";277;135,9;"BALSA NOVA";"Falta de Atenção à Condução";"Saída de leito carroçável";"Com Vítimas Feridas";"Pleno dia";"Crescente";"Céu Claro";"Dupla";"Curva;Aclive";"Não";1;0;1;0;0;0;1;1;-25,46864226;-49,76652145;"SPRF-PR";"DEL01-PR";"UOP06-DEL01-PR"
202980;2019-04-13;"sábado";"08:55:00";"SC";101;256,9;"PAULO LOPES";"Falta de Atenção à Condução";"Saída de leito carroçável";"Com Vítimas Feridas";"Pleno dia";"Crescente";"Céu Claro";"Simples";"Aclive;Reta";"Não";2;0;1;0;1;0;1;1;-27,99736184;-48,69029045;"SPRF-SC";"DEL02-SC";"UOP03-DEL02-SC"
202981;2019-04-13;"sábado";"07:50:00";"RO";364;709;"PORTO VELHO";"Mal Súbito";"Saída de leito carroçável";"Com Vítimas Feridas";"Pleno dia";"Crescente";"Céu Claro";"Simples";"Reta";"Sim";2;0;1;0;1;0;1;1;-8,7909383;-63,84895617;"SPRF-RO";"DEL01-RO";"UOP01-DEL01-RO"
202983;2019-04-13;"sábado";"09:40:00";"ES";262;5,3;"CARIACICA";"Falta de Atenção à Condução";"Colisão transversal";"Com Vítimas Feridas";"Pleno dia";"Decrescente";"Céu Claro";"Múltipla";"Interseção de Vias";"Sim";4;0;1;0;3;0;1;3;-20,33940343;-40,39315313;"SPRF-ES";"DEL01-ES";"UOP01-DEL01-ES"
202984;2019-04-13;"sábado";"07:40:00";"SC";153;58;"IRANI";"Falta de Atenção à Condução";"Colisão transversal";"Com Vítimas Feridas";"Pleno dia";"Decrescente";"Céu Claro";"Simples";"Rotatória;Interseção de Vias;Reta";"Não";3;0;3;0;0;0;3;2;-26,964373;-51,841362;"SPRF-SC";"DEL07-SC";"UOP07-DEL07-SC"
202985;2019-04-13;"sábado";"08:30:00";"PR";280;309,7;"BARRACAO";"Falta de Atenção à Condução";"Saída de leito carroçável";"Com Vítimas Feridas";"Pleno dia";"Decrescente";"Céu Claro";"Simples";"Reta";"Não";3;0;3;0;0;0;3;1;-26,28988559;-53,47440109;"SPRF-PR";"DEL02-PR";"UOP01-DEL02-PR"
202986;2019-04-13;"sábado";"08:23:00";"PB";101;123;"CAAPORA";"Velocidade Incompatível";"Saída de leito carroçável";"Sem Vítimas";"Pleno dia";"Crescente";"Nevoeiro/Neblina";"Dupla";"Reta";"Não";1;0;0;0;1;0;0;1;-7,47616812;-34,97864057;"SPRF-PB";"DEL01-PB";"UOP01-DEL01-PB"
202988;2019-04-13;"sábado";"09:45:00";"PR";163;172;"LINDOESTE";"Ingestão de Álcool";"Saída de leito carroçável";"Com Vítimas Feridas";"Pleno dia";"Decrescente";"Céu Claro";"Simples";"Declive";"Sim";2;0;1;0;1;0;1;1;-25,24175091;-53,58673496;"SPRF-PR";"DEL04-PR";"UOP05-DEL05-PR"
202989;2019-04-13;"sábado";"07:25:00";"RO";364;13,4;"VILHENA";"Falta de Atenção à Condução";"Colisão lateral";"Com Vítimas Feridas";"Pleno dia";"Decrescente";"Sol";"Dupla";"Reta";"Sim";2;0;1;0;1;0;1;2;-12,73898138;-60,13911417;"SPRF-RO";"DEL04-RO";"UOP01-DEL04-RO"
202992;2019-04-13;"sábado";"07:30:00";"PI";316;316;"PICOS";"Desobediência às normas de trânsito pelo condutor";"Colisão lateral";"Com Vítimas Feridas";"Pleno dia";"Crescente";"Céu Claro";"Simples";"Reta";"Sim";2;0;1;0;1;0;1;2;-7,08133721;-41,42347604;"SPRF-PI";"DEL04-PI";"UOP01-DEL04-PI"
202994;2019-04-13;"sábado";"10:15:00";"PR";277;65;"SAO JOSE DOS PINHAIS";"Falta de Atenção à Condução";"Queda de ocupante de veículo";"Com Vítimas Feridas";"Pleno dia";"Decrescente";"Céu Claro";"Dupla";"Reta";"Não";2;0;0;1;0;1;1;2;-25,5530337;-49,03504085;"SPRF-PR";"DEL01-PR";"UOP07-DEL01-PR"
202996;2019-04-13;"sábado";"09:15:00";"ES";262;18;"VIANA";"Falta de Atenção à Condução";"Colisão traseira";"Com Vítimas Feridas";"Pleno dia";"Crescente";"Céu Claro";"Simples";"Reta";"Não";3;0;0;1;1;1;1;3;-20,39137228;-40,48080285;"SPRF-ES";"DEL01-ES";"UOP01-DEL01-ES"
202997;2019-04-13;"sábado";"11:20:00";"SC";282;3;"FLORIANOPOLIS";"Falta de Atenção à Condução";"Colisão traseira";"Com Vítimas Feridas";"Pleno dia";"Crescente";"Sol";"Dupla";"Reta";"Não";2;0;0;1;1;0;1;2;-27,600384;-48,599705;"SPRF-SC";"DEL01-SC";"UOP01-DEL01-SC"
202999;2019-04-13;"sábado";"11:30:00";"DF";20;3,7;"BRASILIA";"Falta de Atenção à Condução";"Colisão lateral";"Com Vítimas Feridas";"Pleno dia";"Decrescente";"Nublado";"Múltipla";"Reta;Aclive";"Sim";2;0;1;0;1;0;1;2;-15,679851;-47,832211;"SPRF-DF";"DEL02-DF";"UOP01-DEL02-DF"
203000;2019-04-13;"sábado";"11:40:00";"SC";101;24,3;"JOINVILLE";"Desobediência às normas de trânsito pelo condutor";"Colisão transversal";"Com Vítimas Feridas";"Pleno dia";"Decrescente";"Sol";"Simples";"Interseção de Vias";"Sim";2;0;0;1;1;0;1;2;-26,17483309;-48,90767978;"SPRF-SC";"DEL03-SC";"UOP01-DEL03-SC"
203001;2019-04-13;"sábado";"10:00:00";"RJ";40;107;"DUQUE DE CAXIAS";"Falta de Atenção à Condução";"Colisão traseira";"Com Vítimas Feridas";"Pleno dia";"Decrescente";"Céu Claro";"Múltipla";"Interseção de Vias";"Não";3;0;1;0;2;0;1;2;-22,65581497;-43,28378546;"SPRF-RJ";"DEL01-RJ";"UOP01-DEL01-RJ"
203003;2019-04-13;"sábado";"11:00:00";"RS";158;563,6;"SANTANA DO LIVRAMENTO";"Falta de Atenção à Condução";"Colisão transversal";"Com Vítimas Feridas";"Pleno dia";"Decrescente";"Céu Claro";"Simples";"Interseção de Vias";"Sim";4;0;3;0;1;0;3;2;-30,8547642;-55,4965204;"SPRF-RS";"DEL11-RS";"UOP01-DEL11-RS"
203004;2019-04-13;"sábado";"10:51:00";"PR";277;54,6;"SAO JOSE DOS PINHAIS";"Falta de Atenção à Condução";"Colisão traseira";"Com Vítimas Feridas";"Pleno dia";"Decrescente";"Céu Claro";"Dupla";"Declive";"Não";2;0;1;1;0;0;2;2;-25,57473049;-48,9863205;"SPRF-PR";"DEL01-PR";"UOP07-DEL01-PR"
203005;2019-04-13;"sábado";"11:00:00";"CE";222;214,1;"SOBRAL";"Defeito Mecânico no Veículo";"Saída de leito carroçável";"Com Vítimas Feridas";"Pleno dia";"Decrescente";"Garoa/Chuvisco";"Simples";"Reta";"Sim";14;0;10;4;0;0;14;1;-3,77145237;-40,28111534;"SPRF-CE";"DEL04-CE";"UOP01-DEL04-CE"
203006;2019-04-13;"sábado";"12:30:00";"PB";230;33;"BAYEUX";"Falta de Atenção à Condução";"Colisão lateral";"Com Vítimas Feridas";"Pleno dia";"Crescente";"Céu Claro";"Dupla";"Interseção de Vias";"Sim";2;0;0;1;1;0;1;2;-7,1366;-34,9264;"SPRF-PB";"DEL01-PB";"UOP01-DEL01-PB"
203007;2019-04-13;"sábado";"12:04:00";"SP";153;321,5;"RIBEIRAO DO SUL";"Falta de Atenção à Condução";"Colisão lateral";"Sem Vítimas";"Pleno dia";"Crescente";"Céu Claro";"Simples";"Rotatória";"Não";2;0;0;0;2;0;0;2;-22,770075;-49,889694;"SPRF-SP";"DEL07-SP";"UOP03-DEL07-SP"
203010;2019-04-13;"sábado";"13:15:00";"SP";116;43;"CACHOEIRA PAULISTA";"Falta de Atenção à Condução";"Colisão traseira";"Sem Vítimas";"Pleno dia";"Decrescente";"Sol";"Dupla";"Aclive";"Não";2;0;0;0;2;0;0;2;-22,6973511;-45,03013594;"SPRF-SP";"DEL08-SP";"UOP02-DEL08-SP"
203011;2019-04-13;"sábado";"11:40:00";"PR";376;627;"SAO JOSE DOS PINHAIS";"Falta de Atenção à Condução";"Queda de ocupante de veículo";"Com Vítimas Feridas";"Pleno dia";"Crescente";"Céu Claro";"Simples";"Reta";"Não";1;0;1;0;0;0;1;1;-25,66963786;-49,15231858;"SPRF-PR";"DEL01-PR";"UOP04-DEL01-PR"
203012;2019-04-13;"sábado";"13:30:00";"MG";262;177;"SAO DOMINGOS DO PRATA";"Avarias e/ou desgaste excessivo no pneu";"Saída de leito carroçável";"Com Vítimas Feridas";"Pleno dia";"Crescente";"Céu Claro";"Simples";"Aclive;Reta";"Não";3;0;1;0;2;0;1;1;-19,92841856;-42,9728859;"SPRF-MG";"DEL03-MG";"UOP01-DEL03-MG"
203013;2019-04-13;"sábado";"12:45:00";"RS";153;47;"ERECHIM";"Velocidade Incompatível";"Colisão transversal";"Com Vítimas Feridas";"Pleno dia";"Decrescente";"Céu Claro";"Simples";"Rotatória";"Sim";4;0;2;0;2;0;2;2;-27,64261051;-52,24505424;"SPRF-RS";"DEL08-RS";"UOP04-DEL08-RS"
203014;2019-04-13;"sábado";"08:20:00";"SC";470;91,5;"ASCURRA";"Falta de Atenção à Condução";"Colisão com objeto estático";"Com Vítimas Feridas";"Pleno dia";"Decrescente";"Céu Claro";"Simples";"Reta";"Não";2;0;2;0;0;0;2;1;-26,97769;-49,369198;"SPRF-SC";"DEL04-SC";"UOP01-DEL04-SC"
203015;2019-04-13;"sábado";"13:48:00";"SE";235;0,5;"ARACAJU";"Falta de Atenção do Pedestre";"Atropelamento de Pedestre";"Com Vítimas Feridas";"Pleno dia";"Decrescente";"Céu Claro";"Dupla";"Reta";"Sim";3;0;1;1;1;0;2;2;-10,9087;-37,0855;"SPRF-SE";"DEL01-SE";"UOP01-DEL01-SE"
203019;2019-04-13;"sábado";"13:40:00";"MG";381;456,4;"SABARA";"Falta de Atenção à Condução";"Colisão traseira";"Com Vítimas Feridas";"Pleno dia";"Crescente";"Céu Claro";"Simples";"Reta";"Sim";3;0;2;0;1;0;2;2;-19,85862954;-43,91292495;"SPRF-MG";"DEL01-MG";"UOP01-DEL01-MG"
203020;2019-04-13;"sábado";"12:05:00";"MG";262;39,7;"MANHUACU";"Ultrapassagem Indevida";"Colisão lateral";"Com Vítimas Feridas";"Pleno dia";"Decrescente";"Céu Claro";"Simples";"Reta";"Sim";2;0;1;0;1;0;1;2;-20,27165802;-42,03950458;"SPRF-MG";"DEL06-MG";"UOP03-DEL06-MG"
203022;2019-04-13;"sábado";"13:15:00";"MS";163;176,4;"JUTI";"Falta de Atenção à Condução";"Capotamento";"Com Vítimas Feridas";"Pleno dia";"Crescente";"Céu Claro";"Simples";"Reta";"Não";1;0;1;0;0;0;1;1;-22,85265558;-54,64650283;"SPRF-MS";"DEL09-MS";"UOP01-DEL09-MS"
203023;2019-04-13;"sábado";"14:35:00";"DF";40;5,4;"BRASILIA";"Não guardar distância de segurança";"Colisão traseira";"Com Vítimas Feridas";"Pleno dia";"Crescente";"Chuva";"Dupla";"Retorno Regulamentado";"Não";5;0;1;0;4;0;1;4;-16,020903;-47,980541;"SPRF-DF";"DEL01-DF";"UOP01-DEL01-DF"
203024;2019-04-13;"sábado";"13:35:00";"SC";470;143,2;"RIO DO SUL";"Desobediência às normas de trânsito pelo condutor";"Colisão transversal";"Com Vítimas Feridas";"Pleno dia";"Decrescente";"Sol";"Simples";"Rotatória";"Sim";3;0;0;2;1;0;2;2;-27,233143;-49,672886;"SPRF-SC";"DEL04-SC";"UOP02-DEL04-SC"
203025;2019-04-13;"sábado";"13:40:00";"ES";101;145,5;"LINHARES";"Ingestão de Álcool";"Tombamento";"Com Vítimas Feridas";"Pleno dia";"Decrescente";"Céu Claro";"Múltipla";"Reta";"Sim";1;0;1;0;0;0;1;1;-19,36089598;-40,06464018;"SPRF-ES";"DEL04-ES";"UOP01-DEL04-ES"
203033;2019-04-13;"sábado";"10:00:00";"AP";156;589;"CALCOENE";"Pista Escorregadia";"Saída de leito carroçável";"Com Vítimas Feridas";"Pleno dia";"Crescente";"Chuva";"Simples";"Curva";"Não";3;0;3;0;0;0;3;1;2,37048896;-50,96421071;"SPRF-AP";"DEL01-AP";"UOP02-DEL01-AP"
203034;2019-04-13;"sábado";"14:27:00";"GO";153;366,2;"JARAGUA";"Restrição de Visibilidade";"Saída de leito carroçável";"Com Vítimas Feridas";"Pleno dia";"Crescente";"Chuva";"Simples";"Declive";"Não";6;0;5;0;0;1;5;2;-15,799685;-49,300167;"SPRF-GO";"DEL02-GO";"UOP02-DEL02-GO"
203035;2019-04-13;"sábado";"16:00:00";"RS";116;248;"SAO LEOPOLDO";"Desobediência às normas de trânsito pelo condutor";"Colisão traseira";"Sem Vítimas";"Pleno dia";"Decrescente";"Céu Claro";"Dupla";"Reta";"Sim";2;0;0;0;2;0;0;2;-29,77605895;-51,15508618;"SPRF-RS";"DEL01-RS";"UOP02-DEL01-RS"
203036;2019-04-13;"sábado";"11:00:00";"RR";174;610;"AMAJARI";"Animais na Pista";"Capotamento";"Com Vítimas Feridas";"Pleno dia";"Crescente";"Céu Claro";"Simples";"Reta";"Não";1;0;1;0;0;0;1;1;3,692774;-60,986237;"SPRF-RR";"DEL01-RR";"UOP02-DEL01-RR"
203038;2019-04-13;"sábado";"16:10:00";"SC";470;81,9;"RODEIO";"Falta de Atenção à Condução";"Capotamento";"Sem Vítimas";"Pleno dia";"Crescente";"Céu Claro";"Simples";"Curva";"Não";1;0;0;0;1;0;0;1;-26,96029905;-49,3253839;"SPRF-SC";"DEL04-SC";"UOP01-DEL04-SC"
203040;2019-04-13;"sábado";"16:20:00";"RS";116;189;"NOVA PETROPOLIS";"Falta de Atenção à Condução";"Saída de leito carroçável";"Com Vítimas Feridas";"Pleno dia";"Crescente";"Nublado";"Simples";"Declive;Curva";"Não";2;0;2;0;0;0;2;1;-29,41439425;-51,12826171;"SPRF-RS";"DEL05-RS";"UOP02-DEL05-RS"
203041;2019-04-13;"sábado";"16:00:00";"MG";40;567;"NOVA LIMA";"Falta de Atenção à Condução";"Colisão transversal";"Com Vítimas Feridas";"Pleno dia";"Decrescente";"Céu Claro";"Dupla";"Reta";"Não";2;0;1;0;1;0;1;2;-20,18749199;-43,96845002;"SPRF-MG";"DEL01-MG";"UOP02-DEL01-MG"
203042;2019-04-13;"sábado";"14:40:00";"SC";282;3,7;"FLORIANOPOLIS";"Não guardar distância de segurança";"Colisão traseira";"Sem Vítimas";"Pleno dia";"Decrescente";"Céu Claro";"Dupla";"Reta";"Sim";2;0;0;0;2;0;0;2;-27,600384;-48,599705;"SPRF-SC";"DEL01-SC";"UOP01-DEL01-SC"
203043;2019-04-13;"sábado";"16:45:00";"PB";101;95;"CONDE";"Falta de Atenção à Condução";"Colisão com objeto estático";"Com Vítimas Feridas";"Pleno dia";"Decrescente";"Chuva";"Dupla";"Curva";"Não";1;0;1;0;0;0;1;1;-7,22379403;-34,91488195;"SPRF-PB";"DEL01-PB";"UOP01-DEL01-PB"
203044;2019-04-13;"sábado";"16:55:00";"SC";101;206,6;"SAO JOSE";"Agressão Externa";"Colisão lateral";"Com Vítimas Feridas";"Pleno dia";"Decrescente";"Céu Claro";"Dupla";"Reta";"Sim";3;0;1;0;1;1;1;3;-27,59193546;-48,61824557;"SPRF-SC";"DEL01-SC";"UOP01-DEL01-SC"
203046;2019-04-13;"sábado";"16:00:00";"MG";40;277;"TRES MARIAS";"Falta de Atenção à Condução";"Colisão transversal";"Com Vítimas Feridas";"Pleno dia";"Crescente";"Nublado";"Simples";"Interseção de Vias;Curva";"Sim";2;0;1;0;1;0;1;2;-18,21264695;-45,22480595;"SPRF-MG";"DEL14-MG";"UOP02-DEL14-MG"
203048;2019-04-13;"sábado";"15:30:00";"GO";60;383;"RIO VERDE";"Velocidade Incompatível";"Saída de leito carroçável";"Sem Vítimas";"Pleno dia";"Crescente";"Chuva";"Dupla";"Reta";"Sim";1;0;0;0;1;0;0;1;-17,7845;-50,9002;"SPRF-GO";"DEL04-GO";"UOP01-DEL04-GO"
203049;2019-04-13;"sábado";"14:10:00";"MG";40;581;"ITABIRITO";"Defeito Mecânico no Veículo";"Capotamento";"Com Vítimas Feridas";"Pleno dia";"Decrescente";"Nublado";"Simples";"Reta";"Sim";1;0;1;0;0;0;1;1;-20,30234388;-43,93887077;"SPRF-MG";"DEL01-MG";"UOP02-DEL01-MG"
203051;2019-04-13;"sábado";"17:00:00";"PR";277;632,9;"CEU AZUL";"Falta de Atenção à Condução";"Colisão transversal";"Com Vítimas Feridas";"Pleno dia";"Decrescente";"Céu Claro";"Simples";"Retorno Regulamentado;Interseção de Vias";"Não";4;0;1;0;3;0;1;2;-25,12256565;-53,80997113;"SPRF-PR";"DEL05-PR";"UOP02-DEL05-PR"
203052;2019-04-13;"sábado";"15:20:00";"MT";163;755;"SORRISO";"Pista Escorregadia";"Colisão com objeto estático";"Sem Vítimas";"Pleno dia";"Decrescente";"Chuva";"Dupla";"Retorno Regulamentado";"Sim";1;0;0;0;1;0;0;1;-12,63198432;-55,77543862;"SPRF-MT";"DEL06-MT";"UOP01-DEL06-MT"
203053;2019-04-13;"sábado";"15:30:00";"RS";470;230;"CARLOS BARBOSA";"Falta de Atenção à Condução";"Queda de ocupante de veículo";"Com Vítimas Feridas";"Pleno dia";"Decrescente";"Nublado";"Dupla";"Reta";"Sim";3;0;1;0;0;2;1;2;-29,28435581;-51,49178624;"SPRF-RS";"DEL06-RS";"UOP01-DEL06-RS"