"id";"data_inversa";"dia_semana";"horario";"uf";"br";"km";"municipio";"causa_acidente";"tipo_acidente";"classificacao_acidente";"fase_dia";"sentido_via";"condicao_metereologica";"tipo_pista";"tracado_via";"uso_solo";"pessoas";"mortos";"feridos_leves";"feridos_graves";"ilesos";"ignorados";"feridos";"veiculos";"latitude";"longitude";"regional";"delegacia";"uop"
203054;2019-04-13;"sábado";"15:55:00";"CE";20;326,1;"CARIDADE";"Defeito na Via";"Colisão transversal";"Sem Vítimas";"Pleno dia";"Crescente";"Céu Claro";"Simples";"Aclive";"Sim";2;0;0;0;2;0;0;2;-4,23379338;-39,20031836;"SPRF-CE";"DEL02-CE";"UOP01-DEL02-CE"
203055;2019-04-13;"sábado";"17:15:00";"SP";116;215;"GUARULHOS";"Falta de Atenção à Condução";"Colisão lateral";"Com Vítimas Feridas";"Plena Noite";"Crescente";"Nublado";"Múltipla";"Reta";"Não";2;0;1;0;1;0;1;2;-23,44695693;-46,45394103;"SPRF-SP";"DEL01-SP";"UOP01-DEL01-SP"
203056;2019-04-13;"sábado";"17:44:00";"RJ";116;301,1;"RESENDE";"Defeito Mecânico no Veículo";"Colisão lateral";"Com Vítimas Feridas";"Anoitecer";"Decrescente";"Nublado";"Dupla";"Reta";"Não";5;0;4;1;0;0;5;2;-22,4529399;-44,36236901;"SPRF-RJ";"DEL07-RJ";"DEL5/7-UOP03/RJ"
203060;2019-04-13;"sábado";"18:05:00";"PE";232;5,4;"RECIFE";"Defeito na Via";"Tombamento";"Com Vítimas Feridas";"Plena Noite";"Crescente";"Nublado";"Múltipla";"Curva;Em Obras";"Sim";2;0;1;1;0;0;2;1;-8,068943;-34,948011;"SPRF-PE";"DEL01-PE";"UOP01-DEL01-PE"
203061;2019-04-09;"terça-feira";"16:00:00";"ES";262;66,4;"MARECHAL FLORIANO";"Velocidade Incompatível";"Saída de leito carroçável";"Com Vítimas Feridas";"Pleno dia";"Decrescente";"Chuva";"Simples";"Curva";"Não";1;0;1;0;0;0;1;1;-20,41232421;-40,83191802;"SPRF-ES";"DEL01-ES";"UOP02-DEL01-ES"
203062;2019-04-13;"sábado";"17:30:00";"SP";116;373;"MIRACATU";"Objeto estático sobre o leito carroçável";"Colisão com objeto estático";"Sem Vítimas";"Anoitecer";"Decrescente";"Nublado";"Dupla";"Reta";"Não";2;0;0;0;1;1;0;2;-24,17118519;-47,33990085;"SPRF-SP";"DEL04-SP";"UOP02-DEL04-SP"
203063;2019-04-13;"sábado";"18:10:00";"PR";277;348,6;"GUARAPUAVA";"Desobediência às normas de trânsito pelo condutor";"Colisão lateral";"Com Vítimas Feridas";"Anoitecer";"Crescente";"Céu Claro";"Simples";"Reta";"Não";3;0;1;0;1;1;1;2;-25,33928412;-51,42880296;"SPRF-PR";"DEL03-PR";"UOP01-DEL08-PR"
203064;2019-04-13;"sábado";"18:00:00";"RJ";493;23;"MAGE";"Ultrapassagem Indevida";"Colisão frontal";"Sem Vítimas";"Plena Noite";"Crescente";"Céu Claro";"Simples";"Reta";"Não";3;0;0;0;3;0;0;2;-22,65705297;-43,061742;"SPRF-RJ";"DEL04-RJ";"UOP02-DEL04-RJ"
203065;2019-04-13;"sábado";"18:00:00";"DF";251;4;"BRASILIA";"Desobediência às normas de trânsito pelo condutor";"Colisão frontal";"Com Vítimas Feridas";"Anoitecer";"Crescente";"Céu Claro";"Dupla";"Reta";"Sim";2;0;1;0;1;0;1;2;-16,015579;-47,549274;"SPRF-DF";"DEL01-DF";"UOP01-DEL01-DF"
203066;2019-04-13;"sábado";"18:40:00";"SC";101;195;"BIGUACU";"Falta de Atenção do Pedestre";"Atropelamento de Pedestre";"Com Vítimas Feridas";"Anoitecer";"Decrescente";"Céu Claro";"Dupla";"Reta";"Não";2;0;1;1;0;0;2;2;-27,5047092;-48,65010819;"SPRF-SC";"DEL01-SC";"UOP01-DEL01-SC"
203069;2019-04-13;"sábado";"19:10:00";"PA";163;1002;"SANTAREM";"Falta de Atenção do Pedestre";"Atropelamento de Pedestre";"Com Vítimas Feridas";"Plena Noite";"Crescente";"Nublado";"Simples";"Reta";"Sim";2;0;1;1;0;0;2;2;-2,45567004;-54,72854541;"SPRF-PA";"DEL05-PA";"UOP01-DEL05-PA"
203070;2019-04-13;"sábado";"18:00:00";"RS";290;301,5;"CACHOEIRA DO SUL";"Falta de Atenção do Pedestre";"Atropelamento de Pedestre";"Com Vítimas Fatais";"Pleno dia";"Decrescente";"Céu Claro";"Simples";"Reta";"Não";2;1;0;0;1;0;0;2;-30,319717;-53,218117;"SPRF-RS";"DEL09-RS";"UOP02-DEL09-RS"
203072;2019-04-13;"sábado";"19:10:00";"PR";376;172,8;"MARINGA";"Desobediência às normas de trânsito pelo condutor";"Colisão lateral";"Sem Vítimas";"Plena Noite";"Crescente";"Céu Claro";"Dupla";"Rotatória";"Sim";2;0;0;0;2;0;0;2;-23,4191001;-51,96816601;"SPRF-PR";"DEL07-PR";"UOP01-DEL09-PR"
203073;2019-04-13;"sábado";"19:00:00";"SC";101;212;"PALHOCA";"Falta de Atenção à Condução";"Colisão traseira";"Com Vítimas Feridas";"Plena Noite";"Crescente";"Céu Claro";"Dupla";"Reta";"Sim";4;0;1;0;3;0;1;3;-27,62996929;-48,65903871;"SPRF-SC";"DEL01-SC";"UOP02-DEL01-SC"
203074;2019-04-13;"sábado";"16:20:00";"RJ";116;101;"GUAPIMIRIM";"Falta de Atenção à Condução";"Queda de ocupante de veículo";"Com Vítimas Feridas";"Pleno dia";"Crescente";"Céu Claro";"Simples";"Curva";"Não";1;0;1;0;0;0;1;1;-22,49374115;-43,00365418;"SPRF-RJ";"DEL04-RJ";"UOP02-DEL04-RJ"
203075;2019-04-13;"sábado";"14:45:00";"PI";316;72,6;"MONSENHOR GIL";"Pista Escorregadia";"Capotamento";"Com Vítimas Feridas";"Pleno dia";"Decrescente";"Chuva";"Simples";"Curva";"Não";2;0;1;0;1;0;1;1;-5,67458801;-42,59603009;"SPRF-PI";"DEL01-PI";"UOP02-DEL01-PI"
203077;2019-04-13;"sábado";"19:15:00";"RJ";493;55,8;"DUQUE DE CAXIAS";"Animais na Pista";"Saída de leito carroçável";"Com Vítimas Feridas";"Plena Noite";"Decrescente";"Céu Claro";"Dupla";"Reta";"Não";3;0;3;0;0;0;3;1;-22,672089;-43,285053;"SPRF-RJ";"DEL01-RJ";"UOP01-DEL01-RJ"
203080;2019-04-13;"sábado";"20:00:00";"RN";226;12,8;"MACAIBA";"Desobediência às normas de trânsito pelo condutor";"Colisão frontal";"Com Vítimas Feridas";"Plena Noite";"Decrescente";"Chuva";"Simples";"Reta";"Sim";2;0;1;0;1;0;1;2;-5,852903;-35,318709;"SPRF-RN";"DEL01-RN";"UOP02-DEL01-RN"
203081;2019-04-13;"sábado";"19:10:00";"RN";304;24,4;"MOSSORO";"Falta de Atenção à Condução";"Saída de leito carroçável";"Sem Vítimas";"Plena Noite";"Crescente";"Chuva";"Simples";"Rotatória";"Não";1;0;0;0;0;1;0;1;-5,06488233;-37,33287055;"SPRF-RN";"DEL04-RN";"UOP02-DEL04-RN"
203082;2019-04-13;"sábado";"20:15:00";"RS";392;352;"SANTA MARIA";"Ingestão de Álcool";"Colisão lateral";"Com Vítimas Feridas";"Plena Noite";"Crescente";"Céu Claro";"Simples";"Reta";"Sim";3;0;1;0;2;0;1;3;-29,720404;-53,807632;"SPRF-RS";"DEL09-RS";"UOP01-DEL09-RS"
203083;2019-04-13;"sábado";"19:00:00";"MG";262;449,8;"NOVA SERRANA";"Ingestão de Álcool";"Saída de leito carroçável";"Com Vítimas Feridas";"Plena Noite";"Decrescente";"Nublado";"Simples";"Aclive;Reta";"Não";2;0;1;0;1;0;1;1;-19,85036273;-45,02874255;"SPRF-MG";"DEL08-MG";"UOP03-DEL08-MG"
203085;2019-04-13;"sábado";"19:20:00";"PB";230;2;"CABEDELO";"Desobediência às normas de trânsito pelo condutor";"Colisão transversal";"Com Vítimas Feridas";"Plena Noite";"Crescente";"Céu Claro";"Simples";"Reta";"Não";2;0;1;0;1;0;1;2;-6,9837;-34,8295;"SPRF-PB";"DEL01-PB";"UOP01-DEL01-PB"
203086;2019-04-13;"sábado";"20:15:00";"GO";60;189,8;"GUAPO";"Ingestão de Álcool";"Colisão frontal";"Com Vítimas Fatais";"Plena Noite";"Decrescente";"Céu Claro";"Dupla";"Reta";"Sim";4;2;1;0;1;0;1;2;-16,8222;-49,534;"SPRF-GO";"DEL01-GO";"UOP02-DEL01-GO"
203088;2019-04-13;"sábado";"19:25:00";"PR";277;674;"MEDIANEIRA";"Falta de Atenção do Pedestre";"Atropelamento de Pedestre";"Com Vítimas Feridas";"Plena Noite";"Decrescente";"Céu Claro";"Dupla";"Reta";"Não";2;0;1;1;0;0;2;2;-25,29484117;-54,11509792;"SPRF-PR";"DEL05-PR";"UOP01-DEL05-PR"
203089;2019-04-13;"sábado";"18:59:00";"MG";381;677;"PERDOES";"Falta de Atenção à Condução";"Queda de ocupante de veículo";"Com Vítimas Feridas";"Plena Noite";"Crescente";"Chuva";"Simples";"Reta";"Sim";1;0;1;0;0;0;1;1;-21,13158479;-45,10263635;"SPRF-MG";"DEL04-MG";"UOP02-DEL04-MG"
203090;2019-04-13;"sábado";"20:30:00";"PR";476;277;"SAO MATEUS DO SUL";"Ingestão de Álcool";"Colisão transversal";"Sem Vítimas";"Plena Noite";"Decrescente";"Céu Claro";"Simples";"Rotatória";"Sim";2;0;0;0;2;0;0;2;-25,875048;-50,390919;"SPRF-PR";"DEL02-PR";"UOP04-DEL02-PR"
203091;2019-04-13;"sábado";"20:30:00";"PR";467;108;"CASCAVEL";"Ingestão de Álcool";"Saída de leito carroçável";"Com Vítimas Feridas";"Plena Noite";"Crescente";"Céu Claro";"Dupla";"Reta";"Sim";2;0;1;0;1;0;1;1;-24,92124067;-53,4750635;"SPRF-PR";"DEL04-PR";"UOP01-DEL04-PR"
203093;2019-04-13;"sábado";"18:15:00";"MG";381;686,7;"LAVRAS";"Velocidade Incompatível";"Saída de leito carroçável";"Com Vítimas Feridas";"Anoitecer";"Crescente";"Chuva";"Dupla";"Curva";"Não";2;0;2;0;0;0;2;1;-21,20030689;-45,11944438;"SPRF-MG";"DEL04-MG";"UOP02-DEL04-MG"
203094;2019-04-13;"sábado";"19:10:00";"RS";470;156,4;"NOVA PRATA";"Ingestão de Álcool";"Saída de leito carroçável";"Com Vítimas Feridas";"Anoitecer";"Crescente";"Chuva";"Simples";"Reta";"Não";1;0;1;0;0;0;1;1;-28,78874508;-51,61532195;"SPRF-RS";"DEL06-RS";"UOP02-DEL06-RS"
203095;2019-04-13;"sábado";"21:00:00";"ES";101;0;"SERRA";"Falta de Atenção do Pedestre";"Atropelamento de Pedestre";"Com Vítimas Feridas";"Plena Noite";"Crescente";"Céu Claro";"Dupla";"Reta";"Sim";3;0;1;1;0;1;2;2;-20,129093;-40,308125;"SPRF-ES";"DEL02-ES";"UOP01-DEL02-ES"
203097;2019-04-13;"sábado";"21:00:00";"SC";101;180;"BIGUACU";"Desobediência às normas de trânsito pelo condutor";"Colisão transversal";"Sem Vítimas";"Plena Noite";"Decrescente";"Nublado";"Dupla";"Reta";"Não";2;0;0;0;1;1;0;2;-27,3811238;-48,63090648;"SPRF-SC";"DEL01-SC";"UOP01-DEL01-SC"
203099;2019-04-13;"sábado";"20:37:00";"RJ";116;314,5;"ITATIAIA";"Avarias e/ou desgaste excessivo no pneu";"Colisão com objeto estático";"Com Vítimas Feridas";"Plena Noite";"Decrescente";"Chuva";"Dupla";"Curva";"Não";2;0;2;0;0;0;2;1;-22,46045833;-44,47218299;"SPRF-RJ";"DEL07-RJ";"DEL5/7-UOP03/RJ"
203102;2019-04-13;"sábado";"19:30:00";"PR";277;122;"CAMPO LARGO";"Falta de Atenção à Condução";"Queda de ocupante de veículo";"Com Vítimas Feridas";"Plena Noite";"Decrescente";"Céu Claro";"Simples";"Reta";"Sim";2;0;0;1;0;1;1;2;-25,46653452;-49,7521019;"SPRF-PR";"DEL01-PR";"UOP06-DEL01-PR"
203103;2019-04-13;"sábado";"21:00:00";"BA";324;524,6;"FEIRA DE SANTANA";"Desobediência às normas de trânsito pelo condutor";"Colisão transversal";"Com Vítimas Feridas";"Plena Noite";"Crescente";"Céu Claro";"Dupla";"Reta";"Sim";2;0;0;1;1;0;1;2;-12,2955119;-38,90487093;"SPRF-BA";"DEL01-BA";"UOP01-DEL01-BA"
203104;2019-04-13;"sábado";"18:20:00";"MG";116;607,7;"SAO JOAO DO MANHUACU";"Desobediência às normas de trânsito pelo condutor";"Colisão transversal";"Com Vítimas Feridas";"Anoitecer";"Crescente";"Céu Claro";"Simples";"Reta";"Não";3;0;1;0;2;0;1;2;-20,38752606;-42,14687854;"SPRF-MG";"DEL07-MG";"UOP03-DEL07-MG"
203106;2019-04-13;"sábado";"21:10:00";"RS";285;296,6;"PASSO FUNDO";"Falta de Atenção à Condução";"Saída de leito carroçável";"Sem Vítimas";"Plena Noite";"Crescente";"Céu Claro";"Simples";"Reta";"Sim";1;0;0;0;0;1;0;1;-28,23128051;-52,43840933;"SPRF-RS";"DEL08-RS";"UOP03-DEL08-RS"
203107;2019-04-13;"sábado";"21:45:00";"RJ";493;6,4;"ITABORAI";"Defeito na Via";"Colisão com objeto estático";"Com Vítimas Fatais";"Plena Noite";"Decrescente";"Nublado";"Simples";"Em Obras";"Sim";1;1;0;0;0;0;0;1;-22,726597;-42,951087;"SPRF-RJ";"DEL04-RJ";"UOP02-DEL04-RJ"
203110;2019-04-13;"sábado";"22:10:00";"SP";101;50,2;"UBATUBA";"Ingestão de Álcool";"Colisão frontal";"Com Vítimas Feridas";"Plena Noite";"Crescente";"Nublado";"Simples";"Reta";"Sim";2;0;1;0;0;1;1;2;-23,45160843;-45,07599419;"SPRF-SP";"DEL06-SP";"UOP01-DEL06-SP"
203112;2019-04-13;"sábado";"20:30:00";"SC";101;420,3;"ARARANGUA";"Falta de Atenção à Condução";"Colisão traseira";"Com Vítimas Feridas";"Plena Noite";"Decrescente";"Nublado";"Simples";"Reta";"Não";2;0;2;0;0;0;2;2;-29,00060649;-49,55724109;"SPRF-SC";"DEL02-SC";"UOP02-DEL02-SC"
203113;2019-04-13;"sábado";"19:35:00";"SC";282;482,5;"FAXINAL DOS GUEDES";"Não guardar distância de segurança";"Colisão traseira";"Com Vítimas Feridas";"Plena Noite";"Decrescente";"Céu Claro";"Simples";"Reta";"Não";2;0;1;0;1;0;1;2;-26,863995;-52,218864;"SPRF-SC";"DEL07-SC";"UOP01-DEL07-SC"
203115;2019-04-13;"sábado";"21:15:00";"MT";163;1035;"MATUPA";"Deficiência ou não Acionamento do Sistema de Iluminação/Sinalização do Veículo";"Colisão frontal";"Com Vítimas Fatais";"Plena Noite";"Crescente";"Céu Claro";"Simples";"Aclive;Reta";"Não";3;1;0;2;0;0;2;2;-10,19232573;-54,95095253;"SPRF-MT";"DEL06-MT";"UOP02-DEL06-MT"
203116;2019-04-13;"sábado";"21:50:00";"SC";101;204;"SAO JOSE";"Desobediência às normas de trânsito pelo condutor";"Colisão transversal";"Sem Vítimas";"Plena Noite";"Decrescente";"Céu Claro";"Simples";"Interseção de Vias";"Sim";2;0;0;0;1;1;0;2;-27,57413014;-48,61363083;"SPRF-SC";"DEL01-SC";"UOP01-DEL01-SC"
203117;2019-04-13;"sábado";"22:20:00";"RS";470;224;"GARIBALDI";"Falta de Atenção à Condução";"Queda de ocupante de veículo";"Com Vítimas Feridas";"Plena Noite";"Decrescente";"Nublado";"Simples";"Reta";"Não";2;0;2;0;0;0;2;1;-29,22706515;-51,5160979;"SPRF-RS";"DEL06-RS";"UOP01-DEL06-RS"
203118;2019-04-13;"sábado";"22:20:00";"ES";101;290,4;"CARIACICA";"Velocidade Incompatível";"Colisão com objeto estático";"Com Vítimas Feridas";"Plena Noite";"Crescente";"Céu Claro";"Dupla";"Reta";"Sim";3;0;1;0;2;0;1;1;-20,28927747;-40,39181575;"SPRF-ES";"DEL01-ES";"UOP01-DEL01-ES"
203119;2019-04-13;"sábado";"20:45:00";"SC";470;173,2;"POUSO REDONDO";"Defeito na Via";"Tombamento";"Com Vítimas Feridas";"Plena Noite";"Decrescente";"Céu Claro";"Simples";"Reta";"Sim";2;0;2;0;0;0;2;1;-27,25984;-49,919285;"SPRF-SC";"DEL04-SC";"UOP02-DEL04-SC"
203120;2019-04-13;"sábado";"18:20:00";"SC";470;287,7;"BRUNOPOLIS";"Velocidade Incompatível";"Queda de ocupante de veículo";"Com Vítimas Feridas";"Anoitecer";"Crescente";"Céu Claro";"Simples";"Curva";"Não";1;0;1;0;0;0;1;1;-27,327944;-50,932907;"SPRF-SC";"DEL07-SC";"UOP06-DEL07-SC"
203121;2019-04-13;"sábado";"22:30:00";"SP";153;73;"SAO JOSE DO RIO PRETO";"Ingestão de Álcool";"Colisão com objeto estático";"Sem Vítimas";"Plena Noite";"Decrescente";"Garoa/Chuvisco";"Dupla";"Reta";"Sim";1;0;0;0;1;0;0;1;-20,87627206;-49,42004692;"SPRF-SP";"DEL09-SP";"UOP01-DEL09-SP"
203122;2019-04-13;"sábado";"22:30:00";"SC";101;22;"JOINVILLE";"Defeito Mecânico no Veículo";"Queda de ocupante de veículo";"Com Vítimas Feridas";"Plena Noite";"Decrescente";"Nublado";"Dupla";"Reta";"Não";2;0;2;0;0;0;2;1;-26,15679993;-48,90786269;"SPRF-SC";"DEL03-SC";"UOP01-DEL03-SC"
203123;2019-04-13;"sábado";"21:45:00";"SC";280;56,7;"GUARAMIRIM";"Não guardar distância de segurança";"Colisão traseira";"Com Vítimas Feridas";"Pleno dia";"Crescente";"Céu Claro";"Simples";"Reta";"Não";1;0;1;0;0;0;1;1;-26,47947677;-49,00298702;"SPRF-SC";"DEL03-SC";"UOP03-DEL03-SC"
203125;2019-04-13;"sábado";"22:05:00";"PR";158;503,8;"CORONEL VIVIDA";"Pista Escorregadia";"Capotamento";"Com Vítimas Feridas";"Plena Noite";"Crescente";"Nublado";"Simples";"Curva";"Não";3;0;1;0;2;0;1;1;-26,01421221;-52,5699234;"SPRF-PR";"DEL02-PR";"UOP01-DEL02-PR"
203126;2019-04-13;"sábado";"22:45:00";"RJ";40;120;"DUQUE DE CAXIAS";"Desobediência às normas de trânsito pelo condutor";"Colisão com objeto estático";"Com Vítimas Feridas";"Plena Noite";"Decrescente";"Nublado";"Múltipla";"Reta";"Sim";1;0;1;0;0;0;1;1;-22,77280597;-43,28626763;"SPRF-RJ";"DEL01-RJ";"UOP01-DEL01-RJ"
203127;2019-04-13;"sábado";"20:15:00";"MG";40;617,5;"CONGONHAS";"Falta de Atenção à Condução";"Colisão traseira";"Sem Vítimas";"Plena Noite";"Decrescente";"Céu Claro";"Simples";"Reta";"Sim";3;0;0;0;3;0;0;2;-20,562248;-43,812087;"SPRF-MG";"DEL05-MG";"UOP02-DEL05-MG"
203128;2019-04-13;"sábado";"22:20:00";"MS";60;390;"SIDROLANDIA";"Condutor Dormindo";"Saída de leito carroçável";"Com Vítimas Feridas";"Plena Noite";"Decrescente";"Céu Claro";"Simples";"Reta";"Não";1;0;1;0;0;0;1;1;-20,7119949;-54,7737664;"SPRF-MS";"DEL01-MS";"UOP04-DEL01-MS"
203129;2019-04-13;"sábado";"23:30:00";"PR";376;615;"SAO JOSE DOS PINHAIS";"Falta de Atenção à Condução";"Colisão lateral";"Com Vítimas Feridas";"Plena Noite";"Crescente";"Nublado";"Dupla";"Reta";"Não";2;0;0;1;0;1;1;2;-25,57600793;-49,17913914;"SPRF-PR";"DEL01-PR";"UOP07-DEL01-PR"
203130;2019-04-13;"sábado";"23:10:00";"RS";116;153,1;"CAXIAS DO SUL";"Defeito na Via";"Tombamento";"Com Vítimas Feridas";"Plena Noite";"Crescente";"Nublado";"Simples";"Curva";"Sim";1;0;1;0;0;0;1;1;-29,18579758;-51,17713005;"SPRF-RS";"DEL05-RS";"UOP01-DEL05-RS"
203132;2019-04-13;"sábado";"23:20:00";"PR";277;118;"CAMPO LARGO";"Falta de Atenção à Condução";"Colisão frontal";"Com Vítimas Feridas";"Plena Noite";"Crescente";"Nublado";"Dupla";"Interseção de Vias";"Não";4;0;3;0;1;0;3;1;-25,43106012;-49,42461998;"SPRF-PR";"DEL01-PR";"UOP06-DEL01-PR"
203133;2019-04-13;"sábado";"23:30:00";"RS";290;92;"PORTO ALEGRE";"Ingestão de Álcool";"Saída de leito carroçável";"Sem Vítimas";"Plena Noite";"Decrescente";"Nublado";"Dupla";"Curva";"Sim";2;0;0;0;2;0;0;1;-29,97228477;-51,17431793;"SPRF-RS";"DEL01-RS";"UOP01-DEL01-RS"
203134;2019-04-13;"sábado";"17:30:00";"PI";135;252;"ALVORADA DO GURGUEIA";"Falta de Atenção do Pedestre";"Atropelamento de Pedestre";"Com Vítimas Fatais";"Plena Noite";"Decrescente";"Nublado";"Simples";"Reta";"Não";2;1;0;0;1;0;0;2;-8,3882384;-43,84898953;"SPRF-PI";"DEL03-PI";"UOP02-DEL03-PI"
203135;2019-04-13;"sábado";"18:30:00";"SC";282;434;"VARGEM BONITA";"Agressão Externa";"Colisão frontal";"Com Vítimas Feridas";"Plena Noite";"Decrescente";"Céu Claro";"Simples";"Reta";"Não";6;0;5;0;1;0;5;2;-26,972441;-51,831917;"SPRF-SC";"DEL07-SC";"UOP04-DEL07-SC"
203137;2019-04-14;"domingo";"00:03:00";"TO";153;527,6;"PUGMIL";"Velocidade Incompatível";"Colisão traseira";"Com Vítimas Fatais";"Plena Noite";"Crescente";"Céu Claro";"Simples";"Reta";"Não";3;1;0;0;2;0;0;2;-10,44385303;-48,90019374;"SPRF-TO";"DEL02-TO";"UOP01-DEL01-TO"
203138;2019-04-13;"sábado";"23:40:00";"ES";101;215;"IBIRACU";"Defeito Mecânico no Veículo";"Incêndio";"Sem Vítimas";"Plena Noite";"Decrescente";"Céu Claro";"Dupla";"Reta";"Sim";2;0;0;0;2;0;0;1;-19,83184002;-40,38012995;"SPRF-ES";"DEL02-ES";"UOP01-DEL02-ES"
203139;2019-04-13;"sábado";"23:50:00";"SC";101;102,7;"BALNEARIO PICARRAS";"Defeito Mecânico no Veículo";"Incêndio";"Sem Vítimas";"Plena Noite";"Decrescente";"Nublado";"Dupla";"Reta";"Não";1;0;0;0;0;1;0;1;-26,77383397;-48,68594062;"SPRF-SC";"DEL03-SC";"UOP02-DEL03-SC"
203140;2019-04-13;"sábado";"23:20:00";"SC";101;355;"JAGUARUNA";"Ingestão de Álcool";"Colisão traseira";"Com Vítimas Feridas";"Plena Noite";"Crescente";"Nublado";"Múltipla";"Declive;Reta";"Não";3;0;1;1;1;0;2;2;-28,62380715;-49,07828489;"SPRF-SC";"DEL02-SC";"UOP01-DEL02-SC"
203141;2019-04-13;"sábado";"23:50:00";"RS";116;151,6;"CAXIAS DO SUL";"Pista Escorregadia";"Saída de leito carroçável";"Com Vítimas Feridas";"Plena Noite";"Decrescente";"Nublado";"Dupla";"Curva";"Sim";2;0;1;0;1;0;1;1;-29,17694502;-51,16173896;"SPRF-RS";"DEL05-RS";"UOP01-DEL05-RS"
203142;2019-04-13;"sábado";"11:50:00";"PR";277;57,3;"SAO JOSE DOS PINHAIS";"Falta de Atenção à Condução";"Colisão transversal";"Com Vítimas Feridas";"Pleno dia";"Crescente";"Nublado";"Dupla";"Reta;Declive";"Não";6;0;1;0;5;0;1;2;-25,564334;-49,009529;"SPRF-PR";"DEL01-PR";"UOP07-DEL01-PR"
203143;2019-04-13;"sábado";"23:30:00";"PI";343;597;"FLORIANO";"Ingestão de Álcool";"Colisão lateral";"Com Vítimas Feridas";"Plena Noite";"Crescente";"Céu Claro";"Dupla";"Aclive";"Sim";2;0;0;1;0;1;1;2;-6,812184;-43,056244;"SPRF-PI";"DEL03-PI";"UOP01-DEL03-PI"
203144;2019-04-13;"sábado";"21:30:00";"DF";80;30,6;"BRASILIA";"Ingestão de Álcool";"Colisão frontal";"Sem Vítimas";"Plena Noite";"Decrescente";"Céu Claro";"Simples";"Reta";"Não";2;0;0;0;2;0;0;2;-15,586337;-48,188095;"SPRF-DF";"DEL01-DF";"UOP02-DEL03-DF"
203147;2019-04-13;"sábado";"23:10:00";"MS";163;46;"ELDORADO";"Ingestão de Álcool";"Saída de leito carroçável";"Com Vítimas Feridas";"Plena Noite";"Crescente";"Céu Claro";"Simples";"Curva;Aclive";"Não";1;0;1;0;0;0;1;1;-23,7327246;-54,275464;"SPRF-MS";"DEL09-MS";"UOP02-DEL09-MS"
203148;2019-04-13;"sábado";"16:00:00";"MT";174;488;"COMODORO";"Desobediência às normas de trânsito pelo condutor";"Capotamento";"Com Vítimas Feridas";"Plena Noite";"Decrescente";"Céu Claro";"Simples";"Reta";"Não";3;0;2;1;0;0;3;1;-13,64760393;-59,79662967;"SPRF-MT";"DEL04-MT";"UOP01-DEL04-MT"
203149;2019-04-14;"domingo";"00:40:00";"MG";381;485,2;"BETIM";"Condutor Dormindo";"Colisão com objeto estático";"Com Vítimas Feridas";"Amanhecer";"Crescente";"Céu Claro";"Dupla";"Curva";"Sim";1;0;1;0;0;0;1;1;-19,95659361;-44,12622893;"SPRF-MG";"DEL01-MG";"UOP03-DEL01-MG"
203150;2019-04-13;"sábado";"21:05:00";"SC";280;234,3;"CANOINHAS";"Desobediência às normas de trânsito pelo condutor";"Colisão transversal";"Com Vítimas Feridas";"Plena Noite";"Decrescente";"Nublado";"Simples";"Interseção de Vias;Aclive;Reta";"Sim";3;0;1;2;0;0;3;2;-26,19130591;-50,40255601;"SPRF-SC";"DEL06-SC";"UOP04-DEL06-SC"
203152;2019-04-14;"domingo";"02:00:00";"BA";324;616;"SALVADOR";"Falta de Atenção à Condução";"Saída de leito carroçável";"Sem Vítimas";"Plena Noite";"Crescente";"Chuva";"Dupla";"Reta";"Sim";1;0;0;0;0;1;0;1;-12,87957905;-38,43213893;"SPRF-BA";"DEL01-BA";"UOP01-DEL01-BA"
203153;2019-04-14;"domingo";"01:55:00";"SC";101;185;"BIGUACU";"Ingestão de Álcool";"Colisão lateral";"Com Vítimas Feridas";"Plena Noite";"Decrescente";"Céu Claro";"Dupla";"Reta";"Não";2;0;1;0;1;0;1;2;-27,42536698;-48,62465876;"SPRF-SC";"DEL01-SC";"UOP01-DEL01-SC"
203154;2019-04-14;"domingo";"02:15:00";"SC";101;111,8;"NAVEGANTES";"Falta de Atenção à Condução";"Colisão traseira";"Sem Vítimas";"Plena Noite";"Decrescente";"Céu Claro";"Dupla";"Ponte;Reta;Em Obras";"Não";4;0;0;0;4;0;0;2;-26,83955734;-48,71418074;"SPRF-SC";"DEL04-SC";"UOP04-DEL04-SC"
203155;2019-04-14;"domingo";"01:00:00";"MS";158;207;"SELVIRIA";"Animais na Pista";"Atropelamento de Animal";"Com Vítimas Feridas";"Plena Noite";"Decrescente";"Chuva";"Simples";"Reta";"Não";2;0;2;0;0;0;2;1;-20,39436846;-51,46242321;"SPRF-MS";"DEL07-MS";"UOP01-DEL07-MS"
203156;2019-04-14;"domingo";"02:20:00";"SC";101;92,7;"BARRA VELHA";"Ingestão de Substâncias Psicoativas";"Atropelamento de Pedestre";"Com Vítimas Feridas";"Plena Noite";"Decrescente";"Céu Claro";"Dupla";"Reta";"Sim";3;0;0;1;1;1;1;2;-26,6806041;-48,6931497;"SPRF-SC";"DEL03-SC";"UOP02-DEL03-SC"
203157;2019-04-14;"domingo";"01:00:00";"GO";40;14;"LUZIANIA";"Ingestão de Álcool";"Saída de leito carroçável";"Sem Vítimas";"Plena Noite";"Decrescente";"Nevoeiro/Neblina";"Dupla";"Curva";"Sim";1;0;0;0;1;0;0;1;-16,158753;-47,933136;"SPRF-DF";"DEL01-DF";"UOP01-DEL01-DF"