"id";"data_inversa";"dia_semana";"horario";"uf";"br";"km";"municipio";"causa_acidente";"tipo_acidente";"classificacao_acidente";"fase_dia";"sentido_via";"condicao_metereologica";"tipo_pista";"tracado_via";"uso_solo";"pessoas";"mortos";"feridos_leves";"feridos_graves";"ilesos";"ignorados";"feridos";"veiculos";"latitude";"longitude";"regional";"delegacia";"uop"
203270;2019-04-14;"domingo";"12:25:00";"MS";262;275,1;"RIBAS DO RIO PARDO";"Desobediência às normas de trânsito pelo condutor";"Colisão transversal";"Sem Vítimas";"Pleno dia";"Decrescente";"Nublado";"Simples";"Declive";"Não";5;0;0;0;5;0;0;2;-20,46631917;-54,06242097;"SPRF-MS";"DEL01-MS";"UOP01-DEL01-MS"
203271;2019-04-14;"domingo";"13:00:00";"BA";116;826,6;"VITORIA DA CONQUISTA";"Velocidade Incompatível";"Colisão traseira";"Com Vítimas Feridas";"Pleno dia";"Crescente";"Céu Claro";"Múltipla";"Reta";"Sim";2;0;1;0;1;0;1;2;-14,88284988;-40,8575964;"SPRF-BA";"DEL08-BA";"UOP01-DEL08-BA"
203273;2019-04-14;"domingo";"14:30:00";"PE";232;165,5;"TACAIMBO";"Falta de Atenção à Condução";"Colisão frontal";"Com Vítimas Fatais";"Pleno dia";"Crescente";"Céu Claro";"Simples";"Reta;Aclive";"Não";4;2;0;2;0;0;2;2;-8,33670241;-36,29834395;"SPRF-PE";"DEL02-PE";"UOP03-DEL02-PE"
203275;2019-04-14;"domingo";"15:05:00";"GO";153;443;"ANAPOLIS";"Ingestão de Álcool";"Colisão lateral";"Com Vítimas Feridas";"Pleno dia";"Decrescente";"Chuva";"Dupla";"Reta";"Não";5;0;4;0;1;0;4;2;-16,34736048;-48,92633249;"SPRF-GO";"DEL02-GO";"UOP01-DEL02-GO"
203277;2019-04-14;"domingo";"15:00:00";"ES";101;0,5;"SERRA";"Falta de Atenção à Condução";"Colisão lateral";"Com Vítimas Feridas";"Pleno dia";"Crescente";"Nublado";"Simples";"Reta";"Sim";3;0;2;0;1;0;2;2;-20,23783813;-40,27828217;"SPRF-ES";"DEL02-ES";"UOP01-DEL02-ES"
203278;2019-04-14;"domingo";"15:20:00";"SC";470;90;"ASCURRA";"Ingestão de Álcool";"Queda de ocupante de veículo";"Com Vítimas Feridas";"Pleno dia";"Crescente";"Céu Claro";"Simples";"Reta";"Não";1;0;0;1;0;0;1;1;-26,969337;-49,367718;"SPRF-SC";"DEL04-SC";"UOP01-DEL04-SC"
203280;2019-04-14;"domingo";"14:45:00";"MG";381;616;"OLIVEIRA";"Velocidade Incompatível";"Saída de leito carroçável";"Com Vítimas Feridas";"Pleno dia";"Crescente";"Chuva";"Dupla";"Curva";"Não";3;0;1;0;2;0;1;1;-20,75304819;-44,77475634;"SPRF-MG";"DEL04-MG";"UOP01-DEL04-MG"
203281;2019-04-14;"domingo";"11:00:00";"PI";343;289;"ALTOS";"Pista Escorregadia";"Saída de leito carroçável";"Com Vítimas Feridas";"Pleno dia";"Crescente";"Chuva";"Simples";"Curva";"Não";1;0;1;0;0;0;1;1;-4,945915;-42,337227;"SPRF-PI";"DEL01-PI";"UOP03-DEL01-PI"
203282;2019-04-14;"domingo";"15:30:00";"SC";280;23,9;"ARAQUARI";"Não guardar distância de segurança";"Colisão traseira";"Com Vítimas Feridas";"Pleno dia";"Crescente";"Céu Claro";"Simples";"Reta";"Sim";9;0;5;0;4;0;5;4;-26,37146;-48,711887;"SPRF-SC";"DEL03-SC";"UOP03-DEL03-SC"
203283;2019-04-14;"domingo";"14:20:00";"BA";407;123;"SENHOR DO BONFIM";"Desobediência às normas de trânsito pelo condutor";"Colisão transversal";"Com Vítimas Feridas";"Pleno dia";"Decrescente";"Céu Claro";"Simples";"Reta";"Sim";1;0;0;1;0;0;1;1;-10,42999697;-40,18666127;"SPRF-BA";"DEL04-BA";"UOP01-DEL04-BA"
203284;2019-04-14;"domingo";"15:15:00";"SC";101;213;"PALHOCA";"Falta de Atenção à Condução";"Colisão lateral";"Com Vítimas Feridas";"Pleno dia";"Crescente";"Sol";"Múltipla";"Reta";"Sim";3;0;1;1;1;0;2;2;-27,63697369;-48,66514142;"SPRF-SC";"DEL01-SC";"UOP02-DEL01-SC"
203285;2019-04-11;"quinta-feira";"07:10:00";"MG";40;141,2;"JOAO PINHEIRO";"Pista Escorregadia";"Saída de leito carroçável";"Com Vítimas Feridas";"Pleno dia";"Decrescente";"Garoa/Chuvisco";"Simples";"Curva";"Não";1;0;1;0;0;0;1;1;-17,73618679;-46,19334804;"SPRF-MG";"DEL14-MG";"UOP01-DEL14-MG"
203287;2019-04-14;"domingo";"14:30:00";"SP";153;2,7;"ICEM";"Velocidade Incompatível";"Tombamento";"Com Vítimas Feridas";"Pleno dia";"Crescente";"Chuva";"Simples";"Reta;Aclive";"Não";2;0;1;1;0;0;2;2;-20,32199868;-49,21108763;"SPRF-SP";"DEL09-SP";"UOP01-DEL09-SP"
203289;2019-04-14;"domingo";"16:20:00";"MG";251;425;"GRAO MOGOL";"Velocidade Incompatível";"Tombamento";"Com Vítimas Feridas";"Pleno dia";"Crescente";"Sol";"Simples";"Interseção de Vias";"Não";1;0;0;1;0;0;1;1;-16,32542814;-43,12377194;"SPRF-MG";"DEL12-MG";"UOP01-DEL12-MG"
203290;2019-04-14;"domingo";"12:40:00";"BA";101;566,6;"ARATACA";"Pista Escorregadia";"Saída de leito carroçável";"Sem Vítimas";"Pleno dia";"Decrescente";"Chuva";"Simples";"Curva";"Não";2;0;0;0;2;0;0;1;-15,3853068;-39,48541982;"SPRF-BA";"DEL05-BA";"UOP02-DEL05-BA"
203291;2019-04-14;"domingo";"16:55:00";"PE";101;43,9;"IGARASSU";"Não guardar distância de segurança";"Colisão traseira";"Com Vítimas Feridas";"Pleno dia";"Crescente";"Céu Claro";"Múltipla";"Reta";"Sim";3;0;1;0;2;0;1;2;-7,84753808;-34,90977038;"SPRF-PE";"DEL01-PE";"UOP02-DEL01-PE"
203294;2019-04-14;"domingo";"17:14:00";"SC";101;175;"BIGUACU";"Velocidade Incompatível";"Queda de ocupante de veículo";"Com Vítimas Feridas";"Pleno dia";"Crescente";"Céu Claro";"Dupla";"Declive;Curva";"Não";1;0;0;1;0;0;1;1;-27,33963303;-48,62734885;"SPRF-SC";"DEL01-SC";"UOP01-DEL01-SC"
203295;2019-04-14;"domingo";"11:10:00";"PR";476;141;"CURITIBA";"Carga excessiva e/ou mal acondicionada";"Colisão com objeto em movimento";"Com Vítimas Feridas";"Pleno dia";"Crescente";"Céu Claro";"Dupla";"Reta";"Sim";2;0;1;0;1;0;1;2;-25,528614;-49,298798;"SPRF-PR";"DEL01-PR";"UOP03-DEL01-PR"
203296;2019-04-14;"domingo";"17:15:00";"GO";153;542,7;"HIDROLANDIA";"Velocidade Incompatível";"Saída de leito carroçável";"Com Vítimas Feridas";"Pleno dia";"Crescente";"Chuva";"Dupla";"Aclive";"Não";4;0;1;0;0;3;1;1;-17,0727;-49,2238;"SPRF-GO";"DEL01-GO";"UOP03-DEL01-GO"
203297;2019-04-14;"domingo";"17:15:00";"SC";470;50,5;"BLUMENAU";"Desobediência às normas de trânsito pelo condutor";"Colisão lateral";"Com Vítimas Feridas";"Pleno dia";"Decrescente";"Nublado";"Simples";"Reta";"Não";2;0;1;0;1;0;1;2;-26,859768;-49,074493;"SPRF-SC";"DEL04-SC";"UOP01-DEL04-SC"
203298;2019-04-14;"domingo";"16:30:00";"PI";343;597;"FLORIANO";"Falta de Atenção do Pedestre";"Atropelamento de Pedestre";"Com Vítimas Feridas";"Pleno dia";"Crescente";"Céu Claro";"Dupla";"Reta";"Sim";3;0;0;1;0;2;1;2;-6,812184;-43,056244;"SPRF-PI";"DEL03-PI";"UOP01-DEL03-PI"
203299;2019-04-14;"domingo";"16:50:00";"MG";40;656,5;"CRISTIANO OTONI";"Pista Escorregadia";"Saída de leito carroçável";"Com Vítimas Feridas";"Pleno dia";"Decrescente";"Chuva";"Dupla";"Curva";"Não";3;0;3;0;0;0;3;1;-20,87261896;-43,79985605;"SPRF-MG";"DEL05-MG";"UOP02-DEL05-MG"
203301;2019-04-14;"domingo";"17:30:00";"BA";324;621;"SALVADOR";"Ingestão de Álcool";"Queda de ocupante de veículo";"Com Vítimas Feridas";"Pleno dia";"Crescente";"Nublado";"Dupla";"Reta";"Sim";1;0;1;0;0;0;1;1;-12,91233708;-38,45956983;"SPRF-BA";"DEL01-BA";"UOP01-DEL01-BA"
203302;2019-04-14;"domingo";"12:35:00";"BA";110;305;"INHAMBUPE";"Avarias e/ou desgaste excessivo no pneu";"Saída de leito carroçável";"Com Vítimas Feridas";"Pleno dia";"Decrescente";"Nublado";"Simples";"Reta";"Não";2;0;2;0;0;0;2;1;-11,89687397;-38,37532997;"SPRF-BA";"DEL01-BA";"UOP04-DEL01-BA"
203303;2019-04-14;"domingo";"18:00:00";"PR";116;66,9;"CAMPINA GRANDE DO SUL";"Ingestão de Álcool";"Saída de leito carroçável";"Sem Vítimas";"Anoitecer";"Crescente";"Nublado";"Dupla";"Reta";"Não";4;0;0;0;4;0;0;1;-25,334966;-49,034893;"SPRF-PR";"DEL01-PR";"UOP02-DEL01-PR"
203304;2019-04-14;"domingo";"18:10:00";"GO";70;10,5;"AGUAS LINDAS DE GOIAS";"Falta de Atenção à Condução";"Colisão lateral";"Com Vítimas Feridas";"Plena Noite";"Crescente";"Céu Claro";"Dupla";"Reta";"Sim";3;0;1;0;1;1;1;2;-15,73738129;-48,29228118;"SPRF-DF";"DEL01-DF";"UOP02-DEL03-DF"
203305;2019-04-14;"domingo";"17:40:00";"ES";101;154;"LINHARES";"Não guardar distância de segurança";"Engavetamento";"Sem Vítimas";"Anoitecer";"Crescente";"Nublado";"Simples";"Reta";"Não";3;0;0;0;3;0;0;3;-19,43087618;-40,08393774;"SPRF-ES";"DEL04-ES";"UOP01-DEL04-ES"
203306;2019-04-14;"domingo";"15:35:00";"PR";116;134;"FAZENDA RIO GRANDE";"Desobediência às normas de trânsito pelo condutor";"Colisão transversal";"Com Vítimas Feridas";"Pleno dia";"Crescente";"Chuva";"Dupla";"Reta";"Sim";4;0;2;0;2;0;2;2;-25,67510803;-49,3157007;"SPRF-PR";"DEL01-PR";"UOP03-DEL01-PR"
203308;2019-04-14;"domingo";"18:30:00";"SC";470;36,9;"GASPAR";"Pista Escorregadia";"Tombamento";"Com Vítimas Feridas";"Plena Noite";"Decrescente";"Céu Claro";"Simples";"Reta";"Não";2;0;2;0;0;0;2;1;-26,91385877;-48,96927417;"SPRF-SC";"DEL04-SC";"UOP01-DEL04-SC"
203309;2019-04-14;"domingo";"18:20:00";"PE";101;79,4;"JABOATAO DOS GUARARAPES";"Falta de Atenção à Condução";"Colisão com objeto estático";"Com Vítimas Feridas";"Plena Noite";"Crescente";"Nublado";"Dupla";"Reta";"Sim";1;0;1;0;0;0;1;1;-8,14366112;-34,94723453;"SPRF-PE";"DEL01-PE";"UOP01-DEL01-PE"
203310;2019-04-14;"domingo";"18:20:00";"PR";373;398,3;"CANDOI";"Ultrapassagem Indevida";"Colisão frontal";"Com Vítimas Fatais";"Anoitecer";"Crescente";"Céu Claro";"Simples";"Reta";"Não";2;1;1;0;0;0;1;2;-25,55643095;-52,03722703;"SPRF-PR";"DEL03-PR";"UOP01-DEL08-PR"
203311;2019-04-14;"domingo";"19:00:00";"ES";262;17,5;"VIANA";"Desobediência às normas de trânsito pelo condutor";"Colisão transversal";"Com Vítimas Feridas";"Plena Noite";"Crescente";"Céu Claro";"Simples";"Reta";"Não";2;0;0;1;1;0;1;2;-20,38635961;-40,47272969;"SPRF-ES";"DEL01-ES";"UOP01-DEL01-ES"
203313;2019-04-14;"domingo";"18:45:00";"PR";376;185;"SARANDI";"Não guardar distância de segurança";"Colisão traseira";"Com Vítimas Feridas";"Plena Noite";"Crescente";"Céu Claro";"Dupla";"Reta";"Sim";2;0;1;0;1;0;1;2;-23,45147413;-51,85361808;"SPRF-PR";"DEL07-PR";"UOP01-DEL09-PR"
203314;2019-04-14;"domingo";"16:30:00";"RJ";116;229;"PIRAI";"Falta de Atenção à Condução";"Capotamento";"Sem Vítimas";"Anoitecer";"Decrescente";"Chuva";"Dupla";"Curva";"Não";1;0;0;0;1;0;0;1;-22,66973797;-43,84373785;"SPRF-RJ";"DEL07-RJ";"UOP01-DEL07-RJ"
203315;2019-04-14;"domingo";"18:30:00";"SP";116;317,5;"JUQUITIBA";"Falta de Atenção à Condução";"Colisão traseira";"Com Vítimas Feridas";"Anoitecer";"Crescente";"Céu Claro";"Dupla";"Reta";"Não";5;0;1;0;4;0;1;2;-23,91799802;-46,98973192;"SPRF-SP";"DEL04-SP";"UOP03-DEL04-SP"
203316;2019-04-14;"domingo";"18:40:00";"SC";101;199;"BIGUACU";"Condutor Dormindo";"Colisão com objeto estático";"Com Vítimas Feridas";"Plena Noite";"Crescente";"Céu Claro";"Simples";"Reta";"Sim";1;0;1;0;0;0;1;1;-27,53413705;-48,63003205;"SPRF-SC";"DEL01-SC";"UOP01-DEL01-SC"
203317;2019-04-14;"domingo";"18:00:00";"RS";392;673,5;"SAO PEDRO DO BUTIA";"Falta de Atenção à Condução";"Colisão transversal";"Com Vítimas Feridas";"Pleno dia";"Crescente";"Céu Claro";"Simples";"Reta";"Sim";2;0;1;0;1;0;1;2;-28,12894977;-54,89750147;"SPRF-RS";"DEL10-RS";"UOP01-DEL10-RS"
203318;2019-04-14;"domingo";"18:45:00";"SC";101;106;"PENHA";"Ingestão de Álcool";"Colisão com objeto estático";"Com Vítimas Feridas";"Plena Noite";"Crescente";"Céu Claro";"Dupla";"Reta";"Não";1;0;1;0;0;0;1;1;-26,81031601;-48,68293896;"SPRF-SC";"DEL03-SC";"UOP02-DEL03-SC"
203319;2019-04-14;"domingo";"19:00:00";"TO";153;518;"PUGMIL";"Ultrapassagem Indevida";"Saída de leito carroçável";"Com Vítimas Feridas";"Plena Noite";"Decrescente";"Nublado";"Simples";"Reta";"Não";1;0;0;1;0;0;1;1;-10,36226299;-48,89109713;"SPRF-TO";"DEL02-TO";"UOP01-DEL01-TO"
203320;2019-04-14;"domingo";"14:40:00";"SC";470;1;"NAVEGANTES";"Falta de Atenção à Condução";"Colisão frontal";"Com Vítimas Feridas";"Pleno dia";"Crescente";"Céu Claro";"Simples";"Reta;Desvio Temporário;Em Obras";"Sim";4;0;3;1;0;0;4;2;-26,87664104;-48,6668694;"SPRF-SC";"DEL04-SC";"UOP04-DEL04-SC"
203321;2019-04-14;"domingo";"16:00:00";"SC";101;123,1;"ITAJAI";"Restrição de Visibilidade";"Colisão lateral";"Com Vítimas Feridas";"Pleno dia";"Crescente";"Céu Claro";"Dupla";"Reta;Viaduto";"Sim";5;0;3;0;2;0;3;4;-26,9375659;-48,69787574;"SPRF-SC";"DEL04-SC";"UOP04-DEL04-SC"
203322;2019-04-14;"domingo";"15:50:00";"SC";101;124;"ITAJAI";"Não guardar distância de segurança";"Colisão traseira";"Com Vítimas Feridas";"Pleno dia";"Crescente";"Céu Claro";"Dupla";"Reta";"Sim";6;0;3;0;3;0;3;3;-26,94489227;-48,68938923;"SPRF-SC";"DEL04-SC";"UOP04-DEL04-SC"
203323;2019-04-14;"domingo";"15:25:00";"PE";232;35,6;"VITORIA DE SANTO ANTAO";"Falta de Atenção à Condução";"Colisão traseira";"Sem Vítimas";"Pleno dia";"Decrescente";"Nublado";"Dupla";"Reta";"Sim";2;0;0;0;1;1;0;2;-8,10907341;-35,19256991;"SPRF-PE";"DEL01-PE";"UOP02-DEL02PE"
203325;2019-04-14;"domingo";"18:30:00";"PE";101;150;"RIBEIRAO";"Desobediência às normas de trânsito pelo condutor";"Colisão lateral";"Com Vítimas Feridas";"Plena Noite";"Crescente";"Nublado";"Simples";"Declive";"Sim";2;0;1;0;1;0;1;2;-8,49669957;-35,38211017;"SPRF-PE";"DEL01-PE";"UOP03-DEL01-PE"
203326;2019-04-14;"domingo";"19:30:00";"PR";158;529;"PATO BRANCO";"Falta de Atenção à Condução";"Engavetamento";"Sem Vítimas";"Plena Noite";"Crescente";"Céu Claro";"Simples";"Reta";"Sim";2;0;0;0;2;0;0;2;-26,18598618;-52,66855971;"SPRF-PR";"DEL02-PR";"UOP01-DEL02-PR"
203327;2019-04-14;"domingo";"19:20:00";"SP";116;101;"PINDAMONHANGABA";"Ingestão de Álcool";"Colisão traseira";"Com Vítimas Feridas";"Plena Noite";"Crescente";"Nublado";"Dupla";"Reta";"Não";2;0;1;0;1;0;1;2;-22,99074204;-45,48115098;"SPRF-SP";"DEL06-SP";"UOP01-DEL06-SP"
203328;2019-04-14;"domingo";"07:40:00";"MG";381;484,1;"BETIM";"Falta de Atenção à Condução";"Colisão lateral";"Com Vítimas Feridas";"Plena Noite";"Crescente";"Céu Claro";"Dupla";"Reta;Declive";"Sim";2;0;1;0;0;1;1;2;-19,95979596;-44,09032443;"SPRF-MG";"DEL01-MG";"UOP03-DEL01-MG"
203329;2019-04-14;"domingo";"20:00:00";"RS";116;250,5;"SAPUCAIA DO SUL";"Falta de Atenção do Pedestre";"Atropelamento de Pedestre";"Com Vítimas Fatais";"Plena Noite";"Crescente";"Nublado";"Múltipla";"Reta";"Sim";3;1;0;0;1;1;0;2;-29,79148798;-51,16399615;"SPRF-RS";"DEL01-RS";"UOP02-DEL01-RS"
203330;2019-04-14;"domingo";"18:50:00";"SC";101;315,9;"PESCARIA BRAVA";"Desobediência às normas de trânsito pelo condutor";"Colisão com objeto estático";"Com Vítimas Fatais";"Plena Noite";"Decrescente";"Chuva";"Múltipla";"Aclive";"Sim";3;1;0;0;1;1;0;3;-28,42708421;-48,85211624;"SPRF-SC";"DEL02-SC";"UOP01-DEL02-SC"
203332;2019-04-14;"domingo";"18:48:00";"SC";282;34,8;"AGUAS MORNAS";"Velocidade Incompatível";"Colisão frontal";"Com Vítimas Feridas";"Anoitecer";"Decrescente";"Garoa/Chuvisco";"Simples";"Curva";"Não";4;0;3;0;1;0;3;2;-27,704247;-48,817547;"SPRF-SC";"DEL01-SC";"UOP03-DEL01-SC"
203333;2019-04-14;"domingo";"20:00:00";"PR";369;186,7;"ARAPONGAS";"Falta de Atenção à Condução";"Colisão transversal";"Com Vítimas Feridas";"Plena Noite";"Crescente";"Céu Claro";"Simples";"Interseção de Vias";"Sim";3;0;1;1;1;0;2;2;-23,42308597;-51,42384768;"SPRF-PR";"DEL07-PR";"UOP03-DEL07-PR"
203334;2019-04-14;"domingo";"19:10:00";"SC";101;58,6;"ARAQUARI";"Falta de Atenção à Condução";"Colisão traseira";"Com Vítimas Feridas";"Plena Noite";"Decrescente";"Nublado";"Dupla";"Reta";"Não";2;0;1;0;1;0;1;2;-26,44025049;-48,80129043;"SPRF-SC";"DEL03-SC";"UOP02-DEL03-SC"
203335;2019-04-14;"domingo";"19:30:00";"SC";282;5,8;"SAO JOSE";"Ingestão de Álcool";"Colisão com objeto estático";"Sem Vítimas";"Plena Noite";"Crescente";"Céu Claro";"Múltipla";"Reta";"Sim";1;0;0;0;1;0;0;1;-27,588425;-48,612919;"SPRF-SC";"DEL01-SC";"UOP01-DEL01-SC"
203336;2019-04-14;"domingo";"16:10:00";"BA";242;290;"LAJEDINHO";"Pista Escorregadia";"Saída de leito carroçável";"Com Vítimas Feridas";"Pleno dia";"Decrescente";"Chuva";"Simples";"Reta";"Não";2;0;2;0;0;0;2;1;-12,46071462;-40,99754333;"SPRF-BA";"DEL06-BA";"UOP02-DEL06-BA"
203337;2019-04-14;"domingo";"18:20:00";"MT";163;1037;"MATUPA";"Ingestão de Álcool";"Colisão lateral";"Com Vítimas Feridas";"Plena Noite";"Crescente";"Céu Claro";"Simples";"Reta";"Não";3;0;1;0;1;1;1;2;-10,190049;-54,946925;"SPRF-MT";"DEL06-MT";"UOP02-DEL06-MT"
203339;2019-04-14;"domingo";"19:10:00";"SP";262;322;"CASTILHO";"Desobediência às normas de trânsito pelo condutor";"Colisão traseira";"Com Vítimas Feridas";"Plena Noite";"Crescente";"Nublado";"Simples";"Reta";"Não";2;0;1;0;1;0;1;2;-20,79117253;-51,62043004;"SPRF-MS";"DEL07-MS";"UOP01-DEL07-MS"
203340;2019-04-14;"domingo";"18:15:00";"PB";230;390;"SAO BENTINHO";"Ingestão de Álcool";"Colisão frontal";"Com Vítimas Feridas";"Plena Noite";"Decrescente";"Céu Claro";"Simples";"Reta";"Sim";2;0;0;2;0;0;2;2;-6,89116022;-37,72388266;"SPRF-PB";"DEL03-PB";"UOP02-DEL03-PB"
203341;2019-04-14;"domingo";"20:00:00";"SE";101;85,8;"NOSSA SENHORA DO SOCORRO";"Velocidade Incompatível";"Saída de leito carroçável";"Com Vítimas Feridas";"Plena Noite";"Crescente";"Nublado";"Dupla";"Viaduto";"Não";1;0;1;0;0;0;1;1;-10,84885912;-37,13687897;"SPRF-SE";"DEL01-SE";"UOP01-DEL01-SE"
203342;2019-04-14;"domingo";"20:00:00";"MG";381;925,5;"CAMANDUCAIA";"Ingestão de Álcool";"Colisão com objeto estático";"Sem Vítimas";"Plena Noite";"Decrescente";"Nublado";"Dupla";"Curva;Declive";"Não";1;0;0;0;1;0;0;1;-22,77101317;-46,20342856;"SPRF-MG";"DEL16-MG";"UOP03-DEL16-MG"
203346;2019-04-14;"domingo";"21:15:00";"PR";369;15;"CAMBARA";"Desobediência às normas de trânsito pelo condutor";"Colisão frontal";"Com Vítimas Feridas";"Plena Noite";"Crescente";"Céu Claro";"Simples";"Reta";"Não";3;0;1;0;2;0;1;3;-23,025489;-50,03812;"SPRF-PR";"DEL07-PR";"UOP05-DEL07-PR"
203347;2019-04-14;"domingo";"20:30:00";"SC";101;197;"BIGUACU";"Falta de Atenção à Condução";"Colisão transversal";"Com Vítimas Feridas";"Plena Noite";"Crescente";"Nublado";"Múltipla";"Interseção de Vias";"Sim";2;0;1;0;1;0;1;2;-27,51844497;-48,63848496;"SPRF-SC";"DEL01-SC";"UOP01-DEL01-SC"
203348;2019-04-14;"domingo";"21:25:00";"RN";405;3,7;"MOSSORO";"Restrição de Visibilidade";"Colisão traseira";"Com Vítimas Feridas";"Plena Noite";"Decrescente";"Céu Claro";"Simples";"Reta";"Sim";2;0;0;1;0;1;1;2;-5,19386547;-37,38052995;"SPRF-RN";"DEL04-RN";"UOP02-DEL04-RN"
203350;2019-04-14;"domingo";"21:10:00";"CE";116;41,4;"HORIZONTE";"Desobediência às normas de trânsito pelo condutor";"Colisão lateral";"Com Vítimas Feridas";"Plena Noite";"Decrescente";"Céu Claro";"Dupla";"Reta";"Sim";2;0;0;1;1;0;1;2;-4,1024351;-38,50001011;"SPRF-CE";"DEL01-CE";"UOP02-DEL01-CE"
203352;2019-04-14;"domingo";"19:10:00";"PA";0;0;"DOM ELISEU";"Falta de Atenção à Condução";"Colisão com objeto estático";"Com Vítimas Feridas";"Plena Noite";"Não Informado";"Garoa/Chuvisco";"Simples";"Reta";"Sim";2;0;1;1;0;0;2;2;-4,31943382;-47,5520678;"SPRF-PA";"DEL02-PA";"UOP02-DEL02-PA"
203356;2019-04-14;"domingo";"17:40:00";"RJ";116;279;"BARRA MANSA";"Falta de Atenção à Condução";"Colisão com objeto estático";"Com Vítimas Feridas";"Anoitecer";"Decrescente";"Chuva";"Dupla";"Curva";"Sim";1;0;1;0;0;0;1;1;-22,54744306;-44,1836602;"SPRF-RJ";"DEL07-RJ";"UOP02-DEL07-RJ"
203357;2019-04-14;"domingo";"18:20:00";"RJ";116;270,8;"BARRA MANSA";"Agressão Externa";"Colisão com objeto estático";"Com Vítimas Feridas";"Plena Noite";"Crescente";"Chuva";"Dupla";"Curva";"Não";1;0;1;0;0;0;1;1;-22,56923335;-44,12024318;"SPRF-RJ";"DEL07-RJ";"UOP02-DEL07-RJ"
203358;2019-03-23;"sábado";"18:25:00";"CE";222;4;"CAUCAIA";"Animais na Pista";"Atropelamento de Animal";"Com Vítimas Feridas";"Plena Noite";"Crescente";"Céu Claro";"Múltipla";"Reta";"Sim";1;0;1;0;0;0;1;1;-3,74164754;-38,60449792;"SPRF-CE";"DEL01-CE";"UOP01-DEL01-CE"
203359;2019-04-14;"domingo";"21:40:00";"RJ";101;583;"PARATY";"Defeito Mecânico no Veículo";"Colisão transversal";"Com Vítimas Feridas";"Plena Noite";"Decrescente";"Chuva";"Simples";"Reta";"Não";4;0;1;0;3;0;1;2;-23,26024009;-44,69222399;"SPRF-RJ";"DEL03-RJ";"UOP04-DEL03-RJ"
203361;2019-04-14;"domingo";"20:10:00";"SC";282;36,3;"AGUAS MORNAS";"Não guardar distância de segurança";"Colisão traseira";"Com Vítimas Feridas";"Plena Noite";"Crescente";"Chuva";"Simples";"Reta";"Não";5;0;3;0;2;0;3;2;-27,70442757;-48,83727551;"SPRF-SC";"DEL01-SC";"UOP03-DEL01-SC"
203362;2019-04-14;"domingo";"21:30:00";"RS";116;249;"SAO LEOPOLDO";"Não guardar distância de segurança";"Colisão traseira";"Com Vítimas Feridas";"Plena Noite";"Crescente";"Céu Claro";"Múltipla";"Reta";"Sim";3;0;1;0;2;0;1;2;-29,7831804;-51,16099063;"SPRF-RS";"DEL01-RS";"UOP02-DEL01-RS"
203363;2019-04-14;"domingo";"18:25:00";"MG";116;543,5;"SANTA RITA DE MINAS";"Ingestão de Álcool";"Colisão frontal";"Com Vítimas Feridas";"Plena Noite";"Crescente";"Céu Claro";"Simples";"Declive";"Não";2;0;2;0;0;0;2;2;-19,91184896;-42,1350328;"SPRF-MG";"DEL06-MG";"UOP02-DEL06-MG"
203364;2019-04-14;"domingo";"20:05:00";"RS";471;689;"CHUI";"Falta de Atenção à Condução";"Saída de leito carroçável";"Com Vítimas Feridas";"Plena Noite";"Crescente";"Céu Claro";"Simples";"Reta";"Não";2;0;0;2;0;0;2;1;-33,689819;-53,455074;"SPRF-RS";"DEL07-RS";"UOP04-DEL07-RS"
203367;2019-04-14;"domingo";"20:30:00";"MA";402;14,2;"ROSARIO";"Defeito na Via";"Colisão lateral";"Com Vítimas Feridas";"Plena Noite";"Crescente";"Chuva";"Simples";"Reta";"Não";4;0;0;2;2;0;2;2;-2,948198;-44,214413;"SPRF-MA";"DEL01-MA";"UOP01-DEL01-MA"
203368;2019-04-14;"domingo";"21:20:00";"PB";104;87,5;"REMIGIO";"Ingestão de Álcool";"Colisão com objeto estático";"Com Vítimas Feridas";"Plena Noite";"Decrescente";"Céu Claro";"Simples";"Curva";"Sim";1;0;1;0;0;0;1;1;-6,96481008;-35,79803462;"SPRF-PB";"DEL02-PB";"UOP04-DEL02-PB"
203370;2019-04-14;"domingo";"20:30:00";"MG";146;538,2;"MUZAMBINHO";"Velocidade Incompatível";"Colisão traseira";"Com Vítimas Feridas";"Plena Noite";"Decrescente";"Chuva";"Simples";"Reta";"Sim";2;0;1;0;1;0;1;2;-21,35442402;-46,53244205;"SPRF-MG";"DEL16-MG";"UOP01-DEL09-MG"
203372;2019-04-14;"domingo";"20:50:00";"PI";343;206;"PIRIPIRI";"Animais na Pista";"Atropelamento de Animal";"Sem Vítimas";"Plena Noite";"Decrescente";"Garoa/Chuvisco";"Simples";"Reta";"Não";5;0;0;0;5;0;0;1;-4,417403;-41,88747;"SPRF-PI";"DEL02-PI";"UOP01-DEL02-PI"
203373;2019-04-14;"domingo";"21:30:00";"BA";101;719;"EUNAPOLIS";"Falta de Atenção à Condução";"Colisão lateral";"Com Vítimas Feridas";"Plena Noite";"Crescente";"Céu Claro";"Simples";"Reta";"Sim";2;0;1;0;1;0;1;2;-16,3935707;-39,5838742;"SPRF-BA";"DEL09-BA";"UOP01-DEL09-BA"