"id";"data_inversa";"dia_semana";"horario";"uf";"br";"km";"municipio";"causa_acidente";"tipo_acidente";"classificacao_acidente";"fase_dia";"sentido_via";"condicao_metereologica";"tipo_pista";"tracado_via";"uso_solo";"pessoas";"mortos";"feridos_leves";"feridos_graves";"ilesos";"ignorados";"feridos";"veiculos";"latitude";"longitude";"regional";"delegacia";"uop"
203729;2019-04-16;"terça-feira";"22:10:00";"GO";153;496,3;"GOIANIA";"Não guardar distância de segurança";"Colisão lateral";"Com Vítimas Feridas";"Plena Noite";"Decrescente";"Nublado";"Múltipla";"Reta";"Sim";3;0;1;0;2;0;1;2;-16,6776;-49,2314;"SPRF-GO";"DEL01-GO";"UOP01-DEL01-GO"
203730;2019-03-31;"domingo";"21:00:00";"MG";146;471;"CABO VERDE";"Velocidade Incompatível";"Saída de leito carroçável";"Com Vítimas Feridas";"Plena Noite";"Crescente";"Nublado";"Simples";"Curva";"Não";1;0;0;1;0;0;1;1;-21,470861;-46,403636;"SPRF-MG";"DEL13-MG";"UOP01-DEL13-MG"
203731;2019-04-16;"terça-feira";"21:00:00";"PI";343;14;"PARNAIBA";"Animais na Pista";"Atropelamento de Animal";"Com Vítimas Feridas";"Plena Noite";"Decrescente";"Nublado";"Simples";"Reta";"Não";1;0;1;0;0;0;1;1;-2,927902;-41,753502;"SPRF-PI";"DEL05-PI";"UOP01-DEL05-PI"
203732;2019-04-16;"terça-feira";"22:00:00";"RS";472;578;"URUGUAIANA";"Desobediência às normas de trânsito pelo condutor";"Colisão traseira";"Com Vítimas Feridas";"Pleno dia";"Crescente";"Céu Claro";"Simples";"Reta";"Não";5;0;0;1;0;4;1;3;-29,78551837;-57,07587026;"SPRF-RS";"DEL13-RS";"UOP01-DEL13-RS"
203733;2019-04-16;"terça-feira";"19:10:00";"SP";381;89,5;"GUARULHOS";"Pista Escorregadia";"Tombamento";"Com Vítimas Feridas";"Plena Noite";"Crescente";"Chuva";"Dupla";"Reta";"Sim";1;0;1;0;0;0;1;1;-23,48469299;-46,55983288;"SPRF-SP";"DEL03-SP";"UOP01-DEL03-SP"
203734;2019-04-16;"terça-feira";"22:50:00";"SC";101;112,5;"ITAJAI";"Falta de Atenção à Condução";"Colisão traseira";"Com Vítimas Feridas";"Plena Noite";"Decrescente";"Nublado";"Dupla";"Em Obras";"Não";2;0;1;0;1;0;1;2;-26,84589005;-48,72131295;"SPRF-SC";"DEL04-SC";"UOP04-DEL04-SC"
203736;2019-04-16;"terça-feira";"20:45:00";"BA";101;926;"MUCURI";"Falta de Atenção à Condução";"Colisão transversal";"Com Vítimas Feridas";"Plena Noite";"Crescente";"Céu Claro";"Simples";"Aclive";"Não";2;0;0;1;1;0;1;2;-18,1306881;-39,89419875;"SPRF-BA";"DEL09-BA";"UOP02-DEL09-BA"
203738;2019-04-16;"terça-feira";"16:00:00";"RJ";116;190;"QUEIMADOS";"Mal Súbito";"Capotamento";"Com Vítimas Feridas";"Anoitecer";"Crescente";"Nublado";"Dupla";"Curva";"Sim";4;0;1;2;1;0;3;1;-22,74123776;-43,5007311;"SPRF-RJ";"DEL01-RJ";"UOP03-DEL01-RJ"
203739;2019-04-16;"terça-feira";"23:30:00";"ES";101;263,9;"SERRA";"Agressão Externa";"Tombamento";"Com Vítimas Feridas";"Plena Noite";"Decrescente";"Céu Claro";"Dupla";"Curva";"Sim";3;0;0;1;1;1;1;3;-20,16554736;-40,27301648;"SPRF-ES";"DEL02-ES";"UOP01-DEL02-ES"
203741;2019-04-16;"terça-feira";"22:50:00";"RS";293;14;"CAPAO DO LEAO";"Falta de Atenção à Condução";"Colisão frontal";"Com Vítimas Feridas";"Plena Noite";"Crescente";"Céu Claro";"Simples";"Interseção de Vias";"Sim";2;0;1;0;1;0;1;2;-31,75233352;-52,4609969;"SPRF-RS";"DEL07-RS";"UOP01-DEL07-RS"
203742;2019-04-16;"terça-feira";"21:15:00";"SC";101;120;"ITAJAI";"Defeito Mecânico no Veículo";"Saída de leito carroçável";"Com Vítimas Feridas";"Plena Noite";"Decrescente";"Céu Claro";"Dupla";"Reta";"Não";2;0;1;0;1;0;1;1;-26,912758;-48,711998;"SPRF-SC";"DEL04-SC";"UOP04-DEL04-SC"
203749;2019-04-17;"quarta-feira";"02:00:00";"GO";60;25;"ALEXANIA";"Ingestão de Álcool";"Saída de leito carroçável";"Sem Vítimas";"Plena Noite";"Crescente";"Céu Claro";"Simples";"Reta";"Não";1;0;0;0;0;1;0;1;-16,0963;-48,5202;"SPRF-DF";"DEL01-DF";"UOP01-DEL03-DF"
203752;2019-04-17;"quarta-feira";"02:20:00";"GO";60;58,8;"ABADIANIA";"Ingestão de Álcool";"Colisão com objeto estático";"Com Vítimas Feridas";"Plena Noite";"Decrescente";"Nevoeiro/Neblina";"Dupla";"Curva";"Não";1;0;1;0;0;0;1;1;-16,1865;-48,6872;"SPRF-GO";"DEL02-GO";"UOP01-DEL02-GO"
203753;2019-04-16;"terça-feira";"22:30:00";"PR";277;714,8;"SANTA TEREZINHA DE ITAIPU";"Falta de Atenção do Pedestre";"Queda de ocupante de veículo";"Com Vítimas Feridas";"Plena Noite";"Decrescente";"Céu Claro";"Simples";"Reta";"Não";2;0;1;0;1;0;1;2;-25,4650714;-54,44902954;"SPRF-PR";"DEL05-PR";"UOP01-DEL05-PR"
203754;2019-04-17;"quarta-feira";"04:00:00";"PR";376;490;"PONTA GROSSA";"Falta de Atenção à Condução";"Saída de leito carroçável";"Sem Vítimas";"Amanhecer";"Decrescente";"Céu Claro";"Dupla";"Interseção de Vias";"Sim";1;0;0;0;1;0;0;1;-25,10359848;-50,19623464;"SPRF-PR";"DEL03-PR";"UOP04-DEL03-PR"
203755;2019-04-17;"quarta-feira";"03:50:00";"PI";316;21;"TERESINA";"Falta de Atenção à Condução";"Atropelamento de Animal";"Com Vítimas Feridas";"Plena Noite";"Decrescente";"Céu Claro";"Simples";"Reta";"Sim";3;0;2;0;1;0;2;1;-5,26746306;-42,72741334;"SPRF-PI";"DEL01-PI";"UOP02-DEL01-PI"
203756;2019-04-17;"quarta-feira";"04:30:00";"MG";381;528,5;"BRUMADINHO";"Velocidade Incompatível";"Capotamento";"Com Vítimas Feridas";"Plena Noite";"Crescente";"Chuva";"Dupla";"Curva";"Não";2;0;2;0;0;0;2;1;-20,16368096;-44,36025002;"SPRF-MG";"DEL04-MG";"UOP03-DEL04-MG"
203761;2019-04-17;"quarta-feira";"05:10:00";"AL";104;36,4;"UNIAO DOS PALMARES";"Animais na Pista";"Atropelamento de Animal";"Com Vítimas Feridas";"Amanhecer";"Decrescente";"Céu Claro";"Simples";"Reta";"Não";2;0;1;0;1;0;1;1;-9,16859247;-36,02287647;"SPRF-AL";"DEL01-AL";"UOP02-DEL01-AL"
203763;2019-04-17;"quarta-feira";"05:30:00";"MG";381;484;"BETIM";"Desobediência às normas de trânsito pelo condutor";"Colisão traseira";"Com Vítimas Feridas";"Amanhecer";"Decrescente";"Chuva";"Dupla";"Aclive";"Sim";2;0;1;0;1;0;1;2;-19,95531717;-44,11722196;"SPRF-MG";"DEL01-MG";"UOP03-DEL01-MG"
203764;2019-04-17;"quarta-feira";"00:50:00";"MG";381;781;"SAO GONCALO DO SAPUCAI";"Falta de Atenção à Condução";"Queda de ocupante de veículo";"Com Vítimas Feridas";"Plena Noite";"Decrescente";"Nublado";"Dupla";"Reta";"Não";1;0;1;0;0;0;1;1;-21,85166608;-45,52037769;"SPRF-MG";"DEL16-MG";"UOP02-DEL16-MG"
203767;2019-04-17;"quarta-feira";"06:45:00";"SC";101;214;"PALHOCA";"Não guardar distância de segurança";"Colisão lateral";"Com Vítimas Feridas";"Pleno dia";"Decrescente";"Céu Claro";"Dupla";"Reta";"Sim";3;0;2;0;1;0;2;2;-27,64443;-48,67057;"SPRF-SC";"DEL01-SC";"UOP02-DEL01-SC"
203768;2019-04-17;"quarta-feira";"06:25:00";"SP";116;58,7;"GUARATINGUETA";"Velocidade Incompatível";"Colisão traseira";"Com Vítimas Feridas";"Amanhecer";"Crescente";"Nublado";"Múltipla";"Reta";"Sim";2;0;1;0;1;0;1;2;-22,78365984;-45,15106201;"SPRF-SP";"DEL08-SP";"UOP01-DEL08-SP"
203770;2019-04-17;"quarta-feira";"06:40:00";"RS";116;295,9;"GUAIBA";"Falta de Atenção à Condução";"Colisão lateral";"Com Vítimas Feridas";"Pleno dia";"Decrescente";"Nublado";"Dupla";"Reta";"Não";2;0;1;0;1;0;1;2;-30,07969402;-51,34154882;"SPRF-RS";"DEL02-RS";"UOP01-DEL02-RS"
203772;2019-04-17;"quarta-feira";"05:00:00";"PB";230;156,8;"CAMPINA GRANDE";"Falta de Atenção à Condução";"Colisão transversal";"Com Vítimas Feridas";"Amanhecer";"Decrescente";"Céu Claro";"Simples";"Interseção de Vias";"Sim";2;0;0;1;1;0;1;2;-7,2693;-35,9138;"SPRF-PB";"DEL02-PB";"UOP01-DEL02-PB"
203774;2019-04-17;"quarta-feira";"06:55:00";"ES";101;270;"SERRA";"Falta de Atenção à Condução";"Colisão transversal";"Sem Vítimas";"Pleno dia";"Crescente";"Nublado";"Dupla";"Interseção de Vias;Reta";"Sim";2;0;0;0;2;0;0;2;-20,22662056;-40,27075088;"SPRF-ES";"DEL02-ES";"UOP01-DEL02-ES"
203775;2019-04-17;"quarta-feira";"06:55:00";"PR";277;9;"PARANAGUA";"Restrição de Visibilidade";"Colisão traseira";"Com Vítimas Feridas";"Amanhecer";"Decrescente";"Sol";"Dupla";"Reta;Aclive";"Não";2;0;1;0;1;0;1;2;-25,56583084;-48,60332403;"SPRF-PR";"DEL01-PR";"UOP05-DEL01-PR"
203776;2019-04-17;"quarta-feira";"07:00:00";"PB";101;87,7;"BAYEUX";"Falta de Atenção à Condução";"Colisão transversal";"Com Vítimas Feridas";"Pleno dia";"Crescente";"Sol";"Dupla";"Interseção de Vias";"Sim";3;0;0;1;0;2;1;3;-7,15886802;-34,90628504;"SPRF-PB";"DEL01-PB";"UOP01-DEL01-PB"
203777;2019-04-17;"quarta-feira";"07:45:00";"GO";153;506;"GOIANIA";"Falta de Atenção à Condução";"Colisão traseira";"Com Vítimas Feridas";"Pleno dia";"Crescente";"Céu Claro";"Dupla";"Reta";"Sim";2;0;0;1;1;0;1;2;-16,7633;-49,24;"SPRF-GO";"DEL01-GO";"UOP01-DEL01-GO"
203778;2019-04-17;"quarta-feira";"07:40:00";"RN";406;150;"CEARA-MIRIM";"Desobediência às normas de trânsito pelo condutor";"Colisão lateral";"Com Vítimas Feridas";"Pleno dia";"Decrescente";"Céu Claro";"Simples";"Reta";"Sim";2;0;1;0;1;0;1;2;-5,64974982;-35,43234997;"SPRF-RN";"DEL02-RN";"UOP01-DEL02-RN"
203779;2019-04-04;"quinta-feira";"19:45:00";"MG";381;260;"CORONEL FABRICIANO";"Mal Súbito";"Saída de leito carroçável";"Com Vítimas Feridas";"Plena Noite";"Decrescente";"Ignorado";"Simples";"Reta";"Não";1;0;1;0;0;0;1;1;-19,52456788;-42,5808768;"SPRF-MG";"DEL03-MG";"UOP02-DEL03-MG"
203780;2019-04-17;"quarta-feira";"07:25:00";"DF";40;2,9;"BRASILIA";"Falta de Atenção à Condução";"Colisão lateral";"Com Vítimas Feridas";"Pleno dia";"Decrescente";"Céu Claro";"Dupla";"Reta";"Sim";2;0;1;0;1;0;1;2;-15,99435;-47,985947;"SPRF-DF";"DEL01-DF";"UOP01-DEL01-DF"
203781;2019-04-17;"quarta-feira";"08:00:00";"GO";153;499;"GOIANIA";"Falta de Atenção à Condução";"Colisão traseira";"Com Vítimas Feridas";"Pleno dia";"Crescente";"Sol";"Dupla";"Reta";"Sim";2;0;1;0;1;0;1;2;-16,7033;-49,2311;"SPRF-GO";"DEL01-GO";"UOP01-DEL01-GO"
203783;2019-04-05;"sexta-feira";"08:50:00";"BA";101;718;"EUNAPOLIS";"Falta de Atenção à Condução";"Colisão lateral";"Com Vítimas Feridas";"Pleno dia";"Crescente";"Céu Claro";"Múltipla";"Reta";"Sim";2;0;1;0;0;1;1;2;-16,37293295;-39,58116531;"SPRF-BA";"DEL09-BA";"UOP01-DEL09-BA"
203784;2019-04-17;"quarta-feira";"07:00:00";"RJ";116;107;"GUAPIMIRIM";"Defeito Mecânico no Veículo";"Incêndio";"Sem Vítimas";"Pleno dia";"Crescente";"Céu Claro";"Dupla";"Reta";"Não";2;0;0;0;2;0;0;1;-22,52826187;-42,99737551;"SPRF-RJ";"DEL04-RJ";"UOP02-DEL04-RJ"
203785;2019-04-17;"quarta-feira";"07:30:00";"SC";282;1;"FLORIANOPOLIS";"Não guardar distância de segurança";"Colisão traseira";"Sem Vítimas";"Pleno dia";"Decrescente";"Céu Claro";"Dupla";"Reta";"Não";1;0;0;0;1;0;0;1;-27,602955;-48,580509;"SPRF-SC";"DEL01-SC";"UOP01-DEL01-SC"
203787;2019-04-17;"quarta-feira";"07:45:00";"SP";116;219;"GUARULHOS";"Falta de Atenção à Condução";"Colisão traseira";"Com Vítimas Feridas";"Pleno dia";"Crescente";"Nublado";"Múltipla";"Reta";"Não";2;0;1;0;0;1;1;2;-23,46143954;-46,48885316;"SPRF-SP";"DEL01-SP";"UOP01-DEL01-SP"
203788;2019-04-17;"quarta-feira";"07:56:00";"PB";230;22,7;"JOAO PESSOA";"Não guardar distância de segurança";"Engavetamento";"Com Vítimas Feridas";"Pleno dia";"Decrescente";"Céu Claro";"Dupla";"Reta";"Sim";4;0;2;0;2;0;2;4;-7,1495;-34,8517;"SPRF-PB";"DEL01-PB";"UOP01-DEL01-PB"
203790;2019-04-17;"quarta-feira";"08:15:00";"PB";230;35;"SANTA RITA";"Ingestão de álcool e/ou substâncias psicoativas pelo pedestre";"Colisão traseira";"Sem Vítimas";"Pleno dia";"Crescente";"Céu Claro";"Dupla";"Interseção de Vias";"Sim";3;0;0;0;3;0;0;3;-7,1268;-34,9412;"SPRF-PB";"DEL01-PB";"UOP04-DEL01-PB"
203791;2019-04-17;"quarta-feira";"08:25:00";"PB";230;77,6;"RIACHAO DO POCO";"Defeito na Via";"Capotamento";"Com Vítimas Feridas";"Pleno dia";"Crescente";"Céu Claro";"Dupla";"Reta";"Não";2;0;1;0;1;0;1;1;-7,183015;-35,30295;"SPRF-PB";"DEL01-PB";"UOP03-DEL01-PB"
203792;2019-04-17;"quarta-feira";"08:00:00";"PR";469;15;"FOZ DO IGUACU";"Falta de Atenção à Condução";"Colisão transversal";"Sem Vítimas";"Pleno dia";"Crescente";"Céu Claro";"Simples";"Aclive";"Sim";2;0;0;0;2;0;0;2;-25,5813;-54,5315;"SPRF-PR";"DEL05-PR";"UOP04-DEL05-PR"
203793;2019-04-17;"quarta-feira";"07:30:00";"PR";277;199,9;"PALMEIRA";"Falta de Atenção à Condução";"Saída de leito carroçável";"Com Vítimas Feridas";"Pleno dia";"Crescente";"Nevoeiro/Neblina";"Simples";"Curva";"Não";2;0;1;0;1;0;1;1;-25,4498143;-50,19419485;"SPRF-PR";"DEL03-PR";"UOP02-DEL08-PR"
203794;2019-04-17;"quarta-feira";"07:50:00";"GO";40;2,3;"VALPARAISO DE GOIAS";"Falta de Atenção à Condução";"Colisão lateral";"Com Vítimas Feridas";"Pleno dia";"Decrescente";"Céu Claro";"Dupla";"Reta";"Sim";2;0;0;1;1;0;1;2;-16,067129;-47,984235;"SPRF-DF";"DEL01-DF";"UOP01-DEL01-DF"
203796;2019-04-17;"quarta-feira";"08:20:00";"DF";70;11,3;"BRASILIA";"Falta de Atenção à Condução";"Colisão lateral";"Com Vítimas Feridas";"Pleno dia";"Decrescente";"Céu Claro";"Dupla";"Reta;Retorno Regulamentado";"Sim";2;0;1;0;1;0;1;2;-15,79062239;-48,15185308;"SPRF-DF";"DEL01-DF";"UOP02-DEL03-DF"
203797;2019-04-17;"quarta-feira";"08:30:00";"DF";70;10;"BRASILIA";"Velocidade Incompatível";"Atropelamento de Pedestre";"Com Vítimas Fatais";"Pleno dia";"Crescente";"Nublado";"Dupla";"Reta";"Sim";3;1;0;1;1;0;1;3;-15,787066;-48,140709;"SPRF-DF";"DEL01-DF";"UOP02-DEL03-DF"
203799;2019-04-17;"quarta-feira";"07:55:00";"SC";101;142;"ITAPEMA";"Falta de Atenção à Condução";"Colisão com objeto estático";"Com Vítimas Feridas";"Pleno dia";"Crescente";"Céu Claro";"Dupla";"Declive;Curva";"Sim";1;0;1;0;0;0;1;1;-27,056089;-48,599449;"SPRF-SC";"DEL04-SC";"UOP03-DEL04-SC"
203801;2019-04-17;"quarta-feira";"08:10:00";"RJ";101;313;"SAO GONCALO";"Falta de Atenção à Condução";"Colisão traseira";"Com Vítimas Feridas";"Pleno dia";"Crescente";"Céu Claro";"Dupla";"Reta";"Sim";3;0;2;0;1;0;2;2;-22,81049093;-43,06983304;"SPRF-RJ";"DEL02-RJ";"DEL5/2-UOP04/RJ"
203802;2019-04-17;"quarta-feira";"08:45:00";"GO";40;5;"VALPARAISO DE GOIAS";"Não guardar distância de segurança";"Colisão traseira";"Com Vítimas Feridas";"Pleno dia";"Decrescente";"Céu Claro";"Dupla";"Reta";"Sim";2;0;1;0;1;0;1;2;-16,093134;-47,982236;"SPRF-DF";"DEL01-DF";"UOP01-DEL01-DF"
203803;2019-04-17;"quarta-feira";"09:20:00";"PA";163;1005,6;"SANTAREM";"Falta de Atenção à Condução";"Colisão lateral";"Com Vítimas Feridas";"Pleno dia";"Crescente";"Céu Claro";"Dupla";"Interseção de Vias";"Sim";5;0;1;1;2;1;2;3;-2,42223071;-54,73614162;"SPRF-PA";"DEL05-PA";"UOP01-DEL05-PA"
203804;2019-04-17;"quarta-feira";"09:30:00";"GO";153;554,1;"PIRACANJUBA";"Defeito Mecânico no Veículo";"Capotamento";"Com Vítimas Feridas";"Pleno dia";"Decrescente";"Céu Claro";"Simples";"Reta";"Sim";3;0;1;0;2;0;1;1;-17,1765;-49,2104;"SPRF-GO";"DEL03-GO";"UOP01-DEL03-GO"
203806;2019-02-08;"sexta-feira";"13:45:00";"RO";364;43;"VILHENA";"Restrição de Visibilidade";"Colisão lateral";"Com Vítimas Fatais";"Pleno dia";"Crescente";"Chuva";"Simples";"Aclive";"Não";9;4;0;3;2;0;3;3;-12,611007;-60,34259;"SPRF-RO";"DEL04-RO";"DEL21/4-UOP03/RO"
203807;2019-03-24;"domingo";"11:20:00";"SC";282;20;"PALHOCA";"Falta de Atenção do Pedestre";"Atropelamento de Pedestre";"Com Vítimas Feridas";"Pleno dia";"Decrescente";"Céu Claro";"Simples";"Reta";"Sim";9;0;1;1;1;6;2;3;-27,683958;-48,71006;"SPRF-SC";"DEL01-SC";"UOP02-DEL01-SC"
203811;2019-04-17;"quarta-feira";"09:45:00";"SC";101;209;"SAO JOSE";"Desobediência às normas de trânsito pelo condutor";"Colisão transversal";"Com Vítimas Feridas";"Pleno dia";"Decrescente";"Céu Claro";"Simples";"Interseção de Vias";"Sim";3;0;2;0;1;0;2;2;-27,610006;-48,63895;"SPRF-SC";"DEL01-SC";"UOP01-DEL01-SC"
203814;2019-04-17;"quarta-feira";"10:10:00";"RN";110;46,2;"MOSSORO";"Falta de Atenção do Pedestre";"Atropelamento de Pedestre";"Com Vítimas Feridas";"Pleno dia";"Decrescente";"Sol";"Simples";"Reta";"Sim";2;0;2;0;0;0;2;2;-5,19797675;-37,31839819;"SPRF-RN";"DEL04-RN";"UOP01-DEL04-RN"
203815;2019-04-17;"quarta-feira";"09:15:00";"PR";277;675,4;"MEDIANEIRA";"Falta de Atenção à Condução";"Tombamento";"Com Vítimas Feridas";"Pleno dia";"Decrescente";"Céu Claro";"Dupla";"Reta";"Não";1;0;1;0;0;0;1;1;-25,29891949;-54,12338731;"SPRF-PR";"DEL05-PR";"UOP01-DEL05-PR"
203818;2019-04-17;"quarta-feira";"09:30:00";"MG";40;37,6;"PARACATU";"Velocidade Incompatível";"Saída de leito carroçável";"Com Vítimas Feridas";"Pleno dia";"Crescente";"Chuva";"Simples";"Curva";"Não";2;0;1;0;1;0;1;1;-17,20444515;-46,90533629;"SPRF-MG";"DEL14-MG";"UOP01-DEL14-MG"
203819;2019-04-17;"quarta-feira";"07:15:00";"SC";282;436,1;"VARGEM BONITA";"Velocidade Incompatível";"Saída de leito carroçável";"Com Vítimas Feridas";"Amanhecer";"Crescente";"Céu Claro";"Simples";"Reta";"Não";2;0;2;0;0;0;2;1;-26,970835;-51,851101;"SPRF-SC";"DEL07-SC";"UOP04-DEL07-SC"
203821;2019-04-17;"quarta-feira";"10:10:00";"SC";101;193,1;"BIGUACU";"Mal Súbito";"Queda de ocupante de veículo";"Com Vítimas Feridas";"Pleno dia";"Decrescente";"Céu Claro";"Dupla";"Reta";"Não";1;0;1;0;0;0;1;1;-27,489574;-48,655914;"SPRF-SC";"DEL01-SC";"UOP01-DEL01-SC"
203822;2019-04-17;"quarta-feira";"09:30:00";"CE";116;3;"FORTALEZA";"Defeito Mecânico no Veículo";"Colisão traseira";"Sem Vítimas";"Pleno dia";"Crescente";"Céu Claro";"Dupla";"Reta";"Sim";3;0;0;0;3;0;0;3;-3,77921428;-38,51448298;"SPRF-CE";"DEL01-CE";"UOP02-DEL01-CE"
203826;2019-04-17;"quarta-feira";"10:40:00";"GO";40;1,8;"VALPARAISO DE GOIAS";"Falta de Atenção à Condução";"Colisão traseira";"Com Vítimas Feridas";"Pleno dia";"Crescente";"Céu Claro";"Dupla";"Reta";"Sim";3;0;2;0;1;0;2;2;-16,058245;-47,982825;"SPRF-DF";"DEL01-DF";"UOP01-DEL01-DF"
203827;2019-04-17;"quarta-feira";"06:40:00";"BA";415;50,4;"ITABUNA";"Falta de Atenção à Condução";"Colisão transversal";"Com Vítimas Feridas";"Pleno dia";"Crescente";"Céu Claro";"Simples";"Reta";"Sim";2;0;1;0;1;0;1;2;-14,81574494;-39,29612388;"SPRF-BA";"DEL05-BA";"UOP01-DEL05-BA"
203828;2019-04-17;"quarta-feira";"10:30:00";"DF";20;1,8;"BRASILIA";"Defeito Mecânico no Veículo";"Queda de ocupante de veículo";"Com Vítimas Feridas";"Pleno dia";"Crescente";"Céu Claro";"Múltipla";"Reta";"Sim";1;0;1;0;0;0;1;1;-15,685814;-47,849838;"SPRF-DF";"DEL02-DF";"UOP01-DEL02-DF"
203829;2019-04-17;"quarta-feira";"11:00:00";"CE";116;3;"FORTALEZA";"Falta de Atenção à Condução";"Colisão transversal";"Com Vítimas Feridas";"Pleno dia";"Crescente";"Céu Claro";"Dupla";"Reta";"Não";2;0;1;0;1;0;1;2;-3,77866493;-38,51490171;"SPRF-CE";"DEL01-CE";"UOP02-DEL01-CE"
203831;2019-04-17;"quarta-feira";"11:30:00";"AL";104;91;"RIO LARGO";"Não guardar distância de segurança";"Queda de ocupante de veículo";"Com Vítimas Feridas";"Pleno dia";"Crescente";"Céu Claro";"Dupla";"Reta";"Sim";2;0;2;0;0;0;2;1;-9,50898856;-35,80777135;"SPRF-AL";"DEL01-AL";"UOP01-DEL01-AL"
203832;2019-04-17;"quarta-feira";"08:30:00";"MT";70;4,4;"BARRA DO GARCAS";"Desobediência às normas de trânsito pelo condutor";"Colisão lateral";"Com Vítimas Feridas";"Pleno dia";"Crescente";"Sol";"Dupla";"Reta";"Sim";2;0;0;1;0;1;1;2;-15,87907036;-52,28563311;"SPRF-MT";"DEL07-MT";"UOP01-DEL07-MT"
203833;2019-04-17;"quarta-feira";"10:10:00";"AP";210;1;"MACAPA";"Desobediência às normas de trânsito pelo condutor";"Colisão lateral";"Com Vítimas Feridas";"Pleno dia";"Crescente";"Céu Claro";"Múltipla";"Reta";"Sim";3;0;1;0;2;0;1;3;0,07816717;-51,06998693;"SPRF-AP";"DEL01-AP";"UOP01-DEL01-AP"
203835;2019-04-17;"quarta-feira";"09:45:00";"ES";101;222;"IBIRACU";"Não guardar distância de segurança";"Colisão traseira";"Com Vítimas Feridas";"Pleno dia";"Decrescente";"Chuva";"Simples";"Reta";"Não";4;0;3;0;1;0;3;2;-19,86967622;-40,40915873;"SPRF-ES";"DEL02-ES";"UOP01-DEL02-ES"
203836;2019-04-17;"quarta-feira";"08:20:00";"ES";393;0,8;"CACHOEIRO DE ITAPEMIRIM";"Mal Súbito";"Saída de leito carroçável";"Com Vítimas Feridas";"Pleno dia";"Decrescente";"Nublado";"Simples";"Reta";"Sim";1;0;1;0;0;0;1;1;-20,841324;-41,15929;"SPRF-ES";"DEL03-ES";"UOP02-DEL03-ES"
203837;2019-04-17;"quarta-feira";"10:55:00";"MT";163;851,1;"SINOP";"Desobediência às normas de trânsito pelo condutor";"Colisão transversal";"Com Vítimas Feridas";"Pleno dia";"Crescente";"Céu Claro";"Simples";"Interseção de Vias;Reta";"Sim";2;0;1;0;1;0;1;2;-11,84672611;-55,49144358;"SPRF-MT";"DEL06-MT";"UOP02-DEL06-MT"
203838;2019-04-17;"quarta-feira";"11:40:00";"PE";232;177,8;"BELO JARDIM";"Falta de Atenção à Condução";"Colisão transversal";"Com Vítimas Feridas";"Pleno dia";"Crescente";"Sol";"Simples";"Interseção de Vias";"Sim";2;0;0;1;1;0;1;2;-8,3483811;-36,40119379;"SPRF-PE";"DEL02-PE";"UOP03-DEL02-PE"
203844;2019-04-17;"quarta-feira";"10:50:00";"MT";70;276;"PRIMAVERA DO LESTE";"Falta de Atenção à Condução";"Colisão lateral";"Com Vítimas Feridas";"Pleno dia";"Decrescente";"Céu Claro";"Simples";"Reta";"Sim";1;0;1;0;0;0;1;1;-15,55357814;-54,26204493;"SPRF-MT";"DEL05-MT";"UOP01-DEL05-MT"
203845;2019-02-18;"segunda-feira";"18:15:00";"RN";427;5,1;"CURRAIS NOVOS";"Falta de Atenção do Pedestre";"Atropelamento de Pedestre";"Com Vítimas Feridas";"Plena Noite";"Decrescente";"Nublado";"Simples";"Reta";"Não";3;0;0;2;0;1;2;2;-6,306606;-36,532669;"SPRF-RN";"DEL03-RN";"UOP02-DEL03-RN"
203846;2019-04-17;"quarta-feira";"13:00:00";"PR";277;108;"CAMPO LARGO";"Falta de Atenção à Condução";"Colisão traseira";"Com Vítimas Feridas";"Pleno dia";"Decrescente";"Céu Claro";"Dupla";"Reta;Aclive";"Não";3;0;1;0;2;0;1;3;-25,46337891;-49,35755379;"SPRF-PR";"DEL01-PR";"UOP06-DEL01-PR"
203850;2019-04-17;"quarta-feira";"13:15:00";"SC";101;27,9;"JOINVILLE";"Defeito Mecânico no Veículo";"Incêndio";"Sem Vítimas";"Pleno dia";"Crescente";"Sol";"Dupla";"Reta";"Sim";1;0;0;0;1;0;0;1;-26,20130351;-48,91331794;"SPRF-SC";"DEL03-SC";"UOP01-DEL03-SC"
203851;2019-04-17;"quarta-feira";"13:20:00";"PE";232;408,2;"SERRA TALHADA";"Desobediência às normas de trânsito pelo condutor";"Colisão transversal";"Com Vítimas Feridas";"Pleno dia";"Decrescente";"Céu Claro";"Dupla";"Interseção de Vias";"Sim";6;0;0;1;5;0;1;2;-7,98338584;-38,28249335;"SPRF-PE";"DEL04-PE";"UOP01-DEL04-PE"
203853;2019-04-17;"quarta-feira";"11:45:00";"RS";470;169,4;"VILA FLORES";"Falta de Atenção à Condução";"Colisão transversal";"Sem Vítimas";"Pleno dia";"Crescente";"Nublado";"Simples";"Reta";"Não";2;0;0;0;2;0;0;2;-28,86454223;-51,55299051;"SPRF-RS";"DEL06-RS";"UOP02-DEL06-RS"
203855;2019-04-17;"quarta-feira";"13:00:00";"PB";230;133;"CAMPINA GRANDE";"Velocidade Incompatível";"Saída de leito carroçável";"Com Vítimas Feridas";"Pleno dia";"Crescente";"Chuva";"Dupla";"Curva";"Não";1;0;1;0;0;0;1;1;-7,2767;-35,7464;"SPRF-PB";"DEL02-PB";"UOP01-DEL02-PB"