"id";"data_inversa";"dia_semana";"horario";"uf";"br";"km";"municipio";"causa_acidente";"tipo_acidente";"classificacao_acidente";"fase_dia";"sentido_via";"condicao_metereologica";"tipo_pista";"tracado_via";"uso_solo";"pessoas";"mortos";"feridos_leves";"feridos_graves";"ilesos";"ignorados";"feridos";"veiculos";"latitude";"longitude";"regional";"delegacia";"uop"
204189;2019-04-18;"quinta-feira";"16:08:00";"PR";116;146;"MANDIRITUBA";"Falta de Atenção à Condução";"Capotamento";"Com Vítimas Feridas";"Pleno dia";"Decrescente";"Céu Claro";"Simples";"Aclive";"Não";2;0;2;0;0;0;2;1;-25,78172684;-49,32535079;"SPRF-PR";"DEL01-PR";"UOP03-DEL01-PR"
204190;2019-04-18;"quinta-feira";"20:40:00";"MG";262;359;"BETIM";"Desobediência às normas de trânsito pelo condutor";"Colisão lateral";"Com Vítimas Feridas";"Plena Noite";"Crescente";"Céu Claro";"Dupla";"Retorno Regulamentado";"Não";3;0;1;1;0;1;2;2;-19,9790862;-44,25244689;"SPRF-MG";"DEL01-MG";"UOP03-DEL01-MG"
204191;2019-04-18;"quinta-feira";"20:30:00";"MG";50;6,5;"ARAGUARI";"Condutor Dormindo";"Capotamento";"Com Vítimas Feridas";"Plena Noite";"Crescente";"Céu Claro";"Dupla";"Retorno Regulamentado";"Não";1;0;1;0;0;0;1;1;-18,47092796;-48,05101772;"SPRF-MG";"DEL15-MG";"UOP02-DEL15-MG"
204192;2019-04-18;"quinta-feira";"18:00:00";"RS";285;614;"SANTO ANTONIO DAS MISSOES";"Ingestão de Álcool";"Saída de leito carroçável";"Com Vítimas Feridas";"Anoitecer";"Decrescente";"Céu Claro";"Simples";"Reta";"Não";1;0;1;0;0;0;1;1;-28,496275;-55,426327;"SPRF-RS";"DEL12-RS";"UOP01-DEL12-RS"
204193;2019-04-18;"quinta-feira";"20:30:00";"PI";343;305,4;"ALTOS";"Animais na Pista";"Atropelamento de Animal";"Com Vítimas Feridas";"Plena Noite";"Crescente";"Garoa/Chuvisco";"Simples";"Reta";"Sim";1;0;0;1;0;0;1;1;-5,03444;-42,443382;"SPRF-PI";"DEL01-PI";"UOP01-DEL01-PI"
204194;2019-04-18;"quinta-feira";"20:00:00";"RN";304;115;"ACU";"Ingestão de Álcool";"Colisão traseira";"Com Vítimas Feridas";"Plena Noite";"Decrescente";"Céu Claro";"Simples";"Reta";"Sim";2;0;1;0;0;1;1;2;-5,61387215;-36,89679107;"SPRF-RN";"DEL04-RN";"UOP01-DEL04-RN"
204195;2019-04-18;"quinta-feira";"19:00:00";"SC";280;122,8;"SAO BENTO DO SUL";"Falta de Atenção do Pedestre";"Atropelamento de Pedestre";"Com Vítimas Feridas";"Plena Noite";"Crescente";"Céu Claro";"Simples";"Reta";"Não";2;0;1;0;1;0;1;2;-26,24661972;-49,46044922;"SPRF-SC";"DEL06-SC";"UOP03-DEL06-SC"
204196;2019-04-18;"quinta-feira";"17:30:00";"MT";364;464;"VARZEA GRANDE";"Pista Escorregadia";"Saída de leito carroçável";"Com Vítimas Feridas";"Anoitecer";"Decrescente";"Nublado";"Simples";"Curva";"Não";3;0;1;0;2;0;1;1;-15,49417155;-56,27739364;"SPRF-MT";"DEL01-MT";"DEL2/4-UOP02/MT"
204197;2019-04-18;"quinta-feira";"21:20:00";"PE";101;65,4;"RECIFE";"Falta de Atenção à Condução";"Atropelamento de Pedestre";"Com Vítimas Feridas";"Plena Noite";"Decrescente";"Céu Claro";"Dupla";"Reta";"Sim";4;0;1;0;3;0;1;2;-8,02478597;-34,94276635;"SPRF-PE";"DEL01-PE";"UOP01-DEL01-PE"
204198;2019-04-18;"quinta-feira";"21:30:00";"ES";101;259,2;"SERRA";"Falta de Atenção à Condução";"Colisão lateral";"Com Vítimas Feridas";"Plena Noite";"Crescente";"Céu Claro";"Simples";"Reta";"Sim";5;0;0;1;3;1;1;5;-20,138397;-40,292213;"SPRF-ES";"DEL02-ES";"UOP01-DEL02-ES"
204199;2019-04-18;"quinta-feira";"21:40:00";"SC";101;211,8;"PALHOCA";"Ingestão de Álcool";"Colisão transversal";"Com Vítimas Feridas";"Plena Noite";"Decrescente";"Céu Claro";"Dupla";"Viaduto";"Sim";2;0;1;0;1;0;1;2;-27,62329313;-48,65245588;"SPRF-SC";"DEL01-SC";"UOP02-DEL01-SC"
204200;2019-04-18;"quinta-feira";"18:40:00";"PR";369;146,4;"LONDRINA";"Falta de Atenção à Condução";"Colisão traseira";"Com Vítimas Feridas";"Plena Noite";"Decrescente";"Céu Claro";"Dupla";"Reta";"Sim";2;0;1;0;1;0;1;2;-23,29331379;-51,12606347;"SPRF-PR";"DEL07-PR";"UOP01-DEL07-PR"
204201;2019-04-18;"quinta-feira";"20:35:00";"GO";414;282,8;"VILA PROPICIO";"Desobediência às normas de trânsito pelo condutor";"Colisão lateral";"Com Vítimas Feridas";"Plena Noite";"Decrescente";"Céu Claro";"Simples";"Interseção de Vias";"Não";8;0;6;1;1;0;7;2;-15,10129462;-48,74908447;"SPRF-GO";"DEL07-GO";"UOP02-DEL07-GO"
204202;2019-04-18;"quinta-feira";"20:10:00";"RS";287;249,1;"SANTA MARIA";"Falta de Atenção à Condução";"Atropelamento de Pedestre";"Com Vítimas Feridas";"Plena Noite";"Crescente";"Nublado";"Simples";"Reta";"Sim";2;0;1;0;0;1;1;2;-29,69400654;-53,86100019;"SPRF-RS";"DEL09-RS";"UOP01-DEL09-RS"
204205;2019-04-18;"quinta-feira";"17:30:00";"MG";40;44,2;"PARACATU";"Mal Súbito";"Saída de leito carroçável";"Sem Vítimas";"Pleno dia";"Decrescente";"Céu Claro";"Simples";"Curva";"Sim";5;0;0;0;5;0;0;1;-17,23101648;-46,85390396;"SPRF-MG";"DEL14-MG";"UOP01-DEL14-MG"
204206;2019-04-18;"quinta-feira";"19:30:00";"PR";153;392;"MALLET";"Ingestão de Álcool";"Atropelamento de Pedestre";"Com Vítimas Feridas";"Plena Noite";"Crescente";"Garoa/Chuvisco";"Simples";"Reta";"Não";3;0;0;1;2;0;1;2;-25,89849495;-50,83374277;"SPRF-PR";"DEL02-PR";"UOP03-DEL02-PR"
204207;2019-04-18;"quinta-feira";"21:50:00";"GO";153;513;"APARECIDA DE GOIANIA";"Defeito na Via";"Tombamento";"Com Vítimas Feridas";"Plena Noite";"Decrescente";"Nublado";"Múltipla";"Reta";"Sim";1;0;1;0;0;0;1;1;-16,81521763;-49,23978036;"SPRF-GO";"DEL01-GO";"UOP03-DEL01-GO"
204208;2019-04-18;"quinta-feira";"22:40:00";"SC";101;213;"PALHOCA";"Ingestão de Álcool";"Colisão transversal";"Sem Vítimas";"Pleno dia";"Decrescente";"Céu Claro";"Múltipla";"Reta";"Sim";2;0;0;0;2;0;0;2;-27,63697369;-48,66514142;"SPRF-SC";"DEL01-SC";"UOP02-DEL01-SC"
204210;2019-04-18;"quinta-feira";"21:55:00";"PR";476;155,2;"ARAUCARIA";"Ingestão de Álcool";"Tombamento";"Com Vítimas Feridas";"Plena Noite";"Decrescente";"Céu Claro";"Dupla";"Aclive";"Sim";2;0;0;1;1;0;1;2;-25,584223;-49,401379;"SPRF-PR";"DEL01-PR";"UOP03-DEL01-PR"
204212;2019-04-18;"quinta-feira";"23:00:00";"PR";376;170;"MARINGA";"Avarias e/ou desgaste excessivo no pneu";"Queda de ocupante de veículo";"Com Vítimas Feridas";"Plena Noite";"Crescente";"Céu Claro";"Dupla";"Declive";"Não";2;0;2;0;0;0;2;1;-23,41595703;-51,97950402;"SPRF-PR";"DEL07-PR";"UOP01-DEL09-PR"
204213;2019-04-18;"quinta-feira";"23:00:00";"ES";101;229,9;"FUNDAO";"Desobediência às normas de trânsito pelo condutor";"Colisão transversal";"Com Vítimas Feridas";"Plena Noite";"Crescente";"Céu Claro";"Simples";"Reta";"Sim";2;0;0;1;0;1;1;2;-19,92727879;-40,40587142;"SPRF-ES";"DEL02-ES";"UOP01-DEL02-ES"
204214;2019-04-18;"quinta-feira";"22:20:00";"PR";369;200,5;"APUCARANA";"Defeito Mecânico no Veículo";"Colisão frontal";"Com Vítimas Feridas";"Plena Noite";"Crescente";"Céu Claro";"Simples";"Reta";"Não";3;0;1;0;2;0;1;2;-23,53110932;-51,45262957;"SPRF-PR";"DEL07-PR";"UOP03-DEL07-PR"
204215;2019-04-18;"quinta-feira";"10:50:00";"MG";381;247;"SANTANA DO PARAISO";"Falta de Atenção à Condução";"Saída de leito carroçável";"Com Vítimas Feridas";"Pleno dia";"Crescente";"Céu Claro";"Simples";"Reta";"Não";1;0;1;0;0;0;1;1;-19,46214741;-42,53253983;"SPRF-MG";"DEL06-MG";"UOP01-DEL06-MG"
204218;2019-04-18;"quinta-feira";"23:10:00";"MG";381;457,4;"BELO HORIZONTE";"Falta de Atenção à Condução";"Colisão frontal";"Com Vítimas Feridas";"Plena Noite";"Crescente";"Céu Claro";"Simples";"Reta";"Não";3;0;0;2;1;0;2;2;-19,83980682;-43,87724876;"SPRF-MG";"DEL01-MG";"UOP01-DEL01-MG"
204219;2019-04-18;"quinta-feira";"23:45:00";"PR";277;590,9;"CASCAVEL";"Desobediência às normas de trânsito pelo pedestre";"Atropelamento de Pedestre";"Com Vítimas Feridas";"Plena Noite";"Crescente";"Céu Claro";"Simples";"Reta";"Sim";2;0;0;1;1;0;1;2;-24,98120697;-53,45591501;"SPRF-PR";"DEL04-PR";"UOP01-DEL04-PR"
204221;2019-04-19;"sexta-feira";"00:15:00";"SP";153;48,1;"SAO JOSE DO RIO PRETO";"Desobediência às normas de trânsito pelo condutor";"Colisão frontal";"Sem Vítimas";"Plena Noite";"Crescente";"Céu Claro";"Simples";"Aclive";"Não";2;0;0;0;2;0;0;2;-20,690998;-49,33980198;"SPRF-SP";"DEL09-SP";"UOP01-DEL09-SP"
204222;2019-04-18;"quinta-feira";"23:40:00";"SP";116;216,8;"GUARULHOS";"Defeito Mecânico no Veículo";"Colisão traseira";"Sem Vítimas";"Plena Noite";"Crescente";"Céu Claro";"Múltipla";"Reta";"Sim";2;0;0;0;2;0;0;2;-23,45056589;-46,46258105;"SPRF-SP";"DEL01-SP";"UOP01-DEL01-SP"
204224;2019-04-19;"sexta-feira";"00:35:00";"PE";101;73;"RECIFE";"Falta de Atenção à Condução";"Colisão frontal";"Com Vítimas Feridas";"Plena Noite";"Crescente";"Céu Claro";"Simples";"Reta";"Sim";3;0;0;2;1;0;2;2;-8,093369;-34,947464;"SPRF-PE";"DEL01-PE";"UOP01-DEL01-PE"
204225;2019-04-18;"quinta-feira";"22:05:00";"PR";376;3,6;"APUCARANA";"Falta de Atenção à Condução";"Colisão traseira";"Sem Vítimas";"Plena Noite";"Crescente";"Céu Claro";"Simples";"Curva;Interseção de Vias";"Sim";2;0;0;0;2;0;0;2;-23,5586167;-51,4403075;"SPRF-PR";"DEL07-PR";"UOP03-DEL07-PR"
204229;2019-04-19;"sexta-feira";"00:40:00";"PI";316;13;"TERESINA";"Falta de Atenção à Condução";"Saída de leito carroçável";"Com Vítimas Feridas";"Plena Noite";"Crescente";"Chuva";"Simples";"Curva";"Sim";1;0;1;0;0;0;1;1;-5,2096314;-42,75526995;"SPRF-PI";"DEL01-PI";"UOP02-DEL01-PI"
204230;2019-04-18;"quinta-feira";"23:45:00";"BA";116;339;"TEOFILANDIA";"Velocidade Incompatível";"Colisão traseira";"Com Vítimas Feridas";"Plena Noite";"Decrescente";"Céu Claro";"Simples";"Reta";"Sim";3;0;2;0;1;0;2;2;-11,49337432;-38,99704935;"SPRF-BA";"DEL02-BA";"UOP01-DEL02-BA"
204232;2019-04-19;"sexta-feira";"00:40:00";"GO";153;492;"GOIANIA";"Falta de Atenção à Condução";"Queda de ocupante de veículo";"Com Vítimas Feridas";"Plena Noite";"Crescente";"Céu Claro";"Dupla";"Reta";"Sim";1;0;0;1;0;0;1;1;-16,6461;-49,2114;"SPRF-GO";"DEL01-GO";"UOP01-DEL01-GO"
204233;2019-04-18;"quinta-feira";"19:45:00";"BA";101;719;"EUNAPOLIS";"Falta de Atenção à Condução";"Colisão transversal";"Com Vítimas Feridas";"Plena Noite";"Decrescente";"Céu Claro";"Simples";"Reta";"Sim";2;0;1;0;1;0;1;2;-16,3935817;-39,5838269;"SPRF-BA";"DEL09-BA";"UOP01-DEL09-BA"
204234;2019-04-18;"quinta-feira";"21:50:00";"GO";153;135;"MARA ROSA";"Defeito na Via";"Saída de leito carroçável";"Com Vítimas Feridas";"Plena Noite";"Decrescente";"Céu Claro";"Simples";"Reta";"Não";3;0;1;2;0;0;3;1;-13,949925;-49,08493;"SPRF-GO";"DEL07-GO";"UOP01-DEL07-GO"
204235;2019-04-19;"sexta-feira";"00:00:00";"MT";163;790,9;"VERA";"Ingestão de Álcool";"Saída de leito carroçável";"Com Vítimas Feridas";"Plena Noite";"Decrescente";"Céu Claro";"Simples";"Reta";"Não";1;0;1;0;0;0;1;1;-12,26904412;-55,555432;"SPRF-MT";"DEL06-MT";"UOP01-DEL06-MT"
204236;2019-04-19;"sexta-feira";"02:00:00";"SC";280;45,4;"ARAQUARI";"Falta de Atenção à Condução";"Colisão traseira";"Com Vítimas Feridas";"Plena Noite";"Crescente";"Garoa/Chuvisco";"Simples";"Reta";"Não";3;0;2;0;1;0;2;2;-26,45236168;-48,89788602;"SPRF-SC";"DEL03-SC";"UOP03-DEL03-SC"
204238;2019-04-19;"sexta-feira";"02:10:00";"ES";101;265;"SERRA";"Desobediência às normas de trânsito pelo condutor";"Colisão frontal";"Com Vítimas Feridas";"Plena Noite";"Crescente";"Céu Claro";"Dupla";"Aclive";"Sim";6;0;4;2;0;0;6;2;-20,1816849;-40,26536036;"SPRF-ES";"DEL02-ES";"UOP01-DEL02-ES"
204239;2019-04-19;"sexta-feira";"01:40:00";"PR";369;516,8;"CASCAVEL";"Ingestão de Álcool";"Colisão frontal";"Com Vítimas Feridas";"Plena Noite";"Crescente";"Céu Claro";"Simples";"Reta";"Não";6;0;2;3;0;1;5;3;-24,9006;-53,3634;"SPRF-PR";"DEL04-PR";"UOP01-DEL04-PR"
204240;2019-04-19;"sexta-feira";"00:25:00";"AM";174;885,2;"MANAUS";"Falta de Atenção do Pedestre";"Atropelamento de Pedestre";"Com Vítimas Fatais";"Plena Noite";"Decrescente";"Nublado";"Simples";"Reta";"Não";2;1;0;0;0;1;0;2;-2,96395578;-60,02500534;"SPRF-AM";"DEL01-AM";"UOP01-DEL01-AM"
204241;2019-04-19;"sexta-feira";"01:25:00";"SC";101;412,7;"ARARANGUA";"Ingestão de Álcool";"Colisão traseira";"Com Vítimas Feridas";"Plena Noite";"Crescente";"Céu Claro";"Simples";"Reta";"Não";2;0;2;0;0;0;2;2;-28,939333;-49,497513;"SPRF-SC";"DEL02-SC";"UOP02-DEL02-SC"
204242;2019-04-19;"sexta-feira";"02:30:00";"SC";280;44,8;"GUARAMIRIM";"Animais na Pista";"Atropelamento de Animal";"Com Vítimas Feridas";"Plena Noite";"Decrescente";"Nublado";"Simples";"Reta";"Não";1;0;1;0;0;0;1;1;-26,4517722;-48,88789399;"SPRF-SC";"DEL03-SC";"UOP03-DEL03-SC"
204243;2019-04-19;"sexta-feira";"02:50:00";"RS";386;257,4;"SOLEDADE";"Desobediência às normas de trânsito pelo condutor";"Colisão frontal";"Com Vítimas Fatais";"Plena Noite";"Decrescente";"Céu Claro";"Simples";"Curva";"Não";7;5;0;1;0;1;1;3;-28,88859191;-52,42019269;"SPRF-RS";"DEL04-RS";"UOP03-DEL04-RS"
204244;2019-04-19;"sexta-feira";"03:50:00";"PR";277;659,9;"MATELANDIA";"Velocidade Incompatível";"Colisão com objeto estático";"Com Vítimas Feridas";"Plena Noite";"Decrescente";"Céu Claro";"Dupla";"Curva";"Não";1;0;1;0;0;0;1;1;-25,24664169;-53,98334832;"SPRF-PR";"DEL05-PR";"UOP02-DEL05-PR"
204246;2019-04-18;"quinta-feira";"23:00:00";"RR";432;73,8;"CANTA";"Falta de Atenção à Condução";"Colisão traseira";"Com Vítimas Fatais";"Plena Noite";"Decrescente";"Céu Claro";"Simples";"Reta";"Não";6;1;0;0;5;0;0;2;1,76577266;-60,52402496;"SPRF-RR";"DEL01-RR";"UOP04/RR"
204247;2019-04-19;"sexta-feira";"04:38:00";"SP";116;228;"SAO PAULO";"Falta de Atenção à Condução";"Saída de leito carroçável";"Com Vítimas Feridas";"Plena Noite";"Decrescente";"Céu Claro";"Múltipla";"Reta";"Sim";1;0;1;0;0;0;1;1;-23,50343484;-46,56638712;"SPRF-SP";"DEL01-SP";"UOP01-DEL01-SP"
204248;2019-04-19;"sexta-feira";"05:00:00";"SP";116;396;"MIRACATU";"Ingestão de Álcool";"Colisão frontal";"Sem Vítimas";"Plena Noite";"Decrescente";"Nublado";"Dupla";"Reta";"Sim";4;0;0;0;3;1;0;3;-24,29194738;-47,46959192;"SPRF-SP";"DEL04-SP";"UOP02-DEL04-SP"
204249;2019-04-19;"sexta-feira";"03:40:00";"GO";60;60,2;"ABADIANIA";"Defeito Mecânico no Veículo";"Incêndio";"Sem Vítimas";"Plena Noite";"Decrescente";"Nublado";"Dupla";"Curva";"Sim";1;0;0;0;1;0;0;1;-16,1905;-48,7026;"SPRF-GO";"DEL02-GO";"UOP01-DEL02-GO"
204250;2019-04-19;"sexta-feira";"05:00:00";"SC";282;480,2;"VARGEAO";"Velocidade Incompatível";"Colisão traseira";"Sem Vítimas";"Plena Noite";"Decrescente";"Nublado";"Simples";"Reta";"Não";2;0;0;0;2;0;0;2;-26,86869;-52,201077;"SPRF-SC";"DEL07-SC";"UOP01-DEL07-SC"
204251;2019-04-19;"sexta-feira";"05:50:00";"AL";101;169,8;"TEOTONIO VILELA";"Falta de Atenção à Condução";"Capotamento";"Com Vítimas Feridas";"Pleno dia";"Crescente";"Sol";"Dupla";"Reta";"Não";2;0;2;0;0;0;2;1;-9,9062329;-36,31798404;"SPRF-AL";"DEL02-AL";"UOP02-DEL02-AL"
204253;2019-04-19;"sexta-feira";"05:47:00";"SP";153;174,3;"GUAICARA";"Desobediência às normas de trânsito pelo condutor";"Colisão transversal";"Com Vítimas Feridas";"Plena Noite";"Crescente";"Céu Claro";"Simples";"Interseção de Vias";"Não";2;0;0;1;1;0;1;2;-21,633102;-49,787743;"SPRF-SP";"DEL07-SP";"UOP01-DEL07-SP"
204255;2019-04-19;"sexta-feira";"06:00:00";"BA";101;930;"MUCURI";"Condutor Dormindo";"Capotamento";"Com Vítimas Feridas";"Pleno dia";"Crescente";"Céu Claro";"Simples";"Reta";"Não";2;0;1;1;0;0;2;1;-18,16080992;-39,91364314;"SPRF-BA";"DEL09-BA";"UOP02-DEL09-BA"
204256;2019-04-19;"sexta-feira";"05:45:00";"PB";230;7,2;"CABEDELO";"Falta de Atenção à Condução";"Saída de leito carroçável";"Sem Vítimas";"Amanhecer";"Decrescente";"Céu Claro";"Dupla";"Interseção de Vias;Em Obras;Reta";"Sim";1;0;0;0;1;0;0;1;-7,026;-34,8385;"SPRF-PB";"DEL01-PB";"UOP01-DEL01-PB"
204257;2019-04-18;"quinta-feira";"21:50:00";"SC";116;63;"PAPANDUVA";"Velocidade Incompatível";"Colisão com objeto estático";"Sem Vítimas";"Plena Noite";"Crescente";"Céu Claro";"Simples";"Reta";"Não";2;0;0;0;2;0;0;2;-26,40644298;-50,22649816;"SPRF-SC";"DEL06-SC";"UOP02-DEL06-SC"
204258;2019-04-19;"sexta-feira";"04:55:00";"SP";116;61,4;"GUARATINGUETA";"Velocidade Incompatível";"Colisão traseira";"Com Vítimas Feridas";"Amanhecer";"Crescente";"Céu Claro";"Dupla";"Declive;Reta";"Sim";3;0;1;0;0;2;1;3;-22,79763613;-45,1674588;"SPRF-SP";"DEL08-SP";"UOP01-DEL08-SP"
204260;2019-04-19;"sexta-feira";"06:00:00";"RJ";101;478;"ANGRA DOS REIS";"Ingestão de Álcool";"Saída de leito carroçável";"Com Vítimas Feridas";"Pleno dia";"Decrescente";"Céu Claro";"Simples";"Curva";"Não";1;0;1;0;0;0;1;1;-23,00246527;-44,27270594;"SPRF-RJ";"DEL03-RJ";"UOP03-DEL03-RJ"
204261;2019-04-19;"sexta-feira";"06:50:00";"RN";406;113,2;"POCO BRANCO";"Defeito na Via";"Saída de leito carroçável";"Com Vítimas Feridas";"Pleno dia";"Decrescente";"Nublado";"Simples";"Reta";"Não";5;0;3;2;0;0;5;1;-5,56486948;-35,72795715;"SPRF-RN";"DEL02-RN";"UOP01-DEL02-RN"
204262;2019-04-19;"sexta-feira";"07:00:00";"RN";101;81,3;"NATAL";"Desobediência às normas de trânsito pelo condutor";"Colisão lateral";"Com Vítimas Feridas";"Pleno dia";"Crescente";"Céu Claro";"Dupla";"Reta";"Não";2;0;1;0;0;1;1;2;-5,76469466;-35,28295988;"SPRF-RN";"DEL02-RN";"UOP01-DEL02-RN"
204263;2019-04-19;"sexta-feira";"06:35:00";"RS";386;234;"SOLEDADE";"Desobediência às normas de trânsito pelo condutor";"Colisão frontal";"Com Vítimas Feridas";"Amanhecer";"Crescente";"Céu Claro";"Simples";"Reta";"Não";8;0;5;1;2;0;6;4;-28,722898;-52,560581;"SPRF-RS";"DEL04-RS";"UOP03-DEL04-RS"
204265;2019-04-19;"sexta-feira";"07:40:00";"RS";448;0,1;"SAPUCAIA DO SUL";"Velocidade Incompatível";"Colisão com objeto estático";"Com Vítimas Feridas";"Pleno dia";"Crescente";"Nublado";"Dupla";"Curva";"Sim";2;0;2;0;0;0;2;1;-29,827246;-51,173317;"SPRF-RS";"DEL01-RS";"UOP02-DEL01-RS"
204266;2019-04-19;"sexta-feira";"07:15:00";"RJ";101;300,4;"SAO GONCALO";"Falta de Atenção do Pedestre";"Atropelamento de Pedestre";"Com Vítimas Feridas";"Pleno dia";"Decrescente";"Céu Claro";"Simples";"Reta";"Sim";2;0;0;2;0;0;2;2;-22,77645713;-42,94783697;"SPRF-RJ";"DEL02-RJ";"DEL5/2-UOP04/RJ"
204270;2019-04-19;"sexta-feira";"08:00:00";"RS";448;22;"PORTO ALEGRE";"Ingestão de Álcool";"Colisão com objeto estático";"Sem Vítimas";"Pleno dia";"Crescente";"Nevoeiro/Neblina";"Simples";"Curva";"Sim";2;0;0;0;2;0;0;1;-29,97229733;-51,19963646;"SPRF-RS";"DEL01-RS";"UOP01-DEL01-RS"
204271;2019-04-19;"sexta-feira";"05:00:00";"PR";153;2,9;"JACAREZINHO";"Velocidade Incompatível";"Saída de leito carroçável";"Com Vítimas Fatais";"Amanhecer";"Crescente";"Céu Claro";"Simples";"Reta";"Não";1;1;0;0;0;0;0;1;-23,01063981;-49,90871127;"SPRF-PR";"DEL07-PR";"UOP04-DEL07-PR"
204272;2019-04-19;"sexta-feira";"08:20:00";"SC";470;61,3;"INDAIAL";"Ingestão de Álcool";"Colisão transversal";"Sem Vítimas";"Pleno dia";"Decrescente";"Céu Claro";"Simples";"Reta";"Não";2;0;0;0;2;0;0;2;-26,878952;-49,17421;"SPRF-SC";"DEL04-SC";"UOP01-DEL04-SC"
204273;2019-04-19;"sexta-feira";"08:00:00";"SP";381;89,8;"GUARULHOS";"Falta de Atenção à Condução";"Colisão traseira";"Com Vítimas Feridas";"Pleno dia";"Crescente";"Céu Claro";"Dupla";"Reta";"Sim";2;0;1;0;1;0;1;2;-23,48469299;-46,55983288;"SPRF-SP";"DEL03-SP";"UOP01-DEL03-SP"
204274;2019-04-19;"sexta-feira";"08:15:00";"MG";381;340;"NOVA ERA";"Desobediência às normas de trânsito pelo condutor";"Colisão traseira";"Com Vítimas Feridas";"Pleno dia";"Decrescente";"Céu Claro";"Simples";"Reta";"Não";2;0;1;0;1;0;1;2;-19,80917576;-43,06368121;"SPRF-MG";"DEL03-MG";"UOP01-DEL03-MG"
204275;2019-04-18;"quinta-feira";"20:40:00";"MT";174;156,7;"GLORIA DOESTE";"Ultrapassagem Indevida";"Colisão frontal";"Com Vítimas Fatais";"Plena Noite";"Crescente";"Céu Claro";"Simples";"Declive";"Não";6;1;4;1;0;0;5;2;-15,8091434;-58,35960604;"SPRF-MT";"DEL03-MT";"UOP01-DEL03-MT"
204276;2019-04-19;"sexta-feira";"08:40:00";"PR";277;367,9;"GUARAPUAVA";"Desobediência às normas de trânsito pelo condutor";"Colisão transversal";"Com Vítimas Feridas";"Pleno dia";"Crescente";"Céu Claro";"Simples";"Interseção de Vias";"Não";3;0;1;0;2;0;1;2;-25,41360551;-51,67596996;"SPRF-PR";"DEL03-PR";"UOP01-DEL08-PR"
204277;2019-04-19;"sexta-feira";"08:15:00";"GO";153;532;"HIDROLANDIA";"Defeito Mecânico no Veículo";"Incêndio";"Sem Vítimas";"Pleno dia";"Crescente";"Céu Claro";"Dupla";"Reta";"Sim";1;0;0;0;1;0;0;1;-16,9852;-49,2297;"SPRF-GO";"DEL01-GO";"UOP03-DEL01-GO"
204278;2019-04-19;"sexta-feira";"07:35:00";"SC";101;99;"BALNEARIO PICARRAS";"Falta de Atenção à Condução";"Colisão lateral";"Com Vítimas Feridas";"Pleno dia";"Crescente";"Sol";"Múltipla";"Curva";"Sim";2;0;1;0;1;0;1;1;-26,7471002;-48,69654831;"SPRF-SC";"DEL03-SC";"UOP02-DEL03-SC"
204281;2019-04-19;"sexta-feira";"06:00:00";"GO";60;166;"GOIANIA";"Condutor Dormindo";"Saída de leito carroçável";"Com Vítimas Feridas";"Pleno dia";"Crescente";"Céu Claro";"Dupla";"Reta";"Sim";1;0;1;0;0;0;1;1;-16,7129;-49,358;"SPRF-GO";"DEL01-GO";"UOP02-DEL01-GO"
204282;2019-04-19;"sexta-feira";"09:20:00";"SC";101;122;"ITAJAI";"Não guardar distância de segurança";"Colisão traseira";"Com Vítimas Feridas";"Pleno dia";"Crescente";"Céu Claro";"Dupla";"Reta";"Não";3;0;2;0;1;0;2;2;-26,92955916;-48,70499836;"SPRF-SC";"DEL04-SC";"UOP04-DEL04-SC"
204284;2019-04-19;"sexta-feira";"08:50:00";"BA";101;838;"TEIXEIRA DE FREITAS";"Velocidade Incompatível";"Saída de leito carroçável";"Com Vítimas Feridas";"Pleno dia";"Crescente";"Sol";"Simples";"Curva";"Não";6;0;3;0;3;0;3;1;-17,41955701;-39,68315696;"SPRF-BA";"DEL09-BA";"UOP01-DEL09-BA"
204285;2019-04-19;"sexta-feira";"09:15:00";"MG";40;575,3;"ITABIRITO";"Sinalização da via insuficiente ou inadequada";"Colisão traseira";"Com Vítimas Feridas";"Pleno dia";"Crescente";"Céu Claro";"Simples";"Curva";"Não";2;0;1;0;1;0;1;2;-20,26078347;-43,95963013;"SPRF-MG";"DEL01-MG";"UOP02-DEL01-MG"
204286;2019-04-19;"sexta-feira";"09:56:00";"PR";277;136,5;"BALSA NOVA";"Velocidade Incompatível";"Saída de leito carroçável";"Com Vítimas Fatais";"Pleno dia";"Crescente";"Sol";"Dupla";"Curva;Aclive";"Não";4;1;0;0;0;3;0;2;-25,47172181;-49,69540358;"SPRF-PR";"DEL01-PR";"UOP06-DEL01-PR"
204288;2019-04-19;"sexta-feira";"09:30:00";"SC";116;0;"MAFRA";"Mal Súbito";"Tombamento";"Com Vítimas Feridas";"Pleno dia";"Decrescente";"Céu Claro";"Simples";"Ponte;Reta";"Sim";1;0;1;0;0;0;1;1;-26,108942;-49,784187;"SPRF-SC";"DEL06-SC";"UOP01-DEL06-SC"
204289;2019-04-19;"sexta-feira";"09:40:00";"BA";116;420,7;"FEIRA DE SANTANA";"Falta de Atenção à Condução";"Colisão transversal";"Com Vítimas Feridas";"Pleno dia";"Crescente";"Céu Claro";"Dupla";"Retorno Regulamentado";"Sim";2;0;1;0;1;0;1;2;-12,2170138;-38,96581905;"SPRF-BA";"DEL02-BA";"UOP01-DEL02-BA"