"id";"data_inversa";"dia_semana";"horario";"uf";"br";"km";"municipio";"causa_acidente";"tipo_acidente";"classificacao_acidente";"fase_dia";"sentido_via";"condicao_metereologica";"tipo_pista";"tracado_via";"uso_solo";"pessoas";"mortos";"feridos_leves";"feridos_graves";"ilesos";"ignorados";"feridos";"veiculos";"latitude";"longitude";"regional";"delegacia";"uop"
204588;2019-04-20;"sábado";"21:00:00";"MG";116;573,8;"MANHUACU";"Falta de Atenção à Condução";"Colisão transversal";"Com Vítimas Feridas";"Plena Noite";"Crescente";"Nublado";"Simples";"Reta";"Não";3;0;2;0;1;0;2;2;-20,13004403;-42,17794986;"SPRF-MG";"DEL06-MG";"UOP03-DEL06-MG"
204589;2019-04-20;"sábado";"21:50:00";"MG";262;27,2;"REDUTO";"Falta de Atenção à Condução";"Saída de leito carroçável";"Com Vítimas Feridas";"Plena Noite";"Decrescente";"Nublado";"Simples";"Curva";"Não";3;0;2;0;1;0;2;2;-20,24057124;-41,966311;"SPRF-MG";"DEL06-MG";"UOP03-DEL06-MG"
204590;2019-04-21;"domingo";"02:50:00";"MG";262;54,2;"MANHUACU";"Velocidade Incompatível";"Saída de leito carroçável";"Com Vítimas Feridas";"Plena Noite";"Crescente";"Nublado";"Simples";"Curva";"Não";1;0;1;0;0;0;1;1;-20,26134902;-42,16469099;"SPRF-MG";"DEL06-MG";"UOP03-DEL06-MG"
204591;2019-04-21;"domingo";"03:05:00";"PI";343;348,1;"TERESINA";"Falta de Atenção do Pedestre";"Atropelamento de Pedestre";"Com Vítimas Fatais";"Plena Noite";"Crescente";"Céu Claro";"Simples";"Reta";"Sim";3;1;0;0;1;1;0;2;-5,118706;-42,786411;"SPRF-PI";"DEL01-PI";"UOP01-DEL01-PI"
204593;2019-04-21;"domingo";"02:30:00";"SC";282;342,5;"CAMPOS NOVOS";"Velocidade Incompatível";"Saída de leito carroçável";"Com Vítimas Feridas";"Plena Noite";"Decrescente";"Céu Claro";"Simples";"Curva;Aclive";"Não";3;0;2;0;1;0;2;1;-27,390287;-51,223286;"SPRF-SC";"DEL07-SC";"UOP06-DEL07-SC"
204594;2019-04-21;"domingo";"03:20:00";"RJ";101;320;"NITEROI";"Falta de Atenção à Condução";"Colisão com objeto estático";"Com Vítimas Feridas";"Plena Noite";"Crescente";"Céu Claro";"Dupla";"Desvio Temporário";"Sim";6;0;6;0;0;0;6;1;-22,86171098;-43,10714015;"SPRF-RJ";"DEL02-RJ";"UOP02-DEL02-RJ"
204596;2019-04-21;"domingo";"04:00:00";"PR";277;705;"SANTA TEREZINHA DE ITAIPU";"Ingestão de Álcool";"Queda de ocupante de veículo";"Com Vítimas Feridas";"Plena Noite";"Decrescente";"Céu Claro";"Dupla";"Reta";"Não";2;0;1;0;1;0;1;1;-25,43019901;-54,369603;"SPRF-PR";"DEL05-PR";"UOP01-DEL05-PR"
204597;2019-04-21;"domingo";"04:30:00";"BA";101;920;"NOVA VICOSA";"Ingestão de Álcool";"Queda de ocupante de veículo";"Com Vítimas Feridas";"Amanhecer";"Decrescente";"Nublado";"Simples";"Rotatória";"Sim";2;0;2;0;0;0;2;1;-17,89587195;-39,81936412;"SPRF-BA";"DEL09-BA";"UOP02-DEL09-BA"
204598;2019-04-21;"domingo";"02:50:00";"SP";116;59,7;"GUARATINGUETA";"Falta de Atenção à Condução";"Colisão com objeto estático";"Com Vítimas Feridas";"Plena Noite";"Crescente";"Nublado";"Dupla";"Reta";"Não";1;0;1;0;0;0;1;1;-22,78555649;-45,15339465;"SPRF-SP";"DEL08-SP";"UOP01-DEL08-SP"
204599;2019-04-20;"sábado";"23:20:00";"PR";277;723;"FOZ DO IGUACU";"Ingestão de Álcool";"Saída de leito carroçável";"Sem Vítimas";"Plena Noite";"Decrescente";"Nublado";"Dupla";"Reta";"Sim";2;0;0;0;2;0;0;1;-25,49878215;-54,52985294;"SPRF-PR";"DEL05-PR";"UOP01-DEL05-PR"
204600;2019-04-21;"domingo";"04:50:00";"GO";40;0,5;"VALPARAISO DE GOIAS";"Falta de Atenção à Condução";"Colisão lateral";"Com Vítimas Feridas";"Plena Noite";"Decrescente";"Céu Claro";"Dupla";"Reta";"Sim";2;0;1;0;1;0;1;2;-16,058273;-47,982655;"SPRF-DF";"DEL01-DF";"UOP01-DEL01-DF"
204601;2019-04-21;"domingo";"05:20:00";"BA";116;416;"FEIRA DE SANTANA";"Falta de Atenção à Condução";"Colisão frontal";"Sem Vítimas";"Pleno dia";"Crescente";"Céu Claro";"Simples";"Reta";"Sim";3;0;0;0;1;2;0;3;-12,18131412;-38,96541595;"SPRF-BA";"DEL02-BA";"UOP01-DEL02-BA"
204602;2019-04-21;"domingo";"05:30:00";"PR";163;36,7;"SANTO ANTONIO DO SUDOESTE";"Velocidade Incompatível";"Saída de leito carroçável";"Com Vítimas Feridas";"Plena Noite";"Decrescente";"Nublado";"Simples";"Ponte";"Sim";3;0;1;2;0;0;3;1;-26,05554917;-53,72674942;"SPRF-PR";"DEL02-PR";"UOP02-DEL02-PR"
204603;2019-04-21;"domingo";"05:40:00";"CE";222;40,7;"CAUCAIA";"Condutor Dormindo";"Colisão com objeto estático";"Com Vítimas Feridas";"Amanhecer";"Crescente";"Céu Claro";"Simples";"Reta";"Sim";1;0;1;0;0;0;1;1;-3,68690023;-38,90730706;"SPRF-CE";"DEL01-CE";"UOP03-DEL01-CE"
204605;2019-04-21;"domingo";"04:50:00";"BA";101;487;"ITAJUIPE";"Objeto estático sobre o leito carroçável";"Colisão com objeto estático";"Sem Vítimas";"Amanhecer";"Decrescente";"Céu Claro";"Simples";"Reta";"Não";1;0;0;0;1;0;0;1;-14,63208827;-39,33380127;"SPRF-BA";"DEL05-BA";"UOP01-DEL05-BA"
204606;2019-04-21;"domingo";"06:15:00";"SP";153;58,1;"SAO JOSE DO RIO PRETO";"Sinalização da via insuficiente ou inadequada";"Queda de ocupante de veículo";"Com Vítimas Fatais";"Plena Noite";"Decrescente";"Céu Claro";"Simples";"Em Obras;Reta";"Não";2;2;0;0;0;0;0;1;-20,77838195;-49,35300538;"SPRF-SP";"DEL09-SP";"UOP01-DEL09-SP"
204608;2019-04-21;"domingo";"06:30:00";"PE";101;46;"IGARASSU";"Falta de Atenção à Condução";"Colisão traseira";"Com Vítimas Feridas";"Pleno dia";"Decrescente";"Céu Claro";"Múltipla";"Reta";"Sim";2;0;1;0;1;0;1;2;-7,88072145;-34,90490371;"SPRF-PE";"DEL01-PE";"UOP02-DEL01-PE"
204611;2019-04-21;"domingo";"01:30:00";"MG";116;807,8;"ALEM PARAIBA";"Velocidade Incompatível";"Saída de leito carroçável";"Com Vítimas Feridas";"Plena Noite";"Crescente";"Nublado";"Simples";"Curva";"Não";2;0;2;0;0;0;2;1;-21,81324096;-42,69642196;"SPRF-MG";"DEL07-MG";"UOP01-DEL07-MG"
204613;2019-04-21;"domingo";"07:40:00";"AL";316;71;"POCO DAS TRINCHEIRAS";"Ingestão de Álcool";"Queda de ocupante de veículo";"Com Vítimas Feridas";"Pleno dia";"Crescente";"Céu Claro";"Simples";"Declive";"Não";1;0;1;0;0;0;1;1;-9,301524;-37,344568;"SPRF-AL";"DEL03-AL";"UOP02-DEL03-AL"
204615;2019-04-21;"domingo";"08:20:00";"PR";369;39,7;"ANDIRA";"Defeito Mecânico no Veículo";"Saída de leito carroçável";"Com Vítimas Feridas";"Pleno dia";"Crescente";"Céu Claro";"Simples";"Reta";"Não";2;0;2;0;0;0;2;1;-23,05917169;-50,24954438;"SPRF-PR";"DEL07-PR";"UOP05-DEL07-PR"
204616;2019-04-21;"domingo";"07:20:00";"MS";163;575,9;"BANDEIRANTES";"Condutor Dormindo";"Saída de leito carroçável";"Com Vítimas Feridas";"Pleno dia";"Crescente";"Sol";"Simples";"Reta";"Não";4;0;4;0;0;0;4;1;-19,67380236;-54,35002506;"SPRF-MS";"DEL06-MS";"UOP02-DEL06-MS"
204618;2019-04-21;"domingo";"08:03:00";"RS";0;0;"CANOAS";"Pista Escorregadia";"Tombamento";"Com Vítimas Feridas";"Pleno dia";"Não Informado";"Nublado";"Dupla";"Curva";"Sim";1;0;1;0;0;0;1;1;-29,96279837;-51,17603302;"SPRF-RS";"DEL01-RS";"UOP01-DEL01-RS"
204619;2019-04-21;"domingo";"08:05:00";"RS";0;0;"CANOAS";"Pista Escorregadia";"Tombamento";"Com Vítimas Feridas";"Pleno dia";"Não Informado";"Nublado";"Dupla";"Curva";"Sim";1;0;1;0;0;0;1;1;-29,960579;-51,176029;"SPRF-RS";"DEL01-RS";"UOP01-DEL01-RS"
204620;2019-04-21;"domingo";"08:30:00";"DF";40;0,1;"BRASILIA";"Condutor Dormindo";"Colisão com objeto estático";"Com Vítimas Feridas";"Pleno dia";"Crescente";"Sol";"Simples";"Curva";"Sim";1;0;0;1;0;0;1;1;-15,976897;-47,990129;"SPRF-DF";"DEL01-DF";"UOP01-DEL01-DF"
204621;2019-04-21;"domingo";"08:15:00";"PR";376;631,1;"SAO JOSE DOS PINHAIS";"Velocidade Incompatível";"Capotamento";"Com Vítimas Feridas";"Pleno dia";"Decrescente";"Chuva";"Múltipla";"Reta";"Sim";2;0;0;2;0;0;2;1;-25,70434399;-49,14198595;"SPRF-PR";"DEL01-PR";"UOP04-DEL01-PR"
204622;2019-04-20;"sábado";"12:20:00";"RO";364;73;"VILHENA";"Falta de Atenção à Condução";"Saída de leito carroçável";"Com Vítimas Feridas";"Pleno dia";"Crescente";"Céu Claro";"Simples";"Declive";"Não";4;0;1;0;3;0;1;1;-12,44837851;-60,51750795;"SPRF-RO";"DEL04-RO";"DEL21/4-UOP03/RO"
204623;2019-04-21;"domingo";"05:40:00";"SC";158;136;"PALMITOS";"Ingestão de Álcool";"Saída de leito carroçável";"Sem Vítimas";"Amanhecer";"Decrescente";"Garoa/Chuvisco";"Simples";"Curva";"Não";1;0;0;0;1;0;0;1;-27,08518724;-53,21953297;"SPRF-SC";"DEL07-SC";"UOP02-DEL07-SC"
204624;2019-04-21;"domingo";"07:15:00";"RS";386;190,5;"SANTO ANTONIO DO PLANALTO";"Falta de Atenção à Condução";"Saída de leito carroçável";"Com Vítimas Feridas";"Pleno dia";"Decrescente";"Nevoeiro/Neblina";"Simples";"Declive";"Não";3;0;2;0;1;0;2;1;-28,380714;-52,703381;"SPRF-RS";"DEL08-RS";"UOP01-DEL08-RS"
204625;2019-04-21;"domingo";"06:00:00";"RJ";40;97;"DUQUE DE CAXIAS";"Velocidade Incompatível";"Queda de ocupante de veículo";"Com Vítimas Feridas";"Pleno dia";"Decrescente";"Céu Claro";"Simples";"Curva";"Não";1;0;1;0;0;0;1;1;-22,5837559;-43,26181591;"SPRF-RJ";"DEL06-RJ";"UOP01-DEL06-RJ"
204626;2019-04-01;"segunda-feira";"16:20:00";"RJ";101;312;"SAO GONCALO";"Falta de Atenção à Condução";"Colisão com objeto estático";"Com Vítimas Feridas";"Pleno dia";"Decrescente";"Céu Claro";"Dupla";"Reta";"Sim";2;0;1;0;1;0;1;2;-22,80546555;-43,06156967;"SPRF-RJ";"DEL02-RJ";"DEL5/2-UOP04/RJ"
204627;2019-04-21;"domingo";"07:40:00";"RS";386;53,8;"SEBERI";"Velocidade Incompatível";"Saída de leito carroçável";"Com Vítimas Fatais";"Pleno dia";"Crescente";"Chuva";"Simples";"Curva";"Não";3;2;0;1;0;0;1;1;-27,517271;-53,376904;"SPRF-RS";"DEL08-RS";"UOP02-DEL08-RS"
204628;2019-04-21;"domingo";"07:30:00";"GO";60;106,9;"ANAPOLIS";"Defeito Mecânico no Veículo";"Saída de leito carroçável";"Com Vítimas Feridas";"Pleno dia";"Crescente";"Céu Claro";"Dupla";"Aclive;Reta";"Sim";2;0;2;0;0;0;2;1;-16,4232;-49,0134;"SPRF-GO";"DEL02-GO";"UOP01-DEL02-GO"
204629;2019-04-21;"domingo";"09:40:00";"SC";470;60,8;"BLUMENAU";"Falta de Atenção à Condução";"Tombamento";"Com Vítimas Feridas";"Pleno dia";"Decrescente";"Nublado";"Simples";"Curva";"Sim";2;0;2;0;0;0;2;1;-26,87952633;-49,17263746;"SPRF-SC";"DEL04-SC";"UOP01-DEL04-SC"
204630;2019-04-21;"domingo";"09:40:00";"MG";40;558;"NOVA LIMA";"Falta de Atenção à Condução";"Colisão traseira";"Com Vítimas Feridas";"Pleno dia";"Decrescente";"Céu Claro";"Dupla";"Curva";"Sim";2;0;0;1;1;0;1;2;-20,11082646;-43,97221642;"SPRF-MG";"DEL01-MG";"UOP02-DEL01-MG"
204633;2019-04-21;"domingo";"09:20:00";"MG";365;653;"UBERLANDIA";"Falta de Atenção à Condução";"Queda de ocupante de veículo";"Com Vítimas Feridas";"Pleno dia";"Crescente";"Céu Claro";"Dupla";"Reta";"Não";1;0;1;0;0;0;1;1;-18,8644387;-48,58686002;"SPRF-MG";"DEL15-MG";"UOP01-DEL15-MG"
204634;2019-04-21;"domingo";"10:00:00";"RS";285;526,7;"VITORIA DAS MISSOES";"Velocidade Incompatível";"Colisão frontal";"Com Vítimas Fatais";"Pleno dia";"Crescente";"Nublado";"Simples";"Curva";"Não";4;1;0;3;0;0;3;2;-28,406412;-54,553501;"SPRF-RS";"DEL10-RS";"UOP01-DEL10-RS"
204635;2019-04-20;"sábado";"19:30:00";"MG";267;137,2;"JUIZ DE FORA";"Animais na Pista";"Atropelamento de Animal";"Com Vítimas Feridas";"Plena Noite";"Crescente";"Céu Claro";"Simples";"Reta";"Não";3;0;2;0;0;1;2;2;-21,75557371;-43,59216213;"SPRF-MG";"DEL05-MG";"UOP01-DEL05-MG"
204636;2019-04-20;"sábado";"19:50:00";"RO";364;426;"JARU";"Ingestão de Álcool";"Colisão transversal";"Com Vítimas Feridas";"Plena Noite";"Crescente";"Nublado";"Simples";"Reta";"Sim";2;0;2;0;0;0;2;2;-10,432443;-62,479584;"SPRF-RO";"DEL03-RO";"UOP02-DEL03-RO"
204637;2019-04-21;"domingo";"10:50:00";"MG";381;590,1;"CARMOPOLIS DE MINAS";"Falta de Atenção à Condução";"Saída de leito carroçável";"Com Vítimas Feridas";"Pleno dia";"Decrescente";"Céu Claro";"Dupla";"Reta";"Não";2;0;2;0;0;0;2;1;-20,56175976;-44,66523212;"SPRF-MG";"DEL04-MG";"UOP01-DEL04-MG"
204638;2019-04-21;"domingo";"09:30:00";"SP";381;73;"SAO PAULO";"Ingestão de Álcool";"Colisão com objeto estático";"Com Vítimas Feridas";"Pleno dia";"Decrescente";"Céu Claro";"Múltipla";"Reta";"Não";2;0;1;0;0;1;1;2;-23,36881043;-46,55382802;"SPRF-SP";"DEL03-SP";"UOP01-DEL03-SP"
204639;2019-04-21;"domingo";"11:15:00";"GO";153;535,8;"HIDROLANDIA";"Defeito Mecânico no Veículo";"Queda de ocupante de veículo";"Com Vítimas Feridas";"Pleno dia";"Decrescente";"Céu Claro";"Dupla";"Aclive";"Não";1;0;1;0;0;0;1;1;-17,01;-49,2202;"SPRF-GO";"DEL01-GO";"UOP03-DEL01-GO"
204640;2019-04-21;"domingo";"09:35:00";"RS";386;401,1;"TRIUNFO";"Velocidade Incompatível";"Saída de leito carroçável";"Com Vítimas Feridas";"Pleno dia";"Decrescente";"Garoa/Chuvisco";"Simples";"Curva;Declive";"Não";4;0;1;0;3;0;1;1;-29,758154;-51,594955;"SPRF-RS";"DEL04-RS";"UOP02-DEL04-RS"
204641;2019-04-21;"domingo";"11:10:00";"PR";277;4,7;"PARANAGUA";"Desobediência às normas de trânsito pelo condutor";"Colisão transversal";"Com Vítimas Feridas";"Pleno dia";"Crescente";"Nublado";"Dupla";"Interseção de Vias";"Sim";2;0;1;0;1;0;1;2;-25,55607051;-48,56575012;"SPRF-PR";"DEL01-PR";"UOP05-DEL01-PR"
204642;2019-04-21;"domingo";"11:40:00";"PR";116;46;"CAMPINA GRANDE DO SUL";"Velocidade Incompatível";"Colisão com objeto estático";"Com Vítimas Feridas";"Pleno dia";"Decrescente";"Garoa/Chuvisco";"Múltipla";"Curva";"Não";3;0;1;0;2;0;1;2;-25,20185401;-48,8962139;"SPRF-PR";"DEL01-PR";"UOP02-DEL01-PR"
204643;2019-04-21;"domingo";"11:40:00";"PE";101;67,9;"RECIFE";"Falta de Atenção à Condução";"Colisão lateral";"Com Vítimas Feridas";"Pleno dia";"Crescente";"Sol";"Múltipla";"Aclive;Reta";"Sim";2;0;1;1;0;0;2;2;-8,042334;-34,943096;"SPRF-PE";"DEL01-PE";"UOP01-DEL01-PE"
204644;2019-04-21;"domingo";"11:30:00";"PR";116;39;"CAMPINA GRANDE DO SUL";"Velocidade Incompatível";"Saída de leito carroçável";"Com Vítimas Feridas";"Pleno dia";"Crescente";"Chuva";"Dupla";"Curva";"Não";2;0;2;0;0;0;2;1;-25,156168;-48,8613401;"SPRF-PR";"DEL01-PR";"UOP02-DEL01-PR"
204645;2019-04-21;"domingo";"11:15:00";"MG";381;357;"JOAO MONLEVADE";"Mal Súbito";"Colisão traseira";"Com Vítimas Feridas";"Pleno dia";"Crescente";"Céu Claro";"Simples";"Reta";"Não";3;0;1;0;2;0;1;3;-19,85175308;-43,213709;"SPRF-MG";"DEL03-MG";"UOP01-DEL03-MG"
204646;2019-04-21;"domingo";"11:55:00";"PR";277;545,7;"CATANDUVAS";"Ultrapassagem Indevida";"Saída de leito carroçável";"Com Vítimas Feridas";"Pleno dia";"Crescente";"Nublado";"Simples";"Reta";"Não";3;0;1;1;1;0;2;1;-25,10091106;-53,08088299;"SPRF-PR";"DEL04-PR";"UOP04-DEL04-PR"
204647;2019-04-21;"domingo";"12:00:00";"SC";282;5;"SAO JOSE";"Não guardar distância de segurança";"Colisão traseira";"Com Vítimas Feridas";"Pleno dia";"Decrescente";"Céu Claro";"Múltipla";"Em Obras";"Sim";3;0;2;0;1;0;2;2;-27,588425;-48,612919;"SPRF-SC";"DEL01-SC";"UOP01-DEL01-SC"
204648;2019-04-21;"domingo";"11:30:00";"MG";40;713,1;"BARBACENA";"Velocidade Incompatível";"Saída de leito carroçável";"Com Vítimas Feridas";"Pleno dia";"Decrescente";"Céu Claro";"Dupla";"Curva;Declive";"Não";2;0;1;0;1;0;1;1;-21,24440412;-43,68834208;"SPRF-MG";"DEL05-MG";"UOP02-DEL05-MG"
204649;2019-04-21;"domingo";"12:05:00";"SP";116;213;"GUARULHOS";"Desobediência às normas de trânsito pelo condutor";"Colisão traseira";"Com Vítimas Feridas";"Pleno dia";"Crescente";"Céu Claro";"Múltipla";"Declive";"Sim";3;0;1;0;1;1;1;3;-23,43971486;-46,43667806;"SPRF-SP";"DEL01-SP";"UOP01-DEL01-SP"
204652;2019-04-21;"domingo";"05:00:00";"SC";101;124;"ITAJAI";"Falta de Atenção à Condução";"Colisão lateral";"Sem Vítimas";"Amanhecer";"Decrescente";"Nevoeiro/Neblina";"Dupla";"Reta";"Não";1;0;0;0;0;1;0;1;-26,94335064;-48,69198648;"SPRF-SC";"DEL04-SC";"UOP04-DEL04-SC"
204653;2019-04-21;"domingo";"04:30:00";"SC";101;126;"ITAJAI";"Falta de Atenção à Condução";"Colisão com objeto estático";"Sem Vítimas";"Plena Noite";"Decrescente";"Nublado";"Dupla";"Curva";"Não";1;0;0;0;1;0;0;1;-26,95564404;-48,67978366;"SPRF-SC";"DEL04-SC";"UOP04-DEL04-SC"
204654;2019-04-21;"domingo";"13:00:00";"BA";324;561;"AMELIA RODRIGUES";"Defeito Mecânico no Veículo";"Queda de ocupante de veículo";"Com Vítimas Feridas";"Pleno dia";"Crescente";"Céu Claro";"Dupla";"Aclive";"Não";2;0;2;0;0;0;2;1;-12,49783433;-38,64646092;"SPRF-BA";"DEL01-BA";"UOP01-DEL01-BA"
204658;2019-04-21;"domingo";"12:50:00";"ES";101;262,5;"SERRA";"Falta de Atenção à Condução";"Colisão traseira";"Sem Vítimas";"Pleno dia";"Decrescente";"Sol";"Dupla";"Reta";"Sim";2;0;0;0;2;0;0;2;-20,1572331;-40,27678329;"SPRF-ES";"DEL02-ES";"UOP01-DEL02-ES"
204659;2019-04-21;"domingo";"13:15:00";"PR";116;33,8;"CAMPINA GRANDE DO SUL";"Velocidade Incompatível";"Saída de leito carroçável";"Com Vítimas Feridas";"Pleno dia";"Decrescente";"Chuva";"Dupla";"Curva";"Não";1;0;1;0;0;0;1;1;-25,1068163;-48,8493208;"SPRF-PR";"DEL01-PR";"UOP02-DEL01-PR"
204660;2019-04-21;"domingo";"11:30:00";"MT";70;731;"CACERES";"Falta de Atenção à Condução";"Colisão lateral";"Com Vítimas Feridas";"Pleno dia";"Decrescente";"Céu Claro";"Simples";"Reta";"Sim";2;0;0;1;1;0;1;2;-16,15109224;-57,62618406;"SPRF-MT";"DEL03-MT";"UOP01-DEL03-MT"
204662;2019-04-21;"domingo";"13:30:00";"PR";277;444,1;"LARANJEIRAS DO SUL";"Velocidade Incompatível";"Saída de leito carroçável";"Com Vítimas Feridas";"Pleno dia";"Decrescente";"Nublado";"Simples";"Curva";"Não";3;0;2;1;0;0;3;1;-25,36971187;-52,29283798;"SPRF-PR";"DEL04-PR";"UOP02-DEL04-PR"
204663;2019-04-21;"domingo";"13:45:00";"PB";101;73;"SANTA RITA";"Ingestão de Álcool";"Colisão traseira";"Com Vítimas Feridas";"Pleno dia";"Crescente";"Céu Claro";"Dupla";"Reta";"Não";5;0;1;1;3;0;2;2;-7,07828212;-34,98823508;"SPRF-PB";"DEL01-PB";"UOP04-DEL01-PB"
204664;2019-04-21;"domingo";"14:00:00";"GO";60;16;"ALEXANIA";"Falta de Atenção à Condução";"Saída de leito carroçável";"Com Vítimas Feridas";"Pleno dia";"Decrescente";"Céu Claro";"Dupla";"Declive;Reta";"Não";2;0;1;0;1;0;1;1;-16,094168;-48,517212;"SPRF-DF";"DEL01-DF";"UOP01-DEL03-DF"
204666;2019-04-21;"domingo";"13:10:00";"PR";376;474;"PONTA GROSSA";"Velocidade Incompatível";"Saída de leito carroçável";"Com Vítimas Feridas";"Pleno dia";"Decrescente";"Chuva";"Dupla";"Curva";"Não";2;0;2;0;0;0;2;1;-25,04786596;-50,23557994;"SPRF-PR";"DEL03-PR";"UOP01-DEL03-PR"
204667;2019-04-21;"domingo";"14:15:00";"ES";262;56,1;"MARECHAL FLORIANO";"Falta de Atenção à Condução";"Colisão traseira";"Com Vítimas Feridas";"Pleno dia";"Decrescente";"Céu Claro";"Simples";"Reta";"Não";3;0;2;0;1;0;2;2;-20,41088387;-40,75519403;"SPRF-ES";"DEL01-ES";"UOP01-DEL01-ES"
204668;2019-04-21;"domingo";"14:00:00";"GO";60;350;"SANTO ANTONIO DA BARRA";"Desobediência às normas de trânsito pelo condutor";"Colisão lateral";"Com Vítimas Feridas";"Pleno dia";"Decrescente";"Céu Claro";"Dupla";"Reta";"Sim";4;0;4;0;0;0;4;2;-17,5808;-50,6926;"SPRF-GO";"DEL04-GO";"UOP01-DEL04-GO"
204669;2019-04-21;"domingo";"06:00:00";"BA";324;547;"AMELIA RODRIGUES";"Falta de Atenção à Condução";"Capotamento";"Com Vítimas Feridas";"Pleno dia";"Decrescente";"Nublado";"Dupla";"Reta";"Não";2;0;2;0;0;0;2;1;-12,42109386;-38,74516692;"SPRF-BA";"DEL01-BA";"UOP01-DEL01-BA"
204671;2019-04-21;"domingo";"10:15:00";"PB";361;8;"SANTA TERESINHA";"Condutor Dormindo";"Colisão frontal";"Com Vítimas Feridas";"Pleno dia";"Decrescente";"Céu Claro";"Simples";"Reta";"Não";2;0;1;0;1;0;1;2;-7,04130903;-37,32798299;"SPRF-PB";"DEL03-PB";"UOP01-DEL03-PB"
204672;2019-04-21;"domingo";"14:15:00";"SP";101;47,2;"UBATUBA";"Falta de Atenção à Condução";"Tombamento";"Com Vítimas Feridas";"Pleno dia";"Crescente";"Céu Claro";"Dupla";"Rotatória";"Sim";2;0;2;0;0;0;2;1;-23,429897;-45,082436;"SPRF-SP";"DEL06-SP";"UOP01-DEL06-SP"
204673;2019-04-21;"domingo";"14:30:00";"PI";316;12;"TERESINA";"Desobediência às normas de trânsito pelo condutor";"Colisão frontal";"Com Vítimas Feridas";"Pleno dia";"Crescente";"Céu Claro";"Dupla";"Reta";"Sim";3;0;1;1;1;0;2;2;-5,20064401;-42,75799889;"SPRF-PI";"DEL01-PI";"UOP02-DEL01-PI"
204674;2019-04-21;"domingo";"13:20:00";"PR";116;51,6;"CAMPINA GRANDE DO SUL";"Velocidade Incompatível";"Capotamento";"Com Vítimas Feridas";"Pleno dia";"Crescente";"Chuva";"Dupla";"Curva";"Não";2;0;2;0;0;0;2;1;-25,24249703;-48,90292205;"SPRF-PR";"DEL01-PR";"UOP02-DEL01-PR"
204675;2019-04-21;"domingo";"14:50:00";"PR";369;38;"ANDIRA";"Animais na Pista";"Atropelamento de Animal";"Com Vítimas Feridas";"Pleno dia";"Decrescente";"Céu Claro";"Simples";"Reta;Declive";"Sim";1;0;1;0;0;0;1;1;-23,0522681;-50,2398321;"SPRF-PR";"DEL07-PR";"UOP05-DEL07-PR"
204677;2019-04-21;"domingo";"14:50:00";"MG";40;753,8;"SANTOS DUMONT";"Velocidade Incompatível";"Colisão frontal";"Com Vítimas Fatais";"Pleno dia";"Decrescente";"Céu Claro";"Simples";"Curva";"Não";3;1;1;0;1;0;1;2;-21,47144207;-43,5456067;"SPRF-MG";"DEL05-MG";"UOP01-DEL05-MG"
204678;2019-04-17;"quarta-feira";"16:40:00";"MT";70;521,7;"VARZEA GRANDE";"Falta de Atenção à Condução";"Atropelamento de Pedestre";"Com Vítimas Feridas";"Pleno dia";"Crescente";"Nublado";"Simples";"Reta";"Sim";3;0;3;0;0;0;3;2;-15,68999566;-56,17075145;"SPRF-MT";"DEL01-MT";"DEL2/4-UOP02/MT"
204679;2019-04-21;"domingo";"14:50:00";"PI";316;40,8;"LAGOA DO PIAUI";"Falta de Atenção à Condução";"Colisão traseira";"Sem Vítimas";"Pleno dia";"Decrescente";"Céu Claro";"Simples";"Reta";"Não";3;0;0;0;3;0;0;3;-5,40385598;-42,65110797;"SPRF-PI";"DEL01-PI";"UOP02-DEL01-PI"
204680;2019-04-21;"domingo";"15:10:00";"PE";101;45;"IGARASSU";"Velocidade Incompatível";"Colisão lateral";"Com Vítimas Feridas";"Pleno dia";"Decrescente";"Céu Claro";"Múltipla";"Reta";"Sim";2;0;1;0;1;0;1;2;-7,86521297;-34,90715176;"SPRF-PE";"DEL01-PE";"UOP02-DEL01-PE"
204682;2019-04-21;"domingo";"14:10:00";"CE";222;60,7;"SAO GONCALO DO AMARANTE";"Não guardar distância de segurança";"Colisão traseira";"Com Vítimas Feridas";"Pleno dia";"Decrescente";"Sol";"Simples";"Reta";"Não";6;0;0;1;5;0;1;2;-3,67114761;-39,08954297;"SPRF-CE";"DEL01-CE";"UOP03-DEL01-CE"
204683;2019-04-21;"domingo";"15:20:00";"MG";364;0;"PLANURA";"Defeito Mecânico no Veículo";"Danos eventuais";"Com Vítimas Feridas";"Pleno dia";"Crescente";"Céu Claro";"Simples";"Reta";"Não";3;0;1;0;2;0;1;1;-20,16489939;-48,68968964;"SPRF-MG";"DEL13-MG";"UOP02-DEL13-MG"
204684;2019-04-21;"domingo";"14:50:00";"MG";262;120,7;"RIO CASCA";"Falta de Atenção à Condução";"Colisão traseira";"Sem Vítimas";"Pleno dia";"Crescente";"Céu Claro";"Simples";"Reta";"Sim";3;0;0;0;3;0;0;2;-20,21946878;-42,65064354;"SPRF-MG";"DEL03-MG";"UOP03-DEL03-MG"