"id";"data_inversa";"dia_semana";"horario";"uf";"br";"km";"municipio";"causa_acidente";"tipo_acidente";"classificacao_acidente";"fase_dia";"sentido_via";"condicao_metereologica";"tipo_pista";"tracado_via";"uso_solo";"pessoas";"mortos";"feridos_leves";"feridos_graves";"ilesos";"ignorados";"feridos";"veiculos";"latitude";"longitude";"regional";"delegacia";"uop"
204686;2019-04-21;"domingo";"14:10:00";"RS";116;575;"PEDRO OSORIO";"Falta de Atenção à Condução";"Capotamento";"Com Vítimas Feridas";"Pleno dia";"Decrescente";"Sol";"Simples";"Reta;Declive";"Não";2;0;0;1;1;0;1;1;-31,9966586;-52,80967041;"SPRF-RS";"DEL07-RS";"UOP03-DEL07-RS"
204687;2019-04-17;"quarta-feira";"18:15:00";"PR";277;16;"PARANAGUA";"Condutor Dormindo";"Saída de leito carroçável";"Com Vítimas Feridas";"Pleno dia";"Decrescente";"Céu Claro";"Dupla";"Reta";"Não";1;0;1;0;0;0;1;1;-25,56610574;-48,62495594;"SPRF-PR";"DEL01-PR";"UOP05-DEL01-PR"
204689;2019-04-21;"domingo";"15:40:00";"DF";20;6;"BRASILIA";"Falta de Atenção à Condução";"Colisão lateral";"Com Vítimas Feridas";"Pleno dia";"Crescente";"Garoa/Chuvisco";"Dupla";"Declive";"Não";3;0;1;0;2;0;1;2;-15,665888;-47,808308;"SPRF-DF";"DEL02-DF";"UOP01-DEL02-DF"
204690;2019-04-21;"domingo";"15:00:00";"SP";116;95,4;"PINDAMONHANGABA";"Não guardar distância de segurança";"Engavetamento";"Sem Vítimas";"Pleno dia";"Crescente";"Céu Claro";"Dupla";"Reta";"Não";7;0;0;0;6;1;0;7;-22,96514512;-45,43013094;"SPRF-SP";"DEL06-SP";"UOP01-DEL06-SP"
204694;2019-04-21;"domingo";"13:10:00";"BA";407;55,2;"JUAZEIRO";"Velocidade Incompatível";"Saída de leito carroçável";"Sem Vítimas";"Pleno dia";"Crescente";"Céu Claro";"Simples";"Reta";"Não";1;0;0;0;0;1;0;1;-9,85558285;-40,29512668;"SPRF-BA";"DEL04-BA";"UOP01-DEL04-BA"
204696;2019-04-21;"domingo";"14:40:00";"SP";116;490,2;"CAJATI";"Defeito Mecânico no Veículo";"Incêndio";"Sem Vítimas";"Pleno dia";"Crescente";"Nublado";"Dupla";"Retorno Regulamentado";"Não";1;0;0;0;0;1;0;1;-24,73464809;-48,11602794;"SPRF-SP";"DEL05-SP";"UAP01-DEL05-SP"
204697;2019-04-21;"domingo";"16:10:00";"DF";80;20;"BRASILIA";"Ingestão de Álcool";"Colisão traseira";"Com Vítimas Feridas";"Pleno dia";"Decrescente";"Chuva";"Dupla";"Reta";"Sim";2;0;1;0;1;0;1;2;-15,665005;-48,203583;"SPRF-DF";"DEL01-DF";"UOP02-DEL03-DF"
204698;2019-04-21;"domingo";"16:10:00";"SP";116;160;"JACAREI";"Falta de Atenção à Condução";"Engavetamento";"Com Vítimas Feridas";"Pleno dia";"Crescente";"Céu Claro";"Dupla";"Reta";"Não";6;0;3;0;3;0;3;3;-23,27101606;-45,96787896;"SPRF-SP";"DEL02-SP";"UOP01-DEL02-SP"
204701;2019-04-21;"domingo";"14:00:00";"SE";101;35,9;"CAPELA";"Não guardar distância de segurança";"Colisão traseira";"Com Vítimas Feridas";"Pleno dia";"Crescente";"Sol";"Simples";"Reta";"Não";5;0;1;0;4;0;1;2;-10,48368938;-36,94598712;"SPRF-SE";"DEL02-SE";"UOP02-DEL02-SE"
204702;2019-04-21;"domingo";"13:30:00";"SP";116;566;"BARRA DO TURVO";"Velocidade Incompatível";"Colisão com objeto estático";"Com Vítimas Feridas";"Pleno dia";"Crescente";"Garoa/Chuvisco";"Simples";"Curva";"Não";5;0;2;0;3;0;2;1;-25,041697;-48,549812;"SPRF-SP";"DEL05-SP";"UOP02-DEL05-SP"
204703;2019-04-21;"domingo";"16:20:00";"SP";116;523,5;"CAJATI";"Pista Escorregadia";"Queda de ocupante de veículo";"Com Vítimas Feridas";"Pleno dia";"Crescente";"Garoa/Chuvisco";"Dupla";"Reta";"Não";2;0;2;0;0;0;2;1;-24,91273105;-48,25307091;"SPRF-SP";"DEL05-SP";"UOP02-DEL05-SP"
204704;2019-04-21;"domingo";"16:46:00";"AL";101;129,4;"SAO MIGUEL DOS CAMPOS";"Falta de Atenção à Condução";"Colisão transversal";"Com Vítimas Feridas";"Pleno dia";"Decrescente";"Nublado";"Simples";"Em Obras";"Não";3;0;2;0;1;0;2;2;-9,75846103;-36,07001181;"SPRF-AL";"DEL02-AL";"UOP01-DEL02-AL"
204706;2019-04-21;"domingo";"15:20:00";"SP";116;67;"APARECIDA";"Falta de Atenção à Condução";"Queda de ocupante de veículo";"Com Vítimas Feridas";"Pleno dia";"Crescente";"Céu Claro";"Dupla";"Reta";"Não";1;0;1;0;0;0;1;1;-22,82867578;-45,2088941;"SPRF-SP";"DEL08-SP";"UOP01-DEL08-SP"
204707;2019-04-21;"domingo";"15:15:00";"RJ";101;540;"PARATY";"Defeito na Via";"Colisão lateral";"Com Vítimas Feridas";"Pleno dia";"Decrescente";"Céu Claro";"Simples";"Reta";"Não";3;0;2;0;1;0;2;2;-23,054666;-44,59037997;"SPRF-RJ";"DEL03-RJ";"UOP02-DEL03-RJ"
204708;2019-04-21;"domingo";"16:10:00";"MG";40;797,8;"JUIZ DE FORA";"Avarias e/ou desgaste excessivo no pneu";"Capotamento";"Com Vítimas Feridas";"Pleno dia";"Crescente";"Céu Claro";"Dupla";"Reta";"Não";2;0;2;0;0;0;2;1;-21,81520106;-43,38621008;"SPRF-MG";"DEL05-MG";"UOP01-DEL05-MG"
204709;2019-04-21;"domingo";"16:30:00";"PR";376;538;"PALMEIRA";"Não guardar distância de segurança";"Colisão traseira";"Sem Vítimas";"Pleno dia";"Crescente";"Garoa/Chuvisco";"Dupla";"Reta";"Não";1;0;0;0;1;0;0;1;-25,400283;-49,789084;"SPRF-PR";"DEL01-PR";"UOP06-DEL01-PR"
204710;2019-04-21;"domingo";"16:40:00";"MG";116;21;"ARGIRITA";"Não guardar distância de segurança";"Colisão traseira";"Com Vítimas Feridas";"Pleno dia";"Crescente";"Céu Claro";"Simples";"Reta;Declive";"Não";4;0;2;0;1;1;2;2;-21,59335736;-42,79252052;"SPRF-BA";"DEL08-BA";"UOP03-DEL08-BA"
204711;2019-04-21;"domingo";"13:45:00";"SC";101;412;"ARARANGUA";"Falta de Atenção à Condução";"Colisão transversal";"Com Vítimas Feridas";"Pleno dia";"Crescente";"Nublado";"Simples";"Reta";"Não";2;0;1;0;1;0;1;2;-28,939333;-49,497513;"SPRF-SC";"DEL02-SC";"UOP02-DEL02-SC"
204712;2019-04-21;"domingo";"16:30:00";"PR";116;156,6;"MANDIRITUBA";"Falta de Atenção à Condução";"Colisão transversal";"Com Vítimas Feridas";"Pleno dia";"Decrescente";"Nublado";"Simples";"Interseção de Vias";"Sim";3;0;1;0;1;1;1;2;-25,86307083;-49,39893007;"SPRF-PR";"DEL01-PR";"UOP03-DEL01-PR"
204713;2019-04-21;"domingo";"15:35:00";"SC";282;26,7;"SANTO AMARO DA IMPERATRIZ";"Falta de Atenção à Condução";"Colisão transversal";"Com Vítimas Feridas";"Pleno dia";"Crescente";"Nublado";"Simples";"Reta";"Sim";5;0;5;0;0;0;5;2;-27,680267;-48,762482;"SPRF-SC";"DEL01-SC";"UOP03-DEL01-SC"
204714;2019-04-21;"domingo";"16:15:00";"MG";262;119;"RIO CASCA";"Velocidade Incompatível";"Colisão traseira";"Com Vítimas Feridas";"Pleno dia";"Crescente";"Céu Claro";"Simples";"Reta";"Sim";4;0;2;0;2;0;2;2;-20,22320976;-42,64256176;"SPRF-MG";"DEL03-MG";"UOP03-DEL03-MG"
204716;2019-04-21;"domingo";"15:20:00";"MT";163;560;"DIAMANTINO";"Falta de Atenção à Condução";"Colisão com objeto estático";"Com Vítimas Feridas";"Pleno dia";"Decrescente";"Nublado";"Simples";"Ponte";"Não";1;0;1;0;0;0;1;1;-14,23756178;-56,11786216;"SPRF-MT";"DEL01-MT";"UOP01-DEL01-MT"
204717;2019-04-21;"domingo";"16:30:00";"GO";20;22,5;"FORMOSA";"Falta de Atenção à Condução";"Colisão lateral";"Sem Vítimas";"Pleno dia";"Decrescente";"Nublado";"Simples";"Declive;Reta";"Não";2;0;0;0;2;0;0;2;-15,54456849;-47,1569718;"SPRF-DF";"DEL02-DF";"UOP01-DEL02-DF"
204718;2019-04-21;"domingo";"16:55:00";"PB";101;78;"SANTA RITA";"Falta de Atenção à Condução";"Colisão traseira";"Sem Vítimas";"Pleno dia";"Crescente";"Nublado";"Dupla";"Curva";"Sim";2;0;0;0;1;1;0;2;-7,10808295;-34,96293885;"SPRF-PB";"DEL01-PB";"UOP04-DEL01-PB"
204720;2019-04-21;"domingo";"16:30:00";"RS";386;216,6;"TIO HUGO";"Não guardar distância de segurança";"Colisão traseira";"Com Vítimas Feridas";"Pleno dia";"Crescente";"Garoa/Chuvisco";"Simples";"Reta";"Não";7;0;2;0;5;0;2;4;-28,584908;-52,599743;"SPRF-RS";"DEL04-RS";"UOP03-DEL04-RS"
204721;2019-04-21;"domingo";"16:55:00";"GO";153;437;"ANAPOLIS";"Falta de Atenção à Condução";"Saída de leito carroçável";"Com Vítimas Feridas";"Pleno dia";"Crescente";"Céu Claro";"Dupla";"Reta";"Não";4;0;2;0;2;0;2;1;-16,286884;-48,942978;"SPRF-GO";"DEL02-GO";"UOP01-DEL02-GO"
204723;2019-04-21;"domingo";"17:30:00";"RS";470;226;"GARIBALDI";"Desobediência às normas de trânsito pelo condutor";"Colisão lateral";"Sem Vítimas";"Anoitecer";"Decrescente";"Garoa/Chuvisco";"Dupla";"Curva";"Sim";7;0;0;0;7;0;0;2;-29,21556004;-51,51743821;"SPRF-RS";"DEL06-RS";"UOP01-DEL06-RS"
204725;2019-04-21;"domingo";"17:40:00";"RS";116;495,9;"PELOTAS";"Ultrapassagem Indevida";"Saída de leito carroçável";"Com Vítimas Feridas";"Pleno dia";"Decrescente";"Nublado";"Simples";"Reta";"Não";4;0;2;2;0;0;4;1;-31,51237676;-52,22455149;"SPRF-RS";"DEL07-RS";"UOP01-DEL07-RS"
204727;2019-04-21;"domingo";"17:50:00";"SP";101;47,2;"UBATUBA";"Falta de Atenção à Condução";"Colisão lateral";"Com Vítimas Feridas";"Anoitecer";"Crescente";"Céu Claro";"Simples";"Rotatória";"Sim";2;0;1;0;1;0;1;2;-23,429897;-45,082436;"SPRF-SP";"DEL06-SP";"UOP01-DEL06-SP"
204728;2019-04-21;"domingo";"18:10:00";"SC";101;143,8;"ITAPEMA";"Não guardar distância de segurança";"Colisão traseira";"Sem Vítimas";"Plena Noite";"Decrescente";"Nublado";"Dupla";"Reta";"Sim";2;0;0;0;2;0;0;2;-27,06436;-48,59599405;"SPRF-SC";"DEL04-SC";"UOP03-DEL04-SC"
204730;2019-04-21;"domingo";"16:35:00";"MG";381;673,9;"PERDOES";"Defeito Mecânico no Veículo";"Queda de ocupante de veículo";"Com Vítimas Feridas";"Pleno dia";"Decrescente";"Céu Claro";"Dupla";"Curva";"Não";2;0;2;0;0;0;2;1;-21,09966091;-45,08510908;"SPRF-MG";"DEL04-MG";"UOP02-DEL04-MG"
204731;2019-04-21;"domingo";"17:30:00";"RJ";101;252;"RIO BONITO";"Desobediência às normas de trânsito pelo condutor";"Colisão com objeto estático";"Com Vítimas Fatais";"Pleno dia";"Crescente";"Sol";"Dupla";"Reta";"Não";1;1;0;0;0;0;0;1;-22,68214756;-42,53377419;"SPRF-RJ";"DEL02-RJ";"UOP03-DEL02-RJ"
204732;2019-04-21;"domingo";"17:15:00";"PR";277;323;"GUARAPUAVA";"Ingestão de Álcool";"Colisão traseira";"Sem Vítimas";"Anoitecer";"Decrescente";"Garoa/Chuvisco";"Simples";"Reta";"Não";2;0;0;0;2;0;0;2;-25,36322295;-51,24475004;"SPRF-PR";"DEL03-PR";"UOP01-DEL08-PR"
204733;2019-04-21;"domingo";"18:00:00";"BA";116;424;"FEIRA DE SANTANA";"Falta de Atenção à Condução";"Colisão frontal";"Com Vítimas Feridas";"Anoitecer";"Crescente";"Nublado";"Simples";"Reta";"Sim";3;0;2;0;1;0;2;2;-12,23257586;-38,97248506;"SPRF-BA";"DEL02-BA";"UOP01-DEL02-BA"
204734;2019-04-21;"domingo";"18:15:00";"MG";262;401,5;"PARA DE MINAS";"Falta de Atenção à Condução";"Capotamento";"Com Vítimas Feridas";"Plena Noite";"Crescente";"Céu Claro";"Dupla";"Curva";"Não";1;0;1;0;0;0;1;1;-19,90018759;-44,55287088;"SPRF-MG";"DEL08-MG";"UOP03-DEL08-MG"
204735;2019-04-21;"domingo";"18:16:00";"RJ";116;329,8;"RESENDE";"Ingestão de Álcool";"Colisão frontal";"Com Vítimas Fatais";"Plena Noite";"Decrescente";"Céu Claro";"Simples";"Reta";"Não";4;1;0;0;1;2;0;3;-22,50466912;-44,606568;"SPRF-RJ";"DEL07-RJ";"DEL5/7-UOP03/RJ"
204736;2019-04-21;"domingo";"18:30:00";"RJ";356;16,3;"ITAPERUNA";"Falta de Atenção à Condução";"Colisão transversal";"Com Vítimas Feridas";"Plena Noite";"Crescente";"Céu Claro";"Simples";"Reta";"Não";7;0;5;0;1;1;5;2;-21,17841194;-42,048441;"SPRF-RJ";"DEL08-RJ";"UOP03-DEL08-RJ"
204737;2019-04-21;"domingo";"18:40:00";"GO";40;8,2;"LUZIANIA";"Desobediência às normas de trânsito pelo condutor";"Atropelamento de Pedestre";"Com Vítimas Feridas";"Plena Noite";"Decrescente";"Chuva";"Dupla";"Reta";"Não";5;0;0;2;1;2;2;2;-16,116158;-47,96761;"SPRF-DF";"DEL01-DF";"UOP01-DEL01-DF"
204739;2019-04-21;"domingo";"15:30:00";"RO";364;396;"JARU";"Falta de Atenção à Condução";"Saída de leito carroçável";"Com Vítimas Feridas";"Pleno dia";"Crescente";"Sol";"Simples";"Reta";"Não";4;0;3;0;1;0;3;1;-10,3959184;-62,5319627;"SPRF-RO";"DEL03-RO";"UOP02-DEL03-RO"
204740;2019-04-21;"domingo";"18:30:00";"RS";287;260;"SANTA MARIA";"Não guardar distância de segurança";"Colisão traseira";"Sem Vítimas";"Anoitecer";"Crescente";"Nublado";"Simples";"Reta";"Não";2;0;0;0;2;0;0;2;-29,67478774;-53,97101397;"SPRF-RS";"DEL09-RS";"UOP01-DEL09-RS"
204741;2019-04-21;"domingo";"18:20:00";"MG";381;5;"BETIM";"Não guardar distância de segurança";"Colisão traseira";"Com Vítimas Feridas";"Anoitecer";"Decrescente";"Céu Claro";"Dupla";"Reta";"Não";6;0;1;0;5;0;1;2;-19,96825;-44,198708;"SPRF-MG";"DEL01-MG";"UOP03-DEL01-MG"
204742;2019-04-21;"domingo";"18:25:00";"PR";369;175;"ROLANDIA";"Desobediência às normas de trânsito pelo condutor";"Colisão transversal";"Com Vítimas Feridas";"Plena Noite";"Crescente";"Garoa/Chuvisco";"Simples";"Reta";"Sim";2;0;0;1;1;0;1;2;-23,33374453;-51,38957977;"SPRF-PR";"DEL07-PR";"UOP01-DEL07-PR"
204743;2019-04-21;"domingo";"18:30:00";"PB";230;38;"SANTA RITA";"Falta de Atenção à Condução";"Colisão traseira";"Sem Vítimas";"Plena Noite";"Decrescente";"Nublado";"Dupla";"Em Obras";"Sim";2;0;0;0;1;1;0;2;-7,1341;-34,962;"SPRF-PB";"DEL01-PB";"UOP03-DEL01-PB"
204744;2019-04-21;"domingo";"18:40:00";"PR";277;534,9;"IBEMA";"Não guardar distância de segurança";"Colisão traseira";"Com Vítimas Feridas";"Plena Noite";"Crescente";"Garoa/Chuvisco";"Simples";"Reta";"Não";2;0;1;0;1;0;1;2;-25,10265774;-52,986814;"SPRF-PR";"DEL04-PR";"UOP04-DEL04-PR"
204747;2019-04-21;"domingo";"17:45:00";"MS";163;690;"RIO VERDE DE MATO GROSSO";"Não guardar distância de segurança";"Colisão traseira";"Com Vítimas Feridas";"Anoitecer";"Crescente";"Céu Claro";"Simples";"Declive";"Não";3;0;0;1;2;0;1;2;-18,82417307;-54,81645584;"SPRF-MS";"DEL06-MS";"UOP01-DEL06-MS"
204748;2019-04-21;"domingo";"18:30:00";"RS";392;34,9;"RIO GRANDE";"Animais na Pista";"Atropelamento de Animal";"Sem Vítimas";"Plena Noite";"Decrescente";"Céu Claro";"Dupla";"Reta";"Não";1;0;0;0;1;0;0;1;-32,01573599;-52,28800966;"SPRF-RS";"DEL07-RS";"UOP02-DEL07-RS"
204749;2019-04-21;"domingo";"18:31:00";"PR";376;179;"MARINGA";"Falta de Atenção à Condução";"Queda de ocupante de veículo";"Com Vítimas Feridas";"Plena Noite";"Crescente";"Céu Claro";"Dupla";"Declive";"Sim";1;0;1;0;0;0;1;1;-23,42244278;-51,90360392;"SPRF-PR";"DEL07-PR";"UOP01-DEL09-PR"
204750;2019-04-21;"domingo";"19:00:00";"GO";20;15,7;"FORMOSA";"Falta de Atenção à Condução";"Colisão traseira";"Com Vítimas Feridas";"Plena Noite";"Decrescente";"Céu Claro";"Simples";"Reta";"Não";3;0;1;0;2;0;1;3;-15,56558395;-47,22513101;"SPRF-DF";"DEL02-DF";"UOP01-DEL02-DF"
204751;2019-04-21;"domingo";"18:45:00";"GO";50;96;"CRISTALINA";"Falta de Atenção do Pedestre";"Atropelamento de Pedestre";"Com Vítimas Feridas";"Plena Noite";"Crescente";"Céu Claro";"Simples";"Reta";"Sim";2;0;1;0;1;0;1;2;-16,9309;-47,7117;"SPRF-DF";"DEL01-DF";"UOP02-DEL01-DF"
204752;2019-04-21;"domingo";"18:30:00";"SP";116;202,5;"ARUJA";"Falta de Atenção à Condução";"Colisão transversal";"Com Vítimas Fatais";"Plena Noite";"Decrescente";"Nublado";"Múltipla";"Reta";"Não";2;1;1;0;0;0;1;2;-23,40969647;-46,34307861;"SPRF-SP";"DEL01-SP";"UOP02-DEL01-SP"
204754;2019-04-21;"domingo";"19:00:00";"RN";427;101;"CAICO";"Desobediência às normas de trânsito pelo condutor";"Colisão transversal";"Com Vítimas Feridas";"Plena Noite";"Decrescente";"Nublado";"Simples";"Reta";"Sim";3;0;2;0;0;1;2;2;-6,45872403;-37,11513303;"SPRF-RN";"DEL03-RN";"UOP01-DEL03-RN"
204756;2019-04-09;"terça-feira";"23:30:00";"MS";163;391,2;"NOVA ALVORADA DO SUL";"Animais na Pista";"Atropelamento de Animal";"Com Vítimas Feridas";"Plena Noite";"Decrescente";"Céu Claro";"Simples";"Reta";"Não";2;0;1;0;0;1;1;1;-21,24587397;-54,45117091;"SPRF-MS";"DEL02-MS";"UOP01-DEL02-MS"
204757;2019-04-21;"domingo";"16:45:00";"SC";280;100,2;"SAO BENTO DO SUL";"Falta de Atenção à Condução";"Colisão lateral";"Sem Vítimas";"Plena Noite";"Crescente";"Chuva";"Simples";"Curva";"Não";2;0;0;0;2;0;0;2;-26,37158361;-49,33137101;"SPRF-SC";"DEL06-SC";"UOP03-DEL06-SC"
204758;2019-04-21;"domingo";"18:15:00";"MG";381;550,5;"ITAGUARA";"Falta de Atenção à Condução";"Colisão traseira";"Sem Vítimas";"Anoitecer";"Decrescente";"Céu Claro";"Dupla";"Reta";"Não";2;0;0;0;2;0;0;2;-20,32661215;-44,45627931;"SPRF-MG";"DEL04-MG";"UOP03-DEL04-MG"
204759;2019-04-21;"domingo";"19:00:00";"TO";153;496,1;"PARAISO DO TOCANTINS";"Falta de Atenção à Condução";"Colisão transversal";"Com Vítimas Feridas";"Plena Noite";"Crescente";"Garoa/Chuvisco";"Simples";"Interseção de Vias";"Sim";2;0;1;0;1;0;1;2;-10,18174491;-48,88036251;"SPRF-TO";"DEL02-TO";"UOP01-DEL01-TO"
204760;2019-04-21;"domingo";"18:45:00";"GO";40;8;"LUZIANIA";"Ingestão de Álcool";"Colisão lateral";"Sem Vítimas";"Plena Noite";"Decrescente";"Garoa/Chuvisco";"Dupla";"Reta";"Não";2;0;0;0;2;0;0;2;-16,116158;-47,96761;"SPRF-DF";"DEL01-DF";"UOP01-DEL01-DF"
204764;2019-04-21;"domingo";"17:55:00";"BA";324;552,3;"AMELIA RODRIGUES";"Falta de Atenção à Condução";"Engavetamento";"Sem Vítimas";"Anoitecer";"Crescente";"Céu Claro";"Dupla";"Aclive";"Não";5;0;0;0;5;0;0;5;-12,44970237;-38,71122627;"SPRF-BA";"DEL01-BA";"UOP01-DEL01-BA"
204765;2019-04-21;"domingo";"20:10:00";"DF";70;11;"BRASILIA";"Falta de Atenção à Condução";"Colisão traseira";"Com Vítimas Feridas";"Plena Noite";"Crescente";"Céu Claro";"Dupla";"Reta";"Sim";3;0;0;3;0;0;3;2;-15,78098346;-48,13403651;"SPRF-DF";"DEL01-DF";"UOP02-DEL03-DF"
204766;2019-04-21;"domingo";"19:00:00";"SC";101;420,8;"ARARANGUA";"Falta de Atenção à Condução";"Colisão traseira";"Sem Vítimas";"Pleno dia";"Crescente";"Chuva";"Dupla";"Reta";"Não";3;0;0;0;2;1;0;3;-29,00386167;-49,56190109;"SPRF-SC";"DEL02-SC";"UOP02-DEL02-SC"
204767;2019-04-21;"domingo";"18:40:00";"MG";40;44,6;"PARACATU";"Falta de Atenção do Pedestre";"Atropelamento de Pedestre";"Com Vítimas Feridas";"Plena Noite";"Decrescente";"Céu Claro";"Simples";"Reta";"Não";3;0;1;0;2;0;1;2;-17,23101648;-46,85390396;"SPRF-MG";"DEL14-MG";"UOP01-DEL14-MG"
204768;2019-04-21;"domingo";"19:30:00";"RJ";393;280;"BARRA DO PIRAI";"Ingestão de Álcool";"Colisão frontal";"Com Vítimas Feridas";"Plena Noite";"Crescente";"Céu Claro";"Simples";"Reta";"Sim";3;0;1;0;2;0;1;3;-22,47695115;-44,0138483;"SPRF-RJ";"DEL05-RJ";"UOP04-DEL05-RJ"
204769;2019-04-21;"domingo";"20:15:00";"GO";153;439;"ANAPOLIS";"Falta de Atenção à Condução";"Tombamento";"Com Vítimas Feridas";"Plena Noite";"Crescente";"Céu Claro";"Dupla";"Curva";"Sim";1;0;1;0;0;0;1;1;-16,298529;-48,928207;"SPRF-GO";"DEL02-GO";"UOP01-DEL02-GO"
204771;2019-04-21;"domingo";"19:45:00";"ES";101;16;"PEDRO CANARIO";"Falta de Atenção à Condução";"Colisão lateral";"Com Vítimas Feridas";"Plena Noite";"Crescente";"Céu Claro";"Simples";"Interseção de Vias";"Sim";2;0;1;1;0;0;2;2;-18,29874595;-39,95732581;"SPRF-ES";"DEL04-ES";"UOP02-DEL04-ES"
204772;2019-04-21;"domingo";"19:00:00";"AL";104;51;"BRANQUINHA";"Ingestão de Álcool";"Atropelamento de Animal";"Com Vítimas Feridas";"Plena Noite";"Crescente";"Céu Claro";"Simples";"Ponte";"Não";3;0;0;1;2;0;1;2;-9,25772082;-35,98061705;"SPRF-AL";"DEL01-AL";"UOP02-DEL01-AL"
204773;2019-04-21;"domingo";"19:20:00";"PR";277;137,9;"BALSA NOVA";"Velocidade Incompatível";"Saída de leito carroçável";"Sem Vítimas";"Plena Noite";"Crescente";"Garoa/Chuvisco";"Dupla";"Curva;Aclive";"Não";1;0;0;0;1;0;0;1;-25,47673761;-49,71885518;"SPRF-PR";"DEL01-PR";"UOP06-DEL01-PR"
204774;2019-04-21;"domingo";"20:15:00";"SP";116;289,9;"ITAPECERICA DA SERRA";"Falta de Atenção à Condução";"Atropelamento de Pedestre";"Com Vítimas Feridas";"Plena Noite";"Decrescente";"Céu Claro";"Dupla";"Reta";"Sim";2;0;1;0;0;1;1;2;-23,72290969;-46,89096614;"SPRF-SP";"DEL04-SP";"UOP01-DEL04-SP"
204775;2019-04-21;"domingo";"14:30:00";"ES";262;55;"MARECHAL FLORIANO";"Falta de Atenção à Condução";"Colisão traseira";"Com Vítimas Feridas";"Pleno dia";"Crescente";"Céu Claro";"Simples";"Reta";"Não";6;0;1;3;2;0;4;4;-20,41120651;-40,7479394;"SPRF-ES";"DEL01-ES";"UOP01-DEL01-ES"
204776;2019-04-21;"domingo";"15:45:00";"RO";174;15;"VILHENA";"Falta de Atenção à Condução";"Tombamento";"Com Vítimas Feridas";"Pleno dia";"Crescente";"Nublado";"Dupla";"Reta";"Sim";2;0;0;1;1;0;1;1;-12,723321;-60,12801;"SPRF-RO";"DEL04-RO";"UOP01-DEL04-RO"
204777;2019-04-21;"domingo";"19:30:00";"PI";343;28;"PARNAIBA";"Ingestão de Álcool";"Colisão traseira";"Com Vítimas Feridas";"Plena Noite";"Decrescente";"Nublado";"Simples";"Reta";"Não";2;0;1;0;1;0;1;2;-3,052351;-41,77544;"SPRF-PI";"DEL05-PI";"UOP01-DEL05-PI"
204778;2019-04-21;"domingo";"20:15:00";"TO";153;231;"COLINAS DO TOCANTINS";"Falta de Atenção à Condução";"Colisão transversal";"Com Vítimas Feridas";"Plena Noite";"Decrescente";"Nublado";"Simples";"Reta";"Não";2;0;0;1;1;0;1;2;-7,91454095;-48,46573016;"SPRF-TO";"DEL02-TO";"UOP01-DEL02-TO"
204780;2019-04-21;"domingo";"18:35:00";"PR";373;215;"IMBITUVA";"Ingestão de Álcool";"Colisão lateral";"Sem Vítimas";"Pleno dia";"Decrescente";"Chuva";"Simples";"Reta";"Não";2;0;0;0;2;0;0;2;-25,15460675;-50,53263107;"SPRF-PR";"DEL03-PR";"UOP01-DEL03-PR"
204781;2019-04-21;"domingo";"20:00:00";"SP";116;159;"JACAREI";"Ingestão de Álcool";"Colisão traseira";"Sem Vítimas";"Plena Noite";"Crescente";"Céu Claro";"Dupla";"Reta";"Sim";2;0;0;0;2;0;0;2;-23,26072137;-45,95179176;"SPRF-SP";"DEL02-SP";"UOP01-DEL02-SP"
204782;2019-04-21;"domingo";"20:15:00";"RJ";40;118;"DUQUE DE CAXIAS";"Agressão Externa";"Queda de ocupante de veículo";"Com Vítimas Feridas";"Plena Noite";"Crescente";"Céu Claro";"Múltipla";"Reta";"Sim";2;0;1;0;1;0;1;1;-22,75470802;-43,28737838;"SPRF-RJ";"DEL01-RJ";"UOP01-DEL01-RJ"
204783;2019-04-21;"domingo";"20:25:00";"PR";376;651,1;"TIJUCAS DO SUL";"Velocidade Incompatível";"Colisão com objeto estático";"Com Vítimas Feridas";"Plena Noite";"Decrescente";"Chuva";"Dupla";"Curva";"Não";4;0;1;0;3;0;1;1;-25,84562918;-49,07249451;"SPRF-PR";"DEL01-PR";"UOP04-DEL01-PR"
204784;2019-04-21;"domingo";"18:10:00";"PE";232;409,1;"SERRA TALHADA";"Ingestão de álcool e/ou substâncias psicoativas pelo pedestre";"Atropelamento de Pedestre";"Com Vítimas Feridas";"Plena Noite";"Crescente";"Céu Claro";"Simples";"Reta";"Sim";2;0;1;0;1;0;1;2;-7,981944;-38,289467;"SPRF-PE";"DEL04-PE";"UOP01-DEL04-PE"
204785;2019-04-21;"domingo";"20:00:00";"SP";381;50,1;"ATIBAIA";"Falta de Atenção à Condução";"Colisão lateral";"Com Vítimas Feridas";"Plena Noite";"Crescente";"Nublado";"Dupla";"Declive;Reta";"Sim";2;0;1;0;1;0;1;2;-23,21359807;-46,59367981;"SPRF-SP";"DEL03-SP";"UOP01-DEL03-SP"
204786;2019-04-21;"domingo";"17:00:00";"PR";476;127;"CURITIBA";"Falta de Atenção à Condução";"Colisão com objeto estático";"Sem Vítimas";"Anoitecer";"Decrescente";"Chuva";"Dupla";"Curva";"Sim";2;0;0;0;0;2;0;2;-25,425167;-49,227158;"SPRF-PR";"DEL01-PR";"UOP07-DEL01-PR"
204787;2019-04-21;"domingo";"19:30:00";"PR";116;166;"QUITANDINHA";"Ingestão de Álcool";"Colisão traseira";"Com Vítimas Feridas";"Plena Noite";"Decrescente";"Chuva";"Simples";"Reta";"Não";10;0;6;0;4;0;6;4;-25,86521941;-49,44583693;"SPRF-PR";"DEL01-PR";"UOP03-DEL01-PR"