"id";"data_inversa";"dia_semana";"horario";"uf";"br";"km";"municipio";"causa_acidente";"tipo_acidente";"classificacao_acidente";"fase_dia";"sentido_via";"condicao_metereologica";"tipo_pista";"tracado_via";"uso_solo";"pessoas";"mortos";"feridos_leves";"feridos_graves";"ilesos";"ignorados";"feridos";"veiculos";"latitude";"longitude";"regional";"delegacia";"uop"
205019;2019-04-22;"segunda-feira";"18:58:00";"PR";116;39;"CAMPINA GRANDE DO SUL";"Velocidade Incompatível";"Saída de leito carroçável";"Com Vítimas Feridas";"Anoitecer";"Crescente";"Garoa/Chuvisco";"Dupla";"Aclive;Reta";"Sim";1;0;1;0;0;0;1;1;-25,156168;-48,8613401;"SPRF-PR";"DEL01-PR";"UOP02-DEL01-PR"
205020;2019-04-22;"segunda-feira";"18:35:00";"SC";101;381;"ICARA";"Restrição de Visibilidade";"Colisão lateral";"Com Vítimas Feridas";"Plena Noite";"Decrescente";"Garoa/Chuvisco";"Dupla";"Aclive";"Sim";2;0;1;0;1;0;1;2;-28,75478409;-49,27732095;"SPRF-SC";"DEL02-SC";"UOP02-DEL02-SC"
205022;2019-04-22;"segunda-feira";"19:20:00";"SC";470;72;"INDAIAL";"Desobediência às normas de trânsito pelo condutor";"Colisão frontal";"Com Vítimas Feridas";"Plena Noite";"Decrescente";"Céu Claro";"Simples";"Reta";"Sim";3;0;0;3;0;0;3;2;-26,901979;-49,268745;"SPRF-SC";"DEL04-SC";"UOP01-DEL04-SC"
205023;2019-04-22;"segunda-feira";"19:10:00";"PB";230;377,3;"CONDADO";"Falta de Atenção à Condução";"Colisão transversal";"Com Vítimas Feridas";"Plena Noite";"Crescente";"Céu Claro";"Simples";"Reta";"Não";3;0;0;2;1;0;2;2;-6,912731;-37,613205;"SPRF-PB";"DEL03-PB";"UOP02-DEL03-PB"
205024;2019-04-22;"segunda-feira";"18:00:00";"MT";364;202;"RONDONOPOLIS";"Ingestão de Álcool";"Colisão traseira";"Sem Vítimas";"Plena Noite";"Crescente";"Céu Claro";"Dupla";"Reta";"Sim";3;0;0;0;3;0;0;3;-16,48347324;-54,64970354;"SPRF-MT";"DEL02-MT";"UOP01-DEL02-MT"
205025;2019-04-22;"segunda-feira";"18:30:00";"GO";153;508,7;"APARECIDA DE GOIANIA";"Restrição de Visibilidade";"Colisão traseira";"Com Vítimas Feridas";"Plena Noite";"Crescente";"Chuva";"Dupla";"Curva";"Não";2;0;1;1;0;0;2;2;-16,77706037;-49,23690503;"SPRF-GO";"DEL01-GO";"UOP03-DEL01-GO"
205026;2019-04-22;"segunda-feira";"18:20:00";"PE";101;38,5;"ITAPISSUMA";"Falta de Atenção à Condução";"Colisão lateral";"Com Vítimas Feridas";"Plena Noite";"Decrescente";"Céu Claro";"Dupla";"Reta";"Não";1;0;1;0;0;0;1;1;-7,80600806;-34,92522908;"SPRF-PE";"DEL01-PE";"UOP02-DEL01-PE"
205027;2019-04-22;"segunda-feira";"18:50:00";"CE";222;312,6;"TIANGUA";"Falta de Atenção do Pedestre";"Atropelamento de Pedestre";"Com Vítimas Feridas";"Plena Noite";"Decrescente";"Céu Claro";"Simples";"Reta";"Sim";2;0;0;1;1;0;1;2;-3,71699311;-40,9914242;"SPRF-CE";"DEL04-CE";"UOP02-DEL04-CE"
205028;2019-04-22;"segunda-feira";"18:40:00";"MG";262;354,7;"BETIM";"Defeito Mecânico no Veículo";"Queda de ocupante de veículo";"Com Vítimas Feridas";"Plena Noite";"Crescente";"Céu Claro";"Dupla";"Reta";"Sim";4;0;2;0;2;0;2;3;-19,96216513;-44,16346396;"SPRF-MG";"DEL01-MG";"UOP03-DEL01-MG"
205030;2019-04-22;"segunda-feira";"18:50:00";"PR";277;113;"CAMPO LARGO";"Falta de Atenção à Condução";"Colisão lateral";"Sem Vítimas";"Plena Noite";"Decrescente";"Céu Claro";"Dupla";"Retorno Regulamentado";"Sim";2;0;0;0;2;0;0;2;-25,42970087;-49,37850986;"SPRF-PR";"DEL01-PR";"UOP06-DEL01-PR"
205031;2019-04-22;"segunda-feira";"18:30:00";"GO";60;165,3;"ABADIA DE GOIAS";"Pista Escorregadia";"Saída de leito carroçável";"Com Vítimas Feridas";"Anoitecer";"Crescente";"Chuva";"Dupla";"Reta";"Não";1;0;1;0;0;0;1;1;-16,74020307;-49,41108495;"SPRF-GO";"DEL01-GO";"UOP02-DEL01-GO"
205033;2019-04-22;"segunda-feira";"16:30:00";"RS";287;355;"JAGUARI";"Desobediência às normas de trânsito pelo condutor";"Colisão transversal";"Sem Vítimas";"Pleno dia";"Decrescente";"Céu Claro";"Simples";"Curva";"Não";5;0;0;0;5;0;0;2;-29,48279257;-54,68959808;"SPRF-RS";"DEL12-RS";"UOP02-DEL12-RS"
205034;2019-03-11;"segunda-feira";"11:45:00";"BA";101;457;"URUCUCA";"Velocidade Incompatível";"Saída de leito carroçável";"Com Vítimas Feridas";"Pleno dia";"Crescente";"Céu Claro";"Simples";"Reta";"Não";3;0;1;2;0;0;3;1;-14,5094199;-39,33219556;"SPRF-BA";"DEL05-BA";"UOP01-DEL05-BA"
205035;2019-04-22;"segunda-feira";"19:45:00";"RJ";116;144;"DUQUE DE CAXIAS";"Falta de Atenção à Condução";"Colisão lateral";"Sem Vítimas";"Plena Noite";"Crescente";"Céu Claro";"Dupla";"Curva";"Sim";2;0;0;0;2;0;0;2;-22,65737709;-43,24724694;"SPRF-RJ";"DEL04-RJ";"UOP02-DEL04-RJ"
205036;2019-04-22;"segunda-feira";"19:15:00";"PR";158;503;"CORONEL VIVIDA";"Falta de Atenção à Condução";"Colisão transversal";"Com Vítimas Feridas";"Plena Noite";"Decrescente";"Nublado";"Simples";"Rotatória";"Sim";4;0;1;0;3;0;1;2;-26,00449283;-52,56494522;"SPRF-PR";"DEL02-PR";"UOP01-DEL02-PR"
205037;2019-04-22;"segunda-feira";"18:00:00";"AC";364;135;"RIO BRANCO";"Falta de Atenção à Condução";"Queda de ocupante de veículo";"Com Vítimas Feridas";"Plena Noite";"Crescente";"Nublado";"Dupla";"Rotatória";"Sim";2;0;2;0;0;0;2;1;-9,98588117;-67,84523538;"SPRF-AC";"DEL01-AC";"UOP01-DEL01-AC"
205039;2019-04-22;"segunda-feira";"18:20:00";"PI";316;18,9;"TERESINA";"Avarias e/ou desgaste excessivo no pneu";"Saída de leito carroçável";"Com Vítimas Feridas";"Plena Noite";"Decrescente";"Nublado";"Simples";"Curva";"Não";1;0;1;0;0;0;1;1;-5,24477179;-42,73465177;"SPRF-PI";"DEL01-PI";"UOP02-DEL01-PI"
205041;2019-04-22;"segunda-feira";"15:00:00";"PE";407;114,1;"PETROLINA";"Condutor Dormindo";"Capotamento";"Com Vítimas Fatais";"Pleno dia";"Crescente";"Céu Claro";"Simples";"Reta";"Não";3;1;2;0;0;0;2;1;-9,29122319;-40,58707131;"SPRF-PE";"DEL06-PE";"UOP02-DEL06-PE"
205042;2019-04-22;"segunda-feira";"20:10:00";"SP";153;64,4;"SAO JOSE DO RIO PRETO";"Ingestão de Álcool";"Atropelamento de Pedestre";"Com Vítimas Feridas";"Plena Noite";"Decrescente";"Céu Claro";"Dupla";"Reta";"Sim";9;0;1;0;8;0;1;2;-20,82919401;-49,36046325;"SPRF-SP";"DEL09-SP";"UOP01-DEL09-SP"
205043;2019-04-22;"segunda-feira";"20:20:00";"PR";277;116;"CAMPO LARGO";"Falta de Atenção à Condução";"Queda de ocupante de veículo";"Com Vítimas Feridas";"Plena Noite";"Decrescente";"Céu Claro";"Dupla";"Reta";"Sim";1;0;1;0;0;0;1;1;-25,43881147;-49,51265574;"SPRF-PR";"DEL01-PR";"UOP06-DEL01-PR"
205044;2019-04-22;"segunda-feira";"15:40:00";"RO";364;426;"JARU";"Falta de Atenção à Condução";"Colisão traseira";"Com Vítimas Feridas";"Pleno dia";"Crescente";"Céu Claro";"Simples";"Reta";"Não";3;0;1;0;2;0;1;2;-10,432443;-62,479584;"SPRF-RO";"DEL03-RO";"UOP02-DEL03-RO"
205045;2019-04-22;"segunda-feira";"19:25:00";"RS";470;218;"BENTO GONCALVES";"Falta de Atenção à Condução";"Colisão transversal";"Com Vítimas Feridas";"Plena Noite";"Decrescente";"Nublado";"Simples";"Reta;Aclive";"Sim";2;0;1;0;1;0;1;2;-29,1824128;-51,52013194;"SPRF-RS";"DEL06-RS";"UOP01-DEL06-RS"
205046;2019-04-22;"segunda-feira";"20:50:00";"PE";408;98,4;"SAO LOURENCO DA MATA";"Não guardar distância de segurança";"Colisão traseira";"Sem Vítimas";"Plena Noite";"Decrescente";"Nublado";"Dupla";"Reta";"Não";2;0;0;0;1;1;0;2;-8,03598572;-35,03218461;"SPRF-PE";"DEL01-PE";"UOP01-DEL01-PE"
205048;2019-04-22;"segunda-feira";"21:10:00";"MG";381;499,2;"BETIM";"Falta de Atenção à Condução";"Tombamento";"Com Vítimas Feridas";"Plena Noite";"Crescente";"Céu Claro";"Dupla";"Reta";"Sim";1;0;1;0;0;0;1;1;-20,01792651;-44,2261448;"SPRF-MG";"DEL01-MG";"UOP03-DEL01-MG"
205049;2019-04-22;"segunda-feira";"19:50:00";"ES";262;47,1;"MARECHAL FLORIANO";"Ingestão de álcool e/ou substâncias psicoativas pelo pedestre";"Atropelamento de Pedestre";"Com Vítimas Feridas";"Plena Noite";"Crescente";"Céu Claro";"Simples";"Reta";"Sim";2;0;1;0;0;1;1;2;-20,41130252;-40,67926543;"SPRF-ES";"DEL01-ES";"UOP01-DEL01-ES"
205050;2019-04-22;"segunda-feira";"20:50:00";"MG";365;92,6;"JEQUITAI";"Animais na Pista";"Atropelamento de Animal";"Com Vítimas Feridas";"Plena Noite";"Decrescente";"Céu Claro";"Simples";"Aclive;Reta";"Não";1;0;0;1;0;0;1;1;-17,21604745;-44,45298992;"SPRF-MG";"DEL12-MG";"UOP01-DEL12-MG"
205051;2019-04-22;"segunda-feira";"21:00:00";"PE";232;29,8;"MORENO";"Velocidade Incompatível";"Capotamento";"Sem Vítimas";"Plena Noite";"Decrescente";"Chuva";"Dupla";"Declive";"Não";1;0;0;0;0;1;0;1;-8,11191765;-35,10836516;"SPRF-PE";"DEL01-PE";"UOP02-DEL02PE"
205052;2019-04-22;"segunda-feira";"21:30:00";"PR";116;10;"COLOMBO";"Falta de Atenção à Condução";"Saída de leito carroçável";"Com Vítimas Feridas";"Plena Noite";"Crescente";"Nublado";"Dupla";"Reta";"Sim";1;0;1;0;0;0;1;1;-25,3719;-49,134;"SPRF-PR";"DEL01-PR";"UOP02-DEL01-PR"
205053;2019-04-22;"segunda-feira";"14:40:00";"SC";282;379,3;"HERVAL DOESTE";"Falta de Atenção à Condução";"Colisão lateral";"Com Vítimas Feridas";"Pleno dia";"Decrescente";"Garoa/Chuvisco";"Simples";"Interseção de Vias";"Não";2;0;0;1;1;0;1;2;-27,214668;-51,489677;"SPRF-SC";"DEL07-SC";"UOP05-DEL07-SC"
205054;2019-04-22;"segunda-feira";"20:30:00";"RS";470;202,7;"BENTO GONCALVES";"Falta de Atenção à Condução";"Colisão traseira";"Sem Vítimas";"Plena Noite";"Decrescente";"Ignorado";"Simples";"Reta";"Não";2;0;0;0;2;0;0;2;-29,07677887;-51,58496599;"SPRF-RS";"DEL06-RS";"UOP02-DEL06-RS"
205056;2019-04-22;"segunda-feira";"21:30:00";"MG";365;623;"UBERLANDIA";"Pista Escorregadia";"Saída de leito carroçável";"Com Vítimas Feridas";"Pleno dia";"Decrescente";"Chuva";"Dupla";"Curva";"Sim";1;0;1;0;0;0;1;1;-18,9100325;-48,30694985;"SPRF-MG";"DEL15-MG";"UOP01-DEL15-MG"
205057;2019-04-22;"segunda-feira";"22:00:00";"RS";290;31,2;"SANTO ANTONIO DA PATRULHA";"Falta de Atenção à Condução";"Saída de leito carroçável";"Com Vítimas Feridas";"Plena Noite";"Decrescente";"Nublado";"Múltipla";"Reta";"Não";4;0;3;0;1;0;3;1;-29,883911;-50,565765;"SPRF-RS";"DEL03-RS";"UOP01-DEL03-RS"
205060;2019-04-22;"segunda-feira";"22:25:00";"SC";280;48,3;"GUARAMIRIM";"Falta de Atenção à Condução";"Capotamento";"Sem Vítimas";"Plena Noite";"Decrescente";"Chuva";"Simples";"Reta";"Sim";1;0;0;0;1;0;0;1;-26,45635813;-48,93061638;"SPRF-SC";"DEL03-SC";"UOP03-DEL03-SC"
205061;2019-04-22;"segunda-feira";"22:17:00";"PR";116;97,1;"PIRAQUARA";"Avarias e/ou desgaste excessivo no pneu";"Queda de ocupante de veículo";"Com Vítimas Feridas";"Plena Noite";"Decrescente";"Céu Claro";"Dupla";"Reta";"Não";2;0;2;0;0;0;2;1;-25,51232495;-49,12871007;"SPRF-PR";"DEL01-PR";"UOP07-DEL01-PR"
205062;2019-04-22;"segunda-feira";"22:00:00";"MG";40;492,8;"ESMERALDAS";"Não guardar distância de segurança";"Saída de leito carroçável";"Com Vítimas Feridas";"Plena Noite";"Decrescente";"Céu Claro";"Dupla";"Declive;Reta";"Não";1;0;1;0;0;0;1;1;-19,63737896;-44,20372986;"SPRF-MG";"DEL02-MG";"UOP01-DEL02-MG"
205063;2019-04-22;"segunda-feira";"14:45:00";"SC";282;416,4;"CATANDUVAS";"Sinalização da via insuficiente ou inadequada";"Colisão traseira";"Com Vítimas Feridas";"Pleno dia";"Crescente";"Garoa/Chuvisco";"Simples";"Reta";"Não";2;0;1;0;1;0;1;2;-27,037748;-51,718472;"SPRF-SC";"DEL07-SC";"UOP05-DEL07-SC"
205064;2019-04-22;"segunda-feira";"21:50:00";"SC";101;207;"SAO JOSE";"Desobediência às normas de trânsito pelo condutor";"Engavetamento";"Com Vítimas Feridas";"Plena Noite";"Crescente";"Chuva";"Múltipla";"Reta";"Sim";12;0;4;0;8;0;4;9;-27,59193546;-48,61824557;"SPRF-SC";"DEL01-SC";"UOP01-DEL01-SC"
205065;2019-04-22;"segunda-feira";"19:00:00";"RJ";40;101;"DUQUE DE CAXIAS";"Desobediência às normas de trânsito pelo condutor";"Colisão frontal";"Com Vítimas Feridas";"Plena Noite";"Crescente";"Céu Claro";"Simples";"Reta";"Sim";2;0;2;0;0;0;2;2;-22,60703831;-43,28784943;"SPRF-RJ";"DEL06-RJ";"UOP01-DEL06-RJ"
205066;2019-04-22;"segunda-feira";"22:15:00";"PB";230;2,8;"CABEDELO";"Falta de Atenção à Condução";"Colisão traseira";"Com Vítimas Feridas";"Plena Noite";"Decrescente";"Céu Claro";"Dupla";"Reta";"Sim";3;0;1;1;0;1;2;2;-6,9837;-34,8295;"SPRF-PB";"DEL01-PB";"UOP01-DEL01-PB"
205068;2019-04-22;"segunda-feira";"18:20:00";"RJ";101;295;"ITABORAI";"Defeito Mecânico no Veículo";"Incêndio";"Com Vítimas Feridas";"Anoitecer";"Crescente";"Nublado";"Múltipla";"Reta";"Sim";3;0;2;0;1;0;2;1;-22,76365068;-42,90223623;"SPRF-RJ";"DEL02-RJ";"DEL5/2-UOP04/RJ"
205070;2019-04-22;"segunda-feira";"22:30:00";"MG";381;243,7;"SANTANA DO PARAISO";"Falta de Atenção à Condução";"Colisão frontal";"Com Vítimas Feridas";"Plena Noite";"Crescente";"Ignorado";"Simples";"Reta";"Não";6;0;4;2;0;0;6;2;-19,4362998;-42,50986437;"SPRF-MG";"DEL06-MG";"UOP01-DEL06-MG"
205071;2019-04-21;"domingo";"17:40:00";"RS";290;231,5;"RIO PARDO";"Falta de Atenção à Condução";"Saída de leito carroçável";"Sem Vítimas";"Pleno dia";"Decrescente";"Nublado";"Simples";"Reta";"Não";1;0;0;0;1;0;0;1;-30,211132;-52,530178;"SPRF-RS";"DEL02-RS";"UOP02-DEL02-RS"
205072;2019-04-22;"segunda-feira";"18:15:00";"SC";101;327,2;"CAPIVARI DE BAIXO";"Desobediência às normas de trânsito pelo condutor";"Colisão transversal";"Com Vítimas Feridas";"Plena Noite";"Decrescente";"Chuva";"Simples";"Rotatória;Viaduto";"Sim";2;0;0;1;1;0;1;2;-28,43023306;-48,95205197;"SPRF-SC";"DEL02-SC";"UOP01-DEL02-SC"
205076;2019-04-23;"terça-feira";"00:55:00";"MG";40;801;"MATIAS BARBOSA";"Falta de Atenção à Condução";"Saída de leito carroçável";"Com Vítimas Feridas";"Plena Noite";"Decrescente";"Céu Claro";"Dupla";"Reta";"Não";4;0;1;0;3;0;1;1;-21,84672919;-43,37899486;"SPRF-MG";"DEL05-MG";"UOP01-DEL05-MG"
205077;2019-04-23;"terça-feira";"01:10:00";"SC";470;10,1;"NAVEGANTES";"Desobediência às normas de trânsito pelo condutor";"Colisão transversal";"Com Vítimas Feridas";"Plena Noite";"Crescente";"Nublado";"Simples";"Reta";"Sim";2;0;2;0;0;0;2;2;-26,83377878;-48,73850584;"SPRF-SC";"DEL04-SC";"UOP04-DEL04-SC"
205078;2019-04-23;"terça-feira";"02:00:00";"RJ";116;308;"RESENDE";"Ingestão de Álcool";"Colisão traseira";"Sem Vítimas";"Plena Noite";"Decrescente";"Céu Claro";"Dupla";"Reta";"Não";4;0;0;0;3;1;0;3;-22,45783299;-44,418685;"SPRF-RJ";"DEL07-RJ";"DEL5/7-UOP03/RJ"
205079;2019-04-22;"segunda-feira";"19:00:00";"BA";101;762,1;"ITABELA";"Falta de Atenção à Condução";"Colisão frontal";"Com Vítimas Fatais";"Plena Noite";"Crescente";"Céu Claro";"Simples";"Reta";"Não";2;1;0;1;0;0;1;2;-16,851176;-39,49120135;"SPRF-BA";"DEL09-BA";"UOP01-DEL09-BA"
205081;2019-04-23;"terça-feira";"03:30:00";"SC";282;507;"XANXERE";"Ingestão de Álcool";"Saída de leito carroçável";"Com Vítimas Feridas";"Plena Noite";"Crescente";"Céu Claro";"Dupla";"Rotatória";"Não";1;0;0;1;0;0;1;1;-26,886171;-52,43911;"SPRF-SC";"DEL07-SC";"UOP01-DEL07-SC"
205084;2019-04-23;"terça-feira";"05:35:00";"ES";101;33;"CONCEICAO DA BARRA";"Desobediência às normas de trânsito pelo condutor";"Colisão frontal";"Com Vítimas Feridas";"Amanhecer";"Crescente";"Nublado";"Simples";"Aclive;Reta";"Não";5;0;2;3;0;0;5;2;-18,43474232;-39,933535;"SPRF-ES";"DEL04-ES";"UOP02-DEL04-ES"
205088;2019-04-23;"terça-feira";"05:50:00";"MA";10;251,3;"IMPERATRIZ";"Não guardar distância de segurança";"Colisão traseira";"Com Vítimas Feridas";"Pleno dia";"Crescente";"Céu Claro";"Simples";"Reta";"Sim";2;0;1;0;1;0;1;2;-5,54078583;-47,46582448;"SPRF-MA";"DEL04-MA";"UOP01-DEL04-MA"
205090;2019-04-23;"terça-feira";"06:00:00";"PE";232;66;"GRAVATA";"Avarias e/ou desgaste excessivo no pneu";"Colisão com objeto estático";"Com Vítimas Feridas";"Pleno dia";"Crescente";"Céu Claro";"Dupla";"Reta";"Não";1;0;1;0;0;0;1;1;-8,16707371;-35,45583389;"SPRF-PE";"DEL01-PE";"UOP02-DEL02PE"
205092;2019-04-22;"segunda-feira";"22:30:00";"GO";50;165,8;"CAMPO ALEGRE DE GOIAS";"Falta de Atenção à Condução";"Capotamento";"Com Vítimas Feridas";"Amanhecer";"Decrescente";"Céu Claro";"Dupla";"Curva";"Não";1;0;1;0;0;0;1;1;-17,3036;-47,7611;"SPRF-GO";"DEL06-GO";"UOP01-DEL06-GO"
205093;2019-04-23;"terça-feira";"05:50:00";"PR";369;177;"ROLANDIA";"Desobediência às normas de trânsito pelo condutor";"Colisão transversal";"Com Vítimas Feridas";"Amanhecer";"Crescente";"Céu Claro";"Simples";"Interseção de Vias";"Sim";2;0;1;0;1;0;1;2;-23,3366735;-51,3882968;"SPRF-PR";"DEL07-PR";"UOP01-DEL07-PR"
205094;2019-04-23;"terça-feira";"05:30:00";"PR";116;110;"CURITIBA";"Defeito Mecânico no Veículo";"Incêndio";"Sem Vítimas";"Amanhecer";"Decrescente";"Nublado";"Dupla";"Reta";"Sim";1;0;0;0;1;0;0;1;-25,562058;-49,26014;"SPRF-PR";"DEL01-PR";"UOP07-DEL01-PR"
205096;2019-04-23;"terça-feira";"05:40:00";"PE";232;58;"POMBOS";"Falta de Atenção à Condução";"Colisão traseira";"Com Vítimas Feridas";"Amanhecer";"Decrescente";"Céu Claro";"Dupla";"Reta";"Sim";2;0;1;0;1;0;1;2;-8,14462866;-35,39034714;"SPRF-PE";"DEL01-PE";"UOP02-DEL02PE"
205098;2019-04-23;"terça-feira";"06:20:00";"PE";101;66,3;"RECIFE";"Falta de Atenção à Condução";"Colisão com objeto estático";"Sem Vítimas";"Pleno dia";"Crescente";"Nublado";"Dupla";"Viaduto";"Sim";1;0;0;0;0;1;0;1;-8,040282;-34,942438;"SPRF-PE";"DEL01-PE";"UOP01-DEL01-PE"
205099;2019-04-23;"terça-feira";"05:45:00";"RJ";101;508;"ANGRA DOS REIS";"Desobediência às normas de trânsito pelo condutor";"Colisão lateral";"Sem Vítimas";"Amanhecer";"Decrescente";"Céu Claro";"Simples";"Reta";"Não";2;0;0;0;2;0;0;2;-22,94574762;-44,43214417;"SPRF-RJ";"DEL03-RJ";"UOP02-DEL03-RJ"
205103;2019-04-23;"terça-feira";"06:00:00";"SC";101;389,9;"CRICIUMA";"Falta de Atenção à Condução";"Colisão transversal";"Com Vítimas Feridas";"Plena Noite";"Crescente";"Nublado";"Múltipla";"Reta";"Sim";2;0;2;0;0;0;2;2;-28,79023471;-49,34585818;"SPRF-SC";"DEL02-SC";"UOP02-DEL02-SC"
205104;2019-04-23;"terça-feira";"07:03:00";"SC";282;3,5;"FLORIANOPOLIS";"Desobediência às normas de trânsito pelo condutor";"Colisão traseira";"Com Vítimas Feridas";"Pleno dia";"Decrescente";"Nublado";"Dupla";"Reta";"Sim";2;0;1;0;1;0;1;2;-27,59973371;-48,60016286;"SPRF-SC";"DEL01-SC";"UOP01-DEL01-SC"
205105;2019-04-23;"terça-feira";"07:20:00";"SE";101;88,5;"NOSSA SENHORA DO SOCORRO";"Falta de Atenção à Condução";"Colisão transversal";"Com Vítimas Feridas";"Pleno dia";"Decrescente";"Nublado";"Dupla";"Reta";"Não";2;0;2;0;0;0;2;2;-10,87113297;-37,1344637;"SPRF-SE";"DEL01-SE";"UOP01-DEL01-SE"
205106;2019-04-23;"terça-feira";"07:25:00";"CE";116;3;"FORTALEZA";"Falta de Atenção à Condução";"Colisão traseira";"Com Vítimas Feridas";"Pleno dia";"Decrescente";"Chuva";"Múltipla";"Reta";"Sim";2;0;1;0;1;0;1;2;-3,77866493;-38,51490171;"SPRF-CE";"DEL01-CE";"UOP02-DEL01-CE"
205108;2019-04-23;"terça-feira";"07:50:00";"RS";285;293,4;"PASSO FUNDO";"Não guardar distância de segurança";"Colisão traseira";"Com Vítimas Feridas";"Amanhecer";"Decrescente";"Céu Claro";"Simples";"Ponte";"Sim";4;0;1;0;2;1;1;3;-28,23540176;-52,41478443;"SPRF-RS";"DEL08-RS";"UOP03-DEL08-RS"
205110;2019-04-23;"terça-feira";"06:30:00";"PR";476;129,8;"CURITIBA";"Desobediência às normas de trânsito pelo condutor";"Colisão frontal";"Com Vítimas Fatais";"Pleno dia";"Crescente";"Nublado";"Múltipla";"Reta;Declive";"Sim";4;1;0;0;2;1;0;3;-25,440983;-49,233715;"SPRF-PR";"DEL01-PR";"UOP07-DEL01-PR"
205112;2019-04-23;"terça-feira";"08:15:00";"MG";381;491;"BETIM";"Carga excessiva e/ou mal acondicionada";"Colisão com objeto em movimento";"Com Vítimas Feridas";"Pleno dia";"Decrescente";"Céu Claro";"Simples";"Reta";"Não";2;0;1;0;1;0;1;2;-19,97018187;-44,18210416;"SPRF-MG";"DEL01-MG";"UOP03-DEL01-MG"
205113;2019-02-23;"sábado";"03:05:00";"ES";101;376;"ICONHA";"Ingestão de Álcool";"Colisão lateral";"Sem Vítimas";"Plena Noite";"Decrescente";"Céu Claro";"Simples";"Curva";"Sim";2;0;0;0;1;1;0;2;-20,7348143;-40,75282227;"SPRF-ES";"DEL03-ES";"UOP01-DEL03-ES"
205114;2019-04-23;"terça-feira";"05:00:00";"PR";277;63;"SAO JOSE DOS PINHAIS";"Defeito Mecânico no Veículo";"Incêndio";"Sem Vítimas";"Plena Noite";"Decrescente";"Ignorado";"Dupla";"Reta";"Não";1;0;0;0;0;1;0;1;-25,56100984;-49,01719293;"SPRF-PR";"DEL01-PR";"UOP07-DEL01-PR"
205115;2019-04-23;"terça-feira";"08:30:00";"RN";101;98;"NATAL";"Falta de Atenção à Condução";"Colisão traseira";"Com Vítimas Feridas";"Pleno dia";"Decrescente";"Céu Claro";"Dupla";"Reta;Declive";"Sim";2;0;1;0;1;0;1;2;-5,86567888;-35,21651625;"SPRF-RN";"DEL01-RN";"UOP01-DEL01-RN"
205118;2019-04-23;"terça-feira";"08:25:00";"GO";40;24,4;"LUZIANIA";"Falta de Atenção à Condução";"Colisão transversal";"Com Vítimas Feridas";"Pleno dia";"Crescente";"Céu Claro";"Dupla";"Interseção de Vias";"Sim";2;0;1;0;1;0;1;2;-16,252738;-47,900437;"SPRF-DF";"DEL01-DF";"UOP01-DEL01-DF"
205119;2019-04-23;"terça-feira";"08:19:00";"MG";50;51;"ARAGUARI";"Falta de Atenção à Condução";"Colisão transversal";"Sem Vítimas";"Pleno dia";"Decrescente";"Nublado";"Múltipla";"Aclive";"Não";2;0;0;0;2;0;0;2;-18,74433705;-48,2313459;"SPRF-MG";"DEL15-MG";"UOP02-DEL15-MG"
205120;2019-04-23;"terça-feira";"08:20:00";"RN";101;95,4;"NATAL";"Não guardar distância de segurança";"Colisão traseira";"Sem Vítimas";"Pleno dia";"Decrescente";"Céu Claro";"Múltipla";"Reta";"Sim";2;0;0;0;2;0;0;2;-5,84076841;-35,21035949;"SPRF-RN";"DEL01-RN";"UOP01-DEL01-RN"
205121;2019-04-20;"sábado";"00:30:00";"RJ";101;293;"ITABORAI";"Defeito Mecânico no Veículo";"Tombamento";"Com Vítimas Feridas";"Plena Noite";"Decrescente";"Céu Claro";"Dupla";"Curva";"Não";1;0;1;0;0;0;1;1;-22,756203;-42,88724;"SPRF-RJ";"DEL02-RJ";"DEL5/2-UOP04/RJ"
205126;2019-04-23;"terça-feira";"08:45:00";"PB";230;19,1;"JOAO PESSOA";"Desobediência às normas de trânsito pelo condutor";"Colisão lateral";"Com Vítimas Feridas";"Pleno dia";"Decrescente";"Sol";"Dupla";"Curva";"Sim";2;0;1;0;0;1;1;2;-7,1281;-34,8466;"SPRF-PB";"DEL01-PB";"UOP01-DEL01-PB"
205129;2019-04-23;"terça-feira";"11:29:00";"ES";101;144,2;"LINHARES";"Desobediência às normas de trânsito pelo condutor";"Colisão transversal";"Com Vítimas Feridas";"Pleno dia";"Decrescente";"Sol";"Múltipla";"Reta;Interseção de Vias";"Sim";3;0;2;1;0;0;3;2;-19,35188295;-40,0636685;"SPRF-ES";"DEL04-ES";"UOP01-DEL04-ES"
205133;2019-04-23;"terça-feira";"12:10:00";"RS";116;236;"NOVO HAMBURGO";"Falta de Atenção à Condução";"Colisão lateral";"Com Vítimas Feridas";"Pleno dia";"Crescente";"Sol";"Dupla";"Reta";"Sim";1;0;0;1;0;0;1;1;-29,66938502;-51,14304731;"SPRF-RS";"DEL01-RS";"UOP02-DEL01-RS"
205135;2019-04-23;"terça-feira";"12:30:00";"GO";40;2;"VALPARAISO DE GOIAS";"Falta de Atenção à Condução";"Colisão transversal";"Com Vítimas Feridas";"Pleno dia";"Decrescente";"Céu Claro";"Dupla";"Reta";"Sim";2;0;1;0;1;0;1;2;-16,067129;-47,984235;"SPRF-DF";"DEL01-DF";"UOP01-DEL01-DF"