"id";"data_inversa";"dia_semana";"horario";"uf";"br";"km";"municipio";"causa_acidente";"tipo_acidente";"classificacao_acidente";"fase_dia";"sentido_via";"condicao_metereologica";"tipo_pista";"tracado_via";"uso_solo";"pessoas";"mortos";"feridos_leves";"feridos_graves";"ilesos";"ignorados";"feridos";"veiculos";"latitude";"longitude";"regional";"delegacia";"uop"
205136;2019-04-23;"terça-feira";"12:42:00";"RJ";40;56;"PETROPOLIS";"Velocidade Incompatível";"Colisão com objeto estático";"Com Vítimas Feridas";"Pleno dia";"Crescente";"Céu Claro";"Dupla";"Curva";"Sim";3;0;1;0;2;0;1;1;-22,36179383;-43,12627244;"SPRF-RJ";"DEL06-RJ";"UOP01-DEL06-RJ"
205137;2019-04-23;"terça-feira";"12:33:00";"ES";101;286,9;"CARIACICA";"Desobediência às normas de trânsito pelo condutor";"Colisão transversal";"Com Vítimas Feridas";"Pleno dia";"Crescente";"Céu Claro";"Dupla";"Retorno Regulamentado";"Sim";2;0;0;1;1;0;1;2;-20,25902175;-40,37753412;"SPRF-ES";"DEL01-ES";"UOP01-DEL01-ES"
205138;2019-04-23;"terça-feira";"06:55:00";"MT";70;731;"CACERES";"Falta de Atenção à Condução";"Colisão transversal";"Com Vítimas Feridas";"Pleno dia";"Crescente";"Céu Claro";"Simples";"Rotatória";"Sim";2;0;1;0;1;0;1;2;-16,09323713;-57,67929246;"SPRF-MT";"DEL03-MT";"UOP01-DEL03-MT"
205140;2019-04-23;"terça-feira";"12:45:00";"DF";60;17,1;"BRASILIA";"Pista Escorregadia";"Saída de leito carroçável";"Com Vítimas Feridas";"Pleno dia";"Decrescente";"Chuva";"Dupla";"Reta";"Não";1;0;1;0;0;0;1;1;-15,960484;-48,178028;"SPRF-DF";"DEL01-DF";"UOP01-DEL03-DF"
205141;2019-04-23;"terça-feira";"12:45:00";"MT";163;741,2;"SORRISO";"Defeito Mecânico no Veículo";"Saída de leito carroçável";"Com Vítimas Feridas";"Pleno dia";"Crescente";"Nublado";"Simples";"Reta";"Não";1;0;1;0;0;0;1;1;-12,74095894;-55,83175247;"SPRF-MT";"DEL06-MT";"UOP01-DEL06-MT"
205144;2019-03-06;"quarta-feira";"15:30:00";"MT";70;517;"VARZEA GRANDE";"Falta de Atenção à Condução";"Colisão transversal";"Sem Vítimas";"Pleno dia";"Crescente";"Céu Claro";"Simples";"Rotatória";"Sim";2;0;0;0;2;0;0;2;-15,67656485;-56,17594034;"SPRF-MT";"DEL01-MT";"DEL2/4-UOP02/MT"
205145;2019-04-23;"terça-feira";"10:00:00";"SC";101;160,5;"PORTO BELO";"Objeto estático sobre o leito carroçável";"Tombamento";"Com Vítimas Feridas";"Pleno dia";"Decrescente";"Nublado";"Dupla";"Reta";"Não";1;0;1;0;0;0;1;1;-27,20831288;-48,61987922;"SPRF-SC";"DEL04-SC";"UOP03-DEL04-SC"
205147;2019-04-23;"terça-feira";"12:50:00";"RO";364;708;"PORTO VELHO";"Avarias e/ou desgaste excessivo no pneu";"Saída de leito carroçável";"Sem Vítimas";"Pleno dia";"Decrescente";"Chuva";"Múltipla";"Reta";"Sim";1;0;0;0;1;0;0;1;-8,79554083;-63,84072487;"SPRF-RO";"DEL01-RO";"UOP01-DEL01-RO"
205149;2019-04-23;"terça-feira";"14:20:00";"GO";60;127;"GOIANAPOLIS";"Fenômenos da Natureza";"Saída de leito carroçável";"Com Vítimas Feridas";"Pleno dia";"Crescente";"Chuva";"Dupla";"Aclive";"Não";1;0;1;0;0;0;1;1;-16,5412;-49,1495;"SPRF-GO";"DEL01-GO";"UOP01-DEL01-GO"
205150;2019-04-23;"terça-feira";"14:10:00";"MG";40;589,4;"ITABIRITO";"Avarias e/ou desgaste excessivo no pneu";"Saída de leito carroçável";"Com Vítimas Feridas";"Pleno dia";"Decrescente";"Chuva";"Simples";"Reta;Declive";"Não";1;0;1;0;0;0;1;1;-20,3591;-43,90992896;"SPRF-MG";"DEL01-MG";"UOP02-DEL01-MG"
205151;2019-04-23;"terça-feira";"14:25:00";"RN";110;49;"MOSSORO";"Desobediência às normas de trânsito pelo condutor";"Queda de ocupante de veículo";"Com Vítimas Feridas";"Pleno dia";"Crescente";"Sol";"Dupla";"Reta";"Sim";2;0;1;0;1;0;1;2;-5,21645975;-37,32927128;"SPRF-RN";"DEL04-RN";"UOP01-DEL04-RN"
205152;2019-04-23;"terça-feira";"13:45:00";"MG";365;622,9;"UBERLANDIA";"Não guardar distância de segurança";"Colisão traseira";"Com Vítimas Feridas";"Pleno dia";"Decrescente";"Nublado";"Múltipla";"Reta";"Sim";2;0;1;0;1;0;1;2;-18,90751667;-48,29937209;"SPRF-MG";"DEL15-MG";"UOP01-DEL15-MG"
205153;2019-04-23;"terça-feira";"13:50:00";"MG";365;664;"MONTE ALEGRE DE MINAS";"Velocidade Incompatível";"Saída de leito carroçável";"Com Vítimas Feridas";"Pleno dia";"Crescente";"Sol";"Dupla";"Curva";"Não";1;0;1;0;0;0;1;1;-18,8918476;-48,67960311;"SPRF-MG";"DEL15-MG";"UOP01-DEL15-MG"
205154;2019-04-23;"terça-feira";"14:30:00";"DF";60;23;"BRASILIA";"Avarias e/ou desgaste excessivo no pneu";"Capotamento";"Com Vítimas Feridas";"Pleno dia";"Crescente";"Chuva";"Simples";"Curva";"Sim";4;0;1;0;3;0;1;1;-15,987903;-48,223103;"SPRF-DF";"DEL01-DF";"UOP01-DEL03-DF"
205157;2019-04-23;"terça-feira";"14:14:00";"RJ";40;56;"PETROPOLIS";"Falta de Atenção à Condução";"Colisão transversal";"Sem Vítimas";"Pleno dia";"Crescente";"Céu Claro";"Dupla";"Curva";"Não";2;0;0;0;2;0;0;2;-22,36179383;-43,12627244;"SPRF-RJ";"DEL06-RJ";"UOP01-DEL06-RJ"
205158;2019-04-23;"terça-feira";"15:30:00";"PR";277;711,2;"SANTA TEREZINHA DE ITAIPU";"Não guardar distância de segurança";"Colisão com objeto em movimento";"Com Vítimas Feridas";"Pleno dia";"Crescente";"Céu Claro";"Dupla";"Declive";"Sim";2;0;1;0;1;0;1;1;-25,45408037;-54,42224885;"SPRF-PR";"DEL05-PR";"UOP01-DEL05-PR"
205160;2019-04-23;"terça-feira";"15:30:00";"GO";60;325;"ACREUNA";"Falta de Atenção à Condução";"Colisão lateral";"Com Vítimas Feridas";"Pleno dia";"Decrescente";"Céu Claro";"Dupla";"Reta";"Não";2;0;1;0;1;0;1;2;-17,5204;-50,4872;"SPRF-GO";"DEL04-GO";"UOP01-DEL04-GO"
205162;2019-04-23;"terça-feira";"14:50:00";"MT";163;729;"SORRISO";"Ultrapassagem Indevida";"Saída de leito carroçável";"Com Vítimas Feridas";"Pleno dia";"Crescente";"Céu Claro";"Simples";"Reta";"Não";2;0;1;0;1;0;1;1;-12,84559402;-55,82671994;"SPRF-MT";"DEL06-MT";"UOP01-DEL06-MT"
205166;2019-04-23;"terça-feira";"16:40:00";"RN";101;99,3;"PARNAMIRIM";"Falta de Atenção à Condução";"Colisão lateral";"Com Vítimas Feridas";"Pleno dia";"Decrescente";"Nublado";"Simples";"Viaduto";"Sim";2;0;1;0;1;0;1;2;-5,87359183;-35,22063023;"SPRF-RN";"DEL01-RN";"UOP01-DEL01-RN"
205167;2019-04-23;"terça-feira";"15:30:00";"RJ";116;74;"TERESOPOLIS";"Pista Escorregadia";"Capotamento";"Com Vítimas Feridas";"Pleno dia";"Crescente";"Chuva";"Simples";"Curva";"Sim";2;0;1;0;1;0;1;1;-22,35343905;-42,94244164;"SPRF-RJ";"DEL04-RJ";"UOP01-DEL04-RJ"
205168;2019-04-23;"terça-feira";"17:00:00";"PE";101;140;"RIBEIRAO";"Defeito Mecânico no Veículo";"Incêndio";"Sem Vítimas";"Amanhecer";"Decrescente";"Chuva";"Dupla";"Reta";"Não";1;0;0;0;1;0;0;1;-8,43501897;-35,32815204;"SPRF-PE";"DEL01-PE";"UOP03-DEL01-PE"
205169;2019-04-23;"terça-feira";"15:30:00";"PE";232;27;"MORENO";"Condutor Dormindo";"Colisão com objeto estático";"Com Vítimas Feridas";"Pleno dia";"Crescente";"Chuva";"Dupla";"Reta";"Não";1;0;1;0;0;0;1;1;-8,11418416;-35,12568999;"SPRF-PE";"DEL01-PE";"UOP02-DEL02PE"
205170;2019-04-23;"terça-feira";"16:45:00";"PB";101;92;"JOAO PESSOA";"Falta de Atenção do Pedestre";"Atropelamento de Pedestre";"Com Vítimas Feridas";"Anoitecer";"Crescente";"Céu Claro";"Dupla";"Reta;Declive";"Sim";2;0;0;1;1;0;1;2;-7,19683829;-34,90588313;"SPRF-PB";"DEL01-PB";"UOP01-DEL01-PB"
205171;2019-04-23;"terça-feira";"13:00:00";"RO";319;60,9;"PORTO VELHO";"Desobediência às normas de trânsito pelo condutor";"Colisão lateral";"Sem Vítimas";"Pleno dia";"Decrescente";"Céu Claro";"Dupla";"Rotatória";"Sim";1;0;0;0;1;0;0;1;-8,74007533;-63,88993661;"SPRF-RO";"DEL01-RO";"UOP01-DEL01-RO"
205175;2019-04-23;"terça-feira";"16:30:00";"SC";101;163,2;"TIJUCAS";"Falta de Atenção à Condução";"Colisão lateral";"Com Vítimas Feridas";"Pleno dia";"Decrescente";"Garoa/Chuvisco";"Dupla";"Reta";"Não";2;0;0;1;1;0;1;2;-27,23461699;-48,63039809;"SPRF-SC";"DEL04-SC";"UOP03-DEL04-SC"
205177;2019-04-23;"terça-feira";"18:00:00";"ES";101;275,9;"SERRA";"Defeito Mecânico no Veículo";"Incêndio";"Sem Vítimas";"Anoitecer";"Decrescente";"Céu Claro";"Dupla";"Curva";"Não";1;0;0;0;1;0;0;1;-20,20828089;-40,30388897;"SPRF-ES";"DEL02-ES";"UOP01-DEL02-ES"
205178;2019-04-23;"terça-feira";"17:30:00";"MG";381;497;"BETIM";"Defeito Mecânico no Veículo";"Colisão lateral";"Com Vítimas Feridas";"Plena Noite";"Crescente";"Céu Claro";"Dupla";"Curva";"Sim";1;0;1;0;0;0;1;1;-20,00483625;-44,21367172;"SPRF-MG";"DEL01-MG";"UOP03-DEL01-MG"
205179;2019-04-23;"terça-feira";"18:00:00";"MG";381;491;"BETIM";"Velocidade Incompatível";"Tombamento";"Com Vítimas Feridas";"Anoitecer";"Crescente";"Chuva";"Múltipla";"Reta";"Sim";1;0;1;0;0;0;1;1;-19,97018187;-44,18210416;"SPRF-MG";"DEL01-MG";"UOP03-DEL01-MG"
205180;2019-04-23;"terça-feira";"17:00:00";"SC";101;327,2;"CAPIVARI DE BAIXO";"Falta de Atenção do Pedestre";"Queda de ocupante de veículo";"Com Vítimas Feridas";"Pleno dia";"Crescente";"Nublado";"Simples";"Reta";"Sim";1;0;1;0;0;0;1;1;-28,43023306;-48,95205197;"SPRF-SC";"DEL02-SC";"UOP01-DEL02-SC"
205181;2019-04-23;"terça-feira";"07:30:00";"MG";262;21,9;"REDUTO";"Falta de Atenção à Condução";"Colisão com objeto estático";"Sem Vítimas";"Pleno dia";"Decrescente";"Céu Claro";"Simples";"Aclive";"Não";1;0;0;0;0;1;0;1;-20,25120014;-41,91771506;"SPRF-MG";"DEL06-MG";"UOP03-DEL06-MG"
205183;2019-04-23;"terça-feira";"17:25:00";"RS";116;129,5;"SAO MARCOS";"Velocidade Incompatível";"Colisão frontal";"Com Vítimas Feridas";"Anoitecer";"Crescente";"Nublado";"Simples";"Curva;Aclive";"Não";2;0;1;0;1;0;1;2;-29,03661379;-51,10112013;"SPRF-RS";"DEL05-RS";"UOP01-DEL05-RS"
205184;2019-04-23;"terça-feira";"17:40:00";"PR";277;67,5;"SAO JOSE DOS PINHAIS";"Não guardar distância de segurança";"Colisão traseira";"Com Vítimas Feridas";"Anoitecer";"Decrescente";"Nublado";"Dupla";"Reta";"Sim";2;0;1;0;1;0;1;2;-25,54511074;-49,05291088;"SPRF-PR";"DEL01-PR";"UOP07-DEL01-PR"
205185;2019-04-23;"terça-feira";"18:10:00";"PR";277;526,2;"IBEMA";"Falta de Atenção à Condução";"Saída de leito carroçável";"Com Vítimas Feridas";"Anoitecer";"Crescente";"Céu Claro";"Simples";"Curva";"Não";1;0;1;0;0;0;1;1;-25,091649;-52,949265;"SPRF-PR";"DEL04-PR";"UOP04-DEL04-PR"
205186;2019-04-23;"terça-feira";"10:50:00";"RS";285;669;"SAO BORJA";"Agressão Externa";"Danos eventuais";"Com Vítimas Feridas";"Pleno dia";"Crescente";"Céu Claro";"Simples";"Reta";"Sim";2;0;1;0;1;0;1;2;-28,66939058;-55,9750843;"SPRF-RS";"DEL12-RS";"UOP01-DEL12-RS"
205187;2019-04-23;"terça-feira";"16:15:00";"RS";0;0;"CANOAS";"Falta de Atenção à Condução";"Queda de ocupante de veículo";"Com Vítimas Feridas";"Pleno dia";"Não Informado";"Nublado";"Dupla";"Reta";"Não";1;0;1;0;0;0;1;1;-29,96590921;-51,17639933;"SPRF-RS";"DEL01-RS";"UOP01-DEL01-RS"
205190;2019-04-23;"terça-feira";"18:20:00";"RS";290;723;"URUGUAIANA";"Mal Súbito";"Tombamento";"Com Vítimas Feridas";"Plena Noite";"Decrescente";"Nublado";"Simples";"Curva";"Não";1;0;1;0;0;0;1;1;-29,748093;-57,078648;"SPRF-RS";"DEL13-RS";"UOP01-DEL13-RS"
205191;2019-04-23;"terça-feira";"19:00:00";"PR";369;237,7;"JANDAIA DO SUL";"Desobediência às normas de trânsito pelo condutor";"Colisão transversal";"Com Vítimas Feridas";"Plena Noite";"Decrescente";"Céu Claro";"Simples";"Interseção de Vias";"Não";3;0;2;0;1;0;2;2;-23,662005;-51,691889;"SPRF-PR";"DEL07-PR";"UOP03-DEL07-PR"
205192;2019-04-23;"terça-feira";"18:35:00";"PR";277;427,4;"CANTAGALO";"Ultrapassagem Indevida";"Saída de leito carroçável";"Com Vítimas Feridas";"Anoitecer";"Crescente";"Céu Claro";"Simples";"Curva";"Não";1;0;1;0;0;0;1;1;-25,38545576;-52,11404979;"SPRF-PR";"DEL04-PR";"UOP02-DEL04-PR"
205193;2019-04-23;"terça-feira";"18:50:00";"PR";277;112;"CAMPO LARGO";"Falta de Atenção à Condução";"Colisão traseira";"Com Vítimas Feridas";"Plena Noite";"Decrescente";"Nublado";"Dupla";"Declive;Reta";"Não";2;0;1;0;1;0;1;2;-25,43257515;-49,36978297;"SPRF-PR";"DEL01-PR";"UOP06-DEL01-PR"
205194;2019-04-23;"terça-feira";"19:00:00";"CE";222;297;"TIANGUA";"Pista Escorregadia";"Tombamento";"Com Vítimas Feridas";"Plena Noite";"Crescente";"Chuva";"Simples";"Curva";"Não";2;0;1;0;1;0;1;1;-3,65826065;-40,92482891;"SPRF-CE";"DEL04-CE";"UOP02-DEL04-CE"
205195;2019-04-23;"terça-feira";"19:05:00";"RN";101;157;"GOIANINHA";"Objeto estático sobre o leito carroçável";"Colisão traseira";"Com Vítimas Feridas";"Plena Noite";"Decrescente";"Céu Claro";"Dupla";"Aclive;Reta";"Não";3;0;1;0;2;0;1;2;-6,34791574;-35,16581255;"SPRF-RN";"DEL01-RN";"UOP01-DEL01-RN"
205196;2019-04-23;"terça-feira";"18:50:00";"SP";116;106,6;"TAUBATE";"Pista Escorregadia";"Engavetamento";"Com Vítimas Feridas";"Plena Noite";"Crescente";"Chuva";"Dupla";"Reta";"Não";3;0;1;0;2;0;1;3;-23,01250593;-45,52256005;"SPRF-SP";"DEL06-SP";"UOP01-DEL06-SP"
205197;2019-04-23;"terça-feira";"18:30:00";"SP";153;72,9;"SAO JOSE DO RIO PRETO";"Avarias e/ou desgaste excessivo no pneu";"Tombamento";"Com Vítimas Feridas";"Anoitecer";"Crescente";"Nublado";"Dupla";"Aclive";"Não";1;0;1;0;0;0;1;1;-20,86703262;-49,41351056;"SPRF-SP";"DEL09-SP";"UOP01-DEL09-SP"
205200;2019-04-23;"terça-feira";"18:40:00";"RS";101;22,8;"TRES CACHOEIRAS";"Falta de Atenção à Condução";"Colisão transversal";"Com Vítimas Feridas";"Anoitecer";"Crescente";"Céu Claro";"Múltipla";"Reta";"Sim";2;0;1;0;1;0;1;2;-29,4398072;-49,90113887;"SPRF-RS";"DEL03-RS";"UOP02-DEL03-RS"
205202;2019-04-23;"terça-feira";"18:10:00";"PR";163;18,5;"BOM JESUS DO SUL";"Velocidade Incompatível";"Colisão traseira";"Com Vítimas Feridas";"Pleno dia";"Crescente";"Céu Claro";"Simples";"Reta;Declive";"Não";2;0;1;0;1;0;1;2;-26,22568301;-53,64279395;"SPRF-PR";"DEL02-PR";"UOP02-DEL02-PR"
205203;2019-04-23;"terça-feira";"18:20:00";"SP";116;273;"TABOAO DA SERRA";"Velocidade Incompatível";"Queda de ocupante de veículo";"Com Vítimas Feridas";"Plena Noite";"Crescente";"Garoa/Chuvisco";"Múltipla";"Reta";"Não";1;0;1;0;0;0;1;1;-23,62809795;-46,81870306;"SPRF-SP";"DEL04-SP";"UOP01-DEL04-SP"
205204;2019-04-23;"terça-feira";"18:35:00";"SP";116;273;"TABOAO DA SERRA";"Velocidade Incompatível";"Tombamento";"Com Vítimas Feridas";"Plena Noite";"Crescente";"Nublado";"Dupla";"Reta";"Sim";1;0;1;0;0;0;1;1;-23,62809795;-46,81870306;"SPRF-SP";"DEL04-SP";"UOP01-DEL04-SP"
205205;2019-04-23;"terça-feira";"20:00:00";"AL";101;38;"JOAQUIM GOMES";"Falta de Atenção à Condução";"Queda de ocupante de veículo";"Com Vítimas Feridas";"Plena Noite";"Decrescente";"Chuva";"Dupla";"Reta";"Não";1;0;0;1;0;0;1;1;-9,14817905;-35,7687835;"SPRF-AL";"DEL01-AL";"UOP01-DEL01-AL"
205206;2019-04-23;"terça-feira";"18:45:00";"SC";101;297,2;"IMBITUBA";"Desobediência às normas de trânsito pelo pedestre";"Atropelamento de Pedestre";"Com Vítimas Fatais";"Plena Noite";"Decrescente";"Nublado";"Dupla";"Curva";"Sim";5;1;0;0;4;0;0;2;-28,31353989;-48,7240982;"SPRF-SC";"DEL02-SC";"UOP03-DEL02-SC"
205207;2019-04-14;"domingo";"00:40:00";"RS";116;252;"SAPUCAIA DO SUL";"Velocidade Incompatível";"Colisão traseira";"Com Vítimas Feridas";"Plena Noite";"Crescente";"Céu Claro";"Dupla";"Declive;Reta";"Sim";6;0;2;1;3;0;3;2;-29,80498077;-51,16660422;"SPRF-RS";"DEL01-RS";"UOP02-DEL01-RS"
205208;2019-04-23;"terça-feira";"07:45:00";"RJ";101;272;"TANGUA";"Falta de Atenção à Condução";"Colisão lateral";"Com Vítimas Feridas";"Plena Noite";"Crescente";"Céu Claro";"Dupla";"Retorno Regulamentado";"Sim";2;0;1;0;1;0;1;2;-22,72935968;-42,70112512;"SPRF-RJ";"DEL02-RJ";"UOP03-DEL02-RJ"
205210;2019-04-23;"terça-feira";"20:00:00";"PR";272;368,1;"CAMPO MOURAO";"Desobediência às normas de trânsito pelo condutor";"Colisão transversal";"Com Vítimas Feridas";"Plena Noite";"Decrescente";"Céu Claro";"Dupla";"Reta";"Sim";2;0;1;0;1;0;1;2;-24,05452728;-52,41020322;"SPRF-PR";"DEL04-PR";"UOP03-DEL09-PR"
205211;2019-04-23;"terça-feira";"20:00:00";"PE";232;95,1;"SAIRE";"Velocidade Incompatível";"Colisão lateral";"Com Vítimas Feridas";"Plena Noite";"Crescente";"Garoa/Chuvisco";"Dupla";"Reta";"Não";2;0;0;1;0;1;1;2;-8,228987;-35,703056;"SPRF-PE";"DEL01-PE";"UOP02-DEL02PE"
205213;2019-04-23;"terça-feira";"19:00:00";"MT";70;521;"VARZEA GRANDE";"Falta de Atenção do Pedestre";"Atropelamento de Pedestre";"Com Vítimas Feridas";"Plena Noite";"Decrescente";"Chuva";"Simples";"Interseção de Vias";"Sim";2;0;1;0;1;0;1;2;-15,66299886;-56,18534803;"SPRF-MT";"DEL01-MT";"DEL2/4-UOP02/MT"
205214;2019-04-23;"terça-feira";"21:00:00";"PR";376;71,3;"GUAIRACA";"Não guardar distância de segurança";"Tombamento";"Com Vítimas Fatais";"Plena Noite";"Decrescente";"Céu Claro";"Simples";"Reta";"Não";4;1;1;0;1;1;1;4;-22,96425637;-52,80355453;"SPRF-PR";"DEL07-PR";"UOP02-DEL09-PR"
205215;2019-04-23;"terça-feira";"18:45:00";"RO";364;345,7;"JI-PARANA";"Falta de Atenção à Condução";"Colisão traseira";"Com Vítimas Feridas";"Anoitecer";"Decrescente";"Chuva";"Dupla";"Retorno Regulamentado";"Sim";2;0;1;0;1;0;1;2;-10,86891051;-61,9601655;"SPRF-RO";"DEL02-RO";"UOP01-DEL02-RO"
205216;2019-04-23;"terça-feira";"18:00:00";"RJ";40;86,8;"PETROPOLIS";"Agressão Externa";"Capotamento";"Com Vítimas Feridas";"Anoitecer";"Decrescente";"Chuva";"Simples";"Curva";"Não";4;0;4;0;0;0;4;1;-22,53575484;-43,23295774;"SPRF-RJ";"DEL06-RJ";"UOP01-DEL06-RJ"
205219;2019-04-23;"terça-feira";"22:20:00";"PE";232;128,9;"CARUARU";"Falta de Atenção à Condução";"Tombamento";"Com Vítimas Feridas";"Plena Noite";"Decrescente";"Nublado";"Dupla";"Reta";"Sim";1;0;1;0;0;0;1;1;-8,30127;-35,9847;"SPRF-PE";"DEL02-PE";"UOP03-DEL02-PE"
205221;2019-04-23;"terça-feira";"20:40:00";"PI";343;443;"AGUA BRANCA";"Falta de Atenção à Condução";"Colisão lateral";"Com Vítimas Feridas";"Plena Noite";"Decrescente";"Nublado";"Simples";"Reta";"Sim";2;0;0;1;1;0;1;2;-5,880499;-42,638496;"SPRF-PI";"DEL01-PI";"UOP02-DEL01-PI"
205223;2019-04-23;"terça-feira";"21:35:00";"PI";343;327;"TERESINA";"Falta de Atenção à Condução";"Saída de leito carroçável";"Com Vítimas Feridas";"Plena Noite";"Decrescente";"Céu Claro";"Simples";"Reta";"Não";1;0;1;0;0;0;1;1;-5,071425;-42,625938;"SPRF-PI";"DEL01-PI";"UOP01-DEL01-PI"
205226;2019-04-23;"terça-feira";"23:15:00";"PB";104;133,9;"QUEIMADAS";"Desobediência às normas de trânsito pelo condutor";"Colisão com objeto estático";"Sem Vítimas";"Plena Noite";"Crescente";"Céu Claro";"Simples";"Reta";"Não";1;0;0;0;0;1;0;1;-7,31674795;-35,89500926;"SPRF-PB";"DEL02-PB";"UOP03-DEL02-PB"
205227;2019-04-23;"terça-feira";"23:25:00";"MG";50;130,8;"UBERABA";"Falta de Atenção à Condução";"Saída de leito carroçável";"Com Vítimas Feridas";"Plena Noite";"Crescente";"Nublado";"Dupla";"Reta";"Não";1;0;1;0;0;0;1;1;-19,38989597;-48,07678044;"SPRF-MG";"DEL13-MG";"UOP01-DEL13-MG"
205228;2019-04-23;"terça-feira";"21:35:00";"MT";364;13;"ALTO ARAGUAIA";"Sinalização da via insuficiente ou inadequada";"Saída de leito carroçável";"Com Vítimas Feridas";"Plena Noite";"Decrescente";"Céu Claro";"Simples";"Rotatória";"Não";2;0;1;0;1;0;1;1;-17,25634094;-53,31211694;"SPRF-MT";"DEL02-MT";"UOP02-DEL02-MT"
205229;2019-04-24;"quarta-feira";"01:00:00";"ES";101;126,6;"SOORETAMA";"Falta de Atenção à Condução";"Tombamento";"Com Vítimas Feridas";"Plena Noite";"Decrescente";"Céu Claro";"Múltipla";"Reta";"Não";1;0;1;0;0;0;1;1;-19,193953;-40,0951;"SPRF-ES";"DEL04-ES";"UOP01-DEL04-ES"
205233;2019-04-24;"quarta-feira";"02:10:00";"RS";290;88;"PORTO ALEGRE";"Falta de Atenção à Condução";"Tombamento";"Com Vítimas Feridas";"Plena Noite";"Decrescente";"Ignorado";"Múltipla";"Reta";"Não";2;0;2;0;0;0;2;1;-29,967531;-51,137264;"SPRF-RS";"DEL01-RS";"UOP01-DEL01-RS"
205234;2019-04-24;"quarta-feira";"01:40:00";"RJ";101;396;"RIO DE JANEIRO";"Animais na Pista";"Colisão com objeto estático";"Com Vítimas Feridas";"Plena Noite";"Crescente";"Nublado";"Simples";"Reta";"Não";1;0;1;0;0;0;1;1;-22,87854523;-43,73100666;"SPRF-RJ";"DEL03-RJ";"UOP01-DEL03-RJ"
205237;2019-04-24;"quarta-feira";"04:20:00";"SC";101;358,7;"SANGAO";"Ingestão de Álcool";"Colisão traseira";"Com Vítimas Feridas";"Plena Noite";"Decrescente";"Céu Claro";"Dupla";"Reta";"Não";4;0;2;0;1;1;2;2;-28,642765;-49,100403;"SPRF-SC";"DEL02-SC";"UOP01-DEL02-SC"
205239;2019-04-24;"quarta-feira";"04:20:00";"RS";290;595;"ALEGRETE";"Animais na Pista";"Atropelamento de Animal";"Sem Vítimas";"Plena Noite";"Crescente";"Céu Claro";"Simples";"Reta";"Não";1;0;0;0;1;0;0;1;-29,844833;-55,916756;"SPRF-RS";"DEL13-RS";"UOP02-DEL13-RS"
205240;2019-04-24;"quarta-feira";"05:30:00";"MA";10;261,2;"IMPERATRIZ";"Animais na Pista";"Saída de leito carroçável";"Sem Vítimas";"Amanhecer";"Crescente";"Céu Claro";"Simples";"Reta";"Sim";1;0;0;0;1;0;0;1;-5,454371;-47,472439;"SPRF-MA";"DEL04-MA";"UOP01-DEL04-MA"
205241;2019-04-24;"quarta-feira";"06:00:00";"RJ";116;176,7;"NOVA IGUACU";"Falta de Atenção à Condução";"Colisão traseira";"Sem Vítimas";"Pleno dia";"Decrescente";"Céu Claro";"Dupla";"Reta";"Sim";3;0;0;0;3;0;0;2;-22,7839538;-43,38195488;"SPRF-RJ";"DEL01-RJ";"UOP02-DEL01-RJ"
205243;2019-04-24;"quarta-feira";"06:30:00";"SP";153;64;"SAO JOSE DO RIO PRETO";"Defeito na Via";"Queda de ocupante de veículo";"Com Vítimas Feridas";"Pleno dia";"Crescente";"Sol";"Dupla";"Reta";"Não";1;0;0;1;0;0;1;1;-20,82919401;-49,36046325;"SPRF-SP";"DEL09-SP";"UOP01-DEL09-SP"
205244;2019-04-24;"quarta-feira";"05:30:00";"SC";280;114,6;"SAO BENTO DO SUL";"Condutor Dormindo";"Saída de leito carroçável";"Sem Vítimas";"Plena Noite";"Decrescente";"Garoa/Chuvisco";"Simples";"Declive;Curva";"Não";1;0;0;0;1;0;0;1;-26,29151133;-49,40301807;"SPRF-SC";"DEL06-SC";"UOP03-DEL06-SC"
205245;2019-04-24;"quarta-feira";"04:05:00";"MA";316;417,6;"PERITORO";"Animais na Pista";"Atropelamento de Animal";"Com Vítimas Fatais";"Amanhecer";"Decrescente";"Céu Claro";"Simples";"Reta";"Não";4;1;3;0;0;0;3;1;-4,337017;-44,394272;"SPRF-MA";"DEL03-MA";"UOP01-DEL03-MA"
205247;2019-04-24;"quarta-feira";"06:50:00";"GO";40;3,2;"VALPARAISO DE GOIAS";"Falta de Atenção à Condução";"Queda de ocupante de veículo";"Com Vítimas Feridas";"Pleno dia";"Decrescente";"Sol";"Dupla";"Reta";"Sim";1;0;1;0;0;0;1;1;-16,08365068;-47,98669338;"SPRF-DF";"DEL01-DF";"UOP01-DEL01-DF"
205248;2019-04-24;"quarta-feira";"07:10:00";"CE";20;204,9;"BOA VIAGEM";"Falta de Atenção à Condução";"Colisão transversal";"Com Vítimas Feridas";"Pleno dia";"Decrescente";"Céu Claro";"Simples";"Reta";"Sim";2;0;1;0;1;0;1;2;-5,12671093;-39,73734498;"SPRF-CE";"DEL02-CE";"UOP02-DEL02-CE"
205249;2019-04-24;"quarta-feira";"07:00:00";"SC";101;138,5;"BALNEARIO CAMBORIU";"Pista Escorregadia";"Tombamento";"Com Vítimas Feridas";"Pleno dia";"Decrescente";"Chuva";"Dupla";"Curva";"Não";2;0;2;0;0;0;2;1;-27,02397426;-48,60761649;"SPRF-SC";"DEL04-SC";"UOP03-DEL04-SC"