"id";"data_inversa";"dia_semana";"horario";"uf";"br";"km";"municipio";"causa_acidente";"tipo_acidente";"classificacao_acidente";"fase_dia";"sentido_via";"condicao_metereologica";"tipo_pista";"tracado_via";"uso_solo";"pessoas";"mortos";"feridos_leves";"feridos_graves";"ilesos";"ignorados";"feridos";"veiculos";"latitude";"longitude";"regional";"delegacia";"uop"
205364;2019-04-24;"quarta-feira";"19:10:00";"GO";153;504;"APARECIDA DE GOIANIA";"Restrição de Visibilidade";"Queda de ocupante de veículo";"Com Vítimas Feridas";"Plena Noite";"Crescente";"Céu Claro";"Dupla";"Reta";"Sim";1;0;1;0;0;0;1;1;-16,7451;-49,2408;"SPRF-GO";"DEL01-GO";"UOP01-DEL01-GO"
205365;2019-04-24;"quarta-feira";"18:30:00";"SC";101;152;"ITAPEMA";"Falta de Atenção à Condução";"Colisão transversal";"Com Vítimas Feridas";"Plena Noite";"Crescente";"Céu Claro";"Simples";"Reta";"Sim";3;0;2;0;1;0;2;2;-27,13563503;-48,61004665;"SPRF-SC";"DEL04-SC";"UOP03-DEL04-SC"
205367;2019-04-24;"quarta-feira";"19:10:00";"GO";364;254;"JATAI";"Falta de Atenção à Condução";"Saída de leito carroçável";"Com Vítimas Feridas";"Plena Noite";"Decrescente";"Céu Claro";"Simples";"Reta";"Não";1;0;1;0;0;0;1;1;-17,698486;-52,18948;"SPRF-GO";"DEL05-GO";"UOP01-DEL05-GO"
205368;2019-04-24;"quarta-feira";"17:35:00";"MG";116;709,1;"MURIAE";"Falta de Atenção à Condução";"Colisão transversal";"Com Vítimas Feridas";"Anoitecer";"Crescente";"Céu Claro";"Simples";"Curva";"Sim";5;0;3;0;2;0;3;2;-21,1671331;-42,37130608;"SPRF-MG";"DEL07-MG";"UOP02-DEL07-MG"
205370;2019-04-24;"quarta-feira";"14:30:00";"RO";364;344,7;"JI-PARANA";"Falta de Atenção à Condução";"Colisão transversal";"Com Vítimas Feridas";"Pleno dia";"Decrescente";"Céu Claro";"Dupla";"Interseção de Vias";"Sim";2;0;0;1;1;0;1;2;-10,87444206;-61,95181847;"SPRF-RO";"DEL02-RO";"UOP01-DEL02-RO"
205372;2019-04-24;"quarta-feira";"19:35:00";"ES";101;242,1;"SERRA";"Defeito Mecânico no Veículo";"Incêndio";"Sem Vítimas";"Plena Noite";"Decrescente";"Nublado";"Simples";"Interseção de Vias";"Não";1;0;0;0;1;0;0;1;-20,0321348;-40,39675773;"SPRF-ES";"DEL02-ES";"UOP01-DEL02-ES"
205373;2019-04-24;"quarta-feira";"18:45:00";"PE";232;127,1;"CARUARU";"Desobediência às normas de trânsito pelo condutor";"Colisão transversal";"Com Vítimas Feridas";"Plena Noite";"Crescente";"Nublado";"Simples";"Reta";"Não";2;0;1;0;1;0;1;2;-8,30610303;-35,96342301;"SPRF-PE";"DEL02-PE";"UOP03-DEL02-PE"
205375;2019-04-24;"quarta-feira";"18:50:00";"PR";277;1;"PARANAGUA";"Falta de Atenção à Condução";"Colisão transversal";"Com Vítimas Feridas";"Plena Noite";"Crescente";"Céu Claro";"Simples";"Interseção de Vias";"Sim";3;0;2;0;1;0;2;2;-25,51931309;-48,54302645;"SPRF-PR";"DEL01-PR";"UOP05-DEL01-PR"
205377;2019-04-24;"quarta-feira";"20:05:00";"DF";70;9;"BRASILIA";"Falta de Atenção à Condução";"Colisão traseira";"Com Vítimas Feridas";"Plena Noite";"Crescente";"Céu Claro";"Dupla";"Retorno Regulamentado";"Sim";3;0;2;0;1;0;2;2;-15,784615;-48,132023;"SPRF-DF";"DEL01-DF";"UOP02-DEL03-DF"
205378;2019-04-24;"quarta-feira";"20:00:00";"PR";116;100;"SAO JOSE DOS PINHAIS";"Falta de Atenção à Condução";"Colisão transversal";"Com Vítimas Feridas";"Pleno dia";"Crescente";"Nublado";"Simples";"Reta";"Não";2;0;1;0;1;0;1;2;-25,53379421;-49,14663578;"SPRF-PR";"DEL01-PR";"UOP07-DEL01-PR"
205379;2019-04-08;"segunda-feira";"11:30:00";"BA";101;430;"MARAU";"Pista Escorregadia";"Colisão lateral";"Sem Vítimas";"Pleno dia";"Decrescente";"Chuva";"Simples";"Curva";"Não";1;0;0;0;1;0;0;1;-14;-39;"SPRF-BA";"DEL05-BA";"UOP01-DEL05-BA"
205380;2019-04-24;"quarta-feira";"20:00:00";"PR";116;130;"FAZENDA RIO GRANDE";"Velocidade Incompatível";"Colisão traseira";"Sem Vítimas";"Plena Noite";"Crescente";"Nublado";"Dupla";"Reta";"Não";2;0;0;0;2;0;0;2;-25,63927799;-49,31302988;"SPRF-PR";"DEL01-PR";"UOP03-DEL01-PR"
205381;2019-04-24;"quarta-feira";"19:00:00";"RO";364;242,2;"CACOAL";"Desobediência às normas de trânsito pelo condutor";"Colisão transversal";"Com Vítimas Feridas";"Plena Noite";"Crescente";"Céu Claro";"Simples";"Reta";"Não";2;0;2;0;0;0;2;2;-11,44084787;-61,48767999;"SPRF-RO";"DEL02-RO";"UOP02-DEL02-RO"
205382;2019-04-20;"sábado";"19:00:00";"MT";70;763;"CACERES";"Animais na Pista";"Atropelamento de Animal";"Com Vítimas Feridas";"Plena Noite";"Decrescente";"Céu Claro";"Simples";"Reta";"Não";1;0;0;1;0;0;1;1;-16,09490972;-57,8748324;"SPRF-MT";"DEL03-MT";"UOP01-DEL03-MT"
205383;2019-04-24;"quarta-feira";"18:50:00";"RO";174;15;"VILHENA";"Falta de Atenção à Condução";"Colisão transversal";"Com Vítimas Feridas";"Plena Noite";"Crescente";"Céu Claro";"Simples";"Reta";"Sim";2;0;0;1;1;0;1;2;-12,723321;-60,12801;"SPRF-RO";"DEL04-RO";"UOP01-DEL04-RO"
205384;2019-04-24;"quarta-feira";"20:40:00";"RS";116;239;"NOVO HAMBURGO";"Animais na Pista";"Atropelamento de Animal";"Sem Vítimas";"Plena Noite";"Crescente";"Céu Claro";"Dupla";"Reta";"Sim";1;0;0;0;1;0;0;1;-29,6961491;-51,14455767;"SPRF-RS";"DEL01-RS";"UOP02-DEL01-RS"
205385;2019-04-24;"quarta-feira";"19:20:00";"SC";163;67;"SAO MIGUEL DO OESTE";"Falta de Atenção à Condução";"Tombamento";"Com Vítimas Feridas";"Plena Noite";"Decrescente";"Céu Claro";"Dupla";"Reta";"Sim";1;0;1;0;0;0;1;1;-26,759436;-53,50055292;"SPRF-SC";"DEL07-SC";"UOP03-DEL07-SC"
205386;2019-04-24;"quarta-feira";"21:00:00";"MG";116;277;"TEOFILO OTONI";"Falta de Atenção do Pedestre";"Atropelamento de Pedestre";"Com Vítimas Feridas";"Plena Noite";"Crescente";"Céu Claro";"Simples";"Reta";"Sim";2;0;1;0;1;0;1;2;-17,859945;-41,515144;"SPRF-MG";"DEL11-MG";"UOP01-DEL11-MG"
205387;2019-04-24;"quarta-feira";"16:20:00";"BA";324;525;"FEIRA DE SANTANA";"Falta de Atenção à Condução";"Colisão traseira";"Com Vítimas Feridas";"Pleno dia";"Crescente";"Céu Claro";"Dupla";"Reta";"Sim";2;0;1;0;1;0;1;2;-12,30106981;-38,8977869;"SPRF-BA";"DEL01-BA";"UOP01-DEL01-BA"
205389;2019-04-24;"quarta-feira";"21:40:00";"PB";230;41,8;"SANTA RITA";"Velocidade Incompatível";"Saída de leito carroçável";"Com Vítimas Feridas";"Plena Noite";"Decrescente";"Céu Claro";"Dupla";"Declive";"Não";1;0;0;1;0;0;1;1;-7,1432;-34,9869;"SPRF-PB";"DEL01-PB";"UOP03-DEL01-PB"
205392;2019-04-24;"quarta-feira";"19:30:00";"BA";324;519;"FEIRA DE SANTANA";"Animais na Pista";"Atropelamento de Animal";"Com Vítimas Feridas";"Plena Noite";"Crescente";"Céu Claro";"Dupla";"Reta";"Sim";2;0;2;0;0;0;2;1;-12,26687642;-38,93349875;"SPRF-BA";"DEL02-BA";"UOP01-DEL02-BA"
205393;2019-04-24;"quarta-feira";"18:05:00";"GO";80;173;"VILA PROPICIO";"Defeito Mecânico no Veículo";"Colisão com objeto em movimento";"Com Vítimas Feridas";"Anoitecer";"Decrescente";"Céu Claro";"Simples";"Reta";"Não";2;0;1;0;1;0;1;2;-15,208875;-48,697312;"SPRF-GO";"DEL07-GO";"UOP02-DEL07-GO"
205394;2019-04-24;"quarta-feira";"22:00:00";"PR";376;344,6;"ORTIGUEIRA";"Falta de Atenção à Condução";"Saída de leito carroçável";"Com Vítimas Feridas";"Plena Noite";"Crescente";"Nublado";"Simples";"Reta";"Não";1;0;1;0;0;0;1;1;-24,2017732;-50,94742728;"SPRF-PR";"DEL07-PR";"UOP02-DEL07-PR"
205398;2019-04-24;"quarta-feira";"21:45:00";"RJ";393;274,8;"BARRA DO PIRAI";"Pista Escorregadia";"Queda de ocupante de veículo";"Com Vítimas Feridas";"Plena Noite";"Decrescente";"Céu Claro";"Simples";"Curva";"Não";2;0;2;0;0;0;2;1;-22,48328327;-43,96042792;"SPRF-RJ";"DEL05-RJ";"UOP04-DEL05-RJ"
205399;2019-04-24;"quarta-feira";"20:40:00";"CE";116;168,3;"RUSSAS";"Restrição de Visibilidade";"Queda de ocupante de veículo";"Com Vítimas Feridas";"Plena Noite";"Decrescente";"Céu Claro";"Simples";"Reta";"Não";3;0;1;1;0;1;2;2;-4,97562655;-38,01382028;"SPRF-CE";"DEL03-CE";"UOP01-DEL03-CE"
205400;2019-04-24;"quarta-feira";"21:05:00";"CE";116;171,5;"RUSSAS";"Desobediência às normas de trânsito pelo condutor";"Queda de ocupante de veículo";"Com Vítimas Feridas";"Plena Noite";"Crescente";"Nublado";"Simples";"Reta";"Não";2;0;0;1;0;1;1;2;-4,99024376;-38,03622205;"SPRF-CE";"DEL03-CE";"UOP01-DEL03-CE"
205401;2019-04-24;"quarta-feira";"22:30:00";"PR";476;117;"COLOMBO";"Velocidade Incompatível";"Saída de leito carroçável";"Com Vítimas Feridas";"Plena Noite";"Crescente";"Nublado";"Dupla";"Curva";"Sim";1;0;0;1;0;0;1;1;-25,348623;-49,175663;"SPRF-PR";"DEL01-PR";"UOP07-DEL01-PR"
205404;2019-04-24;"quarta-feira";"22:15:00";"SC";163;84,9;"GUARACIABA";"Falta de Atenção à Condução";"Colisão com objeto estático";"Com Vítimas Feridas";"Plena Noite";"Crescente";"Céu Claro";"Dupla";"Rotatória";"Não";1;0;0;1;0;0;1;1;-26,61594101;-53,51942819;"SPRF-SC";"DEL07-SC";"UOP03-DEL07-SC"
205405;2019-04-24;"quarta-feira";"22:30:00";"RJ";101;470,9;"ANGRA DOS REIS";"Condutor Dormindo";"Saída de leito carroçável";"Com Vítimas Feridas";"Plena Noite";"Crescente";"Céu Claro";"Simples";"Reta";"Sim";5;0;4;0;1;0;4;1;-23,00442922;-44,23009579;"SPRF-RJ";"DEL03-RJ";"UOP03-DEL03-RJ"
205406;2019-04-24;"quarta-feira";"23:15:00";"GO";60;15,5;"ALEXANIA";"Falta de Atenção à Condução";"Capotamento";"Com Vítimas Feridas";"Plena Noite";"Decrescente";"Nublado";"Dupla";"Curva";"Não";2;0;2;0;0;0;2;1;-16,094168;-48,517212;"SPRF-DF";"DEL01-DF";"UOP01-DEL03-DF"
205409;2019-04-24;"quarta-feira";"23:40:00";"RJ";40;72;"PETROPOLIS";"Defeito Mecânico no Veículo";"Incêndio";"Sem Vítimas";"Plena Noite";"Decrescente";"Céu Claro";"Simples";"Reta";"Não";1;0;0;0;1;0;0;1;-22,4585308;-43,21600514;"SPRF-RJ";"DEL06-RJ";"UOP01-DEL06-RJ"
205410;2019-04-25;"quinta-feira";"01:35:00";"RJ";116;311;"ITATIAIA";"Ingestão de Álcool";"Atropelamento de Pedestre";"Sem Vítimas";"Plena Noite";"Crescente";"Céu Claro";"Dupla";"Retorno Regulamentado";"Sim";2;0;0;0;2;0;0;2;-22,46751289;-44,49928522;"SPRF-RJ";"DEL07-RJ";"DEL5/7-UOP03/RJ"
205412;2019-04-25;"quinta-feira";"01:30:00";"MG";40;506;"RIBEIRAO DAS NEVES";"Falta de Atenção do Pedestre";"Capotamento";"Com Vítimas Feridas";"Plena Noite";"Decrescente";"Céu Claro";"Dupla";"Reta";"Não";1;0;1;0;0;0;1;1;-19,74716686;-44,14731173;"SPRF-MG";"DEL02-MG";"UOP01-DEL02-MG"
205414;2019-04-25;"quinta-feira";"01:05:00";"GO";60;32;"ALEXANIA";"Falta de Atenção à Condução";"Atropelamento de Pedestre";"Com Vítimas Feridas";"Plena Noite";"Decrescente";"Céu Claro";"Dupla";"Reta";"Sim";2;0;1;0;0;1;1;2;-16,08954261;-48,50689709;"SPRF-DF";"DEL01-DF";"UOP01-DEL03-DF"
205417;2019-04-25;"quinta-feira";"04:20:00";"AL";316;42,7;"CANAPI";"Falta de Atenção do Pedestre";"Atropelamento de Pedestre";"Com Vítimas Fatais";"Plena Noite";"Crescente";"Nublado";"Simples";"Reta";"Não";2;1;0;0;0;1;0;2;-9,14528964;-37,55616055;"SPRF-AL";"DEL03-AL";"UOP02-DEL03-AL"
205418;2019-04-25;"quinta-feira";"04:15:00";"RN";427;98,9;"CAICO";"Falta de Atenção à Condução";"Colisão transversal";"Sem Vítimas";"Amanhecer";"Crescente";"Céu Claro";"Simples";"Interseção de Vias";"Sim";2;0;0;0;2;0;0;2;-6,46437457;-37,09221145;"SPRF-RN";"DEL03-RN";"UOP01-DEL03-RN"
205419;2019-04-25;"quinta-feira";"05:00:00";"SC";101;217,9;"PALHOCA";"Falta de Atenção à Condução";"Colisão com objeto estático";"Com Vítimas Feridas";"Plena Noite";"Decrescente";"Nublado";"Dupla";"Reta";"Não";2;0;1;0;0;1;1;2;-27,66779034;-48,67393586;"SPRF-SC";"DEL01-SC";"UOP02-DEL01-SC"
205420;2019-04-25;"quinta-feira";"05:00:00";"SC";470;156;"TROMBUDO CENTRAL";"Velocidade Incompatível";"Saída de leito carroçável";"Com Vítimas Feridas";"Plena Noite";"Crescente";"Garoa/Chuvisco";"Simples";"Curva";"Não";1;0;1;0;0;0;1;1;-27,281332;-49,760201;"SPRF-SC";"DEL04-SC";"UOP02-DEL04-SC"
205421;2019-04-25;"quinta-feira";"04:40:00";"PB";230;64,5;"CRUZ DO ESPIRITO SANTO";"Defeito Mecânico no Veículo";"Capotamento";"Sem Vítimas";"Amanhecer";"Decrescente";"Céu Claro";"Dupla";"Ponte;Reta";"Não";1;0;0;0;1;0;0;1;-7,1944;-35,1754;"SPRF-PB";"DEL01-PB";"UOP03-DEL01-PB"
205422;2019-04-25;"quinta-feira";"05:50:00";"PR";376;180,4;"MARINGA";"Mal Súbito";"Colisão com objeto estático";"Com Vítimas Feridas";"Amanhecer";"Decrescente";"Céu Claro";"Dupla";"Reta";"Sim";1;0;1;0;0;0;1;1;-23,424986;-51,898938;"SPRF-PR";"DEL07-PR";"UOP01-DEL09-PR"
205423;2019-04-25;"quinta-feira";"06:46:00";"SC";101;212,5;"PALHOCA";"Desobediência às normas de trânsito pelo condutor";"Colisão traseira";"Com Vítimas Feridas";"Pleno dia";"Crescente";"Céu Claro";"Múltipla";"Reta";"Sim";2;0;1;0;1;0;1;2;-27,62996929;-48,65903871;"SPRF-SC";"DEL01-SC";"UOP02-DEL01-SC"
205427;2019-04-25;"quinta-feira";"06:40:00";"ES";101;213,2;"IBIRACU";"Não guardar distância de segurança";"Colisão traseira";"Com Vítimas Feridas";"Pleno dia";"Decrescente";"Céu Claro";"Simples";"Reta";"Sim";2;0;1;0;1;0;1;2;-19,82352998;-40,36981894;"SPRF-ES";"DEL02-ES";"UOP01-DEL02-ES"
205428;2019-04-25;"quinta-feira";"06:00:00";"PI";343;238,9;"BOQUEIRAO DO PIAUI";"Defeito Mecânico no Veículo";"Saída de leito carroçável";"Com Vítimas Feridas";"Pleno dia";"Crescente";"Céu Claro";"Simples";"Reta";"Não";4;0;1;0;3;0;1;1;-4,644349;-42,039402;"SPRF-PI";"DEL01-PI";"UOP03-DEL01-PI"
205429;2019-04-25;"quinta-feira";"06:00:00";"PR";277;3;"PARANAGUA";"Animais na Pista";"Atropelamento de Animal";"Com Vítimas Feridas";"Amanhecer";"Decrescente";"Céu Claro";"Simples";"Reta";"Sim";1;0;1;0;0;0;1;1;-25,568198;-48,615292;"SPRF-PR";"DEL01-PR";"UOP05-DEL01-PR"
205431;2019-04-25;"quinta-feira";"04:30:00";"RO";364;224,5;"PIMENTA BUENO";"Falta de Atenção à Condução";"Colisão com objeto estático";"Com Vítimas Feridas";"Plena Noite";"Crescente";"Nevoeiro/Neblina";"Simples";"Ponte;Desvio Temporário;Reta";"Sim";2;0;1;0;0;1;1;1;-11,51297421;-61,35653973;"SPRF-RO";"DEL02-RO";"UOP02-DEL02-RO"
205434;2019-04-17;"quarta-feira";"18:50:00";"MG";153;224,7;"FRONTEIRA";"Desobediência às normas de trânsito pelo condutor";"Colisão frontal";"Com Vítimas Feridas";"Plena Noite";"Decrescente";"Céu Claro";"Simples";"Reta";"Não";3;0;2;0;1;0;2;2;-20,1376947;-49,1101259;"SPRF-MG";"DEL13-MG";"UOP02-DEL13-MG"
205435;2019-04-25;"quinta-feira";"07:45:00";"SC";101;214,3;"PALHOCA";"Falta de Atenção à Condução";"Colisão traseira";"Com Vítimas Feridas";"Pleno dia";"Crescente";"Sol";"Dupla";"Interseção de Vias";"Sim";2;0;0;1;1;0;1;2;-27,64443;-48,67057;"SPRF-SC";"DEL01-SC";"UOP02-DEL01-SC"
205437;2019-04-25;"quinta-feira";"08:00:00";"ES";101;149;"LINHARES";"Falta de Atenção à Condução";"Colisão transversal";"Com Vítimas Feridas";"Pleno dia";"Decrescente";"Céu Claro";"Simples";"Reta";"Sim";2;0;0;1;1;0;1;2;-19,39619083;-40,06435871;"SPRF-ES";"DEL04-ES";"UOP01-DEL04-ES"
205438;2019-04-25;"quinta-feira";"06:40:00";"ES";101;258;"SERRA";"Restrição de Visibilidade";"Colisão traseira";"Com Vítimas Feridas";"Pleno dia";"Decrescente";"Céu Claro";"Dupla";"Curva;Aclive";"Sim";2;0;1;0;1;0;1;2;-20,13059888;-40,2961019;"SPRF-ES";"DEL02-ES";"UOP01-DEL02-ES"
205439;2019-04-25;"quinta-feira";"06:43:00";"SP";116;161,5;"JACAREI";"Falta de Atenção à Condução";"Queda de ocupante de veículo";"Com Vítimas Feridas";"Amanhecer";"Crescente";"Céu Claro";"Dupla";"Reta";"Sim";1;0;1;0;0;0;1;1;-23,27617003;-45,97592098;"SPRF-SP";"DEL02-SP";"UOP01-DEL02-SP"
205440;2019-04-25;"quinta-feira";"08:00:00";"PI";343;331,1;"TERESINA";"Falta de Atenção à Condução";"Queda de ocupante de veículo";"Com Vítimas Feridas";"Pleno dia";"Crescente";"Céu Claro";"Simples";"Reta";"Não";1;0;1;0;0;0;1;1;-5,059967;-42,658382;"SPRF-PI";"DEL01-PI";"UOP01-DEL01-PI"
205441;2019-04-25;"quinta-feira";"07:50:00";"PB";230;25;"JOAO PESSOA";"Não guardar distância de segurança";"Tombamento";"Com Vítimas Feridas";"Pleno dia";"Decrescente";"Chuva";"Múltipla";"Aclive";"Sim";1;0;0;1;0;0;1;1;-7,1707;-34,8684;"SPRF-PB";"DEL01-PB";"UOP01-DEL01-PB"
205442;2019-04-25;"quinta-feira";"08:25:00";"SC";101;197,4;"BIGUACU";"Defeito Mecânico no Veículo";"Queda de ocupante de veículo";"Com Vítimas Feridas";"Pleno dia";"Crescente";"Céu Claro";"Dupla";"Declive";"Sim";1;0;1;0;0;0;1;1;-27,52069845;-48,63782644;"SPRF-SC";"DEL01-SC";"UOP01-DEL01-SC"
205443;2019-04-25;"quinta-feira";"08:36:00";"MG";381;491,3;"BETIM";"Não guardar distância de segurança";"Colisão lateral";"Com Vítimas Feridas";"Pleno dia";"Decrescente";"Céu Claro";"Dupla";"Viaduto";"Não";2;0;1;0;1;0;1;2;-19,97018187;-44,18210416;"SPRF-MG";"DEL01-MG";"UOP03-DEL01-MG"
205444;2019-04-25;"quinta-feira";"08:05:00";"SP";381;73,9;"MAIRIPORA";"Velocidade Incompatível";"Saída de leito carroçável";"Com Vítimas Feridas";"Pleno dia";"Decrescente";"Céu Claro";"Dupla";"Curva";"Não";2;0;1;0;1;0;1;2;-23,36553404;-46,55253934;"SPRF-SP";"DEL03-SP";"UOP01-DEL03-SP"
205446;2019-04-25;"quinta-feira";"08:25:00";"PR";376;201,8;"MANDAGUARI";"Defeito Mecânico no Veículo";"Tombamento";"Com Vítimas Feridas";"Pleno dia";"Decrescente";"Céu Claro";"Dupla";"Reta";"Não";1;0;1;0;0;0;1;1;-23,50921888;-51,72431946;"SPRF-PR";"DEL07-PR";"UOP01-DEL09-PR"
205447;2019-04-25;"quinta-feira";"08:03:00";"PR";476;134;"CURITIBA";"Falta de Atenção à Condução";"Colisão transversal";"Com Vítimas Feridas";"Pleno dia";"Decrescente";"Nevoeiro/Neblina";"Múltipla";"Reta";"Sim";3;0;1;1;1;0;2;2;-25,476524;-49,259937;"SPRF-PR";"DEL01-PR";"UOP03-DEL01-PR"
205448;2019-04-25;"quinta-feira";"06:15:00";"CE";222;3,3;"FORTALEZA";"Falta de Atenção à Condução";"Colisão traseira";"Com Vítimas Feridas";"Pleno dia";"Decrescente";"Chuva";"Dupla";"Reta";"Sim";3;0;2;0;1;0;2;2;-3,7403769;-38,59569202;"SPRF-CE";"DEL01-CE";"UOP01-DEL01-CE"
205449;2019-04-25;"quinta-feira";"08:00:00";"MG";40;512,5;"RIBEIRAO DAS NEVES";"Avarias e/ou desgaste excessivo no pneu";"Tombamento";"Com Vítimas Feridas";"Pleno dia";"Crescente";"Céu Claro";"Dupla";"Reta";"Não";2;0;2;0;0;0;2;1;-19,78946999;-44,11290699;"SPRF-MG";"DEL01-MG";"UOP02-DEL01-MG"
205451;2019-04-25;"quinta-feira";"08:50:00";"SC";101;207;"SAO JOSE";"Defeito Mecânico no Veículo";"Tombamento";"Com Vítimas Feridas";"Pleno dia";"Decrescente";"Céu Claro";"Múltipla";"Reta";"Não";1;0;1;0;0;0;1;1;-27,60001226;-48,6226467;"SPRF-SC";"DEL01-SC";"UOP01-DEL01-SC"
205455;2019-04-25;"quinta-feira";"09:45:00";"PR";163;82,5;"PLANALTO";"Falta de Atenção à Condução";"Colisão transversal";"Com Vítimas Feridas";"Pleno dia";"Decrescente";"Sol";"Simples";"Rotatória";"Sim";4;0;2;0;1;1;2;3;-25,71191958;-53,77515793;"SPRF-PR";"DEL02-PR";"UOP02-DEL02-PR"
205456;2019-04-25;"quinta-feira";"09:05:00";"GO";153;441,9;"ANAPOLIS";"Desobediência às normas de trânsito pelo condutor";"Colisão transversal";"Com Vítimas Feridas";"Pleno dia";"Crescente";"Céu Claro";"Dupla";"Reta";"Sim";5;0;0;1;4;0;1;2;-16,315866;-48,921612;"SPRF-GO";"DEL02-GO";"UOP01-DEL02-GO"
205457;2019-04-25;"quinta-feira";"09:40:00";"PR";116;116,3;"CURITIBA";"Falta de Atenção à Condução";"Atropelamento de Pedestre";"Com Vítimas Feridas";"Pleno dia";"Crescente";"Céu Claro";"Múltipla";"Reta";"Sim";2;0;0;1;0;1;1;2;-25,55607051;-49,30642605;"SPRF-PR";"DEL01-PR";"UOP03-DEL01-PR"
205458;2019-04-25;"quinta-feira";"07:20:00";"MG";40;42,5;"PARACATU";"Falta de Atenção à Condução";"Colisão transversal";"Com Vítimas Feridas";"Pleno dia";"Crescente";"Céu Claro";"Simples";"Interseção de Vias";"Sim";2;0;2;0;0;0;2;2;-17,22314467;-46,86508125;"SPRF-MG";"DEL14-MG";"UOP01-DEL14-MG"
205459;2019-04-25;"quinta-feira";"09:50:00";"DF";20;4,6;"BRASILIA";"Desobediência às normas de trânsito pelo condutor";"Colisão traseira";"Com Vítimas Feridas";"Pleno dia";"Decrescente";"Céu Claro";"Múltipla";"Reta";"Sim";2;0;1;0;1;0;1;2;-15,675484;-47,823761;"SPRF-DF";"DEL02-DF";"UOP01-DEL02-DF"
205460;2019-04-25;"quinta-feira";"09:45:00";"PR";376;598;"CURITIBA";"Desobediência às normas de trânsito pelo condutor";"Colisão transversal";"Com Vítimas Feridas";"Pleno dia";"Crescente";"Sol";"Dupla";"Reta";"Sim";4;0;4;0;0;0;4;2;-25,51947768;-49,33578014;"SPRF-PR";"DEL01-PR";"UOP06-DEL01-PR"
205465;2019-04-25;"quinta-feira";"09:30:00";"RJ";101;493;"ANGRA DOS REIS";"Falta de Atenção à Condução";"Colisão transversal";"Sem Vítimas";"Pleno dia";"Crescente";"Sol";"Simples";"Reta";"Sim";2;0;0;0;2;0;0;2;-22,94374503;-44,32522199;"SPRF-RJ";"DEL03-RJ";"UOP03-DEL03-RJ"
205466;2019-04-25;"quinta-feira";"10:05:00";"MG";116;276,5;"TEOFILO OTONI";"Falta de Atenção à Condução";"Colisão lateral";"Com Vítimas Feridas";"Pleno dia";"Decrescente";"Céu Claro";"Simples";"Reta";"Sim";1;0;1;0;0;0;1;1;-17,85105696;-41,51454492;"SPRF-MG";"DEL11-MG";"UOP01-DEL11-MG"
205468;2019-04-10;"quarta-feira";"19:57:00";"RJ";101;317;"SAO GONCALO";"Defeito na Via";"Queda de ocupante de veículo";"Com Vítimas Feridas";"Plena Noite";"Decrescente";"Nublado";"Dupla";"Reta";"Não";1;0;1;0;0;0;1;1;-22,83707798;-43,09492006;"SPRF-RJ";"DEL02-RJ";"DEL5/2-UOP04/RJ"
205472;2019-04-25;"quinta-feira";"10:20:00";"PE";232;11,5;"JABOATAO DOS GUARARAPES";"Sinalização da via insuficiente ou inadequada";"Colisão frontal";"Com Vítimas Feridas";"Pleno dia";"Decrescente";"Nublado";"Simples";"Curva";"Não";2;0;1;0;1;0;1;2;-8,08195464;-34,99545022;"SPRF-PE";"DEL01-PE";"UOP01-DEL01-PE"
205475;2019-04-25;"quinta-feira";"12:25:00";"SC";101;212;"PALHOCA";"Falta de Atenção à Condução";"Queda de ocupante de veículo";"Com Vítimas Feridas";"Pleno dia";"Crescente";"Céu Claro";"Múltipla";"Reta";"Não";1;0;1;0;0;0;1;1;-27,62996929;-48,65903871;"SPRF-SC";"DEL01-SC";"UOP02-DEL01-SC"
205476;2019-04-25;"quinta-feira";"11:30:00";"RJ";116;167,8;"RIO DE JANEIRO";"Falta de Atenção à Condução";"Colisão traseira";"Com Vítimas Feridas";"Pleno dia";"Decrescente";"Céu Claro";"Múltipla";"Reta";"Sim";3;0;1;0;2;0;1;2;-22,79960433;-43,35479736;"SPRF-RJ";"DEL01-RJ";"UOP02-DEL01-RJ"
205478;2019-04-25;"quinta-feira";"11:20:00";"PB";104;177;"ALCANTIL";"Falta de Atenção à Condução";"Capotamento";"Com Vítimas Feridas";"Pleno dia";"Crescente";"Céu Claro";"Simples";"Curva";"Não";1;0;1;0;0;0;1;1;-7,62195806;-36,07712437;"SPRF-PB";"DEL02-PB";"UOP03-DEL02-PB"
205479;2019-04-25;"quinta-feira";"13:00:00";"MG";381;332;"NOVA ERA";"Falta de Atenção à Condução";"Colisão transversal";"Com Vítimas Feridas";"Pleno dia";"Crescente";"Céu Claro";"Simples";"Interseção de Vias";"Não";3;0;0;1;2;0;1;2;-19,77559;-43,04523;"SPRF-MG";"DEL03-MG";"UOP01-DEL03-MG"
205481;2019-04-25;"quinta-feira";"13:00:00";"SP";116;150,3;"SAO JOSE DOS CAMPOS";"Falta de Atenção à Condução";"Colisão traseira";"Sem Vítimas";"Pleno dia";"Crescente";"Céu Claro";"Simples";"Reta";"Não";2;0;0;0;2;0;0;2;-23,221786;-45,90156555;"SPRF-SP";"DEL02-SP";"UOP01-DEL02-SP"