"id";"data_inversa";"dia_semana";"horario";"uf";"br";"km";"municipio";"causa_acidente";"tipo_acidente";"classificacao_acidente";"fase_dia";"sentido_via";"condicao_metereologica";"tipo_pista";"tracado_via";"uso_solo";"pessoas";"mortos";"feridos_leves";"feridos_graves";"ilesos";"ignorados";"feridos";"veiculos";"latitude";"longitude";"regional";"delegacia";"uop"
205613;2019-04-26;"sexta-feira";"06:45:00";"SP";381;65,5;"MAIRIPORA";"Defeito Mecânico no Veículo";"Colisão traseira";"Com Vítimas Feridas";"Amanhecer";"Decrescente";"Nublado";"Dupla";"Reta";"Sim";3;0;1;0;2;0;1;3;-23,32228959;-46,58105102;"SPRF-SP";"DEL03-SP";"UOP01-DEL03-SP"
205614;2019-04-26;"sexta-feira";"06:50:00";"ES";101;396;"RIO NOVO DO SUL";"Fenômenos da Natureza";"Colisão transversal";"Com Vítimas Feridas";"Pleno dia";"Decrescente";"Céu Claro";"Simples";"Reta";"Sim";2;0;1;0;1;0;1;2;-20,86825568;-40,93994021;"SPRF-ES";"DEL03-ES";"UOP02-DEL03-ES"
205615;2019-04-26;"sexta-feira";"06:40:00";"PE";101;100;"CABO DE SANTO AGOSTINHO";"Falta de Atenção à Condução";"Colisão lateral";"Sem Vítimas";"Pleno dia";"Crescente";"Nublado";"Dupla";"Reta";"Sim";2;0;0;0;2;0;0;2;-8,26699309;-35,05234386;"SPRF-PE";"DEL01-PE";"UOP03-DEL01-PE"
205617;2019-04-26;"sexta-feira";"07:30:00";"PR";369;146,9;"LONDRINA";"Não guardar distância de segurança";"Colisão lateral";"Com Vítimas Feridas";"Pleno dia";"Crescente";"Céu Claro";"Dupla";"Reta";"Sim";2;0;1;0;1;0;1;2;-23,293108;-51,130943;"SPRF-PR";"DEL07-PR";"UOP01-DEL07-PR"
205620;2019-04-26;"sexta-feira";"07:00:00";"SP";116;273;"TABOAO DA SERRA";"Velocidade Incompatível";"Colisão com objeto estático";"Com Vítimas Feridas";"Pleno dia";"Crescente";"Céu Claro";"Dupla";"Reta";"Sim";1;0;1;0;0;0;1;1;-23,62809795;-46,81870306;"SPRF-SP";"DEL04-SP";"UOP01-DEL04-SP"
205621;2019-04-25;"quinta-feira";"22:15:00";"RO";319;62,8;"PORTO VELHO";"Defeito na Via";"Queda de ocupante de veículo";"Com Vítimas Feridas";"Plena Noite";"Decrescente";"Céu Claro";"Múltipla";"Reta";"Sim";1;0;0;1;0;0;1;1;-8,766685;-63,884052;"SPRF-RO";"DEL01-RO";"UOP01-DEL01-RO"
205622;2019-04-26;"sexta-feira";"07:45:00";"PE";101;57,4;"PAULISTA";"Não guardar distância de segurança";"Colisão traseira";"Com Vítimas Feridas";"Pleno dia";"Crescente";"Sol";"Dupla";"Reta";"Não";3;0;2;0;1;0;2;2;-7,96346213;-34,91513486;"SPRF-PE";"DEL01-PE";"UOP02-DEL01-PE"
205623;2019-04-26;"sexta-feira";"07:00:00";"MG";50;178;"UBERABA";"Não guardar distância de segurança";"Colisão traseira";"Com Vítimas Feridas";"Pleno dia";"Crescente";"Céu Claro";"Dupla";"Reta;Aclive";"Sim";8;0;1;0;6;1;1;6;-19,77896821;-47,94093599;"SPRF-MG";"DEL13-MG";"UOP01-DEL13-MG"
205625;2019-04-26;"sexta-feira";"07:10:00";"PB";230;11,2;"CABEDELO";"Falta de Atenção à Condução";"Colisão transversal";"Com Vítimas Feridas";"Pleno dia";"Decrescente";"Nublado";"Dupla";"Interseção de Vias";"Sim";3;0;2;0;1;0;2;2;-7,0596;-34,8506;"SPRF-PB";"DEL01-PB";"UOP01-DEL01-PB"
205626;2019-04-26;"sexta-feira";"07:50:00";"ES";101;266,5;"SERRA";"Falta de Atenção à Condução";"Colisão traseira";"Com Vítimas Feridas";"Pleno dia";"Crescente";"Céu Claro";"Dupla";"Reta";"Sim";3;0;2;0;1;0;2;2;-20,190199;-40,26828891;"SPRF-ES";"DEL02-ES";"UOP01-DEL02-ES"
205627;2019-04-26;"sexta-feira";"07:05:00";"RO";174;14;"VILHENA";"Falta de Atenção à Condução";"Colisão traseira";"Com Vítimas Feridas";"Pleno dia";"Decrescente";"Céu Claro";"Dupla";"Reta";"Não";3;0;2;0;1;0;2;2;-12,73306632;-60,12981255;"SPRF-RO";"DEL04-RO";"UOP01-DEL04-RO"
205629;2019-04-26;"sexta-feira";"07:30:00";"SP";116;137,8;"SAO JOSE DOS CAMPOS";"Falta de Atenção à Condução";"Colisão lateral";"Com Vítimas Feridas";"Pleno dia";"Crescente";"Céu Claro";"Dupla";"Reta";"Não";2;0;1;0;1;0;1;2;-23,15300766;-45,78709317;"SPRF-SP";"DEL06-SP";"UOP02-DEL02-SP"
205630;2019-04-26;"sexta-feira";"07:32:00";"SP";116;138,5;"SAO JOSE DOS CAMPOS";"Falta de Atenção à Condução";"Colisão traseira";"Com Vítimas Feridas";"Pleno dia";"Crescente";"Céu Claro";"Dupla";"Reta";"Sim";2;0;1;0;1;0;1;2;-23,1572739;-45,79554605;"SPRF-SP";"DEL06-SP";"UOP02-DEL02-SP"
205631;2019-04-19;"sexta-feira";"02:25:00";"MS";267;115;"NOVA ANDRADINA";"Animais na Pista";"Atropelamento de Animal";"Sem Vítimas";"Plena Noite";"Crescente";"Céu Claro";"Simples";"Reta";"Não";1;0;0;0;1;0;0;1;-21,78851238;-53,17508621;"SPRF-MS";"DEL02-MS";"UOP03-DEL02-MS"
205634;2019-04-26;"sexta-feira";"08:00:00";"PI";343;27;"PARNAIBA";"Ultrapassagem Indevida";"Colisão lateral";"Com Vítimas Feridas";"Pleno dia";"Decrescente";"Nublado";"Simples";"Reta";"Não";2;0;1;0;1;0;1;2;-3,043463;-41,773762;"SPRF-PI";"DEL05-PI";"UOP01-DEL05-PI"
205635;2019-04-26;"sexta-feira";"08:30:00";"PI";316;10,3;"TERESINA";"Desobediência às normas de trânsito pelo condutor";"Colisão transversal";"Com Vítimas Feridas";"Pleno dia";"Crescente";"Sol";"Múltipla";"Rotatória";"Sim";2;0;1;0;1;0;1;2;-5,18280197;-42,76350291;"SPRF-PI";"DEL01-PI";"UOP02-DEL01-PI"
205636;2019-04-26;"sexta-feira";"07:35:00";"RS";392;4,7;"RIO GRANDE";"Desobediência às normas de trânsito pelo condutor";"Colisão transversal";"Com Vítimas Feridas";"Pleno dia";"Crescente";"Chuva";"Simples";"Reta";"Sim";2;0;0;1;1;0;1;2;-32,06960295;-52,09547805;"SPRF-RS";"DEL07-RS";"UOP02-DEL07-RS"
205640;2019-04-20;"sábado";"20:30:00";"MG";267;59;"BICAS";"Falta de Atenção à Condução";"Colisão frontal";"Com Vítimas Feridas";"Plena Noite";"Decrescente";"Céu Claro";"Simples";"Curva";"Sim";3;0;1;2;0;0;3;2;-21,72899325;-43,0678305;"SPRF-MG";"DEL07-MG";"UOP01-DEL07-MG"
205641;2019-04-26;"sexta-feira";"10:35:00";"GO";153;503;"APARECIDA DE GOIANIA";"Não guardar distância de segurança";"Colisão lateral";"Com Vítimas Feridas";"Pleno dia";"Decrescente";"Céu Claro";"Simples";"Reta";"Sim";2;0;0;1;1;0;1;2;-16,7366;-49,243;"SPRF-GO";"DEL01-GO";"UOP01-DEL01-GO"
205646;2019-04-26;"sexta-feira";"10:25:00";"PR";376;180,5;"MARINGA";"Defeito Mecânico no Veículo";"Tombamento";"Com Vítimas Feridas";"Pleno dia";"Crescente";"Céu Claro";"Dupla";"Reta";"Sim";1;0;1;0;0;0;1;1;-23,42560387;-51,89797282;"SPRF-PR";"DEL07-PR";"UOP01-DEL09-PR"
205647;2019-04-26;"sexta-feira";"11:10:00";"PB";101;90;"JOAO PESSOA";"Falta de Atenção à Condução";"Colisão lateral";"Com Vítimas Feridas";"Pleno dia";"Crescente";"Céu Claro";"Dupla";"Reta";"Sim";3;0;2;0;1;0;2;2;-7,179652;-34,900417;"SPRF-PB";"DEL01-PB";"UOP01-DEL01-PB"
205648;2019-04-26;"sexta-feira";"11:00:00";"GO";50;287;"CATALAO";"Defeito Mecânico no Veículo";"Incêndio";"Sem Vítimas";"Pleno dia";"Crescente";"Céu Claro";"Simples";"Interseção de Vias";"Não";1;0;0;0;1;0;0;1;-18,2261;-47,9777;"SPRF-GO";"DEL06-GO";"UOP01-DEL06-GO"
205653;2019-04-26;"sexta-feira";"11:04:00";"RR";174;571;"BOA VISTA";"Defeito Mecânico no Veículo";"Saída de leito carroçável";"Com Vítimas Fatais";"Pleno dia";"Decrescente";"Nublado";"Simples";"Reta";"Não";4;1;0;2;0;1;2;2;3,37238269;-60,87839305;"SPRF-RR";"DEL01-RR";"UOP02-DEL01-RR"
205654;2019-04-26;"sexta-feira";"11:00:00";"SE";101;182,7;"UMBAUBA";"Desobediência às normas de trânsito pelo condutor";"Colisão traseira";"Com Vítimas Feridas";"Pleno dia";"Decrescente";"Céu Claro";"Simples";"Reta";"Sim";2;0;1;0;1;0;1;2;-11,37900039;-37,6630326;"SPRF-SE";"DEL02-SE";"UOP03-DEL02-SE"
205655;2019-04-26;"sexta-feira";"11:00:00";"RS";285;300,7;"PASSO FUNDO";"Falta de Atenção à Condução";"Capotamento";"Com Vítimas Feridas";"Pleno dia";"Crescente";"Nublado";"Simples";"Interseção de Vias";"Não";1;0;1;0;0;0;1;1;-28,22733442;-52,47951686;"SPRF-RS";"DEL08-RS";"UOP03-DEL08-RS"
205656;2019-04-26;"sexta-feira";"12:42:00";"PB";101;90,5;"JOAO PESSOA";"Falta de Atenção à Condução";"Colisão transversal";"Com Vítimas Feridas";"Pleno dia";"Crescente";"Céu Claro";"Dupla";"Reta";"Sim";2;0;1;0;1;0;1;2;-7,179652;-34,900417;"SPRF-PB";"DEL01-PB";"UOP01-DEL01-PB"
205658;2019-04-26;"sexta-feira";"12:05:00";"SC";470;141;"RIO DO SUL";"Falta de Atenção à Condução";"Colisão transversal";"Sem Vítimas";"Pleno dia";"Decrescente";"Céu Claro";"Simples";"Reta";"Sim";2;0;0;0;2;0;0;2;-27,226065;-49,666161;"SPRF-SC";"DEL04-SC";"UOP02-DEL04-SC"
205660;2019-04-26;"sexta-feira";"10:00:00";"SC";282;514,7;"XANXERE";"Desobediência às normas de trânsito pelo condutor";"Colisão lateral";"Com Vítimas Feridas";"Pleno dia";"Crescente";"Céu Claro";"Simples";"Curva";"Não";2;0;1;0;1;0;1;2;-26,916084;-52,49052;"SPRF-SC";"DEL07-SC";"UOP01-DEL07-SC"
205665;2019-04-05;"sexta-feira";"15:09:00";"SC";101;205;"SAO JOSE";"Falta de Atenção à Condução";"Tombamento";"Com Vítimas Feridas";"Pleno dia";"Crescente";"Chuva";"Simples";"Reta";"Sim";2;0;0;1;1;0;1;1;-27,58313237;-48,61532885;"SPRF-SC";"DEL01-SC";"UOP01-DEL01-SC"
205666;2019-04-26;"sexta-feira";"13:00:00";"PE";407;129;"PETROLINA";"Desobediência às normas de trânsito pelo condutor";"Colisão transversal";"Com Vítimas Feridas";"Pleno dia";"Decrescente";"Céu Claro";"Dupla";"Rotatória";"Sim";3;0;1;0;2;0;1;2;-9,39958299;-40,50459298;"SPRF-PE";"DEL06-PE";"UOP01-DEL06-PE"
205668;2019-04-26;"sexta-feira";"13:50:00";"MG";365;671;"MONTE ALEGRE DE MINAS";"Falta de Atenção à Condução";"Saída de leito carroçável";"Com Vítimas Feridas";"Pleno dia";"Crescente";"Sol";"Dupla";"Reta";"Não";1;0;0;1;0;0;1;1;-18,88677;-48,71975;"SPRF-MG";"DEL15-MG";"UOP01-DEL15-MG"
205673;2019-04-26;"sexta-feira";"11:25:00";"AL";101;58,5;"MESSIAS";"Falta de Atenção à Condução";"Saída de leito carroçável";"Com Vítimas Feridas";"Pleno dia";"Crescente";"Chuva";"Dupla";"Curva";"Não";1;0;1;0;0;0;1;1;-9,28329399;-35,80281442;"SPRF-AL";"DEL01-AL";"UOP01-DEL01-AL"
205674;2019-04-26;"sexta-feira";"10:00:00";"MG";50;160,5;"UBERABA";"Defeito Mecânico no Veículo";"Capotamento";"Com Vítimas Feridas";"Pleno dia";"Decrescente";"Céu Claro";"Dupla";"Reta";"Não";1;0;1;0;0;0;1;1;-19,65077518;-48,00577746;"SPRF-MG";"DEL13-MG";"UOP01-DEL13-MG"
205675;2019-04-18;"quinta-feira";"18:00:00";"MT";70;93;"GENERAL CARNEIRO";"Falta de Atenção do Pedestre";"Atropelamento de Pedestre";"Com Vítimas Fatais";"Plena Noite";"Decrescente";"Nublado";"Simples";"Reta";"Não";2;1;0;0;0;1;0;2;-15,57303292;-52,88481701;"SPRF-MT";"DEL07-MT";"UOP01-DEL07-MT"
205677;2019-04-26;"sexta-feira";"09:55:00";"MG";50;177,5;"UBERABA";"Falta de Atenção à Condução";"Saída de leito carroçável";"Com Vítimas Feridas";"Pleno dia";"Crescente";"Céu Claro";"Dupla";"Curva";"Sim";4;0;3;0;1;0;3;1;-19,77940465;-47,94714689;"SPRF-MG";"DEL13-MG";"UOP01-DEL13-MG"
205678;2019-04-26;"sexta-feira";"14:00:00";"PR";376;183,9;"SARANDI";"Não guardar distância de segurança";"Colisão traseira";"Com Vítimas Feridas";"Pleno dia";"Decrescente";"Céu Claro";"Dupla";"Reta";"Sim";2;0;1;0;1;0;1;2;-23,44159097;-51,87067398;"SPRF-PR";"DEL07-PR";"UOP01-DEL09-PR"
205679;2019-04-26;"sexta-feira";"09:55:00";"MG";50;177,6;"UBERABA";"Não guardar distância de segurança";"Colisão traseira";"Com Vítimas Feridas";"Pleno dia";"Crescente";"Céu Claro";"Dupla";"Viaduto";"Sim";3;0;0;1;1;1;1;3;-19,77965126;-47,94425163;"SPRF-MG";"DEL13-MG";"UOP01-DEL13-MG"
205680;2019-02-25;"segunda-feira";"14:00:00";"SP";116;18,6;"LAVRINHAS";"Falta de Atenção à Condução";"Colisão lateral";"Com Vítimas Feridas";"Pleno dia";"Decrescente";"Nublado";"Múltipla";"Reta";"Não";2;0;1;0;1;0;1;2;-22,558407;-44,856655;"SPRF-SP";"DEL08-SP";"UOP02-DEL08-SP"
205683;2019-04-26;"sexta-feira";"11:50:00";"SC";470;248,3;"CURITIBANOS";"Mal Súbito";"Saída de leito carroçável";"Com Vítimas Feridas";"Pleno dia";"Crescente";"Nublado";"Simples";"Reta";"Não";1;0;1;0;0;0;1;1;-27,314163;-50,550713;"SPRF-SC";"DEL05-SC";"UOP03-DEL05-SC"
205686;2019-04-26;"sexta-feira";"13:50:00";"MG";251;518,4;"MONTES CLAROS";"Falta de Atenção à Condução";"Colisão frontal";"Com Vítimas Feridas";"Pleno dia";"Decrescente";"Céu Claro";"Simples";"Reta";"Não";2;0;1;0;1;0;1;2;-16,66257909;-43,76892799;"SPRF-MG";"DEL12-MG";"UOP01-DEL12-MG"
205688;2019-04-26;"sexta-feira";"13:50:00";"CE";116;47;"PACAJUS";"Pista Escorregadia";"Saída de leito carroçável";"Com Vítimas Feridas";"Pleno dia";"Crescente";"Chuva";"Dupla";"Curva";"Sim";2;0;2;0;0;0;2;1;-4,14746618;-38,47778184;"SPRF-CE";"DEL01-CE";"UOP02-DEL01-CE"
205689;2019-04-26;"sexta-feira";"15:00:00";"SP";153;52,8;"SAO JOSE DO RIO PRETO";"Não guardar distância de segurança";"Colisão traseira";"Com Vítimas Feridas";"Pleno dia";"Crescente";"Céu Claro";"Simples";"Reta";"Não";2;0;2;0;0;0;2;1;-20,72702499;-49,33838971;"SPRF-SP";"DEL09-SP";"UOP01-DEL09-SP"
205690;2019-04-26;"sexta-feira";"13:15:00";"MG";365;464;"PATROCINIO";"Defeito Mecânico no Veículo";"Colisão traseira";"Com Vítimas Feridas";"Pleno dia";"Crescente";"Céu Claro";"Simples";"Aclive";"Não";5;0;1;0;4;0;1;2;-18,89425188;-46,94298207;"SPRF-MG";"DEL10-MG";"UOP01-DEL10-MG"
205691;2019-04-26;"sexta-feira";"15:00:00";"RS";0;0;"CANOAS";"Falta de Atenção do Pedestre";"Atropelamento de Pedestre";"Com Vítimas Feridas";"Pleno dia";"Não Informado";"Céu Claro";"Múltipla";"Reta";"Sim";2;0;0;1;1;0;1;2;-29,914435;-51,17754495;"SPRF-RS";"DEL01-RS";"UOP01-DEL01-RS"
205692;2019-04-26;"sexta-feira";"09:30:00";"MS";262;95;"TRES LAGOAS";"Falta de Atenção à Condução";"Saída de leito carroçável";"Com Vítimas Feridas";"Pleno dia";"Crescente";"Céu Claro";"Simples";"Reta";"Não";4;0;3;0;1;0;3;1;-20,58624404;-52,45150702;"SPRF-MS";"DEL07-MS";"UOP02-DEL07-MS"
205694;2019-04-26;"sexta-feira";"13:15:00";"SC";101;357,7;"SANGAO";"Ingestão de Álcool";"Colisão traseira";"Com Vítimas Feridas";"Pleno dia";"Decrescente";"Céu Claro";"Dupla";"Reta";"Sim";2;0;0;1;1;0;1;2;-28,64973333;-49,10468102;"SPRF-SC";"DEL02-SC";"UOP01-DEL02-SC"
205695;2019-04-26;"sexta-feira";"15:20:00";"RJ";101;489;"ANGRA DOS REIS";"Falta de Atenção à Condução";"Queda de ocupante de veículo";"Com Vítimas Feridas";"Pleno dia";"Crescente";"Céu Claro";"Simples";"Reta";"Não";1;0;1;0;0;0;1;1;-22,95605138;-44,30404997;"SPRF-RJ";"DEL03-RJ";"UOP03-DEL03-RJ"
205697;2019-04-26;"sexta-feira";"15:45:00";"RS";470;247,2;"BARAO";"Objeto estático sobre o leito carroçável";"Colisão traseira";"Com Vítimas Feridas";"Pleno dia";"Crescente";"Céu Claro";"Simples";"Curva";"Não";3;0;1;0;2;0;1;3;-29,37593098;-51,49908082;"SPRF-RS";"DEL06-RS";"UOP01-DEL06-RS"
205698;2019-04-26;"sexta-feira";"16:30:00";"PB";230;20,5;"JOAO PESSOA";"Falta de Atenção à Condução";"Engavetamento";"Sem Vítimas";"Pleno dia";"Crescente";"Céu Claro";"Dupla";"Reta";"Sim";6;0;0;0;6;0;0;6;-7,13774953;-34,85347152;"SPRF-PB";"DEL01-PB";"UOP01-DEL01-PB"
205699;2019-04-26;"sexta-feira";"16:03:00";"SP";116;221,6;"GUARULHOS";"Não guardar distância de segurança";"Colisão lateral";"Com Vítimas Feridas";"Pleno dia";"Crescente";"Nublado";"Múltipla";"Reta";"Sim";3;0;2;0;1;0;2;2;-23,46802395;-46,50704901;"SPRF-SP";"DEL01-SP";"UOP01-DEL01-SP"
205702;2019-04-26;"sexta-feira";"16:45:00";"SP";153;59;"SAO JOSE DO RIO PRETO";"Falta de Atenção à Condução";"Colisão transversal";"Com Vítimas Feridas";"Pleno dia";"Decrescente";"Céu Claro";"Simples";"Reta";"Sim";2;0;1;0;1;0;1;2;-20,78733103;-49,35399276;"SPRF-SP";"DEL09-SP";"UOP01-DEL09-SP"
205704;2019-04-26;"sexta-feira";"15:05:00";"SC";101;358,7;"SANGAO";"Agressão Externa";"Saída de leito carroçável";"Com Vítimas Feridas";"Pleno dia";"Crescente";"Nublado";"Múltipla";"Reta";"Não";3;0;2;0;1;0;2;1;-28,64843659;-49,10410794;"SPRF-SC";"DEL02-SC";"UOP01-DEL02-SC"
205705;2019-04-26;"sexta-feira";"17:20:00";"RS";287;248,9;"SANTA MARIA";"Falta de Atenção à Condução";"Colisão transversal";"Com Vítimas Feridas";"Plena Noite";"Decrescente";"Chuva";"Simples";"Reta";"Sim";2;0;1;0;1;0;1;2;-29,696018;-53,850956;"SPRF-RS";"DEL09-RS";"UOP01-DEL09-RS"
205706;2019-04-26;"sexta-feira";"17:20:00";"SC";101;213,5;"PALHOCA";"Falta de Atenção à Condução";"Colisão traseira";"Com Vítimas Feridas";"Anoitecer";"Crescente";"Céu Claro";"Múltipla";"Reta";"Sim";3;0;1;0;2;0;1;2;-27,63697369;-48,66514142;"SPRF-SC";"DEL01-SC";"UOP02-DEL01-SC"
205708;2019-04-26;"sexta-feira";"15:45:00";"MG";459;89,6;"CONGONHAL";"Falta de Atenção à Condução";"Colisão lateral";"Com Vítimas Feridas";"Pleno dia";"Decrescente";"Céu Claro";"Simples";"Curva";"Não";2;0;1;0;1;0;1;2;-22,17296731;-46,00230128;"SPRF-MG";"DEL13-MG";"UOP01-DEL13-MG"
205709;2019-04-26;"sexta-feira";"17:11:00";"DF";20;22;"BRASILIA";"Desobediência às normas de trânsito pelo condutor";"Colisão lateral";"Com Vítimas Feridas";"Pleno dia";"Crescente";"Céu Claro";"Dupla";"Reta";"Sim";1;0;1;0;0;0;1;1;-15,59834;-47,676186;"SPRF-DF";"DEL02-DF";"UOP01-DEL02-DF"
205711;2019-04-26;"sexta-feira";"17:40:00";"PE";101;72;"RECIFE";"Desobediência às normas de trânsito pelo condutor";"Colisão lateral";"Com Vítimas Fatais";"Plena Noite";"Crescente";"Céu Claro";"Dupla";"Desvio Temporário;Reta;Em Obras";"Sim";3;1;0;0;1;1;0;3;-8,090378;-34,946741;"SPRF-PE";"DEL01-PE";"UOP01-DEL01-PE"
205712;2019-04-26;"sexta-feira";"16:00:00";"PR";277;81;"CURITIBA";"Defeito Mecânico no Veículo";"Queda de ocupante de veículo";"Com Vítimas Feridas";"Pleno dia";"Decrescente";"Céu Claro";"Dupla";"Reta";"Sim";1;0;1;0;0;0;1;1;-25,46374746;-49,21766986;"SPRF-PR";"DEL01-PR";"UOP07-DEL01-PR"
205713;2019-04-26;"sexta-feira";"17:10:00";"RJ";101;278;"TANGUA";"Falta de Atenção à Condução";"Saída de leito carroçável";"Com Vítimas Feridas";"Anoitecer";"Crescente";"Céu Claro";"Dupla";"Reta";"Sim";1;0;1;0;0;0;1;1;-22,74024136;-42,75799897;"SPRF-RJ";"DEL02-RJ";"UOP03-DEL02-RJ"
205717;2019-04-26;"sexta-feira";"18:00:00";"SC";470;50,4;"BLUMENAU";"Desobediência às normas de trânsito pelo condutor";"Colisão frontal";"Com Vítimas Feridas";"Plena Noite";"Crescente";"Céu Claro";"Simples";"Reta";"Sim";3;0;2;0;1;0;2;3;-26,859768;-49,074493;"SPRF-SC";"DEL04-SC";"UOP01-DEL04-SC"
205718;2019-04-26;"sexta-feira";"17:40:00";"MG";381;488;"BETIM";"Não guardar distância de segurança";"Colisão traseira";"Com Vítimas Feridas";"Pleno dia";"Crescente";"Céu Claro";"Dupla";"Reta";"Sim";2;0;2;0;0;0;2;1;-19,9598656;-44,15489715;"SPRF-MG";"DEL01-MG";"UOP03-DEL01-MG"
205719;2019-04-26;"sexta-feira";"17:40:00";"SP";116;534;"BARRA DO TURVO";"Velocidade Incompatível";"Capotamento";"Sem Vítimas";"Plena Noite";"Decrescente";"Nublado";"Dupla";"Reta";"Não";1;0;0;0;1;0;0;1;-24,96240898;-48,33996602;"SPRF-SP";"DEL05-SP";"UOP02-DEL05-SP"
205720;2019-04-26;"sexta-feira";"18:10:00";"MG";381;486;"BETIM";"Não guardar distância de segurança";"Colisão traseira";"Com Vítimas Feridas";"Anoitecer";"Crescente";"Céu Claro";"Dupla";"Reta";"Sim";2;0;1;0;1;0;1;2;-19,95644414;-44,13611598;"SPRF-MG";"DEL01-MG";"UOP03-DEL01-MG"
205721;2019-04-26;"sexta-feira";"17:00:00";"PE";424;69,4;"CAETES";"Falta de Atenção à Condução";"Colisão frontal";"Com Vítimas Feridas";"Plena Noite";"Crescente";"Garoa/Chuvisco";"Simples";"Reta";"Sim";3;0;0;1;1;1;1;2;-8,77398589;-36,62798492;"SPRF-PE";"DEL03-PE";"UOP01-DEL03-PE"
205723;2019-04-26;"sexta-feira";"18:40:00";"CE";20;419;"MARACANAU";"Falta de Atenção do Pedestre";"Atropelamento de Pedestre";"Com Vítimas Feridas";"Plena Noite";"Crescente";"Garoa/Chuvisco";"Dupla";"Reta";"Sim";2;0;0;1;1;0;1;2;-3,76999035;-38,67006282;"SPRF-CE";"DEL01-CE";"UOP02-DEL01-CE"
205724;2019-04-26;"sexta-feira";"18:00:00";"SP";116;226,5;"GUARULHOS";"Falta de Atenção à Condução";"Tombamento";"Com Vítimas Feridas";"Plena Noite";"Decrescente";"Nublado";"Múltipla";"Reta";"Sim";1;0;1;0;0;0;1;1;-23,49095773;-46,5488255;"SPRF-SP";"DEL01-SP";"UOP01-DEL01-SP"
205725;2019-04-26;"sexta-feira";"18:20:00";"ES";101;252,5;"SERRA";"Não guardar distância de segurança";"Colisão traseira";"Com Vítimas Feridas";"Plena Noite";"Decrescente";"Nublado";"Simples";"Reta";"Não";3;0;1;0;2;0;1;3;-20,0879949;-40,34351677;"SPRF-ES";"DEL02-ES";"UOP01-DEL02-ES"
205726;2019-04-26;"sexta-feira";"18:20:00";"PB";110;183,6;"MONTEIRO";"Animais na Pista";"Atropelamento de Animal";"Com Vítimas Fatais";"Plena Noite";"Decrescente";"Nublado";"Simples";"Reta";"Não";1;1;0;0;0;0;0;1;-7,908707;-37,143028;"SPRF-PB";"DEL02-PB";"UOP02-DEL02-PB"
205727;2019-04-26;"sexta-feira";"18:30:00";"ES";262;17;"VIANA";"Falta de Atenção à Condução";"Colisão transversal";"Com Vítimas Feridas";"Plena Noite";"Decrescente";"Céu Claro";"Simples";"Reta";"Sim";3;0;1;0;1;1;1;3;-20,38635961;-40,47272969;"SPRF-ES";"DEL01-ES";"UOP01-DEL01-ES"
205730;2019-04-26;"sexta-feira";"18:50:00";"GO";60;165;"GOIANIA";"Falta de Atenção à Condução";"Colisão lateral";"Com Vítimas Feridas";"Plena Noite";"Crescente";"Vento";"Dupla";"Reta";"Sim";2;0;1;0;1;0;1;2;-16,7175;-49,3663;"SPRF-GO";"DEL01-GO";"UOP02-DEL01-GO"
205731;2019-04-26;"sexta-feira";"18:30:00";"SP";116;272;"TABOAO DA SERRA";"Falta de Atenção à Condução";"Colisão traseira";"Com Vítimas Feridas";"Plena Noite";"Decrescente";"Céu Claro";"Dupla";"Reta";"Sim";2;0;2;0;0;0;2;2;-23,61095426;-46,77174658;"SPRF-SP";"DEL04-SP";"UOP01-DEL04-SP"
205733;2019-04-26;"sexta-feira";"14:30:00";"PI";222;4;"SAO JOAO DA FRONTEIRA";"Desobediência às normas de trânsito pelo condutor";"Colisão frontal";"Com Vítimas Feridas";"Pleno dia";"Crescente";"Céu Claro";"Simples";"Reta";"Sim";3;0;2;0;1;0;2;2;-3,93654178;-41,2597933;"SPRF-PI";"DEL02-PI";"UOP01-DEL02-PI"
205735;2019-04-26;"sexta-feira";"18:45:00";"SP";116;401,2;"MIRACATU";"Falta de Atenção à Condução";"Colisão traseira";"Com Vítimas Feridas";"Anoitecer";"Crescente";"Nublado";"Dupla";"Reta";"Não";2;0;1;0;1;0;1;2;-24,31051469;-47,50995275;"SPRF-SP";"DEL04-SP";"UOP02-DEL04-SP"
205739;2019-04-26;"sexta-feira";"12:30:00";"BA";101;755;"ITABELA";"Velocidade Incompatível";"Saída de leito carroçável";"Com Vítimas Feridas";"Pleno dia";"Decrescente";"Sol";"Simples";"Declive;Reta";"Não";1;0;1;0;0;0;1;1;-16,79804707;-39,48592517;"SPRF-BA";"DEL09-BA";"UOP01-DEL09-BA"
205741;2019-04-26;"sexta-feira";"18:50:00";"PR";369;148,9;"LONDRINA";"Falta de Atenção à Condução";"Colisão traseira";"Com Vítimas Feridas";"Plena Noite";"Crescente";"Céu Claro";"Dupla";"Reta";"Sim";3;0;1;0;2;0;1;2;-23,2928551;-51,14865303;"SPRF-PR";"DEL07-PR";"UOP01-DEL07-PR"
205742;2019-04-26;"sexta-feira";"19:30:00";"SP";116;4;"QUELUZ";"Desobediência às normas de trânsito pelo condutor";"Queda de ocupante de veículo";"Com Vítimas Feridas";"Plena Noite";"Crescente";"Céu Claro";"Dupla";"Reta";"Não";1;0;0;1;0;0;1;1;-22,52543456;-44,73580573;"SPRF-SP";"DEL08-SP";"UOP02-DEL08-SP"