"id";"data_inversa";"dia_semana";"horario";"uf";"br";"km";"municipio";"causa_acidente";"tipo_acidente";"classificacao_acidente";"fase_dia";"sentido_via";"condicao_metereologica";"tipo_pista";"tracado_via";"uso_solo";"pessoas";"mortos";"feridos_leves";"feridos_graves";"ilesos";"ignorados";"feridos";"veiculos";"latitude";"longitude";"regional";"delegacia";"uop"
205743;2019-04-26;"sexta-feira";"18:15:00";"MT";70;522,5;"VARZEA GRANDE";"Falta de Atenção à Condução";"Atropelamento de Pedestre";"Com Vítimas Feridas";"Plena Noite";"Crescente";"Céu Claro";"Simples";"Reta";"Sim";5;0;1;0;4;0;1;2;-15,6599901;-56,18805975;"SPRF-MT";"DEL01-MT";"DEL2/4-UOP02/MT"
205744;2019-04-26;"sexta-feira";"18:30:00";"CE";20;241;"MADALENA";"Ingestão de Álcool";"Atropelamento de Pedestre";"Com Vítimas Feridas";"Plena Noite";"Crescente";"Céu Claro";"Simples";"Reta";"Não";3;0;3;0;0;0;3;2;-4,84037364;-39,56497452;"SPRF-CE";"DEL02-CE";"UOP02-DEL02-CE"
205746;2019-04-26;"sexta-feira";"19:00:00";"SP";381;67;"MAIRIPORA";"Falta de Atenção à Condução";"Colisão lateral";"Com Vítimas Feridas";"Plena Noite";"Crescente";"Céu Claro";"Dupla";"Reta";"Sim";3;0;1;0;2;0;1;2;-23,33226094;-46,57675379;"SPRF-SP";"DEL03-SP";"UOP01-DEL03-SP"
205747;2019-04-26;"sexta-feira";"19:45:00";"PE";232;251,4;"ARCOVERDE";"Falta de Atenção à Condução";"Colisão frontal";"Com Vítimas Feridas";"Plena Noite";"Crescente";"Céu Claro";"Simples";"Reta";"Sim";3;0;1;1;1;0;2;2;-8,42350887;-37,05286107;"SPRF-PE";"DEL03-PE";"UOP02-DEL03-PE"
205752;2019-04-26;"sexta-feira";"20:10:00";"RS";392;18;"RIO GRANDE";"Desobediência às normas de trânsito pelo condutor";"Colisão lateral";"Sem Vítimas";"Plena Noite";"Decrescente";"Chuva";"Dupla";"Reta";"Sim";3;0;0;0;3;0;0;2;-32,09017991;-52,17651198;"SPRF-RS";"DEL07-RS";"UOP02-DEL07-RS"
205753;2019-04-26;"sexta-feira";"18:50:00";"RS";392;351;"SANTA MARIA";"Falta de Atenção do Pedestre";"Atropelamento de Pedestre";"Com Vítimas Feridas";"Anoitecer";"Decrescente";"Chuva";"Simples";"Reta";"Sim";2;0;0;1;1;0;1;2;-29,7284269;-53,80323691;"SPRF-RS";"DEL09-RS";"UOP01-DEL09-RS"
205754;2019-04-26;"sexta-feira";"19:50:00";"PR";116;57;"CAMPINA GRANDE DO SUL";"Ingestão de Álcool";"Colisão traseira";"Sem Vítimas";"Plena Noite";"Crescente";"Céu Claro";"Múltipla";"Aclive;Reta";"Não";2;0;0;0;2;0;0;2;-25,28847066;-48,9329365;"SPRF-PR";"DEL01-PR";"UOP02-DEL01-PR"
205755;2019-04-26;"sexta-feira";"17:50:00";"RO";364;712;"PORTO VELHO";"Falta de Atenção à Condução";"Colisão transversal";"Com Vítimas Feridas";"Anoitecer";"Crescente";"Céu Claro";"Simples";"Viaduto";"Não";2;0;0;1;1;0;1;2;-8,77753304;-63,8717553;"SPRF-RO";"DEL01-RO";"UOP01-DEL01-RO"
205756;2019-04-26;"sexta-feira";"19:00:00";"PR";116;132;"FAZENDA RIO GRANDE";"Não guardar distância de segurança";"Colisão lateral";"Com Vítimas Feridas";"Plena Noite";"Crescente";"Nublado";"Múltipla";"Reta";"Não";5;0;1;0;4;0;1;2;-25,65733698;-49,31212612;"SPRF-PR";"DEL01-PR";"UOP03-DEL01-PR"
205758;2019-04-26;"sexta-feira";"20:00:00";"SE";101;171;"SANTA LUZIA DO ITANHY";"Não guardar distância de segurança";"Colisão lateral";"Com Vítimas Feridas";"Plena Noite";"Crescente";"Chuva";"Simples";"Reta";"Não";3;0;1;1;0;1;2;2;-11,33387805;-37,57638299;"SPRF-SE";"DEL02-SE";"UOP01-DEL02-SE"
205761;2019-04-26;"sexta-feira";"16:30:00";"PI";343;548,9;"FRANCISCO AYRES";"Objeto estático sobre o leito carroçável";"Saída de leito carroçável";"Sem Vítimas";"Pleno dia";"Crescente";"Céu Claro";"Simples";"Reta";"Não";4;0;0;0;4;0;0;1;-6,596315;-42,807438;"SPRF-PI";"DEL03-PI";"UOP01-DEL03-PI"
205764;2019-04-26;"sexta-feira";"21:05:00";"PE";232;408,9;"SERRA TALHADA";"Sinalização da via insuficiente ou inadequada";"Atropelamento de Pedestre";"Com Vítimas Feridas";"Plena Noite";"Decrescente";"Vento";"Simples";"Interseção de Vias";"Sim";2;0;0;1;1;0;1;2;-7,98371447;-38,28047709;"SPRF-PE";"DEL04-PE";"UOP01-DEL04-PE"
205767;2019-04-26;"sexta-feira";"21:30:00";"MG";381;495,5;"BETIM";"Pista Escorregadia";"Tombamento";"Com Vítimas Feridas";"Plena Noite";"Decrescente";"Céu Claro";"Dupla";"Reta;Interseção de Vias";"Sim";2;0;2;0;0;0;2;1;-19,97488147;-44,18778419;"SPRF-MG";"DEL01-MG";"UOP03-DEL01-MG"
205769;2019-04-26;"sexta-feira";"20:55:00";"SP";116;53,7;"LORENA";"Avarias e/ou desgaste excessivo no pneu";"Queda de ocupante de veículo";"Com Vítimas Feridas";"Plena Noite";"Decrescente";"Nublado";"Dupla";"Reta;Declive";"Não";2;0;1;0;1;0;1;1;-22,75255433;-45,10741076;"SPRF-SP";"DEL08-SP";"UOP01-DEL08-SP"
205770;2019-04-26;"sexta-feira";"22:10:00";"SC";101;203,2;"SAO JOSE";"Falta de Atenção à Condução";"Colisão lateral";"Com Vítimas Feridas";"Plena Noite";"Decrescente";"Céu Claro";"Múltipla";"Declive";"Sim";3;0;0;1;1;1;1;3;-27,5650044;-48,61460082;"SPRF-SC";"DEL01-SC";"UOP01-DEL01-SC"
205771;2019-04-26;"sexta-feira";"16:50:00";"RO";435;55;"VILHENA";"Falta de Atenção à Condução";"Queda de ocupante de veículo";"Com Vítimas Feridas";"Pleno dia";"Decrescente";"Céu Claro";"Simples";"Reta";"Não";1;0;1;0;0;0;1;1;-13,01256503;-60,40398521;"SPRF-RO";"DEL04-RO";"UOP02-DEL04-RO"
205772;2019-04-26;"sexta-feira";"21:40:00";"ES";262;3,9;"CARIACICA";"Falta de Atenção à Condução";"Colisão traseira";"Com Vítimas Feridas";"Pleno dia";"Crescente";"Céu Claro";"Múltipla";"Reta";"Sim";2;0;1;0;1;0;1;2;-20,33374432;-40,36910933;"SPRF-ES";"DEL01-ES";"UOP01-DEL01-ES"
205774;2019-04-26;"sexta-feira";"22:00:00";"SC";101;151;"ITAPEMA";"Ingestão de Álcool";"Colisão com objeto estático";"Sem Vítimas";"Plena Noite";"Decrescente";"Céu Claro";"Dupla";"Reta";"Sim";1;0;0;0;0;1;0;1;-27,126536;-48,609642;"SPRF-SC";"DEL04-SC";"UOP03-DEL04-SC"
205775;2019-04-26;"sexta-feira";"21:00:00";"PR";277;116;"CAMPO LARGO";"Ingestão de Álcool";"Colisão traseira";"Com Vítimas Feridas";"Plena Noite";"Decrescente";"Céu Claro";"Dupla";"Reta";"Sim";3;0;1;0;2;0;1;2;-25,45011141;-49,52030895;"SPRF-PR";"DEL01-PR";"UOP06-DEL01-PR"
205777;2019-04-26;"sexta-feira";"22:55:00";"SP";116;131;"CACAPAVA";"Condutor Dormindo";"Colisão traseira";"Com Vítimas Feridas";"Plena Noite";"Decrescente";"Céu Claro";"Dupla";"Reta";"Sim";3;0;2;0;1;0;2;2;-23,12742083;-45,73636609;"SPRF-SP";"DEL06-SP";"UOP02-DEL02-SP"
205781;2019-04-26;"sexta-feira";"22:40:00";"SP";153;49,3;"SAO JOSE DO RIO PRETO";"Velocidade Incompatível";"Saída de leito carroçável";"Sem Vítimas";"Plena Noite";"Decrescente";"Céu Claro";"Simples";"Reta";"Não";1;0;0;0;0;1;0;1;-20,70000401;-49,33945823;"SPRF-SP";"DEL09-SP";"UOP01-DEL09-SP"
205784;2019-04-26;"sexta-feira";"19:10:00";"RS";392;28;"RIO GRANDE";"Falta de Atenção à Condução";"Colisão traseira";"Com Vítimas Feridas";"Plena Noite";"Crescente";"Chuva";"Dupla";"Reta";"Sim";2;0;0;1;0;1;1;2;-32,06236294;-52,2685754;"SPRF-RS";"DEL07-RS";"UOP02-DEL07-RS"
205785;2019-04-27;"sábado";"01:18:00";"ES";101;204;"JOAO NEIVA";"Falta de Atenção à Condução";"Saída de leito carroçável";"Com Vítimas Feridas";"Plena Noite";"Crescente";"Nublado";"Simples";"Interseção de Vias";"Sim";1;0;1;0;0;0;1;1;-19,74948916;-40,37922678;"SPRF-ES";"DEL02-ES";"UOP01-DEL02-ES"
205787;2019-04-27;"sábado";"01:00:00";"PE";408;77,7;"PAUDALHO";"Velocidade Incompatível";"Saída de leito carroçável";"Sem Vítimas";"Plena Noite";"Decrescente";"Céu Claro";"Dupla";"Reta";"Sim";1;0;0;0;0;1;0;1;-7,919003;-35,162964;"SPRF-PE";"DEL01-PE";"UOP01-DEL01-PE"
205789;2019-04-27;"sábado";"01:35:00";"MG";381;457;"BELO HORIZONTE";"Falta de Atenção à Condução";"Colisão lateral";"Com Vítimas Feridas";"Plena Noite";"Decrescente";"Céu Claro";"Simples";"Reta";"Sim";2;0;2;0;0;0;2;2;-19,86134886;-43,92063055;"SPRF-MG";"DEL01-MG";"UOP01-DEL01-MG"
205790;2019-04-27;"sábado";"01:00:00";"PR";376;175;"MARINGA";"Falta de Atenção à Condução";"Colisão lateral";"Com Vítimas Feridas";"Plena Noite";"Decrescente";"Céu Claro";"Dupla";"Reta";"Sim";3;0;2;0;0;1;2;2;-23,41396603;-51,94902107;"SPRF-PR";"DEL07-PR";"UOP01-DEL09-PR"
205793;2019-04-27;"sábado";"01:15:00";"PR";369;163,2;"CAMBE";"Animais na Pista";"Atropelamento de Animal";"Com Vítimas Feridas";"Plena Noite";"Decrescente";"Céu Claro";"Dupla";"Reta";"Não";1;0;1;0;0;0;1;1;-23,296456;-51,281779;"SPRF-PR";"DEL07-PR";"UOP01-DEL07-PR"
205795;2019-04-27;"sábado";"03:45:00";"SC";470;54;"BLUMENAU";"Desobediência às normas de trânsito pelo condutor";"Colisão lateral";"Com Vítimas Feridas";"Plena Noite";"Crescente";"Nublado";"Simples";"Reta";"Não";2;0;1;0;1;0;1;2;-26,87113417;-49,11094845;"SPRF-SC";"DEL04-SC";"UOP01-DEL04-SC"
205797;2019-04-26;"sexta-feira";"22:50:00";"PR";116;119;"CURITIBA";"Falta de Atenção à Condução";"Colisão transversal";"Com Vítimas Feridas";"Plena Noite";"Crescente";"Nublado";"Múltipla";"Reta";"Não";1;0;1;0;0;0;1;1;-25,54456009;-49,30146002;"SPRF-PR";"DEL01-PR";"UOP03-DEL01-PR"
205798;2019-04-27;"sábado";"03:20:00";"SP";116;206,6;"GUARULHOS";"Falta de Atenção à Condução";"Colisão com objeto estático";"Com Vítimas Feridas";"Plena Noite";"Decrescente";"Nublado";"Dupla";"Reta";"Sim";1;0;1;0;0;0;1;1;-23,41921694;-46,3817668;"SPRF-SP";"DEL01-SP";"UOP01-DEL01-SP"
205799;2019-04-27;"sábado";"04:00:00";"GO";60;175,9;"ABADIA DE GOIAS";"Condutor Dormindo";"Colisão com objeto estático";"Com Vítimas Feridas";"Plena Noite";"Crescente";"Céu Claro";"Dupla";"Viaduto";"Sim";1;0;0;1;0;0;1;1;-16,7519;-49,4317;"SPRF-GO";"DEL01-GO";"UOP02-DEL01-GO"
205800;2019-04-27;"sábado";"02:45:00";"SC";101;269,1;"IMBITUBA";"Ingestão de Substâncias Psicoativas";"Colisão lateral";"Com Vítimas Feridas";"Plena Noite";"Crescente";"Céu Claro";"Dupla";"Reta";"Não";5;0;2;0;3;0;2;2;-28,09417595;-48,70917593;"SPRF-SC";"DEL02-SC";"UOP03-DEL02-SC"
205804;2019-04-27;"sábado";"05:00:00";"DF";70;13,7;"BRASILIA";"Ingestão de Álcool";"Capotamento";"Com Vítimas Feridas";"Amanhecer";"Crescente";"Céu Claro";"Dupla";"Rotatória";"Não";2;0;2;0;0;0;2;1;-15,794558;-48,166584;"SPRF-DF";"DEL01-DF";"UOP02-DEL03-DF"
205805;2019-04-27;"sábado";"04:00:00";"SP";116;147,6;"SAO JOSE DOS CAMPOS";"Desobediência às normas de trânsito pelo condutor";"Colisão com objeto estático";"Com Vítimas Feridas";"Plena Noite";"Crescente";"Céu Claro";"Múltipla";"Reta";"Sim";4;0;3;0;1;0;3;2;-23,19542994;-45,87176303;"SPRF-SP";"DEL02-SP";"UOP01-DEL02-SP"
205806;2019-04-27;"sábado";"04:59:00";"PR";277;724;"FOZ DO IGUACU";"Velocidade Incompatível";"Saída de leito carroçável";"Com Vítimas Fatais";"Plena Noite";"Crescente";"Chuva";"Dupla";"Declive";"Sim";4;1;0;3;0;0;3;1;-25,50257577;-54,53868311;"SPRF-PR";"DEL05-PR";"UOP01-DEL05-PR"
205808;2019-04-27;"sábado";"03:50:00";"SC";470;140,6;"RIO DO SUL";"Ingestão de Álcool";"Colisão frontal";"Sem Vítimas";"Plena Noite";"Crescente";"Nublado";"Simples";"Curva";"Não";2;0;0;0;2;0;0;2;-27,222485;-49,662827;"SPRF-SC";"DEL04-SC";"UOP02-DEL04-SC"
205809;2019-04-27;"sábado";"05:40:00";"SC";470;74,6;"INDAIAL";"Desobediência às normas de trânsito pelo condutor";"Colisão frontal";"Com Vítimas Feridas";"Amanhecer";"Decrescente";"Nublado";"Simples";"Reta";"Não";5;0;5;0;0;0;5;2;-26,916288;-49,280807;"SPRF-SC";"DEL04-SC";"UOP01-DEL04-SC"
205810;2019-04-27;"sábado";"05:25:00";"PR";476;130,4;"CURITIBA";"Falta de Atenção à Condução";"Colisão com objeto estático";"Com Vítimas Fatais";"Amanhecer";"Crescente";"Ignorado";"Dupla";"Reta";"Sim";1;1;0;0;0;0;0;1;-25,449564;-49,236427;"SPRF-PR";"DEL01-PR";"UOP07-DEL01-PR"
205811;2019-04-27;"sábado";"04:50:00";"MG";116;708;"MURIAE";"Ingestão de Álcool";"Tombamento";"Com Vítimas Feridas";"Plena Noite";"Decrescente";"Céu Claro";"Simples";"Reta";"Não";1;0;1;0;0;0;1;1;-21,16328873;-42,37968988;"SPRF-MG";"DEL07-MG";"UOP02-DEL07-MG"
205812;2019-04-27;"sábado";"06:00:00";"MG";262;33,5;"MANHUACU";"Ingestão de Álcool";"Queda de ocupante de veículo";"Com Vítimas Feridas";"Amanhecer";"Decrescente";"Céu Claro";"Simples";"Aclive;Curva";"Não";3;0;2;0;0;1;2;2;-20,260408;-42,021414;"SPRF-MG";"DEL06-MG";"UOP03-DEL06-MG"
205813;2019-04-27;"sábado";"05:00:00";"GO";20;21,5;"FORMOSA";"Desobediência às normas de trânsito pelo condutor";"Colisão traseira";"Sem Vítimas";"Pleno dia";"Crescente";"Céu Claro";"Simples";"Reta";"Sim";2;0;0;0;1;1;0;2;-15,548405;-47,169384;"SPRF-DF";"DEL02-DF";"UOP01-DEL02-DF"
205816;2019-04-27;"sábado";"05:30:00";"RS";471;161,6;"RIO PARDO";"Restrição de Visibilidade";"Danos eventuais";"Com Vítimas Feridas";"Plena Noite";"Crescente";"Chuva";"Simples";"Declive";"Não";2;0;0;1;0;1;1;2;-29,87592726;-52,38993645;"SPRF-RS";"DEL02-RS";"UOP02-DEL02-RS"
205817;2019-04-27;"sábado";"07:00:00";"ES";101;358,7;"ANCHIETA";"Não guardar distância de segurança";"Colisão traseira";"Com Vítimas Feridas";"Pleno dia";"Crescente";"Céu Claro";"Simples";"Reta";"Não";2;0;1;0;1;0;1;2;-20,691717;-40,704254;"SPRF-ES";"DEL03-ES";"UOP01-DEL03-ES"
205820;2019-04-27;"sábado";"06:15:00";"SC";101;208;"SAO JOSE";"Falta de Atenção à Condução";"Tombamento";"Com Vítimas Feridas";"Pleno dia";"Decrescente";"Nublado";"Múltipla";"Declive";"Sim";2;0;1;0;0;1;1;2;-27,60327979;-48,63201818;"SPRF-SC";"DEL01-SC";"UOP01-DEL01-SC"
205822;2019-04-27;"sábado";"06:45:00";"RN";101;124;"SAO JOSE DE MIPIBU";"Falta de Atenção à Condução";"Colisão traseira";"Sem Vítimas";"Pleno dia";"Decrescente";"Céu Claro";"Dupla";"Reta";"Sim";2;0;0;0;1;1;0;2;-6,07815599;-35,23412006;"SPRF-RN";"DEL01-RN";"UOP01-DEL01-RN"
205823;2019-04-27;"sábado";"07:15:00";"RJ";116;127;"MAGE";"Desobediência às normas de trânsito pelo condutor";"Colisão frontal";"Com Vítimas Feridas";"Pleno dia";"Crescente";"Céu Claro";"Simples";"Curva";"Não";4;0;2;0;2;0;2;2;-22,66137035;-43,09295957;"SPRF-RJ";"DEL04-RJ";"UOP02-DEL04-RJ"
205825;2019-04-27;"sábado";"07:00:00";"AL";316;223,2;"ATALAIA";"Falta de Atenção à Condução";"Queda de ocupante de veículo";"Com Vítimas Feridas";"Pleno dia";"Crescente";"Céu Claro";"Simples";"Curva";"Não";1;0;0;1;0;0;1;1;-9,47069023;-36,17244318;"SPRF-AL";"DEL01-AL";"UOP01-DEL01-AL"
205827;2019-04-27;"sábado";"07:45:00";"ES";482;55,1;"CACHOEIRO DE ITAPEMIRIM";"Ultrapassagem Indevida";"Saída de leito carroçável";"Com Vítimas Fatais";"Amanhecer";"Decrescente";"Céu Claro";"Simples";"Reta";"Não";2;1;0;1;0;0;1;1;-20,7819487;-41,32378625;"SPRF-ES";"DEL03-ES";"UOP02-DEL03-ES"
205828;2019-04-27;"sábado";"07:20:00";"BA";324;543;"AMELIA RODRIGUES";"Falta de Atenção à Condução";"Queda de ocupante de veículo";"Com Vítimas Feridas";"Pleno dia";"Decrescente";"Nublado";"Dupla";"Reta";"Sim";1;0;1;0;0;0;1;1;-12,39713005;-38,76807002;"SPRF-BA";"DEL01-BA";"UOP01-DEL01-BA"
205829;2019-04-27;"sábado";"06:45:00";"PR";277;106,7;"CAMPO LARGO";"Falta de Atenção do Pedestre";"Atropelamento de Pedestre";"Com Vítimas Fatais";"Amanhecer";"Decrescente";"Nevoeiro/Neblina";"Dupla";"Reta";"Não";2;1;0;0;1;0;0;2;-25,43192269;-49,42887781;"SPRF-PR";"DEL01-PR";"UOP06-DEL01-PR"
205830;2019-04-27;"sábado";"07:50:00";"MG";50;176;"UBERABA";"Falta de Atenção à Condução";"Colisão traseira";"Com Vítimas Feridas";"Pleno dia";"Crescente";"Céu Claro";"Dupla";"Reta";"Sim";3;0;1;0;2;0;1;2;-19,77919981;-47,960032;"SPRF-MG";"DEL13-MG";"UOP01-DEL13-MG"
205834;2019-04-27;"sábado";"08:00:00";"RJ";116;114;"MAGE";"Desobediência às normas de trânsito pelo condutor";"Colisão frontal";"Com Vítimas Feridas";"Pleno dia";"Crescente";"Céu Claro";"Simples";"Curva";"Não";2;0;1;0;1;0;1;2;-22,58009519;-43,0114958;"SPRF-RJ";"DEL04-RJ";"UOP02-DEL04-RJ"
205837;2019-04-27;"sábado";"08:40:00";"SC";101;220;"PALHOCA";"Falta de Atenção do Pedestre";"Atropelamento de Pedestre";"Com Vítimas Feridas";"Pleno dia";"Decrescente";"Nublado";"Dupla";"Reta";"Não";2;0;1;1;0;0;2;2;-27,69198941;-48,66368358;"SPRF-SC";"DEL01-SC";"UOP02-DEL01-SC"
205838;2019-04-07;"domingo";"13:30:00";"MG";365;297,9;"JOAO PINHEIRO";"Desobediência às normas de trânsito pelo condutor";"Capotamento";"Com Vítimas Feridas";"Pleno dia";"Decrescente";"Chuva";"Simples";"Reta";"Não";2;0;1;1;0;0;2;1;-18,13194146;-45,73541731;"SPRF-MG";"DEL10-MG";"UOP01-DEL10-MG"
205839;2019-04-27;"sábado";"08:40:00";"RJ";393;182;"PARAIBA DO SUL";"Falta de Atenção à Condução";"Queda de ocupante de veículo";"Com Vítimas Feridas";"Pleno dia";"Crescente";"Céu Claro";"Simples";"Rotatória";"Sim";1;0;0;1;0;0;1;1;-22,14087772;-43,25915397;"SPRF-RJ";"DEL05-RJ";"UOP03-DEL05-RJ"
205841;2019-04-27;"sábado";"07:40:00";"GO";20;21,5;"FORMOSA";"Falta de Atenção à Condução";"Colisão transversal";"Sem Vítimas";"Pleno dia";"Decrescente";"Céu Claro";"Simples";"Interseção de Vias";"Não";2;0;0;0;2;0;0;1;-15,54697589;-47,16499329;"SPRF-DF";"DEL02-DF";"UOP01-DEL02-DF"
205842;2019-04-27;"sábado";"07:30:00";"MG";365;695;"MONTE ALEGRE DE MINAS";"Condutor Dormindo";"Capotamento";"Com Vítimas Feridas";"Pleno dia";"Decrescente";"Céu Claro";"Dupla";"Reta";"Não";1;0;0;1;0;0;1;1;-18,87838133;-48,95058799;"SPRF-MG";"DEL15-MG";"UOP03-DEL15-MG"
205843;2019-04-27;"sábado";"09:10:00";"PR";376;361,8;"ORTIGUEIRA";"Desobediência às normas de trânsito pelo condutor";"Colisão lateral";"Com Vítimas Feridas";"Pleno dia";"Crescente";"Nublado";"Simples";"Curva";"Não";1;0;1;0;0;0;1;1;-24,26132794;-50,89352131;"SPRF-PR";"DEL03-PR";"UOP02-DEL03-PR"
205844;2019-04-27;"sábado";"09:00:00";"PR";467;104,6;"CASCAVEL";"Velocidade Incompatível";"Saída de leito carroçável";"Com Vítimas Feridas";"Pleno dia";"Crescente";"Nublado";"Dupla";"Reta";"Não";1;0;1;0;0;0;1;1;-24,9129;-53,5028;"SPRF-PR";"DEL04-PR";"UOP01-DEL04-PR"
205845;2019-04-27;"sábado";"09:30:00";"PR";476;116;"COLOMBO";"Não guardar distância de segurança";"Colisão frontal";"Com Vítimas Feridas";"Pleno dia";"Decrescente";"Sol";"Simples";"Reta";"Sim";2;0;0;1;1;0;1;2;-25,34996;-49,16642;"SPRF-PR";"DEL01-PR";"UOP07-DEL01-PR"
205846;2019-04-27;"sábado";"08:30:00";"ES";259;36,4;"COLATINA";"Desobediência às normas de trânsito pelo condutor";"Colisão transversal";"Com Vítimas Feridas";"Pleno dia";"Decrescente";"Céu Claro";"Simples";"Interseção de Vias";"Não";4;0;3;0;1;0;3;3;-19,5538576;-40,50237182;"SPRF-ES";"DEL02-ES";"UOP01-DEL02-ES"
205847;2019-04-26;"sexta-feira";"04:00:00";"BA";110;203;"CIPO";"Falta de Atenção à Condução";"Colisão frontal";"Com Vítimas Feridas";"Plena Noite";"Crescente";"Céu Claro";"Simples";"Curva";"Sim";2;0;0;1;0;1;1;2;-11,1335009;-38,51534268;"SPRF-BA";"DEL07-BA";"UOP02-DEL07-BA"
205849;2019-04-27;"sábado";"10:00:00";"SE";101;16,4;"SAO FRANCISCO";"Falta de Atenção à Condução";"Capotamento";"Com Vítimas Fatais";"Pleno dia";"Decrescente";"Nublado";"Simples";"Reta";"Não";3;1;2;0;0;0;2;1;-10,33831807;-36,89396364;"SPRF-SE";"DEL02-SE";"UOP02-DEL02-SE"
205850;2019-04-27;"sábado";"09:55:00";"MG";40;564,6;"NOVA LIMA";"Velocidade Incompatível";"Saída de leito carroçável";"Com Vítimas Feridas";"Pleno dia";"Crescente";"Céu Claro";"Simples";"Declive;Reta";"Não";1;0;1;0;0;0;1;1;-20,16086012;-43,96464349;"SPRF-MG";"DEL01-MG";"UOP02-DEL01-MG"
205851;2019-04-27;"sábado";"09:35:00";"RJ";40;20;"TRES RIOS";"Condutor Dormindo";"Saída de leito carroçável";"Sem Vítimas";"Pleno dia";"Crescente";"Céu Claro";"Dupla";"Aclive";"Não";1;0;0;0;1;0;0;1;-22,10818608;-43,16514404;"SPRF-RJ";"DEL06-RJ";"UOP02-DEL05-RJ"
205852;2019-04-27;"sábado";"10:30:00";"SC";280;73,8;"JARAGUA DO SUL";"Não guardar distância de segurança";"Colisão traseira";"Com Vítimas Feridas";"Pleno dia";"Crescente";"Nublado";"Simples";"Rotatória";"Sim";2;0;0;1;1;0;1;2;-26,45917102;-49,15245;"SPRF-SC";"DEL03-SC";"UOP03-DEL03-SC"
205853;2019-04-27;"sábado";"08:40:00";"RO";319;62;"PORTO VELHO";"Desobediência às normas de trânsito pelo condutor";"Colisão lateral";"Com Vítimas Feridas";"Pleno dia";"Crescente";"Céu Claro";"Dupla";"Reta";"Sim";2;0;1;0;1;0;1;2;-8,766685;-63,884052;"SPRF-RO";"DEL01-RO";"UOP01-DEL01-RO"
205854;2019-04-27;"sábado";"10:00:00";"SC";101;357;"SANGAO";"Velocidade Incompatível";"Saída de leito carroçável";"Com Vítimas Feridas";"Pleno dia";"Crescente";"Chuva";"Dupla";"Reta";"Não";4;0;2;2;0;0;4;1;-28,635168;-49,09467;"SPRF-SC";"DEL02-SC";"UOP01-DEL02-SC"
205855;2019-04-27;"sábado";"10:30:00";"MG";381;538;"ITATIAIUCU";"Falta de Atenção à Condução";"Saída de leito carroçável";"Sem Vítimas";"Pleno dia";"Decrescente";"Céu Claro";"Dupla";"Reta";"Não";1;0;0;0;1;0;0;1;-20,23654769;-44,40777735;"SPRF-MG";"DEL04-MG";"UOP03-DEL04-MG"
205856;2019-04-27;"sábado";"10:30:00";"PB";230;15;"JOAO PESSOA";"Avarias e/ou desgaste excessivo no pneu";"Colisão com objeto estático";"Sem Vítimas";"Pleno dia";"Decrescente";"Céu Claro";"Dupla";"Curva";"Não";1;0;0;0;0;1;0;1;-7,093;-34,8482;"SPRF-PB";"DEL01-PB";"UOP01-DEL01-PB"
205857;2019-04-27;"sábado";"10:15:00";"BA";324;615,9;"SALVADOR";"Não guardar distância de segurança";"Colisão traseira";"Com Vítimas Feridas";"Pleno dia";"Decrescente";"Sol";"Dupla";"Declive;Reta";"Não";2;0;1;0;1;0;1;2;-12,87206398;-38,42746403;"SPRF-BA";"DEL01-BA";"UOP01-DEL01-BA"
205858;2019-04-27;"sábado";"09:55:00";"RO";319;61;"PORTO VELHO";"Desobediência às normas de trânsito pelo condutor";"Colisão transversal";"Com Vítimas Feridas";"Pleno dia";"Decrescente";"Nublado";"Dupla";"Reta";"Sim";2;0;1;0;1;0;1;2;-8,74807181;-63,8881588;"SPRF-RO";"DEL01-RO";"UOP01-DEL01-RO"
205860;2019-04-27;"sábado";"10:25:00";"PR";467;104,8;"CASCAVEL";"Falta de Atenção à Condução";"Colisão traseira";"Sem Vítimas";"Pleno dia";"Decrescente";"Céu Claro";"Dupla";"Reta";"Não";2;0;0;0;2;0;0;2;-24,9129;-53,5028;"SPRF-PR";"DEL04-PR";"UOP01-DEL04-PR"
205863;2019-04-27;"sábado";"11:10:00";"PB";101;105;"ALHANDRA";"Defeito na Via";"Colisão com objeto estático";"Com Vítimas Feridas";"Pleno dia";"Crescente";"Chuva";"Dupla";"Curva";"Não";1;0;1;0;0;0;1;1;-7,30814609;-34,94344185;"SPRF-PB";"DEL01-PB";"UOP01-DEL01-PB"
205867;2019-04-27;"sábado";"10:30:00";"RJ";101;256;"RIO BONITO";"Falta de Atenção à Condução";"Colisão traseira";"Com Vítimas Feridas";"Pleno dia";"Decrescente";"Céu Claro";"Dupla";"Reta";"Não";2;0;1;0;1;0;1;2;-22,69621133;-42,56854493;"SPRF-RJ";"DEL02-RJ";"UOP03-DEL02-RJ"
205869;2019-04-27;"sábado";"11:40:00";"PB";101;20,6;"MAMANGUAPE";"Condutor Dormindo";"Tombamento";"Com Vítimas Feridas";"Pleno dia";"Decrescente";"Céu Claro";"Dupla";"Reta";"Não";1;0;1;0;0;0;1;1;-6,66323695;-35,1143428;"SPRF-PB";"DEL01-PB";"UOP04-DEL01-PB"
205873;2019-04-27;"sábado";"11:15:00";"RS";290;154,8;"ARROIO DOS RATOS";"Velocidade Incompatível";"Saída de leito carroçável";"Com Vítimas Feridas";"Pleno dia";"Decrescente";"Chuva";"Simples";"Curva";"Não";3;0;1;0;2;0;1;1;-30,10622687;-51,76105499;"SPRF-RS";"DEL02-RS";"UOP01-DEL02-RS"