"id";"data_inversa";"dia_semana";"horario";"uf";"br";"km";"municipio";"causa_acidente";"tipo_acidente";"classificacao_acidente";"fase_dia";"sentido_via";"condicao_metereologica";"tipo_pista";"tracado_via";"uso_solo";"pessoas";"mortos";"feridos_leves";"feridos_graves";"ilesos";"ignorados";"feridos";"veiculos";"latitude";"longitude";"regional";"delegacia";"uop"
205990;2019-04-27;"sábado";"21:45:00";"SC";101;217;"PALHOCA";"Falta de Atenção à Condução";"Capotamento";"Com Vítimas Feridas";"Plena Noite";"Decrescente";"Chuva";"Dupla";"Reta";"Sim";2;0;1;1;0;0;2;1;-27,66779034;-48,67393586;"SPRF-SC";"DEL01-SC";"UOP02-DEL01-SC"
205991;2019-04-27;"sábado";"22:10:00";"BA";324;586;"CANDEIAS";"Desobediência às normas de trânsito pelo condutor";"Colisão traseira";"Com Vítimas Feridas";"Plena Noite";"Decrescente";"Nublado";"Dupla";"Reta";"Não";2;0;1;0;1;0;1;2;-12,63864013;-38,47736247;"SPRF-BA";"DEL01-BA";"UOP01-DEL01-BA"
205992;2019-04-27;"sábado";"19:10:00";"RJ";40;123;"DUQUE DE CAXIAS";"Objeto estático sobre o leito carroçável";"Queda de ocupante de veículo";"Com Vítimas Feridas";"Plena Noite";"Decrescente";"Céu Claro";"Múltipla";"Reta";"Não";1;0;1;0;0;0;1;1;-22,79907687;-43,29015739;"SPRF-RJ";"DEL01-RJ";"UOP01-DEL01-RJ"
205993;2019-04-27;"sábado";"11:45:00";"SC";470;172,2;"POUSO REDONDO";"Falta de Atenção à Condução";"Colisão transversal";"Com Vítimas Feridas";"Pleno dia";"Crescente";"Chuva";"Simples";"Reta";"Não";4;0;2;0;2;0;2;2;-27,257526;-49,909592;"SPRF-SC";"DEL04-SC";"UOP02-DEL04-SC"
205994;2019-04-27;"sábado";"11:45:00";"SC";470;172,2;"POUSO REDONDO";"Velocidade Incompatível";"Tombamento";"Com Vítimas Feridas";"Pleno dia";"Crescente";"Chuva";"Simples";"Reta";"Não";2;0;1;0;1;0;1;2;-27,2586735;-49,91395712;"SPRF-SC";"DEL04-SC";"UOP02-DEL04-SC"
205995;2019-04-27;"sábado";"21:00:00";"SC";282;227;"LAGES";"Desobediência às normas de trânsito pelo condutor";"Colisão traseira";"Com Vítimas Feridas";"Plena Noite";"Decrescente";"Chuva";"Simples";"Reta";"Sim";6;0;6;0;0;0;6;2;-27,795815;-50,399048;"SPRF-SC";"DEL05-SC";"UOP02-DEL05-SC"
205996;2019-04-27;"sábado";"18:20:00";"PI";230;1;"FRONTEIRAS";"Deficiência ou não Acionamento do Sistema de Iluminação/Sinalização do Veículo";"Colisão traseira";"Com Vítimas Feridas";"Plena Noite";"Decrescente";"Céu Claro";"Simples";"Reta";"Não";2;0;1;0;1;0;1;2;-7,08029819;-40,46716895;"SPRF-PI";"DEL04-PI";"UOP03-DEL04-PI"
205997;2019-04-27;"sábado";"23:05:00";"PA";230;122;"MARABA";"Falta de Atenção à Condução";"Colisão traseira";"Com Vítimas Feridas";"Plena Noite";"Crescente";"Ignorado";"Simples";"Reta";"Não";2;0;1;0;0;1;1;2;-5,36137537;-49,12376139;"SPRF-PA";"DEL03-PA";"UOP01-DEL03-PA"
205998;2019-04-27;"sábado";"22:30:00";"MG";381;485;"BETIM";"Falta de Atenção à Condução";"Colisão traseira";"Com Vítimas Feridas";"Plena Noite";"Decrescente";"Céu Claro";"Dupla";"Reta";"Sim";3;0;1;0;2;0;1;2;-19,95659361;-44,12622893;"SPRF-MG";"DEL01-MG";"UOP03-DEL01-MG"
205999;2019-04-27;"sábado";"20:20:00";"PI";316;242;"INHUMA";"Falta de Atenção à Condução";"Colisão lateral";"Com Vítimas Feridas";"Plena Noite";"Crescente";"Céu Claro";"Simples";"Reta";"Não";2;0;0;2;0;0;2;2;-6,67005789;-41,71808412;"SPRF-PI";"DEL04-PI";"UOP02-DEL04-PI"
206000;2019-04-27;"sábado";"23:00:00";"PE";232;101,5;"BEZERROS";"Falta de Atenção do Pedestre";"Atropelamento de Pedestre";"Com Vítimas Fatais";"Plena Noite";"Decrescente";"Nublado";"Dupla";"Reta";"Sim";2;1;0;0;0;1;0;2;-8,24194679;-35,75097313;"SPRF-PE";"DEL01-PE";"UOP02-DEL02PE"
206001;2019-04-27;"sábado";"21:30:00";"PI";407;469,3;"JAICOS";"Ingestão de Álcool";"Colisão traseira";"Com Vítimas Fatais";"Plena Noite";"Decrescente";"Céu Claro";"Simples";"Declive";"Não";1;1;0;0;0;0;0;1;-7,36462837;-41,14590813;"SPRF-PI";"DEL04-PI";"UOP01-DEL04-PI"
206002;2019-04-27;"sábado";"19:30:00";"MT";70;513;"VARZEA GRANDE";"Ingestão de Álcool";"Saída de leito carroçável";"Sem Vítimas";"Plena Noite";"Crescente";"Céu Claro";"Simples";"Reta";"Sim";1;0;0;0;1;0;0;1;-15,7012909;-56,11593858;"SPRF-MT";"DEL01-MT";"DEL2/4-UOP02/MT"
206003;2019-04-27;"sábado";"20:25:00";"CE";222;310;"TIANGUA";"Falta de Atenção à Condução";"Colisão lateral";"Com Vítimas Feridas";"Plena Noite";"Crescente";"Céu Claro";"Simples";"Curva";"Sim";3;0;0;1;2;0;1;3;-3,70670595;-40,97707006;"SPRF-CE";"DEL04-CE";"UOP02-DEL04-CE"
206004;2019-04-27;"sábado";"22:50:00";"SP";153;18;"NOVA GRANADA";"Agressão Externa";"Capotamento";"Sem Vítimas";"Plena Noite";"Crescente";"Céu Claro";"Simples";"Reta";"Não";2;0;0;0;2;0;0;1;-20,44382107;-49,28091485;"SPRF-SP";"DEL09-SP";"UOP01-DEL09-SP"
206005;2019-04-27;"sábado";"23:00:00";"PR";277;667,2;"MATELANDIA";"Falta de Atenção à Condução";"Colisão lateral";"Com Vítimas Feridas";"Plena Noite";"Crescente";"Chuva";"Dupla";"Reta";"Sim";3;0;1;0;1;1;1;3;-25,26577498;-54,05432901;"SPRF-PR";"DEL05-PR";"UOP02-DEL05-PR"
206007;2019-04-27;"sábado";"14:50:00";"RO";364;62;"PORTO VELHO";"Desobediência às normas de trânsito pelo condutor";"Colisão transversal";"Com Vítimas Feridas";"Pleno dia";"Decrescente";"Sol";"Dupla";"Reta";"Sim";2;0;0;1;1;0;1;2;-8,75130831;-63,8874047;"SPRF-RO";"DEL04-RO";"DEL21/4-UOP03/RO"
206008;2019-04-27;"sábado";"23:35:00";"SP";381;44;"ATIBAIA";"Falta de Atenção à Condução";"Tombamento";"Com Vítimas Feridas";"Plena Noite";"Crescente";"Céu Claro";"Dupla";"Curva";"Sim";1;0;1;0;0;0;1;1;-23,16458615;-46,57418959;"SPRF-SP";"DEL03-SP";"UOP01-DEL03-SP"
206009;2019-04-27;"sábado";"23:30:00";"PR";476;136;"CURITIBA";"Ingestão de álcool e/ou substâncias psicoativas pelo pedestre";"Colisão lateral";"Sem Vítimas";"Plena Noite";"Crescente";"Chuva";"Múltipla";"Curva";"Sim";2;0;0;0;2;0;0;2;-25,491047;-49,271679;"SPRF-PR";"DEL01-PR";"UOP03-DEL01-PR"
206010;2019-04-27;"sábado";"19:55:00";"RS";116;62,5;"CAMPESTRE DA SERRA";"Ingestão de Álcool";"Saída de leito carroçável";"Sem Vítimas";"Plena Noite";"Crescente";"Chuva";"Simples";"Curva";"Não";1;0;0;0;1;0;0;1;-28,65665402;-51,05430991;"SPRF-RS";"DEL05-RS";"UOP03-DEL05-RS"
206011;2019-04-28;"domingo";"00:05:00";"SP";101;50,5;"UBATUBA";"Falta de Atenção à Condução";"Colisão transversal";"Com Vítimas Feridas";"Plena Noite";"Decrescente";"Céu Claro";"Simples";"Reta";"Sim";2;0;1;0;1;0;1;2;-23,45627795;-45,07111896;"SPRF-SP";"DEL06-SP";"UOP01-DEL06-SP"
206013;2019-04-28;"domingo";"00:10:00";"RS";158;333,2;"SANTA MARIA";"Desobediência às normas de trânsito pelo condutor";"Colisão transversal";"Com Vítimas Feridas";"Plena Noite";"Decrescente";"Nublado";"Simples";"Interseção de Vias";"Sim";3;0;1;0;2;0;1;2;-29,70726981;-53,85236263;"SPRF-RS";"DEL09-RS";"UOP01-DEL09-RS"
206014;2019-04-27;"sábado";"21:20:00";"SC";282;445,7;"PONTE SERRADA";"Falta de Atenção à Condução";"Saída de leito carroçável";"Com Vítimas Feridas";"Plena Noite";"Crescente";"Chuva";"Simples";"Curva";"Não";3;0;3;0;0;0;3;1;-26,908545;-51,905785;"SPRF-SC";"DEL07-SC";"UOP04-DEL07-SC"
206015;2019-04-28;"domingo";"00:40:00";"ES";101;122,8;"SOORETAMA";"Animais na Pista";"Atropelamento de Animal";"Com Vítimas Feridas";"Plena Noite";"Crescente";"Céu Claro";"Simples";"Reta";"Não";4;0;2;0;1;1;2;2;-19,16834502;-40,08717096;"SPRF-ES";"DEL04-ES";"UOP01-DEL04-ES"
206016;2019-04-27;"sábado";"23:44:00";"MS";163;15,9;"MUNDO NOVO";"Velocidade Incompatível";"Saída de leito carroçável";"Com Vítimas Feridas";"Plena Noite";"Crescente";"Garoa/Chuvisco";"Simples";"Curva";"Sim";1;0;0;1;0;0;1;1;-23,95622726;-54,29509434;"SPRF-MS";"DEL09-MS";"UOP02-DEL09-MS"
206017;2019-04-27;"sábado";"10:40:00";"MG";116;418,5;"GOVERNADOR VALADARES";"Falta de Atenção à Condução";"Colisão transversal";"Com Vítimas Feridas";"Pleno dia";"Crescente";"Céu Claro";"Simples";"Reta";"Sim";2;0;1;0;1;0;1;2;-18,91059296;-41,94156567;"SPRF-MG";"DEL06-MG";"UOP01-DEL06-MG"
206018;2019-04-27;"sábado";"23:50:00";"PR";476;133,7;"CURITIBA";"Não guardar distância de segurança";"Colisão traseira";"Com Vítimas Feridas";"Plena Noite";"Decrescente";"Céu Claro";"Dupla";"Reta";"Sim";2;0;1;0;0;1;1;2;-25,469219;-49,254143;"SPRF-PR";"DEL01-PR";"UOP03-DEL01-PR"
206019;2019-04-28;"domingo";"00:40:00";"RJ";116;250,2;"PIRAI";"Deficiência ou não Acionamento do Sistema de Iluminação/Sinalização do Veículo";"Colisão traseira";"Com Vítimas Feridas";"Plena Noite";"Decrescente";"Céu Claro";"Dupla";"Reta";"Não";2;0;1;0;0;1;1;2;-22,59303815;-43,95591144;"SPRF-RJ";"DEL07-RJ";"UOP01-DEL07-RJ"
206020;2019-04-27;"sábado";"23:00:00";"PR";277;114,8;"CAMPO LARGO";"Falta de Atenção à Condução";"Saída de leito carroçável";"Com Vítimas Feridas";"Plena Noite";"Decrescente";"Chuva";"Simples";"Reta";"Sim";1;0;0;1;0;0;1;1;-25,44903414;-49,51637328;"SPRF-PR";"DEL01-PR";"UOP06-DEL01-PR"
206022;2019-04-28;"domingo";"02:00:00";"PR";476;130,4;"CURITIBA";"Velocidade Incompatível";"Saída de leito carroçável";"Com Vítimas Feridas";"Plena Noite";"Crescente";"Nublado";"Dupla";"Curva";"Sim";1;0;1;0;0;0;1;1;-25,449564;-49,236427;"SPRF-PR";"DEL01-PR";"UOP07-DEL01-PR"
206023;2019-04-28;"domingo";"01:10:00";"CE";222;312;"TIANGUA";"Falta de Atenção à Condução";"Colisão transversal";"Com Vítimas Feridas";"Plena Noite";"Decrescente";"Céu Claro";"Simples";"Reta";"Sim";2;0;1;0;0;1;1;2;-3,71699311;-40,9914242;"SPRF-CE";"DEL04-CE";"UOP02-DEL04-CE"
206024;2019-04-28;"domingo";"00:45:00";"PR";277;533,4;"IBEMA";"Ingestão de Álcool";"Saída de leito carroçável";"Com Vítimas Feridas";"Pleno dia";"Crescente";"Chuva";"Simples";"Curva";"Não";4;0;4;0;0;0;4;1;-25,10009995;-52,97734902;"SPRF-PR";"DEL04-PR";"UOP04-DEL04-PR"
206025;2019-04-28;"domingo";"02:35:00";"GO";40;10,5;"LUZIANIA";"Defeito Mecânico no Veículo";"Queda de ocupante de veículo";"Com Vítimas Feridas";"Plena Noite";"Decrescente";"Céu Claro";"Dupla";"Reta";"Sim";2;0;1;0;1;0;1;1;-16,131285;-47,957923;"SPRF-DF";"DEL01-DF";"UOP01-DEL01-DF"
206026;2019-04-28;"domingo";"01:30:00";"RO";364;244,8;"CACOAL";"Defeito na Via";"Tombamento";"Com Vítimas Feridas";"Plena Noite";"Crescente";"Céu Claro";"Simples";"Reta";"Não";1;0;1;0;0;0;1;1;-11,44010534;-61,50592399;"SPRF-RO";"DEL02-RO";"UOP02-DEL02-RO"
206027;2019-04-28;"domingo";"01:35:00";"SC";282;527,5;"CORDILHEIRA ALTA";"Velocidade Incompatível";"Saída de leito carroçável";"Sem Vítimas";"Plena Noite";"Crescente";"Nevoeiro/Neblina";"Simples";"Curva";"Não";1;0;0;0;1;0;0;1;-26,973196;-52,583321;"SPRF-SC";"DEL07-SC";"UOP01-DEL07-SC"
206029;2019-04-28;"domingo";"03:40:00";"SP";116;114;"TAUBATE";"Condutor Dormindo";"Saída de leito carroçável";"Sem Vítimas";"Plena Noite";"Crescente";"Céu Claro";"Dupla";"Reta";"Sim";1;0;0;0;1;0;0;1;-23,04654177;-45,59018006;"SPRF-SP";"DEL06-SP";"UOP02-DEL02-SP"
206030;2019-04-28;"domingo";"01:00:00";"RO";364;700;"PORTO VELHO";"Desobediência às normas de trânsito pelo condutor";"Colisão frontal";"Com Vítimas Fatais";"Plena Noite";"Decrescente";"Céu Claro";"Dupla";"Reta";"Não";2;1;0;0;0;1;0;2;-8,80049426;-63,76902;"SPRF-RO";"DEL01-RO";"UOP01-DEL01-RO"
206031;2019-04-28;"domingo";"03:35:00";"PR";116;146;"MANDIRITUBA";"Velocidade Incompatível";"Colisão com objeto estático";"Com Vítimas Feridas";"Pleno dia";"Crescente";"Nublado";"Simples";"Reta";"Não";1;0;1;0;0;0;1;1;-25,78172684;-49,32535079;"SPRF-PR";"DEL01-PR";"UOP03-DEL01-PR"
206032;2019-04-28;"domingo";"03:45:00";"SC";280;169,3;"MAFRA";"Falta de Atenção à Condução";"Colisão transversal";"Sem Vítimas";"Plena Noite";"Decrescente";"Nublado";"Simples";"Reta";"Não";2;0;0;0;2;0;0;2;-26,15225092;-49,81293951;"SPRF-SC";"DEL06-SC";"UOP01-DEL06-SC"
206033;2019-04-28;"domingo";"04:40:00";"PR";376;103,3;"PARANAVAI";"Falta de Atenção à Condução";"Saída de leito carroçável";"Com Vítimas Feridas";"Plena Noite";"Decrescente";"Nublado";"Dupla";"Reta;Declive";"Não";1;0;1;0;0;0;1;1;-23,04663864;-52,46094525;"SPRF-PR";"DEL07-PR";"UOP02-DEL09-PR"
206035;2019-04-28;"domingo";"02:30:00";"ES";482;48;"ALEGRE";"Animais na Pista";"Atropelamento de Animal";"Com Vítimas Feridas";"Plena Noite";"Crescente";"Céu Claro";"Simples";"Reta";"Não";1;0;1;0;0;0;1;1;-20,7615064;-41,5144087;"SPRF-ES";"DEL03-ES";"UOP02-DEL03-ES"
206036;2019-04-28;"domingo";"02:30:00";"SC";101;213,8;"PALHOCA";"Ingestão de Álcool";"Colisão com objeto estático";"Sem Vítimas";"Plena Noite";"Crescente";"Nublado";"Dupla";"Reta";"Sim";1;0;0;0;1;0;0;1;-27,63697369;-48,66514142;"SPRF-SC";"DEL01-SC";"UOP02-DEL01-SC"
206038;2019-04-28;"domingo";"05:30:00";"RS";386;432,1;"NOVA SANTA RITA";"Ingestão de Álcool";"Saída de leito carroçável";"Sem Vítimas";"Plena Noite";"Decrescente";"Nublado";"Simples";"Curva";"Não";1;0;0;0;1;0;0;1;-29,837873;-51,304909;"SPRF-RS";"DEL04-RS";"UOP02-DEL04-RS"
206039;2019-04-28;"domingo";"05:50:00";"MG";262;380,7;"JUATUBA";"Condutor Dormindo";"Saída de leito carroçável";"Com Vítimas Feridas";"Pleno dia";"Crescente";"Céu Claro";"Dupla";"Curva;Aclive";"Não";1;0;1;0;0;0;1;1;-19,93510747;-44,43536282;"SPRF-MG";"DEL01-MG";"UOP03-DEL01-MG"
206040;2019-04-28;"domingo";"00:45:00";"MG";116;412;"GOVERNADOR VALADARES";"Desobediência às normas de trânsito pelo condutor";"Colisão lateral";"Com Vítimas Feridas";"Plena Noite";"Decrescente";"Céu Claro";"Dupla";"Reta";"Sim";2;0;1;0;1;0;1;2;-18,863446;-41,973951;"SPRF-MG";"DEL06-MG";"UOP01-DEL06-MG"
206041;2019-04-28;"domingo";"04:30:00";"PB";230;10,1;"CABEDELO";"Falta de Atenção à Condução";"Capotamento";"Sem Vítimas";"Amanhecer";"Crescente";"Nublado";"Dupla";"Desvio Temporário";"Sim";1;0;0;0;0;1;0;1;-7,0514;-34,8499;"SPRF-PB";"DEL01-PB";"UOP01-DEL01-PB"
206042;2019-04-28;"domingo";"04:00:00";"RJ";116;293;"PORTO REAL";"Falta de Atenção à Condução";"Colisão com objeto estático";"Sem Vítimas";"Plena Noite";"Decrescente";"Nevoeiro/Neblina";"Dupla";"Retorno Regulamentado";"Não";1;0;0;0;1;0;0;1;-22,45745983;-44,29161274;"SPRF-RJ";"DEL07-RJ";"DEL5/7-UOP03/RJ"
206043;2019-04-28;"domingo";"05:30:00";"MG";40;688;"RESSAQUINHA";"Desobediência às normas de trânsito pelo condutor";"Colisão traseira";"Com Vítimas Feridas";"Amanhecer";"Decrescente";"Céu Claro";"Simples";"Curva";"Não";2;0;1;1;0;0;2;2;-21,08759993;-43,77189218;"SPRF-MG";"DEL05-MG";"UOP02-DEL05-MG"
206044;2019-04-28;"domingo";"04:40:00";"PI";343;594;"FLORIANO";"Defeito na Via";"Tombamento";"Com Vítimas Feridas";"Plena Noite";"Crescente";"Céu Claro";"Simples";"Curva";"Não";1;0;0;1;0;0;1;1;-6,788374;-43,044399;"SPRF-PI";"DEL03-PI";"UOP01-DEL03-PI"
206046;2019-04-28;"domingo";"06:15:00";"PI";316;6;"TERESINA";"Falta de Atenção à Condução";"Colisão com objeto estático";"Sem Vítimas";"Pleno dia";"Decrescente";"Sol";"Múltipla";"Reta";"Não";1;0;0;0;1;0;0;1;-5,14702095;-42,77438982;"SPRF-PI";"DEL01-PI";"UOP02-DEL01-PI"
206047;2019-04-28;"domingo";"06:15:00";"PR";376;3,5;"SAO JOSE DOS PINHAIS";"Falta de Atenção à Condução";"Queda de ocupante de veículo";"Com Vítimas Feridas";"Amanhecer";"Decrescente";"Garoa/Chuvisco";"Dupla";"Interseção de Vias";"Sim";2;0;1;0;1;0;1;2;-25,5307;-49,1958;"SPRF-PR";"DEL01-PR";"UOP01-DEL01-PR"
206049;2019-04-28;"domingo";"06:20:00";"RS";116;152,2;"CAXIAS DO SUL";"Ingestão de Álcool";"Saída de leito carroçável";"Sem Vítimas";"Pleno dia";"Crescente";"Garoa/Chuvisco";"Dupla";"Curva";"Sim";1;0;0;0;1;0;0;1;-29,1829343;-51,16801501;"SPRF-RS";"DEL05-RS";"UOP01-DEL05-RS"
206051;2019-04-28;"domingo";"02:45:00";"PR";277;102;"CURITIBA";"Não guardar distância de segurança";"Colisão traseira";"Com Vítimas Feridas";"Plena Noite";"Crescente";"Garoa/Chuvisco";"Dupla";"Declive";"Não";2;0;1;0;1;0;1;2;-25,43217136;-49,37483311;"SPRF-PR";"DEL01-PR";"UOP06-DEL01-PR"
206052;2019-04-28;"domingo";"07:05:00";"PR";376;178,9;"MARINGA";"Falta de Atenção à Condução";"Colisão lateral";"Com Vítimas Feridas";"Pleno dia";"Crescente";"Nublado";"Dupla";"Reta";"Sim";2;0;1;0;1;0;1;2;-23,4192146;-51,91293985;"SPRF-PR";"DEL07-PR";"UOP01-DEL09-PR"
206053;2019-04-28;"domingo";"06:40:00";"RJ";40;51;"PETROPOLIS";"Velocidade Incompatível";"Colisão com objeto estático";"Com Vítimas Feridas";"Pleno dia";"Crescente";"Céu Claro";"Dupla";"Reta";"Não";4;0;1;1;2;0;2;1;-22,32705315;-43,13253559;"SPRF-RJ";"DEL06-RJ";"UOP01-DEL06-RJ"
206054;2019-04-28;"domingo";"06:50:00";"AL";104;34;"UNIAO DOS PALMARES";"Desobediência às normas de trânsito pelo condutor";"Colisão frontal";"Com Vítimas Feridas";"Pleno dia";"Crescente";"Céu Claro";"Simples";"Reta";"Não";3;0;0;2;1;0;2;3;-9,15381;-36,01296413;"SPRF-AL";"DEL01-AL";"UOP02-DEL01-AL"
206055;2019-04-28;"domingo";"06:00:00";"GO";364;112;"APARECIDA DO RIO DOCE";"Falta de Atenção à Condução";"Saída de leito carroçável";"Sem Vítimas";"Amanhecer";"Decrescente";"Ignorado";"Simples";"Rotatória";"Não";1;0;0;0;0;1;0;1;-18,315762;-51,139889;"SPRF-GO";"DEL05-GO";"UOP02-DEL05-GO"
206056;2019-04-28;"domingo";"07:00:00";"SE";101;143;"ESTANCIA";"Pista Escorregadia";"Colisão com objeto estático";"Sem Vítimas";"Amanhecer";"Decrescente";"Céu Claro";"Dupla";"Retorno Regulamentado";"Não";1;0;0;0;0;1;0;1;-11,19424581;-37,40698243;"SPRF-SE";"DEL02-SE";"UOP01-DEL02-SE"
206057;2019-04-28;"domingo";"05:40:00";"SC";101;133,7;"BALNEARIO CAMBORIU";"Ingestão de Álcool";"Saída de leito carroçável";"Sem Vítimas";"Pleno dia";"Decrescente";"Nublado";"Dupla";"Reta";"Não";1;0;0;0;0;1;0;1;-26,99936;-48,64609;"SPRF-SC";"DEL04-SC";"UOP03-DEL04-SC"
206059;2019-04-28;"domingo";"07:15:00";"SC";101;207,8;"SAO JOSE";"Velocidade Incompatível";"Colisão com objeto estático";"Com Vítimas Feridas";"Pleno dia";"Crescente";"Nublado";"Dupla";"Curva";"Não";1;0;0;1;0;0;1;1;-27,60001226;-48,6226467;"SPRF-SC";"DEL01-SC";"UOP01-DEL01-SC"
206061;2019-04-28;"domingo";"07:40:00";"GO";60;111;"GOIANAPOLIS";"Falta de Atenção à Condução";"Capotamento";"Com Vítimas Feridas";"Pleno dia";"Crescente";"Sol";"Dupla";"Reta;Declive";"Não";2;0;0;2;0;0;2;1;-16,451;-49,0409;"SPRF-GO";"DEL01-GO";"UOP01-DEL01-GO"
206062;2019-04-28;"domingo";"07:30:00";"SC";470;112;"IBIRAMA";"Ingestão de álcool e/ou substâncias psicoativas pelo pedestre";"Colisão traseira";"Com Vítimas Feridas";"Pleno dia";"Crescente";"Nublado";"Dupla";"Reta";"Não";2;0;1;0;1;0;1;2;-27,09701;-49,462887;"SPRF-SC";"DEL04-SC";"UOP02-DEL04-SC"
206064;2019-04-10;"quarta-feira";"18:05:00";"PR";277;593;"CASCAVEL";"Não guardar distância de segurança";"Colisão traseira";"Com Vítimas Feridas";"Pleno dia";"Crescente";"Céu Claro";"Simples";"Reta";"Não";2;0;0;1;0;1;1;2;-24,9814785;-53,47797286;"SPRF-PR";"DEL04-PR";"UOP01-DEL04-PR"
206065;2019-04-28;"domingo";"08:00:00";"ES";101;260;"SERRA";"Falta de Atenção à Condução";"Tombamento";"Com Vítimas Feridas";"Pleno dia";"Crescente";"Chuva";"Dupla";"Declive";"Não";2;0;2;0;0;0;2;1;-20,14616415;-40,28836206;"SPRF-ES";"DEL02-ES";"UOP01-DEL02-ES"
206066;2019-04-28;"domingo";"08:00:00";"SP";381;75;"SAO PAULO";"Velocidade Incompatível";"Tombamento";"Com Vítimas Feridas";"Pleno dia";"Decrescente";"Céu Claro";"Múltipla";"Curva";"Sim";1;0;1;0;0;0;1;1;-23,37660089;-46,56409613;"SPRF-SP";"DEL03-SP";"UOP01-DEL03-SP"
206068;2019-04-28;"domingo";"08:35:00";"RJ";116;136;"DUQUE DE CAXIAS";"Falta de Atenção à Condução";"Colisão traseira";"Com Vítimas Feridas";"Pleno dia";"Decrescente";"Céu Claro";"Dupla";"Reta";"Não";2;0;1;0;1;0;1;2;-22,64988985;-43,17250297;"SPRF-RJ";"DEL04-RJ";"UOP02-DEL04-RJ"
206069;2019-04-20;"sábado";"15:30:00";"SE";101;44;"CAPELA";"Falta de Atenção à Condução";"Colisão traseira";"Com Vítimas Feridas";"Pleno dia";"Decrescente";"Nublado";"Dupla";"Curva";"Não";7;0;2;0;5;0;2;2;-10,555492;-36,971121;"SPRF-SE";"DEL02-SE";"UOP02-DEL02-SE"
206071;2019-04-28;"domingo";"04:25:00";"SC";282;577;"PINHALZINHO";"Condutor Dormindo";"Colisão transversal";"Com Vítimas Feridas";"Plena Noite";"Crescente";"Garoa/Chuvisco";"Simples";"Curva";"Sim";4;0;4;0;0;0;4;2;-26,84676;-52,980644;"SPRF-SC";"DEL07-SC";"UOP02-DEL07-SC"
206072;2019-04-28;"domingo";"07:00:00";"RJ";465;21;"SEROPEDICA";"Desobediência às normas de trânsito pelo condutor";"Colisão com objeto estático";"Sem Vítimas";"Amanhecer";"Decrescente";"Céu Claro";"Simples";"Curva";"Não";1;0;0;0;1;0;0;1;-22,854782;-43,601933;"SPRF-RJ";"DEL01-RJ";"UOP01-DEL01-MS"
206073;2019-01-29;"terça-feira";"07:50:00";"PE";407;126,4;"PETROLINA";"Desobediência às normas de trânsito pelo condutor";"Colisão lateral";"Com Vítimas Feridas";"Amanhecer";"Decrescente";"Céu Claro";"Simples";"Rotatória";"Sim";2;0;0;1;1;0;1;2;-9,38729235;-40,52571058;"SPRF-PE";"DEL06-PE";"UOP01-DEL06-PE"
206074;2019-04-28;"domingo";"06:50:00";"RS";448;0;"SAPUCAIA DO SUL";"Velocidade Incompatível";"Capotamento";"Sem Vítimas";"Amanhecer";"Decrescente";"Nublado";"Simples";"Curva";"Não";1;0;0;0;1;0;0;1;-29,827246;-51,173317;"SPRF-RS";"DEL01-RS";"UOP02-DEL01-RS"
206077;2019-04-28;"domingo";"09:20:00";"PE";428;191;"PETROLINA";"Falta de Atenção à Condução";"Colisão lateral";"Com Vítimas Feridas";"Pleno dia";"Crescente";"Céu Claro";"Simples";"Reta";"Sim";3;0;1;0;2;0;1;2;-9,37766429;-40,50269795;"SPRF-PE";"DEL06-PE";"UOP01-DEL06-PE"
206079;2019-04-28;"domingo";"09:30:00";"RN";101;68,9;"EXTREMOZ";"Desobediência às normas de trânsito pelo condutor";"Colisão transversal";"Com Vítimas Feridas";"Pleno dia";"Crescente";"Céu Claro";"Simples";"Interseção de Vias";"Sim";2;0;1;0;1;0;1;2;-5,66628678;-35,25303617;"SPRF-RN";"DEL02-RN";"UOP01-DEL02-RN"
206081;2019-04-28;"domingo";"09:50:00";"SP";116;529;"BARRA DO TURVO";"Mal Súbito";"Queda de ocupante de veículo";"Com Vítimas Feridas";"Pleno dia";"Decrescente";"Nublado";"Dupla";"Reta";"Não";1;0;1;0;0;0;1;1;-24,939211;-48,301248;"SPRF-SP";"DEL05-SP";"UOP02-DEL05-SP"
206083;2019-04-28;"domingo";"09:50:00";"MG";365;599;"ARAGUARI";"Agressão Externa";"Saída de leito carroçável";"Com Vítimas Feridas";"Pleno dia";"Crescente";"Sol";"Simples";"Reta";"Não";6;0;5;0;1;0;5;1;-18,88997892;-48,12177605;"SPRF-MG";"DEL15-MG";"UOP01-DEL15-MG"
206084;2019-04-28;"domingo";"02:00:00";"SC";470;22,7;"ILHOTA";"Falta de Atenção à Condução";"Saída de leito carroçável";"Sem Vítimas";"Plena Noite";"Decrescente";"Ignorado";"Simples";"Reta";"Não";1;0;0;0;0;1;0;1;-26,88079271;-48,84275258;"SPRF-SC";"DEL04-SC";"UOP04-DEL04-SC"
206085;2019-04-28;"domingo";"09:30:00";"AL";101;114;"PILAR";"Velocidade Incompatível";"Saída de leito carroçável";"Com Vítimas Feridas";"Pleno dia";"Crescente";"Nublado";"Simples";"Declive;Curva";"Não";1;0;0;1;0;0;1;1;-9,63663301;-36,03046002;"SPRF-AL";"DEL02-AL";"UOP01-DEL02-AL"