"id";"data_inversa";"dia_semana";"horario";"uf";"br";"km";"municipio";"causa_acidente";"tipo_acidente";"classificacao_acidente";"fase_dia";"sentido_via";"condicao_metereologica";"tipo_pista";"tracado_via";"uso_solo";"pessoas";"mortos";"feridos_leves";"feridos_graves";"ilesos";"ignorados";"feridos";"veiculos";"latitude";"longitude";"regional";"delegacia";"uop"
206086;2019-04-28;"domingo";"09:05:00";"SP";116;136;"SAO JOSE DOS CAMPOS";"Não guardar distância de segurança";"Tombamento";"Com Vítimas Feridas";"Pleno dia";"Decrescente";"Céu Claro";"Dupla";"Reta";"Não";1;0;1;0;0;0;1;1;-23,14874471;-45,77863714;"SPRF-SP";"DEL06-SP";"UOP02-DEL02-SP"
206089;2019-04-28;"domingo";"10:45:00";"PR";376;161,3;"MARINGA";"Não guardar distância de segurança";"Colisão traseira";"Com Vítimas Feridas";"Pleno dia";"Crescente";"Chuva";"Dupla";"Reta";"Sim";3;0;1;0;2;0;1;2;-23,367828;-52,067358;"SPRF-PR";"DEL07-PR";"UOP01-DEL09-PR"
206090;2019-04-28;"domingo";"10:25:00";"RJ";101;319;"SAO GONCALO";"Falta de Atenção à Condução";"Tombamento";"Com Vítimas Fatais";"Pleno dia";"Crescente";"Céu Claro";"Dupla";"Reta";"Sim";1;1;0;0;0;0;0;1;-22,85411774;-43,1018014;"SPRF-RJ";"DEL02-RJ";"DEL5/2-UOP04/RJ"
206094;2019-04-28;"domingo";"11:15:00";"PR";116;26;"CAMPINA GRANDE DO SUL";"Velocidade Incompatível";"Saída de leito carroçável";"Com Vítimas Feridas";"Pleno dia";"Decrescente";"Chuva";"Dupla";"Curva";"Não";3;0;2;0;1;0;2;1;-25,10860622;-48,78691435;"SPRF-PR";"DEL01-PR";"UOP02-DEL01-PR"
206095;2019-04-28;"domingo";"11:25:00";"MG";381;584;"CARMOPOLIS DE MINAS";"Agressão Externa";"Queda de ocupante de veículo";"Com Vítimas Feridas";"Pleno dia";"Crescente";"Céu Claro";"Dupla";"Reta";"Não";1;0;0;1;0;0;1;1;-20,52949002;-44,63874994;"SPRF-MG";"DEL04-MG";"UOP01-DEL04-MG"
206096;2019-04-28;"domingo";"11:45:00";"SC";470;122;"IBIRAMA";"Pista Escorregadia";"Saída de leito carroçável";"Com Vítimas Feridas";"Pleno dia";"Crescente";"Chuva";"Simples";"Curva";"Não";3;0;2;0;1;0;2;1;-27,099888;-49,527679;"SPRF-SC";"DEL04-SC";"UOP02-DEL04-SC"
206097;2019-04-28;"domingo";"10:25:00";"PR";467;93,1;"CASCAVEL";"Velocidade Incompatível";"Saída de leito carroçável";"Com Vítimas Feridas";"Pleno dia";"Decrescente";"Garoa/Chuvisco";"Dupla";"Curva";"Não";1;0;1;0;0;0;1;1;-24,8599;-53,5868;"SPRF-PR";"DEL04-PR";"UOP01-DEL04-PR"
206098;2019-04-28;"domingo";"11:15:00";"MT";163;699;"SORRISO";"Falta de Atenção à Condução";"Queda de ocupante de veículo";"Com Vítimas Feridas";"Pleno dia";"Decrescente";"Nublado";"Simples";"Reta";"Não";1;0;1;0;0;0;1;1;-12,66881186;-55,79303741;"SPRF-MT";"DEL06-MT";"UOP01-DEL06-MT"
206099;2019-04-28;"domingo";"10:45:00";"MT";163;744;"SORRISO";"Falta de Atenção à Condução";"Queda de ocupante de veículo";"Com Vítimas Feridas";"Pleno dia";"Crescente";"Céu Claro";"Simples";"Reta;Declive";"Não";2;0;1;0;0;1;1;1;-12,71577635;-55,82368745;"SPRF-MT";"DEL06-MT";"UOP01-DEL06-MT"
206100;2019-04-28;"domingo";"10:30:00";"PB";101;119;"CAAPORA";"Defeito Mecânico no Veículo";"Incêndio";"Sem Vítimas";"Pleno dia";"Crescente";"Céu Claro";"Dupla";"Reta";"Não";1;0;0;0;1;0;0;1;-7,42897814;-34,96672977;"SPRF-PB";"DEL01-PB";"UOP01-DEL01-PB"
206102;2019-04-27;"sábado";"21:30:00";"PI";316;65;"MONSENHOR GIL";"Pista Escorregadia";"Saída de leito carroçável";"Com Vítimas Feridas";"Plena Noite";"Crescente";"Chuva";"Simples";"Curva";"Não";1;0;1;0;0;0;1;1;-5,61717113;-42,60352135;"SPRF-PI";"DEL01-PI";"UOP02-DEL01-PI"
206104;2019-04-28;"domingo";"11:30:00";"DF";60;3;"BRASILIA";"Falta de Atenção à Condução";"Colisão transversal";"Com Vítimas Feridas";"Pleno dia";"Crescente";"Céu Claro";"Dupla";"Reta";"Sim";3;0;2;1;0;0;3;2;-15,890521;-48,086864;"SPRF-DF";"DEL01-DF";"UOP01-DEL03-DF"
206105;2019-04-28;"domingo";"11:55:00";"SC";470;36,5;"GASPAR";"Falta de Atenção à Condução";"Colisão transversal";"Com Vítimas Feridas";"Pleno dia";"Crescente";"Chuva";"Simples";"Curva";"Não";4;0;4;0;0;0;4;2;-26,914196;-48,968948;"SPRF-SC";"DEL04-SC";"UOP01-DEL04-SC"
206106;2019-04-28;"domingo";"12:55:00";"GO";40;2;"VALPARAISO DE GOIAS";"Falta de Atenção à Condução";"Queda de ocupante de veículo";"Com Vítimas Feridas";"Pleno dia";"Crescente";"Céu Claro";"Dupla";"Reta";"Sim";1;0;1;0;0;0;1;1;-16,067129;-47,984235;"SPRF-DF";"DEL01-DF";"UOP01-DEL01-DF"
206108;2019-04-28;"domingo";"10:30:00";"MT";70;545;"NOSSA SENHORA DO LIVRAMENTO";"Velocidade Incompatível";"Saída de leito carroçável";"Sem Vítimas";"Pleno dia";"Crescente";"Garoa/Chuvisco";"Simples";"Reta";"Não";2;0;0;0;2;0;0;1;-15,67788997;-56,26128501;"SPRF-MT";"DEL01-MT";"DEL2/4-UOP02/MT"
206109;2019-04-28;"domingo";"13:00:00";"SC";101;192;"BIGUACU";"Falta de Atenção à Condução";"Colisão com objeto estático";"Com Vítimas Feridas";"Pleno dia";"Crescente";"Nublado";"Dupla";"Curva";"Sim";4;0;1;0;3;0;1;3;-27,48443781;-48,64765238;"SPRF-SC";"DEL01-SC";"UOP01-DEL01-SC"
206110;2019-04-28;"domingo";"12:00:00";"RJ";40;78;"PETROPOLIS";"Falta de Atenção à Condução";"Queda de ocupante de veículo";"Com Vítimas Feridas";"Pleno dia";"Crescente";"Céu Claro";"Dupla";"Curva";"Não";2;0;0;2;0;0;2;2;-22,48485874;-43,22843406;"SPRF-RJ";"DEL06-RJ";"UOP01-DEL06-RJ"
206111;2019-04-28;"domingo";"14:30:00";"RS";290;138;"ELDORADO DO SUL";"Falta de Atenção à Condução";"Tombamento";"Com Vítimas Feridas";"Pleno dia";"Crescente";"Céu Claro";"Simples";"Reta";"Sim";1;0;0;1;0;0;1;1;-30,075125;-51,590378;"SPRF-RS";"DEL02-RS";"UOP01-DEL02-RS"
206112;2019-04-28;"domingo";"11:15:00";"MT";163;746,8;"SORRISO";"Ingestão de Álcool";"Saída de leito carroçável";"Sem Vítimas";"Pleno dia";"Crescente";"Nublado";"Dupla";"Reta";"Sim";1;0;0;0;1;0;0;1;-12,7007392;-55,81389079;"SPRF-MT";"DEL06-MT";"UOP01-DEL06-MT"
206113;2019-04-28;"domingo";"14:25:00";"BA";324;601;"SIMOES FILHO";"Pista Escorregadia";"Saída de leito carroçável";"Com Vítimas Feridas";"Pleno dia";"Decrescente";"Chuva";"Dupla";"Reta";"Não";3;0;1;0;2;0;1;2;-12,75619292;-38,42803587;"SPRF-BA";"DEL01-BA";"UOP01-DEL01-BA"
206114;2019-04-28;"domingo";"14:20:00";"PA";230;121;"MARABA";"Falta de Atenção à Condução";"Colisão transversal";"Com Vítimas Feridas";"Pleno dia";"Crescente";"Céu Claro";"Dupla";"Reta";"Sim";2;0;1;0;0;1;1;2;-5,35297407;-49,12143673;"SPRF-PA";"DEL03-PA";"UOP01-DEL03-PA"
206115;2019-04-28;"domingo";"11:20:00";"RJ";101;247;"SILVA JARDIM";"Falta de Atenção à Condução";"Colisão com objeto estático";"Com Vítimas Feridas";"Pleno dia";"Crescente";"Céu Claro";"Dupla";"Curva";"Não";1;0;1;0;0;0;1;1;-22,65885276;-42,49422728;"SPRF-RJ";"DEL02-RJ";"UOP03-DEL02-RJ"
206116;2019-04-28;"domingo";"14:30:00";"GO";20;69;"FORMOSA";"Desobediência às normas de trânsito pelo condutor";"Colisão lateral";"Com Vítimas Feridas";"Pleno dia";"Crescente";"Céu Claro";"Simples";"Reta";"Não";2;0;1;0;1;0;1;2;-15,178497;-47,146648;"SPRF-DF";"DEL02-DF";"UOP01-DEL02-DF"
206117;2019-04-28;"domingo";"14:20:00";"PE";408;104,9;"JABOATAO DOS GUARARAPES";"Falta de Atenção à Condução";"Colisão transversal";"Com Vítimas Feridas";"Pleno dia";"Crescente";"Céu Claro";"Dupla";"Reta";"Sim";2;0;1;0;1;0;1;2;-8,064443;-34,99006;"SPRF-PE";"DEL01-PE";"UOP01-DEL01-PE"
206120;2019-04-28;"domingo";"15:00:00";"RJ";40;94;"PETROPOLIS";"Falta de Atenção do Pedestre";"Atropelamento de Pedestre";"Com Vítimas Feridas";"Pleno dia";"Decrescente";"Sol";"Simples";"Reta";"Não";3;0;0;1;1;1;1;2;-22,55763285;-43,26574352;"SPRF-RJ";"DEL06-RJ";"UOP01-DEL06-RJ"
206121;2019-04-28;"domingo";"15:52:00";"RN";304;36,4;"MOSSORO";"Falta de Atenção à Condução";"Colisão lateral";"Com Vítimas Feridas";"Pleno dia";"Crescente";"Céu Claro";"Dupla";"Reta";"Sim";2;0;1;0;0;1;1;2;-5,16853634;-37,35540171;"SPRF-RN";"DEL04-RN";"UOP02-DEL04-RN"
206122;2019-04-28;"domingo";"06:00:00";"PR";280;273,8;"MARMELEIRO";"Falta de Atenção à Condução";"Saída de leito carroçável";"Com Vítimas Feridas";"Plena Noite";"Crescente";"Chuva";"Simples";"Curva";"Não";1;0;1;0;0;0;1;1;-26,24877518;-53,2157135;"SPRF-PR";"DEL02-PR";"UOP01-DEL02-PR"
206123;2019-04-28;"domingo";"15:50:00";"SP";116;281,3;"EMBU DAS ARTES";"Desobediência às normas de trânsito pelo condutor";"Colisão traseira";"Com Vítimas Feridas";"Pleno dia";"Decrescente";"Céu Claro";"Dupla";"Reta";"Sim";5;0;2;0;3;0;2;2;-23,67784787;-46,85769227;"SPRF-SP";"DEL04-SP";"UOP01-DEL04-SP"
206124;2019-04-28;"domingo";"16:00:00";"BA";110;366;"CATU";"Falta de Atenção à Condução";"Colisão lateral";"Com Vítimas Feridas";"Pleno dia";"Crescente";"Céu Claro";"Simples";"Reta";"Sim";2;0;1;0;1;0;1;2;-12,40314093;-38,3898051;"SPRF-BA";"DEL01-BA";"UOP04-DEL01-BA"
206125;2019-04-25;"quinta-feira";"04:30:00";"SC";101;201;"SAO JOSE";"Desobediência às normas de trânsito pelo condutor";"Saída de leito carroçável";"Sem Vítimas";"Plena Noite";"Crescente";"Ignorado";"Dupla";"Reta";"Sim";1;0;0;0;1;0;0;1;-27,54836599;-48,61977975;"SPRF-SC";"DEL01-SC";"UOP01-DEL01-SC"
206126;2019-04-28;"domingo";"15:20:00";"SP";116;402,5;"MIRACATU";"Pista Escorregadia";"Saída de leito carroçável";"Com Vítimas Feridas";"Pleno dia";"Decrescente";"Chuva";"Dupla";"Reta";"Não";3;0;3;0;0;0;3;1;-24,31524235;-47,52317732;"SPRF-SP";"DEL04-SP";"UOP02-DEL04-SP"
206130;2019-04-28;"domingo";"15:55:00";"SP";116;306,7;"SAO LOURENCO DA SERRA";"Pista Escorregadia";"Saída de leito carroçável";"Com Vítimas Feridas";"Anoitecer";"Crescente";"Chuva";"Dupla";"Curva";"Não";3;0;3;0;0;0;3;1;-23,8486091;-46,93801566;"SPRF-SP";"DEL04-SP";"UOP01-DEL04-SP"
206131;2019-04-28;"domingo";"14:55:00";"MG";116;502,1;"INHAPIM";"Falta de Atenção à Condução";"Saída de leito carroçável";"Com Vítimas Feridas";"Pleno dia";"Decrescente";"Céu Claro";"Simples";"Curva";"Não";2;0;2;0;0;0;2;1;-19,577398;-42,115808;"SPRF-MG";"DEL06-MG";"UOP02-DEL06-MG"
206133;2019-04-28;"domingo";"16:10:00";"MS";262;229,6;"RIBAS DO RIO PARDO";"Falta de Atenção à Condução";"Saída de leito carroçável";"Com Vítimas Feridas";"Anoitecer";"Decrescente";"Chuva";"Simples";"Reta";"Não";5;0;0;1;4;0;1;1;-20,4723977;-53,66251193;"SPRF-MS";"DEL07-MS";"UOP02-DEL07-MS"
206134;2019-04-28;"domingo";"16:50:00";"SP";116;288;"ITAPECERICA DA SERRA";"Falta de Atenção à Condução";"Colisão traseira";"Com Vítimas Feridas";"Pleno dia";"Decrescente";"Garoa/Chuvisco";"Dupla";"Reta";"Sim";2;0;1;0;1;0;1;2;-23,719254;-46,883144;"SPRF-SP";"DEL04-SP";"UOP01-DEL04-SP"
206135;2019-04-28;"domingo";"16:15:00";"MT";364;387;"SANTO ANTONIO DO LEVERGER";"Ingestão de Álcool";"Saída de leito carroçável";"Sem Vítimas";"Pleno dia";"Decrescente";"Céu Claro";"Dupla";"Reta";"Não";1;0;0;0;1;0;0;1;-15,70270519;-55,79303741;"SPRF-MT";"DEL02-MT";"UOP02-DEL01-MT"
206137;2019-04-28;"domingo";"17:15:00";"PR";376;3,3;"APUCARANA";"Falta de Atenção à Condução";"Colisão com objeto estático";"Sem Vítimas";"Pleno dia";"Decrescente";"Nublado";"Simples";"Interseção de Vias";"Sim";1;0;0;0;1;0;0;1;-23,5513;-51,461266;"SPRF-PR";"DEL07-PR";"UOP03-DEL07-PR"
206138;2019-04-28;"domingo";"17:40:00";"RN";304;297;"MACAIBA";"Falta de Atenção à Condução";"Colisão traseira";"Sem Vítimas";"Plena Noite";"Crescente";"Céu Claro";"Simples";"Declive";"Não";4;0;0;0;4;0;0;4;-5,86654188;-35,36170813;"SPRF-RN";"DEL01-RN";"UOP02-DEL01-RN"
206139;2019-04-28;"domingo";"17:40:00";"SC";470;138,1;"RIO DO SUL";"Falta de Atenção à Condução";"Colisão transversal";"Com Vítimas Feridas";"Pleno dia";"Decrescente";"Céu Claro";"Simples";"Retorno Regulamentado";"Não";3;0;2;0;1;0;2;2;-27,19389587;-49,62417126;"SPRF-SC";"DEL04-SC";"UOP02-DEL04-SC"
206140;2019-04-28;"domingo";"18:00:00";"MG";267;88,1;"JUIZ DE FORA";"Falta de Atenção à Condução";"Colisão traseira";"Com Vítimas Feridas";"Anoitecer";"Crescente";"Céu Claro";"Simples";"Reta";"Não";2;0;0;1;1;0;1;2;-21,74628597;-43,26734226;"SPRF-MG";"DEL05-MG";"UOP01-DEL05-MG"
206142;2019-04-28;"domingo";"16:00:00";"SP";381;81,5;"SAO PAULO";"Pista Escorregadia";"Colisão com objeto estático";"Com Vítimas Feridas";"Pleno dia";"Crescente";"Garoa/Chuvisco";"Dupla";"Reta";"Não";1;0;1;0;0;0;1;1;-23,41704481;-46,58022057;"SPRF-SP";"DEL03-SP";"UOP01-DEL03-SP"
206143;2019-04-28;"domingo";"17:20:00";"PR";277;5;"PARANAGUA";"Defeito Mecânico no Veículo";"Saída de leito carroçável";"Sem Vítimas";"Anoitecer";"Decrescente";"Nublado";"Dupla";"Reta";"Não";1;0;0;0;1;0;0;1;-25,55850963;-48,57254148;"SPRF-PR";"DEL01-PR";"UOP05-DEL01-PR"
206144;2019-04-28;"domingo";"14:40:00";"PR";376;535;"PALMEIRA";"Falta de Atenção à Condução";"Saída de leito carroçável";"Com Vítimas Feridas";"Pleno dia";"Decrescente";"Nublado";"Dupla";"Reta";"Não";1;0;1;0;0;0;1;1;-25,38045417;-49,80922117;"SPRF-PR";"DEL01-PR";"UOP06-DEL01-PR"
206146;2019-04-28;"domingo";"18:00:00";"RN";304;34,3;"MOSSORO";"Ingestão de Álcool";"Colisão com objeto em movimento";"Com Vítimas Feridas";"Plena Noite";"Decrescente";"Ignorado";"Dupla";"Reta";"Não";2;0;0;1;0;1;1;2;-5,15255798;-37,34873808;"SPRF-RN";"DEL04-RN";"UOP02-DEL04-RN"
206150;2019-04-28;"domingo";"16:30:00";"MG";116;401,8;"GOVERNADOR VALADARES";"Falta de Atenção à Condução";"Saída de leito carroçável";"Com Vítimas Feridas";"Pleno dia";"Crescente";"Céu Claro";"Simples";"Reta";"Não";1;0;0;1;0;0;1;1;-18,781191;-41,987997;"SPRF-MG";"DEL06-MG";"UOP01-DEL06-MG"
206151;2019-04-28;"domingo";"18:00:00";"PR";376;386,9;"IMBAU";"Desobediência às normas de trânsito pelo condutor";"Colisão transversal";"Com Vítimas Feridas";"Anoitecer";"Decrescente";"Nublado";"Dupla";"Retorno Regulamentado";"Não";4;0;2;1;1;0;3;2;-24,49494491;-50,72536493;"SPRF-PR";"DEL03-PR";"UOP02-DEL03-PR"
206152;2019-04-28;"domingo";"18:30:00";"PR";369;184;"ARAPONGAS";"Falta de Atenção à Condução";"Colisão traseira";"Sem Vítimas";"Anoitecer";"Decrescente";"Nublado";"Simples";"Reta";"Sim";2;0;0;0;2;0;0;2;-23,40132919;-51,42740965;"SPRF-PR";"DEL07-PR";"UOP03-DEL07-PR"
206153;2019-04-28;"domingo";"18:20:00";"PI";343;48,7;"BURITI DOS LOPES";"Ingestão de Álcool";"Colisão frontal";"Sem Vítimas";"Plena Noite";"Decrescente";"Nublado";"Simples";"Reta";"Não";2;0;0;0;1;1;0;2;-3,174765;-41,86887;"SPRF-PI";"DEL05-PI";"UOP01-DEL05-PI"
206154;2019-04-28;"domingo";"18:30:00";"PE";101;81,9;"JABOATAO DOS GUARARAPES";"Falta de Atenção à Condução";"Colisão transversal";"Com Vítimas Feridas";"Plena Noite";"Crescente";"Nublado";"Dupla";"Curva";"Sim";2;0;0;2;0;0;2;2;-8,1597489;-34,94024569;"SPRF-PE";"DEL01-PE";"UOP03-DEL01-PE"
206156;2019-04-28;"domingo";"18:50:00";"RJ";101;303;"SAO GONCALO";"Falta de Atenção à Condução";"Atropelamento de Pedestre";"Com Vítimas Feridas";"Plena Noite";"Decrescente";"Céu Claro";"Simples";"Reta";"Sim";2;0;0;1;1;0;1;2;-22,7828205;-42,9766681;"SPRF-RJ";"DEL02-RJ";"DEL5/2-UOP04/RJ"
206157;2019-04-28;"domingo";"18:55:00";"GO";40;9;"LUZIANIA";"Falta de Atenção do Pedestre";"Atropelamento de Pedestre";"Com Vítimas Feridas";"Plena Noite";"Decrescente";"Céu Claro";"Dupla";"Reta";"Sim";2;0;2;0;0;0;2;2;-16,131158;-47,957739;"SPRF-DF";"DEL01-DF";"UOP01-DEL01-DF"
206158;2019-04-28;"domingo";"18:40:00";"SP";116;48;"CANAS";"Ingestão de Álcool";"Colisão lateral";"Com Vítimas Feridas";"Plena Noite";"Crescente";"Chuva";"Dupla";"Reta";"Não";4;0;1;1;1;1;2;3;-22,72498915;-45,06884189;"SPRF-SP";"DEL08-SP";"UOP01-DEL08-SP"
206161;2019-04-28;"domingo";"19:20:00";"RN";101;96;"NATAL";"Não guardar distância de segurança";"Colisão lateral";"Com Vítimas Feridas";"Plena Noite";"Crescente";"Céu Claro";"Dupla";"Interseção de Vias";"Sim";2;0;1;0;1;0;1;2;-5,84949622;-35,20890752;"SPRF-RN";"DEL01-RN";"UOP01-DEL01-RN"
206163;2019-04-28;"domingo";"19:00:00";"SP";381;31;"ATIBAIA";"Restrição de Visibilidade";"Colisão com objeto em movimento";"Com Vítimas Feridas";"Plena Noite";"Crescente";"Chuva";"Dupla";"Reta";"Sim";1;0;1;0;0;0;1;1;-23,0559669;-46,57063716;"SPRF-SP";"DEL03-SP";"UOP02-DEL03-SP"
206165;2019-04-28;"domingo";"18:40:00";"SP";116;125,1;"CACAPAVA";"Ingestão de Álcool";"Colisão traseira";"Com Vítimas Feridas";"Plena Noite";"Decrescente";"Chuva";"Dupla";"Reta";"Sim";3;0;1;0;2;0;1;2;-23,09872598;-45,68608201;"SPRF-SP";"DEL06-SP";"UOP02-DEL02-SP"
206166;2019-04-28;"domingo";"19:00:00";"GO";153;176;"CAMPINORTE";"Falta de Atenção à Condução";"Atropelamento de Pedestre";"Com Vítimas Feridas";"Plena Noite";"Decrescente";"Ignorado";"Simples";"Reta";"Sim";2;0;0;1;1;0;1;2;-14,319126;-49,15099;"SPRF-GO";"DEL07-GO";"UOP02-DEL07-GO"
206167;2019-04-28;"domingo";"19:40:00";"MG";116;166,1;"PADRE PARAISO";"Falta de Atenção à Condução";"Colisão lateral";"Com Vítimas Feridas";"Plena Noite";"Decrescente";"Céu Claro";"Simples";"Curva";"Não";2;0;0;1;1;0;1;2;-16,98397508;-41,44751715;"SPRF-MG";"DEL11-MG";"UOP02-DEL11-MG"
206168;2019-04-12;"sexta-feira";"16:45:00";"GO";153;497;"GOIANIA";"Falta de Atenção à Condução";"Colisão lateral";"Com Vítimas Feridas";"Pleno dia";"Decrescente";"Céu Claro";"Dupla";"Reta";"Sim";2;0;1;0;1;0;1;2;-16,6854;-49,2338;"SPRF-GO";"DEL01-GO";"UOP01-DEL01-GO"
206169;2019-04-28;"domingo";"17:20:00";"SC";282;305;"VARGEM";"Velocidade Incompatível";"Saída de leito carroçável";"Com Vítimas Feridas";"Pleno dia";"Crescente";"Chuva";"Simples";"Curva";"Não";2;0;2;0;0;0;2;1;-27,500679;-50,949047;"SPRF-SC";"DEL07-SC";"UOP06-DEL07-SC"
206170;2019-04-28;"domingo";"18:50:00";"SC";163;73,7;"SAO MIGUEL DO OESTE";"Mal Súbito";"Colisão transversal";"Com Vítimas Feridas";"Plena Noite";"Crescente";"Céu Claro";"Simples";"Curva";"Não";4;0;1;0;3;0;1;2;-26,71084646;-53,51502434;"SPRF-SC";"DEL07-SC";"UOP03-DEL07-SC"
206171;2019-04-28;"domingo";"18:50:00";"GO";60;180,2;"ABADIA DE GOIAS";"Defeito Mecânico no Veículo";"Incêndio";"Sem Vítimas";"Plena Noite";"Decrescente";"Céu Claro";"Dupla";"Declive";"Não";2;0;0;0;2;0;0;1;-16,7666;-49,4751;"SPRF-GO";"DEL01-GO";"UOP02-DEL01-GO"
206173;2019-04-28;"domingo";"19:30:00";"DF";20;9;"BRASILIA";"Falta de Atenção do Pedestre";"Atropelamento de Pedestre";"Com Vítimas Feridas";"Plena Noite";"Crescente";"Céu Claro";"Dupla";"Reta";"Sim";2;0;1;0;1;0;1;2;-15,654671;-47,782917;"SPRF-DF";"DEL02-DF";"UOP01-DEL02-DF"
206175;2019-04-28;"domingo";"19:35:00";"RJ";101;151,7;"MACAE";"Falta de Atenção à Condução";"Saída de leito carroçável";"Com Vítimas Feridas";"Plena Noite";"Crescente";"Vento";"Simples";"Curva";"Não";4;0;2;1;1;0;3;1;-22,24496929;-41,80720879;"SPRF-RJ";"DEL02-RJ";"UOP04-DEL08-RJ"
206177;2019-04-28;"domingo";"18:10:00";"SC";280;44,5;"GUARAMIRIM";"Desobediência às normas de trânsito pelo condutor";"Colisão frontal";"Com Vítimas Feridas";"Anoitecer";"Decrescente";"Chuva";"Simples";"Reta";"Sim";2;0;1;1;0;0;2;2;-26,4517722;-48,88789399;"SPRF-SC";"DEL03-SC";"UOP03-DEL03-SC"
206178;2019-04-28;"domingo";"20:10:00";"ES";101;147,1;"LINHARES";"Falta de Atenção à Condução";"Colisão transversal";"Com Vítimas Feridas";"Plena Noite";"Decrescente";"Céu Claro";"Simples";"Rotatória";"Sim";2;0;0;1;1;0;1;2;-19,37887202;-40,06657892;"SPRF-ES";"DEL04-ES";"UOP01-DEL04-ES"
206179;2019-04-28;"domingo";"19:10:00";"SC";280;54,9;"GUARAMIRIM";"Falta de Atenção à Condução";"Colisão transversal";"Sem Vítimas";"Plena Noite";"Decrescente";"Céu Claro";"Simples";"Reta";"Sim";2;0;0;0;2;0;0;2;-26,47539893;-48,983748;"SPRF-SC";"DEL03-SC";"UOP03-DEL03-SC"
206182;2019-04-28;"domingo";"19:00:00";"MG";381;934,2;"EXTREMA";"Fenômenos da Natureza";"Capotamento";"Com Vítimas Feridas";"Plena Noite";"Decrescente";"Vento";"Dupla";"Curva";"Não";1;0;1;0;0;0;1;1;-22,82007572;-46,29934031;"SPRF-MG";"DEL16-MG";"UOP03-DEL16-MG"
206183;2019-04-28;"domingo";"20:10:00";"RJ";116;182;"NOVA IGUACU";"Falta de Atenção à Condução";"Capotamento";"Com Vítimas Feridas";"Plena Noite";"Decrescente";"Chuva";"Dupla";"Reta";"Sim";2;0;1;0;1;0;1;1;-22,7567755;-43,43107234;"SPRF-RJ";"DEL01-RJ";"UOP02-DEL01-RJ"
206184;2019-04-28;"domingo";"18:20:00";"MG";116;536,8;"SANTA RITA DE MINAS";"Não guardar distância de segurança";"Colisão traseira";"Com Vítimas Feridas";"Plena Noite";"Decrescente";"Céu Claro";"Simples";"Reta";"Não";2;0;1;0;1;0;1;2;-19,8582936;-42,1353868;"SPRF-MG";"DEL06-MG";"UOP02-DEL06-MG"
206186;2019-04-28;"domingo";"20:40:00";"SP";153;256,3;"MARILIA";"Ingestão de Álcool";"Colisão com objeto estático";"Com Vítimas Feridas";"Plena Noite";"Decrescente";"Nublado";"Dupla";"Reta";"Sim";1;0;0;1;0;0;1;1;-22,231552;-49,91968;"SPRF-SP";"DEL07-SP";"UOP02-DEL07-SP"
206187;2019-04-28;"domingo";"20:50:00";"MG";40;618,2;"CONGONHAS";"Velocidade Incompatível";"Saída de leito carroçável";"Com Vítimas Fatais";"Plena Noite";"Decrescente";"Céu Claro";"Dupla";"Interseção de Vias";"Não";1;1;0;0;0;0;0;1;-20,56887753;-43,81120389;"SPRF-MG";"DEL05-MG";"UOP02-DEL05-MG"
206192;2019-04-28;"domingo";"19:30:00";"BA";324;513;"FEIRA DE SANTANA";"Falta de Atenção à Condução";"Colisão transversal";"Com Vítimas Fatais";"Plena Noite";"Crescente";"Céu Claro";"Simples";"Reta";"Não";2;1;1;0;0;0;1;2;-12,23098007;-38,96101401;"SPRF-BA";"DEL02-BA";"UOP01-DEL02-BA"
206193;2019-04-28;"domingo";"20:00:00";"BA";116;737,6;"BOA NOVA";"Ingestão de Álcool";"Capotamento";"Com Vítimas Fatais";"Plena Noite";"Crescente";"Céu Claro";"Simples";"Reta";"Não";5;1;2;2;0;0;4;1;-14,33009999;-40,32591285;"SPRF-BA";"DEL08-BA";"UOP02-DEL08-BA"
206195;2019-04-28;"domingo";"22:00:00";"PE";101;91,6;"CABO DE SANTO AGOSTINHO";"Ingestão de Álcool";"Colisão frontal";"Com Vítimas Feridas";"Plena Noite";"Decrescente";"Céu Claro";"Simples";"Reta";"Sim";2;0;1;0;1;0;1;2;-8,22399812;-34,99290474;"SPRF-PE";"DEL01-PE";"UOP03-DEL01-PE"
206198;2019-04-28;"domingo";"22:15:00";"MG";153;209,7;"FRUTAL";"Falta de Atenção à Condução";"Colisão com objeto estático";"Sem Vítimas";"Plena Noite";"Crescente";"Nublado";"Dupla";"Interseção de Vias";"Não";1;0;0;0;0;1;0;1;-20,01723093;-49,04675064;"SPRF-MG";"DEL13-MG";"UOP02-DEL13-MG"
206199;2019-04-28;"domingo";"22:20:00";"MG";50;157,1;"UBERABA";"Defeito Mecânico no Veículo";"Incêndio";"Sem Vítimas";"Plena Noite";"Decrescente";"Nublado";"Dupla";"Reta";"Não";1;0;0;0;1;0;0;1;-19,62528388;-48,01556068;"SPRF-MG";"DEL13-MG";"UOP01-DEL13-MG"
206200;2019-04-28;"domingo";"21:20:00";"BA";116;411;"FEIRA DE SANTANA";"Falta de Atenção à Condução";"Colisão frontal";"Sem Vítimas";"Plena Noite";"Crescente";"Céu Claro";"Simples";"Curva";"Não";2;0;0;0;0;2;0;2;-12,12521099;-38,96820175;"SPRF-BA";"DEL02-BA";"UOP01-DEL02-BA"