"id";"data_inversa";"dia_semana";"horario";"uf";"br";"km";"municipio";"causa_acidente";"tipo_acidente";"classificacao_acidente";"fase_dia";"sentido_via";"condicao_metereologica";"tipo_pista";"tracado_via";"uso_solo";"pessoas";"mortos";"feridos_leves";"feridos_graves";"ilesos";"ignorados";"feridos";"veiculos";"latitude";"longitude";"regional";"delegacia";"uop"
206441;2019-04-30;"terça-feira";"13:00:00";"GO";70;9,2;"AGUAS LINDAS DE GOIAS";"Falta de Atenção à Condução";"Tombamento";"Com Vítimas Feridas";"Pleno dia";"Decrescente";"Céu Claro";"Dupla";"Reta";"Sim";1;0;1;0;0;0;1;1;-15,73576731;-48,28288046;"SPRF-DF";"DEL01-DF";"UOP02-DEL03-DF"
206442;2019-04-30;"terça-feira";"13:15:00";"PE";232;4,4;"RECIFE";"Falta de Atenção à Condução";"Colisão traseira";"Com Vítimas Feridas";"Pleno dia";"Crescente";"Céu Claro";"Múltipla";"Aclive";"Não";2;0;1;0;1;0;1;2;-8,064473;-34,936928;"SPRF-PE";"DEL01-PE";"UOP01-DEL01-PE"
206447;2019-04-30;"terça-feira";"11:30:00";"MG";116;815,7;"ALEM PARAIBA";"Desobediência às normas de trânsito pelo condutor";"Colisão transversal";"Com Vítimas Feridas";"Pleno dia";"Crescente";"Sol";"Simples";"Declive;Reta";"Sim";2;0;1;0;1;0;1;2;-21,86200678;-42,66859006;"SPRF-MG";"DEL07-MG";"UOP01-DEL07-MG"
206448;2019-04-30;"terça-feira";"13:15:00";"SC";101;209,3;"SAO JOSE";"Desobediência às normas de trânsito pelo condutor";"Colisão lateral";"Com Vítimas Feridas";"Pleno dia";"Crescente";"Céu Claro";"Dupla";"Reta";"Sim";2;0;1;0;1;0;1;2;-27,61000542;-48,63895057;"SPRF-SC";"DEL01-SC";"UOP01-DEL01-SC"
206449;2019-04-30;"terça-feira";"08:33:00";"RO";364;61,8;"VILHENA";"Avarias e/ou desgaste excessivo no pneu";"Saída de leito carroçável";"Com Vítimas Feridas";"Pleno dia";"Crescente";"Céu Claro";"Simples";"Reta;Declive";"Não";1;0;1;0;0;0;1;1;-12,51215088;-60,44442397;"SPRF-RO";"DEL04-RO";"DEL21/4-UOP03/RO"
206453;2019-04-22;"segunda-feira";"07:46:00";"MS";163;844;"SONORA";"Falta de Atenção à Condução";"Tombamento";"Com Vítimas Feridas";"Plena Noite";"Crescente";"Chuva";"Simples";"Reta";"Não";1;0;1;0;0;0;1;1;-17,54715307;-54,74212646;"SPRF-MS";"DEL06-MS";"UOP01-DEL06-MS"
206457;2019-04-30;"terça-feira";"14:20:00";"SC";470;59;"BLUMENAU";"Falta de Atenção à Condução";"Colisão frontal";"Com Vítimas Feridas";"Pleno dia";"Crescente";"Nublado";"Simples";"Reta";"Não";2;0;1;0;1;0;1;2;-26,882812;-49,1548;"SPRF-SC";"DEL04-SC";"UOP01-DEL04-SC"
206460;2019-04-30;"terça-feira";"06:45:00";"MG";40;619;"CONGONHAS";"Pista Escorregadia";"Saída de leito carroçável";"Com Vítimas Feridas";"Amanhecer";"Decrescente";"Nublado";"Simples";"Curva";"Não";1;0;1;0;0;0;1;1;-20,57051498;-43,81191334;"SPRF-MG";"DEL05-MG";"UOP02-DEL05-MG"
206462;2019-04-17;"quarta-feira";"18:30:00";"MG";50;72;"UBERLANDIA";"Falta de Atenção à Condução";"Colisão traseira";"Com Vítimas Feridas";"Plena Noite";"Crescente";"Vento";"Dupla";"Reta";"Sim";4;0;2;0;1;1;2;4;-18,85140204;-48,25345932;"SPRF-MG";"DEL15-MG";"UOP01-DEL15-MG"
206464;2019-04-30;"terça-feira";"14:25:00";"PB";230;113,2;"INGA";"Condutor Dormindo";"Capotamento";"Com Vítimas Feridas";"Pleno dia";"Crescente";"Céu Claro";"Dupla";"Reta";"Não";1;0;1;0;0;0;1;1;-7,23169871;-35,60119629;"SPRF-PB";"DEL01-PB";"UOP03-DEL01-PB"
206465;2019-04-30;"terça-feira";"14:40:00";"PR";376;2;"APUCARANA";"Falta de Atenção à Condução";"Colisão lateral";"Com Vítimas Feridas";"Pleno dia";"Decrescente";"Nublado";"Simples";"Reta";"Sim";3;0;1;0;2;0;1;2;-23,57185426;-51,43009186;"SPRF-PR";"DEL07-PR";"UOP03-DEL07-PR"
206466;2019-04-30;"terça-feira";"15:20:00";"RJ";116;167;"SAO JOAO DE MERITI";"Falta de Atenção à Condução";"Colisão lateral";"Com Vítimas Feridas";"Pleno dia";"Decrescente";"Céu Claro";"Dupla";"Reta";"Sim";2;0;1;0;1;0;1;2;-22,80262586;-43,35142314;"SPRF-RJ";"DEL01-RJ";"UOP02-DEL01-RJ"
206467;2019-04-30;"terça-feira";"15:30:00";"PR";116;65;"CAMPINA GRANDE DO SUL";"Falta de Atenção à Condução";"Capotamento";"Com Vítimas Feridas";"Pleno dia";"Decrescente";"Sol";"Dupla";"Curva";"Não";1;0;1;0;0;0;1;1;-25,31031746;-49,00207969;"SPRF-PR";"DEL01-PR";"UOP02-DEL01-PR"
206468;2019-04-30;"terça-feira";"14:40:00";"RO";364;191;"PIMENTA BUENO";"Falta de Atenção à Condução";"Colisão traseira";"Com Vítimas Feridas";"Pleno dia";"Decrescente";"Sol";"Simples";"Reta";"Sim";3;0;2;0;1;0;2;2;-11,71739105;-61,15037204;"SPRF-RO";"DEL02-RO";"UOP02-DEL02-RO"
206470;2019-04-30;"terça-feira";"15:40:00";"SC";282;16;"PALHOCA";"Desobediência às normas de trânsito pelo condutor";"Colisão transversal";"Com Vítimas Feridas";"Pleno dia";"Crescente";"Sol";"Simples";"Reta";"Não";2;0;2;0;0;0;2;2;-27,658611;-48,681847;"SPRF-SC";"DEL01-SC";"UOP02-DEL01-SC"
206472;2019-04-30;"terça-feira";"12:40:00";"PI";316;59,1;"MONSENHOR GIL";"Desobediência às normas de trânsito pelo condutor";"Colisão traseira";"Com Vítimas Fatais";"Pleno dia";"Decrescente";"Céu Claro";"Simples";"Reta";"Não";2;1;1;0;0;0;1;2;-5,56760479;-42,61433601;"SPRF-PI";"DEL01-PI";"UOP02-DEL01-PI"
206473;2019-04-30;"terça-feira";"16:00:00";"GO";153;572,6;"PROFESSOR JAMIL";"Condutor Dormindo";"Saída de leito carroçável";"Com Vítimas Feridas";"Pleno dia";"Crescente";"Céu Claro";"Dupla";"Reta";"Não";1;0;1;0;0;0;1;1;-17,3209;-49,2392;"SPRF-GO";"DEL03-GO";"UOP01-DEL03-GO"
206474;2019-04-30;"terça-feira";"16:15:00";"ES";101;375,9;"ICONHA";"Falta de Atenção à Condução";"Colisão transversal";"Com Vítimas Feridas";"Pleno dia";"Crescente";"Céu Claro";"Simples";"Reta";"Sim";2;0;1;0;1;0;1;2;-20,78856;-40,795613;"SPRF-ES";"DEL03-ES";"UOP01-DEL03-ES"
206475;2019-04-30;"terça-feira";"13:40:00";"RJ";40;101;"DUQUE DE CAXIAS";"Desobediência às normas de trânsito pelo condutor";"Queda de ocupante de veículo";"Com Vítimas Feridas";"Pleno dia";"Decrescente";"Céu Claro";"Simples";"Curva";"Sim";2;0;1;0;1;0;1;1;-22,60246485;-43,28380739;"SPRF-RJ";"DEL06-RJ";"UOP01-DEL06-RJ"
206478;2019-04-30;"terça-feira";"17:20:00";"SC";470;9,5;"NAVEGANTES";"Desobediência às normas de trânsito pelo condutor";"Colisão transversal";"Com Vítimas Feridas";"Pleno dia";"Crescente";"Céu Claro";"Simples";"Interseção de Vias";"Sim";2;0;0;1;1;0;1;2;-26,83347243;-48,73389244;"SPRF-SC";"DEL04-SC";"UOP04-DEL04-SC"
206480;2019-04-30;"terça-feira";"17:40:00";"GO";153;513,4;"APARECIDA DE GOIANIA";"Defeito Mecânico no Veículo";"Tombamento";"Com Vítimas Feridas";"Anoitecer";"Crescente";"Céu Claro";"Múltipla";"Curva";"Sim";1;0;1;0;0;0;1;1;-16,81853484;-49,24029535;"SPRF-GO";"DEL01-GO";"UOP03-DEL01-GO"
206483;2019-04-30;"terça-feira";"17:45:00";"PB";230;72,1;"SOBRADO";"Desobediência às normas de trânsito pelo condutor";"Colisão transversal";"Com Vítimas Feridas";"Anoitecer";"Decrescente";"Céu Claro";"Dupla";"Reta";"Não";5;0;2;0;3;0;2;2;-7,1907;-35,2418;"SPRF-PB";"DEL01-PB";"UOP03-DEL01-PB"
206484;2019-04-30;"terça-feira";"17:40:00";"RN";101;96,2;"NATAL";"Falta de Atenção à Condução";"Colisão lateral";"Com Vítimas Feridas";"Anoitecer";"Decrescente";"Céu Claro";"Dupla";"Reta";"Sim";2;0;0;1;1;0;1;2;-5,84949622;-35,20890752;"SPRF-RN";"DEL01-RN";"UOP01-DEL01-RN"
206485;2019-04-30;"terça-feira";"17:00:00";"RJ";101;120;"CAMPOS DOS GOYTACAZES";"Desobediência às normas de trânsito pelo pedestre";"Atropelamento de Pedestre";"Com Vítimas Feridas";"Pleno dia";"Decrescente";"Céu Claro";"Dupla";"Reta";"Não";2;0;1;0;1;0;1;2;-22,02621833;-41,69171397;"SPRF-RJ";"DEL08-RJ";"UOP02-DEL08-RJ"
206486;2019-04-30;"terça-feira";"16:50:00";"MG";116;540,7;"SANTA RITA DE MINAS";"Animais na Pista";"Atropelamento de Animal";"Com Vítimas Feridas";"Pleno dia";"Decrescente";"Nublado";"Simples";"Curva";"Não";1;0;1;0;0;0;1;1;-19,886814;-42,13777186;"SPRF-MG";"DEL06-MG";"UOP02-DEL06-MG"
206490;2019-04-30;"terça-feira";"18:00:00";"PR";476;155,9;"ARAUCARIA";"Falta de Atenção à Condução";"Colisão frontal";"Com Vítimas Feridas";"Anoitecer";"Crescente";"Céu Claro";"Simples";"Interseção de Vias";"Sim";2;0;1;0;1;0;1;2;-25,590897;-49,410622;"SPRF-PR";"DEL01-PR";"UOP03-DEL01-PR"
206492;2019-04-30;"terça-feira";"18:20:00";"GO";153;515,6;"APARECIDA DE GOIANIA";"Falta de Atenção do Pedestre";"Colisão transversal";"Com Vítimas Feridas";"Anoitecer";"Decrescente";"Céu Claro";"Dupla";"Reta";"Sim";2;0;2;0;0;0;2;2;-16,8413;-49,2454;"SPRF-GO";"DEL01-GO";"UOP03-DEL01-GO"
206493;2019-04-30;"terça-feira";"18:30:00";"GO";40;6,5;"VALPARAISO DE GOIAS";"Desobediência às normas de trânsito pelo condutor";"Atropelamento de Pedestre";"Com Vítimas Feridas";"Amanhecer";"Crescente";"Céu Claro";"Dupla";"Reta";"Sim";2;0;1;0;1;0;1;2;-16,100814;-47,977351;"SPRF-DF";"DEL01-DF";"UOP01-DEL01-DF"
206494;2019-04-30;"terça-feira";"17:30:00";"BA";242;555,4;"OLIVEIRA DOS BREJINHOS";"Defeito Mecânico no Veículo";"Capotamento";"Sem Vítimas";"Anoitecer";"Crescente";"Céu Claro";"Simples";"Reta";"Não";1;0;0;0;1;0;0;1;-12,13456014;-42,88333814;"SPRF-BA";"DEL10-BA";"UOP03-DEL06-BA"
206495;2019-04-30;"terça-feira";"18:05:00";"RS";116;529,8;"CAPAO DO LEAO";"Falta de Atenção à Condução";"Colisão transversal";"Com Vítimas Feridas";"Plena Noite";"Crescente";"Céu Claro";"Simples";"Reta";"Sim";2;0;1;0;1;0;1;2;-31,75446042;-52,42803583;"SPRF-RS";"DEL07-RS";"UOP01-DEL07-RS"
206498;2019-04-30;"terça-feira";"18:40:00";"PE";424;86;"GARANHUNS";"Restrição de Visibilidade";"Colisão frontal";"Com Vítimas Feridas";"Plena Noite";"Crescente";"Céu Claro";"Simples";"Declive";"Sim";3;0;1;0;2;0;1;2;-8,86552886;-36,50934159;"SPRF-PE";"DEL03-PE";"UOP01-DEL03-PE"
206501;2019-04-30;"terça-feira";"18:10:00";"RJ";101;295;"ITABORAI";"Falta de Atenção à Condução";"Colisão lateral";"Com Vítimas Feridas";"Plena Noite";"Crescente";"Nublado";"Múltipla";"Reta";"Sim";2;0;0;1;1;0;1;2;-22,76365068;-42,90223623;"SPRF-RJ";"DEL02-RJ";"DEL5/2-UOP04/RJ"
206502;2019-04-30;"terça-feira";"18:00:00";"MS";163;680;"RIO VERDE DE MATO GROSSO";"Falta de Atenção do Pedestre";"Atropelamento de Pedestre";"Com Vítimas Feridas";"Anoitecer";"Crescente";"Nublado";"Simples";"Reta";"Sim";2;0;0;1;0;1;1;2;-18,92417173;-54,83538529;"SPRF-MS";"DEL06-MS";"UOP02-DEL06-MS"
206503;2019-04-30;"terça-feira";"19:00:00";"MG";381;176,2;"GOVERNADOR VALADARES";"Ingestão de Álcool";"Saída de leito carroçável";"Com Vítimas Feridas";"Plena Noite";"Decrescente";"Nublado";"Simples";"Reta";"Não";1;0;1;0;0;0;1;1;-19,00964517;-42,13648886;"SPRF-MG";"DEL06-MG";"UOP01-DEL06-MG"
206504;2019-04-30;"terça-feira";"19:00:00";"ES";259;63;"COLATINA";"Falta de Atenção à Condução";"Atropelamento de Pedestre";"Com Vítimas Feridas";"Plena Noite";"Crescente";"Nublado";"Simples";"Reta";"Sim";3;0;1;2;0;0;3;2;-19,52753463;-40,69869585;"SPRF-ES";"DEL02-ES";"UOP01-DEL02-ES"
206505;2019-04-30;"terça-feira";"19:00:00";"BA";116;460;"SANTO ESTEVAO";"Desobediência às normas de trânsito pelo condutor";"Colisão traseira";"Com Vítimas Feridas";"Plena Noite";"Crescente";"Céu Claro";"Simples";"Reta";"Não";2;0;1;0;1;0;1;2;-12,42571818;-39,20648189;"SPRF-BA";"DEL02-BA";"UOP01-DEL02-BA"
206506;2019-04-30;"terça-feira";"17:25:00";"RJ";40;109;"DUQUE DE CAXIAS";"Falta de Atenção à Condução";"Colisão lateral";"Com Vítimas Feridas";"Plena Noite";"Decrescente";"Céu Claro";"Múltipla";"Reta";"Sim";2;0;1;0;1;0;1;2;-22,67374628;-43,28638368;"SPRF-RJ";"DEL01-RJ";"UOP01-DEL01-RJ"
206511;2019-04-30;"terça-feira";"19:50:00";"PA";163;999;"SANTAREM";"Ingestão de Álcool";"Atropelamento de Pedestre";"Com Vítimas Fatais";"Plena Noite";"Crescente";"Céu Claro";"Simples";"Aclive";"Sim";2;1;0;0;1;0;0;2;-2,48200297;-54,73142511;"SPRF-PA";"DEL05-PA";"UOP01-DEL05-PA"
206512;2019-04-30;"terça-feira";"16:30:00";"MG";381;386,5;"BETIM";"Velocidade Incompatível";"Colisão com objeto estático";"Sem Vítimas";"Pleno dia";"Crescente";"Céu Claro";"Dupla";"Interseção de Vias";"Sim";1;0;0;0;0;1;0;1;-19,95590353;-44,10782197;"SPRF-MG";"DEL01-MG";"UOP01-DEL01-MG"
206513;2019-04-30;"terça-feira";"20:00:00";"SC";116;65;"PAPANDUVA";"Falta de Atenção à Condução";"Colisão traseira";"Com Vítimas Feridas";"Plena Noite";"Crescente";"Céu Claro";"Simples";"Reta";"Não";3;0;1;0;2;0;1;2;-26,42445099;-50,2281171;"SPRF-SC";"DEL06-SC";"UOP02-DEL06-SC"
206515;2019-04-30;"terça-feira";"19:05:00";"PR";376;181,5;"MARINGA";"Falta de Atenção à Condução";"Colisão traseira";"Com Vítimas Feridas";"Plena Noite";"Crescente";"Céu Claro";"Dupla";"Reta";"Sim";2;0;1;0;1;0;1;2;-23,42733882;-51,89520836;"SPRF-PR";"DEL07-PR";"UOP01-DEL09-PR"
206516;2019-04-30;"terça-feira";"19:15:00";"SC";480;129;"CHAPECO";"Falta de Atenção à Condução";"Colisão transversal";"Com Vítimas Feridas";"Plena Noite";"Decrescente";"Nublado";"Simples";"Reta";"Não";2;0;1;1;0;0;2;2;-27,04656607;-52,63577131;"SPRF-SC";"DEL07-SC";"UOP01-DEL07-SC"
206518;2019-04-30;"terça-feira";"20:30:00";"BA";116;822;"VITORIA DA CONQUISTA";"Ingestão de Álcool";"Colisão traseira";"Sem Vítimas";"Plena Noite";"Crescente";"Nublado";"Dupla";"Reta";"Sim";2;0;0;0;2;0;0;2;-14,80363418;-40,78042987;"SPRF-BA";"DEL08-BA";"UOP01-DEL08-BA"
206519;2019-04-30;"terça-feira";"18:40:00";"MT";174;288,8;"PONTES E LACERDA";"Falta de Atenção à Condução";"Atropelamento de Pedestre";"Com Vítimas Feridas";"Plena Noite";"Crescente";"Céu Claro";"Simples";"Retorno Regulamentado";"Sim";2;0;0;1;1;0;1;2;-15,23378885;-59,31756535;"SPRF-MT";"DEL04-MT";"UOP01-DEL04-MT"
206520;2019-04-30;"terça-feira";"20:00:00";"SP";116;124;"CACAPAVA";"Falta de Atenção à Condução";"Colisão traseira";"Com Vítimas Feridas";"Plena Noite";"Decrescente";"Céu Claro";"Dupla";"Reta";"Sim";2;0;0;1;0;1;1;2;-23,093116;-45,677904;"SPRF-SP";"DEL06-SP";"UOP02-DEL02-SP"
206521;2019-04-30;"terça-feira";"20:40:00";"ES";101;299,4;"VIANA";"Falta de Atenção à Condução";"Colisão traseira";"Com Vítimas Feridas";"Plena Noite";"Decrescente";"Céu Claro";"Múltipla";"Em Obras";"Sim";2;0;1;0;1;0;1;2;-20,35860628;-40,42327504;"SPRF-ES";"DEL01-ES";"UOP01-DEL01-ES"
206523;2019-04-30;"terça-feira";"18:40:00";"GO";60;104,4;"GOIANAPOLIS";"Falta de Atenção à Condução";"Saída de leito carroçável";"Sem Vítimas";"Plena Noite";"Crescente";"Céu Claro";"Dupla";"Reta";"Não";1;0;0;0;1;0;0;1;-16,4118;-49,0004;"SPRF-GO";"DEL02-GO";"UOP01-DEL02-GO"
206524;2019-04-30;"terça-feira";"16:30:00";"MT";70;627;"POCONE";"Pista Escorregadia";"Colisão lateral";"Sem Vítimas";"Pleno dia";"Crescente";"Chuva";"Simples";"Reta";"Não";2;0;0;0;2;0;0;1;-15,93367067;-56,92467466;"SPRF-MT";"DEL03-MT";"UOP02-DEL03-MT"
206525;2019-04-30;"terça-feira";"20:20:00";"PB";230;512,2;"CAJAZEIRAS";"Velocidade Incompatível";"Saída de leito carroçável";"Sem Vítimas";"Plena Noite";"Decrescente";"Chuva";"Simples";"Curva";"Não";1;0;0;0;1;0;0;1;-6,8893;-38,5959;"SPRF-PB";"DEL03-PB";"UOP03-DEL03-PB"
206526;2019-04-30;"terça-feira";"20:05:00";"SP";116;49,4;"LORENA";"Objeto estático sobre o leito carroçável";"Colisão com objeto estático";"Com Vítimas Feridas";"Plena Noite";"Crescente";"Céu Claro";"Dupla";"Reta";"Não";1;0;1;0;0;0;1;1;-22,73051614;-45,0765859;"SPRF-SP";"DEL08-SP";"UOP01-DEL08-SP"
206529;2019-04-30;"terça-feira";"20:35:00";"RN";101;84,8;"NATAL";"Falta de Atenção à Condução";"Colisão lateral";"Com Vítimas Feridas";"Plena Noite";"Decrescente";"Céu Claro";"Dupla";"Viaduto";"Sim";3;0;2;0;1;0;2;2;-5,774175;-35,2578;"SPRF-RN";"DEL02-RN";"UOP01-DEL02-RN"
206530;2019-04-30;"terça-feira";"17:42:00";"RO";429;162;"SAO MIGUEL DO GUAPORE";"Falta de Atenção à Condução";"Colisão transversal";"Com Vítimas Feridas";"Plena Noite";"Decrescente";"Nublado";"Simples";"Reta";"Não";2;0;1;0;1;0;1;2;-11,69622734;-62,74050009;"SPRF-RO";"DEL02-RO";"UOP03-DEL02-RO"
206533;2019-04-30;"terça-feira";"21:30:00";"RJ";101;398;"ITAGUAI";"Falta de Atenção à Condução";"Colisão transversal";"Com Vítimas Fatais";"Plena Noite";"Decrescente";"Céu Claro";"Dupla";"Reta";"Sim";3;1;0;0;1;1;0;3;-22,86787912;-43,74862922;"SPRF-RJ";"DEL03-RJ";"UOP01-DEL03-RJ"
206535;2019-04-30;"terça-feira";"19:10:00";"RS";116;250,2;"SAO LEOPOLDO";"Falta de Atenção à Condução";"Colisão lateral";"Com Vítimas Feridas";"Plena Noite";"Decrescente";"Céu Claro";"Múltipla";"Reta";"Sim";2;0;1;0;0;1;1;2;-29,79148798;-51,16399615;"SPRF-RS";"DEL01-RS";"UOP02-DEL01-RS"
206536;2019-04-30;"terça-feira";"14:00:00";"RR";174;103;"RORAINOPOLIS";"Falta de Atenção à Condução";"Capotamento";"Com Vítimas Fatais";"Pleno dia";"Crescente";"Céu Claro";"Simples";"Reta";"Não";1;1;0;0;0;0;0;1;0,019228;-60,643032;"SPRF-RR";"DEL01-RR";"UOP04/RR"
206538;2019-04-30;"terça-feira";"21:32:00";"RS";290;105;"ELDORADO DO SUL";"Condutor Dormindo";"Saída de leito carroçável";"Com Vítimas Feridas";"Plena Noite";"Decrescente";"Céu Claro";"Dupla";"Reta";"Sim";3;0;1;0;0;2;1;2;-29,99608;-51,285023;"SPRF-RS";"DEL02-RS";"UOP01-DEL02-RS"
206539;2019-04-30;"terça-feira";"21:20:00";"MS";163;453,5;"CAMPO GRANDE";"Fenômenos da Natureza";"Saída de leito carroçável";"Com Vítimas Feridas";"Plena Noite";"Crescente";"Chuva";"Simples";"Reta";"Não";1;0;1;0;0;0;1;1;-20,69865089;-54,54959257;"SPRF-MS";"DEL01-MS";"UOP01-DEL01-MS"
206540;2019-04-30;"terça-feira";"22:20:00";"PB";230;157;"CAMPINA GRANDE";"Falta de Atenção à Condução";"Colisão transversal";"Sem Vítimas";"Plena Noite";"Crescente";"Vento";"Simples";"Reta";"Não";2;0;0;0;2;0;0;2;-7,264;-35,9199;"SPRF-PB";"DEL02-PB";"UOP01-DEL02-PB"
206541;2019-04-30;"terça-feira";"22:35:00";"BA";324;530,4;"FEIRA DE SANTANA";"Falta de Atenção à Condução";"Colisão com objeto estático";"Com Vítimas Feridas";"Plena Noite";"Decrescente";"Céu Claro";"Dupla";"Curva";"Não";4;0;4;0;0;0;4;1;-12,32818491;-38,86174193;"SPRF-BA";"DEL01-BA";"UOP01-DEL01-BA"
206542;2019-04-30;"terça-feira";"21:40:00";"SC";101;350,2;"JAGUARUNA";"Defeito Mecânico no Veículo";"Tombamento";"Com Vítimas Feridas";"Plena Noite";"Crescente";"Céu Claro";"Múltipla";"Declive";"Sim";1;0;1;0;0;0;1;1;-28,60011252;-49,05217409;"SPRF-SC";"DEL02-SC";"UOP01-DEL02-SC"
206543;2019-04-30;"terça-feira";"18:15:00";"SC";101;335,3;"TUBARAO";"Desobediência às normas de trânsito pelo condutor";"Colisão transversal";"Com Vítimas Feridas";"Plena Noite";"Crescente";"Céu Claro";"Dupla";"Rotatória";"Sim";3;0;2;0;0;1;2;3;-28,47608532;-49,03043747;"SPRF-SC";"DEL02-SC";"UOP01-DEL02-SC"
206545;2019-04-30;"terça-feira";"22:10:00";"SC";101;333,7;"TUBARAO";"Desobediência às normas de trânsito pelo condutor";"Colisão transversal";"Com Vítimas Feridas";"Plena Noite";"Decrescente";"Céu Claro";"Dupla";"Interseção de Vias;Rotatória";"Sim";3;0;2;0;1;0;2;2;-28,46968631;-49,01503623;"SPRF-SC";"DEL02-SC";"UOP01-DEL02-SC"
206546;2019-04-30;"terça-feira";"23:30:00";"RS";116;42,4;"VACARIA";"Ultrapassagem Indevida";"Colisão lateral";"Com Vítimas Feridas";"Plena Noite";"Crescente";"Nublado";"Simples";"Aclive;Reta";"Não";2;0;1;0;1;0;1;2;-28,5309742;-50,95377984;"SPRF-RS";"DEL05-RS";"UOP03-DEL05-RS"
206547;2019-04-30;"terça-feira";"23:30:00";"RJ";101;52;"CAMPOS DOS GOYTACAZES";"Ingestão de Álcool";"Colisão traseira";"Com Vítimas Feridas";"Plena Noite";"Crescente";"Céu Claro";"Simples";"Reta";"Sim";2;0;1;0;0;1;1;2;-21,64675336;-41,3107127;"SPRF-RJ";"DEL08-RJ";"UOP01-DEL08-RJ"
206548;2019-04-30;"terça-feira";"23:30:00";"BA";116;426;"FEIRA DE SANTANA";"Falta de Atenção à Condução";"Colisão traseira";"Com Vítimas Feridas";"Plena Noite";"Crescente";"Céu Claro";"Simples";"Reta";"Sim";2;0;0;1;1;0;1;2;-12,24420407;-38,98563987;"SPRF-BA";"DEL02-BA";"UOP01-DEL02-BA"
206550;2019-04-30;"terça-feira";"20:20:00";"SC";280;49,5;"GUARAMIRIM";"Falta de Atenção à Condução";"Tombamento";"Com Vítimas Feridas";"Plena Noite";"Crescente";"Nublado";"Simples";"Reta";"Não";1;0;1;0;0;0;1;1;-26,45850039;-48,93692786;"SPRF-SC";"DEL03-SC";"UOP03-DEL03-SC"
206552;2019-04-30;"terça-feira";"23:45:00";"MG";381;268;"TIMOTEO";"Condutor Dormindo";"Saída de leito carroçável";"Com Vítimas Feridas";"Plena Noite";"Decrescente";"Céu Claro";"Simples";"Reta";"Não";4;0;4;0;0;0;4;1;-19,53111112;-42,63091148;"SPRF-MG";"DEL03-MG";"UOP02-DEL03-MG"
206553;2019-04-30;"terça-feira";"23:45:00";"CE";222;3,5;"CAUCAIA";"Velocidade Incompatível";"Colisão com objeto estático";"Sem Vítimas";"Plena Noite";"Crescente";"Garoa/Chuvisco";"Múltipla";"Reta";"Sim";1;0;0;0;1;0;0;1;-3,7403769;-38,59569202;"SPRF-CE";"DEL01-CE";"UOP01-DEL01-CE"
206555;2019-05-01;"quarta-feira";"01:00:00";"MG";40;614;"CONGONHAS";"Ingestão de Álcool";"Saída de leito carroçável";"Com Vítimas Feridas";"Plena Noite";"Decrescente";"Céu Claro";"Simples";"Reta";"Não";2;0;0;1;0;1;1;2;-20,53320628;-43,82255408;"SPRF-MG";"DEL05-MG";"UOP02-DEL05-MG"
206559;2019-05-01;"quarta-feira";"03:20:00";"SP";116;144,5;"SAO JOSE DOS CAMPOS";"Condutor Dormindo";"Colisão traseira";"Sem Vítimas";"Plena Noite";"Crescente";"Céu Claro";"Múltipla";"Reta;Aclive";"Não";3;0;0;0;3;0;0;2;-23,18304184;-45,84747076;"SPRF-SP";"DEL02-SP";"UOP01-DEL02-SP"
206560;2019-05-01;"quarta-feira";"03:20:00";"MG";116;408;"GOVERNADOR VALADARES";"Objeto estático sobre o leito carroçável";"Colisão com objeto em movimento";"Sem Vítimas";"Pleno dia";"Decrescente";"Céu Claro";"Simples";"Curva";"Sim";1;0;0;0;1;0;0;1;-18,84221919;-41,98289416;"SPRF-MG";"DEL06-MG";"UOP01-DEL06-MG"
206561;2019-05-01;"quarta-feira";"03:00:00";"SC";101;204;"SAO JOSE";"Ingestão de Álcool";"Saída de leito carroçável";"Sem Vítimas";"Plena Noite";"Decrescente";"Céu Claro";"Dupla";"Reta";"Sim";1;0;0;0;1;0;0;1;-27,57413014;-48,61363083;"SPRF-SC";"DEL01-SC";"UOP01-DEL01-SC"
206563;2019-05-01;"quarta-feira";"03:20:00";"MG";40;507,2;"RIBEIRAO DAS NEVES";"Ingestão de Álcool";"Colisão com objeto estático";"Sem Vítimas";"Plena Noite";"Crescente";"Céu Claro";"Dupla";"Reta";"Sim";4;0;0;0;4;0;0;2;-19,755315;-44,140891;"SPRF-MG";"DEL02-MG";"UOP01-DEL02-MG"
206564;2019-05-01;"quarta-feira";"04:30:00";"PR";116;126;"FAZENDA RIO GRANDE";"Falta de Atenção à Condução";"Colisão transversal";"Com Vítimas Feridas";"Plena Noite";"Decrescente";"Céu Claro";"Dupla";"Reta";"Sim";4;0;2;0;2;0;2;2;-25,60389895;-49,31824423;"SPRF-PR";"DEL01-PR";"UOP03-DEL01-PR"
206565;2019-05-01;"quarta-feira";"04:50:00";"PE";101;73,1;"RECIFE";"Ingestão de Álcool";"Colisão traseira";"Com Vítimas Feridas";"Amanhecer";"Crescente";"Céu Claro";"Dupla";"Reta";"Sim";2;0;1;0;1;0;1;2;-8,095412;-34,949136;"SPRF-PE";"DEL01-PE";"UOP01-DEL01-PE"