"id";"data_inversa";"dia_semana";"horario";"uf";"br";"km";"municipio";"causa_acidente";"tipo_acidente";"classificacao_acidente";"fase_dia";"sentido_via";"condicao_metereologica";"tipo_pista";"tracado_via";"uso_solo";"pessoas";"mortos";"feridos_leves";"feridos_graves";"ilesos";"ignorados";"feridos";"veiculos";"latitude";"longitude";"regional";"delegacia";"uop"
206693;2019-05-01;"quarta-feira";"18:00:00";"RJ";116;186;"NOVA IGUACU";"Objeto estático sobre o leito carroçável";"Colisão com objeto estático";"Com Vítimas Feridas";"Plena Noite";"Crescente";"Céu Claro";"Dupla";"Reta";"Sim";2;0;2;0;0;0;2;1;-22,73962339;-43,46276495;"SPRF-RJ";"DEL01-RJ";"UOP03-DEL01-RJ"
206694;2019-05-01;"quarta-feira";"19:45:00";"SP";381;73;"SAO PAULO";"Velocidade Incompatível";"Saída de leito carroçável";"Com Vítimas Feridas";"Plena Noite";"Decrescente";"Céu Claro";"Múltipla";"Curva";"Não";2;0;1;0;1;0;1;1;-23,37629559;-46,56143188;"SPRF-SP";"DEL03-SP";"UOP01-DEL03-SP"
206695;2019-05-01;"quarta-feira";"19:40:00";"ES";101;147,2;"LINHARES";"Desobediência às normas de trânsito pelo condutor";"Colisão transversal";"Com Vítimas Feridas";"Plena Noite";"Crescente";"Nublado";"Múltipla";"Interseção de Vias";"Sim";2;0;1;0;1;0;1;2;-19,37887202;-40,06657892;"SPRF-ES";"DEL04-ES";"UOP01-DEL04-ES"
206696;2019-05-01;"quarta-feira";"20:00:00";"PR";277;651,3;"MATELANDIA";"Objeto estático sobre o leito carroçável";"Queda de ocupante de veículo";"Com Vítimas Feridas";"Plena Noite";"Decrescente";"Nublado";"Simples";"Reta";"Sim";1;0;1;0;0;0;1;1;-25,1974441;-53,94341989;"SPRF-PR";"DEL05-PR";"UOP02-DEL05-PR"
206698;2019-05-01;"quarta-feira";"19:30:00";"PB";101;73,5;"SANTA RITA";"Falta de Atenção à Condução";"Colisão com objeto estático";"Com Vítimas Feridas";"Plena Noite";"Decrescente";"Nublado";"Dupla";"Curva";"Não";2;0;0;1;0;1;1;2;-7,07828212;-34,98823508;"SPRF-PB";"DEL01-PB";"UOP04-DEL01-PB"
206699;2019-05-01;"quarta-feira";"19:10:00";"SC";163;65,3;"SAO MIGUEL DO OESTE";"Falta de Atenção à Condução";"Colisão traseira";"Com Vítimas Feridas";"Plena Noite";"Crescente";"Garoa/Chuvisco";"Simples";"Reta";"Não";3;0;2;0;1;0;2;2;-26,77546704;-53,50608493;"SPRF-SC";"DEL07-SC";"UOP03-DEL07-SC"
206701;2019-05-01;"quarta-feira";"19:20:00";"RS";472;586;"URUGUAIANA";"Ingestão de Álcool";"Saída de leito carroçável";"Com Vítimas Feridas";"Plena Noite";"Crescente";"Céu Claro";"Simples";"Curva";"Não";2;0;0;2;0;0;2;1;-29,84630199;-57,10830688;"SPRF-RS";"DEL13-RS";"UOP01-DEL13-RS"
206702;2019-05-01;"quarta-feira";"19:50:00";"SC";101;195;"BIGUACU";"Ingestão de Álcool";"Colisão traseira";"Sem Vítimas";"Plena Noite";"Crescente";"Céu Claro";"Simples";"Reta";"Sim";2;0;0;0;2;0;0;2;-27,50425133;-48,65089953;"SPRF-SC";"DEL01-SC";"UOP01-DEL01-SC"
206703;2019-05-01;"quarta-feira";"18:30:00";"BA";242;407;"SEABRA";"Ultrapassagem Indevida";"Colisão frontal";"Com Vítimas Fatais";"Plena Noite";"Decrescente";"Céu Claro";"Simples";"Reta";"Não";5;1;0;0;4;0;0;2;-12,468391;-41,74315499;"SPRF-BA";"DEL06-BA";"UOP01-DEL06-BA"
206704;2019-03-30;"sábado";"11:15:00";"SC";282;310,7;"VARGEM";"Desobediência às normas de trânsito pelo condutor";"Colisão transversal";"Com Vítimas Feridas";"Pleno dia";"Crescente";"Céu Claro";"Simples";"Curva";"Não";2;0;0;2;0;0;2;2;-27,483074;-50,98188;"SPRF-SC";"DEL07-SC";"UOP06-DEL07-SC"
206705;2019-05-01;"quarta-feira";"20:15:00";"PR";373;277;"PRUDENTOPOLIS";"Desobediência às normas de trânsito pelo condutor";"Atropelamento de Pedestre";"Com Vítimas Fatais";"Plena Noite";"Decrescente";"Nublado";"Simples";"Reta;Aclive";"Não";2;1;0;0;0;1;0;2;-25,2547054;-51,07045054;"SPRF-PR";"DEL03-PR";"UOP01-DEL03-PR"
206708;2019-05-01;"quarta-feira";"20:30:00";"DF";20;20,5;"BRASILIA";"Ingestão de Álcool";"Saída de leito carroçável";"Com Vítimas Feridas";"Plena Noite";"Decrescente";"Céu Claro";"Dupla";"Declive";"Sim";4;0;3;0;1;0;3;2;-15,607905;-47,692791;"SPRF-DF";"DEL02-DF";"UOP01-DEL02-DF"
206709;2019-05-01;"quarta-feira";"20:35:00";"AL";101;130,7;"SAO MIGUEL DOS CAMPOS";"Deficiência ou não Acionamento do Sistema de Iluminação/Sinalização do Veículo";"Colisão traseira";"Com Vítimas Feridas";"Plena Noite";"Crescente";"Céu Claro";"Simples";"Reta";"Não";5;0;0;4;0;1;4;3;-9,76691936;-36,07463837;"SPRF-AL";"DEL02-AL";"UOP01-DEL02-AL"
206711;2019-05-01;"quarta-feira";"18:35:00";"PR";163;7;"BARRACAO";"Ingestão de Álcool";"Colisão traseira";"Com Vítimas Feridas";"Anoitecer";"Crescente";"Garoa/Chuvisco";"Simples";"Reta";"Sim";3;0;1;0;2;0;1;3;-26,25066;-53,635523;"SPRF-PR";"DEL02-PR";"UOP02-DEL02-PR"
206712;2019-05-01;"quarta-feira";"20:30:00";"PB";230;36,8;"SANTA RITA";"Desobediência às normas de trânsito pelo pedestre";"Atropelamento de Pedestre";"Com Vítimas Feridas";"Plena Noite";"Crescente";"Céu Claro";"Dupla";"Reta";"Sim";3;0;0;1;2;0;1;2;-7,1246;-34,9473;"SPRF-PB";"DEL01-PB";"UOP03-DEL01-PB"
206714;2019-05-01;"quarta-feira";"21:45:00";"SC";101;421;"ARARANGUA";"Ingestão de Álcool";"Colisão com objeto estático";"Com Vítimas Feridas";"Plena Noite";"Crescente";"Céu Claro";"Múltipla";"Reta";"Não";1;0;1;0;0;0;1;1;-29,00478123;-49,56373572;"SPRF-SC";"DEL02-SC";"UOP02-DEL02-SC"
206715;2019-05-01;"quarta-feira";"22:00:00";"PR";116;8;"CAMPINA GRANDE DO SUL";"Falta de Atenção do Pedestre";"Atropelamento de Pedestre";"Com Vítimas Feridas";"Plena Noite";"Crescente";"Nublado";"Simples";"Reta";"Sim";2;0;0;1;1;0;1;2;-25,3697;-49,1158;"SPRF-PR";"DEL01-PR";"UOP02-DEL01-PR"
206717;2019-05-01;"quarta-feira";"22:45:00";"PI";316;262,3;"IPIRANGA DO PIAUI";"Defeito Mecânico no Veículo";"Incêndio";"Sem Vítimas";"Plena Noite";"Crescente";"Céu Claro";"Simples";"Reta";"Não";1;0;0;0;1;0;0;1;-6,84643391;-41,73965741;"SPRF-PI";"DEL04-PI";"UOP02-DEL04-PI"
206719;2019-05-01;"quarta-feira";"19:00:00";"PE";104;65;"CARUARU";"Ingestão de Álcool";"Colisão traseira";"Sem Vítimas";"Plena Noite";"Decrescente";"Céu Claro";"Dupla";"Reta";"Sim";2;0;0;0;2;0;0;2;-8,2867;-35,9838;"SPRF-PE";"DEL02-PE";"UOP01-DEL02-PE"
206720;2019-05-01;"quarta-feira";"22:25:00";"RO";435;85,2;"COLORADO DO OESTE";"Desobediência às normas de trânsito pelo condutor";"Colisão transversal";"Com Vítimas Fatais";"Plena Noite";"Decrescente";"Céu Claro";"Simples";"Interseção de Vias";"Sim";2;1;0;1;0;0;1;2;-13,11884911;-60,53173398;"SPRF-RO";"DEL04-RO";"UOP02-DEL04-RO"
206721;2019-05-01;"quarta-feira";"19:20:00";"RO";364;676;"CANDEIAS DO JAMARI";"Agressão Externa";"Queda de ocupante de veículo";"Com Vítimas Feridas";"Plena Noite";"Crescente";"Céu Claro";"Simples";"Reta";"Não";1;0;1;0;0;0;1;1;-8,78177303;-63,552469;"SPRF-RO";"DEL01-RO";"UOP01-DEL01-RO"
206722;2019-05-01;"quarta-feira";"21:15:00";"SC";280;70;"JARAGUA DO SUL";"Defeito Mecânico no Veículo";"Colisão frontal";"Com Vítimas Fatais";"Plena Noite";"Crescente";"Chuva";"Simples";"Reta";"Sim";3;1;1;0;0;1;1;3;-26,46609744;-49,12348866;"SPRF-SC";"DEL03-SC";"UOP03-DEL03-SC"
206723;2019-03-02;"sábado";"09:00:00";"GO";40;150;"CRISTALINA";"Falta de Atenção do Pedestre";"Atropelamento de Pedestre";"Com Vítimas Feridas";"Pleno dia";"Crescente";"Céu Claro";"Simples";"Curva";"Não";8;0;0;1;4;3;1;2;-17,015557;-47,214186;"SPRF-DF";"DEL01-DF";"UOP02-DEL01-DF"
206724;2019-05-01;"quarta-feira";"21:58:00";"RO";364;345,5;"JI-PARANA";"Falta de Atenção do Pedestre";"Atropelamento de Pedestre";"Com Vítimas Feridas";"Plena Noite";"Crescente";"Chuva";"Dupla";"Reta";"Sim";2;0;2;0;0;0;2;2;-10,8688113;-61,9601791;"SPRF-RO";"DEL02-RO";"UOP01-DEL02-RO"
206725;2019-05-02;"quinta-feira";"00:20:00";"PR";369;143;"LONDRINA";"Ingestão de Álcool";"Colisão traseira";"Com Vítimas Feridas";"Plena Noite";"Decrescente";"Céu Claro";"Dupla";"Aclive;Reta";"Sim";3;0;2;1;0;0;3;2;-23,29299306;-51,09784126;"SPRF-PR";"DEL07-PR";"UOP01-DEL07-PR"
206727;2019-05-01;"quarta-feira";"22:40:00";"MT";364;401;"CUIABA";"Desobediência às normas de trânsito pelo condutor";"Colisão lateral";"Com Vítimas Feridas";"Plena Noite";"Crescente";"Chuva";"Simples";"Reta";"Não";2;0;2;0;0;0;2;2;-15,67210033;-55,94649314;"SPRF-MT";"DEL02-MT";"UOP02-DEL01-MT"
206728;2019-05-01;"quarta-feira";"23:15:00";"MG";116;585,5;"MANHUACU";"Velocidade Incompatível";"Saída de leito carroçável";"Com Vítimas Feridas";"Plena Noite";"Decrescente";"Nublado";"Simples";"Declive";"Não";3;0;3;0;0;0;3;1;-20,22987753;-42,17260057;"SPRF-MG";"DEL06-MG";"UOP03-DEL06-MG"
206729;2019-05-01;"quarta-feira";"23:50:00";"GO";153;501;"GOIANIA";"Desobediência às normas de trânsito pelo condutor";"Colisão lateral";"Com Vítimas Feridas";"Plena Noite";"Crescente";"Nublado";"Dupla";"Reta";"Sim";4;0;1;0;1;2;1;3;-16,7189;-49,2382;"SPRF-GO";"DEL01-GO";"UOP01-DEL01-GO"
206730;2019-04-14;"domingo";"16:20:00";"AM";319;109,9;"CAREIRO";"Falta de Atenção à Condução";"Saída de leito carroçável";"Sem Vítimas";"Pleno dia";"Decrescente";"Nublado";"Simples";"Reta";"Não";1;0;0;0;1;0;0;1;-3,80592277;-60,33266311;"SPRF-AM";"DEL01-AM";"UOP04-DEL01-AM"
206732;2019-05-01;"quarta-feira";"19:30:00";"RS";116;369,8;"TAPES";"Falta de Atenção à Condução";"Saída de leito carroçável";"Sem Vítimas";"Plena Noite";"Crescente";"Céu Claro";"Simples";"Reta";"Não";1;0;0;0;0;1;0;1;-30,69820093;-51,57871924;"SPRF-RS";"DEL02-RS";"UOP03-DEL02-RS"
206734;2019-05-02;"quinta-feira";"00:50:00";"SP";116;64,3;"GUARATINGUETA";"Mal Súbito";"Colisão com objeto estático";"Com Vítimas Feridas";"Plena Noite";"Crescente";"Nublado";"Dupla";"Ponte";"Sim";1;0;1;0;0;0;1;1;-22,82034323;-45,18761516;"SPRF-SP";"DEL08-SP";"UOP01-DEL08-SP"
206735;2019-05-02;"quinta-feira";"01:50:00";"GO";153;632,7;"MORRINHOS";"Condutor Dormindo";"Saída de leito carroçável";"Com Vítimas Feridas";"Plena Noite";"Crescente";"Céu Claro";"Dupla";"Reta";"Não";1;0;1;0;0;0;1;1;-17,8104;-49,2092;"SPRF-GO";"DEL03-GO";"UOP01-DEL03-GO"
206738;2019-05-02;"quinta-feira";"02:20:00";"RJ";116;293;"PORTO REAL";"Desobediência às normas de trânsito pelo condutor";"Colisão traseira";"Com Vítimas Fatais";"Plena Noite";"Crescente";"Céu Claro";"Dupla";"Reta";"Não";2;1;0;0;0;1;0;2;-22,45745983;-44,29161274;"SPRF-RJ";"DEL07-RJ";"DEL5/7-UOP03/RJ"
206739;2019-05-02;"quinta-feira";"02:30:00";"BA";116;418,3;"FEIRA DE SANTANA";"Desobediência às normas de trânsito pelo condutor";"Colisão transversal";"Com Vítimas Feridas";"Plena Noite";"Crescente";"Céu Claro";"Simples";"Reta";"Sim";4;0;2;1;1;0;3;2;-12,185808;-38,965225;"SPRF-BA";"DEL02-BA";"UOP01-DEL02-BA"
206741;2019-05-02;"quinta-feira";"03:30:00";"GO";50;148,3;"CAMPO ALEGRE DE GOIAS";"Ingestão de Álcool";"Saída de leito carroçável";"Com Vítimas Feridas";"Plena Noite";"Crescente";"Céu Claro";"Dupla";"Reta";"Não";2;0;1;1;0;0;2;1;-17,1572;-47,7225;"SPRF-GO";"DEL06-GO";"UOP01-DEL06-GO"
206743;2019-05-02;"quinta-feira";"03:20:00";"RS";386;419,3;"MONTENEGRO";"Animais na Pista";"Atropelamento de Animal";"Com Vítimas Feridas";"Plena Noite";"Decrescente";"Garoa/Chuvisco";"Dupla";"Reta";"Não";2;0;2;0;0;0;2;1;-29,81764;-51,432823;"SPRF-RS";"DEL04-RS";"UOP02-DEL04-RS"
206744;2019-05-02;"quinta-feira";"04:00:00";"SC";101;402;"MARACAJA";"Falta de Atenção à Condução";"Colisão com objeto estático";"Com Vítimas Feridas";"Plena Noite";"Crescente";"Nevoeiro/Neblina";"Dupla";"Reta";"Sim";1;0;1;0;0;0;1;1;-28,86330994;-49,44595308;"SPRF-SC";"DEL02-SC";"UOP02-DEL02-SC"
206746;2019-05-02;"quinta-feira";"05:00:00";"BA";101;931,5;"NOVA VICOSA";"Falta de Atenção do Pedestre";"Atropelamento de Pedestre";"Com Vítimas Fatais";"Amanhecer";"Decrescente";"Nublado";"Simples";"Curva";"Não";2;1;0;0;1;0;0;2;-17,9503202;-39,85393524;"SPRF-BA";"DEL09-BA";"UOP02-DEL09-BA"
206747;2019-05-02;"quinta-feira";"05:15:00";"MG";40;796,6;"JUIZ DE FORA";"Desobediência às normas de trânsito pelo condutor";"Colisão frontal";"Com Vítimas Fatais";"Plena Noite";"Crescente";"Nevoeiro/Neblina";"Dupla";"Declive;Curva";"Não";3;1;0;0;2;0;0;2;-21,81119295;-43,394771;"SPRF-MG";"DEL05-MG";"UOP01-DEL05-MG"
206749;2019-05-02;"quinta-feira";"05:15:00";"MS";163;615;"SAO GABRIEL DO OESTE";"Animais na Pista";"Tombamento";"Com Vítimas Feridas";"Amanhecer";"Decrescente";"Céu Claro";"Simples";"Reta";"Sim";1;0;1;0;0;0;1;1;-19,39850778;-54,56579964;"SPRF-MS";"DEL06-MS";"UOP02-DEL06-MS"
206752;2019-05-02;"quinta-feira";"06:20:00";"SE";101;91;"NOSSA SENHORA DO SOCORRO";"Falta de Atenção à Condução";"Colisão lateral";"Com Vítimas Feridas";"Pleno dia";"Decrescente";"Céu Claro";"Múltipla";"Reta";"Sim";3;0;3;0;0;0;3;2;-10,89849802;-37,13176324;"SPRF-SE";"DEL01-SE";"UOP01-DEL01-SE"
206753;2019-04-19;"sexta-feira";"06:36:00";"SC";282;19,6;"PALHOCA";"Desobediência às normas de trânsito pelo condutor";"Atropelamento de Pedestre";"Com Vítimas Feridas";"Amanhecer";"Crescente";"Céu Claro";"Simples";"Reta";"Sim";2;0;0;1;1;0;1;2;-27,678635;-48,70192;"SPRF-SC";"DEL01-SC";"UOP02-DEL01-SC"
206755;2019-05-02;"quinta-feira";"06:50:00";"PR";116;124,8;"CURITIBA";"Velocidade Incompatível";"Queda de ocupante de veículo";"Com Vítimas Feridas";"Pleno dia";"Decrescente";"Céu Claro";"Dupla";"Reta";"Sim";3;0;2;0;1;0;2;2;-25,58620703;-49,31436887;"SPRF-PR";"DEL01-PR";"UOP03-DEL01-PR"
206757;2019-05-02;"quinta-feira";"06:40:00";"ES";262;3,8;"CARIACICA";"Não guardar distância de segurança";"Colisão traseira";"Com Vítimas Feridas";"Pleno dia";"Crescente";"Nublado";"Múltipla";"Retorno Regulamentado";"Sim";2;0;1;0;1;0;1;2;-20,33374432;-40,36910933;"SPRF-ES";"DEL01-ES";"UOP01-DEL01-ES"
206758;2019-05-02;"quinta-feira";"07:00:00";"DF";20;10;"BRASILIA";"Agressão Externa";"Colisão traseira";"Com Vítimas Feridas";"Pleno dia";"Decrescente";"Céu Claro";"Dupla";"Reta";"Não";2;0;2;0;0;0;2;2;-15,650243;-47,773872;"SPRF-DF";"DEL02-DF";"UOP01-DEL02-DF"
206759;2019-05-01;"quarta-feira";"21:05:00";"BA";116;802,5;"VITORIA DA CONQUISTA";"Desobediência às normas de trânsito pelo pedestre";"Atropelamento de Pedestre";"Com Vítimas Feridas";"Plena Noite";"Crescente";"Céu Claro";"Simples";"Reta";"Não";2;0;0;1;1;0;1;2;-14,71788729;-40,61626384;"SPRF-BA";"DEL08-BA";"UOP01-DEL08-BA"
206761;2019-05-02;"quinta-feira";"06:00:00";"SC";101;412,1;"ARARANGUA";"Falta de Atenção à Condução";"Colisão com objeto estático";"Com Vítimas Feridas";"Amanhecer";"Decrescente";"Céu Claro";"Simples";"Rotatória";"Sim";1;0;1;0;0;0;1;1;-28,93927589;-49,49697386;"SPRF-SC";"DEL02-SC";"UOP02-DEL02-SC"
206763;2019-05-02;"quinta-feira";"07:00:00";"PR";116;10;"COLOMBO";"Falta de Atenção à Condução";"Engavetamento";"Com Vítimas Feridas";"Pleno dia";"Decrescente";"Céu Claro";"Dupla";"Aclive;Reta";"Não";4;0;0;1;3;0;1;4;-25,3719;-49,134;"SPRF-PR";"DEL01-PR";"UOP02-DEL01-PR"
206764;2019-05-02;"quinta-feira";"07:30:00";"SC";101;210;"SAO JOSE";"Desobediência às normas de trânsito pelo condutor";"Colisão traseira";"Com Vítimas Feridas";"Pleno dia";"Decrescente";"Sol";"Múltipla";"Reta";"Sim";2;0;1;0;1;0;1;2;-27,6167305;-48,6457265;"SPRF-SC";"DEL01-SC";"UOP01-DEL01-SC"
206765;2019-05-02;"quinta-feira";"06:40:00";"SC";280;67,2;"JARAGUA DO SUL";"Desobediência às normas de trânsito pelo condutor";"Colisão transversal";"Com Vítimas Feridas";"Amanhecer";"Crescente";"Nublado";"Simples";"Reta";"Sim";2;0;1;0;1;0;1;2;-26,47650818;-49,10518527;"SPRF-SC";"DEL03-SC";"UOP03-DEL03-SC"
206766;2019-05-02;"quinta-feira";"08:00:00";"PB";101;85;"BAYEUX";"Desobediência às normas de trânsito pelo condutor";"Colisão traseira";"Com Vítimas Feridas";"Pleno dia";"Decrescente";"Sol";"Dupla";"Reta";"Sim";2;0;1;0;1;0;1;2;-7,14600831;-34,91569305;"SPRF-PB";"DEL01-PB";"UOP01-DEL01-PB"
206768;2019-04-28;"domingo";"19:00:00";"MG";116;415;"GOVERNADOR VALADARES";"Falta de Atenção à Condução";"Colisão transversal";"Com Vítimas Feridas";"Plena Noite";"Crescente";"Céu Claro";"Simples";"Retorno Regulamentado";"Sim";2;0;1;0;1;0;1;2;-18,88401297;-41,94924399;"SPRF-MG";"DEL06-MG";"UOP01-DEL06-MG"
206769;2019-05-02;"quinta-feira";"07:45:00";"SP";116;61,1;"GUARATINGUETA";"Defeito Mecânico no Veículo";"Tombamento";"Com Vítimas Feridas";"Pleno dia";"Decrescente";"Nublado";"Dupla";"Reta";"Não";2;0;2;0;0;0;2;1;-22,79763613;-45,1674588;"SPRF-SP";"DEL08-SP";"UOP01-DEL08-SP"
206771;2019-04-29;"segunda-feira";"01:55:00";"SC";101;414,6;"ARARANGUA";"Animais na Pista";"Atropelamento de Animal";"Sem Vítimas";"Plena Noite";"Decrescente";"Céu Claro";"Dupla";"Curva";"Sim";1;0;0;0;1;0;0;1;-28,95360392;-49,50985011;"SPRF-SC";"DEL02-SC";"UOP02-DEL02-SC"
206772;2019-04-29;"segunda-feira";"01:40:00";"MA";316;613,3;"TIMON";"Condutor Dormindo";"Colisão frontal";"Com Vítimas Fatais";"Plena Noite";"Decrescente";"Nublado";"Simples";"Reta";"Não";3;1;0;0;1;1;0;3;-5,075249;-42,850487;"SPRF-MA";"DEL03-MA";"UOP02-DEL03-MA"
206773;2019-05-02;"quinta-feira";"06:00:00";"RJ";465;2;"SEROPEDICA";"Falta de Atenção à Condução";"Colisão com objeto estático";"Com Vítimas Fatais";"Pleno dia";"Crescente";"Céu Claro";"Simples";"Reta";"Sim";1;1;0;0;0;0;0;1;-22,727266;-43,718712;"SPRF-RJ";"DEL01-RJ";"UOP01-DEL01-MS"
206774;2019-05-02;"quinta-feira";"06:50:00";"RJ";101;96,5;"CAMPOS DOS GOYTACAZES";"Velocidade Incompatível";"Colisão com objeto estático";"Com Vítimas Feridas";"Pleno dia";"Crescente";"Céu Claro";"Dupla";"Curva";"Não";1;0;1;0;0;0;1;1;-21,869;-41,561;"SPRF-RJ";"DEL08-RJ";"UOP02-DEL08-RJ"
206775;2019-05-02;"quinta-feira";"07:40:00";"PE";101;71;"RECIFE";"Falta de Atenção à Condução";"Colisão lateral";"Com Vítimas Feridas";"Pleno dia";"Crescente";"Sol";"Dupla";"Reta";"Sim";2;0;1;0;1;0;1;2;-8,07663102;-34,94277871;"SPRF-PE";"DEL01-PE";"UOP01-DEL01-PE"
206779;2019-05-02;"quinta-feira";"08:40:00";"ES";101;269;"SERRA";"Falta de Atenção do Pedestre";"Atropelamento de Pedestre";"Com Vítimas Feridas";"Pleno dia";"Crescente";"Sol";"Múltipla";"Reta";"Sim";3;0;0;1;2;0;1;3;-20,21740496;-40,26990578;"SPRF-ES";"DEL02-ES";"UOP01-DEL02-ES"
206780;2019-05-02;"quinta-feira";"02:00:00";"BA";101;620;"MASCOTE";"Velocidade Incompatível";"Saída de leito carroçável";"Sem Vítimas";"Plena Noite";"Crescente";"Nublado";"Simples";"Curva";"Não";1;0;0;0;0;1;0;1;-15,858785;-39,520394;"SPRF-BA";"DEL05-BA";"UOP02-DEL05-BA"
206783;2019-05-02;"quinta-feira";"09:00:00";"SC";101;215,6;"PALHOCA";"Falta de Atenção à Condução";"Colisão traseira";"Com Vítimas Fatais";"Pleno dia";"Decrescente";"Sol";"Múltipla";"Curva;Aclive";"Sim";2;1;1;0;0;0;1;2;-27,65184843;-48,67604941;"SPRF-SC";"DEL01-SC";"UOP02-DEL01-SC"
206787;2019-05-02;"quinta-feira";"08:20:00";"MS";163;515,5;"JARAGUARI";"Avarias e/ou desgaste excessivo no pneu";"Saída de leito carroçável";"Com Vítimas Feridas";"Pleno dia";"Decrescente";"Nublado";"Simples";"Reta";"Não";1;0;1;0;0;0;1;1;-20,20269211;-54,46610579;"SPRF-MS";"DEL01-MS";"UOP02-DEL01-MS"
206788;2019-05-02;"quinta-feira";"08:45:00";"GO";153;343,2;"JARAGUA";"Falta de Atenção à Condução";"Saída de leito carroçável";"Com Vítimas Feridas";"Pleno dia";"Crescente";"Céu Claro";"Simples";"Reta";"Não";2;0;2;0;0;0;2;1;-15,604506;-49,405258;"SPRF-GO";"DEL02-GO";"UOP02-DEL02-GO"
206789;2019-05-02;"quinta-feira";"06:00:00";"GO";158;250;"JATAI";"Velocidade Incompatível";"Saída de leito carroçável";"Com Vítimas Fatais";"Amanhecer";"Decrescente";"Céu Claro";"Simples";"Curva";"Não";1;1;0;0;0;0;0;1;-17,73155196;-51,82993693;"SPRF-GO";"DEL05-GO";"UOP01-DEL05-GO"
206791;2019-05-02;"quinta-feira";"08:35:00";"BA";116;822,3;"VITORIA DA CONQUISTA";"Falta de Atenção à Condução";"Colisão lateral";"Com Vítimas Feridas";"Pleno dia";"Decrescente";"Sol";"Simples";"Reta";"Sim";3;0;2;0;1;0;2;2;-14,84869197;-40,84819794;"SPRF-BA";"DEL08-BA";"UOP01-DEL08-BA"
206795;2019-05-02;"quinta-feira";"09:30:00";"RS";472;143,8;"TRES DE MAIO";"Falta de Atenção à Condução";"Saída de leito carroçável";"Com Vítimas Feridas";"Pleno dia";"Decrescente";"Sol";"Simples";"Reta";"Não";2;0;2;0;0;0;2;1;-27,7679754;-54,34720874;"SPRF-RS";"DEL10-RS";"UOP01-DEL10-RS"
206798;2019-05-02;"quinta-feira";"09:55:00";"RS";0;0;"CANOAS";"Não guardar distância de segurança";"Colisão traseira";"Com Vítimas Feridas";"Pleno dia";"Não Informado";"Céu Claro";"Múltipla";"Reta";"Sim";2;0;0;1;1;0;1;2;-29,91116095;-51,1773634;"SPRF-RS";"DEL01-RS";"UOP01-DEL01-RS"
206800;2019-05-02;"quinta-feira";"08:10:00";"MT";70;324;"DOM AQUINO";"Animais na Pista";"Saída de leito carroçável";"Com Vítimas Feridas";"Pleno dia";"Crescente";"Céu Claro";"Simples";"Reta";"Não";2;0;1;0;0;1;1;2;-15,51069712;-54,65364598;"SPRF-MT";"DEL05-MT";"UOP01-DEL05-MT"
206803;2019-02-12;"terça-feira";"14:30:00";"RS";158;86,7;"BOA VISTA DAS MISSOES";"Velocidade Incompatível";"Saída de leito carroçável";"Com Vítimas Feridas";"Pleno dia";"Crescente";"Céu Claro";"Simples";"Curva";"Não";2;0;1;1;0;0;2;1;-27,78818586;-53,33408013;"SPRF-RS";"DEL08-RS";"UOP02-DEL08-RS"
206805;2019-05-02;"quinta-feira";"10:45:00";"MG";262;363,8;"JUATUBA";"Condutor Dormindo";"Saída de leito carroçável";"Com Vítimas Feridas";"Pleno dia";"Crescente";"Sol";"Dupla";"Reta;Declive";"Não";1;0;1;0;0;0;1;1;-19,98332997;-44,23572401;"SPRF-MG";"DEL01-MG";"UOP03-DEL01-MG"
206809;2019-05-02;"quinta-feira";"11:30:00";"BA";116;462;"SANTO ESTEVAO";"Desobediência às normas de trânsito pelo condutor";"Colisão frontal";"Com Vítimas Feridas";"Pleno dia";"Crescente";"Sol";"Simples";"Interseção de Vias";"Sim";3;0;2;0;1;0;2;2;-12,435528;-39,221752;"SPRF-BA";"DEL02-BA";"UOP01-DEL02-BA"
206811;2019-03-27;"quarta-feira";"05:10:00";"MT";174;255;"VALE DE SAO DOMINGOS";"Desobediência às normas de trânsito pelo condutor";"Colisão transversal";"Com Vítimas Feridas";"Amanhecer";"Crescente";"Céu Claro";"Simples";"Reta";"Não";2;0;0;1;1;0;1;2;-15,45717878;-59,09780256;"SPRF-MT";"DEL04-MT";"UOP01-DEL04-MT"
206814;2019-04-30;"terça-feira";"00:10:00";"MG";40;553,9;"NOVA LIMA";"Ingestão de Álcool";"Saída de leito carroçável";"Sem Vítimas";"Plena Noite";"Decrescente";"Céu Claro";"Dupla";"Curva";"Sim";1;0;0;0;1;0;0;1;-20,07715896;-43,98213593;"SPRF-MG";"DEL01-MG";"UOP02-DEL01-MG"
206815;2019-05-02;"quinta-feira";"11:40:00";"RJ";393;282;"BARRA DO PIRAI";"Desobediência às normas de trânsito pelo condutor";"Colisão frontal";"Com Vítimas Feridas";"Pleno dia";"Decrescente";"Nublado";"Simples";"Reta";"Sim";2;0;1;0;1;0;1;2;-22,48082784;-44,04047201;"SPRF-RJ";"DEL05-RJ";"UOP04-DEL05-RJ"
206816;2019-04-05;"sexta-feira";"06:45:00";"SE";101;153,5;"ESTANCIA";"Desobediência às normas de trânsito pelo condutor";"Colisão transversal";"Com Vítimas Feridas";"Pleno dia";"Decrescente";"Céu Claro";"Dupla";"Rotatória";"Não";3;0;2;1;0;0;3;2;-11,27698008;-37,44948398;"SPRF-SE";"DEL02-SE";"UOP01-DEL02-SE"