"id";"data_inversa";"dia_semana";"horario";"uf";"br";"km";"municipio";"causa_acidente";"tipo_acidente";"classificacao_acidente";"fase_dia";"sentido_via";"condicao_metereologica";"tipo_pista";"tracado_via";"uso_solo";"pessoas";"mortos";"feridos_leves";"feridos_graves";"ilesos";"ignorados";"feridos";"veiculos";"latitude";"longitude";"regional";"delegacia";"uop"
206944;2019-05-03;"sexta-feira";"04:35:00";"RS";472;148,9;"SANTA ROSA";"Velocidade Incompatível";"Saída de leito carroçável";"Com Vítimas Fatais";"Plena Noite";"Crescente";"Nublado";"Simples";"Curva";"Não";2;1;0;1;0;0;1;1;-27,79221109;-54,3899468;"SPRF-RS";"DEL10-RS";"UOP01-DEL10-RS"
206945;2019-05-03;"sexta-feira";"03:45:00";"RO";364;702;"PORTO VELHO";"Defeito Mecânico no Veículo";"Incêndio";"Sem Vítimas";"Plena Noite";"Crescente";"Céu Claro";"Dupla";"Reta";"Sim";1;0;0;0;1;0;0;1;-8,80043238;-63,786732;"SPRF-RO";"DEL01-RO";"UOP01-DEL01-RO"
206946;2019-05-03;"sexta-feira";"04:35:00";"SE";101;93,7;"NOSSA SENHORA DO SOCORRO";"Velocidade Incompatível";"Colisão com objeto estático";"Com Vítimas Feridas";"Amanhecer";"Decrescente";"Céu Claro";"Dupla";"Curva";"Sim";3;0;2;0;1;0;2;1;-10,90212319;-37,14494787;"SPRF-SE";"DEL01-SE";"UOP01-DEL01-SE"
206947;2019-05-03;"sexta-feira";"03:40:00";"MG";365;706;"MONTE ALEGRE DE MINAS";"Condutor Dormindo";"Capotamento";"Com Vítimas Feridas";"Plena Noite";"Crescente";"Céu Claro";"Dupla";"Declive";"Não";1;0;1;0;0;0;1;1;-18,8789182;-49,05482003;"SPRF-MG";"DEL15-MG";"UOP03-DEL15-MG"
206948;2019-05-03;"sexta-feira";"04:50:00";"CE";116;309,8;"JAGUARIBE";"Animais na Pista";"Atropelamento de Animal";"Com Vítimas Feridas";"Amanhecer";"Crescente";"Céu Claro";"Simples";"Reta";"Sim";1;0;1;0;0;0;1;1;-5,89477992;-38,61975447;"SPRF-CE";"DEL05-CE";"UOP02-DEL05-CE"
206949;2019-05-03;"sexta-feira";"05:50:00";"SC";470;98;"APIUNA";"Falta de Atenção à Condução";"Colisão transversal";"Com Vítimas Feridas";"Amanhecer";"Crescente";"Nublado";"Simples";"Reta";"Sim";3;0;2;0;1;0;2;2;-27,032537;-49,385468;"SPRF-SC";"DEL04-SC";"UOP01-DEL04-SC"
206951;2019-05-03;"sexta-feira";"05:30:00";"MG";262;590;"CAMPOS ALTOS";"Condutor Dormindo";"Saída de leito carroçável";"Com Vítimas Feridas";"Amanhecer";"Decrescente";"Nublado";"Simples";"Curva";"Não";3;0;2;1;0;0;3;1;-19,66100311;-46,13491193;"SPRF-MG";"DEL08-MG";"UOP02-DEL08-MG"
206953;2019-05-03;"sexta-feira";"06:10:00";"SE";235;34;"AREIA BRANCA";"Falta de Atenção do Pedestre";"Atropelamento de Pedestre";"Com Vítimas Feridas";"Pleno dia";"Crescente";"Céu Claro";"Simples";"Reta";"Não";2;0;1;0;1;0;1;2;-10,76046106;-37,31703758;"SPRF-SE";"DEL01-SE";"UOP02-DEL01-SE"
206957;2019-05-03;"sexta-feira";"05:45:00";"RJ";116;177,8;"NOVA IGUACU";"Falta de Atenção à Condução";"Colisão traseira";"Sem Vítimas";"Pleno dia";"Crescente";"Céu Claro";"Múltipla";"Reta";"Sim";2;0;0;0;2;0;0;2;-22,78055198;-43,39208599;"SPRF-RJ";"DEL01-RJ";"UOP02-DEL01-RJ"
206958;2019-05-03;"sexta-feira";"07:00:00";"GO";153;494,1;"GOIANIA";"Velocidade Incompatível";"Colisão traseira";"Com Vítimas Feridas";"Amanhecer";"Decrescente";"Nublado";"Dupla";"Reta;Declive";"Não";2;0;1;0;0;1;1;2;-16,6614;-49,2218;"SPRF-GO";"DEL01-GO";"UOP01-DEL01-GO"
206959;2019-05-03;"sexta-feira";"07:40:00";"SC";470;54,5;"BLUMENAU";"Falta de Atenção à Condução";"Colisão transversal";"Com Vítimas Feridas";"Pleno dia";"Crescente";"Céu Claro";"Simples";"Interseção de Vias";"Sim";3;0;2;0;1;0;2;2;-26,87321973;-49,11418676;"SPRF-SC";"DEL04-SC";"UOP01-DEL04-SC"
206963;2019-05-03;"sexta-feira";"08:10:00";"PI";316;313;"PICOS";"Falta de Atenção à Condução";"Colisão traseira";"Com Vítimas Feridas";"Pleno dia";"Decrescente";"Céu Claro";"Simples";"Reta";"Sim";1;0;0;1;0;0;1;1;-7,07959049;-41,44975182;"SPRF-PI";"DEL04-PI";"UOP01-DEL04-PI"
206964;2019-05-03;"sexta-feira";"07:00:00";"SP";116;286;"ITAPECERICA DA SERRA";"Mal Súbito";"Queda de ocupante de veículo";"Com Vítimas Feridas";"Pleno dia";"Decrescente";"Sol";"Dupla";"Reta";"Sim";1;0;1;0;0;0;1;1;-23,69371029;-46,86370796;"SPRF-SP";"DEL04-SP";"UOP01-DEL04-SP"
206965;2019-05-03;"sexta-feira";"07:20:00";"SP";116;273,7;"TABOAO DA SERRA";"Não guardar distância de segurança";"Colisão traseira";"Com Vítimas Feridas";"Amanhecer";"Decrescente";"Céu Claro";"Dupla";"Reta";"Sim";3;0;2;0;1;0;2;2;-23,62809795;-46,81870306;"SPRF-SP";"DEL04-SP";"UOP01-DEL04-SP"
206968;2019-05-03;"sexta-feira";"08:00:00";"SP";116;561;"BARRA DO TURVO";"Falta de Atenção à Condução";"Saída de leito carroçável";"Com Vítimas Fatais";"Pleno dia";"Crescente";"Sol";"Dupla";"Aclive;Reta";"Não";2;1;1;0;0;0;1;1;-25,02045097;-48,51586004;"SPRF-SP";"DEL05-SP";"UOP02-DEL05-SP"
206969;2019-05-03;"sexta-feira";"08:15:00";"RO";364;705,9;"PORTO VELHO";"Não guardar distância de segurança";"Colisão traseira";"Com Vítimas Feridas";"Pleno dia";"Crescente";"Sol";"Dupla";"Reta";"Sim";3;0;1;0;1;1;1;3;-8,80043659;-63,83237069;"SPRF-RO";"DEL01-RO";"UOP01-DEL01-RO"
206970;2019-05-03;"sexta-feira";"09:10:00";"PR";376;158,7;"MANDAGUACU";"Falta de Atenção do Pedestre";"Atropelamento de Pedestre";"Com Vítimas Feridas";"Pleno dia";"Decrescente";"Céu Claro";"Dupla";"Reta";"Sim";3;0;0;1;1;1;1;2;-23,35863451;-52,08815393;"SPRF-PR";"DEL07-PR";"UOP01-DEL09-PR"
206972;2019-01-03;"quinta-feira";"04:00:00";"MT";70;568,7;"NOSSA SENHORA DO LIVRAMENTO";"Defeito Mecânico no Veículo";"Saída de leito carroçável";"Com Vítimas Feridas";"Plena Noite";"Decrescente";"Céu Claro";"Simples";"Reta";"Não";16;0;5;1;10;0;6;1;-15,704763;-56,468536;"SPRF-MT";"DEL01-MT";"DEL2/4-UOP02/MT"
206973;2019-05-03;"sexta-feira";"09:15:00";"RJ";116;163,6;"RIO DE JANEIRO";"Desobediência às normas de trânsito pelo condutor";"Atropelamento de Pedestre";"Com Vítimas Fatais";"Pleno dia";"Crescente";"Sol";"Múltipla";"Reta";"Sim";2;1;0;0;1;0;0;2;-22,802729;-43,290424;"SPRF-RJ";"DEL01-RJ";"UOP02-DEL01-RJ"
206974;2019-05-03;"sexta-feira";"09:35:00";"BA";324;621;"SALVADOR";"Falta de Atenção à Condução";"Colisão traseira";"Com Vítimas Feridas";"Pleno dia";"Crescente";"Céu Claro";"Múltipla";"Reta";"Sim";3;0;2;0;1;0;2;2;-12,91233708;-38,45956983;"SPRF-BA";"DEL01-BA";"UOP01-DEL01-BA"
206976;2019-05-03;"sexta-feira";"07:50:00";"PE";232;410,2;"SERRA TALHADA";"Desobediência às normas de trânsito pelo condutor";"Colisão transversal";"Com Vítimas Feridas";"Pleno dia";"Decrescente";"Céu Claro";"Simples";"Reta";"Sim";2;0;0;1;1;0;1;2;-7,98261841;-38,30039606;"SPRF-PE";"DEL04-PE";"UOP01-DEL04-PE"
206977;2019-05-02;"quinta-feira";"18:50:00";"MS";163;258;"DOURADOS";"Desobediência às normas de trânsito pelo condutor";"Colisão transversal";"Com Vítimas Feridas";"Pleno dia";"Crescente";"Céu Claro";"Dupla";"Rotatória";"Sim";3;0;3;0;0;0;3;2;-22,25859;-54,783592;"SPRF-MS";"DEL04-MS";"UOP01-DEL04-MS"
206979;2019-05-03;"sexta-feira";"07:55:00";"SP";153;61,7;"SAO JOSE DO RIO PRETO";"Não guardar distância de segurança";"Colisão traseira";"Com Vítimas Feridas";"Pleno dia";"Crescente";"Céu Claro";"Dupla";"Reta";"Sim";2;0;1;0;1;0;1;2;-20,80502876;-49,35574909;"SPRF-SP";"DEL09-SP";"UOP01-DEL09-SP"
206981;2019-05-03;"sexta-feira";"10:10:00";"AL";101;138;"SAO MIGUEL DOS CAMPOS";"Falta de Atenção à Condução";"Capotamento";"Com Vítimas Feridas";"Pleno dia";"Crescente";"Céu Claro";"Simples";"Reta";"Sim";2;0;1;0;1;0;1;2;-9,80975158;-36,11701903;"SPRF-AL";"DEL02-AL";"UOP01-DEL02-AL"
206982;2019-05-03;"sexta-feira";"09:25:00";"PE";232;62,3;"POMBOS";"Falta de Atenção à Condução";"Colisão traseira";"Com Vítimas Feridas";"Pleno dia";"Crescente";"Céu Claro";"Dupla";"Reta";"Não";2;0;0;1;1;0;1;2;-8,15598579;-35,42308007;"SPRF-PE";"DEL01-PE";"UOP02-DEL02PE"
206983;2019-05-03;"sexta-feira";"10:15:00";"SC";101;200;"SAO JOSE";"Desobediência às normas de trânsito pelo condutor";"Colisão traseira";"Com Vítimas Feridas";"Pleno dia";"Crescente";"Céu Claro";"Dupla";"Declive";"Sim";3;0;1;0;1;1;1;3;-27,54401676;-48,62068176;"SPRF-SC";"DEL01-SC";"UOP01-DEL01-SC"
206987;2019-05-03;"sexta-feira";"10:20:00";"PR";277;172;"PALMEIRA";"Falta de Atenção à Condução";"Colisão traseira";"Com Vítimas Feridas";"Pleno dia";"Decrescente";"Sol";"Simples";"Curva";"Não";4;0;2;0;2;0;2;3;-25,42970325;-50,02519461;"SPRF-PR";"DEL03-PR";"UOP02-DEL08-PR"
206988;2019-05-03;"sexta-feira";"09:20:00";"RS";392;214,4;"SANTANA DA BOA VISTA";"Velocidade Incompatível";"Colisão frontal";"Com Vítimas Feridas";"Pleno dia";"Decrescente";"Chuva";"Simples";"Curva";"Não";3;0;2;0;1;0;2;2;-30,77575888;-53,1885095;"SPRF-RS";"DEL09-RS";"UOP02-DEL09-RS"
206989;2019-04-04;"quinta-feira";"15:50:00";"AL";104;88;"RIO LARGO";"Não guardar distância de segurança";"Engavetamento";"Sem Vítimas";"Pleno dia";"Crescente";"Céu Claro";"Dupla";"Reta";"Sim";4;0;0;0;4;0;0;4;-9,48375193;-35,81815581;"SPRF-AL";"DEL01-AL";"UOP01-DEL01-AL"
206990;2019-04-25;"quinta-feira";"20:40:00";"PR";369;457,3;"UBIRATA";"Agressão Externa";"Saída de leito carroçável";"Sem Vítimas";"Plena Noite";"Decrescente";"Céu Claro";"Simples";"Reta";"Não";3;0;0;0;0;3;0;1;-24,55223688;-53,06074619;"SPRF-PR";"DEL04-PR";"UOP03-DEL04-PR"
206991;2019-05-03;"sexta-feira";"09:40:00";"CE";116;437;"BARRO";"Falta de Atenção à Condução";"Saída de leito carroçável";"Com Vítimas Feridas";"Pleno dia";"Crescente";"Céu Claro";"Simples";"Reta";"Não";3;0;1;1;1;0;2;3;-7,00595261;-38,75255698;"SPRF-CE";"DEL05-CE";"UOP03-DEL05-CE"
206994;2019-05-03;"sexta-feira";"11:45:00";"RN";101;80,5;"NATAL";"Desobediência às normas de trânsito pelo condutor";"Colisão transversal";"Com Vítimas Feridas";"Pleno dia";"Decrescente";"Céu Claro";"Dupla";"Rotatória";"Sim";2;0;0;1;1;0;1;2;-5,75852229;-35,28806121;"SPRF-RN";"DEL02-RN";"UOP01-DEL02-RN"
206995;2019-05-03;"sexta-feira";"08:30:00";"SC";282;462;"PONTE SERRADA";"Desobediência às normas de trânsito pelo condutor";"Colisão transversal";"Com Vítimas Feridas";"Pleno dia";"Crescente";"Céu Claro";"Simples";"Aclive";"Sim";2;0;1;0;1;0;1;2;-26,87047783;-52,01889038;"SPRF-SC";"DEL07-SC";"UOP04-DEL07-SC"
206997;2019-05-03;"sexta-feira";"09:00:00";"SE";235;3;"ARACAJU";"Não guardar distância de segurança";"Colisão traseira";"Com Vítimas Feridas";"Pleno dia";"Decrescente";"Nublado";"Dupla";"Reta";"Sim";2;0;1;0;1;0;1;2;-10,9059;-37,111;"SPRF-SE";"DEL01-SE";"UOP01-DEL01-SE"
206998;2019-05-03;"sexta-feira";"12:00:00";"RS";116;242;"SAO LEOPOLDO";"Falta de Atenção à Condução";"Colisão traseira";"Sem Vítimas";"Pleno dia";"Crescente";"Céu Claro";"Dupla";"Reta";"Sim";2;0;0;0;2;0;0;2;-29,72297087;-51,14858729;"SPRF-RS";"DEL01-RS";"UOP02-DEL01-RS"
206999;2019-05-03;"sexta-feira";"07:56:00";"MT";364;477;"JANGADA";"Pista Escorregadia";"Saída de leito carroçável";"Com Vítimas Feridas";"Pleno dia";"Crescente";"Chuva";"Simples";"Reta";"Não";3;0;3;0;0;0;3;1;-15,41215707;-56,35580404;"SPRF-MT";"DEL01-MT";"DEL2/4-UOP02/MT"
207002;2019-05-03;"sexta-feira";"13:00:00";"RN";405;73,6;"APODI";"Falta de Atenção à Condução";"Capotamento";"Com Vítimas Feridas";"Pleno dia";"Crescente";"Céu Claro";"Simples";"Declive";"Não";2;0;1;1;0;0;2;1;-5,63397905;-37,80046076;"SPRF-RN";"DEL04-RN";"UOP02-DEL04-RN"
207004;2019-05-03;"sexta-feira";"13:30:00";"RJ";393;238;"VASSOURAS";"Desobediência às normas de trânsito pelo condutor";"Colisão transversal";"Com Vítimas Feridas";"Pleno dia";"Decrescente";"Céu Claro";"Simples";"Interseção de Vias";"Não";2;0;0;1;1;0;1;2;-22,40095658;-43,66442518;"SPRF-RJ";"DEL05-RJ";"UOP03-DEL05-RJ"
207006;2019-05-03;"sexta-feira";"11:50:00";"SC";282;360;"ERVAL VELHO";"Condutor Dormindo";"Saída de leito carroçável";"Com Vítimas Feridas";"Pleno dia";"Decrescente";"Céu Claro";"Simples";"Curva";"Não";5;0;1;0;4;0;1;1;-27,32599055;-51,35998294;"SPRF-SC";"DEL07-SC";"UOP05-DEL07-SC"
207007;2019-05-03;"sexta-feira";"14:00:00";"PR";163;40;"PRANCHITA";"Desobediência às normas de trânsito pelo condutor";"Colisão transversal";"Com Vítimas Feridas";"Pleno dia";"Crescente";"Céu Claro";"Simples";"Interseção de Vias";"Não";3;0;2;0;1;0;2;3;-26,03185744;-53,73472247;"SPRF-PR";"DEL02-PR";"UOP02-DEL02-PR"
207008;2019-05-03;"sexta-feira";"10:30:00";"MG";116;268,7;"TEOFILO OTONI";"Velocidade Incompatível";"Colisão com objeto estático";"Com Vítimas Feridas";"Pleno dia";"Crescente";"Chuva";"Simples";"Declive;Curva";"Não";2;0;1;1;0;0;2;1;-17,791248;-41,500553;"SPRF-MG";"DEL11-MG";"UOP01-DEL11-MG"
207009;2019-05-03;"sexta-feira";"12:50:00";"MG";40;42,2;"PARACATU";"Falta de Atenção à Condução";"Colisão transversal";"Com Vítimas Feridas";"Pleno dia";"Decrescente";"Sol";"Simples";"Aclive;Interseção de Vias";"Sim";3;0;2;0;1;0;2;2;-17,2188441;-46,8666753;"SPRF-MG";"DEL14-MG";"UOP01-DEL14-MG"
207010;2019-05-02;"quinta-feira";"18:07:00";"RS";158;563,3;"SANTANA DO LIVRAMENTO";"Desobediência às normas de trânsito pelo condutor";"Colisão transversal";"Com Vítimas Feridas";"Plena Noite";"Decrescente";"Céu Claro";"Simples";"Interseção de Vias";"Não";2;0;1;0;1;0;1;2;-30,85816053;-55,50120419;"SPRF-RS";"DEL11-RS";"UOP01-DEL11-RS"
207015;2019-05-03;"sexta-feira";"12:55:00";"SC";116;246,1;"LAGES";"Falta de Atenção à Condução";"Colisão frontal";"Com Vítimas Feridas";"Pleno dia";"Crescente";"Sol";"Simples";"Reta";"Sim";5;0;3;0;2;0;3;2;-27,80419942;-50,36509464;"SPRF-SC";"DEL05-SC";"UOP02-DEL05-SC"
207016;2019-05-03;"sexta-feira";"14:30:00";"PE";428;11;"CABROBO";"Falta de Atenção à Condução";"Colisão lateral";"Com Vítimas Feridas";"Pleno dia";"Crescente";"Céu Claro";"Simples";"Reta";"Sim";2;0;1;0;1;0;1;2;-8,5063914;-39,3161128;"SPRF-PE";"DEL05-PE";"UOP03-DEL05-PE"
207020;2019-05-03;"sexta-feira";"13:10:00";"BA";116;508;"SANTA TERESINHA";"Ultrapassagem Indevida";"Colisão frontal";"Com Vítimas Feridas";"Pleno dia";"Crescente";"Céu Claro";"Simples";"Reta";"Não";4;0;1;2;1;0;3;2;-12,62503832;-39,59296284;"SPRF-BA";"DEL03-BA";"UOP02-DEL03-BA"
207021;2019-04-11;"quinta-feira";"23:15:00";"SC";101;212;"PALHOCA";"Velocidade Incompatível";"Colisão traseira";"Com Vítimas Fatais";"Plena Noite";"Crescente";"Céu Claro";"Dupla";"Reta";"Sim";6;1;2;1;1;1;3;6;-27,629981;-48,659059;"SPRF-SC";"DEL01-SC";"UOP02-DEL01-SC"
207022;2019-05-03;"sexta-feira";"14:20:00";"RN";101;106;"PARNAMIRIM";"Falta de Atenção à Condução";"Colisão traseira";"Com Vítimas Feridas";"Pleno dia";"Decrescente";"Céu Claro";"Dupla";"Reta";"Sim";2;0;1;0;1;0;1;2;-5,91056401;-35,26130795;"SPRF-RN";"DEL01-RN";"UOP01-DEL01-RN"
207023;2019-05-03;"sexta-feira";"14:40:00";"RS";153;16,2;"ERECHIM";"Falta de Atenção à Condução";"Colisão frontal";"Com Vítimas Feridas";"Pleno dia";"Crescente";"Céu Claro";"Simples";"Curva";"Não";2;0;2;0;0;0;2;2;-27,5745925;-52,2232083;"SPRF-RS";"DEL08-RS";"UOP04-DEL08-RS"
207024;2019-05-03;"sexta-feira";"15:20:00";"PR";277;711,1;"SANTA TEREZINHA DE ITAIPU";"Defeito Mecânico no Veículo";"Queda de ocupante de veículo";"Com Vítimas Feridas";"Pleno dia";"Decrescente";"Céu Claro";"Dupla";"Aclive;Reta";"Sim";2;0;1;0;1;0;1;1;-25,45408037;-54,42224885;"SPRF-PR";"DEL05-PR";"UOP01-DEL05-PR"
207025;2019-05-03;"sexta-feira";"15:30:00";"SP";116;228;"SAO PAULO";"Avarias e/ou desgaste excessivo no pneu";"Queda de ocupante de veículo";"Com Vítimas Feridas";"Pleno dia";"Decrescente";"Céu Claro";"Múltipla";"Declive";"Sim";2;0;2;0;0;0;2;1;-23,50343484;-46,56638712;"SPRF-SP";"DEL01-SP";"UOP01-DEL01-SP"
207027;2019-05-03;"sexta-feira";"14:30:00";"MG";262;478,9;"BOM DESPACHO";"Falta de Atenção à Condução";"Colisão transversal";"Com Vítimas Feridas";"Pleno dia";"Crescente";"Céu Claro";"Simples";"Reta";"Não";2;0;0;1;1;0;1;2;-19,78767779;-45,22989387;"SPRF-MG";"DEL08-MG";"UOP03-DEL08-MG"
207030;2019-04-28;"domingo";"23:40:00";"CE";222;148;"IRAUCUBA";"Desobediência às normas de trânsito pelo condutor";"Colisão frontal";"Com Vítimas Feridas";"Plena Noite";"Decrescente";"Céu Claro";"Simples";"Reta";"Sim";2;0;0;1;0;1;1;2;-3,75001226;-39,77295298;"SPRF-CE";"DEL04-CE";"UOP03-DEL04-CE"
207031;2019-05-03;"sexta-feira";"15:42:00";"SP";116;228;"SAO PAULO";"Não guardar distância de segurança";"Colisão traseira";"Com Vítimas Feridas";"Pleno dia";"Decrescente";"Céu Claro";"Múltipla";"Aclive";"Sim";2;0;1;0;1;0;1;2;-23,50343484;-46,56638712;"SPRF-SP";"DEL01-SP";"UOP01-DEL01-SP"
207034;2019-05-03;"sexta-feira";"16:00:00";"PB";230;162;"CAMPINA GRANDE";"Desobediência às normas de trânsito pelo condutor";"Colisão traseira";"Com Vítimas Feridas";"Pleno dia";"Decrescente";"Céu Claro";"Simples";"Reta";"Não";4;0;3;1;0;0;4;2;-7,2277;-35,9439;"SPRF-PB";"DEL02-PB";"UOP01-DEL02-PB"
207035;2019-04-28;"domingo";"19:30:00";"BA";330;731;"JEQUIE";"Restrição de Visibilidade";"Capotamento";"Com Vítimas Feridas";"Plena Noite";"Decrescente";"Céu Claro";"Simples";"Reta";"Não";1;0;1;0;0;0;1;1;-13,913333;-40,012779;"SPRF-BA";"DEL03-BA";"UOP01-DEL03-BA"
207036;2019-05-03;"sexta-feira";"16:00:00";"ES";262;19,5;"VIANA";"Mal Súbito";"Saída de leito carroçável";"Com Vítimas Feridas";"Pleno dia";"Crescente";"Nublado";"Simples";"Curva";"Sim";1;0;1;0;0;0;1;1;-20,3919143;-40,49002338;"SPRF-ES";"DEL01-ES";"UOP01-DEL01-ES"
207037;2019-05-03;"sexta-feira";"16:20:00";"RJ";393;155;"TRES RIOS";"Velocidade Incompatível";"Queda de ocupante de veículo";"Com Vítimas Feridas";"Pleno dia";"Decrescente";"Céu Claro";"Simples";"Rotatória";"Não";1;0;1;0;0;0;1;1;-22,08606995;-43,05495303;"SPRF-RJ";"DEL06-RJ";"UOP01-DEL05-RJ"
207039;2019-05-03;"sexta-feira";"16:40:00";"CE";222;22,3;"CAUCAIA";"Defeito Mecânico no Veículo";"Colisão transversal";"Com Vítimas Feridas";"Pleno dia";"Crescente";"Sol";"Simples";"Reta";"Não";2;0;1;0;1;0;1;2;-3,7334234;-38,75084288;"SPRF-CE";"DEL01-CE";"UOP01-DEL01-CE"
207040;2019-05-02;"quinta-feira";"17:15:00";"SP";116;274;"TABOAO DA SERRA";"Falta de Atenção à Condução";"Colisão traseira";"Com Vítimas Feridas";"Pleno dia";"Crescente";"Céu Claro";"Dupla";"Reta";"Sim";2;0;1;0;1;0;1;2;-23,61728752;-46,79474652;"SPRF-SP";"DEL04-SP";"UOP01-DEL04-SP"
207041;2019-05-03;"sexta-feira";"17:00:00";"MG";40;445;"PARAOPEBA";"Agressão Externa";"Saída de leito carroçável";"Com Vítimas Feridas";"Anoitecer";"Decrescente";"Céu Claro";"Dupla";"Reta";"Não";3;0;2;1;0;0;3;1;-19,28815;-44,392;"SPRF-MG";"DEL02-MG";"UOP01-DEL02-MG"
207042;2019-05-03;"sexta-feira";"17:30:00";"MG";40;529,5;"CONTAGEM";"Não guardar distância de segurança";"Colisão traseira";"Com Vítimas Feridas";"Anoitecer";"Decrescente";"Nublado";"Dupla";"Reta";"Sim";2;0;0;1;1;0;1;2;-19,91635592;-44,03966566;"SPRF-MG";"DEL01-MG";"UOP02-DEL01-MG"
207043;2019-05-03;"sexta-feira";"17:30:00";"SC";101;154,5;"PORTO BELO";"Falta de Atenção à Condução";"Colisão transversal";"Com Vítimas Feridas";"Anoitecer";"Decrescente";"Nublado";"Simples";"Reta";"Não";2;0;0;1;1;0;1;2;-27,153819;-48,61086393;"SPRF-SC";"DEL04-SC";"UOP03-DEL04-SC"
207044;2019-05-03;"sexta-feira";"17:49:00";"PA";163;1003;"SANTAREM";"Desobediência às normas de trânsito pelo condutor";"Colisão transversal";"Com Vítimas Feridas";"Pleno dia";"Crescente";"Céu Claro";"Dupla";"Interseção de Vias";"Sim";3;0;2;0;1;0;2;2;-2,43416119;-54,73372763;"SPRF-PA";"DEL05-PA";"UOP01-DEL05-PA"
207046;2019-05-03;"sexta-feira";"17:15:00";"RS";116;45;"VACARIA";"Defeito Mecânico no Veículo";"Colisão traseira";"Com Vítimas Feridas";"Pleno dia";"Decrescente";"Nublado";"Simples";"Curva;Aclive";"Não";6;0;5;0;1;0;5;2;-28,54710586;-50,97549817;"SPRF-RS";"DEL05-RS";"UOP03-DEL05-RS"
207047;2019-05-03;"sexta-feira";"17:40:00";"BA";101;877,6;"TEIXEIRA DE FREITAS";"Falta de Atenção à Condução";"Colisão transversal";"Com Vítimas Feridas";"Anoitecer";"Decrescente";"Nublado";"Simples";"Reta";"Sim";2;0;0;1;1;0;1;2;-17,5438419;-39,71707186;"SPRF-BA";"DEL09-BA";"UOP02-DEL09-BA"
207048;2019-05-03;"sexta-feira";"18:00:00";"PR";158;503;"CORONEL VIVIDA";"Fenômenos da Natureza";"Colisão lateral";"Com Vítimas Feridas";"Anoitecer";"Decrescente";"Chuva";"Simples";"Curva";"Não";2;0;1;1;0;0;2;2;-26,01544636;-52,57061005;"SPRF-PR";"DEL02-PR";"UOP01-DEL02-PR"
207049;2019-05-03;"sexta-feira";"17:45:00";"RS";116;529,6;"PELOTAS";"Falta de Atenção à Condução";"Colisão lateral";"Com Vítimas Feridas";"Amanhecer";"Decrescente";"Chuva";"Simples";"Interseção de Vias";"Sim";2;0;1;0;1;0;1;2;-31,74510242;-52,40478516;"SPRF-RS";"DEL07-RS";"UOP01-DEL07-RS"
207050;2019-05-03;"sexta-feira";"12:00:00";"RN";406;122;"TAIPU";"Defeito Mecânico no Veículo";"Capotamento";"Com Vítimas Feridas";"Pleno dia";"Crescente";"Céu Claro";"Simples";"Reta";"Não";1;0;1;0;0;0;1;1;-5,58902879;-35,65036593;"SPRF-RN";"DEL02-RN";"UOP01-DEL02-RN"
207051;2019-05-03;"sexta-feira";"18:10:00";"PE";428;47;"OROCO";"Ultrapassagem Indevida";"Colisão lateral";"Com Vítimas Fatais";"Plena Noite";"Crescente";"Céu Claro";"Simples";"Reta";"Não";4;1;0;0;1;2;0;4;-8,605817;-39,59878;"SPRF-PE";"DEL05-PE";"UOP03-DEL05-PE"
207053;2019-05-03;"sexta-feira";"17:20:00";"PI";343;345,1;"TERESINA";"Desobediência às normas de trânsito pelo condutor";"Colisão transversal";"Com Vítimas Feridas";"Pleno dia";"Crescente";"Céu Claro";"Simples";"Reta";"Sim";3;0;2;0;1;0;2;2;-5,102889;-42,766506;"SPRF-PI";"DEL01-PI";"UOP01-DEL01-PI"
207054;2019-05-03;"sexta-feira";"18:26:00";"RS";386;341,3;"LAJEADO";"Desobediência às normas de trânsito pelo condutor";"Colisão transversal";"Com Vítimas Feridas";"Plena Noite";"Decrescente";"Chuva";"Simples";"Reta";"Não";2;0;0;1;1;0;1;2;-29,425882;-52,019684;"SPRF-RS";"DEL04-RS";"UOP01-DEL04-RS"
207055;2019-05-03;"sexta-feira";"18:00:00";"GO";414;435,1;"ANAPOLIS";"Ingestão de Álcool";"Engavetamento";"Com Vítimas Feridas";"Anoitecer";"Crescente";"Nublado";"Simples";"Declive;Curva";"Não";2;0;1;1;0;0;2;2;-16,24594;-48,93446196;"SPRF-GO";"DEL02-GO";"UOP01-DEL02-GO"
207057;2019-05-03;"sexta-feira";"18:10:00";"SC";470;173;"POUSO REDONDO";"Falta de Atenção à Condução";"Colisão transversal";"Com Vítimas Feridas";"Plena Noite";"Decrescente";"Céu Claro";"Simples";"Reta";"Não";2;0;2;0;0;0;2;2;-27,25984;-49,919285;"SPRF-SC";"DEL04-SC";"UOP02-DEL04-SC"
207058;2019-05-03;"sexta-feira";"17:15:00";"MT";163;119,5;"RONDONOPOLIS";"Falta de Atenção à Condução";"Colisão traseira";"Com Vítimas Feridas";"Anoitecer";"Crescente";"Céu Claro";"Dupla";"Rotatória";"Sim";2;0;1;0;1;0;1;2;-16,505412;-54,65154;"SPRF-MT";"DEL02-MT";"UOP01-DEL02-MT"