"id";"data_inversa";"dia_semana";"horario";"uf";"br";"km";"municipio";"causa_acidente";"tipo_acidente";"classificacao_acidente";"fase_dia";"sentido_via";"condicao_metereologica";"tipo_pista";"tracado_via";"uso_solo";"pessoas";"mortos";"feridos_leves";"feridos_graves";"ilesos";"ignorados";"feridos";"veiculos";"latitude";"longitude";"regional";"delegacia";"uop"
207166;2019-05-04;"sábado";"06:40:00";"PR";476;116,7;"COLOMBO";"Falta de Atenção à Condução";"Colisão traseira";"Com Vítimas Feridas";"Pleno dia";"Crescente";"Céu Claro";"Dupla";"Reta";"Sim";2;0;1;0;1;0;1;2;-25,34996;-49,16642;"SPRF-PR";"DEL01-PR";"UOP07-DEL01-PR"
207168;2019-05-04;"sábado";"06:40:00";"AL";104;33;"UNIAO DOS PALMARES";"Falta de Atenção à Condução";"Colisão transversal";"Com Vítimas Feridas";"Pleno dia";"Crescente";"Céu Claro";"Simples";"Interseção de Vias";"Sim";3;0;2;0;1;0;2;2;-9,14513114;-36,01536439;"SPRF-AL";"DEL01-AL";"UOP02-DEL01-AL"
207169;2019-05-04;"sábado";"06:35:00";"RJ";101;482;"ANGRA DOS REIS";"Falta de Atenção à Condução";"Colisão traseira";"Com Vítimas Feridas";"Amanhecer";"Crescente";"Céu Claro";"Simples";"Reta";"Sim";5;0;2;0;3;0;2;2;-23,00453;-44,29746;"SPRF-RJ";"DEL03-RJ";"UOP03-DEL03-RJ"
207172;2019-05-04;"sábado";"06:20:00";"ES";101;269;"SERRA";"Falta de Atenção à Condução";"Colisão lateral";"Com Vítimas Feridas";"Pleno dia";"Decrescente";"Céu Claro";"Dupla";"Reta";"Sim";2;0;0;1;0;1;1;2;-20,21740496;-40,26990578;"SPRF-ES";"DEL02-ES";"UOP01-DEL02-ES"
207173;2019-05-04;"sábado";"06:25:00";"DF";60;2,3;"BRASILIA";"Falta de Atenção à Condução";"Colisão lateral";"Com Vítimas Feridas";"Pleno dia";"Crescente";"Vento";"Dupla";"Reta";"Sim";1;0;1;0;0;0;1;1;-15,887383;-48,077988;"SPRF-DF";"DEL01-DF";"UOP01-DEL03-DF"
207176;2019-05-04;"sábado";"04:00:00";"PR";467;95,7;"CASCAVEL";"Desobediência às normas de trânsito pelo condutor";"Atropelamento de Pedestre";"Com Vítimas Fatais";"Plena Noite";"Crescente";"Céu Claro";"Dupla";"Curva";"Não";2;1;0;0;0;1;0;2;-24,8675;-53,5694;"SPRF-PR";"DEL04-PR";"UOP01-DEL04-PR"
207178;2019-05-04;"sábado";"07:20:00";"MG";50;174;"UBERABA";"Falta de Atenção à Condução";"Saída de leito carroçável";"Com Vítimas Feridas";"Pleno dia";"Crescente";"Céu Claro";"Dupla";"Viaduto";"Sim";1;0;1;0;0;0;1;1;-19,770817;-47,973434;"SPRF-MG";"DEL13-MG";"UOP01-DEL13-MG"
207179;2019-04-29;"segunda-feira";"17:00:00";"RS";287;440;"UNISTALDA";"Falta de Atenção à Condução";"Colisão lateral";"Com Vítimas Feridas";"Pleno dia";"Decrescente";"Céu Claro";"Simples";"Reta";"Não";2;0;1;0;1;0;1;2;-29,04175345;-55,20906214;"SPRF-RS";"DEL12-RS";"UOP02-DEL12-RS"
207180;2019-05-04;"sábado";"08:30:00";"GO";60;40,7;"APARECIDA DE GOIANIA";"Não guardar distância de segurança";"Colisão traseira";"Com Vítimas Feridas";"Pleno dia";"Decrescente";"Céu Claro";"Dupla";"Reta";"Sim";2;0;1;0;0;1;1;2;-16,8101;-49,2397;"SPRF-GO";"DEL01-GO";"UOP03-DEL01-GO"
207182;2019-05-04;"sábado";"08:50:00";"SC";101;154;"ITAPEMA";"Avarias e/ou desgaste excessivo no pneu";"Queda de ocupante de veículo";"Com Vítimas Feridas";"Pleno dia";"Crescente";"Céu Claro";"Dupla";"Reta";"Não";2;0;2;0;0;0;2;1;-27,153819;-48,61086393;"SPRF-SC";"DEL04-SC";"UOP03-DEL04-SC"
207183;2019-04-14;"domingo";"06:40:00";"BA";101;283,3;"LAJE";"Falta de Atenção à Condução";"Capotamento";"Com Vítimas Feridas";"Pleno dia";"Decrescente";"Chuva";"Simples";"Reta";"Não";5;0;5;0;0;0;5;1;-13,24842691;-39,32244346;"SPRF-BA";"DEL01-BA";"UOP02-DEL01-BA"
207184;2019-05-04;"sábado";"07:30:00";"MA";135;0;"SAO LUIS";"Falta de Atenção à Condução";"Colisão transversal";"Com Vítimas Feridas";"Pleno dia";"Decrescente";"Céu Claro";"Múltipla";"Reta";"Não";2;0;1;0;1;0;1;2;-2,5804565;-44,241947;"SPRF-MA";"DEL01-MA";"UOP01-DEL01-MA"
207186;2019-05-04;"sábado";"09:10:00";"PE";232;27;"MORENO";"Defeito na Via";"Capotamento";"Sem Vítimas";"Pleno dia";"Decrescente";"Céu Claro";"Dupla";"Reta";"Não";1;0;0;0;1;0;0;1;-8,11418416;-35,12568999;"SPRF-PE";"DEL01-PE";"UOP02-DEL02PE"
207187;2019-05-04;"sábado";"09:05:00";"SC";101;209,9;"SAO JOSE";"Ingestão de Álcool";"Colisão traseira";"Sem Vítimas";"Pleno dia";"Crescente";"Céu Claro";"Múltipla";"Declive";"Sim";2;0;0;0;2;0;0;2;-27,61000542;-48,63895057;"SPRF-SC";"DEL01-SC";"UOP01-DEL01-SC"
207190;2019-05-04;"sábado";"05:40:00";"RS";116;257;"ESTEIO";"Desobediência às normas de trânsito pelo condutor";"Colisão transversal";"Com Vítimas Feridas";"Plena Noite";"Crescente";"Garoa/Chuvisco";"Simples";"Reta";"Sim";2;0;1;0;1;0;1;2;-29,85262195;-51,17968329;"SPRF-RS";"DEL01-RS";"UOP02-DEL01-RS"
207191;2019-05-04;"sábado";"09:50:00";"RJ";356;123,5;"CAMPOS DOS GOYTACAZES";"Carga excessiva e/ou mal acondicionada";"Colisão traseira";"Com Vítimas Feridas";"Pleno dia";"Crescente";"Sol";"Simples";"Reta";"Não";3;0;1;0;2;0;1;2;-21,65214825;-41,38879618;"SPRF-RJ";"DEL08-RJ";"UOP01-DEL08-RJ"
207192;2019-05-04;"sábado";"09:50:00";"SC";101;108;"NAVEGANTES";"Ingestão de Álcool";"Colisão traseira";"Com Vítimas Feridas";"Pleno dia";"Decrescente";"Céu Claro";"Dupla";"Reta";"Sim";3;0;2;0;1;0;2;2;-26,82606902;-48,69052298;"SPRF-SC";"DEL03-SC";"UOP02-DEL03-SC"
207193;2019-05-04;"sábado";"09:55:00";"PE";101;46,9;"IGARASSU";"Falta de Atenção à Condução";"Engavetamento";"Com Vítimas Feridas";"Pleno dia";"Crescente";"Céu Claro";"Múltipla";"Reta";"Sim";3;0;1;0;2;0;1;3;-7,87406004;-34,90588126;"SPRF-PE";"DEL01-PE";"UOP02-DEL01-PE"
207194;2019-05-03;"sexta-feira";"20:00:00";"AL";316;101;"DOIS RIACHOS";"Ingestão de álcool e/ou substâncias psicoativas pelo pedestre";"Atropelamento de Pedestre";"Com Vítimas Fatais";"Plena Noite";"Crescente";"Céu Claro";"Simples";"Reta";"Não";2;1;0;0;1;0;0;2;-9,38872751;-37,10697097;"SPRF-AL";"DEL03-AL";"UOP02-DEL03-AL"
207195;2019-04-21;"domingo";"17:50:00";"MT";70;708,8;"CACERES";"Pista Escorregadia";"Saída de leito carroçável";"Com Vítimas Feridas";"Anoitecer";"Crescente";"Chuva";"Simples";"Curva";"Não";6;0;2;0;4;0;2;1;-16,24362033;-57,49467299;"SPRF-MT";"DEL03-MT";"UOP01-DEL03-MT"
207196;2019-05-04;"sábado";"10:40:00";"PR";376;174,8;"MARINGA";"Desobediência às normas de trânsito pelo condutor";"Queda de ocupante de veículo";"Com Vítimas Feridas";"Pleno dia";"Decrescente";"Céu Claro";"Dupla";"Reta";"Sim";2;0;1;0;1;0;1;2;-23,41430102;-51,94984299;"SPRF-PR";"DEL07-PR";"UOP01-DEL09-PR"
207199;2019-05-04;"sábado";"10:30:00";"PB";101;26,3;"MAMANGUAPE";"Condutor Dormindo";"Saída de leito carroçável";"Com Vítimas Feridas";"Pleno dia";"Crescente";"Céu Claro";"Dupla";"Reta";"Não";1;0;1;0;0;0;1;1;-6,71699905;-35,11894863;"SPRF-PB";"DEL01-PB";"UOP04-DEL01-PB"
207201;2019-05-04;"sábado";"10:00:00";"TO";153;136;"ARAGUAINA";"Desobediência às normas de trânsito pelo condutor";"Queda de ocupante de veículo";"Com Vítimas Feridas";"Pleno dia";"Decrescente";"Céu Claro";"Dupla";"Aclive;Reta";"Sim";1;0;1;0;0;0;1;1;-7,137507;-48,200943;"SPRF-TO";"DEL02-TO";"UOP01-DEL02-TO"
207202;2019-05-04;"sábado";"11:00:00";"MG";40;42,5;"PARACATU";"Falta de Atenção à Condução";"Colisão traseira";"Com Vítimas Feridas";"Pleno dia";"Crescente";"Céu Claro";"Simples";"Retorno Regulamentado";"Sim";4;0;1;0;3;0;1;2;-17,2188441;-46,8666753;"SPRF-MG";"DEL14-MG";"UOP01-DEL14-MG"
207203;2019-05-04;"sábado";"10:40:00";"DF";70;1,5;"BRASILIA";"Falta de Atenção à Condução";"Colisão traseira";"Com Vítimas Feridas";"Pleno dia";"Decrescente";"Céu Claro";"Dupla";"Reta";"Sim";3;0;2;0;1;0;2;2;-15,795264;-48,063801;"SPRF-DF";"DEL01-DF";"UOP02-DEL03-DF"
207204;2019-05-04;"sábado";"10:10:00";"AL";316;118;"CACIMBINHAS";"Falta de Atenção à Condução";"Colisão com objeto estático";"Sem Vítimas";"Pleno dia";"Decrescente";"Céu Claro";"Simples";"Reta";"Não";1;0;0;0;1;0;0;1;-9,3996897;-36,957234;"SPRF-AL";"DEL03-AL";"UOP01-DEL03-AL"
207205;2019-05-04;"sábado";"11:25:00";"SC";282;3,7;"FLORIANOPOLIS";"Falta de Atenção à Condução";"Colisão traseira";"Com Vítimas Feridas";"Pleno dia";"Decrescente";"Sol";"Dupla";"Em Obras;Reta";"Sim";2;0;0;1;1;0;1;2;-27,600384;-48,599705;"SPRF-SC";"DEL01-SC";"UOP01-DEL01-SC"
207206;2019-05-04;"sábado";"11:31:00";"GO";153;492,8;"GOIANIA";"Defeito Mecânico no Veículo";"Colisão traseira";"Com Vítimas Feridas";"Pleno dia";"Decrescente";"Céu Claro";"Dupla";"Declive";"Sim";2;0;0;1;1;0;1;2;-16,64408656;-49,21003819;"SPRF-GO";"DEL01-GO";"UOP01-DEL01-GO"
207207;2019-05-04;"sábado";"11:00:00";"PA";163;1003;"SANTAREM";"Não guardar distância de segurança";"Colisão traseira";"Com Vítimas Feridas";"Pleno dia";"Crescente";"Nublado";"Simples";"Reta";"Sim";3;0;0;1;2;0;1;3;-2,44688525;-54,73048152;"SPRF-PA";"DEL05-PA";"UOP01-DEL05-PA"
207208;2019-05-04;"sábado";"11:30:00";"TO";230;95;"SAO BENTO DO TOCANTINS";"Falta de Atenção à Condução";"Colisão lateral";"Com Vítimas Feridas";"Pleno dia";"Decrescente";"Céu Claro";"Simples";"Reta";"Não";5;0;2;0;3;0;2;3;-6,01339484;-47,90182018;"SPRF-TO";"DEL02-TO";"UOP03-DEL02-TO"
207209;2019-05-04;"sábado";"10:20:00";"RO";364;340;"JI-PARANA";"Falta de Atenção do Pedestre";"Atropelamento de Pedestre";"Com Vítimas Feridas";"Pleno dia";"Decrescente";"Céu Claro";"Simples";"Reta";"Sim";3;0;1;0;1;1;1;2;-10,898802;-61,93046;"SPRF-RO";"DEL02-RO";"UOP01-DEL02-RO"
207210;2019-05-04;"sábado";"11:00:00";"PR";476;132,8;"CURITIBA";"Desobediência às normas de trânsito pelo condutor";"Colisão traseira";"Com Vítimas Feridas";"Pleno dia";"Decrescente";"Sol";"Múltipla";"Reta";"Não";3;0;3;0;0;0;3;2;-25,469219;-49,254143;"SPRF-PR";"DEL01-PR";"UOP03-DEL01-PR"
207212;2019-05-04;"sábado";"11:15:00";"PR";467;93,7;"CASCAVEL";"Velocidade Incompatível";"Saída de leito carroçável";"Com Vítimas Feridas";"Pleno dia";"Crescente";"Céu Claro";"Dupla";"Curva;Aclive";"Não";2;0;0;2;0;0;2;1;-24,8651;-53,5787;"SPRF-PR";"DEL04-PR";"UOP01-DEL04-PR"
207213;2019-05-04;"sábado";"12:00:00";"RN";406;163;"CEARA-MIRIM";"Falta de Atenção à Condução";"Colisão transversal";"Com Vítimas Feridas";"Pleno dia";"Crescente";"Sol";"Simples";"Reta";"Não";2;0;1;0;1;0;1;2;-5,73527201;-35,35543901;"SPRF-RN";"DEL02-RN";"UOP01-DEL02-RN"
207214;2019-05-04;"sábado";"12:15:00";"PR";369;143,7;"LONDRINA";"Velocidade Incompatível";"Colisão traseira";"Com Vítimas Fatais";"Pleno dia";"Decrescente";"Céu Claro";"Dupla";"Reta";"Sim";3;1;0;0;1;1;0;3;-23,29308668;-51,10004067;"SPRF-PR";"DEL07-PR";"UOP01-DEL07-PR"
207215;2019-05-04;"sábado";"11:20:00";"SC";280;167,9;"MAFRA";"Velocidade Incompatível";"Saída de leito carroçável";"Com Vítimas Feridas";"Pleno dia";"Crescente";"Céu Claro";"Simples";"Retorno Regulamentado";"Sim";1;0;0;1;0;0;1;1;-26,16857105;-49,81820938;"SPRF-SC";"DEL06-SC";"UOP01-DEL06-SC"
207216;2019-05-04;"sábado";"09:30:00";"MG";365;614;"UBERLANDIA";"Avarias e/ou desgaste excessivo no pneu";"Queda de ocupante de veículo";"Com Vítimas Feridas";"Pleno dia";"Decrescente";"Nublado";"Simples";"Reta";"Não";1;0;0;1;0;0;1;1;-18,91310717;-48,21858644;"SPRF-MG";"DEL15-MG";"UOP01-DEL15-MG"
207218;2019-05-04;"sábado";"10:05:00";"PR";373;235;"IMBITUVA";"Desobediência às normas de trânsito pelo condutor";"Saída de leito carroçável";"Sem Vítimas";"Pleno dia";"Decrescente";"Céu Claro";"Simples";"Reta";"Não";1;0;0;0;1;0;0;1;-25,18079416;-50,72407812;"SPRF-PR";"DEL03-PR";"UOP01-DEL03-PR"
207220;2019-01-20;"domingo";"18:50:00";"BA";101;163;"CONCEICAO DO JACUIPE";"Falta de Atenção à Condução";"Colisão lateral";"Com Vítimas Feridas";"Plena Noite";"Crescente";"Céu Claro";"Simples";"Reta";"Não";1;0;1;0;0;0;1;1;-12,3547;-38,7934;"SPRF-BA";"DEL01-BA";"UOP03-DEL01-BA"
207221;2019-05-04;"sábado";"13:00:00";"SP";381;36;"ATIBAIA";"Falta de Atenção à Condução";"Colisão lateral";"Com Vítimas Feridas";"Pleno dia";"Crescente";"Céu Claro";"Dupla";"Reta";"Não";3;0;2;0;1;0;2;2;-23,09707232;-46,57180706;"SPRF-SP";"DEL03-SP";"UOP02-DEL03-SP"
207222;2019-05-04;"sábado";"10:45:00";"RS";386;379,8;"TABAI";"Falta de Atenção à Condução";"Colisão traseira";"Com Vítimas Feridas";"Pleno dia";"Crescente";"Nublado";"Dupla";"Aclive;Reta";"Não";2;0;2;0;0;0;2;2;-29,644915;-51,766876;"SPRF-RS";"DEL04-RS";"UOP02-DEL04-RS"
207223;2019-05-04;"sábado";"11:30:00";"RS";0;0;"CANOAS";"Falta de Atenção à Condução";"Colisão transversal";"Com Vítimas Feridas";"Pleno dia";"Não Informado";"Sol";"Simples";"Reta";"Sim";1;0;1;0;0;0;1;1;-29,95942501;-51,17608515;"SPRF-RS";"DEL01-RS";"UOP01-DEL01-RS"
207225;2019-05-04;"sábado";"13:20:00";"PE";101;72,4;"RECIFE";"Falta de Atenção à Condução";"Colisão transversal";"Com Vítimas Feridas";"Pleno dia";"Crescente";"Céu Claro";"Dupla";"Em Obras;Reta;Desvio Temporário";"Sim";3;0;2;0;1;0;2;2;-8,08493106;-34,9450639;"SPRF-PE";"DEL01-PE";"UOP01-DEL01-PE"
207226;2019-05-04;"sábado";"13:25:00";"RJ";101;446,7;"MANGARATIBA";"Defeito Mecânico no Veículo";"Colisão com objeto em movimento";"Com Vítimas Feridas";"Pleno dia";"Crescente";"Céu Claro";"Simples";"Aclive";"Sim";1;0;1;0;0;0;1;1;-23,00137983;-44,09723282;"SPRF-RJ";"DEL03-RJ";"UOP03-DEL03-RJ"
207227;2019-05-04;"sábado";"13:00:00";"SP";381;5,5;"VARGEM";"Defeito Mecânico no Veículo";"Incêndio";"Sem Vítimas";"Pleno dia";"Decrescente";"Céu Claro";"Dupla";"Reta";"Não";1;0;0;0;1;0;0;1;-22,88993723;-46,41305958;"SPRF-SP";"DEL03-SP";"UOP02-DEL03-SP"
207228;2019-05-04;"sábado";"13:15:00";"SC";101;214,7;"PALHOCA";"Falta de Atenção do Pedestre";"Atropelamento de Pedestre";"Com Vítimas Feridas";"Pleno dia";"Crescente";"Céu Claro";"Dupla";"Reta";"Sim";2;0;0;1;1;0;1;2;-27,64443;-48,67057;"SPRF-SC";"DEL01-SC";"UOP02-DEL01-SC"
207230;2019-05-04;"sábado";"13:45:00";"SC";470;68,5;"INDAIAL";"Falta de Atenção à Condução";"Colisão traseira";"Com Vítimas Feridas";"Pleno dia";"Decrescente";"Céu Claro";"Simples";"Reta";"Sim";2;0;2;0;0;0;2;2;-26,88097703;-49,24347997;"SPRF-SC";"DEL04-SC";"UOP01-DEL04-SC"
207231;2019-05-04;"sábado";"13:45:00";"PR";376;206,7;"MANDAGUARI";"Falta de Atenção à Condução";"Colisão transversal";"Com Vítimas Feridas";"Pleno dia";"Crescente";"Céu Claro";"Simples";"Curva";"Sim";2;0;1;0;1;0;1;2;-23,561134;-51,66161;"SPRF-PR";"DEL07-PR";"UOP01-DEL09-PR"
207232;2019-05-04;"sábado";"09:10:00";"RJ";101;311;"SAO GONCALO";"Agressão Externa";"Engavetamento";"Com Vítimas Feridas";"Pleno dia";"Crescente";"Sol";"Dupla";"Reta";"Sim";6;0;4;1;1;0;5;4;-22,80031645;-43,05271626;"SPRF-RJ";"DEL02-RJ";"DEL5/2-UOP04/RJ"
207233;2019-05-04;"sábado";"13:40:00";"GO";40;5,1;"VALPARAISO DE GOIAS";"Velocidade Incompatível";"Colisão lateral";"Com Vítimas Feridas";"Pleno dia";"Crescente";"Céu Claro";"Simples";"Reta";"Sim";3;0;0;1;2;0;1;2;-16,093134;-47,982236;"SPRF-DF";"DEL01-DF";"UOP01-DEL01-DF"
207234;2019-05-04;"sábado";"13:40:00";"SC";101;231,5;"PALHOCA";"Não guardar distância de segurança";"Colisão lateral";"Com Vítimas Feridas";"Pleno dia";"Crescente";"Chuva";"Dupla";"Reta";"Sim";2;0;1;0;1;0;1;2;-27,78669984;-48,6356424;"SPRF-SC";"DEL01-SC";"UOP02-DEL01-SC"
207235;2019-05-04;"sábado";"13:00:00";"MG";262;417;"PARA DE MINAS";"Falta de Atenção à Condução";"Queda de ocupante de veículo";"Com Vítimas Feridas";"Pleno dia";"Crescente";"Céu Claro";"Dupla";"Reta";"Sim";2;0;0;1;0;1;1;1;-19,90564403;-44,68893403;"SPRF-MG";"DEL08-MG";"UOP03-DEL08-MG"
207236;2019-05-04;"sábado";"14:05:00";"RS";470;218;"BENTO GONCALVES";"Falta de Atenção à Condução";"Colisão transversal";"Com Vítimas Feridas";"Pleno dia";"Crescente";"Céu Claro";"Simples";"Declive;Reta";"Não";2;0;1;0;1;0;1;2;-29,18237958;-51,52014082;"SPRF-RS";"DEL06-RS";"UOP01-DEL06-RS"
207237;2019-05-04;"sábado";"13:20:00";"PI";316;1,1;"TERESINA";"Restrição de Visibilidade";"Colisão transversal";"Com Vítimas Feridas";"Pleno dia";"Decrescente";"Céu Claro";"Simples";"Interseção de Vias;Em Obras";"Sim";2;0;0;2;0;0;2;2;-5,12861853;-42,80706778;"SPRF-PI";"DEL01-PI";"UOP02-DEL01-PI"
207238;2019-05-04;"sábado";"10:50:00";"SC";101;294,5;"IMBITUBA";"Falta de Atenção à Condução";"Colisão lateral";"Com Vítimas Feridas";"Pleno dia";"Decrescente";"Céu Claro";"Dupla";"Reta";"Não";2;0;0;1;1;0;1;2;-28,29220304;-48,71018095;"SPRF-SC";"DEL02-SC";"UOP03-DEL02-SC"
207239;2019-05-04;"sábado";"12:30:00";"SC";153;65,1;"IRANI";"Não guardar distância de segurança";"Colisão traseira";"Com Vítimas Feridas";"Pleno dia";"Decrescente";"Céu Claro";"Simples";"Reta";"Sim";3;0;1;0;2;0;1;2;-27,011721;-51,876862;"SPRF-SC";"DEL07-SC";"UOP04-DEL07-SC"
207240;2019-05-04;"sábado";"13:00:00";"PI";316;338;"FRANCISCO SANTOS";"Defeito Mecânico no Veículo";"Incêndio";"Sem Vítimas";"Pleno dia";"Decrescente";"Céu Claro";"Simples";"Reta";"Não";1;0;0;0;0;1;0;1;-7,11158329;-41,22707103;"SPRF-PI";"DEL04-PI";"UOP01-DEL04-PI"
207243;2019-02-13;"quarta-feira";"00:17:00";"SC";101;208,4;"SAO JOSE";"Velocidade Incompatível";"Capotamento";"Com Vítimas Fatais";"Plena Noite";"Decrescente";"Céu Claro";"Múltipla";"Viaduto";"Sim";2;2;0;0;0;0;0;1;-27,6101;-48,6388;"SPRF-SC";"DEL01-SC";"UOP01-DEL01-SC"
207246;2019-05-04;"sábado";"14:50:00";"ES";262;55;"MARECHAL FLORIANO";"Condutor Dormindo";"Colisão frontal";"Com Vítimas Feridas";"Pleno dia";"Decrescente";"Nublado";"Simples";"Curva";"Não";4;0;1;3;0;0;4;2;-20,41120651;-40,7479394;"SPRF-ES";"DEL01-ES";"UOP01-DEL01-ES"
207248;2019-05-04;"sábado";"15:00:00";"SC";101;49,8;"JOINVILLE";"Falta de Atenção à Condução";"Tombamento";"Com Vítimas Feridas";"Pleno dia";"Crescente";"Sol";"Simples";"Retorno Regulamentado";"Não";2;0;2;0;0;0;2;1;-26,36479799;-48,85878798;"SPRF-SC";"DEL03-SC";"UOP01-DEL03-SC"
207249;2019-05-04;"sábado";"15:15:00";"SC";101;222;"PALHOCA";"Falta de Atenção à Condução";"Capotamento";"Sem Vítimas";"Pleno dia";"Decrescente";"Céu Claro";"Dupla";"Declive;Reta";"Sim";2;0;0;0;2;0;0;1;-27,70865409;-48,65586407;"SPRF-SC";"DEL01-SC";"UOP02-DEL01-SC"
207253;2019-05-04;"sábado";"15:30:00";"MG";381;921,3;"CAMANDUCAIA";"Velocidade Incompatível";"Colisão com objeto estático";"Com Vítimas Feridas";"Pleno dia";"Crescente";"Chuva";"Dupla";"Declive;Curva";"Não";2;0;1;0;1;0;1;1;-22,7680939;-46,20854399;"SPRF-MG";"DEL16-MG";"UOP03-DEL16-MG"
207254;2019-05-04;"sábado";"16:30:00";"MG";262;802;"UBERABA";"Falta de Atenção à Condução";"Colisão com objeto estático";"Com Vítimas Feridas";"Pleno dia";"Decrescente";"Chuva";"Dupla";"Declive";"Sim";2;0;1;0;0;1;1;2;-19,77094729;-47,90693674;"SPRF-MG";"DEL13-MG";"UOP01-DEL13-MG"
207256;2019-05-04;"sábado";"15:30:00";"ES";447;13,7;"VILA VELHA";"Falta de Atenção à Condução";"Colisão transversal";"Com Vítimas Feridas";"Pleno dia";"Crescente";"Nublado";"Dupla";"Rotatória";"Sim";3;0;1;0;2;0;1;2;-20,34062738;-40,3278771;"SPRF-ES";"DEL01-ES";"UOP01-DEL01-ES"
207257;2019-05-04;"sábado";"15:45:00";"PA";316;34;"SANTA IZABEL DO PARA";"Desobediência às normas de trânsito pelo condutor";"Colisão com objeto estático";"Com Vítimas Feridas";"Pleno dia";"Crescente";"Nublado";"Dupla";"Reta";"Sim";3;0;1;1;0;1;2;2;-1,29444763;-48,17249938;"SPRF-PA";"DEL01-PA";"DEL19/1-UOP05/PA"
207258;2019-05-04;"sábado";"16:40:00";"PR";277;71;"SAO JOSE DOS PINHAIS";"Desobediência às normas de trânsito pelo pedestre";"Colisão traseira";"Com Vítimas Feridas";"Pleno dia";"Decrescente";"Céu Claro";"Múltipla";"Reta";"Não";5;0;2;0;2;1;2;3;-25,52920381;-49,08862791;"SPRF-PR";"DEL01-PR";"UOP07-DEL01-PR"
207260;2019-05-04;"sábado";"16:30:00";"PR";116;154;"MANDIRITUBA";"Falta de Atenção à Condução";"Saída de leito carroçável";"Com Vítimas Feridas";"Pleno dia";"Crescente";"Céu Claro";"Simples";"Declive";"Não";2;0;1;0;1;0;1;1;-25,84494819;-49,35033183;"SPRF-PR";"DEL01-PR";"UOP03-DEL01-PR"
207261;2019-05-04;"sábado";"16:55:00";"SP";116;182,2;"SANTA ISABEL";"Pista Escorregadia";"Colisão com objeto estático";"Sem Vítimas";"Pleno dia";"Crescente";"Chuva";"Dupla";"Reta";"Não";1;0;0;0;1;0;0;1;-23,34505765;-46,16213519;"SPRF-SP";"DEL02-SP";"UOP01-DEL02-SP"
207263;2019-05-04;"sábado";"16:30:00";"PR";116;126;"FAZENDA RIO GRANDE";"Falta de Atenção à Condução";"Colisão traseira";"Com Vítimas Feridas";"Pleno dia";"Crescente";"Nublado";"Dupla";"Interseção de Vias;Reta";"Sim";2;0;1;0;1;0;1;2;-25,64079128;-49,3129921;"SPRF-PR";"DEL01-PR";"UOP03-DEL01-PR"
207264;2019-05-04;"sábado";"16:20:00";"PR";277;660;"MATELANDIA";"Velocidade Incompatível";"Colisão com objeto estático";"Com Vítimas Feridas";"Pleno dia";"Decrescente";"Céu Claro";"Dupla";"Aclive;Curva";"Não";1;0;1;0;0;0;1;1;-25,25136237;-53,99027796;"SPRF-PR";"DEL05-PR";"UOP02-DEL05-PR"
207266;2019-05-04;"sábado";"17:00:00";"RS";287;250,6;"SANTA MARIA";"Falta de Atenção à Condução";"Colisão transversal";"Com Vítimas Feridas";"Pleno dia";"Crescente";"Céu Claro";"Simples";"Reta";"Sim";2;0;1;0;1;0;1;2;-29,69077137;-53,87064812;"SPRF-RS";"DEL09-RS";"UOP01-DEL09-RS"
207267;2019-05-04;"sábado";"12:10:00";"MS";463;76;"PONTA PORA";"Desobediência às normas de trânsito pelo condutor";"Colisão frontal";"Com Vítimas Fatais";"Pleno dia";"Crescente";"Nublado";"Simples";"Reta";"Não";7;1;2;2;2;0;4;3;-22,50356987;-55,4399702;"SPRF-MS";"DEL04-MS";"UOP03-DEL04-MS"
207268;2019-05-04;"sábado";"16:50:00";"SC";101;124,2;"ITAJAI";"Ingestão de Álcool";"Colisão traseira";"Sem Vítimas";"Pleno dia";"Crescente";"Nublado";"Dupla";"Reta";"Sim";2;0;0;0;2;0;0;2;-26,94335064;-48,69198648;"SPRF-SC";"DEL04-SC";"UOP04-DEL04-SC"
207269;2019-05-04;"sábado";"17:10:00";"AL";101;108,9;"PILAR";"Ingestão de Álcool";"Queda de ocupante de veículo";"Com Vítimas Feridas";"Anoitecer";"Decrescente";"Céu Claro";"Simples";"Curva";"Não";1;0;1;0;0;0;1;1;-9,59656948;-36,0091409;"SPRF-AL";"DEL02-AL";"UOP01-DEL02-AL"
207270;2019-05-04;"sábado";"17:00:00";"PR";476;143,9;"CURITIBA";"Desobediência às normas de trânsito pelo condutor";"Colisão lateral";"Com Vítimas Feridas";"Pleno dia";"Decrescente";"Céu Claro";"Dupla";"Reta";"Sim";5;0;4;0;1;0;4;2;-25,543802;-49,305328;"SPRF-PR";"DEL01-PR";"UOP03-DEL01-PR"
207272;2019-05-04;"sábado";"14:15:00";"SC";280;39,9;"ARAQUARI";"Falta de Atenção à Condução";"Colisão frontal";"Com Vítimas Feridas";"Pleno dia";"Crescente";"Céu Claro";"Simples";"Reta";"Não";3;0;1;0;0;2;1;3;-26,44875367;-48,83792802;"SPRF-SC";"DEL03-SC";"UOP03-DEL03-SC"
207273;2019-05-04;"sábado";"17:35:00";"SE";235;2;"ARACAJU";"Falta de Atenção à Condução";"Colisão traseira";"Com Vítimas Feridas";"Plena Noite";"Crescente";"Céu Claro";"Dupla";"Reta";"Sim";3;0;1;0;2;0;1;2;-10,90730258;-37,09390998;"SPRF-SE";"DEL01-SE";"UOP01-DEL01-SE"