"id";"data_inversa";"dia_semana";"horario";"uf";"br";"km";"municipio";"causa_acidente";"tipo_acidente";"classificacao_acidente";"fase_dia";"sentido_via";"condicao_metereologica";"tipo_pista";"tracado_via";"uso_solo";"pessoas";"mortos";"feridos_leves";"feridos_graves";"ilesos";"ignorados";"feridos";"veiculos";"latitude";"longitude";"regional";"delegacia";"uop"
207480;2019-05-05;"domingo";"17:35:00";"RS";290;0;"PORTO ALEGRE";"Pista Escorregadia";"Colisão com objeto estático";"Sem Vítimas";"Pleno dia";"Crescente";"Chuva";"Dupla";"Reta";"Sim";1;0;0;0;1;0;0;1;-29,97353807;-51,17780864;"SPRF-RS";"DEL03-RS";"UOP01-DEL03-RS"
207481;2019-05-05;"domingo";"10:50:00";"RS";0;0;"CANOAS";"Falta de Atenção à Condução";"Colisão traseira";"Com Vítimas Feridas";"Pleno dia";"Não Informado";"Céu Claro";"Múltipla";"Reta";"Sim";4;0;2;0;2;0;2;2;-29,95479702;-51,17645364;"SPRF-RS";"DEL01-RS";"UOP01-DEL01-RS"
207482;2019-05-05;"domingo";"17:50:00";"MG";40;551;"NOVA LIMA";"Falta de Atenção à Condução";"Colisão traseira";"Com Vítimas Feridas";"Anoitecer";"Decrescente";"Céu Claro";"Dupla";"Reta";"Sim";2;0;1;0;1;0;1;2;-20,05411435;-43,97101875;"SPRF-MG";"DEL01-MG";"UOP02-DEL01-MG"
207485;2019-05-05;"domingo";"18:00:00";"MG";459;47,9;"SANTA RITA DE CALDAS";"Ultrapassagem Indevida";"Colisão frontal";"Com Vítimas Fatais";"Plena Noite";"Decrescente";"Céu Claro";"Simples";"Curva";"Não";7;2;0;5;0;0;5;2;-22,06355885;-46,27697121;"SPRF-MG";"DEL13-MG";"UOP01-DEL13-MG"
207487;2019-05-05;"domingo";"18:00:00";"ES";101;205,9;"JOAO NEIVA";"Não guardar distância de segurança";"Colisão lateral";"Com Vítimas Feridas";"Plena Noite";"Crescente";"Nublado";"Dupla";"Declive";"Sim";4;0;1;1;1;1;2;3;-19,75823196;-40,3795009;"SPRF-ES";"DEL02-ES";"UOP01-DEL02-ES"
207489;2019-05-05;"domingo";"17:25:00";"SE";235;34,5;"AREIA BRANCA";"Ingestão de Álcool";"Colisão transversal";"Com Vítimas Feridas";"Anoitecer";"Decrescente";"Céu Claro";"Simples";"Reta";"Sim";2;0;1;0;0;1;1;2;-10,760385;-37,313049;"SPRF-SE";"DEL01-SE";"UOP02-DEL01-SE"
207491;2019-05-05;"domingo";"17:40:00";"RN";226;98,7;"SANTA CRUZ";"Desobediência às normas de trânsito pelo condutor";"Colisão traseira";"Com Vítimas Feridas";"Anoitecer";"Crescente";"Céu Claro";"Simples";"Reta";"Não";5;0;1;4;0;0;5;2;-6,26139227;-35,90859082;"SPRF-RN";"DEL03-RN";"UOP02-DEL03-RN"
207492;2019-05-05;"domingo";"17:00:00";"RJ";101;305;"SAO GONCALO";"Agressão Externa";"Colisão com objeto em movimento";"Com Vítimas Feridas";"Pleno dia";"Crescente";"Céu Claro";"Múltipla";"Reta";"Sim";4;0;2;0;1;1;2;2;-22,78702832;-42,99589293;"SPRF-RJ";"DEL02-RJ";"DEL5/2-UOP04/RJ"
207495;2019-05-05;"domingo";"18:10:00";"PB";230;157,5;"CAMPINA GRANDE";"Ingestão de Álcool";"Colisão transversal";"Com Vítimas Feridas";"Plena Noite";"Crescente";"Céu Claro";"Simples";"Interseção de Vias";"Sim";2;0;1;0;1;0;1;2;-7,264;-35,9199;"SPRF-PB";"DEL02-PB";"UOP01-DEL02-PB"
207497;2019-05-05;"domingo";"17:10:00";"MG";381;714,5;"CARMO DA CACHOEIRA";"Condutor Dormindo";"Saída de leito carroçável";"Com Vítimas Feridas";"Pleno dia";"Crescente";"Céu Claro";"Dupla";"Reta";"Não";1;0;1;0;0;0;1;1;-21,3874026;-45,19438666;"SPRF-MG";"DEL04-MG";"UOP02-DEL04-MG"
207498;2019-05-05;"domingo";"17:45:00";"RO";364;561;"ALTO PARAISO";"Defeito na Via";"Saída de leito carroçável";"Com Vítimas Feridas";"Anoitecer";"Crescente";"Céu Claro";"Simples";"Reta";"Não";4;0;4;0;0;0;4;1;-9,552824;-63,07573404;"SPRF-RO";"DEL03-RO";"UOP04-DEL01-RO"
207499;2019-05-05;"domingo";"19:15:00";"GO";40;6;"VALPARAISO DE GOIAS";"Falta de Atenção à Condução";"Colisão traseira";"Sem Vítimas";"Plena Noite";"Decrescente";"Céu Claro";"Dupla";"Reta";"Sim";2;0;0;0;2;0;0;2;-16,100814;-47,977351;"SPRF-DF";"DEL01-DF";"UOP01-DEL01-DF"
207500;2019-05-05;"domingo";"19:20:00";"PE";408;95,5;"SAO LOURENCO DA MATA";"Falta de Atenção à Condução";"Colisão traseira";"Sem Vítimas";"Plena Noite";"Decrescente";"Céu Claro";"Dupla";"Declive";"Não";3;0;0;0;2;1;0;3;-8,016516;-35,041775;"SPRF-PE";"DEL01-PE";"UOP01-DEL01-PE"
207501;2019-05-05;"domingo";"19:25:00";"ES";101;181;"ARACRUZ";"Falta de Atenção à Condução";"Queda de ocupante de veículo";"Com Vítimas Feridas";"Plena Noite";"Decrescente";"Céu Claro";"Simples";"Reta";"Não";1;0;1;0;0;0;1;1;-19,6312501;-40,22615187;"SPRF-ES";"DEL04-ES";"UOP01-DEL04-ES"
207503;2019-05-05;"domingo";"18:10:00";"RJ";393;281,7;"VOLTA REDONDA";"Falta de Atenção à Condução";"Tombamento";"Com Vítimas Feridas";"Pleno dia";"Crescente";"Nublado";"Simples";"Reta";"Sim";3;0;0;1;1;1;1;3;-22,48025569;-44,02974901;"SPRF-RJ";"DEL05-RJ";"UOP04-DEL05-RJ"
207504;2019-05-05;"domingo";"19:30:00";"ES";101;213;"IBIRACU";"Desobediência às normas de trânsito pelo condutor";"Colisão lateral";"Com Vítimas Feridas";"Plena Noite";"Crescente";"Céu Claro";"Simples";"Reta";"Sim";3;0;0;1;0;2;1;3;-19,82352998;-40,36981894;"SPRF-ES";"DEL02-ES";"UOP01-DEL02-ES"
207505;2019-05-05;"domingo";"19:22:00";"RJ";40;116;"DUQUE DE CAXIAS";"Não guardar distância de segurança";"Colisão traseira";"Com Vítimas Feridas";"Plena Noite";"Crescente";"Céu Claro";"Dupla";"Reta";"Sim";2;0;1;0;1;0;1;2;-22,73662299;-43,28858785;"SPRF-RJ";"DEL01-RJ";"UOP01-DEL01-RJ"
207506;2019-05-05;"domingo";"19:40:00";"RS";153;51,4;"ERECHIM";"Ingestão de Álcool";"Colisão traseira";"Sem Vítimas";"Plena Noite";"Decrescente";"Chuva";"Simples";"Reta";"Não";2;0;0;0;2;0;0;2;-27,66024898;-52,28414106;"SPRF-RS";"DEL08-RS";"UOP04-DEL08-RS"
207509;2019-05-05;"domingo";"19:30:00";"CE";222;5,3;"CAUCAIA";"Desobediência às normas de trânsito pelo condutor";"Colisão transversal";"Com Vítimas Feridas";"Plena Noite";"Decrescente";"Nublado";"Dupla";"Reta";"Sim";3;0;2;1;0;0;3;2;-3,74296918;-38,61330997;"SPRF-CE";"DEL01-CE";"UOP01-DEL01-CE"
207510;2019-05-05;"domingo";"19:05:00";"RJ";40;84;"PETROPOLIS";"Velocidade Incompatível";"Queda de ocupante de veículo";"Com Vítimas Feridas";"Plena Noite";"Crescente";"Céu Claro";"Simples";"Curva";"Não";1;0;1;0;0;0;1;1;-22,52850694;-43,2349802;"SPRF-RJ";"DEL06-RJ";"UOP01-DEL06-RJ"
207511;2019-05-05;"domingo";"16:50:00";"MT";163;756;"SORRISO";"Ingestão de Álcool";"Saída de leito carroçável";"Com Vítimas Feridas";"Pleno dia";"Crescente";"Nublado";"Dupla";"Reta";"Sim";6;0;1;0;5;0;1;1;-12,62504399;-55,76969001;"SPRF-MT";"DEL06-MT";"UOP01-DEL06-MT"
207512;2019-05-05;"domingo";"17:40:00";"SC";282;568;"NOVA ERECHIM";"Velocidade Incompatível";"Saída de leito carroçável";"Com Vítimas Feridas";"Anoitecer";"Decrescente";"Nevoeiro/Neblina";"Simples";"Declive";"Sim";1;0;0;1;0;0;1;1;-26,899681;-52,915756;"SPRF-SC";"DEL07-SC";"UOP02-DEL07-SC"
207514;2019-05-05;"domingo";"18:03:00";"RS";392;122,3;"CANGUCU";"Ingestão de Álcool";"Colisão transversal";"Sem Vítimas";"Anoitecer";"Decrescente";"Chuva";"Simples";"Interseção de Vias;Reta";"Não";2;0;0;0;2;0;0;2;-31,38463647;-52,70891547;"SPRF-RS";"DEL07-RS";"UOP01-DEL07-RS"
207515;2019-05-05;"domingo";"19:00:00";"RS";386;416,9;"MONTENEGRO";"Desobediência às normas de trânsito pelo condutor";"Colisão transversal";"Com Vítimas Feridas";"Plena Noite";"Crescente";"Chuva";"Dupla";"Reta";"Sim";3;0;3;0;0;0;3;2;-29,8187189;-51,45391879;"SPRF-RS";"DEL04-RS";"UOP02-DEL04-RS"
207516;2019-05-05;"domingo";"18:05:00";"PI";343;346;"TERESINA";"Falta de Atenção à Condução";"Atropelamento de Pedestre";"Com Vítimas Feridas";"Plena Noite";"Decrescente";"Céu Claro";"Dupla";"Reta";"Sim";2;0;1;0;1;0;1;2;-5,110751;-42,770531;"SPRF-PI";"DEL01-PI";"UOP01-DEL01-PI"
207518;2019-05-05;"domingo";"20:25:00";"PR";369;195;"ARAPONGAS";"Falta de Atenção à Condução";"Engavetamento";"Com Vítimas Feridas";"Plena Noite";"Crescente";"Céu Claro";"Dupla";"Reta";"Não";7;0;4;0;3;0;4;3;-23,50542124;-51,42526388;"SPRF-PR";"DEL07-PR";"UOP03-DEL07-PR"
207519;2019-05-05;"domingo";"19:30:00";"PE";424;93;"GARANHUNS";"Ingestão de Álcool";"Colisão lateral";"Com Vítimas Feridas";"Plena Noite";"Crescente";"Céu Claro";"Simples";"Reta";"Sim";2;0;1;0;0;1;1;2;-8,907125;-36,487206;"SPRF-PE";"DEL03-PE";"UOP01-DEL03-PE"
207521;2019-05-05;"domingo";"19:40:00";"PI";316;8;"TERESINA";"Desobediência às normas de trânsito pelo condutor";"Colisão frontal";"Com Vítimas Feridas";"Plena Noite";"Crescente";"Céu Claro";"Simples";"Reta";"Sim";5;0;0;2;3;0;2;5;-5,16483402;-42,76899508;"SPRF-PI";"DEL01-PI";"UOP02-DEL01-PI"
207522;2019-05-05;"domingo";"19:45:00";"PE";316;23,2;"ARARIPINA";"Falta de Atenção à Condução";"Colisão lateral";"Com Vítimas Feridas";"Plena Noite";"Crescente";"Céu Claro";"Simples";"Reta";"Sim";3;0;2;0;0;1;2;2;-7,58229315;-40,50694911;"SPRF-PE";"DEL05-PE";"UOP02-DEL05-PE"
207524;2019-05-05;"domingo";"15:45:00";"MA";222;655;"ACAILANDIA";"Condutor Dormindo";"Colisão frontal";"Com Vítimas Feridas";"Pleno dia";"Decrescente";"Céu Claro";"Simples";"Reta";"Não";2;0;1;0;0;1;1;2;-4,85085537;-47,30972679;"SPRF-MA";"DEL04-MA";"UOP03-DEL04-MA"
207525;2019-05-05;"domingo";"21:28:00";"PE";423;50,3;"CACHOEIRINHA";"Objeto estático sobre o leito carroçável";"Colisão transversal";"Com Vítimas Feridas";"Plena Noite";"Crescente";"Céu Claro";"Simples";"Reta";"Não";2;0;0;1;1;0;1;1;-8,573664;-36,28561;"SPRF-PE";"DEL03-PE";"UOP01-DEL03-PE"
207526;2019-05-03;"sexta-feira";"00:30:00";"BA";101;117,6;"ALAGOINHAS";"Restrição de Visibilidade";"Atropelamento de Animal";"Sem Vítimas";"Plena Noite";"Crescente";"Nevoeiro/Neblina";"Simples";"Reta";"Não";1;0;0;0;1;0;0;1;-12,1587083;-38,53761097;"SPRF-BA";"DEL01-BA";"UOP04-DEL01-BA"
207527;2019-05-05;"domingo";"18:50:00";"RJ";101;300;"SAO GONCALO";"Falta de Atenção do Pedestre";"Atropelamento de Pedestre";"Com Vítimas Fatais";"Plena Noite";"Decrescente";"Céu Claro";"Dupla";"Reta";"Sim";2;1;0;0;1;0;0;2;-22,77645713;-42,94783697;"SPRF-RJ";"DEL02-RJ";"DEL5/2-UOP04/RJ"
207528;2019-05-05;"domingo";"20:00:00";"RO";364;711;"PORTO VELHO";"Ultrapassagem Indevida";"Colisão com objeto estático";"Com Vítimas Feridas";"Plena Noite";"Decrescente";"Céu Claro";"Dupla";"Reta";"Sim";2;0;1;1;0;0;2;1;-8,78153947;-63,86531369;"SPRF-RO";"DEL01-RO";"UOP01-DEL01-RO"
207529;2019-05-05;"domingo";"20:50:00";"SE";101;108,8;"SAO CRISTOVAO";"Ingestão de Álcool";"Colisão traseira";"Com Vítimas Fatais";"Plena Noite";"Decrescente";"Céu Claro";"Dupla";"Reta";"Não";2;1;0;0;0;1;0;2;-10,96341297;-37,26196001;"SPRF-SE";"DEL02-SE";"UOP01-DEL02-SE"
207530;2019-05-05;"domingo";"16:45:00";"RO";364;796;"PORTO VELHO";"Restrição de Visibilidade";"Saída de leito carroçável";"Com Vítimas Feridas";"Pleno dia";"Decrescente";"Céu Claro";"Simples";"Reta";"Não";7;0;2;0;5;0;2;3;-9,24343695;-64,36371103;"SPRF-RO";"DEL01-RO";"UOP02-DEL01-RO"
207531;2019-05-05;"domingo";"19:55:00";"SC";153;100,4;"CONCORDIA";"Falta de Atenção à Condução";"Saída de leito carroçável";"Com Vítimas Feridas";"Plena Noite";"Decrescente";"Nublado";"Simples";"Reta";"Sim";2;0;0;1;1;0;1;2;-27,23689754;-51,95304751;"SPRF-SC";"DEL07-SC";"UOP04-DEL07-SC"
207532;2019-05-05;"domingo";"21:04:00";"RN";406;113,5;"POCO BRANCO";"Defeito na Via";"Colisão lateral";"Com Vítimas Feridas";"Plena Noite";"Decrescente";"Céu Claro";"Simples";"Reta";"Não";2;0;0;1;1;0;1;2;-5,56486948;-35,72795715;"SPRF-RN";"DEL02-RN";"UOP01-DEL02-RN"
207533;2019-05-05;"domingo";"19:00:00";"CE";222;195,5;"FORQUILHA";"Defeito na Via";"Saída de leito carroçável";"Com Vítimas Feridas";"Plena Noite";"Decrescente";"Céu Claro";"Simples";"Reta";"Não";4;0;4;0;0;0;4;1;-3,79950591;-40,16049399;"SPRF-CE";"DEL04-CE";"UOP01-DEL04-CE"
207534;2019-05-05;"domingo";"18:10:00";"SP";116;64,9;"GUARATINGUETA";"Falta de Atenção do Pedestre";"Atropelamento de Pedestre";"Com Vítimas Fatais";"Plena Noite";"Decrescente";"Céu Claro";"Dupla";"Curva";"Sim";3;1;0;0;2;0;0;2;-22,82328025;-45,19264698;"SPRF-SP";"DEL08-SP";"UOP01-DEL08-SP"
207535;2019-05-05;"domingo";"21:15:00";"SP";116;269;"TABOAO DA SERRA";"Falta de Atenção à Condução";"Colisão lateral";"Com Vítimas Feridas";"Plena Noite";"Decrescente";"Céu Claro";"Múltipla";"Reta";"Sim";3;0;1;0;2;0;1;2;-23,61593059;-46,78826044;"SPRF-SP";"DEL04-SP";"UOP01-DEL04-SP"
207536;2019-05-05;"domingo";"21:30:00";"MG";40;783,9;"JUIZ DE FORA";"Ingestão de Álcool";"Colisão com objeto estático";"Com Vítimas Feridas";"Plena Noite";"Decrescente";"Céu Claro";"Dupla";"Curva";"Não";3;0;2;0;1;0;2;2;-21,70406297;-43,45067808;"SPRF-MG";"DEL05-MG";"UOP01-DEL05-MG"
207537;2019-05-05;"domingo";"19:35:00";"SC";282;26,6;"SANTO AMARO DA IMPERATRIZ";"Ultrapassagem Indevida";"Colisão transversal";"Com Vítimas Feridas";"Plena Noite";"Decrescente";"Nublado";"Simples";"Reta";"Não";2;0;1;0;1;0;1;2;-27,680267;-48,762482;"SPRF-SC";"DEL01-SC";"UOP03-DEL01-SC"
207538;2019-05-05;"domingo";"17:20:00";"MG";116;526,7;"CARATINGA";"Falta de Atenção à Condução";"Colisão transversal";"Com Vítimas Feridas";"Anoitecer";"Crescente";"Céu Claro";"Simples";"Interseção de Vias";"Sim";3;0;2;0;1;0;2;2;-19,77654011;-42,13327989;"SPRF-MG";"DEL06-MG";"UOP02-DEL06-MG"
207540;2019-05-05;"domingo";"21:50:00";"ES";101;120,9;"SOORETAMA";"Ingestão de Álcool";"Tombamento";"Com Vítimas Feridas";"Plena Noite";"Crescente";"Nublado";"Simples";"Reta";"Não";1;0;0;1;0;0;1;1;-19,1438532;-40,0751016;"SPRF-ES";"DEL04-ES";"UOP01-DEL04-ES"
207543;2019-05-05;"domingo";"22:00:00";"PI";343;599;"FLORIANO";"Falta de Atenção à Condução";"Colisão transversal";"Com Vítimas Feridas";"Plena Noite";"Crescente";"Céu Claro";"Dupla";"Rotatória";"Sim";3;0;1;0;2;0;1;2;-6,827629;-43,064651;"SPRF-PI";"DEL03-PI";"UOP01-DEL03-PI"
207544;2019-05-05;"domingo";"19:00:00";"SC";280;71,2;"JARAGUA DO SUL";"Ingestão de Álcool";"Saída de leito carroçável";"Com Vítimas Feridas";"Plena Noite";"Decrescente";"Céu Claro";"Simples";"Reta";"Não";1;0;1;0;0;0;1;1;-26,46151693;-49,13480597;"SPRF-SC";"DEL03-SC";"UOP03-DEL03-SC"
207548;2019-05-05;"domingo";"22:00:00";"SP";101;48,2;"UBATUBA";"Falta de Atenção à Condução";"Colisão transversal";"Sem Vítimas";"Plena Noite";"Decrescente";"Nublado";"Simples";"Curva";"Sim";2;0;0;0;2;0;0;2;-23,44083035;-45,08700198;"SPRF-SP";"DEL06-SP";"UOP01-DEL06-SP"
207549;2019-05-05;"domingo";"22:10:00";"RS";116;177,9;"NOVA PETROPOLIS";"Velocidade Incompatível";"Colisão com objeto estático";"Sem Vítimas";"Plena Noite";"Decrescente";"Garoa/Chuvisco";"Simples";"Reta";"Não";1;0;0;0;0;1;0;1;-29,35004568;-51,14426266;"SPRF-RS";"DEL05-RS";"UOP02-DEL05-RS"
207550;2019-05-05;"domingo";"19:30:00";"RR";401;3;"CANTA";"Restrição de Visibilidade";"Colisão frontal";"Com Vítimas Feridas";"Plena Noite";"Crescente";"Chuva";"Simples";"Reta;Em Obras";"Não";6;0;5;0;1;0;5;2;2,79386178;-60,66665958;"SPRF-RR";"DEL01-RR";"UOP01-DEL01-RR"
207551;2019-05-05;"domingo";"16:00:00";"RR";174;329;"CARACARAI";"Falta de Atenção à Condução";"Atropelamento de Pedestre";"Com Vítimas Fatais";"Anoitecer";"Crescente";"Sol";"Simples";"Reta";"Não";3;1;0;0;1;1;0;2;1,56292;-60,989418;"SPRF-RR";"DEL01-RR";"UOP04/RR"
207554;2019-05-05;"domingo";"19:20:00";"MA";222;410;"SANTA LUZIA";"Defeito na Via";"Colisão frontal";"Com Vítimas Feridas";"Plena Noite";"Crescente";"Céu Claro";"Simples";"Declive;Reta";"Não";3;0;0;2;1;0;2;2;-3,97907809;-45,67703696;"SPRF-MA";"DEL02-MA";"UI04-DEL02-MA"
207557;2019-05-06;"segunda-feira";"00:30:00";"GO";40;7;"VALPARAISO DE GOIAS";"Defeito Mecânico no Veículo";"Queda de ocupante de veículo";"Com Vítimas Feridas";"Plena Noite";"Crescente";"Céu Claro";"Dupla";"Reta";"Sim";1;0;1;0;0;0;1;1;-16,108482;-47,972524;"SPRF-DF";"DEL01-DF";"UOP01-DEL01-DF"
207559;2019-05-06;"segunda-feira";"00:00:00";"RS";386;188,8;"SANTO ANTONIO DO PLANALTO";"Restrição de Visibilidade";"Colisão frontal";"Com Vítimas Fatais";"Plena Noite";"Crescente";"Chuva";"Simples";"Reta";"Não";5;1;1;0;3;0;1;2;-28,371929;-52,705669;"SPRF-RS";"DEL08-RS";"UOP01-DEL08-RS"
207560;2019-05-06;"segunda-feira";"00:40:00";"RS";285;289;"PASSO FUNDO";"Desobediência às normas de trânsito pelo condutor";"Colisão lateral";"Com Vítimas Feridas";"Plena Noite";"Decrescente";"Chuva";"Dupla";"Interseção de Vias;Reta";"Sim";2;0;1;0;1;0;1;2;-28,23671;-52,336224;"SPRF-RS";"DEL08-RS";"UOP03-DEL08-RS"
207561;2019-05-06;"segunda-feira";"00:05:00";"BA";324;623,2;"SALVADOR";"Pista Escorregadia";"Saída de leito carroçável";"Com Vítimas Feridas";"Plena Noite";"Crescente";"Chuva";"Dupla";"Reta";"Sim";4;0;4;0;0;0;4;1;-12,92628699;-38,46838679;"SPRF-BA";"DEL01-BA";"UOP01-DEL01-BA"
207563;2019-05-06;"segunda-feira";"01:30:00";"RJ";393;286;"VOLTA REDONDA";"Falta de Atenção à Condução";"Colisão lateral";"Sem Vítimas";"Plena Noite";"Decrescente";"Céu Claro";"Simples";"Reta";"Sim";2;0;0;0;2;0;0;2;-22,50646233;-44,07689463;"SPRF-RJ";"DEL05-RJ";"UOP04-DEL05-RJ"
207565;2019-05-05;"domingo";"23:50:00";"BA";324;552;"AMELIA RODRIGUES";"Pista Escorregadia";"Saída de leito carroçável";"Com Vítimas Feridas";"Plena Noite";"Decrescente";"Chuva";"Dupla";"Reta";"Não";1;0;1;0;0;0;1;1;-12,44970237;-38,71122627;"SPRF-BA";"DEL01-BA";"UOP01-DEL01-BA"
207566;2019-05-06;"segunda-feira";"00:15:00";"PB";230;153;"CAMPINA GRANDE";"Ingestão de Álcool";"Colisão lateral";"Sem Vítimas";"Plena Noite";"Crescente";"Céu Claro";"Dupla";"Interseção de Vias";"Não";2;0;0;0;2;0;0;2;-7,2763;-35,8887;"SPRF-PB";"DEL02-PB";"UOP01-DEL02-PB"
207567;2019-05-06;"segunda-feira";"04:00:00";"MG";381;483;"BETIM";"Mal Súbito";"Colisão com objeto estático";"Com Vítimas Feridas";"Plena Noite";"Decrescente";"Céu Claro";"Dupla";"Reta";"Sim";2;0;1;1;0;0;2;1;-19,95594491;-44,10721699;"SPRF-MG";"DEL01-MG";"UOP03-DEL01-MG"
207570;2019-05-06;"segunda-feira";"05:20:00";"PR";376;165,5;"MARINGA";"Deficiência ou não Acionamento do Sistema de Iluminação/Sinalização do Veículo";"Colisão traseira";"Com Vítimas Feridas";"Amanhecer";"Crescente";"Céu Claro";"Dupla";"Reta";"Não";2;0;1;0;1;0;1;2;-23,39038641;-52,01421918;"SPRF-PR";"DEL07-PR";"UOP01-DEL09-PR"
207571;2019-05-06;"segunda-feira";"04:30:00";"PB";104;133,3;"CAMPINA GRANDE";"Condutor Dormindo";"Capotamento";"Com Vítimas Feridas";"Plena Noite";"Crescente";"Céu Claro";"Simples";"Reta";"Não";1;0;1;0;0;0;1;1;-7,33449509;-35,89813347;"SPRF-PB";"DEL02-PB";"UOP03-DEL02-PB"
207572;2019-05-06;"segunda-feira";"05:40:00";"AP";156;819;"OIAPOQUE";"Velocidade Incompatível";"Atropelamento de Pedestre";"Com Vítimas Fatais";"Amanhecer";"Crescente";"Nublado";"Simples";"Reta";"Sim";3;1;0;1;1;0;1;2;3,83552896;-51,80935802;"SPRF-AP";"DEL01-AP";"UOP03-DEL01-AP"
207573;2019-05-05;"domingo";"20:30:00";"RJ";101;408;"ITAGUAI";"Animais na Pista";"Atropelamento de Animal";"Sem Vítimas";"Plena Noite";"Decrescente";"Nublado";"Dupla";"Reta";"Não";3;0;0;0;1;2;0;2;-22,88087914;-43,82441392;"SPRF-RJ";"DEL03-RJ";"UOP01-DEL03-RJ"
207575;2019-05-06;"segunda-feira";"06:10:00";"MG";381;4;"BETIM";"Defeito Mecânico no Veículo";"Queda de ocupante de veículo";"Com Vítimas Feridas";"Amanhecer";"Crescente";"Céu Claro";"Dupla";"Reta";"Não";1;0;1;0;0;0;1;1;-19,96825;-44,198708;"SPRF-MG";"DEL01-MG";"UOP03-DEL01-MG"
207576;2019-05-06;"segunda-feira";"06:31:00";"SP";116;222;"GUARULHOS";"Não guardar distância de segurança";"Colisão lateral";"Com Vítimas Feridas";"Amanhecer";"Crescente";"Céu Claro";"Múltipla";"Reta";"Sim";3;0;2;0;1;0;2;2;-23,47093408;-46,51631097;"SPRF-SP";"DEL01-SP";"UOP01-DEL01-SP"
207579;2019-04-24;"quarta-feira";"08:25:00";"PR";369;161,8;"CAMBE";"Falta de Atenção à Condução";"Colisão traseira";"Com Vítimas Feridas";"Pleno dia";"Crescente";"Céu Claro";"Dupla";"Reta";"Sim";2;0;0;1;1;0;1;2;-23,29672336;-51,27582729;"SPRF-PR";"DEL07-PR";"UOP01-DEL07-PR"
207581;2019-05-06;"segunda-feira";"06:30:00";"ES";101;127;"SOORETAMA";"Desobediência às normas de trânsito pelo condutor";"Colisão transversal";"Com Vítimas Feridas";"Pleno dia";"Crescente";"Céu Claro";"Simples";"Aclive";"Sim";3;0;1;0;2;0;1;2;-19,202898;-40,095524;"SPRF-ES";"DEL04-ES";"UOP01-DEL04-ES"
207582;2019-05-05;"domingo";"20:20:00";"BA";116;514;"FEIRA DE SANTANA";"Ingestão de Álcool";"Colisão traseira";"Sem Vítimas";"Plena Noite";"Decrescente";"Céu Claro";"Simples";"Reta";"Sim";2;0;0;0;2;0;0;2;-12,2337263;-38,94731306;"SPRF-BA";"DEL03-BA";"UOP02-DEL03-BA"
207587;2019-05-05;"domingo";"21:10:00";"PR";376;3;"APUCARANA";"Desobediência às normas de trânsito pelo condutor";"Colisão transversal";"Com Vítimas Feridas";"Pleno dia";"Decrescente";"Céu Claro";"Simples";"Interseção de Vias";"Sim";2;0;0;1;1;0;1;2;-23,55862656;-51,44019037;"SPRF-PR";"DEL07-PR";"UOP03-DEL07-PR"
207588;2019-05-06;"segunda-feira";"06:35:00";"SP";153;30,1;"NOVA GRANADA";"Desobediência às normas de trânsito pelo condutor";"Colisão transversal";"Com Vítimas Feridas";"Pleno dia";"Crescente";"Céu Claro";"Simples";"Interseção de Vias";"Sim";3;0;1;0;2;0;1;2;-20,53857207;-49,33057559;"SPRF-SP";"DEL09-SP";"UOP01-DEL09-SP"
207590;2019-05-06;"segunda-feira";"07:15:00";"SC";101;200;"SAO JOSE";"Falta de Atenção à Condução";"Colisão traseira";"Com Vítimas Feridas";"Pleno dia";"Crescente";"Céu Claro";"Múltipla";"Reta";"Não";2;0;1;0;1;0;1;2;-27,54018513;-48,62287714;"SPRF-SC";"DEL01-SC";"UOP01-DEL01-SC"
207591;2019-05-06;"segunda-feira";"07:40:00";"PE";101;98;"CABO DE SANTO AGOSTINHO";"Falta de Atenção à Condução";"Colisão traseira";"Sem Vítimas";"Pleno dia";"Crescente";"Céu Claro";"Dupla";"Retorno Regulamentado";"Sim";2;0;0;0;2;0;0;2;-8,25653422;-35,03811793;"SPRF-PE";"DEL01-PE";"UOP03-DEL01-PE"
207592;2019-05-06;"segunda-feira";"07:50:00";"ES";101;0,9;"SERRA";"Desobediência às normas de trânsito pelo condutor";"Colisão lateral";"Com Vítimas Feridas";"Pleno dia";"Crescente";"Sol";"Dupla";"Reta";"Sim";2;0;1;0;1;0;1;2;-20,24157129;-40,28058834;"SPRF-ES";"DEL02-ES";"UOP01-DEL02-ES"
207593;2019-05-06;"segunda-feira";"05:40:00";"AM";174;910;"MANAUS";"Falta de Atenção à Condução";"Capotamento";"Com Vítimas Feridas";"Amanhecer";"Decrescente";"Nublado";"Simples";"Curva";"Não";2;0;1;0;1;0;1;1;-2,74460598;-60,04346489;"SPRF-AM";"DEL01-AM";"UOP01-DEL01-AM"
207596;2019-05-06;"segunda-feira";"07:40:00";"SP";116;112;"TAUBATE";"Defeito Mecânico no Veículo";"Tombamento";"Com Vítimas Feridas";"Pleno dia";"Crescente";"Céu Claro";"Dupla";"Reta";"Sim";2;0;2;0;0;0;2;1;-23,04159343;-45,57065616;"SPRF-SP";"DEL06-SP";"UOP02-DEL02-SP"
207598;2019-05-06;"segunda-feira";"01:00:00";"PR";369;411;"JURANDA";"Fenômenos da Natureza";"Incêndio";"Sem Vítimas";"Plena Noite";"Decrescente";"Céu Claro";"Simples";"Reta";"Não";1;0;0;0;0;1;0;1;-24,3419;-52,7176;"SPRF-PR";"DEL04-PR";"UOP03-DEL04-PR"