"id";"data_inversa";"dia_semana";"horario";"uf";"br";"km";"municipio";"causa_acidente";"tipo_acidente";"classificacao_acidente";"fase_dia";"sentido_via";"condicao_metereologica";"tipo_pista";"tracado_via";"uso_solo";"pessoas";"mortos";"feridos_leves";"feridos_graves";"ilesos";"ignorados";"feridos";"veiculos";"latitude";"longitude";"regional";"delegacia";"uop"
207729;2019-05-07;"terça-feira";"00:10:00";"CE";116;454,3;"BARRO";"Falta de Atenção à Condução";"Atropelamento de Pedestre";"Com Vítimas Fatais";"Plena Noite";"Decrescente";"Céu Claro";"Simples";"Reta";"Não";2;1;0;0;0;1;0;2;-7,169702;-38,780624;"SPRF-CE";"DEL05-CE";"UOP03-DEL05-CE"
207730;2019-05-06;"segunda-feira";"19:35:00";"RS";116;116;"SAO MARCOS";"Falta de Atenção à Condução";"Colisão frontal";"Sem Vítimas";"Anoitecer";"Decrescente";"Chuva";"Simples";"Reta";"Sim";2;0;0;0;2;0;0;2;-28,97609141;-51,06640231;"SPRF-RS";"DEL05-RS";"UOP01-DEL05-RS"
207734;2019-05-07;"terça-feira";"01:00:00";"RS";116;244;"SAO LEOPOLDO";"Ingestão de Álcool";"Colisão lateral";"Sem Vítimas";"Plena Noite";"Decrescente";"Céu Claro";"Múltipla";"Curva";"Sim";2;0;0;0;2;0;0;2;-29,74088003;-51,15039566;"SPRF-RS";"DEL01-RS";"UOP02-DEL01-RS"
207736;2019-02-19;"terça-feira";"18:28:00";"RO";319;58;"PORTO VELHO";"Falta de Atenção à Condução";"Queda de ocupante de veículo";"Com Vítimas Feridas";"Anoitecer";"Crescente";"Ignorado";"Dupla";"Reta";"Sim";1;0;1;0;0;0;1;1;-8,74287616;-63,90856683;"SPRF-RO";"DEL01-RO";"UOP01-DEL01-RO"
207737;2019-03-07;"quinta-feira";"18:25:00";"GO";40;5,4;"VALPARAISO DE GOIAS";"Não guardar distância de segurança";"Colisão lateral";"Com Vítimas Feridas";"Anoitecer";"Decrescente";"Nublado";"Dupla";"Reta";"Sim";2;0;0;1;0;1;1;2;-16,093134;-47,982236;"SPRF-DF";"DEL01-DF";"UOP01-DEL01-DF"
207738;2019-05-06;"segunda-feira";"20:30:00";"MG";116;805,2;"ALEM PARAIBA";"Falta de Atenção à Condução";"Colisão transversal";"Com Vítimas Feridas";"Plena Noite";"Crescente";"Céu Claro";"Simples";"Reta";"Não";2;0;1;0;0;1;1;2;-21,79939622;-42,70870435;"SPRF-MG";"DEL07-MG";"UOP01-DEL07-MG"
207739;2019-05-07;"terça-feira";"05:50:00";"MS";60;417,9;"SIDROLANDIA";"Falta de Atenção à Condução";"Saída de leito carroçável";"Com Vítimas Feridas";"Pleno dia";"Decrescente";"Céu Claro";"Simples";"Reta";"Não";1;0;1;0;0;0;1;1;-20,89868425;-54,89451098;"SPRF-MS";"DEL01-MS";"UOP04-DEL01-MS"
207740;2019-05-07;"terça-feira";"06:55:00";"SP";153;54,5;"SAO JOSE DO RIO PRETO";"Velocidade Incompatível";"Capotamento";"Com Vítimas Feridas";"Amanhecer";"Crescente";"Sol";"Simples";"Em Obras;Reta";"Sim";1;0;1;0;0;0;1;1;-20,74488916;-49,33894564;"SPRF-SP";"DEL09-SP";"UOP01-DEL09-SP"
207742;2019-05-07;"terça-feira";"07:15:00";"DF";60;0,6;"BRASILIA";"Falta de Atenção à Condução";"Colisão traseira";"Com Vítimas Feridas";"Pleno dia";"Decrescente";"Céu Claro";"Dupla";"Reta";"Sim";3;0;2;0;1;0;2;2;-15,882499;-48,060212;"SPRF-DF";"DEL01-DF";"UOP01-DEL03-DF"
207743;2019-05-07;"terça-feira";"06:40:00";"RJ";40;36,9;"AREAL";"Falta de Atenção à Condução";"Saída de leito carroçável";"Com Vítimas Feridas";"Pleno dia";"Decrescente";"Céu Claro";"Dupla";"Curva";"Não";4;0;2;0;2;0;2;1;-22,22109845;-43,12717438;"SPRF-RJ";"DEL06-RJ";"UOP02-DEL05-RJ"
207744;2019-05-07;"terça-feira";"07:20:00";"RS";386;343,8;"LAJEADO";"Não guardar distância de segurança";"Colisão traseira";"Com Vítimas Feridas";"Pleno dia";"Crescente";"Nublado";"Simples";"Reta";"Sim";3;0;1;0;2;0;1;2;-29,44402627;-51,98181152;"SPRF-RS";"DEL04-RS";"UOP01-DEL04-RS"
207747;2019-05-07;"terça-feira";"06:30:00";"ES";101;267,5;"SERRA";"Não guardar distância de segurança";"Tombamento";"Com Vítimas Feridas";"Pleno dia";"Crescente";"Céu Claro";"Dupla";"Reta";"Sim";1;0;1;0;0;0;1;1;-20,20761056;-40,26884079;"SPRF-ES";"DEL02-ES";"UOP01-DEL02-ES"
207748;2019-04-05;"sexta-feira";"06:37:00";"ES";262;2,7;"CARIACICA";"Falta de Atenção à Condução";"Colisão traseira";"Com Vítimas Feridas";"Pleno dia";"Crescente";"Céu Claro";"Dupla";"Reta";"Sim";2;0;1;0;1;0;1;2;-20,33204193;-40,36678433;"SPRF-ES";"DEL01-ES";"UOP01-DEL01-ES"
207749;2019-05-07;"terça-feira";"07:08:00";"PE";428;186;"PETROLINA";"Ultrapassagem Indevida";"Colisão transversal";"Com Vítimas Feridas";"Pleno dia";"Decrescente";"Céu Claro";"Simples";"Reta";"Sim";2;0;0;1;1;0;1;2;-9,34807826;-40,47441248;"SPRF-PE";"DEL06-PE";"UOP01-DEL06-PE"
207750;2019-05-07;"terça-feira";"07:50:00";"PR";277;584,5;"CASCAVEL";"Não guardar distância de segurança";"Colisão traseira";"Com Vítimas Feridas";"Pleno dia";"Decrescente";"Céu Claro";"Simples";"Curva";"Sim";2;0;2;0;0;0;2;2;-24,96684176;-53,40258186;"SPRF-PR";"DEL04-PR";"UOP01-DEL04-PR"
207752;2019-05-07;"terça-feira";"07:20:00";"RJ";116;164;"RIO DE JANEIRO";"Não guardar distância de segurança";"Queda de ocupante de veículo";"Com Vítimas Feridas";"Pleno dia";"Decrescente";"Céu Claro";"Múltipla";"Reta";"Sim";1;0;1;0;0;0;1;1;-22,81512172;-43,32747857;"SPRF-RJ";"DEL01-RJ";"UOP02-DEL01-RJ"
207754;2019-05-07;"terça-feira";"08:00:00";"MG";381;487,9;"BETIM";"Falta de Atenção à Condução";"Tombamento";"Com Vítimas Feridas";"Pleno dia";"Decrescente";"Céu Claro";"Múltipla";"Reta";"Sim";1;0;0;1;0;0;1;1;-19,95586853;-44,14609501;"SPRF-MG";"DEL01-MG";"UOP03-DEL01-MG"
207755;2019-05-07;"terça-feira";"07:45:00";"PR";376;249,5;"APUCARANA";"Mal Súbito";"Saída de leito carroçável";"Com Vítimas Feridas";"Pleno dia";"Crescente";"Céu Claro";"Múltipla";"Declive;Interseção de Vias;Curva";"Não";4;0;3;0;1;0;3;1;-23,62524965;-51,37962593;"SPRF-PR";"DEL07-PR";"UOP03-DEL07-PR"
207757;2019-05-07;"terça-feira";"07:20:00";"RO";364;710;"PORTO VELHO";"Não guardar distância de segurança";"Colisão traseira";"Com Vítimas Feridas";"Pleno dia";"Crescente";"Sol";"Dupla";"Reta";"Sim";2;0;1;0;1;0;1;2;-8,78621576;-63,85712687;"SPRF-RO";"DEL01-RO";"UOP01-DEL01-RO"
207758;2019-05-07;"terça-feira";"08:10:00";"BA";110;334,5;"ALAGOINHAS";"Falta de Atenção à Condução";"Colisão lateral";"Sem Vítimas";"Pleno dia";"Crescente";"Nublado";"Dupla";"Rotatória";"Sim";2;0;0;0;2;0;0;2;-12,15968588;-38,41169408;"SPRF-BA";"DEL01-BA";"UOP04-DEL01-BA"
207759;2019-05-07;"terça-feira";"08:15:00";"SC";282;58,3;"RANCHO QUEIMADO";"Falta de Atenção à Condução";"Colisão transversal";"Com Vítimas Feridas";"Pleno dia";"Decrescente";"Nublado";"Simples";"Interseção de Vias";"Não";4;0;2;0;2;0;2;2;-27,68081086;-49,00601864;"SPRF-SC";"DEL01-SC";"UOP03-DEL01-SC"
207761;2019-05-07;"terça-feira";"08:30:00";"ES";101;268;"SERRA";"Desobediência às normas de trânsito pelo condutor";"Atropelamento de Pedestre";"Com Vítimas Feridas";"Pleno dia";"Crescente";"Céu Claro";"Dupla";"Reta";"Sim";3;0;2;0;1;0;2;3;-20,20842;-40,269405;"SPRF-ES";"DEL02-ES";"UOP01-DEL02-ES"
207762;2019-05-07;"terça-feira";"08:00:00";"SC";101;214,7;"SAO JOSE";"Não guardar distância de segurança";"Colisão traseira";"Com Vítimas Feridas";"Pleno dia";"Crescente";"Nublado";"Dupla";"Reta";"Sim";2;0;1;1;0;0;2;2;-27,64443;-48,67057;"SPRF-SC";"DEL01-SC";"UOP02-DEL01-SC"
207763;2019-05-07;"terça-feira";"08:35:00";"MG";365;622;"UBERLANDIA";"Falta de Atenção à Condução";"Engavetamento";"Com Vítimas Feridas";"Pleno dia";"Crescente";"Céu Claro";"Dupla";"Reta";"Sim";4;0;2;0;2;0;2;4;-18,89915088;-48,2728529;"SPRF-MG";"DEL15-MG";"UOP01-DEL15-MG"
207764;2019-05-07;"terça-feira";"09:00:00";"ES";101;68;"SAO MATEUS";"Falta de Atenção à Condução";"Engavetamento";"Com Vítimas Feridas";"Pleno dia";"Decrescente";"Céu Claro";"Dupla";"Reta";"Sim";4;0;1;0;3;0;1;3;-18,726597;-39,85975;"SPRF-ES";"DEL04-ES";"UOP02-DEL04-ES"
207765;2019-04-28;"domingo";"19:10:00";"RN";427;21,9;"ACARI";"Falta de Atenção à Condução";"Colisão com objeto estático";"Com Vítimas Feridas";"Plena Noite";"Crescente";"Chuva";"Simples";"Declive";"Não";1;0;1;0;0;0;1;1;-6,38169901;-36,62539197;"SPRF-RN";"DEL03-RN";"UOP02-DEL03-RN"
207766;2019-05-07;"terça-feira";"09:40:00";"PR";277;650;"MATELANDIA";"Falta de Atenção à Condução";"Colisão transversal";"Com Vítimas Feridas";"Pleno dia";"Crescente";"Céu Claro";"Simples";"Interseção de Vias";"Sim";3;0;0;2;1;0;2;2;-25,19035881;-53,93738222;"SPRF-PR";"DEL05-PR";"UOP02-DEL05-PR"
207767;2019-05-07;"terça-feira";"09:10:00";"RJ";40;78;"PETROPOLIS";"Pista Escorregadia";"Colisão com objeto estático";"Com Vítimas Feridas";"Pleno dia";"Crescente";"Garoa/Chuvisco";"Simples";"Curva";"Não";3;0;2;0;1;0;2;1;-22,48485874;-43,22843406;"SPRF-RJ";"DEL06-RJ";"UOP01-DEL06-RJ"
207769;2019-05-07;"terça-feira";"09:15:00";"PB";101;82,8;"BAYEUX";"Falta de Atenção à Condução";"Colisão traseira";"Sem Vítimas";"Pleno dia";"Crescente";"Chuva";"Dupla";"Viaduto";"Sim";3;0;0;0;3;0;0;2;-7,12911;-34,93714;"SPRF-PB";"DEL01-PB";"UOP01-DEL01-PB"
207770;2019-05-07;"terça-feira";"09:30:00";"PE";101;2;"GOIANA";"Não guardar distância de segurança";"Capotamento";"Com Vítimas Feridas";"Pleno dia";"Decrescente";"Nublado";"Simples";"Reta";"Não";1;0;1;0;0;0;1;1;-7,51675334;-34,99198357;"SPRF-PE";"DEL01-PE";"UOP02-DEL01-PE"
207771;2019-02-24;"domingo";"15:14:00";"RJ";101;329;"RIO DE JANEIRO";"Ingestão de Álcool";"Colisão traseira";"Sem Vítimas";"Pleno dia";"Decrescente";"Céu Claro";"Dupla";"Aclive";"Não";3;0;0;0;3;0;0;2;-22,869379;-43,175808;"SPRF-RJ";"DEL02-RJ";"UOP02-DEL02-RJ"
207773;2019-05-07;"terça-feira";"07:30:00";"MG";40;522,8;"CONTAGEM";"Desobediência às normas de trânsito pelo condutor";"Queda de ocupante de veículo";"Com Vítimas Feridas";"Pleno dia";"Crescente";"Sol";"Dupla";"Reta";"Não";2;0;1;0;1;0;1;2;-19,8638731;-44,06749809;"SPRF-MG";"DEL01-MG";"UOP02-DEL01-MG"
207776;2019-05-07;"terça-feira";"09:20:00";"RS";386;438;"NOVA SANTA RITA";"Falta de Atenção à Condução";"Colisão traseira";"Com Vítimas Feridas";"Pleno dia";"Crescente";"Céu Claro";"Dupla";"Curva";"Sim";5;0;2;0;3;0;2;4;-29,863266;-51,252903;"SPRF-RS";"DEL04-RS";"UOP02-DEL04-RS"
207777;2019-04-15;"segunda-feira";"18:44:00";"RJ";116;53;"TERESOPOLIS";"Falta de Atenção à Condução";"Colisão lateral";"Sem Vítimas";"Plena Noite";"Decrescente";"Céu Claro";"Simples";"Reta";"Não";2;0;0;0;2;0;0;2;-22,20155087;-42,87148476;"SPRF-RJ";"DEL04-RJ";"UOP01-DEL04-RJ"
207779;2019-05-07;"terça-feira";"10:10:00";"MG";50;39;"ARAGUARI";"Falta de Atenção à Condução";"Colisão traseira";"Com Vítimas Feridas";"Pleno dia";"Decrescente";"Céu Claro";"Dupla";"Viaduto;Curva";"Sim";2;0;2;0;0;0;2;1;-18,66594982;-48,17302108;"SPRF-MG";"DEL15-MG";"UOP02-DEL15-MG"
207782;2019-05-07;"terça-feira";"09:27:00";"RO";364;344,9;"JI-PARANA";"Desobediência às normas de trânsito pelo condutor";"Colisão lateral";"Sem Vítimas";"Pleno dia";"Crescente";"Céu Claro";"Múltipla";"Retorno Regulamentado";"Sim";2;0;0;0;2;0;0;2;-10,87376391;-61,95256893;"SPRF-RO";"DEL02-RO";"UOP01-DEL02-RO"
207783;2019-05-07;"terça-feira";"08:40:00";"SC";163;115;"GUARUJA DO SUL";"Ultrapassagem Indevida";"Saída de leito carroçável";"Com Vítimas Feridas";"Pleno dia";"Crescente";"Céu Claro";"Simples";"Declive";"Não";2;0;0;1;1;0;1;1;-26,376165;-53,5287321;"SPRF-SC";"DEL07-SC";"UOP04-DEL07-SC"
207785;2019-05-07;"terça-feira";"09:55:00";"SC";101;26,2;"JOINVILLE";"Defeito Mecânico no Veículo";"Tombamento";"Com Vítimas Feridas";"Pleno dia";"Decrescente";"Chuva";"Dupla";"Reta";"Sim";1;0;1;0;0;0;1;1;-26,19234802;-48,91210384;"SPRF-SC";"DEL03-SC";"UOP01-DEL03-SC"
207786;2019-05-07;"terça-feira";"11:00:00";"MG";116;275,5;"TEOFILO OTONI";"Falta de Atenção do Pedestre";"Atropelamento de Pedestre";"Com Vítimas Feridas";"Pleno dia";"Crescente";"Céu Claro";"Simples";"Curva";"Sim";2;0;1;1;0;0;2;2;-17,84235093;-41,51410418;"SPRF-MG";"DEL11-MG";"UOP01-DEL11-MG"
207787;2019-05-03;"sexta-feira";"22:25:00";"MG";40;519;"CONTAGEM";"Ingestão de álcool e/ou substâncias psicoativas pelo pedestre";"Atropelamento de Pedestre";"Com Vítimas Feridas";"Plena Noite";"Decrescente";"Céu Claro";"Dupla";"Reta";"Não";3;0;0;1;1;1;1;2;-19,83957589;-44,07684485;"SPRF-MG";"DEL01-MG";"UOP02-DEL01-MG"
207788;2019-05-07;"terça-feira";"10:20:00";"SP";153;191;"GETULINA";"Falta de Atenção à Condução";"Capotamento";"Com Vítimas Feridas";"Pleno dia";"Decrescente";"Céu Claro";"Simples";"Reta";"Não";1;0;1;0;0;0;1;1;-21,7498596;-49,86578427;"SPRF-SP";"DEL07-SP";"UOP01-DEL07-SP"
207790;2019-04-25;"quinta-feira";"18:15:00";"MG";365;448,2;"PATROCINIO";"Falta de Atenção à Condução";"Colisão transversal";"Com Vítimas Feridas";"Anoitecer";"Decrescente";"Garoa/Chuvisco";"Simples";"Reta;Declive";"Não";2;0;0;1;0;1;1;2;-18,83225624;-46,82420254;"SPRF-MG";"DEL10-MG";"UOP01-DEL10-MG"
207791;2019-05-07;"terça-feira";"11:15:00";"PR";376;176,8;"MARINGA";"Falta de Atenção à Condução";"Colisão transversal";"Com Vítimas Feridas";"Pleno dia";"Crescente";"Sol";"Múltipla";"Interseção de Vias";"Sim";2;0;1;0;0;1;1;2;-23,41269173;-51,93158327;"SPRF-PR";"DEL07-PR";"UOP01-DEL09-PR"
207794;2019-05-07;"terça-feira";"12:10:00";"SP";116;223,6;"GUARULHOS";"Não guardar distância de segurança";"Colisão lateral";"Com Vítimas Feridas";"Pleno dia";"Crescente";"Nublado";"Múltipla";"Reta";"Sim";2;0;1;0;0;1;1;2;-23,47511984;-46,52470708;"SPRF-SP";"DEL01-SP";"UOP01-DEL01-SP"
207796;2019-05-07;"terça-feira";"11:50:00";"ES";101;68;"SAO MATEUS";"Desobediência às normas de trânsito pelo condutor";"Colisão transversal";"Com Vítimas Feridas";"Pleno dia";"Decrescente";"Céu Claro";"Dupla";"Interseção de Vias";"Sim";2;0;0;1;1;0;1;2;-18,726597;-39,85975;"SPRF-ES";"DEL04-ES";"UOP02-DEL04-ES"
207797;2019-05-07;"terça-feira";"11:40:00";"SC";101;333,5;"TUBARAO";"Falta de Atenção à Condução";"Colisão transversal";"Com Vítimas Feridas";"Pleno dia";"Crescente";"Nublado";"Múltipla";"Reta";"Sim";2;0;0;1;1;0;1;2;-28,46630107;-48,99653096;"SPRF-SC";"DEL02-SC";"UOP01-DEL02-SC"
207799;2019-05-07;"terça-feira";"12:30:00";"PB";230;432,7;"POMBAL";"Velocidade Incompatível";"Saída de leito carroçável";"Com Vítimas Feridas";"Pleno dia";"Decrescente";"Céu Claro";"Simples";"Declive";"Não";2;0;0;1;0;1;1;2;-6,7447;-37,9609;"SPRF-PB";"DEL03-PB";"UOP02-DEL03-PB"
207800;2019-05-07;"terça-feira";"12:30:00";"SP";116;210,3;"GUARULHOS";"Velocidade Incompatível";"Capotamento";"Com Vítimas Feridas";"Pleno dia";"Decrescente";"Sol";"Múltipla";"Reta";"Não";2;0;1;0;1;0;1;1;-23,42870023;-46,41085991;"SPRF-SP";"DEL01-SP";"UOP01-DEL01-SP"
207802;2019-05-07;"terça-feira";"11:50:00";"PR";369;186;"ARAPONGAS";"Não guardar distância de segurança";"Colisão transversal";"Com Vítimas Feridas";"Pleno dia";"Crescente";"Nublado";"Simples";"Reta;Interseção de Vias";"Sim";2;0;1;0;1;0;1;2;-23,41550086;-51,42714679;"SPRF-PR";"DEL07-PR";"UOP03-DEL07-PR"
207804;2019-05-07;"terça-feira";"13:15:00";"SC";101;213,7;"PALHOCA";"Desobediência às normas de trânsito pelo condutor";"Tombamento";"Com Vítimas Feridas";"Pleno dia";"Decrescente";"Nublado";"Dupla";"Reta";"Sim";2;0;1;0;1;0;1;2;-27,63697369;-48,66514142;"SPRF-SC";"DEL01-SC";"UOP02-DEL01-SC"
207805;2019-02-15;"sexta-feira";"10:10:00";"PI";343;568;"FLORIANO";"Ultrapassagem Indevida";"Saída de leito carroçável";"Com Vítimas Feridas";"Pleno dia";"Crescente";"Ignorado";"Simples";"Reta";"Não";2;0;1;0;0;1;1;2;-6,716117;-42,92231;"SPRF-PI";"DEL03-PI";"UOP01-DEL03-PI"
207806;2019-05-07;"terça-feira";"12:30:00";"RJ";116;305;"RESENDE";"Desobediência às normas de trânsito pelo condutor";"Colisão lateral";"Com Vítimas Feridas";"Pleno dia";"Crescente";"Sol";"Simples";"Reta";"Sim";2;0;1;0;1;0;1;2;-22,45573779;-44,39454802;"SPRF-RJ";"DEL07-RJ";"DEL5/7-UOP03/RJ"
207809;2019-05-07;"terça-feira";"12:00:00";"SP";116;408;"JUQUIA";"Desobediência às normas de trânsito pelo condutor";"Colisão transversal";"Com Vítimas Feridas";"Pleno dia";"Crescente";"Nublado";"Dupla";"Rotatória";"Não";3;0;2;0;1;0;2;2;-24,32873462;-47,57541707;"SPRF-SP";"DEL05-SP";"UOP01-DEL05-SP"
207811;2019-05-07;"terça-feira";"06:31:00";"RJ";101;324;"NITEROI";"Falta de Atenção à Condução";"Queda de ocupante de veículo";"Com Vítimas Feridas";"Amanhecer";"Crescente";"Garoa/Chuvisco";"Dupla";"Reta";"Não";1;0;1;0;0;0;1;1;-22,87381074;-43,12640997;"SPRF-RJ";"DEL02-RJ";"UOP02-DEL02-RJ"
207813;2019-05-07;"terça-feira";"07:54:00";"RJ";101;329;"RIO DE JANEIRO";"Falta de Atenção à Condução";"Queda de ocupante de veículo";"Com Vítimas Feridas";"Pleno dia";"Crescente";"Garoa/Chuvisco";"Dupla";"Reta";"Não";1;0;1;0;0;0;1;1;-22,86939305;-43,175642;"SPRF-RJ";"DEL02-RJ";"UOP02-DEL02-RJ"
207816;2019-05-07;"terça-feira";"13:50:00";"BA";116;824;"VITORIA DA CONQUISTA";"Falta de Atenção à Condução";"Colisão lateral";"Com Vítimas Feridas";"Pleno dia";"Crescente";"Sol";"Dupla";"Reta";"Sim";2;0;1;0;1;0;1;2;-14,8123436;-40,7971192;"SPRF-BA";"DEL08-BA";"UOP01-DEL08-BA"
207817;2019-05-07;"terça-feira";"12:25:00";"AC";364;122;"RIO BRANCO";"Falta de Atenção à Condução";"Atropelamento de Pedestre";"Com Vítimas Feridas";"Pleno dia";"Decrescente";"Sol";"Dupla";"Reta";"Sim";2;0;0;1;1;0;1;2;-10,01188291;-67,773345;"SPRF-AC";"DEL01-AC";"UOP01-DEL01-AC"
207818;2019-05-07;"terça-feira";"14:10:00";"RS";285;37,7;"BOM JESUS";"Velocidade Incompatível";"Saída de leito carroçável";"Com Vítimas Feridas";"Pleno dia";"Decrescente";"Nublado";"Simples";"Declive;Reta";"Não";3;0;1;0;2;0;1;1;-28,700665;-50,232132;"SPRF-RS";"DEL05-RS";"UOP03-DEL05-RS"
207819;2019-05-07;"terça-feira";"13:30:00";"RJ";101;487,6;"ANGRA DOS REIS";"Falta de Atenção à Condução";"Colisão traseira";"Com Vítimas Feridas";"Pleno dia";"Decrescente";"Céu Claro";"Simples";"Reta";"Sim";3;0;2;0;1;0;2;3;-22,96828891;-44,29864663;"SPRF-RJ";"DEL03-RJ";"UOP03-DEL03-RJ"
207821;2019-05-07;"terça-feira";"13:55:00";"PR";277;27;"MORRETES";"Falta de Atenção à Condução";"Capotamento";"Com Vítimas Feridas";"Pleno dia";"Crescente";"Chuva";"Dupla";"Curva";"Não";2;0;0;1;1;0;1;1;-25,52935033;-48,72534598;"SPRF-PR";"DEL01-PR";"UOP05-DEL01-PR"
207822;2019-05-07;"terça-feira";"11:50:00";"GO";50;280,5;"CATALAO";"Falta de Atenção à Condução";"Colisão transversal";"Com Vítimas Feridas";"Pleno dia";"Crescente";"Céu Claro";"Dupla";"Reta";"Sim";3;0;1;0;2;0;1;2;-18,1824693;-47,9411602;"SPRF-GO";"DEL06-GO";"UOP01-DEL06-GO"
207824;2019-05-07;"terça-feira";"14:00:00";"RJ";116;329,8;"RESENDE";"Animais na Pista";"Atropelamento de Animal";"Com Vítimas Feridas";"Pleno dia";"Decrescente";"Sol";"Dupla";"Reta";"Não";2;0;2;0;0;0;2;1;-22,50466912;-44,606568;"SPRF-RJ";"DEL07-RJ";"DEL5/7-UOP03/RJ"
207825;2019-05-07;"terça-feira";"14:45:00";"BA";135;205,2;"SAO DESIDERIO";"Falta de Atenção à Condução";"Colisão transversal";"Com Vítimas Feridas";"Pleno dia";"Crescente";"Sol";"Simples";"Reta";"Sim";2;0;1;0;1;0;1;2;-12,35482255;-44,98527479;"SPRF-BA";"DEL10-BA";"UOP01-DEL10-BA"
207826;2019-05-07;"terça-feira";"14:20:00";"PE";232;508,3;"SALGUEIRO";"Falta de Atenção à Condução";"Colisão lateral";"Com Vítimas Feridas";"Pleno dia";"Decrescente";"Céu Claro";"Simples";"Reta";"Sim";2;0;1;0;1;0;1;2;-8,0628945;-39,12391305;"SPRF-PE";"DEL05-PE";"UOP01-DEL05-PE"
207827;2019-05-07;"terça-feira";"14:20:00";"MS";163;260,1;"DOURADOS";"Falta de Atenção à Condução";"Tombamento";"Com Vítimas Feridas";"Pleno dia";"Decrescente";"Sol";"Dupla";"Reta";"Sim";1;0;0;1;0;0;1;1;-22,24489388;-54,77203018;"SPRF-MS";"DEL04-MS";"UOP01-DEL04-MS"
207829;2019-05-07;"terça-feira";"15:25:00";"RS";290;77,8;"GRAVATAI";"Falta de Atenção à Condução";"Colisão transversal";"Com Vítimas Feridas";"Pleno dia";"Crescente";"Sol";"Múltipla";"Reta";"Sim";3;0;1;0;2;0;1;2;-29,95512976;-51,02825403;"SPRF-RS";"DEL01-RS";"UOP01-DEL01-RS"
207830;2019-05-07;"terça-feira";"14:00:00";"PB";104;109,9;"LAGOA SECA";"Não guardar distância de segurança";"Colisão traseira";"Com Vítimas Feridas";"Pleno dia";"Crescente";"Céu Claro";"Simples";"Declive";"Não";4;0;3;0;0;1;3;2;-7,11997886;-35,86414665;"SPRF-PB";"DEL02-PB";"UOP04-DEL02-PB"
207831;2019-05-07;"terça-feira";"15:40:00";"RJ";40;113;"DUQUE DE CAXIAS";"Pista Escorregadia";"Queda de ocupante de veículo";"Com Vítimas Feridas";"Pleno dia";"Crescente";"Nublado";"Múltipla";"Curva";"Sim";2;0;2;0;0;0;2;1;-22,70948502;-43,29040354;"SPRF-RJ";"DEL01-RJ";"UOP01-DEL01-RJ"
207833;2019-05-07;"terça-feira";"15:50:00";"MG";40;449;"CAETANOPOLIS";"Não guardar distância de segurança";"Colisão lateral";"Com Vítimas Feridas";"Pleno dia";"Crescente";"Céu Claro";"Dupla";"Reta";"Não";2;0;1;0;1;0;1;2;-19,30931885;-44,37278577;"SPRF-MG";"DEL02-MG";"UOP01-DEL02-MG"
207834;2019-05-07;"terça-feira";"12:30:00";"SC";282;506,1;"XANXERE";"Defeito Mecânico no Veículo";"Saída de leito carroçável";"Com Vítimas Fatais";"Pleno dia";"Crescente";"Sol";"Dupla";"Reta";"Não";4;1;3;0;0;0;3;1;-26,885712;-52,42907;"SPRF-SC";"DEL07-SC";"UOP01-DEL07-SC"
207835;2019-05-07;"terça-feira";"15:20:00";"PB";230;14;"CABEDELO";"Não guardar distância de segurança";"Colisão traseira";"Com Vítimas Feridas";"Pleno dia";"Decrescente";"Nublado";"Múltipla";"Interseção de Vias;Reta";"Sim";2;0;1;0;1;0;1;2;-7,0844;-34,8488;"SPRF-PB";"DEL01-PB";"UOP01-DEL01-PB"
207836;2019-05-07;"terça-feira";"11:00:00";"SC";163;108,3;"GUARUJA DO SUL";"Animais na Pista";"Atropelamento de Animal";"Com Vítimas Feridas";"Pleno dia";"Crescente";"Céu Claro";"Simples";"Curva";"Não";1;0;0;1;0;0;1;1;-26,40598771;-53,52415681;"SPRF-SC";"DEL07-SC";"UOP04-DEL07-SC"
207838;2019-05-07;"terça-feira";"16:00:00";"PR";277;75;"SAO JOSE DOS PINHAIS";"Mal Súbito";"Colisão lateral";"Com Vítimas Feridas";"Pleno dia";"Decrescente";"Nublado";"Dupla";"Reta";"Não";3;0;1;0;2;0;1;3;-25,51327981;-49,12433291;"SPRF-PR";"DEL01-PR";"UOP01-DEL01-PR"
207840;2019-05-07;"terça-feira";"16:00:00";"RO";364;344,5;"JI-PARANA";"Falta de Atenção do Pedestre";"Atropelamento de Pedestre";"Com Vítimas Feridas";"Pleno dia";"Decrescente";"Céu Claro";"Dupla";"Reta";"Sim";2;0;2;0;0;0;2;2;-10,87376391;-61,95256893;"SPRF-RO";"DEL02-RO";"UOP01-DEL02-RO"
207841;2019-05-07;"terça-feira";"16:00:00";"RJ";101;112;"CAMPOS DOS GOYTACAZES";"Falta de Atenção à Condução";"Queda de ocupante de veículo";"Com Vítimas Feridas";"Pleno dia";"Decrescente";"Nublado";"Dupla";"Reta";"Não";1;0;1;0;0;0;1;1;-21,97039604;-41,65213965;"SPRF-RJ";"DEL08-RJ";"UOP02-DEL08-RJ"
207842;2019-05-07;"terça-feira";"17:10:00";"PA";163;1001,8;"SANTAREM";"Falta de Atenção à Condução";"Colisão transversal";"Com Vítimas Feridas";"Pleno dia";"Crescente";"Céu Claro";"Simples";"Interseção de Vias";"Sim";2;0;0;1;1;0;1;2;-2,45592795;-54,7285882;"SPRF-PA";"DEL05-PA";"UOP01-DEL05-PA"