"id";"data_inversa";"dia_semana";"horario";"uf";"br";"km";"municipio";"causa_acidente";"tipo_acidente";"classificacao_acidente";"fase_dia";"sentido_via";"condicao_metereologica";"tipo_pista";"tracado_via";"uso_solo";"pessoas";"mortos";"feridos_leves";"feridos_graves";"ilesos";"ignorados";"feridos";"veiculos";"latitude";"longitude";"regional";"delegacia";"uop"
207955;2019-05-08;"quarta-feira";"07:20:00";"MT";174;574;"COMODORO";"Defeito na Via";"Saída de leito carroçável";"Com Vítimas Feridas";"Pleno dia";"Decrescente";"Céu Claro";"Simples";"Reta";"Não";3;0;1;0;2;0;1;1;-12,9980196;-59,9851438;"SPRF-RO";"DEL04-RO";"UOP01-DEL04-RO"
207958;2019-05-08;"quarta-feira";"10:00:00";"SC";101;206;"SAO JOSE";"Falta de Atenção à Condução";"Colisão traseira";"Com Vítimas Feridas";"Pleno dia";"Decrescente";"Céu Claro";"Múltipla";"Reta";"Sim";2;0;1;0;1;0;1;2;-27,59193546;-48,61824557;"SPRF-SC";"DEL01-SC";"UOP01-DEL01-SC"
207959;2019-04-15;"segunda-feira";"18:30:00";"MS";262;388;"TERENOS";"Falta de Atenção do Pedestre";"Atropelamento de Pedestre";"Com Vítimas Feridas";"Plena Noite";"Decrescente";"Céu Claro";"Simples";"Reta";"Não";2;0;1;1;0;0;2;2;-20,42739516;-54,93946652;"SPRF-MS";"DEL01-MS";"UOP03-DEL01-MS"
207962;2019-05-08;"quarta-feira";"07:30:00";"RN";405;137,3;"SAO FRANCISCO DO OESTE";"Desobediência às normas de trânsito pelo pedestre";"Saída de leito carroçável";"Com Vítimas Feridas";"Pleno dia";"Crescente";"Céu Claro";"Simples";"Reta";"Sim";3;0;1;0;0;2;1;2;-6,00131092;-38,16806707;"SPRF-RN";"DEL04-RN";"UOP02-DEL04-RN"
207966;2019-05-08;"quarta-feira";"09:53:00";"MT";364;397;"SANTO ANTONIO DO LEVERGER";"Falta de Atenção à Condução";"Colisão lateral";"Com Vítimas Feridas";"Pleno dia";"Decrescente";"Céu Claro";"Simples";"Reta";"Não";2;0;1;0;1;0;1;2;-15,68642489;-55,91347495;"SPRF-MT";"DEL02-MT";"UOP02-DEL01-MT"
207972;2019-05-08;"quarta-feira";"11:25:00";"PE";104;59,5;"CARUARU";"Não guardar distância de segurança";"Colisão traseira";"Com Vítimas Feridas";"Pleno dia";"Decrescente";"Nublado";"Dupla";"Reta";"Sim";2;0;1;0;1;0;1;2;-8,2529;-35,9751;"SPRF-PE";"DEL02-PE";"UOP01-DEL02-PE"
207975;2019-05-08;"quarta-feira";"11:40:00";"MG";381;529,3;"BRUMADINHO";"Velocidade Incompatível";"Saída de leito carroçável";"Com Vítimas Feridas";"Pleno dia";"Decrescente";"Céu Claro";"Dupla";"Curva";"Não";1;0;1;0;0;0;1;1;-20,16619722;-44,36914378;"SPRF-MG";"DEL04-MG";"UOP03-DEL04-MG"
207981;2019-05-08;"quarta-feira";"12:20:00";"SC";101;207,8;"SAO JOSE";"Falta de Atenção à Condução";"Colisão lateral";"Com Vítimas Feridas";"Pleno dia";"Decrescente";"Nublado";"Múltipla";"Reta";"Sim";4;0;2;0;2;0;2;2;-27,60001226;-48,6226467;"SPRF-SC";"DEL01-SC";"UOP01-DEL01-SC"
207982;2019-05-08;"quarta-feira";"12:50:00";"ES";101;287,4;"CARIACICA";"Falta de Atenção à Condução";"Colisão traseira";"Com Vítimas Feridas";"Pleno dia";"Crescente";"Nublado";"Dupla";"Reta";"Sim";2;0;1;0;1;0;1;2;-20,26493528;-40,38471702;"SPRF-ES";"DEL01-ES";"UOP01-DEL01-ES"
207983;2019-05-08;"quarta-feira";"12:20:00";"RN";101;94;"NATAL";"Não guardar distância de segurança";"Colisão traseira";"Com Vítimas Feridas";"Pleno dia";"Decrescente";"Nublado";"Dupla";"Declive";"Sim";2;0;1;0;1;0;1;2;-5,83176615;-35,21191342;"SPRF-RN";"DEL01-RN";"UOP01-DEL01-RN"
207984;2019-05-08;"quarta-feira";"11:30:00";"SC";282;479;"PINHALZINHO";"Condutor Dormindo";"Colisão lateral";"Com Vítimas Feridas";"Pleno dia";"Crescente";"Céu Claro";"Simples";"Reta";"Não";3;0;2;0;1;0;2;2;-26,8711047;-52,96045303;"SPRF-SC";"DEL07-SC";"UOP01-DEL07-SC"
207985;2019-05-08;"quarta-feira";"13:35:00";"PR";376;188,6;"MARIALVA";"Não guardar distância de segurança";"Colisão traseira";"Com Vítimas Feridas";"Pleno dia";"Crescente";"Céu Claro";"Dupla";"Reta";"Sim";2;0;1;0;1;0;1;2;-23,46634923;-51,82808011;"SPRF-PR";"DEL07-PR";"UOP01-DEL09-PR"
207986;2019-05-08;"quarta-feira";"13:00:00";"SE";101;92;"NOSSA SENHORA DO SOCORRO";"Falta de Atenção à Condução";"Saída de leito carroçável";"Sem Vítimas";"Pleno dia";"Crescente";"Sol";"Dupla";"Viaduto";"Sim";1;0;0;0;1;0;0;1;-10,90169474;-37,13619222;"SPRF-SE";"DEL01-SE";"UOP01-DEL01-SE"
207988;2019-05-08;"quarta-feira";"12:45:00";"GO";153;505,5;"APARECIDA DE GOIANIA";"Mal Súbito";"Saída de leito carroçável";"Com Vítimas Feridas";"Pleno dia";"Crescente";"Céu Claro";"Dupla";"Reta";"Sim";1;0;1;0;0;0;1;1;-16,7537;-49,2411;"SPRF-GO";"DEL01-GO";"UOP01-DEL01-GO"
207991;2019-05-08;"quarta-feira";"13:00:00";"PR";476;95;"BOCAIUVA DO SUL";"Falta de Atenção à Condução";"Colisão transversal";"Com Vítimas Feridas";"Pleno dia";"Crescente";"Nublado";"Simples";"Rotatória";"Não";2;0;2;0;0;0;2;2;-25,225365;-49,115093;"SPRF-PR";"DEL01-PR";"UOP07-DEL01-PR"
207992;2019-05-08;"quarta-feira";"13:25:00";"MG";40;562;"NOVA LIMA";"Falta de Atenção à Condução";"Saída de leito carroçável";"Com Vítimas Feridas";"Pleno dia";"Crescente";"Chuva";"Dupla";"Curva";"Sim";3;0;1;1;1;0;2;1;-20,14451602;-43,95966007;"SPRF-MG";"DEL01-MG";"UOP02-DEL01-MG"
207993;2019-03-01;"sexta-feira";"16:00:00";"BA";110;378;"CATU";"Ultrapassagem Indevida";"Queda de ocupante de veículo";"Com Vítimas Feridas";"Pleno dia";"Decrescente";"Céu Claro";"Simples";"Reta";"Não";2;0;0;1;0;1;1;2;-12,43297394;-38,47416782;"SPRF-BA";"DEL01-BA";"UOP01-DEL01-BA"
207995;2019-05-08;"quarta-feira";"13:55:00";"PR";376;198,1;"MARIALVA";"Objeto estático sobre o leito carroçável";"Queda de ocupante de veículo";"Com Vítimas Feridas";"Pleno dia";"Crescente";"Céu Claro";"Dupla";"Curva";"Não";1;0;1;0;0;0;1;1;-23,50488843;-51,74261909;"SPRF-PR";"DEL07-PR";"UOP01-DEL09-PR"
207996;2019-04-27;"sábado";"06:40:00";"MS";163;363,9;"NOVA ALVORADA DO SUL";"Falta de Atenção à Condução";"Colisão lateral";"Com Vítimas Feridas";"Pleno dia";"Decrescente";"Céu Claro";"Dupla";"Reta";"Sim";2;0;1;0;1;0;1;2;-21,48135205;-54,38904986;"SPRF-MS";"DEL02-MS";"UOP01-DEL02-MS"
207998;2019-05-08;"quarta-feira";"14:00:00";"MT";70;147,4;"GENERAL CARNEIRO";"Desobediência às normas de trânsito pelo condutor";"Colisão frontal";"Com Vítimas Fatais";"Pleno dia";"Decrescente";"Nublado";"Simples";"Reta";"Não";5;1;2;2;0;0;4;2;-15,58798236;-53,34568731;"SPRF-MT";"DEL07-MT";"UOP01-DEL07-MT"
208001;2019-05-08;"quarta-feira";"14:10:00";"GO";60;74;"ANAPOLIS";"Falta de Atenção à Condução";"Queda de ocupante de veículo";"Com Vítimas Feridas";"Pleno dia";"Decrescente";"Céu Claro";"Dupla";"Reta";"Não";1;0;1;0;0;0;1;1;-16,2759;-48,7774;"SPRF-GO";"DEL02-GO";"UOP01-DEL02-GO"
208002;2019-05-08;"quarta-feira";"11:30:00";"SC";282;527;"XAXIM";"Velocidade Incompatível";"Colisão com objeto estático";"Com Vítimas Feridas";"Pleno dia";"Crescente";"Sol";"Simples";"Curva";"Não";1;0;1;0;0;0;1;1;-26,973196;-52,583321;"SPRF-SC";"DEL07-SC";"UOP01-DEL07-SC"
208003;2019-05-08;"quarta-feira";"15:10:00";"PE";101;68,2;"RECIFE";"Falta de Atenção à Condução";"Colisão lateral";"Sem Vítimas";"Pleno dia";"Decrescente";"Céu Claro";"Múltipla";"Rotatória";"Sim";2;0;0;0;2;0;0;2;-8,05074296;-34,94580619;"SPRF-PE";"DEL01-PE";"UOP01-DEL01-PE"
208004;2019-05-08;"quarta-feira";"14:55:00";"PR";376;108,6;"PARANAVAI";"Avarias e/ou desgaste excessivo no pneu";"Queda de ocupante de veículo";"Com Vítimas Feridas";"Pleno dia";"Decrescente";"Céu Claro";"Dupla";"Reta";"Sim";1;0;1;0;0;0;1;1;-23,07130916;-52,42167929;"SPRF-PR";"DEL07-PR";"UOP02-DEL09-PR"
208005;2019-05-08;"quarta-feira";"14:10:00";"MA";316;550,7;"CAXIAS";"Desobediência às normas de trânsito pelo condutor";"Colisão transversal";"Com Vítimas Feridas";"Pleno dia";"Crescente";"Céu Claro";"Simples";"Reta";"Sim";2;0;1;1;0;0;2;2;-4,886773;-43,362507;"SPRF-MA";"DEL03-MA";"UOP02-DEL03-MA"
208006;2019-05-08;"quarta-feira";"15:20:00";"GO";153;527,9;"HIDROLANDIA";"Condutor Dormindo";"Saída de leito carroçável";"Com Vítimas Feridas";"Pleno dia";"Crescente";"Céu Claro";"Dupla";"Reta";"Não";2;0;1;0;1;0;1;1;-16,9457;-49,2511;"SPRF-GO";"DEL01-GO";"UOP03-DEL01-GO"
208008;2019-05-08;"quarta-feira";"16:12:00";"SP";381;79;"SAO PAULO";"Falta de Atenção à Condução";"Tombamento";"Com Vítimas Feridas";"Anoitecer";"Decrescente";"Céu Claro";"Dupla";"Curva";"Não";1;0;1;0;0;0;1;1;-23,40319901;-46,57564699;"SPRF-SP";"DEL03-SP";"UOP01-DEL03-SP"
208009;2019-05-08;"quarta-feira";"15:20:00";"PI";343;306,1;"ALTOS";"Falta de Atenção à Condução";"Colisão transversal";"Com Vítimas Feridas";"Pleno dia";"Decrescente";"Sol";"Simples";"Reta";"Sim";2;0;1;0;1;0;1;2;-5,03756284;-42,44774401;"SPRF-PI";"DEL01-PI";"UOP01-DEL01-PI"
208010;2019-04-18;"quinta-feira";"23:00:00";"BA";330;769;"IPIAU";"Animais na Pista";"Atropelamento de Animal";"Sem Vítimas";"Plena Noite";"Decrescente";"Ignorado";"Simples";"Reta";"Não";1;0;0;0;1;0;0;1;-14,091839;-39,78295;"SPRF-BA";"DEL03-BA";"UOP01-DEL03-BA"
208012;2019-05-08;"quarta-feira";"09:25:00";"PR";277;572,4;"CASCAVEL";"Falta de Atenção à Condução";"Colisão transversal";"Com Vítimas Feridas";"Pleno dia";"Crescente";"Céu Claro";"Simples";"Curva;Interseção de Vias";"Não";2;0;1;0;1;0;1;2;-24,99943852;-53,29639435;"SPRF-PR";"DEL04-PR";"UOP01-DEL04-PR"
208013;2019-05-08;"quarta-feira";"14:55:00";"PR";158;531;"PATO BRANCO";"Falta de Atenção à Condução";"Colisão transversal";"Com Vítimas Feridas";"Pleno dia";"Crescente";"Céu Claro";"Simples";"Rotatória";"Sim";2;0;1;0;1;0;1;2;-26,20228;-52,678215;"SPRF-PR";"DEL02-PR";"UOP01-DEL02-PR"
208016;2019-04-16;"terça-feira";"07:33:00";"PB";230;21,2;"JOAO PESSOA";"Não guardar distância de segurança";"Colisão traseira";"Com Vítimas Feridas";"Pleno dia";"Decrescente";"Céu Claro";"Dupla";"Reta";"Não";2;0;1;0;1;0;1;2;-7,1415;-34,8519;"SPRF-PB";"DEL01-PB";"UOP01-DEL01-PB"
208018;2019-05-08;"quarta-feira";"16:50:00";"PR";163;284;"MARECHAL CANDIDO RONDON";"Desobediência às normas de trânsito pelo condutor";"Colisão traseira";"Com Vítimas Feridas";"Pleno dia";"Decrescente";"Céu Claro";"Simples";"Reta";"Sim";2;0;0;1;1;0;1;2;-24,56848417;-54,03136253;"SPRF-PR";"DEL06-PR";"UOP02-DEL06-PR"
208020;2019-05-08;"quarta-feira";"17:27:00";"PA";230;323;"MARABA";"Falta de Atenção à Condução";"Engavetamento";"Sem Vítimas";"Pleno dia";"Crescente";"Céu Claro";"Simples";"Reta";"Sim";4;0;0;0;4;0;0;4;-5,36348094;-49,07242343;"SPRF-PA";"DEL03-PA";"UOP01-DEL03-PA"
208022;2019-05-08;"quarta-feira";"14:10:00";"MG";262;369,5;"JUATUBA";"Velocidade Incompatível";"Colisão traseira";"Com Vítimas Feridas";"Pleno dia";"Decrescente";"Chuva";"Dupla";"Reta;Viaduto";"Não";2;0;0;1;1;0;1;2;-19,970807;-44,289881;"SPRF-MG";"DEL01-MG";"UOP03-DEL01-MG"
208024;2019-05-08;"quarta-feira";"17:05:00";"RS";386;425,7;"MONTENEGRO";"Desobediência às normas de trânsito pelo condutor";"Tombamento";"Com Vítimas Feridas";"Pleno dia";"Crescente";"Nublado";"Simples";"Reta";"Não";1;0;1;0;0;0;1;1;-29,819479;-51,36208;"SPRF-RS";"DEL04-RS";"UOP02-DEL04-RS"
208025;2019-05-08;"quarta-feira";"17:45:00";"CE";222;4,2;"CAUCAIA";"Defeito Mecânico no Veículo";"Colisão lateral";"Com Vítimas Feridas";"Plena Noite";"Crescente";"Céu Claro";"Múltipla";"Reta";"Sim";5;0;1;1;1;2;2;4;-3,74164754;-38,60449792;"SPRF-CE";"DEL01-CE";"UOP01-DEL01-CE"
208026;2019-05-08;"quarta-feira";"17:50:00";"SC";280;53;"GUARAMIRIM";"Falta de Atenção à Condução";"Colisão traseira";"Com Vítimas Feridas";"Plena Noite";"Decrescente";"Céu Claro";"Simples";"Reta";"Sim";2;0;1;0;1;0;1;2;-26,47236756;-48,97426617;"SPRF-SC";"DEL03-SC";"UOP03-DEL03-SC"
208027;2019-05-08;"quarta-feira";"18:00:00";"BA";101;869;"TEIXEIRA DE FREITAS";"Falta de Atenção à Condução";"Saída de leito carroçável";"Com Vítimas Feridas";"Anoitecer";"Decrescente";"Nublado";"Simples";"Curva";"Não";2;0;1;1;0;0;2;1;-17,46693517;-39,70355988;"SPRF-BA";"DEL09-BA";"UOP02-DEL09-BA"
208028;2019-05-08;"quarta-feira";"17:50:00";"ES";259;65;"COLATINA";"Falta de Atenção à Condução";"Colisão traseira";"Com Vítimas Feridas";"Anoitecer";"Crescente";"Nublado";"Simples";"Reta";"Sim";3;0;2;0;1;0;2;2;-19,51944313;-40,71585905;"SPRF-ES";"DEL02-ES";"UOP01-DEL02-ES"
208030;2019-05-08;"quarta-feira";"18:15:00";"PE";316;281;"BELEM DE SAO FRANCISCO";"Ingestão de Álcool";"Colisão frontal";"Com Vítimas Fatais";"Plena Noite";"Crescente";"Nublado";"Simples";"Reta";"Não";3;1;1;1;0;0;2;2;-8,66861345;-38,76712984;"SPRF-PE";"DEL04-PE";"UOP03-DEL04-PE"
208031;2019-05-08;"quarta-feira";"18:30:00";"PE";101;25,2;"IGARASSU";"Falta de Atenção à Condução";"Capotamento";"Com Vítimas Feridas";"Plena Noite";"Crescente";"Nublado";"Dupla";"Reta";"Não";2;0;2;0;0;0;2;1;-7,7009082;-34,9229207;"SPRF-PE";"DEL01-PE";"UOP02-DEL01-PE"
208034;2019-05-08;"quarta-feira";"18:30:00";"SC";101;203,4;"SAO JOSE";"Falta de Atenção à Condução";"Colisão lateral";"Com Vítimas Feridas";"Plena Noite";"Decrescente";"Nublado";"Múltipla";"Reta";"Sim";2;0;1;0;1;0;1;2;-27,56781041;-48,61376166;"SPRF-SC";"DEL01-SC";"UOP01-DEL01-SC"
208035;2019-05-08;"quarta-feira";"18:45:00";"SC";470;143,3;"RIO DO SUL";"Pista Escorregadia";"Tombamento";"Com Vítimas Feridas";"Plena Noite";"Crescente";"Nublado";"Simples";"Rotatória";"Sim";1;0;1;0;0;0;1;1;-27,22137611;-49,66047764;"SPRF-SC";"DEL04-SC";"UOP02-DEL04-SC"
208038;2019-05-08;"quarta-feira";"17:40:00";"GO";70;58,8;"COCALZINHO DE GOIAS";"Velocidade Incompatível";"Colisão transversal";"Com Vítimas Fatais";"Anoitecer";"Crescente";"Céu Claro";"Simples";"Reta";"Não";3;1;2;0;0;0;2;2;-15,76251985;-48,69719003;"SPRF-DF";"DEL01-DF";"UOP02-DEL03-DF"
208040;2019-05-08;"quarta-feira";"19:00:00";"PR";277;79;"CURITIBA";"Falta de Atenção à Condução";"Colisão traseira";"Com Vítimas Feridas";"Plena Noite";"Decrescente";"Céu Claro";"Dupla";"Reta";"Sim";1;0;1;0;0;0;1;1;-25,47288888;-49,21028495;"SPRF-PR";"DEL01-PR";"UOP01-DEL01-PR"
208042;2019-05-08;"quarta-feira";"18:50:00";"SC";101;206,4;"SAO JOSE";"Não guardar distância de segurança";"Colisão traseira";"Com Vítimas Feridas";"Plena Noite";"Crescente";"Nublado";"Múltipla";"Reta";"Sim";3;0;2;0;1;0;2;2;-27,59193546;-48,61824557;"SPRF-SC";"DEL01-SC";"UOP01-DEL01-SC"
208044;2019-05-08;"quarta-feira";"19:00:00";"PR";277;121,2;"CAMPO LARGO";"Falta de Atenção à Condução";"Saída de leito carroçável";"Com Vítimas Feridas";"Plena Noite";"Crescente";"Céu Claro";"Dupla";"Reta";"Não";1;0;1;0;0;0;1;1;-25,44139916;-49,55982506;"SPRF-PR";"DEL01-PR";"UOP06-DEL01-PR"
208045;2019-05-08;"quarta-feira";"19:15:00";"MG";50;68;"UBERLANDIA";"Velocidade Incompatível";"Colisão traseira";"Sem Vítimas";"Plena Noite";"Crescente";"Céu Claro";"Simples";"Reta";"Sim";2;0;0;0;2;0;0;2;-18,85140204;-48,25345932;"SPRF-MG";"DEL15-MG";"UOP01-DEL15-MG"
208046;2019-05-08;"quarta-feira";"19:15:00";"CE";20;419,7;"MARACANAU";"Velocidade Incompatível";"Atropelamento de Pedestre";"Com Vítimas Fatais";"Plena Noite";"Crescente";"Céu Claro";"Dupla";"Reta";"Sim";3;1;0;0;0;2;0;2;-3,76999035;-38,67006282;"SPRF-CE";"DEL01-CE";"UOP02-DEL01-CE"
208047;2019-05-08;"quarta-feira";"17:50:00";"RN";406;124;"POCO BRANCO";"Ingestão de Álcool";"Colisão lateral";"Com Vítimas Feridas";"Anoitecer";"Crescente";"Céu Claro";"Simples";"Reta";"Não";2;0;0;1;1;0;1;2;-5,59439394;-35,63312198;"SPRF-RN";"DEL02-RN";"UOP01-DEL02-RN"
208049;2019-05-08;"quarta-feira";"13:00:00";"PI";135;609;"CORRENTE";"Falta de Atenção à Condução";"Capotamento";"Com Vítimas Fatais";"Pleno dia";"Decrescente";"Céu Claro";"Simples";"Curva";"Não";1;1;0;0;0;0;0;1;-10,58556602;-45,20735089;"SPRF-PI";"DEL03-PI";"UOP02-DEL03-PI"
208050;2019-05-08;"quarta-feira";"19:00:00";"SE";101;43,9;"JAPARATUBA";"Falta de Atenção à Condução";"Colisão traseira";"Com Vítimas Feridas";"Pleno dia";"Decrescente";"Céu Claro";"Dupla";"Declive";"Não";3;0;1;0;2;0;1;2;-10,55025918;-36,97174072;"SPRF-SE";"DEL02-SE";"UOP02-DEL02-SE"
208051;2019-05-08;"quarta-feira";"18:20:00";"MS";262;30;"TRES LAGOAS";"Velocidade Incompatível";"Tombamento";"Com Vítimas Feridas";"Plena Noite";"Decrescente";"Céu Claro";"Simples";"Em Obras";"Não";1;0;0;1;0;0;1;1;-20,79995887;-51,87629597;"SPRF-MS";"DEL07-MS";"UOP01-DEL07-MS"
208052;2019-05-08;"quarta-feira";"18:50:00";"RS";472;588;"URUGUAIANA";"Falta de Atenção à Condução";"Colisão transversal";"Com Vítimas Feridas";"Plena Noite";"Crescente";"Céu Claro";"Simples";"Reta";"Sim";2;0;1;0;1;0;1;2;-29,79343105;-57,091012;"SPRF-RS";"DEL13-RS";"UOP01-DEL13-RS"
208053;2019-05-08;"quarta-feira";"19:10:00";"PB";230;28;"JOAO PESSOA";"Falta de Atenção à Condução";"Colisão transversal";"Com Vítimas Feridas";"Plena Noite";"Decrescente";"Céu Claro";"Dupla";"Reta";"Sim";2;0;2;0;0;0;2;2;-7,1651;-34,8941;"SPRF-PB";"DEL01-PB";"UOP01-DEL01-PB"
208055;2019-05-08;"quarta-feira";"19:35:00";"SC";282;2,9;"FLORIANOPOLIS";"Não guardar distância de segurança";"Colisão traseira";"Com Vítimas Feridas";"Plena Noite";"Crescente";"Nublado";"Dupla";"Curva";"Sim";3;0;2;0;1;0;2;3;-27,603289;-48,590416;"SPRF-SC";"DEL01-SC";"UOP01-DEL01-SC"
208056;2019-05-08;"quarta-feira";"19:20:00";"RJ";40;105;"DUQUE DE CAXIAS";"Falta de Atenção do Pedestre";"Atropelamento de Pedestre";"Com Vítimas Feridas";"Plena Noite";"Decrescente";"Nublado";"Múltipla";"Reta";"Sim";3;0;0;1;1;1;1;2;-22,63784806;-43,28428824;"SPRF-RJ";"DEL01-RJ";"UOP01-DEL01-RJ"
208057;2019-05-08;"quarta-feira";"18:30:00";"AM";319;616;"HUMAITA";"Falta de Atenção à Condução";"Colisão lateral";"Com Vítimas Feridas";"Plena Noite";"Decrescente";"Céu Claro";"Simples";"Reta";"Não";2;0;1;1;0;0;2;2;-7,22326993;-63,14262617;"SPRF-RO";"DEL01-RO";"UOP05-DEL01-AM"
208058;2019-05-08;"quarta-feira";"18:10:00";"CE";304;62,7;"ARACATI";"Animais na Pista";"Atropelamento de Animal";"Com Vítimas Feridas";"Plena Noite";"Crescente";"Céu Claro";"Simples";"Reta";"Sim";1;0;1;0;0;0;1;1;-4,60614604;-37,66304905;"SPRF-CE";"DEL03-CE";"UOP03-DEL03-CE"
208061;2019-05-07;"terça-feira";"07:00:00";"MA";10;265,8;"IMPERATRIZ";"Defeito na Via";"Queda de ocupante de veículo";"Com Vítimas Feridas";"Pleno dia";"Decrescente";"Céu Claro";"Simples";"Reta";"Não";1;0;0;1;0;0;1;1;-5,418198;-47,472858;"SPRF-MA";"DEL04-MA";"UOP01-DEL04-MA"
208062;2019-05-08;"quarta-feira";"17:20:00";"MA";135;131,7;"MIRANDA DO NORTE";"Ultrapassagem Indevida";"Colisão frontal";"Com Vítimas Feridas";"Pleno dia";"Crescente";"Sol";"Simples";"Reta";"Não";3;0;0;2;1;0;2;2;-3,60070005;-44,56716411;"SPRF-MA";"DEL01-MA";"UOP02-DEL01-MA"
208064;2019-05-08;"quarta-feira";"18:10:00";"RS";290;641;"URUGUAIANA";"Ultrapassagem Indevida";"Saída de leito carroçável";"Sem Vítimas";"Anoitecer";"Crescente";"Garoa/Chuvisco";"Simples";"Reta";"Não";1;0;0;0;1;0;0;1;-30,008638;-56,32848;"SPRF-RS";"DEL13-RS";"UOP02-DEL13-RS"
208065;2019-05-08;"quarta-feira";"20:10:00";"SP";116;514;"CAJATI";"Falta de Atenção do Pedestre";"Atropelamento de Pedestre";"Com Vítimas Feridas";"Plena Noite";"Decrescente";"Nublado";"Simples";"Curva";"Não";2;0;1;0;1;0;1;2;-24,85874304;-48,21731282;"SPRF-SP";"DEL05-SP";"UAP01-DEL05-SP"
208066;2019-05-08;"quarta-feira";"17:30:00";"PB";230;451,4;"APARECIDA";"Falta de Atenção à Condução";"Saída de leito carroçável";"Com Vítimas Feridas";"Plena Noite";"Crescente";"Chuva";"Simples";"Reta";"Não";1;0;1;0;0;0;1;1;-6,7854;-38,1189;"SPRF-PB";"DEL03-PB";"UOP03-DEL03-PB"
208067;2019-05-08;"quarta-feira";"20:02:00";"SP";116;231,3;"SAO PAULO";"Animais na Pista";"Atropelamento de Animal";"Com Vítimas Feridas";"Plena Noite";"Crescente";"Nublado";"Múltipla";"Reta";"Sim";1;0;1;0;0;0;1;1;-23,5290581;-46,59398303;"SPRF-SP";"DEL01-SP";"UOP01-DEL01-SP"
208070;2019-05-08;"quarta-feira";"20:31:00";"GO";40;1;"VALPARAISO DE GOIAS";"Falta de Atenção à Condução";"Colisão lateral";"Com Vítimas Feridas";"Pleno dia";"Decrescente";"Céu Claro";"Dupla";"Retorno Regulamentado";"Sim";2;0;1;0;1;0;1;2;-16,058245;-47,982825;"SPRF-DF";"DEL01-DF";"UOP01-DEL01-DF"
208071;2019-05-08;"quarta-feira";"08:45:00";"AM";174;891;"MANAUS";"Falta de Atenção à Condução";"Colisão traseira";"Sem Vítimas";"Pleno dia";"Crescente";"Céu Claro";"Simples";"Reta";"Não";2;0;0;0;2;0;0;2;-2,91557503;-60,03880044;"SPRF-AM";"DEL01-AM";"UOP01-DEL01-AM"
208074;2019-05-08;"quarta-feira";"19:50:00";"RS";153;48,8;"ERECHIM";"Falta de Atenção à Condução";"Colisão com objeto estático";"Com Vítimas Feridas";"Plena Noite";"Crescente";"Nublado";"Simples";"Reta";"Sim";1;0;1;0;0;0;1;1;-27,65118001;-52,257248;"SPRF-RS";"DEL08-RS";"UOP04-DEL08-RS"
208075;2019-05-08;"quarta-feira";"19:45:00";"PA";222;241;"MARABA";"Falta de Atenção à Condução";"Colisão transversal";"Com Vítimas Feridas";"Plena Noite";"Crescente";"Céu Claro";"Simples";"Retorno Regulamentado";"Sim";3;0;0;2;0;1;2;2;-5,34301014;-49,08120632;"SPRF-PA";"DEL03-PA";"UOP01-DEL03-PA"
208076;2019-05-08;"quarta-feira";"17:30:00";"RO";364;1041,8;"PORTO VELHO";"Velocidade Incompatível";"Atropelamento de Pedestre";"Com Vítimas Fatais";"Pleno dia";"Crescente";"Céu Claro";"Simples";"Reta";"Não";2;1;0;0;0;1;0;2;-9,77223281;-66,36598404;"SPRF-RO";"DEL01-RO";"UOP03-DEL01-RO"
208077;2019-05-08;"quarta-feira";"18:45:00";"PA";153;80,1;"SAO DOMINGOS DO ARAGUAIA";"Ultrapassagem Indevida";"Colisão frontal";"Com Vítimas Fatais";"Anoitecer";"Decrescente";"Céu Claro";"Simples";"Reta";"Não";4;1;1;0;2;0;1;3;-5,4731387;-48,80648743;"SPRF-PA";"DEL03-PA";"UOP01-DEL03-PA"
208082;2019-05-08;"quarta-feira";"21:15:00";"MG";40;618,5;"CONGONHAS";"Restrição de Visibilidade";"Saída de leito carroçável";"Com Vítimas Feridas";"Plena Noite";"Decrescente";"Céu Claro";"Simples";"Curva";"Não";1;0;1;0;0;0;1;1;-20,5615888;-43,81227278;"SPRF-MG";"DEL05-MG";"UOP02-DEL05-MG"
208083;2019-05-08;"quarta-feira";"21:20:00";"RJ";101;177;"MACAE";"Desobediência às normas de trânsito pelo condutor";"Colisão frontal";"Com Vítimas Feridas";"Plena Noite";"Decrescente";"Ignorado";"Simples";"Reta";"Não";2;0;0;1;1;0;1;2;-22,38696304;-41,98541396;"SPRF-RJ";"DEL02-RJ";"UOP04-DEL08-RJ"
208085;2019-05-08;"quarta-feira";"22:20:00";"PR";277;729,4;"FOZ DO IGUACU";"Velocidade Incompatível";"Atropelamento de Pedestre";"Com Vítimas Fatais";"Plena Noite";"Crescente";"Chuva";"Dupla";"Reta";"Sim";2;1;0;1;0;0;1;2;-25,4874837;-54,58291054;"SPRF-PR";"DEL05-PR";"UOP03-DEL05-PR"
208086;2019-05-08;"quarta-feira";"20:10:00";"MT";70;277;"PRIMAVERA DO LESTE";"Falta de Atenção à Condução";"Colisão lateral";"Com Vítimas Feridas";"Plena Noite";"Decrescente";"Céu Claro";"Simples";"Interseção de Vias";"Não";2;0;0;1;1;0;1;2;-15,55572064;-54,27085588;"SPRF-MT";"DEL05-MT";"UOP01-DEL05-MT"