"id";"data_inversa";"dia_semana";"horario";"uf";"br";"km";"municipio";"causa_acidente";"tipo_acidente";"classificacao_acidente";"fase_dia";"sentido_via";"condicao_metereologica";"tipo_pista";"tracado_via";"uso_solo";"pessoas";"mortos";"feridos_leves";"feridos_graves";"ilesos";"ignorados";"feridos";"veiculos";"latitude";"longitude";"regional";"delegacia";"uop"
208200;2019-05-09;"quinta-feira";"16:00:00";"ES";101;267,7;"SERRA";"Falta de Atenção à Condução";"Colisão lateral";"Com Vítimas Feridas";"Plena Noite";"Decrescente";"Céu Claro";"Múltipla";"Reta";"Sim";2;0;1;0;1;0;1;2;-20,19930999;-40,26884609;"SPRF-ES";"DEL02-ES";"UOP01-DEL02-ES"
208202;2019-05-09;"quinta-feira";"14:35:00";"RO";364;184,1;"PIMENTA BUENO";"Avarias e/ou desgaste excessivo no pneu";"Tombamento";"Com Vítimas Feridas";"Pleno dia";"Crescente";"Céu Claro";"Simples";"Reta";"Não";2;0;2;0;0;0;2;1;-11,75593834;-61,09019144;"SPRF-RO";"DEL02-RO";"UOP02-DEL02-RO"
208203;2019-05-09;"quinta-feira";"15:00:00";"RO";364;346;"JI-PARANA";"Falta de Atenção à Condução";"Colisão traseira";"Com Vítimas Feridas";"Pleno dia";"Crescente";"Céu Claro";"Simples";"Reta";"Sim";2;0;1;0;1;0;1;2;-10,865874;-61,968647;"SPRF-RO";"DEL02-RO";"UOP01-DEL02-RO"
208204;2019-05-09;"quinta-feira";"12:00:00";"PA";155;292;"ELDORADO DO CARAJAS";"Defeito na Via";"Capotamento";"Com Vítimas Feridas";"Pleno dia";"Crescente";"Nublado";"Simples";"Reta";"Não";5;0;1;2;2;0;3;1;-5,79423227;-49,18035746;"SPRF-PA";"DEL03-PA";"UOP01-DEL03-PA"
208205;2019-05-09;"quinta-feira";"12:10:00";"PR";369;129,8;"JATAIZINHO";"Falta de Atenção à Condução";"Colisão lateral";"Com Vítimas Feridas";"Pleno dia";"Decrescente";"Céu Claro";"Dupla";"Curva";"Não";2;0;0;1;1;0;1;2;-23,25724027;-50,98450184;"SPRF-PR";"DEL07-PR";"UOP01-DEL07-PR"
208208;2019-05-09;"quinta-feira";"16:00:00";"AL";104;38;"UNIAO DOS PALMARES";"Falta de Atenção à Condução";"Colisão com objeto estático";"Com Vítimas Feridas";"Pleno dia";"Decrescente";"Chuva";"Simples";"Reta";"Não";2;0;1;0;1;0;1;1;-9,18136996;-36,03557612;"SPRF-AL";"DEL01-AL";"UOP02-DEL01-AL"
208209;2019-05-09;"quinta-feira";"16:40:00";"RS";116;246;"SAO LEOPOLDO";"Falta de Atenção à Condução";"Colisão com objeto estático";"Com Vítimas Feridas";"Pleno dia";"Crescente";"Nublado";"Dupla";"Ponte";"Sim";1;0;0;1;0;0;1;1;-29,758751;-51,15186806;"SPRF-RS";"DEL01-RS";"UOP02-DEL01-RS"
208211;2019-05-09;"quinta-feira";"16:30:00";"PI";407;422,4;"PICOS";"Falta de Atenção à Condução";"Colisão transversal";"Sem Vítimas";"Pleno dia";"Decrescente";"Céu Claro";"Simples";"Reta";"Sim";2;0;0;0;1;1;0;2;-7,07751993;-41,44205198;"SPRF-PI";"DEL04-PI";"UOP01-DEL04-PI"
208212;2019-05-09;"quinta-feira";"17:10:00";"PR";376;176,5;"MARINGA";"Falta de Atenção à Condução";"Colisão traseira";"Com Vítimas Feridas";"Pleno dia";"Decrescente";"Sol";"Dupla";"Retorno Regulamentado;Declive;Reta";"Sim";3;0;1;0;0;2;1;2;-23,41269173;-51,93158327;"SPRF-PR";"DEL07-PR";"UOP01-DEL09-PR"
208213;2019-05-09;"quinta-feira";"16:20:00";"MT";163;572;"NOVA MUTUM";"Falta de Atenção à Condução";"Saída de leito carroçável";"Com Vítimas Feridas";"Pleno dia";"Crescente";"Nublado";"Simples";"Reta";"Não";3;0;2;0;1;0;2;1;-14,1461131;-56,09974417;"SPRF-MT";"DEL01-MT";"UOP01-DEL01-MT"
208214;2019-05-09;"quinta-feira";"17:20:00";"SC";280;5,5;"SAO FRANCISCO DO SUL";"Desobediência às normas de trânsito pelo condutor";"Colisão lateral";"Com Vítimas Feridas";"Anoitecer";"Crescente";"Chuva";"Simples";"Reta";"Sim";2;0;1;0;1;0;1;2;-26,26011706;-48,62571995;"SPRF-SC";"DEL03-SC";"UOP03-DEL03-SC"
208215;2019-05-09;"quinta-feira";"17:30:00";"PB";230;21,3;"JOAO PESSOA";"Desobediência às normas de trânsito pelo condutor";"Colisão lateral";"Com Vítimas Feridas";"Anoitecer";"Crescente";"Céu Claro";"Dupla";"Reta";"Não";4;0;3;0;1;0;3;2;-7,1415;-34,8519;"SPRF-PB";"DEL01-PB";"UOP01-DEL01-PB"
208217;2019-05-09;"quinta-feira";"17:20:00";"SC";101;137;"BALNEARIO CAMBORIU";"Não guardar distância de segurança";"Colisão traseira";"Com Vítimas Feridas";"Pleno dia";"Crescente";"Nublado";"Dupla";"Reta";"Sim";4;0;1;0;3;0;1;3;-27,0157238;-48,61192763;"SPRF-SC";"DEL04-SC";"UOP03-DEL04-SC"
208219;2019-05-09;"quinta-feira";"17:20:00";"SP";116;208,1;"GUARULHOS";"Falta de Atenção à Condução";"Colisão lateral";"Sem Vítimas";"Anoitecer";"Decrescente";"Céu Claro";"Dupla";"Reta";"Sim";2;0;0;0;2;0;0;2;-23,42222263;-46,3932771;"SPRF-SP";"DEL01-SP";"UOP01-DEL01-SP"
208220;2019-05-09;"quinta-feira";"16:40:00";"MS";163;487,4;"CAMPO GRANDE";"Falta de Atenção à Condução";"Colisão transversal";"Com Vítimas Feridas";"Anoitecer";"Crescente";"Céu Claro";"Simples";"Interseção de Vias";"Sim";4;0;1;0;3;0;1;2;-20,42493093;-54,54550758;"SPRF-MS";"DEL01-MS";"UOP02-DEL01-MS"
208221;2019-05-09;"quinta-feira";"16:25:00";"RO";364;237,1;"CACOAL";"Desobediência às normas de trânsito pelo condutor";"Colisão transversal";"Com Vítimas Feridas";"Pleno dia";"Decrescente";"Sol";"Simples";"Interseção de Vias";"Sim";3;0;1;0;2;0;1;2;-11,44341056;-61,44672787;"SPRF-RO";"DEL02-RO";"UOP02-DEL02-RO"
208222;2019-05-09;"quinta-feira";"17:50:00";"SC";101;120;"ITAJAI";"Falta de Atenção à Condução";"Colisão lateral";"Com Vítimas Feridas";"Anoitecer";"Crescente";"Nublado";"Dupla";"Reta";"Não";1;0;1;0;0;0;1;1;-26,912758;-48,711998;"SPRF-SC";"DEL04-SC";"UOP04-DEL04-SC"
208227;2019-05-09;"quinta-feira";"17:40:00";"RN";226;2,9;"NATAL";"Desobediência às normas de trânsito pelo condutor";"Queda de ocupante de veículo";"Com Vítimas Feridas";"Anoitecer";"Crescente";"Céu Claro";"Simples";"Curva";"Sim";3;0;1;0;1;1;1;3;-5,81364934;-35,2466547;"SPRF-RN";"DEL01-RN";"UOP02-DEL01-RN"
208228;2019-05-09;"quinta-feira";"17:45:00";"RS";386;354;"ESTRELA";"Falta de Atenção à Condução";"Colisão lateral";"Com Vítimas Feridas";"Pleno dia";"Decrescente";"Céu Claro";"Dupla";"Retorno Regulamentado";"Não";4;0;2;0;2;0;2;2;-29,52157;-51,93533;"SPRF-RS";"DEL04-RS";"UOP01-DEL04-RS"
208230;2019-05-09;"quinta-feira";"17:40:00";"ES";101;126;"SOORETAMA";"Falta de Atenção do Pedestre";"Queda de ocupante de veículo";"Com Vítimas Feridas";"Anoitecer";"Crescente";"Nublado";"Simples";"Reta";"Sim";2;0;1;1;0;0;2;1;-19,193953;-40,0951;"SPRF-ES";"DEL04-ES";"UOP01-DEL04-ES"
208232;2019-05-09;"quinta-feira";"18:30:00";"RS";285;565;"SAO LUIZ GONZAGA";"Desobediência às normas de trânsito pelo condutor";"Colisão transversal";"Com Vítimas Feridas";"Anoitecer";"Crescente";"Chuva";"Simples";"Reta";"Sim";3;0;2;0;1;0;2;2;-28,418699;-54,946823;"SPRF-RS";"DEL10-RS";"UOP01-DEL10-RS"
208235;2019-05-09;"quinta-feira";"18:00:00";"PI";343;338;"TERESINA";"Falta de Atenção à Condução";"Colisão frontal";"Com Vítimas Feridas";"Plena Noite";"Crescente";"Céu Claro";"Dupla";"Reta";"Sim";2;0;0;1;1;0;1;2;-5,063362;-42,722912;"SPRF-PI";"DEL01-PI";"UOP01-DEL01-PI"
208237;2019-05-09;"quinta-feira";"18:05:00";"MG";381;496;"BETIM";"Mal Súbito";"Queda de ocupante de veículo";"Com Vítimas Feridas";"Anoitecer";"Decrescente";"Céu Claro";"Dupla";"Reta";"Sim";1;0;1;0;0;0;1;1;-19,99676497;-44,20958506;"SPRF-MG";"DEL01-MG";"UOP03-DEL01-MG"
208239;2019-05-01;"quarta-feira";"16:00:00";"PR";369;184;"ARAPONGAS";"Desobediência às normas de trânsito pelo condutor";"Colisão lateral";"Sem Vítimas";"Pleno dia";"Crescente";"Nublado";"Simples";"Interseção de Vias";"Sim";2;0;0;0;1;1;0;2;-23,40125619;-51,42750353;"SPRF-PR";"DEL07-PR";"UOP03-DEL07-PR"
208240;2019-05-09;"quinta-feira";"18:35:00";"PR";277;229,6;"FERNANDES PINHEIRO";"Falta de Atenção do Pedestre";"Atropelamento de Pedestre";"Com Vítimas Feridas";"Plena Noite";"Crescente";"Nublado";"Simples";"Aclive;Reta";"Não";3;0;0;1;0;2;1;2;-25,45811601;-50,45955299;"SPRF-PR";"DEL03-PR";"UOP02-DEL08-PR"
208241;2019-05-09;"quinta-feira";"18:35:00";"TO";235;200;"GUARAI";"Defeito na Via";"Queda de ocupante de veículo";"Com Vítimas Feridas";"Plena Noite";"Decrescente";"Céu Claro";"Simples";"Curva";"Não";4;0;4;0;0;0;4;3;-8,93263409;-48,45662105;"SPRF-TO";"DEL02-TO";"UOP02-DEL02-TO"
208242;2019-05-09;"quinta-feira";"18:00:00";"PB";104;142,5;"QUEIMADAS";"Ingestão de Álcool";"Atropelamento de Pedestre";"Com Vítimas Feridas";"Plena Noite";"Decrescente";"Nublado";"Simples";"Reta;Declive";"Não";3;0;0;1;0;2;1;2;-7,391631;-35,897212;"SPRF-PB";"DEL02-PB";"UOP03-DEL02-PB"
208243;2019-05-09;"quinta-feira";"17:40:00";"SC";470;122,9;"IBIRAMA";"Falta de Atenção à Condução";"Colisão transversal";"Com Vítimas Feridas";"Plena Noite";"Decrescente";"Nublado";"Simples";"Curva";"Não";3;0;1;0;2;0;1;3;-27,099888;-49,527679;"SPRF-SC";"DEL04-SC";"UOP02-DEL04-SC"
208244;2019-05-09;"quinta-feira";"18:10:00";"CE";222;221,4;"SOBRAL";"Animais na Pista";"Atropelamento de Animal";"Com Vítimas Feridas";"Plena Noite";"Decrescente";"Céu Claro";"Simples";"Curva";"Sim";1;0;0;1;0;0;1;1;-3,72703784;-40,32233965;"SPRF-CE";"DEL04-CE";"UOP01-DEL04-CE"
208245;2019-04-15;"segunda-feira";"07:40:00";"SP";116;231;"SAO PAULO";"Falta de Atenção à Condução";"Colisão traseira";"Com Vítimas Feridas";"Amanhecer";"Crescente";"Céu Claro";"Múltipla";"Reta";"Sim";2;0;1;0;1;0;1;2;-23,5254564;-46,58794567;"SPRF-SP";"DEL01-SP";"UOP01-DEL01-SP"
208246;2019-05-09;"quinta-feira";"18:55:00";"PR";476;116,3;"COLOMBO";"Velocidade Incompatível";"Saída de leito carroçável";"Sem Vítimas";"Plena Noite";"Decrescente";"Nublado";"Dupla";"Curva";"Sim";3;0;0;0;2;1;0;3;-25,34996;-49,16642;"SPRF-PR";"DEL01-PR";"UOP07-DEL01-PR"
208247;2019-05-09;"quinta-feira";"18:55:00";"RN";304;42,9;"MOSSORO";"Desobediência às normas de trânsito pelo pedestre";"Atropelamento de Pedestre";"Com Vítimas Feridas";"Plena Noite";"Crescente";"Nublado";"Dupla";"Reta";"Não";2;0;2;0;0;0;2;2;-5,21278093;-37,37221494;"SPRF-RN";"DEL04-RN";"UOP01-DEL04-RN"
208248;2019-05-09;"quinta-feira";"18:40:00";"SC";101;153;"PORTO BELO";"Desobediência às normas de trânsito pelo condutor";"Colisão lateral";"Com Vítimas Feridas";"Plena Noite";"Crescente";"Céu Claro";"Dupla";"Reta";"Não";2;0;1;0;1;0;1;2;-27,144717;-48,61063935;"SPRF-SC";"DEL04-SC";"UOP03-DEL04-SC"
208249;2019-05-09;"quinta-feira";"15:00:00";"MT";174;351;"CONQUISTA DOESTE";"Pista Escorregadia";"Saída de leito carroçável";"Com Vítimas Feridas";"Pleno dia";"Decrescente";"Chuva";"Simples";"Curva";"Não";3;0;1;0;2;0;1;1;-14,72523181;-59,3738799;"SPRF-MT";"DEL04-MT";"UOP01-DEL04-MT"
208250;2019-05-09;"quinta-feira";"16:20:00";"MT";70;3,9;"BARRA DO GARCAS";"Desobediência às normas de trânsito pelo condutor";"Colisão traseira";"Com Vítimas Feridas";"Pleno dia";"Crescente";"Céu Claro";"Dupla";"Reta;Declive";"Sim";2;0;1;0;1;0;1;2;-15,88252843;-52,27574027;"SPRF-MT";"DEL07-MT";"UOP01-DEL07-MT"
208255;2019-05-09;"quinta-feira";"19:00:00";"RS";116;248;"SAO LEOPOLDO";"Falta de Atenção à Condução";"Colisão traseira";"Sem Vítimas";"Plena Noite";"Decrescente";"Nublado";"Múltipla";"Reta";"Sim";3;0;0;0;3;0;0;3;-29,77605895;-51,15508618;"SPRF-RS";"DEL01-RS";"UOP02-DEL01-RS"
208256;2019-05-09;"quinta-feira";"19:15:00";"GO";50;270,1;"CATALAO";"Defeito Mecânico no Veículo";"Queda de ocupante de veículo";"Com Vítimas Feridas";"Plena Noite";"Crescente";"Céu Claro";"Dupla";"Declive;Reta";"Não";2;0;2;0;0;0;2;1;-18,1087;-47,8878;"SPRF-GO";"DEL06-GO";"UOP01-DEL06-GO"
208258;2019-04-15;"segunda-feira";"10:00:00";"MG";381;369;"SAO GONCALO DO RIO ABAIXO";"Falta de Atenção à Condução";"Saída de leito carroçável";"Com Vítimas Feridas";"Pleno dia";"Decrescente";"Nublado";"Simples";"Reta";"Não";1;0;1;0;0;0;1;1;-19,84814262;-43,25115681;"SPRF-MG";"DEL03-MG";"UOP01-DEL03-MG"
208259;2019-05-09;"quinta-feira";"18:20:00";"RO";364;20;"VILHENA";"Desobediência às normas de trânsito pelo condutor";"Colisão frontal";"Com Vítimas Feridas";"Anoitecer";"Decrescente";"Céu Claro";"Simples";"Reta";"Não";3;0;1;2;0;0;3;2;-12,72595705;-60,192765;"SPRF-RO";"DEL04-RO";"UOP01-DEL04-RO"
208260;2019-05-09;"quinta-feira";"20:00:00";"RJ";40;111;"DUQUE DE CAXIAS";"Objeto estático sobre o leito carroçável";"Queda de ocupante de veículo";"Com Vítimas Feridas";"Plena Noite";"Decrescente";"Céu Claro";"Múltipla";"Reta";"Sim";1;0;1;0;0;0;1;1;-22,691868;-43,287453;"SPRF-RJ";"DEL01-RJ";"UOP01-DEL01-RJ"
208263;2019-05-09;"quinta-feira";"18:25:00";"PR";116;121;"CURITIBA";"Defeito Mecânico no Veículo";"Incêndio";"Sem Vítimas";"Anoitecer";"Decrescente";"Nublado";"Dupla";"Declive;Reta";"Sim";1;0;0;0;1;0;0;1;-25,5599323;-49,30743945;"SPRF-PR";"DEL01-PR";"UOP03-DEL01-PR"
208264;2019-05-09;"quinta-feira";"20:20:00";"PR";277;716;"SANTA TEREZINHA DE ITAIPU";"Falta de Atenção à Condução";"Saída de leito carroçável";"Sem Vítimas";"Plena Noite";"Decrescente";"Ignorado";"Dupla";"Reta";"Não";2;0;0;0;2;0;0;1;-25,47252277;-54,46707409;"SPRF-PR";"DEL05-PR";"UOP01-DEL05-PR"
208265;2019-05-09;"quinta-feira";"19:40:00";"SP";116;416,7;"JUQUIA";"Objeto estático sobre o leito carroçável";"Colisão com objeto estático";"Sem Vítimas";"Plena Noite";"Crescente";"Nublado";"Dupla";"Reta";"Não";2;0;0;0;2;0;0;1;-24,34184089;-47,64612417;"SPRF-SP";"DEL05-SP";"UOP01-DEL05-SP"
208266;2019-05-09;"quinta-feira";"18:55:00";"MS";463;96,2;"PONTA PORA";"Deficiência ou não Acionamento do Sistema de Iluminação/Sinalização do Veículo";"Colisão traseira";"Com Vítimas Feridas";"Plena Noite";"Crescente";"Céu Claro";"Simples";"Reta";"Não";3;0;0;2;1;0;2;2;-22,61939093;-55,57877297;"SPRF-MS";"DEL04-MS";"UOP03-DEL04-MS"
208267;2019-05-09;"quinta-feira";"19:45:00";"SP";116;109,1;"TAUBATE";"Ingestão de Álcool";"Colisão traseira";"Sem Vítimas";"Plena Noite";"Decrescente";"Céu Claro";"Dupla";"Reta";"Sim";2;0;0;0;2;0;0;2;-23,02871304;-45,54517097;"SPRF-SP";"DEL06-SP";"UOP01-DEL06-SP"
208269;2019-05-09;"quinta-feira";"18:20:00";"SC";280;52,2;"GUARAMIRIM";"Falta de Atenção à Condução";"Colisão transversal";"Com Vítimas Feridas";"Plena Noite";"Crescente";"Chuva";"Simples";"Interseção de Vias";"Sim";2;0;0;1;1;0;1;2;-26,47137016;-48,97148252;"SPRF-SC";"DEL03-SC";"UOP03-DEL03-SC"
208273;2019-05-09;"quinta-feira";"21:30:00";"SC";101;209,6;"SAO JOSE";"Desobediência às normas de trânsito pelo condutor";"Colisão transversal";"Com Vítimas Feridas";"Plena Noite";"Crescente";"Céu Claro";"Múltipla";"Interseção de Vias";"Não";3;0;2;0;1;0;2;2;-27,61000542;-48,63895057;"SPRF-SC";"DEL01-SC";"UOP01-DEL01-SC"
208281;2019-05-09;"quinta-feira";"21:30:00";"PR";376;4;"SAO JOSE DOS PINHAIS";"Ingestão de Álcool";"Colisão traseira";"Com Vítimas Feridas";"Plena Noite";"Decrescente";"Céu Claro";"Dupla";"Interseção de Vias;Reta";"Sim";7;0;1;1;3;2;2;5;-25,55862578;-49,18514729;"SPRF-PR";"DEL01-PR";"UOP01-DEL01-PR"
208282;2019-05-09;"quinta-feira";"22:00:00";"PR";277;722;"FOZ DO IGUACU";"Falta de Atenção à Condução";"Colisão traseira";"Com Vítimas Feridas";"Plena Noite";"Decrescente";"Céu Claro";"Dupla";"Reta";"Sim";6;0;1;2;3;0;3;2;-25,49494908;-54,52095097;"SPRF-PR";"DEL05-PR";"UOP01-DEL05-PR"
208283;2019-05-09;"quinta-feira";"18:00:00";"RJ";393;269;"BARRA DO PIRAI";"Restrição de Visibilidade";"Colisão com objeto em movimento";"Com Vítimas Feridas";"Anoitecer";"Decrescente";"Céu Claro";"Simples";"Reta";"Não";2;0;2;0;0;0;2;2;-22,48646726;-43,91812526;"SPRF-RJ";"DEL05-RJ";"UOP04-DEL05-RJ"
208285;2019-05-09;"quinta-feira";"22:40:00";"RJ";116;257;"VOLTA REDONDA";"Ingestão de Álcool";"Colisão traseira";"Sem Vítimas";"Plena Noite";"Crescente";"Céu Claro";"Dupla";"Reta";"Não";2;0;0;0;2;0;0;2;-22,58631777;-44,01407302;"SPRF-RJ";"DEL07-RJ";"UOP02-DEL07-RJ"
208286;2019-05-09;"quinta-feira";"22:20:00";"PR";277;675,1;"MEDIANEIRA";"Falta de Atenção à Condução";"Queda de ocupante de veículo";"Com Vítimas Feridas";"Plena Noite";"Crescente";"Céu Claro";"Dupla";"Reta";"Não";1;0;1;0;0;0;1;1;-25,29891949;-54,12338731;"SPRF-PR";"DEL05-PR";"UOP01-DEL05-PR"
208287;2019-05-09;"quinta-feira";"19:45:00";"MG";116;548;"SANTA BARBARA DO LESTE";"Animais na Pista";"Atropelamento de Animal";"Com Vítimas Feridas";"Plena Noite";"Decrescente";"Céu Claro";"Simples";"Reta";"Não";1;0;0;1;0;0;1;1;-19,95272398;-42,13044183;"SPRF-MG";"DEL06-MG";"UOP02-DEL06-MG"
208291;2019-05-09;"quinta-feira";"21:30:00";"MG";381;934;"EXTREMA";"Velocidade Incompatível";"Tombamento";"Sem Vítimas";"Plena Noite";"Decrescente";"Ignorado";"Dupla";"Curva";"Não";1;0;0;0;1;0;0;1;-22,82007572;-46,29934031;"SPRF-MG";"DEL16-MG";"UOP03-DEL16-MG"
208292;2019-05-09;"quinta-feira";"22:30:00";"SC";282;502,5;"XANXERE";"Velocidade Incompatível";"Colisão com objeto estático";"Com Vítimas Feridas";"Plena Noite";"Crescente";"Nublado";"Dupla";"Rotatória";"Sim";2;0;1;1;0;0;2;1;-26,884584;-52,390911;"SPRF-SC";"DEL07-SC";"UOP01-DEL07-SC"
208293;2019-05-09;"quinta-feira";"20:10:00";"RO";364;710;"PORTO VELHO";"Falta de Atenção à Condução";"Colisão traseira";"Com Vítimas Feridas";"Plena Noite";"Decrescente";"Céu Claro";"Dupla";"Retorno Regulamentado";"Sim";3;0;1;0;2;0;1;2;-8,78428378;-63,86125457;"SPRF-RO";"DEL01-RO";"UOP01-DEL01-RO"
208294;2019-05-10;"sexta-feira";"00:00:00";"RJ";116;169;"SAO JOAO DE MERITI";"Falta de Atenção à Condução";"Colisão com objeto estático";"Com Vítimas Feridas";"Plena Noite";"Crescente";"Céu Claro";"Dupla";"Reta";"Sim";2;0;2;0;0;0;2;1;-22,816206;-43,324463;"SPRF-RJ";"DEL01-RJ";"UOP02-DEL01-RJ"
208297;2019-05-10;"sexta-feira";"00:05:00";"SC";280;28;"ARAQUARI";"Desobediência às normas de trânsito pelo condutor";"Colisão frontal";"Com Vítimas Feridas";"Plena Noite";"Decrescente";"Nublado";"Simples";"Reta";"Sim";2;0;0;1;1;0;1;2;-26,40450077;-48,74561031;"SPRF-SC";"DEL03-SC";"UOP03-DEL03-SC"
208298;2019-05-10;"sexta-feira";"00:00:00";"PR";277;82;"CURITIBA";"Condutor Dormindo";"Colisão traseira";"Com Vítimas Feridas";"Plena Noite";"Crescente";"Céu Claro";"Dupla";"Reta";"Não";2;0;1;0;1;0;1;2;-25,568939;-49,181978;"SPRF-PR";"DEL01-PR";"UOP07-DEL01-PR"
208300;2019-05-10;"sexta-feira";"00:10:00";"SE";101;89,4;"NOSSA SENHORA DO SOCORRO";"Animais na Pista";"Colisão lateral";"Com Vítimas Feridas";"Plena Noite";"Decrescente";"Céu Claro";"Dupla";"Reta";"Não";2;0;1;0;1;0;1;2;-10,88051024;-37,13355535;"SPRF-SE";"DEL01-SE";"UOP01-DEL01-SE"
208303;2019-05-10;"sexta-feira";"01:30:00";"BA";324;626;"SALVADOR";"Pista Escorregadia";"Saída de leito carroçável";"Sem Vítimas";"Plena Noite";"Crescente";"Chuva";"Dupla";"Curva";"Sim";4;0;0;0;4;0;0;1;-12,95020997;-38,47073108;"SPRF-BA";"DEL01-BA";"UOP01-DEL01-BA"
208304;2019-05-10;"sexta-feira";"01:15:00";"PR";376;175,5;"MARINGA";"Ingestão de Álcool";"Colisão transversal";"Sem Vítimas";"Plena Noite";"Crescente";"Céu Claro";"Dupla";"Reta";"Sim";2;0;0;0;2;0;0;2;-23,4113569;-51,9407767;"SPRF-PR";"DEL07-PR";"UOP01-DEL09-PR"
208305;2019-03-22;"sexta-feira";"04:56:00";"PE";104;71;"CARUARU";"Falta de Atenção à Condução";"Colisão traseira";"Com Vítimas Feridas";"Amanhecer";"Decrescente";"Céu Claro";"Dupla";"Reta";"Não";2;0;1;0;1;0;1;2;-8,3333;-35,9814;"SPRF-PE";"DEL02-PE";"UOP01-DEL02-PE"
208308;2019-05-10;"sexta-feira";"02:30:00";"PB";230;34,7;"BAYEUX";"Falta de Atenção à Condução";"Saída de leito carroçável";"Com Vítimas Feridas";"Plena Noite";"Crescente";"Céu Claro";"Dupla";"Reta";"Sim";1;0;1;0;0;0;1;1;-7,131;-34,9332;"SPRF-PB";"DEL01-PB";"UOP01-DEL01-PB"
208310;2019-05-01;"quarta-feira";"21:05:00";"PR";376;168,7;"MARINGA";"Falta de Atenção à Condução";"Colisão traseira";"Com Vítimas Feridas";"Plena Noite";"Decrescente";"Nublado";"Dupla";"Reta";"Não";2;0;1;0;1;0;1;2;-23,409788;-51,987453;"SPRF-PR";"DEL07-PR";"UOP01-DEL09-PR"
208312;2019-05-10;"sexta-feira";"03:15:00";"GO";452;85,4;"PORTEIRAO";"Ingestão de Álcool";"Colisão traseira";"Com Vítimas Fatais";"Plena Noite";"Crescente";"Céu Claro";"Simples";"Reta";"Não";2;1;0;0;0;1;0;2;-18,07841;-50,131283;"SPRF-GO";"DEL03-GO";"UOP02-DEL03-GO"
208315;2019-05-10;"sexta-feira";"03:50:00";"RN";304;288;"MACAIBA";"Falta de Atenção à Condução";"Saída de leito carroçável";"Sem Vítimas";"Plena Noite";"Crescente";"Céu Claro";"Simples";"Reta";"Não";1;0;0;0;1;0;0;1;-5,86849713;-35,42070796;"SPRF-RN";"DEL01-RN";"UOP02-DEL01-RN"
208317;2019-05-10;"sexta-feira";"04:30:00";"SC";282;2,2;"FLORIANOPOLIS";"Falta de Atenção à Condução";"Colisão com objeto estático";"Com Vítimas Feridas";"Plena Noite";"Decrescente";"Céu Claro";"Simples";"Reta";"Não";1;0;1;0;0;0;1;1;-27,603289;-48,590416;"SPRF-SC";"DEL01-SC";"UOP01-DEL01-SC"
208318;2019-02-06;"quarta-feira";"20:00:00";"BA";101;521;"BUERAREMA";"Defeito Mecânico no Veículo";"Queda de ocupante de veículo";"Com Vítimas Feridas";"Plena Noite";"Crescente";"Ignorado";"Simples";"Reta";"Não";1;0;1;0;0;0;1;1;-14,93982069;-39,30380955;"SPRF-BA";"DEL05-BA";"UOP01-DEL05-BA"
208319;2019-05-10;"sexta-feira";"04:10:00";"PB";230;190,7;"POCINHOS";"Ingestão de Álcool";"Colisão com objeto estático";"Com Vítimas Feridas";"Plena Noite";"Decrescente";"Garoa/Chuvisco";"Simples";"Ponte";"Não";1;0;1;0;0;0;1;1;-7,1361;-36,153;"SPRF-PB";"DEL02-PB";"UOP02-DEL02-PB"
208320;2019-05-10;"sexta-feira";"03:50:00";"PR";277;79;"CURITIBA";"Velocidade Incompatível";"Colisão com objeto estático";"Com Vítimas Feridas";"Plena Noite";"Decrescente";"Nublado";"Dupla";"Curva";"Sim";1;0;1;0;0;0;1;1;-25,47690754;-49,2058754;"SPRF-PR";"DEL01-PR";"UOP01-DEL01-PR"
208321;2019-05-09;"quinta-feira";"19:15:00";"RS";287;398,4;"SANTIAGO";"Desobediência às normas de trânsito pelo pedestre";"Atropelamento de Pedestre";"Com Vítimas Feridas";"Plena Noite";"Decrescente";"Garoa/Chuvisco";"Simples";"Reta";"Sim";3;0;1;1;1;0;2;2;-29,17167156;-54,85781085;"SPRF-RS";"DEL12-RS";"UOP02-DEL12-RS"
208323;2019-05-10;"sexta-feira";"05:20:00";"RS";116;256,9;"ESTEIO";"Falta de Atenção à Condução";"Colisão traseira";"Sem Vítimas";"Plena Noite";"Decrescente";"Chuva";"Dupla";"Reta";"Sim";2;0;0;0;2;0;0;2;-29,84393699;-51,17728603;"SPRF-RS";"DEL01-RS";"UOP02-DEL01-RS"
208325;2019-05-10;"sexta-feira";"06:28:00";"SC";282;5,5;"SAO JOSE";"Ultrapassagem Indevida";"Colisão traseira";"Com Vítimas Feridas";"Pleno dia";"Decrescente";"Céu Claro";"Dupla";"Reta";"Sim";2;0;1;0;1;0;1;2;-27,588425;-48,612919;"SPRF-SC";"DEL01-SC";"UOP01-DEL01-SC"
208326;2019-05-10;"sexta-feira";"06:29:00";"PI";343;340,7;"TERESINA";"Desobediência às normas de trânsito pelo condutor";"Colisão frontal";"Com Vítimas Feridas";"Pleno dia";"Decrescente";"Céu Claro";"Simples";"Interseção de Vias";"Sim";2;0;0;1;1;0;1;2;-5,074137;-42,73629;"SPRF-PI";"DEL01-PI";"UOP01-DEL01-PI"