"id";"data_inversa";"dia_semana";"horario";"uf";"br";"km";"municipio";"causa_acidente";"tipo_acidente";"classificacao_acidente";"fase_dia";"sentido_via";"condicao_metereologica";"tipo_pista";"tracado_via";"uso_solo";"pessoas";"mortos";"feridos_leves";"feridos_graves";"ilesos";"ignorados";"feridos";"veiculos";"latitude";"longitude";"regional";"delegacia";"uop"
208328;2019-05-10;"sexta-feira";"04:20:00";"SC";282;169,5;"BOCAINA DO SUL";"Ingestão de Álcool";"Saída de leito carroçável";"Com Vítimas Feridas";"Plena Noite";"Crescente";"Nublado";"Simples";"Curva;Declive";"Não";3;0;3;0;0;0;3;1;-27,740545;-49,833633;"SPRF-SC";"DEL05-SC";"UOP01-DEL05-SC"
208329;2019-05-10;"sexta-feira";"05:40:00";"RO";364;713;"PORTO VELHO";"Falta de Atenção à Condução";"Queda de ocupante de veículo";"Com Vítimas Feridas";"Amanhecer";"Crescente";"Céu Claro";"Simples";"Reta";"Sim";1;0;1;0;0;0;1;1;-8,77074252;-63,88249397;"SPRF-RO";"DEL01-RO";"UOP01-DEL01-RO"
208330;2019-05-10;"sexta-feira";"07:00:00";"DF";20;7;"BRASILIA";"Avarias e/ou desgaste excessivo no pneu";"Saída de leito carroçável";"Com Vítimas Feridas";"Pleno dia";"Decrescente";"Céu Claro";"Simples";"Reta";"Sim";1;0;1;0;0;0;1;1;-15,662208;-47,799866;"SPRF-DF";"DEL02-DF";"UOP01-DEL02-DF"
208331;2019-05-10;"sexta-feira";"07:00:00";"RS";116;251,4;"SAPUCAIA DO SUL";"Falta de Atenção à Condução";"Tombamento";"Com Vítimas Feridas";"Pleno dia";"Crescente";"Nublado";"Múltipla";"Reta";"Sim";2;0;0;1;0;1;1;2;-29,80035406;-51,16550365;"SPRF-RS";"DEL01-RS";"UOP02-DEL01-RS"
208332;2019-05-10;"sexta-feira";"06:30:00";"BA";116;823,7;"VITORIA DA CONQUISTA";"Desobediência às normas de trânsito pelo condutor";"Colisão transversal";"Com Vítimas Feridas";"Pleno dia";"Decrescente";"Céu Claro";"Dupla";"Reta";"Sim";2;0;1;0;1;0;1;2;-14,8079923;-40,78877284;"SPRF-BA";"DEL08-BA";"UOP01-DEL08-BA"
208334;2019-05-10;"sexta-feira";"07:00:00";"PE";232;100;"BEZERROS";"Defeito Mecânico no Veículo";"Colisão lateral";"Com Vítimas Feridas";"Pleno dia";"Crescente";"Nublado";"Dupla";"Reta";"Sim";2;0;1;0;1;0;1;2;-8,23791176;-35,74297705;"SPRF-PE";"DEL01-PE";"UOP02-DEL02PE"
208335;2019-05-10;"sexta-feira";"07:00:00";"PB";230;458,9;"SOUSA";"Falta de Atenção à Condução";"Colisão transversal";"Com Vítimas Fatais";"Pleno dia";"Decrescente";"Sol";"Simples";"Interseção de Vias";"Não";2;1;0;0;1;0;0;2;-6,774784;-38,201643;"SPRF-PB";"DEL03-PB";"UOP03-DEL03-PB"
208336;2019-05-10;"sexta-feira";"07:50:00";"GO";153;501,4;"GOIANIA";"Não guardar distância de segurança";"Colisão traseira";"Com Vítimas Feridas";"Pleno dia";"Crescente";"Céu Claro";"Dupla";"Reta";"Sim";4;0;0;1;3;0;1;2;-16,7189;-49,2382;"SPRF-GO";"DEL01-GO";"UOP01-DEL01-GO"
208339;2019-05-10;"sexta-feira";"07:59:00";"RJ";393;280,1;"BARRA DO PIRAI";"Falta de Atenção à Condução";"Atropelamento de Pedestre";"Com Vítimas Feridas";"Pleno dia";"Crescente";"Céu Claro";"Simples";"Reta";"Sim";2;0;1;1;0;0;2;2;-22,47750785;-44,01954402;"SPRF-RJ";"DEL05-RJ";"UOP04-DEL05-RJ"
208342;2019-05-10;"sexta-feira";"07:00:00";"MT";364;293,8;"JACIARA";"Falta de Atenção à Condução";"Colisão lateral";"Com Vítimas Feridas";"Pleno dia";"Decrescente";"Céu Claro";"Dupla";"Curva";"Não";2;0;0;1;1;0;1;2;-15,88519116;-55,1093702;"SPRF-MT";"DEL02-MT";"UOP02-DEL05-MT"
208343;2019-05-10;"sexta-feira";"07:55:00";"ES";101;324,3;"GUARAPARI";"Falta de Atenção à Condução";"Colisão transversal";"Com Vítimas Feridas";"Pleno dia";"Decrescente";"Céu Claro";"Simples";"Declive";"Não";3;0;1;1;1;0;2;2;-20,54592303;-40,48155635;"SPRF-ES";"DEL03-ES";"UOP01-DEL03-ES"
208344;2019-05-10;"sexta-feira";"07:20:00";"RJ";116;299;"RESENDE";"Falta de Atenção à Condução";"Colisão com objeto estático";"Com Vítimas Feridas";"Pleno dia";"Decrescente";"Céu Claro";"Dupla";"Reta";"Não";1;0;1;0;0;0;1;1;-22,45153554;-44,34627905;"SPRF-RJ";"DEL07-RJ";"DEL5/7-UOP03/RJ"
208345;2019-05-10;"sexta-feira";"08:20:00";"DF";80;15;"BRASILIA";"Avarias e/ou desgaste excessivo no pneu";"Saída de leito carroçável";"Com Vítimas Feridas";"Pleno dia";"Crescente";"Céu Claro";"Simples";"Reta";"Não";4;0;1;0;3;0;1;1;-15,710013;-48,199486;"SPRF-DF";"DEL01-DF";"UOP02-DEL03-DF"
208346;2019-05-10;"sexta-feira";"08:00:00";"ES";101;270,4;"SERRA";"Falta de Atenção à Condução";"Colisão lateral";"Com Vítimas Feridas";"Pleno dia";"Crescente";"Céu Claro";"Múltipla";"Reta";"Sim";4;0;2;1;1;0;3;3;-20,22662056;-40,27075088;"SPRF-ES";"DEL02-ES";"UOP01-DEL02-ES"
208349;2019-05-10;"sexta-feira";"08:25:00";"RN";427;95,3;"CAICO";"Não guardar distância de segurança";"Colisão traseira";"Com Vítimas Feridas";"Pleno dia";"Decrescente";"Sol";"Simples";"Reta";"Sim";3;0;0;1;2;0;1;3;-6,475593;-37,072208;"SPRF-RN";"DEL03-RN";"UOP01-DEL03-RN"
208350;2019-05-10;"sexta-feira";"07:30:00";"GO";153;501,9;"GOIANIA";"Falta de Atenção à Condução";"Engavetamento";"Sem Vítimas";"Pleno dia";"Decrescente";"Sol";"Dupla";"Reta";"Sim";3;0;0;0;3;0;0;3;-16,7189;-49,2382;"SPRF-GO";"DEL01-GO";"UOP01-DEL01-GO"
208351;2019-05-10;"sexta-feira";"08:00:00";"SP";116;134,7;"SAO JOSE DOS CAMPOS";"Defeito Mecânico no Veículo";"Tombamento";"Com Vítimas Feridas";"Pleno dia";"Crescente";"Nublado";"Dupla";"Aclive";"Não";1;0;1;0;0;0;1;1;-23,1402216;-45,7617252;"SPRF-SP";"DEL06-SP";"UOP02-DEL02-SP"
208352;2019-05-10;"sexta-feira";"08:30:00";"MG";365;741;"ITUIUTABA";"Ultrapassagem Indevida";"Saída de leito carroçável";"Com Vítimas Feridas";"Pleno dia";"Crescente";"Céu Claro";"Simples";"Declive";"Não";2;0;2;0;0;0;2;1;-18,91363311;-49,38245598;"SPRF-MG";"DEL15-MG";"UOP03-DEL15-MG"
208355;2019-05-10;"sexta-feira";"07:25:00";"MS";60;592,9;"JARDIM";"Falta de Atenção à Condução";"Colisão traseira";"Com Vítimas Feridas";"Pleno dia";"Crescente";"Céu Claro";"Simples";"Reta";"Sim";3;0;1;0;2;0;1;2;-21,48196992;-56,14179005;"SPRF-MS";"DEL05-MS";"UOP01-DEL05-MS"
208356;2019-05-09;"quinta-feira";"18:35:00";"MS";267;481;"JARDIM";"Desobediência às normas de trânsito pelo condutor";"Colisão transversal";"Com Vítimas Feridas";"Plena Noite";"Crescente";"Céu Claro";"Simples";"Reta";"Sim";2;0;1;0;1;0;1;2;-21,478745;-56,13899;"SPRF-MS";"DEL05-MS";"UOP01-DEL05-MS"
208357;2019-05-10;"sexta-feira";"09:00:00";"RJ";40;124;"DUQUE DE CAXIAS";"Falta de Atenção à Condução";"Colisão com objeto em movimento";"Com Vítimas Feridas";"Pleno dia";"Crescente";"Céu Claro";"Múltipla";"Reta";"Sim";1;0;1;0;0;0;1;1;-22,807953;-43,289124;"SPRF-RJ";"DEL01-RJ";"UOP02-DEL01-RJ"
208358;2019-05-10;"sexta-feira";"07:50:00";"SC";101;136,1;"BALNEARIO CAMBORIU";"Falta de Atenção à Condução";"Colisão lateral";"Com Vítimas Feridas";"Pleno dia";"Decrescente";"Céu Claro";"Dupla";"Reta";"Sim";2;0;1;0;1;0;1;2;-27,008113;-48,617245;"SPRF-SC";"DEL04-SC";"UOP03-DEL04-SC"
208361;2019-05-10;"sexta-feira";"09:40:00";"PE";101;90,8;"CABO DE SANTO AGOSTINHO";"Falta de Atenção do Pedestre";"Atropelamento de Pedestre";"Com Vítimas Fatais";"Pleno dia";"Decrescente";"Nublado";"Dupla";"Reta";"Sim";2;1;0;0;1;0;0;2;-8,234904;-34,979513;"SPRF-PE";"DEL01-PE";"UOP03-DEL01-PE"
208363;2019-05-10;"sexta-feira";"09:13:00";"RS";287;290,3;"SAO PEDRO DO SUL";"Pista Escorregadia";"Saída de leito carroçável";"Com Vítimas Feridas";"Pleno dia";"Crescente";"Chuva";"Simples";"Reta";"Não";1;0;1;0;0;0;1;1;-29,63508256;-54,27191803;"SPRF-RS";"DEL09-RS";"UOP01-DEL09-RS"
208364;2019-05-10;"sexta-feira";"09:50:00";"GO";60;96;"ANAPOLIS";"Não guardar distância de segurança";"Colisão com objeto estático";"Com Vítimas Feridas";"Pleno dia";"Crescente";"Céu Claro";"Dupla";"Reta";"Sim";1;0;1;0;0;0;1;1;-16,371;-48,9422;"SPRF-GO";"DEL02-GO";"UOP01-DEL02-GO"
208365;2019-05-10;"sexta-feira";"10:15:00";"RJ";393;227,3;"VASSOURAS";"Velocidade Incompatível";"Saída de leito carroçável";"Com Vítimas Feridas";"Pleno dia";"Crescente";"Nublado";"Simples";"Reta";"Não";2;0;2;0;0;0;2;1;-22,35103555;-43,57457882;"SPRF-RJ";"DEL05-RJ";"UOP03-DEL05-RJ"
208366;2019-05-10;"sexta-feira";"10:00:00";"PR";163;275;"QUATRO PONTES";"Falta de Atenção à Condução";"Saída de leito carroçável";"Com Vítimas Feridas";"Pleno dia";"Crescente";"Céu Claro";"Simples";"Reta";"Não";3;0;3;0;0;0;3;1;-24,61125308;-53,95455801;"SPRF-PR";"DEL06-PR";"UOP02-DEL06-PR"
208367;2019-05-10;"sexta-feira";"10:00:00";"RN";405;145,5;"PAU DOS FERROS";"Falta de Atenção à Condução";"Colisão transversal";"Com Vítimas Feridas";"Pleno dia";"Crescente";"Céu Claro";"Simples";"Reta";"Não";3;0;2;0;1;0;2;2;-6,10581398;-38,20595589;"SPRF-RN";"DEL04-RN";"UOP02-DEL04-RN"
208369;2019-05-10;"sexta-feira";"09:10:00";"MG";40;507,5;"RIBEIRAO DAS NEVES";"Desobediência às normas de trânsito pelo pedestre";"Atropelamento de Pedestre";"Com Vítimas Feridas";"Pleno dia";"Crescente";"Céu Claro";"Dupla";"Reta";"Sim";3;0;0;1;2;0;1;3;-19,7591;-44,1368;"SPRF-MG";"DEL02-MG";"UOP01-DEL02-MG"
208370;2019-05-10;"sexta-feira";"10:35:00";"PR";369;154,3;"LONDRINA";"Falta de Atenção à Condução";"Colisão traseira";"Com Vítimas Feridas";"Pleno dia";"Decrescente";"Céu Claro";"Dupla";"Interseção de Vias";"Sim";2;0;1;0;1;0;1;2;-23,29732445;-51,20149791;"SPRF-PR";"DEL07-PR";"UOP01-DEL07-PR"
208373;2019-05-08;"quarta-feira";"18:30:00";"BA";242;621,7;"MUQUEM DE SAO FRANCISCO";"Ultrapassagem Indevida";"Colisão transversal";"Sem Vítimas";"Plena Noite";"Decrescente";"Céu Claro";"Simples";"Reta";"Não";5;0;0;0;5;0;0;2;-12,221975;-43,490517;"SPRF-BA";"DEL10-BA";"UOP03-DEL06-BA"
208374;2019-05-10;"sexta-feira";"10:45:00";"SC";101;141;"BALNEARIO CAMBORIU";"Falta de Atenção à Condução";"Tombamento";"Sem Vítimas";"Pleno dia";"Crescente";"Nublado";"Dupla";"Reta";"Não";1;0;0;0;1;0;0;1;-27,04761729;-48,59995855;"SPRF-SC";"DEL04-SC";"UOP03-DEL04-SC"
208375;2019-05-10;"sexta-feira";"11:15:00";"DF";40;3;"BRASILIA";"Não guardar distância de segurança";"Colisão traseira";"Com Vítimas Feridas";"Pleno dia";"Crescente";"Céu Claro";"Dupla";"Reta";"Sim";2;0;1;0;1;0;1;2;-16,003145;-47,983944;"SPRF-DF";"DEL01-DF";"UOP01-DEL01-DF"
208376;2019-05-10;"sexta-feira";"09:39:00";"MS";262;760;"CORUMBA";"Avarias e/ou desgaste excessivo no pneu";"Saída de leito carroçável";"Com Vítimas Feridas";"Pleno dia";"Decrescente";"Sol";"Simples";"Reta";"Não";3;0;0;2;1;0;2;1;-19,14528811;-57,62606479;"SPRF-MS";"DEL03-MS";"UOP03-DEL03-MS"
208377;2019-05-10;"sexta-feira";"11:36:00";"DF";20;12;"BRASILIA";"Desobediência às normas de trânsito pelo condutor";"Colisão traseira";"Com Vítimas Feridas";"Pleno dia";"Crescente";"Céu Claro";"Dupla";"Reta";"Sim";3;0;2;0;1;0;2;2;-15,642812;-47,757786;"SPRF-DF";"DEL02-DF";"UOP01-DEL02-DF"
208379;2019-05-10;"sexta-feira";"10:45:00";"CE";222;253,1;"SOBRAL";"Velocidade Incompatível";"Colisão frontal";"Com Vítimas Feridas";"Pleno dia";"Crescente";"Sol";"Simples";"Declive;Reta";"Não";6;0;5;0;1;0;5;2;-3,75413988;-40,58599699;"SPRF-CE";"DEL04-CE";"UOP02-DEL04-CE"
208385;2019-05-10;"sexta-feira";"08:00:00";"MA";0;0;"SAO LUIS";"Falta de Atenção à Condução";"Colisão transversal";"Sem Vítimas";"Pleno dia";"Não Informado";"Céu Claro";"Dupla";"Reta";"Sim";2;0;0;0;2;0;0;2;-2,68053538;-44,29512283;"SPRF-MA";"DEL01-MA";"UOP01-DEL01-MA"
208387;2019-05-10;"sexta-feira";"12:00:00";"MA";230;664,1;"ESTREITO";"Falta de Atenção à Condução";"Colisão transversal";"Com Vítimas Feridas";"Pleno dia";"Decrescente";"Céu Claro";"Simples";"Declive";"Não";1;0;0;1;0;0;1;1;-6,584722;-47,44;"SPRF-MA";"DEL04-MA";"UOP02-DEL04-MA"
208389;2019-05-10;"sexta-feira";"11:30:00";"MS";163;485,5;"CAMPO GRANDE";"Pista Escorregadia";"Queda de ocupante de veículo";"Com Vítimas Feridas";"Pleno dia";"Crescente";"Céu Claro";"Simples";"Reta";"Sim";2;0;2;0;0;0;2;1;-20,44233707;-54,54201834;"SPRF-MS";"DEL01-MS";"UOP02-DEL01-MS"
208390;2019-05-10;"sexta-feira";"12:50:00";"RJ";101;573;"PARATY";"Falta de Atenção à Condução";"Colisão traseira";"Sem Vítimas";"Pleno dia";"Crescente";"Sol";"Simples";"Reta";"Não";3;0;0;0;3;0;0;2;-23,21310923;-44,73461151;"SPRF-RJ";"DEL03-RJ";"UOP04-DEL03-RJ"
208394;2019-05-10;"sexta-feira";"08:05:00";"SC";282;476,3;"VARGEAO";"Falta de Atenção à Condução";"Colisão transversal";"Com Vítimas Fatais";"Pleno dia";"Decrescente";"Nublado";"Simples";"Reta";"Não";4;1;0;3;0;0;3;2;-26,8756797;-52,15774482;"SPRF-SC";"DEL07-SC";"UOP01-DEL07-SC"
208395;2019-05-10;"sexta-feira";"13:30:00";"PE";232;10,9;"JABOATAO DOS GUARARAPES";"Sinalização da via insuficiente ou inadequada";"Colisão frontal";"Com Vítimas Feridas";"Pleno dia";"Decrescente";"Sol";"Simples";"Curva";"Sim";2;0;1;0;1;0;1;2;-8,08262633;-34,99558752;"SPRF-PE";"DEL01-PE";"UOP01-DEL01-PE"
208397;2019-05-10;"sexta-feira";"13:30:00";"RS";392;351,7;"SANTA MARIA";"Falta de Atenção do Pedestre";"Atropelamento de Pedestre";"Com Vítimas Feridas";"Pleno dia";"Decrescente";"Nublado";"Simples";"Reta";"Sim";3;0;0;1;2;0;1;2;-29,7284269;-53,80323691;"SPRF-RS";"DEL09-RS";"UOP01-DEL09-RS"
208403;2019-05-10;"sexta-feira";"13:50:00";"PR";376;375,4;"IMBAU";"Condutor Dormindo";"Saída de leito carroçável";"Com Vítimas Feridas";"Pleno dia";"Crescente";"Sol";"Simples";"Curva";"Não";1;0;1;0;0;0;1;1;-24,41657128;-50,78151322;"SPRF-PR";"DEL03-PR";"UOP02-DEL03-PR"
208404;2019-05-10;"sexta-feira";"09:10:00";"ES";101;67,4;"SAO MATEUS";"Falta de Atenção à Condução";"Queda de ocupante de veículo";"Com Vítimas Feridas";"Pleno dia";"Decrescente";"Céu Claro";"Simples";"Reta";"Sim";1;0;1;0;0;0;1;1;-18,72090076;-39,86463726;"SPRF-ES";"DEL04-ES";"UOP02-DEL04-ES"
208405;2019-05-03;"sexta-feira";"18:00:00";"SC";153;29,9;"AGUA DOCE";"Falta de Atenção do Pedestre";"Atropelamento de Pedestre";"Com Vítimas Feridas";"Anoitecer";"Crescente";"Céu Claro";"Simples";"Curva";"Não";3;0;0;1;2;0;1;2;-26,779648;-51,684895;"SPRF-SC";"DEL07-SC";"UOP07-DEL07-SC"
208406;2019-05-10;"sexta-feira";"09:30:00";"RN";405;142,5;"SAO FRANCISCO DO OESTE";"Falta de Atenção à Condução";"Saída de leito carroçável";"Com Vítimas Feridas";"Pleno dia";"Crescente";"Sol";"Simples";"Reta";"Não";1;0;0;1;0;0;1;1;-6,03641304;-38,19399888;"SPRF-RN";"DEL04-RN";"UOP02-DEL04-RN"
208407;2019-05-10;"sexta-feira";"12:10:00";"BA";324;612;"SALVADOR";"Não guardar distância de segurança";"Engavetamento";"Sem Vítimas";"Pleno dia";"Decrescente";"Chuva";"Dupla";"Reta";"Sim";9;0;0;0;9;0;0;4;-12,84664721;-38,41741648;"SPRF-BA";"DEL01-BA";"UOP01-DEL01-BA"
208409;2019-05-10;"sexta-feira";"14:45:00";"SC";280;58,3;"GUARAMIRIM";"Falta de Atenção à Condução";"Colisão traseira";"Com Vítimas Feridas";"Pleno dia";"Crescente";"Céu Claro";"Simples";"Reta";"Sim";3;0;1;0;2;0;1;3;-26,47415593;-49,021211;"SPRF-SC";"DEL03-SC";"UOP03-DEL03-SC"
208410;2019-05-10;"sexta-feira";"14:30:00";"DF";20;11;"BRASILIA";"Falta de Atenção à Condução";"Colisão traseira";"Com Vítimas Feridas";"Pleno dia";"Crescente";"Céu Claro";"Dupla";"Reta";"Sim";2;0;1;0;1;0;1;2;-15,64654;-47,766422;"SPRF-DF";"DEL02-DF";"UOP01-DEL02-DF"
208411;2019-05-10;"sexta-feira";"14:35:00";"MG";354;734,5;"POUSO ALTO";"Falta de Atenção à Condução";"Colisão transversal";"Com Vítimas Fatais";"Pleno dia";"Decrescente";"Nublado";"Simples";"Interseção de Vias;Curva";"Sim";3;1;0;0;1;1;0;3;-22,18823192;-44,97635454;"SPRF-MG";"DEL05-MG";"UOP01-DEL17-MG"
208412;2019-05-10;"sexta-feira";"14:50:00";"PR";376;178,9;"MARINGA";"Falta de Atenção à Condução";"Colisão transversal";"Com Vítimas Feridas";"Pleno dia";"Decrescente";"Sol";"Dupla";"Interseção de Vias";"Sim";2;0;1;0;1;0;1;2;-23,418932;-51,913668;"SPRF-PR";"DEL07-PR";"UOP01-DEL09-PR"
208413;2019-05-10;"sexta-feira";"14:10:00";"GO";452;18,1;"RIO VERDE";"Falta de Atenção à Condução";"Saída de leito carroçável";"Com Vítimas Feridas";"Pleno dia";"Decrescente";"Céu Claro";"Simples";"Reta";"Não";1;0;0;1;0;0;1;1;-17,85914742;-50,74936415;"SPRF-GO";"DEL04-GO";"UOP01-DEL04-GO"
208414;2019-05-10;"sexta-feira";"13:55:00";"MS";163;542,2;"BANDEIRANTES";"Ultrapassagem Indevida";"Colisão frontal";"Com Vítimas Fatais";"Pleno dia";"Crescente";"Céu Claro";"Simples";"Aclive";"Não";5;1;0;4;0;0;4;2;-19,97193507;-54,38262184;"SPRF-MS";"DEL01-MS";"UOP02-DEL01-MS"
208415;2019-05-10;"sexta-feira";"15:00:00";"PE";428;189;"PETROLINA";"Falta de Atenção à Condução";"Colisão transversal";"Com Vítimas Feridas";"Pleno dia";"Decrescente";"Sol";"Simples";"Reta";"Sim";2;0;1;0;1;0;1;2;-9,37751153;-40,50066948;"SPRF-PE";"DEL06-PE";"UOP01-DEL06-PE"
208416;2019-03-19;"terça-feira";"14:30:00";"SC";282;16,5;"PALHOCA";"Falta de Atenção à Condução";"Colisão transversal";"Com Vítimas Feridas";"Pleno dia";"Crescente";"Ignorado";"Simples";"Reta";"Sim";2;0;1;0;1;0;1;2;-27,66175556;-48,68459528;"SPRF-SC";"DEL01-SC";"UOP02-DEL01-SC"
208419;2019-05-10;"sexta-feira";"15:30:00";"PR";376;176,3;"MARINGA";"Falta de Atenção à Condução";"Colisão traseira";"Com Vítimas Feridas";"Pleno dia";"Decrescente";"Céu Claro";"Múltipla";"Reta";"Sim";2;0;1;0;1;0;1;2;-23,41156715;-51,9350338;"SPRF-PR";"DEL07-PR";"UOP01-DEL09-PR"
208420;2019-05-10;"sexta-feira";"14:25:00";"GO";153;657,3;"GOIATUBA";"Velocidade Incompatível";"Saída de leito carroçável";"Com Vítimas Feridas";"Pleno dia";"Decrescente";"Garoa/Chuvisco";"Dupla";"Declive;Reta";"Não";4;0;3;0;1;0;3;1;-18,0277;-49,265;"SPRF-GO";"DEL03-GO";"UOP01-DEL03-GO"
208422;2019-05-10;"sexta-feira";"13:15:00";"RO";364;426;"JARU";"Falta de Atenção à Condução";"Colisão transversal";"Sem Vítimas";"Pleno dia";"Crescente";"Céu Claro";"Simples";"Reta";"Sim";6;0;0;0;6;0;0;2;-10,432443;-62,479584;"SPRF-RO";"DEL03-RO";"UOP02-DEL03-RO"
208423;2019-05-10;"sexta-feira";"15:15:00";"RJ";116;237;"PIRAI";"Falta de Atenção à Condução";"Colisão com objeto estático";"Sem Vítimas";"Pleno dia";"Decrescente";"Céu Claro";"Simples";"Reta";"Sim";1;0;0;0;1;0;0;1;-22,6648253;-43,8735;"SPRF-RJ";"DEL07-RJ";"UOP01-DEL07-RJ"
208424;2019-05-10;"sexta-feira";"14:35:00";"PI";316;284,3;"DOM EXPEDITO LOPES";"Falta de Atenção à Condução";"Colisão traseira";"Com Vítimas Feridas";"Pleno dia";"Decrescente";"Céu Claro";"Simples";"Reta";"Sim";2;0;1;0;1;0;1;2;-6,97050903;-41,66156599;"SPRF-PI";"DEL04-PI";"UOP01-DEL04-PI"
208426;2019-05-10;"sexta-feira";"15:00:00";"RJ";465;15,8;"NOVA IGUACU";"Falta de Atenção à Condução";"Colisão transversal";"Com Vítimas Fatais";"Pleno dia";"Crescente";"Céu Claro";"Simples";"Reta";"Sim";2;1;0;1;0;0;1;2;-22,810925;-43,631504;"SPRF-RJ";"DEL01-RJ";"UOP01-DEL01-MS"
208428;2019-05-10;"sexta-feira";"14:50:00";"PR";277;524,5;"GUARANIACU";"Ingestão de Álcool";"Colisão traseira";"Sem Vítimas";"Pleno dia";"Decrescente";"Nublado";"Simples";"Reta";"Não";3;0;0;0;3;0;0;2;-25,09661518;-52,91227821;"SPRF-PR";"DEL04-PR";"UOP04-DEL04-PR"
208429;2019-05-10;"sexta-feira";"16:40:00";"PR";116;15;"CAMPINA GRANDE DO SUL";"Defeito na Via";"Queda de ocupante de veículo";"Com Vítimas Feridas";"Pleno dia";"Crescente";"Nublado";"Dupla";"Reta";"Não";1;0;1;0;0;0;1;1;-25,09832756;-48,68266005;"SPRF-PR";"DEL01-PR";"UOP02-DEL01-PR"
208431;2019-05-10;"sexta-feira";"16:30:00";"MG";381;455;"SABARA";"Falta de Atenção do Pedestre";"Atropelamento de Pedestre";"Com Vítimas Feridas";"Pleno dia";"Crescente";"Céu Claro";"Simples";"Reta";"Sim";2;0;2;0;0;0;2;2;-19,84180503;-43,86669159;"SPRF-MG";"DEL01-MG";"UOP01-DEL01-MG"
208432;2019-05-10;"sexta-feira";"16:50:00";"BA";324;579;"CANDEIAS";"Falta de Atenção à Condução";"Colisão traseira";"Com Vítimas Feridas";"Anoitecer";"Decrescente";"Garoa/Chuvisco";"Dupla";"Reta";"Não";2;0;0;1;1;0;1;2;-12,5942506;-38,51640271;"SPRF-BA";"DEL01-BA";"UOP01-DEL01-BA"
208433;2019-05-06;"segunda-feira";"18:00:00";"MG";459;95;"POUSO ALEGRE";"Falta de Atenção à Condução";"Danos eventuais";"Sem Vítimas";"Anoitecer";"Decrescente";"Céu Claro";"Simples";"Curva";"Não";1;0;0;0;1;0;0;1;-22,189781;-45,983028;"SPRF-MG";"DEL13-MG";"UOP01-DEL13-MG"
208436;2019-05-10;"sexta-feira";"17:30:00";"SC";470;94,4;"APIUNA";"Falta de Atenção à Condução";"Colisão transversal";"Com Vítimas Feridas";"Anoitecer";"Decrescente";"Nublado";"Simples";"Reta";"Não";2;0;1;0;1;0;1;2;-27,003345;-49,374668;"SPRF-SC";"DEL04-SC";"UOP01-DEL04-SC"
208437;2019-05-10;"sexta-feira";"17:30:00";"PR";369;147,3;"LONDRINA";"Não guardar distância de segurança";"Colisão transversal";"Com Vítimas Feridas";"Pleno dia";"Crescente";"Céu Claro";"Dupla";"Reta";"Sim";2;0;0;1;1;0;1;2;-23,2931167;-51,13670999;"SPRF-PR";"DEL07-PR";"UOP01-DEL07-PR"
208438;2019-05-10;"sexta-feira";"15:00:00";"TO";226;54,3;"DARCINOPOLIS";"Avarias e/ou desgaste excessivo no pneu";"Saída de leito carroçável";"Com Vítimas Feridas";"Pleno dia";"Decrescente";"Céu Claro";"Simples";"Curva";"Não";3;0;2;0;1;0;2;1;-6,823268;-47,82016;"SPRF-TO";"DEL02-TO";"UOP03-DEL02-TO"
208439;2019-05-10;"sexta-feira";"17:40:00";"GO";40;7,5;"LUZIANIA";"Desobediência às normas de trânsito pelo condutor";"Colisão lateral";"Com Vítimas Feridas";"Anoitecer";"Crescente";"Céu Claro";"Dupla";"Reta";"Sim";2;0;1;0;0;1;1;2;-16,108482;-47,972524;"SPRF-DF";"DEL01-DF";"UOP01-DEL01-DF"
208440;2019-05-10;"sexta-feira";"17:50:00";"MG";459;95,5;"POUSO ALEGRE";"Falta de Atenção do Pedestre";"Atropelamento de Pedestre";"Com Vítimas Feridas";"Anoitecer";"Crescente";"Céu Claro";"Simples";"Curva";"Sim";2;0;1;1;0;0;2;2;-22,189781;-45,983028;"SPRF-MG";"DEL13-MG";"UOP01-DEL13-MG"
208441;2019-05-10;"sexta-feira";"18:00:00";"PE";424;77,3;"CAETES";"Restrição de Visibilidade";"Atropelamento de Pedestre";"Com Vítimas Fatais";"Plena Noite";"Decrescente";"Céu Claro";"Simples";"Reta";"Não";2;1;0;0;0;1;0;2;-8,81586775;-36,57176971;"SPRF-PE";"DEL03-PE";"UOP01-DEL03-PE"
208442;2019-05-10;"sexta-feira";"16:00:00";"MT";70;514;"VARZEA GRANDE";"Desobediência às normas de trânsito pelo condutor";"Colisão transversal";"Com Vítimas Feridas";"Pleno dia";"Decrescente";"Céu Claro";"Simples";"Interseção de Vias;Rotatória";"Não";3;0;2;0;1;0;2;2;-15,70613419;-56,13241196;"SPRF-MT";"DEL01-MT";"DEL2/4-UOP02/MT"
208443;2019-05-10;"sexta-feira";"14:00:00";"PI";316;153;"ELESBAO VELOSO";"Defeito na Via";"Saída de leito carroçável";"Com Vítimas Feridas";"Pleno dia";"Crescente";"Céu Claro";"Simples";"Reta";"Não";5;0;1;0;4;0;1;1;-6,13930578;-42,14488892;"SPRF-PI";"DEL04-PI";"UOP02-DEL04-PI"
208444;2019-05-10;"sexta-feira";"18:10:00";"PB";101;95;"CONDE";"Objeto estático sobre o leito carroçável";"Queda de ocupante de veículo";"Com Vítimas Feridas";"Plena Noite";"Decrescente";"Céu Claro";"Dupla";"Curva";"Não";2;0;2;0;0;0;2;1;-7,22379403;-34,91488195;"SPRF-PB";"DEL01-PB";"UOP01-DEL01-PB"