"id";"data_inversa";"dia_semana";"horario";"uf";"br";"km";"municipio";"causa_acidente";"tipo_acidente";"classificacao_acidente";"fase_dia";"sentido_via";"condicao_metereologica";"tipo_pista";"tracado_via";"uso_solo";"pessoas";"mortos";"feridos_leves";"feridos_graves";"ilesos";"ignorados";"feridos";"veiculos";"latitude";"longitude";"regional";"delegacia";"uop"
208445;2019-05-10;"sexta-feira";"17:15:00";"MG";356;265,7;"MURIAE";"Falta de Atenção à Condução";"Colisão transversal";"Com Vítimas Feridas";"Anoitecer";"Decrescente";"Nublado";"Simples";"Reta;Interseção de Vias";"Sim";2;0;1;0;1;0;1;2;-21,12838898;-42,366803;"SPRF-MG";"DEL07-MG";"UOP02-DEL07-MG"
208447;2019-05-10;"sexta-feira";"17:31:00";"RS";116;149,9;"CAXIAS DO SUL";"Falta de Atenção à Condução";"Colisão lateral";"Com Vítimas Feridas";"Anoitecer";"Decrescente";"Garoa/Chuvisco";"Dupla";"Interseção de Vias";"Sim";4;0;2;0;2;0;2;2;-29,15996905;-51,15645292;"SPRF-RS";"DEL05-RS";"UOP01-DEL05-RS"
208448;2019-05-10;"sexta-feira";"18:28:00";"PR";116;121;"CURITIBA";"Não guardar distância de segurança";"Colisão lateral";"Com Vítimas Feridas";"Anoitecer";"Decrescente";"Nublado";"Dupla";"Reta";"Sim";2;0;1;0;1;0;1;2;-25,5599323;-49,30743945;"SPRF-PR";"DEL01-PR";"UOP03-DEL01-PR"
208449;2019-05-10;"sexta-feira";"18:10:00";"RS";471;174,5;"RIO PARDO";"Falta de Atenção do Pedestre";"Atropelamento de Pedestre";"Com Vítimas Fatais";"Anoitecer";"Decrescente";"Céu Claro";"Simples";"Reta";"Sim";2;1;0;0;1;0;0;2;-30,022757;-52,373554;"SPRF-RS";"DEL02-RS";"UOP02-DEL02-RS"
208450;2019-05-10;"sexta-feira";"17:50:00";"SP";116;273;"TABOAO DA SERRA";"Falta de Atenção à Condução";"Colisão lateral";"Com Vítimas Feridas";"Anoitecer";"Decrescente";"Céu Claro";"Dupla";"Reta";"Sim";3;0;2;0;1;0;2;2;-23,62809795;-46,81870306;"SPRF-SP";"DEL04-SP";"UOP01-DEL04-SP"
208451;2019-05-10;"sexta-feira";"18:30:00";"SC";282;4,1;"SAO JOSE";"Falta de Atenção à Condução";"Colisão transversal";"Com Vítimas Feridas";"Plena Noite";"Decrescente";"Céu Claro";"Dupla";"Reta";"Sim";2;0;0;1;1;0;1;2;-27,592646;-48,604034;"SPRF-SC";"DEL01-SC";"UOP01-DEL01-SC"
208452;2019-05-10;"sexta-feira";"18:30:00";"GO";153;268,9;"NOVA GLORIA";"Desobediência às normas de trânsito pelo condutor";"Colisão frontal";"Com Vítimas Fatais";"Anoitecer";"Decrescente";"Céu Claro";"Simples";"Reta";"Não";2;1;0;0;1;0;0;2;-15,053931;-49,447121;"SPRF-GO";"DEL07-GO";"UOP02-DEL07-GO"
208453;2019-05-10;"sexta-feira";"18:30:00";"SP";116;210;"GUARULHOS";"Não guardar distância de segurança";"Colisão traseira";"Com Vítimas Feridas";"Anoitecer";"Crescente";"Nublado";"Dupla";"Reta";"Sim";2;0;1;0;1;0;1;2;-23,42978021;-46,41378164;"SPRF-SP";"DEL01-SP";"UOP01-DEL01-SP"
208455;2019-05-10;"sexta-feira";"18:20:00";"SC";101;213,2;"PALHOCA";"Defeito na Via";"Colisão traseira";"Com Vítimas Feridas";"Plena Noite";"Crescente";"Céu Claro";"Múltipla";"Reta";"Sim";4;0;2;0;2;0;2;4;-27,63697369;-48,66514142;"SPRF-SC";"DEL01-SC";"UOP02-DEL01-SC"
208456;2019-05-10;"sexta-feira";"17:10:00";"PB";230;10;"CABEDELO";"Não guardar distância de segurança";"Engavetamento";"Com Vítimas Feridas";"Anoitecer";"Decrescente";"Céu Claro";"Dupla";"Reta";"Sim";3;0;1;1;0;1;2;3;-7,07109302;-34,84964501;"SPRF-PB";"DEL01-PB";"UOP01-DEL01-PB"
208457;2019-05-10;"sexta-feira";"18:30:00";"CE";222;4;"FORTALEZA";"Falta de Atenção à Condução";"Colisão transversal";"Com Vítimas Feridas";"Plena Noite";"Decrescente";"Céu Claro";"Dupla";"Reta";"Sim";3;0;1;0;2;0;1;2;-3,74164754;-38,60449792;"SPRF-CE";"DEL01-CE";"UOP01-DEL01-CE"
208459;2019-05-10;"sexta-feira";"18:00:00";"MT";163;837;"SINOP";"Falta de Atenção à Condução";"Colisão transversal";"Com Vítimas Feridas";"Anoitecer";"Crescente";"Céu Claro";"Dupla";"Reta";"Sim";2;0;1;0;1;0;1;2;-11,85035264;-55,49207579;"SPRF-MT";"DEL06-MT";"UOP02-DEL06-MT"
208460;2019-05-10;"sexta-feira";"17:20:00";"RJ";101;321;"NITEROI";"Mal Súbito";"Colisão com objeto estático";"Com Vítimas Feridas";"Pleno dia";"Decrescente";"Céu Claro";"Múltipla";"Reta";"Sim";3;0;0;1;0;2;1;2;-22,86981096;-43,11046465;"SPRF-RJ";"DEL02-RJ";"UOP02-DEL02-RJ"
208461;2019-05-10;"sexta-feira";"18:05:00";"MG";50;71,5;"UBERLANDIA";"Falta de Atenção à Condução";"Colisão traseira";"Com Vítimas Feridas";"Plena Noite";"Crescente";"Céu Claro";"Dupla";"Reta";"Sim";4;0;1;0;3;0;1;4;-18,85140204;-48,25345932;"SPRF-MG";"DEL15-MG";"UOP01-DEL15-MG"
208463;2019-05-10;"sexta-feira";"18:30:00";"RS";392;8,9;"RIO GRANDE";"Pista Escorregadia";"Colisão lateral";"Com Vítimas Feridas";"Plena Noite";"Crescente";"Chuva";"Simples";"Rotatória";"Sim";3;0;1;0;2;0;1;2;-32,11094986;-52,11204508;"SPRF-RS";"DEL07-RS";"UOP02-DEL07-RS"
208465;2019-05-10;"sexta-feira";"19:15:00";"SP";116;206;"GUARULHOS";"Não guardar distância de segurança";"Tombamento";"Com Vítimas Feridas";"Plena Noite";"Crescente";"Céu Claro";"Múltipla";"Reta";"Sim";1;0;1;0;0;0;1;1;-23,41722629;-46,37510292;"SPRF-SP";"DEL01-SP";"UOP01-DEL01-SP"
208466;2019-05-10;"sexta-feira";"08:00:00";"RS";392;241;"CACAPAVA DO SUL";"Velocidade Incompatível";"Saída de leito carroçável";"Com Vítimas Feridas";"Pleno dia";"Decrescente";"Chuva";"Simples";"Curva";"Não";1;0;1;0;0;0;1;1;-30,60476407;-53,36821527;"SPRF-RS";"DEL09-RS";"UOP02-DEL09-RS"
208467;2019-05-10;"sexta-feira";"19:15:00";"RS";116;228,2;"DOIS IRMAOS";"Falta de Atenção à Condução";"Colisão frontal";"Com Vítimas Feridas";"Plena Noite";"Crescente";"Nublado";"Simples";"Reta";"Sim";3;0;2;1;0;0;3;2;-29,61103966;-51,12425074;"SPRF-RS";"DEL01-RS";"UOP02-DEL01-RS"
208468;2019-05-10;"sexta-feira";"19:00:00";"GO";60;171,9;"ABADIA DE GOIAS";"Desobediência às normas de trânsito pelo condutor";"Colisão traseira";"Com Vítimas Feridas";"Plena Noite";"Decrescente";"Céu Claro";"Dupla";"Reta";"Sim";2;0;0;1;0;1;1;2;-16,7333;-49,3996;"SPRF-GO";"DEL01-GO";"UOP02-DEL01-GO"
208471;2019-05-10;"sexta-feira";"17:35:00";"PR";116;88;"PIRAQUARA";"Velocidade Incompatível";"Capotamento";"Com Vítimas Feridas";"Anoitecer";"Decrescente";"Nublado";"Dupla";"Curva";"Não";1;0;1;0;0;0;1;1;-25,44781497;-49,09096994;"SPRF-PR";"DEL01-PR";"UOP01-DEL01-PR"
208472;2019-05-10;"sexta-feira";"19:30:00";"BA";116;358,9;"SERRINHA";"Falta de Atenção à Condução";"Colisão transversal";"Com Vítimas Feridas";"Plena Noite";"Crescente";"Nublado";"Simples";"Reta";"Sim";5;0;4;0;0;1;4;2;-11,6673251;-39,00112152;"SPRF-BA";"DEL02-BA";"UOP01-DEL02-BA"
208473;2019-05-10;"sexta-feira";"19:10:00";"SC";116;57,9;"PAPANDUVA";"Desobediência às normas de trânsito pelo condutor";"Colisão transversal";"Sem Vítimas";"Plena Noite";"Crescente";"Céu Claro";"Simples";"Interseção de Vias";"Não";2;0;0;0;2;0;0;2;-26,38204782;-50,18999277;"SPRF-SC";"DEL06-SC";"UOP02-DEL06-SC"
208474;2019-05-10;"sexta-feira";"18:45:00";"MS";163;484,4;"CAMPO GRANDE";"Falta de Atenção à Condução";"Tombamento";"Com Vítimas Feridas";"Plena Noite";"Crescente";"Céu Claro";"Simples";"Reta";"Sim";2;0;2;0;0;0;2;2;-20,45104898;-54,5403266;"SPRF-MS";"DEL01-MS";"UOP02-DEL01-MS"
208475;2019-05-10;"sexta-feira";"19:10:00";"BA";101;717,8;"EUNAPOLIS";"Ingestão de Álcool";"Colisão traseira";"Com Vítimas Feridas";"Plena Noite";"Decrescente";"Céu Claro";"Múltipla";"Reta";"Sim";2;0;1;0;1;0;1;2;-16,36366483;-39,58054917;"SPRF-BA";"DEL09-BA";"UOP01-DEL09-BA"
208476;2019-05-10;"sexta-feira";"19:40:00";"AL";423;51,2;"INHAPI";"Falta de Atenção do Pedestre";"Atropelamento de Pedestre";"Com Vítimas Fatais";"Plena Noite";"Decrescente";"Céu Claro";"Simples";"Reta";"Sim";2;1;0;0;1;0;0;2;-9,26452498;-37,73084265;"SPRF-AL";"DEL03-AL";"UOP02-DEL03-AL"
208477;2019-05-10;"sexta-feira";"16:35:00";"RS";392;46,1;"RIO GRANDE";"Condutor Dormindo";"Saída de leito carroçável";"Com Vítimas Feridas";"Pleno dia";"Crescente";"Nublado";"Dupla";"Reta";"Não";1;0;1;0;0;0;1;1;-31,91018203;-52,31605918;"SPRF-RS";"DEL07-RS";"UOP02-DEL07-RS"
208478;2019-05-10;"sexta-feira";"18:50:00";"SC";470;114,4;"IBIRAMA";"Desobediência às normas de trânsito pelo condutor";"Colisão frontal";"Com Vítimas Feridas";"Plena Noite";"Decrescente";"Céu Claro";"Simples";"Reta";"Sim";2;0;1;1;0;0;2;2;-27,086386;-49,478001;"SPRF-SC";"DEL04-SC";"UOP02-DEL04-SC"
208479;2019-05-10;"sexta-feira";"18:20:00";"PR";280;291,7;"FLOR DA SERRA DO SUL";"Restrição de Visibilidade";"Colisão transversal";"Com Vítimas Fatais";"Plena Noite";"Decrescente";"Chuva";"Simples";"Reta";"Sim";4;1;0;1;2;0;1;3;-26,25739662;-53,30257416;"SPRF-PR";"DEL02-PR";"UOP01-DEL02-PR"
208481;2019-05-10;"sexta-feira";"20:15:00";"PB";230;24;"JOAO PESSOA";"Desobediência às normas de trânsito pelo pedestre";"Atropelamento de Pedestre";"Com Vítimas Feridas";"Plena Noite";"Crescente";"Céu Claro";"Dupla";"Reta";"Sim";2;0;0;2;0;0;2;2;-7,1637;-34,8618;"SPRF-PB";"DEL01-PB";"UOP01-DEL01-PB"
208483;2019-05-10;"sexta-feira";"20:10:00";"RS";287;270,7;"SANTA MARIA";"Falta de Atenção à Condução";"Colisão frontal";"Com Vítimas Feridas";"Plena Noite";"Decrescente";"Nublado";"Simples";"Reta";"Não";6;0;4;1;1;0;5;2;-29,66708834;-54,07394603;"SPRF-RS";"DEL09-RS";"UOP01-DEL09-RS"
208484;2019-05-10;"sexta-feira";"19:00:00";"MS";163;258,2;"DOURADOS";"Falta de Atenção à Condução";"Colisão transversal";"Com Vítimas Feridas";"Plena Noite";"Decrescente";"Céu Claro";"Dupla";"Rotatória";"Sim";3;0;2;0;1;0;2;2;-22,25859;-54,783592;"SPRF-MS";"DEL04-MS";"UOP01-DEL04-MS"
208485;2019-05-10;"sexta-feira";"18:20:00";"MG";381;939,1;"EXTREMA";"Falta de Atenção do Pedestre";"Atropelamento de Pedestre";"Com Vítimas Fatais";"Anoitecer";"Crescente";"Céu Claro";"Dupla";"Reta";"Não";2;1;0;0;1;0;0;2;-22,84701434;-46,33321175;"SPRF-MG";"DEL16-MG";"UOP03-DEL16-MG"
208486;2019-05-10;"sexta-feira";"17:45:00";"SC";101;134,7;"BALNEARIO CAMBORIU";"Desobediência às normas de trânsito pelo condutor";"Colisão transversal";"Com Vítimas Feridas";"Anoitecer";"Decrescente";"Nublado";"Simples";"Reta";"Sim";3;0;0;2;1;0;2;2;-27,00218;-48,636433;"SPRF-SC";"DEL04-SC";"UOP03-DEL04-SC"
208489;2019-05-10;"sexta-feira";"20:40:00";"SC";101;124;"ITAJAI";"Ingestão de Álcool";"Atropelamento de Pedestre";"Com Vítimas Fatais";"Plena Noite";"Crescente";"Céu Claro";"Dupla";"Reta";"Sim";4;1;0;0;3;0;0;2;-26,94335064;-48,69198648;"SPRF-SC";"DEL04-SC";"UOP04-DEL04-SC"
208491;2019-05-10;"sexta-feira";"21:00:00";"SC";280;73,9;"JARAGUA DO SUL";"Ingestão de Álcool";"Colisão transversal";"Com Vítimas Feridas";"Plena Noite";"Crescente";"Nublado";"Simples";"Rotatória";"Sim";2;0;1;0;1;0;1;2;-26,4584381;-49,16846931;"SPRF-SC";"DEL03-SC";"UOP03-DEL03-SC"
208492;2019-05-10;"sexta-feira";"17:10:00";"MG";116;274,8;"TEOFILO OTONI";"Falta de Atenção à Condução";"Colisão lateral";"Com Vítimas Feridas";"Anoitecer";"Decrescente";"Nublado";"Dupla";"Reta";"Não";2;0;1;0;1;0;1;2;-17,84044272;-41,51328921;"SPRF-MG";"DEL11-MG";"UOP01-DEL11-MG"
208493;2019-05-10;"sexta-feira";"20:30:00";"PR";163;257;"TOLEDO";"Falta de Atenção à Condução";"Colisão traseira";"Com Vítimas Feridas";"Plena Noite";"Crescente";"Nublado";"Dupla";"Reta";"Não";2;0;1;0;1;0;1;2;-24,64152092;-53,85714099;"SPRF-PR";"DEL06-PR";"UOP02-DEL06-PR"
208494;2019-05-10;"sexta-feira";"14:10:00";"SC";101;151;"ITAPEMA";"Falta de Atenção à Condução";"Colisão traseira";"Com Vítimas Feridas";"Pleno dia";"Crescente";"Nublado";"Dupla";"Reta";"Sim";3;0;2;0;1;0;2;2;-27,126536;-48,609642;"SPRF-SC";"DEL04-SC";"UOP03-DEL04-SC"
208495;2019-05-10;"sexta-feira";"21:25:00";"PR";277;587;"CASCAVEL";"Ingestão de Álcool";"Saída de leito carroçável";"Sem Vítimas";"Plena Noite";"Crescente";"Céu Claro";"Simples";"Reta";"Sim";1;0;0;0;1;0;0;1;-24,96941255;-53,42959722;"SPRF-PR";"DEL04-PR";"UOP01-DEL04-PR"
208500;2019-05-10;"sexta-feira";"21:00:00";"RJ";465;20;"NOVA IGUACU";"Falta de Atenção do Pedestre";"Atropelamento de Pedestre";"Com Vítimas Fatais";"Plena Noite";"Crescente";"Nublado";"Simples";"Reta";"Sim";3;1;0;0;2;0;0;2;-22,846828;-43,605339;"SPRF-RJ";"DEL01-RJ";"UOP01-DEL01-MS"
208501;2019-05-10;"sexta-feira";"17:50:00";"SC";163;111;"GUARUJA DO SUL";"Velocidade Incompatível";"Queda de ocupante de veículo";"Com Vítimas Feridas";"Anoitecer";"Crescente";"Garoa/Chuvisco";"Simples";"Reta";"Não";1;0;1;0;0;0;1;1;-26,37672234;-53,52869511;"SPRF-SC";"DEL07-SC";"UOP04-DEL07-SC"
208503;2019-05-10;"sexta-feira";"20:30:00";"SP";381;85;"SAO PAULO";"Avarias e/ou desgaste excessivo no pneu";"Tombamento";"Com Vítimas Feridas";"Plena Noite";"Crescente";"Céu Claro";"Dupla";"Reta";"Sim";1;0;1;0;0;0;1;1;-23,449343;-46,56983501;"SPRF-SP";"DEL03-SP";"UOP01-DEL03-SP"
208504;2019-05-10;"sexta-feira";"21:00:00";"GO";414;372,1;"COCALZINHO DE GOIAS";"Ingestão de Álcool";"Colisão frontal";"Com Vítimas Feridas";"Plena Noite";"Crescente";"Nublado";"Dupla";"Reta";"Sim";4;0;4;0;0;0;4;2;-15,77645743;-48,76479149;"SPRF-GO";"DEL02-GO";"UOP01-DEL02-GO"
208506;2019-05-10;"sexta-feira";"18:00:00";"RS";116;37;"VACARIA";"Falta de Atenção à Condução";"Colisão transversal";"Com Vítimas Feridas";"Plena Noite";"Decrescente";"Chuva";"Simples";"Interseção de Vias";"Sim";3;0;2;0;1;0;2;2;-28,49871957;-50,9176864;"SPRF-RS";"DEL05-RS";"UOP03-DEL05-RS"
208507;2019-05-10;"sexta-feira";"22:00:00";"SP";116;198;"ARUJA";"Ingestão de Álcool";"Atropelamento de Pedestre";"Com Vítimas Feridas";"Plena Noite";"Crescente";"Nublado";"Dupla";"Reta";"Não";2;0;1;0;1;0;1;2;-23,40126827;-46,30928278;"SPRF-SP";"DEL01-SP";"UOP02-DEL01-SP"
208508;2019-05-10;"sexta-feira";"20:30:00";"GO";153;695,7;"ITUMBIARA";"Ingestão de Álcool";"Colisão com objeto estático";"Sem Vítimas";"Plena Noite";"Crescente";"Céu Claro";"Simples";"Interseção de Vias;Reta";"Não";1;0;0;0;1;0;0;1;-18,34946449;-49,21984971;"SPRF-GO";"DEL03-GO";"UOP02-DEL03-GO"
208509;2019-05-10;"sexta-feira";"22:00:00";"SC";470;158;"TROMBUDO CENTRAL";"Velocidade Incompatível";"Capotamento";"Com Vítimas Feridas";"Plena Noite";"Crescente";"Garoa/Chuvisco";"Simples";"Curva";"Não";3;0;2;0;1;0;2;1;-27,28682427;-49,77767944;"SPRF-SC";"DEL04-SC";"UOP02-DEL04-SC"
208510;2019-05-10;"sexta-feira";"20:50:00";"SP";116;278;"EMBU DAS ARTES";"Falta de Atenção à Condução";"Colisão traseira";"Sem Vítimas";"Plena Noite";"Decrescente";"Nublado";"Dupla";"Interseção de Vias";"Sim";2;0;0;0;2;0;0;2;-23,65508497;-46,84918605;"SPRF-SP";"DEL04-SP";"UOP01-DEL04-SP"
208511;2019-05-10;"sexta-feira";"21:00:00";"PB";230;48,6;"SANTA RITA";"Desobediência às normas de trânsito pelo condutor";"Tombamento";"Com Vítimas Feridas";"Plena Noite";"Decrescente";"Céu Claro";"Dupla";"Reta";"Não";2;0;0;1;0;1;1;1;-7,179695;-35,047151;"SPRF-PB";"DEL01-PB";"UOP03-DEL01-PB"
208512;2019-05-10;"sexta-feira";"20:40:00";"SC";101;207;"SAO JOSE";"Falta de Atenção à Condução";"Colisão traseira";"Com Vítimas Feridas";"Plena Noite";"Crescente";"Nublado";"Múltipla";"Curva";"Não";5;0;1;0;3;1;1;4;-27,60001226;-48,6226467;"SPRF-SC";"DEL01-SC";"UOP01-DEL01-SC"
208513;2019-05-10;"sexta-feira";"19:30:00";"SC";280;85;"CORUPA";"Falta de Atenção à Condução";"Colisão frontal";"Com Vítimas Feridas";"Plena Noite";"Crescente";"Nublado";"Simples";"Reta";"Sim";3;0;2;0;1;0;2;2;-26,43158487;-49,25150957;"SPRF-SC";"DEL06-SC";"UOP03-DEL06-SC"
208514;2019-05-10;"sexta-feira";"22:50:00";"MG";40;511;"RIBEIRAO DAS NEVES";"Pista Escorregadia";"Tombamento";"Com Vítimas Feridas";"Plena Noite";"Decrescente";"Céu Claro";"Dupla";"Reta";"Sim";1;0;0;1;0;0;1;1;-19,78164295;-44,11733194;"SPRF-MG";"DEL01-MG";"UOP02-DEL01-MG"
208515;2019-05-10;"sexta-feira";"23:15:00";"PR";277;70,5;"SAO JOSE DOS PINHAIS";"Falta de Atenção à Condução";"Colisão traseira";"Sem Vítimas";"Plena Noite";"Crescente";"Nublado";"Dupla";"Reta";"Não";3;0;0;0;2;1;0;3;-25,53317957;-49,07969781;"SPRF-PR";"DEL01-PR";"UOP01-DEL01-PR"
208517;2019-05-10;"sexta-feira";"22:40:00";"MG";116;411;"GOVERNADOR VALADARES";"Desobediência às normas de trânsito pelo condutor";"Tombamento";"Com Vítimas Feridas";"Plena Noite";"Crescente";"Céu Claro";"Dupla";"Reta";"Sim";3;0;3;0;0;0;3;2;-18,86154433;-41,97447896;"SPRF-MG";"DEL06-MG";"UOP01-DEL06-MG"
208518;2019-05-10;"sexta-feira";"23:45:00";"DF";20;17;"BRASILIA";"Velocidade Incompatível";"Colisão com objeto estático";"Com Vítimas Feridas";"Plena Noite";"Crescente";"Céu Claro";"Dupla";"Reta";"Sim";2;0;1;0;1;0;1;1;-15,621374;-47,71698;"SPRF-DF";"DEL02-DF";"UOP01-DEL02-DF"
208519;2019-05-10;"sexta-feira";"23:45:00";"PR";376;502,4;"PONTA GROSSA";"Não guardar distância de segurança";"Colisão traseira";"Com Vítimas Feridas";"Plena Noite";"Crescente";"Nublado";"Dupla";"Reta";"Não";3;0;1;1;1;0;2;2;-25,21604594;-50,05797693;"SPRF-PR";"DEL03-PR";"UOP04-DEL03-PR"
208520;2019-05-10;"sexta-feira";"21:10:00";"RS";116;407;"CAMAQUA";"Ingestão de Álcool";"Colisão lateral";"Com Vítimas Feridas";"Plena Noite";"Crescente";"Nublado";"Simples";"Reta";"Não";2;0;1;0;1;0;1;2;-30,90400293;-51,86721304;"SPRF-RS";"DEL02-RS";"UOP03-DEL02-RS"
208521;2019-05-10;"sexta-feira";"23:15:00";"RS";480;69;"ERECHIM";"Velocidade Incompatível";"Saída de leito carroçável";"Com Vítimas Feridas";"Plena Noite";"Crescente";"Nevoeiro/Neblina";"Simples";"Curva";"Não";1;0;1;0;0;0;1;1;-27,63676605;-52,33333504;"SPRF-RS";"DEL08-RS";"UOP04-DEL08-RS"
208523;2019-05-11;"sábado";"00:05:00";"MG";381;946,5;"EXTREMA";"Velocidade Incompatível";"Colisão lateral";"Com Vítimas Feridas";"Plena Noite";"Crescente";"Céu Claro";"Dupla";"Curva;Declive";"Sim";2;0;0;1;1;0;1;2;-22,87479042;-46,36655782;"SPRF-MG";"DEL16-MG";"UOP03-DEL16-MG"
208524;2019-05-10;"sexta-feira";"23:50:00";"MS";158;337,9;"BRASILANDIA";"Ingestão de Álcool";"Colisão traseira";"Com Vítimas Feridas";"Plena Noite";"Crescente";"Céu Claro";"Simples";"Reta";"Sim";6;0;1;0;5;0;1;2;-21,245076;-52,029309;"SPRF-MS";"DEL07-MS";"UOP01-DEL07-MS"
208525;2019-05-11;"sábado";"01:00:00";"DF";20;5;"BRASILIA";"Falta de Atenção à Condução";"Atropelamento de Pedestre";"Com Vítimas Feridas";"Plena Noite";"Crescente";"Céu Claro";"Dupla";"Reta";"Não";2;0;0;1;0;1;1;2;-15,670546;-47,816044;"SPRF-DF";"DEL02-DF";"UOP01-DEL02-DF"
208526;2019-05-10;"sexta-feira";"19:00:00";"MG";116;358;"JAMPRUCA";"Falta de Atenção do Pedestre";"Atropelamento de Pedestre";"Com Vítimas Feridas";"Plena Noite";"Crescente";"Nublado";"Simples";"Curva";"Não";2;0;0;1;1;0;1;2;-18,44604914;-41,84297392;"SPRF-MG";"DEL11-MG";"UOP01-DEL11-MG"
208527;2019-05-11;"sábado";"01:10:00";"SC";101;130,4;"BALNEARIO CAMBORIU";"Velocidade Incompatível";"Colisão lateral";"Com Vítimas Feridas";"Plena Noite";"Crescente";"Céu Claro";"Dupla";"Reta";"Sim";2;0;1;0;1;0;1;2;-26,98407618;-48,66977107;"SPRF-SC";"DEL04-SC";"UOP03-DEL04-SC"
208528;2019-05-10;"sexta-feira";"19:30:00";"PI";343;330,7;"TERESINA";"Defeito Mecânico no Veículo";"Incêndio";"Sem Vítimas";"Plena Noite";"Decrescente";"Nublado";"Simples";"Reta";"Não";1;0;0;0;1;0;0;1;-5,061753;-42,649815;"SPRF-PI";"DEL01-PI";"UOP01-DEL01-PI"
208531;2019-05-11;"sábado";"02:40:00";"RS";285;293,3;"PASSO FUNDO";"Ingestão de Álcool";"Colisão com objeto estático";"Sem Vítimas";"Plena Noite";"Decrescente";"Garoa/Chuvisco";"Simples";"Ponte;Reta";"Não";1;0;0;0;1;0;0;1;-28,236645;-52,375156;"SPRF-RS";"DEL08-RS";"UOP03-DEL08-RS"
208532;2019-05-11;"sábado";"03:50:00";"PR";376;497,5;"PONTA GROSSA";"Falta de Atenção à Condução";"Saída de leito carroçável";"Com Vítimas Feridas";"Plena Noite";"Crescente";"Chuva";"Dupla";"Reta";"Sim";2;0;0;2;0;0;2;1;-25,18271102;-50,09257101;"SPRF-PR";"DEL03-PR";"UOP04-DEL03-PR"
208533;2019-05-11;"sábado";"03:40:00";"PR";476;153;"ARAUCARIA";"Falta de Atenção à Condução";"Capotamento";"Com Vítimas Feridas";"Plena Noite";"Crescente";"Garoa/Chuvisco";"Dupla";"Reta";"Sim";1;0;0;1;0;0;1;1;-25,577307;-49,392338;"SPRF-PR";"DEL01-PR";"UOP06-DEL01-PR"
208534;2019-05-10;"sexta-feira";"03:00:00";"SP";153;108,8;"JOSE BONIFACIO";"Ingestão de Álcool";"Colisão traseira";"Com Vítimas Feridas";"Plena Noite";"Decrescente";"Céu Claro";"Simples";"Aclive;Reta";"Sim";8;0;5;0;3;0;5;2;-21,07208391;-49,66656517;"SPRF-SP";"DEL09-SP";"UOP01-DEL09-SP"
208535;2019-05-11;"sábado";"03:30:00";"GO";158;274,3;"JATAI";"Condutor Dormindo";"Colisão com objeto estático";"Com Vítimas Feridas";"Plena Noite";"Crescente";"Céu Claro";"Dupla";"Reta";"Sim";1;0;1;0;0;0;1;1;-17,89704019;-51,7366293;"SPRF-GO";"DEL05-GO";"UOP01-DEL05-GO"
208538;2019-02-23;"sábado";"17:12:00";"SC";101;86;"BARRA VELHA";"Falta de Atenção à Condução";"Colisão traseira";"Com Vítimas Feridas";"Pleno dia";"Crescente";"Garoa/Chuvisco";"Dupla";"Reta";"Sim";3;0;1;0;2;0;1;2;-26,6423;-48,6895;"SPRF-SC";"DEL03-SC";"UOP02-DEL03-SC"
208539;2019-05-11;"sábado";"02:10:00";"MT";70;5;"BARRA DO GARCAS";"Ingestão de Álcool";"Colisão com objeto estático";"Com Vítimas Feridas";"Plena Noite";"Crescente";"Céu Claro";"Dupla";"Retorno Regulamentado";"Sim";1;0;1;0;0;0;1;1;-15,87814789;-52,296134;"SPRF-MT";"DEL07-MT";"UOP01-DEL07-MT"
208540;2019-05-11;"sábado";"01:10:00";"PI";316;132,9;"ELESBAO VELOSO";"Animais na Pista";"Saída de leito carroçável";"Com Vítimas Feridas";"Plena Noite";"Crescente";"Céu Claro";"Simples";"Reta";"Não";1;0;1;0;0;0;1;1;-6,0334948;-42,29186476;"SPRF-PI";"DEL04-PI";"UOP02-DEL04-PI"
208542;2019-05-11;"sábado";"03:40:00";"PI";343;507,6;"AMARANTE";"Ingestão de Álcool";"Colisão com objeto estático";"Com Vítimas Fatais";"Plena Noite";"Crescente";"Céu Claro";"Simples";"Reta";"Não";2;1;1;0;0;0;1;1;-6,264594;-42,832687;"SPRF-PI";"DEL03-PI";"UOP01-DEL03-PI"
208543;2019-05-11;"sábado";"02:50:00";"PR";376;362;"ORTIGUEIRA";"Mal Súbito";"Tombamento";"Com Vítimas Feridas";"Plena Noite";"Crescente";"Nublado";"Simples";"Reta";"Não";1;0;1;0;0;0;1;1;-24,32849384;-50,84703287;"SPRF-PR";"DEL03-PR";"UOP02-DEL03-PR"
208545;2019-05-11;"sábado";"04:40:00";"ES";101;100,2;"JAGUARE";"Ingestão de Álcool";"Colisão com objeto estático";"Sem Vítimas";"Pleno dia";"Crescente";"Céu Claro";"Simples";"Interseção de Vias";"Sim";1;0;0;0;1;0;0;1;-18,98011199;-39,99543202;"SPRF-ES";"DEL04-ES";"UOP02-DEL04-ES"
208546;2019-05-11;"sábado";"04:20:00";"PI";343;0,7;"TERESINA";"Desobediência às normas de trânsito pelo condutor";"Colisão com objeto estático";"Com Vítimas Feridas";"Plena Noite";"Decrescente";"Céu Claro";"Dupla";"Reta";"Sim";1;0;0;1;0;0;1;1;-5,089569;-42,802288;"SPRF-PI";"DEL01-PI";"UOP01-DEL01-PI"