"id";"data_inversa";"dia_semana";"horario";"uf";"br";"km";"municipio";"causa_acidente";"tipo_acidente";"classificacao_acidente";"fase_dia";"sentido_via";"condicao_metereologica";"tipo_pista";"tracado_via";"uso_solo";"pessoas";"mortos";"feridos_leves";"feridos_graves";"ilesos";"ignorados";"feridos";"veiculos";"latitude";"longitude";"regional";"delegacia";"uop"
208548;2019-05-11;"sábado";"04:40:00";"SC";470;58,3;"BLUMENAU";"Ingestão de Álcool";"Colisão frontal";"Com Vítimas Feridas";"Plena Noite";"Decrescente";"Chuva";"Simples";"Declive";"Não";3;0;1;0;2;0;1;2;-26,88414839;-49,14983332;"SPRF-SC";"DEL04-SC";"UOP01-DEL04-SC"
208549;2019-05-11;"sábado";"04:30:00";"SC";101;194;"BIGUACU";"Ingestão de Álcool";"Saída de leito carroçável";"Sem Vítimas";"Plena Noite";"Crescente";"Céu Claro";"Dupla";"Reta";"Sim";1;0;0;0;1;0;0;1;-27,49815117;-48,65661236;"SPRF-SC";"DEL01-SC";"UOP01-DEL01-SC"
208550;2019-05-11;"sábado";"05:00:00";"BA";116;416;"FEIRA DE SANTANA";"Condutor Dormindo";"Colisão transversal";"Com Vítimas Feridas";"Amanhecer";"Crescente";"Chuva";"Simples";"Reta";"Sim";3;0;1;0;2;0;1;2;-12,168362;-38,964993;"SPRF-BA";"DEL02-BA";"UOP01-DEL02-BA"
208551;2019-05-11;"sábado";"03:30:00";"RJ";40;110;"DUQUE DE CAXIAS";"Não guardar distância de segurança";"Colisão traseira";"Com Vítimas Feridas";"Plena Noite";"Decrescente";"Céu Claro";"Múltipla";"Ponte";"Sim";5;0;2;0;3;0;2;2;-22,68289906;-43,28549346;"SPRF-RJ";"DEL01-RJ";"UOP01-DEL01-RJ"
208552;2019-05-11;"sábado";"04:30:00";"PI";343;347;"TERESINA";"Falta de Atenção à Condução";"Colisão com objeto estático";"Com Vítimas Feridas";"Plena Noite";"Decrescente";"Céu Claro";"Simples";"Ponte";"Sim";1;0;1;0;0;0;1;1;-5,114822;-42,778355;"SPRF-PI";"DEL01-PI";"UOP01-DEL01-PI"
208553;2019-05-11;"sábado";"04:30:00";"PR";476;133;"CURITIBA";"Velocidade Incompatível";"Saída de leito carroçável";"Com Vítimas Feridas";"Plena Noite";"Decrescente";"Nublado";"Múltipla";"Reta";"Sim";1;0;1;0;0;0;1;1;-25,469219;-49,254143;"SPRF-PR";"DEL01-PR";"UOP03-DEL01-PR"
208554;2019-05-11;"sábado";"05:30:00";"SC";282;19,7;"PALHOCA";"Desobediência às normas de trânsito pelo condutor";"Colisão frontal";"Com Vítimas Feridas";"Plena Noite";"Crescente";"Garoa/Chuvisco";"Simples";"Reta";"Sim";6;0;0;5;0;1;5;3;-27,678635;-48,70192;"SPRF-SC";"DEL01-SC";"UOP02-DEL01-SC"
208555;2019-05-11;"sábado";"05:05:00";"SC";101;135,5;"BALNEARIO CAMBORIU";"Falta de Atenção à Condução";"Tombamento";"Com Vítimas Feridas";"Plena Noite";"Crescente";"Nublado";"Dupla";"Ponte";"Não";1;0;0;1;0;0;1;1;-27,0050108;-48,62677494;"SPRF-SC";"DEL04-SC";"UOP03-DEL04-SC"
208556;2019-05-11;"sábado";"05:30:00";"ES";101;367;"ANCHIETA";"Condutor Dormindo";"Saída de leito carroçável";"Com Vítimas Feridas";"Amanhecer";"Crescente";"Nublado";"Simples";"Reta";"Não";1;0;1;0;0;0;1;1;-20,74480799;-40,7602114;"SPRF-ES";"DEL03-ES";"UOP01-DEL03-ES"
208558;2019-05-11;"sábado";"03:30:00";"RJ";393;105,1;"SAPUCAIA";"Falta de Atenção à Condução";"Atropelamento de Pedestre";"Com Vítimas Feridas";"Plena Noite";"Decrescente";"Céu Claro";"Simples";"Reta";"Sim";2;0;0;1;0;1;1;2;-21,874243;-42,66758;"SPRF-RJ";"DEL06-RJ";"UOP01-DEL05-RJ"
208559;2019-05-11;"sábado";"05:40:00";"BA";116;438,9;"FEIRA DE SANTANA";"Velocidade Incompatível";"Colisão com objeto estático";"Com Vítimas Feridas";"Amanhecer";"Crescente";"Céu Claro";"Dupla";"Curva";"Não";2;0;2;0;0;0;2;1;-12,31624811;-39,04401672;"SPRF-BA";"DEL02-BA";"UOP01-DEL02-BA"
208560;2019-05-11;"sábado";"06:20:00";"SC";101;36;"JOINVILLE";"Falta de Atenção à Condução";"Saída de leito carroçável";"Com Vítimas Feridas";"Pleno dia";"Crescente";"Chuva";"Múltipla";"Curva";"Sim";1;0;1;0;0;0;1;1;-26,24573198;-48,9101069;"SPRF-SC";"DEL03-SC";"UOP01-DEL03-SC"
208563;2019-05-11;"sábado";"03:50:00";"PR";376;1,7;"MANDAGUARI";"Defeito Mecânico no Veículo";"Incêndio";"Sem Vítimas";"Plena Noite";"Crescente";"Nublado";"Simples";"Reta";"Não";1;0;0;0;0;1;0;1;-23,51323284;-51,70444965;"SPRF-PR";"DEL07-PR";"UOP01-DEL09-PR"
208564;2019-05-11;"sábado";"06:20:00";"SP";116;73,4;"APARECIDA";"Ingestão de Álcool";"Colisão com objeto estático";"Sem Vítimas";"Amanhecer";"Crescente";"Nublado";"Dupla";"Curva";"Não";1;0;0;0;0;1;0;1;-22,86998483;-45,24430721;"SPRF-SP";"DEL08-SP";"UOP01-DEL08-SP"
208565;2019-05-11;"sábado";"06:05:00";"MG";262;135,4;"RIO CASCA";"Velocidade Incompatível";"Saída de leito carroçável";"Com Vítimas Feridas";"Amanhecer";"Crescente";"Nublado";"Simples";"Curva";"Não";2;0;1;0;1;0;1;1;-20,11122793;-42,69280664;"SPRF-MG";"DEL03-MG";"UOP03-DEL03-MG"
208568;2019-05-11;"sábado";"06:05:00";"MS";158;270;"TRES LAGOAS";"Ingestão de Álcool";"Saída de leito carroçável";"Com Vítimas Feridas";"Pleno dia";"Crescente";"Céu Claro";"Simples";"Curva";"Sim";2;0;0;2;0;0;2;1;-20,773651;-51,67124;"SPRF-MS";"DEL07-MS";"UOP01-DEL07-MS"
208571;2019-05-11;"sábado";"04:40:00";"RS";290;60;"GRAVATAI";"Velocidade Incompatível";"Saída de leito carroçável";"Com Vítimas Feridas";"Plena Noite";"Decrescente";"Nublado";"Dupla";"Reta";"Não";1;0;1;0;0;0;1;1;-29,924509;-50,858528;"SPRF-RS";"DEL03-RS";"UOP01-DEL03-RS"
208572;2019-05-11;"sábado";"06:20:00";"RS";386;173,9;"CARAZINHO";"Condutor Dormindo";"Saída de leito carroçável";"Com Vítimas Feridas";"Amanhecer";"Decrescente";"Chuva";"Simples";"Curva";"Não";1;0;1;0;0;0;1;1;-28,258726;-52,794571;"SPRF-RS";"DEL08-RS";"UOP01-DEL08-RS"
208573;2019-05-11;"sábado";"04:45:00";"TO";153;241;"COLINAS DO TOCANTINS";"Ingestão de Álcool";"Colisão com objeto estático";"Com Vítimas Feridas";"Amanhecer";"Crescente";"Céu Claro";"Simples";"Reta";"Não";1;0;1;0;0;0;1;1;-8,00311201;-48,46495374;"SPRF-TO";"DEL02-TO";"UOP01-DEL02-TO"
208574;2019-05-11;"sábado";"03:45:00";"RO";364;240,2;"CACOAL";"Falta de Atenção à Condução";"Colisão com objeto estático";"Sem Vítimas";"Plena Noite";"Crescente";"Nublado";"Simples";"Reta";"Não";1;0;0;0;1;0;0;1;-11,43579019;-61,47096987;"SPRF-RO";"DEL02-RO";"UOP02-DEL02-RO"
208577;2019-05-11;"sábado";"07:45:00";"DF";70;13,2;"BRASILIA";"Falta de Atenção à Condução";"Colisão lateral";"Com Vítimas Feridas";"Pleno dia";"Decrescente";"Céu Claro";"Dupla";"Reta";"Sim";5;0;1;0;4;0;1;2;-15,794558;-48,166584;"SPRF-DF";"DEL01-DF";"UOP02-DEL03-DF"
208578;2019-05-11;"sábado";"06:20:00";"BA";110;364;"CATU";"Ingestão de Álcool";"Colisão frontal";"Com Vítimas Feridas";"Amanhecer";"Decrescente";"Chuva";"Simples";"Reta";"Sim";4;0;4;0;0;0;4;2;-12,39805;-38,373071;"SPRF-BA";"DEL01-BA";"UOP04-DEL01-BA"
208581;2019-05-11;"sábado";"08:15:00";"PR";277;102;"CAMPO LARGO";"Pista Escorregadia";"Capotamento";"Com Vítimas Feridas";"Pleno dia";"Crescente";"Chuva";"Dupla";"Curva";"Não";1;0;1;0;0;0;1;1;-25,43431587;-49,40892935;"SPRF-PR";"DEL01-PR";"UOP06-DEL01-PR"
208584;2019-05-11;"sábado";"07:52:00";"MG";153;245,8;"FRONTEIRA";"Falta de Atenção à Condução";"Saída de leito carroçável";"Sem Vítimas";"Pleno dia";"Decrescente";"Céu Claro";"Simples";"Curva";"Não";1;0;0;0;1;0;0;1;-20,29847332;-49,20614844;"SPRF-MG";"DEL13-MG";"UOP02-DEL13-MG"
208585;2019-05-10;"sexta-feira";"18:50:00";"PR";116;209,2;"RIO NEGRO";"Falta de Atenção à Condução";"Colisão transversal";"Com Vítimas Feridas";"Anoitecer";"Crescente";"Céu Claro";"Simples";"Interseção de Vias";"Sim";2;0;1;0;1;0;1;2;-26,1190686;-49,78866577;"SPRF-SC";"DEL06-SC";"UOP01-DEL06-SC"
208587;2019-05-11;"sábado";"05:30:00";"MS";267;476,9;"GUIA LOPES DA LAGUNA";"Velocidade Incompatível";"Colisão traseira";"Com Vítimas Fatais";"Amanhecer";"Crescente";"Céu Claro";"Dupla";"Declive;Reta";"Sim";2;1;0;0;1;0;0;2;-21,44944551;-56,10586729;"SPRF-MS";"DEL05-MS";"UOP01-DEL05-MS"
208589;2019-05-11;"sábado";"05:00:00";"RN";101;95,2;"NATAL";"Falta de Atenção à Condução";"Saída de leito carroçável";"Sem Vítimas";"Pleno dia";"Decrescente";"Céu Claro";"Dupla";"Reta";"Sim";1;0;0;0;0;1;0;1;-5,84076841;-35,21035949;"SPRF-RN";"DEL01-RN";"UOP01-DEL01-RN"
208590;2019-05-11;"sábado";"06:55:00";"RO";319;60,9;"PORTO VELHO";"Ingestão de Álcool";"Saída de leito carroçável";"Com Vítimas Feridas";"Pleno dia";"Decrescente";"Céu Claro";"Dupla";"Reta";"Sim";1;0;1;0;0;0;1;1;-8,766685;-63,884052;"SPRF-RO";"DEL01-RO";"UOP01-DEL01-RO"
208591;2019-05-11;"sábado";"08:20:00";"ES";101;287,8;"CARIACICA";"Falta de Atenção à Condução";"Colisão lateral";"Com Vítimas Feridas";"Pleno dia";"Crescente";"Céu Claro";"Dupla";"Curva";"Sim";4;0;2;0;2;0;2;2;-20,26493528;-40,38471702;"SPRF-ES";"DEL01-ES";"UOP01-DEL01-ES"
208593;2019-05-11;"sábado";"07:15:00";"MT";163;114;"RONDONOPOLIS";"Ingestão de Álcool";"Queda de ocupante de veículo";"Com Vítimas Feridas";"Pleno dia";"Crescente";"Céu Claro";"Dupla";"Reta";"Não";1;0;1;0;0;0;1;1;-16,54595325;-54,67086252;"SPRF-MT";"DEL02-MT";"UOP01-DEL02-MT"
208594;2019-05-11;"sábado";"08:45:00";"PR";476;124,4;"CURITIBA";"Falta de Atenção à Condução";"Colisão lateral";"Com Vítimas Feridas";"Pleno dia";"Crescente";"Nublado";"Dupla";"Reta";"Sim";2;0;1;0;1;0;1;2;-25,399845;-49,215855;"SPRF-PR";"DEL01-PR";"UOP07-DEL01-PR"
208597;2019-05-11;"sábado";"05:15:00";"MT";174;100,9;"CACERES";"Restrição de Visibilidade";"Queda de ocupante de veículo";"Com Vítimas Fatais";"Amanhecer";"Decrescente";"Céu Claro";"Simples";"Reta";"Não";2;1;0;0;0;1;0;2;-15,84063404;-57,86823602;"SPRF-MT";"DEL03-MT";"UOP01-DEL03-MT"
208598;2019-05-10;"sexta-feira";"15:00:00";"MT";163;563;"NOVA MUTUM";"Ultrapassagem Indevida";"Colisão frontal";"Sem Vítimas";"Pleno dia";"Crescente";"Chuva";"Simples";"Reta";"Não";3;0;0;0;3;0;0;2;-14,18950467;-56,08795166;"SPRF-MT";"DEL01-MT";"UOP01-DEL01-MT"
208599;2019-05-11;"sábado";"07:00:00";"PR";277;596,5;"CASCAVEL";"Ingestão de Álcool";"Saída de leito carroçável";"Sem Vítimas";"Pleno dia";"Decrescente";"Chuva";"Dupla";"Reta";"Não";2;0;0;0;2;0;0;1;-24,98837665;-53,50778641;"SPRF-PR";"DEL04-PR";"UOP01-DEL04-PR"
208600;2019-05-07;"terça-feira";"11:50:00";"PR";116;15;"CAMPINA GRANDE DO SUL";"Falta de Atenção à Condução";"Saída de leito carroçável";"Com Vítimas Feridas";"Pleno dia";"Decrescente";"Chuva";"Dupla";"Curva";"Não";1;0;1;0;0;0;1;1;-25,09832756;-48,68266005;"SPRF-PR";"DEL01-PR";"UOP02-DEL01-PR"
208602;2019-05-11;"sábado";"08:30:00";"PR";277;83;"CURITIBA";"Mal Súbito";"Colisão com objeto estático";"Com Vítimas Feridas";"Pleno dia";"Decrescente";"Chuva";"Dupla";"Curva";"Não";1;0;1;0;0;0;1;1;-25,44596973;-49,23168898;"SPRF-PR";"DEL01-PR";"UOP07-DEL01-PR"
208603;2019-05-11;"sábado";"08:45:00";"SC";101;264;"GAROPABA";"Velocidade Incompatível";"Saída de leito carroçável";"Com Vítimas Feridas";"Pleno dia";"Decrescente";"Nublado";"Dupla";"Curva";"Sim";2;0;1;1;0;0;2;1;-28,05149404;-48,71632789;"SPRF-SC";"DEL02-SC";"UOP03-DEL02-SC"
208604;2019-05-11;"sábado";"08:55:00";"MG";40;569;"NOVA LIMA";"Desobediência às normas de trânsito pelo condutor";"Colisão transversal";"Com Vítimas Feridas";"Pleno dia";"Crescente";"Nublado";"Simples";"Declive";"Não";2;0;1;0;1;0;1;2;-20,20394093;-43,97409456;"SPRF-MG";"DEL01-MG";"UOP02-DEL01-MG"
208607;2019-05-11;"sábado";"08:30:00";"RJ";465;21;"RIO DE JANEIRO";"Ingestão de Álcool";"Colisão lateral";"Sem Vítimas";"Pleno dia";"Crescente";"Céu Claro";"Simples";"Curva";"Sim";3;0;0;0;3;0;0;3;-22,854782;-43,601933;"SPRF-RJ";"DEL01-RJ";"UOP01-DEL01-MS"
208609;2019-05-07;"terça-feira";"16:30:00";"GO";153;442,8;"ANAPOLIS";"Defeito Mecânico no Veículo";"Saída de leito carroçável";"Com Vítimas Feridas";"Pleno dia";"Crescente";"Céu Claro";"Dupla";"Reta";"Sim";1;0;1;0;0;0;1;1;-16,325272;-48,922024;"SPRF-GO";"DEL02-GO";"UOP01-DEL02-GO"
208610;2019-05-11;"sábado";"09:10:00";"RJ";101;67;"CAMPOS DOS GOYTACAZES";"Falta de Atenção à Condução";"Colisão traseira";"Com Vítimas Feridas";"Pleno dia";"Decrescente";"Céu Claro";"Simples";"Reta";"Não";2;0;1;0;1;0;1;2;-21,76751094;-41,34876249;"SPRF-RJ";"DEL08-RJ";"UOP02-DEL08-RJ"
208611;2019-05-11;"sábado";"08:50:00";"ES";101;172;"ARACRUZ";"Ingestão de Álcool";"Colisão transversal";"Sem Vítimas";"Pleno dia";"Crescente";"Céu Claro";"Múltipla";"Reta";"Não";2;0;0;0;2;0;0;2;-19,56471105;-40,17869594;"SPRF-ES";"DEL04-ES";"UOP01-DEL04-ES"
208614;2019-05-11;"sábado";"09:35:00";"PR";369;444,9;"UBIRATA";"Velocidade Incompatível";"Saída de leito carroçável";"Com Vítimas Feridas";"Pleno dia";"Decrescente";"Chuva";"Simples";"Curva";"Não";1;0;1;0;0;0;1;1;-24,54473725;-52,94702359;"SPRF-PR";"DEL04-PR";"UOP03-DEL04-PR"
208616;2019-05-11;"sábado";"09:50:00";"PR";116;115;"CURITIBA";"Falta de Atenção à Condução";"Colisão traseira";"Sem Vítimas";"Pleno dia";"Decrescente";"Chuva";"Dupla";"Reta";"Sim";3;0;0;0;2;1;0;3;-25,54236403;-49,30277824;"SPRF-PR";"DEL01-PR";"UOP06-DEL01-PR"
208620;2019-05-11;"sábado";"09:30:00";"PB";101;98,6;"ALHANDRA";"Animais na Pista";"Engavetamento";"Com Vítimas Feridas";"Pleno dia";"Decrescente";"Sol";"Dupla";"Reta";"Não";6;0;1;0;5;0;1;5;-7,25521539;-34,93427223;"SPRF-PB";"DEL01-PB";"UOP01-DEL01-PB"
208621;2019-05-11;"sábado";"08:30:00";"SP";116;217;"GUARULHOS";"Defeito Mecânico no Veículo";"Tombamento";"Com Vítimas Feridas";"Pleno dia";"Crescente";"Sol";"Múltipla";"Reta";"Não";2;0;2;0;0;0;2;1;-23,45423824;-46,47119028;"SPRF-SP";"DEL01-SP";"UOP01-DEL01-SP"
208622;2019-05-11;"sábado";"10:35:00";"MG";365;595;"ARAGUARI";"Falta de Atenção à Condução";"Saída de leito carroçável";"Com Vítimas Feridas";"Pleno dia";"Crescente";"Céu Claro";"Simples";"Reta";"Não";2;0;0;1;1;0;1;1;-18,87630913;-48,07001651;"SPRF-MG";"DEL15-MG";"UOP02-DEL15-MG"
208624;2019-05-11;"sábado";"10:30:00";"MG";267;37,9;"ARGIRITA";"Falta de Atenção à Condução";"Colisão frontal";"Com Vítimas Feridas";"Pleno dia";"Decrescente";"Céu Claro";"Simples";"Reta";"Não";3;0;1;0;2;0;1;2;-21,66671274;-42,88426505;"SPRF-MG";"DEL07-MG";"UOP01-DEL07-MG"
208625;2019-05-11;"sábado";"10:40:00";"SC";101;3,4;"GARUVA";"Falta de Atenção à Condução";"Capotamento";"Com Vítimas Feridas";"Pleno dia";"Decrescente";"Nublado";"Dupla";"Curva";"Não";4;0;4;0;0;0;4;1;-26,00380807;-48,87233005;"SPRF-SC";"DEL03-SC";"UOP01-DEL03-SC"
208626;2019-05-11;"sábado";"08:50:00";"MT";364;566,3;"NOBRES";"Defeito Mecânico no Veículo";"Capotamento";"Com Vítimas Feridas";"Pleno dia";"Crescente";"Céu Claro";"Dupla";"Reta";"Não";4;0;2;0;2;0;2;1;-14,758127;-56,341124;"SPRF-MT";"DEL01-MT";"UOP01-DEL01-MT"
208627;2019-04-25;"quinta-feira";"18:00:00";"MG";354;763;"ITAMONTE";"Desobediência às normas de trânsito pelo condutor";"Colisão transversal";"Com Vítimas Feridas";"Anoitecer";"Crescente";"Garoa/Chuvisco";"Simples";"Curva;Aclive";"Não";2;0;0;1;1;0;1;2;-22,33723689;-44,82894681;"SPRF-MG";"DEL05-MG";"UOP01-DEL17-MG"
208628;2019-05-11;"sábado";"09:45:00";"RJ";101;297;"ITABORAI";"Falta de Atenção do Pedestre";"Atropelamento de Pedestre";"Com Vítimas Feridas";"Pleno dia";"Decrescente";"Céu Claro";"Dupla";"Reta";"Não";2;0;0;1;1;0;1;2;-22,76942037;-42,91873581;"SPRF-RJ";"DEL02-RJ";"DEL5/2-UOP04/RJ"
208630;2019-05-11;"sábado";"09:00:00";"SC";470;233,2;"SAO CRISTOVAO DO SUL";"Falta de Atenção à Condução";"Colisão frontal";"Com Vítimas Feridas";"Pleno dia";"Decrescente";"Nublado";"Simples";"Reta";"Não";3;0;1;0;2;0;1;2;-27,301607;-50,421268;"SPRF-SC";"DEL05-SC";"UOP03-DEL05-SC"
208636;2019-05-11;"sábado";"10:00:00";"MA";135;2;"SAO LUIS";"Ingestão de Álcool";"Colisão lateral";"Sem Vítimas";"Pleno dia";"Decrescente";"Sol";"Dupla";"Reta";"Sim";2;0;0;0;2;0;0;2;-2,59806699;-44,24573511;"SPRF-MA";"DEL01-MA";"UOP01-DEL01-MA"
208637;2019-05-11;"sábado";"10:40:00";"GO";153;208;"URUACU";"Ultrapassagem Indevida";"Colisão traseira";"Com Vítimas Feridas";"Pleno dia";"Crescente";"Céu Claro";"Simples";"Aclive";"Não";8;0;1;0;5;2;1;4;-14,586481;-49,161167;"SPRF-GO";"DEL07-GO";"UOP02-DEL07-GO"
208638;2019-05-11;"sábado";"08:15:00";"BA";101;727;"EUNAPOLIS";"Não guardar distância de segurança";"Colisão traseira";"Com Vítimas Feridas";"Pleno dia";"Decrescente";"Céu Claro";"Simples";"Reta";"Não";2;0;2;0;0;0;2;2;-16,43410941;-39,57824707;"SPRF-BA";"DEL09-BA";"UOP01-DEL09-BA"
208639;2019-05-11;"sábado";"08:30:00";"PR";158;505;"CORONEL VIVIDA";"Velocidade Incompatível";"Saída de leito carroçável";"Com Vítimas Feridas";"Pleno dia";"Crescente";"Garoa/Chuvisco";"Simples";"Curva";"Não";1;0;1;0;0;0;1;1;-26,02512628;-52,58550167;"SPRF-PR";"DEL02-PR";"UOP01-DEL02-PR"
208640;2019-05-11;"sábado";"10:30:00";"MG";50;39;"ARAGUARI";"Condutor Dormindo";"Colisão com objeto estático";"Sem Vítimas";"Pleno dia";"Crescente";"Céu Claro";"Múltipla";"Reta";"Sim";1;0;0;0;1;0;0;1;-18,66594982;-48,17302108;"SPRF-MG";"DEL15-MG";"UOP02-DEL15-MG"
208641;2019-05-11;"sábado";"08:15:00";"PR";373;440;"CHOPINZINHO";"Velocidade Incompatível";"Colisão frontal";"Com Vítimas Feridas";"Pleno dia";"Crescente";"Chuva";"Simples";"Reta";"Não";6;0;2;1;3;0;3;2;-25,81075207;-52,28878093;"SPRF-PR";"DEL02-PR";"UOP01-DEL02-PR"
208642;2019-05-11;"sábado";"12:05:00";"PR";369;187,3;"ARAPONGAS";"Falta de Atenção à Condução";"Colisão frontal";"Com Vítimas Feridas";"Pleno dia";"Decrescente";"Nublado";"Simples";"Reta";"Sim";2;0;1;0;1;0;1;2;-23,42689851;-51,42322272;"SPRF-PR";"DEL07-PR";"UOP03-DEL07-PR"
208643;2019-05-11;"sábado";"12:00:00";"MG";459;81,9;"CONGONHAL";"Desobediência às normas de trânsito pelo condutor";"Colisão transversal";"Com Vítimas Feridas";"Pleno dia";"Crescente";"Céu Claro";"Simples";"Reta";"Sim";2;0;1;0;1;0;1;2;-22,157059;-46,091141;"SPRF-MG";"DEL13-MG";"UOP01-DEL13-MG"
208645;2019-05-11;"sábado";"11:10:00";"PA";316;100,8;"SANTA MARIA DO PARA";"Avarias e/ou desgaste excessivo no pneu";"Danos eventuais";"Com Vítimas Feridas";"Pleno dia";"Crescente";"Céu Claro";"Simples";"Reta";"Não";2;0;2;0;0;0;2;1;-1,33498375;-47,60407895;"SPRF-PA";"DEL01-PA";"UOP02-DEL01-PA"
208646;2019-05-11;"sábado";"04:30:00";"MG";365;760;"ITUIUTABA";"Condutor Dormindo";"Saída de leito carroçável";"Com Vítimas Feridas";"Plena Noite";"Decrescente";"Ignorado";"Simples";"Reta";"Não";1;0;0;1;0;0;1;1;-18,96520708;-49,51586366;"SPRF-MG";"DEL15-MG";"UOP03-DEL15-MG"
208648;2019-05-11;"sábado";"05:30:00";"RO";435;82;"COLORADO DO OESTE";"Ingestão de Álcool";"Atropelamento de Pedestre";"Com Vítimas Feridas";"Amanhecer";"Crescente";"Céu Claro";"Simples";"Reta";"Sim";2;0;2;0;0;0;2;2;-13,11453938;-60,50579894;"SPRF-RO";"DEL04-RO";"UOP02-DEL04-RO"
208649;2019-03-26;"terça-feira";"12:00:00";"PE";101;158;"RIBEIRAO";"Velocidade Incompatível";"Saída de leito carroçável";"Com Vítimas Feridas";"Pleno dia";"Crescente";"Chuva";"Dupla";"Curva";"Não";2;0;1;0;1;0;1;1;-8,55179162;-35,4051441;"SPRF-PE";"DEL01-PE";"UOP03-DEL01-PE"
208650;2019-05-11;"sábado";"10:00:00";"RN";101;135,1;"SAO JOSE DE MIPIBU";"Pista Escorregadia";"Saída de leito carroçável";"Com Vítimas Feridas";"Pleno dia";"Crescente";"Garoa/Chuvisco";"Dupla";"Aclive";"Não";1;0;1;0;0;0;1;1;-6,16443306;-35,22487309;"SPRF-RN";"DEL01-RN";"UOP01-DEL01-RN"
208652;2019-05-11;"sábado";"13:25:00";"MG";381;444;"SABARA";"Desobediência às normas de trânsito pelo condutor";"Colisão transversal";"Com Vítimas Fatais";"Pleno dia";"Crescente";"Céu Claro";"Simples";"Reta";"Não";11;1;4;4;0;2;8;3;-19,82360393;-43,82539293;"SPRF-MG";"DEL01-MG";"UOP01-DEL01-MG"
208653;2019-05-03;"sexta-feira";"23:50:00";"RO";364;590;"ITAPUA DO OESTE";"Desobediência às normas de trânsito pelo condutor";"Colisão frontal";"Sem Vítimas";"Plena Noite";"Crescente";"Ignorado";"Simples";"Reta";"Não";2;0;0;0;2;0;0;1;-9;-63;"SPRF-RO";"DEL03-RO";"UOP04-DEL01-RO"
208654;2019-05-11;"sábado";"13:57:00";"PR";277;717,8;"SANTA TEREZINHA DE ITAIPU";"Não guardar distância de segurança";"Colisão lateral";"Com Vítimas Feridas";"Pleno dia";"Crescente";"Garoa/Chuvisco";"Dupla";"Declive;Reta";"Não";7;0;4;2;1;0;6;3;-25,47637493;-54,47651902;"SPRF-PR";"DEL05-PR";"UOP01-DEL05-PR"
208656;2019-05-11;"sábado";"13:40:00";"RS";470;218;"BENTO GONCALVES";"Desobediência às normas de trânsito pelo condutor";"Colisão transversal";"Com Vítimas Feridas";"Pleno dia";"Decrescente";"Nublado";"Dupla";"Interseção de Vias";"Sim";2;0;1;0;1;0;1;2;-29,17292214;-51,52424936;"SPRF-RS";"DEL06-RS";"UOP01-DEL06-RS"
208657;2019-05-11;"sábado";"14:10:00";"PR";376;1;"APUCARANA";"Pista Escorregadia";"Queda de ocupante de veículo";"Com Vítimas Feridas";"Pleno dia";"Crescente";"Nublado";"Simples";"Reta";"Sim";2;0;2;0;0;0;2;1;-23,57416;-51,4261;"SPRF-PR";"DEL07-PR";"UOP03-DEL07-PR"
208660;2019-05-11;"sábado";"13:50:00";"PR";376;180,2;"MARINGA";"Não guardar distância de segurança";"Colisão traseira";"Com Vítimas Feridas";"Pleno dia";"Decrescente";"Nublado";"Dupla";"Reta";"Sim";2;0;1;0;1;0;1;2;-23,42725352;-51,89512271;"SPRF-PR";"DEL07-PR";"UOP01-DEL09-PR"
208661;2019-05-11;"sábado";"14:30:00";"PR";163;185;"SANTA TEREZA DO OESTE";"Velocidade Incompatível";"Saída de leito carroçável";"Com Vítimas Feridas";"Pleno dia";"Decrescente";"Chuva";"Dupla";"Curva";"Não";2;0;1;0;1;0;1;1;-25,13565591;-53,58359882;"SPRF-PR";"DEL04-PR";"UOP05-DEL05-PR"
208664;2019-05-11;"sábado";"13:50:00";"SC";282;424;"VARGEM BONITA";"Pista Escorregadia";"Capotamento";"Sem Vítimas";"Pleno dia";"Crescente";"Chuva";"Simples";"Curva;Aclive";"Não";2;0;0;0;2;0;0;1;-26,988014;-51,753124;"SPRF-SC";"DEL07-SC";"UOP05-DEL07-SC"
208665;2019-05-11;"sábado";"11:40:00";"MT";70;2;"BARRA DO GARCAS";"Falta de Atenção à Condução";"Colisão traseira";"Com Vítimas Feridas";"Pleno dia";"Decrescente";"Céu Claro";"Simples";"Reta;Declive";"Sim";2;0;2;0;0;0;2;1;-15,88749699;-52,26810568;"SPRF-MT";"DEL07-MT";"UOP01-DEL07-MT"
208667;2019-05-11;"sábado";"14:15:00";"BA";101;507;"ITABUNA";"Ingestão de Álcool";"Colisão lateral";"Com Vítimas Feridas";"Pleno dia";"Crescente";"Céu Claro";"Simples";"Reta";"Sim";2;0;1;1;0;0;2;2;-14,96379924;-39,31343385;"SPRF-BA";"DEL05-BA";"UOP01-DEL05-BA"
208668;2019-05-11;"sábado";"12:15:00";"SC";280;100,2;"SAO BENTO DO SUL";"Velocidade Incompatível";"Colisão frontal";"Sem Vítimas";"Pleno dia";"Decrescente";"Nublado";"Simples";"Curva";"Não";2;0;0;0;2;0;0;2;-26,36313515;-49,34035599;"SPRF-SC";"DEL06-SC";"UOP03-DEL06-SC"
208669;2019-05-11;"sábado";"15:15:00";"SC";470;23,3;"ILHOTA";"Ultrapassagem Indevida";"Colisão frontal";"Com Vítimas Fatais";"Pleno dia";"Decrescente";"Nublado";"Simples";"Reta";"Não";7;1;3;1;0;2;4;3;-26,880913;-48,846237;"SPRF-SC";"DEL04-SC";"UOP04-DEL04-SC"