"id";"data_inversa";"dia_semana";"horario";"uf";"br";"km";"municipio";"causa_acidente";"tipo_acidente";"classificacao_acidente";"fase_dia";"sentido_via";"condicao_metereologica";"tipo_pista";"tracado_via";"uso_solo";"pessoas";"mortos";"feridos_leves";"feridos_graves";"ilesos";"ignorados";"feridos";"veiculos";"latitude";"longitude";"regional";"delegacia";"uop"
208670;2019-05-11;"sábado";"15:15:00";"PR";277;23,2;"MORRETES";"Desobediência às normas de trânsito pelo condutor";"Queda de ocupante de veículo";"Com Vítimas Feridas";"Pleno dia";"Decrescente";"Céu Claro";"Dupla";"Reta";"Não";2;0;1;0;1;0;1;1;-25,54134292;-48,68821697;"SPRF-PR";"DEL01-PR";"UOP05-DEL01-PR"
208671;2019-05-11;"sábado";"15:20:00";"MG";116;611,9;"SAO JOAO DO MANHUACU";"Velocidade Incompatível";"Saída de leito carroçável";"Com Vítimas Feridas";"Pleno dia";"Decrescente";"Céu Claro";"Simples";"Curva";"Não";1;0;0;1;0;0;1;1;-20,42135001;-42,15728099;"SPRF-MG";"DEL07-MG";"UOP03-DEL07-MG"
208672;2019-05-11;"sábado";"14:30:00";"SP";116;147;"SAO JOSE DOS CAMPOS";"Defeito Mecânico no Veículo";"Colisão traseira";"Com Vítimas Feridas";"Pleno dia";"Crescente";"Sol";"Dupla";"Curva";"Sim";8;0;2;0;6;0;2;2;-23,19772301;-45,87627769;"SPRF-SP";"DEL02-SP";"UOP01-DEL02-SP"
208673;2019-05-11;"sábado";"14:30:00";"MT";163;843;"SINOP";"Falta de Atenção à Condução";"Colisão transversal";"Com Vítimas Feridas";"Pleno dia";"Decrescente";"Céu Claro";"Simples";"Reta";"Não";2;0;1;0;1;0;1;2;-11,91612191;-55,50952235;"SPRF-MT";"DEL06-MT";"UOP02-DEL06-MT"
208674;2019-05-11;"sábado";"13:20:00";"MS";163;514,4;"JARAGUARI";"Falta de Atenção à Condução";"Capotamento";"Com Vítimas Feridas";"Pleno dia";"Crescente";"Nublado";"Dupla";"Reta";"Não";2;0;0;1;1;0;1;1;-20,21091797;-54,47029106;"SPRF-MS";"DEL01-MS";"UOP02-DEL01-MS"
208676;2019-05-11;"sábado";"13:50:00";"SC";163;83,6;"GUARACIABA";"Desobediência às normas de trânsito pelo condutor";"Colisão transversal";"Sem Vítimas";"Pleno dia";"Crescente";"Chuva";"Simples";"Rotatória;Aclive";"Sim";2;0;0;0;2;0;0;2;-26,61594101;-53,51942819;"SPRF-SC";"DEL07-SC";"UOP03-DEL07-SC"
208677;2019-05-11;"sábado";"13:00:00";"PR";376;618,5;"SAO JOSE DOS PINHAIS";"Ingestão de Substâncias Psicoativas";"Colisão lateral";"Com Vítimas Feridas";"Pleno dia";"Crescente";"Nublado";"Dupla";"Reta";"Sim";3;0;2;0;0;1;2;2;-25,59168398;-49,17197705;"SPRF-PR";"DEL01-PR";"UOP01-DEL01-PR"
208678;2019-05-11;"sábado";"14:48:00";"SP";116;217;"GUARULHOS";"Falta de Atenção à Condução";"Colisão traseira";"Sem Vítimas";"Pleno dia";"Decrescente";"Nublado";"Múltipla";"Reta";"Não";3;0;0;0;2;1;0;3;-23,45423824;-46,47119028;"SPRF-SP";"DEL01-SP";"UOP01-DEL01-SP"
208679;2019-05-11;"sábado";"14:40:00";"RS";386;373;"PAVERAMA";"Defeito na Via";"Tombamento";"Com Vítimas Feridas";"Pleno dia";"Decrescente";"Chuva";"Dupla";"Reta";"Sim";1;0;0;1;0;0;1;1;-29,610334;-51,804359;"SPRF-RS";"DEL04-RS";"UOP02-DEL04-RS"
208681;2019-05-11;"sábado";"14:00:00";"MT";163;61;"RONDONOPOLIS";"Fenômenos da Natureza";"Saída de leito carroçável";"Com Vítimas Feridas";"Pleno dia";"Crescente";"Nublado";"Dupla";"Reta";"Não";2;0;1;0;1;0;1;1;-16,97903791;-54,74750626;"SPRF-MT";"DEL02-MT";"DEL2/2-UOP02/MT"
208682;2019-05-11;"sábado";"12:00:00";"PR";373;455;"CHOPINZINHO";"Velocidade Incompatível";"Saída de leito carroçável";"Com Vítimas Feridas";"Pleno dia";"Decrescente";"Chuva";"Simples";"Curva";"Não";1;0;1;0;0;0;1;1;-25,9040622;-52,37777275;"SPRF-PR";"DEL02-PR";"UOP01-DEL02-PR"
208683;2019-05-11;"sábado";"15:50:00";"SC";282;97,1;"ALFREDO WAGNER";"Velocidade Incompatível";"Saída de leito carroçável";"Com Vítimas Feridas";"Pleno dia";"Crescente";"Chuva";"Simples";"Curva";"Não";2;0;1;0;1;0;1;1;-27,707966;-49,272182;"SPRF-SC";"DEL01-SC";"UOP03-DEL01-SC"
208684;2019-05-11;"sábado";"14:15:00";"MG";262;36,2;"MANHUACU";"Falta de Atenção do Pedestre";"Atropelamento de Pedestre";"Com Vítimas Feridas";"Pleno dia";"Crescente";"Céu Claro";"Simples";"Reta";"Sim";2;0;1;0;1;0;1;2;-20,25932046;-42,02298331;"SPRF-MG";"DEL06-MG";"UOP03-DEL06-MG"
208685;2019-05-11;"sábado";"15:50:00";"MG";381;501,1;"BETIM";"Não guardar distância de segurança";"Colisão traseira";"Sem Vítimas";"Pleno dia";"Crescente";"Céu Claro";"Múltipla";"Reta";"Sim";2;0;0;0;2;0;0;2;-20,03146447;-44,2377893;"SPRF-MG";"DEL01-MG";"UOP03-DEL01-MG"
208686;2019-05-11;"sábado";"15:54:00";"PR";373;174;"PONTA GROSSA";"Falta de Atenção à Condução";"Colisão transversal";"Sem Vítimas";"Pleno dia";"Decrescente";"Nublado";"Dupla";"Retorno Regulamentado";"Sim";2;0;0;0;2;0;0;2;-25,07544438;-50,21023929;"SPRF-PR";"DEL03-PR";"UOP01-DEL03-PR"
208688;2019-05-11;"sábado";"16:10:00";"SE";101;181,7;"UMBAUBA";"Falta de Atenção à Condução";"Tombamento";"Com Vítimas Feridas";"Pleno dia";"Crescente";"Nublado";"Simples";"Reta";"Sim";1;0;0;1;0;0;1;1;-11,3744;-37,6562;"SPRF-SE";"DEL02-SE";"UOP03-DEL02-SE"
208692;2019-05-11;"sábado";"16:30:00";"MG";40;446;"PARAOPEBA";"Velocidade Incompatível";"Queda de ocupante de veículo";"Com Vítimas Feridas";"Pleno dia";"Crescente";"Céu Claro";"Simples";"Curva;Viaduto";"Não";1;0;0;1;0;0;1;1;-19,28815;-44,392;"SPRF-MG";"DEL02-MG";"UOP01-DEL02-MG"
208694;2019-05-11;"sábado";"17:00:00";"MG";381;354,5;"JOAO MONLEVADE";"Falta de Atenção à Condução";"Queda de ocupante de veículo";"Com Vítimas Feridas";"Pleno dia";"Crescente";"Nublado";"Simples";"Reta";"Não";1;0;1;0;0;0;1;1;-19,8499239;-43,14868105;"SPRF-MG";"DEL03-MG";"UOP01-DEL03-MG"
208695;2019-05-11;"sábado";"15:35:00";"MG";153;188,3;"FRUTAL";"Condutor Dormindo";"Capotamento";"Com Vítimas Feridas";"Pleno dia";"Decrescente";"Céu Claro";"Simples";"Reta";"Não";1;0;1;0;0;0;1;1;-19,92355905;-48,95950712;"SPRF-MG";"DEL13-MG";"UOP02-DEL13-MG"
208696;2019-05-11;"sábado";"17:05:00";"PR";373;180,1;"PONTA GROSSA";"Pista Escorregadia";"Queda de ocupante de veículo";"Com Vítimas Feridas";"Pleno dia";"Decrescente";"Nublado";"Simples";"Reta";"Sim";1;0;1;0;0;0;1;1;-25,03983629;-50,24852895;"SPRF-PR";"DEL03-PR";"UOP01-DEL03-PR"
208698;2019-05-11;"sábado";"17:15:00";"AL";104;89;"RIO LARGO";"Falta de Atenção do Pedestre";"Atropelamento de Pedestre";"Com Vítimas Feridas";"Pleno dia";"Crescente";"Céu Claro";"Dupla";"Reta";"Sim";2;0;0;1;1;0;1;2;-9,49216808;-35,81471324;"SPRF-AL";"DEL01-AL";"UOP01-DEL01-AL"
208700;2019-05-11;"sábado";"16:35:00";"PE";101;79;"RECIFE";"Falta de Atenção do Pedestre";"Atropelamento de Pedestre";"Com Vítimas Feridas";"Plena Noite";"Crescente";"Céu Claro";"Dupla";"Curva";"Sim";2;0;1;0;1;0;1;2;-8,14366112;-34,94723453;"SPRF-PE";"DEL01-PE";"UOP01-DEL01-PE"
208701;2019-05-11;"sábado";"12:15:00";"RO";364;341,8;"JI-PARANA";"Desobediência às normas de trânsito pelo condutor";"Colisão lateral";"Com Vítimas Feridas";"Pleno dia";"Decrescente";"Céu Claro";"Múltipla";"Reta";"Sim";3;0;1;0;1;1;1;3;-10,88987987;-61,93126772;"SPRF-RO";"DEL02-RO";"UOP01-DEL02-RO"
208703;2019-05-11;"sábado";"16:40:00";"GO";60;94;"ANAPOLIS";"Falta de Atenção à Condução";"Colisão com objeto estático";"Com Vítimas Feridas";"Pleno dia";"Crescente";"Céu Claro";"Dupla";"Em Obras";"Sim";1;0;1;0;0;0;1;1;-16,3611;-48,9328;"SPRF-GO";"DEL02-GO";"UOP01-DEL02-GO"
208704;2019-05-11;"sábado";"17:15:00";"ES";101;67,1;"SAO MATEUS";"Falta de Atenção à Condução";"Colisão lateral";"Com Vítimas Feridas";"Anoitecer";"Crescente";"Céu Claro";"Múltipla";"Reta";"Sim";2;0;2;0;0;0;2;1;-18,72054021;-39,8658931;"SPRF-ES";"DEL04-ES";"UOP02-DEL04-ES"
208705;2019-05-11;"sábado";"17:00:00";"PE";428;188;"PETROLINA";"Ingestão de Álcool";"Colisão com objeto estático";"Com Vítimas Feridas";"Pleno dia";"Crescente";"Céu Claro";"Simples";"Curva";"Sim";2;0;2;0;0;0;2;1;-9,36400596;-40,48266808;"SPRF-PE";"DEL06-PE";"UOP01-DEL06-PE"
208706;2019-05-11;"sábado";"14:20:00";"SC";282;618,6;"IRACEMINHA";"Velocidade Incompatível";"Saída de leito carroçável";"Com Vítimas Feridas";"Pleno dia";"Decrescente";"Chuva";"Simples";"Curva";"Não";1;0;1;0;0;0;1;1;-26,788088;-53,293259;"SPRF-SC";"DEL07-SC";"UOP02-DEL07-SC"
208707;2019-05-11;"sábado";"17:50:00";"PE";232;57;"POMBOS";"Falta de Atenção à Condução";"Colisão lateral";"Com Vítimas Feridas";"Plena Noite";"Decrescente";"Nublado";"Simples";"Retorno Regulamentado";"Não";3;0;1;1;0;1;2;2;-8,1412132;-35,38181492;"SPRF-PE";"DEL01-PE";"UOP02-DEL02PE"
208710;2019-05-11;"sábado";"14:00:00";"MT";70;365,9;"CAMPO VERDE";"Falta de Atenção à Condução";"Saída de leito carroçável";"Com Vítimas Feridas";"Pleno dia";"Decrescente";"Céu Claro";"Simples";"Reta";"Não";3;0;3;0;0;0;3;1;-15,47290687;-54,99465295;"SPRF-MT";"DEL05-MT";"UOP01-DEL05-MT"
208711;2019-05-11;"sábado";"17:55:00";"RS";290;93,5;"PORTO ALEGRE";"Ingestão de Álcool";"Colisão com objeto estático";"Sem Vítimas";"Plena Noite";"Decrescente";"Nublado";"Dupla";"Curva";"Sim";1;0;0;0;1;0;0;1;-29,97176018;-51,19556103;"SPRF-RS";"DEL01-RS";"UOP01-DEL01-RS"
208712;2019-05-11;"sábado";"17:54:00";"AL";316;84,3;"SANTANA DO IPANEMA";"Ingestão de Álcool";"Colisão lateral";"Com Vítimas Feridas";"Anoitecer";"Crescente";"Céu Claro";"Dupla";"Reta";"Sim";6;0;1;0;5;0;1;6;-9,36681348;-37,25183498;"SPRF-AL";"DEL03-AL";"UOP02-DEL03-AL"
208713;2019-05-11;"sábado";"18:00:00";"RN";101;71,4;"EXTREMOZ";"Ingestão de Álcool";"Colisão lateral";"Sem Vítimas";"Plena Noite";"Crescente";"Nublado";"Simples";"Interseção de Vias";"Não";2;0;0;0;2;0;0;2;-5,68968701;-35,26298333;"SPRF-RN";"DEL02-RN";"UOP01-DEL02-RN"
208714;2019-05-11;"sábado";"18:10:00";"BA";418;97,7;"NOVA VICOSA";"Desobediência às normas de trânsito pelo condutor";"Colisão traseira";"Com Vítimas Feridas";"Plena Noite";"Crescente";"Céu Claro";"Simples";"Reta";"Não";2;0;1;0;1;0;1;2;-17,89534879;-39,90649407;"SPRF-BA";"DEL09-BA";"UOP02-DEL09-BA"
208715;2019-05-11;"sábado";"18:00:00";"SP";116;138,3;"SAO JOSE DOS CAMPOS";"Falta de Atenção do Pedestre";"Atropelamento de Pedestre";"Com Vítimas Feridas";"Plena Noite";"Decrescente";"Nublado";"Dupla";"Reta;Interseção de Vias";"Não";2;0;1;0;0;1;1;2;-23,15677542;-45,79422355;"SPRF-SP";"DEL06-SP";"UOP02-DEL02-SP"
208716;2019-05-11;"sábado";"17:40:00";"MA";135;4,4;"SAO LUIS";"Ingestão de Álcool";"Atropelamento de Pedestre";"Com Vítimas Feridas";"Pleno dia";"Decrescente";"Céu Claro";"Dupla";"Reta";"Sim";2;0;1;0;1;0;1;2;-2,61695295;-44,25450867;"SPRF-MA";"DEL01-MA";"UOP01-DEL01-MA"
208717;2019-05-11;"sábado";"15:30:00";"BA";110;366,8;"CATU";"Pista Escorregadia";"Colisão frontal";"Com Vítimas Feridas";"Pleno dia";"Decrescente";"Chuva";"Simples";"Declive";"Sim";6;0;4;2;0;0;6;2;-12,40314093;-38,3898051;"SPRF-BA";"DEL01-BA";"UOP04-DEL01-BA"
208718;2019-05-11;"sábado";"17:25:00";"MG";116;586,9;"MANHUACU";"Ingestão de Álcool";"Colisão traseira";"Sem Vítimas";"Anoitecer";"Crescente";"Nublado";"Simples";"Reta";"Não";2;0;0;0;2;0;0;2;-20,23618707;-42,16556506;"SPRF-MG";"DEL06-MG";"UOP03-DEL06-MG"
208719;2019-05-11;"sábado";"18:00:00";"SE";235;13,5;"NOSSA SENHORA DO SOCORRO";"Animais na Pista";"Atropelamento de Animal";"Sem Vítimas";"Plena Noite";"Decrescente";"Ignorado";"Simples";"Reta;Aclive";"Não";1;0;0;0;1;0;0;1;-10,868567;-37,171078;"SPRF-SE";"DEL01-SE";"UOP01-DEL01-SE"
208720;2019-05-11;"sábado";"18:15:00";"RS";116;150;"CAXIAS DO SUL";"Falta de Atenção do Pedestre";"Atropelamento de Pedestre";"Com Vítimas Feridas";"Plena Noite";"Crescente";"Garoa/Chuvisco";"Dupla";"Reta";"Sim";2;0;1;0;1;0;1;2;-29,168428;-51,158337;"SPRF-RS";"DEL05-RS";"UOP01-DEL05-RS"
208721;2019-05-11;"sábado";"17:50:00";"SC";470;65;"INDAIAL";"Velocidade Incompatível";"Colisão traseira";"Com Vítimas Feridas";"Plena Noite";"Decrescente";"Chuva";"Simples";"Reta";"Não";4;0;2;0;2;0;2;3;-26,870411;-49,211864;"SPRF-SC";"DEL04-SC";"UOP01-DEL04-SC"
208722;2019-05-11;"sábado";"17:40:00";"MA";316;599,9;"TIMON";"Falta de Atenção à Condução";"Colisão traseira";"Com Vítimas Fatais";"Anoitecer";"Crescente";"Céu Claro";"Simples";"Reta";"Não";2;1;0;0;1;0;0;2;-5,021561;-42,962944;"SPRF-MA";"DEL03-MA";"UOP02-DEL03-MA"
208724;2019-05-11;"sábado";"18:30:00";"MG";381;490;"BETIM";"Avarias e/ou desgaste excessivo no pneu";"Tombamento";"Com Vítimas Feridas";"Plena Noite";"Crescente";"Céu Claro";"Dupla";"Reta";"Sim";2;0;1;0;1;0;1;1;-19,96502819;-44,17422195;"SPRF-MG";"DEL01-MG";"UOP03-DEL01-MG"
208725;2019-05-11;"sábado";"17:00:00";"SC";480;129;"CHAPECO";"Velocidade Incompatível";"Saída de leito carroçável";"Sem Vítimas";"Anoitecer";"Crescente";"Chuva";"Simples";"Reta;Declive";"Sim";1;0;0;0;1;0;0;1;-27,04656607;-52,63577131;"SPRF-SC";"DEL07-SC";"UOP01-DEL07-SC"
208727;2019-05-11;"sábado";"18:45:00";"PR";373;230,3;"IMBITUVA";"Falta de Atenção à Condução";"Colisão com objeto estático";"Sem Vítimas";"Plena Noite";"Decrescente";"Chuva";"Simples";"Reta";"Sim";1;0;0;0;0;1;0;1;-25,17908554;-50,65890404;"SPRF-PR";"DEL03-PR";"UOP01-DEL03-PR"
208729;2019-05-11;"sábado";"16:20:00";"SC";101;383,2;"ICARA";"Pista Escorregadia";"Saída de leito carroçável";"Com Vítimas Feridas";"Pleno dia";"Crescente";"Chuva";"Dupla";"Reta";"Não";2;0;2;0;0;0;2;1;-28,7644284;-49,29379981;"SPRF-SC";"DEL02-SC";"UOP02-DEL02-SC"
208730;2019-05-11;"sábado";"19:10:00";"SC";470;140,8;"RIO DO SUL";"Não guardar distância de segurança";"Colisão traseira";"Com Vítimas Feridas";"Plena Noite";"Decrescente";"Chuva";"Dupla";"Reta";"Sim";3;0;1;0;2;0;1;3;-27,20615756;-49,64691136;"SPRF-SC";"DEL04-SC";"UOP02-DEL04-SC"
208731;2019-05-11;"sábado";"16:30:00";"SC";282;446,3;"PONTE SERRADA";"Pista Escorregadia";"Colisão lateral";"Sem Vítimas";"Pleno dia";"Crescente";"Chuva";"Simples";"Curva";"Não";5;0;0;0;5;0;0;2;-26,910217;-51,914951;"SPRF-SC";"DEL07-SC";"UOP04-DEL07-SC"
208732;2019-05-11;"sábado";"19:00:00";"SC";101;120,6;"ITAJAI";"Velocidade Incompatível";"Tombamento";"Com Vítimas Feridas";"Plena Noite";"Decrescente";"Garoa/Chuvisco";"Dupla";"Curva";"Sim";1;0;1;0;0;0;1;1;-26,912758;-48,711998;"SPRF-SC";"DEL04-SC";"UOP04-DEL04-SC"
208733;2019-05-11;"sábado";"16:20:00";"MT";364;0,3;"ALTO ARAGUAIA";"Ingestão de Álcool";"Atropelamento de Pedestre";"Com Vítimas Feridas";"Pleno dia";"Decrescente";"Céu Claro";"Dupla";"Reta";"Sim";2;0;2;0;0;0;2;2;-17,31871;-53,211903;"SPRF-MT";"DEL02-MT";"UOP02-DEL02-MT"
208734;2019-05-11;"sábado";"18:50:00";"PR";369;174;"ROLANDIA";"Falta de Atenção à Condução";"Colisão transversal";"Com Vítimas Feridas";"Plena Noite";"Crescente";"Chuva";"Simples";"Interseção de Vias";"Sim";2;0;0;1;1;0;1;2;-23,33700037;-51,3883245;"SPRF-PR";"DEL07-PR";"UOP01-DEL07-PR"
208736;2019-05-11;"sábado";"19:40:00";"SC";470;15,4;"ILHOTA";"Ingestão de Álcool";"Colisão frontal";"Com Vítimas Feridas";"Plena Noite";"Crescente";"Chuva";"Simples";"Curva";"Não";3;0;1;1;0;1;2;2;-26,84000142;-48,78925323;"SPRF-SC";"DEL04-SC";"UOP04-DEL04-SC"
208738;2019-05-11;"sábado";"17:50:00";"SE";235;13,7;"NOSSA SENHORA DO SOCORRO";"Animais na Pista";"Atropelamento de Animal";"Sem Vítimas";"Plena Noite";"Crescente";"Céu Claro";"Simples";"Reta";"Não";1;0;0;0;1;0;0;1;-10,868567;-37,171078;"SPRF-SE";"DEL01-SE";"UOP01-DEL01-SE"
208739;2019-05-11;"sábado";"19:40:00";"SC";101;192;"BIGUACU";"Restrição de Visibilidade";"Colisão transversal";"Sem Vítimas";"Anoitecer";"Decrescente";"Chuva";"Simples";"Interseção de Vias";"Sim";2;0;0;0;2;0;0;2;-27,48443781;-48,64765238;"SPRF-SC";"DEL01-SC";"UOP01-DEL01-SC"
208740;2019-05-11;"sábado";"19:11:00";"MG";50;57;"UBERLANDIA";"Falta de Atenção à Condução";"Saída de leito carroçável";"Com Vítimas Feridas";"Plena Noite";"Crescente";"Céu Claro";"Dupla";"Curva";"Não";4;0;0;3;1;0;3;1;-18,78618914;-48,23177218;"SPRF-MG";"DEL15-MG";"UOP02-DEL15-MG"
208741;2019-05-11;"sábado";"19:40:00";"RJ";101;53;"CAMPOS DOS GOYTACAZES";"Falta de Atenção à Condução";"Colisão lateral";"Com Vítimas Feridas";"Plena Noite";"Crescente";"Céu Claro";"Simples";"Reta";"Sim";3;0;1;0;1;1;1;2;-21,660484;-41,31128898;"SPRF-RJ";"DEL08-RJ";"UOP01-DEL08-RJ"
208743;2019-05-11;"sábado";"19:55:00";"DF";80;9,9;"BRASILIA";"Ingestão de Álcool";"Colisão transversal";"Com Vítimas Feridas";"Plena Noite";"Crescente";"Céu Claro";"Simples";"Reta";"Sim";2;0;1;0;1;0;1;2;-15,731064;-48,159393;"SPRF-DF";"DEL01-DF";"UOP02-DEL03-DF"
208744;2019-05-11;"sábado";"18:05:00";"SE";235;15,7;"NOSSA SENHORA DO SOCORRO";"Animais na Pista";"Atropelamento de Animal";"Com Vítimas Feridas";"Plena Noite";"Crescente";"Céu Claro";"Simples";"Reta";"Não";1;0;1;0;0;0;1;1;-10,857119;-37,185043;"SPRF-SE";"DEL01-SE";"UOP01-DEL01-SE"
208745;2019-05-11;"sábado";"19:40:00";"SP";116;493;"CAJATI";"Falta de Atenção à Condução";"Colisão traseira";"Com Vítimas Feridas";"Plena Noite";"Decrescente";"Garoa/Chuvisco";"Dupla";"Reta";"Não";3;0;0;2;1;0;2;2;-24,73677943;-48,12025308;"SPRF-SP";"DEL05-SP";"UAP01-DEL05-SP"
208747;2019-05-11;"sábado";"16:50:00";"PE";423;118;"PARANATAMA";"Desobediência às normas de trânsito pelo condutor";"Colisão transversal";"Com Vítimas Feridas";"Pleno dia";"Decrescente";"Céu Claro";"Simples";"Reta";"Não";2;0;1;0;1;0;1;2;-8,90888501;-36,677759;"SPRF-PE";"DEL03-PE";"UOP01-DEL03-PE"
208749;2019-05-11;"sábado";"19:50:00";"GO";50;270,2;"CATALAO";"Defeito na Via";"Tombamento";"Com Vítimas Feridas";"Plena Noite";"Crescente";"Ignorado";"Dupla";"Reta;Declive";"Não";1;0;1;0;0;0;1;1;-18,1087;-47,8878;"SPRF-GO";"DEL06-GO";"UOP01-DEL06-GO"
208751;2019-05-11;"sábado";"20:20:00";"RS";392;84,5;"PELOTAS";"Falta de Atenção à Condução";"Colisão com objeto estático";"Com Vítimas Feridas";"Plena Noite";"Crescente";"Céu Claro";"Simples";"Reta";"Não";1;0;1;0;0;0;1;1;-31,64764106;-52,47931607;"SPRF-RS";"DEL07-RS";"UOP01-DEL07-RS"
208752;2019-05-11;"sábado";"18:00:00";"SC";153;74,1;"IRANI";"Ingestão de Álcool";"Colisão lateral";"Sem Vítimas";"Plena Noite";"Crescente";"Chuva";"Simples";"Curva";"Não";3;0;0;0;3;0;0;2;-27,078651;-51,904682;"SPRF-SC";"DEL07-SC";"UOP04-DEL07-SC"
208754;2019-05-11;"sábado";"20:00:00";"RJ";393;284,4;"VOLTA REDONDA";"Não guardar distância de segurança";"Colisão traseira";"Sem Vítimas";"Plena Noite";"Decrescente";"Céu Claro";"Simples";"Reta";"Não";2;0;0;0;1;1;0;2;-22,47341979;-44,05990606;"SPRF-RJ";"DEL05-RJ";"UOP04-DEL05-RJ"
208755;2019-05-11;"sábado";"20:35:00";"SP";116;65;"GUARATINGUETA";"Falta de Atenção à Condução";"Tombamento";"Com Vítimas Feridas";"Plena Noite";"Decrescente";"Céu Claro";"Simples";"Reta";"Sim";2;0;2;0;0;0;2;1;-22,823273;-45,192806;"SPRF-SP";"DEL08-SP";"UOP01-DEL08-SP"
208756;2019-05-11;"sábado";"19:50:00";"SC";163;77,6;"SAO MIGUEL DO OESTE";"Velocidade Incompatível";"Tombamento";"Sem Vítimas";"Plena Noite";"Crescente";"Garoa/Chuvisco";"Simples";"Rotatória";"Sim";1;0;0;0;0;1;0;1;-26,65574352;-53,5169363;"SPRF-SC";"DEL07-SC";"UOP03-DEL07-SC"
208758;2019-05-11;"sábado";"19:25:00";"SC";282;620,8;"IRACEMINHA";"Ingestão de Álcool";"Colisão lateral";"Sem Vítimas";"Plena Noite";"Decrescente";"Chuva";"Simples";"Curva;Declive;Em Obras";"Não";4;0;0;0;4;0;0;2;-26,799355;-53,308002;"SPRF-SC";"DEL07-SC";"UOP02-DEL07-SC"
208761;2019-05-11;"sábado";"20:00:00";"RS";392;32,2;"RIO GRANDE";"Falta de Atenção à Condução";"Capotamento";"Sem Vítimas";"Plena Noite";"Decrescente";"Céu Claro";"Dupla";"Viaduto";"Não";1;0;0;0;1;0;0;1;-32,03374882;-52,28672871;"SPRF-RS";"DEL07-RS";"UOP02-DEL07-RS"
208762;2019-05-11;"sábado";"17:20:00";"SC";282;25,7;"SANTO AMARO DA IMPERATRIZ";"Falta de Atenção à Condução";"Saída de leito carroçável";"Com Vítimas Feridas";"Plena Noite";"Crescente";"Chuva";"Simples";"Reta";"Não";1;0;0;1;0;0;1;1;-27,678228;-48,752895;"SPRF-SC";"DEL01-SC";"UOP03-DEL01-SC"
208764;2019-05-11;"sábado";"20:45:00";"ES";101;148;"LINHARES";"Falta de Atenção à Condução";"Queda de ocupante de veículo";"Com Vítimas Fatais";"Plena Noite";"Crescente";"Céu Claro";"Dupla";"Reta";"Sim";1;1;0;0;0;0;0;1;-19,38870418;-40,06775022;"SPRF-ES";"DEL04-ES";"UOP01-DEL04-ES"
208766;2019-05-11;"sábado";"20:45:00";"DF";20;13,9;"BRASILIA";"Falta de Atenção à Condução";"Saída de leito carroçável";"Com Vítimas Feridas";"Plena Noite";"Crescente";"Céu Claro";"Dupla";"Reta";"Não";1;0;1;0;0;0;1;1;-15,638752;-47,749599;"SPRF-DF";"DEL02-DF";"UOP01-DEL02-DF"
208769;2019-05-11;"sábado";"21:10:00";"SC";101;133;"BALNEARIO CAMBORIU";"Falta de Atenção à Condução";"Atropelamento de Pedestre";"Com Vítimas Feridas";"Plena Noite";"Decrescente";"Garoa/Chuvisco";"Simples";"Reta";"Sim";2;0;1;0;1;0;1;2;-26,99936;-48,64609;"SPRF-SC";"DEL04-SC";"UOP03-DEL04-SC"
208771;2019-05-11;"sábado";"21:40:00";"GO";153;541;"HIDROLANDIA";"Ingestão de Álcool";"Saída de leito carroçável";"Sem Vítimas";"Plena Noite";"Crescente";"Céu Claro";"Dupla";"Retorno Regulamentado";"Não";1;0;0;0;1;0;0;1;-17,0648;-49,2252;"SPRF-GO";"DEL01-GO";"UOP03-DEL01-GO"
208772;2019-05-11;"sábado";"19:40:00";"SC";282;216,2;"LAGES";"Velocidade Incompatível";"Colisão traseira";"Com Vítimas Feridas";"Plena Noite";"Decrescente";"Garoa/Chuvisco";"Simples";"Reta";"Sim";2;0;1;0;1;0;1;2;-27,797529;-50,291862;"SPRF-SC";"DEL05-SC";"UOP01-DEL05-SC"
208776;2019-05-11;"sábado";"21:15:00";"RJ";116;165;"RIO DE JANEIRO";"Não guardar distância de segurança";"Engavetamento";"Com Vítimas Feridas";"Plena Noite";"Crescente";"Céu Claro";"Dupla";"Reta";"Sim";3;0;1;0;2;0;1;3;-22,81548519;-43,29087405;"SPRF-RJ";"DEL01-RJ";"UOP02-DEL01-RJ"
208777;2019-05-11;"sábado";"21:33:00";"SC";101;186;"BIGUACU";"Fenômenos da Natureza";"Colisão com objeto estático";"Com Vítimas Feridas";"Plena Noite";"Decrescente";"Chuva";"Dupla";"Reta";"Sim";1;0;1;0;0;0;1;1;-27,4341098;-48,62567129;"SPRF-SC";"DEL01-SC";"UOP01-DEL01-SC"
208778;2019-05-11;"sábado";"21:15:00";"RS";290;25,2;"SANTO ANTONIO DA PATRULHA";"Falta de Atenção à Condução";"Colisão frontal";"Sem Vítimas";"Plena Noite";"Decrescente";"Chuva";"Dupla";"Reta";"Não";1;0;0;0;1;0;0;1;-29,880203;-50,503971;"SPRF-RS";"DEL03-RS";"UOP01-DEL03-RS"
208779;2019-05-11;"sábado";"22:45:00";"PR";376;676,3;"GUARATUBA";"Velocidade Incompatível";"Saída de leito carroçável";"Com Vítimas Feridas";"Plena Noite";"Decrescente";"Chuva";"Dupla";"Curva";"Não";3;0;1;0;2;0;1;1;-25,94033245;-48,90729189;"SPRF-PR";"DEL01-PR";"UOP04-DEL01-PR"
208780;2019-05-11;"sábado";"21:50:00";"RS";386;319;"MARQUES DE SOUZA";"Ingestão de Álcool";"Colisão lateral";"Sem Vítimas";"Plena Noite";"Crescente";"Chuva";"Simples";"Reta";"Não";3;0;0;0;3;0;0;3;-29,278328;-52,135033;"SPRF-RS";"DEL04-RS";"UOP01-DEL04-RS"