"id";"data_inversa";"dia_semana";"horario";"uf";"br";"km";"municipio";"causa_acidente";"tipo_acidente";"classificacao_acidente";"fase_dia";"sentido_via";"condicao_metereologica";"tipo_pista";"tracado_via";"uso_solo";"pessoas";"mortos";"feridos_leves";"feridos_graves";"ilesos";"ignorados";"feridos";"veiculos";"latitude";"longitude";"regional";"delegacia";"uop"
208781;2019-05-11;"sábado";"22:30:00";"GO";153;321,9;"RIANAPOLIS";"Velocidade Incompatível";"Saída de leito carroçável";"Com Vítimas Feridas";"Plena Noite";"Decrescente";"Céu Claro";"Simples";"Interseção de Vias";"Não";2;0;2;0;0;0;2;1;-15,456578;-49,502522;"SPRF-GO";"DEL02-GO";"UOP02-DEL02-GO"
208783;2019-05-11;"sábado";"21:40:00";"MT";163;850,5;"SINOP";"Desobediência às normas de trânsito pelo condutor";"Colisão transversal";"Com Vítimas Feridas";"Plena Noite";"Crescente";"Céu Claro";"Dupla";"Reta";"Sim";2;0;1;0;1;0;1;2;-11,85542504;-55,49368385;"SPRF-MT";"DEL06-MT";"UOP02-DEL06-MT"
208784;2019-05-11;"sábado";"23:20:00";"RS";287;249,1;"SANTA MARIA";"Ingestão de Álcool";"Colisão transversal";"Com Vítimas Feridas";"Plena Noite";"Decrescente";"Nublado";"Simples";"Curva;Interseção de Vias;Em Obras;Desvio Temporário";"Sim";2;0;1;0;1;0;1;2;-29,69400654;-53,86100019;"SPRF-RS";"DEL09-RS";"UOP01-DEL09-RS"
208785;2019-05-11;"sábado";"22:22:00";"SC";101;206;"SAO JOSE";"Fenômenos da Natureza";"Tombamento";"Com Vítimas Feridas";"Plena Noite";"Crescente";"Chuva";"Dupla";"Reta";"Não";1;0;1;0;0;0;1;1;-27,59193546;-48,61824557;"SPRF-SC";"DEL01-SC";"UOP01-DEL01-SC"
208787;2019-05-11;"sábado";"22:58:00";"BA";242;418;"SEABRA";"Falta de Atenção à Condução";"Capotamento";"Com Vítimas Feridas";"Plena Noite";"Decrescente";"Céu Claro";"Simples";"Reta";"Não";6;0;0;4;2;0;4;1;-12,43218557;-41,80645406;"SPRF-BA";"DEL06-BA";"UOP01-DEL06-BA"
208789;2019-05-11;"sábado";"23:15:00";"MG";262;360;"BETIM";"Velocidade Incompatível";"Queda de ocupante de veículo";"Com Vítimas Feridas";"Plena Noite";"Crescente";"Nublado";"Dupla";"Curva";"Sim";1;0;0;1;0;0;1;1;-19,97366;-44,268717;"SPRF-MG";"DEL01-MG";"UOP03-DEL01-MG"
208791;2019-05-11;"sábado";"23:50:00";"ES";101;293,8;"CARIACICA";"Desobediência às normas de trânsito pelo condutor";"Colisão transversal";"Com Vítimas Feridas";"Plena Noite";"Crescente";"Céu Claro";"Múltipla";"Interseção de Vias";"Sim";3;0;0;2;1;0;2;2;-20,32101034;-40,39596677;"SPRF-ES";"DEL01-ES";"UOP01-DEL01-ES"
208792;2019-05-11;"sábado";"19:10:00";"PR";376;169,7;"MARINGA";"Defeito Mecânico no Veículo";"Saída de leito carroçável";"Com Vítimas Feridas";"Plena Noite";"Crescente";"Nublado";"Dupla";"Reta";"Sim";2;0;0;1;0;1;1;1;-23,41293401;-51,98354301;"SPRF-PR";"DEL07-PR";"UOP01-DEL09-PR"
208794;2019-05-11;"sábado";"22:40:00";"ES";482;67;"JERONIMO MONTEIRO";"Ingestão de Álcool";"Saída de leito carroçável";"Com Vítimas Feridas";"Plena Noite";"Crescente";"Céu Claro";"Simples";"Curva";"Não";5;0;0;1;3;1;1;2;-20,780958;-41,415094;"SPRF-ES";"DEL03-ES";"UOP02-DEL03-ES"
208795;2019-05-12;"domingo";"00:30:00";"PR";116;130,7;"FAZENDA RIO GRANDE";"Falta de Atenção à Condução";"Colisão traseira";"Com Vítimas Feridas";"Plena Noite";"Crescente";"Chuva";"Dupla";"Reta";"Sim";3;0;1;0;2;0;1;3;-25,68054752;-49,31613564;"SPRF-PR";"DEL01-PR";"UOP03-DEL01-PR"
208796;2019-05-11;"sábado";"23:00:00";"SP";116;146;"SAO JOSE DOS CAMPOS";"Falta de Atenção à Condução";"Colisão lateral";"Com Vítimas Feridas";"Plena Noite";"Decrescente";"Nublado";"Dupla";"Reta";"Não";3;0;2;0;0;1;2;2;-23,19122919;-45,86327591;"SPRF-SP";"DEL02-SP";"UOP01-DEL02-SP"
208797;2019-05-12;"domingo";"00:00:00";"PR";116;110,8;"SAO JOSE DOS PINHAIS";"Velocidade Incompatível";"Colisão traseira";"Com Vítimas Feridas";"Plena Noite";"Crescente";"Garoa/Chuvisco";"Dupla";"Reta";"Não";5;0;0;2;3;0;2;2;-25,57012941;-49,21736805;"SPRF-PR";"DEL01-PR";"UOP07-DEL01-PR"
208798;2019-05-11;"sábado";"22:30:00";"RS";386;39,2;"FREDERICO WESTPHALEN";"Ingestão de Álcool";"Colisão traseira";"Sem Vítimas";"Plena Noite";"Crescente";"Garoa/Chuvisco";"Simples";"Reta";"Não";2;0;0;0;2;0;0;2;-27,4014896;-53,40630054;"SPRF-RS";"DEL08-RS";"UOP02-DEL08-RS"
208800;2019-05-11;"sábado";"23:25:00";"ES";259;59;"COLATINA";"Desobediência às normas de trânsito pelo condutor";"Colisão transversal";"Com Vítimas Feridas";"Plena Noite";"Crescente";"Céu Claro";"Simples";"Reta";"Não";2;0;1;0;1;0;1;2;-19,52125411;-40,66594194;"SPRF-ES";"DEL02-ES";"UOP01-DEL02-ES"
208801;2019-05-11;"sábado";"22:00:00";"BA";101;948;"MUCURI";"Falta de Atenção à Condução";"Saída de leito carroçável";"Com Vítimas Feridas";"Plena Noite";"Crescente";"Céu Claro";"Simples";"Curva";"Não";1;0;0;1;0;0;1;1;-18,16840196;-39,91873914;"SPRF-BA";"DEL09-BA";"UOP02-DEL09-BA"
208802;2019-05-11;"sábado";"22:10:00";"MS";463;7;"DOURADOS";"Ingestão de Álcool";"Saída de leito carroçável";"Com Vítimas Feridas";"Plena Noite";"Crescente";"Céu Claro";"Simples";"Rotatória;Declive";"Não";1;0;1;0;0;0;1;1;-22,25381614;-54,87402862;"SPRF-MS";"DEL04-MS";"UOP01-DEL04-MS"
208803;2019-05-11;"sábado";"22:30:00";"RN";304;7,9;"MOSSORO";"Falta de Atenção à Condução";"Colisão traseira";"Com Vítimas Feridas";"Plena Noite";"Crescente";"Céu Claro";"Simples";"Reta";"Não";3;0;3;0;0;0;3;2;-4,93345901;-37,41315002;"SPRF-RN";"DEL04-RN";"UOP02-DEL04-RN"
208804;2019-05-12;"domingo";"01:00:00";"MG";262;835,2;"UBERABA";"Velocidade Incompatível";"Colisão com objeto estático";"Com Vítimas Fatais";"Plena Noite";"Crescente";"Céu Claro";"Simples";"Curva";"Não";7;1;6;0;0;0;6;1;-19,748272;-48,232544;"SPRF-MG";"DEL13-MG";"UOP01-DEL13-MG"
208805;2019-05-12;"domingo";"01:00:00";"TO";153;513;"PARAISO DO TOCANTINS";"Ingestão de Álcool";"Queda de ocupante de veículo";"Com Vítimas Feridas";"Plena Noite";"Decrescente";"Céu Claro";"Simples";"Reta";"Não";1;0;1;0;0;0;1;1;-10,31733604;-48,88608667;"SPRF-TO";"DEL02-TO";"UOP01-DEL01-TO"
208806;2019-05-11;"sábado";"22:40:00";"ES";101;143,7;"LINHARES";"Ingestão de Álcool";"Saída de leito carroçável";"Sem Vítimas";"Plena Noite";"Crescente";"Céu Claro";"Múltipla";"Curva";"Sim";1;0;0;0;1;0;0;1;-19,34945537;-40,06363126;"SPRF-ES";"DEL04-ES";"UOP01-DEL04-ES"
208807;2019-05-12;"domingo";"00:25:00";"PR";116;147,2;"MANDIRITUBA";"Desobediência às normas de trânsito pelo condutor";"Queda de ocupante de veículo";"Com Vítimas Feridas";"Plena Noite";"Decrescente";"Nublado";"Simples";"Reta";"Não";2;0;0;1;1;0;1;1;-25,79053901;-49,32743694;"SPRF-PR";"DEL01-PR";"UOP03-DEL01-PR"
208808;2019-05-11;"sábado";"14:00:00";"AP";156;323,5;"FERREIRA GOMES";"Velocidade Incompatível";"Saída de leito carroçável";"Com Vítimas Feridas";"Pleno dia";"Crescente";"Chuva";"Simples";"Reta";"Não";2;0;1;0;1;0;1;1;0,56873739;-51,16281605;"SPRF-AP";"DEL01-AP";"UOP01-DEL01-AP"
208809;2019-05-12;"domingo";"01:50:00";"SP";153;71,8;"SAO JOSE DO RIO PRETO";"Ingestão de Álcool";"Colisão com objeto estático";"Sem Vítimas";"Plena Noite";"Crescente";"Céu Claro";"Dupla";"Reta";"Sim";1;0;0;0;1;0;0;1;-20,8580187;-49,40666241;"SPRF-SP";"DEL09-SP";"UOP01-DEL09-SP"
208810;2019-05-12;"domingo";"00:40:00";"SC";470;125,5;"LONTRAS";"Falta de Atenção à Condução";"Colisão frontal";"Com Vítimas Feridas";"Plena Noite";"Decrescente";"Nublado";"Simples";"Curva";"Sim";2;0;0;1;1;0;1;2;-27,120506;-49,534946;"SPRF-SC";"DEL04-SC";"UOP02-DEL04-SC"
208811;2019-05-12;"domingo";"02:10:00";"PR";376;175;"MARINGA";"Falta de Atenção do Pedestre";"Atropelamento de Pedestre";"Com Vítimas Feridas";"Plena Noite";"Decrescente";"Nublado";"Dupla";"Reta";"Sim";3;0;0;1;2;0;1;2;-23,4113569;-51,9407767;"SPRF-PR";"DEL07-PR";"UOP01-DEL09-PR"
208812;2019-05-12;"domingo";"02:00:00";"PE";232;254,2;"ARCOVERDE";"Ingestão de Álcool";"Colisão frontal";"Com Vítimas Feridas";"Plena Noite";"Decrescente";"Vento";"Simples";"Reta";"Sim";3;0;1;0;1;1;1;3;-8,41875994;-37,07859892;"SPRF-PE";"DEL03-PE";"UOP02-DEL03-PE"
208814;2019-05-12;"domingo";"00:07:00";"PR";116;112;"CURITIBA";"Falta de Atenção do Pedestre";"Atropelamento de Pedestre";"Com Vítimas Fatais";"Plena Noite";"Crescente";"Garoa/Chuvisco";"Dupla";"Reta";"Sim";2;1;1;0;0;0;1;2;-25,56743112;-49,23715088;"SPRF-PR";"DEL01-PR";"UOP06-DEL01-PR"
208815;2019-05-12;"domingo";"02:35:00";"PE";423;59,9;"LAJEDO";"Animais na Pista";"Atropelamento de Animal";"Sem Vítimas";"Plena Noite";"Decrescente";"Nublado";"Simples";"Reta";"Sim";2;0;0;0;2;0;0;1;-8,64676387;-36,31558317;"SPRF-PE";"DEL03-PE";"UOP01-DEL03-PE"
208819;2019-05-12;"domingo";"03:10:00";"PE";428;179;"PETROLINA";"Deficiência ou não Acionamento do Sistema de Iluminação/Sinalização do Veículo";"Colisão traseira";"Com Vítimas Feridas";"Plena Noite";"Decrescente";"Céu Claro";"Simples";"Reta";"Não";2;0;0;2;0;0;2;2;-9,30466636;-40,45199275;"SPRF-PE";"DEL06-PE";"UOP01-DEL06-PE"
208820;2019-05-12;"domingo";"03:15:00";"MG";40;500;"ESMERALDAS";"Falta de Atenção à Condução";"Colisão traseira";"Sem Vítimas";"Plena Noite";"Decrescente";"Céu Claro";"Dupla";"Reta";"Sim";2;0;0;0;2;0;0;2;-19,70073502;-44,17382703;"SPRF-MG";"DEL02-MG";"UOP01-DEL02-MG"
208821;2019-05-12;"domingo";"02:35:00";"PR";277;694,8;"SAO MIGUEL DO IGUACU";"Ingestão de Álcool";"Colisão traseira";"Com Vítimas Feridas";"Plena Noite";"Decrescente";"Nublado";"Dupla";"Reta";"Não";8;0;4;0;4;0;4;2;-25,37728075;-54,27853715;"SPRF-PR";"DEL05-PR";"UOP01-DEL05-PR"
208822;2019-05-12;"domingo";"00:10:00";"CE";222;333;"TIANGUA";"Ingestão de Álcool";"Queda de ocupante de veículo";"Com Vítimas Feridas";"Plena Noite";"Crescente";"Nublado";"Simples";"Reta";"Não";1;0;0;1;0;0;1;1;-3,84211152;-41,12924436;"SPRF-CE";"DEL04-CE";"UOP02-DEL04-CE"
208823;2019-05-12;"domingo";"01:31:00";"SP";381;81,3;"SAO PAULO";"Velocidade Incompatível";"Colisão com objeto estático";"Com Vítimas Feridas";"Plena Noite";"Crescente";"Céu Claro";"Dupla";"Curva";"Não";2;0;1;0;0;1;1;1;-23,41704481;-46,58022057;"SPRF-SP";"DEL03-SP";"UOP01-DEL03-SP"
208824;2019-05-12;"domingo";"01:27:00";"PR";116;10;"COLOMBO";"Ingestão de Álcool";"Colisão traseira";"Com Vítimas Feridas";"Plena Noite";"Crescente";"Céu Claro";"Dupla";"Reta";"Sim";2;0;0;1;0;1;1;2;-25,3719;-49,134;"SPRF-PR";"DEL01-PR";"UOP01-DEL01-PR"
208825;2019-05-12;"domingo";"02:50:00";"PI";343;3,2;"TERESINA";"Desobediência às normas de trânsito pelo condutor";"Colisão transversal";"Com Vítimas Feridas";"Plena Noite";"Crescente";"Céu Claro";"Múltipla";"Interseção de Vias";"Sim";2;0;0;1;1;0;1;2;-5,089569;-42,802288;"SPRF-PI";"DEL01-PI";"UOP01-DEL01-PI"
208826;2019-05-12;"domingo";"03:50:00";"PR";476;118;"COLOMBO";"Velocidade Incompatível";"Saída de leito carroçável";"Com Vítimas Feridas";"Plena Noite";"Crescente";"Nublado";"Simples";"Curva";"Sim";2;0;0;2;0;0;2;1;-25,35634;-49,180828;"SPRF-PR";"DEL01-PR";"UOP07-DEL01-PR"
208827;2019-05-12;"domingo";"03:50:00";"MG";40;448;"CAETANOPOLIS";"Falta de Atenção à Condução";"Saída de leito carroçável";"Com Vítimas Feridas";"Plena Noite";"Crescente";"Céu Claro";"Simples";"Rotatória;Curva;Interseção de Vias";"Não";5;0;2;0;3;0;2;1;-19,301651;-44,377922;"SPRF-MG";"DEL02-MG";"UOP01-DEL02-MG"
208828;2019-05-12;"domingo";"03:30:00";"SC";101;13,1;"GARUVA";"Ingestão de Álcool";"Colisão com objeto estático";"Com Vítimas Feridas";"Plena Noite";"Decrescente";"Chuva";"Dupla";"Reta";"Não";1;0;1;0;0;0;1;1;-26,08986803;-48,86345096;"SPRF-SC";"DEL03-SC";"UOP01-DEL03-SC"
208829;2019-05-12;"domingo";"02:50:00";"PR";277;96;"CURITIBA";"Falta de Atenção à Condução";"Saída de leito carroçável";"Sem Vítimas";"Plena Noite";"Crescente";"Nublado";"Simples";"Reta";"Sim";1;0;0;0;1;0;0;1;-25,4303304;-49,33472872;"SPRF-PR";"DEL01-PR";"UOP06-DEL01-PR"
208830;2019-05-12;"domingo";"03:00:00";"MS";163;485,7;"CAMPO GRANDE";"Ingestão de Álcool";"Colisão frontal";"Com Vítimas Feridas";"Plena Noite";"Decrescente";"Nublado";"Simples";"Declive";"Sim";6;0;1;4;1;0;5;2;-20,44233707;-54,54201834;"SPRF-MS";"DEL01-MS";"UOP02-DEL01-MS"
208831;2019-05-12;"domingo";"01:30:00";"MG";116;93,6;"MEDINA";"Falta de Atenção à Condução";"Saída de leito carroçável";"Com Vítimas Feridas";"Plena Noite";"Crescente";"Céu Claro";"Simples";"Curva";"Não";3;0;3;0;0;0;3;1;-16,382603;-41,473416;"SPRF-MG";"DEL11-MG";"UOP02-DEL11-MG"
208832;2019-05-12;"domingo";"03:45:00";"GO";40;2,9;"VALPARAISO DE GOIAS";"Ingestão de álcool e/ou substâncias psicoativas pelo pedestre";"Atropelamento de Pedestre";"Com Vítimas Fatais";"Plena Noite";"Crescente";"Céu Claro";"Dupla";"Reta";"Sim";2;1;0;0;0;1;0;2;-16,067129;-47,984235;"SPRF-DF";"DEL01-DF";"UOP01-DEL01-DF"
208833;2019-05-12;"domingo";"04:25:00";"RN";101;97;"NATAL";"Ingestão de Álcool";"Saída de leito carroçável";"Com Vítimas Feridas";"Amanhecer";"Crescente";"Céu Claro";"Dupla";"Reta";"Sim";1;0;1;0;0;0;1;1;-5,85758898;-35,21271205;"SPRF-RN";"DEL01-RN";"UOP01-DEL01-RN"
208835;2019-05-12;"domingo";"03:30:00";"TO";153;335;"GUARAI";"Falta de Atenção à Condução";"Colisão traseira";"Com Vítimas Feridas";"Plena Noite";"Decrescente";"Céu Claro";"Dupla";"Reta";"Sim";1;0;1;0;0;0;1;1;-8,84481597;-48,5107318;"SPRF-TO";"DEL02-TO";"UOP02-DEL02-TO"
208836;2019-05-12;"domingo";"04:15:00";"SC";470;71;"INDAIAL";"Falta de Atenção à Condução";"Colisão traseira";"Sem Vítimas";"Plena Noite";"Decrescente";"Garoa/Chuvisco";"Simples";"Reta";"Não";2;0;0;0;0;2;0;2;-26,895243;-49,262104;"SPRF-SC";"DEL04-SC";"UOP01-DEL04-SC"
208838;2019-05-12;"domingo";"01:30:00";"PB";101;60,3;"SANTA RITA";"Ingestão de Álcool";"Saída de leito carroçável";"Com Vítimas Feridas";"Plena Noite";"Decrescente";"Ignorado";"Dupla";"Reta;Aclive";"Não";1;0;1;0;0;0;1;1;-7,00141407;-35,06459811;"SPRF-PB";"DEL01-PB";"UOP04-DEL01-PB"
208839;2019-05-12;"domingo";"04:00:00";"MG";381;519,5;"IGARAPE";"Velocidade Incompatível";"Colisão com objeto estático";"Com Vítimas Feridas";"Plena Noite";"Crescente";"Nublado";"Dupla";"Aclive;Curva";"Não";1;0;1;0;0;0;1;1;-20,10913525;-44,31472778;"SPRF-MG";"DEL01-MG";"UOP03-DEL01-MG"
208840;2019-05-12;"domingo";"05:04:00";"GO";40;3,4;"VALPARAISO DE GOIAS";"Falta de Atenção à Condução";"Colisão traseira";"Sem Vítimas";"Pleno dia";"Decrescente";"Céu Claro";"Dupla";"Reta";"Sim";2;0;0;0;2;0;0;2;-16,076081;-47,985671;"SPRF-DF";"DEL01-DF";"UOP01-DEL01-DF"
208841;2019-05-12;"domingo";"04:35:00";"MG";381;897;"CAMBUI";"Ingestão de Álcool";"Saída de leito carroçável";"Sem Vítimas";"Plena Noite";"Crescente";"Nevoeiro/Neblina";"Dupla";"Reta";"Sim";1;0;0;0;1;0;0;1;-22,63961103;-46,08077997;"SPRF-MG";"DEL16-MG";"UOP03-DEL16-MG"
208842;2019-05-12;"domingo";"04:10:00";"SC";101;204,6;"SAO JOSE";"Velocidade Incompatível";"Colisão com objeto estático";"Com Vítimas Feridas";"Plena Noite";"Decrescente";"Nublado";"Múltipla";"Reta";"Sim";2;0;2;0;0;0;2;1;-27,57413014;-48,61363083;"SPRF-SC";"DEL01-SC";"UOP01-DEL01-SC"
208843;2019-05-12;"domingo";"03:10:00";"SC";101;56,6;"ARAQUARI";"Falta de Atenção à Condução";"Colisão com objeto estático";"Com Vítimas Feridas";"Plena Noite";"Crescente";"Chuva";"Dupla";"Reta";"Não";2;0;2;0;0;0;2;1;-26,43207484;-48,82263984;"SPRF-SC";"DEL03-SC";"UOP01-DEL03-SC"
208844;2019-05-12;"domingo";"04:25:00";"RS";470;166,8;"VILA FLORES";"Desobediência às normas de trânsito pelo condutor";"Colisão frontal";"Com Vítimas Fatais";"Plena Noite";"Crescente";"Chuva";"Dupla";"Reta";"Não";3;1;1;1;0;0;2;2;-28,84766792;-51,57122398;"SPRF-RS";"DEL06-RS";"UOP02-DEL06-RS"
208846;2019-05-12;"domingo";"03:20:00";"SP";116;511,4;"CAJATI";"Velocidade Incompatível";"Colisão com objeto estático";"Sem Vítimas";"Plena Noite";"Decrescente";"Nublado";"Simples";"Curva";"Não";2;0;0;0;2;0;0;1;-24,83198685;-48,21394444;"SPRF-SP";"DEL05-SP";"UAP01-DEL05-SP"
208847;2019-05-12;"domingo";"05:00:00";"RJ";40;120,8;"DUQUE DE CAXIAS";"Condutor Dormindo";"Capotamento";"Com Vítimas Feridas";"Amanhecer";"Decrescente";"Céu Claro";"Múltipla";"Reta";"Sim";1;0;1;0;0;0;1;1;-22,77280597;-43,28626763;"SPRF-RJ";"DEL01-RJ";"UOP01-DEL01-RJ"
208848;2019-05-12;"domingo";"05:00:00";"PR";116;112,9;"CURITIBA";"Objeto estático sobre o leito carroçável";"Queda de ocupante de veículo";"Com Vítimas Feridas";"Plena Noite";"Decrescente";"Nublado";"Dupla";"Reta";"Sim";2;0;1;0;1;0;1;2;-25,54926851;-49,28420219;"SPRF-PR";"DEL01-PR";"UOP06-DEL01-PR"
208849;2019-05-12;"domingo";"05:30:00";"GO";153;495;"GOIANIA";"Falta de Atenção à Condução";"Colisão traseira";"Sem Vítimas";"Amanhecer";"Decrescente";"Céu Claro";"Dupla";"Reta";"Sim";2;0;0;0;2;0;0;2;-16,6681;-49,2263;"SPRF-GO";"DEL01-GO";"UOP01-DEL01-GO"
208850;2019-05-12;"domingo";"05:12:00";"DF";20;9,4;"BRASILIA";"Ingestão de álcool e/ou substâncias psicoativas pelo pedestre";"Colisão traseira";"Com Vítimas Feridas";"Amanhecer";"Decrescente";"Céu Claro";"Dupla";"Reta";"Sim";11;0;1;2;8;0;3;3;-15,65198393;-47,7784689;"SPRF-DF";"DEL02-DF";"UOP01-DEL02-DF"
208851;2019-05-12;"domingo";"05:30:00";"RN";406;144,3;"CEARA-MIRIM";"Animais na Pista";"Atropelamento de Animal";"Com Vítimas Feridas";"Pleno dia";"Crescente";"Céu Claro";"Simples";"Reta";"Não";1;0;1;0;0;0;1;1;-5,64709081;-35,48593402;"SPRF-RN";"DEL02-RN";"UOP01-DEL02-RN"
208853;2019-05-12;"domingo";"05:15:00";"RS";116;114;"SAO MARCOS";"Desobediência às normas de trânsito pelo condutor";"Colisão frontal";"Com Vítimas Feridas";"Plena Noite";"Decrescente";"Garoa/Chuvisco";"Simples";"Curva";"Sim";4;0;0;4;0;0;4;2;-28,96397179;-51,0753428;"SPRF-RS";"DEL05-RS";"UOP01-DEL05-RS"
208854;2019-05-12;"domingo";"05:15:00";"PA";230;121,5;"MARABA";"Desobediência às normas de trânsito pelo condutor";"Colisão com objeto estático";"Com Vítimas Fatais";"Amanhecer";"Crescente";"Céu Claro";"Dupla";"Reta";"Sim";1;1;0;0;0;0;0;1;-5,35297407;-49,12143673;"SPRF-PA";"DEL03-PA";"UOP01-DEL03-PA"
208855;2019-05-11;"sábado";"20:45:00";"BA";242;179;"RAFAEL JAMBEIRO";"Defeito na Via";"Capotamento";"Com Vítimas Feridas";"Plena Noite";"Crescente";"Ignorado";"Simples";"Reta";"Não";4;0;1;0;3;0;1;1;-12,50009997;-39,85904101;"SPRF-BA";"DEL06-BA";"UOP02-DEL06-BA"
208856;2019-05-12;"domingo";"04:25:00";"SC";101;261,9;"GAROPABA";"Ingestão de Álcool";"Saída de leito carroçável";"Com Vítimas Feridas";"Plena Noite";"Decrescente";"Nublado";"Dupla";"Reta";"Não";2;0;1;1;0;0;2;1;-28,03593467;-48,70922148;"SPRF-SC";"DEL02-SC";"UOP03-DEL02-SC"
208857;2019-05-12;"domingo";"05:30:00";"SP";116;216;"GUARULHOS";"Condutor Dormindo";"Colisão traseira";"Com Vítimas Feridas";"Amanhecer";"Decrescente";"Nublado";"Múltipla";"Aclive";"Sim";2;0;1;0;1;0;1;2;-23,45056589;-46,46258105;"SPRF-SP";"DEL01-SP";"UOP01-DEL01-SP"
208859;2019-05-12;"domingo";"06:10:00";"SP";116;471;"JACUPIRANGA";"Falta de Atenção à Condução";"Saída de leito carroçável";"Com Vítimas Feridas";"Pleno dia";"Decrescente";"Garoa/Chuvisco";"Dupla";"Reta";"Não";1;0;1;0;0;0;1;1;-24,67540994;-47,9800415;"SPRF-SP";"DEL05-SP";"UAP01-DEL05-SP"
208860;2019-05-12;"domingo";"06:00:00";"SC";101;151,2;"ITAPEMA";"Ingestão de Álcool";"Atropelamento de Pedestre";"Com Vítimas Feridas";"Plena Noite";"Decrescente";"Nublado";"Dupla";"Reta";"Sim";2;0;1;0;0;1;1;2;-27,126536;-48,609642;"SPRF-SC";"DEL04-SC";"UOP03-DEL04-SC"
208861;2019-05-12;"domingo";"05:35:00";"DF";20;7,8;"BRASILIA";"Condutor Dormindo";"Saída de leito carroçável";"Com Vítimas Feridas";"Amanhecer";"Crescente";"Céu Claro";"Dupla";"Reta;Aclive";"Sim";1;0;1;0;0;0;1;1;-15,662208;-47,799866;"SPRF-DF";"DEL02-DF";"UOP01-DEL02-DF"
208862;2019-05-12;"domingo";"06:15:00";"SP";116;52,9;"LORENA";"Falta de Atenção à Condução";"Colisão com objeto estático";"Com Vítimas Feridas";"Amanhecer";"Decrescente";"Céu Claro";"Simples";"Rotatória";"Sim";1;0;0;1;0;0;1;1;-22,74708138;-45,09973038;"SPRF-SP";"DEL08-SP";"UOP01-DEL08-SP"
208863;2019-05-12;"domingo";"06:30:00";"SC";282;222,9;"LAGES";"Falta de Atenção à Condução";"Saída de leito carroçável";"Com Vítimas Feridas";"Amanhecer";"Decrescente";"Nevoeiro/Neblina";"Simples";"Curva;Declive";"Não";1;0;1;0;0;0;1;1;-27,797739;-50,353409;"SPRF-SC";"DEL05-SC";"UOP01-DEL05-SC"
208864;2019-05-12;"domingo";"04:10:00";"RJ";116;305,8;"RESENDE";"Ingestão de Álcool";"Colisão lateral";"Com Vítimas Feridas";"Plena Noite";"Decrescente";"Céu Claro";"Dupla";"Reta";"Sim";2;0;1;0;1;0;1;2;-22,45573779;-44,39454802;"SPRF-RJ";"DEL07-RJ";"DEL5/7-UOP03/RJ"
208865;2019-05-09;"quinta-feira";"03:50:00";"RJ";101;299,7;"SAO GONCALO";"Ingestão de Álcool";"Colisão traseira";"Sem Vítimas";"Plena Noite";"Crescente";"Céu Claro";"Múltipla";"Reta";"Sim";2;0;0;0;2;0;0;2;-22,77432673;-42,93823207;"SPRF-RJ";"DEL02-RJ";"DEL5/2-UOP04/RJ"
208866;2019-05-12;"domingo";"05:50:00";"SC";101;424,5;"ARARANGUA";"Falta de Atenção à Condução";"Saída de leito carroçável";"Com Vítimas Feridas";"Amanhecer";"Decrescente";"Nublado";"Dupla";"Reta";"Não";2;0;2;0;0;0;2;1;-29,01601155;-49,58269226;"SPRF-SC";"DEL02-SC";"UOP02-DEL02-SC"
208867;2019-03-30;"sábado";"16:15:00";"MG";40;523,8;"CONTAGEM";"Falta de Atenção à Condução";"Tombamento";"Com Vítimas Feridas";"Pleno dia";"Decrescente";"Céu Claro";"Dupla";"Reta";"Sim";1;0;1;0;0;0;1;1;-19,86874894;-44,05962197;"SPRF-MG";"DEL01-MG";"UOP02-DEL01-MG"
208870;2019-05-12;"domingo";"06:15:00";"SP";116;158;"JACAREI";"Condutor Dormindo";"Capotamento";"Com Vítimas Feridas";"Amanhecer";"Crescente";"Nevoeiro/Neblina";"Dupla";"Curva";"Sim";3;0;1;0;2;0;1;1;-23,26072137;-45,95179176;"SPRF-SP";"DEL02-SP";"UOP01-DEL02-SP"
208871;2019-05-12;"domingo";"05:15:00";"PR";376;289;"MAUA DA SERRA";"Falta de Atenção do Pedestre";"Atropelamento de Pedestre";"Com Vítimas Feridas";"Amanhecer";"Decrescente";"Nevoeiro/Neblina";"Simples";"Reta";"Não";5;0;0;1;4;0;1;3;-23,88495971;-51,23788476;"SPRF-PR";"DEL07-PR";"UOP02-DEL07-PR"
208872;2019-05-12;"domingo";"04:30:00";"SC";280;124,7;"RIO NEGRINHO";"Desobediência às normas de trânsito pelo condutor";"Colisão com objeto estático";"Com Vítimas Fatais";"Plena Noite";"Crescente";"Garoa/Chuvisco";"Simples";"Reta;Declive";"Sim";6;3;2;0;1;0;2;2;-26,24130297;-49,47514499;"SPRF-SC";"DEL06-SC";"UOP03-DEL06-SC"
208874;2019-05-12;"domingo";"06:45:00";"RJ";116;272,7;"BARRA MANSA";"Desobediência às normas de trânsito pelo condutor";"Colisão lateral";"Com Vítimas Feridas";"Pleno dia";"Crescente";"Céu Claro";"Dupla";"Reta";"Não";7;0;1;1;0;5;2;2;-22,55606865;-44,13021704;"SPRF-RJ";"DEL07-RJ";"UOP02-DEL07-RJ"