"id";"data_inversa";"dia_semana";"horario";"uf";"br";"km";"municipio";"causa_acidente";"tipo_acidente";"classificacao_acidente";"fase_dia";"sentido_via";"condicao_metereologica";"tipo_pista";"tracado_via";"uso_solo";"pessoas";"mortos";"feridos_leves";"feridos_graves";"ilesos";"ignorados";"feridos";"veiculos";"latitude";"longitude";"regional";"delegacia";"uop"
208875;2019-05-12;"domingo";"05:30:00";"RS";386;37;"FREDERICO WESTPHALEN";"Ingestão de Álcool";"Colisão frontal";"Com Vítimas Feridas";"Plena Noite";"Crescente";"Nevoeiro/Neblina";"Simples";"Reta";"Sim";2;0;0;1;1;0;1;2;-27,382351;-53,399605;"SPRF-RS";"DEL08-RS";"UOP02-DEL08-RS"
208877;2019-05-12;"domingo";"07:30:00";"ES";262;0,8;"CARIACICA";"Não guardar distância de segurança";"Colisão traseira";"Com Vítimas Feridas";"Pleno dia";"Crescente";"Céu Claro";"Dupla";"Ponte";"Sim";2;0;1;0;1;0;1;2;-20,320793;-40,353315;"SPRF-ES";"DEL01-ES";"UOP01-DEL01-ES"
208879;2019-05-12;"domingo";"07:20:00";"SC";101;142,3;"ITAPEMA";"Ingestão de álcool e/ou substâncias psicoativas pelo pedestre";"Saída de leito carroçável";"Com Vítimas Feridas";"Pleno dia";"Crescente";"Nublado";"Múltipla";"Declive";"Sim";1;0;1;0;0;0;1;1;-27,056089;-48,599449;"SPRF-SC";"DEL04-SC";"UOP03-DEL04-SC"
208880;2019-05-12;"domingo";"07:05:00";"RS";386;444;"CANOAS";"Falta de Atenção à Condução";"Saída de leito carroçável";"Com Vítimas Feridas";"Pleno dia";"Crescente";"Nublado";"Dupla";"Reta";"Sim";1;0;1;0;0;0;1;1;-29,8911;-51,203064;"SPRF-RS";"DEL01-RS";"UOP01-DEL01-RS"
208883;2019-05-12;"domingo";"07:20:00";"PR";476;135;"CURITIBA";"Ingestão de Álcool";"Colisão com objeto estático";"Com Vítimas Feridas";"Amanhecer";"Crescente";"Garoa/Chuvisco";"Simples";"Reta";"Sim";1;0;0;1;0;0;1;1;-25,483786;-49,265808;"SPRF-PR";"DEL01-PR";"UOP03-DEL01-PR"
208884;2019-05-12;"domingo";"06:40:00";"SC";101;288;"IMBITUBA";"Ingestão de Álcool";"Colisão com objeto estático";"Com Vítimas Feridas";"Amanhecer";"Crescente";"Garoa/Chuvisco";"Múltipla";"Interseção de Vias";"Sim";3;0;1;0;2;0;1;1;-28,26455316;-48,70301485;"SPRF-SC";"DEL02-SC";"UOP03-DEL02-SC"
208886;2019-05-11;"sábado";"15:30:00";"MG";40;140,1;"JOAO PINHEIRO";"Ingestão de Álcool";"Saída de leito carroçável";"Sem Vítimas";"Pleno dia";"Crescente";"Ignorado";"Simples";"Curva";"Não";2;0;0;0;0;2;0;1;-17,7389698;-46,20223198;"SPRF-MG";"DEL14-MG";"UOP01-DEL14-MG"
208887;2019-05-12;"domingo";"02:35:00";"MA";316;369;"BACABAL";"Ingestão de Álcool";"Colisão traseira";"Com Vítimas Feridas";"Plena Noite";"Decrescente";"Céu Claro";"Simples";"Reta";"Não";2;0;1;0;1;0;1;2;-4,217266;-44,715889;"SPRF-MA";"DEL02-MA";"DEL18/2-UOP03/MA"
208888;2019-05-12;"domingo";"07:40:00";"MS";163;260,4;"DOURADOS";"Falta de Atenção à Condução";"Capotamento";"Com Vítimas Feridas";"Pleno dia";"Decrescente";"Nublado";"Dupla";"Curva";"Sim";1;0;1;0;0;0;1;1;-22,24489388;-54,77203018;"SPRF-MS";"DEL04-MS";"UOP01-DEL04-MS"
208889;2019-05-12;"domingo";"09:00:00";"PR";277;65,6;"SAO JOSE DOS PINHAIS";"Desobediência às normas de trânsito pelo condutor";"Queda de ocupante de veículo";"Com Vítimas Feridas";"Pleno dia";"Decrescente";"Nublado";"Dupla";"Reta";"Não";1;0;0;1;0;0;1;1;-25,5530337;-49,03504085;"SPRF-PR";"DEL01-PR";"UOP07-DEL01-PR"
208890;2019-05-12;"domingo";"07:40:00";"RS";287;512,8;"SAO BORJA";"Condutor Dormindo";"Saída de leito carroçável";"Com Vítimas Feridas";"Amanhecer";"Crescente";"Céu Claro";"Simples";"Curva";"Não";3;0;2;1;0;0;3;1;-28,76843075;-55,79503285;"SPRF-RS";"DEL12-RS";"UOP01-DEL12-RS"
208893;2019-05-12;"domingo";"09:05:00";"PB";101;87;"JOAO PESSOA";"Falta de Atenção à Condução";"Colisão traseira";"Com Vítimas Feridas";"Pleno dia";"Decrescente";"Céu Claro";"Dupla";"Curva;Declive";"Sim";2;0;1;0;1;0;1;2;-7,15886802;-34,90628504;"SPRF-PB";"DEL01-PB";"UOP01-DEL01-PB"
208894;2019-05-12;"domingo";"09:10:00";"RJ";40;104,4;"DUQUE DE CAXIAS";"Falta de Atenção à Condução";"Colisão com objeto estático";"Com Vítimas Feridas";"Pleno dia";"Decrescente";"Céu Claro";"Múltipla";"Curva";"Sim";2;0;1;0;1;0;1;1;-22,62897902;-43,28579508;"SPRF-RJ";"DEL01-RJ";"UOP01-DEL01-RJ"
208896;2019-05-12;"domingo";"09:15:00";"ES";101;262;"SERRA";"Falta de Atenção à Condução";"Queda de ocupante de veículo";"Com Vítimas Feridas";"Pleno dia";"Crescente";"Sol";"Múltipla";"Reta";"Sim";1;0;1;0;0;0;1;1;-20,1572331;-40,27678329;"SPRF-ES";"DEL02-ES";"UOP01-DEL02-ES"
208897;2019-05-12;"domingo";"10:00:00";"PA";316;35;"SANTA IZABEL DO PARA";"Desobediência às normas de trânsito pelo condutor";"Colisão transversal";"Com Vítimas Feridas";"Pleno dia";"Decrescente";"Chuva";"Dupla";"Reta";"Sim";3;0;2;0;1;0;2;2;-1,29146197;-48,164561;"SPRF-PA";"DEL01-PA";"DEL19/1-UOP05/PA"
208898;2019-05-12;"domingo";"10:30:00";"SC";470;51,3;"BLUMENAU";"Desobediência às normas de trânsito pelo condutor";"Colisão transversal";"Com Vítimas Feridas";"Pleno dia";"Crescente";"Nublado";"Simples";"Rotatória";"Sim";3;0;2;0;1;0;2;2;-26,862339;-49,084038;"SPRF-SC";"DEL04-SC";"UOP01-DEL04-SC"
208901;2019-05-12;"domingo";"10:20:00";"ES";262;150;"IBATIBA";"Falta de Atenção à Condução";"Colisão frontal";"Com Vítimas Feridas";"Pleno dia";"Crescente";"Céu Claro";"Simples";"Curva";"Não";2;0;0;1;1;0;1;2;-20,21857136;-41,44093913;"SPRF-ES";"DEL01-ES";"UOP02-DEL01-ES"
208902;2019-05-12;"domingo";"11:00:00";"MT";163;826;"SINOP";"Ingestão de Álcool";"Colisão transversal";"Sem Vítimas";"Pleno dia";"Crescente";"Sol";"Dupla";"Reta";"Sim";2;0;0;0;2;0;0;2;-12,067608;-55,51749791;"SPRF-MT";"DEL06-MT";"UOP01-DEL06-MT"
208903;2019-05-12;"domingo";"08:40:00";"MG";40;684;"RESSAQUINHA";"Velocidade Incompatível";"Colisão com objeto estático";"Com Vítimas Feridas";"Pleno dia";"Decrescente";"Céu Claro";"Simples";"Curva";"Não";1;0;0;1;0;0;1;1;-21,06342685;-43,76285914;"SPRF-MG";"DEL05-MG";"UOP02-DEL05-MG"
208904;2019-05-12;"domingo";"10:55:00";"RN";226;1,9;"NATAL";"Ingestão de Álcool";"Colisão frontal";"Com Vítimas Feridas";"Pleno dia";"Decrescente";"Céu Claro";"Dupla";"Interseção de Vias";"Sim";2;0;0;2;0;0;2;1;-5,80642132;-35,24167278;"SPRF-RN";"DEL01-RN";"UOP02-DEL01-RN"
208907;2019-05-12;"domingo";"11:30:00";"SC";101;79,5;"ARAQUARI";"Velocidade Incompatível";"Colisão com objeto estático";"Com Vítimas Feridas";"Pleno dia";"Crescente";"Nublado";"Múltipla";"Reta";"Não";4;0;1;0;3;0;1;3;-26,58559601;-48,72192112;"SPRF-SC";"DEL03-SC";"UOP02-DEL03-SC"
208908;2019-05-12;"domingo";"11:25:00";"RN";101;104;"PARNAMIRIM";"Não guardar distância de segurança";"Colisão lateral";"Com Vítimas Feridas";"Pleno dia";"Crescente";"Céu Claro";"Dupla";"Curva";"Não";2;0;1;0;1;0;1;2;-5,892745;-35,257225;"SPRF-RN";"DEL01-RN";"UOP01-DEL01-RN"
208909;2019-05-12;"domingo";"03:00:00";"RS";158;127,7;"CONDOR";"Falta de Atenção à Condução";"Saída de leito carroçável";"Com Vítimas Feridas";"Plena Noite";"Crescente";"Nublado";"Simples";"Reta";"Não";1;0;1;0;0;0;1;1;-28,11100874;-53,42453025;"SPRF-RS";"DEL08-RS";"UOP02-DEL08-RS"
208910;2019-05-12;"domingo";"11:10:00";"PA";316;50;"SANTA IZABEL DO PARA";"Defeito na Via";"Capotamento";"Com Vítimas Feridas";"Pleno dia";"Decrescente";"Chuva";"Dupla";"Curva";"Sim";1;0;1;0;0;0;1;1;-1,304277;-48,04272;"SPRF-PA";"DEL01-PA";"UOP01-DEL01-PA"
208911;2019-05-12;"domingo";"11:55:00";"PE";101;69;"RECIFE";"Falta de Atenção à Condução";"Colisão traseira";"Com Vítimas Feridas";"Pleno dia";"Decrescente";"Céu Claro";"Dupla";"Reta";"Sim";5;0;1;0;4;0;1;2;-8,05951606;-34,94581024;"SPRF-PE";"DEL01-PE";"UOP01-DEL01-PE"
208912;2019-05-12;"domingo";"10:30:00";"PA";155;299;"MARABA";"Velocidade Incompatível";"Capotamento";"Com Vítimas Feridas";"Pleno dia";"Crescente";"Céu Claro";"Simples";"Curva";"Não";3;0;3;0;0;0;3;1;-5,74066199;-49,14781304;"SPRF-PA";"DEL03-PA";"UOP01-DEL03-PA"
208914;2019-05-12;"domingo";"11:05:00";"DF";70;14;"BRASILIA";"Não guardar distância de segurança";"Colisão traseira";"Com Vítimas Feridas";"Pleno dia";"Crescente";"Céu Claro";"Dupla";"Reta";"Não";2;0;1;0;1;0;1;2;-15,792243;-48,158543;"SPRF-DF";"DEL01-DF";"UOP02-DEL03-DF"
208915;2019-05-12;"domingo";"10:30:00";"PE";428;141,2;"PETROLINA";"Ingestão de Álcool";"Colisão transversal";"Com Vítimas Feridas";"Pleno dia";"Decrescente";"Céu Claro";"Simples";"Curva";"Sim";3;0;1;1;1;0;2;2;-8,99987394;-40,2721263;"SPRF-PE";"DEL06-PE";"UOP01-DEL06-PE"
208916;2019-05-12;"domingo";"09:45:00";"SC";101;271,1;"IMBITUBA";"Falta de Atenção à Condução";"Tombamento";"Com Vítimas Feridas";"Pleno dia";"Crescente";"Nublado";"Dupla";"Reta";"Não";1;0;0;1;0;0;1;1;-28,11011972;-48,70211279;"SPRF-SC";"DEL02-SC";"UOP03-DEL02-SC"
208920;2019-05-12;"domingo";"12:00:00";"ES";393;25,9;"MUQUI";"Desobediência às normas de trânsito pelo condutor";"Colisão lateral";"Com Vítimas Feridas";"Pleno dia";"Decrescente";"Céu Claro";"Simples";"Reta";"Sim";2;0;1;0;1;0;1;2;-20,95370668;-41,34812538;"SPRF-ES";"DEL03-ES";"UOP02-DEL03-ES"
208922;2019-05-12;"domingo";"12:15:00";"RS";290;259;"CACHOEIRA DO SUL";"Defeito na Via";"Saída de leito carroçável";"Com Vítimas Feridas";"Pleno dia";"Decrescente";"Sol";"Simples";"Declive";"Não";5;0;2;0;3;0;2;1;-30,257189;-52,815144;"SPRF-RS";"DEL02-RS";"UOP02-DEL02-RS"
208923;2019-05-12;"domingo";"12:05:00";"SP";116;230;"SAO PAULO";"Falta de Atenção à Condução";"Colisão traseira";"Com Vítimas Feridas";"Pleno dia";"Decrescente";"Sol";"Múltipla";"Reta";"Sim";2;0;1;0;1;0;1;2;-23,52251783;-46,5855702;"SPRF-SP";"DEL01-SP";"UOP01-DEL01-SP"
208924;2019-05-12;"domingo";"09:30:00";"PR";476;135;"CURITIBA";"Ingestão de Álcool";"Colisão traseira";"Sem Vítimas";"Pleno dia";"Decrescente";"Céu Claro";"Múltipla";"Reta";"Não";2;0;0;0;2;0;0;2;-25,483786;-49,265808;"SPRF-PR";"DEL01-PR";"UOP03-DEL01-PR"
208925;2019-05-12;"domingo";"12:00:00";"BA";324;545,8;"AMELIA RODRIGUES";"Animais na Pista";"Atropelamento de Animal";"Com Vítimas Feridas";"Pleno dia";"Decrescente";"Nublado";"Dupla";"Reta";"Sim";2;0;2;0;0;0;2;1;-12,40647;-38,753143;"SPRF-BA";"DEL01-BA";"UOP01-DEL01-BA"
208926;2019-05-12;"domingo";"10:40:00";"GO";153;680,5;"PANAMA";"Falta de Atenção à Condução";"Saída de leito carroçável";"Com Vítimas Feridas";"Pleno dia";"Decrescente";"Céu Claro";"Dupla";"Reta";"Não";1;0;1;0;0;0;1;1;-18,2247;-49,266;"SPRF-GO";"DEL03-GO";"UOP02-DEL03-GO"
208927;2019-05-12;"domingo";"09:00:00";"ES";262;69,5;"MARECHAL FLORIANO";"Falta de Atenção à Condução";"Tombamento";"Com Vítimas Feridas";"Pleno dia";"Decrescente";"Sol";"Simples";"Curva";"Não";1;0;0;1;0;0;1;1;-20,41226608;-40,85971695;"SPRF-ES";"DEL01-ES";"UOP02-DEL01-ES"
208963;2019-05-12;"domingo";"14:10:00";"SC";470;81;"RODEIO";"Animais na Pista";"Atropelamento de Pedestre";"Com Vítimas Feridas";"Pleno dia";"Decrescente";"Garoa/Chuvisco";"Dupla";"Curva";"Não";2;0;0;1;1;0;1;2;-26,950367;-49,325638;"SPRF-SC";"DEL04-SC";"UOP01-DEL04-SC"
208965;2019-05-12;"domingo";"13:50:00";"BA";324;389;"SANTA BARBARA";"Avarias e/ou desgaste excessivo no pneu";"Colisão frontal";"Com Vítimas Feridas";"Pleno dia";"Decrescente";"Céu Claro";"Simples";"Reta";"Não";3;0;0;2;1;0;2;2;-12,04611927;-38,99323964;"SPRF-BA";"DEL04-BA";"UOP02-DEL04-BA"
208966;2019-05-12;"domingo";"14:10:00";"ES";101;255,3;"SERRA";"Falta de Atenção à Condução";"Colisão traseira";"Com Vítimas Feridas";"Pleno dia";"Crescente";"Sol";"Simples";"Reta";"Sim";3;0;1;0;2;0;1;2;-20,11487935;-40,31943619;"SPRF-ES";"DEL02-ES";"UOP01-DEL02-ES"
208967;2019-05-12;"domingo";"13:40:00";"MG";40;511;"RIBEIRAO DAS NEVES";"Velocidade Incompatível";"Colisão traseira";"Com Vítimas Feridas";"Pleno dia";"Decrescente";"Céu Claro";"Dupla";"Curva";"Não";3;0;1;1;1;0;2;2;-19,78164295;-44,11733194;"SPRF-MG";"DEL01-MG";"UOP02-DEL01-MG"
208968;2019-04-18;"quinta-feira";"16:20:00";"SC";282;218;"LAGES";"Não guardar distância de segurança";"Colisão traseira";"Com Vítimas Feridas";"Pleno dia";"Crescente";"Céu Claro";"Simples";"Interseção de Vias";"Sim";3;0;1;0;2;0;1;3;-27,78290996;-50,25359008;"SPRF-SC";"DEL05-SC";"UOP01-DEL05-SC"
208973;2019-04-14;"domingo";"15:00:00";"PR";163;291;"MARECHAL CANDIDO RONDON";"Defeito na Via";"Queda de ocupante de veículo";"Com Vítimas Feridas";"Pleno dia";"Crescente";"Céu Claro";"Simples";"Reta";"Não";1;0;0;1;0;0;1;1;-24,526948;-54,053809;"SPRF-PR";"DEL06-PR";"UOP02-DEL06-PR"
208974;2019-05-12;"domingo";"10:00:00";"MT";364;464,7;"VARZEA GRANDE";"Pista Escorregadia";"Capotamento";"Com Vítimas Feridas";"Pleno dia";"Decrescente";"Chuva";"Simples";"Curva";"Não";1;0;0;1;0;0;1;1;-15,49417155;-56,27739364;"SPRF-MT";"DEL01-MT";"DEL2/4-UOP02/MT"
208975;2019-05-12;"domingo";"08:15:00";"RO";421;28,2;"MONTE NEGRO";"Falta de Atenção à Condução";"Saída de leito carroçável";"Com Vítimas Feridas";"Pleno dia";"Crescente";"Céu Claro";"Simples";"Reta";"Não";1;0;1;0;0;0;1;1;-10,097288;-63,225025;"SPRF-RO";"DEL03-RO";"DEL21/3-UOP04/RO"
208977;2019-05-12;"domingo";"05:00:00";"RS";386;152,7;"SARANDI";"Falta de Atenção à Condução";"Saída de leito carroçável";"Sem Vítimas";"Amanhecer";"Decrescente";"Nublado";"Simples";"Curva";"Não";1;0;0;0;1;0;0;1;-28,094997;-52,860783;"SPRF-RS";"DEL08-RS";"UOP01-DEL08-RS"
208989;2019-05-12;"domingo";"14:30:00";"MG";40;597;"OURO PRETO";"Avarias e/ou desgaste excessivo no pneu";"Queda de ocupante de veículo";"Com Vítimas Feridas";"Pleno dia";"Decrescente";"Céu Claro";"Dupla";"Reta;Aclive";"Não";1;0;1;0;0;0;1;1;-20,41730221;-43,88841571;"SPRF-MG";"DEL05-MG";"UOP02-DEL05-MG"
208991;2019-05-12;"domingo";"14:55:00";"MG";262;474;"BOM DESPACHO";"Falta de Atenção à Condução";"Saída de leito carroçável";"Com Vítimas Feridas";"Pleno dia";"Crescente";"Sol";"Simples";"Interseção de Vias";"Não";2;0;1;1;0;0;2;1;-19,79064386;-45,19331799;"SPRF-MG";"DEL08-MG";"UOP03-DEL08-MG"
208992;2019-05-12;"domingo";"15:00:00";"GO";60;184,2;"CEZARINA";"Falta de Atenção à Condução";"Saída de leito carroçável";"Com Vítimas Feridas";"Pleno dia";"Decrescente";"Céu Claro";"Dupla";"Reta";"Não";1;0;0;1;0;0;1;1;-17,01214115;-49,77630615;"SPRF-GO";"DEL01-GO";"UOP02-DEL01-GO"
208998;2019-04-27;"sábado";"05:50:00";"MS";262;327,5;"CAMPO GRANDE";"Falta de Atenção à Condução";"Tombamento";"Com Vítimas Feridas";"Amanhecer";"Crescente";"Céu Claro";"Dupla";"Rotatória";"Sim";1;0;1;0;0;0;1;1;-20,46470132;-54,55130339;"SPRF-MS";"DEL01-MS";"UOP01-DEL01-MS"
209008;2019-05-12;"domingo";"13:10:00";"MS";267;29,3;"BATAGUASSU";"Falta de Atenção à Condução";"Colisão transversal";"Com Vítimas Feridas";"Pleno dia";"Crescente";"Céu Claro";"Dupla";"Reta";"Sim";2;0;1;0;1;0;1;2;-21,72023468;-52,41837859;"SPRF-MS";"DEL02-MS";"UOP04-DEL02-MS"
209011;2019-05-12;"domingo";"14:40:00";"TO";153;149;"ARAGUAINA";"Falta de Atenção à Condução";"Colisão lateral";"Com Vítimas Feridas";"Pleno dia";"Crescente";"Céu Claro";"Dupla";"Declive";"Não";3;0;2;0;1;0;2;2;-7,239191;-48,254288;"SPRF-TO";"DEL02-TO";"UOP01-DEL02-TO"
209018;2019-05-12;"domingo";"14:30:00";"SE";101;79,8;"LARANJEIRAS";"Desobediência às normas de trânsito pelo condutor";"Colisão traseira";"Com Vítimas Fatais";"Pleno dia";"Decrescente";"Céu Claro";"Dupla";"Reta";"Não";2;1;0;0;0;1;0;2;-10,79083797;-37,14163167;"SPRF-SE";"DEL01-SE";"UOP01-DEL01-SE"
209019;2019-05-12;"domingo";"14:30:00";"GO";153;506;"APARECIDA DE GOIANIA";"Falta de Atenção à Condução";"Queda de ocupante de veículo";"Com Vítimas Feridas";"Pleno dia";"Decrescente";"Sol";"Simples";"Reta";"Sim";1;0;1;0;0;0;1;1;-16,7633;-49,24;"SPRF-GO";"DEL01-GO";"UOP01-DEL01-GO"
209020;2019-05-12;"domingo";"15:15:00";"MG";40;710,6;"BARBACENA";"Velocidade Incompatível";"Tombamento";"Com Vítimas Feridas";"Pleno dia";"Decrescente";"Céu Claro";"Dupla";"Curva";"Não";1;0;0;1;0;0;1;1;-21,24345674;-43,71417309;"SPRF-MG";"DEL05-MG";"UOP02-DEL05-MG"
209021;2019-05-12;"domingo";"15:12:00";"GO";60;27;"ALEXANIA";"Falta de Atenção à Condução";"Colisão traseira";"Com Vítimas Feridas";"Pleno dia";"Crescente";"Céu Claro";"Simples";"Reta";"Não";1;0;1;0;0;0;1;1;-16,0963;-48,5202;"SPRF-DF";"DEL01-DF";"UOP01-DEL03-DF"
209023;2019-05-12;"domingo";"15:55:00";"CE";116;30;"ITAITINGA";"Desobediência às normas de trânsito pelo condutor";"Colisão lateral";"Sem Vítimas";"Pleno dia";"Crescente";"Chuva";"Dupla";"Reta";"Não";3;0;0;0;1;2;0;3;-4,01095;-38,518024;"SPRF-CE";"DEL01-CE";"UOP02-DEL01-CE"
209024;2019-05-12;"domingo";"14:58:00";"MS";163;575;"BANDEIRANTES";"Restrição de Visibilidade";"Danos eventuais";"Sem Vítimas";"Pleno dia";"Decrescente";"Céu Claro";"Simples";"Interseção de Vias";"Sim";3;0;0;0;3;0;0;2;-19,67819185;-54,35073853;"SPRF-MS";"DEL01-MS";"UOP02-DEL01-MS"
209029;2019-05-12;"domingo";"16:25:00";"SC";470;9,9;"NAVEGANTES";"Desobediência às normas de trânsito pelo condutor";"Colisão transversal";"Com Vítimas Feridas";"Pleno dia";"Crescente";"Nublado";"Simples";"Interseção de Vias";"Sim";3;0;0;2;1;0;2;2;-26,83365432;-48,73632789;"SPRF-SC";"DEL04-SC";"UOP04-DEL04-SC"
209030;2019-05-12;"domingo";"15:45:00";"PE";101;80,6;"JABOATAO DOS GUARARAPES";"Desobediência às normas de trânsito pelo condutor";"Colisão frontal";"Com Vítimas Feridas";"Pleno dia";"Crescente";"Nublado";"Dupla";"Reta;Desvio Temporário;Em Obras";"Sim";4;0;0;1;3;0;1;2;-8,15112589;-34,9428866;"SPRF-PE";"DEL01-PE";"UOP03-DEL01-PE"
209032;2019-05-12;"domingo";"16:30:00";"CE";116;70;"CHOROZINHO";"Ingestão de Álcool";"Colisão traseira";"Sem Vítimas";"Pleno dia";"Decrescente";"Céu Claro";"Simples";"Reta";"Não";2;0;0;0;2;0;0;2;-4,32740107;-38,48526908;"SPRF-CE";"DEL03-CE";"UOP02-DEL03-CE"
209033;2019-05-12;"domingo";"16:35:00";"TO";242;359,8;"PEIXE";"Condutor Dormindo";"Saída de leito carroçável";"Com Vítimas Feridas";"Pleno dia";"Crescente";"Céu Claro";"Simples";"Reta";"Não";2;0;2;0;0;0;2;1;-11,8234152;-48,91185613;"SPRF-TO";"DEL02-TO";"UOP02-DEL01-TO"
209034;2019-05-12;"domingo";"15:15:00";"RS";116;297;"GUAIBA";"Defeito Mecânico no Veículo";"Saída de leito carroçável";"Com Vítimas Feridas";"Pleno dia";"Decrescente";"Sol";"Dupla";"Reta";"Não";4;0;2;0;2;0;2;1;-30,09753097;-51,34302937;"SPRF-RS";"DEL02-RS";"UOP01-DEL02-RS"
209035;2019-05-12;"domingo";"17:00:00";"SC";470;169;"POUSO REDONDO";"Ingestão de Álcool";"Capotamento";"Com Vítimas Feridas";"Pleno dia";"Decrescente";"Nublado";"Simples";"Reta";"Não";1;0;1;0;0;0;1;1;-27,265471;-49,882442;"SPRF-SC";"DEL04-SC";"UOP02-DEL04-SC"
209046;2019-05-12;"domingo";"16:30:00";"RN";406;144,5;"CEARA-MIRIM";"Desobediência às normas de trânsito pelo condutor";"Atropelamento de Pedestre";"Com Vítimas Fatais";"Pleno dia";"Crescente";"Sol";"Simples";"Reta";"Não";4;1;0;2;0;1;2;2;-5,64709081;-35,48593402;"SPRF-RN";"DEL02-RN";"UOP01-DEL02-RN"
209047;2019-05-12;"domingo";"15:55:00";"MG";116;726,9;"LARANJAL";"Falta de Atenção à Condução";"Colisão frontal";"Com Vítimas Feridas";"Pleno dia";"Crescente";"Sol";"Simples";"Curva";"Não";2;0;0;1;1;0;1;2;-21,28159946;-42,41706583;"SPRF-MG";"DEL07-MG";"UOP02-DEL07-MG"
209051;2019-05-12;"domingo";"16:00:00";"MT";163;867;"SINOP";"Defeito na Via";"Saída de leito carroçável";"Com Vítimas Feridas";"Pleno dia";"Crescente";"Céu Claro";"Simples";"Reta";"Sim";2;0;2;0;0;0;2;1;-11,707849;-55,455334;"SPRF-MT";"DEL06-MT";"UOP02-DEL06-MT"
209054;2019-05-12;"domingo";"14:30:00";"PR";476;142;"CURITIBA";"Velocidade Incompatível";"Colisão traseira";"Com Vítimas Feridas";"Pleno dia";"Crescente";"Céu Claro";"Dupla";"Reta";"Sim";2;0;0;1;1;0;1;2;-25,537161;-49,301632;"SPRF-PR";"DEL01-PR";"UOP03-DEL01-PR"
209055;2019-05-12;"domingo";"17:00:00";"SP";116;207,3;"GUARULHOS";"Falta de Atenção à Condução";"Colisão traseira";"Com Vítimas Feridas";"Plena Noite";"Crescente";"Garoa/Chuvisco";"Dupla";"Reta";"Sim";3;0;1;0;2;0;1;2;-23,41972188;-46,38419203;"SPRF-SP";"DEL01-SP";"UOP01-DEL01-SP"
209057;2019-05-12;"domingo";"17:40:00";"MG";40;466,8;"SETE LAGOAS";"Ingestão de Álcool";"Colisão traseira";"Com Vítimas Feridas";"Anoitecer";"Decrescente";"Céu Claro";"Dupla";"Reta";"Não";3;0;1;2;0;0;3;2;-19,44436025;-44,32384821;"SPRF-MG";"DEL02-MG";"UOP01-DEL02-MG"
209060;2019-05-12;"domingo";"18:15:00";"PR";376;501;"PONTA GROSSA";"Velocidade Incompatível";"Saída de leito carroçável";"Com Vítimas Feridas";"Plena Noite";"Decrescente";"Céu Claro";"Dupla";"Reta";"Sim";1;0;0;1;0;0;1;1;-25,20894789;-50,06444688;"SPRF-PR";"DEL03-PR";"UOP04-DEL03-PR"
209063;2019-05-12;"domingo";"17:30:00";"RJ";101;277;"TANGUA";"Animais na Pista";"Colisão com objeto estático";"Com Vítimas Feridas";"Plena Noite";"Decrescente";"Céu Claro";"Dupla";"Reta";"Sim";3;0;3;0;0;0;3;1;-22,73943906;-42,748279;"SPRF-RJ";"DEL02-RJ";"UOP03-DEL02-RJ"
209064;2019-05-12;"domingo";"18:30:00";"ES";101;65;"SAO MATEUS";"Desobediência às normas de trânsito pelo condutor";"Colisão traseira";"Com Vítimas Feridas";"Plena Noite";"Crescente";"Céu Claro";"Dupla";"Reta";"Sim";2;0;1;0;1;0;1;2;-18,70935945;-39,87762087;"SPRF-ES";"DEL04-ES";"UOP02-DEL04-ES"
209065;2019-05-12;"domingo";"18:15:00";"SE";235;54;"ITABAIANA";"Falta de Atenção à Condução";"Atropelamento de Pedestre";"Com Vítimas Feridas";"Plena Noite";"Crescente";"Céu Claro";"Simples";"Reta";"Sim";3;0;1;0;1;1;1;2;-10,650009;-37,451248;"SPRF-SE";"DEL01-SE";"UOP02-DEL01-SE"
209067;2019-05-12;"domingo";"17:30:00";"MS";60;386,5;"CAMPO GRANDE";"Não guardar distância de segurança";"Colisão frontal";"Com Vítimas Fatais";"Anoitecer";"Crescente";"Céu Claro";"Simples";"Reta";"Não";5;1;4;0;0;0;4;3;-20,6828;-54,7653;"SPRF-MS";"DEL01-MS";"UOP04-DEL01-MS"
209068;2019-05-12;"domingo";"18:20:00";"MG";381;500;"BETIM";"Agressão Externa";"Tombamento";"Com Vítimas Feridas";"Plena Noite";"Decrescente";"Céu Claro";"Dupla";"Reta";"Sim";1;0;0;1;0;0;1;1;-20,02513493;-44,23112709;"SPRF-MG";"DEL01-MG";"UOP03-DEL01-MG"
209069;2019-05-12;"domingo";"17:30:00";"MA";10;260,7;"IMPERATRIZ";"Ingestão de Álcool";"Colisão transversal";"Sem Vítimas";"Pleno dia";"Decrescente";"Céu Claro";"Simples";"Reta";"Sim";2;0;0;0;2;0;0;2;-5,463405;-47,472332;"SPRF-MA";"DEL04-MA";"UOP01-DEL04-MA"
209070;2019-05-12;"domingo";"17:55:00";"SC";470;59,7;"BLUMENAU";"Desobediência às normas de trânsito pelo condutor";"Colisão lateral";"Com Vítimas Feridas";"Plena Noite";"Decrescente";"Chuva";"Simples";"Reta";"Sim";3;0;1;0;1;1;1;2;-26,882812;-49,1548;"SPRF-SC";"DEL04-SC";"UOP01-DEL04-SC"
209072;2019-05-12;"domingo";"17:15:00";"RS";470;115;"BENTO GONCALVES";"Desobediência às normas de trânsito pelo condutor";"Colisão transversal";"Com Vítimas Feridas";"Pleno dia";"Decrescente";"Céu Claro";"Simples";"Reta";"Sim";3;0;2;0;1;0;2;2;-29,16021588;-51,52888656;"SPRF-RS";"DEL08-RS";"UOP05-DEL08-RS"