"id";"data_inversa";"dia_semana";"horario";"uf";"br";"km";"municipio";"causa_acidente";"tipo_acidente";"classificacao_acidente";"fase_dia";"sentido_via";"condicao_metereologica";"tipo_pista";"tracado_via";"uso_solo";"pessoas";"mortos";"feridos_leves";"feridos_graves";"ilesos";"ignorados";"feridos";"veiculos";"latitude";"longitude";"regional";"delegacia";"uop"
209217;2019-05-13;"segunda-feira";"06:50:00";"SP";116;207;"GUARULHOS";"Falta de Atenção à Condução";"Colisão lateral";"Com Vítimas Feridas";"Pleno dia";"Crescente";"Sol";"Dupla";"Reta";"Sim";2;0;1;0;1;0;1;2;-23,41475243;-46,36600788;"SPRF-SP";"DEL01-SP";"UOP01-DEL01-SP"
209220;2019-05-13;"segunda-feira";"06:00:00";"MS";163;579;"BANDEIRANTES";"Ingestão de Álcool";"Saída de leito carroçável";"Sem Vítimas";"Amanhecer";"Crescente";"Nublado";"Dupla";"Reta";"Não";1;0;0;0;0;1;0;1;-19,65275019;-54,35743825;"SPRF-MS";"DEL06-MS";"UOP02-DEL06-MS"
209221;2019-05-13;"segunda-feira";"07:00:00";"CE";116;75,1;"CHOROZINHO";"Defeito na Via";"Colisão lateral";"Com Vítimas Feridas";"Pleno dia";"Crescente";"Sol";"Simples";"Reta";"Não";4;0;1;0;3;0;1;2;-4,36576902;-38,45358074;"SPRF-CE";"DEL03-CE";"UOP02-DEL03-CE"
209222;2019-05-05;"domingo";"18:15:00";"DF";60;4,4;"BRASILIA";"Falta de Atenção à Condução";"Colisão traseira";"Com Vítimas Feridas";"Anoitecer";"Crescente";"Céu Claro";"Dupla";"Declive;Reta";"Sim";6;0;3;0;3;0;3;2;-15,89395943;-48,09943199;"SPRF-DF";"DEL01-DF";"UOP01-DEL03-DF"
209223;2019-05-12;"domingo";"19:10:00";"SP";459;28,1;"LORENA";"Ingestão de Álcool";"Colisão traseira";"Com Vítimas Feridas";"Plena Noite";"Decrescente";"Nublado";"Simples";"Rotatória";"Sim";4;0;1;0;3;0;1;4;-22,709425;-45,113232;"SPRF-SP";"DEL08-SP";"UOP03-DEL08-SP"
209224;2019-05-13;"segunda-feira";"07:00:00";"SP";381;19,2;"BRAGANCA PAULISTA";"Falta de Atenção à Condução";"Colisão traseira";"Com Vítimas Feridas";"Pleno dia";"Decrescente";"Sol";"Dupla";"Reta";"Não";1;0;0;1;0;0;1;1;-22,98125485;-46,49450306;"SPRF-SP";"DEL03-SP";"UOP02-DEL03-SP"
209226;2019-05-12;"domingo";"16:40:00";"SC";280;216;"TRES BARRAS";"Defeito Mecânico no Veículo";"Capotamento";"Com Vítimas Feridas";"Anoitecer";"Crescente";"Garoa/Chuvisco";"Simples";"Declive";"Não";4;0;2;0;2;0;2;2;-26,18019185;-50,22647394;"SPRF-SC";"DEL06-SC";"UOP04-DEL06-SC"
209227;2019-05-13;"segunda-feira";"07:30:00";"SE";235;9;"NOSSA SENHORA DO SOCORRO";"Defeito Mecânico no Veículo";"Queda de ocupante de veículo";"Com Vítimas Feridas";"Pleno dia";"Crescente";"Céu Claro";"Simples";"Reta";"Não";2;0;2;0;0;0;2;1;-10,883585;-37,13908;"SPRF-SE";"DEL01-SE";"UOP01-DEL01-SE"
209228;2019-05-13;"segunda-feira";"07:05:00";"PR";116;122;"CURITIBA";"Falta de Atenção à Condução";"Colisão traseira";"Com Vítimas Feridas";"Pleno dia";"Decrescente";"Garoa/Chuvisco";"Dupla";"Reta";"Sim";3;0;2;0;1;0;2;2;-25,56857207;-49,31023179;"SPRF-PR";"DEL01-PR";"UOP03-DEL01-PR"
209229;2019-05-13;"segunda-feira";"07:10:00";"GO";50;281;"CATALAO";"Falta de Atenção à Condução";"Colisão transversal";"Com Vítimas Feridas";"Pleno dia";"Crescente";"Céu Claro";"Simples";"Reta";"Sim";2;0;1;0;1;0;1;2;-18,1838;-47,9441;"SPRF-GO";"DEL06-GO";"UOP01-DEL06-GO"
209230;2019-05-13;"segunda-feira";"07:20:00";"BA";324;610;"SIMOES FILHO";"Falta de Atenção à Condução";"Danos eventuais";"Sem Vítimas";"Pleno dia";"Crescente";"Céu Claro";"Dupla";"Reta";"Sim";2;0;0;0;2;0;0;2;-12,82931703;-38,41113193;"SPRF-BA";"DEL01-BA";"UOP01-DEL01-BA"
209231;2019-05-12;"domingo";"18:15:00";"BA";101;326;"PRESIDENTE TANCREDO NEVES";"Falta de Atenção à Condução";"Colisão lateral";"Com Vítimas Fatais";"Plena Noite";"Decrescente";"Nublado";"Simples";"Reta";"Não";5;1;1;2;0;1;3;2;-13,55973417;-39,46843377;"SPRF-BA";"DEL05-BA";"UOP03-DEL05-BA"
209232;2019-05-13;"segunda-feira";"07:40:00";"ES";101;146;"LINHARES";"Falta de Atenção à Condução";"Colisão traseira";"Com Vítimas Feridas";"Pleno dia";"Decrescente";"Nublado";"Dupla";"Reta";"Não";2;0;1;0;1;0;1;2;-19,36990998;-40,06560718;"SPRF-ES";"DEL04-ES";"UOP01-DEL04-ES"
209233;2019-05-13;"segunda-feira";"07:25:00";"PB";230;23;"JOAO PESSOA";"Não guardar distância de segurança";"Colisão traseira";"Sem Vítimas";"Pleno dia";"Decrescente";"Céu Claro";"Dupla";"Viaduto";"Sim";3;0;0;0;3;0;0;3;-7,1562;-34,8574;"SPRF-PB";"DEL01-PB";"UOP01-DEL01-PB"
209236;2019-05-13;"segunda-feira";"07:40:00";"CE";116;7;"FORTALEZA";"Falta de Atenção à Condução";"Colisão traseira";"Com Vítimas Feridas";"Pleno dia";"Decrescente";"Céu Claro";"Múltipla";"Reta";"Sim";3;0;2;0;1;0;2;2;-3,81073099;-38,50074867;"SPRF-CE";"DEL01-CE";"UOP02-DEL01-CE"
209237;2019-05-13;"segunda-feira";"07:45:00";"RS";470;176,6;"VERANOPOLIS";"Desobediência às normas de trânsito pelo condutor";"Colisão transversal";"Com Vítimas Feridas";"Pleno dia";"Decrescente";"Céu Claro";"Simples";"Reta";"Sim";2;0;1;0;1;0;1;2;-28,929109;-51,54315;"SPRF-RS";"DEL06-RS";"UOP02-DEL06-RS"
209240;2019-05-13;"segunda-feira";"06:50:00";"MG";153;229,6;"FRONTEIRA";"Avarias e/ou desgaste excessivo no pneu";"Queda de ocupante de veículo";"Com Vítimas Feridas";"Pleno dia";"Decrescente";"Céu Claro";"Simples";"Curva";"Não";2;0;2;0;0;0;2;1;-20,22530505;-49,14936694;"SPRF-MG";"DEL13-MG";"UOP02-DEL13-MG"
209243;2019-05-13;"segunda-feira";"07:15:00";"PR";277;5,5;"PARANAGUA";"Objeto estático sobre o leito carroçável";"Queda de ocupante de veículo";"Com Vítimas Feridas";"Pleno dia";"Decrescente";"Nublado";"Dupla";"Reta";"Sim";1;0;1;0;0;0;1;1;-25,5591678;-48,57536316;"SPRF-PR";"DEL01-PR";"UOP05-DEL01-PR"
209245;2019-05-13;"segunda-feira";"08:00:00";"BA";418;110;"NOVA VICOSA";"Defeito na Via";"Capotamento";"Com Vítimas Feridas";"Pleno dia";"Decrescente";"Céu Claro";"Simples";"Reta";"Não";3;0;0;2;1;0;2;1;-17,89265928;-40,05432104;"SPRF-BA";"DEL09-BA";"UOP02-DEL09-BA"
209246;2019-05-13;"segunda-feira";"07:50:00";"CE";222;3,3;"FORTALEZA";"Falta de Atenção à Condução";"Colisão traseira";"Com Vítimas Feridas";"Pleno dia";"Decrescente";"Sol";"Múltipla";"Reta";"Sim";5;0;0;1;1;3;1;5;-3,74104;-38,60038;"SPRF-CE";"DEL01-CE";"UOP01-DEL01-CE"
209248;2019-05-13;"segunda-feira";"07:45:00";"GO";153;503,2;"APARECIDA DE GOIANIA";"Falta de Atenção à Condução";"Colisão traseira";"Com Vítimas Feridas";"Amanhecer";"Crescente";"Sol";"Dupla";"Reta";"Sim";2;0;1;0;1;0;1;2;-16,7366;-49,243;"SPRF-GO";"DEL01-GO";"UOP01-DEL01-GO"
209250;2019-05-13;"segunda-feira";"06:30:00";"MT";364;203;"RONDONOPOLIS";"Agressão Externa";"Capotamento";"Com Vítimas Feridas";"Pleno dia";"Crescente";"Nublado";"Dupla";"Reta";"Sim";1;0;1;0;0;0;1;1;-16,47555256;-54,65344724;"SPRF-MT";"DEL02-MT";"UOP01-DEL02-MT"
209253;2019-05-13;"segunda-feira";"09:00:00";"RJ";493;55;"DUQUE DE CAXIAS";"Condutor Dormindo";"Colisão com objeto estático";"Com Vítimas Feridas";"Pleno dia";"Decrescente";"Céu Claro";"Múltipla";"Curva";"Não";1;0;1;0;0;0;1;1;-22,672089;-43,285053;"SPRF-RJ";"DEL01-RJ";"UOP01-DEL01-RJ"
209256;2019-04-15;"segunda-feira";"13:30:00";"MG";381;223;"BELO ORIENTE";"Falta de Atenção à Condução";"Tombamento";"Com Vítimas Feridas";"Pleno dia";"Crescente";"Ignorado";"Simples";"Reta";"Não";1;0;0;1;0;0;1;1;-19,31114336;-42,39486694;"SPRF-MG";"DEL06-MG";"UOP01-DEL06-MG"
209258;2019-05-13;"segunda-feira";"08:20:00";"PR";277;556,5;"CASCAVEL";"Pista Escorregadia";"Saída de leito carroçável";"Sem Vítimas";"Pleno dia";"Crescente";"Chuva";"Simples";"Curva;Declive";"Não";1;0;0;0;1;0;0;1;-25,08848857;-53,17848305;"SPRF-PR";"DEL04-PR";"UOP04-DEL04-PR"
209265;2019-05-13;"segunda-feira";"08:41:00";"PR";116;14;"CAMPINA GRANDE DO SUL";"Pista Escorregadia";"Saída de leito carroçável";"Com Vítimas Feridas";"Pleno dia";"Crescente";"Nublado";"Dupla";"Curva";"Não";1;0;1;0;0;0;1;1;-25,09896854;-48,67938995;"SPRF-PR";"DEL01-PR";"UOP02-DEL01-PR"
209266;2019-05-10;"sexta-feira";"03:19:00";"RS";290;92;"PORTO ALEGRE";"Desobediência às normas de trânsito pelo condutor";"Capotamento";"Sem Vítimas";"Plena Noite";"Decrescente";"Ignorado";"Múltipla";"Viaduto";"Sim";2;0;0;0;2;0;0;2;-29,971916;-51,176838;"SPRF-RS";"DEL01-RS";"UOP01-DEL01-RS"
209267;2019-05-13;"segunda-feira";"08:20:00";"SP";116;227;"SAO PAULO";"Desobediência às normas de trânsito pelo condutor";"Colisão lateral";"Com Vítimas Feridas";"Pleno dia";"Crescente";"Céu Claro";"Múltipla";"Reta";"Sim";2;0;1;0;1;0;1;2;-23,49659264;-46,55648754;"SPRF-SP";"DEL01-SP";"UOP01-DEL01-SP"
209274;2019-04-19;"sexta-feira";"16:25:00";"PR";376;231;"APUCARANA";"Velocidade Incompatível";"Colisão traseira";"Com Vítimas Feridas";"Pleno dia";"Crescente";"Céu Claro";"Dupla";"Declive";"Não";3;0;1;0;0;2;1;3;-23,568266;-51,512928;"SPRF-PR";"DEL07-PR";"UOP03-DEL07-PR"
209276;2019-05-13;"segunda-feira";"09:15:00";"PE";104;75,6;"CARUARU";"Desobediência às normas de trânsito pelo condutor";"Colisão frontal";"Com Vítimas Fatais";"Pleno dia";"Decrescente";"Céu Claro";"Simples";"Reta";"Não";5;1;4;0;0;0;4;2;-8,358562;-35,985699;"SPRF-PE";"DEL02-PE";"UOP01-DEL02-PE"
209278;2019-05-13;"segunda-feira";"09:20:00";"DF";80;1,4;"BRASILIA";"Velocidade Incompatível";"Saída de leito carroçável";"Com Vítimas Feridas";"Pleno dia";"Decrescente";"Céu Claro";"Simples";"Reta";"Não";1;0;0;1;0;0;1;1;-15,733511;-48,084099;"SPRF-DF";"DEL01-DF";"UOP02-DEL03-DF"
209280;2019-05-13;"segunda-feira";"09:45:00";"PA";316;111;"SANTA MARIA DO PARA";"Falta de Atenção à Condução";"Colisão lateral";"Sem Vítimas";"Pleno dia";"Crescente";"Céu Claro";"Simples";"Interseção de Vias";"Sim";2;0;0;0;2;0;0;2;-1,31708992;-47,51316503;"SPRF-PA";"DEL01-PA";"UOP02-DEL01-PA"
209282;2019-05-13;"segunda-feira";"09:00:00";"PR";158;515,8;"PATO BRANCO";"Avarias e/ou desgaste excessivo no pneu";"Saída de leito carroçável";"Com Vítimas Feridas";"Pleno dia";"Decrescente";"Nevoeiro/Neblina";"Simples";"Reta;Declive";"Não";4;0;4;0;0;0;4;1;-26,0653838;-52,63609922;"SPRF-PR";"DEL02-PR";"UOP01-DEL02-PR"
209283;2019-05-13;"segunda-feira";"11:00:00";"SP";116;230;"SAO PAULO";"Falta de Atenção à Condução";"Colisão lateral";"Com Vítimas Feridas";"Pleno dia";"Crescente";"Céu Claro";"Múltipla";"Reta";"Não";3;0;3;0;0;0;3;2;-23,52251783;-46,5855702;"SPRF-SP";"DEL01-SP";"UOP01-DEL01-SP"
209284;2019-05-13;"segunda-feira";"06:00:00";"MG";354;745,5;"POUSO ALTO";"Falta de Atenção à Condução";"Saída de leito carroçável";"Com Vítimas Fatais";"Amanhecer";"Decrescente";"Chuva";"Simples";"Rotatória";"Sim";1;1;0;0;0;0;0;1;-22,25241558;-44,92933452;"SPRF-MG";"DEL05-MG";"UOP01-DEL17-MG"
209286;2019-05-13;"segunda-feira";"07:30:00";"RJ";101;314,7;"SAO GONCALO";"Falta de Atenção à Condução";"Colisão lateral";"Com Vítimas Feridas";"Pleno dia";"Crescente";"Céu Claro";"Dupla";"Reta";"Sim";4;0;1;0;3;0;1;4;-22,81648739;-43,07728467;"SPRF-RJ";"DEL02-RJ";"DEL5/2-UOP04/RJ"
209287;2019-05-13;"segunda-feira";"10:45:00";"PI";343;265;"CAMPO MAIOR";"Desobediência às normas de trânsito pelo condutor";"Tombamento";"Com Vítimas Feridas";"Pleno dia";"Decrescente";"Céu Claro";"Simples";"Reta";"Sim";1;0;0;1;0;0;1;1;-4,834697;-42,167046;"SPRF-PI";"DEL01-PI";"UOP03-DEL01-PI"
209288;2019-05-12;"domingo";"19:12:00";"PA";163;313;"NOVO PROGRESSO";"Falta de Atenção à Condução";"Saída de leito carroçável";"Com Vítimas Feridas";"Plena Noite";"Decrescente";"Céu Claro";"Simples";"Declive";"Não";3;0;1;1;1;0;2;1;-7,03136514;-55,41840646;"SPRF-PA";"DEL05-PA";"UOP01-DEL05-PA"
209290;2019-05-13;"segunda-feira";"11:00:00";"PI";343;272,7;"CAMPO MAIOR";"Avarias e/ou desgaste excessivo no pneu";"Tombamento";"Com Vítimas Feridas";"Pleno dia";"Crescente";"Sol";"Simples";"Reta";"Não";2;0;1;1;0;0;2;1;-4,866084;-42,214935;"SPRF-PI";"DEL01-PI";"UOP03-DEL01-PI"
209300;2019-05-13;"segunda-feira";"12:15:00";"PR";369;132;"IBIPORA";"Desobediência às normas de trânsito pelo condutor";"Colisão transversal";"Com Vítimas Feridas";"Pleno dia";"Decrescente";"Céu Claro";"Dupla";"Interseção de Vias";"Não";2;0;0;1;1;0;1;2;-23,2605987;-51,01279378;"SPRF-PR";"DEL07-PR";"UOP01-DEL07-PR"
209301;2019-05-13;"segunda-feira";"11:50:00";"CE";222;4,3;"CAUCAIA";"Falta de Atenção à Condução";"Colisão lateral";"Com Vítimas Feridas";"Pleno dia";"Decrescente";"Sol";"Múltipla";"Reta";"Sim";2;0;1;0;1;0;1;2;-3,74245665;-38,60888785;"SPRF-CE";"DEL01-CE";"UOP01-DEL01-CE"
209304;2019-05-13;"segunda-feira";"12:20:00";"MG";459;103;"POUSO ALEGRE";"Não guardar distância de segurança";"Colisão traseira";"Com Vítimas Feridas";"Pleno dia";"Decrescente";"Céu Claro";"Dupla";"Reta;Declive";"Sim";2;0;1;0;1;0;1;2;-22,217806;-45,917549;"SPRF-MG";"DEL16-MG";"UOP01-DEL16-MG"
209305;2019-05-13;"segunda-feira";"12:50:00";"CE";116;6;"FORTALEZA";"Não guardar distância de segurança";"Colisão traseira";"Com Vítimas Feridas";"Pleno dia";"Crescente";"Céu Claro";"Múltipla";"Reta";"Sim";2;0;1;0;1;0;1;2;-3,802624;-38,50400499;"SPRF-CE";"DEL01-CE";"UOP02-DEL01-CE"
209306;2019-05-13;"segunda-feira";"11:04:00";"PR";277;0,1;"PARANAGUA";"Desobediência às normas de trânsito pelo condutor";"Colisão frontal";"Com Vítimas Feridas";"Pleno dia";"Crescente";"Céu Claro";"Simples";"Reta";"Sim";2;0;2;0;0;0;2;2;-25,52122045;-48,54545116;"SPRF-PR";"DEL01-PR";"UOP05-DEL01-PR"
209307;2019-05-13;"segunda-feira";"12:20:00";"PB";230;160,5;"CAMPINA GRANDE";"Falta de Atenção à Condução";"Colisão transversal";"Com Vítimas Feridas";"Pleno dia";"Decrescente";"Céu Claro";"Simples";"Reta";"Não";4;0;3;0;1;0;3;2;-7,2436;-35,9375;"SPRF-PB";"DEL02-PB";"UOP01-DEL02-PB"
209312;2019-05-13;"segunda-feira";"13:30:00";"RJ";116;67;"TERESOPOLIS";"Falta de Atenção à Condução";"Colisão lateral";"Com Vítimas Feridas";"Pleno dia";"Decrescente";"Céu Claro";"Simples";"Reta";"Sim";2;0;1;0;1;0;1;2;-22,29371693;-42,93354335;"SPRF-RJ";"DEL04-RJ";"UOP01-DEL04-RJ"
209313;2019-05-13;"segunda-feira";"13:00:00";"MG";356;266,4;"MURIAE";"Falta de Atenção à Condução";"Colisão transversal";"Com Vítimas Feridas";"Pleno dia";"Decrescente";"Céu Claro";"Simples";"Interseção de Vias";"Sim";3;0;2;0;1;0;2;3;-21,12823134;-42,35802453;"SPRF-MG";"DEL07-MG";"UOP02-DEL07-MG"
209314;2019-05-13;"segunda-feira";"10:10:00";"RO";364;13,9;"VILHENA";"Desobediência às normas de trânsito pelo condutor";"Colisão transversal";"Com Vítimas Feridas";"Pleno dia";"Crescente";"Céu Claro";"Simples";"Reta";"Sim";3;0;2;0;1;0;2;2;-12,51426506;-60,43548101;"SPRF-RO";"DEL04-RO";"UOP01-DEL04-RO"
209315;2019-05-13;"segunda-feira";"11:40:00";"RJ";40;124;"RIO DE JANEIRO";"Desobediência às normas de trânsito pelo condutor";"Colisão lateral";"Com Vítimas Feridas";"Pleno dia";"Decrescente";"Nublado";"Dupla";"Curva";"Sim";2;0;1;0;0;1;1;2;-22,807953;-43,289124;"SPRF-RJ";"DEL01-RJ";"UOP02-DEL01-RJ"
209316;2019-05-13;"segunda-feira";"11:40:00";"RO";364;13,9;"VILHENA";"Não guardar distância de segurança";"Colisão traseira";"Com Vítimas Feridas";"Pleno dia";"Crescente";"Céu Claro";"Simples";"Reta";"Sim";3;0;1;0;2;0;1;2;-12,73898138;-60,13911417;"SPRF-RO";"DEL04-RO";"UOP01-DEL04-RO"
209317;2019-04-18;"quinta-feira";"20:35:00";"CE";116;5,8;"FORTALEZA";"Pista Escorregadia";"Tombamento";"Com Vítimas Feridas";"Plena Noite";"Crescente";"Céu Claro";"Simples";"Viaduto";"Sim";1;0;1;0;0;0;1;1;-3,79467116;-38,50772734;"SPRF-CE";"DEL01-CE";"UOP02-DEL01-CE"
209318;2019-05-13;"segunda-feira";"14:20:00";"SC";470;63;"INDAIAL";"Falta de Atenção do Pedestre";"Atropelamento de Pedestre";"Com Vítimas Feridas";"Pleno dia";"Decrescente";"Nublado";"Simples";"Reta";"Sim";3;0;1;0;1;1;1;2;-26,872396;-49,19228;"SPRF-SC";"DEL04-SC";"UOP01-DEL04-SC"
209321;2019-04-24;"quarta-feira";"03:52:00";"MS";60;422,3;"SIDROLANDIA";"Falta de Atenção à Condução";"Saída de leito carroçável";"Com Vítimas Feridas";"Plena Noite";"Decrescente";"Ignorado";"Simples";"Reta";"Sim";1;0;1;0;0;0;1;1;-20,90647275;-54,94123021;"SPRF-MS";"DEL01-MS";"UOP04-DEL01-MS"
209325;2019-05-13;"segunda-feira";"14:45:00";"GO";153;443,2;"ANAPOLIS";"Desobediência às normas de trânsito pelo condutor";"Colisão frontal";"Com Vítimas Feridas";"Pleno dia";"Crescente";"Céu Claro";"Dupla";"Declive";"Sim";3;0;2;1;0;0;3;2;-16,334681;-48,922447;"SPRF-GO";"DEL02-GO";"UOP01-DEL02-GO"
209326;2019-05-10;"sexta-feira";"05:50:00";"SC";480;126,3;"CHAPECO";"Velocidade Incompatível";"Colisão traseira";"Com Vítimas Feridas";"Amanhecer";"Decrescente";"Nublado";"Dupla";"Reta";"Não";3;0;0;1;1;1;1;3;-27,020083;-52,636024;"SPRF-SC";"DEL07-SC";"UOP01-DEL07-SC"
209329;2019-05-13;"segunda-feira";"15:00:00";"MG";40;611,2;"CONGONHAS";"Falta de Atenção à Condução";"Capotamento";"Com Vítimas Feridas";"Pleno dia";"Crescente";"Céu Claro";"Simples";"Curva";"Não";1;0;1;0;0;0;1;1;-20,51043545;-43,84039195;"SPRF-MG";"DEL05-MG";"UOP02-DEL05-MG"
209331;2019-05-13;"segunda-feira";"04:00:00";"PI";135;545;"SAO GONCALO DO GURGUEIA";"Falta de Atenção à Condução";"Capotamento";"Com Vítimas Fatais";"Amanhecer";"Crescente";"Céu Claro";"Simples";"Reta";"Não";1;1;0;0;0;0;0;1;-10,07190429;-45,27162443;"SPRF-PI";"DEL03-PI";"UOP02-DEL03-PI"
209332;2019-05-13;"segunda-feira";"14:20:00";"BA";116;582;"NOVA ITARANA";"Velocidade Incompatível";"Capotamento";"Com Vítimas Feridas";"Pleno dia";"Crescente";"Chuva";"Simples";"Curva";"Não";1;0;1;0;0;0;1;1;-13,1062779;-39,9658473;"SPRF-BA";"DEL03-BA";"UOP02-DEL03-BA"
209335;2019-05-13;"segunda-feira";"11:45:00";"RO";364;714;"PORTO VELHO";"Desobediência às normas de trânsito pelo condutor";"Tombamento";"Com Vítimas Feridas";"Pleno dia";"Decrescente";"Céu Claro";"Simples";"Viaduto";"Sim";1;0;0;1;0;0;1;1;-8,77323714;-63,88521091;"SPRF-RO";"DEL01-RO";"UOP01-DEL01-RO"
209337;2019-05-13;"segunda-feira";"12:10:00";"RS";290;275,6;"CACHOEIRA DO SUL";"Velocidade Incompatível";"Saída de leito carroçável";"Com Vítimas Fatais";"Pleno dia";"Decrescente";"Chuva";"Simples";"Reta";"Não";5;1;2;2;0;0;4;1;-30,263329;-52,974312;"SPRF-RS";"DEL02-RS";"UOP02-DEL02-RS"
209340;2019-05-13;"segunda-feira";"17:09:00";"SC";101;206;"SAO JOSE";"Não guardar distância de segurança";"Colisão traseira";"Sem Vítimas";"Pleno dia";"Decrescente";"Céu Claro";"Múltipla";"Declive";"Sim";3;0;0;0;3;0;0;3;-27,59193546;-48,61824557;"SPRF-SC";"DEL01-SC";"UOP01-DEL01-SC"
209342;2019-05-13;"segunda-feira";"17:10:00";"RN";427;57,6;"JARDIM DO SERIDO";"Desobediência às normas de trânsito pelo condutor";"Colisão frontal";"Com Vítimas Feridas";"Pleno dia";"Crescente";"Nublado";"Simples";"Reta";"Não";2;0;0;1;1;0;1;2;-6,595539;-36,78833;"SPRF-RN";"DEL03-RN";"UOP01-DEL03-RN"
209343;2019-05-13;"segunda-feira";"16:10:00";"MT";163;834;"SINOP";"Pista Escorregadia";"Queda de ocupante de veículo";"Com Vítimas Feridas";"Pleno dia";"Decrescente";"Céu Claro";"Dupla";"Reta";"Sim";2;0;1;0;0;1;1;1;-11,995863;-55,51709;"SPRF-MT";"DEL06-MT";"UOP01-DEL06-MT"
209344;2019-05-13;"segunda-feira";"17:15:00";"BA";101;497,5;"ITABUNA";"Animais na Pista";"Colisão frontal";"Com Vítimas Feridas";"Plena Noite";"Decrescente";"Chuva";"Simples";"Reta";"Não";3;0;2;0;0;1;2;3;-14,742082;-39,327947;"SPRF-BA";"DEL05-BA";"UOP01-DEL05-BA"
209347;2019-05-13;"segunda-feira";"17:45:00";"RN";110;44,9;"MOSSORO";"Falta de Atenção à Condução";"Colisão traseira";"Com Vítimas Feridas";"Plena Noite";"Decrescente";"Nublado";"Simples";"Reta";"Sim";2;0;1;0;1;0;1;2;-5,192045;-37,310457;"SPRF-RN";"DEL04-RN";"UOP01-DEL04-RN"
209348;2019-05-13;"segunda-feira";"16:25:00";"TO";0;0;"PALMAS";"Restrição de Visibilidade";"Colisão traseira";"Sem Vítimas";"Pleno dia";"Não Informado";"Sol";"Simples";"Reta";"Não";2;0;0;0;2;0;0;2;-10,23014937;-48,310417;"SPRF-TO";"DEL02-TO";"UOP01-DEL02-TO"
209349;2019-05-13;"segunda-feira";"17:40:00";"SC";101;201;"SAO JOSE";"Velocidade Incompatível";"Colisão transversal";"Com Vítimas Feridas";"Anoitecer";"Crescente";"Garoa/Chuvisco";"Dupla";"Reta";"Sim";2;0;1;0;1;0;1;2;-27,54836599;-48,61977975;"SPRF-SC";"DEL01-SC";"UOP01-DEL01-SC"
209350;2019-05-13;"segunda-feira";"17:40:00";"MG";40;532;"BELO HORIZONTE";"Falta de Atenção à Condução";"Colisão traseira";"Com Vítimas Feridas";"Anoitecer";"Decrescente";"Nublado";"Dupla";"Reta";"Sim";2;0;1;0;1;0;1;2;-19,92372561;-44,01700789;"SPRF-MG";"DEL01-MG";"UOP02-DEL01-MG"
209352;2019-05-13;"segunda-feira";"18:30:00";"MG";381;492,9;"BETIM";"Falta de Atenção à Condução";"Colisão traseira";"Com Vítimas Feridas";"Plena Noite";"Crescente";"Céu Claro";"Dupla";"Reta";"Sim";2;0;1;0;1;0;1;1;-19,97490091;-44,19004301;"SPRF-MG";"DEL01-MG";"UOP03-DEL01-MG"
209353;2019-05-13;"segunda-feira";"17:10:00";"RJ";116;178;"NOVA IGUACU";"Falta de Atenção à Condução";"Colisão com objeto estático";"Com Vítimas Feridas";"Anoitecer";"Crescente";"Nublado";"Dupla";"Reta";"Sim";1;0;1;0;0;0;1;1;-22,77496393;-43,40081465;"SPRF-RJ";"DEL01-RJ";"UOP02-DEL01-RJ"
209355;2019-05-13;"segunda-feira";"18:37:00";"ES";101;433,3;"ATILIO VIVACQUA";"Restrição de Visibilidade";"Atropelamento de Pedestre";"Com Vítimas Fatais";"Plena Noite";"Decrescente";"Nublado";"Simples";"Reta";"Não";2;1;0;0;0;1;0;2;-21,04218499;-41,18389907;"SPRF-ES";"DEL03-ES";"UOP02-DEL03-ES"
209356;2019-05-13;"segunda-feira";"11:00:00";"PE";104;126;"PANELAS";"Condutor Dormindo";"Saída de leito carroçável";"Com Vítimas Feridas";"Pleno dia";"Decrescente";"Ignorado";"Simples";"Reta";"Não";4;0;2;0;2;0;2;1;-8,745797;-36,024185;"SPRF-PE";"DEL02-PE";"UOP01-DEL02-PE"
209358;2019-05-13;"segunda-feira";"18:50:00";"RJ";101;147;"MACAE";"Falta de Atenção à Condução";"Queda de ocupante de veículo";"Com Vítimas Feridas";"Plena Noite";"Decrescente";"Céu Claro";"Simples";"Reta";"Não";1;0;0;1;0;0;1;1;-22,22773196;-41,77649004;"SPRF-RJ";"DEL02-RJ";"UOP04-DEL08-RJ"
209359;2019-05-13;"segunda-feira";"11:30:00";"SC";282;79,8;"RANCHO QUEIMADO";"Velocidade Incompatível";"Saída de leito carroçável";"Com Vítimas Feridas";"Pleno dia";"Crescente";"Chuva";"Simples";"Curva";"Não";2;0;2;0;0;0;2;1;-27,6707;-49,155758;"SPRF-SC";"DEL01-SC";"UOP03-DEL01-SC"
209361;2019-05-13;"segunda-feira";"18:40:00";"SC";470;5;"NAVEGANTES";"Falta de Atenção à Condução";"Colisão transversal";"Com Vítimas Feridas";"Plena Noite";"Decrescente";"Chuva";"Simples";"Reta";"Não";3;0;2;0;1;0;2;2;-26,855688;-48,700333;"SPRF-SC";"DEL04-SC";"UOP04-DEL04-SC"
209363;2019-05-13;"segunda-feira";"15:00:00";"SC";282;95,3;"ALFREDO WAGNER";"Velocidade Incompatível";"Saída de leito carroçável";"Com Vítimas Feridas";"Pleno dia";"Crescente";"Chuva";"Simples";"Curva";"Não";1;0;1;0;0;0;1;1;-27,71188;-49,255035;"SPRF-SC";"DEL01-SC";"UOP03-DEL01-SC"