"id";"data_inversa";"dia_semana";"horario";"uf";"br";"km";"municipio";"causa_acidente";"tipo_acidente";"classificacao_acidente";"fase_dia";"sentido_via";"condicao_metereologica";"tipo_pista";"tracado_via";"uso_solo";"pessoas";"mortos";"feridos_leves";"feridos_graves";"ilesos";"ignorados";"feridos";"veiculos";"latitude";"longitude";"regional";"delegacia";"uop"
209364;2019-05-13;"segunda-feira";"18:50:00";"MG";267;162,7;"LIMA DUARTE";"Falta de Atenção à Condução";"Atropelamento de Pedestre";"Com Vítimas Feridas";"Plena Noite";"Decrescente";"Céu Claro";"Simples";"Reta";"Não";2;0;0;1;1;0;1;2;-21,84902541;-43,80365406;"SPRF-MG";"DEL05-MG";"UOP01-DEL05-MG"
209366;2019-05-13;"segunda-feira";"18:20:00";"RJ";101;296;"ITABORAI";"Desobediência às normas de trânsito pelo condutor";"Colisão lateral";"Com Vítimas Feridas";"Anoitecer";"Crescente";"Céu Claro";"Dupla";"Reta";"Sim";2;0;1;0;1;0;1;2;-22,7670498;-42,91019601;"SPRF-RJ";"DEL02-RJ";"DEL5/2-UOP04/RJ"
209367;2019-05-13;"segunda-feira";"19:15:00";"PI";343;316,5;"ALTOS";"Falta de Atenção à Condução";"Saída de leito carroçável";"Com Vítimas Feridas";"Plena Noite";"Decrescente";"Céu Claro";"Simples";"Reta";"Não";1;0;1;0;0;0;1;1;-5,046231;-42,535843;"SPRF-PI";"DEL01-PI";"UOP01-DEL01-PI"
209368;2019-05-13;"segunda-feira";"19:15:00";"DF";20;48,8;"BRASILIA";"Falta de Atenção à Condução";"Saída de leito carroçável";"Com Vítimas Feridas";"Plena Noite";"Crescente";"Céu Claro";"Dupla";"Reta";"Não";5;0;2;3;0;0;5;1;-15,582723;-47,440395;"SPRF-DF";"DEL02-DF";"UOP01-DEL02-DF"
209370;2019-05-13;"segunda-feira";"19:30:00";"PR";277;121,8;"CAMPO LARGO";"Falta de Atenção do Pedestre";"Atropelamento de Pedestre";"Com Vítimas Feridas";"Plena Noite";"Decrescente";"Nublado";"Dupla";"Reta";"Não";2;0;0;1;0;1;1;2;-25,44291439;-49,44993394;"SPRF-PR";"DEL01-PR";"UOP06-DEL01-PR"
209372;2019-05-13;"segunda-feira";"19:40:00";"PI";343;306,1;"ALTOS";"Falta de Atenção à Condução";"Colisão transversal";"Com Vítimas Feridas";"Plena Noite";"Crescente";"Céu Claro";"Simples";"Curva";"Sim";2;0;0;1;1;0;1;2;-5,038756;-42,450893;"SPRF-PI";"DEL01-PI";"UOP01-DEL01-PI"
209373;2019-05-13;"segunda-feira";"19:00:00";"PR";116;26;"ANTONINA";"Falta de Atenção à Condução";"Atropelamento de Pedestre";"Com Vítimas Fatais";"Plena Noite";"Decrescente";"Nublado";"Dupla";"Reta";"Não";2;1;0;0;1;0;0;2;-25,11188499;-48,77466202;"SPRF-PR";"DEL01-PR";"UOP02-DEL01-PR"
209374;2019-05-13;"segunda-feira";"18:17:00";"MT";174;5;"PONTES E LACERDA";"Falta de Atenção à Condução";"Colisão frontal";"Com Vítimas Feridas";"Plena Noite";"Decrescente";"Nublado";"Simples";"Reta";"Sim";2;0;0;1;1;0;1;2;-15,23316789;-59,34533726;"SPRF-MT";"DEL04-MT";"UOP01-DEL04-MT"
209377;2019-05-13;"segunda-feira";"21:20:00";"SC";101;200,3;"SAO JOSE";"Falta de Atenção à Condução";"Colisão traseira";"Com Vítimas Feridas";"Pleno dia";"Crescente";"Chuva";"Múltipla";"Interseção de Vias;Reta";"Sim";3;0;2;0;1;0;2;2;-27,53947593;-48,6237895;"SPRF-SC";"DEL01-SC";"UOP01-DEL01-SC"
209380;2019-05-13;"segunda-feira";"18:10:00";"SC";101;252,5;"PAULO LOPES";"Defeito Mecânico no Veículo";"Incêndio";"Sem Vítimas";"Anoitecer";"Crescente";"Garoa/Chuvisco";"Simples";"Reta";"Não";1;0;0;0;1;0;0;1;-27,96650784;-48,68003368;"SPRF-SC";"DEL02-SC";"UOP03-DEL02-SC"
209381;2019-05-13;"segunda-feira";"20:58:00";"SC";101;1,3;"GARUVA";"Falta de Atenção à Condução";"Colisão lateral";"Com Vítimas Feridas";"Plena Noite";"Crescente";"Garoa/Chuvisco";"Dupla";"Reta";"Não";2;0;1;0;0;1;1;2;-25,98895627;-48,88356133;"SPRF-SC";"DEL03-SC";"UOP01-DEL03-SC"
209382;2019-05-13;"segunda-feira";"20:45:00";"PB";230;29;"JOAO PESSOA";"Desobediência às normas de trânsito pelo condutor";"Colisão traseira";"Sem Vítimas";"Pleno dia";"Decrescente";"Céu Claro";"Dupla";"Curva;Aclive";"Sim";2;0;0;0;1;1;0;2;-7,1622;-34,9031;"SPRF-PB";"DEL01-PB";"UOP01-DEL01-PB"
209383;2019-05-13;"segunda-feira";"20:00:00";"SC";101;38,6;"JOINVILLE";"Falta de Atenção à Condução";"Colisão transversal";"Com Vítimas Feridas";"Plena Noite";"Crescente";"Nublado";"Múltipla";"Interseção de Vias";"Sim";3;0;1;0;2;0;1;2;-26,25472505;-48,90561309;"SPRF-SC";"DEL03-SC";"UOP01-DEL03-SC"
209384;2019-05-13;"segunda-feira";"13:00:00";"PR";163;289;"MARECHAL CANDIDO RONDON";"Agressão Externa";"Colisão lateral";"Sem Vítimas";"Pleno dia";"Decrescente";"Nublado";"Simples";"Curva";"Não";3;0;0;0;2;1;0;2;-24,52416753;-54,05668259;"SPRF-PR";"DEL06-PR";"UOP02-DEL06-PR"
209385;2019-05-13;"segunda-feira";"20:50:00";"MS";262;318,3;"CAMPO GRANDE";"Falta de Atenção à Condução";"Colisão traseira";"Com Vítimas Fatais";"Plena Noite";"Decrescente";"Nublado";"Simples";"Reta";"Não";3;1;2;0;0;0;2;2;-20,47086159;-54,45819198;"SPRF-MS";"DEL01-MS";"UOP01-DEL01-MS"
209387;2019-05-13;"segunda-feira";"20:20:00";"PR";158;532;"PATO BRANCO";"Falta de Atenção à Condução";"Colisão frontal";"Com Vítimas Feridas";"Plena Noite";"Crescente";"Nublado";"Simples";"Interseção de Vias";"Sim";2;0;1;0;1;0;1;2;-26,21099702;-52,6807167;"SPRF-PR";"DEL02-PR";"UOP01-DEL02-PR"
209388;2019-05-13;"segunda-feira";"21:50:00";"MT";70;41;"BARRA DO GARCAS";"Falta de Atenção à Condução";"Saída de leito carroçável";"Com Vítimas Feridas";"Plena Noite";"Decrescente";"Céu Claro";"Simples";"Reta";"Não";1;0;1;0;0;0;1;1;-15,77539522;-52,57181622;"SPRF-MT";"DEL07-MT";"UOP01-DEL07-MT"
209391;2019-05-13;"segunda-feira";"22:00:00";"PE";101;69,2;"RECIFE";"Defeito na Via";"Queda de ocupante de veículo";"Sem Vítimas";"Plena Noite";"Decrescente";"Nublado";"Múltipla";"Curva";"Sim";1;0;0;0;1;0;0;1;-8,05951606;-34,94581024;"SPRF-PE";"DEL01-PE";"UOP01-DEL01-PE"
209392;2019-05-13;"segunda-feira";"14:15:00";"SC";280;81,8;"CORUPA";"Falta de Atenção à Condução";"Colisão transversal";"Com Vítimas Feridas";"Pleno dia";"Crescente";"Nublado";"Simples";"Reta";"Sim";3;0;1;0;1;1;1;3;-26,44057489;-49,217056;"SPRF-SC";"DEL06-SC";"UOP03-DEL06-SC"
209393;2019-05-13;"segunda-feira";"21:10:00";"RO";435;119;"CEREJEIRAS";"Animais na Pista";"Atropelamento de Animal";"Sem Vítimas";"Plena Noite";"Crescente";"Céu Claro";"Simples";"Reta";"Não";1;0;0;0;1;0;0;1;-13,18624309;-60,77446401;"SPRF-RO";"DEL04-RO";"UOP02-DEL04-RO"
209394;2019-05-13;"segunda-feira";"22:30:00";"SC";101;211,6;"PALHOCA";"Desobediência às normas de trânsito pelo condutor";"Colisão transversal";"Com Vítimas Feridas";"Plena Noite";"Decrescente";"Chuva";"Simples";"Viaduto";"Sim";3;0;2;0;1;0;2;2;-27,62329313;-48,65245588;"SPRF-SC";"DEL01-SC";"UOP02-DEL01-SC"
209396;2019-05-13;"segunda-feira";"17:30:00";"RO";364;425;"JARU";"Falta de Atenção à Condução";"Colisão transversal";"Com Vítimas Feridas";"Anoitecer";"Decrescente";"Céu Claro";"Simples";"Reta";"Não";3;0;2;0;1;0;2;2;-10,43752488;-62,47169791;"SPRF-RO";"DEL03-RO";"UOP02-DEL03-RO"
209397;2019-05-13;"segunda-feira";"15:40:00";"MA";135;92,7;"ITAPECURU MIRIM";"Defeito na Via";"Colisão transversal";"Com Vítimas Feridas";"Pleno dia";"Decrescente";"Chuva";"Simples";"Ponte;Reta";"Não";2;0;0;1;1;0;1;2;-3,30760501;-44,42451199;"SPRF-MA";"DEL01-MA";"UOP02-DEL01-MA"
209400;2019-05-13;"segunda-feira";"22:50:00";"GO";60;97,6;"ANAPOLIS";"Animais na Pista";"Atropelamento de Animal";"Com Vítimas Feridas";"Plena Noite";"Decrescente";"Céu Claro";"Dupla";"Reta";"Sim";1;0;1;0;0;0;1;1;-16,3774;-48,9483;"SPRF-GO";"DEL02-GO";"UOP01-DEL02-GO"
209401;2019-05-13;"segunda-feira";"20:00:00";"MA";10;251,7;"IMPERATRIZ";"Falta de Atenção à Condução";"Colisão traseira";"Com Vítimas Feridas";"Plena Noite";"Decrescente";"Nublado";"Simples";"Retorno Regulamentado";"Sim";3;0;1;0;2;0;1;2;-5,5377779;-47,46861267;"SPRF-MA";"DEL04-MA";"UOP01-DEL04-MA"
209402;2019-05-13;"segunda-feira";"23:15:00";"SP";488;2,3;"APARECIDA";"Falta de Atenção à Condução";"Colisão transversal";"Com Vítimas Feridas";"Plena Noite";"Crescente";"Nublado";"Dupla";"Interseção de Vias";"Sim";2;0;1;0;1;0;1;2;-22,849216;-45,236801;"SPRF-SP";"DEL08-SP";"UOP01-DEL08-SP"
209403;2019-05-14;"terça-feira";"00:05:00";"SP";381;89;"GUARULHOS";"Falta de Atenção à Condução";"Capotamento";"Com Vítimas Feridas";"Plena Noite";"Decrescente";"Céu Claro";"Múltipla";"Reta";"Sim";1;0;0;1;0;0;1;1;-23,48469299;-46,55983288;"SPRF-SP";"DEL03-SP";"UOP01-DEL03-SP"
209407;2019-05-13;"segunda-feira";"19:30:00";"MA";316;163,4;"ARAGUANA";"Falta de Atenção à Condução";"Colisão frontal";"Com Vítimas Feridas";"Plena Noite";"Crescente";"Céu Claro";"Simples";"Reta";"Não";2;0;0;1;0;1;1;2;-2,965401;-45,661572;"SPRF-MA";"DEL02-MA";"UOP02-DEL02-MA"
209408;2019-05-14;"terça-feira";"00:30:00";"MS";60;539;"NIOAQUE";"Velocidade Incompatível";"Tombamento";"Com Vítimas Feridas";"Plena Noite";"Crescente";"Céu Claro";"Simples";"Rotatória";"Não";1;0;0;1;0;0;1;1;-21,1446886;-55,82360334;"SPRF-MS";"DEL05-MS";"UOP01-DEL05-MS"
209415;2019-05-14;"terça-feira";"00:30:00";"RJ";116;213;"SEROPEDICA";"Desobediência às normas de trânsito pelo condutor";"Colisão frontal";"Com Vítimas Feridas";"Amanhecer";"Decrescente";"Nublado";"Dupla";"Reta";"Sim";4;0;1;0;2;1;1;2;-22,713438;-43,734085;"SPRF-RJ";"DEL01-RJ";"UOP03-DEL01-RJ"
209416;2019-05-14;"terça-feira";"02:30:00";"MG";116;416;"GOVERNADOR VALADARES";"Ingestão de Álcool";"Saída de leito carroçável";"Com Vítimas Feridas";"Plena Noite";"Crescente";"Céu Claro";"Múltipla";"Declive";"Sim";1;0;0;1;0;0;1;1;-18,88756882;-41,94620848;"SPRF-MG";"DEL06-MG";"UOP01-DEL06-MG"
209420;2019-05-14;"terça-feira";"02:20:00";"MG";262;391;"FLORESTAL";"Velocidade Incompatível";"Capotamento";"Com Vítimas Feridas";"Plena Noite";"Crescente";"Céu Claro";"Dupla";"Reta";"Não";1;0;1;0;0;0;1;1;-19,92369912;-44,46409813;"SPRF-MG";"DEL01-MG";"UOP03-DEL01-MG"
209423;2019-05-14;"terça-feira";"05:20:00";"MS";163;459,7;"CAMPO GRANDE";"Falta de Atenção à Condução";"Atropelamento de Pedestre";"Com Vítimas Feridas";"Amanhecer";"Crescente";"Nublado";"Simples";"Aclive";"Não";2;0;0;1;0;1;1;2;-20,64663492;-54,56591872;"SPRF-MS";"DEL01-MS";"UOP01-DEL01-MS"
209424;2019-05-13;"segunda-feira";"20:15:00";"MT";364;237,3;"RONDONOPOLIS";"Falta de Atenção à Condução";"Saída de leito carroçável";"Com Vítimas Feridas";"Plena Noite";"Crescente";"Nublado";"Dupla";"Reta";"Sim";2;0;2;0;0;0;2;1;-16,20503606;-54,78106026;"SPRF-MT";"DEL02-MT";"UOP01-DEL02-MT"
209425;2019-05-14;"terça-feira";"07:20:00";"DF";20;16;"BRASILIA";"Falta de Atenção à Condução";"Atropelamento de Pedestre";"Com Vítimas Feridas";"Pleno dia";"Decrescente";"Céu Claro";"Dupla";"Reta";"Sim";2;0;1;0;1;0;1;2;-15,625675;-47,725159;"SPRF-DF";"DEL02-DF";"UOP01-DEL02-DF"
209426;2019-05-14;"terça-feira";"06:50:00";"DF";60;4;"BRASILIA";"Falta de Atenção à Condução";"Colisão traseira";"Com Vítimas Feridas";"Pleno dia";"Decrescente";"Céu Claro";"Dupla";"Reta";"Sim";3;0;1;0;2;0;1;2;-15,892721;-48,095741;"SPRF-DF";"DEL01-DF";"UOP01-DEL03-DF"
209427;2019-05-14;"terça-feira";"06:50:00";"SC";101;145,4;"ITAPEMA";"Falta de Atenção à Condução";"Colisão com objeto estático";"Com Vítimas Feridas";"Pleno dia";"Decrescente";"Garoa/Chuvisco";"Dupla";"Aclive";"Não";1;0;1;0;0;0;1;1;-27,08139206;-48,60130993;"SPRF-SC";"DEL04-SC";"UOP03-DEL04-SC"
209428;2019-05-14;"terça-feira";"07:20:00";"PR";116;121;"CURITIBA";"Falta de Atenção à Condução";"Colisão traseira";"Com Vítimas Feridas";"Pleno dia";"Decrescente";"Nublado";"Dupla";"Reta";"Não";3;0;2;0;1;0;2;2;-25,5599323;-49,30743945;"SPRF-PR";"DEL01-PR";"UOP03-DEL01-PR"
209430;2019-05-14;"terça-feira";"05:30:00";"RO";364;426;"JARU";"Ingestão de Álcool";"Atropelamento de Pedestre";"Com Vítimas Feridas";"Amanhecer";"Decrescente";"Nublado";"Simples";"Reta";"Sim";3;0;2;0;0;1;2;2;-10,43034507;-62,48292957;"SPRF-RO";"DEL03-RO";"UOP02-DEL03-RO"
209431;2019-05-14;"terça-feira";"07:46:00";"ES";101;269;"SERRA";"Desobediência às normas de trânsito pelo condutor";"Colisão lateral";"Com Vítimas Feridas";"Pleno dia";"Crescente";"Céu Claro";"Dupla";"Reta";"Sim";2;0;1;0;1;0;1;2;-20,21740496;-40,26990578;"SPRF-ES";"DEL02-ES";"UOP01-DEL02-ES"
209432;2019-05-14;"terça-feira";"00:00:00";"SC";101;297,6;"IMBITUBA";"Velocidade Incompatível";"Saída de leito carroçável";"Sem Vítimas";"Plena Noite";"Decrescente";"Chuva";"Dupla";"Curva";"Sim";1;0;0;0;1;0;0;1;-28,31353989;-48,7240982;"SPRF-SC";"DEL02-SC";"UOP03-DEL02-SC"
209433;2019-05-14;"terça-feira";"07:50:00";"PE";428;188;"PETROLINA";"Desobediência às normas de trânsito pelo condutor";"Colisão traseira";"Com Vítimas Feridas";"Pleno dia";"Crescente";"Sol";"Simples";"Interseção de Vias";"Sim";2;0;1;0;1;0;1;2;-9,376496;-40,49702;"SPRF-PE";"DEL06-PE";"UOP01-DEL06-PE"
209435;2019-05-14;"terça-feira";"08:00:00";"BA";407;132,1;"SENHOR DO BONFIM";"Falta de Atenção à Condução";"Colisão traseira";"Com Vítimas Feridas";"Pleno dia";"Decrescente";"Céu Claro";"Simples";"Declive";"Não";2;0;1;0;1;0;1;2;-10,502887;-40,155955;"SPRF-BA";"DEL04-BA";"UOP01-DEL04-BA"
209437;2019-05-14;"terça-feira";"07:20:00";"SC";280;168,2;"MAFRA";"Falta de Atenção à Condução";"Colisão com objeto estático";"Com Vítimas Feridas";"Pleno dia";"Decrescente";"Nublado";"Simples";"Curva;Aclive";"Sim";1;0;0;1;0;0;1;1;-26,1600847;-49,81588937;"SPRF-SC";"DEL06-SC";"UOP01-DEL06-SC"
209438;2019-05-14;"terça-feira";"08:15:00";"PI";343;597;"FLORIANO";"Não guardar distância de segurança";"Colisão traseira";"Com Vítimas Feridas";"Pleno dia";"Decrescente";"Céu Claro";"Dupla";"Reta";"Sim";4;0;0;1;3;0;1;2;-6,812184;-43,056244;"SPRF-PI";"DEL03-PI";"UOP01-DEL03-PI"
209439;2019-05-14;"terça-feira";"07:50:00";"PR";476;124,8;"CURITIBA";"Desobediência às normas de trânsito pelo condutor";"Colisão traseira";"Com Vítimas Feridas";"Pleno dia";"Crescente";"Céu Claro";"Múltipla";"Reta";"Sim";2;0;1;0;1;0;1;2;-25,399845;-49,215855;"SPRF-PR";"DEL01-PR";"UOP07-DEL01-PR"
209442;2019-03-29;"sexta-feira";"14:00:00";"MG";262;803;"UBERABA";"Falta de Atenção à Condução";"Colisão lateral";"Com Vítimas Feridas";"Pleno dia";"Crescente";"Céu Claro";"Dupla";"Reta";"Sim";1;0;1;0;0;0;1;1;-19,77509606;-47,97201785;"SPRF-MG";"DEL13-MG";"UOP01-DEL13-MG"
209443;2019-05-14;"terça-feira";"08:00:00";"SC";101;367,5;"ICARA";"Pista Escorregadia";"Saída de leito carroçável";"Sem Vítimas";"Pleno dia";"Crescente";"Chuva";"Dupla";"Reta";"Sim";1;0;0;0;1;0;0;1;-28,69145778;-49,16484911;"SPRF-SC";"DEL02-SC";"UOP01-DEL02-SC"
209444;2019-05-14;"terça-feira";"07:50:00";"PI";343;191;"PIRIPIRI";"Falta de Atenção à Condução";"Atropelamento de Animal";"Com Vítimas Feridas";"Pleno dia";"Crescente";"Céu Claro";"Simples";"Reta";"Não";1;0;1;0;0;0;1;1;-4,326797;-41,78846;"SPRF-PI";"DEL02-PI";"UOP01-DEL02-PI"
209445;2019-05-14;"terça-feira";"07:20:00";"RS";386;134;"SARANDI";"Falta de Atenção à Condução";"Colisão com objeto estático";"Com Vítimas Feridas";"Pleno dia";"Decrescente";"Nublado";"Simples";"Reta";"Sim";3;0;1;0;0;2;1;3;-27,953636;-52,916374;"SPRF-RS";"DEL08-RS";"UOP01-DEL08-RS"
209447;2019-04-12;"sexta-feira";"18:40:00";"SC";101;204;"SAO JOSE";"Falta de Atenção à Condução";"Queda de ocupante de veículo";"Com Vítimas Feridas";"Anoitecer";"Decrescente";"Ignorado";"Múltipla";"Reta";"Não";2;0;1;0;0;1;1;2;-27,5755207;-48,61338034;"SPRF-SC";"DEL01-SC";"UOP01-DEL01-SC"
209448;2019-05-14;"terça-feira";"05:15:00";"RO";364;600;"ITAPUA DO OESTE";"Falta de Atenção à Condução";"Saída de leito carroçável";"Com Vítimas Feridas";"Plena Noite";"Crescente";"Céu Claro";"Simples";"Reta";"Não";1;0;1;0;0;0;1;1;-9,22239207;-63,1713643;"SPRF-RO";"DEL03-RO";"UOP04-DEL01-RO"
209449;2019-04-10;"quarta-feira";"00:37:00";"MG";116;415,8;"GOVERNADOR VALADARES";"Falta de Atenção à Condução";"Tombamento";"Com Vítimas Feridas";"Plena Noite";"Decrescente";"Céu Claro";"Simples";"Reta";"Sim";1;0;0;1;0;0;1;1;-18,88401297;-41,94924399;"SPRF-MG";"DEL06-MG";"UOP01-DEL06-MG"
209450;2019-05-14;"terça-feira";"07:50:00";"RN";406;159;"CEARA-MIRIM";"Não guardar distância de segurança";"Colisão traseira";"Com Vítimas Feridas";"Pleno dia";"Decrescente";"Céu Claro";"Simples";"Reta";"Não";2;0;1;0;1;0;1;2;-5,7065959;-35,37766687;"SPRF-RN";"DEL02-RN";"UOP01-DEL02-RN"
209451;2019-05-14;"terça-feira";"09:10:00";"PR";376;4;"MANDAGUARI";"Falta de Atenção à Condução";"Colisão transversal";"Com Vítimas Feridas";"Pleno dia";"Crescente";"Céu Claro";"Simples";"Reta";"Sim";2;0;1;0;1;0;1;2;-23,5218113;-51,6796875;"SPRF-PR";"DEL07-PR";"UOP01-DEL09-PR"
209452;2019-03-23;"sábado";"05:50:00";"BA";242;783;"BARREIRAS";"Falta de Atenção à Condução";"Colisão traseira";"Com Vítimas Feridas";"Pleno dia";"Decrescente";"Céu Claro";"Simples";"Reta";"Não";2;0;1;0;1;0;1;2;-12,141131;-44,90172;"SPRF-BA";"DEL10-BA";"UOP01-DEL10-BA"
209456;2019-04-05;"sexta-feira";"16:50:00";"PR";277;75,2;"SAO JOSE DOS PINHAIS";"Falta de Atenção à Condução";"Colisão com objeto em movimento";"Com Vítimas Feridas";"Pleno dia";"Crescente";"Ignorado";"Dupla";"Reta";"Não";2;0;1;0;1;0;1;2;-25,49463079;-49,16579247;"SPRF-PR";"DEL01-PR";"UOP01-DEL01-PR"
209458;2019-05-14;"terça-feira";"10:00:00";"RN";226;3,9;"NATAL";"Falta de Atenção à Condução";"Colisão transversal";"Com Vítimas Feridas";"Pleno dia";"Crescente";"Céu Claro";"Simples";"Reta";"Sim";2;0;1;0;1;0;1;2;-5,82085671;-35,25187091;"SPRF-RN";"DEL01-RN";"UOP02-DEL01-RN"
209459;2019-05-10;"sexta-feira";"18:00:00";"RJ";493;112;"ITAGUAI";"Defeito na Via";"Capotamento";"Com Vítimas Feridas";"Plena Noite";"Decrescente";"Vento";"Dupla";"Reta";"Não";1;0;1;0;0;0;1;1;-22,814861;-43,80192;"SPRF-RJ";"DEL03-RJ";"UOP01-DEL03-RJ"
209461;2019-05-14;"terça-feira";"10:00:00";"SC";101;205,6;"SAO JOSE";"Falta de Atenção à Condução";"Colisão traseira";"Com Vítimas Feridas";"Pleno dia";"Decrescente";"Céu Claro";"Dupla";"Reta";"Sim";2;0;1;0;1;0;1;2;-27,58313237;-48,61532885;"SPRF-SC";"DEL01-SC";"UOP01-DEL01-SC"
209464;2019-05-14;"terça-feira";"10:10:00";"DF";40;2,1;"BRASILIA";"Falta de Atenção à Condução";"Colisão lateral";"Com Vítimas Feridas";"Pleno dia";"Crescente";"Céu Claro";"Dupla";"Reta";"Sim";2;0;0;1;1;0;1;2;-15,99435;-47,985947;"SPRF-DF";"DEL01-DF";"UOP01-DEL01-DF"
209465;2019-05-14;"terça-feira";"10:30:00";"PB";230;28;"JOAO PESSOA";"Falta de Atenção à Condução";"Saída de leito carroçável";"Com Vítimas Feridas";"Pleno dia";"Crescente";"Céu Claro";"Dupla";"Curva";"Sim";1;0;1;0;0;0;1;1;-7,1651;-34,8941;"SPRF-PB";"DEL01-PB";"UOP01-DEL01-PB"
209466;2019-05-14;"terça-feira";"10:45:00";"RJ";493;20;"MAGE";"Falta de Atenção à Condução";"Colisão transversal";"Com Vítimas Feridas";"Pleno dia";"Crescente";"Céu Claro";"Simples";"Reta";"Sim";2;0;1;0;1;0;1;2;-22,66364;-43,036495;"SPRF-RJ";"DEL04-RJ";"UOP02-DEL04-RJ"
209469;2019-05-14;"terça-feira";"10:50:00";"SE";101;182,7;"UMBAUBA";"Desobediência às normas de trânsito pelo condutor";"Colisão transversal";"Com Vítimas Feridas";"Pleno dia";"Crescente";"Nublado";"Simples";"Reta";"Sim";3;0;1;0;2;0;1;2;-11,37390377;-37,65552315;"SPRF-SE";"DEL02-SE";"UOP03-DEL02-SE"
209471;2019-05-14;"terça-feira";"10:30:00";"MG";381;863,6;"POUSO ALEGRE";"Velocidade Incompatível";"Saída de leito carroçável";"Sem Vítimas";"Pleno dia";"Crescente";"Sol";"Dupla";"Reta";"Sim";3;0;0;0;3;0;0;1;-22,381389;-45,94581;"SPRF-MG";"DEL16-MG";"UOP01-DEL16-MG"
209472;2019-05-14;"terça-feira";"10:00:00";"BA";324;614;"SALVADOR";"Falta de Atenção à Condução";"Colisão lateral";"Com Vítimas Feridas";"Pleno dia";"Decrescente";"Sol";"Dupla";"Reta";"Sim";2;0;1;0;1;0;1;2;-12,8639793;-38,42370126;"SPRF-BA";"DEL01-BA";"UOP01-DEL01-BA"
209473;2019-05-14;"terça-feira";"11:40:00";"PE";232;79;"GRAVATA";"Falta de Atenção à Condução";"Colisão lateral";"Com Vítimas Feridas";"Pleno dia";"Decrescente";"Céu Claro";"Dupla";"Reta";"Sim";2;0;1;0;1;0;1;2;-8,19495645;-35,56058764;"SPRF-PE";"DEL01-PE";"UOP02-DEL02PE"
209474;2019-05-14;"terça-feira";"12:05:00";"PR";376;105,8;"PARANAVAI";"Desobediência às normas de trânsito pelo condutor";"Colisão transversal";"Com Vítimas Feridas";"Pleno dia";"Crescente";"Nublado";"Dupla";"Reta";"Não";3;0;2;0;1;0;2;2;-23,05727163;-52,43920671;"SPRF-PR";"DEL07-PR";"UOP02-DEL09-PR"
209476;2019-05-14;"terça-feira";"11:40:00";"SC";470;17,2;"ILHOTA";"Não guardar distância de segurança";"Engavetamento";"Com Vítimas Feridas";"Pleno dia";"Decrescente";"Sol";"Simples";"Reta";"Não";3;0;1;0;2;0;1;3;-26,85030676;-48,80275548;"SPRF-SC";"DEL04-SC";"UOP04-DEL04-SC"
209479;2019-05-14;"terça-feira";"11:45:00";"SC";101;306,4;"LAGUNA";"Defeito Mecânico no Veículo";"Colisão com objeto estático";"Com Vítimas Feridas";"Pleno dia";"Crescente";"Chuva";"Dupla";"Reta";"Não";1;0;1;0;0;0;1;1;-28,38437001;-48,77113299;"SPRF-SC";"DEL02-SC";"UOP03-DEL02-SC"
209480;2019-04-29;"segunda-feira";"18:50:00";"RN";110;49,2;"MOSSORO";"Desobediência às normas de trânsito pelo condutor";"Colisão traseira";"Com Vítimas Feridas";"Plena Noite";"Decrescente";"Céu Claro";"Dupla";"Retorno Regulamentado";"Sim";2;0;2;0;0;0;2;2;-5,21645975;-37,32927128;"SPRF-RN";"DEL04-RN";"UOP01-DEL04-RN"
209482;2019-05-14;"terça-feira";"12:00:00";"RO";364;340;"JI-PARANA";"Desobediência às normas de trânsito pelo condutor";"Colisão transversal";"Com Vítimas Feridas";"Pleno dia";"Decrescente";"Céu Claro";"Múltipla";"Interseção de Vias";"Sim";4;0;2;0;2;0;2;2;-10,898802;-61,93046;"SPRF-RO";"DEL02-RO";"UOP01-DEL02-RO"
209483;2019-05-14;"terça-feira";"13:00:00";"ES";101;267;"SERRA";"Falta de Atenção do Pedestre";"Atropelamento de Pedestre";"Com Vítimas Feridas";"Pleno dia";"Crescente";"Céu Claro";"Múltipla";"Reta";"Sim";2;0;0;1;1;0;1;2;-20,19930999;-40,26884609;"SPRF-ES";"DEL02-ES";"UOP01-DEL02-ES"
209487;2019-05-14;"terça-feira";"13:15:00";"ES";101;301,5;"VIANA";"Desobediência às normas de trânsito pelo condutor";"Colisão transversal";"Com Vítimas Feridas";"Pleno dia";"Decrescente";"Céu Claro";"Dupla";"Reta";"Sim";3;0;1;0;2;0;1;2;-20,36546391;-40,44354379;"SPRF-ES";"DEL01-ES";"UOP01-DEL01-ES"
209490;2019-05-14;"terça-feira";"13:40:00";"GO";40;2,1;"VALPARAISO DE GOIAS";"Falta de Atenção do Pedestre";"Atropelamento de Pedestre";"Com Vítimas Feridas";"Pleno dia";"Crescente";"Céu Claro";"Dupla";"Reta";"Sim";2;0;2;0;0;0;2;2;-16,067129;-47,984235;"SPRF-DF";"DEL01-DF";"UOP01-DEL01-DF"