"id";"data_inversa";"dia_semana";"horario";"uf";"br";"km";"municipio";"causa_acidente";"tipo_acidente";"classificacao_acidente";"fase_dia";"sentido_via";"condicao_metereologica";"tipo_pista";"tracado_via";"uso_solo";"pessoas";"mortos";"feridos_leves";"feridos_graves";"ilesos";"ignorados";"feridos";"veiculos";"latitude";"longitude";"regional";"delegacia";"uop"
209609;2019-05-15;"quarta-feira";"07:00:00";"PR";277;83;"CURITIBA";"Desobediência às normas de trânsito pelo condutor";"Colisão lateral";"Com Vítimas Feridas";"Pleno dia";"Decrescente";"Garoa/Chuvisco";"Dupla";"Reta";"Não";2;0;1;0;1;0;1;2;-25,568939;-49,181978;"SPRF-PR";"DEL01-PR";"UOP07-DEL01-PR"
209610;2019-05-15;"quarta-feira";"07:35:00";"MG";365;625;"UBERLANDIA";"Falta de Atenção do Pedestre";"Tombamento";"Com Vítimas Feridas";"Pleno dia";"Crescente";"Sol";"Dupla";"Curva";"Sim";1;0;1;0;0;0;1;1;-18,91003;-48,30346;"SPRF-MG";"DEL15-MG";"UOP01-DEL15-MG"
209611;2019-05-15;"quarta-feira";"07:20:00";"RS";290;26;"SANTO ANTONIO DA PATRULHA";"Pista Escorregadia";"Saída de leito carroçável";"Sem Vítimas";"Pleno dia";"Decrescente";"Nublado";"Simples";"Curva";"Não";1;0;0;0;1;0;0;1;-29,880135;-50,514297;"SPRF-RS";"DEL03-RS";"UOP01-DEL03-RS"
209612;2019-05-15;"quarta-feira";"07:35:00";"GO";40;1,9;"VALPARAISO DE GOIAS";"Falta de Atenção à Condução";"Queda de ocupante de veículo";"Com Vítimas Feridas";"Pleno dia";"Decrescente";"Céu Claro";"Dupla";"Desvio Temporário";"Sim";2;0;1;0;1;0;1;1;-16,058245;-47,982825;"SPRF-DF";"DEL01-DF";"UOP01-DEL01-DF"
209613;2019-05-15;"quarta-feira";"06:30:00";"RS";386;404,8;"TRIUNFO";"Condutor Dormindo";"Saída de leito carroçável";"Com Vítimas Feridas";"Plena Noite";"Crescente";"Chuva";"Dupla";"Reta;Declive";"Não";42;0;1;0;41;0;1;1;-29,773928;-51,570385;"SPRF-RS";"DEL04-RS";"UOP02-DEL04-RS"
209616;2019-05-15;"quarta-feira";"08:10:00";"ES";101;316;"VILA VELHA";"Falta de Atenção à Condução";"Colisão transversal";"Com Vítimas Feridas";"Pleno dia";"Crescente";"Sol";"Simples";"Reta";"Não";3;0;1;0;2;0;1;2;-20,47804112;-40,47130769;"SPRF-ES";"DEL03-ES";"UOP01-DEL03-ES"
209618;2019-05-15;"quarta-feira";"08:01:00";"SP";116;207;"GUARULHOS";"Desobediência às normas de trânsito pelo condutor";"Colisão traseira";"Com Vítimas Feridas";"Pleno dia";"Decrescente";"Céu Claro";"Dupla";"Reta";"Sim";3;0;1;0;1;1;1;3;-23,41972188;-46,38419203;"SPRF-SP";"DEL01-SP";"UOP01-DEL01-SP"
209619;2019-05-15;"quarta-feira";"08:00:00";"PR";277;7,7;"PARANAGUA";"Falta de Atenção à Condução";"Colisão frontal";"Com Vítimas Feridas";"Pleno dia";"Decrescente";"Nublado";"Simples";"Interseção de Vias";"Sim";2;0;1;0;1;0;1;2;-25,5205;-48,5095;"SPRF-PR";"DEL01-PR";"UOP05-DEL01-PR"
209620;2019-05-15;"quarta-feira";"07:50:00";"SP";116;219;"GUARULHOS";"Falta de Atenção à Condução";"Colisão traseira";"Com Vítimas Feridas";"Pleno dia";"Crescente";"Nublado";"Múltipla";"Reta";"Sim";2;0;1;0;0;1;1;2;-23,46143954;-46,48885316;"SPRF-SP";"DEL01-SP";"UOP01-DEL01-SP"
209621;2019-05-15;"quarta-feira";"08:35:00";"MT";163;691;"LUCAS DO RIO VERDE";"Falta de Atenção à Condução";"Colisão lateral";"Com Vítimas Feridas";"Pleno dia";"Crescente";"Céu Claro";"Simples";"Interseção de Vias";"Sim";2;0;1;0;1;0;1;2;-13,05386;-55,91093;"SPRF-MT";"DEL06-MT";"UOP01-DEL06-MT"
209622;2019-05-15;"quarta-feira";"08:00:00";"SP";153;318,4;"RIBEIRAO DO SUL";"Objeto estático sobre o leito carroçável";"Colisão com objeto estático";"Com Vítimas Feridas";"Pleno dia";"Decrescente";"Nublado";"Simples";"Reta";"Não";1;0;1;0;0;0;1;1;-22,742287;-49,8896894;"SPRF-SP";"DEL07-SP";"UOP03-DEL07-SP"
209623;2019-05-15;"quarta-feira";"09:30:00";"PR";369;195,4;"ARAPONGAS";"Desobediência às normas de trânsito pelo condutor";"Colisão transversal";"Com Vítimas Feridas";"Pleno dia";"Decrescente";"Céu Claro";"Dupla";"Reta";"Não";2;0;0;1;1;0;1;2;-23,50316911;-51,4244163;"SPRF-PR";"DEL07-PR";"UOP03-DEL07-PR"
209624;2019-05-15;"quarta-feira";"09:40:00";"GO";153;508,1;"APARECIDA DE GOIANIA";"Não guardar distância de segurança";"Queda de ocupante de veículo";"Com Vítimas Feridas";"Pleno dia";"Decrescente";"Céu Claro";"Dupla";"Reta;Aclive";"Sim";2;0;0;1;0;1;1;2;-16,7804;-49,2371;"SPRF-GO";"DEL01-GO";"UOP03-DEL01-GO"
209627;2019-05-15;"quarta-feira";"09:05:00";"RJ";101;417;"ITAGUAI";"Não guardar distância de segurança";"Colisão frontal";"Com Vítimas Feridas";"Pleno dia";"Crescente";"Chuva";"Simples";"Curva";"Não";3;0;3;0;0;0;3;2;-22,91293797;-43,89732384;"SPRF-RJ";"DEL03-RJ";"UOP01-DEL03-RJ"
209628;2019-05-15;"quarta-feira";"09:34:00";"SC";101;220,1;"PALHOCA";"Velocidade Incompatível";"Tombamento";"Com Vítimas Feridas";"Pleno dia";"Decrescente";"Nublado";"Simples";"Curva";"Sim";1;0;1;0;0;0;1;1;-27,69198941;-48,66368358;"SPRF-SC";"DEL01-SC";"UOP02-DEL01-SC"
209631;2019-05-15;"quarta-feira";"09:00:00";"GO";158;273;"JATAI";"Desobediência às normas de trânsito pelo condutor";"Colisão lateral";"Sem Vítimas";"Pleno dia";"Decrescente";"Nublado";"Simples";"Reta";"Sim";3;0;0;0;3;0;0;2;-17,88983451;-51,73732875;"SPRF-GO";"DEL05-GO";"UOP01-DEL05-GO"
209633;2019-05-15;"quarta-feira";"10:10:00";"SP";116;216,2;"GUARULHOS";"Desobediência às normas de trânsito pelo pedestre";"Atropelamento de Pedestre";"Com Vítimas Feridas";"Pleno dia";"Decrescente";"Nublado";"Múltipla";"Reta";"Não";2;0;0;1;0;1;1;2;-23,45056589;-46,46258105;"SPRF-SP";"DEL01-SP";"UOP01-DEL01-SP"
209634;2019-05-12;"domingo";"18:32:00";"RR";174;498;"BOA VISTA";"Falta de Atenção à Condução";"Saída de leito carroçável";"Com Vítimas Feridas";"Plena Noite";"Decrescente";"Garoa/Chuvisco";"Dupla";"Reta";"Não";1;0;1;0;0;0;1;1;2,767734;-60,720005;"SPRF-RR";"DEL01-RR";"UOP01-DEL01-RR"
209635;2019-05-15;"quarta-feira";"10:30:00";"SC";282;5;"SAO JOSE";"Falta de Atenção à Condução";"Queda de ocupante de veículo";"Com Vítimas Feridas";"Pleno dia";"Decrescente";"Céu Claro";"Dupla";"Reta";"Sim";1;0;1;0;0;0;1;1;-27,588425;-48,612919;"SPRF-SC";"DEL01-SC";"UOP01-DEL01-SC"
209637;2019-05-15;"quarta-feira";"09:40:00";"MS";163;474,9;"CAMPO GRANDE";"Falta de Atenção à Condução";"Colisão transversal";"Com Vítimas Feridas";"Pleno dia";"Decrescente";"Céu Claro";"Simples";"Reta";"Sim";7;0;3;0;4;0;3;2;-20,51982507;-54,56806183;"SPRF-MS";"DEL01-MS";"UOP01-DEL01-MS"
209638;2019-05-15;"quarta-feira";"08:45:00";"SC";101;416,4;"ARARANGUA";"Desobediência às normas de trânsito pelo condutor";"Colisão transversal";"Sem Vítimas";"Pleno dia";"Decrescente";"Céu Claro";"Simples";"Reta";"Sim";2;0;0;0;2;0;0;2;-28,96708874;-49,52338825;"SPRF-SC";"DEL02-SC";"UOP02-DEL02-SC"
209640;2019-05-15;"quarta-feira";"10:00:00";"MG";40;544,9;"NOVA LIMA";"Pista Escorregadia";"Saída de leito carroçável";"Com Vítimas Feridas";"Pleno dia";"Crescente";"Chuva";"Dupla";"Curva";"Sim";1;0;0;1;0;0;1;1;-19,99848032;-43,96256558;"SPRF-MG";"DEL01-MG";"UOP02-DEL01-MG"
209643;2019-05-15;"quarta-feira";"10:25:00";"RS";290;4;"OSORIO";"Pista Escorregadia";"Saída de leito carroçável";"Com Vítimas Feridas";"Pleno dia";"Decrescente";"Chuva";"Dupla";"Reta";"Não";1;0;1;0;0;0;1;1;-29,898134;-50,31419;"SPRF-RS";"DEL03-RS";"UOP01-DEL03-RS"
209644;2019-05-15;"quarta-feira";"09:45:00";"SC";101;438,3;"SOMBRIO";"Falta de Atenção à Condução";"Colisão traseira";"Com Vítimas Feridas";"Pleno dia";"Decrescente";"Nublado";"Dupla";"Declive";"Não";3;0;1;0;2;0;1;2;-29,12329351;-49,64670312;"SPRF-SC";"DEL02-SC";"UOP02-DEL02-SC"
209648;2019-05-15;"quarta-feira";"11:40:00";"SP";116;230;"SAO PAULO";"Não guardar distância de segurança";"Colisão lateral";"Com Vítimas Feridas";"Pleno dia";"Crescente";"Nublado";"Múltipla";"Aclive";"Sim";2;0;1;0;1;0;1;2;-23,52251783;-46,5855702;"SPRF-SP";"DEL01-SP";"UOP01-DEL01-SP"
209649;2019-05-15;"quarta-feira";"12:00:00";"RS";158;390;"DILERMANDO DE AGUIAR";"Condutor Dormindo";"Capotamento";"Com Vítimas Feridas";"Pleno dia";"Crescente";"Céu Claro";"Simples";"Curva";"Não";2;0;2;0;0;0;2;1;-29,92770012;-54,34057799;"SPRF-RS";"DEL09-RS";"UOP01-DEL09-RS"
209650;2019-05-15;"quarta-feira";"12:00:00";"PB";230;1,5;"CABEDELO";"Desobediência às normas de trânsito pelo condutor";"Colisão transversal";"Com Vítimas Feridas";"Pleno dia";"Decrescente";"Céu Claro";"Simples";"Reta";"Sim";2;0;1;0;1;0;1;2;-6,9753;-34,8318;"SPRF-PB";"DEL01-PB";"UOP01-DEL01-PB"
209652;2019-05-15;"quarta-feira";"12:15:00";"PR";116;153,2;"MANDIRITUBA";"Falta de Atenção à Condução";"Colisão traseira";"Com Vítimas Feridas";"Pleno dia";"Decrescente";"Garoa/Chuvisco";"Simples";"Curva;Declive";"Sim";2;0;1;0;1;0;1;2;-25,86779648;-49,36476946;"SPRF-PR";"DEL01-PR";"UOP03-DEL01-PR"
209654;2019-05-15;"quarta-feira";"12:20:00";"PR";277;98,5;"CURITIBA";"Defeito Mecânico no Veículo";"Tombamento";"Com Vítimas Feridas";"Pleno dia";"Decrescente";"Chuva";"Dupla";"Reta";"Sim";1;0;1;0;0;0;1;1;-25,540113;-49,311317;"SPRF-PR";"DEL01-PR";"UOP06-DEL01-PR"
209656;2019-05-15;"quarta-feira";"13:00:00";"ES";101;307,6;"VIANA";"Objeto estático sobre o leito carroçável";"Tombamento";"Com Vítimas Feridas";"Pleno dia";"Crescente";"Nublado";"Simples";"Reta";"Não";1;0;1;0;0;0;1;1;-20,39978524;-40,45604748;"SPRF-ES";"DEL03-ES";"UOP01-DEL03-ES"
209657;2019-05-15;"quarta-feira";"09:30:00";"RO";364;425;"JARU";"Falta de Atenção à Condução";"Colisão transversal";"Com Vítimas Feridas";"Pleno dia";"Crescente";"Céu Claro";"Simples";"Reta";"Não";2;0;2;0;0;0;2;2;-10,43752488;-62,47169791;"SPRF-RO";"DEL03-RO";"UOP02-DEL03-RO"
209658;2019-05-15;"quarta-feira";"11:40:00";"RJ";465;0,6;"SEROPEDICA";"Falta de Atenção à Condução";"Colisão transversal";"Com Vítimas Feridas";"Pleno dia";"Crescente";"Chuva";"Simples";"Reta";"Sim";4;0;1;0;3;0;1;2;-22,713446;-43,734077;"SPRF-RJ";"DEL01-RJ";"UOP01-DEL01-MS"
209659;2019-05-15;"quarta-feira";"12:50:00";"RS";470;163,6;"VILA FLORES";"Falta de Atenção à Condução";"Colisão traseira";"Com Vítimas Feridas";"Pleno dia";"Decrescente";"Céu Claro";"Simples";"Reta";"Sim";2;0;1;0;1;0;1;2;-28,82755543;-51,58058532;"SPRF-RS";"DEL06-RS";"UOP02-DEL06-RS"
209660;2019-05-15;"quarta-feira";"14:00:00";"PR";369;143,4;"LONDRINA";"Falta de Atenção do Pedestre";"Atropelamento de Pedestre";"Com Vítimas Feridas";"Pleno dia";"Decrescente";"Céu Claro";"Dupla";"Interseção de Vias;Reta";"Sim";2;0;0;2;0;0;2;2;-23,29281753;-51,09670401;"SPRF-PR";"DEL07-PR";"UOP01-DEL07-PR"
209665;2019-05-15;"quarta-feira";"13:30:00";"MS";163;484,4;"CAMPO GRANDE";"Falta de Atenção à Condução";"Colisão lateral";"Com Vítimas Feridas";"Pleno dia";"Decrescente";"Sol";"Simples";"Reta";"Sim";3;0;2;0;1;0;2;2;-20,4474;-54,54107;"SPRF-MS";"DEL01-MS";"UOP02-DEL01-MS"
209666;2019-05-15;"quarta-feira";"11:20:00";"SC";280;19,5;"ARAQUARI";"Ultrapassagem Indevida";"Colisão frontal";"Com Vítimas Feridas";"Pleno dia";"Crescente";"Chuva";"Simples";"Reta";"Não";3;0;2;0;1;0;2;2;-26,36954204;-48,67620349;"SPRF-SC";"DEL03-SC";"UOP03-DEL03-SC"
209667;2019-05-15;"quarta-feira";"13:15:00";"RO";364;239,2;"CACOAL";"Desobediência às normas de trânsito pelo condutor";"Colisão transversal";"Com Vítimas Feridas";"Pleno dia";"Crescente";"Céu Claro";"Simples";"Reta";"Sim";3;0;0;1;2;0;1;2;-11,43365324;-61,46369934;"SPRF-RO";"DEL02-RO";"UOP02-DEL02-RO"
209668;2019-05-15;"quarta-feira";"12:45:00";"PB";104;113;"LAGOA SECA";"Ingestão de Álcool";"Colisão traseira";"Sem Vítimas";"Pleno dia";"Crescente";"Céu Claro";"Simples";"Reta";"Sim";2;0;0;0;2;0;0;2;-7,15342626;-35,85241772;"SPRF-PB";"DEL02-PB";"UOP04-DEL02-PB"
209670;2019-05-15;"quarta-feira";"13:50:00";"DF";40;5,9;"BRASILIA";"Não guardar distância de segurança";"Colisão traseira";"Sem Vítimas";"Pleno dia";"Crescente";"Céu Claro";"Dupla";"Curva";"Não";2;0;0;0;2;0;0;2;-16,02771064;-47,97879696;"SPRF-DF";"DEL01-DF";"UOP01-DEL01-DF"
209671;2019-05-15;"quarta-feira";"12:20:00";"BA";324;602;"SIMOES FILHO";"Avarias e/ou desgaste excessivo no pneu";"Capotamento";"Com Vítimas Feridas";"Pleno dia";"Decrescente";"Chuva";"Dupla";"Reta";"Sim";2;0;2;0;0;0;2;1;-12,76402892;-38,42393483;"SPRF-BA";"DEL01-BA";"UOP01-DEL01-BA"
209672;2019-05-15;"quarta-feira";"11:00:00";"RJ";40;97,1;"DUQUE DE CAXIAS";"Velocidade Incompatível";"Capotamento";"Com Vítimas Feridas";"Pleno dia";"Crescente";"Chuva";"Dupla";"Declive";"Não";2;0;1;0;1;0;1;1;-22,57356181;-43,27802893;"SPRF-RJ";"DEL06-RJ";"UOP01-DEL06-RJ"
209673;2019-05-11;"sábado";"08:30:00";"SP";116;413;"JUQUIA";"Velocidade Incompatível";"Saída de leito carroçável";"Com Vítimas Feridas";"Pleno dia";"Decrescente";"Nublado";"Dupla";"Curva";"Não";1;0;1;0;0;0;1;1;-24,33005991;-47,62299901;"SPRF-SP";"DEL05-SP";"UOP01-DEL05-SP"
209674;2019-05-15;"quarta-feira";"13:31:00";"RJ";40;86,8;"PETROPOLIS";"Velocidade Incompatível";"Colisão com objeto estático";"Com Vítimas Feridas";"Pleno dia";"Decrescente";"Chuva";"Simples";"Aclive";"Não";2;0;2;0;0;0;2;1;-22,53575484;-43,23295774;"SPRF-RJ";"DEL06-RJ";"UOP01-DEL06-RJ"
209675;2019-05-15;"quarta-feira";"14:50:00";"MG";381;360;"SAO GONCALO DO RIO ABAIXO";"Pista Escorregadia";"Saída de leito carroçável";"Com Vítimas Feridas";"Pleno dia";"Decrescente";"Chuva";"Simples";"Curva";"Não";1;0;0;1;0;0;1;1;-19,85985912;-43,22566968;"SPRF-MG";"DEL03-MG";"UOP01-DEL03-MG"
209678;2019-05-15;"quarta-feira";"12:45:00";"RO";364;713;"PORTO VELHO";"Pista Escorregadia";"Tombamento";"Com Vítimas Feridas";"Pleno dia";"Crescente";"Céu Claro";"Dupla";"Rotatória";"Sim";1;0;1;0;0;0;1;1;-8,78474197;-63,89736204;"SPRF-RO";"DEL01-RO";"UOP01-DEL01-RO"
209679;2019-05-15;"quarta-feira";"11:50:00";"SC";282;276;"SAO JOSE DO CERRITO";"Velocidade Incompatível";"Saída de leito carroçável";"Com Vítimas Feridas";"Pleno dia";"Decrescente";"Sol";"Múltipla";"Curva";"Não";4;0;3;0;1;0;3;1;-27,602106;-50,727554;"SPRF-SC";"DEL05-SC";"UOP02-DEL05-SC"
209681;2019-05-15;"quarta-feira";"12:45:00";"MG";116;715;"MURIAE";"Pista Escorregadia";"Colisão lateral";"Com Vítimas Feridas";"Pleno dia";"Decrescente";"Chuva";"Simples";"Curva;Declive";"Não";3;0;1;0;2;0;1;2;-21,20407381;-42,3892452;"SPRF-MG";"DEL07-MG";"UOP02-DEL07-MG"
209682;2019-05-15;"quarta-feira";"15:20:00";"SP";116;323,8;"JUQUITIBA";"Pista Escorregadia";"Tombamento";"Com Vítimas Feridas";"Pleno dia";"Crescente";"Chuva";"Dupla";"Reta";"Sim";1;0;1;0;0;0;1;1;-23,93663197;-47,03568002;"SPRF-SP";"DEL04-SP";"UOP03-DEL04-SP"
209683;2019-05-15;"quarta-feira";"15:00:00";"MG";40;460;"SETE LAGOAS";"Falta de Atenção à Condução";"Colisão traseira";"Com Vítimas Feridas";"Pleno dia";"Crescente";"Chuva";"Dupla";"Aclive;Curva";"Não";2;0;1;0;1;0;1;2;-19,39770694;-44,33528916;"SPRF-MG";"DEL02-MG";"UOP01-DEL02-MG"
209684;2019-05-15;"quarta-feira";"15:15:00";"PR";376;657,8;"TIJUCAS DO SUL";"Velocidade Incompatível";"Capotamento";"Com Vítimas Feridas";"Pleno dia";"Decrescente";"Chuva";"Dupla";"Curva";"Não";4;0;3;0;1;0;3;1;-25,85232468;-49,03032776;"SPRF-PR";"DEL01-PR";"UOP04-DEL01-PR"
209689;2019-05-15;"quarta-feira";"14:50:00";"SP";116;133;"CACAPAVA";"Falta de Atenção à Condução";"Tombamento";"Com Vítimas Feridas";"Pleno dia";"Crescente";"Céu Claro";"Dupla";"Reta";"Sim";1;0;1;0;0;0;1;1;-23,1359564;-45,7532708;"SPRF-SP";"DEL06-SP";"UOP02-DEL02-SP"
209691;2019-05-15;"quarta-feira";"14:40:00";"RN";427;96;"CAICO";"Falta de Atenção à Condução";"Colisão frontal";"Com Vítimas Feridas";"Pleno dia";"Crescente";"Céu Claro";"Simples";"Reta";"Sim";2;0;0;1;1;0;1;2;-6,47209102;-37,07715101;"SPRF-RN";"DEL03-RN";"UOP01-DEL03-RN"
209694;2019-05-15;"quarta-feira";"14:15:00";"SC";116;4,1;"MAFRA";"Falta de Atenção à Condução";"Colisão frontal";"Com Vítimas Feridas";"Pleno dia";"Decrescente";"Garoa/Chuvisco";"Simples";"Reta";"Não";2;0;1;0;1;0;1;2;-26,13554917;-49,8072652;"SPRF-SC";"DEL06-SC";"UOP01-DEL06-SC"
209695;2019-05-15;"quarta-feira";"15:30:00";"MG";381;533;"ITATIAIUCU";"Falta de Atenção à Condução";"Capotamento";"Com Vítimas Feridas";"Pleno dia";"Crescente";"Chuva";"Dupla";"Curva";"Não";2;0;1;0;1;0;1;1;-20,19896036;-44,38641307;"SPRF-MG";"DEL04-MG";"UOP03-DEL04-MG"
209696;2019-05-15;"quarta-feira";"16:20:00";"MG";262;182;"SAO DOMINGOS DO PRATA";"Velocidade Incompatível";"Saída de leito carroçável";"Com Vítimas Feridas";"Pleno dia";"Crescente";"Garoa/Chuvisco";"Simples";"Curva";"Não";2;0;0;2;0;0;2;1;-19,91552642;-43,01390115;"SPRF-MG";"DEL03-MG";"UOP01-DEL03-MG"
209698;2019-05-15;"quarta-feira";"16:10:00";"SP";116;273,1;"TABOAO DA SERRA";"Desobediência às normas de trânsito pelo condutor";"Tombamento";"Com Vítimas Feridas";"Pleno dia";"Decrescente";"Nublado";"Dupla";"Reta";"Sim";1;0;1;0;0;0;1;1;-23,62809795;-46,81870306;"SPRF-SP";"DEL04-SP";"UOP01-DEL04-SP"
209699;2019-05-15;"quarta-feira";"15:45:00";"DF";70;6,5;"BRASILIA";"Falta de Atenção à Condução";"Colisão traseira";"Com Vítimas Feridas";"Pleno dia";"Decrescente";"Céu Claro";"Dupla";"Reta;Declive";"Sim";2;0;1;0;1;0;1;2;-15,791242;-48,105759;"SPRF-DF";"DEL01-DF";"UOP02-DEL03-DF"
209703;2019-05-15;"quarta-feira";"17:15:00";"GO";153;499,6;"GOIANIA";"Velocidade Incompatível";"Colisão traseira";"Com Vítimas Feridas";"Anoitecer";"Crescente";"Céu Claro";"Dupla";"Reta;Viaduto";"Sim";2;0;0;1;1;0;1;2;-16,7033;-49,2311;"SPRF-GO";"DEL01-GO";"UOP01-DEL01-GO"
209705;2019-05-15;"quarta-feira";"18:05:00";"PE";101;93,9;"CABO DE SANTO AGOSTINHO";"Ingestão de Álcool";"Colisão transversal";"Com Vítimas Feridas";"Plena Noite";"Crescente";"Céu Claro";"Simples";"Reta";"Sim";2;0;1;0;1;0;1;2;-8,2396419;-35,00335418;"SPRF-PE";"DEL01-PE";"UOP03-DEL01-PE"
209707;2019-05-15;"quarta-feira";"18:00:00";"MG";262;354;"BETIM";"Não guardar distância de segurança";"Colisão traseira";"Com Vítimas Feridas";"Anoitecer";"Decrescente";"Garoa/Chuvisco";"Dupla";"Curva";"Não";2;0;1;0;1;0;1;2;-19,96216513;-44,16346396;"SPRF-MG";"DEL01-MG";"UOP03-DEL01-MG"
209708;2019-05-15;"quarta-feira";"17:40:00";"MG";262;545;"LUZ";"Pista Escorregadia";"Saída de leito carroçável";"Com Vítimas Feridas";"Anoitecer";"Decrescente";"Chuva";"Simples";"Curva";"Não";5;0;5;0;0;0;5;1;-19,74135904;-45,84378401;"SPRF-MG";"DEL08-MG";"UOP02-DEL08-MG"
209709;2019-05-15;"quarta-feira";"15:40:00";"SC";280;128;"RIO NEGRINHO";"Desobediência às normas de trânsito pelo condutor";"Colisão transversal";"Com Vítimas Feridas";"Pleno dia";"Crescente";"Nublado";"Simples";"Curva";"Sim";2;0;1;0;1;0;1;2;-26,25154642;-49,52702701;"SPRF-SC";"DEL06-SC";"UOP03-DEL06-SC"
209711;2019-05-15;"quarta-feira";"17:50:00";"MS";163;265,6;"DOURADOS";"Desobediência às normas de trânsito pelo pedestre";"Atropelamento de Pedestre";"Com Vítimas Feridas";"Plena Noite";"Decrescente";"Nublado";"Dupla";"Reta";"Sim";3;0;0;3;0;0;3;3;-22,2202917;-54,72549769;"SPRF-MS";"DEL04-MS";"UOP01-DEL04-MS"
209712;2019-05-15;"quarta-feira";"18:20:00";"PR";369;186;"ARAPONGAS";"Não guardar distância de segurança";"Colisão transversal";"Com Vítimas Feridas";"Plena Noite";"Crescente";"Nublado";"Simples";"Interseção de Vias;Reta";"Sim";2;0;1;0;1;0;1;2;-23,41550086;-51,42714679;"SPRF-PR";"DEL07-PR";"UOP03-DEL07-PR"
209715;2019-05-15;"quarta-feira";"17:20:00";"PE";407;129;"PETROLINA";"Falta de Atenção à Condução";"Colisão traseira";"Com Vítimas Feridas";"Pleno dia";"Crescente";"Céu Claro";"Dupla";"Ponte";"Não";2;0;1;0;1;0;1;2;-9,40623398;-40,50459087;"SPRF-PE";"DEL06-PE";"UOP01-DEL06-PE"
209716;2019-05-15;"quarta-feira";"15:59:00";"AC";364;124;"RIO BRANCO";"Velocidade Incompatível";"Queda de ocupante de veículo";"Com Vítimas Feridas";"Pleno dia";"Crescente";"Céu Claro";"Dupla";"Curva";"Sim";2;0;2;0;0;0;2;1;-10,01152469;-67,79140099;"SPRF-AC";"DEL01-AC";"UOP01-DEL01-AC"
209717;2019-05-15;"quarta-feira";"19:15:00";"PE";232;130,5;"CARUARU";"Desobediência às normas de trânsito pelo condutor";"Colisão transversal";"Com Vítimas Feridas";"Plena Noite";"Crescente";"Céu Claro";"Dupla";"Reta";"Sim";2;0;2;0;0;0;2;2;-8,29983303;-35,989662;"SPRF-PE";"DEL02-PE";"UOP03-DEL02-PE"
209718;2019-05-15;"quarta-feira";"18:25:00";"PI";343;10,6;"PARNAIBA";"Falta de Atenção à Condução";"Colisão transversal";"Com Vítimas Feridas";"Plena Noite";"Crescente";"Céu Claro";"Simples";"Interseção de Vias";"Sim";2;0;1;0;1;0;1;2;-2,902034;-41,741646;"SPRF-PI";"DEL05-PI";"UOP01-DEL05-PI"
209719;2019-05-15;"quarta-feira";"19:20:00";"MT";70;37;"BARRA DO GARCAS";"Defeito na Via";"Saída de leito carroçável";"Com Vítimas Feridas";"Plena Noite";"Crescente";"Céu Claro";"Simples";"Em Obras";"Não";2;0;1;0;1;0;1;1;-15,77588481;-52,537061;"SPRF-MT";"DEL07-MT";"UOP01-DEL07-MT"
209720;2019-05-15;"quarta-feira";"18:40:00";"RS";285;456,7;"IJUI";"Desobediência às normas de trânsito pelo condutor";"Colisão transversal";"Com Vítimas Feridas";"Plena Noite";"Crescente";"Céu Claro";"Simples";"Interseção de Vias";"Sim";2;0;0;1;1;0;1;2;-28,385244;-53,888424;"SPRF-RS";"DEL10-RS";"UOP01-DEL10-RS"
209721;2019-05-15;"quarta-feira";"11:30:00";"PE";428;191;"PETROLINA";"Desobediência às normas de trânsito pelo condutor";"Colisão traseira";"Com Vítimas Feridas";"Pleno dia";"Decrescente";"Céu Claro";"Dupla";"Reta";"Sim";3;0;1;0;2;0;1;3;-9,37766429;-40,50269795;"SPRF-PE";"DEL06-PE";"UOP01-DEL06-PE"
209722;2019-05-15;"quarta-feira";"19:40:00";"PA";316;55;"CASTANHAL";"Defeito na Via";"Tombamento";"Com Vítimas Feridas";"Plena Noite";"Decrescente";"Céu Claro";"Dupla";"Reta";"Não";2;0;1;1;0;0;2;1;-1,30561339;-47,99919919;"SPRF-PA";"DEL01-PA";"UOP01-DEL01-PA"
209723;2019-05-15;"quarta-feira";"19:30:00";"RS";116;259,8;"CANOAS";"Não guardar distância de segurança";"Colisão traseira";"Sem Vítimas";"Anoitecer";"Crescente";"Céu Claro";"Múltipla";"Reta";"Sim";2;0;0;0;2;0;0;2;-29,870408;-51,179909;"SPRF-RS";"DEL01-RS";"UOP01-DEL01-RS"
209725;2019-05-15;"quarta-feira";"18:39:00";"RO";364;706;"PORTO VELHO";"Falta de Atenção do Pedestre";"Atropelamento de Pedestre";"Com Vítimas Feridas";"Plena Noite";"Decrescente";"Céu Claro";"Dupla";"Curva";"Sim";2;0;0;1;1;0;1;2;-8,80030539;-63,823428;"SPRF-RO";"DEL01-RO";"UOP01-DEL01-RO"
209726;2019-05-15;"quarta-feira";"16:40:00";"SC";116;32,4;"ITAIOPOLIS";"Falta de Atenção à Condução";"Saída de leito carroçável";"Com Vítimas Feridas";"Pleno dia";"Decrescente";"Céu Claro";"Simples";"Reta";"Não";2;0;2;0;0;0;2;1;-26,32181178;-49,97952713;"SPRF-SC";"DEL06-SC";"UOP01-DEL06-SC"