"id";"data_inversa";"dia_semana";"horario";"uf";"br";"km";"municipio";"causa_acidente";"tipo_acidente";"classificacao_acidente";"fase_dia";"sentido_via";"condicao_metereologica";"tipo_pista";"tracado_via";"uso_solo";"pessoas";"mortos";"feridos_leves";"feridos_graves";"ilesos";"ignorados";"feridos";"veiculos";"latitude";"longitude";"regional";"delegacia";"uop"
209849;2019-05-16;"quinta-feira";"13:45:00";"MS";60;516,5;"NIOAQUE";"Falta de Atenção à Condução";"Saída de leito carroçável";"Com Vítimas Feridas";"Pleno dia";"Decrescente";"Céu Claro";"Simples";"Reta";"Não";3;0;1;1;1;0;2;1;-21,17477404;-55,6368241;"SPRF-MS";"DEL05-MS";"UOP01-DEL05-MS"
209850;2019-05-16;"quinta-feira";"13:56:00";"PR";116;14;"CAMPINA GRANDE DO SUL";"Falta de Atenção à Condução";"Saída de leito carroçável";"Com Vítimas Feridas";"Pleno dia";"Crescente";"Chuva";"Dupla";"Curva";"Não";1;0;1;0;0;0;1;1;-25,09836429;-48,67391969;"SPRF-PR";"DEL01-PR";"UOP02-DEL01-PR"
209851;2019-05-16;"quinta-feira";"14:20:00";"ES";101;414,4;"ITAPEMIRIM";"Falta de Atenção à Condução";"Colisão lateral";"Com Vítimas Feridas";"Pleno dia";"Decrescente";"Chuva";"Simples";"Curva";"Não";3;0;1;1;1;0;2;2;-20,92345849;-41,07835562;"SPRF-ES";"DEL03-ES";"UOP02-DEL03-ES"
209853;2019-05-16;"quinta-feira";"15:00:00";"ES";101;142;"LINHARES";"Falta de Atenção à Condução";"Colisão traseira";"Com Vítimas Feridas";"Pleno dia";"Crescente";"Garoa/Chuvisco";"Dupla";"Interseção de Vias";"Sim";2;0;1;0;1;0;1;2;-19,33458987;-40,06755477;"SPRF-ES";"DEL04-ES";"UOP01-DEL04-ES"
209855;2019-02-02;"sábado";"13:30:00";"SE";235;67,6;"FREI PAULO";"Desobediência às normas de trânsito pelo condutor";"Colisão frontal";"Com Vítimas Fatais";"Pleno dia";"Crescente";"Céu Claro";"Simples";"Aclive;Curva";"Não";6;1;3;1;1;0;4;3;-10,579587;-37,496868;"SPRF-SE";"DEL01-SE";"UOP02-DEL01-SE"
209856;2019-05-16;"quinta-feira";"14:55:00";"RS";386;52,5;"SEBERI";"Falta de Atenção à Condução";"Colisão transversal";"Com Vítimas Feridas";"Pleno dia";"Crescente";"Céu Claro";"Simples";"Reta";"Não";4;0;1;0;3;0;1;2;-27,508551;-53,381039;"SPRF-RS";"DEL08-RS";"UOP02-DEL08-RS"
209857;2019-05-16;"quinta-feira";"11:30:00";"PR";163;315;"TERRA ROXA";"Desobediência às normas de trânsito pelo condutor";"Saída de leito carroçável";"Com Vítimas Feridas";"Pleno dia";"Crescente";"Nublado";"Simples";"Declive";"Não";4;0;2;0;2;0;2;2;-24,38679711;-54,15455126;"SPRF-PR";"DEL06-PR";"UOP02-DEL06-PR"
209862;2019-05-16;"quinta-feira";"14:55:00";"PR";163;270;"TOLEDO";"Defeito na Via";"Queda de ocupante de veículo";"Com Vítimas Feridas";"Pleno dia";"Decrescente";"Nublado";"Simples";"Curva";"Não";1;0;0;1;0;0;1;1;-24,618912;-53,92786646;"SPRF-PR";"DEL06-PR";"UOP02-DEL06-PR"
209863;2019-05-13;"segunda-feira";"00:45:00";"RJ";101;331;"RIO DE JANEIRO";"Não guardar distância de segurança";"Colisão com objeto estático";"Com Vítimas Fatais";"Plena Noite";"Crescente";"Nublado";"Dupla";"Reta";"Sim";1;1;0;0;0;0;0;1;-22,867662;-43,195337;"SPRF-RJ";"DEL02-RJ";"UOP02-DEL02-RJ"
209872;2019-05-16;"quinta-feira";"16:10:00";"PE";104;63,9;"CARUARU";"Desobediência às normas de trânsito pelo condutor";"Colisão transversal";"Com Vítimas Feridas";"Pleno dia";"Decrescente";"Céu Claro";"Dupla";"Reta";"Sim";2;0;1;0;1;0;1;2;-8,2698;-35,9803;"SPRF-PE";"DEL02-PE";"UOP01-DEL02-PE"
209873;2019-05-16;"quinta-feira";"16:30:00";"SP";116;288,6;"ITAPECERICA DA SERRA";"Falta de Atenção à Condução";"Colisão traseira";"Com Vítimas Feridas";"Anoitecer";"Decrescente";"Garoa/Chuvisco";"Dupla";"Reta";"Sim";2;0;1;0;1;0;1;2;-23,719254;-46,883144;"SPRF-SP";"DEL04-SP";"UOP01-DEL04-SP"
209874;2019-05-16;"quinta-feira";"17:00:00";"DF";20;23;"BRASILIA";"Falta de Atenção à Condução";"Colisão traseira";"Com Vítimas Feridas";"Pleno dia";"Crescente";"Céu Claro";"Dupla";"Reta";"Sim";2;0;1;0;1;0;1;2;-15,595297;-47,667912;"SPRF-DF";"DEL02-DF";"UOP01-DEL02-DF"
209875;2019-05-16;"quinta-feira";"16:50:00";"SC";101;3,5;"GARUVA";"Avarias e/ou desgaste excessivo no pneu";"Saída de leito carroçável";"Com Vítimas Feridas";"Pleno dia";"Decrescente";"Chuva";"Dupla";"Curva;Declive";"Não";1;0;1;0;0;0;1;1;-26,00525942;-48,86932254;"SPRF-SC";"DEL03-SC";"UOP01-DEL03-SC"
209876;2019-05-16;"quinta-feira";"17:17:00";"SC";101;212,8;"PALHOCA";"Objeto estático sobre o leito carroçável";"Queda de ocupante de veículo";"Com Vítimas Feridas";"Pleno dia";"Crescente";"Céu Claro";"Dupla";"Reta";"Sim";1;0;1;0;0;0;1;1;-27,63747335;-48,66434276;"SPRF-SC";"DEL01-SC";"UOP02-DEL01-SC"
209880;2019-05-16;"quinta-feira";"17:30:00";"SC";101;114;"ITAJAI";"Não guardar distância de segurança";"Colisão lateral";"Com Vítimas Feridas";"Anoitecer";"Crescente";"Nublado";"Múltipla";"Reta";"Sim";2;0;1;0;1;0;1;2;-26,86550109;-48,72987986;"SPRF-SC";"DEL04-SC";"UOP04-DEL04-SC"
209881;2019-05-16;"quinta-feira";"17:00:00";"SC";101;129;"BALNEARIO CAMBORIU";"Falta de Atenção à Condução";"Colisão lateral";"Com Vítimas Feridas";"Pleno dia";"Crescente";"Sol";"Dupla";"Reta";"Sim";2;0;1;0;1;0;1;2;-26,98064277;-48,6790679;"SPRF-SC";"DEL04-SC";"UOP03-DEL04-SC"
209883;2019-05-16;"quinta-feira";"16:40:00";"ES";101;296,4;"CARIACICA";"Defeito Mecânico no Veículo";"Tombamento";"Com Vítimas Feridas";"Plena Noite";"Crescente";"Chuva";"Dupla";"Viaduto";"Sim";1;0;1;0;0;0;1;1;-20,34029997;-40,40405712;"SPRF-ES";"DEL01-ES";"UOP01-DEL01-ES"
209884;2019-05-16;"quinta-feira";"15:20:00";"SC";470;148,2;"AGRONOMICA";"Ingestão de Álcool";"Saída de leito carroçável";"Sem Vítimas";"Pleno dia";"Crescente";"Céu Claro";"Simples";"Reta";"Não";1;0;0;0;1;0;0;1;-27,246288;-49,694355;"SPRF-SC";"DEL04-SC";"UOP02-DEL04-SC"
209885;2019-05-16;"quinta-feira";"17:35:00";"PA";230;120;"MARABA";"Não guardar distância de segurança";"Colisão traseira";"Sem Vítimas";"Pleno dia";"Crescente";"Nublado";"Simples";"Interseção de Vias";"Sim";2;0;0;0;2;0;0;2;-5,36137537;-49,12376139;"SPRF-PA";"DEL03-PA";"UOP01-DEL03-PA"
209887;2019-05-16;"quinta-feira";"17:30:00";"PR";373;415;"CANDOI";"Ingestão de Álcool";"Colisão frontal";"Com Vítimas Feridas";"Pleno dia";"Crescente";"Céu Claro";"Simples";"Reta";"Não";3;0;2;0;1;0;2;2;-25,67257993;-52,12455869;"SPRF-PR";"DEL03-PR";"UOP01-DEL08-PR"
209889;2019-05-16;"quinta-feira";"17:30:00";"PR";476;125,5;"CURITIBA";"Falta de Atenção à Condução";"Queda de ocupante de veículo";"Com Vítimas Feridas";"Plena Noite";"Crescente";"Chuva";"Múltipla";"Reta";"Sim";1;0;1;0;0;0;1;1;-25,4083;-49,219658;"SPRF-PR";"DEL01-PR";"UOP07-DEL01-PR"
209890;2019-05-16;"quinta-feira";"17:50:00";"MG";356;268,1;"MURIAE";"Desobediência às normas de trânsito pelo condutor";"Colisão transversal";"Com Vítimas Feridas";"Anoitecer";"Decrescente";"Garoa/Chuvisco";"Simples";"Declive";"Sim";3;0;3;0;0;0;3;2;-21,12870009;-42,36362457;"SPRF-MG";"DEL07-MG";"UOP02-DEL07-MG"
209891;2019-05-16;"quinta-feira";"17:40:00";"SC";101;209;"SAO JOSE";"Falta de Atenção à Condução";"Colisão traseira";"Com Vítimas Feridas";"Anoitecer";"Decrescente";"Céu Claro";"Múltipla";"Reta";"Sim";4;0;0;1;1;2;1;4;-27,61000542;-48,63895057;"SPRF-SC";"DEL01-SC";"UOP01-DEL01-SC"
209894;2019-05-16;"quinta-feira";"17:50:00";"SE";101;95;"SAO CRISTOVAO";"Animais na Pista";"Queda de ocupante de veículo";"Com Vítimas Feridas";"Anoitecer";"Decrescente";"Céu Claro";"Dupla";"Reta";"Não";1;0;0;1;0;0;1;1;-10,9530737;-37,22011328;"SPRF-SE";"DEL02-SE";"UOP01-DEL02-SE"
209895;2019-05-16;"quinta-feira";"17:20:00";"ES";101;270,8;"SERRA";"Falta de Atenção à Condução";"Colisão transversal";"Com Vítimas Feridas";"Anoitecer";"Crescente";"Céu Claro";"Dupla";"Curva";"Sim";2;0;1;0;1;0;1;2;-20,22662056;-40,27075088;"SPRF-ES";"DEL02-ES";"UOP01-DEL02-ES"
209896;2019-05-16;"quinta-feira";"17:20:00";"SC";101;114,5;"ITAJAI";"Falta de Atenção à Condução";"Colisão traseira";"Com Vítimas Feridas";"Anoitecer";"Crescente";"Céu Claro";"Dupla";"Reta";"Não";3;0;2;0;1;0;2;2;-26,86192886;-48,7286704;"SPRF-SC";"DEL04-SC";"UOP04-DEL04-SC"
209898;2019-05-16;"quinta-feira";"17:40:00";"SC";280;58,3;"GUARAMIRIM";"Desobediência às normas de trânsito pelo condutor";"Colisão transversal";"Com Vítimas Feridas";"Plena Noite";"Crescente";"Nublado";"Simples";"Reta";"Sim";2;0;1;0;1;0;1;2;-26,47435696;-49,02470827;"SPRF-SC";"DEL03-SC";"UOP03-DEL03-SC"
209899;2019-05-16;"quinta-feira";"17:45:00";"RS";386;438;"NOVA SANTA RITA";"Desobediência às normas de trânsito pelo condutor";"Colisão traseira";"Com Vítimas Feridas";"Anoitecer";"Decrescente";"Céu Claro";"Dupla";"Reta";"Sim";19;0;1;0;18;0;1;3;-29,863266;-51,252903;"SPRF-RS";"DEL04-RS";"UOP02-DEL04-RS"
209900;2019-05-16;"quinta-feira";"17:30:00";"RS";285;400,4;"PANAMBI";"Ingestão de Álcool";"Colisão traseira";"Sem Vítimas";"Amanhecer";"Decrescente";"Céu Claro";"Simples";"Declive";"Não";3;0;0;0;3;0;0;3;-28,383703;-53,352825;"SPRF-RS";"DEL10-RS";"UOP02-DEL10-RS"
209903;2019-05-16;"quinta-feira";"18:15:00";"SP";116;209;"GUARULHOS";"Falta de Atenção à Condução";"Colisão traseira";"Com Vítimas Feridas";"Plena Noite";"Crescente";"Nublado";"Simples";"Reta";"Não";4;0;1;0;3;0;1;4;-23,42511799;-46,40221101;"SPRF-SP";"DEL01-SP";"UOP01-DEL01-SP"
209905;2019-05-16;"quinta-feira";"18:50:00";"SC";101;210;"SAO JOSE";"Desobediência às normas de trânsito pelo condutor";"Colisão lateral";"Com Vítimas Feridas";"Plena Noite";"Crescente";"Céu Claro";"Dupla";"Reta";"Sim";1;0;1;0;0;0;1;1;-27,6167305;-48,6457265;"SPRF-SC";"DEL01-SC";"UOP01-DEL01-SC"
209907;2019-05-16;"quinta-feira";"18:10:00";"PE";428;183;"PETROLINA";"Animais na Pista";"Atropelamento de Animal";"Com Vítimas Feridas";"Plena Noite";"Decrescente";"Céu Claro";"Simples";"Reta";"Não";2;0;2;0;0;0;2;1;-9,32412987;-40,46211325;"SPRF-PE";"DEL06-PE";"UOP01-DEL06-PE"
209908;2019-05-16;"quinta-feira";"18:30:00";"RJ";101;308;"SAO GONCALO";"Falta de Atenção à Condução";"Colisão traseira";"Com Vítimas Feridas";"Plena Noite";"Crescente";"Céu Claro";"Dupla";"Reta";"Sim";3;0;1;0;1;1;1;3;-22,79309326;-43,02479595;"SPRF-RJ";"DEL02-RJ";"DEL5/2-UOP04/RJ"
209909;2019-05-16;"quinta-feira";"16:50:00";"RO";364;199;"PIMENTA BUENO";"Falta de Atenção à Condução";"Colisão lateral";"Com Vítimas Feridas";"Pleno dia";"Crescente";"Sol";"Simples";"Reta";"Sim";2;0;2;0;0;0;2;2;-11,661617;-61,191055;"SPRF-RO";"DEL02-RO";"UOP02-DEL02-RO"
209910;2019-05-16;"quinta-feira";"18:50:00";"GO";40;13,3;"LUZIANIA";"Ingestão de Álcool";"Queda de ocupante de veículo";"Com Vítimas Feridas";"Plena Noite";"Decrescente";"Céu Claro";"Simples";"Reta";"Sim";1;0;1;0;0;0;1;1;-16,151832;-47,939162;"SPRF-DF";"DEL01-DF";"UOP01-DEL01-DF"
209912;2019-05-16;"quinta-feira";"17:20:00";"RS";392;34,4;"RIO GRANDE";"Desobediência às normas de trânsito pelo condutor";"Colisão lateral";"Sem Vítimas";"Pleno dia";"Crescente";"Céu Claro";"Dupla";"Reta";"Não";2;0;0;0;1;1;0;2;-32,01573599;-52,28800966;"SPRF-RS";"DEL07-RS";"UOP02-DEL07-RS"
209913;2019-05-16;"quinta-feira";"18:25:00";"RS";293;1;"PELOTAS";"Falta de Atenção à Condução";"Colisão traseira";"Com Vítimas Feridas";"Anoitecer";"Decrescente";"Céu Claro";"Simples";"Reta";"Sim";3;0;1;0;2;0;1;3;-31,760326;-52,356205;"SPRF-RS";"DEL07-RS";"UOP01-DEL07-RS"
209914;2019-05-16;"quinta-feira";"18:55:00";"RS";293;1,1;"PELOTAS";"Desobediência às normas de trânsito pelo condutor";"Colisão transversal";"Com Vítimas Feridas";"Plena Noite";"Decrescente";"Céu Claro";"Simples";"Reta";"Sim";3;0;2;0;1;0;2;2;-31,760326;-52,356205;"SPRF-RS";"DEL07-RS";"UOP01-DEL07-RS"
209915;2019-05-16;"quinta-feira";"18:50:00";"RS";116;150,1;"CAXIAS DO SUL";"Não guardar distância de segurança";"Colisão traseira";"Com Vítimas Feridas";"Plena Noite";"Decrescente";"Céu Claro";"Múltipla";"Reta";"Sim";2;0;1;0;1;0;1;2;-29,168428;-51,158337;"SPRF-RS";"DEL05-RS";"UOP01-DEL05-RS"
209916;2019-05-16;"quinta-feira";"18:20:00";"PB";230;1,3;"CABEDELO";"Ingestão de Álcool";"Colisão traseira";"Sem Vítimas";"Plena Noite";"Decrescente";"Céu Claro";"Simples";"Reta";"Sim";2;0;0;0;2;0;0;2;-6,9753;-34,8318;"SPRF-PB";"DEL01-PB";"UOP01-DEL01-PB"
209917;2019-05-16;"quinta-feira";"17:50:00";"RJ";116;164,8;"RIO DE JANEIRO";"Falta de Atenção à Condução";"Colisão traseira";"Com Vítimas Feridas";"Plena Noite";"Crescente";"Nublado";"Múltipla";"Reta";"Sim";2;0;0;1;1;0;1;2;-22,81042334;-43,33493918;"SPRF-RJ";"DEL01-RJ";"UOP02-DEL01-RJ"
209918;2019-05-16;"quinta-feira";"18:50:00";"SC";101;208;"SAO JOSE";"Falta de Atenção à Condução";"Colisão lateral";"Com Vítimas Feridas";"Plena Noite";"Crescente";"Céu Claro";"Dupla";"Reta";"Sim";2;0;1;0;1;0;1;2;-27,60327979;-48,63201818;"SPRF-SC";"DEL01-SC";"UOP01-DEL01-SC"
209919;2019-05-16;"quinta-feira";"18:05:00";"GO";153;506,1;"APARECIDA DE GOIANIA";"Não guardar distância de segurança";"Colisão traseira";"Com Vítimas Feridas";"Anoitecer";"Crescente";"Nublado";"Múltipla";"Reta";"Sim";2;0;1;0;1;0;1;2;-16,7633;-49,24;"SPRF-GO";"DEL01-GO";"UOP01-DEL01-GO"
209920;2019-05-16;"quinta-feira";"18:05:00";"CE";222;5,4;"CAUCAIA";"Falta de Atenção à Condução";"Colisão lateral";"Com Vítimas Feridas";"Plena Noite";"Decrescente";"Céu Claro";"Múltipla";"Reta";"Sim";2;0;0;1;0;1;1;2;-3,74296918;-38,61330997;"SPRF-CE";"DEL01-CE";"UOP01-DEL01-CE"
209921;2019-05-16;"quinta-feira";"19:18:00";"MG";262;694;"ARAXA";"Restrição de Visibilidade";"Colisão transversal";"Com Vítimas Feridas";"Plena Noite";"Crescente";"Garoa/Chuvisco";"Simples";"Rotatória";"Sim";3;0;1;0;2;0;1;2;-19,56221645;-46,97547913;"SPRF-MG";"DEL08-MG";"UOP01-DEL08-MG"
209922;2019-05-16;"quinta-feira";"08:00:00";"RS";153;697;"ACEGUA";"Falta de Atenção à Condução";"Saída de leito carroçável";"Sem Vítimas";"Pleno dia";"Crescente";"Céu Claro";"Simples";"Reta";"Não";1;0;0;0;0;1;0;1;-31,86542902;-54,16720036;"SPRF-RS";"DEL11-RS";"UOP03-DEL11-RS"
209924;2019-05-16;"quinta-feira";"19:35:00";"RS";290;68,2;"GRAVATAI";"Falta de Atenção à Condução";"Saída de leito carroçável";"Com Vítimas Feridas";"Plena Noite";"Crescente";"Nublado";"Dupla";"Reta";"Sim";1;0;1;0;0;0;1;1;-29,943384;-50,936207;"SPRF-RS";"DEL03-RS";"UOP01-DEL03-RS"
209925;2019-05-16;"quinta-feira";"18:50:00";"RJ";116;306;"RESENDE";"Falta de Atenção à Condução";"Colisão com objeto estático";"Com Vítimas Feridas";"Plena Noite";"Decrescente";"Nublado";"Dupla";"Reta";"Não";1;0;1;0;0;0;1;1;-22,45645538;-44,40259093;"SPRF-RJ";"DEL07-RJ";"DEL5/7-UOP03/RJ"
209926;2019-05-16;"quinta-feira";"20:00:00";"SC";101;202;"SAO JOSE";"Falta de Atenção à Condução";"Queda de ocupante de veículo";"Com Vítimas Feridas";"Plena Noite";"Crescente";"Céu Claro";"Múltipla";"Reta";"Não";2;0;1;0;1;0;1;1;-27,55711595;-48,61897889;"SPRF-SC";"DEL01-SC";"UOP01-DEL01-SC"
209927;2019-05-16;"quinta-feira";"19:20:00";"PA";230;682;"ALTAMIRA";"Falta de Atenção à Condução";"Colisão frontal";"Com Vítimas Fatais";"Plena Noite";"Decrescente";"Chuva";"Simples";"Reta";"Não";2;1;0;0;1;0;0;2;-3,2836442;-52,43883312;"SPRF-PA";"DEL04-PA";"UOP01-DEL04-PA"
209928;2019-05-16;"quinta-feira";"19:20:00";"MG";381;481;"CONTAGEM";"Falta de Atenção à Condução";"Capotamento";"Com Vítimas Feridas";"Plena Noite";"Crescente";"Nublado";"Dupla";"Reta";"Sim";1;0;0;1;0;0;1;1;-19,95931561;-44,08825597;"SPRF-MG";"DEL01-MG";"UOP03-DEL01-MG"
209929;2019-05-16;"quinta-feira";"19:10:00";"RN";226;135;"CAMPO REDONDO";"Ingestão de Álcool";"Colisão transversal";"Com Vítimas Feridas";"Plena Noite";"Crescente";"Nublado";"Simples";"Aclive";"Não";2;0;0;2;0;0;2;2;-6,21010481;-36,18334187;"SPRF-RN";"DEL03-RN";"UOP02-DEL03-RN"
209932;2019-05-16;"quinta-feira";"17:30:00";"RJ";40;92;"PETROPOLIS";"Velocidade Incompatível";"Saída de leito carroçável";"Com Vítimas Feridas";"Anoitecer";"Crescente";"Chuva";"Simples";"Curva";"Não";2;0;2;0;0;0;2;1;-22,55191954;-43,25068815;"SPRF-RJ";"DEL06-RJ";"UOP01-DEL06-RJ"
209933;2019-05-16;"quinta-feira";"21:20:00";"SC";470;67,3;"INDAIAL";"Desobediência às normas de trânsito pelo condutor";"Colisão lateral";"Com Vítimas Feridas";"Plena Noite";"Crescente";"Garoa/Chuvisco";"Simples";"Reta";"Sim";2;0;1;0;1;0;1;2;-26,872158;-49,23127;"SPRF-SC";"DEL04-SC";"UOP01-DEL04-SC"
209934;2019-05-16;"quinta-feira";"20:00:00";"SP";116;493;"CAJATI";"Defeito Mecânico no Veículo";"Incêndio";"Sem Vítimas";"Plena Noite";"Crescente";"Chuva";"Dupla";"Reta";"Não";1;0;0;0;1;0;0;1;-24,74366848;-48,14208621;"SPRF-SP";"DEL05-SP";"UAP01-DEL05-SP"
209935;2019-05-16;"quinta-feira";"21:40:00";"PR";476;124,4;"CURITIBA";"Falta de Atenção à Condução";"Saída de leito carroçável";"Com Vítimas Feridas";"Plena Noite";"Crescente";"Garoa/Chuvisco";"Dupla";"Reta";"Sim";1;0;1;0;0;0;1;1;-25,399845;-49,215855;"SPRF-PR";"DEL01-PR";"UOP07-DEL01-PR"
209936;2019-05-16;"quinta-feira";"19:45:00";"PR";277;532,5;"GUARANIACU";"Falta de Atenção à Condução";"Colisão traseira";"Com Vítimas Feridas";"Plena Noite";"Decrescente";"Céu Claro";"Simples";"Reta";"Não";2;0;1;0;1;0;1;2;-25,097112;-52,967998;"SPRF-PR";"DEL04-PR";"UOP04-DEL04-PR"
209938;2019-05-16;"quinta-feira";"18:10:00";"PR";116;123;"CURITIBA";"Falta de Atenção à Condução";"Colisão traseira";"Com Vítimas Feridas";"Anoitecer";"Decrescente";"Garoa/Chuvisco";"Dupla";"Reta";"Sim";2;0;1;0;1;0;1;2;-25,57736002;-49,31243589;"SPRF-PR";"DEL01-PR";"UOP03-DEL01-PR"
209939;2019-05-16;"quinta-feira";"18:05:00";"AL";423;53,8;"INHAPI";"Falta de Atenção à Condução";"Colisão frontal";"Com Vítimas Feridas";"Plena Noite";"Crescente";"Céu Claro";"Simples";"Reta";"Não";2;0;0;1;1;0;1;2;-9,27027187;-37,74810604;"SPRF-AL";"DEL03-AL";"UOP02-DEL03-AL"
209940;2019-05-16;"quinta-feira";"18:00:00";"AL";423;76,8;"AGUA BRANCA";"Animais na Pista";"Atropelamento de Animal";"Com Vítimas Fatais";"Plena Noite";"Crescente";"Céu Claro";"Simples";"Reta";"Não";1;1;0;0;0;0;0;1;-9,31861528;-37,95146691;"SPRF-AL";"DEL03-AL";"UOP02-DEL03-AL"
209941;2019-05-16;"quinta-feira";"20:45:00";"MT";174;2;"PONTES E LACERDA";"Ingestão de Álcool";"Saída de leito carroçável";"Com Vítimas Feridas";"Pleno dia";"Crescente";"Céu Claro";"Simples";"Rotatória";"Sim";4;0;1;0;3;0;1;1;-15,226537;-59,335728;"SPRF-MT";"DEL04-MT";"UOP01-DEL04-MT"
209942;2019-05-16;"quinta-feira";"21:10:00";"PI";316;1,8;"TERESINA";"Velocidade Incompatível";"Colisão com objeto estático";"Com Vítimas Feridas";"Plena Noite";"Decrescente";"Céu Claro";"Múltipla";"Rotatória";"Sim";2;0;1;1;0;0;2;1;-5,12861853;-42,80706778;"SPRF-PI";"DEL01-PI";"UOP02-DEL01-PI"
209944;2019-05-16;"quinta-feira";"21:50:00";"SP";116;473;"JACUPIRANGA";"Falta de Atenção à Condução";"Capotamento";"Com Vítimas Feridas";"Plena Noite";"Decrescente";"Chuva";"Dupla";"Reta";"Não";2;0;1;0;1;0;1;1;-24,67227596;-47,97879913;"SPRF-SP";"DEL05-SP";"UAP01-DEL05-SP"
209945;2019-05-16;"quinta-feira";"22:15:00";"PE";232;416,2;"SERRA TALHADA";"Animais na Pista";"Atropelamento de Animal";"Sem Vítimas";"Plena Noite";"Decrescente";"Céu Claro";"Simples";"Reta";"Não";1;0;0;0;1;0;0;1;-7,99977297;-38,35316401;"SPRF-PE";"DEL04-PE";"UOP01-DEL04-PE"
209946;2019-05-16;"quinta-feira";"22:30:00";"PR";376;1;"MANDAGUARI";"Falta de Atenção à Condução";"Colisão com objeto estático";"Com Vítimas Feridas";"Plena Noite";"Crescente";"Nublado";"Dupla";"Curva";"Não";2;0;1;0;1;0;1;1;-23,547966;-51,671265;"SPRF-PR";"DEL07-PR";"UOP01-DEL09-PR"
209947;2019-05-16;"quinta-feira";"17:50:00";"BA";420;254;"MUTUIPE";"Falta de Atenção à Condução";"Colisão frontal";"Com Vítimas Fatais";"Plena Noite";"Decrescente";"Céu Claro";"Simples";"Reta";"Não";2;1;1;0;0;0;1;2;-13,2268533;-39,49969001;"SPRF-BA";"DEL01-BA";"UOP02-DEL01-BA"
209948;2019-05-16;"quinta-feira";"23:10:00";"PR";272;375;"CAMPO MOURAO";"Desobediência às normas de trânsito pelo condutor";"Colisão traseira";"Com Vítimas Fatais";"Plena Noite";"Crescente";"Céu Claro";"Simples";"Reta";"Não";2;1;0;0;1;0;0;2;-24,062992;-52,472264;"SPRF-PR";"DEL04-PR";"UOP03-DEL09-PR"
209950;2019-05-16;"quinta-feira";"23:30:00";"PB";230;338,8;"PATOS";"Ingestão de Álcool";"Tombamento";"Com Vítimas Feridas";"Plena Noite";"Decrescente";"Céu Claro";"Dupla";"Reta";"Sim";1;0;1;0;0;0;1;1;-7,007;-37,2906;"SPRF-PB";"DEL03-PB";"UOP01-DEL03-PB"
209951;2019-05-16;"quinta-feira";"22:00:00";"SC";116;24,1;"ITAIOPOLIS";"Falta de Atenção à Condução";"Queda de ocupante de veículo";"Com Vítimas Feridas";"Plena Noite";"Crescente";"Nublado";"Simples";"Reta";"Não";1;0;0;1;0;0;1;1;-26,27345523;-49,92117261;"SPRF-SC";"DEL06-SC";"UOP01-DEL06-SC"
209952;2019-05-16;"quinta-feira";"23:15:00";"CE";222;49,9;"SAO GONCALO DO AMARANTE";"Objeto estático sobre o leito carroçável";"Colisão com objeto estático";"Com Vítimas Feridas";"Plena Noite";"Decrescente";"Nublado";"Simples";"Reta";"Não";3;0;1;0;2;0;1;1;-3,66721366;-38,98364299;"SPRF-CE";"DEL01-CE";"UOP03-DEL01-CE"
209953;2019-05-16;"quinta-feira";"23:45:00";"PE";407;124,8;"PETROLINA";"Ingestão de Álcool";"Colisão traseira";"Com Vítimas Feridas";"Plena Noite";"Decrescente";"Céu Claro";"Dupla";"Reta";"Sim";3;0;1;1;1;0;2;2;-9,37827368;-40,53525925;"SPRF-PE";"DEL06-PE";"UOP01-DEL06-PE"
209955;2019-05-17;"sexta-feira";"00:10:00";"SC";282;2;"FLORIANOPOLIS";"Falta de Atenção à Condução";"Colisão traseira";"Sem Vítimas";"Plena Noite";"Crescente";"Nublado";"Múltipla";"Reta";"Sim";2;0;0;0;2;0;0;2;-27,603289;-48,590416;"SPRF-SC";"DEL01-SC";"UOP01-DEL01-SC"
209956;2019-05-16;"quinta-feira";"22:10:00";"RS";392;18;"RIO GRANDE";"Desobediência às normas de trânsito pelo condutor";"Colisão transversal";"Com Vítimas Feridas";"Plena Noite";"Decrescente";"Céu Claro";"Simples";"Reta";"Sim";2;0;1;0;1;0;1;2;-32,09017991;-52,17651198;"SPRF-RS";"DEL07-RS";"UOP02-DEL07-RS"
209958;2019-05-17;"sexta-feira";"00:40:00";"PB";104;98;"ESPERANCA";"Animais na Pista";"Atropelamento de Animal";"Com Vítimas Fatais";"Plena Noite";"Decrescente";"Nevoeiro/Neblina";"Simples";"Reta";"Não";1;1;0;0;0;0;0;1;-7,02803215;-35,85657159;"SPRF-PB";"DEL02-PB";"UOP04-DEL02-PB"
209960;2019-05-16;"quinta-feira";"23:30:00";"MG";381;890,7;"CAMBUI";"Ingestão de Álcool";"Colisão traseira";"Sem Vítimas";"Plena Noite";"Decrescente";"Chuva";"Dupla";"Curva";"Não";4;0;0;0;2;2;0;3;-22,5453951;-46,03947153;"SPRF-MG";"DEL16-MG";"UOP03-DEL16-MG"
209961;2019-05-17;"sexta-feira";"01:00:00";"SC";282;506,9;"XANXERE";"Ingestão de Álcool";"Saída de leito carroçável";"Com Vítimas Feridas";"Plena Noite";"Crescente";"Céu Claro";"Dupla";"Rotatória";"Não";1;0;1;0;0;0;1;1;-26,885712;-52,42907;"SPRF-SC";"DEL07-SC";"UOP01-DEL07-SC"