"id";"data_inversa";"dia_semana";"horario";"uf";"br";"km";"municipio";"causa_acidente";"tipo_acidente";"classificacao_acidente";"fase_dia";"sentido_via";"condicao_metereologica";"tipo_pista";"tracado_via";"uso_solo";"pessoas";"mortos";"feridos_leves";"feridos_graves";"ilesos";"ignorados";"feridos";"veiculos";"latitude";"longitude";"regional";"delegacia";"uop"
209962;2019-05-17;"sexta-feira";"01:49:00";"MG";50;167;"UBERABA";"Falta de Atenção à Condução";"Saída de leito carroçável";"Sem Vítimas";"Plena Noite";"Crescente";"Garoa/Chuvisco";"Dupla";"Viaduto";"Não";1;0;0;0;0;1;0;1;-19,71019813;-47,98405593;"SPRF-MG";"DEL13-MG";"UOP01-DEL13-MG"
209963;2019-05-16;"quinta-feira";"23:30:00";"MS";163;554;"BANDEIRANTES";"Ingestão de Álcool";"Colisão lateral";"Sem Vítimas";"Plena Noite";"Decrescente";"Céu Claro";"Simples";"Reta";"Não";4;0;0;0;4;0;0;2;-19,899854;-54,373282;"SPRF-MS";"DEL01-MS";"UOP02-DEL01-MS"
209964;2019-05-17;"sexta-feira";"01:10:00";"SC";470;36;"GASPAR";"Velocidade Incompatível";"Capotamento";"Sem Vítimas";"Plena Noite";"Crescente";"Nublado";"Simples";"Reta";"Não";1;0;0;0;0;1;0;1;-26,91383322;-48,96685839;"SPRF-SC";"DEL04-SC";"UOP01-DEL04-SC"
209965;2019-05-17;"sexta-feira";"01:50:00";"SP";116;479;"JACUPIRANGA";"Falta de Atenção à Condução";"Saída de leito carroçável";"Sem Vítimas";"Plena Noite";"Decrescente";"Chuva";"Dupla";"Reta";"Não";1;0;0;0;1;0;0;1;-24,70935401;-48,01820699;"SPRF-SP";"DEL05-SP";"UAP01-DEL05-SP"
209968;2019-05-17;"sexta-feira";"02:00:00";"MG";116;94,5;"MEDINA";"Velocidade Incompatível";"Capotamento";"Com Vítimas Feridas";"Plena Noite";"Decrescente";"Chuva";"Simples";"Curva";"Não";3;0;1;0;2;0;1;1;-16,384692;-41,47280999;"SPRF-MG";"DEL11-MG";"UOP02-DEL11-MG"
209969;2019-05-17;"sexta-feira";"02:05:00";"MG";262;581,3;"CAMPOS ALTOS";"Falta de Atenção à Condução";"Saída de leito carroçável";"Com Vítimas Feridas";"Plena Noite";"Decrescente";"Chuva";"Simples";"Curva";"Não";14;0;3;0;11;0;3;1;-19,65019941;-46,08347416;"SPRF-MG";"DEL08-MG";"UOP02-DEL08-MG"
209971;2019-05-17;"sexta-feira";"04:30:00";"SC";280;231;"CANOINHAS";"Falta de Atenção à Condução";"Colisão com objeto estático";"Sem Vítimas";"Plena Noite";"Crescente";"Garoa/Chuvisco";"Simples";"Reta";"Sim";1;0;0;0;1;0;0;1;-26,1893047;-50,37170989;"SPRF-SC";"DEL06-SC";"UOP04-DEL06-SC"
209972;2019-05-16;"quinta-feira";"18:40:00";"BA";116;595,5;"SANTA TERESINHA";"Sinalização da via insuficiente ou inadequada";"Colisão com objeto estático";"Com Vítimas Feridas";"Plena Noite";"Decrescente";"Nublado";"Simples";"Reta;Ponte";"Não";5;0;3;0;2;0;3;1;-12,588084;-39,523458;"SPRF-BA";"DEL03-BA";"UOP02-DEL03-BA"
209974;2019-05-17;"sexta-feira";"03:10:00";"RJ";101;317,9;"SAO GONCALO";"Condutor Dormindo";"Saída de leito carroçável";"Sem Vítimas";"Plena Noite";"Crescente";"Garoa/Chuvisco";"Simples";"Rotatória";"Sim";1;0;0;0;1;0;0;1;-22,83707798;-43,09492006;"SPRF-RJ";"DEL02-RJ";"DEL5/2-UOP04/RJ"
209975;2019-05-17;"sexta-feira";"00:20:00";"SC";282;461,5;"PONTE SERRADA";"Falta de Atenção à Condução";"Colisão transversal";"Com Vítimas Fatais";"Plena Noite";"Decrescente";"Céu Claro";"Simples";"Reta";"Sim";4;2;1;0;0;1;1;3;-26,86639208;-52,02290665;"SPRF-SC";"DEL07-SC";"UOP04-DEL07-SC"
209976;2019-05-17;"sexta-feira";"01:45:00";"RJ";101;297;"ITABORAI";"Condutor Dormindo";"Colisão com objeto estático";"Sem Vítimas";"Plena Noite";"Decrescente";"Chuva";"Dupla";"Reta";"Sim";1;0;0;0;1;0;0;1;-22,76942037;-42,91873581;"SPRF-RJ";"DEL02-RJ";"DEL5/2-UOP04/RJ"
209977;2019-05-16;"quinta-feira";"21:40:00";"SC";101;201;"SAO JOSE";"Falta de Atenção à Condução";"Tombamento";"Com Vítimas Feridas";"Plena Noite";"Crescente";"Céu Claro";"Dupla";"Reta";"Sim";1;0;1;0;0;0;1;1;-27,54836599;-48,61977975;"SPRF-SC";"DEL01-SC";"UOP01-DEL01-SC"
209978;2019-05-17;"sexta-feira";"04:30:00";"BA";116;354,1;"SERRINHA";"Falta de Atenção do Pedestre";"Atropelamento de Pedestre";"Com Vítimas Fatais";"Plena Noite";"Crescente";"Céu Claro";"Simples";"Reta";"Não";2;1;0;0;1;0;0;2;-11,626817;-38,98192797;"SPRF-BA";"DEL02-BA";"UOP01-DEL02-BA"
209979;2019-05-17;"sexta-feira";"05:20:00";"PI";316;309;"PICOS";"Ultrapassagem Indevida";"Colisão frontal";"Com Vítimas Feridas";"Pleno dia";"Crescente";"Céu Claro";"Simples";"Reta";"Sim";2;0;0;2;0;0;2;2;-7,07778744;-41,48370094;"SPRF-PI";"DEL04-PI";"UOP01-DEL04-PI"
209980;2019-05-17;"sexta-feira";"05:56:00";"SP";101;27,9;"UBATUBA";"Falta de Atenção à Condução";"Tombamento";"Com Vítimas Feridas";"Amanhecer";"Crescente";"Chuva";"Simples";"Reta";"Não";1;0;1;0;0;0;1;1;-23,36790465;-44,94916677;"SPRF-SP";"DEL06-SP";"UOP01-DEL06-SP"
209984;2019-05-17;"sexta-feira";"06:00:00";"BA";324;621;"SALVADOR";"Falta de Atenção à Condução";"Queda de ocupante de veículo";"Com Vítimas Feridas";"Pleno dia";"Crescente";"Céu Claro";"Dupla";"Reta";"Sim";2;0;2;0;0;0;2;1;-12,91233708;-38,45956983;"SPRF-BA";"DEL01-BA";"UOP01-DEL01-BA"
209985;2019-05-17;"sexta-feira";"04:30:00";"RJ";101;480;"ANGRA DOS REIS";"Pista Escorregadia";"Saída de leito carroçável";"Sem Vítimas";"Amanhecer";"Decrescente";"Chuva";"Simples";"Curva";"Sim";1;0;0;0;1;0;0;1;-23,00976021;-44,29153237;"SPRF-RJ";"DEL03-RJ";"UOP03-DEL03-RJ"
209986;2019-05-17;"sexta-feira";"06:25:00";"RS";116;135,9;"CAXIAS DO SUL";"Desobediência às normas de trânsito pelo condutor";"Colisão frontal";"Com Vítimas Feridas";"Amanhecer";"Crescente";"Céu Claro";"Simples";"Curva";"Não";3;0;2;0;1;0;2;2;-29,07451251;-51,10552311;"SPRF-RS";"DEL05-RS";"UOP01-DEL05-RS"
209987;2019-05-17;"sexta-feira";"06:20:00";"PI";316;315;"PICOS";"Ultrapassagem Indevida";"Saída de leito carroçável";"Com Vítimas Feridas";"Pleno dia";"Crescente";"Céu Claro";"Simples";"Reta";"Sim";1;0;1;0;0;0;1;1;-7,07951262;-41,43236492;"SPRF-PI";"DEL04-PI";"UOP01-DEL04-PI"
209990;2019-05-17;"sexta-feira";"06:45:00";"RS";158;334;"SANTA MARIA";"Falta de Atenção à Condução";"Saída de leito carroçável";"Com Vítimas Feridas";"Amanhecer";"Crescente";"Céu Claro";"Simples";"Reta";"Sim";1;0;1;0;0;0;1;1;-29,70751182;-53,87442198;"SPRF-RS";"DEL09-RS";"UOP01-DEL09-RS"
209994;2019-05-17;"sexta-feira";"04:50:00";"BA";101;506;"ITABUNA";"Animais na Pista";"Atropelamento de Animal";"Com Vítimas Feridas";"Plena Noite";"Crescente";"Céu Claro";"Simples";"Reta";"Sim";1;0;0;1;0;0;1;1;-14,80094203;-39,29183159;"SPRF-BA";"DEL05-BA";"UOP01-DEL05-BA"
209995;2019-05-17;"sexta-feira";"06:40:00";"RJ";116;169,5;"RIO DE JANEIRO";"Falta de Atenção à Condução";"Colisão lateral";"Com Vítimas Feridas";"Pleno dia";"Decrescente";"Garoa/Chuvisco";"Dupla";"Reta";"Sim";2;0;1;0;1;0;1;2;-22,816206;-43,324463;"SPRF-RJ";"DEL01-RJ";"UOP02-DEL01-RJ"
209997;2019-05-17;"sexta-feira";"07:35:00";"RS";0;0;"CANOAS";"Falta de Atenção à Condução";"Tombamento";"Com Vítimas Feridas";"Pleno dia";"Não Informado";"Céu Claro";"Simples";"Reta";"Sim";1;0;1;0;0;0;1;1;-29,95042502;-51,17652939;"SPRF-RS";"DEL01-RS";"UOP01-DEL01-RS"
209998;2019-05-17;"sexta-feira";"07:45:00";"GO";60;42,4;"APARECIDA DE GOIANIA";"Falta de Atenção à Condução";"Queda de ocupante de veículo";"Sem Vítimas";"Pleno dia";"Decrescente";"Nublado";"Dupla";"Rotatória";"Sim";1;0;0;0;1;0;0;1;-16,8101;-49,2397;"SPRF-GO";"DEL01-GO";"UOP03-DEL01-GO"
209999;2019-05-17;"sexta-feira";"06:30:00";"SP";116;193,3;"SANTA ISABEL";"Pista Escorregadia";"Colisão com objeto estático";"Sem Vítimas";"Amanhecer";"Crescente";"Chuva";"Dupla";"Reta";"Não";2;0;0;0;2;0;0;2;-23,380407;-46,258509;"SPRF-SP";"DEL02-SP";"UOP01-DEL02-SP"
210000;2019-05-17;"sexta-feira";"07:00:00";"MG";116;527,8;"CARATINGA";"Falta de Atenção à Condução";"Colisão transversal";"Com Vítimas Feridas";"Amanhecer";"Crescente";"Céu Claro";"Dupla";"Reta";"Sim";3;0;1;0;1;1;1;3;-19,78510701;-42,13445297;"SPRF-MG";"DEL06-MG";"UOP02-DEL06-MG"
210002;2019-05-17;"sexta-feira";"07:40:00";"RN";304;156,9;"FERNANDO PEDROZA";"Velocidade Incompatível";"Colisão com objeto estático";"Com Vítimas Feridas";"Pleno dia";"Crescente";"Céu Claro";"Simples";"Ponte";"Sim";1;0;1;0;0;0;1;1;-5,697182;-36,536166;"SPRF-RN";"DEL04-RN";"UOP01-DEL04-RN"
210006;2019-05-17;"sexta-feira";"07:50:00";"PR";277;74;"SAO JOSE DOS PINHAIS";"Desobediência às normas de trânsito pelo condutor";"Colisão traseira";"Com Vítimas Feridas";"Pleno dia";"Crescente";"Garoa/Chuvisco";"Dupla";"Reta";"Sim";2;0;1;0;1;0;1;2;-25,51726115;-49,11540707;"SPRF-PR";"DEL01-PR";"UOP01-DEL01-PR"
210008;2019-05-17;"sexta-feira";"06:40:00";"GO";153;505;"APARECIDA DE GOIANIA";"Não guardar distância de segurança";"Engavetamento";"Sem Vítimas";"Pleno dia";"Decrescente";"Chuva";"Dupla";"Reta";"Sim";8;0;0;0;4;4;0;8;-16,7537;-49,2411;"SPRF-GO";"DEL01-GO";"UOP01-DEL01-GO"
210009;2019-05-17;"sexta-feira";"07:20:00";"SP";381;33,5;"ATIBAIA";"Velocidade Incompatível";"Saída de leito carroçável";"Com Vítimas Feridas";"Pleno dia";"Decrescente";"Garoa/Chuvisco";"Múltipla";"Aclive;Curva";"Não";1;0;1;0;0;0;1;1;-23,07910007;-46,56967163;"SPRF-SP";"DEL03-SP";"UOP02-DEL03-SP"
210010;2019-05-17;"sexta-feira";"07:45:00";"MS";163;485,9;"CAMPO GRANDE";"Falta de Atenção à Condução";"Colisão lateral";"Com Vítimas Feridas";"Pleno dia";"Decrescente";"Nublado";"Simples";"Reta";"Sim";3;0;3;0;0;0;3;2;-20,44233707;-54,54201834;"SPRF-MS";"DEL01-MS";"UOP02-DEL01-MS"
210012;2019-05-17;"sexta-feira";"08:00:00";"PR";376;616,9;"SAO JOSE DOS PINHAIS";"Mal Súbito";"Colisão traseira";"Com Vítimas Feridas";"Pleno dia";"Decrescente";"Garoa/Chuvisco";"Dupla";"Curva";"Sim";2;0;1;1;0;0;2;2;-25,58426494;-49,17618795;"SPRF-PR";"DEL01-PR";"UOP01-DEL01-PR"
210013;2019-05-17;"sexta-feira";"08:40:00";"RN";226;48,9;"BOM JESUS";"Falta de Atenção à Condução";"Colisão traseira";"Com Vítimas Feridas";"Pleno dia";"Decrescente";"Céu Claro";"Simples";"Reta";"Sim";2;0;0;1;0;1;1;2;-5,98530442;-35,58427376;"SPRF-RN";"DEL01-RN";"UOP02-DEL01-RN"
210015;2019-05-17;"sexta-feira";"07:50:00";"GO";153;505,9;"APARECIDA DE GOIANIA";"Falta de Atenção à Condução";"Colisão traseira";"Sem Vítimas";"Amanhecer";"Crescente";"Chuva";"Dupla";"Reta";"Sim";4;0;0;0;4;0;0;4;-16,7537;-49,2411;"SPRF-GO";"DEL01-GO";"UOP01-DEL01-GO"
210016;2019-05-17;"sexta-feira";"08:45:00";"PE";104;63,7;"CARUARU";"Ingestão de Álcool";"Colisão com objeto estático";"Sem Vítimas";"Pleno dia";"Crescente";"Céu Claro";"Simples";"Reta";"Sim";1;0;0;0;1;0;0;1;-8,2698;-35,9803;"SPRF-PE";"DEL02-PE";"UOP01-DEL02-PE"
210017;2019-05-17;"sexta-feira";"08:50:00";"RS";116;231;"IVOTI";"Falta de Atenção à Condução";"Colisão lateral";"Com Vítimas Feridas";"Pleno dia";"Crescente";"Céu Claro";"Dupla";"Interseção de Vias";"Sim";2;0;1;0;1;0;1;2;-29,62743221;-51,13858608;"SPRF-RS";"DEL01-RS";"UOP02-DEL01-RS"
210018;2019-05-17;"sexta-feira";"08:05:00";"PR";376;130;"NOVA ESPERANCA";"Desobediência às normas de trânsito pelo condutor";"Saída de leito carroçável";"Com Vítimas Feridas";"Pleno dia";"Decrescente";"Céu Claro";"Dupla";"Reta";"Não";1;0;1;0;0;0;1;1;-23,17504848;-52,23423918;"SPRF-PR";"DEL07-PR";"UOP02-DEL09-PR"
210020;2019-05-17;"sexta-feira";"06:10:00";"MT";158;605;"AGUA BOA";"Falta de Atenção à Condução";"Saída de leito carroçável";"Com Vítimas Feridas";"Amanhecer";"Crescente";"Céu Claro";"Simples";"Reta";"Não";1;0;1;0;0;0;1;1;-14,367543;-52,169094;"SPRF-MT";"DEL07-MT";"UOP02-DEL07-MT"
210021;2019-05-17;"sexta-feira";"08:00:00";"SC";101;136,4;"BALNEARIO CAMBORIU";"Defeito Mecânico no Veículo";"Tombamento";"Com Vítimas Feridas";"Pleno dia";"Crescente";"Nublado";"Dupla";"Curva";"Sim";2;0;1;0;1;0;1;1;-27,008113;-48,617245;"SPRF-SC";"DEL04-SC";"UOP03-DEL04-SC"
210022;2019-05-03;"sexta-feira";"10:15:00";"MG";381;884;"ESTIVA";"Falta de Atenção à Condução";"Saída de leito carroçável";"Com Vítimas Feridas";"Pleno dia";"Crescente";"Céu Claro";"Dupla";"Reta";"Não";1;0;0;1;0;0;1;1;-22,53552002;-46,03550597;"SPRF-MG";"DEL16-MG";"UOP01-DEL16-MG"
210026;2019-05-17;"sexta-feira";"10:15:00";"SC";282;16,4;"PALHOCA";"Desobediência às normas de trânsito pelo condutor";"Colisão transversal";"Com Vítimas Feridas";"Pleno dia";"Crescente";"Céu Claro";"Simples";"Reta";"Sim";2;0;1;0;1;0;1;2;-27,658611;-48,681847;"SPRF-SC";"DEL01-SC";"UOP02-DEL01-SC"
210027;2019-05-17;"sexta-feira";"06:50:00";"MG";116;739,8;"LARANJAL";"Falta de Atenção do Pedestre";"Atropelamento de Pedestre";"Com Vítimas Fatais";"Pleno dia";"Crescente";"Nublado";"Simples";"Reta";"Não";2;1;0;0;0;1;0;2;-21,38530004;-42,48340096;"SPRF-MG";"DEL07-MG";"UOP01-DEL07-MG"
210028;2019-05-17;"sexta-feira";"09:40:00";"SP";153;255,8;"MARILIA";"Pista Escorregadia";"Tombamento";"Com Vítimas Feridas";"Pleno dia";"Crescente";"Nublado";"Dupla";"Curva";"Sim";1;0;1;0;0;0;1;1;-22,2319438;-49,91889238;"SPRF-SP";"DEL07-SP";"UOP02-DEL07-SP"
210029;2019-05-17;"sexta-feira";"10:00:00";"RJ";40;92;"PETROPOLIS";"Velocidade Incompatível";"Colisão traseira";"Com Vítimas Feridas";"Pleno dia";"Crescente";"Chuva";"Simples";"Curva;Declive";"Não";3;0;1;0;2;0;1;2;-22,55248633;-43,25132755;"SPRF-RJ";"DEL06-RJ";"UOP01-DEL06-RJ"
210030;2019-05-17;"sexta-feira";"10:35:00";"RJ";116;124;"MAGE";"Falta de Atenção à Condução";"Saída de leito carroçável";"Com Vítimas Feridas";"Pleno dia";"Decrescente";"Chuva";"Dupla";"Reta";"Não";1;0;1;0;0;0;1;1;-22,64632807;-43,07016895;"SPRF-RJ";"DEL04-RJ";"UOP02-DEL04-RJ"
210035;2019-05-17;"sexta-feira";"11:00:00";"SP";116;228;"GUARULHOS";"Não guardar distância de segurança";"Engavetamento";"Com Vítimas Feridas";"Pleno dia";"Crescente";"Nublado";"Múltipla";"Reta";"Sim";4;0;1;0;3;0;1;3;-23,50343484;-46,56638712;"SPRF-SP";"DEL01-SP";"UOP01-DEL01-SP"
210036;2019-05-17;"sexta-feira";"10:50:00";"PE";232;13,1;"JABOATAO DOS GUARARAPES";"Velocidade Incompatível";"Queda de ocupante de veículo";"Com Vítimas Feridas";"Pleno dia";"Decrescente";"Céu Claro";"Dupla";"Reta";"Não";1;0;1;0;0;0;1;1;-8,087786;-35,010228;"SPRF-PE";"DEL01-PE";"UOP01-DEL01-PE"
210039;2019-05-17;"sexta-feira";"11:35:00";"RS";290;112;"ELDORADO DO SUL";"Falta de Atenção à Condução";"Engavetamento";"Com Vítimas Feridas";"Pleno dia";"Decrescente";"Sol";"Simples";"Reta";"Não";9;0;1;0;8;0;1;3;-30,04342698;-51,33451939;"SPRF-RS";"DEL02-RS";"UOP01-DEL02-RS"
210040;2019-05-17;"sexta-feira";"11:50:00";"PR";153;297;"IMBITUVA";"Velocidade Incompatível";"Saída de leito carroçável";"Com Vítimas Feridas";"Pleno dia";"Crescente";"Chuva";"Simples";"Curva";"Não";1;0;1;0;0;0;1;1;-25,25766;-50,640564;"SPRF-PR";"DEL03-PR";"UOP02-DEL08-PR"
210041;2019-05-17;"sexta-feira";"11:30:00";"PR";376;655,6;"TIJUCAS DO SUL";"Falta de Atenção à Condução";"Queda de ocupante de veículo";"Com Vítimas Feridas";"Pleno dia";"Crescente";"Chuva";"Dupla";"Reta";"Não";1;0;1;0;0;0;1;1;-25,84165409;-49,042472;"SPRF-PR";"DEL01-PR";"UOP04-DEL01-PR"
210044;2019-05-17;"sexta-feira";"12:10:00";"SP";116;222;"GUARULHOS";"Falta de Atenção à Condução";"Colisão traseira";"Com Vítimas Feridas";"Pleno dia";"Crescente";"Nublado";"Múltipla";"Reta";"Sim";3;0;1;0;1;1;1;3;-23,47093408;-46,51631097;"SPRF-SP";"DEL01-SP";"UOP01-DEL01-SP"
210045;2019-05-17;"sexta-feira";"09:00:00";"PI";316;407,2;"MARCOLANDIA";"Pista Escorregadia";"Colisão transversal";"Com Vítimas Feridas";"Pleno dia";"Decrescente";"Chuva";"Simples";"Curva";"Não";2;0;2;0;0;0;2;2;-7,39511548;-40,73630274;"SPRF-PI";"DEL04-PI";"UOP03-DEL04-PI"
210046;2019-05-17;"sexta-feira";"08:50:00";"PI";316;407,2;"MARCOLANDIA";"Pista Escorregadia";"Saída de leito carroçável";"Com Vítimas Feridas";"Pleno dia";"Decrescente";"Chuva";"Simples";"Curva";"Não";1;0;1;0;0;0;1;1;-7,39511548;-40,73630274;"SPRF-PI";"DEL04-PI";"UOP03-DEL04-PI"
210047;2019-05-17;"sexta-feira";"12:40:00";"PE";101;49;"ABREU E LIMA";"Falta de Atenção à Condução";"Colisão transversal";"Sem Vítimas";"Pleno dia";"Decrescente";"Céu Claro";"Múltipla";"Interseção de Vias";"Sim";2;0;0;0;2;0;0;2;-7,9005152;-34,90180641;"SPRF-PE";"DEL01-PE";"UOP02-DEL01-PE"
210048;2019-05-17;"sexta-feira";"11:20:00";"MT";163;826;"SINOP";"Falta de Atenção à Condução";"Colisão lateral";"Com Vítimas Feridas";"Pleno dia";"Crescente";"Céu Claro";"Dupla";"Retorno Regulamentado";"Sim";2;0;0;1;1;0;1;2;-12,067608;-55,51749791;"SPRF-MT";"DEL06-MT";"UOP01-DEL06-MT"
210049;2019-05-17;"sexta-feira";"11:40:00";"RJ";116;307,2;"RESENDE";"Defeito na Via";"Colisão com objeto estático";"Com Vítimas Feridas";"Pleno dia";"Decrescente";"Chuva";"Dupla";"Reta";"Não";2;0;1;0;1;0;1;1;-22,45713262;-44,41063703;"SPRF-RJ";"DEL07-RJ";"DEL5/7-UOP03/RJ"
210051;2019-05-17;"sexta-feira";"12:00:00";"RJ";116;307,2;"RESENDE";"Não guardar distância de segurança";"Colisão traseira";"Com Vítimas Feridas";"Pleno dia";"Decrescente";"Chuva";"Dupla";"Reta";"Não";4;0;1;0;3;0;1;3;-22,45713262;-44,41063703;"SPRF-RJ";"DEL07-RJ";"DEL5/7-UOP03/RJ"
210052;2019-05-17;"sexta-feira";"12:45:00";"MG";381;523;"BRUMADINHO";"Velocidade Incompatível";"Capotamento";"Com Vítimas Feridas";"Pleno dia";"Decrescente";"Chuva";"Dupla";"Curva";"Não";2;0;2;0;0;0;2;1;-20,1530682;-44,32617552;"SPRF-MG";"DEL04-MG";"UOP03-DEL04-MG"
210055;2019-05-17;"sexta-feira";"13:10:00";"GO";40;6,3;"VALPARAISO DE GOIAS";"Falta de Atenção à Condução";"Colisão traseira";"Com Vítimas Feridas";"Pleno dia";"Crescente";"Céu Claro";"Dupla";"Reta";"Sim";2;0;1;0;1;0;1;2;-16,100814;-47,977351;"SPRF-DF";"DEL01-DF";"UOP01-DEL01-DF"
210056;2019-05-17;"sexta-feira";"11:45:00";"SC";101;138;"BALNEARIO CAMBORIU";"Falta de Atenção à Condução";"Colisão traseira";"Com Vítimas Feridas";"Pleno dia";"Crescente";"Céu Claro";"Simples";"Reta";"Sim";2;0;1;0;1;0;1;2;-27,02397426;-48,60761649;"SPRF-SC";"DEL04-SC";"UOP03-DEL04-SC"
210058;2019-05-17;"sexta-feira";"13:30:00";"RN";110;46,7;"MOSSORO";"Desobediência às normas de trânsito pelo condutor";"Colisão transversal";"Com Vítimas Feridas";"Pleno dia";"Decrescente";"Nublado";"Simples";"Rotatória";"Sim";2;0;1;0;1;0;1;2;-5,20177506;-37,32323885;"SPRF-RN";"DEL04-RN";"UOP01-DEL04-RN"
210060;2019-05-17;"sexta-feira";"13:10:00";"RS";158;326,7;"SANTA MARIA";"Defeito Mecânico no Veículo";"Colisão com objeto estático";"Com Vítimas Feridas";"Pleno dia";"Decrescente";"Céu Claro";"Simples";"Reta";"Não";2;0;1;0;1;0;1;1;-29,70975376;-53,80284617;"SPRF-RS";"DEL09-RS";"UOP01-DEL09-RS"
210061;2019-05-17;"sexta-feira";"13:20:00";"SC";101;208;"SAO JOSE";"Falta de Atenção à Condução";"Colisão lateral";"Com Vítimas Feridas";"Pleno dia";"Decrescente";"Céu Claro";"Múltipla";"Declive";"Sim";2;0;1;0;0;1;1;2;-27,60416551;-48,63273735;"SPRF-SC";"DEL01-SC";"UOP01-DEL01-SC"
210062;2019-05-17;"sexta-feira";"07:45:00";"MG";262;726;"PERDIZES";"Pista Escorregadia";"Capotamento";"Com Vítimas Feridas";"Pleno dia";"Crescente";"Chuva";"Simples";"Reta";"Não";2;0;2;0;0;0;2;1;-19,62199424;-47,28731604;"SPRF-MG";"DEL08-MG";"UOP01-DEL08-MG"
210063;2019-05-17;"sexta-feira";"11:00:00";"RJ";101;598;"PARATY";"Pista Escorregadia";"Capotamento";"Com Vítimas Feridas";"Pleno dia";"Decrescente";"Chuva";"Simples";"Curva";"Não";1;0;1;0;0;0;1;1;-23,3470413;-44,75123183;"SPRF-RJ";"DEL03-RJ";"UOP04-DEL03-RJ"
210064;2019-05-17;"sexta-feira";"13:00:00";"RS";116;40,4;"VACARIA";"Falta de Atenção do Pedestre";"Atropelamento de Pedestre";"Com Vítimas Feridas";"Pleno dia";"Decrescente";"Céu Claro";"Simples";"Rotatória";"Sim";2;0;1;0;1;0;1;2;-28,52064126;-50,9419781;"SPRF-RS";"DEL05-RS";"UOP03-DEL05-RS"
210068;2019-05-17;"sexta-feira";"13:50:00";"PR";476;118;"COLOMBO";"Falta de Atenção do Pedestre";"Atropelamento de Pedestre";"Com Vítimas Feridas";"Pleno dia";"Crescente";"Chuva";"Múltipla";"Reta";"Sim";2;0;0;1;1;0;1;2;-25,35634;-49,180828;"SPRF-PR";"DEL01-PR";"UOP07-DEL01-PR"
210070;2019-05-17;"sexta-feira";"13:45:00";"RN";304;24,2;"MOSSORO";"Ingestão de Álcool";"Queda de ocupante de veículo";"Com Vítimas Feridas";"Pleno dia";"Crescente";"Céu Claro";"Simples";"Rotatória";"Não";1;0;1;0;0;0;1;1;-5,06488233;-37,33287055;"SPRF-RN";"DEL04-RN";"UOP02-DEL04-RN"
210071;2019-05-17;"sexta-feira";"14:07:00";"GO";40;3;"VALPARAISO DE GOIAS";"Falta de Atenção do Pedestre";"Atropelamento de Pedestre";"Com Vítimas Feridas";"Pleno dia";"Decrescente";"Céu Claro";"Dupla";"Reta";"Sim";2;0;1;0;0;1;1;2;-16,076081;-47,985671;"SPRF-DF";"DEL01-DF";"UOP01-DEL01-DF"
210072;2019-05-17;"sexta-feira";"14:15:00";"GO";40;1,8;"VALPARAISO DE GOIAS";"Falta de Atenção à Condução";"Colisão traseira";"Com Vítimas Feridas";"Pleno dia";"Decrescente";"Céu Claro";"Dupla";"Reta";"Sim";2;0;1;0;1;0;1;2;-16,058245;-47,982825;"SPRF-DF";"DEL01-DF";"UOP01-DEL01-DF"
210073;2019-05-01;"quarta-feira";"19:00:00";"MG";262;408;"IGARATINGA";"Defeito Mecânico no Veículo";"Incêndio";"Sem Vítimas";"Plena Noite";"Decrescente";"Céu Claro";"Dupla";"Reta";"Não";2;0;0;0;2;0;0;1;-19,88464192;-44,61618402;"SPRF-MG";"DEL08-MG";"UOP03-DEL08-MG"
210074;2019-05-17;"sexta-feira";"14:40:00";"RS";116;249;"SAO LEOPOLDO";"Não guardar distância de segurança";"Colisão traseira";"Com Vítimas Feridas";"Pleno dia";"Decrescente";"Sol";"Dupla";"Reta";"Sim";2;0;1;0;1;0;1;2;-29,7831804;-51,16099063;"SPRF-RS";"DEL01-RS";"UOP02-DEL01-RS"
210076;2019-05-17;"sexta-feira";"14:48:00";"BA";324;619,2;"SALVADOR";"Falta de Atenção à Condução";"Tombamento";"Com Vítimas Feridas";"Pleno dia";"Decrescente";"Céu Claro";"Múltipla";"Reta";"Sim";2;0;1;0;1;0;1;1;-12,89820999;-38,45012202;"SPRF-BA";"DEL01-BA";"UOP01-DEL01-BA"
210077;2019-05-17;"sexta-feira";"14:10:00";"SE";101;149;"ESTANCIA";"Falta de Atenção à Condução";"Colisão lateral";"Com Vítimas Feridas";"Pleno dia";"Decrescente";"Sol";"Simples";"Reta";"Sim";2;0;1;0;1;0;1;2;-11,24076315;-37,43120873;"SPRF-SE";"DEL02-SE";"UOP01-DEL02-SE"
210079;2019-05-17;"sexta-feira";"15:15:00";"MG";40;457;"CAETANOPOLIS";"Pista Escorregadia";"Saída de leito carroçável";"Com Vítimas Feridas";"Pleno dia";"Crescente";"Chuva";"Dupla";"Reta";"Não";1;0;0;1;0;0;1;1;-19,371466;-44,336132;"SPRF-MG";"DEL02-MG";"UOP01-DEL02-MG"
210080;2019-05-17;"sexta-feira";"15:10:00";"RS";470;221;"GARIBALDI";"Falta de Atenção à Condução";"Atropelamento de Pedestre";"Com Vítimas Feridas";"Pleno dia";"Crescente";"Céu Claro";"Simples";"Aclive;Reta";"Não";4;0;1;0;0;3;1;2;-29,20656245;-51,51753372;"SPRF-RS";"DEL06-RS";"UOP01-DEL06-RS"