"id";"data_inversa";"dia_semana";"horario";"uf";"br";"km";"municipio";"causa_acidente";"tipo_acidente";"classificacao_acidente";"fase_dia";"sentido_via";"condicao_metereologica";"tipo_pista";"tracado_via";"uso_solo";"pessoas";"mortos";"feridos_leves";"feridos_graves";"ilesos";"ignorados";"feridos";"veiculos";"latitude";"longitude";"regional";"delegacia";"uop"
210081;2019-05-17;"sexta-feira";"15:35:00";"GO";153;505,3;"APARECIDA DE GOIANIA";"Falta de Atenção à Condução";"Engavetamento";"Sem Vítimas";"Pleno dia";"Crescente";"Garoa/Chuvisco";"Dupla";"Reta;Declive";"Sim";3;0;0;0;3;0;0;3;-16,7537;-49,2411;"SPRF-GO";"DEL01-GO";"UOP01-DEL01-GO"
210085;2019-05-17;"sexta-feira";"16:25:00";"RS";392;1;"PELOTAS";"Não guardar distância de segurança";"Colisão traseira";"Com Vítimas Feridas";"Pleno dia";"Crescente";"Céu Claro";"Simples";"Reta";"Não";2;0;1;0;1;0;1;2;-31,772423;-52,34297;"SPRF-RS";"DEL07-RS";"UOP01-DEL07-RS"
210086;2019-05-17;"sexta-feira";"16:00:00";"MG";262;380;"JUATUBA";"Falta de Atenção à Condução";"Saída de leito carroçável";"Com Vítimas Feridas";"Pleno dia";"Decrescente";"Chuva";"Dupla";"Curva";"Não";2;0;2;0;0;0;2;1;-19,947864;-44,381226;"SPRF-MG";"DEL01-MG";"UOP03-DEL01-MG"
210087;2019-05-17;"sexta-feira";"16:00:00";"PR";116;18;"ANTONINA";"Pista Escorregadia";"Saída de leito carroçável";"Com Vítimas Feridas";"Pleno dia";"Crescente";"Chuva";"Dupla";"Curva";"Não";3;0;2;0;1;0;2;1;-25,103973;-48,710786;"SPRF-PR";"DEL01-PR";"UOP02-DEL01-PR"
210088;2019-05-17;"sexta-feira";"15:50:00";"MG";381;606,8;"OLIVEIRA";"Falta de Atenção à Condução";"Colisão lateral";"Sem Vítimas";"Pleno dia";"Crescente";"Nublado";"Dupla";"Curva";"Não";3;0;0;0;1;2;0;3;-20,67638406;-44,73850226;"SPRF-MG";"DEL04-MG";"UOP01-DEL04-MG"
210089;2019-05-17;"sexta-feira";"16:15:00";"ES";101;132;"LINHARES";"Desobediência às normas de trânsito pelo condutor";"Colisão transversal";"Com Vítimas Fatais";"Pleno dia";"Crescente";"Nublado";"Simples";"Reta";"Não";5;1;1;0;3;0;1;2;-19,24798699;-40,09078893;"SPRF-ES";"DEL04-ES";"UOP01-DEL04-ES"
210090;2019-05-17;"sexta-feira";"16:30:00";"RN";101;110;"PARNAMIRIM";"Desobediência às normas de trânsito pelo condutor";"Colisão lateral";"Com Vítimas Feridas";"Pleno dia";"Crescente";"Céu Claro";"Dupla";"Reta";"Sim";2;0;0;1;1;0;1;2;-5,937378;-35,26483;"SPRF-RN";"DEL01-RN";"UOP01-DEL01-RN"
210091;2019-05-17;"sexta-feira";"16:55:00";"RN";304;299,3;"MACAIBA";"Falta de Atenção à Condução";"Colisão traseira";"Com Vítimas Feridas";"Pleno dia";"Decrescente";"Céu Claro";"Dupla";"Reta";"Sim";2;0;1;0;1;0;1;2;-5,87095859;-35,32359587;"SPRF-RN";"DEL01-RN";"UOP02-DEL01-RN"
210092;2019-05-17;"sexta-feira";"16:15:00";"ES";101;162,9;"LINHARES";"Velocidade Incompatível";"Saída de leito carroçável";"Com Vítimas Feridas";"Pleno dia";"Decrescente";"Chuva";"Simples";"Reta";"Não";1;0;0;1;0;0;1;1;-19,49015283;-40,12624024;"SPRF-ES";"DEL04-ES";"UOP01-DEL04-ES"
210095;2019-05-17;"sexta-feira";"16:15:00";"RJ";116;228;"PIRAI";"Falta de Atenção à Condução";"Colisão com objeto estático";"Sem Vítimas";"Pleno dia";"Decrescente";"Chuva";"Dupla";"Curva";"Não";1;0;0;0;1;0;0;1;-22,660623;-43,82667;"SPRF-RJ";"DEL07-RJ";"UOP01-DEL07-RJ"
210096;2019-05-17;"sexta-feira";"17:30:00";"RJ";40;11;"TRES RIOS";"Falta de Atenção à Condução";"Saída de leito carroçável";"Com Vítimas Feridas";"Anoitecer";"Crescente";"Chuva";"Dupla";"Curva";"Não";3;0;2;0;1;0;2;1;-22,05001673;-43,19798574;"SPRF-RJ";"DEL06-RJ";"UOP02-DEL05-RJ"
210097;2019-05-17;"sexta-feira";"10:30:00";"MA";402;3,7;"BACABEIRA";"Falta de Atenção à Condução";"Colisão com objeto estático";"Sem Vítimas";"Pleno dia";"Decrescente";"Céu Claro";"Simples";"Reta";"Sim";2;0;0;0;2;0;0;2;-2,957435;-44,297928;"SPRF-MA";"DEL01-MA";"UOP01-DEL01-MA"
210098;2019-05-17;"sexta-feira";"17:00:00";"SC";101;119;"ITAJAI";"Não guardar distância de segurança";"Colisão traseira";"Com Vítimas Feridas";"Pleno dia";"Crescente";"Nublado";"Dupla";"Reta";"Não";2;0;1;0;1;0;1;2;-26,9043179;-48,71555481;"SPRF-SC";"DEL04-SC";"UOP04-DEL04-SC"
210099;2019-05-17;"sexta-feira";"17:05:00";"GO";40;0,8;"VALPARAISO DE GOIAS";"Velocidade Incompatível";"Atropelamento de Pedestre";"Com Vítimas Feridas";"Pleno dia";"Crescente";"Céu Claro";"Dupla";"Reta";"Não";3;0;1;0;1;1;1;3;-16,058273;-47,982655;"SPRF-DF";"DEL01-DF";"UOP01-DEL01-DF"
210102;2019-05-17;"sexta-feira";"17:10:00";"PB";101;80;"JOAO PESSOA";"Velocidade Incompatível";"Saída de leito carroçável";"Com Vítimas Feridas";"Anoitecer";"Crescente";"Céu Claro";"Dupla";"Reta";"Sim";1;0;1;0;0;0;1;1;-7,11753704;-34,94951428;"SPRF-PB";"DEL01-PB";"UOP04-DEL01-PB"
210104;2019-05-17;"sexta-feira";"16:00:00";"MA";316;436,4;"PERITORO";"Pista Escorregadia";"Saída de leito carroçável";"Com Vítimas Feridas";"Pleno dia";"Decrescente";"Chuva";"Simples";"Curva";"Não";1;0;1;0;0;0;1;1;-4,41979984;-44,22802404;"SPRF-MA";"DEL03-MA";"UOP01-DEL03-MA"
210105;2019-05-17;"sexta-feira";"13:05:00";"MA";135;43,2;"BACABEIRA";"Falta de Atenção à Condução";"Capotamento";"Com Vítimas Feridas";"Pleno dia";"Crescente";"Céu Claro";"Dupla";"Reta";"Sim";1;0;1;0;0;0;1;1;-2,91264134;-44,35402453;"SPRF-MA";"DEL01-MA";"UOP01-DEL01-MA"
210106;2019-05-17;"sexta-feira";"16:30:00";"RJ";116;265,2;"BARRA MANSA";"Velocidade Incompatível";"Saída de leito carroçável";"Com Vítimas Feridas";"Pleno dia";"Crescente";"Céu Claro";"Simples";"Interseção de Vias";"Sim";1;0;1;0;0;0;1;1;-22,58784914;-44,08578403;"SPRF-RJ";"DEL07-RJ";"UOP02-DEL07-RJ"
210107;2019-05-17;"sexta-feira";"16:45:00";"PR";376;2;"SAO JOSE DOS PINHAIS";"Não guardar distância de segurança";"Colisão traseira";"Com Vítimas Feridas";"Anoitecer";"Crescente";"Nublado";"Dupla";"Reta";"Sim";6;0;0;1;5;0;1;2;-25,538664;-49,192201;"SPRF-PR";"DEL01-PR";"UOP01-DEL01-PR"
210108;2019-05-17;"sexta-feira";"15:42:00";"AC";317;157;"CAPIXABA";"Defeito na Via";"Capotamento";"Com Vítimas Feridas";"Pleno dia";"Crescente";"Céu Claro";"Simples";"Aclive";"Não";3;0;3;0;0;0;3;1;-10,60306573;-67,766246;"SPRF-AC";"DEL01-AC";"UOP02-DEL01-AC"
210109;2019-05-17;"sexta-feira";"18:10:00";"SC";101;324,5;"CAPIVARI DE BAIXO";"Falta de Atenção à Condução";"Tombamento";"Com Vítimas Feridas";"Plena Noite";"Decrescente";"Nublado";"Dupla";"Curva";"Sim";2;0;1;0;1;0;1;2;-28,42890047;-48,92285509;"SPRF-SC";"DEL02-SC";"UOP01-DEL02-SC"
210110;2019-05-17;"sexta-feira";"18:20:00";"SC";470;176;"POUSO REDONDO";"Desobediência às normas de trânsito pelo condutor";"Colisão transversal";"Com Vítimas Feridas";"Plena Noite";"Decrescente";"Céu Claro";"Simples";"Curva";"Não";2;0;1;0;1;0;1;2;-27,254238;-49,948658;"SPRF-SC";"DEL04-SC";"UOP02-DEL04-SC"
210111;2019-05-17;"sexta-feira";"18:05:00";"PR";469;14;"FOZ DO IGUACU";"Falta de Atenção à Condução";"Queda de ocupante de veículo";"Com Vítimas Feridas";"Anoitecer";"Crescente";"Céu Claro";"Simples";"Reta";"Sim";1;0;1;0;0;0;1;1;-25,5781;-54,5411;"SPRF-PR";"DEL05-PR";"UOP04-DEL05-PR"
210112;2019-05-17;"sexta-feira";"17:45:00";"RS";158;415;"SAO GABRIEL";"Falta de Atenção à Condução";"Saída de leito carroçável";"Com Vítimas Feridas";"Anoitecer";"Decrescente";"Céu Claro";"Simples";"Curva";"Não";4;0;2;0;2;0;2;1;-30,02614239;-54,55250479;"SPRF-RS";"DEL11-RS";"UOP02-DEL11-RS"
210113;2019-05-17;"sexta-feira";"18:30:00";"RJ";101;12;"CAMPOS DOS GOYTACAZES";"Ingestão de Álcool";"Colisão com objeto estático";"Com Vítimas Feridas";"Anoitecer";"Decrescente";"Chuva";"Simples";"Curva";"Não";2;0;1;0;1;0;1;1;-21,31648344;-41,32577696;"SPRF-RJ";"DEL08-RJ";"UOP01-DEL08-RJ"
210114;2019-05-17;"sexta-feira";"17:30:00";"RS";480;73;"ERECHIM";"Restrição de Visibilidade";"Colisão transversal";"Com Vítimas Feridas";"Anoitecer";"Crescente";"Céu Claro";"Simples";"Reta";"Sim";2;0;1;0;1;0;1;2;-27,64073939;-52,29593301;"SPRF-RS";"DEL08-RS";"UOP04-DEL08-RS"
210115;2019-05-17;"sexta-feira";"18:55:00";"SP";116;282;"EMBU DAS ARTES";"Pista Escorregadia";"Colisão frontal";"Com Vítimas Feridas";"Plena Noite";"Decrescente";"Chuva";"Simples";"Curva";"Sim";3;0;1;1;1;0;2;2;-23,68570216;-46,85970975;"SPRF-SP";"DEL04-SP";"UOP01-DEL04-SP"
210116;2019-05-17;"sexta-feira";"18:35:00";"MG";381;496;"BETIM";"Falta de Atenção à Condução";"Colisão traseira";"Com Vítimas Feridas";"Plena Noite";"Crescente";"Céu Claro";"Dupla";"Reta";"Não";5;0;3;0;2;0;3;3;-19,99676497;-44,20958506;"SPRF-MG";"DEL01-MG";"UOP03-DEL01-MG"
210117;2019-05-17;"sexta-feira";"18:45:00";"RS";116;245;"SAO LEOPOLDO";"Falta de Atenção à Condução";"Tombamento";"Com Vítimas Feridas";"Plena Noite";"Crescente";"Céu Claro";"Dupla";"Reta";"Sim";2;0;1;0;1;0;1;2;-29,74980902;-51,15125361;"SPRF-RS";"DEL01-RS";"UOP02-DEL01-RS"
210119;2019-05-17;"sexta-feira";"18:35:00";"PR";373;179,5;"PONTA GROSSA";"Velocidade Incompatível";"Colisão transversal";"Com Vítimas Feridas";"Plena Noite";"Decrescente";"Garoa/Chuvisco";"Simples";"Reta";"Sim";2;0;0;1;1;0;1;2;-25,04281018;-50,23950211;"SPRF-PR";"DEL03-PR";"UOP01-DEL03-PR"
210120;2019-05-17;"sexta-feira";"18:40:00";"PR";369;144;"LONDRINA";"Não guardar distância de segurança";"Colisão traseira";"Com Vítimas Feridas";"Plena Noite";"Crescente";"Céu Claro";"Dupla";"Aclive";"Sim";2;0;1;0;0;1;1;2;-23,29308714;-51,10420162;"SPRF-PR";"DEL07-PR";"UOP01-DEL07-PR"
210121;2019-05-17;"sexta-feira";"19:00:00";"MG";116;529,1;"CARATINGA";"Falta de Atenção do Pedestre";"Atropelamento de Pedestre";"Com Vítimas Feridas";"Plena Noite";"Decrescente";"Céu Claro";"Dupla";"Reta";"Sim";3;0;1;0;1;1;1;2;-19,80209596;-42,13678193;"SPRF-MG";"DEL06-MG";"UOP02-DEL06-MG"
210122;2019-05-17;"sexta-feira";"19:05:00";"RS";386;366,1;"FAZENDA VILANOVA";"Desobediência às normas de trânsito pelo condutor";"Colisão transversal";"Com Vítimas Feridas";"Plena Noite";"Decrescente";"Céu Claro";"Dupla";"Interseção de Vias";"Não";3;0;1;0;2;0;1;2;-29,58122;-51,84049;"SPRF-RS";"DEL04-RS";"UOP02-DEL04-RS"
210123;2019-05-17;"sexta-feira";"19:00:00";"SP";153;55;"SAO JOSE DO RIO PRETO";"Ingestão de Álcool";"Colisão transversal";"Sem Vítimas";"Plena Noite";"Crescente";"Céu Claro";"Simples";"Reta";"Não";3;0;0;0;3;0;0;2;-20,75321697;-49,34260108;"SPRF-SP";"DEL09-SP";"UOP01-DEL09-SP"
210124;2019-05-17;"sexta-feira";"19:00:00";"PR";277;638;"CEU AZUL";"Desobediência às normas de trânsito pelo condutor";"Colisão transversal";"Sem Vítimas";"Plena Noite";"Crescente";"Céu Claro";"Simples";"Reta;Interseção de Vias";"Sim";3;0;0;0;2;1;0;3;-25,1578934;-53,85103257;"SPRF-PR";"DEL05-PR";"UOP02-DEL05-PR"
210126;2019-05-17;"sexta-feira";"18:50:00";"PR";376;450,8;"TIBAGI";"Falta de Atenção à Condução";"Saída de leito carroçável";"Com Vítimas Feridas";"Plena Noite";"Decrescente";"Chuva";"Dupla";"Curva";"Não";2;0;1;0;1;0;1;2;-24,94239016;-50,40224704;"SPRF-PR";"DEL03-PR";"UOP02-DEL03-PR"
210127;2019-05-17;"sexta-feira";"17:40:00";"MG";262;593;"CAMPOS ALTOS";"Defeito Mecânico no Veículo";"Saída de leito carroçável";"Com Vítimas Feridas";"Pleno dia";"Decrescente";"Chuva";"Simples";"Declive";"Não";1;0;1;0;0;0;1;1;-19,62368595;-46,27103984;"SPRF-MG";"DEL08-MG";"UOP02-DEL08-MG"
210128;2019-05-17;"sexta-feira";"18:30:00";"GO";60;32,1;"ALEXANIA";"Falta de Atenção do Pedestre";"Atropelamento de Pedestre";"Com Vítimas Feridas";"Anoitecer";"Crescente";"Céu Claro";"Dupla";"Reta";"Sim";3;0;2;0;1;0;2;2;-16,08970287;-48,50454211;"SPRF-DF";"DEL01-DF";"UOP01-DEL03-DF"
210129;2019-05-17;"sexta-feira";"18:00:00";"RO";364;340;"JI-PARANA";"Pista Escorregadia";"Queda de ocupante de veículo";"Com Vítimas Feridas";"Anoitecer";"Crescente";"Céu Claro";"Dupla";"Reta";"Sim";1;0;1;0;0;0;1;1;-10,898802;-61,93046;"SPRF-RO";"DEL02-RO";"UOP01-DEL02-RO"
210133;2019-05-17;"sexta-feira";"18:30:00";"SP";116;149,2;"SAO JOSE DOS CAMPOS";"Defeito Mecânico no Veículo";"Queda de ocupante de veículo";"Com Vítimas Feridas";"Plena Noite";"Decrescente";"Nublado";"Múltipla";"Reta";"Não";2;0;2;0;0;0;2;1;-23,20700047;-45,88626861;"SPRF-SP";"DEL02-SP";"UOP01-DEL02-SP"
210134;2019-05-17;"sexta-feira";"19:40:00";"MG";381;615,6;"OLIVEIRA";"Velocidade Incompatível";"Capotamento";"Com Vítimas Feridas";"Plena Noite";"Decrescente";"Chuva";"Dupla";"Curva";"Não";2;0;1;0;1;0;1;1;-20,74424605;-44,7725478;"SPRF-MG";"DEL04-MG";"UOP01-DEL04-MG"
210135;2019-05-17;"sexta-feira";"19:30:00";"SP";116;70,3;"APARECIDA";"Não guardar distância de segurança";"Colisão traseira";"Sem Vítimas";"Plena Noite";"Decrescente";"Garoa/Chuvisco";"Dupla";"Curva";"Sim";2;0;0;0;2;0;0;2;-22,84852898;-45,22705084;"SPRF-SP";"DEL08-SP";"UOP01-DEL08-SP"
210136;2019-05-17;"sexta-feira";"18:40:00";"MG";40;327,7;"FELIXLANDIA";"Falta de Atenção do Pedestre";"Atropelamento de Pedestre";"Com Vítimas Fatais";"Plena Noite";"Decrescente";"Chuva";"Simples";"Reta";"Não";5;1;0;0;4;0;0;2;-18,55022585;-45,02982475;"SPRF-MG";"DEL14-MG";"UOP02-DEL14-MG"
210137;2019-05-17;"sexta-feira";"19:40:00";"RS";287;250,6;"SANTA MARIA";"Defeito na Via";"Tombamento";"Com Vítimas Feridas";"Plena Noite";"Crescente";"Nublado";"Simples";"Desvio Temporário;Reta";"Sim";1;0;1;0;0;0;1;1;-29,68970247;-53,87360573;"SPRF-RS";"DEL09-RS";"UOP01-DEL09-RS"
210139;2019-05-17;"sexta-feira";"19:00:00";"BA";101;206;"GOVERNADOR MANGABEIRA";"Falta de Atenção à Condução";"Atropelamento de Pedestre";"Com Vítimas Feridas";"Plena Noite";"Decrescente";"Céu Claro";"Simples";"Aclive;Reta";"Não";2;0;1;0;0;1;1;2;-12,6452477;-39,1065851;"SPRF-BA";"DEL01-BA";"UOP03-DEL01-BA"
210140;2019-05-17;"sexta-feira";"19:20:00";"ES";101;147;"LINHARES";"Desobediência às normas de trânsito pelo condutor";"Atropelamento de Pedestre";"Com Vítimas Feridas";"Plena Noite";"Crescente";"Chuva";"Simples";"Reta";"Sim";2;0;1;0;1;0;1;2;-19,37887202;-40,06657892;"SPRF-ES";"DEL04-ES";"UOP01-DEL04-ES"
210141;2019-05-17;"sexta-feira";"17:50:00";"MS";262;505,7;"ANASTACIO";"Animais na Pista";"Capotamento";"Com Vítimas Feridas";"Plena Noite";"Decrescente";"Céu Claro";"Simples";"Reta";"Não";4;0;4;0;0;0;4;1;-20,48316913;-55,95314809;"SPRF-MS";"DEL03-MS";"UOP01-DEL03-MS"
210142;2019-05-17;"sexta-feira";"18:20:00";"RS";116;242;"SAO LEOPOLDO";"Falta de Atenção à Condução";"Colisão transversal";"Com Vítimas Feridas";"Anoitecer";"Crescente";"Céu Claro";"Dupla";"Reta";"Sim";1;0;1;0;0;0;1;1;-29,72297087;-51,14858729;"SPRF-RS";"DEL01-RS";"UOP02-DEL01-RS"
210144;2019-05-17;"sexta-feira";"20:00:00";"SC";101;208;"SAO JOSE";"Velocidade Incompatível";"Colisão traseira";"Com Vítimas Feridas";"Plena Noite";"Decrescente";"Garoa/Chuvisco";"Dupla";"Reta";"Sim";2;0;1;0;1;0;1;2;-27,60327979;-48,63201818;"SPRF-SC";"DEL01-SC";"UOP01-DEL01-SC"
210145;2019-05-17;"sexta-feira";"18:00:00";"MG";116;413;"GOVERNADOR VALADARES";"Velocidade Incompatível";"Tombamento";"Com Vítimas Feridas";"Plena Noite";"Decrescente";"Céu Claro";"Simples";"Interseção de Vias";"Sim";2;0;1;0;1;0;1;2;-18,873907;-41,966366;"SPRF-MG";"DEL06-MG";"UOP01-DEL06-MG"
210148;2019-05-17;"sexta-feira";"12:45:00";"SP";381;85,9;"SAO PAULO";"Velocidade Incompatível";"Colisão com objeto estático";"Sem Vítimas";"Pleno dia";"Crescente";"Garoa/Chuvisco";"Múltipla";"Reta";"Sim";1;0;0;0;0;1;0;1;-23,45888637;-46,57163501;"SPRF-SP";"DEL03-SP";"UOP01-DEL03-SP"
210149;2019-05-17;"sexta-feira";"06:25:00";"GO";414;346;"COCALZINHO DE GOIAS";"Velocidade Incompatível";"Saída de leito carroçável";"Com Vítimas Feridas";"Amanhecer";"Crescente";"Nublado";"Simples";"Aclive;Curva";"Não";1;0;1;0;0;0;1;1;-15,60591333;-48,64747885;"SPRF-GO";"DEL02-GO";"UOP01-DEL02-GO"
210155;2019-05-17;"sexta-feira";"17:00:00";"RR";0;0;"BOA VISTA";"Falta de Atenção do Pedestre";"Atropelamento de Pedestre";"Com Vítimas Feridas";"Pleno dia";"Não Informado";"Nublado";"Simples";"Aclive";"Sim";5;0;0;1;1;3;1;2;2,861408;-60,69804;"SPRF-RR";"DEL01-RR";"UOP01-DEL01-RR"
210158;2019-05-17;"sexta-feira";"17:20:00";"RJ";40;92;"PETROPOLIS";"Velocidade Incompatível";"Tombamento";"Com Vítimas Feridas";"Amanhecer";"Decrescente";"Nublado";"Simples";"Aclive;Curva";"Não";2;0;2;0;0;0;2;1;-22,55191954;-43,25068815;"SPRF-RJ";"DEL06-RJ";"UOP01-DEL06-RJ"
210159;2019-05-17;"sexta-feira";"20:40:00";"PI";343;348,4;"TERESINA";"Ingestão de Álcool";"Colisão transversal";"Sem Vítimas";"Plena Noite";"Decrescente";"Céu Claro";"Simples";"Rotatória";"Sim";2;0;0;0;2;0;0;2;-5,1203421;-42,78906584;"SPRF-PI";"DEL01-PI";"UOP01-DEL01-PI"
210160;2019-05-17;"sexta-feira";"21:20:00";"SC";101;208;"SAO JOSE";"Falta de Atenção à Condução";"Queda de ocupante de veículo";"Com Vítimas Feridas";"Plena Noite";"Decrescente";"Chuva";"Simples";"Reta";"Não";1;0;1;0;0;0;1;1;-27,60327979;-48,63201818;"SPRF-SC";"DEL01-SC";"UOP01-DEL01-SC"
210163;2019-05-17;"sexta-feira";"21:00:00";"MS";163;486,6;"CAMPO GRANDE";"Falta de Atenção à Condução";"Colisão transversal";"Com Vítimas Feridas";"Plena Noite";"Crescente";"Céu Claro";"Simples";"Reta";"Não";3;0;1;0;2;0;1;2;-20,4336361;-54,54376745;"SPRF-MS";"DEL01-MS";"UOP02-DEL01-MS"
210164;2019-05-17;"sexta-feira";"21:30:00";"RJ";101;308;"SAO GONCALO";"Falta de Atenção à Condução";"Colisão com objeto estático";"Com Vítimas Feridas";"Plena Noite";"Crescente";"Garoa/Chuvisco";"Dupla";"Reta";"Sim";2;0;0;1;1;0;1;2;-22,79309326;-43,02479595;"SPRF-RJ";"DEL02-RJ";"DEL5/2-UOP04/RJ"
210165;2019-05-17;"sexta-feira";"18:00:00";"RJ";101;469,3;"ANGRA DOS REIS";"Desobediência às normas de trânsito pelo condutor";"Atropelamento de Pedestre";"Com Vítimas Feridas";"Anoitecer";"Decrescente";"Nublado";"Simples";"Reta";"Não";2;0;2;0;0;0;2;2;-23,01160388;-44,23091089;"SPRF-RJ";"DEL03-RJ";"UOP03-DEL03-RJ"
210166;2019-05-17;"sexta-feira";"11:10:00";"SP";381;69,9;"MAIRIPORA";"Falta de Atenção à Condução";"Capotamento";"Com Vítimas Feridas";"Pleno dia";"Decrescente";"Chuva";"Dupla";"Curva";"Sim";1;0;1;0;0;0;1;1;-23,34983428;-46,56021041;"SPRF-SP";"DEL03-SP";"UOP01-DEL03-SP"
210167;2019-05-17;"sexta-feira";"20:30:00";"MT";364;252;"JUSCIMEIRA";"Defeito na Via";"Saída de leito carroçável";"Com Vítimas Feridas";"Plena Noite";"Crescente";"Céu Claro";"Dupla";"Reta";"Não";4;0;3;0;1;0;3;1;-16,10571816;-54,86275136;"SPRF-MT";"DEL02-MT";"UOP01-DEL02-MT"
210168;2019-05-17;"sexta-feira";"22:30:00";"SC";101;142,4;"BALNEARIO CAMBORIU";"Falta de Atenção à Condução";"Capotamento";"Com Vítimas Feridas";"Plena Noite";"Crescente";"Garoa/Chuvisco";"Múltipla";"Curva";"Não";1;0;1;0;0;0;1;1;-27,056089;-48,599449;"SPRF-SC";"DEL04-SC";"UOP03-DEL04-SC"
210170;2019-05-17;"sexta-feira";"20:40:00";"SC";470;68,9;"INDAIAL";"Falta de Atenção à Condução";"Colisão transversal";"Com Vítimas Feridas";"Plena Noite";"Crescente";"Nublado";"Simples";"Rotatória";"Sim";2;0;1;0;1;0;1;2;-26,877615;-49,239231;"SPRF-SC";"DEL04-SC";"UOP01-DEL04-SC"
210173;2019-05-17;"sexta-feira";"22:15:00";"ES";101;212;"IBIRACU";"Ingestão de Álcool";"Colisão com objeto estático";"Com Vítimas Feridas";"Plena Noite";"Crescente";"Chuva";"Simples";"Curva";"Sim";2;0;2;0;0;0;2;1;-19,81537521;-40,36655964;"SPRF-ES";"DEL02-ES";"UOP01-DEL02-ES"
210174;2019-05-17;"sexta-feira";"22:45:00";"GO";20;3;"FORMOSA";"Falta de Atenção à Condução";"Saída de leito carroçável";"Sem Vítimas";"Plena Noite";"Crescente";"Nublado";"Simples";"Reta";"Sim";1;0;0;0;1;0;0;1;-15,567487;-47,320309;"SPRF-DF";"DEL02-DF";"UOP01-DEL02-DF"
210176;2019-05-17;"sexta-feira";"19:45:00";"MT";364;265;"JACIARA";"Velocidade Incompatível";"Colisão lateral";"Com Vítimas Feridas";"Plena Noite";"Decrescente";"Nublado";"Simples";"Reta";"Sim";2;0;1;0;1;0;1;2;-16,00440488;-54,92002387;"SPRF-MT";"DEL02-MT";"UOP02-DEL05-MT"
210177;2019-05-17;"sexta-feira";"22:00:00";"PR";277;95;"CURITIBA";"Falta de Atenção à Condução";"Colisão lateral";"Sem Vítimas";"Plena Noite";"Decrescente";"Nublado";"Dupla";"Declive;Curva";"Sim";2;0;0;0;2;0;0;2;-25,43071798;-49,3236351;"SPRF-PR";"DEL01-PR";"UOP06-DEL01-PR"
210178;2019-05-17;"sexta-feira";"22:40:00";"RS";290;175,8;"BUTIA";"Desobediência às normas de trânsito pelo condutor";"Colisão com objeto estático";"Com Vítimas Feridas";"Plena Noite";"Crescente";"Céu Claro";"Simples";"Reta";"Sim";3;0;2;0;1;0;2;2;-30,129343;-51,961823;"SPRF-RS";"DEL02-RS";"UOP02-DEL02-RS"
210182;2019-05-17;"sexta-feira";"22:00:00";"MG";381;876,7;"ESTIVA";"Velocidade Incompatível";"Saída de leito carroçável";"Com Vítimas Feridas";"Plena Noite";"Decrescente";"Chuva";"Dupla";"Curva";"Não";1;0;1;0;0;0;1;1;-22,472813;-46,01072791;"SPRF-MG";"DEL16-MG";"UOP01-DEL16-MG"
210183;2019-05-17;"sexta-feira";"23:40:00";"RN";101;79,6;"NATAL";"Animais na Pista";"Capotamento";"Com Vítimas Feridas";"Plena Noite";"Crescente";"Céu Claro";"Dupla";"Reta";"Sim";3;0;1;0;0;2;1;1;-5,74962896;-35,28918369;"SPRF-RN";"DEL02-RN";"UOP01-DEL02-RN"
210184;2019-05-17;"sexta-feira";"23:15:00";"PR";277;98,8;"CURITIBA";"Ingestão de Álcool";"Atropelamento de Pedestre";"Com Vítimas Fatais";"Plena Noite";"Crescente";"Nublado";"Dupla";"Reta";"Sim";2;1;0;0;0;1;0;2;-25,540113;-49,311317;"SPRF-PR";"DEL01-PR";"UOP06-DEL01-PR"
210185;2019-05-17;"sexta-feira";"20:50:00";"RJ";40;119;"DUQUE DE CAXIAS";"Falta de Atenção à Condução";"Colisão frontal";"Com Vítimas Feridas";"Plena Noite";"Crescente";"Céu Claro";"Simples";"Curva";"Não";2;0;1;0;1;0;1;2;-22,76375592;-43,28683062;"SPRF-RJ";"DEL01-RJ";"UOP01-DEL01-RJ"
210186;2019-05-17;"sexta-feira";"23:30:00";"ES";101;267,8;"SERRA";"Falta de Atenção à Condução";"Colisão transversal";"Com Vítimas Feridas";"Plena Noite";"Decrescente";"Chuva";"Dupla";"Interseção de Vias";"Sim";3;0;1;0;2;0;1;2;-20,19930999;-40,26884609;"SPRF-ES";"DEL02-ES";"UOP01-DEL02-ES"
210187;2019-05-17;"sexta-feira";"23:45:00";"MG";381;784,2;"SAO GONCALO DO SAPUCAI";"Defeito Mecânico no Veículo";"Incêndio";"Sem Vítimas";"Plena Noite";"Crescente";"Chuva";"Dupla";"Reta";"Não";1;0;0;0;1;0;0;1;-21,873726;-45,53992;"SPRF-MG";"DEL16-MG";"UOP02-DEL16-MG"
210189;2019-05-17;"sexta-feira";"20:50:00";"MG";153;141;"PRATA";"Falta de Atenção à Condução";"Atropelamento de Animal";"Com Vítimas Feridas";"Plena Noite";"Crescente";"Nublado";"Simples";"Reta";"Não";1;0;1;0;0;0;1;1;-19,57419297;-48,82520551;"SPRF-MG";"DEL15-MG";"UOP03-DEL15-MG"
210190;2019-05-17;"sexta-feira";"22:00:00";"MG";40;300;"TRES MARIAS";"Velocidade Incompatível";"Saída de leito carroçável";"Sem Vítimas";"Plena Noite";"Crescente";"Chuva";"Simples";"Curva";"Não";1;0;0;0;1;0;0;1;-18,350118;-45,09330699;"SPRF-MG";"DEL14-MG";"UOP02-DEL14-MG"