"id";"data_inversa";"dia_semana";"horario";"uf";"br";"km";"municipio";"causa_acidente";"tipo_acidente";"classificacao_acidente";"fase_dia";"sentido_via";"condicao_metereologica";"tipo_pista";"tracado_via";"uso_solo";"pessoas";"mortos";"feridos_leves";"feridos_graves";"ilesos";"ignorados";"feridos";"veiculos";"latitude";"longitude";"regional";"delegacia";"uop"
210192;2019-05-17;"sexta-feira";"22:40:00";"SC";101;208;"SAO JOSE";"Falta de Atenção à Condução";"Tombamento";"Com Vítimas Feridas";"Plena Noite";"Decrescente";"Garoa/Chuvisco";"Múltipla";"Declive";"Sim";2;0;2;0;0;0;2;2;-27,60327979;-48,63201818;"SPRF-SC";"DEL01-SC";"UOP01-DEL01-SC"
210193;2019-05-18;"sábado";"00:35:00";"PR";369;187;"ARAPONGAS";"Velocidade Incompatível";"Colisão traseira";"Com Vítimas Feridas";"Plena Noite";"Crescente";"Céu Claro";"Simples";"Reta";"Sim";1;0;0;1;0;0;1;1;-23,4283;-51,423065;"SPRF-PR";"DEL07-PR";"UOP03-DEL07-PR"
210194;2019-05-18;"sábado";"00:20:00";"ES";101;1,7;"VITORIA";"Pista Escorregadia";"Colisão lateral";"Sem Vítimas";"Plena Noite";"Crescente";"Chuva";"Dupla";"Reta";"Sim";2;0;0;0;2;0;0;2;-20,25073612;-40,2862072;"SPRF-ES";"DEL02-ES";"UOP01-DEL02-ES"
210195;2019-05-18;"sábado";"00:30:00";"SC";101;209;"SAO JOSE";"Velocidade Incompatível";"Colisão traseira";"Com Vítimas Feridas";"Plena Noite";"Decrescente";"Garoa/Chuvisco";"Múltipla";"Reta";"Sim";2;0;1;0;1;0;1;2;-27,61000542;-48,63895057;"SPRF-SC";"DEL01-SC";"UOP01-DEL01-SC"
210196;2019-05-18;"sábado";"00:50:00";"RN";101;116,1;"SAO JOSE DE MIPIBU";"Animais na Pista";"Atropelamento de Animal";"Com Vítimas Feridas";"Plena Noite";"Crescente";"Ignorado";"Dupla";"Aclive";"Não";2;0;1;1;0;0;2;1;-5,99923408;-35,26039018;"SPRF-RN";"DEL01-RN";"UOP01-DEL01-RN"
210199;2019-05-18;"sábado";"01:25:00";"MG";381;918;"CAMANDUCAIA";"Pista Escorregadia";"Tombamento";"Com Vítimas Feridas";"Plena Noite";"Decrescente";"Chuva";"Dupla";"Reta";"Sim";2;0;2;0;0;0;2;1;-22,77347912;-46,18491379;"SPRF-MG";"DEL16-MG";"UOP03-DEL16-MG"
210200;2019-05-18;"sábado";"01:27:00";"ES";101;270;"SERRA";"Pista Escorregadia";"Colisão com objeto estático";"Com Vítimas Feridas";"Plena Noite";"Crescente";"Chuva";"Múltipla";"Curva";"Sim";1;0;1;0;0;0;1;1;-20,22662056;-40,27075088;"SPRF-ES";"DEL02-ES";"UOP01-DEL02-ES"
210202;2019-05-18;"sábado";"02:25:00";"GO";60;134;"GOIANIA";"Ingestão de Álcool";"Capotamento";"Com Vítimas Feridas";"Plena Noite";"Crescente";"Céu Claro";"Dupla";"Declive";"Não";1;0;0;1;0;0;1;1;-16,5827;-49,1876;"SPRF-GO";"DEL01-GO";"UOP01-DEL01-GO"
210203;2019-05-18;"sábado";"01:30:00";"MT";163;834;"SINOP";"Falta de Atenção à Condução";"Queda de ocupante de veículo";"Com Vítimas Feridas";"Plena Noite";"Decrescente";"Céu Claro";"Dupla";"Rotatória";"Sim";1;0;1;0;0;0;1;1;-11,995863;-55,51709;"SPRF-MT";"DEL06-MT";"UOP01-DEL06-MT"
210204;2019-05-18;"sábado";"02:30:00";"PI";316;331,7;"PICOS";"Falta de Atenção do Pedestre";"Atropelamento de Pedestre";"Com Vítimas Fatais";"Plena Noite";"Decrescente";"Céu Claro";"Simples";"Reta";"Não";2;1;0;0;0;1;0;2;-7,10464313;-41,28999002;"SPRF-PI";"DEL04-PI";"UOP01-DEL04-PI"
210206;2019-05-17;"sexta-feira";"21:30:00";"SC";101;133,7;"BALNEARIO CAMBORIU";"Falta de Atenção à Condução";"Colisão traseira";"Com Vítimas Feridas";"Plena Noite";"Decrescente";"Chuva";"Dupla";"Reta";"Sim";2;0;1;0;1;0;1;2;-26,99936;-48,64609;"SPRF-SC";"DEL04-SC";"UOP03-DEL04-SC"
210208;2019-05-18;"sábado";"02:50:00";"MG";116;780,1;"LEOPOLDINA";"Falta de Atenção à Condução";"Saída de leito carroçável";"Com Vítimas Feridas";"Plena Noite";"Decrescente";"Chuva";"Simples";"Curva";"Não";1;0;1;0;0;0;1;1;-21,61482397;-42,69263203;"SPRF-MG";"DEL07-MG";"UOP01-DEL07-MG"
210210;2019-05-18;"sábado";"04:20:00";"ES";262;110;"VENDA NOVA DO IMIGRANTE";"Ingestão de Álcool";"Tombamento";"Com Vítimas Feridas";"Plena Noite";"Crescente";"Nublado";"Simples";"Reta";"Não";1;0;1;0;0;0;1;1;-20,3364276;-41,18081802;"SPRF-ES";"DEL01-ES";"UOP02-DEL01-ES"
210211;2019-05-18;"sábado";"02:50:00";"SC";280;148,3;"MAFRA";"Condutor Dormindo";"Saída de leito carroçável";"Com Vítimas Feridas";"Plena Noite";"Crescente";"Chuva";"Simples";"Curva";"Não";1;0;1;0;0;0;1;1;-26,24634098;-49,67612686;"SPRF-SC";"DEL06-SC";"UOP03-DEL06-SC"
210212;2019-05-18;"sábado";"04:45:00";"PE";101;55,5;"PAULISTA";"Falta de Atenção à Condução";"Saída de leito carroçável";"Com Vítimas Feridas";"Amanhecer";"Decrescente";"Céu Claro";"Dupla";"Reta";"Sim";1;0;0;1;0;0;1;1;-7,94806621;-34,9062148;"SPRF-PE";"DEL01-PE";"UOP02-DEL01-PE"
210213;2019-05-18;"sábado";"04:00:00";"AL";101;36,7;"JOAQUIM GOMES";"Animais na Pista";"Atropelamento de Animal";"Com Vítimas Fatais";"Amanhecer";"Decrescente";"Céu Claro";"Dupla";"Reta";"Não";1;1;0;0;0;0;0;1;-9,13057097;-35,77021608;"SPRF-AL";"DEL01-AL";"UOP01-DEL01-AL"
210216;2019-05-18;"sábado";"05:10:00";"SE";235;87,3;"FREI PAULO";"Ingestão de Álcool";"Capotamento";"Com Vítimas Feridas";"Amanhecer";"Crescente";"Céu Claro";"Simples";"Curva";"Não";2;0;1;0;0;1;1;1;-10,531083;-37,642429;"SPRF-SE";"DEL01-SE";"UOP02-DEL01-SE"
210217;2019-05-18;"sábado";"04:20:00";"SC";101;426,6;"ARARANGUA";"Falta de Atenção à Condução";"Saída de leito carroçável";"Com Vítimas Feridas";"Plena Noite";"Decrescente";"Garoa/Chuvisco";"Múltipla";"Reta";"Não";1;0;1;0;0;0;1;1;-29,02895983;-49,60259557;"SPRF-SC";"DEL02-SC";"UOP02-DEL02-SC"
210218;2019-05-18;"sábado";"04:00:00";"ES";101;260,9;"SERRA";"Pista Escorregadia";"Colisão traseira";"Sem Vítimas";"Amanhecer";"Decrescente";"Chuva";"Dupla";"Declive";"Sim";2;0;0;0;2;0;0;2;-20,14616415;-40,28836206;"SPRF-ES";"DEL02-ES";"UOP01-DEL02-ES"
210219;2019-05-18;"sábado";"05:10:00";"RS";116;253;"SAPUCAIA DO SUL";"Falta de Atenção à Condução";"Colisão traseira";"Sem Vítimas";"Plena Noite";"Crescente";"Céu Claro";"Dupla";"Reta";"Sim";3;0;0;0;3;0;0;3;-29,81784209;-51,16996166;"SPRF-RS";"DEL01-RS";"UOP02-DEL01-RS"
210223;2019-05-18;"sábado";"05:30:00";"MG";381;833,2;"SAO SEBASTIAO DA BELA VISTA";"Pista Escorregadia";"Saída de leito carroçável";"Com Vítimas Feridas";"Amanhecer";"Decrescente";"Chuva";"Dupla";"Reta";"Não";2;0;1;0;1;0;1;1;-22,15798614;-45,8268714;"SPRF-MG";"DEL16-MG";"UOP01-DEL16-MG"
210225;2019-05-18;"sábado";"05:40:00";"PB";230;509,9;"CAJAZEIRAS";"Pista Escorregadia";"Saída de leito carroçável";"Com Vítimas Feridas";"Amanhecer";"Crescente";"Chuva";"Simples";"Aclive";"Não";2;0;0;1;1;0;1;1;-6,8931;-38,5804;"SPRF-PB";"DEL03-PB";"UOP03-DEL03-PB"
210227;2019-02-22;"sexta-feira";"07:15:00";"PR";277;6;"FOZ DO IGUACU";"Animais na Pista";"Atropelamento de Animal";"Com Vítimas Feridas";"Pleno dia";"Decrescente";"Ignorado";"Dupla";"Reta";"Sim";1;0;0;1;0;0;1;1;-25,45925433;-54,58357036;"SPRF-PR";"DEL05-PR";"UOP03-DEL05-PR"
210228;2019-05-18;"sábado";"07:40:00";"SC";101;38,6;"JOINVILLE";"Desobediência às normas de trânsito pelo condutor";"Colisão transversal";"Com Vítimas Feridas";"Pleno dia";"Crescente";"Chuva";"Simples";"Reta";"Sim";3;0;1;1;1;0;2;2;-26,25472505;-48,90561309;"SPRF-SC";"DEL03-SC";"UOP01-DEL03-SC"
210229;2019-05-18;"sábado";"06:50:00";"ES";101;261,6;"SERRA";"Avarias e/ou desgaste excessivo no pneu";"Tombamento";"Com Vítimas Feridas";"Pleno dia";"Crescente";"Chuva";"Simples";"Aclive";"Sim";1;0;1;0;0;0;1;1;-20,14854215;-40,27970926;"SPRF-ES";"DEL02-ES";"UOP01-DEL02-ES"
210230;2019-05-18;"sábado";"03:30:00";"SP";116;268,9;"TABOAO DA SERRA";"Falta de Atenção à Condução";"Colisão com objeto estático";"Com Vítimas Feridas";"Plena Noite";"Crescente";"Garoa/Chuvisco";"Múltipla";"Reta";"Sim";1;0;1;0;0;0;1;1;-23,61301188;-46,77974304;"SPRF-SP";"DEL04-SP";"UOP01-DEL04-SP"
210233;2019-05-18;"sábado";"07:50:00";"PR";369;147;"LONDRINA";"Falta de Atenção à Condução";"Colisão traseira";"Com Vítimas Feridas";"Pleno dia";"Crescente";"Céu Claro";"Dupla";"Reta";"Sim";2;0;1;0;1;0;1;2;-23,29311132;-51,13316059;"SPRF-PR";"DEL07-PR";"UOP01-DEL07-PR"
210235;2019-05-18;"sábado";"04:30:00";"SC";282;124,9;"BOM RETIRO";"Falta de Atenção do Pedestre";"Atropelamento de Pedestre";"Com Vítimas Feridas";"Plena Noite";"Decrescente";"Chuva";"Simples";"Curva;Aclive";"Não";2;0;1;0;1;0;1;2;-27,80651145;-49,45946217;"SPRF-SC";"DEL05-SC";"UOP01-DEL05-SC"
210236;2019-05-18;"sábado";"07:50:00";"RS";285;460,8;"IJUI";"Falta de Atenção à Condução";"Colisão transversal";"Com Vítimas Feridas";"Pleno dia";"Crescente";"Sol";"Simples";"Interseção de Vias";"Não";2;0;0;1;0;1;1;2;-28,41767354;-53,92158508;"SPRF-RS";"DEL10-RS";"UOP01-DEL10-RS"
210237;2019-05-18;"sábado";"07:20:00";"MG";381;485,7;"BETIM";"Agressão Externa";"Queda de ocupante de veículo";"Com Vítimas Feridas";"Pleno dia";"Decrescente";"Céu Claro";"Simples";"Reta";"Sim";2;0;1;0;1;0;1;1;-19,95659361;-44,12622893;"SPRF-MG";"DEL01-MG";"UOP03-DEL01-MG"
210238;2019-05-18;"sábado";"08:05:00";"RS";287;247,5;"SANTA MARIA";"Falta de Atenção à Condução";"Colisão transversal";"Sem Vítimas";"Pleno dia";"Decrescente";"Céu Claro";"Simples";"Rotatória";"Sim";2;0;0;0;2;0;0;2;-29,696018;-53,850956;"SPRF-RS";"DEL09-RS";"UOP01-DEL09-RS"
210239;2019-05-18;"sábado";"08:00:00";"GO";40;58,9;"LUZIANIA";"Defeito Mecânico no Veículo";"Saída de leito carroçável";"Com Vítimas Feridas";"Pleno dia";"Decrescente";"Nublado";"Simples";"Curva";"Não";4;0;1;0;3;0;1;1;-16,511471;-47,809434;"SPRF-DF";"DEL01-DF";"UOP02-DEL01-DF"
210240;2019-05-18;"sábado";"07:00:00";"GO";153;598,1;"MORRINHOS";"Falta de Atenção à Condução";"Saída de leito carroçável";"Com Vítimas Feridas";"Amanhecer";"Decrescente";"Céu Claro";"Simples";"Viaduto;Declive;Reta";"Não";2;0;1;0;1;0;1;1;-17,52423729;-49,21600342;"SPRF-GO";"DEL03-GO";"UOP01-DEL03-GO"
210243;2019-05-18;"sábado";"08:00:00";"PA";316;107;"SANTA MARIA DO PARA";"Não guardar distância de segurança";"Engavetamento";"Sem Vítimas";"Pleno dia";"Crescente";"Céu Claro";"Simples";"Reta";"Sim";3;0;0;0;3;0;0;3;-1,33767446;-47,54282581;"SPRF-PA";"DEL01-PA";"UOP02-DEL01-PA"
210247;2019-05-18;"sábado";"08:15:00";"RJ";116;284;"BARRA MANSA";"Pista Escorregadia";"Capotamento";"Com Vítimas Feridas";"Pleno dia";"Crescente";"Chuva";"Dupla";"Aclive";"Não";1;0;0;1;0;0;1;1;-22,51174295;-44,21705393;"SPRF-RJ";"DEL07-RJ";"UOP02-DEL07-RJ"
210249;2019-05-18;"sábado";"03:30:00";"MS";262;198,2;"RIBAS DO RIO PARDO";"Animais na Pista";"Saída de leito carroçável";"Sem Vítimas";"Plena Noite";"Decrescente";"Ignorado";"Simples";"Declive";"Não";1;0;0;0;1;0;0;1;-20,459582;-53,364661;"SPRF-MS";"DEL07-MS";"UOP02-DEL07-MS"
210251;2019-05-18;"sábado";"09:30:00";"RJ";116;132;"MAGE";"Falta de Atenção à Condução";"Colisão traseira";"Com Vítimas Feridas";"Pleno dia";"Decrescente";"Nublado";"Dupla";"Reta";"Sim";2;0;1;0;1;0;1;2;-22,65703272;-43,13458092;"SPRF-RJ";"DEL04-RJ";"UOP02-DEL04-RJ"
210252;2019-05-18;"sábado";"07:30:00";"RJ";40;124;"DUQUE DE CAXIAS";"Desobediência às normas de trânsito pelo condutor";"Colisão traseira";"Com Vítimas Feridas";"Pleno dia";"Crescente";"Chuva";"Múltipla";"Reta";"Sim";5;0;1;0;4;0;1;2;-22,807953;-43,289124;"SPRF-RJ";"DEL01-RJ";"UOP02-DEL01-RJ"
210254;2019-05-18;"sábado";"09:10:00";"MT";158;569;"AGUA BOA";"Falta de Atenção à Condução";"Colisão lateral";"Com Vítimas Feridas";"Pleno dia";"Crescente";"Céu Claro";"Simples";"Reta";"Sim";4;0;0;2;2;0;2;2;-14,06431192;-52,15395871;"SPRF-MT";"DEL07-MT";"UOP02-DEL07-MT"
210257;2019-05-18;"sábado";"09:00:00";"SP";116;52,5;"LORENA";"Velocidade Incompatível";"Colisão traseira";"Com Vítimas Feridas";"Pleno dia";"Crescente";"Chuva";"Dupla";"Declive;Curva";"Sim";2;0;1;0;1;0;1;2;-22,74708138;-45,09973038;"SPRF-SP";"DEL08-SP";"UOP01-DEL08-SP"
210258;2019-05-18;"sábado";"07:10:00";"RJ";116;98,9;"GUAPIMIRIM";"Velocidade Incompatível";"Colisão frontal";"Com Vítimas Feridas";"Amanhecer";"Decrescente";"Nublado";"Simples";"Reta";"Não";7;0;6;0;1;0;6;2;-22,48285706;-42,99723936;"SPRF-RJ";"DEL04-RJ";"UOP02-DEL04-RJ"
210260;2019-05-18;"sábado";"09:00:00";"MT";163;829;"SINOP";"Falta de Atenção à Condução";"Colisão transversal";"Com Vítimas Feridas";"Pleno dia";"Decrescente";"Céu Claro";"Dupla";"Retorno Regulamentado";"Sim";3;0;3;0;0;0;3;2;-12,040704;-55,51732275;"SPRF-MT";"DEL06-MT";"UOP01-DEL06-MT"
210262;2019-05-18;"sábado";"09:00:00";"MG";40;507,7;"RIBEIRAO DAS NEVES";"Falta de Atenção do Pedestre";"Atropelamento de Pedestre";"Com Vítimas Feridas";"Pleno dia";"Decrescente";"Céu Claro";"Dupla";"Reta";"Não";3;0;0;1;1;1;1;2;-19,75431705;-44,14152606;"SPRF-MG";"DEL02-MG";"UOP01-DEL02-MG"
210264;2019-05-18;"sábado";"09:00:00";"MG";267;258,1;"SERITINGA";"Velocidade Incompatível";"Saída de leito carroçável";"Com Vítimas Feridas";"Pleno dia";"Crescente";"Chuva";"Simples";"Curva";"Não";5;0;3;0;0;2;3;2;-21,92990189;-44,54412811;"SPRF-MG";"DEL05-MG";"UOP01-DEL17-MG"
210266;2019-05-18;"sábado";"10:40:00";"GO";60;97;"ANAPOLIS";"Falta de Atenção à Condução";"Colisão traseira";"Com Vítimas Feridas";"Pleno dia";"Decrescente";"Sol";"Dupla";"Reta";"Sim";3;0;1;0;2;0;1;2;-16,3774;-48,9483;"SPRF-GO";"DEL02-GO";"UOP01-DEL02-GO"
210267;2019-05-18;"sábado";"11:10:00";"PI";343;598;"FLORIANO";"Ingestão de Álcool";"Colisão transversal";"Com Vítimas Feridas";"Pleno dia";"Crescente";"Céu Claro";"Dupla";"Rotatória";"Sim";3;0;2;1;0;0;3;2;-6,819801;-43,060368;"SPRF-PI";"DEL03-PI";"UOP01-DEL03-PI"
210268;2019-05-18;"sábado";"11:20:00";"MG";40;749,5;"SANTOS DUMONT";"Velocidade Incompatível";"Colisão transversal";"Com Vítimas Fatais";"Pleno dia";"Decrescente";"Chuva";"Simples";"Curva";"Não";7;2;0;5;0;0;5;2;-21,447874;-43,55738803;"SPRF-MG";"DEL05-MG";"UOP01-DEL05-MG"
210270;2019-05-18;"sábado";"11:50:00";"PR";277;114,4;"CAMPO LARGO";"Desobediência às normas de trânsito pelo pedestre";"Atropelamento de Pedestre";"Com Vítimas Feridas";"Plena Noite";"Decrescente";"Nublado";"Dupla";"Reta";"Sim";2;0;0;1;1;0;1;2;-25,44478784;-49,50038553;"SPRF-PR";"DEL01-PR";"UOP06-DEL01-PR"
210272;2019-05-18;"sábado";"11:10:00";"ES";262;94;"DOMINGOS MARTINS";"Desobediência às normas de trânsito pelo condutor";"Colisão transversal";"Com Vítimas Feridas";"Pleno dia";"Decrescente";"Chuva";"Simples";"Interseção de Vias";"Não";2;0;1;0;1;0;1;2;-20,37386581;-41,05851884;"SPRF-ES";"DEL01-ES";"UOP02-DEL01-ES"
210273;2019-05-18;"sábado";"10:10:00";"MA";316;297;"PIO XII";"Sinalização da via insuficiente ou inadequada";"Colisão frontal";"Com Vítimas Fatais";"Pleno dia";"Crescente";"Céu Claro";"Dupla";"Reta";"Sim";3;1;0;0;1;1;0;3;-3,879453;-45,169907;"SPRF-MA";"DEL02-MA";"UI04-DEL02-MA"
210275;2019-05-18;"sábado";"12:15:00";"SP";381;75;"SAO PAULO";"Pista Escorregadia";"Capotamento";"Com Vítimas Feridas";"Pleno dia";"Decrescente";"Chuva";"Dupla";"Curva";"Não";2;0;1;0;1;0;1;1;-23,37660089;-46,56409613;"SPRF-SP";"DEL03-SP";"UOP01-DEL03-SP"
210276;2019-05-18;"sábado";"09:30:00";"MG";365;425;"PATOS DE MINAS";"Não guardar distância de segurança";"Colisão traseira";"Com Vítimas Feridas";"Pleno dia";"Decrescente";"Nublado";"Simples";"Reta";"Não";4;0;2;0;2;0;2;2;-18,7215064;-46,61494954;"SPRF-MG";"DEL10-MG";"UOP01-DEL10-MG"
210277;2019-05-18;"sábado";"11:40:00";"GO";153;536,9;"HIDROLANDIA";"Objeto estático sobre o leito carroçável";"Capotamento";"Com Vítimas Feridas";"Pleno dia";"Crescente";"Céu Claro";"Dupla";"Reta";"Não";1;0;1;0;0;0;1;1;-17,0193;-49,2217;"SPRF-GO";"DEL01-GO";"UOP03-DEL01-GO"
210279;2019-05-18;"sábado";"11:30:00";"MT";70;522;"VARZEA GRANDE";"Falta de Atenção à Condução";"Colisão transversal";"Com Vítimas Feridas";"Pleno dia";"Crescente";"Céu Claro";"Simples";"Reta";"Não";2;0;0;1;1;0;1;2;-15,66204845;-56,18614197;"SPRF-MT";"DEL01-MT";"DEL2/4-UOP02/MT"
210281;2019-05-18;"sábado";"12:30:00";"DF";20;18;"BRASILIA";"Desobediência às normas de trânsito pelo condutor";"Engavetamento";"Com Vítimas Feridas";"Pleno dia";"Decrescente";"Céu Claro";"Dupla";"Reta";"Não";3;0;1;0;2;0;1;3;-15,616901;-47,708927;"SPRF-DF";"DEL02-DF";"UOP01-DEL02-DF"
210282;2019-05-18;"sábado";"12:30:00";"RJ";116;293,5;"PORTO REAL";"Pista Escorregadia";"Colisão com objeto estático";"Sem Vítimas";"Pleno dia";"Crescente";"Chuva";"Dupla";"Reta;Viaduto;Declive";"Não";2;0;0;0;2;0;0;2;-22,45023584;-44,32783306;"SPRF-RJ";"DEL07-RJ";"DEL5/7-UOP03/RJ"
210284;2019-05-18;"sábado";"10:50:00";"PR";163;324;"GUAIRA";"Falta de Atenção à Condução";"Queda de ocupante de veículo";"Com Vítimas Feridas";"Pleno dia";"Crescente";"Céu Claro";"Simples";"Reta";"Não";1;0;0;1;0;0;1;1;-24,30956598;-54,1588218;"SPRF-PR";"DEL06-PR";"UOP01-DEL06-PR"
210285;2019-05-18;"sábado";"11:45:00";"RO";364;424;"JARU";"Mal Súbito";"Queda de ocupante de veículo";"Com Vítimas Feridas";"Pleno dia";"Decrescente";"Sol";"Simples";"Interseção de Vias";"Sim";1;0;1;0;0;0;1;1;-10,44457274;-62,46568412;"SPRF-RO";"DEL03-RO";"UOP02-DEL03-RO"
210286;2019-05-18;"sábado";"11:30:00";"MG";116;411,7;"GOVERNADOR VALADARES";"Falta de Atenção à Condução";"Colisão transversal";"Com Vítimas Feridas";"Pleno dia";"Decrescente";"Céu Claro";"Dupla";"Retorno Regulamentado";"Sim";2;0;1;0;1;0;1;2;-18,86244705;-41,97405237;"SPRF-MG";"DEL06-MG";"UOP01-DEL06-MG"
210287;2019-05-18;"sábado";"13:40:00";"RJ";40;43;"PETROPOLIS";"Falta de Atenção à Condução";"Tombamento";"Com Vítimas Feridas";"Pleno dia";"Crescente";"Chuva";"Dupla";"Curva";"Não";2;0;2;0;0;0;2;1;-22,265139;-43,108506;"SPRF-RJ";"DEL06-RJ";"UOP02-DEL05-RJ"
210288;2019-05-18;"sábado";"04:30:00";"SC";282;540;"CHAPECO";"Ingestão de álcool e/ou substâncias psicoativas pelo pedestre";"Saída de leito carroçável";"Com Vítimas Feridas";"Amanhecer";"Crescente";"Nublado";"Simples";"Curva";"Não";4;0;2;2;0;0;4;1;-26,9930957;-52,68877745;"SPRF-SC";"DEL07-SC";"UOP01-DEL07-SC"
210289;2019-05-18;"sábado";"12:00:00";"RJ";40;92;"PETROPOLIS";"Velocidade Incompatível";"Saída de leito carroçável";"Com Vítimas Feridas";"Pleno dia";"Crescente";"Chuva";"Simples";"Curva";"Não";2;0;1;1;0;0;2;1;-22,55191954;-43,25068815;"SPRF-RJ";"DEL06-RJ";"UOP01-DEL06-RJ"
210290;2019-05-18;"sábado";"13:20:00";"MS";163;676,1;"RIO VERDE DE MATO GROSSO";"Não guardar distância de segurança";"Colisão traseira";"Com Vítimas Feridas";"Pleno dia";"Decrescente";"Céu Claro";"Simples";"Reta";"Não";4;0;2;0;2;0;2;2;-18,9521;-54,830445;"SPRF-MS";"DEL06-MS";"UOP02-DEL06-MS"
210292;2019-05-18;"sábado";"14:20:00";"RJ";101;103;"CAMPOS DOS GOYTACAZES";"Falta de Atenção à Condução";"Saída de leito carroçável";"Com Vítimas Feridas";"Pleno dia";"Decrescente";"Chuva";"Dupla";"Reta";"Não";3;0;2;0;1;0;2;1;-21,90327185;-41,60553822;"SPRF-RJ";"DEL08-RJ";"UOP02-DEL08-RJ"
210294;2019-05-18;"sábado";"10:35:00";"BA";242;749;"BARREIRAS";"Ultrapassagem Indevida";"Saída de leito carroçável";"Com Vítimas Feridas";"Pleno dia";"Crescente";"Céu Claro";"Simples";"Reta";"Não";5;0;3;2;0;0;5;1;-12,16184902;-44,61135864;"SPRF-BA";"DEL10-BA";"UOP01-DEL10-BA"
210298;2019-05-18;"sábado";"07:40:00";"MG";381;250,6;"IPATINGA";"Falta de Atenção à Condução";"Colisão transversal";"Com Vítimas Feridas";"Pleno dia";"Decrescente";"Chuva";"Simples";"Interseção de Vias";"Sim";2;0;1;0;1;0;1;2;-19,48378419;-42,55378491;"SPRF-MG";"DEL06-MG";"UOP01-DEL06-MG"
210299;2019-05-18;"sábado";"11:15:00";"MG";40;691,3;"ALFREDO VASCONCELOS";"Falta de Atenção à Condução";"Saída de leito carroçável";"Com Vítimas Feridas";"Pleno dia";"Decrescente";"Céu Claro";"Simples";"Reta";"Não";2;0;1;0;1;0;1;1;-21,108706;-43,76088;"SPRF-MG";"DEL05-MG";"UOP02-DEL05-MG"
210300;2019-05-18;"sábado";"15:25:00";"PE";104;72;"CARUARU";"Velocidade Incompatível";"Saída de leito carroçável";"Com Vítimas Feridas";"Pleno dia";"Decrescente";"Céu Claro";"Simples";"Curva";"Não";2;0;1;1;0;0;2;1;-8,332917;-35,981609;"SPRF-PE";"DEL02-PE";"UOP01-DEL02-PE"
210301;2019-05-18;"sábado";"15:40:00";"RN";101;72,7;"SAO GONCALO DO AMARANTE";"Falta de Atenção à Condução";"Colisão traseira";"Com Vítimas Feridas";"Pleno dia";"Decrescente";"Céu Claro";"Simples";"Interseção de Vias";"Não";3;0;0;2;1;0;2;2;-5,70439901;-35,26570603;"SPRF-RN";"DEL02-RN";"UOP01-DEL02-RN"
210302;2019-05-18;"sábado";"12:50:00";"MG";365;614;"UBERLANDIA";"Falta de Atenção à Condução";"Colisão transversal";"Com Vítimas Feridas";"Pleno dia";"Crescente";"Sol";"Simples";"Reta";"Não";2;0;0;1;1;0;1;2;-18,91332;-48,21792;"SPRF-MG";"DEL15-MG";"UOP01-DEL15-MG"
210303;2019-05-18;"sábado";"15:00:00";"PR";277;27;"MORRETES";"Ingestão de Álcool";"Saída de leito carroçável";"Sem Vítimas";"Pleno dia";"Crescente";"Garoa/Chuvisco";"Dupla";"Reta";"Não";1;0;0;0;1;0;0;1;-25,52935033;-48,72534598;"SPRF-PR";"DEL01-PR";"UOP05-DEL01-PR"
210304;2019-05-18;"sábado";"12:30:00";"RN";226;10;"MACAIBA";"Desobediência às normas de trânsito pelo condutor";"Saída de leito carroçável";"Com Vítimas Feridas";"Pleno dia";"Crescente";"Céu Claro";"Simples";"Reta";"Sim";1;0;1;0;0;0;1;1;-5,84199104;-35,29535395;"SPRF-RN";"DEL01-RN";"UOP02-DEL01-RN"
210305;2019-05-18;"sábado";"16:00:00";"SC";470;165,8;"POUSO REDONDO";"Ingestão de Álcool";"Saída de leito carroçável";"Com Vítimas Feridas";"Pleno dia";"Decrescente";"Garoa/Chuvisco";"Simples";"Curva";"Não";3;0;2;0;1;0;2;1;-27,27721261;-49,85389709;"SPRF-SC";"DEL04-SC";"UOP02-DEL04-SC"
210306;2019-05-18;"sábado";"15:55:00";"RJ";101;261;"RIO BONITO";"Pista Escorregadia";"Colisão com objeto estático";"Sem Vítimas";"Pleno dia";"Crescente";"Garoa/Chuvisco";"Dupla";"Curva";"Não";6;0;0;0;6;0;0;5;-22,71139378;-42,61157199;"SPRF-RJ";"DEL02-RJ";"UOP03-DEL02-RJ"
210307;2019-05-18;"sábado";"15:40:00";"SC";280;53,7;"GUARAMIRIM";"Falta de Atenção à Condução";"Colisão transversal";"Com Vítimas Feridas";"Pleno dia";"Crescente";"Nublado";"Simples";"Reta";"Sim";4;0;1;0;3;0;1;2;-26,47236756;-48,97426617;"SPRF-SC";"DEL03-SC";"UOP03-DEL03-SC"
210309;2019-05-18;"sábado";"15:30:00";"ES";101;391;"RIO NOVO DO SUL";"Pista Escorregadia";"Tombamento";"Com Vítimas Feridas";"Pleno dia";"Crescente";"Chuva";"Simples";"Curva";"Não";1;0;0;1;0;0;1;1;-20,8657929;-40,89634385;"SPRF-ES";"DEL03-ES";"UOP02-DEL03-ES"
210312;2019-05-18;"sábado";"15:50:00";"RJ";116;126;"MAGE";"Ingestão de Álcool";"Capotamento";"Sem Vítimas";"Pleno dia";"Crescente";"Nublado";"Dupla";"Curva";"Não";1;0;0;0;1;0;0;1;-22,65489354;-43,08636526;"SPRF-RJ";"DEL04-RJ";"UOP02-DEL04-RJ"
210316;2019-05-18;"sábado";"16:10:00";"SP";381;57;"MAIRIPORA";"Não guardar distância de segurança";"Engavetamento";"Com Vítimas Feridas";"Pleno dia";"Decrescente";"Chuva";"Dupla";"Reta";"Não";9;0;2;0;7;0;2;7;-23,2658219;-46,5839857;"SPRF-SP";"DEL03-SP";"UOP01-DEL03-SP"