"id";"data_inversa";"dia_semana";"horario";"uf";"br";"km";"municipio";"causa_acidente";"tipo_acidente";"classificacao_acidente";"fase_dia";"sentido_via";"condicao_metereologica";"tipo_pista";"tracado_via";"uso_solo";"pessoas";"mortos";"feridos_leves";"feridos_graves";"ilesos";"ignorados";"feridos";"veiculos";"latitude";"longitude";"regional";"delegacia";"uop"
210421;2019-05-19;"domingo";"03:45:00";"GO";70;9;"AGUAS LINDAS DE GOIAS";"Falta de Atenção à Condução";"Atropelamento de Pedestre";"Com Vítimas Feridas";"Plena Noite";"Decrescente";"Nevoeiro/Neblina";"Simples";"Reta";"Sim";2;0;1;0;1;0;1;2;-15,73576731;-48,28288046;"SPRF-DF";"DEL01-DF";"UOP02-DEL03-DF"
210422;2019-05-19;"domingo";"04:00:00";"AL";316;239,1;"ATALAIA";"Ingestão de Álcool";"Saída de leito carroçável";"Com Vítimas Feridas";"Plena Noite";"Crescente";"Nublado";"Simples";"Reta";"Não";1;0;1;0;0;0;1;1;-9,50625459;-36,04053891;"SPRF-AL";"DEL01-AL";"UOP01-DEL01-AL"
210425;2019-05-19;"domingo";"04:00:00";"SP";116;70,4;"APARECIDA";"Falta de Atenção à Condução";"Colisão com objeto estático";"Com Vítimas Feridas";"Plena Noite";"Crescente";"Nublado";"Dupla";"Reta";"Sim";1;0;1;0;0;0;1;1;-22,84852898;-45,22705084;"SPRF-SP";"DEL08-SP";"UOP01-DEL08-SP"
210427;2019-05-19;"domingo";"04:15:00";"RS";386;344,3;"LAJEADO";"Condutor Dormindo";"Saída de leito carroçável";"Com Vítimas Feridas";"Plena Noite";"Crescente";"Céu Claro";"Dupla";"Reta";"Sim";1;0;1;0;0;0;1;1;-29,439268;-51,993633;"SPRF-RS";"DEL04-RS";"UOP01-DEL04-RS"
210428;2019-05-19;"domingo";"03:45:00";"MT";163;701,4;"LUCAS DO RIO VERDE";"Desobediência às normas de trânsito pelo condutor";"Colisão transversal";"Com Vítimas Feridas";"Plena Noite";"Crescente";"Céu Claro";"Dupla";"Interseção de Vias";"Sim";2;0;1;0;0;1;1;2;-13,069305;-55,9268493;"SPRF-MT";"DEL06-MT";"UOP01-DEL06-MT"
210429;2019-05-19;"domingo";"03:30:00";"PI";343;588,9;"FLORIANO";"Ingestão de Álcool";"Colisão com objeto estático";"Com Vítimas Feridas";"Plena Noite";"Crescente";"Céu Claro";"Dupla";"Reta";"Não";1;0;1;0;0;0;1;1;-6,780452;-43,002651;"SPRF-PI";"DEL03-PI";"UOP01-DEL03-PI"
210430;2019-05-19;"domingo";"02:20:00";"SC";282;347;"CAMPOS NOVOS";"Falta de Atenção à Condução";"Colisão traseira";"Sem Vítimas";"Plena Noite";"Decrescente";"Céu Claro";"Simples";"Reta";"Não";3;0;0;0;2;1;0;3;-27,365206;-51,263924;"SPRF-SC";"DEL07-SC";"UOP06-DEL07-SC"
210431;2019-05-19;"domingo";"01:40:00";"SC";282;347;"CAMPOS NOVOS";"Desobediência às normas de trânsito pelo condutor";"Saída de leito carroçável";"Com Vítimas Feridas";"Plena Noite";"Decrescente";"Céu Claro";"Simples";"Reta";"Não";2;0;2;0;0;0;2;1;-27,365206;-51,263924;"SPRF-SC";"DEL07-SC";"UOP06-DEL07-SC"
210433;2019-05-19;"domingo";"03:50:00";"PR";376;618;"SAO JOSE DOS PINHAIS";"Ingestão de Álcool";"Capotamento";"Sem Vítimas";"Plena Noite";"Crescente";"Céu Claro";"Dupla";"Reta";"Sim";1;0;0;0;1;0;0;1;-25,59168398;-49,17197705;"SPRF-PR";"DEL01-PR";"UOP01-DEL01-PR"
210434;2019-05-19;"domingo";"05:24:00";"CE";222;96,1;"UMIRIM";"Não guardar distância de segurança";"Colisão com objeto em movimento";"Com Vítimas Fatais";"Amanhecer";"Crescente";"Nublado";"Simples";"Reta";"Não";3;1;0;0;0;2;0;3;-3,70731925;-39,39065482;"SPRF-CE";"DEL04-CE";"UOP03-DEL04-CE"
210435;2019-05-18;"sábado";"23:50:00";"SC";282;645,1;"SAO MIGUEL DO OESTE";"Falta de Atenção à Condução";"Tombamento";"Com Vítimas Feridas";"Plena Noite";"Decrescente";"Céu Claro";"Simples";"Reta";"Não";1;0;1;0;0;0;1;1;-26,765184;-53,487823;"SPRF-SC";"DEL07-SC";"UOP03-DEL07-SC"
210436;2019-05-19;"domingo";"05:35:00";"PA";163;996;"SANTAREM";"Defeito na Via";"Queda de ocupante de veículo";"Com Vítimas Feridas";"Amanhecer";"Decrescente";"Nublado";"Simples";"Reta";"Não";2;0;2;0;0;0;2;1;-2,50389971;-54,72751963;"SPRF-PA";"DEL05-PA";"UOP01-DEL05-PA"
210437;2019-05-19;"domingo";"06:45:00";"RJ";493;22;"MAGE";"Ultrapassagem Indevida";"Capotamento";"Com Vítimas Feridas";"Pleno dia";"Decrescente";"Nevoeiro/Neblina";"Simples";"Reta";"Não";3;0;3;0;0;0;3;1;-22,659311;-43,053303;"SPRF-RJ";"DEL04-RJ";"UOP02-DEL04-RJ"
210438;2019-05-19;"domingo";"06:15:00";"MG";381;483;"BETIM";"Ingestão de Álcool";"Colisão lateral";"Sem Vítimas";"Amanhecer";"Crescente";"Céu Claro";"Dupla";"Declive;Curva";"Sim";3;0;0;0;2;1;0;3;-19,95830347;-44,08036709;"SPRF-MG";"DEL01-MG";"UOP03-DEL01-MG"
210439;2019-05-19;"domingo";"05:30:00";"SC";101;337,3;"TUBARAO";"Ingestão de Álcool";"Colisão com objeto estático";"Sem Vítimas";"Plena Noite";"Crescente";"Céu Claro";"Dupla";"Curva";"Não";1;0;0;0;1;0;0;1;-28,49174286;-49,04017925;"SPRF-SC";"DEL02-SC";"UOP01-DEL02-SC"
210440;2019-05-19;"domingo";"06:55:00";"PB";230;14,2;"CABEDELO";"Não guardar distância de segurança";"Colisão traseira";"Sem Vítimas";"Pleno dia";"Decrescente";"Céu Claro";"Dupla";"Reta";"Sim";2;0;0;0;2;0;0;2;-7,09379137;-34,84806418;"SPRF-PB";"DEL01-PB";"UOP01-DEL01-PB"
210443;2019-05-15;"quarta-feira";"20:50:00";"GO";60;45;"APARECIDA DE GOIANIA";"Falta de Atenção à Condução";"Colisão lateral";"Com Vítimas Feridas";"Plena Noite";"Decrescente";"Céu Claro";"Dupla";"Interseção de Vias";"Sim";2;0;1;0;1;0;1;2;-16,8101;-49,2397;"SPRF-GO";"DEL01-GO";"UOP03-DEL01-GO"
210444;2019-05-19;"domingo";"06:30:00";"SC";282;1;"FLORIANOPOLIS";"Ingestão de Álcool";"Colisão com objeto estático";"Sem Vítimas";"Amanhecer";"Crescente";"Nublado";"Dupla";"Reta";"Sim";1;0;0;0;1;0;0;1;-27,602955;-48,580509;"SPRF-SC";"DEL01-SC";"UOP01-DEL01-SC"
210445;2019-05-19;"domingo";"05:30:00";"RJ";493;2;"ITABORAI";"Sinalização da via insuficiente ou inadequada";"Colisão frontal";"Com Vítimas Feridas";"Amanhecer";"Crescente";"Nevoeiro/Neblina";"Dupla";"Reta";"Não";7;0;3;0;4;0;3;2;-22,75950214;-42,93544822;"SPRF-RJ";"DEL04-RJ";"UOP02-DEL04-RJ"
210446;2019-05-19;"domingo";"07:40:00";"PR";376;657,8;"TIJUCAS DO SUL";"Velocidade Incompatível";"Saída de leito carroçável";"Sem Vítimas";"Pleno dia";"Decrescente";"Céu Claro";"Dupla";"Curva";"Não";1;0;0;0;1;0;0;1;-25,85232468;-49,03032776;"SPRF-PR";"DEL01-PR";"UOP04-DEL01-PR"
210447;2019-05-19;"domingo";"01:00:00";"SC";116;1;"MAFRA";"Ingestão de Álcool";"Saída de leito carroçável";"Sem Vítimas";"Plena Noite";"Decrescente";"Garoa/Chuvisco";"Simples";"Rotatória";"Não";1;0;0;0;1;0;0;1;-26,1170929;-49,78694917;"SPRF-SC";"DEL06-SC";"UOP01-DEL06-SC"
210448;2019-05-19;"domingo";"06:40:00";"SC";280;123;"SAO BENTO DO SUL";"Ingestão de álcool e/ou substâncias psicoativas pelo pedestre";"Colisão transversal";"Sem Vítimas";"Pleno dia";"Crescente";"Garoa/Chuvisco";"Simples";"Curva";"Não";5;0;0;0;5;0;0;2;-26,24420169;-49,46557991;"SPRF-SC";"DEL06-SC";"UOP03-DEL06-SC"
210449;2019-05-19;"domingo";"05:00:00";"SC";101;291;"IMBITUBA";"Condutor Dormindo";"Capotamento";"Com Vítimas Feridas";"Plena Noite";"Crescente";"Garoa/Chuvisco";"Dupla";"Aclive";"Não";1;0;1;0;0;0;1;1;-28,26980586;-48,70081551;"SPRF-SC";"DEL02-SC";"UOP03-DEL02-SC"
210451;2019-05-19;"domingo";"07:05:00";"GO";40;54,9;"LUZIANIA";"Falta de Atenção à Condução";"Saída de leito carroçável";"Com Vítimas Feridas";"Pleno dia";"Crescente";"Nevoeiro/Neblina";"Dupla";"Reta";"Não";5;0;3;2;0;0;5;1;-16,476451;-47,811164;"SPRF-DF";"DEL01-DF";"UOP02-DEL01-DF"
210455;2019-05-19;"domingo";"07:45:00";"RJ";101;295;"ITABORAI";"Falta de Atenção à Condução";"Colisão com objeto estático";"Com Vítimas Feridas";"Pleno dia";"Crescente";"Nublado";"Simples";"Reta";"Sim";1;0;1;0;0;0;1;1;-22,76365068;-42,90223623;"SPRF-RJ";"DEL02-RJ";"DEL5/2-UOP04/RJ"
210456;2019-05-19;"domingo";"06:10:00";"PR";116;146;"MANDIRITUBA";"Falta de Atenção à Condução";"Saída de leito carroçável";"Sem Vítimas";"Pleno dia";"Decrescente";"Nublado";"Simples";"Reta";"Não";1;0;0;0;1;0;0;1;-25,78172684;-49,32535079;"SPRF-PR";"DEL01-PR";"UOP03-DEL01-PR"
210457;2019-05-19;"domingo";"07:45:00";"PR";376;657;"TIJUCAS DO SUL";"Velocidade Incompatível";"Saída de leito carroçável";"Com Vítimas Feridas";"Pleno dia";"Decrescente";"Nublado";"Simples";"Curva";"Não";3;0;2;0;1;0;2;1;-25,85232468;-49,03032776;"SPRF-PR";"DEL01-PR";"UOP04-DEL01-PR"
210459;2019-05-19;"domingo";"08:00:00";"SC";282;3,7;"FLORIANOPOLIS";"Ingestão de Álcool";"Colisão com objeto estático";"Com Vítimas Feridas";"Pleno dia";"Crescente";"Nublado";"Dupla";"Reta";"Não";1;0;1;0;0;0;1;1;-27,600384;-48,599705;"SPRF-SC";"DEL01-SC";"UOP01-DEL01-SC"
210460;2019-05-19;"domingo";"07:50:00";"RJ";40;92;"DUQUE DE CAXIAS";"Falta de Atenção à Condução";"Queda de ocupante de veículo";"Com Vítimas Feridas";"Plena Noite";"Decrescente";"Céu Claro";"Simples";"Curva";"Não";1;0;1;0;0;0;1;1;-22,55191954;-43,25068815;"SPRF-RJ";"DEL06-RJ";"UOP01-DEL06-RJ"
210461;2019-05-19;"domingo";"08:35:00";"SC";101;48,7;"JOINVILLE";"Pista Escorregadia";"Colisão com objeto estático";"Com Vítimas Feridas";"Pleno dia";"Crescente";"Chuva";"Dupla";"Curva";"Não";2;0;1;0;1;0;1;1;-26,35345909;-48,85867862;"SPRF-SC";"DEL03-SC";"UOP01-DEL03-SC"
210462;2019-05-19;"domingo";"07:00:00";"RJ";101;494;"ANGRA DOS REIS";"Fenômenos da Natureza";"Colisão com objeto estático";"Sem Vítimas";"Amanhecer";"Crescente";"Chuva";"Simples";"Curva";"Não";1;0;0;0;1;0;0;1;-22,93752781;-44,3185162;"SPRF-RJ";"DEL03-RJ";"UOP03-DEL03-RJ"
210466;2019-05-18;"sábado";"00:50:00";"SC";280;238,1;"CANOINHAS";"Ingestão de Álcool";"Colisão lateral";"Com Vítimas Feridas";"Plena Noite";"Crescente";"Céu Claro";"Simples";"Reta";"Não";1;0;0;1;0;0;1;1;-26,20536399;-50,438846;"SPRF-SC";"DEL06-SC";"UOP04-DEL06-SC"
210467;2019-05-19;"domingo";"08:40:00";"SC";101;122,6;"ITAJAI";"Sinalização da via insuficiente ou inadequada";"Colisão traseira";"Com Vítimas Feridas";"Pleno dia";"Crescente";"Nublado";"Dupla";"Reta;Desvio Temporário;Em Obras";"Sim";3;0;2;0;1;0;2;2;-26,92955916;-48,70499836;"SPRF-SC";"DEL04-SC";"UOP04-DEL04-SC"
210468;2019-05-19;"domingo";"09:00:00";"MG";116;807,7;"ALEM PARAIBA";"Ingestão de Substâncias Psicoativas";"Saída de leito carroçável";"Com Vítimas Feridas";"Pleno dia";"Crescente";"Nublado";"Simples";"Aclive";"Não";1;0;1;0;0;0;1;1;-21,81514999;-42,69409418;"SPRF-MG";"DEL07-MG";"UOP01-DEL07-MG"
210470;2019-05-19;"domingo";"03:30:00";"AL";316;88,9;"SANTANA DO IPANEMA";"Animais na Pista";"Atropelamento de Animal";"Com Vítimas Feridas";"Plena Noite";"Decrescente";"Céu Claro";"Simples";"Curva";"Não";3;0;3;0;0;0;3;1;-9,38256709;-37,2204121;"SPRF-AL";"DEL03-AL";"UOP02-DEL03-AL"
210472;2019-05-19;"domingo";"07:40:00";"SP";116;228;"GUARULHOS";"Ingestão de Álcool";"Colisão traseira";"Com Vítimas Feridas";"Amanhecer";"Decrescente";"Nublado";"Múltipla";"Aclive";"Sim";2;0;2;0;0;0;2;2;-23,5063825;-46,56970032;"SPRF-SP";"DEL01-SP";"UOP01-DEL01-SP"
210473;2019-05-19;"domingo";"07:30:00";"SC";101;135,2;"BALNEARIO CAMBORIU";"Falta de Atenção à Condução";"Tombamento";"Com Vítimas Feridas";"Pleno dia";"Crescente";"Nublado";"Simples";"Reta";"Sim";1;0;1;0;0;0;1;1;-27,0050108;-48,62677494;"SPRF-SC";"DEL04-SC";"UOP03-DEL04-SC"
210475;2019-05-19;"domingo";"08:45:00";"MG";381;451;"SANTA LUZIA";"Falta de Atenção à Condução";"Tombamento";"Com Vítimas Feridas";"Pleno dia";"Decrescente";"Nublado";"Simples";"Reta";"Sim";1;0;1;0;0;0;1;1;-19,83832024;-43,8806931;"SPRF-MG";"DEL01-MG";"UOP01-DEL01-MG"
210476;2019-05-19;"domingo";"05:30:00";"RJ";465;20;"NOVA IGUACU";"Ultrapassagem Indevida";"Colisão frontal";"Com Vítimas Feridas";"Amanhecer";"Decrescente";"Nublado";"Simples";"Curva";"Sim";4;0;1;0;3;0;1;2;-22,85782743;-43,6013031;"SPRF-RJ";"DEL01-RJ";"UOP01-DEL01-MS"
210477;2019-05-19;"domingo";"05:30:00";"PR";163;3;"BARRACAO";"Ingestão de Álcool";"Saída de leito carroçável";"Com Vítimas Feridas";"Amanhecer";"Crescente";"Céu Claro";"Simples";"Reta";"Não";3;0;1;0;0;2;1;1;-26,25066;-53,635523;"SPRF-PR";"DEL02-PR";"UOP02-DEL02-PR"
210478;2019-05-19;"domingo";"09:00:00";"RJ";393;285,8;"VOLTA REDONDA";"Falta de Atenção do Pedestre";"Atropelamento de Pedestre";"Com Vítimas Feridas";"Pleno dia";"Crescente";"Nublado";"Simples";"Reta";"Sim";3;0;0;1;1;1;1;2;-22,481726;-44,06308602;"SPRF-RJ";"DEL05-RJ";"UOP04-DEL05-RJ"
210479;2019-05-19;"domingo";"07:30:00";"RR";174;292,3;"CARACARAI";"Falta de Atenção à Condução";"Saída de leito carroçável";"Com Vítimas Feridas";"Pleno dia";"Crescente";"Chuva";"Simples";"Curva";"Não";4;0;3;1;0;0;4;1;1,76465787;-61,15532131;"SPRF-RR";"DEL01-RR";"UOP04/RR"
210481;2019-05-19;"domingo";"09:53:00";"SP";116;129,7;"CACAPAVA";"Falta de Atenção à Condução";"Colisão traseira";"Com Vítimas Feridas";"Pleno dia";"Crescente";"Sol";"Dupla";"Reta";"Sim";2;0;1;0;1;0;1;2;-23,11885593;-45,71948203;"SPRF-SP";"DEL06-SP";"UOP02-DEL02-SP"
210485;2019-05-19;"domingo";"09:30:00";"PA";316;18,5;"BENEVIDES";"Falta de Atenção à Condução";"Atropelamento de Pedestre";"Com Vítimas Feridas";"Pleno dia";"Decrescente";"Céu Claro";"Dupla";"Reta";"Sim";2;0;0;1;1;0;1;2;-1,36492215;-48,2831955;"SPRF-PA";"DEL01-PA";"DEL19/1-UOP05/PA"
210487;2019-05-19;"domingo";"10:05:00";"PR";153;111;"IBAITI";"Desobediência às normas de trânsito pelo condutor";"Colisão transversal";"Com Vítimas Feridas";"Pleno dia";"Decrescente";"Nublado";"Simples";"Interseção de Vias";"Sim";3;0;1;0;2;0;1;2;-23,86125206;-50,19948581;"SPRF-PR";"DEL07-PR";"UOP04-DEL07-PR"
210488;2019-05-19;"domingo";"12:20:00";"PE";232;35;"MORENO";"Defeito na Via";"Colisão traseira";"Sem Vítimas";"Pleno dia";"Decrescente";"Céu Claro";"Dupla";"Reta";"Sim";2;0;0;0;2;0;0;2;-8,10907341;-35,19256991;"SPRF-PE";"DEL01-PE";"UOP02-DEL02PE"
210490;2019-05-19;"domingo";"12:30:00";"RS";116;255;"ESTEIO";"Desobediência às normas de trânsito pelo condutor";"Tombamento";"Com Vítimas Feridas";"Pleno dia";"Crescente";"Sol";"Dupla";"Reta";"Não";1;0;1;0;0;0;1;1;-29,83522986;-51,17484349;"SPRF-RS";"DEL01-RS";"UOP02-DEL01-RS"
210491;2019-05-19;"domingo";"12:40:00";"MG";262;388,2;"FLORESTAL";"Velocidade Incompatível";"Saída de leito carroçável";"Com Vítimas Feridas";"Pleno dia";"Decrescente";"Sol";"Dupla";"Declive;Curva";"Não";1;0;0;1;0;0;1;1;-19,91917085;-44,49085236;"SPRF-MG";"DEL01-MG";"UOP03-DEL01-MG"
210492;2019-05-19;"domingo";"12:15:00";"PB";230;13;"CABEDELO";"Desobediência às normas de trânsito pelo condutor";"Colisão lateral";"Com Vítimas Feridas";"Pleno dia";"Decrescente";"Céu Claro";"Dupla";"Reta";"Sim";2;0;1;0;1;0;1;2;-7,086405;-34,848617;"SPRF-PB";"DEL01-PB";"UOP01-DEL01-PB"
210494;2019-05-19;"domingo";"12:15:00";"RJ";40;94,2;"PETROPOLIS";"Pista Escorregadia";"Tombamento";"Com Vítimas Feridas";"Pleno dia";"Decrescente";"Céu Claro";"Simples";"Curva";"Não";2;0;1;0;1;0;1;1;-22,55763285;-43,26574352;"SPRF-RJ";"DEL06-RJ";"UOP01-DEL06-RJ"
210495;2019-05-19;"domingo";"13:00:00";"RS";293;4,3;"PELOTAS";"Falta de Atenção à Condução";"Colisão traseira";"Com Vítimas Feridas";"Pleno dia";"Crescente";"Céu Claro";"Simples";"Reta";"Não";2;0;1;0;1;0;1;2;-31,73357732;-52,37275615;"SPRF-RS";"DEL07-RS";"UOP01-DEL07-RS"
210498;2019-05-19;"domingo";"10:00:00";"GO";153;411,2;"PIRENOPOLIS";"Defeito Mecânico no Veículo";"Queda de ocupante de veículo";"Com Vítimas Feridas";"Pleno dia";"Decrescente";"Céu Claro";"Simples";"Reta";"Não";2;0;2;0;0;0;2;1;-16,103788;-49,030304;"SPRF-GO";"DEL02-GO";"UOP01-DEL02-GO"
210500;2019-05-19;"domingo";"13:00:00";"SC";101;202,2;"SAO JOSE";"Falta de Atenção à Condução";"Colisão traseira";"Com Vítimas Feridas";"Pleno dia";"Crescente";"Garoa/Chuvisco";"Múltipla";"Declive";"Sim";2;0;1;0;1;0;1;2;-27,55711595;-48,61897889;"SPRF-SC";"DEL01-SC";"UOP01-DEL01-SC"
210501;2019-05-19;"domingo";"13:00:00";"MG";116;530,5;"CARATINGA";"Desobediência às normas de trânsito pelo condutor";"Colisão lateral";"Com Vítimas Feridas";"Pleno dia";"Crescente";"Nublado";"Simples";"Curva";"Sim";2;0;0;1;1;0;1;2;-19,81067298;-42,13539446;"SPRF-MG";"DEL06-MG";"UOP02-DEL06-MG"
210502;2019-05-12;"domingo";"00:35:00";"MS";163;374;"NOVA ALVORADA DO SUL";"Ingestão de Álcool";"Saída de leito carroçável";"Sem Vítimas";"Plena Noite";"Crescente";"Céu Claro";"Simples";"Reta";"Não";1;0;0;0;1;0;0;1;-21,39332793;-54,40779977;"SPRF-MS";"DEL02-MS";"UOP01-DEL02-MS"
210503;2019-05-19;"domingo";"13:30:00";"MG";40;662;"CARANDAI";"Falta de Atenção à Condução";"Colisão com objeto estático";"Sem Vítimas";"Pleno dia";"Crescente";"Céu Claro";"Dupla";"Curva";"Não";1;0;0;0;1;0;0;1;-20,91349375;-43,82687955;"SPRF-MG";"DEL05-MG";"UOP02-DEL05-MG"
210504;2019-05-19;"domingo";"13:25:00";"SC";470;76;"INDAIAL";"Falta de Atenção à Condução";"Colisão lateral";"Com Vítimas Feridas";"Pleno dia";"Decrescente";"Céu Claro";"Simples";"Reta";"Não";2;0;0;1;1;0;1;2;-26,933308;-49,287426;"SPRF-SC";"DEL04-SC";"UOP01-DEL04-SC"
210505;2019-05-19;"domingo";"13:40:00";"RS";470;169,4;"VILA FLORES";"Ultrapassagem Indevida";"Colisão lateral";"Com Vítimas Feridas";"Pleno dia";"Crescente";"Céu Claro";"Simples";"Reta";"Sim";4;0;2;0;2;0;2;2;-28,86454223;-51,55299051;"SPRF-RS";"DEL06-RS";"UOP02-DEL06-RS"
210506;2019-05-19;"domingo";"13:50:00";"MG";40;332,5;"FELIXLANDIA";"Velocidade Incompatível";"Capotamento";"Sem Vítimas";"Pleno dia";"Crescente";"Sol";"Simples";"Declive";"Não";1;0;0;0;1;0;0;1;-18,59007315;-45,00881635;"SPRF-MG";"DEL14-MG";"UOP02-DEL14-MG"
210507;2019-05-19;"domingo";"13:30:00";"PR";277;540,8;"IBEMA";"Falta de Atenção à Condução";"Colisão lateral";"Sem Vítimas";"Pleno dia";"Decrescente";"Céu Claro";"Simples";"Reta";"Não";2;0;0;0;2;0;0;2;-25,1045022;-53,03379207;"SPRF-PR";"DEL04-PR";"UOP04-DEL04-PR"
210508;2019-05-19;"domingo";"12:55:00";"PB";230;66;"SAO MIGUEL DE TAIPU";"Avarias e/ou desgaste excessivo no pneu";"Saída de leito carroçável";"Com Vítimas Feridas";"Pleno dia";"Crescente";"Chuva";"Dupla";"Curva";"Não";1;0;1;0;0;0;1;1;-7,1874;-35,1889;"SPRF-PB";"DEL01-PB";"UOP03-DEL01-PB"
210509;2019-04-22;"segunda-feira";"10:40:00";"GO";60;373;"RIO VERDE";"Velocidade Incompatível";"Saída de leito carroçável";"Com Vítimas Fatais";"Pleno dia";"Crescente";"Céu Claro";"Dupla";"Reta";"Não";4;1;0;2;0;1;2;2;-17,7116;-50,8524;"SPRF-GO";"DEL04-GO";"UOP01-DEL04-GO"
210511;2019-05-19;"domingo";"15:10:00";"SC";101;229,7;"PALHOCA";"Velocidade Incompatível";"Saída de leito carroçável";"Com Vítimas Feridas";"Pleno dia";"Decrescente";"Garoa/Chuvisco";"Dupla";"Reta";"Não";1;0;0;1;0;0;1;1;-27,7688932;-48,63205379;"SPRF-SC";"DEL01-SC";"UOP02-DEL01-SC"
210512;2019-05-19;"domingo";"14:10:00";"GO";153;592;"MORRINHOS";"Velocidade Incompatível";"Saída de leito carroçável";"Sem Vítimas";"Pleno dia";"Crescente";"Céu Claro";"Dupla";"Reta";"Não";1;0;0;0;0;1;0;1;-17,4826;-49,2097;"SPRF-GO";"DEL03-GO";"UOP01-DEL03-GO"
210513;2019-05-19;"domingo";"13:12:00";"RJ";116;273,2;"BARRA MANSA";"Ingestão de Álcool";"Colisão com objeto estático";"Sem Vítimas";"Pleno dia";"Decrescente";"Céu Claro";"Dupla";"Curva";"Não";1;0;0;0;0;1;0;1;-22,5462511;-44,1844368;"SPRF-RJ";"DEL07-RJ";"UOP02-DEL07-RJ"
210514;2019-05-19;"domingo";"14:20:00";"PB";230;135,9;"CAMPINA GRANDE";"Velocidade Incompatível";"Saída de leito carroçável";"Com Vítimas Feridas";"Pleno dia";"Crescente";"Chuva";"Dupla";"Curva";"Não";2;0;1;0;1;0;1;1;-7,277046;-35,77291;"SPRF-PB";"DEL02-PB";"UOP01-DEL02-PB"
210515;2019-05-19;"domingo";"15:20:00";"MG";381;427;"CAETE";"Sinalização da via insuficiente ou inadequada";"Colisão frontal";"Com Vítimas Feridas";"Pleno dia";"Crescente";"Céu Claro";"Simples";"Curva;Declive;Desvio Temporário;Em Obras";"Não";2;0;0;1;1;0;1;2;-19,78854826;-43,69815304;"SPRF-MG";"DEL01-MG";"UOP01-DEL01-MG"
210516;2019-05-19;"domingo";"15:49:00";"TO";153;659,4;"GURUPI";"Desobediência às normas de trânsito pelo condutor";"Colisão frontal";"Com Vítimas Feridas";"Pleno dia";"Crescente";"Céu Claro";"Simples";"Aclive";"Não";3;0;2;0;1;0;2;2;-11,61367288;-49,04469534;"SPRF-TO";"DEL02-TO";"UOP02-DEL01-TO"
210517;2019-05-19;"domingo";"16:00:00";"BA";324;518;"FEIRA DE SANTANA";"Ingestão de Álcool";"Capotamento";"Com Vítimas Feridas";"Anoitecer";"Decrescente";"Céu Claro";"Simples";"Reta";"Sim";2;0;0;2;0;0;2;1;-12,258195;-38,932182;"SPRF-BA";"DEL02-BA";"UOP01-DEL02-BA"
210518;2019-05-19;"domingo";"16:30:00";"RS";116;232;"ESTANCIA VELHA";"Desobediência às normas de trânsito pelo condutor";"Colisão transversal";"Com Vítimas Feridas";"Pleno dia";"Crescente";"Céu Claro";"Dupla";"Reta";"Sim";2;0;1;0;1;0;1;2;-29,63300002;-51,14325106;"SPRF-RS";"DEL01-RS";"UOP02-DEL01-RS"
210520;2019-05-19;"domingo";"10:40:00";"RJ";101;45,6;"CAMPOS DOS GOYTACAZES";"Restrição de Visibilidade";"Atropelamento de Pedestre";"Com Vítimas Fatais";"Pleno dia";"Decrescente";"Chuva";"Simples";"Reta";"Não";2;1;0;0;0;1;0;2;-21,58933207;-41,31689933;"SPRF-RJ";"DEL08-RJ";"UOP01-DEL08-RJ"
210521;2019-05-19;"domingo";"16:30:00";"RJ";101;59;"CAMPOS DOS GOYTACAZES";"Falta de Atenção à Condução";"Colisão com objeto em movimento";"Com Vítimas Feridas";"Anoitecer";"Decrescente";"Céu Claro";"Simples";"Reta";"Não";1;0;0;1;0;0;1;1;-21,71366497;-41,30861915;"SPRF-RJ";"DEL08-RJ";"UOP01-DEL08-RJ"
210522;2019-05-19;"domingo";"14:45:00";"MG";262;120;"RIO CASCA";"Falta de Atenção à Condução";"Colisão transversal";"Com Vítimas Feridas";"Pleno dia";"Crescente";"Céu Claro";"Simples";"Interseção de Vias";"Sim";8;0;2;0;6;0;2;2;-20,21946878;-42,65064354;"SPRF-MG";"DEL03-MG";"UOP03-DEL03-MG"
210524;2019-05-19;"domingo";"16:45:00";"RJ";116;168;"SAO JOAO DE MERITI";"Pista Escorregadia";"Tombamento";"Com Vítimas Feridas";"Pleno dia";"Crescente";"Céu Claro";"Dupla";"Curva";"Sim";2;0;2;0;0;0;2;1;-22,819969;-43,31499997;"SPRF-RJ";"DEL01-RJ";"UOP02-DEL01-RJ"
210525;2019-05-19;"domingo";"15:30:00";"MG";40;525,4;"CONTAGEM";"Defeito Mecânico no Veículo";"Incêndio";"Sem Vítimas";"Pleno dia";"Crescente";"Sol";"Dupla";"Reta";"Sim";1;0;0;0;1;0;0;1;-19,88361702;-44,05039336;"SPRF-MG";"DEL01-MG";"UOP02-DEL01-MG"
210527;2019-05-19;"domingo";"17:15:00";"GO";153;516,3;"APARECIDA DE GOIANIA";"Não guardar distância de segurança";"Engavetamento";"Com Vítimas Feridas";"Pleno dia";"Decrescente";"Céu Claro";"Dupla";"Reta;Aclive";"Sim";8;0;1;0;7;0;1;3;-16,8504;-49,2473;"SPRF-GO";"DEL01-GO";"UOP03-DEL01-GO"
210528;2019-05-19;"domingo";"11:00:00";"SC";282;468;"PONTE SERRADA";"Falta de Atenção à Condução";"Saída de leito carroçável";"Com Vítimas Feridas";"Pleno dia";"Crescente";"Céu Claro";"Simples";"Reta";"Não";2;0;1;1;0;0;2;1;-26,853588;-52,105446;"SPRF-SC";"DEL07-SC";"UOP04-DEL07-SC"