"id";"data_inversa";"dia_semana";"horario";"uf";"br";"km";"municipio";"causa_acidente";"tipo_acidente";"classificacao_acidente";"fase_dia";"sentido_via";"condicao_metereologica";"tipo_pista";"tracado_via";"uso_solo";"pessoas";"mortos";"feridos_leves";"feridos_graves";"ilesos";"ignorados";"feridos";"veiculos";"latitude";"longitude";"regional";"delegacia";"uop"
210634;2019-05-20;"segunda-feira";"03:30:00";"RS";116;568,2;"PEDRO OSORIO";"Animais na Pista";"Atropelamento de Animal";"Sem Vítimas";"Pleno dia";"Decrescente";"Céu Claro";"Simples";"Reta";"Não";1;0;0;0;1;0;0;1;-31,94730915;-52,76146984;"SPRF-RS";"DEL07-RS";"UOP03-DEL07-RS"
210636;2019-05-20;"segunda-feira";"04:00:00";"SC";101;197;"BIGUACU";"Falta de Atenção à Condução";"Saída de leito carroçável";"Com Vítimas Feridas";"Plena Noite";"Crescente";"Nublado";"Dupla";"Curva";"Sim";1;0;1;0;0;0;1;1;-27,51844497;-48,63848496;"SPRF-SC";"DEL01-SC";"UOP01-DEL01-SC"
210637;2019-05-19;"domingo";"17:10:00";"MG";116;745;"LEOPOLDINA";"Falta de Atenção à Condução";"Colisão transversal";"Com Vítimas Feridas";"Pleno dia";"Crescente";"Céu Claro";"Simples";"Interseção de Vias;Reta";"Não";6;0;1;1;4;0;2;2;-21,429308;-42,51473;"SPRF-MG";"DEL07-MG";"UOP01-DEL07-MG"
210638;2019-05-20;"segunda-feira";"04:10:00";"MG";267;145,7;"LIMA DUARTE";"Animais na Pista";"Atropelamento de Animal";"Com Vítimas Feridas";"Plena Noite";"Decrescente";"Céu Claro";"Simples";"Reta";"Não";1;0;0;1;0;0;1;1;-21,78589841;-43,66228765;"SPRF-MG";"DEL05-MG";"UOP01-DEL05-MG"
210639;2019-05-20;"segunda-feira";"02:20:00";"CE";222;187,9;"SOBRAL";"Ingestão de Álcool";"Queda de ocupante de veículo";"Com Vítimas Feridas";"Plena Noite";"Decrescente";"Céu Claro";"Simples";"Reta";"Não";1;0;0;1;0;0;1;1;-3,76293105;-40,10458231;"SPRF-CE";"DEL04-CE";"UOP01-DEL04-CE"
210640;2019-05-20;"segunda-feira";"05:20:00";"SC";101;194;"BIGUACU";"Falta de Atenção à Condução";"Colisão transversal";"Com Vítimas Feridas";"Amanhecer";"Crescente";"Céu Claro";"Múltipla";"Interseção de Vias";"Não";2;0;1;0;1;0;1;2;-27,49815117;-48,65661236;"SPRF-SC";"DEL01-SC";"UOP01-DEL01-SC"
210641;2019-05-20;"segunda-feira";"00:00:00";"SC";101;435;"SOMBRIO";"Ingestão de Álcool";"Colisão com objeto estático";"Com Vítimas Feridas";"Plena Noite";"Decrescente";"Nublado";"Simples";"Reta";"Sim";2;0;1;0;1;0;1;1;-29,09949414;-49,63480552;"SPRF-SC";"DEL02-SC";"UOP02-DEL02-SC"
210642;2019-05-19;"domingo";"21:20:00";"SC";282;534,7;"CHAPECO";"Falta de Atenção à Condução";"Tombamento";"Com Vítimas Feridas";"Pleno dia";"Decrescente";"Céu Claro";"Simples";"Reta";"Não";2;0;2;0;0;0;2;1;-26,996832;-52,634586;"SPRF-SC";"DEL07-SC";"UOP01-DEL07-SC"
210643;2019-05-20;"segunda-feira";"06:20:00";"GO";40;3;"VALPARAISO DE GOIAS";"Falta de Atenção à Condução";"Colisão lateral";"Com Vítimas Feridas";"Amanhecer";"Decrescente";"Sol";"Dupla";"Reta";"Sim";2;0;1;0;1;0;1;2;-16,07605852;-47,98541849;"SPRF-DF";"DEL01-DF";"UOP01-DEL01-DF"
210645;2019-05-20;"segunda-feira";"06:30:00";"RS";290;27,7;"SANTO ANTONIO DA PATRULHA";"Falta de Atenção à Condução";"Saída de leito carroçável";"Com Vítimas Feridas";"Amanhecer";"Crescente";"Céu Claro";"Múltipla";"Reta";"Não";1;0;1;0;0;0;1;1;-29,881359;-50,524544;"SPRF-RS";"DEL03-RS";"UOP01-DEL03-RS"
210647;2019-05-20;"segunda-feira";"06:30:00";"PB";230;22,2;"JOAO PESSOA";"Falta de Atenção à Condução";"Queda de ocupante de veículo";"Com Vítimas Feridas";"Pleno dia";"Decrescente";"Chuva";"Dupla";"Reta";"Sim";2;0;2;0;0;0;2;1;-7,1495;-34,8517;"SPRF-PB";"DEL01-PB";"UOP01-DEL01-PB"
210648;2019-05-20;"segunda-feira";"06:40:00";"PE";101;53;"PAULISTA";"Falta de Atenção à Condução";"Colisão traseira";"Com Vítimas Feridas";"Pleno dia";"Decrescente";"Céu Claro";"Múltipla";"Reta";"Não";2;0;0;1;1;0;1;2;-7,93124094;-34,90068606;"SPRF-PE";"DEL01-PE";"UOP02-DEL01-PE"
210649;2019-05-19;"domingo";"23:00:00";"SC";282;602,9;"MARAVILHA";"Mal Súbito";"Saída de leito carroçável";"Com Vítimas Feridas";"Plena Noite";"Decrescente";"Céu Claro";"Simples";"Curva;Em Obras";"Não";1;0;1;0;0;0;1;1;-26,806049;-53,178757;"SPRF-SC";"DEL07-SC";"UOP02-DEL07-SC"
210654;2019-05-20;"segunda-feira";"06:45:00";"PR";369;499,3;"CORBELIA";"Restrição de Visibilidade";"Saída de leito carroçável";"Com Vítimas Feridas";"Pleno dia";"Crescente";"Céu Claro";"Simples";"Em Obras;Curva";"Sim";2;0;2;0;0;0;2;1;-24,7725;-53,2931;"SPRF-PR";"DEL04-PR";"UOP03-DEL04-PR"
210655;2019-05-20;"segunda-feira";"07:10:00";"RJ";116;143;"DUQUE DE CAXIAS";"Falta de Atenção à Condução";"Colisão traseira";"Com Vítimas Feridas";"Pleno dia";"Crescente";"Céu Claro";"Múltipla";"Reta";"Não";2;0;1;0;1;0;1;2;-22,67201156;-43,28187531;"SPRF-RJ";"DEL04-RJ";"UOP02-DEL04-RJ"
210656;2019-05-20;"segunda-feira";"07:30:00";"PR";376;182;"MARINGA";"Desobediência às normas de trânsito pelo condutor";"Colisão lateral";"Com Vítimas Feridas";"Pleno dia";"Decrescente";"Sol";"Dupla";"Reta";"Sim";2;0;1;0;1;0;1;2;-23,43176873;-51,88689351;"SPRF-PR";"DEL07-PR";"UOP01-DEL09-PR"
210657;2019-05-20;"segunda-feira";"08:00:00";"MG";356;264,5;"MURIAE";"Desobediência às normas de trânsito pelo condutor";"Colisão transversal";"Com Vítimas Feridas";"Pleno dia";"Crescente";"Nublado";"Simples";"Reta";"Sim";2;0;1;0;1;0;1;2;-21,12552649;-42,37547729;"SPRF-MG";"DEL07-MG";"UOP02-DEL07-MG"
210658;2019-05-20;"segunda-feira";"06:30:00";"ES";101;264,5;"SERRA";"Desobediência às normas de trânsito pelo condutor";"Atropelamento de Pedestre";"Com Vítimas Feridas";"Pleno dia";"Crescente";"Sol";"Múltipla";"Reta";"Sim";2;0;1;0;1;0;1;2;-20,17292791;-40,26736384;"SPRF-ES";"DEL02-ES";"UOP01-DEL02-ES"
210659;2019-05-20;"segunda-feira";"06:40:00";"BA";110;209;"CIPO";"Velocidade Incompatível";"Colisão traseira";"Com Vítimas Feridas";"Plena Noite";"Crescente";"Céu Claro";"Simples";"Reta";"Não";2;0;0;1;1;0;1;2;-11,18521008;-38,49875826;"SPRF-BA";"DEL07-BA";"UOP02-DEL07-BA"
210660;2019-05-20;"segunda-feira";"08:00:00";"RS";0;0;"CANOAS";"Não guardar distância de segurança";"Colisão lateral";"Com Vítimas Feridas";"Pleno dia";"Não Informado";"Céu Claro";"Dupla";"Reta";"Não";2;0;1;0;1;0;1;2;-29,95494817;-51,1764751;"SPRF-RS";"DEL01-RS";"UOP01-DEL01-RS"
210661;2019-05-20;"segunda-feira";"06:55:00";"PR";476;152;"ARAUCARIA";"Não guardar distância de segurança";"Colisão traseira";"Com Vítimas Feridas";"Amanhecer";"Decrescente";"Nevoeiro/Neblina";"Dupla";"Reta";"Sim";2;0;0;1;1;0;1;2;-25,599157;-49,417736;"SPRF-PR";"DEL01-PR";"UOP06-DEL01-PR"
210662;2019-05-20;"segunda-feira";"06:50:00";"RS";290;646,9;"URUGUAIANA";"Defeito na Via";"Capotamento";"Com Vítimas Feridas";"Amanhecer";"Decrescente";"Chuva";"Simples";"Reta";"Não";1;0;1;0;0;0;1;1;-30,014561;-56,379185;"SPRF-RS";"DEL13-RS";"UOP02-DEL13-RS"
210665;2019-05-20;"segunda-feira";"08:19:00";"PE";0;0;"SALGUEIRO";"Falta de Atenção à Condução";"Colisão traseira";"Sem Vítimas";"Pleno dia";"Não Informado";"Céu Claro";"Simples";"Reta";"Sim";2;0;0;0;1;1;0;2;-8,0742532;-39,1323803;"SPRF-PE";"DEL05-PE";"UOP01-DEL05-PE"
210667;2019-05-20;"segunda-feira";"07:35:00";"RN";226;2,7;"NATAL";"Desobediência às normas de trânsito pelo condutor";"Colisão frontal";"Com Vítimas Feridas";"Pleno dia";"Crescente";"Céu Claro";"Simples";"Reta";"Sim";2;0;1;0;1;0;1;2;-5,81364934;-35,2466547;"SPRF-RN";"DEL01-RN";"UOP02-DEL01-RN"
210668;2019-05-20;"segunda-feira";"07:30:00";"MG";381;492;"BETIM";"Velocidade Incompatível";"Colisão lateral";"Sem Vítimas";"Pleno dia";"Decrescente";"Céu Claro";"Dupla";"Reta";"Sim";2;0;0;0;2;0;0;2;-19,96413408;-44,16938089;"SPRF-MG";"DEL01-MG";"UOP03-DEL01-MG"
210669;2019-05-20;"segunda-feira";"07:10:00";"ES";101;270,5;"SERRA";"Falta de Atenção à Condução";"Colisão lateral";"Com Vítimas Feridas";"Pleno dia";"Crescente";"Céu Claro";"Dupla";"Reta";"Sim";3;0;1;0;2;0;1;2;-20,22662056;-40,27075088;"SPRF-ES";"DEL02-ES";"UOP01-DEL02-ES"
210670;2019-03-29;"sexta-feira";"07:20:00";"BA";116;789;"PLANALTO";"Não guardar distância de segurança";"Colisão traseira";"Com Vítimas Feridas";"Pleno dia";"Decrescente";"Nublado";"Simples";"Reta";"Não";3;0;2;0;1;0;2;2;-14,67710502;-40,506722;"SPRF-BA";"DEL08-BA";"UOP02-DEL08-BA"
210671;2019-05-20;"segunda-feira";"07:30:00";"ES";101;287,5;"CARIACICA";"Falta de Atenção à Condução";"Colisão traseira";"Com Vítimas Feridas";"Pleno dia";"Crescente";"Sol";"Dupla";"Reta";"Sim";2;0;1;0;1;0;1;2;-20,26795187;-40,38826439;"SPRF-ES";"DEL01-ES";"UOP01-DEL01-ES"
210672;2019-05-19;"domingo";"20:40:00";"GO";60;352,2;"RIO VERDE";"Falta de Atenção à Condução";"Capotamento";"Com Vítimas Feridas";"Plena Noite";"Decrescente";"Céu Claro";"Dupla";"Reta";"Não";1;0;1;0;0;0;1;1;-17,5907;-50,7083;"SPRF-GO";"DEL04-GO";"UOP01-DEL04-GO"
210676;2019-04-09;"terça-feira";"11:00:00";"RN";304;46,9;"MOSSORO";"Falta de Atenção à Condução";"Colisão lateral";"Com Vítimas Feridas";"Pleno dia";"Crescente";"Céu Claro";"Dupla";"Interseção de Vias";"Sim";2;0;1;0;1;0;1;2;-5,22605011;-37,33257294;"SPRF-RN";"DEL04-RN";"UOP01-DEL04-RN"
210677;2019-05-20;"segunda-feira";"08:40:00";"GO";153;508,8;"APARECIDA DE GOIANIA";"Não guardar distância de segurança";"Colisão traseira";"Com Vítimas Feridas";"Pleno dia";"Crescente";"Sol";"Dupla";"Reta";"Sim";2;0;1;0;1;0;1;2;-16,7804;-49,2371;"SPRF-GO";"DEL01-GO";"UOP03-DEL01-GO"
210678;2019-05-20;"segunda-feira";"07:00:00";"SC";280;219,2;"TRES BARRAS";"Desobediência às normas de trânsito pelo condutor";"Colisão frontal";"Sem Vítimas";"Pleno dia";"Crescente";"Nevoeiro/Neblina";"Simples";"Reta";"Não";4;0;0;0;4;0;0;2;-26,17156974;-50,25490793;"SPRF-SC";"DEL06-SC";"UOP04-DEL06-SC"
210679;2019-04-27;"sábado";"05:20:00";"RJ";40;79;"PETROPOLIS";"Falta de Atenção à Condução";"Colisão com objeto estático";"Com Vítimas Feridas";"Plena Noite";"Crescente";"Céu Claro";"Simples";"Curva";"Não";8;0;6;1;1;0;7;1;-22,49130098;-43,22294163;"SPRF-RJ";"DEL06-RJ";"UOP01-DEL06-RJ"
210680;2019-05-20;"segunda-feira";"09:00:00";"GO";60;163;"GOIANIA";"Falta de Atenção à Condução";"Colisão traseira";"Com Vítimas Feridas";"Pleno dia";"Crescente";"Céu Claro";"Dupla";"Reta";"Sim";3;0;1;0;2;0;1;3;-16,7002;-49,3335;"SPRF-GO";"DEL01-GO";"UOP02-DEL01-GO"
210681;2019-05-20;"segunda-feira";"08:30:00";"PR";376;598,2;"CURITIBA";"Falta de Atenção à Condução";"Colisão traseira";"Com Vítimas Feridas";"Pleno dia";"Decrescente";"Céu Claro";"Dupla";"Reta";"Sim";2;0;1;0;1;0;1;2;-25,5188802;-49,33506947;"SPRF-PR";"DEL01-PR";"UOP06-DEL01-PR"
210684;2019-05-20;"segunda-feira";"02:20:00";"MG";381;173;"GOVERNADOR VALADARES";"Condutor Dormindo";"Saída de leito carroçável";"Com Vítimas Feridas";"Plena Noite";"Decrescente";"Chuva";"Simples";"Curva";"Não";1;0;1;0;0;0;1;1;-18,9921031;-42,11590091;"SPRF-MG";"DEL06-MG";"UOP01-DEL06-MG"
210685;2019-05-20;"segunda-feira";"08:40:00";"MG";381;478;"CONTAGEM";"Falta de Atenção à Condução";"Queda de ocupante de veículo";"Com Vítimas Feridas";"Pleno dia";"Decrescente";"Céu Claro";"Dupla";"Reta";"Sim";1;0;1;0;0;0;1;1;-19,95826094;-44,05921101;"SPRF-MG";"DEL01-MG";"UOP03-DEL01-MG"
210686;2019-05-20;"segunda-feira";"09:20:00";"RS";116;244,5;"SAO LEOPOLDO";"Não guardar distância de segurança";"Colisão lateral";"Com Vítimas Feridas";"Pleno dia";"Decrescente";"Céu Claro";"Dupla";"Reta";"Sim";2;0;1;0;1;0;1;2;-29,74088003;-51,15039566;"SPRF-RS";"DEL01-RS";"UOP02-DEL01-RS"
210689;2019-05-20;"segunda-feira";"09:30:00";"SC";282;3;"FLORIANOPOLIS";"Falta de Atenção à Condução";"Tombamento";"Sem Vítimas";"Pleno dia";"Decrescente";"Céu Claro";"Dupla";"Reta";"Sim";1;0;0;0;1;0;0;1;-27,600384;-48,599705;"SPRF-SC";"DEL01-SC";"UOP01-DEL01-SC"
210691;2019-05-20;"segunda-feira";"09:30:00";"PR";116;105,1;"SAO JOSE DOS PINHAIS";"Não guardar distância de segurança";"Colisão traseira";"Com Vítimas Feridas";"Pleno dia";"Crescente";"Sol";"Dupla";"Reta";"Não";4;0;1;0;3;0;1;3;-25,56635207;-49,16833598;"SPRF-PR";"DEL01-PR";"UOP01-DEL01-PR"
210694;2019-05-18;"sábado";"20:40:00";"AL";316;78;"POCO DAS TRINCHEIRAS";"Desobediência às normas de trânsito pelo condutor";"Tombamento";"Com Vítimas Feridas";"Plena Noite";"Crescente";"Céu Claro";"Simples";"Reta";"Sim";1;0;1;0;0;0;1;1;-9,33497686;-37,2926359;"SPRF-AL";"DEL03-AL";"UOP02-DEL03-AL"
210695;2019-05-20;"segunda-feira";"08:15:00";"GO";153;435,2;"ANAPOLIS";"Defeito Mecânico no Veículo";"Tombamento";"Com Vítimas Feridas";"Pleno dia";"Crescente";"Céu Claro";"Dupla";"Reta";"Sim";2;0;2;0;0;0;2;1;-16,28586959;-48,94855499;"SPRF-GO";"DEL02-GO";"UOP01-DEL02-GO"
210697;2019-05-20;"segunda-feira";"09:40:00";"PI";343;268;"CAMPO MAIOR";"Falta de Atenção à Condução";"Colisão transversal";"Com Vítimas Feridas";"Pleno dia";"Crescente";"Céu Claro";"Simples";"Reta";"Sim";2;0;0;1;1;0;1;2;-4,842865;-42,187584;"SPRF-PI";"DEL01-PI";"UOP03-DEL01-PI"
210698;2019-05-20;"segunda-feira";"10:45:00";"PB";101;30;"MAMANGUAPE";"Defeito Mecânico no Veículo";"Tombamento";"Com Vítimas Feridas";"Pleno dia";"Decrescente";"Nublado";"Dupla";"Retorno Regulamentado";"Não";2;0;2;0;0;0;2;1;-6,748999;-35,133778;"SPRF-PB";"DEL01-PB";"UOP04-DEL01-PB"
210700;2019-05-20;"segunda-feira";"08:40:00";"SC";280;65,9;"JARAGUA DO SUL";"Falta de Atenção à Condução";"Colisão transversal";"Com Vítimas Feridas";"Pleno dia";"Decrescente";"Céu Claro";"Simples";"Rotatória";"Sim";2;0;1;0;1;0;1;2;-26,47814077;-49,1029644;"SPRF-SC";"DEL03-SC";"UOP03-DEL03-SC"
210701;2019-05-20;"segunda-feira";"11:20:00";"GO";40;19,5;"LUZIANIA";"Falta de Atenção à Condução";"Colisão lateral";"Com Vítimas Feridas";"Pleno dia";"Decrescente";"Céu Claro";"Simples";"Reta";"Sim";2;0;1;0;0;1;1;2;-16,201556;-47,921314;"SPRF-DF";"DEL01-DF";"UOP01-DEL01-DF"
210702;2019-05-20;"segunda-feira";"11:00:00";"MG";40;549;"NOVA LIMA";"Falta de Atenção à Condução";"Queda de ocupante de veículo";"Com Vítimas Feridas";"Pleno dia";"Crescente";"Céu Claro";"Dupla";"Reta";"Sim";2;0;1;0;1;0;1;1;-20,03972326;-43,96703232;"SPRF-MG";"DEL01-MG";"UOP02-DEL01-MG"
210704;2019-05-20;"segunda-feira";"11:30:00";"MG";381;803;"SAO GONCALO DO SAPUCAI";"Defeito Mecânico no Veículo";"Colisão com objeto em movimento";"Com Vítimas Feridas";"Pleno dia";"Crescente";"Céu Claro";"Dupla";"Reta";"Não";2;0;1;1;0;0;2;1;-21,99042653;-45,66660933;"SPRF-MG";"DEL16-MG";"UOP02-DEL16-MG"
210705;2019-05-20;"segunda-feira";"11:51:00";"AL";316;148,8;"PALMEIRA DOS INDIOS";"Falta de Atenção à Condução";"Colisão traseira";"Com Vítimas Feridas";"Pleno dia";"Decrescente";"Céu Claro";"Simples";"Reta";"Não";2;0;1;1;0;0;2;2;-9,40718239;-36,68829724;"SPRF-AL";"DEL03-AL";"UOP01-DEL03-AL"
210707;2019-05-20;"segunda-feira";"11:20:00";"ES";101;146;"LINHARES";"Não guardar distância de segurança";"Engavetamento";"Com Vítimas Feridas";"Pleno dia";"Crescente";"Céu Claro";"Dupla";"Reta";"Sim";6;0;0;1;5;0;1;6;-19,36990998;-40,06560718;"SPRF-ES";"DEL04-ES";"UOP01-DEL04-ES"
210708;2019-05-20;"segunda-feira";"12:35:00";"RS";392;68;"PELOTAS";"Falta de Atenção à Condução";"Tombamento";"Com Vítimas Feridas";"Pleno dia";"Decrescente";"Nublado";"Simples";"Curva";"Sim";1;0;1;0;0;0;1;1;-31,74853677;-52,40231256;"SPRF-RS";"DEL07-RS";"UOP01-DEL07-RS"
210709;2019-05-20;"segunda-feira";"12:15:00";"RS";472;586,5;"URUGUAIANA";"Falta de Atenção à Condução";"Colisão lateral";"Com Vítimas Feridas";"Pleno dia";"Decrescente";"Chuva";"Simples";"Reta";"Sim";2;0;1;0;1;0;1;2;-29,786633;-57,080696;"SPRF-RS";"DEL13-RS";"UOP01-DEL13-RS"
210710;2019-05-20;"segunda-feira";"10:25:00";"SC";101;151;"ITAPEMA";"Falta de Atenção à Condução";"Colisão lateral";"Com Vítimas Feridas";"Pleno dia";"Decrescente";"Céu Claro";"Dupla";"Interseção de Vias";"Sim";2;0;1;0;1;0;1;2;-27,126536;-48,609642;"SPRF-SC";"DEL04-SC";"UOP03-DEL04-SC"
210711;2019-05-20;"segunda-feira";"09:45:00";"RJ";101;309;"SAO GONCALO";"Defeito Mecânico no Veículo";"Incêndio";"Sem Vítimas";"Pleno dia";"Decrescente";"Céu Claro";"Dupla";"Reta";"Sim";1;0;0;0;1;0;0;1;-22,79498873;-43,03446105;"SPRF-RJ";"DEL02-RJ";"DEL5/2-UOP04/RJ"
210715;2019-05-20;"segunda-feira";"12:56:00";"PE";104;28;"TORITAMA";"Desobediência às normas de trânsito pelo condutor";"Engavetamento";"Sem Vítimas";"Pleno dia";"Crescente";"Céu Claro";"Simples";"Reta";"Sim";6;0;0;0;6;0;0;5;-8,0065;-36,0709;"SPRF-PE";"DEL02-PE";"UOP01-DEL02-PE"
210716;2019-05-20;"segunda-feira";"06:20:00";"MG";262;430;"SAO GONCALO DO PARA";"Falta de Atenção à Condução";"Queda de ocupante de veículo";"Com Vítimas Feridas";"Amanhecer";"Decrescente";"Céu Claro";"Dupla";"Reta";"Não";1;0;0;1;0;0;1;1;-19,89011218;-44,80551997;"SPRF-MG";"DEL08-MG";"UOP03-DEL08-MG"
210717;2019-05-20;"segunda-feira";"12:40:00";"SP";381;41;"ATIBAIA";"Falta de Atenção à Condução";"Colisão traseira";"Com Vítimas Feridas";"Pleno dia";"Crescente";"Céu Claro";"Dupla";"Reta";"Sim";2;0;1;0;1;0;1;2;-23,13863999;-46,57584088;"SPRF-SP";"DEL03-SP";"UOP01-DEL03-SP"
210719;2019-05-20;"segunda-feira";"18:25:00";"SP";116;269;"TABOAO DA SERRA";"Falta de Atenção à Condução";"Tombamento";"Com Vítimas Feridas";"Pleno dia";"Decrescente";"Céu Claro";"Dupla";"Reta";"Sim";1;0;1;0;0;0;1;1;-23,61593059;-46,78826044;"SPRF-SP";"DEL04-SP";"UOP01-DEL04-SP"
210720;2019-05-20;"segunda-feira";"12:10:00";"MA";226;570,5;"PORTO FRANCO";"Defeito na Via";"Colisão frontal";"Com Vítimas Feridas";"Pleno dia";"Decrescente";"Céu Claro";"Simples";"Reta";"Sim";2;0;0;1;1;0;1;2;-6,348568;-47,371593;"SPRF-MA";"DEL04-MA";"UOP02-DEL04-MA"
210721;2019-05-20;"segunda-feira";"13:20:00";"SC";101;197;"BIGUACU";"Defeito na Via";"Tombamento";"Com Vítimas Feridas";"Pleno dia";"Crescente";"Céu Claro";"Dupla";"Reta";"Sim";1;0;0;1;0;0;1;1;-27,51844497;-48,63848496;"SPRF-SC";"DEL01-SC";"UOP01-DEL01-SC"
210724;2019-05-20;"segunda-feira";"13:40:00";"SC";470;57,5;"BLUMENAU";"Desobediência às normas de trânsito pelo condutor";"Colisão traseira";"Com Vítimas Feridas";"Pleno dia";"Crescente";"Céu Claro";"Simples";"Reta";"Sim";2;0;1;0;1;0;1;2;-26,880428;-49,136532;"SPRF-SC";"DEL04-SC";"UOP01-DEL04-SC"
210725;2019-05-20;"segunda-feira";"12:20:00";"RR";174;710;"PACARAIMA";"Pista Escorregadia";"Saída de leito carroçável";"Com Vítimas Feridas";"Pleno dia";"Decrescente";"Chuva";"Simples";"Curva;Declive";"Não";1;0;1;0;0;0;1;1;4,46067837;-61,13785386;"SPRF-RR";"DEL01-RR";"UOP02-DEL01-RR"
210726;2019-05-20;"segunda-feira";"08:48:00";"BA";324;595;"CANDEIAS";"Falta de Atenção à Condução";"Queda de ocupante de veículo";"Com Vítimas Feridas";"Pleno dia";"Decrescente";"Céu Claro";"Dupla";"Reta";"Não";2;0;1;0;1;0;1;1;-12,71235341;-38,45524557;"SPRF-BA";"DEL01-BA";"UOP01-DEL01-BA"
210727;2019-05-20;"segunda-feira";"12:30:00";"GO";60;234,9;"CEZARINA";"Defeito Mecânico no Veículo";"Colisão transversal";"Com Vítimas Feridas";"Pleno dia";"Crescente";"Sol";"Dupla";"Reta";"Não";3;0;1;0;0;2;1;3;-17,0757;-49,8215;"SPRF-GO";"DEL01-GO";"UOP02-DEL01-GO"
210728;2019-05-20;"segunda-feira";"13:00:00";"PB";230;352,9;"PATOS";"Falta de Atenção à Condução";"Saída de leito carroçável";"Com Vítimas Feridas";"Pleno dia";"Crescente";"Nublado";"Simples";"Interseção de Vias";"Não";2;0;1;0;0;1;1;2;-6,9461;-37,4033;"SPRF-PB";"DEL03-PB";"UOP01-DEL03-PB"
210729;2019-05-20;"segunda-feira";"13:00:00";"RO";364;222;"PIMENTA BUENO";"Falta de Atenção à Condução";"Atropelamento de Animal";"Com Vítimas Feridas";"Pleno dia";"Crescente";"Sol";"Simples";"Reta";"Não";16;0;2;0;14;0;2;2;-11,52522371;-61,33890786;"SPRF-RO";"DEL02-RO";"UOP02-DEL02-RO"
210731;2019-05-20;"segunda-feira";"13:27:00";"MS";163;258;"DOURADOS";"Falta de Atenção à Condução";"Colisão transversal";"Com Vítimas Feridas";"Pleno dia";"Crescente";"Céu Claro";"Dupla";"Rotatória";"Sim";2;0;1;0;1;0;1;2;-22,25817971;-54,78137255;"SPRF-MS";"DEL04-MS";"UOP01-DEL04-MS"
210732;2019-05-20;"segunda-feira";"08:00:00";"PR";153;504;"GENERAL CARNEIRO";"Falta de Atenção à Condução";"Saída de leito carroçável";"Sem Vítimas";"Pleno dia";"Crescente";"Céu Claro";"Simples";"Curva";"Não";1;0;0;0;0;1;0;1;-26,45280414;-51,31507874;"SPRF-PR";"DEL02-PR";"UOP03-DEL02-PR"
210733;2019-05-20;"segunda-feira";"11:50:00";"RO";429;185,4;"SAO MIGUEL DO GUAPORE";"Falta de Atenção à Condução";"Colisão lateral";"Com Vítimas Feridas";"Pleno dia";"Crescente";"Céu Claro";"Simples";"Reta";"Não";2;0;0;1;1;0;1;2;-11,7607231;-62,918513;"SPRF-RO";"DEL02-RO";"UOP03-DEL02-RO"
210734;2019-05-20;"segunda-feira";"13:00:00";"RJ";40;31;"TRES RIOS";"Velocidade Incompatível";"Saída de leito carroçável";"Com Vítimas Feridas";"Pleno dia";"Crescente";"Céu Claro";"Simples";"Curva";"Não";1;0;1;0;0;0;1;1;-22,19245612;-43,16023202;"SPRF-RJ";"DEL06-RJ";"UOP02-DEL05-RJ"
210736;2019-05-20;"segunda-feira";"15:30:00";"PR";476;155,1;"ARAUCARIA";"Falta de Atenção do Pedestre";"Atropelamento de Pedestre";"Com Vítimas Feridas";"Pleno dia";"Crescente";"Céu Claro";"Simples";"Interseção de Vias";"Sim";2;0;1;0;1;0;1;2;-25,590897;-49,410622;"SPRF-PR";"DEL01-PR";"UOP06-DEL01-PR"
210738;2019-05-20;"segunda-feira";"12:00:00";"PA";155;327;"MARABA";"Defeito na Via";"Saída de leito carroçável";"Com Vítimas Feridas";"Pleno dia";"Crescente";"Céu Claro";"Simples";"Reta";"Não";1;0;1;0;0;0;1;1;-5,51314591;-49,07405227;"SPRF-PA";"DEL03-PA";"UOP01-DEL03-PA"
210741;2019-05-19;"domingo";"14:50:00";"MA";230;155;"PASTOS BONS";"Falta de Atenção à Condução";"Colisão transversal";"Sem Vítimas";"Pleno dia";"Decrescente";"Céu Claro";"Simples";"Reta";"Não";4;0;0;0;3;1;0;2;-6,6523889;-44,18194001;"SPRF-MA";"DEL05-MA";"UOP01-DEL05-MA"
210742;2019-05-20;"segunda-feira";"15:30:00";"RS";386;38,1;"FREDERICO WESTPHALEN";"Falta de Atenção à Condução";"Colisão transversal";"Com Vítimas Feridas";"Pleno dia";"Crescente";"Sol";"Simples";"Reta";"Sim";3;0;0;1;2;0;1;2;-27,391367;-53,400776;"SPRF-RS";"DEL08-RS";"UOP02-DEL08-RS"
210745;2019-05-20;"segunda-feira";"16:00:00";"GO";153;501,2;"GOIANIA";"Desobediência às normas de trânsito pelo condutor";"Colisão lateral";"Com Vítimas Feridas";"Pleno dia";"Decrescente";"Céu Claro";"Simples";"Reta";"Sim";2;0;0;1;1;0;1;2;-16,71454864;-49,23424244;"SPRF-GO";"DEL01-GO";"UOP01-DEL01-GO"
210746;2019-05-20;"segunda-feira";"14:30:00";"MS";163;53,9;"ELDORADO";"Ingestão de Álcool";"Queda de ocupante de veículo";"Com Vítimas Feridas";"Pleno dia";"Crescente";"Céu Claro";"Simples";"Curva";"Não";1;0;1;0;0;0;1;1;-23,67811;-54,26627;"SPRF-MS";"DEL09-MS";"UOP02-DEL09-MS"