"id";"data_inversa";"dia_semana";"horario";"uf";"br";"km";"municipio";"causa_acidente";"tipo_acidente";"classificacao_acidente";"fase_dia";"sentido_via";"condicao_metereologica";"tipo_pista";"tracado_via";"uso_solo";"pessoas";"mortos";"feridos_leves";"feridos_graves";"ilesos";"ignorados";"feridos";"veiculos";"latitude";"longitude";"regional";"delegacia";"uop"
210867;2019-05-13;"segunda-feira";"18:30:00";"MG";251;317;"SALINAS";"Falta de Atenção à Condução";"Colisão traseira";"Com Vítimas Feridas";"Plena Noite";"Decrescente";"Céu Claro";"Simples";"Reta";"Não";4;0;4;0;0;0;4;1;-16;-42;"SPRF-MG";"DEL12-MG";"UOP01-DEL12-MG"
210868;2019-05-21;"terça-feira";"08:20:00";"SC";101;208;"SAO JOSE";"Falta de Atenção à Condução";"Colisão lateral";"Com Vítimas Feridas";"Pleno dia";"Decrescente";"Céu Claro";"Múltipla";"Reta";"Sim";2;0;2;0;0;0;2;2;-27,60295166;-48,63098145;"SPRF-SC";"DEL01-SC";"UOP01-DEL01-SC"
210869;2019-05-21;"terça-feira";"08:15:00";"PA";163;1002;"SANTAREM";"Ingestão de Álcool";"Colisão traseira";"Sem Vítimas";"Pleno dia";"Crescente";"Chuva";"Simples";"Aclive;Reta;Interseção de Vias;Retorno Regulamentado";"Sim";2;0;0;0;2;0;0;2;-2,45567004;-54,72854541;"SPRF-PA";"DEL05-PA";"UOP01-DEL05-PA"
210871;2019-05-21;"terça-feira";"07:30:00";"RJ";116;170;"SAO JOAO DE MERITI";"Falta de Atenção à Condução";"Colisão traseira";"Com Vítimas Feridas";"Pleno dia";"Decrescente";"Céu Claro";"Múltipla";"Reta";"Sim";2;0;1;0;1;0;1;2;-22,81113183;-43,3336729;"SPRF-RJ";"DEL01-RJ";"UOP02-DEL01-RJ"
210873;2019-05-21;"terça-feira";"09:00:00";"SE";101;115;"ITAPORANGA DAJUDA";"Falta de Atenção à Condução";"Colisão transversal";"Com Vítimas Feridas";"Pleno dia";"Crescente";"Céu Claro";"Dupla";"Retorno Regulamentado;Reta";"Não";4;0;1;0;3;0;1;2;-11,00451077;-37,30888444;"SPRF-SE";"DEL02-SE";"UOP01-DEL02-SE"
210874;2019-05-21;"terça-feira";"07:20:00";"GO";153;512,1;"APARECIDA DE GOIANIA";"Não guardar distância de segurança";"Colisão traseira";"Com Vítimas Feridas";"Pleno dia";"Crescente";"Céu Claro";"Dupla";"Reta";"Sim";2;0;0;1;1;0;1;2;-16,8156;-49,2402;"SPRF-GO";"DEL01-GO";"UOP03-DEL01-GO"
210876;2019-05-21;"terça-feira";"09:50:00";"PE";101;169;"AGUA PRETA";"Velocidade Incompatível";"Saída de leito carroçável";"Sem Vítimas";"Pleno dia";"Crescente";"Chuva";"Dupla";"Curva";"Não";1;0;0;0;1;0;0;1;-8,57679958;-35,48941902;"SPRF-PE";"DEL01-PE";"UOP03-DEL01-PE"
210880;2019-05-21;"terça-feira";"09:50:00";"RJ";493;2;"ITABORAI";"Falta de Atenção à Condução";"Colisão com objeto estático";"Com Vítimas Feridas";"Pleno dia";"Decrescente";"Céu Claro";"Simples";"Desvio Temporário";"Sim";1;0;1;0;0;0;1;1;-22,75950214;-42,93544822;"SPRF-RJ";"DEL04-RJ";"UOP02-DEL04-RJ"
210881;2019-03-05;"terça-feira";"02:00:00";"PI";230;188;"OEIRAS";"Falta de Atenção à Condução";"Saída de leito carroçável";"Com Vítimas Fatais";"Plena Noite";"Decrescente";"Chuva";"Simples";"Reta";"Sim";1;1;0;0;0;0;0;1;-6,97764626;-42,05537887;"SPRF-PI";"DEL04-PI";"UOP01-DEL04-PI"
210883;2019-05-21;"terça-feira";"07:40:00";"MT";364;201;"RONDONOPOLIS";"Falta de Atenção à Condução";"Queda de ocupante de veículo";"Com Vítimas Feridas";"Pleno dia";"Decrescente";"Céu Claro";"Dupla";"Reta";"Sim";1;0;1;0;0;0;1;1;-16,491405;-54,646378;"SPRF-MT";"DEL02-MT";"UOP01-DEL02-MT"
210884;2019-05-21;"terça-feira";"10:20:00";"RN";101;176;"CANGUARETAMA";"Pista Escorregadia";"Capotamento";"Com Vítimas Feridas";"Pleno dia";"Decrescente";"Chuva";"Dupla";"Curva";"Não";3;0;1;2;0;0;3;1;-6,50166475;-35,11200246;"SPRF-RN";"DEL01-RN";"UOP01-DEL01-RN"
210887;2019-05-21;"terça-feira";"10:40:00";"PE";104;61,1;"CARUARU";"Falta de Atenção à Condução";"Colisão transversal";"Com Vítimas Feridas";"Pleno dia";"Decrescente";"Chuva";"Dupla";"Retorno Regulamentado";"Sim";3;0;1;0;2;0;1;2;-8,25226457;-35,97473145;"SPRF-PE";"DEL02-PE";"UOP01-DEL02-PE"
210891;2019-05-18;"sábado";"11:00:00";"PE";116;27;"SALGUEIRO";"Objeto estático sobre o leito carroçável";"Colisão com objeto em movimento";"Sem Vítimas";"Pleno dia";"Decrescente";"Céu Claro";"Simples";"Reta";"Sim";3;0;0;0;3;0;0;1;-8,078546;-39,130867;"SPRF-PE";"DEL05-PE";"UOP01-DEL05-PE"
210896;2019-05-21;"terça-feira";"07:30:00";"SC";280;24,4;"ARAQUARI";"Falta de Atenção à Condução";"Colisão transversal";"Com Vítimas Feridas";"Pleno dia";"Decrescente";"Nevoeiro/Neblina";"Simples";"Interseção de Vias";"Sim";5;0;3;1;1;0;4;2;-26,38002878;-48,72260571;"SPRF-SC";"DEL03-SC";"UOP03-DEL03-SC"
210897;2019-05-21;"terça-feira";"11:10:00";"GO";153;522;"HIDROLANDIA";"Falta de Atenção à Condução";"Saída de leito carroçável";"Com Vítimas Feridas";"Pleno dia";"Crescente";"Sol";"Dupla";"Reta";"Sim";1;0;1;0;0;0;1;1;-16,9027;-49,2546;"SPRF-GO";"DEL01-GO";"UOP03-DEL01-GO"
210898;2019-05-21;"terça-feira";"11:30:00";"PI";316;31,5;"DEMERVAL LOBAO";"Desobediência às normas de trânsito pelo condutor";"Colisão transversal";"Com Vítimas Feridas";"Pleno dia";"Crescente";"Céu Claro";"Simples";"Reta";"Sim";3;0;2;0;1;0;2;2;-5,33958796;-42,69400899;"SPRF-PI";"DEL01-PI";"UOP02-DEL01-PI"
210900;2019-05-21;"terça-feira";"11:30:00";"PR";277;671;"MEDIANEIRA";"Mal Súbito";"Saída de leito carroçável";"Com Vítimas Feridas";"Pleno dia";"Decrescente";"Nublado";"Dupla";"Reta";"Sim";1;0;1;0;0;0;1;1;-25,28490106;-54,08744898;"SPRF-PR";"DEL05-PR";"UOP02-DEL05-PR"
210901;2019-05-21;"terça-feira";"10:50:00";"RO";319;64,5;"PORTO VELHO";"Desobediência às normas de trânsito pelo condutor";"Colisão lateral";"Sem Vítimas";"Pleno dia";"Crescente";"Sol";"Dupla";"Reta";"Sim";2;0;0;0;2;0;0;2;-8,766685;-63,884052;"SPRF-RO";"DEL01-RO";"UOP01-DEL01-RO"
210902;2019-05-21;"terça-feira";"12:40:00";"RJ";116;115,9;"MAGE";"Defeito Mecânico no Veículo";"Queda de ocupante de veículo";"Com Vítimas Feridas";"Pleno dia";"Decrescente";"Céu Claro";"Dupla";"Reta";"Sim";2;0;2;0;0;0;2;1;-22,58686665;-43,0179492;"SPRF-RJ";"DEL04-RJ";"UOP02-DEL04-RJ"
210903;2019-05-01;"quarta-feira";"09:40:00";"PE";423;93,1;"GARANHUNS";"Não guardar distância de segurança";"Colisão traseira";"Com Vítimas Feridas";"Pleno dia";"Crescente";"Céu Claro";"Simples";"Reta";"Sim";2;0;1;0;0;1;1;2;-8,86972012;-36,46323792;"SPRF-PE";"DEL03-PE";"UOP01-DEL03-PE"
210905;2019-05-21;"terça-feira";"11:45:00";"RJ";116;180,4;"NOVA IGUACU";"Falta de Atenção à Condução";"Colisão com objeto estático";"Com Vítimas Feridas";"Pleno dia";"Crescente";"Sol";"Dupla";"Reta";"Sim";1;0;1;0;0;0;1;1;-22,7651616;-43,4154728;"SPRF-RJ";"DEL01-RJ";"UOP02-DEL01-RJ"
210906;2019-05-21;"terça-feira";"11:40:00";"RO";174;14;"VILHENA";"Não guardar distância de segurança";"Colisão traseira";"Com Vítimas Feridas";"Pleno dia";"Decrescente";"Céu Claro";"Simples";"Reta";"Sim";3;0;1;0;2;0;1;2;-12,73306632;-60,12981255;"SPRF-RO";"DEL04-RO";"UOP01-DEL04-RO"
210907;2019-03-22;"sexta-feira";"09:00:00";"MG";251;447;"GRAO MOGOL";"Pista Escorregadia";"Queda de ocupante de veículo";"Com Vítimas Feridas";"Pleno dia";"Crescente";"Chuva";"Simples";"Reta";"Sim";1;0;1;0;0;0;1;1;-16,43408996;-43,27992195;"SPRF-MG";"DEL12-MG";"UOP01-DEL12-MG"
210911;2019-05-21;"terça-feira";"07:50:00";"BA";324;622;"SALVADOR";"Falta de Atenção à Condução";"Engavetamento";"Sem Vítimas";"Pleno dia";"Decrescente";"Chuva";"Simples";"Aclive";"Sim";3;0;0;0;3;0;0;3;-12,91888605;-38,46502095;"SPRF-BA";"DEL01-BA";"UOP01-DEL01-BA"
210912;2019-05-17;"sexta-feira";"19:00:00";"MG";381;482;"CONTAGEM";"Falta de Atenção à Condução";"Colisão traseira";"Sem Vítimas";"Plena Noite";"Crescente";"Chuva";"Dupla";"Reta";"Sim";5;0;0;0;5;0;0;5;-19,955532;-44,097209;"SPRF-MG";"DEL01-MG";"UOP03-DEL01-MG"
210913;2019-05-21;"terça-feira";"15:15:00";"PR";369;90,2;"CORNELIO PROCOPIO";"Desobediência às normas de trânsito pelo condutor";"Colisão lateral";"Com Vítimas Feridas";"Pleno dia";"Decrescente";"Céu Claro";"Dupla";"Aclive;Reta";"Sim";3;0;1;1;1;0;2;2;-23,19354499;-50,65066338;"SPRF-PR";"DEL07-PR";"UOP05-DEL07-PR"
210914;2019-05-21;"terça-feira";"15:30:00";"SC";101;156,9;"PORTO BELO";"Falta de Atenção à Condução";"Capotamento";"Com Vítimas Fatais";"Pleno dia";"Crescente";"Céu Claro";"Múltipla";"Reta";"Não";2;1;1;0;0;0;1;1;-27,172272;-48,61170204;"SPRF-SC";"DEL04-SC";"UOP03-DEL04-SC"
210915;2019-05-21;"terça-feira";"15:00:00";"RJ";101;293;"ITABORAI";"Falta de Atenção à Condução";"Colisão com objeto estático";"Com Vítimas Feridas";"Pleno dia";"Crescente";"Céu Claro";"Dupla";"Reta";"Não";2;0;2;0;0;0;2;1;-22,756203;-42,88724;"SPRF-RJ";"DEL02-RJ";"DEL5/2-UOP04/RJ"
210917;2019-05-21;"terça-feira";"15:25:00";"RS";290;75;"GRAVATAI";"Falta de Atenção à Condução";"Colisão traseira";"Com Vítimas Feridas";"Pleno dia";"Crescente";"Céu Claro";"Múltipla";"Reta";"Não";3;0;2;0;1;0;2;2;-29,95521;-51,006855;"SPRF-RS";"DEL01-RS";"UOP01-DEL01-RS"
210920;2019-05-21;"terça-feira";"16:30:00";"GO";153;498,6;"GOIANIA";"Falta de Atenção à Condução";"Colisão traseira";"Com Vítimas Feridas";"Pleno dia";"Crescente";"Nublado";"Dupla";"Reta";"Não";2;0;1;0;1;0;1;2;-16,6939;-49,2321;"SPRF-GO";"DEL01-GO";"UOP01-DEL01-GO"
210921;2019-05-21;"terça-feira";"15:40:00";"MG";365;625;"UBERLANDIA";"Não guardar distância de segurança";"Colisão traseira";"Com Vítimas Feridas";"Pleno dia";"Crescente";"Céu Claro";"Dupla";"Reta";"Sim";2;0;1;0;1;0;1;2;-18,90585472;-48,32526001;"SPRF-MG";"DEL15-MG";"UOP01-DEL15-MG"
210923;2019-05-21;"terça-feira";"17:00:00";"MG";40;631;"CONSELHEIRO LAFAIETE";"Desobediência às normas de trânsito pelo condutor";"Colisão transversal";"Com Vítimas Feridas";"Pleno dia";"Decrescente";"Céu Claro";"Simples";"Reta";"Sim";4;0;4;0;0;0;4;2;-20,66692199;-43,80314095;"SPRF-MG";"DEL05-MG";"UOP02-DEL05-MG"
210924;2019-05-21;"terça-feira";"17:10:00";"PE";232;29,2;"MORENO";"Falta de Atenção do Pedestre";"Atropelamento de Pedestre";"Com Vítimas Fatais";"Pleno dia";"Crescente";"Nublado";"Dupla";"Curva;Aclive";"Não";2;1;0;0;1;0;0;2;-8,111269;-35,143135;"SPRF-PE";"DEL01-PE";"UOP02-DEL02PE"
210927;2019-05-21;"terça-feira";"17:25:00";"PR";476;154,7;"ARAUCARIA";"Falta de Atenção do Pedestre";"Atropelamento de Pedestre";"Com Vítimas Feridas";"Anoitecer";"Crescente";"Céu Claro";"Simples";"Reta";"Sim";2;0;1;0;1;0;1;2;-25,584223;-49,401379;"SPRF-PR";"DEL01-PR";"UOP06-DEL01-PR"
210928;2019-05-21;"terça-feira";"17:30:00";"PB";104;106,2;"SAO SEBASTIAO DE LAGOA DE  ROCA";"Falta de Atenção à Condução";"Colisão lateral";"Com Vítimas Feridas";"Anoitecer";"Crescente";"Nublado";"Simples";"Aclive";"Sim";3;0;1;0;1;1;1;3;-7,09569811;-35,86106094;"SPRF-PB";"DEL02-PB";"UOP04-DEL02-PB"
210930;2019-05-21;"terça-feira";"17:30:00";"BA";116;9;"VITORIA DA CONQUISTA";"Falta de Atenção à Condução";"Colisão transversal";"Com Vítimas Feridas";"Anoitecer";"Crescente";"Céu Claro";"Simples";"Aclive;Interseção de Vias";"Sim";2;0;1;0;1;0;1;2;-14,85808;-40,87752;"SPRF-BA";"DEL08-BA";"UOP01-DEL08-BA"
210931;2019-05-21;"terça-feira";"18:05:00";"RJ";116;143;"DUQUE DE CAXIAS";"Falta de Atenção à Condução";"Tombamento";"Com Vítimas Feridas";"Plena Noite";"Crescente";"Nublado";"Dupla";"Reta";"Sim";1;0;1;0;0;0;1;1;-22,6494681;-43,1892348;"SPRF-RJ";"DEL04-RJ";"UOP02-DEL04-RJ"
210932;2019-05-21;"terça-feira";"17:05:00";"MS";163;650,3;"RIO VERDE DE MATO GROSSO";"Desobediência às normas de trânsito pelo condutor";"Saída de leito carroçável";"Com Vítimas Feridas";"Anoitecer";"Decrescente";"Céu Claro";"Dupla";"Desvio Temporário";"Não";1;0;1;0;0;0;1;1;-19,16069392;-54,76002175;"SPRF-MS";"DEL06-MS";"UOP02-DEL06-MS"
210933;2019-05-21;"terça-feira";"17:45:00";"PR";476;117;"COLOMBO";"Desobediência às normas de trânsito pelo condutor";"Atropelamento de Pedestre";"Com Vítimas Feridas";"Pleno dia";"Decrescente";"Céu Claro";"Dupla";"Retorno Regulamentado";"Sim";2;0;1;0;1;0;1;2;-25,348623;-49,175663;"SPRF-PR";"DEL01-PR";"UOP07-DEL01-PR"
210934;2019-05-21;"terça-feira";"18:07:00";"RJ";40;101;"DUQUE DE CAXIAS";"Falta de Atenção à Condução";"Queda de ocupante de veículo";"Com Vítimas Feridas";"Plena Noite";"Decrescente";"Céu Claro";"Dupla";"Reta";"Não";1;0;1;0;0;0;1;1;-22,605071;-43,289856;"SPRF-RJ";"DEL06-RJ";"UOP01-DEL06-RJ"
210936;2019-05-21;"terça-feira";"17:50:00";"MG";116;410,9;"GOVERNADOR VALADARES";"Falta de Atenção à Condução";"Colisão frontal";"Com Vítimas Feridas";"Anoitecer";"Decrescente";"Céu Claro";"Simples";"Interseção de Vias";"Sim";3;0;1;0;1;1;1;3;-18,855625;-41,975623;"SPRF-MG";"DEL06-MG";"UOP01-DEL06-MG"
210937;2019-05-21;"terça-feira";"17:45:00";"PR";163;36;"SANTO ANTONIO DO SUDOESTE";"Desobediência às normas de trânsito pelo condutor";"Colisão transversal";"Com Vítimas Feridas";"Anoitecer";"Crescente";"Garoa/Chuvisco";"Simples";"Declive;Reta";"Sim";2;0;1;0;1;0;1;2;-26,059065;-53,723118;"SPRF-PR";"DEL02-PR";"UOP02-DEL02-PR"
210938;2019-05-21;"terça-feira";"17:30:00";"MS";163;484,4;"CAMPO GRANDE";"Defeito Mecânico no Veículo";"Colisão transversal";"Com Vítimas Feridas";"Plena Noite";"Crescente";"Céu Claro";"Simples";"Interseção de Vias";"Sim";3;0;2;0;1;0;2;2;-20,45104898;-54,5403266;"SPRF-MS";"DEL01-MS";"UOP02-DEL01-MS"
210940;2019-05-21;"terça-feira";"18:00:00";"SP";153;218,5;"MARILIA";"Avarias e/ou desgaste excessivo no pneu";"Queda de ocupante de veículo";"Com Vítimas Feridas";"Anoitecer";"Decrescente";"Céu Claro";"Simples";"Reta";"Não";2;0;2;0;0;0;2;1;-21,97918411;-49,91692332;"SPRF-SP";"DEL07-SP";"UOP02-DEL07-SP"
210941;2019-05-21;"terça-feira";"17:50:00";"PR";153;336;"IRATI";"Ingestão de Álcool";"Colisão frontal";"Com Vítimas Feridas";"Plena Noite";"Decrescente";"Céu Claro";"Simples";"Reta;Interseção de Vias";"Sim";4;0;1;2;1;0;3;2;-25,49753795;-50,64815515;"SPRF-PR";"DEL03-PR";"UOP02-DEL08-PR"
210942;2019-05-21;"terça-feira";"17:20:00";"ES";101;313,5;"VILA VELHA";"Desobediência às normas de trânsito pelo condutor";"Colisão lateral";"Com Vítimas Feridas";"Anoitecer";"Decrescente";"Céu Claro";"Simples";"Reta";"Não";2;0;0;1;1;0;1;2;-20,45266304;-40,46227791;"SPRF-ES";"DEL03-ES";"UOP01-DEL03-ES"
210944;2019-05-21;"terça-feira";"18:40:00";"SP";116;154,7;"SAO JOSE DOS CAMPOS";"Falta de Atenção à Condução";"Colisão lateral";"Com Vítimas Feridas";"Plena Noite";"Decrescente";"Céu Claro";"Dupla";"Aclive";"Não";2;0;1;0;1;0;1;2;-23,23903999;-45,92061901;"SPRF-SP";"DEL02-SP";"UOP01-DEL02-SP"
210946;2019-05-21;"terça-feira";"17:20:00";"SP";116;65;"GUARATINGUETA";"Objeto estático sobre o leito carroçável";"Tombamento";"Com Vítimas Feridas";"Anoitecer";"Crescente";"Céu Claro";"Dupla";"Reta";"Sim";1;0;1;0;0;0;1;1;-22,823273;-45,192806;"SPRF-SP";"DEL08-SP";"UOP01-DEL08-SP"
210948;2019-05-21;"terça-feira";"18:30:00";"SC";101;154;"PORTO BELO";"Velocidade Incompatível";"Colisão traseira";"Com Vítimas Feridas";"Plena Noite";"Decrescente";"Céu Claro";"Simples";"Reta";"Não";2;0;0;1;1;0;1;2;-27,153819;-48,61086393;"SPRF-SC";"DEL04-SC";"UOP03-DEL04-SC"
210950;2019-05-21;"terça-feira";"17:15:00";"MG";381;357;"JOAO MONLEVADE";"Desobediência às normas de trânsito pelo condutor";"Colisão transversal";"Com Vítimas Feridas";"Pleno dia";"Decrescente";"Céu Claro";"Simples";"Reta";"Sim";2;0;2;0;0;0;2;2;-19,85175308;-43,213709;"SPRF-MG";"DEL03-MG";"UOP01-DEL03-MG"
210951;2019-05-21;"terça-feira";"18:15:00";"PR";476;142;"CURITIBA";"Desobediência às normas de trânsito pelo condutor";"Colisão traseira";"Com Vítimas Feridas";"Plena Noite";"Decrescente";"Nublado";"Dupla";"Reta";"Sim";3;0;1;0;2;0;1;3;-25,537161;-49,301632;"SPRF-PR";"DEL01-PR";"UOP03-DEL01-PR"
210952;2019-05-21;"terça-feira";"18:30:00";"SC";101;206;"SAO JOSE";"Falta de Atenção à Condução";"Colisão traseira";"Com Vítimas Feridas";"Anoitecer";"Decrescente";"Nublado";"Dupla";"Reta";"Sim";2;0;1;0;1;0;1;2;-27,59193546;-48,61824557;"SPRF-SC";"DEL01-SC";"UOP01-DEL01-SC"
210953;2019-05-21;"terça-feira";"18:00:00";"MS";163;486,1;"CAMPO GRANDE";"Animais na Pista";"Atropelamento de Animal";"Com Vítimas Feridas";"Plena Noite";"Crescente";"Céu Claro";"Simples";"Reta";"Sim";1;0;1;0;0;0;1;1;-20,4336361;-54,54376745;"SPRF-MS";"DEL01-MS";"UOP02-DEL01-MS"
210954;2019-05-01;"quarta-feira";"19:20:00";"GO";60;110,2;"GOIANAPOLIS";"Falta de Atenção à Condução";"Colisão lateral";"Com Vítimas Feridas";"Plena Noite";"Crescente";"Vento";"Dupla";"Reta";"Não";4;0;3;0;0;1;3;2;-16,45;-49,0316;"SPRF-GO";"DEL01-GO";"UOP01-DEL01-GO"
210955;2019-05-21;"terça-feira";"18:00:00";"MS";158;266;"TRES LAGOAS";"Desobediência às normas de trânsito pelo condutor";"Colisão traseira";"Com Vítimas Feridas";"Anoitecer";"Crescente";"Céu Claro";"Simples";"Reta";"Sim";2;0;0;2;0;0;2;2;-20,75394198;-51,70516399;"SPRF-MS";"DEL07-MS";"UOP01-DEL07-MS"
210956;2019-05-21;"terça-feira";"19:10:00";"SP";101;49,1;"UBATUBA";"Falta de Atenção à Condução";"Colisão transversal";"Com Vítimas Feridas";"Plena Noite";"Crescente";"Nublado";"Simples";"Reta";"Sim";2;0;1;0;1;0;1;2;-23,4466226;-45,08120656;"SPRF-SP";"DEL06-SP";"UOP01-DEL06-SP"
210957;2019-05-21;"terça-feira";"18:50:00";"SP";116;272;"TABOAO DA SERRA";"Velocidade Incompatível";"Tombamento";"Com Vítimas Feridas";"Plena Noite";"Decrescente";"Nublado";"Dupla";"Reta";"Sim";1;0;1;0;0;0;1;1;-23,621691;-46,813288;"SPRF-SP";"DEL04-SP";"UOP01-DEL04-SP"
210958;2019-05-21;"terça-feira";"16:30:00";"SC";282;522,3;"XAXIM";"Falta de Atenção à Condução";"Colisão lateral";"Sem Vítimas";"Pleno dia";"Decrescente";"Chuva";"Simples";"Reta";"Sim";3;0;0;0;3;0;0;3;-26,956238;-52,542637;"SPRF-SC";"DEL07-SC";"UOP01-DEL07-SC"
210959;2019-05-21;"terça-feira";"18:20:00";"SC";470;138,3;"RIO DO SUL";"Falta de Atenção à Condução";"Colisão traseira";"Com Vítimas Feridas";"Plena Noite";"Decrescente";"Céu Claro";"Simples";"Reta";"Sim";4;0;2;0;2;0;2;4;-27,207214;-49,648476;"SPRF-SC";"DEL04-SC";"UOP02-DEL04-SC"
210961;2019-05-21;"terça-feira";"19:15:00";"RS";386;33,6;"FREDERICO WESTPHALEN";"Falta de Atenção à Condução";"Colisão frontal";"Com Vítimas Feridas";"Plena Noite";"Crescente";"Garoa/Chuvisco";"Simples";"Reta";"Sim";3;0;2;0;1;0;2;2;-27,349504;-53,386337;"SPRF-RS";"DEL08-RS";"UOP02-DEL08-RS"
210963;2019-05-21;"terça-feira";"19:15:00";"PR";277;638,2;"CEU AZUL";"Falta de Atenção do Pedestre";"Atropelamento de Pedestre";"Com Vítimas Fatais";"Plena Noite";"Crescente";"Céu Claro";"Simples";"Reta";"Não";3;1;1;0;0;1;1;2;-25,1578934;-53,85103257;"SPRF-PR";"DEL05-PR";"UOP02-DEL05-PR"
210964;2019-05-21;"terça-feira";"18:30:00";"MG";40;633,4;"CONSELHEIRO LAFAIETE";"Falta de Atenção à Condução";"Colisão transversal";"Com Vítimas Feridas";"Plena Noite";"Crescente";"Céu Claro";"Simples";"Reta";"Sim";3;0;0;2;0;1;2;2;-20,6882616;-43,79075381;"SPRF-MG";"DEL05-MG";"UOP02-DEL05-MG"
210965;2019-05-21;"terça-feira";"18:50:00";"SC";280;55,5;"GUARAMIRIM";"Falta de Atenção à Condução";"Colisão transversal";"Com Vítimas Feridas";"Plena Noite";"Decrescente";"Céu Claro";"Simples";"Reta";"Sim";2;0;2;0;0;0;2;2;-26,47584353;-48,9937858;"SPRF-SC";"DEL03-SC";"UOP03-DEL03-SC"
210967;2019-05-21;"terça-feira";"19:50:00";"MG";116;518,8;"UBAPORANGA";"Ingestão de Álcool";"Atropelamento de Pedestre";"Com Vítimas Feridas";"Plena Noite";"Crescente";"Nublado";"Simples";"Reta";"Não";2;0;1;1;0;0;2;2;-19,71038379;-42,12370706;"SPRF-MG";"DEL06-MG";"UOP02-DEL06-MG"
210968;2019-05-21;"terça-feira";"17:30:00";"PE";232;29,2;"MORENO";"Falta de Atenção à Condução";"Atropelamento de Pedestre";"Com Vítimas Feridas";"Anoitecer";"Crescente";"Nublado";"Dupla";"Declive;Reta";"Não";2;0;0;1;1;0;1;2;-8,111269;-35,143135;"SPRF-PE";"DEL01-PE";"UOP02-DEL02PE"
210969;2019-05-21;"terça-feira";"19:50:00";"SC";101;164;"TIJUCAS";"Falta de Atenção à Condução";"Colisão com objeto estático";"Sem Vítimas";"Plena Noite";"Crescente";"Céu Claro";"Dupla";"Reta";"Não";2;0;0;0;0;2;0;1;-27,243868;-48,6309;"SPRF-SC";"DEL04-SC";"UOP03-DEL04-SC"
210971;2019-05-21;"terça-feira";"19:45:00";"PR";476;120;"CURITIBA";"Velocidade Incompatível";"Colisão traseira";"Com Vítimas Feridas";"Plena Noite";"Decrescente";"Nublado";"Dupla";"Declive;Reta";"Sim";4;0;2;1;1;0;3;3;-25,377553;-49,196072;"SPRF-PR";"DEL01-PR";"UOP07-DEL01-PR"
210973;2019-05-21;"terça-feira";"18:20:00";"RN";304;43;"MOSSORO";"Falta de Atenção à Condução";"Saída de leito carroçável";"Sem Vítimas";"Plena Noite";"Decrescente";"Chuva";"Dupla";"Interseção de Vias";"Não";1;0;0;0;1;0;0;1;-5,218062;-37,364846;"SPRF-RN";"DEL04-RN";"UOP01-DEL04-RN"
210975;2019-05-21;"terça-feira";"20:00:00";"CE";20;419;"MARACANAU";"Falta de Atenção à Condução";"Colisão transversal";"Com Vítimas Feridas";"Plena Noite";"Crescente";"Nublado";"Dupla";"Interseção de Vias";"Sim";3;0;0;2;1;0;2;2;-3,84306541;-38,59055227;"SPRF-CE";"DEL01-CE";"UOP02-DEL01-CE"
210978;2019-05-21;"terça-feira";"17:10:00";"SC";280;157,5;"MAFRA";"Condutor Dormindo";"Saída de leito carroçável";"Com Vítimas Feridas";"Anoitecer";"Crescente";"Sol";"Simples";"Aclive;Curva";"Não";1;0;1;0;0;0;1;1;-26,20029393;-49,74239892;"SPRF-SC";"DEL06-SC";"UOP03-DEL06-SC"
210979;2019-05-21;"terça-feira";"08:30:00";"AC";364;99;"RIO BRANCO";"Pista Escorregadia";"Queda de ocupante de veículo";"Com Vítimas Feridas";"Pleno dia";"Decrescente";"Nublado";"Simples";"Rotatória";"Não";1;0;1;0;0;0;1;1;-10,06854519;-67,58357633;"SPRF-AC";"DEL01-AC";"UOP01-DEL01-AC"
210980;2019-05-21;"terça-feira";"18:38:00";"MG";146;596,2;"POCOS DE CALDAS";"Falta de Atenção à Condução";"Colisão traseira";"Com Vítimas Feridas";"Plena Noite";"Crescente";"Céu Claro";"Simples";"Curva";"Não";5;0;3;0;2;0;3;3;-21,74732471;-46,40491826;"SPRF-MG";"DEL16-MG";"UOP01-DEL09-MG"
210981;2019-05-21;"terça-feira";"18:00:00";"MG";146;596,4;"POCOS DE CALDAS";"Objeto estático sobre o leito carroçável";"Colisão com objeto estático";"Com Vítimas Feridas";"Anoitecer";"Crescente";"Céu Claro";"Simples";"Reta";"Não";2;0;1;0;0;1;1;2;-21,74732471;-46,40491826;"SPRF-MG";"DEL16-MG";"UOP01-DEL09-MG"
210982;2019-05-21;"terça-feira";"16:55:00";"RS";471;543;"SANTA VITORIA DO PALMAR";"Falta de Atenção à Condução";"Saída de leito carroçável";"Com Vítimas Feridas";"Anoitecer";"Crescente";"Chuva";"Simples";"Reta";"Não";2;0;1;0;1;0;1;1;-32,756981;-52,651249;"SPRF-RS";"DEL07-RS";"UOP02-DEL07-RS"