"id";"data_inversa";"dia_semana";"horario";"uf";"br";"km";"municipio";"causa_acidente";"tipo_acidente";"classificacao_acidente";"fase_dia";"sentido_via";"condicao_metereologica";"tipo_pista";"tracado_via";"uso_solo";"pessoas";"mortos";"feridos_leves";"feridos_graves";"ilesos";"ignorados";"feridos";"veiculos";"latitude";"longitude";"regional";"delegacia";"uop"
210983;2019-05-21;"terça-feira";"20:30:00";"RS";287;247,9;"SANTA MARIA";"Ingestão de Álcool";"Colisão frontal";"Com Vítimas Feridas";"Plena Noite";"Crescente";"Nublado";"Simples";"Reta";"Sim";2;0;0;2;0;0;2;2;-29,69829309;-53,8448158;"SPRF-RS";"DEL09-RS";"UOP01-DEL09-RS"
210985;2019-05-21;"terça-feira";"18:20:00";"SP";381;71,9;"SAO PAULO";"Falta de Atenção do Pedestre";"Atropelamento de Pedestre";"Com Vítimas Feridas";"Plena Noite";"Decrescente";"Céu Claro";"Múltipla";"Reta";"Não";4;0;0;1;3;0;1;2;-23,35047979;-46,55267274;"SPRF-SP";"DEL03-SP";"UOP01-DEL03-SP"
210986;2019-05-21;"terça-feira";"21:30:00";"PE";232;408,3;"SERRA TALHADA";"Desobediência às normas de trânsito pelo condutor";"Colisão lateral";"Com Vítimas Feridas";"Plena Noite";"Crescente";"Céu Claro";"Simples";"Reta";"Sim";3;0;1;0;2;0;1;2;-7,98371447;-38,28047709;"SPRF-PE";"DEL04-PE";"UOP01-DEL04-PE"
210987;2019-05-21;"terça-feira";"18:50:00";"AL";101;132,7;"SAO MIGUEL DOS CAMPOS";"Avarias e/ou desgaste excessivo no pneu";"Tombamento";"Com Vítimas Feridas";"Plena Noite";"Crescente";"Chuva";"Simples";"Curva";"Não";2;0;1;0;1;0;1;1;-9,77047189;-36,08833407;"SPRF-AL";"DEL02-AL";"UOP01-DEL02-AL"
210990;2019-05-21;"terça-feira";"18:50:00";"BA";242;470;"IBITIARA";"Falta de Atenção à Condução";"Colisão lateral";"Com Vítimas Fatais";"Anoitecer";"Decrescente";"Céu Claro";"Simples";"Reta";"Não";3;1;0;2;0;0;2;2;-12,46039687;-42,22877204;"SPRF-BA";"DEL06-BA";"UOP01-DEL06-BA"
210992;2019-05-21;"terça-feira";"19:38:00";"SP";101;49,4;"UBATUBA";"Falta de Atenção do Pedestre";"Atropelamento de Pedestre";"Com Vítimas Feridas";"Plena Noite";"Crescente";"Nublado";"Simples";"Reta";"Sim";2;0;1;0;1;0;1;2;-23,44410908;-45,08375708;"SPRF-SP";"DEL06-SP";"UOP01-DEL06-SP"
210993;2019-05-21;"terça-feira";"21:15:00";"PB";230;12;"CABEDELO";"Não guardar distância de segurança";"Colisão traseira";"Com Vítimas Feridas";"Plena Noite";"Crescente";"Nublado";"Dupla";"Reta";"Sim";3;0;1;0;2;0;1;2;-7,068;-34,85;"SPRF-PB";"DEL01-PB";"UOP01-DEL01-PB"
210995;2019-05-21;"terça-feira";"22:20:00";"SP";116;185;"SANTA ISABEL";"Falta de Atenção à Condução";"Saída de leito carroçável";"Com Vítimas Fatais";"Plena Noite";"Decrescente";"Céu Claro";"Dupla";"Reta";"Não";2;1;0;0;0;1;0;2;-23,35176424;-46,18966001;"SPRF-SP";"DEL02-SP";"UOP01-DEL02-SP"
210996;2019-05-21;"terça-feira";"22:30:00";"PE";104;64;"CARUARU";"Animais na Pista";"Atropelamento de Animal";"Com Vítimas Feridas";"Plena Noite";"Crescente";"Chuva";"Dupla";"Curva";"Sim";1;0;1;0;0;0;1;1;-8,2783;-35,9815;"SPRF-PE";"DEL02-PE";"UOP01-DEL02-PE"
210997;2019-05-21;"terça-feira";"20:48:00";"MG";40;560;"NOVA LIMA";"Objeto estático sobre o leito carroçável";"Danos eventuais";"Sem Vítimas";"Plena Noite";"Crescente";"Céu Claro";"Dupla";"Reta";"Sim";3;0;0;0;2;1;0;2;-20,12725188;-43,96512161;"SPRF-MG";"DEL01-MG";"UOP02-DEL01-MG"
210998;2019-05-21;"terça-feira";"22:35:00";"PA";10;18;"DOM ELISEU";"Falta de Atenção à Condução";"Colisão transversal";"Com Vítimas Feridas";"Plena Noite";"Decrescente";"Céu Claro";"Simples";"Reta";"Sim";2;0;2;0;0;0;2;2;-4,293095;-47,556904;"SPRF-PA";"DEL02-PA";"UOP02-DEL02-PA"
211004;2019-05-21;"terça-feira";"22:20:00";"PR";476;126;"CURITIBA";"Falta de Atenção à Condução";"Colisão traseira";"Com Vítimas Feridas";"Plena Noite";"Decrescente";"Céu Claro";"Múltipla";"Em Obras";"Sim";2;0;1;0;1;0;1;2;-25,416758;-49,223446;"SPRF-PR";"DEL01-PR";"UOP07-DEL01-PR"
211006;2019-05-21;"terça-feira";"23:30:00";"PE";232;180;"BELO JARDIM";"Falta de Atenção à Condução";"Colisão traseira";"Sem Vítimas";"Plena Noite";"Decrescente";"Chuva";"Simples";"Reta";"Sim";2;0;0;0;0;2;0;2;-8,34449745;-36,4288801;"SPRF-PE";"DEL02-PE";"UOP03-DEL02-PE"
211009;2019-05-21;"terça-feira";"21:50:00";"PR";376;615,2;"SAO JOSE DOS PINHAIS";"Agressão Externa";"Saída de leito carroçável";"Com Vítimas Feridas";"Plena Noite";"Crescente";"Nublado";"Dupla";"Declive";"Sim";1;0;1;0;0;0;1;1;-25,569237;-49,183735;"SPRF-PR";"DEL01-PR";"UOP01-DEL01-PR"
211013;2019-05-22;"quarta-feira";"01:30:00";"PR";369;178;"ROLANDIA";"Ingestão de Álcool";"Colisão traseira";"Com Vítimas Feridas";"Plena Noite";"Crescente";"Céu Claro";"Dupla";"Reta";"Sim";2;0;1;0;1;0;1;2;-23,34022842;-51,35741472;"SPRF-PR";"DEL07-PR";"UOP01-DEL07-PR"
211014;2019-05-22;"quarta-feira";"01:30:00";"BA";324;515;"FEIRA DE SANTANA";"Desobediência às normas de trânsito pelo condutor";"Colisão frontal";"Com Vítimas Feridas";"Plena Noite";"Decrescente";"Céu Claro";"Simples";"Reta";"Sim";2;0;1;1;0;0;2;1;-12,23547809;-38,94396807;"SPRF-BA";"DEL02-BA";"UOP01-DEL02-BA"
211016;2019-05-22;"quarta-feira";"03:00:00";"SP";116;104,6;"TAUBATE";"Falta de Atenção do Pedestre";"Atropelamento de Pedestre";"Com Vítimas Feridas";"Plena Noite";"Crescente";"Nevoeiro/Neblina";"Múltipla";"Aclive";"Sim";2;0;0;1;1;0;1;2;-23,00340176;-45,50626912;"SPRF-SP";"DEL06-SP";"UOP01-DEL06-SP"
211017;2019-05-21;"terça-feira";"23:40:00";"AP";156;406;"FERREIRA GOMES";"Animais na Pista";"Atropelamento de Animal";"Com Vítimas Feridas";"Plena Noite";"Crescente";"Céu Claro";"Simples";"Ponte";"Não";3;0;1;0;2;0;1;1;1,02196945;-51,09020434;"SPRF-AP";"DEL01-AP";"UOP01-DEL01-AP"
211021;2019-05-21;"terça-feira";"19:00:00";"BA";324;608;"SIMOES FILHO";"Falta de Atenção à Condução";"Queda de ocupante de veículo";"Com Vítimas Feridas";"Plena Noite";"Crescente";"Céu Claro";"Dupla";"Curva";"Não";1;0;1;0;0;0;1;1;-12,81182914;-38,40478762;"SPRF-BA";"DEL01-BA";"UOP01-DEL01-BA"
211022;2019-05-22;"quarta-feira";"04:45:00";"PE";232;59,2;"POMBOS";"Deficiência ou não Acionamento do Sistema de Iluminação/Sinalização do Veículo";"Colisão traseira";"Com Vítimas Feridas";"Amanhecer";"Decrescente";"Nublado";"Dupla";"Reta";"Sim";2;0;1;0;1;0;1;2;-8,1471233;-35,39890998;"SPRF-PE";"DEL01-PE";"UOP02-DEL02PE"
211024;2019-05-22;"quarta-feira";"05:00:00";"SP";116;219;"GUARULHOS";"Desobediência às normas de trânsito pelo condutor";"Colisão traseira";"Com Vítimas Feridas";"Plena Noite";"Decrescente";"Céu Claro";"Dupla";"Reta";"Não";5;0;2;0;3;0;2;2;-23,42080198;-46,47568703;"SPRF-SP";"DEL01-SP";"UOP01-DEL01-SP"
211025;2019-05-22;"quarta-feira";"06:15:00";"PA";163;1002;"SANTAREM";"Falta de Atenção à Condução";"Colisão frontal";"Com Vítimas Feridas";"Amanhecer";"Decrescente";"Chuva";"Simples";"Reta";"Sim";2;0;1;0;1;0;1;2;-2,45018037;-54,72988486;"SPRF-PA";"DEL05-PA";"UOP01-DEL05-PA"
211027;2019-05-22;"quarta-feira";"07:00:00";"RN";101;106;"PARNAMIRIM";"Falta de Atenção à Condução";"Colisão traseira";"Sem Vítimas";"Pleno dia";"Decrescente";"Céu Claro";"Dupla";"Reta";"Sim";2;0;0;0;2;0;0;2;-5,91056401;-35,26130795;"SPRF-RN";"DEL01-RN";"UOP01-DEL01-RN"
211029;2019-05-22;"quarta-feira";"06:58:00";"RN";110;46,7;"MOSSORO";"Desobediência às normas de trânsito pelo condutor";"Colisão transversal";"Com Vítimas Feridas";"Pleno dia";"Decrescente";"Céu Claro";"Simples";"Rotatória";"Sim";2;0;1;0;1;0;1;2;-5,19797675;-37,31839819;"SPRF-RN";"DEL04-RN";"UOP01-DEL04-RN"
211030;2019-05-22;"quarta-feira";"06:20:00";"GO";60;208,8;"VARJAO";"Velocidade Incompatível";"Saída de leito carroçável";"Com Vítimas Feridas";"Amanhecer";"Decrescente";"Céu Claro";"Dupla";"Aclive";"Não";1;0;1;0;0;0;1;1;-16,9243;-49,6642;"SPRF-GO";"DEL01-GO";"UOP02-DEL01-GO"
211032;2019-05-22;"quarta-feira";"07:20:00";"RJ";101;60;"CAMPOS DOS GOYTACAZES";"Falta de Atenção à Condução";"Colisão transversal";"Com Vítimas Feridas";"Pleno dia";"Decrescente";"Céu Claro";"Simples";"Retorno Regulamentado";"Sim";3;0;3;0;0;0;3;2;-21,72048414;-41,31448591;"SPRF-RJ";"DEL08-RJ";"UOP01-DEL08-RJ"
211034;2019-05-22;"quarta-feira";"06:50:00";"GO";364;198,5;"JATAI";"Ingestão de Álcool";"Colisão traseira";"Sem Vítimas";"Amanhecer";"Crescente";"Céu Claro";"Dupla";"Curva";"Não";1;0;0;0;1;0;0;1;-17,920603;-51,739265;"SPRF-GO";"DEL05-GO";"UOP01-DEL05-GO"
211035;2019-05-22;"quarta-feira";"07:45:00";"PR";369;155,9;"LONDRINA";"Agressão Externa";"Colisão lateral";"Com Vítimas Feridas";"Pleno dia";"Crescente";"Céu Claro";"Dupla";"Reta";"Sim";2;0;2;0;0;0;2;2;-23,29290976;-51,21398628;"SPRF-PR";"DEL07-PR";"UOP01-DEL07-PR"
211037;2019-05-22;"quarta-feira";"04:40:00";"GO";153;54;"PORANGATU";"Defeito Mecânico no Veículo";"Danos eventuais";"Com Vítimas Fatais";"Plena Noite";"Decrescente";"Céu Claro";"Simples";"Reta";"Não";2;1;0;0;1;0;0;2;-13,284661;-49,126762;"SPRF-GO";"DEL07-GO";"UOP01-DEL07-GO"
211038;2019-05-22;"quarta-feira";"08:00:00";"SC";470;119,5;"IBIRAMA";"Velocidade Incompatível";"Colisão frontal";"Com Vítimas Feridas";"Pleno dia";"Crescente";"Chuva";"Simples";"Curva";"Não";4;0;3;1;0;0;4;2;-27,095861;-49,526859;"SPRF-SC";"DEL04-SC";"UOP02-DEL04-SC"
211041;2019-05-22;"quarta-feira";"07:45:00";"SP";116;274;"TABOAO DA SERRA";"Falta de Atenção à Condução";"Colisão traseira";"Sem Vítimas";"Pleno dia";"Decrescente";"Céu Claro";"Dupla";"Reta";"Não";2;0;0;0;2;0;0;2;-23,63445084;-46,82418514;"SPRF-SP";"DEL04-SP";"UOP01-DEL04-SP"
211042;2019-05-22;"quarta-feira";"07:10:00";"RO";319;63,8;"PORTO VELHO";"Desobediência às normas de trânsito pelo condutor";"Colisão traseira";"Com Vítimas Feridas";"Pleno dia";"Decrescente";"Céu Claro";"Dupla";"Interseção de Vias";"Sim";5;0;2;0;3;0;2;3;-8,76498653;-63,88452629;"SPRF-RO";"DEL01-RO";"UOP01-DEL01-RO"
211043;2019-05-22;"quarta-feira";"07:10:00";"SP";381;36;"ATIBAIA";"Falta de Atenção à Condução";"Colisão lateral";"Com Vítimas Feridas";"Pleno dia";"Crescente";"Céu Claro";"Dupla";"Reta";"Sim";2;0;1;0;1;0;1;2;-23,09707232;-46,57180706;"SPRF-SP";"DEL03-SP";"UOP02-DEL03-SP"
211044;2019-05-22;"quarta-feira";"08:00:00";"SP";381;88;"GUARULHOS";"Falta de Atenção à Condução";"Colisão lateral";"Com Vítimas Feridas";"Pleno dia";"Crescente";"Céu Claro";"Múltipla";"Reta";"Sim";2;0;1;0;1;0;1;2;-23,47469314;-46,56112919;"SPRF-SP";"DEL03-SP";"UOP01-DEL03-SP"
211046;2019-05-22;"quarta-feira";"07:20:00";"SP";116;207;"GUARULHOS";"Mal Súbito";"Colisão traseira";"Com Vítimas Feridas";"Pleno dia";"Crescente";"Sol";"Múltipla";"Reta";"Sim";3;0;2;0;1;0;2;2;-23,41972188;-46,38419203;"SPRF-SP";"DEL01-SP";"UOP01-DEL01-SP"
211047;2019-05-22;"quarta-feira";"08:50:00";"PA";163;1003;"SANTAREM";"Defeito na Via";"Queda de ocupante de veículo";"Com Vítimas Feridas";"Pleno dia";"Decrescente";"Chuva";"Dupla";"Reta";"Sim";1;0;0;1;0;0;1;1;-2,44688525;-54,73048152;"SPRF-PA";"DEL05-PA";"UOP01-DEL05-PA"
211050;2019-05-22;"quarta-feira";"09:00:00";"RS";290;94;"PORTO ALEGRE";"Falta de Atenção à Condução";"Colisão traseira";"Com Vítimas Feridas";"Pleno dia";"Crescente";"Nublado";"Dupla";"Reta";"Sim";3;0;1;0;2;0;1;3;-29,973856;-51,197853;"SPRF-RS";"DEL01-RS";"UOP01-DEL01-RS"
211051;2019-05-22;"quarta-feira";"09:00:00";"RJ";116;95;"TERESOPOLIS";"Falta de Atenção à Condução";"Colisão lateral";"Com Vítimas Feridas";"Pleno dia";"Decrescente";"Céu Claro";"Simples";"Curva";"Não";2;0;1;0;1;0;1;2;-22,47374702;-43,00117923;"SPRF-RJ";"DEL04-RJ";"UOP02-DEL04-RJ"
211054;2019-05-22;"quarta-feira";"08:10:00";"MT";364;434;"VARZEA GRANDE";"Falta de Atenção à Condução";"Colisão transversal";"Com Vítimas Feridas";"Pleno dia";"Decrescente";"Sol";"Simples";"Rotatória";"Sim";5;0;2;0;3;0;2;2;-15,65014739;-56,195755;"SPRF-MT";"DEL01-MT";"DEL2/4-UOP02/MT"
211055;2019-05-22;"quarta-feira";"09:30:00";"SC";470;9,7;"NAVEGANTES";"Falta de Atenção à Condução";"Colisão traseira";"Com Vítimas Feridas";"Pleno dia";"Crescente";"Nublado";"Simples";"Reta";"Não";2;0;1;0;1;0;1;2;-26,833143;-48,727432;"SPRF-SC";"DEL04-SC";"UOP04-DEL04-SC"
211058;2019-05-22;"quarta-feira";"09:30:00";"SP";116;225;"GUARULHOS";"Não guardar distância de segurança";"Colisão traseira";"Com Vítimas Feridas";"Pleno dia";"Crescente";"Céu Claro";"Múltipla";"Reta";"Sim";2;0;1;0;1;0;1;2;-23,48586772;-46,54075317;"SPRF-SP";"DEL01-SP";"UOP01-DEL01-SP"
211059;2019-04-24;"quarta-feira";"15:00:00";"PE";232;4,8;"RECIFE";"Não guardar distância de segurança";"Colisão traseira";"Com Vítimas Feridas";"Pleno dia";"Decrescente";"Sol";"Dupla";"Viaduto";"Sim";2;0;1;0;1;0;1;2;-8,064473;-34,936928;"SPRF-PE";"DEL01-PE";"UOP01-DEL01-PE"
211060;2019-05-22;"quarta-feira";"08:40:00";"MG";116;583,1;"MANHUACU";"Velocidade Incompatível";"Capotamento";"Com Vítimas Feridas";"Pleno dia";"Crescente";"Sol";"Simples";"Reta";"Não";2;0;2;0;0;0;2;1;-20,21424995;-42,18135561;"SPRF-MG";"DEL06-MG";"UOP03-DEL06-MG"
211061;2019-05-22;"quarta-feira";"08:45:00";"PR";277;46,1;"MORRETES";"Falta de Atenção à Condução";"Colisão lateral";"Com Vítimas Feridas";"Pleno dia";"Decrescente";"Céu Claro";"Dupla";"Curva";"Não";2;0;1;0;1;0;1;2;-25,58170589;-48,87791023;"SPRF-PR";"DEL01-PR";"UOP07-DEL01-PR"
211066;2019-05-22;"quarta-feira";"09:45:00";"RO";319;63,6;"PORTO VELHO";"Falta de Atenção à Condução";"Colisão lateral";"Com Vítimas Feridas";"Pleno dia";"Crescente";"Céu Claro";"Dupla";"Reta";"Não";3;0;1;0;1;1;1;3;-8,80026115;-63,76527071;"SPRF-RO";"DEL01-RO";"UOP01-DEL01-RO"
211068;2019-05-22;"quarta-feira";"11:10:00";"GO";40;2;"VALPARAISO DE GOIAS";"Desobediência às normas de trânsito pelo condutor";"Colisão transversal";"Com Vítimas Feridas";"Pleno dia";"Crescente";"Céu Claro";"Dupla";"Reta";"Sim";2;0;0;1;1;0;1;2;-16,067129;-47,984235;"SPRF-DF";"DEL01-DF";"UOP01-DEL01-DF"
211070;2019-05-22;"quarta-feira";"06:00:00";"MT";158;670,2;"NOVA XAVANTINA";"Não guardar distância de segurança";"Colisão traseira";"Sem Vítimas";"Pleno dia";"Decrescente";"Céu Claro";"Simples";"Curva";"Não";1;0;0;0;0;1;0;1;-14,80178696;-52,3041909;"SPRF-MT";"DEL07-MT";"UOP01-DEL07-MT"
211072;2019-05-22;"quarta-feira";"08:50:00";"MT";70;383;"CAMPO VERDE";"Falta de Atenção à Condução";"Engavetamento";"Com Vítimas Feridas";"Pleno dia";"Decrescente";"Céu Claro";"Simples";"Reta";"Não";3;0;1;0;2;0;1;3;-15,53350226;-55,13710374;"SPRF-MT";"DEL02-MT";"UOP02-DEL05-MT"
211073;2019-05-22;"quarta-feira";"07:45:00";"PR";277;109;"CAMPO LARGO";"Falta de Atenção à Condução";"Colisão traseira";"Sem Vítimas";"Pleno dia";"Decrescente";"Céu Claro";"Dupla";"Curva";"Sim";2;0;0;0;2;0;0;2;-25,44287442;-49,44955767;"SPRF-PR";"DEL01-PR";"UOP06-DEL01-PR"
211075;2019-05-22;"quarta-feira";"12:45:00";"GO";40;113,8;"CRISTALINA";"Condutor Dormindo";"Saída de leito carroçável";"Com Vítimas Feridas";"Pleno dia";"Crescente";"Céu Claro";"Dupla";"Reta";"Não";2;0;2;0;0;0;2;1;-16,847953;-47,483787;"SPRF-DF";"DEL01-DF";"UOP02-DEL01-DF"
211076;2019-05-22;"quarta-feira";"10:00:00";"PB";230;254,5;"JUNCO DO SERIDO";"Defeito Mecânico no Veículo";"Incêndio";"Sem Vítimas";"Pleno dia";"Decrescente";"Céu Claro";"Simples";"Reta";"Não";1;0;0;0;1;0;0;1;-7,0324;-36,6652;"SPRF-PB";"DEL03-PB";"UOP01-DEL03-PB"
211079;2019-05-22;"quarta-feira";"13:20:00";"RJ";116;78;"TERESOPOLIS";"Animais na Pista";"Atropelamento de Animal";"Com Vítimas Feridas";"Pleno dia";"Crescente";"Nublado";"Simples";"Reta";"Não";2;0;1;0;0;1;1;1;-22,37408687;-42,95260496;"SPRF-RJ";"DEL04-RJ";"UOP01-DEL04-RJ"
211080;2019-05-20;"segunda-feira";"13:30:00";"BA";116;459;"SANTO ESTEVAO";"Defeito na Via";"Tombamento";"Com Vítimas Feridas";"Pleno dia";"Crescente";"Céu Claro";"Simples";"Reta";"Sim";1;0;1;0;0;0;1;1;-12,41562153;-39,19106483;"SPRF-BA";"DEL02-BA";"UOP01-DEL02-BA"
211083;2019-05-22;"quarta-feira";"14:00:00";"SE";235;74;"FREI PAULO";"Falta de Atenção à Condução";"Colisão frontal";"Com Vítimas Feridas";"Pleno dia";"Crescente";"Chuva";"Simples";"Reta";"Sim";4;0;3;0;1;0;3;2;-10,544461;-37,545914;"SPRF-SE";"DEL01-SE";"UOP02-DEL01-SE"
211086;2019-05-22;"quarta-feira";"14:20:00";"PR";277;13;"PARANAGUA";"Avarias e/ou desgaste excessivo no pneu";"Queda de ocupante de veículo";"Com Vítimas Feridas";"Pleno dia";"Decrescente";"Céu Claro";"Dupla";"Reta";"Não";2;0;1;1;0;0;2;1;-25,56318141;-48,63680342;"SPRF-PR";"DEL01-PR";"UOP05-DEL01-PR"
211087;2019-05-22;"quarta-feira";"14:15:00";"RS";116;244,3;"SAO LEOPOLDO";"Falta de Atenção à Condução";"Engavetamento";"Com Vítimas Feridas";"Pleno dia";"Crescente";"Nublado";"Dupla";"Reta";"Sim";5;0;2;0;3;0;2;5;-29,74088003;-51,15039566;"SPRF-RS";"DEL01-RS";"UOP02-DEL01-RS"
211089;2019-05-15;"quarta-feira";"06:55:00";"RO";0;0;"VILHENA";"Desobediência às normas de trânsito pelo condutor";"Colisão lateral";"Com Vítimas Feridas";"Pleno dia";"Não Informado";"Céu Claro";"Simples";"Reta";"Não";2;0;1;0;1;0;1;2;-12,310231;-59,822582;"SPRF-RO";"DEL04-RO";"UOP01-DEL04-RO"
211090;2019-05-22;"quarta-feira";"14:06:00";"RS";290;41,1;"SANTO ANTONIO DA PATRULHA";"Falta de Atenção à Condução";"Saída de leito carroçável";"Com Vítimas Feridas";"Pleno dia";"Decrescente";"Chuva";"Dupla";"Reta";"Não";1;0;1;0;0;0;1;1;-29,887197;-50,668839;"SPRF-RS";"DEL03-RS";"UOP01-DEL03-RS"
211092;2019-05-22;"quarta-feira";"14:50:00";"PI";343;42,3;"BURITI DOS LOPES";"Pista Escorregadia";"Saída de leito carroçável";"Com Vítimas Feridas";"Pleno dia";"Crescente";"Chuva";"Simples";"Curva";"Não";1;0;1;0;0;0;1;1;-3,160851;-41,818455;"SPRF-PI";"DEL05-PI";"UOP01-DEL05-PI"
211094;2019-05-22;"quarta-feira";"11:50:00";"SC";282;223;"LAGES";"Falta de Atenção à Condução";"Colisão transversal";"Com Vítimas Feridas";"Pleno dia";"Decrescente";"Chuva";"Simples";"Reta";"Sim";1;0;0;1;0;0;1;1;-27,800127;-50,362751;"SPRF-SC";"DEL05-SC";"UOP01-DEL05-SC"
211097;2019-05-22;"quarta-feira";"15:40:00";"RS";116;520,3;"PELOTAS";"Falta de Atenção à Condução";"Colisão traseira";"Com Vítimas Feridas";"Pleno dia";"Crescente";"Nublado";"Simples";"Reta";"Sim";2;0;1;0;1;0;1;2;-31,70060621;-52,36130079;"SPRF-RS";"DEL07-RS";"UOP01-DEL07-RS"
211098;2019-05-22;"quarta-feira";"15:16:00";"PE";104;27;"CARUARU";"Falta de Atenção à Condução";"Colisão traseira";"Com Vítimas Fatais";"Pleno dia";"Crescente";"Céu Claro";"Simples";"Reta";"Sim";2;1;0;0;1;0;0;2;-7,985154;-36,099102;"SPRF-PE";"DEL02-PE";"UOP01-DEL02-PE"
211099;2019-05-22;"quarta-feira";"14:19:00";"BA";367;84,3;"EUNAPOLIS";"Defeito na Via";"Colisão traseira";"Com Vítimas Feridas";"Pleno dia";"Crescente";"Sol";"Simples";"Reta;Interseção de Vias";"Sim";2;0;1;0;1;0;1;2;-16,39767482;-39,45515442;"SPRF-BA";"DEL09-BA";"UOP01-DEL09-BA"
211104;2019-05-22;"quarta-feira";"16:00:00";"TO";153;135;"ARAGUAINA";"Desobediência às normas de trânsito pelo condutor";"Colisão traseira";"Com Vítimas Feridas";"Pleno dia";"Crescente";"Céu Claro";"Simples";"Reta";"Sim";2;0;1;0;1;0;1;2;-7,12896688;-48,19843215;"SPRF-TO";"DEL02-TO";"UOP01-DEL02-TO"
211106;2019-05-22;"quarta-feira";"16:15:00";"PR";277;141;"BALSA NOVA";"Defeito Mecânico no Veículo";"Saída de leito carroçável";"Com Vítimas Feridas";"Pleno dia";"Crescente";"Nublado";"Simples";"Reta";"Sim";1;0;1;0;0;0;1;1;-25,46493561;-49,73769307;"SPRF-PR";"DEL01-PR";"UOP06-DEL01-PR"
211107;2019-05-22;"quarta-feira";"16:10:00";"SP";116;214;"GUARULHOS";"Não guardar distância de segurança";"Colisão lateral";"Com Vítimas Feridas";"Pleno dia";"Decrescente";"Céu Claro";"Múltipla";"Reta";"Sim";2;0;1;0;0;1;1;2;-23,44333014;-46,44531294;"SPRF-SP";"DEL01-SP";"UOP01-DEL01-SP"
211108;2019-05-22;"quarta-feira";"15:10:00";"BA";101;365;"GANDU";"Desobediência às normas de trânsito pelo condutor";"Colisão transversal";"Com Vítimas Feridas";"Pleno dia";"Decrescente";"Nublado";"Simples";"Reta";"Sim";3;0;0;2;1;0;2;2;-13,8723118;-39,49285679;"SPRF-BA";"DEL05-BA";"UOP03-DEL05-BA"
211112;2019-05-22;"quarta-feira";"14:55:00";"MT";70;503;"CUIABA";"Falta de Atenção à Condução";"Queda de ocupante de veículo";"Com Vítimas Feridas";"Pleno dia";"Crescente";"Céu Claro";"Simples";"Reta";"Não";1;0;1;0;0;0;1;1;-15,67139089;-55,94815295;"SPRF-MT";"DEL02-MT";"UOP02-DEL01-MT"
211113;2019-05-22;"quarta-feira";"16:45:00";"PR";476;126;"CURITIBA";"Falta de Atenção à Condução";"Colisão traseira";"Com Vítimas Feridas";"Pleno dia";"Decrescente";"Nublado";"Dupla";"Reta;Aclive";"Sim";2;0;1;0;1;0;1;2;-25,416758;-49,223446;"SPRF-PR";"DEL01-PR";"UOP07-DEL01-PR"
211114;2019-05-22;"quarta-feira";"16:20:00";"BA";101;703,2;"EUNAPOLIS";"Mal Súbito";"Saída de leito carroçável";"Com Vítimas Fatais";"Pleno dia";"Crescente";"Sol";"Simples";"Aclive;Curva";"Não";1;1;0;0;0;0;0;1;-16,43471297;-39,57716291;"SPRF-BA";"DEL09-BA";"UOP01-DEL09-BA"
211115;2019-05-22;"quarta-feira";"17:15:00";"SC";101;147;"ITAPEMA";"Falta de Atenção à Condução";"Colisão transversal";"Com Vítimas Feridas";"Anoitecer";"Decrescente";"Chuva";"Dupla";"Reta";"Sim";2;0;0;1;1;0;1;2;-27,09237407;-48,61730888;"SPRF-SC";"DEL04-SC";"UOP03-DEL04-SC"
211116;2019-05-22;"quarta-feira";"16:50:00";"PA";316;34;"SANTA IZABEL DO PARA";"Falta de Atenção à Condução";"Colisão transversal";"Com Vítimas Feridas";"Pleno dia";"Crescente";"Chuva";"Dupla";"Reta";"Sim";2;0;1;0;1;0;1;2;-1,29444763;-48,17249938;"SPRF-PA";"DEL01-PA";"DEL19/1-UOP05/PA"
211117;2019-05-22;"quarta-feira";"17:35:00";"PR";376;181,1;"MARINGA";"Não guardar distância de segurança";"Colisão traseira";"Com Vítimas Feridas";"Pleno dia";"Crescente";"Sol";"Dupla";"Reta";"Sim";2;0;1;0;1;0;1;2;-23,429857;-51,890973;"SPRF-PR";"DEL07-PR";"UOP01-DEL09-PR"
211118;2019-05-22;"quarta-feira";"17:40:00";"RN";304;47,8;"MOSSORO";"Falta de Atenção do Pedestre";"Atropelamento de Pedestre";"Com Vítimas Feridas";"Plena Noite";"Crescente";"Céu Claro";"Dupla";"Curva";"Sim";3;0;1;2;0;0;3;2;-5,22597224;-37,33086797;"SPRF-RN";"DEL04-RN";"UOP01-DEL04-RN"
211119;2019-05-22;"quarta-feira";"16:45:00";"SC";101;208,7;"SAO JOSE";"Não guardar distância de segurança";"Colisão traseira";"Com Vítimas Feridas";"Anoitecer";"Crescente";"Nublado";"Múltipla";"Reta";"Sim";3;0;1;0;0;2;1;3;-27,60672399;-48,63560826;"SPRF-SC";"DEL01-SC";"UOP01-DEL01-SC"
211120;2019-05-22;"quarta-feira";"16:40:00";"RO";364;522,5;"ARIQUEMES";"Desobediência às normas de trânsito pelo condutor";"Colisão lateral";"Com Vítimas Feridas";"Pleno dia";"Crescente";"Céu Claro";"Simples";"Reta";"Sim";5;0;3;0;2;0;3;2;-9,86143201;-63,05831311;"SPRF-RO";"DEL03-RO";"UOP01-DEL03-RO"
211121;2019-05-22;"quarta-feira";"17:45:00";"SP";116;283,3;"EMBU DAS ARTES";"Falta de Atenção à Condução";"Colisão lateral";"Com Vítimas Feridas";"Anoitecer";"Crescente";"Céu Claro";"Dupla";"Reta";"Sim";2;0;1;0;1;0;1;2;-23,66348228;-46,85366761;"SPRF-SP";"DEL04-SP";"UOP01-DEL04-SP"