"id";"data_inversa";"dia_semana";"horario";"uf";"br";"km";"municipio";"causa_acidente";"tipo_acidente";"classificacao_acidente";"fase_dia";"sentido_via";"condicao_metereologica";"tipo_pista";"tracado_via";"uso_solo";"pessoas";"mortos";"feridos_leves";"feridos_graves";"ilesos";"ignorados";"feridos";"veiculos";"latitude";"longitude";"regional";"delegacia";"uop"
211392;2019-04-02;"terça-feira";"23:55:00";"RO";319;62;"PORTO VELHO";"Falta de Atenção à Condução";"Colisão lateral";"Com Vítimas Feridas";"Plena Noite";"Crescente";"Céu Claro";"Dupla";"Reta";"Sim";2;0;1;0;1;0;1;2;-8,75031809;-63,88798893;"SPRF-RO";"DEL01-RO";"UOP01-DEL01-RO"
211393;2019-05-24;"sexta-feira";"07:50:00";"GO";60;45,3;"APARECIDA DE GOIANIA";"Desobediência às normas de trânsito pelo condutor";"Colisão lateral";"Com Vítimas Feridas";"Pleno dia";"Decrescente";"Céu Claro";"Dupla";"Reta";"Sim";2;0;1;0;1;0;1;2;-16,77911945;-49,28844452;"SPRF-GO";"DEL01-GO";"UOP03-DEL01-GO"
211394;2019-05-24;"sexta-feira";"06:40:00";"RJ";101;313;"SAO GONCALO";"Falta de Atenção à Condução";"Colisão lateral";"Com Vítimas Feridas";"Pleno dia";"Crescente";"Céu Claro";"Dupla";"Reta";"Sim";3;0;1;0;2;0;1;3;-22,81013736;-43,06950688;"SPRF-RJ";"DEL02-RJ";"DEL5/2-UOP04/RJ"
211397;2019-04-26;"sexta-feira";"16:50:00";"GO";153;493,5;"GOIANIA";"Falta de Atenção à Condução";"Saída de leito carroçável";"Com Vítimas Fatais";"Pleno dia";"Decrescente";"Céu Claro";"Dupla";"Interseção de Vias";"Sim";3;1;0;1;0;1;1;2;-16,64888229;-49,21324795;"SPRF-GO";"DEL01-GO";"UOP01-DEL01-GO"
211400;2019-03-26;"terça-feira";"20:00:00";"PR";369;143;"LONDRINA";"Pista Escorregadia";"Capotamento";"Com Vítimas Feridas";"Plena Noite";"Crescente";"Ignorado";"Dupla";"Rotatória";"Sim";1;0;1;0;0;0;1;1;-23,29262044;-51,09747648;"SPRF-PR";"DEL07-PR";"UOP01-DEL07-PR"
211404;2019-05-24;"sexta-feira";"08:35:00";"PE";101;114;"IPOJUCA";"Pista Escorregadia";"Queda de ocupante de veículo";"Com Vítimas Feridas";"Pleno dia";"Decrescente";"Chuva";"Dupla";"Curva";"Sim";1;0;0;1;0;0;1;1;-8,33585626;-35,1333699;"SPRF-PE";"DEL01-PE";"UOP03-DEL01-PE"
211405;2019-05-24;"sexta-feira";"08:20:00";"MS";60;593;"GUIA LOPES DA LAGUNA";"Falta de Atenção à Condução";"Colisão transversal";"Com Vítimas Feridas";"Pleno dia";"Decrescente";"Nublado";"Simples";"Reta";"Sim";2;0;0;1;1;0;1;2;-21,48542331;-56,15040947;"SPRF-MS";"DEL05-MS";"UOP01-DEL05-MS"
211407;2019-05-24;"sexta-feira";"10:00:00";"PR";376;652,7;"TIJUCAS DO SUL";"Velocidade Incompatível";"Capotamento";"Com Vítimas Feridas";"Pleno dia";"Decrescente";"Chuva";"Dupla";"Aclive;Curva";"Não";1;0;1;0;0;0;1;1;-25,84234621;-49,0582037;"SPRF-PR";"DEL01-PR";"UOP04-DEL01-PR"
211408;2019-05-24;"sexta-feira";"09:00:00";"RO";364;307,6;"PRESIDENTE MEDICI";"Falta de Atenção à Condução";"Colisão traseira";"Sem Vítimas";"Pleno dia";"Crescente";"Céu Claro";"Simples";"Aclive;Reta";"Sim";3;0;0;0;3;0;0;3;-11,181447;-61,90154;"SPRF-RO";"DEL02-RO";"UOP01-DEL02-RO"
211410;2019-05-24;"sexta-feira";"10:00:00";"PR";376;544,5;"BALSA NOVA";"Desobediência às normas de trânsito pelo condutor";"Colisão transversal";"Com Vítimas Fatais";"Pleno dia";"Crescente";"Garoa/Chuvisco";"Dupla";"Reta";"Não";2;1;0;0;1;0;0;2;-25,44000098;-49,74991895;"SPRF-PR";"DEL01-PR";"UOP06-DEL01-PR"
211411;2019-05-12;"domingo";"19:25:00";"ES";259;76;"COLATINA";"Falta de Atenção à Condução";"Saída de leito carroçável";"Com Vítimas Feridas";"Plena Noite";"Crescente";"Nublado";"Simples";"Reta";"Sim";1;0;1;0;0;0;1;1;-19,52863616;-40,79785195;"SPRF-ES";"DEL02-ES";"UOP01-DEL02-ES"
211412;2019-05-24;"sexta-feira";"10:00:00";"PE";101;116;"ESCADA";"Defeito na Via";"Saída de leito carroçável";"Com Vítimas Feridas";"Pleno dia";"Crescente";"Chuva";"Dupla";"Reta";"Sim";1;0;1;0;0;0;1;1;-8,34532196;-35,14676704;"SPRF-PE";"DEL01-PE";"UOP03-DEL01-PE"
211414;2019-05-24;"sexta-feira";"10:15:00";"SC";101;355,7;"SANGAO";"Falta de Atenção à Condução";"Colisão traseira";"Com Vítimas Feridas";"Pleno dia";"Crescente";"Chuva";"Dupla";"Reta";"Não";4;0;2;0;1;1;2;2;-28,63301989;-49,09237504;"SPRF-SC";"DEL02-SC";"UOP01-DEL02-SC"
211416;2019-05-24;"sexta-feira";"10:40:00";"ES";101;232;"FUNDAO";"Pista Escorregadia";"Tombamento";"Com Vítimas Feridas";"Pleno dia";"Crescente";"Sol";"Simples";"Reta";"Não";1;0;1;0;0;0;1;1;-19,95224103;-40,40879816;"SPRF-ES";"DEL02-ES";"UOP01-DEL02-ES"
211418;2019-05-24;"sexta-feira";"05:55:00";"PB";230;25;"JOAO PESSOA";"Não guardar distância de segurança";"Colisão traseira";"Com Vítimas Feridas";"Pleno dia";"Decrescente";"Nublado";"Dupla";"Reta";"Sim";2;0;0;1;1;0;1;2;-7,1707;-34,8684;"SPRF-PB";"DEL01-PB";"UOP01-DEL01-PB"
211419;2019-05-24;"sexta-feira";"10:35:00";"SC";470;54,9;"BLUMENAU";"Desobediência às normas de trânsito pelo condutor";"Colisão transversal";"Com Vítimas Feridas";"Pleno dia";"Crescente";"Chuva";"Simples";"Reta";"Sim";2;0;1;0;1;0;1;2;-26,871065;-49,110374;"SPRF-SC";"DEL04-SC";"UOP01-DEL04-SC"
211420;2019-05-24;"sexta-feira";"11:10:00";"CE";222;8;"CAUCAIA";"Desobediência às normas de trânsito pelo condutor";"Colisão transversal";"Com Vítimas Feridas";"Pleno dia";"Crescente";"Chuva";"Simples";"Curva";"Sim";2;0;1;0;1;0;1;2;-3,736507;-38,65337;"SPRF-CE";"DEL01-CE";"UOP01-DEL01-CE"
211421;2019-05-24;"sexta-feira";"11:30:00";"RS";158;563;"SANTANA DO LIVRAMENTO";"Falta de Atenção à Condução";"Colisão transversal";"Com Vítimas Feridas";"Pleno dia";"Crescente";"Céu Claro";"Simples";"Interseção de Vias";"Não";2;0;0;1;1;0;1;2;-30,8547642;-55,4965204;"SPRF-RS";"DEL11-RS";"UOP01-DEL11-RS"
211422;2019-05-24;"sexta-feira";"10:10:00";"MS";60;180,6;"CAMAPUA";"Velocidade Incompatível";"Saída de leito carroçável";"Com Vítimas Feridas";"Pleno dia";"Crescente";"Nublado";"Simples";"Reta";"Não";1;0;1;0;0;0;1;1;-19,52817964;-53,90522912;"SPRF-MS";"DEL06-MS";"UOP02-DEL06-MS"
211424;2019-04-15;"segunda-feira";"00:35:00";"SC";101;197;"BIGUACU";"Velocidade Incompatível";"Capotamento";"Com Vítimas Feridas";"Plena Noite";"Decrescente";"Garoa/Chuvisco";"Múltipla";"Curva";"Sim";2;0;1;0;1;0;1;1;-27,51844497;-48,63848496;"SPRF-SC";"DEL01-SC";"UOP01-DEL01-SC"
211425;2019-05-24;"sexta-feira";"11:30:00";"SP";116;488;"CAJATI";"Falta de Atenção à Condução";"Saída de leito carroçável";"Sem Vítimas";"Pleno dia";"Crescente";"Céu Claro";"Dupla";"Reta";"Não";1;0;0;0;0;1;0;1;-24,73097634;-48,09815591;"SPRF-SP";"DEL05-SP";"UAP01-DEL05-SP"
211426;2019-05-24;"sexta-feira";"11:30:00";"PR";376;474,5;"PONTA GROSSA";"Velocidade Incompatível";"Saída de leito carroçável";"Com Vítimas Feridas";"Pleno dia";"Decrescente";"Chuva";"Dupla";"Curva";"Não";1;0;1;0;0;0;1;1;-25,04786596;-50,23557994;"SPRF-PR";"DEL03-PR";"UOP01-DEL03-PR"
211427;2019-05-24;"sexta-feira";"12:00:00";"RJ";393;246,1;"BARRA DO PIRAI";"Falta de Atenção à Condução";"Colisão traseira";"Sem Vítimas";"Pleno dia";"Decrescente";"Céu Claro";"Simples";"Reta";"Não";4;0;0;0;3;1;0;4;-22,43418644;-43,72671584;"SPRF-RJ";"DEL05-RJ";"UOP04-DEL05-RJ"
211428;2019-05-24;"sexta-feira";"12:00:00";"SP";116;146,4;"SAO JOSE DOS CAMPOS";"Falta de Atenção à Condução";"Colisão traseira";"Com Vítimas Feridas";"Pleno dia";"Decrescente";"Sol";"Dupla";"Reta";"Sim";2;0;1;0;1;0;1;2;-23,19122919;-45,86327591;"SPRF-SP";"DEL02-SP";"UOP01-DEL02-SP"
211429;2019-05-24;"sexta-feira";"12:20:00";"SP";116;201,6;"ARUJA";"Desobediência às normas de trânsito pelo condutor";"Colisão lateral";"Com Vítimas Feridas";"Pleno dia";"Crescente";"Nublado";"Simples";"Reta";"Não";3;0;2;0;1;0;2;2;-23,40362877;-46,33050107;"SPRF-SP";"DEL01-SP";"UOP02-DEL01-SP"
211430;2019-05-24;"sexta-feira";"10:10:00";"RO";364;693;"CANDEIAS DO JAMARI";"Falta de Atenção à Condução";"Colisão traseira";"Sem Vítimas";"Pleno dia";"Decrescente";"Céu Claro";"Dupla";"Reta";"Sim";2;0;0;0;2;0;0;2;-8,798112;-63,708916;"SPRF-RO";"DEL01-RO";"UOP01-DEL01-RO"
211434;2019-05-24;"sexta-feira";"12:20:00";"ES";101;414,8;"ITAPEMIRIM";"Desobediência às normas de trânsito pelo condutor";"Colisão lateral";"Com Vítimas Feridas";"Pleno dia";"Decrescente";"Céu Claro";"Simples";"Reta";"Não";2;0;1;0;1;0;1;2;-20,92345849;-41,07835562;"SPRF-ES";"DEL03-ES";"UOP02-DEL03-ES"
211435;2019-05-24;"sexta-feira";"12:00:00";"PR";277;155,4;"PORTO AMAZONAS";"Velocidade Incompatível";"Saída de leito carroçável";"Com Vítimas Feridas";"Pleno dia";"Decrescente";"Chuva";"Simples";"Curva";"Não";2;0;2;0;0;0;2;1;-25,47289;-49,895964;"SPRF-PR";"DEL01-PR";"UOP06-DEL01-PR"
211437;2019-05-24;"sexta-feira";"13:00:00";"PR";277;666;"MEDIANEIRA";"Ingestão de Álcool";"Colisão lateral";"Com Vítimas Feridas";"Pleno dia";"Decrescente";"Garoa/Chuvisco";"Dupla";"Reta";"Não";2;0;1;0;1;0;1;2;-25,26109005;-54,04600203;"SPRF-PR";"DEL05-PR";"UOP02-DEL05-PR"
211438;2019-05-24;"sexta-feira";"13:20:00";"RS";392;353;"SANTA MARIA";"Falta de Atenção à Condução";"Colisão lateral";"Com Vítimas Feridas";"Pleno dia";"Decrescente";"Garoa/Chuvisco";"Simples";"Reta";"Sim";2;0;1;0;1;0;1;2;-29,713892;-53,808228;"SPRF-RS";"DEL09-RS";"UOP01-DEL09-RS"
211439;2019-05-24;"sexta-feira";"12:40:00";"PR";376;591,4;"CURITIBA";"Falta de Atenção à Condução";"Colisão traseira";"Com Vítimas Feridas";"Pleno dia";"Decrescente";"Nublado";"Dupla";"Reta";"Sim";3;0;1;0;2;0;1;3;-25,45999605;-49,35895013;"SPRF-PR";"DEL01-PR";"UOP06-DEL01-PR"
211440;2019-05-19;"domingo";"05:40:00";"MT";174;155,2;"GLORIA DOESTE";"Ingestão de Álcool";"Atropelamento de Pedestre";"Com Vítimas Fatais";"Amanhecer";"Decrescente";"Céu Claro";"Simples";"Reta";"Não";2;1;0;0;1;0;0;2;-15,81013076;-58,35068997;"SPRF-MT";"DEL03-MT";"UOP01-DEL03-MT"
211441;2019-05-24;"sexta-feira";"13:20:00";"ES";101;244;"SERRA";"Ultrapassagem Indevida";"Colisão frontal";"Com Vítimas Feridas";"Pleno dia";"Decrescente";"Sol";"Simples";"Reta";"Sim";8;0;7;0;0;1;7;3;-20,04725275;-40,38731559;"SPRF-ES";"DEL02-ES";"UOP01-DEL02-ES"
211442;2019-05-24;"sexta-feira";"12:40:00";"PR";376;3,7;"APUCARANA";"Desobediência às normas de trânsito pelo condutor";"Colisão transversal";"Com Vítimas Feridas";"Pleno dia";"Crescente";"Céu Claro";"Simples";"Reta";"Sim";3;0;1;0;2;0;1;2;-23,5578434;-51,4414855;"SPRF-PR";"DEL07-PR";"UOP03-DEL07-PR"
211443;2019-04-16;"terça-feira";"16:45:00";"PR";376;102;"PARANAVAI";"Falta de Atenção à Condução";"Tombamento";"Com Vítimas Feridas";"Pleno dia";"Crescente";"Ignorado";"Simples";"Reta";"Sim";1;0;1;0;0;0;1;1;-23,03924615;-52,47579128;"SPRF-PR";"DEL07-PR";"UOP02-DEL09-PR"
211445;2019-05-24;"sexta-feira";"14:00:00";"ES";101;255,1;"SERRA";"Falta de Atenção à Condução";"Colisão traseira";"Com Vítimas Feridas";"Pleno dia";"Crescente";"Sol";"Simples";"Reta";"Sim";3;0;0;1;1;1;1;3;-20,11584492;-40,31772137;"SPRF-ES";"DEL02-ES";"UOP01-DEL02-ES"
211446;2019-05-24;"sexta-feira";"13:58:00";"GO";20;3,5;"FORMOSA";"Falta de Atenção à Condução";"Colisão traseira";"Com Vítimas Feridas";"Pleno dia";"Crescente";"Sol";"Dupla";"Reta";"Sim";3;0;2;0;1;0;2;2;-15,567487;-47,320309;"SPRF-DF";"DEL02-DF";"UOP01-DEL02-DF"
211447;2019-05-24;"sexta-feira";"14:20:00";"ES";101;66;"SAO MATEUS";"Desobediência às normas de trânsito pelo condutor";"Colisão transversal";"Com Vítimas Feridas";"Pleno dia";"Crescente";"Céu Claro";"Simples";"Reta";"Sim";2;0;1;0;1;0;1;2;-18,7165195;-39,87436378;"SPRF-ES";"DEL04-ES";"UOP02-DEL04-ES"
211449;2019-05-24;"sexta-feira";"14:30:00";"RS";116;247,1;"SAO LEOPOLDO";"Não guardar distância de segurança";"Colisão traseira";"Sem Vítimas";"Pleno dia";"Decrescente";"Chuva";"Múltipla";"Reta";"Sim";2;0;0;0;2;0;0;2;-29,76733091;-51,1535296;"SPRF-RS";"DEL01-RS";"UOP02-DEL01-RS"
211451;2019-04-26;"sexta-feira";"18:55:00";"RS";116;523,6;"PELOTAS";"Falta de Atenção à Condução";"Colisão lateral";"Com Vítimas Feridas";"Plena Noite";"Decrescente";"Chuva";"Simples";"Reta";"Sim";2;0;2;0;0;0;2;2;-31,72136584;-52,38140629;"SPRF-RS";"DEL07-RS";"UOP01-DEL07-RS"
211452;2019-05-24;"sexta-feira";"13:20:00";"GO";60;96,9;"ANAPOLIS";"Falta de Atenção à Condução";"Saída de leito carroçável";"Com Vítimas Feridas";"Pleno dia";"Decrescente";"Céu Claro";"Simples";"Retorno Regulamentado";"Não";5;0;5;0;0;0;5;1;-16,371;-48,9422;"SPRF-GO";"DEL02-GO";"UOP01-DEL02-GO"
211453;2019-04-11;"quinta-feira";"12:30:00";"SP";101;11,9;"UBATUBA";"Defeito Mecânico no Veículo";"Tombamento";"Com Vítimas Feridas";"Pleno dia";"Decrescente";"Nublado";"Simples";"Reta";"Não";2;0;0;1;0;1;1;2;-23,35065208;-44,8622565;"SPRF-SP";"DEL06-SP";"UOP01-DEL06-SP"
211454;2019-05-24;"sexta-feira";"14:40:00";"SP";116;442;"REGISTRO";"Falta de Atenção à Condução";"Saída de leito carroçável";"Com Vítimas Feridas";"Pleno dia";"Decrescente";"Céu Claro";"Dupla";"Reta";"Não";1;0;1;0;0;0;1;1;-24,47609886;-47,8273532;"SPRF-SP";"DEL05-SP";"UOP01-DEL05-SP"
211461;2019-05-24;"sexta-feira";"15:10:00";"ES";101;214;"IBIRACU";"Falta de Atenção à Condução";"Colisão transversal";"Com Vítimas Feridas";"Pleno dia";"Decrescente";"Sol";"Simples";"Retorno Regulamentado";"Não";3;0;1;0;2;0;1;2;-19,82999127;-40,37211181;"SPRF-ES";"DEL02-ES";"UOP01-DEL02-ES"
211462;2019-05-24;"sexta-feira";"15:30:00";"GO";70;26,1;"COCALZINHO DE GOIAS";"Desobediência às normas de trânsito pelo condutor";"Colisão traseira";"Com Vítimas Feridas";"Pleno dia";"Crescente";"Céu Claro";"Simples";"Reta";"Não";2;0;1;0;1;0;1;2;-15,75390568;-48,41885797;"SPRF-DF";"DEL01-DF";"UOP02-DEL03-DF"
211465;2019-05-24;"sexta-feira";"14:40:00";"PR";476;122;"CURITIBA";"Desobediência às normas de trânsito pelo condutor";"Colisão transversal";"Com Vítimas Feridas";"Pleno dia";"Crescente";"Ignorado";"Dupla";"Interseção de Vias";"Sim";2;0;1;0;1;0;1;2;-25,385775;-49,203377;"SPRF-PR";"DEL01-PR";"UOP07-DEL01-PR"
211466;2019-05-17;"sexta-feira";"18:24:00";"AC";364;112;"RIO BRANCO";"Falta de Atenção à Condução";"Colisão frontal";"Com Vítimas Fatais";"Anoitecer";"Crescente";"Céu Claro";"Simples";"Reta";"Não";3;2;0;1;0;0;1;2;-10,0136782;-67,683134;"SPRF-AC";"DEL01-AC";"UOP01-DEL01-AC"
211469;2019-05-24;"sexta-feira";"14:00:00";"PR";153;405,9;"PAULO FRONTIN";"Falta de Atenção à Condução";"Colisão traseira";"Com Vítimas Fatais";"Pleno dia";"Decrescente";"Nublado";"Simples";"Reta";"Não";2;1;0;0;1;0;0;2;-26,00522402;-50,84044309;"SPRF-PR";"DEL02-PR";"UOP03-DEL02-PR"
211470;2019-05-24;"sexta-feira";"15:45:00";"PB";230;124;"RIACHAO DO BACAMARTE";"Velocidade Incompatível";"Colisão com objeto estático";"Sem Vítimas";"Pleno dia";"Crescente";"Céu Claro";"Dupla";"Aclive";"Não";1;0;0;0;1;0;0;1;-7,2465;-35,6751;"SPRF-PB";"DEL02-PB";"UOP01-DEL02-PB"
211473;2019-05-24;"sexta-feira";"17:10:00";"RJ";101;463;"ANGRA DOS REIS";"Desobediência às normas de trânsito pelo condutor";"Saída de leito carroçável";"Com Vítimas Feridas";"Anoitecer";"Crescente";"Nublado";"Dupla";"Curva";"Não";1;0;0;1;0;0;1;1;-23,02635686;-44,21296905;"SPRF-RJ";"DEL03-RJ";"UOP03-DEL03-RJ"
211474;2019-05-24;"sexta-feira";"15:00:00";"MG";262;483,3;"BOM DESPACHO";"Falta de Atenção à Condução";"Colisão transversal";"Com Vítimas Feridas";"Pleno dia";"Crescente";"Sol";"Simples";"Interseção de Vias";"Não";2;0;1;0;1;0;1;2;-19,78475619;-45,27534199;"SPRF-MG";"DEL08-MG";"UOP03-DEL08-MG"
211475;2019-05-24;"sexta-feira";"17:05:00";"SC";101;39,6;"JOINVILLE";"Animais na Pista";"Atropelamento de Animal";"Com Vítimas Feridas";"Pleno dia";"Crescente";"Nublado";"Dupla";"Reta";"Sim";1;0;1;0;0;0;1;1;-26,3055533;-48,88115644;"SPRF-SC";"DEL03-SC";"UOP01-DEL03-SC"
211477;2019-05-24;"sexta-feira";"12:00:00";"RR";174;356;"CARACARAI";"Pista Escorregadia";"Saída de leito carroçável";"Com Vítimas Feridas";"Pleno dia";"Crescente";"Chuva";"Simples";"Aclive;Reta";"Não";3;0;3;0;0;0;3;1;1,73907036;-61,14106178;"SPRF-RR";"DEL01-RR";"UOP01-DEL01-RR"
211478;2019-05-24;"sexta-feira";"17:00:00";"PR";476;123;"CURITIBA";"Velocidade Incompatível";"Colisão traseira";"Com Vítimas Feridas";"Pleno dia";"Crescente";"Céu Claro";"Dupla";"Reta";"Sim";3;0;2;0;1;0;2;3;-25,392904;-49,209557;"SPRF-PR";"DEL01-PR";"UOP07-DEL01-PR"
211479;2019-05-24;"sexta-feira";"17:30:00";"ES";101;268,5;"SERRA";"Desobediência às normas de trânsito pelo condutor";"Colisão lateral";"Com Vítimas Feridas";"Pleno dia";"Crescente";"Sol";"Múltipla";"Reta";"Não";2;0;1;0;1;0;1;2;-20,21328403;-40,27012825;"SPRF-ES";"DEL02-ES";"UOP01-DEL02-ES"
211480;2019-05-24;"sexta-feira";"14:30:00";"MS";267;190;"NOVA ALVORADA DO SUL";"Desobediência às normas de trânsito pelo condutor";"Colisão lateral";"Com Vítimas Feridas";"Pleno dia";"Crescente";"Céu Claro";"Simples";"Reta";"Não";2;0;1;0;1;0;1;2;-21,60009247;-53,85547004;"SPRF-MS";"DEL02-MS";"UOP03-DEL02-MS"
211481;2019-05-24;"sexta-feira";"17:20:00";"PA";230;123;"MARABA";"Falta de Atenção à Condução";"Colisão transversal";"Com Vítimas Feridas";"Pleno dia";"Decrescente";"Sol";"Dupla";"Interseção de Vias";"Sim";4;0;1;0;3;0;1;2;-5,36838526;-49,12886078;"SPRF-PA";"DEL03-PA";"UOP01-DEL03-PA"
211482;2019-05-24;"sexta-feira";"17:30:00";"SC";470;54,1;"BLUMENAU";"Desobediência às normas de trânsito pelo condutor";"Colisão transversal";"Com Vítimas Feridas";"Plena Noite";"Crescente";"Chuva";"Simples";"Curva";"Sim";2;0;1;0;1;0;1;2;-26,871065;-49,110374;"SPRF-SC";"DEL04-SC";"UOP01-DEL04-SC"
211483;2019-05-24;"sexta-feira";"17:45:00";"GO";153;496,3;"GOIANIA";"Defeito Mecânico no Veículo";"Queda de ocupante de veículo";"Com Vítimas Feridas";"Anoitecer";"Crescente";"Céu Claro";"Dupla";"Reta";"Sim";2;0;1;1;0;0;2;1;-16,6776;-49,2314;"SPRF-GO";"DEL01-GO";"UOP01-DEL01-GO"
211487;2019-05-24;"sexta-feira";"17:00:00";"MG";354;745,4;"POUSO ALTO";"Falta de Atenção à Condução";"Colisão transversal";"Com Vítimas Feridas";"Pleno dia";"Crescente";"Céu Claro";"Simples";"Rotatória";"Não";3;0;1;0;2;0;1;2;-22,25287731;-44,93150711;"SPRF-MG";"DEL05-MG";"UOP01-DEL17-MG"
211490;2019-05-24;"sexta-feira";"17:45:00";"ES";393;12,8;"CACHOEIRO DE ITAPEMIRIM";"Objeto estático sobre o leito carroçável";"Saída de leito carroçável";"Com Vítimas Feridas";"Anoitecer";"Crescente";"Céu Claro";"Simples";"Reta";"Não";1;0;1;0;0;0;1;1;-20,85990407;-41,25197191;"SPRF-ES";"DEL03-ES";"UOP02-DEL03-ES"
211492;2019-05-24;"sexta-feira";"17:30:00";"SC";101;207;"SAO JOSE";"Pista Escorregadia";"Colisão lateral";"Com Vítimas Feridas";"Anoitecer";"Decrescente";"Garoa/Chuvisco";"Múltipla";"Declive";"Sim";2;0;1;0;1;0;1;2;-27,60001226;-48,6226467;"SPRF-SC";"DEL01-SC";"UOP01-DEL01-SC"
211493;2019-05-24;"sexta-feira";"08:00:00";"AC";317;406;"ASSIS BRASIL";"Falta de Atenção à Condução";"Saída de leito carroçável";"Sem Vítimas";"Pleno dia";"Decrescente";"Garoa/Chuvisco";"Simples";"Curva";"Sim";3;0;0;0;3;0;0;1;-10,93274078;-69,56502429;"SPRF-AC";"DEL01-AC";"UOP02-DEL01-AC"
211495;2019-05-24;"sexta-feira";"17:30:00";"AL";101;136,2;"SAO MIGUEL DOS CAMPOS";"Desobediência às normas de trânsito pelo condutor";"Queda de ocupante de veículo";"Com Vítimas Feridas";"Anoitecer";"Crescente";"Céu Claro";"Múltipla";"Aclive";"Sim";1;0;1;0;0;0;1;1;-9,79561892;-36,10861314;"SPRF-AL";"DEL02-AL";"UOP01-DEL02-AL"
211496;2019-05-24;"sexta-feira";"18:10:00";"RJ";40;111;"DUQUE DE CAXIAS";"Falta de Atenção à Condução";"Colisão traseira";"Com Vítimas Feridas";"Plena Noite";"Decrescente";"Céu Claro";"Múltipla";"Reta";"Sim";3;0;1;0;2;0;1;2;-22,691868;-43,287453;"SPRF-RJ";"DEL01-RJ";"UOP01-DEL01-RJ"
211497;2019-05-24;"sexta-feira";"13:50:00";"RJ";116;167,6;"SAO JOAO DE MERITI";"Falta de Atenção à Condução";"Colisão lateral";"Com Vítimas Feridas";"Pleno dia";"Decrescente";"Nublado";"Múltipla";"Reta";"Sim";3;0;1;0;0;2;1;3;-22,79778283;-43,35847045;"SPRF-RJ";"DEL01-RJ";"UOP02-DEL01-RJ"
211498;2019-05-24;"sexta-feira";"17:30:00";"AL";101;57;"MESSIAS";"Falta de Atenção à Condução";"Saída de leito carroçável";"Com Vítimas Feridas";"Anoitecer";"Crescente";"Céu Claro";"Dupla";"Curva";"Não";1;0;1;0;0;0;1;1;-9,2726282;-35,79226676;"SPRF-AL";"DEL01-AL";"UOP01-DEL01-AL"
211499;2019-05-24;"sexta-feira";"18:40:00";"SC";101;134;"BALNEARIO CAMBORIU";"Falta de Atenção à Condução";"Colisão transversal";"Com Vítimas Feridas";"Plena Noite";"Crescente";"Céu Claro";"Dupla";"Reta";"Sim";2;0;0;1;1;0;1;2;-27,00218;-48,636433;"SPRF-SC";"DEL04-SC";"UOP03-DEL04-SC"
211500;2019-05-24;"sexta-feira";"18:30:00";"PR";376;178,1;"MARINGA";"Desobediência às normas de trânsito pelo condutor";"Colisão lateral";"Com Vítimas Feridas";"Plena Noite";"Crescente";"Céu Claro";"Dupla";"Reta";"Sim";2;0;1;0;1;0;1;2;-23,41944337;-51,91291094;"SPRF-PR";"DEL07-PR";"UOP01-DEL09-PR"
211501;2019-05-24;"sexta-feira";"18:30:00";"PR";277;668,1;"MEDIANEIRA";"Pista Escorregadia";"Queda de ocupante de veículo";"Com Vítimas Feridas";"Plena Noite";"Crescente";"Céu Claro";"Dupla";"Reta";"Não";1;0;1;0;0;0;1;1;-25,27063805;-54,06252597;"SPRF-PR";"DEL05-PR";"UOP02-DEL05-PR"
211502;2019-05-24;"sexta-feira";"18:05:00";"CE";222;0,1;"CAUCAIA";"Falta de Atenção à Condução";"Colisão lateral";"Com Vítimas Feridas";"Plena Noite";"Crescente";"Céu Claro";"Dupla";"Reta";"Não";3;0;2;0;1;0;2;2;-3,7367737;-38,56923;"SPRF-CE";"DEL01-CE";"UOP01-DEL01-CE"
211505;2019-05-24;"sexta-feira";"16:00:00";"RJ";40;111;"DUQUE DE CAXIAS";"Não guardar distância de segurança";"Colisão traseira";"Com Vítimas Feridas";"Pleno dia";"Crescente";"Nublado";"Múltipla";"Reta";"Sim";3;0;1;0;2;0;1;2;-22,691868;-43,287453;"SPRF-RJ";"DEL01-RJ";"UOP01-DEL01-RJ"
211506;2019-05-24;"sexta-feira";"17:50:00";"RN";304;32;"MOSSORO";"Desobediência às normas de trânsito pelo condutor";"Colisão traseira";"Com Vítimas Fatais";"Anoitecer";"Decrescente";"Céu Claro";"Dupla";"Reta";"Sim";4;1;1;0;2;0;1;2;-5,13471117;-37,34486327;"SPRF-RN";"DEL04-RN";"UOP02-DEL04-RN"
211507;2019-05-24;"sexta-feira";"17:20:00";"PR";373;478,7;"CORONEL VIVIDA";"Falta de Atenção à Condução";"Colisão transversal";"Com Vítimas Feridas";"Plena Noite";"Crescente";"Chuva";"Simples";"Reta";"Sim";3;0;1;0;2;0;1;2;-25,99024194;-52,55579688;"SPRF-PR";"DEL02-PR";"UOP01-DEL02-PR"
211508;2019-05-24;"sexta-feira";"19:15:00";"RN";101;146,9;"GOIANINHA";"Falta de Atenção do Pedestre";"Atropelamento de Pedestre";"Com Vítimas Feridas";"Plena Noite";"Decrescente";"Céu Claro";"Dupla";"Reta";"Sim";2;0;0;1;1;0;1;2;-6,26255354;-35,21147156;"SPRF-RN";"DEL01-RN";"UOP01-DEL01-RN"