"id";"data_inversa";"dia_semana";"horario";"uf";"br";"km";"municipio";"causa_acidente";"tipo_acidente";"classificacao_acidente";"fase_dia";"sentido_via";"condicao_metereologica";"tipo_pista";"tracado_via";"uso_solo";"pessoas";"mortos";"feridos_leves";"feridos_graves";"ilesos";"ignorados";"feridos";"veiculos";"latitude";"longitude";"regional";"delegacia";"uop"
211731;2019-05-25;"sábado";"22:30:00";"PR";476;124;"CURITIBA";"Falta de Atenção à Condução";"Colisão traseira";"Com Vítimas Feridas";"Plena Noite";"Decrescente";"Nublado";"Dupla";"Reta;Em Obras;Desvio Temporário";"Sim";2;0;1;0;1;0;1;2;-25,399845;-49,215855;"SPRF-PR";"DEL01-PR";"UOP07-DEL01-PR"
211732;2019-05-25;"sábado";"20:45:00";"MT";364;0,2;"ALTO ARAGUAIA";"Falta de Atenção à Condução";"Colisão lateral";"Com Vítimas Feridas";"Plena Noite";"Decrescente";"Céu Claro";"Dupla";"Reta";"Sim";2;0;0;1;1;0;1;2;-17,31871;-53,211903;"SPRF-MT";"DEL02-MT";"UOP02-DEL02-MT"
211734;2019-05-25;"sábado";"09:00:00";"MG";40;507,9;"RIBEIRAO DAS NEVES";"Falta de Atenção à Condução";"Colisão lateral";"Com Vítimas Feridas";"Pleno dia";"Crescente";"Céu Claro";"Dupla";"Reta";"Não";2;0;1;0;0;1;1;2;-19,75431705;-44,14152606;"SPRF-MG";"DEL02-MG";"UOP01-DEL02-MG"
211735;2019-05-25;"sábado";"19:50:00";"MG";116;493,7;"INHAPIM";"Falta de Atenção do Pedestre";"Atropelamento de Pedestre";"Com Vítimas Feridas";"Plena Noite";"Crescente";"Nublado";"Simples";"Reta";"Não";2;0;1;1;0;0;2;2;-19,50119606;-42,12776218;"SPRF-MG";"DEL06-MG";"UOP02-DEL06-MG"
211736;2019-05-25;"sábado";"22:30:00";"BA";101;714,7;"EUNAPOLIS";"Falta de Atenção à Condução";"Colisão frontal";"Com Vítimas Feridas";"Plena Noite";"Crescente";"Céu Claro";"Simples";"Reta;Interseção de Vias";"Sim";2;0;1;0;1;0;1;2;-16,33595429;-39,5816803;"SPRF-BA";"DEL09-BA";"UOP01-DEL09-BA"
211737;2019-05-18;"sábado";"04:30:00";"SC";101;207;"SAO JOSE";"Falta de Atenção à Condução";"Capotamento";"Com Vítimas Feridas";"Plena Noite";"Decrescente";"Nublado";"Dupla";"Curva";"Sim";1;0;1;0;0;0;1;1;-27,60001226;-48,6226467;"SPRF-SC";"DEL01-SC";"UOP01-DEL01-SC"
211738;2019-05-25;"sábado";"20:20:00";"SC";280;50;"GUARAMIRIM";"Ingestão de Álcool";"Colisão traseira";"Com Vítimas Feridas";"Plena Noite";"Crescente";"Nublado";"Simples";"Reta";"Não";3;0;1;0;2;0;1;2;-26,4619489;-48,94618404;"SPRF-SC";"DEL03-SC";"UOP03-DEL03-SC"
211740;2019-05-25;"sábado";"23:20:00";"MG";116;443,3;"ENGENHEIRO CALDAS";"Desobediência às normas de trânsito pelo condutor";"Colisão frontal";"Com Vítimas Feridas";"Plena Noite";"Crescente";"Céu Claro";"Simples";"Reta";"Não";3;0;2;0;1;0;2;2;-19,09760101;-42,0072935;"SPRF-MG";"DEL06-MG";"UOP02-DEL06-MG"
211742;2019-05-25;"sábado";"21:20:00";"PE";232;79,6;"GRAVATA";"Ingestão de Álcool";"Colisão lateral";"Sem Vítimas";"Plena Noite";"Decrescente";"Céu Claro";"Simples";"Interseção de Vias;Reta";"Sim";2;0;0;0;2;0;0;2;-8,19460572;-35,56074803;"SPRF-PE";"DEL01-PE";"UOP02-DEL02PE"
211743;2019-05-25;"sábado";"22:15:00";"MG";262;799;"UBERABA";"Velocidade Incompatível";"Tombamento";"Com Vítimas Feridas";"Plena Noite";"Decrescente";"Céu Claro";"Simples";"Rotatória";"Sim";1;0;1;0;0;0;1;1;-19,76718819;-47,88949013;"SPRF-MG";"DEL13-MG";"UOP01-DEL13-MG"
211744;2019-05-25;"sábado";"22:25:00";"MG";381;846,2;"SAO SEBASTIAO DA BELA VISTA";"Velocidade Incompatível";"Atropelamento de Animal";"Com Vítimas Feridas";"Plena Noite";"Crescente";"Ignorado";"Dupla";"Reta";"Não";4;0;1;1;2;0;2;1;-22,2442938;-45,88357198;"SPRF-MG";"DEL16-MG";"UOP01-DEL16-MG"
211745;2019-05-25;"sábado";"22:20:00";"MG";262;15,6;"MARTINS SOARES";"Desobediência às normas de trânsito pelo condutor";"Colisão lateral";"Com Vítimas Feridas";"Plena Noite";"Decrescente";"Céu Claro";"Simples";"Curva";"Sim";3;0;2;0;0;1;2;2;-20,26054008;-41,87631604;"SPRF-MG";"DEL06-MG";"UOP03-DEL06-MG"
211748;2019-05-26;"domingo";"00:30:00";"PE";101;41;"IGARASSU";"Falta de Atenção à Condução";"Colisão lateral";"Sem Vítimas";"Plena Noite";"Decrescente";"Chuva";"Dupla";"Reta";"Sim";3;0;0;0;1;2;0;2;-7,83038346;-34,91426785;"SPRF-PE";"DEL01-PE";"UOP02-DEL01-PE"
211749;2019-05-25;"sábado";"23:20:00";"PB";101;88,8;"JOAO PESSOA";"Ingestão de Álcool";"Colisão com objeto estático";"Sem Vítimas";"Plena Noite";"Crescente";"Chuva";"Dupla";"Reta";"Sim";2;0;0;0;0;2;0;2;-7,17004742;-34,8972559;"SPRF-PB";"DEL01-PB";"UOP01-DEL01-PB"
211750;2019-05-26;"domingo";"00:45:00";"RS";116;144,1;"CAXIAS DO SUL";"Velocidade Incompatível";"Colisão com objeto estático";"Sem Vítimas";"Plena Noite";"Crescente";"Céu Claro";"Dupla";"Curva";"Sim";1;0;0;0;1;0;0;1;-29,1267449;-51,12768983;"SPRF-RS";"DEL05-RS";"UOP01-DEL05-RS"
211752;2019-05-25;"sábado";"23:30:00";"SC";470;121;"IBIRAMA";"Ingestão de Álcool";"Capotamento";"Com Vítimas Feridas";"Plena Noite";"Decrescente";"Nevoeiro/Neblina";"Múltipla";"Curva";"Não";2;0;2;0;0;0;2;1;-27,095861;-49,526859;"SPRF-SC";"DEL04-SC";"UOP02-DEL04-SC"
211753;2019-05-26;"domingo";"01:00:00";"ES";393;1;"CACHOEIRO DE ITAPEMIRIM";"Falta de Atenção à Condução";"Colisão frontal";"Com Vítimas Feridas";"Plena Noite";"Decrescente";"Garoa/Chuvisco";"Simples";"Reta";"Sim";2;0;1;0;1;0;1;2;-20,83723289;-41,16733095;"SPRF-ES";"DEL03-ES";"UOP02-DEL03-ES"
211754;2019-05-26;"domingo";"00:40:00";"MG";365;44,7;"CLARO DOS POCOES";"Falta de Atenção à Condução";"Saída de leito carroçável";"Com Vítimas Feridas";"Plena Noite";"Decrescente";"Céu Claro";"Simples";"Reta";"Não";3;0;2;1;0;0;3;1;-16,908229;-44,200614;"SPRF-MG";"DEL12-MG";"UOP01-DEL12-MG"
211755;2019-05-26;"domingo";"01:30:00";"RN";226;2,7;"NATAL";"Animais na Pista";"Atropelamento de Animal";"Com Vítimas Fatais";"Plena Noite";"Crescente";"Chuva";"Simples";"Reta";"Sim";2;1;0;1;0;0;1;1;-5,81364934;-35,2466547;"SPRF-RN";"DEL01-RN";"UOP02-DEL01-RN"
211756;2019-05-26;"domingo";"01:46:00";"RJ";393;285,5;"VOLTA REDONDA";"Falta de Atenção à Condução";"Colisão transversal";"Com Vítimas Feridas";"Plena Noite";"Decrescente";"Nublado";"Dupla";"Retorno Regulamentado";"Sim";4;0;1;1;2;0;2;2;-22,481726;-44,06308602;"SPRF-RJ";"DEL05-RJ";"UOP04-DEL05-RJ"
211757;2019-05-25;"sábado";"20:40:00";"PI";343;309,7;"TERESINA";"Falta de Atenção à Condução";"Colisão traseira";"Com Vítimas Feridas";"Plena Noite";"Crescente";"Céu Claro";"Dupla";"Reta";"Sim";6;0;1;0;5;0;1;3;-5,0566946;-42,6841858;"SPRF-PI";"DEL01-PI";"UOP01-DEL01-PI"
211759;2019-05-25;"sábado";"23:40:00";"BA";324;620;"SALVADOR";"Desobediência às normas de trânsito pelo pedestre";"Atropelamento de Pedestre";"Com Vítimas Feridas";"Plena Noite";"Crescente";"Céu Claro";"Múltipla";"Reta";"Sim";2;0;1;0;0;1;1;2;-12,90482172;-38,45556535;"SPRF-BA";"DEL01-BA";"UOP01-DEL01-BA"
211760;2019-05-26;"domingo";"01:05:00";"MS";163;639;"SAO GABRIEL DO OESTE";"Ingestão de Álcool";"Tombamento";"Com Vítimas Feridas";"Pleno dia";"Decrescente";"Céu Claro";"Dupla";"Reta";"Não";1;0;1;0;0;0;1;1;-19,22843163;-54,69877591;"SPRF-MS";"DEL06-MS";"UOP02-DEL06-MS"
211762;2019-05-26;"domingo";"02:00:00";"PE";101;72;"RECIFE";"Ingestão de Álcool";"Colisão frontal";"Com Vítimas Feridas";"Plena Noite";"Crescente";"Céu Claro";"Simples";"Reta";"Sim";3;0;1;0;1;1;1;3;-8,08493106;-34,9450639;"SPRF-PE";"DEL01-PE";"UOP01-DEL01-PE"
211764;2019-05-26;"domingo";"00:20:00";"MA";10;247,9;"IMPERATRIZ";"Desobediência às normas de trânsito pelo condutor";"Colisão lateral";"Com Vítimas Feridas";"Plena Noite";"Decrescente";"Céu Claro";"Simples";"Reta";"Sim";2;0;1;1;0;0;2;2;-5,566768;-47,448275;"SPRF-MA";"DEL04-MA";"UOP01-DEL04-MA"
211765;2019-05-25;"sábado";"22:00:00";"BA";116;10,5;"VITORIA DA CONQUISTA";"Desobediência às normas de trânsito pelo condutor";"Colisão transversal";"Com Vítimas Feridas";"Plena Noite";"Decrescente";"Céu Claro";"Simples";"Interseção de Vias";"Sim";3;0;3;0;0;0;3;2;-14,87282;-40,87139;"SPRF-BA";"DEL08-BA";"UOP01-DEL08-BA"
211766;2019-05-26;"domingo";"01:15:00";"RO";364;702;"PORTO VELHO";"Falta de Atenção à Condução";"Colisão com objeto estático";"Sem Vítimas";"Plena Noite";"Decrescente";"Céu Claro";"Dupla";"Retorno Regulamentado";"Não";1;0;0;0;0;1;0;1;-8,80043238;-63,786732;"SPRF-RO";"DEL01-RO";"UOP01-DEL01-RO"
211767;2019-05-26;"domingo";"00:50:00";"SC";470;247;"CURITIBANOS";"Velocidade Incompatível";"Saída de leito carroçável";"Com Vítimas Feridas";"Plena Noite";"Decrescente";"Garoa/Chuvisco";"Simples";"Rotatória";"Sim";1;0;1;0;0;0;1;1;-27,315269;-50,541786;"SPRF-SC";"DEL05-SC";"UOP03-DEL05-SC"
211768;2019-05-26;"domingo";"02:25:00";"PR";376;83;"GUAIRACA";"Animais na Pista";"Saída de leito carroçável";"Com Vítimas Feridas";"Plena Noite";"Crescente";"Nublado";"Simples";"Reta";"Não";2;0;2;0;0;0;2;1;-22,97153262;-52,62330289;"SPRF-PR";"DEL07-PR";"UOP02-DEL09-PR"
211769;2019-05-26;"domingo";"02:30:00";"RN";304;34,6;"MOSSORO";"Falta de Atenção à Condução";"Saída de leito carroçável";"Com Vítimas Feridas";"Plena Noite";"Decrescente";"Nublado";"Simples";"Viaduto";"Sim";1;0;1;0;0;0;1;1;-5,15762791;-37,3496047;"SPRF-RN";"DEL04-RN";"UOP02-DEL04-RN"
211771;2019-05-26;"domingo";"02:30:00";"SP";116;212;"GUARULHOS";"Falta de Atenção à Condução";"Colisão transversal";"Com Vítimas Feridas";"Plena Noite";"Decrescente";"Nublado";"Múltipla";"Declive";"Sim";5;0;1;0;4;0;1;4;-23,43608315;-46,42805094;"SPRF-SP";"DEL01-SP";"UOP01-DEL01-SP"
211772;2019-05-26;"domingo";"02:20:00";"SP";116;274,9;"EMBU DAS ARTES";"Velocidade Incompatível";"Colisão com objeto estático";"Com Vítimas Feridas";"Plena Noite";"Decrescente";"Céu Claro";"Dupla";"Curva";"Sim";3;0;2;0;1;0;2;1;-23,63445084;-46,82418514;"SPRF-SP";"DEL04-SP";"UOP01-DEL04-SP"
211774;2019-05-26;"domingo";"02:12:00";"MG";381;935,4;"EXTREMA";"Condutor Dormindo";"Saída de leito carroçável";"Com Vítimas Feridas";"Plena Noite";"Crescente";"Céu Claro";"Dupla";"Reta";"Não";1;0;1;0;0;0;1;1;-22,82329661;-46,30805019;"SPRF-MG";"DEL16-MG";"UOP03-DEL16-MG"
211775;2019-05-26;"domingo";"03:15:00";"RS";290;107;"ELDORADO DO SUL";"Velocidade Incompatível";"Saída de leito carroçável";"Com Vítimas Feridas";"Plena Noite";"Decrescente";"Chuva";"Múltipla";"Curva";"Sim";4;0;1;0;3;0;1;1;-30,001852;-51,304264;"SPRF-RS";"DEL02-RS";"UOP01-DEL02-RS"
211776;2019-05-26;"domingo";"03:00:00";"MS";262;326,6;"CAMPO GRANDE";"Falta de Atenção à Condução";"Colisão lateral";"Com Vítimas Feridas";"Plena Noite";"Decrescente";"Céu Claro";"Simples";"Reta";"Sim";3;0;0;3;0;0;3;2;-20,46867409;-54,53455902;"SPRF-MS";"DEL01-MS";"UOP01-DEL01-MS"
211777;2019-05-26;"domingo";"04:20:00";"RN";101;94;"NATAL";"Ingestão de Álcool";"Colisão lateral";"Sem Vítimas";"Amanhecer";"Decrescente";"Garoa/Chuvisco";"Dupla";"Viaduto";"Sim";2;0;0;0;2;0;0;2;-5,83176615;-35,21191342;"SPRF-RN";"DEL01-RN";"UOP01-DEL01-RN"
211778;2019-05-26;"domingo";"04:00:00";"SP";381;80;"SAO PAULO";"Falta de Atenção à Condução";"Saída de leito carroçável";"Com Vítimas Feridas";"Plena Noite";"Decrescente";"Garoa/Chuvisco";"Dupla";"Reta";"Não";5;0;5;0;0;0;5;1;-23,40889686;-46,58095945;"SPRF-SP";"DEL03-SP";"UOP01-DEL03-SP"
211779;2019-05-26;"domingo";"03:30:00";"RS";153;49,9;"ERECHIM";"Pista Escorregadia";"Queda de ocupante de veículo";"Com Vítimas Feridas";"Plena Noite";"Decrescente";"Nevoeiro/Neblina";"Simples";"Reta";"Não";1;0;0;1;0;0;1;1;-27,65513812;-52,26579899;"SPRF-RS";"DEL08-RS";"UOP04-DEL08-RS"
211780;2019-05-26;"domingo";"04:15:00";"MT";163;844;"SINOP";"Condutor Dormindo";"Saída de leito carroçável";"Com Vítimas Feridas";"Amanhecer";"Crescente";"Céu Claro";"Simples";"Reta";"Não";5;0;3;0;2;0;3;1;-11,78733678;-55,47607943;"SPRF-MT";"DEL06-MT";"UOP02-DEL06-MT"
211781;2019-05-26;"domingo";"02:30:00";"MA";10;248,5;"IMPERATRIZ";"Desobediência às normas de trânsito pelo condutor";"Colisão traseira";"Com Vítimas Feridas";"Plena Noite";"Decrescente";"Céu Claro";"Simples";"Reta";"Sim";3;0;0;2;1;0;2;2;-5,558508;-47,45417;"SPRF-MA";"DEL04-MA";"UOP01-DEL04-MA"
211782;2019-05-26;"domingo";"05:20:00";"SP";381;90;"GUARULHOS";"Falta de Atenção à Condução";"Colisão com objeto estático";"Com Vítimas Feridas";"Plena Noite";"Decrescente";"Garoa/Chuvisco";"Dupla";"Reta";"Sim";1;0;1;0;0;0;1;1;-23,49479479;-46,55959864;"SPRF-SP";"DEL03-SP";"UOP01-DEL03-SP"
211783;2019-05-26;"domingo";"05:40:00";"TO";153;671,4;"GURUPI";"Ingestão de Álcool";"Saída de leito carroçável";"Com Vítimas Feridas";"Amanhecer";"Decrescente";"Céu Claro";"Dupla";"Reta";"Sim";2;0;2;0;0;0;2;1;-11,72075725;-49,07713594;"SPRF-TO";"DEL02-TO";"UOP02-DEL01-TO"
211784;2019-05-26;"domingo";"06:10:00";"DF";20;18,8;"BRASILIA";"Ingestão de Álcool";"Colisão com objeto estático";"Com Vítimas Feridas";"Amanhecer";"Decrescente";"Céu Claro";"Simples";"Reta";"Não";6;0;1;3;1;1;4;3;-15,616901;-47,708927;"SPRF-DF";"DEL02-DF";"UOP01-DEL02-DF"
211785;2019-05-26;"domingo";"05:30:00";"PR";116;120;"CURITIBA";"Velocidade Incompatível";"Colisão traseira";"Sem Vítimas";"Pleno dia";"Crescente";"Céu Claro";"Simples";"Reta";"Sim";2;0;0;0;2;0;0;2;-25,55122256;-49,30503748;"SPRF-PR";"DEL01-PR";"UOP03-DEL01-PR"
211786;2019-05-26;"domingo";"06:10:00";"RJ";356;172;"SAO JOAO DA BARRA";"Falta de Atenção à Condução";"Queda de ocupante de veículo";"Com Vítimas Feridas";"Amanhecer";"Crescente";"Céu Claro";"Simples";"Reta";"Não";1;0;1;0;0;0;1;1;-21,71825568;-41,06182801;"SPRF-RJ";"DEL08-RJ";"UOP02-DEL08-RJ"
211787;2019-05-26;"domingo";"06:00:00";"RS";392;71,2;"PELOTAS";"Ingestão de Álcool";"Saída de leito carroçável";"Com Vítimas Feridas";"Amanhecer";"Crescente";"Céu Claro";"Dupla";"Rotatória";"Sim";2;0;1;0;1;0;1;1;-31,72790198;-52,38685478;"SPRF-RS";"DEL07-RS";"UOP01-DEL07-RS"
211788;2019-05-26;"domingo";"05:00:00";"RS";386;203,7;"VICTOR GRAEFF";"Velocidade Incompatível";"Saída de leito carroçável";"Sem Vítimas";"Plena Noite";"Decrescente";"Nublado";"Simples";"Curva";"Não";1;0;0;0;0;1;0;1;-28,52462189;-52,62784931;"SPRF-RS";"DEL04-RS";"UOP03-DEL04-RS"
211790;2019-05-26;"domingo";"02:00:00";"BA";116;673,6;"JEQUIE";"Ingestão de Álcool";"Queda de ocupante de veículo";"Com Vítimas Feridas";"Plena Noite";"Decrescente";"Céu Claro";"Simples";"Curva";"Não";1;0;0;1;0;0;1;1;-13,80845298;-40,11215229;"SPRF-BA";"DEL03-BA";"UOP01-DEL03-BA"
211791;2019-05-26;"domingo";"04:30:00";"RS";153;580,8;"BAGE";"Velocidade Incompatível";"Saída de leito carroçável";"Sem Vítimas";"Plena Noite";"Crescente";"Ignorado";"Simples";"Curva";"Não";1;0;0;0;0;1;0;1;-31,07379063;-53,68791342;"SPRF-RS";"DEL11-RS";"UOP03-DEL11-RS"
211792;2019-05-26;"domingo";"05:30:00";"MG";116;130,8;"ITAOBIM";"Ingestão de Álcool";"Colisão com objeto estático";"Com Vítimas Feridas";"Amanhecer";"Crescente";"Nublado";"Simples";"Reta";"Não";4;0;2;0;2;0;2;1;-16,68916598;-41,50109083;"SPRF-MG";"DEL11-MG";"UOP02-DEL11-MG"
211793;2019-05-26;"domingo";"06:10:00";"GO";153;442,1;"ANAPOLIS";"Falta de Atenção do Pedestre";"Atropelamento de Pedestre";"Com Vítimas Feridas";"Amanhecer";"Crescente";"Nevoeiro/Neblina";"Dupla";"Reta";"Sim";3;0;1;0;2;0;1;2;-16,33561;-48,922708;"SPRF-GO";"DEL02-GO";"UOP01-DEL02-GO"
211794;2019-05-25;"sábado";"23:50:00";"SC";282;460;"PONTE SERRADA";"Ingestão de Álcool";"Colisão traseira";"Com Vítimas Feridas";"Plena Noite";"Crescente";"Nevoeiro/Neblina";"Simples";"Reta";"Sim";3;0;0;1;1;1;1;2;-26,856062;-52,03215;"SPRF-SC";"DEL07-SC";"UOP04-DEL07-SC"
211795;2019-05-26;"domingo";"04:45:00";"MG";381;915,8;"CAMANDUCAIA";"Condutor Dormindo";"Colisão com objeto estático";"Com Vítimas Feridas";"Plena Noite";"Crescente";"Céu Claro";"Dupla";"Curva";"Não";4;0;2;0;2;0;2;1;-22,73458098;-46,13491866;"SPRF-MG";"DEL16-MG";"UOP03-DEL16-MG"
211796;2019-05-26;"domingo";"00:30:00";"BA";101;586;"CAMACAN";"Ingestão de Álcool";"Colisão frontal";"Com Vítimas Fatais";"Plena Noite";"Decrescente";"Céu Claro";"Simples";"Reta";"Não";3;1;0;1;1;0;1;2;-15,403916;-39,467755;"SPRF-BA";"DEL05-BA";"UOP02-DEL05-BA"
211797;2019-05-26;"domingo";"03:00:00";"SC";282;516;"XAXIM";"Velocidade Incompatível";"Saída de leito carroçável";"Sem Vítimas";"Plena Noite";"Decrescente";"Chuva";"Simples";"Curva";"Não";1;0;0;0;1;0;0;1;-26,930862;-52,499157;"SPRF-SC";"DEL07-SC";"UOP01-DEL07-SC"
211798;2019-05-26;"domingo";"05:30:00";"MG";116;440;"ENGENHEIRO CALDAS";"Ingestão de Álcool";"Colisão com objeto estático";"Sem Vítimas";"Plena Noite";"Crescente";"Céu Claro";"Simples";"Ponte";"Não";1;0;0;0;1;0;0;1;-19,07573504;-41,99988204;"SPRF-MG";"DEL06-MG";"UOP01-DEL06-MG"
211800;2019-05-26;"domingo";"05:30:00";"MG";262;759,9;"SACRAMENTO";"Velocidade Incompatível";"Saída de leito carroçável";"Com Vítimas Feridas";"Amanhecer";"Decrescente";"Nublado";"Simples";"Reta";"Não";2;0;1;0;1;0;1;1;-19,66389282;-47,59210804;"SPRF-MG";"DEL13-MG";"UOP01-DEL13-MG"
211802;2019-05-25;"sábado";"14:00:00";"MG";381;455;"SABARA";"Falta de Atenção à Condução";"Colisão traseira";"Com Vítimas Feridas";"Pleno dia";"Crescente";"Céu Claro";"Simples";"Curva";"Não";2;0;1;0;0;1;1;2;-19,82273208;-43,81804705;"SPRF-MG";"DEL01-MG";"UOP01-DEL01-MG"
211803;2019-05-26;"domingo";"06:00:00";"SC";101;315;"LAGUNA";"Deficiência ou não Acionamento do Sistema de Iluminação/Sinalização do Veículo";"Colisão com objeto estático";"Com Vítimas Feridas";"Amanhecer";"Crescente";"Nublado";"Simples";"Curva";"Sim";2;0;1;0;1;0;1;2;-28,42867321;-48,85033326;"SPRF-SC";"DEL02-SC";"UOP01-DEL02-SC"
211805;2019-05-26;"domingo";"08:40:00";"MG";40;86,6;"PARACATU";"Falta de Atenção à Condução";"Colisão transversal";"Com Vítimas Feridas";"Pleno dia";"Crescente";"Céu Claro";"Simples";"Reta";"Não";3;0;3;0;0;0;3;2;-17,48684082;-46,6107509;"SPRF-MG";"DEL14-MG";"UOP01-DEL14-MG"
211806;2019-05-02;"quinta-feira";"18:10:00";"PR";116;116;"CURITIBA";"Não guardar distância de segurança";"Queda de ocupante de veículo";"Com Vítimas Feridas";"Anoitecer";"Decrescente";"Nublado";"Dupla";"Reta";"Sim";2;0;1;0;1;0;1;2;-25,55235365;-49,30492401;"SPRF-PR";"DEL01-PR";"UOP03-DEL01-PR"
211807;2019-05-26;"domingo";"06:45:00";"BA";324;597;"CANDEIAS";"Desobediência às normas de trânsito pelo condutor";"Colisão frontal";"Sem Vítimas";"Pleno dia";"Decrescente";"Sol";"Múltipla";"Curva";"Sim";2;0;0;0;2;0;0;2;-12,72850579;-38,44885046;"SPRF-BA";"DEL01-BA";"UOP01-DEL01-BA"
211808;2019-05-26;"domingo";"06:55:00";"RJ";40;69;"PETROPOLIS";"Condutor Dormindo";"Colisão com objeto estático";"Com Vítimas Feridas";"Pleno dia";"Crescente";"Céu Claro";"Dupla";"Curva";"Não";2;0;2;0;0;0;2;1;-22,44351715;-43,19229188;"SPRF-RJ";"DEL06-RJ";"UOP01-DEL06-RJ"
211811;2019-05-26;"domingo";"07:30:00";"RS";392;65,2;"PELOTAS";"Falta de Atenção à Condução";"Tombamento";"Com Vítimas Feridas";"Pleno dia";"Crescente";"Céu Claro";"Simples";"Reta";"Não";2;0;2;0;0;0;2;1;-31,765206;-52,381886;"SPRF-RS";"DEL07-RS";"UOP01-DEL07-RS"
211813;2019-05-26;"domingo";"09:15:00";"DF";70;10,7;"BRASILIA";"Desobediência às normas de trânsito pelo condutor";"Saída de leito carroçável";"Com Vítimas Feridas";"Pleno dia";"Decrescente";"Céu Claro";"Dupla";"Reta;Retorno Regulamentado";"Sim";2;0;1;0;1;0;1;2;-15,787066;-48,140709;"SPRF-DF";"DEL01-DF";"UOP02-DEL03-DF"
211815;2019-05-26;"domingo";"06:30:00";"RS";285;211;"LAGOA VERMELHA";"Velocidade Incompatível";"Saída de leito carroçável";"Com Vítimas Feridas";"Amanhecer";"Crescente";"Nublado";"Simples";"Reta";"Não";1;0;0;1;0;0;1;1;-28,231436;-51,629745;"SPRF-RS";"DEL08-RS";"UOP05-DEL08-RS"
211816;2019-05-26;"domingo";"09:30:00";"MG";381;480;"CONTAGEM";"Falta de Atenção à Condução";"Colisão lateral";"Com Vítimas Feridas";"Pleno dia";"Crescente";"Sol";"Múltipla";"Reta";"Sim";1;0;1;0;0;0;1;1;-19,95749597;-44,07899901;"SPRF-MG";"DEL01-MG";"UOP03-DEL01-MG"
211817;2019-05-26;"domingo";"09:30:00";"MG";40;569,9;"NOVA LIMA";"Desobediência às normas de trânsito pelo condutor";"Colisão traseira";"Com Vítimas Feridas";"Pleno dia";"Crescente";"Céu Claro";"Simples";"Reta";"Sim";4;0;2;1;1;0;3;2;-20,21277559;-43,97270322;"SPRF-MG";"DEL01-MG";"UOP02-DEL01-MG"
211818;2019-05-26;"domingo";"08:11:00";"PR";116;87,5;"PIRAQUARA";"Falta de Atenção à Condução";"Queda de ocupante de veículo";"Com Vítimas Feridas";"Pleno dia";"Decrescente";"Nevoeiro/Neblina";"Dupla";"Reta";"Não";1;0;1;0;0;0;1;1;-25,44106805;-49,09243759;"SPRF-PR";"DEL01-PR";"UOP01-DEL01-PR"
211822;2019-05-26;"domingo";"10:15:00";"RJ";40;95;"DUQUE DE CAXIAS";"Falta de Atenção à Condução";"Queda de ocupante de veículo";"Com Vítimas Feridas";"Pleno dia";"Decrescente";"Céu Claro";"Simples";"Curva";"Não";1;0;0;1;0;0;1;1;-22,56473883;-43,2702971;"SPRF-RJ";"DEL06-RJ";"UOP01-DEL06-RJ"
211824;2019-05-26;"domingo";"09:40:00";"MG";40;521,5;"CONTAGEM";"Avarias e/ou desgaste excessivo no pneu";"Tombamento";"Sem Vítimas";"Pleno dia";"Decrescente";"Céu Claro";"Dupla";"Curva";"Não";1;0;0;0;1;0;0;1;-19,85651501;-44,07213222;"SPRF-MG";"DEL01-MG";"UOP02-DEL01-MG"
211825;2019-05-04;"sábado";"20:05:00";"PR";467;80;"TOLEDO";"Desobediência às normas de trânsito pelo condutor";"Colisão traseira";"Com Vítimas Feridas";"Plena Noite";"Decrescente";"Céu Claro";"Dupla";"Reta";"Não";4;0;3;0;1;0;3;2;-24,7875;-53,6778;"SPRF-PR";"DEL04-PR";"UOP01-DEL04-PR"
211826;2019-05-26;"domingo";"11:00:00";"SE";101;2,3;"PROPRIA";"Falta de Atenção à Condução";"Colisão transversal";"Com Vítimas Feridas";"Pleno dia";"Decrescente";"Céu Claro";"Simples";"Reta";"Sim";3;0;3;0;0;0;3;2;-10,22260924;-36,83049779;"SPRF-SE";"DEL02-SE";"UOP02-DEL02-SE"
211827;2019-05-26;"domingo";"11:05:00";"PR";369;79;"SANTA MARIANA";"Defeito Mecânico no Veículo";"Queda de ocupante de veículo";"Com Vítimas Feridas";"Pleno dia";"Crescente";"Céu Claro";"Simples";"Reta";"Não";2;0;2;0;0;0;2;1;-23,14874059;-50,56852341;"SPRF-PR";"DEL07-PR";"UOP05-DEL07-PR"
211828;2019-05-26;"domingo";"11:05:00";"PR";376;617,9;"SAO JOSE DOS PINHAIS";"Falta de Atenção à Condução";"Colisão com objeto estático";"Com Vítimas Feridas";"Pleno dia";"Crescente";"Céu Claro";"Dupla";"Curva";"Sim";1;0;1;0;0;0;1;1;-25,58426494;-49,17618795;"SPRF-PR";"DEL01-PR";"UOP01-DEL01-PR"
211830;2019-05-26;"domingo";"11:30:00";"RS";116;530,1;"CAPAO DO LEAO";"Desobediência às normas de trânsito pelo condutor";"Colisão transversal";"Com Vítimas Feridas";"Pleno dia";"Crescente";"Céu Claro";"Simples";"Interseção de Vias";"Sim";3;0;0;1;2;0;1;2;-31,7590834;-52,43687971;"SPRF-RS";"DEL07-RS";"UOP01-DEL07-RS"