"id";"data_inversa";"dia_semana";"horario";"uf";"br";"km";"municipio";"causa_acidente";"tipo_acidente";"classificacao_acidente";"fase_dia";"sentido_via";"condicao_metereologica";"tipo_pista";"tracado_via";"uso_solo";"pessoas";"mortos";"feridos_leves";"feridos_graves";"ilesos";"ignorados";"feridos";"veiculos";"latitude";"longitude";"regional";"delegacia";"uop"
211831;2019-05-26;"domingo";"11:20:00";"SP";116;228,4;"SAO PAULO";"Não guardar distância de segurança";"Colisão lateral";"Com Vítimas Feridas";"Pleno dia";"Decrescente";"Céu Claro";"Simples";"Reta";"Não";2;0;1;0;1;0;1;2;-23,50343484;-46,56638712;"SPRF-SP";"DEL01-SP";"UOP01-DEL01-SP"
211834;2019-05-26;"domingo";"10:10:00";"MG";381;907,4;"CAMBUI";"Falta de Atenção à Condução";"Queda de ocupante de veículo";"Com Vítimas Feridas";"Pleno dia";"Crescente";"Céu Claro";"Dupla";"Curva";"Não";1;0;1;0;0;0;1;1;-22,71022398;-46,12178305;"SPRF-MG";"DEL16-MG";"UOP03-DEL16-MG"
211835;2019-05-26;"domingo";"11:40:00";"GO";60;183,1;"ABADIA DE GOIAS";"Falta de Atenção à Condução";"Capotamento";"Com Vítimas Feridas";"Pleno dia";"Decrescente";"Sol";"Dupla";"Reta";"Não";1;0;1;0;0;0;1;1;-16,7848;-49,4946;"SPRF-GO";"DEL01-GO";"UOP02-DEL01-GO"
211836;2019-05-26;"domingo";"12:00:00";"ES";262;4,8;"CARIACICA";"Falta de Atenção à Condução";"Colisão traseira";"Com Vítimas Feridas";"Pleno dia";"Decrescente";"Nublado";"Dupla";"Reta";"Sim";5;0;2;0;3;0;2;4;-20,33657909;-40,37810326;"SPRF-ES";"DEL01-ES";"UOP01-DEL01-ES"
211837;2019-05-26;"domingo";"10:45:00";"MT";70;44,3;"BARRA DO GARCAS";"Defeito Mecânico no Veículo";"Capotamento";"Com Vítimas Feridas";"Pleno dia";"Crescente";"Céu Claro";"Simples";"Aclive";"Não";2;0;2;0;0;0;2;1;-15,75646817;-52,59058616;"SPRF-MT";"DEL07-MT";"UOP01-DEL07-MT"
211839;2019-05-26;"domingo";"11:00:00";"MG";354;771,2;"ITAMONTE";"Falta de Atenção à Condução";"Tombamento";"Com Vítimas Feridas";"Pleno dia";"Decrescente";"Céu Claro";"Simples";"Curva";"Não";3;0;2;1;0;0;3;2;-22,36470902;-44,77070101;"SPRF-MG";"DEL05-MG";"UOP01-DEL17-MG"
211840;2019-05-26;"domingo";"13:00:00";"MG";381;916;"CAMANDUCAIA";"Falta de Atenção à Condução";"Colisão traseira";"Com Vítimas Feridas";"Pleno dia";"Crescente";"Céu Claro";"Dupla";"Interseção de Vias";"Sim";2;0;1;0;1;0;1;2;-22,73850215;-46,13545602;"SPRF-MG";"DEL16-MG";"UOP03-DEL16-MG"
211841;2019-05-26;"domingo";"12:00:00";"MT";163;770;"SORRISO";"Defeito Mecânico no Veículo";"Saída de leito carroçável";"Com Vítimas Feridas";"Pleno dia";"Crescente";"Céu Claro";"Simples";"Reta";"Não";12;0;1;0;11;0;1;1;-12,16456541;-55,51609397;"SPRF-MT";"DEL06-MT";"UOP01-DEL06-MT"
211843;2019-05-26;"domingo";"13:40:00";"RN";226;2,8;"NATAL";"Falta de Atenção à Condução";"Queda de ocupante de veículo";"Com Vítimas Feridas";"Pleno dia";"Crescente";"Céu Claro";"Simples";"Reta";"Sim";1;0;1;0;0;0;1;1;-5,81364934;-35,2466547;"SPRF-RN";"DEL01-RN";"UOP02-DEL01-RN"
211844;2019-05-26;"domingo";"13:50:00";"PR";369;173;"ROLANDIA";"Falta de Atenção à Condução";"Colisão traseira";"Sem Vítimas";"Pleno dia";"Crescente";"Céu Claro";"Simples";"Reta";"Sim";2;0;0;0;2;0;0;2;-23,31369226;-51,37380476;"SPRF-PR";"DEL07-PR";"UOP01-DEL07-PR"
211845;2019-05-26;"domingo";"13:20:00";"PI";402;33,7;"PARNAIBA";"Falta de Atenção à Condução";"Colisão transversal";"Com Vítimas Feridas";"Pleno dia";"Decrescente";"Sol";"Simples";"Interseção de Vias";"Sim";4;0;1;0;3;0;1;2;-2,93222322;-41,75422562;"SPRF-PI";"DEL05-PI";"UOP01-DEL05-PI"
211846;2019-05-26;"domingo";"13:55:00";"CE";116;63,9;"CHOROZINHO";"Defeito na Via";"Colisão frontal";"Com Vítimas Feridas";"Pleno dia";"Decrescente";"Céu Claro";"Simples";"Reta;Declive";"Não";3;0;0;1;2;0;1;2;-4,27263318;-38,49159144;"SPRF-CE";"DEL03-CE";"UOP02-DEL03-CE"
211847;2019-05-26;"domingo";"14:10:00";"DF";40;7,3;"BRASILIA";"Não guardar distância de segurança";"Colisão traseira";"Sem Vítimas";"Pleno dia";"Decrescente";"Céu Claro";"Dupla";"Reta";"Não";2;0;0;0;2;0;0;2;-16,038666;-47,979691;"SPRF-DF";"DEL01-DF";"UOP01-DEL01-DF"
211848;2019-05-26;"domingo";"14:30:00";"SC";470;158,1;"TROMBUDO CENTRAL";"Desobediência às normas de trânsito pelo condutor";"Colisão transversal";"Com Vítimas Feridas";"Pleno dia";"Crescente";"Céu Claro";"Simples";"Curva";"Não";4;0;2;1;1;0;3;2;-27,287016;-49,778389;"SPRF-SC";"DEL04-SC";"UOP02-DEL04-SC"
211849;2019-05-26;"domingo";"14:10:00";"PR";376;265,6;"MARILANDIA DO SUL";"Desobediência às normas de trânsito pelo condutor";"Colisão frontal";"Com Vítimas Fatais";"Pleno dia";"Decrescente";"Céu Claro";"Simples";"Declive";"Não";2;1;1;0;0;0;1;2;-23,72812607;-51,29079206;"SPRF-PR";"DEL07-PR";"UOP03-DEL07-PR"
211850;2019-05-26;"domingo";"13:45:00";"SC";101;103;"BALNEARIO PICARRAS";"Falta de Atenção à Condução";"Tombamento";"Com Vítimas Feridas";"Pleno dia";"Decrescente";"Nublado";"Dupla";"Reta";"Sim";1;0;1;0;0;0;1;1;-26,7832381;-48,68314632;"SPRF-SC";"DEL03-SC";"UOP02-DEL03-SC"
211851;2019-05-26;"domingo";"14:25:00";"RN";110;46,7;"MOSSORO";"Desobediência às normas de trânsito pelo condutor";"Colisão transversal";"Com Vítimas Feridas";"Pleno dia";"Crescente";"Nublado";"Simples";"Rotatória";"Sim";2;0;1;0;0;1;1;2;-5,19797675;-37,31839819;"SPRF-RN";"DEL04-RN";"UOP01-DEL04-RN"
211852;2019-05-26;"domingo";"12:45:00";"MG";381;767,5;"CAMPANHA";"Defeito Mecânico no Veículo";"Queda de ocupante de veículo";"Com Vítimas Feridas";"Pleno dia";"Crescente";"Céu Claro";"Dupla";"Declive;Curva";"Não";2;0;1;0;1;0;1;1;-21,76799733;-45,42028285;"SPRF-MG";"DEL16-MG";"UOP02-DEL16-MG"
211853;2019-05-26;"domingo";"14:50:00";"MG";262;358;"BETIM";"Desobediência às normas de trânsito pelo condutor";"Colisão traseira";"Com Vítimas Feridas";"Pleno dia";"Decrescente";"Sol";"Dupla";"Rotatória";"Não";2;0;1;0;0;1;1;2;-19,97562699;-44,197751;"SPRF-MG";"DEL01-MG";"UOP03-DEL01-MG"
211854;2019-05-26;"domingo";"15:00:00";"MG";365;521,2;"MONTE CARMELO";"Ingestão de álcool e/ou substâncias psicoativas pelo pedestre";"Colisão transversal";"Com Vítimas Feridas";"Pleno dia";"Crescente";"Céu Claro";"Simples";"Reta";"Não";4;0;1;0;3;0;1;2;-18,91497844;-47,41535017;"SPRF-MG";"DEL10-MG";"UOP01-DEL10-MG"
211857;2019-05-26;"domingo";"14:14:00";"RR";174;173;"RORAINOPOLIS";"Falta de Atenção à Condução";"Colisão frontal";"Com Vítimas Feridas";"Pleno dia";"Decrescente";"Céu Claro";"Simples";"Reta";"Não";2;0;0;2;0;0;2;1;0,601002;-60,461693;"SPRF-RR";"DEL01-RR";"UOP04/RR"
211858;2019-05-26;"domingo";"09:30:00";"SC";282;3;"FLORIANOPOLIS";"Falta de Atenção à Condução";"Tombamento";"Com Vítimas Feridas";"Pleno dia";"Decrescente";"Céu Claro";"Múltipla";"Reta";"Não";1;0;1;0;0;0;1;1;-27,600384;-48,599705;"SPRF-SC";"DEL01-SC";"UOP01-DEL01-SC"
211859;2019-05-26;"domingo";"14:40:00";"SC";101;55,1;"JOINVILLE";"Mal Súbito";"Tombamento";"Com Vítimas Feridas";"Pleno dia";"Decrescente";"Nublado";"Dupla";"Reta";"Sim";1;0;1;0;0;0;1;1;-26,42280898;-48,82977496;"SPRF-SC";"DEL03-SC";"UOP01-DEL03-SC"
211860;2019-05-26;"domingo";"16:00:00";"GO";60;50,9;"ABADIANIA";"Velocidade Incompatível";"Saída de leito carroçável";"Com Vítimas Feridas";"Pleno dia";"Decrescente";"Céu Claro";"Dupla";"Curva";"Não";1;0;0;1;0;0;1;1;-16,1651;-48,6333;"SPRF-GO";"DEL02-GO";"UOP01-DEL02-GO"
211861;2019-05-26;"domingo";"15:30:00";"PR";116;70,8;"QUATRO BARRAS";"Objeto estático sobre o leito carroçável";"Colisão com objeto estático";"Com Vítimas Feridas";"Pleno dia";"Decrescente";"Céu Claro";"Dupla";"Reta;Aclive";"Não";1;0;1;0;0;0;1;1;-25,33849717;-49,03792883;"SPRF-PR";"DEL01-PR";"UOP01-DEL01-PR"
211862;2019-05-26;"domingo";"13:05:00";"SC";282;4,7;"SAO JOSE";"Agressão Externa";"Danos eventuais";"Com Vítimas Feridas";"Pleno dia";"Crescente";"Sol";"Dupla";"Reta";"Sim";1;0;1;0;0;0;1;1;-27,592646;-48,604034;"SPRF-SC";"DEL01-SC";"UOP01-DEL01-SC"
211863;2019-05-26;"domingo";"16:16:00";"PR";476;157,7;"ARAUCARIA";"Falta de Atenção à Condução";"Colisão transversal";"Com Vítimas Feridas";"Pleno dia";"Decrescente";"Céu Claro";"Simples";"Rotatória";"Não";2;0;1;0;1;0;1;2;-25,60639;-49,421112;"SPRF-PR";"DEL01-PR";"UOP06-DEL01-PR"
211864;2019-05-26;"domingo";"16:55:00";"ES";101;119;"SOORETAMA";"Falta de Atenção à Condução";"Tombamento";"Com Vítimas Feridas";"Anoitecer";"Crescente";"Nublado";"Simples";"Reta";"Não";2;0;2;0;0;0;2;1;-19,13567283;-40,07109336;"SPRF-ES";"DEL04-ES";"UOP01-DEL04-ES"
211865;2019-05-26;"domingo";"14:40:00";"RJ";116;14;"SAPUCAIA";"Falta de Atenção à Condução";"Saída de leito carroçável";"Com Vítimas Feridas";"Pleno dia";"Crescente";"Céu Claro";"Simples";"Reta";"Não";2;0;1;1;0;0;2;1;-21,96021372;-42,7364942;"SPRF-RJ";"DEL04-RJ";"UOP01-DEL04-RJ"
211866;2019-05-26;"domingo";"15:00:00";"TO";242;338;"PEIXE";"Desobediência às normas de trânsito pelo condutor";"Queda de ocupante de veículo";"Com Vítimas Feridas";"Pleno dia";"Crescente";"Céu Claro";"Simples";"Reta";"Não";2;0;1;0;0;1;1;2;-11,89579989;-48,75206493;"SPRF-TO";"DEL02-TO";"UOP02-DEL01-TO"
211867;2019-05-26;"domingo";"17:09:00";"BA";116;495;"RAFAEL JAMBEIRO";"Velocidade Incompatível";"Capotamento";"Com Vítimas Feridas";"Anoitecer";"Decrescente";"Céu Claro";"Simples";"Interseção de Vias";"Sim";3;0;2;1;0;0;3;1;-12,56913026;-39,49062787;"SPRF-BA";"DEL02-BA";"UOP01-DEL02-BA"
211868;2019-05-26;"domingo";"21:45:00";"SC";101;328;"CAPIVARI DE BAIXO";"Ingestão de Álcool";"Colisão com objeto estático";"Sem Vítimas";"Plena Noite";"Crescente";"Céu Claro";"Múltipla";"Curva";"Não";3;0;0;0;2;1;0;3;-28,44639292;-48,96825314;"SPRF-SC";"DEL02-SC";"UOP01-DEL02-SC"
211869;2019-05-26;"domingo";"15:40:00";"SC";470;147;"RIO DO SUL";"Ingestão de Álcool";"Colisão transversal";"Sem Vítimas";"Pleno dia";"Decrescente";"Céu Claro";"Simples";"Reta";"Não";3;0;0;0;3;0;0;2;-27,243439;-49,690025;"SPRF-SC";"DEL04-SC";"UOP02-DEL04-SC"
211870;2019-05-26;"domingo";"17:25:00";"SC";470;131,1;"LONTRAS";"Ultrapassagem Indevida";"Colisão frontal";"Com Vítimas Feridas";"Pleno dia";"Decrescente";"Céu Claro";"Simples";"Reta";"Não";6;0;6;0;0;0;6;2;-27,168108;-49,560719;"SPRF-SC";"DEL04-SC";"UOP02-DEL04-SC"
211871;2019-05-26;"domingo";"16:20:00";"GO";40;57,9;"LUZIANIA";"Falta de Atenção à Condução";"Saída de leito carroçável";"Sem Vítimas";"Pleno dia";"Decrescente";"Céu Claro";"Dupla";"Reta";"Não";1;0;0;0;1;0;0;1;-16,502665;-47,810293;"SPRF-DF";"DEL01-DF";"UOP02-DEL01-DF"
211872;2019-05-26;"domingo";"17:20:00";"BA";101;365;"GANDU";"Não guardar distância de segurança";"Colisão traseira";"Com Vítimas Feridas";"Anoitecer";"Crescente";"Céu Claro";"Simples";"Reta";"Sim";2;0;0;1;1;0;1;2;-13,8723118;-39,49285679;"SPRF-BA";"DEL05-BA";"UOP03-DEL05-BA"
211875;2019-05-26;"domingo";"17:30:00";"SC";280;32,9;"ARAQUARI";"Falta de Atenção à Condução";"Colisão transversal";"Com Vítimas Feridas";"Pleno dia";"Crescente";"Nublado";"Simples";"Reta";"Sim";3;0;1;1;1;0;2;2;-26,420618;-48,779335;"SPRF-SC";"DEL03-SC";"UOP03-DEL03-SC"
211878;2019-05-26;"domingo";"17:30:00";"ES";101;127;"LINHARES";"Não guardar distância de segurança";"Colisão traseira";"Com Vítimas Feridas";"Anoitecer";"Crescente";"Nublado";"Simples";"Reta";"Sim";2;0;0;1;1;0;1;2;-19,202898;-40,095524;"SPRF-ES";"DEL04-ES";"UOP01-DEL04-ES"
211881;2019-05-26;"domingo";"16:40:00";"SC";282;64,4;"RANCHO QUEIMADO";"Falta de Atenção à Condução";"Queda de ocupante de veículo";"Com Vítimas Feridas";"Pleno dia";"Decrescente";"Céu Claro";"Simples";"Curva";"Não";4;0;2;0;2;0;2;3;-27,69671423;-49,05617595;"SPRF-SC";"DEL01-SC";"UOP03-DEL01-SC"
211883;2019-05-26;"domingo";"18:13:00";"ES";101;129;"LINHARES";"Desobediência às normas de trânsito pelo condutor";"Saída de leito carroçável";"Com Vítimas Feridas";"Plena Noite";"Crescente";"Céu Claro";"Simples";"Reta";"Não";2;0;0;2;0;0;2;1;-19,22093104;-40,0936152;"SPRF-ES";"DEL04-ES";"UOP01-DEL04-ES"
211884;2019-05-26;"domingo";"17:40:00";"MG";381;458;"BELO HORIZONTE";"Desobediência às normas de trânsito pelo condutor";"Colisão transversal";"Com Vítimas Feridas";"Plena Noite";"Decrescente";"Céu Claro";"Simples";"Reta";"Sim";2;0;1;0;1;0;1;2;-19,86529854;-43,92797587;"SPRF-MG";"DEL01-MG";"UOP01-DEL01-MG"
211885;2019-05-26;"domingo";"17:15:00";"SC";282;559;"NOVA ITABERABA";"Desobediência às normas de trânsito pelo condutor";"Colisão transversal";"Com Vítimas Feridas";"Pleno dia";"Crescente";"Sol";"Simples";"Reta";"Não";3;0;1;0;2;0;1;2;-26,927097;-52,846737;"SPRF-SC";"DEL07-SC";"UOP01-DEL07-SC"
211886;2019-05-26;"domingo";"18:00:00";"RS";290;465,8;"ROSARIO DO SUL";"Ultrapassagem Indevida";"Colisão frontal";"Com Vítimas Feridas";"Anoitecer";"Decrescente";"Nublado";"Simples";"Curva";"Não";4;0;1;3;0;0;4;2;-30,233849;-54,76733;"SPRF-RS";"DEL11-RS";"UOP02-DEL11-RS"
211887;2019-05-26;"domingo";"18:15:00";"RS";116;240,5;"NOVO HAMBURGO";"Falta de Atenção à Condução";"Colisão lateral";"Com Vítimas Feridas";"Anoitecer";"Crescente";"Céu Claro";"Dupla";"Reta";"Não";3;0;1;0;2;0;1;3;-29,70496497;-51,14676523;"SPRF-RS";"DEL01-RS";"UOP02-DEL01-RS"
211888;2019-05-26;"domingo";"08:35:00";"MG";381;774,3;"CAMPANHA";"Falta de Atenção à Condução";"Colisão lateral";"Com Vítimas Feridas";"Pleno dia";"Crescente";"Céu Claro";"Dupla";"Reta";"Não";6;0;1;0;5;0;1;2;-21,78833377;-45,43987691;"SPRF-MG";"DEL16-MG";"UOP02-DEL16-MG"
211890;2019-05-19;"domingo";"04:45:00";"SP";153;49,3;"SAO JOSE DO RIO PRETO";"Falta de Atenção à Condução";"Colisão traseira";"Sem Vítimas";"Plena Noite";"Decrescente";"Nevoeiro/Neblina";"Simples";"Interseção de Vias";"Não";2;0;0;0;2;0;0;2;-20,70000401;-49,33945823;"SPRF-SP";"DEL09-SP";"UOP01-DEL09-SP"
211891;2019-05-26;"domingo";"18:35:00";"PR";376;601;"CURITIBA";"Não guardar distância de segurança";"Colisão traseira";"Com Vítimas Feridas";"Plena Noite";"Decrescente";"Céu Claro";"Dupla";"Declive;Reta";"Não";4;0;2;0;2;0;2;3;-25,537054;-49,31404;"SPRF-PR";"DEL01-PR";"UOP06-DEL01-PR"
211892;2019-05-26;"domingo";"19:15:00";"SC";470;39,8;"GASPAR";"Ingestão de Álcool";"Colisão lateral";"Com Vítimas Feridas";"Plena Noite";"Decrescente";"Céu Claro";"Simples";"Reta";"Não";5;0;1;1;2;1;2;4;-26,897341;-48,986881;"SPRF-SC";"DEL04-SC";"UOP01-DEL04-SC"
211894;2019-05-26;"domingo";"19:09:00";"SE";101;183;"UMBAUBA";"Desobediência às normas de trânsito pelo condutor";"Colisão frontal";"Com Vítimas Feridas";"Plena Noite";"Decrescente";"Céu Claro";"Simples";"Reta";"Sim";2;0;1;0;0;1;1;2;-11,37900039;-37,6630326;"SPRF-SE";"DEL02-SE";"UOP03-DEL02-SE"
211895;2019-05-26;"domingo";"19:00:00";"MG";365;690;"MONTE ALEGRE DE MINAS";"Restrição de Visibilidade";"Colisão traseira";"Com Vítimas Feridas";"Plena Noite";"Decrescente";"Céu Claro";"Dupla";"Reta";"Sim";2;0;1;0;1;0;1;2;-18,8764;-48,88304;"SPRF-MG";"DEL15-MG";"UOP03-DEL15-MG"
211896;2019-05-26;"domingo";"19:15:00";"DF";70;10,6;"BRASILIA";"Ingestão de Álcool";"Saída de leito carroçável";"Com Vítimas Feridas";"Plena Noite";"Crescente";"Garoa/Chuvisco";"Dupla";"Reta";"Sim";2;0;0;1;1;0;1;1;-15,787066;-48,140709;"SPRF-DF";"DEL01-DF";"UOP02-DEL03-DF"
211899;2019-05-26;"domingo";"18:20:00";"ES";262;27;"VIANA";"Falta de Atenção à Condução";"Engavetamento";"Com Vítimas Feridas";"Anoitecer";"Decrescente";"Nublado";"Simples";"Reta";"Não";4;0;1;0;3;0;1;4;-20,38398959;-40,55226465;"SPRF-ES";"DEL01-ES";"UOP01-DEL01-ES"
211901;2019-05-26;"domingo";"19:15:00";"GO";364;21;"PARANAIGUARA";"Desobediência às normas de trânsito pelo condutor";"Colisão frontal";"Com Vítimas Feridas";"Plena Noite";"Decrescente";"Céu Claro";"Simples";"Rotatória";"Não";3;0;0;1;0;2;1;3;-18,92555;-50,654079;"SPRF-GO";"DEL05-GO";"UOP02-DEL05-GO"
211902;2019-05-26;"domingo";"16:45:00";"MT";364;23,9;"ALTO ARAGUAIA";"Falta de Atenção à Condução";"Queda de ocupante de veículo";"Com Vítimas Feridas";"Anoitecer";"Decrescente";"Céu Claro";"Simples";"Curva";"Não";1;0;1;0;0;0;1;1;-17,19240688;-53,3624348;"SPRF-MT";"DEL02-MT";"UOP02-DEL02-MT"
211904;2019-05-26;"domingo";"18:15:00";"RR";174;212;"RORAINOPOLIS";"Falta de Atenção à Condução";"Colisão frontal";"Com Vítimas Feridas";"Anoitecer";"Crescente";"Céu Claro";"Simples";"Reta";"Sim";3;0;3;0;0;0;3;2;0,944533;-60,423653;"SPRF-RR";"DEL01-RR";"UOP04/RR"
211906;2019-05-26;"domingo";"18:20:00";"PE";101;67;"RECIFE";"Falta de Atenção do Pedestre";"Atropelamento de Pedestre";"Com Vítimas Fatais";"Plena Noite";"Decrescente";"Chuva";"Dupla";"Reta;Em Obras";"Sim";2;1;1;0;0;0;1;2;-8,042334;-34,943096;"SPRF-PE";"DEL01-PE";"UOP01-DEL01-PE"
211908;2019-05-26;"domingo";"20:00:00";"SP";153;110,3;"JOSE BONIFACIO";"Desobediência às normas de trânsito pelo condutor";"Colisão transversal";"Sem Vítimas";"Plena Noite";"Crescente";"Céu Claro";"Simples";"Aclive;Reta";"Não";2;0;0;0;1;1;0;2;-21,08845219;-49,67466361;"SPRF-SP";"DEL09-SP";"UOP01-DEL09-SP"
211909;2019-05-26;"domingo";"18:20:00";"BA";116;674,5;"JEQUIE";"Ingestão de Álcool";"Queda de ocupante de veículo";"Com Vítimas Feridas";"Plena Noite";"Decrescente";"Céu Claro";"Simples";"Reta";"Sim";1;0;1;0;0;0;1;1;-13,87171541;-40,11488199;"SPRF-BA";"DEL03-BA";"UOP01-DEL03-BA"
211910;2019-05-26;"domingo";"19:50:00";"PR";277;581,5;"CASCAVEL";"Animais na Pista";"Atropelamento de Animal";"Sem Vítimas";"Plena Noite";"Decrescente";"Céu Claro";"Dupla";"Reta;Viaduto";"Não";1;0;0;0;1;0;0;1;-24,98125257;-53,37778678;"SPRF-PR";"DEL04-PR";"UOP01-DEL04-PR"
211911;2019-05-26;"domingo";"19:35:00";"MG";40;522;"CONTAGEM";"Ingestão de Álcool";"Saída de leito carroçável";"Com Vítimas Feridas";"Plena Noite";"Crescente";"Céu Claro";"Dupla";"Reta";"Sim";4;0;3;0;1;0;3;1;-19,8638731;-44,06749809;"SPRF-MG";"DEL01-MG";"UOP02-DEL01-MG"
211912;2019-05-26;"domingo";"17:55:00";"PR";376;14,6;"MARINGA";"Ingestão de Substâncias Psicoativas";"Colisão com objeto estático";"Sem Vítimas";"Anoitecer";"Decrescente";"Céu Claro";"Dupla";"Reta";"Não";1;0;0;0;1;0;0;1;-23,406586;-51,878485;"SPRF-PR";"DEL07-PR";"UOP01-DEL09-PR"
211914;2019-05-26;"domingo";"19:00:00";"MG";381;947,6;"EXTREMA";"Falta de Atenção à Condução";"Colisão traseira";"Com Vítimas Feridas";"Plena Noite";"Crescente";"Céu Claro";"Dupla";"Reta";"Não";5;0;3;0;2;0;3;3;-22,87479042;-46,36655782;"SPRF-MG";"DEL16-MG";"UOP03-DEL16-MG"
211915;2019-05-26;"domingo";"19:40:00";"PB";101;93,9;"CONDE";"Não guardar distância de segurança";"Colisão traseira";"Sem Vítimas";"Plena Noite";"Crescente";"Chuva";"Dupla";"Reta";"Não";2;0;0;0;2;0;0;2;-7,205825;-34,90879;"SPRF-PB";"DEL01-PB";"UOP01-DEL01-PB"
211917;2019-05-26;"domingo";"20:00:00";"PR";376;618;"SAO JOSE DOS PINHAIS";"Falta de Atenção à Condução";"Colisão lateral";"Com Vítimas Feridas";"Plena Noite";"Crescente";"Nevoeiro/Neblina";"Dupla";"Reta";"Sim";3;0;0;1;1;1;1;2;-25,60043545;-49,17381477;"SPRF-PR";"DEL01-PR";"UOP01-DEL01-PR"
211919;2019-05-26;"domingo";"18:40:00";"BA";101;264;"SANTO ANTONIO DE JESUS";"Ultrapassagem Indevida";"Colisão frontal";"Com Vítimas Feridas";"Plena Noite";"Crescente";"Céu Claro";"Simples";"Reta";"Sim";6;0;5;0;1;0;5;2;-13,09857093;-39,28167519;"SPRF-BA";"DEL01-BA";"UOP02-DEL01-BA"
211921;2019-05-26;"domingo";"19:40:00";"PR";376;390,5;"IMBAU";"Falta de Atenção do Pedestre";"Atropelamento de Pedestre";"Com Vítimas Feridas";"Plena Noite";"Crescente";"Céu Claro";"Simples";"Reta";"Não";2;0;0;1;1;0;1;2;-24,52463598;-50,70581799;"SPRF-PR";"DEL03-PR";"UOP02-DEL03-PR"
211923;2019-05-26;"domingo";"20:35:00";"PI";343;3,8;"TERESINA";"Ingestão de Álcool";"Colisão traseira";"Sem Vítimas";"Plena Noite";"Decrescente";"Céu Claro";"Múltipla";"Interseção de Vias";"Sim";2;0;0;0;2;0;0;2;-5,089569;-42,802288;"SPRF-PI";"DEL01-PI";"UOP01-DEL01-PI"
211924;2019-05-26;"domingo";"20:15:00";"MG";381;435,1;"SABARA";"Falta de Atenção à Condução";"Colisão frontal";"Com Vítimas Feridas";"Plena Noite";"Decrescente";"Céu Claro";"Simples";"Reta";"Não";2;0;2;0;0;0;2;2;-19,78641379;-43,73442382;"SPRF-MG";"DEL01-MG";"UOP01-DEL01-MG"
211926;2019-05-26;"domingo";"21:05:00";"MG";262;111,3;"SANTO ANTONIO DO GRAMA";"Desobediência às normas de trânsito pelo condutor";"Capotamento";"Com Vítimas Feridas";"Plena Noite";"Crescente";"Céu Claro";"Simples";"Reta";"Não";4;0;4;0;0;0;4;1;-20,26441414;-42,59311905;"SPRF-MG";"DEL03-MG";"UOP03-DEL03-MG"
211927;2019-05-26;"domingo";"20:30:00";"MS";262;388,7;"TERENOS";"Falta de Atenção à Condução";"Colisão frontal";"Com Vítimas Feridas";"Plena Noite";"Crescente";"Céu Claro";"Simples";"Curva";"Não";5;0;4;1;0;0;5;2;-20,42638945;-54,91909862;"SPRF-MS";"DEL01-MS";"UOP03-DEL01-MS"
211930;2019-05-26;"domingo";"19:10:00";"PI";316;13;"TERESINA";"Falta de Atenção à Condução";"Colisão com objeto estático";"Com Vítimas Feridas";"Plena Noite";"Crescente";"Céu Claro";"Múltipla";"Reta";"Não";1;0;0;1;0;0;1;1;-5,2096314;-42,75526995;"SPRF-PI";"DEL01-PI";"UOP02-DEL01-PI"
211931;2019-05-26;"domingo";"19:05:00";"RJ";356;66;"ITAPERUNA";"Falta de Atenção à Condução";"Saída de leito carroçável";"Com Vítimas Feridas";"Plena Noite";"Decrescente";"Céu Claro";"Simples";"Reta";"Não";3;0;0;3;0;0;3;1;-21,35637889;-41,70894511;"SPRF-RJ";"DEL08-RJ";"UOP03-DEL08-RJ"
211932;2019-05-26;"domingo";"21:30:00";"RN";101;108;"PARNAMIRIM";"Falta de Atenção à Condução";"Colisão traseira";"Sem Vítimas";"Plena Noite";"Decrescente";"Céu Claro";"Dupla";"Reta";"Sim";2;0;0;0;1;1;0;2;-5,92825102;-35,26465683;"SPRF-RN";"DEL01-RN";"UOP01-DEL01-RN"
211934;2019-05-26;"domingo";"20:30:00";"RJ";40;113;"DUQUE DE CAXIAS";"Falta de Atenção à Condução";"Colisão lateral";"Sem Vítimas";"Plena Noite";"Crescente";"Céu Claro";"Múltipla";"Reta";"Não";2;0;0;0;2;0;0;2;-22,70948502;-43,29040354;"SPRF-RJ";"DEL01-RJ";"UOP01-DEL01-RJ"
211935;2019-05-26;"domingo";"21:00:00";"MS";262;239,5;"RIBAS DO RIO PARDO";"Falta de Atenção do Pedestre";"Atropelamento de Pedestre";"Com Vítimas Feridas";"Plena Noite";"Decrescente";"Céu Claro";"Simples";"Reta";"Sim";2;0;0;1;0;1;1;2;-20,4560229;-53,74643001;"SPRF-MS";"DEL01-MS";"UOP01-DEL01-MS"
211940;2019-05-26;"domingo";"19:25:00";"MG";116;479,1;"DOM CAVATI";"Desobediência às normas de trânsito pelo condutor";"Colisão frontal";"Com Vítimas Feridas";"Plena Noite";"Decrescente";"Céu Claro";"Simples";"Reta";"Sim";4;0;2;0;0;2;2;2;-19,385223;-42,1121509;"SPRF-MG";"DEL06-MG";"UOP02-DEL06-MG"