"id";"data_inversa";"dia_semana";"horario";"uf";"br";"km";"municipio";"causa_acidente";"tipo_acidente";"classificacao_acidente";"fase_dia";"sentido_via";"condicao_metereologica";"tipo_pista";"tracado_via";"uso_solo";"pessoas";"mortos";"feridos_leves";"feridos_graves";"ilesos";"ignorados";"feridos";"veiculos";"latitude";"longitude";"regional";"delegacia";"uop"
212074;2019-05-27;"segunda-feira";"17:20:00";"MG";365;629,2;"UBERLANDIA";"Desobediência às normas de trânsito pelo condutor";"Colisão transversal";"Com Vítimas Feridas";"Pleno dia";"Crescente";"Céu Claro";"Dupla";"Interseção de Vias";"Sim";3;0;1;1;0;1;2;3;-18,90491901;-48,33930463;"SPRF-MG";"DEL15-MG";"UOP01-DEL15-MG"
212077;2019-05-27;"segunda-feira";"17:30:00";"PE";101;65,7;"RECIFE";"Não guardar distância de segurança";"Tombamento";"Com Vítimas Feridas";"Anoitecer";"Decrescente";"Céu Claro";"Dupla";"Reta";"Sim";2;0;1;0;1;0;1;2;-8,02478597;-34,94276635;"SPRF-PE";"DEL01-PE";"UOP01-DEL01-PE"
212078;2019-05-27;"segunda-feira";"17:20:00";"SP";116;140,2;"SAO JOSE DOS CAMPOS";"Avarias e/ou desgaste excessivo no pneu";"Tombamento";"Com Vítimas Feridas";"Plena Noite";"Decrescente";"Nublado";"Dupla";"Declive;Reta";"Não";1;0;1;0;0;0;1;1;-23,16577714;-45,81246193;"SPRF-SP";"DEL06-SP";"UOP02-DEL02-SP"
212079;2019-05-27;"segunda-feira";"17:00:00";"PR";376;541;"BALSA NOVA";"Defeito Mecânico no Veículo";"Colisão com objeto estático";"Com Vítimas Feridas";"Pleno dia";"Crescente";"Nublado";"Dupla";"Declive";"Não";2;0;1;0;1;0;1;2;-25,41972138;-49,7685113;"SPRF-PR";"DEL01-PR";"UOP06-DEL01-PR"
212080;2019-05-27;"segunda-feira";"17:55:00";"RN";101;82,5;"NATAL";"Animais na Pista";"Atropelamento de Animal";"Com Vítimas Feridas";"Plena Noite";"Decrescente";"Céu Claro";"Dupla";"Reta";"Sim";1;0;1;0;0;0;1;1;-5,76908959;-35,27126491;"SPRF-RN";"DEL02-RN";"UOP01-DEL02-RN"
212081;2019-05-27;"segunda-feira";"18:00:00";"BA";324;608;"SIMOES FILHO";"Falta de Atenção à Condução";"Colisão traseira";"Sem Vítimas";"Plena Noite";"Crescente";"Céu Claro";"Dupla";"Reta";"Não";2;0;0;0;2;0;0;2;-12,81182914;-38,40478762;"SPRF-BA";"DEL01-BA";"UOP01-DEL01-BA"
212082;2019-05-27;"segunda-feira";"18:19:00";"SC";282;3;"FLORIANOPOLIS";"Não guardar distância de segurança";"Colisão lateral";"Com Vítimas Feridas";"Plena Noite";"Decrescente";"Céu Claro";"Dupla";"Reta";"Não";2;0;1;0;1;0;1;2;-27,600384;-48,599705;"SPRF-SC";"DEL01-SC";"UOP01-DEL01-SC"
212084;2019-05-27;"segunda-feira";"18:10:00";"PE";104;85,2;"AGRESTINA";"Animais na Pista";"Atropelamento de Animal";"Com Vítimas Fatais";"Plena Noite";"Crescente";"Céu Claro";"Simples";"Aclive";"Não";2;1;0;1;0;0;1;1;-8,438719;-35,955177;"SPRF-PE";"DEL02-PE";"UOP01-DEL02-PE"
212085;2019-05-27;"segunda-feira";"18:08:00";"SC";470;144,8;"RIO DO SUL";"Falta de Atenção à Condução";"Colisão transversal";"Com Vítimas Feridas";"Plena Noite";"Decrescente";"Nublado";"Simples";"Interseção de Vias";"Sim";2;0;1;0;1;0;1;2;-27,23179914;-49,67105811;"SPRF-SC";"DEL04-SC";"UOP02-DEL04-SC"
212087;2019-05-27;"segunda-feira";"18:00:00";"PE";101;68,3;"RECIFE";"Falta de Atenção do Pedestre";"Atropelamento de Pedestre";"Com Vítimas Feridas";"Plena Noite";"Crescente";"Nublado";"Dupla";"Reta";"Sim";2;0;2;0;0;0;2;2;-8,05074296;-34,94580619;"SPRF-PE";"DEL01-PE";"UOP01-DEL01-PE"
212089;2019-05-27;"segunda-feira";"18:20:00";"PB";230;191,7;"POCINHOS";"Falta de Atenção à Condução";"Colisão frontal";"Com Vítimas Feridas";"Plena Noite";"Crescente";"Céu Claro";"Simples";"Reta";"Não";3;0;1;1;1;0;2;2;-7,1331;-36,1616;"SPRF-PB";"DEL02-PB";"UOP02-DEL02-PB"
212091;2019-05-27;"segunda-feira";"17:20:00";"MG";40;784,9;"JUIZ DE FORA";"Ultrapassagem Indevida";"Colisão lateral";"Com Vítimas Feridas";"Plena Noite";"Decrescente";"Céu Claro";"Dupla";"Reta";"Não";1;0;1;0;0;0;1;1;-21,73550893;-43,44218558;"SPRF-MG";"DEL05-MG";"UOP01-DEL05-MG"
212093;2019-05-27;"segunda-feira";"18:30:00";"PR";369;196,5;"APUCARANA";"Falta de Atenção do Pedestre";"Atropelamento de Pedestre";"Com Vítimas Fatais";"Plena Noite";"Crescente";"Céu Claro";"Dupla";"Reta";"Não";2;1;0;0;1;0;0;2;-23,509302;-51,426133;"SPRF-PR";"DEL07-PR";"UOP03-DEL07-PR"
212094;2019-05-27;"segunda-feira";"18:30:00";"GO";60;385,9;"RIO VERDE";"Restrição de Visibilidade";"Colisão traseira";"Com Vítimas Feridas";"Plena Noite";"Crescente";"Céu Claro";"Dupla";"Viaduto";"Sim";2;0;1;0;1;0;1;2;-17,7964;-50,914;"SPRF-GO";"DEL04-GO";"UOP01-DEL04-GO"
212095;2019-05-27;"segunda-feira";"18:30:00";"PR";116;10,7;"COLOMBO";"Falta de Atenção do Pedestre";"Atropelamento de Pedestre";"Com Vítimas Fatais";"Plena Noite";"Crescente";"Nublado";"Dupla";"Reta";"Sim";2;1;0;0;1;0;0;2;-25,3719;-49,134;"SPRF-PR";"DEL01-PR";"UOP01-DEL01-PR"
212096;2019-05-27;"segunda-feira";"18:40:00";"SC";101;208,3;"SAO JOSE";"Falta de Atenção à Condução";"Colisão lateral";"Com Vítimas Feridas";"Anoitecer";"Crescente";"Nublado";"Múltipla";"Reta";"Sim";2;0;1;0;1;0;1;2;-27,60327979;-48,63201818;"SPRF-SC";"DEL01-SC";"UOP01-DEL01-SC"
212098;2019-05-27;"segunda-feira";"18:57:00";"RJ";116;242,9;"PIRAI";"Falta de Atenção do Pedestre";"Atropelamento de Pedestre";"Com Vítimas Fatais";"Plena Noite";"Crescente";"Céu Claro";"Dupla";"Reta";"Sim";2;1;0;0;1;0;0;2;-22,58263154;-43,97312164;"SPRF-RJ";"DEL07-RJ";"UOP01-DEL07-RJ"
212099;2019-05-27;"segunda-feira";"18:00:00";"SP";116;150;"SAO JOSE DOS CAMPOS";"Falta de Atenção à Condução";"Colisão traseira";"Com Vítimas Feridas";"Plena Noite";"Crescente";"Céu Claro";"Dupla";"Reta";"Sim";2;0;1;0;1;0;1;2;-23,21335525;-45,8930588;"SPRF-SP";"DEL02-SP";"UOP01-DEL02-SP"
212100;2019-05-27;"segunda-feira";"19:00:00";"SP";116;156,6;"SAO JOSE DOS CAMPOS";"Defeito Mecânico no Veículo";"Engavetamento";"Com Vítimas Feridas";"Plena Noite";"Decrescente";"Céu Claro";"Dupla";"Reta";"Sim";5;0;1;0;4;0;1;5;-23,25044084;-45,93572909;"SPRF-SP";"DEL02-SP";"UOP01-DEL02-SP"
212101;2019-05-27;"segunda-feira";"17:30:00";"PR";277;96;"CURITIBA";"Falta de Atenção à Condução";"Colisão transversal";"Com Vítimas Feridas";"Plena Noite";"Decrescente";"Céu Claro";"Simples";"Interseção de Vias";"Sim";2;0;1;0;1;0;1;2;-25,54577186;-49,29537197;"SPRF-PR";"DEL01-PR";"UOP06-DEL01-PR"
212102;2019-05-27;"segunda-feira";"17:00:00";"PR";277;94,3;"CURITIBA";"Falta de Atenção à Condução";"Colisão com objeto estático";"Com Vítimas Feridas";"Pleno dia";"Decrescente";"Nublado";"Dupla";"Curva";"Sim";1;0;1;0;0;0;1;1;-25,43025289;-49,31934357;"SPRF-PR";"DEL01-PR";"UOP06-DEL01-PR"
212103;2019-05-27;"segunda-feira";"15:50:00";"RJ";101;332;"RIO DE JANEIRO";"Falta de Atenção à Condução";"Colisão traseira";"Com Vítimas Feridas";"Pleno dia";"Crescente";"Sol";"Dupla";"Reta";"Não";2;0;1;0;1;0;1;2;-22,87013623;-43,20467169;"SPRF-RJ";"DEL02-RJ";"UOP02-DEL02-RJ"
212104;2019-05-27;"segunda-feira";"17:45:00";"ES";101;67;"SAO MATEUS";"Desobediência às normas de trânsito pelo condutor";"Colisão transversal";"Com Vítimas Feridas";"Anoitecer";"Decrescente";"Céu Claro";"Múltipla";"Reta";"Sim";3;0;1;0;2;0;1;2;-18,72054021;-39,8658931;"SPRF-ES";"DEL04-ES";"UOP02-DEL04-ES"
212105;2019-05-27;"segunda-feira";"19:15:00";"SC";470;134,1;"RIO DO SUL";"Desobediência às normas de trânsito pelo condutor";"Colisão frontal";"Com Vítimas Feridas";"Anoitecer";"Crescente";"Céu Claro";"Simples";"Reta";"Sim";2;0;1;0;1;0;1;2;-27,181854;-49,600128;"SPRF-SC";"DEL04-SC";"UOP02-DEL04-SC"
212106;2019-05-27;"segunda-feira";"19:15:00";"BA";324;588;"CANDEIAS";"Condutor Dormindo";"Capotamento";"Com Vítimas Feridas";"Plena Noite";"Decrescente";"Nublado";"Dupla";"Reta";"Não";1;0;1;0;0;0;1;1;-12,6556679;-38,47271864;"SPRF-BA";"DEL01-BA";"UOP01-DEL01-BA"
212107;2019-05-27;"segunda-feira";"18:45:00";"BA";116;929;"ENCRUZILHADA";"Falta de Atenção à Condução";"Queda de ocupante de veículo";"Com Vítimas Feridas";"Plena Noite";"Decrescente";"Céu Claro";"Simples";"Reta";"Não";1;0;0;1;0;0;1;1;-15,57717073;-41,27405951;"SPRF-BA";"DEL08-BA";"UOP03-DEL08-BA"
212108;2019-05-27;"segunda-feira";"19:20:00";"ES";101;262;"SERRA";"Desobediência às normas de trânsito pelo condutor";"Colisão transversal";"Com Vítimas Feridas";"Plena Noite";"Crescente";"Nublado";"Múltipla";"Reta;Declive";"Sim";2;0;1;0;1;0;1;2;-20,1572331;-40,27678329;"SPRF-ES";"DEL02-ES";"UOP01-DEL02-ES"
212110;2019-05-27;"segunda-feira";"11:40:00";"RS";101;10;"DOM PEDRO DE ALCANTARA";"Falta de Atenção à Condução";"Saída de leito carroçável";"Sem Vítimas";"Pleno dia";"Decrescente";"Céu Claro";"Dupla";"Reta";"Não";1;0;0;0;0;1;0;1;-29,37276611;-49,82302391;"SPRF-RS";"DEL03-RS";"UOP02-DEL03-RS"
212112;2019-05-27;"segunda-feira";"18:00:00";"SP";116;218;"GUARULHOS";"Não guardar distância de segurança";"Colisão traseira";"Com Vítimas Feridas";"Anoitecer";"Crescente";"Céu Claro";"Múltipla";"Reta";"Sim";4;0;1;0;3;0;1;2;-23,457972;-46,479927;"SPRF-SP";"DEL01-SP";"UOP01-DEL01-SP"
212115;2019-05-27;"segunda-feira";"21:00:00";"MG";50;178,9;"UBERABA";"Animais na Pista";"Atropelamento de Animal";"Com Vítimas Feridas";"Plena Noite";"Decrescente";"Céu Claro";"Dupla";"Reta";"Sim";2;0;2;0;0;0;2;1;-19,77896821;-47,94093599;"SPRF-MG";"DEL13-MG";"UOP01-DEL13-MG"
212116;2019-05-27;"segunda-feira";"18:00:00";"SC";116;251,3;"LAGES";"Falta de Atenção à Condução";"Colisão transversal";"Com Vítimas Feridas";"Anoitecer";"Decrescente";"Nublado";"Simples";"Interseção de Vias";"Não";3;0;1;0;2;0;1;2;-27,85340789;-50,38268819;"SPRF-SC";"DEL05-SC";"UOP02-DEL05-SC"
212118;2019-05-27;"segunda-feira";"21:15:00";"PR";373;174,1;"PONTA GROSSA";"Falta de Atenção à Condução";"Colisão transversal";"Com Vítimas Feridas";"Plena Noite";"Decrescente";"Nublado";"Dupla";"Retorno Regulamentado";"Sim";2;0;1;0;1;0;1;2;-25,07594908;-50,20995715;"SPRF-PR";"DEL03-PR";"UOP01-DEL03-PR"
212120;2019-05-27;"segunda-feira";"20:30:00";"MT";163;777;"SORRISO";"Carga excessiva e/ou mal acondicionada";"Colisão com objeto em movimento";"Com Vítimas Feridas";"Plena Noite";"Crescente";"Nublado";"Simples";"Reta";"Não";1;0;1;0;0;0;1;1;-12,33164837;-55,58956504;"SPRF-MT";"DEL06-MT";"UOP01-DEL06-MT"
212121;2019-05-27;"segunda-feira";"17:45:00";"PR";153;400,5;"MALLET";"Ingestão de álcool e/ou substâncias psicoativas pelo pedestre";"Atropelamento de Pedestre";"Com Vítimas Feridas";"Anoitecer";"Decrescente";"Céu Claro";"Simples";"Reta";"Não";2;0;1;0;1;0;1;2;-25,96362019;-50,84163666;"SPRF-PR";"DEL02-PR";"UOP03-DEL02-PR"
212124;2019-05-27;"segunda-feira";"19:50:00";"SC";101;357;"SANGAO";"Falta de Atenção à Condução";"Saída de leito carroçável";"Com Vítimas Feridas";"Plena Noite";"Crescente";"Chuva";"Simples";"Curva";"Não";2;0;1;0;1;0;1;1;-28,64148522;-49,10167694;"SPRF-SC";"DEL02-SC";"UOP01-DEL02-SC"
212125;2019-05-27;"segunda-feira";"22:10:00";"GO";40;7,2;"VALPARAISO DE GOIAS";"Desobediência às normas de trânsito pelo condutor";"Colisão traseira";"Com Vítimas Feridas";"Plena Noite";"Crescente";"Céu Claro";"Dupla";"Reta";"Sim";2;0;1;0;1;0;1;2;-16,108482;-47,972524;"SPRF-DF";"DEL01-DF";"UOP01-DEL01-DF"
212126;2019-05-27;"segunda-feira";"22:10:00";"MS";60;593,5;"JARDIM";"Defeito Mecânico no Veículo";"Queda de ocupante de veículo";"Com Vítimas Feridas";"Plena Noite";"Decrescente";"Céu Claro";"Simples";"Reta";"Sim";1;0;1;0;0;0;1;1;-21,48542331;-56,15040947;"SPRF-MS";"DEL05-MS";"UOP01-DEL05-MS"
212128;2019-05-27;"segunda-feira";"21:37:00";"MT";364;263;"SAO PEDRO DA CIPA";"Ingestão de Álcool";"Queda de ocupante de veículo";"Com Vítimas Feridas";"Plena Noite";"Crescente";"Céu Claro";"Simples";"Reta";"Sim";1;0;0;1;0;0;1;1;-16,01673751;-54,90686447;"SPRF-MT";"DEL02-MT";"UOP02-DEL05-MT"
212129;2019-05-27;"segunda-feira";"22:00:00";"RR";174;506;"BOA VISTA";"Desobediência às normas de trânsito pelo condutor";"Colisão transversal";"Com Vítimas Feridas";"Plena Noite";"Crescente";"Céu Claro";"Dupla";"Reta";"Sim";3;0;3;0;0;0;3;2;2,82403149;-60,69618171;"SPRF-RR";"DEL01-RR";"UOP01-DEL01-RR"
212131;2019-05-27;"segunda-feira";"23:30:00";"PE";232;129;"CARUARU";"Ingestão de Álcool";"Colisão com objeto estático";"Com Vítimas Feridas";"Plena Noite";"Crescente";"Céu Claro";"Simples";"Viaduto;Curva;Declive";"Sim";1;0;1;0;0;0;1;1;-8,30193507;-35,98092002;"SPRF-PE";"DEL02-PE";"UOP03-DEL02-PE"
212132;2019-05-27;"segunda-feira";"21:35:00";"PR";280;294,2;"FLOR DA SERRA DO SUL";"Condutor Dormindo";"Saída de leito carroçável";"Com Vítimas Feridas";"Plena Noite";"Decrescente";"Chuva";"Simples";"Reta";"Não";1;0;1;0;0;0;1;1;-26,24988886;-53,34424044;"SPRF-PR";"DEL02-PR";"UOP01-DEL02-PR"
212134;2019-05-28;"terça-feira";"00:40:00";"PR";376;3;"SAO JOSE DOS PINHAIS";"Ingestão de Álcool";"Colisão traseira";"Sem Vítimas";"Plena Noite";"Decrescente";"Céu Claro";"Dupla";"Reta";"Sim";3;0;0;0;1;2;0;3;-25,53977937;-49,19173479;"SPRF-PR";"DEL01-PR";"UOP01-DEL01-PR"
212135;2019-01-15;"terça-feira";"06:50:00";"SC";101;201;"SAO JOSE";"Falta de Atenção à Condução";"Queda de ocupante de veículo";"Com Vítimas Feridas";"Pleno dia";"Crescente";"Céu Claro";"Múltipla";"Viaduto";"Sim";2;0;2;0;0;0;2;1;-27,5572;-48,6188;"SPRF-SC";"DEL01-SC";"UOP01-DEL01-SC"
212137;2019-05-28;"terça-feira";"02:30:00";"PR";277;37;"MORRETES";"Não guardar distância de segurança";"Saída de leito carroçável";"Sem Vítimas";"Plena Noite";"Decrescente";"Nevoeiro/Neblina";"Dupla";"Em Obras;Declive;Curva";"Não";1;0;0;0;1;0;0;1;-25,56011566;-48,81439895;"SPRF-PR";"DEL01-PR";"UOP05-DEL01-PR"
212140;2019-05-27;"segunda-feira";"21:00:00";"BA";101;839,5;"ITAMARAJU";"Ultrapassagem Indevida";"Saída de leito carroçável";"Com Vítimas Fatais";"Plena Noite";"Crescente";"Céu Claro";"Simples";"Curva";"Não";3;1;1;1;0;0;2;1;-17,15981768;-39,57241058;"SPRF-BA";"DEL09-BA";"UOP01-DEL09-BA"
212141;2019-05-28;"terça-feira";"00:30:00";"PR";369;178;"ROLANDIA";"Ingestão de Álcool";"Queda de ocupante de veículo";"Com Vítimas Feridas";"Plena Noite";"Crescente";"Nublado";"Dupla";"Rotatória";"Não";1;0;1;0;0;0;1;1;-23,35768657;-51,39594734;"SPRF-PR";"DEL07-PR";"UOP01-DEL07-PR"
212147;2019-05-28;"terça-feira";"06:10:00";"PR";153;15,8;"JACAREZINHO";"Falta de Atenção à Condução";"Saída de leito carroçável";"Com Vítimas Feridas";"Amanhecer";"Decrescente";"Céu Claro";"Simples";"Reta;Declive";"Não";1;0;1;0;0;0;1;1;-23,1274917;-49,94481434;"SPRF-PR";"DEL07-PR";"UOP04-DEL07-PR"
212148;2019-05-28;"terça-feira";"06:20:00";"RJ";40;122;"DUQUE DE CAXIAS";"Falta de Atenção à Condução";"Colisão lateral";"Com Vítimas Feridas";"Pleno dia";"Crescente";"Nublado";"Múltipla";"Reta";"Sim";2;0;1;0;1;0;1;2;-22,79083113;-43,28611569;"SPRF-RJ";"DEL01-RJ";"UOP01-DEL01-RJ"
212149;2019-05-28;"terça-feira";"05:40:00";"RJ";101;54;"CAMPOS DOS GOYTACAZES";"Condutor Dormindo";"Saída de leito carroçável";"Com Vítimas Feridas";"Amanhecer";"Decrescente";"Céu Claro";"Simples";"Reta";"Não";1;0;1;0;0;0;1;1;-21,66937699;-41,31111673;"SPRF-RJ";"DEL08-RJ";"UOP01-DEL08-RJ"
212150;2019-05-28;"terça-feira";"06:45:00";"GO";50;280,6;"CATALAO";"Falta de Atenção à Condução";"Colisão transversal";"Com Vítimas Feridas";"Pleno dia";"Crescente";"Céu Claro";"Simples";"Reta;Interseção de Vias";"Sim";2;0;1;0;1;0;1;2;-18,1784;-47,9362;"SPRF-GO";"DEL06-GO";"UOP01-DEL06-GO"
212155;2019-05-28;"terça-feira";"07:20:00";"PB";101;90,1;"JOAO PESSOA";"Falta de Atenção à Condução";"Colisão transversal";"Com Vítimas Feridas";"Pleno dia";"Crescente";"Nublado";"Dupla";"Retorno Regulamentado";"Sim";3;0;0;1;1;1;1;2;-7,18121964;-34,90083044;"SPRF-PB";"DEL01-PB";"UOP01-DEL01-PB"
212158;2019-05-28;"terça-feira";"05:50:00";"RO";364;710;"PORTO VELHO";"Desobediência às normas de trânsito pelo condutor";"Colisão traseira";"Com Vítimas Feridas";"Amanhecer";"Decrescente";"Céu Claro";"Dupla";"Reta";"Sim";2;0;1;0;1;0;1;2;-8,78621576;-63,85712687;"SPRF-RO";"DEL01-RO";"UOP01-DEL01-RO"
212160;2019-05-28;"terça-feira";"07:20:00";"MA";316;553,3;"CAXIAS";"Defeito Mecânico no Veículo";"Saída de leito carroçável";"Com Vítimas Feridas";"Pleno dia";"Decrescente";"Sol";"Dupla";"Reta";"Sim";1;0;1;0;0;0;1;1;-4,87637232;-43,33539074;"SPRF-MA";"DEL03-MA";"UOP02-DEL03-MA"
212161;2019-05-28;"terça-feira";"07:25:00";"RS";116;245,1;"SAO LEOPOLDO";"Não guardar distância de segurança";"Colisão lateral";"Com Vítimas Feridas";"Pleno dia";"Crescente";"Garoa/Chuvisco";"Dupla";"Reta";"Sim";3;0;1;0;2;0;1;2;-29,74980902;-51,15125361;"SPRF-RS";"DEL01-RS";"UOP02-DEL01-RS"
212163;2019-05-28;"terça-feira";"07:35:00";"RS";116;245,7;"SAO LEOPOLDO";"Não guardar distância de segurança";"Colisão traseira";"Com Vítimas Feridas";"Pleno dia";"Crescente";"Garoa/Chuvisco";"Dupla";"Reta";"Sim";3;0;1;0;2;0;1;3;-29,74980902;-51,15125361;"SPRF-RS";"DEL01-RS";"UOP02-DEL01-RS"
212165;2019-05-28;"terça-feira";"07:10:00";"CE";222;3,7;"CAUCAIA";"Não guardar distância de segurança";"Engavetamento";"Com Vítimas Feridas";"Pleno dia";"Decrescente";"Céu Claro";"Dupla";"Reta;Aclive;Ponte";"Sim";5;0;0;1;4;0;1;4;-3,7403769;-38,59569202;"SPRF-CE";"DEL01-CE";"UOP01-DEL01-CE"
212166;2019-05-28;"terça-feira";"08:00:00";"SC";101;134;"BALNEARIO CAMBORIU";"Falta de Atenção à Condução";"Colisão transversal";"Com Vítimas Feridas";"Pleno dia";"Crescente";"Chuva";"Dupla";"Interseção de Vias";"Sim";2;0;0;1;1;0;1;2;-27,00218;-48,636433;"SPRF-SC";"DEL04-SC";"UOP03-DEL04-SC"
212167;2019-05-28;"terça-feira";"08:14:00";"SP";153;62,4;"SAO JOSE DO RIO PRETO";"Não guardar distância de segurança";"Colisão transversal";"Com Vítimas Feridas";"Pleno dia";"Crescente";"Sol";"Dupla";"Aclive";"Sim";5;0;0;1;3;1;1;3;-20,81325404;-49,35675563;"SPRF-SP";"DEL09-SP";"UOP01-DEL09-SP"
212168;2019-05-28;"terça-feira";"07:10:00";"MG";116;653,2;"FERVEDOURO";"Falta de Atenção à Condução";"Colisão transversal";"Sem Vítimas";"Pleno dia";"Decrescente";"Sol";"Simples";"Reta";"Sim";2;0;0;0;2;0;0;2;-20,72995961;-42,28252086;"SPRF-MG";"DEL07-MG";"UOP03-DEL07-MG"
212170;2019-05-28;"terça-feira";"08:00:00";"SE";235;2,5;"ARACAJU";"Falta de Atenção à Condução";"Queda de ocupante de veículo";"Com Vítimas Feridas";"Pleno dia";"Crescente";"Chuva";"Dupla";"Reta";"Sim";1;0;1;0;0;0;1;1;-10,9062;-37,1034;"SPRF-SE";"DEL01-SE";"UOP01-DEL01-SE"
212171;2019-05-28;"terça-feira";"08:00:00";"MG";381;502;"BETIM";"Não guardar distância de segurança";"Engavetamento";"Sem Vítimas";"Pleno dia";"Crescente";"Céu Claro";"Dupla";"Reta";"Sim";4;0;0;0;4;0;0;4;-20,03619694;-44,24586303;"SPRF-MG";"DEL01-MG";"UOP03-DEL01-MG"
212172;2019-05-28;"terça-feira";"06:50:00";"PR";272;368,8;"CAMPO MOURAO";"Falta de Atenção à Condução";"Colisão transversal";"Com Vítimas Feridas";"Pleno dia";"Decrescente";"Nublado";"Simples";"Reta";"Sim";2;0;1;0;1;0;1;2;-24,05674141;-52,41515994;"SPRF-PR";"DEL04-PR";"UOP03-DEL09-PR"
212174;2019-05-28;"terça-feira";"07:42:00";"SP";116;225;"GUARULHOS";"Falta de Atenção à Condução";"Colisão lateral";"Com Vítimas Feridas";"Pleno dia";"Crescente";"Céu Claro";"Múltipla";"Reta";"Sim";2;0;1;0;1;0;1;2;-23,48586772;-46,54075317;"SPRF-SP";"DEL01-SP";"UOP01-DEL01-SP"
212175;2019-05-28;"terça-feira";"07:45:00";"SP";116;228,4;"SAO PAULO";"Falta de Atenção à Condução";"Colisão lateral";"Com Vítimas Feridas";"Pleno dia";"Crescente";"Sol";"Múltipla";"Reta";"Sim";2;0;1;0;1;0;1;2;-23,50343484;-46,56638712;"SPRF-SP";"DEL01-SP";"UOP01-DEL01-SP"
212176;2019-05-28;"terça-feira";"07:20:00";"SP";101;49;"UBATUBA";"Falta de Atenção à Condução";"Colisão lateral";"Com Vítimas Feridas";"Pleno dia";"Crescente";"Céu Claro";"Simples";"Reta";"Sim";2;0;1;1;0;0;2;2;-23,44410908;-45,08375708;"SPRF-SP";"DEL06-SP";"UOP01-DEL06-SP"
212179;2019-05-28;"terça-feira";"08:30:00";"CE";222;4;"FORTALEZA";"Falta de Atenção à Condução";"Colisão transversal";"Com Vítimas Feridas";"Pleno dia";"Decrescente";"Sol";"Múltipla";"Reta";"Sim";4;0;2;0;2;0;2;3;-3,74164754;-38,60449792;"SPRF-CE";"DEL01-CE";"UOP01-DEL01-CE"
212180;2019-05-28;"terça-feira";"09:00:00";"RS";448;22;"PORTO ALEGRE";"Falta de Atenção à Condução";"Colisão lateral";"Com Vítimas Feridas";"Pleno dia";"Crescente";"Céu Claro";"Simples";"Declive;Reta";"Sim";2;0;1;0;1;0;1;2;-29,982832;-51,201572;"SPRF-RS";"DEL01-RS";"UOP01-DEL01-RS"
212182;2019-05-28;"terça-feira";"08:30:00";"RN";101;94;"NATAL";"Falta de Atenção à Condução";"Colisão lateral";"Com Vítimas Feridas";"Pleno dia";"Crescente";"Nublado";"Múltipla";"Reta";"Não";2;0;1;0;1;0;1;2;-5,83176615;-35,21191342;"SPRF-RN";"DEL01-RN";"UOP01-DEL01-RN"
212183;2019-05-27;"segunda-feira";"23:25:00";"MG";262;22,2;"REDUTO";"Falta de Atenção à Condução";"Saída de leito carroçável";"Com Vítimas Feridas";"Plena Noite";"Crescente";"Céu Claro";"Simples";"Curva;Declive";"Não";3;0;1;0;0;2;1;2;-20,24575292;-41,92502101;"SPRF-MG";"DEL06-MG";"UOP03-DEL06-MG"
212186;2019-05-28;"terça-feira";"09:00:00";"GO";153;506;"APARECIDA DE GOIANIA";"Falta de Atenção à Condução";"Colisão traseira";"Com Vítimas Feridas";"Pleno dia";"Crescente";"Céu Claro";"Dupla";"Reta";"Sim";3;0;1;0;2;0;1;3;-16,7474111;-49,24088333;"SPRF-GO";"DEL01-GO";"UOP01-DEL01-GO"
212187;2019-05-28;"terça-feira";"09:30:00";"SC";282;16,3;"PALHOCA";"Desobediência às normas de trânsito pelo condutor";"Colisão transversal";"Com Vítimas Feridas";"Pleno dia";"Decrescente";"Nublado";"Simples";"Reta";"Sim";2;0;0;1;1;0;1;2;-27,658611;-48,681847;"SPRF-SC";"DEL01-SC";"UOP02-DEL01-SC"
212189;2019-05-28;"terça-feira";"09:00:00";"RS";285;334;"CARAZINHO";"Não guardar distância de segurança";"Colisão traseira";"Com Vítimas Feridas";"Pleno dia";"Crescente";"Nublado";"Simples";"Declive;Reta";"Não";3;0;1;0;2;0;1;3;-28,306229;-52,746593;"SPRF-RS";"DEL08-RS";"UOP03-DEL08-RS"
212193;2019-05-28;"terça-feira";"08:30:00";"BA";324;530;"FEIRA DE SANTANA";"Velocidade Incompatível";"Colisão com objeto estático";"Sem Vítimas";"Pleno dia";"Decrescente";"Chuva";"Múltipla";"Declive;Curva";"Sim";1;0;0;0;1;0;0;1;-12,33722069;-38,84943876;"SPRF-BA";"DEL01-BA";"UOP01-DEL01-BA"
212194;2019-05-28;"terça-feira";"08:00:00";"BA";101;535,6;"SAO JOSE DA VITORIA";"Pista Escorregadia";"Saída de leito carroçável";"Com Vítimas Feridas";"Pleno dia";"Decrescente";"Céu Claro";"Simples";"Reta";"Não";4;0;1;1;2;0;2;1;-15,03167522;-39,33036804;"SPRF-BA";"DEL05-BA";"UOP01-DEL05-BA"
212196;2019-05-28;"terça-feira";"09:10:00";"GO";153;591,1;"PIRACANJUBA";"Condutor Dormindo";"Saída de leito carroçável";"Com Vítimas Feridas";"Pleno dia";"Decrescente";"Céu Claro";"Dupla";"Declive";"Não";1;0;1;0;0;0;1;1;-17,4751;-49,2138;"SPRF-GO";"DEL03-GO";"UOP01-DEL03-GO"