"id";"data_inversa";"dia_semana";"horario";"uf";"br";"km";"municipio";"causa_acidente";"tipo_acidente";"classificacao_acidente";"fase_dia";"sentido_via";"condicao_metereologica";"tipo_pista";"tracado_via";"uso_solo";"pessoas";"mortos";"feridos_leves";"feridos_graves";"ilesos";"ignorados";"feridos";"veiculos";"latitude";"longitude";"regional";"delegacia";"uop"
212737;2019-05-31;"sexta-feira";"15:10:00";"SC";101;306,8;"LAGUNA";"Velocidade Incompatível";"Saída de leito carroçável";"Com Vítimas Feridas";"Pleno dia";"Crescente";"Chuva";"Múltipla";"Curva";"Sim";3;0;2;0;1;0;2;1;-28,40773694;-48,79187107;"SPRF-SC";"DEL02-SC";"UOP03-DEL02-SC"
212739;2019-05-31;"sexta-feira";"14:10:00";"BA";367;23;"PORTO SEGURO";"Desobediência às normas de trânsito pelo condutor";"Colisão transversal";"Com Vítimas Feridas";"Pleno dia";"Crescente";"Céu Claro";"Simples";"Interseção de Vias";"Sim";2;0;0;2;0;0;2;2;-16,43517732;-39,07201198;"SPRF-BA";"DEL09-BA";"UOP01-DEL09-BA"
212740;2019-05-31;"sexta-feira";"14:00:00";"RS";470;11,9;"BARRACAO";"Desobediência às normas de trânsito pelo condutor";"Colisão transversal";"Sem Vítimas";"Pleno dia";"Decrescente";"Céu Claro";"Simples";"Reta";"Sim";2;0;0;0;2;0;0;2;-27,66229079;-51,45618168;"SPRF-RS";"DEL08-RS";"UOP05-DEL08-RS"
212742;2019-05-31;"sexta-feira";"16:00:00";"PB";230;154,8;"CAMPINA GRANDE";"Desobediência às normas de trânsito pelo condutor";"Colisão transversal";"Com Vítimas Feridas";"Pleno dia";"Crescente";"Céu Claro";"Simples";"Reta;Retorno Regulamentado";"Não";3;0;1;0;0;2;1;3;-7,2777;-35,8985;"SPRF-PB";"DEL02-PB";"UOP01-DEL02-PB"
212743;2019-05-31;"sexta-feira";"16:20:00";"RJ";356;161;"SAO JOAO DA BARRA";"Ingestão de Álcool";"Colisão transversal";"Com Vítimas Feridas";"Pleno dia";"Crescente";"Céu Claro";"Simples";"Reta";"Não";2;0;1;0;1;0;1;2;-21,71362833;-41,1635068;"SPRF-RJ";"DEL08-RJ";"UOP02-DEL08-RJ"
212744;2019-05-31;"sexta-feira";"13:15:00";"SE";101;18,6;"SAO FRANCISCO";"Condutor Dormindo";"Saída de leito carroçável";"Com Vítimas Feridas";"Pleno dia";"Crescente";"Céu Claro";"Simples";"Reta";"Não";1;0;1;0;0;0;1;1;-10,34642149;-36,8979388;"SPRF-SE";"DEL02-SE";"UOP02-DEL02-SE"
212746;2019-05-31;"sexta-feira";"17:00:00";"DF";20;10,5;"BRASILIA";"Falta de Atenção à Condução";"Colisão traseira";"Com Vítimas Feridas";"Pleno dia";"Crescente";"Céu Claro";"Dupla";"Reta";"Sim";3;0;1;0;2;0;1;2;-15,65058323;-47,77441263;"SPRF-DF";"DEL02-DF";"UOP01-DEL02-DF"
212747;2019-05-31;"sexta-feira";"16:50:00";"ES";101;256;"SERRA";"Falta de Atenção à Condução";"Colisão traseira";"Com Vítimas Feridas";"Anoitecer";"Crescente";"Céu Claro";"Dupla";"Reta";"Não";2;0;1;0;0;1;1;2;-20,119123;-40,311005;"SPRF-ES";"DEL02-ES";"UOP01-DEL02-ES"
212748;2019-03-24;"domingo";"19:30:00";"ES";262;158,3;"IBATIBA";"Defeito Mecânico no Veículo";"Saída de leito carroçável";"Com Vítimas Fatais";"Plena Noite";"Crescente";"Nublado";"Simples";"Reta";"Sim";1;1;0;0;0;0;0;1;-20,23026795;-41,49909496;"SPRF-ES";"DEL01-ES";"UOP02-DEL01-ES"
212749;2019-05-31;"sexta-feira";"16:50:00";"RN";226;110,3;"SANTA CRUZ";"Falta de Atenção à Condução";"Colisão transversal";"Sem Vítimas";"Pleno dia";"Decrescente";"Sol";"Simples";"Reta";"Sim";2;0;0;0;2;0;0;2;-6,23557582;-36,01208682;"SPRF-RN";"DEL03-RN";"UOP02-DEL03-RN"
212750;2019-05-31;"sexta-feira";"17:00:00";"ES";101;146,5;"LINHARES";"Falta de Atenção à Condução";"Colisão transversal";"Com Vítimas Feridas";"Anoitecer";"Crescente";"Céu Claro";"Múltipla";"Reta";"Sim";2;0;1;0;1;0;1;2;-19,37339132;-40,06574929;"SPRF-ES";"DEL04-ES";"UOP01-DEL04-ES"
212751;2019-05-31;"sexta-feira";"13:40:00";"SP";116;512,8;"CAJATI";"Pista Escorregadia";"Colisão com objeto estático";"Com Vítimas Feridas";"Pleno dia";"Decrescente";"Chuva";"Simples";"Reta";"Não";3;0;1;0;2;0;1;1;-24,84304306;-48,22027915;"SPRF-SP";"DEL05-SP";"UAP01-DEL05-SP"
212753;2019-05-31;"sexta-feira";"12:10:00";"MA";135;144;"MATOES DO NORTE";"Defeito na Via";"Colisão frontal";"Com Vítimas Feridas";"Pleno dia";"Decrescente";"Céu Claro";"Simples";"Reta";"Não";2;0;0;1;1;0;1;2;-3,70669699;-44,51704795;"SPRF-MA";"DEL01-MA";"UOP02-DEL01-MA"
212754;2019-05-31;"sexta-feira";"17:00:00";"AL";104;93;"RIO LARGO";"Falta de Atenção à Condução";"Atropelamento de Pedestre";"Com Vítimas Feridas";"Pleno dia";"Crescente";"Céu Claro";"Dupla";"Reta";"Não";2;0;0;1;1;0;1;2;-9,52891696;-35,79807693;"SPRF-AL";"DEL01-AL";"UOP01-DEL01-AL"
212755;2019-05-31;"sexta-feira";"17:30:00";"ES";101;445,5;"MIMOSO DO SUL";"Pista Escorregadia";"Queda de ocupante de veículo";"Com Vítimas Feridas";"Anoitecer";"Crescente";"Céu Claro";"Simples";"Reta";"Não";1;0;0;1;0;0;1;1;-21,11046291;-41,26351124;"SPRF-ES";"DEL03-ES";"UOP02-DEL03-ES"
212756;2019-05-31;"sexta-feira";"17:50:00";"SE";235;50;"ITABAIANA";"Falta de Atenção à Condução";"Colisão traseira";"Sem Vítimas";"Plena Noite";"Crescente";"Céu Claro";"Simples";"Reta";"Sim";3;0;0;0;3;0;0;3;-10,707879;-37,42606;"SPRF-SE";"DEL01-SE";"UOP02-DEL01-SE"
212757;2019-05-31;"sexta-feira";"17:55:00";"PR";369;192,9;"ARAPONGAS";"Desobediência às normas de trânsito pelo condutor";"Colisão traseira";"Com Vítimas Feridas";"Plena Noite";"Crescente";"Nublado";"Dupla";"Reta";"Não";3;0;2;0;1;0;2;2;-23,509302;-51,423903;"SPRF-PR";"DEL07-PR";"UOP03-DEL07-PR"
212758;2019-05-31;"sexta-feira";"17:30:00";"RS";293;62;"PIRATINI";"Falta de Atenção à Condução";"Colisão transversal";"Com Vítimas Feridas";"Anoitecer";"Decrescente";"Nublado";"Simples";"Interseção de Vias";"Sim";2;0;0;1;1;0;1;2;-31,69986798;-52,94443973;"SPRF-RS";"DEL07-RS";"UOP01-DEL07-RS"
212761;2019-05-31;"sexta-feira";"18:10:00";"PB";230;35,9;"SANTA RITA";"Desobediência às normas de trânsito pelo condutor";"Tombamento";"Com Vítimas Feridas";"Plena Noite";"Crescente";"Céu Claro";"Dupla";"Curva;Viaduto;Aclive";"Sim";3;0;1;1;0;1;2;2;-7,123735;-34,946068;"SPRF-PB";"DEL01-PB";"UOP03-DEL01-PB"
212762;2019-05-31;"sexta-feira";"17:25:00";"SP";116;220;"GUARULHOS";"Falta de Atenção à Condução";"Tombamento";"Com Vítimas Feridas";"Anoitecer";"Crescente";"Céu Claro";"Múltipla";"Reta";"Sim";1;0;1;0;0;0;1;1;-23,46472809;-46,49793962;"SPRF-SP";"DEL01-SP";"UOP01-DEL01-SP"
212763;2019-05-31;"sexta-feira";"17:25:00";"MS";262;361,5;"CAMPO GRANDE";"Ingestão de Álcool";"Colisão com objeto estático";"Com Vítimas Feridas";"Anoitecer";"Decrescente";"Céu Claro";"Simples";"Rotatória";"Não";1;0;1;0;0;0;1;1;-20,515526;-54,719222;"SPRF-MS";"DEL01-MS";"UOP03-DEL01-MS"
212764;2019-05-31;"sexta-feira";"18:10:00";"SP";116;108,3;"TAUBATE";"Desobediência às normas de trânsito pelo condutor";"Colisão traseira";"Com Vítimas Feridas";"Plena Noite";"Crescente";"Céu Claro";"Dupla";"Reta";"Sim";4;0;2;0;2;0;2;3;-23,0233097;-45,53763622;"SPRF-SP";"DEL06-SP";"UOP01-DEL06-SP"
212765;2019-05-31;"sexta-feira";"17:15:00";"BA";110;387;"SAO SEBASTIAO DO PASSE";"Falta de Atenção à Condução";"Engavetamento";"Sem Vítimas";"Pleno dia";"Crescente";"Céu Claro";"Simples";"Reta";"Não";3;0;0;0;3;0;0;3;-12,50766107;-38,49626949;"SPRF-BA";"DEL01-BA";"UOP01-DEL01-BA"
212766;2019-05-31;"sexta-feira";"18:15:00";"MG";381;503,6;"BETIM";"Ultrapassagem Indevida";"Colisão com objeto estático";"Com Vítimas Feridas";"Plena Noite";"Crescente";"Céu Claro";"Múltipla";"Reta";"Sim";2;0;1;0;1;0;1;1;-20,03855134;-44,25495493;"SPRF-MG";"DEL01-MG";"UOP03-DEL01-MG"
212768;2019-05-31;"sexta-feira";"18:25:00";"MG";50;51;"ARAGUARI";"Desobediência às normas de trânsito pelo condutor";"Colisão transversal";"Com Vítimas Feridas";"Plena Noite";"Crescente";"Céu Claro";"Dupla";"Reta";"Não";2;0;0;1;1;0;1;2;-18,74433705;-48,2313459;"SPRF-MG";"DEL15-MG";"UOP02-DEL15-MG"
212769;2019-05-31;"sexta-feira";"17:35:00";"MT";163;837;"SINOP";"Desobediência às normas de trânsito pelo condutor";"Colisão transversal";"Com Vítimas Feridas";"Anoitecer";"Decrescente";"Céu Claro";"Dupla";"Interseção de Vias";"Sim";3;0;1;0;2;0;1;2;-11,968963;-55,51695578;"SPRF-MT";"DEL06-MT";"UOP02-DEL06-MT"
212771;2019-05-31;"sexta-feira";"18:10:00";"SC";470;174,6;"POUSO REDONDO";"Falta de Atenção à Condução";"Colisão transversal";"Com Vítimas Feridas";"Anoitecer";"Crescente";"Nublado";"Simples";"Reta";"Sim";2;0;1;0;1;0;1;2;-27,258179;-49,929146;"SPRF-SC";"DEL04-SC";"UOP02-DEL04-SC"
212774;2019-05-31;"sexta-feira";"19:00:00";"CE";116;6;"FORTALEZA";"Falta de Atenção do Pedestre";"Atropelamento de Pedestre";"Com Vítimas Feridas";"Plena Noite";"Decrescente";"Nublado";"Dupla";"Reta";"Sim";3;0;3;0;0;0;3;2;-3,802624;-38,50400499;"SPRF-CE";"DEL01-CE";"UOP02-DEL01-CE"
212776;2019-05-31;"sexta-feira";"18:15:00";"PR";369;162,8;"CAMBE";"Falta de Atenção à Condução";"Colisão traseira";"Com Vítimas Feridas";"Plena Noite";"Crescente";"Chuva";"Dupla";"Aclive;Reta";"Sim";5;0;1;0;4;0;1;4;-23,29658822;-51,27429307;"SPRF-PR";"DEL07-PR";"UOP01-DEL07-PR"
212777;2019-05-31;"sexta-feira";"19:00:00";"GO";60;91,2;"ANAPOLIS";"Desobediência às normas de trânsito pelo condutor";"Colisão transversal";"Com Vítimas Fatais";"Plena Noite";"Decrescente";"Céu Claro";"Dupla";"Reta;Retorno Regulamentado";"Sim";3;1;0;0;2;0;0;2;-16,3491;-48,9095;"SPRF-GO";"DEL02-GO";"UOP01-DEL02-GO"
212778;2019-05-31;"sexta-feira";"19:00:00";"MG";262;437;"NOVA SERRANA";"Velocidade Incompatível";"Colisão traseira";"Com Vítimas Feridas";"Plena Noite";"Crescente";"Céu Claro";"Dupla";"Reta";"Sim";2;0;1;0;1;0;1;2;-19,89622194;-44,86972815;"SPRF-MG";"DEL08-MG";"UOP03-DEL08-MG"
212779;2019-05-31;"sexta-feira";"19:00:00";"GO";153;512,2;"APARECIDA DE GOIANIA";"Defeito Mecânico no Veículo";"Queda de ocupante de veículo";"Com Vítimas Feridas";"Plena Noite";"Crescente";"Céu Claro";"Dupla";"Reta";"Sim";2;0;1;0;1;0;1;1;-16,8156;-49,2402;"SPRF-GO";"DEL01-GO";"UOP03-DEL01-GO"
212781;2019-05-31;"sexta-feira";"16:15:00";"RJ";465;5,6;"SEROPEDICA";"Falta de Atenção do Pedestre";"Atropelamento de Pedestre";"Com Vítimas Feridas";"Pleno dia";"Crescente";"Céu Claro";"Simples";"Reta";"Sim";2;0;1;0;1;0;1;2;-22,747673;-43,699196;"SPRF-RJ";"DEL01-RJ";"UOP01-DEL01-MS"
212782;2019-05-31;"sexta-feira";"19:00:00";"RS";290;96,9;"PORTO ALEGRE";"Não guardar distância de segurança";"Colisão traseira";"Com Vítimas Feridas";"Plena Noite";"Crescente";"Chuva";"Dupla";"Reta";"Sim";4;0;1;0;2;1;1;3;-29,992107;-51,204525;"SPRF-RS";"DEL01-RS";"UOP01-DEL01-RS"
212783;2019-05-31;"sexta-feira";"18:00:00";"RS";471;150,6;"SANTA CRUZ DO SUL";"Falta de Atenção à Condução";"Colisão transversal";"Com Vítimas Feridas";"Anoitecer";"Decrescente";"Garoa/Chuvisco";"Dupla";"Reta";"Sim";6;0;3;0;3;0;3;2;-29,7802462;-52,41473079;"SPRF-RS";"DEL02-RS";"UOP02-DEL02-RS"
212784;2019-05-31;"sexta-feira";"19:30:00";"PR";116;122;"CURITIBA";"Falta de Atenção à Condução";"Colisão traseira";"Com Vítimas Feridas";"Plena Noite";"Crescente";"Chuva";"Dupla";"Reta";"Não";2;0;0;1;1;0;1;2;-25,56857207;-49,31023179;"SPRF-PR";"DEL01-PR";"UOP03-DEL01-PR"
212785;2019-05-31;"sexta-feira";"19:30:00";"PE";232;212,3;"PESQUEIRA";"Não guardar distância de segurança";"Tombamento";"Com Vítimas Fatais";"Plena Noite";"Crescente";"Céu Claro";"Simples";"Reta";"Sim";2;1;0;0;1;0;0;2;-8,3742;-36,71593;"SPRF-PE";"DEL02-PE";"UOP03-DEL02-PE"
212786;2019-05-31;"sexta-feira";"19:30:00";"GO";60;129;"GOIANAPOLIS";"Objeto estático sobre o leito carroçável";"Capotamento";"Com Vítimas Feridas";"Plena Noite";"Crescente";"Céu Claro";"Dupla";"Reta";"Não";1;0;1;0;0;0;1;1;-16,5587;-49,1534;"SPRF-GO";"DEL01-GO";"UOP01-DEL01-GO"
212787;2019-05-31;"sexta-feira";"17:30:00";"PR";369;29,9;"CAMBARA";"Falta de Atenção à Condução";"Saída de leito carroçável";"Com Vítimas Feridas";"Pleno dia";"Crescente";"Céu Claro";"Dupla";"Reta;Aclive";"Não";1;0;0;1;0;0;1;1;-23,03897194;-50,17401874;"SPRF-PR";"DEL07-PR";"UOP05-DEL07-PR"
212788;2019-05-31;"sexta-feira";"18:40:00";"MG";381;483;"BETIM";"Não guardar distância de segurança";"Colisão traseira";"Com Vítimas Feridas";"Plena Noite";"Crescente";"Céu Claro";"Múltipla";"Declive;Reta";"Sim";6;0;1;0;5;0;1;5;-19,95845473;-44,07571077;"SPRF-MG";"DEL01-MG";"UOP03-DEL01-MG"
212789;2019-05-31;"sexta-feira";"19:00:00";"PA";230;622;"VITORIA DO XINGU";"Animais na Pista";"Atropelamento de Animal";"Com Vítimas Feridas";"Plena Noite";"Crescente";"Céu Claro";"Simples";"Reta";"Não";2;0;1;0;1;0;1;2;-3,17014185;-52,088718;"SPRF-PA";"DEL04-PA";"UOP01-DEL04-PA"
212790;2019-05-31;"sexta-feira";"19:35:00";"MG";40;499,6;"ESMERALDAS";"Falta de Atenção do Pedestre";"Atropelamento de Pedestre";"Com Vítimas Fatais";"Plena Noite";"Crescente";"Céu Claro";"Dupla";"Reta";"Não";2;1;0;0;1;0;0;2;-19,69754;-44,17655;"SPRF-MG";"DEL02-MG";"UOP01-DEL02-MG"
212792;2019-05-31;"sexta-feira";"19:30:00";"PE";101;62,4;"RECIFE";"Ingestão de Álcool";"Colisão lateral";"Com Vítimas Feridas";"Plena Noite";"Decrescente";"Nublado";"Dupla";"Reta";"Sim";3;0;2;0;1;0;2;2;-8,00484;-34,937931;"SPRF-PE";"DEL01-PE";"UOP02-DEL01-PE"
212793;2019-05-31;"sexta-feira";"20:18:00";"BA";235;346,2;"JUAZEIRO";"Falta de Atenção à Condução";"Atropelamento de Pedestre";"Com Vítimas Fatais";"Plena Noite";"Crescente";"Céu Claro";"Dupla";"Reta";"Sim";3;1;0;1;0;1;1;2;-9,45259129;-40,48292825;"SPRF-PE";"DEL06-PE";"UOP01-DEL06-PE"
212795;2019-05-31;"sexta-feira";"20:00:00";"RJ";393;282;"VOLTA REDONDA";"Desobediência às normas de trânsito pelo condutor";"Colisão transversal";"Com Vítimas Feridas";"Plena Noite";"Decrescente";"Céu Claro";"Simples";"Reta";"Sim";2;0;0;1;1;0;1;2;-22,48082784;-44,04047201;"SPRF-RJ";"DEL05-RJ";"UOP04-DEL05-RJ"
212798;2019-05-31;"sexta-feira";"06:20:00";"CE";116;356;"ICO";"Restrição de Visibilidade";"Atropelamento de Animal";"Sem Vítimas";"Plena Noite";"Crescente";"Céu Claro";"Simples";"Reta";"Não";1;0;0;0;1;0;0;1;-6,31646798;-38,73232305;"SPRF-CE";"DEL05-CE";"UOP02-DEL05-CE"
212799;2019-05-31;"sexta-feira";"17:00:00";"SC";470;156,6;"TROMBUDO CENTRAL";"Velocidade Incompatível";"Capotamento";"Com Vítimas Feridas";"Pleno dia";"Crescente";"Chuva";"Simples";"Curva";"Não";2;0;2;0;0;0;2;1;-27,2855275;-49,76759434;"SPRF-SC";"DEL04-SC";"UOP02-DEL04-SC"
212800;2019-05-31;"sexta-feira";"19:00:00";"RS";290;68;"GRAVATAI";"Falta de Atenção à Condução";"Saída de leito carroçável";"Sem Vítimas";"Plena Noite";"Crescente";"Chuva";"Simples";"Declive";"Não";1;0;0;0;0;1;0;1;-29,943384;-50,936207;"SPRF-RS";"DEL03-RS";"UOP01-DEL03-RS"
212802;2019-05-31;"sexta-feira";"20:30:00";"MG";40;463,8;"SETE LAGOAS";"Falta de Atenção à Condução";"Queda de ocupante de veículo";"Com Vítimas Fatais";"Plena Noite";"Decrescente";"Céu Claro";"Dupla";"Reta;Declive";"Não";3;1;0;1;1;0;1;2;-19,42224803;-44,33870213;"SPRF-MG";"DEL02-MG";"UOP01-DEL02-MG"
212804;2019-05-31;"sexta-feira";"19:50:00";"SC";280;58;"GUARAMIRIM";"Desobediência às normas de trânsito pelo condutor";"Colisão lateral";"Com Vítimas Feridas";"Plena Noite";"Crescente";"Nublado";"Simples";"Reta";"Sim";2;0;1;0;1;0;1;2;-26,474453;-49,02516961;"SPRF-SC";"DEL03-SC";"UOP03-DEL03-SC"
212805;2019-05-31;"sexta-feira";"21:00:00";"RN";110;46,7;"MOSSORO";"Velocidade Incompatível";"Colisão lateral";"Com Vítimas Feridas";"Plena Noite";"Decrescente";"Céu Claro";"Simples";"Rotatória";"Sim";2;0;2;0;0;0;2;2;-5,20172163;-37,323668;"SPRF-RN";"DEL04-RN";"UOP01-DEL04-RN"
212807;2019-05-31;"sexta-feira";"21:30:00";"MG";365;677;"MONTE ALEGRE DE MINAS";"Desobediência às normas de trânsito pelo condutor";"Colisão com objeto em movimento";"Com Vítimas Feridas";"Plena Noite";"Crescente";"Céu Claro";"Dupla";"Reta";"Não";2;0;1;0;1;0;1;2;-18,85178767;-48,79093697;"SPRF-MG";"DEL15-MG";"UOP01-DEL15-MG"
212810;2019-05-31;"sexta-feira";"18:35:00";"SC";116;252;"LAGES";"Falta de Atenção à Condução";"Colisão lateral";"Com Vítimas Feridas";"Anoitecer";"Crescente";"Céu Claro";"Simples";"Reta";"Não";2;0;0;1;1;0;1;2;-27,85340789;-50,38268819;"SPRF-SC";"DEL05-SC";"UOP02-DEL05-SC"
212811;2019-05-31;"sexta-feira";"10:10:00";"MA";10;317;"ACAILANDIA";"Defeito Mecânico no Veículo";"Tombamento";"Com Vítimas Feridas";"Pleno dia";"Decrescente";"Céu Claro";"Simples";"Reta";"Não";2;0;2;0;0;0;2;1;-4,975136;-47,517284;"SPRF-MA";"DEL04-MA";"UOP03-DEL04-MA"
212812;2019-05-31;"sexta-feira";"20:35:00";"RO";364;703;"PORTO VELHO";"Falta de Atenção à Condução";"Tombamento";"Com Vítimas Feridas";"Plena Noite";"Decrescente";"Céu Claro";"Dupla";"Reta";"Sim";1;0;1;0;0;0;1;1;-8,80021523;-63,79557792;"SPRF-RO";"DEL01-RO";"UOP01-DEL01-RO"
212813;2019-05-31;"sexta-feira";"21:30:00";"PE";232;252;"ARCOVERDE";"Ingestão de Álcool";"Colisão lateral";"Com Vítimas Feridas";"Plena Noite";"Crescente";"Céu Claro";"Simples";"Reta";"Sim";2;0;0;1;0;1;1;2;-8,43086;-37,06536;"SPRF-PE";"DEL03-PE";"UOP02-DEL03-PE"
212814;2019-05-31;"sexta-feira";"17:00:00";"PR";158;391,2;"LARANJEIRAS DO SUL";"Pista Escorregadia";"Capotamento";"Com Vítimas Feridas";"Pleno dia";"Decrescente";"Chuva";"Simples";"Curva";"Não";1;0;1;0;0;0;1;1;-25,29038282;-52,2986682;"SPRF-PR";"DEL04-PR";"UOP02-DEL04-PR"
212815;2019-05-31;"sexta-feira";"10:00:00";"MG";116;457,7;"ENGENHEIRO CALDAS";"Falta de Atenção à Condução";"Colisão transversal";"Com Vítimas Feridas";"Pleno dia";"Crescente";"Ignorado";"Simples";"Interseção de Vias;Reta";"Não";3;0;2;0;1;0;2;2;-19,2086853;-42,05227849;"SPRF-MG";"DEL06-MG";"UOP02-DEL06-MG"
212816;2019-05-31;"sexta-feira";"20:15:00";"SC";101;253,4;"PAULO LOPES";"Falta de Atenção à Condução";"Tombamento";"Com Vítimas Feridas";"Plena Noite";"Crescente";"Chuva";"Múltipla";"Viaduto";"Não";3;0;3;0;0;0;3;1;-27,96492999;-48,67962057;"SPRF-SC";"DEL02-SC";"UOP03-DEL02-SC"
212817;2019-05-31;"sexta-feira";"13:30:00";"AM";174;1002;"PRESIDENTE FIGUEIREDO";"Ultrapassagem Indevida";"Colisão lateral";"Sem Vítimas";"Pleno dia";"Crescente";"Nublado";"Simples";"Declive";"Não";2;0;0;0;2;0;0;2;-1,94832729;-60,04167887;"SPRF-AM";"DEL01-AM";"UOP02-DEL01-AM"
212818;2019-05-31;"sexta-feira";"20:20:00";"SE";235;45,5;"ITABAIANA";"Falta de Atenção à Condução";"Colisão traseira";"Sem Vítimas";"Plena Noite";"Decrescente";"Céu Claro";"Simples";"Aclive";"Não";2;0;0;0;2;0;0;2;-10,746924;-37,399899;"SPRF-SE";"DEL01-SE";"UOP02-DEL01-SE"
212819;2019-05-31;"sexta-feira";"22:20:00";"PE";423;36,2;"CACHOEIRINHA";"Falta de Atenção à Condução";"Colisão lateral";"Com Vítimas Fatais";"Plena Noite";"Decrescente";"Nublado";"Simples";"Reta";"Não";3;1;1;0;0;1;1;2;-8,46717915;-36,21840865;"SPRF-PE";"DEL02-PE";"UOP03-DEL02-PE"
212820;2019-05-31;"sexta-feira";"22:40:00";"PE";428;183;"PETROLINA";"Falta de Atenção à Condução";"Colisão transversal";"Com Vítimas Feridas";"Plena Noite";"Crescente";"Céu Claro";"Simples";"Reta";"Sim";2;0;1;0;1;0;1;2;-9,32412987;-40,46211325;"SPRF-PE";"DEL06-PE";"UOP01-DEL06-PE"
212822;2019-05-31;"sexta-feira";"17:45:00";"PR";487;129,9;"TUNEIRAS DO OESTE";"Avarias e/ou desgaste excessivo no pneu";"Colisão frontal";"Sem Vítimas";"Anoitecer";"Crescente";"Garoa/Chuvisco";"Simples";"Curva;Declive";"Não";5;0;0;0;5;0;0;2;-23,87947434;-52,84106812;"SPRF-PR";"DEL04-PR";"UOP03-DEL09-PR"
212824;2019-05-31;"sexta-feira";"17:30:00";"RS";285;598;"SANTO ANTONIO DAS MISSOES";"Falta de Atenção à Condução";"Colisão transversal";"Com Vítimas Fatais";"Pleno dia";"Decrescente";"Garoa/Chuvisco";"Simples";"Reta";"Não";2;1;0;0;1;0;0;2;-28,489384;-55,26339;"SPRF-RS";"DEL12-RS";"UOP01-DEL12-RS"
212825;2019-05-31;"sexta-feira";"22:49:00";"PB";230;168,3;"CAMPINA GRANDE";"Ingestão de Substâncias Psicoativas";"Colisão frontal";"Com Vítimas Fatais";"Plena Noite";"Crescente";"Chuva";"Simples";"Reta";"Não";6;1;2;2;1;0;4;3;-7,188;-35,9687;"SPRF-PB";"DEL02-PB";"UOP02-DEL02-PB"
212826;2019-05-31;"sexta-feira";"22:45:00";"PR";277;602,4;"CASCAVEL";"Falta de Atenção à Condução";"Colisão transversal";"Com Vítimas Feridas";"Plena Noite";"Crescente";"Nevoeiro/Neblina";"Dupla";"Declive";"Não";4;0;2;1;1;0;3;2;-25,00282;-53,523851;"SPRF-PR";"DEL05-PR";"UOP02-DEL05-PR"
212827;2019-05-31;"sexta-feira";"23:20:00";"PR";476;140,3;"CURITIBA";"Falta de Atenção à Condução";"Colisão traseira";"Com Vítimas Feridas";"Plena Noite";"Decrescente";"Chuva";"Múltipla";"Reta";"Sim";2;0;0;1;1;0;1;2;-25,52348601;-49,29564357;"SPRF-PR";"DEL01-PR";"UOP03-DEL01-PR"
212828;2019-05-31;"sexta-feira";"23:00:00";"MS";463;2,3;"DOURADOS";"Ingestão de Álcool";"Colisão lateral";"Com Vítimas Feridas";"Plena Noite";"Crescente";"Nublado";"Simples";"Reta";"Sim";2;0;0;1;0;1;1;2;-22,2591541;-54,823354;"SPRF-MS";"DEL04-MS";"UOP01-DEL04-MS"
212830;2019-05-31;"sexta-feira";"23:15:00";"MG";153;8,5;"ARAPORA";"Ingestão de álcool e/ou substâncias psicoativas pelo pedestre";"Saída de leito carroçável";"Sem Vítimas";"Plena Noite";"Crescente";"Céu Claro";"Dupla";"Retorno Regulamentado";"Não";1;0;0;0;1;0;0;1;-18,48778001;-49,18862284;"SPRF-MG";"DEL15-MG";"UOP03-DEL15-MG"
212831;2019-05-31;"sexta-feira";"17:30:00";"MT";70;275;"PRIMAVERA DO LESTE";"Falta de Atenção à Condução";"Colisão traseira";"Com Vítimas Fatais";"Plena Noite";"Crescente";"Céu Claro";"Simples";"Reta";"Sim";1;1;0;0;0;0;0;1;-15,54957476;-54,25390412;"SPRF-MT";"DEL05-MT";"UOP01-DEL05-MT"
212835;2019-05-31;"sexta-feira";"09:15:00";"RO";364;615;"ITAPUA DO OESTE";"Falta de Atenção à Condução";"Saída de leito carroçável";"Com Vítimas Feridas";"Plena Noite";"Crescente";"Céu Claro";"Simples";"Reta";"Não";2;0;2;0;0;0;2;1;-9,12169101;-63,25877001;"SPRF-RO";"DEL03-RO";"UOP04-DEL01-RO"
212836;2019-05-31;"sexta-feira";"23:10:00";"PB";230;0,1;"PATOS";"Ingestão de Álcool";"Colisão frontal";"Com Vítimas Feridas";"Plena Noite";"Crescente";"Céu Claro";"Simples";"Interseção de Vias";"Não";3;0;1;1;1;0;2;2;-7,00662567;-37,29877348;"SPRF-PB";"DEL03-PB";"UOP01-DEL03-PB"
212838;2019-05-30;"quinta-feira";"23:00:00";"RN";304;36,8;"MOSSORO";"Falta de Atenção à Condução";"Colisão com objeto estático";"Com Vítimas Feridas";"Plena Noite";"Crescente";"Céu Claro";"Dupla";"Reta";"Sim";1;0;1;0;0;0;1;1;-5,17443244;-37,36227036;"SPRF-RN";"DEL04-RN";"UOP02-DEL04-RN"
212840;2019-05-31;"sexta-feira";"23:10:00";"SC";101;367;"ICARA";"Defeito Mecânico no Veículo";"Incêndio";"Sem Vítimas";"Plena Noite";"Decrescente";"Nublado";"Dupla";"Declive;Reta";"Não";1;0;0;0;1;0;0;1;-28,69721321;-49,17480469;"SPRF-SC";"DEL02-SC";"UOP01-DEL02-SC"
212844;2019-06-01;"sábado";"01:45:00";"MT";70;4;"BARRA DO GARCAS";"Falta de Atenção à Condução";"Colisão traseira";"Com Vítimas Feridas";"Plena Noite";"Decrescente";"Céu Claro";"Dupla";"Reta";"Sim";1;0;1;0;0;0;1;1;-15,87907036;-52,28563311;"SPRF-MT";"DEL07-MT";"UOP01-DEL07-MT"