"id";"data_inversa";"dia_semana";"horario";"uf";"br";"km";"municipio";"causa_acidente";"tipo_acidente";"classificacao_acidente";"fase_dia";"sentido_via";"condicao_metereologica";"tipo_pista";"tracado_via";"uso_solo";"pessoas";"mortos";"feridos_leves";"feridos_graves";"ilesos";"ignorados";"feridos";"veiculos";"latitude";"longitude";"regional";"delegacia";"uop"
213199;2019-06-02;"domingo";"16:40:00";"PR";277;45;"MORRETES";"Defeito Mecânico no Veículo";"Incêndio";"Sem Vítimas";"Pleno dia";"Crescente";"Garoa/Chuvisco";"Dupla";"Curva;Aclive";"Não";4;0;0;0;4;0;0;1;-25,594963;-48,89748;"SPRF-PR";"DEL01-PR";"UOP07-DEL01-PR"
213202;2019-06-02;"domingo";"18:10:00";"MG";267;86,5;"JUIZ DE FORA";"Falta de Atenção do Pedestre";"Atropelamento de Pedestre";"Com Vítimas Feridas";"Anoitecer";"Crescente";"Céu Claro";"Simples";"Reta";"Sim";2;0;1;1;0;0;2;2;-21,75792684;-43,25907792;"SPRF-MG";"DEL05-MG";"UOP01-DEL05-MG"
213203;2019-06-02;"domingo";"18:00:00";"SP";116;14,9;"QUELUZ";"Defeito Mecânico no Veículo";"Incêndio";"Sem Vítimas";"Plena Noite";"Decrescente";"Céu Claro";"Dupla";"Curva";"Não";1;0;0;0;0;1;0;1;-22,55635862;-44,81985452;"SPRF-SP";"DEL08-SP";"UOP02-DEL08-SP"
213204;2019-06-02;"domingo";"18:20:00";"PE";101;37,8;"ITAPISSUMA";"Falta de Atenção à Condução";"Colisão transversal";"Com Vítimas Feridas";"Plena Noite";"Decrescente";"Céu Claro";"Dupla";"Aclive";"Não";7;0;6;0;1;0;6;2;-7,79726705;-34,9274932;"SPRF-PE";"DEL01-PE";"UOP02-DEL01-PE"
213205;2019-06-02;"domingo";"18:30:00";"PE";104;17;"TAQUARITINGA DO NORTE";"Falta de Atenção do Pedestre";"Atropelamento de Pedestre";"Com Vítimas Feridas";"Plena Noite";"Crescente";"Céu Claro";"Simples";"Reta";"Não";2;0;0;1;1;0;1;2;-7,931927;-36,11956;"SPRF-PE";"DEL02-PE";"UOP01-DEL02-PE"
213211;2019-06-02;"domingo";"18:25:00";"SE";101;51;"CARMOPOLIS";"Não guardar distância de segurança";"Colisão lateral";"Com Vítimas Feridas";"Plena Noite";"Crescente";"Céu Claro";"Dupla";"Reta";"Não";3;0;1;2;0;0;3;2;-10,61153091;-36,97737715;"SPRF-SE";"DEL02-SE";"UOP02-DEL02-SE"
213212;2019-06-02;"domingo";"18:50:00";"PR";116;126;"FAZENDA RIO GRANDE";"Falta de Atenção à Condução";"Colisão traseira";"Sem Vítimas";"Plena Noite";"Decrescente";"Nublado";"Dupla";"Reta";"Sim";3;0;0;0;3;0;0;3;-25,60389895;-49,31824423;"SPRF-PR";"DEL01-PR";"UOP03-DEL01-PR"
213214;2019-06-02;"domingo";"18:20:00";"MS";163;485,4;"CAMPO GRANDE";"Ingestão de Álcool";"Colisão traseira";"Com Vítimas Feridas";"Plena Noite";"Crescente";"Nublado";"Simples";"Interseção de Vias";"Sim";5;0;0;1;4;0;1;2;-20,44233707;-54,54201834;"SPRF-MS";"DEL01-MS";"UOP02-DEL01-MS"
213215;2019-06-02;"domingo";"18:40:00";"RJ";116;78,6;"TERESOPOLIS";"Falta de Atenção à Condução";"Atropelamento de Pedestre";"Com Vítimas Feridas";"Plena Noite";"Crescente";"Nublado";"Simples";"Reta";"Não";2;0;0;1;1;0;1;2;-22,37408687;-42,95260496;"SPRF-RJ";"DEL04-RJ";"UOP01-DEL04-RJ"
213216;2019-06-02;"domingo";"18:20:00";"SP";381;32;"ATIBAIA";"Desobediência às normas de trânsito pelo condutor";"Colisão frontal";"Com Vítimas Feridas";"Plena Noite";"Decrescente";"Chuva";"Dupla";"Retorno Regulamentado";"Sim";5;0;2;0;2;1;2;2;-23,06461405;-46,57048121;"SPRF-SP";"DEL03-SP";"UOP02-DEL03-SP"
213217;2019-06-02;"domingo";"19:15:00";"PR";376;174,8;"MARINGA";"Falta de Atenção à Condução";"Colisão lateral";"Com Vítimas Feridas";"Amanhecer";"Crescente";"Nublado";"Dupla";"Reta";"Sim";3;0;0;1;2;0;1;3;-23,41430102;-51,94984299;"SPRF-PR";"DEL07-PR";"UOP01-DEL09-PR"
213218;2019-06-02;"domingo";"17:50:00";"BA";101;520;"BUERAREMA";"Ultrapassagem Indevida";"Colisão lateral";"Com Vítimas Feridas";"Plena Noite";"Decrescente";"Céu Claro";"Simples";"Reta";"Não";4;0;0;2;2;0;2;3;-14,91242425;-39,28977318;"SPRF-BA";"DEL05-BA";"UOP01-DEL05-BA"
213220;2019-06-02;"domingo";"19:30:00";"PR";369;208,5;"APUCARANA";"Falta de Atenção à Condução";"Saída de leito carroçável";"Com Vítimas Feridas";"Plena Noite";"Crescente";"Chuva";"Simples";"Reta";"Sim";1;0;1;0;0;0;1;1;-23,56394332;-51,49452634;"SPRF-PR";"DEL07-PR";"UOP03-DEL07-PR"
213221;2019-06-02;"domingo";"18:00:00";"PB";101;52,3;"SANTA RITA";"Falta de Atenção do Pedestre";"Atropelamento de Pedestre";"Com Vítimas Fatais";"Plena Noite";"Crescente";"Céu Claro";"Dupla";"Declive;Reta";"Não";3;1;0;0;2;0;0;3;-6,94198461;-35,09725305;"SPRF-PB";"DEL01-PB";"UOP04-DEL01-PB"
213223;2019-06-02;"domingo";"18:40:00";"MG";40;553;"NOVA LIMA";"Não guardar distância de segurança";"Colisão lateral";"Com Vítimas Feridas";"Plena Noite";"Decrescente";"Céu Claro";"Dupla";"Reta";"Sim";3;0;1;0;2;0;1;3;-20,06863326;-43,98194759;"SPRF-MG";"DEL01-MG";"UOP02-DEL01-MG"
213224;2019-06-02;"domingo";"14:30:00";"SC";282;48,7;"AGUAS MORNAS";"Desobediência às normas de trânsito pelo condutor";"Colisão lateral";"Com Vítimas Fatais";"Pleno dia";"Decrescente";"Garoa/Chuvisco";"Simples";"Declive;Curva";"Não";7;1;4;1;1;0;5;3;-27,714352;-48,938072;"SPRF-SC";"DEL01-SC";"UOP03-DEL01-SC"
213225;2019-06-02;"domingo";"18:00:00";"RO";364;330;"PRESIDENTE MEDICI";"Objeto estático sobre o leito carroçável";"Saída de leito carroçável";"Com Vítimas Feridas";"Anoitecer";"Crescente";"Nublado";"Simples";"Reta";"Não";3;0;3;0;0;0;3;1;-10,984673;-61,9171;"SPRF-RO";"DEL02-RO";"UOP01-DEL02-RO"
213226;2019-06-02;"domingo";"19:40:00";"RN";406;108,1;"JOAO CAMARA";"Ingestão de Álcool";"Colisão traseira";"Com Vítimas Feridas";"Plena Noite";"Decrescente";"Céu Claro";"Simples";"Reta";"Não";3;0;2;0;1;0;2;2;-5,55142129;-35,77105278;"SPRF-RN";"DEL02-RN";"UOP01-DEL02-RN"
213228;2019-06-02;"domingo";"19:35:00";"PI";343;7,5;"PARNAIBA";"Desobediência às normas de trânsito pelo condutor";"Colisão transversal";"Com Vítimas Feridas";"Plena Noite";"Crescente";"Céu Claro";"Simples";"Interseção de Vias";"Sim";3;0;0;2;1;0;2;2;-2,8988001;-41,71996247;"SPRF-PI";"DEL05-PI";"UOP01-DEL05-PI"
213229;2019-06-02;"domingo";"19:00:00";"MG";267;129;"JUIZ DE FORA";"Defeito Mecânico no Veículo";"Capotamento";"Com Vítimas Feridas";"Plena Noite";"Decrescente";"Céu Claro";"Simples";"Reta";"Não";2;0;0;1;1;0;1;1;-21,74441526;-43,56555478;"SPRF-MG";"DEL05-MG";"UOP01-DEL05-MG"
213231;2019-06-02;"domingo";"19:20:00";"BA";116;25;"VITORIA DA CONQUISTA";"Falta de Atenção à Condução";"Colisão traseira";"Com Vítimas Feridas";"Plena Noite";"Crescente";"Céu Claro";"Simples";"Curva";"Não";3;0;1;0;2;0;1;2;-14,85885488;-40,79841614;"SPRF-BA";"DEL08-BA";"UOP01-DEL08-BA"
213233;2019-06-02;"domingo";"17:40:00";"RS";158;334;"SANTA MARIA";"Falta de Atenção à Condução";"Colisão transversal";"Com Vítimas Feridas";"Anoitecer";"Decrescente";"Nublado";"Simples";"Reta";"Sim";3;0;2;0;1;0;2;2;-29,70751182;-53,87442198;"SPRF-RS";"DEL09-RS";"UOP01-DEL09-RS"
213234;2019-06-02;"domingo";"12:05:00";"SC";470;318;"CAMPOS NOVOS";"Desobediência às normas de trânsito pelo condutor";"Saída de leito carroçável";"Com Vítimas Feridas";"Pleno dia";"Crescente";"Céu Claro";"Simples";"Reta";"Não";4;0;3;0;1;0;3;2;-27,408455;-51,214985;"SPRF-SC";"DEL07-SC";"UOP06-DEL07-SC"
213235;2019-06-02;"domingo";"20:10:00";"SP";116;216,9;"GUARULHOS";"Falta de Atenção à Condução";"Saída de leito carroçável";"Com Vítimas Feridas";"Plena Noite";"Crescente";"Chuva";"Múltipla";"Reta";"Sim";3;0;2;0;1;0;2;1;-23,45503124;-46,47420079;"SPRF-SP";"DEL01-SP";"UOP01-DEL01-SP"
213237;2019-06-02;"domingo";"18:30:00";"RS";392;240,5;"CACAPAVA DO SUL";"Ingestão de Álcool";"Colisão transversal";"Com Vítimas Feridas";"Plena Noite";"Decrescente";"Nublado";"Simples";"Reta";"Não";2;0;0;1;1;0;1;2;-30,61155836;-53,36236416;"SPRF-RS";"DEL09-RS";"UOP02-DEL09-RS"
213238;2019-06-02;"domingo";"19:45:00";"SP";116;223,6;"GUARULHOS";"Pista Escorregadia";"Tombamento";"Com Vítimas Feridas";"Pleno dia";"Decrescente";"Garoa/Chuvisco";"Múltipla";"Curva";"Sim";1;0;1;0;0;0;1;1;-23,47559815;-46,5246609;"SPRF-SP";"DEL01-SP";"UOP01-DEL01-SP"
213239;2019-06-02;"domingo";"19:45:00";"PA";230;122;"MARABA";"Ingestão de Álcool";"Colisão lateral";"Sem Vítimas";"Plena Noite";"Crescente";"Céu Claro";"Dupla";"Reta";"Sim";2;0;0;0;2;0;0;2;-5,35038318;-49,11434;"SPRF-PA";"DEL03-PA";"UOP01-DEL03-PA"
213240;2019-06-02;"domingo";"20:40:00";"RN";110;46,3;"MOSSORO";"Desobediência às normas de trânsito pelo condutor";"Colisão transversal";"Com Vítimas Feridas";"Plena Noite";"Decrescente";"Céu Claro";"Simples";"Interseção de Vias";"Sim";3;0;1;0;0;2;1;2;-5,200025;-37,32111;"SPRF-RN";"DEL04-RN";"UOP01-DEL04-RN"
213241;2019-05-31;"sexta-feira";"22:35:00";"PI";316;303;"PICOS";"Desobediência às normas de trânsito pelo condutor";"Colisão traseira";"Com Vítimas Feridas";"Plena Noite";"Crescente";"Céu Claro";"Simples";"Reta";"Sim";2;0;1;0;1;0;1;2;-7,04680504;-41,53999329;"SPRF-PI";"DEL04-PI";"UOP01-DEL04-PI"
213242;2019-06-02;"domingo";"17:30:00";"SP";116;362,6;"MIRACATU";"Pista Escorregadia";"Colisão com objeto estático";"Com Vítimas Feridas";"Anoitecer";"Crescente";"Garoa/Chuvisco";"Dupla";"Curva";"Não";2;0;1;0;1;0;1;1;-24,1220177;-47,27047772;"SPRF-SP";"DEL04-SP";"UOP03-DEL04-SP"
213243;2019-06-02;"domingo";"19:20:00";"MA";10;262,5;"IMPERATRIZ";"Desobediência às normas de trânsito pelo condutor";"Colisão frontal";"Com Vítimas Fatais";"Plena Noite";"Crescente";"Céu Claro";"Simples";"Reta";"Sim";3;1;0;1;1;0;1;2;-5,445326;-47,472542;"SPRF-MA";"DEL04-MA";"UOP01-DEL04-MA"
213244;2019-06-02;"domingo";"19:00:00";"PR";272;548;"TERRA ROXA";"Falta de Atenção à Condução";"Colisão lateral";"Com Vítimas Feridas";"Plena Noite";"Crescente";"Chuva";"Dupla";"Reta";"Não";6;0;4;0;2;0;4;2;-24,06976446;-54,04206999;"SPRF-PR";"DEL06-PR";"UAP01-DEL06-PR"
213245;2019-06-02;"domingo";"20:20:00";"SC";280;55,1;"GUARAMIRIM";"Animais na Pista";"Tombamento";"Com Vítimas Feridas";"Plena Noite";"Decrescente";"Chuva";"Simples";"Reta";"Sim";1;0;0;1;0;0;1;1;-26,47635452;-48,994807;"SPRF-SC";"DEL03-SC";"UOP03-DEL03-SC"
213246;2019-06-02;"domingo";"20:00:00";"RO";364;682;"CANDEIAS DO JAMARI";"Falta de Atenção à Condução";"Colisão frontal";"Com Vítimas Feridas";"Plena Noite";"Decrescente";"Céu Claro";"Simples";"Reta";"Não";3;0;1;0;1;1;1;3;-8,78762369;-63,60621003;"SPRF-RO";"DEL01-RO";"UOP01-DEL01-RO"
213247;2019-06-02;"domingo";"20:25:00";"RS";116;240;"SAO LEOPOLDO";"Falta de Atenção à Condução";"Tombamento";"Sem Vítimas";"Plena Noite";"Decrescente";"Céu Claro";"Dupla";"Reta";"Sim";2;0;0;0;2;0;0;1;-29,70496497;-51,14676523;"SPRF-RS";"DEL01-RS";"UOP02-DEL01-RS"
213248;2019-06-02;"domingo";"19:45:00";"RS";386;157;"ALMIRANTE TAMANDARE DO SUL";"Desobediência às normas de trânsito pelo condutor";"Colisão transversal";"Sem Vítimas";"Plena Noite";"Crescente";"Nublado";"Simples";"Reta";"Não";6;0;0;0;5;1;0;2;-28,133848;-52,848679;"SPRF-RS";"DEL08-RS";"UOP01-DEL08-RS"
213249;2019-06-02;"domingo";"16:20:00";"RO";364;424;"JARU";"Falta de Atenção à Condução";"Colisão traseira";"Sem Vítimas";"Pleno dia";"Decrescente";"Céu Claro";"Dupla";"Declive";"Sim";2;0;0;0;2;0;0;2;-10,44457274;-62,46568412;"SPRF-RO";"DEL03-RO";"UOP02-DEL03-RO"
213251;2019-06-02;"domingo";"20:15:00";"MT";163;772;"SORRISO";"Velocidade Incompatível";"Saída de leito carroçável";"Sem Vítimas";"Plena Noite";"Decrescente";"Ignorado";"Simples";"Reta";"Não";1;0;0;0;0;1;0;1;-12,50571608;-55,69157584;"SPRF-MT";"DEL06-MT";"UOP01-DEL06-MT"
213254;2019-06-02;"domingo";"20:50:00";"MG";40;545;"NOVA LIMA";"Falta de Atenção à Condução";"Queda de ocupante de veículo";"Com Vítimas Fatais";"Plena Noite";"Decrescente";"Céu Claro";"Dupla";"Reta";"Sim";2;1;0;0;1;0;0;2;-20,00670404;-43,96418668;"SPRF-MG";"DEL01-MG";"UOP02-DEL01-MG"
213255;2019-06-02;"domingo";"20:40:00";"RR";174;506;"BOA VISTA";"Falta de Atenção do Pedestre";"Atropelamento de Pedestre";"Com Vítimas Feridas";"Plena Noite";"Crescente";"Nublado";"Múltipla";"Reta";"Sim";2;0;1;0;1;0;1;2;2,816381;-60,693253;"SPRF-RR";"DEL01-RR";"UOP01-DEL01-RR"
213256;2019-06-02;"domingo";"20:45:00";"MG";50;89,6;"UBERLANDIA";"Falta de Atenção à Condução";"Queda de ocupante de veículo";"Com Vítimas Feridas";"Plena Noite";"Crescente";"Nublado";"Dupla";"Reta";"Não";1;0;1;0;0;0;1;1;-19,03998093;-48,19938578;"SPRF-MG";"DEL15-MG";"UOP01-DEL15-MG"
213257;2019-06-02;"domingo";"21:20:00";"RJ";101;320,7;"NITEROI";"Velocidade Incompatível";"Colisão traseira";"Com Vítimas Feridas";"Plena Noite";"Crescente";"Céu Claro";"Múltipla";"Reta";"Sim";3;0;2;0;1;0;2;2;-22,86171098;-43,10714015;"SPRF-RJ";"DEL02-RJ";"UOP02-DEL02-RJ"
213259;2019-06-02;"domingo";"19:00:00";"SC";101;120;"ITAJAI";"Ingestão de Álcool";"Colisão traseira";"Sem Vítimas";"Plena Noite";"Decrescente";"Nublado";"Dupla";"Reta";"Sim";2;0;0;0;0;2;0;2;-26,912758;-48,711998;"SPRF-SC";"DEL04-SC";"UOP04-DEL04-SC"
213260;2019-06-02;"domingo";"21:50:00";"PR";277;672;"MEDIANEIRA";"Ingestão de Álcool";"Colisão lateral";"Com Vítimas Feridas";"Plena Noite";"Decrescente";"Céu Claro";"Dupla";"Declive";"Sim";2;0;1;0;1;0;1;2;-25,28740438;-54,09701091;"SPRF-PR";"DEL05-PR";"UOP01-DEL05-PR"
213262;2019-06-02;"domingo";"22:20:00";"AL";104;93;"RIO LARGO";"Ingestão de Álcool";"Capotamento";"Com Vítimas Feridas";"Plena Noite";"Decrescente";"Céu Claro";"Dupla";"Reta";"Sim";6;0;5;0;1;0;5;1;-9,52891696;-35,79807693;"SPRF-AL";"DEL01-AL";"UOP01-DEL01-AL"
213263;2019-06-02;"domingo";"22:00:00";"PE";232;30,9;"MORENO";"Velocidade Incompatível";"Saída de leito carroçável";"Sem Vítimas";"Plena Noite";"Decrescente";"Céu Claro";"Dupla";"Curva";"Não";1;0;0;0;0;1;0;1;-8,106039;-35,159151;"SPRF-PE";"DEL01-PE";"UOP02-DEL02PE"
213264;2019-06-02;"domingo";"22:00:00";"BA";324;612;"SIMOES FILHO";"Ingestão de Álcool";"Colisão com objeto estático";"Sem Vítimas";"Plena Noite";"Crescente";"Céu Claro";"Dupla";"Reta";"Sim";2;0;0;0;2;0;0;1;-12,84664721;-38,41741648;"SPRF-BA";"DEL01-BA";"UOP01-DEL01-BA"
213266;2019-06-02;"domingo";"22:40:00";"BA";324;626;"SALVADOR";"Ingestão de Álcool";"Queda de ocupante de veículo";"Com Vítimas Feridas";"Plena Noite";"Crescente";"Céu Claro";"Dupla";"Curva";"Sim";1;0;1;0;0;0;1;1;-12,95020997;-38,47073108;"SPRF-BA";"DEL01-BA";"UOP01-DEL01-BA"
213267;2019-06-02;"domingo";"20:40:00";"MG";262;802;"UBERABA";"Não guardar distância de segurança";"Colisão traseira";"Com Vítimas Feridas";"Plena Noite";"Decrescente";"Céu Claro";"Dupla";"Reta";"Sim";2;0;1;0;0;1;1;2;-19,779234;-47,964844;"SPRF-MG";"DEL13-MG";"UOP01-DEL13-MG"
213272;2019-06-02;"domingo";"23:35:00";"RJ";116;171;"RIO DE JANEIRO";"Falta de Atenção à Condução";"Colisão traseira";"Com Vítimas Feridas";"Plena Noite";"Crescente";"Céu Claro";"Dupla";"Reta";"Sim";3;0;2;0;1;0;2;3;-22,8060415;-43,34289573;"SPRF-RJ";"DEL01-RJ";"UOP02-DEL01-RJ"
213273;2019-06-02;"domingo";"23:40:00";"BA";367;44,9;"PORTO SEGURO";"Ingestão de Álcool";"Colisão frontal";"Com Vítimas Feridas";"Plena Noite";"Decrescente";"Ignorado";"Simples";"Curva";"Não";4;0;0;1;0;3;1;2;-16,37535423;-39,24383187;"SPRF-BA";"DEL09-BA";"UOP01-DEL09-BA"
213274;2019-06-02;"domingo";"22:45:00";"SP";116;62,8;"GUARATINGUETA";"Falta de Atenção do Pedestre";"Atropelamento de Pedestre";"Com Vítimas Feridas";"Plena Noite";"Crescente";"Nublado";"Dupla";"Reta";"Sim";2;0;1;0;0;1;1;2;-22,80538606;-45,17236692;"SPRF-SP";"DEL08-SP";"UOP01-DEL08-SP"
213277;2019-06-02;"domingo";"23:30:00";"DF";20;2,7;"BRASILIA";"Ingestão de Álcool";"Saída de leito carroçável";"Com Vítimas Feridas";"Plena Noite";"Crescente";"Céu Claro";"Dupla";"Reta";"Sim";2;0;2;0;0;0;2;1;-15,682896;-47,840729;"SPRF-DF";"DEL02-DF";"UOP01-DEL02-DF"
213279;2019-06-02;"domingo";"22:50:00";"GO";153;501;"GOIANIA";"Falta de Atenção à Condução";"Queda de ocupante de veículo";"Com Vítimas Feridas";"Plena Noite";"Crescente";"Céu Claro";"Dupla";"Reta";"Sim";1;0;1;0;0;0;1;1;-16,7189;-49,2382;"SPRF-GO";"DEL01-GO";"UOP01-DEL01-GO"
213280;2019-06-02;"domingo";"22:25:00";"SC";470;55,3;"BLUMENAU";"Ingestão de Álcool";"Colisão frontal";"Com Vítimas Fatais";"Plena Noite";"Decrescente";"Céu Claro";"Simples";"Reta";"Sim";4;1;1;1;1;0;2;3;-26,875601;-49,117992;"SPRF-SC";"DEL04-SC";"UOP01-DEL04-SC"
213283;2019-06-02;"domingo";"23:40:00";"PR";476;159;"ARAUCARIA";"Ingestão de Álcool";"Saída de leito carroçável";"Sem Vítimas";"Plena Noite";"Decrescente";"Chuva";"Simples";"Reta";"Não";1;0;0;0;1;0;0;1;-25,617157;-49,43169;"SPRF-PR";"DEL01-PR";"UOP06-DEL01-PR"
213284;2019-06-02;"domingo";"23:25:00";"GO";60;175,4;"ABADIA DE GOIAS";"Ingestão de Álcool";"Colisão com objeto estático";"Com Vítimas Feridas";"Plena Noite";"Crescente";"Céu Claro";"Dupla";"Viaduto";"Sim";1;0;0;1;0;0;1;1;-16,75182464;-49,43122387;"SPRF-GO";"DEL01-GO";"UOP02-DEL01-GO"
213285;2019-06-02;"domingo";"22:00:00";"SP";116;139,3;"SAO JOSE DOS CAMPOS";"Falta de Atenção à Condução";"Colisão com objeto estático";"Sem Vítimas";"Plena Noite";"Decrescente";"Nublado";"Dupla";"Reta";"Sim";1;0;0;0;0;1;0;1;-23,16153216;-45,80400592;"SPRF-SP";"DEL06-SP";"UOP02-DEL02-SP"
213286;2019-06-02;"domingo";"23:46:00";"SC";470;32,2;"GASPAR";"Ingestão de Álcool";"Colisão transversal";"Com Vítimas Feridas";"Plena Noite";"Crescente";"Nublado";"Simples";"Reta;Interseção de Vias";"Não";3;0;2;1;0;0;3;2;-26,901793;-48,931812;"SPRF-SC";"DEL04-SC";"UOP01-DEL04-SC"
213287;2019-06-02;"domingo";"21:00:00";"PI";135;520;"GILBUES";"Falta de Atenção à Condução";"Colisão traseira";"Com Vítimas Fatais";"Plena Noite";"Decrescente";"Céu Claro";"Simples";"Reta";"Não";4;2;0;1;1;0;1;2;-9,87522678;-45,34647447;"SPRF-PI";"DEL03-PI";"UOP02-DEL03-PI"
213288;2019-06-02;"domingo";"23:45:00";"RS";470;160,2;"NOVA PRATA";"Ingestão de Álcool";"Saída de leito carroçável";"Com Vítimas Feridas";"Plena Noite";"Crescente";"Nublado";"Simples";"Reta";"Sim";2;0;1;0;1;0;1;1;-28,81066741;-51,60061401;"SPRF-RS";"DEL06-RS";"UOP02-DEL06-RS"
213289;2019-06-03;"segunda-feira";"01:25:00";"RS";116;265;"CANOAS";"Ingestão de Álcool";"Colisão com objeto estático";"Sem Vítimas";"Plena Noite";"Decrescente";"Céu Claro";"Múltipla";"Reta";"Sim";1;0;0;0;1;0;0;1;-29,92342302;-51,17780944;"SPRF-RS";"DEL01-RS";"UOP01-DEL01-RS"
213290;2019-06-02;"domingo";"19:00:00";"BA";116;485,5;"RAFAEL JAMBEIRO";"Falta de Atenção à Condução";"Queda de ocupante de veículo";"Com Vítimas Feridas";"Plena Noite";"Crescente";"Céu Claro";"Dupla";"Reta";"Sim";2;0;2;0;0;0;2;1;-12,540762;-39,433128;"SPRF-BA";"DEL02-BA";"UOP01-DEL02-BA"
213292;2019-06-03;"segunda-feira";"00:30:00";"PR";376;441;"TIBAGI";"Defeito Mecânico no Veículo";"Capotamento";"Sem Vítimas";"Plena Noite";"Crescente";"Garoa/Chuvisco";"Dupla";"Reta";"Não";1;0;0;0;1;0;0;1;-24,82319738;-50,48149109;"SPRF-PR";"DEL03-PR";"UOP02-DEL03-PR"
213293;2019-06-03;"segunda-feira";"02:30:00";"RJ";116;328;"RESENDE";"Velocidade Incompatível";"Capotamento";"Com Vítimas Feridas";"Plena Noite";"Crescente";"Céu Claro";"Simples";"Curva";"Não";3;0;2;0;1;0;2;1;-22,50480402;-44,596846;"SPRF-RJ";"DEL07-RJ";"DEL5/7-UOP03/RJ"
213295;2019-06-03;"segunda-feira";"04:50:00";"PE";101;52,2;"PAULISTA";"Falta de Atenção do Pedestre";"Atropelamento de Pedestre";"Com Vítimas Fatais";"Amanhecer";"Decrescente";"Nublado";"Dupla";"Reta";"Sim";2;1;0;0;0;1;0;2;-7,9277176;-34,8978391;"SPRF-PE";"DEL01-PE";"UOP02-DEL01-PE"
213296;2019-06-03;"segunda-feira";"03:50:00";"RJ";40;102;"DUQUE DE CAXIAS";"Falta de Atenção à Condução";"Saída de leito carroçável";"Com Vítimas Fatais";"Plena Noite";"Crescente";"Céu Claro";"Simples";"Curva";"Sim";7;1;4;2;0;0;6;1;-22,61089297;-43,28656077;"SPRF-RJ";"DEL01-RJ";"UOP01-DEL01-RJ"
213297;2019-06-03;"segunda-feira";"04:30:00";"RJ";101;422,8;"MANGARATIBA";"Ingestão de Álcool";"Colisão com objeto estático";"Sem Vítimas";"Plena Noite";"Crescente";"Nublado";"Simples";"Curva";"Sim";1;0;0;0;1;0;0;1;-22,91801286;-43,94820686;"SPRF-RJ";"DEL03-RJ";"UOP01-DEL03-RJ"
213298;2019-06-03;"segunda-feira";"05:40:00";"PB";230;72,9;"SOBRADO";"Velocidade Incompatível";"Tombamento";"Com Vítimas Feridas";"Pleno dia";"Crescente";"Sol";"Dupla";"Reta";"Não";1;0;1;0;0;0;1;1;-7,1907;-35,2418;"SPRF-PB";"DEL01-PB";"UOP03-DEL01-PB"
213299;2019-06-03;"segunda-feira";"06:00:00";"PR";116;122;"CURITIBA";"Velocidade Incompatível";"Colisão com objeto estático";"Sem Vítimas";"Amanhecer";"Crescente";"Nublado";"Dupla";"Curva";"Sim";1;0;0;0;1;0;0;1;-25,56857207;-49,31023179;"SPRF-PR";"DEL01-PR";"UOP03-DEL01-PR"
213301;2019-06-03;"segunda-feira";"06:05:00";"GO";40;1,2;"VALPARAISO DE GOIAS";"Falta de Atenção à Condução";"Colisão lateral";"Sem Vítimas";"Pleno dia";"Decrescente";"Céu Claro";"Dupla";"Reta";"Sim";1;0;0;0;1;0;0;1;-16,058245;-47,982825;"SPRF-DF";"DEL01-DF";"UOP01-DEL01-DF"
213304;2019-06-03;"segunda-feira";"06:47:00";"RS";116;152,9;"CAXIAS DO SUL";"Falta de Atenção do Pedestre";"Atropelamento de Pedestre";"Com Vítimas Feridas";"Amanhecer";"Crescente";"Chuva";"Simples";"Reta";"Sim";2;0;0;1;1;0;1;2;-29,1829343;-51,16801501;"SPRF-RS";"DEL05-RS";"UOP01-DEL05-RS"
213305;2019-06-03;"segunda-feira";"06:45:00";"SP";153;61,9;"SAO JOSE DO RIO PRETO";"Não guardar distância de segurança";"Tombamento";"Com Vítimas Feridas";"Pleno dia";"Crescente";"Nublado";"Dupla";"Reta;Aclive";"Sim";3;0;1;0;2;0;1;2;-20,80502876;-49,35574909;"SPRF-SP";"DEL09-SP";"UOP01-DEL09-SP"
213307;2019-06-03;"segunda-feira";"07:15:00";"RN";101;77,7;"NATAL";"Desobediência às normas de trânsito pelo pedestre";"Colisão lateral";"Com Vítimas Feridas";"Pleno dia";"Crescente";"Céu Claro";"Dupla";"Reta";"Sim";3;0;2;0;0;1;2;2;-5,73180495;-35,29112135;"SPRF-RN";"DEL02-RN";"UOP01-DEL02-RN"
213308;2019-06-03;"segunda-feira";"06:30:00";"MG";356;265,6;"MURIAE";"Falta de Atenção à Condução";"Colisão traseira";"Com Vítimas Feridas";"Pleno dia";"Crescente";"Céu Claro";"Simples";"Interseção de Vias";"Sim";2;0;1;0;1;0;1;2;-21,12838898;-42,366803;"SPRF-MG";"DEL07-MG";"UOP02-DEL07-MG"
213310;2019-06-03;"segunda-feira";"07:00:00";"MG";365;162;"PIRAPORA";"Falta de Atenção do Pedestre";"Atropelamento de Pedestre";"Com Vítimas Feridas";"Pleno dia";"Decrescente";"Céu Claro";"Simples";"Curva";"Sim";2;0;1;0;1;0;1;2;-17,366379;-44,93767;"SPRF-MG";"DEL12-MG";"UOP01-DEL12-MG"
213311;2019-06-03;"segunda-feira";"06:50:00";"MG";40;624;"CONSELHEIRO LAFAIETE";"Falta de Atenção à Condução";"Colisão traseira";"Com Vítimas Feridas";"Amanhecer";"Crescente";"Céu Claro";"Simples";"Aclive;Curva";"Não";2;0;1;0;1;0;1;2;-20,61105611;-43,80635422;"SPRF-MG";"DEL05-MG";"UOP02-DEL05-MG"