"id";"data_inversa";"dia_semana";"horario";"uf";"br";"km";"municipio";"causa_acidente";"tipo_acidente";"classificacao_acidente";"fase_dia";"sentido_via";"condicao_metereologica";"tipo_pista";"tracado_via";"uso_solo";"pessoas";"mortos";"feridos_leves";"feridos_graves";"ilesos";"ignorados";"feridos";"veiculos";"latitude";"longitude";"regional";"delegacia";"uop"
213312;2019-06-03;"segunda-feira";"06:20:00";"GO";452;196,5;"ITUMBIARA";"Desobediência às normas de trânsito pelo condutor";"Colisão lateral";"Com Vítimas Feridas";"Pleno dia";"Decrescente";"Céu Claro";"Simples";"Curva";"Sim";2;0;1;0;1;0;1;2;-18,3606586;-49,22490312;"SPRF-GO";"DEL03-GO";"UOP02-DEL03-GO"
213313;2019-06-03;"segunda-feira";"06:55:00";"MG";365;700,4;"MONTE ALEGRE DE MINAS";"Defeito Mecânico no Veículo";"Capotamento";"Com Vítimas Feridas";"Pleno dia";"Crescente";"Céu Claro";"Dupla";"Reta";"Não";2;0;2;0;0;0;2;1;-18,88013775;-48,99816201;"SPRF-MG";"DEL15-MG";"UOP03-DEL15-MG"
213314;2019-06-03;"segunda-feira";"07:20:00";"RN";101;105,9;"PARNAMIRIM";"Não guardar distância de segurança";"Colisão traseira";"Com Vítimas Feridas";"Pleno dia";"Decrescente";"Sol";"Dupla";"Reta";"Sim";5;0;2;0;3;0;2;4;-5,90165196;-35,25928517;"SPRF-RN";"DEL01-RN";"UOP01-DEL01-RN"
213315;2019-06-03;"segunda-feira";"07:00:00";"SC";470;128,2;"LONTRAS";"Desobediência às normas de trânsito pelo condutor";"Colisão lateral";"Com Vítimas Feridas";"Amanhecer";"Decrescente";"Céu Claro";"Simples";"Reta";"Não";2;0;1;0;1;0;1;2;-27,143742;-49,548897;"SPRF-SC";"DEL04-SC";"UOP02-DEL04-SC"
213316;2019-06-03;"segunda-feira";"06:50:00";"PB";230;25;"JOAO PESSOA";"Não guardar distância de segurança";"Colisão traseira";"Com Vítimas Feridas";"Pleno dia";"Decrescente";"Nublado";"Dupla";"Aclive;Reta";"Sim";3;0;1;0;2;0;1;2;-7,1707;-34,8684;"SPRF-PB";"DEL01-PB";"UOP01-DEL01-PB"
213317;2019-06-03;"segunda-feira";"07:40:00";"SC";101;23;"JOINVILLE";"Velocidade Incompatível";"Colisão com objeto estático";"Com Vítimas Feridas";"Pleno dia";"Decrescente";"Chuva";"Dupla";"Reta";"Não";1;0;1;0;0;0;1;1;-26,16582501;-48,90742427;"SPRF-SC";"DEL03-SC";"UOP01-DEL03-SC"
213319;2019-06-03;"segunda-feira";"06:50:00";"SC";282;591,9;"SAUDADES";"Falta de Atenção à Condução";"Tombamento";"Com Vítimas Feridas";"Amanhecer";"Decrescente";"Garoa/Chuvisco";"Simples";"Rotatória";"Não";1;0;1;0;0;0;1;1;-26,826925;-53,082031;"SPRF-SC";"DEL07-SC";"UOP02-DEL07-SC"
213322;2019-06-03;"segunda-feira";"08:00:00";"GO";457;2;"CRISTALINA";"Desobediência às normas de trânsito pelo condutor";"Colisão lateral";"Com Vítimas Feridas";"Pleno dia";"Crescente";"Céu Claro";"Simples";"Reta";"Sim";4;0;2;0;2;0;2;2;-16,767005;-47,616648;"SPRF-DF";"DEL01-DF";"UOP02-DEL01-DF"
213323;2019-06-03;"segunda-feira";"03:00:00";"MG";267;269,1;"AIURUOCA";"Condutor Dormindo";"Saída de leito carroçável";"Com Vítimas Fatais";"Plena Noite";"Decrescente";"Céu Claro";"Simples";"Curva";"Não";2;1;0;1;0;0;1;1;-21,9289758;-44,62739711;"SPRF-MG";"DEL05-MG";"UOP01-DEL17-MG"
213327;2019-06-03;"segunda-feira";"06:40:00";"RS";472;608;"URUGUAIANA";"Defeito na Via";"Saída de leito carroçável";"Com Vítimas Feridas";"Pleno dia";"Decrescente";"Céu Claro";"Simples";"Reta";"Não";2;0;2;0;0;0;2;1;-29,94875085;-57,18193924;"SPRF-RS";"DEL13-RS";"UOP01-DEL13-RS"
213328;2019-06-03;"segunda-feira";"07:00:00";"MG";116;277;"TEOFILO OTONI";"Falta de Atenção à Condução";"Queda de ocupante de veículo";"Com Vítimas Feridas";"Amanhecer";"Decrescente";"Céu Claro";"Múltipla";"Interseção de Vias";"Sim";2;0;2;0;0;0;2;1;-17,859945;-41,515144;"SPRF-MG";"DEL11-MG";"UOP01-DEL11-MG"
213329;2019-06-03;"segunda-feira";"08:40:00";"RS";290;91,5;"PORTO ALEGRE";"Falta de Atenção à Condução";"Colisão traseira";"Com Vítimas Feridas";"Pleno dia";"Decrescente";"Garoa/Chuvisco";"Dupla";"Reta";"Não";5;0;3;0;2;0;3;2;-29,969055;-51,167439;"SPRF-RS";"DEL01-RS";"UOP01-DEL01-RS"
213330;2019-06-03;"segunda-feira";"06:50:00";"SC";101;133;"BALNEARIO CAMBORIU";"Falta de Atenção à Condução";"Colisão transversal";"Com Vítimas Feridas";"Pleno dia";"Crescente";"Céu Claro";"Simples";"Interseção de Vias";"Sim";2;0;1;0;1;0;1;2;-26,99936;-48,64609;"SPRF-SC";"DEL04-SC";"UOP03-DEL04-SC"
213331;2019-06-03;"segunda-feira";"06:30:00";"MG";262;446,9;"NOVA SERRANA";"Falta de Atenção à Condução";"Colisão transversal";"Com Vítimas Feridas";"Pleno dia";"Crescente";"Céu Claro";"Simples";"Reta";"Sim";6;0;2;0;4;0;2;3;-19,87514825;-44,95031205;"SPRF-MG";"DEL08-MG";"UOP03-DEL08-MG"
213332;2019-06-03;"segunda-feira";"09:00:00";"SE";101;34;"CAPELA";"Falta de Atenção à Condução";"Colisão transversal";"Com Vítimas Feridas";"Pleno dia";"Crescente";"Céu Claro";"Simples";"Interseção de Vias;Reta;Em Obras";"Sim";3;0;2;0;1;0;2;2;-10,47630604;-36,95093032;"SPRF-SE";"DEL02-SE";"UOP02-DEL02-SE"
213334;2019-06-03;"segunda-feira";"06:20:00";"GO";60;423,6;"RIO VERDE";"Velocidade Incompatível";"Saída de leito carroçável";"Sem Vítimas";"Amanhecer";"Decrescente";"Céu Claro";"Dupla";"Reta";"Não";1;0;0;0;0;1;0;1;-17,814;-51,2659;"SPRF-GO";"DEL04-GO";"UOP01-DEL04-GO"
213337;2019-06-03;"segunda-feira";"08:05:00";"SP";116;146,1;"SAO JOSE DOS CAMPOS";"Falta de Atenção à Condução";"Colisão traseira";"Sem Vítimas";"Pleno dia";"Crescente";"Chuva";"Dupla";"Declive";"Sim";2;0;0;0;2;0;0;2;-23,19122919;-45,86327591;"SPRF-SP";"DEL02-SP";"UOP01-DEL02-SP"
213338;2019-06-03;"segunda-feira";"09:20:00";"SC";101;113,8;"ITAJAI";"Falta de Atenção à Condução";"Colisão traseira";"Com Vítimas Feridas";"Pleno dia";"Crescente";"Nublado";"Dupla";"Reta";"Não";2;0;0;1;1;0;1;2;-26,85962009;-48,72781456;"SPRF-SC";"DEL04-SC";"UOP04-DEL04-SC"
213339;2019-06-03;"segunda-feira";"09:35:00";"BA";324;613;"SIMOES FILHO";"Falta de Atenção à Condução";"Engavetamento";"Com Vítimas Feridas";"Pleno dia";"Crescente";"Céu Claro";"Dupla";"Reta";"Sim";4;0;2;0;1;1;2;3;-12,85531601;-38,42055197;"SPRF-BA";"DEL01-BA";"UOP01-DEL01-BA"
213342;2019-06-03;"segunda-feira";"08:20:00";"MG";40;523;"CONTAGEM";"Avarias e/ou desgaste excessivo no pneu";"Capotamento";"Com Vítimas Feridas";"Pleno dia";"Crescente";"Céu Claro";"Dupla";"Reta";"Não";2;0;2;0;0;0;2;1;-19,86874894;-44,05962197;"SPRF-MG";"DEL01-MG";"UOP02-DEL01-MG"
213343;2019-06-03;"segunda-feira";"09:20:00";"PI";343;325,5;"TERESINA";"Defeito Mecânico no Veículo";"Saída de leito carroçável";"Com Vítimas Feridas";"Pleno dia";"Decrescente";"Céu Claro";"Simples";"Reta";"Não";2;0;0;1;0;1;1;2;-5,065521;-42,609653;"SPRF-PI";"DEL01-PI";"UOP01-DEL01-PI"
213345;2019-06-03;"segunda-feira";"09:50:00";"PR";153;45;"SANTO ANTONIO DA PLATINA";"Falta de Atenção à Condução";"Colisão transversal";"Com Vítimas Feridas";"Pleno dia";"Crescente";"Céu Claro";"Simples";"Declive";"Não";2;0;1;0;1;0;1;2;-23,31948992;-50,06836564;"SPRF-PR";"DEL07-PR";"UOP04-DEL07-PR"
213346;2019-06-03;"segunda-feira";"08:50:00";"PE";316;330,5;"FLORESTA";"Ingestão de Álcool";"Colisão frontal";"Com Vítimas Feridas";"Pleno dia";"Decrescente";"Céu Claro";"Simples";"Reta";"Não";3;0;2;1;0;0;3;2;-8,74635417;-38,40938209;"SPRF-PE";"DEL04-PE";"UOP03-DEL04-PE"
213348;2019-06-03;"segunda-feira";"08:00:00";"PR";476;129;"CURITIBA";"Falta de Atenção à Condução";"Saída de leito carroçável";"Com Vítimas Feridas";"Pleno dia";"Crescente";"Chuva";"Dupla";"Curva";"Sim";1;0;1;0;0;0;1;1;-25,440983;-49,233715;"SPRF-PR";"DEL01-PR";"UOP07-DEL01-PR"
213349;2019-06-03;"segunda-feira";"09:50:00";"BA";116;16;"VITORIA DA CONQUISTA";"Desobediência às normas de trânsito pelo condutor";"Colisão transversal";"Com Vítimas Feridas";"Pleno dia";"Decrescente";"Céu Claro";"Simples";"Reta";"Sim";5;0;3;0;2;0;3;2;-14,851;-40,8485;"SPRF-BA";"DEL08-BA";"UOP01-DEL08-BA"
213351;2019-06-03;"segunda-feira";"10:30:00";"GO";70;1,1;"AGUAS LINDAS DE GOIAS";"Deficiência ou não Acionamento do Sistema de Iluminação/Sinalização do Veículo";"Colisão traseira";"Com Vítimas Feridas";"Pleno dia";"Decrescente";"Céu Claro";"Dupla";"Reta;Declive";"Não";2;0;1;0;1;0;1;2;-15,77579351;-48,23259001;"SPRF-DF";"DEL01-DF";"UOP02-DEL03-DF"
213352;2019-06-03;"segunda-feira";"10:30:00";"RJ";101;313;"SAO GONCALO";"Falta de Atenção à Condução";"Colisão transversal";"Com Vítimas Feridas";"Pleno dia";"Crescente";"Céu Claro";"Dupla";"Reta";"Não";2;0;2;0;0;0;2;2;-22,81049093;-43,06983304;"SPRF-RJ";"DEL02-RJ";"DEL5/2-UOP04/RJ"
213353;2019-06-03;"segunda-feira";"08:11:00";"MG";40;519;"RIBEIRAO DAS NEVES";"Falta de Atenção à Condução";"Colisão traseira";"Com Vítimas Feridas";"Plena Noite";"Crescente";"Céu Claro";"Dupla";"Reta";"Sim";4;0;1;1;2;0;2;3;-19,83957589;-44,07684485;"SPRF-MG";"DEL01-MG";"UOP02-DEL01-MG"
213354;2019-06-03;"segunda-feira";"10:50:00";"MG";146;596,5;"POCOS DE CALDAS";"Velocidade Incompatível";"Colisão com objeto estático";"Com Vítimas Feridas";"Pleno dia";"Crescente";"Chuva";"Simples";"Curva;Declive";"Não";3;0;1;0;2;0;1;2;-21,75017276;-46,40590668;"SPRF-MG";"DEL16-MG";"UOP01-DEL09-MG"
213355;2019-06-03;"segunda-feira";"11:10:00";"RJ";101;190,6;"RIO DAS OSTRAS";"Não guardar distância de segurança";"Colisão traseira";"Com Vítimas Feridas";"Pleno dia";"Crescente";"Sol";"Dupla";"Reta";"Não";3;0;2;0;1;0;2;2;-22,46340846;-42,0658817;"SPRF-RJ";"DEL02-RJ";"UOP04-DEL08-RJ"
213356;2019-06-03;"segunda-feira";"10:45:00";"MG";381;705;"LAVRAS";"Condutor Dormindo";"Tombamento";"Com Vítimas Feridas";"Pleno dia";"Decrescente";"Nublado";"Dupla";"Reta";"Não";1;0;1;0;0;0;1;1;-21,34965018;-45,17946289;"SPRF-MG";"DEL04-MG";"UOP02-DEL04-MG"
213358;2019-06-03;"segunda-feira";"10:45:00";"PR";376;4,3;"MANDAGUARI";"Desobediência às normas de trânsito pelo condutor";"Colisão traseira";"Com Vítimas Feridas";"Pleno dia";"Crescente";"Sol";"Simples";"Curva";"Sim";2;0;1;0;1;0;1;2;-23,51785662;-51,68142557;"SPRF-PR";"DEL07-PR";"UOP01-DEL09-PR"
213359;2019-06-03;"segunda-feira";"08:50:00";"SP";116;550;"BARRA DO TURVO";"Falta de Atenção à Condução";"Colisão com objeto estático";"Com Vítimas Feridas";"Pleno dia";"Crescente";"Garoa/Chuvisco";"Dupla";"Curva";"Não";2;0;1;0;1;0;1;1;-24,95749618;-48,46440871;"SPRF-SP";"DEL05-SP";"UOP02-DEL05-SP"
213360;2019-06-03;"segunda-feira";"11:35:00";"ES";262;3,5;"CARIACICA";"Falta de Atenção à Condução";"Colisão lateral";"Com Vítimas Feridas";"Pleno dia";"Crescente";"Céu Claro";"Dupla";"Rotatória";"Sim";1;0;1;0;0;0;1;1;-20,33374432;-40,36910933;"SPRF-ES";"DEL01-ES";"UOP01-DEL01-ES"
213361;2019-06-03;"segunda-feira";"11:00:00";"ES";101;281,7;"SERRA";"Defeito Mecânico no Veículo";"Queda de ocupante de veículo";"Com Vítimas Feridas";"Pleno dia";"Decrescente";"Sol";"Dupla";"Reta";"Sim";2;0;1;1;0;0;2;1;-20,22112792;-40,35720552;"SPRF-ES";"DEL02-ES";"UOP01-DEL02-ES"
213362;2019-06-03;"segunda-feira";"11:42:00";"RS";386;342,7;"LAJEADO";"Desobediência às normas de trânsito pelo condutor";"Colisão frontal";"Com Vítimas Feridas";"Pleno dia";"Decrescente";"Nublado";"Simples";"Reta";"Não";2;0;1;0;1;0;1;2;-29,431631;-52,011932;"SPRF-RS";"DEL04-RS";"UOP01-DEL04-RS"
213364;2019-06-03;"segunda-feira";"11:00:00";"MG";354;703,3;"CAXAMBU";"Falta de Atenção à Condução";"Atropelamento de Pedestre";"Com Vítimas Feridas";"Pleno dia";"Decrescente";"Nublado";"Simples";"Reta";"Não";2;0;1;1;0;0;2;2;-21,98404081;-44,92444142;"SPRF-MG";"DEL05-MG";"UOP01-DEL17-MG"
213365;2019-06-03;"segunda-feira";"10:45:00";"RO";364;308;"PRESIDENTE MEDICI";"Falta de Atenção à Condução";"Colisão transversal";"Com Vítimas Feridas";"Pleno dia";"Decrescente";"Céu Claro";"Simples";"Interseção de Vias";"Não";3;0;0;1;2;0;1;2;-11,172427;-61,901573;"SPRF-RO";"DEL02-RO";"UOP01-DEL02-RO"
213366;2019-06-03;"segunda-feira";"10:45:00";"SE";101;147,7;"ESTANCIA";"Desobediência às normas de trânsito pelo condutor";"Colisão com objeto estático";"Com Vítimas Feridas";"Pleno dia";"Crescente";"Céu Claro";"Dupla";"Reta;Declive";"Não";3;0;2;0;0;1;2;2;-11,2325681;-37,42704302;"SPRF-SE";"DEL02-SE";"UOP01-DEL02-SE"
213367;2019-06-03;"segunda-feira";"11:30:00";"ES";101;1;"SERRA";"Falta de Atenção à Condução";"Tombamento";"Com Vítimas Feridas";"Pleno dia";"Crescente";"Sol";"Dupla";"Reta";"Sim";1;0;1;0;0;0;1;1;-20,24178414;-40,28077126;"SPRF-ES";"DEL04-ES";"UOP02-DEL04-ES"
213368;2019-06-03;"segunda-feira";"11:30:00";"GO";60;342;"SANTO ANTONIO DA BARRA";"Velocidade Incompatível";"Colisão traseira";"Com Vítimas Feridas";"Pleno dia";"Crescente";"Céu Claro";"Dupla";"Reta";"Não";4;0;1;0;3;0;1;4;-17,5584;-50,6227;"SPRF-GO";"DEL04-GO";"UOP01-DEL04-GO"
213369;2019-06-03;"segunda-feira";"09:10:00";"MT";174;4;"PONTES E LACERDA";"Falta de Atenção à Condução";"Colisão lateral";"Com Vítimas Feridas";"Pleno dia";"Decrescente";"Nublado";"Simples";"Reta";"Sim";4;0;2;0;2;0;2;2;-15,22340488;-59,31964874;"SPRF-MT";"DEL04-MT";"UOP01-DEL04-MT"
213370;2019-06-03;"segunda-feira";"10:45:00";"MG";267;36,8;"ARGIRITA";"Objeto estático sobre o leito carroçável";"Colisão traseira";"Com Vítimas Feridas";"Pleno dia";"Decrescente";"Céu Claro";"Simples";"Reta";"Não";4;0;1;0;3;0;1;3;-21,67326745;-42,89454639;"SPRF-MG";"DEL07-MG";"UOP01-DEL07-MG"
213371;2019-03-12;"terça-feira";"18:35:00";"SC";101;215,5;"PALHOCA";"Falta de Atenção à Condução";"Colisão transversal";"Com Vítimas Feridas";"Anoitecer";"Crescente";"Nublado";"Dupla";"Rotatória";"Sim";2;0;1;0;1;0;1;2;-27,65563573;-48,67906272;"SPRF-SC";"DEL01-SC";"UOP02-DEL01-SC"
213373;2019-06-03;"segunda-feira";"12:10:00";"SP";116;219,8;"GUARULHOS";"Não guardar distância de segurança";"Tombamento";"Com Vítimas Feridas";"Pleno dia";"Decrescente";"Chuva";"Múltipla";"Reta";"Sim";1;0;1;0;0;0;1;1;-23,46143954;-46,48885316;"SPRF-SP";"DEL01-SP";"UOP01-DEL01-SP"
213375;2019-06-03;"segunda-feira";"12:30:00";"PR";277;366,3;"GUARAPUAVA";"Falta de Atenção à Condução";"Saída de leito carroçável";"Com Vítimas Feridas";"Pleno dia";"Crescente";"Nublado";"Simples";"Reta";"Não";1;0;0;1;0;0;1;1;-25,42439879;-51,66364968;"SPRF-PR";"DEL03-PR";"UOP01-DEL08-PR"
213376;2019-06-03;"segunda-feira";"05:00:00";"BA";110;77;"JEREMOABO";"Falta de Atenção à Condução";"Colisão transversal";"Com Vítimas Feridas";"Amanhecer";"Decrescente";"Céu Claro";"Simples";"Interseção de Vias";"Não";1;0;1;0;0;0;1;1;-10,10420708;-38,31013947;"SPRF-BA";"DEL07-BA";"UOP01-DEL07-BA"
213377;2019-06-03;"segunda-feira";"12:50:00";"RJ";116;328;"RESENDE";"Velocidade Incompatível";"Colisão com objeto estático";"Com Vítimas Feridas";"Pleno dia";"Crescente";"Chuva";"Dupla";"Curva";"Não";4;0;4;0;0;0;4;1;-22,50480402;-44,596846;"SPRF-RJ";"DEL07-RJ";"DEL5/7-UOP03/RJ"
213378;2019-06-03;"segunda-feira";"11:20:00";"PE";407;128,1;"PETROLINA";"Falta de Atenção à Condução";"Colisão transversal";"Sem Vítimas";"Pleno dia";"Decrescente";"Céu Claro";"Dupla";"Rotatória";"Não";2;0;0;0;2;0;0;2;-9,39387565;-40,51133888;"SPRF-PE";"DEL06-PE";"UOP01-DEL06-PE"
213379;2019-06-03;"segunda-feira";"13:25:00";"RS";285;290;"PASSO FUNDO";"Desobediência às normas de trânsito pelo condutor";"Colisão transversal";"Com Vítimas Feridas";"Pleno dia";"Crescente";"Céu Claro";"Simples";"Rotatória";"Não";3;0;2;0;1;0;2;2;-28,23466852;-52,38485251;"SPRF-RS";"DEL08-RS";"UOP03-DEL08-RS"
213382;2019-06-03;"segunda-feira";"13:10:00";"SE";101;174,5;"UMBAUBA";"Desobediência às normas de trânsito pelo condutor";"Colisão transversal";"Sem Vítimas";"Pleno dia";"Decrescente";"Céu Claro";"Simples";"Interseção de Vias;Rotatória";"Não";6;0;0;0;5;1;0;2;-11,34367006;-37,60336957;"SPRF-SE";"DEL02-SE";"UOP03-DEL02-SE"
213383;2019-06-03;"segunda-feira";"13:30:00";"PI";343;334,9;"TERESINA";"Defeito Mecânico no Veículo";"Colisão frontal";"Com Vítimas Feridas";"Pleno dia";"Decrescente";"Céu Claro";"Simples";"Reta";"Não";2;0;1;0;1;0;1;2;-5,057786;-42,688541;"SPRF-PI";"DEL01-PI";"UOP01-DEL01-PI"
213386;2019-06-03;"segunda-feira";"11:30:00";"MA";316;424,5;"PERITORO";"Velocidade Incompatível";"Tombamento";"Com Vítimas Fatais";"Pleno dia";"Crescente";"Céu Claro";"Simples";"Reta";"Sim";2;1;0;0;0;1;0;2;-4,37054;-44,340851;"SPRF-MA";"DEL03-MA";"UOP01-DEL03-MA"
213388;2019-06-03;"segunda-feira";"12:40:00";"PI";343;588,9;"FLORIANO";"Falta de Atenção à Condução";"Colisão lateral";"Com Vítimas Feridas";"Pleno dia";"Decrescente";"Céu Claro";"Dupla";"Reta";"Não";1;0;0;1;0;0;1;1;-6,780452;-43,002651;"SPRF-PI";"DEL03-PI";"UOP01-DEL03-PI"
213391;2019-06-03;"segunda-feira";"12:10:00";"ES";262;104,3;"VENDA NOVA DO IMIGRANTE";"Falta de Atenção à Condução";"Colisão transversal";"Com Vítimas Feridas";"Pleno dia";"Crescente";"Céu Claro";"Simples";"Interseção de Vias";"Sim";2;0;1;0;1;0;1;2;-20,33302593;-41,12931881;"SPRF-ES";"DEL01-ES";"UOP02-DEL01-ES"
213392;2019-06-03;"segunda-feira";"13:30:00";"SP";116;16,7;"LAVRINHAS";"Velocidade Incompatível";"Colisão com objeto estático";"Com Vítimas Feridas";"Pleno dia";"Crescente";"Chuva";"Simples";"Reta";"Não";1;0;1;0;0;0;1;1;-22,55853751;-44,83348846;"SPRF-SP";"DEL08-SP";"UOP02-DEL08-SP"
213393;2019-01-22;"terça-feira";"20:55:00";"MT";163;94,2;"RONDONOPOLIS";"Falta de Atenção à Condução";"Colisão traseira";"Com Vítimas Feridas";"Plena Noite";"Decrescente";"Ignorado";"Dupla";"Reta";"Não";2;0;1;0;1;0;1;1;-16,70558816;-54,6577549;"SPRF-MT";"DEL02-MT";"DEL2/2-UOP02/MT"
213394;2019-06-03;"segunda-feira";"13:30:00";"SC";101;217,9;"PALHOCA";"Falta de Atenção à Condução";"Colisão transversal";"Com Vítimas Feridas";"Pleno dia";"Decrescente";"Céu Claro";"Dupla";"Reta";"Sim";3;0;3;0;0;0;3;2;-27,66779034;-48,67393586;"SPRF-SC";"DEL01-SC";"UOP02-DEL01-SC"
213395;2019-06-03;"segunda-feira";"13:50:00";"ES";259;58,7;"COLATINA";"Falta de Atenção à Condução";"Colisão transversal";"Com Vítimas Feridas";"Pleno dia";"Crescente";"Céu Claro";"Simples";"Aclive";"Sim";2;0;0;1;1;0;1;2;-19,514467;-40,660786;"SPRF-ES";"DEL02-ES";"UOP01-DEL02-ES"
213396;2019-06-02;"domingo";"05:10:00";"SP";116;209,9;"GUARULHOS";"Velocidade Incompatível";"Colisão traseira";"Com Vítimas Feridas";"Amanhecer";"Crescente";"Chuva";"Múltipla";"Reta";"Sim";2;0;1;0;0;1;1;2;-23,42511799;-46,40221101;"SPRF-SP";"DEL01-SP";"UOP01-DEL01-SP"
213401;2019-06-03;"segunda-feira";"14:00:00";"MG";365;622;"UBERLANDIA";"Animais na Pista";"Queda de ocupante de veículo";"Com Vítimas Feridas";"Pleno dia";"Decrescente";"Sol";"Simples";"Reta";"Sim";1;0;1;0;0;0;1;1;-18,90751667;-48,29937209;"SPRF-MG";"DEL15-MG";"UOP01-DEL15-MG"
213402;2019-06-03;"segunda-feira";"14:05:00";"PA";316;50,8;"SANTA IZABEL DO PARA";"Mal Súbito";"Saída de leito carroçável";"Com Vítimas Feridas";"Pleno dia";"Crescente";"Céu Claro";"Dupla";"Reta";"Não";2;0;1;0;0;1;1;2;-1,304277;-48,04272;"SPRF-PA";"DEL01-PA";"UOP01-DEL01-PA"
213403;2019-06-03;"segunda-feira";"14:05:00";"SC";101;30;"JOINVILLE";"Falta de Atenção à Condução";"Colisão traseira";"Com Vítimas Feridas";"Pleno dia";"Crescente";"Nublado";"Dupla";"Reta";"Não";2;0;1;1;0;0;2;2;-26,22606385;-48,91662598;"SPRF-SC";"DEL03-SC";"UOP01-DEL03-SC"
213405;2019-06-03;"segunda-feira";"15:10:00";"SC";470;56,2;"BLUMENAU";"Falta de Atenção à Condução";"Colisão frontal";"Com Vítimas Feridas";"Pleno dia";"Decrescente";"Céu Claro";"Simples";"Reta";"Sim";2;0;0;1;1;0;1;2;-26,87674;-49,127743;"SPRF-SC";"DEL04-SC";"UOP01-DEL04-SC"
213406;2019-06-03;"segunda-feira";"15:15:00";"SC";470;141;"RIO DO SUL";"Falta de Atenção à Condução";"Colisão traseira";"Com Vítimas Feridas";"Pleno dia";"Decrescente";"Sol";"Dupla";"Reta";"Sim";3;0;2;0;1;0;2;2;-27,188492;-49,61232;"SPRF-SC";"DEL04-SC";"UOP02-DEL04-SC"
213408;2019-06-03;"segunda-feira";"13:42:00";"RR";174;123;"RORAINOPOLIS";"Pista Escorregadia";"Saída de leito carroçável";"Sem Vítimas";"Pleno dia";"Crescente";"Chuva";"Simples";"Reta";"Não";4;0;0;0;2;2;0;2;0,16651;-60,542717;"SPRF-RR";"DEL01-RR";"UOP04/RR"
213410;2019-05-27;"segunda-feira";"06:55:00";"MS";60;603,2;"JARDIM";"Falta de Atenção à Condução";"Colisão transversal";"Com Vítimas Feridas";"Pleno dia";"Decrescente";"Céu Claro";"Simples";"Reta";"Sim";2;0;1;0;1;0;1;2;-21,48542331;-56,15040947;"SPRF-MS";"DEL05-MS";"UOP01-DEL05-MS"
213412;2019-06-03;"segunda-feira";"15:00:00";"MG";381;4,5;"BETIM";"Velocidade Incompatível";"Colisão traseira";"Com Vítimas Feridas";"Pleno dia";"Decrescente";"Sol";"Dupla";"Declive;Reta";"Não";3;0;1;0;2;0;1;2;-19,96825;-44,198708;"SPRF-MG";"DEL01-MG";"UOP03-DEL01-MG"
213413;2019-06-03;"segunda-feira";"13:25:00";"SC";116;205,2;"PONTE ALTA";"Falta de Atenção à Condução";"Saída de leito carroçável";"Com Vítimas Feridas";"Pleno dia";"Crescente";"Céu Claro";"Simples";"Aclive;Curva";"Sim";1;0;1;0;0;0;1;1;-27,46538451;-50,38609564;"SPRF-SC";"DEL05-SC";"UOP03-DEL05-SC"
213417;2019-06-03;"segunda-feira";"14:00:00";"MG";381;729,4;"CARMO DA CACHOEIRA";"Pista Escorregadia";"Capotamento";"Com Vítimas Feridas";"Pleno dia";"Decrescente";"Chuva";"Dupla";"Aclive;Curva";"Não";2;0;1;0;1;0;1;1;-21,50025798;-45,21342898;"SPRF-MG";"DEL04-MG";"UOP02-DEL04-MG"
213419;2019-06-03;"segunda-feira";"16:20:00";"SC";470;61;"BLUMENAU";"Desobediência às normas de trânsito pelo condutor";"Colisão transversal";"Com Vítimas Feridas";"Pleno dia";"Crescente";"Sol";"Simples";"Reta";"Sim";2;0;1;0;1;0;1;2;-26,878952;-49,17421;"SPRF-SC";"DEL04-SC";"UOP01-DEL04-SC"
213421;2019-06-03;"segunda-feira";"16:35:00";"MG";116;414,8;"GOVERNADOR VALADARES";"Não guardar distância de segurança";"Colisão traseira";"Com Vítimas Feridas";"Pleno dia";"Crescente";"Céu Claro";"Simples";"Ponte";"Sim";3;0;1;0;2;0;1;2;-18,88419861;-41,95095062;"SPRF-MG";"DEL06-MG";"UOP01-DEL06-MG"
213423;2019-06-03;"segunda-feira";"16:45:00";"PR";376;3,7;"MANDAGUARI";"Desobediência às normas de trânsito pelo condutor";"Colisão transversal";"Com Vítimas Feridas";"Pleno dia";"Crescente";"Sol";"Simples";"Reta";"Sim";3;0;2;0;1;0;2;2;-23,51721;-51,68602;"SPRF-PR";"DEL07-PR";"UOP01-DEL09-PR"
213425;2019-06-03;"segunda-feira";"16:50:00";"DF";251;35,8;"BRASILIA";"Desobediência às normas de trânsito pelo condutor";"Colisão transversal";"Com Vítimas Feridas";"Pleno dia";"Crescente";"Nublado";"Simples";"Reta";"Não";3;0;2;0;1;0;2;2;-15,940731;-47,770015;"SPRF-DF";"DEL01-DF";"UOP01-DEL01-DF"
213426;2019-05-06;"segunda-feira";"17:10:00";"RN";406;1;"MACAU";"Falta de Atenção à Condução";"Colisão com objeto estático";"Sem Vítimas";"Pleno dia";"Crescente";"Céu Claro";"Simples";"Reta";"Não";2;0;0;0;2;0;0;1;-5,1242197;-36,62337763;"SPRF-RN";"DEL02-RN";"UOP01-DEL02-RN"