"id";"data_inversa";"dia_semana";"horario";"uf";"br";"km";"municipio";"causa_acidente";"tipo_acidente";"classificacao_acidente";"fase_dia";"sentido_via";"condicao_metereologica";"tipo_pista";"tracado_via";"uso_solo";"pessoas";"mortos";"feridos_leves";"feridos_graves";"ilesos";"ignorados";"feridos";"veiculos";"latitude";"longitude";"regional";"delegacia";"uop"
213427;2019-06-03;"segunda-feira";"17:05:00";"RS";470;213;"BENTO GONCALVES";"Falta de Atenção à Condução";"Colisão com objeto em movimento";"Com Vítimas Feridas";"Pleno dia";"Crescente";"Céu Claro";"Dupla";"Reta";"Não";2;0;1;0;1;0;1;2;-29,15020141;-51,53019369;"SPRF-RS";"DEL06-RS";"UOP01-DEL06-RS"
213428;2019-06-03;"segunda-feira";"16:40:00";"MG";381;637;"SANTO ANTONIO DO AMPARO";"Pista Escorregadia";"Saída de leito carroçável";"Com Vítimas Feridas";"Pleno dia";"Decrescente";"Chuva";"Dupla";"Curva;Declive";"Não";1;0;1;0;0;0;1;1;-20,87517155;-44,84433612;"SPRF-MG";"DEL04-MG";"UOP01-DEL04-MG"
213429;2019-06-03;"segunda-feira";"12:30:00";"MG";262;410;"IGARATINGA";"Falta de Atenção à Condução";"Saída de leito carroçável";"Com Vítimas Feridas";"Pleno dia";"Crescente";"Céu Claro";"Dupla";"Reta";"Não";4;0;3;0;1;0;3;1;-19,88686179;-44,63193985;"SPRF-MG";"DEL08-MG";"UOP03-DEL08-MG"
213430;2019-06-03;"segunda-feira";"15:50:00";"DF";20;55;"BRASILIA";"Desobediência às normas de trânsito pelo condutor";"Saída de leito carroçável";"Sem Vítimas";"Pleno dia";"Crescente";"Céu Claro";"Dupla";"Declive;Curva";"Não";1;0;0;0;0;1;0;1;-15,579966;-47,375816;"SPRF-DF";"DEL02-DF";"UOP01-DEL02-DF"
213432;2019-06-03;"segunda-feira";"16:00:00";"CE";402;283,7;"ITAPIPOCA";"Defeito na Via";"Colisão lateral";"Com Vítimas Feridas";"Pleno dia";"Crescente";"Céu Claro";"Simples";"Reta";"Não";3;0;2;0;1;0;2;2;-3,57603063;-39,45700855;"SPRF-CE";"DEL01-CE";"UOP03-DEL01-CE"
213433;2019-05-02;"quinta-feira";"18:30:00";"MG";365;620;"UBERLANDIA";"Falta de Atenção à Condução";"Engavetamento";"Com Vítimas Feridas";"Anoitecer";"Crescente";"Garoa/Chuvisco";"Dupla";"Declive";"Sim";3;0;1;0;2;0;1;3;-18,90349687;-48,28130603;"SPRF-MG";"DEL15-MG";"UOP01-DEL15-MG"
213436;2019-06-03;"segunda-feira";"17:20:00";"SC";470;174;"POUSO REDONDO";"Desobediência às normas de trânsito pelo condutor";"Colisão transversal";"Com Vítimas Feridas";"Anoitecer";"Crescente";"Céu Claro";"Simples";"Reta";"Sim";2;0;1;0;1;0;1;2;-27,258179;-49,929146;"SPRF-SC";"DEL04-SC";"UOP02-DEL04-SC"
213439;2019-06-03;"segunda-feira";"15:40:00";"MT";364;203;"RONDONOPOLIS";"Defeito Mecânico no Veículo";"Colisão transversal";"Com Vítimas Feridas";"Pleno dia";"Crescente";"Nublado";"Dupla";"Reta";"Sim";3;0;3;0;0;0;3;2;-16,47555256;-54,65344724;"SPRF-MT";"DEL02-MT";"UOP01-DEL02-MT"
213440;2019-06-03;"segunda-feira";"18:00:00";"PE";232;7,6;"RECIFE";"Defeito na Via";"Capotamento";"Com Vítimas Feridas";"Plena Noite";"Decrescente";"Céu Claro";"Dupla";"Reta";"Sim";1;0;1;0;0;0;1;1;-8,07333497;-34,96184301;"SPRF-PE";"DEL01-PE";"UOP01-DEL01-PE"
213442;2019-06-03;"segunda-feira";"17:40:00";"PR";376;596;"CURITIBA";"Falta de Atenção do Pedestre";"Atropelamento de Pedestre";"Com Vítimas Feridas";"Plena Noite";"Crescente";"Nublado";"Dupla";"Reta";"Não";2;0;2;0;0;0;2;2;-25,50194708;-49,3415524;"SPRF-PR";"DEL01-PR";"UOP06-DEL01-PR"
213443;2019-06-03;"segunda-feira";"18:35:00";"SC";101;100,8;"BALNEARIO PICARRAS";"Falta de Atenção à Condução";"Colisão transversal";"Com Vítimas Feridas";"Plena Noite";"Crescente";"Chuva";"Simples";"Interseção de Vias";"Sim";2;0;1;1;0;0;2;2;-26,75482787;-48,68993675;"SPRF-SC";"DEL03-SC";"UOP02-DEL03-SC"
213444;2019-06-03;"segunda-feira";"18:20:00";"SC";101;104;"PENHA";"Falta de Atenção à Condução";"Colisão transversal";"Com Vítimas Feridas";"Anoitecer";"Crescente";"Chuva";"Simples";"Interseção de Vias";"Sim";2;0;1;0;1;0;1;2;-26,79281742;-48,68080819;"SPRF-SC";"DEL03-SC";"UOP02-DEL03-SC"
213446;2019-06-03;"segunda-feira";"18:30:00";"RJ";101;71;"CAMPOS DOS GOYTACAZES";"Falta de Atenção à Condução";"Queda de ocupante de veículo";"Com Vítimas Feridas";"Anoitecer";"Decrescente";"Nublado";"Simples";"Reta";"Não";1;0;1;0;0;0;1;1;-21,78577807;-41,38139396;"SPRF-RJ";"DEL08-RJ";"UOP02-DEL08-RJ"
213449;2019-06-03;"segunda-feira";"18:40:00";"RJ";40;54;"PETROPOLIS";"Falta de Atenção à Condução";"Colisão traseira";"Com Vítimas Feridas";"Plena Noite";"Crescente";"Céu Claro";"Dupla";"Reta";"Não";6;0;2;0;4;0;2;2;-22,34627607;-43,12411304;"SPRF-RJ";"DEL06-RJ";"UOP01-DEL06-RJ"
213450;2019-06-03;"segunda-feira";"18:30:00";"RS";468;102;"TRES PASSOS";"Falta de Atenção à Condução";"Atropelamento de Pedestre";"Com Vítimas Feridas";"Anoitecer";"Decrescente";"Céu Claro";"Simples";"Reta";"Sim";2;0;1;1;0;0;2;2;-27,46424742;-53,93279601;"SPRF-RS";"DEL08-RS";"UOP02-DEL08-RS"
213453;2019-06-03;"segunda-feira";"19:00:00";"SC";101;218,5;"PALHOCA";"Defeito Mecânico no Veículo";"Tombamento";"Com Vítimas Feridas";"Plena Noite";"Decrescente";"Garoa/Chuvisco";"Dupla";"Reta";"Sim";3;0;1;0;1;1;1;2;-27,6758601;-48,67052525;"SPRF-SC";"DEL01-SC";"UOP02-DEL01-SC"
213454;2019-06-03;"segunda-feira";"18:40:00";"SC";470;49,3;"BLUMENAU";"Falta de Atenção à Condução";"Saída de leito carroçável";"Com Vítimas Feridas";"Plena Noite";"Crescente";"Nublado";"Simples";"Viaduto";"Sim";1;0;1;0;0;0;1;1;-26,860662;-49,065159;"SPRF-SC";"DEL04-SC";"UOP01-DEL04-SC"
213455;2019-06-03;"segunda-feira";"17:45:00";"SC";101;332;"TUBARAO";"Falta de Atenção à Condução";"Colisão transversal";"Com Vítimas Feridas";"Anoitecer";"Decrescente";"Chuva";"Simples";"Rotatória";"Sim";2;0;1;0;1;0;1;2;-28,46016431;-48,98968873;"SPRF-SC";"DEL02-SC";"UOP01-DEL02-SC"
213457;2019-06-03;"segunda-feira";"18:03:00";"MS";262;565,8;"MIRANDA";"Falta de Atenção do Pedestre";"Atropelamento de Pedestre";"Com Vítimas Fatais";"Plena Noite";"Crescente";"Céu Claro";"Simples";"Reta";"Não";2;1;0;0;1;0;0;2;-20,20268139;-56,43294426;"SPRF-MS";"DEL03-MS";"UOP02-DEL03-MS"
213459;2019-06-03;"segunda-feira";"19:10:00";"PR";277;594,9;"CASCAVEL";"Falta de Atenção à Condução";"Colisão traseira";"Com Vítimas Feridas";"Plena Noite";"Decrescente";"Céu Claro";"Simples";"Interseção de Vias";"Sim";2;0;1;0;1;0;1;2;-24,9794792;-53,49232599;"SPRF-PR";"DEL04-PR";"UOP01-DEL04-PR"
213460;2019-06-02;"domingo";"20:20:00";"MA";10;292;"CIDELANDIA";"Condutor Dormindo";"Capotamento";"Com Vítimas Feridas";"Plena Noite";"Decrescente";"Céu Claro";"Simples";"Curva";"Não";1;0;0;1;0;0;1;1;-5,181159;-47,525482;"SPRF-MA";"DEL04-MA";"UOP01-DEL04-MA"
213462;2019-06-03;"segunda-feira";"19:20:00";"DF";60;6;"BRASILIA";"Pista Escorregadia";"Tombamento";"Com Vítimas Feridas";"Plena Noite";"Crescente";"Chuva";"Dupla";"Reta";"Sim";2;0;1;0;1;0;1;1;-15,897939;-48,113056;"SPRF-DF";"DEL01-DF";"UOP01-DEL03-DF"
213463;2019-06-03;"segunda-feira";"17:00:00";"BA";110;248;"OLINDINA";"Falta de Atenção à Condução";"Colisão lateral";"Com Vítimas Feridas";"Anoitecer";"Crescente";"Céu Claro";"Simples";"Reta";"Não";2;0;1;0;1;0;1;2;-11,45186198;-38,29316307;"SPRF-BA";"DEL01-BA";"UOP04-DEL01-BA"
213464;2019-06-03;"segunda-feira";"17:50:00";"SC";280;58;"GUARAMIRIM";"Falta de Atenção à Condução";"Colisão transversal";"Com Vítimas Feridas";"Anoitecer";"Crescente";"Nublado";"Simples";"Reta";"Sim";2;0;0;1;1;0;1;2;-26,47415593;-49,021211;"SPRF-SC";"DEL03-SC";"UOP03-DEL03-SC"
213465;2019-05-26;"domingo";"16:50:00";"SC";101;327;"CAPIVARI DE BAIXO";"Falta de Atenção à Condução";"Colisão com objeto estático";"Com Vítimas Feridas";"Pleno dia";"Crescente";"Sol";"Dupla";"Ponte";"Sim";1;0;0;1;0;0;1;1;-28,45088316;-48,97293091;"SPRF-SC";"DEL02-SC";"UOP01-DEL02-SC"
213467;2019-06-03;"segunda-feira";"14:32:00";"SC";280;179,5;"MAFRA";"Sinalização da via insuficiente ou inadequada";"Colisão traseira";"Sem Vítimas";"Pleno dia";"Decrescente";"Céu Claro";"Simples";"Rotatória";"Não";2;0;0;0;2;0;0;2;-26,17754686;-49,88063335;"SPRF-SC";"DEL06-SC";"UOP01-DEL06-SC"
213469;2019-06-03;"segunda-feira";"19:50:00";"SP";116;194;"SANTA ISABEL";"Ingestão de Álcool";"Saída de leito carroçável";"Sem Vítimas";"Plena Noite";"Crescente";"Nublado";"Dupla";"Curva;Viaduto";"Não";1;0;0;0;1;0;0;1;-23,38497189;-46,26686105;"SPRF-SP";"DEL02-SP";"UOP01-DEL02-SP"
213473;2019-06-03;"segunda-feira";"18:46:00";"PE";104;28;"TORITAMA";"Falta de Atenção à Condução";"Queda de ocupante de veículo";"Com Vítimas Fatais";"Plena Noite";"Crescente";"Céu Claro";"Simples";"Reta";"Não";3;1;0;0;2;0;0;2;-8,00474124;-36,08334482;"SPRF-PE";"DEL02-PE";"UOP01-DEL02-PE"
213474;2019-06-03;"segunda-feira";"19:10:00";"GO";364;198;"JATAI";"Falta de Atenção à Condução";"Colisão lateral";"Sem Vítimas";"Plena Noite";"Crescente";"Céu Claro";"Dupla";"Reta";"Não";2;0;0;0;2;0;0;2;-17,920603;-51,739265;"SPRF-GO";"DEL05-GO";"UOP01-DEL05-GO"
213475;2019-06-03;"segunda-feira";"18:20:00";"AC";364;131;"RIO BRANCO";"Defeito na Via";"Queda de ocupante de veículo";"Com Vítimas Feridas";"Plena Noite";"Decrescente";"Nublado";"Dupla";"Curva";"Não";1;0;1;0;0;0;1;1;-10,01594689;-67,84093848;"SPRF-AC";"DEL01-AC";"UOP01-DEL01-AC"
213476;2019-06-03;"segunda-feira";"19:55:00";"MG";356;268,8;"MURIAE";"Animais na Pista";"Atropelamento de Animal";"Com Vítimas Feridas";"Plena Noite";"Crescente";"Chuva";"Simples";"Curva";"Sim";2;0;2;0;0;0;2;1;-21,12690881;-42,34244401;"SPRF-MG";"DEL07-MG";"UOP02-DEL07-MG"
213477;2019-06-03;"segunda-feira";"20:30:00";"RN";406;161,5;"CEARA-MIRIM";"Falta de Atenção do Pedestre";"Atropelamento de Pedestre";"Com Vítimas Feridas";"Plena Noite";"Crescente";"Céu Claro";"Simples";"Reta";"Não";2;0;1;0;1;0;1;2;-5,72093004;-35,36655305;"SPRF-RN";"DEL02-RN";"UOP01-DEL02-RN"
213478;2019-06-03;"segunda-feira";"19:40:00";"PB";230;351;"PATOS";"Animais na Pista";"Atropelamento de Animal";"Com Vítimas Feridas";"Plena Noite";"Decrescente";"Céu Claro";"Simples";"Reta";"Sim";1;0;0;1;0;0;1;1;-6,9485;-37,398;"SPRF-PB";"DEL03-PB";"UOP01-DEL03-PB"
213480;2019-06-03;"segunda-feira";"21:00:00";"PA";10;324,5;"SAO MIGUEL DO GUAMA";"Animais na Pista";"Atropelamento de Animal";"Com Vítimas Fatais";"Plena Noite";"Crescente";"Céu Claro";"Simples";"Reta";"Sim";1;1;0;0;0;0;0;1;-1,60267198;-47,48656397;"SPRF-PA";"DEL01-PA";"UOP02-DEL01-PA"
213481;2019-06-03;"segunda-feira";"20:55:00";"RJ";356;61;"ITAPERUNA";"Pista Escorregadia";"Colisão lateral";"Com Vítimas Feridas";"Plena Noite";"Crescente";"Chuva";"Simples";"Curva";"Não";4;0;3;0;1;0;3;3;-21,31606803;-41,70737964;"SPRF-RJ";"DEL08-RJ";"UOP03-DEL08-RJ"
213483;2019-06-03;"segunda-feira";"21:40:00";"RO";364;236,9;"CACOAL";"Falta de Atenção à Condução";"Colisão traseira";"Com Vítimas Feridas";"Plena Noite";"Decrescente";"Nublado";"Simples";"Interseção de Vias;Reta";"Sim";3;0;0;1;2;0;1;2;-11,44587672;-61,43784993;"SPRF-RO";"DEL02-RO";"UOP02-DEL02-RO"
213485;2019-06-03;"segunda-feira";"15:50:00";"SC";282;528;"XAXIM";"Falta de Atenção à Condução";"Saída de leito carroçável";"Sem Vítimas";"Pleno dia";"Decrescente";"Sol";"Simples";"Curva";"Não";1;0;0;0;1;0;0;1;-26,978798;-52,588566;"SPRF-SC";"DEL07-SC";"UOP01-DEL07-SC"
213486;2019-06-03;"segunda-feira";"12:00:00";"RN";101;103;"PARNAMIRIM";"Falta de Atenção à Condução";"Colisão traseira";"Com Vítimas Feridas";"Pleno dia";"Crescente";"Céu Claro";"Dupla";"Reta";"Sim";2;0;1;0;1;0;1;2;-5,89034022;-35,24894996;"SPRF-RN";"DEL01-RN";"UOP01-DEL01-RN"
213487;2019-06-03;"segunda-feira";"22:40:00";"PR";277;593;"CASCAVEL";"Falta de Atenção à Condução";"Queda de ocupante de veículo";"Com Vítimas Feridas";"Plena Noite";"Decrescente";"Nublado";"Simples";"Interseção de Vias";"Sim";1;0;1;0;0;0;1;1;-24,98082053;-53,48254989;"SPRF-PR";"DEL04-PR";"UOP01-DEL04-PR"
213488;2019-06-03;"segunda-feira";"21:20:00";"SC";116;241,4;"LAGES";"Falta de Atenção à Condução";"Saída de leito carroçável";"Com Vítimas Feridas";"Plena Noite";"Crescente";"Nublado";"Simples";"Reta";"Não";3;0;2;1;0;0;3;1;-27,77243717;-50,33829331;"SPRF-SC";"DEL05-SC";"UOP01-DEL05-SC"
213490;2019-06-03;"segunda-feira";"19:16:00";"TO";230;30;"SANTA TEREZINHA DO TOCANTINS";"Desobediência às normas de trânsito pelo pedestre";"Atropelamento de Pedestre";"Com Vítimas Fatais";"Plena Noite";"Decrescente";"Céu Claro";"Simples";"Reta";"Não";2;1;0;0;0;1;0;2;-6,410332;-47,618379;"SPRF-TO";"DEL02-TO";"UOP03-DEL02-TO"
213491;2019-06-04;"terça-feira";"01:40:00";"MG";262;504;"LUZ";"Animais na Pista";"Saída de leito carroçável";"Com Vítimas Feridas";"Plena Noite";"Decrescente";"Nevoeiro/Neblina";"Simples";"Reta";"Não";5;0;5;0;0;0;5;1;-19,77363977;-45,47288591;"SPRF-MG";"DEL08-MG";"UOP03-DEL08-MG"
213492;2019-06-03;"segunda-feira";"07:30:00";"BA";116;359;"SERRINHA";"Falta de Atenção à Condução";"Colisão transversal";"Com Vítimas Feridas";"Pleno dia";"Crescente";"Céu Claro";"Simples";"Declive";"Não";2;0;2;0;0;0;2;2;-11,66618301;-39,00086165;"SPRF-BA";"DEL02-BA";"UOP01-DEL02-BA"
213493;2019-06-04;"terça-feira";"03:15:00";"PE";104;67,8;"CARUARU";"Falta de Atenção do Pedestre";"Atropelamento de Pedestre";"Com Vítimas Feridas";"Plena Noite";"Crescente";"Céu Claro";"Dupla";"Reta";"Não";2;0;0;1;0;1;1;2;-8,3016;-35,9882;"SPRF-PE";"DEL02-PE";"UOP01-DEL02-PE"
213494;2019-06-04;"terça-feira";"04:00:00";"MG";381;484,9;"BETIM";"Velocidade Incompatível";"Saída de leito carroçável";"Com Vítimas Feridas";"Pleno dia";"Decrescente";"Céu Claro";"Dupla";"Curva";"Sim";2;0;1;0;0;1;1;2;-19,95531717;-44,11722196;"SPRF-MG";"DEL01-MG";"UOP03-DEL01-MG"
213495;2019-02-03;"domingo";"23:00:00";"CE";116;8;"FORTALEZA";"Falta de Atenção à Condução";"Saída de leito carroçável";"Com Vítimas Feridas";"Plena Noite";"Decrescente";"Céu Claro";"Múltipla";"Reta";"Sim";2;0;2;0;0;0;2;1;-3,8301;-38,5049;"SPRF-CE";"DEL01-CE";"UOP02-DEL01-CE"
213496;2019-06-04;"terça-feira";"05:55:00";"DF";60;2,7;"BRASILIA";"Falta de Atenção à Condução";"Colisão lateral";"Com Vítimas Feridas";"Pleno dia";"Decrescente";"Nublado";"Dupla";"Reta";"Sim";2;0;1;0;1;0;1;2;-15,887383;-48,077988;"SPRF-DF";"DEL01-DF";"UOP01-DEL03-DF"
213497;2019-06-04;"terça-feira";"06:00:00";"GO";153;520;"HIDROLANDIA";"Agressão Externa";"Capotamento";"Com Vítimas Feridas";"Amanhecer";"Decrescente";"Céu Claro";"Dupla";"Reta";"Não";1;0;1;0;0;0;1;1;-16,8847;-49,254;"SPRF-GO";"DEL01-GO";"UOP03-DEL01-GO"
213498;2019-06-04;"terça-feira";"05:35:00";"SP";116;221,2;"SAO PAULO";"Mal Súbito";"Tombamento";"Com Vítimas Fatais";"Amanhecer";"Crescente";"Nublado";"Múltipla";"Reta";"Sim";1;1;0;0;0;0;0;1;-23,46802395;-46,50704901;"SPRF-SP";"DEL01-SP";"UOP01-DEL01-SP"
213499;2019-06-04;"terça-feira";"05:30:00";"MA";222;667;"ACAILANDIA";"Animais na Pista";"Colisão frontal";"Com Vítimas Feridas";"Amanhecer";"Decrescente";"Céu Claro";"Simples";"Reta";"Não";1;0;1;0;0;0;1;1;-4,90264174;-47,39968016;"SPRF-MA";"DEL04-MA";"UOP03-DEL04-MA"
213501;2019-06-04;"terça-feira";"06:20:00";"GO";40;9;"LUZIANIA";"Falta de Atenção à Condução";"Colisão traseira";"Com Vítimas Feridas";"Pleno dia";"Decrescente";"Céu Claro";"Dupla";"Reta";"Não";2;0;1;0;1;0;1;2;-16,131158;-47,957739;"SPRF-DF";"DEL01-DF";"UOP01-DEL01-DF"
213502;2019-06-04;"terça-feira";"07:05:00";"PR";277;5;"PARANAGUA";"Falta de Atenção à Condução";"Colisão transversal";"Com Vítimas Feridas";"Pleno dia";"Crescente";"Sol";"Dupla";"Rotatória";"Sim";2;0;0;1;1;0;1;2;-25,568198;-48,615292;"SPRF-PR";"DEL01-PR";"UOP05-DEL01-PR"
213503;2019-06-04;"terça-feira";"06:45:00";"SP";153;70,5;"SAO JOSE DO RIO PRETO";"Fenômenos da Natureza";"Colisão frontal";"Com Vítimas Feridas";"Amanhecer";"Decrescente";"Nevoeiro/Neblina";"Simples";"Em Obras;Curva";"Sim";3;0;2;0;1;0;2;2;-20,85197874;-49,40070263;"SPRF-SP";"DEL09-SP";"UOP01-DEL09-SP"
213504;2019-06-03;"segunda-feira";"21:25:00";"MG";251;342,2;"FRUTA DE LEITE";"Falta de Atenção do Pedestre";"Atropelamento de Pedestre";"Com Vítimas Fatais";"Plena Noite";"Decrescente";"Céu Claro";"Simples";"Curva";"Não";2;1;0;0;1;0;0;2;-16,25627071;-42,49108406;"SPRF-MG";"DEL12-MG";"UOP01-DEL12-MG"
213508;2019-06-04;"terça-feira";"07:35:00";"MG";381;499,2;"BETIM";"Falta de Atenção à Condução";"Saída de leito carroçável";"Com Vítimas Feridas";"Pleno dia";"Crescente";"Céu Claro";"Múltipla";"Reta";"Sim";2;0;1;0;1;0;1;1;-19,99615604;-44,20915604;"SPRF-MG";"DEL01-MG";"UOP03-DEL01-MG"
213513;2019-06-04;"terça-feira";"08:10:00";"RN";101;96;"NATAL";"Pista Escorregadia";"Queda de ocupante de veículo";"Com Vítimas Feridas";"Pleno dia";"Crescente";"Céu Claro";"Dupla";"Viaduto";"Sim";1;0;1;0;0;0;1;1;-5,84949622;-35,20890752;"SPRF-RN";"DEL01-RN";"UOP01-DEL01-RN"
213515;2019-06-04;"terça-feira";"08:15:00";"RS";116;265,7;"CANOAS";"Desobediência às normas de trânsito pelo condutor";"Tombamento";"Com Vítimas Feridas";"Pleno dia";"Crescente";"Nevoeiro/Neblina";"Dupla";"Viaduto";"Sim";1;0;1;0;0;0;1;1;-29,92342302;-51,17780944;"SPRF-RS";"DEL01-RS";"UOP01-DEL01-RS"
213516;2019-06-04;"terça-feira";"08:20:00";"BA";324;619;"SALVADOR";"Não guardar distância de segurança";"Colisão traseira";"Com Vítimas Feridas";"Pleno dia";"Crescente";"Céu Claro";"Múltipla";"Reta";"Sim";3;0;2;0;1;0;2;2;-12,89820999;-38,45012202;"SPRF-BA";"DEL01-BA";"UOP01-DEL01-BA"
213517;2019-06-04;"terça-feira";"03:30:00";"RS";158;502;"SANTANA DO LIVRAMENTO";"Ingestão de Álcool";"Colisão transversal";"Sem Vítimas";"Plena Noite";"Decrescente";"Céu Claro";"Simples";"Reta";"Não";1;0;0;0;1;0;0;1;-30,53848808;-55,07632269;"SPRF-RS";"DEL11-RS";"UOP01-DEL11-RS"
213518;2019-06-04;"terça-feira";"08:20:00";"CE";116;12;"FORTALEZA";"Falta de Atenção à Condução";"Colisão lateral";"Com Vítimas Feridas";"Pleno dia";"Crescente";"Céu Claro";"Simples";"Reta";"Sim";2;0;1;0;1;0;1;2;-3,852077;-38,495525;"SPRF-CE";"DEL01-CE";"UOP02-DEL01-CE"
213519;2019-06-04;"terça-feira";"07:52:00";"PR";277;586,4;"CASCAVEL";"Desobediência às normas de trânsito pelo condutor";"Colisão lateral";"Com Vítimas Feridas";"Pleno dia";"Decrescente";"Sol";"Simples";"Reta";"Sim";4;0;2;0;2;0;2;2;-24,9649472;-53,4210459;"SPRF-PR";"DEL04-PR";"UOP01-DEL04-PR"
213520;2019-06-04;"terça-feira";"08:20:00";"SP";381;73,5;"SAO PAULO";"Desobediência às normas de trânsito pelo condutor";"Tombamento";"Sem Vítimas";"Pleno dia";"Decrescente";"Nublado";"Dupla";"Curva";"Não";1;0;0;0;1;0;0;1;-23,37574409;-46,5609169;"SPRF-SP";"DEL03-SP";"UOP01-DEL03-SP"
213521;2019-06-04;"terça-feira";"07:00:00";"RJ";116;212;"PARACAMBI";"Falta de Atenção à Condução";"Atropelamento de Pedestre";"Com Vítimas Feridas";"Pleno dia";"Crescente";"Chuva";"Dupla";"Curva";"Não";5;0;3;0;2;0;3;2;-22,70113811;-43,7582016;"SPRF-RJ";"DEL01-RJ";"UOP03-DEL01-RJ"
213522;2019-03-06;"quarta-feira";"04:10:00";"MG";262;479,9;"BOM DESPACHO";"Desobediência às normas de trânsito pelo condutor";"Colisão frontal";"Com Vítimas Fatais";"Plena Noite";"Decrescente";"Céu Claro";"Simples";"Aclive";"Não";2;1;0;0;1;0;0;2;-19,78696514;-45,24828201;"SPRF-MG";"DEL08-MG";"UOP03-DEL08-MG"
213526;2019-06-04;"terça-feira";"08:00:00";"PR";476;130,7;"CURITIBA";"Falta de Atenção à Condução";"Colisão traseira";"Sem Vítimas";"Pleno dia";"Decrescente";"Céu Claro";"Múltipla";"Reta";"Sim";3;0;0;0;3;0;0;3;-25,449564;-49,236427;"SPRF-PR";"DEL01-PR";"UOP07-DEL01-PR"
213527;2019-06-04;"terça-feira";"07:24:00";"MT";163;759,1;"SORRISO";"Velocidade Incompatível";"Colisão com objeto estático";"Sem Vítimas";"Pleno dia";"Crescente";"Céu Claro";"Dupla";"Retorno Regulamentado";"Sim";1;0;0;0;1;0;0;1;-12,6042914;-55,75236071;"SPRF-MT";"DEL06-MT";"UOP01-DEL06-MT"
213531;2019-06-04;"terça-feira";"07:45:00";"ES";262;1;"CARIACICA";"Falta de Atenção à Condução";"Colisão traseira";"Com Vítimas Feridas";"Pleno dia";"Decrescente";"Céu Claro";"Dupla";"Ponte";"Não";2;0;2;0;0;0;2;2;-20,32955204;-40,35492602;"SPRF-ES";"DEL01-ES";"UOP01-DEL01-ES"
213532;2019-06-04;"terça-feira";"09:00:00";"RN";101;94;"NATAL";"Não guardar distância de segurança";"Colisão traseira";"Com Vítimas Feridas";"Pleno dia";"Decrescente";"Sol";"Múltipla";"Reta";"Sim";2;0;1;0;1;0;1;2;-5,83176615;-35,21191342;"SPRF-RN";"DEL01-RN";"UOP01-DEL01-RN"
213533;2019-06-04;"terça-feira";"05:30:00";"MT";163;61,3;"RONDONOPOLIS";"Falta de Atenção à Condução";"Saída de leito carroçável";"Sem Vítimas";"Amanhecer";"Decrescente";"Céu Claro";"Dupla";"Reta";"Não";1;0;0;0;1;0;0;1;-16,97903791;-54,74750626;"SPRF-MT";"DEL02-MT";"DEL2/2-UOP02/MT"
213534;2019-06-04;"terça-feira";"07:40:00";"SC";163;69;"SAO MIGUEL DO OESTE";"Falta de Atenção à Condução";"Colisão transversal";"Com Vítimas Feridas";"Pleno dia";"Crescente";"Céu Claro";"Dupla";"Reta";"Sim";3;0;2;0;1;0;2;2;-26,74132699;-53,50120591;"SPRF-SC";"DEL07-SC";"UOP03-DEL07-SC"
213535;2019-06-04;"terça-feira";"07:00:00";"SP";116;214;"GUARULHOS";"Falta de Atenção à Condução";"Colisão traseira";"Com Vítimas Feridas";"Pleno dia";"Crescente";"Nublado";"Múltipla";"Reta";"Não";2;0;1;0;1;0;1;2;-23,44333014;-46,44531294;"SPRF-SP";"DEL01-SP";"UOP01-DEL01-SP"
213537;2019-06-04;"terça-feira";"08:40:00";"PB";230;23,9;"JOAO PESSOA";"Falta de Atenção à Condução";"Colisão traseira";"Com Vítimas Feridas";"Pleno dia";"Decrescente";"Céu Claro";"Dupla";"Reta";"Sim";4;0;1;0;2;1;1;3;-7,1562;-34,8574;"SPRF-PB";"DEL01-PB";"UOP01-DEL01-PB"
213539;2019-03-13;"quarta-feira";"10:00:00";"AL";316;235,2;"ATALAIA";"Pista Escorregadia";"Saída de leito carroçável";"Com Vítimas Feridas";"Pleno dia";"Crescente";"Céu Claro";"Simples";"Curva";"Não";2;0;2;0;0;0;2;1;-9,497557;-36,073702;"SPRF-AL";"DEL01-AL";"UOP01-DEL01-AL"
213540;2019-06-04;"terça-feira";"09:35:00";"PR";116;130,2;"FAZENDA RIO GRANDE";"Defeito Mecânico no Veículo";"Saída de leito carroçável";"Com Vítimas Feridas";"Pleno dia";"Decrescente";"Nublado";"Dupla";"Reta";"Não";1;0;1;0;0;0;1;1;-25,67499734;-49,31554556;"SPRF-PR";"DEL01-PR";"UOP03-DEL01-PR"
213542;2019-06-04;"terça-feira";"08:23:00";"RJ";101;330,9;"RIO DE JANEIRO";"Pista Escorregadia";"Queda de ocupante de veículo";"Com Vítimas Feridas";"Pleno dia";"Crescente";"Chuva";"Dupla";"Reta";"Não";2;0;2;0;0;0;2;1;-22,8684989;-43,18548699;"SPRF-RJ";"DEL02-RJ";"UOP02-DEL02-RJ"
213543;2019-06-04;"terça-feira";"08:30:00";"SP";381;90,3;"GUARULHOS";"Não guardar distância de segurança";"Colisão lateral";"Com Vítimas Feridas";"Pleno dia";"Crescente";"Nublado";"Simples";"Curva";"Sim";2;0;1;0;1;0;1;2;-23,49479479;-46,55959864;"SPRF-SP";"DEL03-SP";"UOP01-DEL03-SP"