"id";"data_inversa";"dia_semana";"horario";"uf";"br";"km";"municipio";"causa_acidente";"tipo_acidente";"classificacao_acidente";"fase_dia";"sentido_via";"condicao_metereologica";"tipo_pista";"tracado_via";"uso_solo";"pessoas";"mortos";"feridos_leves";"feridos_graves";"ilesos";"ignorados";"feridos";"veiculos";"latitude";"longitude";"regional";"delegacia";"uop"
213547;2019-03-10;"domingo";"20:43:00";"MG";40;639;"CONSELHEIRO LAFAIETE";"Falta de Atenção à Condução";"Colisão frontal";"Com Vítimas Feridas";"Plena Noite";"Decrescente";"Chuva";"Simples";"Reta";"Não";4;0;2;1;1;0;3;2;-20,73219989;-43,79985054;"SPRF-MG";"DEL05-MG";"UOP02-DEL05-MG"
213548;2019-06-04;"terça-feira";"06:00:00";"MT";163;598;"NOVA MUTUM";"Falta de Atenção à Condução";"Queda de ocupante de veículo";"Com Vítimas Feridas";"Pleno dia";"Decrescente";"Garoa/Chuvisco";"Dupla";"Reta";"Não";1;0;1;0;0;0;1;1;-13,92549497;-56,09416031;"SPRF-MT";"DEL01-MT";"UOP01-DEL01-MT"
213549;2019-06-04;"terça-feira";"11:10:00";"RN";110;48,5;"MOSSORO";"Falta de Atenção à Condução";"Colisão transversal";"Com Vítimas Feridas";"Pleno dia";"Decrescente";"Céu Claro";"Dupla";"Reta";"Sim";2;0;1;0;1;0;1;2;-5,20881178;-37,33285083;"SPRF-RN";"DEL04-RN";"UOP01-DEL04-RN"
213550;2019-06-04;"terça-feira";"10:40:00";"RN";226;175,8;"CURRAIS NOVOS";"Falta de Atenção à Condução";"Colisão transversal";"Com Vítimas Feridas";"Pleno dia";"Decrescente";"Céu Claro";"Dupla";"Reta";"Sim";2;0;1;0;1;0;1;2;-6,257745;-36,510166;"SPRF-RN";"DEL03-RN";"UOP02-DEL03-RN"
213555;2019-06-04;"terça-feira";"11:45:00";"GO";40;8;"LUZIANIA";"Falta de Atenção à Condução";"Capotamento";"Com Vítimas Feridas";"Pleno dia";"Crescente";"Céu Claro";"Dupla";"Reta";"Sim";1;0;1;0;0;0;1;1;-16,116158;-47,96761;"SPRF-DF";"DEL01-DF";"UOP01-DEL01-DF"
213559;2019-06-04;"terça-feira";"12:15:00";"PE";407;126,4;"PETROLINA";"Falta de Atenção à Condução";"Colisão lateral";"Com Vítimas Feridas";"Pleno dia";"Decrescente";"Sol";"Simples";"Rotatória";"Sim";1;0;0;1;0;0;1;1;-9,38717592;-40,52568913;"SPRF-PE";"DEL06-PE";"UOP01-DEL06-PE"
213561;2019-06-04;"terça-feira";"12:30:00";"PR";277;323,5;"GUARAPUAVA";"Falta de Atenção do Pedestre";"Atropelamento de Pedestre";"Com Vítimas Feridas";"Pleno dia";"Crescente";"Céu Claro";"Simples";"Reta";"Não";2;0;0;1;1;0;1;2;-25,37346019;-51,3023597;"SPRF-PR";"DEL03-PR";"UOP01-DEL08-PR"
213563;2019-04-07;"domingo";"14:00:00";"MG";381;308;"ANTONIO DIAS";"Falta de Atenção à Condução";"Tombamento";"Com Vítimas Feridas";"Pleno dia";"Crescente";"Céu Claro";"Simples";"Reta";"Não";1;0;0;1;0;0;1;1;-19,64878257;-42,95497707;"SPRF-MG";"DEL03-MG";"UOP02-DEL03-MG"
213564;2019-06-04;"terça-feira";"10:00:00";"MG";40;110,7;"LAGOA GRANDE";"Desobediência às normas de trânsito pelo condutor";"Colisão transversal";"Com Vítimas Feridas";"Pleno dia";"Decrescente";"Céu Claro";"Simples";"Reta";"Não";2;0;1;0;1;0;1;2;-17,6346567;-46,45403382;"SPRF-MG";"DEL14-MG";"UOP01-DEL14-MG"
213568;2019-06-04;"terça-feira";"13:30:00";"RS";158;327,9;"SANTA MARIA";"Falta de Atenção à Condução";"Colisão transversal";"Com Vítimas Feridas";"Pleno dia";"Crescente";"Céu Claro";"Simples";"Interseção de Vias";"Sim";2;0;1;0;1;0;1;2;-29,714945;-53,81083;"SPRF-RS";"DEL09-RS";"UOP01-DEL09-RS"
213570;2019-06-04;"terça-feira";"13:15:00";"RJ";101;61;"CAMPOS DOS GOYTACAZES";"Falta de Atenção à Condução";"Colisão transversal";"Com Vítimas Feridas";"Pleno dia";"Decrescente";"Sol";"Simples";"Interseção de Vias";"Sim";2;0;1;0;1;0;1;2;-21,72655788;-41,32133519;"SPRF-RJ";"DEL08-RJ";"UOP01-DEL08-RJ"
213572;2019-06-04;"terça-feira";"10:55:00";"RO";174;15;"VILHENA";"Desobediência às normas de trânsito pelo condutor";"Colisão com objeto estático";"Com Vítimas Feridas";"Pleno dia";"Decrescente";"Céu Claro";"Simples";"Reta";"Sim";2;0;1;0;1;0;1;2;-12,723321;-60,12801;"SPRF-RO";"DEL04-RO";"UOP01-DEL04-RO"
213573;2019-06-04;"terça-feira";"13:40:00";"PR";376;615;"SAO JOSE DOS PINHAIS";"Falta de Atenção à Condução";"Colisão traseira";"Com Vítimas Feridas";"Pleno dia";"Crescente";"Sol";"Dupla";"Reta";"Não";2;0;1;0;1;0;1;2;-25,57092403;-49,18135623;"SPRF-PR";"DEL01-PR";"UOP06-DEL01-PR"
213576;2019-06-04;"terça-feira";"12:50:00";"RJ";116;180,4;"NOVA IGUACU";"Não guardar distância de segurança";"Colisão lateral";"Com Vítimas Feridas";"Pleno dia";"Decrescente";"Nublado";"Dupla";"Reta";"Não";2;0;1;0;1;0;1;2;-22,7651616;-43,4154728;"SPRF-RJ";"DEL01-RJ";"UOP02-DEL01-RJ"
213578;2019-06-04;"terça-feira";"13:40:00";"MG";116;279,6;"TEOFILO OTONI";"Não guardar distância de segurança";"Colisão traseira";"Com Vítimas Feridas";"Pleno dia";"Crescente";"Sol";"Simples";"Reta";"Sim";2;0;1;0;1;0;1;2;-17,87634412;-41,52080762;"SPRF-MG";"DEL11-MG";"UOP01-DEL11-MG"
213579;2019-06-04;"terça-feira";"14:10:00";"SC";101;200;"SAO JOSE";"Falta de Atenção à Condução";"Colisão transversal";"Com Vítimas Feridas";"Pleno dia";"Crescente";"Céu Claro";"Múltipla";"Interseção de Vias";"Sim";2;0;1;0;1;0;1;2;-27,54018513;-48,62287714;"SPRF-SC";"DEL01-SC";"UOP01-DEL01-SC"
213580;2019-06-04;"terça-feira";"13:45:00";"PR";277;585;"CASCAVEL";"Falta de Atenção à Condução";"Colisão com objeto estático";"Com Vítimas Feridas";"Pleno dia";"Crescente";"Céu Claro";"Simples";"Interseção de Vias";"Sim";1;0;1;0;0;0;1;1;-24,96400704;-53,41227401;"SPRF-PR";"DEL04-PR";"UOP01-DEL04-PR"
213581;2019-06-04;"terça-feira";"14:15:00";"RS";386;46;"SEBERI";"Falta de Atenção à Condução";"Colisão transversal";"Com Vítimas Feridas";"Pleno dia";"Decrescente";"Céu Claro";"Simples";"Interseção de Vias";"Sim";2;0;0;1;1;0;1;2;-27,47324741;-53,4014082;"SPRF-RS";"DEL08-RS";"UOP02-DEL08-RS"
213582;2019-06-04;"terça-feira";"13:50:00";"RJ";493;85;"JAPERI";"Mal Súbito";"Colisão com objeto estático";"Com Vítimas Fatais";"Pleno dia";"Crescente";"Garoa/Chuvisco";"Dupla";"Reta";"Não";3;1;0;2;0;0;2;1;-22,6575814;-43,61623764;"SPRF-RJ";"DEL01-RJ";"UOP03-DEL01-RJ"
213584;2019-06-04;"terça-feira";"14:20:00";"PE";101;95;"CABO DE SANTO AGOSTINHO";"Falta de Atenção à Condução";"Saída de leito carroçável";"Com Vítimas Feridas";"Pleno dia";"Crescente";"Céu Claro";"Dupla";"Reta";"Não";1;0;1;0;0;0;1;1;-8,25099;-35,01426;"SPRF-PE";"DEL01-PE";"UOP03-DEL01-PE"
213585;2019-06-04;"terça-feira";"13:45:00";"RJ";101;297;"ITABORAI";"Defeito Mecânico no Veículo";"Incêndio";"Sem Vítimas";"Pleno dia";"Crescente";"Nublado";"Múltipla";"Curva";"Sim";1;0;0;0;1;0;0;1;-22,76942037;-42,91873581;"SPRF-RJ";"DEL02-RJ";"DEL5/2-UOP04/RJ"
213586;2019-06-04;"terça-feira";"14:30:00";"MG";381;829;"SAO SEBASTIAO DA BELA VISTA";"Falta de Atenção à Condução";"Capotamento";"Com Vítimas Feridas";"Pleno dia";"Decrescente";"Céu Claro";"Dupla";"Reta";"Não";2;0;1;0;1;0;1;1;-22,13347012;-45,80792092;"SPRF-MG";"DEL16-MG";"UOP01-DEL16-MG"
213587;2019-06-04;"terça-feira";"14:30:00";"MG";40;741,8;"SANTOS DUMONT";"Defeito Mecânico no Veículo";"Colisão com objeto estático";"Com Vítimas Feridas";"Pleno dia";"Decrescente";"Céu Claro";"Simples";"Reta";"Não";4;0;3;0;1;0;3;1;-21,40505399;-43,56732403;"SPRF-MG";"DEL05-MG";"UOP01-DEL05-MG"
213590;2019-06-04;"terça-feira";"13:00:00";"MT";163;833;"SINOP";"Falta de Atenção à Condução";"Colisão transversal";"Com Vítimas Feridas";"Pleno dia";"Decrescente";"Sol";"Dupla";"Reta";"Sim";2;0;1;0;0;1;1;2;-11,86802288;-55,49743652;"SPRF-MT";"DEL06-MT";"UOP01-DEL06-MT"
213592;2019-06-04;"terça-feira";"13:50:00";"MA";135;70;"SANTA RITA";"Ultrapassagem Indevida";"Colisão lateral";"Com Vítimas Feridas";"Pleno dia";"Crescente";"Céu Claro";"Dupla";"Reta";"Sim";2;0;1;0;0;1;1;2;-3,14173789;-44,3255132;"SPRF-MA";"DEL01-MA";"UOP02-DEL01-MA"
213593;2019-06-04;"terça-feira";"15:20:00";"RS";116;261,7;"CANOAS";"Não guardar distância de segurança";"Colisão lateral";"Com Vítimas Feridas";"Pleno dia";"Decrescente";"Céu Claro";"Múltipla";"Reta";"Sim";4;0;1;1;1;1;2;3;-29,887983;-51,17901;"SPRF-RS";"DEL01-RS";"UOP01-DEL01-RS"
213602;2019-06-04;"terça-feira";"14:45:00";"PR";163;35;"SANTO ANTONIO DO SUDOESTE";"Falta de Atenção à Condução";"Colisão lateral";"Com Vítimas Feridas";"Pleno dia";"Decrescente";"Sol";"Simples";"Curva";"Sim";2;0;1;0;1;0;1;2;-26,06584258;-53,72068763;"SPRF-PR";"DEL02-PR";"UOP02-DEL02-PR"
213604;2019-06-04;"terça-feira";"13:30:00";"SC";470;50,5;"BLUMENAU";"Desobediência às normas de trânsito pelo condutor";"Colisão transversal";"Com Vítimas Feridas";"Pleno dia";"Crescente";"Céu Claro";"Simples";"Reta";"Sim";2;0;1;0;1;0;1;2;-26,859768;-49,074493;"SPRF-SC";"DEL04-SC";"UOP01-DEL04-SC"
213606;2019-06-04;"terça-feira";"16:10:00";"MG";50;69;"UBERLANDIA";"Falta de Atenção à Condução";"Colisão lateral";"Com Vítimas Feridas";"Pleno dia";"Decrescente";"Céu Claro";"Dupla";"Viaduto";"Sim";2;0;1;0;1;0;1;2;-18,88425952;-48,26572895;"SPRF-MG";"DEL15-MG";"UOP01-DEL15-MG"
213607;2019-06-04;"terça-feira";"13:30:00";"SC";282;574,8;"PINHALZINHO";"Falta de Atenção à Condução";"Colisão traseira";"Sem Vítimas";"Pleno dia";"Crescente";"Céu Claro";"Simples";"Reta;Em Obras";"Não";2;0;0;0;2;0;0;2;-26,867399;-52,965149;"SPRF-SC";"DEL07-SC";"UOP02-DEL07-SC"
213609;2019-05-22;"quarta-feira";"19:00:00";"SP";101;46,3;"UBATUBA";"Falta de Atenção à Condução";"Colisão transversal";"Com Vítimas Feridas";"Anoitecer";"Decrescente";"Céu Claro";"Simples";"Reta";"Sim";2;0;0;1;0;1;1;2;-23,42673031;-45,0781133;"SPRF-SP";"DEL06-SP";"UOP01-DEL06-SP"
213610;2019-06-04;"terça-feira";"16:24:00";"SP";116;177,3;"GUARAREMA";"Falta de Atenção à Condução";"Tombamento";"Com Vítimas Feridas";"Pleno dia";"Decrescente";"Céu Claro";"Dupla";"Declive";"Sim";1;0;1;0;0;0;1;1;-23,32333315;-46,11958293;"SPRF-SP";"DEL02-SP";"UOP01-DEL02-SP"
213612;2019-03-09;"sábado";"22:45:00";"BA";324;616;"SALVADOR";"Falta de Atenção à Condução";"Colisão lateral";"Com Vítimas Feridas";"Plena Noite";"Crescente";"Céu Claro";"Simples";"Curva";"Sim";1;0;0;1;0;0;1;1;-12,87957905;-38,43213893;"SPRF-BA";"DEL01-BA";"UOP01-DEL01-BA"
213614;2019-06-04;"terça-feira";"14:10:00";"MG";459;104;"POUSO ALEGRE";"Condutor Dormindo";"Saída de leito carroçável";"Sem Vítimas";"Pleno dia";"Decrescente";"Céu Claro";"Dupla";"Reta";"Sim";1;0;0;0;1;0;0;1;-22,224699;-45,91256;"SPRF-MG";"DEL16-MG";"UOP01-DEL16-MG"
213617;2019-06-04;"terça-feira";"14:30:00";"PR";376;369,8;"ORTIGUEIRA";"Falta de Atenção à Condução";"Colisão frontal";"Com Vítimas Feridas";"Pleno dia";"Crescente";"Céu Claro";"Simples";"Curva";"Não";7;0;6;0;1;0;6;2;-24,3676303;-50,80074024;"SPRF-PR";"DEL03-PR";"UOP02-DEL03-PR"
213619;2019-06-04;"terça-feira";"17:00:00";"BA";101;117;"ALAGOINHAS";"Ultrapassagem Indevida";"Colisão lateral";"Com Vítimas Feridas";"Pleno dia";"Crescente";"Céu Claro";"Simples";"Aclive";"Não";2;0;1;0;1;0;1;2;-12,1587083;-38,53761097;"SPRF-BA";"DEL01-BA";"UOP04-DEL01-BA"
213620;2019-06-04;"terça-feira";"18:00:00";"SC";101;213,6;"PALHOCA";"Falta de Atenção à Condução";"Queda de ocupante de veículo";"Com Vítimas Feridas";"Plena Noite";"Decrescente";"Céu Claro";"Múltipla";"Reta";"Não";2;0;1;0;1;0;1;2;-27,63697369;-48,66514142;"SPRF-SC";"DEL01-SC";"UOP02-DEL01-SC"
213622;2019-06-04;"terça-feira";"18:20:00";"PR";476;142;"CURITIBA";"Falta de Atenção à Condução";"Colisão lateral";"Com Vítimas Feridas";"Anoitecer";"Decrescente";"Céu Claro";"Dupla";"Aclive;Reta";"Sim";2;0;1;0;1;0;1;2;-25,537161;-49,301632;"SPRF-PR";"DEL01-PR";"UOP03-DEL01-PR"
213623;2019-06-04;"terça-feira";"14:45:00";"SC";282;264;"SAO JOSE DO CERRITO";"Defeito Mecânico no Veículo";"Incêndio";"Sem Vítimas";"Pleno dia";"Crescente";"Céu Claro";"Simples";"Reta";"Não";1;0;0;0;1;0;0;1;-27,627396;-50,623634;"SPRF-SC";"DEL05-SC";"UOP02-DEL05-SC"
213624;2019-06-04;"terça-feira";"17:35:00";"BA";101;524,9;"BUERAREMA";"Falta de Atenção à Condução";"Colisão transversal";"Com Vítimas Feridas";"Pleno dia";"Decrescente";"Céu Claro";"Simples";"Reta";"Sim";5;0;0;1;4;0;1;2;-14,959392;-39,307738;"SPRF-BA";"DEL05-BA";"UOP01-DEL05-BA"
213625;2019-06-04;"terça-feira";"17:30:00";"RS";293;107,6;"PINHEIRO MACHADO";"Falta de Atenção à Condução";"Colisão lateral";"Com Vítimas Feridas";"Pleno dia";"Crescente";"Céu Claro";"Simples";"Interseção de Vias";"Sim";4;0;4;0;0;0;4;2;-31,57381931;-53,37415112;"SPRF-RS";"DEL11-RS";"UOP03-DEL11-RS"
213626;2019-06-04;"terça-feira";"18:15:00";"GO";40;95,9;"CRISTALINA";"Falta de Atenção à Condução";"Colisão transversal";"Com Vítimas Feridas";"Plena Noite";"Crescente";"Céu Claro";"Simples";"Declive";"Sim";2;0;0;1;1;0;1;2;-16,750555;-47,607549;"SPRF-DF";"DEL01-DF";"UOP02-DEL01-DF"
213627;2019-06-04;"terça-feira";"18:10:00";"GO";153;512,5;"APARECIDA DE GOIANIA";"Desobediência às normas de trânsito pelo condutor";"Colisão traseira";"Com Vítimas Feridas";"Anoitecer";"Decrescente";"Céu Claro";"Dupla";"Reta";"Sim";2;0;0;1;1;0;1;2;-16,8156;-49,2402;"SPRF-GO";"DEL01-GO";"UOP03-DEL01-GO"
213631;2019-06-04;"terça-feira";"18:10:00";"BA";116;11;"VITORIA DA CONQUISTA";"Desobediência às normas de trânsito pelo condutor";"Colisão transversal";"Com Vítimas Feridas";"Anoitecer";"Decrescente";"Céu Claro";"Simples";"Interseção de Vias";"Sim";2;0;0;1;1;0;1;2;-14,851;-40,8485;"SPRF-BA";"DEL08-BA";"UOP01-DEL08-BA"
213632;2019-06-04;"terça-feira";"19:10:00";"ES";101;266;"SERRA";"Desobediência às normas de trânsito pelo condutor";"Atropelamento de Pedestre";"Com Vítimas Feridas";"Plena Noite";"Crescente";"Vento";"Dupla";"Reta";"Sim";2;0;1;1;0;0;2;2;-20,190199;-40,26828891;"SPRF-ES";"DEL02-ES";"UOP01-DEL02-ES"
213634;2019-06-04;"terça-feira";"19:20:00";"MG";381;836;"SAO SEBASTIAO DA BELA VISTA";"Falta de Atenção à Condução";"Colisão transversal";"Com Vítimas Fatais";"Plena Noite";"Decrescente";"Céu Claro";"Dupla";"Reta";"Não";3;1;0;0;2;0;0;2;-22,17812195;-45,84097411;"SPRF-MG";"DEL16-MG";"UOP01-DEL16-MG"
213635;2019-06-04;"terça-feira";"19:00:00";"SP";116;230,9;"SAO PAULO";"Falta de Atenção à Condução";"Colisão traseira";"Com Vítimas Feridas";"Plena Noite";"Decrescente";"Garoa/Chuvisco";"Múltipla";"Reta";"Sim";5;0;4;0;1;0;4;2;-23,52354804;-46,58592045;"SPRF-SP";"DEL01-SP";"UOP01-DEL01-SP"
213637;2019-06-04;"terça-feira";"18:40:00";"MG";40;510,8;"RIBEIRAO DAS NEVES";"Animais na Pista";"Queda de ocupante de veículo";"Sem Vítimas";"Plena Noite";"Crescente";"Céu Claro";"Dupla";"Reta";"Não";1;0;0;0;1;0;0;1;-19,77463885;-44,12321882;"SPRF-MG";"DEL01-MG";"UOP02-DEL01-MG"
213638;2019-06-04;"terça-feira";"17:40:00";"RJ";116;163;"RIO DE JANEIRO";"Não guardar distância de segurança";"Engavetamento";"Com Vítimas Feridas";"Anoitecer";"Crescente";"Céu Claro";"Múltipla";"Reta";"Sim";6;0;1;1;4;0;2;3;-22,802729;-43,290424;"SPRF-RJ";"DEL01-RJ";"UOP02-DEL01-RJ"
213639;2019-06-04;"terça-feira";"18:15:00";"MS";163;271,1;"DOURADOS";"Falta de Atenção à Condução";"Colisão com objeto estático";"Com Vítimas Feridas";"Plena Noite";"Crescente";"Nublado";"Dupla";"Reta";"Não";1;0;0;1;0;0;1;1;-22,18945458;-54,68550733;"SPRF-MS";"DEL04-MS";"UOP01-DEL04-MS"
213640;2019-06-04;"terça-feira";"18:20:00";"ES";101;293;"CARIACICA";"Falta de Atenção à Condução";"Tombamento";"Com Vítimas Feridas";"Plena Noite";"Decrescente";"Céu Claro";"Dupla";"Reta";"Sim";1;0;1;0;0;0;1;1;-20,31526144;-40,39567044;"SPRF-ES";"DEL01-ES";"UOP01-DEL01-ES"
213641;2019-06-04;"terça-feira";"19:25:00";"PE";232;7,7;"RECIFE";"Falta de Atenção à Condução";"Colisão com objeto estático";"Com Vítimas Feridas";"Plena Noite";"Decrescente";"Céu Claro";"Dupla";"Reta";"Sim";1;0;1;0;0;0;1;1;-8,07333497;-34,96184301;"SPRF-PE";"DEL01-PE";"UOP01-DEL01-PE"
213644;2019-06-04;"terça-feira";"19:50:00";"RN";101;145;"GOIANINHA";"Ingestão de Álcool";"Colisão frontal";"Sem Vítimas";"Plena Noite";"Decrescente";"Céu Claro";"Dupla";"Reta";"Sim";5;0;0;0;5;0;0;2;-6,25289648;-35,21483129;"SPRF-RN";"DEL01-RN";"UOP01-DEL01-RN"
213646;2019-06-04;"terça-feira";"20:00:00";"MT";158;741,4;"BARRA DO GARCAS";"Deficiência ou não Acionamento do Sistema de Iluminação/Sinalização do Veículo";"Colisão traseira";"Com Vítimas Feridas";"Plena Noite";"Decrescente";"Céu Claro";"Simples";"Reta";"Não";3;0;0;2;1;0;2;2;-15,40587301;-52,2009667;"SPRF-MT";"DEL07-MT";"UOP01-DEL07-MT"
213647;2019-06-04;"terça-feira";"20:00:00";"RS";470;251;"SAO PEDRO DA SERRA";"Desobediência às normas de trânsito pelo condutor";"Colisão traseira";"Com Vítimas Feridas";"Plena Noite";"Decrescente";"Céu Claro";"Simples";"Curva";"Não";3;0;2;0;1;0;2;3;-29,3952549;-51,49394924;"SPRF-RS";"DEL06-RS";"UOP01-DEL06-RS"
213648;2019-06-04;"terça-feira";"20:45:00";"BA";116;576;"NOVA ITARANA";"Velocidade Incompatível";"Saída de leito carroçável";"Com Vítimas Feridas";"Plena Noite";"Decrescente";"Céu Claro";"Múltipla";"Reta";"Não";1;0;1;0;0;0;1;1;-13,05560097;-39,95874093;"SPRF-BA";"DEL03-BA";"UOP02-DEL03-BA"
213649;2019-06-04;"terça-feira";"18:20:00";"PR";277;730,7;"FOZ DO IGUACU";"Falta de Atenção à Condução";"Colisão lateral";"Com Vítimas Feridas";"Pleno dia";"Decrescente";"Céu Claro";"Dupla";"Reta";"Sim";3;0;0;1;2;0;1;3;-25,50948532;-54,59992647;"SPRF-PR";"DEL05-PR";"UOP03-DEL05-PR"
213650;2019-06-04;"terça-feira";"20:00:00";"RJ";101;506,8;"ANGRA DOS REIS";"Desobediência às normas de trânsito pelo condutor";"Colisão transversal";"Com Vítimas Feridas";"Plena Noite";"Crescente";"Céu Claro";"Simples";"Reta";"Sim";3;0;1;0;2;0;1;2;-22,93493041;-44,40487313;"SPRF-RJ";"DEL03-RJ";"UOP02-DEL03-RJ"
213653;2019-06-04;"terça-feira";"20:41:00";"RN";304;290;"MACAIBA";"Falta de Atenção à Condução";"Colisão lateral";"Com Vítimas Feridas";"Plena Noite";"Decrescente";"Céu Claro";"Simples";"Reta";"Sim";6;0;4;2;0;0;6;2;-5,86659018;-35,40283899;"SPRF-RN";"DEL01-RN";"UOP02-DEL01-RN"
213655;2019-06-04;"terça-feira";"18:30:00";"SC";101;44;"JOINVILLE";"Falta de Atenção à Condução";"Colisão transversal";"Com Vítimas Feridas";"Anoitecer";"Crescente";"Céu Claro";"Dupla";"Viaduto";"Sim";2;0;1;0;1;0;1;2;-26,31238996;-48,87458997;"SPRF-SC";"DEL03-SC";"UOP01-DEL03-SC"
213656;2019-06-04;"terça-feira";"21:00:00";"PR";116;91;"PIRAQUARA";"Defeito Mecânico no Veículo";"Incêndio";"Sem Vítimas";"Plena Noite";"Crescente";"Céu Claro";"Dupla";"Reta";"Não";1;0;0;0;1;0;0;1;-25,46961587;-49,09184037;"SPRF-PR";"DEL01-PR";"UOP01-DEL01-PR"
213657;2019-06-04;"terça-feira";"21:30:00";"MA";10;251,5;"IMPERATRIZ";"Desobediência às normas de trânsito pelo condutor";"Colisão transversal";"Com Vítimas Feridas";"Plena Noite";"Decrescente";"Céu Claro";"Simples";"Reta";"Não";2;0;1;0;1;0;1;2;-5,53587894;-47,46947765;"SPRF-MA";"DEL04-MA";"UOP01-DEL04-MA"
213658;2019-06-04;"terça-feira";"21:40:00";"PR";369;171;"ROLANDIA";"Falta de Atenção à Condução";"Colisão lateral";"Com Vítimas Feridas";"Plena Noite";"Crescente";"Céu Claro";"Simples";"Reta";"Sim";2;0;1;0;1;0;1;2;-23,30692643;-51,36536479;"SPRF-PR";"DEL07-PR";"UOP01-DEL07-PR"
213659;2019-06-04;"terça-feira";"20:20:00";"PR";116;102;"SAO JOSE DOS PINHAIS";"Ingestão de Álcool";"Saída de leito carroçável";"Sem Vítimas";"Plena Noite";"Crescente";"Céu Claro";"Dupla";"Reta;Aclive";"Não";1;0;0;0;1;0;0;1;-25,550639;-49,15025;"SPRF-PR";"DEL01-PR";"UOP01-DEL01-PR"
213660;2019-06-04;"terça-feira";"21:15:00";"ES";101;145;"LINHARES";"Falta de Atenção à Condução";"Colisão traseira";"Com Vítimas Feridas";"Plena Noite";"Crescente";"Céu Claro";"Dupla";"Reta";"Sim";2;0;1;0;1;0;1;2;-19,36089598;-40,06464018;"SPRF-ES";"DEL04-ES";"UOP01-DEL04-ES"
213661;2019-06-04;"terça-feira";"21:40:00";"RN";101;100;"PARNAMIRIM";"Falta de Atenção à Condução";"Colisão lateral";"Com Vítimas Fatais";"Plena Noite";"Decrescente";"Céu Claro";"Múltipla";"Reta";"Sim";3;1;2;0;0;0;2;2;-5,88106901;-35,22542396;"SPRF-RN";"DEL01-RN";"UOP01-DEL01-RN"
213662;2019-06-04;"terça-feira";"20:50:00";"MG";40;509;"RIBEIRAO DAS NEVES";"Animais na Pista";"Atropelamento de Animal";"Com Vítimas Feridas";"Plena Noite";"Crescente";"Céu Claro";"Dupla";"Reta";"Sim";1;0;0;1;0;0;1;1;-19,76728744;-44,12855905;"SPRF-MG";"DEL01-MG";"UOP02-DEL01-MG"
213663;2019-06-04;"terça-feira";"21:35:00";"RS";290;102,3;"PORTO ALEGRE";"Falta de Atenção à Condução";"Tombamento";"Com Vítimas Feridas";"Plena Noite";"Crescente";"Céu Claro";"Dupla";"Ponte";"Sim";2;0;2;0;0;0;2;1;-29,987228;-51,25613;"SPRF-RS";"DEL01-RS";"UOP01-DEL01-RS"
213664;2019-06-04;"terça-feira";"18:40:00";"RS";287;479,7;"SAO BORJA";"Animais na Pista";"Atropelamento de Animal";"Com Vítimas Feridas";"Plena Noite";"Crescente";"Céu Claro";"Simples";"Reta";"Não";4;0;3;0;1;0;3;1;-28,95637868;-55,5416858;"SPRF-RS";"DEL12-RS";"UOP01-DEL12-RS"
213665;2019-06-04;"terça-feira";"21:59:00";"SC";101;326;"CAPIVARI DE BAIXO";"Falta de Atenção do Pedestre";"Atropelamento de Pedestre";"Com Vítimas Feridas";"Plena Noite";"Decrescente";"Céu Claro";"Múltipla";"Reta";"Sim";3;0;0;1;1;1;1;2;-28,42524483;-48,94302707;"SPRF-SC";"DEL02-SC";"UOP01-DEL02-SC"
213669;2019-06-04;"terça-feira";"22:10:00";"TO";153;132;"ARAGUAINA";"Desobediência às normas de trânsito pelo pedestre";"Atropelamento de Pedestre";"Com Vítimas Fatais";"Plena Noite";"Crescente";"Céu Claro";"Simples";"Reta;Declive";"Não";2;1;0;0;1;0;0;2;-7,10742769;-48,18194237;"SPRF-TO";"DEL02-TO";"UOP01-DEL02-TO"
213670;2019-06-04;"terça-feira";"21:35:00";"ES";101;266;"SERRA";"Desobediência às normas de trânsito pelo condutor";"Colisão transversal";"Com Vítimas Feridas";"Plena Noite";"Crescente";"Céu Claro";"Múltipla";"Interseção de Vias";"Sim";2;0;1;0;1;0;1;2;-20,190199;-40,26828891;"SPRF-ES";"DEL02-ES";"UOP01-DEL02-ES"
213671;2019-06-04;"terça-feira";"22:40:00";"SC";470;57,5;"BLUMENAU";"Falta de Atenção à Condução";"Colisão transversal";"Com Vítimas Feridas";"Plena Noite";"Decrescente";"Nublado";"Simples";"Rotatória";"Não";2;0;1;0;1;0;1;2;-26,88294744;-49,14199054;"SPRF-SC";"DEL04-SC";"UOP01-DEL04-SC"
213672;2019-06-04;"terça-feira";"16:20:00";"MT";174;420,2;"NOVA LACERDA";"Falta de Atenção à Condução";"Saída de leito carroçável";"Com Vítimas Feridas";"Pleno dia";"Crescente";"Céu Claro";"Simples";"Reta";"Não";1;0;0;1;0;0;1;1;-14,22877096;-59,69170535;"SPRF-MT";"DEL04-MT";"UOP01-DEL04-MT"
213674;2019-06-04;"terça-feira";"22:30:00";"GO";40;24,8;"LUZIANIA";"Desobediência às normas de trânsito pelo condutor";"Colisão transversal";"Com Vítimas Feridas";"Plena Noite";"Crescente";"Céu Claro";"Simples";"Reta";"Sim";2;0;1;1;0;0;2;2;-16,252738;-47,900437;"SPRF-DF";"DEL01-DF";"UOP01-DEL01-DF"