"id";"data_inversa";"dia_semana";"horario";"uf";"br";"km";"municipio";"causa_acidente";"tipo_acidente";"classificacao_acidente";"fase_dia";"sentido_via";"condicao_metereologica";"tipo_pista";"tracado_via";"uso_solo";"pessoas";"mortos";"feridos_leves";"feridos_graves";"ilesos";"ignorados";"feridos";"veiculos";"latitude";"longitude";"regional";"delegacia";"uop"
213926;2019-06-06;"quinta-feira";"13:10:00";"SC";280;24;"ARAQUARI";"Falta de Atenção à Condução";"Colisão lateral";"Com Vítimas Feridas";"Pleno dia";"Crescente";"Nublado";"Simples";"Reta";"Sim";2;0;1;0;1;0;1;2;-26,37724921;-48,71953282;"SPRF-SC";"DEL03-SC";"UOP03-DEL03-SC"
213929;2019-06-06;"quinta-feira";"14:30:00";"CE";222;4;"CAUCAIA";"Falta de Atenção à Condução";"Colisão transversal";"Com Vítimas Feridas";"Pleno dia";"Decrescente";"Céu Claro";"Múltipla";"Reta";"Sim";3;0;1;0;2;0;1;3;-3,74164754;-38,60449792;"SPRF-CE";"DEL01-CE";"UOP01-DEL01-CE"
213930;2019-06-06;"quinta-feira";"14:30:00";"ES";101;47;"CONCEICAO DA BARRA";"Falta de Atenção à Condução";"Colisão lateral";"Com Vítimas Feridas";"Pleno dia";"Crescente";"Céu Claro";"Simples";"Reta";"Não";3;0;3;0;0;0;3;2;-18,56004214;-39,90021148;"SPRF-ES";"DEL04-ES";"UOP02-DEL04-ES"
213931;2019-06-06;"quinta-feira";"13:50:00";"RS";290;127,2;"ELDORADO DO SUL";"Falta de Atenção à Condução";"Colisão traseira";"Com Vítimas Feridas";"Pleno dia";"Decrescente";"Sol";"Simples";"Em Obras;Reta";"Não";4;0;1;0;2;1;1;3;-30,056417;-51,479671;"SPRF-RS";"DEL02-RS";"UOP01-DEL02-RS"
213932;2019-04-21;"domingo";"17:50:00";"BA";324;526;"FEIRA DE SANTANA";"Desobediência às normas de trânsito pelo condutor";"Colisão frontal";"Com Vítimas Feridas";"Anoitecer";"Decrescente";"Céu Claro";"Dupla";"Reta";"Não";1;0;1;0;0;0;1;1;-12,31587486;-38,87792632;"SPRF-BA";"DEL01-BA";"UOP01-DEL01-BA"
213933;2019-06-06;"quinta-feira";"14:50:00";"MG";40;144;"JOAO PINHEIRO";"Desobediência às normas de trânsito pelo condutor";"Colisão transversal";"Com Vítimas Feridas";"Pleno dia";"Crescente";"Céu Claro";"Simples";"Curva";"Não";3;0;1;0;2;0;1;2;-17,74968182;-46,16992584;"SPRF-MG";"DEL14-MG";"UOP01-DEL14-MG"
213934;2019-06-06;"quinta-feira";"13:00:00";"GO";60;384;"RIO VERDE";"Falta de Atenção à Condução";"Colisão lateral";"Com Vítimas Feridas";"Pleno dia";"Crescente";"Céu Claro";"Dupla";"Aclive;Reta";"Sim";2;0;1;1;0;0;2;2;-17,7906;-50,9071;"SPRF-GO";"DEL04-GO";"UOP01-DEL04-GO"
213935;2019-06-06;"quinta-feira";"15:00:00";"SC";470;69,9;"INDAIAL";"Falta de Atenção à Condução";"Colisão transversal";"Com Vítimas Feridas";"Pleno dia";"Crescente";"Céu Claro";"Simples";"Reta";"Sim";2;0;1;0;1;0;1;2;-26,88907692;-49,25406396;"SPRF-SC";"DEL04-SC";"UOP01-DEL04-SC"
213936;2019-06-06;"quinta-feira";"14:50:00";"SC";101;289;"IMBITUBA";"Condutor Dormindo";"Saída de leito carroçável";"Sem Vítimas";"Pleno dia";"Decrescente";"Céu Claro";"Dupla";"Curva";"Sim";1;0;0;0;1;0;0;1;-28,25395282;-48,70289554;"SPRF-SC";"DEL02-SC";"UOP03-DEL02-SC"
213938;2019-06-06;"quinta-feira";"12:50:00";"RO";364;424;"JARU";"Falta de Atenção à Condução";"Colisão transversal";"Com Vítimas Feridas";"Pleno dia";"Crescente";"Céu Claro";"Simples";"Interseção de Vias;Reta";"Sim";4;0;0;1;2;1;1;3;-10,44457274;-62,46568412;"SPRF-RO";"DEL03-RO";"UOP02-DEL03-RO"
213939;2019-06-06;"quinta-feira";"15:40:00";"PR";277;176;"PALMEIRA";"Falta de Atenção à Condução";"Saída de leito carroçável";"Com Vítimas Feridas";"Pleno dia";"Crescente";"Sol";"Simples";"Aclive;Reta";"Não";3;0;3;0;0;0;3;1;-25,43222237;-50,0600013;"SPRF-PR";"DEL03-PR";"UOP02-DEL08-PR"
213943;2019-06-06;"quinta-feira";"15:22:00";"SP";116;129,8;"CACAPAVA";"Falta de Atenção do Pedestre";"Atropelamento de Pedestre";"Com Vítimas Feridas";"Pleno dia";"Crescente";"Céu Claro";"Dupla";"Reta";"Sim";2;0;0;1;1;0;1;2;-23,11885593;-45,71948203;"SPRF-SP";"DEL06-SP";"UOP02-DEL02-SP"
213944;2019-06-06;"quinta-feira";"15:50:00";"GO";40;0,1;"VALPARAISO DE GOIAS";"Falta de Atenção do Pedestre";"Atropelamento de Pedestre";"Com Vítimas Feridas";"Pleno dia";"Crescente";"Céu Claro";"Dupla";"Reta";"Sim";3;0;0;1;1;1;1;2;-16,058273;-47,982655;"SPRF-DF";"DEL01-DF";"UOP01-DEL01-DF"
213946;2019-06-06;"quinta-feira";"14:45:00";"RS";386;182,4;"CARAZINHO";"Falta de Atenção à Condução";"Saída de leito carroçável";"Com Vítimas Feridas";"Pleno dia";"Decrescente";"Céu Claro";"Simples";"Reta";"Não";1;0;1;0;0;0;1;1;-28,315172;-52,733284;"SPRF-RS";"DEL08-RS";"UOP01-DEL08-RS"
213952;2019-06-06;"quinta-feira";"16:30:00";"RN";226;306,8;"JANDUIS";"Agressão Externa";"Saída de leito carroçável";"Com Vítimas Feridas";"Pleno dia";"Crescente";"Céu Claro";"Simples";"Reta";"Não";1;0;0;1;0;0;1;1;-5,994866;-37,381843;"SPRF-RN";"DEL04-RN";"UOP01-DEL04-RN"
213953;2019-06-06;"quinta-feira";"17:15:00";"RS";153;45;"ERECHIM";"Desobediência às normas de trânsito pelo condutor";"Colisão transversal";"Com Vítimas Feridas";"Anoitecer";"Decrescente";"Céu Claro";"Simples";"Declive;Curva";"Sim";2;0;2;0;0;0;2;2;-27,63315;-52,23645;"SPRF-RS";"DEL08-RS";"UOP04-DEL08-RS"
213954;2019-06-06;"quinta-feira";"15:10:00";"SC";163;113,7;"GUARUJA DO SUL";"Falta de Atenção à Condução";"Colisão frontal";"Com Vítimas Feridas";"Pleno dia";"Decrescente";"Céu Claro";"Simples";"Reta";"Não";2;0;0;1;1;0;1;2;-26,38298412;-53,5226101;"SPRF-SC";"DEL07-SC";"UOP04-DEL07-SC"
213955;2019-06-06;"quinta-feira";"18:00:00";"SP";116;220;"GUARULHOS";"Falta de Atenção à Condução";"Colisão lateral";"Com Vítimas Feridas";"Plena Noite";"Crescente";"Céu Claro";"Múltipla";"Reta";"Não";2;0;1;0;1;0;1;2;-23,46472809;-46,49793962;"SPRF-SP";"DEL01-SP";"UOP01-DEL01-SP"
213958;2019-06-06;"quinta-feira";"17:50:00";"GO";153;498,5;"GOIANIA";"Não guardar distância de segurança";"Colisão traseira";"Sem Vítimas";"Anoitecer";"Crescente";"Céu Claro";"Dupla";"Aclive";"Sim";5;0;0;0;5;0;0;3;-16,6939;-49,2321;"SPRF-GO";"DEL01-GO";"UOP01-DEL01-GO"
213959;2019-06-06;"quinta-feira";"14:35:00";"SC";282;384,3;"JOACABA";"Falta de Atenção à Condução";"Colisão traseira";"Com Vítimas Feridas";"Pleno dia";"Crescente";"Céu Claro";"Simples";"Rotatória";"Sim";5;0;1;0;4;0;1;2;-27,20299;-51,515095;"SPRF-SC";"DEL07-SC";"UOP05-DEL07-SC"
213960;2019-06-06;"quinta-feira";"18:20:00";"DF";60;2,6;"BRASILIA";"Desobediência às normas de trânsito pelo condutor";"Colisão traseira";"Com Vítimas Feridas";"Plena Noite";"Crescente";"Céu Claro";"Dupla";"Interseção de Vias";"Sim";2;0;1;0;1;0;1;2;-15,887383;-48,077988;"SPRF-DF";"DEL01-DF";"UOP01-DEL03-DF"
213962;2019-06-06;"quinta-feira";"18:15:00";"SC";101;195;"BIGUACU";"Falta de Atenção à Condução";"Colisão traseira";"Sem Vítimas";"Plena Noite";"Decrescente";"Céu Claro";"Dupla";"Reta";"Sim";3;0;0;0;3;0;0;3;-27,5047092;-48,65010819;"SPRF-SC";"DEL01-SC";"UOP01-DEL01-SC"
213963;2019-06-06;"quinta-feira";"17:20:00";"GO";60;96,4;"ANAPOLIS";"Não guardar distância de segurança";"Colisão traseira";"Com Vítimas Feridas";"Pleno dia";"Crescente";"Céu Claro";"Dupla";"Reta";"Sim";2;0;1;0;1;0;1;2;-16,371;-48,9422;"SPRF-GO";"DEL02-GO";"UOP01-DEL02-GO"
213965;2019-06-06;"quinta-feira";"18:50:00";"PI";343;0,3;"LUIS CORREIA";"Falta de Atenção do Pedestre";"Atropelamento de Pedestre";"Com Vítimas Feridas";"Plena Noite";"Decrescente";"Céu Claro";"Simples";"Curva";"Sim";2;0;1;0;1;0;1;2;-2,88521327;-41,66533459;"SPRF-PI";"DEL05-PI";"UOP01-DEL05-PI"
213966;2019-06-06;"quinta-feira";"18:30:00";"GO";60;42,8;"APARECIDA DE GOIANIA";"Defeito Mecânico no Veículo";"Tombamento";"Com Vítimas Feridas";"Anoitecer";"Decrescente";"Céu Claro";"Dupla";"Reta";"Sim";2;0;2;0;0;0;2;1;-16,77133588;-49,31126031;"SPRF-GO";"DEL01-GO";"UOP03-DEL01-GO"
213967;2019-06-06;"quinta-feira";"16:35:00";"BA";116;819,1;"VITORIA DA CONQUISTA";"Falta de Atenção à Condução";"Colisão traseira";"Com Vítimas Feridas";"Pleno dia";"Crescente";"Céu Claro";"Simples";"Curva";"Não";2;0;2;0;0;0;2;2;-14,79057315;-40,75539592;"SPRF-BA";"DEL08-BA";"UOP01-DEL08-BA"
213968;2019-06-06;"quinta-feira";"18:50:00";"PR";376;3,6;"APUCARANA";"Desobediência às normas de trânsito pelo condutor";"Colisão lateral";"Com Vítimas Feridas";"Anoitecer";"Crescente";"Céu Claro";"Simples";"Interseção de Vias";"Sim";3;0;0;2;1;0;2;2;-23,5513;-51,461266;"SPRF-PR";"DEL07-PR";"UOP03-DEL07-PR"
213971;2019-06-06;"quinta-feira";"19:00:00";"PR";376;178,8;"MARINGA";"Desobediência às normas de trânsito pelo condutor";"Colisão frontal";"Com Vítimas Feridas";"Plena Noite";"Decrescente";"Céu Claro";"Dupla";"Reta";"Sim";3;0;0;1;2;0;1;2;-23,41891174;-51,91377997;"SPRF-PR";"DEL07-PR";"UOP01-DEL09-PR"
213972;2019-06-06;"quinta-feira";"18:30:00";"PR";369;145,4;"LONDRINA";"Falta de Atenção do Pedestre";"Atropelamento de Pedestre";"Com Vítimas Fatais";"Anoitecer";"Decrescente";"Céu Claro";"Dupla";"Reta;Declive";"Não";3;1;1;0;0;1;1;2;-23,293407;-51,116909;"SPRF-PR";"DEL07-PR";"UOP01-DEL07-PR"
213973;2019-06-06;"quinta-feira";"18:00:00";"MG";40;405,9;"CURVELO";"Ingestão de Álcool";"Saída de leito carroçável";"Sem Vítimas";"Plena Noite";"Crescente";"Céu Claro";"Simples";"Reta";"Não";1;0;0;0;1;0;0;1;-19,07431507;-44,65434358;"SPRF-MG";"DEL02-MG";"UOP01-DEL02-MG"
213974;2019-06-06;"quinta-feira";"18:45:00";"MG";356;267,7;"MURIAE";"Animais na Pista";"Tombamento";"Com Vítimas Feridas";"Plena Noite";"Crescente";"Nublado";"Simples";"Reta";"Sim";1;0;1;0;0;0;1;1;-21,12725696;-42,35052695;"SPRF-MG";"DEL07-MG";"UOP02-DEL07-MG"
213975;2019-06-06;"quinta-feira";"19:00:00";"ES";101;66;"SAO MATEUS";"Falta de Atenção à Condução";"Colisão traseira";"Com Vítimas Feridas";"Plena Noite";"Crescente";"Céu Claro";"Simples";"Reta";"Sim";2;0;1;0;1;0;1;2;-18,7165195;-39,87436378;"SPRF-ES";"DEL04-ES";"UOP02-DEL04-ES"
213976;2019-06-06;"quinta-feira";"19:10:00";"SC";101;119;"ITAJAI";"Falta de Atenção à Condução";"Tombamento";"Com Vítimas Feridas";"Plena Noite";"Crescente";"Céu Claro";"Dupla";"Reta";"Não";1;0;1;0;0;0;1;1;-26,9043179;-48,71555481;"SPRF-SC";"DEL04-SC";"UOP04-DEL04-SC"
213977;2019-04-11;"quinta-feira";"08:28:00";"PI";343;339,9;"TERESINA";"Desobediência às normas de trânsito pelo condutor";"Colisão frontal";"Com Vítimas Feridas";"Pleno dia";"Decrescente";"Céu Claro";"Simples";"Interseção de Vias";"Sim";2;0;1;0;1;0;1;2;-5,07334083;-42,73568007;"SPRF-PI";"DEL01-PI";"UOP01-DEL01-PI"
213978;2019-06-06;"quinta-feira";"18:40:00";"PR";277;597;"CASCAVEL";"Mal Súbito";"Colisão frontal";"Com Vítimas Feridas";"Plena Noite";"Decrescente";"Céu Claro";"Simples";"Reta";"Não";2;0;1;0;1;0;1;2;-24,9177;-53,4836;"SPRF-PR";"DEL04-PR";"UOP01-DEL04-PR"
213981;2019-06-06;"quinta-feira";"19:24:00";"RJ";116;78;"TERESOPOLIS";"Falta de Atenção à Condução";"Colisão transversal";"Com Vítimas Feridas";"Plena Noite";"Crescente";"Nublado";"Simples";"Reta";"Sim";2;0;0;1;1;0;1;2;-22,37408687;-42,95260496;"SPRF-RJ";"DEL04-RJ";"UOP01-DEL04-RJ"
213982;2019-06-06;"quinta-feira";"19:00:00";"SP";116;217,8;"GUARULHOS";"Falta de Atenção à Condução";"Colisão traseira";"Com Vítimas Feridas";"Plena Noite";"Decrescente";"Céu Claro";"Múltipla";"Aclive";"Sim";2;0;1;0;1;0;1;2;-23,45423824;-46,47119028;"SPRF-SP";"DEL01-SP";"UOP01-DEL01-SP"
213983;2019-06-06;"quinta-feira";"18:40:00";"RS";116;525,2;"PELOTAS";"Não guardar distância de segurança";"Colisão traseira";"Sem Vítimas";"Plena Noite";"Crescente";"Céu Claro";"Dupla";"Viaduto";"Não";3;0;0;0;3;0;0;3;-31,7359522;-52,39349776;"SPRF-RS";"DEL07-RS";"UOP01-DEL07-RS"
213984;2019-06-06;"quinta-feira";"15:50:00";"MG";40;614,2;"CONGONHAS";"Falta de Atenção à Condução";"Colisão transversal";"Com Vítimas Feridas";"Pleno dia";"Decrescente";"Céu Claro";"Simples";"Curva";"Não";3;0;2;0;0;1;2;2;-20,52977973;-43,82351464;"SPRF-MG";"DEL05-MG";"UOP02-DEL05-MG"
213985;2019-06-06;"quinta-feira";"19:20:00";"PR";476;142;"CURITIBA";"Falta de Atenção à Condução";"Colisão traseira";"Com Vítimas Feridas";"Plena Noite";"Crescente";"Nublado";"Dupla";"Declive;Reta";"Sim";2;0;1;0;0;1;1;2;-25,537161;-49,301632;"SPRF-PR";"DEL01-PR";"UOP03-DEL01-PR"
213986;2019-06-06;"quinta-feira";"17:06:00";"PR";277;446,5;"LARANJEIRAS DO SUL";"Velocidade Incompatível";"Saída de leito carroçável";"Com Vítimas Feridas";"Pleno dia";"Crescente";"Céu Claro";"Simples";"Reta";"Não";1;0;1;0;0;0;1;1;-25,36878309;-52,34092405;"SPRF-PR";"DEL04-PR";"UOP02-DEL04-PR"
213989;2019-06-06;"quinta-feira";"19:00:00";"MS";163;258;"DOURADOS";"Falta de Atenção à Condução";"Colisão traseira";"Com Vítimas Feridas";"Plena Noite";"Crescente";"Céu Claro";"Dupla";"Interseção de Vias;Rotatória";"Sim";2;0;1;0;1;0;1;2;-22,25859;-54,783592;"SPRF-MS";"DEL04-MS";"UOP01-DEL04-MS"
213990;2019-06-06;"quinta-feira";"17:30:00";"RO";364;273,8;"CACOAL";"Desobediência às normas de trânsito pelo condutor";"Colisão transversal";"Com Vítimas Fatais";"Pleno dia";"Decrescente";"Sol";"Simples";"Interseção de Vias";"Não";3;1;1;1;0;0;2;2;-11,386326;-61,748211;"SPRF-RO";"DEL02-RO";"UOP02-DEL02-RO"
213991;2019-06-06;"quinta-feira";"20:30:00";"ES";262;4,3;"CARIACICA";"Ingestão de Álcool";"Atropelamento de Pedestre";"Sem Vítimas";"Plena Noite";"Crescente";"Nublado";"Dupla";"Reta";"Sim";2;0;0;0;2;0;0;2;-20,33677573;-40,37956774;"SPRF-ES";"DEL01-ES";"UOP01-DEL01-ES"
213992;2019-06-06;"quinta-feira";"18:30:00";"SP";262;321,7;"CASTILHO";"Animais na Pista";"Colisão com objeto estático";"Sem Vítimas";"Plena Noite";"Crescente";"Céu Claro";"Múltipla";"Reta";"Não";1;0;0;0;1;0;0;1;-20,78935176;-51,61112808;"SPRF-MS";"DEL07-MS";"UOP01-DEL07-MS"
213995;2019-06-06;"quinta-feira";"20:05:00";"MG";40;527;"CONTAGEM";"Falta de Atenção à Condução";"Saída de leito carroçável";"Com Vítimas Feridas";"Plena Noite";"Decrescente";"Ignorado";"Múltipla";"Curva";"Sim";1;0;1;0;0;0;1;1;-19,90149502;-44,04938939;"SPRF-MG";"DEL01-MG";"UOP02-DEL01-MG"
213996;2019-06-06;"quinta-feira";"20:00:00";"RR";432;210;"CANTA";"Ingestão de Álcool";"Colisão frontal";"Com Vítimas Feridas";"Plena Noite";"Decrescente";"Chuva";"Simples";"Reta";"Não";2;0;1;0;1;0;1;2;2,77147801;-60,60902275;"SPRF-RR";"DEL01-RR";"UOP01-DEL01-RR"
213997;2019-06-06;"quinta-feira";"21:00:00";"GO";40;1,9;"VALPARAISO DE GOIAS";"Falta de Atenção à Condução";"Colisão traseira";"Com Vítimas Feridas";"Plena Noite";"Decrescente";"Céu Claro";"Dupla";"Reta";"Sim";2;0;1;0;1;0;1;2;-16,058245;-47,982825;"SPRF-DF";"DEL01-DF";"UOP01-DEL01-DF"
213998;2019-06-06;"quinta-feira";"19:20:00";"MG";354;732,5;"POUSO ALTO";"Pista Escorregadia";"Saída de leito carroçável";"Com Vítimas Feridas";"Plena Noite";"Decrescente";"Céu Claro";"Simples";"Curva";"Não";2;0;2;0;0;0;2;1;-22,17309872;-44,96360779;"SPRF-MG";"DEL05-MG";"UOP01-DEL17-MG"
213999;2019-06-06;"quinta-feira";"21:10:00";"MG";262;802,7;"UBERABA";"Falta de Atenção do Pedestre";"Atropelamento de Pedestre";"Com Vítimas Fatais";"Plena Noite";"Decrescente";"Céu Claro";"Dupla";"Curva";"Sim";2;1;0;0;1;0;0;2;-19,779234;-47,964844;"SPRF-MG";"DEL13-MG";"UOP01-DEL13-MG"
214001;2019-06-06;"quinta-feira";"17:45:00";"ES";101;108;"SOORETAMA";"Falta de Atenção à Condução";"Queda de ocupante de veículo";"Com Vítimas Feridas";"Anoitecer";"Crescente";"Céu Claro";"Simples";"Reta";"Não";2;0;1;0;1;0;1;1;-19,04580488;-40,02680125;"SPRF-ES";"DEL04-ES";"UOP01-DEL04-ES"
214003;2019-06-06;"quinta-feira";"22:00:00";"MG";40;528;"CONTAGEM";"Falta de Atenção do Pedestre";"Tombamento";"Com Vítimas Feridas";"Plena Noite";"Decrescente";"Céu Claro";"Dupla";"Reta";"Sim";1;0;0;1;0;0;1;1;-19,91138351;-44,04212952;"SPRF-MG";"DEL01-MG";"UOP02-DEL01-MG"
214005;2019-06-06;"quinta-feira";"21:35:00";"PI";343;597;"FLORIANO";"Ingestão de Álcool";"Colisão traseira";"Com Vítimas Feridas";"Plena Noite";"Decrescente";"Céu Claro";"Dupla";"Reta";"Sim";2;0;1;1;0;0;2;2;-6,812184;-43,056244;"SPRF-PI";"DEL03-PI";"UOP01-DEL03-PI"
214006;2019-06-06;"quinta-feira";"21:05:00";"RS";287;251,9;"SANTA MARIA";"Desobediência às normas de trânsito pelo condutor";"Colisão frontal";"Com Vítimas Feridas";"Plena Noite";"Decrescente";"Céu Claro";"Simples";"Em Obras;Curva";"Sim";3;0;1;1;1;0;2;2;-29,68739099;-53,88262868;"SPRF-RS";"DEL09-RS";"UOP01-DEL09-RS"
214007;2019-06-06;"quinta-feira";"21:50:00";"MG";40;575;"ITABIRITO";"Falta de Atenção do Pedestre";"Atropelamento de Pedestre";"Com Vítimas Feridas";"Plena Noite";"Decrescente";"Céu Claro";"Simples";"Reta";"Não";2;0;1;0;1;0;1;2;-20,25658707;-43,96098023;"SPRF-MG";"DEL01-MG";"UOP02-DEL01-MG"
214008;2019-06-06;"quinta-feira";"21:20:00";"SP";116;273;"TABOAO DA SERRA";"Pista Escorregadia";"Tombamento";"Com Vítimas Feridas";"Plena Noite";"Decrescente";"Nublado";"Múltipla";"Curva";"Sim";1;0;1;0;0;0;1;1;-23,62809795;-46,81870306;"SPRF-SP";"DEL04-SP";"UOP01-DEL04-SP"
214009;2019-06-06;"quinta-feira";"10:30:00";"RO";364;907;"PORTO VELHO";"Defeito na Via";"Saída de leito carroçável";"Com Vítimas Feridas";"Pleno dia";"Decrescente";"Sol";"Simples";"Reta";"Não";8;0;2;0;6;0;2;2;-9,71379981;-65,18765506;"SPRF-RO";"DEL01-RO";"UOP02-DEL01-RO"
214010;2019-06-06;"quinta-feira";"10:40:00";"AM";230;579;"HUMAITA";"Desobediência às normas de trânsito pelo condutor";"Colisão frontal";"Com Vítimas Feridas";"Pleno dia";"Decrescente";"Sol";"Simples";"Reta";"Não";6;0;1;0;4;1;1;3;-7,57392927;-62,78631312;"SPRF-RO";"DEL01-RO";"UOP05-DEL01-AM"
214011;2019-06-06;"quinta-feira";"16:30:00";"BA";407;1;"JUAZEIRO";"Falta de Atenção à Condução";"Colisão traseira";"Com Vítimas Feridas";"Pleno dia";"Decrescente";"Nublado";"Simples";"Reta";"Sim";4;0;1;0;3;0;1;4;-9,41845604;-40,50725978;"SPRF-PE";"DEL06-PE";"UOP01-DEL06-PE"
214012;2019-06-06;"quinta-feira";"21:35:00";"SC";470;135,5;"RIO DO SUL";"Falta de Atenção à Condução";"Colisão transversal";"Com Vítimas Feridas";"Plena Noite";"Decrescente";"Nublado";"Simples";"Reta";"Não";3;0;0;1;1;1;1;3;-27,18310969;-49,60201889;"SPRF-SC";"DEL04-SC";"UOP02-DEL04-SC"
214013;2019-06-06;"quinta-feira";"22:00:00";"PR";116;126;"FAZENDA RIO GRANDE";"Defeito Mecânico no Veículo";"Incêndio";"Sem Vítimas";"Plena Noite";"Decrescente";"Céu Claro";"Dupla";"Reta";"Sim";2;0;0;0;2;0;0;1;-25,60389895;-49,31824423;"SPRF-PR";"DEL01-PR";"UOP03-DEL01-PR"
214014;2019-06-06;"quinta-feira";"22:00:00";"RN";304;242;"RIACHUELO";"Desobediência às normas de trânsito pelo condutor";"Colisão transversal";"Sem Vítimas";"Plena Noite";"Crescente";"Céu Claro";"Simples";"Reta";"Sim";2;0;0;0;2;0;0;2;-5,81157;-35,821495;"SPRF-RN";"DEL01-RN";"UOP02-DEL01-RN"
214017;2019-06-06;"quinta-feira";"22:00:00";"MS";158;160;"APARECIDA DO TABOADO";"Falta de Atenção à Condução";"Colisão traseira";"Com Vítimas Feridas";"Plena Noite";"Decrescente";"Céu Claro";"Simples";"Reta";"Não";4;0;3;0;1;0;3;1;-20,17813999;-51,21382703;"SPRF-MS";"DEL08-MS";"UOP01-DEL08-MS"
214018;2019-06-06;"quinta-feira";"23:35:00";"SP";116;225,6;"GUARULHOS";"Falta de Atenção à Condução";"Tombamento";"Com Vítimas Feridas";"Plena Noite";"Crescente";"Céu Claro";"Dupla";"Reta";"Sim";1;0;1;0;0;0;1;1;-23,48586772;-46,54075317;"SPRF-SP";"DEL01-SP";"UOP01-DEL01-SP"
214022;2019-06-07;"sexta-feira";"00:40:00";"TO";153;540;"NOVA ROSALANDIA";"Condutor Dormindo";"Colisão com objeto estático";"Com Vítimas Feridas";"Plena Noite";"Crescente";"Céu Claro";"Dupla";"Curva";"Sim";1;0;1;0;0;0;1;1;-10,56436081;-48,91377211;"SPRF-TO";"DEL02-TO";"UOP01-DEL01-TO"
214025;2019-06-04;"terça-feira";"06:50:00";"MG";381;424,7;"CAETE";"Pista Escorregadia";"Queda de ocupante de veículo";"Com Vítimas Feridas";"Pleno dia";"Crescente";"Céu Claro";"Simples";"Reta";"Não";1;0;1;0;0;0;1;1;-19,76591601;-43,64333868;"SPRF-MG";"DEL01-MG";"UOP01-DEL01-MG"
214026;2019-06-07;"sexta-feira";"01:30:00";"RJ";393;218,9;"VASSOURAS";"Falta de Atenção à Condução";"Colisão traseira";"Com Vítimas Feridas";"Plena Noite";"Crescente";"Céu Claro";"Simples";"Reta";"Não";3;0;1;1;1;0;2;2;-22,33149897;-43,54491234;"SPRF-RJ";"DEL05-RJ";"UOP03-DEL05-RJ"
214027;2019-06-07;"sexta-feira";"01:50:00";"PR";376;178,6;"MARINGA";"Defeito Mecânico no Veículo";"Incêndio";"Sem Vítimas";"Plena Noite";"Crescente";"Céu Claro";"Dupla";"Reta";"Sim";1;0;0;0;0;1;0;1;-23,4192146;-51,91293985;"SPRF-PR";"DEL07-PR";"UOP01-DEL09-PR"
214030;2019-06-07;"sexta-feira";"02:30:00";"PE";407;124;"PETROLINA";"Condutor Dormindo";"Saída de leito carroçável";"Com Vítimas Feridas";"Amanhecer";"Decrescente";"Céu Claro";"Dupla";"Rotatória";"Sim";1;0;0;1;0;0;1;1;-9,37349962;-40,53888559;"SPRF-PE";"DEL06-PE";"UOP01-DEL06-PE"
214031;2019-06-06;"quinta-feira";"23:50:00";"SC";470;244;"CURITIBANOS";"Ingestão de Álcool";"Saída de leito carroçável";"Sem Vítimas";"Plena Noite";"Decrescente";"Céu Claro";"Simples";"Reta";"Sim";1;0;0;0;1;0;0;1;-27,314579;-50,515827;"SPRF-SC";"DEL05-SC";"UOP03-DEL05-SC"
214033;2019-05-24;"sexta-feira";"23:00:00";"PB";230;15,5;"JOAO PESSOA";"Ingestão de Álcool";"Colisão frontal";"Com Vítimas Feridas";"Plena Noite";"Crescente";"Céu Claro";"Dupla";"Reta;Aclive";"Sim";2;0;1;0;1;0;1;2;-7,093;-34,8482;"SPRF-PB";"DEL01-PB";"UOP01-DEL01-PB"
214034;2019-06-07;"sexta-feira";"03:30:00";"SC";470;66,4;"INDAIAL";"Restrição de Visibilidade";"Saída de leito carroçável";"Com Vítimas Feridas";"Plena Noite";"Decrescente";"Nevoeiro/Neblina";"Simples";"Curva";"Sim";1;0;1;0;0;0;1;1;-26,87029689;-49,22778737;"SPRF-SC";"DEL04-SC";"UOP01-DEL04-SC"
214039;2019-06-07;"sexta-feira";"04:00:00";"RJ";116;313,5;"RESENDE";"Condutor Dormindo";"Queda de ocupante de veículo";"Com Vítimas Feridas";"Plena Noite";"Decrescente";"Céu Claro";"Dupla";"Aclive;Reta";"Não";1;0;0;1;0;0;1;1;-22,45998766;-44,46237202;"SPRF-RJ";"DEL07-RJ";"DEL5/7-UOP03/RJ"
214040;2019-06-07;"sexta-feira";"03:45:00";"SC";101;120;"ITAJAI";"Velocidade Incompatível";"Saída de leito carroçável";"Sem Vítimas";"Plena Noite";"Decrescente";"Chuva";"Simples";"Reta";"Sim";1;0;0;0;1;0;0;1;-26,912758;-48,711998;"SPRF-SC";"DEL04-SC";"UOP04-DEL04-SC"
214042;2019-06-07;"sexta-feira";"01:00:00";"RS";290;31;"SANTO ANTONIO DA PATRULHA";"Ingestão de Álcool";"Saída de leito carroçável";"Sem Vítimas";"Plena Noite";"Decrescente";"Nublado";"Dupla";"Reta";"Não";1;0;0;0;1;0;0;1;-29,883911;-50,565765;"SPRF-RS";"DEL03-RS";"UOP01-DEL03-RS"
214043;2019-06-07;"sexta-feira";"05:45:00";"RJ";101;111;"CAMPOS DOS GOYTACAZES";"Falta de Atenção à Condução";"Saída de leito carroçável";"Com Vítimas Feridas";"Amanhecer";"Decrescente";"Céu Claro";"Simples";"Curva";"Não";2;0;1;0;1;0;1;1;-21,96256001;-41,64818859;"SPRF-RJ";"DEL08-RJ";"UOP02-DEL08-RJ"