"id";"data_inversa";"dia_semana";"horario";"uf";"br";"km";"municipio";"causa_acidente";"tipo_acidente";"classificacao_acidente";"fase_dia";"sentido_via";"condicao_metereologica";"tipo_pista";"tracado_via";"uso_solo";"pessoas";"mortos";"feridos_leves";"feridos_graves";"ilesos";"ignorados";"feridos";"veiculos";"latitude";"longitude";"regional";"delegacia";"uop"
214166;2019-06-07;"sexta-feira";"16:20:00";"GO";153;515,1;"APARECIDA DE GOIANIA";"Agressão Externa";"Queda de ocupante de veículo";"Com Vítimas Feridas";"Pleno dia";"Decrescente";"Céu Claro";"Dupla";"Reta";"Sim";1;0;1;0;0;0;1;1;-16,8413;-49,2454;"SPRF-GO";"DEL01-GO";"UOP03-DEL01-GO"
214167;2019-05-11;"sábado";"08:50:00";"PB";101;99;"ALHANDRA";"Falta de Atenção à Condução";"Colisão transversal";"Com Vítimas Feridas";"Pleno dia";"Decrescente";"Céu Claro";"Dupla";"Retorno Regulamentado";"Sim";2;0;1;0;1;0;1;2;-7,24692282;-34,93113937;"SPRF-PB";"DEL01-PB";"UOP01-DEL01-PB"
214168;2019-04-12;"sexta-feira";"23:15:00";"SE";101;61;"ROSARIO DO CATETE";"Falta de Atenção à Condução";"Colisão transversal";"Com Vítimas Fatais";"Plena Noite";"Decrescente";"Nublado";"Simples";"Interseção de Vias;Reta";"Não";15;1;14;0;0;0;14;2;-10,6767911;-37,03102283;"SPRF-SE";"DEL02-SE";"UOP02-DEL02-SE"
214169;2019-06-07;"sexta-feira";"16:08:00";"SC";101;207,1;"SAO JOSE";"Não guardar distância de segurança";"Colisão traseira";"Com Vítimas Feridas";"Pleno dia";"Crescente";"Céu Claro";"Múltipla";"Reta";"Sim";3;0;2;0;1;0;2;2;-27,60001226;-48,6226467;"SPRF-SC";"DEL01-SC";"UOP01-DEL01-SC"
214170;2019-06-07;"sexta-feira";"16:00:00";"SP";116;278;"EMBU DAS ARTES";"Não guardar distância de segurança";"Colisão lateral";"Com Vítimas Feridas";"Pleno dia";"Decrescente";"Céu Claro";"Dupla";"Aclive";"Não";4;0;2;0;2;0;2;3;-23,65508497;-46,84918605;"SPRF-SP";"DEL04-SP";"UOP01-DEL04-SP"
214172;2019-06-07;"sexta-feira";"14:40:00";"MG";381;181,1;"PERIQUITO";"Falta de Atenção à Condução";"Colisão transversal";"Com Vítimas Feridas";"Pleno dia";"Crescente";"Céu Claro";"Simples";"Reta";"Não";4;0;4;0;0;0;4;3;-19,04766095;-42,15522105;"SPRF-MG";"DEL06-MG";"UOP01-DEL06-MG"
214173;2019-06-07;"sexta-feira";"16:35:00";"RN";101;94;"NATAL";"Falta de Atenção à Condução";"Colisão traseira";"Sem Vítimas";"Anoitecer";"Decrescente";"Céu Claro";"Múltipla";"Reta";"Não";3;0;0;0;3;0;0;2;-5,83176615;-35,21191342;"SPRF-RN";"DEL01-RN";"UOP01-DEL01-RN"
214174;2019-06-07;"sexta-feira";"16:30:00";"SP";116;231,2;"SAO PAULO";"Não guardar distância de segurança";"Colisão lateral";"Com Vítimas Feridas";"Pleno dia";"Decrescente";"Nublado";"Dupla";"Reta";"Sim";2;0;1;0;1;0;1;2;-23,5290581;-46,59398303;"SPRF-SP";"DEL01-SP";"UOP01-DEL01-SP"
214175;2019-05-26;"domingo";"18:30:00";"ES";262;18;"VIANA";"Desobediência às normas de trânsito pelo condutor";"Colisão transversal";"Sem Vítimas";"Plena Noite";"Crescente";"Céu Claro";"Simples";"Reta";"Sim";2;0;0;0;2;0;0;2;-20,39177893;-40,48238754;"SPRF-ES";"DEL01-ES";"UOP01-DEL01-ES"
214176;2019-06-07;"sexta-feira";"17:30:00";"SC";470;56,3;"BLUMENAU";"Falta de Atenção à Condução";"Colisão transversal";"Com Vítimas Feridas";"Anoitecer";"Decrescente";"Céu Claro";"Simples";"Reta";"Sim";2;0;0;1;1;0;1;2;-26,87674;-49,127743;"SPRF-SC";"DEL04-SC";"UOP01-DEL04-SC"
214177;2019-06-07;"sexta-feira";"17:18:00";"DF";20;56,8;"BRASILIA";"Agressão Externa";"Saída de leito carroçável";"Com Vítimas Feridas";"Pleno dia";"Crescente";"Nublado";"Dupla";"Curva";"Não";1;0;1;0;0;0;1;1;-15,58629521;-47,35950038;"SPRF-DF";"DEL02-DF";"UOP01-DEL02-DF"
214179;2019-06-07;"sexta-feira";"17:35:00";"SC";101;219,7;"PALHOCA";"Falta de Atenção à Condução";"Queda de ocupante de veículo";"Com Vítimas Feridas";"Anoitecer";"Decrescente";"Céu Claro";"Dupla";"Reta";"Não";1;0;0;1;0;0;1;1;-27,68392194;-48,66710085;"SPRF-SC";"DEL01-SC";"UOP02-DEL01-SC"
214183;2019-06-07;"sexta-feira";"17:30:00";"RJ";116;48;"TERESOPOLIS";"Falta de Atenção à Condução";"Colisão transversal";"Com Vítimas Feridas";"Anoitecer";"Crescente";"Nublado";"Simples";"Retorno Regulamentado";"Não";4;0;3;0;1;0;3;3;-22,17604324;-42,83938289;"SPRF-RJ";"DEL04-RJ";"UOP01-DEL04-RJ"
214185;2019-06-07;"sexta-feira";"16:50:00";"ES";101;264,1;"SERRA";"Falta de Atenção à Condução";"Colisão traseira";"Com Vítimas Feridas";"Anoitecer";"Decrescente";"Nublado";"Simples";"Interseção de Vias";"Sim";4;0;3;0;1;0;3;2;-20,17292791;-40,26736384;"SPRF-ES";"DEL02-ES";"UOP01-DEL02-ES"
214186;2019-06-07;"sexta-feira";"18:00:00";"SC";280;5;"SAO FRANCISCO DO SUL";"Ingestão de Álcool";"Colisão traseira";"Com Vítimas Feridas";"Anoitecer";"Decrescente";"Céu Claro";"Simples";"Reta";"Sim";4;0;2;0;2;0;2;3;-26,26011706;-48,62571995;"SPRF-SC";"DEL03-SC";"UOP03-DEL03-SC"
214188;2019-06-07;"sexta-feira";"18:05:00";"PR";376;646;"TIJUCAS DO SUL";"Falta de Atenção do Pedestre";"Atropelamento de Pedestre";"Com Vítimas Fatais";"Plena Noite";"Decrescente";"Céu Claro";"Dupla";"Reta";"Não";4;1;0;0;1;2;0;2;-25,82793738;-49,11945654;"SPRF-PR";"DEL01-PR";"UOP04-DEL01-PR"
214189;2019-06-07;"sexta-feira";"17:40:00";"PR";277;585,7;"CASCAVEL";"Ingestão de Álcool";"Colisão transversal";"Sem Vítimas";"Anoitecer";"Crescente";"Céu Claro";"Simples";"Reta";"Não";2;0;0;0;2;0;0;2;-24,96400704;-53,41227401;"SPRF-PR";"DEL04-PR";"UOP01-DEL04-PR"
214193;2019-06-07;"sexta-feira";"18:00:00";"PR";373;279,8;"PRUDENTOPOLIS";"Desobediência às normas de trânsito pelo condutor";"Colisão frontal";"Com Vítimas Fatais";"Anoitecer";"Crescente";"Céu Claro";"Simples";"Reta";"Não";6;2;4;0;0;0;4;2;-25,26684417;-51,09457081;"SPRF-PR";"DEL03-PR";"UOP01-DEL03-PR"
214194;2019-06-07;"sexta-feira";"18:10:00";"DF";60;4,5;"BRASILIA";"Não guardar distância de segurança";"Colisão traseira";"Com Vítimas Feridas";"Anoitecer";"Crescente";"Céu Claro";"Dupla";"Reta";"Sim";2;0;1;0;1;0;1;2;-15,892721;-48,095741;"SPRF-DF";"DEL01-DF";"UOP01-DEL03-DF"
214195;2019-06-07;"sexta-feira";"17:45:00";"AL";104;89;"RIO LARGO";"Falta de Atenção à Condução";"Colisão lateral";"Com Vítimas Feridas";"Plena Noite";"Decrescente";"Céu Claro";"Dupla";"Reta";"Sim";2;0;1;0;1;0;1;2;-9,49216808;-35,81471324;"SPRF-AL";"DEL01-AL";"UOP01-DEL01-AL"
214196;2019-06-07;"sexta-feira";"18:00:00";"SC";101;210;"SAO JOSE";"Falta de Atenção à Condução";"Colisão lateral";"Com Vítimas Feridas";"Anoitecer";"Decrescente";"Céu Claro";"Simples";"Reta";"Sim";2;0;1;0;1;0;1;2;-27,6167305;-48,6457265;"SPRF-SC";"DEL01-SC";"UOP01-DEL01-SC"
214197;2019-06-07;"sexta-feira";"18:20:00";"PE";408;62;"CARPINA";"Desobediência às normas de trânsito pelo condutor";"Colisão frontal";"Com Vítimas Fatais";"Plena Noite";"Crescente";"Céu Claro";"Simples";"Reta";"Não";2;1;1;0;0;0;1;2;-7,83198297;-35,24473969;"SPRF-PE";"DEL01-PE";"UOP01-DEL01-PE"
214198;2019-06-07;"sexta-feira";"17:10:00";"MS";463;2;"DOURADOS";"Falta de Atenção à Condução";"Colisão transversal";"Com Vítimas Feridas";"Anoitecer";"Crescente";"Céu Claro";"Simples";"Aclive;Reta";"Sim";2;0;1;0;1;0;1;2;-22,2591541;-54,823354;"SPRF-MS";"DEL04-MS";"UOP01-DEL04-MS"
214200;2019-06-07;"sexta-feira";"18:50:00";"MG";459;14,2;"CALDAS";"Desobediência às normas de trânsito pelo condutor";"Colisão frontal";"Com Vítimas Feridas";"Plena Noite";"Decrescente";"Céu Claro";"Simples";"Reta";"Não";3;0;0;2;1;0;2;2;-21,831066;-46,448425;"SPRF-MG";"DEL16-MG";"UOP01-DEL09-MG"
214201;2019-06-07;"sexta-feira";"18:15:00";"SP";116;203,8;"ARUJA";"Não guardar distância de segurança";"Colisão traseira";"Com Vítimas Feridas";"Plena Noite";"Decrescente";"Céu Claro";"Dupla";"Reta";"Não";3;0;1;0;2;0;1;2;-23,41060827;-46,34763895;"SPRF-SP";"DEL01-SP";"UOP02-DEL01-SP"
214202;2019-06-07;"sexta-feira";"18:50:00";"RS";468;104,9;"TRES PASSOS";"Desobediência às normas de trânsito pelo condutor";"Colisão transversal";"Com Vítimas Feridas";"Plena Noite";"Crescente";"Céu Claro";"Dupla";"Rotatória";"Sim";2;0;1;0;1;0;1;2;-27,44457274;-53,94943714;"SPRF-RS";"DEL08-RS";"UOP02-DEL08-RS"
214204;2019-06-07;"sexta-feira";"18:40:00";"DF";40;3,9;"BRASILIA";"Desobediência às normas de trânsito pelo condutor";"Atropelamento de Pedestre";"Com Vítimas Feridas";"Plena Noite";"Crescente";"Céu Claro";"Dupla";"Reta";"Não";2;0;1;0;1;0;1;2;-16,003145;-47,983944;"SPRF-DF";"DEL01-DF";"UOP01-DEL01-DF"
214209;2019-06-07;"sexta-feira";"18:00:00";"MA";230;2;"BARAO DE GRAJAU";"Falta de Atenção à Condução";"Colisão transversal";"Com Vítimas Feridas";"Pleno dia";"Crescente";"Céu Claro";"Simples";"Curva";"Sim";2;0;0;1;0;1;1;2;-6,75451474;-43,02540492;"SPRF-PI";"DEL03-PI";"UOP01-DEL03-PI"
214210;2019-06-07;"sexta-feira";"19:00:00";"SC";101;206;"SAO JOSE";"Falta de Atenção à Condução";"Colisão traseira";"Com Vítimas Feridas";"Plena Noite";"Crescente";"Céu Claro";"Simples";"Reta";"Sim";4;0;1;0;3;0;1;3;-27,59193546;-48,61824557;"SPRF-SC";"DEL01-SC";"UOP01-DEL01-SC"
214212;2019-06-07;"sexta-feira";"19:00:00";"SP";153;57,3;"SAO JOSE DO RIO PRETO";"Desobediência às normas de trânsito pelo condutor";"Colisão transversal";"Com Vítimas Feridas";"Plena Noite";"Decrescente";"Céu Claro";"Simples";"Em Obras;Aclive";"Sim";4;0;1;1;0;2;2;3;-20,76991095;-49,34982212;"SPRF-SP";"DEL09-SP";"UOP01-DEL09-SP"
214214;2019-06-07;"sexta-feira";"19:00:00";"RN";101;75;"EXTREMOZ";"Ingestão de Álcool";"Colisão traseira";"Sem Vítimas";"Plena Noite";"Decrescente";"Céu Claro";"Dupla";"Reta";"Sim";2;0;0;0;2;0;0;2;-5,721906;-35,27672;"SPRF-RN";"DEL02-RN";"UOP01-DEL02-RN"
214216;2019-06-07;"sexta-feira";"15:47:00";"BA";101;257;"SANTO ANTONIO DE JESUS";"Falta de Atenção à Condução";"Colisão lateral";"Com Vítimas Feridas";"Pleno dia";"Decrescente";"Nublado";"Dupla";"Reta";"Sim";3;0;2;0;1;0;2;2;-13,04006608;-39,28675236;"SPRF-BA";"DEL01-BA";"UOP02-DEL01-BA"
214217;2019-06-07;"sexta-feira";"18:45:00";"RO";364;235,8;"CACOAL";"Falta de Atenção à Condução";"Colisão transversal";"Com Vítimas Feridas";"Plena Noite";"Crescente";"Céu Claro";"Simples";"Reta";"Sim";3;0;0;1;1;1;1;3;-11,44587672;-61,43784993;"SPRF-RO";"DEL02-RO";"UOP02-DEL02-RO"
214218;2019-06-07;"sexta-feira";"19:30:00";"RN";101;149;"GOIANINHA";"Falta de Atenção do Pedestre";"Atropelamento de Pedestre";"Com Vítimas Feridas";"Plena Noite";"Crescente";"Céu Claro";"Dupla";"Reta";"Sim";2;0;0;1;1;0;1;2;-6,28708712;-35,20055221;"SPRF-RN";"DEL01-RN";"UOP01-DEL01-RN"
214219;2019-06-07;"sexta-feira";"18:10:00";"ES";101;295;"CARIACICA";"Não guardar distância de segurança";"Colisão traseira";"Sem Vítimas";"Plena Noite";"Decrescente";"Nublado";"Dupla";"Reta";"Sim";3;0;0;0;3;0;0;3;-20,33223667;-40,40004683;"SPRF-ES";"DEL01-ES";"UOP01-DEL01-ES"
214220;2019-06-07;"sexta-feira";"18:50:00";"MS";163;266,5;"DOURADOS";"Animais na Pista";"Atropelamento de Animal";"Com Vítimas Feridas";"Plena Noite";"Crescente";"Céu Claro";"Dupla";"Reta";"Sim";1;0;1;0;0;0;1;1;-22,21821026;-54,72287079;"SPRF-MS";"DEL04-MS";"UOP01-DEL04-MS"
214221;2019-06-07;"sexta-feira";"20:05:00";"RN";304;112;"ACU";"Ingestão de Álcool";"Engavetamento";"Sem Vítimas";"Plena Noite";"Decrescente";"Céu Claro";"Simples";"Reta";"Não";3;0;0;0;3;0;0;3;-5,60182065;-36,92122032;"SPRF-RN";"DEL04-RN";"UOP01-DEL04-RN"
214223;2019-06-07;"sexta-feira";"20:00:00";"RS";290;58,7;"GRAVATAI";"Falta de Atenção à Condução";"Colisão traseira";"Com Vítimas Feridas";"Plena Noite";"Decrescente";"Céu Claro";"Múltipla";"Reta";"Não";4;0;1;0;3;0;1;2;-29,920788;-50,838261;"SPRF-RS";"DEL03-RS";"UOP01-DEL03-RS"
214224;2019-06-07;"sexta-feira";"20:10:00";"GO";20;182;"SIMOLANDIA";"Falta de Atenção à Condução";"Colisão transversal";"Com Vítimas Feridas";"Plena Noite";"Crescente";"Céu Claro";"Simples";"Reta";"Sim";26;0;3;0;22;1;3;2;-14,463847;-46,480179;"SPRF-DF";"DEL02-DF";"UOP03-DEL02-DF"
214225;2019-06-07;"sexta-feira";"13:20:00";"SC";116;139,9;"SANTA CECILIA";"Falta de Atenção à Condução";"Colisão lateral";"Com Vítimas Feridas";"Pleno dia";"Decrescente";"Céu Claro";"Simples";"Reta";"Não";3;0;1;0;2;0;1;2;-26,96007677;-50,41626976;"SPRF-SC";"DEL06-SC";"UOP02-DEL06-SC"
214226;2019-06-07;"sexta-feira";"18:00:00";"AC";364;136;"RIO BRANCO";"Falta de Atenção à Condução";"Colisão traseira";"Com Vítimas Feridas";"Plena Noite";"Decrescente";"Céu Claro";"Dupla";"Rotatória";"Sim";2;0;1;0;1;0;1;2;-9,977578;-67,8489;"SPRF-AC";"DEL01-AC";"UOP01-DEL01-AC"
214227;2019-06-07;"sexta-feira";"19:40:00";"MT";364;370,2;"SANTO ANTONIO DO LEVERGER";"Falta de Atenção do Pedestre";"Atropelamento de Pedestre";"Com Vítimas Fatais";"Plena Noite";"Decrescente";"Céu Claro";"Dupla";"Reta";"Não";2;1;0;0;1;0;0;2;-15,72114932;-55,67804222;"SPRF-MT";"DEL02-MT";"UOP02-DEL01-MT"
214229;2019-06-07;"sexta-feira";"16:34:00";"PR";376;305,9;"MAUA DA SERRA";"Velocidade Incompatível";"Saída de leito carroçável";"Com Vítimas Feridas";"Pleno dia";"Decrescente";"Céu Claro";"Dupla";"Curva";"Não";1;0;1;0;0;0;1;1;-23,96167303;-51,11499389;"SPRF-PR";"DEL07-PR";"UOP02-DEL07-PR"
214230;2019-06-07;"sexta-feira";"19:00:00";"PI";316;241,3;"INHUMA";"Falta de Atenção à Condução";"Colisão frontal";"Com Vítimas Feridas";"Plena Noite";"Crescente";"Céu Claro";"Simples";"Reta";"Sim";2;0;2;0;0;0;2;2;-6,66104611;-41,71767496;"SPRF-PI";"DEL04-PI";"UOP02-DEL04-PI"
214231;2019-06-07;"sexta-feira";"21:00:00";"SC";470;6;"NAVEGANTES";"Falta de Atenção à Condução";"Colisão transversal";"Com Vítimas Feridas";"Plena Noite";"Decrescente";"Céu Claro";"Simples";"Reta";"Sim";3;0;2;0;1;0;2;2;-26,852238;-48,709545;"SPRF-SC";"DEL04-SC";"UOP04-DEL04-SC"
214232;2019-06-07;"sexta-feira";"21:00:00";"GO";40;7;"VALPARAISO DE GOIAS";"Ingestão de Álcool";"Colisão traseira";"Sem Vítimas";"Plena Noite";"Crescente";"Céu Claro";"Dupla";"Reta";"Sim";2;0;0;0;2;0;0;2;-16,108482;-47,972524;"SPRF-DF";"DEL01-DF";"UOP01-DEL01-DF"
214233;2019-06-07;"sexta-feira";"21:10:00";"PR";277;106,8;"SAO JOSE DOS PINHAIS";"Ingestão de Álcool";"Colisão traseira";"Com Vítimas Feridas";"Plena Noite";"Decrescente";"Nublado";"Dupla";"Reta";"Não";3;0;1;0;1;1;1;2;-25,5711233;-49,19105546;"SPRF-PR";"DEL01-PR";"UOP06-DEL01-PR"
214234;2019-06-07;"sexta-feira";"20:20:00";"PI";407;568;"PAULISTANA";"Desobediência às normas de trânsito pelo condutor";"Colisão frontal";"Com Vítimas Fatais";"Plena Noite";"Crescente";"Céu Claro";"Simples";"Reta";"Não";6;1;0;0;5;0;0;2;-8,09426087;-41,16434664;"SPRF-PI";"DEL04-PI";"UOP01-DEL04-PI"
214235;2019-06-07;"sexta-feira";"20:37:00";"PR";277;448;"LARANJEIRAS DO SUL";"Ultrapassagem Indevida";"Colisão frontal";"Com Vítimas Feridas";"Plena Noite";"Crescente";"Céu Claro";"Simples";"Reta";"Não";2;0;1;1;0;0;2;2;-25,3709388;-52,3651583;"SPRF-PR";"DEL04-PR";"UOP02-DEL04-PR"
214236;2019-06-07;"sexta-feira";"19:54:00";"PR";369;129,6;"JATAIZINHO";"Ingestão de Álcool";"Atropelamento de Pedestre";"Com Vítimas Feridas";"Plena Noite";"Decrescente";"Céu Claro";"Dupla";"Reta";"Sim";2;0;0;1;1;0;1;2;-23,260267;-50,979837;"SPRF-PR";"DEL07-PR";"UOP01-DEL07-PR"
214237;2019-06-07;"sexta-feira";"21:53:00";"ES";262;4,6;"CARIACICA";"Desobediência às normas de trânsito pelo pedestre";"Atropelamento de Pedestre";"Com Vítimas Feridas";"Plena Noite";"Decrescente";"Céu Claro";"Dupla";"Declive";"Sim";2;0;0;2;0;0;2;2;-20,33609327;-40,37812784;"SPRF-ES";"DEL01-ES";"UOP01-DEL01-ES"
214238;2019-06-07;"sexta-feira";"19:00:00";"RS";116;147,5;"CAXIAS DO SUL";"Falta de Atenção à Condução";"Colisão com objeto estático";"Com Vítimas Feridas";"Plena Noite";"Decrescente";"Céu Claro";"Dupla";"Reta";"Sim";2;0;0;1;1;0;1;1;-29,14908014;-51,1429969;"SPRF-RS";"DEL05-RS";"UOP01-DEL05-RS"
214239;2019-06-07;"sexta-feira";"19:00:00";"PI";316;31,5;"DEMERVAL LOBAO";"Desobediência às normas de trânsito pelo condutor";"Colisão frontal";"Com Vítimas Feridas";"Plena Noite";"Decrescente";"Céu Claro";"Simples";"Reta";"Sim";2;0;0;1;1;0;1;2;-5,33958796;-42,69400899;"SPRF-PI";"DEL01-PI";"UOP02-DEL01-PI"
214240;2019-06-07;"sexta-feira";"19:40:00";"RS";116;174,6;"NOVA PETROPOLIS";"Desobediência às normas de trânsito pelo condutor";"Colisão transversal";"Com Vítimas Feridas";"Plena Noite";"Crescente";"Céu Claro";"Simples";"Interseção de Vias";"Não";3;0;2;0;1;0;2;2;-29,33141698;-51,16362896;"SPRF-RS";"DEL05-RS";"UOP02-DEL05-RS"
214241;2019-06-07;"sexta-feira";"19:30:00";"RS";153;48,4;"ERECHIM";"Falta de Atenção do Pedestre";"Atropelamento de Pedestre";"Com Vítimas Feridas";"Plena Noite";"Crescente";"Céu Claro";"Simples";"Reta";"Sim";2;0;0;1;1;0;1;2;-27,65118001;-52,257248;"SPRF-RS";"DEL08-RS";"UOP04-DEL08-RS"
214242;2019-06-07;"sexta-feira";"21:45:00";"RS";290;88;"PORTO ALEGRE";"Falta de Atenção à Condução";"Queda de ocupante de veículo";"Com Vítimas Feridas";"Plena Noite";"Decrescente";"Céu Claro";"Múltipla";"Reta";"Não";2;0;2;0;0;0;2;1;-29,967531;-51,137264;"SPRF-RS";"DEL01-RS";"UOP01-DEL01-RS"
214243;2019-06-07;"sexta-feira";"21:20:00";"MS";262;371;"CAMPO GRANDE";"Deficiência ou não Acionamento do Sistema de Iluminação/Sinalização do Veículo";"Colisão traseira";"Com Vítimas Fatais";"Plena Noite";"Crescente";"Céu Claro";"Simples";"Reta";"Não";4;1;0;1;1;1;1;3;-20,483364;-54,79082;"SPRF-MS";"DEL01-MS";"UOP03-DEL01-MS"
214244;2019-06-07;"sexta-feira";"22:20:00";"SC";282;217,9;"LAGES";"Ingestão de Álcool";"Colisão com objeto estático";"Com Vítimas Feridas";"Plena Noite";"Crescente";"Céu Claro";"Dupla";"Reta";"Sim";1;0;1;0;0;0;1;1;-27,797916;-50,302944;"SPRF-SC";"DEL05-SC";"UOP01-DEL05-SC"
214245;2019-06-07;"sexta-feira";"20:00:00";"MT";163;82;"RONDONOPOLIS";"Animais na Pista";"Atropelamento de Animal";"Sem Vítimas";"Plena Noite";"Crescente";"Céu Claro";"Dupla";"Reta";"Não";2;0;0;0;2;0;0;1;-16,80330589;-54,68074416;"SPRF-MT";"DEL02-MT";"DEL2/2-UOP02/MT"
214246;2019-06-07;"sexta-feira";"22:35:00";"PE";101;51;"ABREU E LIMA";"Falta de Atenção à Condução";"Colisão traseira";"Com Vítimas Feridas";"Plena Noite";"Crescente";"Céu Claro";"Múltipla";"Reta";"Sim";2;0;0;1;1;0;1;2;-7,9169968;-34,89689272;"SPRF-PE";"DEL01-PE";"UOP02-DEL01-PE"
214247;2019-06-07;"sexta-feira";"22:00:00";"PE";104;71;"CARUARU";"Falta de Atenção à Condução";"Colisão traseira";"Com Vítimas Feridas";"Plena Noite";"Crescente";"Céu Claro";"Dupla";"Retorno Regulamentado";"Não";2;0;1;0;1;0;1;2;-8,3333;-35,9814;"SPRF-PE";"DEL02-PE";"UOP01-DEL02-PE"
214250;2019-06-07;"sexta-feira";"22:30:00";"SP";116;269,8;"TABOAO DA SERRA";"Velocidade Incompatível";"Colisão traseira";"Com Vítimas Feridas";"Plena Noite";"Decrescente";"Ignorado";"Dupla";"Reta";"Sim";2;0;1;0;1;0;1;2;-23,61593059;-46,78826044;"SPRF-SP";"DEL04-SP";"UOP01-DEL04-SP"
214252;2019-06-07;"sexta-feira";"22:00:00";"MA";135;323,6;"PRESIDENTE DUTRA";"Desobediência às normas de trânsito pelo condutor";"Colisão frontal";"Com Vítimas Fatais";"Plena Noite";"Decrescente";"Céu Claro";"Simples";"Reta";"Não";31;2;0;0;29;0;0;2;-5,14672594;-44,45591613;"SPRF-MA";"DEL03-MA";"UOP01-DEL03-MA"
214253;2019-06-07;"sexta-feira";"21:50:00";"MS";163;21;"MUNDO NOVO";"Defeito Mecânico no Veículo";"Colisão lateral";"Sem Vítimas";"Plena Noite";"Crescente";"Céu Claro";"Simples";"Aclive;Reta";"Não";2;0;0;0;2;0;0;2;-23,91837576;-54,2894369;"SPRF-MS";"DEL09-MS";"UOP02-DEL09-MS"
214254;2019-06-07;"sexta-feira";"23:45:00";"CE";222;7,5;"CAUCAIA";"Falta de Atenção à Condução";"Tombamento";"Com Vítimas Feridas";"Plena Noite";"Crescente";"Céu Claro";"Dupla";"Reta";"Sim";2;0;2;0;0;0;2;1;-3,7495132;-38,6299559;"SPRF-CE";"DEL01-CE";"UOP01-DEL01-CE"
214255;2019-06-07;"sexta-feira";"22:45:00";"SC";470;50;"BLUMENAU";"Falta de Atenção à Condução";"Colisão traseira";"Com Vítimas Feridas";"Plena Noite";"Decrescente";"Nublado";"Simples";"Reta";"Sim";4;0;1;1;1;1;2;3;-26,859768;-49,074493;"SPRF-SC";"DEL04-SC";"UOP01-DEL04-SC"
214256;2019-06-07;"sexta-feira";"22:15:00";"SC";101;334;"TUBARAO";"Falta de Atenção à Condução";"Colisão traseira";"Com Vítimas Feridas";"Plena Noite";"Crescente";"Céu Claro";"Dupla";"Rotatória";"Sim";2;0;1;0;1;0;1;2;-28,46730446;-49,00604302;"SPRF-SC";"DEL02-SC";"UOP01-DEL02-SC"
214258;2019-06-07;"sexta-feira";"23:40:00";"RS";116;512,4;"PELOTAS";"Falta de Atenção à Condução";"Tombamento";"Com Vítimas Feridas";"Plena Noite";"Decrescente";"Céu Claro";"Dupla";"Reta";"Sim";1;0;0;1;0;0;1;1;-31,63498138;-52,3311397;"SPRF-RS";"DEL07-RS";"UOP01-DEL07-RS"
214259;2019-06-07;"sexta-feira";"23:05:00";"PR";376;332,4;"ORTIGUEIRA";"Desobediência às normas de trânsito pelo condutor";"Colisão lateral";"Com Vítimas Feridas";"Plena Noite";"Decrescente";"Céu Claro";"Simples";"Reta";"Não";2;0;1;0;1;0;1;2;-24,13003929;-51,01237231;"SPRF-PR";"DEL07-PR";"UOP02-DEL07-PR"
214263;2019-06-07;"sexta-feira";"20:00:00";"RJ";116;12;"SAPUCAIA";"Animais na Pista";"Atropelamento de Animal";"Sem Vítimas";"Plena Noite";"Decrescente";"Nublado";"Simples";"Reta";"Não";1;0;0;0;1;0;0;1;-21,94714463;-42,7261323;"SPRF-RJ";"DEL04-RJ";"UOP01-DEL04-RJ"
214265;2019-06-07;"sexta-feira";"23:00:00";"RJ";116;78;"TERESOPOLIS";"Falta de Atenção à Condução";"Tombamento";"Com Vítimas Feridas";"Plena Noite";"Crescente";"Nublado";"Simples";"Reta";"Sim";1;0;1;0;0;0;1;1;-22,37408687;-42,95260496;"SPRF-RJ";"DEL04-RJ";"UOP01-DEL04-RJ"
214266;2019-06-07;"sexta-feira";"22:30:00";"MG";354;728,3;"POUSO ALTO";"Ingestão de Álcool";"Colisão lateral";"Com Vítimas Feridas";"Plena Noite";"Decrescente";"Nevoeiro/Neblina";"Simples";"Curva";"Não";3;0;1;0;2;0;1;2;-22,14945501;-44,96359002;"SPRF-MG";"DEL05-MG";"UOP01-DEL17-MG"
214267;2019-06-08;"sábado";"01:20:00";"PR";369;154,3;"LONDRINA";"Desobediência às normas de trânsito pelo condutor";"Colisão transversal";"Com Vítimas Feridas";"Plena Noite";"Decrescente";"Céu Claro";"Dupla";"Interseção de Vias";"Sim";2;0;0;1;1;0;1;2;-23,29739465;-51,20142455;"SPRF-PR";"DEL07-PR";"UOP01-DEL07-PR"
214268;2019-06-07;"sexta-feira";"23:30:00";"SC";101;118;"ITAJAI";"Falta de Atenção à Condução";"Colisão lateral";"Com Vítimas Feridas";"Plena Noite";"Decrescente";"Céu Claro";"Dupla";"Reta";"Não";2;0;1;0;1;0;1;2;-26,895859;-48,71903;"SPRF-SC";"DEL04-SC";"UOP04-DEL04-SC"
214269;2019-06-07;"sexta-feira";"19:20:00";"AC";317;275,7;"EPITACIOLANDIA";"Desobediência às normas de trânsito pelo condutor";"Colisão frontal";"Com Vítimas Feridas";"Plena Noite";"Crescente";"Céu Claro";"Simples";"Reta;Declive";"Não";3;0;2;0;1;0;2;2;-10,9694763;-68,61533094;"SPRF-AC";"DEL01-AC";"UOP02-DEL01-AC"