"id";"data_inversa";"dia_semana";"horario";"uf";"br";"km";"municipio";"causa_acidente";"tipo_acidente";"classificacao_acidente";"fase_dia";"sentido_via";"condicao_metereologica";"tipo_pista";"tracado_via";"uso_solo";"pessoas";"mortos";"feridos_leves";"feridos_graves";"ilesos";"ignorados";"feridos";"veiculos";"latitude";"longitude";"regional";"delegacia";"uop"
214381;2019-06-08;"sábado";"15:20:00";"RJ";40;84,7;"PETROPOLIS";"Desobediência às normas de trânsito pelo condutor";"Tombamento";"Com Vítimas Feridas";"Pleno dia";"Crescente";"Céu Claro";"Simples";"Curva";"Não";2;0;2;0;0;0;2;1;-22,52145512;-43,23707996;"SPRF-RJ";"DEL06-RJ";"UOP01-DEL06-RJ"
214382;2019-06-08;"sábado";"15:00:00";"SP";116;213;"GUARULHOS";"Falta de Atenção do Pedestre";"Colisão lateral";"Com Vítimas Feridas";"Pleno dia";"Decrescente";"Nublado";"Múltipla";"Reta";"Não";3;0;1;0;1;1;1;2;-23,43971486;-46,43667806;"SPRF-SP";"DEL01-SP";"UOP01-DEL01-SP"
214383;2019-06-08;"sábado";"15:10:00";"GO";70;0,2;"AGUAS LINDAS DE GOIAS";"Avarias e/ou desgaste excessivo no pneu";"Colisão com objeto estático";"Com Vítimas Feridas";"Pleno dia";"Decrescente";"Céu Claro";"Simples";"Curva";"Não";2;0;2;0;0;0;2;1;-15,783543;-48,2326;"SPRF-DF";"DEL01-DF";"UOP02-DEL03-DF"
214384;2019-06-08;"sábado";"15:50:00";"PR";376;164,5;"MARINGA";"Defeito Mecânico no Veículo";"Queda de ocupante de veículo";"Com Vítimas Feridas";"Pleno dia";"Crescente";"Sol";"Dupla";"Reta";"Não";2;0;1;1;0;0;2;1;-23,380266;-52,038157;"SPRF-PR";"DEL07-PR";"UOP01-DEL09-PR"
214386;2019-06-08;"sábado";"16:00:00";"PI";343;12,2;"PARNAIBA";"Não guardar distância de segurança";"Tombamento";"Com Vítimas Feridas";"Pleno dia";"Crescente";"Sol";"Dupla";"Reta";"Sim";1;0;1;0;0;0;1;1;-2,910035;-41,753662;"SPRF-PI";"DEL05-PI";"UOP01-DEL05-PI"
214387;2019-06-08;"sábado";"15:50:00";"RS";158;327,9;"SANTA MARIA";"Ingestão de Álcool";"Colisão transversal";"Sem Vítimas";"Pleno dia";"Decrescente";"Nublado";"Simples";"Reta;Retorno Regulamentado;Aclive";"Sim";2;0;0;0;1;1;0;2;-29,714945;-53,81083;"SPRF-RS";"DEL09-RS";"UOP01-DEL09-RS"
214390;2019-06-08;"sábado";"16:00:00";"SP";153;39,5;"ONDA VERDE";"Falta de Atenção à Condução";"Colisão transversal";"Com Vítimas Feridas";"Pleno dia";"Crescente";"Céu Claro";"Simples";"Reta";"Não";2;0;0;1;1;0;1;2;-20,61196908;-49,32942891;"SPRF-SP";"DEL09-SP";"UOP01-DEL09-SP"
214391;2019-06-08;"sábado";"16:15:00";"PR";277;635;"CEU AZUL";"Velocidade Incompatível";"Saída de leito carroçável";"Com Vítimas Feridas";"Pleno dia";"Decrescente";"Céu Claro";"Simples";"Reta";"Não";1;0;0;1;0;0;1;1;-25,14015274;-53,82955233;"SPRF-PR";"DEL05-PR";"UOP02-DEL05-PR"
214392;2019-06-08;"sábado";"16:20:00";"GO";158;274,8;"JATAI";"Desobediência às normas de trânsito pelo condutor";"Colisão transversal";"Com Vítimas Feridas";"Pleno dia";"Decrescente";"Céu Claro";"Dupla";"Rotatória";"Sim";3;0;1;1;1;0;2;2;-17,89704019;-51,7366293;"SPRF-GO";"DEL05-GO";"UOP01-DEL05-GO"
214393;2019-06-08;"sábado";"15:45:00";"ES";262;187,5;"IUNA";"Falta de Atenção à Condução";"Colisão transversal";"Com Vítimas Feridas";"Pleno dia";"Crescente";"Céu Claro";"Simples";"Curva";"Não";4;0;1;1;2;0;2;2;-20,31374678;-41,71947687;"SPRF-ES";"DEL01-ES";"UOP02-DEL01-ES"
214397;2019-06-08;"sábado";"15:50:00";"RS";116;530,2;"CAPAO DO LEAO";"Falta de Atenção à Condução";"Colisão transversal";"Com Vítimas Feridas";"Pleno dia";"Decrescente";"Céu Claro";"Simples";"Interseção de Vias";"Não";2;0;1;0;1;0;1;2;-31,7590834;-52,43687971;"SPRF-RS";"DEL07-RS";"UOP01-DEL07-RS"
214398;2019-06-08;"sábado";"16:39:00";"MG";381;353,9;"JOAO MONLEVADE";"Velocidade Incompatível";"Queda de ocupante de veículo";"Com Vítimas Feridas";"Pleno dia";"Crescente";"Céu Claro";"Simples";"Reta";"Não";1;0;1;0;0;0;1;1;-19,83894801;-43,18248641;"SPRF-MG";"DEL03-MG";"UOP01-DEL03-MG"
214399;2019-06-08;"sábado";"17:00:00";"RS";116;521;"PELOTAS";"Falta de Atenção à Condução";"Colisão transversal";"Com Vítimas Feridas";"Pleno dia";"Decrescente";"Céu Claro";"Simples";"Rotatória";"Não";2;0;0;1;1;0;1;2;-31,70752405;-52,36800695;"SPRF-RS";"DEL07-RS";"UOP01-DEL07-RS"
214400;2019-06-08;"sábado";"15:30:00";"SC";101;12,7;"GARUVA";"Defeito Mecânico no Veículo";"Tombamento";"Com Vítimas Feridas";"Pleno dia";"Decrescente";"Céu Claro";"Dupla";"Reta";"Não";2;0;2;0;0;0;2;1;-26,08104399;-48,86175612;"SPRF-SC";"DEL03-SC";"UOP01-DEL03-SC"
214401;2019-06-08;"sábado";"16:50:00";"MG";262;371,5;"JUATUBA";"Falta de Atenção à Condução";"Colisão transversal";"Com Vítimas Feridas";"Anoitecer";"Decrescente";"Céu Claro";"Dupla";"Reta";"Sim";2;0;0;1;1;0;1;2;-19,956211;-44,366764;"SPRF-MG";"DEL01-MG";"UOP03-DEL01-MG"
214402;2019-06-08;"sábado";"16:35:00";"PB";230;159,6;"CAMPINA GRANDE";"Não guardar distância de segurança";"Colisão traseira";"Com Vítimas Feridas";"Pleno dia";"Crescente";"Céu Claro";"Simples";"Reta";"Sim";3;0;1;0;2;0;1;2;-7,252;-35,9334;"SPRF-PB";"DEL02-PB";"UOP01-DEL02-PB"
214403;2019-06-08;"sábado";"16:40:00";"RS";153;47,1;"ERECHIM";"Falta de Atenção à Condução";"Colisão transversal";"Com Vítimas Feridas";"Pleno dia";"Decrescente";"Nublado";"Simples";"Rotatória";"Sim";2;0;0;1;1;0;1;2;-27,64530366;-52,24998023;"SPRF-RS";"DEL08-RS";"UOP04-DEL08-RS"
214404;2019-06-08;"sábado";"16:00:00";"PR";277;82,5;"CURITIBA";"Não guardar distância de segurança";"Colisão lateral";"Com Vítimas Feridas";"Pleno dia";"Decrescente";"Sol";"Dupla";"Reta";"Sim";2;0;1;0;1;0;1;2;-25,568939;-49,181978;"SPRF-PR";"DEL01-PR";"UOP06-DEL01-PR"
214405;2019-06-08;"sábado";"17:15:00";"PR";163;34,8;"SANTO ANTONIO DO SUDOESTE";"Desobediência às normas de trânsito pelo condutor";"Colisão transversal";"Com Vítimas Feridas";"Pleno dia";"Crescente";"Céu Claro";"Simples";"Reta";"Sim";5;0;0;2;3;0;2;2;-26,065096;-53,71988;"SPRF-PR";"DEL02-PR";"UOP02-DEL02-PR"
214407;2019-06-08;"sábado";"17:38:00";"RJ";101;412;"ITAGUAI";"Falta de Atenção à Condução";"Atropelamento de Pedestre";"Com Vítimas Feridas";"Anoitecer";"Crescente";"Nublado";"Dupla";"Reta";"Sim";2;0;1;0;1;0;1;2;-22,89720365;-43,85639217;"SPRF-RJ";"DEL03-RJ";"UOP01-DEL03-RJ"
214408;2019-06-08;"sábado";"16:50:00";"RJ";116;176;"NOVA IGUACU";"Não guardar distância de segurança";"Colisão traseira";"Com Vítimas Feridas";"Anoitecer";"Crescente";"Nublado";"Dupla";"Reta";"Sim";4;0;1;0;2;1;1;3;-22,7839538;-43,38195488;"SPRF-RJ";"DEL01-RJ";"UOP02-DEL01-RJ"
214409;2019-06-08;"sábado";"17:30:00";"GO";158;91;"PIRANHAS";"Falta de Atenção à Condução";"Saída de leito carroçável";"Com Vítimas Fatais";"Pleno dia";"Decrescente";"Céu Claro";"Simples";"Reta";"Não";3;1;0;2;0;0;2;1;-16,45057354;-51,79440022;"SPRF-GO";"DEL04-GO";"UOP01-DEL04-GO"
214411;2019-06-08;"sábado";"18:05:00";"PR";373;346,9;"GUARAPUAVA";"Falta de Atenção à Condução";"Queda de ocupante de veículo";"Com Vítimas Feridas";"Anoitecer";"Crescente";"Nublado";"Simples";"Reta";"Sim";1;0;0;1;0;0;1;1;-25,43904718;-51,62699902;"SPRF-PR";"DEL03-PR";"UOP01-DEL08-PR"
214412;2019-06-08;"sábado";"17:15:00";"CE";116;22;"EUSEBIO";"Ingestão de Álcool";"Colisão com objeto estático";"Com Vítimas Feridas";"Anoitecer";"Crescente";"Nublado";"Dupla";"Reta";"Não";1;0;1;0;0;0;1;1;-3,94070798;-38,50918633;"SPRF-CE";"DEL01-CE";"UOP02-DEL01-CE"
214414;2019-06-08;"sábado";"18:20:00";"PE";104;67,7;"CARUARU";"Falta de Atenção à Condução";"Saída de leito carroçável";"Com Vítimas Feridas";"Plena Noite";"Decrescente";"Céu Claro";"Dupla";"Curva";"Sim";1;0;0;1;0;0;1;1;-8,30551478;-35,99165266;"SPRF-PE";"DEL02-PE";"UOP01-DEL02-PE"
214415;2019-06-08;"sábado";"13:00:00";"PR";277;16;"PARANAGUA";"Falta de Atenção à Condução";"Capotamento";"Com Vítimas Feridas";"Pleno dia";"Crescente";"Céu Claro";"Dupla";"Reta";"Não";2;0;0;2;0;0;2;1;-25,56610574;-48,62495594;"SPRF-PR";"DEL01-PR";"UOP05-DEL01-PR"
214417;2019-06-08;"sábado";"18:20:00";"SC";101;80;"BARRA VELHA";"Defeito Mecânico no Veículo";"Saída de leito carroçável";"Com Vítimas Feridas";"Plena Noite";"Decrescente";"Céu Claro";"Dupla";"Reta";"Não";2;0;2;0;0;0;2;1;-26,59441996;-48,72183309;"SPRF-SC";"DEL03-SC";"UOP02-DEL03-SC"
214418;2019-06-08;"sábado";"18:00:00";"MG";365;744,8;"ITUIUTABA";"Falta de Atenção à Condução";"Colisão traseira";"Sem Vítimas";"Plena Noite";"Decrescente";"Céu Claro";"Simples";"Ponte";"Não";3;0;0;0;2;1;0;3;-18,91745432;-49,41063799;"SPRF-MG";"DEL15-MG";"UOP03-DEL15-MG"
214419;2019-06-08;"sábado";"18:10:00";"RN";304;209;"CAICARA DO RIO DO VENTO";"Animais na Pista";"Atropelamento de Animal";"Com Vítimas Feridas";"Plena Noite";"Decrescente";"Céu Claro";"Dupla";"Reta";"Não";1;0;1;0;0;0;1;1;-5,74198;-36,086029;"SPRF-RN";"DEL01-RN";"UOP03-DEL01-RN"
214422;2019-06-08;"sábado";"18:30:00";"MG";459;83,9;"CONGONHAL";"Falta de Atenção à Condução";"Colisão transversal";"Com Vítimas Feridas";"Plena Noite";"Crescente";"Céu Claro";"Simples";"Reta";"Sim";2;0;1;0;1;0;1;2;-22,154463;-46,071995;"SPRF-MG";"DEL16-MG";"UOP01-DEL09-MG"
214423;2019-06-08;"sábado";"16:00:00";"SC";282;102,9;"ALFREDO WAGNER";"Ingestão de Álcool";"Colisão frontal";"Sem Vítimas";"Pleno dia";"Decrescente";"Sol";"Simples";"Curva";"Não";2;0;0;0;2;0;0;2;-27,694818;-49,314419;"SPRF-SC";"DEL01-SC";"UOP03-DEL01-SC"
214425;2019-06-08;"sábado";"19:10:00";"DF";70;6;"BRASILIA";"Falta de Atenção à Condução";"Colisão lateral";"Com Vítimas Feridas";"Plena Noite";"Decrescente";"Céu Claro";"Simples";"Reta";"Não";2;0;1;0;1;0;1;2;-15,791242;-48,105759;"SPRF-DF";"DEL01-DF";"UOP02-DEL03-DF"
214426;2019-06-08;"sábado";"17:12:00";"RO";364;14;"VILHENA";"Falta de Atenção à Condução";"Colisão lateral";"Com Vítimas Feridas";"Pleno dia";"Decrescente";"Céu Claro";"Dupla";"Reta";"Sim";2;0;0;2;0;0;2;2;-12,74413;-60,120015;"SPRF-RO";"DEL04-RO";"UOP01-DEL04-RO"
214428;2019-06-08;"sábado";"18:50:00";"DF";70;5,1;"BRASILIA";"Falta de Atenção do Pedestre";"Atropelamento de Pedestre";"Com Vítimas Feridas";"Plena Noite";"Crescente";"Céu Claro";"Dupla";"Reta";"Não";2;0;0;1;1;0;1;2;-15,794656;-48,096779;"SPRF-DF";"DEL01-DF";"UOP02-DEL03-DF"
214429;2019-06-08;"sábado";"18:20:00";"CE";222;225,3;"SOBRAL";"Ingestão de Álcool";"Saída de leito carroçável";"Sem Vítimas";"Plena Noite";"Crescente";"Nublado";"Simples";"Reta";"Não";2;0;0;0;2;0;0;1;-3,70821338;-40,35209808;"SPRF-CE";"DEL04-CE";"UOP01-DEL04-CE"
214430;2019-06-08;"sábado";"19:00:00";"PB";230;89;"GURINHEM";"Ingestão de Álcool";"Colisão traseira";"Sem Vítimas";"Plena Noite";"Crescente";"Céu Claro";"Dupla";"Reta";"Sim";2;0;0;0;2;0;0;2;-7,17303863;-35,39361477;"SPRF-PB";"DEL01-PB";"UOP03-DEL01-PB"
214431;2019-06-08;"sábado";"19:00:00";"RS";116;245,3;"SAO LEOPOLDO";"Ingestão de Álcool";"Colisão transversal";"Com Vítimas Feridas";"Plena Noite";"Crescente";"Nublado";"Simples";"Reta";"Sim";2;0;0;1;1;0;1;2;-29,74980902;-51,15125361;"SPRF-RS";"DEL01-RS";"UOP02-DEL01-RS"
214434;2019-04-18;"quinta-feira";"09:20:00";"BA";101;445;"UBAITABA";"Falta de Atenção à Condução";"Colisão lateral";"Com Vítimas Feridas";"Pleno dia";"Crescente";"Ignorado";"Simples";"Reta";"Sim";3;0;0;1;0;2;1;3;-14,30969326;-39,32043314;"SPRF-BA";"DEL05-BA";"UOP01-DEL05-BA"
214435;2019-06-08;"sábado";"19:40:00";"PR";376;488;"PONTA GROSSA";"Ingestão de Álcool";"Saída de leito carroçável";"Sem Vítimas";"Plena Noite";"Decrescente";"Céu Claro";"Dupla";"Curva";"Sim";1;0;0;0;1;0;0;1;-25,08338101;-50,19078523;"SPRF-PR";"DEL03-PR";"UOP04-DEL03-PR"
214436;2019-06-08;"sábado";"19:45:00";"PB";230;5;"CABEDELO";"Desobediência às normas de trânsito pelo condutor";"Colisão transversal";"Com Vítimas Feridas";"Plena Noite";"Decrescente";"Nublado";"Dupla";"Retorno Regulamentado";"Sim";3;0;2;0;1;0;2;2;-7,011793;-34,831784;"SPRF-PB";"DEL01-PB";"UOP01-DEL01-PB"
214437;2019-06-08;"sábado";"19:30:00";"PR";369;159,9;"CAMBE";"Desobediência às normas de trânsito pelo condutor";"Atropelamento de Pedestre";"Com Vítimas Feridas";"Plena Noite";"Crescente";"Céu Claro";"Dupla";"Reta";"Não";2;0;0;1;0;1;1;2;-23,281707;-51,253518;"SPRF-PR";"DEL07-PR";"UOP01-DEL07-PR"
214438;2019-06-08;"sábado";"15:20:00";"PI";316;2;"TERESINA";"Falta de Atenção à Condução";"Capotamento";"Com Vítimas Feridas";"Pleno dia";"Decrescente";"Céu Claro";"Simples";"Reta";"Sim";1;0;0;1;0;0;1;1;-5,12477477;-42,79848465;"SPRF-PI";"DEL01-PI";"UOP02-DEL01-PI"
214440;2019-06-08;"sábado";"19:00:00";"RJ";116;188,4;"NOVA IGUACU";"Ingestão de Álcool";"Atropelamento de Pedestre";"Com Vítimas Feridas";"Plena Noite";"Crescente";"Céu Claro";"Dupla";"Reta";"Não";3;0;1;0;1;1;1;3;-22,73711632;-43,53793909;"SPRF-RJ";"DEL01-RJ";"UOP03-DEL01-RJ"
214441;2019-06-08;"sábado";"19:10:00";"PE";232;110,1;"BEZERROS";"Falta de Atenção à Condução";"Capotamento";"Com Vítimas Feridas";"Plena Noite";"Crescente";"Nublado";"Dupla";"Reta";"Não";2;0;2;0;0;0;2;1;-8,28688;-35,81847;"SPRF-PE";"DEL02-PE";"UOP03-DEL02-PE"
214442;2019-06-08;"sábado";"19:35:00";"PE";101;67,5;"RECIFE";"Defeito na Via";"Colisão lateral";"Com Vítimas Feridas";"Plena Noite";"Crescente";"Céu Claro";"Múltipla";"Reta";"Sim";2;0;2;0;0;0;2;2;-8,046473;-34,944983;"SPRF-PE";"DEL01-PE";"UOP01-DEL01-PE"
214443;2019-06-08;"sábado";"20:00:00";"SC";101;208;"SAO JOSE";"Não guardar distância de segurança";"Colisão traseira";"Com Vítimas Feridas";"Plena Noite";"Decrescente";"Céu Claro";"Dupla";"Reta";"Sim";3;0;1;0;2;0;1;3;-27,60327979;-48,63201818;"SPRF-SC";"DEL01-SC";"UOP01-DEL01-SC"
214444;2019-06-08;"sábado";"18:50:00";"ES";262;4,2;"CARIACICA";"Ingestão de Álcool";"Colisão traseira";"Com Vítimas Feridas";"Anoitecer";"Decrescente";"Céu Claro";"Dupla";"Reta";"Sim";5;0;1;0;2;2;1;4;-20,33609327;-40,37812784;"SPRF-ES";"DEL01-ES";"UOP01-DEL01-ES"
214445;2019-06-08;"sábado";"19:20:00";"PI";343;608;"FLORIANO";"Falta de Atenção à Condução";"Colisão transversal";"Com Vítimas Feridas";"Plena Noite";"Crescente";"Ignorado";"Simples";"Reta";"Sim";2;0;2;0;0;0;2;2;-6,879586;-43,122997;"SPRF-PI";"DEL03-PI";"UOP01-DEL03-PI"
214446;2019-06-08;"sábado";"19:20:00";"RO";429;60;"PRESIDENTE MEDICI";"Animais na Pista";"Queda de ocupante de veículo";"Com Vítimas Feridas";"Plena Noite";"Crescente";"Céu Claro";"Simples";"Reta";"Não";2;0;1;1;0;0;2;1;-11,20288572;-62,07261801;"SPRF-RO";"DEL02-RO";"UOP03-DEL02-RO"
214447;2019-06-08;"sábado";"20:30:00";"MA";10;225,8;"GOVERNADOR EDISON LOBAO";"Desobediência às normas de trânsito pelo condutor";"Colisão frontal";"Com Vítimas Fatais";"Plena Noite";"Decrescente";"Céu Claro";"Simples";"Reta";"Sim";2;1;0;1;0;0;1;1;-5,745605;-47,359642;"SPRF-MA";"DEL04-MA";"UOP01-DEL04-MA"
214449;2019-06-08;"sábado";"10:55:00";"MG";381;668;"PERDOES";"Falta de Atenção à Condução";"Capotamento";"Com Vítimas Feridas";"Pleno dia";"Decrescente";"Céu Claro";"Dupla";"Reta";"Não";1;0;1;0;0;0;1;1;-21,06787894;-45,05229868;"SPRF-MG";"DEL04-MG";"UOP02-DEL04-MG"
214450;2019-06-08;"sábado";"19:50:00";"PR";277;97,8;"CURITIBA";"Velocidade Incompatível";"Saída de leito carroçável";"Com Vítimas Feridas";"Plena Noite";"Crescente";"Céu Claro";"Múltipla";"Reta";"Sim";3;0;1;0;2;0;1;2;-25,54577186;-49,29537197;"SPRF-PR";"DEL01-PR";"UOP06-DEL01-PR"
214452;2019-06-08;"sábado";"20:30:00";"PE";101;98;"CABO DE SANTO AGOSTINHO";"Falta de Atenção à Condução";"Colisão lateral";"Com Vítimas Feridas";"Plena Noite";"Decrescente";"Céu Claro";"Dupla";"Reta";"Sim";2;0;1;0;1;0;1;2;-8,25653422;-35,03811793;"SPRF-PE";"DEL01-PE";"UOP03-DEL01-PE"
214453;2019-06-08;"sábado";"18:15:00";"MG";146;518;"POCOS DE CALDAS";"Defeito Mecânico no Veículo";"Capotamento";"Com Vítimas Feridas";"Plena Noite";"Crescente";"Céu Claro";"Simples";"Reta";"Não";1;0;0;1;0;0;1;1;-21,80812301;-46,48710251;"SPRF-MG";"DEL16-MG";"UOP01-DEL09-MG"
214455;2019-06-08;"sábado";"19:40:00";"RN";101;99;"NATAL";"Falta de Atenção à Condução";"Colisão lateral";"Sem Vítimas";"Plena Noite";"Crescente";"Céu Claro";"Dupla";"Reta";"Sim";1;0;0;0;1;0;0;1;-5,87359183;-35,22063023;"SPRF-RN";"DEL01-RN";"UOP01-DEL01-RN"
214457;2019-06-08;"sábado";"20:15:00";"PR";277;593,1;"CASCAVEL";"Ingestão de Álcool";"Colisão transversal";"Com Vítimas Feridas";"Plena Noite";"Crescente";"Céu Claro";"Simples";"Interseção de Vias";"Sim";2;0;0;1;1;0;1;2;-24,98082053;-53,48254989;"SPRF-PR";"DEL04-PR";"UOP01-DEL04-PR"
214458;2019-06-08;"sábado";"20:00:00";"BA";324;537;"CONCEICAO DO JACUIPE";"Pista Escorregadia";"Saída de leito carroçável";"Com Vítimas Fatais";"Plena Noite";"Crescente";"Chuva";"Dupla";"Curva";"Sim";2;1;1;0;0;0;1;1;-12,36902201;-38,81384601;"SPRF-BA";"DEL01-BA";"UOP01-DEL01-BA"
214459;2019-06-08;"sábado";"07:40:00";"PR";277;232;"FERNANDES PINHEIRO";"Ingestão de Álcool";"Saída de leito carroçável";"Sem Vítimas";"Plena Noite";"Crescente";"Céu Claro";"Simples";"Reta";"Sim";1;0;0;0;1;0;0;1;-25,4687637;-50,47923205;"SPRF-PR";"DEL03-PR";"UOP02-DEL08-PR"
214462;2019-06-08;"sábado";"20:00:00";"ES";101;256;"SERRA";"Ingestão de Álcool";"Colisão transversal";"Com Vítimas Feridas";"Plena Noite";"Crescente";"Céu Claro";"Dupla";"Viaduto";"Sim";2;0;0;1;1;0;1;2;-20,119123;-40,311005;"SPRF-ES";"DEL02-ES";"UOP01-DEL02-ES"
214463;2019-06-08;"sábado";"20:00:00";"RN";101;81,8;"NATAL";"Ingestão de Álcool";"Colisão traseira";"Com Vítimas Feridas";"Plena Noite";"Decrescente";"Céu Claro";"Dupla";"Reta";"Sim";2;0;1;0;1;0;1;2;-5,76469466;-35,28295988;"SPRF-RN";"DEL02-RN";"UOP01-DEL02-RN"
214464;2019-06-08;"sábado";"19:40:00";"SP";116;450;"REGISTRO";"Falta de Atenção à Condução";"Colisão traseira";"Sem Vítimas";"Plena Noite";"Decrescente";"Nublado";"Dupla";"Reta";"Não";3;0;0;0;2;1;0;3;-24,53588012;-47,85850525;"SPRF-SP";"DEL05-SP";"UOP01-DEL05-SP"
214465;2019-06-08;"sábado";"20:50:00";"SE";101;192,6;"CRISTINAPOLIS";"Animais na Pista";"Atropelamento de Animal";"Com Vítimas Feridas";"Plena Noite";"Decrescente";"Céu Claro";"Simples";"Reta";"Não";1;0;1;0;0;0;1;1;-11,4332193;-37,73032763;"SPRF-SE";"DEL02-SE";"UOP03-DEL02-SE"
214466;2019-06-08;"sábado";"18:30:00";"RJ";101;510;"ANGRA DOS REIS";"Desobediência às normas de trânsito pelo condutor";"Colisão traseira";"Com Vítimas Feridas";"Plena Noite";"Decrescente";"Nublado";"Simples";"Ponte";"Não";4;0;1;1;2;0;2;3;-22,94814;-44,43317;"SPRF-RJ";"DEL03-RJ";"UOP02-DEL03-RJ"
214467;2019-06-08;"sábado";"19:20:00";"RS";470;216;"BENTO GONCALVES";"Desobediência às normas de trânsito pelo condutor";"Colisão transversal";"Sem Vítimas";"Plena Noite";"Decrescente";"Céu Claro";"Dupla";"Rotatória";"Não";2;0;0;0;2;0;0;2;-29,16462512;-51,52551964;"SPRF-RS";"DEL06-RS";"UOP01-DEL06-RS"
214468;2019-06-08;"sábado";"16:05:00";"PR";153;346;"REBOUCAS";"Ultrapassagem Indevida";"Colisão lateral";"Com Vítimas Feridas";"Pleno dia";"Crescente";"Sol";"Simples";"Reta";"Não";3;0;1;0;2;0;1;3;-25,57868796;-50,68170412;"SPRF-PR";"DEL03-PR";"UOP02-DEL08-PR"
214470;2019-06-08;"sábado";"20:00:00";"SC";282;218;"LAGES";"Avarias e/ou desgaste excessivo no pneu";"Queda de ocupante de veículo";"Com Vítimas Feridas";"Plena Noite";"Decrescente";"Nublado";"Simples";"Rotatória";"Sim";1;0;1;0;0;0;1;1;-27,797235;-50,31361;"SPRF-SC";"DEL05-SC";"UOP01-DEL05-SC"
214471;2019-06-08;"sábado";"19:00:00";"RS";470;255;"SALVADOR DO SUL";"Restrição de Visibilidade";"Saída de leito carroçável";"Com Vítimas Feridas";"Plena Noite";"Decrescente";"Nevoeiro/Neblina";"Simples";"Reta;Declive";"Não";2;0;1;0;1;0;1;1;-29,44047585;-51,50781155;"SPRF-RS";"DEL06-RS";"UOP01-DEL06-RS"
214472;2019-06-08;"sábado";"15:30:00";"TO";153;334;"GUARAI";"Ingestão de Álcool";"Queda de ocupante de veículo";"Com Vítimas Feridas";"Pleno dia";"Decrescente";"Sol";"Dupla";"Reta";"Sim";2;0;1;0;1;0;1;2;-8,835718;-48,512123;"SPRF-TO";"DEL02-TO";"UOP02-DEL02-TO"
214473;2019-06-08;"sábado";"19:00:00";"RJ";356;50;"ITAPERUNA";"Falta de Atenção à Condução";"Colisão transversal";"Com Vítimas Feridas";"Anoitecer";"Crescente";"Céu Claro";"Simples";"Reta";"Não";2;0;2;0;0;0;2;2;-21,2573533;-41,77513029;"SPRF-RJ";"DEL08-RJ";"UOP03-DEL08-RJ"
214475;2019-06-08;"sábado";"19:50:00";"MG";251;310,6;"SALINAS";"Animais na Pista";"Atropelamento de Animal";"Com Vítimas Fatais";"Plena Noite";"Crescente";"Céu Claro";"Simples";"Reta";"Não";2;1;0;1;0;0;1;1;-16,135366;-42,278197;"SPRF-MG";"DEL11-MG";"UOP02-DEL11-MG"
214477;2019-06-08;"sábado";"21:55:00";"SC";101;221,7;"PALHOCA";"Falta de Atenção à Condução";"Saída de leito carroçável";"Com Vítimas Feridas";"Plena Noite";"Decrescente";"Céu Claro";"Dupla";"Curva";"Sim";2;0;1;1;0;0;2;1;-27,70012652;-48,66021182;"SPRF-SC";"DEL01-SC";"UOP02-DEL01-SC"
214479;2019-06-08;"sábado";"22:12:00";"PR";376;185,9;"SARANDI";"Falta de Atenção à Condução";"Colisão traseira";"Com Vítimas Feridas";"Plena Noite";"Crescente";"Céu Claro";"Dupla";"Reta";"Não";2;0;1;0;0;1;1;2;-23,45147413;-51,85361808;"SPRF-PR";"DEL07-PR";"UOP01-DEL09-PR"
214480;2019-06-08;"sábado";"22:45:00";"RJ";40;119,9;"DUQUE DE CAXIAS";"Desobediência às normas de trânsito pelo pedestre";"Atropelamento de Pedestre";"Com Vítimas Feridas";"Plena Noite";"Decrescente";"Céu Claro";"Múltipla";"Reta";"Sim";2;0;0;1;1;0;1;2;-22,76375592;-43,28683062;"SPRF-RJ";"DEL01-RJ";"UOP01-DEL01-RJ"
214481;2019-06-08;"sábado";"22:01:00";"SP";116;210;"GUARULHOS";"Ingestão de Álcool";"Colisão com objeto estático";"Com Vítimas Feridas";"Plena Noite";"Decrescente";"Nublado";"Múltipla";"Aclive";"Sim";2;0;1;0;0;1;1;2;-23,42870023;-46,41085991;"SPRF-SP";"DEL01-SP";"UOP01-DEL01-SP"
214483;2019-06-08;"sábado";"22:40:00";"MT";70;736,2;"CACERES";"Condutor Dormindo";"Colisão com objeto estático";"Com Vítimas Feridas";"Plena Noite";"Crescente";"Céu Claro";"Simples";"Reta";"Não";1;0;0;1;0;0;1;1;-16,0688;-57,707452;"SPRF-MT";"DEL03-MT";"UOP01-DEL03-MT"
214484;2019-06-08;"sábado";"07:30:00";"SC";101;276,8;"IMBITUBA";"Falta de Atenção à Condução";"Saída de leito carroçável";"Com Vítimas Feridas";"Amanhecer";"Crescente";"Céu Claro";"Simples";"Interseção de Vias";"Não";1;0;1;0;0;0;1;1;-28,14644701;-48,69204746;"SPRF-SC";"DEL02-SC";"UOP03-DEL02-SC"
214485;2019-06-08;"sábado";"23:40:00";"MG";40;515,7;"RIBEIRAO DAS NEVES";"Não guardar distância de segurança";"Colisão traseira";"Com Vítimas Feridas";"Plena Noite";"Decrescente";"Céu Claro";"Dupla";"Reta";"Sim";2;0;1;0;1;0;1;2;-19,8090079;-44,09493479;"SPRF-MG";"DEL01-MG";"UOP02-DEL01-MG"