"id";"data_inversa";"dia_semana";"horario";"uf";"br";"km";"municipio";"causa_acidente";"tipo_acidente";"classificacao_acidente";"fase_dia";"sentido_via";"condicao_metereologica";"tipo_pista";"tracado_via";"uso_solo";"pessoas";"mortos";"feridos_leves";"feridos_graves";"ilesos";"ignorados";"feridos";"veiculos";"latitude";"longitude";"regional";"delegacia";"uop"
214587;2019-06-09;"domingo";"12:00:00";"RO";364;946,5;"PORTO VELHO";"Defeito na Via";"Capotamento";"Com Vítimas Feridas";"Pleno dia";"Decrescente";"Céu Claro";"Simples";"Reta";"Não";2;0;2;0;0;0;2;1;-9,66087738;-65,50988506;"SPRF-RO";"DEL01-RO";"UOP03-DEL01-RO"
214588;2019-06-09;"domingo";"13:20:00";"SP";116;222,3;"GUARULHOS";"Falta de Atenção à Condução";"Engavetamento";"Com Vítimas Feridas";"Pleno dia";"Crescente";"Céu Claro";"Múltipla";"Reta";"Sim";5;0;1;0;4;0;1;4;-23,47093408;-46,51631097;"SPRF-SP";"DEL01-SP";"UOP01-DEL01-SP"
214589;2019-06-09;"domingo";"11:30:00";"SC";101;65;"ARAQUARI";"Velocidade Incompatível";"Colisão com objeto estático";"Sem Vítimas";"Pleno dia";"Decrescente";"Céu Claro";"Dupla";"Reta";"Não";1;0;0;0;1;0;0;1;-26,47135714;-48,74457217;"SPRF-SC";"DEL03-SC";"UOP02-DEL03-SC"
214593;2019-06-09;"domingo";"13:50:00";"PR";376;166;"MARINGA";"Falta de Atenção à Condução";"Colisão traseira";"Com Vítimas Feridas";"Pleno dia";"Decrescente";"Céu Claro";"Dupla";"Reta";"Não";4;0;1;1;2;0;2;2;-23,38668895;-52,02263112;"SPRF-PR";"DEL07-PR";"UOP01-DEL09-PR"
214594;2019-06-09;"domingo";"12:00:00";"MG";365;437,5;"GUIMARANIA";"Defeito Mecânico no Veículo";"Saída de leito carroçável";"Com Vítimas Feridas";"Pleno dia";"Decrescente";"Sol";"Simples";"Reta";"Não";1;0;1;0;0;0;1;1;-18,78379588;-46,72231423;"SPRF-MG";"DEL10-MG";"UOP01-DEL10-MG"
214595;2019-06-09;"domingo";"14:00:00";"SC";101;204;"SAO JOSE";"Desobediência às normas de trânsito pelo condutor";"Colisão transversal";"Com Vítimas Feridas";"Pleno dia";"Decrescente";"Céu Claro";"Dupla";"Reta";"Sim";2;0;0;1;1;0;1;2;-27,57413014;-48,61363083;"SPRF-SC";"DEL01-SC";"UOP01-DEL01-SC"
214597;2019-06-09;"domingo";"13:00:00";"MG";116;179,5;"PADRE PARAISO";"Desobediência às normas de trânsito pelo condutor";"Colisão lateral";"Sem Vítimas";"Pleno dia";"Decrescente";"Nublado";"Simples";"Rotatória";"Sim";2;0;0;0;2;0;0;2;-17,0764477;-41,48612089;"SPRF-MG";"DEL11-MG";"UOP02-DEL11-MG"
214600;2019-06-09;"domingo";"13:35:00";"MG";40;505,9;"RIBEIRAO DAS NEVES";"Falta de Atenção à Condução";"Colisão traseira";"Com Vítimas Feridas";"Pleno dia";"Decrescente";"Céu Claro";"Dupla";"Retorno Regulamentado";"Sim";5;0;1;0;4;0;1;2;-19,73838088;-44,14935661;"SPRF-MG";"DEL02-MG";"UOP01-DEL02-MG"
214601;2019-06-09;"domingo";"11:00:00";"RO";364;440;"JARU";"Carga excessiva e/ou mal acondicionada";"Colisão com objeto em movimento";"Com Vítimas Feridas";"Pleno dia";"Crescente";"Céu Claro";"Simples";"Declive;Reta";"Não";1;0;1;0;0;0;1;1;-10,35487178;-62,58147084;"SPRF-RO";"DEL03-RO";"UOP02-DEL03-RO"
214602;2019-06-09;"domingo";"14:40:00";"SP";116;220;"GUARULHOS";"Falta de Atenção à Condução";"Colisão traseira";"Com Vítimas Feridas";"Pleno dia";"Crescente";"Sol";"Múltipla";"Reta";"Sim";5;0;2;0;3;0;2;2;-23,46641533;-46,50372148;"SPRF-SP";"DEL01-SP";"UOP01-DEL01-SP"
214604;2019-06-09;"domingo";"14:15:00";"RS";386;121,7;"SARANDI";"Falta de Atenção à Condução";"Colisão transversal";"Com Vítimas Feridas";"Pleno dia";"Crescente";"Céu Claro";"Simples";"Curva";"Não";3;0;2;1;0;0;3;2;-27,882097;-52,998837;"SPRF-RS";"DEL08-RS";"UOP01-DEL08-RS"
214605;2019-06-09;"domingo";"13:15:00";"MS";163;487,2;"CAMPO GRANDE";"Falta de Atenção à Condução";"Colisão transversal";"Com Vítimas Feridas";"Pleno dia";"Crescente";"Céu Claro";"Simples";"Reta";"Sim";2;0;1;0;1;0;1;2;-20,42493093;-54,54550758;"SPRF-MS";"DEL01-MS";"UOP02-DEL01-MS"
214606;2019-04-06;"sábado";"14:00:00";"PE";101;190;"PALMARES";"Avarias e/ou desgaste excessivo no pneu";"Colisão com objeto estático";"Com Vítimas Feridas";"Pleno dia";"Decrescente";"Céu Claro";"Múltipla";"Curva";"Não";2;0;1;1;0;0;2;1;-8,696057;-35,610169;"SPRF-PE";"DEL01-PE";"UOP03-DEL01-PE"
214607;2019-06-09;"domingo";"14:50:00";"SP";116;75;"APARECIDA";"Falta de Atenção à Condução";"Colisão traseira";"Com Vítimas Feridas";"Pleno dia";"Crescente";"Céu Claro";"Dupla";"Reta";"Sim";3;0;2;0;1;0;2;2;-22,87521876;-45,26277018;"SPRF-SP";"DEL06-SP";"UOP01-DEL06-SP"
214608;2019-06-09;"domingo";"10:00:00";"SE";235;38;"AREIA BRANCA";"Ultrapassagem Indevida";"Colisão frontal";"Com Vítimas Fatais";"Pleno dia";"Decrescente";"Céu Claro";"Simples";"Reta";"Não";2;1;0;0;1;0;0;2;-10,770479;-37,346272;"SPRF-SE";"DEL01-SE";"UOP02-DEL01-SE"
214609;2019-06-09;"domingo";"12:00:00";"SC";280;46,2;"GUARAMIRIM";"Falta de Atenção à Condução";"Colisão transversal";"Com Vítimas Feridas";"Pleno dia";"Crescente";"Céu Claro";"Simples";"Interseção de Vias";"Sim";6;0;4;0;1;1;4;3;-26,45316915;-48,91010284;"SPRF-SC";"DEL03-SC";"UOP03-DEL03-SC"
214611;2019-06-09;"domingo";"14:40:00";"SC";280;31,8;"ARAQUARI";"Falta de Atenção à Condução";"Colisão traseira";"Com Vítimas Feridas";"Pleno dia";"Crescente";"Céu Claro";"Simples";"Rotatória";"Sim";3;0;1;0;2;0;1;2;-26,41649938;-48,77181215;"SPRF-SC";"DEL03-SC";"UOP03-DEL03-SC"
214613;2019-06-09;"domingo";"14:45:00";"RS";116;206,8;"PICADA CAFE";"Falta de Atenção à Condução";"Queda de ocupante de veículo";"Com Vítimas Feridas";"Pleno dia";"Decrescente";"Céu Claro";"Simples";"Curva";"Não";2;0;1;1;0;0;2;1;-29,49966726;-51,1306017;"SPRF-RS";"DEL05-RS";"UOP02-DEL05-RS"
214614;2019-06-09;"domingo";"14:30:00";"MT";364;276;"JACIARA";"Desobediência às normas de trânsito pelo condutor";"Queda de ocupante de veículo";"Com Vítimas Fatais";"Pleno dia";"Decrescente";"Céu Claro";"Simples";"Declive";"Não";3;1;1;0;0;1;1;2;-15,95344474;-54,99098104;"SPRF-MT";"DEL02-MT";"UOP02-DEL05-MT"
214615;2019-06-09;"domingo";"15:20:00";"RS";290;60,1;"GRAVATAI";"Condutor Dormindo";"Saída de leito carroçável";"Com Vítimas Feridas";"Pleno dia";"Decrescente";"Sol";"Múltipla";"Reta";"Não";2;0;1;0;1;0;1;1;-29,924509;-50,858528;"SPRF-RS";"DEL03-RS";"UOP01-DEL03-RS"
214616;2019-06-09;"domingo";"15:00:00";"MG";40;756,9;"EWBANK DA CAMARA";"Não guardar distância de segurança";"Tombamento";"Com Vítimas Feridas";"Pleno dia";"Crescente";"Céu Claro";"Simples";"Curva";"Não";1;0;0;1;0;0;1;1;-21,49531809;-43,53514132;"SPRF-MG";"DEL05-MG";"UOP01-DEL05-MG"
214617;2019-06-09;"domingo";"15:40:00";"SC";101;121;"ITAJAI";"Não guardar distância de segurança";"Colisão traseira";"Com Vítimas Feridas";"Pleno dia";"Crescente";"Céu Claro";"Dupla";"Reta";"Sim";3;0;0;1;2;0;1;2;-26,92103178;-48,70856446;"SPRF-SC";"DEL04-SC";"UOP04-DEL04-SC"
214619;2019-06-09;"domingo";"16:00:00";"RJ";101;560;"PARATY";"Desobediência às normas de trânsito pelo condutor";"Colisão frontal";"Com Vítimas Feridas";"Pleno dia";"Crescente";"Céu Claro";"Simples";"Reta";"Não";6;0;4;0;2;0;4;2;-23,11369899;-44,70863923;"SPRF-RJ";"DEL03-RJ";"UOP04-DEL03-RJ"
214620;2019-06-09;"domingo";"15:10:00";"MT";163;838;"SINOP";"Desobediência às normas de trânsito pelo condutor";"Colisão transversal";"Com Vítimas Feridas";"Pleno dia";"Crescente";"Céu Claro";"Dupla";"Interseção de Vias";"Sim";4;0;0;2;2;0;2;3;-11,834265;-55,488159;"SPRF-MT";"DEL06-MT";"UOP02-DEL06-MT"
214622;2019-06-09;"domingo";"16:35:00";"RJ";40;118;"DUQUE DE CAXIAS";"Falta de Atenção à Condução";"Colisão lateral";"Com Vítimas Feridas";"Pleno dia";"Crescente";"Céu Claro";"Dupla";"Curva";"Sim";2;0;2;0;0;0;2;2;-22,75470802;-43,28737838;"SPRF-RJ";"DEL01-RJ";"UOP01-DEL01-RJ"
214624;2019-06-09;"domingo";"16:39:00";"SP";116;67,2;"APARECIDA";"Falta de Atenção à Condução";"Atropelamento de Pedestre";"Com Vítimas Feridas";"Pleno dia";"Decrescente";"Céu Claro";"Simples";"Rotatória";"Sim";2;0;2;0;0;0;2;2;-22,82867578;-45,2088941;"SPRF-SP";"DEL08-SP";"UOP01-DEL08-SP"
214625;2019-06-09;"domingo";"16:15:00";"SC";101;91,9;"BARRA VELHA";"Falta de Atenção à Condução";"Saída de leito carroçável";"Com Vítimas Feridas";"Pleno dia";"Crescente";"Céu Claro";"Dupla";"Reta";"Sim";2;0;0;1;1;0;1;1;-26,67120698;-48,69011814;"SPRF-SC";"DEL03-SC";"UOP02-DEL03-SC"
214626;2019-06-09;"domingo";"15:50:00";"SC";101;136,6;"BALNEARIO CAMBORIU";"Desobediência às normas de trânsito pelo condutor";"Colisão lateral";"Com Vítimas Feridas";"Pleno dia";"Decrescente";"Céu Claro";"Dupla";"Reta";"Sim";2;0;1;0;1;0;1;2;-27,008113;-48,617245;"SPRF-SC";"DEL04-SC";"UOP03-DEL04-SC"
214628;2019-06-09;"domingo";"05:30:00";"PR";373;390;"CANDOI";"Condutor Dormindo";"Saída de leito carroçável";"Com Vítimas Feridas";"Amanhecer";"Crescente";"Céu Claro";"Simples";"Reta";"Não";1;0;1;0;0;0;1;1;-25,52308917;-51,96941695;"SPRF-PR";"DEL03-PR";"UOP01-DEL08-PR"
214629;2019-06-09;"domingo";"16:40:00";"SP";381;65,3;"MAIRIPORA";"Desobediência às normas de trânsito pelo condutor";"Colisão lateral";"Com Vítimas Feridas";"Pleno dia";"Crescente";"Céu Claro";"Dupla";"Reta";"Sim";4;0;2;0;1;1;2;3;-23,316547;-46,58251;"SPRF-SP";"DEL03-SP";"UOP01-DEL03-SP"
214630;2019-06-09;"domingo";"16:10:00";"MG";381;491;"BETIM";"Falta de Atenção à Condução";"Colisão lateral";"Com Vítimas Feridas";"Pleno dia";"Decrescente";"Céu Claro";"Dupla";"Reta";"Sim";2;0;1;1;0;0;2;2;-19,97018187;-44,18210416;"SPRF-MG";"DEL01-MG";"UOP03-DEL01-MG"
214631;2019-06-09;"domingo";"15:10:00";"PR";116;147;"MANDIRITUBA";"Falta de Atenção à Condução";"Saída de leito carroçável";"Com Vítimas Feridas";"Pleno dia";"Decrescente";"Céu Claro";"Simples";"Aclive";"Não";1;0;1;0;0;0;1;1;-25,79053901;-49,32743694;"SPRF-PR";"DEL01-PR";"UOP03-DEL01-PR"
214632;2019-06-09;"domingo";"15:25:00";"PR";153;67,2;"CONSELHEIRO MAIRINCK";"Falta de Atenção à Condução";"Saída de leito carroçável";"Com Vítimas Fatais";"Pleno dia";"Crescente";"Céu Claro";"Simples";"Reta";"Não";6;1;2;1;2;0;3;1;-23,50153651;-50,11007299;"SPRF-PR";"DEL07-PR";"UOP04-DEL07-PR"
214633;2019-06-09;"domingo";"16:45:00";"RS";116;253;"SAPUCAIA DO SUL";"Falta de Atenção à Condução";"Colisão traseira";"Com Vítimas Feridas";"Pleno dia";"Crescente";"Chuva";"Dupla";"Reta";"Sim";3;0;2;0;1;0;2;2;-29,81784209;-51,16996166;"SPRF-RS";"DEL01-RS";"UOP02-DEL01-RS"
214634;2019-06-09;"domingo";"16:50:00";"MG";381;500;"BETIM";"Ingestão de Álcool";"Engavetamento";"Sem Vítimas";"Pleno dia";"Decrescente";"Céu Claro";"Dupla";"Reta";"Sim";3;0;0;0;3;0;0;3;-20,02513493;-44,23112709;"SPRF-MG";"DEL01-MG";"UOP03-DEL01-MG"
214635;2019-06-09;"domingo";"15:54:00";"RO";364;242,2;"CACOAL";"Avarias e/ou desgaste excessivo no pneu";"Tombamento";"Com Vítimas Feridas";"Pleno dia";"Decrescente";"Céu Claro";"Simples";"Reta";"Não";2;0;1;1;0;0;2;1;-11,44084787;-61,48767999;"SPRF-RO";"DEL02-RO";"UOP02-DEL02-RO"
214636;2019-06-09;"domingo";"17:00:00";"MG";40;690,4;"ALFREDO VASCONCELOS";"Falta de Atenção à Condução";"Colisão transversal";"Com Vítimas Feridas";"Pleno dia";"Crescente";"Céu Claro";"Simples";"Reta";"Não";5;0;2;0;2;1;2;3;-21,1016579;-43,76384793;"SPRF-MG";"DEL05-MG";"UOP02-DEL05-MG"
214637;2019-06-09;"domingo";"17:25:00";"RS";470;230;"CARLOS BARBOSA";"Ingestão de Álcool";"Saída de leito carroçável";"Sem Vítimas";"Pleno dia";"Decrescente";"Nublado";"Simples";"Reta";"Não";4;0;0;0;4;0;0;1;-29,2757702619;-51,4937934;"SPRF-RS";"DEL06-RS";"UOP01-DEL06-RS"
214638;2019-06-09;"domingo";"14:30:00";"MG";40;167;"JOAO PINHEIRO";"Condutor Dormindo";"Saída de leito carroçável";"Com Vítimas Feridas";"Pleno dia";"Decrescente";"Céu Claro";"Dupla";"Reta";"Não";1;0;1;0;0;0;1;1;-17,9188517;-46,08289083;"SPRF-MG";"DEL14-MG";"UOP02-DEL14-MG"
214640;2019-06-09;"domingo";"18:00:00";"PR";369;523;"CASCAVEL";"Agressão Externa";"Queda de ocupante de veículo";"Com Vítimas Feridas";"Anoitecer";"Crescente";"Céu Claro";"Simples";"Reta";"Sim";2;0;2;0;0;0;2;1;-24,9502;-53,3984;"SPRF-PR";"DEL04-PR";"UOP01-DEL04-PR"
214642;2019-06-09;"domingo";"18:15:00";"MG";381;451;"SANTA LUZIA";"Falta de Atenção do Pedestre";"Atropelamento de Pedestre";"Com Vítimas Feridas";"Plena Noite";"Crescente";"Céu Claro";"Simples";"Reta";"Sim";2;0;0;1;1;0;1;2;-19,83832024;-43,8806931;"SPRF-MG";"DEL01-MG";"UOP01-DEL01-MG"
214646;2019-06-09;"domingo";"15:20:00";"MT";70;731,9;"CACERES";"Falta de Atenção à Condução";"Colisão frontal";"Com Vítimas Feridas";"Pleno dia";"Crescente";"Céu Claro";"Simples";"Reta";"Sim";3;0;0;1;1;1;1;3;-16,15109224;-57,62618406;"SPRF-MT";"DEL03-MT";"UOP01-DEL03-MT"
214647;2019-06-09;"domingo";"18:10:00";"SC";470;126,5;"RIO DO SUL";"Ingestão de Álcool";"Colisão traseira";"Sem Vítimas";"Plena Noite";"Decrescente";"Céu Claro";"Simples";"Reta";"Sim";2;0;0;0;2;0;0;2;-27,129;-49,538277;"SPRF-SC";"DEL04-SC";"UOP02-DEL04-SC"
214648;2019-06-09;"domingo";"18:15:00";"RJ";101;294;"ITABORAI";"Falta de Atenção à Condução";"Colisão traseira";"Sem Vítimas";"Plena Noite";"Crescente";"Céu Claro";"Dupla";"Reta";"Sim";5;0;0;0;5;0;0;2;-22,7584434;-42,89502344;"SPRF-RJ";"DEL02-RJ";"DEL5/2-UOP04/RJ"
214649;2019-06-09;"domingo";"17:30:00";"BA";116;418;"FEIRA DE SANTANA";"Ingestão de Álcool";"Engavetamento";"Com Vítimas Feridas";"Anoitecer";"Crescente";"Nublado";"Simples";"Reta";"Sim";6;0;1;0;5;0;1;5;-12,185808;-38,965225;"SPRF-BA";"DEL02-BA";"UOP01-DEL02-BA"
214650;2019-06-09;"domingo";"18:00:00";"SC";101;208;"SAO JOSE";"Desobediência às normas de trânsito pelo condutor";"Tombamento";"Com Vítimas Feridas";"Plena Noite";"Decrescente";"Céu Claro";"Dupla";"Reta";"Sim";2;0;1;1;0;0;2;1;-27,60327979;-48,63201818;"SPRF-SC";"DEL01-SC";"UOP01-DEL01-SC"
214651;2019-06-09;"domingo";"18:10:00";"PR";277;58;"SAO JOSE DOS PINHAIS";"Falta de Atenção à Condução";"Engavetamento";"Com Vítimas Feridas";"Anoitecer";"Crescente";"Céu Claro";"Dupla";"Reta";"Não";4;0;1;0;1;2;1;3;-25,57738662;-48,97169992;"SPRF-PR";"DEL01-PR";"UOP07-DEL01-PR"
214652;2019-06-09;"domingo";"16:30:00";"SC";470;236,5;"SAO CRISTOVAO DO SUL";"Falta de Atenção à Condução";"Colisão lateral";"Com Vítimas Feridas";"Pleno dia";"Decrescente";"Céu Claro";"Simples";"Reta";"Não";2;0;1;0;1;0;1;2;-27,30307;-50,447491;"SPRF-SC";"DEL05-SC";"UOP03-DEL05-SC"
214654;2019-06-09;"domingo";"16:50:00";"MT";364;209,5;"RONDONOPOLIS";"Ingestão de Álcool";"Saída de leito carroçável";"Com Vítimas Feridas";"Pleno dia";"Decrescente";"Céu Claro";"Dupla";"Reta";"Sim";4;0;3;0;1;0;3;1;-16,42894942;-54,6933816;"SPRF-MT";"DEL02-MT";"UOP01-DEL02-MT"
214655;2019-06-09;"domingo";"09:25:00";"SC";282;57,6;"RANCHO QUEIMADO";"Velocidade Incompatível";"Saída de leito carroçável";"Com Vítimas Fatais";"Pleno dia";"Decrescente";"Céu Claro";"Simples";"Curva";"Não";2;1;0;0;0;1;0;2;-27,688864;-48,998455;"SPRF-SC";"DEL01-SC";"UOP03-DEL01-SC"
214656;2019-06-09;"domingo";"18:15:00";"SP";116;104;"TAUBATE";"Falta de Atenção à Condução";"Colisão traseira";"Com Vítimas Feridas";"Plena Noite";"Crescente";"Céu Claro";"Dupla";"Aclive";"Não";5;0;3;0;2;0;3;2;-23,00340176;-45,50626912;"SPRF-SP";"DEL06-SP";"UOP01-DEL06-SP"
214658;2019-06-09;"domingo";"16:55:00";"MG";262;378;"JUATUBA";"Falta de Atenção à Condução";"Saída de leito carroçável";"Com Vítimas Feridas";"Pleno dia";"Crescente";"Céu Claro";"Dupla";"Curva";"Não";2;0;1;0;1;0;1;1;-19,95652262;-44,3648278;"SPRF-MG";"DEL01-MG";"UOP03-DEL01-MG"
214659;2019-06-09;"domingo";"18:45:00";"GO";153;515;"APARECIDA DE GOIANIA";"Defeito Mecânico no Veículo";"Colisão traseira";"Sem Vítimas";"Plena Noite";"Decrescente";"Céu Claro";"Dupla";"Reta";"Sim";4;0;0;0;3;1;0;4;-16,8413;-49,2454;"SPRF-GO";"DEL01-GO";"UOP03-DEL01-GO"
214660;2019-06-09;"domingo";"18:30:00";"SC";101;186,4;"BIGUACU";"Falta de Atenção à Condução";"Colisão lateral";"Com Vítimas Feridas";"Plena Noite";"Crescente";"Céu Claro";"Dupla";"Curva";"Sim";5;0;1;1;2;1;2;3;-27,4341098;-48,62567129;"SPRF-SC";"DEL01-SC";"UOP01-DEL01-SC"
214661;2019-06-09;"domingo";"18:30:00";"MG";365;611;"UBERLANDIA";"Falta de Atenção à Condução";"Queda de ocupante de veículo";"Com Vítimas Feridas";"Plena Noite";"Crescente";"Vento";"Dupla";"Em Obras";"Sim";2;0;1;0;1;0;1;1;-18,92793854;-48,19198317;"SPRF-MG";"DEL15-MG";"UOP01-DEL15-MG"
214663;2019-06-09;"domingo";"18:30:00";"RS";116;237,2;"NOVO HAMBURGO";"Falta de Atenção à Condução";"Queda de ocupante de veículo";"Com Vítimas Feridas";"Plena Noite";"Crescente";"Nublado";"Dupla";"Reta";"Sim";1;0;1;0;0;0;1;1;-29,67839398;-51,1422266;"SPRF-RS";"DEL01-RS";"UOP02-DEL01-RS"
214665;2019-06-09;"domingo";"20:00:00";"RS";290;125;"ELDORADO DO SUL";"Ingestão de Álcool";"Colisão traseira";"Sem Vítimas";"Plena Noite";"Decrescente";"Céu Claro";"Simples";"Reta";"Não";2;0;0;0;2;0;0;2;-30,052313;-51,428188;"SPRF-RS";"DEL02-RS";"UOP01-DEL02-RS"
214666;2019-06-09;"domingo";"18:20:00";"PA";230;117;"MARABA";"Falta de Atenção à Condução";"Colisão traseira";"Sem Vítimas";"Plena Noite";"Crescente";"Céu Claro";"Dupla";"Reta";"Sim";4;0;0;0;4;0;0;2;-5,35569904;-49,09047302;"SPRF-PA";"DEL03-PA";"UOP01-DEL03-PA"
214667;2019-06-09;"domingo";"18:10:00";"MS";158;280;"TRES LAGOAS";"Falta de Atenção à Condução";"Colisão com objeto estático";"Sem Vítimas";"Plena Noite";"Decrescente";"Céu Claro";"Simples";"Reta";"Não";1;0;0;0;1;0;0;1;-20,82785001;-51,72945098;"SPRF-MS";"DEL07-MS";"UOP01-DEL07-MS"
214668;2019-06-09;"domingo";"19:00:00";"SC";101;208,8;"SAO JOSE";"Não guardar distância de segurança";"Colisão traseira";"Com Vítimas Feridas";"Plena Noite";"Crescente";"Céu Claro";"Dupla";"Reta";"Sim";6;0;4;1;1;0;5;3;-27,60327979;-48,63201818;"SPRF-SC";"DEL01-SC";"UOP01-DEL01-SC"
214669;2019-06-09;"domingo";"15:30:00";"PR";153;300;"IMBITUVA";"Velocidade Incompatível";"Saída de leito carroçável";"Com Vítimas Feridas";"Pleno dia";"Crescente";"Céu Claro";"Simples";"Curva";"Não";3;0;1;1;1;0;2;2;-25,20860016;-50,59793182;"SPRF-PR";"DEL03-PR";"UOP02-DEL08-PR"
214670;2019-06-09;"domingo";"11:20:00";"PI";343;301;"ALTOS";"Falta de Atenção à Condução";"Colisão transversal";"Com Vítimas Feridas";"Pleno dia";"Decrescente";"Céu Claro";"Simples";"Curva";"Não";3;0;1;1;1;0;2;2;-5,009246;-42,419983;"SPRF-PI";"DEL01-PI";"UOP03-DEL01-PI"
214674;2019-06-09;"domingo";"18:45:00";"SP";381;80;"GUARULHOS";"Ingestão de Álcool";"Atropelamento de Pedestre";"Com Vítimas Feridas";"Plena Noite";"Crescente";"Céu Claro";"Dupla";"Reta";"Sim";2;0;1;0;1;0;1;2;-23,40889686;-46,58095945;"SPRF-SP";"DEL03-SP";"UOP01-DEL03-SP"
214675;2019-06-09;"domingo";"18:00:00";"RJ";493;3;"ITABORAI";"Desobediência às normas de trânsito pelo condutor";"Colisão frontal";"Com Vítimas Feridas";"Plena Noite";"Crescente";"Céu Claro";"Simples";"Reta";"Não";2;0;1;0;1;0;1;2;-22,7525329;-42,94160092;"SPRF-RJ";"DEL04-RJ";"UOP02-DEL04-RJ"
214676;2019-06-09;"domingo";"19:45:00";"PR";369;388,3;"MAMBORE";"Condutor Dormindo";"Colisão frontal";"Com Vítimas Feridas";"Plena Noite";"Crescente";"Céu Claro";"Simples";"Reta";"Não";4;0;0;1;1;2;1;3;-24,2731;-52,5121;"SPRF-PR";"DEL04-PR";"UOP03-DEL04-PR"
214678;2019-06-09;"domingo";"19:00:00";"BA";101;329,8;"PRESIDENTE TANCREDO NEVES";"Desobediência às normas de trânsito pelo condutor";"Queda de ocupante de veículo";"Com Vítimas Fatais";"Plena Noite";"Decrescente";"Nublado";"Simples";"Aclive";"Sim";1;1;0;0;0;0;0;1;-13,4728;-39,4182;"SPRF-BA";"DEL05-BA";"UOP03-DEL05-BA"
214679;2019-06-09;"domingo";"19:50:00";"RJ";116;41;"TERESOPOLIS";"Falta de Atenção à Condução";"Atropelamento de Pedestre";"Com Vítimas Feridas";"Plena Noite";"Decrescente";"Nublado";"Simples";"Reta";"Sim";2;0;0;1;1;0;1;2;-22,13943547;-42,78660142;"SPRF-RJ";"DEL04-RJ";"UOP01-DEL04-RJ"
214681;2019-06-09;"domingo";"20:02:00";"DF";70;3,3;"BRASILIA";"Desobediência às normas de trânsito pelo condutor";"Colisão traseira";"Com Vítimas Feridas";"Plena Noite";"Crescente";"Céu Claro";"Dupla";"Retorno Regulamentado";"Sim";3;0;1;0;2;0;1;2;-15,802453;-48,080387;"SPRF-DF";"DEL01-DF";"UOP02-DEL03-DF"
214682;2019-06-09;"domingo";"19:30:00";"MA";135;7,3;"SAO LUIS";"Ingestão de Álcool";"Colisão com objeto em movimento";"Sem Vítimas";"Plena Noite";"Decrescente";"Céu Claro";"Dupla";"Aclive";"Não";2;0;0;0;2;0;0;2;-2,63608835;-44,26848552;"SPRF-MA";"DEL01-MA";"UOP01-DEL01-MA"
214683;2019-06-09;"domingo";"15:40:00";"RO";421;62,4;"MONTE NEGRO";"Falta de Atenção à Condução";"Saída de leito carroçável";"Com Vítimas Feridas";"Pleno dia";"Crescente";"Céu Claro";"Simples";"Reta";"Não";1;0;1;0;0;0;1;1;-10,340422;-63,365307;"SPRF-RO";"DEL03-RO";"DEL21/3-UOP04/RO"
214684;2019-06-09;"domingo";"18:30:00";"RO";429;206,4;"SERINGUEIRAS";"Animais na Pista";"Atropelamento de Animal";"Sem Vítimas";"Pleno dia";"Decrescente";"Céu Claro";"Simples";"Reta";"Não";1;0;0;0;1;0;0;1;-11,7996451;-63,10720792;"SPRF-RO";"DEL02-RO";"UOP03-DEL02-RO"
214685;2019-06-09;"domingo";"20:10:00";"ES";482;21,4;"CACHOEIRO DE ITAPEMIRIM";"Ingestão de Álcool";"Queda de ocupante de veículo";"Com Vítimas Feridas";"Plena Noite";"Crescente";"Nublado";"Simples";"Rotatória";"Não";1;0;0;1;0;0;1;1;-20,80188126;-41,08127618;"SPRF-ES";"DEL03-ES";"UOP02-DEL03-ES"
214686;2019-06-09;"domingo";"19:50:00";"RS";386;247,2;"SOLEDADE";"Falta de Atenção do Pedestre";"Atropelamento de Pedestre";"Com Vítimas Feridas";"Plena Noite";"Crescente";"Nublado";"Simples";"Reta";"Sim";2;0;0;1;0;1;1;2;-28,81407961;-52,49147415;"SPRF-RS";"DEL04-RS";"UOP03-DEL04-RS"
214688;2019-06-09;"domingo";"20:30:00";"PR";277;586,4;"CASCAVEL";"Falta de Atenção à Condução";"Colisão transversal";"Sem Vítimas";"Plena Noite";"Crescente";"Nublado";"Simples";"Reta";"Sim";6;0;0;0;6;0;0;2;-24,9649472;-53,4210459;"SPRF-PR";"DEL04-PR";"UOP01-DEL04-PR"
214689;2019-06-09;"domingo";"19:35:00";"PR";277;75;"SAO JOSE DOS PINHAIS";"Falta de Atenção à Condução";"Colisão lateral";"Com Vítimas Feridas";"Plena Noite";"Crescente";"Céu Claro";"Dupla";"Reta";"Sim";2;0;0;1;1;0;1;2;-25,4831361;-49,19150244;"SPRF-PR";"DEL01-PR";"UOP01-DEL01-PR"
214691;2019-06-09;"domingo";"19:30:00";"RJ";40;83;"PETROPOLIS";"Velocidade Incompatível";"Colisão com objeto estático";"Com Vítimas Feridas";"Plena Noite";"Crescente";"Chuva";"Simples";"Curva";"Não";3;0;1;0;2;0;1;1;-22,51910302;-43,22873364;"SPRF-RJ";"DEL06-RJ";"UOP01-DEL06-RJ"