"id";"data_inversa";"dia_semana";"horario";"uf";"br";"km";"municipio";"causa_acidente";"tipo_acidente";"classificacao_acidente";"fase_dia";"sentido_via";"condicao_metereologica";"tipo_pista";"tracado_via";"uso_solo";"pessoas";"mortos";"feridos_leves";"feridos_graves";"ilesos";"ignorados";"feridos";"veiculos";"latitude";"longitude";"regional";"delegacia";"uop"
215045;2019-06-11;"terça-feira";"07:40:00";"PE";428;188;"PETROLINA";"Falta de Atenção do Pedestre";"Colisão traseira";"Com Vítimas Feridas";"Pleno dia";"Decrescente";"Céu Claro";"Simples";"Rotatória";"Não";2;0;1;0;1;0;1;2;-9,36400596;-40,48266808;"SPRF-PE";"DEL06-PE";"UOP01-DEL06-PE"
215046;2019-05-14;"terça-feira";"23:40:00";"DF";70;9;"BRASILIA";"Falta de Atenção à Condução";"Colisão lateral";"Com Vítimas Feridas";"Plena Noite";"Crescente";"Céu Claro";"Dupla";"Reta";"Sim";3;0;2;0;1;0;2;2;-15,784615;-48,132023;"SPRF-DF";"DEL01-DF";"UOP02-DEL03-DF"
215047;2019-06-11;"terça-feira";"13:50:00";"RS";285;398,8;"SANTA BARBARA DO SUL";"Falta de Atenção à Condução";"Saída de leito carroçável";"Com Vítimas Feridas";"Pleno dia";"Decrescente";"Céu Claro";"Simples";"Reta";"Não";7;0;2;0;3;2;2;3;-28,386555;-53,332485;"SPRF-RS";"DEL10-RS";"UOP02-DEL10-RS"
215048;2019-05-26;"domingo";"13:00:00";"MG";381;483,3;"BETIM";"Velocidade Incompatível";"Colisão com objeto estático";"Com Vítimas Fatais";"Pleno dia";"Crescente";"Sol";"Dupla";"Declive;Curva";"Sim";1;1;0;0;0;0;0;1;-19,95594491;-44,10721699;"SPRF-MG";"DEL01-MG";"UOP03-DEL01-MG"
215049;2019-06-11;"terça-feira";"15:35:00";"AL";101;219,8;"PORTO REAL DO COLEGIO";"Pista Escorregadia";"Capotamento";"Sem Vítimas";"Pleno dia";"Crescente";"Chuva";"Dupla";"Curva";"Não";1;0;0;0;1;0;0;1;-10,04787311;-36,67004799;"SPRF-AL";"DEL02-AL";"UOP02-DEL02-AL"
215050;2019-06-11;"terça-feira";"14:36:00";"RO";364;525,5;"ARIQUEMES";"Falta de Atenção à Condução";"Colisão traseira";"Com Vítimas Feridas";"Pleno dia";"Decrescente";"Céu Claro";"Simples";"Reta";"Não";4;0;1;0;3;0;1;2;-9,83255212;-63,06791782;"SPRF-RO";"DEL03-RO";"UOP01-DEL03-RO"
215051;2019-06-11;"terça-feira";"15:00:00";"PR";476;121;"CURITIBA";"Falta de Atenção à Condução";"Colisão lateral";"Com Vítimas Feridas";"Pleno dia";"Decrescente";"Céu Claro";"Múltipla";"Reta";"Sim";4;0;1;0;2;1;1;4;-25,37191;-49,19146;"SPRF-PR";"DEL01-PR";"UOP07-DEL01-PR"
215054;2019-06-11;"terça-feira";"16:35:00";"PI";343;9;"PARNAIBA";"Falta de Atenção à Condução";"Colisão transversal";"Sem Vítimas";"Pleno dia";"Decrescente";"Sol";"Simples";"Reta";"Sim";2;0;0;0;2;0;0;2;-2,900722;-41,732681;"SPRF-PI";"DEL05-PI";"UOP01-DEL05-PI"
215055;2019-06-11;"terça-feira";"15:30:00";"SC";470;75,8;"INDAIAL";"Não guardar distância de segurança";"Colisão traseira";"Com Vítimas Feridas";"Pleno dia";"Decrescente";"Sol";"Simples";"Reta";"Não";3;0;1;0;2;0;1;2;-26,924833;-49,284004;"SPRF-SC";"DEL04-SC";"UOP01-DEL04-SC"
215057;2019-06-11;"terça-feira";"17:10:00";"SP";116;446,5;"REGISTRO";"Desobediência às normas de trânsito pelo condutor";"Colisão lateral";"Com Vítimas Feridas";"Pleno dia";"Decrescente";"Céu Claro";"Simples";"Reta";"Sim";5;0;1;0;4;0;1;2;-24,50780712;-47,85090923;"SPRF-SP";"DEL05-SP";"UOP01-DEL05-SP"
215058;2019-06-11;"terça-feira";"16:48:00";"GO";60;381,5;"RIO VERDE";"Desobediência às normas de trânsito pelo condutor";"Colisão traseira";"Com Vítimas Feridas";"Pleno dia";"Decrescente";"Céu Claro";"Múltipla";"Reta";"Sim";2;0;1;0;1;0;1;2;-17,7727;-50,8862;"SPRF-GO";"DEL04-GO";"UOP01-DEL04-GO"
215060;2019-06-11;"terça-feira";"17:10:00";"SC";470;46;"GASPAR";"Desobediência às normas de trânsito pelo condutor";"Colisão transversal";"Com Vítimas Feridas";"Pleno dia";"Crescente";"Céu Claro";"Simples";"Reta";"Sim";4;0;1;1;2;0;2;3;-26,860388;-49,037617;"SPRF-SC";"DEL04-SC";"UOP01-DEL04-SC"
215061;2019-06-11;"terça-feira";"16:55:00";"PB";230;19;"JOAO PESSOA";"Defeito Mecânico no Veículo";"Queda de ocupante de veículo";"Com Vítimas Feridas";"Anoitecer";"Decrescente";"Nublado";"Dupla";"Reta";"Não";2;0;2;0;0;0;2;1;-7,1281;-34,8466;"SPRF-PB";"DEL01-PB";"UOP01-DEL01-PB"
215062;2019-06-11;"terça-feira";"17:00:00";"BA";324;579;"SAO SEBASTIAO DO PASSE";"Avarias e/ou desgaste excessivo no pneu";"Tombamento";"Com Vítimas Feridas";"Anoitecer";"Crescente";"Garoa/Chuvisco";"Dupla";"Reta";"Não";2;0;1;0;1;0;1;1;-12,5942506;-38,51640271;"SPRF-BA";"DEL01-BA";"UOP01-DEL01-BA"
215063;2019-06-11;"terça-feira";"17:30:00";"RS";116;268;"CANOAS";"Falta de Atenção à Condução";"Colisão lateral";"Com Vítimas Feridas";"Plena Noite";"Decrescente";"Céu Claro";"Dupla";"Reta";"Sim";2;0;1;0;1;0;1;2;-29,95042502;-51,17652939;"SPRF-RS";"DEL01-RS";"UOP01-DEL01-RS"
215064;2019-06-11;"terça-feira";"16:40:00";"ES";101;271,6;"SERRA";"Falta de Atenção à Condução";"Colisão traseira";"Com Vítimas Feridas";"Pleno dia";"Crescente";"Céu Claro";"Múltipla";"Interseção de Vias";"Sim";3;0;1;0;1;1;1;2;-20,22932165;-40,28173685;"SPRF-ES";"DEL02-ES";"UOP01-DEL02-ES"
215065;2019-06-11;"terça-feira";"15:00:00";"ES";262;4;"CARIACICA";"Defeito Mecânico no Veículo";"Queda de ocupante de veículo";"Com Vítimas Feridas";"Pleno dia";"Crescente";"Céu Claro";"Dupla";"Reta";"Sim";1;0;1;0;0;0;1;1;-20,33609327;-40,37812784;"SPRF-ES";"DEL01-ES";"UOP01-DEL01-ES"
215066;2019-06-11;"terça-feira";"17:40:00";"PR";476;135,3;"CURITIBA";"Não guardar distância de segurança";"Colisão traseira";"Com Vítimas Feridas";"Anoitecer";"Crescente";"Céu Claro";"Múltipla";"Reta;Interseção de Vias";"Sim";2;0;1;0;1;0;1;2;-25,483786;-49,265808;"SPRF-PR";"DEL01-PR";"UOP03-DEL01-PR"
215067;2019-06-11;"terça-feira";"18:00:00";"SP";101;49;"UBATUBA";"Falta de Atenção à Condução";"Queda de ocupante de veículo";"Com Vítimas Feridas";"Plena Noite";"Decrescente";"Céu Claro";"Simples";"Reta";"Sim";1;0;1;0;0;0;1;1;-23,44410908;-45,08375708;"SPRF-SP";"DEL06-SP";"UOP01-DEL06-SP"
215069;2019-06-11;"terça-feira";"18:00:00";"PB";104;147,3;"QUEIMADAS";"Falta de Atenção à Condução";"Colisão traseira";"Com Vítimas Feridas";"Plena Noite";"Crescente";"Vento";"Simples";"Reta";"Não";2;0;2;0;0;0;2;2;-7,43751973;-35,9008386;"SPRF-PB";"DEL02-PB";"UOP03-DEL02-PB"
215070;2019-06-11;"terça-feira";"17:40:00";"PE";232;409;"SERRA TALHADA";"Falta de Atenção à Condução";"Colisão frontal";"Com Vítimas Feridas";"Anoitecer";"Crescente";"Céu Claro";"Simples";"Interseção de Vias";"Sim";2;0;1;0;1;0;1;2;-7,981944;-38,289467;"SPRF-PE";"DEL04-PE";"UOP01-DEL04-PE"
215071;2019-06-11;"terça-feira";"18:45:00";"DF";20;1;"BRASILIA";"Desobediência às normas de trânsito pelo condutor";"Queda de ocupante de veículo";"Com Vítimas Feridas";"Anoitecer";"Crescente";"Céu Claro";"Múltipla";"Declive";"Sim";1;0;1;0;0;0;1;1;-15,685814;-47,849838;"SPRF-DF";"DEL02-DF";"UOP01-DEL02-DF"
215072;2019-06-11;"terça-feira";"18:40:00";"SC";470;139;"RIO DO SUL";"Falta de Atenção à Condução";"Colisão transversal";"Com Vítimas Feridas";"Plena Noite";"Decrescente";"Céu Claro";"Simples";"Reta";"Sim";3;0;1;0;2;0;1;2;-27,20070931;-49,63172436;"SPRF-SC";"DEL04-SC";"UOP02-DEL04-SC"
215073;2019-06-11;"terça-feira";"18:30:00";"PR";158;526;"PATO BRANCO";"Falta de Atenção à Condução";"Colisão traseira";"Com Vítimas Feridas";"Anoitecer";"Crescente";"Céu Claro";"Simples";"Reta";"Não";5;0;1;0;4;0;1;5;-26,15962508;-52,66289367;"SPRF-PR";"DEL02-PR";"UOP01-DEL02-PR"
215074;2019-06-11;"terça-feira";"18:45:00";"SC";282;2;"FLORIANOPOLIS";"Desobediência às normas de trânsito pelo condutor";"Colisão lateral";"Com Vítimas Feridas";"Plena Noite";"Decrescente";"Céu Claro";"Dupla";"Reta";"Sim";2;0;1;0;1;0;1;2;-27,603289;-48,590416;"SPRF-SC";"DEL01-SC";"UOP01-DEL01-SC"
215075;2019-06-11;"terça-feira";"19:00:00";"PR";369;201;"APUCARANA";"Falta de Atenção à Condução";"Colisão traseira";"Com Vítimas Feridas";"Plena Noite";"Crescente";"Céu Claro";"Simples";"Reta";"Sim";2;0;1;0;1;0;1;2;-23,53443694;-51,45594299;"SPRF-PR";"DEL07-PR";"UOP03-DEL07-PR"
215076;2019-06-11;"terça-feira";"18:50:00";"GO";50;252,2;"CATALAO";"Defeito Mecânico no Veículo";"Danos eventuais";"Com Vítimas Feridas";"Plena Noite";"Crescente";"Céu Claro";"Dupla";"Reta";"Não";4;0;1;0;3;0;1;1;-17,986;-47,7967;"SPRF-GO";"DEL06-GO";"UOP01-DEL06-GO"
215077;2019-06-11;"terça-feira";"16:00:00";"SC";153;87,7;"CONCORDIA";"Pista Escorregadia";"Tombamento";"Com Vítimas Feridas";"Pleno dia";"Decrescente";"Céu Claro";"Simples";"Curva";"Não";2;0;2;0;0;0;2;1;-27,157175;-51,914791;"SPRF-SC";"DEL07-SC";"UOP04-DEL07-SC"
215078;2019-06-11;"terça-feira";"18:25:00";"MG";116;275,5;"TEOFILO OTONI";"Falta de Atenção do Pedestre";"Atropelamento de Pedestre";"Com Vítimas Feridas";"Plena Noite";"Decrescente";"Nublado";"Simples";"Reta";"Sim";3;0;1;0;2;0;1;3;-17,84235093;-41,51410418;"SPRF-MG";"DEL11-MG";"UOP01-DEL11-MG"
215081;2019-06-11;"terça-feira";"19:15:00";"GO";40;4;"VALPARAISO DE GOIAS";"Falta de Atenção à Condução";"Colisão traseira";"Com Vítimas Feridas";"Plena Noite";"Crescente";"Céu Claro";"Dupla";"Reta";"Sim";3;0;0;1;2;0;1;3;-16,085241;-47,986752;"SPRF-DF";"DEL01-DF";"UOP01-DEL01-DF"
215082;2019-06-11;"terça-feira";"19:20:00";"RJ";101;261;"RIO BONITO";"Defeito Mecânico no Veículo";"Colisão com objeto estático";"Com Vítimas Feridas";"Plena Noite";"Decrescente";"Vento";"Dupla";"Curva";"Não";1;0;1;0;0;0;1;1;-22,71266841;-42,61677146;"SPRF-RJ";"DEL02-RJ";"UOP03-DEL02-RJ"
215083;2019-06-11;"terça-feira";"18:00:00";"RJ";116;305;"RESENDE";"Falta de Atenção à Condução";"Colisão transversal";"Com Vítimas Feridas";"Anoitecer";"Crescente";"Céu Claro";"Simples";"Reta";"Sim";2;0;1;0;1;0;1;2;-22,45573779;-44,39454802;"SPRF-RJ";"DEL07-RJ";"DEL5/7-UOP03/RJ"
215084;2019-06-11;"terça-feira";"19:00:00";"ES";101;146,7;"LINHARES";"Falta de Atenção à Condução";"Colisão traseira";"Com Vítimas Feridas";"Plena Noite";"Crescente";"Céu Claro";"Múltipla";"Reta";"Sim";2;0;1;0;1;0;1;2;-19,36990998;-40,06560718;"SPRF-ES";"DEL04-ES";"UOP01-DEL04-ES"
215085;2019-06-11;"terça-feira";"18:10:00";"SC";470;133,5;"RIO DO SUL";"Desobediência às normas de trânsito pelo condutor";"Colisão transversal";"Com Vítimas Feridas";"Plena Noite";"Crescente";"Céu Claro";"Simples";"Reta";"Sim";2;0;1;0;0;1;1;2;-27,174187;-49,588497;"SPRF-SC";"DEL04-SC";"UOP02-DEL04-SC"
215087;2019-06-11;"terça-feira";"19:20:00";"MA";230;406;"BALSAS";"Falta de Atenção à Condução";"Colisão transversal";"Com Vítimas Feridas";"Plena Noite";"Crescente";"Céu Claro";"Simples";"Reta";"Sim";2;0;1;0;1;0;1;2;-7,51971965;-46,05845601;"SPRF-MA";"DEL05-MA";"UOP01-DEL05-MA"
215089;2019-06-11;"terça-feira";"19:20:00";"ES";101;292,9;"CARIACICA";"Falta de Atenção à Condução";"Colisão com objeto estático";"Com Vítimas Feridas";"Plena Noite";"Decrescente";"Céu Claro";"Múltipla";"Interseção de Vias";"Sim";1;0;1;0;0;0;1;1;-20,31462833;-40,39523385;"SPRF-ES";"DEL01-ES";"UOP01-DEL01-ES"
215090;2019-03-05;"terça-feira";"16:30:00";"AM";174;899,4;"MANAUS";"Pista Escorregadia";"Tombamento";"Com Vítimas Feridas";"Pleno dia";"Decrescente";"Chuva";"Simples";"Reta";"Não";2;0;2;0;0;0;2;1;-2,80039804;-60,0402832;"SPRF-AM";"DEL01-AM";"UOP01-DEL01-AM"
215093;2019-06-11;"terça-feira";"19:45:00";"BA";324;617;"SALVADOR";"Falta de Atenção à Condução";"Colisão lateral";"Com Vítimas Feridas";"Plena Noite";"Decrescente";"Chuva";"Múltipla";"Interseção de Vias";"Sim";3;0;2;0;1;0;2;2;-12,8860325;-38,43806469;"SPRF-BA";"DEL01-BA";"UOP01-DEL01-BA"
215094;2019-06-11;"terça-feira";"19:45:00";"RS";471;179;"RIO PARDO";"Animais na Pista";"Atropelamento de Animal";"Com Vítimas Feridas";"Plena Noite";"Decrescente";"Nublado";"Simples";"Curva";"Não";2;0;2;0;0;0;2;1;-30,067255;-52,366642;"SPRF-RS";"DEL02-RS";"UOP02-DEL02-RS"
215096;2019-05-18;"sábado";"18:00:00";"MG";116;417;"GOVERNADOR VALADARES";"Falta de Atenção à Condução";"Colisão transversal";"Com Vítimas Feridas";"Plena Noite";"Crescente";"Ignorado";"Simples";"Reta";"Sim";2;0;2;0;0;0;2;1;-18,89946555;-41,9461441;"SPRF-MG";"DEL06-MG";"UOP01-DEL06-MG"
215097;2019-06-11;"terça-feira";"20:25:00";"SC";101;157,2;"PORTO BELO";"Falta de Atenção à Condução";"Colisão traseira";"Sem Vítimas";"Plena Noite";"Crescente";"Céu Claro";"Dupla";"Reta";"Não";3;0;0;0;3;0;0;3;-27,18488699;-48,61264586;"SPRF-SC";"DEL04-SC";"UOP03-DEL04-SC"
215098;2019-06-11;"terça-feira";"19:30:00";"RO";364;238;"CACOAL";"Falta de Atenção à Condução";"Colisão transversal";"Com Vítimas Feridas";"Plena Noite";"Crescente";"Céu Claro";"Simples";"Reta";"Sim";2;0;0;2;0;0;2;2;-11,4388578;-61,45471289;"SPRF-RO";"DEL02-RO";"UOP02-DEL02-RO"
215099;2019-06-11;"terça-feira";"17:30:00";"BA";330;800;"JEQUIE";"Velocidade Incompatível";"Colisão frontal";"Com Vítimas Feridas";"Anoitecer";"Crescente";"Chuva";"Simples";"Curva";"Não";2;0;2;0;0;0;2;2;-13,95289599;-39,97204199;"SPRF-BA";"DEL03-BA";"UOP01-DEL03-BA"
215100;2019-06-11;"terça-feira";"18:30:00";"SC";280;183,8;"MAFRA";"Desobediência às normas de trânsito pelo condutor";"Colisão frontal";"Com Vítimas Fatais";"Plena Noite";"Decrescente";"Céu Claro";"Simples";"Reta";"Não";3;1;0;0;2;0;0;2;-26,17524536;-49,91598805;"SPRF-SC";"DEL06-SC";"UOP01-DEL06-SC"
215101;2019-06-11;"terça-feira";"21:30:00";"SC";470;56,3;"BLUMENAU";"Falta de Atenção à Condução";"Colisão transversal";"Com Vítimas Feridas";"Plena Noite";"Crescente";"Céu Claro";"Simples";"Reta";"Não";2;0;0;2;0;0;2;2;-26,87674;-49,127743;"SPRF-SC";"DEL04-SC";"UOP01-DEL04-SC"
215102;2019-06-11;"terça-feira";"21:00:00";"SC";101;206;"SAO JOSE";"Desobediência às normas de trânsito pelo condutor";"Colisão transversal";"Com Vítimas Feridas";"Plena Noite";"Crescente";"Céu Claro";"Dupla";"Interseção de Vias";"Sim";2;0;1;0;1;0;1;2;-27,59193546;-48,61824557;"SPRF-SC";"DEL01-SC";"UOP01-DEL01-SC"
215103;2019-06-11;"terça-feira";"21:20:00";"SE";101;191,7;"CRISTINAPOLIS";"Ingestão de Álcool";"Colisão com objeto estático";"Sem Vítimas";"Plena Noite";"Crescente";"Nublado";"Simples";"Curva";"Não";1;0;0;0;1;0;0;1;-11,42866951;-37,72175703;"SPRF-SE";"DEL02-SE";"UOP03-DEL02-SE"
215107;2019-06-11;"terça-feira";"22:10:00";"DF";20;11;"BRASILIA";"Desobediência às normas de trânsito pelo condutor";"Colisão transversal";"Com Vítimas Feridas";"Pleno dia";"Crescente";"Céu Claro";"Simples";"Reta";"Sim";3;0;1;0;2;0;1;2;-15,64650049;-47,76586175;"SPRF-DF";"DEL02-DF";"UOP01-DEL02-DF"
215108;2019-06-11;"terça-feira";"19:30:00";"MA";10;306;"ACAILANDIA";"Desobediência às normas de trânsito pelo condutor";"Colisão transversal";"Com Vítimas Feridas";"Plena Noite";"Crescente";"Céu Claro";"Simples";"Reta";"Não";2;0;1;1;0;0;2;2;-5,060839;-47,557995;"SPRF-MA";"DEL04-MA";"UOP03-DEL04-MA"
215110;2019-06-11;"terça-feira";"21:50:00";"MA";10;259;"IMPERATRIZ";"Defeito na Via";"Queda de ocupante de veículo";"Com Vítimas Feridas";"Plena Noite";"Crescente";"Céu Claro";"Simples";"Declive";"Sim";1;0;1;0;0;0;1;1;-5,472474;-47,472221;"SPRF-MA";"DEL04-MA";"UOP01-DEL04-MA"
215112;2019-06-11;"terça-feira";"21:45:00";"PE";101;44,4;"IGARASSU";"Falta de Atenção do Pedestre";"Atropelamento de Pedestre";"Com Vítimas Fatais";"Plena Noite";"Crescente";"Chuva";"Simples";"Reta";"Sim";2;1;0;0;1;0;0;2;-7,85637001;-34,90842109;"SPRF-PE";"DEL01-PE";"UOP02-DEL01-PE"
215115;2019-06-11;"terça-feira";"20:00:00";"SC";101;288,5;"IMBITUBA";"Falta de Atenção à Condução";"Colisão transversal";"Com Vítimas Feridas";"Plena Noite";"Decrescente";"Nublado";"Múltipla";"Viaduto;Interseção de Vias;Rotatória";"Sim";2;0;1;0;1;0;1;2;-28,26202477;-48,70403355;"SPRF-SC";"DEL02-SC";"UOP03-DEL02-SC"
215116;2019-06-11;"terça-feira";"22:30:00";"RJ";40;114;"DUQUE DE CAXIAS";"Falta de Atenção à Condução";"Tombamento";"Com Vítimas Feridas";"Plena Noite";"Decrescente";"Ignorado";"Dupla";"Reta";"Sim";1;0;1;0;0;0;1;1;-22,71853604;-43,28993324;"SPRF-RJ";"DEL01-RJ";"UOP01-DEL01-RJ"
215117;2019-06-11;"terça-feira";"23:00:00";"PR";376;175,1;"MARINGA";"Falta de Atenção à Condução";"Colisão traseira";"Com Vítimas Feridas";"Plena Noite";"Crescente";"Céu Claro";"Dupla";"Retorno Regulamentado";"Sim";3;0;1;0;2;0;1;2;-23,4113569;-51,9407767;"SPRF-PR";"DEL07-PR";"UOP01-DEL09-PR"
215120;2019-06-11;"terça-feira";"23:10:00";"RJ";465;2,3;"SEROPEDICA";"Falta de Atenção à Condução";"Colisão transversal";"Com Vítimas Feridas";"Plena Noite";"Decrescente";"Céu Claro";"Simples";"Reta";"Sim";2;0;0;1;1;0;1;2;-22,727266;-43,718712;"SPRF-RJ";"DEL01-RJ";"UOP01-DEL01-MS"
215121;2019-06-01;"sábado";"14:50:00";"PB";104;110;"LAGOA SECA";"Desobediência às normas de trânsito pelo condutor";"Colisão lateral";"Com Vítimas Feridas";"Pleno dia";"Crescente";"Céu Claro";"Simples";"Reta";"Sim";2;0;1;0;1;0;1;2;-7,12844791;-35,86084776;"SPRF-PB";"DEL02-PB";"UOP04-DEL02-PB"
215123;2019-06-11;"terça-feira";"23:30:00";"PR";116;125;"FAZENDA RIO GRANDE";"Desobediência às normas de trânsito pelo condutor";"Colisão com objeto estático";"Com Vítimas Feridas";"Plena Noite";"Crescente";"Nublado";"Dupla";"Reta";"Sim";1;0;1;0;0;0;1;1;-25,635244;-49,313342;"SPRF-PR";"DEL01-PR";"UOP03-DEL01-PR"
215124;2019-06-11;"terça-feira";"23:05:00";"RJ";101;103;"CAMPOS DOS GOYTACAZES";"Desobediência às normas de trânsito pelo condutor";"Colisão traseira";"Com Vítimas Feridas";"Plena Noite";"Decrescente";"Céu Claro";"Dupla";"Reta";"Não";1;0;1;0;0;0;1;1;-21,90327185;-41,60553822;"SPRF-RJ";"DEL08-RJ";"UOP02-DEL08-RJ"
215125;2019-06-11;"terça-feira";"23:00:00";"RR";174;502;"BOA VISTA";"Defeito na Via";"Queda de ocupante de veículo";"Com Vítimas Feridas";"Plena Noite";"Decrescente";"Garoa/Chuvisco";"Dupla";"Reta";"Sim";2;0;2;0;0;0;2;1;2,7973654;-60,69800377;"SPRF-RR";"DEL01-RR";"UOP01-DEL01-RR"
215126;2019-06-12;"quarta-feira";"00:15:00";"RJ";356;17,3;"ITAPERUNA";"Falta de Atenção à Condução";"Queda de ocupante de veículo";"Com Vítimas Feridas";"Plena Noite";"Decrescente";"Nublado";"Simples";"Reta";"Sim";1;0;1;0;0;0;1;1;-21,17885949;-42,03885202;"SPRF-RJ";"DEL08-RJ";"UOP03-DEL08-RJ"
215127;2019-06-12;"quarta-feira";"00:35:00";"DF";60;21,4;"BRASILIA";"Falta de Atenção à Condução";"Colisão traseira";"Com Vítimas Fatais";"Plena Noite";"Decrescente";"Céu Claro";"Dupla";"Reta";"Não";2;1;1;0;0;0;1;2;-15,979909;-48,206978;"SPRF-DF";"DEL01-DF";"UOP01-DEL03-DF"
215128;2019-06-12;"quarta-feira";"00:27:00";"PE";232;103;"BEZERROS";"Condutor Dormindo";"Colisão com objeto estático";"Com Vítimas Feridas";"Plena Noite";"Decrescente";"Céu Claro";"Dupla";"Reta;Aclive";"Sim";2;0;2;0;0;0;2;1;-8,25219029;-35,76584983;"SPRF-PE";"DEL02-PE";"UOP03-DEL02-PE"
215129;2019-06-12;"quarta-feira";"00:00:00";"GO";153;511;"APARECIDA DE GOIANIA";"Ingestão de Substâncias Psicoativas";"Colisão traseira";"Com Vítimas Feridas";"Plena Noite";"Crescente";"Céu Claro";"Dupla";"Reta";"Sim";1;0;1;0;0;0;1;1;-16,8067;-49,2394;"SPRF-GO";"DEL01-GO";"UOP03-DEL01-GO"
215130;2019-06-11;"terça-feira";"23:45:00";"MG";262;398,2;"PARA DE MINAS";"Animais na Pista";"Atropelamento de Animal";"Com Vítimas Feridas";"Plena Noite";"Decrescente";"Céu Claro";"Dupla";"Declive;Reta";"Não";2;0;1;0;1;0;1;1;-19,90299685;-44,524329;"SPRF-MG";"DEL01-MG";"UOP03-DEL01-MG"
215132;2019-06-12;"quarta-feira";"02:45:00";"PR";116;126;"FAZENDA RIO GRANDE";"Desobediência às normas de trânsito pelo condutor";"Saída de leito carroçável";"Com Vítimas Feridas";"Plena Noite";"Decrescente";"Nevoeiro/Neblina";"Dupla";"Interseção de Vias;Reta";"Sim";2;0;1;0;1;0;1;1;-25,60389895;-49,31824423;"SPRF-PR";"DEL01-PR";"UOP03-DEL01-PR"
215133;2019-06-12;"quarta-feira";"04:45:00";"RS";392;49,1;"RIO GRANDE";"Falta de Atenção à Condução";"Saída de leito carroçável";"Sem Vítimas";"Pleno dia";"Crescente";"Nublado";"Dupla";"Reta";"Não";2;0;0;0;2;0;0;1;-31,88320305;-52,32070832;"SPRF-RS";"DEL07-RS";"UOP02-DEL07-RS"
215134;2019-06-11;"terça-feira";"20:00:00";"SC";116;273;"IMBITUBA";"Condutor Dormindo";"Colisão com objeto estático";"Sem Vítimas";"Plena Noite";"Crescente";"Céu Claro";"Dupla";"Curva";"Sim";1;0;0;0;0;1;0;1;-28,2405;-48,6703;"SPRF-SC";"DEL05-SC";"UOP02-DEL05-SC"
215135;2019-06-12;"quarta-feira";"06:25:00";"SC";470;76,8;"INDAIAL";"Desobediência às normas de trânsito pelo condutor";"Colisão frontal";"Com Vítimas Feridas";"Amanhecer";"Crescente";"Nublado";"Simples";"Reta";"Não";2;0;1;1;0;0;2;2;-26,933308;-49,287426;"SPRF-SC";"DEL04-SC";"UOP01-DEL04-SC"
215136;2019-06-12;"quarta-feira";"05:00:00";"CE";20;351;"CARIDADE";"Ingestão de Álcool";"Colisão lateral";"Sem Vítimas";"Amanhecer";"Decrescente";"Garoa/Chuvisco";"Simples";"Reta";"Não";2;0;0;0;1;1;0;2;-4,08098291;-39,04459512;"SPRF-CE";"DEL02-CE";"UOP01-DEL02-CE"
215137;2019-06-12;"quarta-feira";"06:35:00";"RN";101;96;"NATAL";"Não guardar distância de segurança";"Colisão traseira";"Com Vítimas Feridas";"Pleno dia";"Decrescente";"Chuva";"Dupla";"Reta";"Sim";4;0;1;0;3;0;1;3;-5,84949622;-35,20890752;"SPRF-RN";"DEL01-RN";"UOP01-DEL01-RN"
215138;2019-06-12;"quarta-feira";"06:40:00";"CE";222;36,6;"CAUCAIA";"Pista Escorregadia";"Saída de leito carroçável";"Com Vítimas Feridas";"Pleno dia";"Crescente";"Chuva";"Simples";"Reta";"Não";2;0;2;0;0;0;2;1;-3,69506495;-38,8810873;"SPRF-CE";"DEL01-CE";"UOP01-DEL01-CE"
215140;2019-06-12;"quarta-feira";"03:10:00";"PR";277;319,5;"GUARAPUAVA";"Animais na Pista";"Atropelamento de Animal";"Sem Vítimas";"Plena Noite";"Decrescente";"Nublado";"Simples";"Reta";"Não";1;0;0;0;1;0;0;1;-25,33982216;-51,21601848;"SPRF-PR";"DEL03-PR";"UOP01-DEL08-PR"
215141;2019-05-09;"quinta-feira";"23:45:00";"PI";343;1,4;"TERESINA";"Velocidade Incompatível";"Colisão traseira";"Com Vítimas Feridas";"Plena Noite";"Crescente";"Céu Claro";"Dupla";"Reta";"Sim";2;0;1;0;1;0;1;2;-5,08109114;-42,76272655;"SPRF-PI";"DEL01-PI";"UOP01-DEL01-PI"
215143;2019-06-12;"quarta-feira";"07:00:00";"MG";40;544,9;"BELO HORIZONTE";"Defeito na Via";"Colisão com objeto estático";"Com Vítimas Feridas";"Pleno dia";"Decrescente";"Céu Claro";"Dupla";"Curva;Aclive";"Sim";1;0;1;0;0;0;1;1;-19,99848032;-43,96256558;"SPRF-MG";"DEL01-MG";"UOP02-DEL01-MG"
215145;2019-06-12;"quarta-feira";"07:25:00";"SP";153;61,4;"SAO JOSE DO RIO PRETO";"Velocidade Incompatível";"Colisão traseira";"Com Vítimas Feridas";"Pleno dia";"Crescente";"Céu Claro";"Dupla";"Reta";"Sim";2;0;1;1;0;0;2;2;-20,80502876;-49,35574909;"SPRF-SP";"DEL09-SP";"UOP01-DEL09-SP"
215147;2019-06-12;"quarta-feira";"07:45:00";"RJ";40;108;"DUQUE DE CAXIAS";"Pista Escorregadia";"Tombamento";"Com Vítimas Feridas";"Pleno dia";"Crescente";"Céu Claro";"Dupla";"Curva";"Sim";1;0;1;0;0;0;1;1;-22,66476979;-43,28495144;"SPRF-RJ";"DEL01-RJ";"UOP01-DEL01-RJ"