"id";"data_inversa";"dia_semana";"horario";"uf";"br";"km";"municipio";"causa_acidente";"tipo_acidente";"classificacao_acidente";"fase_dia";"sentido_via";"condicao_metereologica";"tipo_pista";"tracado_via";"uso_solo";"pessoas";"mortos";"feridos_leves";"feridos_graves";"ilesos";"ignorados";"feridos";"veiculos";"latitude";"longitude";"regional";"delegacia";"uop"
215148;2019-06-12;"quarta-feira";"07:35:00";"DF";20;7;"BRASILIA";"Não guardar distância de segurança";"Colisão traseira";"Com Vítimas Feridas";"Pleno dia";"Decrescente";"Céu Claro";"Dupla";"Reta";"Sim";2;0;1;0;1;0;1;2;-15,662208;-47,799866;"SPRF-DF";"DEL02-DF";"UOP01-DEL02-DF"
215149;2019-06-12;"quarta-feira";"07:45:00";"MG";381;481,2;"CONTAGEM";"Falta de Atenção à Condução";"Tombamento";"Com Vítimas Feridas";"Pleno dia";"Crescente";"Céu Claro";"Múltipla";"Reta";"Sim";1;0;1;0;0;0;1;1;-19,95931561;-44,08825597;"SPRF-MG";"DEL01-MG";"UOP03-DEL01-MG"
215150;2019-06-12;"quarta-feira";"05:30:00";"PB";101;103,8;"ALHANDRA";"Falta de Atenção à Condução";"Saída de leito carroçável";"Sem Vítimas";"Pleno dia";"Crescente";"Nublado";"Dupla";"Reta";"Não";1;0;0;0;1;0;0;1;-7,29163604;-34,93807826;"SPRF-PB";"DEL01-PB";"UOP01-DEL01-PB"
215153;2019-06-12;"quarta-feira";"07:45:00";"GO";40;0,3;"VALPARAISO DE GOIAS";"Falta de Atenção do Pedestre";"Atropelamento de Pedestre";"Com Vítimas Feridas";"Pleno dia";"Decrescente";"Sol";"Dupla";"Reta";"Sim";2;0;1;0;1;0;1;2;-16,058273;-47,982655;"SPRF-DF";"DEL01-DF";"UOP01-DEL01-DF"
215154;2019-06-12;"quarta-feira";"07:30:00";"SC";101;139,6;"BALNEARIO CAMBORIU";"Falta de Atenção à Condução";"Tombamento";"Com Vítimas Feridas";"Pleno dia";"Crescente";"Nublado";"Dupla";"Aclive;Curva";"Não";1;0;1;0;0;0;1;1;-27,03424329;-48,60089779;"SPRF-SC";"DEL04-SC";"UOP03-DEL04-SC"
215155;2019-06-12;"quarta-feira";"07:45:00";"PE";232;20,5;"MORENO";"Velocidade Incompatível";"Saída de leito carroçável";"Com Vítimas Feridas";"Pleno dia";"Crescente";"Nublado";"Dupla";"Retorno Regulamentado;Curva";"Não";2;0;0;1;0;1;1;1;-8,095456;-35,072959;"SPRF-PE";"DEL01-PE";"UOP01-DEL01-PE"
215156;2019-06-12;"quarta-feira";"07:45:00";"RS";392;83;"PELOTAS";"Falta de Atenção à Condução";"Colisão transversal";"Com Vítimas Feridas";"Pleno dia";"Crescente";"Nublado";"Simples";"Interseção de Vias;Declive";"Não";2;0;1;0;1;0;1;2;-31,65313133;-52,47118546;"SPRF-RS";"DEL07-RS";"UOP01-DEL07-RS"
215158;2019-06-12;"quarta-feira";"08:05:00";"RS";290;93,9;"PORTO ALEGRE";"Não guardar distância de segurança";"Colisão traseira";"Com Vítimas Feridas";"Pleno dia";"Crescente";"Céu Claro";"Dupla";"Curva";"Sim";3;0;1;0;2;0;1;2;-29,970839;-51,187725;"SPRF-RS";"DEL01-RS";"UOP01-DEL01-RS"
215159;2019-06-12;"quarta-feira";"07:45:00";"PR";476;137,1;"CURITIBA";"Não guardar distância de segurança";"Colisão lateral";"Com Vítimas Feridas";"Pleno dia";"Decrescente";"Céu Claro";"Múltipla";"Reta;Aclive";"Sim";4;0;2;1;1;0;3;3;-25,498302;-49,277546;"SPRF-PR";"DEL01-PR";"UOP03-DEL01-PR"
215161;2019-06-12;"quarta-feira";"07:45:00";"GO";158;275;"JATAI";"Pista Escorregadia";"Queda de ocupante de veículo";"Com Vítimas Feridas";"Pleno dia";"Crescente";"Céu Claro";"Dupla";"Curva";"Sim";1;0;1;0;0;0;1;1;-17,90323914;-51,72991613;"SPRF-GO";"DEL05-GO";"UOP01-DEL05-GO"
215163;2019-05-10;"sexta-feira";"06:30:00";"RN";406;30;"GUAMARE";"Ingestão de Álcool";"Colisão transversal";"Com Vítimas Fatais";"Pleno dia";"Decrescente";"Ignorado";"Simples";"Reta";"Não";3;1;1;1;0;0;2;2;-5,24027934;-36,39389313;"SPRF-RN";"DEL02-RN";"UOP01-DEL02-RN"
215164;2019-04-17;"quarta-feira";"19:50:00";"SP";116;489;"CAJATI";"Falta de Atenção à Condução";"Queda de ocupante de veículo";"Com Vítimas Feridas";"Plena Noite";"Crescente";"Céu Claro";"Dupla";"Curva";"Sim";2;0;2;0;0;0;2;1;-24,73034183;-48,10760707;"SPRF-SP";"DEL05-SP";"UAP01-DEL05-SP"
215165;2019-06-09;"domingo";"03:00:00";"BA";324;518,3;"FEIRA DE SANTANA";"Desobediência às normas de trânsito pelo condutor";"Queda de ocupante de veículo";"Com Vítimas Feridas";"Plena Noite";"Decrescente";"Chuva";"Simples";"Reta";"Sim";2;0;0;1;1;0;1;2;-12,258195;-38,932182;"SPRF-BA";"DEL02-BA";"UOP01-DEL02-BA"
215166;2019-06-12;"quarta-feira";"07:50:00";"ES";262;5;"CARIACICA";"Falta de Atenção à Condução";"Colisão lateral";"Sem Vítimas";"Pleno dia";"Decrescente";"Céu Claro";"Dupla";"Reta";"Não";3;0;0;0;2;1;0;3;-20,33707281;-40,38649924;"SPRF-ES";"DEL01-ES";"UOP01-DEL01-ES"
215167;2019-06-12;"quarta-feira";"09:00:00";"MG";381;5;"BETIM";"Falta de Atenção à Condução";"Tombamento";"Com Vítimas Feridas";"Pleno dia";"Crescente";"Sol";"Dupla";"Curva";"Sim";1;0;1;0;0;0;1;1;-19,9880407;-44,18696356;"SPRF-MG";"DEL01-MG";"UOP03-DEL01-MG"
215168;2019-06-12;"quarta-feira";"09:15:00";"SC";101;197;"BIGUACU";"Defeito Mecânico no Veículo";"Tombamento";"Com Vítimas Feridas";"Pleno dia";"Crescente";"Céu Claro";"Dupla";"Reta";"Não";1;0;1;0;0;0;1;1;-27,51844497;-48,63848496;"SPRF-SC";"DEL01-SC";"UOP01-DEL01-SC"
215169;2019-06-09;"domingo";"15:15:00";"PR";376;614,8;"SAO JOSE DOS PINHAIS";"Velocidade Incompatível";"Colisão traseira";"Com Vítimas Feridas";"Pleno dia";"Crescente";"Céu Claro";"Dupla";"Reta";"Não";2;0;1;0;1;0;1;2;-25,57341432;-49,18064117;"SPRF-PR";"DEL01-PR";"UOP06-DEL01-PR"
215170;2019-06-08;"sábado";"06:30:00";"MG";381;324,8;"NOVA ERA";"Velocidade Incompatível";"Colisão com objeto estático";"Com Vítimas Feridas";"Pleno dia";"Decrescente";"Nublado";"Dupla";"Curva";"Não";2;0;1;1;0;0;2;1;-19,7600434;-43,03483531;"SPRF-MG";"DEL03-MG";"UOP02-DEL03-MG"
215171;2019-06-12;"quarta-feira";"08:15:00";"SP";153;256,3;"MARILIA";"Falta de Atenção à Condução";"Colisão com objeto estático";"Com Vítimas Feridas";"Pleno dia";"Decrescente";"Céu Claro";"Dupla";"Reta";"Sim";1;0;1;0;0;0;1;1;-22,231552;-49,91968;"SPRF-SP";"DEL07-SP";"UOP02-DEL07-SP"
215173;2019-06-12;"quarta-feira";"09:40:00";"SC";101;153;"ITAPEMA";"Falta de Atenção à Condução";"Tombamento";"Com Vítimas Feridas";"Pleno dia";"Crescente";"Céu Claro";"Dupla";"Retorno Regulamentado";"Sim";1;0;1;0;0;0;1;1;-27,144717;-48,61063935;"SPRF-SC";"DEL04-SC";"UOP03-DEL04-SC"
215176;2019-06-12;"quarta-feira";"09:50:00";"ES";101;269;"SERRA";"Não guardar distância de segurança";"Queda de ocupante de veículo";"Com Vítimas Feridas";"Pleno dia";"Decrescente";"Nublado";"Múltipla";"Reta";"Sim";1;0;1;0;0;0;1;1;-20,21740181;-40,26997805;"SPRF-ES";"DEL02-ES";"UOP01-DEL02-ES"
215177;2019-06-12;"quarta-feira";"07:00:00";"MG";40;527;"CONTAGEM";"Condutor Dormindo";"Capotamento";"Com Vítimas Feridas";"Pleno dia";"Crescente";"Céu Claro";"Dupla";"Declive;Curva";"Sim";1;0;1;0;0;0;1;1;-19,90149502;-44,04938939;"SPRF-MG";"DEL01-MG";"UOP02-DEL01-MG"
215178;2019-06-12;"quarta-feira";"09:50:00";"PE";408;105,2;"JABOATAO DOS GUARARAPES";"Falta de Atenção à Condução";"Tombamento";"Com Vítimas Feridas";"Pleno dia";"Crescente";"Chuva";"Dupla";"Reta";"Não";2;0;2;0;0;0;2;1;-8,079486;-34,991475;"SPRF-PE";"DEL01-PE";"UOP01-DEL01-PE"
215181;2019-06-12;"quarta-feira";"09:50:00";"DF";70;9;"BRASILIA";"Desobediência às normas de trânsito pelo condutor";"Colisão lateral";"Com Vítimas Feridas";"Pleno dia";"Decrescente";"Sol";"Dupla";"Reta;Interseção de Vias;Retorno Regulamentado";"Sim";3;0;0;2;1;0;2;2;-15,784615;-48,132023;"SPRF-DF";"DEL01-DF";"UOP02-DEL03-DF"
215183;2019-06-12;"quarta-feira";"10:15:00";"RS";290;107,3;"ELDORADO DO SUL";"Falta de Atenção à Condução";"Capotamento";"Com Vítimas Feridas";"Pleno dia";"Crescente";"Nublado";"Dupla";"Curva";"Não";2;0;1;0;1;0;1;1;-30,001852;-51,304264;"SPRF-RS";"DEL02-RS";"UOP01-DEL02-RS"
215184;2019-06-12;"quarta-feira";"10:15:00";"SC";101;202,8;"SAO JOSE";"Falta de Atenção à Condução";"Colisão transversal";"Com Vítimas Feridas";"Pleno dia";"Crescente";"Céu Claro";"Múltipla";"Reta";"Sim";2;0;1;0;1;0;1;2;-27,55711595;-48,61897889;"SPRF-SC";"DEL01-SC";"UOP01-DEL01-SC"
215185;2019-06-12;"quarta-feira";"09:50:00";"MG";40;561;"NOVA LIMA";"Defeito Mecânico no Veículo";"Queda de ocupante de veículo";"Com Vítimas Feridas";"Pleno dia";"Crescente";"Céu Claro";"Dupla";"Aclive";"Sim";1;0;1;0;0;0;1;1;-20,13588082;-43,96237943;"SPRF-MG";"DEL01-MG";"UOP02-DEL01-MG"
215186;2019-06-11;"terça-feira";"13:23:00";"PA";163;398;"ITAITUBA";"Restrição de Visibilidade";"Colisão transversal";"Sem Vítimas";"Pleno dia";"Decrescente";"Céu Claro";"Simples";"Declive;Reta;Em Obras";"Não";3;0;0;0;3;0;0;2;-6,314286;-55,58788601;"SPRF-PA";"DEL05-PA";"UOP01-DEL05-PA"
215187;2019-06-12;"quarta-feira";"10:20:00";"ES";101;298,1;"VIANA";"Falta de Atenção do Pedestre";"Atropelamento de Pedestre";"Com Vítimas Feridas";"Pleno dia";"Decrescente";"Nublado";"Dupla";"Curva";"Sim";2;0;2;0;0;0;2;2;-20,35374444;-40,4156433;"SPRF-ES";"DEL01-ES";"UOP01-DEL01-ES"
215189;2019-06-12;"quarta-feira";"09:45:00";"MG";262;427;"SAO GONCALO DO PARA";"Condutor Dormindo";"Saída de leito carroçável";"Com Vítimas Feridas";"Pleno dia";"Crescente";"Céu Claro";"Dupla";"Reta";"Não";1;0;1;0;0;0;1;1;-19,8850241;-44,77734698;"SPRF-MG";"DEL08-MG";"UOP03-DEL08-MG"
215191;2019-06-12;"quarta-feira";"10:20:00";"GO";70;7;"AGUAS LINDAS DE GOIAS";"Desobediência às normas de trânsito pelo condutor";"Colisão traseira";"Com Vítimas Feridas";"Pleno dia";"Decrescente";"Céu Claro";"Dupla";"Reta";"Sim";4;0;0;1;1;2;1;3;-15,74375533;-48,26779708;"SPRF-DF";"DEL01-DF";"UOP02-DEL03-DF"
215192;2019-06-12;"quarta-feira";"10:40:00";"SC";101;216,6;"PALHOCA";"Falta de Atenção à Condução";"Colisão transversal";"Com Vítimas Feridas";"Pleno dia";"Crescente";"Sol";"Dupla";"Interseção de Vias";"Sim";2;0;1;0;1;0;1;2;-27,65981409;-48,67747798;"SPRF-SC";"DEL01-SC";"UOP02-DEL01-SC"
215195;2019-06-12;"quarta-feira";"11:00:00";"RS";290;123;"ELDORADO DO SUL";"Falta de Atenção à Condução";"Colisão traseira";"Sem Vítimas";"Pleno dia";"Decrescente";"Sol";"Simples";"Reta";"Não";1;0;0;0;1;0;0;1;-30,05328;-51,438354;"SPRF-RS";"DEL02-RS";"UOP01-DEL02-RS"
215196;2019-06-12;"quarta-feira";"07:40:00";"BA";324;619,5;"SALVADOR";"Não guardar distância de segurança";"Colisão lateral";"Com Vítimas Feridas";"Pleno dia";"Crescente";"Chuva";"Múltipla";"Reta";"Sim";3;0;0;1;2;0;1;3;-12,89820999;-38,45012202;"SPRF-BA";"DEL01-BA";"UOP01-DEL01-BA"
215197;2019-06-12;"quarta-feira";"11:20:00";"CE";116;41;"HORIZONTE";"Falta de Atenção à Condução";"Colisão lateral";"Com Vítimas Feridas";"Pleno dia";"Crescente";"Nublado";"Múltipla";"Reta";"Sim";2;0;1;0;0;1;1;2;-4,1024351;-38,50001011;"SPRF-CE";"DEL01-CE";"UOP02-DEL01-CE"
215201;2019-06-12;"quarta-feira";"09:00:00";"PI";343;636,2;"JERUMENHA";"Defeito na Via";"Capotamento";"Com Vítimas Feridas";"Pleno dia";"Crescente";"Céu Claro";"Simples";"Reta";"Não";1;0;1;0;0;0;1;1;-7,004564;-43,329605;"SPRF-PI";"DEL03-PI";"UOP01-DEL03-PI"
215203;2019-06-12;"quarta-feira";"12:35:00";"SC";470;51,3;"BLUMENAU";"Desobediência às normas de trânsito pelo condutor";"Colisão transversal";"Com Vítimas Feridas";"Pleno dia";"Decrescente";"Céu Claro";"Simples";"Curva";"Sim";2;0;1;0;1;0;1;2;-26,86300785;-49,08815324;"SPRF-SC";"DEL04-SC";"UOP01-DEL04-SC"
215204;2019-06-12;"quarta-feira";"12:00:00";"RS";101;85,7;"OSORIO";"Falta de Atenção à Condução";"Colisão com objeto estático";"Sem Vítimas";"Pleno dia";"Decrescente";"Sol";"Dupla";"Reta";"Sim";1;0;0;0;1;0;0;1;-29,86832721;-50,2517237;"SPRF-RS";"DEL03-RS";"UOP01-DEL03-RS"
215205;2019-06-12;"quarta-feira";"12:40:00";"SC";282;2;"FLORIANOPOLIS";"Falta de Atenção à Condução";"Colisão lateral";"Com Vítimas Feridas";"Pleno dia";"Decrescente";"Sol";"Dupla";"Reta";"Não";2;0;1;0;1;0;1;2;-27,603289;-48,590416;"SPRF-SC";"DEL01-SC";"UOP01-DEL01-SC"
215206;2019-06-12;"quarta-feira";"12:05:00";"MG";262;358;"BETIM";"Falta de Atenção à Condução";"Capotamento";"Com Vítimas Feridas";"Pleno dia";"Crescente";"Céu Claro";"Múltipla";"Curva";"Sim";4;0;1;0;3;0;1;1;-19,97562699;-44,197751;"SPRF-MG";"DEL01-MG";"UOP03-DEL01-MG"
215208;2019-06-12;"quarta-feira";"12:00:00";"MG";365;573;"INDIANOPOLIS";"Falta de Atenção à Condução";"Saída de leito carroçável";"Com Vítimas Feridas";"Pleno dia";"Crescente";"Céu Claro";"Simples";"Reta";"Não";1;0;1;0;0;0;1;1;-18,90641783;-47,89997698;"SPRF-MG";"DEL15-MG";"UOP02-DEL15-MG"
215209;2019-06-08;"sábado";"14:30:00";"MG";262;387,4;"MATEUS LEME";"Falta de Atenção à Condução";"Colisão traseira";"Sem Vítimas";"Pleno dia";"Crescente";"Sol";"Múltipla";"Reta";"Não";2;0;0;0;2;0;0;2;-19,93472988;-44,43457599;"SPRF-MG";"DEL01-MG";"UOP03-DEL01-MG"
215214;2019-06-12;"quarta-feira";"12:20:00";"SC";101;64,5;"ARAQUARI";"Defeito Mecânico no Veículo";"Queda de ocupante de veículo";"Com Vítimas Feridas";"Pleno dia";"Decrescente";"Sol";"Dupla";"Reta";"Não";1;0;1;0;0;0;1;1;-26,46908919;-48,74631107;"SPRF-SC";"DEL03-SC";"UOP02-DEL03-SC"
215215;2019-01-07;"segunda-feira";"10:45:00";"ES";101;298,5;"VIANA";"Falta de Atenção à Condução";"Colisão lateral";"Com Vítimas Feridas";"Pleno dia";"Decrescente";"Céu Claro";"Múltipla";"Reta";"Não";2;0;0;1;1;0;1;2;-20,35742217;-40,41904449;"SPRF-ES";"DEL01-ES";"UOP01-DEL01-ES"
215217;2019-06-12;"quarta-feira";"14:20:00";"RJ";116;177;"SAO JOAO DE MERITI";"Não guardar distância de segurança";"Colisão traseira";"Com Vítimas Feridas";"Pleno dia";"Decrescente";"Céu Claro";"Dupla";"Reta";"Sim";2;0;1;0;0;1;1;2;-22,78055198;-43,39208599;"SPRF-RJ";"DEL01-RJ";"UOP02-DEL01-RJ"
215220;2019-06-12;"quarta-feira";"13:20:00";"RO";364;708;"PORTO VELHO";"Falta de Atenção à Condução";"Colisão traseira";"Com Vítimas Feridas";"Pleno dia";"Crescente";"Céu Claro";"Dupla";"Retorno Regulamentado";"Sim";4;0;1;0;3;0;1;2;-8,79554083;-63,84072487;"SPRF-RO";"DEL01-RO";"UOP01-DEL01-RO"
215222;2019-06-12;"quarta-feira";"13:00:00";"RO";319;61,5;"PORTO VELHO";"Falta de Atenção à Condução";"Colisão transversal";"Com Vítimas Feridas";"Pleno dia";"Decrescente";"Céu Claro";"Múltipla";"Interseção de Vias";"Sim";4;0;2;0;1;1;2;3;-8,766685;-63,884052;"SPRF-RO";"DEL01-RO";"UOP01-DEL01-RO"
215228;2019-06-12;"quarta-feira";"15:45:00";"RJ";116;141,6;"DUQUE DE CAXIAS";"Desobediência às normas de trânsito pelo pedestre";"Atropelamento de Pedestre";"Com Vítimas Feridas";"Pleno dia";"Decrescente";"Céu Claro";"Dupla";"Reta";"Sim";3;0;1;0;2;0;1;3;-22,64724486;-43,22083001;"SPRF-RJ";"DEL04-RJ";"UOP02-DEL04-RJ"
215230;2019-06-12;"quarta-feira";"15:00:00";"PB";230;136,1;"CAMPINA GRANDE";"Velocidade Incompatível";"Saída de leito carroçável";"Com Vítimas Feridas";"Pleno dia";"Crescente";"Chuva";"Dupla";"Curva";"Não";1;0;1;0;0;0;1;1;-7,28157134;-35,76901674;"SPRF-PB";"DEL02-PB";"UOP01-DEL02-PB"
215232;2019-06-11;"terça-feira";"05:30:00";"PR";277;97;"CURITIBA";"Falta de Atenção à Condução";"Capotamento";"Com Vítimas Feridas";"Amanhecer";"Decrescente";"Nevoeiro/Neblina";"Dupla";"Reta";"Sim";1;0;1;0;0;0;1;1;-25,54577186;-49,29537197;"SPRF-PR";"DEL01-PR";"UOP06-DEL01-PR"
215234;2019-06-12;"quarta-feira";"12:10:00";"SC";280;48;"GUARAMIRIM";"Desobediência às normas de trânsito pelo condutor";"Colisão transversal";"Com Vítimas Feridas";"Pleno dia";"Decrescente";"Céu Claro";"Simples";"Reta";"Não";2;0;0;1;1;0;1;2;-26,45506795;-48,92766502;"SPRF-SC";"DEL03-SC";"UOP03-DEL03-SC"
215235;2019-06-12;"quarta-feira";"16:00:00";"PE";104;63;"CARUARU";"Falta de Atenção do Pedestre";"Atropelamento de Pedestre";"Com Vítimas Feridas";"Pleno dia";"Crescente";"Céu Claro";"Simples";"Reta";"Sim";2;0;1;0;1;0;1;2;-8,26714144;-35,97869496;"SPRF-PE";"DEL02-PE";"UOP01-DEL02-PE"
215237;2019-06-12;"quarta-feira";"13:20:00";"SC";470;170,1;"POUSO REDONDO";"Falta de Atenção à Condução";"Colisão transversal";"Com Vítimas Feridas";"Pleno dia";"Crescente";"Céu Claro";"Simples";"Reta";"Não";2;0;1;0;1;0;1;2;-27,265903;-49,892441;"SPRF-SC";"DEL04-SC";"UOP02-DEL04-SC"
215239;2019-06-12;"quarta-feira";"16:30:00";"RS";290;95;"PORTO ALEGRE";"Falta de Atenção à Condução";"Colisão traseira";"Com Vítimas Feridas";"Pleno dia";"Decrescente";"Céu Claro";"Múltipla";"Reta";"Sim";4;0;1;0;3;0;1;2;-29,982832;-51,201572;"SPRF-RS";"DEL01-RS";"UOP01-DEL01-RS"
215240;2019-06-12;"quarta-feira";"12:50:00";"BA";116;424;"FEIRA DE SANTANA";"Desobediência às normas de trânsito pelo condutor";"Colisão transversal";"Sem Vítimas";"Pleno dia";"Crescente";"Céu Claro";"Simples";"Interseção de Vias";"Sim";2;0;0;0;2;0;0;2;-12,23257586;-38,97248506;"SPRF-BA";"DEL02-BA";"UOP01-DEL02-BA"
215241;2019-06-12;"quarta-feira";"15:50:00";"MT";364;401;"CUIABA";"Falta de Atenção à Condução";"Colisão transversal";"Com Vítimas Feridas";"Pleno dia";"Crescente";"Céu Claro";"Dupla";"Interseção de Vias";"Sim";2;0;1;0;1;0;1;2;-15,67210033;-55,94649314;"SPRF-MT";"DEL02-MT";"UOP02-DEL01-MT"
215242;2019-06-12;"quarta-feira";"17:15:00";"MG";381;499,7;"BETIM";"Falta de Atenção à Condução";"Colisão traseira";"Sem Vítimas";"Anoitecer";"Decrescente";"Céu Claro";"Múltipla";"Reta";"Sim";2;0;0;0;2;0;0;2;-20,01792651;-44,2261448;"SPRF-MG";"DEL01-MG";"UOP03-DEL01-MG"
215243;2019-06-12;"quarta-feira";"17:35:00";"AL";316;154;"PALMEIRA DOS INDIOS";"Ingestão de Álcool";"Colisão traseira";"Com Vítimas Feridas";"Anoitecer";"Decrescente";"Céu Claro";"Simples";"Reta";"Não";2;0;2;0;0;0;2;2;-9,43055371;-36,64101415;"SPRF-AL";"DEL03-AL";"UOP01-DEL03-AL"
215245;2019-06-12;"quarta-feira";"17:35:00";"SC";101;204;"SAO JOSE";"Falta de Atenção à Condução";"Colisão traseira";"Com Vítimas Feridas";"Plena Noite";"Decrescente";"Céu Claro";"Dupla";"Reta";"Sim";2;0;1;0;1;0;1;2;-27,57413014;-48,61363083;"SPRF-SC";"DEL01-SC";"UOP01-DEL01-SC"
215246;2019-06-12;"quarta-feira";"16:15:00";"MT";70;520;"VARZEA GRANDE";"Falta de Atenção à Condução";"Colisão frontal";"Com Vítimas Feridas";"Pleno dia";"Decrescente";"Céu Claro";"Simples";"Reta";"Sim";2;0;0;1;1;0;1;2;-15,66255981;-56,18517101;"SPRF-MT";"DEL01-MT";"DEL2/4-UOP02/MT"
215247;2019-06-12;"quarta-feira";"17:45:00";"ES";101;395,5;"RIO NOVO DO SUL";"Falta de Atenção à Condução";"Colisão transversal";"Com Vítimas Feridas";"Plena Noite";"Crescente";"Nublado";"Simples";"Curva";"Sim";2;0;0;1;1;0;1;2;-20,86594262;-40,93257592;"SPRF-ES";"DEL03-ES";"UOP02-DEL03-ES"
215248;2019-06-12;"quarta-feira";"17:00:00";"SC";470;118,6;"IBIRAMA";"Falta de Atenção à Condução";"Colisão transversal";"Com Vítimas Feridas";"Anoitecer";"Crescente";"Céu Claro";"Simples";"Interseção de Vias";"Não";2;0;2;0;0;0;2;2;-27,082176;-49,511818;"SPRF-SC";"DEL04-SC";"UOP02-DEL04-SC"
215250;2019-06-12;"quarta-feira";"18:43:00";"SP";116;207,4;"GUARULHOS";"Não guardar distância de segurança";"Colisão traseira";"Com Vítimas Feridas";"Plena Noite";"Decrescente";"Nublado";"Dupla";"Reta";"Sim";3;0;3;0;0;0;3;2;-23,41722629;-46,37510292;"SPRF-SP";"DEL01-SP";"UOP01-DEL01-SP"
215251;2019-06-12;"quarta-feira";"17:20:00";"RO";364;292;"PRESIDENTE MEDICI";"Falta de Atenção do Pedestre";"Atropelamento de Pedestre";"Com Vítimas Feridas";"Pleno dia";"Crescente";"Céu Claro";"Simples";"Reta";"Não";2;0;0;1;1;0;1;2;-11,31266214;-61,88482323;"SPRF-RO";"DEL02-RO";"UOP01-DEL02-RO"
215253;2019-06-12;"quarta-feira";"17:45:00";"PB";101;99;"ALHANDRA";"Não guardar distância de segurança";"Colisão traseira";"Com Vítimas Feridas";"Anoitecer";"Decrescente";"Vento";"Dupla";"Reta";"Não";2;0;0;1;1;0;1;2;-7,2557332;-34,93469152;"SPRF-PB";"DEL01-PB";"UOP01-DEL01-PB"
215254;2019-06-12;"quarta-feira";"17:45:00";"CE";116;18;"EUSEBIO";"Velocidade Incompatível";"Colisão traseira";"Com Vítimas Feridas";"Anoitecer";"Crescente";"Nublado";"Dupla";"Reta";"Sim";2;0;1;0;1;0;1;2;-3,90496605;-38,50518756;"SPRF-CE";"DEL01-CE";"UOP02-DEL01-CE"
215255;2019-06-12;"quarta-feira";"18:30:00";"SP";116;212;"GUARULHOS";"Falta de Atenção à Condução";"Colisão lateral";"Com Vítimas Feridas";"Plena Noite";"Decrescente";"Nublado";"Múltipla";"Reta";"Não";3;0;0;2;1;0;2;2;-23,43608315;-46,42805094;"SPRF-SP";"DEL01-SP";"UOP01-DEL01-SP"
215256;2019-06-12;"quarta-feira";"16:00:00";"BA";367;25;"PORTO SEGURO";"Falta de Atenção à Condução";"Atropelamento de Pedestre";"Com Vítimas Feridas";"Pleno dia";"Crescente";"Céu Claro";"Simples";"Reta";"Sim";2;0;1;0;1;0;1;2;-16,43805311;-39,09107101;"SPRF-BA";"DEL09-BA";"UOP01-DEL09-BA"
215257;2019-06-12;"quarta-feira";"17:35:00";"MS";163;485,7;"CAMPO GRANDE";"Falta de Atenção do Pedestre";"Atropelamento de Pedestre";"Com Vítimas Feridas";"Anoitecer";"Crescente";"Céu Claro";"Simples";"Declive";"Sim";2;0;1;1;0;0;2;2;-20,44233707;-54,54201834;"SPRF-MS";"DEL01-MS";"UOP02-DEL01-MS"
215258;2019-06-12;"quarta-feira";"18:10:00";"RJ";40;110;"DUQUE DE CAXIAS";"Falta de Atenção à Condução";"Colisão traseira";"Com Vítimas Feridas";"Anoitecer";"Decrescente";"Céu Claro";"Múltipla";"Reta";"Sim";3;0;2;0;0;1;2;2;-22,68289906;-43,28549346;"SPRF-RJ";"DEL01-RJ";"UOP01-DEL01-RJ"
215259;2019-06-12;"quarta-feira";"18:35:00";"BA";116;430;"FEIRA DE SANTANA";"Desobediência às normas de trânsito pelo condutor";"Colisão transversal";"Com Vítimas Feridas";"Plena Noite";"Crescente";"Nublado";"Dupla";"Reta";"Sim";2;0;2;0;0;0;2;2;-12,27486306;-38,99568479;"SPRF-BA";"DEL02-BA";"UOP01-DEL02-BA"
215260;2019-06-12;"quarta-feira";"18:45:00";"PR";369;141;"IBIPORA";"Falta de Atenção à Condução";"Colisão traseira";"Com Vítimas Feridas";"Anoitecer";"Crescente";"Céu Claro";"Dupla";"Declive";"Sim";5;0;2;1;2;0;3;3;-23,28737906;-51,07753868;"SPRF-PR";"DEL07-PR";"UOP01-DEL07-PR"
215261;2019-06-12;"quarta-feira";"18:00:00";"MA";10;243,9;"DAVINOPOLIS";"Falta de Atenção à Condução";"Colisão lateral";"Com Vítimas Feridas";"Anoitecer";"Decrescente";"Céu Claro";"Simples";"Reta";"Sim";2;0;0;1;1;0;1;2;-5,60354;-47,423855;"SPRF-MA";"DEL04-MA";"UOP01-DEL04-MA"
215262;2019-06-12;"quarta-feira";"18:00:00";"PR";277;110;"CAMPO LARGO";"Não guardar distância de segurança";"Colisão traseira";"Com Vítimas Feridas";"Plena Noite";"Crescente";"Nublado";"Dupla";"Reta";"Sim";3;0;1;0;2;0;1;2;-25,44625996;-49,36369775;"SPRF-PR";"DEL01-PR";"UOP06-DEL01-PR"
215263;2019-06-12;"quarta-feira";"15:15:00";"AC";364;238,5;"SENA MADUREIRA";"Falta de Atenção à Condução";"Colisão frontal";"Com Vítimas Feridas";"Pleno dia";"Crescente";"Céu Claro";"Simples";"Aclive";"Não";6;0;2;0;4;0;2;2;-9,32072409;-68,4771262;"SPRF-AC";"DEL01-AC";"UOP01-DEL01-AC"