"id";"data_inversa";"dia_semana";"horario";"uf";"br";"km";"municipio";"causa_acidente";"tipo_acidente";"classificacao_acidente";"fase_dia";"sentido_via";"condicao_metereologica";"tipo_pista";"tracado_via";"uso_solo";"pessoas";"mortos";"feridos_leves";"feridos_graves";"ilesos";"ignorados";"feridos";"veiculos";"latitude";"longitude";"regional";"delegacia";"uop"
215264;2019-06-12;"quarta-feira";"18:40:00";"MG";365;626;"UBERLANDIA";"Desobediência às normas de trânsito pelo condutor";"Colisão traseira";"Com Vítimas Feridas";"Plena Noite";"Crescente";"Céu Claro";"Dupla";"Reta";"Sim";3;0;1;0;1;1;1;3;-18,91018406;-48,30688477;"SPRF-MG";"DEL15-MG";"UOP01-DEL15-MG"
215265;2019-06-12;"quarta-feira";"17:50:00";"SC";282;351,5;"CAMPOS NOVOS";"Velocidade Incompatível";"Colisão com objeto estático";"Com Vítimas Feridas";"Anoitecer";"Crescente";"Céu Claro";"Simples";"Rotatória;Retorno Regulamentado";"Não";1;0;0;1;0;0;1;1;-27,361374;-51,301975;"SPRF-SC";"DEL07-SC";"UOP06-DEL07-SC"
215266;2019-06-12;"quarta-feira";"17:40:00";"RJ";101;322;"NITEROI";"Não guardar distância de segurança";"Colisão lateral";"Com Vítimas Feridas";"Anoitecer";"Decrescente";"Céu Claro";"Múltipla";"Reta";"Não";2;0;1;0;1;0;1;2;-22,878923;-43,110676;"SPRF-RJ";"DEL02-RJ";"UOP02-DEL02-RJ"
215267;2019-06-12;"quarta-feira";"18:40:00";"PR";277;2,5;"FOZ DO IGUACU";"Falta de Atenção à Condução";"Colisão traseira";"Com Vítimas Feridas";"Plena Noite";"Crescente";"Céu Claro";"Dupla";"Reta";"Sim";3;0;1;0;1;1;1;3;-25,49420469;-54,58333969;"SPRF-PR";"DEL01-PR";"UOP05-DEL01-PR"
215269;2019-06-12;"quarta-feira";"18:10:00";"CE";222;3,9;"CAUCAIA";"Não guardar distância de segurança";"Colisão traseira";"Com Vítimas Feridas";"Plena Noite";"Crescente";"Céu Claro";"Múltipla";"Reta";"Sim";2;0;1;0;1;0;1;2;-3,7403769;-38,59569202;"SPRF-CE";"DEL01-CE";"UOP01-DEL01-CE"
215273;2019-06-12;"quarta-feira";"18:35:00";"SC";101;218,1;"PALHOCA";"Não guardar distância de segurança";"Colisão traseira";"Com Vítimas Feridas";"Plena Noite";"Crescente";"Céu Claro";"Simples";"Reta";"Sim";2;0;1;0;1;0;1;2;-27,6758601;-48,67052525;"SPRF-SC";"DEL01-SC";"UOP02-DEL01-SC"
215275;2019-06-12;"quarta-feira";"18:10:00";"SP";116;274;"TABOAO DA SERRA";"Velocidade Incompatível";"Colisão lateral";"Com Vítimas Feridas";"Plena Noite";"Decrescente";"Céu Claro";"Dupla";"Reta";"Sim";2;0;1;0;1;0;1;2;-23,63445084;-46,82418514;"SPRF-SP";"DEL04-SP";"UOP01-DEL04-SP"
215276;2019-06-12;"quarta-feira";"18:30:00";"ES";101;269,5;"SERRA";"Falta de Atenção à Condução";"Tombamento";"Com Vítimas Feridas";"Plena Noite";"Crescente";"Nublado";"Dupla";"Reta";"Sim";1;0;1;0;0;0;1;1;-20,21740496;-40,26990578;"SPRF-ES";"DEL02-ES";"UOP01-DEL02-ES"
215277;2019-06-12;"quarta-feira";"18:50:00";"ES";101;214;"IBIRACU";"Avarias e/ou desgaste excessivo no pneu";"Queda de ocupante de veículo";"Sem Vítimas";"Plena Noite";"Crescente";"Céu Claro";"Simples";"Curva";"Não";1;0;0;0;0;1;0;1;-19,82999127;-40,37211181;"SPRF-ES";"DEL02-ES";"UOP01-DEL02-ES"
215278;2019-06-12;"quarta-feira";"19:00:00";"PB";230;410,6;"POMBAL";"Falta de Atenção à Condução";"Colisão traseira";"Com Vítimas Feridas";"Plena Noite";"Decrescente";"Céu Claro";"Simples";"Reta";"Não";2;0;0;1;0;1;1;2;-6,7494;-37,7884;"SPRF-PB";"DEL03-PB";"UOP02-DEL03-PB"
215279;2019-06-12;"quarta-feira";"19:00:00";"RJ";101;319;"NITEROI";"Não guardar distância de segurança";"Colisão traseira";"Com Vítimas Feridas";"Plena Noite";"Decrescente";"Céu Claro";"Dupla";"Reta";"Sim";2;0;1;0;1;0;1;2;-22,85411774;-43,1018014;"SPRF-RJ";"DEL02-RJ";"DEL5/2-UOP04/RJ"
215281;2019-06-12;"quarta-feira";"18:10:00";"SC";101;327,2;"CAPIVARI DE BAIXO";"Falta de Atenção à Condução";"Colisão transversal";"Com Vítimas Feridas";"Anoitecer";"Decrescente";"Ignorado";"Simples";"Interseção de Vias";"Sim";2;0;1;0;1;0;1;2;-28,43023306;-48,95205197;"SPRF-SC";"DEL02-SC";"UOP01-DEL02-SC"
215282;2019-06-09;"domingo";"18:30:00";"MT";174;539;"COMODORO";"Defeito na Via";"Saída de leito carroçável";"Com Vítimas Feridas";"Plena Noite";"Crescente";"Céu Claro";"Simples";"Curva";"Não";3;0;1;0;2;0;1;1;-13,19505501;-59,86471409;"SPRF-MT";"DEL04-MT";"UOP01-DEL04-MT"
215283;2019-06-12;"quarta-feira";"19:30:00";"BA";324;566;"SAO SEBASTIAO DO PASSE";"Pista Escorregadia";"Saída de leito carroçável";"Com Vítimas Feridas";"Plena Noite";"Crescente";"Chuva";"Dupla";"Reta";"Não";1;0;1;0;0;0;1;1;-12,52455997;-38,61040198;"SPRF-BA";"DEL01-BA";"UOP01-DEL01-BA"
215284;2019-06-12;"quarta-feira";"19:00:00";"GO";40;134,9;"CRISTALINA";"Falta de Atenção à Condução";"Saída de leito carroçável";"Com Vítimas Feridas";"Plena Noite";"Decrescente";"Céu Claro";"Simples";"Reta";"Não";1;0;1;0;0;0;1;1;-16,937246;-47,329642;"SPRF-DF";"DEL01-DF";"UOP02-DEL01-DF"
215286;2019-06-12;"quarta-feira";"20:20:00";"SC";470;69,4;"INDAIAL";"Velocidade Incompatível";"Colisão traseira";"Com Vítimas Feridas";"Plena Noite";"Decrescente";"Nublado";"Simples";"Reta";"Não";3;0;0;1;2;0;1;3;-26,88572732;-49,24978852;"SPRF-SC";"DEL04-SC";"UOP01-DEL04-SC"
215287;2019-06-12;"quarta-feira";"09:40:00";"PR";116;0;"CAMPINA GRANDE DO SUL";"Velocidade Incompatível";"Capotamento";"Com Vítimas Feridas";"Pleno dia";"Decrescente";"Céu Claro";"Múltipla";"Curva";"Não";2;0;2;0;0;0;2;1;-25,0604;-48,562973;"SPRF-PR";"DEL01-PR";"UOP02-DEL01-PR"
215288;2019-06-12;"quarta-feira";"18:20:00";"SC";470;173,9;"POUSO REDONDO";"Falta de Atenção à Condução";"Colisão frontal";"Com Vítimas Feridas";"Plena Noite";"Crescente";"Céu Claro";"Simples";"Reta";"Não";3;0;1;0;2;0;1;2;-27,25984;-49,919285;"SPRF-SC";"DEL04-SC";"UOP02-DEL04-SC"
215289;2019-06-12;"quarta-feira";"10:00:00";"CE";116;160;"RUSSAS";"Defeito Mecânico no Veículo";"Colisão transversal";"Sem Vítimas";"Pleno dia";"Decrescente";"Céu Claro";"Simples";"Interseção de Vias";"Sim";3;0;0;0;3;0;0;2;-4,91428505;-37,99922007;"SPRF-CE";"DEL03-CE";"UOP01-DEL03-CE"
215290;2019-06-12;"quarta-feira";"20:20:00";"SP";381;59;"MAIRIPORA";"Ingestão de Álcool";"Atropelamento de Pedestre";"Com Vítimas Feridas";"Plena Noite";"Decrescente";"Céu Claro";"Múltipla";"Reta";"Não";2;0;0;1;1;0;1;2;-23,28270705;-46,58787791;"SPRF-SP";"DEL03-SP";"UOP01-DEL03-SP"
215294;2019-06-12;"quarta-feira";"19:00:00";"ES";101;292;"CARIACICA";"Falta de Atenção à Condução";"Colisão lateral";"Com Vítimas Feridas";"Anoitecer";"Crescente";"Nublado";"Simples";"Curva";"Sim";2;0;1;0;1;0;1;2;-20,30650512;-40,39488717;"SPRF-ES";"DEL01-ES";"UOP01-DEL01-ES"
215295;2019-06-12;"quarta-feira";"18:48:00";"PE";232;510;"SALGUEIRO";"Desobediência às normas de trânsito pelo condutor";"Colisão lateral";"Com Vítimas Feridas";"Plena Noite";"Crescente";"Céu Claro";"Simples";"Reta";"Sim";2;0;1;0;1;0;1;2;-8,067472;-39,13817;"SPRF-PE";"DEL05-PE";"UOP01-DEL05-PE"
215296;2019-06-12;"quarta-feira";"18:28:00";"SE";235;32;"AREIA BRANCA";"Defeito Mecânico no Veículo";"Colisão frontal";"Sem Vítimas";"Plena Noite";"Crescente";"Chuva";"Simples";"Reta";"Sim";2;0;0;0;2;0;0;2;-10,769286;-37,299343;"SPRF-SE";"DEL01-SE";"UOP02-DEL01-SE"
215297;2019-06-12;"quarta-feira";"17:05:00";"PB";230;137;"CAMPINA GRANDE";"Pista Escorregadia";"Tombamento";"Com Vítimas Feridas";"Pleno dia";"Decrescente";"Chuva";"Dupla";"Curva";"Não";2;0;2;0;0;0;2;1;-7,2766;-35,7739;"SPRF-PB";"DEL02-PB";"UOP01-DEL02-PB"
215298;2019-06-12;"quarta-feira";"20:30:00";"MG";116;277;"TEOFILO OTONI";"Desobediência às normas de trânsito pelo condutor";"Colisão transversal";"Com Vítimas Feridas";"Plena Noite";"Decrescente";"Garoa/Chuvisco";"Dupla";"Reta";"Sim";4;0;1;0;3;0;1;2;-17,859945;-41,515144;"SPRF-MG";"DEL11-MG";"UOP01-DEL11-MG"
215299;2019-06-12;"quarta-feira";"21:00:00";"PE";232;325,7;"CUSTODIA";"Falta de Atenção à Condução";"Colisão frontal";"Com Vítimas Fatais";"Plena Noite";"Crescente";"Céu Claro";"Simples";"Curva";"Não";3;1;0;1;0;1;1;3;-8,09250741;-37,57562309;"SPRF-PE";"DEL03-PE";"UOP02-DEL03-PE"
215300;2019-06-12;"quarta-feira";"18:05:00";"SC";101;282,8;"IMBITUBA";"Defeito na Via";"Saída de leito carroçável";"Com Vítimas Feridas";"Plena Noite";"Crescente";"Céu Claro";"Múltipla";"Curva;Interseção de Vias";"Sim";1;0;1;0;0;0;1;1;-28,21801297;-48,70045066;"SPRF-SC";"DEL02-SC";"UOP03-DEL02-SC"
215303;2019-05-23;"quinta-feira";"18:20:00";"GO";153;442;"ANAPOLIS";"Não guardar distância de segurança";"Colisão traseira";"Com Vítimas Feridas";"Plena Noite";"Decrescente";"Céu Claro";"Dupla";"Reta";"Sim";3;0;3;0;0;0;3;2;-16,32802644;-48,92212987;"SPRF-GO";"DEL02-GO";"UOP01-DEL02-GO"
215305;2019-06-12;"quarta-feira";"21:30:00";"PR";369;185;"ARAPONGAS";"Falta de Atenção à Condução";"Colisão transversal";"Com Vítimas Feridas";"Amanhecer";"Crescente";"Vento";"Simples";"Reta";"Não";2;0;0;1;1;0;1;2;-23,40778639;-51,42806947;"SPRF-PR";"DEL07-PR";"UOP03-DEL07-PR"
215306;2019-06-12;"quarta-feira";"21:15:00";"ES";262;3,8;"CARIACICA";"Falta de Atenção à Condução";"Colisão lateral";"Com Vítimas Feridas";"Plena Noite";"Decrescente";"Chuva";"Dupla";"Reta";"Sim";3;0;2;0;1;0;2;2;-20,33374432;-40,36910933;"SPRF-ES";"DEL01-ES";"UOP01-DEL01-ES"
215307;2019-06-12;"quarta-feira";"20:10:00";"RJ";116;173,9;"BELFORD ROXO";"Falta de Atenção à Condução";"Colisão lateral";"Com Vítimas Feridas";"Plena Noite";"Crescente";"Céu Claro";"Múltipla";"Reta";"Sim";3;0;1;0;1;1;1;2;-22,79810324;-43,35726614;"SPRF-RJ";"DEL01-RJ";"UOP02-DEL01-RJ"
215308;2019-06-12;"quarta-feira";"22:00:00";"PE";232;138;"CARUARU";"Ingestão de Álcool";"Saída de leito carroçável";"Com Vítimas Feridas";"Plena Noite";"Crescente";"Céu Claro";"Dupla";"Reta";"Não";1;0;0;1;0;0;1;1;-8,31829493;-36,05907802;"SPRF-PE";"DEL02-PE";"UOP03-DEL02-PE"
215310;2019-06-12;"quarta-feira";"22:00:00";"PB";101;108;"ALHANDRA";"Falta de Atenção do Pedestre";"Atropelamento de Pedestre";"Com Vítimas Feridas";"Plena Noite";"Decrescente";"Chuva";"Dupla";"Reta";"Não";2;0;0;1;1;0;1;2;-7,33454898;-34,94758056;"SPRF-PB";"DEL01-PB";"UOP01-DEL01-PB"
215311;2019-06-12;"quarta-feira";"22:25:00";"CE";116;5;"FORTALEZA";"Falta de Atenção do Pedestre";"Atropelamento de Pedestre";"Com Vítimas Feridas";"Plena Noite";"Crescente";"Chuva";"Dupla";"Reta";"Sim";2;0;0;1;1;0;1;2;-3,79467116;-38,50772734;"SPRF-CE";"DEL01-CE";"UOP02-DEL01-CE"
215313;2019-06-12;"quarta-feira";"21:40:00";"SE";235;38,8;"AREIA BRANCA";"Falta de Atenção à Condução";"Saída de leito carroçável";"Com Vítimas Feridas";"Plena Noite";"Crescente";"Chuva";"Simples";"Reta";"Não";2;0;2;0;0;0;2;1;-10,770479;-37,346272;"SPRF-SE";"DEL01-SE";"UOP02-DEL01-SE"
215317;2019-06-12;"quarta-feira";"19:00:00";"PR";369;26;"CAMBARA";"Falta de Atenção à Condução";"Saída de leito carroçável";"Com Vítimas Feridas";"Plena Noite";"Decrescente";"Céu Claro";"Simples";"Reta";"Não";1;0;0;1;0;0;1;1;-23,03978646;-50,1232338;"SPRF-PR";"DEL07-PR";"UOP05-DEL07-PR"
215318;2019-06-12;"quarta-feira";"22:00:00";"SC";101;377,5;"ICARA";"Ingestão de Álcool";"Colisão traseira";"Com Vítimas Feridas";"Plena Noite";"Crescente";"Céu Claro";"Dupla";"Reta";"Sim";2;0;1;0;1;0;1;2;-28,74650587;-49,2602706;"SPRF-SC";"DEL02-SC";"UOP01-DEL02-SC"
215319;2019-06-12;"quarta-feira";"22:50:00";"SC";101;136,9;"BALNEARIO CAMBORIU";"Defeito Mecânico no Veículo";"Tombamento";"Com Vítimas Feridas";"Plena Noite";"Crescente";"Nublado";"Dupla";"Reta";"Não";2;0;2;0;0;0;2;1;-27,008113;-48,617245;"SPRF-SC";"DEL04-SC";"UOP03-DEL04-SC"
215321;2019-06-13;"quinta-feira";"00:10:00";"RS";116;268;"CANOAS";"Avarias e/ou desgaste excessivo no pneu";"Tombamento";"Com Vítimas Feridas";"Plena Noite";"Decrescente";"Céu Claro";"Dupla";"Reta";"Sim";1;0;1;0;0;0;1;1;-29,95042502;-51,17652939;"SPRF-RS";"DEL01-RS";"UOP01-DEL01-RS"
215323;2019-06-13;"quinta-feira";"00:15:00";"PB";230;44;"SANTA RITA";"Defeito na Via";"Saída de leito carroçável";"Com Vítimas Feridas";"Plena Noite";"Decrescente";"Chuva";"Dupla";"Em Obras;Reta";"Não";2;0;2;0;0;0;2;1;-7,158056;-35,016944;"SPRF-PB";"DEL01-PB";"UOP03-DEL01-PB"
215327;2019-06-13;"quinta-feira";"02:10:00";"PE";232;45;"VITORIA DE SANTO ANTAO";"Fenômenos da Natureza";"Colisão com objeto estático";"Com Vítimas Feridas";"Plena Noite";"Decrescente";"Chuva";"Dupla";"Reta";"Não";1;0;1;0;0;0;1;1;-8,128181;-35,281677;"SPRF-PE";"DEL01-PE";"UOP02-DEL02PE"
215328;2019-06-13;"quinta-feira";"01:30:00";"MG";40;545;"NOVA LIMA";"Velocidade Incompatível";"Colisão lateral";"Com Vítimas Feridas";"Plena Noite";"Crescente";"Ignorado";"Dupla";"Curva";"Sim";4;0;3;0;1;0;3;2;-20,00668136;-43,96437228;"SPRF-MG";"DEL01-MG";"UOP02-DEL01-MG"
215329;2019-06-13;"quinta-feira";"01:30:00";"SE";235;32,8;"AREIA BRANCA";"Ingestão de Álcool";"Colisão com objeto estático";"Sem Vítimas";"Plena Noite";"Decrescente";"Chuva";"Simples";"Reta;Declive";"Sim";1;0;0;0;0;1;0;1;-10,769286;-37,299343;"SPRF-SE";"DEL01-SE";"UOP02-DEL01-SE"
215330;2019-06-13;"quinta-feira";"02:10:00";"MA";135;2,5;"SAO LUIS";"Desobediência às normas de trânsito pelo condutor";"Saída de leito carroçável";"Com Vítimas Feridas";"Plena Noite";"Decrescente";"Céu Claro";"Dupla";"Curva";"Sim";1;0;0;1;0;0;1;1;-2,59806699;-44,24573511;"SPRF-MA";"DEL01-MA";"UOP01-DEL01-MA"
215332;2019-06-13;"quinta-feira";"02:45:00";"PR";116;66,2;"CAMPINA GRANDE DO SUL";"Velocidade Incompatível";"Saída de leito carroçável";"Com Vítimas Feridas";"Plena Noite";"Decrescente";"Céu Claro";"Dupla";"Curva";"Não";2;0;1;0;1;0;1;1;-25,31033956;-49,01212903;"SPRF-PR";"DEL01-PR";"UOP02-DEL01-PR"
215333;2019-06-13;"quinta-feira";"03:00:00";"PE";423;25,5;"SAO CAITANO";"Desobediência às normas de trânsito pelo condutor";"Colisão frontal";"Com Vítimas Fatais";"Plena Noite";"Decrescente";"Garoa/Chuvisco";"Simples";"Curva";"Não";6;2;4;0;0;0;4;2;-8,379416;-36,172916;"SPRF-PE";"DEL02-PE";"UOP03-DEL02-PE"
215338;2019-06-13;"quinta-feira";"01:55:00";"CE";20;411,9;"MARACANAU";"Objeto estático sobre o leito carroçável";"Colisão com objeto estático";"Com Vítimas Feridas";"Plena Noite";"Crescente";"Garoa/Chuvisco";"Dupla";"Reta";"Não";2;0;2;0;0;0;2;1;-3,80392625;-38,64107653;"SPRF-CE";"DEL01-CE";"UOP01-DEL01-CE"
215339;2019-06-12;"quarta-feira";"21:00:00";"RO";364;459,9;"CACAULANDIA";"Animais na Pista";"Atropelamento de Animal";"Com Vítimas Feridas";"Plena Noite";"Crescente";"Céu Claro";"Simples";"Curva";"Não";12;0;12;0;0;0;12;1;-10,25114696;-62,71924497;"SPRF-RO";"DEL03-RO";"UOP02-DEL03-RO"
215340;2019-06-13;"quinta-feira";"03:30:00";"RJ";465;13;"SEROPEDICA";"Falta de Atenção à Condução";"Colisão frontal";"Com Vítimas Feridas";"Plena Noite";"Crescente";"Céu Claro";"Simples";"Reta";"Não";4;0;2;0;1;1;2;3;-22,798468;-43,645508;"SPRF-RJ";"DEL01-RJ";"UOP01-DEL01-MS"
215342;2019-06-13;"quinta-feira";"04:15:00";"BA";324;518,5;"FEIRA DE SANTANA";"Animais na Pista";"Atropelamento de Animal";"Com Vítimas Fatais";"Plena Noite";"Crescente";"Chuva";"Simples";"Reta";"Sim";4;1;0;1;0;2;1;2;-12,258195;-38,932182;"SPRF-BA";"DEL02-BA";"UOP01-DEL02-BA"
215344;2019-06-13;"quinta-feira";"06:00:00";"RS";290;85,8;"PORTO ALEGRE";"Não guardar distância de segurança";"Colisão traseira";"Com Vítimas Feridas";"Plena Noite";"Crescente";"Céu Claro";"Dupla";"Reta";"Sim";4;0;1;0;3;0;1;2;-29,96837136;-51,11460885;"SPRF-RS";"DEL01-RS";"UOP01-DEL01-RS"
215346;2019-06-13;"quinta-feira";"06:10:00";"SC";280;23;"ARAQUARI";"Desobediência às normas de trânsito pelo condutor";"Colisão frontal";"Com Vítimas Feridas";"Plena Noite";"Decrescente";"Céu Claro";"Simples";"Rotatória";"Sim";2;0;1;0;1;0;1;2;-26,37146;-48,711887;"SPRF-SC";"DEL03-SC";"UOP03-DEL03-SC"
215350;2019-06-13;"quinta-feira";"06:20:00";"SC";282;3;"FLORIANOPOLIS";"Desobediência às normas de trânsito pelo condutor";"Colisão lateral";"Com Vítimas Feridas";"Pleno dia";"Decrescente";"Céu Claro";"Múltipla";"Reta";"Sim";2;0;1;0;1;0;1;2;-27,600384;-48,599705;"SPRF-SC";"DEL01-SC";"UOP01-DEL01-SC"
215351;2019-06-13;"quinta-feira";"06:45:00";"SP";381;89,7;"GUARULHOS";"Desobediência às normas de trânsito pelo condutor";"Colisão traseira";"Com Vítimas Feridas";"Amanhecer";"Crescente";"Céu Claro";"Dupla";"Reta";"Sim";2;0;1;0;1;0;1;2;-23,48469299;-46,55983288;"SPRF-SP";"DEL03-SP";"UOP01-DEL03-SP"
215352;2019-06-13;"quinta-feira";"06:40:00";"PR";277;728,3;"FOZ DO IGUACU";"Falta de Atenção do Pedestre";"Atropelamento de Pedestre";"Com Vítimas Fatais";"Amanhecer";"Decrescente";"Céu Claro";"Dupla";"Reta";"Sim";2;1;0;0;1;0;0;2;-25,50972157;-54,57533548;"SPRF-PR";"DEL05-PR";"UOP03-DEL05-PR"
215353;2019-06-13;"quinta-feira";"07:00:00";"MA";135;4,3;"SAO LUIS";"Falta de Atenção à Condução";"Colisão lateral";"Com Vítimas Feridas";"Pleno dia";"Crescente";"Céu Claro";"Dupla";"Reta";"Sim";2;0;1;0;1;0;1;2;-2,61424881;-44,25257023;"SPRF-MA";"DEL01-MA";"UOP01-DEL01-MA"
215354;2019-06-13;"quinta-feira";"06:40:00";"RS";285;289,3;"PASSO FUNDO";"Falta de Atenção à Condução";"Tombamento";"Com Vítimas Feridas";"Amanhecer";"Crescente";"Nublado";"Simples";"Interseção de Vias";"Não";2;0;2;0;0;0;2;1;-28,23676287;-52,37474442;"SPRF-RS";"DEL08-RS";"UOP03-DEL08-RS"
215355;2019-06-13;"quinta-feira";"05:50:00";"MT";364;193;"RONDONOPOLIS";"Ultrapassagem Indevida";"Colisão frontal";"Com Vítimas Fatais";"Amanhecer";"Crescente";"Céu Claro";"Simples";"Reta";"Não";4;1;1;0;0;2;1;3;-16,53246336;-54,58496737;"SPRF-MT";"DEL02-MT";"UOP01-DEL02-MT"
215357;2019-06-13;"quinta-feira";"07:31:00";"SP";116;228,9;"SAO PAULO";"Falta de Atenção à Condução";"Colisão lateral";"Com Vítimas Feridas";"Pleno dia";"Crescente";"Céu Claro";"Múltipla";"Reta";"Sim";2;0;0;1;1;0;1;2;-23,50343484;-46,56638712;"SPRF-SP";"DEL01-SP";"UOP01-DEL01-SP"
215358;2019-06-13;"quinta-feira";"07:27:00";"SP";116;220;"GUARULHOS";"Falta de Atenção à Condução";"Colisão lateral";"Com Vítimas Feridas";"Pleno dia";"Decrescente";"Sol";"Múltipla";"Reta";"Sim";3;0;1;0;2;0;1;3;-23,46627309;-46,50237501;"SPRF-SP";"DEL01-SP";"UOP01-DEL01-SP"
215359;2019-06-13;"quinta-feira";"06:00:00";"PE";232;82,5;"GRAVATA";"Avarias e/ou desgaste excessivo no pneu";"Saída de leito carroçável";"Com Vítimas Feridas";"Amanhecer";"Crescente";"Chuva";"Dupla";"Reta;Aclive";"Sim";2;0;1;1;0;0;2;1;-8,19905415;-35,58715194;"SPRF-PE";"DEL01-PE";"UOP02-DEL02PE"
215360;2019-06-13;"quinta-feira";"07:30:00";"SC";101;199,6;"SAO JOSE";"Desobediência às normas de trânsito pelo condutor";"Colisão lateral";"Com Vítimas Feridas";"Pleno dia";"Crescente";"Céu Claro";"Dupla";"Reta";"Sim";2;0;0;1;1;0;1;2;-27,53413705;-48,63003205;"SPRF-SC";"DEL01-SC";"UOP01-DEL01-SC"
215363;2019-06-13;"quinta-feira";"06:00:00";"RS";285;617;"SANTO ANTONIO DAS MISSOES";"Condutor Dormindo";"Saída de leito carroçável";"Com Vítimas Feridas";"Amanhecer";"Crescente";"Céu Claro";"Simples";"Curva";"Não";1;0;0;1;0;0;1;1;-28,500481;-55,456791;"SPRF-RS";"DEL12-RS";"UOP01-DEL12-RS"
215365;2019-06-13;"quinta-feira";"08:20:00";"SE";235;45;"ITABAIANA";"Ingestão de Álcool";"Tombamento";"Com Vítimas Feridas";"Pleno dia";"Decrescente";"Garoa/Chuvisco";"Simples";"Reta";"Não";2;0;2;0;0;0;2;1;-10,746924;-37,399899;"SPRF-SE";"DEL01-SE";"UOP02-DEL01-SE"
215366;2019-06-13;"quinta-feira";"08:25:00";"SC";282;3,3;"FLORIANOPOLIS";"Não guardar distância de segurança";"Colisão lateral";"Com Vítimas Feridas";"Pleno dia";"Decrescente";"Céu Claro";"Simples";"Reta";"Sim";3;0;1;0;1;1;1;3;-27,600384;-48,599705;"SPRF-SC";"DEL01-SC";"UOP01-DEL01-SC"
215367;2019-06-13;"quinta-feira";"08:10:00";"SC";470;55;"BLUMENAU";"Falta de Atenção à Condução";"Colisão transversal";"Com Vítimas Fatais";"Pleno dia";"Crescente";"Sol";"Simples";"Reta";"Sim";3;1;1;0;1;0;1;3;-26,87579888;-49,11853731;"SPRF-SC";"DEL04-SC";"UOP01-DEL04-SC"
215370;2019-06-13;"quinta-feira";"08:30:00";"GO";153;499;"GOIANIA";"Desobediência às normas de trânsito pelo condutor";"Colisão lateral";"Com Vítimas Feridas";"Pleno dia";"Decrescente";"Céu Claro";"Dupla";"Reta";"Sim";2;0;1;0;1;0;1;2;-16,69333409;-49,23207706;"SPRF-GO";"DEL01-GO";"UOP01-DEL01-GO"
215372;2019-06-13;"quinta-feira";"07:45:00";"RS";101;31,8;"TRES CACHOEIRAS";"Desobediência às normas de trânsito pelo condutor";"Colisão traseira";"Com Vítimas Feridas";"Pleno dia";"Crescente";"Céu Claro";"Dupla";"Reta";"Sim";2;0;1;0;1;0;1;2;-29,48566666;-49,97371445;"SPRF-RS";"DEL03-RS";"UOP02-DEL03-RS"
215374;2019-06-13;"quinta-feira";"08:30:00";"PE";232;45,8;"VITORIA DE SANTO ANTAO";"Defeito na Via";"Colisão com objeto estático";"Com Vítimas Feridas";"Pleno dia";"Decrescente";"Chuva";"Dupla";"Reta";"Não";4;0;1;0;3;0;1;1;-8,128181;-35,281677;"SPRF-PE";"DEL01-PE";"UOP02-DEL02PE"
215375;2019-06-13;"quinta-feira";"08:00:00";"MG";381;488,5;"BETIM";"Falta de Atenção à Condução";"Colisão traseira";"Com Vítimas Feridas";"Pleno dia";"Crescente";"Céu Claro";"Dupla";"Reta";"Sim";2;0;1;0;1;0;1;2;-19,9598656;-44,15489715;"SPRF-MG";"DEL01-MG";"UOP03-DEL01-MG"
215377;2019-06-13;"quinta-feira";"06:50:00";"PB";101;74,7;"SANTA RITA";"Velocidade Incompatível";"Colisão lateral";"Sem Vítimas";"Pleno dia";"Crescente";"Chuva";"Dupla";"Curva";"Não";2;0;0;0;2;0;0;2;-7,08339163;-34,98076176;"SPRF-PB";"DEL01-PB";"UOP04-DEL01-PB"
215381;2019-06-13;"quinta-feira";"08:55:00";"CE";20;424,6;"FORTALEZA";"Desobediência às normas de trânsito pelo condutor";"Colisão traseira";"Com Vítimas Feridas";"Pleno dia";"Crescente";"Chuva";"Dupla";"Reta;Em Obras;Retorno Regulamentado";"Não";3;0;1;0;1;1;1;3;-3,864999;-38,518357;"SPRF-CE";"DEL01-CE";"UOP02-DEL01-CE"
215383;2019-02-01;"sexta-feira";"10:00:00";"SP";116;114;"TAUBATE";"Falta de Atenção do Pedestre";"Atropelamento de Pedestre";"Com Vítimas Feridas";"Pleno dia";"Crescente";"Céu Claro";"Dupla";"Reta";"Sim";2;0;0;1;1;0;1;2;-23,046539;-45,590172;"SPRF-SP";"DEL06-SP";"UOP02-DEL02-SP"
215385;2019-06-12;"quarta-feira";"12:30:00";"MA";222;673,4;"ACAILANDIA";"Falta de Atenção à Condução";"Colisão transversal";"Com Vítimas Feridas";"Pleno dia";"Crescente";"Céu Claro";"Simples";"Reta";"Sim";2;0;0;1;1;0;1;2;-4,92960481;-47,44590111;"SPRF-MA";"DEL04-MA";"UOP03-DEL04-MA"
215387;2019-06-13;"quinta-feira";"06:58:00";"MS";163;548;"BANDEIRANTES";"Falta de Atenção do Pedestre";"Atropelamento de Pedestre";"Com Vítimas Feridas";"Pleno dia";"Decrescente";"Sol";"Simples";"Reta";"Sim";2;0;1;0;0;1;1;2;-19,91869106;-54,36860922;"SPRF-MS";"DEL01-MS";"UOP02-DEL01-MS"