"id";"data_inversa";"dia_semana";"horario";"uf";"br";"km";"municipio";"causa_acidente";"tipo_acidente";"classificacao_acidente";"fase_dia";"sentido_via";"condicao_metereologica";"tipo_pista";"tracado_via";"uso_solo";"pessoas";"mortos";"feridos_leves";"feridos_graves";"ilesos";"ignorados";"feridos";"veiculos";"latitude";"longitude";"regional";"delegacia";"uop"
215515;2019-06-13;"quinta-feira";"22:40:00";"RO";364;341,7;"JI-PARANA";"Falta de Atenção do Pedestre";"Atropelamento de Pedestre";"Com Vítimas Feridas";"Plena Noite";"Decrescente";"Céu Claro";"Simples";"Reta";"Sim";3;0;2;1;0;0;3;2;-10,88987987;-61,93126772;"SPRF-RO";"DEL02-RO";"UOP01-DEL02-RO"
215516;2019-06-14;"sexta-feira";"01:00:00";"BA";116;426;"FEIRA DE SANTANA";"Ingestão de Álcool";"Colisão frontal";"Com Vítimas Feridas";"Plena Noite";"Decrescente";"Céu Claro";"Dupla";"Reta";"Não";3;0;1;0;1;1;1;3;-12,24420407;-38,98563987;"SPRF-BA";"DEL02-BA";"UOP01-DEL02-BA"
215517;2019-06-13;"quinta-feira";"19:00:00";"MT";70;559;"NOSSA SENHORA DO LIVRAMENTO";"Sinalização da via insuficiente ou inadequada";"Colisão frontal";"Com Vítimas Feridas";"Anoitecer";"Crescente";"Ignorado";"Simples";"Reta";"Não";5;0;3;0;2;0;3;2;-15,69640765;-56,38798683;"SPRF-MT";"DEL01-MT";"DEL2/4-UOP02/MT"
215520;2019-06-13;"quinta-feira";"21:00:00";"MT";163;573;"NOVA MUTUM";"Animais na Pista";"Atropelamento de Animal";"Com Vítimas Feridas";"Plena Noite";"Decrescente";"Céu Claro";"Simples";"Reta";"Não";2;0;1;0;1;0;1;1;-14,13823325;-56,10402945;"SPRF-MT";"DEL01-MT";"UOP01-DEL01-MT"
215521;2019-06-14;"sexta-feira";"00:25:00";"RS";290;422;"SAO GABRIEL";"Desobediência às normas de trânsito pelo condutor";"Colisão lateral";"Com Vítimas Feridas";"Plena Noite";"Decrescente";"Céu Claro";"Simples";"Reta";"Não";3;0;1;0;2;0;1;2;-30,331028;-54,357944;"SPRF-RS";"DEL11-RS";"UOP02-DEL11-RS"
215524;2019-06-14;"sexta-feira";"04:00:00";"RS";116;246;"SAO LEOPOLDO";"Defeito Mecânico no Veículo";"Incêndio";"Sem Vítimas";"Plena Noite";"Crescente";"Céu Claro";"Dupla";"Reta";"Sim";1;0;0;0;0;1;0;1;-29,758751;-51,15186806;"SPRF-RS";"DEL01-RS";"UOP02-DEL01-RS"
215525;2019-06-14;"sexta-feira";"05:15:00";"ES";101;141,2;"LINHARES";"Falta de Atenção à Condução";"Colisão lateral";"Com Vítimas Feridas";"Amanhecer";"Decrescente";"Nublado";"Múltipla";"Reta";"Sim";2;0;0;1;1;0;1;2;-19,32655693;-40,07192387;"SPRF-ES";"DEL04-ES";"UOP01-DEL04-ES"
215526;2019-06-14;"sexta-feira";"04:50:00";"PB";230;477,9;"MARIZOPOLIS";"Ingestão de Álcool";"Atropelamento de Pedestre";"Com Vítimas Fatais";"Amanhecer";"Decrescente";"Céu Claro";"Simples";"Reta";"Não";3;1;1;1;0;0;2;2;-6,843349;-38,336431;"SPRF-PB";"DEL03-PB";"UOP03-DEL03-PB"
215527;2019-06-14;"sexta-feira";"05:00:00";"RS";116;232;"NOVO HAMBURGO";"Ingestão de álcool e/ou substâncias psicoativas pelo pedestre";"Colisão com objeto estático";"Sem Vítimas";"Plena Noite";"Decrescente";"Céu Claro";"Simples";"Curva";"Não";1;0;0;0;1;0;0;1;-29,63300002;-51,14325106;"SPRF-RS";"DEL01-RS";"UOP02-DEL01-RS"
215528;2019-06-14;"sexta-feira";"04:00:00";"RJ";393;190;"PARAIBA DO SUL";"Condutor Dormindo";"Saída de leito carroçável";"Com Vítimas Feridas";"Plena Noite";"Crescente";"Nevoeiro/Neblina";"Simples";"Reta";"Não";4;0;2;0;2;0;2;1;-22,16783144;-43,32208074;"SPRF-RJ";"DEL05-RJ";"UOP03-DEL05-RJ"
215530;2019-06-14;"sexta-feira";"06:30:00";"SP";116;227,7;"SAO PAULO";"Não guardar distância de segurança";"Colisão lateral";"Com Vítimas Feridas";"Amanhecer";"Crescente";"Nublado";"Múltipla";"Reta";"Sim";2;0;1;0;0;1;1;2;-23,49659264;-46,55648754;"SPRF-SP";"DEL01-SP";"UOP01-DEL01-SP"
215531;2019-06-14;"sexta-feira";"06:59:00";"SP";116;218,5;"GUARULHOS";"Falta de Atenção à Condução";"Colisão lateral";"Com Vítimas Feridas";"Pleno dia";"Crescente";"Céu Claro";"Múltipla";"Reta";"Sim";2;0;1;0;1;0;1;2;-23,46073769;-46,48818754;"SPRF-SP";"DEL01-SP";"UOP01-DEL01-SP"
215532;2019-06-14;"sexta-feira";"05:40:00";"RR";401;0,5;"BOA VISTA";"Desobediência às normas de trânsito pelo condutor";"Colisão transversal";"Sem Vítimas";"Amanhecer";"Decrescente";"Nublado";"Múltipla";"Interseção de Vias";"Sim";3;0;0;0;3;0;0;2;2,8061678;-60,68998;"SPRF-RR";"DEL01-RR";"UOP01-DEL01-RR"
215534;2019-03-27;"quarta-feira";"06:30:00";"PR";376;215;"JANDAIA DO SUL";"Avarias e/ou desgaste excessivo no pneu";"Tombamento";"Com Vítimas Feridas";"Pleno dia";"Decrescente";"Ignorado";"Simples";"Reta";"Sim";1;0;0;1;0;0;1;1;-23,5962541;-51,61119461;"SPRF-PR";"DEL07-PR";"UOP03-DEL07-PR"
215536;2019-06-14;"sexta-feira";"06:40:00";"SP";116;271;"TABOAO DA SERRA";"Falta de Atenção à Condução";"Colisão traseira";"Com Vítimas Feridas";"Pleno dia";"Decrescente";"Céu Claro";"Dupla";"Reta";"Sim";2;0;0;1;1;0;1;2;-23,61809286;-46,80556302;"SPRF-SP";"DEL04-SP";"UOP01-DEL04-SP"
215537;2019-06-14;"sexta-feira";"07:30:00";"RS";392;351;"SANTA MARIA";"Falta de Atenção à Condução";"Colisão transversal";"Com Vítimas Feridas";"Pleno dia";"Crescente";"Sol";"Simples";"Reta";"Não";2;0;0;1;1;0;1;2;-29,7284269;-53,80323691;"SPRF-RS";"DEL09-RS";"UOP01-DEL09-RS"
215538;2019-06-14;"sexta-feira";"07:30:00";"PR";476;139;"CURITIBA";"Falta de Atenção do Pedestre";"Atropelamento de Pedestre";"Com Vítimas Feridas";"Pleno dia";"Crescente";"Céu Claro";"Múltipla";"Reta";"Sim";2;0;2;0;0;0;2;2;-25,51284;-49,289257;"SPRF-PR";"DEL01-PR";"UOP03-DEL01-PR"
215539;2019-06-14;"sexta-feira";"06:35:00";"RJ";101;482;"ANGRA DOS REIS";"Falta de Atenção à Condução";"Colisão transversal";"Com Vítimas Feridas";"Amanhecer";"Decrescente";"Céu Claro";"Simples";"Reta";"Sim";2;0;1;0;0;1;1;2;-23,00453;-44,29746;"SPRF-RJ";"DEL03-RJ";"UOP03-DEL03-RJ"
215540;2019-06-14;"sexta-feira";"07:01:00";"RJ";101;315;"SAO GONCALO";"Falta de Atenção à Condução";"Colisão lateral";"Com Vítimas Feridas";"Pleno dia";"Crescente";"Céu Claro";"Dupla";"Reta";"Sim";1;0;1;0;0;0;1;1;-22,82262092;-43,08460805;"SPRF-RJ";"DEL02-RJ";"DEL5/2-UOP04/RJ"
215542;2019-06-14;"sexta-feira";"07:15:00";"SP";116;217,5;"GUARULHOS";"Falta de Atenção à Condução";"Colisão traseira";"Com Vítimas Feridas";"Pleno dia";"Crescente";"Céu Claro";"Múltipla";"Reta";"Sim";3;0;2;0;1;0;2;2;-23,45748428;-46,47965953;"SPRF-SP";"DEL01-SP";"UOP01-DEL01-SP"
215545;2019-06-14;"sexta-feira";"08:10:00";"ES";262;1,3;"CARIACICA";"Desobediência às normas de trânsito pelo condutor";"Colisão lateral";"Com Vítimas Feridas";"Pleno dia";"Decrescente";"Sol";"Dupla";"Reta";"Sim";3;0;1;0;2;0;1;2;-20,32955204;-40,35492602;"SPRF-ES";"DEL01-ES";"UOP01-DEL01-ES"
215548;2019-06-14;"sexta-feira";"08:00:00";"SC";101;206,8;"SAO JOSE";"Falta de Atenção à Condução";"Colisão lateral";"Com Vítimas Feridas";"Pleno dia";"Decrescente";"Sol";"Múltipla";"Reta";"Sim";2;0;1;0;1;0;1;2;-27,59193546;-48,61824557;"SPRF-SC";"DEL01-SC";"UOP01-DEL01-SC"
215549;2019-06-14;"sexta-feira";"05:10:00";"PI";230;196;"OEIRAS";"Velocidade Incompatível";"Colisão traseira";"Com Vítimas Fatais";"Amanhecer";"Crescente";"Céu Claro";"Simples";"Reta";"Não";2;1;0;0;1;0;0;2;-7,007832;-42,123855;"SPRF-PI";"DEL04-PI";"UOP01-DEL04-PI"
215550;2019-06-14;"sexta-feira";"08:50:00";"PR";476;124;"CURITIBA";"Não guardar distância de segurança";"Saída de leito carroçável";"Com Vítimas Feridas";"Pleno dia";"Decrescente";"Céu Claro";"Dupla";"Reta";"Sim";1;0;0;1;0;0;1;1;-25,568939;-49,181978;"SPRF-PR";"DEL01-PR";"UOP07-DEL01-PR"
215551;2019-06-14;"sexta-feira";"08:40:00";"MG";40;549,9;"NOVA LIMA";"Falta de Atenção à Condução";"Colisão lateral";"Com Vítimas Fatais";"Pleno dia";"Crescente";"Céu Claro";"Dupla";"Reta";"Sim";3;1;0;0;1;1;0;3;-20,03972326;-43,96703232;"SPRF-MG";"DEL01-MG";"UOP02-DEL01-MG"
215555;2019-06-14;"sexta-feira";"08:38:00";"GO";40;5;"VALPARAISO DE GOIAS";"Falta de Atenção à Condução";"Colisão traseira";"Com Vítimas Feridas";"Pleno dia";"Decrescente";"Céu Claro";"Dupla";"Reta";"Sim";2;0;1;0;1;0;1;2;-16,093134;-47,982236;"SPRF-DF";"DEL01-DF";"UOP01-DEL01-DF"
215558;2019-06-14;"sexta-feira";"07:55:00";"RO";364;425;"JARU";"Falta de Atenção à Condução";"Colisão transversal";"Com Vítimas Feridas";"Pleno dia";"Decrescente";"Céu Claro";"Dupla";"Reta";"Sim";2;0;2;0;0;0;2;2;-10,43752488;-62,47169791;"SPRF-RO";"DEL03-RO";"UOP02-DEL03-RO"
215559;2019-06-14;"sexta-feira";"07:20:00";"BA";324;6;"FEIRA DE SANTANA";"Falta de Atenção à Condução";"Saída de leito carroçável";"Com Vítimas Feridas";"Pleno dia";"Decrescente";"Céu Claro";"Dupla";"Reta";"Sim";1;0;0;1;0;0;1;1;-12,27518741;-38,98364156;"SPRF-BA";"DEL02-BA";"UOP01-DEL02-BA"
215560;2019-06-14;"sexta-feira";"10:00:00";"SC";470;57,2;"BLUMENAU";"Falta de Atenção à Condução";"Colisão transversal";"Com Vítimas Feridas";"Pleno dia";"Crescente";"Céu Claro";"Simples";"Reta";"Sim";2;0;1;0;1;0;1;2;-26,880428;-49,136532;"SPRF-SC";"DEL04-SC";"UOP01-DEL04-SC"
215561;2019-06-14;"sexta-feira";"08:25:00";"ES";262;7;"CARIACICA";"Falta de Atenção à Condução";"Colisão traseira";"Com Vítimas Feridas";"Pleno dia";"Crescente";"Sol";"Dupla";"Retorno Regulamentado";"Não";2;0;1;0;1;0;1;2;-20,34283738;-40,40434616;"SPRF-ES";"DEL01-ES";"UOP01-DEL01-ES"
215563;2019-06-14;"sexta-feira";"09:30:00";"MG";40;740,3;"SANTOS DUMONT";"Desobediência às normas de trânsito pelo condutor";"Colisão transversal";"Com Vítimas Feridas";"Pleno dia";"Crescente";"Céu Claro";"Simples";"Reta";"Não";2;0;0;1;1;0;1;2;-21,39953901;-43,56507286;"SPRF-MG";"DEL05-MG";"UOP01-DEL05-MG"
215564;2019-06-14;"sexta-feira";"07:45:00";"CE";20;417;"MARACANAU";"Não guardar distância de segurança";"Colisão traseira";"Com Vítimas Feridas";"Pleno dia";"Decrescente";"Chuva";"Dupla";"Reta";"Sim";3;0;1;0;2;0;1;3;-3,76999035;-38,67006282;"SPRF-CE";"DEL01-CE";"UOP02-DEL01-CE"
215569;2019-06-14;"sexta-feira";"11:10:00";"SC";470;168,9;"POUSO REDONDO";"Falta de Atenção à Condução";"Colisão com objeto estático";"Com Vítimas Feridas";"Pleno dia";"Decrescente";"Céu Claro";"Simples";"Reta";"Não";2;0;2;0;0;0;2;1;-27,266994;-49,872524;"SPRF-SC";"DEL04-SC";"UOP02-DEL04-SC"
215570;2019-06-14;"sexta-feira";"10:30:00";"PA";308;150,9;"CAPANEMA";"Desobediência às normas de trânsito pelo condutor";"Colisão transversal";"Com Vítimas Feridas";"Pleno dia";"Crescente";"Sol";"Simples";"Reta";"Sim";2;0;0;1;1;0;1;2;-1,20701157;-47,17704018;"SPRF-PA";"DEL01-PA";"UOP03-DEL01-PA"
215573;2019-06-14;"sexta-feira";"12:00:00";"RJ";101;333;"RIO DE JANEIRO";"Não guardar distância de segurança";"Colisão traseira";"Com Vítimas Feridas";"Pleno dia";"Crescente";"Céu Claro";"Múltipla";"Reta";"Não";2;0;1;0;1;0;1;2;-22,87827816;-43,21053578;"SPRF-RJ";"DEL02-RJ";"UOP02-DEL02-RJ"
215574;2019-06-14;"sexta-feira";"11:30:00";"PB";230;126;"MASSARANDUBA";"Condutor Dormindo";"Saída de leito carroçável";"Com Vítimas Feridas";"Pleno dia";"Decrescente";"Nublado";"Dupla";"Reta";"Não";1;0;1;0;0;0;1;1;-7,2546;-35,6892;"SPRF-PB";"DEL02-PB";"UOP01-DEL02-PB"
215579;2019-06-14;"sexta-feira";"12:40:00";"MG";381;363;"JOAO MONLEVADE";"Falta de Atenção à Condução";"Tombamento";"Com Vítimas Feridas";"Pleno dia";"Crescente";"Céu Claro";"Simples";"Curva";"Não";1;0;1;0;0;0;1;1;-19,85130197;-43,24808594;"SPRF-MG";"DEL03-MG";"UOP01-DEL03-MG"
215580;2019-05-05;"domingo";"12:40:00";"PI";135;384;"BOM JESUS";"Desobediência às normas de trânsito pelo condutor";"Colisão transversal";"Com Vítimas Feridas";"Pleno dia";"Crescente";"Céu Claro";"Simples";"Aclive";"Sim";3;0;1;1;1;0;2;2;-9,3040046;-44,51121936;"SPRF-PI";"DEL03-PI";"UOP02-DEL03-PI"
215582;2019-06-14;"sexta-feira";"08:10:00";"RS";293;4;"PELOTAS";"Falta de Atenção à Condução";"Colisão transversal";"Com Vítimas Feridas";"Pleno dia";"Decrescente";"Céu Claro";"Simples";"Interseção de Vias";"Sim";2;0;1;0;1;0;1;2;-31,73357732;-52,37275615;"SPRF-RS";"DEL07-RS";"UOP01-DEL07-RS"
215583;2019-06-14;"sexta-feira";"13:05:00";"RN";101;159,4;"CANGUARETAMA";"Condutor Dormindo";"Saída de leito carroçável";"Com Vítimas Feridas";"Pleno dia";"Crescente";"Nublado";"Dupla";"Curva";"Não";1;0;1;0;0;0;1;1;-6,36312911;-35,15714218;"SPRF-RN";"DEL01-RN";"UOP01-DEL01-RN"
215584;2019-06-14;"sexta-feira";"12:20:00";"PR";467;95,1;"CASCAVEL";"Velocidade Incompatível";"Capotamento";"Com Vítimas Feridas";"Pleno dia";"Crescente";"Céu Claro";"Dupla";"Curva";"Não";2;0;1;1;0;0;2;1;-24,85301855;-53,60261984;"SPRF-PR";"DEL04-PR";"UOP01-DEL04-PR"
215586;2019-06-14;"sexta-feira";"13:30:00";"SC";116;36;"ITAIOPOLIS";"Defeito Mecânico no Veículo";"Saída de leito carroçável";"Com Vítimas Feridas";"Pleno dia";"Crescente";"Céu Claro";"Simples";"Reta";"Não";1;0;1;0;0;0;1;1;-26,3385056;-50,01471809;"SPRF-SC";"DEL06-SC";"UOP01-DEL06-SC"
215588;2019-06-14;"sexta-feira";"12:50:00";"MG";381;478,5;"CONTAGEM";"Falta de Atenção à Condução";"Colisão lateral";"Com Vítimas Feridas";"Pleno dia";"Crescente";"Céu Claro";"Dupla";"Reta";"Sim";2;0;1;0;1;0;1;2;-19,95826094;-44,05921101;"SPRF-MG";"N/A";"N/A"
215590;2019-06-14;"sexta-feira";"14:00:00";"PR";476;165,2;"ARAUCARIA";"Falta de Atenção à Condução";"Colisão lateral";"Com Vítimas Feridas";"Pleno dia";"Decrescente";"Céu Claro";"Simples";"Reta";"Não";3;0;1;1;0;1;2;2;-25,643578;-49,472763;"SPRF-PR";"DEL01-PR";"UOP06-DEL01-PR"
215592;2019-06-14;"sexta-feira";"14:00:00";"RS";101;9,6;"TORRES";"Falta de Atenção à Condução";"Colisão transversal";"Com Vítimas Feridas";"Pleno dia";"Decrescente";"Céu Claro";"Dupla";"Rotatória";"Não";3;0;3;0;0;0;3;2;-29,37015187;-49,81898546;"SPRF-RS";"DEL03-RS";"UOP02-DEL03-RS"
215593;2019-06-14;"sexta-feira";"14:40:00";"SC";470;53,9;"BLUMENAU";"Desobediência às normas de trânsito pelo condutor";"Colisão transversal";"Com Vítimas Feridas";"Pleno dia";"Crescente";"Céu Claro";"Simples";"Reta";"Não";2;0;1;0;1;0;1;2;-26,87113386;-49,10924077;"SPRF-SC";"DEL04-SC";"UOP01-DEL04-SC"
215594;2019-06-14;"sexta-feira";"08:45:00";"SC";280;128;"RIO NEGRINHO";"Mal Súbito";"Colisão com objeto estático";"Com Vítimas Feridas";"Pleno dia";"Crescente";"Céu Claro";"Simples";"Reta";"Sim";2;0;2;0;0;0;2;1;-26,25212376;-49,52763855;"SPRF-SC";"DEL06-SC";"UOP03-DEL06-SC"
215596;2019-06-14;"sexta-feira";"13:30:00";"MT";163;821;"SINOP";"Falta de Atenção à Condução";"Colisão lateral";"Sem Vítimas";"Pleno dia";"Crescente";"Céu Claro";"Simples";"Reta";"Sim";2;0;0;0;2;0;0;2;-12,112411;-55,51673304;"SPRF-MT";"DEL06-MT";"UOP01-DEL06-MT"
215597;2019-06-14;"sexta-feira";"12:45:00";"DF";20;51,9;"BRASILIA";"Falta de Atenção à Condução";"Saída de leito carroçável";"Com Vítimas Feridas";"Pleno dia";"Crescente";"Céu Claro";"Dupla";"Curva";"Não";3;0;3;0;0;0;3;1;-15,580705;-47,41259;"SPRF-DF";"DEL02-DF";"UOP01-DEL02-DF"
215598;2019-06-14;"sexta-feira";"13:30:00";"MT";163;836;"SINOP";"Falta de Atenção à Condução";"Colisão traseira";"Com Vítimas Feridas";"Pleno dia";"Decrescente";"Sol";"Simples";"Reta";"Sim";3;0;1;0;1;1;1;3;-11,977922;-55,517017;"SPRF-MT";"DEL06-MT";"UOP02-DEL06-MT"
215599;2019-06-14;"sexta-feira";"11:00:00";"MG";381;941,1;"EXTREMA";"Falta de Atenção à Condução";"Colisão transversal";"Com Vítimas Feridas";"Pleno dia";"Crescente";"Sol";"Dupla";"Reta";"Sim";2;0;1;0;1;0;1;2;-22,86021873;-46,34260711;"SPRF-MG";"DEL16-MG";"UOP03-DEL16-MG"
215600;2019-06-14;"sexta-feira";"13:47:00";"MG";365;624,6;"UBERLANDIA";"Defeito Mecânico no Veículo";"Colisão traseira";"Com Vítimas Feridas";"Pleno dia";"Decrescente";"Céu Claro";"Dupla";"Reta";"Não";3;0;1;0;2;0;1;3;-18,90502207;-48,29289589;"SPRF-MG";"DEL15-MG";"UOP01-DEL15-MG"
215601;2019-06-14;"sexta-feira";"11:42:00";"MG";381;894;"CAMBUI";"Velocidade Incompatível";"Queda de ocupante de veículo";"Com Vítimas Feridas";"Pleno dia";"Crescente";"Céu Claro";"Dupla";"Curva";"Não";1;0;1;0;0;0;1;1;-22,61659879;-46,0689412;"SPRF-MG";"DEL16-MG";"UOP03-DEL16-MG"
215602;2019-05-12;"domingo";"19:22:00";"MG";40;552;"NOVA LIMA";"Falta de Atenção à Condução";"Colisão traseira";"Com Vítimas Feridas";"Plena Noite";"Decrescente";"Céu Claro";"Dupla";"Reta";"Sim";8;0;2;0;6;0;2;7;-20,06084086;-43,97716423;"SPRF-MG";"DEL01-MG";"UOP02-DEL01-MG"
215603;2019-06-14;"sexta-feira";"07:55:00";"MG";381;246,9;"SANTANA DO PARAISO";"Falta de Atenção à Condução";"Colisão traseira";"Com Vítimas Feridas";"Pleno dia";"Crescente";"Céu Claro";"Simples";"Reta";"Não";3;0;1;0;2;0;1;3;-19,45740746;-42,52499719;"SPRF-MG";"DEL06-MG";"UOP01-DEL06-MG"
215604;2019-06-14;"sexta-feira";"10:50:00";"PR";467;95,1;"CASCAVEL";"Velocidade Incompatível";"Saída de leito carroçável";"Com Vítimas Feridas";"Pleno dia";"Crescente";"Sol";"Dupla";"Curva";"Não";1;0;1;0;0;0;1;1;-24,85378198;-53,60157701;"SPRF-PR";"DEL04-PR";"UOP01-DEL04-PR"
215606;2019-06-14;"sexta-feira";"14:09:00";"PR";369;131,3;"IBIPORA";"Animais na Pista";"Atropelamento de Animal";"Com Vítimas Feridas";"Pleno dia";"Decrescente";"Céu Claro";"Dupla";"Declive;Curva";"Não";2;0;2;0;0;0;2;1;-23,26212232;-50,99393959;"SPRF-PR";"DEL07-PR";"UOP01-DEL07-PR"
215607;2019-06-14;"sexta-feira";"15:35:00";"SP";116;218,9;"GUARULHOS";"Desobediência às normas de trânsito pelo condutor";"Colisão traseira";"Com Vítimas Feridas";"Pleno dia";"Crescente";"Céu Claro";"Simples";"Reta";"Não";2;0;1;0;1;0;1;2;-23,457972;-46,479927;"SPRF-SP";"DEL01-SP";"UOP01-DEL01-SP"
215608;2019-06-14;"sexta-feira";"13:45:00";"PR";369;138,7;"IBIPORA";"Falta de Atenção à Condução";"Colisão transversal";"Com Vítimas Feridas";"Pleno dia";"Decrescente";"Céu Claro";"Dupla";"Curva;Interseção de Vias";"Sim";3;0;1;1;1;0;2;2;-23,27355881;-51,05606318;"SPRF-PR";"DEL07-PR";"UOP01-DEL07-PR"
215610;2019-06-11;"terça-feira";"01:30:00";"MS";262;326,4;"CAMPO GRANDE";"Falta de Atenção à Condução";"Capotamento";"Com Vítimas Feridas";"Plena Noite";"Crescente";"Céu Claro";"Múltipla";"Reta";"Sim";3;0;2;0;1;0;2;1;-20,46867409;-54,53455902;"SPRF-MS";"DEL01-MS";"UOP01-DEL01-MS"
215612;2019-06-14;"sexta-feira";"16:15:00";"ES";262;4,8;"CARIACICA";"Falta de Atenção à Condução";"Colisão transversal";"Com Vítimas Feridas";"Anoitecer";"Decrescente";"Céu Claro";"Múltipla";"Reta";"Sim";2;0;1;0;1;0;1;2;-20,33823444;-40,38499301;"SPRF-ES";"DEL01-ES";"UOP01-DEL01-ES"
215614;2019-06-14;"sexta-feira";"16:05:00";"CE";20;427;"MARACANAU";"Desobediência às normas de trânsito pelo condutor";"Colisão traseira";"Com Vítimas Feridas";"Pleno dia";"Crescente";"Céu Claro";"Dupla";"Reta";"Sim";2;0;1;0;1;0;1;2;-3,76999035;-38,67006282;"SPRF-CE";"DEL01-CE";"UOP02-DEL01-CE"
215615;2019-06-14;"sexta-feira";"15:29:00";"RS";293;250,8;"DOM PEDRITO";"Desobediência às normas de trânsito pelo condutor";"Colisão lateral";"Com Vítimas Feridas";"Pleno dia";"Decrescente";"Céu Claro";"Simples";"Reta";"Sim";2;0;1;0;1;0;1;2;-30,96894114;-54,66036607;"SPRF-RS";"DEL11-RS";"UOP01-DEL11-RS"
215616;2019-06-14;"sexta-feira";"16:20:00";"RN";101;104;"PARNAMIRIM";"Desobediência às normas de trânsito pelo condutor";"Colisão transversal";"Com Vítimas Feridas";"Pleno dia";"Crescente";"Nublado";"Dupla";"Curva";"Sim";2;0;0;1;1;0;1;2;-5,89416976;-35,25777698;"SPRF-RN";"DEL01-RN";"UOP01-DEL01-RN"
215618;2019-06-14;"sexta-feira";"15:15:00";"MT";364;496;"JANGADA";"Defeito Mecânico no Veículo";"Atropelamento de Pedestre";"Com Vítimas Feridas";"Pleno dia";"Decrescente";"Céu Claro";"Simples";"Reta";"Não";3;0;1;1;1;0;2;2;-15,23402095;-56,49484813;"SPRF-MT";"DEL01-MT";"DEL2/4-UOP02/MT"
215619;2019-06-14;"sexta-feira";"16:00:00";"DF";60;0,8;"BRASILIA";"Desobediência às normas de trânsito pelo condutor";"Colisão traseira";"Com Vítimas Feridas";"Pleno dia";"Crescente";"Céu Claro";"Dupla";"Reta";"Sim";2;0;1;0;1;0;1;2;-15,882499;-48,060212;"SPRF-DF";"DEL01-DF";"UOP01-DEL03-DF"
215620;2019-06-14;"sexta-feira";"16:30:00";"CE";20;417;"MARACANAU";"Falta de Atenção à Condução";"Colisão transversal";"Com Vítimas Feridas";"Pleno dia";"Crescente";"Sol";"Dupla";"Reta";"Sim";2;0;0;1;1;0;1;2;-3,84073763;-38,5976566;"SPRF-CE";"DEL01-CE";"UOP02-DEL01-CE"
215622;2019-06-14;"sexta-feira";"16:10:00";"PE";101;47;"ABREU E LIMA";"Falta de Atenção à Condução";"Colisão lateral";"Sem Vítimas";"Pleno dia";"Crescente";"Céu Claro";"Dupla";"Retorno Regulamentado";"Sim";2;0;0;0;2;0;0;2;-7,88290701;-34,90461208;"SPRF-PE";"DEL01-PE";"UOP02-DEL01-PE"
215623;2019-06-14;"sexta-feira";"15:15:00";"MG";50;172;"UBERABA";"Falta de Atenção à Condução";"Queda de ocupante de veículo";"Com Vítimas Feridas";"Pleno dia";"Decrescente";"Céu Claro";"Dupla";"Reta";"Sim";2;0;1;0;1;0;1;1;-19,75402507;-47,98051917;"SPRF-MG";"DEL13-MG";"UOP01-DEL13-MG"
215624;2019-06-14;"sexta-feira";"15:00:00";"MG";40;43,6;"PARACATU";"Falta de Atenção à Condução";"Colisão com objeto estático";"Com Vítimas Feridas";"Pleno dia";"Crescente";"Céu Claro";"Simples";"Reta";"Sim";4;0;1;0;1;2;1;3;-17,22598002;-46,86163701;"SPRF-MG";"DEL14-MG";"UOP01-DEL14-MG"
215625;2019-06-14;"sexta-feira";"15:30:00";"RJ";101;290;"ITABORAI";"Desobediência às normas de trânsito pelo condutor";"Colisão traseira";"Com Vítimas Feridas";"Pleno dia";"Crescente";"Céu Claro";"Dupla";"Reta";"Não";2;0;2;0;0;0;2;2;-22,76708384;-42,86081305;"SPRF-RJ";"DEL02-RJ";"UOP03-DEL02-RJ"
215626;2019-06-14;"sexta-feira";"15:20:00";"MT";70;313,8;"DOM AQUINO";"Falta de Atenção à Condução";"Capotamento";"Com Vítimas Feridas";"Pleno dia";"Crescente";"Céu Claro";"Simples";"Reta";"Não";4;0;1;0;3;0;1;1;-15,5617141;-54,58129474;"SPRF-MT";"DEL05-MT";"UOP01-DEL05-MT"
215628;2019-06-14;"sexta-feira";"17:30:00";"GO";40;2,1;"VALPARAISO DE GOIAS";"Desobediência às normas de trânsito pelo condutor";"Atropelamento de Pedestre";"Com Vítimas Feridas";"Pleno dia";"Crescente";"Céu Claro";"Dupla";"Reta";"Sim";3;0;1;0;1;1;1;2;-16,067129;-47,984235;"SPRF-DF";"DEL01-DF";"UOP01-DEL01-DF"
215629;2019-06-14;"sexta-feira";"17:14:00";"ES";101;147;"LINHARES";"Falta de Atenção à Condução";"Colisão transversal";"Com Vítimas Feridas";"Anoitecer";"Decrescente";"Céu Claro";"Dupla";"Retorno Regulamentado";"Sim";2;0;1;0;1;0;1;2;-19,37887202;-40,06657892;"SPRF-ES";"DEL04-ES";"UOP01-DEL04-ES"
215630;2019-06-14;"sexta-feira";"16:30:00";"MG";40;771,2;"JUIZ DE FORA";"Falta de Atenção à Condução";"Colisão traseira";"Com Vítimas Feridas";"Pleno dia";"Crescente";"Céu Claro";"Simples";"Reta";"Sim";3;0;2;0;1;0;2;2;-21,60932712;-43,45892723;"SPRF-MG";"DEL05-MG";"UOP01-DEL05-MG"