"id";"data_inversa";"dia_semana";"horario";"uf";"br";"km";"municipio";"causa_acidente";"tipo_acidente";"classificacao_acidente";"fase_dia";"sentido_via";"condicao_metereologica";"tipo_pista";"tracado_via";"uso_solo";"pessoas";"mortos";"feridos_leves";"feridos_graves";"ilesos";"ignorados";"feridos";"veiculos";"latitude";"longitude";"regional";"delegacia";"uop"
215631;2019-06-14;"sexta-feira";"16:15:00";"MS";163;256;"DOURADOS";"Falta de Atenção à Condução";"Colisão traseira";"Com Vítimas Feridas";"Pleno dia";"Crescente";"Nublado";"Dupla";"Rotatória";"Sim";2;0;1;0;1;0;1;2;-22,258688;-54,804028;"SPRF-MS";"DEL04-MS";"UOP01-DEL04-MS"
215633;2019-06-14;"sexta-feira";"17:40:00";"SE";235;55,8;"ITABAIANA";"Falta de Atenção à Condução";"Colisão frontal";"Com Vítimas Feridas";"Anoitecer";"Crescente";"Nublado";"Simples";"Curva";"Sim";2;0;2;0;0;0;2;2;-10,667386;-37,446014;"SPRF-SE";"DEL01-SE";"UOP02-DEL01-SE"
215634;2019-06-14;"sexta-feira";"16:20:00";"SC";282;40,8;"AGUAS MORNAS";"Desobediência às normas de trânsito pelo condutor";"Colisão transversal";"Sem Vítimas";"Pleno dia";"Crescente";"Céu Claro";"Simples";"Reta";"Sim";2;0;0;0;2;0;0;2;-27,716148;-48,869583;"SPRF-SC";"DEL01-SC";"UOP03-DEL01-SC"
215635;2019-06-14;"sexta-feira";"17:35:00";"SC";101;204;"SAO JOSE";"Desobediência às normas de trânsito pelo condutor";"Colisão lateral";"Com Vítimas Feridas";"Plena Noite";"Decrescente";"Céu Claro";"Múltipla";"Reta";"Sim";3;0;2;0;1;0;2;2;-27,57413014;-48,61363083;"SPRF-SC";"DEL01-SC";"UOP01-DEL01-SC"
215636;2019-06-14;"sexta-feira";"17:50:00";"BA";324;625;"SALVADOR";"Desobediência às normas de trânsito pelo condutor";"Colisão lateral";"Com Vítimas Feridas";"Plena Noite";"Decrescente";"Céu Claro";"Múltipla";"Reta";"Sim";2;0;1;0;1;0;1;2;-12,94194706;-38,47081224;"SPRF-BA";"DEL01-BA";"UOP01-DEL01-BA"
215637;2019-06-14;"sexta-feira";"17:45:00";"MG";116;278;"TEOFILO OTONI";"Falta de Atenção do Pedestre";"Atropelamento de Pedestre";"Com Vítimas Feridas";"Plena Noite";"Decrescente";"Chuva";"Simples";"Reta";"Sim";3;0;2;1;0;0;3;2;-17,86846089;-41,5171394;"SPRF-MG";"DEL11-MG";"UOP01-DEL11-MG"
215638;2019-06-14;"sexta-feira";"18:15:00";"MG";381;695,5;"LAVRAS";"Falta de Atenção à Condução";"Saída de leito carroçável";"Com Vítimas Feridas";"Plena Noite";"Decrescente";"Céu Claro";"Dupla";"Curva;Aclive";"Não";1;0;1;0;0;0;1;1;-21,27640386;-45,13914121;"SPRF-MG";"DEL04-MG";"UOP02-DEL04-MG"
215639;2019-06-14;"sexta-feira";"18:20:00";"RN";101;116,3;"SAO JOSE DE MIPIBU";"Falta de Atenção à Condução";"Colisão traseira";"Com Vítimas Feridas";"Plena Noite";"Crescente";"Céu Claro";"Dupla";"Reta";"Sim";3;0;1;1;0;1;2;2;-5,99923408;-35,26039018;"SPRF-RN";"DEL01-RN";"UOP01-DEL01-RN"
215640;2019-06-14;"sexta-feira";"18:20:00";"GO";153;65,6;"PORANGATU";"Falta de Atenção à Condução";"Colisão frontal";"Com Vítimas Feridas";"Anoitecer";"Decrescente";"Céu Claro";"Simples";"Reta";"Não";4;0;0;2;2;0;2;2;-13,397592;-49,129871;"SPRF-GO";"DEL07-GO";"UOP01-DEL07-GO"
215641;2019-06-14;"sexta-feira";"18:35:00";"RS";290;91;"PORTO ALEGRE";"Falta de Atenção à Condução";"Colisão lateral";"Com Vítimas Feridas";"Plena Noite";"Decrescente";"Ignorado";"Múltipla";"Curva";"Sim";2;0;1;0;1;0;1;2;-29,969055;-51,167439;"SPRF-RS";"DEL01-RS";"UOP01-DEL01-RS"
215642;2019-06-14;"sexta-feira";"16:35:00";"SC";280;56,5;"GUARAMIRIM";"Falta de Atenção à Condução";"Colisão traseira";"Com Vítimas Feridas";"Pleno dia";"Decrescente";"Céu Claro";"Simples";"Reta";"Sim";2;0;1;0;1;0;1;2;-26,478861;-49,011408;"SPRF-SC";"DEL03-SC";"UOP03-DEL03-SC"
215643;2019-06-14;"sexta-feira";"17:55:00";"SC";101;133,4;"BALNEARIO CAMBORIU";"Falta de Atenção à Condução";"Colisão traseira";"Com Vítimas Feridas";"Anoitecer";"Crescente";"Nublado";"Dupla";"Reta";"Sim";2;0;1;0;1;0;1;2;-26,99936;-48,64609;"SPRF-SC";"DEL04-SC";"UOP03-DEL04-SC"
215645;2019-06-14;"sexta-feira";"18:40:00";"PR";277;4;"PARANAGUA";"Velocidade Incompatível";"Colisão traseira";"Com Vítimas Feridas";"Plena Noite";"Decrescente";"Céu Claro";"Simples";"Reta";"Sim";2;0;0;1;1;0;1;2;-25,52726185;-48,5276413;"SPRF-PR";"DEL01-PR";"UOP05-DEL01-PR"
215646;2019-06-14;"sexta-feira";"18:20:00";"RS";386;36,1;"FREDERICO WESTPHALEN";"Desobediência às normas de trânsito pelo condutor";"Colisão transversal";"Com Vítimas Feridas";"Anoitecer";"Crescente";"Céu Claro";"Simples";"Interseção de Vias";"Sim";2;0;1;0;1;0;1;2;-27,37648657;-53,39798212;"SPRF-RS";"DEL08-RS";"UOP02-DEL08-RS"
215649;2019-06-14;"sexta-feira";"18:15:00";"ES";101;69;"SAO MATEUS";"Falta de Atenção à Condução";"Colisão frontal";"Com Vítimas Feridas";"Plena Noite";"Decrescente";"Nublado";"Simples";"Reta;Aclive";"Não";2;0;2;0;0;0;2;2;-18,73556097;-39,86069526;"SPRF-ES";"DEL04-ES";"UOP02-DEL04-ES"
215651;2019-06-14;"sexta-feira";"17:58:00";"MT";364;401;"CUIABA";"Falta de Atenção à Condução";"Colisão lateral";"Com Vítimas Feridas";"Plena Noite";"Decrescente";"Céu Claro";"Dupla";"Interseção de Vias";"Sim";2;0;0;1;1;0;1;2;-15,65803709;-55,98033464;"SPRF-MT";"DEL02-MT";"UOP02-DEL01-MT"
215652;2019-06-14;"sexta-feira";"17:35:00";"MG";116;538,2;"SANTA RITA DE MINAS";"Falta de Atenção à Condução";"Colisão transversal";"Com Vítimas Feridas";"Anoitecer";"Decrescente";"Céu Claro";"Simples";"Reta";"Sim";2;0;0;1;1;0;1;2;-19,87457783;-42,13216953;"SPRF-MG";"DEL06-MG";"UOP02-DEL06-MG"
215653;2019-06-14;"sexta-feira";"18:10:00";"MG";356;267,5;"MURIAE";"Falta de Atenção à Condução";"Colisão transversal";"Com Vítimas Feridas";"Plena Noite";"Decrescente";"Céu Claro";"Simples";"Interseção de Vias";"Sim";3;0;2;0;1;0;2;2;-21,12725696;-42,35052695;"SPRF-MG";"DEL07-MG";"UOP02-DEL07-MG"
215656;2019-06-14;"sexta-feira";"18:00:00";"RS";386;424,4;"MONTENEGRO";"Mal Súbito";"Tombamento";"Com Vítimas Feridas";"Plena Noite";"Decrescente";"Céu Claro";"Simples";"Reta";"Não";1;0;1;0;0;0;1;1;-29,818094;-51,382572;"SPRF-RS";"DEL04-RS";"UOP02-DEL04-RS"
215658;2019-06-14;"sexta-feira";"18:15:00";"PR";277;99;"CURITIBA";"Não guardar distância de segurança";"Queda de ocupante de veículo";"Com Vítimas Feridas";"Anoitecer";"Crescente";"Céu Claro";"Dupla";"Reta";"Sim";1;0;0;1;0;0;1;1;-25,53375211;-49,31824405;"SPRF-PR";"DEL01-PR";"UOP06-DEL01-PR"
215659;2019-06-14;"sexta-feira";"19:15:00";"PR";476;116;"COLOMBO";"Falta de Atenção à Condução";"Atropelamento de Pedestre";"Com Vítimas Feridas";"Plena Noite";"Decrescente";"Céu Claro";"Simples";"Interseção de Vias";"Sim";2;0;0;1;1;0;1;2;-25,344196;-49,159679;"SPRF-PR";"DEL01-PR";"UOP07-DEL01-PR"
215660;2019-06-14;"sexta-feira";"18:30:00";"RR";174;489;"BOA VISTA";"Restrição de Visibilidade";"Colisão lateral";"Com Vítimas Feridas";"Plena Noite";"Decrescente";"Nublado";"Simples";"Reta";"Não";2;0;1;1;0;0;2;2;2,732332;-60,782288;"SPRF-RR";"DEL01-RR";"UOP01-DEL01-RR"
215661;2019-06-14;"sexta-feira";"19:20:00";"PR";277;595,1;"CASCAVEL";"Falta de Atenção do Pedestre";"Atropelamento de Pedestre";"Com Vítimas Feridas";"Plena Noite";"Crescente";"Céu Claro";"Dupla";"Reta";"Não";3;0;0;1;2;0;1;2;-24,98154632;-53,50141969;"SPRF-PR";"DEL04-PR";"UOP01-DEL04-PR"
215665;2019-06-14;"sexta-feira";"19:10:00";"SP";116;328;"JUQUITIBA";"Desobediência às normas de trânsito pelo pedestre";"Atropelamento de Pedestre";"Com Vítimas Feridas";"Plena Noite";"Crescente";"Ignorado";"Dupla";"Curva";"Não";3;0;0;1;1;1;1;2;-23,93665309;-47,08095431;"SPRF-SP";"DEL04-SP";"UOP03-DEL04-SP"
215666;2019-06-14;"sexta-feira";"17:25:00";"SP";101;37,6;"UBATUBA";"Desobediência às normas de trânsito pelo condutor";"Colisão transversal";"Com Vítimas Feridas";"Pleno dia";"Crescente";"Céu Claro";"Simples";"Curva";"Sim";3;0;1;0;2;0;1;2;-23,40743194;-45,01858234;"SPRF-SP";"DEL06-SP";"UOP01-DEL06-SP"
215668;2019-06-14;"sexta-feira";"19:50:00";"ES";101;145,3;"LINHARES";"Falta de Atenção à Condução";"Colisão transversal";"Com Vítimas Feridas";"Plena Noite";"Decrescente";"Nublado";"Simples";"Interseção de Vias";"Sim";2;0;0;2;0;0;2;2;-19,36331016;-40,06467104;"SPRF-ES";"DEL04-ES";"UOP01-DEL04-ES"
215669;2019-06-14;"sexta-feira";"19:08:00";"SP";101;49;"UBATUBA";"Falta de Atenção à Condução";"Colisão transversal";"Com Vítimas Feridas";"Plena Noite";"Decrescente";"Céu Claro";"Simples";"Reta";"Sim";2;0;1;0;1;0;1;2;-23,44659846;-45,0811333;"SPRF-SP";"DEL06-SP";"UOP01-DEL06-SP"
215672;2019-06-14;"sexta-feira";"17:30:00";"BA";116;822;"VITORIA DA CONQUISTA";"Desobediência às normas de trânsito pelo condutor";"Colisão transversal";"Com Vítimas Feridas";"Plena Noite";"Crescente";"Garoa/Chuvisco";"Simples";"Declive;Reta";"Sim";7;0;5;0;2;0;5;2;-14,80363418;-40,78042987;"SPRF-BA";"DEL08-BA";"UOP01-DEL08-BA"
215673;2019-06-14;"sexta-feira";"14:04:00";"RO";319;60;"PORTO VELHO";"Falta de Atenção à Condução";"Colisão traseira";"Com Vítimas Feridas";"Pleno dia";"Crescente";"Sol";"Dupla";"Reta";"Sim";2;0;1;0;1;0;1;2;-8,766685;-63,884052;"SPRF-RO";"DEL01-RO";"UOP01-DEL01-RO"
215674;2019-06-14;"sexta-feira";"18:30:00";"BA";116;821;"VITORIA DA CONQUISTA";"Desobediência às normas de trânsito pelo condutor";"Colisão transversal";"Com Vítimas Feridas";"Plena Noite";"Crescente";"Garoa/Chuvisco";"Simples";"Declive";"Sim";4;0;1;1;1;1;2;3;-14,79928321;-40,77208589;"SPRF-BA";"DEL08-BA";"UOP01-DEL08-BA"
215677;2019-06-14;"sexta-feira";"16:00:00";"BA";116;824,9;"VITORIA DA CONQUISTA";"Falta de Atenção à Condução";"Colisão transversal";"Com Vítimas Feridas";"Pleno dia";"Decrescente";"Garoa/Chuvisco";"Dupla";"Interseção de Vias";"Sim";2;0;1;0;1;0;1;2;-14,8123436;-40,7971192;"SPRF-BA";"DEL08-BA";"UOP01-DEL08-BA"
215678;2019-06-14;"sexta-feira";"20:30:00";"SC";470;45,5;"GASPAR";"Ingestão de Álcool";"Colisão frontal";"Com Vítimas Feridas";"Plena Noite";"Crescente";"Céu Claro";"Simples";"Interseção de Vias";"Sim";2;0;1;0;1;0;1;2;-26,867064;-49,031109;"SPRF-SC";"DEL04-SC";"UOP01-DEL04-SC"
215679;2019-06-14;"sexta-feira";"20:30:00";"SC";470;32,9;"GASPAR";"Falta de Atenção à Condução";"Colisão transversal";"Com Vítimas Feridas";"Plena Noite";"Decrescente";"Céu Claro";"Simples";"Reta";"Não";2;0;1;0;1;0;1;2;-26,90574684;-48,93987629;"SPRF-SC";"DEL04-SC";"UOP01-DEL04-SC"
215682;2019-06-14;"sexta-feira";"18:00:00";"MG";116;416;"GOVERNADOR VALADARES";"Falta de Atenção à Condução";"Colisão traseira";"Com Vítimas Feridas";"Pleno dia";"Crescente";"Céu Claro";"Simples";"Reta";"Sim";2;0;1;0;1;0;1;2;-18,89215187;-41,94699543;"SPRF-MG";"DEL06-MG";"UOP01-DEL06-MG"
215683;2019-06-14;"sexta-feira";"19:09:00";"RJ";40;77;"PETROPOLIS";"Defeito Mecânico no Veículo";"Incêndio";"Sem Vítimas";"Plena Noite";"Decrescente";"Céu Claro";"Dupla";"Reta";"Não";1;0;0;0;0;1;0;1;-22,48005592;-43,23543994;"SPRF-RJ";"DEL06-RJ";"UOP01-DEL06-RJ"
215684;2019-06-14;"sexta-feira";"19:50:00";"PI";316;370;"VILA NOVA DO PIAUI";"Falta de Atenção à Condução";"Saída de leito carroçável";"Com Vítimas Feridas";"Plena Noite";"Decrescente";"Céu Claro";"Simples";"Curva";"Não";1;0;1;0;0;0;1;1;-7,14303846;-40,93930205;"SPRF-PI";"DEL04-PI";"UOP03-DEL04-PI"
215686;2019-06-14;"sexta-feira";"19:00:00";"MS";262;40;"TRES LAGOAS";"Não guardar distância de segurança";"Queda de ocupante de veículo";"Com Vítimas Feridas";"Plena Noite";"Decrescente";"Céu Claro";"Simples";"Reta";"Não";1;0;1;0;0;0;1;1;-20,77584167;-51,96848192;"SPRF-MS";"DEL07-MS";"UOP01-DEL07-MS"
215687;2019-06-14;"sexta-feira";"20:15:00";"RS";290;73;"GRAVATAI";"Animais na Pista";"Atropelamento de Animal";"Com Vítimas Feridas";"Plena Noite";"Crescente";"Céu Claro";"Dupla";"Reta";"Sim";1;0;1;0;0;0;1;1;-29,952868;-50,986462;"SPRF-RS";"DEL03-RS";"UOP01-DEL03-RS"
215689;2019-06-14;"sexta-feira";"19:00:00";"RS";470;220;"BENTO GONCALVES";"Velocidade Incompatível";"Saída de leito carroçável";"Com Vítimas Feridas";"Plena Noite";"Crescente";"Céu Claro";"Simples";"Reta";"Não";1;0;1;0;0;0;1;1;-29,18739172;-51,52056521;"SPRF-RS";"DEL06-RS";"UOP01-DEL06-RS"
215691;2019-06-14;"sexta-feira";"17:55:00";"SC";282;508,5;"XANXERE";"Não guardar distância de segurança";"Colisão traseira";"Com Vítimas Feridas";"Anoitecer";"Decrescente";"Céu Claro";"Simples";"Declive";"Não";2;0;1;0;0;1;1;2;-26,887014;-52,448372;"SPRF-SC";"DEL07-SC";"UOP01-DEL07-SC"
215692;2019-06-14;"sexta-feira";"21:20:00";"RJ";493;1;"ITABORAI";"Falta de Atenção à Condução";"Colisão frontal";"Com Vítimas Feridas";"Plena Noite";"Crescente";"Céu Claro";"Simples";"Reta";"Não";2;0;1;0;1;0;1;2;-22,76921719;-42,92358398;"SPRF-RJ";"DEL04-RJ";"UOP02-DEL04-RJ"
215693;2019-06-14;"sexta-feira";"19:35:00";"RS";116;37;"VACARIA";"Falta de Atenção à Condução";"Colisão transversal";"Com Vítimas Feridas";"Plena Noite";"Decrescente";"Céu Claro";"Simples";"Interseção de Vias";"Sim";2;0;1;0;1;0;1;2;-28,49878287;-50,91769338;"SPRF-RS";"DEL05-RS";"UOP03-DEL05-RS"
215695;2019-06-14;"sexta-feira";"22:05:00";"GO";40;5,8;"VALPARAISO DE GOIAS";"Falta de Atenção à Condução";"Colisão lateral";"Com Vítimas Feridas";"Plena Noite";"Crescente";"Céu Claro";"Dupla";"Reta";"Sim";2;0;1;0;1;0;1;2;-16,093134;-47,982236;"SPRF-DF";"DEL01-DF";"UOP01-DEL01-DF"
215696;2019-06-14;"sexta-feira";"22:00:00";"PR";277;352,2;"GUARAPUAVA";"Falta de Atenção do Pedestre";"Atropelamento de Pedestre";"Com Vítimas Feridas";"Plena Noite";"Crescente";"Céu Claro";"Simples";"Reta";"Não";2;0;0;1;1;0;1;2;-25,390621;-51,521241;"SPRF-PR";"DEL03-PR";"UOP01-DEL08-PR"
215697;2019-06-14;"sexta-feira";"22:00:00";"CE";222;55,2;"SAO GONCALO DO AMARANTE";"Pista Escorregadia";"Saída de leito carroçável";"Com Vítimas Feridas";"Plena Noite";"Decrescente";"Nevoeiro/Neblina";"Simples";"Reta";"Não";5;0;3;0;2;0;3;1;-3,66940167;-39,03637001;"SPRF-CE";"DEL01-CE";"UOP03-DEL01-CE"
215699;2019-06-14;"sexta-feira";"21:45:00";"SP";153;88,1;"MIRASSOL";"Falta de Atenção do Pedestre";"Queda de ocupante de veículo";"Com Vítimas Feridas";"Plena Noite";"Decrescente";"Céu Claro";"Dupla";"Declive";"Não";1;0;0;1;0;0;1;1;-20,94945283;-49,5429491;"SPRF-SP";"DEL09-SP";"UOP01-DEL09-SP"
215700;2019-06-14;"sexta-feira";"21:10:00";"ES";101;145;"LINHARES";"Falta de Atenção à Condução";"Colisão traseira";"Com Vítimas Feridas";"Plena Noite";"Decrescente";"Céu Claro";"Dupla";"Reta";"Não";1;0;1;0;0;0;1;1;-19,36089598;-40,06464018;"SPRF-ES";"DEL04-ES";"UOP01-DEL04-ES"
215701;2019-06-14;"sexta-feira";"22:20:00";"MG";381;613,3;"OLIVEIRA";"Falta de Atenção à Condução";"Saída de leito carroçável";"Com Vítimas Feridas";"Plena Noite";"Crescente";"Céu Claro";"Dupla";"Curva";"Não";8;0;2;1;1;4;3;2;-20,7275927;-44,77176647;"SPRF-MG";"DEL04-MG";"UOP01-DEL04-MG"
215703;2019-06-14;"sexta-feira";"18:15:00";"RS";287;439,4;"UNISTALDA";"Ingestão de Álcool";"Colisão lateral";"Sem Vítimas";"Plena Noite";"Decrescente";"Céu Claro";"Simples";"Reta";"Não";2;0;0;0;2;0;0;2;-29,04464389;-55,19933297;"SPRF-RS";"DEL12-RS";"UOP02-DEL12-RS"
215704;2019-06-14;"sexta-feira";"19:55:00";"RO";364;341;"JI-PARANA";"Agressão Externa";"Colisão com objeto estático";"Com Vítimas Fatais";"Plena Noite";"Crescente";"Céu Claro";"Simples";"Reta";"Sim";1;1;0;0;0;0;0;1;-10,88987987;-61,93126772;"SPRF-RO";"DEL02-RO";"UOP01-DEL02-RO"
215705;2019-06-14;"sexta-feira";"23:10:00";"PE";232;9,3;"JABOATAO DOS GUARARAPES";"Falta de Atenção do Pedestre";"Atropelamento de Pedestre";"Com Vítimas Feridas";"Plena Noite";"Crescente";"Nublado";"Dupla";"Reta";"Sim";2;0;1;0;1;0;1;2;-8,07764447;-34,97863609;"SPRF-PE";"DEL01-PE";"UOP01-DEL01-PE"
215707;2019-06-14;"sexta-feira";"23:50:00";"SP";101;47,6;"UBATUBA";"Desobediência às normas de trânsito pelo condutor";"Colisão transversal";"Com Vítimas Feridas";"Plena Noite";"Crescente";"Céu Claro";"Simples";"Reta";"Sim";4;0;1;0;3;0;1;2;-23,43430848;-45,08651733;"SPRF-SP";"DEL06-SP";"UOP01-DEL06-SP"
215711;2019-06-15;"sábado";"00:30:00";"PI";343;62;"BURITI DOS LOPES";"Não guardar distância de segurança";"Colisão traseira";"Com Vítimas Feridas";"Plena Noite";"Decrescente";"Ignorado";"Simples";"Reta";"Não";5;0;1;1;3;0;2;2;-3,265974;-41,786427;"SPRF-PI";"DEL05-PI";"UOP01-DEL05-PI"
215714;2019-06-14;"sexta-feira";"22:45:00";"PR";116;116;"CURITIBA";"Ingestão de Álcool";"Colisão com objeto estático";"Com Vítimas Feridas";"Plena Noite";"Crescente";"Céu Claro";"Dupla";"Reta";"Sim";1;0;1;0;0;0;1;1;-25,55468195;-49,27402397;"SPRF-PR";"DEL01-PR";"UOP03-DEL01-PR"
215715;2019-06-15;"sábado";"00:45:00";"MG";365;289;"JOAO PINHEIRO";"Ultrapassagem Indevida";"Colisão lateral";"Com Vítimas Feridas";"Plena Noite";"Decrescente";"Céu Claro";"Simples";"Reta";"Não";16;0;12;0;4;0;12;1;-18,08322809;-45,6842318;"SPRF-MG";"DEL10-MG";"UOP01-DEL10-MG"
215716;2019-06-15;"sábado";"00:45:00";"PR";116;12;"COLOMBO";"Velocidade Incompatível";"Colisão traseira";"Com Vítimas Feridas";"Plena Noite";"Decrescente";"Nublado";"Dupla";"Reta;Aclive";"Sim";2;0;1;1;0;0;2;2;-25,3755;-49,1496;"SPRF-PR";"DEL01-PR";"UOP01-DEL01-PR"
215717;2019-06-14;"sexta-feira";"21:46:00";"RO";364;318;"JI-PARANA";"Falta de Atenção à Condução";"Colisão frontal";"Com Vítimas Feridas";"Plena Noite";"Decrescente";"Céu Claro";"Simples";"Reta";"Não";3;0;1;1;1;0;2;2;-11,085351;-61,91477;"SPRF-RO";"DEL02-RO";"UOP01-DEL02-RO"
215718;2019-06-15;"sábado";"01:15:00";"SC";101;208,3;"SAO JOSE";"Falta de Atenção à Condução";"Queda de ocupante de veículo";"Com Vítimas Feridas";"Plena Noite";"Crescente";"Céu Claro";"Dupla";"Reta";"Sim";2;0;1;0;0;1;1;2;-27,60327979;-48,63201818;"SPRF-SC";"DEL01-SC";"UOP01-DEL01-SC"
215719;2019-06-14;"sexta-feira";"23:40:00";"PR";277;594,8;"CASCAVEL";"Mal Súbito";"Colisão frontal";"Com Vítimas Fatais";"Plena Noite";"Crescente";"Céu Claro";"Simples";"Curva";"Sim";3;1;1;0;1;0;1;2;-24,98042507;-53,50011977;"SPRF-PR";"DEL04-PR";"UOP01-DEL04-PR"
215720;2019-06-15;"sábado";"01:35:00";"SP";116;39,1;"CACHOEIRA PAULISTA";"Velocidade Incompatível";"Colisão com objeto estático";"Com Vítimas Fatais";"Plena Noite";"Crescente";"Céu Claro";"Simples";"Viaduto";"Não";1;1;0;0;0;0;0;1;-22,67527958;-44,99918431;"SPRF-SP";"DEL08-SP";"UOP02-DEL08-SP"
215721;2019-06-15;"sábado";"02:20:00";"PR";369;65,1;"BANDEIRANTES";"Ingestão de Álcool";"Saída de leito carroçável";"Com Vítimas Feridas";"Plena Noite";"Decrescente";"Nublado";"Simples";"Reta";"Não";2;0;0;2;0;0;2;1;-23,12824443;-50,45162201;"SPRF-PR";"DEL07-PR";"UOP05-DEL07-PR"
215723;2019-06-14;"sexta-feira";"23:10:00";"GO";452;150,4;"BOM JESUS DE GOIAS";"Falta de Atenção à Condução";"Colisão traseira";"Sem Vítimas";"Plena Noite";"Decrescente";"Céu Claro";"Simples";"Reta";"Não";9;0;0;0;9;0;0;2;-18,30016354;-49,58722869;"SPRF-GO";"DEL03-GO";"UOP02-DEL03-GO"
215724;2019-06-15;"sábado";"03:00:00";"GO";60;103;"GOIANAPOLIS";"Condutor Dormindo";"Saída de leito carroçável";"Com Vítimas Feridas";"Plena Noite";"Decrescente";"Céu Claro";"Dupla";"Reta";"Não";2;0;2;0;0;0;2;1;-16,4098;-48,9913;"SPRF-GO";"DEL02-GO";"UOP01-DEL02-GO"
215725;2019-06-15;"sábado";"03:00:00";"PR";277;674;"MEDIANEIRA";"Ingestão de álcool e/ou substâncias psicoativas pelo pedestre";"Colisão com objeto estático";"Com Vítimas Feridas";"Plena Noite";"Decrescente";"Ignorado";"Dupla";"Reta";"Sim";2;0;1;0;1;0;1;1;-25,29484117;-54,11509792;"SPRF-PR";"DEL05-PR";"UOP01-DEL05-PR"
215728;2019-06-15;"sábado";"03:00:00";"GO";60;98;"ANAPOLIS";"Ingestão de Álcool";"Colisão com objeto estático";"Com Vítimas Feridas";"Plena Noite";"Decrescente";"Céu Claro";"Dupla";"Reta";"Sim";1;0;0;1;0;0;1;1;-16,3846;-48,9541;"SPRF-GO";"DEL02-GO";"UOP01-DEL02-GO"
215730;2019-06-15;"sábado";"02:45:00";"SC";282;574,7;"PINHALZINHO";"Ingestão de Álcool";"Saída de leito carroçável";"Com Vítimas Feridas";"Plena Noite";"Decrescente";"Céu Claro";"Simples";"Declive";"Não";1;0;1;0;0;0;1;1;-26,867399;-52,965149;"SPRF-SC";"DEL07-SC";"UOP02-DEL07-SC"
215731;2019-06-15;"sábado";"03:30:00";"RN";101;95,9;"NATAL";"Pista Escorregadia";"Colisão com objeto estático";"Sem Vítimas";"Plena Noite";"Crescente";"Chuva";"Múltipla";"Viaduto";"Sim";1;0;0;0;1;0;0;1;-5,84603903;-35,20861182;"SPRF-RN";"DEL01-RN";"UOP01-DEL01-RN"
215732;2019-06-15;"sábado";"03:55:00";"RN";101;95,9;"NATAL";"Pista Escorregadia";"Colisão com objeto estático";"Com Vítimas Feridas";"Plena Noite";"Crescente";"Chuva";"Dupla";"Curva";"Sim";1;0;1;0;0;0;1;1;-5,84663412;-35,20878911;"SPRF-RN";"DEL01-RN";"UOP01-DEL01-RN"
215734;2019-06-15;"sábado";"02:10:00";"RS";386;98,1;"SAO JOSE DAS MISSOES";"Condutor Dormindo";"Saída de leito carroçável";"Com Vítimas Feridas";"Plena Noite";"Decrescente";"Céu Claro";"Simples";"Curva";"Não";1;0;1;0;0;0;1;1;-27,775946;-53,082054;"SPRF-RS";"DEL08-RS";"UOP01-DEL08-RS"
215735;2019-06-15;"sábado";"04:10:00";"BA";324;562;"SAO SEBASTIAO DO PASSE";"Animais na Pista";"Atropelamento de Animal";"Com Vítimas Feridas";"Plena Noite";"Decrescente";"Garoa/Chuvisco";"Dupla";"Declive;Reta";"Não";4;0;2;0;0;2;2;1;-12,503202;-38,639217;"SPRF-BA";"DEL01-BA";"UOP01-DEL01-BA"
215736;2019-06-15;"sábado";"02:50:00";"MG";50;204;"DELTA";"Animais na Pista";"Saída de leito carroçável";"Com Vítimas Feridas";"Plena Noite";"Crescente";"Céu Claro";"Dupla";"Reta";"Não";2;0;2;0;0;0;2;1;-19,92627147;-47,82191068;"SPRF-MG";"DEL13-MG";"UOP01-DEL13-MG"
215739;2019-06-15;"sábado";"04:20:00";"MG";381;457;"BELO HORIZONTE";"Falta de Atenção à Condução";"Tombamento";"Com Vítimas Feridas";"Plena Noite";"Crescente";"Céu Claro";"Dupla";"Reta";"Sim";1;0;0;1;0;0;1;1;-19,84498489;-43,88682257;"SPRF-MG";"DEL01-MG";"UOP01-DEL01-MG"
215740;2019-06-15;"sábado";"04:50:00";"RS";386;441;"CANOAS";"Ingestão de Álcool";"Colisão frontal";"Sem Vítimas";"Plena Noite";"Crescente";"Céu Claro";"Simples";"Reta";"Não";2;0;0;0;2;0;0;2;-29,882591;-51,233097;"SPRF-RS";"DEL01-RS";"UOP01-DEL01-RS"
215742;2019-06-15;"sábado";"05:15:00";"SP";116;274;"TABOAO DA SERRA";"Não guardar distância de segurança";"Queda de ocupante de veículo";"Com Vítimas Feridas";"Amanhecer";"Crescente";"Céu Claro";"Dupla";"Reta";"Sim";1;0;1;0;0;0;1;1;-23,61785053;-46,80272433;"SPRF-SP";"DEL04-SP";"UOP01-DEL04-SP"
215743;2019-06-15;"sábado";"04:20:00";"MG";40;527;"CONTAGEM";"Desobediência às normas de trânsito pelo condutor";"Colisão frontal";"Com Vítimas Feridas";"Plena Noite";"Decrescente";"Céu Claro";"Simples";"Aclive";"Não";2;0;1;0;1;0;1;2;-19,90686426;-44,04521942;"SPRF-MG";"DEL01-MG";"UOP02-DEL01-MG"