"id";"data_inversa";"dia_semana";"horario";"uf";"br";"km";"municipio";"causa_acidente";"tipo_acidente";"classificacao_acidente";"fase_dia";"sentido_via";"condicao_metereologica";"tipo_pista";"tracado_via";"uso_solo";"pessoas";"mortos";"feridos_leves";"feridos_graves";"ilesos";"ignorados";"feridos";"veiculos";"latitude";"longitude";"regional";"delegacia";"uop"
215855;2019-06-15;"sábado";"18:00:00";"PR";376;182;"SARANDI";"Não guardar distância de segurança";"Colisão lateral";"Com Vítimas Feridas";"Plena Noite";"Decrescente";"Céu Claro";"Dupla";"Interseção de Vias";"Sim";2;0;1;0;0;1;1;2;-23,43684112;-51,87880764;"SPRF-PR";"DEL07-PR";"UOP01-DEL09-PR"
215856;2019-06-15;"sábado";"18:07:00";"MG";381;500,3;"BETIM";"Falta de Atenção à Condução";"Colisão lateral";"Com Vítimas Feridas";"Plena Noite";"Decrescente";"Céu Claro";"Simples";"Reta";"Não";3;0;2;0;1;0;2;2;-20,00569338;-44,21430588;"SPRF-MG";"DEL01-MG";"UOP03-DEL01-MG"
215857;2019-06-15;"sábado";"17:50:00";"AL";101;72,4;"MESSIAS";"Desobediência às normas de trânsito pelo condutor";"Colisão lateral";"Com Vítimas Feridas";"Anoitecer";"Crescente";"Chuva";"Dupla";"Reta";"Não";4;0;2;0;2;0;2;2;-9,37909108;-35,83407855;"SPRF-AL";"DEL01-AL";"UOP01-DEL01-AL"
215859;2019-06-15;"sábado";"17:00:00";"RR";174;518;"BOA VISTA";"Falta de Atenção à Condução";"Saída de leito carroçável";"Com Vítimas Feridas";"Pleno dia";"Decrescente";"Nublado";"Simples";"Reta";"Não";2;0;1;0;1;0;1;1;2,921912;-60,712013;"SPRF-RR";"DEL01-RR";"UOP01-DEL01-RR"
215860;2019-06-15;"sábado";"07:20:00";"MG";116;406;"GOVERNADOR VALADARES";"Falta de Atenção à Condução";"Colisão transversal";"Com Vítimas Feridas";"Pleno dia";"Crescente";"Nublado";"Simples";"Interseção de Vias";"Não";2;0;0;1;1;0;1;2;-18,82257365;-41,98602319;"SPRF-MG";"DEL06-MG";"UOP01-DEL06-MG"
215861;2019-06-15;"sábado";"18:05:00";"SC";470;47,6;"BLUMENAU";"Falta de Atenção do Pedestre";"Atropelamento de Pedestre";"Com Vítimas Feridas";"Plena Noite";"Crescente";"Céu Claro";"Simples";"Reta";"Não";3;0;0;1;1;1;1;2;-26,86142383;-49,05203462;"SPRF-SC";"DEL04-SC";"UOP01-DEL04-SC"
215863;2019-06-15;"sábado";"15:30:00";"PB";230;462,7;"SOUSA";"Falta de Atenção à Condução";"Colisão traseira";"Com Vítimas Feridas";"Pleno dia";"Decrescente";"Nublado";"Simples";"Reta";"Sim";2;0;0;1;0;1;1;2;-6,779;-38,233;"SPRF-PB";"DEL03-PB";"UOP03-DEL03-PB"
215864;2019-06-15;"sábado";"18:30:00";"SP";116;213;"GUARULHOS";"Ingestão de Álcool";"Saída de leito carroçável";"Com Vítimas Feridas";"Anoitecer";"Crescente";"Céu Claro";"Múltipla";"Reta";"Sim";1;0;1;0;0;0;1;1;-23,43971486;-46,43667806;"SPRF-SP";"DEL01-SP";"UOP01-DEL01-SP"
215865;2019-06-15;"sábado";"17:30:00";"RJ";101;333;"RIO DE JANEIRO";"Falta de Atenção à Condução";"Colisão traseira";"Com Vítimas Feridas";"Anoitecer";"Crescente";"Céu Claro";"Dupla";"Reta";"Sim";3;0;1;0;2;0;1;2;-22,87827816;-43,21053578;"SPRF-RJ";"DEL02-RJ";"UOP02-DEL02-RJ"
215868;2019-06-15;"sábado";"19:00:00";"MG";459;91;"CONGONHAL";"Ingestão de Álcool";"Colisão traseira";"Com Vítimas Feridas";"Plena Noite";"Crescente";"Céu Claro";"Simples";"Curva";"Não";4;0;2;0;0;2;2;3;-22,165178;-46,004436;"SPRF-MG";"DEL16-MG";"UOP01-DEL09-MG"
215870;2019-06-15;"sábado";"18:40:00";"MG";50;126;"UBERABA";"Falta de Atenção à Condução";"Queda de ocupante de veículo";"Com Vítimas Feridas";"Plena Noite";"Decrescente";"Céu Claro";"Dupla";"Curva";"Não";1;0;1;0;0;0;1;1;-19,35661694;-48,08567397;"SPRF-MG";"DEL13-MG";"UOP01-DEL13-MG"
215871;2019-06-15;"sábado";"14:00:00";"RJ";101;574;"PARATY";"Falta de Atenção à Condução";"Colisão traseira";"Com Vítimas Feridas";"Pleno dia";"Decrescente";"Céu Claro";"Dupla";"Interseção de Vias";"Sim";2;0;1;0;1;0;1;2;-23,21106418;-44,73373262;"SPRF-RJ";"DEL03-RJ";"UOP04-DEL03-RJ"
215872;2019-06-15;"sábado";"18:50:00";"PR";373;238;"GUAMIRANGA";"Ingestão de Álcool";"Saída de leito carroçável";"Sem Vítimas";"Plena Noite";"Crescente";"Céu Claro";"Simples";"Reta;Aclive";"Não";1;0;0;0;1;0;0;1;-25,19023004;-50,73977299;"SPRF-PR";"DEL03-PR";"UOP01-DEL03-PR"
215873;2019-06-15;"sábado";"18:45:00";"RS";285;295;"PASSO FUNDO";"Restrição de Visibilidade";"Colisão com objeto estático";"Sem Vítimas";"Plena Noite";"Crescente";"Céu Claro";"Simples";"Reta";"Sim";1;0;0;0;1;0;0;1;-28,231071;-52,394299;"SPRF-RS";"DEL08-RS";"UOP03-DEL08-RS"
215875;2019-06-15;"sábado";"19:10:00";"PR";369;442,9;"UBIRATA";"Ingestão de Álcool";"Colisão traseira";"Com Vítimas Fatais";"Plena Noite";"Decrescente";"Céu Claro";"Simples";"Reta";"Não";2;1;0;0;1;0;0;2;-24,5236;-52,9404;"SPRF-PR";"DEL04-PR";"UOP03-DEL04-PR"
215876;2019-06-15;"sábado";"18:20:00";"PR";277;4;"PARANAGUA";"Ingestão de Álcool";"Colisão traseira";"Sem Vítimas";"Plena Noite";"Crescente";"Céu Claro";"Dupla";"Reta";"Sim";2;0;0;0;2;0;0;2;-25,54578376;-48,54286112;"SPRF-PR";"DEL01-PR";"UOP05-DEL01-PR"
215877;2019-06-15;"sábado";"17:25:00";"SC";282;660;"SAO MIGUEL DO OESTE";"Velocidade Incompatível";"Saída de leito carroçável";"Sem Vítimas";"Pleno dia";"Decrescente";"Céu Claro";"Simples";"Reta";"Não";1;0;0;0;0;1;0;1;-26,675064;-53,566074;"SPRF-SC";"DEL07-SC";"UOP03-DEL07-SC"
215878;2019-06-15;"sábado";"06:00:00";"PR";369;150,1;"LONDRINA";"Ingestão de Álcool";"Colisão transversal";"Sem Vítimas";"Amanhecer";"Decrescente";"Céu Claro";"Dupla";"Reta";"Sim";2;0;0;0;2;0;0;2;-23,29288959;-51,16282046;"SPRF-PR";"DEL07-PR";"UOP01-DEL07-PR"
215879;2019-06-15;"sábado";"19:30:00";"ES";101;358,2;"ANCHIETA";"Falta de Atenção à Condução";"Capotamento";"Sem Vítimas";"Plena Noite";"Crescente";"Céu Claro";"Simples";"Reta";"Não";1;0;0;0;0;1;0;1;-20,691717;-40,704254;"SPRF-ES";"DEL03-ES";"UOP01-DEL03-ES"
215880;2019-06-15;"sábado";"16:10:00";"SC";280;18;"SAO FRANCISCO DO SUL";"Falta de Atenção à Condução";"Tombamento";"Com Vítimas Feridas";"Pleno dia";"Crescente";"Céu Claro";"Simples";"Reta";"Não";1;0;1;0;0;0;1;1;-26,36432495;-48,66444809;"SPRF-SC";"DEL03-SC";"UOP03-DEL03-SC"
215881;2019-06-15;"sábado";"19:20:00";"RS";392;52;"RIO GRANDE";"Animais na Pista";"Atropelamento de Animal";"Com Vítimas Feridas";"Plena Noite";"Crescente";"Céu Claro";"Dupla";"Reta";"Não";5;0;3;2;0;0;5;2;-31,85621898;-52,32534987;"SPRF-RS";"DEL07-RS";"UOP02-DEL07-RS"
215882;2019-06-15;"sábado";"14:50:00";"SC";280;4,5;"SAO FRANCISCO DO SUL";"Falta de Atenção à Condução";"Colisão frontal";"Com Vítimas Feridas";"Pleno dia";"Crescente";"Céu Claro";"Simples";"Reta";"Não";2;0;1;0;1;0;1;2;-26,25329566;-48,61916042;"SPRF-SC";"DEL03-SC";"UOP03-DEL03-SC"
215883;2019-04-21;"domingo";"19:30:00";"SC";101;215,5;"PALHOCA";"Desobediência às normas de trânsito pelo condutor";"Colisão transversal";"Com Vítimas Feridas";"Plena Noite";"Decrescente";"Céu Claro";"Dupla";"Interseção de Vias";"Sim";4;0;2;0;0;2;2;3;-27,65184843;-48,67604941;"SPRF-SC";"DEL01-SC";"UOP02-DEL01-SC"
215884;2019-06-15;"sábado";"19:00:00";"PR";116;115;"CURITIBA";"Não guardar distância de segurança";"Colisão traseira";"Com Vítimas Feridas";"Plena Noite";"Crescente";"Céu Claro";"Dupla";"Reta";"Sim";2;0;1;0;1;0;1;2;-25,55953326;-49,26560414;"SPRF-PR";"DEL01-PR";"UOP06-DEL01-PR"
215885;2019-06-15;"sábado";"18:45:00";"CE";222;61,9;"SAO GONCALO DO AMARANTE";"Falta de Atenção à Condução";"Colisão traseira";"Com Vítimas Feridas";"Plena Noite";"Crescente";"Céu Claro";"Simples";"Reta";"Não";2;0;1;0;0;1;1;2;-3,67114761;-39,08954297;"SPRF-CE";"DEL01-CE";"UOP03-DEL01-CE"
215886;2019-06-15;"sábado";"19:40:00";"RS";116;246,5;"SAO LEOPOLDO";"Falta de Atenção à Condução";"Colisão traseira";"Com Vítimas Feridas";"Plena Noite";"Crescente";"Céu Claro";"Múltipla";"Reta";"Não";3;0;1;0;2;0;1;2;-29,758751;-51,15186806;"SPRF-RS";"DEL01-RS";"UOP02-DEL01-RS"
215887;2019-06-15;"sábado";"19:55:00";"PR";376;4,7;"MANDAGUARI";"Desobediência às normas de trânsito pelo condutor";"Colisão frontal";"Com Vítimas Feridas";"Plena Noite";"Crescente";"Céu Claro";"Simples";"Interseção de Vias";"Sim";2;0;0;1;1;0;1;2;-23,52330657;-51,67859316;"SPRF-PR";"DEL07-PR";"UOP01-DEL09-PR"
215888;2019-06-15;"sábado";"19:00:00";"MG";381;929,1;"ITAPEVA";"Velocidade Incompatível";"Colisão com objeto estático";"Com Vítimas Feridas";"Plena Noite";"Decrescente";"Céu Claro";"Dupla";"Curva";"Sim";1;0;1;0;0;0;1;1;-22,79911462;-46,26123692;"SPRF-MG";"DEL16-MG";"UOP03-DEL16-MG"
215889;2019-06-15;"sábado";"19:10:00";"PA";316;70;"CASTANHAL";"Não guardar distância de segurança";"Queda de ocupante de veículo";"Com Vítimas Feridas";"Plena Noite";"Crescente";"Garoa/Chuvisco";"Dupla";"Reta";"Sim";1;0;1;0;0;0;1;1;-1,29157829;-47,86624498;"SPRF-PA";"DEL01-PA";"UOP01-DEL01-PA"
215890;2019-06-15;"sábado";"18:30:00";"SC";101;114,8;"ITAJAI";"Defeito Mecânico no Veículo";"Tombamento";"Com Vítimas Feridas";"Plena Noite";"Crescente";"Céu Claro";"Dupla";"Reta";"Sim";2;0;2;0;0;0;2;1;-26,86192886;-48,7286704;"SPRF-SC";"DEL04-SC";"UOP04-DEL04-SC"
215891;2019-06-15;"sábado";"19:00:00";"RS";287;385;"SANTIAGO";"Animais na Pista";"Atropelamento de Animal";"Sem Vítimas";"Plena Noite";"Decrescente";"Céu Claro";"Simples";"Declive";"Não";1;0;0;0;1;0;0;1;-29,27152595;-54,80106096;"SPRF-RS";"DEL12-RS";"UOP02-DEL12-RS"
215892;2019-06-15;"sábado";"18:55:00";"PE";116;39;"SALGUEIRO";"Animais na Pista";"Atropelamento de Animal";"Com Vítimas Feridas";"Plena Noite";"Crescente";"Céu Claro";"Simples";"Reta";"Não";2;0;1;1;0;0;2;1;-8,179874;-39,102428;"SPRF-PE";"DEL05-PE";"UOP01-DEL05-PE"
215895;2019-06-15;"sábado";"19:15:00";"RS";290;178;"BUTIA";"Falta de Atenção à Condução";"Colisão transversal";"Com Vítimas Feridas";"Plena Noite";"Crescente";"Nublado";"Simples";"Aclive";"Não";5;0;3;2;0;0;5;2;-30,134542;-51,992455;"SPRF-RS";"DEL02-RS";"UOP02-DEL02-RS"
215896;2019-06-15;"sábado";"20:00:00";"SC";280;53,4;"GUARAMIRIM";"Falta de Atenção à Condução";"Colisão traseira";"Com Vítimas Feridas";"Plena Noite";"Crescente";"Nevoeiro/Neblina";"Simples";"Reta";"Sim";3;0;1;0;2;0;1;2;-26,47236756;-48,97426617;"SPRF-SC";"DEL03-SC";"UOP03-DEL03-SC"
215897;2019-06-15;"sábado";"20:00:00";"MG";381;518;"BRUMADINHO";"Ingestão de Álcool";"Tombamento";"Com Vítimas Feridas";"Plena Noite";"Crescente";"Céu Claro";"Dupla";"Reta";"Não";2;0;2;0;0;0;2;1;-20,12065395;-44,30242562;"SPRF-MG";"DEL01-MG";"UOP03-DEL01-MG"
215898;2019-06-15;"sábado";"18:50:00";"PB";230;136;"CAMPINA GRANDE";"Velocidade Incompatível";"Saída de leito carroçável";"Com Vítimas Feridas";"Plena Noite";"Crescente";"Chuva";"Dupla";"Reta";"Não";2;0;2;0;0;0;2;1;-7,2818;-35,7675;"SPRF-PB";"DEL02-PB";"UOP01-DEL02-PB"
215900;2019-06-15;"sábado";"18:35:00";"RO";435;103;"COLORADO DO OESTE";"Ingestão de Álcool";"Colisão frontal";"Com Vítimas Feridas";"Plena Noite";"Decrescente";"Céu Claro";"Simples";"Reta";"Não";2;0;0;1;1;0;1;2;-13,19151945;-60,63472197;"SPRF-RO";"DEL04-RO";"UOP02-DEL04-RO"
215902;2019-06-15;"sábado";"20:15:00";"RS";285;118,5;"VACARIA";"Falta de Atenção à Condução";"Colisão lateral";"Com Vítimas Feridas";"Plena Noite";"Crescente";"Céu Claro";"Simples";"Reta";"Sim";3;0;2;0;0;1;2;2;-28,508183;-50,912724;"SPRF-RS";"DEL05-RS";"UOP03-DEL05-RS"
215903;2019-06-15;"sábado";"23:00:00";"RJ";101;282;"ITABORAI";"Ingestão de Álcool";"Colisão frontal";"Com Vítimas Feridas";"Plena Noite";"Decrescente";"Céu Claro";"Simples";"Curva";"Não";3;0;1;1;1;0;2;2;-22,7371391;-42,79664601;"SPRF-RJ";"DEL02-RJ";"UOP03-DEL02-RJ"
215904;2019-06-15;"sábado";"20:30:00";"CE";20;416;"MARACANAU";"Restrição de Visibilidade";"Saída de leito carroçável";"Sem Vítimas";"Plena Noite";"Crescente";"Chuva";"Dupla";"Reta";"Não";1;0;0;0;0;1;0;1;-3,76999035;-38,67006282;"SPRF-CE";"DEL01-CE";"UOP02-DEL01-CE"
215905;2019-06-15;"sábado";"19:50:00";"MA";135;17;"SAO LUIS";"Ultrapassagem Indevida";"Colisão traseira";"Sem Vítimas";"Plena Noite";"Decrescente";"Nublado";"Simples";"Curva";"Não";4;0;0;0;4;0;0;4;-2,55377059;-44,35038428;"SPRF-MA";"DEL01-MA";"UOP01-DEL01-MA"
215906;2019-06-15;"sábado";"17:30:00";"RJ";116;274,5;"BARRA MANSA";"Desobediência às normas de trânsito pelo condutor";"Colisão lateral";"Com Vítimas Feridas";"Anoitecer";"Decrescente";"Céu Claro";"Dupla";"Aclive;Retorno Regulamentado";"Sim";2;0;1;0;1;0;1;2;-22,56100209;-44,15185064;"SPRF-RJ";"DEL07-RJ";"UOP02-DEL07-RJ"
215908;2019-06-15;"sábado";"18:55:00";"MT";174;288;"PONTES E LACERDA";"Falta de Atenção à Condução";"Colisão com objeto estático";"Com Vítimas Feridas";"Plena Noite";"Crescente";"Céu Claro";"Simples";"Reta";"Sim";1;0;1;0;0;0;1;1;-15,23378885;-59,31756535;"SPRF-MT";"DEL04-MT";"UOP01-DEL04-MT"
215909;2019-06-15;"sábado";"21:35:00";"GO";40;8;"VALPARAISO DE GOIAS";"Desobediência às normas de trânsito pelo condutor";"Colisão traseira";"Com Vítimas Feridas";"Plena Noite";"Decrescente";"Céu Claro";"Dupla";"Reta";"Sim";6;0;1;2;3;0;3;2;-16,100814;-47,977351;"SPRF-DF";"DEL01-DF";"UOP01-DEL01-DF"
215912;2019-06-15;"sábado";"19:20:00";"PR";277;511,9;"GUARANIACU";"Ultrapassagem Indevida";"Colisão frontal";"Com Vítimas Feridas";"Plena Noite";"Decrescente";"Céu Claro";"Simples";"Reta;Aclive";"Não";2;0;2;0;0;0;2;2;-25,12170846;-52,76593808;"SPRF-PR";"DEL04-PR";"UOP04-DEL04-PR"
215913;2019-06-15;"sábado";"21:50:00";"SP";116;223;"GUARULHOS";"Ingestão de Álcool";"Colisão com objeto estático";"Com Vítimas Feridas";"Plena Noite";"Decrescente";"Nublado";"Múltipla";"Reta";"Sim";1;0;1;0;0;0;1;1;-23,47093408;-46,51631097;"SPRF-SP";"DEL01-SP";"UOP01-DEL01-SP"
215914;2019-06-15;"sábado";"19:30:00";"MG";116;762;"LEOPOLDINA";"Falta de Atenção à Condução";"Colisão transversal";"Com Vítimas Feridas";"Plena Noite";"Decrescente";"Nublado";"Simples";"Curva;Interseção de Vias";"Sim";2;0;1;0;1;0;1;2;-21,52887723;-42,62360898;"SPRF-MG";"DEL07-MG";"UOP01-DEL07-MG"
215915;2019-06-15;"sábado";"20:55:00";"CE";116;16;"EUSEBIO";"Falta de Atenção à Condução";"Queda de ocupante de veículo";"Com Vítimas Feridas";"Plena Noite";"Crescente";"Chuva";"Dupla";"Reta";"Sim";2;0;0;2;0;0;2;1;-3,88732794;-38,50185439;"SPRF-CE";"DEL01-CE";"UOP02-DEL01-CE"
215916;2019-06-15;"sábado";"21:20:00";"PI";343;588,8;"FLORIANO";"Ingestão de Álcool";"Colisão traseira";"Com Vítimas Feridas";"Plena Noite";"Crescente";"Céu Claro";"Simples";"Reta";"Não";2;0;1;0;1;0;1;2;-6,780452;-43,002651;"SPRF-PI";"DEL03-PI";"UOP01-DEL03-PI"
215917;2019-06-15;"sábado";"21:40:00";"MG";365;166,9;"BURITIZEIRO";"Desobediência às normas de trânsito pelo condutor";"Colisão frontal";"Com Vítimas Feridas";"Plena Noite";"Crescente";"Céu Claro";"Simples";"Reta";"Sim";5;0;3;0;2;0;3;2;-17,38199719;-44,97027099;"SPRF-MG";"DEL12-MG";"UOP01-DEL12-MG"
215919;2019-06-15;"sábado";"23:00:00";"RS";392;350;"SANTA MARIA";"Falta de Atenção à Condução";"Colisão transversal";"Sem Vítimas";"Plena Noite";"Decrescente";"Céu Claro";"Simples";"Reta";"Sim";5;0;0;0;5;0;0;2;-29,74006199;-53,79524411;"SPRF-RS";"DEL09-RS";"UOP01-DEL09-RS"
215920;2019-06-15;"sábado";"19:50:00";"AC";364;136;"RIO BRANCO";"Falta de Atenção à Condução";"Colisão traseira";"Com Vítimas Feridas";"Plena Noite";"Crescente";"Céu Claro";"Dupla";"Reta";"Sim";2;0;1;0;1;0;1;1;-9,977578;-67,8489;"SPRF-AC";"DEL01-AC";"UOP01-DEL01-AC"
215922;2019-06-15;"sábado";"23:00:00";"RJ";101;271;"RIO BONITO";"Falta de Atenção do Pedestre";"Atropelamento de Pedestre";"Com Vítimas Fatais";"Plena Noite";"Decrescente";"Céu Claro";"Dupla";"Reta";"Não";2;1;0;0;0;1;0;2;-22,72443147;-42,69368143;"SPRF-RJ";"DEL02-RJ";"UOP03-DEL02-RJ"
215924;2019-06-15;"sábado";"20:45:00";"RO";319;59;"PORTO VELHO";"Ingestão de Álcool";"Colisão traseira";"Com Vítimas Feridas";"Plena Noite";"Crescente";"Céu Claro";"Dupla";"Reta";"Sim";2;0;1;0;1;0;1;2;-8,766685;-63,884052;"SPRF-RO";"DEL01-RO";"UOP01-DEL01-RO"
215926;2019-06-15;"sábado";"23:30:00";"SC";101;188;"BIGUACU";"Ingestão de Álcool";"Saída de leito carroçável";"Sem Vítimas";"Plena Noite";"Decrescente";"Nevoeiro/Neblina";"Dupla";"Reta";"Sim";1;0;0;0;1;0;0;1;-27,45123421;-48,63370766;"SPRF-SC";"DEL01-SC";"UOP01-DEL01-SC"
215927;2019-06-15;"sábado";"23:55:00";"PR";376;165;"MARINGA";"Falta de Atenção à Condução";"Saída de leito carroçável";"Com Vítimas Feridas";"Plena Noite";"Crescente";"Céu Claro";"Dupla";"Reta";"Não";2;0;2;0;0;0;2;1;-23,39038641;-52,01421918;"SPRF-PR";"DEL07-PR";"UOP01-DEL09-PR"
215928;2019-06-15;"sábado";"21:10:00";"SC";116;164;"PONTE ALTA DO NORTE";"Desobediência às normas de trânsito pelo condutor";"Colisão lateral";"Com Vítimas Feridas";"Plena Noite";"Decrescente";"Nublado";"Simples";"Reta";"Não";2;0;1;0;1;0;1;2;-27,14325097;-50,46036547;"SPRF-SC";"DEL05-SC";"UOP03-DEL05-SC"
215929;2019-06-15;"sábado";"22:35:00";"PR";277;602,4;"CASCAVEL";"Ingestão de Álcool";"Colisão transversal";"Sem Vítimas";"Plena Noite";"Crescente";"Céu Claro";"Múltipla";"Declive";"Sim";4;0;0;0;4;0;0;2;-25,00282;-53,523851;"SPRF-PR";"DEL05-PR";"UOP02-DEL05-PR"
215930;2019-06-15;"sábado";"22:30:00";"BA";324;530;"FEIRA DE SANTANA";"Pista Escorregadia";"Colisão frontal";"Com Vítimas Feridas";"Plena Noite";"Crescente";"Chuva";"Dupla";"Curva";"Sim";3;0;1;0;2;0;1;2;-12,32818491;-38,86174193;"SPRF-BA";"DEL01-BA";"UOP01-DEL01-BA"
215932;2019-06-15;"sábado";"22:45:00";"PR";376;266,3;"MARILANDIA DO SUL";"Falta de Atenção à Condução";"Saída de leito carroçável";"Com Vítimas Feridas";"Plena Noite";"Crescente";"Céu Claro";"Simples";"Reta";"Não";1;0;1;0;0;0;1;1;-23,73390825;-51,28327917;"SPRF-PR";"DEL07-PR";"UOP03-DEL07-PR"
215933;2019-06-15;"sábado";"23:25:00";"MG";40;799;"JUIZ DE FORA";"Falta de Atenção à Condução";"Queda de ocupante de veículo";"Com Vítimas Feridas";"Plena Noite";"Crescente";"Céu Claro";"Simples";"Túnel";"Não";2;0;1;0;0;1;1;1;-21,82857001;-43,37364401;"SPRF-MG";"DEL05-MG";"UOP01-DEL05-MG"
215935;2019-06-16;"domingo";"00:15:00";"ES";262;6,5;"CARIACICA";"Falta de Atenção à Condução";"Colisão transversal";"Sem Vítimas";"Plena Noite";"Crescente";"Céu Claro";"Dupla";"Interseção de Vias";"Não";2;0;0;0;2;0;0;2;-20,34007493;-40,39451305;"SPRF-ES";"DEL01-ES";"UOP01-DEL01-ES"
215936;2019-06-15;"sábado";"22:50:00";"SC";470;3;"NAVEGANTES";"Desobediência às normas de trânsito pelo condutor";"Atropelamento de Pedestre";"Com Vítimas Feridas";"Plena Noite";"Crescente";"Céu Claro";"Simples";"Reta";"Sim";2;0;1;1;0;0;2;2;-26,861937;-48,681618;"SPRF-SC";"DEL04-SC";"UOP04-DEL04-SC"
215937;2019-06-16;"domingo";"00:30:00";"SC";101;187,5;"BIGUACU";"Falta de Atenção à Condução";"Queda de ocupante de veículo";"Com Vítimas Feridas";"Plena Noite";"Decrescente";"Nevoeiro/Neblina";"Dupla";"Em Obras";"Sim";1;0;1;0;0;0;1;1;-27,44307116;-48,62848475;"SPRF-SC";"DEL01-SC";"UOP01-DEL01-SC"
215939;2019-06-15;"sábado";"23:35:00";"MT";163;686;"LUCAS DO RIO VERDE";"Ingestão de Álcool";"Saída de leito carroçável";"Com Vítimas Feridas";"Plena Noite";"Crescente";"Céu Claro";"Simples";"Curva";"Sim";1;0;0;1;0;0;1;1;-13,08478707;-55,94148159;"SPRF-MT";"DEL06-MT";"UOP01-DEL06-MT"
215940;2019-06-16;"domingo";"00:40:00";"PR";369;155;"LONDRINA";"Ingestão de Álcool";"Colisão traseira";"Sem Vítimas";"Plena Noite";"Crescente";"Céu Claro";"Múltipla";"Rotatória";"Sim";2;0;0;0;2;0;0;2;-23,29550176;-51,20850558;"SPRF-PR";"DEL07-PR";"UOP01-DEL07-PR"
215941;2019-06-16;"domingo";"00:15:00";"SC";101;76,7;"ARAQUARI";"Ingestão de Álcool";"Colisão com objeto estático";"Com Vítimas Feridas";"Plena Noite";"Decrescente";"Nublado";"Dupla";"Reta";"Não";1;0;1;0;0;0;1;1;-26,55954801;-48,72063404;"SPRF-SC";"DEL03-SC";"UOP02-DEL03-SC"
215942;2019-06-16;"domingo";"00:30:00";"PR";369;184,4;"ARAPONGAS";"Falta de Atenção à Condução";"Colisão com objeto estático";"Com Vítimas Feridas";"Plena Noite";"Decrescente";"Céu Claro";"Dupla";"Reta";"Sim";2;0;1;1;0;0;2;1;-23,40219382;-51,42781734;"SPRF-PR";"DEL07-PR";"UOP03-DEL07-PR"
215946;2019-06-16;"domingo";"00:30:00";"PR";376;633;"TIJUCAS DO SUL";"Objeto estático sobre o leito carroçável";"Colisão traseira";"Com Vítimas Feridas";"Plena Noite";"Decrescente";"Céu Claro";"Dupla";"Reta";"Sim";2;0;1;0;1;0;1;2;-25,72171791;-49,13663976;"SPRF-PR";"DEL01-PR";"UOP04-DEL01-PR"
215948;2019-06-16;"domingo";"02:00:00";"AL";104;34;"UNIAO DOS PALMARES";"Fenômenos da Natureza";"Atropelamento de Pedestre";"Com Vítimas Fatais";"Plena Noite";"Crescente";"Chuva";"Simples";"Reta";"Sim";2;1;0;0;1;0;0;2;-9,15381;-36,01296413;"SPRF-AL";"DEL01-AL";"UOP02-DEL01-AL"
215949;2019-06-15;"sábado";"13:45:00";"BA";330;867,9;"UBATA";"Ingestão de Álcool";"Colisão lateral";"Com Vítimas Feridas";"Pleno dia";"Crescente";"Céu Claro";"Simples";"Reta";"Sim";2;0;0;1;1;0;1;2;-14,20915218;-39,5259841;"SPRF-BA";"DEL05-BA";"UOP01-DEL05-BA"
215953;2019-06-16;"domingo";"02:30:00";"PR";476;139;"CURITIBA";"Falta de Atenção à Condução";"Colisão traseira";"Com Vítimas Feridas";"Plena Noite";"Decrescente";"Céu Claro";"Múltipla";"Declive";"Sim";4;0;2;0;2;0;2;2;-25,51284;-49,289257;"SPRF-PR";"DEL01-PR";"UOP03-DEL01-PR"
215954;2019-06-16;"domingo";"03:02:00";"DF";20;18;"BRASILIA";"Ingestão de Álcool";"Colisão traseira";"Com Vítimas Feridas";"Pleno dia";"Crescente";"Céu Claro";"Simples";"Reta";"Sim";2;0;1;0;1;0;1;2;-15,616901;-47,708927;"SPRF-DF";"DEL02-DF";"UOP01-DEL02-DF"
215955;2019-06-16;"domingo";"03:00:00";"SC";280;0,8;"SAO FRANCISCO DO SUL";"Ingestão de Álcool";"Saída de leito carroçável";"Com Vítimas Feridas";"Plena Noite";"Crescente";"Nevoeiro/Neblina";"Simples";"Curva";"Não";3;0;1;0;2;0;1;1;-26,23545687;-48,62076759;"SPRF-SC";"DEL03-SC";"UOP03-DEL03-SC"
215957;2019-06-16;"domingo";"02:14:00";"SC";101;41,8;"JOINVILLE";"Velocidade Incompatível";"Colisão com objeto estático";"Com Vítimas Feridas";"Plena Noite";"Crescente";"Céu Claro";"Dupla";"Reta";"Sim";2;0;1;0;1;0;1;1;-26,28215489;-48,88973081;"SPRF-SC";"DEL03-SC";"UOP01-DEL03-SC"
215959;2019-06-16;"domingo";"03:28:00";"MG";381;623,5;"OLIVEIRA";"Condutor Dormindo";"Saída de leito carroçável";"Com Vítimas Feridas";"Plena Noite";"Decrescente";"Nublado";"Dupla";"Declive;Reta";"Não";2;0;2;0;0;0;2;1;-20,810773;-44,79200004;"SPRF-MG";"DEL04-MG";"UOP01-DEL04-MG"
215960;2019-06-16;"domingo";"03:50:00";"MG";381;539,6;"ITATIAIUCU";"Condutor Dormindo";"Saída de leito carroçável";"Com Vítimas Feridas";"Plena Noite";"Decrescente";"Nublado";"Dupla";"Curva;Declive";"Não";4;0;2;0;2;0;2;1;-20,242548;-44,41251621;"SPRF-MG";"DEL04-MG";"UOP03-DEL04-MG"