"id";"data_inversa";"dia_semana";"horario";"uf";"br";"km";"municipio";"causa_acidente";"tipo_acidente";"classificacao_acidente";"fase_dia";"sentido_via";"condicao_metereologica";"tipo_pista";"tracado_via";"uso_solo";"pessoas";"mortos";"feridos_leves";"feridos_graves";"ilesos";"ignorados";"feridos";"veiculos";"latitude";"longitude";"regional";"delegacia";"uop"
216176;2019-06-16;"domingo";"18:10:00";"MG";116;396,4;"GOVERNADOR VALADARES";"Não guardar distância de segurança";"Colisão traseira";"Com Vítimas Feridas";"Anoitecer";"Crescente";"Nublado";"Simples";"Curva";"Não";3;0;2;0;1;0;2;2;-18,74773492;-41,98373226;"SPRF-MG";"DEL06-MG";"UOP01-DEL06-MG"
216177;2019-06-16;"domingo";"21:30:00";"ES";101;265,3;"SERRA";"Pista Escorregadia";"Capotamento";"Com Vítimas Feridas";"Plena Noite";"Decrescente";"Chuva";"Dupla";"Reta";"Sim";5;0;5;0;0;0;5;1;-20,1816849;-40,26536036;"SPRF-ES";"DEL02-ES";"UOP01-DEL02-ES"
216178;2019-06-16;"domingo";"18:25:00";"PR";369;181;"ARAPONGAS";"Falta de Atenção à Condução";"Colisão lateral";"Com Vítimas Feridas";"Plena Noite";"Crescente";"Céu Claro";"Dupla";"Reta";"Não";3;0;1;0;2;0;1;2;-23,37598044;-51,41498566;"SPRF-PR";"DEL07-PR";"UOP03-DEL07-PR"
216179;2019-06-16;"domingo";"21:25:00";"ES";101;300,5;"VIANA";"Desobediência às normas de trânsito pelo condutor";"Colisão lateral";"Com Vítimas Feridas";"Plena Noite";"Crescente";"Céu Claro";"Simples";"Interseção de Vias";"Sim";2;0;1;0;1;0;1;2;-20,36156463;-40,43593347;"SPRF-ES";"DEL01-ES";"UOP01-DEL01-ES"
216182;2019-06-16;"domingo";"19:40:00";"RS";471;154;"SANTA CRUZ DO SUL";"Falta de Atenção à Condução";"Colisão lateral";"Com Vítimas Feridas";"Plena Noite";"Decrescente";"Céu Claro";"Simples";"Reta";"Não";2;0;1;0;1;0;1;2;-29,852266;-52,392956;"SPRF-RS";"DEL02-RS";"UOP02-DEL02-RS"
216183;2019-06-16;"domingo";"18:30:00";"MA";222;214;"ITAPECURU MIRIM";"Defeito na Via";"Capotamento";"Com Vítimas Feridas";"Anoitecer";"Decrescente";"Céu Claro";"Simples";"Curva";"Sim";1;0;0;1;0;0;1;1;-3,35901801;-44,40597902;"SPRF-MA";"DEL01-MA";"UOP02-DEL01-MA"
216184;2019-06-16;"domingo";"21:45:00";"RJ";116;181,7;"NOVA IGUACU";"Não guardar distância de segurança";"Colisão traseira";"Sem Vítimas";"Plena Noite";"Decrescente";"Céu Claro";"Dupla";"Reta";"Sim";2;0;0;0;2;0;0;2;-22,761312;-43,423492;"SPRF-RJ";"DEL01-RJ";"UOP02-DEL01-RJ"
216186;2019-06-16;"domingo";"21:50:00";"SC";282;22,7;"PALHOCA";"Falta de Atenção à Condução";"Queda de ocupante de veículo";"Com Vítimas Feridas";"Pleno dia";"Crescente";"Céu Claro";"Múltipla";"Reta";"Não";1;0;0;1;0;0;1;1;-27,688507;-48,72739;"SPRF-SC";"DEL01-SC";"UOP02-DEL01-SC"
216187;2019-06-16;"domingo";"18:20:00";"MA";402;105;"HUMBERTO DE CAMPOS";"Defeito na Via";"Capotamento";"Com Vítimas Feridas";"Anoitecer";"Decrescente";"Ignorado";"Simples";"Reta";"Não";5;0;5;0;0;0;5;1;-2,72850375;-43,52546553;"SPRF-MA";"DEL01-MA";"UOP01-DEL01-MA"
216188;2019-06-16;"domingo";"21:20:00";"SC";101;49;"JOINVILLE";"Ingestão de Álcool";"Colisão com objeto estático";"Com Vítimas Feridas";"Plena Noite";"Crescente";"Céu Claro";"Dupla";"Reta";"Não";3;0;2;0;1;0;2;2;-26,36479799;-48,85878798;"SPRF-SC";"DEL03-SC";"UOP01-DEL03-SC"
216189;2019-06-16;"domingo";"21:00:00";"GO";80;5,3;"PADRE BERNARDO";"Defeito Mecânico no Veículo";"Colisão traseira";"Com Vítimas Feridas";"Plena Noite";"Decrescente";"Céu Claro";"Simples";"Em Obras;Reta";"Não";4;0;2;0;2;0;2;2;-15,487851;-48,231476;"SPRF-DF";"DEL01-DF";"UOP02-DEL03-DF"
216190;2019-06-16;"domingo";"22:50:00";"RN";101;94;"NATAL";"Desobediência às normas de trânsito pelo condutor";"Colisão lateral";"Com Vítimas Feridas";"Plena Noite";"Crescente";"Garoa/Chuvisco";"Dupla";"Reta";"Sim";2;0;1;0;1;0;1;2;-5,83176615;-35,21191342;"SPRF-RN";"DEL01-RN";"UOP01-DEL01-RN"
216191;2019-06-16;"domingo";"23:05:00";"SE";235;4,6;"NOSSA SENHORA DO SOCORRO";"Falta de Atenção à Condução";"Colisão traseira";"Com Vítimas Feridas";"Plena Noite";"Crescente";"Céu Claro";"Dupla";"Reta";"Sim";2;0;1;0;0;1;1;2;-10,9064;-37,1197;"SPRF-SE";"DEL01-SE";"UOP01-DEL01-SE"
216192;2019-06-16;"domingo";"22:00:00";"SC";282;103,7;"ALFREDO WAGNER";"Desobediência às normas de trânsito pelo condutor";"Colisão lateral";"Com Vítimas Feridas";"Plena Noite";"Decrescente";"Nublado";"Simples";"Reta";"Não";4;0;2;0;2;0;2;2;-27,694868;-49,324345;"SPRF-SC";"DEL01-SC";"UOP03-DEL01-SC"
216193;2019-06-16;"domingo";"23:00:00";"PR";277;708,9;"SANTA TEREZINHA DE ITAIPU";"Ingestão de Álcool";"Colisão com objeto estático";"Com Vítimas Feridas";"Plena Noite";"Crescente";"Céu Claro";"Dupla";"Reta";"Sim";1;0;1;0;0;0;1;1;-25,44290885;-54,39565306;"SPRF-PR";"DEL05-PR";"UOP01-DEL05-PR"
216194;2019-06-16;"domingo";"18:20:00";"SC";282;469,8;"PONTE SERRADA";"Falta de Atenção à Condução";"Saída de leito carroçável";"Com Vítimas Feridas";"Anoitecer";"Crescente";"Céu Claro";"Simples";"Reta";"Não";5;0;3;2;0;0;5;1;-26,857796;-52,113468;"SPRF-SC";"DEL07-SC";"UOP01-DEL07-SC"
216195;2019-06-16;"domingo";"22:45:00";"PR";369;165,5;"CAMBE";"Ingestão de Álcool";"Colisão lateral";"Sem Vítimas";"Plena Noite";"Decrescente";"Céu Claro";"Dupla";"Reta";"Não";4;0;0;0;4;0;0;2;-23,29541722;-51,30056262;"SPRF-PR";"DEL07-PR";"UOP01-DEL07-PR"
216196;2019-06-16;"domingo";"23:20:00";"SC";101;218,5;"PALHOCA";"Falta de Atenção à Condução";"Tombamento";"Com Vítimas Feridas";"Plena Noite";"Decrescente";"Céu Claro";"Dupla";"Reta";"Não";2;0;1;0;1;0;1;2;-27,67959176;-48,66863966;"SPRF-SC";"DEL01-SC";"UOP02-DEL01-SC"
216197;2019-06-16;"domingo";"19:50:00";"PI";135;41;"JERUMENHA";"Falta de Atenção à Condução";"Colisão transversal";"Com Vítimas Feridas";"Plena Noite";"Decrescente";"Céu Claro";"Simples";"Reta";"Sim";2;0;0;1;1;0;1;2;-7,09029178;-43,51112154;"SPRF-PI";"DEL03-PI";"UOP01-DEL03-PI"
216198;2019-06-16;"domingo";"20:50:00";"RJ";116;77,1;"TERESOPOLIS";"Falta de Atenção à Condução";"Colisão com objeto estático";"Com Vítimas Feridas";"Plena Noite";"Crescente";"Céu Claro";"Múltipla";"Rotatória;Interseção de Vias";"Sim";1;0;1;0;0;0;1;1;-22,3473906;-42,9319561;"SPRF-RJ";"DEL04-RJ";"UOP01-DEL04-RJ"
216199;2019-06-16;"domingo";"22:35:00";"SC";282;217,7;"LAGES";"Velocidade Incompatível";"Colisão lateral";"Com Vítimas Feridas";"Plena Noite";"Decrescente";"Céu Claro";"Dupla";"Reta";"Sim";3;0;1;0;2;0;1;2;-27,7979566;-50,3009245;"SPRF-SC";"DEL05-SC";"UOP01-DEL05-SC"
216201;2019-06-16;"domingo";"23:50:00";"PR";467;107,4;"CASCAVEL";"Velocidade Incompatível";"Saída de leito carroçável";"Com Vítimas Feridas";"Plena Noite";"Crescente";"Ignorado";"Dupla";"Curva";"Não";1;0;1;0;0;0;1;1;-24,9209;-53,4764;"SPRF-PR";"DEL04-PR";"UOP01-DEL04-PR"
216202;2019-06-16;"domingo";"10:10:00";"SC";280;233,4;"CANOINHAS";"Falta de Atenção à Condução";"Colisão com objeto estático";"Sem Vítimas";"Pleno dia";"Decrescente";"Céu Claro";"Simples";"Reta";"Não";1;0;0;0;1;0;0;1;-26,19146187;-50,39215;"SPRF-SC";"DEL06-SC";"UOP04-DEL06-SC"
216203;2019-06-16;"domingo";"21:50:00";"MT";70;731;"CACERES";"Falta de Atenção à Condução";"Colisão traseira";"Com Vítimas Feridas";"Plena Noite";"Crescente";"Céu Claro";"Simples";"Interseção de Vias";"Sim";4;0;1;1;2;0;2;3;-16,09649514;-57,67855257;"SPRF-MT";"DEL03-MT";"UOP01-DEL03-MT"
216204;2019-06-16;"domingo";"18:20:00";"SC";280;233,5;"CANOINHAS";"Desobediência às normas de trânsito pelo condutor";"Colisão frontal";"Com Vítimas Feridas";"Pleno dia";"Crescente";"Céu Claro";"Simples";"Reta";"Sim";5;0;4;0;1;0;4;3;-26,19146187;-50,39215;"SPRF-SC";"DEL06-SC";"UOP04-DEL06-SC"
216206;2019-06-16;"domingo";"20:30:00";"SC";280;234,3;"CANOINHAS";"Falta de Atenção à Condução";"Colisão frontal";"Sem Vítimas";"Plena Noite";"Crescente";"Céu Claro";"Simples";"Reta";"Sim";2;0;0;0;2;0;0;2;-26,19130591;-50,40255601;"SPRF-SC";"DEL06-SC";"UOP04-DEL06-SC"
216207;2019-06-17;"segunda-feira";"00:05:00";"RJ";116;256;"PIRAI";"Falta de Atenção à Condução";"Colisão com objeto estático";"Com Vítimas Feridas";"Plena Noite";"Crescente";"Céu Claro";"Dupla";"Reta";"Não";2;0;1;0;1;0;1;1;-22,58449025;-44,00458394;"SPRF-RJ";"DEL07-RJ";"UOP02-DEL07-RJ"
216208;2019-06-16;"domingo";"23:50:00";"RJ";116;138;"MAGE";"Falta de Atenção à Condução";"Colisão traseira";"Com Vítimas Feridas";"Plena Noite";"Crescente";"Céu Claro";"Dupla";"Reta";"Não";3;0;1;0;2;0;1;2;-22,65063085;-43,23527813;"SPRF-RJ";"DEL04-RJ";"UOP02-DEL04-RJ"
216209;2019-06-17;"segunda-feira";"00:40:00";"RS";448;16;"PORTO ALEGRE";"Não guardar distância de segurança";"Queda de ocupante de veículo";"Com Vítimas Feridas";"Plena Noite";"Crescente";"Ignorado";"Múltipla";"Reta";"Não";1;0;1;0;0;0;1;1;-29,93223;-51,211967;"SPRF-RS";"DEL01-RS";"UOP01-DEL01-RS"
216210;2019-06-16;"domingo";"22:30:00";"RJ";40;54,9;"PETROPOLIS";"Animais na Pista";"Queda de ocupante de veículo";"Com Vítimas Feridas";"Plena Noite";"Decrescente";"Céu Claro";"Dupla";"Reta";"Não";1;0;0;1;0;0;1;1;-22,34627607;-43,12411304;"SPRF-RJ";"DEL06-RJ";"UOP01-DEL06-RJ"
216211;2019-06-16;"domingo";"23:30:00";"MT";163;710,4;"SORRISO";"Ingestão de Álcool";"Saída de leito carroçável";"Com Vítimas Feridas";"Plena Noite";"Crescente";"Céu Claro";"Simples";"Reta";"Não";2;0;2;0;0;0;2;1;-13,00444796;-55,8883551;"SPRF-MT";"DEL06-MT";"UOP01-DEL06-MT"
216212;2019-06-16;"domingo";"22:00:00";"MT";163;593;"NOVA MUTUM";"Falta de Atenção à Condução";"Queda de ocupante de veículo";"Com Vítimas Feridas";"Plena Noite";"Crescente";"Céu Claro";"Simples";"Reta";"Não";1;0;1;0;0;0;1;1;-13,96991203;-56,0983846;"SPRF-MT";"DEL01-MT";"UOP01-DEL01-MT"
216213;2019-06-17;"segunda-feira";"01:20:00";"SP";116;269;"TABOAO DA SERRA";"Falta de Atenção à Condução";"Atropelamento de Pedestre";"Com Vítimas Feridas";"Plena Noite";"Decrescente";"Nublado";"Dupla";"Curva";"Sim";2;0;0;1;0;1;1;2;-23,60797576;-46,75271722;"SPRF-SP";"DEL04-SP";"UOP01-DEL04-SP"
216214;2019-06-17;"segunda-feira";"00:45:00";"SC";101;422,4;"ARARANGUA";"Falta de Atenção à Condução";"Colisão traseira";"Com Vítimas Feridas";"Plena Noite";"Decrescente";"Ignorado";"Dupla";"Reta";"Sim";2;0;1;0;1;0;1;2;-29,00612225;-49,56558585;"SPRF-SC";"DEL02-SC";"UOP02-DEL02-SC"
216217;2019-06-17;"segunda-feira";"02:40:00";"SC";470;66,5;"INDAIAL";"Velocidade Incompatível";"Saída de leito carroçável";"Com Vítimas Feridas";"Plena Noite";"Decrescente";"Garoa/Chuvisco";"Simples";"Reta";"Não";3;0;2;0;1;0;2;1;-26,87030557;-49,22698975;"SPRF-SC";"DEL04-SC";"UOP01-DEL04-SC"
216218;2019-06-17;"segunda-feira";"03:00:00";"RS";116;657;"JAGUARAO";"Ingestão de Álcool";"Saída de leito carroçável";"Com Vítimas Feridas";"Plena Noite";"Crescente";"Nevoeiro/Neblina";"Simples";"Interseção de Vias";"Sim";1;0;1;0;0;0;1;1;-32,554048;-53,385487;"SPRF-RS";"DEL07-RS";"UOP03-DEL07-RS"
216221;2019-06-17;"segunda-feira";"03:15:00";"MG";459;87;"CONGONHAL";"Ingestão de Álcool";"Colisão traseira";"Com Vítimas Feridas";"Plena Noite";"Crescente";"Céu Claro";"Simples";"Reta";"Não";5;0;5;0;0;0;5;2;-22,150208;-46,033627;"SPRF-MG";"DEL16-MG";"UOP01-DEL09-MG"
216222;2019-06-17;"segunda-feira";"03:30:00";"SC";470;68,9;"INDAIAL";"Falta de Atenção à Condução";"Tombamento";"Com Vítimas Feridas";"Plena Noite";"Crescente";"Nublado";"Simples";"Rotatória";"Sim";1;0;1;0;0;0;1;1;-26,8834929;-49,24643576;"SPRF-SC";"DEL04-SC";"UOP01-DEL04-SC"
216223;2019-06-16;"domingo";"21:50:00";"BA";116;415;"FEIRA DE SANTANA";"Desobediência às normas de trânsito pelo condutor";"Colisão frontal";"Com Vítimas Fatais";"Plena Noite";"Decrescente";"Céu Claro";"Simples";"Reta";"Não";2;1;0;0;1;0;0;2;-12,159639;-38,9648641;"SPRF-BA";"DEL02-BA";"UOP01-DEL02-BA"
216224;2019-06-17;"segunda-feira";"03:00:00";"RS";470;339;"TRIUNFO";"Condutor Dormindo";"Saída de leito carroçável";"Com Vítimas Feridas";"Plena Noite";"Crescente";"Nevoeiro/Neblina";"Simples";"Reta";"Sim";2;0;2;0;0;0;2;1;-29,93505397;-51,71804218;"SPRF-RS";"DEL04-RS";"UOP02-DEL04-RS"
216227;2019-06-17;"segunda-feira";"04:10:00";"PE";101;64,2;"RECIFE";"Velocidade Incompatível";"Engavetamento";"Com Vítimas Feridas";"Amanhecer";"Decrescente";"Chuva";"Múltipla";"Curva";"Sim";5;0;2;0;3;0;2;3;-8,0162921;-34,94045886;"SPRF-PE";"DEL01-PE";"UOP01-DEL01-PE"
216228;2019-06-17;"segunda-feira";"05:00:00";"MG";40;782,7;"JUIZ DE FORA";"Mal Súbito";"Saída de leito carroçável";"Com Vítimas Feridas";"Plena Noite";"Decrescente";"Nevoeiro/Neblina";"Dupla";"Reta";"Não";1;0;1;0;0;0;1;1;-21,69593719;-43,44982474;"SPRF-MG";"DEL05-MG";"UOP01-DEL05-MG"
216229;2019-06-17;"segunda-feira";"03:50:00";"SC";101;292,8;"IMBITUBA";"Condutor Dormindo";"Saída de leito carroçável";"Com Vítimas Feridas";"Plena Noite";"Crescente";"Céu Claro";"Dupla";"Curva";"Não";1;0;0;1;0;0;1;1;-28,278057;-48,700386;"SPRF-SC";"DEL02-SC";"UOP03-DEL02-SC"
216230;2019-06-16;"domingo";"20:20:00";"SC";282;500,8;"XANXERE";"Falta de Atenção à Condução";"Colisão frontal";"Com Vítimas Feridas";"Plena Noite";"Crescente";"Céu Claro";"Simples";"Reta";"Sim";3;0;2;0;1;0;2;2;-26,881372;-52,37252;"SPRF-SC";"DEL07-SC";"UOP01-DEL07-SC"
216235;2019-06-17;"segunda-feira";"03:26:00";"PR";369;148;"LONDRINA";"Ingestão de Álcool";"Colisão transversal";"Com Vítimas Feridas";"Plena Noite";"Decrescente";"Céu Claro";"Dupla";"Interseção de Vias";"Sim";3;0;1;0;1;1;1;3;-23,2930364;-51,14309187;"SPRF-PR";"DEL07-PR";"UOP01-DEL07-PR"
216236;2019-06-17;"segunda-feira";"06:40:00";"SP";116;221,4;"GUARULHOS";"Não guardar distância de segurança";"Colisão lateral";"Com Vítimas Feridas";"Pleno dia";"Crescente";"Sol";"Múltipla";"Reta";"Não";2;0;1;0;1;0;1;2;-23,46802395;-46,50704901;"SPRF-SP";"DEL01-SP";"UOP01-DEL01-SP"
216237;2019-06-17;"segunda-feira";"06:30:00";"SC";280;57,8;"GUARAMIRIM";"Falta de Atenção à Condução";"Colisão lateral";"Com Vítimas Feridas";"Amanhecer";"Crescente";"Nublado";"Simples";"Reta";"Não";3;0;2;0;1;0;2;2;-26,47811421;-49,01259213;"SPRF-SC";"DEL03-SC";"UOP03-DEL03-SC"
216238;2019-06-17;"segunda-feira";"06:00:00";"PE";101;191,5;"PALMARES";"Velocidade Incompatível";"Saída de leito carroçável";"Com Vítimas Feridas";"Amanhecer";"Crescente";"Chuva";"Dupla";"Reta";"Não";1;0;1;0;0;0;1;1;-8,70426509;-35,60781436;"SPRF-PE";"DEL01-PE";"UOP03-DEL01-PE"
216240;2019-06-17;"segunda-feira";"07:50:00";"BA";116;439;"ANTONIO CARDOSO";"Pista Escorregadia";"Queda de ocupante de veículo";"Com Vítimas Feridas";"Pleno dia";"Decrescente";"Chuva";"Dupla";"Curva";"Não";1;0;1;0;0;0;1;1;-12,32191792;-39,05070505;"SPRF-BA";"DEL02-BA";"UOP01-DEL02-BA"
216241;2019-06-17;"segunda-feira";"07:35:00";"SC";470;140,6;"RIO DO SUL";"Falta de Atenção à Condução";"Colisão traseira";"Com Vítimas Feridas";"Pleno dia";"Decrescente";"Nublado";"Simples";"Reta";"Sim";3;0;2;0;1;0;2;2;-27,222485;-49,662827;"SPRF-SC";"DEL04-SC";"UOP02-DEL04-SC"
216243;2019-06-17;"segunda-feira";"07:41:00";"PR";476;124;"CURITIBA";"Falta de Atenção à Condução";"Colisão lateral";"Com Vítimas Feridas";"Pleno dia";"Crescente";"Céu Claro";"Dupla";"Reta";"Sim";3;0;2;0;1;0;2;2;-25,399845;-49,215855;"SPRF-PR";"DEL01-PR";"UOP07-DEL01-PR"
216244;2019-06-17;"segunda-feira";"07:50:00";"PR";376;2,2;"MANDAGUARI";"Animais na Pista";"Atropelamento de Animal";"Com Vítimas Feridas";"Pleno dia";"Decrescente";"Céu Claro";"Simples";"Reta";"Não";1;0;1;0;0;0;1;1;-23,51415269;-51,70019031;"SPRF-PR";"DEL07-PR";"UOP01-DEL09-PR"
216246;2019-06-17;"segunda-feira";"07:15:00";"RJ";493;53;"DUQUE DE CAXIAS";"Objeto estático sobre o leito carroçável";"Tombamento";"Com Vítimas Feridas";"Pleno dia";"Crescente";"Nublado";"Dupla";"Reta";"Não";2;0;1;0;1;0;1;1;-22,66606707;-43,32503926;"SPRF-RJ";"DEL01-RJ";"UOP01-DEL01-RJ"
216247;2019-06-17;"segunda-feira";"07:00:00";"SP";116;122,2;"CACAPAVA";"Falta de Atenção à Condução";"Colisão traseira";"Com Vítimas Feridas";"Pleno dia";"Decrescente";"Céu Claro";"Dupla";"Reta";"Não";2;0;1;0;1;0;1;2;-23,08192414;-45,66154591;"SPRF-SP";"DEL06-SP";"UOP02-DEL02-SP"
216248;2019-06-17;"segunda-feira";"07:45:00";"SC";101;40;"JOINVILLE";"Não guardar distância de segurança";"Colisão traseira";"Com Vítimas Feridas";"Pleno dia";"Crescente";"Céu Claro";"Dupla";"Reta";"Sim";4;0;1;0;3;0;1;4;-26,27176094;-48,89468382;"SPRF-SC";"DEL03-SC";"UOP01-DEL03-SC"
216249;2019-06-17;"segunda-feira";"07:45:00";"PE";232;44;"VITORIA DE SANTO ANTAO";"Defeito na Via";"Saída de leito carroçável";"Com Vítimas Feridas";"Pleno dia";"Crescente";"Chuva";"Dupla";"Reta";"Sim";2;0;1;0;1;0;1;1;-8,12337542;-35,27098583;"SPRF-PE";"DEL01-PE";"UOP02-DEL02PE"
216252;2019-06-17;"segunda-feira";"08:10:00";"PB";230;66;"SAO MIGUEL DE TAIPU";"Pista Escorregadia";"Saída de leito carroçável";"Com Vítimas Feridas";"Pleno dia";"Crescente";"Chuva";"Dupla";"Curva";"Não";2;0;1;0;1;0;1;1;-7,1874;-35,1889;"SPRF-PB";"DEL01-PB";"UOP03-DEL01-PB"
216254;2019-06-17;"segunda-feira";"08:15:00";"RJ";40;111,5;"DUQUE DE CAXIAS";"Desobediência às normas de trânsito pelo condutor";"Colisão com objeto estático";"Sem Vítimas";"Pleno dia";"Crescente";"Céu Claro";"Múltipla";"Declive";"Sim";3;0;0;0;2;1;0;3;-22,7004454;-43,29014851;"SPRF-RJ";"DEL01-RJ";"UOP01-DEL01-RJ"
216255;2019-06-17;"segunda-feira";"08:50:00";"SC";101;208;"SAO JOSE";"Não guardar distância de segurança";"Colisão lateral";"Com Vítimas Feridas";"Pleno dia";"Decrescente";"Céu Claro";"Múltipla";"Declive";"Sim";4;0;1;1;2;0;2;3;-27,60327979;-48,63201818;"SPRF-SC";"DEL01-SC";"UOP01-DEL01-SC"
216256;2019-06-17;"segunda-feira";"08:15:00";"MG";365;688;"MONTE ALEGRE DE MINAS";"Animais na Pista";"Saída de leito carroçável";"Com Vítimas Feridas";"Pleno dia";"Crescente";"Céu Claro";"Dupla";"Reta";"Não";1;0;1;0;0;0;1;1;-18,87623321;-48,88400401;"SPRF-MG";"DEL15-MG";"UOP03-DEL15-MG"
216257;2019-06-17;"segunda-feira";"08:10:00";"CE";20;36,6;"PARAMBU";"Falta de Atenção à Condução";"Colisão com objeto estático";"Com Vítimas Fatais";"Pleno dia";"Decrescente";"Céu Claro";"Simples";"Reta";"Não";1;1;0;0;0;0;0;1;-6,27931013;-40,59301683;"SPRF-CE";"DEL02-CE";"UOP02-DEL02-CE"
216259;2019-06-17;"segunda-feira";"06:30:00";"PI";343;4,8;"TERESINA";"Não guardar distância de segurança";"Colisão traseira";"Com Vítimas Feridas";"Pleno dia";"Decrescente";"Céu Claro";"Múltipla";"Reta";"Sim";8;0;6;0;2;0;6;2;-5,089569;-42,802288;"SPRF-PI";"DEL01-PI";"UOP01-DEL01-PI"
216260;2019-04-01;"segunda-feira";"17:15:00";"RJ";101;399,6;"ITAGUAI";"Falta de Atenção à Condução";"Colisão lateral";"Com Vítimas Feridas";"Anoitecer";"Decrescente";"Céu Claro";"Dupla";"Reta";"Sim";1;0;1;0;0;0;1;1;-22,85272599;-43,76577616;"SPRF-RJ";"DEL03-RJ";"UOP01-DEL03-RJ"
216261;2019-06-17;"segunda-feira";"08:00:00";"SP";381;49,5;"ATIBAIA";"Falta de Atenção à Condução";"Colisão traseira";"Com Vítimas Feridas";"Pleno dia";"Crescente";"Céu Claro";"Dupla";"Reta";"Sim";3;0;2;0;0;1;2;2;-23,20535293;-46,59066516;"SPRF-SP";"DEL03-SP";"UOP01-DEL03-SP"
216262;2019-06-17;"segunda-feira";"09:12:00";"SP";381;57,8;"MAIRIPORA";"Não guardar distância de segurança";"Colisão traseira";"Com Vítimas Feridas";"Pleno dia";"Crescente";"Céu Claro";"Dupla";"Reta";"Não";2;0;1;0;1;0;1;2;-23,2658219;-46,5839857;"SPRF-SP";"DEL03-SP";"UOP01-DEL03-SP"
216263;2019-06-17;"segunda-feira";"08:40:00";"SP";116;221;"GUARULHOS";"Velocidade Incompatível";"Colisão traseira";"Com Vítimas Feridas";"Pleno dia";"Crescente";"Sol";"Múltipla";"Reta";"Sim";4;0;2;0;2;0;2;2;-23,46802395;-46,50704901;"SPRF-SP";"DEL01-SP";"UOP01-DEL01-SP"
216264;2019-06-17;"segunda-feira";"09:15:00";"PE";101;4,6;"GOIANA";"Pista Escorregadia";"Saída de leito carroçável";"Com Vítimas Feridas";"Pleno dia";"Crescente";"Chuva";"Dupla";"Ponte;Reta";"Não";1;0;1;0;0;0;1;1;-7,53264499;-34,99145786;"SPRF-PE";"DEL01-PE";"UOP02-DEL01-PE"
216266;2019-06-17;"segunda-feira";"08:30:00";"PR";277;422,6;"CANTAGALO";"Falta de Atenção à Condução";"Saída de leito carroçável";"Com Vítimas Feridas";"Pleno dia";"Crescente";"Céu Claro";"Simples";"Curva";"Sim";1;0;1;0;0;0;1;1;-25,37808408;-52,13510513;"SPRF-PR";"DEL04-PR";"UOP02-DEL04-PR"
216267;2019-06-17;"segunda-feira";"09:00:00";"AL";101;1;"NOVO LINO";"Falta de Atenção à Condução";"Colisão com objeto estático";"Sem Vítimas";"Pleno dia";"Crescente";"Chuva";"Dupla";"Reta";"Sim";2;0;0;0;1;1;0;2;-8,884526;-35,631023;"SPRF-AL";"DEL01-AL";"UOP01-DEL01-AL"
216268;2019-06-17;"segunda-feira";"09:00:00";"GO";153;666;"GOIATUBA";"Falta de Atenção à Condução";"Tombamento";"Sem Vítimas";"Pleno dia";"Crescente";"Céu Claro";"Dupla";"Reta";"Não";1;0;0;0;1;0;0;1;-18,1072;-49,2766;"SPRF-GO";"DEL03-GO";"UOP02-DEL03-GO"
216271;2019-06-09;"domingo";"22:20:00";"MS";163;251,8;"DOURADOS";"Ultrapassagem Indevida";"Colisão frontal";"Com Vítimas Feridas";"Plena Noite";"Crescente";"Céu Claro";"Simples";"Reta";"Não";3;0;3;0;0;0;3;2;-22,29688701;-54,82117014;"SPRF-MS";"DEL04-MS";"UOP01-DEL04-MS"
216275;2019-06-17;"segunda-feira";"10:00:00";"BA";110;173;"RIBEIRA DO POMBAL";"Desobediência às normas de trânsito pelo condutor";"Atropelamento de Pedestre";"Com Vítimas Feridas";"Pleno dia";"Crescente";"Nublado";"Simples";"Reta";"Sim";2;0;1;0;1;0;1;2;-10,832901;-38,532178;"SPRF-BA";"DEL07-BA";"UOP02-DEL07-BA"
216276;2019-06-17;"segunda-feira";"10:20:00";"SP";116;43;"CACHOEIRA PAULISTA";"Velocidade Incompatível";"Colisão com objeto estático";"Com Vítimas Feridas";"Pleno dia";"Crescente";"Sol";"Dupla";"Reta";"Não";2;0;1;0;1;0;1;2;-22,6973511;-45,03013594;"SPRF-SP";"DEL08-SP";"UOP02-DEL08-SP"
216277;2019-06-17;"segunda-feira";"10:35:00";"MG";381;497;"BETIM";"Agressão Externa";"Colisão com objeto estático";"Sem Vítimas";"Pleno dia";"Crescente";"Céu Claro";"Múltipla";"Curva";"Sim";1;0;0;0;1;0;0;1;-20,00483625;-44,21367172;"SPRF-MG";"DEL01-MG";"UOP03-DEL01-MG"
216279;2019-06-17;"segunda-feira";"10:35:00";"PR";369;230;"JANDAIA DO SUL";"Falta de Atenção à Condução";"Colisão transversal";"Com Vítimas Feridas";"Pleno dia";"Crescente";"Sol";"Simples";"Interseção de Vias";"Não";3;0;1;1;1;0;2;2;-23,60219728;-51,66610479;"SPRF-PR";"DEL07-PR";"UOP03-DEL07-PR"
216284;2019-06-17;"segunda-feira";"11:30:00";"RS";386;420,9;"MONTENEGRO";"Falta de Atenção à Condução";"Saída de leito carroçável";"Com Vítimas Feridas";"Pleno dia";"Decrescente";"Céu Claro";"Dupla";"Curva";"Não";4;0;3;1;0;0;4;1;-29,81499237;-51,4103508;"SPRF-RS";"DEL04-RS";"UOP02-DEL04-RS"