"id";"data_inversa";"dia_semana";"horario";"uf";"br";"km";"municipio";"causa_acidente";"tipo_acidente";"classificacao_acidente";"fase_dia";"sentido_via";"condicao_metereologica";"tipo_pista";"tracado_via";"uso_solo";"pessoas";"mortos";"feridos_leves";"feridos_graves";"ilesos";"ignorados";"feridos";"veiculos";"latitude";"longitude";"regional";"delegacia";"uop"
216285;2019-06-17;"segunda-feira";"11:30:00";"RS";116;247,3;"SAO LEOPOLDO";"Não guardar distância de segurança";"Colisão traseira";"Sem Vítimas";"Pleno dia";"Decrescente";"Céu Claro";"Múltipla";"Reta";"Não";2;0;0;0;2;0;0;2;-29,76733091;-51,1535296;"SPRF-RS";"DEL01-RS";"UOP02-DEL01-RS"
216286;2019-05-12;"domingo";"02:55:00";"PB";101;63,1;"SANTA RITA";"Falta de Atenção à Condução";"Colisão com objeto estático";"Sem Vítimas";"Plena Noite";"Decrescente";"Céu Claro";"Dupla";"Reta";"Não";1;0;0;0;0;1;0;1;-7,02710902;-35,05990203;"SPRF-PB";"DEL01-PB";"UOP04-DEL01-PB"
216287;2019-06-17;"segunda-feira";"10:30:00";"ES";262;2,2;"CARIACICA";"Desobediência às normas de trânsito pelo condutor";"Colisão transversal";"Sem Vítimas";"Pleno dia";"Decrescente";"Chuva";"Dupla";"Interseção de Vias";"Sim";1;0;0;0;1;0;0;1;-20,33275688;-40,36077696;"SPRF-ES";"DEL01-ES";"UOP01-DEL01-ES"
216288;2019-06-17;"segunda-feira";"11:00:00";"BA";116;777,6;"PLANALTO";"Falta de Atenção à Condução";"Colisão transversal";"Com Vítimas Feridas";"Pleno dia";"Crescente";"Nublado";"Simples";"Reta";"Sim";2;0;2;0;0;0;2;2;-14,671011;-40,478772;"SPRF-BA";"DEL08-BA";"UOP02-DEL08-BA"
216291;2019-06-17;"segunda-feira";"06:30:00";"MG";40;509;"RIBEIRAO DAS NEVES";"Desobediência às normas de trânsito pelo condutor";"Colisão lateral";"Com Vítimas Feridas";"Pleno dia";"Decrescente";"Céu Claro";"Dupla";"Reta";"Sim";2;0;1;0;1;0;1;2;-19,76728744;-44,12855905;"SPRF-MG";"DEL01-MG";"UOP02-DEL01-MG"
216292;2019-06-17;"segunda-feira";"09:05:00";"RS";290;221,2;"PANTANO GRANDE";"Desobediência às normas de trânsito pelo condutor";"Colisão traseira";"Com Vítimas Fatais";"Pleno dia";"Decrescente";"Nevoeiro/Neblina";"Simples";"Reta";"Sim";5;1;0;0;3;1;0;3;-30,200815;-52,427052;"SPRF-RS";"DEL02-RS";"UOP02-DEL02-RS"
216293;2019-06-17;"segunda-feira";"11:30:00";"PR";376;598;"CURITIBA";"Não guardar distância de segurança";"Colisão traseira";"Com Vítimas Feridas";"Pleno dia";"Decrescente";"Céu Claro";"Dupla";"Reta";"Sim";3;0;2;0;1;0;2;2;-25,5188802;-49,33506947;"SPRF-PR";"DEL01-PR";"UOP06-DEL01-PR"
216294;2019-06-17;"segunda-feira";"10:00:00";"RJ";393;203;"VASSOURAS";"Condutor Dormindo";"Saída de leito carroçável";"Com Vítimas Feridas";"Pleno dia";"Crescente";"Céu Claro";"Simples";"Reta";"Não";3;0;2;0;1;0;2;1;-22,22572819;-43,42188472;"SPRF-RJ";"DEL05-RJ";"UOP03-DEL05-RJ"
216296;2019-06-17;"segunda-feira";"10:45:00";"PB";101;122,7;"CAAPORA";"Avarias e/ou desgaste excessivo no pneu";"Saída de leito carroçável";"Com Vítimas Feridas";"Pleno dia";"Decrescente";"Chuva";"Dupla";"Curva";"Não";3;0;2;1;0;0;3;1;-7,45038197;-34,97994215;"SPRF-PB";"DEL01-PB";"UOP01-DEL01-PB"
216299;2019-06-17;"segunda-feira";"12:00:00";"PE";101;207;"XEXEU";"Pista Escorregadia";"Capotamento";"Com Vítimas Feridas";"Pleno dia";"Crescente";"Chuva";"Dupla";"Curva";"Não";2;0;2;0;0;0;2;1;-8,82545377;-35,64542552;"SPRF-PE";"DEL01-PE";"UOP03-DEL01-PE"
216303;2019-06-17;"segunda-feira";"11:30:00";"SC";101;215;"PALHOCA";"Falta de Atenção à Condução";"Colisão traseira";"Com Vítimas Feridas";"Pleno dia";"Crescente";"Sol";"Múltipla";"Rotatória";"Sim";3;0;1;0;2;0;1;3;-27,65184843;-48,67604941;"SPRF-SC";"DEL01-SC";"UOP02-DEL01-SC"
216305;2019-04-26;"sexta-feira";"08:30:00";"RS";153;545,3;"CACAPAVA DO SUL";"Velocidade Incompatível";"Saída de leito carroçável";"Com Vítimas Feridas";"Pleno dia";"Decrescente";"Chuva";"Simples";"Reta";"Não";4;0;2;0;2;0;2;1;-30,79521699;-53,57861464;"SPRF-RS";"DEL09-RS";"UOP02-DEL09-RS"
216307;2019-06-17;"segunda-feira";"12:00:00";"RO";174;15;"VILHENA";"Desobediência às normas de trânsito pelo condutor";"Colisão transversal";"Com Vítimas Feridas";"Pleno dia";"Crescente";"Céu Claro";"Dupla";"Interseção de Vias";"Sim";2;0;0;1;1;0;1;2;-12,723321;-60,12801;"SPRF-RO";"DEL04-RO";"UOP01-DEL04-RO"
216308;2019-06-17;"segunda-feira";"11:00:00";"MG";116;497;"INHAPIM";"Defeito Mecânico no Veículo";"Tombamento";"Com Vítimas Feridas";"Pleno dia";"Crescente";"Céu Claro";"Simples";"Aclive";"Não";2;0;2;0;0;0;2;1;-19,53642905;-42,12651952;"SPRF-MG";"DEL06-MG";"UOP02-DEL06-MG"
216310;2019-06-17;"segunda-feira";"11:30:00";"MT";364;434;"VARZEA GRANDE";"Desobediência às normas de trânsito pelo condutor";"Colisão com objeto estático";"Sem Vítimas";"Pleno dia";"Crescente";"Céu Claro";"Simples";"Interseção de Vias;Rotatória";"Sim";1;0;0;0;1;0;0;1;-15,64575025;-56,14041787;"SPRF-MT";"DEL01-MT";"DEL2/4-UOP02/MT"
216311;2019-06-17;"segunda-feira";"11:50:00";"RS";386;34;"FREDERICO WESTPHALEN";"Falta de Atenção à Condução";"Colisão transversal";"Com Vítimas Feridas";"Pleno dia";"Crescente";"Céu Claro";"Simples";"Interseção de Vias";"Sim";2;0;1;0;1;0;1;2;-27,358442;-53,388298;"SPRF-RS";"DEL08-RS";"UOP02-DEL08-RS"
216312;2019-06-17;"segunda-feira";"13:55:00";"CE";116;5,8;"FORTALEZA";"Pista Escorregadia";"Tombamento";"Com Vítimas Feridas";"Pleno dia";"Crescente";"Céu Claro";"Dupla";"Retorno Regulamentado";"Sim";1;0;1;0;0;0;1;1;-3,79467116;-38,50772734;"SPRF-CE";"DEL01-CE";"UOP02-DEL01-CE"
216314;2019-06-08;"sábado";"18:15:00";"PR";369;513;"CASCAVEL";"Ultrapassagem Indevida";"Colisão frontal";"Com Vítimas Feridas";"Anoitecer";"Crescente";"Céu Claro";"Simples";"Reta";"Não";8;0;2;3;3;0;5;4;-24,8806;-53,3448;"SPRF-PR";"DEL04-PR";"UOP01-DEL04-PR"
216318;2019-06-17;"segunda-feira";"14:15:00";"SP";381;48,8;"ATIBAIA";"Velocidade Incompatível";"Colisão com objeto estático";"Com Vítimas Feridas";"Pleno dia";"Decrescente";"Nublado";"Dupla";"Reta";"Não";1;0;0;1;0;0;1;1;-23,19720018;-46,58736556;"SPRF-SP";"DEL03-SP";"UOP01-DEL03-SP"
216319;2019-05-26;"domingo";"02:20:00";"PB";230;25;"JOAO PESSOA";"Velocidade Incompatível";"Colisão com objeto estático";"Com Vítimas Feridas";"Plena Noite";"Crescente";"Nublado";"Múltipla";"Viaduto";"Sim";1;0;1;0;0;0;1;1;-7,16913777;-34,87508124;"SPRF-PB";"DEL01-PB";"UOP01-DEL01-PB"
216320;2019-06-17;"segunda-feira";"14:05:00";"RS";116;257,7;"ESTEIO";"Defeito na Via";"Tombamento";"Com Vítimas Feridas";"Pleno dia";"Decrescente";"Céu Claro";"Múltipla";"Interseção de Vias";"Sim";1;0;1;0;0;0;1;1;-29,85855276;-51,18098086;"SPRF-RS";"DEL01-RS";"UOP02-DEL01-RS"
216321;2019-06-17;"segunda-feira";"13:00:00";"MA";135;13;"SAO LUIS";"Desobediência às normas de trânsito pelo condutor";"Colisão lateral";"Sem Vítimas";"Pleno dia";"Crescente";"Céu Claro";"Dupla";"Rotatória";"Sim";2;0;0;0;2;0;0;2;-2,68053538;-44,29512283;"SPRF-MA";"DEL01-MA";"UOP01-DEL01-MA"
216322;2019-06-17;"segunda-feira";"14:30:00";"PI";343;2,4;"TERESINA";"Não guardar distância de segurança";"Colisão traseira";"Sem Vítimas";"Pleno dia";"Decrescente";"Céu Claro";"Múltipla";"Reta";"Sim";3;0;0;0;3;0;0;3;-5,0816041;-42,768327;"SPRF-PI";"DEL01-PI";"UOP01-DEL01-PI"
216325;2019-06-17;"segunda-feira";"12:15:00";"SC";470;180,3;"POUSO REDONDO";"Falta de Atenção à Condução";"Colisão transversal";"Com Vítimas Feridas";"Pleno dia";"Crescente";"Céu Claro";"Simples";"Reta";"Não";3;0;1;1;1;0;2;2;-27,249525;-49,987041;"SPRF-SC";"DEL04-SC";"UOP02-DEL04-SC"
216329;2019-06-17;"segunda-feira";"15:30:00";"RS";116;246;"SAO LEOPOLDO";"Não guardar distância de segurança";"Colisão traseira";"Com Vítimas Feridas";"Pleno dia";"Crescente";"Céu Claro";"Dupla";"Ponte";"Sim";2;0;1;0;1;0;1;2;-29,758751;-51,15186806;"SPRF-RS";"DEL01-RS";"UOP02-DEL01-RS"
216330;2019-06-17;"segunda-feira";"14:20:00";"ES";259;18,9;"JOAO NEIVA";"Não guardar distância de segurança";"Colisão traseira";"Com Vítimas Feridas";"Pleno dia";"Decrescente";"Sol";"Simples";"Reta";"Não";6;0;5;0;1;0;5;2;-19,66544604;-40,44876899;"SPRF-ES";"DEL02-ES";"UOP01-DEL02-ES"
216333;2019-06-17;"segunda-feira";"14:30:00";"AL";316;225;"ATALAIA";"Fenômenos da Natureza";"Saída de leito carroçável";"Com Vítimas Feridas";"Pleno dia";"Decrescente";"Chuva";"Simples";"Curva";"Não";1;0;1;0;0;0;1;1;-9,476159;-36,15778;"SPRF-AL";"DEL01-AL";"UOP01-DEL01-AL"
216335;2019-06-17;"segunda-feira";"14:00:00";"RS";470;261,8;"SALVADOR DO SUL";"Ultrapassagem Indevida";"Saída de leito carroçável";"Com Vítimas Feridas";"Pleno dia";"Decrescente";"Céu Claro";"Simples";"Curva";"Não";1;0;1;0;0;0;1;1;-29,48138317;-51,48245227;"SPRF-RS";"DEL06-RS";"UOP01-DEL06-RS"
216336;2019-05-18;"sábado";"21:15:00";"PB";230;1,4;"CABEDELO";"Ingestão de Álcool";"Colisão traseira";"Com Vítimas Feridas";"Plena Noite";"Crescente";"Nublado";"Simples";"Reta";"Sim";2;0;1;0;1;0;1;2;-6,9753;-34,8318;"SPRF-PB";"DEL01-PB";"UOP01-DEL01-PB"
216338;2019-06-17;"segunda-feira";"15:43:00";"DF";20;8,7;"BRASILIA";"Falta de Atenção à Condução";"Colisão transversal";"Com Vítimas Feridas";"Pleno dia";"Decrescente";"Céu Claro";"Dupla";"Retorno Regulamentado";"Sim";2;0;1;0;1;0;1;2;-15,658386;-47,791534;"SPRF-DF";"DEL02-DF";"UOP01-DEL02-DF"
216339;2019-06-17;"segunda-feira";"15:05:00";"RS";116;328,5;"BARRA DO RIBEIRO";"Falta de Atenção à Condução";"Colisão com objeto estático";"Sem Vítimas";"Pleno dia";"Crescente";"Sol";"Simples";"Ponte";"Não";1;0;0;0;1;0;0;1;-30,36317599;-51,43027514;"SPRF-RS";"DEL02-RS";"UOP01-DEL02-RS"
216340;2019-06-17;"segunda-feira";"12:00:00";"PB";230;3;"CABEDELO";"Falta de Atenção à Condução";"Queda de ocupante de veículo";"Com Vítimas Feridas";"Pleno dia";"Decrescente";"Chuva";"Simples";"Reta";"Não";1;0;1;0;0;0;1;1;-6,9915;-34,8287;"SPRF-PB";"DEL01-PB";"UOP01-DEL01-PB"
216345;2019-06-17;"segunda-feira";"16:10:00";"RJ";116;127;"MAGE";"Falta de Atenção à Condução";"Tombamento";"Com Vítimas Feridas";"Pleno dia";"Crescente";"Sol";"Simples";"Viaduto;Reta";"Sim";2;0;1;0;1;0;1;1;-22,66137035;-43,09295957;"SPRF-RJ";"DEL04-RJ";"UOP02-DEL04-RJ"
216348;2019-06-17;"segunda-feira";"13:20:00";"MT";70;630;"POCONE";"Falta de Atenção à Condução";"Colisão com objeto em movimento";"Com Vítimas Feridas";"Pleno dia";"Decrescente";"Céu Claro";"Simples";"Reta";"Não";2;0;0;1;1;0;1;2;-15,92893488;-56,94977097;"SPRF-MT";"DEL03-MT";"UOP02-DEL03-MT"
216349;2019-06-17;"segunda-feira";"14:00:00";"BA";110;198,3;"CIPO";"Condutor Dormindo";"Colisão com objeto estático";"Com Vítimas Feridas";"Pleno dia";"Decrescente";"Céu Claro";"Simples";"Reta";"Sim";1;0;1;0;0;0;1;1;-11,09239399;-38,50848603;"SPRF-BA";"DEL07-BA";"UOP02-DEL07-BA"
216355;2019-06-17;"segunda-feira";"17:15:00";"SE";235;6;"NOSSA SENHORA DO SOCORRO";"Pista Escorregadia";"Saída de leito carroçável";"Sem Vítimas";"Anoitecer";"Decrescente";"Garoa/Chuvisco";"Dupla";"Curva";"Sim";1;0;0;0;1;0;0;1;-10,903851;-37,128677;"SPRF-SE";"DEL01-SE";"UOP01-DEL01-SE"
216356;2019-06-17;"segunda-feira";"16:50:00";"PB";230;407,5;"POMBAL";"Falta de Atenção à Condução";"Colisão transversal";"Com Vítimas Feridas";"Pleno dia";"Decrescente";"Nublado";"Simples";"Reta";"Sim";2;0;1;0;1;0;1;2;-6,7733;-37,798;"SPRF-PB";"DEL03-PB";"UOP02-DEL03-PB"
216359;2019-06-17;"segunda-feira";"17:30:00";"SC";280;58,3;"GUARAMIRIM";"Falta de Atenção à Condução";"Colisão transversal";"Com Vítimas Feridas";"Anoitecer";"Crescente";"Nublado";"Simples";"Reta";"Sim";2;0;0;1;1;0;1;2;-26,47415593;-49,021211;"SPRF-SC";"DEL03-SC";"UOP03-DEL03-SC"
216361;2019-06-17;"segunda-feira";"16:20:00";"RO";319;63;"PORTO VELHO";"Falta de Atenção à Condução";"Colisão traseira";"Com Vítimas Feridas";"Pleno dia";"Decrescente";"Céu Claro";"Múltipla";"Reta";"Sim";6;0;1;0;5;0;1;3;-8,76403632;-63,88467377;"SPRF-RO";"DEL01-RO";"UOP01-DEL01-RO"
216364;2019-06-17;"segunda-feira";"17:30:00";"RJ";116;142,4;"DUQUE DE CAXIAS";"Agressão Externa";"Queda de ocupante de veículo";"Com Vítimas Feridas";"Plena Noite";"Decrescente";"Ignorado";"Simples";"Reta";"Sim";2;0;1;0;0;1;1;1;-22,64876087;-43,23031638;"SPRF-RJ";"DEL04-RJ";"UOP02-DEL04-RJ"
216365;2019-06-17;"segunda-feira";"15:50:00";"CE";116;68;"CHOROZINHO";"Não guardar distância de segurança";"Colisão traseira";"Sem Vítimas";"Pleno dia";"Crescente";"Nublado";"Simples";"Reta";"Não";2;0;0;0;2;0;0;2;-4,3140702;-38,49723925;"SPRF-CE";"DEL03-CE";"UOP02-DEL03-CE"
216366;2019-05-12;"domingo";"21:20:00";"PB";427;36,5;"POMBAL";"Animais na Pista";"Atropelamento de Animal";"Com Vítimas Feridas";"Plena Noite";"Decrescente";"Céu Claro";"Simples";"Reta";"Não";1;0;0;1;0;0;1;1;-6,76136692;-37,78089203;"SPRF-PB";"DEL03-PB";"UOP02-DEL03-PB"
216368;2019-06-17;"segunda-feira";"18:00:00";"GO";153;702,5;"ITUMBIARA";"Falta de Atenção à Condução";"Colisão com objeto estático";"Com Vítimas Feridas";"Anoitecer";"Decrescente";"Céu Claro";"Dupla";"Reta";"Sim";3;0;0;3;0;0;3;1;-18,4103;-49,1965;"SPRF-GO";"DEL03-GO";"UOP02-DEL03-GO"
216369;2019-06-17;"segunda-feira";"18:10:00";"SE";101;92,6;"NOSSA SENHORA DO SOCORRO";"Falta de Atenção do Pedestre";"Atropelamento de Pedestre";"Com Vítimas Feridas";"Plena Noite";"Crescente";"Nublado";"Dupla";"Reta";"Não";2;0;0;1;0;1;1;2;-10,90169474;-37,13619222;"SPRF-SE";"DEL01-SE";"UOP01-DEL01-SE"
216370;2019-06-17;"segunda-feira";"18:05:00";"SC";470;51,2;"BLUMENAU";"Falta de Atenção à Condução";"Tombamento";"Com Vítimas Feridas";"Plena Noite";"Decrescente";"Céu Claro";"Simples";"Interseção de Vias";"Sim";1;0;1;0;0;0;1;1;-26,862339;-49,084038;"SPRF-SC";"DEL04-SC";"UOP01-DEL04-SC"
216371;2019-06-17;"segunda-feira";"17:40:00";"ES";101;269;"SERRA";"Desobediência às normas de trânsito pelo condutor";"Colisão traseira";"Com Vítimas Feridas";"Plena Noite";"Crescente";"Nublado";"Dupla";"Reta";"Não";2;0;1;0;1;0;1;2;-20,21740496;-40,26990578;"SPRF-ES";"DEL02-ES";"UOP01-DEL02-ES"
216372;2019-06-17;"segunda-feira";"13:40:00";"RO";435;85;"COLORADO DO OESTE";"Falta de Atenção à Condução";"Queda de ocupante de veículo";"Com Vítimas Feridas";"Pleno dia";"Decrescente";"Céu Claro";"Simples";"Reta";"Não";1;0;1;0;0;0;1;1;-13,11884911;-60,53173398;"SPRF-RO";"DEL04-RO";"UOP02-DEL04-RO"
216375;2019-06-17;"segunda-feira";"17:40:00";"PB";230;204,6;"SOLEDADE";"Falta de Atenção à Condução";"Colisão traseira";"Com Vítimas Feridas";"Anoitecer";"Decrescente";"Garoa/Chuvisco";"Simples";"Declive";"Não";2;0;0;1;1;0;1;2;-7,0932;-36,2743;"SPRF-PB";"DEL02-PB";"UOP02-DEL02-PB"
216376;2019-06-17;"segunda-feira";"18:00:00";"GO";20;179;"ALVORADA DO NORTE";"Falta de Atenção do Pedestre";"Atropelamento de Pedestre";"Com Vítimas Feridas";"Plena Noite";"Decrescente";"Céu Claro";"Simples";"Reta";"Sim";2;0;0;1;1;0;1;2;-14,485163;-46,498554;"SPRF-DF";"DEL02-DF";"UOP03-DEL02-DF"
216378;2019-06-17;"segunda-feira";"18:20:00";"ES";101;212,3;"IBIRACU";"Falta de Atenção à Condução";"Colisão lateral";"Com Vítimas Feridas";"Plena Noite";"Crescente";"Céu Claro";"Simples";"Reta";"Sim";2;0;1;0;0;1;1;2;-19,81537521;-40,36655964;"SPRF-ES";"DEL02-ES";"UOP01-DEL02-ES"
216379;2019-06-17;"segunda-feira";"18:10:00";"PR";116;123;"CURITIBA";"Defeito Mecânico no Veículo";"Queda de ocupante de veículo";"Com Vítimas Feridas";"Plena Noite";"Crescente";"Céu Claro";"Dupla";"Reta";"Sim";2;0;2;0;0;0;2;1;-25,57736002;-49,31243589;"SPRF-PR";"DEL01-PR";"UOP03-DEL01-PR"
216380;2019-06-17;"segunda-feira";"17:20:00";"MG";356;266,4;"MURIAE";"Falta de Atenção à Condução";"Colisão lateral";"Com Vítimas Feridas";"Pleno dia";"Decrescente";"Céu Claro";"Simples";"Interseção de Vias";"Sim";2;0;1;0;1;0;1;2;-21,12838898;-42,366803;"SPRF-MG";"DEL07-MG";"UOP02-DEL07-MG"
216382;2019-06-17;"segunda-feira";"18:47:00";"RS";290;721;"URUGUAIANA";"Desobediência às normas de trânsito pelo condutor";"Colisão traseira";"Com Vítimas Feridas";"Plena Noite";"Decrescente";"Céu Claro";"Dupla";"Rotatória";"Sim";3;0;1;0;2;0;1;2;-29,758587;-57,060295;"SPRF-RS";"DEL13-RS";"UOP01-DEL13-RS"
216383;2019-06-17;"segunda-feira";"18:20:00";"PR";376;179,2;"MARINGA";"Falta de Atenção à Condução";"Colisão traseira";"Com Vítimas Feridas";"Anoitecer";"Crescente";"Céu Claro";"Dupla";"Declive";"Sim";2;0;0;1;1;0;1;2;-23,42250513;-51,90360367;"SPRF-PR";"DEL07-PR";"UOP01-DEL09-PR"
216384;2019-06-17;"segunda-feira";"18:30:00";"SC";101;207;"SAO JOSE";"Falta de Atenção à Condução";"Queda de ocupante de veículo";"Com Vítimas Feridas";"Plena Noite";"Decrescente";"Céu Claro";"Dupla";"Reta";"Sim";2;0;2;0;0;0;2;1;-27,60001226;-48,6226467;"SPRF-SC";"DEL01-SC";"UOP01-DEL01-SC"
216387;2019-05-18;"sábado";"18:30:00";"PR";277;113;"CAMPO LARGO";"Falta de Atenção à Condução";"Colisão lateral";"Com Vítimas Feridas";"Anoitecer";"Decrescente";"Chuva";"Dupla";"Reta";"Sim";2;0;2;0;0;0;2;2;-25,42970087;-49,37850986;"SPRF-PR";"DEL01-PR";"UOP06-DEL01-PR"
216388;2019-06-17;"segunda-feira";"18:20:00";"MS";60;505,1;"MARACAJU";"Falta de Atenção à Condução";"Tombamento";"Com Vítimas Feridas";"Plena Noite";"Decrescente";"Céu Claro";"Simples";"Rotatória";"Não";1;0;0;1;0;0;1;1;-21,19603372;-55,46518709;"SPRF-MS";"DEL05-MS";"UOP01-DEL05-MS"
216389;2019-06-17;"segunda-feira";"18:20:00";"RR";174;502;"BOA VISTA";"Ingestão de Álcool";"Colisão traseira";"Com Vítimas Feridas";"Anoitecer";"Decrescente";"Chuva";"Dupla";"Aclive;Reta";"Sim";2;0;0;1;1;0;1;2;2,787376;-60,699524;"SPRF-RR";"DEL01-RR";"UOP01-DEL01-RR"
216390;2019-06-17;"segunda-feira";"18:30:00";"SP";116;135,8;"SAO JOSE DOS CAMPOS";"Falta de Atenção à Condução";"Atropelamento de Pedestre";"Com Vítimas Feridas";"Plena Noite";"Crescente";"Céu Claro";"Dupla";"Reta";"Não";2;0;1;0;1;0;1;2;-23,144484;-45,77018;"SPRF-SP";"DEL06-SP";"UOP02-DEL02-SP"
216391;2019-06-17;"segunda-feira";"15:50:00";"SC";101;151,1;"ITAPEMA";"Falta de Atenção à Condução";"Colisão transversal";"Com Vítimas Feridas";"Pleno dia";"Crescente";"Céu Claro";"Simples";"Rotatória";"Sim";2;0;1;0;1;0;1;2;-27,126536;-48,609642;"SPRF-SC";"DEL04-SC";"UOP03-DEL04-SC"
216392;2019-06-17;"segunda-feira";"18:10:00";"SC";158;101,2;"CUNHA PORA";"Defeito na Via";"Tombamento";"Com Vítimas Feridas";"Anoitecer";"Crescente";"Céu Claro";"Simples";"Curva";"Não";1;0;0;1;0;0;1;1;-26,83661705;-53,17563409;"SPRF-SC";"DEL07-SC";"UOP02-DEL07-SC"
216393;2019-06-17;"segunda-feira";"15:00:00";"RJ";40;121;"DUQUE DE CAXIAS";"Agressão Externa";"Colisão com objeto estático";"Com Vítimas Feridas";"Pleno dia";"Crescente";"Céu Claro";"Múltipla";"Reta";"Não";2;0;1;1;0;0;2;1;-22,79103885;-43,28641176;"SPRF-RJ";"DEL01-RJ";"UOP01-DEL01-RJ"
216394;2019-06-17;"segunda-feira";"18:40:00";"MG";40;465,8;"SETE LAGOAS";"Objeto estático sobre o leito carroçável";"Colisão com objeto estático";"Com Vítimas Feridas";"Plena Noite";"Decrescente";"Céu Claro";"Simples";"Reta";"Não";2;0;1;1;0;0;2;1;-19,441929;-44,32637;"SPRF-MG";"DEL02-MG";"UOP01-DEL02-MG"
216395;2019-06-17;"segunda-feira";"19:40:00";"PR";376;7;"MARINGA";"Ingestão de Álcool";"Colisão traseira";"Com Vítimas Feridas";"Plena Noite";"Crescente";"Céu Claro";"Dupla";"Aclive";"Sim";3;0;1;1;1;0;2;2;-23,41023977;-51,87980361;"SPRF-PR";"DEL07-PR";"UOP01-DEL09-PR"
216403;2019-06-17;"segunda-feira";"18:50:00";"RS";472;122,3;"SAO JOSE DO INHACORA";"Desobediência às normas de trânsito pelo condutor";"Colisão traseira";"Com Vítimas Feridas";"Plena Noite";"Decrescente";"Céu Claro";"Simples";"Reta";"Não";2;0;1;1;0;0;2;2;-27,69262191;-54,16408508;"SPRF-RS";"DEL10-RS";"UOP01-DEL10-RS"
216405;2019-06-17;"segunda-feira";"19:35:00";"RS";116;612,1;"ARROIO GRANDE";"Falta de Atenção à Condução";"Colisão transversal";"Com Vítimas Feridas";"Plena Noite";"Crescente";"Céu Claro";"Simples";"Reta";"Não";2;0;0;1;1;0;1;2;-32,251217;-53,076706;"SPRF-RS";"DEL07-RS";"UOP03-DEL07-RS"
216407;2019-06-17;"segunda-feira";"11:45:00";"SC";470;26,8;"ILHOTA";"Falta de Atenção à Condução";"Colisão transversal";"Com Vítimas Feridas";"Pleno dia";"Crescente";"Céu Claro";"Dupla";"Reta;Em Obras";"Não";3;0;2;0;1;0;2;2;-26,88886117;-48,87908578;"SPRF-SC";"DEL04-SC";"UOP04-DEL04-SC"
216408;2019-06-17;"segunda-feira";"10:15:00";"SC";101;114,5;"ITAJAI";"Desobediência às normas de trânsito pelo condutor";"Tombamento";"Com Vítimas Feridas";"Pleno dia";"Crescente";"Céu Claro";"Dupla";"Curva";"Sim";1;0;1;0;0;0;1;1;-26,86687929;-48,73020172;"SPRF-SC";"DEL04-SC";"UOP04-DEL04-SC"
216409;2019-06-17;"segunda-feira";"20:20:00";"SC";101;114;"ITAJAI";"Falta de Atenção à Condução";"Colisão com objeto estático";"Com Vítimas Feridas";"Plena Noite";"Crescente";"Nublado";"Dupla";"Reta";"Sim";5;0;3;1;1;0;4;1;-26,86192886;-48,7286704;"SPRF-SC";"DEL04-SC";"UOP04-DEL04-SC"
216410;2019-02-25;"segunda-feira";"09:15:00";"BA";324;542;"AMELIA RODRIGUES";"Falta de Atenção à Condução";"Colisão transversal";"Com Vítimas Feridas";"Pleno dia";"Decrescente";"Céu Claro";"Dupla";"Curva";"Sim";2;0;1;0;1;0;1;2;-12,40373928;-38,75487328;"SPRF-BA";"DEL01-BA";"UOP01-DEL01-BA"
216412;2019-06-17;"segunda-feira";"20:25:00";"RS";116;261;"CANOAS";"Não guardar distância de segurança";"Colisão lateral";"Com Vítimas Feridas";"Plena Noite";"Crescente";"Céu Claro";"Dupla";"Reta";"Não";2;0;1;1;0;0;2;2;-29,896475;-51,17593;"SPRF-RS";"DEL01-RS";"UOP01-DEL01-RS"
216414;2019-06-17;"segunda-feira";"18:40:00";"DF";70;0,2;"BRASILIA";"Falta de Atenção à Condução";"Colisão transversal";"Sem Vítimas";"Anoitecer";"Crescente";"Céu Claro";"Dupla";"Reta";"Sim";4;0;0;0;4;0;0;3;-15,792352;-48,054509;"SPRF-DF";"DEL01-DF";"UOP02-DEL03-DF"
216415;2019-06-01;"sábado";"10:30:00";"MG";381;615;"OLIVEIRA";"Condutor Dormindo";"Saída de leito carroçável";"Com Vítimas Feridas";"Pleno dia";"Decrescente";"Céu Claro";"Dupla";"Curva";"Não";1;0;1;0;0;0;1;1;-20,75868217;-44,77478027;"SPRF-MG";"DEL04-MG";"UOP01-DEL04-MG"
216417;2019-06-17;"segunda-feira";"20:30:00";"MG";262;801;"UBERABA";"Defeito Mecânico no Veículo";"Saída de leito carroçável";"Sem Vítimas";"Plena Noite";"Crescente";"Céu Claro";"Dupla";"Reta";"Não";4;0;0;0;4;0;0;1;-19,77920263;-47,955319;"SPRF-MG";"DEL13-MG";"UOP01-DEL13-MG"
216419;2019-06-17;"segunda-feira";"17:40:00";"SC";282;216,5;"LAGES";"Desobediência às normas de trânsito pelo condutor";"Colisão transversal";"Sem Vítimas";"Pleno dia";"Decrescente";"Céu Claro";"Simples";"Curva;Interseção de Vias";"Sim";2;0;0;0;2;0;0;2;-27,79722039;-50,29027104;"SPRF-SC";"DEL05-SC";"UOP01-DEL05-SC"