"id";"data_inversa";"dia_semana";"horario";"uf";"br";"km";"municipio";"causa_acidente";"tipo_acidente";"classificacao_acidente";"fase_dia";"sentido_via";"condicao_metereologica";"tipo_pista";"tracado_via";"uso_solo";"pessoas";"mortos";"feridos_leves";"feridos_graves";"ilesos";"ignorados";"feridos";"veiculos";"latitude";"longitude";"regional";"delegacia";"uop"
216420;2019-06-17;"segunda-feira";"18:00:00";"SC";480;124;"CHAPECO";"Velocidade Incompatível";"Capotamento";"Com Vítimas Fatais";"Plena Noite";"Crescente";"Céu Claro";"Dupla";"Reta";"Sim";1;1;0;0;0;0;0;1;-27,00264897;-52,64434014;"SPRF-SC";"DEL07-SC";"UOP01-DEL07-SC"
216421;2019-06-17;"segunda-feira";"21:00:00";"SC";101;114;"NAVEGANTES";"Desobediência às normas de trânsito pelo condutor";"Colisão lateral";"Com Vítimas Feridas";"Plena Noite";"Crescente";"Céu Claro";"Dupla";"Reta";"Não";2;0;1;0;1;0;1;2;-26,86192886;-48,7286704;"SPRF-SC";"DEL04-SC";"UOP04-DEL04-SC"
216424;2019-06-17;"segunda-feira";"17:00:00";"ES";101;342;"GUARAPARI";"Não guardar distância de segurança";"Queda de ocupante de veículo";"Com Vítimas Feridas";"Anoitecer";"Decrescente";"Nublado";"Simples";"Reta";"Não";1;0;1;0;0;0;1;1;-20,65737321;-40,5823519;"SPRF-ES";"DEL03-ES";"UOP01-DEL03-ES"
216425;2019-06-17;"segunda-feira";"21:00:00";"GO";158;268,3;"JATAI";"Falta de Atenção à Condução";"Colisão transversal";"Com Vítimas Feridas";"Plena Noite";"Crescente";"Céu Claro";"Dupla";"Reta";"Sim";2;0;0;1;1;0;1;2;-17,846682;-51,73598;"SPRF-GO";"DEL05-GO";"UOP01-DEL05-GO"
216426;2019-06-17;"segunda-feira";"19:55:00";"PA";316;59,9;"CASTANHAL";"Falta de Atenção à Condução";"Atropelamento de Pedestre";"Com Vítimas Fatais";"Plena Noite";"Crescente";"Nublado";"Dupla";"Reta";"Sim";3;1;0;0;0;2;0;2;-1,29878288;-47,96418102;"SPRF-PA";"DEL01-PA";"UOP01-DEL01-PA"
216428;2019-06-17;"segunda-feira";"18:50:00";"MT";364;402,7;"CUIABA";"Falta de Atenção à Condução";"Tombamento";"Com Vítimas Feridas";"Plena Noite";"Decrescente";"Céu Claro";"Dupla";"Curva";"Sim";1;0;1;0;0;0;1;1;-15,66855019;-55,95476508;"SPRF-MT";"DEL02-MT";"UOP02-DEL01-MT"
216430;2019-06-17;"segunda-feira";"21:15:00";"SC";116;14,4;"MAFRA";"Defeito na Via";"Queda de ocupante de veículo";"Com Vítimas Feridas";"Plena Noite";"Crescente";"Céu Claro";"Simples";"Reta";"Não";1;0;0;1;0;0;1;1;-26,1927121;-49,87729374;"SPRF-SC";"DEL06-SC";"UOP01-DEL06-SC"
216431;2019-06-17;"segunda-feira";"22:00:00";"RJ";101;64;"CAMPOS DOS GOYTACAZES";"Desobediência às normas de trânsito pelo condutor";"Colisão traseira";"Com Vítimas Feridas";"Plena Noite";"Crescente";"Céu Claro";"Simples";"Curva";"Sim";3;0;1;0;2;0;1;2;-21,751998;-41,33941;"SPRF-RJ";"DEL08-RJ";"UOP02-DEL08-RJ"
216433;2019-03-09;"sábado";"20:10:00";"GO";40;26;"LUZIANIA";"Falta de Atenção à Condução";"Saída de leito carroçável";"Com Vítimas Feridas";"Plena Noite";"Decrescente";"Céu Claro";"Dupla";"Reta";"Não";1;0;0;1;0;0;1;1;-16,26105096;-47,89404653;"SPRF-DF";"DEL01-DF";"UOP01-DEL01-DF"
216435;2019-06-17;"segunda-feira";"18:45:00";"PR";376;175,7;"MARINGA";"Falta de Atenção à Condução";"Colisão traseira";"Com Vítimas Feridas";"Anoitecer";"Crescente";"Céu Claro";"Dupla";"Reta;Interseção de Vias";"Sim";3;0;2;1;0;0;3;2;-23,4124234;-51,94339444;"SPRF-PR";"DEL07-PR";"UOP01-DEL09-PR"
216436;2019-06-18;"terça-feira";"05:45:00";"RN";405;25,4;"MOSSORO";"Falta de Atenção à Condução";"Colisão frontal";"Com Vítimas Fatais";"Amanhecer";"Crescente";"Nevoeiro/Neblina";"Simples";"Reta";"Não";4;1;0;0;1;2;0;3;-5,2769958;-37,54272628;"SPRF-RN";"DEL04-RN";"UOP02-DEL04-RN"
216437;2019-06-17;"segunda-feira";"23:00:00";"DF";20;24,6;"BRASILIA";"Desobediência às normas de trânsito pelo condutor";"Saída de leito carroçável";"Sem Vítimas";"Plena Noite";"Crescente";"Céu Claro";"Dupla";"Viaduto";"Sim";1;0;0;0;1;0;0;1;-15,59574701;-47,65282273;"SPRF-DF";"DEL02-DF";"UOP01-DEL02-DF"
216439;2019-06-18;"terça-feira";"04:00:00";"RJ";101;286;"ITABORAI";"Animais na Pista";"Atropelamento de Animal";"Com Vítimas Feridas";"Plena Noite";"Crescente";"Ignorado";"Dupla";"Reta";"Não";1;0;1;0;0;0;1;1;-22,75409331;-42,82491696;"SPRF-RJ";"DEL02-RJ";"UOP03-DEL02-RJ"
216441;2019-06-17;"segunda-feira";"11:30:00";"MG";381;192,2;"PERIQUITO";"Falta de Atenção à Condução";"Saída de leito carroçável";"Com Vítimas Feridas";"Pleno dia";"Decrescente";"Céu Claro";"Simples";"Curva";"Não";2;0;1;1;0;0;2;1;-19,11835916;-42,21228485;"SPRF-MG";"DEL06-MG";"UOP01-DEL06-MG"
216443;2019-06-17;"segunda-feira";"22:50:00";"SC";282;482,8;"FAXINAL DOS GUEDES";"Ingestão de álcool e/ou substâncias psicoativas pelo pedestre";"Colisão frontal";"Com Vítimas Feridas";"Plena Noite";"Crescente";"Céu Claro";"Simples";"Reta";"Não";2;0;1;0;1;0;1;2;-26,863995;-52,218864;"SPRF-SC";"DEL07-SC";"UOP01-DEL07-SC"
216444;2019-06-18;"terça-feira";"04:50:00";"PE";232;28,2;"MORENO";"Defeito na Via";"Colisão com objeto estático";"Com Vítimas Feridas";"Amanhecer";"Crescente";"Chuva";"Dupla";"Reta";"Não";2;0;1;0;1;0;1;1;-8,11290892;-35,13442099;"SPRF-PE";"DEL01-PE";"UOP02-DEL02PE"
216445;2019-06-18;"terça-feira";"04:15:00";"MS";262;601;"MIRANDA";"Restrição de Visibilidade";"Tombamento";"Com Vítimas Feridas";"Plena Noite";"Crescente";"Céu Claro";"Simples";"Reta";"Não";2;0;0;1;0;1;1;2;-20,09316213;-56,74344513;"SPRF-MS";"DEL03-MS";"UOP02-DEL03-MS"
216447;2019-06-17;"segunda-feira";"18:30:00";"AC";364;115,2;"RIO BRANCO";"Falta de Atenção do Pedestre";"Colisão lateral";"Com Vítimas Feridas";"Plena Noite";"Crescente";"Céu Claro";"Simples";"Declive;Reta";"Não";3;0;2;0;0;1;2;2;-10,01315317;-67,7102;"SPRF-AC";"DEL01-AC";"UOP01-DEL01-AC"
216448;2019-06-18;"terça-feira";"06:10:00";"PR";116;92;"SAO JOSE DOS PINHAIS";"Falta de Atenção à Condução";"Colisão traseira";"Com Vítimas Feridas";"Amanhecer";"Crescente";"Nublado";"Dupla";"Viaduto;Reta";"Não";2;0;1;0;1;0;1;2;-25,47691403;-49,09767498;"SPRF-PR";"DEL01-PR";"UOP01-DEL01-PR"
216450;2019-06-18;"terça-feira";"05:40:00";"CE";222;2,5;"FORTALEZA";"Falta de Atenção à Condução";"Colisão transversal";"Com Vítimas Feridas";"Pleno dia";"Decrescente";"Céu Claro";"Múltipla";"Reta";"Sim";2;0;1;0;1;0;1;2;-3,73911117;-38,58687498;"SPRF-CE";"DEL01-CE";"UOP01-DEL01-CE"
216451;2019-06-17;"segunda-feira";"23:00:00";"MG";381;2;"BETIM";"Velocidade Incompatível";"Colisão com objeto estático";"Sem Vítimas";"Plena Noite";"Decrescente";"Céu Claro";"Dupla";"Curva";"Não";1;0;0;0;0;1;0;1;-19,96825;-44,198708;"SPRF-MG";"DEL01-MG";"UOP03-DEL01-MG"
216452;2019-06-18;"terça-feira";"06:50:00";"PE";101;73,7;"RECIFE";"Desobediência às normas de trânsito pelo condutor";"Tombamento";"Com Vítimas Feridas";"Pleno dia";"Decrescente";"Chuva";"Dupla";"Reta";"Sim";2;0;1;0;1;0;1;1;-8,093369;-34,947464;"SPRF-PE";"DEL01-PE";"UOP01-DEL01-PE"
216455;2019-06-18;"terça-feira";"07:20:00";"DF";20;15,5;"BRASILIA";"Desobediência às normas de trânsito pelo condutor";"Colisão traseira";"Com Vítimas Feridas";"Pleno dia";"Decrescente";"Céu Claro";"Dupla";"Reta";"Não";5;0;4;0;1;0;4;2;-15,630189;-47,733288;"SPRF-DF";"DEL02-DF";"UOP01-DEL02-DF"
216456;2019-06-17;"segunda-feira";"22:45:00";"RS";480;71,6;"ERECHIM";"Desobediência às normas de trânsito pelo condutor";"Colisão lateral";"Com Vítimas Feridas";"Plena Noite";"Decrescente";"Nublado";"Simples";"Reta";"Sim";2;0;1;0;1;0;1;2;-27,63462904;-52,314186;"SPRF-RS";"DEL08-RS";"UOP04-DEL08-RS"
216457;2019-06-18;"terça-feira";"03:50:00";"RJ";40;121;"DUQUE DE CAXIAS";"Não guardar distância de segurança";"Colisão traseira";"Sem Vítimas";"Plena Noite";"Crescente";"Céu Claro";"Múltipla";"Reta";"Sim";5;0;0;0;5;0;0;3;-22,78185499;-43,28571273;"SPRF-RJ";"DEL01-RJ";"UOP01-DEL01-RJ"
216459;2019-06-18;"terça-feira";"06:30:00";"PE";101;28,5;"ITAPISSUMA";"Pista Escorregadia";"Capotamento";"Sem Vítimas";"Pleno dia";"Crescente";"Chuva";"Dupla";"Curva";"Não";3;0;0;0;3;0;0;1;-7,72056385;-34,94127124;"SPRF-PE";"DEL01-PE";"UOP02-DEL01-PE"
216461;2019-06-18;"terça-feira";"07:40:00";"PE";232;409;"SERRA TALHADA";"Desobediência às normas de trânsito pelo condutor";"Saída de leito carroçável";"Com Vítimas Feridas";"Pleno dia";"Crescente";"Nublado";"Simples";"Reta";"Sim";1;0;1;0;0;0;1;1;-7,981944;-38,289467;"SPRF-PE";"DEL04-PE";"UOP01-DEL04-PE"
216462;2019-06-18;"terça-feira";"07:45:00";"RS";448;21;"PORTO ALEGRE";"Falta de Atenção à Condução";"Colisão traseira";"Sem Vítimas";"Pleno dia";"Crescente";"Céu Claro";"Dupla";"Reta";"Não";2;0;0;0;2;0;0;2;-29,96574;-51,202034;"SPRF-RS";"DEL01-RS";"UOP01-DEL01-RS"
216463;2019-06-18;"terça-feira";"07:10:00";"PI";316;3,7;"TERESINA";"Falta de Atenção do Pedestre";"Atropelamento de Pedestre";"Com Vítimas Feridas";"Pleno dia";"Crescente";"Nublado";"Dupla";"Reta";"Sim";2;0;1;1;0;0;2;2;-5,12826443;-42,79292384;"SPRF-PI";"DEL01-PI";"UOP02-DEL01-PI"
216464;2019-06-18;"terça-feira";"08:00:00";"SC";101;89,2;"BARRA VELHA";"Falta de Atenção à Condução";"Colisão transversal";"Com Vítimas Feridas";"Pleno dia";"Decrescente";"Nublado";"Dupla";"Reta";"Sim";2;0;1;0;1;0;1;2;-26,65458112;-48,68734807;"SPRF-SC";"DEL03-SC";"UOP02-DEL03-SC"
216465;2019-06-18;"terça-feira";"07:30:00";"RJ";116;168,5;"RIO DE JANEIRO";"Falta de Atenção à Condução";"Colisão traseira";"Com Vítimas Feridas";"Pleno dia";"Decrescente";"Nublado";"Múltipla";"Reta";"Sim";2;0;1;0;1;0;1;2;-22,79407458;-43,36460978;"SPRF-RJ";"DEL01-RJ";"UOP02-DEL01-RJ"
216467;2019-06-18;"terça-feira";"07:50:00";"DF";80;7,9;"BRASILIA";"Falta de Atenção à Condução";"Colisão traseira";"Com Vítimas Feridas";"Pleno dia";"Decrescente";"Céu Claro";"Simples";"Reta";"Sim";2;0;0;1;1;0;1;2;-15,73120214;-48,14832958;"SPRF-DF";"DEL01-DF";"UOP02-DEL03-DF"
216468;2019-06-18;"terça-feira";"09:40:00";"MG";40;532;"CONTAGEM";"Falta de Atenção à Condução";"Colisão traseira";"Sem Vítimas";"Pleno dia";"Crescente";"Céu Claro";"Dupla";"Reta;Declive";"Sim";2;0;0;0;2;0;0;2;-19,92372561;-44,01700789;"SPRF-MG";"DEL01-MG";"UOP02-DEL01-MG"
216470;2019-06-18;"terça-feira";"08:50:00";"PR";277;83;"CURITIBA";"Velocidade Incompatível";"Colisão traseira";"Com Vítimas Feridas";"Pleno dia";"Crescente";"Céu Claro";"Dupla";"Reta";"Sim";3;0;0;1;1;1;1;3;-25,568939;-49,181978;"SPRF-PR";"DEL01-PR";"UOP06-DEL01-PR"
216471;2019-06-18;"terça-feira";"10:00:00";"SP";153;62,5;"SAO JOSE DO RIO PRETO";"Falta de Atenção à Condução";"Tombamento";"Com Vítimas Feridas";"Pleno dia";"Crescente";"Céu Claro";"Dupla";"Aclive";"Sim";1;0;1;0;0;0;1;1;-20,81325404;-49,35675563;"SPRF-SP";"DEL09-SP";"UOP01-DEL09-SP"
216473;2019-06-18;"terça-feira";"08:00:00";"MG";262;365;"BETIM";"Velocidade Incompatível";"Queda de ocupante de veículo";"Com Vítimas Feridas";"Pleno dia";"Decrescente";"Céu Claro";"Dupla";"Reta";"Não";2;0;2;0;0;0;2;1;-19,97856934;-44,25336717;"SPRF-MG";"DEL01-MG";"UOP03-DEL01-MG"
216474;2019-06-18;"terça-feira";"11:00:00";"GO";40;11,9;"LUZIANIA";"Falta de Atenção à Condução";"Colisão transversal";"Com Vítimas Feridas";"Pleno dia";"Crescente";"Céu Claro";"Dupla";"Reta";"Sim";3;0;0;1;0;2;1;3;-16,138336;-47,951644;"SPRF-DF";"DEL01-DF";"UOP01-DEL01-DF"
216475;2019-06-18;"terça-feira";"09:00:00";"DF";20;27;"BRASILIA";"Falta de Atenção à Condução";"Colisão traseira";"Com Vítimas Feridas";"Pleno dia";"Decrescente";"Céu Claro";"Múltipla";"Curva";"Não";3;0;1;0;2;0;1;2;-15,597054;-47,631065;"SPRF-DF";"DEL02-DF";"UOP01-DEL02-DF"
216477;2019-06-18;"terça-feira";"11:20:00";"SC";470;89,6;"ASCURRA";"Desobediência às normas de trânsito pelo condutor";"Colisão transversal";"Com Vítimas Feridas";"Pleno dia";"Decrescente";"Sol";"Simples";"Reta;Interseção de Vias";"Não";3;0;1;0;2;0;1;2;-26,961573;-49,371918;"SPRF-SC";"DEL04-SC";"UOP01-DEL04-SC"
216479;2019-06-18;"terça-feira";"09:15:00";"PE";408;104;"JABOATAO DOS GUARARAPES";"Animais na Pista";"Queda de ocupante de veículo";"Com Vítimas Feridas";"Pleno dia";"Crescente";"Céu Claro";"Dupla";"Reta";"Sim";2;0;2;0;0;0;2;1;-8,064443;-34,99006;"SPRF-PE";"DEL01-PE";"UOP01-DEL01-PE"
216481;2019-06-18;"terça-feira";"06:50:00";"MG";356;265,4;"MURIAE";"Falta de Atenção à Condução";"Colisão traseira";"Com Vítimas Feridas";"Pleno dia";"Decrescente";"Céu Claro";"Simples";"Interseção de Vias";"Sim";2;0;1;0;1;0;1;2;-21,12838898;-42,366803;"SPRF-MG";"DEL07-MG";"UOP02-DEL07-MG"
216483;2019-06-18;"terça-feira";"09:20:00";"MG";116;519,3;"UBAPORANGA";"Falta de Atenção à Condução";"Saída de leito carroçável";"Com Vítimas Feridas";"Plena Noite";"Decrescente";"Nublado";"Simples";"Curva";"Não";1;0;1;0;0;0;1;1;-19,71798497;-42,12830605;"SPRF-MG";"DEL06-MG";"UOP02-DEL06-MG"
216484;2019-06-18;"terça-feira";"10:10:00";"PR";476;169,2;"CONTENDA";"Falta de Atenção à Condução";"Colisão lateral";"Com Vítimas Feridas";"Pleno dia";"Decrescente";"Nublado";"Dupla";"Curva;Declive";"Sim";2;0;1;0;1;0;1;2;-25,666254;-49,495918;"SPRF-PR";"DEL01-PR";"UOP06-DEL01-PR"
216488;2019-06-18;"terça-feira";"11:40:00";"PB";230;13;"CABEDELO";"Não guardar distância de segurança";"Engavetamento";"Sem Vítimas";"Pleno dia";"Decrescente";"Chuva";"Dupla";"Reta";"Sim";5;0;0;0;5;0;0;5;-7,0772;-34,8494;"SPRF-PB";"DEL01-PB";"UOP01-DEL01-PB"
216490;2019-06-18;"terça-feira";"12:20:00";"AL";101;135,7;"SAO MIGUEL DOS CAMPOS";"Falta de Atenção à Condução";"Colisão transversal";"Com Vítimas Feridas";"Pleno dia";"Crescente";"Nublado";"Simples";"Interseção de Vias";"Sim";3;0;0;1;2;0;1;2;-9,78834902;-36,10509283;"SPRF-AL";"DEL02-AL";"UOP01-DEL02-AL"
216491;2019-06-18;"terça-feira";"07:50:00";"SP";116;218,6;"GUARULHOS";"Desobediência às normas de trânsito pelo condutor";"Colisão traseira";"Com Vítimas Feridas";"Pleno dia";"Crescente";"Céu Claro";"Múltipla";"Reta";"Sim";2;0;1;0;1;0;1;2;-23,457972;-46,479927;"SPRF-SP";"DEL01-SP";"UOP01-DEL01-SP"
216492;2019-06-18;"terça-feira";"12:00:00";"MS";163;501;"CAMPO GRANDE";"Defeito Mecânico no Veículo";"Tombamento";"Com Vítimas Feridas";"Pleno dia";"Crescente";"Céu Claro";"Simples";"Reta";"Não";2;0;2;0;0;0;2;1;-20,31813699;-54,51434503;"SPRF-MS";"DEL01-MS";"UOP02-DEL01-MS"
216493;2019-06-18;"terça-feira";"11:30:00";"RJ";465;13;"SEROPEDICA";"Falta de Atenção à Condução";"Colisão transversal";"Com Vítimas Feridas";"Pleno dia";"Decrescente";"Céu Claro";"Simples";"Reta";"Sim";3;0;1;0;1;1;1;3;-22,798468;-43,645508;"SPRF-RJ";"DEL01-RJ";"UOP01-DEL01-MS"
216494;2019-06-18;"terça-feira";"12:35:00";"DF";40;1;"BRASILIA";"Ultrapassagem Indevida";"Colisão lateral";"Com Vítimas Feridas";"Pleno dia";"Decrescente";"Céu Claro";"Dupla";"Reta";"Sim";3;0;1;0;2;0;1;3;-15,976897;-47,990129;"SPRF-DF";"DEL01-DF";"UOP01-DEL01-DF"
216495;2019-06-18;"terça-feira";"12:10:00";"PR";163;10,4;"BARRACAO";"Falta de Atenção do Pedestre";"Atropelamento de Pedestre";"Com Vítimas Feridas";"Pleno dia";"Decrescente";"Céu Claro";"Simples";"Aclive;Reta";"Não";4;0;0;1;2;1;1;2;-26,241192;-53,634939;"SPRF-PR";"DEL02-PR";"UOP02-DEL02-PR"
216497;2019-06-18;"terça-feira";"11:35:00";"RO";174;13,4;"VILHENA";"Ingestão de Álcool";"Colisão traseira";"Sem Vítimas";"Pleno dia";"Decrescente";"Sol";"Dupla";"Interseção de Vias;Reta";"Sim";2;0;0;0;2;0;0;2;-12,74140004;-60,13026401;"SPRF-RO";"DEL04-RO";"UOP01-DEL04-RO"
216498;2019-06-18;"terça-feira";"08:00:00";"SC";282;0,8;"FLORIANOPOLIS";"Objeto estático sobre o leito carroçável";"Colisão com objeto estático";"Com Vítimas Feridas";"Pleno dia";"Decrescente";"Céu Claro";"Múltipla";"Reta";"Sim";2;0;1;0;1;0;1;2;-27,59845;-48,571995;"SPRF-SC";"DEL01-SC";"UOP01-DEL01-SC"
216500;2019-06-18;"terça-feira";"13:00:00";"SC";470;98,9;"APIUNA";"Mal Súbito";"Colisão com objeto estático";"Sem Vítimas";"Pleno dia";"Crescente";"Céu Claro";"Simples";"Reta";"Sim";3;0;0;0;3;0;0;3;-27,032537;-49,385468;"SPRF-SC";"DEL04-SC";"UOP01-DEL04-SC"
216502;2019-06-18;"terça-feira";"08:45:00";"SP";116;221,3;"GUARULHOS";"Falta de Atenção à Condução";"Atropelamento de Pedestre";"Com Vítimas Feridas";"Pleno dia";"Decrescente";"Céu Claro";"Múltipla";"Reta";"Sim";2;0;1;0;1;0;1;2;-23,47043732;-46,51432085;"SPRF-SP";"DEL01-SP";"UOP01-DEL01-SP"
216504;2019-06-18;"terça-feira";"12:15:00";"SC";280;35,8;"ARAQUARI";"Desobediência às normas de trânsito pelo condutor";"Colisão transversal";"Com Vítimas Feridas";"Pleno dia";"Crescente";"Nublado";"Simples";"Interseção de Vias;Curva";"Não";2;0;2;0;0;0;2;2;-26,440538;-48,807889;"SPRF-SC";"DEL03-SC";"UOP03-DEL03-SC"
216505;2019-06-15;"sábado";"08:05:00";"RJ";116;202;"SEROPEDICA";"Falta de Atenção à Condução";"Colisão lateral";"Com Vítimas Feridas";"Pleno dia";"Crescente";"Céu Claro";"Dupla";"Reta";"Não";2;0;1;0;1;0;1;2;-22,72996588;-43,61317403;"SPRF-RJ";"DEL01-RJ";"UOP03-DEL01-RJ"
216506;2019-06-18;"terça-feira";"09:00:00";"PR";153;492,5;"GENERAL CARNEIRO";"Desobediência às normas de trânsito pelo condutor";"Colisão frontal";"Com Vítimas Feridas";"Pleno dia";"Crescente";"Céu Claro";"Simples";"Reta";"Sim";2;0;1;1;0;0;2;2;-26,43302988;-51,31944001;"SPRF-PR";"DEL02-PR";"UOP03-DEL02-PR"
216507;2019-06-18;"terça-feira";"11:45:00";"RO";319;62,8;"PORTO VELHO";"Desobediência às normas de trânsito pelo condutor";"Colisão transversal";"Com Vítimas Feridas";"Pleno dia";"Crescente";"Céu Claro";"Dupla";"Interseção de Vias";"Sim";2;0;1;0;1;0;1;2;-8,766685;-63,884052;"SPRF-RO";"DEL01-RO";"UOP01-DEL01-RO"
216508;2019-06-18;"terça-feira";"13:00:00";"MG";381;497;"BETIM";"Falta de Atenção à Condução";"Capotamento";"Sem Vítimas";"Pleno dia";"Crescente";"Nublado";"Dupla";"Curva";"Sim";1;0;0;0;1;0;0;1;-20,00483625;-44,21367172;"SPRF-MG";"DEL01-MG";"UOP03-DEL01-MG"
216510;2019-06-18;"terça-feira";"09:00:00";"SC";101;119;"ITAJAI";"Desobediência às normas de trânsito pelo condutor";"Colisão lateral";"Com Vítimas Feridas";"Pleno dia";"Crescente";"Céu Claro";"Dupla";"Reta";"Sim";2;0;0;2;0;0;2;2;-26,9043179;-48,71555481;"SPRF-SC";"DEL04-SC";"UOP04-DEL04-SC"
216511;2019-06-11;"terça-feira";"06:25:00";"MG";381;250,4;"SANTANA DO PARAISO";"Desobediência às normas de trânsito pelo condutor";"Colisão transversal";"Com Vítimas Feridas";"Amanhecer";"Crescente";"Céu Claro";"Simples";"Reta";"Sim";2;0;0;1;1;0;1;2;-19,45381581;-42,52115607;"SPRF-MG";"DEL06-MG";"UOP01-DEL06-MG"
216512;2019-06-18;"terça-feira";"13:20:00";"RN";226;2,3;"NATAL";"Desobediência às normas de trânsito pelo condutor";"Colisão lateral";"Sem Vítimas";"Pleno dia";"Crescente";"Céu Claro";"Dupla";"Interseção de Vias";"Sim";2;0;0;0;2;0;0;2;-5,81548937;-35,24871111;"SPRF-RN";"DEL01-RN";"UOP02-DEL01-RN"
216513;2019-06-18;"terça-feira";"12:30:00";"MT";163;837;"SINOP";"Falta de Atenção à Condução";"Colisão transversal";"Com Vítimas Feridas";"Pleno dia";"Crescente";"Céu Claro";"Dupla";"Interseção de Vias;Reta";"Sim";2;0;0;1;1;0;1;2;-11,968963;-55,51695578;"SPRF-MT";"DEL06-MT";"UOP02-DEL06-MT"
216514;2019-06-12;"quarta-feira";"22:00:00";"PE";101;87,5;"JABOATAO DOS GUARARAPES";"Falta de Atenção à Condução";"Colisão transversal";"Sem Vítimas";"Plena Noite";"Decrescente";"Chuva";"Simples";"Reta";"Sim";2;0;0;0;1;1;0;2;-8,20506941;-34,96155024;"SPRF-PE";"DEL01-PE";"UOP03-DEL01-PE"
216515;2019-05-13;"segunda-feira";"19:30:00";"PR";467;106;"CASCAVEL";"Mal Súbito";"Saída de leito carroçável";"Com Vítimas Feridas";"Plena Noite";"Crescente";"Céu Claro";"Dupla";"Reta";"Não";1;0;1;0;0;0;1;1;-24,9177;-53,4836;"SPRF-PR";"DEL04-PR";"UOP01-DEL04-PR"
216516;2019-06-18;"terça-feira";"09:35:00";"SC";101;347;"JAGUARUNA";"Falta de Atenção à Condução";"Saída de leito carroçável";"Com Vítimas Feridas";"Pleno dia";"Decrescente";"Sol";"Dupla";"Reta";"Não";1;0;1;0;0;0;1;1;-28,56402604;-49,05410532;"SPRF-SC";"DEL02-SC";"UOP01-DEL02-SC"
216518;2019-06-18;"terça-feira";"14:20:00";"SC";282;5;"SAO JOSE";"Falta de Atenção à Condução";"Queda de ocupante de veículo";"Com Vítimas Feridas";"Pleno dia";"Decrescente";"Sol";"Dupla";"Reta";"Sim";1;0;1;0;0;0;1;1;-27,588425;-48,612919;"SPRF-SC";"DEL01-SC";"UOP01-DEL01-SC"
216519;2019-06-18;"terça-feira";"14:50:00";"SP";153;63;"SAO JOSE DO RIO PRETO";"Falta de Atenção à Condução";"Tombamento";"Com Vítimas Feridas";"Pleno dia";"Crescente";"Sol";"Dupla";"Reta";"Sim";1;0;1;0;0;0;1;1;-20,82143143;-49,35774744;"SPRF-SP";"DEL09-SP";"UOP01-DEL09-SP"
216521;2019-06-18;"terça-feira";"14:50:00";"RJ";40;31;"TRES RIOS";"Condutor Dormindo";"Colisão com objeto estático";"Com Vítimas Feridas";"Pleno dia";"Crescente";"Céu Claro";"Dupla";"Curva";"Não";1;0;1;0;0;0;1;1;-22,19245612;-43,16023202;"SPRF-RJ";"DEL06-RJ";"UOP02-DEL05-RJ"
216522;2019-06-18;"terça-feira";"13:45:00";"RS";468;105,3;"TRES PASSOS";"Falta de Atenção à Condução";"Colisão transversal";"Com Vítimas Feridas";"Pleno dia";"Crescente";"Sol";"Simples";"Reta";"Sim";2;0;2;0;0;0;2;2;-27,44375401;-53,94975605;"SPRF-RS";"DEL08-RS";"UOP02-DEL08-RS"
216523;2019-06-18;"terça-feira";"14:45:00";"SP";116;123;"CACAPAVA";"Mal Súbito";"Engavetamento";"Com Vítimas Feridas";"Pleno dia";"Crescente";"Céu Claro";"Dupla";"Reta";"Não";4;0;1;0;3;0;1;3;-23,08754228;-45,66969781;"SPRF-SP";"DEL06-SP";"UOP02-DEL02-SP"
216525;2019-06-16;"domingo";"17:10:00";"MS";267;208;"NOVA ALVORADA DO SUL";"Ingestão de Álcool";"Queda de ocupante de veículo";"Com Vítimas Feridas";"Anoitecer";"Crescente";"Céu Claro";"Simples";"Reta";"Não";1;0;1;0;0;0;1;1;-21,59262158;-54,02594003;"SPRF-MS";"DEL02-MS";"UOP03-DEL02-MS"
216526;2019-06-18;"terça-feira";"13:50:00";"PR";163;83,1;"PLANALTO";"Desobediência às normas de trânsito pelo condutor";"Colisão transversal";"Com Vítimas Feridas";"Pleno dia";"Decrescente";"Céu Claro";"Simples";"Interseção de Vias";"Sim";6;0;2;0;4;0;2;2;-25,73044895;-53,79670803;"SPRF-PR";"DEL02-PR";"UOP02-DEL02-PR"
216533;2019-06-18;"terça-feira";"15:20:00";"PI";343;4,7;"TERESINA";"Não guardar distância de segurança";"Colisão traseira";"Com Vítimas Feridas";"Pleno dia";"Crescente";"Sol";"Dupla";"Ponte";"Sim";3;0;0;2;1;0;2;2;-5,08251602;-42,79527426;"SPRF-PI";"DEL01-PI";"UOP01-DEL01-PI"
216534;2019-06-18;"terça-feira";"15:40:00";"PB";101;79,8;"SANTA RITA";"Velocidade Incompatível";"Saída de leito carroçável";"Sem Vítimas";"Anoitecer";"Crescente";"Nublado";"Dupla";"Curva";"Sim";1;0;0;0;1;0;0;1;-7,1147526;-34,95793891;"SPRF-PB";"DEL01-PB";"UOP04-DEL01-PB"
216535;2019-06-18;"terça-feira";"16:45:00";"PI";343;3,2;"TERESINA";"Falta de Atenção à Condução";"Colisão traseira";"Com Vítimas Feridas";"Pleno dia";"Decrescente";"Céu Claro";"Dupla";"Reta";"Sim";2;0;1;0;1;0;1;2;-5,089569;-42,802288;"SPRF-PI";"DEL01-PI";"UOP01-DEL01-PI"