"id";"data_inversa";"dia_semana";"horario";"uf";"br";"km";"municipio";"causa_acidente";"tipo_acidente";"classificacao_acidente";"fase_dia";"sentido_via";"condicao_metereologica";"tipo_pista";"tracado_via";"uso_solo";"pessoas";"mortos";"feridos_leves";"feridos_graves";"ilesos";"ignorados";"feridos";"veiculos";"latitude";"longitude";"regional";"delegacia";"uop"
216537;2019-06-18;"terça-feira";"16:10:00";"RS";386;118;"SARANDI";"Falta de Atenção à Condução";"Colisão transversal";"Com Vítimas Feridas";"Pleno dia";"Decrescente";"Céu Claro";"Simples";"Reta;Em Obras";"Não";2;0;1;0;1;0;1;2;-27,862652;-53,01236;"SPRF-RS";"DEL08-RS";"UOP01-DEL08-RS"
216538;2019-06-18;"terça-feira";"17:20:00";"RN";101;79,7;"NATAL";"Falta de Atenção à Condução";"Colisão lateral";"Com Vítimas Feridas";"Anoitecer";"Crescente";"Céu Claro";"Dupla";"Reta";"Sim";2;0;0;1;1;0;1;2;-5,74962896;-35,28918369;"SPRF-RN";"DEL02-RN";"UOP01-DEL02-RN"
216539;2019-06-18;"terça-feira";"14:30:00";"RS";392;31,7;"RIO GRANDE";"Falta de Atenção à Condução";"Saída de leito carroçável";"Com Vítimas Feridas";"Pleno dia";"Crescente";"Céu Claro";"Dupla";"Curva;Viaduto";"Não";2;0;1;1;0;0;2;1;-32,04179424;-52,28176437;"SPRF-RS";"DEL07-RS";"UOP02-DEL07-RS"
216541;2019-06-18;"terça-feira";"17:30:00";"MG";40;523;"CONTAGEM";"Falta de Atenção à Condução";"Capotamento";"Com Vítimas Feridas";"Anoitecer";"Decrescente";"Céu Claro";"Dupla";"Reta";"Sim";1;0;1;0;0;0;1;1;-19,86874894;-44,05962197;"SPRF-MG";"DEL01-MG";"UOP02-DEL01-MG"
216542;2019-06-18;"terça-feira";"18:10:00";"SP";116;145;"SAO JOSE DOS CAMPOS";"Falta de Atenção à Condução";"Atropelamento de Pedestre";"Com Vítimas Feridas";"Plena Noite";"Decrescente";"Céu Claro";"Dupla";"Reta";"Sim";2;0;1;0;1;0;1;2;-23,1869844;-45,8548078;"SPRF-SP";"DEL02-SP";"UOP01-DEL02-SP"
216544;2019-06-18;"terça-feira";"15:00:00";"RJ";101;414;"ITAGUAI";"Falta de Atenção do Pedestre";"Atropelamento de Pedestre";"Com Vítimas Feridas";"Pleno dia";"Crescente";"Céu Claro";"Dupla";"Reta";"Sim";3;0;1;0;2;0;1;2;-22,90390285;-43,87258001;"SPRF-RJ";"DEL03-RJ";"UOP01-DEL03-RJ"
216549;2019-06-18;"terça-feira";"18:00:00";"SP";116;95,5;"PINDAMONHANGABA";"Defeito Mecânico no Veículo";"Tombamento";"Sem Vítimas";"Anoitecer";"Decrescente";"Céu Claro";"Dupla";"Reta";"Não";1;0;0;0;1;0;0;1;-22,96514512;-45,43013094;"SPRF-SP";"DEL06-SP";"UOP01-DEL06-SP"
216551;2019-06-18;"terça-feira";"18:20:00";"PR";277;121;"CAMPO LARGO";"Desobediência às normas de trânsito pelo condutor";"Colisão frontal";"Com Vítimas Fatais";"Anoitecer";"Decrescente";"Céu Claro";"Simples";"Curva;Aclive";"Não";4;1;1;0;1;1;1;3;-25,45862392;-49,56162751;"SPRF-PR";"DEL01-PR";"UOP06-DEL01-PR"
216552;2019-06-18;"terça-feira";"18:20:00";"PE";428;192;"PETROLINA";"Desobediência às normas de trânsito pelo condutor";"Colisão lateral";"Com Vítimas Feridas";"Plena Noite";"Crescente";"Céu Claro";"Simples";"Reta";"Sim";3;0;1;0;2;0;1;3;-9,38067769;-40,51113714;"SPRF-PE";"DEL06-PE";"UOP01-DEL06-PE"
216553;2019-06-18;"terça-feira";"18:50:00";"BA";242;3;"BARREIRAS";"Desobediência às normas de trânsito pelo condutor";"Colisão transversal";"Com Vítimas Feridas";"Plena Noite";"Crescente";"Céu Claro";"Simples";"Rotatória";"Não";5;0;1;0;4;0;1;2;-12,153215;-44,990364;"SPRF-BA";"DEL10-BA";"UOP01-DEL10-BA"
216554;2019-06-18;"terça-feira";"17:31:00";"MT";364;401;"CUIABA";"Desobediência às normas de trânsito pelo condutor";"Colisão lateral";"Com Vítimas Feridas";"Plena Noite";"Decrescente";"Céu Claro";"Dupla";"Interseção de Vias";"Sim";2;0;1;0;1;0;1;2;-15,65805482;-55,98030478;"SPRF-MT";"DEL02-MT";"UOP02-DEL01-MT"
216555;2019-06-18;"terça-feira";"19:10:00";"RJ";101;67;"CAMPOS DOS GOYTACAZES";"Falta de Atenção à Condução";"Colisão transversal";"Com Vítimas Feridas";"Plena Noite";"Crescente";"Céu Claro";"Simples";"Reta";"Sim";2;0;0;1;1;0;1;2;-21,76751094;-41,34876249;"SPRF-RJ";"DEL08-RJ";"UOP02-DEL08-RJ"
216556;2019-06-18;"terça-feira";"13:40:00";"SC";153;81,2;"IRANI";"Desobediência às normas de trânsito pelo condutor";"Saída de leito carroçável";"Sem Vítimas";"Pleno dia";"Decrescente";"Céu Claro";"Simples";"Curva";"Não";2;0;0;0;2;0;0;2;-27,122955;-51,926865;"SPRF-SC";"DEL07-SC";"UOP04-DEL07-SC"
216558;2019-06-18;"terça-feira";"19:40:00";"GO";70;6,8;"AGUAS LINDAS DE GOIAS";"Falta de Atenção à Condução";"Atropelamento de Pedestre";"Com Vítimas Feridas";"Plena Noite";"Crescente";"Céu Claro";"Dupla";"Reta";"Sim";2;0;2;0;0;0;2;2;-15,75049381;-48,2612381;"SPRF-DF";"DEL01-DF";"UOP02-DEL03-DF"
216559;2019-06-18;"terça-feira";"18:56:00";"MG";381;938,9;"EXTREMA";"Falta de Atenção à Condução";"Colisão traseira";"Com Vítimas Fatais";"Plena Noite";"Decrescente";"Céu Claro";"Dupla";"Em Obras;Reta";"Não";9;2;3;0;4;0;3;6;-22,83909203;-46,32850893;"SPRF-MG";"DEL16-MG";"UOP03-DEL16-MG"
216561;2019-06-18;"terça-feira";"19:15:00";"SC";101;214;"PALHOCA";"Defeito na Via";"Colisão traseira";"Com Vítimas Feridas";"Pleno dia";"Decrescente";"Céu Claro";"Múltipla";"Viaduto";"Sim";3;0;2;0;1;0;2;3;-27,64443;-48,67057;"SPRF-SC";"DEL01-SC";"UOP02-DEL01-SC"
216562;2019-06-15;"sábado";"07:00:00";"SP";116;223;"GUARULHOS";"Não guardar distância de segurança";"Colisão traseira";"Com Vítimas Feridas";"Pleno dia";"Decrescente";"Céu Claro";"Múltipla";"Reta";"Sim";1;0;1;0;0;0;1;1;-23,47559815;-46,5246609;"SPRF-SP";"DEL01-SP";"UOP01-DEL01-SP"
216563;2019-06-18;"terça-feira";"18:00:00";"MG";356;267;"MURIAE";"Falta de Atenção do Pedestre";"Atropelamento de Pedestre";"Com Vítimas Feridas";"Anoitecer";"Crescente";"Nublado";"Simples";"Declive;Reta";"Sim";5;0;0;4;0;1;4;2;-21,12735907;-42,35740185;"SPRF-MG";"DEL07-MG";"UOP02-DEL07-MG"
216564;2019-06-18;"terça-feira";"19:40:00";"RS";158;335;"SANTA MARIA";"Animais na Pista";"Saída de leito carroçável";"Com Vítimas Feridas";"Plena Noite";"Decrescente";"Céu Claro";"Simples";"Reta";"Não";1;0;1;0;0;0;1;1;-29,70851535;-53,88442286;"SPRF-RS";"DEL09-RS";"UOP01-DEL09-RS"
216565;2019-06-18;"terça-feira";"19:01:00";"PR";163;286,5;"MARECHAL CANDIDO RONDON";"Falta de Atenção do Pedestre";"Atropelamento de Pedestre";"Com Vítimas Feridas";"Plena Noite";"Crescente";"Céu Claro";"Dupla";"Curva";"Sim";2;0;1;1;0;0;2;2;-24,568102;-54,034168;"SPRF-PR";"DEL06-PR";"UOP02-DEL06-PR"
216566;2019-06-18;"terça-feira";"17:35:00";"PI";343;450,3;"SAO PEDRO DO PIAUI";"Falta de Atenção à Condução";"Queda de ocupante de veículo";"Com Vítimas Feridas";"Anoitecer";"Decrescente";"Céu Claro";"Simples";"Reta";"Não";2;0;1;0;0;1;1;2;-5,91410491;-42,69239902;"SPRF-PI";"DEL01-PI";"UOP02-DEL01-PI"
216569;2019-06-18;"terça-feira";"20:20:00";"GO";60;303,9;"ACREUNA";"Desobediência às normas de trânsito pelo condutor";"Colisão com objeto em movimento";"Com Vítimas Fatais";"Plena Noite";"Crescente";"Ignorado";"Dupla";"Reta";"Sim";2;1;0;0;1;0;0;2;-17,37902326;-50,36798;"SPRF-GO";"DEL04-GO";"UOP01-DEL04-GO"
216570;2019-06-18;"terça-feira";"19:10:00";"RS";158;568,5;"SANTANA DO LIVRAMENTO";"Defeito Mecânico no Veículo";"Tombamento";"Com Vítimas Feridas";"Plena Noite";"Decrescente";"Chuva";"Simples";"Reta";"Sim";1;0;0;1;0;0;1;1;-30,89333002;-55,50767668;"SPRF-RS";"DEL11-RS";"UOP01-DEL11-RS"
216572;2019-06-18;"terça-feira";"17:20:00";"PE";232;507,5;"SALGUEIRO";"Falta de Atenção à Condução";"Colisão transversal";"Com Vítimas Feridas";"Pleno dia";"Crescente";"Chuva";"Simples";"Interseção de Vias";"Sim";3;0;1;0;1;1;1;2;-8,06038759;-39,11191706;"SPRF-PE";"DEL05-PE";"UOP01-DEL05-PE"
216573;2019-06-18;"terça-feira";"18:40:00";"SC";470;183,9;"POUSO REDONDO";"Animais na Pista";"Atropelamento de Animal";"Com Vítimas Feridas";"Plena Noite";"Crescente";"Nublado";"Simples";"Reta";"Não";1;0;1;0;0;0;1;1;-27,251547;-50,016747;"SPRF-SC";"DEL04-SC";"UOP02-DEL04-SC"
216575;2019-06-18;"terça-feira";"19:40:00";"SC";101;40,5;"JOINVILLE";"Restrição de Visibilidade";"Atropelamento de Pedestre";"Com Vítimas Feridas";"Plena Noite";"Crescente";"Nublado";"Simples";"Reta;Aclive";"Não";2;0;2;0;0;0;2;2;-26,27176094;-48,89468382;"SPRF-SC";"DEL03-SC";"UOP01-DEL03-SC"
216576;2019-06-18;"terça-feira";"20:40:00";"BA";101;879;"TEIXEIRA DE FREITAS";"Ingestão de Álcool";"Queda de ocupante de veículo";"Com Vítimas Feridas";"Plena Noite";"Crescente";"Nublado";"Simples";"Rotatória";"Sim";1;0;1;0;0;0;1;1;-17,554416;-39,723855;"SPRF-BA";"DEL09-BA";"UOP02-DEL09-BA"
216577;2019-06-18;"terça-feira";"18:20:00";"MT";364;273;"JACIARA";"Falta de Atenção do Pedestre";"Atropelamento de Pedestre";"Com Vítimas Feridas";"Plena Noite";"Crescente";"Céu Claro";"Múltipla";"Reta";"Sim";2;0;0;1;1;0;1;2;-15,96077957;-54,96772983;"SPRF-MT";"DEL02-MT";"UOP02-DEL05-MT"
216578;2019-06-18;"terça-feira";"21:30:00";"PI";316;5,3;"TERESINA";"Desobediência às normas de trânsito pelo condutor";"Queda de ocupante de veículo";"Com Vítimas Feridas";"Plena Noite";"Crescente";"Céu Claro";"Simples";"Interseção de Vias;Viaduto";"Sim";2;0;1;0;1;0;1;2;-5,14169858;-42,78157276;"SPRF-PI";"DEL01-PI";"UOP02-DEL01-PI"
216580;2019-06-18;"terça-feira";"21:45:00";"SC";470;6;"NAVEGANTES";"Sinalização da via insuficiente ou inadequada";"Saída de leito carroçável";"Com Vítimas Feridas";"Plena Noite";"Crescente";"Céu Claro";"Simples";"Reta";"Sim";1;0;1;0;0;0;1;1;-26,852238;-48,709545;"SPRF-SC";"DEL04-SC";"UOP04-DEL04-SC"
216583;2019-06-18;"terça-feira";"21:10:00";"SC";101;375;"ICARA";"Ingestão de Álcool";"Atropelamento de Pedestre";"Com Vítimas Feridas";"Plena Noite";"Crescente";"Céu Claro";"Múltipla";"Reta";"Não";2;0;0;1;0;1;1;2;-28,72014713;-49,23508784;"SPRF-SC";"DEL02-SC";"UOP01-DEL02-SC"
216584;2019-06-18;"terça-feira";"21:50:00";"ES";101;0,8;"SERRA";"Falta de Atenção à Condução";"Queda de ocupante de veículo";"Com Vítimas Feridas";"Plena Noite";"Decrescente";"Céu Claro";"Dupla";"Reta";"Sim";1;0;1;0;0;0;1;1;-20,129093;-40,308125;"SPRF-ES";"DEL02-ES";"UOP01-DEL02-ES"
216585;2019-06-18;"terça-feira";"21:40:00";"SC";470;125;"LONTRAS";"Falta de Atenção à Condução";"Tombamento";"Com Vítimas Feridas";"Plena Noite";"Decrescente";"Céu Claro";"Simples";"Reta";"Não";1;0;1;0;0;0;1;1;-27,120506;-49,534946;"SPRF-SC";"DEL04-SC";"UOP02-DEL04-SC"
216587;2019-06-18;"terça-feira";"21:30:00";"SC";0;0;"BIGUACU";"Agressão Externa";"Incêndio";"Sem Vítimas";"Plena Noite";"Não Informado";"Céu Claro";"Múltipla";"Reta";"Sim";1;0;0;0;0;1;0;1;-27,51101091;-48,64322292;"SPRF-SC";"DEL01-SC";"UOP01-DEL01-SC"
216591;2019-06-18;"terça-feira";"22:20:00";"SC";101;134;"BALNEARIO CAMBORIU";"Falta de Atenção à Condução";"Colisão lateral";"Com Vítimas Feridas";"Plena Noite";"Crescente";"Céu Claro";"Dupla";"Interseção de Vias";"Sim";2;0;1;0;1;0;1;2;-27,00218;-48,636433;"SPRF-SC";"DEL04-SC";"UOP03-DEL04-SC"
216592;2019-06-18;"terça-feira";"22:40:00";"GO";60;107;"GOIANAPOLIS";"Velocidade Incompatível";"Colisão com objeto estático";"Com Vítimas Feridas";"Plena Noite";"Decrescente";"Céu Claro";"Dupla";"Interseção de Vias";"Não";1;0;1;0;0;0;1;1;-16,4478;-49,0224;"SPRF-GO";"DEL02-GO";"UOP01-DEL02-GO"
216594;2019-06-18;"terça-feira";"17:50:00";"CE";222;301;"TIANGUA";"Ingestão de Álcool";"Colisão lateral";"Com Vítimas Feridas";"Amanhecer";"Crescente";"Nevoeiro/Neblina";"Simples";"Curva";"Não";1;0;0;1;0;0;1;1;-3,66159701;-40,940041;"SPRF-CE";"DEL04-CE";"UOP02-DEL04-CE"
216595;2019-06-18;"terça-feira";"23:45:00";"RN";304;282;"MACAIBA";"Animais na Pista";"Atropelamento de Animal";"Com Vítimas Feridas";"Plena Noite";"Decrescente";"Céu Claro";"Simples";"Reta";"Não";1;0;1;0;0;0;1;1;-5,88438109;-35,47231297;"SPRF-RN";"DEL01-RN";"UOP02-DEL01-RN"
216596;2019-06-18;"terça-feira";"22:35:00";"MS";262;322,7;"CAMPO GRANDE";"Velocidade Incompatível";"Colisão traseira";"Com Vítimas Fatais";"Plena Noite";"Decrescente";"Céu Claro";"Simples";"Aclive";"Não";3;1;2;0;0;0;2;2;-20,46939065;-54,49645699;"SPRF-MS";"DEL01-MS";"UOP01-DEL01-MS"
216598;2019-06-18;"terça-feira";"18:00:00";"SC";280;24,7;"ARAQUARI";"Não guardar distância de segurança";"Colisão traseira";"Sem Vítimas";"Plena Noite";"Decrescente";"Céu Claro";"Simples";"Reta;Aclive";"Sim";3;0;0;0;3;0;0;3;-26,381578;-48,724383;"SPRF-SC";"DEL03-SC";"UOP03-DEL03-SC"
216599;2019-06-18;"terça-feira";"23:10:00";"RJ";116;271,2;"BARRA MANSA";"Falta de Atenção à Condução";"Queda de ocupante de veículo";"Com Vítimas Feridas";"Plena Noite";"Crescente";"Céu Claro";"Simples";"Reta";"Não";1;0;1;0;0;0;1;1;-22,560883;-44,12224;"SPRF-RJ";"DEL07-RJ";"UOP02-DEL07-RJ"
216600;2019-06-19;"quarta-feira";"00:00:00";"PR";476;130;"CURITIBA";"Velocidade Incompatível";"Saída de leito carroçável";"Com Vítimas Feridas";"Plena Noite";"Decrescente";"Nublado";"Múltipla";"Reta";"Sim";2;0;1;1;0;0;2;1;-25,44978495;-49,23609853;"SPRF-PR";"DEL01-PR";"UOP07-DEL01-PR"
216602;2019-05-05;"domingo";"21:42:00";"GO";40;1;"VALPARAISO DE GOIAS";"Não guardar distância de segurança";"Tombamento";"Com Vítimas Feridas";"Plena Noite";"Decrescente";"Céu Claro";"Dupla";"Reta";"Sim";1;0;1;0;0;0;1;1;-16,0551249;-47,98206925;"SPRF-DF";"DEL01-DF";"UOP01-DEL01-DF"
216606;2019-06-18;"terça-feira";"23:30:00";"PR";476;144;"CURITIBA";"Ingestão de Álcool";"Colisão lateral";"Sem Vítimas";"Plena Noite";"Crescente";"Nublado";"Dupla";"Reta";"Não";2;0;0;0;2;0;0;2;-25,542501;-49,313011;"SPRF-PR";"DEL01-PR";"UOP06-DEL01-PR"
216609;2019-06-15;"sábado";"04:00:00";"RO";364;158,2;"PIMENTA BUENO";"Velocidade Incompatível";"Colisão com objeto estático";"Com Vítimas Feridas";"Plena Noite";"Decrescente";"Céu Claro";"Simples";"Declive;Curva";"Não";1;0;1;0;0;0;1;1;-11,93659493;-60,96016934;"SPRF-RO";"DEL02-RO";"UOP02-DEL02-RO"
216610;2019-06-19;"quarta-feira";"02:40:00";"SP";116;269,9;"TABOAO DA SERRA";"Falta de Atenção à Condução";"Colisão lateral";"Com Vítimas Feridas";"Plena Noite";"Crescente";"Céu Claro";"Múltipla";"Reta";"Sim";2;0;1;0;1;0;1;2;-23,61593059;-46,78826044;"SPRF-SP";"DEL04-SP";"UOP01-DEL04-SP"
216612;2019-06-19;"quarta-feira";"03:00:00";"PE";101;177,7;"JOAQUIM NABUCO";"Condutor Dormindo";"Saída de leito carroçável";"Sem Vítimas";"Plena Noite";"Crescente";"Céu Claro";"Dupla";"Reta";"Não";1;0;0;0;1;0;0;1;-8,62108477;-35,55116105;"SPRF-PE";"DEL01-PE";"UOP03-DEL01-PE"
216613;2019-06-19;"quarta-feira";"02:45:00";"PR";153;45,7;"SANTO ANTONIO DA PLATINA";"Desobediência às normas de trânsito pelo condutor";"Colisão lateral";"Com Vítimas Feridas";"Plena Noite";"Decrescente";"Nevoeiro/Neblina";"Simples";"Reta";"Não";3;0;1;0;1;1;1;2;-23,31948992;-50,06836564;"SPRF-PR";"DEL07-PR";"UOP04-DEL07-PR"
216614;2019-06-19;"quarta-feira";"04:40:00";"MG";381;630,9;"OLIVEIRA";"Condutor Dormindo";"Saída de leito carroçável";"Com Vítimas Feridas";"Plena Noite";"Crescente";"Céu Claro";"Dupla";"Curva";"Não";3;0;1;0;2;0;1;1;-20,84702065;-44,83281432;"SPRF-MG";"DEL04-MG";"UOP01-DEL04-MG"
216617;2019-06-18;"terça-feira";"20:00:00";"RS";472;478,5;"ITAQUI";"Ultrapassagem Indevida";"Colisão lateral";"Com Vítimas Feridas";"Plena Noite";"Decrescente";"Chuva";"Simples";"Reta";"Não";5;0;0;1;4;0;1;2;-29,16415798;-56,40742;"SPRF-RS";"DEL12-RS";"UOP01-DEL12-RS"
216621;2019-06-19;"quarta-feira";"06:00:00";"CE";116;17,5;"FORTALEZA";"Falta de Atenção à Condução";"Colisão lateral";"Com Vítimas Feridas";"Pleno dia";"Decrescente";"Céu Claro";"Dupla";"Reta";"Sim";3;0;2;0;1;0;2;2;-3,89617918;-38,50336042;"SPRF-CE";"DEL01-CE";"UOP02-DEL01-CE"
216622;2019-06-19;"quarta-feira";"05:20:00";"MG";267;71;"BICAS";"Velocidade Incompatível";"Colisão frontal";"Com Vítimas Feridas";"Amanhecer";"Decrescente";"Nevoeiro/Neblina";"Simples";"Curva";"Não";2;0;2;0;0;0;2;2;-21,74767662;-43,14143092;"SPRF-MG";"DEL05-MG";"UOP01-DEL05-MG"
216623;2019-06-19;"quarta-feira";"05:20:00";"MG";267;71;"BICAS";"Objeto estático sobre o leito carroçável";"Colisão traseira";"Sem Vítimas";"Amanhecer";"Decrescente";"Nevoeiro/Neblina";"Simples";"Curva";"Não";2;0;0;0;2;0;0;2;-21,74767662;-43,14143092;"SPRF-MG";"DEL05-MG";"UOP01-DEL05-MG"
216628;2019-06-19;"quarta-feira";"05:30:00";"MS";163;135,9;"NAVIRAI";"Defeito Mecânico no Veículo";"Saída de leito carroçável";"Com Vítimas Feridas";"Pleno dia";"Crescente";"Céu Claro";"Simples";"Aclive";"Não";12;0;10;2;0;0;12;1;-23,01508539;-54,3097111;"SPRF-MS";"DEL09-MS";"UOP01-DEL09-MS"
216630;2019-06-19;"quarta-feira";"03:40:00";"MG";40;455;"CAETANOPOLIS";"Condutor Dormindo";"Saída de leito carroçável";"Sem Vítimas";"Amanhecer";"Crescente";"Céu Claro";"Dupla";"Reta";"Não";1;0;0;0;1;0;0;1;-19,35767518;-44,34735515;"SPRF-MG";"DEL02-MG";"UOP01-DEL02-MG"
216631;2019-06-19;"quarta-feira";"06:40:00";"PR";476;154,5;"ARAUCARIA";"Falta de Atenção à Condução";"Colisão lateral";"Com Vítimas Feridas";"Pleno dia";"Crescente";"Nublado";"Dupla";"Reta";"Sim";2;0;1;0;1;0;1;2;-25,584223;-49,401379;"SPRF-PR";"DEL01-PR";"UOP06-DEL01-PR"
216632;2019-06-19;"quarta-feira";"07:30:00";"SC";470;69,4;"INDAIAL";"Ultrapassagem Indevida";"Colisão transversal";"Com Vítimas Feridas";"Pleno dia";"Crescente";"Nublado";"Simples";"Reta";"Sim";2;0;1;0;1;0;1;2;-26,883745;-49,246704;"SPRF-SC";"DEL04-SC";"UOP01-DEL04-SC"
216633;2019-06-19;"quarta-feira";"07:25:00";"PR";376;178,5;"MARINGA";"Não guardar distância de segurança";"Colisão traseira";"Com Vítimas Feridas";"Pleno dia";"Crescente";"Sol";"Dupla";"Reta";"Sim";2;0;1;0;1;0;1;2;-23,41796;-51,91722;"SPRF-PR";"DEL07-PR";"UOP01-DEL09-PR"
216635;2019-06-19;"quarta-feira";"07:00:00";"SC";163;71,6;"SAO MIGUEL DO OESTE";"Falta de Atenção à Condução";"Tombamento";"Com Vítimas Feridas";"Pleno dia";"Crescente";"Céu Claro";"Dupla";"Reta;Declive";"Sim";1;0;1;0;0;0;1;1;-26,72772401;-53,51281303;"SPRF-SC";"DEL07-SC";"UOP03-DEL07-SC"
216636;2019-06-19;"quarta-feira";"07:00:00";"PB";230;12;"CABEDELO";"Falta de Atenção à Condução";"Colisão lateral";"Sem Vítimas";"Pleno dia";"Crescente";"Céu Claro";"Dupla";"Reta";"Sim";2;0;0;0;2;0;0;2;-7,068;-34,85;"SPRF-PB";"DEL01-PB";"UOP01-DEL01-PB"
216637;2019-06-19;"quarta-feira";"07:15:00";"RS";470;220,7;"BENTO GONCALVES";"Desobediência às normas de trânsito pelo condutor";"Colisão transversal";"Com Vítimas Feridas";"Pleno dia";"Decrescente";"Garoa/Chuvisco";"Simples";"Curva";"Não";2;0;1;0;1;0;1;2;-29,19281818;-51,5211153;"SPRF-RS";"DEL06-RS";"UOP01-DEL06-RS"
216638;2019-06-19;"quarta-feira";"07:25:00";"PR";369;200;"APUCARANA";"Não guardar distância de segurança";"Colisão traseira";"Com Vítimas Feridas";"Pleno dia";"Decrescente";"Céu Claro";"Simples";"Reta";"Sim";2;0;1;0;1;0;1;2;-23,538;-51,457;"SPRF-PR";"DEL07-PR";"UOP03-DEL07-PR"
216639;2019-06-19;"quarta-feira";"08:10:00";"GO";60;50,4;"APARECIDA DE GOIANIA";"Falta de Atenção à Condução";"Engavetamento";"Com Vítimas Feridas";"Pleno dia";"Crescente";"Céu Claro";"Dupla";"Reta";"Sim";4;0;1;0;3;0;1;4;-16,78752742;-49,2388255;"SPRF-GO";"DEL01-GO";"UOP03-DEL01-GO"
216640;2019-06-19;"quarta-feira";"06:30:00";"GO";50;245,8;"CATALAO";"Condutor Dormindo";"Saída de leito carroçável";"Com Vítimas Feridas";"Pleno dia";"Decrescente";"Céu Claro";"Dupla";"Reta";"Sim";3;0;1;0;2;0;1;1;-17,9259;-47,7874;"SPRF-GO";"DEL06-GO";"UOP01-DEL06-GO"
216641;2019-06-19;"quarta-feira";"05:30:00";"BA";101;65;"ENTRE RIOS";"Desobediência às normas de trânsito pelo condutor";"Colisão frontal";"Com Vítimas Feridas";"Amanhecer";"Decrescente";"Garoa/Chuvisco";"Simples";"Curva";"Não";4;0;4;0;0;0;4;2;-11,96567431;-38,15393102;"SPRF-BA";"DEL01-BA";"UOP04-DEL01-BA"
216642;2019-06-19;"quarta-feira";"08:10:00";"MG";262;38,9;"MANHUACU";"Falta de Atenção à Condução";"Colisão traseira";"Com Vítimas Feridas";"Pleno dia";"Crescente";"Sol";"Simples";"Curva";"Sim";2;0;0;1;1;0;1;2;-20,26305859;-42,03684948;"SPRF-MG";"DEL06-MG";"UOP03-DEL06-MG"
216650;2019-06-19;"quarta-feira";"08:40:00";"PR";376;9,9;"MARINGA";"Não guardar distância de segurança";"Colisão traseira";"Com Vítimas Feridas";"Pleno dia";"Decrescente";"Céu Claro";"Dupla";"Reta";"Sim";2;0;1;0;1;0;1;2;-23,38354366;-51,90628052;"SPRF-PR";"DEL07-PR";"UOP01-DEL09-PR"
216651;2019-06-19;"quarta-feira";"08:30:00";"PR";376;176;"MARINGA";"Falta de Atenção à Condução";"Colisão transversal";"Com Vítimas Feridas";"Pleno dia";"Crescente";"Sol";"Dupla";"Reta;Interseção de Vias";"Sim";2;0;0;1;1;0;1;2;-23,41108471;-51,93937898;"SPRF-PR";"DEL07-PR";"UOP01-DEL09-PR"
216655;2019-06-19;"quarta-feira";"09:10:00";"PB";230;18;"JOAO PESSOA";"Falta de Atenção à Condução";"Colisão lateral";"Com Vítimas Feridas";"Pleno dia";"Crescente";"Céu Claro";"Dupla";"Reta";"Sim";2;0;1;0;1;0;1;2;-7,1198;-34,8453;"SPRF-PB";"DEL01-PB";"UOP01-DEL01-PB"
216656;2019-06-19;"quarta-feira";"08:30:00";"MG";381;932,5;"EXTREMA";"Falta de Atenção à Condução";"Colisão lateral";"Com Vítimas Feridas";"Pleno dia";"Decrescente";"Céu Claro";"Dupla";"Curva";"Não";5;0;3;0;1;1;3;3;-22,81198015;-46,28431295;"SPRF-MG";"DEL16-MG";"UOP03-DEL16-MG"
216657;2019-06-19;"quarta-feira";"08:11:00";"MS";163;258;"DOURADOS";"Falta de Atenção à Condução";"Colisão transversal";"Com Vítimas Feridas";"Pleno dia";"Decrescente";"Céu Claro";"Dupla";"Interseção de Vias";"Sim";2;0;1;0;1;0;1;2;-22,25859;-54,783592;"SPRF-MS";"DEL04-MS";"UOP01-DEL04-MS"
216658;2019-06-19;"quarta-feira";"08:50:00";"BA";101;171,3;"FEIRA DE SANTANA";"Falta de Atenção à Condução";"Colisão transversal";"Com Vítimas Feridas";"Pleno dia";"Decrescente";"Nublado";"Simples";"Reta";"Não";2;0;0;1;1;0;1;2;-12,3609007;-38,86425041;"SPRF-BA";"DEL01-BA";"UOP03-DEL01-BA"
216659;2019-06-19;"quarta-feira";"08:50:00";"RJ";101;266;"RIO BONITO";"Mal Súbito";"Colisão com objeto estático";"Com Vítimas Feridas";"Pleno dia";"Crescente";"Céu Claro";"Dupla";"Curva";"Sim";1;0;1;0;0;0;1;1;-22,70861445;-42,65178735;"SPRF-RJ";"DEL02-RJ";"UOP03-DEL02-RJ"
216660;2019-06-19;"quarta-feira";"08:25:00";"MT";364;400,5;"CUIABA";"Desobediência às normas de trânsito pelo condutor";"Atropelamento de Pedestre";"Com Vítimas Feridas";"Pleno dia";"Crescente";"Céu Claro";"Simples";"Reta";"Sim";2;0;1;0;1;0;1;2;-15,67565189;-55,93822495;"SPRF-MT";"DEL02-MT";"UOP02-DEL01-MT"
216663;2019-06-19;"quarta-feira";"09:30:00";"RJ";116;2;"SAPUCAIA";"Falta de Atenção à Condução";"Tombamento";"Com Vítimas Feridas";"Pleno dia";"Crescente";"Céu Claro";"Simples";"Ponte;Curva";"Não";1;0;1;0;0;0;1;1;-21,879488;-42,681053;"SPRF-RJ";"DEL06-RJ";"UOP01-DEL05-RJ"