"id";"data_inversa";"dia_semana";"horario";"uf";"br";"km";"municipio";"causa_acidente";"tipo_acidente";"classificacao_acidente";"fase_dia";"sentido_via";"condicao_metereologica";"tipo_pista";"tracado_via";"uso_solo";"pessoas";"mortos";"feridos_leves";"feridos_graves";"ilesos";"ignorados";"feridos";"veiculos";"latitude";"longitude";"regional";"delegacia";"uop"
216665;2019-06-19;"quarta-feira";"10:10:00";"GO";153;494;"GOIANIA";"Falta de Atenção à Condução";"Colisão lateral";"Com Vítimas Feridas";"Pleno dia";"Crescente";"Sol";"Dupla";"Reta";"Sim";2;0;1;0;1;0;1;2;-16,6614;-49,2218;"SPRF-GO";"DEL01-GO";"UOP01-DEL01-GO"
216667;2019-06-19;"quarta-feira";"09:50:00";"RS";470;191;"VERANOPOLIS";"Velocidade Incompatível";"Saída de leito carroçável";"Com Vítimas Feridas";"Pleno dia";"Crescente";"Nublado";"Simples";"Curva";"Não";3;0;1;1;1;0;2;1;-29,03048196;-51,56645754;"SPRF-RS";"DEL06-RS";"UOP02-DEL06-RS"
216668;2019-06-19;"quarta-feira";"08:30:00";"SP";116;467,9;"JACUPIRANGA";"Animais na Pista";"Atropelamento de Animal";"Com Vítimas Feridas";"Pleno dia";"Crescente";"Céu Claro";"Dupla";"Reta";"Não";1;0;1;0;0;0;1;1;-24,65052761;-47,93952942;"SPRF-SP";"DEL05-SP";"UAP01-DEL05-SP"
216669;2019-06-19;"quarta-feira";"08:45:00";"RS";287;393;"SANTIAGO";"Falta de Atenção à Condução";"Colisão traseira";"Com Vítimas Feridas";"Pleno dia";"Crescente";"Céu Claro";"Simples";"Em Obras";"Não";6;0;1;0;5;0;1;3;-29,21229783;-54,84492062;"SPRF-RS";"DEL12-RS";"UOP02-DEL12-RS"
216670;2019-06-19;"quarta-feira";"10:25:00";"BA";367;82,2;"EUNAPOLIS";"Falta de Atenção à Condução";"Colisão transversal";"Com Vítimas Feridas";"Pleno dia";"Decrescente";"Sol";"Simples";"Reta;Interseção de Vias";"Sim";2;0;0;1;1;0;1;2;-16,37205962;-39,56163401;"SPRF-BA";"DEL09-BA";"UOP01-DEL09-BA"
216671;2019-06-12;"quarta-feira";"18:05:00";"RS";471;539;"SANTA VITORIA DO PALMAR";"Animais na Pista";"Atropelamento de Animal";"Sem Vítimas";"Anoitecer";"Crescente";"Chuva";"Simples";"Reta";"Não";2;0;0;0;2;0;0;1;-32,720177;-52,632561;"SPRF-RS";"DEL07-RS";"UOP02-DEL07-RS"
216672;2019-06-19;"quarta-feira";"10:00:00";"RJ";101;504;"ANGRA DOS REIS";"Falta de Atenção à Condução";"Colisão transversal";"Com Vítimas Feridas";"Pleno dia";"Crescente";"Céu Claro";"Simples";"Reta";"Sim";3;0;1;0;2;0;1;2;-22,93155828;-44,38812093;"SPRF-RJ";"DEL03-RJ";"UOP02-DEL03-RJ"
216673;2019-06-19;"quarta-feira";"07:30:00";"RO";174;25;"VILHENA";"Desobediência às normas de trânsito pelo condutor";"Colisão lateral";"Com Vítimas Feridas";"Pleno dia";"Decrescente";"Céu Claro";"Simples";"Reta";"Não";4;0;1;0;3;0;1;4;-12,64047796;-60,09599518;"SPRF-RO";"DEL04-RO";"UOP01-DEL04-RO"
216676;2019-06-19;"quarta-feira";"11:04:00";"SP";116;42,2;"CACHOEIRA PAULISTA";"Defeito Mecânico no Veículo";"Queda de ocupante de veículo";"Com Vítimas Feridas";"Pleno dia";"Decrescente";"Céu Claro";"Dupla";"Reta";"Não";1;0;1;0;0;0;1;1;-22,69182132;-45,02240378;"SPRF-SP";"DEL08-SP";"UOP02-DEL08-SP"
216677;2019-06-19;"quarta-feira";"09:30:00";"RJ";465;6;"SEROPEDICA";"Falta de Atenção à Condução";"Colisão traseira";"Com Vítimas Feridas";"Pleno dia";"Crescente";"Sol";"Simples";"Rotatória";"Sim";3;0;1;0;2;0;1;2;-22,754314;-43,692879;"SPRF-RJ";"DEL01-RJ";"UOP01-DEL01-MS"
216678;2019-06-19;"quarta-feira";"09:40:00";"RJ";101;334;"RIO DE JANEIRO";"Falta de Atenção à Condução";"Colisão lateral";"Com Vítimas Feridas";"Pleno dia";"Decrescente";"Céu Claro";"Dupla";"Reta";"Sim";1;0;1;0;0;0;1;1;-22,88517902;-43,21704364;"SPRF-RJ";"DEL02-RJ";"UOP02-DEL02-RJ"
216679;2019-06-19;"quarta-feira";"11:05:00";"MG";381;884,6;"ESTIVA";"Velocidade Incompatível";"Queda de ocupante de veículo";"Com Vítimas Feridas";"Pleno dia";"Crescente";"Nublado";"Dupla";"Interseção de Vias";"Não";1;0;0;1;0;0;1;1;-22,53552002;-46,03550597;"SPRF-MG";"DEL16-MG";"UOP01-DEL16-MG"
216681;2019-06-19;"quarta-feira";"10:55:00";"RN";110;48,2;"MOSSORO";"Falta de Atenção à Condução";"Colisão traseira";"Com Vítimas Feridas";"Pleno dia";"Crescente";"Céu Claro";"Dupla";"Rotatória";"Sim";2;0;1;0;1;0;1;2;-5,20881178;-37,33285083;"SPRF-RN";"DEL04-RN";"UOP01-DEL04-RN"
216682;2019-06-19;"quarta-feira";"09:55:00";"MS";262;571,9;"MIRANDA";"Condutor Dormindo";"Saída de leito carroçável";"Com Vítimas Feridas";"Pleno dia";"Decrescente";"Nublado";"Simples";"Reta";"Não";1;0;0;1;0;0;1;1;-20,1902862;-56,48622499;"SPRF-MS";"DEL03-MS";"UOP02-DEL03-MS"
216683;2019-06-19;"quarta-feira";"08:40:00";"RO";435;85;"COLORADO DO OESTE";"Falta de Atenção à Condução";"Colisão lateral";"Sem Vítimas";"Pleno dia";"Crescente";"Céu Claro";"Dupla";"Aclive;Reta";"Sim";2;0;0;0;2;0;0;2;-13,11884911;-60,53173398;"SPRF-RO";"DEL04-RO";"UOP02-DEL04-RO"
216684;2019-06-19;"quarta-feira";"11:50:00";"SC";470;104;"APIUNA";"Defeito na Via";"Capotamento";"Com Vítimas Feridas";"Pleno dia";"Crescente";"Sol";"Simples";"Curva";"Não";1;0;1;0;0;0;1;1;-27,06135;-49,410408;"SPRF-SC";"DEL04-SC";"UOP02-DEL04-SC"
216686;2019-06-19;"quarta-feira";"11:45:00";"PE";101;65,4;"RECIFE";"Não guardar distância de segurança";"Colisão traseira";"Com Vítimas Feridas";"Pleno dia";"Decrescente";"Céu Claro";"Múltipla";"Reta";"Sim";2;0;1;0;0;1;1;2;-8,02478597;-34,94276635;"SPRF-PE";"DEL01-PE";"UOP01-DEL01-PE"
216687;2019-06-19;"quarta-feira";"08:20:00";"SP";116;481;"JACUPIRANGA";"Falta de Atenção à Condução";"Queda de ocupante de veículo";"Com Vítimas Feridas";"Pleno dia";"Decrescente";"Sol";"Dupla";"Reta";"Não";1;0;1;0;0;0;1;1;-24,71686773;-48,03567012;"SPRF-SP";"DEL05-SP";"UAP01-DEL05-SP"
216688;2019-06-19;"quarta-feira";"10:55:00";"RO";364;237,3;"CACOAL";"Falta de Atenção à Condução";"Colisão transversal";"Com Vítimas Feridas";"Pleno dia";"Decrescente";"Céu Claro";"Simples";"Reta";"Sim";3;0;1;0;1;1;1;3;-11,44341056;-61,44672787;"SPRF-RO";"DEL02-RO";"UOP02-DEL02-RO"
216692;2019-06-19;"quarta-feira";"12:30:00";"RS";392;713;"PORTO XAVIER";"Falta de Atenção à Condução";"Colisão lateral";"Com Vítimas Feridas";"Pleno dia";"Crescente";"Sol";"Simples";"Reta";"Não";2;0;1;0;1;0;1;2;-27,92551582;-55,13393015;"SPRF-RS";"DEL10-RS";"UOP01-DEL10-RS"
216693;2019-06-19;"quarta-feira";"12:50:00";"MG";116;703,2;"MURIAE";"Falta de Atenção do Pedestre";"Atropelamento de Pedestre";"Com Vítimas Feridas";"Pleno dia";"Decrescente";"Sol";"Simples";"Reta";"Sim";2;0;0;1;1;0;1;2;-21,12682309;-42,3832189;"SPRF-MG";"DEL07-MG";"UOP02-DEL07-MG"
216694;2019-06-19;"quarta-feira";"11:50:00";"RS";101;1,8;"TORRES";"Falta de Atenção à Condução";"Colisão lateral";"Com Vítimas Feridas";"Pleno dia";"Crescente";"Céu Claro";"Simples";"Reta";"Sim";3;0;1;0;2;0;1;3;-29,30762999;-49,77275507;"SPRF-RS";"DEL03-RS";"UOP02-DEL03-RS"
216695;2019-06-19;"quarta-feira";"12:30:00";"PR";116;115,8;"CURITIBA";"Falta de Atenção à Condução";"Engavetamento";"Com Vítimas Feridas";"Pleno dia";"Crescente";"Céu Claro";"Dupla";"Reta";"Sim";3;0;1;0;2;0;1;3;-25,55953326;-49,26560414;"SPRF-PR";"DEL01-PR";"UOP03-DEL01-PR"
216697;2019-06-19;"quarta-feira";"12:40:00";"SP";153;256,3;"MARILIA";"Pista Escorregadia";"Tombamento";"Com Vítimas Feridas";"Pleno dia";"Decrescente";"Céu Claro";"Dupla";"Rotatória;Curva";"Sim";1;0;1;0;0;0;1;1;-22,23815069;-49,91904259;"SPRF-SP";"DEL07-SP";"UOP02-DEL07-SP"
216699;2019-06-11;"terça-feira";"18:40:00";"BA";324;526;"FEIRA DE SANTANA";"Animais na Pista";"Queda de ocupante de veículo";"Com Vítimas Feridas";"Anoitecer";"Decrescente";"Céu Claro";"Dupla";"Reta";"Não";1;0;1;0;0;0;1;1;-12,30639712;-38,89051509;"SPRF-BA";"DEL01-BA";"UOP01-DEL01-BA"
216704;2019-06-19;"quarta-feira";"13:30:00";"RS";287;294,3;"SAO PEDRO DO SUL";"Falta de Atenção à Condução";"Tombamento";"Com Vítimas Feridas";"Pleno dia";"Crescente";"Céu Claro";"Simples";"Reta;Em Obras";"Não";2;0;2;0;0;0;2;1;-29,63924773;-54,31293903;"SPRF-RS";"DEL09-RS";"UOP01-DEL09-RS"
216707;2019-06-19;"quarta-feira";"14:15:00";"PE";232;155;"SAO CAITANO";"Falta de Atenção à Condução";"Tombamento";"Com Vítimas Feridas";"Pleno dia";"Crescente";"Céu Claro";"Simples";"Reta";"Não";1;0;0;1;0;0;1;1;-8,32878441;-36,20816698;"SPRF-PE";"DEL02-PE";"UOP03-DEL02-PE"
216708;2019-06-19;"quarta-feira";"13:00:00";"RJ";393;268;"BARRA DO PIRAI";"Falta de Atenção à Condução";"Colisão transversal";"Com Vítimas Feridas";"Pleno dia";"Crescente";"Céu Claro";"Simples";"Interseção de Vias";"Não";2;0;2;0;0;0;2;2;-22,48780458;-43,90932706;"SPRF-RJ";"DEL05-RJ";"UOP04-DEL05-RJ"
216709;2019-06-19;"quarta-feira";"14:00:00";"SC";101;366,8;"ICARA";"Defeito Mecânico no Veículo";"Capotamento";"Com Vítimas Feridas";"Pleno dia";"Decrescente";"Sol";"Dupla";"Declive;Curva";"Não";2;0;1;0;1;0;1;1;-28,69811667;-49,17720795;"SPRF-SC";"DEL02-SC";"UOP01-DEL02-SC"
216711;2019-06-19;"quarta-feira";"11:30:00";"RO";364;726;"PORTO VELHO";"Avarias e/ou desgaste excessivo no pneu";"Queda de ocupante de veículo";"Com Vítimas Feridas";"Pleno dia";"Decrescente";"Sol";"Simples";"Reta";"Não";2;0;2;0;0;0;2;1;-8,858763;-63,94454799;"SPRF-RO";"DEL01-RO";"UOP01-DEL01-RO"
216713;2019-06-19;"quarta-feira";"14:00:00";"MT";163;891,2;"CLAUDIA";"Ultrapassagem Indevida";"Colisão frontal";"Com Vítimas Fatais";"Pleno dia";"Decrescente";"Céu Claro";"Simples";"Reta";"Não";5;2;0;3;0;0;3;2;-11,50952796;-55,37512807;"SPRF-MT";"DEL06-MT";"UOP02-DEL06-MT"
216714;2019-06-19;"quarta-feira";"13:30:00";"SP";116;443,7;"REGISTRO";"Falta de Atenção à Condução";"Colisão traseira";"Com Vítimas Feridas";"Pleno dia";"Crescente";"Céu Claro";"Dupla";"Reta";"Não";3;0;2;0;1;0;2;2;-24,48814447;-47,83488035;"SPRF-SP";"DEL05-SP";"UOP01-DEL05-SP"
216717;2019-06-19;"quarta-feira";"15:15:00";"MG";262;94,3;"ABRE CAMPO";"Não guardar distância de segurança";"Colisão traseira";"Sem Vítimas";"Pleno dia";"Decrescente";"Sol";"Simples";"Aclive";"Sim";2;0;0;0;2;0;0;2;-20,30646793;-42,46611787;"SPRF-MG";"DEL03-MG";"UOP03-DEL03-MG"
216718;2019-06-15;"sábado";"19:50:00";"BA";116;546;"MILAGRES";"Falta de Atenção à Condução";"Colisão transversal";"Com Vítimas Feridas";"Plena Noite";"Decrescente";"Nublado";"Simples";"Reta;Declive";"Sim";2;0;0;1;1;0;1;2;-12,83724098;-39,83431503;"SPRF-BA";"DEL03-BA";"UOP02-DEL03-BA"
216719;2019-06-19;"quarta-feira";"10:35:00";"MT";70;321;"DOM AQUINO";"Condutor Dormindo";"Saída de leito carroçável";"Com Vítimas Feridas";"Pleno dia";"Decrescente";"Céu Claro";"Simples";"Reta";"Não";1;0;1;0;0;0;1;1;-15,5162987;-54,6288528;"SPRF-MT";"DEL05-MT";"UOP01-DEL05-MT"
216720;2019-06-19;"quarta-feira";"14:15:00";"PR";476;130,8;"CURITIBA";"Falta de Atenção do Pedestre";"Atropelamento de Pedestre";"Com Vítimas Feridas";"Pleno dia";"Crescente";"Céu Claro";"Simples";"Reta";"Sim";2;0;1;0;1;0;1;2;-25,449564;-49,236427;"SPRF-PR";"DEL01-PR";"UOP07-DEL01-PR"
216723;2019-06-19;"quarta-feira";"14:28:00";"MG";116;523,6;"CARATINGA";"Falta de Atenção à Condução";"Colisão transversal";"Com Vítimas Feridas";"Pleno dia";"Crescente";"Céu Claro";"Simples";"Reta";"Sim";2;0;0;1;1;0;1;2;-19,75187896;-42,1326603;"SPRF-MG";"DEL06-MG";"UOP02-DEL06-MG"
216724;2019-06-19;"quarta-feira";"15:30:00";"PI";343;344,6;"TERESINA";"Falta de Atenção à Condução";"Saída de leito carroçável";"Com Vítimas Feridas";"Pleno dia";"Crescente";"Céu Claro";"Simples";"Reta";"Sim";1;0;0;1;0;0;1;1;-5,094729;-42,762775;"SPRF-PI";"DEL01-PI";"UOP01-DEL01-PI"
216725;2019-06-19;"quarta-feira";"14:40:00";"GO";452;184,3;"ITUMBIARA";"Defeito Mecânico no Veículo";"Queda de ocupante de veículo";"Com Vítimas Feridas";"Pleno dia";"Decrescente";"Céu Claro";"Simples";"Reta";"Não";1;0;1;0;0;0;1;1;-18,39653195;-49,32733898;"SPRF-GO";"DEL03-GO";"UOP02-DEL03-GO"
216726;2019-06-19;"quarta-feira";"15:00:00";"SC";282;3,5;"FLORIANOPOLIS";"Falta de Atenção à Condução";"Colisão lateral";"Com Vítimas Feridas";"Pleno dia";"Crescente";"Nublado";"Dupla";"Reta";"Sim";2;0;1;0;1;0;1;2;-27,600384;-48,599705;"SPRF-SC";"DEL01-SC";"UOP01-DEL01-SC"
216728;2019-06-19;"quarta-feira";"16:20:00";"SC";280;76,8;"JARAGUA DO SUL";"Defeito Mecânico no Veículo";"Queda de ocupante de veículo";"Com Vítimas Feridas";"Pleno dia";"Decrescente";"Céu Claro";"Simples";"Reta";"Sim";1;0;1;0;0;0;1;1;-26,45850295;-49,17936099;"SPRF-SC";"DEL03-SC";"UOP03-DEL03-SC"
216729;2019-06-19;"quarta-feira";"16:25:00";"RS";285;122,1;"VACARIA";"Desobediência às normas de trânsito pelo condutor";"Colisão transversal";"Com Vítimas Feridas";"Pleno dia";"Decrescente";"Nublado";"Simples";"Reta";"Sim";2;0;1;0;1;0;1;2;-28,50505283;-50,94505191;"SPRF-RS";"DEL05-RS";"UOP03-DEL05-RS"
216730;2019-06-19;"quarta-feira";"16:30:00";"MG";381;499;"BETIM";"Não guardar distância de segurança";"Engavetamento";"Sem Vítimas";"Pleno dia";"Decrescente";"Céu Claro";"Dupla";"Aclive";"Sim";3;0;0;0;3;0;0;3;-20,01792651;-44,2261448;"SPRF-MG";"DEL01-MG";"UOP03-DEL01-MG"
216731;2019-06-19;"quarta-feira";"16:30:00";"SP";381;88;"GUARULHOS";"Falta de Atenção à Condução";"Colisão traseira";"Com Vítimas Feridas";"Pleno dia";"Decrescente";"Céu Claro";"Dupla";"Reta";"Não";2;0;1;0;1;0;1;2;-23,47469314;-46,56112919;"SPRF-SP";"DEL03-SP";"UOP01-DEL03-SP"
216733;2019-06-19;"quarta-feira";"14:30:00";"GO";20;240;"GUARANI DE GOIAS";"Defeito na Via";"Capotamento";"Com Vítimas Feridas";"Pleno dia";"Crescente";"Céu Claro";"Simples";"Reta";"Não";2;0;1;0;1;0;1;1;-14,037827;-46,256191;"SPRF-DF";"DEL02-DF";"UOP03-DEL02-DF"
216734;2019-06-19;"quarta-feira";"16:40:00";"RS";290;92;"PORTO ALEGRE";"Falta de Atenção à Condução";"Colisão lateral";"Com Vítimas Feridas";"Pleno dia";"Decrescente";"Céu Claro";"Dupla";"Reta";"Sim";2;0;1;0;1;0;1;2;-29,971916;-51,176838;"SPRF-RS";"DEL01-RS";"UOP01-DEL01-RS"
216735;2019-06-19;"quarta-feira";"16:40:00";"PR";277;15;"PARANAGUA";"Falta de Atenção à Condução";"Queda de ocupante de veículo";"Com Vítimas Feridas";"Pleno dia";"Decrescente";"Céu Claro";"Dupla";"Reta";"Não";1;0;1;0;0;0;1;1;-25,568198;-48,615292;"SPRF-PR";"DEL01-PR";"UOP05-DEL01-PR"
216736;2019-06-19;"quarta-feira";"17:00:00";"RS";392;654,5;"CERRO LARGO";"Desobediência às normas de trânsito pelo condutor";"Colisão transversal";"Com Vítimas Feridas";"Pleno dia";"Crescente";"Sol";"Simples";"Reta";"Não";2;0;1;0;1;0;1;2;-28,12497581;-54,66601074;"SPRF-RS";"DEL10-RS";"UOP01-DEL10-RS"
216737;2019-06-19;"quarta-feira";"17:00:00";"BA";116;357;"SERRINHA";"Desobediência às normas de trânsito pelo condutor";"Colisão lateral";"Com Vítimas Feridas";"Pleno dia";"Crescente";"Chuva";"Simples";"Reta";"Não";2;0;1;0;1;0;1;2;-11,650703;-38,991596;"SPRF-BA";"DEL02-BA";"UOP01-DEL02-BA"
216738;2019-06-19;"quarta-feira";"15:50:00";"SC";470;139,8;"RIO DO SUL";"Falta de Atenção à Condução";"Atropelamento de Pedestre";"Com Vítimas Feridas";"Pleno dia";"Decrescente";"Nublado";"Simples";"Reta";"Sim";2;0;0;1;0;1;1;2;-27,20349564;-49,63521123;"SPRF-SC";"DEL04-SC";"UOP02-DEL04-SC"
216739;2019-06-07;"sexta-feira";"18:10:00";"CE";20;418;"MARACANAU";"Falta de Atenção à Condução";"Colisão transversal";"Com Vítimas Feridas";"Plena Noite";"Crescente";"Céu Claro";"Dupla";"Reta";"Sim";2;0;1;0;1;0;1;2;-3,76999035;-38,67006282;"SPRF-CE";"DEL01-CE";"UOP02-DEL01-CE"
216740;2019-05-11;"sábado";"01:20:00";"RO";319;63,8;"PORTO VELHO";"Não guardar distância de segurança";"Colisão traseira";"Sem Vítimas";"Plena Noite";"Crescente";"Céu Claro";"Dupla";"Reta";"Sim";2;0;0;0;2;0;0;2;-8,76467734;-63,88485432;"SPRF-RO";"DEL01-RO";"UOP01-DEL01-RO"
216742;2019-06-19;"quarta-feira";"17:10:00";"CE";116;523,3;"JATI";"Animais na Pista";"Saída de leito carroçável";"Com Vítimas Feridas";"Anoitecer";"Crescente";"Céu Claro";"Simples";"Curva";"Não";3;0;1;0;2;0;1;1;-7,6344;-39,027194;"SPRF-CE";"DEL05-CE";"UOP03-DEL05-CE"
216743;2019-06-19;"quarta-feira";"17:45:00";"RJ";493;19;"MAGE";"Desobediência às normas de trânsito pelo condutor";"Colisão lateral";"Com Vítimas Feridas";"Plena Noite";"Decrescente";"Céu Claro";"Simples";"Reta";"Não";2;0;1;0;0;1;1;2;-22,6663848;-43,02770248;"SPRF-RJ";"DEL04-RJ";"UOP02-DEL04-RJ"
216748;2019-06-19;"quarta-feira";"16:00:00";"SC";101;215,1;"PALHOCA";"Falta de Atenção à Condução";"Saída de leito carroçável";"Com Vítimas Feridas";"Pleno dia";"Decrescente";"Céu Claro";"Dupla";"Reta";"Sim";1;0;0;1;0;0;1;1;-27,65184843;-48,67604941;"SPRF-SC";"DEL01-SC";"UOP02-DEL01-SC"
216749;2019-06-19;"quarta-feira";"17:30:00";"PB";230;56,2;"CRUZ DO ESPIRITO SANTO";"Falta de Atenção do Pedestre";"Atropelamento de Pedestre";"Com Vítimas Feridas";"Anoitecer";"Crescente";"Céu Claro";"Dupla";"Reta";"Não";2;0;0;1;1;0;1;2;-7,20227305;-35,10571156;"SPRF-PB";"DEL01-PB";"UOP03-DEL01-PB"
216750;2019-06-19;"quarta-feira";"17:40:00";"RJ";393;288,1;"VOLTA REDONDA";"Falta de Atenção à Condução";"Colisão lateral";"Com Vítimas Feridas";"Anoitecer";"Crescente";"Céu Claro";"Dupla";"Curva";"Sim";2;0;1;0;1;0;1;2;-22,50576007;-44,07531599;"SPRF-RJ";"DEL05-RJ";"UOP04-DEL05-RJ"
216751;2019-06-19;"quarta-feira";"17:30:00";"SP";116;136,9;"SAO JOSE DOS CAMPOS";"Não guardar distância de segurança";"Colisão lateral";"Com Vítimas Feridas";"Anoitecer";"Crescente";"Céu Claro";"Dupla";"Reta";"Sim";4;0;1;0;2;1;1;4;-23,14874471;-45,77863714;"SPRF-SP";"DEL06-SP";"UOP02-DEL02-SP"
216755;2019-06-19;"quarta-feira";"17:20:00";"RJ";116;175;"NOVA IGUACU";"Não guardar distância de segurança";"Colisão lateral";"Com Vítimas Feridas";"Anoitecer";"Crescente";"Nublado";"Múltipla";"Reta";"Sim";4;0;1;0;3;0;1;3;-22,78923555;-43,37275272;"SPRF-RJ";"DEL01-RJ";"UOP02-DEL01-RJ"
216756;2019-06-19;"quarta-feira";"18:15:00";"DF";70;16,1;"BRASILIA";"Falta de Atenção à Condução";"Colisão transversal";"Com Vítimas Feridas";"Anoitecer";"Decrescente";"Céu Claro";"Dupla";"Rotatória;Interseção de Vias";"Não";2;0;1;0;1;0;1;2;-15,796144;-48,194225;"SPRF-DF";"DEL01-DF";"UOP02-DEL03-DF"
216758;2019-06-19;"quarta-feira";"18:30:00";"PA";230;121,5;"MARABA";"Falta de Atenção à Condução";"Engavetamento";"Sem Vítimas";"Anoitecer";"Crescente";"Céu Claro";"Dupla";"Ponte";"Sim";3;0;0;0;3;0;0;3;-5,35715324;-49,12267327;"SPRF-PA";"DEL03-PA";"UOP01-DEL03-PA"
216759;2019-06-19;"quarta-feira";"18:35:00";"PR";163;268;"TOLEDO";"Não guardar distância de segurança";"Colisão traseira";"Sem Vítimas";"Amanhecer";"Crescente";"Céu Claro";"Simples";"Reta";"Não";3;0;0;0;3;0;0;2;-24,62817069;-53,88860091;"SPRF-PR";"DEL06-PR";"UOP02-DEL06-PR"
216760;2019-06-19;"quarta-feira";"18:30:00";"RJ";356;124;"CAMPOS DOS GOYTACAZES";"Desobediência às normas de trânsito pelo condutor";"Atropelamento de Pedestre";"Com Vítimas Feridas";"Plena Noite";"Crescente";"Céu Claro";"Simples";"Reta";"Sim";2;0;1;0;0;1;1;2;-21,65663058;-41,38099993;"SPRF-RJ";"DEL08-RJ";"UOP01-DEL08-RJ"
216761;2019-06-19;"quarta-feira";"18:00:00";"PE";407;129,3;"PETROLINA";"Ultrapassagem Indevida";"Colisão lateral";"Com Vítimas Feridas";"Plena Noite";"Decrescente";"Céu Claro";"Dupla";"Reta";"Não";2;0;1;0;1;0;1;2;-9,40228062;-40,50366282;"SPRF-PE";"DEL06-PE";"UOP01-DEL06-PE"
216762;2019-06-19;"quarta-feira";"18:35:00";"PB";361;4,8;"PATOS";"Falta de Atenção à Condução";"Colisão traseira";"Com Vítimas Feridas";"Plena Noite";"Crescente";"Céu Claro";"Simples";"Reta";"Sim";2;0;1;0;1;0;1;2;-7,03208047;-37,29365088;"SPRF-PB";"DEL03-PB";"UOP01-DEL03-PB"
216763;2019-06-19;"quarta-feira";"18:00:00";"BA";324;519;"FEIRA DE SANTANA";"Falta de Atenção à Condução";"Engavetamento";"Com Vítimas Feridas";"Pleno dia";"Decrescente";"Garoa/Chuvisco";"Dupla";"Reta";"Não";6;0;1;0;5;0;1;6;-12,27853426;-38,92689943;"SPRF-BA";"DEL02-BA";"UOP01-DEL02-BA"
216764;2019-06-19;"quarta-feira";"19:30:00";"MG";381;425;"CAETE";"Falta de Atenção à Condução";"Colisão frontal";"Com Vítimas Feridas";"Plena Noite";"Crescente";"Céu Claro";"Simples";"Reta";"Sim";2;0;0;1;1;0;1;2;-19,789917;-43,68234;"SPRF-MG";"DEL01-MG";"UOP01-DEL01-MG"
216765;2019-06-19;"quarta-feira";"17:30:00";"MS";163;259;"DOURADOS";"Defeito Mecânico no Veículo";"Queda de ocupante de veículo";"Com Vítimas Feridas";"Anoitecer";"Crescente";"Céu Claro";"Dupla";"Reta";"Não";2;0;1;0;1;0;1;1;-22,25258409;-54,77697385;"SPRF-MS";"DEL04-MS";"UOP01-DEL04-MS"
216766;2019-06-19;"quarta-feira";"19:00:00";"PR";369;146,1;"LONDRINA";"Desobediência às normas de trânsito pelo condutor";"Colisão transversal";"Com Vítimas Feridas";"Plena Noite";"Decrescente";"Céu Claro";"Dupla";"Declive;Retorno Regulamentado";"Sim";3;0;1;1;1;0;2;2;-23,29327631;-51,12422347;"SPRF-PR";"DEL07-PR";"UOP01-DEL07-PR"
216767;2019-06-14;"sexta-feira";"08:55:00";"PR";272;390,2;"FAROL";"Desobediência às normas de trânsito pelo condutor";"Colisão transversal";"Com Vítimas Feridas";"Pleno dia";"Decrescente";"Céu Claro";"Simples";"Declive";"Não";3;0;0;2;1;0;2;2;-24,08118154;-52,60671207;"SPRF-PR";"DEL04-PR";"UOP03-DEL09-PR"
216769;2019-06-19;"quarta-feira";"18:35:00";"SC";282;19,9;"PALHOCA";"Desobediência às normas de trânsito pelo condutor";"Colisão transversal";"Com Vítimas Feridas";"Plena Noite";"Decrescente";"Céu Claro";"Simples";"Reta";"Sim";3;0;1;1;1;0;2;2;-27,678635;-48,70192;"SPRF-SC";"DEL01-SC";"UOP02-DEL01-SC"
216770;2019-06-19;"quarta-feira";"18:00:00";"RS";285;127,5;"VACARIA";"Falta de Atenção à Condução";"Colisão transversal";"Com Vítimas Feridas";"Anoitecer";"Decrescente";"Nublado";"Simples";"Reta";"Não";2;0;1;0;1;0;1;2;-28,468346;-50,970272;"SPRF-RS";"DEL05-RS";"UOP03-DEL05-RS"
216771;2019-06-19;"quarta-feira";"19:10:00";"RS";290;484,4;"ROSARIO DO SUL";"Falta de Atenção à Condução";"Tombamento";"Com Vítimas Feridas";"Plena Noite";"Decrescente";"Céu Claro";"Simples";"Reta";"Não";2;0;1;0;0;1;1;2;-30,240904;-54,961258;"SPRF-RS";"DEL11-RS";"UOP02-DEL11-RS"
216772;2019-06-19;"quarta-feira";"19:15:00";"DF";60;6,3;"BRASILIA";"Falta de Atenção à Condução";"Colisão traseira";"Com Vítimas Feridas";"Plena Noite";"Crescente";"Céu Claro";"Dupla";"Reta";"Sim";2;0;1;0;1;0;1;2;-15,897939;-48,113056;"SPRF-DF";"DEL01-DF";"UOP01-DEL03-DF"
216773;2019-06-19;"quarta-feira";"18:10:00";"SP";116;149,6;"SAO JOSE DOS CAMPOS";"Defeito na Via";"Queda de ocupante de veículo";"Com Vítimas Feridas";"Plena Noite";"Crescente";"Céu Claro";"Múltipla";"Declive;Reta";"Não";1;0;1;0;0;0;1;1;-23,20700047;-45,88626861;"SPRF-SP";"DEL02-SP";"UOP01-DEL02-SP"
216774;2019-06-19;"quarta-feira";"18:30:00";"MG";40;523;"CONTAGEM";"Desobediência às normas de trânsito pelo condutor";"Queda de ocupante de veículo";"Com Vítimas Feridas";"Plena Noite";"Decrescente";"Céu Claro";"Dupla";"Reta";"Sim";1;0;1;0;0;0;1;1;-19,86874894;-44,05962197;"SPRF-MG";"DEL01-MG";"UOP02-DEL01-MG"