"id";"data_inversa";"dia_semana";"horario";"uf";"br";"km";"municipio";"causa_acidente";"tipo_acidente";"classificacao_acidente";"fase_dia";"sentido_via";"condicao_metereologica";"tipo_pista";"tracado_via";"uso_solo";"pessoas";"mortos";"feridos_leves";"feridos_graves";"ilesos";"ignorados";"feridos";"veiculos";"latitude";"longitude";"regional";"delegacia";"uop"
216776;2019-06-19;"quarta-feira";"19:10:00";"PR";277;702,7;"SAO MIGUEL DO IGUACU";"Desobediência às normas de trânsito pelo pedestre";"Atropelamento de Pedestre";"Com Vítimas Fatais";"Plena Noite";"Crescente";"Céu Claro";"Dupla";"Reta";"Não";3;1;1;0;1;0;1;2;-25,41563081;-54,34484511;"SPRF-PR";"DEL05-PR";"UOP01-DEL05-PR"
216777;2019-06-19;"quarta-feira";"19:40:00";"SC";470;140,1;"RIO DO SUL";"Falta de Atenção à Condução";"Colisão transversal";"Com Vítimas Feridas";"Plena Noite";"Decrescente";"Céu Claro";"Simples";"Retorno Regulamentado";"Sim";2;0;1;0;1;0;1;2;-27,20466932;-49,63842988;"SPRF-SC";"DEL04-SC";"UOP02-DEL04-SC"
216779;2019-06-19;"quarta-feira";"19:00:00";"SC";101;204,3;"SAO JOSE";"Desobediência às normas de trânsito pelo condutor";"Colisão traseira";"Com Vítimas Feridas";"Anoitecer";"Decrescente";"Céu Claro";"Dupla";"Reta";"Sim";2;0;1;0;1;0;1;2;-27,57413014;-48,61363083;"SPRF-SC";"DEL01-SC";"UOP01-DEL01-SC"
216782;2019-06-19;"quarta-feira";"19:50:00";"MG";365;0;"MONTES CLAROS";"Velocidade Incompatível";"Queda de ocupante de veículo";"Com Vítimas Feridas";"Anoitecer";"Crescente";"Céu Claro";"Simples";"Rotatória";"Não";2;0;2;0;0;0;2;1;-16,716154;-43,863327;"SPRF-MG";"DEL12-MG";"UOP01-DEL12-MG"
216783;2019-06-19;"quarta-feira";"19:00:00";"RS";116;133;"CAXIAS DO SUL";"Velocidade Incompatível";"Saída de leito carroçável";"Com Vítimas Feridas";"Plena Noite";"Crescente";"Céu Claro";"Simples";"Curva";"Não";1;0;0;1;0;0;1;1;-29,05590302;-51,09689605;"SPRF-RS";"DEL05-RS";"UOP01-DEL05-RS"
216785;2019-06-19;"quarta-feira";"19:40:00";"RS";386;26,9;"FREDERICO WESTPHALEN";"Falta de Atenção à Condução";"Colisão frontal";"Com Vítimas Fatais";"Plena Noite";"Crescente";"Céu Claro";"Simples";"Curva";"Não";2;1;0;1;0;0;1;2;-27,300388;-53,363838;"SPRF-RS";"DEL08-RS";"UOP02-DEL08-RS"
216786;2019-06-19;"quarta-feira";"19:15:00";"PI";343;292;"ALTOS";"Animais na Pista";"Atropelamento de Animal";"Sem Vítimas";"Plena Noite";"Decrescente";"Céu Claro";"Simples";"Curva";"Não";2;0;0;0;2;0;0;1;-4,957365;-42,361111;"SPRF-PI";"DEL01-PI";"UOP03-DEL01-PI"
216787;2019-06-19;"quarta-feira";"19:40:00";"RS";116;264;"CANOAS";"Falta de Atenção à Condução";"Colisão lateral";"Com Vítimas Feridas";"Plena Noite";"Decrescente";"Céu Claro";"Dupla";"Reta";"Sim";3;0;1;0;2;0;1;3;-29,914435;-51,17754495;"SPRF-RS";"DEL01-RS";"UOP01-DEL01-RS"
216788;2019-06-19;"quarta-feira";"19:00:00";"RJ";116;200;"SEROPEDICA";"Defeito Mecânico no Veículo";"Incêndio";"Sem Vítimas";"Plena Noite";"Crescente";"Céu Claro";"Dupla";"Reta";"Sim";1;0;0;0;1;0;0;1;-22,72869047;-43,63769531;"SPRF-RJ";"DEL01-RJ";"UOP03-DEL01-RJ"
216791;2019-06-19;"quarta-feira";"20:15:00";"MG";365;690,2;"MONTE ALEGRE DE MINAS";"Desobediência às normas de trânsito pelo pedestre";"Atropelamento de Pedestre";"Com Vítimas Feridas";"Plena Noite";"Decrescente";"Céu Claro";"Dupla";"Curva";"Sim";2;0;1;0;1;0;1;2;-18,87653733;-48,90301499;"SPRF-MG";"DEL15-MG";"UOP03-DEL15-MG"
216792;2019-06-19;"quarta-feira";"20:50:00";"RJ";101;528,9;"ANGRA DOS REIS";"Fenômenos da Natureza";"Saída de leito carroçável";"Com Vítimas Feridas";"Plena Noite";"Decrescente";"Nublado";"Simples";"Curva";"Não";1;0;1;0;0;0;1;1;-23,02314418;-44,50045173;"SPRF-RJ";"DEL03-RJ";"UOP02-DEL03-RJ"
216793;2019-06-19;"quarta-feira";"20:00:00";"MS";60;395,9;"SIDROLANDIA";"Falta de Atenção à Condução";"Saída de leito carroçável";"Com Vítimas Feridas";"Plena Noite";"Decrescente";"Céu Claro";"Simples";"Reta";"Não";2;0;2;0;0;0;2;1;-20,75566905;-54,78573182;"SPRF-MS";"DEL01-MS";"UOP04-DEL01-MS"
216794;2019-06-19;"quarta-feira";"20:35:00";"PR";277;480;"NOVA LARANJEIRAS";"Falta de Atenção do Pedestre";"Atropelamento de Pedestre";"Com Vítimas Fatais";"Plena Noite";"Decrescente";"Céu Claro";"Simples";"Reta";"Não";4;1;0;0;3;0;0;2;-25,2857969;-52,58222295;"SPRF-PR";"DEL04-PR";"UOP02-DEL04-PR"
216795;2019-06-19;"quarta-feira";"21:05:00";"PI";343;53,9;"BURITI DOS LOPES";"Animais na Pista";"Atropelamento de Animal";"Com Vítimas Feridas";"Plena Noite";"Crescente";"Nublado";"Simples";"Reta";"Não";2;0;2;0;0;0;2;1;-3,201669;-41,835808;"SPRF-PI";"DEL05-PI";"UOP01-DEL05-PI"
216796;2019-06-19;"quarta-feira";"19:40:00";"PR";476;324;"PAULO FRONTIN";"Falta de Atenção à Condução";"Colisão lateral";"Com Vítimas Feridas";"Anoitecer";"Crescente";"Céu Claro";"Simples";"Reta";"Sim";2;0;1;0;1;0;1;2;-26,086109;-50,763081;"SPRF-PR";"DEL02-PR";"UOP04-DEL02-PR"
216797;2019-06-19;"quarta-feira";"20:50:00";"MG";381;448,8;"SANTA LUZIA";"Defeito na Via";"Tombamento";"Com Vítimas Feridas";"Plena Noite";"Decrescente";"Céu Claro";"Simples";"Reta";"Sim";1;0;0;1;0;0;1;1;-19,82535438;-43,83380771;"SPRF-MG";"DEL01-MG";"UOP01-DEL01-MG"
216799;2019-06-19;"quarta-feira";"22:00:00";"SC";101;206,3;"SAO JOSE";"Não guardar distância de segurança";"Tombamento";"Com Vítimas Feridas";"Plena Noite";"Crescente";"Céu Claro";"Dupla";"Reta";"Sim";1;0;1;0;0;0;1;1;-27,59193546;-48,61824557;"SPRF-SC";"DEL01-SC";"UOP01-DEL01-SC"
216802;2019-05-30;"quinta-feira";"19:05:00";"RS";290;91;"PORTO ALEGRE";"Falta de Atenção à Condução";"Colisão transversal";"Com Vítimas Feridas";"Plena Noite";"Decrescente";"Chuva";"Múltipla";"Retorno Regulamentado";"Sim";5;0;4;0;1;0;4;2;-29,969055;-51,167439;"SPRF-RS";"DEL01-RS";"UOP01-DEL01-RS"
216804;2019-06-19;"quarta-feira";"22:40:00";"DF";70;15,4;"BRASILIA";"Desobediência às normas de trânsito pelo condutor";"Colisão traseira";"Com Vítimas Feridas";"Plena Noite";"Crescente";"Céu Claro";"Dupla";"Reta;Declive";"Sim";2;0;0;1;0;1;1;2;-15,798888;-48,185043;"SPRF-DF";"DEL01-DF";"UOP02-DEL03-DF"
216805;2019-06-19;"quarta-feira";"18:50:00";"SC";282;252,3;"SAO JOSE DO CERRITO";"Falta de Atenção à Condução";"Colisão frontal";"Com Vítimas Fatais";"Plena Noite";"Decrescente";"Nublado";"Simples";"Curva";"Não";6;1;1;3;0;1;4;4;-27,691267;-50,561481;"SPRF-SC";"DEL05-SC";"UOP02-DEL05-SC"
216807;2019-06-19;"quarta-feira";"23:40:00";"ES";101;267,9;"SERRA";"Ingestão de Álcool";"Colisão traseira";"Sem Vítimas";"Plena Noite";"Decrescente";"Céu Claro";"Múltipla";"Reta";"Sim";3;0;0;0;3;0;0;3;-20,19930999;-40,26884609;"SPRF-ES";"DEL02-ES";"UOP01-DEL02-ES"
216810;2019-06-20;"quinta-feira";"00:35:00";"RS";290;113,2;"ELDORADO DO SUL";"Falta de Atenção à Condução";"Saída de leito carroçável";"Sem Vítimas";"Plena Noite";"Decrescente";"Nublado";"Simples";"Reta";"Não";1;0;0;0;1;0;0;1;-30,043636;-51,337456;"SPRF-RS";"DEL02-RS";"UOP01-DEL02-RS"
216817;2019-06-19;"quarta-feira";"21:15:00";"PI";343;53,9;"BURITI DOS LOPES";"Restrição de Visibilidade";"Colisão com objeto estático";"Sem Vítimas";"Plena Noite";"Crescente";"Nublado";"Simples";"Reta";"Não";5;0;0;0;5;0;0;1;-3,201669;-41,835808;"SPRF-PI";"DEL05-PI";"UOP01-DEL05-PI"
216818;2019-06-20;"quinta-feira";"03:45:00";"SC";101;116;"ITAJAI";"Defeito Mecânico no Veículo";"Tombamento";"Com Vítimas Feridas";"Plena Noite";"Decrescente";"Nublado";"Dupla";"Reta";"Sim";2;0;2;0;0;0;2;1;-26,87905605;-48,72603512;"SPRF-SC";"DEL04-SC";"UOP04-DEL04-SC"
216821;2019-06-19;"quarta-feira";"23:00:00";"MA";135;106;"ITAPECURU MIRIM";"Restrição de Visibilidade";"Atropelamento de Animal";"Com Vítimas Feridas";"Plena Noite";"Decrescente";"Céu Claro";"Simples";"Reta";"Não";1;0;1;0;0;0;1;1;-3,40255223;-44,50839574;"SPRF-MA";"DEL01-MA";"UOP02-DEL01-MA"
216822;2019-06-20;"quinta-feira";"04:00:00";"BA";324;624;"SALVADOR";"Defeito Mecânico no Veículo";"Incêndio";"Sem Vítimas";"Amanhecer";"Crescente";"Nublado";"Dupla";"Reta";"Não";1;0;0;0;1;0;0;1;-12,933839;-38,47190701;"SPRF-BA";"DEL01-BA";"UOP01-DEL01-BA"
216823;2019-06-20;"quinta-feira";"03:40:00";"RN";101;76,2;"NATAL";"Ingestão de Álcool";"Tombamento";"Com Vítimas Feridas";"Plena Noite";"Decrescente";"Céu Claro";"Dupla";"Declive";"Não";1;0;1;0;0;0;1;1;-5,72603024;-35,28461489;"SPRF-RN";"DEL02-RN";"UOP01-DEL02-RN"
216825;2019-06-20;"quinta-feira";"04:30:00";"PR";277;584;"CASCAVEL";"Ingestão de Álcool";"Colisão transversal";"Com Vítimas Feridas";"Plena Noite";"Crescente";"Nevoeiro/Neblina";"Simples";"Interseção de Vias";"Sim";3;0;1;0;2;0;1;2;-24,96684176;-53,40258186;"SPRF-PR";"DEL04-PR";"UOP01-DEL04-PR"
216826;2019-06-20;"quinta-feira";"05:00:00";"SC";470;66;"INDAIAL";"Falta de Atenção à Condução";"Tombamento";"Com Vítimas Feridas";"Plena Noite";"Crescente";"Céu Claro";"Simples";"Reta";"Não";1;0;1;0;0;0;1;1;-26,870407;-49,221844;"SPRF-SC";"DEL04-SC";"UOP01-DEL04-SC"
216827;2019-06-20;"quinta-feira";"05:30:00";"GO";153;507,3;"APARECIDA DE GOIANIA";"Ingestão de Álcool";"Colisão lateral";"Sem Vítimas";"Plena Noite";"Decrescente";"Ignorado";"Dupla";"Reta";"Sim";2;0;0;0;2;0;0;2;-16,7715;-49,2387;"SPRF-GO";"DEL01-GO";"UOP03-DEL01-GO"
216828;2019-06-20;"quinta-feira";"05:33:00";"SC";470;48;"BLUMENAU";"Ingestão de Álcool";"Colisão transversal";"Com Vítimas Feridas";"Plena Noite";"Crescente";"Céu Claro";"Simples";"Reta";"Não";5;0;4;0;1;0;4;2;-26,860388;-49,037617;"SPRF-SC";"DEL04-SC";"UOP01-DEL04-SC"
216831;2019-06-20;"quinta-feira";"03:15:00";"PR";376;84;"GUAIRACA";"Condutor Dormindo";"Saída de leito carroçável";"Com Vítimas Feridas";"Plena Noite";"Decrescente";"Céu Claro";"Simples";"Reta";"Não";1;0;1;0;0;0;1;1;-22,97146339;-52,62378407;"SPRF-PR";"DEL07-PR";"UOP02-DEL09-PR"
216833;2019-06-20;"quinta-feira";"05:50:00";"SP";101;47,2;"UBATUBA";"Falta de Atenção à Condução";"Colisão com objeto em movimento";"Com Vítimas Fatais";"Amanhecer";"Crescente";"Céu Claro";"Simples";"Reta";"Sim";3;1;0;0;1;1;0;3;-23,43399347;-45,08720398;"SPRF-SP";"DEL06-SP";"UOP01-DEL06-SP"
216835;2019-06-20;"quinta-feira";"04:30:00";"RO";364;339,4;"JI-PARANA";"Falta de Atenção à Condução";"Atropelamento de Pedestre";"Com Vítimas Fatais";"Plena Noite";"Crescente";"Céu Claro";"Múltipla";"Reta";"Sim";2;1;0;0;0;1;0;2;-10,90440544;-61,93025351;"SPRF-RO";"DEL02-RO";"UOP01-DEL02-RO"
216837;2019-06-20;"quinta-feira";"07:04:00";"PR";376;182;"MARINGA";"Falta de Atenção à Condução";"Colisão lateral";"Com Vítimas Feridas";"Pleno dia";"Decrescente";"Céu Claro";"Dupla";"Rotatória";"Sim";2;0;0;1;0;1;1;2;-23,43684112;-51,87880764;"SPRF-PR";"DEL07-PR";"UOP01-DEL09-PR"
216838;2019-06-20;"quinta-feira";"06:50:00";"SC";282;56;"RANCHO QUEIMADO";"Falta de Atenção à Condução";"Colisão com objeto estático";"Com Vítimas Feridas";"Amanhecer";"Decrescente";"Céu Claro";"Simples";"Curva";"Não";1;0;1;0;0;0;1;1;-27,691633;-48,991375;"SPRF-SC";"DEL01-SC";"UOP03-DEL01-SC"
216839;2019-06-20;"quinta-feira";"06:35:00";"ES";101;296,9;"CARIACICA";"Velocidade Incompatível";"Tombamento";"Com Vítimas Feridas";"Pleno dia";"Crescente";"Céu Claro";"Múltipla";"Curva";"Sim";1;0;1;0;0;0;1;1;-20,34029997;-40,40405712;"SPRF-ES";"DEL01-ES";"UOP01-DEL01-ES"
216840;2019-06-20;"quinta-feira";"06:30:00";"SC";101;121;"ITAJAI";"Velocidade Incompatível";"Colisão traseira";"Com Vítimas Feridas";"Amanhecer";"Crescente";"Nevoeiro/Neblina";"Dupla";"Reta";"Não";2;0;1;0;1;0;1;2;-26,92103178;-48,70856446;"SPRF-SC";"DEL04-SC";"UOP04-DEL04-SC"
216841;2019-06-20;"quinta-feira";"05:20:00";"RO";364;605;"ITAPUA DO OESTE";"Sinalização da via insuficiente ou inadequada";"Saída de leito carroçável";"Com Vítimas Feridas";"Amanhecer";"Decrescente";"Céu Claro";"Dupla";"Reta";"Sim";2;0;0;1;0;1;1;2;-9,18646059;-63,1945771;"SPRF-RO";"DEL03-RO";"UOP04-DEL01-RO"
216842;2019-06-20;"quinta-feira";"03:00:00";"SC";282;360,9;"ERVAL VELHO";"Velocidade Incompatível";"Saída de leito carroçável";"Com Vítimas Feridas";"Plena Noite";"Decrescente";"Céu Claro";"Simples";"Reta";"Não";1;0;0;1;0;0;1;1;-27,317354;-51,366764;"SPRF-SC";"DEL07-SC";"UOP05-DEL07-SC"
216844;2019-06-20;"quinta-feira";"05:10:00";"RJ";101;469;"ANGRA DOS REIS";"Condutor Dormindo";"Capotamento";"Com Vítimas Feridas";"Amanhecer";"Decrescente";"Nevoeiro/Neblina";"Simples";"Reta";"Não";1;0;1;0;0;0;1;1;-23,01160388;-44,23091089;"SPRF-RJ";"DEL03-RJ";"UOP03-DEL03-RJ"
216845;2019-06-20;"quinta-feira";"03:40:00";"PI";407;609,7;"ACAUA";"Animais na Pista";"Atropelamento de Animal";"Com Vítimas Fatais";"Plena Noite";"Decrescente";"Céu Claro";"Simples";"Declive";"Não";2;1;0;1;0;0;1;1;-8,41240304;-41,09712987;"SPRF-PI";"DEL04-PI";"UOP01-DEL04-PI"
216846;2019-06-04;"terça-feira";"11:25:00";"PR";116;17;"COLOMBO";"Falta de Atenção à Condução";"Colisão lateral";"Com Vítimas Feridas";"Pleno dia";"Crescente";"Céu Claro";"Dupla";"Reta";"Não";3;0;1;0;2;0;1;3;-25,389;-49,1867;"SPRF-PR";"DEL01-PR";"UOP01-DEL01-PR"
216847;2019-06-20;"quinta-feira";"07:20:00";"BA";324;547;"AMELIA RODRIGUES";"Ultrapassagem Indevida";"Colisão lateral";"Com Vítimas Fatais";"Pleno dia";"Decrescente";"Garoa/Chuvisco";"Dupla";"Aclive;Reta";"Não";2;1;0;0;1;0;0;2;-12,43093933;-38,73297414;"SPRF-BA";"DEL01-BA";"UOP01-DEL01-BA"
216850;2019-06-20;"quinta-feira";"07:30:00";"BA";116;385;"SANTA BARBARA";"Velocidade Incompatível";"Capotamento";"Com Vítimas Feridas";"Pleno dia";"Decrescente";"Nublado";"Simples";"Reta";"Não";1;0;1;0;0;0;1;1;-11,89449495;-38,98149841;"SPRF-BA";"DEL02-BA";"UOP01-DEL02-BA"
216851;2019-06-20;"quinta-feira";"08:00:00";"PI";343;15;"PARNAIBA";"Falta de Atenção à Condução";"Colisão lateral";"Com Vítimas Feridas";"Pleno dia";"Crescente";"Céu Claro";"Dupla";"Reta";"Não";2;0;0;1;1;0;1;2;-2,93659;-41,754936;"SPRF-PI";"DEL05-PI";"UOP01-DEL05-PI"
216853;2019-06-20;"quinta-feira";"06:50:00";"RN";101;109;"PARNAMIRIM";"Desobediência às normas de trânsito pelo condutor";"Colisão com objeto estático";"Sem Vítimas";"Pleno dia";"Crescente";"Céu Claro";"Simples";"Curva";"Sim";2;0;0;0;1;1;0;2;-5,937378;-35,26483;"SPRF-RN";"DEL01-RN";"UOP01-DEL01-RN"
216854;2019-06-20;"quinta-feira";"08:05:00";"GO";50;102,2;"CRISTALINA";"Desobediência às normas de trânsito pelo condutor";"Saída de leito carroçável";"Sem Vítimas";"Pleno dia";"Crescente";"Céu Claro";"Dupla";"Reta";"Não";1;0;0;0;1;0;0;1;-16,9309;-47,7117;"SPRF-DF";"DEL01-DF";"UOP02-DEL01-DF"
216855;2019-06-20;"quinta-feira";"07:10:00";"SP";116;117;"TAUBATE";"Falta de Atenção à Condução";"Colisão traseira";"Com Vítimas Feridas";"Pleno dia";"Decrescente";"Céu Claro";"Dupla";"Reta";"Não";7;0;4;0;3;0;4;2;-23,0582298;-45,6176951;"SPRF-SP";"DEL06-SP";"UOP02-DEL02-SP"
216856;2019-06-20;"quinta-feira";"07:20:00";"SP";116;119,5;"CACAPAVA";"Falta de Atenção à Condução";"Colisão traseira";"Com Vítimas Feridas";"Pleno dia";"Decrescente";"Céu Claro";"Dupla";"Reta;Declive";"Não";2;0;1;0;1;0;1;2;-23,06710044;-45,63562878;"SPRF-SP";"DEL06-SP";"UOP02-DEL02-SP"
216857;2019-06-20;"quinta-feira";"08:20:00";"MG";381;497;"BETIM";"Falta de Atenção à Condução";"Colisão traseira";"Sem Vítimas";"Pleno dia";"Crescente";"Céu Claro";"Múltipla";"Interseção de Vias";"Sim";2;0;0;0;2;0;0;2;-19,97873329;-44,20024037;"SPRF-MG";"DEL01-MG";"UOP03-DEL01-MG"
216858;2019-06-20;"quinta-feira";"08:00:00";"SP";116;122;"CACAPAVA";"Falta de Atenção à Condução";"Colisão traseira";"Com Vítimas Feridas";"Pleno dia";"Decrescente";"Sol";"Dupla";"Reta";"Não";1;0;1;0;0;0;1;1;-23,08192414;-45,66154591;"SPRF-SP";"DEL06-SP";"UOP02-DEL02-SP"
216859;2019-06-20;"quinta-feira";"07:30:00";"MS";60;604,6;"JARDIM";"Falta de Atenção à Condução";"Saída de leito carroçável";"Com Vítimas Feridas";"Pleno dia";"Crescente";"Céu Claro";"Simples";"Reta";"Não";3;0;1;0;2;0;1;1;-21,5831;-56,17562;"SPRF-MS";"DEL05-MS";"UOP01-DEL05-MS"
216862;2019-06-20;"quinta-feira";"09:15:00";"DF";70;15;"BRASILIA";"Falta de Atenção à Condução";"Saída de leito carroçável";"Com Vítimas Feridas";"Pleno dia";"Crescente";"Céu Claro";"Dupla";"Reta";"Sim";1;0;1;0;0;0;1;1;-15,798888;-48,185043;"SPRF-DF";"DEL01-DF";"UOP02-DEL03-DF"
216863;2019-06-20;"quinta-feira";"08:30:00";"MA";10;256,2;"IMPERATRIZ";"Ingestão de Álcool";"Colisão traseira";"Com Vítimas Feridas";"Pleno dia";"Crescente";"Céu Claro";"Simples";"Reta";"Sim";3;0;1;1;1;0;2;2;-5,49430251;-47,47194621;"SPRF-MA";"DEL04-MA";"UOP01-DEL04-MA"
216866;2019-06-20;"quinta-feira";"09:30:00";"RN";101;99;"PARNAMIRIM";"Falta de Atenção do Pedestre";"Atropelamento de Pedestre";"Com Vítimas Feridas";"Pleno dia";"Decrescente";"Céu Claro";"Dupla";"Reta";"Sim";2;0;0;1;1;0;1;2;-5,87359183;-35,22063023;"SPRF-RN";"DEL01-RN";"UOP01-DEL01-RN"
216867;2019-06-20;"quinta-feira";"07:30:00";"MG";381;184,7;"GOVERNADOR VALADARES";"Falta de Atenção à Condução";"Colisão transversal";"Com Vítimas Feridas";"Pleno dia";"Decrescente";"Céu Claro";"Simples";"Reta";"Não";3;0;2;0;1;0;2;2;-19,06617062;-42,16938094;"SPRF-MG";"DEL06-MG";"UOP01-DEL06-MG"
216868;2019-06-20;"quinta-feira";"09:20:00";"SP";116;120,4;"CACAPAVA";"Desobediência às normas de trânsito pelo condutor";"Atropelamento de Pedestre";"Com Vítimas Feridas";"Pleno dia";"Decrescente";"Sol";"Dupla";"Reta";"Não";3;0;0;1;0;2;1;2;-23,0715638;-45,64459209;"SPRF-SP";"DEL06-SP";"UOP02-DEL02-SP"
216870;2019-06-20;"quinta-feira";"09:30:00";"GO";60;107;"GOIANAPOLIS";"Pista Escorregadia";"Queda de ocupante de veículo";"Com Vítimas Feridas";"Pleno dia";"Crescente";"Céu Claro";"Dupla";"Reta;Aclive";"Não";2;0;1;1;0;0;2;1;-16,43070321;-49,01807785;"SPRF-GO";"DEL02-GO";"UOP01-DEL02-GO"
216871;2019-06-20;"quinta-feira";"05:30:00";"MS";163;697;"RIO VERDE DE MATO GROSSO";"Ingestão de Álcool";"Saída de leito carroçável";"Com Vítimas Feridas";"Amanhecer";"Crescente";"Céu Claro";"Dupla";"Reta";"Não";2;0;1;0;0;1;1;2;-18,78267807;-54,82820046;"SPRF-MS";"DEL06-MS";"UOP01-DEL06-MS"
216872;2019-06-20;"quinta-feira";"09:15:00";"ES";101;322,3;"GUARAPARI";"Não guardar distância de segurança";"Saída de leito carroçável";"Com Vítimas Feridas";"Pleno dia";"Decrescente";"Céu Claro";"Simples";"Curva";"Não";1;0;0;1;0;0;1;1;-20,52834469;-40,48236575;"SPRF-ES";"DEL03-ES";"UOP01-DEL03-ES"
216873;2019-06-20;"quinta-feira";"08:50:00";"CE";116;228;"ALTO SANTO";"Defeito na Via";"Capotamento";"Com Vítimas Feridas";"Pleno dia";"Decrescente";"Sol";"Dupla";"Reta";"Não";4;0;2;0;2;0;2;1;-5,39507118;-38,23254859;"SPRF-CE";"DEL03-CE";"UOP01-DEL03-CE"
216874;2019-06-20;"quinta-feira";"08:50:00";"RS";386;31,9;"FREDERICO WESTPHALEN";"Não guardar distância de segurança";"Colisão traseira";"Sem Vítimas";"Pleno dia";"Decrescente";"Sol";"Simples";"Reta";"Sim";2;0;0;0;2;0;0;2;-27,334265;-53,381775;"SPRF-RS";"DEL08-RS";"UOP02-DEL08-RS"
216876;2019-06-20;"quinta-feira";"09:40:00";"MG";262;431;"SAO GONCALO DO PARA";"Defeito Mecânico no Veículo";"Saída de leito carroçável";"Com Vítimas Feridas";"Pleno dia";"Crescente";"Céu Claro";"Dupla";"Curva";"Não";2;0;1;0;1;0;1;1;-19,89164437;-44,81493401;"SPRF-MG";"DEL08-MG";"UOP03-DEL08-MG"
216877;2019-06-20;"quinta-feira";"10:15:00";"MG";267;41,8;"MARIPA DE MINAS";"Falta de Atenção à Condução";"Colisão lateral";"Com Vítimas Feridas";"Pleno dia";"Crescente";"Céu Claro";"Simples";"Reta";"Não";3;0;2;0;1;0;2;2;-21,68128685;-42,91226426;"SPRF-MG";"DEL07-MG";"UOP01-DEL07-MG"
216878;2019-06-20;"quinta-feira";"10:00:00";"MG";381;525,5;"BRUMADINHO";"Falta de Atenção à Condução";"Colisão lateral";"Com Vítimas Feridas";"Pleno dia";"Decrescente";"Céu Claro";"Dupla";"Curva";"Não";3;0;1;0;2;0;1;2;-20,16710798;-44,33422398;"SPRF-MG";"DEL04-MG";"UOP03-DEL04-MG"
216879;2019-06-20;"quinta-feira";"09:48:00";"SC";282;609,2;"MARAVILHA";"Falta de Atenção à Condução";"Colisão traseira";"Com Vítimas Feridas";"Pleno dia";"Crescente";"Céu Claro";"Simples";"Reta";"Não";2;0;0;1;1;0;1;2;-26,761354;-53,221897;"SPRF-SC";"DEL07-SC";"UOP02-DEL07-SC"
216882;2019-06-20;"quinta-feira";"08:20:00";"PR";277;592,9;"CASCAVEL";"Falta de Atenção à Condução";"Queda de ocupante de veículo";"Sem Vítimas";"Pleno dia";"Decrescente";"Céu Claro";"Simples";"Reta";"Não";1;0;0;0;1;0;0;1;-24,98285697;-53,47319399;"SPRF-PR";"DEL04-PR";"UOP01-DEL04-PR"
216883;2019-06-20;"quinta-feira";"10:51:00";"SC";282;63,7;"RANCHO QUEIMADO";"Não guardar distância de segurança";"Engavetamento";"Com Vítimas Feridas";"Pleno dia";"Decrescente";"Céu Claro";"Simples";"Reta";"Não";9;0;6;0;3;0;6;5;-27,69654323;-49,05019999;"SPRF-SC";"DEL01-SC";"UOP03-DEL01-SC"
216884;2019-06-20;"quinta-feira";"05:30:00";"SC";116;90,3;"MONTE CASTELO";"Ingestão de Álcool";"Colisão com objeto estático";"Sem Vítimas";"Amanhecer";"Decrescente";"Céu Claro";"Simples";"Reta";"Não";1;0;0;0;1;0;0;1;-26,63695731;-50,25471279;"SPRF-SC";"DEL06-SC";"UOP02-DEL06-SC"
216885;2019-06-20;"quinta-feira";"10:20:00";"SC";101;111;"NAVEGANTES";"Falta de Atenção à Condução";"Colisão traseira";"Com Vítimas Feridas";"Pleno dia";"Crescente";"Sol";"Dupla";"Ponte";"Não";3;0;0;1;2;0;1;3;-26,83955734;-48,71418074;"SPRF-SC";"DEL04-SC";"UOP04-DEL04-SC"
216886;2019-06-20;"quinta-feira";"07:45:00";"SC";282;286,5;"SAO JOSE DO CERRITO";"Desobediência às normas de trânsito pelo condutor";"Colisão transversal";"Sem Vítimas";"Pleno dia";"Crescente";"Nevoeiro/Neblina";"Simples";"Reta";"Não";2;0;0;0;2;0;0;2;-27,570518;-50,809422;"SPRF-SC";"DEL05-SC";"UOP02-DEL05-SC"
216888;2019-06-20;"quinta-feira";"10:30:00";"SC";101;139,5;"BALNEARIO CAMBORIU";"Não guardar distância de segurança";"Colisão traseira";"Com Vítimas Feridas";"Pleno dia";"Crescente";"Céu Claro";"Dupla";"Aclive";"Não";4;0;1;0;3;0;1;3;-27,02982303;-48,60115006;"SPRF-SC";"DEL04-SC";"UOP03-DEL04-SC"
216889;2019-06-20;"quinta-feira";"10:50:00";"SP";153;180,8;"LINS";"Avarias e/ou desgaste excessivo no pneu";"Capotamento";"Com Vítimas Feridas";"Pleno dia";"Decrescente";"Céu Claro";"Simples";"Reta";"Não";3;0;2;0;1;0;2;1;-21,68278303;-49,79066455;"SPRF-SP";"DEL07-SP";"UOP01-DEL07-SP"
216891;2019-06-20;"quinta-feira";"11:15:00";"MG";354;773,1;"ITAMONTE";"Defeito na Via";"Tombamento";"Com Vítimas Feridas";"Pleno dia";"Decrescente";"Sol";"Simples";"Curva";"Não";1;0;0;1;0;0;1;1;-22,36143805;-44,77808302;"SPRF-MG";"DEL05-MG";"UOP01-DEL17-MG"