"id";"data_inversa";"dia_semana";"horario";"uf";"br";"km";"municipio";"causa_acidente";"tipo_acidente";"classificacao_acidente";"fase_dia";"sentido_via";"condicao_metereologica";"tipo_pista";"tracado_via";"uso_solo";"pessoas";"mortos";"feridos_leves";"feridos_graves";"ilesos";"ignorados";"feridos";"veiculos";"latitude";"longitude";"regional";"delegacia";"uop"
216892;2019-06-20;"quinta-feira";"11:35:00";"MG";40;475,9;"SETE LAGOAS";"Falta de Atenção à Condução";"Colisão traseira";"Com Vítimas Feridas";"Pleno dia";"Decrescente";"Céu Claro";"Dupla";"Reta;Aclive";"Não";3;0;2;0;1;0;2;2;-19,50551591;-44,27423377;"SPRF-MG";"DEL02-MG";"UOP01-DEL02-MG"
216893;2019-06-20;"quinta-feira";"11:50:00";"SC";470;98,2;"APIUNA";"Falta de Atenção à Condução";"Colisão frontal";"Com Vítimas Feridas";"Pleno dia";"Decrescente";"Céu Claro";"Simples";"Reta";"Sim";2;0;1;0;1;0;1;2;-27,032537;-49,385468;"SPRF-SC";"DEL04-SC";"UOP01-DEL04-SC"
216894;2019-06-20;"quinta-feira";"11:30:00";"BA";324;449;"RIACHAO DO JACUIPE";"Falta de Atenção à Condução";"Colisão transversal";"Com Vítimas Feridas";"Pleno dia";"Crescente";"Nublado";"Simples";"Reta";"Não";2;0;0;1;1;0;1;2;-11,87024807;-39,31245405;"SPRF-BA";"DEL02-BA";"UOP01-DEL02-BA"
216895;2019-06-20;"quinta-feira";"10:15:00";"BA";116;747,9;"POCOES";"Defeito Mecânico no Veículo";"Incêndio";"Sem Vítimas";"Pleno dia";"Crescente";"Céu Claro";"Simples";"Aclive;Curva";"Não";1;0;0;0;1;0;0;1;-14,40741502;-40,35443706;"SPRF-BA";"DEL08-BA";"UOP02-DEL08-BA"
216897;2019-06-20;"quinta-feira";"12:00:00";"PI";343;627;"FLORIANO";"Condutor Dormindo";"Saída de leito carroçável";"Com Vítimas Fatais";"Pleno dia";"Decrescente";"Céu Claro";"Simples";"Reta";"Não";5;2;2;0;0;1;2;2;-6,976284;-43,263241;"SPRF-PI";"DEL03-PI";"UOP01-DEL03-PI"
216899;2019-06-20;"quinta-feira";"07:05:00";"RO";364;330,2;"JI-PARANA";"Desobediência às normas de trânsito pelo condutor";"Colisão lateral";"Com Vítimas Feridas";"Pleno dia";"Decrescente";"Céu Claro";"Simples";"Reta";"Não";3;0;1;1;1;0;2;3;-10,984673;-61,9171;"SPRF-RO";"DEL02-RO";"UOP01-DEL02-RO"
216900;2019-06-20;"quinta-feira";"12:40:00";"GO";60;95;"ANAPOLIS";"Mal Súbito";"Colisão lateral";"Com Vítimas Feridas";"Pleno dia";"Crescente";"Céu Claro";"Dupla";"Reta";"Sim";5;0;2;0;3;0;2;3;-16,3679;-48,939;"SPRF-GO";"DEL02-GO";"UOP01-DEL02-GO"
216901;2019-06-20;"quinta-feira";"11:30:00";"MS";262;578,6;"MIRANDA";"Falta de Atenção à Condução";"Saída de leito carroçável";"Com Vítimas Feridas";"Pleno dia";"Decrescente";"Céu Claro";"Simples";"Reta";"Não";5;0;2;0;3;0;2;1;-20,17124876;-56,5473909;"SPRF-MS";"DEL03-MS";"UOP02-DEL03-MS"
216904;2019-06-20;"quinta-feira";"08:20:00";"RO";364;536;"ARIQUEMES";"Falta de Atenção à Condução";"Saída de leito carroçável";"Com Vítimas Feridas";"Pleno dia";"Decrescente";"Sol";"Simples";"Curva";"Não";1;0;1;0;0;0;1;1;-9,75382227;-63,10575094;"SPRF-RO";"DEL03-RO";"UOP01-DEL03-RO"
216905;2019-06-20;"quinta-feira";"13:15:00";"ES";101;93;"SAO MATEUS";"Desobediência às normas de trânsito pelo condutor";"Colisão transversal";"Com Vítimas Feridas";"Pleno dia";"Crescente";"Céu Claro";"Simples";"Reta";"Sim";2;0;0;1;1;0;1;2;-18,92266916;-39,96785068;"SPRF-ES";"DEL04-ES";"UOP02-DEL04-ES"
216906;2019-04-30;"terça-feira";"14:30:00";"ES";101;299;"VIANA";"Defeito Mecânico no Veículo";"Tombamento";"Com Vítimas Feridas";"Pleno dia";"Decrescente";"Ignorado";"Dupla";"Reta";"Sim";1;0;0;1;0;0;1;1;-20,3830992;-40,4599181;"SPRF-ES";"DEL01-ES";"UOP01-DEL01-ES"
216909;2019-06-20;"quinta-feira";"10:00:00";"RO";364;425;"JARU";"Falta de Atenção à Condução";"Colisão transversal";"Com Vítimas Feridas";"Pleno dia";"Decrescente";"Céu Claro";"Simples";"Reta";"Sim";1;0;1;0;0;0;1;1;-10,43752488;-62,47169791;"SPRF-RO";"DEL03-RO";"UOP02-DEL03-RO"
216910;2019-06-20;"quinta-feira";"13:00:00";"RN";101;155,5;"GOIANINHA";"Falta de Atenção à Condução";"Colisão lateral";"Sem Vítimas";"Pleno dia";"Decrescente";"Céu Claro";"Dupla";"Declive";"Não";2;0;0;0;1;1;0;2;-6,33270015;-35,17448225;"SPRF-RN";"DEL01-RN";"UOP01-DEL01-RN"
216911;2019-06-20;"quinta-feira";"09:50:00";"RO";319;57;"PORTO VELHO";"Falta de Atenção à Condução";"Colisão transversal";"Com Vítimas Fatais";"Pleno dia";"Crescente";"Sol";"Simples";"Retorno Regulamentado";"Não";2;1;0;0;1;0;0;2;-8,739714;-63,93214024;"SPRF-RO";"DEL01-RO";"UOP01-DEL01-RO"
216914;2019-06-20;"quinta-feira";"12:20:00";"BA";367;24,8;"PORTO SEGURO";"Falta de Atenção à Condução";"Colisão transversal";"Com Vítimas Feridas";"Pleno dia";"Decrescente";"Céu Claro";"Simples";"Curva";"Sim";5;0;1;0;3;1;1;3;-16,43763962;-39,0813791;"SPRF-BA";"DEL09-BA";"UOP01-DEL09-BA"
216915;2019-06-20;"quinta-feira";"14:15:00";"SC";101;197;"BIGUACU";"Defeito Mecânico no Veículo";"Colisão com objeto estático";"Sem Vítimas";"Pleno dia";"Crescente";"Sol";"Dupla";"Aclive";"Sim";1;0;0;0;1;0;0;1;-27,51844497;-48,63848496;"SPRF-SC";"DEL01-SC";"UOP01-DEL01-SC"
216916;2019-06-20;"quinta-feira";"13:50:00";"ES";101;166;"LINHARES";"Falta de Atenção à Condução";"Colisão traseira";"Com Vítimas Feridas";"Pleno dia";"Decrescente";"Céu Claro";"Simples";"Reta";"Sim";3;0;1;0;2;0;1;2;-19,52077663;-40,14566638;"SPRF-ES";"DEL04-ES";"UOP01-DEL04-ES"
216919;2019-06-20;"quinta-feira";"14:30:00";"SC";101;126;"ITAJAI";"Não guardar distância de segurança";"Saída de leito carroçável";"Com Vítimas Feridas";"Pleno dia";"Decrescente";"Céu Claro";"Dupla";"Reta";"Não";1;0;1;0;0;0;1;1;-26,95564404;-48,67978366;"SPRF-SC";"DEL04-SC";"UOP04-DEL04-SC"
216920;2019-06-20;"quinta-feira";"14:30:00";"MG";40;698;"BARBACENA";"Desobediência às normas de trânsito pelo condutor";"Colisão lateral";"Com Vítimas Feridas";"Pleno dia";"Crescente";"Sol";"Simples";"Reta;Declive";"Não";5;0;1;0;4;0;1;2;-21,18890114;-43,75188324;"SPRF-MG";"DEL05-MG";"UOP02-DEL05-MG"
216922;2019-06-20;"quinta-feira";"15:20:00";"SC";101;132;"BALNEARIO CAMBORIU";"Ingestão de Álcool";"Colisão traseira";"Com Vítimas Feridas";"Pleno dia";"Crescente";"Céu Claro";"Simples";"Reta";"Sim";3;0;1;0;2;0;1;3;-26,99654133;-48,65564711;"SPRF-SC";"DEL04-SC";"UOP03-DEL04-SC"
216923;2019-06-20;"quinta-feira";"14:00:00";"RS";285;506,9;"ENTRE-IJUIS";"Condutor Dormindo";"Saída de leito carroçável";"Com Vítimas Feridas";"Pleno dia";"Crescente";"Sol";"Simples";"Reta";"Não";2;0;1;0;1;0;1;1;-28,397076;-54,354954;"SPRF-RS";"DEL10-RS";"UOP01-DEL10-RS"
216924;2019-06-20;"quinta-feira";"14:00:00";"PA";230;162;"ITUPIRANGA";"Desobediência às normas de trânsito pelo condutor";"Colisão transversal";"Com Vítimas Fatais";"Pleno dia";"Crescente";"Céu Claro";"Simples";"Interseção de Vias";"Não";5;1;0;1;3;0;1;3;-5,19452118;-49,36139931;"SPRF-PA";"DEL03-PA";"UOP01-DEL03-PA"
216926;2019-06-20;"quinta-feira";"16:10:00";"RS";116;153;"CAXIAS DO SUL";"Desobediência às normas de trânsito pelo condutor";"Colisão com objeto estático";"Com Vítimas Feridas";"Pleno dia";"Crescente";"Céu Claro";"Dupla";"Curva";"Sim";1;0;0;1;0;0;1;1;-29,18579758;-51,17713005;"SPRF-RS";"DEL05-RS";"UOP01-DEL05-RS"
216927;2019-06-20;"quinta-feira";"15:40:00";"PR";376;177,5;"MARINGA";"Falta de Atenção à Condução";"Colisão lateral";"Com Vítimas Feridas";"Pleno dia";"Crescente";"Céu Claro";"Dupla";"Interseção de Vias";"Sim";3;0;1;0;2;0;1;2;-23,41595855;-51,92226484;"SPRF-PR";"DEL07-PR";"UOP01-DEL09-PR"
216928;2019-06-20;"quinta-feira";"15:30:00";"PB";230;150;"CAMPINA GRANDE";"Desobediência às normas de trânsito pelo condutor";"Colisão lateral";"Com Vítimas Feridas";"Pleno dia";"Crescente";"Céu Claro";"Simples";"Reta";"Não";3;0;1;1;0;1;2;2;-7,25927337;-35,87840974;"SPRF-PB";"DEL02-PB";"UOP01-DEL02-PB"
216929;2019-06-20;"quinta-feira";"16:00:00";"PR";376;668;"GUARATUBA";"Falta de Atenção à Condução";"Queda de ocupante de veículo";"Com Vítimas Feridas";"Pleno dia";"Decrescente";"Nevoeiro/Neblina";"Dupla";"Curva";"Não";1;0;1;0;0;0;1;1;-25,864159;-48,937538;"SPRF-PR";"DEL01-PR";"UOP04-DEL01-PR"
216932;2019-06-20;"quinta-feira";"15:10:00";"RJ";101;334;"RIO DE JANEIRO";"Falta de Atenção à Condução";"Colisão traseira";"Com Vítimas Feridas";"Pleno dia";"Decrescente";"Céu Claro";"Múltipla";"Reta";"Não";2;0;1;0;0;1;1;2;-22,88517902;-43,21704364;"SPRF-RJ";"DEL02-RJ";"UOP02-DEL02-RJ"
216933;2019-06-20;"quinta-feira";"15:15:00";"SC";470;22,5;"ILHOTA";"Falta de Atenção à Condução";"Colisão transversal";"Com Vítimas Feridas";"Pleno dia";"Crescente";"Sol";"Dupla";"Reta";"Não";2;0;1;0;1;0;1;2;-26,88212926;-48,84321392;"SPRF-SC";"DEL04-SC";"UOP04-DEL04-SC"
216934;2019-06-20;"quinta-feira";"16:10:00";"PA";10;176;"PARAGOMINAS";"Ultrapassagem Indevida";"Colisão frontal";"Com Vítimas Feridas";"Pleno dia";"Crescente";"Céu Claro";"Simples";"Curva";"Não";2;0;0;1;1;0;1;2;-2,89433295;-47,4335408;"SPRF-PA";"DEL02-PA";"UOP01-DEL02-PA"
216935;2019-06-20;"quinta-feira";"15:00:00";"MT";364;434;"VARZEA GRANDE";"Falta de Atenção à Condução";"Colisão lateral";"Com Vítimas Feridas";"Pleno dia";"Decrescente";"Sol";"Simples";"Rotatória";"Sim";1;0;1;0;0;0;1;1;-15,64575025;-56,14041787;"SPRF-MT";"DEL01-MT";"DEL2/4-UOP02/MT"
216936;2019-06-20;"quinta-feira";"13:30:00";"RR";174;133,5;"RORAINOPOLIS";"Velocidade Incompatível";"Saída de leito carroçável";"Com Vítimas Feridas";"Pleno dia";"Crescente";"Céu Claro";"Simples";"Curva";"Não";2;0;0;2;0;0;2;1;0,252776;-60,516197;"SPRF-RR";"DEL01-RR";"UOP04/RR"
216938;2019-06-20;"quinta-feira";"15:50:00";"MG";116;114,9;"ITAOBIM";"Não guardar distância de segurança";"Colisão traseira";"Com Vítimas Feridas";"Pleno dia";"Crescente";"Céu Claro";"Simples";"Reta";"Sim";2;0;0;1;1;0;1;2;-16,54781518;-41,50243329;"SPRF-MG";"DEL11-MG";"UOP02-DEL11-MG"
216939;2019-06-20;"quinta-feira";"17:30:00";"RN";101;77,4;"NATAL";"Ingestão de Álcool";"Colisão transversal";"Com Vítimas Feridas";"Anoitecer";"Crescente";"Céu Claro";"Múltipla";"Reta";"Sim";2;0;1;0;1;0;1;2;-5,73180495;-35,29112135;"SPRF-RN";"DEL02-RN";"UOP01-DEL02-RN"
216940;2019-06-04;"terça-feira";"20:50:00";"MG";116;280,3;"TEOFILO OTONI";"Velocidade Incompatível";"Tombamento";"Com Vítimas Feridas";"Plena Noite";"Crescente";"Nublado";"Simples";"Aclive;Reta";"Não";1;0;0;1;0;0;1;1;-17,887829;-41,522411;"SPRF-MG";"DEL11-MG";"UOP01-DEL11-MG"
216941;2019-06-20;"quinta-feira";"16:35:00";"MG";116;526,9;"CARATINGA";"Ultrapassagem Indevida";"Atropelamento de Pedestre";"Com Vítimas Feridas";"Pleno dia";"Crescente";"Céu Claro";"Simples";"Reta";"Sim";2;0;1;0;1;0;1;2;-19,77221119;-42,13217139;"SPRF-MG";"DEL06-MG";"UOP02-DEL06-MG"
216943;2019-06-20;"quinta-feira";"17:15:00";"SC";101;132;"BALNEARIO CAMBORIU";"Ingestão de Álcool";"Tombamento";"Com Vítimas Feridas";"Pleno dia";"Crescente";"Sol";"Simples";"Reta";"Sim";1;0;1;0;0;0;1;1;-26,99654133;-48,65564711;"SPRF-SC";"DEL04-SC";"UOP03-DEL04-SC"
216944;2019-06-20;"quinta-feira";"14:50:00";"BA";101;503;"ITABUNA";"Desobediência às normas de trânsito pelo condutor";"Colisão lateral";"Com Vítimas Feridas";"Pleno dia";"Decrescente";"Céu Claro";"Simples";"Reta";"Sim";3;0;2;0;1;0;2;2;-14,77969603;-39,28921223;"SPRF-BA";"DEL05-BA";"UOP01-DEL05-BA"
216945;2019-06-16;"domingo";"18:50:00";"MS";463;107;"PONTA PORA";"Desobediência às normas de trânsito pelo condutor";"Queda de ocupante de veículo";"Com Vítimas Feridas";"Plena Noite";"Crescente";"Céu Claro";"Simples";"Reta";"Não";3;0;1;1;1;0;2;2;-22,59094101;-55,67301101;"SPRF-MS";"DEL04-MS";"UOP03-DEL04-MS"
216947;2019-06-20;"quinta-feira";"17:40:00";"RJ";101;583,4;"PARATY";"Pista Escorregadia";"Queda de ocupante de veículo";"Com Vítimas Feridas";"Plena Noite";"Crescente";"Chuva";"Simples";"Curva";"Não";1;0;0;1;0;0;1;1;-23,26024009;-44,69222399;"SPRF-RJ";"DEL03-RJ";"UOP04-DEL03-RJ"
216948;2019-06-20;"quinta-feira";"15:50:00";"PR";153;401,4;"MALLET";"Falta de Atenção à Condução";"Colisão lateral";"Com Vítimas Feridas";"Pleno dia";"Crescente";"Céu Claro";"Simples";"Reta";"Não";3;0;1;0;2;0;1;2;-25,967801;-50,83949219;"SPRF-PR";"DEL02-PR";"UOP03-DEL02-PR"
216949;2019-06-20;"quinta-feira";"18:10:00";"RS";116;232;"IVOTI";"Desobediência às normas de trânsito pelo condutor";"Colisão transversal";"Com Vítimas Feridas";"Plena Noite";"Crescente";"Céu Claro";"Simples";"Interseção de Vias";"Sim";2;0;1;0;1;0;1;2;-29,63300002;-51,14325106;"SPRF-RS";"DEL01-RS";"UOP02-DEL01-RS"
216950;2019-06-20;"quinta-feira";"18:15:00";"MG";365;0,8;"MONTES CLAROS";"Falta de Atenção à Condução";"Queda de ocupante de veículo";"Com Vítimas Feridas";"Plena Noite";"Crescente";"Céu Claro";"Simples";"Curva";"Não";1;0;1;0;0;0;1;1;-16,716154;-43,863327;"SPRF-MG";"DEL12-MG";"UOP01-DEL12-MG"
216951;2019-06-20;"quinta-feira";"18:00:00";"SC";282;5,7;"SAO JOSE";"Ingestão de Álcool";"Queda de ocupante de veículo";"Com Vítimas Feridas";"Plena Noite";"Crescente";"Nublado";"Dupla";"Reta";"Sim";1;0;1;0;0;0;1;1;-27,588425;-48,612919;"SPRF-SC";"DEL01-SC";"UOP01-DEL01-SC"
216952;2019-06-20;"quinta-feira";"18:15:00";"GO";60;313;"ACREUNA";"Falta de Atenção à Condução";"Tombamento";"Com Vítimas Feridas";"Plena Noite";"Decrescente";"Céu Claro";"Dupla";"Reta";"Não";1;0;0;1;0;0;1;1;-17,4334;-50,4268;"SPRF-GO";"DEL04-GO";"UOP01-DEL04-GO"
216953;2019-06-20;"quinta-feira";"17:55:00";"SP";116;92;"PINDAMONHANGABA";"Defeito Mecânico no Veículo";"Colisão com objeto estático";"Sem Vítimas";"Anoitecer";"Decrescente";"Céu Claro";"Dupla";"Reta";"Sim";1;0;0;0;0;1;0;1;-22,95222732;-45,40443885;"SPRF-SP";"DEL06-SP";"UOP01-DEL06-SP"
216955;2019-06-20;"quinta-feira";"18:45:00";"PR";376;196,3;"MARIALVA";"Desobediência às normas de trânsito pelo condutor";"Colisão traseira";"Com Vítimas Feridas";"Plena Noite";"Decrescente";"Céu Claro";"Dupla";"Reta";"Não";5;0;2;0;3;0;2;3;-23,50110173;-51,78328266;"SPRF-PR";"DEL07-PR";"UOP01-DEL09-PR"
216956;2019-06-20;"quinta-feira";"18:20:00";"RJ";101;275;"TANGUA";"Falta de Atenção do Pedestre";"Atropelamento de Pedestre";"Com Vítimas Feridas";"Plena Noite";"Decrescente";"Céu Claro";"Dupla";"Reta";"Sim";2;0;1;0;1;0;1;2;-22,73653355;-42,72909106;"SPRF-RJ";"DEL02-RJ";"UOP03-DEL02-RJ"
216958;2019-06-20;"quinta-feira";"18:30:00";"RN";101;31,7;"RIO DO FOGO";"Deficiência ou não Acionamento do Sistema de Iluminação/Sinalização do Veículo";"Colisão traseira";"Com Vítimas Feridas";"Plena Noite";"Crescente";"Céu Claro";"Simples";"Reta";"Não";6;0;2;0;4;0;2;5;-5,37679257;-35,3725139;"SPRF-RN";"DEL02-RN";"UOP01-DEL02-RN"
216960;2019-06-20;"quinta-feira";"12:40:00";"SC";101;415,7;"ARARANGUA";"Falta de Atenção à Condução";"Colisão traseira";"Sem Vítimas";"Pleno dia";"Decrescente";"Sol";"Simples";"Interseção de Vias";"Não";3;0;0;0;2;1;0;3;-28,96040535;-49,51653267;"SPRF-SC";"DEL02-SC";"UOP02-DEL02-SC"
216961;2019-06-20;"quinta-feira";"18:45:00";"MG";381;500;"BETIM";"Não guardar distância de segurança";"Colisão traseira";"Sem Vítimas";"Plena Noite";"Decrescente";"Céu Claro";"Dupla";"Reta;Aclive";"Não";2;0;0;0;2;0;0;2;-20,00193295;-44,21184897;"SPRF-MG";"DEL01-MG";"UOP03-DEL01-MG"
216962;2019-06-20;"quinta-feira";"19:00:00";"MG";381;358,1;"JOAO MONLEVADE";"Ingestão de Álcool";"Colisão traseira";"Sem Vítimas";"Plena Noite";"Decrescente";"Nublado";"Simples";"Rotatória;Interseção de Vias";"Sim";2;0;0;0;2;0;0;2;-19,85592801;-43,21689055;"SPRF-MG";"DEL03-MG";"UOP01-DEL03-MG"
216963;2019-06-20;"quinta-feira";"19:35:00";"SP";116;272,9;"TABOAO DA SERRA";"Falta de Atenção à Condução";"Colisão frontal";"Com Vítimas Feridas";"Plena Noite";"Decrescente";"Nublado";"Simples";"Viaduto";"Sim";9;0;4;0;5;0;4;3;-23,621691;-46,813288;"SPRF-SP";"DEL04-SP";"UOP01-DEL04-SP"
216964;2019-06-20;"quinta-feira";"18:55:00";"RS";158;467,5;"ROSARIO DO SUL";"Animais na Pista";"Atropelamento de Animal";"Com Vítimas Feridas";"Plena Noite";"Decrescente";"Céu Claro";"Simples";"Reta";"Sim";1;0;0;1;0;0;1;1;-30,246885;-54,954704;"SPRF-RS";"DEL11-RS";"UOP02-DEL11-RS"
216965;2019-06-20;"quinta-feira";"19:30:00";"PE";101;60,6;"RECIFE";"Desobediência às normas de trânsito pelo condutor";"Colisão lateral";"Com Vítimas Feridas";"Plena Noite";"Decrescente";"Céu Claro";"Dupla";"Reta";"Sim";3;0;2;0;0;1;2;2;-7,98344307;-34,93176727;"SPRF-PE";"DEL01-PE";"UOP02-DEL01-PE"
216966;2019-06-20;"quinta-feira";"16:40:00";"RS";392;28,7;"RIO GRANDE";"Velocidade Incompatível";"Capotamento";"Com Vítimas Feridas";"Pleno dia";"Decrescente";"Céu Claro";"Dupla";"Reta";"Sim";5;0;5;0;0;0;5;1;-32,06592409;-52,26686814;"SPRF-RS";"DEL07-RS";"UOP02-DEL07-RS"
216968;2019-06-20;"quinta-feira";"18:35:00";"MG";40;43;"PARACATU";"Falta de Atenção à Condução";"Queda de ocupante de veículo";"Com Vítimas Feridas";"Plena Noite";"Crescente";"Céu Claro";"Simples";"Reta";"Sim";1;0;1;0;0;0;1;1;-17,22598002;-46,86163701;"SPRF-MG";"DEL14-MG";"UOP01-DEL14-MG"
216971;2019-06-20;"quinta-feira";"19:15:00";"BA";324;616;"SALVADOR";"Ingestão de Álcool";"Tombamento";"Com Vítimas Feridas";"Plena Noite";"Decrescente";"Nublado";"Dupla";"Reta";"Sim";3;0;1;0;2;0;1;2;-12,87957905;-38,43213893;"SPRF-BA";"DEL01-BA";"UOP01-DEL01-BA"
216972;2019-06-20;"quinta-feira";"18:20:00";"PR";369;207,1;"APUCARANA";"Animais na Pista";"Tombamento";"Com Vítimas Feridas";"Anoitecer";"Crescente";"Vento";"Simples";"Reta";"Não";1;0;0;1;0;0;1;1;-23,5630873;-51,48990512;"SPRF-PR";"DEL07-PR";"UOP03-DEL07-PR"
216974;2019-06-20;"quinta-feira";"20:20:00";"SC";282;217,8;"LAGES";"Desobediência às normas de trânsito pelo condutor";"Colisão transversal";"Sem Vítimas";"Plena Noite";"Decrescente";"Céu Claro";"Simples";"Interseção de Vias";"Sim";2;0;0;0;2;0;0;2;-27,79806981;-50,30200303;"SPRF-SC";"DEL05-SC";"UOP01-DEL05-SC"
216975;2019-06-20;"quinta-feira";"19:50:00";"BA";330;788,9;"BARRA DO ROCHA";"Ingestão de Álcool";"Capotamento";"Com Vítimas Feridas";"Plena Noite";"Decrescente";"Céu Claro";"Simples";"Aclive";"Não";2;0;1;1;0;0;2;2;-14,195086;-39,636207;"SPRF-BA";"DEL03-BA";"UOP01-DEL03-BA"
216976;2019-05-20;"segunda-feira";"07:50:00";"RJ";116;257;"VOLTA REDONDA";"Não guardar distância de segurança";"Colisão lateral";"Sem Vítimas";"Pleno dia";"Decrescente";"Céu Claro";"Dupla";"Reta";"Não";2;0;0;0;2;0;0;2;-22,58631777;-44,01407302;"SPRF-RJ";"DEL07-RJ";"UOP02-DEL07-RJ"
216979;2019-06-20;"quinta-feira";"18:30:00";"RJ";116;258;"VOLTA REDONDA";"Falta de Atenção à Condução";"Saída de leito carroçável";"Sem Vítimas";"Plena Noite";"Decrescente";"Céu Claro";"Simples";"Retorno Regulamentado;Curva";"Não";1;0;0;0;1;0;0;1;-22,58138777;-44,02160689;"SPRF-RJ";"DEL07-RJ";"UOP02-DEL07-RJ"
216980;2019-01-21;"segunda-feira";"20:25:00";"PR";277;593;"CASCAVEL";"Pista Escorregadia";"Queda de ocupante de veículo";"Com Vítimas Feridas";"Plena Noite";"Decrescente";"Chuva";"Simples";"Reta";"Não";1;0;1;0;0;0;1;1;-24,98160563;-53,47955857;"SPRF-PR";"DEL04-PR";"UOP01-DEL04-PR"
216981;2019-06-20;"quinta-feira";"20:00:00";"MG";116;278,1;"TEOFILO OTONI";"Desobediência às normas de trânsito pelo condutor";"Colisão transversal";"Com Vítimas Feridas";"Plena Noite";"Crescente";"Céu Claro";"Simples";"Reta";"Sim";2;0;1;1;0;0;2;2;-17,86846089;-41,5171394;"SPRF-MG";"DEL11-MG";"UOP01-DEL11-MG"
216983;2019-06-20;"quinta-feira";"17:30:00";"SP";116;482;"CAJATI";"Falta de Atenção à Condução";"Saída de leito carroçável";"Com Vítimas Feridas";"Anoitecer";"Decrescente";"Nublado";"Dupla";"Reta";"Não";2;0;2;0;0;0;2;1;-24,72213327;-48,04339385;"SPRF-SP";"DEL05-SP";"UAP01-DEL05-SP"
216985;2019-06-20;"quinta-feira";"19:30:00";"SP";116;447;"REGISTRO";"Falta de Atenção à Condução";"Colisão com objeto estático";"Com Vítimas Feridas";"Plena Noite";"Decrescente";"Nublado";"Dupla";"Interseção de Vias";"Sim";1;0;1;0;0;0;1;1;-24,51285376;-47,85054871;"SPRF-SP";"DEL05-SP";"UOP01-DEL05-SP"
216986;2019-06-20;"quinta-feira";"17:25:00";"BA";367;29;"PORTO SEGURO";"Velocidade Incompatível";"Colisão frontal";"Com Vítimas Feridas";"Plena Noite";"Crescente";"Céu Claro";"Simples";"Curva";"Sim";2;0;0;1;1;0;1;2;-16,41635076;-39,11793376;"SPRF-BA";"DEL09-BA";"UOP01-DEL09-BA"
216988;2019-06-20;"quinta-feira";"20:50:00";"SP";116;377,4;"MIRACATU";"Falta de Atenção à Condução";"Colisão traseira";"Com Vítimas Feridas";"Plena Noite";"Decrescente";"Céu Claro";"Dupla";"Reta";"Não";4;0;2;0;2;0;2;2;-24,19831284;-47,36769503;"SPRF-SP";"DEL04-SP";"UOP02-DEL04-SP"
216989;2019-06-20;"quinta-feira";"21:00:00";"GO";153;407,2;"PIRENOPOLIS";"Condutor Dormindo";"Saída de leito carroçável";"Com Vítimas Feridas";"Plena Noite";"Crescente";"Céu Claro";"Simples";"Curva";"Não";1;0;1;0;0;0;1;1;-16,08294968;-49,0425396;"SPRF-GO";"DEL02-GO";"UOP01-DEL02-GO"
216990;2019-06-20;"quinta-feira";"20:00:00";"MG";116;276,2;"TEOFILO OTONI";"Desobediência às normas de trânsito pelo condutor";"Colisão lateral";"Com Vítimas Feridas";"Plena Noite";"Crescente";"Nublado";"Simples";"Reta";"Sim";1;0;1;0;0;0;1;1;-17,85105696;-41,51454492;"SPRF-MG";"DEL11-MG";"UOP01-DEL11-MG"
216991;2019-06-20;"quinta-feira";"20:40:00";"PR";376;588;"CURITIBA";"Falta de Atenção do Pedestre";"Atropelamento de Pedestre";"Com Vítimas Fatais";"Plena Noite";"Crescente";"Nevoeiro/Neblina";"Dupla";"Reta;Interseção de Vias";"Sim";2;1;0;0;1;0;0;2;-25,43543656;-49,36541319;"SPRF-PR";"DEL01-PR";"UOP06-DEL01-PR"
216993;2019-06-15;"sábado";"22:30:00";"SP";116;149;"SAO JOSE DOS CAMPOS";"Falta de Atenção à Condução";"Colisão traseira";"Com Vítimas Feridas";"Plena Noite";"Crescente";"Céu Claro";"Dupla";"Reta";"Sim";2;0;1;0;1;0;1;2;-23,20700047;-45,88626861;"SPRF-SP";"DEL02-SP";"UOP01-DEL02-SP"
216995;2019-06-20;"quinta-feira";"21:10:00";"CE";116;3,9;"FORTALEZA";"Não guardar distância de segurança";"Colisão traseira";"Com Vítimas Feridas";"Plena Noite";"Crescente";"Nublado";"Múltipla";"Reta";"Sim";2;0;1;0;0;1;1;2;-3,78504025;-38,51224575;"SPRF-CE";"DEL01-CE";"UOP02-DEL01-CE"
216996;2019-06-20;"quinta-feira";"21:20:00";"MG";40;709,6;"BARBACENA";"Condutor Dormindo";"Saída de leito carroçável";"Com Vítimas Feridas";"Plena Noite";"Crescente";"Céu Claro";"Dupla";"Curva";"Não";2;0;1;0;1;0;1;1;-21,24249015;-43,72298753;"SPRF-MG";"DEL05-MG";"UOP02-DEL05-MG"
216997;2019-06-20;"quinta-feira";"21:30:00";"MG";50;74;"UBERLANDIA";"Ingestão de Álcool";"Colisão traseira";"Com Vítimas Feridas";"Plena Noite";"Crescente";"Céu Claro";"Dupla";"Aclive";"Sim";2;0;1;0;1;0;1;2;-18,85140204;-48,25345932;"SPRF-MG";"DEL15-MG";"UOP01-DEL15-MG"