"id";"data_inversa";"dia_semana";"horario";"uf";"br";"km";"municipio";"causa_acidente";"tipo_acidente";"classificacao_acidente";"fase_dia";"sentido_via";"condicao_metereologica";"tipo_pista";"tracado_via";"uso_solo";"pessoas";"mortos";"feridos_leves";"feridos_graves";"ilesos";"ignorados";"feridos";"veiculos";"latitude";"longitude";"regional";"delegacia";"uop"
217225;2019-03-30;"sábado";"14:35:00";"PB";230;98;"MOGEIRO";"Falta de Atenção à Condução";"Saída de leito carroçável";"Com Vítimas Feridas";"Pleno dia";"Decrescente";"Garoa/Chuvisco";"Dupla";"Reta";"Não";1;0;1;0;0;0;1;1;-7,1889;-35,4624;"SPRF-PB";"DEL01-PB";"UOP03-DEL01-PB"
217227;2019-06-22;"sábado";"06:00:00";"MS";60;9;"CHAPADAO DO SUL";"Falta de Atenção à Condução";"Saída de leito carroçável";"Com Vítimas Feridas";"Pleno dia";"Crescente";"Céu Claro";"Simples";"Reta";"Não";3;0;1;1;1;0;2;1;-18,76811907;-52,63712585;"SPRF-MS";"DEL08-MS";"UOP01-DEL08-MS"
217229;2019-06-22;"sábado";"08:30:00";"PI";402;77,9;"LUIS CORREIA";"Falta de Atenção à Condução";"Colisão transversal";"Com Vítimas Feridas";"Pleno dia";"Decrescente";"Nublado";"Simples";"Reta";"Não";2;0;0;1;1;0;1;2;-3,07818964;-41,43850587;"SPRF-PI";"DEL05-PI";"UOP01-DEL05-PI"
217231;2019-06-22;"sábado";"09:00:00";"SE";101;88;"NOSSA SENHORA DO SOCORRO";"Defeito na Via";"Queda de ocupante de veículo";"Com Vítimas Feridas";"Pleno dia";"Crescente";"Céu Claro";"Dupla";"Aclive";"Sim";1;0;1;0;0;0;1;1;-10,87113297;-37,1344637;"SPRF-SE";"DEL01-SE";"UOP01-DEL01-SE"
217233;2019-06-22;"sábado";"10:02:00";"SP";116;57,6;"GUARATINGUETA";"Avarias e/ou desgaste excessivo no pneu";"Tombamento";"Com Vítimas Feridas";"Pleno dia";"Crescente";"Sol";"Dupla";"Reta";"Sim";2;0;0;2;0;0;2;1;-22,77816983;-45,14340162;"SPRF-SP";"DEL08-SP";"UOP01-DEL08-SP"
217234;2019-06-22;"sábado";"03:00:00";"MS";60;421;"SIDROLANDIA";"Ingestão de Álcool";"Saída de leito carroçável";"Com Vítimas Feridas";"Plena Noite";"Crescente";"Céu Claro";"Simples";"Reta";"Sim";1;0;0;1;0;0;1;1;-20,90119941;-54,93340792;"SPRF-MS";"DEL01-MS";"UOP04-DEL01-MS"
217235;2019-06-22;"sábado";"10:00:00";"SC";470;35;"GASPAR";"Falta de Atenção à Condução";"Colisão transversal";"Sem Vítimas";"Pleno dia";"Decrescente";"Sol";"Simples";"Reta";"Não";2;0;0;0;2;0;0;2;-26,91298656;-48,95993292;"SPRF-SC";"DEL04-SC";"UOP01-DEL04-SC"
217236;2019-06-22;"sábado";"09:20:00";"SC";470;1,5;"GASPAR";"Desobediência às normas de trânsito pelo condutor";"Colisão frontal";"Com Vítimas Feridas";"Pleno dia";"Crescente";"Céu Claro";"Simples";"Reta";"Sim";3;0;0;3;0;0;3;2;-26,92026931;-48,95904872;"SPRF-SC";"DEL04-SC";"UOP01-DEL04-SC"
217237;2019-06-22;"sábado";"09:50:00";"SC";101;394;"CRICIUMA";"Falta de Atenção à Condução";"Colisão traseira";"Sem Vítimas";"Pleno dia";"Decrescente";"Céu Claro";"Dupla";"Curva";"Não";2;0;0;0;2;0;0;2;-28,81326275;-49,38911611;"SPRF-SC";"DEL02-SC";"UOP02-DEL02-SC"
217238;2019-06-22;"sábado";"10:40:00";"RJ";393;285,9;"VOLTA REDONDA";"Falta de Atenção à Condução";"Colisão transversal";"Com Vítimas Feridas";"Pleno dia";"Crescente";"Sol";"Simples";"Retorno Regulamentado";"Sim";3;0;1;0;2;0;1;2;-22,481726;-44,06308602;"SPRF-RJ";"DEL05-RJ";"UOP04-DEL05-RJ"
217241;2019-06-22;"sábado";"08:55:00";"RJ";101;293;"ITABORAI";"Falta de Atenção à Condução";"Colisão com objeto estático";"Com Vítimas Feridas";"Pleno dia";"Decrescente";"Sol";"Dupla";"Reta";"Sim";2;0;2;0;0;0;2;1;-22,756203;-42,88724;"SPRF-RJ";"DEL02-RJ";"DEL5/2-UOP04/RJ"
217242;2019-06-22;"sábado";"09:55:00";"SC";282;672,6;"PARAISO";"Falta de Atenção à Condução";"Colisão transversal";"Sem Vítimas";"Pleno dia";"Crescente";"Céu Claro";"Simples";"Reta";"Não";2;0;0;0;2;0;0;2;-26,620388;-53,652367;"SPRF-SC";"DEL07-SC";"UOP03-DEL07-SC"
217246;2019-06-22;"sábado";"10:00:00";"BA";101;920;"NOVA VICOSA";"Desobediência às normas de trânsito pelo condutor";"Colisão lateral";"Com Vítimas Feridas";"Pleno dia";"Crescente";"Nublado";"Simples";"Rotatória";"Sim";3;0;2;0;1;0;2;2;-17,891794;-39,818023;"SPRF-BA";"DEL09-BA";"UOP02-DEL09-BA"
217247;2019-06-22;"sábado";"10:00:00";"RJ";116;211;"SEROPEDICA";"Falta de Atenção do Pedestre";"Atropelamento de Pedestre";"Com Vítimas Feridas";"Pleno dia";"Crescente";"Céu Claro";"Dupla";"Reta";"Sim";3;0;0;1;0;2;1;2;-22,69733734;-43,76815796;"SPRF-RJ";"DEL01-RJ";"UOP03-DEL01-RJ"
217252;2019-06-22;"sábado";"08:40:00";"RS";101;47;"TERRA DE AREIA";"Falta de Atenção à Condução";"Colisão lateral";"Com Vítimas Feridas";"Pleno dia";"Decrescente";"Céu Claro";"Simples";"Viaduto";"Sim";3;0;2;0;0;1;2;2;-29,5843029;-50,06892213;"SPRF-RS";"DEL03-RS";"UOP02-DEL03-RS"
217253;2019-06-22;"sábado";"09:00:00";"SC";280;303,4;"PORTO UNIAO";"Falta de Atenção à Condução";"Colisão transversal";"Com Vítimas Feridas";"Pleno dia";"Crescente";"Céu Claro";"Simples";"Interseção de Vias";"Sim";3;0;0;1;1;1;1;3;-26,2813524;-51,04930401;"SPRF-SC";"DEL06-SC";"UOP04-DEL06-SC"
217255;2019-06-22;"sábado";"11:15:00";"RJ";116;74,8;"TERESOPOLIS";"Falta de Atenção à Condução";"Colisão transversal";"Com Vítimas Feridas";"Pleno dia";"Crescente";"Nublado";"Simples";"Curva";"Não";2;0;1;0;1;0;1;2;-22,35343905;-42,94244164;"SPRF-RJ";"DEL04-RJ";"UOP01-DEL04-RJ"
217256;2019-06-22;"sábado";"11:25:00";"SP";116;409;"JUQUIA";"Falta de Atenção à Condução";"Colisão lateral";"Com Vítimas Feridas";"Pleno dia";"Decrescente";"Sol";"Dupla";"Interseção de Vias";"Não";2;0;1;0;1;0;1;2;-24,331595;-47,584785;"SPRF-SP";"DEL05-SP";"UOP01-DEL05-SP"
217257;2019-06-22;"sábado";"11:30:00";"PR";376;174,2;"MARINGA";"Desobediência às normas de trânsito pelo condutor";"Colisão transversal";"Com Vítimas Feridas";"Pleno dia";"Crescente";"Céu Claro";"Dupla";"Interseção de Vias";"Sim";2;0;1;0;1;0;1;2;-23,41430102;-51,94984299;"SPRF-PR";"DEL07-PR";"UOP01-DEL09-PR"
217258;2019-06-22;"sábado";"11:35:00";"CE";222;3,7;"CAUCAIA";"Falta de Atenção à Condução";"Colisão lateral";"Com Vítimas Feridas";"Pleno dia";"Decrescente";"Céu Claro";"Dupla";"Rotatória";"Sim";2;0;1;0;1;0;1;2;-3,736507;-38,65337;"SPRF-CE";"DEL01-CE";"UOP01-DEL01-CE"
217260;2019-06-22;"sábado";"04:30:00";"BA";242;508;"OLIVEIRA DOS BREJINHOS";"Velocidade Incompatível";"Saída de leito carroçável";"Com Vítimas Fatais";"Plena Noite";"Decrescente";"Nublado";"Simples";"Reta";"Não";2;2;0;0;0;0;0;1;-12,34224822;-42,51944208;"SPRF-BA";"DEL06-BA";"UOP01-DEL06-BA"
217263;2019-06-22;"sábado";"13:35:00";"PR";369;139;"IBIPORA";"Animais na Pista";"Colisão traseira";"Com Vítimas Feridas";"Pleno dia";"Crescente";"Céu Claro";"Simples";"Reta";"Sim";2;0;1;1;0;0;2;2;-23,27840129;-51,06586208;"SPRF-PR";"DEL07-PR";"UOP01-DEL07-PR"
217265;2019-06-22;"sábado";"13:20:00";"SC";101;134;"BALNEARIO CAMBORIU";"Falta de Atenção à Condução";"Colisão lateral";"Com Vítimas Feridas";"Pleno dia";"Crescente";"Sol";"Dupla";"Reta";"Não";4;0;2;1;0;1;3;3;-27,00218;-48,636433;"SPRF-SC";"DEL04-SC";"UOP03-DEL04-SC"
217266;2019-06-22;"sábado";"06:40:00";"SP";381;75,5;"SAO PAULO";"Pista Escorregadia";"Queda de ocupante de veículo";"Com Vítimas Feridas";"Pleno dia";"Decrescente";"Céu Claro";"Dupla";"Curva";"Não";1;0;1;0;0;0;1;1;-23,38125899;-46,56250575;"SPRF-SP";"DEL03-SP";"UOP01-DEL03-SP"
217267;2019-06-22;"sábado";"14:00:00";"ES";101;262,3;"SERRA";"Defeito Mecânico no Veículo";"Queda de ocupante de veículo";"Com Vítimas Feridas";"Pleno dia";"Decrescente";"Céu Claro";"Dupla";"Retorno Regulamentado";"Sim";2;0;2;0;0;0;2;1;-20,1572331;-40,27678329;"SPRF-ES";"DEL02-ES";"UOP01-DEL02-ES"
217268;2019-06-22;"sábado";"14:10:00";"PE";101;45,4;"IGARASSU";"Falta de Atenção à Condução";"Colisão lateral";"Sem Vítimas";"Pleno dia";"Crescente";"Sol";"Dupla";"Reta";"Sim";2;0;0;0;1;1;0;2;-7,86521297;-34,90715176;"SPRF-PE";"DEL01-PE";"UOP02-DEL01-PE"
217269;2019-06-14;"sexta-feira";"18:42:00";"SC";280;6;"SAO FRANCISCO DO SUL";"Falta de Atenção do Pedestre";"Colisão transversal";"Com Vítimas Feridas";"Anoitecer";"Crescente";"Nevoeiro/Neblina";"Simples";"Reta";"Sim";2;0;0;1;1;0;1;2;-26,26569095;-48,63361804;"SPRF-SC";"DEL03-SC";"UOP03-DEL03-SC"
217270;2019-06-22;"sábado";"14:05:00";"RN";101;112,8;"SAO JOSE DE MIPIBU";"Desobediência às normas de trânsito pelo condutor";"Colisão transversal";"Com Vítimas Feridas";"Pleno dia";"Crescente";"Céu Claro";"Dupla";"Retorno Regulamentado";"Sim";2;0;0;1;1;0;1;2;-5,96429;-35,264877;"SPRF-RN";"DEL01-RN";"UOP01-DEL01-RN"
217271;2019-06-22;"sábado";"14:20:00";"PE";101;68,2;"RECIFE";"Falta de Atenção à Condução";"Colisão lateral";"Com Vítimas Feridas";"Pleno dia";"Decrescente";"Céu Claro";"Múltipla";"Reta";"Sim";2;0;0;1;1;0;1;2;-8,05074296;-34,94580619;"SPRF-PE";"DEL01-PE";"UOP01-DEL01-PE"
217274;2019-06-22;"sábado";"13:00:00";"BA";410;32;"TUCANO";"Falta de Atenção à Condução";"Colisão traseira";"Sem Vítimas";"Pleno dia";"Crescente";"Céu Claro";"Simples";"Rotatória";"Não";2;0;0;0;2;0;0;2;-10,97380897;-38,77159901;"SPRF-BA";"DEL07-BA";"UOP02-DEL07-BA"
217275;2019-06-22;"sábado";"14:15:00";"RS";392;41;"RIO GRANDE";"Defeito Mecânico no Veículo";"Saída de leito carroçável";"Com Vítimas Feridas";"Pleno dia";"Crescente";"Céu Claro";"Dupla";"Reta";"Sim";2;0;2;0;0;0;2;1;-31,95483688;-52,30684982;"SPRF-RS";"DEL07-RS";"UOP02-DEL07-RS"
217277;2019-06-22;"sábado";"14:00:00";"MT";163;571;"NOVA MUTUM";"Defeito na Via";"Saída de leito carroçável";"Com Vítimas Fatais";"Pleno dia";"Crescente";"Céu Claro";"Simples";"Reta";"Não";5;1;4;0;0;0;4;1;-14,15397798;-56,09544597;"SPRF-MT";"DEL01-MT";"UOP01-DEL01-MT"
217278;2019-06-22;"sábado";"14:55:00";"SP";381;7;"VARGEM";"Não guardar distância de segurança";"Tombamento";"Com Vítimas Feridas";"Pleno dia";"Crescente";"Céu Claro";"Dupla";"Reta";"Não";1;0;1;0;0;0;1;1;-22,90533708;-46,42270582;"SPRF-SP";"DEL03-SP";"UOP02-DEL03-SP"
217279;2019-06-22;"sábado";"13:50:00";"BA";242;854;"BARREIRAS";"Velocidade Incompatível";"Saída de leito carroçável";"Com Vítimas Feridas";"Pleno dia";"Decrescente";"Sol";"Simples";"Reta";"Não";5;0;3;2;0;0;5;1;-12,10418457;-45,32472293;"SPRF-BA";"DEL10-BA";"UOP01-DEL10-BA"
217280;2019-06-22;"sábado";"14:30:00";"CE";116;7;"FORTALEZA";"Falta de Atenção à Condução";"Colisão lateral";"Com Vítimas Feridas";"Pleno dia";"Decrescente";"Céu Claro";"Múltipla";"Reta";"Sim";3;0;1;0;1;1;1;2;-3,81073099;-38,50074867;"SPRF-CE";"DEL01-CE";"UOP02-DEL01-CE"
217281;2019-06-22;"sábado";"15:20:00";"RJ";101;301;"SAO GONCALO";"Falta de Atenção do Pedestre";"Atropelamento de Pedestre";"Com Vítimas Feridas";"Pleno dia";"Decrescente";"Céu Claro";"Dupla";"Reta";"Não";3;0;1;0;1;1;1;2;-22,78029662;-42,96375275;"SPRF-RJ";"DEL02-RJ";"DEL5/2-UOP04/RJ"
217283;2019-06-22;"sábado";"15:13:00";"RO";174;15,9;"VILHENA";"Velocidade Incompatível";"Saída de leito carroçável";"Com Vítimas Feridas";"Pleno dia";"Decrescente";"Céu Claro";"Simples";"Reta";"Sim";1;0;0;1;0;0;1;1;-12,723321;-60,12801;"SPRF-RO";"DEL04-RO";"UOP01-DEL04-RO"
217284;2019-06-22;"sábado";"14:40:00";"PR";376;133;"NOVA ESPERANCA";"Falta de Atenção do Pedestre";"Atropelamento de Pedestre";"Com Vítimas Feridas";"Pleno dia";"Decrescente";"Céu Claro";"Dupla";"Reta";"Sim";2;0;1;0;1;0;1;2;-23,18041675;-52,2193855;"SPRF-PR";"DEL07-PR";"UOP02-DEL09-PR"
217285;2019-06-22;"sábado";"08:40:00";"MG";116;10,7;"DIVISA ALEGRE";"Animais na Pista";"Atropelamento de Animal";"Com Vítimas Feridas";"Pleno dia";"Decrescente";"Garoa/Chuvisco";"Simples";"Aclive";"Não";4;0;4;0;0;0;4;1;-15,78393094;-41,34012643;"SPRF-BA";"DEL08-BA";"UOP03-DEL08-BA"
217286;2019-06-22;"sábado";"16:20:00";"PR";369;181;"ARAPONGAS";"Desobediência às normas de trânsito pelo condutor";"Colisão transversal";"Com Vítimas Feridas";"Anoitecer";"Crescente";"Céu Claro";"Simples";"Declive";"Sim";3;0;1;0;2;0;1;2;-23,38056471;-51,4179039;"SPRF-PR";"DEL07-PR";"UOP03-DEL07-PR"
217287;2019-06-22;"sábado";"15:25:00";"PE";104;46,3;"CARUARU";"Não guardar distância de segurança";"Colisão traseira";"Com Vítimas Feridas";"Pleno dia";"Decrescente";"Nublado";"Dupla";"Curva";"Não";2;0;1;1;0;0;2;2;-8,1272;-35,9943;"SPRF-PE";"DEL02-PE";"UOP01-DEL02-PE"
217288;2019-06-22;"sábado";"16:10:00";"BA";324;578;"CANDEIAS";"Falta de Atenção à Condução";"Colisão traseira";"Sem Vítimas";"Pleno dia";"Decrescente";"Sol";"Dupla";"Reta";"Não";5;0;0;0;4;1;0;4;-12,58896655;-38,52358272;"SPRF-BA";"DEL01-BA";"UOP01-DEL01-BA"
217290;2019-06-22;"sábado";"16:30:00";"SC";101;187;"BIGUACU";"Defeito Mecânico no Veículo";"Tombamento";"Com Vítimas Feridas";"Pleno dia";"Decrescente";"Sol";"Dupla";"Curva;Aclive";"Não";1;0;0;1;0;0;1;1;-27,44307116;-48,62848475;"SPRF-SC";"DEL01-SC";"UOP01-DEL01-SC"
217291;2019-06-22;"sábado";"17:10:00";"TO";153;497,6;"PARAISO DO TOCANTINS";"Avarias e/ou desgaste excessivo no pneu";"Tombamento";"Com Vítimas Feridas";"Pleno dia";"Crescente";"Céu Claro";"Simples";"Declive";"Sim";2;0;2;0;0;0;2;1;-10,17483505;-48,88054838;"SPRF-TO";"DEL02-TO";"UOP01-DEL01-TO"
217292;2019-06-22;"sábado";"16:45:00";"SC";280;53,1;"GUARAMIRIM";"Falta de Atenção do Pedestre";"Atropelamento de Pedestre";"Com Vítimas Feridas";"Pleno dia";"Crescente";"Céu Claro";"Simples";"Reta";"Sim";4;0;0;1;1;2;1;2;-26,474132;-48,978951;"SPRF-SC";"DEL03-SC";"UOP03-DEL03-SC"
217293;2019-06-22;"sábado";"16:25:00";"CE";222;19;"CAUCAIA";"Ingestão de Álcool";"Colisão lateral";"Com Vítimas Feridas";"Pleno dia";"Crescente";"Céu Claro";"Simples";"Reta";"Não";2;0;1;0;1;0;1;2;-3,74923332;-38,71923964;"SPRF-CE";"DEL01-CE";"UOP01-DEL01-CE"
217294;2019-06-22;"sábado";"12:23:00";"MG";381;658,2;"SANTO ANTONIO DO AMPARO";"Falta de Atenção à Condução";"Colisão com objeto estático";"Com Vítimas Feridas";"Pleno dia";"Crescente";"Nublado";"Dupla";"Reta";"Não";2;0;1;0;0;1;1;2;-21,00020741;-44,96672988;"SPRF-MG";"DEL04-MG";"UOP02-DEL04-MG"
217295;2019-06-22;"sábado";"16:00:00";"RS";116;43,9;"VACARIA";"Ingestão de Álcool";"Colisão lateral";"Sem Vítimas";"Pleno dia";"Decrescente";"Sol";"Simples";"Reta;Aclive";"Não";2;0;0;0;2;0;0;2;-28,53870625;-50,96935272;"SPRF-RS";"DEL05-RS";"UOP03-DEL05-RS"
217296;2019-06-22;"sábado";"16:35:00";"MS";163;39;"ELDORADO";"Desobediência às normas de trânsito pelo condutor";"Colisão transversal";"Com Vítimas Feridas";"Pleno dia";"Decrescente";"Céu Claro";"Simples";"Reta";"Sim";2;0;1;0;1;0;1;2;-23,79405361;-54,28589713;"SPRF-MS";"DEL09-MS";"UOP02-DEL09-MS"
217298;2019-06-22;"sábado";"17:50:00";"RS";392;351,2;"SANTA MARIA";"Falta de Atenção à Condução";"Colisão transversal";"Com Vítimas Feridas";"Anoitecer";"Crescente";"Céu Claro";"Simples";"Reta";"Não";3;0;2;0;1;0;2;2;-29,7284269;-53,80323691;"SPRF-RS";"DEL09-RS";"UOP01-DEL09-RS"
217299;2019-06-22;"sábado";"17:45:00";"RJ";40;41;"AREAL";"Falta de Atenção do Pedestre";"Atropelamento de Pedestre";"Com Vítimas Feridas";"Plena Noite";"Crescente";"Céu Claro";"Dupla";"Reta";"Não";2;0;1;0;0;1;1;2;-22,24770805;-43,10581955;"SPRF-RJ";"DEL06-RJ";"UOP02-DEL05-RJ"
217300;2019-06-22;"sábado";"15:25:00";"SC";101;56,7;"ARAQUARI";"Não guardar distância de segurança";"Queda de ocupante de veículo";"Com Vítimas Feridas";"Pleno dia";"Decrescente";"Céu Claro";"Dupla";"Reta";"Não";1;0;1;0;0;0;1;1;-26,43207484;-48,82263984;"SPRF-SC";"DEL03-SC";"UOP01-DEL03-SC"
217301;2019-06-22;"sábado";"17:30:00";"PE";101;127;"ESCADA";"Animais na Pista";"Atropelamento de Animal";"Com Vítimas Feridas";"Anoitecer";"Decrescente";"Ignorado";"Dupla";"Reta";"Sim";1;0;1;0;0;0;1;1;-8,37472564;-35,23663257;"SPRF-PE";"DEL01-PE";"UOP03-DEL01-PE"
217302;2019-06-22;"sábado";"17:30:00";"GO";153;146;"CAMPINORTE";"Falta de Atenção à Condução";"Colisão lateral";"Sem Vítimas";"Anoitecer";"Decrescente";"Céu Claro";"Simples";"Reta";"Não";1;0;0;0;1;0;0;1;-14,047273;-49,088928;"SPRF-GO";"DEL07-GO";"UOP02-DEL07-GO"
217303;2019-06-22;"sábado";"13:30:00";"MG";262;40,3;"MANHUACU";"Falta de Atenção à Condução";"Colisão transversal";"Com Vítimas Feridas";"Pleno dia";"Crescente";"Céu Claro";"Simples";"Reta";"Sim";2;0;1;0;1;0;1;2;-20,27334219;-42,04913988;"SPRF-MG";"DEL06-MG";"UOP03-DEL06-MG"
217304;2019-06-22;"sábado";"17:00:00";"MG";381;481,5;"BETIM";"Desobediência às normas de trânsito pelo condutor";"Colisão lateral";"Sem Vítimas";"Pleno dia";"Decrescente";"Céu Claro";"Dupla";"Reta";"Sim";2;0;0;0;1;1;0;2;-19,95931561;-44,08825597;"SPRF-MG";"DEL01-MG";"UOP03-DEL01-MG"
217305;2019-06-22;"sábado";"14:55:00";"RO";421;1;"ARIQUEMES";"Falta de Atenção à Condução";"Colisão lateral";"Sem Vítimas";"Pleno dia";"Crescente";"Céu Claro";"Simples";"Reta;Declive";"Sim";2;0;0;0;2;0;0;2;-9,920987;-63,063728;"SPRF-RO";"DEL03-RO";"DEL21/3-UOP04/RO"
217306;2019-06-22;"sábado";"13:30:00";"GO";153;10,2;"PORANGATU";"Pista Escorregadia";"Saída de leito carroçável";"Com Vítimas Feridas";"Pleno dia";"Crescente";"Céu Claro";"Simples";"Reta";"Não";4;0;4;0;0;0;4;1;-12,921062;-49,123856;"SPRF-GO";"DEL07-GO";"UOP01-DEL07-GO"
217307;2019-06-22;"sábado";"18:20:00";"GO";40;5;"VALPARAISO DE GOIAS";"Falta de Atenção à Condução";"Saída de leito carroçável";"Sem Vítimas";"Plena Noite";"Decrescente";"Céu Claro";"Simples";"Curva;Aclive";"Sim";1;0;0;0;1;0;0;1;-16,093134;-47,982236;"SPRF-DF";"DEL01-DF";"UOP01-DEL01-DF"
217308;2019-06-22;"sábado";"10:30:00";"MG";116;409,9;"GOVERNADOR VALADARES";"Desobediência às normas de trânsito pelo condutor";"Colisão traseira";"Com Vítimas Feridas";"Pleno dia";"Crescente";"Céu Claro";"Dupla";"Reta";"Sim";2;0;1;0;1;0;1;2;-18,84936788;-41,97891368;"SPRF-MG";"DEL06-MG";"UOP01-DEL06-MG"
217309;2019-06-22;"sábado";"18:15:00";"ES";101;130;"LINHARES";"Falta de Atenção à Condução";"Colisão lateral";"Com Vítimas Feridas";"Plena Noite";"Crescente";"Céu Claro";"Simples";"Aclive";"Não";2;0;0;1;1;0;1;2;-19,22994799;-40,09266892;"SPRF-ES";"DEL04-ES";"UOP01-DEL04-ES"
217310;2019-06-22;"sábado";"18:30:00";"RS";480;72,4;"ERECHIM";"Falta de Atenção do Pedestre";"Atropelamento de Pedestre";"Com Vítimas Feridas";"Plena Noite";"Decrescente";"Céu Claro";"Simples";"Reta";"Sim";3;0;1;0;1;1;1;2;-27,6399839;-52,30602492;"SPRF-RS";"DEL08-RS";"UOP04-DEL08-RS"
217311;2019-06-22;"sábado";"10:30:00";"MG";381;406,5;"NAQUE";"Defeito Mecânico no Veículo";"Tombamento";"Com Vítimas Feridas";"Pleno dia";"Crescente";"Céu Claro";"Simples";"Reta";"Não";1;0;0;1;0;0;1;1;-19,20580746;-42,29598999;"SPRF-MG";"DEL01-MG";"UOP01-DEL01-MG"
217312;2019-06-22;"sábado";"18:20:00";"DF";251;26;"BRASILIA";"Falta de Atenção à Condução";"Queda de ocupante de veículo";"Com Vítimas Feridas";"Plena Noite";"Crescente";"Céu Claro";"Simples";"Reta";"Não";1;0;1;0;0;0;1;1;-15,94641;-47,68422;"SPRF-DF";"DEL01-DF";"UOP01-DEL01-DF"
217314;2019-06-22;"sábado";"18:30:00";"SC";116;224,8;"CORREIA PINTO";"Animais na Pista";"Atropelamento de Animal";"Sem Vítimas";"Plena Noite";"Crescente";"Nublado";"Simples";"Reta";"Não";1;0;0;0;1;0;0;1;-27,61065825;-50,35094133;"SPRF-SC";"DEL05-SC";"UOP03-DEL05-SC"
217315;2019-06-22;"sábado";"15:55:00";"BA";101;195;"CONCEICAO DA FEIRA";"Falta de Atenção à Condução";"Queda de ocupante de veículo";"Com Vítimas Feridas";"Pleno dia";"Decrescente";"Céu Claro";"Simples";"Declive";"Não";2;0;2;0;0;0;2;1;-12,59711407;-39,02915403;"SPRF-BA";"DEL01-BA";"UOP03-DEL01-BA"
217316;2019-06-22;"sábado";"18:45:00";"DF";20;7;"BRASILIA";"Falta de Atenção à Condução";"Colisão lateral";"Com Vítimas Feridas";"Plena Noite";"Decrescente";"Céu Claro";"Múltipla";"Reta";"Sim";3;0;0;1;2;0;1;2;-15,662208;-47,799866;"SPRF-DF";"DEL02-DF";"UOP01-DEL02-DF"
217317;2019-06-22;"sábado";"16:30:00";"MG";116;498,2;"INHAPIM";"Velocidade Incompatível";"Saída de leito carroçável";"Com Vítimas Feridas";"Pleno dia";"Decrescente";"Céu Claro";"Simples";"Curva";"Não";2;0;0;2;0;0;2;1;-19,533042;-42,126092;"SPRF-MG";"DEL06-MG";"UOP02-DEL06-MG"
217318;2019-06-22;"sábado";"18:45:00";"SC";282;17,3;"PALHOCA";"Ingestão de Álcool";"Colisão traseira";"Sem Vítimas";"Plena Noite";"Decrescente";"Céu Claro";"Simples";"Reta";"Sim";2;0;0;0;2;0;0;2;-27,665707;-48,688065;"SPRF-SC";"DEL01-SC";"UOP02-DEL01-SC"
217319;2019-06-22;"sábado";"18:10:00";"MG";381;451,8;"SABARA";"Desobediência às normas de trânsito pelo condutor";"Colisão transversal";"Com Vítimas Feridas";"Anoitecer";"Decrescente";"Céu Claro";"Simples";"Interseção de Vias";"Sim";2;0;0;1;1;0;1;2;-19,83832024;-43,8806931;"SPRF-MG";"DEL01-MG";"UOP01-DEL01-MG"
217320;2019-06-22;"sábado";"19:10:00";"ES";101;91,2;"JAGUARE";"Falta de Atenção à Condução";"Colisão lateral";"Com Vítimas Feridas";"Plena Noite";"Decrescente";"Garoa/Chuvisco";"Simples";"Curva";"Não";2;0;1;0;1;0;1;2;-18,90626994;-39,95995813;"SPRF-ES";"DEL04-ES";"UOP02-DEL04-ES"
217321;2019-06-22;"sábado";"17:00:00";"BA";101;611,5;"MASCOTE";"Velocidade Incompatível";"Saída de leito carroçável";"Com Vítimas Feridas";"Anoitecer";"Crescente";"Chuva";"Simples";"Curva";"Não";4;0;4;0;0;0;4;1;-15,59304843;-39,42757741;"SPRF-BA";"DEL05-BA";"UOP02-DEL05-BA"
217322;2019-06-22;"sábado";"19:00:00";"DF";251;37,8;"BRASILIA";"Falta de Atenção à Condução";"Colisão transversal";"Com Vítimas Feridas";"Plena Noite";"Crescente";"Céu Claro";"Simples";"Aclive";"Não";3;0;0;1;2;0;1;2;-15,9458278;-47,7906328;"SPRF-DF";"DEL01-DF";"UOP01-DEL01-DF"
217325;2019-06-22;"sábado";"19:20:00";"SP";116;429;"REGISTRO";"Ingestão de Álcool";"Colisão lateral";"Sem Vítimas";"Plena Noite";"Crescente";"Céu Claro";"Dupla";"Reta";"Não";2;0;0;0;2;0;0;2;-24,40226511;-47,7383829;"SPRF-SP";"DEL05-SP";"UOP01-DEL05-SP"
217326;2019-06-22;"sábado";"18:45:00";"TO";153;245;"COLINAS DO TOCANTINS";"Falta de Atenção à Condução";"Atropelamento de Pedestre";"Com Vítimas Feridas";"Plena Noite";"Crescente";"Céu Claro";"Dupla";"Reta";"Sim";1;0;1;0;0;0;1;1;-8,038621;-48,466015;"SPRF-TO";"DEL02-TO";"UOP01-DEL02-TO"
217327;2019-06-22;"sábado";"19:30:00";"PE";232;101,1;"BEZERROS";"Falta de Atenção do Pedestre";"Atropelamento de Pedestre";"Com Vítimas Fatais";"Plena Noite";"Crescente";"Céu Claro";"Dupla";"Reta";"Sim";2;1;0;0;1;0;0;2;-8,24194679;-35,75097313;"SPRF-PE";"DEL01-PE";"UOP02-DEL02PE"
217328;2019-06-22;"sábado";"19:30:00";"PR";376;601;"CURITIBA";"Falta de Atenção à Condução";"Engavetamento";"Com Vítimas Feridas";"Plena Noite";"Decrescente";"Nublado";"Dupla";"Reta";"Sim";4;0;0;1;3;0;1;3;-25,537054;-49,31404;"SPRF-PR";"DEL01-PR";"UOP06-DEL01-PR"
217329;2019-06-22;"sábado";"17:05:00";"SC";282;490,4;"FAXINAL DOS GUEDES";"Velocidade Incompatível";"Tombamento";"Com Vítimas Fatais";"Pleno dia";"Decrescente";"Céu Claro";"Simples";"Curva";"Não";1;1;0;0;0;0;0;1;-26,87497586;-52,28425741;"SPRF-SC";"DEL07-SC";"UOP01-DEL07-SC"