"id";"data_inversa";"dia_semana";"horario";"uf";"br";"km";"municipio";"causa_acidente";"tipo_acidente";"classificacao_acidente";"fase_dia";"sentido_via";"condicao_metereologica";"tipo_pista";"tracado_via";"uso_solo";"pessoas";"mortos";"feridos_leves";"feridos_graves";"ilesos";"ignorados";"feridos";"veiculos";"latitude";"longitude";"regional";"delegacia";"uop"
217434;2019-06-23;"domingo";"05:40:00";"MT";163;78;"RONDONOPOLIS";"Condutor Dormindo";"Queda de ocupante de veículo";"Com Vítimas Feridas";"Amanhecer";"Crescente";"Céu Claro";"Dupla";"Reta";"Não";1;0;0;1;0;0;1;1;-16,834042;-54,699013;"SPRF-MT";"DEL02-MT";"DEL2/2-UOP02/MT"
217436;2019-06-23;"domingo";"09:45:00";"MG";381;362;"JOAO MONLEVADE";"Velocidade Incompatível";"Capotamento";"Com Vítimas Feridas";"Pleno dia";"Crescente";"Nublado";"Dupla";"Curva";"Não";2;0;1;0;1;0;1;1;-19,84955579;-43,25424839;"SPRF-MG";"DEL03-MG";"UOP01-DEL03-MG"
217437;2019-06-23;"domingo";"09:50:00";"TO";242;341,6;"PEIXE";"Condutor Dormindo";"Capotamento";"Com Vítimas Fatais";"Pleno dia";"Decrescente";"Céu Claro";"Simples";"Reta";"Não";5;1;2;2;0;0;4;1;-11,88356997;-48,77653199;"SPRF-TO";"DEL02-TO";"UOP02-DEL01-TO"
217439;2019-06-23;"domingo";"10:20:00";"GO";50;163,3;"CAMPO ALEGRE DE GOIAS";"Falta de Atenção à Condução";"Colisão traseira";"Com Vítimas Feridas";"Pleno dia";"Decrescente";"Céu Claro";"Dupla";"Reta;Aclive;Viaduto";"Não";6;0;2;0;4;0;2;2;-17,28150099;-47,76005745;"SPRF-GO";"DEL06-GO";"UOP01-DEL06-GO"
217441;2019-06-20;"quinta-feira";"00:30:00";"RJ";116;202;"SEROPEDICA";"Animais na Pista";"Atropelamento de Animal";"Com Vítimas Feridas";"Plena Noite";"Decrescente";"Céu Claro";"Dupla";"Reta";"Sim";4;0;1;0;3;0;1;1;-22,72996588;-43,61317403;"SPRF-RJ";"DEL01-RJ";"UOP03-DEL01-RJ"
217442;2019-06-23;"domingo";"11:15:00";"SC";470;2;"NAVEGANTES";"Desobediência às normas de trânsito pelo condutor";"Colisão lateral";"Com Vítimas Feridas";"Pleno dia";"Decrescente";"Céu Claro";"Simples";"Reta";"Não";3;0;2;0;1;0;2;2;-26,868551;-48,674831;"SPRF-SC";"DEL04-SC";"UOP04-DEL04-SC"
217444;2019-06-23;"domingo";"11:20:00";"PR";369;189,9;"ARAPONGAS";"Falta de Atenção à Condução";"Colisão com objeto estático";"Com Vítimas Feridas";"Pleno dia";"Crescente";"Sol";"Dupla";"Reta";"Não";4;0;3;0;1;0;3;2;-23,4535125;-51,42047882;"SPRF-PR";"DEL07-PR";"UOP03-DEL07-PR"
217446;2019-06-23;"domingo";"11:45:00";"PR";116;124;"CURITIBA";"Velocidade Incompatível";"Colisão traseira";"Com Vítimas Feridas";"Pleno dia";"Crescente";"Céu Claro";"Dupla";"Reta";"Sim";2;0;1;0;1;0;1;2;-25,58620703;-49,31436887;"SPRF-PR";"DEL01-PR";"UOP03-DEL01-PR"
217447;2019-06-23;"domingo";"11:15:00";"RN";101;103;"PARNAMIRIM";"Falta de Atenção à Condução";"Queda de ocupante de veículo";"Com Vítimas Feridas";"Pleno dia";"Crescente";"Céu Claro";"Simples";"Curva";"Sim";2;0;0;2;0;0;2;1;-5,89034022;-35,24894996;"SPRF-RN";"DEL01-RN";"UOP01-DEL01-RN"
217448;2019-06-23;"domingo";"10:00:00";"AC";364;137;"RIO BRANCO";"Falta de Atenção à Condução";"Colisão transversal";"Com Vítimas Feridas";"Pleno dia";"Crescente";"Céu Claro";"Dupla";"Rotatória";"Não";2;0;1;0;1;0;1;2;-9,96935404;-67,85264513;"SPRF-AC";"DEL01-AC";"UOP01-DEL01-AC"
217450;2019-06-23;"domingo";"11:50:00";"MG";262;393,8;"PARA DE MINAS";"Desobediência às normas de trânsito pelo condutor";"Colisão transversal";"Com Vítimas Feridas";"Pleno dia";"Crescente";"Sol";"Dupla";"Curva";"Não";4;0;1;0;1;2;1;3;-19,90202206;-44,55024719;"SPRF-MG";"DEL01-MG";"UOP03-DEL01-MG"
217451;2019-06-23;"domingo";"10:40:00";"MS";163;615,4;"SAO GABRIEL DO OESTE";"Desobediência às normas de trânsito pelo condutor";"Colisão transversal";"Com Vítimas Feridas";"Pleno dia";"Decrescente";"Céu Claro";"Simples";"Reta";"Sim";2;0;0;1;1;0;1;2;-19,39850778;-54,56579964;"SPRF-MS";"DEL06-MS";"UOP02-DEL06-MS"
217452;2019-06-23;"domingo";"10:45:00";"SC";282;395,6;"JOACABA";"Mal Súbito";"Colisão com objeto estático";"Com Vítimas Feridas";"Pleno dia";"Decrescente";"Céu Claro";"Simples";"Reta";"Não";1;0;1;0;0;0;1;1;-27,156887;-51,592079;"SPRF-SC";"DEL07-SC";"UOP05-DEL07-SC"
217453;2019-06-23;"domingo";"11:30:00";"PI";343;202,8;"PIRIPIRI";"Falta de Atenção do Pedestre";"Atropelamento de Pedestre";"Com Vítimas Feridas";"Pleno dia";"Crescente";"Céu Claro";"Simples";"Reta";"Não";2;0;0;1;1;0;1;2;-4,39639058;-41,86100006;"SPRF-PI";"DEL02-PI";"UOP01-DEL02-PI"
217454;2019-06-23;"domingo";"12:00:00";"BA";116;355;"SERRINHA";"Falta de Atenção à Condução";"Colisão transversal";"Com Vítimas Feridas";"Pleno dia";"Decrescente";"Nublado";"Simples";"Reta";"Não";2;0;1;0;1;0;1;2;-11,63567382;-38,9817424;"SPRF-BA";"DEL02-BA";"UOP01-DEL02-BA"
217458;2019-06-23;"domingo";"12:00:00";"GO";60;81,3;"ANAPOLIS";"Falta de Atenção à Condução";"Saída de leito carroçável";"Com Vítimas Feridas";"Pleno dia";"Decrescente";"Céu Claro";"Dupla";"Reta";"Não";1;0;1;0;0;0;1;1;-16,31305531;-48,83354187;"SPRF-GO";"DEL02-GO";"UOP01-DEL02-GO"
217460;2019-06-23;"domingo";"10:30:00";"SP";116;269;"TABOAO DA SERRA";"Não guardar distância de segurança";"Colisão traseira";"Com Vítimas Feridas";"Pleno dia";"Crescente";"Céu Claro";"Dupla";"Reta";"Sim";3;0;2;0;1;0;2;2;-23,61593059;-46,78826044;"SPRF-SP";"DEL04-SP";"UOP01-DEL04-SP"
217461;2019-06-23;"domingo";"12:45:00";"SP";116;106,4;"TAUBATE";"Não guardar distância de segurança";"Engavetamento";"Com Vítimas Feridas";"Pleno dia";"Crescente";"Céu Claro";"Dupla";"Reta";"Sim";5;0;2;0;3;0;2;3;-23,01250593;-45,52256005;"SPRF-SP";"DEL06-SP";"UOP01-DEL06-SP"
217463;2019-06-20;"quinta-feira";"04:30:00";"RJ";101;60;"CAMPOS DOS GOYTACAZES";"Ingestão de álcool e/ou substâncias psicoativas pelo pedestre";"Colisão traseira";"Com Vítimas Feridas";"Amanhecer";"Crescente";"Céu Claro";"Simples";"Reta";"Sim";2;0;1;0;1;0;1;2;-21,71366497;-41,30861915;"SPRF-RJ";"DEL08-RJ";"UOP01-DEL08-RJ"
217464;2019-06-23;"domingo";"02:30:00";"PI";135;345,8;"BOM JESUS";"Falta de Atenção à Condução";"Tombamento";"Com Vítimas Feridas";"Plena Noite";"Decrescente";"Céu Claro";"Simples";"Reta";"Não";1;0;0;1;0;0;1;1;-9,04534403;-44,30806766;"SPRF-PI";"DEL03-PI";"UOP02-DEL03-PI"
217465;2019-06-23;"domingo";"13:20:00";"ES";101;269,5;"SERRA";"Desobediência às normas de trânsito pelo condutor";"Colisão transversal";"Sem Vítimas";"Pleno dia";"Decrescente";"Nublado";"Dupla";"Interseção de Vias";"Sim";3;0;0;0;3;0;0;3;-20,22318063;-40,270257;"SPRF-ES";"DEL02-ES";"UOP01-DEL02-ES"
217466;2019-06-23;"domingo";"13:40:00";"PE";232;180,7;"BELO JARDIM";"Falta de Atenção à Condução";"Colisão lateral";"Com Vítimas Fatais";"Pleno dia";"Crescente";"Céu Claro";"Simples";"Reta";"Sim";3;1;1;0;1;0;1;2;-8,34449745;-36,4288801;"SPRF-PE";"DEL02-PE";"UOP03-DEL02-PE"
217467;2019-06-23;"domingo";"13:20:00";"GO";153;506;"APARECIDA DE GOIANIA";"Defeito Mecânico no Veículo";"Queda de ocupante de veículo";"Com Vítimas Feridas";"Pleno dia";"Decrescente";"Sol";"Dupla";"Reta";"Sim";1;0;1;0;0;0;1;1;-16,7633;-49,24;"SPRF-GO";"DEL01-GO";"UOP01-DEL01-GO"
217468;2019-06-23;"domingo";"13:45:00";"MG";365;770;"ITUIUTABA";"Condutor Dormindo";"Saída de leito carroçável";"Com Vítimas Feridas";"Pleno dia";"Decrescente";"Céu Claro";"Simples";"Reta";"Não";3;0;0;3;0;0;3;1;-18,96142293;-49,614229;"SPRF-MG";"DEL15-MG";"UOP03-DEL15-MG"
217469;2019-06-23;"domingo";"11:38:00";"RJ";40;123;"DUQUE DE CAXIAS";"Falta de Atenção à Condução";"Colisão lateral";"Sem Vítimas";"Pleno dia";"Crescente";"Céu Claro";"Múltipla";"Reta";"Não";1;0;0;0;1;0;0;1;-22,79907687;-43,29015739;"SPRF-RJ";"DEL01-RJ";"UOP01-DEL01-RJ"
217470;2019-06-23;"domingo";"12:30:00";"RO";364;495;"ARIQUEMES";"Condutor Dormindo";"Saída de leito carroçável";"Com Vítimas Feridas";"Pleno dia";"Crescente";"Céu Claro";"Simples";"Reta";"Não";3;0;3;0;0;0;3;1;-10,07323798;-62,97343164;"SPRF-RO";"DEL03-RO";"UOP01-DEL03-RO"
217471;2019-06-23;"domingo";"14:14:00";"RN";304;300;"NATAL";"Falta de Atenção à Condução";"Colisão lateral";"Com Vítimas Feridas";"Pleno dia";"Decrescente";"Céu Claro";"Dupla";"Reta";"Sim";4;0;1;0;3;0;1;2;-5,8737673;-35,3150361;"SPRF-RN";"DEL01-RN";"UOP02-DEL01-RN"
217472;2019-06-23;"domingo";"13:40:00";"PR";476;122;"CURITIBA";"Desobediência às normas de trânsito pelo condutor";"Queda de ocupante de veículo";"Com Vítimas Feridas";"Pleno dia";"Crescente";"Céu Claro";"Dupla";"Reta";"Sim";1;0;1;0;0;0;1;1;-25,388785;-49,202243;"SPRF-PR";"DEL01-PR";"UOP07-DEL01-PR"
217473;2019-06-23;"domingo";"14:20:00";"MG";116;302;"TEOFILO OTONI";"Desobediência às normas de trânsito pelo condutor";"Colisão transversal";"Com Vítimas Feridas";"Pleno dia";"Crescente";"Garoa/Chuvisco";"Simples";"Curva;Declive";"Não";3;0;0;3;0;0;3;2;-18,01809416;-41,63418999;"SPRF-MG";"DEL11-MG";"UOP01-DEL11-MG"
217475;2019-06-23;"domingo";"14:20:00";"SC";101;197;"BIGUACU";"Falta de Atenção à Condução";"Capotamento";"Com Vítimas Feridas";"Pleno dia";"Crescente";"Céu Claro";"Dupla";"Reta";"Sim";2;0;2;0;0;0;2;1;-27,51844497;-48,63848496;"SPRF-SC";"DEL01-SC";"UOP01-DEL01-SC"
217476;2019-06-23;"domingo";"14:20:00";"MG";262;14,7;"MARTINS SOARES";"Falta de Atenção à Condução";"Colisão traseira";"Com Vítimas Feridas";"Pleno dia";"Decrescente";"Céu Claro";"Simples";"Reta";"Não";4;0;2;0;1;1;2;3;-20,26417;-41,868195;"SPRF-MG";"DEL06-MG";"UOP03-DEL06-MG"
217478;2019-06-23;"domingo";"12:04:00";"SC";116;183,4;"SAO CRISTOVAO DO SUL";"Falta de Atenção à Condução";"Saída de leito carroçável";"Sem Vítimas";"Pleno dia";"Decrescente";"Céu Claro";"Simples";"Reta";"Não";1;0;0;0;1;0;0;1;-27,2929189;-50,43356775;"SPRF-SC";"DEL05-SC";"UOP03-DEL05-SC"
217479;2019-06-23;"domingo";"14:50:00";"MG";262;816;"UBERABA";"Desobediência às normas de trânsito pelo condutor";"Saída de leito carroçável";"Com Vítimas Feridas";"Pleno dia";"Decrescente";"Céu Claro";"Dupla";"Reta";"Não";1;0;1;0;0;0;1;1;-19,76425055;-48,12713991;"SPRF-MG";"DEL13-MG";"UOP01-DEL13-MG"
217481;2019-06-23;"domingo";"14:10:00";"RJ";101;286;"ITABORAI";"Falta de Atenção à Condução";"Engavetamento";"Com Vítimas Feridas";"Pleno dia";"Crescente";"Sol";"Dupla";"Reta";"Não";4;0;1;0;3;0;1;3;-22,75409331;-42,82491696;"SPRF-RJ";"DEL02-RJ";"UOP03-DEL02-RJ"
217482;2019-06-23;"domingo";"14:30:00";"PB";412;17;"BOA VISTA";"Falta de Atenção à Condução";"Colisão transversal";"Com Vítimas Fatais";"Pleno dia";"Crescente";"Céu Claro";"Simples";"Interseção de Vias";"Não";2;1;0;0;1;0;0;2;-7,24973042;-36,21944211;"SPRF-PB";"DEL02-PB";"UOP02-DEL02-PB"
217484;2019-06-23;"domingo";"15:10:00";"PR";376;161;"MARINGA";"Ingestão de Álcool";"Queda de ocupante de veículo";"Com Vítimas Feridas";"Pleno dia";"Decrescente";"Sol";"Dupla";"Reta;Rotatória";"Sim";2;0;2;0;0;0;2;1;-23,3665849;-52,06958413;"SPRF-PR";"DEL07-PR";"UOP01-DEL09-PR"
217485;2019-06-23;"domingo";"14:25:00";"RJ";116;102;"GUAPIMIRIM";"Desobediência às normas de trânsito pelo condutor";"Colisão transversal";"Com Vítimas Feridas";"Pleno dia";"Crescente";"Chuva";"Simples";"Aclive";"Sim";2;0;1;0;1;0;1;2;-22,49820581;-42,99844401;"SPRF-RJ";"DEL04-RJ";"UOP02-DEL04-RJ"
217489;2019-06-23;"domingo";"15:20:00";"SC";101;223;"PALHOCA";"Falta de Atenção à Condução";"Colisão traseira";"Com Vítimas Feridas";"Pleno dia";"Crescente";"Sol";"Dupla";"Reta";"Não";2;0;1;0;1;0;1;2;-27,71552634;-48,64881251;"SPRF-SC";"DEL01-SC";"UOP02-DEL01-SC"
217490;2019-06-23;"domingo";"14:20:00";"RS";470;156;"NOVA PRATA";"Falta de Atenção à Condução";"Saída de leito carroçável";"Com Vítimas Feridas";"Pleno dia";"Crescente";"Céu Claro";"Simples";"Curva";"Não";2;0;2;0;0;0;2;1;-28,78736943;-51,61394119;"SPRF-RS";"DEL06-RS";"UOP02-DEL06-RS"
217491;2019-06-23;"domingo";"15:00:00";"SC";101;151,8;"ITAPEMA";"Falta de Atenção à Condução";"Colisão traseira";"Com Vítimas Feridas";"Pleno dia";"Decrescente";"Céu Claro";"Dupla";"Reta";"Sim";3;0;1;0;2;0;1;2;-27,126536;-48,609642;"SPRF-SC";"DEL04-SC";"UOP03-DEL04-SC"
217493;2019-06-23;"domingo";"12:50:00";"MG";267;34,5;"ARGIRITA";"Desobediência às normas de trânsito pelo condutor";"Colisão transversal";"Sem Vítimas";"Pleno dia";"Crescente";"Céu Claro";"Simples";"Reta";"Não";2;0;0;0;2;0;0;2;-21,65174033;-42,86293197;"SPRF-MG";"DEL07-MG";"UOP01-DEL07-MG"
217494;2019-06-23;"domingo";"15:55:00";"RS";116;242;"SAO LEOPOLDO";"Não guardar distância de segurança";"Colisão traseira";"Com Vítimas Feridas";"Pleno dia";"Crescente";"Sol";"Dupla";"Reta";"Sim";6;0;1;0;3;2;1;3;-29,72297087;-51,14858729;"SPRF-RS";"DEL01-RS";"UOP02-DEL01-RS"
217495;2019-06-23;"domingo";"16:15:00";"ES";101;283;"CARIACICA";"Falta de Atenção à Condução";"Saída de leito carroçável";"Com Vítimas Feridas";"Pleno dia";"Decrescente";"Céu Claro";"Dupla";"Reta";"Não";1;0;1;0;0;0;1;1;-20,23438373;-40,3693577;"SPRF-ES";"DEL01-ES";"UOP01-DEL01-ES"
217496;2019-06-21;"sexta-feira";"03:00:00";"RJ";116;175;"NOVA IGUACU";"Ingestão de Álcool";"Colisão com objeto estático";"Com Vítimas Feridas";"Plena Noite";"Crescente";"Ignorado";"Dupla";"Reta";"Sim";3;0;1;0;2;0;1;1;-22,78923555;-43,37275272;"SPRF-RJ";"DEL01-RJ";"UOP02-DEL01-RJ"
217497;2019-06-23;"domingo";"15:55:00";"SP";101;28,4;"UBATUBA";"Restrição de Visibilidade";"Colisão transversal";"Sem Vítimas";"Pleno dia";"Crescente";"Céu Claro";"Simples";"Curva";"Não";3;0;0;0;3;0;0;2;-23,37268002;-44,95284699;"SPRF-SP";"DEL06-SP";"UOP01-DEL06-SP"
217498;2019-06-23;"domingo";"16:15:00";"MG";365;585;"ARAGUARI";"Desobediência às normas de trânsito pelo condutor";"Colisão frontal";"Com Vítimas Feridas";"Pleno dia";"Crescente";"Céu Claro";"Simples";"Reta";"Não";6;0;1;5;0;0;6;2;-18,8664164;-48,00295805;"SPRF-MG";"DEL15-MG";"UOP02-DEL15-MG"
217499;2019-06-23;"domingo";"16:00:00";"SC";470;66;"INDAIAL";"Ingestão de Álcool";"Engavetamento";"Com Vítimas Feridas";"Pleno dia";"Decrescente";"Céu Claro";"Simples";"Reta";"Sim";5;0;1;0;3;1;1;4;-26,870407;-49,221844;"SPRF-SC";"DEL04-SC";"UOP01-DEL04-SC"
217500;2019-06-23;"domingo";"16:30:00";"GO";20;14;"FORMOSA";"Ultrapassagem Indevida";"Capotamento";"Com Vítimas Feridas";"Pleno dia";"Decrescente";"Céu Claro";"Simples";"Reta";"Não";4;0;1;0;3;0;1;1;-15,567566;-47,231537;"SPRF-DF";"DEL02-DF";"UOP01-DEL02-DF"
217501;2019-06-23;"domingo";"16:35:00";"MG";40;504,4;"ESMERALDAS";"Não guardar distância de segurança";"Engavetamento";"Sem Vítimas";"Pleno dia";"Crescente";"Céu Claro";"Dupla";"Aclive";"Não";6;0;0;0;6;0;0;6;-19,72987888;-44,15253368;"SPRF-MG";"DEL02-MG";"UOP01-DEL02-MG"
217502;2019-06-23;"domingo";"16:45:00";"ES";101;61;"SAO MATEUS";"Não guardar distância de segurança";"Colisão traseira";"Com Vítimas Feridas";"Anoitecer";"Crescente";"Nublado";"Simples";"Reta";"Sim";5;0;2;0;3;0;2;4;-18,68153217;-39,86364755;"SPRF-ES";"DEL04-ES";"UOP02-DEL04-ES"
217503;2019-06-23;"domingo";"16:50:00";"RN";304;296;"MACAIBA";"Não guardar distância de segurança";"Colisão traseira";"Com Vítimas Feridas";"Anoitecer";"Crescente";"Céu Claro";"Simples";"Reta";"Sim";2;0;1;0;1;0;1;2;-5,86484905;-35,34931012;"SPRF-RN";"DEL01-RN";"UOP02-DEL01-RN"
217504;2019-06-23;"domingo";"16:50:00";"MA";316;583,1;"CAXIAS";"Falta de Atenção à Condução";"Colisão frontal";"Com Vítimas Feridas";"Pleno dia";"Crescente";"Céu Claro";"Simples";"Aclive";"Não";3;0;2;0;1;0;2;2;-4,977182;-43,098457;"SPRF-MA";"DEL03-MA";"UOP02-DEL03-MA"
217505;2019-06-23;"domingo";"16:30:00";"PE";232;408,2;"SERRA TALHADA";"Ingestão de Álcool";"Colisão lateral";"Sem Vítimas";"Pleno dia";"Crescente";"Sol";"Simples";"Aclive";"Sim";2;0;0;0;2;0;0;2;-7,98371447;-38,28047709;"SPRF-PE";"DEL04-PE";"UOP01-DEL04-PE"
217506;2019-06-23;"domingo";"16:40:00";"SC";470;57,5;"BLUMENAU";"Ingestão de Álcool";"Colisão transversal";"Com Vítimas Feridas";"Pleno dia";"Decrescente";"Nublado";"Simples";"Rotatória;Interseção de Vias";"Não";3;0;2;0;1;0;2;2;-26,880428;-49,136532;"SPRF-SC";"DEL04-SC";"UOP01-DEL04-SC"
217508;2019-06-23;"domingo";"14:55:00";"MG";50;123,7;"UBERABA";"Condutor Dormindo";"Saída de leito carroçável";"Com Vítimas Feridas";"Pleno dia";"Decrescente";"Céu Claro";"Dupla";"Reta";"Não";3;0;2;0;1;0;2;1;-19,33326318;-48,09913641;"SPRF-MG";"DEL13-MG";"UOP01-DEL13-MG"
217512;2019-06-23;"domingo";"16:40:00";"SP";116;229;"SAO PAULO";"Não guardar distância de segurança";"Colisão traseira";"Com Vítimas Feridas";"Pleno dia";"Crescente";"Céu Claro";"Múltipla";"Reta";"Sim";3;0;1;0;2;0;1;2;-23,51291902;-46,57604698;"SPRF-SP";"DEL01-SP";"UOP01-DEL01-SP"
217514;2019-06-23;"domingo";"17:30:00";"SC";101;67;"ARAQUARI";"Falta de Atenção à Condução";"Colisão lateral";"Com Vítimas Feridas";"Anoitecer";"Decrescente";"Céu Claro";"Dupla";"Reta";"Não";3;0;1;0;2;0;1;3;-26,48645;-48,73483602;"SPRF-SC";"DEL03-SC";"UOP02-DEL03-SC"
217515;2019-06-23;"domingo";"16:30:00";"MT";158;683;"BARRA DO GARCAS";"Não guardar distância de segurança";"Colisão traseira";"Com Vítimas Feridas";"Pleno dia";"Decrescente";"Céu Claro";"Simples";"Reta";"Não";6;0;4;0;2;0;4;2;-14,91362501;-52,27548304;"SPRF-MT";"DEL07-MT";"UOP01-DEL07-MT"
217517;2019-06-23;"domingo";"16:50:00";"RS";293;175,8;"BAGE";"Falta de Atenção à Condução";"Colisão traseira";"Com Vítimas Feridas";"Pleno dia";"Crescente";"Céu Claro";"Simples";"Declive;Reta";"Não";3;0;0;2;1;0;2;2;-31,314303;-54,011056;"SPRF-RS";"DEL11-RS";"UOP03-DEL11-RS"
217518;2019-06-23;"domingo";"17:35:00";"GO";414;392,5;"CORUMBA DE GOIAS";"Ultrapassagem Indevida";"Colisão frontal";"Com Vítimas Feridas";"Anoitecer";"Crescente";"Céu Claro";"Simples";"Aclive";"Não";2;0;1;0;1;0;1;2;-15,91393969;-48,80410441;"SPRF-GO";"DEL02-GO";"UOP01-DEL02-GO"
217519;2019-06-23;"domingo";"17:40:00";"MG";381;2,3;"BETIM";"Falta de Atenção à Condução";"Tombamento";"Com Vítimas Feridas";"Anoitecer";"Decrescente";"Céu Claro";"Dupla";"Reta";"Sim";1;0;1;0;0;0;1;1;-19,98085074;-44,16194916;"SPRF-MG";"DEL01-MG";"UOP03-DEL01-MG"
217520;2019-06-23;"domingo";"16:45:00";"MS";163;683,1;"RIO VERDE DE MATO GROSSO";"Ingestão de Álcool";"Colisão transversal";"Com Vítimas Feridas";"Pleno dia";"Decrescente";"Céu Claro";"Simples";"Curva";"Sim";5;0;4;0;1;0;4;2;-18,89822905;-54,84291719;"SPRF-MS";"DEL06-MS";"UOP01-DEL06-MS"
217521;2019-06-23;"domingo";"17:30:00";"RJ";116;198;"QUEIMADOS";"Falta de Atenção à Condução";"Engavetamento";"Sem Vítimas";"Anoitecer";"Decrescente";"Céu Claro";"Dupla";"Reta";"Sim";5;0;0;0;5;0;0;4;-22,72952183;-43,57481597;"SPRF-RJ";"DEL01-RJ";"UOP03-DEL01-RJ"
217522;2019-06-23;"domingo";"17:30:00";"PB";230;39,5;"SANTA RITA";"Defeito na Via";"Queda de ocupante de veículo";"Com Vítimas Feridas";"Plena Noite";"Crescente";"Céu Claro";"Dupla";"Curva";"Sim";2;0;1;1;0;0;2;1;-7,1381;-34,9707;"SPRF-PB";"DEL01-PB";"UOP03-DEL01-PB"
217524;2019-06-23;"domingo";"17:10:00";"MT";174;9,5;"PONTES E LACERDA";"Falta de Atenção à Condução";"Colisão traseira";"Com Vítimas Feridas";"Pleno dia";"Crescente";"Céu Claro";"Simples";"Reta";"Não";4;0;3;0;1;0;3;3;-15,19586582;-59,32269573;"SPRF-MT";"DEL04-MT";"UOP01-DEL04-MT"
217525;2019-06-23;"domingo";"15:00:00";"MG";40;772;"JUIZ DE FORA";"Falta de Atenção à Condução";"Colisão transversal";"Com Vítimas Feridas";"Pleno dia";"Crescente";"Céu Claro";"Simples";"Reta";"Não";5;0;2;0;3;0;2;2;-21,61781996;-43,45469344;"SPRF-MG";"DEL05-MG";"UOP01-DEL05-MG"
217526;2019-06-23;"domingo";"17:30:00";"CE";116;531,1;"JATI";"Ingestão de Álcool";"Saída de leito carroçável";"Com Vítimas Fatais";"Anoitecer";"Crescente";"Céu Claro";"Simples";"Curva;Aclive";"Não";1;1;0;0;0;0;0;1;-7,69630203;-39,01991598;"SPRF-CE";"DEL05-CE";"UOP03-DEL05-CE"
217528;2019-06-23;"domingo";"17:55:00";"PR";476;158,8;"ARAUCARIA";"Ingestão de Álcool";"Colisão traseira";"Com Vítimas Feridas";"Plena Noite";"Decrescente";"Céu Claro";"Simples";"Reta";"Sim";4;0;1;0;3;0;1;4;-25,61451939;-49,42549007;"SPRF-PR";"DEL01-PR";"UOP06-DEL01-PR"
217529;2019-06-23;"domingo";"18:00:00";"PR";163;282;"MARECHAL CANDIDO RONDON";"Falta de Atenção à Condução";"Colisão transversal";"Com Vítimas Feridas";"Anoitecer";"Decrescente";"Céu Claro";"Simples";"Reta";"Sim";2;0;1;0;1;0;1;2;-24,57864514;-53,99236214;"SPRF-PR";"DEL06-PR";"UOP02-DEL06-PR"
217530;2019-06-23;"domingo";"17:10:00";"RJ";116;322;"ITATIAIA";"Falta de Atenção à Condução";"Colisão traseira";"Com Vítimas Feridas";"Anoitecer";"Decrescente";"Céu Claro";"Dupla";"Reta";"Sim";4;0;1;0;3;0;1;3;-22,48404979;-44,54454609;"SPRF-RJ";"DEL07-RJ";"DEL5/7-UOP03/RJ"
217531;2019-06-23;"domingo";"18:10:00";"PE";408;40,5;"ALIANCA";"Falta de Atenção à Condução";"Colisão lateral";"Com Vítimas Feridas";"Plena Noite";"Decrescente";"Céu Claro";"Simples";"Reta";"Não";2;0;0;1;1;0;1;2;-7,65343289;-35,25064414;"SPRF-PE";"DEL01-PE";"UOP01-DEL01-PE"
217532;2019-06-23;"domingo";"18:30:00";"MG";153;237,2;"FRONTEIRA";"Ultrapassagem Indevida";"Saída de leito carroçável";"Com Vítimas Feridas";"Plena Noite";"Decrescente";"Céu Claro";"Simples";"Reta";"Não";3;0;1;2;0;0;3;1;-20,28330203;-49,19598196;"SPRF-MG";"DEL13-MG";"UOP02-DEL13-MG"
217534;2019-06-23;"domingo";"17:50:00";"RN";226;9;"MACAIBA";"Ingestão de Álcool";"Colisão frontal";"Com Vítimas Feridas";"Plena Noite";"Decrescente";"Ignorado";"Simples";"Reta";"Sim";2;0;1;0;1;0;1;2;-5,83553859;-35,28918711;"SPRF-RN";"DEL01-RN";"UOP02-DEL01-RN"
217535;2019-06-23;"domingo";"18:00:00";"RJ";40;103;"DUQUE DE CAXIAS";"Falta de Atenção à Condução";"Colisão lateral";"Com Vítimas Feridas";"Plena Noite";"Crescente";"Céu Claro";"Múltipla";"Reta";"Não";2;0;0;1;1;0;1;2;-22,62009;-43,286922;"SPRF-RJ";"DEL01-RJ";"UOP01-DEL01-RJ"
217536;2019-06-23;"domingo";"18:30:00";"SC";101;352,7;"JAGUARUNA";"Defeito Mecânico no Veículo";"Tombamento";"Com Vítimas Feridas";"Plena Noite";"Decrescente";"Nublado";"Dupla";"Reta";"Não";2;0;2;0;0;0;2;1;-28,60489869;-49,05593332;"SPRF-SC";"DEL02-SC";"UOP01-DEL02-SC"
217537;2019-06-23;"domingo";"18:00:00";"RJ";101;421;"MANGARATIBA";"Defeito Mecânico no Veículo";"Queda de ocupante de veículo";"Com Vítimas Feridas";"Plena Noite";"Crescente";"Céu Claro";"Simples";"Reta";"Não";2;0;1;0;1;0;1;1;-22,92839492;-43,97358513;"SPRF-RJ";"DEL03-RJ";"UOP01-DEL03-RJ"
217539;2019-06-23;"domingo";"18:25:00";"RJ";101;290;"ITABORAI";"Não guardar distância de segurança";"Colisão lateral";"Com Vítimas Feridas";"Plena Noite";"Crescente";"Céu Claro";"Dupla";"Reta";"Não";1;0;1;0;0;0;1;1;-22,76708384;-42,86081305;"SPRF-RJ";"DEL02-RJ";"UOP03-DEL02-RJ"
217540;2019-06-23;"domingo";"18:20:00";"PE";232;82;"GRAVATA";"Falta de Atenção à Condução";"Colisão transversal";"Com Vítimas Feridas";"Plena Noite";"Decrescente";"Céu Claro";"Dupla";"Curva";"Não";2;0;0;1;1;0;1;2;-8,19905415;-35,58715194;"SPRF-PE";"DEL01-PE";"UOP02-DEL02PE"