"id";"data_inversa";"dia_semana";"horario";"uf";"br";"km";"municipio";"causa_acidente";"tipo_acidente";"classificacao_acidente";"fase_dia";"sentido_via";"condicao_metereologica";"tipo_pista";"tracado_via";"uso_solo";"pessoas";"mortos";"feridos_leves";"feridos_graves";"ilesos";"ignorados";"feridos";"veiculos";"latitude";"longitude";"regional";"delegacia";"uop"
217541;2019-06-23;"domingo";"17:30:00";"MS";163;509;"JARAGUARI";"Avarias e/ou desgaste excessivo no pneu";"Queda de ocupante de veículo";"Com Vítimas Feridas";"Plena Noite";"Decrescente";"Céu Claro";"Dupla";"Reta";"Não";2;0;2;0;0;0;2;1;-20,25417999;-54,48233305;"SPRF-MS";"DEL01-MS";"UOP02-DEL01-MS"
217543;2019-06-23;"domingo";"17:40:00";"PI";135;335;"SANTA LUZ";"Defeito Mecânico no Veículo";"Colisão transversal";"Com Vítimas Feridas";"Anoitecer";"Crescente";"Céu Claro";"Simples";"Reta";"Não";11;0;2;0;9;0;2;2;-8,97042899;-44,27052202;"SPRF-PI";"DEL03-PI";"UOP02-DEL03-PI"
217544;2019-06-23;"domingo";"18:25:00";"CE";222;310,7;"TIANGUA";"Desobediência às normas de trânsito pelo condutor";"Colisão transversal";"Com Vítimas Feridas";"Plena Noite";"Decrescente";"Céu Claro";"Simples";"Reta";"Sim";2;0;0;1;1;0;1;2;-3,71455063;-40,98758698;"SPRF-CE";"DEL04-CE";"UOP02-DEL04-CE"
217545;2019-06-23;"domingo";"18:40:00";"PB";104;0,5;"NOVA FLORESTA";"Desobediência às normas de trânsito pelo pedestre";"Atropelamento de Pedestre";"Com Vítimas Fatais";"Plena Noite";"Decrescente";"Nublado";"Simples";"Reta";"Não";2;1;0;0;1;0;0;2;-6,432965;-36,203865;"SPRF-PB";"DEL02-PB";"UOP04-DEL02-PB"
217546;2019-06-23;"domingo";"18:20:00";"SC";470;134,3;"RIO DO SUL";"Ingestão de Álcool";"Saída de leito carroçável";"Com Vítimas Feridas";"Plena Noite";"Crescente";"Nublado";"Simples";"Rotatória";"Não";2;0;1;0;1;0;1;1;-27,181854;-49,600128;"SPRF-SC";"DEL04-SC";"UOP02-DEL04-SC"
217547;2019-06-23;"domingo";"18:20:00";"SC";153;90,6;"CONCORDIA";"Desobediência às normas de trânsito pelo pedestre";"Colisão frontal";"Com Vítimas Feridas";"Plena Noite";"Decrescente";"Céu Claro";"Simples";"Curva";"Não";3;0;1;0;2;0;1;2;-27,178261;-51,914314;"SPRF-SC";"DEL07-SC";"UOP04-DEL07-SC"
217548;2019-06-23;"domingo";"16:30:00";"RS";448;1;"ESTEIO";"Mal Súbito";"Colisão com objeto estático";"Com Vítimas Feridas";"Pleno dia";"Decrescente";"Céu Claro";"Múltipla";"Interseção de Vias";"Sim";1;0;1;0;0;0;1;1;-29,836086;-51,182426;"SPRF-RS";"DEL01-RS";"UOP02-DEL01-RS"
217549;2019-04-28;"domingo";"19:20:00";"RN";406;150,2;"CEARA-MIRIM";"Desobediência às normas de trânsito pelo condutor";"Colisão frontal";"Com Vítimas Feridas";"Plena Noite";"Decrescente";"Céu Claro";"Simples";"Reta";"Sim";2;0;1;1;0;0;2;2;-5,64974982;-35,43234997;"SPRF-RN";"DEL02-RN";"UOP01-DEL02-RN"
217550;2019-06-23;"domingo";"17:00:00";"RS";116;391;"CAMAQUA";"Falta de Atenção à Condução";"Colisão traseira";"Com Vítimas Feridas";"Pleno dia";"Decrescente";"Céu Claro";"Simples";"Reta";"Não";3;0;2;0;1;0;2;2;-30,832005;-51,730518;"SPRF-RS";"DEL02-RS";"UOP03-DEL02-RS"
217551;2019-06-23;"domingo";"19:30:00";"RJ";116;129;"MAGE";"Falta de Atenção à Condução";"Colisão traseira";"Com Vítimas Feridas";"Plena Noite";"Crescente";"Céu Claro";"Dupla";"Reta";"Não";2;0;1;0;1;0;1;2;-22,66471224;-43,11056004;"SPRF-RJ";"DEL04-RJ";"UOP02-DEL04-RJ"
217552;2019-06-23;"domingo";"20:22:00";"PE";428;189,2;"PETROLINA";"Velocidade Incompatível";"Colisão lateral";"Com Vítimas Fatais";"Plena Noite";"Crescente";"Nublado";"Dupla";"Reta";"Sim";2;1;0;0;1;0;0;2;-9,37197508;-40,48679585;"SPRF-PE";"DEL06-PE";"UOP01-DEL06-PE"
217553;2019-06-23;"domingo";"18:50:00";"BA";101;842;"TEIXEIRA DE FREITAS";"Desobediência às normas de trânsito pelo condutor";"Colisão frontal";"Sem Vítimas";"Plena Noite";"Crescente";"Nublado";"Simples";"Curva";"Não";2;0;0;0;2;0;0;2;-17,45299422;-39,69732754;"SPRF-BA";"DEL09-BA";"UOP02-DEL09-BA"
217554;2019-06-23;"domingo";"19:30:00";"RS";386;319,5;"MARQUES DE SOUZA";"Desobediência às normas de trânsito pelo condutor";"Colisão frontal";"Com Vítimas Feridas";"Plena Noite";"Crescente";"Céu Claro";"Simples";"Curva";"Não";4;0;1;0;3;0;1;2;-29,278328;-52,135033;"SPRF-RS";"DEL04-RS";"UOP01-DEL04-RS"
217555;2019-06-23;"domingo";"20:05:00";"GO";60;31,7;"ALEXANIA";"Desobediência às normas de trânsito pelo condutor";"Colisão transversal";"Com Vítimas Feridas";"Plena Noite";"Crescente";"Céu Claro";"Múltipla";"Retorno Regulamentado;Interseção de Vias";"Sim";6;0;4;0;2;0;4;2;-16,08993901;-48,50154877;"SPRF-DF";"DEL01-DF";"UOP01-DEL03-DF"
217556;2019-06-23;"domingo";"19:15:00";"PR";116;126;"CURITIBA";"Falta de Atenção à Condução";"Engavetamento";"Com Vítimas Feridas";"Plena Noite";"Decrescente";"Céu Claro";"Dupla";"Reta";"Sim";5;0;1;0;4;0;1;4;-25,64541637;-49,31261323;"SPRF-PR";"DEL01-PR";"UOP03-DEL01-PR"
217558;2019-06-23;"domingo";"15:00:00";"SC";280;215,8;"TRES BARRAS";"Não guardar distância de segurança";"Engavetamento";"Com Vítimas Feridas";"Pleno dia";"Crescente";"Sol";"Simples";"Aclive";"Não";13;0;1;0;12;0;1;3;-26,18222028;-50,21677704;"SPRF-SC";"DEL06-SC";"UOP04-DEL06-SC"
217559;2019-06-23;"domingo";"19:30:00";"PR";277;96,7;"CURITIBA";"Desobediência às normas de trânsito pelo condutor";"Colisão transversal";"Sem Vítimas";"Plena Noite";"Decrescente";"Céu Claro";"Simples";"Aclive";"Sim";2;0;0;0;2;0;0;2;-25,43068506;-49,33871465;"SPRF-PR";"DEL01-PR";"UOP06-DEL01-PR"
217560;2019-06-23;"domingo";"17:20:00";"SC";116;85,5;"MONTE CASTELO";"Ingestão de Álcool";"Colisão lateral";"Com Vítimas Feridas";"Anoitecer";"Crescente";"Céu Claro";"Simples";"Reta";"Não";6;0;3;0;1;2;3;3;-26,60122995;-50,22615221;"SPRF-SC";"DEL06-SC";"UOP02-DEL06-SC"
217562;2019-06-23;"domingo";"15:30:00";"PI";407;506;"PATOS DO PIAUI";"Velocidade Incompatível";"Saída de leito carroçável";"Com Vítimas Feridas";"Pleno dia";"Decrescente";"Céu Claro";"Simples";"Curva";"Não";2;0;1;1;0;0;2;1;-7,63052816;-41,28118012;"SPRF-PI";"DEL04-PI";"UOP01-DEL04-PI"
217563;2019-06-23;"domingo";"20:00:00";"SP";381;25,8;"ATIBAIA";"Falta de Atenção à Condução";"Colisão traseira";"Com Vítimas Feridas";"Plena Noite";"Crescente";"Céu Claro";"Dupla";"Reta";"Sim";2;0;1;0;1;0;1;2;-23,02679312;-46,53612988;"SPRF-SP";"DEL03-SP";"UOP02-DEL03-SP"
217564;2019-06-23;"domingo";"20:50:00";"RJ";116;167;"SAO JOAO DE MERITI";"Ingestão de Álcool";"Colisão com objeto estático";"Com Vítimas Feridas";"Plena Noite";"Crescente";"Céu Claro";"Múltipla";"Reta";"Sim";6;0;2;2;2;0;4;2;-22,80071042;-43,3522886;"SPRF-RJ";"DEL01-RJ";"UOP02-DEL01-RJ"
217568;2019-06-23;"domingo";"17:30:00";"SC";280;14,6;"SAO FRANCISCO DO SUL";"Desobediência às normas de trânsito pelo condutor";"Colisão lateral";"Com Vítimas Feridas";"Pleno dia";"Crescente";"Nublado";"Simples";"Reta";"Sim";3;0;2;0;1;0;2;2;-26,3301861;-48,65148076;"SPRF-SC";"DEL03-SC";"UOP03-DEL03-SC"
217569;2019-06-23;"domingo";"17:10:00";"MG";262;620,1;"IBIA";"Falta de Atenção à Condução";"Colisão lateral";"Com Vítimas Feridas";"Pleno dia";"Decrescente";"Céu Claro";"Simples";"Reta;Aclive";"Não";4;0;1;0;3;0;1;3;-19,58409582;-46,39484927;"SPRF-MG";"DEL08-MG";"UOP01-DEL08-MG"
217570;2019-06-23;"domingo";"17:25:00";"MG";262;441;"NOVA SERRANA";"Falta de Atenção à Condução";"Tombamento";"Com Vítimas Feridas";"Anoitecer";"Crescente";"Céu Claro";"Dupla";"Reta";"Sim";2;0;2;0;0;0;2;1;-19,88296154;-44,90293014;"SPRF-MG";"DEL08-MG";"UOP03-DEL08-MG"
217571;2019-06-23;"domingo";"21:00:00";"GO";60;93,3;"ANAPOLIS";"Falta de Atenção à Condução";"Colisão lateral";"Com Vítimas Feridas";"Plena Noite";"Decrescente";"Céu Claro";"Dupla";"Reta";"Sim";3;0;1;2;0;0;3;2;-16,353;-48,9178;"SPRF-GO";"DEL02-GO";"UOP01-DEL02-GO"
217572;2019-06-23;"domingo";"13:30:00";"RS";287;470;"SAO BORJA";"Falta de Atenção à Condução";"Saída de leito carroçável";"Com Vítimas Feridas";"Pleno dia";"Decrescente";"Céu Claro";"Simples";"Reta";"Não";4;0;2;1;1;0;3;1;-28,98678775;-55,46787699;"SPRF-RS";"DEL12-RS";"UOP01-DEL12-RS"
217573;2019-06-23;"domingo";"20:45:00";"PR";158;384,3;"LARANJEIRAS DO SUL";"Ingestão de Álcool";"Colisão transversal";"Com Vítimas Feridas";"Plena Noite";"Crescente";"Céu Claro";"Simples";"Declive;Curva";"Não";7;0;5;1;1;0;6;2;-25,23372104;-52,27958886;"SPRF-PR";"DEL04-PR";"UOP02-DEL04-PR"
217574;2019-06-23;"domingo";"21:20:00";"GO";60;31,9;"ALEXANIA";"Falta de Atenção do Pedestre";"Atropelamento de Pedestre";"Com Vítimas Feridas";"Plena Noite";"Crescente";"Céu Claro";"Dupla";"Reta";"Sim";2;0;0;1;1;0;1;2;-16,08954212;-48,50375354;"SPRF-DF";"DEL01-DF";"UOP01-DEL03-DF"
217575;2019-06-23;"domingo";"20:35:00";"MA";222;668;"ACAILANDIA";"Não guardar distância de segurança";"Atropelamento de Pedestre";"Com Vítimas Feridas";"Plena Noite";"Crescente";"Céu Claro";"Simples";"Aclive;Reta";"Não";2;0;1;1;0;0;2;2;-4,92620141;-47,4402523;"SPRF-MA";"DEL04-MA";"UOP03-DEL04-MA"
217577;2019-06-23;"domingo";"18:50:00";"AC";364;125,2;"RIO BRANCO";"Falta de Atenção à Condução";"Saída de leito carroçável";"Com Vítimas Feridas";"Plena Noite";"Decrescente";"Céu Claro";"Simples";"Reta";"Sim";1;0;0;1;0;0;1;1;-10,01280606;-67,80005697;"SPRF-AC";"DEL01-AC";"UOP01-DEL01-AC"
217578;2019-06-23;"domingo";"19:30:00";"MT";364;404;"CUIABA";"Ingestão de Álcool";"Atropelamento de Pedestre";"Com Vítimas Feridas";"Plena Noite";"Crescente";"Céu Claro";"Múltipla";"Reta";"Sim";2;0;0;1;1;0;1;2;-15,66158612;-55,97144205;"SPRF-MT";"DEL02-MT";"UOP02-DEL01-MT"
217580;2019-06-23;"domingo";"20:00:00";"SC";282;580;"PINHALZINHO";"Velocidade Incompatível";"Colisão com objeto estático";"Com Vítimas Feridas";"Plena Noite";"Crescente";"Céu Claro";"Simples";"Rotatória";"Sim";1;0;1;0;0;0;1;1;-26,832148;-52,994308;"SPRF-SC";"DEL07-SC";"UOP02-DEL07-SC"
217581;2019-06-23;"domingo";"21:30:00";"MG";116;704,7;"MURIAE";"Falta de Atenção do Pedestre";"Atropelamento de Pedestre";"Com Vítimas Feridas";"Plena Noite";"Crescente";"Céu Claro";"Simples";"Reta";"Sim";3;0;2;0;0;1;2;2;-21,13416858;-42,38722798;"SPRF-MG";"DEL07-MG";"UOP02-DEL07-MG"
217582;2019-06-23;"domingo";"20:30:00";"SC";101;107,1;"PENHA";"Ingestão de Álcool";"Colisão traseira";"Com Vítimas Fatais";"Plena Noite";"Decrescente";"Nublado";"Dupla";"Reta";"Não";3;1;0;0;2;0;0;2;-26,81930608;-48,68390282;"SPRF-SC";"DEL03-SC";"UOP02-DEL03-SC"
217583;2019-06-23;"domingo";"21:48:00";"ES";101;286,5;"CARIACICA";"Falta de Atenção à Condução";"Colisão transversal";"Com Vítimas Feridas";"Plena Noite";"Decrescente";"Céu Claro";"Dupla";"Reta";"Sim";2;0;0;1;1;0;1;2;-20,25806542;-40,37735224;"SPRF-ES";"DEL01-ES";"UOP01-DEL01-ES"
217584;2019-06-23;"domingo";"21:40:00";"ES";101;266,3;"SERRA";"Desobediência às normas de trânsito pelo condutor";"Colisão transversal";"Sem Vítimas";"Plena Noite";"Decrescente";"Nublado";"Múltipla";"Interseção de Vias";"Sim";2;0;0;0;2;0;0;2;-20,19359969;-40,26830435;"SPRF-ES";"DEL02-ES";"UOP01-DEL02-ES"
217586;2019-06-23;"domingo";"21:45:00";"GO";60;139;"GOIANIA";"Ingestão de Álcool";"Colisão traseira";"Sem Vítimas";"Plena Noite";"Decrescente";"Céu Claro";"Dupla";"Reta";"Não";2;0;0;0;2;0;0;2;-16,6212;-49,2063;"SPRF-GO";"DEL01-GO";"UOP01-DEL01-GO"
217587;2019-06-23;"domingo";"20:40:00";"MG";40;628,1;"CONSELHEIRO LAFAIETE";"Falta de Atenção à Condução";"Colisão transversal";"Com Vítimas Feridas";"Plena Noite";"Decrescente";"Céu Claro";"Simples";"Reta";"Sim";3;0;2;0;1;0;2;2;-20,64410984;-43,81128176;"SPRF-MG";"DEL05-MG";"UOP02-DEL05-MG"
217588;2019-06-23;"domingo";"14:20:00";"TO";153;512;"PARAISO DO TOCANTINS";"Velocidade Incompatível";"Saída de leito carroçável";"Sem Vítimas";"Pleno dia";"Crescente";"Céu Claro";"Simples";"Reta";"Não";1;0;0;0;1;0;0;1;-10,30835496;-48,88509637;"SPRF-TO";"DEL02-TO";"UOP01-DEL01-TO"
217589;2019-06-23;"domingo";"18:00:00";"PR";153;403;"MALLET";"Ingestão de Álcool";"Colisão frontal";"Com Vítimas Feridas";"Anoitecer";"Crescente";"Céu Claro";"Simples";"Curva";"Não";5;0;0;5;0;0;5;2;-25,98732405;-50,83897212;"SPRF-PR";"DEL02-PR";"UOP03-DEL02-PR"
217591;2019-06-23;"domingo";"19:05:00";"SC";101;416,9;"ARARANGUA";"Ingestão de Álcool";"Colisão com objeto estático";"Com Vítimas Feridas";"Plena Noite";"Crescente";"Céu Claro";"Dupla";"Reta";"Sim";2;0;2;0;0;0;2;1;-28,96708874;-49,52338825;"SPRF-SC";"DEL02-SC";"UOP02-DEL02-SC"
217592;2019-06-23;"domingo";"20:44:00";"SP";116;216;"GUARULHOS";"Falta de Atenção do Pedestre";"Atropelamento de Pedestre";"Com Vítimas Feridas";"Plena Noite";"Decrescente";"Céu Claro";"Múltipla";"Reta";"Sim";2;0;0;1;0;1;1;2;-23,45443769;-46,47171736;"SPRF-SP";"DEL01-SP";"UOP01-DEL01-SP"
217593;2019-06-23;"domingo";"21:40:00";"ES";393;8,9;"CACHOEIRO DE ITAPEMIRIM";"Falta de Atenção à Condução";"Capotamento";"Com Vítimas Feridas";"Plena Noite";"Crescente";"Nublado";"Simples";"Reta";"Não";1;0;1;0;0;0;1;1;-20,83131413;-41,22312386;"SPRF-ES";"DEL03-ES";"UOP02-DEL03-ES"
217594;2019-06-24;"segunda-feira";"00:02:00";"PE";232;57,4;"POMBOS";"Falta de Atenção à Condução";"Colisão transversal";"Com Vítimas Feridas";"Plena Noite";"Crescente";"Céu Claro";"Dupla";"Reta";"Não";2;0;1;0;1;0;1;2;-8,1421645;-35,38428068;"SPRF-PE";"DEL01-PE";"UOP02-DEL02PE"
217595;2019-06-23;"domingo";"23:30:00";"SP";153;105,7;"JOSE BONIFACIO";"Animais na Pista";"Atropelamento de Animal";"Sem Vítimas";"Plena Noite";"Decrescente";"Céu Claro";"Simples";"Reta";"Não";1;0;0;0;1;0;0;1;-21,047516;-49,654482;"SPRF-SP";"DEL09-SP";"UOP01-DEL09-SP"
217596;2019-06-23;"domingo";"23:40:00";"PE";104;64,7;"CARUARU";"Ingestão de Álcool";"Atropelamento de Pedestre";"Com Vítimas Feridas";"Plena Noite";"Decrescente";"Garoa/Chuvisco";"Dupla";"Reta";"Sim";3;0;2;0;1;0;2;2;-8,28973282;-35,98452687;"SPRF-PE";"DEL02-PE";"UOP01-DEL02-PE"
217598;2019-06-23;"domingo";"22:00:00";"MT";70;279;"PRIMAVERA DO LESTE";"Ingestão de Álcool";"Colisão traseira";"Sem Vítimas";"Plena Noite";"Decrescente";"Céu Claro";"Simples";"Reta";"Sim";2;0;0;0;2;0;0;2;-15,5590689;-54,28878402;"SPRF-MT";"DEL05-MT";"UOP01-DEL05-MT"
217599;2019-06-23;"domingo";"19:00:00";"BA";330;795;"JEQUIE";"Pista Escorregadia";"Saída de leito carroçável";"Com Vítimas Feridas";"Plena Noite";"Decrescente";"Chuva";"Simples";"Declive";"Não";3;0;1;1;1;0;2;1;-13,9283457;-39,99910172;"SPRF-BA";"DEL03-BA";"UOP01-DEL03-BA"
217600;2019-06-23;"domingo";"21:30:00";"SC";101;285;"IMBITUBA";"Falta de Atenção à Condução";"Colisão com objeto estático";"Com Vítimas Feridas";"Plena Noite";"Decrescente";"Nublado";"Dupla";"Reta";"Não";1;0;0;1;0;0;1;1;-28,22116606;-48,70063047;"SPRF-SC";"DEL02-SC";"UOP03-DEL02-SC"
217601;2019-06-23;"domingo";"23:50:00";"PR";277;589;"CASCAVEL";"Ultrapassagem Indevida";"Colisão lateral";"Com Vítimas Feridas";"Plena Noite";"Decrescente";"Céu Claro";"Simples";"Reta";"Sim";3;0;1;0;1;1;1;2;-24,97777319;-53,44688591;"SPRF-PR";"DEL04-PR";"UOP01-DEL04-PR"
217602;2019-06-24;"segunda-feira";"01:05:00";"PR";116;126;"CURITIBA";"Velocidade Incompatível";"Colisão traseira";"Com Vítimas Feridas";"Plena Noite";"Crescente";"Céu Claro";"Dupla";"Reta";"Sim";3;0;1;0;2;0;1;2;-25,60389895;-49,31824423;"SPRF-PR";"DEL01-PR";"UOP03-DEL01-PR"
217603;2019-06-23;"domingo";"22:50:00";"MG";365;443;"GUIMARANIA";"Falta de Atenção à Condução";"Colisão traseira";"Com Vítimas Feridas";"Plena Noite";"Decrescente";"Céu Claro";"Simples";"Curva";"Não";4;0;2;0;2;0;2;2;-18,80862317;-46,76863982;"SPRF-MG";"DEL10-MG";"UOP01-DEL10-MG"
217605;2019-06-24;"segunda-feira";"01:00:00";"SP";116;105;"TAUBATE";"Não guardar distância de segurança";"Colisão traseira";"Com Vítimas Feridas";"Plena Noite";"Crescente";"Céu Claro";"Dupla";"Reta";"Sim";2;0;2;0;0;0;2;2;-23,00757973;-45,51466613;"SPRF-SP";"DEL06-SP";"UOP01-DEL06-SP"
217607;2019-06-24;"segunda-feira";"00:40:00";"PI";343;302;"ALTOS";"Animais na Pista";"Colisão transversal";"Com Vítimas Feridas";"Plena Noite";"Decrescente";"Céu Claro";"Simples";"Reta";"Não";1;0;1;0;0;0;1;1;-5,017174;-42,423988;"SPRF-PI";"DEL01-PI";"UOP03-DEL01-PI"
217608;2019-06-24;"segunda-feira";"02:00:00";"RJ";101;53;"CAMPOS DOS GOYTACAZES";"Falta de Atenção à Condução";"Colisão transversal";"Sem Vítimas";"Plena Noite";"Crescente";"Céu Claro";"Simples";"Reta";"Não";2;0;0;0;2;0;0;2;-21,660484;-41,31128898;"SPRF-RJ";"DEL08-RJ";"UOP01-DEL08-RJ"
217609;2019-06-24;"segunda-feira";"00:10:00";"PE";101;102;"CABO DE SANTO AGOSTINHO";"Animais na Pista";"Atropelamento de Animal";"Com Vítimas Feridas";"Plena Noite";"Crescente";"Nevoeiro/Neblina";"Simples";"Reta";"Sim";2;0;1;0;0;1;1;2;-8,28368856;-35,05795866;"SPRF-PE";"DEL01-PE";"UOP03-DEL01-PE"
217610;2019-06-24;"segunda-feira";"02:00:00";"PE";232;129;"CARUARU";"Animais na Pista";"Atropelamento de Animal";"Com Vítimas Feridas";"Plena Noite";"Crescente";"Céu Claro";"Dupla";"Reta";"Sim";3;0;1;0;2;0;1;1;-8,30193507;-35,98092002;"SPRF-PE";"DEL02-PE";"UOP03-DEL02-PE"
217612;2019-06-24;"segunda-feira";"02:30:00";"PB";104;117,3;"LAGOA SECA";"Falta de Atenção do Pedestre";"Atropelamento de Pedestre";"Com Vítimas Feridas";"Plena Noite";"Decrescente";"Céu Claro";"Simples";"Reta";"Sim";2;0;0;1;0;1;1;2;-7,19030697;-35,86736609;"SPRF-PB";"DEL02-PB";"UOP04-DEL02-PB"
217613;2019-06-24;"segunda-feira";"03:40:00";"RJ";116;178;"NOVA IGUACU";"Condutor Dormindo";"Colisão frontal";"Com Vítimas Fatais";"Plena Noite";"Decrescente";"Céu Claro";"Simples";"Reta";"Não";2;2;0;0;0;0;0;1;-22,77496393;-43,40081465;"SPRF-RJ";"DEL01-RJ";"UOP02-DEL01-RJ"
217614;2019-06-24;"segunda-feira";"02:15:00";"RJ";40;120;"DUQUE DE CAXIAS";"Falta de Atenção à Condução";"Tombamento";"Com Vítimas Fatais";"Plena Noite";"Decrescente";"Ignorado";"Múltipla";"Reta";"Sim";4;1;3;0;0;0;3;1;-22,77280597;-43,28626763;"SPRF-RJ";"DEL01-RJ";"UOP01-DEL01-RJ"
217618;2019-06-24;"segunda-feira";"05:00:00";"PB";101;90,5;"JOAO PESSOA";"Ingestão de Álcool";"Colisão com objeto estático";"Sem Vítimas";"Amanhecer";"Crescente";"Nublado";"Dupla";"Declive";"Sim";1;0;0;0;1;0;0;1;-7,179652;-34,900417;"SPRF-PB";"DEL01-PB";"UOP01-DEL01-PB"
217619;2019-06-24;"segunda-feira";"05:40:00";"PB";230;75,8;"SOBRADO";"Condutor Dormindo";"Capotamento";"Com Vítimas Feridas";"Amanhecer";"Crescente";"Céu Claro";"Dupla";"Reta";"Não";1;0;0;1;0;0;1;1;-7,1908;-35,2682;"SPRF-PB";"DEL01-PB";"UOP03-DEL01-PB"
217620;2019-06-24;"segunda-feira";"06:03:00";"SC";470;33;"GASPAR";"Desobediência às normas de trânsito pelo condutor";"Colisão lateral";"Com Vítimas Feridas";"Amanhecer";"Decrescente";"Céu Claro";"Simples";"Reta";"Não";2;0;0;1;1;0;1;2;-26,906223;-48,940575;"SPRF-SC";"DEL04-SC";"UOP01-DEL04-SC"
217621;2019-06-24;"segunda-feira";"06:00:00";"MG";40;407,6;"CURVELO";"Velocidade Incompatível";"Saída de leito carroçável";"Com Vítimas Feridas";"Amanhecer";"Decrescente";"Céu Claro";"Simples";"Reta";"Não";1;0;1;0;0;0;1;1;-19,09225393;-44,65330954;"SPRF-MG";"DEL02-MG";"UOP01-DEL02-MG"
217622;2019-06-24;"segunda-feira";"05:57:00";"ES";101;308,7;"VIANA";"Defeito Mecânico no Veículo";"Saída de leito carroçável";"Com Vítimas Feridas";"Amanhecer";"Decrescente";"Céu Claro";"Simples";"Reta";"Não";11;0;7;3;1;0;10;1;-20,40809191;-40,45835336;"SPRF-ES";"DEL03-ES";"UOP01-DEL03-ES"
217623;2019-06-24;"segunda-feira";"05:50:00";"RS";116;269;"CANOAS";"Falta de Atenção à Condução";"Colisão com objeto estático";"Com Vítimas Feridas";"Amanhecer";"Decrescente";"Céu Claro";"Dupla";"Reta";"Sim";2;0;1;0;1;0;1;1;-29,95942501;-51,17608515;"SPRF-RS";"DEL01-RS";"UOP01-DEL01-RS"
217625;2019-06-24;"segunda-feira";"05:45:00";"TO";153;31,9;"XAMBIOA";"Não guardar distância de segurança";"Colisão traseira";"Com Vítimas Fatais";"Amanhecer";"Decrescente";"Ignorado";"Simples";"Aclive";"Não";2;1;0;0;1;0;0;2;-6,5891592;-48,38191925;"SPRF-TO";"DEL02-TO";"UOP01-DEL02-TO"
217626;2019-06-24;"segunda-feira";"06:00:00";"SP";116;444;"REGISTRO";"Falta de Atenção à Condução";"Colisão lateral";"Com Vítimas Feridas";"Pleno dia";"Decrescente";"Nublado";"Simples";"Declive";"Sim";5;0;4;0;0;1;4;2;-24,49129421;-47,83614553;"SPRF-SP";"DEL05-SP";"UOP01-DEL05-SP"
217628;2019-06-24;"segunda-feira";"06:20:00";"PR";116;126,8;"FAZENDA RIO GRANDE";"Falta de Atenção à Condução";"Colisão lateral";"Com Vítimas Feridas";"Pleno dia";"Decrescente";"Nublado";"Dupla";"Reta";"Sim";2;0;1;0;1;0;1;2;-25,64627535;-49,31255758;"SPRF-PR";"DEL01-PR";"UOP03-DEL01-PR"
217629;2019-06-24;"segunda-feira";"06:10:00";"AL";104;72,9;"MESSIAS";"Velocidade Incompatível";"Saída de leito carroçável";"Com Vítimas Feridas";"Pleno dia";"Crescente";"Chuva";"Simples";"Curva";"Não";8;0;1;6;1;0;7;1;-9,36295794;-35,84986962;"SPRF-AL";"DEL01-AL";"UOP02-DEL01-AL"
217630;2019-06-24;"segunda-feira";"06:20:00";"MG";40;526;"CONTAGEM";"Pista Escorregadia";"Queda de ocupante de veículo";"Com Vítimas Feridas";"Amanhecer";"Decrescente";"Nublado";"Múltipla";"Reta";"Sim";1;0;1;0;0;0;1;1;-19,88361702;-44,05039336;"SPRF-MG";"DEL01-MG";"UOP02-DEL01-MG"
217646;2019-06-24;"segunda-feira";"05:40:00";"PR";277;675;"MEDIANEIRA";"Avarias e/ou desgaste excessivo no pneu";"Saída de leito carroçável";"Com Vítimas Feridas";"Amanhecer";"Decrescente";"Céu Claro";"Dupla";"Reta";"Sim";1;0;1;0;0;0;1;1;-25,29891949;-54,12338731;"SPRF-PR";"DEL05-PR";"UOP01-DEL05-PR"
217647;2019-06-24;"segunda-feira";"06:50:00";"AP";210;1;"MACAPA";"Ingestão de Álcool";"Atropelamento de Pedestre";"Com Vítimas Feridas";"Amanhecer";"Crescente";"Chuva";"Dupla";"Reta";"Sim";2;0;0;2;0;0;2;2;0,07816717;-51,06998693;"SPRF-AP";"DEL01-AP";"UOP01-DEL01-AP"
217648;2019-06-24;"segunda-feira";"07:00:00";"PR";376;191,4;"MARIALVA";"Avarias e/ou desgaste excessivo no pneu";"Queda de ocupante de veículo";"Com Vítimas Feridas";"Pleno dia";"Decrescente";"Céu Claro";"Dupla";"Aclive";"Não";2;0;2;0;0;0;2;1;-23,48310545;-51,82141542;"SPRF-PR";"DEL07-PR";"UOP01-DEL09-PR"
217649;2019-06-24;"segunda-feira";"07:15:00";"MG";381;482,9;"BETIM";"Defeito Mecânico no Veículo";"Queda de ocupante de veículo";"Com Vítimas Feridas";"Pleno dia";"Decrescente";"Céu Claro";"Dupla";"Curva";"Sim";1;0;1;0;0;0;1;1;-19,955532;-44,097209;"SPRF-MG";"DEL01-MG";"UOP03-DEL01-MG"
217663;2019-06-24;"segunda-feira";"07:30:00";"SC";101;198,4;"BIGUACU";"Falta de Atenção à Condução";"Colisão traseira";"Com Vítimas Feridas";"Pleno dia";"Crescente";"Céu Claro";"Múltipla";"Reta";"Sim";2;0;1;0;1;0;1;2;-27,52658712;-48,63506019;"SPRF-SC";"DEL01-SC";"UOP01-DEL01-SC"