"id";"data_inversa";"dia_semana";"horario";"uf";"br";"km";"municipio";"causa_acidente";"tipo_acidente";"classificacao_acidente";"fase_dia";"sentido_via";"condicao_metereologica";"tipo_pista";"tracado_via";"uso_solo";"pessoas";"mortos";"feridos_leves";"feridos_graves";"ilesos";"ignorados";"feridos";"veiculos";"latitude";"longitude";"regional";"delegacia";"uop"
217664;2019-06-24;"segunda-feira";"05:45:00";"PB";230;42;"SANTA RITA";"Não guardar distância de segurança";"Colisão traseira";"Sem Vítimas";"Amanhecer";"Decrescente";"Céu Claro";"Dupla";"Declive";"Não";2;0;0;0;2;0;0;2;-7,1426;-34,9956;"SPRF-PB";"DEL01-PB";"UOP03-DEL01-PB"
217665;2019-06-19;"quarta-feira";"17:45:00";"RJ";0;0;"RIO DE JANEIRO";"Não guardar distância de segurança";"Colisão traseira";"Com Vítimas Feridas";"Anoitecer";"Não Informado";"Céu Claro";"Múltipla";"Curva;Viaduto";"Sim";4;0;2;0;1;1;2;4;-22,87710438;-43,2762534;"N/A";"N/A";"N/A"
217666;2019-06-24;"segunda-feira";"06:20:00";"SC";470;225,2;"SAO CRISTOVAO DO SUL";"Velocidade Incompatível";"Capotamento";"Com Vítimas Feridas";"Amanhecer";"Decrescente";"Céu Claro";"Simples";"Curva";"Não";1;0;1;0;0;0;1;1;-27,328018;-50,351475;"SPRF-SC";"DEL05-SC";"UOP03-DEL05-SC"
217667;2019-06-24;"segunda-feira";"07:40:00";"PR";376;175,3;"MARINGA";"Falta de Atenção à Condução";"Colisão lateral";"Com Vítimas Feridas";"Pleno dia";"Crescente";"Céu Claro";"Dupla";"Reta";"Sim";2;0;1;0;1;0;1;2;-23,4113569;-51,9407767;"SPRF-PR";"DEL07-PR";"UOP01-DEL09-PR"
217668;2019-06-24;"segunda-feira";"06:50:00";"PB";230;171,5;"CAMPINA GRANDE";"Ingestão de Álcool";"Colisão traseira";"Com Vítimas Feridas";"Pleno dia";"Crescente";"Céu Claro";"Simples";"Reta";"Sim";2;0;2;0;0;0;2;2;-7,18;-35,9938;"SPRF-PB";"DEL02-PB";"UOP02-DEL02-PB"
217670;2019-06-24;"segunda-feira";"07:45:00";"MG";381;499,7;"BETIM";"Não guardar distância de segurança";"Colisão traseira";"Com Vítimas Feridas";"Amanhecer";"Decrescente";"Céu Claro";"Dupla";"Reta";"Sim";3;0;1;0;2;0;1;2;-20,01792651;-44,2261448;"SPRF-MG";"DEL01-MG";"UOP03-DEL01-MG"
217671;2019-06-24;"segunda-feira";"08:20:00";"PR";369;187,5;"ARAPONGAS";"Falta de Atenção à Condução";"Atropelamento de Pedestre";"Com Vítimas Feridas";"Pleno dia";"Decrescente";"Céu Claro";"Simples";"Interseção de Vias";"Sim";3;0;2;0;0;1;2;2;-23,42387355;-51,42391205;"SPRF-PR";"DEL07-PR";"UOP03-DEL07-PR"
217672;2019-06-24;"segunda-feira";"07:20:00";"PI";343;347,5;"TERESINA";"Não guardar distância de segurança";"Colisão traseira";"Com Vítimas Feridas";"Pleno dia";"Crescente";"Céu Claro";"Simples";"Reta";"Sim";2;0;1;0;1;0;1;2;-5,114822;-42,778355;"SPRF-PI";"DEL01-PI";"UOP01-DEL01-PI"
217673;2019-06-08;"sábado";"19:10:00";"SC";101;114,7;"ITAJAI";"Ingestão de Álcool";"Saída de leito carroçável";"Sem Vítimas";"Plena Noite";"Decrescente";"Céu Claro";"Dupla";"Reta";"Sim";1;0;0;0;1;0;0;1;-26,86192886;-48,7286704;"SPRF-SC";"DEL04-SC";"UOP04-DEL04-SC"
217674;2019-06-24;"segunda-feira";"08:28:00";"MG";365;650,7;"UBERLANDIA";"Defeito Mecânico no Veículo";"Queda de ocupante de veículo";"Com Vítimas Feridas";"Pleno dia";"Crescente";"Céu Claro";"Dupla";"Reta;Aclive";"Não";2;0;1;0;1;0;1;1;-18,86933815;-48,55889003;"SPRF-MG";"DEL15-MG";"UOP01-DEL15-MG"
217677;2019-06-24;"segunda-feira";"06:25:00";"CE";222;266;"COREAU";"Desobediência às normas de trânsito pelo condutor";"Colisão lateral";"Sem Vítimas";"Pleno dia";"Crescente";"Céu Claro";"Simples";"Reta";"Não";2;0;0;0;2;0;0;2;-3,74986575;-40,70255303;"SPRF-CE";"DEL04-CE";"UOP02-DEL04-CE"
217679;2019-06-24;"segunda-feira";"07:20:00";"SC";470;143,3;"RIO DO SUL";"Falta de Atenção à Condução";"Colisão transversal";"Com Vítimas Feridas";"Pleno dia";"Decrescente";"Nevoeiro/Neblina";"Simples";"Rotatória";"Não";2;0;1;0;1;0;1;2;-27,22126684;-49,66061896;"SPRF-SC";"DEL04-SC";"UOP02-DEL04-SC"
217680;2019-06-24;"segunda-feira";"06:40:00";"PI";343;4,7;"TERESINA";"Falta de Atenção à Condução";"Colisão traseira";"Com Vítimas Feridas";"Pleno dia";"Decrescente";"Céu Claro";"Múltipla";"Reta";"Sim";2;0;1;0;0;1;1;2;-5,08092015;-42,79128671;"SPRF-PI";"DEL05-PI";"UOP01-DEL05-PI"
217681;2019-06-24;"segunda-feira";"08:00:00";"RS";290;100,2;"PORTO ALEGRE";"Falta de Atenção do Pedestre";"Atropelamento de Pedestre";"Com Vítimas Feridas";"Pleno dia";"Decrescente";"Céu Claro";"Dupla";"Reta";"Sim";3;0;0;1;0;2;1;2;-29,98698082;-51,24177933;"SPRF-RS";"DEL01-RS";"UOP01-DEL01-RS"
217682;2019-06-24;"segunda-feira";"08:35:00";"RN";101;108;"PARNAMIRIM";"Avarias e/ou desgaste excessivo no pneu";"Tombamento";"Com Vítimas Feridas";"Pleno dia";"Decrescente";"Sol";"Dupla";"Interseção de Vias";"Sim";2;0;1;1;0;0;2;1;-5,92825102;-35,26465683;"SPRF-RN";"DEL01-RN";"UOP01-DEL01-RN"
217683;2019-06-24;"segunda-feira";"08:00:00";"PR";116;116;"CURITIBA";"Falta de Atenção à Condução";"Colisão traseira";"Com Vítimas Feridas";"Pleno dia";"Decrescente";"Céu Claro";"Dupla";"Reta";"Sim";2;0;0;1;1;0;1;2;-25,55468195;-49,27402397;"SPRF-PR";"DEL01-PR";"UOP03-DEL01-PR"
217684;2019-05-27;"segunda-feira";"17:30:00";"SC";101;115,9;"ITAJAI";"Falta de Atenção à Condução";"Colisão transversal";"Com Vítimas Feridas";"Anoitecer";"Decrescente";"Nublado";"Dupla";"Reta";"Não";2;0;0;2;0;0;2;2;-26,88794734;-48,72041702;"SPRF-SC";"DEL04-SC";"UOP04-DEL04-SC"
217685;2019-06-24;"segunda-feira";"09:00:00";"GO";20;15,1;"FORMOSA";"Falta de Atenção à Condução";"Engavetamento";"Com Vítimas Feridas";"Pleno dia";"Decrescente";"Céu Claro";"Simples";"Aclive";"Não";4;0;1;0;3;0;1;3;-15,564807;-47,222622;"SPRF-DF";"DEL02-DF";"UOP01-DEL02-DF"
217686;2019-06-24;"segunda-feira";"09:05:00";"SP";116;3,4;"QUELUZ";"Condutor Dormindo";"Capotamento";"Com Vítimas Feridas";"Pleno dia";"Decrescente";"Nublado";"Dupla";"Reta";"Não";4;0;1;3;0;0;4;1;-22,52383208;-44,72621799;"SPRF-SP";"DEL08-SP";"UOP02-DEL08-SP"
217687;2019-06-24;"segunda-feira";"08:30:00";"ES";101;269,9;"SERRA";"Falta de Atenção à Condução";"Tombamento";"Com Vítimas Feridas";"Pleno dia";"Crescente";"Sol";"Dupla";"Reta";"Sim";2;0;2;0;0;0;2;1;-20,21740496;-40,26990578;"SPRF-ES";"DEL02-ES";"UOP01-DEL02-ES"
217689;2019-06-23;"domingo";"21:00:00";"RR";174;26;"BOA VISTA";"Falta de Atenção à Condução";"Saída de leito carroçável";"Com Vítimas Feridas";"Plena Noite";"Decrescente";"Chuva";"Simples";"Reta";"Não";2;0;1;0;0;1;1;2;2,946707;-60,7505315;"SPRF-RR";"DEL01-RR";"UOP01-DEL01-RR"
217690;2019-06-24;"segunda-feira";"06:00:00";"PE";232;82,4;"GRAVATA";"Falta de Atenção à Condução";"Colisão com objeto estático";"Com Vítimas Feridas";"Pleno dia";"Crescente";"Céu Claro";"Simples";"Reta";"Sim";1;0;1;0;0;0;1;1;-8,19905415;-35,58715194;"SPRF-PE";"DEL01-PE";"UOP02-DEL02PE"
217691;2019-04-20;"sábado";"10:15:00";"RJ";493;122;"ITAGUAI";"Falta de Atenção à Condução";"Colisão traseira";"Com Vítimas Feridas";"Pleno dia";"Decrescente";"Céu Claro";"Dupla";"Declive";"Não";3;0;3;0;0;0;3;2;-22,89415479;-43,82382989;"SPRF-RJ";"DEL03-RJ";"UOP01-DEL03-RJ"
217692;2019-06-24;"segunda-feira";"09:30:00";"PA";222;210;"BOM JESUS DO TOCANTINS";"Falta de Atenção à Condução";"Saída de leito carroçável";"Com Vítimas Feridas";"Pleno dia";"Crescente";"Céu Claro";"Simples";"Reta";"Não";2;0;1;0;1;0;1;1;-5,162574;-48,911507;"SPRF-PA";"DEL03-PA";"UOP01-DEL03-PA"
217693;2019-06-24;"segunda-feira";"09:20:00";"MG";381;704,3;"LAVRAS";"Velocidade Incompatível";"Colisão com objeto estático";"Com Vítimas Feridas";"Pleno dia";"Crescente";"Céu Claro";"Dupla";"Curva";"Não";2;0;1;0;1;0;1;1;-21,34177704;-45,17643719;"SPRF-MG";"DEL04-MG";"UOP02-DEL04-MG"
217694;2019-06-24;"segunda-feira";"09:40:00";"MG";381;501;"BETIM";"Falta de Atenção à Condução";"Colisão lateral";"Com Vítimas Feridas";"Pleno dia";"Crescente";"Céu Claro";"Dupla";"Reta";"Sim";2;0;1;0;1;0;1;2;-20,03146447;-44,2377893;"SPRF-MG";"DEL01-MG";"UOP03-DEL01-MG"
217695;2019-06-24;"segunda-feira";"09:15:00";"MG";40;624,6;"CONSELHEIRO LAFAIETE";"Condutor Dormindo";"Saída de leito carroçável";"Com Vítimas Feridas";"Pleno dia";"Decrescente";"Sol";"Simples";"Declive;Reta";"Não";5;0;3;0;2;0;3;1;-20,61105611;-43,80635422;"SPRF-MG";"DEL05-MG";"UOP02-DEL05-MG"
217702;2019-06-24;"segunda-feira";"10:45:00";"SC";101;205;"SAO JOSE";"Não guardar distância de segurança";"Colisão traseira";"Sem Vítimas";"Pleno dia";"Decrescente";"Céu Claro";"Dupla";"Reta";"Sim";3;0;0;0;2;1;0;3;-27,58313237;-48,61532885;"SPRF-SC";"DEL01-SC";"UOP01-DEL01-SC"
217704;2019-06-24;"segunda-feira";"11:00:00";"SC";101;210;"SAO JOSE";"Não guardar distância de segurança";"Colisão traseira";"Com Vítimas Feridas";"Pleno dia";"Decrescente";"Céu Claro";"Dupla";"Reta";"Sim";2;0;0;1;1;0;1;2;-27,6167305;-48,6457265;"SPRF-SC";"DEL01-SC";"UOP01-DEL01-SC"
217705;2019-06-24;"segunda-feira";"09:30:00";"MA";230;1;"BARAO DE GRAJAU";"Ingestão de Álcool";"Colisão transversal";"Com Vítimas Feridas";"Pleno dia";"Decrescente";"Céu Claro";"Simples";"Reta";"Sim";2;0;1;0;1;0;1;2;-6,75491021;-43,01659198;"SPRF-PI";"DEL03-PI";"UOP01-DEL03-PI"
217706;2019-06-24;"segunda-feira";"10:40:00";"PA";155;343;"MARABA";"Falta de Atenção à Condução";"Colisão lateral";"Sem Vítimas";"Pleno dia";"Crescente";"Céu Claro";"Simples";"Reta";"Não";2;0;0;0;2;0;0;2;-5,36957395;-49,07796968;"SPRF-PA";"DEL03-PA";"UOP01-DEL03-PA"
217707;2019-06-24;"segunda-feira";"11:00:00";"SP";101;48;"UBATUBA";"Falta de Atenção à Condução";"Colisão traseira";"Sem Vítimas";"Pleno dia";"Decrescente";"Sol";"Simples";"Reta";"Sim";2;0;0;0;2;0;0;2;-23,43605176;-45,08780848;"SPRF-SP";"DEL06-SP";"UOP01-DEL06-SP"
217709;2019-06-24;"segunda-feira";"10:00:00";"PR";277;44;"MORRETES";"Falta de Atenção à Condução";"Engavetamento";"Com Vítimas Feridas";"Pleno dia";"Crescente";"Céu Claro";"Dupla";"Aclive";"Não";5;0;1;0;4;0;1;4;-25,57846682;-48,86174512;"SPRF-PR";"DEL01-PR";"UOP07-DEL01-PR"
217712;2019-06-24;"segunda-feira";"10:00:00";"BA";367;127;"ITAGIMIRIM";"Velocidade Incompatível";"Capotamento";"Com Vítimas Feridas";"Pleno dia";"Crescente";"Chuva";"Simples";"Aclive;Curva";"Não";2;0;0;1;1;0;1;1;-16,08879617;-39,61867931;"SPRF-BA";"DEL09-BA";"UOP01-DEL09-BA"
217714;2019-06-24;"segunda-feira";"11:45:00";"ES";262;0,9;"CARIACICA";"Desobediência às normas de trânsito pelo condutor";"Colisão lateral";"Com Vítimas Feridas";"Pleno dia";"Crescente";"Céu Claro";"Dupla";"Ponte";"Sim";2;0;1;0;0;1;1;2;-20,320793;-40,353315;"SPRF-ES";"DEL01-ES";"UOP01-DEL01-ES"
217716;2019-06-24;"segunda-feira";"12:00:00";"SP";116;446;"REGISTRO";"Falta de Atenção à Condução";"Colisão transversal";"Com Vítimas Feridas";"Pleno dia";"Decrescente";"Céu Claro";"Dupla";"Reta";"Sim";3;0;1;0;2;0;1;2;-24,50467087;-47,84772743;"SPRF-SP";"DEL05-SP";"UOP01-DEL05-SP"
217717;2019-06-24;"segunda-feira";"07:25:00";"MG";262;615;"IBIA";"Velocidade Incompatível";"Saída de leito carroçável";"Com Vítimas Feridas";"Pleno dia";"Crescente";"Céu Claro";"Simples";"Curva";"Não";1;0;1;0;0;0;1;1;-19,58551007;-46,32494606;"SPRF-MG";"DEL08-MG";"UOP02-DEL08-MG"
217718;2019-06-24;"segunda-feira";"12:30:00";"SC";101;155;"PORTO BELO";"Desobediência às normas de trânsito pelo condutor";"Colisão lateral";"Com Vítimas Feridas";"Pleno dia";"Crescente";"Sol";"Dupla";"Curva";"Não";2;0;1;0;1;0;1;2;-27,16292;-48,61129;"SPRF-SC";"DEL04-SC";"UOP03-DEL04-SC"
217720;2019-06-24;"segunda-feira";"10:30:00";"BA";101;487;"ITAJUIPE";"Defeito Mecânico no Veículo";"Saída de leito carroçável";"Com Vítimas Feridas";"Pleno dia";"Crescente";"Nublado";"Simples";"Curva";"Não";1;0;1;0;0;0;1;1;-14,67405457;-39,35668126;"SPRF-BA";"DEL05-BA";"UOP01-DEL05-BA"
217721;2019-06-24;"segunda-feira";"09:50:00";"RJ";101;330;"RIO DE JANEIRO";"Falta de Atenção à Condução";"Colisão lateral";"Com Vítimas Feridas";"Pleno dia";"Crescente";"Céu Claro";"Múltipla";"Reta";"Não";2;0;1;0;1;0;1;2;-22,8684989;-43,18548699;"SPRF-RJ";"DEL02-RJ";"UOP02-DEL02-RJ"
217722;2019-04-12;"sexta-feira";"23:15:00";"RN";101;104;"PARNAMIRIM";"Pista Escorregadia";"Queda de ocupante de veículo";"Com Vítimas Feridas";"Plena Noite";"Crescente";"Céu Claro";"Dupla";"Curva";"Sim";1;0;0;1;0;0;1;1;-5,892745;-35,257225;"SPRF-RN";"DEL01-RN";"UOP01-DEL01-RN"
217723;2019-06-24;"segunda-feira";"12:00:00";"PI";343;345,5;"TERESINA";"Desobediência às normas de trânsito pelo condutor";"Colisão transversal";"Com Vítimas Feridas";"Pleno dia";"Decrescente";"Céu Claro";"Múltipla";"Interseção de Vias";"Sim";2;0;1;0;1;0;1;2;-5,102889;-42,766506;"SPRF-PI";"DEL01-PI";"UOP01-DEL01-PI"
217724;2019-06-24;"segunda-feira";"11:21:00";"SP";153;229;"MARILIA";"Falta de Atenção à Condução";"Engavetamento";"Com Vítimas Feridas";"Pleno dia";"Crescente";"Céu Claro";"Simples";"Aclive";"Não";4;0;1;0;3;0;1;3;-22,076649;-49,90128417;"SPRF-SP";"DEL07-SP";"UOP02-DEL07-SP"
217725;2019-06-24;"segunda-feira";"12:30:00";"SC";101;209;"SAO JOSE";"Não guardar distância de segurança";"Colisão traseira";"Com Vítimas Feridas";"Pleno dia";"Decrescente";"Céu Claro";"Dupla";"Reta";"Sim";2;0;1;0;1;0;1;2;-27,61000542;-48,63895057;"SPRF-SC";"DEL01-SC";"UOP01-DEL01-SC"
217727;2019-06-24;"segunda-feira";"11:00:00";"PR";153;337,3;"IRATI";"Falta de Atenção à Condução";"Colisão traseira";"Com Vítimas Feridas";"Pleno dia";"Crescente";"Céu Claro";"Simples";"Reta";"Sim";6;0;4;0;2;0;4;3;-25,50616511;-50,6512107;"SPRF-PR";"DEL03-PR";"UOP02-DEL08-PR"
217728;2019-06-24;"segunda-feira";"13:00:00";"DF";20;3,6;"BRASILIA";"Falta de Atenção à Condução";"Colisão traseira";"Com Vítimas Feridas";"Pleno dia";"Decrescente";"Sol";"Dupla";"Reta";"Sim";2;0;1;0;1;0;1;2;-15,679851;-47,832211;"SPRF-DF";"DEL02-DF";"UOP01-DEL02-DF"
217731;2019-06-24;"segunda-feira";"13:10:00";"PE";408;105;"JABOATAO DOS GUARARAPES";"Ingestão de álcool e/ou substâncias psicoativas pelo pedestre";"Atropelamento de Pedestre";"Com Vítimas Feridas";"Pleno dia";"Decrescente";"Nublado";"Múltipla";"Curva";"Sim";4;0;1;0;3;0;1;2;-8,08014553;-34,99041438;"SPRF-PE";"DEL01-PE";"UOP01-DEL01-PE"
217732;2019-06-24;"segunda-feira";"13:31:00";"RN";101;78;"NATAL";"Falta de Atenção à Condução";"Colisão frontal";"Com Vítimas Feridas";"Pleno dia";"Decrescente";"Céu Claro";"Dupla";"Reta";"Sim";2;0;0;1;1;0;1;2;-5,74071896;-35,29021064;"SPRF-RN";"DEL02-RN";"UOP01-DEL02-RN"
217733;2019-06-24;"segunda-feira";"13:30:00";"MG";381;921,9;"CAMANDUCAIA";"Falta de Atenção à Condução";"Capotamento";"Com Vítimas Feridas";"Pleno dia";"Decrescente";"Céu Claro";"Dupla";"Curva";"Não";2;0;2;0;0;0;2;1;-22,7680939;-46,20854399;"SPRF-MG";"DEL16-MG";"UOP03-DEL16-MG"
217736;2019-06-24;"segunda-feira";"13:15:00";"SC";282;618;"IRACEMINHA";"Falta de Atenção à Condução";"Colisão transversal";"Com Vítimas Feridas";"Pleno dia";"Crescente";"Céu Claro";"Simples";"Retorno Regulamentado;Reta;Em Obras";"Não";2;0;1;0;1;0;1;2;-26,788088;-53,293259;"SPRF-SC";"DEL07-SC";"UOP02-DEL07-SC"
217737;2019-06-24;"segunda-feira";"13:40:00";"PR";369;522,8;"CASCAVEL";"Falta de Atenção à Condução";"Colisão transversal";"Com Vítimas Feridas";"Pleno dia";"Crescente";"Sol";"Simples";"Reta";"Não";3;0;2;0;0;1;2;2;-24,9408;-53,3978;"SPRF-PR";"DEL04-PR";"UOP01-DEL04-PR"
217738;2019-06-24;"segunda-feira";"13:20:00";"GO";40;3;"VALPARAISO DE GOIAS";"Velocidade Incompatível";"Colisão com objeto estático";"Com Vítimas Feridas";"Pleno dia";"Crescente";"Sol";"Dupla";"Reta";"Sim";3;0;1;0;2;0;1;2;-16,076081;-47,985671;"SPRF-DF";"DEL01-DF";"UOP01-DEL01-DF"
217740;2019-06-24;"segunda-feira";"14:15:00";"AL";104;93,7;"RIO LARGO";"Falta de Atenção à Condução";"Colisão transversal";"Com Vítimas Feridas";"Pleno dia";"Decrescente";"Céu Claro";"Dupla";"Reta";"Não";2;0;0;1;1;0;1;2;-9,52891696;-35,79807693;"SPRF-AL";"N/A";"N/A"
217742;2019-06-24;"segunda-feira";"13:20:00";"RR";174;503;"BOA VISTA";"Desobediência às normas de trânsito pelo condutor";"Colisão traseira";"Com Vítimas Feridas";"Pleno dia";"Decrescente";"Céu Claro";"Simples";"Rotatória";"Sim";3;0;1;0;2;0;1;2;2,805568;-60,69121426;"SPRF-RR";"DEL01-RR";"UOP01-DEL01-RR"
217743;2019-06-04;"terça-feira";"16:10:00";"SP";116;221;"GUARULHOS";"Pista Escorregadia";"Tombamento";"Com Vítimas Feridas";"Pleno dia";"Crescente";"Céu Claro";"Múltipla";"Curva";"Sim";1;0;1;0;0;0;1;1;-23,46802395;-46,50704901;"SPRF-SP";"DEL01-SP";"UOP01-DEL01-SP"
217744;2019-06-24;"segunda-feira";"14:25:00";"RJ";40;109;"DUQUE DE CAXIAS";"Pista Escorregadia";"Tombamento";"Com Vítimas Feridas";"Pleno dia";"Crescente";"Céu Claro";"Múltipla";"Curva";"Sim";1;0;1;0;0;0;1;1;-22,67374628;-43,28638368;"SPRF-RJ";"DEL01-RJ";"UOP01-DEL01-RJ"
217745;2019-06-24;"segunda-feira";"14:30:00";"SC";470;63,8;"INDAIAL";"Falta de Atenção à Condução";"Colisão transversal";"Com Vítimas Fatais";"Pleno dia";"Crescente";"Céu Claro";"Simples";"Reta";"Não";3;1;2;0;0;0;2;2;-26,872396;-49,19228;"SPRF-SC";"DEL04-SC";"UOP01-DEL04-SC"
217747;2019-06-24;"segunda-feira";"14:50:00";"GO";153;438,2;"ANAPOLIS";"Defeito Mecânico no Veículo";"Colisão com objeto estático";"Com Vítimas Feridas";"Pleno dia";"Crescente";"Céu Claro";"Dupla";"Curva";"Sim";1;0;1;0;0;0;1;1;-16,291595;-48,934811;"SPRF-GO";"DEL02-GO";"UOP01-DEL02-GO"
217748;2019-06-24;"segunda-feira";"15:00:00";"SC";101;207;"SAO JOSE";"Não guardar distância de segurança";"Colisão traseira";"Com Vítimas Feridas";"Pleno dia";"Decrescente";"Céu Claro";"Dupla";"Reta";"Não";2;0;1;0;1;0;1;2;-27,60001226;-48,6226467;"SPRF-SC";"DEL01-SC";"UOP01-DEL01-SC"
217749;2019-06-24;"segunda-feira";"14:31:00";"BA";101;222,4;"CRUZ DAS ALMAS";"Desobediência às normas de trânsito pelo condutor";"Colisão lateral";"Com Vítimas Feridas";"Pleno dia";"Decrescente";"Nublado";"Simples";"Rotatória";"Sim";5;0;2;0;3;0;2;2;-12,67852563;-39,13742065;"SPRF-BA";"DEL01-BA";"UOP02-DEL01-BA"
217750;2019-04-28;"domingo";"17:00:00";"AC";364;161;"BUJARI";"Defeito na Via";"Queda de ocupante de veículo";"Com Vítimas Feridas";"Anoitecer";"Decrescente";"Céu Claro";"Simples";"Reta";"Não";2;0;2;0;0;0;2;1;-9,81699089;-67,97618866;"SPRF-AC";"DEL01-AC";"UOP01-DEL01-AC"
217751;2019-06-24;"segunda-feira";"11:40:00";"PR";0;0;"GUAIRA";"Desobediência às normas de trânsito pelo condutor";"Colisão traseira";"Com Vítimas Feridas";"Pleno dia";"Não Informado";"Céu Claro";"Simples";"Reta";"Não";3;0;1;0;2;0;1;2;-24,24852973;-54,2564106;"SPRF-PR";"DEL06-PR";"UAP01-DEL06-PR"
217753;2019-06-24;"segunda-feira";"15:00:00";"PR";277;582;"CASCAVEL";"Falta de Atenção à Condução";"Queda de ocupante de veículo";"Sem Vítimas";"Pleno dia";"Crescente";"Céu Claro";"Simples";"Declive";"Não";1;0;0;0;1;0;0;1;-24,97675228;-53,38623215;"SPRF-PR";"DEL04-PR";"UOP01-DEL04-PR"
217754;2019-02-04;"segunda-feira";"05:00:00";"MA";316;191;"ZE DOCA";"Ingestão de Álcool";"Colisão traseira";"Com Vítimas Fatais";"Amanhecer";"Decrescente";"Céu Claro";"Simples";"Reta";"Sim";4;3;0;0;1;0;0;2;-3,29457998;-45,65782888;"SPRF-MA";"DEL02-MA";"UOP02-DEL02-MA"
217756;2019-06-24;"segunda-feira";"12:30:00";"MS";163;375;"NOVA ALVORADA DO SUL";"Defeito Mecânico no Veículo";"Incêndio";"Sem Vítimas";"Pleno dia";"Crescente";"Céu Claro";"Simples";"Reta";"Não";2;0;0;0;2;0;0;1;-21,3846679;-54,4105737;"SPRF-MS";"DEL02-MS";"UOP01-DEL02-MS"
217758;2019-06-24;"segunda-feira";"15:20:00";"PA";163;1005;"SANTAREM";"Falta de Atenção à Condução";"Colisão transversal";"Com Vítimas Feridas";"Pleno dia";"Crescente";"Sol";"Dupla";"Interseção de Vias";"Sim";4;0;2;0;2;0;2;2;-2,42943608;-54,73462738;"SPRF-PA";"DEL05-PA";"UOP01-DEL05-PA"
217760;2019-06-24;"segunda-feira";"14:40:00";"RJ";116;143,9;"DUQUE DE CAXIAS";"Pista Escorregadia";"Queda de ocupante de veículo";"Com Vítimas Feridas";"Pleno dia";"Decrescente";"Céu Claro";"Simples";"Curva";"Sim";2;0;2;0;0;0;2;1;-22,67270903;-43,28716278;"SPRF-RJ";"DEL04-RJ";"UOP02-DEL04-RJ"
217761;2019-06-24;"segunda-feira";"14:00:00";"RN";101;109;"PARNAMIRIM";"Ingestão de Álcool";"Colisão frontal";"Com Vítimas Feridas";"Pleno dia";"Crescente";"Céu Claro";"Dupla";"Reta";"Sim";2;0;1;0;1;0;1;2;-5,937378;-35,26483;"SPRF-RN";"DEL01-RN";"UOP01-DEL01-RN"
217764;2019-06-24;"segunda-feira";"15:25:00";"SE";101;196,2;"CRISTINAPOLIS";"Falta de Atenção à Condução";"Colisão frontal";"Com Vítimas Feridas";"Pleno dia";"Decrescente";"Céu Claro";"Simples";"Declive;Curva";"Não";6;0;1;5;0;0;6;2;-11,46225469;-37,74281194;"SPRF-SE";"DEL02-SE";"UOP03-DEL02-SE"
217765;2019-06-24;"segunda-feira";"14:40:00";"PB";230;157;"CAMPINA GRANDE";"Falta de Atenção à Condução";"Colisão transversal";"Com Vítimas Feridas";"Pleno dia";"Decrescente";"Céu Claro";"Simples";"Reta";"Sim";4;0;2;0;2;0;2;3;-7,264;-35,9199;"SPRF-PB";"DEL02-PB";"UOP01-DEL02-PB"
217766;2019-06-09;"domingo";"07:00:00";"PR";158;536;"PATO BRANCO";"Animais na Pista";"Saída de leito carroçável";"Com Vítimas Feridas";"Amanhecer";"Decrescente";"Céu Claro";"Simples";"Rotatória";"Não";1;0;1;0;0;0;1;1;-26,24248639;-52,69697646;"SPRF-PR";"DEL02-PR";"UOP01-DEL02-PR"
217769;2019-06-24;"segunda-feira";"15:20:00";"RJ";465;15;"NOVA IGUACU";"Desobediência às normas de trânsito pelo condutor";"Colisão lateral";"Com Vítimas Feridas";"Pleno dia";"Crescente";"Céu Claro";"Simples";"Reta";"Não";2;0;1;0;1;0;1;2;-22,810925;-43,631504;"SPRF-RJ";"DEL01-RJ";"UOP01-DEL01-MS"
217771;2019-06-24;"segunda-feira";"16:10:00";"CE";222;1,5;"FORTALEZA";"Falta de Atenção à Condução";"Colisão lateral";"Com Vítimas Feridas";"Pleno dia";"Decrescente";"Sol";"Múltipla";"Reta";"Sim";2;0;1;1;0;0;2;2;-3,737804;-38,578061;"SPRF-CE";"DEL01-CE";"UOP01-DEL01-CE"
217772;2019-06-24;"segunda-feira";"12:20:00";"MG";116;413,4;"GOVERNADOR VALADARES";"Falta de Atenção à Condução";"Colisão transversal";"Com Vítimas Feridas";"Pleno dia";"Decrescente";"Céu Claro";"Simples";"Reta";"Sim";3;0;2;0;1;0;2;2;-18,873907;-41,966366;"SPRF-MG";"DEL06-MG";"UOP01-DEL06-MG"
217773;2019-06-24;"segunda-feira";"15:00:00";"RS";285;154,2;"MUITOS CAPOES";"Ingestão de Álcool";"Saída de leito carroçável";"Com Vítimas Feridas";"Pleno dia";"Decrescente";"Céu Claro";"Simples";"Curva";"Não";1;0;1;0;0;0;1;1;-28,332582;-51,170681;"SPRF-RS";"DEL05-RS";"UOP03-DEL05-RS"
217776;2019-06-24;"segunda-feira";"16:15:00";"GO";153;515,3;"APARECIDA DE GOIANIA";"Falta de Atenção à Condução";"Colisão lateral";"Com Vítimas Feridas";"Pleno dia";"Decrescente";"Céu Claro";"Dupla";"Reta";"Sim";3;0;1;0;2;0;1;2;-16,8413;-49,2454;"SPRF-GO";"DEL01-GO";"UOP03-DEL01-GO"