"id";"data_inversa";"dia_semana";"horario";"uf";"br";"km";"municipio";"causa_acidente";"tipo_acidente";"classificacao_acidente";"fase_dia";"sentido_via";"condicao_metereologica";"tipo_pista";"tracado_via";"uso_solo";"pessoas";"mortos";"feridos_leves";"feridos_graves";"ilesos";"ignorados";"feridos";"veiculos";"latitude";"longitude";"regional";"delegacia";"uop"
217778;2019-06-24;"segunda-feira";"16:50:00";"RS";116;243;"SAO LEOPOLDO";"Desobediência às normas de trânsito pelo condutor";"Colisão transversal";"Com Vítimas Feridas";"Pleno dia";"Decrescente";"Céu Claro";"Simples";"Interseção de Vias";"Sim";3;0;1;0;2;0;1;2;-29,73161248;-51,1492986;"SPRF-RS";"DEL01-RS";"UOP02-DEL01-RS"
217779;2019-06-24;"segunda-feira";"15:40:00";"GO";70;0,5;"AGUAS LINDAS DE GOIAS";"Ingestão de Álcool";"Colisão com objeto estático";"Sem Vítimas";"Pleno dia";"Decrescente";"Céu Claro";"Dupla";"Reta";"Não";1;0;0;0;1;0;0;1;-15,783543;-48,2326;"SPRF-DF";"DEL01-DF";"UOP02-DEL03-DF"
217780;2019-06-24;"segunda-feira";"16:40:00";"RS";290;31,2;"SANTO ANTONIO DA PATRULHA";"Defeito Mecânico no Veículo";"Tombamento";"Com Vítimas Feridas";"Pleno dia";"Crescente";"Nublado";"Dupla";"Reta";"Não";2;0;1;0;1;0;1;1;-29,883911;-50,565765;"SPRF-RS";"DEL03-RS";"UOP01-DEL03-RS"
217781;2019-06-24;"segunda-feira";"14:45:00";"PR";277;572,3;"CASCAVEL";"Falta de Atenção à Condução";"Colisão transversal";"Sem Vítimas";"Pleno dia";"Decrescente";"Sol";"Simples";"Interseção de Vias";"Não";3;0;0;0;3;0;0;2;-25,00737801;-53,29663858;"SPRF-PR";"DEL04-PR";"UOP01-DEL04-PR"
217782;2019-06-24;"segunda-feira";"16:00:00";"ES";101;27,2;"CONCEICAO DA BARRA";"Falta de Atenção à Condução";"Colisão traseira";"Com Vítimas Feridas";"Pleno dia";"Crescente";"Nublado";"Simples";"Declive";"Não";2;0;1;0;1;0;1;2;-18,38365905;-39,94481814;"SPRF-ES";"DEL04-ES";"UOP02-DEL04-ES"
217783;2019-06-24;"segunda-feira";"17:00:00";"CE";222;4,6;"CAUCAIA";"Falta de Atenção à Condução";"Colisão lateral";"Com Vítimas Feridas";"Anoitecer";"Crescente";"Céu Claro";"Múltipla";"Reta";"Sim";3;0;2;0;1;0;2;2;-3,74164754;-38,60449792;"SPRF-CE";"DEL01-CE";"UOP01-DEL01-CE"
217784;2019-06-24;"segunda-feira";"17:10:00";"RS";116;244,8;"SAO LEOPOLDO";"Falta de Atenção à Condução";"Colisão lateral";"Com Vítimas Feridas";"Pleno dia";"Crescente";"Céu Claro";"Simples";"Reta";"Sim";2;0;1;0;1;0;1;2;-29,74088003;-51,15039566;"SPRF-RS";"DEL01-RS";"UOP02-DEL01-RS"
217785;2019-06-24;"segunda-feira";"17:10:00";"ES";101;267,8;"SERRA";"Falta de Atenção à Condução";"Atropelamento de Pedestre";"Com Vítimas Feridas";"Anoitecer";"Crescente";"Céu Claro";"Múltipla";"Reta";"Sim";2;0;2;0;0;0;2;2;-20,19930999;-40,26884609;"SPRF-ES";"DEL02-ES";"UOP01-DEL02-ES"
217786;2019-06-24;"segunda-feira";"16:40:00";"RS";290;27;"SANTO ANTONIO DA PATRULHA";"Falta de Atenção à Condução";"Saída de leito carroçável";"Com Vítimas Feridas";"Pleno dia";"Decrescente";"Nublado";"Dupla";"Reta";"Não";1;0;1;0;0;0;1;1;-29,881359;-50,524544;"SPRF-RS";"DEL03-RS";"UOP01-DEL03-RS"
217787;2019-06-24;"segunda-feira";"16:40:00";"PR";153;493,5;"GENERAL CARNEIRO";"Falta de Atenção à Condução";"Colisão transversal";"Com Vítimas Feridas";"Pleno dia";"Decrescente";"Céu Claro";"Simples";"Curva;Declive";"Não";2;0;1;0;1;0;1;2;-26,44446802;-51,31879091;"SPRF-PR";"DEL02-PR";"UOP03-DEL02-PR"
217788;2019-06-24;"segunda-feira";"15:25:00";"MG";262;801;"UBERABA";"Defeito Mecânico no Veículo";"Saída de leito carroçável";"Sem Vítimas";"Pleno dia";"Crescente";"Céu Claro";"Dupla";"Reta";"Sim";2;0;0;0;2;0;0;1;-19,77920263;-47,955319;"SPRF-MG";"DEL13-MG";"UOP01-DEL13-MG"
217790;2019-06-24;"segunda-feira";"18:00:00";"GO";40;7;"VALPARAISO DE GOIAS";"Falta de Atenção à Condução";"Queda de ocupante de veículo";"Com Vítimas Feridas";"Anoitecer";"Decrescente";"Céu Claro";"Simples";"Reta";"Sim";2;0;2;0;0;0;2;1;-16,108482;-47,972524;"SPRF-DF";"DEL01-DF";"UOP01-DEL01-DF"
217792;2019-06-24;"segunda-feira";"14:55:00";"BA";242;829;"BARREIRAS";"Ingestão de Álcool";"Capotamento";"Sem Vítimas";"Pleno dia";"Crescente";"Sol";"Simples";"Reta";"Não";2;0;0;0;0;2;0;1;-12,106818;-45,307323;"SPRF-BA";"DEL10-BA";"UOP01-DEL10-BA"
217793;2019-06-24;"segunda-feira";"17:20:00";"PB";230;208;"SOLEDADE";"Ingestão de Álcool";"Queda de ocupante de veículo";"Com Vítimas Feridas";"Pleno dia";"Decrescente";"Céu Claro";"Simples";"Reta";"Não";2;0;1;0;1;0;1;1;-7,0856;-36,3067;"SPRF-PB";"DEL02-PB";"UOP02-DEL02-PB"
217795;2019-06-24;"segunda-feira";"18:05:00";"MG";381;491;"BETIM";"Falta de Atenção à Condução";"Colisão lateral";"Com Vítimas Feridas";"Anoitecer";"Crescente";"Céu Claro";"Dupla";"Reta;Aclive";"Sim";2;0;1;0;1;0;1;2;-19,96058254;-44,15806532;"SPRF-MG";"DEL01-MG";"UOP03-DEL01-MG"
217796;2019-06-24;"segunda-feira";"18:00:00";"MG";381;327;"NOVA ERA";"Falta de Atenção à Condução";"Colisão transversal";"Com Vítimas Feridas";"Plena Noite";"Crescente";"Nublado";"Dupla";"Reta";"Sim";6;0;0;2;4;0;2;2;-19,7568123;-43,02711055;"SPRF-MG";"DEL03-MG";"UOP01-DEL03-MG"
217804;2019-06-24;"segunda-feira";"18:25:00";"BA";116;413,7;"FEIRA DE SANTANA";"Defeito Mecânico no Veículo";"Incêndio";"Sem Vítimas";"Plena Noite";"Crescente";"Nublado";"Simples";"Declive";"Sim";1;0;0;0;1;0;0;1;-12,14246805;-38,96658117;"SPRF-BA";"DEL02-BA";"UOP01-DEL02-BA"
217805;2019-06-24;"segunda-feira";"13:50:00";"SC";470;5;"NAVEGANTES";"Falta de Atenção à Condução";"Colisão transversal";"Com Vítimas Feridas";"Pleno dia";"Crescente";"Sol";"Simples";"Reta";"Não";2;0;1;1;0;0;2;2;-26,855688;-48,700333;"SPRF-SC";"DEL04-SC";"UOP04-DEL04-SC"
217806;2019-06-24;"segunda-feira";"18:20:00";"RJ";101;320,1;"NITEROI";"Não guardar distância de segurança";"Colisão traseira";"Com Vítimas Feridas";"Plena Noite";"Decrescente";"Céu Claro";"Dupla";"Curva";"Sim";3;0;1;0;1;1;1;3;-22,86171098;-43,10714015;"SPRF-RJ";"DEL02-RJ";"UOP02-DEL02-RJ"
217809;2019-06-24;"segunda-feira";"13:00:00";"RO";364;108,7;"VILHENA";"Falta de Atenção à Condução";"Capotamento";"Com Vítimas Feridas";"Pleno dia";"Crescente";"Céu Claro";"Simples";"Reta";"Não";1;0;1;0;0;0;1;1;-12,2236797;-60,68902732;"SPRF-RO";"DEL04-RO";"DEL21/4-UOP03/RO"
217810;2019-06-24;"segunda-feira";"18:00:00";"MT";70;523;"VARZEA GRANDE";"Falta de Atenção à Condução";"Colisão transversal";"Com Vítimas Feridas";"Anoitecer";"Decrescente";"Céu Claro";"Simples";"Reta";"Sim";2;0;1;0;1;0;1;2;-15,65568478;-56,19045496;"SPRF-MT";"DEL01-MT";"DEL2/4-UOP02/MT"
217811;2019-06-24;"segunda-feira";"19:00:00";"MG";262;387,8;"FLORESTAL";"Falta de Atenção do Pedestre";"Atropelamento de Pedestre";"Com Vítimas Fatais";"Pleno dia";"Decrescente";"Céu Claro";"Dupla";"Reta;Declive";"Não";2;1;1;0;0;0;1;2;-19,91838958;-44,49242061;"SPRF-MG";"DEL01-MG";"UOP03-DEL01-MG"
217813;2019-06-24;"segunda-feira";"16:20:00";"RJ";40;82,1;"PETROPOLIS";"Defeito Mecânico no Veículo";"Capotamento";"Com Vítimas Feridas";"Pleno dia";"Decrescente";"Céu Claro";"Simples";"Curva";"Não";2;0;2;0;0;0;2;1;-22,51183137;-43,23076171;"SPRF-RJ";"DEL06-RJ";"UOP01-DEL06-RJ"
217814;2019-06-24;"segunda-feira";"08:00:00";"PI";343;306,8;"ALTOS";"Falta de Atenção à Condução";"Colisão transversal";"Com Vítimas Feridas";"Pleno dia";"Decrescente";"Céu Claro";"Simples";"Reta";"Sim";2;0;0;1;1;0;1;2;-5,038756;-42,450893;"SPRF-PI";"DEL01-PI";"UOP01-DEL01-PI"
217815;2019-06-24;"segunda-feira";"18:15:00";"PR";369;445;"UBIRATA";"Não guardar distância de segurança";"Colisão traseira";"Sem Vítimas";"Plena Noite";"Crescente";"Céu Claro";"Simples";"Curva";"Não";2;0;0;0;2;0;0;2;-24,548;-52,9479;"SPRF-PR";"DEL04-PR";"UOP03-DEL04-PR"
217818;2019-06-24;"segunda-feira";"20:08:00";"SE";101;70;"MARUIM";"Não guardar distância de segurança";"Colisão traseira";"Com Vítimas Feridas";"Plena Noite";"Crescente";"Céu Claro";"Simples";"Reta";"Sim";2;0;1;0;1;0;1;2;-10,7356;-37,08768;"SPRF-SE";"DEL01-SE";"UOP01-DEL01-SE"
217821;2019-06-24;"segunda-feira";"15:20:00";"PB";230;158,7;"CAMPINA GRANDE";"Desobediência às normas de trânsito pelo condutor";"Colisão lateral";"Sem Vítimas";"Pleno dia";"Crescente";"Céu Claro";"Simples";"Reta";"Não";2;0;0;0;1;1;0;2;-7,25663572;-35,92852235;"SPRF-PB";"DEL02-PB";"UOP01-DEL02-PB"
217825;2019-05-30;"quinta-feira";"16:50:00";"RS";386;416,4;"MONTENEGRO";"Falta de Atenção à Condução";"Colisão traseira";"Com Vítimas Feridas";"Pleno dia";"Crescente";"Chuva";"Simples";"Curva";"Não";3;0;1;1;1;0;2;2;-29,81759851;-51,45855039;"SPRF-RS";"DEL04-RS";"UOP02-DEL04-RS"
217827;2019-06-24;"segunda-feira";"19:30:00";"BA";101;227;"CRUZ DAS ALMAS";"Ingestão de Álcool";"Colisão lateral";"Com Vítimas Feridas";"Plena Noite";"Decrescente";"Céu Claro";"Simples";"Reta";"Não";3;0;2;0;1;0;2;2;-12,70384671;-39,15818024;"SPRF-BA";"DEL01-BA";"UOP02-DEL01-BA"
217828;2019-06-08;"sábado";"13:50:00";"SC";280;190,3;"MAFRA";"Falta de Atenção à Condução";"Colisão com objeto estático";"Com Vítimas Fatais";"Pleno dia";"Decrescente";"Céu Claro";"Simples";"Reta";"Não";1;1;0;0;0;0;0;1;-26,17943391;-49,97899632;"SPRF-SC";"DEL06-SC";"UOP01-DEL06-SC"
217829;2019-06-24;"segunda-feira";"21:00:00";"ES";101;264,4;"SERRA";"Falta de Atenção à Condução";"Colisão transversal";"Com Vítimas Feridas";"Plena Noite";"Decrescente";"Céu Claro";"Dupla";"Interseção de Vias";"Sim";3;0;2;0;1;0;2;2;-20,17292791;-40,26736384;"SPRF-ES";"DEL02-ES";"UOP01-DEL02-ES"
217832;2019-06-24;"segunda-feira";"21:20:00";"SC";101;310,9;"LAGUNA";"Ingestão de Álcool";"Colisão com objeto estático";"Sem Vítimas";"Plena Noite";"Decrescente";"Nublado";"Simples";"Rotatória";"Sim";1;0;0;0;1;0;0;1;-28,41679416;-48,79529064;"SPRF-SC";"DEL02-SC";"UOP01-DEL02-SC"
217833;2019-05-19;"domingo";"15:10:00";"MG";40;602,5;"CONGONHAS";"Falta de Atenção à Condução";"Queda de ocupante de veículo";"Com Vítimas Feridas";"Pleno dia";"Crescente";"Sol";"Simples";"Reta";"Não";2;0;0;1;1;0;1;1;-20,440407;-43,84132;"SPRF-MG";"DEL05-MG";"UOP02-DEL05-MG"
217835;2019-06-24;"segunda-feira";"22:00:00";"MG";40;494;"ESMERALDAS";"Defeito Mecânico no Veículo";"Queda de ocupante de veículo";"Com Vítimas Feridas";"Plena Noite";"Decrescente";"Céu Claro";"Dupla";"Reta";"Não";2;0;2;0;0;0;2;1;-19,65390808;-44,19841023;"SPRF-MG";"DEL02-MG";"UOP01-DEL02-MG"
217837;2019-06-24;"segunda-feira";"21:20:00";"MG";267;8,9;"LEOPOLDINA";"Animais na Pista";"Colisão frontal";"Com Vítimas Feridas";"Plena Noite";"Crescente";"Nublado";"Simples";"Reta";"Não";4;0;1;0;3;0;1;2;-21,57188768;-42,68943787;"SPRF-MG";"DEL07-MG";"UOP01-DEL07-MG"
217838;2019-06-24;"segunda-feira";"21:45:00";"PI";316;8,7;"TERESINA";"Falta de Atenção à Condução";"Atropelamento de Pedestre";"Com Vítimas Feridas";"Plena Noite";"Crescente";"Céu Claro";"Simples";"Reta";"Não";2;0;0;2;0;0;2;2;-5,16483402;-42,76899508;"SPRF-PI";"DEL01-PI";"UOP02-DEL01-PI"
217840;2019-06-24;"segunda-feira";"21:30:00";"RJ";40;109;"DUQUE DE CAXIAS";"Pista Escorregadia";"Colisão com objeto estático";"Com Vítimas Feridas";"Plena Noite";"Crescente";"Céu Claro";"Dupla";"Declive";"Sim";1;0;0;1;0;0;1;1;-22,67374628;-43,28638368;"SPRF-RJ";"DEL01-RJ";"UOP01-DEL01-RJ"
217842;2019-06-24;"segunda-feira";"18:30:00";"RS";158;99,9;"PALMEIRA DAS MISSOES";"Agressão Externa";"Saída de leito carroçável";"Com Vítimas Feridas";"Anoitecer";"Crescente";"Céu Claro";"Simples";"Reta";"Não";1;0;1;0;0;0;1;1;-27,89037403;-53,33863796;"SPRF-RS";"DEL08-RS";"UOP02-DEL08-RS"
217844;2019-06-24;"segunda-feira";"22:30:00";"GO";153;506,6;"APARECIDA DE GOIANIA";"Condutor Dormindo";"Saída de leito carroçável";"Com Vítimas Feridas";"Plena Noite";"Crescente";"Céu Claro";"Múltipla";"Declive;Reta";"Não";1;0;1;0;0;0;1;1;-16,7633;-49,24;"SPRF-GO";"DEL01-GO";"UOP01-DEL01-GO"
217845;2019-06-24;"segunda-feira";"18:00:00";"SC";101;436,2;"SOMBRIO";"Falta de Atenção à Condução";"Colisão lateral";"Com Vítimas Feridas";"Plena Noite";"Crescente";"Céu Claro";"Dupla";"Reta";"Não";4;0;4;0;0;0;4;2;-29,10817487;-49,63739835;"SPRF-SC";"DEL02-SC";"UOP02-DEL02-SC"
217846;2019-06-24;"segunda-feira";"19:00:00";"SC";101;389,8;"CRICIUMA";"Falta de Atenção à Condução";"Colisão com objeto estático";"Com Vítimas Feridas";"Plena Noite";"Decrescente";"Céu Claro";"Dupla";"Interseção de Vias";"Não";1;0;0;1;0;0;1;1;-28,79023471;-49,34585818;"SPRF-SC";"DEL02-SC";"UOP02-DEL02-SC"
217847;2019-06-24;"segunda-feira";"22:10:00";"MG";40;292;"TRES MARIAS";"Desobediência às normas de trânsito pelo condutor";"Queda de ocupante de veículo";"Com Vítimas Feridas";"Plena Noite";"Decrescente";"Céu Claro";"Simples";"Curva";"Não";1;0;0;1;0;0;1;1;-18,28818271;-45,12852666;"SPRF-MG";"DEL14-MG";"UOP02-DEL14-MG"
217848;2019-06-15;"sábado";"02:00:00";"SC";101;363;"SANGAO";"Animais na Pista";"Atropelamento de Animal";"Com Vítimas Feridas";"Plena Noite";"Crescente";"Nublado";"Dupla";"Declive";"Não";2;0;0;1;0;1;1;1;-28,67634681;-49,12963202;"SPRF-SC";"DEL02-SC";"UOP01-DEL02-SC"
217849;2019-06-24;"segunda-feira";"22:50:00";"PR";373;222,5;"IMBITUVA";"Falta de Atenção à Condução";"Saída de leito carroçável";"Com Vítimas Feridas";"Plena Noite";"Crescente";"Nublado";"Simples";"Retorno Regulamentado";"Não";1;0;1;0;0;0;1;1;-25,18039851;-50,59650421;"SPRF-PR";"DEL03-PR";"UOP01-DEL03-PR"
217850;2019-06-24;"segunda-feira";"22:45:00";"SP";153;345,4;"OURINHOS";"Animais na Pista";"Atropelamento de Animal";"Com Vítimas Feridas";"Plena Noite";"Crescente";"Céu Claro";"Dupla";"Curva";"Não";1;0;1;0;0;0;1;1;-22,9768623;-49,90315517;"SPRF-SP";"DEL07-SP";"UOP03-DEL07-SP"
217851;2019-06-24;"segunda-feira";"17:50:00";"SC";101;401;"MARACAJA";"Desobediência às normas de trânsito pelo condutor";"Colisão frontal";"Com Vítimas Feridas";"Anoitecer";"Crescente";"Ignorado";"Simples";"Interseção de Vias";"Sim";4;0;0;2;1;1;2;3;-28,85594274;-49,44019434;"SPRF-SC";"DEL02-SC";"UOP02-DEL02-SC"
217852;2019-06-24;"segunda-feira";"18:05:00";"SC";101;436;"SOMBRIO";"Velocidade Incompatível";"Colisão traseira";"Com Vítimas Feridas";"Plena Noite";"Crescente";"Céu Claro";"Dupla";"Reta";"Sim";5;0;2;0;3;0;2;3;-29,10817487;-49,63739835;"SPRF-SC";"DEL02-SC";"UOP02-DEL02-SC"
217853;2019-06-09;"domingo";"20:45:00";"SC";101;313,5;"LAGUNA";"Ingestão de Álcool";"Colisão traseira";"Com Vítimas Feridas";"Plena Noite";"Decrescente";"Céu Claro";"Dupla";"Curva";"Sim";2;0;1;0;1;0;1;2;-28,43367584;-48,84590149;"SPRF-SC";"DEL02-SC";"UOP01-DEL02-SC"
217854;2019-06-24;"segunda-feira";"22:15:00";"PR";376;215;"JANDAIA DO SUL";"Falta de Atenção à Condução";"Tombamento";"Com Vítimas Feridas";"Plena Noite";"Crescente";"Vento";"Simples";"Declive;Curva";"Não";1;0;1;0;0;0;1;1;-23,59863829;-51,62545323;"SPRF-PR";"DEL07-PR";"UOP03-DEL07-PR"
217855;2019-06-24;"segunda-feira";"23:20:00";"PB";230;24,9;"JOAO PESSOA";"Defeito Mecânico no Veículo";"Colisão com objeto estático";"Sem Vítimas";"Plena Noite";"Decrescente";"Céu Claro";"Dupla";"Curva";"Sim";2;0;0;0;2;0;0;1;-7,1637;-34,8618;"SPRF-PB";"DEL01-PB";"UOP01-DEL01-PB"
217856;2019-06-24;"segunda-feira";"10:50:00";"PR";369;175;"ROLANDIA";"Agressão Externa";"Saída de leito carroçável";"Com Vítimas Feridas";"Plena Noite";"Crescente";"Céu Claro";"Simples";"Reta";"Sim";2;0;1;0;1;0;1;1;-23,31858335;-51,37948394;"SPRF-PR";"DEL07-PR";"UOP01-DEL07-PR"
217857;2019-06-24;"segunda-feira";"23:40:00";"ES";262;161,1;"IBATIBA";"Defeito Mecânico no Veículo";"Incêndio";"Sem Vítimas";"Plena Noite";"Decrescente";"Céu Claro";"Simples";"Reta";"Não";1;0;0;0;0;1;0;1;-20,23726984;-41,51812976;"SPRF-ES";"DEL01-ES";"UOP02-DEL01-ES"
217858;2019-06-25;"terça-feira";"00:10:00";"PR";116;122,8;"CURITIBA";"Velocidade Incompatível";"Saída de leito carroçável";"Com Vítimas Feridas";"Plena Noite";"Crescente";"Céu Claro";"Dupla";"Curva";"Sim";1;0;0;1;0;0;1;1;-25,60898449;-49,31960106;"SPRF-PR";"DEL01-PR";"UOP03-DEL01-PR"
217859;2019-06-25;"terça-feira";"00:20:00";"PE";232;71;"GRAVATA";"Ingestão de Álcool";"Colisão lateral";"Com Vítimas Feridas";"Plena Noite";"Decrescente";"Nublado";"Dupla";"Reta";"Sim";2;0;1;0;1;0;1;2;-8,18344403;-35,49296599;"SPRF-PE";"DEL01-PE";"UOP02-DEL02PE"
217860;2019-06-24;"segunda-feira";"22:50:00";"GO";153;17;"PORANGATU";"Objeto estático sobre o leito carroçável";"Saída de leito carroçável";"Com Vítimas Feridas";"Plena Noite";"Crescente";"Céu Claro";"Simples";"Reta";"Não";5;0;4;0;0;1;4;2;-12,979105;-49,147839;"SPRF-GO";"DEL07-GO";"UOP01-DEL07-GO"
217864;2019-06-25;"terça-feira";"02:20:00";"TO";153;619,8;"ALIANCA DO TOCANTINS";"Condutor Dormindo";"Saída de leito carroçável";"Com Vítimas Feridas";"Plena Noite";"Crescente";"Céu Claro";"Simples";"Reta;Declive";"Não";2;0;1;1;0;0;2;1;-11,26502399;-48,93659911;"SPRF-TO";"DEL02-TO";"UOP02-DEL01-TO"
217868;2019-06-25;"terça-feira";"05:05:00";"PE";101;69;"RECIFE";"Defeito na Via";"Tombamento";"Com Vítimas Feridas";"Amanhecer";"Crescente";"Nublado";"Múltipla";"Reta";"Sim";2;0;1;0;1;0;1;2;-8,05951606;-34,94581024;"SPRF-PE";"DEL01-PE";"UOP01-DEL01-PE"
217872;2019-05-26;"domingo";"10:00:00";"MG";381;907,4;"CAMBUI";"Falta de Atenção à Condução";"Queda de ocupante de veículo";"Com Vítimas Feridas";"Pleno dia";"Crescente";"Céu Claro";"Dupla";"Curva";"Não";2;0;1;0;1;0;1;2;-22,71022398;-46,12178305;"SPRF-MG";"DEL16-MG";"UOP03-DEL16-MG"
217873;2019-06-24;"segunda-feira";"15:30:00";"RS";158;333;"SANTA MARIA";"Falta de Atenção à Condução";"Saída de leito carroçável";"Sem Vítimas";"Pleno dia";"Decrescente";"Céu Claro";"Simples";"Reta";"Sim";1;0;0;0;0;1;0;1;-29,70846948;-53,86426102;"SPRF-RS";"DEL09-RS";"UOP01-DEL09-RS"
217874;2019-06-24;"segunda-feira";"22:20:00";"PR";369;34;"ANDIRA";"Defeito Mecânico no Veículo";"Queda de ocupante de veículo";"Com Vítimas Feridas";"Plena Noite";"Crescente";"Céu Claro";"Simples";"Reta";"Não";1;0;1;0;0;0;1;1;-23,03834993;-50,1702261;"SPRF-PR";"DEL07-PR";"UOP05-DEL07-PR"
217875;2019-06-25;"terça-feira";"04:10:00";"MG";262;767,9;"UBERABA";"Restrição de Visibilidade";"Colisão com objeto estático";"Com Vítimas Feridas";"Plena Noite";"Crescente";"Céu Claro";"Simples";"Curva";"Não";1;0;1;0;0;0;1;1;-19,68307963;-47,66693486;"SPRF-MG";"DEL13-MG";"UOP01-DEL13-MG"
217876;2019-06-25;"terça-feira";"07:15:00";"ES";101;269;"SERRA";"Falta de Atenção do Pedestre";"Atropelamento de Pedestre";"Com Vítimas Feridas";"Pleno dia";"Crescente";"Sol";"Múltipla";"Reta";"Sim";3;0;1;1;1;0;2;3;-20,21738168;-40,27014971;"SPRF-ES";"DEL02-ES";"UOP01-DEL02-ES"
217877;2019-06-25;"terça-feira";"07:20:00";"MG";40;784;"JUIZ DE FORA";"Falta de Atenção à Condução";"Atropelamento de Pedestre";"Com Vítimas Feridas";"Amanhecer";"Decrescente";"Nevoeiro/Neblina";"Dupla";"Interseção de Vias";"Não";2;0;1;0;1;0;1;2;-21,73061552;-43,4366495;"SPRF-MG";"DEL05-MG";"UOP01-DEL05-MG"
217882;2019-06-25;"terça-feira";"07:45:00";"PR";376;178;"MARINGA";"Não guardar distância de segurança";"Colisão traseira";"Com Vítimas Feridas";"Pleno dia";"Crescente";"Céu Claro";"Dupla";"Reta";"Sim";3;0;1;0;2;0;1;2;-23,4192146;-51,91293985;"SPRF-PR";"DEL07-PR";"UOP01-DEL09-PR"
217883;2019-06-25;"terça-feira";"07:20:00";"PR";277;724,1;"FOZ DO IGUACU";"Falta de Atenção à Condução";"Colisão traseira";"Com Vítimas Feridas";"Amanhecer";"Decrescente";"Céu Claro";"Dupla";"Reta";"Sim";2;0;1;0;1;0;1;2;-25,50257577;-54,53868311;"SPRF-PR";"DEL05-PR";"UOP01-DEL05-PR"
217884;2019-06-25;"terça-feira";"08:10:00";"PR";369;57,4;"BANDEIRANTES";"Falta de Atenção do Pedestre";"Atropelamento de Pedestre";"Com Vítimas Feridas";"Pleno dia";"Decrescente";"Céu Claro";"Simples";"Reta";"Sim";2;0;2;0;0;0;2;2;-23,1144503;-50,37291527;"SPRF-PR";"DEL07-PR";"UOP05-DEL07-PR"
217885;2019-06-25;"terça-feira";"07:00:00";"PB";230;37;"SANTA RITA";"Defeito Mecânico no Veículo";"Tombamento";"Com Vítimas Feridas";"Pleno dia";"Decrescente";"Nublado";"Dupla";"Reta";"Sim";2;0;2;0;0;0;2;1;-7,1293;-34,9536;"SPRF-PB";"DEL01-PB";"UOP03-DEL01-PB"
217886;2019-06-25;"terça-feira";"07:45:00";"PR";116;114;"CURITIBA";"Falta de Atenção à Condução";"Colisão traseira";"Com Vítimas Feridas";"Pleno dia";"Crescente";"Céu Claro";"Dupla";"Reta";"Não";2;0;1;0;1;0;1;2;-25,56296907;-49,25643801;"SPRF-PR";"DEL01-PR";"UOP06-DEL01-PR"
217887;2019-06-25;"terça-feira";"08:15:00";"SC";280;29,3;"ARAQUARI";"Falta de Atenção à Condução";"Queda de ocupante de veículo";"Com Vítimas Feridas";"Pleno dia";"Decrescente";"Sol";"Simples";"Interseção de Vias";"Sim";2;0;1;0;1;0;1;2;-26,41066264;-48,75295628;"SPRF-SC";"DEL03-SC";"UOP03-DEL03-SC"
217888;2019-06-25;"terça-feira";"08:10:00";"MG";381;563;"ITAGUARA";"Velocidade Incompatível";"Colisão com objeto estático";"Com Vítimas Feridas";"Pleno dia";"Decrescente";"Céu Claro";"Dupla";"Curva";"Não";2;0;1;0;1;0;1;1;-20,40233189;-44,509134;"SPRF-MG";"DEL04-MG";"UOP03-DEL04-MG"
217889;2019-06-25;"terça-feira";"08:00:00";"DF";60;4;"BRASILIA";"Falta de Atenção à Condução";"Colisão traseira";"Com Vítimas Feridas";"Pleno dia";"Crescente";"Céu Claro";"Dupla";"Reta";"Sim";2;0;1;0;1;0;1;2;-15,892721;-48,095741;"SPRF-DF";"DEL01-DF";"UOP01-DEL03-DF"
217890;2019-06-21;"sexta-feira";"19:10:00";"MS";163;74;"ITAQUIRAI";"Objeto estático sobre o leito carroçável";"Colisão com objeto estático";"Com Vítimas Feridas";"Plena Noite";"Decrescente";"Céu Claro";"Simples";"Reta;Aclive";"Não";1;0;1;0;0;0;1;1;-23,504616;-54,187776;"SPRF-MS";"DEL09-MS";"UOP02-DEL09-MS"
217892;2019-06-25;"terça-feira";"08:45:00";"PR";376;182;"MARINGA";"Falta de Atenção à Condução";"Colisão transversal";"Com Vítimas Feridas";"Pleno dia";"Decrescente";"Céu Claro";"Simples";"Interseção de Vias";"Sim";3;0;2;0;0;1;2;2;-23,43175319;-51,88688815;"SPRF-PR";"DEL07-PR";"UOP01-DEL09-PR"
217895;2019-06-25;"terça-feira";"07:30:00";"PI";343;438,3;"LAGOINHA DO PIAUI";"Desobediência às normas de trânsito pelo condutor";"Colisão transversal";"Com Vítimas Feridas";"Pleno dia";"Crescente";"Céu Claro";"Simples";"Reta";"Sim";3;0;1;0;1;1;1;3;-5,838295;-42,623928;"SPRF-PI";"DEL01-PI";"UOP02-DEL01-PI"
217896;2019-06-25;"terça-feira";"08:30:00";"MG";146;551,7;"CABO VERDE";"Velocidade Incompatível";"Saída de leito carroçável";"Com Vítimas Feridas";"Amanhecer";"Crescente";"Céu Claro";"Simples";"Curva;Declive";"Não";2;0;2;0;0;0;2;1;-21,40847395;-46,43716515;"SPRF-MG";"DEL16-MG";"UOP01-DEL09-MG"