"id";"data_inversa";"dia_semana";"horario";"uf";"br";"km";"municipio";"causa_acidente";"tipo_acidente";"classificacao_acidente";"fase_dia";"sentido_via";"condicao_metereologica";"tipo_pista";"tracado_via";"uso_solo";"pessoas";"mortos";"feridos_leves";"feridos_graves";"ilesos";"ignorados";"feridos";"veiculos";"latitude";"longitude";"regional";"delegacia";"uop"
217897;2019-06-25;"terça-feira";"07:45:00";"RO";364;711;"PORTO VELHO";"Falta de Atenção à Condução";"Colisão traseira";"Sem Vítimas";"Pleno dia";"Crescente";"Sol";"Dupla";"Reta";"Sim";2;0;0;0;2;0;0;2;-8,78153947;-63,86531369;"SPRF-RO";"DEL01-RO";"UOP01-DEL01-RO"
217898;2019-06-25;"terça-feira";"08:10:00";"RO";319;59,5;"PORTO VELHO";"Animais na Pista";"Colisão traseira";"Com Vítimas Feridas";"Pleno dia";"Crescente";"Céu Claro";"Dupla";"Reta";"Sim";2;0;0;1;1;0;1;2;-8,766685;-63,884052;"SPRF-RO";"DEL01-RO";"UOP01-DEL01-RO"
217899;2019-06-25;"terça-feira";"07:50:00";"PE";101;90,2;"CABO DE SANTO AGOSTINHO";"Não guardar distância de segurança";"Colisão traseira";"Com Vítimas Feridas";"Pleno dia";"Crescente";"Céu Claro";"Simples";"Reta";"Não";2;0;1;0;1;0;1;2;-8,22939328;-34,9727869;"SPRF-PE";"DEL01-PE";"UOP03-DEL01-PE"
217900;2019-06-25;"terça-feira";"08:30:00";"SP";116;271,8;"TABOAO DA SERRA";"Não guardar distância de segurança";"Queda de ocupante de veículo";"Com Vítimas Feridas";"Pleno dia";"Crescente";"Sol";"Dupla";"Reta";"Sim";1;0;0;1;0;0;1;1;-23,61809286;-46,80556302;"SPRF-SP";"DEL04-SP";"UOP01-DEL04-SP"
217902;2019-06-25;"terça-feira";"09:15:00";"BA";101;382;"IBIRAPITANGA";"Avarias e/ou desgaste excessivo no pneu";"Saída de leito carroçável";"Com Vítimas Feridas";"Pleno dia";"Crescente";"Chuva";"Simples";"Curva";"Não";2;0;1;1;0;0;2;1;-13,99107404;-39,46292304;"SPRF-BA";"DEL05-BA";"UOP03-DEL05-BA"
217903;2019-06-25;"terça-feira";"08:55:00";"PR";277;15;"PARANAGUA";"Falta de Atenção à Condução";"Queda de ocupante de veículo";"Com Vítimas Feridas";"Pleno dia";"Crescente";"Céu Claro";"Dupla";"Reta";"Não";1;0;1;0;0;0;1;1;-25,568198;-48,615292;"SPRF-PR";"DEL01-PR";"UOP05-DEL01-PR"
217904;2019-06-25;"terça-feira";"08:40:00";"DF";40;5;"BRASILIA";"Falta de Atenção à Condução";"Colisão traseira";"Com Vítimas Feridas";"Pleno dia";"Decrescente";"Céu Claro";"Dupla";"Reta";"Sim";3;0;1;0;2;0;1;2;-16,020903;-47,980541;"SPRF-DF";"DEL01-DF";"UOP01-DEL01-DF"
217905;2019-06-25;"terça-feira";"08:50:00";"RN";405;1,6;"MOSSORO";"Desobediência às normas de trânsito pelo condutor";"Colisão transversal";"Com Vítimas Feridas";"Pleno dia";"Crescente";"Sol";"Dupla";"Interseção de Vias";"Sim";2;0;2;0;0;0;2;2;-5,19170196;-37,361471;"SPRF-RN";"DEL04-RN";"UOP02-DEL04-RN"
217906;2019-06-25;"terça-feira";"08:00:00";"GO";153;506;"APARECIDA DE GOIANIA";"Desobediência às normas de trânsito pelo condutor";"Colisão lateral";"Com Vítimas Feridas";"Pleno dia";"Decrescente";"Céu Claro";"Dupla";"Declive";"Sim";3;0;1;0;2;0;1;3;-16,761547;-49,240068;"SPRF-GO";"DEL01-GO";"UOP01-DEL01-GO"
217909;2019-01-26;"sábado";"20:30:00";"RS";158;176,8;"PEJUCARA";"Ultrapassagem Indevida";"Colisão frontal";"Com Vítimas Fatais";"Anoitecer";"Decrescente";"Céu Claro";"Simples";"Reta";"Não";6;1;3;2;0;0;5;2;-28,48428;-53,549381;"SPRF-RS";"DEL10-RS";"UOP02-DEL10-RS"
217910;2019-06-25;"terça-feira";"08:30:00";"GO";20;155,9;"ALVORADA DO NORTE";"Falta de Atenção à Condução";"Capotamento";"Com Vítimas Feridas";"Pleno dia";"Decrescente";"Céu Claro";"Simples";"Reta";"Não";5;0;4;1;0;0;5;1;-14,654471;-46,639088;"SPRF-DF";"DEL02-DF";"UOP03-DEL02-DF"
217911;2019-04-30;"terça-feira";"19:20:00";"MG";116;500;"INHAPIM";"Falta de Atenção à Condução";"Tombamento";"Com Vítimas Feridas";"Plena Noite";"Crescente";"Ignorado";"Simples";"Reta";"Não";2;0;1;1;0;0;2;1;-19,56124593;-42,12312698;"SPRF-MG";"DEL06-MG";"UOP02-DEL06-MG"
217912;2019-06-25;"terça-feira";"09:00:00";"SC";101;150;"ITAPEMA";"Desobediência às normas de trânsito pelo condutor";"Colisão frontal";"Com Vítimas Feridas";"Pleno dia";"Decrescente";"Céu Claro";"Dupla";"Reta";"Sim";2;0;2;0;0;0;2;2;-27,11744799;-48,60940987;"SPRF-SC";"DEL04-SC";"UOP03-DEL04-SC"
217913;2019-06-17;"segunda-feira";"14:00:00";"RJ";101;42;"CAMPOS DOS GOYTACAZES";"Falta de Atenção à Condução";"Colisão lateral";"Sem Vítimas";"Pleno dia";"Crescente";"Nublado";"Simples";"Reta";"Não";2;0;0;0;2;0;0;2;-21,56357908;-41,32424043;"SPRF-RJ";"DEL08-RJ";"UOP01-DEL08-RJ"
217915;2019-06-25;"terça-feira";"08:00:00";"BA";420;349;"JAGUAQUARA";"Velocidade Incompatível";"Saída de leito carroçável";"Com Vítimas Feridas";"Pleno dia";"Crescente";"Céu Claro";"Simples";"Curva";"Não";1;0;0;1;0;0;1;1;-13,51696171;-39,99669272;"SPRF-BA";"DEL03-BA";"UOP01-DEL03-BA"
217916;2019-06-25;"terça-feira";"08:30:00";"PR";158;385,2;"LARANJEIRAS DO SUL";"Restrição de Visibilidade";"Saída de leito carroçável";"Com Vítimas Feridas";"Pleno dia";"Decrescente";"Sol";"Simples";"Curva";"Não";1;0;1;0;0;0;1;1;-25,24260884;-52,27963337;"SPRF-PR";"DEL04-PR";"UOP02-DEL04-PR"
217917;2019-06-25;"terça-feira";"10:10:00";"SC";280;58,9;"GUARAMIRIM";"Falta de Atenção à Condução";"Colisão transversal";"Sem Vítimas";"Pleno dia";"Crescente";"Céu Claro";"Simples";"Reta";"Não";2;0;0;0;2;0;0;2;-26,4747132;-49,02993321;"SPRF-SC";"DEL03-SC";"UOP03-DEL03-SC"
217918;2019-06-14;"sexta-feira";"14:40:00";"PB";101;86;"JOAO PESSOA";"Desobediência às normas de trânsito pelo condutor";"Colisão frontal";"Com Vítimas Fatais";"Pleno dia";"Crescente";"Céu Claro";"Dupla";"Aclive";"Não";3;1;1;1;0;0;2;2;-7,15118983;-34,91012184;"SPRF-PB";"DEL01-PB";"UOP01-DEL01-PB"
217919;2019-06-25;"terça-feira";"10:10:00";"PE";101;87;"CABO DE SANTO AGOSTINHO";"Não guardar distância de segurança";"Colisão lateral";"Com Vítimas Feridas";"Pleno dia";"Crescente";"Céu Claro";"Dupla";"Reta";"Sim";1;0;1;0;0;0;1;1;-8,19120206;-34,97449985;"SPRF-PE";"DEL01-PE";"UOP03-DEL01-PE"
217921;2019-06-25;"terça-feira";"08:30:00";"MA";230;404;"BALSAS";"Falta de Atenção à Condução";"Colisão transversal";"Com Vítimas Feridas";"Pleno dia";"Crescente";"Céu Claro";"Simples";"Reta";"Sim";4;0;1;0;3;0;1;2;-7,52339895;-46,04122203;"SPRF-MA";"DEL05-MA";"UOP01-DEL05-MA"
217922;2019-06-25;"terça-feira";"04:00:00";"BA";407;224,6;"CAPIM GROSSO";"Falta de Atenção à Condução";"Saída de leito carroçável";"Com Vítimas Fatais";"Plena Noite";"Decrescente";"Nublado";"Simples";"Reta";"Não";1;1;0;0;0;0;0;1;-11,30518001;-40,01922708;"SPRF-BA";"DEL04-BA";"UOP02-DEL04-BA"
217924;2019-06-22;"sábado";"04:30:00";"SC";101;381,7;"ICARA";"Objeto estático sobre o leito carroçável";"Colisão com objeto estático";"Com Vítimas Feridas";"Plena Noite";"Crescente";"Nevoeiro/Neblina";"Múltipla";"Reta";"Sim";2;0;1;0;1;0;1;2;-28,75478409;-49,27732095;"SPRF-SC";"DEL02-SC";"UOP02-DEL02-SC"
217925;2019-01-04;"sexta-feira";"14:35:00";"RN";304;295,5;"MACAIBA";"Falta de Atenção à Condução";"Engavetamento";"Com Vítimas Feridas";"Pleno dia";"Decrescente";"Céu Claro";"Simples";"Aclive";"Sim";4;0;1;0;3;0;1;3;-5,864849;-35,349312;"SPRF-RN";"DEL01-RN";"UOP02-DEL01-RN"
217926;2019-06-25;"terça-feira";"09:40:00";"PI";316;107,2;"PASSAGEM FRANCA DO PIAUI";"Condutor Dormindo";"Saída de leito carroçável";"Sem Vítimas";"Pleno dia";"Crescente";"Céu Claro";"Simples";"Curva";"Não";2;0;0;0;2;0;0;1;-5,86004331;-42,43151519;"SPRF-PI";"DEL04-PI";"UOP02-DEL04-PI"
217927;2019-06-25;"terça-feira";"11:42:00";"SP";116;58,7;"GUARATINGUETA";"Defeito Mecânico no Veículo";"Colisão traseira";"Com Vítimas Feridas";"Pleno dia";"Crescente";"Sol";"Dupla";"Reta";"Sim";2;0;1;0;1;0;1;2;-22,78332352;-45,15041828;"SPRF-SP";"DEL08-SP";"UOP01-DEL08-SP"
217928;2019-06-25;"terça-feira";"11:10:00";"GO";153;511,3;"APARECIDA DE GOIANIA";"Desobediência às normas de trânsito pelo condutor";"Colisão traseira";"Com Vítimas Feridas";"Pleno dia";"Crescente";"Céu Claro";"Múltipla";"Curva;Retorno Regulamentado";"Sim";2;0;1;0;1;0;1;2;-16,80129086;-49,23898643;"SPRF-GO";"DEL01-GO";"UOP03-DEL01-GO"
217929;2019-06-25;"terça-feira";"11:00:00";"SC";101;144;"ITAPEMA";"Falta de Atenção à Condução";"Colisão traseira";"Com Vítimas Feridas";"Pleno dia";"Crescente";"Céu Claro";"Múltipla";"Reta";"Sim";2;0;1;0;1;0;1;2;-27,0732659;-48,59672716;"SPRF-SC";"DEL04-SC";"UOP03-DEL04-SC"
217930;2019-06-25;"terça-feira";"07:50:00";"PR";277;576,3;"CASCAVEL";"Não guardar distância de segurança";"Queda de ocupante de veículo";"Com Vítimas Feridas";"Pleno dia";"Decrescente";"Céu Claro";"Simples";"Reta";"Sim";2;0;1;0;0;1;1;2;-24,98692731;-53,33030208;"SPRF-PR";"DEL04-PR";"UOP01-DEL04-PR"
217933;2019-06-25;"terça-feira";"08:00:00";"BA";101;513;"ITABUNA";"Não guardar distância de segurança";"Engavetamento";"Sem Vítimas";"Pleno dia";"Decrescente";"Céu Claro";"Simples";"Reta";"Não";5;0;0;0;4;1;0;3;-15,00625611;-39,33111028;"SPRF-BA";"DEL05-BA";"UOP01-DEL05-BA"
217934;2019-06-25;"terça-feira";"10:50:00";"PB";230;189,5;"POCINHOS";"Defeito Mecânico no Veículo";"Tombamento";"Com Vítimas Feridas";"Pleno dia";"Decrescente";"Céu Claro";"Simples";"Aclive";"Não";2;0;2;0;0;0;2;1;-7,14;-36,1449;"SPRF-PB";"DEL02-PB";"UOP02-DEL02-PB"
217936;2019-06-25;"terça-feira";"12:30:00";"SC";280;53,4;"GUARAMIRIM";"Falta de Atenção à Condução";"Queda de ocupante de veículo";"Com Vítimas Feridas";"Pleno dia";"Decrescente";"Sol";"Simples";"Reta";"Sim";3;0;2;0;1;0;2;2;-26,47236756;-48,97426617;"SPRF-SC";"DEL03-SC";"UOP03-DEL03-SC"
217937;2019-06-25;"terça-feira";"07:40:00";"PB";104;105,9;"SAO SEBASTIAO DE LAGOA DE  ROCA";"Animais na Pista";"Atropelamento de Animal";"Sem Vítimas";"Amanhecer";"Decrescente";"Céu Claro";"Simples";"Aclive";"Não";1;0;0;0;1;0;0;1;-7,08938993;-35,85454407;"SPRF-PB";"DEL02-PB";"UOP04-DEL02-PB"
217938;2019-06-25;"terça-feira";"12:50:00";"PB";101;91;"JOAO PESSOA";"Condutor Dormindo";"Saída de leito carroçável";"Sem Vítimas";"Pleno dia";"Decrescente";"Céu Claro";"Dupla";"Interseção de Vias";"Sim";1;0;0;0;1;0;0;1;-7,18826412;-34,90308264;"SPRF-PB";"DEL01-PB";"UOP01-DEL01-PB"
217939;2019-06-25;"terça-feira";"12:00:00";"BA";324;545;"AMELIA RODRIGUES";"Falta de Atenção do Pedestre";"Colisão transversal";"Com Vítimas Feridas";"Pleno dia";"Crescente";"Céu Claro";"Dupla";"Reta";"Sim";3;0;2;0;1;0;2;3;-12,40647;-38,753143;"SPRF-BA";"DEL01-BA";"UOP01-DEL01-BA"
217940;2019-06-25;"terça-feira";"10:00:00";"BA";420;227;"LAJE";"Defeito Mecânico no Veículo";"Incêndio";"Sem Vítimas";"Pleno dia";"Decrescente";"Nublado";"Simples";"Declive";"Não";1;0;0;0;1;0;0;1;-13,167367;-39,320485;"SPRF-BA";"DEL01-BA";"UOP02-DEL01-BA"
217942;2019-06-25;"terça-feira";"12:00:00";"SP";262;319,2;"CASTILHO";"Desobediência às normas de trânsito pelo condutor";"Colisão transversal";"Sem Vítimas";"Pleno dia";"Decrescente";"Céu Claro";"Simples";"Reta";"Não";4;0;0;0;4;0;0;2;-20,78051983;-51,59513524;"SPRF-MS";"DEL07-MS";"UOP01-DEL07-MS"
217943;2019-06-25;"terça-feira";"13:20:00";"SC";470;58,1;"BLUMENAU";"Falta de Atenção à Condução";"Colisão transversal";"Com Vítimas Feridas";"Pleno dia";"Decrescente";"Céu Claro";"Simples";"Retorno Regulamentado";"Sim";3;0;1;0;2;0;1;3;-26,883879;-49,145622;"SPRF-SC";"DEL04-SC";"UOP01-DEL04-SC"
217944;2019-06-25;"terça-feira";"11:35:00";"SC";282;576;"PINHALZINHO";"Falta de Atenção do Pedestre";"Atropelamento de Pedestre";"Com Vítimas Feridas";"Pleno dia";"Decrescente";"Céu Claro";"Simples";"Curva";"Não";3;0;3;0;0;0;3;2;-26,856054;-52,98011;"SPRF-SC";"DEL07-SC";"UOP02-DEL07-SC"
217946;2019-06-25;"terça-feira";"11:20:00";"RO";364;203;"PIMENTA BUENO";"Objeto estático sobre o leito carroçável";"Colisão com objeto estático";"Com Vítimas Feridas";"Pleno dia";"Decrescente";"Céu Claro";"Simples";"Reta";"Não";2;0;1;1;0;0;2;1;-11,62947438;-61,2056878;"SPRF-RO";"DEL02-RO";"UOP02-DEL02-RO"
217949;2019-06-25;"terça-feira";"13:20:00";"SC";101;236;"PALHOCA";"Falta de Atenção à Condução";"Tombamento";"Com Vítimas Feridas";"Pleno dia";"Crescente";"Céu Claro";"Múltipla";"Curva";"Sim";1;0;1;0;0;0;1;1;-27,82629382;-48,63034842;"SPRF-SC";"DEL01-SC";"UOP02-DEL01-SC"
217950;2019-06-25;"terça-feira";"13:20:00";"PR";476;114,8;"COLOMBO";"Falta de Atenção à Condução";"Colisão lateral";"Com Vítimas Feridas";"Pleno dia";"Crescente";"Céu Claro";"Simples";"Reta";"Sim";2;0;1;0;1;0;1;2;-25,34294005;-49,15849686;"SPRF-PR";"DEL01-PR";"UOP07-DEL01-PR"
217951;2019-06-25;"terça-feira";"14:00:00";"SE";101;50,3;"JAPARATUBA";"Pista Escorregadia";"Saída de leito carroçável";"Com Vítimas Feridas";"Pleno dia";"Decrescente";"Garoa/Chuvisco";"Dupla";"Aclive";"Não";1;0;1;0;0;0;1;1;-10,60303597;-36,9754765;"SPRF-SE";"DEL02-SE";"UOP02-DEL02-SE"
217953;2019-06-25;"terça-feira";"13:30:00";"ES";101;293;"CARIACICA";"Pista Escorregadia";"Queda de ocupante de veículo";"Com Vítimas Feridas";"Pleno dia";"Crescente";"Céu Claro";"Múltipla";"Reta";"Sim";1;0;1;0;0;0;1;1;-20,31526144;-40,39567044;"SPRF-ES";"DEL01-ES";"UOP01-DEL01-ES"
217955;2019-04-21;"domingo";"13:33:00";"BA";324;366;"SAO JOSE DO JACUIPE";"Ingestão de Álcool";"Colisão transversal";"Com Vítimas Feridas";"Pleno dia";"Decrescente";"Nublado";"Simples";"Reta";"Sim";3;0;1;2;0;0;3;2;-11,41474997;-39,91703499;"SPRF-BA";"DEL04-BA";"UOP02-DEL04-BA"
217956;2019-06-25;"terça-feira";"14:00:00";"MG";459;25,8;"CALDAS";"Velocidade Incompatível";"Colisão traseira";"Com Vítimas Feridas";"Pleno dia";"Crescente";"Nublado";"Simples";"Curva";"Não";7;0;1;0;6;0;1;4;-21,90523192;-46,37915701;"SPRF-MG";"DEL16-MG";"UOP01-DEL09-MG"
217958;2019-05-21;"terça-feira";"12:30:00";"PE";428;192;"PETROLINA";"Falta de Atenção à Condução";"Colisão lateral";"Com Vítimas Feridas";"Pleno dia";"Crescente";"Sol";"Dupla";"Retorno Regulamentado";"Sim";1;0;1;0;0;0;1;1;-9,38294567;-40,51061315;"SPRF-PE";"DEL06-PE";"UOP01-DEL06-PE"
217961;2019-06-25;"terça-feira";"14:20:00";"MA";10;251;"IMPERATRIZ";"Falta de Atenção à Condução";"Colisão transversal";"Com Vítimas Feridas";"Pleno dia";"Crescente";"Céu Claro";"Simples";"Interseção de Vias";"Sim";2;0;1;1;0;0;2;2;-5,543249;-47,464447;"SPRF-MA";"DEL04-MA";"UOP01-DEL04-MA"
217963;2019-06-25;"terça-feira";"14:40:00";"PR";476;103;"COLOMBO";"Avarias e/ou desgaste excessivo no pneu";"Saída de leito carroçável";"Com Vítimas Feridas";"Pleno dia";"Decrescente";"Céu Claro";"Simples";"Curva";"Não";5;0;2;0;3;0;2;1;-25,266514;-49,137409;"SPRF-PR";"DEL01-PR";"UOP07-DEL01-PR"
217964;2019-06-22;"sábado";"22:20:00";"MG";116;766,4;"LEOPOLDINA";"Desobediência às normas de trânsito pelo condutor";"Colisão transversal";"Com Vítimas Feridas";"Plena Noite";"Decrescente";"Nublado";"Simples";"Reta";"Não";3;0;1;0;2;0;1;2;-21,5271992;-42,65302264;"SPRF-MG";"DEL07-MG";"UOP01-DEL07-MG"
217965;2019-06-25;"terça-feira";"15:30:00";"PR";369;147,2;"LONDRINA";"Não guardar distância de segurança";"Colisão traseira";"Com Vítimas Feridas";"Pleno dia";"Decrescente";"Céu Claro";"Dupla";"Interseção de Vias";"Sim";3;0;2;0;1;0;2;2;-23,29314581;-51,13479406;"SPRF-PR";"DEL07-PR";"UOP01-DEL07-PR"
217967;2019-06-25;"terça-feira";"14:30:00";"MS";60;173,9;"CAMAPUA";"Avarias e/ou desgaste excessivo no pneu";"Saída de leito carroçável";"Com Vítimas Feridas";"Pleno dia";"Crescente";"Céu Claro";"Simples";"Reta;Declive";"Não";1;0;1;0;0;0;1;1;-19,50413487;-53,84353905;"SPRF-MS";"DEL06-MS";"UOP02-DEL06-MS"
217968;2019-06-25;"terça-feira";"15:40:00";"RJ";116;166,7;"SAO JOAO DE MERITI";"Não guardar distância de segurança";"Colisão traseira";"Com Vítimas Feridas";"Pleno dia";"Crescente";"Céu Claro";"Múltipla";"Reta";"Sim";3;0;0;1;2;0;1;2;-22,81560263;-43,30051808;"SPRF-RJ";"DEL01-RJ";"UOP02-DEL01-RJ"
217970;2019-06-13;"quinta-feira";"07:00:00";"MS";163;615,4;"SAO GABRIEL DO OESTE";"Falta de Atenção à Condução";"Colisão transversal";"Com Vítimas Feridas";"Pleno dia";"Crescente";"Céu Claro";"Simples";"Reta";"Sim";6;0;3;0;3;0;3;2;-19,39850778;-54,56579964;"SPRF-MS";"DEL06-MS";"UOP02-DEL06-MS"
217973;2019-06-25;"terça-feira";"15:00:00";"MS";463;95,5;"PONTA PORA";"Velocidade Incompatível";"Saída de leito carroçável";"Com Vítimas Feridas";"Pleno dia";"Crescente";"Céu Claro";"Simples";"Reta";"Não";4;0;2;0;0;2;2;2;-22,62050772;-55,57584286;"SPRF-MS";"DEL04-MS";"UOP03-DEL04-MS"
217974;2019-06-25;"terça-feira";"15:55:00";"SE";235;34;"AREIA BRANCA";"Falta de Atenção à Condução";"Colisão traseira";"Com Vítimas Feridas";"Pleno dia";"Crescente";"Céu Claro";"Múltipla";"Curva";"Sim";2;0;1;0;1;0;1;2;-10,76075618;-37,31776714;"SPRF-SE";"DEL01-SE";"UOP02-DEL01-SE"
217975;2019-06-25;"terça-feira";"16:35:00";"RS";472;577,1;"URUGUAIANA";"Falta de Atenção à Condução";"Colisão transversal";"Com Vítimas Feridas";"Pleno dia";"Decrescente";"Nublado";"Simples";"Reta";"Sim";2;0;1;0;1;0;1;2;-29,77848622;-57,06137896;"SPRF-RS";"DEL13-RS";"UOP01-DEL13-RS"
217976;2019-06-25;"terça-feira";"16:20:00";"MG";381;942;"EXTREMA";"Velocidade Incompatível";"Saída de leito carroçável";"Sem Vítimas";"Pleno dia";"Crescente";"Céu Claro";"Dupla";"Reta";"Não";1;0;0;0;1;0;0;1;-22,86605937;-46,34940386;"SPRF-MG";"DEL16-MG";"UOP03-DEL16-MG"
217978;2019-06-25;"terça-feira";"15:30:00";"SC";101;39;"JOINVILLE";"Defeito Mecânico no Veículo";"Tombamento";"Com Vítimas Feridas";"Pleno dia";"Crescente";"Céu Claro";"Dupla";"Reta";"Não";2;0;1;0;1;0;1;1;-26,2628107;-48,90192257;"SPRF-SC";"DEL03-SC";"UOP01-DEL03-SC"
217981;2019-06-25;"terça-feira";"17:40:00";"MG";40;515;"RIBEIRAO DAS NEVES";"Defeito Mecânico no Veículo";"Queda de ocupante de veículo";"Com Vítimas Feridas";"Plena Noite";"Decrescente";"Céu Claro";"Dupla";"Reta";"Sim";2;0;2;0;0;0;2;1;-19,8090079;-44,09493479;"SPRF-MG";"DEL01-MG";"UOP02-DEL01-MG"
217982;2019-06-25;"terça-feira";"16:15:00";"PR";476;123;"CURITIBA";"Falta de Atenção à Condução";"Colisão traseira";"Com Vítimas Feridas";"Pleno dia";"Decrescente";"Céu Claro";"Dupla";"Reta";"Sim";2;0;1;0;1;0;1;2;-25,392904;-49,209557;"SPRF-PR";"DEL01-PR";"UOP07-DEL01-PR"
217983;2019-06-25;"terça-feira";"15:15:00";"RR";401;57;"BONFIM";"Velocidade Incompatível";"Saída de leito carroçável";"Com Vítimas Fatais";"Pleno dia";"Decrescente";"Chuva";"Simples";"Curva";"Não";5;2;0;3;0;0;3;1;3,11119542;-60,33138325;"SPRF-RR";"DEL01-RR";"UOP03/RR"
217985;2019-06-25;"terça-feira";"17:50:00";"SC";282;2,5;"FLORIANOPOLIS";"Falta de Atenção à Condução";"Colisão traseira";"Com Vítimas Feridas";"Plena Noite";"Crescente";"Céu Claro";"Dupla";"Reta";"Sim";2;0;0;1;0;1;1;2;-27,603289;-48,590416;"SPRF-SC";"DEL01-SC";"UOP01-DEL01-SC"
217986;2019-06-25;"terça-feira";"11:00:00";"RS";158;548,8;"SANTANA DO LIVRAMENTO";"Animais na Pista";"Atropelamento de Animal";"Com Vítimas Feridas";"Pleno dia";"Crescente";"Garoa/Chuvisco";"Simples";"Curva";"Não";2;0;0;1;1;0;1;2;-30,82830191;-55,35611998;"SPRF-RS";"DEL11-RS";"UOP01-DEL11-RS"
217988;2019-06-25;"terça-feira";"18:20:00";"PR";376;176;"MARINGA";"Desobediência às normas de trânsito pelo condutor";"Colisão lateral";"Com Vítimas Feridas";"Plena Noite";"Crescente";"Céu Claro";"Dupla";"Reta";"Sim";2;0;1;0;1;0;1;2;-23,41269173;-51,93158327;"SPRF-PR";"DEL07-PR";"UOP01-DEL09-PR"
217989;2019-06-25;"terça-feira";"17:45:00";"RS";470;216;"BENTO GONCALVES";"Falta de Atenção à Condução";"Colisão transversal";"Com Vítimas Feridas";"Anoitecer";"Crescente";"Chuva";"Simples";"Retorno Regulamentado";"Não";2;0;2;0;0;0;2;2;-29,15887096;-51,53142395;"SPRF-RS";"DEL06-RS";"UOP01-DEL06-RS"
217993;2019-06-25;"terça-feira";"17:20:00";"RJ";116;164,4;"RIO DE JANEIRO";"Falta de Atenção à Condução";"Queda de ocupante de veículo";"Com Vítimas Feridas";"Anoitecer";"Crescente";"Nublado";"Múltipla";"Reta";"Sim";1;0;0;1;0;0;1;1;-22,81074068;-43,28844363;"SPRF-RJ";"DEL01-RJ";"UOP02-DEL01-RJ"
217994;2019-06-25;"terça-feira";"18:55:00";"PR";369;96,2;"CORNELIO PROCOPIO";"Animais na Pista";"Atropelamento de Animal";"Com Vítimas Feridas";"Plena Noite";"Crescente";"Céu Claro";"Simples";"Aclive;Reta;Em Obras";"Não";2;0;2;0;0;0;2;1;-23,23511557;-50,68230271;"SPRF-PR";"DEL07-PR";"UOP05-DEL07-PR"
217996;2019-06-25;"terça-feira";"13:30:00";"RS";158;558,2;"SANTANA DO LIVRAMENTO";"Avarias e/ou desgaste excessivo no pneu";"Saída de leito carroçável";"Sem Vítimas";"Pleno dia";"Decrescente";"Chuva";"Simples";"Reta";"Não";1;0;0;0;1;0;0;1;-30,84439465;-55,44613406;"SPRF-RS";"DEL11-RS";"UOP01-DEL11-RS"
217997;2019-06-25;"terça-feira";"18:00:00";"SC";101;117,5;"ITAJAI";"Falta de Atenção à Condução";"Colisão lateral";"Com Vítimas Feridas";"Plena Noite";"Crescente";"Céu Claro";"Dupla";"Reta";"Não";3;0;1;0;2;0;1;2;-26,88747187;-48,72252969;"SPRF-SC";"DEL04-SC";"UOP04-DEL04-SC"
217998;2019-06-25;"terça-feira";"17:40:00";"MT";364;206,8;"RONDONOPOLIS";"Ingestão de Álcool";"Colisão transversal";"Com Vítimas Feridas";"Anoitecer";"Decrescente";"Céu Claro";"Dupla";"Reta";"Sim";2;0;2;0;0;0;2;2;-16,45124779;-54,66469557;"SPRF-MT";"DEL02-MT";"UOP01-DEL02-MT"
217999;2019-06-25;"terça-feira";"16:40:00";"MT";70;539;"NOSSA SENHORA DO LIVRAMENTO";"Desobediência às normas de trânsito pelo condutor";"Colisão transversal";"Sem Vítimas";"Pleno dia";"Crescente";"Céu Claro";"Simples";"Reta";"Não";6;0;0;0;6;0;0;2;-15,67908787;-56,29537761;"SPRF-MT";"DEL01-MT";"DEL2/4-UOP02/MT"
218001;2019-06-25;"terça-feira";"18:00:00";"PI";343;345,1;"TERESINA";"Falta de Atenção à Condução";"Colisão lateral";"Com Vítimas Feridas";"Plena Noite";"Decrescente";"Céu Claro";"Dupla";"Reta";"Sim";3;0;1;0;1;1;1;3;-5,102889;-42,766506;"SPRF-PI";"DEL01-PI";"UOP01-DEL01-PI"
218002;2019-06-25;"terça-feira";"19:15:00";"CE";20;429,2;"FORTALEZA";"Pista Escorregadia";"Queda de ocupante de veículo";"Com Vítimas Feridas";"Plena Noite";"Decrescente";"Céu Claro";"Dupla";"Curva";"Sim";2;0;2;0;0;0;2;1;-3,76833742;-38,66724014;"SPRF-CE";"DEL01-CE";"UOP02-DEL01-CE"
218003;2019-06-25;"terça-feira";"17:55:00";"MS";163;235,6;"CAARAPO";"Defeito Mecânico no Veículo";"Incêndio";"Sem Vítimas";"Plena Noite";"Decrescente";"Céu Claro";"Dupla";"Reta";"Não";1;0;0;0;1;0;0;1;-22,42685532;-54,81050938;"SPRF-MS";"DEL04-MS";"UOP02-DEL04-MS"
218004;2019-06-25;"terça-feira";"17:30:00";"PE";423;67;"JUPI";"Ingestão de Álcool";"Colisão frontal";"Com Vítimas Feridas";"Pleno dia";"Crescente";"Céu Claro";"Simples";"Reta";"Não";5;0;2;0;3;0;2;2;-8,67054427;-36,38419094;"SPRF-PE";"DEL03-PE";"UOP01-DEL03-PE"