"id";"data_inversa";"dia_semana";"horario";"uf";"br";"km";"municipio";"causa_acidente";"tipo_acidente";"classificacao_acidente";"fase_dia";"sentido_via";"condicao_metereologica";"tipo_pista";"tracado_via";"uso_solo";"pessoas";"mortos";"feridos_leves";"feridos_graves";"ilesos";"ignorados";"feridos";"veiculos";"latitude";"longitude";"regional";"delegacia";"uop"
218005;2019-06-25;"terça-feira";"18:00:00";"MT";163;701;"SORRISO";"Defeito Mecânico no Veículo";"Queda de ocupante de veículo";"Com Vítimas Feridas";"Anoitecer";"Decrescente";"Céu Claro";"Simples";"Reta";"Não";2;0;2;0;0;0;2;1;-12,97177289;-55,8757782;"SPRF-MT";"DEL06-MT";"UOP01-DEL06-MT"
218006;2019-06-25;"terça-feira";"11:40:00";"GO";50;174;"CAMPO ALEGRE DE GOIAS";"Condutor Dormindo";"Saída de leito carroçável";"Com Vítimas Feridas";"Pleno dia";"Decrescente";"Céu Claro";"Dupla";"Reta";"Não";1;0;0;1;0;0;1;1;-17,3632;-47,7889;"SPRF-GO";"DEL06-GO";"UOP01-DEL06-GO"
218007;2019-06-25;"terça-feira";"19:40:00";"PI";343;345,2;"TERESINA";"Falta de Atenção à Condução";"Colisão traseira";"Sem Vítimas";"Plena Noite";"Crescente";"Céu Claro";"Simples";"Reta";"Não";2;0;0;0;2;0;0;2;-5,102889;-42,766506;"SPRF-PI";"DEL01-PI";"UOP01-DEL01-PI"
218012;2019-06-25;"terça-feira";"19:00:00";"RJ";101;405;"ITAGUAI";"Falta de Atenção à Condução";"Colisão frontal";"Com Vítimas Feridas";"Plena Noite";"Crescente";"Céu Claro";"Dupla";"Reta";"Sim";3;0;0;2;1;0;2;2;-22,867606;-43,802743;"SPRF-RJ";"DEL03-RJ";"UOP01-DEL03-RJ"
218014;2019-06-25;"terça-feira";"19:50:00";"ES";101;267,5;"SERRA";"Falta de Atenção do Pedestre";"Atropelamento de Pedestre";"Com Vítimas Feridas";"Plena Noite";"Crescente";"Céu Claro";"Dupla";"Reta";"Sim";2;0;1;0;1;0;1;2;-20,19930999;-40,26884609;"SPRF-ES";"DEL02-ES";"UOP01-DEL02-ES"
218016;2019-06-25;"terça-feira";"19:45:00";"PR";116;164;"QUITANDINHA";"Falta de Atenção à Condução";"Colisão transversal";"Com Vítimas Feridas";"Plena Noite";"Crescente";"Nublado";"Simples";"Curva";"Sim";2;0;1;0;1;0;1;2;-25,86445029;-49,42745303;"SPRF-PR";"DEL01-PR";"UOP03-DEL01-PR"
218017;2019-06-25;"terça-feira";"18:40:00";"MT";70;528;"VARZEA GRANDE";"Desobediência às normas de trânsito pelo condutor";"Colisão transversal";"Com Vítimas Feridas";"Plena Noite";"Crescente";"Céu Claro";"Simples";"Interseção de Vias";"Não";3;0;2;0;1;0;2;2;-15,649207;-56,19486;"SPRF-MT";"DEL01-MT";"DEL2/4-UOP02/MT"
218018;2019-06-25;"terça-feira";"19:00:00";"MS";163;690,5;"RIO VERDE DE MATO GROSSO";"Animais na Pista";"Atropelamento de Animal";"Sem Vítimas";"Plena Noite";"Decrescente";"Céu Claro";"Simples";"Reta;Declive";"Não";2;0;0;0;2;0;0;1;-18,83342401;-54,81395602;"SPRF-MS";"DEL06-MS";"UOP01-DEL06-MS"
218022;2019-06-25;"terça-feira";"18:50:00";"CE";116;2,7;"FORTALEZA";"Não guardar distância de segurança";"Engavetamento";"Com Vítimas Feridas";"Plena Noite";"Crescente";"Céu Claro";"Dupla";"Reta";"Sim";4;0;2;0;2;0;2;3;-3,77019802;-38,51724508;"SPRF-CE";"DEL01-CE";"UOP02-DEL01-CE"
218023;2019-06-25;"terça-feira";"21:15:00";"SP";116;63;"GUARATINGUETA";"Falta de Atenção do Pedestre";"Atropelamento de Pedestre";"Com Vítimas Fatais";"Plena Noite";"Decrescente";"Céu Claro";"Dupla";"Reta";"Não";2;1;0;0;1;0;0;2;-22,81269631;-45,1780086;"SPRF-SP";"DEL08-SP";"UOP01-DEL08-SP"
218025;2019-06-25;"terça-feira";"21:20:00";"RJ";40;100;"DUQUE DE CAXIAS";"Ultrapassagem Indevida";"Colisão frontal";"Com Vítimas Fatais";"Plena Noite";"Crescente";"Céu Claro";"Dupla";"Reta";"Sim";2;1;0;0;1;0;0;2;-22,60672136;-43,28647614;"SPRF-RJ";"DEL06-RJ";"UOP01-DEL06-RJ"
218027;2019-06-25;"terça-feira";"21:00:00";"AL";423;50;"INHAPI";"Falta de Atenção à Condução";"Atropelamento de Pedestre";"Com Vítimas Feridas";"Plena Noite";"Decrescente";"Céu Claro";"Simples";"Reta";"Sim";2;0;0;1;1;0;1;2;-9,26162806;-37,72221898;"SPRF-AL";"DEL03-AL";"UOP02-DEL03-AL"
218028;2019-06-25;"terça-feira";"21:30:00";"RJ";101;311,8;"SAO GONCALO";"Desobediência às normas de trânsito pelo condutor";"Tombamento";"Com Vítimas Feridas";"Plena Noite";"Crescente";"Céu Claro";"Dupla";"Reta";"Não";1;0;0;1;0;0;1;1;-22,80062246;-43,05318779;"SPRF-RJ";"DEL02-RJ";"DEL5/2-UOP04/RJ"
218030;2019-06-25;"terça-feira";"11:22:00";"RO";319;61;"PORTO VELHO";"Falta de Atenção à Condução";"Colisão traseira";"Com Vítimas Feridas";"Pleno dia";"Crescente";"Sol";"Dupla";"Reta";"Sim";2;0;1;0;1;0;1;2;-8,766685;-63,884052;"SPRF-RO";"DEL01-RO";"UOP01-DEL01-RO"
218031;2019-06-25;"terça-feira";"22:00:00";"RN";226;10;"MACAIBA";"Animais na Pista";"Atropelamento de Animal";"Com Vítimas Feridas";"Plena Noite";"Decrescente";"Céu Claro";"Simples";"Reta";"Sim";1;0;1;0;0;0;1;1;-5,84199104;-35,29535395;"SPRF-RN";"DEL01-RN";"UOP02-DEL01-RN"
218032;2019-06-25;"terça-feira";"20:50:00";"MS";262;314;"CAMPO GRANDE";"Animais na Pista";"Atropelamento de Animal";"Sem Vítimas";"Plena Noite";"Crescente";"Céu Claro";"Simples";"Reta";"Não";2;0;0;0;2;0;0;1;-20,47232929;-54,41992701;"SPRF-MS";"DEL01-MS";"UOP01-DEL01-MS"
218033;2019-06-25;"terça-feira";"22:45:00";"GO";153;441,7;"ANAPOLIS";"Desobediência às normas de trânsito pelo condutor";"Colisão com objeto estático";"Com Vítimas Feridas";"Plena Noite";"Decrescente";"Céu Claro";"Simples";"Em Obras";"Sim";1;0;1;0;0;0;1;1;-16,315866;-48,921612;"SPRF-GO";"DEL02-GO";"UOP01-DEL02-GO"
218035;2019-06-25;"terça-feira";"22:30:00";"MG";381;459;"BELO HORIZONTE";"Condutor Dormindo";"Capotamento";"Com Vítimas Feridas";"Plena Noite";"Crescente";"Céu Claro";"Dupla";"Aclive;Reta";"Não";2;0;0;1;0;1;1;2;-19,86832234;-43,9373869;"SPRF-MG";"DEL01-MG";"UOP01-DEL01-MG"
218036;2019-06-25;"terça-feira";"21:45:00";"RS";392;258,5;"CACAPAVA DO SUL";"Defeito na Via";"Tombamento";"Com Vítimas Feridas";"Plena Noite";"Crescente";"Nublado";"Simples";"Em Obras";"Sim";1;0;1;0;0;0;1;1;-30,492989;-53,47792;"SPRF-RS";"DEL09-RS";"UOP02-DEL09-RS"
218037;2019-06-25;"terça-feira";"23:20:00";"TO";153;430,3;"MIRACEMA DO TOCANTINS";"Falta de Atenção à Condução";"Saída de leito carroçável";"Com Vítimas Feridas";"Plena Noite";"Decrescente";"Céu Claro";"Simples";"Curva";"Não";1;0;1;0;0;0;1;1;-9,66529611;-48,64658566;"SPRF-TO";"DEL02-TO";"UOP01-DEL01-TO"
218039;2019-06-25;"terça-feira";"23:30:00";"CE";116;381,9;"ICO";"Defeito na Via";"Colisão com objeto estático";"Sem Vítimas";"Plena Noite";"Crescente";"Céu Claro";"Simples";"Reta";"Não";1;0;0;0;1;0;0;1;-6,43171103;-38,85794634;"SPRF-CE";"DEL05-CE";"UOP01-DEL05-CE"
218044;2019-06-26;"quarta-feira";"00:45:00";"MG";267;161,4;"LIMA DUARTE";"Falta de Atenção à Condução";"Colisão transversal";"Com Vítimas Feridas";"Plena Noite";"Decrescente";"Nevoeiro/Neblina";"Simples";"Interseção de Vias";"Não";5;0;3;0;2;0;3;2;-21,8462762;-43,79762289;"SPRF-MG";"DEL05-MG";"UOP01-DEL05-MG"
218045;2019-06-26;"quarta-feira";"01:15:00";"PE";101;53;"PAULISTA";"Velocidade Incompatível";"Saída de leito carroçável";"Com Vítimas Feridas";"Plena Noite";"Decrescente";"Nublado";"Múltipla";"Curva";"Sim";1;0;1;0;0;0;1;1;-7,93124094;-34,90068606;"SPRF-PE";"DEL01-PE";"UOP02-DEL01-PE"
218049;2019-06-26;"quarta-feira";"03:00:00";"MT";163;838;"SINOP";"Ingestão de Álcool";"Queda de ocupante de veículo";"Com Vítimas Feridas";"Plena Noite";"Decrescente";"Céu Claro";"Simples";"Reta";"Sim";1;0;1;0;0;0;1;1;-11,834197;-55,488788;"SPRF-MT";"DEL06-MT";"UOP02-DEL06-MT"
218058;2019-06-25;"terça-feira";"10:20:00";"MA";222;290;"VITORIA DO MEARIM";"Sinalização da via insuficiente ou inadequada";"Danos eventuais";"Sem Vítimas";"Pleno dia";"Decrescente";"Céu Claro";"Simples";"Rotatória";"Sim";3;0;0;0;2;1;0;3;-3,45263624;-44,85579795;"SPRF-MA";"DEL02-MA";"UI04-DEL02-MA"
218060;2019-06-26;"quarta-feira";"07:00:00";"SC";470;1;"GASPAR";"Falta de Atenção à Condução";"Colisão transversal";"Com Vítimas Feridas";"Amanhecer";"Decrescente";"Chuva";"Simples";"Reta";"Sim";2;0;0;1;1;0;1;2;-26,91986103;-48,9592446;"SPRF-SC";"DEL04-SC";"UOP01-DEL04-SC"
218061;2019-06-26;"quarta-feira";"07:00:00";"SP";153;58,4;"SAO JOSE DO RIO PRETO";"Desobediência às normas de trânsito pelo condutor";"Colisão lateral";"Com Vítimas Feridas";"Pleno dia";"Crescente";"Sol";"Simples";"Reta";"Sim";2;0;1;0;1;0;1;2;-20,77838195;-49,35300538;"SPRF-SP";"DEL09-SP";"UOP01-DEL09-SP"
218063;2019-06-26;"quarta-feira";"07:00:00";"GO";40;1,3;"VALPARAISO DE GOIAS";"Falta de Atenção à Condução";"Atropelamento de Pedestre";"Com Vítimas Feridas";"Pleno dia";"Decrescente";"Céu Claro";"Dupla";"Reta";"Sim";2;0;1;0;1;0;1;2;-16,058245;-47,982825;"SPRF-DF";"DEL01-DF";"UOP01-DEL01-DF"
218064;2019-06-26;"quarta-feira";"07:00:00";"SC";280;52,8;"GUARAMIRIM";"Falta de Atenção à Condução";"Colisão traseira";"Com Vítimas Feridas";"Pleno dia";"Decrescente";"Chuva";"Simples";"Reta";"Sim";2;0;0;1;1;0;1;2;-26,468904;-48,96492;"SPRF-SC";"DEL03-SC";"UOP03-DEL03-SC"
218067;2019-06-25;"terça-feira";"20:40:00";"MG";40;511;"RIBEIRAO DAS NEVES";"Falta de Atenção à Condução";"Colisão traseira";"Com Vítimas Feridas";"Plena Noite";"Decrescente";"Céu Claro";"Dupla";"Reta";"Sim";2;0;1;0;1;0;1;2;-19,78164295;-44,11733194;"SPRF-MG";"DEL01-MG";"UOP02-DEL01-MG"
218068;2019-06-26;"quarta-feira";"07:35:00";"PA";316;52,9;"CASTANHAL";"Falta de Atenção à Condução";"Saída de leito carroçável";"Sem Vítimas";"Pleno dia";"Crescente";"Céu Claro";"Dupla";"Reta";"Sim";1;0;0;0;1;0;0;1;-1,30732485;-48,02586802;"SPRF-PA";"DEL01-PA";"UOP01-DEL01-PA"
218069;2019-06-26;"quarta-feira";"07:20:00";"SC";470;133,4;"RIO DO SUL";"Falta de Atenção à Condução";"Colisão transversal";"Com Vítimas Feridas";"Pleno dia";"Decrescente";"Chuva";"Simples";"Reta";"Sim";2;0;1;0;1;0;1;2;-27,17262789;-49,58313882;"SPRF-SC";"DEL04-SC";"UOP02-DEL04-SC"
218070;2019-06-26;"quarta-feira";"08:00:00";"PE";101;69;"RECIFE";"Falta de Atenção à Condução";"Queda de ocupante de veículo";"Com Vítimas Feridas";"Pleno dia";"Crescente";"Céu Claro";"Dupla";"Reta";"Sim";2;0;1;0;1;0;1;2;-8,05951606;-34,94581024;"SPRF-PE";"DEL01-PE";"UOP01-DEL01-PE"
218071;2019-06-26;"quarta-feira";"07:50:00";"ES";101;143;"LINHARES";"Falta de Atenção do Pedestre";"Atropelamento de Pedestre";"Com Vítimas Feridas";"Pleno dia";"Decrescente";"Céu Claro";"Simples";"Reta";"Não";2;0;1;0;0;1;1;2;-19,34286596;-40,0638568;"SPRF-ES";"DEL04-ES";"UOP01-DEL04-ES"
218072;2019-06-26;"quarta-feira";"07:00:00";"MS";163;465,5;"CAMPO GRANDE";"Avarias e/ou desgaste excessivo no pneu";"Queda de ocupante de veículo";"Com Vítimas Feridas";"Pleno dia";"Crescente";"Chuva";"Simples";"Reta";"Sim";2;0;2;0;0;0;2;1;-20,59143;-54,58122;"SPRF-MS";"DEL01-MS";"UOP01-DEL01-MS"
218073;2019-06-26;"quarta-feira";"07:10:00";"RJ";101;313;"SAO GONCALO";"Não guardar distância de segurança";"Tombamento";"Com Vítimas Feridas";"Pleno dia";"Crescente";"Céu Claro";"Dupla";"Reta";"Sim";1;0;1;0;0;0;1;1;-22,81049093;-43,06983304;"SPRF-RJ";"DEL02-RJ";"DEL5/2-UOP04/RJ"
218079;2019-06-26;"quarta-feira";"08:25:00";"DF";70;11,7;"BRASILIA";"Velocidade Incompatível";"Colisão traseira";"Com Vítimas Fatais";"Pleno dia";"Crescente";"Céu Claro";"Dupla";"Reta";"Sim";2;1;0;1;0;0;1;2;-15,789762;-48,148727;"SPRF-DF";"DEL01-DF";"UOP02-DEL03-DF"
218080;2019-06-26;"quarta-feira";"07:50:00";"SC";101;132,3;"BALNEARIO CAMBORIU";"Não guardar distância de segurança";"Tombamento";"Com Vítimas Feridas";"Pleno dia";"Crescente";"Chuva";"Dupla";"Reta";"Sim";1;0;1;0;0;0;1;1;-26,99654133;-48,65564711;"SPRF-SC";"DEL04-SC";"UOP03-DEL04-SC"
218083;2019-06-26;"quarta-feira";"07:20:00";"MG";381;781;"CAMPANHA";"Condutor Dormindo";"Saída de leito carroçável";"Com Vítimas Feridas";"Pleno dia";"Decrescente";"Céu Claro";"Dupla";"Curva";"Não";6;0;6;0;0;0;6;1;-21,85166608;-45,52037769;"SPRF-MG";"DEL16-MG";"UOP02-DEL16-MG"
218088;2019-06-26;"quarta-feira";"08:15:00";"PR";376;171,3;"MARINGA";"Não guardar distância de segurança";"Queda de ocupante de veículo";"Com Vítimas Feridas";"Pleno dia";"Crescente";"Chuva";"Dupla";"Reta";"Sim";1;0;1;0;0;0;1;1;-23,41883298;-51,97288513;"SPRF-PR";"DEL07-PR";"UOP01-DEL09-PR"
218089;2019-06-26;"quarta-feira";"08:15:00";"PB";230;76;"RIACHAO DO POCO";"Condutor Dormindo";"Saída de leito carroçável";"Com Vítimas Feridas";"Pleno dia";"Decrescente";"Sol";"Dupla";"Reta";"Não";2;0;1;0;1;0;1;1;-7,1889;-35,2782;"SPRF-PB";"DEL01-PB";"UOP03-DEL01-PB"
218093;2019-06-25;"terça-feira";"08:40:00";"RO";364;342,7;"JI-PARANA";"Falta de Atenção do Pedestre";"Atropelamento de Pedestre";"Com Vítimas Feridas";"Pleno dia";"Crescente";"Sol";"Simples";"Reta;Declive";"Sim";2;0;0;1;1;0;1;2;-10,87983653;-61,94289207;"SPRF-RO";"DEL02-RO";"UOP01-DEL02-RO"
218094;2019-06-26;"quarta-feira";"08:20:00";"SC";101;209,9;"SAO JOSE";"Falta de Atenção à Condução";"Tombamento";"Com Vítimas Feridas";"Pleno dia";"Decrescente";"Chuva";"Múltipla";"Aclive;Reta";"Sim";1;0;1;0;0;0;1;1;-27,61000542;-48,63895057;"SPRF-SC";"DEL01-SC";"UOP01-DEL01-SC"
218097;2019-06-26;"quarta-feira";"09:05:00";"SC";101;204,5;"SAO JOSE";"Falta de Atenção à Condução";"Tombamento";"Com Vítimas Feridas";"Pleno dia";"Crescente";"Chuva";"Dupla";"Reta";"Sim";1;0;1;0;0;0;1;1;-27,57413014;-48,61363083;"SPRF-SC";"DEL01-SC";"UOP01-DEL01-SC"
218098;2019-06-26;"quarta-feira";"09:35:00";"MG";40;471,4;"SETE LAGOAS";"Pista Escorregadia";"Tombamento";"Com Vítimas Feridas";"Pleno dia";"Decrescente";"Céu Claro";"Dupla";"Curva";"Sim";1;0;1;0;0;0;1;1;-19,47543632;-44,29066576;"SPRF-MG";"DEL02-MG";"UOP01-DEL02-MG"
218099;2019-06-26;"quarta-feira";"09:40:00";"MG";381;732,5;"CARMO DA CACHOEIRA";"Condutor Dormindo";"Saída de leito carroçável";"Com Vítimas Feridas";"Pleno dia";"Decrescente";"Céu Claro";"Dupla";"Curva";"Não";2;0;2;0;0;0;2;1;-21,52260784;-45,22378456;"SPRF-MG";"DEL04-MG";"UOP02-DEL04-MG"
218100;2019-06-13;"quinta-feira";"05:40:00";"BA";20;209;"LUIS EDUARDO MAGALHAES";"Falta de Atenção à Condução";"Colisão traseira";"Com Vítimas Feridas";"Amanhecer";"Crescente";"Céu Claro";"Dupla";"Reta";"Sim";1;0;0;1;0;0;1;1;-12,09832587;-45,80766678;"SPRF-BA";"DEL10-BA";"UOP01-DEL10-BA"
218103;2019-06-26;"quarta-feira";"09:45:00";"PR";376;190,9;"MARIALVA";"Pista Escorregadia";"Colisão com objeto estático";"Sem Vítimas";"Pleno dia";"Decrescente";"Chuva";"Dupla";"Reta;Declive";"Não";1;0;0;0;1;0;0;1;-23,47560277;-51,81167587;"SPRF-PR";"DEL07-PR";"UOP01-DEL09-PR"
218105;2019-06-26;"quarta-feira";"10:00:00";"PB";230;147,8;"CAMPINA GRANDE";"Não guardar distância de segurança";"Queda de ocupante de veículo";"Com Vítimas Feridas";"Pleno dia";"Crescente";"Garoa/Chuvisco";"Simples";"Rotatória";"Sim";1;0;1;0;0;0;1;1;-7,2425;-35,8567;"SPRF-PB";"DEL02-PB";"UOP01-DEL02-PB"
218110;2019-06-26;"quarta-feira";"10:00:00";"RJ";101;81;"CAMPOS DOS GOYTACAZES";"Condutor Dormindo";"Colisão frontal";"Com Vítimas Feridas";"Pleno dia";"Decrescente";"Céu Claro";"Simples";"Reta";"Sim";2;0;1;1;0;0;2;2;-21,83221147;-41,44729712;"SPRF-RJ";"DEL08-RJ";"UOP02-DEL08-RJ"
218112;2019-06-26;"quarta-feira";"10:15:00";"ES";262;104;"VENDA NOVA DO IMIGRANTE";"Falta de Atenção à Condução";"Colisão traseira";"Com Vítimas Feridas";"Pleno dia";"Decrescente";"Céu Claro";"Simples";"Reta";"Sim";2;0;1;0;1;0;1;2;-20,33302593;-41,12931881;"SPRF-ES";"DEL01-ES";"UOP02-DEL01-ES"
218115;2019-06-26;"quarta-feira";"11:10:00";"PR";277;97;"CURITIBA";"Falta de Atenção à Condução";"Colisão transversal";"Com Vítimas Feridas";"Pleno dia";"Decrescente";"Chuva";"Simples";"Interseção de Vias";"Sim";2;0;0;1;1;0;1;2;-25,54577186;-49,29537197;"SPRF-PR";"DEL01-PR";"UOP06-DEL01-PR"
218116;2019-06-26;"quarta-feira";"11:10:00";"SC";101;203,9;"SAO JOSE";"Defeito Mecânico no Veículo";"Tombamento";"Com Vítimas Feridas";"Pleno dia";"Crescente";"Chuva";"Dupla";"Interseção de Vias";"Sim";1;0;1;0;0;0;1;1;-27,5650044;-48,61460082;"SPRF-SC";"DEL01-SC";"UOP01-DEL01-SC"
218119;2019-06-26;"quarta-feira";"06:20:00";"RO";435;120;"CEREJEIRAS";"Defeito Mecânico no Veículo";"Incêndio";"Sem Vítimas";"Amanhecer";"Decrescente";"Céu Claro";"Simples";"Reta";"Não";2;0;0;0;2;0;0;1;-13,18559264;-60,78330497;"SPRF-RO";"DEL04-RO";"UOP02-DEL04-RO"
218120;2019-06-26;"quarta-feira";"11:10:00";"MG";381;487;"BETIM";"Objeto estático sobre o leito carroçável";"Queda de ocupante de veículo";"Com Vítimas Feridas";"Pleno dia";"Crescente";"Nublado";"Dupla";"Curva";"Não";1;0;1;0;0;0;1;1;-19,95586853;-44,14609501;"SPRF-MG";"DEL01-MG";"UOP03-DEL01-MG"
218121;2019-06-26;"quarta-feira";"12:00:00";"PE";408;105;"JABOATAO DOS GUARARAPES";"Falta de Atenção à Condução";"Colisão transversal";"Com Vítimas Feridas";"Pleno dia";"Crescente";"Céu Claro";"Simples";"Reta";"Sim";3;0;2;0;1;0;2;2;-8,07875981;-34,99333447;"SPRF-PE";"DEL01-PE";"UOP01-DEL01-PE"
218123;2019-06-26;"quarta-feira";"11:30:00";"MS";163;486,4;"CAMPO GRANDE";"Falta de Atenção à Condução";"Colisão transversal";"Com Vítimas Feridas";"Pleno dia";"Crescente";"Chuva";"Simples";"Reta";"Sim";2;0;1;0;1;0;1;2;-20,4336361;-54,54376745;"SPRF-MS";"DEL01-MS";"UOP02-DEL01-MS"
218125;2019-06-26;"quarta-feira";"12:20:00";"GO";60;164,8;"GOIANIA";"Falta de Atenção à Condução";"Queda de ocupante de veículo";"Com Vítimas Feridas";"Pleno dia";"Decrescente";"Sol";"Simples";"Viaduto";"Sim";1;0;0;1;0;0;1;1;-16,7036;-49,342;"SPRF-GO";"DEL01-GO";"UOP02-DEL01-GO"
218126;2019-06-26;"quarta-feira";"12:00:00";"SC";282;80;"RANCHO QUEIMADO";"Velocidade Incompatível";"Colisão transversal";"Sem Vítimas";"Pleno dia";"Decrescente";"Chuva";"Simples";"Curva";"Não";2;0;0;0;2;0;0;2;-27,663555;-49,159309;"SPRF-SC";"DEL01-SC";"UOP03-DEL01-SC"
218127;2019-01-10;"quinta-feira";"16:30:00";"ES";262;151;"IBATIBA";"Carga excessiva e/ou mal acondicionada";"Tombamento";"Com Vítimas Feridas";"Pleno dia";"Crescente";"Céu Claro";"Simples";"Curva";"Não";2;0;1;1;0;0;2;1;-20,21490666;-41,45356536;"SPRF-ES";"DEL01-ES";"UOP02-DEL01-ES"
218128;2019-06-26;"quarta-feira";"13:00:00";"SC";282;80;"RANCHO QUEIMADO";"Pista Escorregadia";"Colisão transversal";"Com Vítimas Feridas";"Pleno dia";"Decrescente";"Chuva";"Simples";"Curva";"Não";3;0;1;0;2;0;1;2;-27,663555;-49,159309;"SPRF-SC";"DEL01-SC";"UOP03-DEL01-SC"
218133;2019-06-26;"quarta-feira";"13:00:00";"PR";163;260;"TOLEDO";"Falta de Atenção à Condução";"Colisão frontal";"Com Vítimas Fatais";"Pleno dia";"Decrescente";"Nevoeiro/Neblina";"Dupla";"Reta";"Não";3;1;0;2;0;0;2;3;-24,6606297;-53,8185818;"SPRF-PR";"DEL06-PR";"UOP02-DEL06-PR"
218135;2019-06-26;"quarta-feira";"13:45:00";"PE";407;125,1;"PETROLINA";"Falta de Atenção à Condução";"Colisão lateral";"Com Vítimas Feridas";"Pleno dia";"Crescente";"Céu Claro";"Dupla";"Reta";"Sim";3;0;1;0;2;0;1;3;-9,37739336;-40,53595733;"SPRF-PE";"DEL06-PE";"UOP01-DEL06-PE"
218136;2019-06-26;"quarta-feira";"13:50:00";"RJ";101;482;"ANGRA DOS REIS";"Desobediência às normas de trânsito pelo condutor";"Colisão transversal";"Com Vítimas Feridas";"Pleno dia";"Decrescente";"Céu Claro";"Dupla";"Retorno Regulamentado";"Não";3;0;2;0;0;1;2;2;-23,00465857;-44,29807663;"SPRF-RJ";"DEL03-RJ";"UOP03-DEL03-RJ"
218137;2019-06-26;"quarta-feira";"12:30:00";"MA";135;4,2;"SAO LUIS";"Falta de Atenção à Condução";"Colisão traseira";"Sem Vítimas";"Pleno dia";"Decrescente";"Céu Claro";"Dupla";"Reta";"Sim";2;0;0;0;2;0;0;2;-2,53073;-44,3068;"SPRF-MA";"DEL01-MA";"UOP01-DEL01-MA"
218138;2019-06-26;"quarta-feira";"14:00:00";"PR";116;102;"SAO JOSE DOS PINHAIS";"Falta de Atenção à Condução";"Colisão traseira";"Sem Vítimas";"Pleno dia";"Decrescente";"Chuva";"Dupla";"Reta";"Sim";2;0;0;0;2;0;0;2;-25,550639;-49,15025;"SPRF-PR";"DEL01-PR";"UOP01-DEL01-PR"
218140;2019-06-26;"quarta-feira";"14:20:00";"SC";101;203;"SAO JOSE";"Desobediência às normas de trânsito pelo condutor";"Colisão com objeto estático";"Com Vítimas Feridas";"Pleno dia";"Crescente";"Chuva";"Dupla";"Reta";"Sim";2;0;1;0;1;0;1;2;-27,5650044;-48,61460082;"SPRF-SC";"DEL01-SC";"UOP01-DEL01-SC"
218144;2019-06-06;"quinta-feira";"07:30:00";"ES";482;69,4;"ALEGRE";"Velocidade Incompatível";"Colisão transversal";"Com Vítimas Feridas";"Pleno dia";"Decrescente";"Céu Claro";"Simples";"Curva";"Não";3;0;2;0;0;1;2;2;-20,76900075;-41,42866884;"SPRF-ES";"DEL03-ES";"UOP02-DEL03-ES"
218145;2019-06-26;"quarta-feira";"14:00:00";"BA";110;147;"RIBEIRA DO POMBAL";"Ultrapassagem Indevida";"Capotamento";"Com Vítimas Feridas";"Pleno dia";"Decrescente";"Céu Claro";"Simples";"Reta";"Não";5;0;5;0;0;0;5;1;-10,67413598;-38,42456502;"SPRF-BA";"DEL07-BA";"UOP02-DEL07-BA"
218146;2019-06-26;"quarta-feira";"13:15:00";"SC";282;344;"CAMPOS NOVOS";"Falta de Atenção à Condução";"Queda de ocupante de veículo";"Com Vítimas Feridas";"Pleno dia";"Decrescente";"Nublado";"Simples";"Rotatória";"Sim";1;0;0;1;0;0;1;1;-27,381166;-51,240082;"SPRF-SC";"DEL07-SC";"UOP06-DEL07-SC"
218147;2019-06-26;"quarta-feira";"14:20:00";"PR";277;593;"CASCAVEL";"Falta de Atenção à Condução";"Queda de ocupante de veículo";"Com Vítimas Feridas";"Pleno dia";"Decrescente";"Garoa/Chuvisco";"Simples";"Reta";"Não";1;0;1;0;0;0;1;1;-24,98082053;-53,48254989;"SPRF-PR";"DEL04-PR";"UOP01-DEL04-PR"
218148;2019-06-26;"quarta-feira";"14:00:00";"PB";230;2;"CABEDELO";"Falta de Atenção do Pedestre";"Atropelamento de Pedestre";"Com Vítimas Feridas";"Pleno dia";"Crescente";"Céu Claro";"Dupla";"Reta";"Sim";2;0;0;1;1;0;1;2;-6,9753;-34,8318;"SPRF-PB";"DEL01-PB";"UOP01-DEL01-PB"
218149;2019-06-26;"quarta-feira";"13:40:00";"MS";262;487;"ANASTACIO";"Falta de Atenção à Condução";"Queda de ocupante de veículo";"Com Vítimas Feridas";"Pleno dia";"Crescente";"Nublado";"Simples";"Rotatória";"Sim";1;0;0;1;0;0;1;1;-20,49896967;-55,78739397;"SPRF-MS";"DEL03-MS";"UOP01-DEL03-MS"
218151;2019-06-26;"quarta-feira";"14:30:00";"RJ";393;132;"SAPUCAIA";"Ingestão de Álcool";"Colisão traseira";"Sem Vítimas";"Pleno dia";"Crescente";"Céu Claro";"Simples";"Reta";"Sim";2;0;0;0;2;0;0;2;-21,97476198;-42,88418674;"SPRF-RJ";"DEL06-RJ";"UOP01-DEL05-RJ"
218155;2019-06-26;"quarta-feira";"15:10:00";"SC";101;109;"PENHA";"Pista Escorregadia";"Queda de ocupante de veículo";"Com Vítimas Feridas";"Pleno dia";"Decrescente";"Chuva";"Múltipla";"Reta";"Não";1;0;1;0;0;0;1;1;-26,8333519;-48,69632106;"SPRF-SC";"DEL03-SC";"UOP02-DEL03-SC"
218158;2019-06-26;"quarta-feira";"11:45:00";"RJ";101;504;"ANGRA DOS REIS";"Desobediência às normas de trânsito pelo condutor";"Colisão frontal";"Com Vítimas Feridas";"Pleno dia";"Decrescente";"Céu Claro";"Simples";"Reta";"Sim";2;0;0;1;1;0;1;2;-22,93155828;-44,38812093;"SPRF-RJ";"DEL03-RJ";"UOP02-DEL03-RJ"