"id";"data_inversa";"dia_semana";"horario";"uf";"br";"km";"municipio";"causa_acidente";"tipo_acidente";"classificacao_acidente";"fase_dia";"sentido_via";"condicao_metereologica";"tipo_pista";"tracado_via";"uso_solo";"pessoas";"mortos";"feridos_leves";"feridos_graves";"ilesos";"ignorados";"feridos";"veiculos";"latitude";"longitude";"regional";"delegacia";"uop"
218159;2019-06-25;"terça-feira";"15:00:00";"BA";116;412;"FEIRA DE SANTANA";"Não guardar distância de segurança";"Saída de leito carroçável";"Com Vítimas Feridas";"Pleno dia";"Crescente";"Nublado";"Simples";"Reta";"Não";1;0;1;0;0;0;1;1;-12,13392801;-38,96796727;"SPRF-BA";"DEL02-BA";"UOP01-DEL02-BA"
218160;2019-06-26;"quarta-feira";"15:30:00";"RN";101;83,8;"NATAL";"Falta de Atenção à Condução";"Colisão traseira";"Com Vítimas Feridas";"Pleno dia";"Crescente";"Sol";"Dupla";"Reta";"Sim";3;0;2;0;1;0;2;2;-5,7710445;-35,26616981;"SPRF-RN";"DEL02-RN";"UOP01-DEL02-RN"
218161;2019-06-26;"quarta-feira";"13:40:00";"SC";282;37;"AGUAS MORNAS";"Falta de Atenção à Condução";"Capotamento";"Com Vítimas Feridas";"Pleno dia";"Crescente";"Chuva";"Simples";"Curva";"Não";1;0;1;0;0;0;1;1;-27,707325;-48,842983;"SPRF-SC";"DEL01-SC";"UOP03-DEL01-SC"
218163;2019-06-26;"quarta-feira";"15:00:00";"PB";230;33;"BAYEUX";"Falta de Atenção à Condução";"Colisão traseira";"Com Vítimas Feridas";"Pleno dia";"Crescente";"Nublado";"Dupla";"Interseção de Vias";"Sim";4;0;0;2;2;0;2;2;-7,13386384;-34,92926002;"SPRF-PB";"DEL01-PB";"UOP01-DEL01-PB"
218164;2019-06-26;"quarta-feira";"15:40:00";"MG";40;528,1;"CONTAGEM";"Não guardar distância de segurança";"Colisão traseira";"Com Vítimas Feridas";"Pleno dia";"Crescente";"Céu Claro";"Múltipla";"Reta";"Sim";2;0;1;0;1;0;1;2;-19,90883179;-44,04436577;"SPRF-MG";"DEL01-MG";"UOP02-DEL01-MG"
218166;2019-05-30;"quinta-feira";"17:50:00";"BA";324;515;"FEIRA DE SANTANA";"Falta de Atenção à Condução";"Tombamento";"Com Vítimas Feridas";"Anoitecer";"Decrescente";"Céu Claro";"Simples";"Reta";"Sim";2;0;1;0;0;1;1;2;-12,23617785;-38,94292831;"SPRF-BA";"DEL02-BA";"UOP01-DEL02-BA"
218171;2019-06-26;"quarta-feira";"16:10:00";"MG";40;784,4;"JUIZ DE FORA";"Desobediência às normas de trânsito pelo condutor";"Colisão lateral";"Com Vítimas Feridas";"Pleno dia";"Crescente";"Céu Claro";"Dupla";"Retorno Regulamentado";"Não";2;0;1;0;1;0;1;2;-21,71178893;-43,44743099;"SPRF-MG";"DEL05-MG";"UOP01-DEL05-MG"
218172;2019-06-26;"quarta-feira";"16:00:00";"SP";116;222,5;"GUARULHOS";"Não guardar distância de segurança";"Colisão traseira";"Com Vítimas Feridas";"Pleno dia";"Decrescente";"Céu Claro";"Múltipla";"Reta";"Sim";3;0;2;0;1;0;2;2;-23,47093408;-46,51631097;"SPRF-SP";"DEL01-SP";"UOP01-DEL01-SP"
218176;2019-06-26;"quarta-feira";"16:15:00";"RS";158;333,2;"SANTA MARIA";"Falta de Atenção à Condução";"Colisão lateral";"Sem Vítimas";"Pleno dia";"Crescente";"Sol";"Simples";"Reta";"Sim";2;0;0;0;1;1;0;2;-29,70846948;-53,86426102;"SPRF-RS";"DEL09-RS";"UOP01-DEL09-RS"
218178;2019-06-26;"quarta-feira";"16:30:00";"RJ";116;177;"NOVA IGUACU";"Desobediência às normas de trânsito pelo condutor";"Colisão lateral";"Com Vítimas Feridas";"Pleno dia";"Crescente";"Céu Claro";"Dupla";"Reta";"Sim";2;0;1;0;1;0;1;2;-22,78055198;-43,39208599;"SPRF-RJ";"DEL01-RJ";"UOP02-DEL01-RJ"
218180;2019-06-26;"quarta-feira";"17:25:00";"PE";424;89,8;"GARANHUNS";"Falta de Atenção à Condução";"Colisão lateral";"Com Vítimas Feridas";"Anoitecer";"Decrescente";"Nublado";"Simples";"Curva";"Sim";3;0;2;0;1;0;2;2;-8,89488722;-36,50044441;"SPRF-PE";"DEL03-PE";"UOP01-DEL03-PE"
218186;2019-06-26;"quarta-feira";"16:25:00";"RO";364;235;"CACOAL";"Desobediência às normas de trânsito pelo condutor";"Colisão lateral";"Com Vítimas Feridas";"Pleno dia";"Crescente";"Nublado";"Simples";"Interseção de Vias";"Sim";2;0;1;0;1;0;1;2;-11,4506169;-61,4302469;"SPRF-RO";"DEL02-RO";"UOP02-DEL02-RO"
218188;2019-06-26;"quarta-feira";"16:10:00";"PR";277;345,9;"GUARAPUAVA";"Falta de Atenção à Condução";"Colisão transversal";"Com Vítimas Feridas";"Pleno dia";"Decrescente";"Garoa/Chuvisco";"Simples";"Curva";"Não";2;0;1;0;1;0;1;2;-25,36628652;-51,49163246;"SPRF-PR";"DEL03-PR";"UOP01-DEL08-PR"
218189;2019-06-26;"quarta-feira";"18:20:00";"SP";116;228;"SAO PAULO";"Não guardar distância de segurança";"Colisão traseira";"Com Vítimas Feridas";"Plena Noite";"Decrescente";"Céu Claro";"Múltipla";"Declive";"Não";2;0;1;0;1;0;1;2;-23,50343484;-46,56638712;"SPRF-SP";"DEL01-SP";"UOP01-DEL01-SP"
218191;2019-05-26;"domingo";"19:00:00";"PE";232;413;"SERRA TALHADA";"Falta de Atenção à Condução";"Tombamento";"Com Vítimas Feridas";"Plena Noite";"Crescente";"Céu Claro";"Simples";"Reta";"Não";1;0;1;0;0;0;1;1;-7,98857087;-38,32972307;"SPRF-PE";"DEL04-PE";"UOP01-DEL04-PE"
218194;2019-06-26;"quarta-feira";"18:40:00";"PR";277;594,8;"CASCAVEL";"Não guardar distância de segurança";"Colisão traseira";"Com Vítimas Feridas";"Plena Noite";"Decrescente";"Garoa/Chuvisco";"Simples";"Rotatória";"Sim";2;0;1;0;1;0;1;1;-24,9794792;-53,49232599;"SPRF-PR";"DEL04-PR";"UOP01-DEL04-PR"
218195;2019-06-26;"quarta-feira";"10:00:00";"SC";282;600;"CUNHA PORA";"Falta de Atenção à Condução";"Saída de leito carroçável";"Sem Vítimas";"Pleno dia";"Decrescente";"Garoa/Chuvisco";"Simples";"Curva";"Não";1;0;0;0;1;0;0;1;-26,816374;-53,163918;"SPRF-SC";"DEL07-SC";"UOP02-DEL07-SC"
218196;2019-06-26;"quarta-feira";"19:00:00";"SC";101;208,5;"SAO JOSE";"Não guardar distância de segurança";"Colisão lateral";"Com Vítimas Feridas";"Plena Noite";"Decrescente";"Nublado";"Múltipla";"Reta";"Sim";2;0;1;0;1;0;1;2;-27,60327979;-48,63201818;"SPRF-SC";"DEL01-SC";"UOP01-DEL01-SC"
218197;2019-06-26;"quarta-feira";"19:00:00";"GO";20;180,7;"SIMOLANDIA";"Falta de Atenção à Condução";"Colisão transversal";"Com Vítimas Feridas";"Plena Noite";"Crescente";"Céu Claro";"Simples";"Reta";"Sim";3;0;0;1;1;1;1;3;-14,477743;-46,492165;"SPRF-DF";"DEL02-DF";"UOP03-DEL02-DF"
218198;2019-06-26;"quarta-feira";"11:00:00";"TO";153;390;"RIO DOS BOIS";"Sinalização da via insuficiente ou inadequada";"Tombamento";"Com Vítimas Feridas";"Pleno dia";"Decrescente";"Céu Claro";"Simples";"Reta";"Não";3;0;3;0;0;0;3;1;-9,32914419;-48,53833141;"SPRF-TO";"DEL02-TO";"UOP02-DEL02-TO"
218199;2019-06-26;"quarta-feira";"18:55:00";"RO";174;15;"VILHENA";"Falta de Atenção do Pedestre";"Queda de ocupante de veículo";"Com Vítimas Feridas";"Anoitecer";"Crescente";"Ignorado";"Simples";"Reta";"Sim";2;0;0;1;1;0;1;2;-12,723321;-60,12801;"SPRF-RO";"DEL04-RO";"UOP01-DEL04-RO"
218201;2019-06-26;"quarta-feira";"18:25:00";"MG";116;716,1;"MURIAE";"Desobediência às normas de trânsito pelo pedestre";"Atropelamento de Pedestre";"Com Vítimas Feridas";"Plena Noite";"Decrescente";"Céu Claro";"Simples";"Declive;Curva";"Não";3;0;0;1;0;2;1;2;-21,20136724;-42,3846209;"SPRF-MG";"DEL07-MG";"UOP02-DEL07-MG"
218203;2019-06-26;"quarta-feira";"19:15:00";"SC";282;3,5;"FLORIANOPOLIS";"Falta de Atenção à Condução";"Colisão lateral";"Com Vítimas Feridas";"Plena Noite";"Crescente";"Céu Claro";"Múltipla";"Reta";"Sim";2;0;1;0;1;0;1;2;-27,600384;-48,599705;"SPRF-SC";"DEL01-SC";"UOP01-DEL01-SC"
218204;2019-06-26;"quarta-feira";"18:20:00";"ES";101;149,2;"LINHARES";"Falta de Atenção do Pedestre";"Atropelamento de Pedestre";"Com Vítimas Feridas";"Plena Noite";"Decrescente";"Céu Claro";"Dupla";"Interseção de Vias";"Sim";2;0;2;0;0;0;2;2;-19,39619083;-40,06435871;"SPRF-ES";"DEL04-ES";"UOP01-DEL04-ES"
218205;2019-06-26;"quarta-feira";"18:10:00";"RJ";116;185;"NOVA IGUACU";"Defeito Mecânico no Veículo";"Incêndio";"Sem Vítimas";"Anoitecer";"Decrescente";"Céu Claro";"Múltipla";"Reta";"Sim";1;0;0;0;1;0;0;1;-22,74643822;-43,50773621;"SPRF-RJ";"DEL01-RJ";"UOP03-DEL01-RJ"
218208;2019-06-26;"quarta-feira";"19:00:00";"SP";116;66;"GUARATINGUETA";"Objeto estático sobre o leito carroçável";"Colisão com objeto estático";"Sem Vítimas";"Plena Noite";"Crescente";"Céu Claro";"Dupla";"Curva";"Não";2;0;0;0;2;0;0;2;-22,822425;-45,202041;"SPRF-SP";"DEL08-SP";"UOP01-DEL08-SP"
218209;2019-06-26;"quarta-feira";"19:50:00";"PR";376;166,8;"MARINGA";"Animais na Pista";"Atropelamento de Animal";"Com Vítimas Feridas";"Plena Noite";"Decrescente";"Chuva";"Dupla";"Reta";"Não";3;0;1;0;2;0;1;3;-23,39663206;-52,00514304;"SPRF-PR";"DEL07-PR";"UOP01-DEL09-PR"
218210;2019-06-26;"quarta-feira";"18:59:00";"PR";277;594,3;"CASCAVEL";"Avarias e/ou desgaste excessivo no pneu";"Colisão traseira";"Com Vítimas Feridas";"Plena Noite";"Crescente";"Nevoeiro/Neblina";"Simples";"Reta";"Sim";3;0;1;0;2;0;1;2;-24,9794792;-53,49232599;"SPRF-PR";"DEL04-PR";"UOP01-DEL04-PR"
218211;2019-06-26;"quarta-feira";"18:40:00";"SC";280;127,9;"RIO NEGRINHO";"Falta de Atenção à Condução";"Colisão transversal";"Com Vítimas Feridas";"Plena Noite";"Decrescente";"Chuva";"Simples";"Curva;Declive;Interseção de Vias";"Sim";2;0;1;0;1;0;1;2;-26,23943953;-49,50420708;"SPRF-SC";"DEL06-SC";"UOP03-DEL06-SC"
218215;2019-06-26;"quarta-feira";"20:00:00";"DF";40;3;"BRASILIA";"Desobediência às normas de trânsito pelo condutor";"Colisão lateral";"Com Vítimas Feridas";"Plena Noite";"Crescente";"Céu Claro";"Dupla";"Viaduto";"Não";3;0;0;1;1;1;1;3;-16,003145;-47,983944;"SPRF-DF";"DEL01-DF";"UOP01-DEL01-DF"
218216;2019-06-26;"quarta-feira";"20:00:00";"PR";277;240,3;"IRATI";"Ingestão de Álcool";"Colisão frontal";"Sem Vítimas";"Plena Noite";"Decrescente";"Chuva";"Simples";"Reta";"Não";2;0;0;0;1;1;0;2;-25,45256852;-50,63234568;"SPRF-PR";"DEL03-PR";"UOP02-DEL08-PR"
218217;2019-06-26;"quarta-feira";"19:00:00";"MT";163;743;"SORRISO";"Falta de Atenção à Condução";"Saída de leito carroçável";"Com Vítimas Feridas";"Plena Noite";"Crescente";"Céu Claro";"Simples";"Reta";"Não";1;0;1;0;0;0;1;1;-12,72348109;-55,82831683;"SPRF-MT";"DEL06-MT";"UOP01-DEL06-MT"
218218;2019-06-26;"quarta-feira";"20:05:00";"PR";476;135;"CURITIBA";"Desobediência às normas de trânsito pelo condutor";"Colisão traseira";"Com Vítimas Feridas";"Plena Noite";"Crescente";"Garoa/Chuvisco";"Múltipla";"Reta";"Sim";4;0;1;0;3;0;1;3;-25,483786;-49,265808;"SPRF-PR";"DEL01-PR";"UOP03-DEL01-PR"
218219;2019-06-26;"quarta-feira";"20:00:00";"SC";470;55,4;"BLUMENAU";"Ingestão de Álcool";"Saída de leito carroçável";"Sem Vítimas";"Plena Noite";"Crescente";"Chuva";"Simples";"Reta";"Não";1;0;0;0;1;0;0;1;-26,875601;-49,117992;"SPRF-SC";"DEL04-SC";"UOP01-DEL04-SC"
218220;2019-06-26;"quarta-feira";"14:05:00";"MS";158;90,6;"PARANAIBA";"Falta de Atenção à Condução";"Queda de ocupante de veículo";"Com Vítimas Feridas";"Pleno dia";"Crescente";"Céu Claro";"Simples";"Reta";"Não";1;0;1;0;0;0;1;1;-19,64740508;-51,20629433;"SPRF-MS";"DEL08-MS";"UOP01-DEL08-MS"
218221;2019-06-26;"quarta-feira";"18:42:00";"BA";110;352;"ALAGOINHAS";"Falta de Atenção do Pedestre";"Atropelamento de Pedestre";"Com Vítimas Feridas";"Plena Noite";"Crescente";"Nublado";"Simples";"Curva";"Não";2;0;0;1;0;1;1;2;-12,24901131;-38,39472771;"SPRF-BA";"DEL01-BA";"UOP04-DEL01-BA"
218223;2019-06-26;"quarta-feira";"20:20:00";"RS";101;72;"OSORIO";"Animais na Pista";"Atropelamento de Animal";"Sem Vítimas";"Plena Noite";"Crescente";"Céu Claro";"Dupla";"Reta";"Não";2;0;0;0;2;0;0;2;-29,7653103;-50,21740458;"SPRF-RS";"DEL03-RS";"UOP01-DEL03-RS"
218229;2019-06-26;"quarta-feira";"21:45:00";"SC";470;47;"BLUMENAU";"Mal Súbito";"Saída de leito carroçável";"Sem Vítimas";"Plena Noite";"Decrescente";"Chuva";"Simples";"Curva";"Não";1;0;0;0;1;0;0;1;-26,864044;-49,046516;"SPRF-SC";"DEL04-SC";"UOP01-DEL04-SC"
218232;2019-06-26;"quarta-feira";"19:30:00";"RO";364;419;"JARU";"Defeito na Via";"Queda de ocupante de veículo";"Com Vítimas Feridas";"Plena Noite";"Decrescente";"Chuva";"Simples";"Curva";"Não";1;0;1;0;0;0;1;1;-10,48262607;-62,44173207;"SPRF-RO";"DEL03-RO";"UOP02-DEL03-RO"
218233;2019-06-26;"quarta-feira";"22:20:00";"RS";158;0,8;"SANTANA DO LIVRAMENTO";"Ingestão de Álcool";"Colisão traseira";"Com Vítimas Feridas";"Plena Noite";"Decrescente";"Céu Claro";"Dupla";"Reta";"Sim";4;0;2;0;2;0;2;3;-30,891298;-55,533264;"SPRF-RS";"DEL11-RS";"UOP01-DEL11-RS"
218234;2019-06-26;"quarta-feira";"17:15:00";"PR";369;144,9;"LONDRINA";"Falta de Atenção à Condução";"Colisão lateral";"Com Vítimas Feridas";"Anoitecer";"Decrescente";"Nublado";"Dupla";"Aclive;Reta";"Não";3;0;1;0;2;0;1;2;-23,29315073;-51,10090971;"SPRF-PR";"DEL07-PR";"UOP01-DEL07-PR"
218236;2019-06-26;"quarta-feira";"23:50:00";"RJ";465;3;"SEROPEDICA";"Falta de Atenção à Condução";"Colisão transversal";"Com Vítimas Feridas";"Plena Noite";"Decrescente";"Céu Claro";"Simples";"Reta";"Sim";3;0;0;1;1;1;1;3;-22,73427;-43,711994;"SPRF-RJ";"DEL01-RJ";"UOP01-DEL01-MS"
218237;2019-06-26;"quarta-feira";"23:48:00";"PR";163;289,9;"MARECHAL CANDIDO RONDON";"Falta de Atenção à Condução";"Colisão transversal";"Com Vítimas Feridas";"Plena Noite";"Crescente";"Garoa/Chuvisco";"Simples";"Reta";"Não";3;0;1;0;1;1;1;3;-24,51686466;-54,08039832;"SPRF-PR";"DEL06-PR";"UOP02-DEL06-PR"
218238;2019-06-27;"quinta-feira";"00:15:00";"PR";376;622;"SAO JOSE DOS PINHAIS";"Velocidade Incompatível";"Capotamento";"Sem Vítimas";"Plena Noite";"Decrescente";"Chuva";"Dupla";"Reta";"Não";1;0;0;0;1;0;0;1;-25,62623389;-49,16547575;"SPRF-PR";"DEL01-PR";"UOP01-DEL01-PR"
218239;2019-06-27;"quinta-feira";"00:40:00";"MG";381;859,7;"POUSO ALEGRE";"Falta de Atenção à Condução";"Colisão traseira";"Sem Vítimas";"Plena Noite";"Crescente";"Céu Claro";"Dupla";"Reta";"Não";4;0;0;0;4;0;0;2;-22,35094091;-45,92749223;"SPRF-MG";"DEL16-MG";"UOP01-DEL16-MG"
218243;2019-06-27;"quinta-feira";"04:20:00";"MG";40;552;"NOVA LIMA";"Falta de Atenção à Condução";"Colisão traseira";"Com Vítimas Feridas";"Plena Noite";"Crescente";"Céu Claro";"Simples";"Reta";"Sim";3;0;1;0;1;1;1;3;-20,06084086;-43,97716423;"SPRF-MG";"DEL01-MG";"UOP02-DEL01-MG"
218244;2019-06-27;"quinta-feira";"01:00:00";"BA";101;817,2;"TEIXEIRA DE FREITAS";"Desobediência às normas de trânsito pelo condutor";"Colisão com objeto estático";"Com Vítimas Fatais";"Plena Noite";"Crescente";"Nublado";"Simples";"Curva";"Não";1;1;0;0;0;0;0;1;-17,25428798;-39,63099022;"SPRF-BA";"DEL09-BA";"UOP01-DEL09-BA"
218246;2019-06-26;"quarta-feira";"18:00:00";"DF";40;2,5;"BRASILIA";"Falta de Atenção à Condução";"Colisão traseira";"Com Vítimas Feridas";"Plena Noite";"Crescente";"Céu Claro";"Dupla";"Reta";"Sim";1;0;1;0;0;0;1;1;-15,99435;-47,985947;"SPRF-DF";"DEL01-DF";"UOP01-DEL01-DF"
218247;2019-06-27;"quinta-feira";"04:10:00";"RO";364;339;"JI-PARANA";"Ingestão de Álcool";"Queda de ocupante de veículo";"Com Vítimas Feridas";"Plena Noite";"Crescente";"Céu Claro";"Simples";"Reta";"Sim";1;0;0;1;0;0;1;1;-10,898802;-61,93046;"SPRF-RO";"DEL02-RO";"UOP01-DEL02-RO"
218248;2019-06-27;"quinta-feira";"05:20:00";"ES";101;265;"SERRA";"Falta de Atenção à Condução";"Colisão traseira";"Com Vítimas Feridas";"Amanhecer";"Crescente";"Céu Claro";"Dupla";"Reta";"Sim";2;0;1;0;1;0;1;2;-20,1816849;-40,26536036;"SPRF-ES";"DEL02-ES";"UOP01-DEL02-ES"
218249;2019-06-27;"quinta-feira";"04:30:00";"MG";153;41;"CANAPOLIS";"Restrição de Visibilidade";"Colisão com objeto estático";"Com Vítimas Feridas";"Plena Noite";"Decrescente";"Chuva";"Dupla";"Reta";"Não";1;0;1;0;0;0;1;1;-18,7497043;-49,08485322;"SPRF-MG";"DEL15-MG";"UOP03-DEL15-MG"
218250;2019-06-27;"quinta-feira";"06:10:00";"DF";20;19;"BRASILIA";"Falta de Atenção à Condução";"Colisão traseira";"Com Vítimas Feridas";"Amanhecer";"Decrescente";"Céu Claro";"Dupla";"Reta";"Sim";3;0;1;0;2;0;1;2;-15,612175;-47,700928;"SPRF-DF";"DEL02-DF";"UOP01-DEL02-DF"
218251;2019-06-27;"quinta-feira";"05:50:00";"MG";381;499,5;"BETIM";"Falta de Atenção à Condução";"Queda de ocupante de veículo";"Com Vítimas Feridas";"Amanhecer";"Decrescente";"Nublado";"Dupla";"Reta";"Não";1;0;1;0;0;0;1;1;-20,01792651;-44,2261448;"SPRF-MG";"DEL01-MG";"UOP03-DEL01-MG"
218252;2019-06-27;"quinta-feira";"06:30:00";"RS";290;70;"GRAVATAI";"Animais na Pista";"Atropelamento de Animal";"Sem Vítimas";"Plena Noite";"Crescente";"Céu Claro";"Múltipla";"Reta";"Não";1;0;0;0;1;0;0;1;-29,948053;-50,956192;"SPRF-RS";"DEL03-RS";"UOP01-DEL03-RS"
218256;2019-06-27;"quinta-feira";"01:15:00";"PR";376;536;"PALMEIRA";"Falta de Atenção à Condução";"Tombamento";"Com Vítimas Feridas";"Plena Noite";"Crescente";"Chuva";"Dupla";"Reta";"Não";1;0;1;0;0;0;1;1;-25,387061;-49,802507;"SPRF-PR";"DEL01-PR";"UOP06-DEL01-PR"
218257;2019-06-27;"quinta-feira";"06:45:00";"RS";116;267;"CANOAS";"Deficiência ou não Acionamento do Sistema de Iluminação/Sinalização do Veículo";"Atropelamento de Pedestre";"Com Vítimas Feridas";"Amanhecer";"Crescente";"Céu Claro";"Dupla";"Reta";"Sim";2;0;1;0;1;0;1;2;-29,94142398;-51,17697062;"SPRF-RS";"DEL01-RS";"UOP01-DEL01-RS"
218258;2019-06-27;"quinta-feira";"06:30:00";"SP";116;158,5;"JACAREI";"Desobediência às normas de trânsito pelo condutor";"Colisão frontal";"Com Vítimas Feridas";"Amanhecer";"Decrescente";"Sol";"Dupla";"Reta";"Sim";2;0;2;0;0;0;2;2;-23,26215606;-45,95376134;"SPRF-SP";"DEL02-SP";"UOP01-DEL02-SP"
218259;2019-06-27;"quinta-feira";"06:30:00";"SP";381;42,2;"ATIBAIA";"Não guardar distância de segurança";"Colisão frontal";"Com Vítimas Feridas";"Pleno dia";"Decrescente";"Céu Claro";"Dupla";"Reta";"Sim";2;0;1;0;1;0;1;1;-23,147306;-46,57493202;"SPRF-SP";"DEL03-SP";"UOP01-DEL03-SP"
218260;2019-06-27;"quinta-feira";"07:25:00";"PE";232;8;"RECIFE";"Não guardar distância de segurança";"Colisão traseira";"Sem Vítimas";"Pleno dia";"Decrescente";"Chuva";"Dupla";"Reta";"Sim";2;0;0;0;2;0;0;2;-8,07583727;-34,97015791;"SPRF-PE";"DEL01-PE";"UOP01-DEL01-PE"
218261;2019-06-27;"quinta-feira";"06:30:00";"TO";153;75;"PIRAQUE";"Desobediência às normas de trânsito pelo condutor";"Saída de leito carroçável";"Com Vítimas Feridas";"Pleno dia";"Decrescente";"Céu Claro";"Simples";"Reta";"Não";1;0;0;1;0;0;1;1;-6,8146471;-48,09409801;"SPRF-TO";"DEL02-TO";"UOP01-DEL02-TO"
218263;2019-06-27;"quinta-feira";"06:50:00";"PI";316;2;"TERESINA";"Desobediência às normas de trânsito pelo condutor";"Colisão lateral";"Com Vítimas Feridas";"Pleno dia";"Decrescente";"Sol";"Múltipla";"Reta";"Sim";2;0;0;1;1;0;1;2;-5,12684985;-42,79792786;"SPRF-PI";"DEL01-PI";"UOP02-DEL01-PI"
218264;2019-06-26;"quarta-feira";"23:30:00";"MA";10;253,4;"IMPERATRIZ";"Velocidade Incompatível";"Atropelamento de Pedestre";"Com Vítimas Fatais";"Plena Noite";"Crescente";"Céu Claro";"Simples";"Reta";"Sim";2;1;0;0;0;1;0;2;-5,526911;-47,471455;"SPRF-MA";"DEL04-MA";"UOP01-DEL04-MA"
218265;2019-06-27;"quinta-feira";"06:30:00";"MG";50;72;"UBERLANDIA";"Não guardar distância de segurança";"Colisão traseira";"Com Vítimas Feridas";"Amanhecer";"Decrescente";"Céu Claro";"Dupla";"Reta";"Sim";2;0;1;0;1;0;1;2;-18,89887175;-48,24228644;"SPRF-MG";"DEL15-MG";"UOP01-DEL15-MG"
218267;2019-06-27;"quinta-feira";"07:20:00";"MG";356;266;"MURIAE";"Falta de Atenção à Condução";"Colisão com objeto estático";"Com Vítimas Feridas";"Pleno dia";"Decrescente";"Céu Claro";"Simples";"Interseção de Vias";"Não";2;0;2;0;0;0;2;1;-21,12823134;-42,35802453;"SPRF-MG";"DEL07-MG";"UOP02-DEL07-MG"
218268;2019-06-27;"quinta-feira";"07:45:00";"SC";101;206,8;"SAO JOSE";"Não guardar distância de segurança";"Colisão lateral";"Com Vítimas Feridas";"Pleno dia";"Crescente";"Nublado";"Dupla";"Reta";"Sim";2;0;1;0;1;0;1;2;-27,59193546;-48,61824557;"SPRF-SC";"DEL01-SC";"UOP01-DEL01-SC"
218269;2019-06-27;"quinta-feira";"06:55:00";"PE";423;93;"GARANHUNS";"Desobediência às normas de trânsito pelo condutor";"Colisão transversal";"Com Vítimas Feridas";"Pleno dia";"Decrescente";"Garoa/Chuvisco";"Simples";"Reta";"Sim";2;0;1;0;1;0;1;2;-8,86972012;-36,46323792;"SPRF-PE";"DEL03-PE";"UOP01-DEL03-PE"
218270;2019-06-27;"quinta-feira";"07:05:00";"SC";470;7;"NAVEGANTES";"Falta de Atenção à Condução";"Colisão transversal";"Com Vítimas Feridas";"Pleno dia";"Decrescente";"Nublado";"Simples";"Reta";"Não";3;0;1;0;2;0;1;2;-26,84499;-48,71505;"SPRF-SC";"DEL04-SC";"UOP04-DEL04-SC"
218273;2019-06-27;"quinta-feira";"07:00:00";"PB";230;40;"SANTA RITA";"Desobediência às normas de trânsito pelo condutor";"Saída de leito carroçável";"Com Vítimas Feridas";"Pleno dia";"Decrescente";"Chuva";"Dupla";"Reta";"Não";2;0;2;0;0;0;2;1;-7,1414;-34,9778;"SPRF-PB";"DEL01-PB";"UOP03-DEL01-PB"
218274;2019-06-27;"quinta-feira";"08:00:00";"PE";101;69,9;"RECIFE";"Não guardar distância de segurança";"Colisão transversal";"Com Vítimas Feridas";"Pleno dia";"Decrescente";"Céu Claro";"Dupla";"Em Obras;Reta";"Sim";2;0;1;0;1;0;1;2;-8,05951606;-34,94581024;"SPRF-PE";"DEL01-PE";"UOP01-DEL01-PE"
218276;2019-06-27;"quinta-feira";"07:45:00";"SP";116;218;"GUARULHOS";"Avarias e/ou desgaste excessivo no pneu";"Tombamento";"Com Vítimas Feridas";"Pleno dia";"Crescente";"Céu Claro";"Dupla";"Reta";"Sim";1;0;1;0;0;0;1;1;-23,457972;-46,479927;"SPRF-SP";"DEL01-SP";"UOP01-DEL01-SP"
218278;2019-06-27;"quinta-feira";"08:00:00";"RS";290;44,1;"GLORINHA";"Condutor Dormindo";"Saída de leito carroçável";"Com Vítimas Feridas";"Pleno dia";"Decrescente";"Céu Claro";"Dupla";"Reta";"Não";3;0;1;0;2;0;1;1;-29,889887;-50,699654;"SPRF-RS";"DEL03-RS";"UOP01-DEL03-RS"
218279;2019-06-27;"quinta-feira";"07:20:00";"RO";364;13,2;"VILHENA";"Falta de Atenção à Condução";"Colisão lateral";"Com Vítimas Feridas";"Pleno dia";"Decrescente";"Céu Claro";"Dupla";"Reta";"Sim";3;0;3;0;0;0;3;2;-12,74140004;-60,13026401;"SPRF-RO";"DEL04-RO";"UOP01-DEL04-RO"
218281;2019-06-27;"quinta-feira";"07:40:00";"CE";116;12;"FORTALEZA";"Falta de Atenção à Condução";"Colisão lateral";"Com Vítimas Feridas";"Pleno dia";"Crescente";"Céu Claro";"Múltipla";"Reta";"Não";3;0;2;1;0;0;3;2;-3,852077;-38,495525;"SPRF-CE";"DEL01-CE";"UOP02-DEL01-CE"
218282;2019-06-27;"quinta-feira";"08:20:00";"SP";381;65;"MAIRIPORA";"Pista Escorregadia";"Queda de ocupante de veículo";"Com Vítimas Feridas";"Pleno dia";"Decrescente";"Céu Claro";"Dupla";"Aclive;Curva";"Não";1;0;1;0;0;0;1;1;-23,316547;-46,58251;"SPRF-SP";"DEL03-SP";"UOP01-DEL03-SP"
218283;2019-06-27;"quinta-feira";"07:40:00";"RN";101;127,9;"SAO JOSE DE MIPIBU";"Defeito na Via";"Saída de leito carroçável";"Com Vítimas Feridas";"Pleno dia";"Decrescente";"Chuva";"Dupla";"Ponte";"Não";2;0;1;0;1;0;1;1;-6,09531301;-35,23432044;"SPRF-RN";"DEL01-RN";"UOP01-DEL01-RN"