"id";"data_inversa";"dia_semana";"horario";"uf";"br";"km";"municipio";"causa_acidente";"tipo_acidente";"classificacao_acidente";"fase_dia";"sentido_via";"condicao_metereologica";"tipo_pista";"tracado_via";"uso_solo";"pessoas";"mortos";"feridos_leves";"feridos_graves";"ilesos";"ignorados";"feridos";"veiculos";"latitude";"longitude";"regional";"delegacia";"uop"
218285;2019-06-27;"quinta-feira";"08:40:00";"PE";101;53,9;"PAULISTA";"Falta de Atenção à Condução";"Colisão traseira";"Sem Vítimas";"Pleno dia";"Decrescente";"Céu Claro";"Dupla";"Reta";"Sim";2;0;0;0;2;0;0;2;-7,93124094;-34,90068606;"SPRF-PE";"DEL01-PE";"UOP02-DEL01-PE"
218288;2019-03-15;"sexta-feira";"05:10:00";"BA";116;822;"VITORIA DA CONQUISTA";"Desobediência às normas de trânsito pelo condutor";"Colisão transversal";"Com Vítimas Feridas";"Amanhecer";"Crescente";"Ignorado";"Dupla";"Aclive";"Sim";2;0;0;1;1;0;1;2;-14,84897197;-40,84826231;"SPRF-BA";"DEL08-BA";"UOP01-DEL08-BA"
218296;2019-06-27;"quinta-feira";"09:05:00";"RJ";116;106;"GUAPIMIRIM";"Falta de Atenção à Condução";"Colisão traseira";"Com Vítimas Feridas";"Pleno dia";"Decrescente";"Céu Claro";"Simples";"Curva";"Não";2;0;1;0;1;0;1;2;-22,521951;-43,00070097;"SPRF-RJ";"DEL04-RJ";"UOP02-DEL04-RJ"
218297;2019-06-27;"quinta-feira";"08:30:00";"MT";163;847;"SINOP";"Defeito Mecânico no Veículo";"Saída de leito carroçável";"Com Vítimas Feridas";"Pleno dia";"Crescente";"Céu Claro";"Simples";"Reta";"Sim";2;0;1;0;1;0;1;1;-11,88145004;-55,50045981;"SPRF-MT";"DEL06-MT";"UOP02-DEL06-MT"
218298;2019-06-27;"quinta-feira";"09:15:00";"MG";365;615;"UBERLANDIA";"Falta de Atenção à Condução";"Colisão traseira";"Com Vítimas Feridas";"Pleno dia";"Crescente";"Sol";"Dupla";"Reta";"Não";5;0;4;0;1;0;4;2;-18,884602;-48,26594;"SPRF-MG";"DEL15-MG";"UOP01-DEL15-MG"
218299;2019-06-27;"quinta-feira";"09:45:00";"SP";116;184;"SANTA ISABEL";"Avarias e/ou desgaste excessivo no pneu";"Queda de ocupante de veículo";"Com Vítimas Feridas";"Pleno dia";"Crescente";"Sol";"Dupla";"Reta";"Sim";1;0;1;0;0;0;1;1;-23,35197301;-46,180058;"SPRF-SP";"DEL02-SP";"UOP01-DEL02-SP"
218301;2019-06-27;"quinta-feira";"09:00:00";"AP";210;0;"MACAPA";"Falta de Atenção do Pedestre";"Atropelamento de Pedestre";"Com Vítimas Feridas";"Pleno dia";"Decrescente";"Céu Claro";"Dupla";"Reta";"Sim";2;0;0;1;1;0;1;2;0,07780012;-51,06097;"SPRF-AP";"DEL01-AP";"UOP01-DEL01-AP"
218304;2019-06-13;"quinta-feira";"14:00:00";"SP";116;272;"TABOAO DA SERRA";"Desobediência às normas de trânsito pelo condutor";"Colisão traseira";"Com Vítimas Feridas";"Pleno dia";"Decrescente";"Sol";"Dupla";"Reta";"Sim";2;0;1;0;1;0;1;2;-23,62809795;-46,81870306;"SPRF-SP";"DEL04-SP";"UOP01-DEL04-SP"
218307;2019-06-27;"quinta-feira";"09:30:00";"MT";174;532;"COMODORO";"Avarias e/ou desgaste excessivo no pneu";"Saída de leito carroçável";"Com Vítimas Feridas";"Pleno dia";"Crescente";"Céu Claro";"Simples";"Reta";"Não";5;0;3;1;1;0;4;1;-13,25822501;-59,86561976;"SPRF-MT";"DEL04-MT";"UOP01-DEL04-MT"
218309;2019-06-27;"quinta-feira";"09:50:00";"SP";381;61;"MAIRIPORA";"Falta de Atenção à Condução";"Colisão traseira";"Com Vítimas Feridas";"Pleno dia";"Decrescente";"Nublado";"Dupla";"Curva";"Não";2;0;0;1;1;0;1;2;-23,29011611;-46,5800681;"SPRF-SP";"DEL03-SP";"UOP01-DEL03-SP"
218311;2019-06-27;"quinta-feira";"10:45:00";"MG";40;590,4;"ITABIRITO";"Defeito Mecânico no Veículo";"Capotamento";"Com Vítimas Feridas";"Pleno dia";"Decrescente";"Céu Claro";"Dupla";"Curva";"Sim";3;0;1;2;0;0;3;1;-20,36807799;-43,90982881;"SPRF-MG";"DEL01-MG";"UOP02-DEL01-MG"
218315;2019-06-27;"quinta-feira";"09:20:00";"MT";70;276;"PRIMAVERA DO LESTE";"Desobediência às normas de trânsito pelo condutor";"Colisão lateral";"Com Vítimas Feridas";"Pleno dia";"Crescente";"Céu Claro";"Simples";"Reta";"Não";2;0;1;0;1;0;1;2;-15,55357814;-54,26204493;"SPRF-MT";"DEL05-MT";"UOP01-DEL05-MT"
218317;2019-06-27;"quinta-feira";"11:40:00";"PI";343;13,1;"PARNAIBA";"Falta de Atenção do Pedestre";"Atropelamento de Pedestre";"Com Vítimas Feridas";"Pleno dia";"Crescente";"Céu Claro";"Dupla";"Reta";"Sim";2;0;1;0;1;0;1;2;-2,919029;-41,754124;"SPRF-PI";"DEL05-PI";"UOP01-DEL05-PI"
218318;2019-06-27;"quinta-feira";"10:30:00";"PE";101;50;"ABREU E LIMA";"Não guardar distância de segurança";"Colisão lateral";"Com Vítimas Feridas";"Pleno dia";"Crescente";"Céu Claro";"Múltipla";"Reta";"Sim";2;0;1;0;1;0;1;2;-7,90938602;-34,90123228;"SPRF-PE";"DEL01-PE";"UOP02-DEL01-PE"
218320;2019-06-27;"quinta-feira";"12:10:00";"MG";262;366,7;"JUATUBA";"Defeito Mecânico no Veículo";"Tombamento";"Com Vítimas Feridas";"Pleno dia";"Crescente";"Sol";"Dupla";"Declive;Curva";"Não";2;0;2;0;0;0;2;1;-19,974217;-44,261798;"SPRF-MG";"DEL01-MG";"UOP03-DEL01-MG"
218321;2019-06-27;"quinta-feira";"11:45:00";"MS";0;0;"ITAQUIRAI";"Desobediência às normas de trânsito pelo condutor";"Colisão traseira";"Sem Vítimas";"Pleno dia";"Não Informado";"Nublado";"Simples";"Reta";"Sim";2;0;0;0;2;0;0;2;-23,4831998;-54,18609129;"SPRF-MS";"DEL09-MS";"UOP01-DEL09-MS"
218323;2019-06-27;"quinta-feira";"11:45:00";"RO";174;13,5;"VILHENA";"Falta de Atenção à Condução";"Colisão transversal";"Com Vítimas Feridas";"Pleno dia";"Decrescente";"Céu Claro";"Dupla";"Interseção de Vias";"Sim";2;0;1;0;1;0;1;2;-12,74140004;-60,13026401;"SPRF-RO";"DEL04-RO";"UOP01-DEL04-RO"
218324;2019-06-27;"quinta-feira";"10:00:00";"PR";277;3,5;"FOZ DO IGUACU";"Velocidade Incompatível";"Saída de leito carroçável";"Com Vítimas Feridas";"Pleno dia";"Crescente";"Nublado";"Dupla";"Curva";"Sim";1;0;1;0;0;0;1;1;-25,48419086;-54,58282471;"SPRF-PR";"DEL05-PR";"UOP03-DEL05-PR"
218329;2019-06-27;"quinta-feira";"13:00:00";"PE";423;98;"GARANHUNS";"Desobediência às normas de trânsito pelo condutor";"Colisão transversal";"Com Vítimas Feridas";"Pleno dia";"Decrescente";"Nublado";"Simples";"Viaduto";"Sim";2;0;0;1;1;0;1;2;-8,87617488;-36,50363499;"SPRF-PE";"DEL03-PE";"UOP01-DEL03-PE"
218333;2019-06-27;"quinta-feira";"14:30:00";"GO";60;129;"GOIANAPOLIS";"Defeito Mecânico no Veículo";"Saída de leito carroçável";"Sem Vítimas";"Pleno dia";"Decrescente";"Sol";"Dupla";"Reta";"Não";1;0;0;0;1;0;0;1;-16,5587;-49,1534;"SPRF-GO";"DEL01-GO";"UOP01-DEL01-GO"
218334;2019-06-27;"quinta-feira";"14:20:00";"SC";101;67,1;"ARAQUARI";"Condutor Dormindo";"Saída de leito carroçável";"Sem Vítimas";"Pleno dia";"Decrescente";"Nublado";"Dupla";"Curva";"Não";1;0;0;0;1;0;0;1;-26,48670671;-48,73438597;"SPRF-SC";"DEL03-SC";"UOP02-DEL03-SC"
218336;2019-06-27;"quinta-feira";"09:25:00";"SC";280;275,7;"IRINEOPOLIS";"Falta de Atenção à Condução";"Colisão frontal";"Com Vítimas Feridas";"Pleno dia";"Crescente";"Chuva";"Simples";"Interseção de Vias";"Não";4;0;4;0;0;0;4;2;-26,28674797;-50,78186002;"SPRF-SC";"DEL06-SC";"UOP04-DEL06-SC"
218339;2019-06-27;"quinta-feira";"10:20:00";"RJ";40;119;"DUQUE DE CAXIAS";"Desobediência às normas de trânsito pelo condutor";"Atropelamento de Pedestre";"Com Vítimas Feridas";"Pleno dia";"Crescente";"Céu Claro";"Dupla";"Reta";"Sim";2;0;1;0;0;1;1;2;-22,76375592;-43,28683062;"SPRF-RJ";"DEL01-RJ";"UOP01-DEL01-RJ"
218342;2019-06-27;"quinta-feira";"14:55:00";"PR";476;138,1;"CURITIBA";"Desobediência às normas de trânsito pelo condutor";"Colisão transversal";"Com Vítimas Feridas";"Pleno dia";"Decrescente";"Nublado";"Múltipla";"Interseção de Vias";"Sim";4;0;2;0;2;0;2;2;-25,505564;-49,283417;"SPRF-PR";"DEL01-PR";"UOP03-DEL01-PR"
218343;2019-06-27;"quinta-feira";"14:20:00";"PB";104;119,1;"CAMPINA GRANDE";"Desobediência às normas de trânsito pelo condutor";"Colisão transversal";"Com Vítimas Feridas";"Pleno dia";"Decrescente";"Nublado";"Simples";"Reta";"Não";3;0;0;1;1;1;1;3;-7,196925;-35,876537;"SPRF-PB";"DEL02-PB";"UOP04-DEL02-PB"
218353;2019-06-27;"quinta-feira";"15:25:00";"AP";210;4;"MACAPA";"Falta de Atenção à Condução";"Saída de leito carroçável";"Sem Vítimas";"Pleno dia";"Decrescente";"Céu Claro";"Dupla";"Reta";"Sim";2;0;0;0;2;0;0;2;0,08824228;-51,09472897;"SPRF-AP";"DEL01-AP";"UOP01-DEL01-AP"
218355;2019-06-27;"quinta-feira";"15:40:00";"ES";101;296;"CARIACICA";"Desobediência às normas de trânsito pelo condutor";"Colisão transversal";"Com Vítimas Feridas";"Pleno dia";"Decrescente";"Céu Claro";"Múltipla";"Rotatória";"Sim";2;0;1;0;1;0;1;2;-20,34294699;-40,40341258;"SPRF-ES";"DEL01-ES";"UOP01-DEL01-ES"
218356;2019-06-27;"quinta-feira";"14:10:00";"PE";232;21,7;"MORENO";"Falta de Atenção à Condução";"Saída de leito carroçável";"Com Vítimas Feridas";"Pleno dia";"Decrescente";"Chuva";"Dupla";"Reta";"Sim";2;0;2;0;0;0;2;1;-8,09580234;-35,08012588;"SPRF-PE";"DEL01-PE";"UOP02-DEL02PE"
218357;2019-06-27;"quinta-feira";"12:20:00";"MG";381;215;"NAQUE";"Falta de Atenção à Condução";"Colisão transversal";"Com Vítimas Feridas";"Pleno dia";"Crescente";"Sol";"Simples";"Rotatória";"Sim";3;0;0;1;2;0;1;2;-19,26759803;-42,35426797;"SPRF-MG";"DEL06-MG";"UOP01-DEL06-MG"
218358;2019-06-27;"quinta-feira";"15:00:00";"MG";116;415;"GOVERNADOR VALADARES";"Não guardar distância de segurança";"Colisão traseira";"Com Vítimas Feridas";"Pleno dia";"Crescente";"Céu Claro";"Simples";"Ponte";"Sim";2;0;1;0;1;0;1;2;-18,8833662;-41,95230246;"SPRF-MG";"DEL06-MG";"UOP01-DEL06-MG"
218359;2019-06-27;"quinta-feira";"16:00:00";"PE";232;196,9;"SANHARO";"Falta de Atenção à Condução";"Colisão traseira";"Com Vítimas Feridas";"Pleno dia";"Crescente";"Chuva";"Simples";"Reta";"Não";2;0;1;0;1;0;1;2;-8,36842483;-36,57130201;"SPRF-PE";"DEL02-PE";"UOP03-DEL02-PE"
218363;2019-06-27;"quinta-feira";"16:15:00";"ES";262;1;"CARIACICA";"Falta de Atenção à Condução";"Queda de ocupante de veículo";"Com Vítimas Feridas";"Pleno dia";"Decrescente";"Céu Claro";"Dupla";"Reta";"Sim";2;0;1;0;1;0;1;2;-20,383031;-40,4598713;"SPRF-ES";"DEL01-ES";"UOP01-DEL01-ES"
218364;2019-06-27;"quinta-feira";"15:15:00";"PA";316;78,1;"SAO FRANCISCO DO PARA";"Ultrapassagem Indevida";"Colisão frontal";"Com Vítimas Fatais";"Pleno dia";"Crescente";"Sol";"Simples";"Reta";"Não";3;1;0;0;2;0;0;2;-1,30223447;-47,80628622;"SPRF-PA";"DEL01-PA";"UOP01-DEL01-PA"
218365;2019-06-27;"quinta-feira";"16:00:00";"SE";235;6;"NOSSA SENHORA DO SOCORRO";"Falta de Atenção à Condução";"Colisão traseira";"Com Vítimas Feridas";"Pleno dia";"Crescente";"Céu Claro";"Dupla";"Viaduto";"Não";3;0;2;0;1;0;2;2;-10,903851;-37,128677;"SPRF-SE";"DEL01-SE";"UOP01-DEL01-SE"
218367;2019-06-07;"sexta-feira";"21:30:00";"MG";40;281,2;"TRES MARIAS";"Ingestão de Álcool";"Colisão frontal";"Com Vítimas Fatais";"Plena Noite";"Crescente";"Céu Claro";"Simples";"Reta";"Sim";3;1;0;2;0;0;2;2;-18,24214561;-45,2080525;"SPRF-MG";"DEL14-MG";"UOP02-DEL14-MG"
218369;2019-06-18;"terça-feira";"16:15:00";"PR";476;169,7;"CONTENDA";"Falta de Atenção à Condução";"Colisão transversal";"Com Vítimas Feridas";"Pleno dia";"Decrescente";"Nublado";"Simples";"Aclive";"Não";3;0;0;2;1;0;2;2;-25,666254;-49,495918;"SPRF-PR";"DEL01-PR";"UOP06-DEL01-PR"
218370;2019-06-27;"quinta-feira";"16:50:00";"PR";369;85,5;"CORNELIO PROCOPIO";"Falta de Atenção à Condução";"Colisão transversal";"Com Vítimas Feridas";"Pleno dia";"Crescente";"Céu Claro";"Simples";"Interseção de Vias";"Sim";3;0;2;0;1;0;2;2;-23,17349999;-50,62001646;"SPRF-PR";"DEL07-PR";"UOP05-DEL07-PR"
218373;2019-06-27;"quinta-feira";"16:40:00";"SP";116;269;"TABOAO DA SERRA";"Desobediência às normas de trânsito pelo condutor";"Colisão com objeto em movimento";"Com Vítimas Feridas";"Anoitecer";"Crescente";"Céu Claro";"Dupla";"Reta";"Sim";1;0;1;0;0;0;1;1;-23,61593059;-46,78826044;"SPRF-SP";"DEL04-SP";"UOP01-DEL04-SP"
218378;2019-06-27;"quinta-feira";"17:00:00";"MG";381;404;"BOM JESUS DO AMPARO";"Sinalização da via insuficiente ou inadequada";"Colisão traseira";"Com Vítimas Feridas";"Pleno dia";"Crescente";"Céu Claro";"Simples";"Reta";"Não";5;0;1;3;1;0;4;2;-19,7490622;-43,54398027;"SPRF-MG";"DEL01-MG";"UOP01-DEL01-MG"
218382;2019-06-27;"quinta-feira";"14:00:00";"GO";364;269;"MINEIROS";"Falta de Atenção à Condução";"Queda de ocupante de veículo";"Com Vítimas Feridas";"Pleno dia";"Decrescente";"Céu Claro";"Simples";"Reta";"Não";1;0;0;1;0;0;1;1;-17,668106;-52,302914;"SPRF-GO";"DEL05-GO";"UOP01-DEL05-GO"
218384;2019-06-27;"quinta-feira";"17:15:00";"RS";116;2;"PORTO ALEGRE";"Falta de Atenção à Condução";"Colisão traseira";"Com Vítimas Feridas";"Pleno dia";"Crescente";"Céu Claro";"Múltipla";"Reta";"Sim";2;0;1;0;1;0;1;2;-29,98555482;-51,18133491;"SPRF-RS";"DEL05-RS";"UOP03-DEL05-RS"
218385;2019-06-27;"quinta-feira";"17:15:00";"SC";101;206,5;"SAO JOSE";"Não guardar distância de segurança";"Colisão lateral";"Com Vítimas Feridas";"Anoitecer";"Crescente";"Nublado";"Múltipla";"Reta";"Sim";2;0;1;0;1;0;1;2;-27,59193546;-48,61824557;"SPRF-SC";"DEL01-SC";"UOP01-DEL01-SC"
218386;2019-06-27;"quinta-feira";"16:00:00";"RJ";101;530;"ANGRA DOS REIS";"Velocidade Incompatível";"Saída de leito carroçável";"Com Vítimas Feridas";"Pleno dia";"Crescente";"Céu Claro";"Simples";"Curva";"Sim";1;0;0;1;0;0;1;1;-23,0232454;-44,51684972;"SPRF-RJ";"DEL03-RJ";"UOP02-DEL03-RJ"
218387;2019-06-27;"quinta-feira";"17:40:00";"PE";101;46,3;"IGARASSU";"Falta de Atenção à Condução";"Colisão traseira";"Com Vítimas Feridas";"Anoitecer";"Decrescente";"Céu Claro";"Múltipla";"Reta";"Sim";3;0;1;0;2;0;1;3;-7,87406004;-34,90588126;"SPRF-PE";"DEL01-PE";"UOP02-DEL01-PE"
218389;2019-06-27;"quinta-feira";"17:00:00";"RO";364;711;"PORTO VELHO";"Desobediência às normas de trânsito pelo condutor";"Colisão traseira";"Com Vítimas Feridas";"Pleno dia";"Crescente";"Céu Claro";"Múltipla";"Interseção de Vias";"Sim";2;0;1;0;1;0;1;2;-8,78153947;-63,86531369;"SPRF-RO";"DEL01-RO";"UOP01-DEL01-RO"
218390;2019-06-27;"quinta-feira";"18:10:00";"SC";101;125,9;"ITAJAI";"Desobediência às normas de trânsito pelo condutor";"Colisão frontal";"Com Vítimas Feridas";"Anoitecer";"Crescente";"Céu Claro";"Simples";"Ponte";"Não";3;0;0;2;1;0;2;3;-26,94802427;-48,68338515;"SPRF-SC";"DEL04-SC";"UOP04-DEL04-SC"
218393;2019-06-27;"quinta-feira";"18:15:00";"RJ";40;110;"DUQUE DE CAXIAS";"Não guardar distância de segurança";"Colisão traseira";"Com Vítimas Feridas";"Plena Noite";"Decrescente";"Céu Claro";"Múltipla";"Reta";"Sim";2;0;1;0;1;0;1;2;-22,68289906;-43,28549346;"SPRF-RJ";"DEL01-RJ";"UOP01-DEL01-RJ"
218394;2019-06-27;"quinta-feira";"18:15:00";"SP";153;62,9;"SAO JOSE DO RIO PRETO";"Falta de Atenção à Condução";"Colisão traseira";"Com Vítimas Feridas";"Plena Noite";"Crescente";"Céu Claro";"Dupla";"Reta";"Sim";2;0;1;0;1;0;1;2;-20,81325404;-49,35675563;"SPRF-SP";"DEL09-SP";"UOP01-DEL09-SP"
218395;2019-06-27;"quinta-feira";"18:30:00";"MG";40;612,3;"CONGONHAS";"Falta de Atenção do Pedestre";"Atropelamento de Pedestre";"Com Vítimas Feridas";"Plena Noite";"Crescente";"Céu Claro";"Simples";"Interseção de Vias;Reta";"Sim";3;0;0;1;2;0;1;2;-20,5209733;-43,83151802;"SPRF-MG";"DEL05-MG";"UOP02-DEL05-MG"
218396;2019-06-27;"quinta-feira";"17:30:00";"ES";447;13,2;"VILA VELHA";"Falta de Atenção à Condução";"Colisão lateral";"Com Vítimas Feridas";"Plena Noite";"Decrescente";"Céu Claro";"Dupla";"Reta";"Sim";2;0;1;0;0;1;1;2;-20,34431604;-40,32965552;"SPRF-ES";"DEL01-ES";"UOP01-DEL01-ES"
218397;2019-05-23;"quinta-feira";"07:00:00";"PI";230;188;"OEIRAS";"Desobediência às normas de trânsito pelo condutor";"Colisão frontal";"Com Vítimas Fatais";"Amanhecer";"Crescente";"Sol";"Simples";"Reta";"Não";3;2;0;0;1;0;0;2;-6,97764626;-42,05537887;"SPRF-PI";"DEL04-PI";"UOP01-DEL04-PI"
218398;2019-06-27;"quinta-feira";"18:10:00";"PE";232;191,2;"SANHARO";"Ingestão de Álcool";"Colisão traseira";"Com Vítimas Feridas";"Plena Noite";"Decrescente";"Chuva";"Simples";"Aclive";"Não";2;0;0;2;0;0;2;2;-8,35709895;-36,52773;"SPRF-PE";"DEL02-PE";"UOP03-DEL02-PE"
218399;2019-06-27;"quinta-feira";"18:10:00";"PR";376;4,4;"MANDAGUARI";"Falta de Atenção à Condução";"Colisão transversal";"Com Vítimas Feridas";"Pleno dia";"Crescente";"Céu Claro";"Simples";"Reta";"Sim";3;0;2;0;1;0;2;3;-23,51873709;-51,6809535;"SPRF-PR";"DEL07-PR";"UOP01-DEL09-PR"
218400;2019-06-27;"quinta-feira";"17:20:00";"RO";364;715;"PORTO VELHO";"Falta de Atenção à Condução";"Colisão lateral";"Sem Vítimas";"Anoitecer";"Crescente";"Céu Claro";"Dupla";"Viaduto";"Sim";2;0;0;0;2;0;0;2;-8,77957291;-63,89174213;"SPRF-RO";"DEL01-RO";"UOP01-DEL01-RO"
218401;2019-06-27;"quinta-feira";"17:10:00";"MA";135;18;"SAO LUIS";"Desobediência às normas de trânsito pelo condutor";"Saída de leito carroçável";"Com Vítimas Feridas";"Pleno dia";"Decrescente";"Garoa/Chuvisco";"Dupla";"Reta";"Não";2;0;0;1;1;0;1;1;-2,71353662;-44,31833452;"SPRF-MA";"DEL01-MA";"UOP01-DEL01-MA"
218402;2019-05-03;"sexta-feira";"16:00:00";"PE";428;190,7;"PETROLINA";"Falta de Atenção à Condução";"Queda de ocupante de veículo";"Com Vítimas Feridas";"Pleno dia";"Crescente";"Ignorado";"Múltipla";"Reta";"Sim";2;0;1;0;0;1;1;2;-9,37605965;-40,49382106;"SPRF-PE";"DEL06-PE";"UOP01-DEL06-PE"
218403;2019-06-27;"quinta-feira";"18:45:00";"PR";376;2,6;"MARINGA";"Defeito Mecânico no Veículo";"Queda de ocupante de veículo";"Com Vítimas Feridas";"Anoitecer";"Crescente";"Nublado";"Dupla";"Reta";"Sim";2;0;1;0;1;0;1;1;-23,39382;-51,97253;"SPRF-PR";"DEL07-PR";"UOP01-DEL09-PR"
218404;2019-06-27;"quinta-feira";"18:15:00";"PR";376;599;"CURITIBA";"Não guardar distância de segurança";"Colisão lateral";"Com Vítimas Feridas";"Plena Noite";"Decrescente";"Nublado";"Dupla";"Reta";"Sim";3;0;2;0;1;0;2;2;-25,52629711;-49,32958412;"SPRF-PR";"DEL01-PR";"UOP06-DEL01-PR"
218405;2019-06-27;"quinta-feira";"13:30:00";"SP";381;89,7;"GUARULHOS";"Falta de Atenção à Condução";"Colisão com objeto estático";"Com Vítimas Fatais";"Pleno dia";"Decrescente";"Céu Claro";"Dupla";"Reta";"Sim";1;1;0;0;0;0;0;1;-23,48469299;-46,55983288;"SPRF-SP";"DEL03-SP";"UOP01-DEL03-SP"
218407;2019-06-27;"quinta-feira";"18:05:00";"MG";116;524,6;"CARATINGA";"Falta de Atenção à Condução";"Colisão transversal";"Com Vítimas Feridas";"Plena Noite";"Crescente";"Nublado";"Dupla";"Curva";"Não";2;0;0;1;1;0;1;2;-19,76027352;-42,13398823;"SPRF-MG";"DEL06-MG";"UOP02-DEL06-MG"
218409;2019-06-27;"quinta-feira";"19:10:00";"PR";369;163;"CAMBE";"Ingestão de Álcool";"Colisão traseira";"Sem Vítimas";"Plena Noite";"Decrescente";"Céu Claro";"Dupla";"Reta;Aclive";"Não";2;0;0;0;2;0;0;2;-23,2971865;-51,27781212;"SPRF-PR";"DEL07-PR";"UOP01-DEL07-PR"
218411;2019-05-10;"sexta-feira";"20:30:00";"ES";101;266,5;"SERRA";"Ingestão de Álcool";"Engavetamento";"Com Vítimas Feridas";"Plena Noite";"Decrescente";"Nublado";"Dupla";"Reta";"Sim";4;0;0;1;2;1;1;4;-20,190199;-40,26828891;"SPRF-ES";"DEL02-ES";"UOP01-DEL02-ES"
218412;2019-06-27;"quinta-feira";"18:50:00";"SC";101;356;"SANGAO";"Objeto estático sobre o leito carroçável";"Saída de leito carroçável";"Com Vítimas Feridas";"Plena Noite";"Decrescente";"Céu Claro";"Dupla";"Reta";"Não";1;0;1;0;0;0;1;1;-28,62930081;-49,08665412;"SPRF-SC";"DEL02-SC";"UOP01-DEL02-SC"
218413;2019-06-27;"quinta-feira";"18:10:00";"PE";428;186,8;"PETROLINA";"Falta de Atenção à Condução";"Colisão transversal";"Com Vítimas Feridas";"Anoitecer";"Crescente";"Nublado";"Simples";"Reta";"Sim";2;0;1;0;1;0;1;2;-9,35629283;-40,47863781;"SPRF-PE";"DEL06-PE";"UOP01-DEL06-PE"
218414;2019-06-27;"quinta-feira";"11:15:00";"MS";163;578;"BANDEIRANTES";"Fenômenos da Natureza";"Saída de leito carroçável";"Com Vítimas Feridas";"Pleno dia";"Decrescente";"Céu Claro";"Simples";"Reta";"Não";2;0;1;0;1;0;1;1;-19,66014917;-54,35201623;"SPRF-MS";"DEL06-MS";"UOP02-DEL06-MS"
218415;2019-06-27;"quinta-feira";"19:20:00";"SC";101;206,5;"SAO JOSE";"Falta de Atenção à Condução";"Colisão lateral";"Com Vítimas Feridas";"Plena Noite";"Crescente";"Céu Claro";"Múltipla";"Reta";"Sim";4;0;1;0;3;0;1;4;-27,59193546;-48,61824557;"SPRF-SC";"DEL01-SC";"UOP01-DEL01-SC"
218416;2019-06-27;"quinta-feira";"18:45:00";"GO";60;179,3;"ABADIA DE GOIAS";"Defeito Mecânico no Veículo";"Incêndio";"Sem Vítimas";"Plena Noite";"Decrescente";"Céu Claro";"Dupla";"Aclive";"Não";2;0;0;0;2;0;0;1;-16,7638;-49,466;"SPRF-GO";"DEL01-GO";"UOP02-DEL01-GO"
218417;2019-06-27;"quinta-feira";"19:50:00";"PR";116;141,6;"MANDIRITUBA";"Falta de Atenção à Condução";"Colisão transversal";"Com Vítimas Feridas";"Plena Noite";"Crescente";"Céu Claro";"Múltipla";"Interseção de Vias";"Sim";2;0;0;1;1;0;1;2;-25,73749;-49,31762782;"SPRF-PR";"DEL01-PR";"UOP03-DEL01-PR"
218419;2019-06-27;"quinta-feira";"19:00:00";"GO";60;179,3;"ABADIA DE GOIAS";"Falta de Atenção à Condução";"Queda de ocupante de veículo";"Com Vítimas Feridas";"Anoitecer";"Decrescente";"Céu Claro";"Dupla";"Aclive;Reta";"Não";1;0;1;0;0;0;1;1;-16,7638;-49,466;"SPRF-GO";"DEL01-GO";"UOP02-DEL01-GO"
218422;2019-06-27;"quinta-feira";"19:00:00";"MT";70;5;"BARRA DO GARCAS";"Falta de Atenção à Condução";"Tombamento";"Com Vítimas Feridas";"Plena Noite";"Crescente";"Céu Claro";"Dupla";"Rotatória";"Sim";1;0;1;0;0;0;1;1;-15,87814789;-52,296134;"SPRF-MT";"DEL07-MT";"UOP01-DEL07-MT"
218426;2019-06-27;"quinta-feira";"20:55:00";"RS";290;80;"GRAVATAI";"Falta de Atenção à Condução";"Saída de leito carroçável";"Com Vítimas Feridas";"Plena Noite";"Decrescente";"Céu Claro";"Dupla";"Reta";"Não";2;0;0;2;0;0;2;1;-29,95343;-51,058449;"SPRF-RS";"DEL01-RS";"UOP01-DEL01-RS"
218427;2019-06-27;"quinta-feira";"21:00:00";"BA";330;780,4;"IPIAU";"Falta de Atenção à Condução";"Colisão traseira";"Com Vítimas Feridas";"Plena Noite";"Decrescente";"Nublado";"Simples";"Reta";"Não";5;0;3;1;1;0;4;3;-14,146504;-39,707487;"SPRF-BA";"DEL03-BA";"UOP01-DEL03-BA"
218428;2019-06-27;"quinta-feira";"21:40:00";"MG";262;371,5;"JUATUBA";"Falta de Atenção à Condução";"Colisão traseira";"Com Vítimas Feridas";"Plena Noite";"Decrescente";"Céu Claro";"Múltipla";"Reta";"Não";6;0;2;0;4;0;2;2;-19,97212126;-44,30817896;"SPRF-MG";"DEL01-MG";"UOP03-DEL01-MG"
218429;2019-06-27;"quinta-feira";"21:30:00";"PB";230;346,2;"PATOS";"Defeito Mecânico no Veículo";"Saída de leito carroçável";"Com Vítimas Feridas";"Plena Noite";"Decrescente";"Céu Claro";"Simples";"Reta";"Sim";3;0;1;0;2;0;1;1;-6,9685;-37,3539;"SPRF-PB";"DEL03-PB";"UOP01-DEL03-PB"
218430;2019-06-27;"quinta-feira";"19:15:00";"BA";367;133;"ITAGIMIRIM";"Defeito Mecânico no Veículo";"Incêndio";"Sem Vítimas";"Plena Noite";"Crescente";"Céu Claro";"Simples";"Reta";"Não";1;0;0;0;1;0;0;1;-16,08879617;-39,61867931;"SPRF-BA";"DEL09-BA";"UOP01-DEL09-BA"