"id";"data_inversa";"dia_semana";"horario";"uf";"br";"km";"municipio";"causa_acidente";"tipo_acidente";"classificacao_acidente";"fase_dia";"sentido_via";"condicao_metereologica";"tipo_pista";"tracado_via";"uso_solo";"pessoas";"mortos";"feridos_leves";"feridos_graves";"ilesos";"ignorados";"feridos";"veiculos";"latitude";"longitude";"regional";"delegacia";"uop"
218431;2019-06-27;"quinta-feira";"16:30:00";"BA";101;478;"URUCUCA";"Pista Escorregadia";"Saída de leito carroçável";"Com Vítimas Feridas";"Pleno dia";"Crescente";"Chuva";"Simples";"Reta";"Não";1;0;1;0;0;0;1;1;-14,60967942;-39,33179022;"SPRF-BA";"DEL05-BA";"UOP01-DEL05-BA"
218433;2019-06-27;"quinta-feira";"19:40:00";"PI";316;49;"MONSENHOR GIL";"Animais na Pista";"Atropelamento de Animal";"Com Vítimas Feridas";"Plena Noite";"Crescente";"Céu Claro";"Simples";"Reta";"Não";1;0;0;1;0;0;1;1;-5,48492495;-42,63890136;"SPRF-PI";"DEL01-PI";"UOP02-DEL01-PI"
218434;2019-06-19;"quarta-feira";"08:35:00";"RO";429;61;"PRESIDENTE MEDICI";"Desobediência às normas de trânsito pelo condutor";"Colisão transversal";"Com Vítimas Feridas";"Pleno dia";"Crescente";"Céu Claro";"Simples";"Declive;Reta;Interseção de Vias";"Não";3;0;2;0;1;0;2;2;-11,20343106;-62,081735;"SPRF-RO";"DEL02-RO";"UOP03-DEL02-RO"
218435;2019-06-27;"quinta-feira";"20:20:00";"PI";316;49;"MONSENHOR GIL";"Animais na Pista";"Atropelamento de Animal";"Com Vítimas Feridas";"Plena Noite";"Decrescente";"Céu Claro";"Simples";"Reta";"Não";1;0;1;0;0;0;1;1;-5,48492495;-42,63890136;"SPRF-PI";"DEL01-PI";"UOP02-DEL01-PI"
218437;2019-06-27;"quinta-feira";"22:35:00";"BA";324;518;"FEIRA DE SANTANA";"Desobediência às normas de trânsito pelo condutor";"Colisão transversal";"Com Vítimas Feridas";"Plena Noite";"Crescente";"Céu Claro";"Dupla";"Reta";"Não";2;0;1;0;1;0;1;2;-12,258195;-38,932182;"SPRF-BA";"DEL02-BA";"UOP01-DEL02-BA"
218438;2019-06-27;"quinta-feira";"22:45:00";"ES";101;135;"LINHARES";"Falta de Atenção à Condução";"Colisão traseira";"Com Vítimas Feridas";"Plena Noite";"Decrescente";"Céu Claro";"Simples";"Reta";"Não";3;0;2;0;0;1;2;2;-19,27504305;-40,08788043;"SPRF-ES";"DEL04-ES";"UOP01-DEL04-ES"
218440;2019-06-27;"quinta-feira";"19:10:00";"SC";282;340;"CAMPOS NOVOS";"Desobediência às normas de trânsito pelo condutor";"Colisão traseira";"Com Vítimas Feridas";"Plena Noite";"Decrescente";"Céu Claro";"Simples";"Reta";"Sim";3;0;1;0;2;0;1;2;-27,388266;-51,203793;"SPRF-SC";"DEL07-SC";"UOP06-DEL07-SC"
218442;2019-06-27;"quinta-feira";"19:00:00";"MT";174;76;"CACERES";"Não guardar distância de segurança";"Saída de leito carroçável";"Com Vítimas Feridas";"Plena Noite";"Crescente";"Céu Claro";"Simples";"Reta";"Não";1;0;1;0;0;0;1;1;-16,01307;-57,738483;"SPRF-MT";"DEL03-MT";"UOP01-DEL03-MT"
218443;2019-06-27;"quinta-feira";"21:30:00";"PR";376;491,3;"PONTA GROSSA";"Ingestão de álcool e/ou substâncias psicoativas pelo pedestre";"Atropelamento de Pedestre";"Com Vítimas Fatais";"Plena Noite";"Crescente";"Céu Claro";"Dupla";"Reta";"Não";2;1;0;0;0;1;0;2;-25,12544523;-50,18022627;"SPRF-PR";"DEL03-PR";"UOP04-DEL03-PR"
218444;2019-06-27;"quinta-feira";"22:20:00";"PB";230;342,2;"PATOS";"Ingestão de Álcool";"Saída de leito carroçável";"Sem Vítimas";"Plena Noite";"Decrescente";"Céu Claro";"Simples";"Reta";"Não";1;0;0;0;1;0;0;1;-6,9895;-37,3234;"SPRF-PB";"DEL03-PB";"UOP01-DEL03-PB"
218445;2019-06-27;"quinta-feira";"23:00:00";"RS";290;97;"PORTO ALEGRE";"Deficiência ou não Acionamento do Sistema de Iluminação/Sinalização do Veículo";"Colisão traseira";"Com Vítimas Feridas";"Plena Noite";"Crescente";"Céu Claro";"Dupla";"Reta";"Sim";2;0;1;0;1;0;1;2;-29,997789;-51,20779;"SPRF-RS";"DEL01-RS";"UOP01-DEL01-RS"
218447;2019-06-27;"quinta-feira";"21:20:00";"PR";277;717,6;"SANTA TEREZINHA DE ITAIPU";"Falta de Atenção à Condução";"Colisão traseira";"Com Vítimas Fatais";"Plena Noite";"Decrescente";"Garoa/Chuvisco";"Dupla";"Aclive";"Não";4;1;2;0;1;0;2;2;-25,47637493;-54,47651902;"SPRF-PR";"DEL05-PR";"UOP01-DEL05-PR"
218448;2019-06-15;"sábado";"20:09:00";"RO";364;334;"JI-PARANA";"Defeito na Via";"Queda de ocupante de veículo";"Com Vítimas Feridas";"Plena Noite";"Decrescente";"Céu Claro";"Simples";"Em Obras;Reta";"Não";2;0;1;1;0;0;2;1;-10,95082426;-61,92353827;"SPRF-RO";"DEL02-RO";"UOP01-DEL02-RO"
218449;2019-06-28;"sexta-feira";"00:30:00";"PR";369;377,8;"CAMPO MOURAO";"Condutor Dormindo";"Capotamento";"Sem Vítimas";"Plena Noite";"Crescente";"Céu Claro";"Múltipla";"Reta";"Não";1;0;0;0;1;0;0;1;-24,1971505;-52,50088963;"SPRF-PR";"DEL04-PR";"UOP03-DEL09-PR"
218451;2019-06-19;"quarta-feira";"10:00:00";"MS";262;93,4;"TRES LAGOAS";"Ultrapassagem Indevida";"Saída de leito carroçável";"Com Vítimas Feridas";"Pleno dia";"Crescente";"Sol";"Simples";"Reta";"Não";2;0;2;0;0;0;2;1;-20,58966838;-52,43305716;"SPRF-MS";"DEL07-MS";"UOP02-DEL07-MS"
218455;2019-06-28;"sexta-feira";"01:00:00";"PE";424;3;"ARCOVERDE";"Ingestão de Álcool";"Queda de ocupante de veículo";"Com Vítimas Feridas";"Plena Noite";"Crescente";"Nublado";"Simples";"Reta";"Não";1;0;1;0;0;0;1;1;-8,45381694;-37,0485949;"SPRF-PE";"DEL03-PE";"UOP02-DEL03-PE"
218464;2019-06-15;"sábado";"04:21:00";"SC";101;132,4;"BALNEARIO CAMBORIU";"Ingestão de Álcool";"Colisão lateral";"Sem Vítimas";"Plena Noite";"Decrescente";"Céu Claro";"Dupla";"Reta";"Sim";3;0;0;0;3;0;0;3;-26,99654133;-48,65564711;"SPRF-SC";"DEL04-SC";"UOP03-DEL04-SC"
218465;2019-06-28;"sexta-feira";"07:00:00";"SC";280;53,1;"GUARAMIRIM";"Falta de Atenção à Condução";"Colisão transversal";"Com Vítimas Feridas";"Amanhecer";"Crescente";"Nublado";"Simples";"Reta";"Sim";2;0;1;0;1;0;1;2;-26,47236756;-48,97426617;"SPRF-SC";"DEL03-SC";"UOP03-DEL03-SC"
218466;2019-06-28;"sexta-feira";"07:00:00";"SE";235;5,8;"NOSSA SENHORA DO SOCORRO";"Falta de Atenção à Condução";"Colisão lateral";"Com Vítimas Feridas";"Pleno dia";"Decrescente";"Céu Claro";"Dupla";"Reta";"Sim";2;0;1;0;1;0;1;2;-10,9041;-37,1278;"SPRF-SE";"DEL01-SE";"UOP01-DEL01-SE"
218467;2019-06-28;"sexta-feira";"05:30:00";"PA";316;40;"SANTA IZABEL DO PARA";"Restrição de Visibilidade";"Saída de leito carroçável";"Com Vítimas Feridas";"Amanhecer";"Crescente";"Ignorado";"Dupla";"Reta";"Não";2;0;1;0;0;1;1;2;-1,2795637;-48,12243407;"SPRF-PA";"DEL01-PA";"UOP01-DEL01-PA"
218468;2019-06-28;"sexta-feira";"06:50:00";"PE";232;10,9;"JABOATAO DOS GUARARAPES";"Velocidade Incompatível";"Colisão traseira";"Com Vítimas Feridas";"Pleno dia";"Decrescente";"Céu Claro";"Dupla";"Viaduto";"Sim";3;0;2;0;1;0;2;2;-8,079818;-34,990849;"SPRF-PE";"DEL01-PE";"UOP01-DEL01-PE"
218469;2019-06-28;"sexta-feira";"07:10:00";"SP";116;219;"GUARULHOS";"Não guardar distância de segurança";"Colisão traseira";"Com Vítimas Feridas";"Pleno dia";"Crescente";"Nublado";"Múltipla";"Reta";"Sim";2;0;1;0;1;0;1;2;-23,46143954;-46,48885316;"SPRF-SP";"DEL01-SP";"UOP01-DEL01-SP"
218474;2019-06-28;"sexta-feira";"07:20:00";"SC";101;201;"SAO JOSE";"Falta de Atenção à Condução";"Colisão transversal";"Com Vítimas Feridas";"Pleno dia";"Crescente";"Nublado";"Dupla";"Reta";"Sim";2;0;1;0;1;0;1;2;-27,54836599;-48,61977975;"SPRF-SC";"DEL01-SC";"UOP01-DEL01-SC"
218475;2019-06-28;"sexta-feira";"07:10:00";"RJ";101;320;"NITEROI";"Falta de Atenção à Condução";"Colisão lateral";"Com Vítimas Feridas";"Pleno dia";"Crescente";"Céu Claro";"Dupla";"Reta";"Sim";3;0;2;0;1;0;2;2;-22,86171098;-43,10714015;"SPRF-RJ";"DEL02-RJ";"UOP02-DEL02-RJ"
218476;2019-06-28;"sexta-feira";"07:40:00";"SC";282;18;"PALHOCA";"Desobediência às normas de trânsito pelo condutor";"Queda de ocupante de veículo";"Com Vítimas Feridas";"Pleno dia";"Decrescente";"Céu Claro";"Simples";"Reta";"Não";2;0;1;0;1;0;1;2;-27,672798;-48,694286;"SPRF-SC";"DEL01-SC";"UOP02-DEL01-SC"
218477;2019-06-13;"quinta-feira";"06:20:00";"PR";277;539,8;"IBEMA";"Falta de Atenção à Condução";"Colisão transversal";"Sem Vítimas";"Amanhecer";"Crescente";"Céu Claro";"Simples";"Reta";"Não";2;0;0;0;2;0;0;2;-25,1019221;-53,04096222;"SPRF-PR";"DEL04-PR";"UOP04-DEL04-PR"
218479;2019-06-28;"sexta-feira";"07:00:00";"RO";364;427;"JARU";"Desobediência às normas de trânsito pelo condutor";"Colisão transversal";"Com Vítimas Feridas";"Pleno dia";"Decrescente";"Céu Claro";"Simples";"Reta";"Sim";2;0;1;0;1;0;1;2;-10,42731312;-62,48745208;"SPRF-RO";"DEL03-RO";"UOP02-DEL03-RO"
218481;2019-06-28;"sexta-feira";"08:31:00";"PA";163;988;"SANTAREM";"Não guardar distância de segurança";"Colisão traseira";"Com Vítimas Feridas";"Pleno dia";"Decrescente";"Céu Claro";"Simples";"Reta";"Não";2;0;1;0;1;0;1;2;-2,57815657;-54,72077063;"SPRF-PA";"DEL05-PA";"UOP01-DEL05-PA"
218482;2019-06-28;"sexta-feira";"07:20:00";"CE";116;2,8;"FORTALEZA";"Falta de Atenção à Condução";"Colisão traseira";"Com Vítimas Feridas";"Pleno dia";"Decrescente";"Céu Claro";"Múltipla";"Reta";"Sim";2;0;1;0;1;0;1;2;-3,77019802;-38,51724508;"SPRF-CE";"DEL01-CE";"UOP02-DEL01-CE"
218484;2019-06-28;"sexta-feira";"06:50:00";"MS";163;247,8;"DOURADOS";"Falta de Atenção à Condução";"Tombamento";"Com Vítimas Feridas";"Pleno dia";"Decrescente";"Sol";"Simples";"Reta";"Não";1;0;1;0;0;0;1;1;-22,33218585;-54,81525668;"SPRF-MS";"DEL04-MS";"UOP01-DEL04-MS"
218485;2019-06-28;"sexta-feira";"05:30:00";"BA";242;130;"RAFAEL JAMBEIRO";"Defeito na Via";"Capotamento";"Com Vítimas Feridas";"Amanhecer";"Crescente";"Ignorado";"Simples";"Reta";"Não";2;0;0;1;1;0;1;1;-12,54832589;-39,55251262;"SPRF-BA";"DEL01-BA";"UOP02-DEL01-BA"
218488;2019-06-28;"sexta-feira";"08:10:00";"RJ";493;70;"DUQUE DE CAXIAS";"Falta de Atenção à Condução";"Colisão traseira";"Com Vítimas Feridas";"Pleno dia";"Crescente";"Céu Claro";"Dupla";"Reta";"Não";3;0;1;0;1;1;1;3;-22,672089;-43,285053;"SPRF-RJ";"DEL01-RJ";"UOP03-DEL01-RJ"
218489;2019-06-28;"sexta-feira";"09:00:00";"ES";101;268;"SERRA";"Desobediência às normas de trânsito pelo condutor";"Atropelamento de Pedestre";"Com Vítimas Feridas";"Pleno dia";"Crescente";"Céu Claro";"Dupla";"Reta";"Sim";3;0;1;0;0;2;1;2;-20,20842;-40,269405;"SPRF-ES";"DEL02-ES";"UOP01-DEL02-ES"
218491;2019-05-08;"quarta-feira";"18:30:00";"SC";280;68;"JARAGUA DO SUL";"Desobediência às normas de trânsito pelo condutor";"Colisão traseira";"Com Vítimas Feridas";"Anoitecer";"Crescente";"Céu Claro";"Simples";"Reta";"Não";2;0;1;0;1;0;1;2;-26,47264531;-49,11130875;"SPRF-SC";"DEL03-SC";"UOP03-DEL03-SC"
218492;2019-06-28;"sexta-feira";"08:45:00";"CE";116;18;"EUSEBIO";"Ultrapassagem Indevida";"Colisão lateral";"Com Vítimas Feridas";"Pleno dia";"Decrescente";"Céu Claro";"Dupla";"Reta";"Não";5;0;3;0;2;0;3;2;-3,90496605;-38,50518756;"SPRF-CE";"DEL01-CE";"UOP02-DEL01-CE"
218493;2019-06-28;"sexta-feira";"07:35:00";"RO";319;60;"PORTO VELHO";"Falta de Atenção à Condução";"Colisão transversal";"Com Vítimas Feridas";"Pleno dia";"Crescente";"Céu Claro";"Múltipla";"Interseção de Vias";"Sim";2;0;1;0;1;0;1;2;-8,74113495;-63,8899523;"SPRF-RO";"DEL01-RO";"UOP01-DEL01-RO"
218495;2019-06-28;"sexta-feira";"08:25:00";"PR";116;115,9;"CURITIBA";"Não guardar distância de segurança";"Engavetamento";"Sem Vítimas";"Pleno dia";"Decrescente";"Sol";"Dupla";"Reta";"Sim";4;0;0;0;4;0;0;4;-25,55173416;-49,30492401;"SPRF-PR";"DEL01-PR";"UOP03-DEL01-PR"
218496;2019-06-28;"sexta-feira";"09:30:00";"ES";101;204,8;"JOAO NEIVA";"Falta de Atenção à Condução";"Colisão lateral";"Com Vítimas Feridas";"Pleno dia";"Decrescente";"Sol";"Simples";"Interseção de Vias";"Sim";2;0;1;0;1;0;1;2;-19,74948916;-40,37922678;"SPRF-ES";"DEL02-ES";"UOP01-DEL02-ES"
218499;2019-06-28;"sexta-feira";"09:45:00";"MG";381;429;"CAETE";"Desobediência às normas de trânsito pelo condutor";"Colisão transversal";"Com Vítimas Feridas";"Pleno dia";"Decrescente";"Céu Claro";"Simples";"Curva";"Não";4;0;2;0;1;1;2;3;-19,78663743;-43,71433695;"SPRF-MG";"DEL01-MG";"UOP01-DEL01-MG"
218501;2019-06-28;"sexta-feira";"09:20:00";"GO";40;7;"LUZIANIA";"Animais na Pista";"Atropelamento de Animal";"Com Vítimas Feridas";"Pleno dia";"Decrescente";"Céu Claro";"Dupla";"Reta";"Sim";1;0;1;0;0;0;1;1;-16,108482;-47,972524;"SPRF-DF";"DEL01-DF";"UOP01-DEL01-DF"
218502;2019-02-17;"domingo";"15:10:00";"PB";230;212,9;"SOLEDADE";"Ultrapassagem Indevida";"Saída de leito carroçável";"Com Vítimas Feridas";"Pleno dia";"Crescente";"Sol";"Simples";"Reta";"Não";2;0;2;0;0;0;2;1;-7,0754;-36,341;"SPRF-PB";"DEL02-PB";"UOP02-DEL02-PB"
218503;2019-06-28;"sexta-feira";"09:20:00";"SP";381;22,5;"BRAGANCA PAULISTA";"Defeito Mecânico no Veículo";"Incêndio";"Sem Vítimas";"Pleno dia";"Crescente";"Céu Claro";"Dupla";"Reta";"Não";1;0;0;0;1;0;0;1;-22,99697186;-46,5163051;"SPRF-SP";"DEL03-SP";"UOP02-DEL03-SP"
218504;2019-06-28;"sexta-feira";"10:50:00";"PE";101;100,1;"CABO DE SANTO AGOSTINHO";"Falta de Atenção à Condução";"Colisão transversal";"Com Vítimas Feridas";"Pleno dia";"Crescente";"Nublado";"Simples";"Reta";"Sim";2;0;1;0;1;0;1;2;-8,28703;-35,039052;"SPRF-PE";"DEL01-PE";"UOP03-DEL01-PE"
218506;2019-06-28;"sexta-feira";"09:30:00";"RS";116;206,6;"PICADA CAFE";"Velocidade Incompatível";"Colisão frontal";"Com Vítimas Feridas";"Pleno dia";"Crescente";"Chuva";"Simples";"Curva";"Não";3;0;1;0;1;1;1;2;-29,49966726;-51,1306017;"SPRF-RS";"DEL05-RS";"UOP02-DEL05-RS"
218508;2019-04-14;"domingo";"23:50:00";"PR";163;126;"REALEZA";"Animais na Pista";"Queda de ocupante de veículo";"Com Vítimas Feridas";"Plena Noite";"Crescente";"Ignorado";"Simples";"Reta";"Não";1;0;0;1;0;0;1;1;-25,56722039;-53,57517242;"SPRF-PR";"DEL02-PR";"UOP02-DEL02-PR"
218510;2019-06-24;"segunda-feira";"22:00:00";"MG";381;905,9;"CAMBUI";"Falta de Atenção à Condução";"Capotamento";"Sem Vítimas";"Plena Noite";"Decrescente";"Céu Claro";"Dupla";"Curva";"Não";1;0;0;0;0;1;0;1;-22,69514484;-46,1125442;"SPRF-MG";"DEL16-MG";"UOP03-DEL16-MG"
218511;2019-06-28;"sexta-feira";"11:40:00";"SC";282;15;"PALHOCA";"Desobediência às normas de trânsito pelo condutor";"Colisão traseira";"Com Vítimas Feridas";"Pleno dia";"Crescente";"Nublado";"Dupla";"Reta";"Sim";3;0;1;0;2;0;1;2;-27,651848;-48,676048;"SPRF-SC";"DEL01-SC";"UOP02-DEL01-SC"
218513;2019-06-28;"sexta-feira";"11:40:00";"RJ";393;182;"PARAIBA DO SUL";"Animais na Pista";"Atropelamento de Animal";"Com Vítimas Feridas";"Pleno dia";"Decrescente";"Céu Claro";"Simples";"Reta";"Não";1;0;1;0;0;0;1;1;-22,14087772;-43,25915397;"SPRF-RJ";"DEL05-RJ";"UOP03-DEL05-RJ"
218514;2019-06-22;"sábado";"05:50:00";"MS";262;327,4;"CAMPO GRANDE";"Falta de Atenção à Condução";"Colisão transversal";"Com Vítimas Feridas";"Pleno dia";"Decrescente";"Céu Claro";"Simples";"Reta";"Sim";4;0;1;0;3;0;1;2;-20,4686491;-54,51559;"SPRF-MS";"DEL01-MS";"UOP01-DEL01-MS"
218515;2019-05-15;"quarta-feira";"11:10:00";"MS";163;508;"JARAGUARI";"Falta de Atenção à Condução";"Saída de leito carroçável";"Sem Vítimas";"Pleno dia";"Crescente";"Céu Claro";"Dupla";"Reta";"Não";2;0;0;0;1;1;0;2;-20,25781883;-54,48293924;"SPRF-MS";"DEL01-MS";"UOP02-DEL01-MS"
218516;2019-06-28;"sexta-feira";"10:50:00";"RO";319;63;"PORTO VELHO";"Não guardar distância de segurança";"Colisão traseira";"Sem Vítimas";"Pleno dia";"Crescente";"Sol";"Dupla";"Reta";"Sim";2;0;0;0;2;0;0;2;-8,766685;-63,884052;"SPRF-RO";"DEL01-RO";"UOP01-DEL01-RO"
218519;2019-06-28;"sexta-feira";"12:00:00";"PI";343;12,4;"PARNAIBA";"Falta de Atenção à Condução";"Colisão lateral";"Com Vítimas Feridas";"Pleno dia";"Crescente";"Sol";"Dupla";"Reta";"Sim";2;0;1;0;1;0;1;2;-2,910035;-41,753662;"SPRF-PI";"DEL05-PI";"UOP01-DEL05-PI"
218520;2019-06-28;"sexta-feira";"12:20:00";"PR";376;181,9;"MARINGA";"Falta de Atenção à Condução";"Colisão traseira";"Com Vítimas Feridas";"Pleno dia";"Crescente";"Sol";"Dupla";"Reta";"Sim";3;0;1;1;1;0;2;2;-23,43170682;-51,88830167;"SPRF-PR";"DEL07-PR";"UOP01-DEL09-PR"
218532;2019-06-28;"sexta-feira";"12:55:00";"PR";369;440;"UBIRATA";"Avarias e/ou desgaste excessivo no pneu";"Queda de ocupante de veículo";"Com Vítimas Feridas";"Pleno dia";"Decrescente";"Sol";"Simples";"Reta";"Não";1;0;1;0;0;0;1;1;-24,5126;-52,925;"SPRF-PR";"DEL04-PR";"UOP03-DEL04-PR"
218534;2019-06-28;"sexta-feira";"12:00:00";"RO";319;63,4;"PORTO VELHO";"Desobediência às normas de trânsito pelo pedestre";"Colisão traseira";"Com Vítimas Feridas";"Pleno dia";"Crescente";"Sol";"Dupla";"Reta";"Sim";2;0;0;1;1;0;1;2;-8,766685;-63,884052;"SPRF-RO";"DEL01-RO";"UOP01-DEL01-RO"
218535;2019-06-28;"sexta-feira";"12:55:00";"PB";101;85,4;"BAYEUX";"Falta de Atenção à Condução";"Colisão lateral";"Com Vítimas Feridas";"Pleno dia";"Decrescente";"Céu Claro";"Dupla";"Interseção de Vias";"Sim";2;0;1;0;1;0;1;2;-7,14538184;-34,91662887;"SPRF-PB";"DEL01-PB";"UOP01-DEL01-PB"
218536;2019-06-28;"sexta-feira";"13:00:00";"PA";163;998;"SANTAREM";"Ingestão de Álcool";"Colisão traseira";"Com Vítimas Feridas";"Pleno dia";"Decrescente";"Céu Claro";"Simples";"Reta";"Sim";2;0;1;0;1;0;1;2;-2,48114728;-54,73126888;"SPRF-PA";"DEL05-PA";"UOP01-DEL05-PA"
218537;2019-06-28;"sexta-feira";"09:10:00";"RJ";40;92;"PETROPOLIS";"Desobediência às normas de trânsito pelo condutor";"Tombamento";"Com Vítimas Feridas";"Pleno dia";"Crescente";"Céu Claro";"Dupla";"Curva;Declive";"Não";2;0;2;0;0;0;2;1;-22,551475;-43,248;"SPRF-RJ";"DEL06-RJ";"UOP01-DEL06-RJ"
218539;2019-06-28;"sexta-feira";"13:45:00";"RS";116;37,7;"VACARIA";"Pista Escorregadia";"Tombamento";"Com Vítimas Feridas";"Pleno dia";"Decrescente";"Chuva";"Simples";"Rotatória";"Sim";2;0;2;0;0;0;2;1;-28,50416657;-50,92357814;"SPRF-RS";"DEL05-RS";"UOP03-DEL05-RS"
218540;2019-06-28;"sexta-feira";"13:30:00";"ES";393;1,7;"CACHOEIRO DE ITAPEMIRIM";"Falta de Atenção à Condução";"Colisão lateral";"Com Vítimas Feridas";"Pleno dia";"Crescente";"Céu Claro";"Simples";"Interseção de Vias";"Sim";2;0;1;0;1;0;1;2;-20,83723289;-41,16733095;"SPRF-ES";"DEL03-ES";"UOP02-DEL03-ES"
218541;2019-06-28;"sexta-feira";"09:30:00";"MT";163;602;"NOVA MUTUM";"Falta de Atenção à Condução";"Saída de leito carroçável";"Sem Vítimas";"Pleno dia";"Decrescente";"Céu Claro";"Simples";"Reta";"Sim";1;0;0;0;0;1;0;1;-13,89007603;-56,08964479;"SPRF-MT";"DEL01-MT";"UOP01-DEL01-MT"
218543;2019-06-28;"sexta-feira";"12:25:00";"SC";163;68;"SAO MIGUEL DO OESTE";"Falta de Atenção à Condução";"Atropelamento de Pedestre";"Com Vítimas Feridas";"Pleno dia";"Crescente";"Céu Claro";"Dupla";"Curva";"Sim";2;0;0;1;1;0;1;2;-26,75038301;-53,50086841;"SPRF-SC";"DEL07-SC";"UOP03-DEL07-SC"
218544;2019-06-28;"sexta-feira";"13:10:00";"MG";40;532;"BELO HORIZONTE";"Desobediência às normas de trânsito pelo condutor";"Atropelamento de Pedestre";"Com Vítimas Feridas";"Pleno dia";"Crescente";"Sol";"Dupla";"Reta;Aclive";"Sim";2;0;2;0;0;0;2;2;-19,92372561;-44,01700789;"SPRF-MG";"DEL01-MG";"UOP02-DEL01-MG"
218547;2019-06-28;"sexta-feira";"13:35:00";"MG";381;488,2;"BETIM";"Não guardar distância de segurança";"Colisão traseira";"Com Vítimas Feridas";"Pleno dia";"Decrescente";"Sol";"Múltipla";"Reta";"Sim";2;0;1;0;1;0;1;2;-19,9598656;-44,15489715;"SPRF-MG";"DEL01-MG";"UOP03-DEL01-MG"
218549;2019-06-28;"sexta-feira";"13:00:00";"BA";324;626;"SALVADOR";"Não guardar distância de segurança";"Colisão traseira";"Com Vítimas Feridas";"Pleno dia";"Decrescente";"Céu Claro";"Múltipla";"Curva";"Sim";2;0;1;0;1;0;1;2;-12,95020997;-38,47073108;"SPRF-BA";"DEL01-BA";"UOP01-DEL01-BA"
218551;2019-06-28;"sexta-feira";"14:15:00";"PR";272;551;"TERRA ROXA";"Restrição de Visibilidade";"Colisão lateral";"Com Vítimas Feridas";"Pleno dia";"Crescente";"Céu Claro";"Simples";"Aclive";"Não";3;0;1;0;2;0;1;2;-24,0852786;-54,11595605;"SPRF-PR";"DEL06-PR";"UAP01-DEL06-PR"
218552;2019-06-28;"sexta-feira";"12:30:00";"MG";40;565;"NOVA LIMA";"Desobediência às normas de trânsito pelo condutor";"Colisão transversal";"Sem Vítimas";"Pleno dia";"Crescente";"Céu Claro";"Simples";"Aclive";"Não";2;0;0;0;1;1;0;2;-20,16985101;-43,96554788;"SPRF-MG";"DEL01-MG";"UOP02-DEL01-MG"
218553;2019-06-28;"sexta-feira";"14:00:00";"SE";101;89;"NOSSA SENHORA DO SOCORRO";"Falta de Atenção à Condução";"Colisão lateral";"Com Vítimas Feridas";"Pleno dia";"Decrescente";"Chuva";"Dupla";"Declive";"Não";3;0;1;0;2;0;1;2;-10,88051024;-37,13355535;"SPRF-SE";"DEL01-SE";"UOP01-DEL01-SE"
218554;2019-06-28;"sexta-feira";"14:15:00";"RJ";40;120;"RIO DE JANEIRO";"Falta de Atenção à Condução";"Colisão traseira";"Com Vítimas Feridas";"Pleno dia";"Crescente";"Céu Claro";"Múltipla";"Reta";"Sim";2;0;0;1;1;0;1;2;-22,76375592;-43,28683062;"SPRF-RJ";"DEL01-RJ";"UOP01-DEL01-RJ"
218556;2019-06-28;"sexta-feira";"11:20:00";"RS";386;417;"MONTENEGRO";"Pista Escorregadia";"Saída de leito carroçável";"Sem Vítimas";"Pleno dia";"Crescente";"Chuva";"Dupla";"Interseção de Vias";"Não";1;0;0;0;1;0;0;1;-29,818958;-51,452934;"SPRF-RS";"DEL04-RS";"UOP02-DEL04-RS"
218557;2019-06-28;"sexta-feira";"13:30:00";"BA";101;283,9;"LAJE";"Falta de Atenção à Condução";"Colisão transversal";"Sem Vítimas";"Pleno dia";"Crescente";"Nublado";"Simples";"Reta";"Sim";2;0;0;0;2;0;0;2;-13,26062292;-39,32435125;"SPRF-BA";"DEL01-BA";"UOP02-DEL01-BA"
218558;2019-06-28;"sexta-feira";"12:30:00";"MG";116;414;"GOVERNADOR VALADARES";"Falta de Atenção à Condução";"Colisão frontal";"Com Vítimas Feridas";"Pleno dia";"Crescente";"Sol";"Simples";"Reta";"Sim";3;0;1;0;2;0;1;2;-18,88102703;-41,95910802;"SPRF-MG";"DEL06-MG";"UOP01-DEL06-MG"
218560;2019-06-28;"sexta-feira";"14:40:00";"GO";60;97,7;"ANAPOLIS";"Desobediência às normas de trânsito pelo condutor";"Colisão transversal";"Com Vítimas Feridas";"Pleno dia";"Crescente";"Céu Claro";"Dupla";"Retorno Regulamentado";"Sim";2;0;1;0;1;0;1;2;-16,3774;-48,9483;"SPRF-GO";"DEL02-GO";"UOP01-DEL02-GO"
218567;2019-06-28;"sexta-feira";"14:05:00";"MT";163;906;"ITAUBA";"Ultrapassagem Indevida";"Saída de leito carroçável";"Com Vítimas Feridas";"Pleno dia";"Crescente";"Sol";"Simples";"Reta";"Não";2;0;1;0;1;0;1;1;-11,27746999;-55,31639814;"SPRF-MT";"DEL06-MT";"UOP02-DEL06-MT"
218569;2019-06-28;"sexta-feira";"15:10:00";"ES";101;370,8;"PIUMA";"Falta de Atenção à Condução";"Colisão transversal";"Com Vítimas Feridas";"Pleno dia";"Crescente";"Céu Claro";"Simples";"Interseção de Vias";"Sim";2;0;0;1;1;0;1;2;-20,76871121;-40,75999937;"SPRF-ES";"DEL03-ES";"UOP01-DEL03-ES"
218570;2019-06-28;"sexta-feira";"15:55:00";"DF";20;8,6;"BRASILIA";"Ingestão de Álcool";"Colisão traseira";"Com Vítimas Feridas";"Pleno dia";"Decrescente";"Sol";"Dupla";"Reta";"Sim";2;0;1;0;1;0;1;2;-15,658386;-47,791534;"SPRF-DF";"DEL02-DF";"UOP01-DEL02-DF"