"id";"data_inversa";"dia_semana";"horario";"uf";"br";"km";"municipio";"causa_acidente";"tipo_acidente";"classificacao_acidente";"fase_dia";"sentido_via";"condicao_metereologica";"tipo_pista";"tracado_via";"uso_solo";"pessoas";"mortos";"feridos_leves";"feridos_graves";"ilesos";"ignorados";"feridos";"veiculos";"latitude";"longitude";"regional";"delegacia";"uop"
218681;2019-06-29;"sábado";"02:15:00";"PR";376;601;"CURITIBA";"Falta de Atenção à Condução";"Saída de leito carroçável";"Sem Vítimas";"Plena Noite";"Decrescente";"Nevoeiro/Neblina";"Dupla";"Interseção de Vias";"Sim";1;0;0;0;1;0;0;1;-25,54300776;-49,30770814;"SPRF-PR";"DEL01-PR";"UOP06-DEL01-PR"
218682;2019-06-29;"sábado";"03:00:00";"PI";343;259,7;"CAMPO MAIOR";"Ingestão de Álcool";"Saída de leito carroçável";"Com Vítimas Feridas";"Plena Noite";"Decrescente";"Céu Claro";"Simples";"Curva";"Não";1;0;1;0;0;0;1;1;-4,796538;-42,131245;"SPRF-PI";"DEL01-PI";"UOP03-DEL01-PI"
218687;2019-06-29;"sábado";"03:40:00";"SC";101;10,6;"GARUVA";"Defeito Mecânico no Veículo";"Incêndio";"Sem Vítimas";"Plena Noite";"Decrescente";"Céu Claro";"Dupla";"Reta";"Sim";1;0;0;0;1;0;0;1;-26,063011;-48,86020605;"SPRF-SC";"DEL03-SC";"UOP01-DEL03-SC"
218688;2019-06-29;"sábado";"05:10:00";"MG";381;514,7;"IGARAPE";"Falta de Atenção à Condução";"Colisão com objeto estático";"Com Vítimas Feridas";"Amanhecer";"Decrescente";"Céu Claro";"Múltipla";"Curva";"Sim";1;0;1;0;0;0;1;1;-20,1065028;-44,32327616;"SPRF-MG";"DEL01-MG";"UOP03-DEL01-MG"
218689;2019-06-29;"sábado";"05:15:00";"ES";101;150;"LINHARES";"Condutor Dormindo";"Colisão com objeto estático";"Com Vítimas Feridas";"Amanhecer";"Crescente";"Céu Claro";"Dupla";"Curva";"Sim";1;0;1;0;0;0;1;1;-19,40436634;-40,06078896;"SPRF-ES";"DEL04-ES";"UOP01-DEL04-ES"
218691;2019-06-29;"sábado";"05:35:00";"PR";277;73;"SAO JOSE DOS PINHAIS";"Falta de Atenção à Condução";"Atropelamento de Pedestre";"Com Vítimas Feridas";"Amanhecer";"Decrescente";"Nevoeiro/Neblina";"Múltipla";"Reta";"Não";3;0;1;0;2;0;1;3;-25,52124342;-49,10648119;"SPRF-PR";"DEL01-PR";"UOP01-DEL01-PR"
218692;2019-06-29;"sábado";"04:40:00";"MG";50;78;"UBERLANDIA";"Ingestão de Álcool";"Saída de leito carroçável";"Com Vítimas Feridas";"Plena Noite";"Crescente";"Céu Claro";"Dupla";"Reta";"Não";1;0;0;1;0;0;1;1;-18,94192954;-48,21899414;"SPRF-MG";"DEL15-MG";"UOP01-DEL15-MG"
218695;2019-06-29;"sábado";"05:50:00";"CE";222;5,4;"CAUCAIA";"Condutor Dormindo";"Saída de leito carroçável";"Com Vítimas Feridas";"Pleno dia";"Decrescente";"Céu Claro";"Múltipla";"Reta";"Sim";2;0;2;0;0;0;2;1;-3,74296918;-38,61330997;"SPRF-CE";"DEL01-CE";"UOP01-DEL01-CE"
218696;2019-06-16;"domingo";"06:20:00";"SC";101;212,9;"PALHOCA";"Ingestão de Álcool";"Colisão lateral";"Com Vítimas Feridas";"Amanhecer";"Decrescente";"Céu Claro";"Múltipla";"Reta";"Não";2;0;2;0;0;0;2;1;-27,62996929;-48,65903871;"SPRF-SC";"DEL01-SC";"UOP02-DEL01-SC"
218697;2019-06-29;"sábado";"06:45:00";"PE";101;78;"JABOATAO DOS GUARARAPES";"Falta de Atenção à Condução";"Colisão transversal";"Com Vítimas Feridas";"Pleno dia";"Crescente";"Céu Claro";"Dupla";"Curva";"Sim";2;0;1;0;1;0;1;2;-8,13496499;-34,94738614;"SPRF-PE";"DEL01-PE";"UOP01-DEL01-PE"
218698;2019-06-29;"sábado";"06:00:00";"PI";135;350;"BOM JESUS";"Falta de Atenção à Condução";"Colisão transversal";"Com Vítimas Feridas";"Pleno dia";"Decrescente";"Céu Claro";"Simples";"Curva";"Não";3;0;0;1;2;0;1;2;-9,07768747;-44,33721471;"SPRF-PI";"DEL03-PI";"UOP02-DEL03-PI"
218700;2019-06-29;"sábado";"07:15:00";"PR";376;4;"APUCARANA";"Desobediência às normas de trânsito pelo condutor";"Colisão transversal";"Com Vítimas Feridas";"Pleno dia";"Crescente";"Céu Claro";"Simples";"Interseção de Vias";"Sim";3;0;1;1;1;0;2;2;-23,55869622;-51,44015551;"SPRF-PR";"DEL07-PR";"UOP03-DEL07-PR"
218702;2019-06-29;"sábado";"07:30:00";"SC";101;134;"BALNEARIO CAMBORIU";"Velocidade Incompatível";"Colisão com objeto estático";"Sem Vítimas";"Pleno dia";"Decrescente";"Céu Claro";"Dupla";"Reta";"Sim";1;0;0;0;1;0;0;1;-27,00218;-48,636433;"SPRF-SC";"DEL04-SC";"UOP03-DEL04-SC"
218703;2019-06-29;"sábado";"07:15:00";"PR";277;0,4;"PARANAGUA";"Desobediência às normas de trânsito pelo condutor";"Colisão traseira";"Com Vítimas Feridas";"Pleno dia";"Decrescente";"Céu Claro";"Simples";"Reta";"Não";1;0;1;0;0;0;1;1;-25,568198;-48,615292;"SPRF-PR";"DEL01-PR";"UOP05-DEL01-PR"
218707;2019-06-29;"sábado";"07:50:00";"SC";101;203;"SAO JOSE";"Falta de Atenção à Condução";"Queda de ocupante de veículo";"Com Vítimas Feridas";"Pleno dia";"Decrescente";"Sol";"Dupla";"Reta";"Não";1;0;1;0;0;0;1;1;-27,5650044;-48,61460082;"SPRF-SC";"DEL01-SC";"UOP01-DEL01-SC"
218709;2019-06-29;"sábado";"07:45:00";"MG";365;619,2;"UBERLANDIA";"Velocidade Incompatível";"Colisão traseira";"Sem Vítimas";"Pleno dia";"Crescente";"Sol";"Múltipla";"Declive;Reta";"Sim";2;0;0;0;1;1;0;2;-18,89926195;-48,27319804;"SPRF-MG";"DEL15-MG";"UOP01-DEL15-MG"
218710;2019-06-29;"sábado";"07:30:00";"SP";116;269;"TABOAO DA SERRA";"Falta de Atenção à Condução";"Colisão lateral";"Com Vítimas Feridas";"Pleno dia";"Decrescente";"Sol";"Dupla";"Curva";"Sim";2;0;1;0;1;0;1;2;-23,60790471;-46,75286835;"SPRF-SP";"DEL04-SP";"UOP01-DEL04-SP"
218711;2019-06-29;"sábado";"07:50:00";"SC";282;0,5;"FLORIANOPOLIS";"Não guardar distância de segurança";"Engavetamento";"Sem Vítimas";"Pleno dia";"Decrescente";"Céu Claro";"Múltipla";"Reta";"Sim";5;0;0;0;5;0;0;5;-27,59920558;-48,5748589;"SPRF-SC";"DEL01-SC";"UOP01-DEL01-SC"
218712;2019-06-29;"sábado";"04:50:00";"ES";101;298,9;"VIANA";"Falta de Atenção à Condução";"Colisão lateral";"Com Vítimas Feridas";"Plena Noite";"Crescente";"Nublado";"Múltipla";"Curva";"Sim";2;0;1;0;1;0;1;2;-20,35837318;-40,42226499;"SPRF-ES";"DEL01-ES";"UOP01-DEL01-ES"
218713;2019-06-29;"sábado";"08:00:00";"RJ";101;417;"MANGARATIBA";"Falta de Atenção à Condução";"Colisão lateral";"Com Vítimas Feridas";"Pleno dia";"Crescente";"Céu Claro";"Simples";"Curva";"Não";2;0;0;1;1;0;1;2;-22,91293797;-43,89732384;"SPRF-RJ";"DEL03-RJ";"UOP01-DEL03-RJ"
218714;2019-06-29;"sábado";"08:36:00";"GO";60;56,4;"ABADIANIA";"Desobediência às normas de trânsito pelo condutor";"Colisão frontal";"Com Vítimas Feridas";"Pleno dia";"Crescente";"Céu Claro";"Dupla";"Reta";"Não";4;0;0;4;0;0;4;2;-16,1894;-48,67;"SPRF-GO";"DEL02-GO";"UOP01-DEL02-GO"
218715;2019-06-29;"sábado";"08:55:00";"MG";356;275,4;"MURIAE";"Falta de Atenção à Condução";"Colisão lateral";"Com Vítimas Feridas";"Pleno dia";"Decrescente";"Sol";"Simples";"Reta";"Não";3;0;2;0;0;1;2;3;-21,12733123;-42,28674468;"SPRF-MG";"DEL07-MG";"UOP02-DEL07-MG"
218719;2019-06-29;"sábado";"06:50:00";"AC";364;139,1;"RIO BRANCO";"Falta de Atenção à Condução";"Tombamento";"Com Vítimas Feridas";"Pleno dia";"Decrescente";"Céu Claro";"Dupla";"Rotatória";"Sim";1;0;1;0;0;0;1;1;-9,95359291;-67,86119892;"SPRF-AC";"DEL01-AC";"UOP01-DEL01-AC"
218721;2019-06-29;"sábado";"09:05:00";"MG";381;778;"CAMPANHA";"Velocidade Incompatível";"Capotamento";"Com Vítimas Feridas";"Pleno dia";"Decrescente";"Céu Claro";"Dupla";"Curva";"Não";3;0;2;1;0;0;3;1;-21,83280868;-45,50064606;"SPRF-MG";"DEL16-MG";"UOP02-DEL16-MG"
218722;2019-06-29;"sábado";"09:25:00";"PA";163;991;"SANTAREM";"Falta de Atenção à Condução";"Colisão transversal";"Com Vítimas Feridas";"Pleno dia";"Crescente";"Céu Claro";"Simples";"Reta";"Sim";2;0;1;0;1;0;1;2;-2,547851;-54,72278;"SPRF-PA";"DEL05-PA";"UOP01-DEL05-PA"
218723;2019-06-29;"sábado";"09:15:00";"MG";365;611;"UBERLANDIA";"Falta de Atenção à Condução";"Queda de ocupante de veículo";"Com Vítimas Feridas";"Pleno dia";"Decrescente";"Céu Claro";"Dupla";"Reta";"Sim";2;0;1;0;1;0;1;2;-18,92793854;-48,19198317;"SPRF-MG";"DEL15-MG";"UOP01-DEL15-MG"
218724;2019-06-29;"sábado";"09:15:00";"MG";40;606,3;"CONGONHAS";"Falta de Atenção à Condução";"Colisão transversal";"Com Vítimas Feridas";"Pleno dia";"Crescente";"Céu Claro";"Simples";"Reta";"Não";3;0;3;0;0;0;3;2;-20,46834617;-43,84095284;"SPRF-MG";"DEL05-MG";"UOP02-DEL05-MG"
218727;2019-06-29;"sábado";"09:45:00";"RS";285;455,4;"IJUI";"Falta de Atenção à Condução";"Colisão transversal";"Com Vítimas Feridas";"Pleno dia";"Crescente";"Céu Claro";"Simples";"Interseção de Vias;Reta";"Sim";5;0;1;0;4;0;1;2;-28,38460453;-53,8875103;"SPRF-RS";"DEL10-RS";"UOP01-DEL10-RS"
218728;2019-06-29;"sábado";"00:30:00";"PI";135;180;"MANOEL EMIDIO";"Animais na Pista";"Colisão frontal";"Com Vítimas Feridas";"Plena Noite";"Decrescente";"Céu Claro";"Simples";"Reta";"Não";6;0;0;2;4;0;2;2;-8,01652375;-43,84969298;"SPRF-PI";"DEL03-PI";"UOP01-DEL03-PI"
218729;2019-06-29;"sábado";"08:50:00";"RS";116;2,7;"VACARIA";"Falta de Atenção à Condução";"Saída de leito carroçável";"Com Vítimas Feridas";"Pleno dia";"Decrescente";"Céu Claro";"Simples";"Curva";"Não";2;0;2;0;0;0;2;1;-28,22620159;-50,76085504;"SPRF-RS";"DEL05-RS";"UOP03-DEL05-RS"
218730;2019-06-29;"sábado";"09:30:00";"MG";40;737,5;"SANTOS DUMONT";"Desobediência às normas de trânsito pelo condutor";"Tombamento";"Com Vítimas Feridas";"Pleno dia";"Decrescente";"Céu Claro";"Simples";"Curva";"Não";1;0;0;1;0;0;1;1;-21,38296999;-43,57033542;"SPRF-MG";"DEL05-MG";"UOP01-DEL05-MG"
218731;2019-06-29;"sábado";"09:20:00";"RO";364;344,7;"JI-PARANA";"Falta de Atenção à Condução";"Colisão lateral";"Com Vítimas Feridas";"Pleno dia";"Crescente";"Céu Claro";"Dupla";"Reta";"Não";2;0;1;0;1;0;1;2;-10,87376391;-61,95256893;"SPRF-RO";"DEL02-RO";"UOP01-DEL02-RO"
218732;2019-06-29;"sábado";"10:00:00";"BA";135;171;"BARREIRAS";"Falta de Atenção à Condução";"Tombamento";"Com Vítimas Feridas";"Pleno dia";"Decrescente";"Sol";"Simples";"Reta";"Não";1;0;1;0;0;0;1;1;-12,09737645;-44,97604138;"SPRF-BA";"DEL10-BA";"UOP01-DEL10-BA"
218733;2019-06-29;"sábado";"10:30:00";"ES";101;269;"SERRA";"Condutor Dormindo";"Colisão com objeto estático";"Sem Vítimas";"Pleno dia";"Crescente";"Céu Claro";"Dupla";"Reta";"Não";1;0;0;0;0;1;0;1;-20,21740496;-40,26990578;"SPRF-ES";"DEL02-ES";"UOP01-DEL02-ES"
218734;2019-06-29;"sábado";"10:30:00";"MG";381;938;"EXTREMA";"Pista Escorregadia";"Saída de leito carroçável";"Com Vítimas Feridas";"Pleno dia";"Crescente";"Sol";"Dupla";"Reta";"Não";2;0;1;0;1;0;1;1;-22,83909203;-46,32850893;"SPRF-MG";"DEL16-MG";"UOP03-DEL16-MG"
218735;2019-06-29;"sábado";"10:00:00";"SC";116;218,3;"CORREIA PINTO";"Ingestão de Substâncias Psicoativas";"Colisão traseira";"Sem Vítimas";"Pleno dia";"Crescente";"Céu Claro";"Simples";"Rotatória";"Sim";2;0;0;0;2;0;0;2;-27,56247698;-50,37616896;"SPRF-SC";"DEL05-SC";"UOP03-DEL05-SC"
218738;2019-06-29;"sábado";"09:00:00";"PA";222;242;"MARABA";"Falta de Atenção à Condução";"Colisão transversal";"Com Vítimas Feridas";"Pleno dia";"Crescente";"Sol";"Simples";"Reta";"Sim";2;0;0;1;1;0;1;2;-5,331903;-49,085217;"SPRF-PA";"DEL03-PA";"UOP01-DEL03-PA"
218739;2019-06-29;"sábado";"10:30:00";"MG";381;424;"CAETE";"Defeito na Via";"Colisão frontal";"Com Vítimas Feridas";"Pleno dia";"Crescente";"Céu Claro";"Simples";"Desvio Temporário";"Não";2;0;0;1;1;0;1;2;-19,77758005;-43,65564734;"SPRF-MG";"DEL01-MG";"UOP01-DEL01-MG"
218741;2019-06-29;"sábado";"06:45:00";"PR";376;176,1;"MARINGA";"Falta de Atenção à Condução";"Atropelamento de Pedestre";"Com Vítimas Feridas";"Amanhecer";"Crescente";"Céu Claro";"Dupla";"Interseção de Vias";"Sim";2;0;0;1;0;1;1;2;-23,41111958;-51,93939686;"SPRF-PR";"DEL07-PR";"UOP01-DEL09-PR"
218745;2019-06-29;"sábado";"11:40:00";"CE";222;27;"CAUCAIA";"Ultrapassagem Indevida";"Colisão frontal";"Com Vítimas Fatais";"Pleno dia";"Crescente";"Céu Claro";"Simples";"Reta";"Não";6;1;2;3;0;0;5;2;-3,72045534;-38,79404612;"SPRF-CE";"DEL01-CE";"UOP01-DEL01-CE"
218746;2019-06-29;"sábado";"11:40:00";"PE";232;247,1;"ARCOVERDE";"Falta de Atenção à Condução";"Colisão transversal";"Com Vítimas Feridas";"Pleno dia";"Decrescente";"Nublado";"Simples";"Reta";"Não";2;0;1;0;1;0;1;2;-8,38561676;-36,91480815;"SPRF-PE";"DEL03-PE";"UOP02-DEL03-PE"
218747;2019-06-29;"sábado";"12:05:00";"BA";116;819,3;"VITORIA DA CONQUISTA";"Desobediência às normas de trânsito pelo condutor";"Colisão lateral";"Com Vítimas Feridas";"Pleno dia";"Crescente";"Garoa/Chuvisco";"Múltipla";"Aclive";"Sim";2;0;0;1;1;0;1;2;-14,79057315;-40,75539592;"SPRF-BA";"DEL08-BA";"UOP01-DEL08-BA"
218749;2019-06-29;"sábado";"09:50:00";"RS";153;528,9;"CACAPAVA DO SUL";"Velocidade Incompatível";"Saída de leito carroçável";"Sem Vítimas";"Pleno dia";"Decrescente";"Nublado";"Simples";"Curva";"Não";1;0;0;0;1;0;0;1;-30,69726852;-53,47560883;"SPRF-RS";"DEL09-RS";"UOP02-DEL09-RS"
218752;2019-06-29;"sábado";"13:00:00";"PR";376;178,6;"MARINGA";"Desobediência às normas de trânsito pelo condutor";"Colisão transversal";"Com Vítimas Feridas";"Pleno dia";"Crescente";"Céu Claro";"Dupla";"Interseção de Vias";"Sim";2;0;1;0;1;0;1;2;-23,4192146;-51,91293985;"SPRF-PR";"DEL07-PR";"UOP01-DEL09-PR"
218753;2019-06-29;"sábado";"12:55:00";"ES";101;271,3;"SERRA";"Desobediência às normas de trânsito pelo condutor";"Colisão lateral";"Com Vítimas Feridas";"Pleno dia";"Crescente";"Sol";"Múltipla";"Reta";"Sim";2;0;1;0;1;0;1;2;-20,2299156;-40,28113067;"SPRF-ES";"DEL02-ES";"UOP01-DEL02-ES"
218754;2019-06-29;"sábado";"13:30:00";"MG";381;593,7;"CARMOPOLIS DE MINAS";"Condutor Dormindo";"Saída de leito carroçável";"Com Vítimas Feridas";"Pleno dia";"Crescente";"Céu Claro";"Dupla";"Reta";"Não";5;0;5;0;0;0;5;1;-20,58527993;-44,69380008;"SPRF-MG";"DEL04-MG";"UOP01-DEL04-MG"
218756;2019-06-29;"sábado";"11:30:00";"MG";381;908,3;"CAMBUI";"Velocidade Incompatível";"Queda de ocupante de veículo";"Com Vítimas Feridas";"Pleno dia";"Decrescente";"Céu Claro";"Dupla";"Declive;Curva";"Não";1;0;1;0;0;0;1;1;-22,68021158;-46,10057554;"SPRF-MG";"DEL16-MG";"UOP03-DEL16-MG"
218758;2019-06-29;"sábado";"13:00:00";"MG";381;833,9;"SAO SEBASTIAO DA BELA VISTA";"Falta de Atenção à Condução";"Colisão lateral";"Com Vítimas Feridas";"Pleno dia";"Crescente";"Céu Claro";"Dupla";"Reta";"Não";5;0;2;0;3;0;2;2;-22,12423464;-45,79602221;"SPRF-MG";"DEL16-MG";"UOP01-DEL16-MG"
218759;2019-06-29;"sábado";"13:50:00";"RJ";465;21;"RIO DE JANEIRO";"Falta de Atenção à Condução";"Colisão lateral";"Com Vítimas Feridas";"Pleno dia";"Crescente";"Céu Claro";"Simples";"Reta";"Sim";2;0;1;0;1;0;1;2;-22,854782;-43,601933;"SPRF-RJ";"DEL01-RJ";"UOP01-DEL01-MS"
218761;2019-06-29;"sábado";"12:10:00";"AL";101;142,3;"SAO MIGUEL DOS CAMPOS";"Defeito Mecânico no Veículo";"Saída de leito carroçável";"Sem Vítimas";"Pleno dia";"Crescente";"Chuva";"Dupla";"Retorno Regulamentado";"Não";2;0;0;0;2;0;0;1;-9,8410212;-36,13566065;"SPRF-AL";"DEL02-AL";"UOP01-DEL02-AL"
218765;2019-06-29;"sábado";"13:50:00";"PR";116;126;"FAZENDA RIO GRANDE";"Desobediência às normas de trânsito pelo condutor";"Colisão transversal";"Com Vítimas Feridas";"Pleno dia";"Decrescente";"Céu Claro";"Dupla";"Reta";"Sim";3;0;1;0;2;0;1;2;-25,60389895;-49,31824423;"SPRF-PR";"DEL01-PR";"UOP03-DEL01-PR"
218767;2019-06-29;"sábado";"13:35:00";"GO";60;132,6;"GOIANIA";"Velocidade Incompatível";"Colisão traseira";"Com Vítimas Feridas";"Pleno dia";"Decrescente";"Céu Claro";"Dupla";"Aclive";"Não";4;0;2;0;2;0;2;2;-16,581;-49,168;"SPRF-GO";"DEL01-GO";"UOP01-DEL01-GO"
218768;2019-06-29;"sábado";"14:00:00";"ES";101;66;"SAO MATEUS";"Falta de Atenção à Condução";"Colisão traseira";"Com Vítimas Feridas";"Pleno dia";"Decrescente";"Nublado";"Dupla";"Reta";"Não";2;0;0;1;1;0;1;2;-18,7165195;-39,87436378;"SPRF-ES";"DEL04-ES";"UOP02-DEL04-ES"
218769;2019-06-29;"sábado";"13:27:00";"MA";222;671,5;"ACAILANDIA";"Desobediência às normas de trânsito pelo condutor";"Colisão lateral";"Com Vítimas Feridas";"Pleno dia";"Crescente";"Céu Claro";"Simples";"Aclive;Reta";"Não";3;0;2;0;1;0;2;2;-4,944875;-47,472272;"SPRF-MA";"DEL04-MA";"UOP03-DEL04-MA"
218770;2019-06-29;"sábado";"13:30:00";"RJ";101;316;"SAO GONCALO";"Falta de Atenção à Condução";"Saída de leito carroçável";"Com Vítimas Feridas";"Pleno dia";"Decrescente";"Céu Claro";"Dupla";"Reta";"Sim";1;0;0;1;0;0;1;1;-22,82835879;-43,09208739;"SPRF-RJ";"DEL02-RJ";"DEL5/2-UOP04/RJ"
218771;2019-06-29;"sábado";"13:45:00";"RJ";356;38;"ITAPERUNA";"Defeito Mecânico no Veículo";"Colisão traseira";"Com Vítimas Feridas";"Pleno dia";"Decrescente";"Céu Claro";"Simples";"Reta";"Não";2;0;0;1;1;0;1;2;-21,21051895;-41,85951401;"SPRF-RJ";"DEL08-RJ";"UOP03-DEL08-RJ"
218772;2019-06-29;"sábado";"13:45:00";"MG";381;680;"PERDOES";"Falta de Atenção à Condução";"Saída de leito carroçável";"Com Vítimas Feridas";"Pleno dia";"Crescente";"Sol";"Dupla";"Reta";"Sim";2;0;2;0;0;0;2;1;-21,15537584;-45,11394611;"SPRF-MG";"DEL04-MG";"UOP02-DEL04-MG"
218773;2019-06-29;"sábado";"14:30:00";"SP";381;80,9;"SAO PAULO";"Objeto estático sobre o leito carroçável";"Colisão com objeto estático";"Com Vítimas Feridas";"Pleno dia";"Decrescente";"Céu Claro";"Múltipla";"Reta";"Sim";1;0;1;0;0;0;1;1;-23,416649;-46,580259;"SPRF-SP";"DEL03-SP";"UOP01-DEL03-SP"
218774;2019-06-29;"sábado";"13:10:00";"RJ";101;477;"ANGRA DOS REIS";"Falta de Atenção à Condução";"Atropelamento de Pedestre";"Com Vítimas Feridas";"Pleno dia";"Crescente";"Sol";"Simples";"Reta";"Sim";3;0;3;0;0;0;3;2;-22,99820396;-44,26554599;"SPRF-RJ";"DEL03-RJ";"UOP03-DEL03-RJ"
218775;2019-06-18;"terça-feira";"03:30:00";"RS";153;586;"BAGE";"Animais na Pista";"Atropelamento de Animal";"Sem Vítimas";"Plena Noite";"Decrescente";"Nevoeiro/Neblina";"Simples";"Reta";"Não";1;0;0;0;1;0;0;1;-31,09880692;-53,74105905;"SPRF-RS";"DEL11-RS";"UOP03-DEL11-RS"
218777;2019-06-29;"sábado";"14:00:00";"MG";381;482;"BETIM";"Velocidade Incompatível";"Engavetamento";"Com Vítimas Feridas";"Pleno dia";"Crescente";"Céu Claro";"Dupla";"Reta";"Sim";4;0;1;0;3;0;1;3;-19,955532;-44,097209;"SPRF-MG";"DEL01-MG";"UOP03-DEL01-MG"
218778;2019-06-29;"sábado";"14:30:00";"PI";343;317;"ALTOS";"Falta de Atenção à Condução";"Colisão traseira";"Sem Vítimas";"Pleno dia";"Decrescente";"Sol";"Simples";"Aclive";"Não";3;0;0;0;3;0;0;3;-5,04514016;-42,54355788;"SPRF-PI";"DEL01-PI";"UOP01-DEL01-PI"
218779;2019-06-29;"sábado";"14:50:00";"MG";381;477;"CONTAGEM";"Falta de Atenção à Condução";"Queda de ocupante de veículo";"Com Vítimas Feridas";"Pleno dia";"Decrescente";"Céu Claro";"Múltipla";"Aclive;Reta";"Sim";2;0;1;0;1;0;1;2;-19,96179268;-44,05041676;"SPRF-MG";"N/A";"N/A"
218780;2019-06-29;"sábado";"15:00:00";"RS";392;122;"CANGUCU";"Condutor Dormindo";"Colisão frontal";"Com Vítimas Feridas";"Pleno dia";"Crescente";"Céu Claro";"Simples";"Aclive;Reta";"Não";2;0;2;0;0;0;2;2;-31,38660826;-52,70733133;"SPRF-RS";"DEL07-RS";"UOP01-DEL07-RS"
218781;2019-06-29;"sábado";"15:10:00";"SC";470;190,4;"POUSO REDONDO";"Desobediência às normas de trânsito pelo condutor";"Colisão transversal";"Com Vítimas Feridas";"Pleno dia";"Decrescente";"Sol";"Simples";"Curva";"Não";3;0;2;0;1;0;2;3;-27,281504;-50,069775;"SPRF-SC";"DEL04-SC";"UOP02-DEL04-SC"
218782;2019-06-29;"sábado";"15:00:00";"MG";153;190,2;"FRUTAL";"Falta de Atenção à Condução";"Tombamento";"Com Vítimas Feridas";"Pleno dia";"Decrescente";"Sol";"Simples";"Reta";"Não";1;0;1;0;0;0;1;1;-19,94033745;-48,95790887;"SPRF-MG";"DEL13-MG";"UOP02-DEL13-MG"
218783;2019-06-29;"sábado";"15:30:00";"RS";386;416,7;"MONTENEGRO";"Ingestão de Álcool";"Colisão transversal";"Sem Vítimas";"Pleno dia";"Decrescente";"Nublado";"Simples";"Reta;Aclive";"Não";3;0;0;0;3;0;0;2;-29,817648;-51,463001;"SPRF-RS";"DEL04-RS";"UOP02-DEL04-RS"
218784;2019-06-29;"sábado";"13:30:00";"RS";471;173,2;"RIO PARDO";"Desobediência às normas de trânsito pelo condutor";"Colisão traseira";"Com Vítimas Feridas";"Pleno dia";"Crescente";"Céu Claro";"Simples";"Reta";"Sim";2;0;1;0;1;0;1;2;-30,014425;-52,369633;"SPRF-RS";"DEL02-RS";"UOP02-DEL02-RS"
218785;2019-06-29;"sábado";"15:50:00";"MG";381;671,7;"PERDOES";"Ingestão de Álcool";"Saída de leito carroçável";"Sem Vítimas";"Pleno dia";"Decrescente";"Sol";"Dupla";"Aclive;Reta";"Não";1;0;0;0;1;0;0;1;-21,08945416;-45,06864195;"SPRF-MG";"DEL04-MG";"UOP02-DEL04-MG"
218789;2019-06-29;"sábado";"14:40:00";"SC";101;134;"BALNEARIO CAMBORIU";"Falta de Atenção à Condução";"Saída de leito carroçável";"Sem Vítimas";"Pleno dia";"Decrescente";"Céu Claro";"Dupla";"Reta";"Não";1;0;0;0;1;0;0;1;-27,00218;-48,636433;"SPRF-SC";"DEL04-SC";"UOP03-DEL04-SC"
218790;2019-06-29;"sábado";"16:15:00";"SC";470;5;"NAVEGANTES";"Desobediência às normas de trânsito pelo condutor";"Colisão lateral";"Com Vítimas Feridas";"Pleno dia";"Crescente";"Sol";"Simples";"Reta";"Sim";4;0;1;2;1;0;3;3;-26,855688;-48,700333;"SPRF-SC";"DEL04-SC";"UOP04-DEL04-SC"
218791;2019-06-29;"sábado";"16:35:00";"RS";116;300,9;"GUAIBA";"Desobediência às normas de trânsito pelo condutor";"Colisão transversal";"Com Vítimas Feridas";"Pleno dia";"Crescente";"Céu Claro";"Simples";"Reta";"Sim";2;0;1;0;1;0;1;2;-30,12368942;-51,34922543;"SPRF-RS";"DEL02-RS";"UOP01-DEL02-RS"
218792;2019-06-29;"sábado";"16:00:00";"PR";277;438,9;"VIRMOND";"Objeto estático sobre o leito carroçável";"Queda de ocupante de veículo";"Com Vítimas Feridas";"Pleno dia";"Crescente";"Sol";"Simples";"Declive;Reta";"Não";1;0;1;0;0;0;1;1;-25,37279;-52,27882;"SPRF-PR";"DEL04-PR";"UOP02-DEL04-PR"
218793;2019-06-29;"sábado";"16:45:00";"SE";235;54,6;"ITABAIANA";"Falta de Atenção do Pedestre";"Atropelamento de Pedestre";"Com Vítimas Feridas";"Pleno dia";"Decrescente";"Céu Claro";"Simples";"Reta";"Sim";2;0;1;0;0;1;1;2;-10,676047;-37,443279;"SPRF-SE";"DEL01-SE";"UOP02-DEL01-SE"
218795;2019-06-29;"sábado";"16:00:00";"MS";463;96,4;"PONTA PORA";"Desobediência às normas de trânsito pelo condutor";"Colisão frontal";"Com Vítimas Feridas";"Pleno dia";"Crescente";"Céu Claro";"Simples";"Reta";"Não";4;0;1;0;3;0;1;2;-22,61939093;-55,57877297;"SPRF-MS";"DEL04-MS";"UOP03-DEL04-MS"
218797;2019-06-29;"sábado";"16:50:00";"ES";101;141,9;"LINHARES";"Não guardar distância de segurança";"Queda de ocupante de veículo";"Com Vítimas Feridas";"Pleno dia";"Crescente";"Céu Claro";"Dupla";"Reta";"Sim";1;0;1;0;0;0;1;1;-19,32655693;-40,07192387;"SPRF-ES";"DEL04-ES";"UOP01-DEL04-ES"
218798;2019-06-29;"sábado";"01:00:00";"SC";282;124,6;"BOM RETIRO";"Velocidade Incompatível";"Saída de leito carroçável";"Sem Vítimas";"Plena Noite";"Decrescente";"Céu Claro";"Simples";"Curva";"Não";1;0;0;0;0;1;0;1;-27,79869145;-49,41822052;"SPRF-SC";"DEL05-SC";"UOP01-DEL05-SC"