"id";"data_inversa";"dia_semana";"horario";"uf";"br";"km";"municipio";"causa_acidente";"tipo_acidente";"classificacao_acidente";"fase_dia";"sentido_via";"condicao_metereologica";"tipo_pista";"tracado_via";"uso_solo";"pessoas";"mortos";"feridos_leves";"feridos_graves";"ilesos";"ignorados";"feridos";"veiculos";"latitude";"longitude";"regional";"delegacia";"uop"
219129;2019-06-30;"domingo";"23:25:00";"PE";423;98,3;"GARANHUNS";"Ingestão de Álcool";"Saída de leito carroçável";"Com Vítimas Feridas";"Plena Noite";"Decrescente";"Garoa/Chuvisco";"Simples";"Curva";"Não";2;0;0;2;0;0;2;1;-8,87747132;-36,50571227;"SPRF-PE";"DEL03-PE";"UOP01-DEL03-PE"
219130;2019-06-30;"domingo";"23:01:00";"MT";70;284;"PRIMAVERA DO LESTE";"Ingestão de álcool e/ou substâncias psicoativas pelo pedestre";"Colisão frontal";"Com Vítimas Feridas";"Plena Noite";"Decrescente";"Céu Claro";"Simples";"Reta";"Não";2;0;1;0;1;0;1;2;-15,57431875;-54,33110702;"SPRF-MT";"DEL05-MT";"UOP01-DEL05-MT"
219131;2019-07-01;"segunda-feira";"00:20:00";"BA";324;512;"FEIRA DE SANTANA";"Falta de Atenção à Condução";"Colisão transversal";"Com Vítimas Feridas";"Plena Noite";"Crescente";"Céu Claro";"Simples";"Reta";"Sim";2;0;1;0;0;1;1;2;-12,23183895;-38,95456575;"SPRF-BA";"DEL02-BA";"UOP01-DEL02-BA"
219132;2019-07-01;"segunda-feira";"00:00:00";"SP";381;82;"SAO PAULO";"Falta de Atenção à Condução";"Colisão com objeto estático";"Com Vítimas Feridas";"Pleno dia";"Decrescente";"Céu Claro";"Dupla";"Reta";"Não";1;0;1;0;0;0;1;1;-23,42399;-46,575112;"SPRF-SP";"DEL03-SP";"UOP01-DEL03-SP"
219136;2019-07-01;"segunda-feira";"01:20:00";"SP";116;229,9;"SAO PAULO";"Desobediência às normas de trânsito pelo condutor";"Colisão traseira";"Com Vítimas Fatais";"Plena Noite";"Decrescente";"Céu Claro";"Múltipla";"Reta";"Sim";2;1;0;0;1;0;0;2;-23,51291902;-46,57604698;"SPRF-SP";"DEL01-SP";"UOP01-DEL01-SP"
219139;2019-06-30;"domingo";"11:10:00";"RS";472;445;"ITAQUI";"Velocidade Incompatível";"Saída de leito carroçável";"Com Vítimas Feridas";"Pleno dia";"Crescente";"Chuva";"Simples";"Reta";"Não";2;0;2;0;0;0;2;1;-28,98103704;-56,15707496;"SPRF-RS";"DEL12-RS";"UOP01-DEL12-RS"
219140;2019-07-01;"segunda-feira";"04:15:00";"DF";60;5;"BRASILIA";"Falta de Atenção à Condução";"Saída de leito carroçável";"Com Vítimas Feridas";"Plena Noite";"Decrescente";"Céu Claro";"Dupla";"Reta";"Sim";1;0;1;0;0;0;1;1;-15,895438;-48,104771;"SPRF-DF";"DEL01-DF";"UOP01-DEL03-DF"
219141;2019-07-01;"segunda-feira";"03:00:00";"RN";405;92,3;"APODI";"Animais na Pista";"Atropelamento de Animal";"Com Vítimas Fatais";"Plena Noite";"Decrescente";"Céu Claro";"Simples";"Reta";"Não";1;1;0;0;0;0;0;1;-5,74759952;-37,86997688;"SPRF-RN";"DEL04-RN";"UOP02-DEL04-RN"
219142;2019-07-01;"segunda-feira";"03:45:00";"RJ";116;167;"SAO JOAO DE MERITI";"Falta de Atenção à Condução";"Capotamento";"Com Vítimas Feridas";"Plena Noite";"Crescente";"Céu Claro";"Dupla";"Reta";"Sim";1;0;1;0;0;0;1;1;-22,81803977;-43,30787252;"SPRF-RJ";"DEL01-RJ";"UOP02-DEL01-RJ"
219144;2019-06-30;"domingo";"21:55:00";"DF";60;20,2;"BRASILIA";"Mal Súbito";"Saída de leito carroçável";"Com Vítimas Feridas";"Plena Noite";"Crescente";"Vento";"Dupla";"Reta";"Não";1;0;1;0;0;0;1;1;-15,976206;-48,198563;"SPRF-DF";"DEL01-DF";"UOP01-DEL03-DF"
219145;2019-07-01;"segunda-feira";"05:20:00";"SE";101;93,4;"NOSSA SENHORA DO SOCORRO";"Velocidade Incompatível";"Saída de leito carroçável";"Com Vítimas Feridas";"Amanhecer";"Decrescente";"Nublado";"Dupla";"Curva";"Não";2;0;1;1;0;0;2;1;-10,90212319;-37,14494787;"SPRF-SE";"DEL01-SE";"UOP01-DEL01-SE"
219146;2019-07-01;"segunda-feira";"05:25:00";"AL";316;149;"PALMEIRA DOS INDIOS";"Falta de Atenção à Condução";"Colisão transversal";"Com Vítimas Feridas";"Amanhecer";"Crescente";"Garoa/Chuvisco";"Simples";"Reta";"Não";3;0;1;1;1;0;2;2;-9,41201539;-36,68062126;"SPRF-AL";"DEL03-AL";"UOP01-DEL03-AL"
219147;2019-07-01;"segunda-feira";"05:00:00";"GO";153;325,9;"RIANAPOLIS";"Animais na Pista";"Atropelamento de Animal";"Com Vítimas Feridas";"Amanhecer";"Crescente";"Céu Claro";"Simples";"Declive";"Não";2;0;2;0;0;0;2;1;-15,490137;-49,490105;"SPRF-GO";"DEL02-GO";"UOP02-DEL02-GO"
219148;2019-07-01;"segunda-feira";"05:00:00";"PR";376;215,2;"JANDAIA DO SUL";"Falta de Atenção à Condução";"Colisão traseira";"Com Vítimas Feridas";"Amanhecer";"Decrescente";"Céu Claro";"Simples";"Reta";"Sim";2;0;1;0;1;0;1;2;-23,59702858;-51,63526207;"SPRF-PR";"DEL07-PR";"UOP03-DEL07-PR"
219149;2019-07-01;"segunda-feira";"05:50:00";"PR";116;125,2;"FAZENDA RIO GRANDE";"Não guardar distância de segurança";"Colisão traseira";"Com Vítimas Feridas";"Plena Noite";"Decrescente";"Céu Claro";"Dupla";"Reta";"Sim";3;0;0;1;2;0;1;3;-25,59505309;-49,31630659;"SPRF-PR";"DEL01-PR";"UOP03-DEL01-PR"
219150;2019-07-01;"segunda-feira";"06:00:00";"RN";304;35,5;"MOSSORO";"Falta de Atenção à Condução";"Colisão lateral";"Com Vítimas Feridas";"Pleno dia";"Crescente";"Céu Claro";"Dupla";"Rotatória";"Sim";2;0;0;1;1;0;1;2;-5,16634376;-37,35188484;"SPRF-RN";"DEL04-RN";"UOP02-DEL04-RN"
219151;2019-07-01;"segunda-feira";"05:52:00";"PR";476;139;"CURITIBA";"Desobediência às normas de trânsito pelo condutor";"Colisão transversal";"Com Vítimas Feridas";"Pleno dia";"Crescente";"Nublado";"Múltipla";"Interseção de Vias";"Sim";2;0;1;0;1;0;1;2;-25,51284;-49,289257;"SPRF-PR";"DEL01-PR";"UOP03-DEL01-PR"
219155;2019-07-01;"segunda-feira";"06:30:00";"GO";40;34;"LUZIANIA";"Condutor Dormindo";"Saída de leito carroçável";"Com Vítimas Feridas";"Pleno dia";"Crescente";"Céu Claro";"Dupla";"Reta";"Não";2;0;2;0;0;0;2;1;-16,307704;-47,843207;"SPRF-DF";"DEL01-DF";"UOP01-DEL01-DF"
219158;2019-06-30;"domingo";"21:40:00";"BA";101;270;"SANTO ANTONIO DE JESUS";"Falta de Atenção à Condução";"Colisão frontal";"Com Vítimas Feridas";"Plena Noite";"Crescente";"Céu Claro";"Simples";"Reta";"Não";2;0;0;1;1;0;1;2;-13,02287468;-39,29107189;"SPRF-BA";"DEL01-BA";"UOP02-DEL01-BA"
219159;2019-07-01;"segunda-feira";"06:40:00";"PR";163;281;"MARECHAL CANDIDO RONDON";"Falta de Atenção à Condução";"Queda de ocupante de veículo";"Com Vítimas Feridas";"Pleno dia";"Decrescente";"Céu Claro";"Simples";"Reta";"Não";1;0;0;1;0;0;1;1;-24,57864514;-53,99236214;"SPRF-PR";"DEL06-PR";"UOP02-DEL06-PR"
219160;2019-06-30;"domingo";"18:55:00";"AM";174;886;"MANAUS";"Desobediência às normas de trânsito pelo condutor";"Colisão lateral";"Com Vítimas Feridas";"Plena Noite";"Decrescente";"Céu Claro";"Simples";"Reta;Declive";"Não";3;0;2;0;0;1;2;2;-2,96034732;-60,03160432;"SPRF-AM";"DEL01-AM";"UOP01-DEL01-AM"
219161;2019-07-01;"segunda-feira";"06:50:00";"SC";280;161,3;"MAFRA";"Falta de Atenção à Condução";"Colisão transversal";"Com Vítimas Feridas";"Pleno dia";"Crescente";"Céu Claro";"Simples";"Reta";"Não";4;0;3;0;1;0;3;2;-26,20444373;-49,78114403;"SPRF-SC";"DEL06-SC";"UOP03-DEL06-SC"
219162;2019-07-01;"segunda-feira";"06:50:00";"PR";369;490;"CORBELIA";"Não guardar distância de segurança";"Colisão traseira";"Com Vítimas Feridas";"Pleno dia";"Crescente";"Céu Claro";"Simples";"Reta";"Não";5;0;1;0;4;0;1;2;-24,7166;-53,2465;"SPRF-PR";"DEL04-PR";"UOP03-DEL04-PR"
219163;2019-07-01;"segunda-feira";"05:30:00";"PE";232;59;"POMBOS";"Pista Escorregadia";"Capotamento";"Sem Vítimas";"Amanhecer";"Decrescente";"Chuva";"Dupla";"Reta";"Não";1;0;0;0;1;0;0;1;-8,1471233;-35,39890998;"SPRF-PE";"DEL01-PE";"UOP02-DEL02PE"
219165;2019-07-01;"segunda-feira";"07:40:00";"SC";470;49,5;"BLUMENAU";"Desobediência às normas de trânsito pelo condutor";"Colisão lateral";"Com Vítimas Feridas";"Pleno dia";"Crescente";"Nublado";"Simples";"Curva";"Sim";3;0;2;0;1;0;2;2;-26,860662;-49,065159;"SPRF-SC";"DEL04-SC";"UOP01-DEL04-SC"
219166;2019-07-01;"segunda-feira";"06:00:00";"MS";463;81,6;"PONTA PORA";"Defeito Mecânico no Veículo";"Tombamento";"Com Vítimas Feridas";"Pleno dia";"Crescente";"Céu Claro";"Simples";"Reta";"Não";2;0;2;0;0;0;2;1;-22,53801481;-55,46883414;"SPRF-MS";"DEL04-MS";"UOP03-DEL04-MS"
219167;2019-07-01;"segunda-feira";"07:10:00";"SC";101;100,8;"BALNEARIO PICARRAS";"Falta de Atenção à Condução";"Colisão transversal";"Com Vítimas Feridas";"Amanhecer";"Crescente";"Nublado";"Simples";"Reta";"Sim";2;0;1;0;1;0;1;2;-26,76176758;-48,68691623;"SPRF-SC";"DEL03-SC";"UOP02-DEL03-SC"
219168;2019-07-01;"segunda-feira";"07:40:00";"RS";386;417,9;"MONTENEGRO";"Velocidade Incompatível";"Colisão frontal";"Sem Vítimas";"Pleno dia";"Crescente";"Garoa/Chuvisco";"Simples";"Reta";"Não";2;0;0;0;2;0;0;2;-29,81872509;-51,45383477;"SPRF-RS";"DEL04-RS";"UOP02-DEL04-RS"
219169;2019-07-01;"segunda-feira";"07:36:00";"AL";316;269;"SATUBA";"Pista Escorregadia";"Queda de ocupante de veículo";"Com Vítimas Feridas";"Pleno dia";"Crescente";"Chuva";"Simples";"Reta";"Não";1;0;1;0;0;0;1;1;-9,57589005;-35,83163597;"SPRF-AL";"DEL02-AL";"UOP01-DEL02-AL"
219171;2019-07-01;"segunda-feira";"07:00:00";"GO";153;694,1;"ITUMBIARA";"Falta de Atenção à Condução";"Saída de leito carroçável";"Com Vítimas Feridas";"Pleno dia";"Decrescente";"Céu Claro";"Dupla";"Reta";"Não";1;0;0;1;0;0;1;1;-18,3434;-49,2216;"SPRF-GO";"DEL03-GO";"UOP02-DEL03-GO"
219172;2019-07-01;"segunda-feira";"06:45:00";"SP";116;444,2;"REGISTRO";"Ingestão de Álcool";"Colisão traseira";"Com Vítimas Feridas";"Amanhecer";"Decrescente";"Céu Claro";"Múltipla";"Reta";"Sim";2;0;1;0;1;0;1;2;-24,49386589;-47,83757329;"SPRF-SP";"DEL05-SP";"UOP01-DEL05-SP"
219173;2019-07-01;"segunda-feira";"07:50:00";"RS";290;99;"PORTO ALEGRE";"Falta de Atenção à Condução";"Colisão traseira";"Com Vítimas Feridas";"Pleno dia";"Decrescente";"Nublado";"Dupla";"Reta";"Não";2;0;1;0;1;0;1;2;-29,991756;-51,22699;"SPRF-RS";"DEL01-RS";"UOP01-DEL01-RS"
219174;2019-07-01;"segunda-feira";"07:25:00";"SC";282;30,1;"SANTO AMARO DA IMPERATRIZ";"Pista Escorregadia";"Tombamento";"Com Vítimas Feridas";"Pleno dia";"Crescente";"Chuva";"Simples";"Declive";"Não";2;0;0;1;1;0;1;2;-27,687376;-48,79071;"SPRF-SC";"DEL01-SC";"UOP03-DEL01-SC"
219175;2019-07-01;"segunda-feira";"07:07:00";"SC";101;138,8;"BALNEARIO CAMBORIU";"Velocidade Incompatível";"Capotamento";"Sem Vítimas";"Pleno dia";"Crescente";"Nublado";"Dupla";"Curva";"Sim";1;0;0;0;1;0;0;1;-27,02397426;-48,60761649;"SPRF-SC";"DEL04-SC";"UOP03-DEL04-SC"
219176;2019-07-01;"segunda-feira";"07:50:00";"SP";116;227,7;"SAO PAULO";"Ingestão de Álcool";"Colisão lateral";"Com Vítimas Feridas";"Pleno dia";"Crescente";"Céu Claro";"Múltipla";"Reta";"Sim";4;0;1;0;3;0;1;3;-23,49659264;-46,55648754;"SPRF-SP";"DEL01-SP";"UOP01-DEL01-SP"
219177;2019-07-01;"segunda-feira";"07:50:00";"MG";50;142;"UBERABA";"Desobediência às normas de trânsito pelo condutor";"Saída de leito carroçável";"Com Vítimas Feridas";"Pleno dia";"Crescente";"Céu Claro";"Dupla";"Reta";"Não";2;0;1;0;1;0;1;1;-19,49393401;-48,04798403;"SPRF-MG";"DEL13-MG";"UOP01-DEL13-MG"
219178;2019-07-01;"segunda-feira";"07:30:00";"MG";381;488,5;"BETIM";"Não guardar distância de segurança";"Colisão traseira";"Com Vítimas Feridas";"Pleno dia";"Decrescente";"Sol";"Dupla";"Reta";"Sim";2;0;1;0;1;0;1;2;-19,9598656;-44,15489715;"SPRF-MG";"DEL01-MG";"UOP03-DEL01-MG"
219179;2019-07-01;"segunda-feira";"07:45:00";"GO";153;511;"APARECIDA DE GOIANIA";"Não guardar distância de segurança";"Colisão traseira";"Com Vítimas Feridas";"Pleno dia";"Crescente";"Céu Claro";"Dupla";"Declive";"Sim";2;0;1;0;1;0;1;2;-16,8067;-49,2394;"SPRF-GO";"DEL01-GO";"UOP03-DEL01-GO"
219181;2019-07-01;"segunda-feira";"08:08:00";"PR";369;91,8;"CORNELIO PROCOPIO";"Objeto estático sobre o leito carroçável";"Saída de leito carroçável";"Com Vítimas Feridas";"Pleno dia";"Decrescente";"Céu Claro";"Simples";"Reta";"Não";2;0;2;0;0;0;2;1;-23,20663179;-50,65721869;"SPRF-PR";"DEL07-PR";"UOP05-DEL07-PR"
219182;2019-07-01;"segunda-feira";"07:50:00";"RS";470;218;"BENTO GONCALVES";"Falta de Atenção à Condução";"Colisão transversal";"Com Vítimas Feridas";"Pleno dia";"Crescente";"Chuva";"Simples";"Declive";"Sim";2;0;1;0;1;0;1;2;-29,17292214;-51,52424936;"SPRF-RS";"DEL06-RS";"UOP01-DEL06-RS"
219183;2019-07-01;"segunda-feira";"07:40:00";"PE";424;3,2;"ARCOVERDE";"Mal Súbito";"Saída de leito carroçável";"Com Vítimas Feridas";"Pleno dia";"Crescente";"Céu Claro";"Simples";"Curva;Declive";"Não";1;0;0;1;0;0;1;1;-8,45381694;-37,0485949;"SPRF-PE";"DEL03-PE";"UOP02-DEL03-PE"
219185;2019-07-01;"segunda-feira";"08:00:00";"SP";116;112;"TAUBATE";"Não guardar distância de segurança";"Colisão traseira";"Com Vítimas Feridas";"Pleno dia";"Decrescente";"Céu Claro";"Dupla";"Reta";"Sim";2;0;1;0;1;0;1;2;-23,04159343;-45,57065616;"SPRF-SP";"DEL06-SP";"UOP02-DEL02-SP"
219186;2019-07-01;"segunda-feira";"07:00:00";"SC";280;50;"GUARAMIRIM";"Não guardar distância de segurança";"Colisão traseira";"Sem Vítimas";"Pleno dia";"Crescente";"Céu Claro";"Simples";"Reta";"Não";2;0;0;0;2;0;0;2;-26,4619489;-48,94618404;"SPRF-SC";"DEL03-SC";"UOP03-DEL03-SC"
219187;2019-07-01;"segunda-feira";"08:20:00";"SP";116;112,5;"TAUBATE";"Não guardar distância de segurança";"Engavetamento";"Com Vítimas Feridas";"Pleno dia";"Decrescente";"Céu Claro";"Dupla";"Reta";"Sim";4;0;1;0;3;0;1;3;-23,04159343;-45,57065616;"SPRF-SP";"DEL06-SP";"UOP02-DEL02-SP"
219188;2019-07-01;"segunda-feira";"07:30:00";"PR";467;84,8;"CASCAVEL";"Falta de Atenção à Condução";"Colisão transversal";"Com Vítimas Feridas";"Pleno dia";"Crescente";"Céu Claro";"Dupla";"Reta";"Sim";3;0;1;0;2;0;1;2;-24,8229278;-53,65152035;"SPRF-PR";"DEL04-PR";"UOP01-DEL04-PR"
219189;2019-07-01;"segunda-feira";"07:15:00";"SC";280;55,2;"GUARAMIRIM";"Desobediência às normas de trânsito pelo condutor";"Colisão frontal";"Com Vítimas Feridas";"Amanhecer";"Decrescente";"Nublado";"Simples";"Reta";"Sim";3;0;0;1;2;0;1;3;-26,47584353;-48,9937858;"SPRF-SC";"DEL03-SC";"UOP03-DEL03-SC"
219190;2019-07-01;"segunda-feira";"07:55:00";"CE";222;2,5;"FORTALEZA";"Deficiência ou não Acionamento do Sistema de Iluminação/Sinalização do Veículo";"Colisão lateral";"Com Vítimas Feridas";"Pleno dia";"Crescente";"Nublado";"Múltipla";"Interseção de Vias";"Sim";2;0;1;0;1;0;1;2;-3,73911117;-38,58687498;"SPRF-CE";"DEL01-CE";"UOP01-DEL01-CE"
219192;2019-07-01;"segunda-feira";"08:35:00";"PR";277;660;"MATELANDIA";"Pista Escorregadia";"Queda de ocupante de veículo";"Com Vítimas Feridas";"Pleno dia";"Decrescente";"Garoa/Chuvisco";"Dupla";"Curva";"Sim";1;0;1;0;0;0;1;1;-25,25136237;-53,99027796;"SPRF-PR";"DEL05-PR";"UOP02-DEL05-PR"
219194;2019-07-01;"segunda-feira";"07:45:00";"GO";60;82;"ANAPOLIS";"Condutor Dormindo";"Capotamento";"Com Vítimas Feridas";"Pleno dia";"Crescente";"Céu Claro";"Dupla";"Reta";"Não";1;0;1;0;0;0;1;1;-16,3136;-48,8366;"SPRF-GO";"DEL02-GO";"UOP01-DEL02-GO"
219195;2019-07-01;"segunda-feira";"07:45:00";"PA";316;43,9;"SANTA IZABEL DO PARA";"Ingestão de Álcool";"Colisão traseira";"Sem Vítimas";"Pleno dia";"Decrescente";"Céu Claro";"Dupla";"Curva";"Não";2;0;0;0;2;0;0;2;-1,27585585;-48,09602201;"SPRF-PA";"DEL01-PA";"UOP01-DEL01-PA"
219196;2019-07-01;"segunda-feira";"07:55:00";"MS";163;484,5;"CAMPO GRANDE";"Falta de Atenção à Condução";"Colisão transversal";"Com Vítimas Feridas";"Pleno dia";"Decrescente";"Céu Claro";"Simples";"Reta";"Sim";4;0;2;0;2;0;2;2;-20,45104898;-54,5403266;"SPRF-MS";"DEL01-MS";"UOP02-DEL01-MS"
219197;2019-07-01;"segunda-feira";"07:25:00";"SC";282;503,3;"XANXERE";"Falta de Atenção à Condução";"Saída de leito carroçável";"Com Vítimas Feridas";"Pleno dia";"Decrescente";"Chuva";"Dupla";"Reta";"Sim";1;0;1;0;0;0;1;1;-26,88492;-52,399788;"SPRF-SC";"DEL07-SC";"UOP01-DEL07-SC"
219198;2019-07-01;"segunda-feira";"08:45:00";"RN";101;103;"NATAL";"Ingestão de Álcool";"Colisão traseira";"Sem Vítimas";"Pleno dia";"Crescente";"Céu Claro";"Dupla";"Reta";"Sim";2;0;0;0;2;0;0;2;-5,890512;-35,250855;"SPRF-RN";"DEL01-RN";"UOP01-DEL01-RN"
219199;2019-07-01;"segunda-feira";"09:00:00";"GO";153;504,6;"APARECIDA DE GOIANIA";"Defeito Mecânico no Veículo";"Queda de ocupante de veículo";"Com Vítimas Feridas";"Pleno dia";"Decrescente";"Sol";"Simples";"Reta";"Sim";2;0;2;0;0;0;2;1;-16,7451;-49,2408;"SPRF-GO";"DEL01-GO";"UOP01-DEL01-GO"
219200;2019-07-01;"segunda-feira";"08:20:00";"PR";277;98,8;"CURITIBA";"Mal Súbito";"Saída de leito carroçável";"Sem Vítimas";"Pleno dia";"Crescente";"Céu Claro";"Dupla";"Reta";"Sim";1;0;0;0;1;0;0;1;-25,43100542;-49,35749888;"SPRF-PR";"DEL01-PR";"UOP06-DEL01-PR"
219201;2019-07-01;"segunda-feira";"08:00:00";"SC";282;55,1;"AGUAS MORNAS";"Falta de Atenção à Condução";"Colisão frontal";"Com Vítimas Feridas";"Pleno dia";"Crescente";"Chuva";"Simples";"Curva";"Não";2;0;1;1;0;0;2;2;-27,68905734;-48,98380995;"SPRF-SC";"DEL01-SC";"UOP03-DEL01-SC"
219203;2019-07-01;"segunda-feira";"06:40:00";"MG";267;29,3;"ARGIRITA";"Falta de Atenção à Condução";"Colisão com objeto estático";"Com Vítimas Feridas";"Amanhecer";"Decrescente";"Céu Claro";"Simples";"Reta";"Não";2;0;2;0;0;0;2;1;-21,63594597;-42,83380808;"SPRF-MG";"DEL07-MG";"UOP01-DEL07-MG"
219205;2019-07-01;"segunda-feira";"09:20:00";"SC";101;207;"SAO JOSE";"Não guardar distância de segurança";"Colisão lateral";"Com Vítimas Feridas";"Pleno dia";"Decrescente";"Chuva";"Dupla";"Curva";"Sim";2;0;1;0;1;0;1;2;-27,60001226;-48,6226467;"SPRF-SC";"DEL01-SC";"UOP01-DEL01-SC"
219206;2019-07-01;"segunda-feira";"09:30:00";"RN";304;297,7;"MACAIBA";"Animais na Pista";"Atropelamento de Animal";"Com Vítimas Feridas";"Pleno dia";"Decrescente";"Sol";"Dupla";"Reta";"Sim";1;0;1;0;0;0;1;1;-5,86740344;-35,3327179;"SPRF-RN";"DEL01-RN";"UOP02-DEL01-RN"
219208;2019-07-01;"segunda-feira";"09:30:00";"RN";304;297,7;"MACAIBA";"Falta de Atenção à Condução";"Colisão traseira";"Sem Vítimas";"Pleno dia";"Decrescente";"Sol";"Dupla";"Reta";"Sim";2;0;0;0;2;0;0;2;-5,8682343;-35,3321791;"SPRF-RN";"DEL01-RN";"UOP02-DEL01-RN"
219209;2019-07-01;"segunda-feira";"09:45:00";"RN";101;83,5;"NATAL";"Falta de Atenção à Condução";"Colisão traseira";"Com Vítimas Feridas";"Pleno dia";"Crescente";"Céu Claro";"Dupla";"Reta";"Sim";2;0;0;1;1;0;1;2;-5,77283597;-35,26216507;"SPRF-RN";"DEL02-RN";"UOP01-DEL02-RN"
219213;2019-07-01;"segunda-feira";"10:00:00";"SP";116;4;"GUARULHOS";"Velocidade Incompatível";"Colisão com objeto estático";"Com Vítimas Fatais";"Pleno dia";"Crescente";"Sol";"Simples";"Curva";"Sim";3;1;0;0;0;2;0;2;-23,42246575;-46,48024678;"SPRF-SP";"DEL01-SP";"UOP01-DEL01-SP"
219214;2019-07-01;"segunda-feira";"10:20:00";"MG";267;138,6;"JUIZ DE FORA";"Desobediência às normas de trânsito pelo condutor";"Colisão transversal";"Com Vítimas Feridas";"Pleno dia";"Crescente";"Céu Claro";"Simples";"Reta";"Sim";7;0;2;0;5;0;2;2;-21,79071223;-43,67401443;"SPRF-MG";"DEL05-MG";"UOP01-DEL05-MG"
219215;2019-07-01;"segunda-feira";"09:55:00";"PB";101;122,8;"CAAPORA";"Pista Escorregadia";"Saída de leito carroçável";"Sem Vítimas";"Pleno dia";"Crescente";"Chuva";"Dupla";"Curva";"Não";1;0;0;0;1;0;0;1;-7,45038197;-34,97994215;"SPRF-PB";"DEL01-PB";"UOP01-DEL01-PB"
219222;2019-07-01;"segunda-feira";"08:40:00";"MG";40;525;"CONTAGEM";"Velocidade Incompatível";"Colisão traseira";"Sem Vítimas";"Pleno dia";"Decrescente";"Sol";"Dupla";"Reta";"Não";2;0;0;0;2;0;0;2;-19,88361702;-44,05039336;"SPRF-MG";"DEL01-MG";"UOP02-DEL01-MG"
219224;2019-07-01;"segunda-feira";"10:40:00";"PR";467;91;"CASCAVEL";"Velocidade Incompatível";"Saída de leito carroçável";"Com Vítimas Feridas";"Pleno dia";"Crescente";"Céu Claro";"Dupla";"Curva";"Não";1;0;1;0;0;0;1;1;-24,8515;-53,6035;"SPRF-PR";"DEL04-PR";"UOP01-DEL04-PR"
219226;2019-07-01;"segunda-feira";"10:40:00";"SP";116;272;"TABOAO DA SERRA";"Falta de Atenção do Pedestre";"Atropelamento de Pedestre";"Com Vítimas Feridas";"Pleno dia";"Decrescente";"Céu Claro";"Dupla";"Interseção de Vias";"Não";2;0;1;1;0;0;2;2;-23,6154296;-46,78624392;"SPRF-SP";"DEL04-SP";"UOP01-DEL04-SP"
219227;2019-07-01;"segunda-feira";"11:00:00";"SP";116;269;"TABOAO DA SERRA";"Velocidade Incompatível";"Colisão traseira";"Com Vítimas Feridas";"Pleno dia";"Decrescente";"Céu Claro";"Dupla";"Interseção de Vias";"Sim";2;0;1;0;1;0;1;2;-23,60875731;-46,75856444;"SPRF-SP";"DEL04-SP";"UOP01-DEL04-SP"
219229;2019-07-01;"segunda-feira";"11:30:00";"MG";381;908,1;"CAMBUI";"Falta de Atenção à Condução";"Queda de ocupante de veículo";"Com Vítimas Feridas";"Pleno dia";"Decrescente";"Céu Claro";"Dupla";"Curva";"Não";1;0;1;0;0;0;1;1;-22,71744092;-46,12652111;"SPRF-MG";"DEL16-MG";"UOP03-DEL16-MG"
219230;2019-07-01;"segunda-feira";"11:50:00";"ES";101;267,9;"SERRA";"Defeito Mecânico no Veículo";"Incêndio";"Sem Vítimas";"Pleno dia";"Crescente";"Céu Claro";"Múltipla";"Interseção de Vias";"Sim";1;0;0;0;1;0;0;1;-20,20842;-40,269405;"SPRF-ES";"DEL02-ES";"UOP01-DEL02-ES"
219231;2019-06-28;"sexta-feira";"04:40:00";"MG";40;663;"CARANDAI";"Condutor Dormindo";"Queda de ocupante de veículo";"Com Vítimas Feridas";"Plena Noite";"Decrescente";"Céu Claro";"Simples";"Declive;Curva";"Não";1;0;1;0;0;0;1;1;-20,92464874;-43,82046196;"SPRF-MG";"DEL05-MG";"UOP02-DEL05-MG"
219234;2019-07-01;"segunda-feira";"09:15:00";"MT";158;707;"BARRA DO GARCAS";"Falta de Atenção à Condução";"Saída de leito carroçável";"Com Vítimas Feridas";"Pleno dia";"Decrescente";"Céu Claro";"Simples";"Reta";"Não";1;0;0;1;0;0;1;1;-15,11688707;-52,21024826;"SPRF-MT";"DEL07-MT";"UOP01-DEL07-MT"
219237;2019-06-11;"terça-feira";"19:00:00";"RJ";493;20;"MAGE";"Falta de Atenção à Condução";"Atropelamento de Pedestre";"Com Vítimas Feridas";"Plena Noite";"Crescente";"Céu Claro";"Simples";"Reta";"Sim";3;0;0;3;0;0;3;2;-22,66364;-43,036495;"SPRF-RJ";"DEL04-RJ";"UOP02-DEL04-RJ"
219239;2019-07-01;"segunda-feira";"11:45:00";"SC";470;138,7;"RIO DO SUL";"Falta de Atenção à Condução";"Colisão lateral";"Com Vítimas Feridas";"Pleno dia";"Decrescente";"Garoa/Chuvisco";"Simples";"Reta";"Sim";2;0;1;0;1;0;1;2;-27,19502193;-49,62500811;"SPRF-SC";"DEL04-SC";"UOP02-DEL04-SC"
219241;2019-07-01;"segunda-feira";"13:05:00";"SC";101;186,2;"BIGUACU";"Pista Escorregadia";"Colisão com objeto estático";"Sem Vítimas";"Pleno dia";"Crescente";"Chuva";"Dupla";"Curva";"Não";2;0;0;0;2;0;0;1;-27,43505615;-48,62603009;"SPRF-SC";"DEL01-SC";"UOP01-DEL01-SC"
219242;2019-07-01;"segunda-feira";"12:05:00";"RO";364;712,7;"PORTO VELHO";"Falta de Atenção à Condução";"Colisão transversal";"Com Vítimas Feridas";"Pleno dia";"Decrescente";"Céu Claro";"Dupla";"Reta";"Sim";2;0;2;0;0;0;2;2;-8,7770354;-63,87316466;"SPRF-RO";"DEL01-RO";"UOP01-DEL01-RO"