"id";"data_inversa";"dia_semana";"horario";"uf";"br";"km";"municipio";"causa_acidente";"tipo_acidente";"classificacao_acidente";"fase_dia";"sentido_via";"condicao_metereologica";"tipo_pista";"tracado_via";"uso_solo";"pessoas";"mortos";"feridos_leves";"feridos_graves";"ilesos";"ignorados";"feridos";"veiculos";"latitude";"longitude";"regional";"delegacia";"uop"
219259;2019-07-01;"segunda-feira";"13:50:00";"SC";282;35;"AGUAS MORNAS";"Pista Escorregadia";"Tombamento";"Com Vítimas Feridas";"Pleno dia";"Decrescente";"Chuva";"Simples";"Curva";"Não";1;0;1;0;0;0;1;1;-27,702084;-48,826664;"SPRF-SC";"DEL01-SC";"UOP03-DEL01-SC"
219261;2019-07-01;"segunda-feira";"11:30:00";"RJ";40;122;"DUQUE DE CAXIAS";"Desobediência às normas de trânsito pelo pedestre";"Atropelamento de Pedestre";"Com Vítimas Feridas";"Pleno dia";"Decrescente";"Céu Claro";"Múltipla";"Retorno Regulamentado";"Sim";2;0;1;0;0;1;1;2;-22,79083113;-43,28611569;"SPRF-RJ";"DEL01-RJ";"UOP01-DEL01-RJ"
219262;2019-07-01;"segunda-feira";"14:00:00";"ES";101;67,1;"SAO MATEUS";"Falta de Atenção à Condução";"Colisão lateral";"Com Vítimas Feridas";"Pleno dia";"Decrescente";"Céu Claro";"Simples";"Reta";"Sim";2;0;0;1;1;0;1;2;-18,72071047;-39,8650566;"SPRF-ES";"DEL04-ES";"UOP02-DEL04-ES"
219263;2019-07-01;"segunda-feira";"13:30:00";"MT";163;821;"SINOP";"Falta de Atenção à Condução";"Colisão transversal";"Sem Vítimas";"Pleno dia";"Decrescente";"Céu Claro";"Simples";"Reta";"Sim";2;0;0;0;1;1;0;2;-12,112411;-55,51673304;"SPRF-MT";"DEL06-MT";"UOP01-DEL06-MT"
219264;2019-07-01;"segunda-feira";"11:30:00";"PR";476;337,5;"PAULA FREITAS";"Pista Escorregadia";"Saída de leito carroçável";"Com Vítimas Feridas";"Pleno dia";"Crescente";"Chuva";"Simples";"Reta";"Não";1;0;1;0;0;0;1;1;-26,143757;-50,870228;"SPRF-PR";"DEL02-PR";"UOP04-DEL02-PR"
219265;2019-07-01;"segunda-feira";"13:20:00";"PR";369;32,2;"CAMBARA";"Falta de Atenção à Condução";"Colisão traseira";"Sem Vítimas";"Pleno dia";"Crescente";"Céu Claro";"Simples";"Reta";"Não";2;0;0;0;2;0;0;2;-23,03752429;-50,19334272;"SPRF-PR";"DEL07-PR";"UOP05-DEL07-PR"
219266;2019-07-01;"segunda-feira";"13:17:00";"RJ";40;123;"DUQUE DE CAXIAS";"Não guardar distância de segurança";"Colisão traseira";"Com Vítimas Feridas";"Pleno dia";"Crescente";"Céu Claro";"Simples";"Reta";"Sim";1;0;1;0;0;0;1;1;-22,79907687;-43,29015739;"SPRF-RJ";"DEL01-RJ";"UOP01-DEL01-RJ"
219267;2019-06-23;"domingo";"16:15:00";"RO";429;117,7;"ALVORADA DOESTE";"Ingestão de Álcool";"Saída de leito carroçável";"Com Vítimas Feridas";"Pleno dia";"Decrescente";"Sol";"Simples";"Reta";"Não";1;0;1;0;0;0;1;1;-11,50786266;-62,44413711;"SPRF-RO";"DEL02-RO";"UOP03-DEL02-RO"
219275;2019-07-01;"segunda-feira";"12:40:00";"MT";364;206;"RONDONOPOLIS";"Não guardar distância de segurança";"Colisão traseira";"Com Vítimas Feridas";"Pleno dia";"Decrescente";"Céu Claro";"Dupla";"Reta";"Sim";2;0;1;0;1;0;1;2;-16,45124779;-54,66469557;"SPRF-MT";"DEL02-MT";"UOP01-DEL02-MT"
219276;2019-07-01;"segunda-feira";"16:20:00";"GO";153;528,9;"HIDROLANDIA";"Falta de Atenção à Condução";"Queda de ocupante de veículo";"Com Vítimas Feridas";"Pleno dia";"Crescente";"Céu Claro";"Dupla";"Reta";"Não";1;0;1;0;0;0;1;1;-16,9533;-49,2437;"SPRF-GO";"DEL01-GO";"UOP03-DEL01-GO"
219277;2019-07-01;"segunda-feira";"16:30:00";"SP";116;223;"GUARULHOS";"Não guardar distância de segurança";"Colisão traseira";"Com Vítimas Feridas";"Pleno dia";"Decrescente";"Nublado";"Múltipla";"Reta";"Sim";2;0;1;0;1;0;1;2;-23,47559815;-46,5246609;"SPRF-SP";"DEL01-SP";"UOP01-DEL01-SP"
219278;2019-07-01;"segunda-feira";"15:58:00";"SC";101;141;"BALNEARIO CAMBORIU";"Falta de Atenção à Condução";"Saída de leito carroçável";"Com Vítimas Feridas";"Pleno dia";"Crescente";"Garoa/Chuvisco";"Múltipla";"Curva";"Não";2;0;1;0;1;0;1;1;-27,04761729;-48,59995855;"SPRF-SC";"DEL04-SC";"UOP03-DEL04-SC"
219280;2019-07-01;"segunda-feira";"16:10:00";"BA";324;616;"SALVADOR";"Falta de Atenção à Condução";"Colisão traseira";"Com Vítimas Feridas";"Pleno dia";"Decrescente";"Céu Claro";"Múltipla";"Reta";"Sim";2;0;1;0;1;0;1;2;-12,87957905;-38,43213893;"SPRF-BA";"DEL01-BA";"UOP01-DEL01-BA"
219281;2019-06-27;"quinta-feira";"21:28:00";"PR";153;32,1;"SANTO ANTONIO DA PLATINA";"Falta de Atenção à Condução";"Colisão traseira";"Com Vítimas Feridas";"Plena Noite";"Crescente";"Céu Claro";"Simples";"Reta";"Não";2;0;1;0;1;0;1;2;-23,22711873;-50,02866715;"SPRF-PR";"DEL07-PR";"UOP04-DEL07-PR"
219282;2019-07-01;"segunda-feira";"16:45:00";"RS";392;5,2;"RIO GRANDE";"Falta de Atenção à Condução";"Colisão transversal";"Com Vítimas Feridas";"Pleno dia";"Decrescente";"Céu Claro";"Simples";"Reta";"Sim";2;0;1;0;1;0;1;2;-32,07687877;-52,10166627;"SPRF-RS";"DEL07-RS";"UOP02-DEL07-RS"
219285;2019-07-01;"segunda-feira";"17:15:00";"MG";146;517;"POCOS DE CALDAS";"Não guardar distância de segurança";"Colisão traseira";"Com Vítimas Feridas";"Pleno dia";"Crescente";"Céu Claro";"Simples";"Curva";"Não";2;0;1;0;1;0;1;2;-21,807398;-46,470712;"SPRF-MG";"DEL16-MG";"UOP01-DEL09-MG"
219286;2019-07-01;"segunda-feira";"17:10:00";"RJ";101;64;"CAMPOS DOS GOYTACAZES";"Falta de Atenção à Condução";"Atropelamento de Pedestre";"Com Vítimas Feridas";"Anoitecer";"Crescente";"Céu Claro";"Simples";"Reta";"Sim";2;0;1;0;1;0;1;2;-21,74908605;-41,33632461;"SPRF-RJ";"DEL08-RJ";"UOP02-DEL08-RJ"
219287;2019-07-01;"segunda-feira";"17:15:00";"RS";158;437,9;"ROSARIO DO SUL";"Defeito Mecânico no Veículo";"Saída de leito carroçável";"Sem Vítimas";"Pleno dia";"Decrescente";"Sol";"Simples";"Curva";"Não";1;0;0;0;1;0;0;1;-30,17116039;-54,69287772;"SPRF-RS";"DEL11-RS";"UOP02-DEL11-RS"
219288;2019-07-01;"segunda-feira";"16:45:00";"RS";116;256,4;"ESTEIO";"Não guardar distância de segurança";"Colisão traseira";"Com Vítimas Feridas";"Pleno dia";"Decrescente";"Nublado";"Dupla";"Reta";"Sim";3;0;1;0;2;0;1;2;-29,84393699;-51,17728603;"SPRF-RS";"DEL01-RS";"UOP02-DEL01-RS"
219291;2019-07-01;"segunda-feira";"17:00:00";"RS";448;19;"CANOAS";"Avarias e/ou desgaste excessivo no pneu";"Saída de leito carroçável";"Com Vítimas Feridas";"Pleno dia";"Decrescente";"Nublado";"Dupla";"Reta";"Não";2;0;1;0;1;0;1;1;-29,951647;-51,203125;"SPRF-RS";"DEL01-RS";"UOP01-DEL01-RS"
219293;2019-07-01;"segunda-feira";"16:20:00";"SC";101;138,7;"BALNEARIO CAMBORIU";"Velocidade Incompatível";"Colisão com objeto estático";"Com Vítimas Feridas";"Pleno dia";"Crescente";"Chuva";"Simples";"Curva";"Não";3;0;3;0;0;0;3;1;-27,02397426;-48,60761649;"SPRF-SC";"DEL04-SC";"UOP03-DEL04-SC"
219295;2019-07-01;"segunda-feira";"17:39:00";"RJ";101;322;"NITEROI";"Falta de Atenção à Condução";"Colisão lateral";"Com Vítimas Feridas";"Anoitecer";"Decrescente";"Céu Claro";"Múltipla";"Reta";"Não";2;0;1;0;1;0;1;2;-22,878923;-43,110676;"SPRF-RJ";"DEL02-RJ";"UOP02-DEL02-RJ"
219296;2019-04-24;"quarta-feira";"19:30:00";"SP";381;72,5;"SAO PAULO";"Velocidade Incompatível";"Saída de leito carroçável";"Com Vítimas Feridas";"Plena Noite";"Decrescente";"Céu Claro";"Dupla";"Aclive";"Não";3;0;1;0;2;0;1;3;-23,36127623;-46,5510571;"SPRF-SP";"DEL03-SP";"UOP01-DEL03-SP"
219298;2019-07-01;"segunda-feira";"17:35:00";"RS";116;231;"IVOTI";"Falta de Atenção à Condução";"Colisão transversal";"Com Vítimas Feridas";"Plena Noite";"Decrescente";"Céu Claro";"Simples";"Reta;Aclive";"Não";3;0;2;0;1;0;2;2;-29,62743221;-51,13858608;"SPRF-RS";"DEL01-RS";"UOP02-DEL01-RS"
219301;2019-07-01;"segunda-feira";"18:00:00";"SP";153;54,3;"SAO JOSE DO RIO PRETO";"Desobediência às normas de trânsito pelo condutor";"Colisão transversal";"Com Vítimas Feridas";"Plena Noite";"Decrescente";"Céu Claro";"Dupla";"Aclive";"Sim";2;0;1;0;1;0;1;2;-20,74488916;-49,33894564;"SPRF-SP";"DEL09-SP";"UOP01-DEL09-SP"
219302;2019-07-01;"segunda-feira";"18:35:00";"MG";0;0;"JOAO MONLEVADE";"Desobediência às normas de trânsito pelo condutor";"Colisão frontal";"Com Vítimas Feridas";"Plena Noite";"Não Informado";"Céu Claro";"Simples";"Curva";"Sim";2;0;1;0;1;0;1;2;-19,85592801;-43,21689055;"SPRF-MG";"DEL03-MG";"UOP01-DEL03-MG"
219304;2019-07-01;"segunda-feira";"19:00:00";"SC";282;263;"SAO JOSE DO CERRITO";"Desobediência às normas de trânsito pelo condutor";"Colisão frontal";"Com Vítimas Feridas";"Plena Noite";"Decrescente";"Ignorado";"Simples";"Curva;Interseção de Vias";"Não";4;0;1;1;2;0;2;2;-27,632196;-50,615406;"SPRF-SC";"DEL05-SC";"UOP02-DEL05-SC"
219305;2019-07-01;"segunda-feira";"18:35:00";"RJ";101;64,8;"CAMPOS DOS GOYTACAZES";"Falta de Atenção do Pedestre";"Atropelamento de Pedestre";"Com Vítimas Fatais";"Anoitecer";"Crescente";"Céu Claro";"Simples";"Reta";"Sim";4;1;1;0;1;1;1;2;-21,74908605;-41,33632461;"SPRF-RJ";"DEL08-RJ";"UOP02-DEL08-RJ"
219308;2019-07-01;"segunda-feira";"16:00:00";"GO";158;43;"BOM JARDIM DE GOIAS";"Ultrapassagem Indevida";"Capotamento";"Com Vítimas Feridas";"Pleno dia";"Crescente";"Céu Claro";"Simples";"Reta";"Não";1;0;1;0;0;0;1;1;-16,21311919;-52,13095405;"SPRF-GO";"DEL04-GO";"UOP01-DEL04-GO"
219309;2019-07-01;"segunda-feira";"17:50:00";"RO";364;771;"PORTO VELHO";"Defeito na Via";"Queda de ocupante de veículo";"Com Vítimas Feridas";"Pleno dia";"Crescente";"Céu Claro";"Simples";"Reta";"Não";1;0;1;0;0;0;1;1;-9,15011567;-64,17803215;"SPRF-RO";"DEL01-RO";"UOP02-DEL01-RO"
219310;2019-07-01;"segunda-feira";"11:15:00";"MG";262;444,9;"NOVA SERRANA";"Não guardar distância de segurança";"Colisão traseira";"Com Vítimas Feridas";"Pleno dia";"Decrescente";"Céu Claro";"Dupla";"Interseção de Vias";"Não";2;0;1;0;1;0;1;2;-19,867315;-44,989975;"SPRF-MG";"DEL08-MG";"UOP03-DEL08-MG"
219312;2019-07-01;"segunda-feira";"19:25:00";"DF";70;13,7;"BRASILIA";"Falta de Atenção à Condução";"Tombamento";"Com Vítimas Feridas";"Plena Noite";"Crescente";"Céu Claro";"Dupla";"Rotatória";"Sim";1;0;0;1;0;0;1;1;-15,794558;-48,166584;"SPRF-DF";"DEL01-DF";"UOP02-DEL03-DF"
219313;2019-07-01;"segunda-feira";"17:10:00";"SC";282;398;"JOACABA";"Defeito Mecânico no Veículo";"Colisão traseira";"Sem Vítimas";"Pleno dia";"Crescente";"Chuva";"Simples";"Curva";"Não";2;0;0;0;2;0;0;2;-27,14851958;-51,61162376;"SPRF-SC";"DEL07-SC";"UOP05-DEL07-SC"
219315;2019-07-01;"segunda-feira";"13:20:00";"RJ";116;181;"NOVA IGUACU";"Falta de Atenção à Condução";"Colisão lateral";"Sem Vítimas";"Pleno dia";"Decrescente";"Céu Claro";"Dupla";"Reta";"Sim";2;0;0;0;2;0;0;2;-22,761312;-43,423492;"SPRF-RJ";"DEL01-RJ";"UOP02-DEL01-RJ"
219316;2019-07-01;"segunda-feira";"17:50:00";"MG";116;704,2;"MURIAE";"Falta de Atenção à Condução";"Colisão transversal";"Com Vítimas Feridas";"Anoitecer";"Decrescente";"Céu Claro";"Simples";"Interseção de Vias";"Sim";2;0;0;1;1;0;1;2;-21,12258307;-42,37987432;"SPRF-MG";"DEL07-MG";"UOP02-DEL07-MG"
219317;2019-07-01;"segunda-feira";"19:20:00";"PB";230;42,8;"SANTA RITA";"Sinalização da via insuficiente ou inadequada";"Saída de leito carroçável";"Com Vítimas Feridas";"Plena Noite";"Decrescente";"Céu Claro";"Dupla";"Em Obras;Reta";"Não";3;0;3;0;0;0;3;1;-7,14925387;-35,00458355;"SPRF-PB";"DEL01-PB";"UOP03-DEL01-PB"
219318;2019-07-01;"segunda-feira";"18:30:00";"RJ";116;229,4;"PIRAI";"Desobediência às normas de trânsito pelo condutor";"Tombamento";"Com Vítimas Feridas";"Plena Noite";"Decrescente";"Céu Claro";"Dupla";"Curva";"Não";1;0;1;0;0;0;1;1;-22,65646622;-43,82206692;"SPRF-RJ";"DEL07-RJ";"UOP01-DEL07-RJ"
219320;2019-07-01;"segunda-feira";"18:55:00";"MS";267;478,5;"GUIA LOPES DA LAGUNA";"Animais na Pista";"Atropelamento de Animal";"Com Vítimas Feridas";"Plena Noite";"Crescente";"Céu Claro";"Simples";"Declive";"Não";1;0;1;0;0;0;1;1;-21,459276;-56,1218985;"SPRF-MS";"DEL05-MS";"UOP01-DEL05-MS"
219321;2019-07-01;"segunda-feira";"19:00:00";"SC";101;221;"PALHOCA";"Falta de Atenção à Condução";"Saída de leito carroçável";"Com Vítimas Feridas";"Plena Noite";"Decrescente";"Céu Claro";"Dupla";"Curva";"Não";2;0;1;0;1;0;1;1;-27,70012652;-48,66021182;"SPRF-SC";"DEL01-SC";"UOP02-DEL01-SC"
219322;2019-07-01;"segunda-feira";"17:50:00";"SC";282;36;"AGUAS MORNAS";"Animais na Pista";"Atropelamento de Animal";"Com Vítimas Feridas";"Anoitecer";"Crescente";"Garoa/Chuvisco";"Simples";"Reta";"Não";1;0;0;1;0;0;1;1;-27,704855;-48,834026;"SPRF-SC";"DEL01-SC";"UOP03-DEL01-SC"
219323;2019-05-26;"domingo";"17:00:00";"BA";101;222,9;"CONCEICAO DO ALMEIDA";"Ultrapassagem Indevida";"Capotamento";"Com Vítimas Feridas";"Anoitecer";"Crescente";"Céu Claro";"Simples";"Reta";"Não";1;0;0;1;0;0;1;1;-12,77447111;-39,18548584;"SPRF-BA";"DEL01-BA";"UOP02-DEL01-BA"
219325;2019-07-01;"segunda-feira";"19:10:00";"RO";364;708,8;"PORTO VELHO";"Avarias e/ou desgaste excessivo no pneu";"Queda de ocupante de veículo";"Com Vítimas Feridas";"Plena Noite";"Crescente";"Céu Claro";"Dupla";"Reta";"Sim";2;0;1;1;0;0;2;1;-8,79554083;-63,84072487;"SPRF-RO";"DEL01-RO";"UOP01-DEL01-RO"
219326;2019-07-01;"segunda-feira";"20:10:00";"ES";101;266,7;"SERRA";"Desobediência às normas de trânsito pelo pedestre";"Atropelamento de Pedestre";"Com Vítimas Feridas";"Plena Noite";"Crescente";"Céu Claro";"Múltipla";"Reta";"Sim";2;0;0;1;1;0;1;2;-20,190199;-40,26828891;"SPRF-ES";"DEL02-ES";"UOP01-DEL02-ES"
219328;2019-07-01;"segunda-feira";"18:00:00";"PR";277;595,8;"CASCAVEL";"Velocidade Incompatível";"Colisão traseira";"Com Vítimas Feridas";"Plena Noite";"Decrescente";"Nevoeiro/Neblina";"Simples";"Reta";"Sim";2;0;0;1;1;0;1;2;-24,98154632;-53,50141969;"SPRF-PR";"DEL04-PR";"UOP01-DEL04-PR"
219329;2019-07-01;"segunda-feira";"18:50:00";"MG";116;548,1;"SANTA BARBARA DO LESTE";"Falta de Atenção à Condução";"Colisão transversal";"Com Vítimas Feridas";"Plena Noite";"Decrescente";"Céu Claro";"Simples";"Curva";"Não";3;0;1;1;1;0;2;2;-19,95272398;-42,13044183;"SPRF-MG";"DEL06-MG";"UOP02-DEL06-MG"
219330;2019-07-01;"segunda-feira";"18:20:00";"PE";316;235;"BELEM DE SAO FRANCISCO";"Animais na Pista";"Atropelamento de Animal";"Com Vítimas Feridas";"Plena Noite";"Decrescente";"Céu Claro";"Simples";"Reta";"Não";1;0;0;1;0;0;1;1;-8,61647651;-39,09147076;"SPRF-PE";"DEL05-PE";"UOP03-DEL05-PE"
219332;2019-07-01;"segunda-feira";"20:15:00";"SP";116;67,1;"GUARATINGUETA";"Ingestão de Álcool";"Queda de ocupante de veículo";"Com Vítimas Feridas";"Plena Noite";"Crescente";"Céu Claro";"Dupla";"Reta";"Sim";1;0;1;0;0;0;1;1;-22,82867578;-45,2088941;"SPRF-SP";"DEL08-SP";"UOP01-DEL08-SP"
219333;2019-07-01;"segunda-feira";"20:30:00";"RJ";101;60;"CAMPOS DOS GOYTACAZES";"Desobediência às normas de trânsito pelo condutor";"Colisão transversal";"Com Vítimas Feridas";"Plena Noite";"Crescente";"Céu Claro";"Simples";"Reta";"Sim";3;0;2;0;1;0;2;2;-21,72048414;-41,31448591;"SPRF-RJ";"DEL08-RJ";"UOP01-DEL08-RJ"
219334;2019-07-01;"segunda-feira";"18:45:00";"MG";116;415,3;"GOVERNADOR VALADARES";"Não guardar distância de segurança";"Colisão traseira";"Sem Vítimas";"Plena Noite";"Crescente";"Céu Claro";"Simples";"Ponte";"Sim";4;0;0;0;4;0;0;2;-18,88401297;-41,94924399;"SPRF-MG";"DEL06-MG";"UOP01-DEL06-MG"
219336;2019-07-01;"segunda-feira";"20:45:00";"SP";116;4;"GUARULHOS";"Ingestão de Álcool";"Colisão traseira";"Sem Vítimas";"Plena Noite";"Crescente";"Nublado";"Dupla";"Reta";"Sim";2;0;0;0;2;0;0;2;-23,463257;-46,53373;"SPRF-SP";"DEL01-SP";"UOP01-DEL01-SP"
219338;2019-07-01;"segunda-feira";"21:15:00";"PR";376;109;"PARANAVAI";"Falta de Atenção à Condução";"Colisão traseira";"Com Vítimas Feridas";"Plena Noite";"Decrescente";"Céu Claro";"Dupla";"Reta";"Não";6;0;3;0;3;0;3;2;-23,08086594;-52,40984795;"SPRF-PR";"DEL07-PR";"UOP02-DEL09-PR"
219339;2019-07-01;"segunda-feira";"19:55:00";"SP";153;347;"OURINHOS";"Falta de Atenção do Pedestre";"Atropelamento de Pedestre";"Com Vítimas Fatais";"Plena Noite";"Crescente";"Céu Claro";"Dupla";"Reta";"Não";2;1;0;0;1;0;0;2;-22,99501629;-49,90483342;"SPRF-SP";"DEL07-SP";"UOP03-DEL07-SP"
219343;2019-07-01;"segunda-feira";"21:10:00";"MG";381;159,8;"GOVERNADOR VALADARES";"Falta de Atenção à Condução";"Saída de leito carroçável";"Com Vítimas Feridas";"Plena Noite";"Decrescente";"Nublado";"Simples";"Rotatória";"Não";1;0;1;0;0;0;1;1;-18,94582813;-42,06640091;"SPRF-MG";"DEL06-MG";"UOP01-DEL06-MG"
219344;2019-06-19;"quarta-feira";"08:30:00";"MG";381;477,1;"CONTAGEM";"Não guardar distância de segurança";"Colisão traseira";"Com Vítimas Feridas";"Pleno dia";"Decrescente";"Sol";"Dupla";"Reta";"Sim";3;0;1;0;1;1;1;3;-19,96179268;-44,05041676;"SPRF-MG";"N/A";"N/A"
219345;2019-07-01;"segunda-feira";"19:20:00";"BA";101;476;"URUCUCA";"Falta de Atenção à Condução";"Colisão traseira";"Sem Vítimas";"Plena Noite";"Crescente";"Céu Claro";"Simples";"Reta";"Não";2;0;0;0;2;0;0;2;-14,57274604;-39,33588565;"SPRF-BA";"DEL05-BA";"UOP01-DEL05-BA"
219346;2019-07-01;"segunda-feira";"21:50:00";"BA";407;5,3;"JUAZEIRO";"Falta de Atenção à Condução";"Colisão lateral";"Com Vítimas Feridas";"Plena Noite";"Crescente";"Céu Claro";"Múltipla";"Reta";"Sim";2;0;0;1;1;0;1;2;-9,44778544;-40,49043801;"SPRF-PE";"DEL06-PE";"UOP01-DEL06-PE"
219347;2019-07-01;"segunda-feira";"22:40:00";"PE";232;258,5;"ARCOVERDE";"Animais na Pista";"Atropelamento de Animal";"Sem Vítimas";"Plena Noite";"Decrescente";"Céu Claro";"Simples";"Reta";"Não";1;0;0;0;1;0;0;1;-8,40859882;-37,10380654;"SPRF-PE";"DEL03-PE";"UOP02-DEL03-PE"
219348;2019-07-01;"segunda-feira";"21:35:00";"BA";116;424;"FEIRA DE SANTANA";"Desobediência às normas de trânsito pelo condutor";"Colisão frontal";"Com Vítimas Feridas";"Plena Noite";"Crescente";"Céu Claro";"Simples";"Reta";"Sim";2;0;1;0;1;0;1;2;-12,23736613;-38,97999588;"SPRF-BA";"DEL02-BA";"UOP01-DEL02-BA"
219349;2019-07-01;"segunda-feira";"22:40:00";"PI";316;315,8;"PICOS";"Falta de Atenção à Condução";"Colisão com objeto estático";"Sem Vítimas";"Plena Noite";"Crescente";"Céu Claro";"Simples";"Reta";"Não";2;0;0;0;0;2;0;2;-7,07951262;-41,43236492;"SPRF-PI";"DEL04-PI";"UOP01-DEL04-PI"
219351;2019-07-01;"segunda-feira";"22:30:00";"RJ";40;122;"DUQUE DE CAXIAS";"Condutor Dormindo";"Saída de leito carroçável";"Com Vítimas Feridas";"Plena Noite";"Decrescente";"Céu Claro";"Múltipla";"Reta";"Não";1;0;1;0;0;0;1;1;-22,79083113;-43,28611569;"SPRF-RJ";"DEL01-RJ";"UOP01-DEL01-RJ"
219352;2019-07-01;"segunda-feira";"22:15:00";"MG";381;483;"BETIM";"Animais na Pista";"Colisão traseira";"Com Vítimas Feridas";"Plena Noite";"Crescente";"Céu Claro";"Dupla";"Declive;Curva";"Sim";3;0;2;0;1;0;2;2;-19,95594491;-44,10721699;"SPRF-MG";"DEL01-MG";"UOP03-DEL01-MG"
219353;2019-07-01;"segunda-feira";"22:45:00";"PB";361;23,9;"SANTA TERESINHA";"Ingestão de Álcool";"Colisão frontal";"Com Vítimas Feridas";"Plena Noite";"Decrescente";"Céu Claro";"Simples";"Reta";"Não";4;0;1;1;2;0;2;2;-7,08514847;-37,44811299;"SPRF-PB";"DEL03-PB";"UOP01-DEL03-PB"
219354;2019-07-01;"segunda-feira";"19:30:00";"MA";316;375,7;"BACABAL";"Desobediência às normas de trânsito pelo condutor";"Colisão frontal";"Com Vítimas Fatais";"Plena Noite";"Decrescente";"Céu Claro";"Simples";"Reta";"Não";3;1;0;0;2;0;0;2;-4,213554;-44,663956;"SPRF-MA";"DEL02-MA";"DEL18/2-UOP03/MA"
219355;2019-07-01;"segunda-feira";"20:15:00";"GO";153;512;"APARECIDA DE GOIANIA";"Falta de Atenção à Condução";"Queda de ocupante de veículo";"Com Vítimas Feridas";"Plena Noite";"Crescente";"Céu Claro";"Simples";"Reta";"Sim";1;0;0;1;0;0;1;1;-16,8156;-49,2402;"SPRF-GO";"DEL01-GO";"UOP03-DEL01-GO"
219359;2019-07-01;"segunda-feira";"23:30:00";"TO";153;132;"ARAGUAINA";"Falta de Atenção à Condução";"Queda de ocupante de veículo";"Com Vítimas Feridas";"Plena Noite";"Decrescente";"Céu Claro";"Simples";"Reta";"Não";1;0;1;0;0;0;1;1;-7,10742769;-48,18194237;"SPRF-TO";"DEL02-TO";"UOP01-DEL02-TO"
219360;2019-07-01;"segunda-feira";"22:20:00";"AM";174;933,3;"MANAUS";"Desobediência às normas de trânsito pelo pedestre";"Atropelamento de Pedestre";"Com Vítimas Fatais";"Plena Noite";"Crescente";"Céu Claro";"Simples";"Reta";"Não";2;1;0;0;0;1;0;2;-2,54956594;-60,03519174;"SPRF-AM";"DEL01-AM";"UOP01-DEL01-AM"
219364;2019-03-28;"quinta-feira";"05:42:00";"PA";163;981;"SANTAREM";"Defeito na Via";"Colisão lateral";"Com Vítimas Feridas";"Amanhecer";"Decrescente";"Nublado";"Simples";"Reta";"Sim";3;0;3;0;0;0;3;2;-2,6331092;-54,74532366;"SPRF-PA";"DEL05-PA";"UOP01-DEL05-PA"
219365;2019-07-01;"segunda-feira";"23:45:00";"SC";101;38,1;"JOINVILLE";"Desobediência às normas de trânsito pelo condutor";"Colisão transversal";"Com Vítimas Feridas";"Plena Noite";"Crescente";"Chuva";"Dupla";"Rotatória";"Sim";2;0;0;1;1;0;1;2;-26,25472505;-48,90561309;"SPRF-SC";"DEL03-SC";"UOP01-DEL03-SC"
219367;2019-07-01;"segunda-feira";"23:45:00";"CE";20;417;"MARACANAU";"Falta de Atenção à Condução";"Colisão transversal";"Com Vítimas Feridas";"Plena Noite";"Crescente";"Céu Claro";"Dupla";"Reta";"Sim";3;0;2;0;1;0;2;2;-3,76999035;-38,67006282;"SPRF-CE";"DEL01-CE";"UOP02-DEL01-CE"
219373;2019-07-02;"terça-feira";"04:15:00";"PR";476;143,6;"CURITIBA";"Velocidade Incompatível";"Saída de leito carroçável";"Com Vítimas Feridas";"Plena Noite";"Decrescente";"Nublado";"Simples";"Curva";"Não";3;0;3;0;0;0;3;1;-25,53776734;-49,31244032;"SPRF-PR";"DEL01-PR";"UOP06-DEL01-PR"
219374;2019-07-02;"terça-feira";"05:20:00";"RJ";101;68;"CAMPOS DOS GOYTACAZES";"Falta de Atenção à Condução";"Colisão traseira";"Com Vítimas Feridas";"Pleno dia";"Crescente";"Céu Claro";"Simples";"Reta";"Sim";6;0;4;0;2;0;4;2;-21,77186768;-41,35705017;"SPRF-RJ";"DEL08-RJ";"UOP02-DEL08-RJ"
219380;2019-07-02;"terça-feira";"06:10:00";"ES";259;50,8;"COLATINA";"Falta de Atenção à Condução";"Colisão transversal";"Com Vítimas Feridas";"Pleno dia";"Crescente";"Céu Claro";"Dupla";"Reta";"Sim";3;0;2;0;0;1;2;2;-19,510103;-40,60615;"SPRF-ES";"DEL02-ES";"UOP01-DEL02-ES"
219382;2019-07-02;"terça-feira";"07:10:00";"PR";116;115;"CURITIBA";"Falta de Atenção do Pedestre";"Atropelamento de Pedestre";"Com Vítimas Feridas";"Pleno dia";"Decrescente";"Nublado";"Dupla";"Reta";"Não";3;0;1;1;1;0;2;2;-25,54120239;-49,30252075;"SPRF-PR";"DEL01-PR";"UOP06-DEL01-PR"
219383;2019-07-02;"terça-feira";"06:20:00";"PE";232;179;"BELO JARDIM";"Não guardar distância de segurança";"Colisão traseira";"Sem Vítimas";"Pleno dia";"Decrescente";"Nublado";"Simples";"Reta";"Sim";1;0;0;0;1;0;0;1;-8,34786577;-36,41103029;"SPRF-PE";"DEL02-PE";"UOP03-DEL02-PE"
219385;2019-07-02;"terça-feira";"06:25:00";"CE";116;71;"CHOROZINHO";"Falta de Atenção à Condução";"Colisão lateral";"Com Vítimas Feridas";"Amanhecer";"Decrescente";"Céu Claro";"Simples";"Reta";"Não";3;0;1;0;2;0;1;2;-4,334402;-38,479694;"SPRF-CE";"DEL03-CE";"UOP02-DEL03-CE"