"id";"data_inversa";"dia_semana";"horario";"uf";"br";"km";"municipio";"causa_acidente";"tipo_acidente";"classificacao_acidente";"fase_dia";"sentido_via";"condicao_metereologica";"tipo_pista";"tracado_via";"uso_solo";"pessoas";"mortos";"feridos_leves";"feridos_graves";"ilesos";"ignorados";"feridos";"veiculos";"latitude";"longitude";"regional";"delegacia";"uop"
219756;2019-07-04;"quinta-feira";"05:30:00";"SC";101;122,1;"ITAJAI";"Falta de Atenção à Condução";"Colisão lateral";"Com Vítimas Feridas";"Plena Noite";"Crescente";"Céu Claro";"Dupla";"Desvio Temporário";"Sim";2;0;1;0;1;0;1;2;-26,92955916;-48,70499836;"SPRF-SC";"DEL04-SC";"UOP04-DEL04-SC"
219758;2019-07-04;"quinta-feira";"07:20:00";"RS";116;148;"CAXIAS DO SUL";"Falta de Atenção do Pedestre";"Atropelamento de Pedestre";"Com Vítimas Feridas";"Pleno dia";"Decrescente";"Sol";"Dupla";"Reta";"Sim";2;0;0;1;1;0;1;2;-29,15444539;-51,15101681;"SPRF-RS";"DEL05-RS";"UOP01-DEL05-RS"
219759;2019-03-22;"sexta-feira";"22:00:00";"BA";116;426;"FEIRA DE SANTANA";"Falta de Atenção à Condução";"Colisão com objeto estático";"Com Vítimas Feridas";"Plena Noite";"Crescente";"Céu Claro";"Dupla";"Viaduto";"Sim";1;0;0;1;0;0;1;1;-12,26905708;-38,98936272;"SPRF-BA";"DEL02-BA";"UOP01-DEL02-BA"
219760;2019-07-04;"quinta-feira";"07:40:00";"PE";232;7,8;"RECIFE";"Desobediência às normas de trânsito pelo condutor";"Colisão transversal";"Com Vítimas Feridas";"Pleno dia";"Decrescente";"Céu Claro";"Dupla";"Reta";"Sim";2;0;1;0;1;0;1;2;-8,07541856;-34,96785164;"SPRF-PE";"DEL01-PE";"UOP01-DEL01-PE"
219762;2019-07-04;"quinta-feira";"07:00:00";"PR";163;34,5;"SANTO ANTONIO DO SUDOESTE";"Falta de Atenção à Condução";"Colisão transversal";"Com Vítimas Feridas";"Pleno dia";"Decrescente";"Céu Claro";"Simples";"Interseção de Vias";"Sim";2;0;1;0;1;0;1;2;-26,11304807;-53,69821507;"SPRF-PR";"DEL02-PR";"UOP02-DEL02-PR"
219764;2019-07-04;"quinta-feira";"07:40:00";"PR";376;168,8;"MARINGA";"Falta de Atenção à Condução";"Colisão traseira";"Com Vítimas Feridas";"Pleno dia";"Crescente";"Nevoeiro/Neblina";"Dupla";"Reta";"Não";2;0;1;0;1;0;1;2;-23,409788;-51,987453;"SPRF-PR";"DEL07-PR";"UOP01-DEL09-PR"
219765;2019-07-04;"quinta-feira";"07:30:00";"SP";116;222;"GUARULHOS";"Falta de Atenção à Condução";"Colisão lateral";"Com Vítimas Feridas";"Pleno dia";"Crescente";"Chuva";"Múltipla";"Reta";"Sim";2;0;1;0;1;0;1;2;-23,47093408;-46,51631097;"SPRF-SP";"DEL01-SP";"UOP01-DEL01-SP"
219766;2019-07-04;"quinta-feira";"08:00:00";"DF";60;24;"BRASILIA";"Condutor Dormindo";"Saída de leito carroçável";"Com Vítimas Feridas";"Pleno dia";"Decrescente";"Céu Claro";"Dupla";"Reta";"Não";4;0;2;0;2;0;2;1;-15,991807;-48,232067;"SPRF-DF";"DEL01-DF";"UOP01-DEL03-DF"
219767;2019-07-04;"quinta-feira";"07:00:00";"PE";423;103;"GARANHUNS";"Falta de Atenção à Condução";"Colisão lateral";"Com Vítimas Feridas";"Pleno dia";"Decrescente";"Céu Claro";"Simples";"Reta";"Não";2;0;1;0;0;1;1;2;-8,875555;-36,550067;"SPRF-PE";"DEL03-PE";"UOP01-DEL03-PE"
219768;2019-07-04;"quinta-feira";"08:40:00";"RN";101;95,4;"NATAL";"Não guardar distância de segurança";"Colisão traseira";"Com Vítimas Feridas";"Pleno dia";"Decrescente";"Sol";"Múltipla";"Reta";"Sim";3;0;2;0;1;0;2;2;-5,84296843;-35,20934885;"SPRF-RN";"DEL01-RN";"UOP01-DEL01-RN"
219769;2019-07-04;"quinta-feira";"08:30:00";"PA";308;151;"CAPANEMA";"Falta de Atenção à Condução";"Colisão transversal";"Com Vítimas Feridas";"Pleno dia";"Decrescente";"Céu Claro";"Simples";"Reta";"Sim";2;0;1;1;0;0;2;2;-1,21064;-47,182743;"SPRF-PA";"DEL01-PA";"UOP03-DEL01-PA"
219770;2019-06-30;"domingo";"20:50:00";"MG";116;532,1;"CARATINGA";"Ingestão de Álcool";"Colisão traseira";"Sem Vítimas";"Plena Noite";"Crescente";"Céu Claro";"Simples";"Reta";"Não";2;0;0;0;2;0;0;2;-19,82774609;-42,13965431;"SPRF-MG";"DEL06-MG";"UOP02-DEL06-MG"
219771;2019-07-04;"quinta-feira";"06:30:00";"MT";364;378;"SANTO ANTONIO DO LEVERGER";"Condutor Dormindo";"Saída de leito carroçável";"Com Vítimas Feridas";"Pleno dia";"Crescente";"Sol";"Dupla";"Reta";"Não";1;0;1;0;0;0;1;1;-15,70377454;-55,74613599;"SPRF-MT";"DEL02-MT";"UOP02-DEL01-MT"
219773;2019-07-04;"quinta-feira";"08:20:00";"CE";20;417,1;"MARACANAU";"Falta de Atenção à Condução";"Colisão frontal";"Com Vítimas Feridas";"Pleno dia";"Crescente";"Nublado";"Dupla";"Interseção de Vias";"Sim";2;0;1;0;1;0;1;2;-3,84304;-38,59065;"SPRF-CE";"DEL01-CE";"UOP02-DEL01-CE"
219778;2019-07-04;"quinta-feira";"08:50:00";"AL";104;91;"RIO LARGO";"Ingestão de Álcool";"Colisão transversal";"Sem Vítimas";"Pleno dia";"Crescente";"Sol";"Dupla";"Declive";"Sim";2;0;0;0;2;0;0;2;-9,51668803;-35,80405897;"SPRF-AL";"DEL01-AL";"UOP01-DEL01-AL"
219780;2019-06-24;"segunda-feira";"14:30:00";"SC";280;120;"SAO BENTO DO SUL";"Falta de Atenção à Condução";"Colisão transversal";"Com Vítimas Feridas";"Plena Noite";"Decrescente";"Ignorado";"Simples";"Reta";"Não";1;0;0;1;0;0;1;1;-26,26094075;-49,44273982;"SPRF-SC";"DEL06-SC";"UOP03-DEL06-SC"
219782;2019-07-04;"quinta-feira";"09:40:00";"RJ";40;113;"DUQUE DE CAXIAS";"Falta de Atenção à Condução";"Colisão com objeto estático";"Com Vítimas Feridas";"Pleno dia";"Crescente";"Nublado";"Múltipla";"Reta";"Sim";4;0;4;0;0;0;4;1;-22,70948502;-43,29040354;"SPRF-RJ";"DEL01-RJ";"UOP01-DEL01-RJ"
219783;2019-07-04;"quinta-feira";"09:30:00";"MG";365;794;"GURINHATA";"Falta de Atenção à Condução";"Saída de leito carroçável";"Com Vítimas Feridas";"Pleno dia";"Decrescente";"Céu Claro";"Simples";"Reta";"Não";1;0;1;0;0;0;1;1;-18,92535632;-49,85462012;"SPRF-MG";"DEL15-MG";"UOP03-DEL15-MG"
219786;2019-07-04;"quinta-feira";"09:00:00";"SP";116;446,9;"REGISTRO";"Objeto estático sobre o leito carroçável";"Colisão traseira";"Com Vítimas Feridas";"Pleno dia";"Crescente";"Chuva";"Dupla";"Reta";"Sim";3;0;2;0;1;0;2;2;-24,50467087;-47,84772743;"SPRF-SP";"DEL05-SP";"UOP01-DEL05-SP"
219788;2019-07-03;"quarta-feira";"07:42:00";"PR";467;95,3;"CASCAVEL";"Velocidade Incompatível";"Saída de leito carroçável";"Com Vítimas Feridas";"Pleno dia";"Decrescente";"Céu Claro";"Dupla";"Reta";"Não";1;0;1;0;0;0;1;1;-24,8675;-53,5694;"SPRF-PR";"DEL04-PR";"UOP01-DEL04-PR"
219791;2019-07-04;"quinta-feira";"10:45:00";"RJ";493;82;"JAPERI";"Avarias e/ou desgaste excessivo no pneu";"Colisão com objeto estático";"Com Vítimas Feridas";"Pleno dia";"Decrescente";"Nublado";"Dupla";"Curva";"Não";1;0;1;0;0;0;1;1;-22,6588487;-43,61804008;"SPRF-RJ";"DEL01-RJ";"UOP03-DEL01-RJ"
219793;2019-07-04;"quinta-feira";"11:40:00";"RS";448;17;"CANOAS";"Desobediência às normas de trânsito pelo condutor";"Colisão traseira";"Sem Vítimas";"Pleno dia";"Decrescente";"Céu Claro";"Simples";"Reta";"Não";2;0;0;0;2;0;0;2;-29,937889;-51,207005;"SPRF-RS";"DEL01-RS";"UOP01-DEL01-RS"
219794;2019-07-04;"quinta-feira";"10:30:00";"PR";116;147,3;"MANDIRITUBA";"Falta de Atenção à Condução";"Engavetamento";"Sem Vítimas";"Pleno dia";"Decrescente";"Céu Claro";"Simples";"Em Obras;Aclive;Reta";"Não";3;0;0;0;3;0;0;3;-25,82368468;-49,33549047;"SPRF-PR";"DEL01-PR";"UOP03-DEL01-PR"
219796;2019-01-22;"terça-feira";"20:40:00";"AL";104;87;"RIO LARGO";"Ingestão de álcool e/ou substâncias psicoativas pelo pedestre";"Colisão com objeto em movimento";"Com Vítimas Feridas";"Plena Noite";"Crescente";"Chuva";"Dupla";"Reta";"Sim";3;0;0;2;1;0;2;2;-9,47221723;-35,8230257;"SPRF-AL";"DEL01-AL";"UOP01-DEL01-AL"
219797;2019-07-04;"quinta-feira";"12:30:00";"MG";40;549,6;"NOVA LIMA";"Desobediência às normas de trânsito pelo condutor";"Colisão traseira";"Com Vítimas Feridas";"Pleno dia";"Crescente";"Sol";"Dupla";"Curva";"Sim";3;0;2;0;1;0;2;2;-20,03972326;-43,96703232;"SPRF-MG";"DEL01-MG";"UOP02-DEL01-MG"
219798;2019-07-04;"quinta-feira";"11:50:00";"MG";50;25,4;"ARAGUARI";"Defeito Mecânico no Veículo";"Tombamento";"Com Vítimas Feridas";"Pleno dia";"Crescente";"Céu Claro";"Dupla";"Reta;Declive";"Não";2;0;2;0;0;0;2;1;-18,61146226;-48,07749391;"SPRF-MG";"DEL15-MG";"UOP02-DEL15-MG"
219799;2019-01-29;"terça-feira";"16:00:00";"PR";369;185;"ARAPONGAS";"Desobediência às normas de trânsito pelo condutor";"Atropelamento de Pedestre";"Com Vítimas Feridas";"Pleno dia";"Crescente";"Ignorado";"Simples";"Reta";"Sim";3;0;0;1;1;1;1;2;-23,40773493;-51,42803997;"SPRF-PR";"DEL07-PR";"UOP03-DEL07-PR"
219800;2019-07-04;"quinta-feira";"13:05:00";"PB";101;89,5;"JOAO PESSOA";"Falta de Atenção à Condução";"Colisão traseira";"Com Vítimas Feridas";"Pleno dia";"Crescente";"Céu Claro";"Dupla";"Reta";"Sim";2;0;1;0;1;0;1;2;-7,1710694;-34,89765372;"SPRF-PB";"DEL01-PB";"UOP01-DEL01-PB"
219804;2019-07-04;"quinta-feira";"13:40:00";"ES";482;112;"GUACUI";"Condutor Dormindo";"Saída de leito carroçável";"Com Vítimas Feridas";"Pleno dia";"Crescente";"Céu Claro";"Simples";"Reta";"Não";5;0;4;0;0;1;4;1;-20,80738092;-41,71174551;"SPRF-ES";"DEL03-ES";"UOP02-DEL03-ES"
219806;2019-07-04;"quinta-feira";"11:10:00";"PB";110;66,3;"SAO JOSE DE ESPINHARAS";"Falta de Atenção do Pedestre";"Atropelamento de Pedestre";"Com Vítimas Feridas";"Pleno dia";"Decrescente";"Céu Claro";"Simples";"Reta";"Não";2;0;0;1;1;0;1;2;-6,84667216;-37,40315957;"SPRF-PB";"DEL03-PB";"UOP01-DEL03-PB"
219807;2019-07-04;"quinta-feira";"14:10:00";"ES";101;292;"CARIACICA";"Velocidade Incompatível";"Saída de leito carroçável";"Com Vítimas Feridas";"Pleno dia";"Decrescente";"Sol";"Dupla";"Reta";"Sim";1;0;1;0;0;0;1;1;-20,30650512;-40,39488717;"SPRF-ES";"DEL01-ES";"UOP01-DEL01-ES"
219808;2019-07-04;"quinta-feira";"13:50:00";"RS";386;178,5;"CARAZINHO";"Defeito na Via";"Saída de leito carroçável";"Com Vítimas Feridas";"Pleno dia";"Crescente";"Céu Claro";"Simples";"Aclive";"Sim";1;0;1;0;0;0;1;1;-28,2883;-52,759373;"SPRF-RS";"DEL08-RS";"UOP01-DEL08-RS"
219809;2019-07-04;"quinta-feira";"11:30:00";"SC";280;28;"ARAQUARI";"Ingestão de Álcool";"Colisão lateral";"Com Vítimas Feridas";"Pleno dia";"Decrescente";"Céu Claro";"Simples";"Reta";"Sim";2;0;1;0;1;0;1;2;-26,411283;-48,7539;"SPRF-SC";"DEL03-SC";"UOP03-DEL03-SC"
219810;2019-07-04;"quinta-feira";"13:20:00";"RJ";116;48;"TERESOPOLIS";"Falta de Atenção à Condução";"Capotamento";"Com Vítimas Feridas";"Pleno dia";"Decrescente";"Céu Claro";"Simples";"Curva;Declive";"Não";1;0;1;0;0;0;1;1;-22,17604324;-42,83938289;"SPRF-RJ";"DEL04-RJ";"UOP01-DEL04-RJ"
219811;2019-07-04;"quinta-feira";"10:00:00";"GO";153;699;"ITUMBIARA";"Defeito Mecânico no Veículo";"Saída de leito carroçável";"Com Vítimas Feridas";"Pleno dia";"Decrescente";"Céu Claro";"Múltipla";"Reta";"Sim";2;0;1;0;1;0;1;1;-18,3862;-49,2076;"SPRF-GO";"DEL03-GO";"UOP02-DEL03-GO"
219812;2019-07-04;"quinta-feira";"14:40:00";"DF";70;19;"BRASILIA";"Defeito Mecânico no Veículo";"Queda de ocupante de veículo";"Com Vítimas Feridas";"Pleno dia";"Decrescente";"Céu Claro";"Dupla";"Ponte";"Não";2;0;2;0;0;0;2;1;-15,78410319;-48,23239982;"SPRF-DF";"DEL01-DF";"UOP02-DEL03-DF"
219813;2019-07-04;"quinta-feira";"12:30:00";"RO";364;343;"JI-PARANA";"Desobediência às normas de trânsito pelo pedestre";"Atropelamento de Pedestre";"Com Vítimas Feridas";"Pleno dia";"Decrescente";"Céu Claro";"Dupla";"Reta";"Sim";3;0;0;1;2;0;1;3;-10,87878519;-61,94499012;"SPRF-RO";"DEL02-RO";"UOP01-DEL02-RO"
219815;2019-07-04;"quinta-feira";"14:50:00";"CE";20;239,5;"MADALENA";"Falta de Atenção à Condução";"Colisão traseira";"Sem Vítimas";"Pleno dia";"Decrescente";"Céu Claro";"Simples";"Reta";"Não";2;0;0;0;2;0;0;2;-4,85575414;-39,57409685;"SPRF-CE";"DEL02-CE";"UOP02-DEL02-CE"
219816;2019-06-30;"domingo";"21:00:00";"MS";158;125;"APARECIDA DO TABOADO";"Falta de Atenção à Condução";"Saída de leito carroçável";"Sem Vítimas";"Plena Noite";"Crescente";"Céu Claro";"Simples";"Reta";"Não";1;0;0;0;0;1;0;1;-19,84293532;-51,11492157;"SPRF-MS";"DEL08-MS";"UOP01-DEL08-MS"
219817;2019-07-04;"quinta-feira";"14:30:00";"SP";116;450;"REGISTRO";"Falta de Atenção à Condução";"Colisão traseira";"Com Vítimas Feridas";"Pleno dia";"Crescente";"Garoa/Chuvisco";"Simples";"Rotatória;Curva;Aclive";"Não";2;0;0;1;1;0;1;1;-24,53728295;-47,85899314;"SPRF-SP";"DEL05-SP";"UOP01-DEL05-SP"
219823;2019-06-06;"quinta-feira";"06:40:00";"MG";262;443,9;"NOVA SERRANA";"Falta de Atenção à Condução";"Colisão transversal";"Com Vítimas Feridas";"Pleno dia";"Decrescente";"Sol";"Dupla";"Reta";"Sim";5;0;2;2;1;0;4;3;-19,88065393;-44,92197102;"SPRF-MG";"DEL08-MG";"UOP03-DEL08-MG"
219825;2019-07-04;"quinta-feira";"15:40:00";"SC";282;16,5;"PALHOCA";"Desobediência às normas de trânsito pelo condutor";"Colisão frontal";"Com Vítimas Feridas";"Pleno dia";"Crescente";"Céu Claro";"Simples";"Reta";"Sim";3;0;1;1;1;0;2;2;-27,658611;-48,681847;"SPRF-SC";"DEL01-SC";"UOP02-DEL01-SC"
219828;2019-07-04;"quinta-feira";"16:05:00";"ES";101;260,9;"SERRA";"Falta de Atenção do Pedestre";"Atropelamento de Pedestre";"Com Vítimas Feridas";"Pleno dia";"Decrescente";"Céu Claro";"Múltipla";"Reta";"Sim";2;0;2;0;0;0;2;2;-20,23267;-40,27658;"SPRF-ES";"DEL02-ES";"UOP01-DEL02-ES"
219829;2019-07-04;"quinta-feira";"15:50:00";"SP";116;141;"SAO JOSE DOS CAMPOS";"Pista Escorregadia";"Tombamento";"Com Vítimas Feridas";"Pleno dia";"Crescente";"Chuva";"Dupla";"Reta";"Não";1;0;1;0;0;0;1;1;-23,17004717;-45,82091491;"SPRF-SP";"DEL06-SP";"UOP02-DEL02-SP"
219830;2019-07-04;"quinta-feira";"16:30:00";"GO";60;41;"APARECIDA DE GOIANIA";"Falta de Atenção à Condução";"Colisão traseira";"Com Vítimas Feridas";"Pleno dia";"Crescente";"Sol";"Dupla";"Rotatória";"Sim";2;0;1;0;1;0;1;2;-16,8101;-49,2397;"SPRF-GO";"DEL01-GO";"UOP03-DEL01-GO"
219837;2019-07-04;"quinta-feira";"17:00:00";"SC";101;194;"BIGUACU";"Desobediência às normas de trânsito pelo condutor";"Colisão transversal";"Com Vítimas Feridas";"Pleno dia";"Crescente";"Sol";"Múltipla";"Reta;Interseção de Vias";"Sim";2;0;1;0;1;0;1;2;-27,49893594;-48,65653753;"SPRF-SC";"DEL01-SC";"UOP01-DEL01-SC"
219838;2019-07-04;"quinta-feira";"15:10:00";"SP";381;61;"MAIRIPORA";"Pista Escorregadia";"Queda de ocupante de veículo";"Com Vítimas Feridas";"Pleno dia";"Crescente";"Chuva";"Dupla";"Curva";"Não";1;0;1;0;0;0;1;1;-23,29011611;-46,5800681;"SPRF-SP";"DEL03-SP";"UOP01-DEL03-SP"
219839;2019-06-19;"quarta-feira";"07:50:00";"PR";376;497;"PONTA GROSSA";"Objeto estático sobre o leito carroçável";"Queda de ocupante de veículo";"Com Vítimas Feridas";"Amanhecer";"Crescente";"Céu Claro";"Dupla";"Reta";"Não";1;0;1;0;0;0;1;1;-25,12767854;-50,17658472;"SPRF-PR";"DEL03-PR";"UOP04-DEL03-PR"
219840;2019-07-04;"quinta-feira";"17:30:00";"AP";210;2,5;"MACAPA";"Desobediência às normas de trânsito pelo condutor";"Colisão transversal";"Com Vítimas Feridas";"Pleno dia";"Decrescente";"Céu Claro";"Simples";"Reta";"Sim";2;0;2;0;0;0;2;2;0,08282017;-51,07776189;"SPRF-AP";"DEL01-AP";"UOP01-DEL01-AP"
219841;2019-07-04;"quinta-feira";"17:30:00";"DF";20;8,8;"BRASILIA";"Desobediência às normas de trânsito pelo condutor";"Colisão traseira";"Sem Vítimas";"Pleno dia";"Crescente";"Céu Claro";"Dupla";"Retorno Regulamentado;Aclive;Reta";"Sim";2;0;0;0;2;0;0;2;-15,658386;-47,791534;"SPRF-DF";"DEL02-DF";"UOP01-DEL02-DF"
219845;2019-07-04;"quinta-feira";"17:25:00";"PE";232;132,4;"CARUARU";"Falta de Atenção à Condução";"Colisão traseira";"Com Vítimas Feridas";"Pleno dia";"Decrescente";"Céu Claro";"Dupla";"Reta";"Sim";3;0;1;0;2;0;1;2;-8,3036244;-36,00710089;"SPRF-PE";"DEL02-PE";"UOP03-DEL02-PE"
219847;2019-07-04;"quinta-feira";"17:30:00";"MT";70;84,8;"GENERAL CARNEIRO";"Falta de Atenção à Condução";"Saída de leito carroçável";"Com Vítimas Feridas";"Pleno dia";"Decrescente";"Sol";"Simples";"Curva";"Não";1;0;1;0;0;0;1;1;-15,62211981;-52,83378091;"SPRF-MT";"DEL07-MT";"UOP01-DEL07-MT"
219848;2019-07-04;"quinta-feira";"17:30:00";"PR";476;151;"ARAUCARIA";"Não guardar distância de segurança";"Colisão traseira";"Com Vítimas Feridas";"Anoitecer";"Crescente";"Nublado";"Simples";"Interseção de Vias";"Sim";3;0;0;1;1;1;1;3;-25,563601;-49,377041;"SPRF-PR";"DEL01-PR";"UOP06-DEL01-PR"
219849;2019-06-14;"sexta-feira";"07:00:00";"BA";324;623;"SALVADOR";"Falta de Atenção à Condução";"Queda de ocupante de veículo";"Com Vítimas Feridas";"Pleno dia";"Crescente";"Ignorado";"Múltipla";"Reta";"Sim";1;0;1;0;0;0;1;1;-12,94308521;-38,47063154;"SPRF-BA";"DEL01-BA";"UOP01-DEL01-BA"
219850;2019-07-04;"quinta-feira";"08:10:00";"PB";230;455;"SOUSA";"Falta de Atenção à Condução";"Colisão com objeto estático";"Com Vítimas Feridas";"Pleno dia";"Decrescente";"Céu Claro";"Simples";"Reta";"Não";2;0;0;1;1;0;1;2;-6,7808;-38,1546;"SPRF-PB";"DEL03-PB";"UOP03-DEL03-PB"
219851;2019-07-04;"quinta-feira";"18:20:00";"PR";376;170,1;"MARINGA";"Ingestão de Álcool";"Colisão lateral";"Sem Vítimas";"Plena Noite";"Crescente";"Chuva";"Dupla";"Reta;Declive";"Não";2;0;0;0;2;0;0;2;-23,41595703;-51,97950402;"SPRF-PR";"DEL07-PR";"UOP01-DEL09-PR"
219852;2019-07-04;"quinta-feira";"13:47:00";"ES";101;136,6;"LINHARES";"Defeito Mecânico no Veículo";"Tombamento";"Com Vítimas Feridas";"Pleno dia";"Crescente";"Céu Claro";"Simples";"Reta";"Não";2;0;2;0;0;0;2;1;-19,28406301;-40,08688713;"SPRF-ES";"DEL04-ES";"UOP01-DEL04-ES"
219853;2019-07-04;"quinta-feira";"16:15:00";"MG";153;1;"ARAPORA";"Falta de Atenção à Condução";"Colisão transversal";"Com Vítimas Feridas";"Pleno dia";"Decrescente";"Céu Claro";"Dupla";"Reta";"Não";6;0;4;0;2;0;4;2;-18,42608911;-49,19359032;"SPRF-MG";"DEL15-MG";"UOP03-DEL15-MG"
219854;2019-07-04;"quinta-feira";"13:45:00";"MG";381;702;"LAVRAS";"Objeto estático sobre o leito carroçável";"Colisão com objeto estático";"Sem Vítimas";"Pleno dia";"Crescente";"Nublado";"Dupla";"Reta";"Não";1;0;0;0;1;0;0;1;-21,32686224;-45,16839467;"SPRF-MG";"DEL04-MG";"UOP02-DEL04-MG"
219856;2019-07-04;"quinta-feira";"18:30:00";"RS";386;34,4;"FREDERICO WESTPHALEN";"Falta de Atenção do Pedestre";"Atropelamento de Pedestre";"Com Vítimas Feridas";"Anoitecer";"Decrescente";"Céu Claro";"Simples";"Reta";"Sim";2;0;1;0;1;0;1;2;-27,358442;-53,388298;"SPRF-RS";"DEL08-RS";"UOP02-DEL08-RS"
219858;2019-07-04;"quinta-feira";"17:10:00";"RO";319;63,4;"PORTO VELHO";"Desobediência às normas de trânsito pelo condutor";"Colisão traseira";"Com Vítimas Feridas";"Pleno dia";"Crescente";"Céu Claro";"Múltipla";"Interseção de Vias";"Sim";6;0;5;0;1;0;5;3;-8,76107212;-63,88571262;"SPRF-RO";"DEL01-RO";"UOP01-DEL01-RO"
219859;2019-07-04;"quinta-feira";"16:10:00";"GO";40;7,8;"VALPARAISO DE GOIAS";"Velocidade Incompatível";"Colisão traseira";"Com Vítimas Feridas";"Pleno dia";"Crescente";"Céu Claro";"Dupla";"Reta";"Sim";2;0;1;0;1;0;1;2;-16,108482;-47,972524;"SPRF-DF";"DEL01-DF";"UOP01-DEL01-DF"
219860;2019-07-04;"quinta-feira";"18:30:00";"RJ";40;122;"DUQUE DE CAXIAS";"Falta de Atenção à Condução";"Colisão lateral";"Com Vítimas Feridas";"Plena Noite";"Crescente";"Céu Claro";"Dupla";"Reta";"Sim";3;0;1;0;1;1;1;3;-22,79083113;-43,28611569;"SPRF-RJ";"DEL01-RJ";"UOP01-DEL01-RJ"
219861;2019-07-04;"quinta-feira";"16:50:00";"PA";230;127,2;"MARABA";"Desobediência às normas de trânsito pelo condutor";"Colisão frontal";"Com Vítimas Fatais";"Anoitecer";"Decrescente";"Céu Claro";"Simples";"Reta";"Não";3;1;0;0;2;0;0;2;-5,37452497;-49,159719;"SPRF-PA";"DEL03-PA";"UOP01-DEL03-PA"
219862;2019-07-04;"quinta-feira";"19:00:00";"PI";407;424,2;"PICOS";"Falta de Atenção à Condução";"Colisão transversal";"Com Vítimas Feridas";"Plena Noite";"Decrescente";"Céu Claro";"Simples";"Reta";"Sim";3;0;2;1;0;0;3;2;-7,08690699;-41,42819598;"SPRF-PI";"DEL04-PI";"UOP01-DEL04-PI"
219863;2019-07-04;"quinta-feira";"18:15:00";"MT";70;514;"VARZEA GRANDE";"Falta de Atenção à Condução";"Colisão transversal";"Com Vítimas Feridas";"Plena Noite";"Decrescente";"Céu Claro";"Simples";"Reta";"Sim";3;0;1;0;2;0;1;2;-15,70883501;-56,13916576;"SPRF-MT";"DEL01-MT";"DEL2/4-UOP02/MT"
219864;2019-07-04;"quinta-feira";"18:20:00";"RR";174;503;"BOA VISTA";"Desobediência às normas de trânsito pelo condutor";"Colisão transversal";"Com Vítimas Feridas";"Anoitecer";"Decrescente";"Céu Claro";"Dupla";"Reta";"Sim";2;0;1;0;1;0;1;2;2,794901;-60,698441;"SPRF-RR";"DEL01-RR";"UOP01-DEL01-RR"
219865;2019-07-04;"quinta-feira";"18:10:00";"MG";381;869,1;"POUSO ALEGRE";"Desobediência às normas de trânsito pelo condutor";"Colisão transversal";"Com Vítimas Feridas";"Plena Noite";"Decrescente";"Nublado";"Dupla";"Reta;Aclive";"Não";2;0;1;0;0;1;1;2;-22,42671983;-45,97163217;"SPRF-MG";"DEL16-MG";"UOP01-DEL16-MG"
219866;2019-07-04;"quinta-feira";"18:40:00";"PR";277;453,5;"LARANJEIRAS DO SUL";"Falta de Atenção do Pedestre";"Atropelamento de Pedestre";"Com Vítimas Fatais";"Anoitecer";"Crescente";"Céu Claro";"Simples";"Reta";"Sim";3;1;0;0;0;2;0;2;-25,36980336;-52,37913399;"SPRF-PR";"DEL04-PR";"UOP02-DEL04-PR"
219868;2019-07-04;"quinta-feira";"18:50:00";"MS";262;318,8;"CAMPO GRANDE";"Desobediência às normas de trânsito pelo condutor";"Colisão com objeto estático";"Com Vítimas Feridas";"Plena Noite";"Crescente";"Garoa/Chuvisco";"Simples";"Reta";"Não";2;0;1;0;0;1;1;2;-20,47086159;-54,45819198;"SPRF-MS";"DEL01-MS";"UOP01-DEL01-MS"
219869;2019-07-04;"quinta-feira";"19:00:00";"PE";424;4,7;"ARCOVERDE";"Velocidade Incompatível";"Capotamento";"Sem Vítimas";"Plena Noite";"Crescente";"Céu Claro";"Simples";"Reta";"Não";1;0;0;0;0;1;0;1;-8,46099318;-37,04336835;"SPRF-PE";"DEL03-PE";"UOP02-DEL03-PE"
219870;2019-07-04;"quinta-feira";"19:25:00";"BA";367;65,7;"PORTO SEGURO";"Ingestão de Álcool";"Queda de ocupante de veículo";"Com Vítimas Feridas";"Plena Noite";"Crescente";"Céu Claro";"Simples";"Reta";"Não";2;0;2;0;0;0;2;1;-16,39110057;-39,42665978;"SPRF-BA";"DEL09-BA";"UOP01-DEL09-BA"
219871;2019-07-04;"quinta-feira";"19:30:00";"MA";230;402;"BALSAS";"Desobediência às normas de trânsito pelo condutor";"Colisão lateral";"Com Vítimas Feridas";"Plena Noite";"Decrescente";"Céu Claro";"Simples";"Reta";"Sim";2;0;1;0;1;0;1;2;-7,50857084;-46,03158637;"SPRF-MA";"DEL05-MA";"UOP01-DEL05-MA"
219872;2019-07-04;"quinta-feira";"19:40:00";"SP";381;7;"VARGEM";"Mal Súbito";"Colisão com objeto estático";"Com Vítimas Feridas";"Plena Noite";"Crescente";"Chuva";"Dupla";"Reta";"Sim";1;0;1;0;0;0;1;1;-22,90533708;-46,42270582;"SPRF-SP";"DEL03-SP";"UOP02-DEL03-SP"
219873;2019-07-04;"quinta-feira";"18:00:00";"SC";282;520;"XAXIM";"Falta de Atenção à Condução";"Colisão com objeto estático";"Com Vítimas Feridas";"Anoitecer";"Decrescente";"Sol";"Simples";"Curva";"Sim";1;0;1;0;0;0;1;1;-26,950415;-52,526096;"SPRF-SC";"DEL07-SC";"UOP01-DEL07-SC"