"id";"data_inversa";"dia_semana";"horario";"uf";"br";"km";"municipio";"causa_acidente";"tipo_acidente";"classificacao_acidente";"fase_dia";"sentido_via";"condicao_metereologica";"tipo_pista";"tracado_via";"uso_solo";"pessoas";"mortos";"feridos_leves";"feridos_graves";"ilesos";"ignorados";"feridos";"veiculos";"latitude";"longitude";"regional";"delegacia";"uop"
219989;2019-07-05;"sexta-feira";"10:00:00";"SP";381;12,5;"BRAGANCA PAULISTA";"Velocidade Incompatível";"Colisão com objeto estático";"Com Vítimas Feridas";"Pleno dia";"Decrescente";"Garoa/Chuvisco";"Dupla";"Curva";"Não";2;0;1;0;1;0;1;1;-22,92855105;-46,46168398;"SPRF-SP";"DEL03-SP";"UOP02-DEL03-SP"
219990;2019-07-05;"sexta-feira";"07:10:00";"MG";381;938;"EXTREMA";"Velocidade Incompatível";"Saída de leito carroçável";"Com Vítimas Feridas";"Pleno dia";"Crescente";"Chuva";"Dupla";"Reta";"Não";1;0;1;0;0;0;1;1;-22,83909203;-46,32850893;"SPRF-MG";"DEL16-MG";"UOP03-DEL16-MG"
219991;2019-07-05;"sexta-feira";"08:00:00";"RJ";40;84;"PETROPOLIS";"Pista Escorregadia";"Colisão com objeto estático";"Sem Vítimas";"Pleno dia";"Crescente";"Chuva";"Simples";"Curva";"Não";1;0;0;0;1;0;0;1;-22,52145512;-43,23707996;"SPRF-RJ";"DEL06-RJ";"UOP01-DEL06-RJ"
219992;2019-07-05;"sexta-feira";"10:00:00";"MT";70;91,7;"GENERAL CARNEIRO";"Velocidade Incompatível";"Saída de leito carroçável";"Sem Vítimas";"Pleno dia";"Decrescente";"Garoa/Chuvisco";"Simples";"Curva";"Não";3;0;0;0;3;0;0;1;-15,58345394;-52,87296884;"SPRF-MT";"DEL07-MT";"UOP01-DEL07-MT"
219995;2019-07-05;"sexta-feira";"09:35:00";"MT";163;964,8;"NOVA SANTA HELENA";"Falta de Atenção à Condução";"Saída de leito carroçável";"Sem Vítimas";"Pleno dia";"Crescente";"Sol";"Simples";"Reta";"Não";4;0;0;0;4;0;0;1;-10,89822496;-55,19905884;"SPRF-MT";"DEL06-MT";"UOP02-DEL06-MT"
219996;2019-07-05;"sexta-feira";"11:00:00";"MG";381;530,9;"ITATIAIUCU";"Velocidade Incompatível";"Saída de leito carroçável";"Com Vítimas Feridas";"Pleno dia";"Decrescente";"Nublado";"Dupla";"Curva";"Não";3;0;1;0;2;0;1;1;-20,18182886;-44,37895835;"SPRF-MG";"DEL04-MG";"UOP03-DEL04-MG"
220000;2019-07-05;"sexta-feira";"11:00:00";"SP";116;287;"ITAPECERICA DA SERRA";"Falta de Atenção do Pedestre";"Atropelamento de Pedestre";"Com Vítimas Feridas";"Pleno dia";"Decrescente";"Nublado";"Dupla";"Reta";"Sim";2;0;1;1;0;0;2;2;-23,69971827;-46,86752927;"SPRF-SP";"DEL04-SP";"UOP01-DEL04-SP"
220002;2019-07-05;"sexta-feira";"11:45:00";"CE";20;405,5;"CAUCAIA";"Falta de Atenção do Pedestre";"Colisão transversal";"Com Vítimas Feridas";"Pleno dia";"Decrescente";"Céu Claro";"Simples";"Interseção de Vias";"Não";2;0;1;0;1;0;1;2;-3,7740804;-38,6780848;"SPRF-CE";"DEL01-CE";"UOP01-DEL01-CE"
220003;2019-07-05;"sexta-feira";"09:58:00";"GO";70;15,4;"AGUAS LINDAS DE GOIAS";"Falta de Atenção à Condução";"Tombamento";"Com Vítimas Feridas";"Pleno dia";"Crescente";"Céu Claro";"Dupla";"Retorno Regulamentado";"Não";1;0;1;0;0;0;1;1;-15,75578998;-48,33282786;"SPRF-DF";"DEL01-DF";"UOP02-DEL03-DF"
220006;2019-06-14;"sexta-feira";"12:10:00";"PE";101;70;"RECIFE";"Carga excessiva e/ou mal acondicionada";"Danos eventuais";"Sem Vítimas";"Pleno dia";"Crescente";"Nublado";"Dupla";"Reta";"Sim";2;0;0;0;2;0;0;1;-8,06776119;-34,94265074;"SPRF-PE";"DEL01-PE";"UOP01-DEL01-PE"
220008;2019-07-05;"sexta-feira";"11:00:00";"RJ";116;94;"GUAPIMIRIM";"Pista Escorregadia";"Colisão frontal";"Com Vítimas Feridas";"Pleno dia";"Decrescente";"Chuva";"Simples";"Curva";"Não";2;0;0;1;1;0;1;2;-22,46643519;-43,00088701;"SPRF-RJ";"DEL04-RJ";"UOP02-DEL04-RJ"
220009;2019-07-05;"sexta-feira";"10:30:00";"RR";174;504,9;"BOA VISTA";"Falta de Atenção do Pedestre";"Atropelamento de Pedestre";"Com Vítimas Feridas";"Pleno dia";"Decrescente";"Céu Claro";"Dupla";"Reta";"Sim";2;0;1;0;0;1;1;2;2,805228;-60,69153;"SPRF-RR";"DEL01-RR";"UOP01-DEL01-RR"
220010;2019-07-05;"sexta-feira";"11:00:00";"PA";316;62;"CASTANHAL";"Falta de Atenção à Condução";"Saída de leito carroçável";"Com Vítimas Feridas";"Pleno dia";"Crescente";"Céu Claro";"Dupla";"Reta";"Sim";1;0;1;0;0;0;1;1;-1,29786885;-47,93764104;"SPRF-PA";"DEL01-PA";"UOP01-DEL01-PA"
220011;2019-05-20;"segunda-feira";"18:00:00";"PI";343;346,2;"TERESINA";"Falta de Atenção à Condução";"Colisão frontal";"Com Vítimas Feridas";"Anoitecer";"Crescente";"Céu Claro";"Simples";"Curva";"Sim";2;0;0;1;1;0;1;2;-5,110751;-42,770531;"SPRF-PI";"DEL01-PI";"UOP01-DEL01-PI"
220012;2019-07-05;"sexta-feira";"12:50:00";"MG";40;530;"CONTAGEM";"Falta de Atenção à Condução";"Colisão traseira";"Com Vítimas Feridas";"Pleno dia";"Crescente";"Céu Claro";"Dupla";"Reta";"Sim";2;0;1;0;1;0;1;2;-19,92064782;-44,0335681;"SPRF-MG";"DEL01-MG";"UOP02-DEL01-MG"
220013;2019-07-05;"sexta-feira";"10:00:00";"PA";163;1004;"SANTAREM";"Falta de Atenção à Condução";"Colisão lateral";"Com Vítimas Feridas";"Pleno dia";"Decrescente";"Céu Claro";"Dupla";"Reta";"Sim";2;0;1;0;1;0;1;2;-2,43824523;-54,73276577;"SPRF-PA";"DEL05-PA";"UOP01-DEL05-PA"
220014;2019-07-05;"sexta-feira";"12:30:00";"RJ";101;475;"ANGRA DOS REIS";"Pista Escorregadia";"Saída de leito carroçável";"Com Vítimas Feridas";"Pleno dia";"Crescente";"Chuva";"Simples";"Curva";"Sim";2;0;2;0;0;0;2;1;-23,00030529;-44,25655988;"SPRF-RJ";"DEL03-RJ";"UOP03-DEL03-RJ"
220015;2019-07-05;"sexta-feira";"12:55:00";"PR";369;188;"ARAPONGAS";"Falta de Atenção à Condução";"Colisão transversal";"Com Vítimas Feridas";"Pleno dia";"Decrescente";"Sol";"Simples";"Interseção de Vias";"Sim";2;0;1;0;1;0;1;2;-23,43119777;-51,42264605;"SPRF-PR";"DEL07-PR";"UOP03-DEL07-PR"
220017;2019-07-05;"sexta-feira";"10:30:00";"PR";153;370,5;"RIO AZUL";"Falta de Atenção à Condução";"Colisão traseira";"Com Vítimas Feridas";"Pleno dia";"Decrescente";"Céu Claro";"Simples";"Curva";"Não";2;0;0;1;1;0;1;2;-25,741168;-50,80901;"SPRF-PR";"DEL03-PR";"UOP02-DEL08-PR"
220018;2019-07-05;"sexta-feira";"12:50:00";"DF";80;11;"BRASILIA";"Falta de Atenção à Condução";"Colisão com objeto estático";"Com Vítimas Feridas";"Pleno dia";"Crescente";"Nublado";"Simples";"Reta";"Não";2;0;1;0;1;0;1;1;-15,730927;-48,177082;"SPRF-DF";"DEL01-DF";"UOP02-DEL03-DF"
220020;2019-07-05;"sexta-feira";"13:00:00";"PR";116;9;"COLOMBO";"Falta de Atenção à Condução";"Saída de leito carroçável";"Com Vítimas Feridas";"Pleno dia";"Crescente";"Céu Claro";"Simples";"Curva";"Sim";1;0;1;0;0;0;1;1;-25,37064312;-49,12784457;"SPRF-PR";"DEL01-PR";"UOP02-DEL01-PR"
220021;2019-07-05;"sexta-feira";"13:00:00";"RS";386;32,8;"FREDERICO WESTPHALEN";"Desobediência às normas de trânsito pelo condutor";"Colisão transversal";"Com Vítimas Feridas";"Pleno dia";"Decrescente";"Sol";"Simples";"Reta";"Sim";2;0;0;1;1;0;1;2;-27,341396;-53,387527;"SPRF-RS";"DEL08-RS";"UOP02-DEL08-RS"
220022;2019-07-05;"sexta-feira";"13:00:00";"SC";101;139;"BALNEARIO CAMBORIU";"Falta de Atenção à Condução";"Tombamento";"Com Vítimas Feridas";"Pleno dia";"Decrescente";"Céu Claro";"Dupla";"Reta";"Sim";1;0;1;0;0;0;1;1;-27,02982303;-48,60115006;"SPRF-SC";"DEL04-SC";"UOP03-DEL04-SC"
220023;2019-06-13;"quinta-feira";"03:00:00";"MA";230;379,2;"BALSAS";"Desobediência às normas de trânsito pelo condutor";"Saída de leito carroçável";"Com Vítimas Fatais";"Amanhecer";"Decrescente";"Céu Claro";"Simples";"Declive;Reta";"Não";3;3;0;0;0;0;0;1;-7,31931709;-45,94802282;"SPRF-MA";"DEL05-MA";"UOP01-DEL05-MA"
220024;2019-05-30;"quinta-feira";"10:20:00";"PR";476;127;"CURITIBA";"Pista Escorregadia";"Colisão lateral";"Sem Vítimas";"Pleno dia";"Crescente";"Garoa/Chuvisco";"Múltipla";"Reta";"Sim";2;0;0;0;2;0;0;2;-25,425167;-49,227158;"SPRF-PR";"DEL01-PR";"UOP07-DEL01-PR"
220025;2019-07-05;"sexta-feira";"09:00:00";"CE";116;274,1;"JAGUARIBARA";"Defeito na Via";"Saída de leito carroçável";"Sem Vítimas";"Pleno dia";"Crescente";"Céu Claro";"Simples";"Reta";"Não";1;0;0;0;0;1;0;1;-5,647903;-38,454357;"SPRF-CE";"DEL05-CE";"UOP02-DEL05-CE"
220027;2019-07-05;"sexta-feira";"13:10:00";"RJ";465;4,6;"SEROPEDICA";"Falta de Atenção à Condução";"Colisão transversal";"Com Vítimas Feridas";"Pleno dia";"Crescente";"Nublado";"Simples";"Reta";"Não";2;0;0;1;1;0;1;2;-22,740971;-43,705597;"SPRF-RJ";"DEL01-RJ";"UOP01-DEL01-MS"
220028;2019-07-05;"sexta-feira";"13:50:00";"SP";116;161,9;"JACAREI";"Não guardar distância de segurança";"Colisão traseira";"Com Vítimas Feridas";"Pleno dia";"Decrescente";"Nublado";"Simples";"Reta";"Sim";2;0;1;0;1;0;1;2;-23,28133317;-45,98394689;"SPRF-SP";"DEL02-SP";"UOP01-DEL02-SP"
220030;2019-07-05;"sexta-feira";"13:10:00";"RJ";101;420;"ITAGUAI";"Pista Escorregadia";"Saída de leito carroçável";"Com Vítimas Feridas";"Pleno dia";"Crescente";"Chuva";"Simples";"Curva";"Não";1;0;1;0;0;0;1;1;-22,9189815;-43,92318002;"SPRF-RJ";"DEL03-RJ";"UOP01-DEL03-RJ"
220033;2019-07-05;"sexta-feira";"14:05:00";"SC";101;252,1;"PAULO LOPES";"Desobediência às normas de trânsito pelo condutor";"Colisão transversal";"Com Vítimas Feridas";"Pleno dia";"Crescente";"Céu Claro";"Dupla";"Reta";"Não";2;0;0;1;1;0;1;2;-27,95723367;-48,67703852;"SPRF-SC";"DEL02-SC";"UOP03-DEL02-SC"
220034;2019-07-05;"sexta-feira";"11:35:00";"SC";280;127,5;"RIO NEGRINHO";"Falta de Atenção à Condução";"Colisão transversal";"Com Vítimas Feridas";"Pleno dia";"Decrescente";"Sol";"Simples";"Reta";"Sim";3;0;2;0;1;0;2;2;-26,23943953;-49,50420708;"SPRF-SC";"DEL06-SC";"UOP03-DEL06-SC"
220035;2019-07-05;"sexta-feira";"14:40:00";"SP";116;212,3;"GUARULHOS";"Mal Súbito";"Colisão com objeto estático";"Com Vítimas Feridas";"Pleno dia";"Decrescente";"Nublado";"Simples";"Reta";"Não";1;0;1;0;0;0;1;1;-23,43608315;-46,42805094;"SPRF-SP";"DEL01-SP";"UOP01-DEL01-SP"
220038;2019-07-05;"sexta-feira";"14:10:00";"BA";116;823;"VITORIA DA CONQUISTA";"Falta de Atenção à Condução";"Colisão traseira";"Sem Vítimas";"Pleno dia";"Crescente";"Céu Claro";"Dupla";"Reta";"Sim";2;0;0;0;2;0;0;2;-14,8079923;-40,78877284;"SPRF-BA";"DEL08-BA";"UOP01-DEL08-BA"
220040;2019-07-05;"sexta-feira";"13:10:00";"RJ";116;228;"PIRAI";"Pista Escorregadia";"Colisão com objeto estático";"Com Vítimas Feridas";"Pleno dia";"Decrescente";"Chuva";"Simples";"Curva";"Não";1;0;1;0;0;0;1;1;-22,660623;-43,82667;"SPRF-RJ";"DEL07-RJ";"UOP01-DEL07-RJ"
220043;2019-07-05;"sexta-feira";"14:45:00";"SC";470;70,9;"INDAIAL";"Desobediência às normas de trânsito pelo condutor";"Colisão transversal";"Com Vítimas Feridas";"Pleno dia";"Decrescente";"Sol";"Simples";"Reta";"Sim";3;0;1;0;2;0;1;2;-26,889374;-49,254478;"SPRF-SC";"DEL04-SC";"UOP01-DEL04-SC"
220044;2019-07-04;"quinta-feira";"13:30:00";"GO";153;330;"RIANAPOLIS";"Falta de Atenção à Condução";"Engavetamento";"Sem Vítimas";"Pleno dia";"Decrescente";"Céu Claro";"Simples";"Reta";"Não";6;0;0;0;6;0;0;6;-15,526102;-49,461861;"SPRF-GO";"DEL02-GO";"UOP02-DEL02-GO"
220047;2019-07-05;"sexta-feira";"14:10:00";"MG";381;516,8;"IGARAPE";"Velocidade Incompatível";"Saída de leito carroçável";"Sem Vítimas";"Pleno dia";"Decrescente";"Sol";"Dupla";"Declive;Curva";"Não";1;0;0;0;1;0;0;1;-20,10866993;-44,31488799;"SPRF-MG";"DEL01-MG";"UOP03-DEL01-MG"
220053;2019-07-05;"sexta-feira";"14:50:00";"CE";116;37;"HORIZONTE";"Condutor Dormindo";"Saída de leito carroçável";"Com Vítimas Feridas";"Pleno dia";"Crescente";"Céu Claro";"Dupla";"Reta";"Não";1;0;1;0;0;0;1;1;-4,07003597;-38,50180289;"SPRF-CE";"DEL01-CE";"UOP02-DEL01-CE"
220054;2019-07-05;"sexta-feira";"15:10:00";"SE";101;183;"UMBAUBA";"Falta de Atenção do Pedestre";"Atropelamento de Pedestre";"Com Vítimas Feridas";"Pleno dia";"Crescente";"Céu Claro";"Simples";"Reta;Interseção de Vias";"Sim";2;0;1;0;1;0;1;2;-11,37900039;-37,6630326;"SPRF-SE";"DEL02-SE";"UOP03-DEL02-SE"
220055;2019-07-05;"sexta-feira";"14:50:00";"PR";158;535;"PATO BRANCO";"Desobediência às normas de trânsito pelo condutor";"Colisão frontal";"Com Vítimas Feridas";"Pleno dia";"Decrescente";"Céu Claro";"Simples";"Reta";"Sim";2;0;1;0;1;0;1;2;-26,23547098;-52,69066504;"SPRF-PR";"DEL02-PR";"UOP01-DEL02-PR"
220056;2019-07-05;"sexta-feira";"14:40:00";"RJ";393;239,5;"VASSOURAS";"Velocidade Incompatível";"Saída de leito carroçável";"Com Vítimas Feridas";"Pleno dia";"Decrescente";"Chuva";"Simples";"Curva";"Não";1;0;1;0;0;0;1;1;-22,40800571;-43,67023264;"SPRF-RJ";"DEL05-RJ";"UOP03-DEL05-RJ"
220057;2019-07-05;"sexta-feira";"14:50:00";"RJ";101;480;"ANGRA DOS REIS";"Pista Escorregadia";"Capotamento";"Com Vítimas Feridas";"Pleno dia";"Crescente";"Chuva";"Simples";"Declive";"Não";1;0;1;0;0;0;1;1;-23,01331268;-44,28361913;"SPRF-RJ";"DEL03-RJ";"UOP03-DEL03-RJ"
220058;2019-07-05;"sexta-feira";"08:30:00";"RO";435;30;"VILHENA";"Desobediência às normas de trânsito pelo condutor";"Colisão frontal";"Com Vítimas Feridas";"Pleno dia";"Crescente";"Céu Claro";"Simples";"Reta";"Não";4;0;3;1;0;0;4;2;-12,80555602;-60,36683793;"SPRF-RO";"DEL04-RO";"UOP02-DEL04-RO"
220060;2019-05-26;"domingo";"18:40:00";"MG";381;386;"SAO GONCALO DO RIO ABAIXO";"Falta de Atenção do Pedestre";"Atropelamento de Pedestre";"Com Vítimas Feridas";"Anoitecer";"Decrescente";"Céu Claro";"Simples";"Reta";"Sim";2;0;0;1;1;0;1;2;-19,83106215;-43,35663352;"SPRF-MG";"DEL01-MG";"UOP01-DEL01-MG"
220063;2019-06-03;"segunda-feira";"17:50:00";"SC";282;3;"FLORIANOPOLIS";"Não guardar distância de segurança";"Colisão lateral";"Com Vítimas Feridas";"Plena Noite";"Crescente";"Céu Claro";"Dupla";"Curva";"Sim";3;0;2;0;1;0;2;3;-27,600384;-48,599705;"SPRF-SC";"DEL01-SC";"UOP01-DEL01-SC"
220066;2019-07-05;"sexta-feira";"10:00:00";"BA";20;188;"LUIS EDUARDO MAGALHAES";"Defeito Mecânico no Veículo";"Saída de leito carroçável";"Com Vítimas Feridas";"Pleno dia";"Crescente";"Céu Claro";"Simples";"Reta";"Não";4;0;1;0;3;0;1;1;-12;-45,848594;"SPRF-BA";"DEL10-BA";"UOP01-DEL10-BA"
220067;2019-07-05;"sexta-feira";"15:40:00";"MG";267;200,7;"BOM JARDIM DE MINAS";"Pista Escorregadia";"Saída de leito carroçável";"Com Vítimas Feridas";"Pleno dia";"Decrescente";"Ignorado";"Simples";"Declive;Reta";"Não";4;0;4;0;0;0;4;1;-21,93311108;-44,08851501;"SPRF-MG";"DEL05-MG";"UOP01-DEL05-MG"
220068;2019-07-05;"sexta-feira";"14:30:00";"RO";364;711;"PORTO VELHO";"Desobediência às normas de trânsito pelo condutor";"Colisão lateral";"Com Vítimas Feridas";"Pleno dia";"Crescente";"Céu Claro";"Dupla";"Interseção de Vias";"Sim";1;0;1;0;0;0;1;1;-8,78153947;-63,86531369;"SPRF-RO";"DEL01-RO";"UOP01-DEL01-RO"
220070;2019-07-05;"sexta-feira";"14:30:00";"RJ";40;41,5;"AREAL";"Pista Escorregadia";"Saída de leito carroçável";"Com Vítimas Feridas";"Pleno dia";"Decrescente";"Chuva";"Dupla";"Reta";"Não";1;0;1;0;0;0;1;1;-22,24770805;-43,10581955;"SPRF-RJ";"DEL06-RJ";"UOP02-DEL05-RJ"
220074;2019-07-05;"sexta-feira";"15:15:00";"MT";163;759;"SORRISO";"Pista Escorregadia";"Saída de leito carroçável";"Com Vítimas Feridas";"Pleno dia";"Crescente";"Chuva";"Dupla";"Reta";"Sim";1;0;1;0;0;0;1;1;-12,49991;-55,688839;"SPRF-MT";"DEL06-MT";"UOP01-DEL06-MT"
220075;2019-07-05;"sexta-feira";"16:30:00";"GO";40;3,3;"VALPARAISO DE GOIAS";"Falta de Atenção à Condução";"Colisão traseira";"Com Vítimas Feridas";"Anoitecer";"Decrescente";"Nublado";"Dupla";"Aclive";"Não";2;0;1;0;1;0;1;2;-16,076081;-47,985671;"SPRF-DF";"DEL01-DF";"UOP01-DEL01-DF"
220076;2019-07-05;"sexta-feira";"16:00:00";"RS";285;122,6;"VACARIA";"Ingestão de Álcool";"Colisão transversal";"Sem Vítimas";"Pleno dia";"Crescente";"Céu Claro";"Simples";"Reta";"Sim";3;0;0;0;2;1;0;3;-28,505535;-50,944073;"SPRF-RS";"DEL05-RS";"UOP03-DEL05-RS"
220077;2019-06-09;"domingo";"16:24:00";"SC";470;13,3;"NAVEGANTES";"Ingestão de Álcool";"Colisão transversal";"Com Vítimas Feridas";"Pleno dia";"Crescente";"Céu Claro";"Simples";"Curva";"Não";7;0;5;1;1;0;6;3;-26,839108;-48,766262;"SPRF-SC";"DEL04-SC";"UOP04-DEL04-SC"
220078;2019-07-05;"sexta-feira";"16:00:00";"PE";101;76;"JABOATAO DOS GUARARAPES";"Mal Súbito";"Queda de ocupante de veículo";"Com Vítimas Fatais";"Plena Noite";"Crescente";"Céu Claro";"Dupla";"Reta";"Sim";1;1;0;0;0;0;0;1;-8,11813811;-34,94329214;"SPRF-PE";"DEL01-PE";"UOP01-DEL01-PE"
220079;2019-07-05;"sexta-feira";"16:30:00";"PR";376;347;"ORTIGUEIRA";"Falta de Atenção à Condução";"Colisão transversal";"Com Vítimas Feridas";"Pleno dia";"Decrescente";"Céu Claro";"Simples";"Curva";"Não";2;0;1;0;1;0;1;2;-24,20079803;-50,9485817;"SPRF-PR";"DEL07-PR";"UOP02-DEL07-PR"
220081;2019-07-05;"sexta-feira";"16:30:00";"BA";101;876;"CARAVELAS";"Falta de Atenção à Condução";"Queda de ocupante de veículo";"Com Vítimas Feridas";"Pleno dia";"Decrescente";"Céu Claro";"Simples";"Reta";"Não";1;0;1;0;0;0;1;1;-17,73590399;-39,7662979;"SPRF-BA";"DEL09-BA";"UOP02-DEL09-BA"
220085;2019-07-05;"sexta-feira";"08:50:00";"MG";381;769,6;"CAMPANHA";"Velocidade Incompatível";"Saída de leito carroçável";"Com Vítimas Feridas";"Pleno dia";"Decrescente";"Chuva";"Dupla";"Curva";"Não";1;0;1;0;0;0;1;1;-21,75940688;-45,40832499;"SPRF-MG";"DEL16-MG";"UOP02-DEL16-MG"
220088;2019-07-05;"sexta-feira";"16:30:00";"MS";60;174;"CAMAPUA";"Ingestão de Álcool";"Saída de leito carroçável";"Com Vítimas Feridas";"Anoitecer";"Crescente";"Nublado";"Simples";"Reta";"Não";2;0;0;2;0;0;2;1;-19,4358381;-53,7588501;"SPRF-MS";"DEL06-MS";"UOP02-DEL06-MS"
220089;2019-07-05;"sexta-feira";"17:30:00";"RN";226;3;"NATAL";"Desobediência às normas de trânsito pelo condutor";"Colisão transversal";"Com Vítimas Feridas";"Pleno dia";"Crescente";"Céu Claro";"Simples";"Reta";"Sim";2;0;1;0;1;0;1;2;-5,82085671;-35,25187091;"SPRF-RN";"DEL01-RN";"UOP02-DEL01-RN"
220091;2019-07-05;"sexta-feira";"17:30:00";"PB";230;17,9;"JOAO PESSOA";"Falta de Atenção à Condução";"Colisão traseira";"Com Vítimas Feridas";"Anoitecer";"Crescente";"Céu Claro";"Dupla";"Reta";"Sim";4;0;2;0;2;0;2;3;-7,1121;-34,8426;"SPRF-PB";"DEL01-PB";"UOP01-DEL01-PB"
220092;2019-07-05;"sexta-feira";"17:50:00";"PR";369;140;"IBIPORA";"Falta de Atenção à Condução";"Colisão transversal";"Com Vítimas Feridas";"Anoitecer";"Crescente";"Céu Claro";"Simples";"Declive;Reta";"Sim";3;0;1;2;0;0;3;3;-23,27931987;-51,0672909;"SPRF-PR";"DEL07-PR";"UOP01-DEL07-PR"
220093;2019-07-05;"sexta-feira";"16:50:00";"SP";116;300;"SAO LOURENCO DA SERRA";"Velocidade Incompatível";"Capotamento";"Com Vítimas Feridas";"Anoitecer";"Decrescente";"Garoa/Chuvisco";"Dupla";"Curva";"Não";2;0;1;0;1;0;1;1;-23,80425272;-46,92143625;"SPRF-SP";"DEL04-SP";"UOP01-DEL04-SP"
220096;2019-07-05;"sexta-feira";"18:00:00";"PR";376;179;"MARINGA";"Falta de Atenção à Condução";"Colisão transversal";"Com Vítimas Feridas";"Plena Noite";"Crescente";"Céu Claro";"Múltipla";"Reta;Retorno Regulamentado";"Sim";2;0;1;0;1;0;1;2;-23,42244278;-51,90360392;"SPRF-PR";"DEL07-PR";"UOP01-DEL09-PR"
220098;2019-07-05;"sexta-feira";"17:50:00";"SE";101;72,5;"MARUIM";"Desobediência às normas de trânsito pelo condutor";"Capotamento";"Com Vítimas Feridas";"Plena Noite";"Crescente";"Céu Claro";"Dupla";"Em Obras";"Não";3;0;0;2;1;0;2;1;-10,74969633;-37,0990116;"SPRF-SE";"DEL01-SE";"UOP01-DEL01-SE"
220099;2019-07-05;"sexta-feira";"13:40:00";"RJ";356;10,4;"ITAPERUNA";"Velocidade Incompatível";"Saída de leito carroçável";"Com Vítimas Feridas";"Pleno dia";"Decrescente";"Céu Claro";"Simples";"Curva";"Sim";2;0;1;1;0;0;2;1;-21,17503248;-42,09717594;"SPRF-RJ";"DEL08-RJ";"UOP03-DEL08-RJ"
220100;2019-07-05;"sexta-feira";"18:00:00";"DF";60;4,5;"BRASILIA";"Não guardar distância de segurança";"Colisão lateral";"Com Vítimas Feridas";"Plena Noite";"Crescente";"Garoa/Chuvisco";"Dupla";"Reta";"Sim";2;0;1;0;1;0;1;2;-15,892721;-48,095741;"SPRF-DF";"DEL01-DF";"UOP01-DEL03-DF"
220101;2019-07-05;"sexta-feira";"17:30:00";"MG";116;620,6;"ORIZANIA";"Animais na Pista";"Atropelamento de Animal";"Com Vítimas Feridas";"Anoitecer";"Crescente";"Céu Claro";"Simples";"Reta";"Não";3;0;2;0;1;0;2;2;-20,49749893;-42,18810811;"SPRF-MG";"DEL07-MG";"UOP03-DEL07-MG"
220104;2019-07-05;"sexta-feira";"18:50:00";"RN";405;114,5;"TABOLEIRO GRANDE";"Falta de Atenção à Condução";"Colisão frontal";"Com Vítimas Fatais";"Plena Noite";"Decrescente";"Céu Claro";"Simples";"Reta";"Não";2;1;0;0;0;1;0;2;-5,86940814;-38,01985489;"SPRF-RN";"DEL04-RN";"UOP02-DEL04-RN"
220105;2019-07-05;"sexta-feira";"17:00:00";"RJ";40;1;"COMENDADOR LEVY GASPARIAN";"Pista Escorregadia";"Capotamento";"Com Vítimas Feridas";"Anoitecer";"Decrescente";"Chuva";"Simples";"Curva";"Não";4;0;2;0;2;0;2;1;-22,01067195;-43,25892193;"SPRF-RJ";"DEL06-RJ";"UOP02-DEL05-RJ"
220106;2019-07-05;"sexta-feira";"17:10:00";"MA";222;209;"ITAPECURU MIRIM";"Falta de Atenção à Condução";"Colisão transversal";"Com Vítimas Feridas";"Pleno dia";"Decrescente";"Céu Claro";"Simples";"Reta";"Sim";2;0;1;0;1;0;1;2;-3,38508169;-44,3690367;"SPRF-MA";"DEL01-MA";"UOP02-DEL01-MA"
220108;2019-07-05;"sexta-feira";"17:40:00";"RN";110;47,5;"MOSSORO";"Falta de Atenção à Condução";"Colisão lateral";"Com Vítimas Feridas";"Anoitecer";"Crescente";"Sol";"Simples";"Reta";"Sim";2;0;1;0;0;1;1;2;-5,20338376;-37,32563418;"SPRF-RN";"DEL04-RN";"UOP01-DEL04-RN"
220109;2019-07-05;"sexta-feira";"18:50:00";"BA";101;8,7;"RIO REAL";"Defeito na Via";"Queda de ocupante de veículo";"Com Vítimas Feridas";"Plena Noite";"Crescente";"Céu Claro";"Simples";"Desvio Temporário";"Não";1;0;0;1;0;0;1;1;-11,60539795;-37,88039716;"SPRF-SE";"DEL02-SE";"UOP03-DEL02-SE"
220110;2019-07-05;"sexta-feira";"19:10:00";"SC";101;215;"PALHOCA";"Desobediência às normas de trânsito pelo condutor";"Colisão frontal";"Com Vítimas Feridas";"Plena Noite";"Decrescente";"Céu Claro";"Múltipla";"Interseção de Vias";"Sim";2;0;1;0;1;0;1;2;-27,65184843;-48,67604941;"SPRF-SC";"DEL01-SC";"UOP02-DEL01-SC"
220112;2019-07-05;"sexta-feira";"19:12:00";"GO";40;7,5;"VALPARAISO DE GOIAS";"Pista Escorregadia";"Queda de ocupante de veículo";"Com Vítimas Feridas";"Plena Noite";"Crescente";"Garoa/Chuvisco";"Dupla";"Reta";"Sim";1;0;1;0;0;0;1;1;-16,108482;-47,972524;"SPRF-DF";"DEL01-DF";"UOP01-DEL01-DF"
220113;2019-07-05;"sexta-feira";"18:00:00";"MT";364;197;"RONDONOPOLIS";"Ingestão de Álcool";"Colisão traseira";"Com Vítimas Feridas";"Plena Noite";"Crescente";"Céu Claro";"Simples";"Reta";"Não";2;0;1;0;1;0;1;2;-16,51125876;-54,61517884;"SPRF-MT";"DEL02-MT";"UOP01-DEL02-MT"
220116;2019-07-05;"sexta-feira";"17:45:00";"ES";101;205,6;"JOAO NEIVA";"Mal Súbito";"Saída de leito carroçável";"Com Vítimas Feridas";"Anoitecer";"Crescente";"Nublado";"Simples";"Reta";"Sim";1;0;1;0;0;0;1;1;-19,75823196;-40,3795009;"SPRF-ES";"DEL02-ES";"UOP01-DEL02-ES"