"id";"data_inversa";"dia_semana";"horario";"uf";"br";"km";"municipio";"causa_acidente";"tipo_acidente";"classificacao_acidente";"fase_dia";"sentido_via";"condicao_metereologica";"tipo_pista";"tracado_via";"uso_solo";"pessoas";"mortos";"feridos_leves";"feridos_graves";"ilesos";"ignorados";"feridos";"veiculos";"latitude";"longitude";"regional";"delegacia";"uop"
220117;2019-07-05;"sexta-feira";"18:05:00";"RJ";101;58;"CAMPOS DOS GOYTACAZES";"Falta de Atenção à Condução";"Colisão transversal";"Com Vítimas Feridas";"Plena Noite";"Decrescente";"Céu Claro";"Simples";"Interseção de Vias";"Sim";2;0;1;0;1;0;1;2;-21,70488703;-41,30979616;"SPRF-RJ";"DEL08-RJ";"UOP01-DEL08-RJ"
220118;2019-07-05;"sexta-feira";"18:38:00";"GO";40;9,1;"LUZIANIA";"Pista Escorregadia";"Saída de leito carroçável";"Com Vítimas Feridas";"Plena Noite";"Decrescente";"Garoa/Chuvisco";"Dupla";"Reta";"Sim";3;0;1;0;2;0;1;1;-16,131158;-47,957739;"SPRF-DF";"DEL01-DF";"UOP01-DEL01-DF"
220119;2019-07-05;"sexta-feira";"19:35:00";"RN";101;94;"NATAL";"Falta de Atenção à Condução";"Colisão lateral";"Com Vítimas Feridas";"Plena Noite";"Crescente";"Céu Claro";"Múltipla";"Reta";"Sim";3;0;1;0;1;1;1;3;-5,83176615;-35,21191342;"SPRF-RN";"DEL01-RN";"UOP01-DEL01-RN"
220121;2019-07-05;"sexta-feira";"17:50:00";"RS";290;638;"URUGUAIANA";"Restrição de Visibilidade";"Saída de leito carroçável";"Com Vítimas Feridas";"Pleno dia";"Crescente";"Sol";"Simples";"Reta";"Não";3;0;0;1;2;0;1;1;-30,01735946;-56,29799938;"SPRF-RS";"DEL13-RS";"UOP02-DEL13-RS"
220122;2019-07-05;"sexta-feira";"18:47:00";"GO";40;9,1;"LUZIANIA";"Não guardar distância de segurança";"Engavetamento";"Com Vítimas Feridas";"Plena Noite";"Decrescente";"Garoa/Chuvisco";"Dupla";"Reta";"Sim";8;0;1;0;7;0;1;4;-16,131158;-47,957739;"SPRF-DF";"DEL01-DF";"UOP01-DEL01-DF"
220123;2019-07-05;"sexta-feira";"18:10:00";"TO";153;502,7;"PARAISO DO TOCANTINS";"Desobediência às normas de trânsito pelo condutor";"Colisão lateral";"Com Vítimas Feridas";"Anoitecer";"Decrescente";"Céu Claro";"Simples";"Aclive;Reta";"Não";2;0;1;0;0;1;1;2;-10,21850698;-48,87509017;"SPRF-TO";"DEL02-TO";"UOP01-DEL01-TO"
220124;2019-07-05;"sexta-feira";"18:50:00";"ES";101;379,1;"ICONHA";"Falta de Atenção à Condução";"Tombamento";"Com Vítimas Feridas";"Plena Noite";"Decrescente";"Nublado";"Simples";"Curva";"Não";2;0;2;0;0;0;2;2;-20,80192814;-40,82798487;"SPRF-ES";"DEL03-ES";"UOP01-DEL03-ES"
220126;2019-07-05;"sexta-feira";"19:50:00";"SC";470;135,5;"RIO DO SUL";"Falta de Atenção do Pedestre";"Atropelamento de Pedestre";"Com Vítimas Feridas";"Plena Noite";"Crescente";"Céu Claro";"Simples";"Reta";"Sim";2;0;1;1;0;0;2;2;-27,19341873;-49,6234417;"SPRF-SC";"DEL04-SC";"UOP02-DEL04-SC"
220128;2019-07-05;"sexta-feira";"19:30:00";"SC";101;402,5;"MARACAJA";"Falta de Atenção à Condução";"Saída de leito carroçável";"Com Vítimas Feridas";"Plena Noite";"Decrescente";"Céu Claro";"Dupla";"Reta";"Não";1;0;1;0;0;0;1;1;-28,88219141;-49,46044989;"SPRF-SC";"DEL02-SC";"UOP02-DEL02-SC"
220129;2019-07-05;"sexta-feira";"18:40:00";"MS";262;396,5;"TERENOS";"Desobediência às normas de trânsito pelo condutor";"Colisão lateral";"Com Vítimas Feridas";"Plena Noite";"Crescente";"Céu Claro";"Simples";"Reta";"Não";4;0;1;0;2;1;1;2;-20,42371748;-54,98258305;"SPRF-MS";"DEL01-MS";"UOP03-DEL01-MS"
220130;2019-07-05;"sexta-feira";"16:15:00";"SP";116;477;"JACUPIRANGA";"Desobediência às normas de trânsito pelo condutor";"Colisão transversal";"Com Vítimas Feridas";"Pleno dia";"Decrescente";"Nublado";"Dupla";"Interseção de Vias";"Sim";2;0;1;0;1;0;1;2;-24,69842695;-48,00304804;"SPRF-SP";"DEL05-SP";"UAP01-DEL05-SP"
220131;2019-07-05;"sexta-feira";"19:00:00";"RJ";40;84;"PETROPOLIS";"Pista Escorregadia";"Colisão com objeto estático";"Com Vítimas Feridas";"Plena Noite";"Decrescente";"Chuva";"Simples";"Curva";"Não";2;0;1;0;1;0;1;1;-22,52145512;-43,23707996;"SPRF-RJ";"DEL06-RJ";"UOP01-DEL06-RJ"
220132;2019-07-05;"sexta-feira";"20:10:00";"RJ";116;167,9;"SAO JOAO DE MERITI";"Falta de Atenção à Condução";"Colisão lateral";"Com Vítimas Feridas";"Plena Noite";"Crescente";"Céu Claro";"Dupla";"Reta";"Sim";3;0;1;1;1;0;2;2;-22,81803977;-43,30787252;"SPRF-RJ";"DEL01-RJ";"UOP02-DEL01-RJ"
220133;2019-07-05;"sexta-feira";"19:55:00";"PR";376;174,5;"MARINGA";"Falta de Atenção do Pedestre";"Queda de ocupante de veículo";"Com Vítimas Feridas";"Plena Noite";"Decrescente";"Céu Claro";"Dupla";"Reta;Interseção de Vias";"Sim";1;0;1;0;0;0;1;1;-23,41599;-51,95486;"SPRF-PR";"DEL07-PR";"UOP01-DEL09-PR"
220134;2019-07-05;"sexta-feira";"19:30:00";"SP";116;228;"SAO PAULO";"Ingestão de Álcool";"Colisão traseira";"Sem Vítimas";"Plena Noite";"Decrescente";"Céu Claro";"Múltipla";"Reta";"Sim";3;0;0;0;2;1;0;3;-23,50343484;-46,56638712;"SPRF-SP";"DEL01-SP";"UOP01-DEL01-SP"
220135;2019-07-05;"sexta-feira";"19:45:00";"PR";277;76,9;"SAO JOSE DOS PINHAIS";"Animais na Pista";"Atropelamento de Animal";"Com Vítimas Feridas";"Plena Noite";"Crescente";"Céu Claro";"Dupla";"Reta";"Sim";5;0;3;0;2;0;3;2;-25,51327981;-49,12433291;"SPRF-PR";"DEL01-PR";"UOP01-DEL01-PR"
220136;2019-07-05;"sexta-feira";"18:50:00";"PB";230;8,1;"CABEDELO";"Falta de Atenção à Condução";"Colisão lateral";"Com Vítimas Feridas";"Plena Noite";"Decrescente";"Céu Claro";"Dupla";"Reta;Desvio Temporário";"Sim";2;0;0;1;1;0;1;2;-7,0355;-34,8429;"SPRF-PB";"DEL01-PB";"UOP01-DEL01-PB"
220137;2019-07-05;"sexta-feira";"19:40:00";"RJ";40;105;"DUQUE DE CAXIAS";"Falta de Atenção à Condução";"Colisão frontal";"Com Vítimas Feridas";"Plena Noite";"Crescente";"Chuva";"Simples";"Aclive;Interseção de Vias";"Sim";2;0;1;0;1;0;1;2;-22,63784806;-43,28428824;"SPRF-RJ";"DEL01-RJ";"UOP01-DEL01-RJ"
220138;2019-07-05;"sexta-feira";"20:10:00";"RS";0;0;"ELDORADO DO SUL";"Falta de Atenção à Condução";"Colisão transversal";"Com Vítimas Feridas";"Plena Noite";"Não Informado";"Nublado";"Simples";"Rotatória";"Sim";3;0;2;0;1;0;2;2;-30,00200592;-51,30700177;"SPRF-RS";"DEL02-RS";"UOP01-DEL02-RS"
220139;2019-07-05;"sexta-feira";"20:10:00";"SC";101;223;"PALHOCA";"Defeito Mecânico no Veículo";"Queda de ocupante de veículo";"Com Vítimas Feridas";"Plena Noite";"Crescente";"Céu Claro";"Dupla";"Reta";"Não";1;0;0;1;0;0;1;1;-27,71552634;-48,64881251;"SPRF-SC";"DEL01-SC";"UOP02-DEL01-SC"
220143;2019-07-05;"sexta-feira";"20:45:00";"MG";381;501;"BETIM";"Velocidade Incompatível";"Saída de leito carroçável";"Sem Vítimas";"Plena Noite";"Decrescente";"Céu Claro";"Simples";"Reta;Declive";"Sim";1;0;0;0;0;1;0;1;-20,03146447;-44,2377893;"SPRF-MG";"DEL01-MG";"UOP03-DEL01-MG"
220146;2019-07-05;"sexta-feira";"19:51:00";"MG";40;118,9;"LAGOA GRANDE";"Desobediência às normas de trânsito pelo condutor";"Colisão transversal";"Com Vítimas Feridas";"Plena Noite";"Crescente";"Ignorado";"Simples";"Interseção de Vias";"Não";2;0;1;0;1;0;1;2;-17,66029811;-46,37498617;"SPRF-MG";"DEL14-MG";"UOP01-DEL14-MG"
220148;2019-07-05;"sexta-feira";"21:20:00";"PR";476;144;"CURITIBA";"Não guardar distância de segurança";"Colisão traseira";"Sem Vítimas";"Plena Noite";"Decrescente";"Nevoeiro/Neblina";"Dupla";"Curva";"Sim";2;0;0;0;1;1;0;2;-25,542501;-49,313011;"SPRF-PR";"DEL01-PR";"UOP06-DEL01-PR"
220149;2019-07-05;"sexta-feira";"21:15:00";"MG";116;276;"TEOFILO OTONI";"Falta de Atenção do Pedestre";"Queda de ocupante de veículo";"Com Vítimas Feridas";"Plena Noite";"Crescente";"Céu Claro";"Múltipla";"Reta";"Sim";2;0;2;0;0;0;2;2;-17,85105696;-41,51454492;"SPRF-MG";"DEL11-MG";"UOP01-DEL11-MG"
220151;2019-07-05;"sexta-feira";"19:28:00";"MT";364;440;"VARZEA GRANDE";"Defeito Mecânico no Veículo";"Queda de ocupante de veículo";"Com Vítimas Feridas";"Plena Noite";"Crescente";"Garoa/Chuvisco";"Simples";"Ponte";"Não";2;0;1;0;1;0;1;1;-15,62435938;-56,20571136;"SPRF-MT";"DEL01-MT";"DEL2/4-UOP02/MT"
220152;2019-07-05;"sexta-feira";"21:25:00";"TO";153;138;"ARAGUAINA";"Velocidade Incompatível";"Capotamento";"Com Vítimas Feridas";"Plena Noite";"Decrescente";"Céu Claro";"Simples";"Reta";"Não";1;0;1;0;0;0;1;1;-7,15509994;-48,20416232;"SPRF-TO";"DEL02-TO";"UOP01-DEL02-TO"
220153;2019-07-05;"sexta-feira";"18:30:00";"MS";163;561,4;"BANDEIRANTES";"Defeito Mecânico no Veículo";"Saída de leito carroçável";"Com Vítimas Feridas";"Plena Noite";"Crescente";"Nublado";"Simples";"Reta";"Não";1;0;1;0;0;0;1;1;-19,810752;-54,37116992;"SPRF-MS";"DEL01-MS";"UOP02-DEL01-MS"
220156;2019-07-05;"sexta-feira";"18:00:00";"MS";60;596;"JARDIM";"Animais na Pista";"Atropelamento de Animal";"Com Vítimas Feridas";"Plena Noite";"Decrescente";"Céu Claro";"Simples";"Reta";"Não";1;0;0;1;0;0;1;1;-21,50584002;-56,16465983;"SPRF-MS";"DEL05-MS";"UOP01-DEL05-MS"
220157;2019-07-05;"sexta-feira";"18:25:00";"MT";174;288;"PONTES E LACERDA";"Falta de Atenção à Condução";"Colisão lateral";"Com Vítimas Feridas";"Plena Noite";"Decrescente";"Céu Claro";"Simples";"Reta";"Não";2;0;1;0;1;0;1;2;-15,24685483;-59,31241443;"SPRF-MT";"DEL04-MT";"UOP01-DEL04-MT"
220159;2019-07-05;"sexta-feira";"20:15:00";"MA";10;296;"CIDELANDIA";"Ingestão de Álcool";"Colisão lateral";"Com Vítimas Feridas";"Plena Noite";"Decrescente";"Céu Claro";"Múltipla";"Reta";"Não";2;0;1;0;1;0;1;2;-5,148785;-47,54071;"SPRF-MA";"DEL04-MA";"UOP03-DEL04-MA"
220161;2019-07-05;"sexta-feira";"20:40:00";"RO";364;703,8;"PORTO VELHO";"Falta de Atenção à Condução";"Atropelamento de Pedestre";"Com Vítimas Feridas";"Plena Noite";"Decrescente";"Céu Claro";"Dupla";"Reta";"Não";3;0;3;0;0;0;3;2;-8,80021523;-63,79557792;"SPRF-RO";"DEL01-RO";"UOP01-DEL01-RO"
220165;2019-07-05;"sexta-feira";"16:00:00";"RO";364;106;"PIMENTA BUENO";"Objeto estático sobre o leito carroçável";"Saída de leito carroçável";"Com Vítimas Feridas";"Pleno dia";"Decrescente";"Céu Claro";"Simples";"Reta";"Sim";4;0;2;0;2;0;2;1;-12,23970382;-60,68053067;"SPRF-RO";"DEL04-RO";"DEL21/4-UOP03/RO"
220166;2019-07-05;"sexta-feira";"21:00:00";"MG";40;514,9;"RIBEIRAO DAS NEVES";"Falta de Atenção à Condução";"Saída de leito carroçável";"Com Vítimas Feridas";"Plena Noite";"Crescente";"Céu Claro";"Dupla";"Reta";"Sim";1;0;1;0;0;0;1;1;-19,80744183;-44,09589629;"SPRF-MG";"DEL01-MG";"UOP02-DEL01-MG"
220167;2019-07-05;"sexta-feira";"22:20:00";"GO";153;699;"ITUMBIARA";"Desobediência às normas de trânsito pelo condutor";"Colisão com objeto estático";"Sem Vítimas";"Plena Noite";"Decrescente";"Céu Claro";"Múltipla";"Reta";"Sim";1;0;0;0;1;0;0;1;-18,3862;-49,2076;"SPRF-GO";"DEL03-GO";"UOP02-DEL03-GO"
220170;2019-07-05;"sexta-feira";"22:40:00";"SC";470;67,9;"INDAIAL";"Desobediência às normas de trânsito pelo condutor";"Colisão frontal";"Com Vítimas Feridas";"Plena Noite";"Crescente";"Céu Claro";"Simples";"Reta";"Não";2;0;0;1;1;0;1;2;-26,872158;-49,23127;"SPRF-SC";"DEL04-SC";"UOP01-DEL04-SC"
220174;2019-07-05;"sexta-feira";"21:35:00";"RS";116;25,3;"VACARIA";"Falta de Atenção à Condução";"Colisão transversal";"Com Vítimas Feridas";"Plena Noite";"Decrescente";"Nublado";"Simples";"Reta";"Não";6;0;3;2;1;0;5;2;-28,40611002;-50,85626496;"SPRF-RS";"DEL05-RS";"UOP03-DEL05-RS"
220175;2019-07-05;"sexta-feira";"21:45:00";"PB";230;500,5;"CAJAZEIRAS";"Falta de Atenção do Pedestre";"Atropelamento de Pedestre";"Com Vítimas Fatais";"Plena Noite";"Crescente";"Céu Claro";"Simples";"Reta;Declive";"Sim";2;1;1;0;0;0;1;2;-6,897602;-38,525398;"SPRF-PB";"DEL03-PB";"UOP03-DEL03-PB"
220176;2019-05-26;"domingo";"19:40:00";"SP";116;146;"SAO JOSE DOS CAMPOS";"Falta de Atenção à Condução";"Queda de ocupante de veículo";"Com Vítimas Feridas";"Plena Noite";"Decrescente";"Céu Claro";"Simples";"Reta";"Sim";1;0;1;0;0;0;1;1;-23,1927535;-45,86623479;"SPRF-SP";"DEL02-SP";"UOP01-DEL02-SP"
220177;2019-07-05;"sexta-feira";"22:50:00";"RN";226;111;"SANTA CRUZ";"Desobediência às normas de trânsito pelo condutor";"Colisão traseira";"Com Vítimas Feridas";"Plena Noite";"Crescente";"Céu Claro";"Simples";"Aclive";"Sim";2;0;0;1;1;0;1;2;-6,22841881;-36,0177456;"SPRF-RN";"DEL03-RN";"UOP02-DEL03-RN"
220178;2019-07-05;"sexta-feira";"23:45:00";"SC";282;26,9;"SANTO AMARO DA IMPERATRIZ";"Ingestão de Álcool";"Colisão frontal";"Com Vítimas Fatais";"Plena Noite";"Decrescente";"Céu Claro";"Simples";"Reta";"Sim";2;1;0;1;0;0;1;2;-27,680267;-48,762482;"SPRF-SC";"DEL01-SC";"UOP03-DEL01-SC"
220179;2019-07-05;"sexta-feira";"23:40:00";"CE";222;7;"CAUCAIA";"Falta de Atenção à Condução";"Saída de leito carroçável";"Com Vítimas Feridas";"Plena Noite";"Crescente";"Céu Claro";"Dupla";"Reta";"Não";2;0;1;0;1;0;1;1;-3,7495132;-38,6299559;"SPRF-CE";"DEL01-CE";"UOP01-DEL01-CE"
220182;2019-07-05;"sexta-feira";"22:15:00";"PA";316;92;"SAO FRANCISCO DO PARA";"Animais na Pista";"Atropelamento de Animal";"Sem Vítimas";"Plena Noite";"Decrescente";"Céu Claro";"Dupla";"Reta";"Não";1;0;0;0;1;0;0;1;-1,32257993;-47,67432199;"SPRF-PA";"DEL01-PA";"UOP02-DEL01-PA"
220185;2019-07-06;"sábado";"00:00:00";"SP";116;118;"TAUBATE";"Falta de Atenção à Condução";"Tombamento";"Com Vítimas Feridas";"Plena Noite";"Crescente";"Nublado";"Dupla";"Reta";"Sim";1;0;1;0;0;0;1;1;-23,06266296;-45,62665044;"SPRF-SP";"DEL06-SP";"UOP02-DEL02-SP"
220187;2019-07-05;"sexta-feira";"23:00:00";"PI";316;275;"DOM EXPEDITO LOPES";"Falta de Atenção à Condução";"Saída de leito carroçável";"Sem Vítimas";"Plena Noite";"Decrescente";"Céu Claro";"Simples";"Curva";"Não";1;0;0;0;0;1;0;1;-6,95126284;-41,72588901;"SPRF-PI";"DEL04-PI";"UOP01-DEL04-PI"
220188;2019-07-06;"sábado";"00:30:00";"SC";101;86;"BARRA VELHA";"Animais na Pista";"Atropelamento de Animal";"Sem Vítimas";"Plena Noite";"Crescente";"Céu Claro";"Múltipla";"Reta";"Sim";1;0;0;0;1;0;0;1;-26,63277317;-48,70232513;"SPRF-SC";"DEL03-SC";"UOP02-DEL03-SC"
220190;2019-07-05;"sexta-feira";"20:40:00";"MA";316;613,8;"TIMON";"Ingestão de Álcool";"Colisão lateral";"Com Vítimas Feridas";"Plena Noite";"Decrescente";"Céu Claro";"Múltipla";"Reta";"Não";2;0;0;1;1;0;1;2;-5,075249;-42,850487;"SPRF-MA";"DEL03-MA";"UOP02-DEL03-MA"
220192;2019-07-06;"sábado";"02:20:00";"PR";376;176,8;"MARINGA";"Falta de Atenção do Pedestre";"Atropelamento de Pedestre";"Com Vítimas Feridas";"Plena Noite";"Crescente";"Céu Claro";"Múltipla";"Interseção de Vias;Reta";"Sim";5;0;0;1;3;1;1;2;-23,41277;-51,93205;"SPRF-PR";"DEL07-PR";"UOP01-DEL09-PR"
220193;2019-07-06;"sábado";"00:30:00";"MG";116;594,3;"MANHUACU";"Ingestão de Álcool";"Saída de leito carroçável";"Com Vítimas Fatais";"Plena Noite";"Decrescente";"Nublado";"Simples";"Curva";"Não";2;1;1;0;0;0;1;1;-20,286913;-42,14642798;"SPRF-MG";"DEL06-MG";"UOP03-DEL06-MG"
220194;2019-07-05;"sexta-feira";"21:10:00";"SC";282;576;"PINHALZINHO";"Ingestão de álcool e/ou substâncias psicoativas pelo pedestre";"Colisão traseira";"Com Vítimas Feridas";"Plena Noite";"Crescente";"Céu Claro";"Simples";"Reta";"Não";3;0;2;0;1;0;2;2;-26,856054;-52,98011;"SPRF-SC";"DEL07-SC";"UOP02-DEL07-SC"
220195;2019-07-06;"sábado";"02:30:00";"SC";101;131,8;"BALNEARIO CAMBORIU";"Condutor Dormindo";"Colisão com objeto estático";"Com Vítimas Feridas";"Plena Noite";"Decrescente";"Céu Claro";"Simples";"Reta";"Sim";1;0;1;0;0;0;1;1;-26,99064209;-48,66310912;"SPRF-SC";"DEL04-SC";"UOP03-DEL04-SC"
220197;2019-07-06;"sábado";"00:01:00";"PB";230;210;"SOLEDADE";"Falta de Atenção do Pedestre";"Atropelamento de Pedestre";"Com Vítimas Fatais";"Plena Noite";"Decrescente";"Céu Claro";"Simples";"Reta";"Não";2;1;0;0;0;1;0;2;-7,07620799;-36,33974254;"SPRF-PB";"DEL02-PB";"UOP02-DEL02-PB"
220199;2019-07-06;"sábado";"03:40:00";"SC";101;205;"SAO JOSE";"Ingestão de Álcool";"Capotamento";"Com Vítimas Feridas";"Plena Noite";"Crescente";"Céu Claro";"Múltipla";"Reta";"Sim";2;0;0;2;0;0;2;1;-27,58313237;-48,61532885;"SPRF-SC";"DEL01-SC";"UOP01-DEL01-SC"
220202;2019-07-06;"sábado";"00:50:00";"RJ";393;103,3;"SAPUCAIA";"Falta de Atenção à Condução";"Colisão traseira";"Com Vítimas Feridas";"Plena Noite";"Decrescente";"Nublado";"Simples";"Reta";"Sim";4;0;2;0;2;0;2;2;-21,87836751;-42,67744379;"SPRF-RJ";"DEL06-RJ";"UOP01-DEL05-RJ"
220203;2019-07-06;"sábado";"03:00:00";"MG";262;435,1;"SAO GONCALO DO PARA";"Condutor Dormindo";"Tombamento";"Com Vítimas Feridas";"Plena Noite";"Decrescente";"Nublado";"Dupla";"Reta";"Não";1;0;0;1;0;0;1;1;-19,881336;-44,90982;"SPRF-MG";"DEL08-MG";"UOP03-DEL08-MG"
220205;2019-07-06;"sábado";"04:50:00";"SC";101;88,4;"BARRA VELHA";"Ingestão de Álcool";"Atropelamento de Pedestre";"Com Vítimas Feridas";"Plena Noite";"Crescente";"Céu Claro";"Múltipla";"Reta";"Sim";2;0;0;1;1;0;1;2;-26,64253985;-48,68950684;"SPRF-SC";"DEL03-SC";"UOP02-DEL03-SC"
220206;2019-07-06;"sábado";"05:40:00";"PR";476;133;"CURITIBA";"Velocidade Incompatível";"Colisão com objeto estático";"Com Vítimas Feridas";"Amanhecer";"Decrescente";"Céu Claro";"Múltipla";"Reta";"Sim";2;0;2;0;0;0;2;1;-25,460718;-49,250488;"SPRF-PR";"DEL01-PR";"UOP03-DEL01-PR"
220207;2019-07-06;"sábado";"04:28:00";"PI";316;69,3;"MONSENHOR GIL";"Falta de Atenção à Condução";"Colisão transversal";"Com Vítimas Fatais";"Plena Noite";"Crescente";"Céu Claro";"Simples";"Reta";"Não";1;1;0;0;0;0;0;1;-5,64919099;-42,59145462;"SPRF-PI";"DEL01-PI";"UOP02-DEL01-PI"
220208;2019-07-06;"sábado";"04:00:00";"RS";471;171,8;"RIO PARDO";"Ingestão de Álcool";"Saída de leito carroçável";"Com Vítimas Feridas";"Plena Noite";"Crescente";"Céu Claro";"Simples";"Reta";"Não";1;0;0;1;0;0;1;1;-29,9967;-52,368134;"SPRF-RS";"DEL02-RS";"UOP02-DEL02-RS"
220209;2019-07-06;"sábado";"05:40:00";"RJ";101;309;"SAO GONCALO";"Falta de Atenção à Condução";"Colisão traseira";"Com Vítimas Feridas";"Plena Noite";"Decrescente";"Céu Claro";"Dupla";"Reta";"Não";3;0;1;0;2;0;1;3;-22,79498873;-43,03446105;"SPRF-RJ";"DEL02-RJ";"DEL5/2-UOP04/RJ"
220213;2019-07-06;"sábado";"04:50:00";"PR";277;4;"FOZ DO IGUACU";"Velocidade Incompatível";"Saída de leito carroçável";"Com Vítimas Feridas";"Amanhecer";"Crescente";"Céu Claro";"Dupla";"Curva";"Sim";1;0;0;1;0;0;1;1;-25,47055365;-54,58522797;"SPRF-PR";"DEL05-PR";"UOP03-DEL05-PR"
220215;2019-07-06;"sábado";"06:15:00";"MG";381;375;"SAO GONCALO DO RIO ABAIXO";"Condutor Dormindo";"Capotamento";"Com Vítimas Feridas";"Pleno dia";"Crescente";"Céu Claro";"Simples";"Curva";"Não";1;0;1;0;0;0;1;1;-19,832064;-43,35244;"SPRF-MG";"DEL01-MG";"UOP01-DEL01-MG"
220216;2019-07-06;"sábado";"05:50:00";"PE";232;507;"SALGUEIRO";"Ingestão de Álcool";"Colisão lateral";"Com Vítimas Feridas";"Amanhecer";"Crescente";"Céu Claro";"Simples";"Reta;Interseção de Vias";"Sim";2;0;0;1;1;0;1;2;-8,06146333;-39,11661836;"SPRF-PE";"DEL05-PE";"UOP01-DEL05-PE"
220217;2019-07-06;"sábado";"06:40:00";"SC";282;17;"PALHOCA";"Ingestão de Álcool";"Colisão frontal";"Com Vítimas Feridas";"Pleno dia";"Decrescente";"Céu Claro";"Simples";"Interseção de Vias";"Sim";3;0;3;0;0;0;3;2;-27,665707;-48,688065;"SPRF-SC";"DEL01-SC";"UOP02-DEL01-SC"
220218;2019-07-06;"sábado";"06:40:00";"SC";470;43;"GASPAR";"Falta de Atenção à Condução";"Colisão lateral";"Sem Vítimas";"Amanhecer";"Crescente";"Céu Claro";"Simples";"Reta";"Não";2;0;0;0;2;0;0;2;-26,874519;-49,013454;"SPRF-SC";"DEL04-SC";"UOP01-DEL04-SC"
220219;2019-07-06;"sábado";"06:00:00";"GO";20;89,3;"VILA BOA";"Velocidade Incompatível";"Colisão traseira";"Com Vítimas Feridas";"Amanhecer";"Crescente";"Céu Claro";"Simples";"Reta";"Não";3;0;2;0;1;0;2;2;-15,027701;-47,05167;"SPRF-DF";"DEL02-DF";"UOP01-DEL02-DF"
220222;2019-07-06;"sábado";"01:30:00";"AM";230;616;"HUMAITA";"Ingestão de Álcool";"Colisão com objeto estático";"Com Vítimas Feridas";"Plena Noite";"Decrescente";"Céu Claro";"Simples";"Reta";"Sim";1;0;1;0;0;0;1;1;-7,53608942;-63,05734104;"SPRF-RO";"DEL01-RO";"UOP05-DEL01-AM"
220223;2019-07-05;"sexta-feira";"18:30:00";"SC";480;129,9;"CHAPECO";"Não guardar distância de segurança";"Engavetamento";"Com Vítimas Feridas";"Anoitecer";"Crescente";"Céu Claro";"Dupla";"Reta";"Não";5;0;0;1;4;0;1;5;-27,04656607;-52,63577131;"SPRF-SC";"DEL07-SC";"UOP01-DEL07-SC"
220224;2019-07-06;"sábado";"06:40:00";"RJ";393;218;"VASSOURAS";"Defeito Mecânico no Veículo";"Tombamento";"Com Vítimas Feridas";"Amanhecer";"Decrescente";"Chuva";"Simples";"Reta";"Não";1;0;1;0;0;0;1;1;-22,3279593;-43,53959799;"SPRF-RJ";"DEL05-RJ";"UOP03-DEL05-RJ"
220225;2019-07-06;"sábado";"06:30:00";"RS";290;66,8;"GRAVATAI";"Condutor Dormindo";"Saída de leito carroçável";"Sem Vítimas";"Amanhecer";"Decrescente";"Vento";"Dupla";"Reta";"Não";1;0;0;0;1;0;0;1;-29,942627;-50,915585;"SPRF-RS";"DEL03-RS";"UOP01-DEL03-RS"
220227;2019-07-06;"sábado";"07:25:00";"SP";116;103,9;"PINDAMONHANGABA";"Falta de Atenção à Condução";"Colisão traseira";"Com Vítimas Feridas";"Pleno dia";"Decrescente";"Nublado";"Dupla";"Reta";"Não";5;0;2;0;3;0;2;3;-22,99919465;-45,49788917;"SPRF-SP";"DEL06-SP";"UOP01-DEL06-SP"
220228;2019-07-06;"sábado";"08:15:00";"SP";153;256,3;"MARILIA";"Pista Escorregadia";"Tombamento";"Com Vítimas Feridas";"Pleno dia";"Decrescente";"Céu Claro";"Dupla";"Rotatória";"Sim";1;0;1;0;0;0;1;1;-22,231552;-49,91968;"SPRF-SP";"DEL07-SP";"UOP02-DEL07-SP"
220229;2019-07-06;"sábado";"07:45:00";"PR";277;730;"FOZ DO IGUACU";"Restrição de Visibilidade";"Colisão lateral";"Sem Vítimas";"Pleno dia";"Crescente";"Céu Claro";"Simples";"Curva";"Sim";2;0;0;0;2;0;0;2;-25,50826305;-54,59238593;"SPRF-PR";"DEL05-PR";"UOP03-DEL05-PR"
220232;2019-07-06;"sábado";"08:10:00";"PA";230;116;"MARABA";"Falta de Atenção à Condução";"Colisão lateral";"Com Vítimas Feridas";"Pleno dia";"Decrescente";"Sol";"Dupla";"Reta";"Sim";1;0;1;0;0;0;1;1;-5,35947454;-49,08301084;"SPRF-PA";"DEL03-PA";"UOP01-DEL03-PA"
220233;2019-07-06;"sábado";"07:00:00";"PR";116;54;"CAMPINA GRANDE DO SUL";"Desobediência às normas de trânsito pelo condutor";"Saída de leito carroçável";"Sem Vítimas";"Pleno dia";"Crescente";"Céu Claro";"Dupla";"Reta";"Não";1;0;0;0;1;0;0;1;-25,2656158;-48,91632335;"SPRF-PR";"DEL01-PR";"UOP02-DEL01-PR"
220234;2019-07-06;"sábado";"06:40:00";"RO";364;422;"JARU";"Falta de Atenção à Condução";"Queda de ocupante de veículo";"Com Vítimas Feridas";"Pleno dia";"Decrescente";"Céu Claro";"Simples";"Reta";"Sim";1;0;1;0;0;0;1;1;-10,4597532;-62,4558043;"SPRF-RO";"DEL03-RO";"UOP02-DEL03-RO"
220235;2019-07-06;"sábado";"07:15:00";"MG";365;42,9;"CLARO DOS POCOES";"Condutor Dormindo";"Colisão frontal";"Com Vítimas Feridas";"Pleno dia";"Decrescente";"Céu Claro";"Simples";"Reta";"Não";4;0;2;2;0;0;4;2;-16,89538095;-44,18761806;"SPRF-MG";"DEL12-MG";"UOP01-DEL12-MG"