"id";"data_inversa";"dia_semana";"horario";"uf";"br";"km";"municipio";"causa_acidente";"tipo_acidente";"classificacao_acidente";"fase_dia";"sentido_via";"condicao_metereologica";"tipo_pista";"tracado_via";"uso_solo";"pessoas";"mortos";"feridos_leves";"feridos_graves";"ilesos";"ignorados";"feridos";"veiculos";"latitude";"longitude";"regional";"delegacia";"uop"
220359;2019-07-06;"sábado";"16:20:00";"MG";116;457;"ENGENHEIRO CALDAS";"Desobediência às normas de trânsito pelo condutor";"Colisão transversal";"Com Vítimas Feridas";"Pleno dia";"Decrescente";"Céu Claro";"Simples";"Reta";"Sim";3;0;1;0;2;0;1;2;-19,2086853;-42,05227849;"SPRF-MG";"DEL06-MG";"UOP02-DEL06-MG"
220360;2019-07-06;"sábado";"19:30:00";"PI";316;6,5;"TERESINA";"Não guardar distância de segurança";"Colisão traseira";"Sem Vítimas";"Plena Noite";"Decrescente";"Nublado";"Simples";"Reta";"Sim";6;0;0;0;6;0;0;2;-5,14702095;-42,77438982;"SPRF-PI";"DEL01-PI";"UOP02-DEL01-PI"
220361;2019-07-06;"sábado";"19:20:00";"MG";153;148;"CAMPO FLORIDO";"Falta de Atenção à Condução";"Colisão lateral";"Com Vítimas Feridas";"Plena Noite";"Crescente";"Céu Claro";"Simples";"Interseção de Vias";"Não";3;0;1;0;2;0;1;2;-19,63284117;-48,85120975;"SPRF-MG";"DEL13-MG";"UOP02-DEL13-MG"
220362;2019-07-06;"sábado";"18:33:00";"SP";116;219;"GUARULHOS";"Falta de Atenção à Condução";"Colisão traseira";"Com Vítimas Feridas";"Plena Noite";"Crescente";"Nublado";"Múltipla";"Reta";"Sim";2;0;1;0;0;1;1;2;-23,46143954;-46,48885316;"SPRF-SP";"DEL01-SP";"UOP01-DEL01-SP"
220363;2019-07-06;"sábado";"18:00:00";"SP";116;448;"REGISTRO";"Falta de Atenção à Condução";"Queda de ocupante de veículo";"Com Vítimas Feridas";"Plena Noite";"Crescente";"Nublado";"Múltipla";"Reta";"Sim";1;0;1;0;0;0;1;1;-24,52099699;-47,85336602;"SPRF-SP";"DEL05-SP";"UOP01-DEL05-SP"
220364;2019-07-06;"sábado";"19:10:00";"SP";116;218,5;"GUARULHOS";"Ingestão de Álcool";"Colisão lateral";"Com Vítimas Feridas";"Plena Noite";"Crescente";"Nublado";"Múltipla";"Reta";"Não";2;0;1;0;1;0;1;2;-23,457972;-46,479927;"SPRF-SP";"DEL01-SP";"UOP01-DEL01-SP"
220365;2019-07-06;"sábado";"19:30:00";"GO";60;385;"RIO VERDE";"Falta de Atenção à Condução";"Queda de ocupante de veículo";"Com Vítimas Feridas";"Plena Noite";"Crescente";"Nublado";"Dupla";"Reta";"Sim";2;0;2;0;0;0;2;2;-17,7964;-50,914;"SPRF-GO";"DEL04-GO";"UOP01-DEL04-GO"
220366;2019-07-06;"sábado";"18:30:00";"RS";290;69;"GRAVATAI";"Ingestão de Álcool";"Colisão lateral";"Sem Vítimas";"Plena Noite";"Crescente";"Céu Claro";"Dupla";"Reta";"Não";2;0;0;0;2;0;0;2;-29,944933;-50,946438;"SPRF-RS";"DEL03-RS";"UOP01-DEL03-RS"
220367;2019-07-06;"sábado";"19:10:00";"PR";116;4;"QUATRO BARRAS";"Ingestão de Álcool";"Colisão traseira";"Com Vítimas Feridas";"Plena Noite";"Crescente";"Céu Claro";"Dupla";"Declive";"Não";6;0;2;0;4;0;2;2;-25,3629;-49,0822;"SPRF-PR";"DEL01-PR";"UOP01-DEL01-PR"
220368;2019-07-06;"sábado";"18:30:00";"RO";319;63;"PORTO VELHO";"Desobediência às normas de trânsito pelo condutor";"Colisão transversal";"Com Vítimas Feridas";"Plena Noite";"Crescente";"Céu Claro";"Dupla";"Interseção de Vias";"Sim";3;0;2;0;1;0;2;2;-8,766685;-63,884052;"SPRF-RO";"DEL01-RO";"UOP01-DEL01-RO"
220369;2019-07-06;"sábado";"19:55:00";"SC";282;18,1;"PALHOCA";"Desobediência às normas de trânsito pelo condutor";"Colisão transversal";"Com Vítimas Feridas";"Plena Noite";"Crescente";"Céu Claro";"Simples";"Reta";"Sim";2;0;0;1;0;1;1;2;-27,672798;-48,694286;"SPRF-SC";"DEL01-SC";"UOP02-DEL01-SC"
220371;2019-07-06;"sábado";"18:15:00";"ES";262;56,2;"MARECHAL FLORIANO";"Ingestão de Álcool";"Colisão transversal";"Sem Vítimas";"Plena Noite";"Decrescente";"Céu Claro";"Simples";"Curva";"Não";3;0;0;0;3;0;0;3;-20,41091523;-40,75431526;"SPRF-ES";"DEL01-ES";"UOP01-DEL01-ES"
220372;2019-07-06;"sábado";"20:00:00";"PA";222;237;"MARABA";"Falta de Atenção à Condução";"Colisão lateral";"Com Vítimas Feridas";"Plena Noite";"Decrescente";"Céu Claro";"Simples";"Reta";"Não";4;0;1;0;3;0;1;2;-5,294009;-49,075771;"SPRF-PA";"DEL03-PA";"UOP01-DEL03-PA"
220374;2019-07-06;"sábado";"20:25:00";"MG";50;157;"UBERABA";"Velocidade Incompatível";"Colisão com objeto estático";"Com Vítimas Feridas";"Plena Noite";"Decrescente";"Céu Claro";"Simples";"Curva";"Não";1;0;1;0;0;0;1;1;-19,62528388;-48,01556068;"SPRF-MG";"DEL13-MG";"UOP01-DEL13-MG"
220375;2019-07-06;"sábado";"20:20:00";"PR";163;200,4;"CASCAVEL";"Velocidade Incompatível";"Colisão com objeto estático";"Sem Vítimas";"Plena Noite";"Decrescente";"Céu Claro";"Simples";"Curva";"Não";1;0;0;0;0;1;0;1;-25,02799302;-53,54806513;"SPRF-PR";"DEL04-PR";"UOP05-DEL05-PR"
220377;2019-07-06;"sábado";"20:30:00";"AP";210;1,5;"MACAPA";"Falta de Atenção à Condução";"Colisão frontal";"Com Vítimas Feridas";"Plena Noite";"Crescente";"Céu Claro";"Simples";"Interseção de Vias";"Sim";2;0;0;2;0;0;2;2;0,07816717;-51,06998693;"SPRF-AP";"DEL01-AP";"UOP01-DEL01-AP"
220378;2019-07-06;"sábado";"19:50:00";"SC";101;333;"TUBARAO";"Falta de Atenção à Condução";"Saída de leito carroçável";"Sem Vítimas";"Plena Noite";"Decrescente";"Céu Claro";"Dupla";"Reta";"Sim";1;0;0;0;1;0;0;1;-28,46630107;-48,99653096;"SPRF-SC";"DEL02-SC";"UOP01-DEL02-SC"
220379;2019-07-06;"sábado";"17:50:00";"SC";282;77;"RANCHO QUEIMADO";"Falta de Atenção à Condução";"Tombamento";"Com Vítimas Feridas";"Anoitecer";"Crescente";"Céu Claro";"Simples";"Reta";"Não";2;0;2;0;0;0;2;1;-27,683596;-49,143806;"SPRF-SC";"DEL01-SC";"UOP03-DEL01-SC"
220380;2019-07-06;"sábado";"21:10:00";"RN";427;102,4;"CAICO";"Animais na Pista";"Atropelamento de Animal";"Com Vítimas Feridas";"Plena Noite";"Decrescente";"Céu Claro";"Simples";"Reta";"Não";1;0;1;0;0;0;1;1;-6,45395471;-37,12301287;"SPRF-RN";"DEL03-RN";"UOP01-DEL03-RN"
220382;2019-07-06;"sábado";"18:20:00";"MG";356;278,4;"EUGENOPOLIS";"Animais na Pista";"Atropelamento de Animal";"Com Vítimas Feridas";"Plena Noite";"Decrescente";"Céu Claro";"Simples";"Reta";"Não";1;0;0;1;0;0;1;1;-21,12666854;-42,25758076;"SPRF-MG";"DEL07-MG";"UOP02-DEL07-MG"
220383;2019-07-06;"sábado";"20:20:00";"PE";232;519,1;"SALGUEIRO";"Ingestão de Álcool";"Atropelamento de Pedestre";"Com Vítimas Feridas";"Plena Noite";"Crescente";"Céu Claro";"Simples";"Reta";"Não";2;0;0;1;0;1;1;2;-8,062831;-39,215103;"SPRF-PE";"DEL05-PE";"UOP01-DEL05-PE"
220384;2019-07-06;"sábado";"19:15:00";"RO";364;615,4;"ITAPUA DO OESTE";"Desobediência às normas de trânsito pelo condutor";"Queda de ocupante de veículo";"Com Vítimas Feridas";"Plena Noite";"Decrescente";"Céu Claro";"Simples";"Reta";"Não";2;0;0;1;1;0;1;1;-9,12169101;-63,25877001;"SPRF-RO";"DEL03-RO";"UOP04-DEL01-RO"
220385;2019-07-06;"sábado";"19:40:00";"DF";70;5,2;"BRASILIA";"Falta de Atenção à Condução";"Saída de leito carroçável";"Sem Vítimas";"Plena Noite";"Crescente";"Céu Claro";"Dupla";"Reta";"Sim";1;0;0;0;0;1;0;1;-15,79442157;-48,09672832;"SPRF-DF";"DEL01-DF";"UOP02-DEL03-DF"
220386;2019-07-06;"sábado";"19:30:00";"PR";369;370,5;"CAMPO MOURAO";"Falta de Atenção à Condução";"Colisão transversal";"Com Vítimas Feridas";"Plena Noite";"Crescente";"Céu Claro";"Simples";"Curva";"Não";4;0;2;0;2;0;2;2;-24,1418;-52,4522;"SPRF-PR";"DEL04-PR";"UOP03-DEL09-PR"
220387;2019-07-06;"sábado";"21:40:00";"SP";116;114,1;"TAUBATE";"Falta de Atenção à Condução";"Saída de leito carroçável";"Com Vítimas Feridas";"Plena Noite";"Crescente";"Céu Claro";"Dupla";"Reta";"Sim";2;0;2;0;0;0;2;1;-23,04654177;-45,59018006;"SPRF-SP";"DEL06-SP";"UOP02-DEL02-SP"
220388;2019-07-06;"sábado";"19:20:00";"PI";135;333;"SANTA LUZ";"Desobediência às normas de trânsito pelo condutor";"Colisão frontal";"Com Vítimas Feridas";"Plena Noite";"Decrescente";"Céu Claro";"Simples";"Reta";"Não";6;0;3;2;1;0;5;3;-8,92833404;-44,25476094;"SPRF-PI";"DEL03-PI";"UOP02-DEL03-PI"
220390;2019-07-06;"sábado";"18:50:00";"MG";116;526,1;"CARATINGA";"Velocidade Incompatível";"Atropelamento de Pedestre";"Com Vítimas Feridas";"Anoitecer";"Decrescente";"Céu Claro";"Dupla";"Reta";"Sim";2;0;0;1;1;0;1;2;-19,77654011;-42,13327989;"SPRF-MG";"DEL06-MG";"UOP02-DEL06-MG"
220391;2019-07-06;"sábado";"21:30:00";"RS";116;301;"GUAIBA";"Falta de Atenção à Condução";"Colisão frontal";"Com Vítimas Feridas";"Plena Noite";"Decrescente";"Céu Claro";"Simples";"Reta";"Sim";4;0;2;1;0;1;3;2;-30,131899;-51,353867;"SPRF-RS";"DEL02-RS";"UOP01-DEL02-RS"
220392;2019-07-06;"sábado";"18:00:00";"MG";381;154;"GOVERNADOR VALADARES";"Falta de Atenção à Condução";"Colisão traseira";"Com Vítimas Feridas";"Plena Noite";"Decrescente";"Céu Claro";"Simples";"Reta";"Não";2;0;1;0;1;0;1;2;-18,88666107;-42,00230199;"SPRF-MG";"DEL06-MG";"UOP01-DEL06-MG"
220394;2019-07-06;"sábado";"18:50:00";"MG";40;670;"CARANDAI";"Falta de Atenção do Pedestre";"Atropelamento de Pedestre";"Com Vítimas Feridas";"Plena Noite";"Decrescente";"Céu Claro";"Simples";"Reta";"Não";2;0;0;1;1;0;1;2;-20,9669552;-43,78631951;"SPRF-MG";"DEL05-MG";"UOP02-DEL05-MG"
220395;2019-07-06;"sábado";"21:30:00";"RS";116;216,1;"MORRO REUTER";"Desobediência às normas de trânsito pelo condutor";"Colisão frontal";"Com Vítimas Fatais";"Plena Noite";"Decrescente";"Céu Claro";"Simples";"Curva";"Sim";4;1;2;0;1;0;2;2;-29,54001608;-51,07711676;"SPRF-RS";"DEL05-RS";"UOP02-DEL05-RS"
220400;2019-07-06;"sábado";"22:15:00";"DF";60;1;"BRASILIA";"Falta de Atenção do Pedestre";"Atropelamento de Pedestre";"Com Vítimas Fatais";"Plena Noite";"Crescente";"Céu Claro";"Dupla";"Reta";"Sim";2;1;0;0;1;0;0;2;-15,88419305;-48,06708639;"SPRF-DF";"DEL01-DF";"UOP01-DEL03-DF"
220401;2019-07-06;"sábado";"22:30:00";"RN";101;101;"PARNAMIRIM";"Ingestão de Álcool";"Colisão transversal";"Com Vítimas Feridas";"Pleno dia";"Crescente";"Céu Claro";"Múltipla";"Reta";"Sim";3;0;1;0;1;1;1;2;-5,88681084;-35,23143404;"SPRF-RN";"DEL01-RN";"UOP01-DEL01-RN"
220403;2019-07-06;"sábado";"21:15:00";"MT";364;1242,2;"COMODORO";"Ingestão de Álcool";"Saída de leito carroçável";"Com Vítimas Feridas";"Plena Noite";"Crescente";"Céu Claro";"Simples";"Curva";"Não";2;0;1;1;0;0;2;1;-13,76010037;-59,68022032;"SPRF-MT";"DEL04-MT";"UOP01-DEL04-MT"
220404;2019-07-06;"sábado";"15:40:00";"GO";60;94;"ANAPOLIS";"Falta de Atenção à Condução";"Colisão frontal";"Com Vítimas Feridas";"Pleno dia";"Crescente";"Céu Claro";"Simples";"Reta";"Sim";2;0;1;0;1;0;1;2;-16,3611;-48,9328;"SPRF-GO";"DEL02-GO";"UOP01-DEL02-GO"
220409;2019-07-06;"sábado";"20:15:00";"SC";280;121,2;"SAO BENTO DO SUL";"Ingestão de Álcool";"Colisão frontal";"Com Vítimas Feridas";"Plena Noite";"Crescente";"Céu Claro";"Simples";"Reta;Aclive";"Não";5;0;4;0;1;0;4;2;-26,24390609;-49,46673632;"SPRF-SC";"DEL06-SC";"UOP03-DEL06-SC"
220410;2019-07-06;"sábado";"21:20:00";"PR";153;484;"GENERAL CARNEIRO";"Falta de Atenção do Pedestre";"Atropelamento de Pedestre";"Com Vítimas Feridas";"Plena Noite";"Decrescente";"Céu Claro";"Simples";"Reta";"Não";2;0;0;1;1;0;1;2;-26,38625693;-51,27096176;"SPRF-PR";"DEL02-PR";"UOP03-DEL02-PR"
220412;2019-07-06;"sábado";"21:45:00";"PR";153;105,5;"IBAITI";"Falta de Atenção à Condução";"Colisão traseira";"Com Vítimas Feridas";"Plena Noite";"Crescente";"Céu Claro";"Simples";"Reta";"Sim";2;0;1;0;1;0;1;2;-23,814184;-50,179108;"SPRF-PR";"DEL07-PR";"UOP04-DEL07-PR"
220414;2019-07-06;"sábado";"23:20:00";"SC";470;70,1;"INDAIAL";"Ingestão de Álcool";"Colisão transversal";"Com Vítimas Feridas";"Plena Noite";"Crescente";"Céu Claro";"Simples";"Reta";"Sim";2;0;1;0;1;0;1;2;-26,889374;-49,254478;"SPRF-SC";"DEL04-SC";"UOP01-DEL04-SC"
220415;2019-07-06;"sábado";"16:10:00";"RS";116;64,7;"CAMPESTRE DA SERRA";"Não guardar distância de segurança";"Colisão lateral";"Com Vítimas Feridas";"Pleno dia";"Crescente";"Sol";"Simples";"Aclive;Curva";"Não";3;0;1;1;1;0;2;2;-28,67070899;-51,06396104;"SPRF-RS";"DEL05-RS";"UOP03-DEL05-RS"
220416;2019-07-06;"sábado";"18:20:00";"CE";20;417;"MARACANAU";"Falta de Atenção do Pedestre";"Atropelamento de Pedestre";"Com Vítimas Feridas";"Plena Noite";"Decrescente";"Nublado";"Dupla";"Reta";"Sim";2;0;1;0;0;1;1;2;-3,76999035;-38,67006282;"SPRF-CE";"DEL01-CE";"UOP02-DEL01-CE"
220417;2019-07-07;"domingo";"00:30:00";"MG";50;177;"UBERABA";"Ingestão de Álcool";"Colisão com objeto estático";"Sem Vítimas";"Plena Noite";"Crescente";"Céu Claro";"Simples";"Curva";"Sim";1;0;0;0;1;0;0;1;-19,78010679;-47,94499224;"SPRF-MG";"DEL13-MG";"UOP01-DEL13-MG"
220418;2019-07-06;"sábado";"22:30:00";"AC";317;90;"SENADOR GUIOMARD";"Falta de Atenção à Condução";"Colisão com objeto estático";"Com Vítimas Feridas";"Plena Noite";"Decrescente";"Céu Claro";"Simples";"Reta";"Não";1;0;1;0;0;0;1;1;-10,151113;-67,711309;"SPRF-AC";"DEL01-AC";"UOP01-DEL01-AC"
220419;2019-07-06;"sábado";"23:50:00";"PE";424;101,2;"GARANHUNS";"Ingestão de álcool e/ou substâncias psicoativas pelo pedestre";"Saída de leito carroçável";"Com Vítimas Fatais";"Plena Noite";"Decrescente";"Nublado";"Simples";"Interseção de Vias";"Não";1;1;0;0;0;0;0;1;-8,96537965;-36,51714353;"SPRF-PE";"DEL03-PE";"UOP01-DEL03-PE"
220420;2019-07-07;"domingo";"00:50:00";"SC";101;181;"BIGUACU";"Falta de Atenção à Condução";"Colisão com objeto estático";"Com Vítimas Fatais";"Plena Noite";"Crescente";"Céu Claro";"Dupla";"Aclive";"Sim";2;1;0;1;0;0;1;1;-27,38958699;-48,63197593;"SPRF-SC";"DEL01-SC";"UOP01-DEL01-SC"
220421;2019-07-07;"domingo";"00:30:00";"SE";235;16,5;"NOSSA SENHORA DO SOCORRO";"Animais na Pista";"Atropelamento de Animal";"Sem Vítimas";"Plena Noite";"Decrescente";"Céu Claro";"Simples";"Reta";"Não";1;0;0;0;1;0;0;1;-10,852552;-37,192886;"SPRF-SE";"DEL01-SE";"UOP02-DEL01-SE"
220423;2019-07-06;"sábado";"23:55:00";"SC";470;125;"LONTRAS";"Ingestão de Álcool";"Saída de leito carroçável";"Sem Vítimas";"Plena Noite";"Decrescente";"Céu Claro";"Simples";"Reta";"Sim";1;0;0;0;1;0;0;1;-27,12294338;-49,53643352;"SPRF-SC";"DEL04-SC";"UOP02-DEL04-SC"
220424;2019-07-07;"domingo";"01:20:00";"SE";101;93,5;"NOSSA SENHORA DO SOCORRO";"Ingestão de Álcool";"Saída de leito carroçável";"Sem Vítimas";"Plena Noite";"Decrescente";"Céu Claro";"Dupla";"Curva";"Sim";1;0;0;0;1;0;0;1;-10,9041526;-37,14796185;"SPRF-SE";"DEL01-SE";"UOP01-DEL01-SE"
220425;2019-07-06;"sábado";"23:40:00";"SC";282;381,8;"JOACABA";"Falta de Atenção à Condução";"Colisão traseira";"Com Vítimas Feridas";"Plena Noite";"Crescente";"Céu Claro";"Simples";"Reta";"Não";1;0;1;0;0;0;1;1;-27,204979;-51,501442;"SPRF-SC";"DEL07-SC";"UOP05-DEL07-SC"
220426;2019-07-07;"domingo";"00:47:00";"PR";476;146;"CURITIBA";"Objeto estático sobre o leito carroçável";"Saída de leito carroçável";"Com Vítimas Feridas";"Plena Noite";"Crescente";"Céu Claro";"Dupla";"Reta";"Sim";2;0;2;0;0;0;2;1;-25,55093399;-49,32967186;"SPRF-PR";"DEL01-PR";"UOP06-DEL01-PR"
220427;2019-07-07;"domingo";"01:30:00";"RS";392;349,5;"SANTA MARIA";"Ingestão de Álcool";"Colisão com objeto estático";"Sem Vítimas";"Plena Noite";"Crescente";"Céu Claro";"Simples";"Reta";"Não";3;0;0;0;1;2;0;2;-29,7440791;-53,79306521;"SPRF-RS";"DEL09-RS";"UOP01-DEL09-RS"
220429;2019-07-07;"domingo";"01:50:00";"RJ";40;112;"DUQUE DE CAXIAS";"Agressão Externa";"Colisão com objeto estático";"Com Vítimas Feridas";"Plena Noite";"Decrescente";"Nublado";"Múltipla";"Curva";"Sim";2;0;1;0;1;0;1;1;-22,7004454;-43,29014851;"SPRF-RJ";"DEL01-RJ";"UOP01-DEL01-RJ"
220431;2019-07-07;"domingo";"00:20:00";"MG";356;272,4;"MURIAE";"Ingestão de Álcool";"Tombamento";"Com Vítimas Feridas";"Plena Noite";"Crescente";"Ignorado";"Simples";"Reta";"Não";2;0;0;1;0;1;1;2;-21,13318342;-42,31673956;"SPRF-MG";"DEL07-MG";"UOP02-DEL07-MG"
220432;2019-07-06;"sábado";"20:35:00";"ES";101;259,4;"SERRA";"Falta de Atenção à Condução";"Queda de ocupante de veículo";"Com Vítimas Feridas";"Plena Noite";"Decrescente";"Nublado";"Dupla";"Declive;Reta";"Sim";3;0;0;1;0;2;1;2;-20,14322465;-40,29132843;"SPRF-ES";"DEL02-ES";"UOP01-DEL02-ES"
220433;2019-07-07;"domingo";"03:20:00";"ES";262;6,5;"CARIACICA";"Falta de Atenção à Condução";"Colisão traseira";"Com Vítimas Feridas";"Plena Noite";"Decrescente";"Nublado";"Dupla";"Reta";"Sim";2;0;0;1;1;0;1;2;-20,34007493;-40,39451305;"SPRF-ES";"DEL01-ES";"UOP01-DEL01-ES"
220434;2019-07-07;"domingo";"02:30:00";"AL";316;165,4;"PALMEIRA DOS INDIOS";"Falta de Atenção à Condução";"Colisão com objeto estático";"Com Vítimas Fatais";"Plena Noite";"Crescente";"Céu Claro";"Simples";"Ponte";"Não";2;1;0;1;0;0;1;1;-9,48239127;-36,57309034;"SPRF-AL";"DEL03-AL";"UOP01-DEL03-AL"
220435;2019-07-07;"domingo";"03:10:00";"RS";116;264;"CANOAS";"Falta de Atenção à Condução";"Saída de leito carroçável";"Com Vítimas Feridas";"Plena Noite";"Decrescente";"Céu Claro";"Dupla";"Reta";"Sim";1;0;1;0;0;0;1;1;-29,914435;-51,17754495;"SPRF-RS";"DEL01-RS";"UOP01-DEL01-RS"
220436;2019-07-07;"domingo";"02:15:00";"GO";60;260,5;"INDIARA";"Ingestão de Álcool";"Capotamento";"Com Vítimas Feridas";"Plena Noite";"Crescente";"Céu Claro";"Dupla";"Declive";"Não";1;0;1;0;0;0;1;1;-17,1637;-50,044;"SPRF-GO";"DEL01-GO";"UOP02-DEL01-GO"
220437;2019-07-07;"domingo";"03:50:00";"CE";116;3,1;"FORTALEZA";"Sinalização da via insuficiente ou inadequada";"Colisão com objeto estático";"Com Vítimas Feridas";"Plena Noite";"Decrescente";"Garoa/Chuvisco";"Múltipla";"Reta";"Sim";1;0;0;1;0;0;1;1;-3,77866493;-38,51490171;"SPRF-CE";"DEL01-CE";"UOP02-DEL01-CE"
220439;2019-07-07;"domingo";"04:30:00";"GO";153;652;"GOIATUBA";"Falta de Atenção à Condução";"Colisão traseira";"Com Vítimas Feridas";"Pleno dia";"Crescente";"Céu Claro";"Dupla";"Reta";"Não";2;0;1;0;0;1;1;2;-17,984;-49,2579;"SPRF-GO";"DEL03-GO";"UOP01-DEL03-GO"
220440;2019-07-07;"domingo";"02:00:00";"RO";364;424;"JARU";"Ingestão de Álcool";"Colisão transversal";"Sem Vítimas";"Plena Noite";"Crescente";"Céu Claro";"Simples";"Reta";"Sim";2;0;0;0;2;0;0;2;-10,44457274;-62,46568412;"SPRF-RO";"DEL03-RO";"UOP02-DEL03-RO"
220442;2019-07-07;"domingo";"04:40:00";"AL";101;241,1;"PORTO REAL DO COLEGIO";"Animais na Pista";"Atropelamento de Animal";"Com Vítimas Fatais";"Amanhecer";"Crescente";"Nevoeiro/Neblina";"Dupla";"Reta";"Não";1;1;0;0;0;0;0;1;-10,152882;-36,810684;"SPRF-AL";"DEL02-AL";"UOP02-DEL02-AL"
220443;2019-07-07;"domingo";"04:15:00";"GO";70;5;"AGUAS LINDAS DE GOIAS";"Falta de Atenção à Condução";"Colisão lateral";"Com Vítimas Feridas";"Plena Noite";"Decrescente";"Céu Claro";"Simples";"Reta";"Sim";5;0;3;0;2;0;3;2;-15,75683677;-48,25464732;"SPRF-DF";"DEL01-DF";"UOP02-DEL03-DF"
220444;2019-07-07;"domingo";"02:30:00";"MG";116;575,8;"MANHUACU";"Falta de Atenção à Condução";"Colisão com objeto estático";"Com Vítimas Fatais";"Plena Noite";"Crescente";"Céu Claro";"Simples";"Declive;Curva";"Não";2;1;0;1;0;0;1;1;-20,1432448;-42,1817708;"SPRF-MG";"DEL06-MG";"UOP03-DEL06-MG"
220445;2019-07-07;"domingo";"00:00:00";"MA";402;38,1;"MORROS";"Falta de Atenção à Condução";"Colisão transversal";"Com Vítimas Fatais";"Plena Noite";"Decrescente";"Céu Claro";"Simples";"Reta";"Não";3;2;0;1;0;0;1;2;-2,8535483;-44,04315948;"SPRF-MA";"DEL01-MA";"UOP01-DEL01-MA"
220447;2019-07-07;"domingo";"05:10:00";"PB";230;18,2;"JOAO PESSOA";"Ingestão de Álcool";"Colisão com objeto estático";"Sem Vítimas";"Amanhecer";"Crescente";"Céu Claro";"Dupla";"Reta";"Sim";1;0;0;0;1;0;0;1;-7,1198;-34,8453;"SPRF-PB";"DEL01-PB";"UOP01-DEL01-PB"
220449;2019-07-07;"domingo";"05:40:00";"RJ";116;170;"SAO JOAO DE MERITI";"Condutor Dormindo";"Colisão lateral";"Com Vítimas Feridas";"Amanhecer";"Decrescente";"Céu Claro";"Múltipla";"Reta";"Não";5;0;3;0;2;0;3;2;-22,81113183;-43,3336729;"SPRF-RJ";"DEL01-RJ";"UOP02-DEL01-RJ"
220450;2019-07-07;"domingo";"05:50:00";"GO";20;33;"FORMOSA";"Ultrapassagem Indevida";"Colisão frontal";"Com Vítimas Fatais";"Amanhecer";"Crescente";"Céu Claro";"Simples";"Reta";"Não";9;3;3;3;0;0;6;2;-15,473233;-47,100567;"SPRF-DF";"DEL02-DF";"UOP01-DEL02-DF"
220451;2019-07-07;"domingo";"05:20:00";"BA";418;59,8;"NOVA VICOSA";"Ingestão de Álcool";"Tombamento";"Com Vítimas Feridas";"Amanhecer";"Decrescente";"Nublado";"Simples";"Curva";"Não";1;0;0;1;0;0;1;1;-17,78010188;-39,60383637;"SPRF-BA";"DEL09-BA";"UOP02-DEL09-BA"
220452;2019-07-07;"domingo";"03:20:00";"PR";376;174,4;"MARINGA";"Ingestão de Álcool";"Colisão traseira";"Sem Vítimas";"Plena Noite";"Crescente";"Céu Claro";"Dupla";"Aclive";"Sim";2;0;0;0;2;0;0;2;-23,41430102;-51,94984299;"SPRF-PR";"DEL07-PR";"UOP01-DEL09-PR"
220453;2019-07-07;"domingo";"02:15:00";"PB";412;27,5;"BOA VISTA";"Falta de Atenção à Condução";"Tombamento";"Com Vítimas Fatais";"Plena Noite";"Decrescente";"Nevoeiro/Neblina";"Simples";"Reta";"Não";1;1;0;0;0;0;0;1;-7,289562;-36,295708;"SPRF-PB";"DEL02-PB";"UOP02-DEL02-PB"
220454;2019-07-07;"domingo";"05:20:00";"DF";70;5,7;"BRASILIA";"Ingestão de Álcool";"Colisão traseira";"Com Vítimas Feridas";"Amanhecer";"Decrescente";"Céu Claro";"Dupla";"Reta";"Sim";3;0;1;0;2;0;1;2;-15,794656;-48,096779;"SPRF-DF";"DEL01-DF";"UOP02-DEL03-DF"
220455;2019-07-07;"domingo";"05:25:00";"PR";277;684,5;"SAO MIGUEL DO IGUACU";"Velocidade Incompatível";"Colisão com objeto estático";"Com Vítimas Feridas";"Plena Noite";"Crescente";"Céu Claro";"Dupla";"Declive;Curva";"Não";2;0;1;0;1;0;1;1;-25,33864563;-54,19917133;"SPRF-PR";"DEL05-PR";"UOP01-DEL05-PR"
220456;2019-07-07;"domingo";"05:30:00";"RN";406;140,7;"CEARA-MIRIM";"Defeito na Via";"Queda de ocupante de veículo";"Com Vítimas Feridas";"Amanhecer";"Decrescente";"Céu Claro";"Simples";"Declive";"Não";2;0;2;0;0;0;2;2;-5,65049396;-35,50884247;"SPRF-RN";"DEL02-RN";"UOP01-DEL02-RN"
220458;2019-07-07;"domingo";"06:15:00";"SP";116;59,4;"GUARATINGUETA";"Ingestão de Álcool";"Colisão lateral";"Com Vítimas Feridas";"Amanhecer";"Crescente";"Céu Claro";"Dupla";"Reta";"Sim";4;0;3;1;0;0;4;3;-22,78555649;-45,15339465;"SPRF-SP";"DEL08-SP";"UOP01-DEL08-SP"
220459;2019-07-07;"domingo";"05:40:00";"SC";282;506,8;"XANXERE";"Ingestão de Álcool";"Saída de leito carroçável";"Com Vítimas Feridas";"Plena Noite";"Crescente";"Céu Claro";"Dupla";"Rotatória";"Sim";3;0;3;0;0;0;3;1;-26,885712;-52,42907;"SPRF-SC";"DEL07-SC";"UOP01-DEL07-SC"
220460;2019-07-07;"domingo";"04:10:00";"MT";163;72,9;"RONDONOPOLIS";"Condutor Dormindo";"Saída de leito carroçável";"Sem Vítimas";"Plena Noite";"Decrescente";"Céu Claro";"Dupla";"Reta";"Não";1;0;0;0;1;0;0;1;-16,88524187;-54,71619237;"SPRF-MT";"DEL02-MT";"DEL2/2-UOP02/MT"