"id";"data_inversa";"dia_semana";"horario";"uf";"br";"km";"municipio";"causa_acidente";"tipo_acidente";"classificacao_acidente";"fase_dia";"sentido_via";"condicao_metereologica";"tipo_pista";"tracado_via";"uso_solo";"pessoas";"mortos";"feridos_leves";"feridos_graves";"ilesos";"ignorados";"feridos";"veiculos";"latitude";"longitude";"regional";"delegacia";"uop"
220808;2019-07-08;"segunda-feira";"18:15:00";"RJ";40;105;"DUQUE DE CAXIAS";"Desobediência às normas de trânsito pelo condutor";"Colisão transversal";"Com Vítimas Feridas";"Anoitecer";"Crescente";"Nublado";"Dupla";"Reta";"Sim";2;0;1;0;1;0;1;2;-22,63784806;-43,28428824;"SPRF-RJ";"DEL01-RJ";"UOP01-DEL01-RJ"
220809;2019-07-08;"segunda-feira";"19:10:00";"RJ";393;280;"BARRA DO PIRAI";"Desobediência às normas de trânsito pelo condutor";"Colisão frontal";"Com Vítimas Feridas";"Plena Noite";"Crescente";"Céu Claro";"Simples";"Reta";"Sim";2;0;0;1;1;0;1;2;-22,47640785;-44,04924402;"SPRF-RJ";"DEL05-RJ";"UOP04-DEL05-RJ"
220810;2019-07-08;"segunda-feira";"18:10:00";"SC";101;192,5;"BIGUACU";"Falta de Atenção à Condução";"Colisão traseira";"Com Vítimas Feridas";"Plena Noite";"Decrescente";"Céu Claro";"Dupla";"Ponte";"Sim";4;0;1;0;2;1;1;3;-27,48443781;-48,64765238;"SPRF-SC";"DEL01-SC";"UOP01-DEL01-SC"
220811;2019-05-07;"terça-feira";"08:50:00";"ES";262;111,7;"VENDA NOVA DO IMIGRANTE";"Falta de Atenção à Condução";"Colisão transversal";"Com Vítimas Feridas";"Amanhecer";"Crescente";"Céu Claro";"Simples";"Interseção de Vias";"Não";2;0;0;1;1;0;1;2;-20,33748919;-41,20063448;"SPRF-ES";"DEL01-ES";"UOP02-DEL01-ES"
220812;2019-07-08;"segunda-feira";"10:45:00";"SC";282;83;"ALFREDO WAGNER";"Velocidade Incompatível";"Saída de leito carroçável";"Com Vítimas Feridas";"Pleno dia";"Crescente";"Céu Claro";"Simples";"Curva";"Não";1;0;1;0;0;0;1;1;-27,666153;-49,175022;"SPRF-SC";"DEL01-SC";"UOP03-DEL01-SC"
220813;2019-07-08;"segunda-feira";"19:00:00";"RJ";40;90;"PETROPOLIS";"Velocidade Incompatível";"Tombamento";"Com Vítimas Feridas";"Plena Noite";"Decrescente";"Nublado";"Simples";"Aclive;Curva";"Não";1;0;1;0;0;0;1;1;-22,5553;-43,229843;"SPRF-RJ";"DEL06-RJ";"UOP01-DEL06-RJ"
220815;2019-07-08;"segunda-feira";"19:15:00";"PE";424;69;"CAETES";"Desobediência às normas de trânsito pelo condutor";"Colisão frontal";"Com Vítimas Fatais";"Plena Noite";"Crescente";"Garoa/Chuvisco";"Simples";"Reta";"Não";3;1;0;1;1;0;1;2;-8,783158;-36,61478;"SPRF-PE";"DEL03-PE";"UOP01-DEL03-PE"
220818;2019-07-08;"segunda-feira";"19:15:00";"ES";101;286,8;"CARIACICA";"Ingestão de Álcool";"Colisão com objeto estático";"Sem Vítimas";"Plena Noite";"Decrescente";"Nublado";"Dupla";"Reta";"Sim";1;0;0;0;0;1;0;1;-20,25902175;-40,37753412;"SPRF-ES";"DEL01-ES";"UOP01-DEL01-ES"
220819;2019-07-08;"segunda-feira";"19:10:00";"SP";381;57;"MAIRIPORA";"Falta de Atenção à Condução";"Colisão traseira";"Com Vítimas Feridas";"Pleno dia";"Crescente";"Chuva";"Dupla";"Reta";"Sim";2;0;1;0;1;0;1;2;-23,2658219;-46,5839857;"SPRF-SP";"DEL03-SP";"UOP01-DEL03-SP"
220820;2019-07-08;"segunda-feira";"18:55:00";"SC";101;212,3;"PALHOCA";"Desobediência às normas de trânsito pelo condutor";"Colisão lateral";"Com Vítimas Feridas";"Pleno dia";"Crescente";"Céu Claro";"Dupla";"Reta";"Sim";2;0;0;1;1;0;1;2;-27,62996929;-48,65903871;"SPRF-SC";"DEL01-SC";"UOP02-DEL01-SC"
220822;2019-07-08;"segunda-feira";"19:00:00";"RS";116;223;"DOIS IRMAOS";"Desobediência às normas de trânsito pelo condutor";"Tombamento";"Com Vítimas Feridas";"Plena Noite";"Crescente";"Céu Claro";"Múltipla";"Reta";"Sim";1;0;1;0;0;0;1;1;-29,58827044;-51,09917696;"SPRF-RS";"DEL01-RS";"UOP02-DEL01-RS"
220823;2019-07-08;"segunda-feira";"19:30:00";"DF";70;11,3;"BRASILIA";"Falta de Atenção à Condução";"Colisão traseira";"Sem Vítimas";"Plena Noite";"Crescente";"Céu Claro";"Dupla";"Reta";"Sim";2;0;0;0;2;0;0;2;-15,79044688;-48,15187454;"SPRF-DF";"DEL01-DF";"UOP02-DEL03-DF"
220824;2019-07-08;"segunda-feira";"19:55:00";"PE";408;102;"SAO LOURENCO DA MATA";"Defeito Mecânico no Veículo";"Incêndio";"Sem Vítimas";"Plena Noite";"Decrescente";"Nublado";"Dupla";"Reta";"Não";1;0;0;0;1;0;0;1;-8,05323195;-35,00247996;"SPRF-PE";"DEL01-PE";"UOP01-DEL01-PE"
220825;2019-01-11;"sexta-feira";"13:50:00";"DF";20;11;"BRASILIA";"Falta de Atenção à Condução";"Colisão lateral";"Com Vítimas Feridas";"Pleno dia";"Decrescente";"Céu Claro";"Dupla";"Aclive";"Sim";3;0;0;1;2;0;1;2;-15,64654;-47,766422;"SPRF-DF";"DEL02-DF";"UOP01-DEL02-DF"
220826;2019-07-08;"segunda-feira";"19:10:00";"MG";356;267,4;"MURIAE";"Falta de Atenção à Condução";"Colisão transversal";"Com Vítimas Feridas";"Plena Noite";"Decrescente";"Céu Claro";"Simples";"Reta";"Sim";4;0;2;0;2;0;2;2;-21,125665;-42,352644;"SPRF-MG";"DEL07-MG";"UOP02-DEL07-MG"
220827;2019-07-08;"segunda-feira";"18:40:00";"MT";163;641,5;"SORRISO";"Ultrapassagem Indevida";"Saída de leito carroçável";"Com Vítimas Feridas";"Plena Noite";"Decrescente";"Céu Claro";"Simples";"Reta";"Não";1;0;1;0;0;0;1;1;-12,63028806;-55,77415466;"SPRF-MT";"DEL01-MT";"UOP01-DEL01-MT"
220828;2019-07-08;"segunda-feira";"19:15:00";"SC";101;328,1;"CAPIVARI DE BAIXO";"Desobediência às normas de trânsito pelo condutor";"Colisão transversal";"Com Vítimas Feridas";"Plena Noite";"Decrescente";"Nublado";"Simples";"Rotatória";"Sim";3;0;2;0;1;0;2;2;-28,43937419;-48,96197677;"SPRF-SC";"DEL02-SC";"UOP01-DEL02-SC"
220829;2019-07-08;"segunda-feira";"19:45:00";"SC";101;196;"BIGUACU";"Desobediência às normas de trânsito pelo condutor";"Colisão lateral";"Sem Vítimas";"Pleno dia";"Decrescente";"Céu Claro";"Dupla";"Reta";"Sim";3;0;0;0;3;0;0;3;-27,51101091;-48,64322292;"SPRF-SC";"DEL01-SC";"UOP01-DEL01-SC"
220831;2019-07-08;"segunda-feira";"18:20:00";"MG";50;171,8;"UBERABA";"Falta de Atenção à Condução";"Colisão lateral";"Com Vítimas Feridas";"Plena Noite";"Crescente";"Céu Claro";"Dupla";"Interseção de Vias";"Sim";2;0;1;0;0;1;1;2;-19,75144676;-47,9827559;"SPRF-MG";"DEL13-MG";"UOP01-DEL13-MG"
220835;2019-07-08;"segunda-feira";"18:45:00";"MG";381;178;"GOVERNADOR VALADARES";"Animais na Pista";"Atropelamento de Animal";"Com Vítimas Feridas";"Plena Noite";"Crescente";"Céu Claro";"Simples";"Reta";"Não";1;0;0;1;0;0;1;1;-19,02403311;-42,14619668;"SPRF-MG";"DEL06-MG";"UOP01-DEL06-MG"
220836;2019-07-08;"segunda-feira";"20:40:00";"PR";476;129;"CURITIBA";"Falta de Atenção do Pedestre";"Atropelamento de Pedestre";"Com Vítimas Feridas";"Plena Noite";"Decrescente";"Nublado";"Dupla";"Declive;Reta";"Sim";2;0;0;2;0;0;2;2;-25,440983;-49,233715;"SPRF-PR";"DEL01-PR";"UOP07-DEL01-PR"
220838;2019-07-08;"segunda-feira";"16:40:00";"MG";381;533;"ITATIAIUCU";"Velocidade Incompatível";"Capotamento";"Com Vítimas Feridas";"Pleno dia";"Crescente";"Sol";"Dupla";"Curva";"Não";1;0;1;0;0;0;1;1;-20,19896036;-44,38641307;"SPRF-MG";"DEL04-MG";"UOP03-DEL04-MG"
220839;2019-07-08;"segunda-feira";"20:20:00";"RJ";493;67;"NOVA IGUACU";"Animais na Pista";"Atropelamento de Animal";"Com Vítimas Feridas";"Plena Noite";"Decrescente";"Céu Claro";"Dupla";"Reta";"Sim";4;0;2;0;2;0;2;1;-22,68213325;-43,45916748;"SPRF-RJ";"DEL01-RJ";"UOP03-DEL01-RJ"
220841;2019-07-08;"segunda-feira";"19:30:00";"PI";316;219,5;"VALENCA DO PIAUI";"Falta de Atenção à Condução";"Colisão traseira";"Com Vítimas Feridas";"Plena Noite";"Decrescente";"Céu Claro";"Simples";"Declive";"Não";2;0;1;0;1;0;1;2;-6,46407203;-41,7452732;"SPRF-PI";"DEL04-PI";"UOP02-DEL04-PI"
220842;2019-07-08;"segunda-feira";"20:00:00";"PR";476;145,3;"ARAUCARIA";"Falta de Atenção à Condução";"Colisão transversal";"Com Vítimas Feridas";"Plena Noite";"Decrescente";"Céu Claro";"Múltipla";"Retorno Regulamentado";"Sim";3;0;1;1;1;0;2;2;-25,547749;-49,32095;"SPRF-PR";"DEL01-PR";"UOP06-DEL01-PR"
220843;2019-07-08;"segunda-feira";"17:20:00";"RO";174;55;"VILHENA";"Defeito na Via";"Capotamento";"Com Vítimas Feridas";"Anoitecer";"Decrescente";"Céu Claro";"Simples";"Curva";"Não";5;0;2;0;3;0;2;1;-12,46;-59,94119892;"SPRF-RO";"DEL04-RO";"UOP01-DEL04-RO"
220844;2019-07-08;"segunda-feira";"20:30:00";"PA";230;0;"MARABA";"Animais na Pista";"Atropelamento de Animal";"Com Vítimas Feridas";"Plena Noite";"Decrescente";"Céu Claro";"Simples";"Reta";"Não";2;0;1;0;1;0;1;1;-5,3825758;-48,99490356;"SPRF-PA";"DEL03-PA";"UOP01-DEL03-PA"
220845;2019-07-08;"segunda-feira";"20:20:00";"RN";101;120,1;"SAO JOSE DE MIPIBU";"Animais na Pista";"Atropelamento de Animal";"Com Vítimas Feridas";"Plena Noite";"Decrescente";"Céu Claro";"Dupla";"Reta";"Não";1;0;1;0;0;0;1;1;-6,03418788;-35,24864052;"SPRF-RN";"DEL01-RN";"UOP01-DEL01-RN"
220848;2019-07-08;"segunda-feira";"21:35:00";"PE";232;87;"GRAVATA";"Falta de Atenção à Condução";"Saída de leito carroçável";"Com Vítimas Feridas";"Plena Noite";"Crescente";"Céu Claro";"Simples";"Retorno Regulamentado";"Sim";2;0;1;0;1;0;1;1;-8,21379064;-35,62898606;"SPRF-PE";"DEL01-PE";"UOP02-DEL02PE"
220849;2019-07-08;"segunda-feira";"18:10:00";"MG";262;494,9;"MOEMA";"Velocidade Incompatível";"Saída de leito carroçável";"Com Vítimas Feridas";"Plena Noite";"Crescente";"Céu Claro";"Simples";"Reta";"Não";2;0;2;0;0;0;2;1;-19,78590815;-45,37959199;"SPRF-MG";"DEL08-MG";"UOP03-DEL08-MG"
220850;2019-07-08;"segunda-feira";"21:59:00";"PE";101;50;"ABREU E LIMA";"Falta de Atenção à Condução";"Colisão transversal";"Com Vítimas Feridas";"Plena Noite";"Crescente";"Céu Claro";"Múltipla";"Reta";"Sim";3;0;0;2;1;0;2;2;-7,90938602;-34,90123228;"SPRF-PE";"DEL01-PE";"UOP02-DEL01-PE"
220855;2019-07-08;"segunda-feira";"23:00:00";"MG";365;613,8;"UBERLANDIA";"Falta de Atenção à Condução";"Atropelamento de Pedestre";"Com Vítimas Feridas";"Plena Noite";"Crescente";"Céu Claro";"Simples";"Reta";"Sim";2;0;0;2;0;0;2;2;-18,884602;-48,26594;"SPRF-MG";"DEL15-MG";"UOP01-DEL15-MG"
220856;2019-07-08;"segunda-feira";"21:50:00";"MT";163;695;"LUCAS DO RIO VERDE";"Ultrapassagem Indevida";"Saída de leito carroçável";"Com Vítimas Feridas";"Plena Noite";"Crescente";"Céu Claro";"Simples";"Reta";"Não";1;0;1;0;0;0;1;1;-13,11801914;-55,95656369;"SPRF-MT";"DEL06-MT";"UOP01-DEL06-MT"
220857;2019-07-08;"segunda-feira";"20:00:00";"MA";230;1;"BARAO DE GRAJAU";"Ingestão de Álcool";"Queda de ocupante de veículo";"Com Vítimas Feridas";"Plena Noite";"Decrescente";"Céu Claro";"Simples";"Reta";"Sim";2;0;1;1;0;0;2;1;-6,75491021;-43,01659198;"SPRF-PI";"DEL03-PI";"UOP01-DEL03-PI"
220858;2019-07-09;"terça-feira";"00:20:00";"RS";290;56,5;"GLORINHA";"Condutor Dormindo";"Saída de leito carroçável";"Com Vítimas Feridas";"Plena Noite";"Decrescente";"Nublado";"Dupla";"Reta";"Não";4;0;4;0;0;0;4;1;-29,918623;-50,828213;"SPRF-RS";"DEL03-RS";"UOP01-DEL03-RS"
220859;2019-07-09;"terça-feira";"01:40:00";"GO";70;8,5;"AGUAS LINDAS DE GOIAS";"Ingestão de álcool e/ou substâncias psicoativas pelo pedestre";"Colisão com objeto estático";"Com Vítimas Feridas";"Plena Noite";"Crescente";"Céu Claro";"Dupla";"Declive;Curva";"Sim";1;0;1;0;0;0;1;1;-15,73558528;-48,27836292;"SPRF-DF";"DEL01-DF";"UOP02-DEL03-DF"
220860;2019-07-08;"segunda-feira";"20:00:00";"RO";364;84,3;"VILHENA";"Objeto estático sobre o leito carroçável";"Saída de leito carroçável";"Com Vítimas Feridas";"Plena Noite";"Decrescente";"Céu Claro";"Simples";"Curva";"Não";4;0;1;2;1;0;3;1;-12,41146228;-60,60665927;"SPRF-RO";"DEL04-RO";"DEL21/4-UOP03/RO"
220861;2019-07-08;"segunda-feira";"20:30:00";"MT";174;211,6;"FIGUEIROPOLIS DOESTE";"Animais na Pista";"Atropelamento de Animal";"Sem Vítimas";"Plena Noite";"Decrescente";"Céu Claro";"Simples";"Reta";"Não";1;0;0;0;1;0;0;1;-15,6445423;-58,76338202;"SPRF-MT";"DEL04-MT";"UOP01-DEL04-MT"
220862;2019-07-09;"terça-feira";"03:10:00";"MG";381;649,2;"SANTO ANTONIO DO AMPARO";"Ingestão de Álcool";"Colisão com objeto estático";"Com Vítimas Feridas";"Plena Noite";"Crescente";"Céu Claro";"Dupla";"Reta";"Sim";1;0;1;0;0;0;1;1;-20,95532801;-44,90685225;"SPRF-MG";"DEL04-MG";"UOP01-DEL04-MG"
220863;2019-07-09;"terça-feira";"00:40:00";"AC";364;263;"SENA MADUREIRA";"Defeito na Via";"Saída de leito carroçável";"Com Vítimas Feridas";"Plena Noite";"Crescente";"Céu Claro";"Simples";"Reta";"Não";2;0;1;0;1;0;1;1;-9,12884191;-68,59844188;"SPRF-AC";"DEL01-AC";"UOP01-DEL01-AC"
220866;2019-07-09;"terça-feira";"03:40:00";"MT";163;799;"SORRISO";"Condutor Dormindo";"Saída de leito carroçável";"Com Vítimas Feridas";"Plena Noite";"Crescente";"Ignorado";"Simples";"Reta";"Não";1;0;1;0;0;0;1;1;-12,29713884;-55,5701042;"SPRF-MT";"DEL06-MT";"UOP01-DEL06-MT"
220867;2019-07-09;"terça-feira";"02:20:00";"RJ";101;327;"NITEROI";"Ingestão de Álcool";"Colisão com objeto estático";"Sem Vítimas";"Plena Noite";"Decrescente";"Céu Claro";"Dupla";"Reta";"Não";1;0;0;0;1;0;0;1;-22,87223597;-43,14439952;"SPRF-RJ";"DEL02-RJ";"UOP02-DEL02-RJ"
220868;2019-07-09;"terça-feira";"05:20:00";"PE";101;69;"RECIFE";"Desobediência às normas de trânsito pelo pedestre";"Atropelamento de Pedestre";"Com Vítimas Feridas";"Amanhecer";"Crescente";"Nublado";"Dupla";"Reta";"Sim";2;0;1;0;0;1;1;2;-8,05933;-34,946066;"SPRF-PE";"DEL01-PE";"UOP01-DEL01-PE"
220870;2019-07-09;"terça-feira";"05:00:00";"MS";158;293,1;"TRES LAGOAS";"Animais na Pista";"Colisão com objeto estático";"Com Vítimas Feridas";"Amanhecer";"Crescente";"Céu Claro";"Múltipla";"Reta";"Não";1;0;0;1;0;0;1;1;-20,92155108;-51,79399994;"SPRF-MS";"DEL07-MS";"UOP01-DEL07-MS"
220873;2019-07-09;"terça-feira";"07:15:00";"RN";226;1;"NATAL";"Desobediência às normas de trânsito pelo condutor";"Colisão traseira";"Com Vítimas Feridas";"Pleno dia";"Crescente";"Céu Claro";"Simples";"Reta";"Sim";3;0;1;0;2;0;1;2;-5,80642132;-35,24167278;"SPRF-RN";"DEL01-RN";"UOP02-DEL01-RN"
220875;2019-07-09;"terça-feira";"05:49:00";"PA";163;997;"SANTAREM";"Objeto estático sobre o leito carroçável";"Colisão com objeto estático";"Com Vítimas Feridas";"Plena Noite";"Crescente";"Céu Claro";"Simples";"Declive";"Não";3;0;1;1;1;0;2;2;-2,49783536;-54,73382218;"SPRF-PA";"DEL05-PA";"UOP01-DEL05-PA"
220876;2019-07-09;"terça-feira";"06:45:00";"PA";316;51,8;"CASTANHAL";"Defeito na Via";"Saída de leito carroçável";"Com Vítimas Feridas";"Pleno dia";"Decrescente";"Nublado";"Dupla";"Reta";"Não";2;0;2;0;0;0;2;1;-1,30718453;-48,02733421;"SPRF-PA";"DEL01-PA";"UOP01-DEL01-PA"
220879;2019-07-09;"terça-feira";"08:00:00";"SC";101;200;"SAO JOSE";"Não guardar distância de segurança";"Colisão traseira";"Com Vítimas Feridas";"Pleno dia";"Crescente";"Céu Claro";"Dupla";"Reta";"Sim";2;0;1;0;1;0;1;2;-27,54018513;-48,62287714;"SPRF-SC";"DEL01-SC";"UOP01-DEL01-SC"
220885;2019-07-09;"terça-feira";"07:30:00";"PE";101;81,5;"JABOATAO DOS GUARARAPES";"Falta de Atenção do Pedestre";"Atropelamento de Pedestre";"Com Vítimas Feridas";"Pleno dia";"Crescente";"Céu Claro";"Dupla";"Reta";"Não";2;0;2;0;0;0;2;2;-8,1597489;-34,94024569;"SPRF-PE";"DEL01-PE";"UOP03-DEL01-PE"
220887;2019-07-09;"terça-feira";"06:45:00";"PB";230;13;"CABEDELO";"Falta de Atenção à Condução";"Colisão lateral";"Com Vítimas Feridas";"Pleno dia";"Decrescente";"Céu Claro";"Dupla";"Reta";"Sim";3;0;2;0;0;1;2;2;-7,0772;-34,8494;"SPRF-PB";"DEL01-PB";"UOP01-DEL01-PB"
220889;2019-07-01;"segunda-feira";"21:50:00";"RJ";101;316;"NITEROI";"Falta de Atenção à Condução";"Colisão traseira";"Com Vítimas Feridas";"Plena Noite";"Decrescente";"Céu Claro";"Dupla";"Reta";"Sim";3;0;2;0;1;0;2;2;-22,82835879;-43,09208739;"SPRF-RJ";"DEL02-RJ";"DEL5/2-UOP04/RJ"
220890;2019-05-27;"segunda-feira";"00:00:00";"SC";282;593;"SAUDADES";"Ingestão de álcool e/ou substâncias psicoativas pelo pedestre";"Saída de leito carroçável";"Sem Vítimas";"Plena Noite";"Decrescente";"Nublado";"Simples";"Curva";"Não";1;0;0;0;0;1;0;1;-26,826199;-53,10162;"SPRF-SC";"DEL07-SC";"UOP02-DEL07-SC"
220891;2019-07-09;"terça-feira";"07:40:00";"MA";135;95;"ITAPECURU MIRIM";"Falta de Atenção à Condução";"Colisão lateral";"Sem Vítimas";"Pleno dia";"Decrescente";"Céu Claro";"Simples";"Reta";"Não";2;0;0;0;2;0;0;2;-3,3279719;-44,44236412;"SPRF-MA";"DEL01-MA";"UOP02-DEL01-MA"
220892;2019-07-09;"terça-feira";"07:20:00";"SE";101;67,2;"MARUIM";"Defeito na Via";"Colisão frontal";"Sem Vítimas";"Pleno dia";"Decrescente";"Chuva";"Simples";"Reta";"Não";2;0;0;0;2;0;0;2;-10,71880732;-37,0657947;"SPRF-SE";"DEL01-SE";"UOP01-DEL01-SE"
220895;2019-06-09;"domingo";"00:15:00";"GO";40;27,4;"LUZIANIA";"Falta de Atenção à Condução";"Queda de ocupante de veículo";"Com Vítimas Feridas";"Plena Noite";"Decrescente";"Céu Claro";"Dupla";"Interseção de Vias";"Não";1;0;1;0;0;0;1;1;-16,26832044;-47,88331032;"SPRF-DF";"DEL01-DF";"UOP01-DEL01-DF"
220896;2019-07-09;"terça-feira";"07:40:00";"RO";364;422,5;"JARU";"Falta de Atenção à Condução";"Queda de ocupante de veículo";"Com Vítimas Feridas";"Pleno dia";"Decrescente";"Céu Claro";"Simples";"Reta";"Sim";1;0;1;0;0;0;1;1;-10,4597532;-62,4558043;"SPRF-RO";"DEL03-RO";"UOP02-DEL03-RO"
220898;2019-07-09;"terça-feira";"09:00:00";"MG";116;277,3;"TEOFILO OTONI";"Falta de Atenção à Condução";"Colisão transversal";"Com Vítimas Feridas";"Pleno dia";"Decrescente";"Nublado";"Dupla";"Interseção de Vias";"Sim";2;0;0;1;1;0;1;2;-17,859945;-41,515144;"SPRF-MG";"DEL11-MG";"UOP01-DEL11-MG"
220899;2019-07-09;"terça-feira";"06:00:00";"RO";364;422,5;"JARU";"Falta de Atenção à Condução";"Queda de ocupante de veículo";"Com Vítimas Feridas";"Amanhecer";"Decrescente";"Sol";"Simples";"Reta";"Sim";1;0;1;0;0;0;1;1;-10,4597532;-62,4558043;"SPRF-RO";"DEL03-RO";"UOP02-DEL03-RO"
220903;2019-07-09;"terça-feira";"10:00:00";"PB";230;16;"JOAO PESSOA";"Falta de Atenção à Condução";"Colisão traseira";"Com Vítimas Feridas";"Pleno dia";"Decrescente";"Sol";"Dupla";"Reta";"Sim";2;0;1;0;1;0;1;2;-7,11029106;-34,84303865;"SPRF-PB";"DEL01-PB";"UOP01-DEL01-PB"
220904;2019-07-08;"segunda-feira";"08:30:00";"RO";364;423;"JARU";"Falta de Atenção à Condução";"Colisão transversal";"Com Vítimas Feridas";"Pleno dia";"Crescente";"Céu Claro";"Simples";"Reta;Interseção de Vias";"Sim";2;0;1;0;1;0;1;2;-10,45220802;-62,46072003;"SPRF-RO";"DEL03-RO";"UOP02-DEL03-RO"
220905;2019-07-09;"terça-feira";"08:00:00";"RS";472;574,2;"URUGUAIANA";"Falta de Atenção à Condução";"Colisão transversal";"Com Vítimas Feridas";"Pleno dia";"Decrescente";"Céu Claro";"Simples";"Reta";"Sim";2;0;1;0;1;0;1;2;-29,763632;-57,049019;"SPRF-RS";"DEL13-RS";"UOP01-DEL13-RS"
220907;2019-07-09;"terça-feira";"09:10:00";"PA";316;51;"CASTANHAL";"Defeito na Via";"Queda de ocupante de veículo";"Com Vítimas Feridas";"Pleno dia";"Decrescente";"Céu Claro";"Dupla";"Declive";"Não";1;0;0;1;0;0;1;1;-1,30696138;-48,03478;"SPRF-PA";"DEL01-PA";"UOP01-DEL01-PA"
220908;2019-07-09;"terça-feira";"10:30:00";"PB";101;105,2;"ALHANDRA";"Falta de Atenção à Condução";"Colisão com objeto estático";"Com Vítimas Feridas";"Pleno dia";"Decrescente";"Sol";"Dupla";"Curva";"Não";3;0;2;0;1;0;2;1;-7,30814609;-34,94344185;"SPRF-PB";"DEL01-PB";"UOP01-DEL01-PB"
220909;2019-07-09;"terça-feira";"10:00:00";"GO";60;16,1;"ALEXANIA";"Falta de Atenção à Condução";"Saída de leito carroçável";"Com Vítimas Feridas";"Pleno dia";"Crescente";"Céu Claro";"Dupla";"Reta";"Não";1;0;1;0;0;0;1;1;-16,094168;-48,517212;"SPRF-DF";"DEL01-DF";"UOP01-DEL03-DF"
220910;2019-07-09;"terça-feira";"11:00:00";"PA";155;328;"MARABA";"Agressão Externa";"Saída de leito carroçável";"Com Vítimas Feridas";"Pleno dia";"Decrescente";"Céu Claro";"Simples";"Reta";"Não";3;0;1;0;2;0;1;1;-5,504199;-49,073174;"SPRF-PA";"DEL03-PA";"UOP01-DEL03-PA"
220911;2019-07-09;"terça-feira";"10:00:00";"RO";421;5,5;"ARIQUEMES";"Falta de Atenção à Condução";"Saída de leito carroçável";"Com Vítimas Feridas";"Pleno dia";"Decrescente";"Sol";"Simples";"Reta";"Não";1;0;1;0;0;0;1;1;-9,937808;-63,095142;"SPRF-RO";"DEL03-RO";"DEL21/3-UOP04/RO"
220912;2019-07-09;"terça-feira";"11:35:00";"MG";365;757;"ITUIUTABA";"Ultrapassagem Indevida";"Colisão lateral";"Com Vítimas Feridas";"Pleno dia";"Crescente";"Céu Claro";"Simples";"Reta";"Sim";2;0;1;0;1;0;1;2;-18,96358968;-49,4773831;"SPRF-MG";"DEL15-MG";"UOP03-DEL15-MG"
220915;2019-07-09;"terça-feira";"11:45:00";"SC";101;208;"SAO JOSE";"Desobediência às normas de trânsito pelo condutor";"Colisão lateral";"Com Vítimas Feridas";"Pleno dia";"Decrescente";"Céu Claro";"Dupla";"Reta;Declive";"Sim";2;0;1;0;1;0;1;2;-27,60327979;-48,63201818;"SPRF-SC";"DEL01-SC";"UOP01-DEL01-SC"
220916;2019-07-09;"terça-feira";"10:35:00";"RO";364;346;"JI-PARANA";"Falta de Atenção à Condução";"Atropelamento de Pedestre";"Com Vítimas Feridas";"Pleno dia";"Decrescente";"Sol";"Simples";"Reta";"Sim";2;0;1;0;1;0;1;2;-10,865874;-61,968647;"SPRF-RO";"DEL02-RO";"UOP01-DEL02-RO"
220917;2019-07-09;"terça-feira";"11:45:00";"SC";101;207,2;"SAO JOSE";"Não guardar distância de segurança";"Colisão lateral";"Com Vítimas Feridas";"Pleno dia";"Decrescente";"Céu Claro";"Dupla";"Curva";"Sim";3;0;1;0;2;0;1;2;-27,60001226;-48,6226467;"SPRF-SC";"DEL01-SC";"UOP01-DEL01-SC"
220918;2019-07-09;"terça-feira";"12:20:00";"SP";101;42,1;"UBATUBA";"Falta de Atenção à Condução";"Colisão transversal";"Com Vítimas Feridas";"Pleno dia";"Decrescente";"Sol";"Simples";"Reta";"Não";2;0;0;1;1;0;1;2;-23,41389607;-45,0531525;"SPRF-SP";"DEL06-SP";"UOP01-DEL06-SP"
220922;2019-07-09;"terça-feira";"11:45:00";"RN";226;40;"MACAIBA";"Animais na Pista";"Atropelamento de Animal";"Sem Vítimas";"Pleno dia";"Crescente";"Céu Claro";"Simples";"Reta";"Não";2;0;0;0;1;1;0;2;-5,92839425;-35,54055377;"SPRF-RN";"DEL01-RN";"UOP02-DEL01-RN"
220923;2019-06-23;"domingo";"15:30:00";"PR";369;154;"LONDRINA";"Falta de Atenção à Condução";"Tombamento";"Com Vítimas Feridas";"Pleno dia";"Decrescente";"Ignorado";"Dupla";"Reta";"Sim";1;0;1;0;0;0;1;1;-23,29735132;-51,20186538;"SPRF-PR";"DEL07-PR";"UOP01-DEL07-PR"
220926;2019-07-09;"terça-feira";"08:20:00";"MG";262;40;"MANHUACU";"Falta de Atenção à Condução";"Colisão transversal";"Com Vítimas Feridas";"Pleno dia";"Crescente";"Céu Claro";"Simples";"Reta";"Não";2;0;0;1;1;0;1;2;-20,27334219;-42,04913988;"SPRF-MG";"DEL06-MG";"UOP03-DEL06-MG"
220928;2019-07-09;"terça-feira";"13:00:00";"PE";101;158;"GAMELEIRA";"Defeito na Via";"Saída de leito carroçável";"Com Vítimas Feridas";"Pleno dia";"Crescente";"Sol";"Dupla";"Curva;Declive";"Sim";1;0;1;0;0;0;1;1;-8,55179162;-35,4051441;"SPRF-PE";"DEL01-PE";"UOP03-DEL01-PE"