"id";"data_inversa";"dia_semana";"horario";"uf";"br";"km";"municipio";"causa_acidente";"tipo_acidente";"classificacao_acidente";"fase_dia";"sentido_via";"condicao_metereologica";"tipo_pista";"tracado_via";"uso_solo";"pessoas";"mortos";"feridos_leves";"feridos_graves";"ilesos";"ignorados";"feridos";"veiculos";"latitude";"longitude";"regional";"delegacia";"uop"
221175;2019-07-10;"quarta-feira";"15:45:00";"MG";381;494;"BETIM";"Não guardar distância de segurança";"Tombamento";"Com Vítimas Feridas";"Pleno dia";"Decrescente";"Sol";"Dupla";"Declive;Curva";"Sim";1;0;1;0;0;0;1;1;-19,985563;-44,20318;"SPRF-MG";"DEL01-MG";"UOP03-DEL01-MG"
221176;2019-07-10;"quarta-feira";"16:40:00";"ES";262;4,5;"CARIACICA";"Desobediência às normas de trânsito pelo condutor";"Queda de ocupante de veículo";"Com Vítimas Feridas";"Pleno dia";"Decrescente";"Céu Claro";"Dupla";"Reta";"Sim";2;0;1;0;1;0;1;2;-20,33609327;-40,37812784;"SPRF-ES";"DEL01-ES";"UOP01-DEL01-ES"
221177;2019-07-10;"quarta-feira";"16:20:00";"ES";101;141;"LINHARES";"Velocidade Incompatível";"Capotamento";"Com Vítimas Feridas";"Pleno dia";"Crescente";"Céu Claro";"Simples";"Reta";"Sim";1;0;1;0;0;0;1;1;-19,32655693;-40,07192387;"SPRF-ES";"DEL04-ES";"UOP01-DEL04-ES"
221179;2019-07-10;"quarta-feira";"13:45:00";"PI";135;339;"SANTA LUZ";"Ingestão de Álcool";"Saída de leito carroçável";"Com Vítimas Feridas";"Pleno dia";"Crescente";"Céu Claro";"Simples";"Reta";"Não";1;0;1;0;0;0;1;1;-8,99583784;-44,29597012;"SPRF-PI";"DEL03-PI";"UOP02-DEL03-PI"
221186;2019-07-10;"quarta-feira";"17:00:00";"RS";470;222,6;"GARIBALDI";"Desobediência às normas de trânsito pelo condutor";"Colisão transversal";"Com Vítimas Feridas";"Anoitecer";"Crescente";"Sol";"Simples";"Retorno Regulamentado";"Não";3;0;0;2;1;0;2;2;-29,20372835;-51,51786908;"SPRF-RS";"DEL06-RS";"UOP01-DEL06-RS"
221187;2019-07-10;"quarta-feira";"17:05:00";"SP";153;61,6;"SAO JOSE DO RIO PRETO";"Falta de Atenção à Condução";"Colisão traseira";"Com Vítimas Feridas";"Pleno dia";"Crescente";"Céu Claro";"Dupla";"Reta;Aclive";"Sim";3;0;2;0;1;0;2;2;-20,80502876;-49,35574909;"SPRF-SP";"DEL09-SP";"UOP01-DEL09-SP"
221190;2019-06-24;"segunda-feira";"13:30:00";"PR";116;145;"MANDIRITUBA";"Falta de Atenção à Condução";"Danos eventuais";"Com Vítimas Feridas";"Pleno dia";"Crescente";"Céu Claro";"Simples";"Curva";"Sim";1;0;1;0;0;0;1;1;-25,81107622;-49,32706833;"SPRF-PR";"DEL01-PR";"UOP03-DEL01-PR"
221191;2019-07-10;"quarta-feira";"17:45:00";"RS";101;24,5;"TRES CACHOEIRAS";"Falta de Atenção à Condução";"Colisão transversal";"Com Vítimas Feridas";"Anoitecer";"Decrescente";"Céu Claro";"Simples";"Reta";"Sim";2;0;1;0;1;0;1;2;-29,45522886;-49,92522608;"SPRF-RS";"DEL03-RS";"UOP02-DEL03-RS"
221193;2019-07-10;"quarta-feira";"18:20:00";"SC";280;2,4;"SAO FRANCISCO DO SUL";"Falta de Atenção à Condução";"Queda de ocupante de veículo";"Com Vítimas Feridas";"Plena Noite";"Decrescente";"Nublado";"Simples";"Reta";"Não";2;0;1;0;1;0;1;1;-26,23700996;-48,61979093;"SPRF-SC";"DEL03-SC";"UOP03-DEL03-SC"
221194;2019-07-10;"quarta-feira";"17:30:00";"RJ";116;192;"QUEIMADOS";"Agressão Externa";"Tombamento";"Com Vítimas Feridas";"Plena Noite";"Decrescente";"Céu Claro";"Dupla";"Reta";"Não";4;0;1;1;2;0;2;2;-22,74207737;-43,5192401;"SPRF-RJ";"DEL01-RJ";"UOP03-DEL01-RJ"
221195;2019-07-10;"quarta-feira";"18:10:00";"SC";101;201,7;"BIGUACU";"Falta de Atenção à Condução";"Colisão traseira";"Com Vítimas Feridas";"Plena Noite";"Crescente";"Céu Claro";"Dupla";"Reta";"Sim";2;0;0;1;1;0;1;2;-27,54836599;-48,61977975;"SPRF-SC";"DEL01-SC";"UOP01-DEL01-SC"
221198;2019-07-10;"quarta-feira";"18:50:00";"SC";101;199,7;"SAO JOSE";"Falta de Atenção à Condução";"Colisão traseira";"Com Vítimas Feridas";"Plena Noite";"Crescente";"Nublado";"Múltipla";"Reta";"Sim";3;0;1;0;2;0;1;3;-27,53413705;-48,63003205;"SPRF-SC";"DEL01-SC";"UOP01-DEL01-SC"
221200;2019-07-10;"quarta-feira";"18:13:00";"SC";101;413;"ARARANGUA";"Falta de Atenção à Condução";"Colisão transversal";"Com Vítimas Fatais";"Plena Noite";"Crescente";"Ignorado";"Simples";"Reta";"Sim";2;1;0;0;1;0;0;2;-28,94605997;-49,50428402;"SPRF-SC";"DEL02-SC";"UOP02-DEL02-SC"
221201;2019-07-10;"quarta-feira";"19:00:00";"SE";235;54;"ITABAIANA";"Falta de Atenção à Condução";"Colisão traseira";"Com Vítimas Feridas";"Plena Noite";"Crescente";"Chuva";"Simples";"Reta";"Sim";2;0;1;0;1;0;1;2;-10,676047;-37,443279;"SPRF-SE";"DEL01-SE";"UOP02-DEL01-SE"
221202;2019-07-10;"quarta-feira";"18:15:00";"MG";381;923;"CAMANDUCAIA";"Falta de Atenção à Condução";"Colisão transversal";"Com Vítimas Feridas";"Plena Noite";"Decrescente";"Céu Claro";"Dupla";"Retorno Regulamentado;Curva";"Não";3;0;1;0;2;0;1;2;-22,7671484;-46,22667493;"SPRF-MG";"DEL16-MG";"UOP03-DEL16-MG"
221203;2019-07-10;"quarta-feira";"17:45:00";"MG";116;415,9;"GOVERNADOR VALADARES";"Desobediência às normas de trânsito pelo condutor";"Colisão transversal";"Sem Vítimas";"Anoitecer";"Decrescente";"Céu Claro";"Múltipla";"Curva";"Sim";2;0;0;0;2;0;0;2;-18,88401297;-41,94924399;"SPRF-MG";"DEL06-MG";"UOP01-DEL06-MG"
221206;2019-07-10;"quarta-feira";"17:40:00";"MG";262;366;"JUATUBA";"Falta de Atenção à Condução";"Tombamento";"Com Vítimas Feridas";"Anoitecer";"Crescente";"Céu Claro";"Dupla";"Curva";"Sim";1;0;1;0;0;0;1;1;-19,974217;-44,261798;"SPRF-MG";"DEL01-MG";"UOP03-DEL01-MG"
221209;2019-07-10;"quarta-feira";"19:00:00";"SP";116;464;"PARIQUERA-ACU";"Falta de Atenção à Condução";"Atropelamento de Pedestre";"Com Vítimas Fatais";"Plena Noite";"Decrescente";"Nublado";"Dupla";"Reta";"Não";2;1;0;0;1;0;0;2;-24,63517676;-47,90877722;"SPRF-SP";"DEL05-SP";"UOP01-DEL05-SP"
221210;2019-07-10;"quarta-feira";"19:15:00";"SC";470;89,1;"ASCURRA";"Falta de Atenção à Condução";"Colisão transversal";"Com Vítimas Feridas";"Plena Noite";"Crescente";"Nublado";"Simples";"Retorno Regulamentado";"Não";4;0;2;0;2;0;2;2;-26,96216379;-49,37091708;"SPRF-SC";"DEL04-SC";"UOP01-DEL04-SC"
221211;2019-07-10;"quarta-feira";"19:30:00";"ES";262;169,3;"IBATIBA";"Falta de Atenção à Condução";"Colisão traseira";"Com Vítimas Feridas";"Plena Noite";"Crescente";"Céu Claro";"Simples";"Interseção de Vias";"Não";2;0;0;1;0;1;1;2;-20,26410945;-41,58071995;"SPRF-ES";"DEL01-ES";"UOP02-DEL01-ES"
221212;2019-07-10;"quarta-feira";"19:00:00";"PB";104;129,2;"CAMPINA GRANDE";"Ingestão de Álcool";"Capotamento";"Com Vítimas Feridas";"Plena Noite";"Decrescente";"Céu Claro";"Simples";"Interseção de Vias";"Não";2;0;2;0;0;0;2;1;-7,28120589;-35,88915693;"SPRF-PB";"DEL02-PB";"UOP01-DEL02-PB"
221215;2019-07-10;"quarta-feira";"18:30:00";"BA";418;86,5;"NOVA VICOSA";"Animais na Pista";"Colisão traseira";"Com Vítimas Feridas";"Plena Noite";"Crescente";"Nublado";"Simples";"Interseção de Vias";"Sim";1;0;1;0;0;0;1;1;-17,89416138;-39,80761893;"SPRF-BA";"DEL09-BA";"UOP02-DEL09-BA"
221217;2019-06-24;"segunda-feira";"21:25:00";"MG";153;58,7;"MONTE ALEGRE DE MINAS";"Sinalização da via insuficiente ou inadequada";"Queda de ocupante de veículo";"Com Vítimas Feridas";"Plena Noite";"Decrescente";"Céu Claro";"Simples";"Reta";"Não";1;0;0;1;0;0;1;1;-18,87055464;-49,06391144;"SPRF-MG";"DEL15-MG";"UOP03-DEL15-MG"
221218;2019-07-10;"quarta-feira";"19:14:00";"PR";153;2,3;"JACAREZINHO";"Falta de Atenção à Condução";"Colisão com objeto estático";"Com Vítimas Feridas";"Plena Noite";"Decrescente";"Céu Claro";"Simples";"Reta";"Não";2;0;2;0;0;0;2;1;-23,01063981;-49,90871127;"SPRF-PR";"DEL07-PR";"UOP04-DEL07-PR"
221219;2019-07-10;"quarta-feira";"19:00:00";"MT";163;765;"SORRISO";"Animais na Pista";"Atropelamento de Animal";"Sem Vítimas";"Plena Noite";"Crescente";"Céu Claro";"Simples";"Reta";"Não";1;0;0;0;1;0;0;1;-12,56152378;-55,72013881;"SPRF-MT";"DEL06-MT";"UOP01-DEL06-MT"
221220;2019-07-10;"quarta-feira";"19:30:00";"MG";381;486,5;"BETIM";"Desobediência às normas de trânsito pelo pedestre";"Atropelamento de Pedestre";"Com Vítimas Feridas";"Plena Noite";"Crescente";"Céu Claro";"Múltipla";"Reta";"Sim";3;0;1;1;0;1;2;2;-19,95584283;-44,10898089;"SPRF-MG";"DEL01-MG";"UOP03-DEL01-MG"
221221;2019-07-10;"quarta-feira";"19:50:00";"ES";101;145;"LINHARES";"Falta de Atenção à Condução";"Colisão transversal";"Com Vítimas Feridas";"Plena Noite";"Crescente";"Céu Claro";"Simples";"Interseção de Vias";"Sim";3;0;2;0;1;0;2;2;-19,35875521;-40,06434917;"SPRF-ES";"DEL04-ES";"UOP01-DEL04-ES"
221223;2019-07-10;"quarta-feira";"18:50:00";"MT";70;521;"VARZEA GRANDE";"Falta de Atenção à Condução";"Colisão traseira";"Com Vítimas Feridas";"Anoitecer";"Crescente";"Céu Claro";"Simples";"Interseção de Vias";"Sim";2;0;1;0;1;0;1;2;-15,66998211;-56,18236542;"SPRF-MT";"DEL01-MT";"DEL2/4-UOP02/MT"
221224;2019-07-10;"quarta-feira";"20:20:00";"RS";116;514;"PELOTAS";"Desobediência às normas de trânsito pelo condutor";"Colisão transversal";"Com Vítimas Feridas";"Plena Noite";"Decrescente";"Céu Claro";"Simples";"Interseção de Vias";"Sim";2;0;0;1;1;0;1;2;-31,65213506;-52,33684672;"SPRF-RS";"DEL07-RS";"UOP01-DEL07-RS"
221227;2019-07-10;"quarta-feira";"20:00:00";"PE";407;129;"PETROLINA";"Desobediência às normas de trânsito pelo condutor";"Colisão transversal";"Com Vítimas Feridas";"Plena Noite";"Decrescente";"Nublado";"Dupla";"Rotatória";"Sim";2;0;1;0;1;0;1;2;-9,39958299;-40,50459298;"SPRF-PE";"DEL06-PE";"UOP01-DEL06-PE"
221228;2019-07-10;"quarta-feira";"08:45:00";"PR";376;4,2;"MANDAGUARI";"Desobediência às normas de trânsito pelo condutor";"Colisão transversal";"Com Vítimas Feridas";"Plena Noite";"Crescente";"Céu Claro";"Simples";"Reta";"Sim";3;0;2;0;0;1;2;2;-23,51783695;-51,68131828;"SPRF-PR";"DEL07-PR";"UOP01-DEL09-PR"
221229;2019-07-10;"quarta-feira";"18:10:00";"SC";280;144,3;"MAFRA";"Animais na Pista";"Atropelamento de Animal";"Com Vítimas Feridas";"Plena Noite";"Crescente";"Céu Claro";"Simples";"Aclive;Curva";"Não";1;0;0;1;0;0;1;1;-26,24513497;-49,64589702;"SPRF-SC";"DEL06-SC";"UOP03-DEL06-SC"
221230;2019-07-10;"quarta-feira";"20:20:00";"PR";369;134;"IBIPORA";"Velocidade Incompatível";"Queda de ocupante de veículo";"Com Vítimas Feridas";"Plena Noite";"Crescente";"Céu Claro";"Simples";"Declive;Reta";"Não";1;0;0;1;0;0;1;1;-23,26156374;-51,018067;"SPRF-PR";"DEL07-PR";"UOP01-DEL07-PR"
221231;2019-07-10;"quarta-feira";"19:50:00";"SC";116;6,9;"MAFRA";"Falta de Atenção à Condução";"Colisão transversal";"Com Vítimas Feridas";"Plena Noite";"Decrescente";"Céu Claro";"Simples";"Reta";"Sim";4;0;2;0;2;0;2;2;-26,14644691;-49,82305806;"SPRF-SC";"DEL06-SC";"UOP01-DEL06-SC"
221232;2019-07-10;"quarta-feira";"18:00:00";"RJ";101;60;"CAMPOS DOS GOYTACAZES";"Desobediência às normas de trânsito pelo condutor";"Colisão transversal";"Com Vítimas Feridas";"Plena Noite";"Decrescente";"Céu Claro";"Simples";"Reta";"Não";2;0;1;0;1;0;1;2;-21,67518959;-41,2701416;"SPRF-RJ";"DEL08-RJ";"UOP01-DEL08-RJ"
221236;2019-07-10;"quarta-feira";"21:00:00";"PR";277;726,4;"FOZ DO IGUACU";"Falta de Atenção à Condução";"Colisão transversal";"Com Vítimas Feridas";"Plena Noite";"Decrescente";"Céu Claro";"Dupla";"Curva";"Sim";2;0;1;0;1;0;1;2;-25,5106015;-54,55481999;"SPRF-PR";"DEL05-PR";"UOP03-DEL05-PR"
221238;2019-07-10;"quarta-feira";"21:50:00";"MG";116;350,8;"JAMPRUCA";"Ultrapassagem Indevida";"Colisão frontal";"Com Vítimas Feridas";"Plena Noite";"Decrescente";"Nublado";"Simples";"Declive;Curva";"Não";3;0;3;0;0;0;3;2;-18,38628992;-41,81300101;"SPRF-MG";"DEL11-MG";"UOP01-DEL11-MG"
221241;2019-07-10;"quarta-feira";"22:00:00";"PR";376;176,5;"MARINGA";"Não guardar distância de segurança";"Colisão traseira";"Com Vítimas Feridas";"Plena Noite";"Decrescente";"Céu Claro";"Dupla";"Reta";"Sim";1;0;1;0;0;0;1;1;-23,41269173;-51,93158327;"SPRF-PR";"DEL07-PR";"UOP01-DEL09-PR"
221244;2019-07-10;"quarta-feira";"22:00:00";"PR";376;179;"MARINGA";"Ingestão de Álcool";"Colisão lateral";"Com Vítimas Feridas";"Plena Noite";"Crescente";"Céu Claro";"Dupla";"Reta";"Sim";2;0;1;0;0;1;1;2;-23,42244278;-51,90360392;"SPRF-PR";"DEL07-PR";"UOP01-DEL09-PR"
221245;2019-07-10;"quarta-feira";"20:55:00";"RJ";101;284;"ITABORAI";"Objeto estático sobre o leito carroçável";"Capotamento";"Com Vítimas Feridas";"Plena Noite";"Decrescente";"Céu Claro";"Dupla";"Reta";"Não";1;0;1;0;0;0;1;1;-22,74431564;-42,80870139;"SPRF-RJ";"DEL02-RJ";"UOP03-DEL02-RJ"
221246;2019-07-10;"quarta-feira";"22:25:00";"MA";10;250,2;"IMPERATRIZ";"Não guardar distância de segurança";"Colisão traseira";"Com Vítimas Feridas";"Plena Noite";"Decrescente";"Céu Claro";"Simples";"Reta";"Sim";2;0;1;0;1;0;1;2;-5,550874;-47,459305;"SPRF-MA";"DEL04-MA";"UOP01-DEL04-MA"
221248;2019-07-10;"quarta-feira";"22:30:00";"SC";101;128,8;"BALNEARIO CAMBORIU";"Desobediência às normas de trânsito pelo pedestre";"Atropelamento de Pedestre";"Com Vítimas Feridas";"Plena Noite";"Crescente";"Nublado";"Dupla";"Curva";"Não";2;0;0;1;1;0;1;2;-26,97284292;-48,68299451;"SPRF-SC";"DEL04-SC";"UOP03-DEL04-SC"
221252;2019-07-10;"quarta-feira";"16:30:00";"MS";163;171,7;"JUTI";"Falta de Atenção à Condução";"Colisão frontal";"Com Vítimas Feridas";"Plena Noite";"Crescente";"Céu Claro";"Simples";"Interseção de Vias";"Sim";3;0;1;0;2;0;1;2;-22,87126231;-54,60236046;"SPRF-MS";"DEL09-MS";"UOP01-DEL09-MS"
221253;2019-07-10;"quarta-feira";"22:00:00";"MT";70;276;"CAMPO VERDE";"Desobediência às normas de trânsito pelo condutor";"Colisão lateral";"Sem Vítimas";"Plena Noite";"Decrescente";"Céu Claro";"Simples";"Reta";"Sim";2;0;0;0;2;0;0;2;-15,54342793;-55,15133768;"SPRF-MT";"DEL05-MT";"UOP01-DEL05-MT"
221254;2019-07-10;"quarta-feira";"21:45:00";"SC";282;461,9;"PONTE SERRADA";"Falta de Atenção à Condução";"Saída de leito carroçável";"Com Vítimas Feridas";"Plena Noite";"Crescente";"Céu Claro";"Simples";"Reta";"Sim";2;0;2;0;0;0;2;1;-26,856403;-52,041328;"SPRF-SC";"DEL07-SC";"UOP04-DEL07-SC"
221256;2019-07-11;"quinta-feira";"00:10:00";"MA";222;666;"ACAILANDIA";"Desobediência às normas de trânsito pelo condutor";"Colisão lateral";"Com Vítimas Feridas";"Plena Noite";"Crescente";"Céu Claro";"Simples";"Aclive";"Sim";2;0;1;0;1;0;1;2;-4,89816069;-47,39197619;"SPRF-MA";"DEL04-MA";"UOP03-DEL04-MA"
221261;2019-07-11;"quinta-feira";"01:15:00";"BA";101;514;"ITABUNA";"Animais na Pista";"Atropelamento de Animal";"Com Vítimas Feridas";"Plena Noite";"Crescente";"Nublado";"Simples";"Curva";"Não";1;0;1;0;0;0;1;1;-15,014705;-39,32914101;"SPRF-BA";"DEL05-BA";"UOP01-DEL05-BA"
221270;2019-07-11;"quinta-feira";"06:10:00";"CE";116;13;"FORTALEZA";"Avarias e/ou desgaste excessivo no pneu";"Queda de ocupante de veículo";"Com Vítimas Feridas";"Pleno dia";"Crescente";"Garoa/Chuvisco";"Múltipla";"Reta";"Sim";1;0;1;0;0;0;1;1;-3,86088501;-38,49715296;"SPRF-CE";"DEL01-CE";"UOP02-DEL01-CE"
221271;2019-07-11;"quinta-feira";"06:00:00";"PB";230;404;"POMBAL";"Ingestão de Álcool";"Colisão frontal";"Com Vítimas Feridas";"Amanhecer";"Crescente";"Céu Claro";"Simples";"Curva";"Sim";4;0;1;3;0;0;4;2;-6,7942;-37,7839;"SPRF-PB";"DEL03-PB";"UOP02-DEL03-PB"
221273;2019-07-11;"quinta-feira";"06:35:00";"MG";50;62,8;"UBERLANDIA";"Animais na Pista";"Atropelamento de Animal";"Com Vítimas Feridas";"Plena Noite";"Decrescente";"Céu Claro";"Dupla";"Ponte";"Não";1;0;1;0;0;0;1;1;-18,83741465;-48,250494;"SPRF-MG";"DEL15-MG";"UOP02-DEL15-MG"
221275;2019-07-11;"quinta-feira";"05:50:00";"MG";40;140,1;"JOAO PINHEIRO";"Condutor Dormindo";"Saída de leito carroçável";"Com Vítimas Feridas";"Amanhecer";"Decrescente";"Céu Claro";"Simples";"Curva";"Sim";3;0;3;0;0;0;3;1;-17,7389698;-46,20223198;"SPRF-MG";"DEL14-MG";"UOP01-DEL14-MG"
221277;2019-07-11;"quinta-feira";"06:10:00";"PA";155;285;"ELDORADO DO CARAJAS";"Defeito Mecânico no Veículo";"Queda de ocupante de veículo";"Com Vítimas Feridas";"Pleno dia";"Crescente";"Céu Claro";"Simples";"Reta";"Não";1;0;1;0;0;0;1;1;-5,85223587;-49,19313433;"SPRF-PA";"DEL03-PA";"UOP01-DEL03-PA"
221278;2019-07-11;"quinta-feira";"04:15:00";"SC";163;69;"SAO MIGUEL DO OESTE";"Condutor Dormindo";"Saída de leito carroçável";"Sem Vítimas";"Plena Noite";"Crescente";"Céu Claro";"Simples";"Reta";"Não";2;0;0;0;2;0;0;1;-26,74132699;-53,50120591;"SPRF-SC";"DEL07-SC";"UOP03-DEL07-SC"
221279;2019-07-11;"quinta-feira";"06:10:00";"MG";40;525;"CONTAGEM";"Falta de Atenção à Condução";"Tombamento";"Com Vítimas Feridas";"Pleno dia";"Crescente";"Céu Claro";"Dupla";"Reta";"Sim";1;0;1;0;0;0;1;1;-19,88361702;-44,05039336;"SPRF-MG";"DEL01-MG";"UOP02-DEL01-MG"
221281;2019-07-11;"quinta-feira";"07:13:00";"PR";369;518;"CASCAVEL";"Desobediência às normas de trânsito pelo condutor";"Colisão lateral";"Sem Vítimas";"Amanhecer";"Crescente";"Céu Claro";"Simples";"Reta";"Não";9;0;0;0;9;0;0;3;-24,9084;-53,3789;"SPRF-PR";"DEL04-PR";"UOP01-DEL04-PR"
221282;2019-07-11;"quinta-feira";"07:15:00";"PR";277;76;"SAO JOSE DOS PINHAIS";"Defeito Mecânico no Veículo";"Queda de ocupante de veículo";"Com Vítimas Feridas";"Pleno dia";"Crescente";"Céu Claro";"Dupla";"Reta";"Sim";1;0;1;0;0;0;1;1;-25,49144558;-49,17286277;"SPRF-PR";"DEL01-PR";"UOP01-DEL01-PR"
221283;2019-07-11;"quinta-feira";"06:50:00";"PB";101;122;"CAAPORA";"Velocidade Incompatível";"Saída de leito carroçável";"Com Vítimas Feridas";"Pleno dia";"Crescente";"Garoa/Chuvisco";"Dupla";"Curva";"Não";1;0;1;0;0;0;1;1;-7,45770928;-34,98072624;"SPRF-PB";"DEL01-PB";"UOP01-DEL01-PB"
221284;2019-07-11;"quinta-feira";"07:20:00";"PB";361;43,3;"CATINGUEIRA";"Defeito Mecânico no Veículo";"Colisão traseira";"Com Vítimas Feridas";"Pleno dia";"Crescente";"Nublado";"Simples";"Reta";"Sim";3;0;2;0;1;0;2;2;-7,11979089;-37,60909053;"SPRF-PB";"DEL03-PB";"UOP01-DEL03-PB"
221285;2019-07-11;"quinta-feira";"06:40:00";"ES";101;2;"SERRA";"Não guardar distância de segurança";"Colisão traseira";"Com Vítimas Feridas";"Pleno dia";"Decrescente";"Céu Claro";"Dupla";"Reta";"Não";2;0;1;0;1;0;1;2;-20,129093;-40,308125;"SPRF-ES";"DEL02-ES";"UOP01-DEL02-ES"
221286;2019-07-11;"quinta-feira";"05:40:00";"SP";116;148,2;"SAO JOSE DOS CAMPOS";"Restrição de Visibilidade";"Colisão traseira";"Com Vítimas Feridas";"Plena Noite";"Decrescente";"Nevoeiro/Neblina";"Dupla";"Reta";"Sim";2;0;1;0;1;0;1;2;-23,20067421;-45,8795018;"SPRF-SP";"DEL02-SP";"UOP01-DEL02-SP"
221287;2019-07-11;"quinta-feira";"07:30:00";"GO";153;495;"GOIANIA";"Falta de Atenção à Condução";"Colisão lateral";"Com Vítimas Feridas";"Pleno dia";"Decrescente";"Céu Claro";"Dupla";"Reta";"Sim";2;0;0;1;1;0;1;2;-16,6681;-49,2263;"SPRF-GO";"DEL01-GO";"UOP01-DEL01-GO"
221290;2019-06-25;"terça-feira";"17:52:00";"PR";277;80;"CURITIBA";"Falta de Atenção à Condução";"Colisão traseira";"Com Vítimas Feridas";"Anoitecer";"Decrescente";"Céu Claro";"Dupla";"Reta";"Sim";2;0;1;0;1;0;1;2;-25,568939;-49,181978;"SPRF-PR";"DEL01-PR";"UOP06-DEL01-PR"
221293;2019-07-11;"quinta-feira";"07:50:00";"RS";158;327,3;"SANTA MARIA";"Falta de Atenção à Condução";"Colisão transversal";"Com Vítimas Feridas";"Pleno dia";"Crescente";"Céu Claro";"Simples";"Reta";"Sim";4;0;3;0;1;0;3;2;-29,714945;-53,81083;"SPRF-RS";"DEL09-RS";"UOP01-DEL09-RS"
221294;2019-07-11;"quinta-feira";"08:20:00";"SC";101;121;"ITAJAI";"Desobediência às normas de trânsito pelo condutor";"Tombamento";"Com Vítimas Feridas";"Pleno dia";"Crescente";"Céu Claro";"Dupla";"Reta";"Não";1;0;0;1;0;0;1;1;-26,92103178;-48,70856446;"SPRF-SC";"DEL04-SC";"UOP04-DEL04-SC"
221295;2019-07-11;"quinta-feira";"07:40:00";"CE";116;2,5;"FORTALEZA";"Não guardar distância de segurança";"Colisão traseira";"Com Vítimas Feridas";"Pleno dia";"Decrescente";"Chuva";"Múltipla";"Reta";"Sim";3;0;1;1;1;0;2;2;-3,77019802;-38,51724508;"SPRF-CE";"DEL01-CE";"UOP02-DEL01-CE"
221297;2019-07-11;"quinta-feira";"07:00:00";"SC";282;209,4;"LAGES";"Condutor Dormindo";"Colisão lateral";"Com Vítimas Feridas";"Pleno dia";"Decrescente";"Céu Claro";"Simples";"Reta;Aclive";"Não";4;0;3;0;1;0;3;3;-27,776926;-50,221893;"SPRF-SC";"DEL05-SC";"UOP01-DEL05-SC"
221298;2019-07-11;"quinta-feira";"08:40:00";"ES";101;269;"SERRA";"Falta de Atenção à Condução";"Colisão lateral";"Com Vítimas Feridas";"Pleno dia";"Decrescente";"Nublado";"Múltipla";"Reta";"Sim";3;0;2;0;1;0;2;2;-20,21740496;-40,26990578;"SPRF-ES";"DEL02-ES";"UOP01-DEL02-ES"
221299;2019-05-28;"terça-feira";"17:05:00";"PR";277;71,8;"SAO JOSE DOS PINHAIS";"Velocidade Incompatível";"Tombamento";"Com Vítimas Feridas";"Anoitecer";"Decrescente";"Chuva";"Dupla";"Reta";"Sim";1;0;1;0;0;0;1;1;-25,52920381;-49,08862791;"SPRF-PR";"DEL01-PR";"UOP01-DEL01-PR"
221301;2019-07-11;"quinta-feira";"09:20:00";"RS";158;329;"SANTA MARIA";"Restrição de Visibilidade";"Colisão transversal";"Sem Vítimas";"Pleno dia";"Crescente";"Céu Claro";"Simples";"Em Obras";"Sim";2;0;0;0;2;0;0;2;-29,70656383;-53,82849988;"SPRF-RS";"DEL09-RS";"UOP01-DEL09-RS"
221302;2019-07-11;"quinta-feira";"09:00:00";"RJ";40;105;"DUQUE DE CAXIAS";"Falta de Atenção à Condução";"Colisão com objeto estático";"Com Vítimas Feridas";"Pleno dia";"Crescente";"Céu Claro";"Múltipla";"Reta";"Sim";1;0;1;0;0;0;1;1;-22,63784806;-43,28428824;"SPRF-RJ";"DEL01-RJ";"UOP01-DEL01-RJ"
221303;2019-07-11;"quinta-feira";"08:40:00";"RJ";101;291;"ITABORAI";"Falta de Atenção à Condução";"Colisão traseira";"Com Vítimas Feridas";"Pleno dia";"Decrescente";"Céu Claro";"Dupla";"Em Obras;Reta";"Não";5;0;2;0;3;0;2;3;-22,76457445;-42,86989322;"SPRF-RJ";"DEL02-RJ";"UOP03-DEL02-RJ"
221304;2019-07-11;"quinta-feira";"06:50:00";"PB";230;160,6;"CAMPINA GRANDE";"Falta de Atenção à Condução";"Colisão transversal";"Com Vítimas Feridas";"Pleno dia";"Decrescente";"Chuva";"Simples";"Reta";"Sim";2;0;2;0;0;0;2;2;-7,244003;-35,937298;"SPRF-PB";"DEL02-PB";"UOP01-DEL02-PB"
221306;2019-07-11;"quinta-feira";"09:00:00";"RJ";116;181;"NOVA IGUACU";"Defeito Mecânico no Veículo";"Incêndio";"Sem Vítimas";"Pleno dia";"Decrescente";"Céu Claro";"Dupla";"Reta";"Sim";1;0;0;0;1;0;0;1;-22,761312;-43,423492;"SPRF-RJ";"DEL01-RJ";"UOP02-DEL01-RJ"
221308;2019-06-18;"terça-feira";"21:10:00";"ES";262;30;"DOMINGOS MARTINS";"Defeito Mecânico no Veículo";"Colisão frontal";"Com Vítimas Feridas";"Plena Noite";"Decrescente";"Céu Claro";"Simples";"Reta";"Não";1;0;1;0;0;0;1;1;-20,37451095;-40,56495316;"SPRF-ES";"DEL01-ES";"UOP01-DEL01-ES"
221309;2019-07-11;"quinta-feira";"09:50:00";"RJ";393;252;"BARRA DO PIRAI";"Falta de Atenção à Condução";"Colisão transversal";"Com Vítimas Feridas";"Pleno dia";"Crescente";"Céu Claro";"Simples";"Rotatória";"Não";2;0;1;0;1;0;1;2;-22,45392939;-43,81186724;"SPRF-RJ";"DEL05-RJ";"UOP04-DEL05-RJ"