"id";"data_inversa";"dia_semana";"horario";"uf";"br";"km";"municipio";"causa_acidente";"tipo_acidente";"classificacao_acidente";"fase_dia";"sentido_via";"condicao_metereologica";"tipo_pista";"tracado_via";"uso_solo";"pessoas";"mortos";"feridos_leves";"feridos_graves";"ilesos";"ignorados";"feridos";"veiculos";"latitude";"longitude";"regional";"delegacia";"uop"
221310;2019-07-11;"quinta-feira";"08:00:00";"PB";230;157,8;"CAMPINA GRANDE";"Defeito Mecânico no Veículo";"Saída de leito carroçável";"Sem Vítimas";"Pleno dia";"Decrescente";"Chuva";"Simples";"Reta";"Sim";1;0;0;0;1;0;0;1;-7,2582;-35,9267;"SPRF-PB";"DEL02-PB";"UOP01-DEL02-PB"
221312;2019-06-17;"segunda-feira";"18:10:00";"BA";407;128,8;"SENHOR DO BONFIM";"Animais na Pista";"Atropelamento de Animal";"Com Vítimas Feridas";"Plena Noite";"Decrescente";"Nublado";"Simples";"Reta";"Sim";2;0;2;0;0;0;2;1;-10,47059196;-40,17163891;"SPRF-BA";"DEL04-BA";"UOP01-DEL04-BA"
221313;2019-07-11;"quinta-feira";"10:20:00";"RJ";465;4;"SEROPEDICA";"Falta de Atenção à Condução";"Colisão lateral";"Com Vítimas Feridas";"Pleno dia";"Crescente";"Céu Claro";"Simples";"Reta";"Sim";2;0;1;0;1;0;1;2;-22,740971;-43,705597;"SPRF-RJ";"DEL01-RJ";"UOP01-DEL01-MS"
221314;2019-07-11;"quinta-feira";"10:25:00";"GO";50;98,9;"CRISTALINA";"Falta de Atenção à Condução";"Colisão transversal";"Com Vítimas Feridas";"Pleno dia";"Crescente";"Céu Claro";"Simples";"Reta";"Sim";3;0;1;0;2;0;1;2;-16,9309;-47,7117;"SPRF-DF";"DEL01-DF";"UOP02-DEL01-DF"
221316;2019-07-11;"quinta-feira";"08:00:00";"RS";470;173;"VERANOPOLIS";"Falta de Atenção à Condução";"Saída de leito carroçável";"Sem Vítimas";"Pleno dia";"Crescente";"Céu Claro";"Simples";"Reta";"Não";1;0;0;0;0;1;0;1;-28,90074603;-51,55311438;"SPRF-RS";"DEL06-RS";"UOP02-DEL06-RS"
221317;2019-07-11;"quinta-feira";"08:00:00";"RJ";40;117;"DUQUE DE CAXIAS";"Falta de Atenção à Condução";"Tombamento";"Com Vítimas Feridas";"Pleno dia";"Crescente";"Céu Claro";"Múltipla";"Reta";"Sim";1;0;1;0;0;0;1;1;-22,745676;-43,2881;"SPRF-RJ";"DEL01-RJ";"UOP01-DEL01-RJ"
221318;2019-04-17;"quarta-feira";"17:30:00";"RS";290;395,9;"SANTA MARGARIDA DO SUL";"Não guardar distância de segurança";"Engavetamento";"Sem Vítimas";"Anoitecer";"Decrescente";"Céu Claro";"Simples";"Reta";"Não";5;0;0;0;5;0;0;3;-30,34264;-54,096786;"SPRF-RS";"DEL09-RS";"UOP02-DEL09-RS"
221325;2019-07-11;"quinta-feira";"10:50:00";"MG";40;532,7;"BELO HORIZONTE";"Falta de Atenção à Condução";"Engavetamento";"Com Vítimas Feridas";"Pleno dia";"Crescente";"Céu Claro";"Dupla";"Reta;Aclive";"Sim";4;0;1;0;3;0;1;3;-19,92372561;-44,01700789;"SPRF-MG";"DEL01-MG";"UOP02-DEL01-MG"
221327;2019-07-11;"quinta-feira";"10:50:00";"ES";101;147;"LINHARES";"Não guardar distância de segurança";"Colisão traseira";"Com Vítimas Feridas";"Pleno dia";"Decrescente";"Nublado";"Simples";"Reta";"Sim";3;0;1;0;0;2;1;2;-19,37887202;-40,06657892;"SPRF-ES";"DEL04-ES";"UOP01-DEL04-ES"
221328;2019-07-11;"quinta-feira";"09:40:00";"MG";459;102,6;"POUSO ALEGRE";"Não guardar distância de segurança";"Engavetamento";"Sem Vítimas";"Pleno dia";"Decrescente";"Sol";"Simples";"Reta";"Sim";6;0;0;0;5;1;0;4;-22,2271807;-45,90718286;"SPRF-MG";"DEL16-MG";"UOP01-DEL16-MG"
221329;2019-07-11;"quinta-feira";"11:25:00";"SP";116;229,2;"SAO PAULO";"Desobediência às normas de trânsito pelo condutor";"Colisão traseira";"Com Vítimas Feridas";"Pleno dia";"Crescente";"Céu Claro";"Simples";"Reta";"Não";1;0;1;0;0;0;1;1;-23,51291902;-46,57604698;"SPRF-SP";"DEL01-SP";"UOP01-DEL01-SP"
221331;2019-07-11;"quinta-feira";"10:50:00";"MA";135;18,6;"SAO LUIS";"Falta de Atenção à Condução";"Saída de leito carroçável";"Com Vítimas Feridas";"Pleno dia";"Crescente";"Céu Claro";"Dupla";"Curva";"Não";3;0;2;0;1;0;2;1;-2,71719899;-44,32099307;"SPRF-MA";"DEL01-MA";"UOP01-DEL01-MA"
221334;2019-07-11;"quinta-feira";"10:30:00";"PA";316;61,2;"CASTANHAL";"Não guardar distância de segurança";"Colisão traseira";"Com Vítimas Feridas";"Pleno dia";"Decrescente";"Céu Claro";"Dupla";"Reta";"Sim";2;0;1;0;1;0;1;2;-1,29763347;-47,93722456;"SPRF-PA";"DEL01-PA";"UOP01-DEL01-PA"
221335;2019-07-11;"quinta-feira";"11:11:00";"SC";101;209;"SAO JOSE";"Não guardar distância de segurança";"Colisão lateral";"Com Vítimas Feridas";"Pleno dia";"Crescente";"Céu Claro";"Múltipla";"Reta";"Sim";2;0;1;0;1;0;1;2;-27,61000542;-48,63895057;"SPRF-SC";"DEL01-SC";"UOP01-DEL01-SC"
221336;2019-07-11;"quinta-feira";"10:30:00";"PR";476;138,1;"CURITIBA";"Não guardar distância de segurança";"Colisão lateral";"Com Vítimas Feridas";"Pleno dia";"Decrescente";"Sol";"Múltipla";"Reta";"Sim";4;0;0;1;1;2;1;3;-25,505564;-49,283417;"SPRF-PR";"DEL01-PR";"UOP03-DEL01-PR"
221337;2019-07-11;"quinta-feira";"11:00:00";"PR";469;14,5;"FOZ DO IGUACU";"Falta de Atenção à Condução";"Colisão transversal";"Sem Vítimas";"Pleno dia";"Decrescente";"Sol";"Simples";"Reta";"Sim";2;0;0;0;2;0;0;2;-25,5781;-54,5411;"SPRF-PR";"DEL05-PR";"UOP04-DEL05-PR"
221340;2019-07-11;"quinta-feira";"10:20:00";"BA";367;22;"PORTO SEGURO";"Desobediência às normas de trânsito pelo condutor";"Colisão traseira";"Com Vítimas Feridas";"Pleno dia";"Decrescente";"Nublado";"Simples";"Curva";"Sim";3;0;2;0;1;0;2;2;-16,44149625;-39,06566204;"SPRF-BA";"DEL09-BA";"UOP01-DEL09-BA"
221341;2019-07-06;"sábado";"19:00:00";"BA";20;202,9;"LUIS EDUARDO MAGALHAES";"Desobediência às normas de trânsito pelo condutor";"Colisão lateral";"Com Vítimas Feridas";"Plena Noite";"Crescente";"Céu Claro";"Simples";"Reta";"Não";7;0;6;1;0;0;7;2;-12,164382;-45,821056;"SPRF-BA";"DEL10-BA";"UOP01-DEL10-BA"
221345;2019-07-11;"quinta-feira";"11:40:00";"RN";101;94;"NATAL";"Não guardar distância de segurança";"Colisão lateral";"Com Vítimas Feridas";"Pleno dia";"Crescente";"Sol";"Dupla";"Reta";"Sim";2;0;1;0;1;0;1;2;-5,83176615;-35,21191342;"SPRF-RN";"DEL01-RN";"UOP01-DEL01-RN"
221346;2019-07-11;"quinta-feira";"10:23:00";"MT";163;666;"LUCAS DO RIO VERDE";"Falta de Atenção à Condução";"Saída de leito carroçável";"Com Vítimas Feridas";"Pleno dia";"Decrescente";"Nublado";"Simples";"Reta";"Não";1;0;1;0;0;0;1;1;-13,27135799;-56,0251236;"SPRF-MT";"DEL06-MT";"UOP01-DEL06-MT"
221348;2019-07-11;"quinta-feira";"12:10:00";"BA";324;516;"FEIRA DE SANTANA";"Ultrapassagem Indevida";"Colisão transversal";"Com Vítimas Feridas";"Pleno dia";"Decrescente";"Céu Claro";"Dupla";"Interseção de Vias";"Sim";2;0;1;0;1;0;1;2;-12,2417119;-38,93768485;"SPRF-BA";"DEL02-BA";"UOP01-DEL02-BA"
221352;2019-07-11;"quinta-feira";"12:00:00";"MG";116;653,5;"FERVEDOURO";"Não guardar distância de segurança";"Colisão traseira";"Com Vítimas Feridas";"Pleno dia";"Crescente";"Sol";"Simples";"Curva";"Sim";2;0;1;0;1;0;1;2;-20,73282436;-42,28398534;"SPRF-MG";"DEL07-MG";"UOP03-DEL07-MG"
221353;2019-07-10;"quarta-feira";"22:10:00";"BA";367;80,9;"EUNAPOLIS";"Ultrapassagem Indevida";"Colisão lateral";"Sem Vítimas";"Plena Noite";"Crescente";"Nublado";"Simples";"Curva;Declive";"Não";3;0;0;0;3;0;0;2;-16,37058596;-39,55168247;"SPRF-BA";"DEL09-BA";"UOP01-DEL09-BA"
221354;2019-07-11;"quinta-feira";"12:45:00";"RS";470;215;"BENTO GONCALVES";"Mal Súbito";"Queda de ocupante de veículo";"Com Vítimas Feridas";"Pleno dia";"Decrescente";"Céu Claro";"Simples";"Reta";"Não";1;0;1;0;0;0;1;1;-29,150635;-51,530241;"SPRF-RS";"DEL06-RS";"UOP01-DEL06-RS"
221355;2019-07-11;"quinta-feira";"12:40:00";"SC";280;50;"GUARAMIRIM";"Falta de Atenção à Condução";"Capotamento";"Com Vítimas Feridas";"Pleno dia";"Crescente";"Céu Claro";"Simples";"Reta";"Sim";2;0;1;0;1;0;1;2;-26,46193865;-48,94624829;"SPRF-SC";"DEL03-SC";"UOP03-DEL03-SC"
221356;2019-07-11;"quinta-feira";"13:30:00";"GO";50;99;"CRISTALINA";"Falta de Atenção à Condução";"Colisão transversal";"Com Vítimas Feridas";"Pleno dia";"Decrescente";"Céu Claro";"Simples";"Rotatória";"Sim";2;0;1;0;1;0;1;2;-16,9309;-47,7117;"SPRF-DF";"DEL01-DF";"UOP02-DEL01-DF"
221357;2019-06-30;"domingo";"17:30:00";"MG";381;584;"CARMOPOLIS DE MINAS";"Velocidade Incompatível";"Capotamento";"Com Vítimas Feridas";"Anoitecer";"Decrescente";"Céu Claro";"Dupla";"Curva";"Não";4;0;4;0;0;0;4;1;-20,52949002;-44,63874994;"SPRF-MG";"DEL04-MG";"UOP01-DEL04-MG"
221361;2019-07-11;"quinta-feira";"10:30:00";"RO";364;435;"JARU";"Desobediência às normas de trânsito pelo condutor";"Colisão lateral";"Com Vítimas Feridas";"Pleno dia";"Decrescente";"Sol";"Simples";"Reta";"Não";4;0;2;0;1;1;2;3;-10,38423694;-62,54709493;"SPRF-RO";"DEL03-RO";"UOP02-DEL03-RO"
221364;2019-07-11;"quinta-feira";"11:55:00";"SC";101;194;"BIGUACU";"Desobediência às normas de trânsito pelo condutor";"Colisão transversal";"Com Vítimas Feridas";"Pleno dia";"Crescente";"Sol";"Múltipla";"Viaduto";"Sim";2;0;1;0;1;0;1;2;-27,49927639;-48,65598768;"SPRF-SC";"DEL01-SC";"UOP01-DEL01-SC"
221366;2019-07-11;"quinta-feira";"13:20:00";"RN";101;60;"CEARA-MIRIM";"Fenômenos da Natureza";"Capotamento";"Com Vítimas Feridas";"Pleno dia";"Decrescente";"Nublado";"Simples";"Reta";"Não";2;0;1;0;1;0;1;1;-5,59753509;-35,26885986;"SPRF-RN";"DEL02-RN";"UOP01-DEL02-RN"
221370;2019-07-11;"quinta-feira";"08:00:00";"SC";282;329;"CAMPOS NOVOS";"Falta de Atenção à Condução";"Saída de leito carroçável";"Com Vítimas Feridas";"Pleno dia";"Crescente";"Céu Claro";"Simples";"Reta;Declive";"Não";1;0;1;0;0;0;1;1;-27,380089;-51,097698;"SPRF-SC";"DEL07-SC";"UOP06-DEL07-SC"
221371;2019-07-11;"quinta-feira";"14:35:00";"RS";392;99,6;"MORRO REDONDO";"Falta de Atenção à Condução";"Colisão lateral";"Com Vítimas Feridas";"Pleno dia";"Decrescente";"Céu Claro";"Simples";"Rotatória";"Não";2;0;1;0;1;0;1;2;-31,54130208;-52,56823006;"SPRF-RS";"DEL07-RS";"UOP01-DEL07-RS"
221375;2019-07-11;"quinta-feira";"13:15:00";"RS";153;53,1;"ERECHIM";"Falta de Atenção à Condução";"Colisão transversal";"Com Vítimas Feridas";"Pleno dia";"Crescente";"Céu Claro";"Simples";"Interseção de Vias";"Sim";5;0;3;0;2;0;3;2;-27,67588411;-52,290501;"SPRF-RS";"DEL08-RS";"UOP04-DEL08-RS"
221376;2019-07-11;"quinta-feira";"15:30:00";"MG";40;434,6;"PARAOPEBA";"Ingestão de Álcool";"Colisão lateral";"Sem Vítimas";"Pleno dia";"Crescente";"Céu Claro";"Dupla";"Reta;Declive";"Não";2;0;0;0;2;0;0;2;-19,21421334;-44,45770226;"SPRF-MG";"DEL02-MG";"UOP01-DEL02-MG"
221377;2019-07-11;"quinta-feira";"14:30:00";"RS";101;45;"TERRA DE AREIA";"Falta de Atenção do Pedestre";"Atropelamento de Pedestre";"Com Vítimas Feridas";"Pleno dia";"Decrescente";"Céu Claro";"Simples";"Reta";"Sim";2;0;1;0;1;0;1;2;-29,569855;-50,056385;"SPRF-RS";"DEL03-RS";"UOP02-DEL03-RS"
221378;2019-07-11;"quinta-feira";"15:25:00";"PR";376;415,2;"TIBAGI";"Objeto estático sobre o leito carroçável";"Danos eventuais";"Sem Vítimas";"Pleno dia";"Crescente";"Sol";"Simples";"Reta";"Não";1;0;0;0;1;0;0;1;-24,68944794;-50,58860779;"SPRF-PR";"DEL03-PR";"UOP02-DEL03-PR"
221379;2019-07-11;"quinta-feira";"15:30:00";"PE";424;11,9;"ARCOVERDE";"Falta de Atenção à Condução";"Saída de leito carroçável";"Com Vítimas Feridas";"Pleno dia";"Crescente";"Chuva";"Simples";"Curva";"Não";1;0;1;0;0;0;1;1;-8,49726767;-37,00122198;"SPRF-PE";"DEL03-PE";"UOP02-DEL03-PE"
221380;2019-07-11;"quinta-feira";"15:15:00";"CE";222;3,2;"CAUCAIA";"Desobediência às normas de trânsito pelo condutor";"Colisão transversal";"Com Vítimas Feridas";"Pleno dia";"Crescente";"Céu Claro";"Dupla";"Reta";"Sim";2;0;0;1;1;0;1;2;-3,736507;-38,65337;"SPRF-CE";"DEL01-CE";"UOP01-DEL01-CE"
221381;2019-07-11;"quinta-feira";"15:30:00";"RJ";116;167;"SAO JOAO DE MERITI";"Falta de Atenção à Condução";"Colisão lateral";"Com Vítimas Feridas";"Pleno dia";"Crescente";"Céu Claro";"Dupla";"Reta";"Sim";2;0;1;0;1;0;1;2;-22,81803977;-43,30787252;"SPRF-RJ";"DEL01-RJ";"UOP02-DEL01-RJ"
221382;2019-07-11;"quinta-feira";"15:20:00";"PB";230;137,1;"CAMPINA GRANDE";"Velocidade Incompatível";"Saída de leito carroçável";"Com Vítimas Feridas";"Pleno dia";"Decrescente";"Nublado";"Dupla";"Curva";"Não";1;0;1;0;0;0;1;1;-7,2766;-35,7739;"SPRF-PB";"DEL02-PB";"UOP01-DEL02-PB"
221385;2019-07-11;"quinta-feira";"12:15:00";"RS";158;282;"JULIO DE CASTILHOS";"Mal Súbito";"Saída de leito carroçável";"Com Vítimas Feridas";"Pleno dia";"Crescente";"Céu Claro";"Simples";"Reta";"Não";1;0;1;0;0;0;1;1;-29,397536;-53,66884901;"SPRF-RS";"DEL09-RS";"UOP01-DEL09-RS"
221386;2019-07-11;"quinta-feira";"14:30:00";"AP";156;809;"OIAPOQUE";"Animais na Pista";"Atropelamento de Animal";"Com Vítimas Feridas";"Pleno dia";"Crescente";"Céu Claro";"Simples";"Reta";"Não";1;0;1;0;0;0;1;1;3,76155405;-51,78591291;"SPRF-AP";"DEL01-AP";"UOP03-DEL01-AP"
221388;2019-07-11;"quinta-feira";"16:30:00";"RS";392;115,7;"CANGUCU";"Ingestão de Álcool";"Colisão traseira";"Sem Vítimas";"Pleno dia";"Decrescente";"Céu Claro";"Simples";"Declive";"Não";2;0;0;0;2;0;0;2;-31,42456531;-52,66149946;"SPRF-RS";"DEL07-RS";"UOP01-DEL07-RS"
221389;2019-07-11;"quinta-feira";"15:10:00";"SC";470;246;"CURITIBANOS";"Velocidade Incompatível";"Saída de leito carroçável";"Com Vítimas Feridas";"Pleno dia";"Decrescente";"Céu Claro";"Simples";"Reta";"Não";1;0;1;0;0;0;1;1;-27,315086;-50,532715;"SPRF-SC";"DEL05-SC";"UOP03-DEL05-SC"
221390;2019-07-11;"quinta-feira";"17:00:00";"GO";153;214,9;"URUACU";"Ultrapassagem Indevida";"Saída de leito carroçável";"Com Vítimas Feridas";"Pleno dia";"Decrescente";"Sol";"Simples";"Aclive";"Não";2;0;2;0;0;0;2;1;-14,642169;-49,180954;"SPRF-GO";"DEL07-GO";"UOP02-DEL07-GO"
221391;2019-07-11;"quinta-feira";"15:30:00";"MT";163;536,9;"DIAMANTINO";"Ultrapassagem Indevida";"Saída de leito carroçável";"Com Vítimas Feridas";"Pleno dia";"Decrescente";"Céu Claro";"Simples";"Reta";"Não";1;0;1;0;0;0;1;1;-14,328;-56,144;"SPRF-MT";"DEL01-MT";"UOP01-DEL01-MT"
221392;2019-07-11;"quinta-feira";"17:20:00";"MG";40;510;"RIBEIRAO DAS NEVES";"Mal Súbito";"Atropelamento de Pedestre";"Com Vítimas Feridas";"Pleno dia";"Crescente";"Céu Claro";"Dupla";"Reta";"Não";2;0;1;0;1;0;1;2;-19,77463885;-44,12321882;"SPRF-MG";"DEL01-MG";"UOP02-DEL01-MG"
221393;2019-07-11;"quinta-feira";"16:00:00";"MT";163;829;"SINOP";"Falta de Atenção à Condução";"Colisão transversal";"Com Vítimas Feridas";"Pleno dia";"Decrescente";"Céu Claro";"Dupla";"Retorno Regulamentado";"Sim";2;0;0;1;1;0;1;2;-11,9127318;-55,50874656;"SPRF-MT";"DEL06-MT";"UOP01-DEL06-MT"
221395;2019-07-11;"quinta-feira";"17:30:00";"DF";70;17,4;"BRASILIA";"Ingestão de Álcool";"Colisão transversal";"Com Vítimas Feridas";"Pleno dia";"Decrescente";"Céu Claro";"Dupla";"Reta";"Não";3;0;1;0;2;0;1;2;-15,794133;-48,202095;"SPRF-DF";"DEL01-DF";"UOP02-DEL03-DF"
221396;2019-07-11;"quinta-feira";"17:00:00";"PR";369;424,8;"JURANDA";"Desobediência às normas de trânsito pelo condutor";"Colisão transversal";"Sem Vítimas";"Pleno dia";"Decrescente";"Céu Claro";"Simples";"Reta";"Não";2;0;0;0;2;0;0;2;-24,4104;-52,8178;"SPRF-PR";"DEL04-PR";"UOP03-DEL04-PR"
221399;2019-07-11;"quinta-feira";"15:45:00";"PR";277;110;"CAMPO LARGO";"Falta de Atenção à Condução";"Colisão traseira";"Com Vítimas Feridas";"Pleno dia";"Decrescente";"Céu Claro";"Dupla";"Reta";"Sim";3;0;1;0;2;0;1;2;-25,44298011;-49,45080476;"SPRF-PR";"DEL01-PR";"UOP06-DEL01-PR"
221401;2019-07-11;"quinta-feira";"14:45:00";"SC";101;283;"IMBITUBA";"Defeito Mecânico no Veículo";"Capotamento";"Com Vítimas Feridas";"Pleno dia";"Crescente";"Céu Claro";"Dupla";"Reta";"Não";1;0;1;0;0;0;1;1;-28,20457404;-48,6984006;"SPRF-SC";"DEL02-SC";"UOP03-DEL02-SC"
221402;2019-07-11;"quinta-feira";"18:20:00";"SC";101;122;"ITAJAI";"Falta de Atenção à Condução";"Queda de ocupante de veículo";"Com Vítimas Feridas";"Plena Noite";"Crescente";"Céu Claro";"Dupla";"Reta";"Não";2;0;1;0;0;1;1;2;-26,92955916;-48,70499836;"SPRF-SC";"DEL04-SC";"UOP04-DEL04-SC"
221403;2019-07-11;"quinta-feira";"18:20:00";"GO";153;501,3;"GOIANIA";"Não guardar distância de segurança";"Colisão traseira";"Com Vítimas Feridas";"Plena Noite";"Crescente";"Céu Claro";"Múltipla";"Reta";"Não";2;0;1;0;1;0;1;2;-16,7189;-49,2382;"SPRF-GO";"DEL01-GO";"UOP01-DEL01-GO"
221404;2019-07-11;"quinta-feira";"17:40:00";"DF";40;5;"BRASILIA";"Falta de Atenção à Condução";"Colisão lateral";"Com Vítimas Feridas";"Anoitecer";"Crescente";"Céu Claro";"Dupla";"Reta";"Sim";2;0;1;0;1;0;1;2;-16,020903;-47,980541;"SPRF-DF";"DEL01-DF";"UOP01-DEL01-DF"
221405;2019-07-11;"quinta-feira";"16:50:00";"MS";262;345,5;"CAMPO GRANDE";"Falta de Atenção à Condução";"Colisão transversal";"Sem Vítimas";"Pleno dia";"Decrescente";"Céu Claro";"Simples";"Reta";"Não";5;0;0;0;5;0;0;2;-20,575597;-54,593574;"SPRF-MS";"DEL01-MS";"UOP03-DEL01-MS"
221406;2019-07-11;"quinta-feira";"16:00:00";"MS";158;101;"PARANAIBA";"Falta de Atenção à Condução";"Colisão lateral";"Com Vítimas Feridas";"Pleno dia";"Decrescente";"Céu Claro";"Simples";"Curva";"Não";3;0;1;0;2;0;1;2;-19,7110198;-51,14279277;"SPRF-MS";"DEL08-MS";"UOP01-DEL08-MS"
221410;2019-07-11;"quinta-feira";"18:20:00";"SC";101;38,5;"JOINVILLE";"Defeito Mecânico no Veículo";"Incêndio";"Sem Vítimas";"Plena Noite";"Decrescente";"Céu Claro";"Dupla";"Reta";"Sim";1;0;0;0;1;0;0;1;-26,25472505;-48,90561309;"SPRF-SC";"DEL03-SC";"UOP01-DEL03-SC"
221411;2019-06-24;"segunda-feira";"12:20:00";"GO";60;164;"GOIANIA";"Velocidade Incompatível";"Colisão traseira";"Com Vítimas Feridas";"Pleno dia";"Crescente";"Céu Claro";"Dupla";"Declive";"Sim";2;0;0;1;1;0;1;2;-16,7036;-49,342;"SPRF-GO";"DEL01-GO";"UOP02-DEL01-GO"
221412;2019-07-11;"quinta-feira";"17:30:00";"RN";304;12,3;"MOSSORO";"Desobediência às normas de trânsito pelo condutor";"Colisão frontal";"Com Vítimas Feridas";"Anoitecer";"Crescente";"Céu Claro";"Simples";"Reta";"Não";8;0;1;0;7;0;1;2;-4,97189304;-37,38918206;"SPRF-RN";"DEL04-RN";"UOP02-DEL04-RN"
221414;2019-07-11;"quinta-feira";"18:30:00";"PR";373;231,7;"IMBITUVA";"Falta de Atenção à Condução";"Colisão traseira";"Com Vítimas Fatais";"Plena Noite";"Crescente";"Céu Claro";"Simples";"Reta";"Não";3;1;0;1;0;1;1;3;-25,18288258;-50,67781009;"SPRF-PR";"DEL03-PR";"UOP01-DEL03-PR"
221417;2019-07-11;"quinta-feira";"18:20:00";"MG";40;642,1;"CONSELHEIRO LAFAIETE";"Defeito Mecânico no Veículo";"Tombamento";"Com Vítimas Feridas";"Plena Noite";"Decrescente";"Céu Claro";"Múltipla";"Curva";"Não";1;0;1;0;0;0;1;1;-20,75716403;-43,80523171;"SPRF-MG";"DEL05-MG";"UOP02-DEL05-MG"
221418;2019-07-11;"quinta-feira";"19:00:00";"PA";316;23;"BENEVIDES";"Defeito na Via";"Saída de leito carroçável";"Com Vítimas Feridas";"Plena Noite";"Crescente";"Garoa/Chuvisco";"Dupla";"Reta";"Não";2;0;1;0;1;0;1;1;-1,34599732;-48,25152822;"SPRF-PA";"DEL01-PA";"DEL19/1-UOP05/PA"
221419;2019-07-11;"quinta-feira";"17:50:00";"RS";472;573;"URUGUAIANA";"Desobediência às normas de trânsito pelo condutor";"Colisão frontal";"Com Vítimas Feridas";"Anoitecer";"Crescente";"Céu Claro";"Simples";"Reta";"Sim";4;0;4;0;0;0;4;2;-29,74143591;-56,97819304;"SPRF-RS";"DEL13-RS";"UOP01-DEL13-RS"
221422;2019-07-11;"quinta-feira";"19:15:00";"ES";482;99;"GUACUI";"Velocidade Incompatível";"Queda de ocupante de veículo";"Com Vítimas Feridas";"Plena Noite";"Crescente";"Céu Claro";"Simples";"Curva";"Não";1;0;0;1;0;0;1;1;-20,77170847;-41,62619407;"SPRF-ES";"DEL03-ES";"UOP02-DEL03-ES"
221425;2019-07-11;"quinta-feira";"19:10:00";"MG";381;481;"CONTAGEM";"Falta de Atenção à Condução";"Colisão traseira";"Com Vítimas Feridas";"Plena Noite";"Crescente";"Céu Claro";"Múltipla";"Reta";"Sim";2;0;1;0;1;0;1;2;-19,95931561;-44,08825597;"SPRF-MG";"DEL01-MG";"UOP03-DEL01-MG"
221426;2019-05-29;"quarta-feira";"18:30:00";"RN";110;46,6;"MOSSORO";"Desobediência às normas de trânsito pelo condutor";"Colisão transversal";"Com Vítimas Feridas";"Plena Noite";"Crescente";"Céu Claro";"Simples";"Interseção de Vias";"Sim";2;0;0;1;0;1;1;2;-5,19797675;-37,31839819;"SPRF-RN";"DEL04-RN";"UOP01-DEL04-RN"
221428;2019-07-11;"quinta-feira";"19:10:00";"BA";324;623;"SALVADOR";"Falta de Atenção à Condução";"Colisão lateral";"Com Vítimas Feridas";"Plena Noite";"Crescente";"Céu Claro";"Múltipla";"Reta";"Sim";3;0;1;0;2;0;1;2;-12,92628699;-38,46838679;"SPRF-BA";"DEL01-BA";"UOP01-DEL01-BA"
221429;2019-07-11;"quinta-feira";"19:50:00";"MG";40;531,1;"BELO HORIZONTE";"Falta de Atenção à Condução";"Colisão traseira";"Com Vítimas Feridas";"Plena Noite";"Decrescente";"Céu Claro";"Dupla";"Reta";"Sim";2;0;1;0;1;0;1;2;-19,92047758;-44,02430004;"SPRF-MG";"DEL01-MG";"UOP02-DEL01-MG"
221430;2019-07-11;"quinta-feira";"18:20:00";"SC";470;247,1;"CURITIBANOS";"Falta de Atenção à Condução";"Colisão transversal";"Com Vítimas Feridas";"Plena Noite";"Decrescente";"Céu Claro";"Simples";"Reta";"Sim";2;0;0;1;1;0;1;2;-27,31308223;-50,5585885;"SPRF-SC";"DEL05-SC";"UOP03-DEL05-SC"
221431;2019-07-11;"quinta-feira";"20:00:00";"ES";101;119;"SOORETAMA";"Falta de Atenção à Condução";"Colisão traseira";"Com Vítimas Feridas";"Plena Noite";"Decrescente";"Céu Claro";"Simples";"Reta";"Não";2;0;0;2;0;0;2;1;-19,13567283;-40,07109336;"SPRF-ES";"DEL04-ES";"UOP01-DEL04-ES"
221432;2019-07-11;"quinta-feira";"18:40:00";"PR";163;34,5;"SANTO ANTONIO DO SUDOESTE";"Desobediência às normas de trânsito pelo condutor";"Colisão lateral";"Com Vítimas Feridas";"Plena Noite";"Crescente";"Céu Claro";"Simples";"Aclive;Reta";"Sim";3;0;2;0;1;0;2;2;-26,067822;-53,721126;"SPRF-PR";"DEL02-PR";"UOP02-DEL02-PR"
221435;2019-07-11;"quinta-feira";"20:50:00";"PR";277;197,2;"PALMEIRA";"Desobediência às normas de trânsito pelo condutor";"Colisão traseira";"Com Vítimas Feridas";"Plena Noite";"Crescente";"Céu Claro";"Simples";"Reta";"Não";7;0;0;1;6;0;1;2;-25,46460188;-50,25407379;"SPRF-PR";"DEL03-PR";"UOP02-DEL08-PR"
221436;2019-07-11;"quinta-feira";"21:00:00";"ES";101;219;"IBIRACU";"Objeto estático sobre o leito carroçável";"Tombamento";"Com Vítimas Feridas";"Plena Noite";"Crescente";"Nublado";"Dupla";"Curva";"Não";2;0;2;0;0;0;2;1;-19,86460092;-40,38336629;"SPRF-ES";"DEL02-ES";"UOP01-DEL02-ES"
221438;2019-07-11;"quinta-feira";"21:05:00";"DF";20;5,9;"BRASILIA";"Falta de Atenção à Condução";"Saída de leito carroçável";"Com Vítimas Feridas";"Plena Noite";"Crescente";"Céu Claro";"Múltipla";"Em Obras";"Sim";4;0;2;0;2;0;2;1;-15,66729627;-47,80996799;"SPRF-DF";"DEL02-DF";"UOP01-DEL02-DF"