"id";"data_inversa";"dia_semana";"horario";"uf";"br";"km";"municipio";"causa_acidente";"tipo_acidente";"classificacao_acidente";"fase_dia";"sentido_via";"condicao_metereologica";"tipo_pista";"tracado_via";"uso_solo";"pessoas";"mortos";"feridos_leves";"feridos_graves";"ilesos";"ignorados";"feridos";"veiculos";"latitude";"longitude";"regional";"delegacia";"uop"
221683;2019-07-12;"sexta-feira";"23:00:00";"SP";116;199;"ARUJA";"Falta de Atenção do Pedestre";"Atropelamento de Pedestre";"Com Vítimas Feridas";"Plena Noite";"Crescente";"Céu Claro";"Múltipla";"Aclive";"Sim";2;0;1;0;1;0;1;2;-23,40185327;-46,31154312;"SPRF-SP";"DEL01-SP";"UOP02-DEL01-SP"
221684;2019-07-12;"sexta-feira";"22:00:00";"GO";452;45,9;"SANTA HELENA DE GOIAS";"Velocidade Incompatível";"Capotamento";"Com Vítimas Feridas";"Plena Noite";"Crescente";"Céu Claro";"Simples";"Curva";"Não";1;0;1;0;0;0;1;1;-17,94510822;-50,51728809;"SPRF-GO";"DEL04-GO";"UOP01-DEL04-GO"
221686;2019-07-12;"sexta-feira";"21:00:00";"RS";116;429;"CRISTAL";"Ingestão de álcool e/ou substâncias psicoativas pelo pedestre";"Saída de leito carroçável";"Sem Vítimas";"Plena Noite";"Decrescente";"Chuva";"Simples";"Reta";"Não";1;0;0;0;1;0;0;1;-31,00407603;-52,0517208;"SPRF-RS";"DEL02-RS";"UOP03-DEL02-RS"
221689;2019-07-12;"sexta-feira";"20:00:00";"SC";280;4,8;"SAO FRANCISCO DO SUL";"Desobediência às normas de trânsito pelo condutor";"Colisão traseira";"Com Vítimas Feridas";"Plena Noite";"Crescente";"Nublado";"Simples";"Reta";"Não";4;0;2;1;1;0;3;3;-26,25893609;-48,62411499;"SPRF-SC";"DEL03-SC";"UOP03-DEL03-SC"
221690;2019-07-12;"sexta-feira";"21:20:00";"SC";280;54,7;"GUARAMIRIM";"Desobediência às normas de trânsito pelo condutor";"Colisão lateral";"Com Vítimas Feridas";"Plena Noite";"Crescente";"Céu Claro";"Simples";"Reta";"Sim";2;0;1;0;1;0;1;2;-26,47592761;-48,99386823;"SPRF-SC";"DEL03-SC";"UOP03-DEL03-SC"
221692;2019-07-12;"sexta-feira";"23:40:00";"RS";116;235,3;"NOVO HAMBURGO";"Ingestão de Álcool";"Colisão com objeto estático";"Sem Vítimas";"Plena Noite";"Decrescente";"Céu Claro";"Múltipla";"Reta";"Sim";1;0;0;0;1;0;0;1;-29,66037586;-51,14386509;"SPRF-RS";"DEL01-RS";"UOP02-DEL01-RS"
221696;2019-07-13;"sábado";"00:20:00";"SP";153;46;"SAO JOSE DO RIO PRETO";"Falta de Atenção à Condução";"Saída de leito carroçável";"Com Vítimas Feridas";"Plena Noite";"Crescente";"Céu Claro";"Simples";"Reta";"Não";1;0;1;0;0;0;1;1;-20,67446284;-49,34063494;"SPRF-SP";"DEL09-SP";"UOP01-DEL09-SP"
221697;2019-07-12;"sexta-feira";"23:45:00";"MG";381;287;"JAGUARACU";"Falta de Atenção à Condução";"Saída de leito carroçável";"Com Vítimas Feridas";"Plena Noite";"Decrescente";"Céu Claro";"Simples";"Reta";"Não";2;0;2;0;0;0;2;1;-19,634349;-42,80726132;"SPRF-MG";"DEL03-MG";"UOP02-DEL03-MG"
221698;2019-07-13;"sábado";"00:30:00";"SC";280;29,1;"ARAQUARI";"Ingestão de Álcool";"Colisão lateral";"Com Vítimas Feridas";"Pleno dia";"Decrescente";"Céu Claro";"Simples";"Curva";"Sim";3;0;1;0;1;1;1;3;-26,411138;-48,753711;"SPRF-SC";"DEL03-SC";"UOP03-DEL03-SC"
221699;2019-07-13;"sábado";"01:00:00";"SC";470;49;"BLUMENAU";"Ingestão de Álcool";"Tombamento";"Com Vítimas Feridas";"Plena Noite";"Crescente";"Nevoeiro/Neblina";"Simples";"Curva;Em Obras";"Não";1;0;1;0;0;0;1;1;-26,860662;-49,065159;"SPRF-SC";"DEL04-SC";"UOP01-DEL04-SC"
221700;2019-07-13;"sábado";"01:20:00";"RJ";40;116;"DUQUE DE CAXIAS";"Velocidade Incompatível";"Colisão com objeto estático";"Com Vítimas Feridas";"Plena Noite";"Crescente";"Céu Claro";"Múltipla";"Ponte;Reta";"Sim";1;0;0;1;0;0;1;1;-22,73662299;-43,28858785;"SPRF-RJ";"DEL01-RJ";"UOP01-DEL01-RJ"
221701;2019-07-12;"sexta-feira";"19:05:00";"PB";104;140;"QUEIMADAS";"Desobediência às normas de trânsito pelo condutor";"Colisão transversal";"Com Vítimas Feridas";"Plena Noite";"Decrescente";"Céu Claro";"Simples";"Reta";"Sim";4;0;1;1;0;2;2;2;-7,37817097;-35,89737088;"SPRF-PB";"DEL02-PB";"UOP03-DEL02-PB"
221703;2019-07-12;"sexta-feira";"22:45:00";"RS";290;142,8;"ELDORADO DO SUL";"Falta de Atenção à Condução";"Tombamento";"Com Vítimas Feridas";"Plena Noite";"Decrescente";"Ignorado";"Simples";"Reta";"Sim";1;0;1;0;0;0;1;1;-30,089678;-51,628311;"SPRF-RS";"DEL02-RS";"UOP01-DEL02-RS"
221705;2019-07-13;"sábado";"01:20:00";"MS";262;258;"RIBAS DO RIO PARDO";"Falta de Atenção à Condução";"Saída de leito carroçável";"Com Vítimas Feridas";"Plena Noite";"Crescente";"Céu Claro";"Simples";"Curva";"Não";2;0;2;0;0;0;2;1;-20,40279089;-53,91964303;"SPRF-MS";"DEL01-MS";"UOP01-DEL01-MS"
221708;2019-07-13;"sábado";"02:40:00";"GO";60;67;"ABADIANIA";"Desobediência às normas de trânsito pelo condutor";"Colisão frontal";"Com Vítimas Fatais";"Plena Noite";"Decrescente";"Céu Claro";"Dupla";"Reta";"Não";2;1;0;0;0;1;0;2;-16,2138;-48,7457;"SPRF-GO";"DEL02-GO";"UOP01-DEL02-GO"
221709;2019-07-13;"sábado";"03:00:00";"MG";116;522,8;"CARATINGA";"Ingestão de Álcool";"Atropelamento de Pedestre";"Com Vítimas Feridas";"Plena Noite";"Crescente";"Nublado";"Simples";"Reta";"Não";2;0;1;0;1;0;1;2;-19,74300101;-42,13231969;"SPRF-MG";"DEL06-MG";"UOP02-DEL06-MG"
221710;2019-07-13;"sábado";"03:35:00";"RJ";393;102,5;"CARMO";"Falta de Atenção à Condução";"Saída de leito carroçável";"Com Vítimas Feridas";"Plena Noite";"Crescente";"Céu Claro";"Simples";"Reta";"Sim";51;0;20;1;30;0;21;1;-21,874243;-42,66758;"SPRF-RJ";"DEL06-RJ";"UOP01-DEL05-RJ"
221714;2019-07-13;"sábado";"02:45:00";"SC";280;55,3;"GUARAMIRIM";"Ingestão de Álcool";"Saída de leito carroçável";"Com Vítimas Feridas";"Plena Noite";"Decrescente";"Céu Claro";"Simples";"Rotatória";"Sim";2;0;2;0;0;0;2;1;-26,479212;-49,00138915;"SPRF-SC";"DEL03-SC";"UOP03-DEL03-SC"
221715;2019-07-13;"sábado";"04:00:00";"RS";116;158,9;"CAXIAS DO SUL";"Não guardar distância de segurança";"Colisão traseira";"Com Vítimas Feridas";"Plena Noite";"Crescente";"Garoa/Chuvisco";"Simples";"Reta";"Não";3;0;1;0;1;1;1;2;-29,22015528;-51,16867117;"SPRF-RS";"DEL05-RS";"UOP01-DEL05-RS"
221716;2019-07-13;"sábado";"05:00:00";"PR";280;299,1;"FLOR DA SERRA DO SUL";"Ingestão de Álcool";"Saída de leito carroçável";"Com Vítimas Feridas";"Plena Noite";"Crescente";"Céu Claro";"Simples";"Reta";"Não";2;0;2;0;0;0;2;1;-26,25830091;-53,3890911;"SPRF-PR";"DEL02-PR";"UOP01-DEL02-PR"
221718;2019-07-13;"sábado";"04:40:00";"DF";40;6;"BRASILIA";"Falta de Atenção à Condução";"Capotamento";"Com Vítimas Feridas";"Plena Noite";"Crescente";"Céu Claro";"Dupla";"Reta";"Sim";1;0;1;0;0;0;1;1;-16,029741;-47,978867;"SPRF-DF";"DEL01-DF";"UOP01-DEL01-DF"
221719;2019-07-13;"sábado";"04:40:00";"RS";392;652;"GUARANI DAS MISSOES";"Desobediência às normas de trânsito pelo condutor";"Saída de leito carroçável";"Com Vítimas Feridas";"Plena Noite";"Crescente";"Céu Claro";"Simples";"Curva";"Não";1;0;0;1;0;0;1;1;-28,13151864;-54,64408574;"SPRF-RS";"DEL10-RS";"UOP01-DEL10-RS"
221720;2019-07-13;"sábado";"05:25:00";"SP";116;223;"GUARULHOS";"Falta de Atenção à Condução";"Colisão traseira";"Com Vítimas Feridas";"Plena Noite";"Decrescente";"Nublado";"Múltipla";"Reta";"Sim";2;0;1;0;1;0;1;2;-23,47688565;-46,52661534;"SPRF-SP";"DEL01-SP";"UOP01-DEL01-SP"
221721;2019-07-13;"sábado";"04:20:00";"RJ";101;395;"RIO DE JANEIRO";"Velocidade Incompatível";"Saída de leito carroçável";"Com Vítimas Feridas";"Plena Noite";"Crescente";"Céu Claro";"Dupla";"Reta";"Não";1;0;1;0;0;0;1;1;-22,88237391;-43,72205597;"SPRF-RJ";"DEL03-RJ";"UOP01-DEL03-RJ"
221723;2019-07-13;"sábado";"04:35:00";"PR";116;17;"COLOMBO";"Ingestão de Álcool";"Colisão traseira";"Com Vítimas Feridas";"Plena Noite";"Decrescente";"Céu Claro";"Dupla";"Reta";"Sim";2;0;1;0;1;0;1;2;-25,389;-49,1867;"SPRF-PR";"DEL01-PR";"UOP01-DEL01-PR"
221724;2019-07-13;"sábado";"05:30:00";"PR";277;201,2;"PALMEIRA";"Condutor Dormindo";"Saída de leito carroçável";"Com Vítimas Feridas";"Amanhecer";"Decrescente";"Céu Claro";"Simples";"Curva";"Não";6;0;2;3;1;0;5;1;-25,45817002;-50,21181499;"SPRF-PR";"DEL03-PR";"UOP02-DEL08-PR"
221726;2019-07-13;"sábado";"06:05:00";"BA";101;765;"ITABELA";"Ingestão de Álcool";"Capotamento";"Com Vítimas Feridas";"Amanhecer";"Crescente";"Céu Claro";"Simples";"Reta";"Não";3;0;0;3;0;0;3;1;-16,87297285;-39,50612507;"SPRF-BA";"DEL09-BA";"UOP01-DEL09-BA"
221729;2019-07-13;"sábado";"06:00:00";"PB";101;94;"CONDE";"Falta de Atenção à Condução";"Saída de leito carroçável";"Com Vítimas Feridas";"Pleno dia";"Decrescente";"Chuva";"Dupla";"Curva;Declive";"Não";1;0;1;0;0;0;1;1;-7,21483297;-34,9117521;"SPRF-PB";"DEL01-PB";"UOP01-DEL01-PB"
221730;2019-04-15;"segunda-feira";"11:55:00";"BA";407;126;"SENHOR DO BONFIM";"Ultrapassagem Indevida";"Colisão frontal";"Com Vítimas Feridas";"Pleno dia";"Decrescente";"Ignorado";"Simples";"Reta";"Sim";2;0;0;1;1;0;1;2;-10,46096777;-40,17634934;"SPRF-BA";"DEL04-BA";"UOP01-DEL04-BA"
221731;2019-07-13;"sábado";"05:55:00";"ES";101;308;"VIANA";"Velocidade Incompatível";"Saída de leito carroçável";"Sem Vítimas";"Amanhecer";"Crescente";"Céu Claro";"Simples";"Reta";"Não";1;0;0;0;1;0;0;1;-20,40809191;-40,45835336;"SPRF-ES";"DEL03-ES";"UOP01-DEL03-ES"
221732;2019-07-13;"sábado";"05:30:00";"GO";50;262,5;"CATALAO";"Condutor Dormindo";"Capotamento";"Sem Vítimas";"Amanhecer";"Crescente";"Céu Claro";"Simples";"Curva";"Não";2;0;0;0;2;0;0;1;-18,0438;-47,8596;"SPRF-GO";"DEL06-GO";"UOP01-DEL06-GO"
221733;2019-07-13;"sábado";"07:00:00";"PE";232;14,3;"JABOATAO DOS GUARARAPES";"Falta de Atenção à Condução";"Colisão traseira";"Com Vítimas Feridas";"Pleno dia";"Crescente";"Nublado";"Múltipla";"Reta";"Não";3;0;1;0;2;0;1;2;-8,09025488;-35,02052302;"SPRF-PE";"DEL01-PE";"UOP01-DEL01-PE"
221735;2019-07-13;"sábado";"06:00:00";"SC";470;126,3;"LONTRAS";"Falta de Atenção à Condução";"Capotamento";"Com Vítimas Feridas";"Amanhecer";"Crescente";"Nevoeiro/Neblina";"Simples";"Curva";"Não";1;0;1;0;0;0;1;1;-27,129;-49,538277;"SPRF-SC";"DEL04-SC";"UOP02-DEL04-SC"
221736;2019-07-13;"sábado";"01:50:00";"SC";282;139,4;"BOM RETIRO";"Falta de Atenção à Condução";"Colisão frontal";"Com Vítimas Feridas";"Plena Noite";"Crescente";"Céu Claro";"Simples";"Curva";"Não";6;0;1;0;5;0;1;2;-27,7952196;-49,63430665;"SPRF-SC";"DEL05-SC";"UOP01-DEL05-SC"
221737;2019-07-13;"sábado";"07:20:00";"SE";101;163,9;"SANTA LUZIA DO ITANHY";"Velocidade Incompatível";"Colisão com objeto estático";"Sem Vítimas";"Pleno dia";"Crescente";"Chuva";"Simples";"Curva";"Não";2;0;0;0;2;0;0;1;-11,30466694;-37,50742901;"SPRF-SE";"DEL02-SE";"UOP01-DEL02-SE"
221738;2019-07-13;"sábado";"06:00:00";"MG";354;753;"ITAMONTE";"Desobediência às normas de trânsito pelo condutor";"Colisão frontal";"Com Vítimas Feridas";"Pleno dia";"Crescente";"Céu Claro";"Simples";"Reta";"Sim";2;0;0;1;1;0;1;2;-22,30074263;-44,86208652;"SPRF-MG";"DEL05-MG";"UOP01-DEL17-MG"
221739;2019-07-13;"sábado";"06:30:00";"RS";116;253;"SAPUCAIA DO SUL";"Desobediência às normas de trânsito pelo condutor";"Colisão traseira";"Sem Vítimas";"Amanhecer";"Decrescente";"Nublado";"Múltipla";"Viaduto";"Não";2;0;0;0;1;1;0;2;-29,81784209;-51,16996166;"SPRF-RS";"DEL01-RS";"UOP02-DEL01-RS"
221740;2019-07-13;"sábado";"07:30:00";"RJ";393;177;"TRES RIOS";"Falta de Atenção à Condução";"Colisão traseira";"Sem Vítimas";"Pleno dia";"Decrescente";"Céu Claro";"Simples";"Reta";"Não";6;0;0;0;6;0;0;2;-22,1305317;-43,22040965;"SPRF-RJ";"DEL05-RJ";"UOP03-DEL05-RJ"
221741;2019-07-13;"sábado";"08:00:00";"PR";116;121;"CURITIBA";"Não guardar distância de segurança";"Colisão traseira";"Com Vítimas Feridas";"Pleno dia";"Decrescente";"Céu Claro";"Dupla";"Reta";"Sim";2;0;1;0;1;0;1;2;-25,5599323;-49,30743945;"SPRF-PR";"DEL01-PR";"UOP03-DEL01-PR"
221742;2019-07-13;"sábado";"06:30:00";"SC";101;135,6;"BALNEARIO CAMBORIU";"Ingestão de Álcool";"Saída de leito carroçável";"Sem Vítimas";"Amanhecer";"Crescente";"Nublado";"Dupla";"Em Obras";"Não";1;0;0;0;1;0;0;1;-27,0050108;-48,62677494;"SPRF-SC";"DEL04-SC";"UOP03-DEL04-SC"
221743;2019-07-13;"sábado";"06:45:00";"PR";376;538,5;"PALMEIRA";"Falta de Atenção à Condução";"Colisão traseira";"Com Vítimas Feridas";"Amanhecer";"Decrescente";"Céu Claro";"Dupla";"Reta";"Não";4;0;1;0;3;0;1;3;-25,34906034;-49,84086769;"SPRF-PR";"DEL01-PR";"UOP06-DEL01-PR"
221744;2019-07-12;"sexta-feira";"22:15:00";"SP";101;48,8;"UBATUBA";"Defeito Mecânico no Veículo";"Incêndio";"Sem Vítimas";"Plena Noite";"Crescente";"Céu Claro";"Simples";"Reta";"Não";1;0;0;0;1;0;0;1;-23,4456383;-45,08220434;"SPRF-SP";"DEL06-SP";"UOP01-DEL06-SP"
221745;2019-07-13;"sábado";"04:57:00";"SC";282;477,2;"VARGEAO";"Ingestão de Álcool";"Colisão lateral";"Sem Vítimas";"Plena Noite";"Decrescente";"Céu Claro";"Simples";"Curva";"Não";5;0;0;0;5;0;0;2;-26,882938;-52,178337;"SPRF-SC";"DEL07-SC";"UOP01-DEL07-SC"
221746;2019-07-13;"sábado";"08:15:00";"SC";101;197,1;"BIGUACU";"Falta de Atenção à Condução";"Queda de ocupante de veículo";"Com Vítimas Feridas";"Pleno dia";"Decrescente";"Céu Claro";"Dupla";"Reta";"Não";2;0;1;0;1;0;1;2;-27,51953548;-48,63751262;"SPRF-SC";"DEL01-SC";"UOP01-DEL01-SC"
221747;2019-07-13;"sábado";"08:05:00";"PE";428;190;"PETROLINA";"Ingestão de Álcool";"Colisão com objeto estático";"Com Vítimas Feridas";"Pleno dia";"Crescente";"Nublado";"Dupla";"Reta";"Sim";1;0;1;0;0;0;1;1;-9,37935918;-40,50774515;"SPRF-PE";"DEL06-PE";"UOP01-DEL06-PE"
221748;2019-07-13;"sábado";"07:30:00";"MG";381;486,6;"BETIM";"Ingestão de Álcool";"Colisão com objeto estático";"Sem Vítimas";"Pleno dia";"Decrescente";"Céu Claro";"Dupla";"Reta";"Sim";1;0;0;0;0;1;0;1;-19,95644414;-44,13611598;"SPRF-MG";"DEL01-MG";"UOP03-DEL01-MG"
221750;2019-07-13;"sábado";"08:00:00";"PB";412;123,7;"SUME";"Defeito Mecânico no Veículo";"Colisão traseira";"Com Vítimas Fatais";"Pleno dia";"Decrescente";"Nublado";"Simples";"Reta";"Não";6;1;2;2;1;0;4;2;-7,754398;-36,981644;"SPRF-PB";"DEL02-PB";"UOP02-DEL02-PB"
221751;2019-07-13;"sábado";"06:40:00";"RJ";101;309;"SAO GONCALO";"Desobediência às normas de trânsito pelo pedestre";"Atropelamento de Pedestre";"Com Vítimas Fatais";"Pleno dia";"Crescente";"Céu Claro";"Dupla";"Declive";"Sim";3;1;0;0;1;1;0;2;-22,79498873;-43,03446105;"SPRF-RJ";"DEL02-RJ";"DEL5/2-UOP04/RJ"
221752;2019-07-13;"sábado";"08:14:00";"RN";101;108,2;"PARNAMIRIM";"Falta de Atenção à Condução";"Colisão traseira";"Com Vítimas Feridas";"Pleno dia";"Crescente";"Céu Claro";"Dupla";"Reta";"Sim";6;0;3;0;3;0;3;3;-5,92825102;-35,26465683;"SPRF-RN";"DEL01-RN";"UOP01-DEL01-RN"
221753;2019-07-13;"sábado";"09:00:00";"SC";101;202;"SAO JOSE";"Falta de Atenção à Condução";"Colisão com objeto estático";"Com Vítimas Feridas";"Pleno dia";"Crescente";"Céu Claro";"Múltipla";"Reta";"Sim";1;0;1;0;0;0;1;1;-27,55711595;-48,61897889;"SPRF-SC";"DEL01-SC";"UOP01-DEL01-SC"
221754;2019-07-13;"sábado";"07:55:00";"MG";116;116,5;"ITAOBIM";"Falta de Atenção à Condução";"Colisão transversal";"Com Vítimas Feridas";"Pleno dia";"Crescente";"Céu Claro";"Simples";"Rotatória";"Não";5;0;2;0;3;0;2;2;-16,565216;-41,504654;"SPRF-MG";"DEL11-MG";"UOP02-DEL11-MG"
221755;2019-07-13;"sábado";"08:15:00";"RS";290;0;"ROSARIO DO SUL";"Falta de Atenção à Condução";"Saída de leito carroçável";"Com Vítimas Feridas";"Pleno dia";"Crescente";"Nevoeiro/Neblina";"Simples";"Reta";"Não";4;0;1;0;2;1;1;2;-30,24313957;-54,80395333;"SPRF-RS";"DEL03-RS";"UOP01-DEL03-RS"
221757;2019-07-13;"sábado";"08:20:00";"RN";101;83,4;"SAO GONCALO DO AMARANTE";"Desobediência às normas de trânsito pelo condutor";"Tombamento";"Com Vítimas Feridas";"Pleno dia";"Crescente";"Céu Claro";"Dupla";"Reta";"Sim";2;0;1;0;0;1;1;2;-5,7710445;-35,26616981;"SPRF-RN";"DEL02-RN";"UOP01-DEL02-RN"
221758;2019-07-13;"sábado";"02:45:00";"MG";381;529;"BRUMADINHO";"Condutor Dormindo";"Tombamento";"Com Vítimas Feridas";"Plena Noite";"Crescente";"Céu Claro";"Dupla";"Reta";"Não";2;0;0;1;1;0;1;1;-20,16619722;-44,36914378;"SPRF-MG";"DEL04-MG";"UOP03-DEL04-MG"
221759;2019-07-13;"sábado";"08:05:00";"MT";364;400;"CUIABA";"Ingestão de Álcool";"Colisão lateral";"Com Vítimas Feridas";"Pleno dia";"Crescente";"Sol";"Simples";"Reta";"Não";2;0;2;0;0;0;2;1;-15,67565189;-55,93822495;"SPRF-MT";"DEL02-MT";"UOP02-DEL01-MT"
221760;2019-02-24;"domingo";"06:00:00";"MG";40;695,5;"ALFREDO VASCONCELOS";"Velocidade Incompatível";"Colisão com objeto estático";"Com Vítimas Feridas";"Amanhecer";"Crescente";"Céu Claro";"Simples";"Curva;Aclive";"Não";1;0;0;1;0;0;1;1;-21,17264;-43,75584;"SPRF-MG";"DEL05-MG";"UOP02-DEL05-MG"
221761;2019-07-13;"sábado";"07:45:00";"RJ";101;474;"ANGRA DOS REIS";"Falta de Atenção à Condução";"Colisão traseira";"Com Vítimas Feridas";"Pleno dia";"Crescente";"Sol";"Simples";"Reta";"Sim";4;0;2;0;2;0;2;2;-22,99498627;-44,24919963;"SPRF-RJ";"DEL03-RJ";"UOP03-DEL03-RJ"
221762;2019-07-13;"sábado";"07:30:00";"BA";101;384;"IBIRAPITANGA";"Velocidade Incompatível";"Colisão transversal";"Com Vítimas Fatais";"Pleno dia";"Decrescente";"Nublado";"Simples";"Reta";"Não";3;1;0;0;1;1;0;3;-13,9917347;-39,46967006;"SPRF-BA";"DEL05-BA";"UOP03-DEL05-BA"
221764;2019-07-13;"sábado";"08:30:00";"RJ";116;194;"QUEIMADOS";"Falta de Atenção à Condução";"Engavetamento";"Com Vítimas Feridas";"Pleno dia";"Crescente";"Céu Claro";"Dupla";"Reta";"Não";6;0;1;0;5;0;1;3;-22,73711632;-43,53793909;"SPRF-RJ";"DEL01-RJ";"UOP03-DEL01-RJ"
221765;2019-07-13;"sábado";"09:45:00";"CE";116;8,9;"FORTALEZA";"Ingestão de Álcool";"Atropelamento de Pedestre";"Com Vítimas Feridas";"Pleno dia";"Crescente";"Chuva";"Dupla";"Reta";"Sim";2;0;0;1;1;0;1;2;-3,8192799;-38,50268337;"SPRF-CE";"DEL01-CE";"UOP02-DEL01-CE"
221769;2019-07-13;"sábado";"09:30:00";"AL";316;224;"ATALAIA";"Velocidade Incompatível";"Saída de leito carroçável";"Com Vítimas Feridas";"Pleno dia";"Crescente";"Chuva";"Simples";"Curva";"Não";1;0;1;0;0;0;1;1;-9,47232692;-36,16448497;"SPRF-AL";"DEL01-AL";"UOP01-DEL01-AL"
221770;2019-07-13;"sábado";"10:05:00";"SC";280;187,8;"MAFRA";"Velocidade Incompatível";"Colisão transversal";"Com Vítimas Feridas";"Pleno dia";"Crescente";"Céu Claro";"Simples";"Reta";"Não";3;0;1;0;2;0;1;2;-26,1702146;-49,961797;"SPRF-SC";"DEL06-SC";"UOP01-DEL06-SC"
221771;2019-07-13;"sábado";"09:50:00";"MG";262;79,6;"MATIPO";"Velocidade Incompatível";"Saída de leito carroçável";"Sem Vítimas";"Pleno dia";"Crescente";"Céu Claro";"Simples";"Reta;Declive";"Não";2;0;0;0;0;2;0;2;-20,336371;-42,364402;"SPRF-MG";"DEL03-MG";"UOP03-DEL03-MG"
221773;2019-07-13;"sábado";"08:20:00";"RJ";116;194;"QUEIMADOS";"Falta de Atenção à Condução";"Colisão transversal";"Com Vítimas Feridas";"Pleno dia";"Crescente";"Céu Claro";"Dupla";"Reta";"Sim";2;0;1;0;1;0;1;2;-22,73711632;-43,53793909;"SPRF-RJ";"DEL01-RJ";"UOP03-DEL01-RJ"
221774;2019-07-13;"sábado";"08:20:00";"SC";280;1;"SAO FRANCISCO DO SUL";"Pista Escorregadia";"Saída de leito carroçável";"Com Vítimas Feridas";"Pleno dia";"Crescente";"Céu Claro";"Simples";"Reta";"Não";2;0;1;0;0;1;1;2;-26,23513098;-48,62815601;"SPRF-SC";"DEL03-SC";"UOP03-DEL03-SC"
221775;2019-07-13;"sábado";"09:20:00";"PB";230;137,1;"CAMPINA GRANDE";"Avarias e/ou desgaste excessivo no pneu";"Saída de leito carroçável";"Com Vítimas Feridas";"Pleno dia";"Decrescente";"Nublado";"Dupla";"Curva";"Não";2;0;2;0;0;0;2;1;-7,2766;-35,7739;"SPRF-PB";"DEL02-PB";"UOP01-DEL02-PB"
221776;2019-07-13;"sábado";"11:04:00";"PR";376;291;"MAUA DA SERRA";"Desobediência às normas de trânsito pelo condutor";"Colisão transversal";"Com Vítimas Feridas";"Pleno dia";"Crescente";"Céu Claro";"Simples";"Reta";"Sim";2;0;1;0;1;0;1;2;-23,907572;-51,192665;"SPRF-PR";"DEL07-PR";"UOP02-DEL07-PR"
221777;2019-07-13;"sábado";"10:25:00";"RS";290;94,8;"PORTO ALEGRE";"Mal Súbito";"Colisão com objeto estático";"Com Vítimas Feridas";"Pleno dia";"Crescente";"Chuva";"Dupla";"Reta";"Sim";1;0;1;0;0;0;1;1;-29,973856;-51,197853;"SPRF-RS";"DEL01-RS";"UOP01-DEL01-RS"
221779;2019-07-13;"sábado";"10:40:00";"SC";470;144;"RIO DO SUL";"Não guardar distância de segurança";"Colisão traseira";"Com Vítimas Feridas";"Pleno dia";"Crescente";"Nublado";"Simples";"Reta";"Sim";4;0;1;0;3;0;1;3;-27,23089719;-49,67021942;"SPRF-SC";"DEL04-SC";"UOP02-DEL04-SC"
221780;2019-07-13;"sábado";"12:00:00";"MG";365;495;"PATROCINIO";"Velocidade Incompatível";"Saída de leito carroçável";"Com Vítimas Fatais";"Pleno dia";"Crescente";"Céu Claro";"Simples";"Curva";"Não";1;1;0;0;0;0;0;1;-18,917469;-47,203773;"SPRF-MG";"DEL10-MG";"UOP01-DEL10-MG"
221781;2019-07-13;"sábado";"10:40:00";"SC";101;52;"JOINVILLE";"Velocidade Incompatível";"Colisão traseira";"Com Vítimas Feridas";"Pleno dia";"Crescente";"Céu Claro";"Dupla";"Reta";"Não";3;0;2;0;1;0;2;2;-26,39111608;-48,83984239;"SPRF-SC";"DEL03-SC";"UOP01-DEL03-SC"
221782;2019-07-13;"sábado";"10:25:00";"PR";163;142;"CAPITAO LEONIDAS MARQUES";"Pista Escorregadia";"Colisão traseira";"Sem Vítimas";"Pleno dia";"Crescente";"Sol";"Simples";"Reta";"Não";2;0;0;0;2;0;0;2;-25,48284277;-53,59229524;"SPRF-PR";"DEL04-PR";"UOP05-DEL05-PR"
221783;2019-07-13;"sábado";"12:30:00";"RS";116;227,4;"DOIS IRMAOS";"Falta de Atenção à Condução";"Colisão transversal";"Com Vítimas Feridas";"Pleno dia";"Crescente";"Nublado";"Simples";"Reta";"Não";2;0;1;0;1;0;1;2;-29,60482402;-51,12527692;"SPRF-RS";"DEL01-RS";"UOP02-DEL01-RS"
221784;2019-07-13;"sábado";"12:30:00";"PR";476;144;"CURITIBA";"Velocidade Incompatível";"Colisão traseira";"Com Vítimas Feridas";"Pleno dia";"Crescente";"Céu Claro";"Dupla";"Reta;Declive";"Sim";2;0;1;0;1;0;1;2;-25,54572394;-49,31730878;"SPRF-PR";"DEL01-PR";"UOP06-DEL01-PR"
221787;2019-07-13;"sábado";"10:55:00";"MG";116;705;"MURIAE";"Não guardar distância de segurança";"Colisão traseira";"Com Vítimas Feridas";"Pleno dia";"Crescente";"Sol";"Simples";"Reta";"Sim";3;0;1;0;2;0;1;2;-21,1404896;-42,38136978;"SPRF-MG";"DEL07-MG";"UOP02-DEL07-MG"
221788;2019-07-13;"sábado";"13:00:00";"MA";316;553;"CAXIAS";"Falta de Atenção à Condução";"Saída de leito carroçável";"Com Vítimas Feridas";"Pleno dia";"Decrescente";"Céu Claro";"Dupla";"Rotatória";"Sim";1;0;0;1;0;0;1;1;-4,877648;-43,338158;"SPRF-MA";"DEL03-MA";"UOP02-DEL03-MA"
221790;2019-07-13;"sábado";"11:50:00";"MG";116;705,5;"MURIAE";"Falta de Atenção à Condução";"Colisão traseira";"Com Vítimas Feridas";"Pleno dia";"Decrescente";"Céu Claro";"Simples";"Reta;Aclive";"Sim";2;0;1;0;1;0;1;2;-21,1404896;-42,38136978;"SPRF-MG";"DEL07-MG";"UOP02-DEL07-MG"
221793;2019-07-13;"sábado";"12:05:00";"SC";101;113,1;"ITAJAI";"Falta de Atenção à Condução";"Tombamento";"Com Vítimas Feridas";"Pleno dia";"Crescente";"Céu Claro";"Dupla";"Reta";"Não";1;0;1;0;0;0;1;1;-26,85311393;-48,72689927;"SPRF-SC";"DEL04-SC";"UOP04-DEL04-SC"