"id";"data_inversa";"dia_semana";"horario";"uf";"br";"km";"municipio";"causa_acidente";"tipo_acidente";"classificacao_acidente";"fase_dia";"sentido_via";"condicao_metereologica";"tipo_pista";"tracado_via";"uso_solo";"pessoas";"mortos";"feridos_leves";"feridos_graves";"ilesos";"ignorados";"feridos";"veiculos";"latitude";"longitude";"regional";"delegacia";"uop"
221795;2019-07-13;"sábado";"11:25:00";"SC";101;117,8;"ITAJAI";"Falta de Atenção à Condução";"Colisão traseira";"Sem Vítimas";"Pleno dia";"Crescente";"Céu Claro";"Dupla";"Reta";"Sim";2;0;0;0;2;0;0;2;-26,8942866;-48,71977329;"SPRF-SC";"DEL04-SC";"UOP04-DEL04-SC"
221796;2019-07-13;"sábado";"12:00:00";"RO";174;14,5;"VILHENA";"Desobediência às normas de trânsito pelo condutor";"Colisão transversal";"Com Vítimas Feridas";"Pleno dia";"Crescente";"Céu Claro";"Dupla";"Reta";"Sim";2;0;1;0;1;0;1;2;-12,73306632;-60,12981255;"SPRF-RO";"DEL04-RO";"UOP01-DEL04-RO"
221797;2019-07-13;"sábado";"13:00:00";"PE";101;85;"JABOATAO DOS GUARARAPES";"Pista Escorregadia";"Capotamento";"Sem Vítimas";"Pleno dia";"Crescente";"Nublado";"Dupla";"Reta";"Não";1;0;0;0;0;1;0;1;-8,18065563;-34,95965322;"SPRF-PE";"DEL01-PE";"UOP03-DEL01-PE"
221798;2019-07-13;"sábado";"13:48:00";"ES";101;375;"ICONHA";"Mal Súbito";"Colisão com objeto estático";"Com Vítimas Feridas";"Pleno dia";"Crescente";"Céu Claro";"Simples";"Reta";"Não";1;0;0;1;0;0;1;1;-20,78856;-40,795613;"SPRF-ES";"DEL03-ES";"UOP01-DEL03-ES"
221800;2019-07-13;"sábado";"13:35:00";"MG";381;796;"SAO GONCALO DO SAPUCAI";"Velocidade Incompatível";"Colisão traseira";"Com Vítimas Feridas";"Pleno dia";"Crescente";"Céu Claro";"Dupla";"Reta;Interseção de Vias";"Não";5;0;2;0;3;0;2;2;-21,9149295;-45,58157802;"SPRF-MG";"DEL16-MG";"UOP02-DEL16-MG"
221801;2019-07-13;"sábado";"12:50:00";"SC";101;146,8;"ITAPEMA";"Falta de Atenção à Condução";"Colisão transversal";"Com Vítimas Feridas";"Pleno dia";"Decrescente";"Céu Claro";"Simples";"Reta";"Não";2;0;1;0;1;0;1;2;-27,08666525;-48,60955587;"SPRF-SC";"DEL04-SC";"UOP03-DEL04-SC"
221802;2019-07-13;"sábado";"13:45:00";"BA";116;424;"FEIRA DE SANTANA";"Falta de Atenção à Condução";"Colisão lateral";"Com Vítimas Feridas";"Pleno dia";"Crescente";"Céu Claro";"Simples";"Reta";"Sim";2;0;1;0;1;0;1;2;-12,23257586;-38,97248506;"SPRF-BA";"DEL02-BA";"UOP01-DEL02-BA"
221803;2019-07-13;"sábado";"13:00:00";"RJ";40;114;"DUQUE DE CAXIAS";"Não guardar distância de segurança";"Engavetamento";"Com Vítimas Feridas";"Pleno dia";"Decrescente";"Céu Claro";"Múltipla";"Reta";"Não";3;0;1;0;2;0;1;2;-22,71853604;-43,28993324;"SPRF-RJ";"DEL01-RJ";"UOP01-DEL01-RJ"
221804;2019-07-13;"sábado";"13:30:00";"RJ";101;295;"ITABORAI";"Falta de Atenção à Condução";"Colisão lateral";"Com Vítimas Feridas";"Pleno dia";"Crescente";"Sol";"Dupla";"Reta";"Não";4;0;0;2;1;1;2;3;-22,76365068;-42,90223623;"SPRF-RJ";"DEL02-RJ";"DEL5/2-UOP04/RJ"
221805;2019-07-13;"sábado";"14:00:00";"SP";116;230;"SAO PAULO";"Não guardar distância de segurança";"Colisão lateral";"Com Vítimas Feridas";"Pleno dia";"Decrescente";"Sol";"Múltipla";"Reta";"Sim";3;0;1;0;2;0;1;3;-23,52251783;-46,5855702;"SPRF-SP";"DEL01-SP";"UOP01-DEL01-SP"
221806;2019-07-13;"sábado";"13:50:00";"MG";40;448,3;"PARAOPEBA";"Defeito na Via";"Queda de ocupante de veículo";"Com Vítimas Feridas";"Pleno dia";"Decrescente";"Céu Claro";"Dupla";"Reta";"Não";1;0;1;0;0;0;1;1;-19,301651;-44,377922;"SPRF-MG";"DEL02-MG";"UOP01-DEL02-MG"
221807;2019-07-13;"sábado";"14:20:00";"BA";101;192;"CONCEICAO DA FEIRA";"Desobediência às normas de trânsito pelo condutor";"Colisão transversal";"Com Vítimas Feridas";"Pleno dia";"Decrescente";"Nublado";"Simples";"Interseção de Vias";"Sim";2;0;1;0;1;0;1;2;-12,51916296;-38,97056758;"SPRF-BA";"DEL01-BA";"UOP03-DEL01-BA"
221808;2019-07-13;"sábado";"12:40:00";"MG";262;37,4;"MANHUACU";"Falta de Atenção à Condução";"Colisão transversal";"Com Vítimas Feridas";"Pleno dia";"Decrescente";"Sol";"Simples";"Reta";"Sim";2;0;0;1;1;0;1;2;-20,25748975;-42,03048732;"SPRF-MG";"DEL06-MG";"UOP03-DEL06-MG"
221809;2019-07-13;"sábado";"14:55:00";"PR";376;658;"TIJUCAS DO SUL";"Avarias e/ou desgaste excessivo no pneu";"Queda de ocupante de veículo";"Com Vítimas Feridas";"Pleno dia";"Crescente";"Céu Claro";"Dupla";"Reta";"Não";2;0;1;0;1;0;1;1;-25,85300602;-49,02166198;"SPRF-PR";"DEL01-PR";"UOP04-DEL01-PR"
221811;2019-07-13;"sábado";"15:00:00";"PR";116;97,2;"SAO JOSE DOS PINHAIS";"Desobediência às normas de trânsito pelo pedestre";"Colisão lateral";"Com Vítimas Feridas";"Pleno dia";"Decrescente";"Céu Claro";"Dupla";"Reta";"Sim";3;0;1;0;1;1;1;3;-25,54208653;-49,1509223;"SPRF-PR";"DEL01-PR";"UOP01-DEL01-PR"
221812;2019-07-13;"sábado";"14:30:00";"DF";40;1,2;"BRASILIA";"Defeito Mecânico no Veículo";"Colisão lateral";"Com Vítimas Feridas";"Pleno dia";"Crescente";"Céu Claro";"Dupla";"Reta";"Sim";3;0;1;1;1;0;2;2;-15,985532;-47,987747;"SPRF-DF";"DEL01-DF";"UOP01-DEL01-DF"
221814;2019-07-13;"sábado";"13:50:00";"RO";319;63,8;"PORTO VELHO";"Falta de Atenção à Condução";"Colisão transversal";"Com Vítimas Feridas";"Pleno dia";"Crescente";"Céu Claro";"Dupla";"Reta";"Sim";2;0;1;0;1;0;1;2;-8,76488941;-63,88478994;"SPRF-RO";"DEL01-RO";"UOP01-DEL01-RO"
221815;2019-07-13;"sábado";"08:00:00";"PR";376;301;"MAUA DA SERRA";"Mal Súbito";"Colisão com objeto estático";"Com Vítimas Feridas";"Pleno dia";"Crescente";"Céu Claro";"Dupla";"Reta";"Não";2;0;0;1;1;0;1;1;-23,93552675;-51,12538776;"SPRF-PR";"DEL07-PR";"UOP02-DEL07-PR"
221816;2019-07-13;"sábado";"14:30:00";"MG";116;422,5;"ALPERCATA";"Falta de Atenção à Condução";"Colisão transversal";"Com Vítimas Feridas";"Pleno dia";"Crescente";"Sol";"Simples";"Interseção de Vias";"Não";2;0;0;1;1;0;1;2;-18,94512608;-41,95003331;"SPRF-MG";"DEL06-MG";"UOP01-DEL06-MG"
221817;2019-07-13;"sábado";"15:40:00";"PR";376;174,8;"MARINGA";"Falta de Atenção à Condução";"Colisão transversal";"Com Vítimas Feridas";"Pleno dia";"Decrescente";"Céu Claro";"Múltipla";"Reta;Aclive";"Sim";2;0;1;0;1;0;1;2;-23,4113569;-51,9407767;"SPRF-PR";"DEL07-PR";"UOP01-DEL09-PR"
221818;2019-07-13;"sábado";"14:20:00";"SC";280;139;"RIO NEGRINHO";"Desobediência às normas de trânsito pelo condutor";"Saída de leito carroçável";"Com Vítimas Feridas";"Pleno dia";"Decrescente";"Céu Claro";"Simples";"Reta";"Não";1;0;1;0;0;0;1;1;-26,254826;-49,603124;"SPRF-SC";"DEL06-SC";"UOP03-DEL06-SC"
221819;2019-07-13;"sábado";"13:25:00";"PI";316;183,9;"VALENCA DO PIAUI";"Defeito Mecânico no Veículo";"Incêndio";"Sem Vítimas";"Pleno dia";"Crescente";"Sol";"Simples";"Aclive";"Não";1;0;0;0;1;0;0;1;-6,26593497;-41,95653686;"SPRF-PI";"DEL04-PI";"UOP02-DEL04-PI"
221820;2019-07-13;"sábado";"11:25:00";"SC";101;193,4;"BIGUACU";"Desobediência às normas de trânsito pelo condutor";"Colisão com objeto estático";"Com Vítimas Feridas";"Pleno dia";"Crescente";"Céu Claro";"Dupla";"Reta";"Não";2;0;1;0;1;0;1;2;-27,49172466;-48,65682989;"SPRF-SC";"DEL01-SC";"UOP01-DEL01-SC"
221821;2019-07-13;"sábado";"14:50:00";"RJ";101;261,9;"RIO BONITO";"Falta de Atenção à Condução";"Colisão transversal";"Com Vítimas Feridas";"Pleno dia";"Crescente";"Céu Claro";"Dupla";"Curva";"Não";2;0;1;0;1;0;1;2;-22,71139378;-42,61157199;"SPRF-RJ";"DEL02-RJ";"UOP03-DEL02-RJ"
221824;2019-07-13;"sábado";"14:00:00";"BA";110;182;"RIBEIRA DO POMBAL";"Falta de Atenção à Condução";"Colisão transversal";"Com Vítimas Feridas";"Pleno dia";"Decrescente";"Céu Claro";"Simples";"Reta";"Não";3;0;2;0;0;1;2;2;-10,95001497;-38,52120922;"SPRF-BA";"DEL07-BA";"UOP02-DEL07-BA"
221826;2019-07-13;"sábado";"16:20:00";"SC";101;204;"SAO JOSE";"Falta de Atenção à Condução";"Queda de ocupante de veículo";"Com Vítimas Feridas";"Pleno dia";"Crescente";"Céu Claro";"Múltipla";"Reta";"Sim";2;0;1;0;1;0;1;2;-27,57413014;-48,61363083;"SPRF-SC";"DEL01-SC";"UOP01-DEL01-SC"
221828;2019-07-13;"sábado";"16:35:00";"RS";392;638,7;"GUARANI DAS MISSOES";"Desobediência às normas de trânsito pelo condutor";"Colisão transversal";"Sem Vítimas";"Pleno dia";"Crescente";"Sol";"Simples";"Reta";"Não";2;0;0;0;2;0;0;2;-28,14514991;-54,51799402;"SPRF-RS";"DEL10-RS";"UOP01-DEL10-RS"
221829;2019-07-13;"sábado";"17:00:00";"PR";376;158;"MANDAGUACU";"Velocidade Incompatível";"Queda de ocupante de veículo";"Com Vítimas Feridas";"Pleno dia";"Crescente";"Sol";"Dupla";"Curva";"Sim";1;0;0;1;0;0;1;1;-23,353556;-52,091256;"SPRF-PR";"DEL07-PR";"UOP01-DEL09-PR"
221831;2019-07-13;"sábado";"17:15:00";"PE";232;90,2;"SAIRE";"Falta de Atenção à Condução";"Colisão transversal";"Com Vítimas Feridas";"Anoitecer";"Crescente";"Chuva";"Dupla";"Reta";"Não";3;0;0;1;2;0;1;2;-8,2172915;-35,65572305;"SPRF-PE";"DEL01-PE";"UOP02-DEL02PE"
221832;2019-07-13;"sábado";"17:15:00";"SP";116;175,6;"GUARAREMA";"Falta de Atenção à Condução";"Colisão lateral";"Com Vítimas Feridas";"Anoitecer";"Crescente";"Céu Claro";"Dupla";"Interseção de Vias";"Sim";2;0;1;0;1;0;1;2;-23,32173972;-46,100353;"SPRF-SP";"DEL02-SP";"UOP01-DEL02-SP"
221833;2019-07-13;"sábado";"15:30:00";"RS";290;170,6;"BUTIA";"Ultrapassagem Indevida";"Colisão frontal";"Com Vítimas Fatais";"Pleno dia";"Crescente";"Chuva";"Simples";"Reta";"Não";7;1;2;2;0;2;4;3;-30,125158;-51,910156;"SPRF-RS";"DEL02-RS";"UOP02-DEL02-RS"
221834;2019-07-13;"sábado";"16:45:00";"MS";163;16;"MUNDO NOVO";"Falta de Atenção à Condução";"Queda de ocupante de veículo";"Com Vítimas Feridas";"Pleno dia";"Crescente";"Sol";"Simples";"Aclive;Reta";"Sim";2;0;1;0;1;0;1;1;-23,95437523;-54,29279479;"SPRF-MS";"DEL09-MS";"UOP02-DEL09-MS"
221836;2019-07-13;"sábado";"18:00:00";"ES";101;293;"CARIACICA";"Falta de Atenção à Condução";"Colisão traseira";"Com Vítimas Feridas";"Plena Noite";"Decrescente";"Céu Claro";"Múltipla";"Reta";"Sim";2;0;1;0;1;0;1;2;-20,31526144;-40,39567044;"SPRF-ES";"DEL01-ES";"UOP01-DEL01-ES"
221838;2019-07-13;"sábado";"18:05:00";"RN";304;36,7;"MOSSORO";"Falta de Atenção à Condução";"Atropelamento de Pedestre";"Com Vítimas Feridas";"Plena Noite";"Decrescente";"Ignorado";"Dupla";"Reta";"Sim";3;0;2;1;0;0;3;2;-5,16853634;-37,35540171;"SPRF-RN";"DEL04-RN";"UOP02-DEL04-RN"
221839;2019-07-13;"sábado";"17:40:00";"DF";20;8,6;"BRASILIA";"Desobediência às normas de trânsito pelo condutor";"Colisão traseira";"Sem Vítimas";"Anoitecer";"Decrescente";"Céu Claro";"Dupla";"Declive";"Sim";2;0;0;0;2;0;0;2;-15,6554115;-47,78648442;"SPRF-DF";"DEL02-DF";"UOP01-DEL02-DF"
221840;2019-07-13;"sábado";"07:00:00";"RO";364;124;"PIMENTA BUENO";"Falta de Atenção à Condução";"Colisão traseira";"Com Vítimas Feridas";"Amanhecer";"Crescente";"Céu Claro";"Simples";"Reta";"Não";2;0;1;0;1;0;1;2;-12,12457191;-60,6903305;"SPRF-RO";"DEL02-RO";"UOP02-DEL02-RO"
221841;2019-07-13;"sábado";"14:10:00";"RO";364;239,2;"CACOAL";"Falta de Atenção do Pedestre";"Atropelamento de Pedestre";"Com Vítimas Feridas";"Pleno dia";"Crescente";"Céu Claro";"Dupla";"Declive";"Sim";2;0;0;2;0;0;2;2;-11,43425083;-61,46267289;"SPRF-RO";"DEL02-RO";"UOP02-DEL02-RO"
221842;2019-07-13;"sábado";"18:25:00";"PB";101;85,2;"BAYEUX";"Ingestão de Álcool";"Colisão com objeto estático";"Com Vítimas Feridas";"Plena Noite";"Decrescente";"Céu Claro";"Dupla";"Reta";"Sim";3;0;1;1;1;0;2;2;-7,14538184;-34,91662887;"SPRF-PB";"DEL01-PB";"UOP01-DEL01-PB"
221843;2019-07-13;"sábado";"18:20:00";"DF";70;18,8;"BRASILIA";"Animais na Pista";"Atropelamento de Animal";"Com Vítimas Feridas";"Plena Noite";"Crescente";"Céu Claro";"Dupla";"Reta;Declive";"Não";1;0;1;0;0;0;1;1;-15,78902217;-48,21817338;"SPRF-DF";"DEL01-DF";"UOP02-DEL03-DF"
221844;2019-07-13;"sábado";"18:40:00";"RS";392;644,4;"GUARANI DAS MISSOES";"Ingestão de Álcool";"Colisão frontal";"Com Vítimas Feridas";"Plena Noite";"Crescente";"Céu Claro";"Simples";"Interseção de Vias";"Não";6;0;6;0;0;0;6;2;-28,14874642;-54,56977844;"SPRF-RS";"DEL10-RS";"UOP01-DEL10-RS"
221846;2019-07-13;"sábado";"18:15:00";"RJ";356;181;"SAO JOAO DA BARRA";"Ingestão de Álcool";"Colisão traseira";"Sem Vítimas";"Anoitecer";"Crescente";"Céu Claro";"Simples";"Reta";"Não";3;0;0;0;3;0;0;2;-21,65632504;-41,05317881;"SPRF-RJ";"DEL08-RJ";"UOP02-DEL08-RJ"
221847;2019-07-13;"sábado";"18:50:00";"GO";40;0,1;"VALPARAISO DE GOIAS";"Falta de Atenção à Condução";"Colisão traseira";"Com Vítimas Feridas";"Plena Noite";"Decrescente";"Céu Claro";"Dupla";"Reta";"Sim";2;0;0;1;0;1;1;2;-16,058273;-47,982655;"SPRF-DF";"DEL01-DF";"UOP01-DEL01-DF"
221848;2019-07-13;"sábado";"18:00:00";"MA";230;0,6;"BARAO DE GRAJAU";"Animais na Pista";"Atropelamento de Animal";"Com Vítimas Feridas";"Plena Noite";"Decrescente";"Céu Claro";"Simples";"Reta";"Não";1;0;1;0;0;0;1;1;-6,760894;-43,01105;"SPRF-PI";"DEL03-PI";"UOP01-DEL03-PI"
221849;2019-07-13;"sábado";"18:45:00";"RS";386;352,7;"ESTRELA";"Desobediência às normas de trânsito pelo condutor";"Colisão transversal";"Com Vítimas Feridas";"Plena Noite";"Crescente";"Garoa/Chuvisco";"Dupla";"Reta;Aclive";"Não";3;0;1;0;2;0;1;2;-29,491436;-51,95174;"SPRF-RS";"DEL04-RS";"UOP02-DEL04-RS"
221850;2019-07-13;"sábado";"15:45:00";"MG";116;450,5;"ENGENHEIRO CALDAS";"Velocidade Incompatível";"Saída de leito carroçável";"Com Vítimas Feridas";"Pleno dia";"Decrescente";"Sol";"Simples";"Reta";"Não";2;0;1;1;0;0;2;1;-19,16092497;-42,02606406;"SPRF-MG";"DEL06-MG";"UOP02-DEL06-MG"
221851;2019-07-13;"sábado";"18:30:00";"PR";158;534;"PATO BRANCO";"Falta de Atenção à Condução";"Colisão lateral";"Com Vítimas Feridas";"Anoitecer";"Crescente";"Céu Claro";"Simples";"Reta";"Sim";6;0;1;0;5;0;1;2;-26,22652612;-52,68914074;"SPRF-PR";"DEL02-PR";"UOP01-DEL02-PR"
221853;2019-07-13;"sábado";"19:00:00";"SP";116;105,9;"TAUBATE";"Falta de Atenção à Condução";"Colisão traseira";"Com Vítimas Feridas";"Plena Noite";"Crescente";"Nublado";"Dupla";"Reta";"Não";3;0;1;1;1;0;2;2;-23,00757973;-45,51466613;"SPRF-SP";"DEL06-SP";"UOP01-DEL06-SP"
221854;2019-07-13;"sábado";"18:05:00";"MG";381;358;"JOAO MONLEVADE";"Defeito Mecânico no Veículo";"Colisão com objeto em movimento";"Sem Vítimas";"Plena Noite";"Decrescente";"Nublado";"Simples";"Curva";"Não";3;0;0;0;2;1;0;2;-19,85592801;-43,21689055;"SPRF-MG";"DEL03-MG";"UOP01-DEL03-MG"
221855;2019-07-13;"sábado";"18:40:00";"RJ";101;78,9;"CAMPOS DOS GOYTACAZES";"Desobediência às normas de trânsito pelo pedestre";"Atropelamento de Pedestre";"Com Vítimas Feridas";"Plena Noite";"Decrescente";"Céu Claro";"Simples";"Reta";"Sim";2;0;0;1;1;0;1;2;-21,83525792;-41,41878002;"SPRF-RJ";"DEL08-RJ";"UOP02-DEL08-RJ"
221857;2019-07-13;"sábado";"18:30:00";"MT";163;926;"ITAUBA";"Deficiência ou não Acionamento do Sistema de Iluminação/Sinalização do Veículo";"Colisão traseira";"Com Vítimas Fatais";"Plena Noite";"Decrescente";"Céu Claro";"Simples";"Reta";"Não";3;1;0;0;2;0;0;2;-11,093189;-55,293605;"SPRF-MT";"DEL06-MT";"UOP02-DEL06-MT"
221858;2019-07-13;"sábado";"16:30:00";"MG";50;178,7;"UBERABA";"Defeito Mecânico no Veículo";"Incêndio";"Sem Vítimas";"Pleno dia";"Decrescente";"Céu Claro";"Dupla";"Aclive";"Não";1;0;0;0;1;0;0;1;-19,77896821;-47,94093599;"SPRF-MG";"DEL13-MG";"UOP01-DEL13-MG"
221860;2019-07-13;"sábado";"19:20:00";"CE";116;3,2;"FORTALEZA";"Ingestão de Álcool";"Colisão traseira";"Sem Vítimas";"Plena Noite";"Decrescente";"Céu Claro";"Múltipla";"Reta";"Sim";3;0;0;0;3;0;0;3;-3,77866493;-38,51490171;"SPRF-CE";"DEL01-CE";"UOP02-DEL01-CE"
221862;2019-07-13;"sábado";"19:40:00";"MA";316;612;"TIMON";"Ingestão de Álcool";"Colisão frontal";"Com Vítimas Fatais";"Plena Noite";"Decrescente";"Céu Claro";"Simples";"Reta";"Não";4;2;2;0;0;0;2;2;-5,075141;-42,859455;"SPRF-MA";"DEL03-MA";"UOP02-DEL03-MA"
221863;2019-07-13;"sábado";"19:03:00";"AL";104;30,2;"UNIAO DOS PALMARES";"Animais na Pista";"Atropelamento de Animal";"Com Vítimas Feridas";"Plena Noite";"Crescente";"Chuva";"Simples";"Reta";"Não";2;0;2;0;0;0;2;1;-9,12603274;-36,03386675;"SPRF-AL";"DEL01-AL";"UOP02-DEL01-AL"
221864;2019-07-13;"sábado";"19:45:00";"PE";104;65;"CARUARU";"Ingestão de Álcool";"Colisão com objeto estático";"Sem Vítimas";"Plena Noite";"Crescente";"Chuva";"Dupla";"Curva";"Sim";4;0;0;0;2;2;0;2;-8,2867;-35,9838;"SPRF-PE";"DEL02-PE";"UOP01-DEL02-PE"
221865;2019-07-13;"sábado";"19:00:00";"PA";308;168,4;"CAPANEMA";"Objeto estático sobre o leito carroçável";"Colisão com objeto estático";"Com Vítimas Feridas";"Plena Noite";"Decrescente";"Nublado";"Simples";"Reta";"Não";4;0;0;3;0;1;3;3;-1,2221256;-47,1691642;"SPRF-PA";"DEL01-PA";"UOP03-DEL01-PA"
221866;2019-07-13;"sábado";"18:30:00";"MG";381;628;"OLIVEIRA";"Defeito Mecânico no Veículo";"Incêndio";"Sem Vítimas";"Anoitecer";"Crescente";"Céu Claro";"Dupla";"Curva;Declive";"Não";2;0;0;0;2;0;0;1;-20,83304688;-44,8250553;"SPRF-MG";"DEL04-MG";"UOP01-DEL04-MG"
221867;2019-07-13;"sábado";"19:30:00";"MT";158;628;"AGUA BOA";"Falta de Atenção à Condução";"Saída de leito carroçável";"Com Vítimas Feridas";"Plena Noite";"Decrescente";"Céu Claro";"Simples";"Reta";"Não";4;0;4;0;0;0;4;1;-14,51693522;-52,29860158;"SPRF-MT";"DEL07-MT";"UOP02-DEL07-MT"
221868;2019-07-13;"sábado";"18:40:00";"SC";282;573,1;"NOVA ERECHIM";"Falta de Atenção à Condução";"Capotamento";"Com Vítimas Feridas";"Plena Noite";"Decrescente";"Céu Claro";"Simples";"Reta";"Não";5;0;2;0;3;0;2;2;-26,872942;-52,956654;"SPRF-SC";"DEL07-SC";"UOP02-DEL07-SC"
221869;2019-07-13;"sábado";"20:00:00";"SP";116;301,5;"SAO LOURENCO DA SERRA";"Falta de Atenção à Condução";"Colisão com objeto estático";"Com Vítimas Feridas";"Plena Noite";"Decrescente";"Céu Claro";"Dupla";"Curva";"Não";1;0;1;0;0;0;1;1;-23,80791434;-46,92415606;"SPRF-SP";"DEL04-SP";"UOP01-DEL04-SP"
221870;2019-07-13;"sábado";"17:00:00";"SP";101;0,5;"UBATUBA";"Desobediência às normas de trânsito pelo condutor";"Colisão transversal";"Com Vítimas Feridas";"Anoitecer";"Decrescente";"Céu Claro";"Simples";"Aclive";"Não";5;0;1;0;1;3;1;2;-23,349546;-44,75702;"SPRF-SP";"DEL06-SP";"UOP01-DEL06-SP"
221871;2019-07-13;"sábado";"18:30:00";"RO";364;549,2;"RIO CRESPO";"Ultrapassagem Indevida";"Saída de leito carroçável";"Com Vítimas Feridas";"Plena Noite";"Decrescente";"Céu Claro";"Simples";"Reta";"Não";4;0;2;0;2;0;2;1;-9,65816258;-63,08250626;"SPRF-RO";"DEL03-RO";"UOP01-DEL03-RO"
221872;2019-07-13;"sábado";"19:45:00";"RS";101;8;"MAQUINE";"Falta de Atenção à Condução";"Colisão frontal";"Com Vítimas Feridas";"Plena Noite";"Crescente";"Chuva";"Simples";"Reta";"Não";3;0;2;0;0;1;2;2;-29,6781;-50,2066;"SPRF-RS";"DEL03-RS";"UOP01-DEL03-RS"
221873;2019-07-13;"sábado";"19:50:00";"SP";116;448;"REGISTRO";"Falta de Atenção à Condução";"Saída de leito carroçável";"Com Vítimas Feridas";"Plena Noite";"Crescente";"Céu Claro";"Dupla";"Reta";"Não";5;0;2;0;3;0;2;1;-24,52099699;-47,85336602;"SPRF-SP";"DEL05-SP";"UOP01-DEL05-SP"
221874;2019-07-13;"sábado";"18:00:00";"RS";116;402,7;"CAMAQUA";"Pista Escorregadia";"Saída de leito carroçável";"Sem Vítimas";"Plena Noite";"Crescente";"Chuva";"Simples";"Reta";"Não";1;0;0;0;1;0;0;1;-30,8840281;-51,83019346;"SPRF-RS";"DEL02-RS";"UOP03-DEL02-RS"
221877;2019-07-13;"sábado";"19:00:00";"PI";343;316,7;"ALTOS";"Não guardar distância de segurança";"Colisão traseira";"Com Vítimas Fatais";"Plena Noite";"Crescente";"Céu Claro";"Simples";"Declive";"Não";2;1;0;0;1;0;0;2;-5,046231;-42,535843;"SPRF-PI";"DEL01-PI";"UOP01-DEL01-PI"
221878;2019-07-13;"sábado";"19:50:00";"RJ";101;471;"PARATY";"Falta de Atenção do Pedestre";"Atropelamento de Pedestre";"Com Vítimas Feridas";"Plena Noite";"Decrescente";"Céu Claro";"Simples";"Reta";"Sim";3;0;0;1;2;0;1;2;-23,18879341;-44,7262504;"SPRF-RJ";"DEL03-RJ";"UOP03-DEL03-RJ"
221879;2019-07-13;"sábado";"20:20:00";"SP";116;69,8;"APARECIDA";"Velocidade Incompatível";"Colisão com objeto estático";"Com Vítimas Feridas";"Plena Noite";"Decrescente";"Vento";"Dupla";"Reta";"Não";3;0;1;0;2;0;1;2;-22,84422317;-45,22521973;"SPRF-SP";"DEL08-SP";"UOP01-DEL08-SP"
221880;2019-07-13;"sábado";"20:15:00";"SC";101;90;"BARRA VELHA";"Falta de Atenção à Condução";"Colisão lateral";"Com Vítimas Feridas";"Plena Noite";"Crescente";"Céu Claro";"Simples";"Reta";"Sim";2;0;1;0;1;0;1;2;-26,66148503;-48,68866176;"SPRF-SC";"DEL03-SC";"UOP02-DEL03-SC"
221881;2019-07-13;"sábado";"20:10:00";"RJ";493;1;"ITABORAI";"Falta de Atenção à Condução";"Colisão traseira";"Com Vítimas Feridas";"Plena Noite";"Crescente";"Céu Claro";"Simples";"Reta";"Não";3;0;1;0;2;0;1;2;-22,76398788;-42,92731895;"SPRF-RJ";"DEL04-RJ";"UOP02-DEL04-RJ"
221882;2019-07-13;"sábado";"18:20:00";"RJ";101;329;"RIO DE JANEIRO";"Defeito Mecânico no Veículo";"Colisão traseira";"Com Vítimas Feridas";"Plena Noite";"Decrescente";"Céu Claro";"Múltipla";"Reta";"Não";2;0;1;0;1;0;1;2;-22,86939305;-43,175642;"SPRF-RJ";"DEL02-RJ";"UOP02-DEL02-RJ"
221883;2019-07-13;"sábado";"21:00:00";"PR";277;593;"CASCAVEL";"Ingestão de Álcool";"Saída de leito carroçável";"Com Vítimas Feridas";"Plena Noite";"Crescente";"Céu Claro";"Simples";"Reta";"Não";1;0;1;0;0;0;1;1;-24,98082053;-53,48254989;"SPRF-PR";"DEL04-PR";"UOP01-DEL04-PR"
221884;2019-07-13;"sábado";"19:30:00";"MS";163;126,1;"NAVIRAI";"Ingestão de Álcool";"Saída de leito carroçável";"Com Vítimas Feridas";"Plena Noite";"Decrescente";"Céu Claro";"Simples";"Reta";"Não";1;0;1;0;0;0;1;1;-23,06256;-54,231997;"SPRF-MS";"DEL09-MS";"UOP01-DEL09-MS"
221885;2019-07-13;"sábado";"19:30:00";"PB";361;5,2;"PATOS";"Ingestão de Álcool";"Colisão transversal";"Com Vítimas Feridas";"Plena Noite";"Decrescente";"Céu Claro";"Simples";"Reta";"Sim";2;0;0;1;1;0;1;2;-7,034476;-37,303256;"SPRF-PB";"DEL03-PB";"UOP01-DEL03-PB"
221886;2019-07-13;"sábado";"18:45:00";"PE";104;40,5;"CARUARU";"Falta de Atenção do Pedestre";"Atropelamento de Pedestre";"Com Vítimas Feridas";"Plena Noite";"Crescente";"Chuva";"Dupla";"Reta";"Não";2;0;0;1;0;1;1;2;-8,0938;-36,0334;"SPRF-PE";"DEL02-PE";"UOP01-DEL02-PE"
221887;2019-07-13;"sábado";"18:50:00";"RO";421;8;"ARIQUEMES";"Falta de Atenção à Condução";"Saída de leito carroçável";"Com Vítimas Feridas";"Plena Noite";"Crescente";"Céu Claro";"Simples";"Reta";"Não";2;0;1;0;0;1;1;1;-9,956851;-63,11311;"SPRF-RO";"DEL03-RO";"DEL21/3-UOP04/RO"
221889;2019-07-13;"sábado";"21:50:00";"PR";277;387,4;"CANDOI";"Desobediência às normas de trânsito pelo condutor";"Colisão lateral";"Com Vítimas Feridas";"Plena Noite";"Crescente";"Céu Claro";"Simples";"Reta";"Não";6;0;1;4;1;0;5;3;-25,44300334;-51,85109138;"SPRF-PR";"DEL03-PR";"UOP01-DEL08-PR"