"id";"data_inversa";"dia_semana";"horario";"uf";"br";"km";"municipio";"causa_acidente";"tipo_acidente";"classificacao_acidente";"fase_dia";"sentido_via";"condicao_metereologica";"tipo_pista";"tracado_via";"uso_solo";"pessoas";"mortos";"feridos_leves";"feridos_graves";"ilesos";"ignorados";"feridos";"veiculos";"latitude";"longitude";"regional";"delegacia";"uop"
221991;2019-07-14;"domingo";"09:40:00";"MG";40;632,1;"CONSELHEIRO LAFAIETE";"Falta de Atenção à Condução";"Colisão transversal";"Com Vítimas Feridas";"Pleno dia";"Crescente";"Sol";"Dupla";"Reta;Interseção de Vias";"Sim";2;0;0;1;1;0;1;2;-20,67348593;-43,7968977;"SPRF-MG";"DEL05-MG";"UOP02-DEL05-MG"
221992;2019-07-14;"domingo";"09:50:00";"MG";40;762,4;"JUIZ DE FORA";"Condutor Dormindo";"Saída de leito carroçável";"Com Vítimas Feridas";"Pleno dia";"Decrescente";"Céu Claro";"Simples";"Curva";"Não";3;0;1;0;2;0;1;1;-21,57137883;-43,47666621;"SPRF-MG";"DEL05-MG";"UOP01-DEL05-MG"
221995;2019-07-14;"domingo";"05:25:00";"SC";101;203,1;"SAO JOSE";"Velocidade Incompatível";"Colisão com objeto estático";"Com Vítimas Fatais";"Plena Noite";"Decrescente";"Céu Claro";"Múltipla";"Declive;Curva";"Sim";2;1;1;0;0;0;1;1;-27,5650044;-48,61460082;"SPRF-SC";"DEL01-SC";"UOP01-DEL01-SC"
221998;2019-07-14;"domingo";"09:00:00";"MT";163;690;"LUCAS DO RIO VERDE";"Desobediência às normas de trânsito pelo condutor";"Colisão transversal";"Com Vítimas Feridas";"Pleno dia";"Crescente";"Céu Claro";"Simples";"Reta";"Sim";2;0;0;1;0;1;1;2;-13,05944726;-55,91677072;"SPRF-MT";"DEL06-MT";"UOP01-DEL06-MT"
222000;2019-07-14;"domingo";"10:20:00";"ES";101;137,1;"LINHARES";"Falta de Atenção à Condução";"Colisão lateral";"Com Vítimas Feridas";"Pleno dia";"Decrescente";"Céu Claro";"Simples";"Reta";"Não";2;0;1;0;0;1;1;2;-19,29308199;-40,08591691;"SPRF-ES";"DEL04-ES";"UOP01-DEL04-ES"
222001;2019-07-14;"domingo";"08:40:00";"SC";101;334,4;"TUBARAO";"Ingestão de Álcool";"Colisão com objeto estático";"Sem Vítimas";"Pleno dia";"Crescente";"Céu Claro";"Dupla";"Reta";"Sim";1;0;0;0;1;0;0;1;-28,46730446;-49,00604302;"SPRF-SC";"DEL02-SC";"UOP01-DEL02-SC"
222002;2019-07-14;"domingo";"10:00:00";"PA";316;21;"BENEVIDES";"Falta de Atenção à Condução";"Colisão traseira";"Com Vítimas Feridas";"Pleno dia";"Crescente";"Céu Claro";"Dupla";"Reta";"Não";3;0;2;0;1;0;2;2;-1,36097138;-48,26241527;"SPRF-PA";"DEL01-PA";"DEL19/1-UOP05/PA"
222003;2019-07-14;"domingo";"10:05:00";"RJ";101;417;"MANGARATIBA";"Ultrapassagem Indevida";"Colisão frontal";"Com Vítimas Feridas";"Pleno dia";"Crescente";"Sol";"Simples";"Reta";"Não";4;0;3;1;0;0;4;2;-22,91293797;-43,89732384;"SPRF-RJ";"DEL03-RJ";"UOP01-DEL03-RJ"
222004;2019-07-13;"sábado";"20:40:00";"TO";153;220;"NOVA OLINDA";"Animais na Pista";"Atropelamento de Animal";"Sem Vítimas";"Plena Noite";"Decrescente";"Céu Claro";"Simples";"Aclive";"Não";2;0;0;0;2;0;0;1;-7,81874399;-48,45272586;"SPRF-TO";"DEL02-TO";"UOP01-DEL02-TO"
222005;2019-07-14;"domingo";"10:30:00";"BA";135;168,3;"BARREIRAS";"Condutor Dormindo";"Saída de leito carroçável";"Sem Vítimas";"Pleno dia";"Decrescente";"Céu Claro";"Simples";"Curva";"Não";5;0;0;0;5;0;0;1;-12,07296299;-44,96722177;"SPRF-BA";"DEL10-BA";"UOP01-DEL10-BA"
222006;2019-07-14;"domingo";"09:45:00";"RJ";40;122;"DUQUE DE CAXIAS";"Ingestão de Álcool";"Colisão traseira";"Com Vítimas Feridas";"Pleno dia";"Decrescente";"Céu Claro";"Múltipla";"Reta";"Sim";3;0;1;0;1;1;1;3;-22,79083113;-43,28611569;"SPRF-RJ";"DEL01-RJ";"UOP01-DEL01-RJ"
222008;2019-07-14;"domingo";"09:10:00";"RO";421;0,8;"ARIQUEMES";"Não guardar distância de segurança";"Colisão traseira";"Com Vítimas Feridas";"Pleno dia";"Crescente";"Sol";"Simples";"Reta";"Sim";5;0;1;0;4;0;1;2;-9,916055;-63,05571;"SPRF-RO";"DEL03-RO";"DEL21/3-UOP04/RO"
222009;2019-07-14;"domingo";"10:45:00";"ES";101;147;"LINHARES";"Falta de Atenção à Condução";"Colisão traseira";"Com Vítimas Feridas";"Pleno dia";"Crescente";"Céu Claro";"Simples";"Reta";"Sim";2;0;1;0;1;0;1;2;-19,37887202;-40,06657892;"SPRF-ES";"DEL04-ES";"UOP01-DEL04-ES"
222010;2019-07-14;"domingo";"07:20:00";"PI";316;265,6;"IPIRANGA DO PIAUI";"Falta de Atenção à Condução";"Saída de leito carroçável";"Com Vítimas Feridas";"Pleno dia";"Crescente";"Céu Claro";"Simples";"Curva";"Não";2;0;2;0;0;0;2;1;-6,8853566;-41,74736023;"SPRF-PI";"DEL04-PI";"UOP02-DEL04-PI"
222011;2019-07-14;"domingo";"10:40:00";"RS";285;247;"CIRIACO";"Ingestão de Álcool";"Saída de leito carroçável";"Sem Vítimas";"Pleno dia";"Decrescente";"Chuva";"Simples";"Reta";"Não";1;0;0;0;1;0;0;1;-28,278492;-51,947803;"SPRF-RS";"DEL08-RS";"UOP03-DEL08-RS"
222013;2019-07-14;"domingo";"10:30:00";"PE";232;29,5;"MORENO";"Defeito na Via";"Saída de leito carroçável";"Com Vítimas Feridas";"Pleno dia";"Decrescente";"Chuva";"Dupla";"Reta";"Não";3;0;2;1;0;0;3;1;-8,111269;-35,143135;"SPRF-PE";"DEL01-PE";"UOP02-DEL02PE"
222015;2019-07-14;"domingo";"11:45:00";"GO";60;165,2;"GOIANIA";"Avarias e/ou desgaste excessivo no pneu";"Tombamento";"Com Vítimas Feridas";"Pleno dia";"Crescente";"Sol";"Simples";"Curva;Aclive";"Sim";1;0;1;0;0;0;1;1;-16,7084;-49,3503;"SPRF-GO";"DEL01-GO";"UOP02-DEL01-GO"
222016;2019-07-14;"domingo";"11:00:00";"PB";230;446,9;"APARECIDA";"Falta de Atenção à Condução";"Colisão transversal";"Com Vítimas Fatais";"Pleno dia";"Crescente";"Céu Claro";"Simples";"Reta";"Não";2;1;1;0;0;0;1;2;-6,783988;-38,095227;"SPRF-PB";"DEL03-PB";"UOP03-DEL03-PB"
222017;2019-07-14;"domingo";"11:30:00";"GO";40;11;"LUZIANIA";"Falta de Atenção à Condução";"Queda de ocupante de veículo";"Com Vítimas Feridas";"Pleno dia";"Crescente";"Céu Claro";"Simples";"Reta";"Sim";1;0;0;1;0;0;1;1;-16,138336;-47,951644;"SPRF-DF";"DEL01-DF";"UOP01-DEL01-DF"
222019;2019-07-14;"domingo";"12:50:00";"GO";60;118,4;"TEREZOPOLIS DE GOIAS";"Falta de Atenção à Condução";"Colisão traseira";"Com Vítimas Feridas";"Pleno dia";"Decrescente";"Céu Claro";"Dupla";"Reta";"Sim";2;0;1;0;1;0;1;2;-16,4848;-49,0935;"SPRF-GO";"DEL01-GO";"UOP01-DEL01-GO"
222020;2019-07-14;"domingo";"13:04:00";"SC";470;19;"ILHOTA";"Ingestão de Álcool";"Colisão frontal";"Com Vítimas Feridas";"Pleno dia";"Decrescente";"Céu Claro";"Simples";"Reta";"Não";7;0;5;1;1;0;6;4;-26,862995;-48,814396;"SPRF-SC";"DEL04-SC";"UOP04-DEL04-SC"
222021;2019-07-14;"domingo";"11:35:00";"SP";381;36;"ATIBAIA";"Falta de Atenção à Condução";"Queda de ocupante de veículo";"Com Vítimas Feridas";"Pleno dia";"Decrescente";"Céu Claro";"Dupla";"Reta";"Não";2;0;1;0;0;1;1;2;-23,12867855;-46,57653809;"SPRF-SP";"DEL03-SP";"UOP02-DEL03-SP"
222022;2019-07-14;"domingo";"13:10:00";"MG";262;368,8;"JUATUBA";"Velocidade Incompatível";"Colisão traseira";"Com Vítimas Feridas";"Pleno dia";"Decrescente";"Céu Claro";"Dupla";"Reta";"Sim";5;0;4;1;0;0;5;2;-19,95800093;-44,34180737;"SPRF-MG";"DEL01-MG";"UOP03-DEL01-MG"
222023;2019-07-14;"domingo";"12:40:00";"SP";101;39,7;"UBATUBA";"Ingestão de Álcool";"Colisão com objeto estático";"Com Vítimas Feridas";"Pleno dia";"Decrescente";"Céu Claro";"Simples";"Reta";"Sim";2;0;2;0;0;0;2;1;-23,41370139;-45,02666492;"SPRF-SP";"DEL06-SP";"UOP01-DEL06-SP"
222024;2019-07-14;"domingo";"13:15:00";"SC";101;116,9;"ITAJAI";"Ingestão de Álcool";"Colisão traseira";"Com Vítimas Feridas";"Pleno dia";"Crescente";"Nublado";"Simples";"Interseção de Vias";"Sim";3;0;2;0;1;0;2;2;-26,87905605;-48,72603512;"SPRF-SC";"DEL04-SC";"UOP04-DEL04-SC"
222027;2019-07-14;"domingo";"12:45:00";"MG";40;572;"ITABIRITO";"Desobediência às normas de trânsito pelo condutor";"Colisão lateral";"Com Vítimas Feridas";"Pleno dia";"Crescente";"Céu Claro";"Simples";"Declive";"Sim";4;0;2;0;2;0;2;2;-20,23058501;-43,96905104;"SPRF-MG";"DEL01-MG";"UOP02-DEL01-MG"
222030;2019-07-14;"domingo";"08:40:00";"RJ";116;50;"TERESOPOLIS";"Defeito Mecânico no Veículo";"Tombamento";"Com Vítimas Feridas";"Pleno dia";"Crescente";"Céu Claro";"Simples";"Reta";"Não";1;0;1;0;0;0;1;1;-22,18390132;-42,85411376;"SPRF-RJ";"DEL04-RJ";"UOP01-DEL04-RJ"
222034;2019-07-14;"domingo";"13:40:00";"MG";116;735,5;"LARANJAL";"Falta de Atenção à Condução";"Colisão lateral";"Com Vítimas Feridas";"Pleno dia";"Crescente";"Céu Claro";"Simples";"Curva";"Não";7;0;4;0;2;1;4;3;-21,35356993;-42,46829116;"SPRF-MG";"DEL07-MG";"UOP02-DEL07-MG"
222035;2019-07-14;"domingo";"13:30:00";"PR";376;148,7;"PRESIDENTE CASTELO BRANCO";"Falta de Atenção à Condução";"Tombamento";"Com Vítimas Feridas";"Pleno dia";"Crescente";"Céu Claro";"Dupla";"Reta";"Não";1;0;1;0;0;0;1;1;-23,29240034;-52,12692808;"SPRF-PR";"DEL07-PR";"UOP02-DEL09-PR"
222037;2019-06-24;"segunda-feira";"14:40:00";"ES";101;271;"SERRA";"Desobediência às normas de trânsito pelo condutor";"Colisão lateral";"Com Vítimas Feridas";"Pleno dia";"Crescente";"Nublado";"Dupla";"Reta";"Sim";3;0;2;0;0;1;2;3;-20,23267;-40,27658;"SPRF-ES";"DEL02-ES";"UOP01-DEL02-ES"
222038;2019-07-14;"domingo";"14:35:00";"RS";470;219;"BENTO GONCALVES";"Velocidade Incompatível";"Colisão lateral";"Com Vítimas Feridas";"Pleno dia";"Decrescente";"Garoa/Chuvisco";"Simples";"Aclive;Curva";"Não";2;0;1;0;1;0;1;2;-29,17909489;-51,51855675;"SPRF-RS";"DEL06-RS";"UOP01-DEL06-RS"
222039;2019-07-14;"domingo";"14:10:00";"PR";467;103;"CASCAVEL";"Ingestão de Álcool";"Capotamento";"Com Vítimas Feridas";"Pleno dia";"Crescente";"Céu Claro";"Dupla";"Curva";"Não";2;0;2;0;0;0;2;1;-24,9098;-53,5103;"SPRF-PR";"DEL04-PR";"UOP01-DEL04-PR"
222041;2019-07-14;"domingo";"14:30:00";"SC";470;8;"NAVEGANTES";"Desobediência às normas de trânsito pelo condutor";"Colisão transversal";"Com Vítimas Feridas";"Pleno dia";"Crescente";"Nublado";"Simples";"Reta";"Não";4;0;2;0;2;0;2;2;-26,83688;-48,718853;"SPRF-SC";"DEL04-SC";"UOP04-DEL04-SC"
222043;2019-07-14;"domingo";"13:30:00";"SP";116;173,7;"JACAREI";"Avarias e/ou desgaste excessivo no pneu";"Tombamento";"Com Vítimas Feridas";"Pleno dia";"Decrescente";"Céu Claro";"Dupla";"Reta";"Não";2;0;2;0;0;0;2;1;-23,31710055;-46,08178719;"SPRF-SP";"DEL02-SP";"UOP01-DEL02-SP"
222044;2019-07-14;"domingo";"10:10:00";"SC";282;195;"BOCAINA DO SUL";"Falta de Atenção à Condução";"Saída de leito carroçável";"Com Vítimas Feridas";"Pleno dia";"Decrescente";"Chuva";"Simples";"Reta";"Não";2;0;2;0;0;0;2;1;-27,746756;-50,084789;"SPRF-SC";"DEL05-SC";"UOP01-DEL05-SC"
222045;2019-07-14;"domingo";"15:00:00";"SC";282;6;"SAO JOSE";"Pista Escorregadia";"Queda de ocupante de veículo";"Com Vítimas Feridas";"Pleno dia";"Crescente";"Chuva";"Dupla";"Curva";"Não";1;0;1;0;0;0;1;1;-27,591936;-48,618244;"SPRF-SC";"DEL01-SC";"UOP01-DEL01-SC"
222046;2019-07-14;"domingo";"15:00:00";"SP";116;280,8;"EMBU DAS ARTES";"Falta de Atenção à Condução";"Colisão lateral";"Sem Vítimas";"Pleno dia";"Crescente";"Céu Claro";"Dupla";"Reta";"Sim";2;0;0;0;2;0;0;2;-23,66996108;-46,85590758;"SPRF-SP";"DEL04-SP";"UOP01-DEL04-SP"
222047;2019-07-14;"domingo";"13:15:00";"PR";153;333;"IRATI";"Falta de Atenção à Condução";"Queda de ocupante de veículo";"Com Vítimas Feridas";"Pleno dia";"Decrescente";"Céu Claro";"Simples";"Reta";"Sim";1;0;1;0;0;0;1;1;-25,47271703;-50,63775197;"SPRF-PR";"DEL03-PR";"UOP02-DEL08-PR"
222048;2019-07-14;"domingo";"15:00:00";"PR";277;122;"CAMPO LARGO";"Falta de Atenção à Condução";"Atropelamento de Pedestre";"Com Vítimas Feridas";"Pleno dia";"Crescente";"Céu Claro";"Dupla";"Reta";"Não";3;0;2;0;1;0;2;2;-25,44344167;-49,45985402;"SPRF-PR";"DEL01-PR";"UOP06-DEL01-PR"
222049;2019-07-14;"domingo";"13:15:00";"PR";376;632;"SAO JOSE DOS PINHAIS";"Falta de Atenção à Condução";"Colisão com objeto estático";"Com Vítimas Feridas";"Pleno dia";"Crescente";"Céu Claro";"Dupla";"Reta";"Não";2;0;1;0;1;0;1;1;-25,71305887;-49,13941456;"SPRF-PR";"DEL01-PR";"UOP04-DEL01-PR"
222050;2019-07-14;"domingo";"15:15:00";"RN";427;72,2;"JARDIM DO SERIDO";"Condutor Dormindo";"Queda de ocupante de veículo";"Com Vítimas Feridas";"Pleno dia";"Crescente";"Céu Claro";"Simples";"Curva";"Não";1;0;1;0;0;0;1;1;-6,54227012;-36,9030361;"SPRF-RN";"DEL03-RN";"UOP01-DEL03-RN"
222051;2019-07-14;"domingo";"14:30:00";"SE";235;2,2;"ARACAJU";"Desobediência às normas de trânsito pelo pedestre";"Atropelamento de Pedestre";"Com Vítimas Feridas";"Pleno dia";"Decrescente";"Nublado";"Múltipla";"Interseção de Vias";"Sim";2;0;1;0;0;1;1;2;-10,9062;-37,1034;"SPRF-SE";"DEL01-SE";"UOP01-DEL01-SE"
222053;2019-07-14;"domingo";"10:05:00";"MG";262;699;"ARAXA";"Agressão Externa";"Incêndio";"Sem Vítimas";"Pleno dia";"Crescente";"Céu Claro";"Simples";"Reta";"Não";1;0;0;0;0;1;0;1;-19,57362007;-47,04840592;"SPRF-MG";"DEL08-MG";"UOP01-DEL08-MG"
222054;2019-07-14;"domingo";"14:20:00";"RS";392;196,3;"SANTANA DA BOA VISTA";"Velocidade Incompatível";"Tombamento";"Com Vítimas Feridas";"Pleno dia";"Decrescente";"Nublado";"Simples";"Curva";"Não";1;0;0;1;0;0;1;1;-30,89678807;-53,11510534;"SPRF-RS";"DEL09-RS";"UOP02-DEL09-RS"
222056;2019-07-14;"domingo";"12:50:00";"RN";101;83,7;"NATAL";"Falta de Atenção à Condução";"Atropelamento de Pedestre";"Com Vítimas Feridas";"Pleno dia";"Decrescente";"Céu Claro";"Dupla";"Reta";"Não";2;0;0;1;1;0;1;2;-5,7710445;-35,26616981;"SPRF-RN";"DEL02-RN";"UOP01-DEL02-RN"
222057;2019-07-14;"domingo";"15:15:00";"PB";230;212,2;"SOLEDADE";"Falta de Atenção à Condução";"Saída de leito carroçável";"Com Vítimas Feridas";"Pleno dia";"Crescente";"Nublado";"Simples";"Reta";"Não";5;0;4;0;1;0;4;1;-7,0754;-36,341;"SPRF-PB";"DEL02-PB";"UOP02-DEL02-PB"
222058;2019-07-14;"domingo";"15:00:00";"RJ";101;275;"TANGUA";"Falta de Atenção à Condução";"Colisão traseira";"Com Vítimas Feridas";"Pleno dia";"Decrescente";"Céu Claro";"Dupla";"Reta";"Sim";2;0;1;0;1;0;1;2;-22,73653355;-42,72909106;"SPRF-RJ";"DEL02-RJ";"UOP03-DEL02-RJ"
222059;2019-07-14;"domingo";"15:50:00";"PR";116;92,7;"SAO JOSE DOS PINHAIS";"Não guardar distância de segurança";"Tombamento";"Com Vítimas Feridas";"Pleno dia";"Crescente";"Sol";"Dupla";"Viaduto";"Não";1;0;1;0;0;0;1;1;-25,47691403;-49,09767498;"SPRF-PR";"DEL01-PR";"UOP01-DEL01-PR"
222061;2019-07-14;"domingo";"15:55:00";"SP";116;213;"GUARULHOS";"Defeito Mecânico no Veículo";"Queda de ocupante de veículo";"Com Vítimas Feridas";"Pleno dia";"Decrescente";"Céu Claro";"Múltipla";"Reta";"Não";1;0;1;0;0;0;1;1;-23,43971486;-46,43667806;"SPRF-SP";"DEL01-SP";"UOP01-DEL01-SP"
222062;2019-07-14;"domingo";"15:53:00";"PR";476;126;"CURITIBA";"Mal Súbito";"Queda de ocupante de veículo";"Com Vítimas Feridas";"Pleno dia";"Decrescente";"Céu Claro";"Múltipla";"Reta";"Sim";2;0;1;0;1;0;1;1;-25,416758;-49,223446;"SPRF-PR";"DEL01-PR";"UOP07-DEL01-PR"
222063;2019-07-14;"domingo";"16:00:00";"MG";381;870,9;"POUSO ALEGRE";"Falta de Atenção à Condução";"Colisão com objeto estático";"Com Vítimas Feridas";"Pleno dia";"Crescente";"Céu Claro";"Dupla";"Reta";"Não";4;0;3;0;1;0;3;1;-22,43326603;-45,97831097;"SPRF-MG";"DEL16-MG";"UOP01-DEL16-MG"
222064;2019-07-14;"domingo";"14:15:00";"SC";470;143,5;"RIO DO SUL";"Velocidade Incompatível";"Colisão frontal";"Com Vítimas Feridas";"Pleno dia";"Crescente";"Chuva";"Simples";"Curva";"Não";2;0;1;0;1;0;1;2;-27,21630041;-49,65395451;"SPRF-SC";"DEL04-SC";"UOP02-DEL04-SC"
222065;2019-07-14;"domingo";"15:45:00";"PR";476;116;"COLOMBO";"Ingestão de Álcool";"Colisão transversal";"Com Vítimas Feridas";"Pleno dia";"Crescente";"Sol";"Dupla";"Interseção de Vias";"Não";4;0;2;0;2;0;2;2;-25,34996;-49,16642;"SPRF-PR";"DEL01-PR";"UOP07-DEL01-PR"
222066;2019-07-14;"domingo";"16:30:00";"SE";235;6,1;"NOSSA SENHORA DO SOCORRO";"Falta de Atenção à Condução";"Tombamento";"Com Vítimas Feridas";"Pleno dia";"Decrescente";"Céu Claro";"Dupla";"Reta";"Sim";1;0;1;0;0;0;1;1;-10,903851;-37,128677;"SPRF-SE";"DEL01-SE";"UOP01-DEL01-SE"
222068;2019-07-14;"domingo";"16:35:00";"MG";262;813;"UBERABA";"Falta de Atenção do Pedestre";"Atropelamento de Pedestre";"Com Vítimas Feridas";"Pleno dia";"Crescente";"Céu Claro";"Dupla";"Reta";"Sim";2;0;0;1;1;0;1;2;-19,76009757;-48,07322705;"SPRF-MG";"DEL13-MG";"UOP01-DEL13-MG"
222069;2019-07-14;"domingo";"15:30:00";"RN";406;150;"CEARA-MIRIM";"Falta de Atenção à Condução";"Colisão traseira";"Com Vítimas Feridas";"Pleno dia";"Crescente";"Céu Claro";"Simples";"Reta";"Sim";3;0;1;0;2;0;1;2;-5,64974982;-35,43234997;"SPRF-RN";"DEL02-RN";"UOP01-DEL02-RN"
222070;2019-07-14;"domingo";"16:30:00";"PR";476;185,2;"LAPA";"Ingestão de Álcool";"Colisão lateral";"Sem Vítimas";"Pleno dia";"Crescente";"Céu Claro";"Simples";"Reta";"Sim";2;0;0;0;2;0;0;2;-25,714855;-49,637493;"SPRF-PR";"DEL01-PR";"UOP06-DEL01-PR"
222072;2019-07-14;"domingo";"16:30:00";"PB";230;141,2;"CAMPINA GRANDE";"Ingestão de Álcool";"Saída de leito carroçável";"Com Vítimas Fatais";"Pleno dia";"Decrescente";"Chuva";"Dupla";"Curva";"Não";4;1;1;2;0;0;3;1;-7,2612;-35,8061;"SPRF-PB";"DEL02-PB";"UOP01-DEL02-PB"
222073;2019-07-14;"domingo";"14:40:00";"MT";163;118;"RONDONOPOLIS";"Ingestão de Álcool";"Colisão lateral";"Sem Vítimas";"Pleno dia";"Crescente";"Céu Claro";"Simples";"Declive";"Sim";1;0;0;0;0;1;0;1;-16,51361392;-54,65519619;"SPRF-MT";"DEL02-MT";"UOP01-DEL02-MT"
222075;2019-07-14;"domingo";"16:20:00";"PR";163;287;"MARECHAL CANDIDO RONDON";"Falta de Atenção à Condução";"Colisão transversal";"Com Vítimas Feridas";"Pleno dia";"Decrescente";"Céu Claro";"Simples";"Rotatória";"Sim";2;0;1;0;1;0;1;2;-24,55962092;-54,03702984;"SPRF-PR";"DEL06-PR";"UOP02-DEL06-PR"
222076;2019-07-14;"domingo";"14:45:00";"SC";282;424,7;"VARGEM BONITA";"Falta de Atenção à Condução";"Saída de leito carroçável";"Com Vítimas Feridas";"Pleno dia";"Decrescente";"Chuva";"Simples";"Curva";"Não";2;0;1;0;1;0;1;1;-26,988014;-51,753124;"SPRF-SC";"DEL07-SC";"UOP05-DEL07-SC"
222077;2019-07-07;"domingo";"04:00:00";"MS";163;648;"SAO GABRIEL DO OESTE";"Ingestão de Álcool";"Colisão traseira";"Com Vítimas Feridas";"Plena Noite";"Crescente";"Céu Claro";"Simples";"Declive";"Não";3;0;0;2;1;0;2;2;-19,1776549;-54,75383172;"SPRF-MS";"DEL06-MS";"UOP02-DEL06-MS"
222078;2019-07-14;"domingo";"16:30:00";"RS";285;316;"PASSO FUNDO";"Defeito Mecânico no Veículo";"Incêndio";"Sem Vítimas";"Pleno dia";"Decrescente";"Chuva";"Simples";"Reta";"Não";1;0;0;0;1;0;0;1;-28,26983066;-52,60394454;"SPRF-RS";"DEL08-RS";"UOP03-DEL08-RS"
222079;2019-07-14;"domingo";"16:30:00";"GO";153;285,7;"RIALMA";"Ingestão de Álcool";"Colisão traseira";"Com Vítimas Feridas";"Pleno dia";"Crescente";"Céu Claro";"Simples";"Reta";"Não";2;0;1;0;1;0;1;2;-15,170359;-49,543961;"SPRF-GO";"DEL07-GO";"UOP02-DEL07-GO"
222080;2019-07-14;"domingo";"18:15:00";"SC";280;50;"GUARAMIRIM";"Falta de Atenção à Condução";"Colisão transversal";"Com Vítimas Feridas";"Plena Noite";"Crescente";"Nublado";"Simples";"Reta";"Não";3;0;1;1;1;0;2;2;-26,46387399;-48,95153761;"SPRF-SC";"DEL03-SC";"UOP03-DEL03-SC"
222081;2019-07-14;"domingo";"18:20:00";"SP";116;288,3;"ITAPECERICA DA SERRA";"Falta de Atenção à Condução";"Colisão traseira";"Com Vítimas Feridas";"Anoitecer";"Decrescente";"Céu Claro";"Dupla";"Reta";"Não";2;0;2;0;0;0;2;1;-23,719254;-46,883144;"SPRF-SP";"DEL04-SP";"UOP01-DEL04-SP"
222082;2019-07-14;"domingo";"18:23:00";"SE";101;4,9;"PROPRIA";"Ingestão de Álcool";"Colisão com objeto estático";"Com Vítimas Feridas";"Plena Noite";"Crescente";"Céu Claro";"Simples";"Reta;Desvio Temporário";"Não";1;0;1;0;0;0;1;1;-10,23232136;-36,84817965;"SPRF-SE";"DEL02-SE";"UOP02-DEL02-SE"
222083;2019-07-14;"domingo";"17:00:00";"CE";222;125;"ITAPAJE";"Não guardar distância de segurança";"Colisão traseira";"Com Vítimas Feridas";"Plena Noite";"Decrescente";"Vento";"Simples";"Curva";"Não";2;0;2;0;0;0;2;2;-3,68965682;-39,5968761;"SPRF-CE";"DEL04-CE";"UOP03-DEL04-CE"
222087;2019-07-14;"domingo";"09:30:00";"RO";364;341;"JI-PARANA";"Falta de Atenção à Condução";"Colisão lateral";"Com Vítimas Feridas";"Pleno dia";"Decrescente";"Céu Claro";"Dupla";"Reta";"Sim";2;0;2;0;0;0;2;1;-10,88217749;-61,94025278;"SPRF-RO";"DEL02-RO";"UOP01-DEL02-RO"
222088;2019-07-14;"domingo";"19:00:00";"PR";116;152,5;"QUITANDINHA";"Falta de Atenção à Condução";"Colisão transversal";"Sem Vítimas";"Plena Noite";"Crescente";"Céu Claro";"Simples";"Rotatória;Reta";"Sim";2;0;0;0;2;0;0;2;-25,86209092;-49,36184049;"SPRF-PR";"DEL01-PR";"UOP03-DEL01-PR"
222089;2019-07-14;"domingo";"17:15:00";"MS";163;497,1;"CAMPO GRANDE";"Falta de Atenção à Condução";"Saída de leito carroçável";"Com Vítimas Feridas";"Anoitecer";"Decrescente";"Céu Claro";"Simples";"Curva";"Não";1;0;1;0;0;0;1;1;-20,35232402;-54,52049797;"SPRF-MS";"DEL01-MS";"UOP02-DEL01-MS"
222090;2019-07-14;"domingo";"18:30:00";"PI";343;50;"BURITI DOS LOPES";"Desobediência às normas de trânsito pelo condutor";"Atropelamento de Pedestre";"Com Vítimas Feridas";"Plena Noite";"Crescente";"Céu Claro";"Simples";"Aclive;Reta";"Sim";8;0;4;3;1;0;7;2;-3,182096;-41,853695;"SPRF-PI";"DEL05-PI";"UOP01-DEL05-PI"
222091;2019-07-14;"domingo";"18:25:00";"SP";116;311,5;"SAO LOURENCO DA SERRA";"Falta de Atenção do Pedestre";"Atropelamento de Pedestre";"Com Vítimas Fatais";"Plena Noite";"Crescente";"Nublado";"Dupla";"Reta";"Não";2;1;0;0;1;0;0;2;-23,87738392;-46,96817908;"SPRF-SP";"DEL04-SP";"UOP01-DEL04-SP"
222092;2019-07-14;"domingo";"18:40:00";"GO";40;7,5;"VALPARAISO DE GOIAS";"Ingestão de Álcool";"Atropelamento de Pedestre";"Com Vítimas Feridas";"Plena Noite";"Decrescente";"Céu Claro";"Dupla";"Reta";"Sim";3;0;1;0;1;1;1;2;-16,11509031;-47,96802521;"SPRF-DF";"DEL01-DF";"UOP01-DEL01-DF"
222093;2019-07-14;"domingo";"17:50:00";"RO";364;341,5;"JI-PARANA";"Desobediência às normas de trânsito pelo condutor";"Colisão com objeto estático";"Com Vítimas Feridas";"Anoitecer";"Crescente";"Céu Claro";"Múltipla";"Reta";"Sim";1;0;1;0;0;0;1;1;-10,88987987;-61,93126772;"SPRF-RO";"DEL02-RO";"UOP01-DEL02-RO"
222094;2019-07-14;"domingo";"18:20:00";"SC";470;34,7;"GASPAR";"Não guardar distância de segurança";"Colisão traseira";"Com Vítimas Feridas";"Plena Noite";"Decrescente";"Nublado";"Simples";"Reta";"Sim";2;0;1;0;1;0;1;2;-26,910646;-48,949341;"SPRF-SC";"DEL04-SC";"UOP01-DEL04-SC"
222095;2019-07-14;"domingo";"18:45:00";"SC";470;68;"INDAIAL";"Desobediência às normas de trânsito pelo pedestre";"Atropelamento de Pedestre";"Com Vítimas Feridas";"Plena Noite";"Decrescente";"Chuva";"Simples";"Rotatória";"Não";2;0;1;0;1;0;1;2;-26,877615;-49,239231;"SPRF-SC";"DEL04-SC";"UOP01-DEL04-SC"