"id";"data_inversa";"dia_semana";"horario";"uf";"br";"km";"municipio";"causa_acidente";"tipo_acidente";"classificacao_acidente";"fase_dia";"sentido_via";"condicao_metereologica";"tipo_pista";"tracado_via";"uso_solo";"pessoas";"mortos";"feridos_leves";"feridos_graves";"ilesos";"ignorados";"feridos";"veiculos";"latitude";"longitude";"regional";"delegacia";"uop"
222201;2019-07-14;"domingo";"01:00:00";"RS";290;177,5;"BUTIA";"Animais na Pista";"Atropelamento de Animal";"Com Vítimas Feridas";"Plena Noite";"Crescente";"Céu Claro";"Simples";"Reta";"Não";3;0;1;0;2;0;1;1;-30,132814;-51,982243;"SPRF-RS";"DEL02-RS";"UOP02-DEL02-RS"
222202;2019-07-14;"domingo";"21:15:00";"SC";282;505,2;"XANXERE";"Velocidade Incompatível";"Colisão com objeto estático";"Com Vítimas Feridas";"Plena Noite";"Decrescente";"Chuva";"Simples";"Reta";"Sim";4;0;0;4;0;0;4;1;-26,885883;-52,418762;"SPRF-SC";"DEL07-SC";"UOP01-DEL07-SC"
222204;2019-07-15;"segunda-feira";"03:00:00";"RJ";465;3,4;"SEROPEDICA";"Falta de Atenção à Condução";"Saída de leito carroçável";"Com Vítimas Feridas";"Plena Noite";"Crescente";"Ignorado";"Simples";"Rotatória";"Sim";1;0;1;0;0;0;1;1;-22,73427;-43,711994;"SPRF-RJ";"DEL01-RJ";"UOP01-DEL01-MS"
222205;2019-06-19;"quarta-feira";"18:40:00";"BA";101;473;"ITAJUIPE";"Falta de Atenção à Condução";"Colisão lateral";"Com Vítimas Feridas";"Plena Noite";"Decrescente";"Céu Claro";"Simples";"Reta";"Não";1;0;0;1;0;0;1;1;-14,70434282;-39,36407268;"SPRF-BA";"DEL05-BA";"UOP01-DEL05-BA"
222206;2019-07-15;"segunda-feira";"07:30:00";"PR";153;52,5;"SANTO ANTONIO DA PLATINA";"Falta de Atenção à Condução";"Colisão traseira";"Com Vítimas Feridas";"Pleno dia";"Decrescente";"Céu Claro";"Simples";"Reta";"Não";2;0;1;0;1;0;1;2;-23,38045053;-50,06145351;"SPRF-PR";"DEL07-PR";"UOP04-DEL07-PR"
222208;2019-07-15;"segunda-feira";"07:30:00";"MG";40;658;"CARANDAI";"Falta de Atenção à Condução";"Saída de leito carroçável";"Com Vítimas Feridas";"Pleno dia";"Decrescente";"Céu Claro";"Simples";"Curva";"Não";3;0;2;0;1;0;2;1;-20,88523519;-43,80990585;"SPRF-MG";"DEL05-MG";"UOP02-DEL05-MG"
222209;2019-07-15;"segunda-feira";"07:30:00";"RN";304;128,4;"ITAJA";"Ultrapassagem Indevida";"Colisão frontal";"Com Vítimas Fatais";"Pleno dia";"Crescente";"Sol";"Simples";"Reta";"Não";3;1;1;1;0;0;2;2;-5,65710556;-36,78926397;"SPRF-RN";"DEL04-RN";"UOP01-DEL04-RN"
222211;2019-07-15;"segunda-feira";"07:30:00";"SP";116;219;"GUARULHOS";"Não guardar distância de segurança";"Colisão lateral";"Com Vítimas Feridas";"Pleno dia";"Crescente";"Sol";"Múltipla";"Reta";"Não";2;0;1;0;1;0;1;2;-23,46143954;-46,48885316;"SPRF-SP";"DEL01-SP";"UOP01-DEL01-SP"
222212;2019-07-15;"segunda-feira";"08:08:00";"SE";235;5;"NOSSA SENHORA DO SOCORRO";"Não guardar distância de segurança";"Queda de ocupante de veículo";"Com Vítimas Feridas";"Pleno dia";"Decrescente";"Céu Claro";"Dupla";"Aclive;Reta";"Sim";2;0;2;0;0;0;2;1;-10,9041;-37,1278;"SPRF-SE";"DEL01-SE";"UOP01-DEL01-SE"
222213;2019-03-07;"quinta-feira";"06:00:00";"GO";153;491;"GOIANIA";"Falta de Atenção à Condução";"Colisão lateral";"Com Vítimas Feridas";"Pleno dia";"Decrescente";"Céu Claro";"Dupla";"Curva";"Sim";3;0;1;1;1;0;2;2;-16,632614;-49,205086;"SPRF-GO";"DEL01-GO";"UOP01-DEL01-GO"
222215;2019-07-15;"segunda-feira";"08:10:00";"MG";365;627;"UBERLANDIA";"Falta de Atenção à Condução";"Colisão traseira";"Com Vítimas Feridas";"Pleno dia";"Decrescente";"Sol";"Dupla";"Reta";"Sim";3;0;2;0;1;0;2;2;-18,91051;-48,30551;"SPRF-MG";"DEL15-MG";"UOP01-DEL15-MG"
222218;2019-07-15;"segunda-feira";"07:19:00";"SP";116;219,4;"GUARULHOS";"Falta de Atenção à Condução";"Colisão lateral";"Com Vítimas Feridas";"Pleno dia";"Crescente";"Sol";"Múltipla";"Reta";"Sim";3;0;1;0;2;0;1;2;-23,4635219;-46,49551392;"SPRF-SP";"DEL01-SP";"UOP01-DEL01-SP"
222220;2019-07-15;"segunda-feira";"08:40:00";"SC";101;327,2;"CAPIVARI DE BAIXO";"Desobediência às normas de trânsito pelo condutor";"Colisão lateral";"Com Vítimas Feridas";"Pleno dia";"Crescente";"Nublado";"Simples";"Rotatória";"Sim";2;0;0;1;1;0;1;2;-28,43023306;-48,95205197;"SPRF-SC";"DEL02-SC";"UOP01-DEL02-SC"
222221;2019-07-15;"segunda-feira";"08:20:00";"SP";116;227,3;"GUARULHOS";"Desobediência às normas de trânsito pelo condutor";"Colisão traseira";"Com Vítimas Feridas";"Pleno dia";"Crescente";"Céu Claro";"Múltipla";"Reta";"Sim";3;0;1;0;0;2;1;3;-23,49659264;-46,55648754;"SPRF-SP";"DEL01-SP";"UOP01-DEL01-SP"
222224;2019-06-25;"terça-feira";"19:30:00";"CE";116;2,7;"FORTALEZA";"Falta de Atenção à Condução";"Colisão traseira";"Com Vítimas Feridas";"Plena Noite";"Crescente";"Céu Claro";"Múltipla";"Reta";"Sim";4;0;0;1;3;0;1;4;-3,77019802;-38,51724508;"SPRF-CE";"DEL01-CE";"UOP02-DEL01-CE"
222225;2019-07-15;"segunda-feira";"09:00:00";"SP";116;110,4;"TAUBATE";"Falta de Atenção à Condução";"Tombamento";"Sem Vítimas";"Pleno dia";"Decrescente";"Sol";"Dupla";"Curva";"Não";1;0;0;0;1;0;0;1;-23,03412614;-45,5526999;"SPRF-SP";"DEL06-SP";"UOP01-DEL06-SP"
222226;2019-07-15;"segunda-feira";"09:20:00";"PE";101;10,8;"GOIANA";"Condutor Dormindo";"Saída de leito carroçável";"Com Vítimas Feridas";"Pleno dia";"Decrescente";"Sol";"Dupla";"Curva";"Não";1;0;1;0;0;0;1;1;-7,58679204;-34,98736241;"SPRF-PE";"DEL01-PE";"UOP02-DEL01-PE"
222228;2019-06-24;"segunda-feira";"18:30:00";"BA";116;809,3;"VITORIA DA CONQUISTA";"Ingestão de Álcool";"Colisão traseira";"Com Vítimas Feridas";"Plena Noite";"Crescente";"Nublado";"Simples";"Reta";"Não";8;0;4;0;4;0;4;3;-14,78776674;-40,75008273;"SPRF-BA";"DEL08-BA";"UOP01-DEL08-BA"
222230;2019-07-15;"segunda-feira";"06:30:00";"PR";376;180,4;"MARINGA";"Falta de Atenção à Condução";"Colisão com objeto estático";"Com Vítimas Feridas";"Amanhecer";"Decrescente";"Céu Claro";"Dupla";"Reta";"Sim";2;0;2;0;0;0;2;1;-23,42498599;-51,89891517;"SPRF-PR";"DEL07-PR";"UOP01-DEL09-PR"
222232;2019-07-15;"segunda-feira";"10:00:00";"PR";376;421,6;"TIBAGI";"Velocidade Incompatível";"Colisão frontal";"Com Vítimas Fatais";"Pleno dia";"Crescente";"Chuva";"Simples";"Curva";"Não";2;1;0;1;0;0;1;2;-24,69049631;-50,58136767;"SPRF-PR";"DEL03-PR";"UOP02-DEL03-PR"
222233;2019-07-15;"segunda-feira";"09:10:00";"PR";158;503,6;"CORONEL VIVIDA";"Falta de Atenção à Condução";"Saída de leito carroçável";"Com Vítimas Feridas";"Pleno dia";"Decrescente";"Nublado";"Simples";"Curva";"Não";1;0;1;0;0;0;1;1;-25,99111233;-52,55704663;"SPRF-PR";"DEL02-PR";"UOP01-DEL02-PR"
222234;2019-07-15;"segunda-feira";"10:15:00";"SC";101;191;"BIGUACU";"Não guardar distância de segurança";"Colisão traseira";"Com Vítimas Feridas";"Pleno dia";"Crescente";"Garoa/Chuvisco";"Múltipla";"Reta";"Sim";2;0;1;0;1;0;1;2;-27,47730273;-48,64127329;"SPRF-SC";"DEL01-SC";"UOP01-DEL01-SC"
222235;2019-07-07;"domingo";"13:45:00";"MG";381;455;"SABARA";"Falta de Atenção à Condução";"Colisão traseira";"Com Vítimas Feridas";"Pleno dia";"Decrescente";"Céu Claro";"Simples";"Aclive";"Sim";5;0;1;0;1;3;1;4;-19,83766919;-43,86130571;"SPRF-MG";"DEL01-MG";"UOP01-DEL01-MG"
222236;2019-07-15;"segunda-feira";"09:50:00";"PR";376;655,8;"TIJUCAS DO SUL";"Velocidade Incompatível";"Colisão com objeto estático";"Com Vítimas Feridas";"Pleno dia";"Decrescente";"Chuva";"Múltipla";"Curva";"Não";2;0;1;0;1;0;1;1;-25,84165409;-49,042472;"SPRF-PR";"DEL01-PR";"UOP04-DEL01-PR"
222238;2019-07-15;"segunda-feira";"10:20:00";"PR";376;4,9;"APUCARANA";"Falta de Atenção à Condução";"Colisão transversal";"Com Vítimas Feridas";"Pleno dia";"Decrescente";"Céu Claro";"Dupla";"Declive";"Sim";2;0;1;0;1;0;1;2;-23,5513;-51,461266;"SPRF-PR";"DEL07-PR";"UOP03-DEL07-PR"
222239;2019-07-15;"segunda-feira";"09:40:00";"GO";153;514;"APARECIDA DE GOIANIA";"Falta de Atenção à Condução";"Colisão transversal";"Com Vítimas Feridas";"Pleno dia";"Decrescente";"Céu Claro";"Dupla";"Aclive";"Sim";2;0;1;0;1;0;1;2;-16,8315;-49,2434;"SPRF-GO";"DEL01-GO";"UOP03-DEL01-GO"
222240;2019-07-15;"segunda-feira";"09:50:00";"MG";40;44,1;"PARACATU";"Falta de Atenção à Condução";"Colisão transversal";"Com Vítimas Feridas";"Pleno dia";"Crescente";"Céu Claro";"Simples";"Reta";"Sim";2;0;1;0;1;0;1;2;-17,23101648;-46,85390396;"SPRF-MG";"DEL14-MG";"UOP01-DEL14-MG"
222241;2019-07-15;"segunda-feira";"09:00:00";"PA";155;258;"ELDORADO DO CARAJAS";"Desobediência às normas de trânsito pelo condutor";"Colisão transversal";"Com Vítimas Fatais";"Pleno dia";"Decrescente";"Céu Claro";"Simples";"Reta";"Não";4;1;0;1;2;0;1;2;-6,06389225;-49,30253471;"SPRF-PA";"DEL03-PA";"UOP01-DEL03-PA"
222242;2019-07-15;"segunda-feira";"08:35:00";"MT";364;638,3;"NORTELANDIA";"Falta de Atenção à Condução";"Capotamento";"Com Vítimas Feridas";"Pleno dia";"Crescente";"Céu Claro";"Simples";"Reta";"Não";5;0;2;0;3;0;2;1;-14,25040767;-56,52809143;"SPRF-MT";"DEL01-MT";"UOP01-DEL01-MT"
222243;2019-07-15;"segunda-feira";"10:30:00";"SP";153;54,5;"SAO JOSE DO RIO PRETO";"Falta de Atenção à Condução";"Capotamento";"Com Vítimas Feridas";"Pleno dia";"Crescente";"Céu Claro";"Simples";"Reta";"Não";1;0;1;0;0;0;1;1;-20,74865954;-49,34087634;"SPRF-SP";"DEL09-SP";"UOP01-DEL09-SP"
222246;2019-07-15;"segunda-feira";"10:55:00";"ES";101;269,8;"SERRA";"Falta de Atenção à Condução";"Queda de ocupante de veículo";"Com Vítimas Feridas";"Pleno dia";"Crescente";"Sol";"Múltipla";"Reta";"Sim";2;0;2;0;0;0;2;2;-20,21740496;-40,26990578;"SPRF-ES";"DEL02-ES";"UOP01-DEL02-ES"
222247;2019-07-14;"domingo";"14:45:00";"MS";267;28;"BATAGUASSU";"Agressão Externa";"Colisão lateral";"Sem Vítimas";"Pleno dia";"Decrescente";"Céu Claro";"Dupla";"Declive";"Sim";3;0;0;0;3;0;0;2;-21,72090146;-52,41360507;"SPRF-MS";"DEL02-MS";"UOP04-DEL02-MS"
222249;2019-06-28;"sexta-feira";"15:50:00";"MG";381;502;"BETIM";"Falta de Atenção à Condução";"Colisão traseira";"Sem Vítimas";"Pleno dia";"Decrescente";"Céu Claro";"Dupla";"Reta";"Não";2;0;0;0;2;0;0;2;-20,00823766;-44,21663806;"SPRF-MG";"DEL01-MG";"UOP03-DEL01-MG"
222250;2019-07-15;"segunda-feira";"07:00:00";"MS";60;528,5;"NIOAQUE";"Condutor Dormindo";"Saída de leito carroçável";"Com Vítimas Feridas";"Amanhecer";"Crescente";"Nublado";"Simples";"Reta";"Não";1;0;1;0;0;0;1;1;-21,12904108;-55,73015002;"SPRF-MS";"DEL05-MS";"UOP01-DEL05-MS"
222252;2019-07-15;"segunda-feira";"07:30:00";"SC";470;13,2;"NAVEGANTES";"Falta de Atenção à Condução";"Colisão frontal";"Com Vítimas Feridas";"Pleno dia";"Crescente";"Chuva";"Simples";"Declive";"Não";2;0;1;0;1;0;1;2;-26,839108;-48,766262;"SPRF-SC";"DEL04-SC";"UOP04-DEL04-SC"
222254;2019-07-15;"segunda-feira";"07:20:00";"SC";101;118;"ITAJAI";"Falta de Atenção à Condução";"Colisão lateral";"Com Vítimas Feridas";"Pleno dia";"Crescente";"Chuva";"Dupla";"Reta";"Sim";2;0;1;0;1;0;1;2;-26,895859;-48,71903;"SPRF-SC";"DEL04-SC";"UOP04-DEL04-SC"
222255;2019-07-15;"segunda-feira";"11:00:00";"BA";110;393;"SAO SEBASTIAO DO PASSE";"Falta de Atenção à Condução";"Colisão transversal";"Com Vítimas Feridas";"Pleno dia";"Decrescente";"Nublado";"Simples";"Reta";"Sim";2;0;1;0;1;0;1;2;-12,50766107;-38,49626949;"SPRF-BA";"DEL01-BA";"UOP01-DEL01-BA"
222257;2019-07-15;"segunda-feira";"10:25:00";"ES";262;84,4;"DOMINGOS MARTINS";"Falta de Atenção à Condução";"Colisão lateral";"Com Vítimas Feridas";"Pleno dia";"Crescente";"Céu Claro";"Simples";"Reta;Aclive";"Não";3;0;2;0;1;0;2;2;-20,40386535;-40,97556717;"SPRF-ES";"DEL01-ES";"UOP02-DEL01-ES"
222259;2019-07-15;"segunda-feira";"11:00:00";"BA";116;374;"LAMARAO";"Ultrapassagem Indevida";"Saída de leito carroçável";"Com Vítimas Feridas";"Pleno dia";"Decrescente";"Nublado";"Simples";"Reta";"Não";5;0;1;0;4;0;1;2;-11,79708206;-38,9837332;"SPRF-BA";"DEL02-BA";"UOP01-DEL02-BA"
222260;2019-07-15;"segunda-feira";"11:30:00";"PE";101;78,8;"JABOATAO DOS GUARARAPES";"Desobediência às normas de trânsito pelo condutor";"Colisão traseira";"Com Vítimas Feridas";"Pleno dia";"Crescente";"Céu Claro";"Múltipla";"Reta";"Sim";2;0;0;1;0;1;1;2;-8,15493036;-34,9419415;"SPRF-PE";"DEL01-PE";"UOP01-DEL01-PE"
222261;2019-07-15;"segunda-feira";"11:50:00";"PR";376;658;"TIJUCAS DO SUL";"Velocidade Incompatível";"Colisão com objeto estático";"Sem Vítimas";"Pleno dia";"Decrescente";"Chuva";"Dupla";"Curva";"Não";4;0;0;0;4;0;0;1;-25,85300602;-49,02166198;"SPRF-PR";"DEL01-PR";"UOP04-DEL01-PR"
222262;2019-07-15;"segunda-feira";"10:15:00";"RO";364;800;"PORTO VELHO";"Falta de Atenção à Condução";"Colisão traseira";"Sem Vítimas";"Pleno dia";"Crescente";"Céu Claro";"Simples";"Reta";"Sim";9;0;0;0;9;0;0;3;-9,25875978;-64,39468395;"SPRF-RO";"DEL01-RO";"UOP02-DEL01-RO"
222263;2019-07-15;"segunda-feira";"12:00:00";"MG";50;133;"UBERABA";"Falta de Atenção à Condução";"Saída de leito carroçável";"Com Vítimas Feridas";"Pleno dia";"Crescente";"Céu Claro";"Dupla";"Declive;Curva";"Não";1;0;1;0;0;0;1;1;-19,41574308;-48,07159033;"SPRF-MG";"DEL13-MG";"UOP01-DEL13-MG"
222264;2019-07-15;"segunda-feira";"10:00:00";"MS";163;555,6;"BANDEIRANTES";"Falta de Atenção à Condução";"Capotamento";"Com Vítimas Feridas";"Pleno dia";"Crescente";"Sol";"Simples";"Reta";"Não";1;0;1;0;0;0;1;1;-19,856386;-54,368983;"SPRF-MS";"DEL01-MS";"UOP02-DEL01-MS"
222266;2019-07-15;"segunda-feira";"10:40:00";"RO";364;343;"JI-PARANA";"Falta de Atenção à Condução";"Colisão transversal";"Com Vítimas Feridas";"Pleno dia";"Crescente";"Céu Claro";"Dupla";"Reta";"Não";2;0;1;0;1;0;1;2;-10,87878519;-61,94499012;"SPRF-RO";"DEL02-RO";"UOP01-DEL02-RO"
222268;2019-07-15;"segunda-feira";"11:20:00";"SC";101;416;"ARARANGUA";"Falta de Atenção à Condução";"Colisão frontal";"Com Vítimas Feridas";"Pleno dia";"Crescente";"Nublado";"Simples";"Reta";"Sim";2;0;1;0;1;0;1;2;-28,96708874;-49,52338825;"SPRF-SC";"DEL02-SC";"UOP02-DEL02-SC"
222269;2019-07-15;"segunda-feira";"12:10:00";"RS";101;64;"MAQUINE";"Avarias e/ou desgaste excessivo no pneu";"Tombamento";"Com Vítimas Feridas";"Pleno dia";"Crescente";"Nublado";"Dupla";"Reta";"Não";2;0;1;1;0;0;2;1;-29,69621105;-50,16781159;"SPRF-RS";"DEL03-RS";"UOP02-DEL03-RS"
222270;2019-07-15;"segunda-feira";"13:00:00";"MG";356;266,3;"MURIAE";"Falta de Atenção à Condução";"Colisão transversal";"Com Vítimas Feridas";"Pleno dia";"Decrescente";"Céu Claro";"Simples";"Interseção de Vias";"Sim";2;0;1;0;1;0;1;2;-21,12823134;-42,35802453;"SPRF-MG";"DEL07-MG";"UOP02-DEL07-MG"
222272;2019-07-15;"segunda-feira";"11:30:00";"GO";60;253,9;"INDIARA";"Animais na Pista";"Capotamento";"Sem Vítimas";"Pleno dia";"Crescente";"Céu Claro";"Dupla";"Reta";"Não";2;0;0;0;2;0;0;1;-17,1338;-49,9857;"SPRF-GO";"DEL01-GO";"UOP02-DEL01-GO"
222273;2019-07-15;"segunda-feira";"11:45:00";"RJ";101;174;"MACAE";"Defeito Mecânico no Veículo";"Saída de leito carroçável";"Sem Vítimas";"Pleno dia";"Decrescente";"Céu Claro";"Simples";"Curva";"Não";1;0;0;0;1;0;0;1;-22,37503386;-41,960354;"SPRF-RJ";"DEL02-RJ";"UOP04-DEL08-RJ"
222274;2019-07-15;"segunda-feira";"07:50:00";"GO";158;272;"JATAI";"Desobediência às normas de trânsito pelo condutor";"Colisão transversal";"Com Vítimas Feridas";"Pleno dia";"Crescente";"Céu Claro";"Simples";"Reta";"Sim";2;0;1;0;0;1;1;2;-17,88152404;-51,73316687;"SPRF-GO";"DEL05-GO";"UOP01-DEL05-GO"
222275;2019-07-15;"segunda-feira";"13:35:00";"GO";153;79,3;"PORANGATU";"Ultrapassagem Indevida";"Colisão frontal";"Com Vítimas Feridas";"Pleno dia";"Decrescente";"Céu Claro";"Simples";"Reta";"Não";5;0;3;2;0;0;5;2;-13,52074286;-49,11745906;"SPRF-GO";"DEL07-GO";"UOP01-DEL07-GO"
222276;2019-07-15;"segunda-feira";"13:20:00";"PR";277;595;"CASCAVEL";"Mal Súbito";"Saída de leito carroçável";"Com Vítimas Feridas";"Pleno dia";"Crescente";"Chuva";"Simples";"Reta";"Sim";1;0;1;0;0;0;1;1;-24,98154632;-53,50141969;"SPRF-PR";"DEL04-PR";"UOP01-DEL04-PR"
222277;2019-07-15;"segunda-feira";"12:50:00";"PE";101;47,5;"IGARASSU";"Falta de Atenção à Condução";"Colisão lateral";"Sem Vítimas";"Pleno dia";"Decrescente";"Sol";"Dupla";"Reta";"Sim";2;0;0;0;2;0;0;2;-7,88290701;-34,90461208;"SPRF-PE";"DEL01-PE";"UOP02-DEL01-PE"
222279;2019-02-21;"quinta-feira";"19:30:00";"RS";285;112;"VACARIA";"Velocidade Incompatível";"Saída de leito carroçável";"Com Vítimas Feridas";"Plena Noite";"Decrescente";"Céu Claro";"Simples";"Curva";"Não";1;0;1;0;0;0;1;1;-28,512346;-50,858364;"SPRF-RS";"DEL05-RS";"UOP03-DEL05-RS"
222280;2019-07-15;"segunda-feira";"11:30:00";"RO";364;423;"JARU";"Não guardar distância de segurança";"Colisão traseira";"Sem Vítimas";"Pleno dia";"Crescente";"Céu Claro";"Simples";"Reta";"Não";4;0;0;0;4;0;0;4;-10,45220802;-62,46072003;"SPRF-RO";"DEL03-RO";"UOP02-DEL03-RO"
222281;2019-07-15;"segunda-feira";"14:30:00";"RS";290;95;"PORTO ALEGRE";"Falta de Atenção à Condução";"Colisão traseira";"Com Vítimas Feridas";"Pleno dia";"Crescente";"Nublado";"Dupla";"Reta";"Sim";4;0;3;0;1;0;3;2;-29,982832;-51,201572;"SPRF-RS";"DEL01-RS";"UOP01-DEL01-RS"
222282;2019-07-15;"segunda-feira";"14:25:00";"PR";277;397,9;"CANDOI";"Falta de Atenção à Condução";"Colisão transversal";"Com Vítimas Feridas";"Pleno dia";"Decrescente";"Chuva";"Simples";"Reta";"Não";7;0;4;0;3;0;4;2;-25,44693293;-51,89773601;"SPRF-PR";"DEL03-PR";"UOP01-DEL08-PR"
222283;2019-07-15;"segunda-feira";"14:25:00";"SC";101;149,5;"ITAPEMA";"Falta de Atenção à Condução";"Colisão transversal";"Com Vítimas Feridas";"Pleno dia";"Crescente";"Chuva";"Múltipla";"Interseção de Vias";"Sim";2;0;1;0;1;0;1;2;-27,1089649;-48,61277586;"SPRF-SC";"DEL04-SC";"UOP03-DEL04-SC"
222284;2019-07-15;"segunda-feira";"14:00:00";"SC";101;245,6;"PAULO LOPES";"Falta de Atenção à Condução";"Saída de leito carroçável";"Com Vítimas Feridas";"Pleno dia";"Decrescente";"Chuva";"Dupla";"Reta";"Não";1;0;1;0;0;0;1;1;-27,901682;-48,64892;"SPRF-SC";"DEL02-SC";"UOP03-DEL02-SC"
222286;2019-07-15;"segunda-feira";"14:55:00";"SC";101;167;"TIJUCAS";"Falta de Atenção à Condução";"Colisão com objeto estático";"Com Vítimas Feridas";"Pleno dia";"Decrescente";"Chuva";"Dupla";"Reta";"Não";2;0;1;0;1;0;1;1;-27,27029501;-48,63176618;"SPRF-SC";"DEL04-SC";"UOP03-DEL04-SC"
222287;2019-07-15;"segunda-feira";"15:05:00";"GO";60;192;"GUAPO";"Condutor Dormindo";"Saída de leito carroçável";"Com Vítimas Feridas";"Pleno dia";"Decrescente";"Céu Claro";"Dupla";"Reta";"Não";1;0;1;0;0;0;1;1;-16,851942;-49,571109;"SPRF-GO";"DEL01-GO";"UOP02-DEL01-GO"
222288;2019-07-15;"segunda-feira";"07:20:00";"MT";364;376,7;"SANTO ANTONIO DO LEVERGER";"Falta de Atenção à Condução";"Colisão traseira";"Com Vítimas Feridas";"Pleno dia";"Decrescente";"Céu Claro";"Dupla";"Reta";"Não";2;0;2;0;0;0;2;1;-15,70428959;-55,72805299;"SPRF-MT";"DEL02-MT";"UOP02-DEL01-MT"
222289;2019-07-15;"segunda-feira";"13:30:00";"SC";470;136,3;"RIO DO SUL";"Falta de Atenção à Condução";"Colisão frontal";"Com Vítimas Feridas";"Pleno dia";"Decrescente";"Garoa/Chuvisco";"Simples";"Reta";"Não";2;0;1;0;1;0;1;2;-27,194323;-49,624554;"SPRF-SC";"DEL04-SC";"UOP02-DEL04-SC"
222290;2019-07-15;"segunda-feira";"14:30:00";"SC";470;152;"AGRONOMICA";"Falta de Atenção à Condução";"Colisão traseira";"Com Vítimas Feridas";"Pleno dia";"Decrescente";"Garoa/Chuvisco";"Simples";"Reta";"Não";4;0;2;0;2;0;2;2;-27,266434;-49,727642;"SPRF-SC";"DEL04-SC";"UOP02-DEL04-SC"
222292;2019-07-15;"segunda-feira";"15:00:00";"BA";101;944;"MUCURI";"Falta de Atenção à Condução";"Colisão transversal";"Com Vítimas Feridas";"Pleno dia";"Decrescente";"Sol";"Simples";"Reta";"Não";8;0;1;0;7;0;1;2;-18,16840196;-39,91873914;"SPRF-BA";"DEL09-BA";"UOP02-DEL09-BA"
222295;2019-04-27;"sábado";"19:45:00";"SC";101;220,4;"PALHOCA";"Falta de Atenção à Condução";"Colisão frontal";"Com Vítimas Feridas";"Plena Noite";"Crescente";"Garoa/Chuvisco";"Simples";"Reta";"Não";5;0;0;2;0;3;2;3;-27,69623925;-48,66232038;"SPRF-SC";"DEL01-SC";"UOP02-DEL01-SC"
222297;2019-07-15;"segunda-feira";"15:30:00";"BA";101;175;"SAO GONCALO DOS CAMPOS";"Falta de Atenção à Condução";"Saída de leito carroçável";"Com Vítimas Feridas";"Pleno dia";"Decrescente";"Céu Claro";"Simples";"Reta";"Não";4;0;3;0;1;0;3;1;-12,519078;-38,970829;"SPRF-BA";"DEL01-BA";"UOP03-DEL01-BA"
222298;2019-07-15;"segunda-feira";"16:00:00";"ES";101;0;"SERRA";"Defeito Mecânico no Veículo";"Tombamento";"Com Vítimas Feridas";"Pleno dia";"Crescente";"Sol";"Múltipla";"Curva";"Sim";1;0;1;0;0;0;1;1;-20,22662056;-40,27075088;"SPRF-ES";"DEL02-ES";"UOP01-DEL02-ES"
222302;2019-07-15;"segunda-feira";"16:25:00";"PI";343;328,7;"TERESINA";"Falta de Atenção à Condução";"Saída de leito carroçável";"Com Vítimas Feridas";"Pleno dia";"Crescente";"Sol";"Simples";"Reta";"Não";2;0;2;0;0;0;2;1;-5,069324;-42,634327;"SPRF-PI";"DEL01-PI";"UOP01-DEL01-PI"
222304;2019-07-15;"segunda-feira";"14:40:00";"SE";101;67;"MARUIM";"Desobediência às normas de trânsito pelo condutor";"Colisão lateral";"Sem Vítimas";"Pleno dia";"Crescente";"Céu Claro";"Simples";"Reta";"Não";1;0;0;0;1;0;0;1;-10,71880732;-37,0657947;"SPRF-SE";"DEL01-SE";"UOP01-DEL01-SE"
222305;2019-07-15;"segunda-feira";"16:50:00";"ES";101;10;"PEDRO CANARIO";"Ingestão de Álcool";"Queda de ocupante de veículo";"Com Vítimas Feridas";"Pleno dia";"Decrescente";"Sol";"Simples";"Reta";"Não";2;0;0;1;0;1;1;1;-18,24799301;-39,95343802;"SPRF-ES";"DEL04-ES";"UOP02-DEL04-ES"
222306;2019-07-15;"segunda-feira";"16:50:00";"SC";101;80,6;"BARRA VELHA";"Falta de Atenção à Condução";"Colisão com objeto estático";"Com Vítimas Feridas";"Pleno dia";"Crescente";"Nublado";"Dupla";"Curva";"Sim";1;0;1;0;0;0;1;1;-26,59441996;-48,72183309;"SPRF-SC";"DEL03-SC";"UOP02-DEL03-SC"
222307;2019-07-15;"segunda-feira";"17:30:00";"SC";101;86,9;"BARRA VELHA";"Desobediência às normas de trânsito pelo condutor";"Colisão transversal";"Com Vítimas Feridas";"Anoitecer";"Crescente";"Nublado";"Múltipla";"Interseção de Vias";"Sim";4;0;3;0;1;0;3;2;-26,651963;-48,686737;"SPRF-SC";"DEL03-SC";"UOP02-DEL03-SC"
222308;2019-07-15;"segunda-feira";"17:15:00";"GO";60;215,8;"CEZARINA";"Defeito Mecânico no Veículo";"Queda de ocupante de veículo";"Com Vítimas Feridas";"Anoitecer";"Decrescente";"Vento";"Dupla";"Reta";"Não";2;0;2;0;0;0;2;1;-16,953;-49,7108;"SPRF-GO";"DEL01-GO";"UOP02-DEL01-GO"
222309;2019-07-15;"segunda-feira";"17:20:00";"SC";101;346,1;"JAGUARUNA";"Falta de Atenção à Condução";"Saída de leito carroçável";"Com Vítimas Feridas";"Anoitecer";"Crescente";"Nublado";"Dupla";"Reta";"Não";1;0;0;1;0;0;1;1;-28,55485199;-49,0540891;"SPRF-SC";"DEL02-SC";"UOP01-DEL02-SC"