"id";"data_inversa";"dia_semana";"horario";"uf";"br";"km";"municipio";"causa_acidente";"tipo_acidente";"classificacao_acidente";"fase_dia";"sentido_via";"condicao_metereologica";"tipo_pista";"tracado_via";"uso_solo";"pessoas";"mortos";"feridos_leves";"feridos_graves";"ilesos";"ignorados";"feridos";"veiculos";"latitude";"longitude";"regional";"delegacia";"uop"
222432;2019-07-16;"terça-feira";"12:15:00";"ES";101;293,4;"VIANA";"Falta de Atenção do Pedestre";"Atropelamento de Pedestre";"Com Vítimas Feridas";"Pleno dia";"Crescente";"Sol";"Múltipla";"Reta";"Sim";2;0;2;0;0;0;2;2;-20,31526144;-40,39567044;"SPRF-ES";"DEL01-ES";"UOP01-DEL01-ES"
222435;2019-07-16;"terça-feira";"10:55:00";"RO";319;62;"PORTO VELHO";"Falta de Atenção à Condução";"Colisão lateral";"Com Vítimas Feridas";"Pleno dia";"Crescente";"Céu Claro";"Múltipla";"Interseção de Vias";"Sim";4;0;1;0;2;1;1;4;-8,74923825;-63,8881588;"SPRF-RO";"DEL01-RO";"UOP01-DEL01-RO"
222436;2019-07-16;"terça-feira";"12:00:00";"MG";381;414;"NOVA UNIAO";"Falta de Atenção à Condução";"Saída de leito carroçável";"Com Vítimas Feridas";"Pleno dia";"Crescente";"Céu Claro";"Simples";"Reta";"Não";2;0;2;0;0;0;2;1;-19,7440281;-43,61553391;"SPRF-MG";"DEL01-MG";"UOP01-DEL01-MG"
222437;2019-07-16;"terça-feira";"12:40:00";"RN";304;40,6;"MOSSORO";"Falta de Atenção à Condução";"Saída de leito carroçável";"Com Vítimas Feridas";"Pleno dia";"Crescente";"Sol";"Dupla";"Retorno Regulamentado";"Sim";1;0;0;1;0;0;1;1;-5,201428;-37,377286;"SPRF-RN";"DEL04-RN";"UOP01-DEL04-RN"
222438;2019-07-16;"terça-feira";"11:30:00";"GO";40;5,1;"LUZIANIA";"Falta de Atenção à Condução";"Colisão transversal";"Com Vítimas Feridas";"Pleno dia";"Crescente";"Sol";"Dupla";"Reta";"Sim";2;0;1;0;1;0;1;2;-16,093134;-47,982236;"SPRF-DF";"DEL01-DF";"UOP01-DEL01-DF"
222439;2019-07-16;"terça-feira";"09:50:00";"MG";116;511,3;"UBAPORANGA";"Falta de Atenção à Condução";"Colisão traseira";"Com Vítimas Feridas";"Pleno dia";"Crescente";"Céu Claro";"Simples";"Reta";"Não";3;0;1;0;2;0;1;2;-19,65371791;-42,11137522;"SPRF-MG";"DEL06-MG";"UOP02-DEL06-MG"
222440;2019-07-08;"segunda-feira";"18:20:00";"PR";376;1,5;"SAO JOSE DOS PINHAIS";"Falta de Atenção à Condução";"Colisão traseira";"Com Vítimas Feridas";"Anoitecer";"Crescente";"Ignorado";"Dupla";"Reta;Interseção de Vias";"Sim";2;0;1;0;1;0;1;2;-25,55845337;-49,18525457;"SPRF-PR";"DEL01-PR";"UOP01-DEL01-PR"
222442;2019-07-16;"terça-feira";"12:30:00";"SC";101;133;"BALNEARIO CAMBORIU";"Falta de Atenção à Condução";"Colisão com objeto estático";"Com Vítimas Feridas";"Pleno dia";"Decrescente";"Céu Claro";"Simples";"Reta";"Sim";1;0;1;0;0;0;1;1;-26,99936;-48,64609;"SPRF-SC";"DEL04-SC";"UOP03-DEL04-SC"
222445;2019-07-16;"terça-feira";"13:00:00";"RN";110;49,8;"MOSSORO";"Não guardar distância de segurança";"Colisão traseira";"Com Vítimas Feridas";"Pleno dia";"Decrescente";"Céu Claro";"Dupla";"Reta";"Sim";2;0;2;0;0;0;2;2;-5,21645975;-37,32927128;"SPRF-RN";"DEL04-RN";"UOP01-DEL04-RN"
222447;2019-07-16;"terça-feira";"12:30:00";"PR";163;278;"QUATRO PONTES";"Falta de Atenção à Condução";"Capotamento";"Com Vítimas Feridas";"Pleno dia";"Crescente";"Céu Claro";"Simples";"Aclive";"Não";3;0;1;0;1;1;1;3;-24,60094197;-53,98016768;"SPRF-PR";"DEL06-PR";"UOP02-DEL06-PR"
222448;2019-07-16;"terça-feira";"07:10:00";"RJ";101;428;"MANGARATIBA";"Falta de Atenção à Condução";"Colisão transversal";"Com Vítimas Feridas";"Pleno dia";"Decrescente";"Nublado";"Múltipla";"Reta";"Sim";2;0;1;0;1;0;1;2;-22,93391858;-43,9899979;"SPRF-RJ";"DEL03-RJ";"UOP01-DEL03-RJ"
222450;2019-07-16;"terça-feira";"13:00:00";"RJ";356;183;"SAO JOAO DA BARRA";"Falta de Atenção à Condução";"Colisão com objeto estático";"Com Vítimas Feridas";"Pleno dia";"Crescente";"Céu Claro";"Simples";"Reta";"Sim";1;0;1;0;0;0;1;1;-21,64210794;-41,04911121;"SPRF-RJ";"DEL08-RJ";"UOP02-DEL08-RJ"
222451;2019-07-16;"terça-feira";"11:10:00";"MG";116;255,9;"TEOFILO OTONI";"Defeito Mecânico no Veículo";"Colisão com objeto estático";"Sem Vítimas";"Pleno dia";"Decrescente";"Céu Claro";"Simples";"Reta";"Não";1;0;0;0;1;0;0;1;-17,68311;-41,48491;"SPRF-MG";"DEL11-MG";"UOP01-DEL11-MG"
222452;2019-07-15;"segunda-feira";"05:30:00";"MG";365;808;"GURINHATA";"Falta de Atenção à Condução";"Saída de leito carroçável";"Com Vítimas Fatais";"Amanhecer";"Decrescente";"Céu Claro";"Dupla";"Reta";"Não";1;1;0;0;0;0;0;1;-18,89306434;-49,98270606;"SPRF-MG";"DEL15-MG";"UOP03-DEL15-MG"
222453;2019-07-16;"terça-feira";"12:30:00";"MS";163;484,5;"CAMPO GRANDE";"Falta de Atenção à Condução";"Colisão transversal";"Com Vítimas Feridas";"Pleno dia";"Decrescente";"Nublado";"Simples";"Reta";"Sim";2;0;1;0;1;0;1;2;-20,45104898;-54,5403266;"SPRF-MS";"DEL01-MS";"UOP02-DEL01-MS"
222457;2019-07-16;"terça-feira";"13:40:00";"RN";101;104,5;"PARNAMIRIM";"Falta de Atenção à Condução";"Colisão traseira";"Com Vítimas Feridas";"Pleno dia";"Crescente";"Nublado";"Dupla";"Reta";"Sim";2;0;1;0;1;0;1;2;-5,892745;-35,257225;"SPRF-RN";"DEL01-RN";"UOP01-DEL01-RN"
222458;2019-07-16;"terça-feira";"12:49:00";"MG";381;647,2;"SANTO ANTONIO DO AMPARO";"Falta de Atenção à Condução";"Saída de leito carroçável";"Com Vítimas Feridas";"Pleno dia";"Crescente";"Céu Claro";"Dupla";"Reta";"Não";1;0;0;1;0;0;1;1;-20,95465676;-44,91211505;"SPRF-MG";"DEL04-MG";"UOP01-DEL04-MG"
222460;2019-07-02;"terça-feira";"17:42:00";"RJ";101;321;"NITEROI";"Desobediência às normas de trânsito pelo condutor";"Tombamento";"Com Vítimas Feridas";"Plena Noite";"Crescente";"Céu Claro";"Dupla";"Curva";"Sim";1;0;1;0;0;0;1;1;-22,86981096;-43,11046465;"SPRF-RJ";"DEL02-RJ";"UOP02-DEL02-RJ"
222461;2019-07-16;"terça-feira";"13:40:00";"CE";116;0,1;"FORTALEZA";"Ingestão de Álcool";"Colisão com objeto estático";"Sem Vítimas";"Pleno dia";"Crescente";"Céu Claro";"Múltipla";"Viaduto";"Sim";1;0;0;0;1;0;0;1;-3,77912864;-38,51506233;"SPRF-CE";"DEL01-CE";"UOP02-DEL01-CE"
222462;2019-07-16;"terça-feira";"13:50:00";"GO";40;16;"LUZIANIA";"Ingestão de Álcool";"Colisão traseira";"Sem Vítimas";"Pleno dia";"Decrescente";"Céu Claro";"Dupla";"Reta";"Sim";2;0;0;0;2;0;0;2;-16,175176;-47,92964;"SPRF-DF";"DEL01-DF";"UOP01-DEL01-DF"
222463;2019-07-16;"terça-feira";"13:15:00";"SC";282;503,9;"XANXERE";"Não guardar distância de segurança";"Colisão traseira";"Sem Vítimas";"Pleno dia";"Decrescente";"Sol";"Dupla";"Reta";"Sim";2;0;0;0;2;0;0;2;-26,88492;-52,399788;"SPRF-SC";"DEL07-SC";"UOP01-DEL07-SC"
222464;2019-07-16;"terça-feira";"14:20:00";"DF";70;0,4;"BRASILIA";"Falta de Atenção à Condução";"Colisão lateral";"Com Vítimas Feridas";"Pleno dia";"Decrescente";"Céu Claro";"Dupla";"Reta";"Não";3;0;1;0;1;1;1;3;-15,792352;-48,054509;"SPRF-DF";"DEL01-DF";"UOP02-DEL03-DF"
222465;2019-07-16;"terça-feira";"14:25:00";"GO";153;500,2;"GOIANIA";"Falta de Atenção à Condução";"Colisão com objeto em movimento";"Com Vítimas Feridas";"Pleno dia";"Crescente";"Sol";"Dupla";"Reta";"Sim";2;0;1;0;1;0;1;2;-16,7118;-49,2324;"SPRF-GO";"DEL01-GO";"UOP01-DEL01-GO"
222467;2019-07-05;"sexta-feira";"14:00:00";"PE";428;188,5;"PETROLINA";"Falta de Atenção à Condução";"Colisão traseira";"Com Vítimas Feridas";"Pleno dia";"Crescente";"Céu Claro";"Dupla";"Reta";"Sim";3;0;2;0;1;0;2;2;-9,36400596;-40,48266808;"SPRF-PE";"DEL06-PE";"UOP01-DEL06-PE"
222471;2019-07-16;"terça-feira";"15:10:00";"SP";116;228,8;"SAO PAULO";"Falta de Atenção à Condução";"Colisão com objeto estático";"Com Vítimas Feridas";"Pleno dia";"Decrescente";"Nublado";"Múltipla";"Reta";"Sim";1;0;1;0;0;0;1;1;-23,50343484;-46,56638712;"SPRF-SP";"DEL01-SP";"UOP01-DEL01-SP"
222472;2019-07-16;"terça-feira";"15:00:00";"PE";232;36,3;"MORENO";"Falta de Atenção à Condução";"Colisão traseira";"Com Vítimas Feridas";"Pleno dia";"Decrescente";"Céu Claro";"Dupla";"Reta";"Sim";3;0;2;0;1;0;2;2;-8,11082778;-35,20125807;"SPRF-PE";"DEL01-PE";"UOP02-DEL02PE"
222473;2019-07-16;"terça-feira";"11:50:00";"RJ";101;323;"NITEROI";"Condutor Dormindo";"Colisão traseira";"Sem Vítimas";"Pleno dia";"Decrescente";"Nublado";"Dupla";"Reta";"Não";5;0;0;0;5;0;0;3;-22,87684786;-43,11728689;"SPRF-RJ";"DEL02-RJ";"UOP02-DEL02-RJ"
222475;2019-07-16;"terça-feira";"13:45:00";"RS";290;144;"ELDORADO DO SUL";"Falta de Atenção à Condução";"Colisão transversal";"Com Vítimas Feridas";"Pleno dia";"Decrescente";"Céu Claro";"Simples";"Reta";"Não";3;0;2;0;1;0;2;2;-30,096939;-51,647282;"SPRF-RS";"DEL02-RS";"UOP01-DEL02-RS"
222478;2019-07-16;"terça-feira";"15:40:00";"RS";116;242,9;"SAO LEOPOLDO";"Falta de Atenção do Pedestre";"Atropelamento de Pedestre";"Com Vítimas Feridas";"Pleno dia";"Crescente";"Sol";"Dupla";"Interseção de Vias";"Sim";2;0;1;0;1;0;1;2;-29,72297087;-51,14858729;"SPRF-RS";"DEL01-RS";"UOP02-DEL01-RS"
222479;2019-07-16;"terça-feira";"15:14:00";"MG";381;769,2;"CAMPANHA";"Velocidade Incompatível";"Saída de leito carroçável";"Com Vítimas Feridas";"Pleno dia";"Crescente";"Céu Claro";"Dupla";"Reta";"Não";2;0;2;0;0;0;2;1;-21,78133999;-45,43274701;"SPRF-MG";"DEL16-MG";"UOP02-DEL16-MG"
222480;2019-07-16;"terça-feira";"15:38:00";"PR";376;3;"APUCARANA";"Falta de Atenção à Condução";"Colisão transversal";"Com Vítimas Feridas";"Pleno dia";"Decrescente";"Céu Claro";"Simples";"Declive";"Sim";2;0;0;1;1;0;1;2;-23,55415747;-51,44567013;"SPRF-PR";"DEL07-PR";"UOP03-DEL07-PR"
222481;2019-07-16;"terça-feira";"16:00:00";"PR";376;617;"SAO JOSE DOS PINHAIS";"Falta de Atenção à Condução";"Colisão traseira";"Com Vítimas Feridas";"Pleno dia";"Decrescente";"Céu Claro";"Dupla";"Curva";"Sim";2;0;1;0;1;0;1;2;-25,58426494;-49,17618795;"SPRF-PR";"DEL01-PR";"UOP01-DEL01-PR"
222482;2019-07-16;"terça-feira";"15:50:00";"PR";487;175;"CAMPO MOURAO";"Falta de Atenção à Condução";"Colisão transversal";"Com Vítimas Feridas";"Pleno dia";"Crescente";"Céu Claro";"Simples";"Reta";"Não";3;0;0;2;1;0;2;2;-24,03067325;-52,42637564;"SPRF-PR";"DEL04-PR";"UOP03-DEL09-PR"
222483;2019-07-16;"terça-feira";"12:45:00";"MA";135;3,1;"SAO LUIS";"Animais na Pista";"Atropelamento de Animal";"Com Vítimas Feridas";"Pleno dia";"Crescente";"Nublado";"Dupla";"Declive";"Sim";1;0;1;0;0;0;1;1;-2,66048141;-44,30168152;"SPRF-MA";"DEL01-MA";"UOP01-DEL01-MA"
222484;2019-07-16;"terça-feira";"10:30:00";"MA";135;22;"SAO LUIS";"Falta de Atenção à Condução";"Colisão transversal";"Com Vítimas Feridas";"Pleno dia";"Decrescente";"Nublado";"Dupla";"Reta";"Sim";3;0;2;0;1;0;2;2;-2,74596712;-44,34234384;"SPRF-MA";"DEL01-MA";"UOP01-DEL01-MA"
222485;2019-07-16;"terça-feira";"15:40:00";"RN";304;288,9;"MACAIBA";"Não guardar distância de segurança";"Engavetamento";"Com Vítimas Feridas";"Pleno dia";"Crescente";"Céu Claro";"Simples";"Em Obras";"Não";3;0;2;0;1;0;2;3;-5,867407;-35,412314;"SPRF-RN";"DEL01-RN";"UOP02-DEL01-RN"
222486;2019-07-16;"terça-feira";"16:05:00";"PR";163;189;"SANTA TEREZA DO OESTE";"Velocidade Incompatível";"Colisão lateral";"Com Vítimas Feridas";"Pleno dia";"Crescente";"Céu Claro";"Dupla";"Viaduto";"Não";3;0;2;0;1;0;2;2;-25,10318502;-53,5922751;"SPRF-PR";"DEL04-PR";"UOP05-DEL05-PR"
222487;2019-07-16;"terça-feira";"16:20:00";"RS";287;247,3;"SANTA MARIA";"Falta de Atenção à Condução";"Colisão transversal";"Com Vítimas Feridas";"Pleno dia";"Crescente";"Céu Claro";"Simples";"Reta";"Sim";3;0;2;0;1;0;2;2;-29,69991534;-53,84176017;"SPRF-RS";"DEL09-RS";"UOP01-DEL09-RS"
222489;2019-07-16;"terça-feira";"16:00:00";"PR";476;116;"COLOMBO";"Falta de Atenção à Condução";"Colisão lateral";"Com Vítimas Feridas";"Pleno dia";"Crescente";"Nublado";"Múltipla";"Reta";"Sim";2;0;1;0;1;0;1;2;-25,34996;-49,16642;"SPRF-PR";"DEL01-PR";"UOP07-DEL01-PR"
222492;2019-07-16;"terça-feira";"03:10:00";"SC";280;107,1;"SAO BENTO DO SUL";"Condutor Dormindo";"Capotamento";"Com Vítimas Feridas";"Plena Noite";"Decrescente";"Ignorado";"Simples";"Declive;Curva";"Não";1;0;0;1;0;0;1;1;-26,34306695;-49,37560427;"SPRF-SC";"DEL06-SC";"UOP03-DEL06-SC"
222498;2019-07-16;"terça-feira";"17:45:00";"RJ";40;83;"PETROPOLIS";"Sinalização da via insuficiente ou inadequada";"Colisão lateral";"Com Vítimas Feridas";"Anoitecer";"Decrescente";"Garoa/Chuvisco";"Simples";"Curva";"Sim";3;0;0;1;2;0;1;3;-22,51910302;-43,22873364;"SPRF-RJ";"DEL06-RJ";"UOP01-DEL06-RJ"
222500;2019-07-16;"terça-feira";"18:50:00";"PR";376;593;"CURITIBA";"Não guardar distância de segurança";"Colisão traseira";"Com Vítimas Feridas";"Plena Noite";"Crescente";"Nublado";"Dupla";"Reta";"Sim";3;0;1;0;2;0;1;2;-25,47642706;-49,35092413;"SPRF-PR";"DEL01-PR";"UOP06-DEL01-PR"
222501;2019-07-16;"terça-feira";"16:55:00";"RN";101;104;"PARNAMIRIM";"Não guardar distância de segurança";"Colisão lateral";"Com Vítimas Feridas";"Anoitecer";"Crescente";"Nublado";"Dupla";"Rotatória";"Sim";3;0;2;0;1;0;2;2;-5,892745;-35,257225;"SPRF-RN";"DEL01-RN";"UOP01-DEL01-RN"
222503;2019-07-16;"terça-feira";"17:50:00";"RN";304;292,4;"MACAIBA";"Desobediência às normas de trânsito pelo pedestre";"Atropelamento de Pedestre";"Com Vítimas Feridas";"Anoitecer";"Decrescente";"Nublado";"Simples";"Reta";"Não";3;0;3;0;0;0;3;2;-5,86807684;-35,38497498;"SPRF-RN";"DEL01-RN";"UOP02-DEL01-RN"
222504;2019-07-16;"terça-feira";"17:50:00";"SC";101;207,8;"SAO JOSE";"Defeito Mecânico no Veículo";"Incêndio";"Sem Vítimas";"Plena Noite";"Crescente";"Céu Claro";"Múltipla";"Declive;Curva";"Sim";1;0;0;0;1;0;0;1;-27,60001226;-48,6226467;"SPRF-SC";"DEL01-SC";"UOP01-DEL01-SC"
222506;2019-07-16;"terça-feira";"18:25:00";"GO";153;527;"HIDROLANDIA";"Objeto estático sobre o leito carroçável";"Queda de ocupante de veículo";"Com Vítimas Feridas";"Anoitecer";"Decrescente";"Céu Claro";"Dupla";"Curva";"Não";1;0;1;0;0;0;1;1;-16,9457;-49,2511;"SPRF-GO";"DEL01-GO";"UOP03-DEL01-GO"
222509;2019-07-16;"terça-feira";"18:30:00";"RS";116;250,2;"SAO LEOPOLDO";"Não guardar distância de segurança";"Colisão traseira";"Com Vítimas Feridas";"Plena Noite";"Decrescente";"Céu Claro";"Dupla";"Reta";"Sim";2;0;1;0;1;0;1;2;-29,79148798;-51,16399615;"SPRF-RS";"DEL01-RS";"UOP02-DEL01-RS"
222511;2019-07-16;"terça-feira";"14:00:00";"MS";60;673,2;"BELA VISTA";"Velocidade Incompatível";"Saída de leito carroçável";"Com Vítimas Fatais";"Pleno dia";"Crescente";"Céu Claro";"Simples";"Reta";"Não";1;1;0;0;0;0;0;1;-22,03429982;-56,5194473;"SPRF-MS";"DEL05-MS";"UOP01-DEL05-MS"
222514;2019-07-16;"terça-feira";"18:20:00";"RS";116;39,2;"VACARIA";"Desobediência às normas de trânsito pelo condutor";"Colisão traseira";"Sem Vítimas";"Anoitecer";"Decrescente";"Céu Claro";"Simples";"Reta";"Sim";4;0;0;0;4;0;0;4;-28,51333992;-50,93382418;"SPRF-RS";"DEL05-RS";"UOP03-DEL05-RS"
222515;2019-07-16;"terça-feira";"18:15:00";"PI";343;597;"FLORIANO";"Falta de Atenção à Condução";"Colisão transversal";"Com Vítimas Feridas";"Plena Noite";"Crescente";"Céu Claro";"Dupla";"Reta";"Sim";2;0;1;1;0;0;2;2;-6,812184;-43,056244;"SPRF-PI";"DEL03-PI";"UOP01-DEL03-PI"
222516;2019-07-16;"terça-feira";"17:15:00";"MG";40;473;"SETE LAGOAS";"Falta de Atenção à Condução";"Colisão lateral";"Com Vítimas Feridas";"Pleno dia";"Decrescente";"Céu Claro";"Dupla";"Reta";"Sim";2;0;1;0;1;0;1;2;-19,496351;-44,27992;"SPRF-MG";"DEL02-MG";"UOP01-DEL02-MG"
222517;2019-07-16;"terça-feira";"19:30:00";"GO";60;205,7;"GUAPO";"Animais na Pista";"Atropelamento de Animal";"Com Vítimas Feridas";"Plena Noite";"Crescente";"Céu Claro";"Dupla";"Reta";"Sim";1;0;1;0;0;0;1;1;-16,92059496;-49,66287017;"SPRF-GO";"DEL01-GO";"UOP02-DEL01-GO"
222518;2019-07-16;"terça-feira";"19:20:00";"PR";277;655;"MATELANDIA";"Falta de Atenção à Condução";"Saída de leito carroçável";"Com Vítimas Feridas";"Plena Noite";"Decrescente";"Céu Claro";"Simples";"Aclive";"Não";5;0;1;4;0;0;5;1;-25,2307921;-53,95278694;"SPRF-PR";"DEL05-PR";"UOP02-DEL05-PR"
222519;2019-07-16;"terça-feira";"18:50:00";"RO";364;433,9;"JARU";"Objeto estático sobre o leito carroçável";"Colisão com objeto estático";"Com Vítimas Feridas";"Anoitecer";"Crescente";"Nublado";"Simples";"Reta";"Não";1;0;1;0;0;0;1;1;-10,39528019;-62,53268714;"SPRF-RO";"DEL03-RO";"UOP02-DEL03-RO"
222522;2019-07-16;"terça-feira";"17:30:00";"PR";277;597,3;"CASCAVEL";"Falta de Atenção à Condução";"Colisão lateral";"Com Vítimas Feridas";"Pleno dia";"Crescente";"Céu Claro";"Dupla";"Reta";"Não";2;0;1;0;1;0;1;2;-24,99513602;-53,51418998;"SPRF-PR";"DEL04-PR";"UOP01-DEL04-PR"
222524;2019-07-16;"terça-feira";"20:00:00";"MG";153;218,2;"FRUTAL";"Falta de Atenção à Condução";"Colisão traseira";"Com Vítimas Feridas";"Plena Noite";"Crescente";"Nublado";"Simples";"Reta";"Não";3;0;1;1;1;0;2;2;-20,13632401;-49,10999889;"SPRF-MG";"DEL13-MG";"UOP02-DEL13-MG"
222527;2019-07-16;"terça-feira";"20:00:00";"BA";116;9;"VITORIA DA CONQUISTA";"Animais na Pista";"Atropelamento de Animal";"Com Vítimas Feridas";"Plena Noite";"Decrescente";"Céu Claro";"Simples";"Declive";"Não";2;0;1;0;1;0;1;1;-14,851;-40,8485;"SPRF-BA";"DEL08-BA";"UOP01-DEL08-BA"
222529;2019-07-16;"terça-feira";"18:30:00";"SC";280;6;"SAO FRANCISCO DO SUL";"Falta de Atenção do Pedestre";"Atropelamento de Pedestre";"Com Vítimas Feridas";"Plena Noite";"Decrescente";"Céu Claro";"Simples";"Reta";"Não";2;0;0;1;1;0;1;2;-26,26569095;-48,63361804;"SPRF-SC";"DEL03-SC";"UOP03-DEL03-SC"
222530;2019-07-16;"terça-feira";"19:20:00";"SC";280;81,5;"CORUPA";"Falta de Atenção à Condução";"Colisão transversal";"Com Vítimas Feridas";"Plena Noite";"Crescente";"Céu Claro";"Simples";"Declive;Interseção de Vias;Reta";"Sim";2;0;1;0;1;0;1;2;-26,44057489;-49,217056;"SPRF-SC";"DEL06-SC";"UOP03-DEL06-SC"
222531;2019-07-16;"terça-feira";"14:56:00";"MT";163;834;"SINOP";"Falta de Atenção à Condução";"Colisão traseira";"Sem Vítimas";"Pleno dia";"Decrescente";"Sol";"Simples";"Rotatória";"Sim";4;0;0;0;0;4;0;2;-11,995863;-55,51709;"SPRF-MT";"DEL06-MT";"UOP01-DEL06-MT"
222532;2019-07-16;"terça-feira";"21:35:00";"PE";101;74;"RECIFE";"Falta de Atenção à Condução";"Colisão traseira";"Sem Vítimas";"Plena Noite";"Decrescente";"Nublado";"Dupla";"Reta";"Não";2;0;0;0;2;0;0;2;-8,10146485;-34,94901577;"SPRF-PE";"DEL01-PE";"UOP01-DEL01-PE"
222534;2019-07-16;"terça-feira";"20:30:00";"RO";364;267,9;"CACOAL";"Restrição de Visibilidade";"Atropelamento de Pedestre";"Com Vítimas Feridas";"Plena Noite";"Decrescente";"Céu Claro";"Simples";"Reta";"Não";3;0;0;1;1;1;1;2;-11,37617365;-61,68682298;"SPRF-RO";"DEL02-RO";"UOP02-DEL02-RO"
222535;2019-07-16;"terça-feira";"21:40:00";"SP";116;149;"SAO JOSE DOS CAMPOS";"Desobediência às normas de trânsito pelo condutor";"Capotamento";"Com Vítimas Feridas";"Plena Noite";"Decrescente";"Nublado";"Múltipla";"Reta";"Sim";1;0;1;0;0;0;1;1;-23,20700047;-45,88626861;"SPRF-SP";"DEL02-SP";"UOP01-DEL02-SP"
222537;2019-07-16;"terça-feira";"18:20:00";"MA";10;248,5;"IMPERATRIZ";"Ingestão de Álcool";"Colisão traseira";"Sem Vítimas";"Plena Noite";"Decrescente";"Céu Claro";"Simples";"Reta";"Sim";2;0;0;0;2;0;0;2;-5,566143;-47,449028;"SPRF-MA";"DEL04-MA";"UOP01-DEL04-MA"
222538;2019-07-16;"terça-feira";"18:55:00";"SC";163;1,4;"DIONISIO CERQUEIRA";"Falta de Atenção à Condução";"Colisão transversal";"Com Vítimas Feridas";"Plena Noite";"Decrescente";"Céu Claro";"Simples";"Reta";"Sim";5;0;0;1;4;0;1;2;-26,2613;-53,6206;"SPRF-SC";"DEL07-SC";"UOP04-DEL07-SC"
222539;2019-07-16;"terça-feira";"20:50:00";"SP";488;0,8;"APARECIDA";"Falta de Atenção à Condução";"Colisão transversal";"Com Vítimas Feridas";"Plena Noite";"Crescente";"Ignorado";"Dupla";"Reta";"Sim";2;0;1;0;1;0;1;2;-22,85856;-45,233116;"SPRF-SP";"DEL08-SP";"UOP01-DEL08-SP"
222540;2019-07-16;"terça-feira";"22:25:00";"RS";116;145,7;"CAXIAS DO SUL";"Desobediência às normas de trânsito pelo condutor";"Colisão traseira";"Com Vítimas Feridas";"Plena Noite";"Decrescente";"Céu Claro";"Dupla";"Reta";"Sim";4;0;1;0;0;3;1;3;-29,1350217;-51,1302779;"SPRF-RS";"DEL05-RS";"UOP01-DEL05-RS"
222544;2019-07-16;"terça-feira";"23:20:00";"RJ";393;281,2;"VOLTA REDONDA";"Desobediência às normas de trânsito pelo condutor";"Colisão transversal";"Com Vítimas Feridas";"Plena Noite";"Decrescente";"Nublado";"Simples";"Interseção de Vias";"Sim";2;0;0;1;1;0;1;2;-22,47382378;-44,06147545;"SPRF-RJ";"DEL05-RJ";"UOP04-DEL05-RJ"
222546;2019-07-16;"terça-feira";"22:30:00";"MG";262;353;"BETIM";"Falta de Atenção à Condução";"Capotamento";"Sem Vítimas";"Plena Noite";"Crescente";"Céu Claro";"Dupla";"Reta";"Não";1;0;0;0;0;1;0;1;-19,95947688;-44,15416308;"SPRF-MG";"DEL01-MG";"UOP03-DEL01-MG"
222547;2019-07-16;"terça-feira";"18:46:00";"RR";174;504;"BOA VISTA";"Ingestão de Álcool";"Colisão lateral";"Sem Vítimas";"Plena Noite";"Crescente";"Céu Claro";"Dupla";"Reta";"Sim";2;0;0;0;2;0;0;2;2,801374;-60,694801;"SPRF-RR";"DEL01-RR";"UOP01-DEL01-RR"
222548;2019-07-16;"terça-feira";"13:30:00";"BA";135;39,8;"FORMOSA DO RIO PRETO";"Desobediência às normas de trânsito pelo condutor";"Colisão traseira";"Com Vítimas Feridas";"Pleno dia";"Crescente";"Céu Claro";"Simples";"Reta";"Não";9;0;1;1;7;0;2;2;-11,112965;-45,108532;"SPRF-BA";"DEL10-BA";"UOP01-DEL10-BA"
222551;2019-07-17;"quarta-feira";"00:00:00";"SC";101;39;"JOINVILLE";"Ingestão de Álcool";"Saída de leito carroçável";"Sem Vítimas";"Plena Noite";"Decrescente";"Céu Claro";"Dupla";"Reta";"Não";1;0;0;0;1;0;0;1;-26,2628107;-48,90192257;"SPRF-SC";"DEL03-SC";"UOP01-DEL03-SC"
222553;2019-07-16;"terça-feira";"22:50:00";"MG";40;281,5;"TRES MARIAS";"Animais na Pista";"Colisão com objeto estático";"Com Vítimas Feridas";"Plena Noite";"Crescente";"Céu Claro";"Simples";"Reta;Aclive";"Sim";1;0;1;0;0;0;1;1;-18,24214561;-45,2080525;"SPRF-MG";"DEL14-MG";"UOP02-DEL14-MG"
222554;2019-07-16;"terça-feira";"22:30:00";"MG";262;513,4;"LUZ";"Condutor Dormindo";"Saída de leito carroçável";"Com Vítimas Feridas";"Plena Noite";"Decrescente";"Céu Claro";"Simples";"Reta";"Não";1;0;1;0;0;0;1;1;-19,77891424;-45,55520389;"SPRF-MG";"DEL08-MG";"UOP03-DEL08-MG"
222558;2019-07-17;"quarta-feira";"00:45:00";"CE";116;40;"HORIZONTE";"Falta de Atenção à Condução";"Colisão com objeto estático";"Com Vítimas Feridas";"Plena Noite";"Crescente";"Céu Claro";"Dupla";"Reta";"Sim";2;0;0;1;1;0;1;2;-4,09496999;-38,50351984;"SPRF-CE";"DEL01-CE";"UOP02-DEL01-CE"
222560;2019-07-16;"terça-feira";"22:55:00";"RS";293;435,4;"QUARAI";"Não guardar distância de segurança";"Colisão traseira";"Sem Vítimas";"Plena Noite";"Crescente";"Céu Claro";"Simples";"Reta";"Não";2;0;0;0;2;0;0;2;-30,42127952;-56,37190983;"SPRF-RS";"DEL11-RS";"UOP01-DEL11-RS"