"id";"data_inversa";"dia_semana";"horario";"uf";"br";"km";"municipio";"causa_acidente";"tipo_acidente";"classificacao_acidente";"fase_dia";"sentido_via";"condicao_metereologica";"tipo_pista";"tracado_via";"uso_solo";"pessoas";"mortos";"feridos_leves";"feridos_graves";"ilesos";"ignorados";"feridos";"veiculos";"latitude";"longitude";"regional";"delegacia";"uop"
222691;2019-07-17;"quarta-feira";"19:30:00";"RN";304;48,8;"MOSSORO";"Ingestão de Álcool";"Queda de ocupante de veículo";"Com Vítimas Feridas";"Plena Noite";"Crescente";"Céu Claro";"Simples";"Reta";"Não";2;0;1;0;1;0;1;2;-5,22868577;-37,32203081;"SPRF-RN";"DEL04-RN";"UOP01-DEL04-RN"
222692;2019-07-17;"quarta-feira";"19:35:00";"DF";40;1;"BRASILIA";"Desobediência às normas de trânsito pelo condutor";"Tombamento";"Com Vítimas Feridas";"Plena Noite";"Crescente";"Céu Claro";"Dupla";"Reta";"Não";1;0;1;0;0;0;1;1;-15,985532;-47,987747;"SPRF-DF";"DEL01-DF";"UOP01-DEL01-DF"
222693;2019-07-17;"quarta-feira";"19:10:00";"GO";60;380;"RIO VERDE";"Animais na Pista";"Colisão com objeto em movimento";"Com Vítimas Feridas";"Plena Noite";"Decrescente";"Ignorado";"Dupla";"Reta";"Não";2;0;2;0;0;0;2;1;-17,7646;-50,8822;"SPRF-GO";"DEL04-GO";"UOP01-DEL04-GO"
222694;2019-07-17;"quarta-feira";"19:30:00";"CE";116;7;"FORTALEZA";"Falta de Atenção à Condução";"Colisão lateral";"Com Vítimas Feridas";"Plena Noite";"Crescente";"Céu Claro";"Dupla";"Reta";"Sim";2;0;1;0;1;0;1;2;-3,81073099;-38,50074867;"SPRF-CE";"DEL01-CE";"UOP02-DEL01-CE"
222697;2019-07-17;"quarta-feira";"17:40:00";"CE";304;45;"ARACATI";"Desobediência às normas de trânsito pelo condutor";"Colisão transversal";"Com Vítimas Feridas";"Anoitecer";"Crescente";"Céu Claro";"Simples";"Reta";"Sim";3;0;3;0;0;0;3;2;-4,57812347;-37,80669819;"SPRF-CE";"DEL03-CE";"UOP03-DEL03-CE"
222698;2019-07-17;"quarta-feira";"19:50:00";"PE";232;33,8;"MORENO";"Animais na Pista";"Atropelamento de Animal";"Com Vítimas Feridas";"Plena Noite";"Crescente";"Nublado";"Dupla";"Reta";"Sim";1;0;1;0;0;0;1;1;-8,10539025;-35,17523495;"SPRF-PE";"DEL01-PE";"UOP02-DEL02PE"
222701;2019-07-17;"quarta-feira";"18:30:00";"GO";40;93;"CRISTALINA";"Falta de Atenção à Condução";"Colisão traseira";"Sem Vítimas";"Anoitecer";"Decrescente";"Céu Claro";"Simples";"Reta";"Sim";2;0;0;0;2;0;0;2;-16,736824;-47,61925;"SPRF-DF";"DEL01-DF";"UOP02-DEL01-DF"
222702;2019-07-17;"quarta-feira";"19:34:00";"MG";381;457;"BELO HORIZONTE";"Falta de Atenção à Condução";"Colisão lateral";"Com Vítimas Feridas";"Plena Noite";"Crescente";"Céu Claro";"Simples";"Reta";"Sim";3;0;2;0;1;0;2;2;-19,86134886;-43,92063055;"SPRF-MG";"DEL01-MG";"UOP01-DEL01-MG"
222704;2019-07-17;"quarta-feira";"17:35:00";"SC";280;81;"CORUPA";"Falta de Atenção à Condução";"Colisão traseira";"Com Vítimas Feridas";"Anoitecer";"Crescente";"Nublado";"Simples";"Aclive;Reta";"Sim";3;0;0;1;1;1;1;3;-26,44057489;-49,217056;"SPRF-SC";"DEL06-SC";"UOP03-DEL06-SC"
222707;2019-05-15;"quarta-feira";"23:25:00";"ES";262;1,8;"CARIACICA";"Não guardar distância de segurança";"Colisão traseira";"Com Vítimas Feridas";"Plena Noite";"Decrescente";"Ignorado";"Dupla";"Reta";"Sim";2;0;0;1;1;0;1;2;-20,3331419;-40,35950013;"SPRF-ES";"DEL01-ES";"UOP01-DEL01-ES"
222709;2019-07-17;"quarta-feira";"20:45:00";"MG";381;489;"BETIM";"Ingestão de Álcool";"Colisão traseira";"Com Vítimas Feridas";"Plena Noite";"Decrescente";"Céu Claro";"Dupla";"Reta";"Sim";3;0;2;0;1;0;2;2;-19,96245618;-44,16455495;"SPRF-MG";"DEL01-MG";"UOP03-DEL01-MG"
222714;2019-07-17;"quarta-feira";"21:30:00";"MG";459;105,7;"POUSO ALEGRE";"Falta de Atenção à Condução";"Colisão lateral";"Com Vítimas Feridas";"Plena Noite";"Crescente";"Céu Claro";"Simples";"Interseção de Vias;Viaduto";"Sim";2;0;1;0;1;0;1;2;-22,24115051;-45,88076314;"SPRF-MG";"DEL16-MG";"UOP01-DEL16-MG"
222715;2019-07-17;"quarta-feira";"20:10:00";"MG";116;571,5;"MANHUACU";"Falta de Atenção à Condução";"Colisão frontal";"Com Vítimas Feridas";"Plena Noite";"Crescente";"Céu Claro";"Simples";"Curva";"Não";2;0;0;1;1;0;1;2;-20,11476401;-42,18102184;"SPRF-MG";"DEL06-MG";"UOP03-DEL06-MG"
222716;2019-07-17;"quarta-feira";"21:00:00";"SE";235;3;"ARACAJU";"Desobediência às normas de trânsito pelo condutor";"Colisão traseira";"Com Vítimas Feridas";"Plena Noite";"Crescente";"Céu Claro";"Dupla";"Reta";"Não";4;0;1;0;2;1;1;2;-10,9059;-37,111;"SPRF-SE";"DEL01-SE";"UOP01-DEL01-SE"
222717;2019-07-17;"quarta-feira";"15:15:00";"MT";174;481;"COMODORO";"Falta de Atenção à Condução";"Saída de leito carroçável";"Com Vítimas Feridas";"Pleno dia";"Decrescente";"Céu Claro";"Simples";"Reta";"Não";2;0;2;0;0;0;2;1;-13,70035699;-59,78584896;"SPRF-MT";"DEL04-MT";"UOP01-DEL04-MT"
222718;2019-07-17;"quarta-feira";"20:45:00";"MG";40;531;"CONTAGEM";"Falta de Atenção à Condução";"Colisão transversal";"Com Vítimas Feridas";"Plena Noite";"Crescente";"Céu Claro";"Dupla";"Curva";"Não";2;0;0;1;1;0;1;2;-19,91962483;-44,02522683;"SPRF-MG";"DEL01-MG";"UOP02-DEL01-MG"
222719;2019-07-17;"quarta-feira";"21:45:00";"CE";20;418;"MARACANAU";"Falta de Atenção à Condução";"Colisão lateral";"Sem Vítimas";"Plena Noite";"Crescente";"Céu Claro";"Dupla";"Reta";"Sim";2;0;0;0;2;0;0;2;-3,84267418;-38,59291077;"SPRF-CE";"DEL01-CE";"UOP02-DEL01-CE"
222720;2019-07-17;"quarta-feira";"19:21:00";"RJ";101;321;"NITEROI";"Falta de Atenção à Condução";"Colisão lateral";"Com Vítimas Feridas";"Plena Noite";"Decrescente";"Nublado";"Dupla";"Reta";"Sim";2;0;1;0;1;0;1;2;-22,86981096;-43,11046465;"SPRF-RJ";"DEL02-RJ";"UOP02-DEL02-RJ"
222721;2019-07-17;"quarta-feira";"21:05:00";"SP";116;223;"GUARULHOS";"Agressão Externa";"Colisão traseira";"Sem Vítimas";"Plena Noite";"Decrescente";"Nublado";"Múltipla";"Reta";"Sim";3;0;0;0;2;1;0;3;-23,47559815;-46,5246609;"SPRF-SP";"DEL01-SP";"UOP01-DEL01-SP"
222722;2019-07-17;"quarta-feira";"18:00:00";"MG";262;403;"PARA DE MINAS";"Avarias e/ou desgaste excessivo no pneu";"Tombamento";"Com Vítimas Feridas";"Plena Noite";"Decrescente";"Céu Claro";"Simples";"Reta";"Não";2;0;1;1;0;0;2;1;-19,89468798;-44,57131499;"SPRF-MG";"DEL08-MG";"UOP03-DEL08-MG"
222723;2019-03-10;"domingo";"18:40:00";"BA";324;438;"RIACHAO DO JACUIPE";"Falta de Atenção à Condução";"Colisão traseira";"Com Vítimas Feridas";"Pleno dia";"Crescente";"Céu Claro";"Simples";"Reta";"Não";2;0;1;0;0;1;1;2;-11,80627736;-39,39047677;"SPRF-BA";"DEL04-BA";"UOP02-DEL04-BA"
222724;2019-07-17;"quarta-feira";"21:00:00";"SC";101;114,5;"ITAJAI";"Falta de Atenção à Condução";"Colisão traseira";"Sem Vítimas";"Plena Noite";"Crescente";"Nevoeiro/Neblina";"Dupla";"Reta";"Não";2;0;0;0;2;0;0;2;-26,86192886;-48,7286704;"SPRF-SC";"DEL04-SC";"UOP04-DEL04-SC"
222725;2019-07-17;"quarta-feira";"21:30:00";"GO";153;512,1;"APARECIDA DE GOIANIA";"Deficiência ou não Acionamento do Sistema de Iluminação/Sinalização do Veículo";"Atropelamento de Pedestre";"Com Vítimas Feridas";"Plena Noite";"Crescente";"Céu Claro";"Dupla";"Reta";"Sim";3;0;1;1;1;0;2;2;-16,8156;-49,2402;"SPRF-GO";"DEL01-GO";"UOP03-DEL01-GO"
222726;2019-07-17;"quarta-feira";"17:30:00";"AM";230;651;"HUMAITA";"Velocidade Incompatível";"Saída de leito carroçável";"Com Vítimas Feridas";"Pleno dia";"Decrescente";"Sol";"Simples";"Reta";"Não";7;0;4;2;0;1;6;2;-7,5219464;-63,346455;"SPRF-RO";"DEL01-RO";"UOP05-DEL01-AM"
222728;2019-07-17;"quarta-feira";"19:55:00";"RS";290;90,8;"PORTO ALEGRE";"Condutor Dormindo";"Saída de leito carroçável";"Com Vítimas Feridas";"Plena Noite";"Decrescente";"Céu Claro";"Dupla";"Reta";"Sim";2;0;2;0;0;0;2;1;-29,96854247;-51,16204262;"SPRF-RS";"DEL01-RS";"UOP01-DEL01-RS"
222729;2019-07-17;"quarta-feira";"21:37:00";"RJ";101;66;"CAMPOS DOS GOYTACAZES";"Falta de Atenção do Pedestre";"Atropelamento de Pedestre";"Com Vítimas Feridas";"Plena Noite";"Decrescente";"Chuva";"Simples";"Reta";"Sim";2;0;1;0;0;1;1;2;-21,76090387;-41,34788959;"SPRF-RJ";"DEL08-RJ";"UOP02-DEL08-RJ"
222730;2019-07-17;"quarta-feira";"21:00:00";"PE";408;98,5;"SAO LOURENCO DA MATA";"Defeito Mecânico no Veículo";"Incêndio";"Sem Vítimas";"Plena Noite";"Crescente";"Chuva";"Dupla";"Reta";"Não";1;0;0;0;0;1;0;1;-8,03598572;-35,03218461;"SPRF-PE";"DEL01-PE";"UOP01-DEL01-PE"
222731;2019-07-17;"quarta-feira";"23:05:00";"SC";101;184,4;"BIGUACU";"Desobediência às normas de trânsito pelo condutor";"Colisão lateral";"Com Vítimas Feridas";"Plena Noite";"Decrescente";"Chuva";"Simples";"Reta";"Sim";3;0;1;0;2;0;1;2;-27,41613807;-48,6266443;"SPRF-SC";"DEL01-SC";"UOP01-DEL01-SC"
222734;2019-07-17;"quarta-feira";"22:10:00";"PR";277;97,8;"CURITIBA";"Falta de Atenção à Condução";"Colisão frontal";"Com Vítimas Feridas";"Plena Noite";"Decrescente";"Céu Claro";"Múltipla";"Declive;Interseção de Vias;Reta";"Sim";2;0;0;1;1;0;1;2;-25,43080298;-49,3369827;"SPRF-PR";"DEL01-PR";"UOP06-DEL01-PR"
222735;2019-07-18;"quinta-feira";"00:15:00";"RJ";40;114;"DUQUE DE CAXIAS";"Falta de Atenção à Condução";"Saída de leito carroçável";"Com Vítimas Feridas";"Plena Noite";"Decrescente";"Céu Claro";"Dupla";"Curva";"Não";1;0;1;0;0;0;1;1;-22,71853604;-43,28993324;"SPRF-RJ";"DEL01-RJ";"UOP01-DEL01-RJ"
222736;2019-07-17;"quarta-feira";"22:30:00";"RJ";101;464;"ANGRA DOS REIS";"Defeito Mecânico no Veículo";"Incêndio";"Sem Vítimas";"Plena Noite";"Decrescente";"Céu Claro";"Simples";"Curva";"Não";2;0;0;0;2;0;0;1;-23,02563273;-44,2199707;"SPRF-RJ";"DEL03-RJ";"UOP03-DEL03-RJ"
222737;2019-07-18;"quinta-feira";"01:10:00";"AL";104;72,5;"MESSIAS";"Velocidade Incompatível";"Capotamento";"Com Vítimas Feridas";"Plena Noite";"Decrescente";"Nublado";"Simples";"Curva";"Não";4;0;2;2;0;0;4;1;-9,36295794;-35,84986962;"SPRF-AL";"DEL01-AL";"UOP02-DEL01-AL"
222738;2019-07-18;"quinta-feira";"00:50:00";"SC";101;464,1;"PASSO DE TORRES";"Desobediência às normas de trânsito pelo pedestre";"Atropelamento de Pedestre";"Com Vítimas Fatais";"Plena Noite";"Crescente";"Nublado";"Dupla";"Curva";"Não";2;1;0;0;1;0;0;2;-29,29207274;-49,76148319;"SPRF-RS";"DEL03-RS";"UOP02-DEL03-RS"
222739;2019-07-18;"quinta-feira";"00:30:00";"AL";101;86,6;"RIO LARGO";"Animais na Pista";"Atropelamento de Animal";"Com Vítimas Feridas";"Plena Noite";"Crescente";"Chuva";"Dupla";"Reta";"Não";4;0;1;0;3;0;1;1;-9,47238667;-35,88083026;"SPRF-AL";"DEL01-AL";"UOP01-DEL01-AL"
222741;2019-07-18;"quinta-feira";"01:10:00";"PR";277;420;"CANTAGALO";"Ingestão de Álcool";"Colisão transversal";"Com Vítimas Feridas";"Plena Noite";"Decrescente";"Céu Claro";"Simples";"Reta";"Sim";4;0;2;0;2;0;2;2;-25,4098909;-52,08839392;"SPRF-PR";"DEL04-PR";"UOP02-DEL04-PR"
222742;2019-07-17;"quarta-feira";"23:30:00";"MT";70;733;"CACERES";"Falta de Atenção à Condução";"Saída de leito carroçável";"Sem Vítimas";"Plena Noite";"Decrescente";"Céu Claro";"Simples";"Interseção de Vias";"Sim";1;0;0;0;0;1;0;1;-16,08852375;-57,69501957;"SPRF-MT";"DEL03-MT";"UOP01-DEL03-MT"
222743;2019-07-18;"quinta-feira";"01:05:00";"BA";101;817;"VEREDA";"Falta de Atenção à Condução";"Saída de leito carroçável";"Sem Vítimas";"Plena Noite";"Crescente";"Nublado";"Simples";"Curva";"Não";2;0;0;0;0;2;0;2;-17,25428798;-39,63099022;"SPRF-BA";"DEL09-BA";"UOP01-DEL09-BA"
222745;2019-07-18;"quinta-feira";"04:00:00";"ES";101;298,7;"CARIACICA";"Ingestão de Álcool";"Colisão com objeto estático";"Sem Vítimas";"Plena Noite";"Decrescente";"Céu Claro";"Múltipla";"Reta";"Sim";1;0;0;0;1;0;0;1;-20,35374444;-40,4156433;"SPRF-ES";"DEL01-ES";"UOP01-DEL01-ES"
222750;2019-07-18;"quinta-feira";"02:39:00";"BA";101;852;"TEIXEIRA DE FREITAS";"Animais na Pista";"Atropelamento de Animal";"Sem Vítimas";"Plena Noite";"Crescente";"Nublado";"Simples";"Reta";"Não";2;0;0;0;2;0;0;1;-17,53782282;-39,71428432;"SPRF-BA";"DEL09-BA";"UOP02-DEL09-BA"
222752;2019-06-26;"quarta-feira";"13:30:00";"PR";116;109;"CURITIBA";"Falta de Atenção à Condução";"Colisão lateral";"Com Vítimas Feridas";"Pleno dia";"Decrescente";"Chuva";"Dupla";"Declive;Reta";"Sim";2;0;1;0;1;0;1;2;-25,56528253;-49,24699458;"SPRF-PR";"DEL01-PR";"UOP06-DEL01-PR"
222753;2019-06-23;"domingo";"00:20:00";"PR";277;279,5;"PRUDENTOPOLIS";"Falta de Atenção à Condução";"Colisão transversal";"Com Vítimas Feridas";"Plena Noite";"Crescente";"Nevoeiro/Neblina";"Simples";"Reta";"Não";2;0;0;1;1;0;1;2;-25,321407;-50,967754;"SPRF-PR";"DEL03-PR";"UOP02-DEL08-PR"
222754;2019-07-18;"quinta-feira";"05:40:00";"RJ";101;596,7;"PARATY";"Velocidade Incompatível";"Saída de leito carroçável";"Com Vítimas Fatais";"Amanhecer";"Decrescente";"Céu Claro";"Simples";"Curva";"Não";1;1;0;0;0;0;0;1;-23,33833519;-44,74286199;"SPRF-RJ";"DEL03-RJ";"UOP04-DEL03-RJ"
222755;2019-07-18;"quinta-feira";"05:45:00";"CE";116;11;"FORTALEZA";"Condutor Dormindo";"Saída de leito carroçável";"Sem Vítimas";"Pleno dia";"Crescente";"Céu Claro";"Dupla";"Reta";"Sim";1;0;0;0;1;0;0;1;-3,84394724;-38,49891546;"SPRF-CE";"DEL01-CE";"UOP02-DEL01-CE"
222756;2019-07-18;"quinta-feira";"07:00:00";"PE";116;8;"SALGUEIRO";"Desobediência às normas de trânsito pelo condutor";"Saída de leito carroçável";"Com Vítimas Feridas";"Pleno dia";"Decrescente";"Céu Claro";"Simples";"Curva";"Não";3;0;2;0;1;0;2;1;-7,920204;-39,119019;"SPRF-PE";"DEL05-PE";"UOP01-DEL05-PE"
222757;2019-07-17;"quarta-feira";"16:30:00";"GO";60;94,4;"ANAPOLIS";"Desobediência às normas de trânsito pelo condutor";"Colisão lateral";"Com Vítimas Feridas";"Pleno dia";"Decrescente";"Céu Claro";"Dupla";"Interseção de Vias";"Sim";2;0;1;0;1;0;1;2;-16,36102553;-48,93272552;"SPRF-GO";"DEL02-GO";"UOP01-DEL02-GO"
222759;2019-07-18;"quinta-feira";"07:20:00";"PB";230;19;"JOAO PESSOA";"Não guardar distância de segurança";"Colisão traseira";"Com Vítimas Feridas";"Pleno dia";"Crescente";"Céu Claro";"Dupla";"Aclive;Curva";"Sim";2;0;1;0;0;1;1;2;-7,1281;-34,8466;"SPRF-PB";"DEL01-PB";"UOP01-DEL01-PB"
222760;2019-07-17;"quarta-feira";"18:10:00";"MG";40;782,5;"JUIZ DE FORA";"Falta de Atenção à Condução";"Colisão traseira";"Com Vítimas Feridas";"Plena Noite";"Crescente";"Nublado";"Dupla";"Aclive;Reta";"Não";5;0;2;0;3;0;2;2;-21,69593719;-43,44982474;"SPRF-MG";"DEL05-MG";"UOP01-DEL05-MG"
222762;2019-07-18;"quinta-feira";"07:10:00";"RS";285;294;"PASSO FUNDO";"Não guardar distância de segurança";"Colisão traseira";"Com Vítimas Feridas";"Amanhecer";"Decrescente";"Sol";"Simples";"Reta";"Sim";3;0;2;0;1;0;2;2;-28,23468339;-52,40890503;"SPRF-RS";"DEL08-RS";"UOP03-DEL08-RS"
222763;2019-07-07;"domingo";"03:15:00";"RS";285;215,3;"CASEIROS";"Desobediência às normas de trânsito pelo condutor";"Colisão frontal";"Com Vítimas Feridas";"Plena Noite";"Decrescente";"Céu Claro";"Simples";"Reta";"Não";3;0;2;1;0;0;3;2;-28,263868;-51,661053;"SPRF-RS";"DEL08-RS";"UOP05-DEL08-RS"
222764;2019-07-18;"quinta-feira";"07:45:00";"RS";116;244;"SAO LEOPOLDO";"Desobediência às normas de trânsito pelo condutor";"Colisão traseira";"Com Vítimas Feridas";"Pleno dia";"Decrescente";"Céu Claro";"Dupla";"Reta";"Sim";3;0;1;0;2;0;1;3;-29,74088003;-51,15039566;"SPRF-RS";"DEL01-RS";"UOP02-DEL01-RS"
222766;2019-07-18;"quinta-feira";"07:50:00";"MG";381;481,5;"CONTAGEM";"Desobediência às normas de trânsito pelo condutor";"Colisão lateral";"Com Vítimas Feridas";"Pleno dia";"Crescente";"Céu Claro";"Múltipla";"Reta";"Sim";2;0;1;0;1;0;1;2;-19,95894887;-44,07011032;"SPRF-MG";"DEL01-MG";"UOP03-DEL01-MG"
222767;2019-07-18;"quinta-feira";"08:00:00";"RS";290;420,7;"SAO GABRIEL";"Avarias e/ou desgaste excessivo no pneu";"Queda de ocupante de veículo";"Com Vítimas Feridas";"Pleno dia";"Decrescente";"Céu Claro";"Simples";"Interseção de Vias";"Sim";2;0;2;0;0;0;2;1;-30,340698;-54,340824;"SPRF-RS";"DEL11-RS";"UOP02-DEL11-RS"
222768;2019-07-18;"quinta-feira";"04:00:00";"DF";80;21,3;"BRASILIA";"Ingestão de Álcool";"Saída de leito carroçável";"Com Vítimas Feridas";"Plena Noite";"Decrescente";"Céu Claro";"Dupla";"Reta";"Não";3;0;1;1;1;0;2;1;-15,658299;-48,20282;"SPRF-DF";"DEL01-DF";"UOP02-DEL03-DF"
222770;2019-07-18;"quinta-feira";"07:20:00";"SP";101;48,8;"UBATUBA";"Velocidade Incompatível";"Colisão com objeto estático";"Sem Vítimas";"Pleno dia";"Crescente";"Céu Claro";"Simples";"Reta";"Não";1;0;0;0;1;0;0;1;-23,44777423;-45,08005857;"SPRF-SP";"DEL06-SP";"UOP01-DEL06-SP"
222772;2019-07-18;"quinta-feira";"07:55:00";"SC";101;210,7;"SAO JOSE";"Falta de Atenção à Condução";"Colisão transversal";"Com Vítimas Feridas";"Pleno dia";"Decrescente";"Céu Claro";"Múltipla";"Reta";"Sim";3;0;2;0;1;0;2;2;-27,6167305;-48,6457265;"SPRF-SC";"DEL01-SC";"UOP01-DEL01-SC"
222776;2019-07-18;"quinta-feira";"08:35:00";"PR";116;9;"CAMPINA GRANDE DO SUL";"Falta de Atenção à Condução";"Atropelamento de Pedestre";"Com Vítimas Feridas";"Pleno dia";"Crescente";"Nublado";"Dupla";"Reta";"Não";2;0;1;0;1;0;1;2;-25,3708;-49,1246;"SPRF-PR";"DEL01-PR";"UOP01-DEL01-PR"
222777;2019-07-18;"quinta-feira";"07:40:00";"PE";232;60,7;"POMBOS";"Desobediência às normas de trânsito pelo condutor";"Colisão lateral";"Com Vítimas Feridas";"Pleno dia";"Crescente";"Céu Claro";"Dupla";"Reta";"Não";2;0;1;0;1;0;1;2;-8,14788448;-35,40768085;"SPRF-PE";"DEL01-PE";"UOP02-DEL02PE"
222778;2019-07-18;"quinta-feira";"07:32:00";"RS";116;37,3;"VACARIA";"Desobediência às normas de trânsito pelo condutor";"Colisão transversal";"Sem Vítimas";"Pleno dia";"Crescente";"Nublado";"Simples";"Rotatória";"Sim";2;0;0;0;2;0;0;2;-28,50090432;-50,92037559;"SPRF-RS";"DEL05-RS";"UOP03-DEL05-RS"
222781;2019-07-18;"quinta-feira";"08:40:00";"MG";381;485,5;"BETIM";"Falta de Atenção à Condução";"Colisão traseira";"Com Vítimas Feridas";"Pleno dia";"Crescente";"Céu Claro";"Dupla";"Reta";"Sim";3;0;1;0;2;0;1;3;-19,95563106;-44,09911036;"SPRF-MG";"DEL01-MG";"UOP03-DEL01-MG"
222782;2019-07-18;"quinta-feira";"08:10:00";"PR";116;45;"CAMPINA GRANDE DO SUL";"Velocidade Incompatível";"Capotamento";"Com Vítimas Feridas";"Pleno dia";"Decrescente";"Garoa/Chuvisco";"Dupla";"Curva";"Não";5;0;1;0;4;0;1;1;-25,19502698;-48,89003802;"SPRF-PR";"DEL01-PR";"UOP02-DEL01-PR"
222785;2019-07-18;"quinta-feira";"08:55:00";"SP";153;62,3;"SAO JOSE DO RIO PRETO";"Não guardar distância de segurança";"Colisão traseira";"Com Vítimas Feridas";"Pleno dia";"Decrescente";"Céu Claro";"Dupla";"Em Obras;Reta;Declive";"Sim";3;0;2;0;1;0;2;3;-20,81325404;-49,35675563;"SPRF-SP";"DEL09-SP";"UOP01-DEL09-SP"
222788;2019-07-18;"quinta-feira";"09:00:00";"PE";232;27,3;"MORENO";"Animais na Pista";"Atropelamento de Animal";"Com Vítimas Feridas";"Pleno dia";"Decrescente";"Céu Claro";"Dupla";"Reta";"Não";3;0;1;1;1;0;2;2;-8,11418416;-35,12568999;"SPRF-PE";"DEL01-PE";"UOP02-DEL02PE"
222791;2019-07-18;"quinta-feira";"09:30:00";"PR";277;724;"FOZ DO IGUACU";"Não guardar distância de segurança";"Saída de leito carroçável";"Com Vítimas Feridas";"Pleno dia";"Crescente";"Céu Claro";"Dupla";"Reta";"Sim";1;0;1;0;0;0;1;1;-25,50257577;-54,53868311;"SPRF-PR";"DEL05-PR";"UOP01-DEL05-PR"
222792;2019-07-18;"quinta-feira";"07:25:00";"SC";470;138;"RIO DO SUL";"Falta de Atenção à Condução";"Colisão transversal";"Com Vítimas Feridas";"Pleno dia";"Decrescente";"Chuva";"Simples";"Reta";"Sim";3;0;1;0;2;0;1;3;-27,194323;-49,624554;"SPRF-SC";"DEL04-SC";"UOP02-DEL04-SC"
222793;2019-07-18;"quinta-feira";"03:30:00";"MT";364;245;"JUSCIMEIRA";"Condutor Dormindo";"Capotamento";"Sem Vítimas";"Plena Noite";"Crescente";"Céu Claro";"Dupla";"Aclive";"Não";3;0;0;0;0;3;0;2;-16,14544423;-54,81561415;"SPRF-MT";"DEL02-MT";"UOP01-DEL02-MT"
222795;2019-07-18;"quinta-feira";"10:00:00";"SC";101;209,9;"SAO JOSE";"Falta de Atenção à Condução";"Engavetamento";"Com Vítimas Feridas";"Pleno dia";"Decrescente";"Garoa/Chuvisco";"Dupla";"Reta";"Não";3;0;1;0;1;1;1;3;-27,61000542;-48,63895057;"SPRF-SC";"DEL01-SC";"UOP01-DEL01-SC"
222796;2019-07-18;"quinta-feira";"09:45:00";"MG";146;606;"POCOS DE CALDAS";"Desobediência às normas de trânsito pelo condutor";"Saída de leito carroçável";"Com Vítimas Feridas";"Pleno dia";"Crescente";"Céu Claro";"Simples";"Reta";"Não";2;0;1;0;1;0;1;1;-21,80572849;-46,45774599;"SPRF-MG";"DEL16-MG";"UOP01-DEL09-MG"
222799;2019-07-18;"quinta-feira";"07:45:00";"MG";459;98;"POUSO ALEGRE";"Falta de Atenção à Condução";"Colisão transversal";"Com Vítimas Feridas";"Pleno dia";"Decrescente";"Céu Claro";"Dupla";"Reta";"Sim";3;0;1;1;1;0;2;2;-22,202055;-45,960964;"SPRF-MG";"DEL16-MG";"UOP01-DEL16-MG"
222800;2019-07-18;"quinta-feira";"10:30:00";"MG";381;510;"SAO JOAQUIM DE BICAS";"Ultrapassagem Indevida";"Colisão lateral";"Com Vítimas Feridas";"Pleno dia";"Decrescente";"Sol";"Múltipla";"Reta";"Sim";3;0;2;0;1;0;2;2;-20,07738209;-44,30434488;"SPRF-MG";"DEL01-MG";"UOP03-DEL01-MG"
222804;2019-07-18;"quinta-feira";"10:45:00";"SP";381;54,7;"MAIRIPORA";"Não guardar distância de segurança";"Engavetamento";"Sem Vítimas";"Pleno dia";"Crescente";"Sol";"Dupla";"Reta";"Não";3;0;0;0;3;0;0;3;-23,2449074;-46,59562343;"SPRF-SP";"DEL03-SP";"UOP01-DEL03-SP"
222806;2019-07-18;"quinta-feira";"06:30:00";"MG";365;175;"BURITIZEIRO";"Velocidade Incompatível";"Colisão com objeto estático";"Com Vítimas Feridas";"Pleno dia";"Crescente";"Céu Claro";"Simples";"Declive";"Não";1;0;0;1;0;0;1;1;-17,41279573;-45,04305589;"SPRF-MG";"DEL12-MG";"UOP01-DEL12-MG"
222809;2019-07-18;"quinta-feira";"12:00:00";"SC";101;135;"BALNEARIO CAMBORIU";"Não guardar distância de segurança";"Colisão traseira";"Com Vítimas Feridas";"Pleno dia";"Crescente";"Nublado";"Múltipla";"Reta";"Sim";2;0;1;0;1;0;1;2;-27,0050108;-48,62677494;"SPRF-SC";"DEL04-SC";"UOP03-DEL04-SC"
222811;2019-07-18;"quinta-feira";"11:35:00";"RS";470;217;"BENTO GONCALVES";"Falta de Atenção à Condução";"Colisão transversal";"Com Vítimas Feridas";"Pleno dia";"Decrescente";"Céu Claro";"Dupla";"Curva";"Sim";3;0;2;0;1;0;2;2;-29,16462512;-51,52551964;"SPRF-RS";"DEL06-RS";"UOP01-DEL06-RS"
222812;2019-07-18;"quinta-feira";"11:50:00";"RS";386;352,7;"ESTRELA";"Falta de Atenção do Pedestre";"Atropelamento de Pedestre";"Com Vítimas Feridas";"Pleno dia";"Decrescente";"Sol";"Simples";"Reta";"Sim";2;0;1;0;1;0;1;2;-29,491436;-51,95174;"SPRF-RS";"DEL04-RS";"UOP02-DEL04-RS"
222817;2019-07-18;"quinta-feira";"12:45:00";"PR";116;42,2;"CAMPINA GRANDE DO SUL";"Falta de Atenção à Condução";"Capotamento";"Com Vítimas Feridas";"Pleno dia";"Crescente";"Nublado";"Dupla";"Curva";"Não";3;0;2;0;1;0;2;1;-25,17611697;-48,874256;"SPRF-PR";"DEL01-PR";"UOP02-DEL01-PR"
222818;2019-07-07;"domingo";"21:40:00";"RS";386;92,7;"SAGRADA FAMILIA";"Ingestão de Álcool";"Colisão frontal";"Com Vítimas Feridas";"Plena Noite";"Decrescente";"Céu Claro";"Simples";"Curva";"Não";4;0;3;0;0;1;3;2;-27,734627;-53,170799;"SPRF-RS";"DEL08-RS";"UOP01-DEL08-RS"