"id";"data_inversa";"dia_semana";"horario";"uf";"br";"km";"municipio";"causa_acidente";"tipo_acidente";"classificacao_acidente";"fase_dia";"sentido_via";"condicao_metereologica";"tipo_pista";"tracado_via";"uso_solo";"pessoas";"mortos";"feridos_leves";"feridos_graves";"ilesos";"ignorados";"feridos";"veiculos";"latitude";"longitude";"regional";"delegacia";"uop"
222819;2019-07-18;"quinta-feira";"07:30:00";"MG";262;437;"NOVA SERRANA";"Não guardar distância de segurança";"Queda de ocupante de veículo";"Com Vítimas Feridas";"Pleno dia";"Decrescente";"Céu Claro";"Dupla";"Reta";"Não";1;0;1;0;0;0;1;1;-19,89622194;-44,86972815;"SPRF-MG";"DEL08-MG";"UOP03-DEL08-MG"
222820;2019-07-18;"quinta-feira";"12:10:00";"MG";381;331,3;"NOVA ERA";"Velocidade Incompatível";"Saída de leito carroçável";"Com Vítimas Feridas";"Pleno dia";"Crescente";"Céu Claro";"Dupla";"Curva";"Não";4;0;3;0;1;0;3;1;-19,79418323;-43,05545733;"SPRF-MG";"DEL03-MG";"UOP01-DEL03-MG"
222822;2019-07-18;"quinta-feira";"13:04:00";"SC";101;89;"BARRA VELHA";"Falta de Atenção à Condução";"Engavetamento";"Com Vítimas Feridas";"Pleno dia";"Crescente";"Garoa/Chuvisco";"Dupla";"Reta";"Sim";4;0;1;0;3;0;1;3;-26,65175997;-48,68721921;"SPRF-SC";"DEL03-SC";"UOP02-DEL03-SC"
222823;2019-07-18;"quinta-feira";"12:20:00";"TO";153;511;"PUGMIL";"Defeito Mecânico no Veículo";"Incêndio";"Sem Vítimas";"Pleno dia";"Decrescente";"Sol";"Simples";"Reta";"Não";1;0;0;0;0;1;0;1;-10,29936901;-48,88409895;"SPRF-TO";"DEL02-TO";"UOP01-DEL01-TO"
222824;2019-07-18;"quinta-feira";"12:50:00";"MG";262;444,8;"NOVA SERRANA";"Velocidade Incompatível";"Saída de leito carroçável";"Com Vítimas Fatais";"Pleno dia";"Crescente";"Céu Claro";"Dupla";"Reta";"Sim";1;1;0;0;0;0;0;1;-19,86858163;-44,985677;"SPRF-MG";"DEL08-MG";"UOP03-DEL08-MG"
222825;2019-07-18;"quinta-feira";"11:00:00";"MG";40;74,9;"PARACATU";"Velocidade Incompatível";"Saída de leito carroçável";"Com Vítimas Feridas";"Pleno dia";"Crescente";"Céu Claro";"Simples";"Reta";"Não";1;0;1;0;0;0;1;1;-17,42909083;-46,70441983;"SPRF-MG";"DEL14-MG";"UOP01-DEL14-MG"
222826;2019-07-18;"quinta-feira";"12:45:00";"RJ";116;123;"MAGE";"Não guardar distância de segurança";"Engavetamento";"Sem Vítimas";"Pleno dia";"Decrescente";"Sol";"Dupla";"Reta";"Sim";6;0;0;0;4;2;0;5;-22,64080106;-43,06288894;"SPRF-RJ";"DEL04-RJ";"UOP02-DEL04-RJ"
222827;2019-07-18;"quinta-feira";"13:30:00";"PR";376;4,2;"APUCARANA";"Falta de Atenção à Condução";"Colisão lateral";"Com Vítimas Feridas";"Pleno dia";"Decrescente";"Céu Claro";"Simples";"Reta";"Sim";2;0;1;0;0;1;1;2;-23,5542786;-51,4453958;"SPRF-PR";"DEL07-PR";"UOP03-DEL07-PR"
222828;2019-07-18;"quinta-feira";"13:00:00";"SP";116;549;"BARRA DO TURVO";"Velocidade Incompatível";"Saída de leito carroçável";"Com Vítimas Feridas";"Pleno dia";"Decrescente";"Chuva";"Simples";"Aclive;Curva";"Não";2;0;1;0;1;0;1;1;-24,95470506;-48,45560002;"SPRF-SP";"DEL05-SP";"UOP02-DEL05-SP"
222830;2019-03-30;"sábado";"11:30:00";"PR";163;50;"PRANCHITA";"Falta de Atenção à Condução";"Queda de ocupante de veículo";"Com Vítimas Feridas";"Pleno dia";"Decrescente";"Céu Claro";"Simples";"Reta";"Não";1;0;0;1;0;0;1;1;-25,94356196;-53,72808745;"SPRF-PR";"DEL02-PR";"UOP02-DEL02-PR"
222833;2019-05-07;"terça-feira";"07:45:00";"PR";116;115;"CURITIBA";"Falta de Atenção à Condução";"Queda de ocupante de veículo";"Com Vítimas Feridas";"Pleno dia";"Crescente";"Nublado";"Múltipla";"Reta";"Sim";1;0;0;1;0;0;1;1;-25,54972081;-49,3048811;"SPRF-PR";"DEL01-PR";"UOP06-DEL01-PR"
222835;2019-07-18;"quinta-feira";"14:10:00";"MA";135;26,9;"BACABEIRA";"Avarias e/ou desgaste excessivo no pneu";"Saída de leito carroçável";"Com Vítimas Feridas";"Pleno dia";"Crescente";"Chuva";"Dupla";"Reta";"Não";4;0;3;0;1;0;3;1;-2,77023451;-44,36931635;"SPRF-MA";"DEL01-MA";"UOP01-DEL01-MA"
222840;2019-07-18;"quinta-feira";"15:20:00";"CE";116;2;"FORTALEZA";"Defeito Mecânico no Veículo";"Queda de ocupante de veículo";"Com Vítimas Feridas";"Pleno dia";"Crescente";"Céu Claro";"Múltipla";"Reta";"Sim";1;0;1;0;0;0;1;1;-3,77019802;-38,51724508;"SPRF-CE";"DEL01-CE";"UOP02-DEL01-CE"
222842;2019-03-20;"quarta-feira";"08:22:00";"RJ";101;331;"RIO DE JANEIRO";"Falta de Atenção à Condução";"Colisão com objeto estático";"Com Vítimas Feridas";"Pleno dia";"Decrescente";"Garoa/Chuvisco";"Dupla";"Reta";"Sim";2;0;0;1;1;0;1;2;-22,867662;-43,195337;"SPRF-RJ";"DEL02-RJ";"UOP02-DEL02-RJ"
222845;2019-07-18;"quinta-feira";"12:50:00";"SC";101;252,3;"PAULO LOPES";"Falta de Atenção à Condução";"Colisão transversal";"Com Vítimas Feridas";"Pleno dia";"Decrescente";"Nublado";"Múltipla";"Interseção de Vias";"Sim";2;0;1;0;1;0;1;2;-27,96056626;-48,6786443;"SPRF-SC";"DEL02-SC";"UOP03-DEL02-SC"
222850;2019-07-18;"quinta-feira";"16:00:00";"SC";101;416,1;"ARARANGUA";"Desobediência às normas de trânsito pelo condutor";"Colisão lateral";"Com Vítimas Feridas";"Pleno dia";"Decrescente";"Céu Claro";"Dupla";"Reta";"Sim";3;0;2;0;1;0;2;2;-28,96708874;-49,52338825;"SPRF-SC";"DEL02-SC";"UOP02-DEL02-SC"
222853;2019-07-18;"quinta-feira";"16:15:00";"PR";476;136;"CURITIBA";"Ingestão de Substâncias Psicoativas";"Colisão transversal";"Sem Vítimas";"Pleno dia";"Crescente";"Nublado";"Múltipla";"Interseção de Vias;Reta";"Sim";2;0;0;0;2;0;0;2;-25,49751663;-49,27732944;"SPRF-PR";"DEL01-PR";"UOP03-DEL01-PR"
222855;2019-07-18;"quinta-feira";"16:40:00";"PR";376;651;"TIJUCAS DO SUL";"Falta de Atenção à Condução";"Capotamento";"Com Vítimas Feridas";"Pleno dia";"Decrescente";"Chuva";"Dupla";"Reta";"Não";2;0;2;0;0;0;2;1;-25,845243;-49,078578;"SPRF-PR";"DEL01-PR";"UOP04-DEL01-PR"
222857;2019-07-18;"quinta-feira";"17:28:00";"MG";364;28,5;"FRUTAL";"Falta de Atenção à Condução";"Colisão transversal";"Com Vítimas Feridas";"Pleno dia";"Crescente";"Céu Claro";"Simples";"Declive;Reta";"Não";4;0;1;0;3;0;1;2;-20,01955;-48,90566;"SPRF-MG";"DEL13-MG";"UOP02-DEL13-MG"
222860;2019-07-18;"quinta-feira";"16:05:00";"CE";20;386,4;"CAUCAIA";"Condutor Dormindo";"Colisão frontal";"Com Vítimas Feridas";"Pleno dia";"Decrescente";"Céu Claro";"Simples";"Declive;Reta";"Não";2;0;1;0;1;0;1;2;-3,87729628;-38,81430378;"SPRF-CE";"DEL01-CE";"UOP01-DEL01-CE"
222861;2019-07-18;"quinta-feira";"17:30:00";"GO";40;1,6;"VALPARAISO DE GOIAS";"Desobediência às normas de trânsito pelo condutor";"Colisão traseira";"Com Vítimas Feridas";"Pleno dia";"Decrescente";"Céu Claro";"Dupla";"Reta";"Sim";2;0;1;0;1;0;1;2;-16,058245;-47,982825;"SPRF-DF";"DEL01-DF";"UOP01-DEL01-DF"
222862;2019-07-18;"quinta-feira";"17:50:00";"PE";101;69,5;"RECIFE";"Falta de Atenção à Condução";"Colisão transversal";"Com Vítimas Feridas";"Anoitecer";"Crescente";"Nublado";"Dupla";"Reta";"Sim";2;0;1;0;1;0;1;2;-8,0637337;-34,94459152;"SPRF-PE";"DEL01-PE";"UOP01-DEL01-PE"
222863;2019-07-18;"quinta-feira";"15:20:00";"GO";153;60;"PORANGATU";"Falta de Atenção à Condução";"Saída de leito carroçável";"Com Vítimas Feridas";"Pleno dia";"Decrescente";"Céu Claro";"Simples";"Reta";"Não";4;0;3;0;1;0;3;1;-13,341805;-49,121559;"SPRF-GO";"DEL07-GO";"UOP01-DEL07-GO"
222864;2019-07-18;"quinta-feira";"17:30:00";"RS";116;262,5;"CANOAS";"Falta de Atenção à Condução";"Colisão lateral";"Com Vítimas Feridas";"Anoitecer";"Decrescente";"Céu Claro";"Dupla";"Reta";"Sim";2;0;1;0;1;0;1;2;-29,896475;-51,17593;"SPRF-RS";"DEL01-RS";"UOP01-DEL01-RS"
222865;2019-07-18;"quinta-feira";"16:20:00";"SC";101;274;"IMBITUBA";"Velocidade Incompatível";"Queda de ocupante de veículo";"Com Vítimas Feridas";"Pleno dia";"Decrescente";"Nublado";"Simples";"Retorno Regulamentado";"Sim";1;0;0;1;0;0;1;1;-28,129852;-48,69322;"SPRF-SC";"DEL02-SC";"UOP03-DEL02-SC"
222868;2019-07-18;"quinta-feira";"17:50:00";"RS";290;96,2;"PORTO ALEGRE";"Ingestão de Substâncias Psicoativas";"Colisão lateral";"Com Vítimas Feridas";"Plena Noite";"Crescente";"Céu Claro";"Múltipla";"Reta";"Sim";2;0;1;0;1;0;1;2;-29,992107;-51,204525;"SPRF-RS";"DEL01-RS";"UOP01-DEL01-RS"
222869;2019-07-18;"quinta-feira";"17:00:00";"MT";70;2;"BARRA DO GARCAS";"Falta de Atenção à Condução";"Colisão transversal";"Com Vítimas Feridas";"Pleno dia";"Crescente";"Sol";"Dupla";"Reta";"Sim";2;0;0;1;1;0;1;2;-15,88749699;-52,26810568;"SPRF-MT";"DEL07-MT";"UOP01-DEL07-MT"
222870;2019-07-18;"quinta-feira";"18:15:00";"SC";282;2;"SAO JOSE";"Falta de Atenção à Condução";"Colisão traseira";"Sem Vítimas";"Plena Noite";"Crescente";"Nublado";"Dupla";"Reta";"Não";2;0;0;0;2;0;0;2;-27,603289;-48,590416;"SPRF-SC";"DEL01-SC";"UOP01-DEL01-SC"
222872;2019-07-18;"quinta-feira";"18:10:00";"CE";116;14;"FORTALEZA";"Não guardar distância de segurança";"Colisão traseira";"Com Vítimas Feridas";"Plena Noite";"Decrescente";"Céu Claro";"Dupla";"Reta";"Sim";4;0;1;0;3;0;1;3;-3,86973356;-38,49827361;"SPRF-CE";"DEL01-CE";"UOP02-DEL01-CE"
222873;2019-07-18;"quinta-feira";"18:00:00";"PR";116;29;"CAMPINA GRANDE DO SUL";"Defeito Mecânico no Veículo";"Colisão lateral";"Sem Vítimas";"Anoitecer";"Decrescente";"Chuva";"Dupla";"Curva";"Não";2;0;0;0;2;0;0;2;-25,10057871;-48,81128876;"SPRF-PR";"DEL01-PR";"UOP02-DEL01-PR"
222876;2019-07-18;"quinta-feira";"18:00:00";"ES";101;293,1;"CARIACICA";"Falta de Atenção à Condução";"Colisão transversal";"Com Vítimas Feridas";"Plena Noite";"Decrescente";"Nublado";"Múltipla";"Reta";"Sim";2;0;1;0;1;0;1;2;-20,31526144;-40,39567044;"SPRF-ES";"DEL01-ES";"UOP01-DEL01-ES"
222877;2019-07-18;"quinta-feira";"18:10:00";"SP";116;276;"EMBU DAS ARTES";"Desobediência às normas de trânsito pelo condutor";"Colisão lateral";"Com Vítimas Feridas";"Plena Noite";"Decrescente";"Nublado";"Dupla";"Reta";"Sim";3;0;1;0;2;0;1;3;-23,64262417;-46,83811382;"SPRF-SP";"DEL04-SP";"UOP01-DEL04-SP"
222878;2019-07-18;"quinta-feira";"17:20:00";"MG";116;492,8;"INHAPIM";"Ingestão de álcool e/ou substâncias psicoativas pelo pedestre";"Colisão traseira";"Com Vítimas Feridas";"Anoitecer";"Crescente";"Céu Claro";"Simples";"Curva;Declive";"Não";2;0;0;1;1;0;1;2;-19,49175772;-42,12887764;"SPRF-MG";"DEL06-MG";"UOP02-DEL06-MG"
222879;2019-07-18;"quinta-feira";"18:40:00";"RN";304;108,5;"ACU";"Falta de Atenção à Condução";"Colisão transversal";"Com Vítimas Feridas";"Plena Noite";"Decrescente";"Céu Claro";"Simples";"Interseção de Vias";"Sim";3;0;1;0;2;0;1;2;-5,58757095;-36,94984496;"SPRF-RN";"DEL04-RN";"UOP01-DEL04-RN"
222880;2019-07-18;"quinta-feira";"18:45:00";"CE";20;410;"MARACANAU";"Mal Súbito";"Saída de leito carroçável";"Com Vítimas Feridas";"Plena Noite";"Crescente";"Céu Claro";"Dupla";"Reta";"Sim";4;0;4;0;0;0;4;1;-3,76999035;-38,67006282;"SPRF-CE";"DEL01-CE";"UOP01-DEL01-CE"
222881;2019-07-18;"quinta-feira";"18:20:00";"RO";364;237,8;"CACOAL";"Falta de Atenção à Condução";"Colisão transversal";"Com Vítimas Feridas";"Plena Noite";"Decrescente";"Céu Claro";"Simples";"Retorno Regulamentado";"Sim";3;0;2;0;0;1;2;2;-11,439905;-61,4534187;"SPRF-RO";"DEL02-RO";"UOP02-DEL02-RO"
222882;2019-07-18;"quinta-feira";"18:30:00";"AL";104;58,3;"MURICI";"Falta de Atenção à Condução";"Colisão com objeto em movimento";"Com Vítimas Fatais";"Plena Noite";"Decrescente";"Nublado";"Simples";"Reta";"Não";2;1;0;0;0;1;0;2;-9,30324621;-35,94820361;"SPRF-AL";"DEL01-AL";"UOP02-DEL01-AL"
222884;2019-07-18;"quinta-feira";"19:28:00";"SC";470;35;"GASPAR";"Falta de Atenção à Condução";"Colisão traseira";"Com Vítimas Feridas";"Plena Noite";"Crescente";"Chuva";"Simples";"Reta";"Não";3;0;1;0;2;0;1;2;-26,912857;-48,958965;"SPRF-SC";"DEL04-SC";"UOP01-DEL04-SC"
222885;2019-07-18;"quinta-feira";"18:10:00";"GO";50;184,2;"CAMPO ALEGRE DE GOIAS";"Falta de Atenção à Condução";"Colisão lateral";"Com Vítimas Feridas";"Anoitecer";"Decrescente";"Céu Claro";"Dupla";"Reta";"Não";3;0;1;0;2;0;1;3;-17,4413;-47,8018;"SPRF-GO";"DEL06-GO";"UOP01-DEL06-GO"
222886;2019-07-18;"quinta-feira";"19:35:00";"RJ";116;169;"RIO DE JANEIRO";"Defeito Mecânico no Veículo";"Incêndio";"Sem Vítimas";"Plena Noite";"Crescente";"Céu Claro";"Dupla";"Reta";"Sim";1;0;0;0;1;0;0;1;-22,816206;-43,324463;"SPRF-RJ";"DEL01-RJ";"UOP02-DEL01-RJ"
222887;2019-07-18;"quinta-feira";"18:20:00";"SP";116;229;"SAO PAULO";"Mal Súbito";"Colisão lateral";"Com Vítimas Fatais";"Anoitecer";"Crescente";"Nublado";"Múltipla";"Reta";"Sim";3;1;0;0;2;0;0;2;-23,51291902;-46,57604698;"SPRF-SP";"DEL01-SP";"UOP01-DEL01-SP"
222889;2019-07-18;"quinta-feira";"19:00:00";"SP";116;223;"GUARULHOS";"Falta de Atenção à Condução";"Colisão traseira";"Com Vítimas Feridas";"Plena Noite";"Crescente";"Nublado";"Múltipla";"Reta";"Não";3;0;1;0;2;0;1;2;-23,47559815;-46,5246609;"SPRF-SP";"DEL01-SP";"UOP01-DEL01-SP"
222891;2019-07-18;"quinta-feira";"20:00:00";"DF";20;21,3;"BRASILIA";"Falta de Atenção à Condução";"Colisão transversal";"Com Vítimas Feridas";"Plena Noite";"Decrescente";"Céu Claro";"Dupla";"Retorno Regulamentado";"Sim";2;0;1;0;1;0;1;2;-15,603384;-47,684692;"SPRF-DF";"DEL02-DF";"UOP01-DEL02-DF"
222892;2019-07-18;"quinta-feira";"20:15:00";"SC";101;203,2;"SAO JOSE";"Desobediência às normas de trânsito pelo condutor";"Colisão transversal";"Com Vítimas Feridas";"Plena Noite";"Crescente";"Céu Claro";"Múltipla";"Interseção de Vias";"Sim";2;0;1;0;1;0;1;2;-27,5650044;-48,61460082;"SPRF-SC";"DEL01-SC";"UOP01-DEL01-SC"
222893;2019-07-18;"quinta-feira";"19:10:00";"PI";343;62,1;"BURITI DOS LOPES";"Defeito na Via";"Colisão traseira";"Sem Vítimas";"Plena Noite";"Decrescente";"Nublado";"Simples";"Reta";"Não";2;0;0;0;2;0;0;2;-3,265974;-41,786427;"SPRF-PI";"DEL05-PI";"UOP01-DEL05-PI"
222896;2019-07-18;"quinta-feira";"18:30:00";"BA";116;465;"SANTO ESTEVAO";"Falta de Atenção do Pedestre";"Atropelamento de Pedestre";"Com Vítimas Fatais";"Plena Noite";"Crescente";"Céu Claro";"Simples";"Reta";"Não";2;1;0;0;0;1;0;2;-12,44815636;-39,24588382;"SPRF-BA";"DEL02-BA";"UOP01-DEL02-BA"
222897;2019-07-18;"quinta-feira";"20:15:00";"ES";101;324;"GUARAPARI";"Falta de Atenção à Condução";"Saída de leito carroçável";"Com Vítimas Feridas";"Plena Noite";"Decrescente";"Céu Claro";"Simples";"Reta";"Não";2;0;1;0;1;0;1;1;-20,54592303;-40,48155635;"SPRF-ES";"DEL03-ES";"UOP01-DEL03-ES"
222898;2019-07-18;"quinta-feira";"18:15:00";"AC";364;135;"RIO BRANCO";"Falta de Atenção à Condução";"Colisão traseira";"Com Vítimas Feridas";"Plena Noite";"Crescente";"Céu Claro";"Dupla";"Reta";"Não";2;0;1;1;0;0;2;2;-9,98588117;-67,84523538;"SPRF-AC";"DEL01-AC";"UOP01-DEL01-AC"
222899;2019-07-18;"quinta-feira";"19:10:00";"SC";282;649,3;"SAO MIGUEL DO OESTE";"Defeito Mecânico no Veículo";"Saída de leito carroçável";"Com Vítimas Feridas";"Plena Noite";"Decrescente";"Céu Claro";"Simples";"Curva;Aclive";"Não";4;0;1;0;3;0;1;1;-26,738617;-53,501431;"SPRF-SC";"DEL07-SC";"UOP03-DEL07-SC"
222900;2019-07-18;"quinta-feira";"20:20:00";"DF";40;4;"BRASILIA";"Falta de Atenção à Condução";"Engavetamento";"Com Vítimas Feridas";"Plena Noite";"Crescente";"Céu Claro";"Dupla";"Reta";"Sim";4;0;1;0;3;0;1;3;-16,012033;-47,982124;"SPRF-DF";"DEL01-DF";"UOP01-DEL01-DF"
222901;2019-07-18;"quinta-feira";"20:20:00";"GO";60;5;"ALEXANIA";"Falta de Atenção à Condução";"Colisão lateral";"Sem Vítimas";"Plena Noite";"Decrescente";"Céu Claro";"Dupla";"Reta";"Não";6;0;0;0;6;0;0;2;-16,094168;-48,517212;"SPRF-DF";"DEL01-DF";"UOP01-DEL03-DF"
222903;2019-07-18;"quinta-feira";"19:13:00";"MS";60;403,4;"SIDROLANDIA";"Defeito Mecânico no Veículo";"Incêndio";"Sem Vítimas";"Plena Noite";"Crescente";"Céu Claro";"Simples";"Reta";"Não";1;0;0;0;1;0;0;1;-20,82577896;-54,80389113;"SPRF-MS";"DEL01-MS";"UOP04-DEL01-MS"
222905;2019-07-18;"quinta-feira";"20:30:00";"MG";262;692,8;"ARAXA";"Desobediência às normas de trânsito pelo condutor";"Colisão transversal";"Sem Vítimas";"Plena Noite";"Decrescente";"Céu Claro";"Simples";"Interseção de Vias";"Não";2;0;0;0;2;0;0;2;-19,56948314;-46,98903394;"SPRF-MG";"DEL08-MG";"UOP01-DEL08-MG"
222907;2019-07-18;"quinta-feira";"22:00:00";"BA";116;815,1;"VITORIA DA CONQUISTA";"Velocidade Incompatível";"Atropelamento de Animal";"Sem Vítimas";"Plena Noite";"Decrescente";"Nublado";"Simples";"Reta";"Sim";1;0;0;0;1;0;0;1;-14,77315332;-40,72201784;"SPRF-BA";"DEL08-BA";"UOP01-DEL08-BA"
222909;2019-07-18;"quinta-feira";"20:20:00";"MA";230;406;"BALSAS";"Falta de Atenção à Condução";"Atropelamento de Pedestre";"Com Vítimas Fatais";"Plena Noite";"Decrescente";"Céu Claro";"Simples";"Reta";"Sim";2;1;0;0;0;1;0;2;-7,51971965;-46,05845601;"SPRF-MA";"DEL05-MA";"UOP01-DEL05-MA"
222910;2019-07-18;"quinta-feira";"22:45:00";"RJ";116;188;"QUEIMADOS";"Falta de Atenção à Condução";"Colisão traseira";"Sem Vítimas";"Plena Noite";"Crescente";"Céu Claro";"Dupla";"Reta";"Não";2;0;0;0;2;0;0;2;-22,73660679;-43,539505;"SPRF-RJ";"DEL01-RJ";"UOP03-DEL01-RJ"
222911;2019-07-18;"quinta-feira";"17:33:00";"MA";10;253;"IMPERATRIZ";"Velocidade Incompatível";"Colisão com objeto estático";"Com Vítimas Feridas";"Pleno dia";"Decrescente";"Céu Claro";"Simples";"Viaduto";"Sim";1;0;0;1;0;0;1;1;-5,526911;-47,471455;"SPRF-MA";"DEL04-MA";"UOP01-DEL04-MA"
222913;2019-07-18;"quinta-feira";"18:50:00";"RO";364;548,7;"ALTO PARAISO";"Ultrapassagem Indevida";"Colisão frontal";"Com Vítimas Feridas";"Plena Noite";"Decrescente";"Céu Claro";"Simples";"Reta";"Não";2;0;0;1;1;0;1;2;-9,662858;-63,090275;"SPRF-RO";"DEL03-RO";"UOP01-DEL03-RO"
222914;2019-07-18;"quinta-feira";"18:00:00";"RO";364;340,9;"JI-PARANA";"Falta de Atenção à Condução";"Colisão transversal";"Com Vítimas Feridas";"Anoitecer";"Crescente";"Céu Claro";"Simples";"Reta";"Sim";2;0;1;0;1;0;1;2;-10,898802;-61,93046;"SPRF-RO";"DEL02-RO";"UOP01-DEL02-RO"
222917;2019-07-18;"quinta-feira";"23:35:00";"PB";230;168,4;"CAMPINA GRANDE";"Animais na Pista";"Atropelamento de Animal";"Com Vítimas Feridas";"Plena Noite";"Decrescente";"Céu Claro";"Simples";"Reta";"Não";1;0;0;1;0;0;1;1;-7,188;-35,9687;"SPRF-PB";"DEL02-PB";"UOP02-DEL02-PB"
222918;2019-07-18;"quinta-feira";"22:15:00";"SP";381;71,2;"MAIRIPORA";"Pista Escorregadia";"Colisão com objeto estático";"Com Vítimas Feridas";"Plena Noite";"Decrescente";"Céu Claro";"Dupla";"Declive;Curva";"Sim";5;0;2;1;2;0;3;2;-23,35047979;-46,55267274;"SPRF-SP";"DEL03-SP";"UOP01-DEL03-SP"
222922;2019-07-19;"sexta-feira";"00:25:00";"SP";116;329;"JUQUITIBA";"Velocidade Incompatível";"Colisão com objeto estático";"Com Vítimas Feridas";"Plena Noite";"Decrescente";"Nublado";"Dupla";"Reta";"Não";1;0;0;1;0;0;1;1;-23,93981788;-47,08868406;"SPRF-SP";"DEL04-SP";"UOP03-DEL04-SP"
222923;2019-07-18;"quinta-feira";"21:50:00";"MT";70;497;"CUIABA";"Falta de Atenção à Condução";"Queda de ocupante de veículo";"Com Vítimas Feridas";"Plena Noite";"Crescente";"Céu Claro";"Simples";"Reta";"Sim";1;0;1;0;0;0;1;1;-15,69464314;-55,89988508;"SPRF-MT";"DEL02-MT";"UOP02-DEL01-MT"
222924;2019-07-18;"quinta-feira";"23:50:00";"PR";476;121,9;"CURITIBA";"Ingestão de Álcool";"Colisão transversal";"Com Vítimas Fatais";"Plena Noite";"Crescente";"Nublado";"Dupla";"Reta";"Sim";3;1;0;0;1;1;0;3;-25,38501473;-49,20280695;"SPRF-PR";"DEL01-PR";"UOP07-DEL01-PR"
222926;2019-07-19;"sexta-feira";"01:15:00";"GO";452;3,4;"RIO VERDE";"Condutor Dormindo";"Saída de leito carroçável";"Com Vítimas Feridas";"Plena Noite";"Decrescente";"Céu Claro";"Dupla";"Reta";"Sim";1;0;1;0;0;0;1;1;-17,80254875;-50,87397337;"SPRF-GO";"DEL04-GO";"UOP01-DEL04-GO"
222928;2019-07-19;"sexta-feira";"01:00:00";"MG";116;412;"GOVERNADOR VALADARES";"Condutor Dormindo";"Saída de leito carroçável";"Com Vítimas Feridas";"Plena Noite";"Crescente";"Céu Claro";"Dupla";"Retorno Regulamentado";"Sim";1;0;1;0;0;0;1;1;-18,86882342;-41,97144241;"SPRF-MG";"DEL06-MG";"UOP01-DEL06-MG"
222929;2019-07-19;"sexta-feira";"02:15:00";"MG";50;178,6;"UBERABA";"Falta de Atenção à Condução";"Capotamento";"Com Vítimas Feridas";"Plena Noite";"Crescente";"Nevoeiro/Neblina";"Dupla";"Declive";"Sim";1;0;0;1;0;0;1;1;-19,77827047;-47,93140998;"SPRF-MG";"DEL13-MG";"UOP01-DEL13-MG"
222931;2019-07-18;"quinta-feira";"23:50:00";"RJ";40;114;"DUQUE DE CAXIAS";"Condutor Dormindo";"Saída de leito carroçável";"Com Vítimas Feridas";"Plena Noite";"Decrescente";"Nublado";"Múltipla";"Reta";"Sim";1;0;1;0;0;0;1;1;-22,71853604;-43,28993324;"SPRF-RJ";"DEL01-RJ";"UOP01-DEL01-RJ"
222932;2019-07-19;"sexta-feira";"02:50:00";"PB";361;7,3;"PATOS";"Animais na Pista";"Atropelamento de Animal";"Com Vítimas Feridas";"Plena Noite";"Decrescente";"Céu Claro";"Simples";"Reta";"Não";1;0;1;0;0;0;1;1;-7,03750454;-37,3199449;"SPRF-PB";"DEL03-PB";"UOP01-DEL03-PB"
222934;2019-07-19;"sexta-feira";"03:10:00";"MG";381;429,9;"CAETE";"Falta de Atenção à Condução";"Saída de leito carroçável";"Sem Vítimas";"Plena Noite";"Decrescente";"Vento";"Simples";"Curva";"Não";1;0;0;0;0;1;0;1;-19,78663743;-43,71433695;"SPRF-MG";"DEL01-MG";"UOP01-DEL01-MG"
222935;2019-07-19;"sexta-feira";"05:20:00";"GO";153;505,5;"APARECIDA DE GOIANIA";"Falta de Atenção à Condução";"Queda de ocupante de veículo";"Com Vítimas Feridas";"Amanhecer";"Decrescente";"Céu Claro";"Dupla";"Reta";"Sim";2;0;0;1;1;0;1;2;-16,7537;-49,2411;"SPRF-GO";"DEL01-GO";"UOP01-DEL01-GO"
222936;2019-07-19;"sexta-feira";"05:15:00";"RS";116;295,1;"GUAIBA";"Ingestão de Álcool";"Saída de leito carroçável";"Sem Vítimas";"Plena Noite";"Decrescente";"Nublado";"Dupla";"Reta";"Não";1;0;0;0;1;0;0;1;-30,07969402;-51,34154882;"SPRF-RS";"DEL02-RS";"UOP01-DEL02-RS"
222937;2019-07-18;"quinta-feira";"18:20:00";"SC";101;212,2;"PALHOCA";"Falta de Atenção à Condução";"Colisão traseira";"Com Vítimas Feridas";"Plena Noite";"Crescente";"Nublado";"Simples";"Reta";"Sim";4;0;1;0;1;2;1;3;-27,62996929;-48,65903871;"SPRF-SC";"DEL01-SC";"UOP02-DEL01-SC"
222938;2019-07-19;"sexta-feira";"05:00:00";"GO";40;2,8;"VALPARAISO DE GOIAS";"Falta de Atenção à Condução";"Colisão traseira";"Com Vítimas Feridas";"Plena Noite";"Crescente";"Céu Claro";"Simples";"Reta";"Sim";2;0;1;0;1;0;1;2;-16,067129;-47,984235;"SPRF-DF";"DEL01-DF";"UOP01-DEL01-DF"
222939;2019-07-19;"sexta-feira";"05:15:00";"PB";230;157,2;"CAMPINA GRANDE";"Desobediência às normas de trânsito pelo condutor";"Colisão transversal";"Com Vítimas Feridas";"Amanhecer";"Decrescente";"Garoa/Chuvisco";"Simples";"Interseção de Vias";"Sim";1;0;1;0;0;0;1;1;-7,264;-35,9199;"SPRF-PB";"DEL02-PB";"UOP01-DEL02-PB"