"id";"data_inversa";"dia_semana";"horario";"uf";"br";"km";"municipio";"causa_acidente";"tipo_acidente";"classificacao_acidente";"fase_dia";"sentido_via";"condicao_metereologica";"tipo_pista";"tracado_via";"uso_solo";"pessoas";"mortos";"feridos_leves";"feridos_graves";"ilesos";"ignorados";"feridos";"veiculos";"latitude";"longitude";"regional";"delegacia";"uop"
223060;2019-07-19;"sexta-feira";"16:30:00";"PE";101;63;"RECIFE";"Ultrapassagem Indevida";"Colisão lateral";"Com Vítimas Feridas";"Pleno dia";"Decrescente";"Céu Claro";"Dupla";"Retorno Regulamentado;Curva";"Sim";2;0;1;0;1;0;1;2;-8,00800604;-34,93756535;"SPRF-PE";"DEL01-PE";"UOP01-DEL01-PE"
223061;2019-07-19;"sexta-feira";"16:30:00";"SC";280;50,2;"GUARAMIRIM";"Falta de Atenção à Condução";"Colisão transversal";"Com Vítimas Feridas";"Pleno dia";"Decrescente";"Céu Claro";"Simples";"Reta";"Não";3;0;1;0;2;0;1;2;-26,4619489;-48,94618404;"SPRF-SC";"DEL03-SC";"UOP03-DEL03-SC"
223062;2019-07-19;"sexta-feira";"16:20:00";"PE";101;77,7;"RECIFE";"Falta de Atenção do Pedestre";"Atropelamento de Pedestre";"Com Vítimas Feridas";"Pleno dia";"Crescente";"Sol";"Dupla";"Reta";"Sim";2;0;0;1;1;0;1;2;-8,126982;-34,94386;"SPRF-PE";"DEL01-PE";"UOP01-DEL01-PE"
223065;2019-07-19;"sexta-feira";"13:40:00";"MG";262;872,1;"CAMPO FLORIDO";"Condutor Dormindo";"Saída de leito carroçável";"Com Vítimas Feridas";"Pleno dia";"Crescente";"Sol";"Dupla";"Reta";"Não";1;0;0;1;0;0;1;1;-19,78186132;-48,53534315;"SPRF-MG";"DEL13-MG";"UOP01-DEL13-MG"
223066;2019-07-19;"sexta-feira";"17:10:00";"MG";381;479;"CONTAGEM";"Falta de Atenção à Condução";"Colisão traseira";"Com Vítimas Feridas";"Pleno dia";"Decrescente";"Céu Claro";"Dupla";"Reta";"Sim";3;0;2;0;1;0;2;2;-19,96407168;-44,04260256;"SPRF-MG";"DEL01-MG";"UOP03-DEL01-MG"
223073;2019-07-19;"sexta-feira";"17:20:00";"GO";40;10,1;"LUZIANIA";"Desobediência às normas de trânsito pelo condutor";"Colisão lateral";"Sem Vítimas";"Pleno dia";"Decrescente";"Céu Claro";"Dupla";"Reta";"Não";3;0;0;0;2;1;0;2;-16,131285;-47,957923;"SPRF-DF";"DEL01-DF";"UOP01-DEL01-DF"
223074;2019-07-19;"sexta-feira";"09:00:00";"MT";174;179,9;"PORTO ESPERIDIAO";"Velocidade Incompatível";"Colisão frontal";"Com Vítimas Fatais";"Pleno dia";"Decrescente";"Céu Claro";"Simples";"Reta;Declive";"Não";5;2;1;1;1;0;2;2;-15,83684193;-58,54978296;"SPRF-MT";"DEL03-MT";"UOP01-DEL03-MT"
223075;2019-07-19;"sexta-feira";"17:45:00";"DF";70;5;"BRASILIA";"Ingestão de Álcool";"Atropelamento de Pedestre";"Com Vítimas Feridas";"Anoitecer";"Decrescente";"Céu Claro";"Dupla";"Reta";"Sim";2;0;0;1;1;0;1;2;-15,794656;-48,096779;"SPRF-DF";"DEL01-DF";"UOP02-DEL03-DF"
223076;2019-07-19;"sexta-feira";"17:15:00";"BA";324;612;"SALVADOR";"Não guardar distância de segurança";"Engavetamento";"Com Vítimas Feridas";"Anoitecer";"Crescente";"Chuva";"Dupla";"Reta";"Sim";3;0;1;0;2;0;1;3;-12,84664721;-38,41741648;"SPRF-BA";"DEL01-BA";"UOP01-DEL01-BA"
223077;2019-07-19;"sexta-feira";"18:00:00";"SC";470;66;"INDAIAL";"Falta de Atenção do Pedestre";"Atropelamento de Pedestre";"Com Vítimas Feridas";"Anoitecer";"Crescente";"Nublado";"Simples";"Reta";"Sim";2;0;1;0;1;0;1;2;-26,870407;-49,221844;"SPRF-SC";"DEL04-SC";"UOP01-DEL04-SC"
223078;2019-07-19;"sexta-feira";"18:10:00";"RN";101;105;"PARNAMIRIM";"Falta de Atenção à Condução";"Engavetamento";"Sem Vítimas";"Plena Noite";"Crescente";"Chuva";"Dupla";"Reta";"Sim";3;0;0;0;3;0;0;3;-5,90165196;-35,25928517;"SPRF-RN";"DEL01-RN";"UOP01-DEL01-RN"
223079;2019-07-19;"sexta-feira";"17:00:00";"PE";232;54,3;"POMBOS";"Falta de Atenção à Condução";"Colisão transversal";"Com Vítimas Feridas";"Anoitecer";"Crescente";"Chuva";"Dupla";"Reta";"Não";2;0;1;0;1;0;1;2;-8,12919504;-35,35716398;"SPRF-PE";"DEL01-PE";"UOP02-DEL02PE"
223082;2019-07-19;"sexta-feira";"17:30:00";"ES";101;222;"IBIRACU";"Falta de Atenção à Condução";"Queda de ocupante de veículo";"Com Vítimas Feridas";"Anoitecer";"Crescente";"Nublado";"Simples";"Reta";"Não";3;0;2;0;0;1;2;2;-19,86967622;-40,40915873;"SPRF-ES";"DEL02-ES";"UOP01-DEL02-ES"
223088;2019-07-19;"sexta-feira";"18:30:00";"SP";116;148,1;"SAO JOSE DOS CAMPOS";"Falta de Atenção do Pedestre";"Atropelamento de Pedestre";"Com Vítimas Feridas";"Pleno dia";"Decrescente";"Céu Claro";"Múltipla";"Reta";"Sim";3;0;0;1;2;0;1;2;-23,20067421;-45,8795018;"SPRF-SP";"DEL02-SP";"UOP01-DEL02-SP"
223089;2019-07-19;"sexta-feira";"17:10:00";"PB";101;122;"CAAPORA";"Pista Escorregadia";"Capotamento";"Com Vítimas Feridas";"Anoitecer";"Crescente";"Chuva";"Dupla";"Curva";"Não";2;0;2;0;0;0;2;1;-7,45038197;-34,97994215;"SPRF-PB";"DEL01-PB";"UOP01-DEL01-PB"
223091;2019-07-19;"sexta-feira";"18:20:00";"MG";40;532,5;"BELO HORIZONTE";"Falta de Atenção à Condução";"Colisão traseira";"Com Vítimas Feridas";"Plena Noite";"Decrescente";"Céu Claro";"Dupla";"Reta";"Sim";3;0;3;0;0;0;3;2;-19,92372561;-44,01700789;"SPRF-MG";"DEL01-MG";"UOP02-DEL01-MG"
223093;2019-07-19;"sexta-feira";"20:15:00";"PR";116;114,6;"CURITIBA";"Falta de Atenção à Condução";"Colisão lateral";"Com Vítimas Feridas";"Plena Noite";"Crescente";"Nublado";"Dupla";"Reta";"Não";3;0;0;1;0;2;1;3;-25,54563773;-49,29621957;"SPRF-PR";"DEL01-PR";"UOP06-DEL01-PR"
223094;2019-07-19;"sexta-feira";"18:56:00";"GO";40;13,4;"LUZIANIA";"Defeito Mecânico no Veículo";"Queda de ocupante de veículo";"Com Vítimas Feridas";"Plena Noite";"Crescente";"Céu Claro";"Dupla";"Reta";"Sim";2;0;2;0;0;0;2;1;-16,151832;-47,939162;"SPRF-DF";"DEL01-DF";"UOP01-DEL01-DF"
223095;2019-07-19;"sexta-feira";"19:00:00";"SC";101;206;"SAO JOSE";"Desobediência às normas de trânsito pelo condutor";"Colisão lateral";"Com Vítimas Feridas";"Plena Noite";"Decrescente";"Céu Claro";"Dupla";"Reta";"Sim";3;0;2;0;1;0;2;2;-27,59193546;-48,61824557;"SPRF-SC";"DEL01-SC";"UOP01-DEL01-SC"
223097;2019-07-19;"sexta-feira";"18:30:00";"SP";116;147,4;"SAO JOSE DOS CAMPOS";"Desobediência às normas de trânsito pelo condutor";"Colisão lateral";"Com Vítimas Feridas";"Plena Noite";"Decrescente";"Céu Claro";"Múltipla";"Reta";"Sim";3;0;2;0;0;1;2;2;-23,19542994;-45,87176303;"SPRF-SP";"DEL02-SP";"UOP01-DEL02-SP"
223098;2019-07-07;"domingo";"13:00:00";"MG";381;515;"IGARAPE";"Falta de Atenção à Condução";"Queda de ocupante de veículo";"Com Vítimas Feridas";"Pleno dia";"Decrescente";"Céu Claro";"Dupla";"Curva";"Não";1;0;1;0;0;0;1;1;-20,11094229;-44,32385296;"SPRF-MG";"DEL01-MG";"UOP03-DEL01-MG"
223102;2019-07-19;"sexta-feira";"18:55:00";"SP";153;92;"JACI";"Defeito Mecânico no Veículo";"Saída de leito carroçável";"Com Vítimas Feridas";"Plena Noite";"Crescente";"Céu Claro";"Simples";"Reta";"Não";3;0;3;0;0;0;3;1;-20,964602;-49,577465;"SPRF-SP";"DEL09-SP";"UOP01-DEL09-SP"
223103;2019-07-19;"sexta-feira";"18:30:00";"MT";163;1032,5;"MATUPA";"Ingestão de Álcool";"Saída de leito carroçável";"Com Vítimas Feridas";"Anoitecer";"Decrescente";"Céu Claro";"Simples";"Reta";"Não";5;0;2;2;1;0;4;1;-10,21664438;-54,96782195;"SPRF-MT";"DEL06-MT";"UOP02-DEL06-MT"
223104;2019-07-19;"sexta-feira";"18:30:00";"MG";116;687,9;"MURIAE";"Não guardar distância de segurança";"Colisão traseira";"Com Vítimas Feridas";"Plena Noite";"Decrescente";"Nublado";"Simples";"Curva";"Não";4;0;1;0;3;0;1;2;-20,99763992;-42,36258307;"SPRF-MG";"DEL07-MG";"UOP02-DEL07-MG"
223105;2019-07-19;"sexta-feira";"19:20:00";"MG";50;29;"ARAGUARI";"Defeito Mecânico no Veículo";"Saída de leito carroçável";"Sem Vítimas";"Plena Noite";"Decrescente";"Céu Claro";"Dupla";"Curva";"Sim";1;0;0;0;1;0;0;1;-18,62034416;-48,11087208;"SPRF-MG";"DEL15-MG";"UOP02-DEL15-MG"
223106;2019-07-19;"sexta-feira";"16:13:00";"MG";116;416;"GOVERNADOR VALADARES";"Falta de Atenção à Condução";"Colisão traseira";"Com Vítimas Feridas";"Pleno dia";"Decrescente";"Nublado";"Simples";"Reta";"Sim";3;0;0;1;2;0;1;2;-18,89215187;-41,94699543;"SPRF-MG";"DEL06-MG";"UOP01-DEL06-MG"
223107;2019-07-19;"sexta-feira";"19:15:00";"SE";101;37,6;"JAPARATUBA";"Sinalização da via insuficiente ou inadequada";"Saída de leito carroçável";"Com Vítimas Feridas";"Plena Noite";"Crescente";"Nublado";"Simples";"Reta";"Não";1;0;1;0;0;0;1;1;-10,50122699;-36,94528014;"SPRF-SE";"DEL02-SE";"UOP02-DEL02-SE"
223108;2019-07-19;"sexta-feira";"19:50:00";"ES";101;294;"CARIACICA";"Defeito na Via";"Colisão frontal";"Com Vítimas Feridas";"Plena Noite";"Decrescente";"Nublado";"Múltipla";"Interseção de Vias;Curva;Declive";"Sim";2;0;0;1;1;0;1;2;-20,32415948;-40,3952903;"SPRF-ES";"DEL01-ES";"UOP01-DEL01-ES"
223112;2019-07-19;"sexta-feira";"18:35:00";"MG";116;269,1;"TEOFILO OTONI";"Não guardar distância de segurança";"Colisão traseira";"Com Vítimas Feridas";"Plena Noite";"Decrescente";"Garoa/Chuvisco";"Simples";"Aclive;Curva";"Não";2;0;1;0;1;0;1;2;-17,79508603;-41,50201207;"SPRF-MG";"DEL11-MG";"UOP01-DEL11-MG"
223114;2019-07-19;"sexta-feira";"18:25:00";"RJ";116;180;"NOVA IGUACU";"Falta de Atenção à Condução";"Colisão lateral";"Com Vítimas Feridas";"Plena Noite";"Decrescente";"Céu Claro";"Dupla";"Reta";"Sim";3;0;2;0;1;0;2;2;-22,7651616;-43,4154728;"SPRF-RJ";"DEL01-RJ";"UOP02-DEL01-RJ"
223115;2019-07-19;"sexta-feira";"20:00:00";"RS";158;361,2;"SANTA MARIA";"Ultrapassagem Indevida";"Saída de leito carroçável";"Com Vítimas Feridas";"Plena Noite";"Crescente";"Céu Claro";"Simples";"Curva";"Não";2;0;2;0;0;0;2;1;-29,78681997;-54,11615403;"SPRF-RS";"DEL09-RS";"UOP01-DEL09-RS"
223118;2019-07-19;"sexta-feira";"08:30:00";"MA";316;466;"CODO";"Falta de Atenção do Pedestre";"Colisão com objeto em movimento";"Com Vítimas Fatais";"Pleno dia";"Crescente";"Céu Claro";"Simples";"Reta";"Não";2;1;1;0;0;0;1;2;-4,545728;-44,010399;"SPRF-MA";"DEL03-MA";"UOP01-DEL03-MA"
223121;2019-07-19;"sexta-feira";"18:00:00";"BA";116;16;"VITORIA DA CONQUISTA";"Falta de Atenção à Condução";"Colisão transversal";"Sem Vítimas";"Plena Noite";"Crescente";"Garoa/Chuvisco";"Simples";"Interseção de Vias;Reta";"Sim";2;0;0;0;1;1;0;2;-14,851;-40,8485;"SPRF-BA";"DEL08-BA";"UOP01-DEL08-BA"
223122;2019-07-19;"sexta-feira";"20:30:00";"RN";304;37;"MOSSORO";"Falta de Atenção à Condução";"Colisão traseira";"Com Vítimas Feridas";"Plena Noite";"Crescente";"Céu Claro";"Dupla";"Interseção de Vias;Reta";"Sim";3;0;2;0;0;1;2;2;-5,17455933;-37,36227171;"SPRF-RN";"DEL04-RN";"UOP02-DEL04-RN"
223123;2019-07-19;"sexta-feira";"20:10:00";"RJ";493;25;"MAGE";"Falta de Atenção à Condução";"Colisão traseira";"Com Vítimas Feridas";"Plena Noite";"Crescente";"Céu Claro";"Simples";"Reta";"Não";2;0;1;0;1;0;1;2;-22,65788388;-43,079654;"SPRF-RJ";"DEL04-RJ";"UOP02-DEL04-RJ"
223124;2019-07-19;"sexta-feira";"19:55:00";"SC";101;134,3;"BALNEARIO CAMBORIU";"Falta de Atenção à Condução";"Colisão lateral";"Com Vítimas Feridas";"Plena Noite";"Crescente";"Nublado";"Dupla";"Reta";"Sim";2;0;1;0;1;0;1;2;-27,00218;-48,636433;"SPRF-SC";"DEL04-SC";"UOP03-DEL04-SC"
223125;2019-07-19;"sexta-feira";"19:45:00";"RJ";493;18;"GUAPIMIRIM";"Falta de Atenção à Condução";"Queda de ocupante de veículo";"Com Vítimas Feridas";"Plena Noite";"Decrescente";"Céu Claro";"Simples";"Reta";"Sim";1;0;1;0;0;0;1;1;-22,6687122;-43,01862696;"SPRF-RJ";"DEL04-RJ";"UOP02-DEL04-RJ"
223127;2019-07-19;"sexta-feira";"19:00:00";"MG";365;689;"MONTE ALEGRE DE MINAS";"Falta de Atenção do Pedestre";"Atropelamento de Pedestre";"Com Vítimas Feridas";"Plena Noite";"Decrescente";"Céu Claro";"Dupla";"Reta";"Não";3;0;1;0;2;0;1;2;-18,87617045;-48,89351998;"SPRF-MG";"DEL15-MG";"UOP03-DEL15-MG"
223128;2019-07-19;"sexta-feira";"18:40:00";"AM";174;939,6;"MANAUS";"Falta de Atenção à Condução";"Saída de leito carroçável";"Com Vítimas Feridas";"Plena Noite";"Decrescente";"Céu Claro";"Simples";"Reta;Declive";"Não";3;0;2;0;1;0;2;2;-2,49599994;-60,0348663;"SPRF-AM";"DEL01-AM";"UOP01-DEL01-AM"
223130;2019-07-19;"sexta-feira";"19:00:00";"MT";174;290;"PONTES E LACERDA";"Falta de Atenção à Condução";"Colisão transversal";"Com Vítimas Feridas";"Pleno dia";"Decrescente";"Céu Claro";"Simples";"Reta";"Não";2;0;1;0;1;0;1;2;-15,2399887;-59,31524992;"SPRF-MT";"DEL04-MT";"UOP01-DEL04-MT"
223132;2019-07-19;"sexta-feira";"21:00:00";"AP";210;5;"MACAPA";"Falta de Atenção do Pedestre";"Atropelamento de Pedestre";"Com Vítimas Feridas";"Plena Noite";"Decrescente";"Nublado";"Dupla";"Reta";"Sim";2;0;1;0;1;0;1;2;0,09055062;-51,10349413;"SPRF-AP";"DEL01-AP";"UOP01-DEL01-AP"
223134;2019-07-19;"sexta-feira";"20:30:00";"CE";116;3;"FORTALEZA";"Fenômenos da Natureza";"Colisão com objeto em movimento";"Sem Vítimas";"Plena Noite";"Decrescente";"Céu Claro";"Dupla";"Em Obras";"Sim";2;0;0;0;1;1;0;2;-3,77866493;-38,51490171;"SPRF-CE";"DEL01-CE";"UOP02-DEL01-CE"
223135;2019-07-19;"sexta-feira";"21:20:00";"RS";448;22,1;"PORTO ALEGRE";"Velocidade Incompatível";"Tombamento";"Com Vítimas Feridas";"Plena Noite";"Crescente";"Nublado";"Dupla";"Curva";"Não";2;0;1;1;0;0;2;1;-29,97336923;-51,19942904;"SPRF-RS";"DEL01-RS";"UOP01-DEL01-RS"
223136;2019-05-10;"sexta-feira";"19:00:00";"BA";407;180;"PONTO NOVO";"Defeito Mecânico no Veículo";"Colisão traseira";"Com Vítimas Feridas";"Plena Noite";"Crescente";"Nublado";"Simples";"Reta";"Não";2;0;0;1;1;0;1;2;-10,92905202;-40,10645821;"SPRF-BA";"DEL04-BA";"UOP02-DEL04-BA"
223137;2019-07-19;"sexta-feira";"17:30:00";"MS";163;664;"RIO VERDE DE MATO GROSSO";"Desobediência às normas de trânsito pelo condutor";"Colisão com objeto estático";"Sem Vítimas";"Plena Noite";"Decrescente";"Céu Claro";"Simples";"Declive;Reta";"Não";5;0;0;0;5;0;0;2;-19,08065372;-54,78731632;"SPRF-MS";"DEL06-MS";"UOP02-DEL06-MS"
223139;2019-07-19;"sexta-feira";"17:15:00";"MG";262;403;"PARA DE MINAS";"Velocidade Incompatível";"Engavetamento";"Com Vítimas Feridas";"Pleno dia";"Crescente";"Céu Claro";"Dupla";"Reta";"Não";4;0;1;0;2;1;1;4;-19,89468798;-44,57131499;"SPRF-MG";"DEL08-MG";"UOP03-DEL08-MG"
223141;2019-07-19;"sexta-feira";"19:10:00";"AC";364;108;"RIO BRANCO";"Restrição de Visibilidade";"Atropelamento de Animal";"Com Vítimas Feridas";"Plena Noite";"Crescente";"Céu Claro";"Dupla";"Reta";"Não";2;0;2;0;0;0;2;1;-10,02113175;-67,64916981;"SPRF-AC";"DEL01-AC";"UOP01-DEL01-AC"
223142;2019-07-19;"sexta-feira";"20:45:00";"PR";277;119;"CAMPO LARGO";"Falta de Atenção à Condução";"Colisão traseira";"Com Vítimas Feridas";"Plena Noite";"Crescente";"Céu Claro";"Dupla";"Reta";"Sim";4;0;1;0;3;0;1;2;-25,43950786;-49,55382496;"SPRF-PR";"DEL01-PR";"UOP06-DEL01-PR"
223143;2019-07-19;"sexta-feira";"19:50:00";"SC";101;120,8;"ITAJAI";"Desobediência às normas de trânsito pelo condutor";"Colisão lateral";"Com Vítimas Feridas";"Plena Noite";"Crescente";"Céu Claro";"Dupla";"Reta";"Sim";2;0;1;0;1;0;1;2;-26,912758;-48,711998;"SPRF-SC";"DEL04-SC";"UOP04-DEL04-SC"
223145;2019-07-19;"sexta-feira";"22:05:00";"PR";476;153,5;"ARAUCARIA";"Falta de Atenção à Condução";"Atropelamento de Pedestre";"Com Vítimas Feridas";"Plena Noite";"Crescente";"Céu Claro";"Dupla";"Reta";"Sim";2;0;0;1;1;0;1;2;-25,577307;-49,392338;"SPRF-PR";"DEL01-PR";"UOP06-DEL01-PR"
223146;2019-07-19;"sexta-feira";"22:30:00";"CE";20;408;"CAUCAIA";"Ingestão de Álcool";"Colisão transversal";"Com Vítimas Feridas";"Plena Noite";"Crescente";"Nublado";"Dupla";"Declive;Interseção de Vias";"Sim";2;0;0;1;1;0;1;2;-3,78402323;-38,65628753;"SPRF-CE";"DEL01-CE";"UOP01-DEL01-CE"
223147;2019-07-19;"sexta-feira";"17:00:00";"MG";381;618,9;"OLIVEIRA";"Falta de Atenção à Condução";"Colisão traseira";"Com Vítimas Feridas";"Pleno dia";"Decrescente";"Céu Claro";"Dupla";"Reta";"Não";3;0;2;0;1;0;2;2;-20,76895697;-44,78171707;"SPRF-MG";"DEL04-MG";"UOP01-DEL04-MG"
223150;2019-07-19;"sexta-feira";"22:50:00";"GO";40;147;"CRISTALINA";"Condutor Dormindo";"Saída de leito carroçável";"Com Vítimas Feridas";"Plena Noite";"Crescente";"Céu Claro";"Simples";"Reta";"Não";1;0;1;0;0;0;1;1;-17,002914;-47,227514;"SPRF-DF";"DEL01-DF";"UOP02-DEL01-DF"
223152;2019-07-19;"sexta-feira";"20:27:00";"RO";429;156,5;"SAO MIGUEL DO GUAPORE";"Defeito na Via";"Tombamento";"Com Vítimas Feridas";"Plena Noite";"Crescente";"Céu Claro";"Simples";"Reta";"Não";2;0;0;1;1;0;1;1;-11,71037389;-62,68764797;"SPRF-RO";"DEL02-RO";"UOP03-DEL02-RO"
223153;2019-07-19;"sexta-feira";"23:20:00";"PE";101;41,5;"IGARASSU";"Ingestão de Álcool";"Atropelamento de Animal";"Com Vítimas Feridas";"Pleno dia";"Decrescente";"Chuva";"Dupla";"Declive";"Sim";2;0;0;1;1;0;1;2;-7,83038346;-34,91426785;"SPRF-PE";"DEL01-PE";"UOP02-DEL01-PE"
223155;2019-07-19;"sexta-feira";"23:00:00";"DF";60;8;"BRASILIA";"Falta de Atenção do Pedestre";"Atropelamento de Pedestre";"Com Vítimas Feridas";"Plena Noite";"Crescente";"Céu Claro";"Dupla";"Reta";"Não";2;0;1;1;0;0;2;2;-15,90324;-48,130695;"SPRF-DF";"DEL01-DF";"UOP01-DEL03-DF"
223156;2019-07-19;"sexta-feira";"21:40:00";"SC";470;173,5;"POUSO REDONDO";"Desobediência às normas de trânsito pelo condutor";"Colisão transversal";"Com Vítimas Feridas";"Plena Noite";"Crescente";"Nevoeiro/Neblina";"Simples";"Reta";"Sim";2;0;1;0;1;0;1;2;-27,25984;-49,919285;"SPRF-SC";"DEL04-SC";"UOP02-DEL04-SC"
223157;2019-07-19;"sexta-feira";"23:30:00";"RJ";101;73;"CAMPOS DOS GOYTACAZES";"Desobediência às normas de trânsito pelo condutor";"Colisão frontal";"Com Vítimas Feridas";"Plena Noite";"Decrescente";"Nublado";"Simples";"Reta";"Não";1;0;0;1;0;0;1;1;-21,798874;-41,393955;"SPRF-RJ";"DEL08-RJ";"UOP02-DEL08-RJ"
223158;2019-07-20;"sábado";"00:10:00";"PR";376;4;"APUCARANA";"Falta de Atenção à Condução";"Colisão com objeto estático";"Com Vítimas Feridas";"Plena Noite";"Decrescente";"Céu Claro";"Dupla";"Reta";"Sim";3;0;2;1;0;0;3;1;-23,5513;-51,461266;"SPRF-PR";"DEL07-PR";"UOP03-DEL07-PR"
223160;2019-07-19;"sexta-feira";"23:50:00";"SC";101;41,5;"JOINVILLE";"Falta de Atenção à Condução";"Colisão lateral";"Com Vítimas Feridas";"Plena Noite";"Decrescente";"Nublado";"Dupla";"Reta";"Sim";2;0;1;0;1;0;1;2;-26,28215489;-48,88973081;"SPRF-SC";"DEL03-SC";"UOP01-DEL03-SC"
223161;2019-07-19;"sexta-feira";"23:50:00";"CE";116;3;"FORTALEZA";"Desobediência às normas de trânsito pelo condutor";"Colisão frontal";"Com Vítimas Feridas";"Plena Noite";"Crescente";"Chuva";"Dupla";"Curva;Viaduto";"Sim";2;0;1;0;1;0;1;2;-3,77866493;-38,51490171;"SPRF-CE";"DEL01-CE";"UOP02-DEL01-CE"
223162;2019-07-20;"sábado";"00:00:00";"SC";101;132;"BALNEARIO CAMBORIU";"Desobediência às normas de trânsito pelo condutor";"Colisão com objeto em movimento";"Com Vítimas Feridas";"Plena Noite";"Decrescente";"Céu Claro";"Simples";"Reta";"Sim";1;0;1;0;0;0;1;1;-26,99654133;-48,65564711;"SPRF-SC";"DEL04-SC";"UOP03-DEL04-SC"
223163;2019-07-19;"sexta-feira";"23:40:00";"PR";376;176;"MARINGA";"Falta de Atenção à Condução";"Colisão traseira";"Sem Vítimas";"Plena Noite";"Decrescente";"Céu Claro";"Dupla";"Reta";"Sim";2;0;0;0;2;0;0;2;-23,41105517;-51,93995833;"SPRF-PR";"DEL07-PR";"UOP01-DEL09-PR"
223164;2019-07-19;"sexta-feira";"23:40:00";"RS";392;40,9;"RIO GRANDE";"Falta de Atenção à Condução";"Saída de leito carroçável";"Com Vítimas Feridas";"Plena Noite";"Crescente";"Céu Claro";"Dupla";"Reta";"Sim";1;0;0;1;0;0;1;1;-31,96338187;-52,30321871;"SPRF-RS";"DEL07-RS";"UOP02-DEL07-RS"
223165;2019-07-20;"sábado";"00:50:00";"PR";376;173,1;"MARINGA";"Não guardar distância de segurança";"Queda de ocupante de veículo";"Com Vítimas Feridas";"Plena Noite";"Crescente";"Céu Claro";"Dupla";"Reta";"Sim";1;0;1;0;0;0;1;1;-23,41924647;-51,96788013;"SPRF-PR";"DEL07-PR";"UOP01-DEL09-PR"
223166;2019-07-19;"sexta-feira";"22:55:00";"MG";40;356,6;"FELIXLANDIA";"Desobediência às normas de trânsito pelo condutor";"Saída de leito carroçável";"Com Vítimas Feridas";"Plena Noite";"Decrescente";"Céu Claro";"Simples";"Curva";"Não";3;0;0;1;1;1;1;3;-18,73128011;-44,87431169;"SPRF-MG";"DEL02-MG";"UOP01-DEL02-MG"
223167;2019-07-20;"sábado";"00:45:00";"SP";116;327,8;"JUQUITIBA";"Pista Escorregadia";"Tombamento";"Com Vítimas Feridas";"Plena Noite";"Decrescente";"Nublado";"Dupla";"Curva";"Não";2;0;1;0;1;0;1;2;-23,93596456;-47,07098892;"SPRF-SP";"DEL04-SP";"UOP03-DEL04-SP"
223168;2019-07-20;"sábado";"00:48:00";"SP";116;327,8;"JUQUITIBA";"Pista Escorregadia";"Tombamento";"Com Vítimas Feridas";"Plena Noite";"Decrescente";"Nublado";"Dupla";"Curva";"Não";2;0;1;0;1;0;1;1;-23,93596456;-47,07098892;"SPRF-SP";"DEL04-SP";"UOP03-DEL04-SP"
223169;2019-07-20;"sábado";"00:50:00";"PR";476;277,5;"SAO MATEUS DO SUL";"Ingestão de álcool e/ou substâncias psicoativas pelo pedestre";"Saída de leito carroçável";"Com Vítimas Feridas";"Plena Noite";"Decrescente";"Céu Claro";"Simples";"Reta";"Sim";1;0;1;0;0;0;1;1;-25,875048;-50,390919;"SPRF-PR";"DEL02-PR";"UOP04-DEL02-PR"
223170;2019-07-20;"sábado";"01:15:00";"ES";101;296;"CARIACICA";"Falta de Atenção à Condução";"Colisão traseira";"Com Vítimas Feridas";"Plena Noite";"Crescente";"Chuva";"Dupla";"Reta";"Sim";2;0;1;0;1;0;1;2;-20,34029997;-40,40405712;"SPRF-ES";"DEL01-ES";"UOP01-DEL01-ES"
223172;2019-07-20;"sábado";"02:00:00";"TO";153;415,8;"MIRANORTE";"Desobediência às normas de trânsito pelo condutor";"Colisão frontal";"Com Vítimas Fatais";"Plena Noite";"Decrescente";"Céu Claro";"Dupla";"Declive";"Sim";2;1;0;0;0;1;0;2;-9,54744869;-48,59801428;"SPRF-TO";"DEL02-TO";"UOP01-DEL01-TO"
223175;2019-07-20;"sábado";"00:35:00";"RJ";356;78;"ITALVA";"Falta de Atenção à Condução";"Saída de leito carroçável";"Com Vítimas Fatais";"Plena Noite";"Decrescente";"Nevoeiro/Neblina";"Simples";"Curva";"Sim";2;1;1;0;0;0;1;1;-21,43975905;-41,67832968;"SPRF-RJ";"DEL08-RJ";"UOP03-DEL08-RJ"
223176;2019-07-19;"sexta-feira";"19:40:00";"SC";101;305;"LAGUNA";"Falta de Atenção do Pedestre";"Atropelamento de Pedestre";"Com Vítimas Fatais";"Plena Noite";"Decrescente";"Nublado";"Dupla";"Reta";"Não";2;1;1;0;0;0;1;2;-28,37674574;-48,76400229;"SPRF-SC";"DEL02-SC";"UOP03-DEL02-SC"
223177;2019-07-19;"sexta-feira";"20:15:00";"AC";317;150,5;"CAPIXABA";"Velocidade Incompatível";"Saída de leito carroçável";"Com Vítimas Feridas";"Plena Noite";"Decrescente";"Nublado";"Simples";"Curva";"Não";4;0;2;2;0;0;4;1;-10,59168816;-67,70585888;"SPRF-AC";"DEL01-AC";"UOP02-DEL01-AC"
223178;2019-07-20;"sábado";"02:10:00";"PR";277;99,9;"CURITIBA";"Ingestão de Álcool";"Colisão traseira";"Com Vítimas Feridas";"Plena Noite";"Crescente";"Céu Claro";"Dupla";"Reta";"Não";5;0;3;0;2;0;3;2;-25,43201633;-49,36681867;"SPRF-PR";"DEL01-PR";"UOP06-DEL01-PR"
223179;2019-07-20;"sábado";"02:05:00";"SC";101;134;"BALNEARIO CAMBORIU";"Ingestão de Álcool";"Saída de leito carroçável";"Com Vítimas Feridas";"Plena Noite";"Decrescente";"Céu Claro";"Simples";"Reta";"Sim";2;0;0;1;1;0;1;1;-27,00218;-48,636433;"SPRF-SC";"DEL04-SC";"UOP03-DEL04-SC"