"id";"data_inversa";"dia_semana";"horario";"uf";"br";"km";"municipio";"causa_acidente";"tipo_acidente";"classificacao_acidente";"fase_dia";"sentido_via";"condicao_metereologica";"tipo_pista";"tracado_via";"uso_solo";"pessoas";"mortos";"feridos_leves";"feridos_graves";"ilesos";"ignorados";"feridos";"veiculos";"latitude";"longitude";"regional";"delegacia";"uop"
223180;2019-07-20;"sábado";"02:00:00";"PE";424;44,1;"VENTUROSA";"Ingestão de Álcool";"Atropelamento de Pedestre";"Com Vítimas Fatais";"Plena Noite";"Crescente";"Chuva";"Simples";"Reta";"Não";2;1;0;0;0;1;0;2;-8,68092302;-36,80255302;"SPRF-PE";"DEL03-PE";"UOP01-DEL03-PE"
223184;2019-07-20;"sábado";"03:40:00";"SC";101;213;"PALHOCA";"Ingestão de Álcool";"Saída de leito carroçável";"Com Vítimas Feridas";"Plena Noite";"Decrescente";"Nublado";"Simples";"Reta";"Sim";2;0;0;2;0;0;2;1;-27,63697369;-48,66514142;"SPRF-SC";"DEL01-SC";"UOP02-DEL01-SC"
223185;2019-07-20;"sábado";"03:47:00";"SC";101;163;"TIJUCAS";"Desobediência às normas de trânsito pelo condutor";"Queda de ocupante de veículo";"Com Vítimas Feridas";"Plena Noite";"Decrescente";"Céu Claro";"Simples";"Reta";"Não";1;0;1;0;0;0;1;1;-27,23461699;-48,63039809;"SPRF-SC";"DEL04-SC";"UOP03-DEL04-SC"
223186;2019-07-20;"sábado";"03:30:00";"RJ";101;306;"SAO GONCALO";"Condutor Dormindo";"Colisão traseira";"Com Vítimas Feridas";"Plena Noite";"Decrescente";"Céu Claro";"Dupla";"Reta";"Sim";2;0;1;0;1;0;1;2;-22,78913759;-43,00550909;"SPRF-RJ";"DEL02-RJ";"DEL5/2-UOP04/RJ"
223187;2019-07-20;"sábado";"04:00:00";"PR";376;175;"MARINGA";"Desobediência às normas de trânsito pelo condutor";"Colisão transversal";"Com Vítimas Feridas";"Pleno dia";"Decrescente";"Céu Claro";"Dupla";"Interseção de Vias";"Sim";3;0;2;0;1;0;2;2;-23,41583021;-51,95462465;"SPRF-PR";"DEL07-PR";"UOP01-DEL09-PR"
223188;2019-07-20;"sábado";"03:10:00";"PI";343;599;"FLORIANO";"Ingestão de Álcool";"Colisão com objeto estático";"Com Vítimas Feridas";"Plena Noite";"Decrescente";"Céu Claro";"Simples";"Rotatória";"Sim";3;0;3;0;0;0;3;1;-6,827629;-43,064651;"SPRF-PI";"DEL03-PI";"UOP01-DEL03-PI"
223189;2019-07-20;"sábado";"04:00:00";"PE";101;51;"ABREU E LIMA";"Falta de Atenção do Pedestre";"Atropelamento de Pedestre";"Com Vítimas Fatais";"Amanhecer";"Decrescente";"Chuva";"Dupla";"Reta";"Sim";2;1;0;0;0;1;0;2;-7,9169968;-34,89689272;"SPRF-PE";"DEL01-PE";"UOP02-DEL01-PE"
223190;2019-07-20;"sábado";"04:30:00";"CE";222;8;"CAUCAIA";"Desobediência às normas de trânsito pelo condutor";"Tombamento";"Com Vítimas Fatais";"Plena Noite";"Crescente";"Nublado";"Dupla";"Reta";"Sim";1;1;0;0;0;0;0;1;-3,75363558;-38,63803121;"SPRF-CE";"DEL01-CE";"UOP01-DEL01-CE"
223191;2019-06-21;"sexta-feira";"10:30:00";"RN";226;4;"NATAL";"Falta de Atenção à Condução";"Tombamento";"Com Vítimas Feridas";"Pleno dia";"Crescente";"Sol";"Simples";"Declive";"Sim";3;0;3;0;0;0;3;2;-5,81613562;-35,24908846;"SPRF-RN";"DEL01-RN";"UOP02-DEL01-RN"
223192;2019-07-20;"sábado";"05:00:00";"GO";153;118,8;"SANTA TEREZA DE GOIAS";"Defeito na Via";"Saída de leito carroçável";"Com Vítimas Feridas";"Amanhecer";"Crescente";"Céu Claro";"Simples";"Reta";"Não";5;0;1;4;0;0;5;1;-13,8053;-49,03791;"SPRF-GO";"DEL07-GO";"UOP01-DEL07-GO"
223193;2019-07-20;"sábado";"05:00:00";"RJ";101;398;"ITAGUAI";"Ingestão de Álcool";"Colisão frontal";"Com Vítimas Feridas";"Amanhecer";"Crescente";"Céu Claro";"Dupla";"Curva;Retorno Regulamentado";"Sim";2;0;1;0;1;0;1;2;-22,86787912;-43,74862922;"SPRF-RJ";"DEL03-RJ";"UOP01-DEL03-RJ"
223195;2019-07-20;"sábado";"05:55:00";"PE";232;58,7;"POMBOS";"Desobediência às normas de trânsito pelo condutor";"Colisão lateral";"Com Vítimas Feridas";"Pleno dia";"Crescente";"Nublado";"Dupla";"Reta";"Sim";2;0;1;0;1;0;1;2;-8,14462866;-35,39034714;"SPRF-PE";"DEL01-PE";"UOP02-DEL02PE"
223196;2019-07-20;"sábado";"04:20:00";"MG";116;286,7;"TEOFILO OTONI";"Pista Escorregadia";"Saída de leito carroçável";"Com Vítimas Feridas";"Amanhecer";"Crescente";"Garoa/Chuvisco";"Simples";"Curva";"Não";4;0;0;2;2;0;2;1;-17,93577075;-41,52783055;"SPRF-MG";"DEL11-MG";"UOP01-DEL11-MG"
223197;2019-07-20;"sábado";"06:00:00";"RS";116;43;"VACARIA";"Condutor Dormindo";"Colisão lateral";"Com Vítimas Feridas";"Amanhecer";"Crescente";"Céu Claro";"Simples";"Reta";"Sim";3;0;1;1;1;0;2;2;-28,53520735;-50,96223698;"SPRF-RS";"DEL05-RS";"UOP03-DEL05-RS"
223199;2019-07-20;"sábado";"05:45:00";"RJ";101;91;"CAMPOS DOS GOYTACAZES";"Pista Escorregadia";"Saída de leito carroçável";"Com Vítimas Feridas";"Plena Noite";"Decrescente";"Chuva";"Dupla";"Curva";"Não";2;0;2;0;0;0;2;1;-21,85123688;-41,52047569;"SPRF-RJ";"DEL08-RJ";"UOP02-DEL08-RJ"
223202;2019-07-20;"sábado";"06:30:00";"MG";50;43;"ARAGUARI";"Defeito Mecânico no Veículo";"Tombamento";"Com Vítimas Feridas";"Pleno dia";"Crescente";"Céu Claro";"Dupla";"Reta";"Não";1;0;1;0;0;0;1;1;-18,69834223;-48,1855417;"SPRF-MG";"DEL15-MG";"UOP02-DEL15-MG"
223203;2019-07-20;"sábado";"07:10:00";"PR";476;153;"ARAUCARIA";"Ingestão de Álcool";"Saída de leito carroçável";"Com Vítimas Feridas";"Pleno dia";"Decrescente";"Céu Claro";"Dupla";"Reta";"Sim";1;0;1;0;0;0;1;1;-25,577307;-49,392338;"SPRF-PR";"DEL01-PR";"UOP06-DEL01-PR"
223204;2019-07-20;"sábado";"07:10:00";"RS";392;352;"SANTA MARIA";"Falta de Atenção à Condução";"Colisão traseira";"Com Vítimas Feridas";"Pleno dia";"Decrescente";"Céu Claro";"Simples";"Reta";"Sim";2;0;1;0;1;0;1;1;-29,720404;-53,807632;"SPRF-RS";"DEL09-RS";"UOP01-DEL09-RS"
223205;2019-07-20;"sábado";"05:50:00";"ES";101;269,5;"SERRA";"Desobediência às normas de trânsito pelo condutor";"Colisão transversal";"Com Vítimas Feridas";"Amanhecer";"Crescente";"Chuva";"Dupla";"Interseção de Vias";"Sim";2;0;1;1;0;0;2;2;-20,21740496;-40,26990578;"SPRF-ES";"DEL02-ES";"UOP01-DEL02-ES"
223206;2019-07-20;"sábado";"07:20:00";"RN";427;3,4;"CURRAIS NOVOS";"Falta de Atenção à Condução";"Saída de leito carroçável";"Com Vítimas Feridas";"Pleno dia";"Decrescente";"Céu Claro";"Simples";"Reta";"Não";1;0;1;0;0;0;1;1;-6,29127902;-36,52389093;"SPRF-RN";"DEL03-RN";"UOP02-DEL03-RN"
223210;2019-07-20;"sábado";"06:45:00";"RS";470;252,3;"SAO PEDRO DA SERRA";"Velocidade Incompatível";"Saída de leito carroçável";"Com Vítimas Feridas";"Amanhecer";"Decrescente";"Céu Claro";"Simples";"Curva";"Não";1;0;1;0;0;0;1;1;-29,39918562;-51,49915714;"SPRF-RS";"DEL06-RS";"UOP01-DEL06-RS"
223211;2019-07-20;"sábado";"07:45:00";"MG";116;585,9;"MANHUACU";"Falta de Atenção à Condução";"Saída de leito carroçável";"Com Vítimas Feridas";"Pleno dia";"Crescente";"Céu Claro";"Simples";"Declive";"Não";2;0;2;0;0;0;2;1;-20,23618707;-42,16556506;"SPRF-MG";"DEL06-MG";"UOP03-DEL06-MG"
223213;2019-07-20;"sábado";"08:00:00";"SP";116;158;"JACAREI";"Falta de Atenção à Condução";"Queda de ocupante de veículo";"Com Vítimas Feridas";"Pleno dia";"Crescente";"Céu Claro";"Dupla";"Reta";"Não";1;0;1;0;0;0;1;1;-23,26107583;-45,94842911;"SPRF-SP";"DEL02-SP";"UOP01-DEL02-SP"
223214;2019-07-20;"sábado";"03:40:00";"RO";364;234,8;"CACOAL";"Ingestão de Álcool";"Saída de leito carroçável";"Com Vítimas Feridas";"Plena Noite";"Decrescente";"Céu Claro";"Simples";"Reta";"Não";2;0;1;1;0;0;2;1;-11,45655595;-61,42349597;"SPRF-RO";"DEL02-RO";"UOP02-DEL02-RO"
223215;2019-07-20;"sábado";"07:00:00";"BA";324;537;"SANTO AMARO";"Desobediência às normas de trânsito pelo condutor";"Colisão lateral";"Com Vítimas Feridas";"Pleno dia";"Crescente";"Nublado";"Dupla";"Reta";"Sim";1;0;1;0;0;0;1;1;-12,36902201;-38,81384601;"SPRF-BA";"DEL01-BA";"UOP01-DEL01-BA"
223216;2019-07-20;"sábado";"05:40:00";"SC";470;242;"CURITIBANOS";"Velocidade Incompatível";"Colisão com objeto estático";"Sem Vítimas";"Plena Noite";"Decrescente";"Nublado";"Simples";"Rotatória";"Não";1;0;0;0;1;0;0;1;-27,311794;-50,498703;"SPRF-SC";"DEL05-SC";"UOP03-DEL05-SC"
223218;2019-07-20;"sábado";"08:05:00";"RJ";40;81,3;"PETROPOLIS";"Ingestão de Álcool";"Colisão traseira";"Com Vítimas Feridas";"Pleno dia";"Crescente";"Céu Claro";"Simples";"Curva";"Sim";2;0;1;0;1;0;1;2;-22,50560003;-43,23186384;"SPRF-RJ";"DEL06-RJ";"UOP01-DEL06-RJ"
223219;2019-07-20;"sábado";"07:50:00";"MG";146;515,2;"POCOS DE CALDAS";"Condutor Dormindo";"Saída de leito carroçável";"Com Vítimas Feridas";"Pleno dia";"Decrescente";"Céu Claro";"Simples";"Declive";"Não";2;0;2;0;0;0;2;1;-21,802524;-46,450071;"SPRF-MG";"DEL16-MG";"UOP01-DEL09-MG"
223220;2019-06-29;"sábado";"18:20:00";"PE";423;64,4;"CALCADO";"Ingestão de Álcool";"Colisão frontal";"Com Vítimas Fatais";"Plena Noite";"Decrescente";"Garoa/Chuvisco";"Simples";"Reta";"Não";3;1;1;0;1;0;1;2;-8,66219547;-36,34708912;"SPRF-PE";"DEL03-PE";"UOP01-DEL03-PE"
223222;2019-07-20;"sábado";"08:33:00";"DF";40;0,6;"BRASILIA";"Falta de Atenção à Condução";"Colisão lateral";"Com Vítimas Feridas";"Pleno dia";"Decrescente";"Céu Claro";"Dupla";"Reta";"Não";3;0;1;0;2;0;1;2;-15,976897;-47,990129;"SPRF-DF";"DEL01-DF";"UOP01-DEL01-DF"
223223;2019-07-20;"sábado";"07:45:00";"PB";101;42,8;"MAMANGUAPE";"Pista Escorregadia";"Saída de leito carroçável";"Com Vítimas Feridas";"Pleno dia";"Decrescente";"Chuva";"Dupla";"Declive;Reta";"Não";1;0;1;0;0;0;1;1;-6,856615;-35,13444297;"SPRF-PB";"DEL01-PB";"UOP04-DEL01-PB"
223226;2019-07-20;"sábado";"08:30:00";"SP";116;210;"GUARULHOS";"Falta de Atenção à Condução";"Capotamento";"Sem Vítimas";"Pleno dia";"Decrescente";"Céu Claro";"Dupla";"Declive";"Não";2;0;0;0;2;0;0;1;-23,42870023;-46,41085991;"SPRF-SP";"DEL01-SP";"UOP01-DEL01-SP"
223228;2019-07-20;"sábado";"08:40:00";"PR";476;141;"CURITIBA";"Desobediência às normas de trânsito pelo condutor";"Colisão traseira";"Com Vítimas Feridas";"Pleno dia";"Decrescente";"Céu Claro";"Dupla";"Reta";"Sim";3;0;2;0;1;0;2;2;-25,528614;-49,298798;"SPRF-PR";"DEL01-PR";"UOP03-DEL01-PR"
223229;2019-07-20;"sábado";"04:20:00";"BA";135;36,1;"FORMOSA DO RIO PRETO";"Condutor Dormindo";"Saída de leito carroçável";"Com Vítimas Feridas";"Plena Noite";"Crescente";"Céu Claro";"Simples";"Reta";"Não";31;0;3;0;28;0;3;1;-11,09389781;-45,12773981;"SPRF-BA";"DEL10-BA";"UOP01-DEL10-BA"
223231;2019-07-20;"sábado";"09:20:00";"DF";20;22,3;"BRASILIA";"Falta de Atenção à Condução";"Colisão lateral";"Com Vítimas Feridas";"Pleno dia";"Crescente";"Céu Claro";"Dupla";"Reta";"Sim";4;0;1;0;3;0;1;2;-15,59834;-47,676186;"SPRF-DF";"DEL02-DF";"UOP01-DEL02-DF"
223232;2019-05-18;"sábado";"03:00:00";"MG";116;474;"TARUMIRIM";"Falta de Atenção à Condução";"Saída de leito carroçável";"Com Vítimas Feridas";"Plena Noite";"Crescente";"Ignorado";"Simples";"Reta";"Não";1;0;0;1;0;0;1;1;-19,337057;-42,078765;"SPRF-MG";"DEL06-MG";"UOP02-DEL06-MG"
223234;2019-07-20;"sábado";"09:30:00";"GO";60;8,4;"SANTO ANTONIO DO DESCOBERTO";"Falta de Atenção à Condução";"Queda de ocupante de veículo";"Com Vítimas Feridas";"Pleno dia";"Decrescente";"Céu Claro";"Dupla";"Reta";"Não";1;0;1;0;0;0;1;1;-16,10991084;-48,30121994;"SPRF-DF";"DEL01-DF";"UOP01-DEL03-DF"
223235;2019-07-20;"sábado";"08:50:00";"PI";343;323;"ALTOS";"Ingestão de Álcool";"Colisão lateral";"Com Vítimas Feridas";"Pleno dia";"Crescente";"Céu Claro";"Simples";"Reta";"Não";3;0;0;3;0;0;3;2;-5,057107;-42,591373;"SPRF-PI";"DEL01-PI";"UOP01-DEL01-PI"
223239;2019-07-20;"sábado";"09:20:00";"CE";116;15;"FORTALEZA";"Ingestão de Álcool";"Queda de ocupante de veículo";"Com Vítimas Feridas";"Pleno dia";"Crescente";"Nublado";"Múltipla";"Reta";"Sim";1;0;1;0;0;0;1;1;-3,87839882;-38,50066893;"SPRF-CE";"DEL01-CE";"UOP02-DEL01-CE"
223240;2019-07-20;"sábado";"10:00:00";"GO";40;2,3;"VALPARAISO DE GOIAS";"Falta de Atenção à Condução";"Queda de ocupante de veículo";"Com Vítimas Feridas";"Pleno dia";"Crescente";"Sol";"Dupla";"Reta";"Sim";2;0;2;0;0;0;2;1;-16,067129;-47,984235;"SPRF-DF";"DEL01-DF";"UOP01-DEL01-DF"
223242;2019-07-20;"sábado";"09:20:00";"PR";369;56;"BANDEIRANTES";"Falta de Atenção à Condução";"Colisão transversal";"Com Vítimas Feridas";"Pleno dia";"Crescente";"Céu Claro";"Simples";"Interseção de Vias";"Sim";2;0;1;0;1;0;1;2;-23,12491135;-50,35808802;"SPRF-PR";"DEL07-PR";"UOP05-DEL07-PR"
223244;2019-07-20;"sábado";"10:00:00";"PR";158;535,5;"PATO BRANCO";"Desobediência às normas de trânsito pelo condutor";"Colisão transversal";"Com Vítimas Feridas";"Pleno dia";"Decrescente";"Céu Claro";"Dupla";"Rotatória;Interseção de Vias";"Sim";2;0;1;0;1;0;1;2;-26,23547098;-52,69066504;"SPRF-PR";"DEL02-PR";"UOP01-DEL02-PR"
223245;2019-07-20;"sábado";"10:15:00";"RJ";116;202;"SEROPEDICA";"Falta de Atenção do Pedestre";"Atropelamento de Pedestre";"Com Vítimas Feridas";"Pleno dia";"Crescente";"Céu Claro";"Dupla";"Reta";"Sim";2;0;1;0;1;0;1;2;-22,72996588;-43,61317403;"SPRF-RJ";"DEL01-RJ";"UOP03-DEL01-RJ"
223246;2019-07-20;"sábado";"08:30:00";"AC";364;117;"RIO BRANCO";"Falta de Atenção à Condução";"Tombamento";"Com Vítimas Feridas";"Pleno dia";"Crescente";"Céu Claro";"Dupla";"Reta";"Não";1;0;0;1;0;0;1;1;-10,012801;-67,728245;"SPRF-AC";"DEL01-AC";"UOP01-DEL01-AC"
223247;2019-07-20;"sábado";"10:30:00";"MG";365;664,2;"MONTE ALEGRE DE MINAS";"Falta de Atenção à Condução";"Saída de leito carroçável";"Com Vítimas Feridas";"Pleno dia";"Decrescente";"Céu Claro";"Dupla";"Curva";"Não";1;0;0;1;0;0;1;1;-18,8918476;-48,67960311;"SPRF-MG";"DEL15-MG";"UOP01-DEL15-MG"
223251;2019-06-14;"sexta-feira";"16:00:00";"MG";262;185;"SAO DOMINGOS DO PRATA";"Falta de Atenção à Condução";"Colisão com objeto estático";"Com Vítimas Feridas";"Pleno dia";"Decrescente";"Céu Claro";"Simples";"Interseção de Vias";"Não";1;0;1;0;0;0;1;1;-19,90156;-43,03896;"SPRF-MG";"DEL03-MG";"UOP01-DEL03-MG"
223254;2019-07-20;"sábado";"09:38:00";"RO";364;685,2;"CANDEIAS DO JAMARI";"Falta de Atenção à Condução";"Colisão transversal";"Com Vítimas Feridas";"Pleno dia";"Decrescente";"Céu Claro";"Simples";"Interseção de Vias";"Não";3;0;1;1;1;0;2;2;-8,79068984;-63,63466415;"SPRF-RO";"DEL01-RO";"UOP01-DEL01-RO"
223255;2019-07-20;"sábado";"11:50:00";"PE";232;131,4;"CARUARU";"Falta de Atenção à Condução";"Colisão com objeto estático";"Com Vítimas Feridas";"Pleno dia";"Crescente";"Chuva";"Simples";"Reta";"Sim";2;0;0;1;1;0;1;2;-8,30117613;-35,99843996;"SPRF-PE";"DEL02-PE";"UOP03-DEL02-PE"
223257;2019-07-20;"sábado";"09:40:00";"MG";381;157,2;"GOVERNADOR VALADARES";"Desobediência às normas de trânsito pelo condutor";"Colisão transversal";"Com Vítimas Feridas";"Pleno dia";"Decrescente";"Céu Claro";"Simples";"Reta";"Não";5;0;4;0;1;0;4;2;-18,91099925;-42,00762101;"SPRF-MG";"DEL06-MG";"UOP01-DEL06-MG"
223258;2019-07-20;"sábado";"06:00:00";"ES";482;103,3;"GUACUI";"Velocidade Incompatível";"Saída de leito carroçável";"Com Vítimas Feridas";"Amanhecer";"Crescente";"Ignorado";"Simples";"Curva";"Não";2;0;2;0;0;0;2;1;-20,78557701;-41,65199599;"SPRF-ES";"DEL03-ES";"UOP02-DEL03-ES"
223260;2019-07-20;"sábado";"11:50:00";"PR";277;2;"PARANAGUA";"Falta de Atenção do Pedestre";"Atropelamento de Pedestre";"Com Vítimas Feridas";"Pleno dia";"Decrescente";"Sol";"Simples";"Reta";"Sim";2;0;1;0;1;0;1;2;-25,568198;-48,615292;"SPRF-PR";"DEL01-PR";"UOP05-DEL01-PR"
223261;2019-07-20;"sábado";"12:30:00";"ES";101;256,9;"SERRA";"Não guardar distância de segurança";"Colisão traseira";"Com Vítimas Feridas";"Pleno dia";"Crescente";"Céu Claro";"Dupla";"Interseção de Vias";"Sim";2;0;1;0;1;0;1;2;-20,119123;-40,311005;"SPRF-ES";"DEL02-ES";"UOP01-DEL02-ES"
223263;2019-07-20;"sábado";"11:40:00";"RS";386;326,8;"MARQUES DE SOUZA";"Falta de Atenção à Condução";"Colisão transversal";"Com Vítimas Feridas";"Pleno dia";"Decrescente";"Céu Claro";"Simples";"Curva";"Sim";3;0;1;0;2;0;1;2;-29,327057;-52,101818;"SPRF-RS";"DEL04-RS";"UOP01-DEL04-RS"
223264;2019-07-20;"sábado";"12:40:00";"CE";20;423;"MARACANAU";"Ingestão de Álcool";"Colisão frontal";"Com Vítimas Feridas";"Pleno dia";"Decrescente";"Céu Claro";"Dupla";"Reta";"Não";6;0;3;0;3;0;3;3;-3,85932571;-38,54118889;"SPRF-CE";"DEL01-CE";"UOP02-DEL01-CE"
223265;2019-07-20;"sábado";"13:00:00";"MG";381;501;"BETIM";"Não guardar distância de segurança";"Tombamento";"Com Vítimas Feridas";"Pleno dia";"Crescente";"Céu Claro";"Dupla";"Reta";"Sim";3;0;0;1;2;0;1;3;-20,03146447;-44,2377893;"SPRF-MG";"DEL01-MG";"UOP03-DEL01-MG"
223266;2019-07-20;"sábado";"13:00:00";"MG";267;90;"JUIZ DE FORA";"Falta de Atenção à Condução";"Colisão lateral";"Com Vítimas Feridas";"Pleno dia";"Decrescente";"Céu Claro";"Simples";"Interseção de Vias";"Sim";2;0;1;0;1;0;1;2;-21,75070983;-43,28034306;"SPRF-MG";"DEL05-MG";"UOP01-DEL05-MG"
223267;2019-07-20;"sábado";"10:40:00";"SP";116;305,3;"SAO LOURENCO DA SERRA";"Ingestão de álcool e/ou substâncias psicoativas pelo pedestre";"Capotamento";"Com Vítimas Feridas";"Pleno dia";"Crescente";"Céu Claro";"Dupla";"Reta";"Não";3;0;2;0;0;1;2;1;-23,84287313;-46,93238591;"SPRF-SP";"DEL04-SP";"UOP01-DEL04-SP"
223269;2019-07-20;"sábado";"12:35:00";"PB";230;112;"INGA";"Velocidade Incompatível";"Colisão traseira";"Sem Vítimas";"Pleno dia";"Crescente";"Chuva";"Dupla";"Curva;Retorno Regulamentado";"Sim";3;0;0;0;1;2;0;2;-7,2117;-35,5822;"SPRF-PB";"DEL01-PB";"UOP03-DEL01-PB"
223270;2019-07-20;"sábado";"13:00:00";"SP";116;284;"EMBU DAS ARTES";"Falta de Atenção à Condução";"Queda de ocupante de veículo";"Com Vítimas Feridas";"Pleno dia";"Crescente";"Céu Claro";"Simples";"Curva";"Sim";1;0;1;0;0;0;1;1;-23,6809334;-46,85976159;"SPRF-SP";"DEL04-SP";"UOP01-DEL04-SP"
223271;2019-07-20;"sábado";"12:20:00";"SC";282;4,5;"SAO JOSE";"Agressão Externa";"Danos eventuais";"Com Vítimas Fatais";"Pleno dia";"Crescente";"Céu Claro";"Dupla";"Reta";"Sim";1;1;0;0;0;0;0;1;-27,591256;-48,60660057;"SPRF-SC";"DEL01-SC";"UOP01-DEL01-SC"
223273;2019-07-20;"sábado";"13:15:00";"SC";116;12,4;"MAFRA";"Desobediência às normas de trânsito pelo condutor";"Colisão transversal";"Com Vítimas Feridas";"Pleno dia";"Decrescente";"Céu Claro";"Simples";"Interseção de Vias";"Não";2;0;1;0;1;0;1;2;-26,17877859;-49,86720998;"SPRF-SC";"DEL06-SC";"UOP01-DEL06-SC"
223274;2019-07-20;"sábado";"13:25:00";"SC";470;54,5;"BLUMENAU";"Desobediência às normas de trânsito pelo condutor";"Colisão transversal";"Sem Vítimas";"Pleno dia";"Decrescente";"Nublado";"Simples";"Reta";"Não";2;0;0;0;2;0;0;2;-26,87357862;-49,11397219;"SPRF-SC";"DEL04-SC";"UOP01-DEL04-SC"
223276;2019-07-20;"sábado";"13:30:00";"CE";222;6;"CAUCAIA";"Falta de Atenção à Condução";"Colisão lateral";"Com Vítimas Feridas";"Pleno dia";"Decrescente";"Céu Claro";"Dupla";"Curva";"Não";2;0;2;0;0;0;2;2;-3,74397104;-38,62050533;"SPRF-CE";"DEL01-CE";"UOP01-DEL01-CE"
223277;2019-07-20;"sábado";"13:55:00";"RN";226;6,1;"NATAL";"Não guardar distância de segurança";"Colisão transversal";"Com Vítimas Feridas";"Pleno dia";"Crescente";"Nublado";"Simples";"Curva";"Não";1;0;1;0;0;0;1;1;-5,82139185;-35,27814031;"SPRF-RN";"DEL01-RN";"UOP02-DEL01-RN"
223279;2019-07-20;"sábado";"13:10:00";"MS";158;103,5;"PARANAIBA";"Carga excessiva e/ou mal acondicionada";"Queda de ocupante de veículo";"Com Vítimas Feridas";"Pleno dia";"Crescente";"Céu Claro";"Simples";"Reta";"Não";1;0;0;1;0;0;1;1;-19,72704906;-51,13418411;"SPRF-MS";"DEL08-MS";"UOP01-DEL08-MS"
223280;2019-07-20;"sábado";"13:38:00";"RJ";101;294;"ITABORAI";"Falta de Atenção do Pedestre";"Atropelamento de Pedestre";"Com Vítimas Feridas";"Pleno dia";"Crescente";"Nublado";"Dupla";"Reta";"Sim";3;0;0;1;2;0;1;2;-22,7584434;-42,89502344;"SPRF-RJ";"DEL02-RJ";"DEL5/2-UOP04/RJ"
223282;2019-05-09;"quinta-feira";"21:45:00";"RJ";40;104;"DUQUE DE CAXIAS";"Avarias e/ou desgaste excessivo no pneu";"Colisão lateral";"Com Vítimas Feridas";"Plena Noite";"Crescente";"Céu Claro";"Múltipla";"Reta";"Não";3;0;1;1;1;0;2;2;-22,62897902;-43,28579508;"SPRF-RJ";"DEL01-RJ";"UOP01-DEL01-RJ"
223283;2019-07-20;"sábado";"14:50:00";"SP";381;86;"SAO PAULO";"Falta de Atenção à Condução";"Colisão traseira";"Com Vítimas Feridas";"Pleno dia";"Decrescente";"Céu Claro";"Múltipla";"Reta";"Não";3;0;2;0;1;0;2;2;-23,45930499;-46,57161179;"SPRF-SP";"DEL03-SP";"UOP01-DEL03-SP"
223284;2019-07-20;"sábado";"14:15:00";"PB";230;18;"JOAO PESSOA";"Carga excessiva e/ou mal acondicionada";"Colisão traseira";"Com Vítimas Feridas";"Pleno dia";"Crescente";"Sol";"Dupla";"Declive";"Não";2;0;2;0;0;0;2;2;-7,1198;-34,8453;"SPRF-PB";"DEL01-PB";"UOP01-DEL01-PB"
223285;2019-07-20;"sábado";"14:30:00";"CE";20;382;"CAUCAIA";"Pista Escorregadia";"Saída de leito carroçável";"Com Vítimas Fatais";"Pleno dia";"Crescente";"Chuva";"Simples";"Reta";"Não";16;1;2;13;0;0;15;2;-3,90124788;-38,84096218;"SPRF-CE";"DEL01-CE";"UOP01-DEL01-CE"
223288;2019-07-20;"sábado";"15:30:00";"RS";468;103,3;"TRES PASSOS";"Falta de Atenção à Condução";"Colisão transversal";"Com Vítimas Feridas";"Pleno dia";"Decrescente";"Sol";"Simples";"Reta";"Sim";4;0;0;1;3;0;1;2;-27,45988509;-53,94123008;"SPRF-RS";"DEL08-RS";"UOP02-DEL08-RS"
223289;2019-07-20;"sábado";"15:30:00";"RN";226;282;"AUGUSTO SEVERO";"Falta de Atenção à Condução";"Colisão transversal";"Com Vítimas Feridas";"Pleno dia";"Crescente";"Nublado";"Simples";"Aclive;Reta";"Não";2;0;0;1;1;0;1;2;-5,86662434;-37,23973632;"SPRF-RN";"DEL03-RN";"UOP01-DEL03-RN"
223290;2019-07-20;"sábado";"14:59:00";"SP";116;229,9;"SAO PAULO";"Falta de Atenção à Condução";"Colisão traseira";"Com Vítimas Feridas";"Pleno dia";"Crescente";"Céu Claro";"Múltipla";"Reta";"Sim";2;0;1;0;0;1;1;2;-23,51291902;-46,57604698;"SPRF-SP";"DEL01-SP";"UOP01-DEL01-SP"
223291;2019-07-20;"sábado";"07:05:00";"PI";316;66,3;"MONSENHOR GIL";"Falta de Atenção à Condução";"Colisão traseira";"Com Vítimas Feridas";"Pleno dia";"Decrescente";"Céu Claro";"Simples";"Reta";"Não";7;0;4;0;3;0;4;2;-5,624312;-42,598477;"SPRF-PI";"DEL01-PI";"UOP02-DEL01-PI"
223293;2019-07-20;"sábado";"15:20:00";"RJ";116;274,5;"BARRA MANSA";"Falta de Atenção à Condução";"Colisão traseira";"Com Vítimas Feridas";"Pleno dia";"Crescente";"Céu Claro";"Dupla";"Reta";"Não";2;0;1;0;1;0;1;2;-22,56163574;-44,14771584;"SPRF-RJ";"DEL07-RJ";"UOP02-DEL07-RJ"
223294;2019-07-20;"sábado";"15:00:00";"ES";101;327,7;"GUARAPARI";"Condutor Dormindo";"Saída de leito carroçável";"Com Vítimas Feridas";"Pleno dia";"Crescente";"Nublado";"Simples";"Reta";"Não";1;0;1;0;0;0;1;1;-20,57231099;-40,48455601;"SPRF-ES";"DEL03-ES";"UOP01-DEL03-ES"