"id";"data_inversa";"dia_semana";"horario";"uf";"br";"km";"municipio";"causa_acidente";"tipo_acidente";"classificacao_acidente";"fase_dia";"sentido_via";"condicao_metereologica";"tipo_pista";"tracado_via";"uso_solo";"pessoas";"mortos";"feridos_leves";"feridos_graves";"ilesos";"ignorados";"feridos";"veiculos";"latitude";"longitude";"regional";"delegacia";"uop"
223295;2019-07-20;"sábado";"15:50:00";"GO";153;499,4;"GOIANIA";"Falta de Atenção à Condução";"Colisão traseira";"Com Vítimas Feridas";"Pleno dia";"Crescente";"Sol";"Dupla";"Reta";"Sim";2;0;1;0;1;0;1;2;-16,7033;-49,2311;"SPRF-GO";"DEL01-GO";"UOP01-DEL01-GO"
223296;2019-07-20;"sábado";"15:50:00";"PB";427;36;"POMBAL";"Falta de Atenção à Condução";"Colisão transversal";"Com Vítimas Fatais";"Pleno dia";"Crescente";"Chuva";"Simples";"Curva";"Sim";2;1;0;0;1;0;0;2;-6,76136692;-37,78089203;"SPRF-PB";"DEL03-PB";"UOP02-DEL03-PB"
223298;2019-07-20;"sábado";"14:00:00";"SC";101;118;"ITAJAI";"Falta de Atenção à Condução";"Tombamento";"Com Vítimas Feridas";"Pleno dia";"Crescente";"Céu Claro";"Simples";"Reta";"Sim";1;0;1;0;0;0;1;1;-26,895859;-48,71903;"SPRF-SC";"DEL04-SC";"UOP04-DEL04-SC"
223299;2019-07-20;"sábado";"09:00:00";"MA";10;270,3;"IMPERATRIZ";"Avarias e/ou desgaste excessivo no pneu";"Tombamento";"Com Vítimas Feridas";"Pleno dia";"Decrescente";"Céu Claro";"Simples";"Reta";"Não";2;0;1;0;1;0;1;1;-5,373673;-47,478401;"SPRF-MA";"DEL04-MA";"UOP01-DEL04-MA"
223300;2019-07-20;"sábado";"16:10:00";"SC";101;208,7;"SAO JOSE";"Velocidade Incompatível";"Colisão traseira";"Com Vítimas Feridas";"Pleno dia";"Crescente";"Sol";"Múltipla";"Reta";"Sim";2;0;1;0;1;0;1;2;-27,60327979;-48,63201818;"SPRF-SC";"DEL01-SC";"UOP01-DEL01-SC"
223301;2019-07-20;"sábado";"15:30:00";"GO";60;192,2;"GUAPO";"Defeito Mecânico no Veículo";"Colisão com objeto estático";"Sem Vítimas";"Pleno dia";"Crescente";"Céu Claro";"Dupla";"Declive";"Não";1;0;0;0;1;0;0;1;-16,8429;-49,5503;"SPRF-GO";"DEL01-GO";"UOP02-DEL01-GO"
223302;2019-07-20;"sábado";"16:20:00";"PR";376;4,4;"APUCARANA";"Falta de Atenção à Condução";"Colisão transversal";"Com Vítimas Feridas";"Pleno dia";"Decrescente";"Céu Claro";"Simples";"Reta;Interseção de Vias";"Sim";3;0;2;0;1;0;2;2;-23,5513;-51,461266;"SPRF-PR";"DEL07-PR";"UOP03-DEL07-PR"
223303;2019-07-20;"sábado";"15:50:00";"PI";343;2,8;"TERESINA";"Falta de Atenção à Condução";"Colisão traseira";"Sem Vítimas";"Pleno dia";"Crescente";"Sol";"Dupla";"Rotatória";"Sim";2;0;0;0;2;0;0;2;-5,089569;-42,802288;"SPRF-PI";"DEL01-PI";"UOP01-DEL01-PI"
223306;2019-07-20;"sábado";"16:50:00";"RN";101;81,5;"SAO GONCALO DO AMARANTE";"Ingestão de Álcool";"Colisão traseira";"Com Vítimas Feridas";"Anoitecer";"Crescente";"Céu Claro";"Dupla";"Reta";"Sim";2;0;1;0;1;0;1;2;-5,76469466;-35,28295988;"SPRF-RN";"DEL02-RN";"UOP01-DEL02-RN"
223307;2019-07-20;"sábado";"17:15:00";"MG";116;581,8;"MANHUACU";"Falta de Atenção à Condução";"Colisão transversal";"Com Vítimas Feridas";"Anoitecer";"Crescente";"Céu Claro";"Simples";"Curva";"Não";3;0;2;1;0;0;3;2;-20,19603401;-42,18344405;"SPRF-MG";"DEL06-MG";"UOP03-DEL06-MG"
223308;2019-07-20;"sábado";"17:20:00";"SC";470;56,6;"BLUMENAU";"Desobediência às normas de trânsito pelo condutor";"Colisão lateral";"Com Vítimas Feridas";"Pleno dia";"Crescente";"Nublado";"Simples";"Reta";"Sim";2;0;1;0;1;0;1;2;-26,87674;-49,127743;"SPRF-SC";"DEL04-SC";"UOP01-DEL04-SC"
223310;2019-07-20;"sábado";"16:45:00";"SC";280;53;"GUARAMIRIM";"Desobediência às normas de trânsito pelo condutor";"Colisão transversal";"Sem Vítimas";"Pleno dia";"Crescente";"Nublado";"Simples";"Reta";"Sim";2;0;0;0;1;1;0;2;-26,47327173;-48,97664309;"SPRF-SC";"DEL03-SC";"UOP03-DEL03-SC"
223313;2019-07-20;"sábado";"17:10:00";"PR";476;123;"CURITIBA";"Velocidade Incompatível";"Colisão traseira";"Com Vítimas Feridas";"Pleno dia";"Crescente";"Nublado";"Dupla";"Aclive";"Sim";2;0;1;0;1;0;1;2;-25,392904;-49,209557;"SPRF-PR";"DEL01-PR";"UOP07-DEL01-PR"
223315;2019-07-20;"sábado";"17:00:00";"GO";60;174,1;"ABADIA DE GOIAS";"Desobediência às normas de trânsito pelo condutor";"Colisão lateral";"Com Vítimas Feridas";"Pleno dia";"Crescente";"Céu Claro";"Dupla";"Aclive";"Não";5;0;4;0;1;0;4;2;-16,74771519;-49,42442179;"SPRF-GO";"DEL01-GO";"UOP02-DEL01-GO"
223317;2019-07-20;"sábado";"17:00:00";"SC";280;126,7;"RIO NEGRINHO";"Desobediência às normas de trânsito pelo condutor";"Colisão lateral";"Com Vítimas Feridas";"Pleno dia";"Crescente";"Céu Claro";"Simples";"Interseção de Vias";"Sim";2;0;1;0;1;0;1;2;-26,23779604;-49,49427399;"SPRF-SC";"DEL06-SC";"UOP03-DEL06-SC"
223318;2019-07-20;"sábado";"14:00:00";"MT";70;758,9;"CACERES";"Avarias e/ou desgaste excessivo no pneu";"Saída de leito carroçável";"Com Vítimas Feridas";"Pleno dia";"Decrescente";"Céu Claro";"Simples";"Reta";"Não";3;0;2;1;0;0;3;1;-16,022064;-57,733177;"SPRF-MT";"DEL03-MT";"UOP01-DEL03-MT"
223319;2019-07-20;"sábado";"18:15:00";"CE";116;67,6;"CHOROZINHO";"Ingestão de Álcool";"Colisão traseira";"Com Vítimas Feridas";"Plena Noite";"Decrescente";"Céu Claro";"Simples";"Reta";"Sim";2;0;0;1;1;0;1;2;-4,31388871;-38,49746704;"SPRF-CE";"DEL03-CE";"UOP02-DEL03-CE"
223320;2019-07-20;"sábado";"18:10:00";"SP";101;42,3;"UBATUBA";"Ingestão de Álcool";"Colisão com objeto estático";"Com Vítimas Feridas";"Plena Noite";"Decrescente";"Céu Claro";"Simples";"Curva";"Não";1;0;1;0;0;0;1;1;-23,41409836;-45,05579364;"SPRF-SP";"DEL06-SP";"UOP01-DEL06-SP"
223322;2019-07-20;"sábado";"16:20:00";"RJ";493;84;"JAPERI";"Objeto estático sobre o leito carroçável";"Colisão com objeto estático";"Com Vítimas Feridas";"Pleno dia";"Decrescente";"Céu Claro";"Dupla";"Curva";"Não";1;0;1;0;0;0;1;1;-22,68688471;-43,51753235;"SPRF-RJ";"DEL01-RJ";"UOP03-DEL01-RJ"
223323;2019-07-20;"sábado";"17:45:00";"SC";101;204,1;"SAO JOSE";"Falta de Atenção à Condução";"Colisão traseira";"Com Vítimas Feridas";"Plena Noite";"Decrescente";"Céu Claro";"Múltipla";"Reta";"Sim";2;0;0;1;1;0;1;2;-27,57498032;-48,61343798;"SPRF-SC";"DEL01-SC";"UOP01-DEL01-SC"
223324;2019-07-20;"sábado";"18:18:00";"SP";381;48,6;"ATIBAIA";"Não guardar distância de segurança";"Saída de leito carroçável";"Com Vítimas Feridas";"Plena Noite";"Crescente";"Céu Claro";"Dupla";"Reta";"Sim";1;0;1;0;0;0;1;1;-23,19720018;-46,58736556;"SPRF-SP";"DEL03-SP";"UOP01-DEL03-SP"
223325;2019-07-20;"sábado";"18:10:00";"MG";116;461,7;"ENGENHEIRO CALDAS";"Falta de Atenção à Condução";"Tombamento";"Com Vítimas Feridas";"Plena Noite";"Decrescente";"Nublado";"Simples";"Reta";"Não";1;0;1;0;0;0;1;1;-19,24287204;-42,05726783;"SPRF-MG";"DEL06-MG";"UOP02-DEL06-MG"
223326;2019-07-20;"sábado";"17:50:00";"MG";116;616,7;"ORIZANIA";"Falta de Atenção à Condução";"Colisão frontal";"Com Vítimas Fatais";"Anoitecer";"Decrescente";"Céu Claro";"Simples";"Reta";"Não";7;2;3;2;0;0;5;2;-20,46292015;-42,17593869;"SPRF-MG";"DEL07-MG";"UOP03-DEL07-MG"
223327;2019-07-20;"sábado";"15:30:00";"RO";364;149,6;"PIMENTA BUENO";"Falta de Atenção à Condução";"Colisão com objeto estático";"Sem Vítimas";"Pleno dia";"Decrescente";"Céu Claro";"Simples";"Declive";"Não";1;0;0;0;1;0;0;1;-12,00444922;-60,92603319;"SPRF-RO";"DEL02-RO";"UOP02-DEL02-RO"
223328;2019-07-20;"sábado";"18:40:00";"PI";343;11,9;"PARNAIBA";"Ingestão de Álcool";"Engavetamento";"Sem Vítimas";"Plena Noite";"Crescente";"Céu Claro";"Dupla";"Reta";"Sim";3;0;0;0;3;0;0;3;-2,90906413;-41,75372243;"SPRF-PI";"DEL05-PI";"UOP01-DEL05-PI"
223330;2019-07-20;"sábado";"18:00:00";"PB";230;20,5;"JOAO PESSOA";"Ingestão de Álcool";"Queda de ocupante de veículo";"Com Vítimas Feridas";"Plena Noite";"Decrescente";"Céu Claro";"Dupla";"Reta";"Sim";1;0;1;0;0;0;1;1;-7,1337;-34,8544;"SPRF-PB";"DEL01-PB";"UOP01-DEL01-PB"
223331;2019-07-20;"sábado";"18:40:00";"RJ";116;84;"TERESOPOLIS";"Falta de Atenção à Condução";"Colisão lateral";"Com Vítimas Feridas";"Plena Noite";"Decrescente";"Céu Claro";"Simples";"Aclive;Reta";"Sim";2;0;1;0;1;0;1;2;-22,4226117;-42,95115115;"SPRF-RJ";"DEL04-RJ";"UOP01-DEL04-RJ"
223332;2019-07-20;"sábado";"18:25:00";"MG";116;419,2;"GOVERNADOR VALADARES";"Desobediência às normas de trânsito pelo condutor";"Colisão frontal";"Com Vítimas Feridas";"Plena Noite";"Decrescente";"Céu Claro";"Simples";"Reta";"Sim";2;0;0;1;1;0;1;2;-18,92044406;-41,94023945;"SPRF-MG";"DEL06-MG";"UOP01-DEL06-MG"
223333;2019-07-20;"sábado";"16:50:00";"MA";10;152,4;"PORTO FRANCO";"Ultrapassagem Indevida";"Colisão lateral";"Com Vítimas Feridas";"Pleno dia";"Decrescente";"Céu Claro";"Simples";"Declive;Reta";"Não";3;0;0;2;1;0;2;2;-6,3881517;-47,3841777;"SPRF-MA";"DEL04-MA";"UOP02-DEL04-MA"
223334;2019-07-20;"sábado";"18:45:00";"MG";262;359,7;"BETIM";"Falta de Atenção à Condução";"Capotamento";"Sem Vítimas";"Plena Noite";"Crescente";"Céu Claro";"Dupla";"Reta";"Não";1;0;0;0;0;1;0;1;-19,98332234;-44,20214426;"SPRF-MG";"DEL01-MG";"UOP03-DEL01-MG"
223336;2019-07-20;"sábado";"18:40:00";"RJ";40;103;"DUQUE DE CAXIAS";"Desobediência às normas de trânsito pelo condutor";"Colisão transversal";"Com Vítimas Feridas";"Plena Noite";"Decrescente";"Céu Claro";"Dupla";"Reta";"Sim";3;0;2;0;1;0;2;2;-22,62009;-43,286922;"SPRF-RJ";"DEL01-RJ";"UOP01-DEL01-RJ"
223339;2019-07-20;"sábado";"16:35:00";"PR";153;44,5;"SANTO ANTONIO DA PLATINA";"Falta de Atenção à Condução";"Saída de leito carroçável";"Com Vítimas Feridas";"Pleno dia";"Crescente";"Céu Claro";"Simples";"Reta";"Não";2;0;1;1;0;0;2;1;-23,31060229;-50,07032495;"SPRF-PR";"DEL07-PR";"UOP04-DEL07-PR"
223340;2019-07-20;"sábado";"18:40:00";"RS";116;304,4;"GUAIBA";"Falta de Atenção à Condução";"Colisão com objeto em movimento";"Com Vítimas Feridas";"Plena Noite";"Decrescente";"Céu Claro";"Simples";"Reta";"Não";2;0;1;0;1;0;1;2;-30,15531808;-51,3705139;"SPRF-RS";"DEL02-RS";"UOP01-DEL02-RS"
223342;2019-07-20;"sábado";"19:00:00";"BA";324;513;"FEIRA DE SANTANA";"Falta de Atenção à Condução";"Colisão traseira";"Com Vítimas Feridas";"Plena Noite";"Crescente";"Chuva";"Simples";"Reta";"Sim";3;0;0;2;1;0;2;2;-12,2319733;-38,95504117;"SPRF-BA";"DEL02-BA";"UOP01-DEL02-BA"
223343;2019-07-20;"sábado";"19:15:00";"PR";116;126;"FAZENDA RIO GRANDE";"Falta de Atenção à Condução";"Colisão traseira";"Sem Vítimas";"Plena Noite";"Decrescente";"Céu Claro";"Dupla";"Reta";"Sim";2;0;0;0;2;0;0;2;-25,60389895;-49,31824423;"SPRF-PR";"DEL01-PR";"UOP03-DEL01-PR"
223344;2019-07-20;"sábado";"18:30:00";"GO";40;72;"CRISTALINA";"Sinalização da via insuficiente ou inadequada";"Saída de leito carroçável";"Com Vítimas Feridas";"Plena Noite";"Crescente";"Céu Claro";"Simples";"Reta";"Não";2;0;1;0;1;0;1;1;-16,615897;-47,756002;"SPRF-DF";"DEL01-DF";"UOP02-DEL01-DF"
223345;2019-07-20;"sábado";"19:15:00";"GO";50;98,4;"CRISTALINA";"Animais na Pista";"Atropelamento de Animal";"Com Vítimas Feridas";"Plena Noite";"Crescente";"Céu Claro";"Simples";"Reta";"Sim";1;0;0;1;0;0;1;1;-16,9309;-47,7117;"SPRF-DF";"DEL01-DF";"UOP02-DEL01-DF"
223346;2019-07-20;"sábado";"16:20:00";"MG";153;106;"PRATA";"Ingestão de Álcool";"Queda de ocupante de veículo";"Com Vítimas Feridas";"Pleno dia";"Decrescente";"Céu Claro";"Dupla";"Reta";"Não";1;0;1;0;0;0;1;1;-19,28004595;-48,9151339;"SPRF-MG";"DEL15-MG";"UOP03-DEL15-MG"
223347;2019-07-20;"sábado";"19:20:00";"GO";40;4;"VALPARAISO DE GOIAS";"Falta de Atenção à Condução";"Colisão traseira";"Sem Vítimas";"Plena Noite";"Decrescente";"Céu Claro";"Dupla";"Reta";"Sim";2;0;0;0;2;0;0;2;-16,085241;-47,986752;"SPRF-DF";"DEL01-DF";"UOP01-DEL01-DF"
223348;2019-07-20;"sábado";"15:30:00";"MG";354;730,1;"POUSO ALTO";"Condutor Dormindo";"Saída de leito carroçável";"Com Vítimas Feridas";"Pleno dia";"Crescente";"Céu Claro";"Simples";"Reta";"Não";5;0;0;4;1;0;4;1;-22,1646781;-44,96415906;"SPRF-MG";"DEL05-MG";"UOP01-DEL17-MG"
223349;2019-07-20;"sábado";"16:15:00";"SC";470;335;"CAMPOS NOVOS";"Não guardar distância de segurança";"Saída de leito carroçável";"Com Vítimas Feridas";"Pleno dia";"Crescente";"Sol";"Simples";"Reta";"Não";4;0;3;1;0;0;4;1;-27,496859;-51,339321;"SPRF-SC";"DEL07-SC";"UOP06-DEL07-SC"
223350;2019-07-20;"sábado";"19:25:00";"RS";468;110;"TRES PASSOS";"Desobediência às normas de trânsito pelo condutor";"Colisão frontal";"Com Vítimas Feridas";"Plena Noite";"Crescente";"Céu Claro";"Simples";"Aclive;Reta";"Não";3;0;2;0;1;0;2;2;-27,42211966;-53,97570176;"SPRF-RS";"DEL08-RS";"UOP02-DEL08-RS"
223352;2019-07-20;"sábado";"19:10:00";"PE";428;185;"PETROLINA";"Falta de Atenção à Condução";"Colisão transversal";"Com Vítimas Feridas";"Plena Noite";"Decrescente";"Céu Claro";"Múltipla";"Reta";"Sim";2;0;0;1;0;1;1;2;-9,34009199;-40,47032001;"SPRF-PE";"DEL06-PE";"UOP01-DEL06-PE"
223353;2019-07-20;"sábado";"19:20:00";"RJ";101;118;"CAMPOS DOS GOYTACAZES";"Desobediência às normas de trânsito pelo condutor";"Colisão frontal";"Sem Vítimas";"Plena Noite";"Crescente";"Céu Claro";"Dupla";"Reta";"Não";2;0;0;0;2;0;0;2;-22,01462656;-41,67706468;"SPRF-RJ";"DEL08-RJ";"UOP02-DEL08-RJ"
223357;2019-07-20;"sábado";"19:30:00";"RS";116;246,8;"SAO LEOPOLDO";"Falta de Atenção à Condução";"Colisão traseira";"Sem Vítimas";"Plena Noite";"Crescente";"Ignorado";"Dupla";"Reta";"Sim";3;0;0;0;3;0;0;3;-29,758751;-51,15186806;"SPRF-RS";"DEL01-RS";"UOP02-DEL01-RS"
223358;2019-07-20;"sábado";"19:35:00";"GO";20;65;"FORMOSA";"Ingestão de Álcool";"Colisão traseira";"Com Vítimas Feridas";"Plena Noite";"Decrescente";"Céu Claro";"Simples";"Reta";"Sim";2;0;1;0;1;0;1;2;-15,21321039;-47,1576235;"SPRF-DF";"DEL02-DF";"UOP01-DEL02-DF"
223360;2019-07-20;"sábado";"19:30:00";"SP";116;270;"TABOAO DA SERRA";"Falta de Atenção à Condução";"Queda de ocupante de veículo";"Com Vítimas Feridas";"Plena Noite";"Crescente";"Céu Claro";"Dupla";"Reta";"Não";1;0;1;0;0;0;1;1;-23,61799728;-46,79677694;"SPRF-SP";"DEL04-SP";"UOP01-DEL04-SP"
223362;2019-07-20;"sábado";"18:30:00";"PR";116;92,8;"SAO JOSE DOS PINHAIS";"Falta de Atenção à Condução";"Engavetamento";"Com Vítimas Feridas";"Plena Noite";"Decrescente";"Nublado";"Dupla";"Interseção de Vias;Reta;Viaduto";"Não";8;0;1;0;7;0;1;4;-25,512849;-49,128806;"SPRF-PR";"DEL01-PR";"UOP01-DEL01-PR"
223364;2019-07-20;"sábado";"17:30:00";"PB";361;5;"PATOS";"Falta de Atenção à Condução";"Colisão transversal";"Com Vítimas Feridas";"Anoitecer";"Decrescente";"Garoa/Chuvisco";"Simples";"Reta";"Sim";2;0;1;0;0;1;1;2;-7,0342983;-37,30232718;"SPRF-PB";"DEL03-PB";"UOP01-DEL03-PB"
223366;2019-07-20;"sábado";"19:30:00";"SC";101;138;"BALNEARIO CAMBORIU";"Falta de Atenção à Condução";"Colisão lateral";"Com Vítimas Feridas";"Plena Noite";"Decrescente";"Nublado";"Dupla";"Reta";"Sim";2;0;1;0;1;0;1;2;-27,02397426;-48,60761649;"SPRF-SC";"DEL04-SC";"UOP03-DEL04-SC"
223367;2019-07-20;"sábado";"18:37:00";"RO";0;0;"PORTO VELHO";"Falta de Atenção à Condução";"Queda de ocupante de veículo";"Com Vítimas Feridas";"Plena Noite";"Não Informado";"Céu Claro";"Dupla";"Reta";"Sim";2;0;1;0;0;1;1;2;-8,78535369;-63,86013877;"SPRF-RO";"DEL01-RO";"UOP01-DEL01-RO"
223368;2019-07-20;"sábado";"20:15:00";"SC";101;43,4;"JOINVILLE";"Ingestão de Álcool";"Saída de leito carroçável";"Sem Vítimas";"Plena Noite";"Crescente";"Céu Claro";"Simples";"Reta";"Sim";1;0;0;0;1;0;0;1;-26,30357106;-48,88225609;"SPRF-SC";"DEL03-SC";"UOP01-DEL03-SC"
223369;2019-07-20;"sábado";"20:10:00";"SP";116;109,5;"TAUBATE";"Falta de Atenção à Condução";"Colisão traseira";"Com Vítimas Feridas";"Plena Noite";"Decrescente";"Céu Claro";"Dupla";"Reta";"Sim";2;0;1;0;0;1;1;2;-23,02871304;-45,54517097;"SPRF-SP";"DEL06-SP";"UOP01-DEL06-SP"
223370;2019-07-20;"sábado";"18:50:00";"PR";369;189,9;"ARAPONGAS";"Desobediência às normas de trânsito pelo condutor";"Colisão transversal";"Com Vítimas Feridas";"Plena Noite";"Decrescente";"Céu Claro";"Dupla";"Reta";"Não";3;0;0;1;2;0;1;2;-23,4498792;-51,423277;"SPRF-PR";"DEL07-PR";"UOP03-DEL07-PR"
223371;2019-07-20;"sábado";"19:45:00";"RS";158;92,8;"PALMEIRA DAS MISSOES";"Condutor Dormindo";"Saída de leito carroçável";"Com Vítimas Fatais";"Plena Noite";"Decrescente";"Céu Claro";"Simples";"Curva";"Não";1;1;0;0;0;0;0;1;-27,83971173;-53,33348393;"SPRF-RS";"DEL08-RS";"UOP02-DEL08-RS"
223373;2019-07-20;"sábado";"21:00:00";"BA";101;900;"NOVA VICOSA";"Falta de Atenção à Condução";"Colisão traseira";"Com Vítimas Feridas";"Plena Noite";"Decrescente";"Chuva";"Simples";"Reta";"Não";4;0;2;0;2;0;2;2;-17,92770625;-39,83445684;"SPRF-BA";"DEL09-BA";"UOP02-DEL09-BA"
223375;2019-07-20;"sábado";"19:15:00";"ES";101;292;"CARIACICA";"Falta de Atenção à Condução";"Colisão com objeto estático";"Com Vítimas Feridas";"Plena Noite";"Crescente";"Chuva";"Simples";"Declive";"Não";3;0;2;1;0;0;3;1;-20,30601355;-40,39517283;"SPRF-ES";"DEL01-ES";"UOP01-DEL01-ES"
223376;2019-07-20;"sábado";"18:45:00";"MS";267;1;"BATAGUASSU";"Ingestão de Álcool";"Colisão traseira";"Sem Vítimas";"Plena Noite";"Decrescente";"Céu Claro";"Simples";"Ponte";"Não";2;0;0;0;2;0;0;2;-21,77360861;-52,15965271;"SPRF-MS";"DEL02-MS";"UOP04-DEL02-MS"
223377;2019-07-20;"sábado";"20:10:00";"RJ";40;105;"DUQUE DE CAXIAS";"Ingestão de Álcool";"Colisão traseira";"Sem Vítimas";"Plena Noite";"Decrescente";"Céu Claro";"Simples";"Viaduto";"Sim";2;0;0;0;2;0;0;2;-22,63784806;-43,28428824;"SPRF-RJ";"DEL01-RJ";"UOP01-DEL01-RJ"
223378;2019-07-20;"sábado";"19:15:00";"SC";282;385,9;"JOACABA";"Não guardar distância de segurança";"Saída de leito carroçável";"Sem Vítimas";"Plena Noite";"Crescente";"Céu Claro";"Simples";"Aclive;Curva";"Não";1;0;0;0;1;0;0;1;-27,194431;-51,515869;"SPRF-SC";"DEL07-SC";"UOP05-DEL07-SC"
223379;2019-07-20;"sábado";"19:00:00";"PE";408;90;"SAO LOURENCO DA MATA";"Sinalização da via insuficiente ou inadequada";"Atropelamento de Pedestre";"Com Vítimas Fatais";"Plena Noite";"Crescente";"Chuva";"Dupla";"Reta";"Sim";2;1;0;0;0;1;0;2;-7,9886528;-35,07625976;"SPRF-PE";"DEL01-PE";"UOP01-DEL01-PE"
223380;2019-07-20;"sábado";"20:30:00";"MG";50;12,7;"UBERLANDIA";"Falta de Atenção à Condução";"Saída de leito carroçável";"Com Vítimas Feridas";"Plena Noite";"Crescente";"Céu Claro";"Dupla";"Viaduto";"Não";1;0;1;0;0;0;1;1;-18,90303846;-48,18809509;"SPRF-MG";"DEL15-MG";"UOP02-DEL15-MG"
223382;2019-07-20;"sábado";"21:20:00";"PR";376;6,8;"MARINGA";"Ingestão de Álcool";"Colisão traseira";"Sem Vítimas";"Plena Noite";"Crescente";"Céu Claro";"Dupla";"Reta";"Não";2;0;0;0;2;0;0;2;-23,37565232;-51,93815211;"SPRF-PR";"DEL07-PR";"UOP01-DEL09-PR"
223383;2019-07-20;"sábado";"19:40:00";"BA";116;385,8;"SANTA BARBARA";"Falta de Atenção à Condução";"Colisão frontal";"Com Vítimas Feridas";"Plena Noite";"Decrescente";"Chuva";"Simples";"Reta";"Não";4;0;2;1;1;0;3;2;-11,89449495;-38,98149841;"SPRF-BA";"DEL02-BA";"UOP01-DEL02-BA"
223384;2019-07-20;"sábado";"21:15:00";"ES";101;306,4;"VIANA";"Defeito Mecânico no Veículo";"Queda de ocupante de veículo";"Com Vítimas Feridas";"Plena Noite";"Decrescente";"Chuva";"Simples";"Em Obras";"Não";1;0;0;1;0;0;1;1;-20,39178539;-40,46264806;"SPRF-ES";"DEL03-ES";"UOP01-DEL03-ES"
223385;2019-07-20;"sábado";"21:35:00";"SP";153;280,7;"OCAUCU";"Falta de Atenção à Condução";"Tombamento";"Com Vítimas Feridas";"Plena Noite";"Crescente";"Nublado";"Simples";"Reta";"Não";1;0;1;0;0;0;1;1;-22,41321412;-49,86091715;"SPRF-SP";"DEL07-SP";"UOP02-DEL07-SP"
223386;2019-07-20;"sábado";"20:45:00";"MS";463;1,3;"DOURADOS";"Falta de Atenção à Condução";"Colisão traseira";"Com Vítimas Feridas";"Plena Noite";"Decrescente";"Céu Claro";"Simples";"Reta";"Sim";2;0;0;1;0;1;1;2;-22,259064;-54,8137;"SPRF-MS";"DEL04-MS";"UOP01-DEL04-MS"
223389;2019-07-20;"sábado";"22:05:00";"SC";470;52,7;"BLUMENAU";"Ingestão de Álcool";"Colisão transversal";"Sem Vítimas";"Plena Noite";"Crescente";"Nublado";"Simples";"Interseção de Vias";"Não";2;0;0;0;2;0;0;2;-26,862286;-49,093903;"SPRF-SC";"DEL04-SC";"UOP01-DEL04-SC"
223390;2019-07-20;"sábado";"21:30:00";"MG";50;8;"UBERLANDIA";"Falta de Atenção à Condução";"Colisão com objeto estático";"Sem Vítimas";"Pleno dia";"Decrescente";"Céu Claro";"Dupla";"Aclive;Interseção de Vias";"Não";1;0;0;0;1;0;0;1;-18,87299114;-48,21212769;"SPRF-MG";"DEL15-MG";"UOP02-DEL15-MG"
223391;2019-07-20;"sábado";"20:20:00";"PB";230;149,8;"CAMPINA GRANDE";"Ingestão de Álcool";"Colisão lateral";"Sem Vítimas";"Plena Noite";"Decrescente";"Chuva";"Dupla";"Reta";"Sim";2;0;0;0;2;0;0;2;-7,243;-35,8709;"SPRF-PB";"DEL02-PB";"UOP01-DEL02-PB"
223392;2019-07-20;"sábado";"21:30:00";"BA";110;169;"RIBEIRA DO POMBAL";"Desobediência às normas de trânsito pelo condutor";"Colisão frontal";"Com Vítimas Fatais";"Plena Noite";"Crescente";"Nublado";"Simples";"Reta";"Não";2;1;0;0;0;1;0;2;-10,83361802;-38,53206537;"SPRF-BA";"DEL07-BA";"UOP02-DEL07-BA"
223394;2019-07-20;"sábado";"22:25:00";"PR";277;18,4;"PARANAGUA";"Falta de Atenção à Condução";"Queda de ocupante de veículo";"Com Vítimas Feridas";"Plena Noite";"Crescente";"Céu Claro";"Dupla";"Reta";"Não";1;0;1;0;0;0;1;1;-25,56147568;-48,6441859;"SPRF-PR";"DEL01-PR";"UOP05-DEL01-PR"
223398;2019-07-20;"sábado";"23:00:00";"SC";470;62;"BLUMENAU";"Falta de Atenção à Condução";"Colisão lateral";"Sem Vítimas";"Plena Noite";"Crescente";"Nublado";"Simples";"Curva";"Sim";3;0;0;0;3;0;0;3;-26,874521;-49,182938;"SPRF-SC";"DEL04-SC";"UOP01-DEL04-SC"
223400;2019-07-20;"sábado";"21:00:00";"AC";317;298;"BRASILEIA";"Falta de Atenção à Condução";"Colisão transversal";"Com Vítimas Fatais";"Plena Noite";"Decrescente";"Céu Claro";"Simples";"Reta";"Sim";4;1;3;0;0;0;3;2;-10,989419;-68,76073;"SPRF-AC";"DEL01-AC";"UOP02-DEL01-AC"
223401;2019-07-20;"sábado";"21:00:00";"RS";285;495;"ENTRE-IJUIS";"Falta de Atenção à Condução";"Saída de leito carroçável";"Com Vítimas Feridas";"Plena Noite";"Decrescente";"Céu Claro";"Simples";"Reta";"Não";1;0;1;0;0;0;1;1;-28,375553;-54,248055;"SPRF-RS";"DEL10-RS";"UOP01-DEL10-RS"
223402;2019-07-20;"sábado";"21:20:00";"SC";101;414;"ARARANGUA";"Falta de Atenção à Condução";"Colisão traseira";"Com Vítimas Feridas";"Plena Noite";"Decrescente";"Ignorado";"Simples";"Reta";"Não";2;0;1;0;1;0;1;2;-28,95360392;-49,50985011;"SPRF-SC";"DEL02-SC";"UOP02-DEL02-SC"
223403;2019-07-20;"sábado";"19:50:00";"RS";392;122;"CANGUCU";"Defeito Mecânico no Veículo";"Queda de ocupante de veículo";"Com Vítimas Feridas";"Plena Noite";"Crescente";"Céu Claro";"Simples";"Reta";"Não";1;0;0;1;0;0;1;1;-31,38660826;-52,70733133;"SPRF-RS";"DEL07-RS";"UOP01-DEL07-RS"