"id";"data_inversa";"dia_semana";"horario";"uf";"br";"km";"municipio";"causa_acidente";"tipo_acidente";"classificacao_acidente";"fase_dia";"sentido_via";"condicao_metereologica";"tipo_pista";"tracado_via";"uso_solo";"pessoas";"mortos";"feridos_leves";"feridos_graves";"ilesos";"ignorados";"feridos";"veiculos";"latitude";"longitude";"regional";"delegacia";"uop"
223502;2019-07-21;"domingo";"06:40:00";"RJ";101;62;"CAMPOS DOS GOYTACAZES";"Falta de Atenção à Condução";"Saída de leito carroçável";"Com Vítimas Feridas";"Pleno dia";"Decrescente";"Céu Claro";"Simples";"Reta";"Sim";1;0;1;0;0;0;1;1;-21,73473386;-41,32504025;"SPRF-RJ";"DEL08-RJ";"UOP01-DEL08-RJ"
223503;2019-07-21;"domingo";"09:00:00";"SC";470;56,2;"BLUMENAU";"Falta de Atenção à Condução";"Colisão lateral";"Com Vítimas Feridas";"Pleno dia";"Crescente";"Nublado";"Simples";"Interseção de Vias";"Sim";2;0;1;0;1;0;1;2;-26,87674;-49,127743;"SPRF-SC";"DEL04-SC";"UOP01-DEL04-SC"
223504;2019-04-26;"sexta-feira";"07:30:00";"MG";381;483;"BETIM";"Não guardar distância de segurança";"Engavetamento";"Sem Vítimas";"Pleno dia";"Decrescente";"Sol";"Dupla";"Reta";"Sim";6;0;0;0;6;0;0;6;-19,95594491;-44,10721699;"SPRF-MG";"DEL01-MG";"UOP03-DEL01-MG"
223505;2019-07-21;"domingo";"09:00:00";"SC";101;351,3;"JAGUARUNA";"Falta de Atenção à Condução";"Tombamento";"Com Vítimas Feridas";"Pleno dia";"Decrescente";"Céu Claro";"Dupla";"Reta";"Não";2;0;1;1;0;0;2;1;-28,5977641;-49,04943589;"SPRF-SC";"DEL02-SC";"UOP01-DEL02-SC"
223506;2019-07-21;"domingo";"09:00:00";"CE";402;258,3;"ITAPIPOCA";"Desobediência às normas de trânsito pelo condutor";"Colisão transversal";"Com Vítimas Fatais";"Pleno dia";"Crescente";"Céu Claro";"Dupla";"Reta";"Sim";3;1;1;1;0;0;2;2;-3,48343916;-39,61777508;"SPRF-CE";"DEL01-CE";"UOP03-DEL01-CE"
223507;2019-07-21;"domingo";"07:30:00";"PB";104;152,6;"QUEIMADAS";"Velocidade Incompatível";"Saída de leito carroçável";"Com Vítimas Feridas";"Pleno dia";"Decrescente";"Chuva";"Simples";"Curva";"Não";1;0;0;1;0;0;1;1;-7,47077;-35,928988;"SPRF-PB";"DEL02-PB";"UOP03-DEL02-PB"
223508;2019-07-21;"domingo";"08:20:00";"ES";101;18,9;"PEDRO CANARIO";"Falta de Atenção à Condução";"Colisão transversal";"Com Vítimas Feridas";"Pleno dia";"Decrescente";"Chuva";"Simples";"Reta";"Não";2;0;0;2;0;0;2;2;-18,31320539;-39,95347307;"SPRF-ES";"DEL04-ES";"UOP02-DEL04-ES"
223510;2019-07-21;"domingo";"09:00:00";"GO";20;14;"FORMOSA";"Falta de Atenção à Condução";"Colisão traseira";"Sem Vítimas";"Pleno dia";"Decrescente";"Céu Claro";"Simples";"Reta";"Não";5;0;0;0;5;0;0;2;-15,567566;-47,231537;"SPRF-DF";"DEL02-DF";"UOP01-DEL02-DF"
223511;2019-07-21;"domingo";"05:00:00";"BA";242;573,7;"OLIVEIRA DOS BREJINHOS";"Falta de Atenção à Condução";"Saída de leito carroçável";"Com Vítimas Feridas";"Amanhecer";"Crescente";"Céu Claro";"Simples";"Reta";"Não";1;0;1;0;0;0;1;1;-12,03346337;-43,00502808;"SPRF-BA";"DEL10-BA";"UOP03-DEL06-BA"
223513;2019-07-21;"domingo";"10:25:00";"SC";470;26,8;"ILHOTA";"Ingestão de Álcool";"Saída de leito carroçável";"Sem Vítimas";"Pleno dia";"Decrescente";"Sol";"Dupla";"Reta";"Não";1;0;0;0;1;0;0;1;-26,887402;-48,875191;"SPRF-SC";"DEL04-SC";"UOP04-DEL04-SC"
223515;2019-07-21;"domingo";"08:00:00";"MG";251;457;"GRAO MOGOL";"Velocidade Incompatível";"Saída de leito carroçável";"Com Vítimas Feridas";"Pleno dia";"Crescente";"Céu Claro";"Simples";"Curva";"Não";5;0;4;1;0;0;5;1;-16,41786952;-43,35991682;"SPRF-MG";"DEL12-MG";"UOP01-DEL12-MG"
223518;2019-07-21;"domingo";"10:40:00";"MG";381;519,2;"IGARAPE";"Velocidade Incompatível";"Saída de leito carroçável";"Com Vítimas Feridas";"Pleno dia";"Decrescente";"Sol";"Dupla";"Declive;Curva";"Não";1;0;1;0;0;0;1;1;-20,12834104;-44,30330781;"SPRF-MG";"DEL01-MG";"UOP03-DEL01-MG"
223520;2019-07-21;"domingo";"10:56:00";"DF";20;12,2;"BRASILIA";"Velocidade Incompatível";"Saída de leito carroçável";"Com Vítimas Feridas";"Pleno dia";"Decrescente";"Céu Claro";"Dupla";"Reta";"Sim";3;0;3;0;0;0;3;1;-15,64196501;-47,75653839;"SPRF-DF";"DEL02-DF";"UOP01-DEL02-DF"
223522;2019-07-21;"domingo";"05:50:00";"MG";116;257,5;"TEOFILO OTONI";"Condutor Dormindo";"Colisão frontal";"Com Vítimas Feridas";"Amanhecer";"Decrescente";"Chuva";"Simples";"Curva";"Sim";3;0;2;0;1;0;2;2;-17,70027116;-41,48347758;"SPRF-MG";"DEL11-MG";"UOP01-DEL11-MG"
223523;2019-07-21;"domingo";"10:35:00";"RN";226;117,7;"SANTA CRUZ";"Pista Escorregadia";"Colisão com objeto estático";"Sem Vítimas";"Pleno dia";"Crescente";"Chuva";"Simples";"Curva";"Não";4;0;0;0;4;0;0;1;-6,194071;-36,050365;"SPRF-RN";"DEL03-RN";"UOP02-DEL03-RN"
223524;2019-07-21;"domingo";"08:30:00";"PE";232;310,9;"SERTANIA";"Falta de Atenção à Condução";"Saída de leito carroçável";"Sem Vítimas";"Pleno dia";"Crescente";"Chuva";"Simples";"Curva";"Sim";1;0;0;0;1;0;0;1;-8,15426602;-37,46519215;"SPRF-PE";"DEL03-PE";"UOP02-DEL03-PE"
223525;2019-07-21;"domingo";"10:50:00";"SE";101;99;"SAO CRISTOVAO";"Defeito Mecânico no Veículo";"Queda de ocupante de veículo";"Com Vítimas Feridas";"Pleno dia";"Decrescente";"Nublado";"Dupla";"Curva";"Não";2;0;2;0;0;0;2;1;-10,93360681;-37,18950023;"SPRF-SE";"DEL02-SE";"UOP01-DEL02-SE"
223526;2019-07-21;"domingo";"10:20:00";"RO";364;237;"CACOAL";"Desobediência às normas de trânsito pelo condutor";"Colisão transversal";"Com Vítimas Feridas";"Pleno dia";"Decrescente";"Sol";"Simples";"Reta";"Sim";4;0;1;1;1;1;2;3;-11,44341056;-61,44672787;"SPRF-RO";"DEL02-RO";"UOP02-DEL02-RO"
223527;2019-07-21;"domingo";"11:30:00";"GO";153;508,9;"APARECIDA DE GOIANIA";"Falta de Atenção à Condução";"Queda de ocupante de veículo";"Com Vítimas Feridas";"Pleno dia";"Decrescente";"Céu Claro";"Dupla";"Reta";"Sim";1;0;0;1;0;0;1;1;-16,7804;-49,2371;"SPRF-GO";"DEL01-GO";"UOP03-DEL01-GO"
223528;2019-07-21;"domingo";"11:30:00";"BA";101;934;"MUCURI";"Ingestão de Álcool";"Colisão traseira";"Com Vítimas Feridas";"Pleno dia";"Crescente";"Chuva";"Simples";"Reta";"Sim";2;0;1;0;1;0;1;2;-18,16840196;-39,91873914;"SPRF-BA";"DEL09-BA";"UOP02-DEL09-BA"
223529;2019-07-21;"domingo";"10:50:00";"RS";116;502;"PELOTAS";"Falta de Atenção à Condução";"Tombamento";"Com Vítimas Feridas";"Pleno dia";"Decrescente";"Céu Claro";"Simples";"Reta";"Não";2;0;1;1;0;0;2;1;-31,56791105;-52,25884295;"SPRF-RS";"DEL07-RS";"UOP01-DEL07-RS"
223531;2019-07-21;"domingo";"10:00:00";"PB";230;328;"QUIXABA";"Mal Súbito";"Queda de ocupante de veículo";"Com Vítimas Feridas";"Pleno dia";"Decrescente";"Céu Claro";"Simples";"Curva";"Não";2;0;0;1;0;1;1;1;-7,0062;-37,2108;"SPRF-PB";"DEL03-PB";"UOP01-DEL03-PB"
223532;2019-07-21;"domingo";"12:08:00";"SC";101;145,2;"ITAPEMA";"Avarias e/ou desgaste excessivo no pneu";"Queda de ocupante de veículo";"Com Vítimas Feridas";"Pleno dia";"Decrescente";"Céu Claro";"Múltipla";"Reta";"Não";1;0;1;0;0;0;1;1;-27,08139206;-48,60130993;"SPRF-SC";"DEL04-SC";"UOP03-DEL04-SC"
223533;2019-07-21;"domingo";"12:10:00";"SC";101;217;"PALHOCA";"Não guardar distância de segurança";"Colisão traseira";"Com Vítimas Feridas";"Pleno dia";"Crescente";"Nublado";"Múltipla";"Reta";"Sim";2;0;0;1;1;0;1;2;-27,66779034;-48,67393586;"SPRF-SC";"DEL01-SC";"UOP02-DEL01-SC"
223534;2019-07-21;"domingo";"12:20:00";"SC";280;236;"CANOINHAS";"Desobediência às normas de trânsito pelo condutor";"Colisão traseira";"Com Vítimas Feridas";"Pleno dia";"Crescente";"Céu Claro";"Simples";"Reta";"Não";4;0;1;0;2;1;1;4;-26,19473731;-50,42288587;"SPRF-SC";"DEL06-SC";"UOP04-DEL06-SC"
223536;2019-07-21;"domingo";"12:40:00";"SP";116;214;"GUARULHOS";"Avarias e/ou desgaste excessivo no pneu";"Tombamento";"Com Vítimas Feridas";"Pleno dia";"Crescente";"Sol";"Múltipla";"Reta";"Sim";2;0;2;0;0;0;2;1;-23,44333014;-46,44531294;"SPRF-SP";"DEL01-SP";"UOP01-DEL01-SP"
223537;2019-07-21;"domingo";"12:30:00";"SP";381;86;"SAO PAULO";"Não guardar distância de segurança";"Colisão traseira";"Com Vítimas Feridas";"Pleno dia";"Crescente";"Céu Claro";"Dupla";"Reta";"Não";3;0;0;1;2;0;1;3;-23,45930499;-46,57161179;"SPRF-SP";"DEL03-SP";"UOP01-DEL03-SP"
223539;2019-07-21;"domingo";"12:55:00";"SP";116;57,2;"GUARATINGUETA";"Falta de Atenção à Condução";"Colisão com objeto estático";"Com Vítimas Feridas";"Pleno dia";"Crescente";"Sol";"Dupla";"Reta";"Não";1;0;1;0;0;0;1;1;-22,77454618;-45,13807087;"SPRF-SP";"DEL08-SP";"UOP01-DEL08-SP"
223542;2019-07-21;"domingo";"13:30:00";"PB";101;95,3;"CONDE";"Condutor Dormindo";"Saída de leito carroçável";"Com Vítimas Feridas";"Pleno dia";"Decrescente";"Nublado";"Dupla";"Reta";"Sim";1;0;1;0;0;0;1;1;-7,21492426;-34,91176128;"SPRF-PB";"DEL01-PB";"UOP01-DEL01-PB"
223543;2019-07-21;"domingo";"12:00:00";"RJ";116;177,3;"NOVA IGUACU";"Falta de Atenção à Condução";"Colisão lateral";"Com Vítimas Feridas";"Pleno dia";"Crescente";"Céu Claro";"Dupla";"Reta";"Sim";2;0;1;0;1;0;1;2;-22,78055198;-43,39208599;"SPRF-RJ";"DEL01-RJ";"UOP02-DEL01-RJ"
223544;2019-07-21;"domingo";"13:50:00";"SC";101;423,2;"ARARANGUA";"Falta de Atenção à Condução";"Tombamento";"Com Vítimas Feridas";"Pleno dia";"Crescente";"Nublado";"Dupla";"Reta";"Não";1;0;1;0;0;0;1;1;-29,01106757;-49,57413825;"SPRF-SC";"DEL02-SC";"UOP02-DEL02-SC"
223546;2019-06-23;"domingo";"07:30:00";"RN";427;96,6;"CAICO";"Ingestão de Álcool";"Atropelamento de Pedestre";"Com Vítimas Feridas";"Pleno dia";"Crescente";"Céu Claro";"Simples";"Declive";"Sim";2;0;0;1;0;1;1;2;-6,47209102;-37,07715101;"SPRF-RN";"DEL03-RN";"UOP01-DEL03-RN"
223549;2019-07-21;"domingo";"15:05:00";"RS";116;156,9;"CAXIAS DO SUL";"Pista Escorregadia";"Tombamento";"Com Vítimas Feridas";"Pleno dia";"Crescente";"Céu Claro";"Simples";"Curva";"Sim";2;0;1;0;0;1;1;2;-29,20731013;-51,17757864;"SPRF-RS";"DEL05-RS";"UOP01-DEL05-RS"
223550;2019-07-21;"domingo";"15:00:00";"SC";101;48;"JOINVILLE";"Não guardar distância de segurança";"Colisão traseira";"Com Vítimas Feridas";"Pleno dia";"Crescente";"Nublado";"Múltipla";"Curva";"Sim";2;0;1;0;0;1;1;2;-26,35345909;-48,85867862;"SPRF-SC";"DEL03-SC";"UOP01-DEL03-SC"
223552;2019-07-21;"domingo";"15:15:00";"PR";116;102;"SAO JOSE DOS PINHAIS";"Não guardar distância de segurança";"Colisão lateral";"Sem Vítimas";"Pleno dia";"Decrescente";"Nublado";"Dupla";"Reta";"Não";2;0;0;0;2;0;0;2;-25,5684592;-49,17772293;"SPRF-PR";"DEL01-PR";"UOP01-DEL01-PR"
223553;2019-07-21;"domingo";"09:45:00";"PB";230;408;"POMBAL";"Desobediência às normas de trânsito pelo condutor";"Colisão transversal";"Com Vítimas Feridas";"Pleno dia";"Crescente";"Nublado";"Simples";"Interseção de Vias";"Sim";2;0;0;1;1;0;1;2;-6,757518;-37,791432;"SPRF-PB";"DEL03-PB";"UOP02-DEL03-PB"
223554;2019-07-21;"domingo";"15:30:00";"SP";116;316;"JUQUITIBA";"Velocidade Incompatível";"Colisão lateral";"Com Vítimas Feridas";"Pleno dia";"Decrescente";"Céu Claro";"Dupla";"Reta";"Não";4;0;3;1;0;0;4;2;-23,91054997;-46,99149375;"SPRF-SP";"DEL04-SP";"UOP03-DEL04-SP"
223555;2019-07-21;"domingo";"15:50:00";"PE";232;7,2;"RECIFE";"Falta de Atenção à Condução";"Colisão traseira";"Com Vítimas Feridas";"Pleno dia";"Decrescente";"Nublado";"Dupla";"Reta";"Sim";4;0;2;0;1;1;2;3;-8,07333497;-34,96184301;"SPRF-PE";"DEL01-PE";"UOP01-DEL01-PE"
223556;2019-07-21;"domingo";"11:30:00";"MG";381;159;"GOVERNADOR VALADARES";"Falta de Atenção à Condução";"Colisão lateral";"Com Vítimas Feridas";"Pleno dia";"Crescente";"Céu Claro";"Simples";"Reta";"Não";4;0;3;1;0;0;4;2;-18,92455594;-42,01932801;"SPRF-MG";"DEL06-MG";"UOP01-DEL06-MG"
223557;2019-07-21;"domingo";"15:40:00";"ES";101;297;"VIANA";"Não guardar distância de segurança";"Colisão traseira";"Com Vítimas Feridas";"Pleno dia";"Decrescente";"Céu Claro";"Dupla";"Reta";"Sim";3;0;1;0;1;1;1;3;-20,34529844;-40,41026774;"SPRF-ES";"DEL01-ES";"UOP01-DEL01-ES"
223558;2019-07-21;"domingo";"15:30:00";"ES";101;296;"CARIACICA";"Falta de Atenção à Condução";"Capotamento";"Com Vítimas Feridas";"Pleno dia";"Decrescente";"Céu Claro";"Dupla";"Viaduto";"Sim";4;0;1;0;3;0;1;1;-20,34370146;-40,40651321;"SPRF-ES";"DEL01-ES";"UOP01-DEL01-ES"
223559;2019-07-21;"domingo";"15:40:00";"MG";116;415;"GOVERNADOR VALADARES";"Velocidade Incompatível";"Colisão traseira";"Com Vítimas Feridas";"Pleno dia";"Decrescente";"Céu Claro";"Simples";"Reta";"Sim";2;0;1;0;1;0;1;2;-18,88401297;-41,94924399;"SPRF-MG";"DEL06-MG";"UOP01-DEL06-MG"
223561;2019-07-21;"domingo";"15:30:00";"SP";116;119;"CACAPAVA";"Defeito Mecânico no Veículo";"Incêndio";"Sem Vítimas";"Pleno dia";"Decrescente";"Céu Claro";"Dupla";"Reta";"Sim";1;0;0;0;1;0;0;1;-23,06710044;-45,63562878;"SPRF-SP";"DEL06-SP";"UOP02-DEL02-SP"
223562;2019-07-21;"domingo";"14:35:00";"SC";282;644,5;"SAO MIGUEL DO OESTE";"Ultrapassagem Indevida";"Saída de leito carroçável";"Sem Vítimas";"Pleno dia";"Crescente";"Céu Claro";"Simples";"Curva;Aclive";"Não";3;0;0;0;2;1;0;3;-26,76541781;-53,48466933;"SPRF-SC";"DEL07-SC";"UOP03-DEL07-SC"
223565;2019-07-21;"domingo";"16:35:00";"RN";101;116;"SAO JOSE DE MIPIBU";"Falta de Atenção à Condução";"Colisão lateral";"Com Vítimas Feridas";"Pleno dia";"Crescente";"Nublado";"Dupla";"Reta";"Não";2;0;1;0;1;0;1;2;-5,998875;-35,26017;"SPRF-RN";"DEL01-RN";"UOP01-DEL01-RN"
223566;2019-07-21;"domingo";"16:30:00";"TO";153;145;"ARAGUAINA";"Ingestão de Álcool";"Queda de ocupante de veículo";"Com Vítimas Feridas";"Pleno dia";"Decrescente";"Céu Claro";"Dupla";"Reta";"Sim";1;0;1;0;0;0;1;1;-7,20503614;-48,24035166;"SPRF-TO";"DEL02-TO";"UOP01-DEL02-TO"
223567;2019-07-21;"domingo";"15:15:00";"MG";262;475,3;"BOM DESPACHO";"Falta de Atenção à Condução";"Colisão frontal";"Com Vítimas Feridas";"Pleno dia";"Crescente";"Sol";"Simples";"Reta";"Não";2;0;1;0;1;0;1;2;-19,786097;-45,236991;"SPRF-MG";"DEL08-MG";"UOP03-DEL08-MG"
223568;2019-07-21;"domingo";"14:30:00";"MG";50;29;"ARAGUARI";"Pista Escorregadia";"Queda de ocupante de veículo";"Com Vítimas Feridas";"Pleno dia";"Crescente";"Céu Claro";"Dupla";"Curva";"Não";1;0;0;1;0;0;1;1;-18,62034416;-48,11087208;"SPRF-MG";"DEL15-MG";"UOP02-DEL15-MG"
223569;2019-07-21;"domingo";"16:40:00";"PE";101;69,7;"RECIFE";"Falta de Atenção à Condução";"Saída de leito carroçável";"Com Vítimas Feridas";"Pleno dia";"Crescente";"Garoa/Chuvisco";"Dupla";"Curva";"Sim";1;0;0;1;0;0;1;1;-8,05951606;-34,94581024;"SPRF-PE";"DEL01-PE";"UOP01-DEL01-PE"
223570;2019-07-21;"domingo";"13:10:00";"SC";116;284,3;"CAPAO ALTO";"Falta de Atenção à Condução";"Colisão transversal";"Com Vítimas Fatais";"Pleno dia";"Crescente";"Céu Claro";"Simples";"Curva";"Não";3;2;0;0;1;0;0;2;-28,071781;-50,57883399;"SPRF-SC";"DEL05-SC";"UOP02-DEL05-SC"
223571;2019-07-21;"domingo";"16:48:00";"GO";60;305,1;"ACREUNA";"Falta de Atenção à Condução";"Colisão lateral";"Com Vítimas Feridas";"Pleno dia";"Crescente";"Céu Claro";"Dupla";"Reta";"Sim";2;0;0;1;1;0;1;2;-17,3862;-50,375;"SPRF-GO";"DEL04-GO";"UOP01-DEL04-GO"
223573;2019-07-21;"domingo";"17:25:00";"PR";272;368,6;"CAMPO MOURAO";"Desobediência às normas de trânsito pelo condutor";"Colisão transversal";"Com Vítimas Feridas";"Pleno dia";"Crescente";"Céu Claro";"Simples";"Reta";"Sim";3;0;1;2;0;0;3;2;-24,05475193;-52,41061403;"SPRF-PR";"DEL04-PR";"UOP03-DEL09-PR"
223576;2019-07-21;"domingo";"17:00:00";"SC";470;140,2;"RIO DO SUL";"Falta de Atenção à Condução";"Colisão transversal";"Com Vítimas Feridas";"Pleno dia";"Crescente";"Céu Claro";"Simples";"Retorno Regulamentado";"Sim";2;0;0;1;1;0;1;2;-27,20461728;-49,63838881;"SPRF-SC";"DEL04-SC";"UOP02-DEL04-SC"
223577;2019-07-21;"domingo";"17:30:00";"RJ";101;294;"ITABORAI";"Desobediência às normas de trânsito pelo condutor";"Atropelamento de Pedestre";"Com Vítimas Feridas";"Anoitecer";"Decrescente";"Céu Claro";"Dupla";"Reta";"Sim";2;0;1;0;0;1;1;2;-22,7584434;-42,89502344;"SPRF-RJ";"DEL02-RJ";"DEL5/2-UOP04/RJ"
223578;2019-07-21;"domingo";"17:30:00";"SP";381;23;"BRAGANCA PAULISTA";"Desobediência às normas de trânsito pelo condutor";"Colisão lateral";"Com Vítimas Feridas";"Pleno dia";"Crescente";"Céu Claro";"Dupla";"Reta";"Não";4;0;1;0;3;0;1;3;-23,00476488;-46,52061531;"SPRF-SP";"DEL03-SP";"UOP02-DEL03-SP"
223579;2019-07-21;"domingo";"15:30:00";"GO";158;30;"BOM JARDIM DE GOIAS";"Falta de Atenção à Condução";"Colisão lateral";"Sem Vítimas";"Pleno dia";"Crescente";"Céu Claro";"Simples";"Reta";"Não";2;0;0;0;2;0;0;2;-16,10132192;-52,16519637;"SPRF-GO";"DEL04-GO";"UOP01-DEL04-GO"
223580;2019-07-21;"domingo";"14:05:00";"MG";262;632,7;"IBIA";"Não guardar distância de segurança";"Colisão traseira";"Sem Vítimas";"Pleno dia";"Decrescente";"Sol";"Simples";"Reta";"Não";2;0;0;0;2;0;0;2;-19,58664709;-46,47394096;"SPRF-MG";"DEL08-MG";"UOP01-DEL08-MG"
223581;2019-07-21;"domingo";"17:00:00";"PI";343;10;"PARNAIBA";"Falta de Atenção à Condução";"Tombamento";"Com Vítimas Feridas";"Pleno dia";"Crescente";"Sol";"Simples";"Reta";"Sim";2;0;0;1;0;1;1;2;-2,902034;-41,741646;"SPRF-PI";"DEL05-PI";"UOP01-DEL05-PI"
223582;2019-07-21;"domingo";"18:15:00";"ES";101;239,7;"FUNDAO";"Falta de Atenção à Condução";"Colisão transversal";"Com Vítimas Feridas";"Plena Noite";"Decrescente";"Chuva";"Simples";"Reta";"Não";2;0;1;0;1;0;1;2;-20,01126375;-40,40642923;"SPRF-ES";"DEL02-ES";"UOP01-DEL02-ES"
223583;2019-07-21;"domingo";"17:40:00";"CE";222;6;"CAUCAIA";"Falta de Atenção do Pedestre";"Atropelamento de Pedestre";"Com Vítimas Feridas";"Anoitecer";"Decrescente";"Céu Claro";"Dupla";"Reta";"Sim";2;0;0;1;0;1;1;2;-3,74539216;-38,62188041;"SPRF-CE";"DEL01-CE";"UOP01-DEL01-CE"
223585;2019-07-21;"domingo";"18:20:00";"RS";116;236,9;"NOVO HAMBURGO";"Desobediência às normas de trânsito pelo pedestre";"Atropelamento de Pedestre";"Com Vítimas Feridas";"Plena Noite";"Crescente";"Nublado";"Dupla";"Reta";"Sim";3;0;0;1;2;0;1;2;-29,66938502;-51,14304731;"SPRF-RS";"DEL01-RS";"UOP02-DEL01-RS"
223586;2019-07-21;"domingo";"18:40:00";"GO";251;32,4;"CRISTALINA";"Falta de Atenção à Condução";"Colisão lateral";"Com Vítimas Feridas";"Anoitecer";"Decrescente";"Vento";"Simples";"Reta";"Sim";2;0;0;1;1;0;1;2;-16,06326896;-47,53299236;"SPRF-DF";"DEL01-DF";"UOP01-DEL01-DF"
223587;2019-07-21;"domingo";"18:30:00";"GO";40;5,5;"VALPARAISO DE GOIAS";"Falta de Atenção à Condução";"Colisão lateral";"Com Vítimas Feridas";"Plena Noite";"Decrescente";"Céu Claro";"Dupla";"Reta";"Sim";4;0;0;1;3;0;1;2;-16,09717209;-47,97955508;"SPRF-DF";"DEL01-DF";"UOP01-DEL01-DF"
223589;2019-07-21;"domingo";"18:30:00";"AL";104;88;"RIO LARGO";"Falta de Atenção à Condução";"Colisão transversal";"Com Vítimas Feridas";"Plena Noite";"Decrescente";"Nublado";"Dupla";"Retorno Regulamentado";"Sim";2;0;1;0;1;0;1;2;-9,48375193;-35,81815581;"SPRF-AL";"DEL01-AL";"UOP01-DEL01-AL"
223590;2019-07-21;"domingo";"18:40:00";"PR";116;90;"PIRAQUARA";"Animais na Pista";"Atropelamento de Animal";"Com Vítimas Feridas";"Plena Noite";"Crescente";"Céu Claro";"Dupla";"Reta";"Sim";1;0;1;0;0;0;1;1;-25,4611174;-49,08880123;"SPRF-PR";"DEL01-PR";"UOP01-DEL01-PR"
223591;2019-07-21;"domingo";"18:10:00";"PE";101;31;"IGARASSU";"Velocidade Incompatível";"Colisão traseira";"Com Vítimas Feridas";"Plena Noite";"Decrescente";"Nublado";"Dupla";"Reta";"Sim";3;0;1;0;2;0;1;2;-7,74443874;-34,93872764;"SPRF-PE";"DEL01-PE";"UOP02-DEL01-PE"
223593;2019-07-21;"domingo";"19:00:00";"PR";369;174,9;"ROLANDIA";"Ingestão de Álcool";"Colisão com objeto estático";"Com Vítimas Feridas";"Plena Noite";"Decrescente";"Céu Claro";"Simples";"Reta";"Sim";2;0;2;0;0;0;2;1;-23,32156769;-51,38275623;"SPRF-PR";"DEL07-PR";"UOP01-DEL07-PR"
223594;2019-07-21;"domingo";"18:20:00";"RJ";101;477;"ANGRA DOS REIS";"Desobediência às normas de trânsito pelo condutor";"Atropelamento de Pedestre";"Com Vítimas Feridas";"Plena Noite";"Decrescente";"Céu Claro";"Simples";"Curva";"Sim";2;0;1;0;1;0;1;2;-22,99820396;-44,26554599;"SPRF-RJ";"DEL03-RJ";"UOP03-DEL03-RJ"
223595;2019-07-21;"domingo";"16:00:00";"MG";116;765,1;"LEOPOLDINA";"Falta de Atenção à Condução";"Engavetamento";"Com Vítimas Feridas";"Pleno dia";"Crescente";"Céu Claro";"Simples";"Reta";"Não";5;0;3;0;2;0;3;3;-21,5197389;-42,6491103;"SPRF-MG";"DEL07-MG";"UOP01-DEL07-MG"
223597;2019-07-21;"domingo";"18:50:00";"PR";476;127,5;"CURITIBA";"Falta de Atenção à Condução";"Colisão frontal";"Com Vítimas Fatais";"Plena Noite";"Crescente";"Céu Claro";"Múltipla";"Viaduto";"Sim";3;1;0;0;1;1;0;3;-25,425167;-49,227158;"SPRF-PR";"DEL01-PR";"UOP07-DEL01-PR"
223598;2019-07-21;"domingo";"18:00:00";"PB";104;132,4;"QUEIMADAS";"Falta de Atenção à Condução";"Colisão traseira";"Com Vítimas Feridas";"Anoitecer";"Crescente";"Garoa/Chuvisco";"Simples";"Reta";"Não";3;0;1;0;1;1;1;2;-7,30787596;-35,89344027;"SPRF-PB";"DEL02-PB";"UOP03-DEL02-PB"
223599;2019-07-21;"domingo";"18:30:00";"SE";101;176,5;"SANTA LUZIA DO ITANHY";"Falta de Atenção à Condução";"Colisão lateral";"Com Vítimas Feridas";"Plena Noite";"Decrescente";"Nublado";"Simples";"Reta";"Não";2;0;1;0;1;0;1;2;-11,34921696;-37,61704722;"SPRF-SE";"DEL02-SE";"UOP03-DEL02-SE"
223600;2019-07-21;"domingo";"18:20:00";"MG";365;689,8;"MONTE ALEGRE DE MINAS";"Falta de Atenção do Pedestre";"Atropelamento de Pedestre";"Com Vítimas Feridas";"Plena Noite";"Decrescente";"Vento";"Dupla";"Curva";"Sim";5;0;0;1;4;0;1;2;-18,87617045;-48,89351998;"SPRF-MG";"DEL15-MG";"UOP03-DEL15-MG"
223601;2019-07-21;"domingo";"12:30:00";"PB";230;163,3;"CAMPINA GRANDE";"Defeito Mecânico no Veículo";"Colisão frontal";"Com Vítimas Feridas";"Pleno dia";"Crescente";"Chuva";"Simples";"Curva;Aclive";"Sim";10;0;10;0;0;0;10;2;-7,210227;-35,93243;"SPRF-PB";"DEL02-PB";"UOP01-DEL02-PB"
223602;2019-07-21;"domingo";"18:55:00";"MG";381;442;"SABARA";"Velocidade Incompatível";"Saída de leito carroçável";"Com Vítimas Feridas";"Plena Noite";"Crescente";"Céu Claro";"Simples";"Declive;Reta";"Não";1;0;1;0;0;0;1;1;-19,8183901;-43,81131985;"SPRF-MG";"DEL01-MG";"UOP01-DEL01-MG"
223603;2019-07-21;"domingo";"18:50:00";"BA";116;414;"FEIRA DE SANTANA";"Ultrapassagem Indevida";"Colisão lateral";"Com Vítimas Feridas";"Plena Noite";"Crescente";"Nublado";"Simples";"Reta";"Não";3;0;0;1;2;0;1;3;-12,15091699;-38,96471948;"SPRF-BA";"DEL02-BA";"UOP01-DEL02-BA"
223604;2019-07-21;"domingo";"18:35:00";"SP";116;208;"GUARULHOS";"Não guardar distância de segurança";"Colisão traseira";"Com Vítimas Feridas";"Plena Noite";"Crescente";"Nublado";"Dupla";"Reta";"Não";4;0;2;0;2;0;2;3;-23,42222263;-46,3932771;"SPRF-SP";"DEL01-SP";"UOP01-DEL01-SP"
223605;2019-07-21;"domingo";"18:00:00";"MT";163;754,6;"SORRISO";"Ingestão de Álcool";"Queda de ocupante de veículo";"Com Vítimas Feridas";"Anoitecer";"Crescente";"Céu Claro";"Dupla";"Reta";"Sim";2;0;2;0;0;0;2;1;-12,63198432;-55,77543862;"SPRF-MT";"DEL06-MT";"UOP01-DEL06-MT"