"id";"data_inversa";"dia_semana";"horario";"uf";"br";"km";"municipio";"causa_acidente";"tipo_acidente";"classificacao_acidente";"fase_dia";"sentido_via";"condicao_metereologica";"tipo_pista";"tracado_via";"uso_solo";"pessoas";"mortos";"feridos_leves";"feridos_graves";"ilesos";"ignorados";"feridos";"veiculos";"latitude";"longitude";"regional";"delegacia";"uop"
224764;2019-02-16;"sábado";"12:35:00";"SC";282;1;"FLORIANOPOLIS";"Falta de Atenção do Pedestre";"Atropelamento de Pedestre";"Com Vítimas Feridas";"Pleno dia";"Crescente";"Nublado";"Dupla";"Reta";"Não";2;0;0;2;0;0;2;2;-27,602955;-48,580509;"SPRF-SC";"DEL01-SC";"UOP01-DEL01-SC"
224765;2019-07-26;"sexta-feira";"16:00:00";"SC";470;39,8;"GASPAR";"Falta de Atenção à Condução";"Colisão lateral";"Com Vítimas Feridas";"Pleno dia";"Decrescente";"Nublado";"Simples";"Reta";"Não";3;0;2;0;1;0;2;2;-26,89025822;-48,99029016;"SPRF-SC";"DEL04-SC";"UOP01-DEL04-SC"
224766;2019-07-26;"sexta-feira";"16:35:00";"ES";101;0,5;"SERRA";"Não guardar distância de segurança";"Colisão lateral";"Sem Vítimas";"Pleno dia";"Decrescente";"Céu Claro";"Dupla";"Reta";"Sim";2;0;0;0;2;0;0;2;-20,25115587;-40,28692068;"SPRF-ES";"DEL02-ES";"UOP01-DEL02-ES"
224767;2019-07-26;"sexta-feira";"13:30:00";"MG";40;130;"JOAO PINHEIRO";"Falta de Atenção à Condução";"Queda de ocupante de veículo";"Com Vítimas Feridas";"Pleno dia";"Decrescente";"Céu Claro";"Simples";"Reta";"Sim";1;0;0;1;0;0;1;1;-17,70612195;-46,28554299;"SPRF-MG";"DEL14-MG";"UOP01-DEL14-MG"
224770;2019-07-26;"sexta-feira";"16:00:00";"MG";262;34,2;"MANHUACU";"Falta de Atenção à Condução";"Colisão transversal";"Sem Vítimas";"Pleno dia";"Decrescente";"Nublado";"Simples";"Rotatória";"Sim";2;0;0;0;2;0;0;2;-20,25692664;-42,01099203;"SPRF-MG";"DEL06-MG";"UOP03-DEL06-MG"
224771;2019-07-26;"sexta-feira";"15:30:00";"RO";429;230,2;"SERINGUEIRAS";"Desobediência às normas de trânsito pelo condutor";"Colisão transversal";"Com Vítimas Fatais";"Pleno dia";"Crescente";"Céu Claro";"Simples";"Reta";"Não";2;1;0;0;1;0;0;2;-11,94687221;-63,25531973;"SPRF-RO";"DEL02-RO";"UOP03-DEL02-RO"
224772;2019-07-26;"sexta-feira";"16:30:00";"MG";40;525,7;"CONTAGEM";"Ingestão de álcool e/ou substâncias psicoativas pelo pedestre";"Atropelamento de Pedestre";"Com Vítimas Feridas";"Pleno dia";"Decrescente";"Sol";"Dupla";"Reta";"Sim";2;0;0;1;1;0;1;2;-19,88983758;-44,0499575;"SPRF-MG";"DEL01-MG";"UOP02-DEL01-MG"
224773;2019-07-26;"sexta-feira";"06:00:00";"MG";40;614,9;"CONGONHAS";"Defeito Mecânico no Veículo";"Incêndio";"Sem Vítimas";"Amanhecer";"Crescente";"Céu Claro";"Simples";"Aclive;Reta";"Não";1;0;0;0;1;0;0;1;-20,52977973;-43,82351464;"SPRF-MG";"DEL05-MG";"UOP02-DEL05-MG"
224774;2019-07-26;"sexta-feira";"16:45:00";"PE";408;84,4;"PAUDALHO";"Velocidade Incompatível";"Saída de leito carroçável";"Com Vítimas Feridas";"Pleno dia";"Decrescente";"Chuva";"Dupla";"Curva";"Não";2;0;2;0;0;0;2;1;-7,954064;-35,107443;"SPRF-PE";"DEL01-PE";"UOP01-DEL01-PE"
224775;2019-07-26;"sexta-feira";"14:30:00";"RR";401;57;"BONFIM";"Pista Escorregadia";"Saída de leito carroçável";"Com Vítimas Feridas";"Pleno dia";"Decrescente";"Chuva";"Simples";"Curva";"Não";3;0;3;0;0;0;3;1;3,11119542;-60,33138325;"SPRF-RR";"DEL01-RR";"UOP03/RR"
224776;2019-07-26;"sexta-feira";"17:15:00";"PR";277;721;"FOZ DO IGUACU";"Desobediência às normas de trânsito pelo condutor";"Colisão transversal";"Com Vítimas Feridas";"Anoitecer";"Decrescente";"Garoa/Chuvisco";"Dupla";"Interseção de Vias";"Sim";3;0;2;0;1;0;2;2;-25,4911505;-54,51185421;"SPRF-PR";"DEL05-PR";"UOP01-DEL05-PR"
224777;2019-07-26;"sexta-feira";"17:20:00";"SC";101;220;"PALHOCA";"Falta de Atenção à Condução";"Colisão transversal";"Com Vítimas Feridas";"Pleno dia";"Crescente";"Céu Claro";"Múltipla";"Reta";"Sim";2;0;0;1;1;0;1;2;-27,69198941;-48,66368358;"SPRF-SC";"DEL01-SC";"UOP02-DEL01-SC"
224778;2019-07-26;"sexta-feira";"16:00:00";"ES";101;2,4;"VITORIA";"Falta de Atenção à Condução";"Tombamento";"Com Vítimas Feridas";"Pleno dia";"Crescente";"Céu Claro";"Dupla";"Reta";"Sim";1;0;1;0;0;0;1;1;-20,3154;-40,3018;"SPRF-ES";"DEL02-ES";"UOP01-DEL02-ES"
224779;2019-07-26;"sexta-feira";"17:10:00";"RS";116;242;"SAO LEOPOLDO";"Falta de Atenção à Condução";"Colisão traseira";"Com Vítimas Feridas";"Anoitecer";"Crescente";"Nublado";"Dupla";"Reta";"Sim";2;0;1;0;1;0;1;2;-29,72297087;-51,14858729;"SPRF-RS";"DEL01-RS";"UOP02-DEL01-RS"
224782;2019-07-26;"sexta-feira";"17:00:00";"RJ";116;165;"RIO DE JANEIRO";"Falta de Atenção à Condução";"Colisão traseira";"Com Vítimas Feridas";"Anoitecer";"Crescente";"Céu Claro";"Múltipla";"Reta";"Não";4;0;1;0;3;0;1;3;-22,81548519;-43,29087405;"SPRF-RJ";"DEL01-RJ";"UOP02-DEL01-RJ"
224784;2019-07-26;"sexta-feira";"17:40:00";"DF";70;15,3;"BRASILIA";"Falta de Atenção à Condução";"Colisão traseira";"Com Vítimas Feridas";"Anoitecer";"Crescente";"Sol";"Dupla";"Reta;Declive";"Não";2;0;1;0;1;0;1;2;-15,798888;-48,185043;"SPRF-DF";"DEL01-DF";"UOP02-DEL03-DF"
224786;2019-07-26;"sexta-feira";"17:50:00";"BA";116;425;"FEIRA DE SANTANA";"Ingestão de Álcool";"Colisão frontal";"Com Vítimas Feridas";"Anoitecer";"Decrescente";"Céu Claro";"Simples";"Declive";"Sim";3;0;1;0;2;0;1;3;-12,23736613;-38,97999588;"SPRF-BA";"DEL02-BA";"UOP01-DEL02-BA"
224787;2019-07-26;"sexta-feira";"16:40:00";"PE";101;68,9;"RECIFE";"Falta de Atenção à Condução";"Engavetamento";"Sem Vítimas";"Pleno dia";"Crescente";"Chuva";"Múltipla";"Interseção de Vias";"Sim";3;0;0;0;2;1;0;3;-8,05074296;-34,94580619;"SPRF-PE";"DEL01-PE";"UOP01-DEL01-PE"
224788;2019-07-26;"sexta-feira";"17:50:00";"GO";60;386;"RIO VERDE";"Falta de Atenção à Condução";"Queda de ocupante de veículo";"Com Vítimas Feridas";"Pleno dia";"Crescente";"Céu Claro";"Dupla";"Viaduto";"Sim";2;0;2;0;0;0;2;1;-17,8029;-50,9205;"SPRF-GO";"DEL04-GO";"UOP01-DEL04-GO"
224791;2019-07-26;"sexta-feira";"17:00:00";"RS";386;384,6;"TABAI";"Falta de Atenção à Condução";"Saída de leito carroçável";"Com Vítimas Feridas";"Pleno dia";"Crescente";"Garoa/Chuvisco";"Dupla";"Reta";"Não";1;0;1;0;0;0;1;1;-29,69150303;-51,70704603;"SPRF-RS";"DEL04-RS";"UOP02-DEL04-RS"
224792;2019-07-26;"sexta-feira";"17:41:00";"PE";408;56;"NAZARE DA MATA";"Falta de Atenção à Condução";"Colisão transversal";"Com Vítimas Feridas";"Anoitecer";"Decrescente";"Chuva";"Simples";"Interseção de Vias";"Sim";3;0;3;0;0;0;3;2;-7,77994878;-35,23919365;"SPRF-PE";"DEL01-PE";"UOP01-DEL01-PE"
224793;2019-07-26;"sexta-feira";"18:40:00";"SC";470;68,9;"INDAIAL";"Falta de Atenção do Pedestre";"Atropelamento de Pedestre";"Com Vítimas Feridas";"Plena Noite";"Decrescente";"Nublado";"Simples";"Rotatória";"Sim";2;0;0;1;1;0;1;2;-26,88390438;-49,24727798;"SPRF-SC";"DEL04-SC";"UOP01-DEL04-SC"
224794;2019-07-26;"sexta-feira";"18:15:00";"RJ";465;3;"SEROPEDICA";"Falta de Atenção à Condução";"Colisão transversal";"Com Vítimas Feridas";"Plena Noite";"Crescente";"Céu Claro";"Simples";"Reta";"Sim";3;0;0;1;2;0;1;2;-22,73427;-43,711994;"SPRF-RJ";"DEL01-RJ";"UOP01-DEL01-MS"
224795;2019-07-26;"sexta-feira";"18:20:00";"SC";470;51,7;"BLUMENAU";"Falta de Atenção à Condução";"Tombamento";"Com Vítimas Feridas";"Plena Noite";"Crescente";"Nublado";"Simples";"Reta";"Sim";1;0;1;0;0;0;1;1;-26,862339;-49,084038;"SPRF-SC";"DEL04-SC";"UOP01-DEL04-SC"
224796;2019-07-26;"sexta-feira";"18:20:00";"SP";381;78;"SAO PAULO";"Falta de Atenção do Pedestre";"Atropelamento de Pedestre";"Com Vítimas Feridas";"Anoitecer";"Decrescente";"Céu Claro";"Dupla";"Curva";"Sim";2;0;0;1;1;0;1;2;-23,39620774;-46,57355227;"SPRF-SP";"DEL03-SP";"UOP01-DEL03-SP"
224797;2019-07-26;"sexta-feira";"16:35:00";"MS";163;466,4;"CAMPO GRANDE";"Falta de Atenção à Condução";"Colisão lateral";"Com Vítimas Feridas";"Pleno dia";"Decrescente";"Céu Claro";"Simples";"Rotatória";"Sim";2;0;1;0;1;0;1;2;-20,58566898;-54,58258181;"SPRF-MS";"DEL01-MS";"UOP01-DEL01-MS"
224800;2019-07-26;"sexta-feira";"18:00:00";"RN";406;68;"JANDAIRA";"Falta de Atenção do Pedestre";"Atropelamento de Pedestre";"Com Vítimas Feridas";"Plena Noite";"Decrescente";"Céu Claro";"Simples";"Reta";"Sim";2;0;0;2;0;0;2;2;-5,37791581;-36,08016391;"SPRF-RN";"DEL02-RN";"UOP01-DEL02-RN"
224801;2019-07-26;"sexta-feira";"17:05:00";"BA";116;27,8;"VITORIA DA CONQUISTA";"Falta de Atenção à Condução";"Colisão transversal";"Com Vítimas Feridas";"Pleno dia";"Decrescente";"Nublado";"Simples";"Reta";"Não";2;0;1;0;1;0;1;2;-14,84521201;-40,81415308;"SPRF-BA";"DEL08-BA";"UOP01-DEL08-BA"
224803;2019-07-21;"domingo";"00:30:00";"ES";101;84;"SAO MATEUS";"Ingestão de Álcool";"Saída de leito carroçável";"Sem Vítimas";"Plena Noite";"Crescente";"Chuva";"Simples";"Reta";"Não";1;0;0;0;1;0;0;1;-18,85087778;-39,9287233;"SPRF-ES";"DEL04-ES";"UOP02-DEL04-ES"
224805;2019-07-26;"sexta-feira";"17:45:00";"MG";116;430,2;"ALPERCATA";"Falta de Atenção à Condução";"Colisão transversal";"Com Vítimas Feridas";"Anoitecer";"Decrescente";"Céu Claro";"Simples";"Interseção de Vias;Reta;Aclive";"Não";2;0;0;2;0;0;2;2;-18,99809891;-41,97757268;"SPRF-MG";"DEL06-MG";"UOP01-DEL06-MG"
224806;2019-07-26;"sexta-feira";"19:00:00";"RN";304;69;"MOSSORO";"Defeito na Via";"Queda de ocupante de veículo";"Com Vítimas Feridas";"Plena Noite";"Crescente";"Nublado";"Simples";"Reta";"Não";2;0;1;1;0;0;2;1;-5,3941491;-37,22978817;"SPRF-RN";"DEL04-RN";"UOP01-DEL04-RN"
224807;2019-07-26;"sexta-feira";"19:30:00";"SC";101;113;"ITAJAI";"Falta de Atenção à Condução";"Colisão lateral";"Com Vítimas Feridas";"Plena Noite";"Decrescente";"Nublado";"Dupla";"Reta";"Não";2;0;1;0;1;0;1;2;-26,85311393;-48,72689927;"SPRF-SC";"DEL04-SC";"UOP04-DEL04-SC"
224809;2019-07-26;"sexta-feira";"18:50:00";"PR";369;149;"LONDRINA";"Desobediência às normas de trânsito pelo condutor";"Engavetamento";"Sem Vítimas";"Plena Noite";"Decrescente";"Céu Claro";"Dupla";"Reta;Declive";"Sim";3;0;0;0;2;1;0;3;-23,29295365;-51,15204334;"SPRF-PR";"DEL07-PR";"UOP01-DEL07-PR"
224812;2019-07-26;"sexta-feira";"19:40:00";"PR";277;344,1;"GUARAPUAVA";"Velocidade Incompatível";"Colisão lateral";"Com Vítimas Feridas";"Plena Noite";"Crescente";"Céu Claro";"Dupla";"Reta";"Sim";3;0;1;2;0;0;3;2;-25,36472131;-51,47707528;"SPRF-PR";"DEL03-PR";"UOP01-DEL08-PR"
224814;2019-07-26;"sexta-feira";"19:00:00";"PE";423;27;"SAO CAITANO";"Restrição de Visibilidade";"Colisão traseira";"Com Vítimas Feridas";"Plena Noite";"Crescente";"Garoa/Chuvisco";"Simples";"Reta";"Não";3;0;1;1;0;1;2;2;-8,39548998;-36,18077804;"SPRF-PE";"DEL02-PE";"UOP03-DEL02-PE"
224816;2019-07-26;"sexta-feira";"19:15:00";"PA";10;222;"IPIXUNA DO PARA";"Falta de Atenção do Pedestre";"Atropelamento de Pedestre";"Com Vítimas Fatais";"Plena Noite";"Crescente";"Céu Claro";"Simples";"Reta";"Não";2;1;0;0;1;0;0;2;-2,487134;-47,5104323;"SPRF-PA";"DEL02-PA";"UOP01-DEL02-PA"
224817;2019-07-26;"sexta-feira";"20:30:00";"AL";101;158,9;"CAMPO ALEGRE";"Velocidade Incompatível";"Capotamento";"Com Vítimas Feridas";"Plena Noite";"Crescente";"Céu Claro";"Dupla";"Reta";"Não";2;0;2;0;0;0;2;1;-9,90328408;-36,22849501;"SPRF-AL";"DEL02-AL";"UOP02-DEL02-AL"
224818;2019-07-26;"sexta-feira";"19:30:00";"BA";101;763,2;"ITABELA";"Ultrapassagem Indevida";"Colisão frontal";"Com Vítimas Fatais";"Plena Noite";"Crescente";"Chuva";"Simples";"Reta";"Não";7;2;0;5;0;0;5;2;-16,85914294;-39,49450809;"SPRF-BA";"DEL09-BA";"UOP01-DEL09-BA"
224819;2019-07-26;"sexta-feira";"20:00:00";"RJ";101;392;"RIO DE JANEIRO";"Carga excessiva e/ou mal acondicionada";"Queda de ocupante de veículo";"Com Vítimas Feridas";"Plena Noite";"Crescente";"Céu Claro";"Dupla";"Reta";"Não";2;0;1;0;1;0;1;2;-22,89265625;-43,6945091;"SPRF-RJ";"DEL03-RJ";"UOP01-DEL03-RJ"
224820;2019-07-26;"sexta-feira";"19:50:00";"ES";101;256;"SERRA";"Velocidade Incompatível";"Colisão frontal";"Com Vítimas Feridas";"Plena Noite";"Crescente";"Céu Claro";"Dupla";"Reta";"Não";2;0;0;1;0;1;1;2;-20,119123;-40,311005;"SPRF-ES";"DEL02-ES";"UOP01-DEL02-ES"
224821;2019-07-26;"sexta-feira";"19:15:00";"PR";277;594,6;"CASCAVEL";"Restrição de Visibilidade";"Colisão traseira";"Com Vítimas Feridas";"Plena Noite";"Crescente";"Nevoeiro/Neblina";"Simples";"Rotatória";"Não";2;0;1;0;1;0;1;2;-24,9794792;-53,49232599;"SPRF-PR";"DEL04-PR";"UOP01-DEL04-PR"
224822;2019-07-26;"sexta-feira";"20:10:00";"CE";116;12;"FORTALEZA";"Ingestão de Álcool";"Colisão lateral";"Com Vítimas Feridas";"Plena Noite";"Crescente";"Céu Claro";"Múltipla";"Reta";"Sim";1;0;0;1;0;0;1;1;-3,852077;-38,495525;"SPRF-CE";"DEL01-CE";"UOP02-DEL01-CE"
224826;2019-07-26;"sexta-feira";"20:00:00";"MG";116;184,8;"CARAI";"Desobediência às normas de trânsito pelo condutor";"Colisão lateral";"Com Vítimas Feridas";"Plena Noite";"Decrescente";"Nublado";"Simples";"Curva";"Não";2;0;0;1;1;0;1;2;-17,11628102;-41,50307416;"SPRF-MG";"DEL11-MG";"UOP01-DEL11-MG"
224827;2019-07-26;"sexta-feira";"20:50:00";"TO";226;25;"PALMEIRAS DO TOCANTINS";"Falta de Atenção à Condução";"Colisão traseira";"Com Vítimas Feridas";"Plena Noite";"Decrescente";"Céu Claro";"Simples";"Reta";"Não";4;0;0;2;2;0;2;3;-6,638903;-47,658455;"SPRF-TO";"DEL02-TO";"UOP03-DEL02-TO"
224828;2019-07-26;"sexta-feira";"20:45:00";"SP";153;62,4;"SAO JOSE DO RIO PRETO";"Mal Súbito";"Colisão com objeto estático";"Com Vítimas Feridas";"Plena Noite";"Decrescente";"Céu Claro";"Dupla";"Reta";"Sim";1;0;0;1;0;0;1;1;-20,81325404;-49,35675563;"SPRF-SP";"DEL09-SP";"UOP01-DEL09-SP"
224829;2019-07-26;"sexta-feira";"20:40:00";"BA";324;529;"FEIRA DE SANTANA";"Pista Escorregadia";"Queda de ocupante de veículo";"Com Vítimas Feridas";"Plena Noite";"Decrescente";"Chuva";"Dupla";"Reta;Declive";"Não";1;0;1;0;0;0;1;1;-12,32272991;-38,86892893;"SPRF-BA";"DEL01-BA";"UOP01-DEL01-BA"
224830;2019-07-26;"sexta-feira";"20:45:00";"RJ";116;81,9;"TERESOPOLIS";"Pista Escorregadia";"Queda de ocupante de veículo";"Com Vítimas Feridas";"Plena Noite";"Decrescente";"Céu Claro";"Simples";"Curva";"Não";1;0;1;0;0;0;1;1;-22,39843405;-42,95507553;"SPRF-RJ";"DEL04-RJ";"UOP01-DEL04-RJ"
224835;2019-07-26;"sexta-feira";"18:40:00";"MG";40;530,9;"CONTAGEM";"Desobediência às normas de trânsito pelo condutor";"Colisão lateral";"Com Vítimas Feridas";"Plena Noite";"Crescente";"Céu Claro";"Dupla";"Retorno Regulamentado";"Sim";2;0;1;0;1;0;1;2;-19,92064782;-44,0335681;"SPRF-MG";"DEL01-MG";"UOP02-DEL01-MG"
224836;2019-07-26;"sexta-feira";"19:30:00";"SC";101;371;"ICARA";"Falta de Atenção do Pedestre";"Atropelamento de Pedestre";"Com Vítimas Feridas";"Plena Noite";"Crescente";"Nublado";"Múltipla";"Reta";"Não";2;0;1;0;1;0;1;2;-28,70403682;-49,2008731;"SPRF-SC";"DEL02-SC";"UOP01-DEL02-SC"
224837;2019-07-26;"sexta-feira";"20:40:00";"RS";158;195;"CRUZ ALTA";"Desobediência às normas de trânsito pelo condutor";"Colisão transversal";"Com Vítimas Feridas";"Plena Noite";"Crescente";"Garoa/Chuvisco";"Dupla";"Interseção de Vias";"Sim";2;0;2;0;0;0;2;2;-28,6460613;-53,57589779;"SPRF-RS";"DEL10-RS";"UOP02-DEL10-RS"
224839;2019-07-26;"sexta-feira";"18:40:00";"PR";277;476,6;"NOVA LARANJEIRAS";"Ingestão de Álcool";"Atropelamento de Pedestre";"Com Vítimas Fatais";"Plena Noite";"Crescente";"Garoa/Chuvisco";"Simples";"Reta";"Não";2;1;0;0;1;0;0;2;-25,30570383;-52,55588296;"SPRF-PR";"DEL04-PR";"UOP02-DEL04-PR"
224840;2019-07-26;"sexta-feira";"12:20:00";"BA";101;561,4;"ARATACA";"Velocidade Incompatível";"Colisão lateral";"Com Vítimas Feridas";"Pleno dia";"Crescente";"Chuva";"Simples";"Curva";"Não";4;0;1;0;3;0;1;2;-15,36227805;-39,49889917;"SPRF-BA";"DEL05-BA";"UOP02-DEL05-BA"
224842;2019-07-26;"sexta-feira";"22:00:00";"GO";153;511,5;"APARECIDA DE GOIANIA";"Falta de Atenção à Condução";"Colisão traseira";"Com Vítimas Feridas";"Plena Noite";"Crescente";"Céu Claro";"Dupla";"Reta";"Sim";2;0;1;1;0;0;2;1;-16,7977;-49,2386;"SPRF-GO";"DEL01-GO";"UOP03-DEL01-GO"
224843;2019-07-26;"sexta-feira";"21:50:00";"PR";376;648;"TIJUCAS DO SUL";"Desobediência às normas de trânsito pelo condutor";"Tombamento";"Com Vítimas Feridas";"Plena Noite";"Crescente";"Céu Claro";"Dupla";"Curva";"Não";4;0;1;0;3;0;1;2;-25,84026108;-49,10549706;"SPRF-PR";"DEL01-PR";"UOP04-DEL01-PR"
224844;2019-07-26;"sexta-feira";"21:00:00";"RJ";116;296;"PORTO REAL";"Objeto estático sobre o leito carroçável";"Colisão com objeto estático";"Com Vítimas Feridas";"Plena Noite";"Decrescente";"Céu Claro";"Dupla";"Reta";"Não";1;0;1;0;0;0;1;1;-22,44937197;-44,32171194;"SPRF-RJ";"DEL07-RJ";"DEL5/7-UOP03/RJ"
224845;2019-03-31;"domingo";"23:20:00";"RJ";101;430;"MANGARATIBA";"Velocidade Incompatível";"Capotamento";"Com Vítimas Feridas";"Plena Noite";"Decrescente";"Garoa/Chuvisco";"Simples";"Curva";"Não";2;0;1;0;1;0;1;1;-22,93710123;-44,01083798;"SPRF-RJ";"DEL03-RJ";"UOP01-DEL03-RJ"
224848;2019-07-18;"quinta-feira";"21:00:00";"MG";365;604;"UBERLANDIA";"Animais na Pista";"Atropelamento de Animal";"Com Vítimas Fatais";"Pleno dia";"Decrescente";"Céu Claro";"Simples";"Reta";"Não";5;1;0;4;0;0;4;2;-18,90390519;-48,16353682;"SPRF-MG";"DEL15-MG";"UOP01-DEL15-MG"
224849;2019-07-26;"sexta-feira";"21:55:00";"ES";101;143,4;"LINHARES";"Velocidade Incompatível";"Colisão com objeto estático";"Com Vítimas Feridas";"Plena Noite";"Crescente";"Céu Claro";"Múltipla";"Reta";"Não";1;0;0;1;0;0;1;1;-19,34689657;-40,06330311;"SPRF-ES";"DEL04-ES";"UOP01-DEL04-ES"
224851;2019-07-26;"sexta-feira";"21:10:00";"MA";10;165,2;"PORTO FRANCO";"Não guardar distância de segurança";"Colisão traseira";"Com Vítimas Feridas";"Plena Noite";"Crescente";"Céu Claro";"Simples";"Reta";"Não";4;0;3;0;0;1;3;3;-6,273781;-47,357991;"SPRF-MA";"DEL04-MA";"UOP02-DEL04-MA"
224852;2019-07-26;"sexta-feira";"23:00:00";"PR";376;169;"MARINGA";"Falta de Atenção à Condução";"Colisão traseira";"Com Vítimas Feridas";"Plena Noite";"Crescente";"Céu Claro";"Dupla";"Reta";"Não";2;0;2;0;0;0;2;2;-23,41293401;-51,98354301;"SPRF-PR";"DEL07-PR";"UOP01-DEL09-PR"
224853;2019-07-26;"sexta-feira";"22:35:00";"MG";381;479,1;"CONTAGEM";"Falta de Atenção do Pedestre";"Atropelamento de Pedestre";"Com Vítimas Feridas";"Plena Noite";"Decrescente";"Céu Claro";"Dupla";"Curva";"Sim";2;0;0;1;1;0;1;2;-19,95889605;-44,069202;"SPRF-MG";"DEL01-MG";"UOP03-DEL01-MG"
224854;2019-07-26;"sexta-feira";"23:30:00";"AL";104;93;"RIO LARGO";"Ingestão de Álcool";"Colisão traseira";"Com Vítimas Feridas";"Plena Noite";"Crescente";"Nublado";"Dupla";"Reta";"Sim";3;0;2;0;1;0;2;3;-9,52891696;-35,79807693;"SPRF-AL";"DEL01-AL";"UOP01-DEL01-AL"
224855;2019-07-26;"sexta-feira";"21:40:00";"ES";259;64;"COLATINA";"Animais na Pista";"Atropelamento de Animal";"Com Vítimas Feridas";"Plena Noite";"Crescente";"Nublado";"Simples";"Reta";"Não";1;0;1;0;0;0;1;1;-19,52282295;-40,70687198;"SPRF-ES";"DEL02-ES";"UOP01-DEL02-ES"
224857;2019-04-15;"segunda-feira";"16:50:00";"RS";285;200;"LAGOA VERMELHA";"Desobediência às normas de trânsito pelo condutor";"Colisão transversal";"Com Vítimas Feridas";"Pleno dia";"Crescente";"Nublado";"Simples";"Interseção de Vias";"Sim";2;0;1;0;1;0;1;2;-28,2110595;-51,51105165;"SPRF-RS";"DEL08-RS";"UOP05-DEL08-RS"
224859;2019-07-27;"sábado";"00:15:00";"ES";101;377,1;"ICONHA";"Ingestão de Álcool";"Colisão transversal";"Com Vítimas Feridas";"Plena Noite";"Crescente";"Nublado";"Simples";"Curva";"Sim";3;0;0;2;1;0;2;2;-20,794271;-40,811726;"SPRF-ES";"DEL03-ES";"UOP01-DEL03-ES"
224861;2019-07-26;"sexta-feira";"23:30:00";"BA";324;537;"AMELIA RODRIGUES";"Falta de Atenção à Condução";"Colisão traseira";"Sem Vítimas";"Plena Noite";"Decrescente";"Nublado";"Dupla";"Reta";"Não";2;0;0;0;2;0;0;2;-12,36902201;-38,81384601;"SPRF-BA";"DEL01-BA";"UOP01-DEL01-BA"
224864;2019-07-26;"sexta-feira";"19:30:00";"PI";135;308;"CRISTINO CASTRO";"Defeito na Via";"Saída de leito carroçável";"Sem Vítimas";"Plena Noite";"Crescente";"Céu Claro";"Simples";"Reta";"Não";4;0;0;0;4;0;0;1;-8,7604319;-44,16633808;"SPRF-PI";"DEL03-PI";"UOP02-DEL03-PI"
224865;2019-07-26;"sexta-feira";"21:00:00";"MG";381;933;"EXTREMA";"Condutor Dormindo";"Capotamento";"Com Vítimas Feridas";"Plena Noite";"Crescente";"Céu Claro";"Dupla";"Curva";"Sim";1;0;1;0;0;0;1;1;-22,79887962;-46,25612688;"SPRF-MG";"DEL16-MG";"UOP03-DEL16-MG"
224866;2019-07-26;"sexta-feira";"23:00:00";"MG";262;441;"NOVA SERRANA";"Falta de Atenção do Pedestre";"Atropelamento de Pedestre";"Com Vítimas Feridas";"Plena Noite";"Decrescente";"Céu Claro";"Dupla";"Reta";"Sim";2;0;1;0;1;0;1;2;-19,88296154;-44,90293014;"SPRF-MG";"DEL08-MG";"UOP03-DEL08-MG"
224867;2019-07-27;"sábado";"00:45:00";"PR";369;161;"CAMBE";"Falta de Atenção à Condução";"Colisão traseira";"Com Vítimas Feridas";"Plena Noite";"Decrescente";"Céu Claro";"Dupla";"Interseção de Vias";"Sim";5;0;2;0;1;2;2;3;-23,28892347;-51,26204073;"SPRF-PR";"DEL07-PR";"UOP01-DEL07-PR"
224868;2019-07-26;"sexta-feira";"18:55:00";"SC";101;115,5;"ITAJAI";"Falta de Atenção à Condução";"Colisão lateral";"Com Vítimas Feridas";"Plena Noite";"Crescente";"Nublado";"Dupla";"Reta";"Sim";2;0;1;0;1;0;1;1;-26,87064015;-48,72954134;"SPRF-SC";"DEL04-SC";"UOP04-DEL04-SC"
224869;2019-07-27;"sábado";"01:20:00";"BA";116;357;"SERRINHA";"Falta de Atenção à Condução";"Queda de ocupante de veículo";"Com Vítimas Feridas";"Plena Noite";"Crescente";"Nublado";"Simples";"Reta";"Sim";1;0;0;1;0;0;1;1;-11,650703;-38,991596;"SPRF-BA";"DEL02-BA";"UOP01-DEL02-BA"
224870;2019-07-26;"sexta-feira";"17:55:00";"MS";163;739,7;"COXIM";"Animais na Pista";"Tombamento";"Com Vítimas Feridas";"Anoitecer";"Crescente";"Céu Claro";"Simples";"Reta";"Não";1;0;1;0;0;0;1;1;-18,43652888;-54,69939724;"SPRF-MS";"DEL06-MS";"UOP01-DEL06-MS"
224871;2019-07-27;"sábado";"00:30:00";"PR";376;161;"MARINGA";"Condutor Dormindo";"Tombamento";"Com Vítimas Feridas";"Plena Noite";"Decrescente";"Céu Claro";"Dupla";"Reta";"Não";1;0;1;0;0;0;1;1;-23,37281665;-52,05547485;"SPRF-PR";"DEL07-PR";"UOP01-DEL09-PR"
224872;2019-07-27;"sábado";"02:10:00";"PR";376;3;"APUCARANA";"Falta de Atenção à Condução";"Colisão traseira";"Sem Vítimas";"Plena Noite";"Decrescente";"Céu Claro";"Simples";"Reta;Declive";"Sim";2;0;0;0;1;1;0;2;-23,55846019;-51,44069195;"SPRF-PR";"DEL07-PR";"UOP03-DEL07-PR"
224873;2019-07-27;"sábado";"00:50:00";"RJ";393;285;"VOLTA REDONDA";"Falta de Atenção à Condução";"Colisão traseira";"Sem Vítimas";"Plena Noite";"Decrescente";"Céu Claro";"Simples";"Reta";"Sim";2;0;0;0;2;0;0;2;-22,481726;-44,06308602;"SPRF-RJ";"DEL05-RJ";"UOP04-DEL05-RJ"