"id";"data_inversa";"dia_semana";"horario";"uf";"br";"km";"municipio";"causa_acidente";"tipo_acidente";"classificacao_acidente";"fase_dia";"sentido_via";"condicao_metereologica";"tipo_pista";"tracado_via";"uso_solo";"pessoas";"mortos";"feridos_leves";"feridos_graves";"ilesos";"ignorados";"feridos";"veiculos";"latitude";"longitude";"regional";"delegacia";"uop"
224874;2019-07-27;"sábado";"02:20:00";"MG";267;59,1;"BICAS";"Condutor Dormindo";"Capotamento";"Com Vítimas Feridas";"Plena Noite";"Decrescente";"Ignorado";"Simples";"Curva";"Não";1;0;1;0;0;0;1;1;-21,7245573;-43,04402678;"SPRF-MG";"DEL07-MG";"UOP01-DEL07-MG"
224875;2019-07-27;"sábado";"00:30:00";"PR";376;584;"CURITIBA";"Falta de Atenção à Condução";"Saída de leito carroçável";"Com Vítimas Feridas";"Plena Noite";"Crescente";"Céu Claro";"Dupla";"Reta";"Não";1;0;0;1;0;0;1;1;-25,43171116;-49,39949693;"SPRF-PR";"DEL01-PR";"UOP06-DEL01-PR"
224876;2019-07-27;"sábado";"02:35:00";"RJ";116;182;"NOVA IGUACU";"Desobediência às normas de trânsito pelo condutor";"Colisão frontal";"Com Vítimas Fatais";"Plena Noite";"Decrescente";"Céu Claro";"Dupla";"Reta";"Sim";3;2;1;0;0;0;1;2;-22,7567755;-43,43107234;"SPRF-RJ";"DEL01-RJ";"UOP02-DEL01-RJ"
224877;2019-07-27;"sábado";"03:30:00";"RN";304;249;"SANTA MARIA";"Desobediência às normas de trânsito pelo condutor";"Colisão transversal";"Com Vítimas Fatais";"Plena Noite";"Decrescente";"Céu Claro";"Simples";"Reta";"Não";1;1;0;0;0;0;0;1;-5,82888181;-35,76257697;"SPRF-RN";"DEL01-RN";"UOP02-DEL01-RN"
224878;2019-07-26;"sexta-feira";"20:10:00";"MG";381;292;"ANTONIO DIAS";"Falta de Atenção à Condução";"Colisão lateral";"Com Vítimas Feridas";"Plena Noite";"Crescente";"Céu Claro";"Simples";"Curva";"Não";2;0;1;0;1;0;1;1;-19,62231934;-42,8398724;"SPRF-MG";"DEL03-MG";"UOP02-DEL03-MG"
224879;2019-07-27;"sábado";"03:30:00";"RJ";101;413;"ITAGUAI";"Ingestão de álcool e/ou substâncias psicoativas pelo pedestre";"Capotamento";"Com Vítimas Feridas";"Plena Noite";"Decrescente";"Nublado";"Dupla";"Reta";"Sim";1;0;1;0;0;0;1;1;-22,89931896;-43,865293;"SPRF-RJ";"DEL03-RJ";"UOP01-DEL03-RJ"
224880;2019-07-27;"sábado";"03:40:00";"MG";459;97;"POUSO ALEGRE";"Ingestão de Álcool";"Atropelamento de Pedestre";"Com Vítimas Feridas";"Plena Noite";"Crescente";"Céu Claro";"Simples";"Reta";"Não";2;0;1;0;1;0;1;2;-22,199377;-45,969555;"SPRF-MG";"DEL16-MG";"UOP01-DEL09-MG"
224882;2019-07-27;"sábado";"03:40:00";"MG";40;522,4;"CONTAGEM";"Falta de Atenção à Condução";"Saída de leito carroçável";"Com Vítimas Feridas";"Plena Noite";"Decrescente";"Céu Claro";"Dupla";"Reta";"Não";1;0;0;1;0;0;1;1;-19,8638731;-44,06749809;"SPRF-MG";"DEL01-MG";"UOP02-DEL01-MG"
224883;2019-07-27;"sábado";"03:45:00";"DF";20;17,9;"BRASILIA";"Ingestão de Álcool";"Saída de leito carroçável";"Com Vítimas Fatais";"Plena Noite";"Crescente";"Céu Claro";"Dupla";"Declive;Reta";"Não";6;1;4;1;0;0;5;1;-15,621374;-47,71698;"SPRF-DF";"DEL02-DF";"UOP01-DEL02-DF"
224885;2019-07-27;"sábado";"04:00:00";"SP";116;87;"PINDAMONHANGABA";"Falta de Atenção à Condução";"Colisão traseira";"Sem Vítimas";"Plena Noite";"Crescente";"Céu Claro";"Dupla";"Reta";"Não";2;0;0;0;2;0;0;2;-22,93065267;-45,36166116;"SPRF-SP";"DEL06-SP";"UOP01-DEL06-SP"
224886;2019-07-27;"sábado";"03:30:00";"MG";40;737,8;"SANTOS DUMONT";"Ingestão de álcool e/ou substâncias psicoativas pelo pedestre";"Colisão com objeto estático";"Com Vítimas Feridas";"Plena Noite";"Crescente";"Nevoeiro/Neblina";"Dupla";"Curva";"Sim";3;0;3;0;0;0;3;1;-21,38296999;-43,57033542;"SPRF-MG";"DEL05-MG";"UOP01-DEL05-MG"
224887;2019-07-27;"sábado";"03:10:00";"MS";163;295,4;"DOURADINA";"Falta de Atenção à Condução";"Colisão frontal";"Com Vítimas Feridas";"Plena Noite";"Crescente";"Céu Claro";"Simples";"Reta";"Não";2;0;0;2;0;0;2;2;-22,02530503;-54,54699282;"SPRF-MS";"DEL02-MS";"UOP02-DEL02-MS"
224888;2019-07-27;"sábado";"04:15:00";"GO";60;96;"ANAPOLIS";"Ingestão de Álcool";"Colisão traseira";"Sem Vítimas";"Plena Noite";"Decrescente";"Céu Claro";"Dupla";"Reta";"Sim";4;0;0;0;4;0;0;2;-16,371;-48,9422;"SPRF-GO";"DEL02-GO";"UOP01-DEL02-GO"
224889;2019-07-27;"sábado";"03:30:00";"SP";116;310,4;"SAO LOURENCO DA SERRA";"Ingestão de Álcool";"Colisão com objeto estático";"Com Vítimas Feridas";"Plena Noite";"Crescente";"Céu Claro";"Dupla";"Reta";"Não";2;0;2;0;0;0;2;1;-23,8717102;-46,96137189;"SPRF-SP";"DEL04-SP";"UOP01-DEL04-SP"
224890;2019-07-26;"sexta-feira";"21:30:00";"RO";364;343,2;"JI-PARANA";"Falta de Atenção à Condução";"Colisão lateral";"Com Vítimas Feridas";"Plena Noite";"Crescente";"Céu Claro";"Dupla";"Reta";"Sim";3;0;2;0;1;0;2;2;-10,87878519;-61,94499012;"SPRF-RO";"DEL02-RO";"UOP01-DEL02-RO"
224891;2019-07-27;"sábado";"00:15:00";"SC";470;266,5;"CURITIBANOS";"Velocidade Incompatível";"Saída de leito carroçável";"Sem Vítimas";"Plena Noite";"Crescente";"Nevoeiro/Neblina";"Simples";"Curva";"Não";1;0;0;0;0;1;0;1;-27,311543;-50,729591;"SPRF-SC";"DEL05-SC";"UOP03-DEL05-SC"
224893;2019-07-27;"sábado";"05:17:00";"SP";116;166,7;"JACAREI";"Falta de Atenção à Condução";"Queda de ocupante de veículo";"Com Vítimas Feridas";"Amanhecer";"Decrescente";"Céu Claro";"Dupla";"Declive";"Sim";1;0;1;0;0;0;1;1;-23,30055667;-46,01686506;"SPRF-SP";"DEL02-SP";"UOP01-DEL02-SP"
224895;2019-07-27;"sábado";"05:30:00";"AL";424;107,4;"MARECHAL DEODORO";"Condutor Dormindo";"Saída de leito carroçável";"Com Vítimas Feridas";"Amanhecer";"Crescente";"Nublado";"Simples";"Interseção de Vias";"Não";2;0;2;0;0;0;2;1;-9,69606528;-35,81499852;"SPRF-AL";"DEL02-AL";"UOP01-DEL02-AL"
224897;2019-07-27;"sábado";"04:15:00";"PR";369;155;"LONDRINA";"Ingestão de Álcool";"Colisão traseira";"Com Vítimas Feridas";"Plena Noite";"Crescente";"Céu Claro";"Dupla";"Reta";"Sim";3;0;1;0;2;0;1;2;-23,29527926;-51,20877743;"SPRF-PR";"DEL07-PR";"UOP01-DEL07-PR"
224898;2019-07-27;"sábado";"05:40:00";"SP";116;287,7;"ITAPECERICA DA SERRA";"Desobediência às normas de trânsito pelo condutor";"Colisão frontal";"Com Vítimas Feridas";"Amanhecer";"Crescente";"Céu Claro";"Dupla";"Reta";"Não";3;0;1;1;1;0;2;2;-23,71441779;-46,87929634;"SPRF-SP";"DEL04-SP";"UOP01-DEL04-SP"
224899;2019-07-27;"sábado";"05:50:00";"PB";101;88,6;"JOAO PESSOA";"Desobediência às normas de trânsito pelo pedestre";"Atropelamento de Pedestre";"Com Vítimas Feridas";"Amanhecer";"Crescente";"Nublado";"Dupla";"Reta";"Sim";2;0;1;0;1;0;1;2;-7,16470016;-34,89993643;"SPRF-PB";"DEL01-PB";"UOP01-DEL01-PB"
224900;2019-07-27;"sábado";"06:30:00";"RS";116;269;"CANOAS";"Ingestão de Álcool";"Colisão lateral";"Sem Vítimas";"Amanhecer";"Decrescente";"Ignorado";"Simples";"Viaduto;Curva";"Sim";4;0;0;0;4;0;0;2;-29,96207336;-51,17551804;"SPRF-RS";"DEL01-RS";"UOP01-DEL01-RS"
224902;2019-07-27;"sábado";"04:15:00";"PR";369;197,5;"APUCARANA";"Falta de Atenção à Condução";"Queda de ocupante de veículo";"Com Vítimas Feridas";"Plena Noite";"Crescente";"Céu Claro";"Dupla";"Curva";"Não";2;0;0;2;0;0;2;1;-23,5175716;-51,428539;"SPRF-PR";"DEL07-PR";"UOP03-DEL07-PR"
224903;2019-07-27;"sábado";"06:29:00";"SP";116;205;"ARUJA";"Não guardar distância de segurança";"Colisão traseira";"Sem Vítimas";"Pleno dia";"Decrescente";"Céu Claro";"Dupla";"Reta";"Não";3;0;0;0;3;0;0;3;-23,41475243;-46,36600788;"SPRF-SP";"DEL01-SP";"UOP01-DEL01-SP"
224905;2019-07-27;"sábado";"04:45:00";"RJ";101;60;"CAMPOS DOS GOYTACAZES";"Falta de Atenção à Condução";"Colisão com objeto em movimento";"Com Vítimas Feridas";"Amanhecer";"Crescente";"Céu Claro";"Simples";"Reta";"Não";2;0;2;0;0;0;2;1;-21,72048414;-41,31448591;"SPRF-RJ";"DEL08-RJ";"UOP01-DEL08-RJ"
224907;2019-07-27;"sábado";"06:00:00";"MG";381;552,8;"ITAGUARA";"Condutor Dormindo";"Saída de leito carroçável";"Com Vítimas Feridas";"Amanhecer";"Decrescente";"Céu Claro";"Dupla";"Reta";"Não";2;0;2;0;0;0;2;1;-20,33850122;-44,44215828;"SPRF-MG";"DEL04-MG";"UOP03-DEL04-MG"
224908;2019-07-27;"sábado";"07:00:00";"SC";280;5,5;"SAO FRANCISCO DO SUL";"Falta de Atenção à Condução";"Colisão transversal";"Com Vítimas Feridas";"Amanhecer";"Decrescente";"Garoa/Chuvisco";"Simples";"Reta";"Não";2;0;1;0;1;0;1;2;-26,26011706;-48,62571995;"SPRF-SC";"DEL03-SC";"UOP03-DEL03-SC"
224909;2019-07-27;"sábado";"03:00:00";"MG";381;589;"CARMOPOLIS DE MINAS";"Falta de Atenção à Condução";"Colisão com objeto estático";"Sem Vítimas";"Plena Noite";"Decrescente";"Céu Claro";"Dupla";"Reta";"Sim";1;0;0;0;0;1;0;1;-20,56175976;-44,66523212;"SPRF-MG";"DEL04-MG";"UOP01-DEL04-MG"
224910;2019-07-26;"sexta-feira";"22:10:00";"BA";101;336;"WENCESLAU GUIMARAES";"Desobediência às normas de trânsito pelo condutor";"Colisão frontal";"Com Vítimas Feridas";"Plena Noite";"Crescente";"Chuva";"Simples";"Reta";"Não";2;0;1;1;0;0;2;2;-13,63035797;-39,49358789;"SPRF-BA";"DEL05-BA";"UOP03-DEL05-BA"
224911;2019-07-27;"sábado";"06:40:00";"PR";376;167;"MARINGA";"Ingestão de Álcool";"Colisão transversal";"Sem Vítimas";"Pleno dia";"Decrescente";"Céu Claro";"Dupla";"Reta";"Não";2;0;0;0;2;0;0;2;-23,40324167;-51,99632075;"SPRF-PR";"DEL07-PR";"UOP01-DEL09-PR"
224912;2019-07-27;"sábado";"03:50:00";"MT";70;663;"CACERES";"Defeito Mecânico no Veículo";"Saída de leito carroçável";"Com Vítimas Feridas";"Plena Noite";"Crescente";"Céu Claro";"Simples";"Reta";"Não";3;0;2;0;1;0;2;1;-16,00846198;-57,21625402;"SPRF-MT";"DEL03-MT";"UOP02-DEL03-MT"
224913;2019-07-27;"sábado";"07:20:00";"RJ";40;48;"AREAL";"Falta de Atenção à Condução";"Capotamento";"Com Vítimas Feridas";"Pleno dia";"Decrescente";"Céu Claro";"Dupla";"Curva";"Não";2;0;2;0;0;0;2;1;-22,30030298;-43,13042284;"SPRF-RJ";"DEL06-RJ";"UOP01-DEL06-RJ"
224916;2019-07-26;"sexta-feira";"15:50:00";"MG";40;38,8;"PARACATU";"Falta de Atenção à Condução";"Colisão lateral";"Com Vítimas Feridas";"Pleno dia";"Decrescente";"Céu Claro";"Simples";"Reta";"Não";4;0;2;0;2;0;2;2;-17,21050388;-46,89942099;"SPRF-MG";"DEL14-MG";"UOP01-DEL14-MG"
224917;2019-07-26;"sexta-feira";"23:39:00";"GO";414;270,1;"NIQUELANDIA";"Velocidade Incompatível";"Saída de leito carroçável";"Com Vítimas Feridas";"Plena Noite";"Decrescente";"Ignorado";"Simples";"Curva";"Não";3;0;3;0;0;0;3;1;-14,99313998;-48,68183105;"SPRF-GO";"DEL07-GO";"UOP02-DEL07-GO"
224918;2019-07-27;"sábado";"06:30:00";"GO";40;96;"CRISTALINA";"Falta de Atenção à Condução";"Colisão com objeto estático";"Sem Vítimas";"Amanhecer";"Decrescente";"Céu Claro";"Simples";"Reta";"Sim";1;0;0;0;1;0;0;1;-16,75768;-47,601613;"SPRF-DF";"DEL01-DF";"UOP02-DEL01-DF"
224919;2019-07-27;"sábado";"06:30:00";"MG";40;673,5;"CARANDAI";"Condutor Dormindo";"Saída de leito carroçável";"Com Vítimas Feridas";"Amanhecer";"Decrescente";"Céu Claro";"Simples";"Reta;Declive";"Não";1;0;1;0;0;0;1;1;-21,00172759;-43,77785775;"SPRF-MG";"DEL05-MG";"UOP02-DEL05-MG"
224920;2019-07-27;"sábado";"08:00:00";"PB";230;21,7;"JOAO PESSOA";"Falta de Atenção à Condução";"Engavetamento";"Com Vítimas Feridas";"Pleno dia";"Decrescente";"Chuva";"Dupla";"Reta";"Sim";4;0;2;0;1;1;2;4;-7,1415;-34,8519;"SPRF-PB";"DEL01-PB";"UOP01-DEL01-PB"
224921;2019-07-27;"sábado";"06:50:00";"RS";153;45,3;"ERECHIM";"Ingestão de Álcool";"Colisão frontal";"Com Vítimas Feridas";"Amanhecer";"Crescente";"Garoa/Chuvisco";"Simples";"Reta";"Sim";3;0;1;2;0;0;3;2;-27,63214303;-52,23626162;"SPRF-RS";"DEL08-RS";"UOP04-DEL08-RS"
224922;2019-07-26;"sexta-feira";"21:05:00";"RO";364;339,5;"JI-PARANA";"Desobediência às normas de trânsito pelo pedestre";"Atropelamento de Pedestre";"Com Vítimas Feridas";"Plena Noite";"Decrescente";"Céu Claro";"Dupla";"Reta";"Sim";2;0;0;1;0;1;1;2;-10,907816;-61,93017402;"SPRF-RO";"DEL02-RO";"UOP01-DEL02-RO"
224923;2019-07-27;"sábado";"07:30:00";"PI";135;64;"JERUMENHA";"Condutor Dormindo";"Saída de leito carroçável";"Sem Vítimas";"Pleno dia";"Crescente";"Céu Claro";"Simples";"Reta";"Não";3;0;0;0;3;0;0;1;-7,23636397;-43,64414435;"SPRF-PI";"DEL03-PI";"UOP01-DEL03-PI"
224925;2019-07-19;"sexta-feira";"20:20:00";"ES";262;36,4;"DOMINGOS MARTINS";"Desobediência às normas de trânsito pelo condutor";"Colisão frontal";"Com Vítimas Feridas";"Plena Noite";"Crescente";"Céu Claro";"Simples";"Curva";"Não";4;0;3;1;0;0;4;2;-20,3826388;-40,60330291;"SPRF-ES";"DEL01-ES";"UOP01-DEL01-ES"
224926;2019-07-27;"sábado";"08:30:00";"PR";376;584;"CURITIBA";"Falta de Atenção à Condução";"Colisão lateral";"Com Vítimas Feridas";"Pleno dia";"Crescente";"Céu Claro";"Dupla";"Reta";"Não";2;0;1;0;1;0;1;2;-25,43171116;-49,39949693;"SPRF-PR";"DEL01-PR";"UOP06-DEL01-PR"
224931;2019-07-27;"sábado";"08:40:00";"ES";101;242;"FUNDAO";"Falta de Atenção à Condução";"Colisão traseira";"Com Vítimas Feridas";"Pleno dia";"Decrescente";"Sol";"Dupla";"Reta";"Não";4;0;2;0;2;0;2;2;-20,0321348;-40,39675773;"SPRF-ES";"DEL02-ES";"UOP01-DEL02-ES"
224933;2019-07-27;"sábado";"08:10:00";"BA";116;823,6;"VITORIA DA CONQUISTA";"Falta de Atenção à Condução";"Colisão transversal";"Sem Vítimas";"Pleno dia";"Decrescente";"Nublado";"Dupla";"Interseção de Vias";"Sim";2;0;0;0;2;0;0;2;-14,85593072;-40,84931252;"SPRF-BA";"DEL08-BA";"UOP01-DEL08-BA"
224934;2019-07-27;"sábado";"08:45:00";"SC";282;23,8;"SANTO AMARO DA IMPERATRIZ";"Desobediência às normas de trânsito pelo condutor";"Saída de leito carroçável";"Com Vítimas Feridas";"Pleno dia";"Decrescente";"Garoa/Chuvisco";"Simples";"Reta";"Sim";1;0;1;0;0;0;1;1;-27,687958;-48,736794;"SPRF-SC";"DEL01-SC";"UOP03-DEL01-SC"
224935;2019-07-27;"sábado";"07:40:00";"PE";407;125;"PETROLINA";"Falta de Atenção à Condução";"Colisão traseira";"Com Vítimas Feridas";"Pleno dia";"Decrescente";"Céu Claro";"Dupla";"Curva";"Não";3;0;1;0;2;0;1;2;-9,37739336;-40,53595733;"SPRF-PE";"DEL06-PE";"UOP01-DEL06-PE"
224936;2019-07-27;"sábado";"08:30:00";"SP";116;272;"TABOAO DA SERRA";"Pista Escorregadia";"Queda de ocupante de veículo";"Com Vítimas Feridas";"Pleno dia";"Decrescente";"Céu Claro";"Dupla";"Curva";"Sim";2;0;1;0;1;0;1;1;-23,61568073;-46,7865569;"SPRF-SP";"DEL04-SP";"UOP01-DEL04-SP"
224937;2019-07-27;"sábado";"08:20:00";"RJ";116;271;"BARRA MANSA";"Desobediência às normas de trânsito pelo condutor";"Colisão lateral";"Com Vítimas Feridas";"Pleno dia";"Crescente";"Sol";"Simples";"Reta";"Não";2;0;1;0;1;0;1;2;-22,560883;-44,12224;"SPRF-RJ";"DEL07-RJ";"UOP02-DEL07-RJ"
224939;2019-07-27;"sábado";"09:20:00";"SC";101;189;"BIGUACU";"Velocidade Incompatível";"Saída de leito carroçável";"Com Vítimas Feridas";"Pleno dia";"Crescente";"Chuva";"Dupla";"Curva";"Sim";1;0;1;0;0;0;1;1;-27,46435326;-48,64185686;"SPRF-SC";"DEL01-SC";"UOP01-DEL01-SC"
224940;2019-07-26;"sexta-feira";"18:30:00";"MA";135;485,5;"PARAIBANO";"Objeto estático sobre o leito carroçável";"Colisão com objeto estático";"Sem Vítimas";"Anoitecer";"Crescente";"Céu Claro";"Simples";"Declive";"Não";2;0;0;0;2;0;0;1;-6,34026188;-43,97894276;"SPRF-MA";"DEL05-MA";"UOP01-DEL05-MA"
224942;2019-07-27;"sábado";"07:10:00";"PE";232;510,9;"SALGUEIRO";"Falta de Atenção do Pedestre";"Atropelamento de Pedestre";"Com Vítimas Feridas";"Pleno dia";"Decrescente";"Nublado";"Simples";"Reta";"Sim";2;0;0;1;1;0;1;2;-8,06148167;-39,11647797;"SPRF-PE";"DEL05-PE";"UOP01-DEL05-PE"
224943;2019-07-27;"sábado";"09:10:00";"MA";230;26,9;"BARAO DE GRAJAU";"Condutor Dormindo";"Saída de leito carroçável";"Com Vítimas Fatais";"Pleno dia";"Decrescente";"Céu Claro";"Simples";"Reta";"Não";4;1;0;3;0;0;3;1;-6,70515902;-43,22347802;"SPRF-PI";"DEL03-PI";"UOP01-DEL03-PI"
224944;2019-07-27;"sábado";"08:30:00";"PR";277;72;"SAO JOSE DOS PINHAIS";"Mal Súbito";"Queda de ocupante de veículo";"Com Vítimas Fatais";"Pleno dia";"Crescente";"Céu Claro";"Múltipla";"Reta";"Não";3;1;0;0;0;2;0;2;-25,52522628;-49,09755612;"SPRF-PR";"DEL01-PR";"UOP01-DEL01-PR"
224945;2019-07-27;"sábado";"09:15:00";"PB";101;122,5;"CAAPORA";"Velocidade Incompatível";"Colisão com objeto estático";"Com Vítimas Feridas";"Pleno dia";"Crescente";"Garoa/Chuvisco";"Dupla";"Declive";"Não";1;0;1;0;0;0;1;1;-7,45038197;-34,97994215;"SPRF-PB";"DEL01-PB";"UOP01-DEL01-PB"
224946;2019-07-27;"sábado";"09:20:00";"PB";101;122;"CAAPORA";"Velocidade Incompatível";"Saída de leito carroçável";"Com Vítimas Feridas";"Pleno dia";"Crescente";"Chuva";"Dupla";"Declive;Curva";"Não";1;0;1;0;0;0;1;1;-7,45038197;-34,97994215;"SPRF-PB";"DEL01-PB";"UOP01-DEL01-PB"
224948;2019-07-27;"sábado";"10:17:00";"AL";316;244;"ATALAIA";"Falta de Atenção à Condução";"Colisão transversal";"Com Vítimas Feridas";"Pleno dia";"Decrescente";"Nublado";"Dupla";"Reta";"Sim";2;0;0;1;1;0;1;2;-9,51022028;-36,00471385;"SPRF-AL";"DEL01-AL";"UOP01-DEL01-AL"
224949;2019-07-27;"sábado";"10:50:00";"AL";101;237,8;"PORTO REAL DO COLEGIO";"Velocidade Incompatível";"Capotamento";"Com Vítimas Feridas";"Pleno dia";"Crescente";"Céu Claro";"Dupla";"Curva";"Não";1;0;1;0;0;0;1;1;-10,16727755;-36,81964874;"SPRF-AL";"DEL02-AL";"UOP02-DEL02-AL"
224950;2019-06-09;"domingo";"00:20:00";"MT";70;523;"VARZEA GRANDE";"Desobediência às normas de trânsito pelo condutor";"Colisão transversal";"Com Vítimas Feridas";"Plena Noite";"Crescente";"Céu Claro";"Simples";"Reta";"Sim";3;0;0;1;2;0;1;3;-15,656;-56,19;"SPRF-MT";"DEL01-MT";"DEL2/4-UOP02/MT"
224951;2019-07-27;"sábado";"08:40:00";"PI";316;32;"DEMERVAL LOBAO";"Desobediência às normas de trânsito pelo condutor";"Colisão lateral";"Com Vítimas Feridas";"Pleno dia";"Crescente";"Sol";"Simples";"Reta";"Sim";3;0;2;0;1;0;2;2;-5,34217984;-42,68627493;"SPRF-PI";"DEL01-PI";"UOP02-DEL01-PI"
224952;2019-07-27;"sábado";"09:10:00";"SP";116;115,6;"TAUBATE";"Não guardar distância de segurança";"Engavetamento";"Com Vítimas Feridas";"Pleno dia";"Decrescente";"Céu Claro";"Dupla";"Aclive;Reta";"Sim";6;0;3;0;3;0;3;3;-23,0496047;-45,59973712;"SPRF-SP";"DEL06-SP";"UOP02-DEL02-SP"
224953;2019-07-27;"sábado";"10:30:00";"PR";476;139;"CURITIBA";"Velocidade Incompatível";"Queda de ocupante de veículo";"Com Vítimas Feridas";"Pleno dia";"Crescente";"Céu Claro";"Múltipla";"Reta";"Sim";2;0;2;0;0;0;2;1;-25,51284;-49,289257;"SPRF-PR";"DEL01-PR";"UOP03-DEL01-PR"
224956;2019-07-13;"sábado";"17:55:00";"PE";232;100;"BEZERROS";"Falta de Atenção do Pedestre";"Atropelamento de Pedestre";"Com Vítimas Feridas";"Anoitecer";"Crescente";"Ignorado";"Dupla";"Reta";"Sim";2;0;0;1;1;0;1;2;-8,24559015;-35,75649851;"SPRF-PE";"DEL01-PE";"UOP02-DEL02PE"
224957;2019-07-27;"sábado";"11:10:00";"PE";428;166;"PETROLINA";"Falta de Atenção do Pedestre";"Atropelamento de Pedestre";"Com Vítimas Feridas";"Pleno dia";"Crescente";"Céu Claro";"Simples";"Reta";"Sim";2;0;0;2;0;0;2;2;-9,19296591;-40,38530011;"SPRF-PE";"DEL06-PE";"UOP01-DEL06-PE"
224959;2019-07-27;"sábado";"11:00:00";"MG";381;495,9;"BETIM";"Falta de Atenção à Condução";"Colisão lateral";"Com Vítimas Feridas";"Pleno dia";"Crescente";"Sol";"Dupla";"Reta";"Sim";3;0;2;0;1;0;2;2;-19,97508314;-44,19216156;"SPRF-MG";"DEL01-MG";"UOP03-DEL01-MG"
224960;2019-07-27;"sábado";"06:00:00";"PE";423;117;"PARANATAMA";"Defeito na Via";"Saída de leito carroçável";"Com Vítimas Feridas";"Pleno dia";"Crescente";"Nublado";"Simples";"Aclive;Reta";"Não";3;0;0;1;1;1;1;1;-8,90662085;-36,66901104;"SPRF-PE";"DEL03-PE";"UOP01-DEL03-PE"
224961;2019-07-27;"sábado";"11:15:00";"ES";101;268,5;"SERRA";"Desobediência às normas de trânsito pelo condutor";"Colisão traseira";"Com Vítimas Feridas";"Pleno dia";"Decrescente";"Céu Claro";"Dupla";"Reta";"Sim";2;0;1;0;1;0;1;2;-20,20842;-40,269405;"SPRF-ES";"DEL02-ES";"UOP01-DEL02-ES"
224962;2019-07-27;"sábado";"11:35:00";"SC";101;133,8;"BALNEARIO CAMBORIU";"Desobediência às normas de trânsito pelo condutor";"Colisão transversal";"Com Vítimas Feridas";"Pleno dia";"Crescente";"Nublado";"Simples";"Reta;Interseção de Vias";"Sim";2;0;1;0;1;0;1;2;-26,99936;-48,64609;"SPRF-SC";"DEL04-SC";"UOP03-DEL04-SC"
224964;2019-07-20;"sábado";"20:20:00";"MS";163;207,5;"CAARAPO";"Falta de Atenção à Condução";"Saída de leito carroçável";"Com Vítimas Feridas";"Plena Noite";"Decrescente";"Céu Claro";"Simples";"Curva";"Sim";1;0;1;0;0;0;1;1;-22,64660094;-54,81213792;"SPRF-MS";"DEL04-MS";"UOP02-DEL04-MS"
224965;2019-07-27;"sábado";"10:05:00";"SC";282;109,3;"ALFREDO WAGNER";"Falta de Atenção à Condução";"Colisão transversal";"Com Vítimas Feridas";"Pleno dia";"Crescente";"Nublado";"Simples";"Curva";"Não";4;0;2;0;2;0;2;2;-27,719378;-49,3582;"SPRF-SC";"DEL01-SC";"UOP03-DEL01-SC"
224966;2019-07-27;"sábado";"12:20:00";"RS";116;264;"CANOAS";"Defeito Mecânico no Veículo";"Queda de ocupante de veículo";"Com Vítimas Feridas";"Pleno dia";"Crescente";"Nublado";"Simples";"Reta";"Sim";1;0;0;1;0;0;1;1;-29,914435;-51,17754495;"SPRF-RS";"DEL01-RS";"UOP01-DEL01-RS"
224967;2019-07-27;"sábado";"11:50:00";"ES";101;30,7;"CONCEICAO DA BARRA";"Falta de Atenção à Condução";"Colisão traseira";"Com Vítimas Feridas";"Pleno dia";"Crescente";"Céu Claro";"Simples";"Reta";"Não";4;0;1;0;3;0;1;3;-18,40842097;-39,93732567;"SPRF-ES";"DEL04-ES";"UOP02-DEL04-ES"
224969;2019-07-27;"sábado";"13:00:00";"AL";316;115,4;"CACIMBINHAS";"Desobediência às normas de trânsito pelo condutor";"Queda de ocupante de veículo";"Com Vítimas Feridas";"Pleno dia";"Decrescente";"Sol";"Simples";"Reta";"Não";2;0;1;1;0;0;2;1;-9,4046948;-36,99317598;"SPRF-AL";"DEL03-AL";"UOP01-DEL03-AL"
224970;2019-07-27;"sábado";"06:30:00";"SC";101;205;"SAO JOSE";"Ingestão de Álcool";"Capotamento";"Sem Vítimas";"Amanhecer";"Decrescente";"Chuva";"Dupla";"Curva;Declive";"Sim";1;0;0;0;1;0;0;1;-27,58313237;-48,61532885;"SPRF-SC";"DEL01-SC";"UOP01-DEL01-SC"
224971;2019-07-27;"sábado";"10:10:00";"RJ";116;40;"TERESOPOLIS";"Falta de Atenção à Condução";"Queda de ocupante de veículo";"Com Vítimas Feridas";"Pleno dia";"Decrescente";"Céu Claro";"Simples";"Reta";"Sim";1;0;1;0;0;0;1;1;-22,13943547;-42,78660142;"SPRF-RJ";"DEL04-RJ";"UOP01-DEL04-RJ"
224977;2019-07-27;"sábado";"13:30:00";"PE";232;205,8;"PESQUEIRA";"Fenômenos da Natureza";"Incêndio";"Sem Vítimas";"Pleno dia";"Decrescente";"Chuva";"Simples";"Reta";"Não";1;0;0;0;1;0;0;1;-8,37185891;-36,65279599;"SPRF-PE";"DEL02-PE";"UOP03-DEL02-PE"
224978;2019-07-27;"sábado";"13:30:00";"RJ";40;87;"PETROPOLIS";"Não guardar distância de segurança";"Engavetamento";"Com Vítimas Feridas";"Pleno dia";"Decrescente";"Céu Claro";"Simples";"Reta";"Não";4;0;1;0;3;0;1;3;-22,55568399;-43,22776794;"SPRF-RJ";"DEL06-RJ";"UOP01-DEL06-RJ"