"id";"data_inversa";"dia_semana";"horario";"uf";"br";"km";"municipio";"causa_acidente";"tipo_acidente";"classificacao_acidente";"fase_dia";"sentido_via";"condicao_metereologica";"tipo_pista";"tracado_via";"uso_solo";"pessoas";"mortos";"feridos_leves";"feridos_graves";"ilesos";"ignorados";"feridos";"veiculos";"latitude";"longitude";"regional";"delegacia";"uop"
224979;2019-07-27;"sábado";"13:10:00";"CE";116;7;"FORTALEZA";"Não guardar distância de segurança";"Queda de ocupante de veículo";"Com Vítimas Feridas";"Pleno dia";"Crescente";"Céu Claro";"Dupla";"Curva";"Sim";2;0;1;0;0;1;1;2;-3,81073099;-38,50074867;"SPRF-CE";"DEL01-CE";"UOP02-DEL01-CE"
224981;2019-07-27;"sábado";"14:20:00";"ES";262;6,5;"CARIACICA";"Desobediência às normas de trânsito pelo condutor";"Colisão transversal";"Sem Vítimas";"Pleno dia";"Crescente";"Sol";"Múltipla";"Interseção de Vias";"Sim";2;0;0;0;2;0;0;2;-20,34007493;-40,39451305;"SPRF-ES";"DEL01-ES";"UOP01-DEL01-ES"
224983;2019-07-27;"sábado";"13:40:00";"SP";116;186;"SANTA ISABEL";"Falta de Atenção à Condução";"Colisão lateral";"Com Vítimas Feridas";"Pleno dia";"Decrescente";"Sol";"Simples";"Curva";"Não";2;0;1;0;1;0;1;2;-23,3526578;-46,1990118;"SPRF-SP";"DEL02-SP";"UOP01-DEL02-SP"
224984;2019-07-27;"sábado";"14:35:00";"RN";406;169,3;"SAO GONCALO DO AMARANTE";"Desobediência às normas de trânsito pelo condutor";"Colisão transversal";"Com Vítimas Feridas";"Pleno dia";"Decrescente";"Nublado";"Dupla";"Reta";"Sim";2;0;0;1;1;0;1;2;-5,75570118;-35,30728507;"SPRF-RN";"DEL02-RN";"UOP01-DEL02-RN"
224985;2019-07-27;"sábado";"14:15:00";"RS";116;354,2;"TAPES";"Condutor Dormindo";"Colisão frontal";"Com Vítimas Feridas";"Pleno dia";"Decrescente";"Nublado";"Simples";"Reta";"Não";3;0;2;1;0;0;3;2;-30,57452819;-51,52475652;"SPRF-RS";"DEL02-RS";"UOP03-DEL02-RS"
224986;2019-07-27;"sábado";"13:20:00";"BA";407;231;"CAPIM GROSSO";"Falta de Atenção à Condução";"Colisão transversal";"Com Vítimas Feridas";"Pleno dia";"Decrescente";"Céu Claro";"Simples";"Reta";"Não";2;0;1;0;1;0;1;2;-11,36443597;-40,01315076;"SPRF-BA";"DEL04-BA";"UOP02-DEL04-BA"
224987;2019-07-27;"sábado";"14:40:00";"PR";116;66,7;"CAMPINA GRANDE DO SUL";"Velocidade Incompatível";"Colisão lateral";"Com Vítimas Feridas";"Pleno dia";"Crescente";"Nublado";"Dupla";"Curva";"Não";1;0;1;0;0;0;1;1;-25,31033956;-49,01212903;"SPRF-PR";"DEL01-PR";"UOP02-DEL01-PR"
224988;2019-07-27;"sábado";"15:15:00";"AL";316;156,6;"PALMEIRA DOS INDIOS";"Falta de Atenção à Condução";"Colisão lateral";"Com Vítimas Feridas";"Pleno dia";"Crescente";"Nublado";"Simples";"Reta";"Sim";3;0;1;1;1;0;2;2;-9,42150066;-36,62537421;"SPRF-AL";"DEL03-AL";"UOP01-DEL03-AL"
224989;2019-07-27;"sábado";"14:55:00";"RJ";116;10;"SAPUCAIA";"Falta de Atenção à Condução";"Queda de ocupante de veículo";"Com Vítimas Feridas";"Pleno dia";"Crescente";"Céu Claro";"Simples";"Reta";"Não";1;0;1;0;0;0;1;1;-21,93688258;-42,71048212;"SPRF-RJ";"DEL04-RJ";"UOP01-DEL04-RJ"
224990;2019-05-24;"sexta-feira";"06:10:00";"SC";282;604,7;"MARAVILHA";"Falta de Atenção do Pedestre";"Atropelamento de Pedestre";"Com Vítimas Fatais";"Plena Noite";"Decrescente";"Nevoeiro/Neblina";"Simples";"Reta;Aclive;Em Obras";"Não";2;1;0;0;0;1;0;2;-26,795523;-53,192974;"SPRF-SC";"DEL07-SC";"UOP02-DEL07-SC"
224991;2019-07-27;"sábado";"14:50:00";"TO";153;497,8;"PARAISO DO TOCANTINS";"Desobediência às normas de trânsito pelo condutor";"Colisão lateral";"Com Vítimas Feridas";"Pleno dia";"Crescente";"Céu Claro";"Simples";"Reta";"Sim";2;0;1;0;1;0;1;2;-10,18184103;-48,88032215;"SPRF-TO";"DEL02-TO";"UOP01-DEL01-TO"
224993;2019-07-27;"sábado";"14:30:00";"RJ";116;316;"ITATIAIA";"Falta de Atenção à Condução";"Queda de ocupante de veículo";"Com Vítimas Feridas";"Pleno dia";"Decrescente";"Céu Claro";"Simples";"Reta";"Não";1;0;1;0;0;0;1;1;-22,46560057;-44,49102813;"SPRF-RJ";"DEL07-RJ";"DEL5/7-UOP03/RJ"
224995;2019-07-27;"sábado";"12:50:00";"MG";365;559;"INDIANOPOLIS";"Falta de Atenção à Condução";"Colisão traseira";"Com Vítimas Feridas";"Pleno dia";"Crescente";"Sol";"Simples";"Reta";"Não";4;0;4;0;0;0;4;2;-18,92783;-47,7517;"SPRF-MG";"DEL15-MG";"UOP02-DEL15-MG"
224997;2019-07-27;"sábado";"15:50:00";"RS";290;92;"PORTO ALEGRE";"Falta de Atenção à Condução";"Colisão com objeto estático";"Com Vítimas Feridas";"Pleno dia";"Crescente";"Nublado";"Dupla";"Curva";"Sim";1;0;0;1;0;0;1;1;-29,971916;-51,176838;"SPRF-RS";"DEL01-RS";"UOP01-DEL01-RS"
224998;2019-07-27;"sábado";"14:45:00";"SP";116;170,1;"JACAREI";"Falta de Atenção à Condução";"Saída de leito carroçável";"Com Vítimas Feridas";"Pleno dia";"Crescente";"Sol";"Dupla";"Curva";"Não";3;0;2;1;0;0;3;1;-23,30758167;-46,05392575;"SPRF-SP";"DEL02-SP";"UOP01-DEL02-SP"
224999;2019-07-27;"sábado";"15:00:00";"MT";364;460;"VARZEA GRANDE";"Falta de Atenção à Condução";"Colisão transversal";"Com Vítimas Feridas";"Pleno dia";"Crescente";"Céu Claro";"Simples";"Reta";"Não";3;0;1;0;2;0;1;2;-15,52718003;-56,27460882;"SPRF-MT";"DEL01-MT";"DEL2/4-UOP02/MT"
225000;2019-07-27;"sábado";"15:40:00";"PR";376;658;"TIJUCAS DO SUL";"Desobediência às normas de trânsito pelo condutor";"Saída de leito carroçável";"Com Vítimas Feridas";"Pleno dia";"Decrescente";"Chuva";"Dupla";"Curva";"Não";4;0;2;0;2;0;2;1;-25,83984289;-49,01988029;"SPRF-PR";"DEL01-PR";"UOP04-DEL01-PR"
225001;2019-07-27;"sábado";"15:35:00";"DF";20;11,3;"BRASILIA";"Falta de Atenção à Condução";"Colisão traseira";"Com Vítimas Feridas";"Pleno dia";"Crescente";"Céu Claro";"Dupla";"Reta";"Sim";3;0;2;0;1;0;2;2;-15,64654;-47,766422;"SPRF-DF";"DEL02-DF";"UOP01-DEL02-DF"
225002;2019-07-27;"sábado";"16:35:00";"PE";232;114;"BEZERROS";"Ingestão de Álcool";"Colisão traseira";"Sem Vítimas";"Pleno dia";"Decrescente";"Chuva";"Dupla";"Reta";"Sim";3;0;0;0;3;0;0;2;-8,30028529;-35,84905306;"SPRF-PE";"DEL02-PE";"UOP03-DEL02-PE"
225003;2019-07-27;"sábado";"09:00:00";"MA";230;202,6;"SAO DOMINGOS DO AZEITAO";"Falta de Atenção à Condução";"Saída de leito carroçável";"Com Vítimas Feridas";"Pleno dia";"Decrescente";"Céu Claro";"Simples";"Reta";"Não";5;0;3;2;0;0;5;1;-6,82251847;-44,55341693;"SPRF-MA";"DEL05-MA";"UOP01-DEL05-MA"
225005;2019-07-27;"sábado";"17:00:00";"PR";376;174,5;"MARINGA";"Desobediência às normas de trânsito pelo condutor";"Colisão lateral";"Com Vítimas Feridas";"Pleno dia";"Crescente";"Céu Claro";"Dupla";"Interseção de Vias";"Sim";2;0;1;0;1;0;1;2;-23,41607634;-51,95473194;"SPRF-PR";"DEL07-PR";"UOP01-DEL09-PR"
225006;2019-07-27;"sábado";"16:50:00";"RS";116;142,2;"CAXIAS DO SUL";"Ingestão de Álcool";"Colisão frontal";"Com Vítimas Feridas";"Pleno dia";"Decrescente";"Céu Claro";"Dupla";"Curva";"Sim";2;0;1;0;1;0;1;2;-29,11867752;-51,1166811;"SPRF-RS";"DEL05-RS";"UOP01-DEL05-RS"
225007;2019-07-27;"sábado";"16:40:00";"ES";101;385,8;"RIO NOVO DO SUL";"Velocidade Incompatível";"Saída de leito carroçável";"Com Vítimas Feridas";"Pleno dia";"Decrescente";"Nublado";"Simples";"Curva";"Não";1;0;1;0;0;0;1;1;-20,83675912;-40,86790091;"SPRF-ES";"DEL03-ES";"UOP01-DEL03-ES"
225008;2019-07-27;"sábado";"16:00:00";"PB";101;122;"CAAPORA";"Velocidade Incompatível";"Colisão lateral";"Sem Vítimas";"Pleno dia";"Crescente";"Chuva";"Dupla";"Curva;Declive";"Não";4;0;0;0;4;0;0;2;-7,45038197;-34,97994215;"SPRF-PB";"DEL01-PB";"UOP01-DEL01-PB"
225010;2019-07-27;"sábado";"16:45:00";"PA";230;118;"MARABA";"Desobediência às normas de trânsito pelo condutor";"Colisão traseira";"Com Vítimas Feridas";"Pleno dia";"Crescente";"Céu Claro";"Dupla";"Aclive";"Sim";5;0;0;1;4;0;1;2;-5,350457;-49,113586;"SPRF-PA";"DEL03-PA";"UOP01-DEL03-PA"
225011;2019-07-27;"sábado";"17:20:00";"GO";70;3;"AGUAS LINDAS DE GOIAS";"Ingestão de Álcool";"Colisão traseira";"Com Vítimas Feridas";"Pleno dia";"Crescente";"Sol";"Múltipla";"Curva;Ponte;Aclive";"Sim";2;0;1;0;1;0;1;2;-15,76177302;-48,2368693;"SPRF-DF";"DEL01-DF";"UOP02-DEL03-DF"
225012;2019-07-27;"sábado";"17:35:00";"CE";116;3,6;"FORTALEZA";"Falta de Atenção do Pedestre";"Atropelamento de Pedestre";"Com Vítimas Feridas";"Anoitecer";"Crescente";"Céu Claro";"Dupla";"Reta";"Sim";2;0;2;0;0;0;2;2;-3,77866493;-38,51490171;"SPRF-CE";"DEL01-CE";"UOP02-DEL01-CE"
225013;2019-07-27;"sábado";"17:30:00";"GO";153;433,4;"ANAPOLIS";"Ingestão de Álcool";"Colisão traseira";"Com Vítimas Feridas";"Pleno dia";"Crescente";"Céu Claro";"Dupla";"Declive";"Sim";3;0;2;0;0;1;2;2;-16,270597;-48,975418;"SPRF-GO";"DEL02-GO";"UOP01-DEL02-GO"
225018;2019-07-27;"sábado";"18:30:00";"RS";116;145;"CAXIAS DO SUL";"Ingestão de álcool e/ou substâncias psicoativas pelo pedestre";"Atropelamento de Pedestre";"Com Vítimas Feridas";"Anoitecer";"Decrescente";"Céu Claro";"Dupla";"Reta";"Sim";3;0;1;0;0;2;1;2;-29,1350217;-51,1302779;"SPRF-RS";"DEL05-RS";"UOP01-DEL05-RS"
225020;2019-07-27;"sábado";"12:00:00";"BA";418;96;"NOVA VICOSA";"Falta de Atenção à Condução";"Colisão frontal";"Com Vítimas Feridas";"Pleno dia";"Crescente";"Sol";"Simples";"Reta";"Não";2;0;2;0;0;0;2;2;-17,89164233;-39,8946629;"SPRF-BA";"DEL09-BA";"UOP02-DEL09-BA"
225021;2019-07-27;"sábado";"18:30:00";"PR";277;51,5;"SAO JOSE DOS PINHAIS";"Falta de Atenção à Condução";"Capotamento";"Com Vítimas Feridas";"Plena Noite";"Decrescente";"Chuva";"Dupla";"Curva";"Não";1;0;0;1;0;0;1;1;-25,59515989;-48,90700787;"SPRF-PR";"DEL01-PR";"UOP07-DEL01-PR"
225023;2019-07-27;"sábado";"16:25:00";"MT";364;205,2;"RONDONOPOLIS";"Desobediência às normas de trânsito pelo condutor";"Colisão lateral";"Com Vítimas Feridas";"Pleno dia";"Decrescente";"Céu Claro";"Dupla";"Retorno Regulamentado";"Sim";3;0;2;0;1;0;2;2;-16,45928621;-54,66092345;"SPRF-MT";"DEL02-MT";"UOP01-DEL02-MT"
225024;2019-07-27;"sábado";"18:50:00";"RJ";393;248;"BARRA DO PIRAI";"Falta de Atenção à Condução";"Saída de leito carroçável";"Com Vítimas Feridas";"Plena Noite";"Crescente";"Céu Claro";"Simples";"Reta";"Não";2;0;2;0;0;0;2;1;-22,43017988;-43,74389791;"SPRF-RJ";"DEL05-RJ";"UOP04-DEL05-RJ"
225027;2019-07-27;"sábado";"19:00:00";"PR";376;650;"TIJUCAS DO SUL";"Ingestão de Álcool";"Colisão traseira";"Sem Vítimas";"Plena Noite";"Crescente";"Chuva";"Dupla";"Reta";"Não";2;0;0;0;2;0;0;2;-25,84564757;-49,08816197;"SPRF-PR";"DEL01-PR";"UOP04-DEL01-PR"
225028;2019-07-27;"sábado";"18:50:00";"PI";343;332;"TERESINA";"Falta de Atenção à Condução";"Colisão lateral";"Com Vítimas Feridas";"Plena Noite";"Crescente";"Céu Claro";"Simples";"Reta";"Não";3;0;0;2;1;0;2;2;-5,058209;-42,66679;"SPRF-PI";"DEL01-PI";"UOP01-DEL01-PI"
225029;2019-07-27;"sábado";"16:40:00";"GO";50;246,5;"CATALAO";"Desobediência às normas de trânsito pelo condutor";"Saída de leito carroçável";"Com Vítimas Feridas";"Pleno dia";"Decrescente";"Céu Claro";"Dupla";"Reta";"Não";3;0;1;0;2;0;1;1;-17,9343;-47,7877;"SPRF-GO";"DEL06-GO";"UOP01-DEL06-GO"
225030;2019-07-27;"sábado";"18:50:00";"ES";101;268,9;"SERRA";"Falta de Atenção à Condução";"Colisão transversal";"Com Vítimas Feridas";"Plena Noite";"Decrescente";"Céu Claro";"Simples";"Interseção de Vias";"Sim";2;0;1;0;1;0;1;2;-20,20842;-40,269405;"SPRF-ES";"DEL02-ES";"UOP01-DEL02-ES"
225031;2019-07-27;"sábado";"19:00:00";"ES";101;32;"CONCEICAO DA BARRA";"Falta de Atenção à Condução";"Colisão lateral";"Com Vítimas Feridas";"Plena Noite";"Crescente";"Ignorado";"Simples";"Reta";"Não";2;0;1;0;1;0;1;2;-18,42549901;-39,93487006;"SPRF-ES";"DEL04-ES";"UOP02-DEL04-ES"
225032;2019-07-27;"sábado";"19:00:00";"MG";262;572,9;"CORREGO DANTA";"Desobediência às normas de trânsito pelo condutor";"Saída de leito carroçável";"Sem Vítimas";"Plena Noite";"Crescente";"Céu Claro";"Simples";"Declive";"Não";1;0;0;0;1;0;0;1;-19,71337085;-46,02040123;"SPRF-MG";"DEL08-MG";"UOP02-DEL08-MG"
225033;2019-07-27;"sábado";"18:15:00";"MS";163;479,2;"CAMPO GRANDE";"Falta de Atenção à Condução";"Colisão traseira";"Com Vítimas Feridas";"Plena Noite";"Crescente";"Céu Claro";"Simples";"Reta";"Sim";3;0;0;1;2;0;1;3;-20,487322;-54,55929095;"SPRF-MS";"DEL01-MS";"UOP01-DEL01-MS"
225034;2019-07-27;"sábado";"16:22:00";"BA";20;81;"SAO DESIDERIO";"Falta de Atenção à Condução";"Colisão transversal";"Com Vítimas Feridas";"Pleno dia";"Decrescente";"Céu Claro";"Simples";"Reta";"Não";6;0;1;0;5;0;1;2;-13,24094809;-46,04679108;"SPRF-BA";"DEL10-BA";"UOP01-DEL10-BA"
225035;2019-07-27;"sábado";"19:15:00";"PR";277;576,1;"CASCAVEL";"Velocidade Incompatível";"Colisão frontal";"Com Vítimas Fatais";"Plena Noite";"Crescente";"Céu Claro";"Simples";"Reta";"Não";3;1;0;0;1;1;0;3;-24,98692731;-53,33030208;"SPRF-PR";"DEL04-PR";"UOP01-DEL04-PR"
225036;2019-07-27;"sábado";"13:30:00";"SC";470;177;"POUSO REDONDO";"Ingestão de Álcool";"Saída de leito carroçável";"Com Vítimas Feridas";"Pleno dia";"Crescente";"Nublado";"Simples";"Rotatória";"Sim";2;0;1;1;0;0;2;1;-27,25047105;-49,95989799;"SPRF-SC";"DEL04-SC";"UOP02-DEL04-SC"
225037;2019-07-27;"sábado";"19:40:00";"PR";376;182,2;"SARANDI";"Falta de Atenção à Condução";"Colisão com objeto estático";"Sem Vítimas";"Plena Noite";"Decrescente";"Nublado";"Dupla";"Reta";"Sim";3;0;0;0;2;1;0;3;-23,43684112;-51,87880764;"SPRF-PR";"DEL07-PR";"UOP01-DEL09-PR"
225038;2019-07-27;"sábado";"19:05:00";"ES";482;81,7;"ALEGRE";"Mal Súbito";"Colisão com objeto estático";"Sem Vítimas";"Plena Noite";"Crescente";"Céu Claro";"Simples";"Reta;Aclive";"Sim";1;0;0;0;1;0;0;1;-20,76086513;-41,51587805;"SPRF-ES";"DEL03-ES";"UOP02-DEL03-ES"
225041;2019-07-27;"sábado";"19:20:00";"BA";235;32,7;"CORONEL JOAO SA";"Desobediência às normas de trânsito pelo condutor";"Colisão traseira";"Sem Vítimas";"Plena Noite";"Decrescente";"Céu Claro";"Simples";"Reta";"Não";5;0;0;0;3;2;0;2;-10,15623284;-37,95677381;"SPRF-SE";"DEL01-SE";"UOP02-DEL01-SE"
225042;2019-07-27;"sábado";"17:10:00";"MT";70;733,8;"CACERES";"Velocidade Incompatível";"Colisão lateral";"Com Vítimas Feridas";"Pleno dia";"Crescente";"Céu Claro";"Simples";"Reta;Interseção de Vias";"Sim";6;0;2;0;4;0;2;2;-16,0858877;-57,6967477;"SPRF-MT";"DEL03-MT";"UOP01-DEL03-MT"
225043;2019-07-27;"sábado";"19:40:00";"ES";101;93;"JAGUARE";"Restrição de Visibilidade";"Atropelamento de Pedestre";"Com Vítimas Feridas";"Plena Noite";"Crescente";"Ignorado";"Simples";"Reta";"Não";2;0;0;2;0;0;2;2;-18,92266916;-39,96785068;"SPRF-ES";"DEL04-ES";"UOP02-DEL04-ES"
225044;2019-07-27;"sábado";"17:30:00";"AM";174;898;"MANAUS";"Defeito Mecânico no Veículo";"Incêndio";"Sem Vítimas";"Anoitecer";"Crescente";"Céu Claro";"Simples";"Reta";"Não";1;0;0;0;0;1;0;1;-2,85248508;-60,03576584;"SPRF-AM";"DEL01-AM";"UOP01-DEL01-AM"
225046;2019-07-27;"sábado";"19:50:00";"MG";262;446,6;"NOVA SERRANA";"Desobediência às normas de trânsito pelo condutor";"Colisão traseira";"Com Vítimas Feridas";"Plena Noite";"Crescente";"Céu Claro";"Simples";"Reta";"Sim";4;0;2;1;1;0;3;2;-19,87514825;-44,95031205;"SPRF-MG";"DEL08-MG";"UOP03-DEL08-MG"
225048;2019-07-27;"sábado";"19:50:00";"RS";290;483;"ROSARIO DO SUL";"Ingestão de Álcool";"Colisão transversal";"Sem Vítimas";"Plena Noite";"Decrescente";"Nublado";"Simples";"Rotatória";"Sim";2;0;0;0;2;0;0;2;-30,241375;-54,950855;"SPRF-RS";"DEL11-RS";"UOP02-DEL11-RS"
225050;2019-07-27;"sábado";"18:15:00";"PR";116;43;"CAMPINA GRANDE DO SUL";"Desobediência às normas de trânsito pelo condutor";"Queda de ocupante de veículo";"Com Vítimas Feridas";"Plena Noite";"Decrescente";"Nublado";"Dupla";"Curva";"Não";1;0;1;0;0;0;1;1;-25,18101149;-48,88196442;"SPRF-PR";"DEL01-PR";"UOP02-DEL01-PR"
225051;2019-07-27;"sábado";"15:30:00";"SC";470;1,1;"NAVEGANTES";"Desobediência às normas de trânsito pelo condutor";"Colisão frontal";"Sem Vítimas";"Pleno dia";"Decrescente";"Nublado";"Simples";"Reta";"Sim";2;0;0;0;2;0;0;2;-26,875383;-48,668285;"SPRF-SC";"DEL04-SC";"UOP04-DEL04-SC"
225052;2019-07-27;"sábado";"20:00:00";"BA";324;540;"AMELIA RODRIGUES";"Ingestão de Álcool";"Saída de leito carroçável";"Com Vítimas Feridas";"Plena Noite";"Crescente";"Céu Claro";"Dupla";"Reta";"Não";1;0;1;0;0;0;1;1;-12,38543536;-38,79238728;"SPRF-BA";"DEL01-BA";"UOP01-DEL01-BA"
225053;2019-07-27;"sábado";"20:30:00";"MG";40;499;"ESMERALDAS";"Falta de Atenção à Condução";"Capotamento";"Com Vítimas Feridas";"Plena Noite";"Decrescente";"Céu Claro";"Dupla";"Reta";"Não";2;0;0;2;0;0;2;1;-19,69292612;-44,17828038;"SPRF-MG";"DEL02-MG";"UOP01-DEL02-MG"
225054;2019-07-27;"sábado";"20:45:00";"RS";386;341,8;"LAJEADO";"Ingestão de Álcool";"Saída de leito carroçável";"Sem Vítimas";"Plena Noite";"Decrescente";"Garoa/Chuvisco";"Simples";"Reta";"Sim";1;0;0;0;1;0;0;1;-29,425882;-52,019684;"SPRF-RS";"DEL04-RS";"UOP01-DEL04-RS"
225055;2019-07-27;"sábado";"21:00:00";"CE";222;1,9;"FORTALEZA";"Falta de Atenção do Pedestre";"Atropelamento de Pedestre";"Com Vítimas Fatais";"Plena Noite";"Crescente";"Céu Claro";"Múltipla";"Reta";"Sim";4;1;0;0;2;1;0;2;-3,73896065;-38,58565807;"SPRF-CE";"DEL01-CE";"UOP01-DEL01-CE"
225056;2019-07-27;"sábado";"20:05:00";"RS";470;172;"VERANOPOLIS";"Falta de Atenção à Condução";"Colisão transversal";"Sem Vítimas";"Plena Noite";"Decrescente";"Nublado";"Simples";"Rotatória";"Sim";2;0;0;0;2;0;0;2;-28,89106431;-51,54975736;"SPRF-RS";"DEL06-RS";"UOP02-DEL06-RS"
225057;2019-07-27;"sábado";"20:50:00";"PR";116;15;"CAMPINA GRANDE DO SUL";"Velocidade Incompatível";"Capotamento";"Com Vítimas Feridas";"Plena Noite";"Crescente";"Garoa/Chuvisco";"Dupla";"Curva";"Sim";4;0;3;1;0;0;4;1;-25,09832756;-48,68266005;"SPRF-PR";"DEL01-PR";"UOP02-DEL01-PR"
225058;2019-07-27;"sábado";"19:45:00";"SC";101;355,3;"SANGAO";"Defeito Mecânico no Veículo";"Colisão com objeto estático";"Sem Vítimas";"Plena Noite";"Decrescente";"Nublado";"Dupla";"Reta";"Não";2;0;0;0;2;0;0;2;-28,62380715;-49,07828489;"SPRF-SC";"DEL02-SC";"UOP01-DEL02-SC"
225059;2019-07-27;"sábado";"20:00:00";"MG";262;362,5;"JUATUBA";"Falta de Atenção à Condução";"Atropelamento de Pedestre";"Com Vítimas Feridas";"Plena Noite";"Crescente";"Céu Claro";"Dupla";"Reta";"Não";2;0;0;1;1;0;1;2;-19,96991669;-44,29284291;"SPRF-MG";"DEL01-MG";"UOP03-DEL01-MG"
225061;2019-07-27;"sábado";"20:05:00";"PE";424;90,9;"GARANHUNS";"Ingestão de álcool e/ou substâncias psicoativas pelo pedestre";"Saída de leito carroçável";"Com Vítimas Feridas";"Plena Noite";"Decrescente";"Chuva";"Simples";"Reta";"Sim";3;0;1;0;1;1;1;2;-8,90357896;-36,50005817;"SPRF-PE";"DEL03-PE";"UOP01-DEL03-PE"
225065;2019-07-27;"sábado";"22:00:00";"PR";116;210;"RIO NEGRO";"Ingestão de Álcool";"Colisão transversal";"Com Vítimas Feridas";"Plena Noite";"Crescente";"Garoa/Chuvisco";"Simples";"Rotatória";"Sim";2;0;2;0;0;0;2;2;-26,07479435;-49,76117178;"SPRF-SC";"DEL06-SC";"UOP01-DEL06-SC"
225067;2019-07-27;"sábado";"20:55:00";"RO";174;14;"VILHENA";"Falta de Atenção à Condução";"Colisão lateral";"Com Vítimas Feridas";"Plena Noite";"Crescente";"Céu Claro";"Dupla";"Rotatória";"Sim";2;0;1;0;1;0;1;2;-12,73306632;-60,12981255;"SPRF-RO";"DEL04-RO";"UOP01-DEL04-RO"
225069;2019-07-27;"sábado";"21:00:00";"SE";235;2,6;"ARACAJU";"Falta de Atenção do Pedestre";"Atropelamento de Pedestre";"Com Vítimas Fatais";"Plena Noite";"Decrescente";"Chuva";"Dupla";"Reta";"Sim";2;1;0;0;1;0;0;2;-10,9062;-37,1034;"SPRF-SE";"DEL01-SE";"UOP01-DEL01-SE"
225070;2019-07-27;"sábado";"22:30:00";"SP";116;1;"GUARULHOS";"Avarias e/ou desgaste excessivo no pneu";"Tombamento";"Com Vítimas Feridas";"Plena Noite";"Decrescente";"Céu Claro";"Dupla";"Curva";"Sim";1;0;1;0;0;0;1;1;-23,45370874;-46,49095269;"SPRF-SP";"DEL01-SP";"UOP01-DEL01-SP"
225071;2019-07-27;"sábado";"22:25:00";"AL";101;239,9;"SAO BRAS";"Animais na Pista";"Atropelamento de Animal";"Com Vítimas Feridas";"Plena Noite";"Crescente";"Nublado";"Dupla";"Declive";"Não";1;0;0;1;0;0;1;1;-10,13712503;-36,80203194;"SPRF-AL";"DEL02-AL";"UOP02-DEL02-AL"
225072;2019-07-27;"sábado";"22:30:00";"PE";104;66;"CARUARU";"Ingestão de Álcool";"Colisão lateral";"Com Vítimas Feridas";"Plena Noite";"Crescente";"Chuva";"Simples";"Viaduto";"Sim";3;0;1;1;1;0;2;2;-8,2937;-35,9864;"SPRF-PE";"DEL02-PE";"UOP01-DEL02-PE"
225073;2019-07-27;"sábado";"22:35:00";"MG";381;760;"TRES CORACOES";"Falta de Atenção do Pedestre";"Atropelamento de Pedestre";"Com Vítimas Feridas";"Plena Noite";"Crescente";"Céu Claro";"Dupla";"Reta";"Não";2;0;1;0;1;0;1;2;-21,72400978;-45,38147537;"SPRF-MG";"DEL16-MG";"UOP02-DEL16-MG"
225074;2019-07-27;"sábado";"20:35:00";"BA";407;227,8;"CAPIM GROSSO";"Animais na Pista";"Atropelamento de Animal";"Com Vítimas Feridas";"Plena Noite";"Crescente";"Nublado";"Simples";"Reta";"Não";1;0;1;0;0;0;1;1;-11,33058004;-40,01665726;"SPRF-BA";"DEL04-BA";"UOP02-DEL04-BA"
225075;2019-07-27;"sábado";"22:00:00";"CE";222;4;"CAUCAIA";"Ultrapassagem Indevida";"Colisão frontal";"Com Vítimas Feridas";"Plena Noite";"Crescente";"Nublado";"Simples";"Reta";"Sim";2;0;0;1;1;0;1;2;-3,736507;-38,65337;"SPRF-CE";"DEL01-CE";"UOP01-DEL01-CE"
225076;2019-07-27;"sábado";"22:20:00";"RS";116;480,9;"TURUCU";"Desobediência às normas de trânsito pelo condutor";"Colisão frontal";"Com Vítimas Feridas";"Plena Noite";"Decrescente";"Céu Claro";"Simples";"Reta";"Não";2;0;1;0;1;0;1;2;-31,40823579;-52,16643032;"SPRF-RS";"DEL07-RS";"UOP01-DEL07-RS"
225077;2019-07-27;"sábado";"22:30:00";"MG";251;311,7;"SALINAS";"Não guardar distância de segurança";"Atropelamento de Pedestre";"Com Vítimas Fatais";"Plena Noite";"Crescente";"Nublado";"Simples";"Reta";"Não";4;1;0;1;2;0;1;3;-16,16176156;-42,31423269;"SPRF-MG";"DEL11-MG";"UOP02-DEL11-MG"
225078;2019-07-27;"sábado";"20:40:00";"RO";364;426,8;"JARU";"Falta de Atenção à Condução";"Colisão transversal";"Sem Vítimas";"Plena Noite";"Crescente";"Céu Claro";"Simples";"Reta";"Sim";5;0;0;0;4;1;0;2;-10,432443;-62,479584;"SPRF-RO";"DEL03-RO";"UOP02-DEL03-RO"
225081;2019-07-27;"sábado";"22:10:00";"RO";174;14;"VILHENA";"Falta de Atenção à Condução";"Colisão transversal";"Sem Vítimas";"Plena Noite";"Crescente";"Céu Claro";"Simples";"Reta";"Não";5;0;0;0;4;1;0;3;-12,73306632;-60,12981255;"SPRF-RO";"DEL04-RO";"UOP01-DEL04-RO"
225082;2019-07-27;"sábado";"22:40:00";"RJ";116;286,5;"BARRA MANSA";"Falta de Atenção à Condução";"Colisão com objeto estático";"Com Vítimas Feridas";"Plena Noite";"Decrescente";"Céu Claro";"Dupla";"Reta";"Não";1;0;0;1;0;0;1;1;-22,49846046;-44,23342487;"SPRF-RJ";"DEL07-RJ";"UOP02-DEL07-RJ"
225083;2019-07-27;"sábado";"22:10:00";"PR";369;107;"URAI";"Agressão Externa";"Colisão traseira";"Com Vítimas Feridas";"Plena Noite";"Crescente";"Céu Claro";"Simples";"Reta";"Não";4;0;1;0;2;1;1;2;-23,25715772;-50,76795101;"SPRF-PR";"DEL07-PR";"UOP05-DEL07-PR"