"id";"data_inversa";"dia_semana";"horario";"uf";"br";"km";"municipio";"causa_acidente";"tipo_acidente";"classificacao_acidente";"fase_dia";"sentido_via";"condicao_metereologica";"tipo_pista";"tracado_via";"uso_solo";"pessoas";"mortos";"feridos_leves";"feridos_graves";"ilesos";"ignorados";"feridos";"veiculos";"latitude";"longitude";"regional";"delegacia";"uop"
225084;2019-07-27;"sábado";"21:30:00";"MT";364;375;"SANTO ANTONIO DO LEVERGER";"Ingestão de álcool e/ou substâncias psicoativas pelo pedestre";"Atropelamento de Pedestre";"Sem Vítimas";"Plena Noite";"Crescente";"Céu Claro";"Dupla";"Reta";"Não";2;0;0;0;2;0;0;2;-15,70456857;-55,71901199;"SPRF-MT";"DEL02-MT";"UOP02-DEL01-MT"
225085;2019-07-27;"sábado";"22:30:00";"MA";222;674;"ACAILANDIA";"Falta de Atenção à Condução";"Colisão transversal";"Com Vítimas Feridas";"Plena Noite";"Crescente";"Céu Claro";"Simples";"Aclive";"Não";3;0;2;0;1;0;2;2;-4,95415309;-47,48870373;"SPRF-MA";"DEL04-MA";"UOP03-DEL04-MA"
225086;2019-07-27;"sábado";"23:00:00";"CE";222;0,4;"FORTALEZA";"Falta de Atenção à Condução";"Colisão traseira";"Com Vítimas Feridas";"Plena Noite";"Decrescente";"Garoa/Chuvisco";"Dupla";"Reta";"Sim";2;0;0;1;1;0;1;2;-3,7367737;-38,56923;"SPRF-CE";"DEL01-CE";"UOP01-DEL01-CE"
225087;2019-07-27;"sábado";"23:50:00";"PR";116;124,3;"FAZENDA RIO GRANDE";"Desobediência às normas de trânsito pelo condutor";"Colisão lateral";"Com Vítimas Feridas";"Plena Noite";"Crescente";"Céu Claro";"Dupla";"Reta";"Não";2;0;1;0;1;0;1;2;-25,58620703;-49,31436887;"SPRF-PR";"DEL01-PR";"UOP03-DEL01-PR"
225089;2019-07-27;"sábado";"23:40:00";"RN";101;85;"NATAL";"Ingestão de Álcool";"Colisão frontal";"Sem Vítimas";"Plena Noite";"Decrescente";"Chuva";"Dupla";"Aclive";"Não";3;0;0;0;1;2;0;2;-5,77659336;-35,25128603;"SPRF-RN";"DEL02-RN";"UOP01-DEL02-RN"
225090;2019-07-27;"sábado";"23:10:00";"MS";163;122,2;"NAVIRAI";"Ingestão de Álcool";"Saída de leito carroçável";"Com Vítimas Feridas";"Plena Noite";"Crescente";"Céu Claro";"Simples";"Reta";"Não";1;0;1;0;0;0;1;1;-23,097132;-54,224327;"SPRF-MS";"DEL09-MS";"UOP01-DEL09-MS"
225091;2019-07-27;"sábado";"15:00:00";"PA";230;740;"MEDICILANDIA";"Velocidade Incompatível";"Capotamento";"Com Vítimas Fatais";"Pleno dia";"Crescente";"Céu Claro";"Simples";"Ponte";"Não";5;1;3;0;0;1;3;2;-3,442947;-52,84863;"SPRF-PA";"DEL04-PA";"UOP01-DEL04-PA"
225094;2019-07-27;"sábado";"22:40:00";"RJ";101;487;"ANGRA DOS REIS";"Desobediência às normas de trânsito pelo condutor";"Colisão com objeto estático";"Com Vítimas Feridas";"Plena Noite";"Crescente";"Céu Claro";"Simples";"Reta";"Sim";7;0;0;7;0;0;7;1;-22,96828891;-44,29864663;"SPRF-RJ";"DEL03-RJ";"UOP03-DEL03-RJ"
225096;2019-07-28;"domingo";"00:30:00";"RJ";101;70,1;"CAMPOS DOS GOYTACAZES";"Ingestão de Álcool";"Colisão frontal";"Com Vítimas Fatais";"Plena Noite";"Crescente";"Céu Claro";"Dupla";"Reta";"Não";5;1;0;4;0;0;4;2;-21,781011;-41,373363;"SPRF-RJ";"DEL08-RJ";"UOP02-DEL08-RJ"
225097;2019-07-27;"sábado";"20:20:00";"RO";364;1030,5;"PORTO VELHO";"Deficiência ou não Acionamento do Sistema de Iluminação/Sinalização do Veículo";"Colisão traseira";"Com Vítimas Feridas";"Plena Noite";"Decrescente";"Céu Claro";"Simples";"Reta";"Não";5;0;0;1;3;1;1;3;-9,75929717;-66,26472596;"SPRF-RO";"DEL01-RO";"UOP03-DEL01-RO"
225098;2019-07-27;"sábado";"20:00:00";"RO";364;1037,5;"PORTO VELHO";"Falta de Atenção à Condução";"Colisão lateral";"Com Vítimas Feridas";"Plena Noite";"Decrescente";"Céu Claro";"Simples";"Declive";"Não";3;0;1;2;0;0;3;2;-9,77025216;-66,328361;"SPRF-RO";"DEL01-RO";"UOP03-DEL01-RO"
225100;2019-07-28;"domingo";"01:00:00";"AL";104;90,7;"RIO LARGO";"Velocidade Incompatível";"Capotamento";"Com Vítimas Fatais";"Plena Noite";"Decrescente";"Chuva";"Dupla";"Reta";"Sim";1;1;0;0;0;0;0;1;-9,50240892;-35,81039082;"SPRF-AL";"DEL01-AL";"UOP01-DEL01-AL"
225102;2019-07-27;"sábado";"23:30:00";"BA";101;940,1;"MUCURI";"Ingestão de Álcool";"Colisão traseira";"Com Vítimas Feridas";"Plena Noite";"Decrescente";"Chuva";"Simples";"Reta";"Não";2;0;1;0;1;0;1;2;-18,16840196;-39,91873914;"SPRF-BA";"DEL09-BA";"UOP02-DEL09-BA"
225103;2019-07-27;"sábado";"21:20:00";"PR";153;66,3;"CONSELHEIRO MAIRINCK";"Falta de Atenção à Condução";"Colisão com objeto estático";"Sem Vítimas";"Plena Noite";"Decrescente";"Céu Claro";"Simples";"Interseção de Vias";"Não";1;0;0;0;0;1;0;1;-23,49528219;-50,1077038;"SPRF-PR";"DEL07-PR";"UOP04-DEL07-PR"
225104;2019-07-28;"domingo";"00:15:00";"MG";50;178,9;"UBERABA";"Ingestão de Álcool";"Saída de leito carroçável";"Sem Vítimas";"Plena Noite";"Decrescente";"Céu Claro";"Dupla";"Curva";"Sim";1;0;0;0;1;0;0;1;-19,77896821;-47,94093599;"SPRF-MG";"DEL13-MG";"UOP01-DEL13-MG"
225105;2019-07-28;"domingo";"00:38:00";"RJ";101;391;"ITAGUAI";"Animais na Pista";"Atropelamento de Animal";"Com Vítimas Feridas";"Pleno dia";"Crescente";"Céu Claro";"Simples";"Reta";"Não";2;0;2;0;0;0;2;1;-22,894827;-43,68492;"SPRF-RJ";"DEL03-RJ";"UOP01-DEL03-RJ"
225106;2019-07-27;"sábado";"23:40:00";"GO";70;170;"ITAGUARI";"Desobediência às normas de trânsito pelo condutor";"Saída de leito carroçável";"Com Vítimas Fatais";"Plena Noite";"Crescente";"Céu Claro";"Simples";"Curva";"Não";1;1;0;0;0;0;0;1;-15,93629194;-49,62227207;"SPRF-GO";"DEL02-GO";"UOP02-DEL02-GO"
225107;2019-07-28;"domingo";"01:40:00";"ES";101;135;"LINHARES";"Ultrapassagem Indevida";"Colisão lateral";"Com Vítimas Feridas";"Plena Noite";"Crescente";"Nublado";"Simples";"Reta";"Não";3;0;0;2;0;1;2;2;-19,27504305;-40,08788043;"SPRF-ES";"DEL04-ES";"UOP01-DEL04-ES"
225108;2019-07-27;"sábado";"23:40:00";"PI";316;1,8;"TERESINA";"Velocidade Incompatível";"Colisão com objeto estático";"Com Vítimas Feridas";"Plena Noite";"Decrescente";"Céu Claro";"Múltipla";"Rotatória";"Sim";1;0;1;0;0;0;1;1;-5,12861853;-42,80706778;"SPRF-PI";"DEL01-PI";"UOP02-DEL01-PI"
225109;2019-07-28;"domingo";"00:15:00";"SC";116;226;"CORREIA PINTO";"Falta de Atenção à Condução";"Saída de leito carroçável";"Com Vítimas Feridas";"Plena Noite";"Crescente";"Nublado";"Simples";"Reta";"Não";1;0;0;1;0;0;1;1;-27,627321;-50,34153899;"SPRF-SC";"DEL05-SC";"UOP03-DEL05-SC"
225110;2019-07-28;"domingo";"02:05:00";"GO";153;499,8;"GOIANIA";"Defeito Mecânico no Veículo";"Queda de ocupante de veículo";"Com Vítimas Feridas";"Plena Noite";"Crescente";"Céu Claro";"Dupla";"Reta";"Sim";2;0;1;0;1;0;1;1;-16,7033;-49,2311;"SPRF-GO";"DEL01-GO";"UOP01-DEL01-GO"
225112;2019-07-28;"domingo";"02:45:00";"RS";116;249,2;"SAO LEOPOLDO";"Falta de Atenção à Condução";"Colisão traseira";"Sem Vítimas";"Plena Noite";"Decrescente";"Nublado";"Dupla";"Curva";"Sim";2;0;0;0;1;1;0;2;-29,78420879;-51,16207665;"SPRF-RS";"DEL01-RS";"UOP02-DEL01-RS"
225113;2019-07-27;"sábado";"21:20:00";"BA";101;263;"SANTO ANTONIO DE JESUS";"Falta de Atenção à Condução";"Colisão traseira";"Com Vítimas Feridas";"Plena Noite";"Crescente";"Nublado";"Simples";"Reta";"Sim";3;0;1;1;1;0;2;3;-13,09003799;-39,27863203;"SPRF-BA";"DEL01-BA";"UOP02-DEL01-BA"
225115;2019-07-28;"domingo";"02:30:00";"SP";116;224;"GUARULHOS";"Defeito Mecânico no Veículo";"Queda de ocupante de veículo";"Com Vítimas Feridas";"Plena Noite";"Decrescente";"Céu Claro";"Múltipla";"Reta";"Sim";1;0;1;0;0;0;1;1;-23,48071896;-46,53271603;"SPRF-SP";"DEL01-SP";"UOP01-DEL01-SP"
225116;2019-07-28;"domingo";"02:30:00";"SP";116;273;"EMBU DAS ARTES";"Ingestão de Álcool";"Colisão traseira";"Com Vítimas Feridas";"Plena Noite";"Crescente";"Céu Claro";"Dupla";"Reta";"Sim";5;0;4;0;1;0;4;3;-23,62809795;-46,81870306;"SPRF-SP";"DEL04-SP";"UOP01-DEL04-SP"
225118;2019-07-27;"sábado";"23:50:00";"SC";470;146,2;"RIO DO SUL";"Ingestão de Álcool";"Colisão frontal";"Com Vítimas Feridas";"Plena Noite";"Decrescente";"Garoa/Chuvisco";"Simples";"Reta";"Não";2;0;1;0;1;0;1;2;-27,240673;-49,685822;"SPRF-SC";"DEL04-SC";"UOP02-DEL04-SC"
225120;2019-07-27;"sábado";"23:45:00";"PA";316;89;"SAO FRANCISCO DO PARA";"Falta de Atenção à Condução";"Colisão frontal";"Com Vítimas Fatais";"Plena Noite";"Crescente";"Céu Claro";"Simples";"Aclive";"Não";4;2;0;1;1;0;1;2;-1,3179079;-47,70074398;"SPRF-PA";"DEL01-PA";"UOP02-DEL01-PA"
225124;2019-07-28;"domingo";"04:20:00";"PR";277;68;"SAO JOSE DOS PINHAIS";"Falta de Atenção à Condução";"Colisão com objeto estático";"Com Vítimas Feridas";"Plena Noite";"Decrescente";"Céu Claro";"Simples";"Curva";"Não";1;0;0;1;0;0;1;1;-25,54112281;-49,06183391;"SPRF-PR";"DEL01-PR";"UOP07-DEL01-PR"
225125;2019-07-28;"domingo";"04:55:00";"PR";476;139,9;"CURITIBA";"Velocidade Incompatível";"Saída de leito carroçável";"Com Vítimas Feridas";"Plena Noite";"Decrescente";"Céu Claro";"Dupla";"Reta";"Sim";3;0;1;0;2;0;1;3;-25,520693;-49,294121;"SPRF-PR";"DEL01-PR";"UOP03-DEL01-PR"
225127;2019-07-28;"domingo";"04:20:00";"PR";467;74,6;"TOLEDO";"Ingestão de Álcool";"Colisão lateral";"Sem Vítimas";"Plena Noite";"Crescente";"Céu Claro";"Dupla";"Aclive;Curva";"Não";2;0;0;0;1;1;0;2;-24,7402;-53,6935;"SPRF-PR";"DEL04-PR";"UOP01-DEL04-PR"
225128;2019-07-28;"domingo";"00:45:00";"SC";282;598,5;"CUNHA PORA";"Ingestão de Álcool";"Saída de leito carroçável";"Com Vítimas Feridas";"Plena Noite";"Crescente";"Céu Claro";"Simples";"Reta;Aclive";"Não";1;0;1;0;0;0;1;1;-26,825783;-53,147213;"SPRF-SC";"DEL07-SC";"UOP02-DEL07-SC"
225129;2019-07-28;"domingo";"05:50:00";"ES";101;285;"CARIACICA";"Condutor Dormindo";"Colisão com objeto estático";"Com Vítimas Feridas";"Amanhecer";"Crescente";"Céu Claro";"Múltipla";"Aclive";"Não";1;0;1;0;0;0;1;1;-20,25148171;-40,37270066;"SPRF-ES";"DEL01-ES";"UOP01-DEL01-ES"
225131;2019-07-28;"domingo";"05:50:00";"RS";116;250;"SAO LEOPOLDO";"Falta de Atenção à Condução";"Colisão traseira";"Com Vítimas Feridas";"Plena Noite";"Crescente";"Céu Claro";"Dupla";"Reta";"Sim";1;0;1;0;0;0;1;1;-29,79148798;-51,16399615;"SPRF-RS";"DEL01-RS";"UOP02-DEL01-RS"
225132;2019-07-28;"domingo";"04:30:00";"PA";10;323;"SAO MIGUEL DO GUAMA";"Desobediência às normas de trânsito pelo condutor";"Colisão transversal";"Sem Vítimas";"Amanhecer";"Decrescente";"Nevoeiro/Neblina";"Simples";"Reta";"Sim";2;0;0;0;1;1;0;2;-1,61088202;-47,48281005;"SPRF-PA";"DEL01-PA";"UOP02-DEL01-PA"
225133;2019-07-24;"quarta-feira";"02:20:00";"RJ";101;328;"NITEROI";"Falta de Atenção à Condução";"Queda de ocupante de veículo";"Com Vítimas Feridas";"Plena Noite";"Decrescente";"Céu Claro";"Dupla";"Reta";"Não";1;0;1;0;0;0;1;1;-22,87028692;-43,16579699;"SPRF-RJ";"DEL02-RJ";"UOP02-DEL02-RJ"
225134;2019-07-28;"domingo";"06:30:00";"PE";101;66;"RECIFE";"Não guardar distância de segurança";"Colisão traseira";"Com Vítimas Feridas";"Pleno dia";"Crescente";"Sol";"Dupla";"Viaduto";"Sim";2;0;1;0;0;1;1;2;-8,03368534;-34,94184125;"SPRF-PE";"DEL01-PE";"UOP01-DEL01-PE"
225135;2019-07-28;"domingo";"06:45:00";"SC";101;187,3;"BIGUACU";"Ingestão de Álcool";"Colisão com objeto estático";"Com Vítimas Feridas";"Pleno dia";"Crescente";"Céu Claro";"Dupla";"Reta";"Não";1;0;1;0;0;0;1;1;-27,44307116;-48,62848475;"SPRF-SC";"DEL01-SC";"UOP01-DEL01-SC"
225136;2019-07-28;"domingo";"07:00:00";"PI";343;12;"PARNAIBA";"Desobediência às normas de trânsito pelo condutor";"Colisão transversal";"Com Vítimas Feridas";"Pleno dia";"Crescente";"Céu Claro";"Simples";"Interseção de Vias";"Sim";2;0;0;1;1;0;1;2;-2,910035;-41,753662;"SPRF-PI";"DEL05-PI";"UOP01-DEL05-PI"
225137;2019-07-28;"domingo";"05:30:00";"MG";50;206,5;"DELTA";"Condutor Dormindo";"Colisão traseira";"Com Vítimas Feridas";"Amanhecer";"Decrescente";"Céu Claro";"Dupla";"Reta";"Não";3;0;1;0;2;0;1;2;-19,92627147;-47,82191068;"SPRF-MG";"DEL13-MG";"UOP01-DEL13-MG"
225138;2019-07-28;"domingo";"05:00:00";"RJ";101;294;"ITABORAI";"Falta de Atenção à Condução";"Colisão traseira";"Com Vítimas Feridas";"Plena Noite";"Decrescente";"Ignorado";"Dupla";"Reta";"Sim";2;0;1;0;1;0;1;2;-22,7584434;-42,89502344;"SPRF-RJ";"DEL02-RJ";"DEL5/2-UOP04/RJ"
225140;2019-07-28;"domingo";"05:10:00";"MG";262;362;"JUATUBA";"Condutor Dormindo";"Saída de leito carroçável";"Com Vítimas Feridas";"Plena Noite";"Crescente";"Céu Claro";"Dupla";"Reta";"Sim";1;0;1;0;0;0;1;1;-19,97170834;-44,28392167;"SPRF-MG";"DEL01-MG";"UOP03-DEL01-MG"
225143;2019-07-28;"domingo";"07:10:00";"AL";104;41,7;"BRANQUINHA";"Desobediência às normas de trânsito pelo pedestre";"Atropelamento de Pedestre";"Com Vítimas Feridas";"Pleno dia";"Crescente";"Nublado";"Simples";"Reta";"Não";4;0;2;2;0;0;4;2;-9,21151524;-36,03230238;"SPRF-AL";"DEL01-AL";"UOP02-DEL01-AL"
225146;2019-07-28;"domingo";"07:30:00";"PB";101;87;"JOAO PESSOA";"Pista Escorregadia";"Tombamento";"Com Vítimas Feridas";"Pleno dia";"Crescente";"Nublado";"Simples";"Interseção de Vias";"Não";2;0;1;1;0;0;2;1;-7,16472009;-34,89676422;"SPRF-PB";"DEL01-PB";"UOP01-DEL01-PB"
225147;2019-07-27;"sábado";"21:15:00";"MG";262;448;"NOVA SERRANA";"Desobediência às normas de trânsito pelo condutor";"Colisão traseira";"Com Vítimas Feridas";"Plena Noite";"Decrescente";"Céu Claro";"Simples";"Declive";"Sim";2;0;1;0;1;0;1;2;-19,87174184;-44,96984197;"SPRF-MG";"DEL08-MG";"UOP03-DEL08-MG"
225148;2019-07-28;"domingo";"06:50:00";"PR";373;232,5;"GUAMIRANGA";"Ingestão de Álcool";"Colisão transversal";"Com Vítimas Feridas";"Amanhecer";"Crescente";"Céu Claro";"Simples";"Reta";"Não";2;0;1;0;1;0;1;2;-25,18503294;-50,68743801;"SPRF-PR";"DEL03-PR";"UOP01-DEL03-PR"
225150;2019-07-28;"domingo";"04:40:00";"PE";232;278;"SERTANIA";"Ingestão de Álcool";"Colisão traseira";"Com Vítimas Feridas";"Plena Noite";"Crescente";"Nublado";"Simples";"Interseção de Vias";"Não";3;0;1;1;0;1;2;2;-8,35908086;-37,27487994;"SPRF-PE";"DEL03-PE";"UOP02-DEL03-PE"
225151;2019-07-28;"domingo";"08:15:00";"SE";235;51;"ITABAIANA";"Desobediência às normas de trânsito pelo condutor";"Colisão lateral";"Com Vítimas Feridas";"Pleno dia";"Crescente";"Céu Claro";"Simples";"Reta";"Sim";4;0;0;1;3;0;1;2;-10,700226;-37,431423;"SPRF-SE";"DEL01-SE";"UOP02-DEL01-SE"
225152;2019-07-28;"domingo";"07:00:00";"MS";262;295;"CAMPO GRANDE";"Falta de Atenção à Condução";"Colisão com objeto estático";"Com Vítimas Fatais";"Pleno dia";"Decrescente";"Céu Claro";"Simples";"Reta";"Não";1;1;0;0;0;0;0;1;-20,50288195;-54,24983401;"SPRF-MS";"DEL01-MS";"UOP01-DEL01-MS"
225153;2019-07-28;"domingo";"04:40:00";"RJ";116;201;"SEROPEDICA";"Falta de Atenção à Condução";"Queda de ocupante de veículo";"Com Vítimas Fatais";"Amanhecer";"Crescente";"Céu Claro";"Múltipla";"Reta";"Sim";1;1;0;0;0;0;0;1;-22,73124742;-43,60364806;"SPRF-RJ";"DEL01-RJ";"UOP03-DEL01-RJ"
225154;2019-07-28;"domingo";"01:10:00";"PR";153;22;"JACAREZINHO";"Falta de Atenção à Condução";"Queda de ocupante de veículo";"Com Vítimas Feridas";"Plena Noite";"Crescente";"Céu Claro";"Simples";"Reta";"Sim";2;0;2;0;0;0;2;1;-23,17225028;-49,96840286;"SPRF-PR";"DEL07-PR";"UOP04-DEL07-PR"
225155;2019-07-28;"domingo";"05:00:00";"MG";354;754,7;"ITAMONTE";"Condutor Dormindo";"Saída de leito carroçável";"Sem Vítimas";"Plena Noite";"Crescente";"Céu Claro";"Simples";"Aclive;Reta";"Sim";1;0;0;0;1;0;0;1;-22,30480233;-44,85575196;"SPRF-MG";"DEL05-MG";"UOP01-DEL17-MG"
225157;2019-07-28;"domingo";"07:25:00";"MT";364;491;"JANGADA";"Avarias e/ou desgaste excessivo no pneu";"Queda de ocupante de veículo";"Com Vítimas Feridas";"Pleno dia";"Crescente";"Sol";"Simples";"Reta";"Não";2;0;2;0;0;0;2;1;-15,32587484;-56,42696975;"SPRF-MT";"DEL01-MT";"DEL2/4-UOP02/MT"
225158;2019-07-27;"sábado";"19:50:00";"MT";70;644,3;"POCONE";"Restrição de Visibilidade";"Atropelamento de Animal";"Sem Vítimas";"Plena Noite";"Crescente";"Ignorado";"Simples";"Reta";"Não";1;0;0;0;1;0;0;1;-15,94071307;-57,07958043;"SPRF-MT";"DEL03-MT";"UOP02-DEL03-MT"
225160;2019-07-28;"domingo";"08:55:00";"MG";40;551,6;"NOVA LIMA";"Mal Súbito";"Queda de ocupante de veículo";"Com Vítimas Fatais";"Pleno dia";"Crescente";"Sol";"Dupla";"Reta";"Sim";3;1;0;1;0;1;1;2;-20,05411435;-43,97101875;"SPRF-MG";"DEL01-MG";"UOP02-DEL01-MG"
225161;2019-07-28;"domingo";"08:40:00";"PI";343;79;"CAXINGO";"Avarias e/ou desgaste excessivo no pneu";"Saída de leito carroçável";"Com Vítimas Feridas";"Pleno dia";"Decrescente";"Sol";"Simples";"Reta";"Não";3;0;1;0;2;0;1;2;-3,39827439;-41,73774719;"SPRF-PI";"DEL05-PI";"UOP01-DEL05-PI"
225162;2019-07-28;"domingo";"07:00:00";"MA";135;34;"BACABEIRA";"Condutor Dormindo";"Saída de leito carroçável";"Com Vítimas Feridas";"Pleno dia";"Decrescente";"Sol";"Dupla";"Reta";"Não";1;0;1;0;0;0;1;1;-2,840086;-44,37459507;"SPRF-MA";"DEL01-MA";"UOP01-DEL01-MA"
225163;2019-07-28;"domingo";"05:30:00";"CE";20;85,9;"TAUA";"Desobediência às normas de trânsito pelo condutor";"Colisão frontal";"Com Vítimas Fatais";"Pleno dia";"Decrescente";"Nublado";"Simples";"Reta";"Não";2;1;0;1;0;0;1;2;-5,99485078;-40,27388422;"SPRF-CE";"DEL02-CE";"UOP02-DEL02-CE"
225166;2019-07-28;"domingo";"10:15:00";"PE";104;29,8;"TORITAMA";"Falta de Atenção à Condução";"Colisão transversal";"Com Vítimas Feridas";"Pleno dia";"Decrescente";"Céu Claro";"Simples";"Reta";"Sim";3;0;0;1;2;0;1;3;-8,00701484;-36,06758952;"SPRF-PE";"DEL02-PE";"UOP01-DEL02-PE"
225167;2019-07-28;"domingo";"10:00:00";"RN";101;83,9;"SAO GONCALO DO AMARANTE";"Falta de Atenção do Pedestre";"Atropelamento de Pedestre";"Com Vítimas Feridas";"Pleno dia";"Crescente";"Nublado";"Dupla";"Reta";"Sim";2;0;0;1;1;0;1;2;-5,7710445;-35,26616981;"SPRF-RN";"DEL02-RN";"UOP01-DEL02-RN"
225168;2019-07-28;"domingo";"09:45:00";"GO";70;4,2;"AGUAS LINDAS DE GOIAS";"Ingestão de Álcool";"Atropelamento de Pedestre";"Com Vítimas Feridas";"Pleno dia";"Decrescente";"Céu Claro";"Dupla";"Curva";"Sim";3;0;0;2;1;0;2;2;-15,75957588;-48,24865937;"SPRF-DF";"DEL01-DF";"UOP02-DEL03-DF"
225169;2019-07-28;"domingo";"08:45:00";"SC";282;368,6;"ERVAL VELHO";"Falta de Atenção à Condução";"Colisão transversal";"Com Vítimas Feridas";"Pleno dia";"Crescente";"Céu Claro";"Simples";"Reta";"Não";5;0;3;1;1;0;4;2;-27,283747;-51,434963;"SPRF-SC";"DEL07-SC";"UOP05-DEL07-SC"
225170;2019-07-28;"domingo";"10:44:00";"RS";153;51,7;"ERECHIM";"Falta de Atenção à Condução";"Colisão traseira";"Com Vítimas Feridas";"Pleno dia";"Decrescente";"Nevoeiro/Neblina";"Simples";"Reta";"Não";3;0;1;0;2;0;1;3;-27,66024898;-52,28414106;"SPRF-RS";"DEL08-RS";"UOP04-DEL08-RS"
225171;2019-07-28;"domingo";"09:55:00";"SC";282;603;"MARAVILHA";"Falta de Atenção à Condução";"Colisão traseira";"Com Vítimas Feridas";"Pleno dia";"Decrescente";"Céu Claro";"Simples";"Reta";"Não";3;0;2;0;1;0;2;2;-26,803013;-53,188068;"SPRF-SC";"DEL07-SC";"UOP02-DEL07-SC"
225172;2019-07-28;"domingo";"09:45:00";"RO";364;20;"VILHENA";"Avarias e/ou desgaste excessivo no pneu";"Queda de ocupante de veículo";"Com Vítimas Feridas";"Pleno dia";"Crescente";"Céu Claro";"Simples";"Reta";"Não";1;0;1;0;0;0;1;1;-12,72595705;-60,192765;"SPRF-RO";"DEL04-RO";"UOP01-DEL04-RO"
225173;2019-07-28;"domingo";"10:00:00";"MG";381;507;"BETIM";"Mal Súbito";"Capotamento";"Com Vítimas Feridas";"Pleno dia";"Decrescente";"Céu Claro";"Dupla";"Reta";"Sim";1;0;1;0;0;0;1;1;-20,05643192;-44,28663308;"SPRF-MG";"DEL01-MG";"UOP03-DEL01-MG"
225175;2019-07-28;"domingo";"04:30:00";"MA";226;516;"LAJEADO NOVO";"Condutor Dormindo";"Saída de leito carroçável";"Com Vítimas Fatais";"Plena Noite";"Crescente";"Céu Claro";"Simples";"Reta";"Não";2;1;0;1;0;0;1;1;-6,1482237;-46,94095503;"SPRF-MA";"DEL04-MA";"UOP02-DEL04-MA"
225176;2019-07-28;"domingo";"11:15:00";"SP";116;123,3;"CACAPAVA";"Falta de Atenção à Condução";"Colisão traseira";"Com Vítimas Feridas";"Pleno dia";"Crescente";"Sol";"Dupla";"Aclive";"Sim";2;0;1;0;1;0;1;2;-23,08754228;-45,66969781;"SPRF-SP";"DEL06-SP";"UOP02-DEL02-SP"
225177;2019-07-28;"domingo";"12:00:00";"ES";262;64;"MARECHAL FLORIANO";"Ingestão de Álcool";"Colisão frontal";"Com Vítimas Feridas";"Pleno dia";"Crescente";"Céu Claro";"Simples";"Reta";"Não";2;0;0;1;0;1;1;2;-20,41797008;-40,81618087;"SPRF-ES";"DEL01-ES";"UOP02-DEL01-ES"
225179;2019-07-28;"domingo";"11:55:00";"GO";40;79,2;"CRISTALINA";"Falta de Atenção à Condução";"Tombamento";"Com Vítimas Feridas";"Pleno dia";"Crescente";"Céu Claro";"Simples";"Curva";"Não";1;0;0;1;0;0;1;1;-16,663592;-47,720239;"SPRF-DF";"DEL01-DF";"UOP02-DEL01-DF"
225182;2019-07-28;"domingo";"13:00:00";"GO";40;0,2;"VALPARAISO DE GOIAS";"Ingestão de Álcool";"Queda de ocupante de veículo";"Sem Vítimas";"Pleno dia";"Crescente";"Céu Claro";"Dupla";"Reta";"Sim";1;0;0;0;1;0;0;1;-16,058273;-47,982655;"SPRF-DF";"DEL01-DF";"UOP01-DEL01-DF"
225183;2019-07-12;"sexta-feira";"17:55:00";"ES";101;141;"LINHARES";"Falta de Atenção à Condução";"Colisão transversal";"Com Vítimas Feridas";"Plena Noite";"Crescente";"Céu Claro";"Simples";"Retorno Regulamentado";"Sim";3;0;1;0;2;0;1;2;-19,32655693;-40,07192387;"SPRF-ES";"DEL04-ES";"UOP01-DEL04-ES"
225184;2019-07-28;"domingo";"12:30:00";"RS";116;397,9;"CAMAQUA";"Desobediência às normas de trânsito pelo condutor";"Colisão transversal";"Com Vítimas Feridas";"Pleno dia";"Decrescente";"Céu Claro";"Simples";"Rotatória";"Sim";2;0;0;1;1;0;1;2;-30,85668978;-51,7840381;"SPRF-RS";"DEL02-RS";"UOP03-DEL02-RS"
225185;2019-07-28;"domingo";"11:33:00";"PE";104;28;"TORITAMA";"Falta de Atenção à Condução";"Colisão transversal";"Com Vítimas Feridas";"Pleno dia";"Crescente";"Céu Claro";"Simples";"Reta";"Sim";2;0;1;0;1;0;1;2;-8,0065;-36,0709;"SPRF-PE";"DEL02-PE";"UOP01-DEL02-PE"
225186;2019-07-28;"domingo";"13:35:00";"SP";116;285,5;"ITAPECERICA DA SERRA";"Falta de Atenção do Pedestre";"Atropelamento de Pedestre";"Com Vítimas Feridas";"Pleno dia";"Crescente";"Sol";"Dupla";"Reta";"Sim";2;0;1;0;1;0;1;2;-23,70407794;-46,87249709;"SPRF-SP";"DEL04-SP";"UOP01-DEL04-SP"
225187;2019-07-28;"domingo";"12:45:00";"PR";116;117,6;"CURITIBA";"Não guardar distância de segurança";"Colisão traseira";"Sem Vítimas";"Pleno dia";"Decrescente";"Céu Claro";"Dupla";"Curva";"Sim";2;0;0;0;2;0;0;2;-25,54988723;-49,28248211;"SPRF-PR";"DEL01-PR";"UOP03-DEL01-PR"
225188;2019-07-28;"domingo";"13:30:00";"SC";282;17,9;"PALHOCA";"Falta de Atenção à Condução";"Colisão transversal";"Com Vítimas Feridas";"Pleno dia";"Decrescente";"Céu Claro";"Simples";"Reta";"Sim";3;0;1;1;1;0;2;2;-27,665707;-48,688065;"SPRF-SC";"DEL01-SC";"UOP02-DEL01-SC"