"id";"data_inversa";"dia_semana";"horario";"uf";"br";"km";"municipio";"causa_acidente";"tipo_acidente";"classificacao_acidente";"fase_dia";"sentido_via";"condicao_metereologica";"tipo_pista";"tracado_via";"uso_solo";"pessoas";"mortos";"feridos_leves";"feridos_graves";"ilesos";"ignorados";"feridos";"veiculos";"latitude";"longitude";"regional";"delegacia";"uop"
225189;2019-07-28;"domingo";"12:00:00";"PR";116;17;"CAMPINA GRANDE DO SUL";"Velocidade Incompatível";"Saída de leito carroçável";"Sem Vítimas";"Pleno dia";"Crescente";"Chuva";"Dupla";"Curva";"Não";2;0;0;0;2;0;0;1;-25,10305915;-48,70103892;"SPRF-PR";"DEL01-PR";"UOP02-DEL01-PR"
225190;2019-07-28;"domingo";"12:00:00";"MG";40;247;"SAO GONCALO DO ABAETE";"Velocidade Incompatível";"Saída de leito carroçável";"Com Vítimas Feridas";"Pleno dia";"Decrescente";"Céu Claro";"Simples";"Aclive;Reta";"Não";5;0;5;0;0;0;5;1;-18,10887028;-45,4657742;"SPRF-MG";"DEL14-MG";"UOP02-DEL14-MG"
225191;2019-05-07;"terça-feira";"10:00:00";"BA";116;173;"CANUDOS";"Defeito na Via";"Saída de leito carroçável";"Com Vítimas Feridas";"Pleno dia";"Decrescente";"Ignorado";"Simples";"Reta";"Não";1;0;0;1;0;0;1;1;-10,13921695;-39,11302883;"SPRF-BA";"DEL07-BA";"UOP02-DEL07-BA"
225192;2019-07-28;"domingo";"14:10:00";"GO";60;129;"GOIANIA";"Avarias e/ou desgaste excessivo no pneu";"Colisão com objeto estático";"Com Vítimas Feridas";"Pleno dia";"Decrescente";"Céu Claro";"Dupla";"Declive";"Não";1;0;1;0;0;0;1;1;-16,5587;-49,1534;"SPRF-GO";"DEL01-GO";"UOP01-DEL01-GO"
225193;2019-07-28;"domingo";"11:30:00";"RJ";101;413;"ITAGUAI";"Falta de Atenção à Condução";"Colisão lateral";"Com Vítimas Feridas";"Pleno dia";"Decrescente";"Sol";"Dupla";"Reta";"Sim";3;0;2;0;1;0;2;2;-22,89931896;-43,865293;"SPRF-RJ";"DEL03-RJ";"UOP01-DEL03-RJ"
225195;2019-07-28;"domingo";"14:20:00";"SC";101;220;"PALHOCA";"Falta de Atenção à Condução";"Colisão traseira";"Com Vítimas Feridas";"Pleno dia";"Decrescente";"Nublado";"Dupla";"Reta";"Não";2;0;1;0;1;0;1;2;-27,69198941;-48,66368358;"SPRF-SC";"DEL01-SC";"UOP02-DEL01-SC"
225196;2019-07-28;"domingo";"14:30:00";"PI";343;42;"BURITI DOS LOPES";"Velocidade Incompatível";"Saída de leito carroçável";"Com Vítimas Feridas";"Pleno dia";"Decrescente";"Céu Claro";"Simples";"Curva";"Não";1;0;0;1;0;0;1;1;-3,160851;-41,818455;"SPRF-PI";"DEL05-PI";"UOP01-DEL05-PI"
225198;2019-07-28;"domingo";"15:05:00";"BA";242;797;"BARREIRAS";"Não guardar distância de segurança";"Colisão transversal";"Com Vítimas Feridas";"Pleno dia";"Crescente";"Céu Claro";"Simples";"Reta";"Não";1;0;0;1;0;0;1;1;-12,16482771;-44,8590841;"SPRF-BA";"DEL10-BA";"UOP01-DEL10-BA"
225200;2019-07-28;"domingo";"15:00:00";"PR";369;191,4;"ARAPONGAS";"Defeito Mecânico no Veículo";"Colisão com objeto estático";"Com Vítimas Feridas";"Pleno dia";"Crescente";"Céu Claro";"Dupla";"Reta";"Não";2;0;1;0;1;0;1;1;-23,464732;-51,423605;"SPRF-PR";"DEL07-PR";"UOP03-DEL07-PR"
225201;2019-07-28;"domingo";"15:25:00";"ES";101;264;"SERRA";"Ingestão de Álcool";"Colisão traseira";"Sem Vítimas";"Pleno dia";"Crescente";"Céu Claro";"Dupla";"Reta";"Sim";2;0;0;0;2;0;0;2;-20,17292791;-40,26736384;"SPRF-ES";"DEL02-ES";"UOP01-DEL02-ES"
225202;2019-07-28;"domingo";"14:36:00";"MG";381;527;"BRUMADINHO";"Falta de Atenção à Condução";"Colisão com objeto estático";"Com Vítimas Feridas";"Pleno dia";"Decrescente";"Céu Claro";"Dupla";"Reta";"Não";2;0;1;0;1;0;1;1;-20,16283256;-44,35072739;"SPRF-MG";"DEL04-MG";"UOP03-DEL04-MG"
225204;2019-07-28;"domingo";"14:30:00";"RJ";101;207;"CASIMIRO DE ABREU";"Desobediência às normas de trânsito pelo condutor";"Colisão transversal";"Com Vítimas Feridas";"Pleno dia";"Decrescente";"Céu Claro";"Simples";"Reta";"Não";2;0;0;1;1;0;1;2;-22,4776458;-42,21127001;"SPRF-RJ";"DEL02-RJ";"UOP04-DEL08-RJ"
225205;2019-07-28;"domingo";"15:00:00";"MG";381;502;"BETIM";"Desobediência às normas de trânsito pelo condutor";"Capotamento";"Com Vítimas Feridas";"Pleno dia";"Crescente";"Céu Claro";"Dupla";"Reta";"Sim";5;0;4;0;1;0;4;1;-20,03619694;-44,24586303;"SPRF-MG";"DEL01-MG";"UOP03-DEL01-MG"
225207;2019-07-28;"domingo";"15:45:00";"MG";262;93,5;"ABRE CAMPO";"Falta de Atenção à Condução";"Colisão traseira";"Com Vítimas Feridas";"Pleno dia";"Decrescente";"Céu Claro";"Simples";"Reta";"Sim";3;0;1;0;2;0;1;2;-20,31531995;-42,46661228;"SPRF-MG";"DEL03-MG";"UOP03-DEL03-MG"
225208;2019-07-28;"domingo";"11:20:00";"MG";116;505,8;"INHAPIM";"Falta de Atenção à Condução";"Colisão transversal";"Com Vítimas Feridas";"Pleno dia";"Decrescente";"Céu Claro";"Simples";"Reta";"Não";2;0;1;0;1;0;1;2;-19,595641;-42,112235;"SPRF-MG";"DEL06-MG";"UOP02-DEL06-MG"
225209;2019-07-28;"domingo";"15:49:00";"RN";427;98,4;"CAICO";"Falta de Atenção à Condução";"Colisão lateral";"Com Vítimas Feridas";"Pleno dia";"Crescente";"Céu Claro";"Simples";"Reta";"Sim";3;0;3;0;0;0;3;2;-6,46437457;-37,09221145;"SPRF-RN";"DEL03-RN";"UOP01-DEL03-RN"
225210;2019-07-28;"domingo";"15:25:00";"PR";369;133;"IBIPORA";"Ingestão de Álcool";"Colisão traseira";"Sem Vítimas";"Pleno dia";"Crescente";"Céu Claro";"Dupla";"Interseção de Vias;Curva";"Não";4;0;0;0;3;1;0;3;-23,26053417;-51,01239145;"SPRF-PR";"DEL07-PR";"UOP01-DEL07-PR"
225212;2019-07-28;"domingo";"16:10:00";"MG";40;546;"NOVA LIMA";"Falta de Atenção à Condução";"Colisão lateral";"Com Vítimas Feridas";"Pleno dia";"Decrescente";"Céu Claro";"Dupla";"Declive;Curva";"Sim";3;0;0;1;1;1;1;3;-20,01444685;-43,96893823;"SPRF-MG";"DEL01-MG";"UOP02-DEL01-MG"
225213;2019-07-28;"domingo";"14:25:00";"PR";376;129,8;"ALTO PARANA";"Defeito Mecânico no Veículo";"Saída de leito carroçável";"Com Vítimas Feridas";"Pleno dia";"Crescente";"Céu Claro";"Dupla";"Curva";"Não";1;0;1;0;0;0;1;1;-23,1716677;-52,2433149;"SPRF-PR";"DEL07-PR";"UOP02-DEL09-PR"
225214;2019-07-28;"domingo";"16:20:00";"PE";101;22;"IGARASSU";"Falta de Atenção à Condução";"Colisão lateral";"Com Vítimas Feridas";"Pleno dia";"Crescente";"Chuva";"Dupla";"Curva";"Não";3;0;2;0;1;0;2;2;-7,67583307;-34,92870811;"SPRF-PE";"DEL01-PE";"UOP02-DEL01-PE"
225215;2019-07-28;"domingo";"16:30:00";"SP";116;86,3;"PINDAMONHANGABA";"Falta de Atenção à Condução";"Colisão traseira";"Com Vítimas Feridas";"Pleno dia";"Crescente";"Céu Claro";"Dupla";"Reta";"Sim";3;0;0;2;1;0;2;2;-22,93065267;-45,36166116;"SPRF-SP";"DEL06-SP";"UOP01-DEL06-SP"
225216;2019-07-28;"domingo";"16:40:00";"PE";101;169,9;"AGUA PRETA";"Defeito Mecânico no Veículo";"Saída de leito carroçável";"Com Vítimas Feridas";"Pleno dia";"Decrescente";"Chuva";"Dupla";"Reta";"Não";5;0;3;0;2;0;3;1;-8,57679958;-35,48941902;"SPRF-PE";"DEL01-PE";"UOP03-DEL01-PE"
225217;2019-07-28;"domingo";"17:00:00";"DF";80;25;"BRASILIA";"Não guardar distância de segurança";"Colisão traseira";"Com Vítimas Feridas";"Pleno dia";"Decrescente";"Céu Claro";"Simples";"Reta";"Sim";6;0;1;0;5;0;1;2;-15,62121;-48,198963;"SPRF-DF";"DEL01-DF";"UOP02-DEL03-DF"
225218;2019-07-28;"domingo";"16:30:00";"PE";408;93,1;"SAO LOURENCO DA MATA";"Falta de Atenção à Condução";"Capotamento";"Com Vítimas Feridas";"Anoitecer";"Decrescente";"Nublado";"Dupla";"Declive";"Não";3;0;2;0;1;0;2;1;-8,00201425;-35,05473707;"SPRF-PE";"DEL01-PE";"UOP01-DEL01-PE"
225219;2019-07-28;"domingo";"15:23:00";"RO";364;747;"PORTO VELHO";"Defeito Mecânico no Veículo";"Queda de ocupante de veículo";"Com Vítimas Feridas";"Pleno dia";"Crescente";"Céu Claro";"Simples";"Reta";"Não";2;0;2;0;0;0;2;1;-9,03612012;-64,00845631;"SPRF-RO";"DEL01-RO";"UOP02-DEL01-RO"
225220;2019-07-28;"domingo";"16:45:00";"SP";116;340,7;"MIRACATU";"Pista Escorregadia";"Saída de leito carroçável";"Com Vítimas Feridas";"Pleno dia";"Decrescente";"Chuva";"Dupla";"Curva";"Sim";3;0;2;0;1;0;2;1;-24,00328505;-47,15633198;"SPRF-SP";"DEL04-SP";"UOP03-DEL04-SP"
225223;2019-07-28;"domingo";"16:30:00";"RS";285;448,3;"IJUI";"Falta de Atenção à Condução";"Colisão transversal";"Com Vítimas Feridas";"Pleno dia";"Decrescente";"Sol";"Simples";"Interseção de Vias";"Não";5;0;4;0;1;0;4;2;-28,365269;-53,812302;"SPRF-RS";"DEL10-RS";"UOP01-DEL10-RS"
225224;2019-07-28;"domingo";"16:46:00";"GO";50;100;"CRISTALINA";"Falta de Atenção à Condução";"Colisão transversal";"Sem Vítimas";"Pleno dia";"Decrescente";"Céu Claro";"Dupla";"Reta";"Não";2;0;0;0;2;0;0;2;-16,9309;-47,7117;"SPRF-DF";"DEL01-DF";"UOP02-DEL01-DF"
225225;2019-07-28;"domingo";"16:45:00";"PI";343;15,1;"PARNAIBA";"Falta de Atenção à Condução";"Saída de leito carroçável";"Com Vítimas Feridas";"Pleno dia";"Crescente";"Céu Claro";"Dupla";"Rotatória";"Sim";1;0;1;0;0;0;1;1;-2,93659;-41,754936;"SPRF-PI";"DEL05-PI";"UOP01-DEL05-PI"
225226;2019-07-28;"domingo";"17:15:00";"PR";373;262,3;"PRUDENTOPOLIS";"Velocidade Incompatível";"Colisão transversal";"Com Vítimas Feridas";"Pleno dia";"Crescente";"Céu Claro";"Simples";"Retorno Regulamentado";"Sim";2;0;0;1;1;0;1;2;-25,20206774;-50,94871581;"SPRF-PR";"DEL03-PR";"UOP01-DEL03-PR"
225227;2019-07-28;"domingo";"14:40:00";"SC";282;357,6;"CAMPOS NOVOS";"Falta de Atenção à Condução";"Colisão lateral";"Com Vítimas Feridas";"Pleno dia";"Decrescente";"Sol";"Simples";"Reta";"Não";3;0;0;2;1;0;2;2;-27,335176;-51,346149;"SPRF-SC";"DEL07-SC";"UOP05-DEL07-SC"
225228;2019-07-28;"domingo";"17:30:00";"MG";50;71;"UBERLANDIA";"Falta de Atenção à Condução";"Colisão traseira";"Sem Vítimas";"Pleno dia";"Crescente";"Céu Claro";"Dupla";"Reta";"Sim";2;0;0;0;1;1;0;2;-18,85140204;-48,25345932;"SPRF-MG";"DEL15-MG";"UOP01-DEL15-MG"
225229;2019-07-28;"domingo";"17:40:00";"DF";70;10,8;"BRASILIA";"Desobediência às normas de trânsito pelo condutor";"Colisão traseira";"Com Vítimas Feridas";"Anoitecer";"Decrescente";"Céu Claro";"Dupla";"Reta;Retorno Regulamentado";"Sim";3;0;1;0;2;0;1;2;-15,787066;-48,140709;"SPRF-DF";"DEL01-DF";"UOP02-DEL03-DF"
225230;2019-07-28;"domingo";"17:40:00";"SP";116;271;"TABOAO DA SERRA";"Falta de Atenção à Condução";"Colisão lateral";"Com Vítimas Feridas";"Anoitecer";"Decrescente";"Céu Claro";"Dupla";"Reta";"Não";1;0;1;0;0;0;1;1;-23,61809286;-46,80556302;"SPRF-SP";"DEL04-SP";"UOP01-DEL04-SP"
225231;2019-07-28;"domingo";"16:30:00";"ES";101;268,5;"SERRA";"Falta de Atenção à Condução";"Colisão lateral";"Com Vítimas Feridas";"Pleno dia";"Crescente";"Céu Claro";"Dupla";"Reta";"Sim";3;0;1;0;2;0;1;2;-20,20842;-40,269405;"SPRF-ES";"DEL02-ES";"UOP01-DEL02-ES"
225232;2019-07-28;"domingo";"17:50:00";"MG";146;534,5;"MUZAMBINHO";"Falta de Atenção à Condução";"Colisão frontal";"Com Vítimas Feridas";"Anoitecer";"Decrescente";"Céu Claro";"Simples";"Reta";"Não";6;0;6;0;0;0;6;2;-21,33620965;-46,55833303;"SPRF-MG";"DEL16-MG";"UOP01-DEL09-MG"
225233;2019-07-28;"domingo";"18:45:00";"BA";324;469;"TANQUINHO";"Ultrapassagem Indevida";"Colisão frontal";"Com Vítimas Fatais";"Anoitecer";"Decrescente";"Nublado";"Simples";"Aclive";"Não";5;1;1;1;1;1;2;4;-11,96135302;-39,15337601;"SPRF-BA";"DEL02-BA";"UOP01-DEL02-BA"
225234;2019-07-28;"domingo";"16:42:00";"MG";40;510;"RIBEIRAO DAS NEVES";"Não guardar distância de segurança";"Engavetamento";"Com Vítimas Feridas";"Pleno dia";"Crescente";"Céu Claro";"Dupla";"Reta";"Sim";10;0;6;0;4;0;6;4;-19,77463885;-44,12321882;"SPRF-MG";"DEL01-MG";"UOP02-DEL01-MG"
225235;2019-07-28;"domingo";"17:05:00";"MG";251;523;"MONTES CLAROS";"Velocidade Incompatível";"Saída de leito carroçável";"Com Vítimas Feridas";"Pleno dia";"Crescente";"Nublado";"Simples";"Rotatória";"Não";2;0;1;0;1;0;1;1;-16,682184;-43,803516;"SPRF-MG";"DEL12-MG";"UOP01-DEL12-MG"
225236;2019-07-28;"domingo";"16:45:00";"MG";40;510;"RIBEIRAO DAS NEVES";"Não guardar distância de segurança";"Engavetamento";"Com Vítimas Feridas";"Pleno dia";"Crescente";"Céu Claro";"Dupla";"Reta";"Não";9;0;1;0;8;0;1;4;-19,77463885;-44,12321882;"SPRF-MG";"DEL01-MG";"UOP02-DEL01-MG"
225237;2019-07-28;"domingo";"16:30:00";"MG";116;683,9;"MURIAE";"Velocidade Incompatível";"Colisão com objeto estático";"Com Vítimas Feridas";"Pleno dia";"Decrescente";"Sol";"Simples";"Declive;Curva";"Não";2;0;2;0;0;0;2;1;-20,9573118;-42,34984875;"SPRF-MG";"DEL07-MG";"UOP02-DEL07-MG"
225239;2019-07-28;"domingo";"18:00:00";"ES";101;144;"LINHARES";"Falta de Atenção à Condução";"Tombamento";"Com Vítimas Feridas";"Plena Noite";"Decrescente";"Céu Claro";"Simples";"Reta";"Sim";1;0;1;0;0;0;1;1;-19,35188295;-40,0636685;"SPRF-ES";"DEL04-ES";"UOP01-DEL04-ES"
225240;2019-07-28;"domingo";"17:20:00";"PR";116;25;"CAMPINA GRANDE DO SUL";"Pista Escorregadia";"Saída de leito carroçável";"Com Vítimas Feridas";"Anoitecer";"Decrescente";"Garoa/Chuvisco";"Dupla";"Curva";"Não";2;0;1;0;1;0;1;1;-25,10784511;-48,77548601;"SPRF-PR";"DEL01-PR";"UOP02-DEL01-PR"
225242;2019-07-28;"domingo";"17:50:00";"RJ";116;173,8;"SAO JOAO DE MERITI";"Falta de Atenção à Condução";"Capotamento";"Com Vítimas Feridas";"Anoitecer";"Decrescente";"Céu Claro";"Múltipla";"Reta";"Sim";4;0;1;2;1;0;3;1;-22,79810324;-43,35726614;"SPRF-RJ";"DEL01-RJ";"UOP02-DEL01-RJ"
225243;2019-07-28;"domingo";"16:00:00";"CE";116;314,5;"JAGUARIBE";"Falta de Atenção à Condução";"Colisão transversal";"Com Vítimas Feridas";"Pleno dia";"Crescente";"Céu Claro";"Simples";"Reta";"Não";4;0;2;2;0;0;4;2;-5,937285;-38,634212;"SPRF-CE";"DEL05-CE";"UOP02-DEL05-CE"
225244;2019-07-28;"domingo";"17:00:00";"RJ";116;271;"BARRA MANSA";"Não guardar distância de segurança";"Colisão traseira";"Com Vítimas Feridas";"Anoitecer";"Crescente";"Céu Claro";"Dupla";"Reta";"Não";2;0;1;0;1;0;1;2;-22,560883;-44,12224;"SPRF-RJ";"DEL07-RJ";"UOP02-DEL07-RJ"
225245;2019-07-28;"domingo";"18:05:00";"RJ";116;173;"NOVA IGUACU";"Falta de Atenção à Condução";"Colisão lateral";"Com Vítimas Feridas";"Anoitecer";"Crescente";"Céu Claro";"Dupla";"Reta";"Sim";3;0;1;0;2;0;1;2;-22,7763134;-43,39946938;"SPRF-RJ";"DEL01-RJ";"UOP02-DEL01-RJ"
225246;2019-07-28;"domingo";"17:50:00";"MG";381;490;"BETIM";"Falta de Atenção à Condução";"Colisão traseira";"Com Vítimas Feridas";"Plena Noite";"Decrescente";"Céu Claro";"Simples";"Interseção de Vias";"Não";3;0;1;0;1;1;1;3;-19,96502819;-44,17422195;"SPRF-MG";"DEL01-MG";"UOP03-DEL01-MG"
225247;2019-07-28;"domingo";"14:00:00";"MG";116;525,5;"CARATINGA";"Falta de Atenção à Condução";"Colisão lateral";"Com Vítimas Feridas";"Pleno dia";"Crescente";"Nublado";"Simples";"Rotatória";"Não";2;0;0;1;0;1;1;2;-19,76833785;-42,13105238;"SPRF-MG";"DEL06-MG";"UOP02-DEL06-MG"
225248;2019-07-28;"domingo";"18:38:00";"ES";101;138,5;"LINHARES";"Desobediência às normas de trânsito pelo condutor";"Colisão transversal";"Com Vítimas Feridas";"Plena Noite";"Crescente";"Céu Claro";"Simples";"Retorno Regulamentado";"Sim";3;0;3;0;0;0;3;2;-19,30186109;-40,08371726;"SPRF-ES";"DEL04-ES";"UOP01-DEL04-ES"
225249;2019-07-28;"domingo";"17:40:00";"MT";163;856;"SINOP";"Falta de Atenção à Condução";"Colisão transversal";"Com Vítimas Feridas";"Anoitecer";"Crescente";"Céu Claro";"Simples";"Reta";"Sim";2;0;0;1;1;0;1;2;-11,8033151;-55,48013662;"SPRF-MT";"DEL06-MT";"UOP02-DEL06-MT"
225250;2019-07-28;"domingo";"18:30:00";"ES";101;146,7;"LINHARES";"Não guardar distância de segurança";"Colisão traseira";"Com Vítimas Feridas";"Plena Noite";"Decrescente";"Céu Claro";"Simples";"Reta";"Sim";3;0;2;0;1;0;2;1;-19,36990998;-40,06560718;"SPRF-ES";"DEL04-ES";"UOP01-DEL04-ES"
225251;2019-07-28;"domingo";"18:40:00";"MG";116;764,9;"LEOPOLDINA";"Restrição de Visibilidade";"Atropelamento de Animal";"Sem Vítimas";"Plena Noite";"Decrescente";"Ignorado";"Simples";"Reta";"Não";1;0;0;0;1;0;0;1;-21,5197389;-42,6491103;"SPRF-MG";"DEL07-MG";"UOP01-DEL07-MG"
225252;2019-07-28;"domingo";"18:20:00";"SP";153;74,2;"SAO JOSE DO RIO PRETO";"Falta de Atenção à Condução";"Colisão traseira";"Com Vítimas Feridas";"Plena Noite";"Decrescente";"Céu Claro";"Dupla";"Reta;Declive";"Não";5;0;2;0;3;0;2;2;-20,88538598;-49,42676402;"SPRF-SP";"DEL09-SP";"UOP01-DEL09-SP"
225253;2019-07-28;"domingo";"18:00:00";"RS";293;15;"CAPAO DO LEAO";"Desobediência às normas de trânsito pelo condutor";"Colisão transversal";"Sem Vítimas";"Plena Noite";"Crescente";"Céu Claro";"Simples";"Interseção de Vias";"Sim";2;0;0;0;2;0;0;2;-31,75031415;-52,47109583;"SPRF-RS";"DEL07-RS";"UOP01-DEL07-RS"
225254;2019-07-28;"domingo";"18:50:00";"ES";262;137;"MUNIZ FREIRE";"Condutor Dormindo";"Capotamento";"Com Vítimas Feridas";"Plena Noite";"Crescente";"Céu Claro";"Simples";"Reta";"Não";1;0;0;1;0;0;1;1;-20,23526078;-41,34327555;"SPRF-ES";"DEL01-ES";"UOP02-DEL01-ES"
225255;2019-07-28;"domingo";"18:15:00";"SC";282;210,5;"LAGES";"Falta de Atenção à Condução";"Colisão transversal";"Com Vítimas Feridas";"Plena Noite";"Crescente";"Nublado";"Simples";"Declive";"Não";9;0;4;0;5;0;4;3;-27,778582;-50,231815;"SPRF-SC";"DEL05-SC";"UOP01-DEL05-SC"
225256;2019-07-28;"domingo";"17:50:00";"ES";101;212,5;"IBIRACU";"Falta de Atenção à Condução";"Colisão transversal";"Com Vítimas Feridas";"Anoitecer";"Crescente";"Nublado";"Simples";"Reta";"Sim";2;0;1;0;1;0;1;2;-19,81537521;-40,36655964;"SPRF-ES";"DEL02-ES";"UOP01-DEL02-ES"
225257;2019-07-28;"domingo";"18:11:00";"SP";116;116;"TAUBATE";"Falta de Atenção à Condução";"Engavetamento";"Com Vítimas Feridas";"Plena Noite";"Decrescente";"Céu Claro";"Dupla";"Reta";"Sim";5;0;1;0;4;0;1;4;-23,05376319;-45,6088049;"SPRF-SP";"DEL06-SP";"UOP02-DEL02-SP"
225258;2019-07-28;"domingo";"19:00:00";"RN";304;154;"ANGICOS";"Falta de Atenção à Condução";"Saída de leito carroçável";"Com Vítimas Feridas";"Plena Noite";"Crescente";"Nevoeiro/Neblina";"Simples";"Reta";"Não";1;0;0;1;0;0;1;1;-5,69541883;-36,56208098;"SPRF-RN";"DEL04-RN";"UOP01-DEL04-RN"
225262;2019-07-28;"domingo";"19:00:00";"MG";381;492;"BETIM";"Velocidade Incompatível";"Colisão traseira";"Com Vítimas Feridas";"Plena Noite";"Crescente";"Céu Claro";"Dupla";"Reta";"Sim";3;0;1;1;1;0;2;2;-19,96204812;-44,16312933;"SPRF-MG";"DEL01-MG";"UOP03-DEL01-MG"
225263;2019-07-28;"domingo";"19:30:00";"PR";376;384,5;"IMBAU";"Falta de Atenção do Pedestre";"Atropelamento de Pedestre";"Com Vítimas Feridas";"Pleno dia";"Decrescente";"Céu Claro";"Dupla";"Reta";"Sim";2;0;0;1;0;1;1;2;-24,48101507;-50,73617932;"SPRF-PR";"DEL03-PR";"UOP02-DEL03-PR"
225264;2019-07-28;"domingo";"19:30:00";"ES";101;292,8;"CARIACICA";"Falta de Atenção à Condução";"Colisão com objeto estático";"Com Vítimas Feridas";"Plena Noite";"Decrescente";"Nublado";"Múltipla";"Reta";"Sim";1;0;1;0;0;0;1;1;-20,30650512;-40,39488717;"SPRF-ES";"DEL01-ES";"UOP01-DEL01-ES"
225265;2019-07-28;"domingo";"19:00:00";"ES";259;57,7;"COLATINA";"Deficiência ou não Acionamento do Sistema de Iluminação/Sinalização do Veículo";"Colisão transversal";"Com Vítimas Feridas";"Plena Noite";"Decrescente";"Nublado";"Simples";"Interseção de Vias";"Sim";4;0;1;1;1;1;2;3;-19,50865703;-40,65581416;"SPRF-ES";"DEL02-ES";"UOP01-DEL02-ES"
225266;2019-07-28;"domingo";"19:00:00";"SE";235;53;"ITABAIANA";"Defeito na Via";"Tombamento";"Com Vítimas Feridas";"Plena Noite";"Crescente";"Nublado";"Múltipla";"Reta";"Sim";1;0;1;0;0;0;1;1;-10,684707;-37,440544;"SPRF-SE";"DEL01-SE";"UOP02-DEL01-SE"
225268;2019-07-28;"domingo";"19:00:00";"PI";343;345,5;"TERESINA";"Desobediência às normas de trânsito pelo condutor";"Colisão transversal";"Com Vítimas Feridas";"Plena Noite";"Crescente";"Céu Claro";"Múltipla";"Interseção de Vias";"Sim";2;0;1;0;1;0;1;2;-5,102889;-42,766506;"SPRF-PI";"DEL01-PI";"UOP01-DEL01-PI"
225272;2019-07-28;"domingo";"19:00:00";"SP";116;112;"TAUBATE";"Falta de Atenção à Condução";"Colisão traseira";"Com Vítimas Feridas";"Plena Noite";"Crescente";"Céu Claro";"Dupla";"Reta";"Sim";2;0;1;0;1;0;1;2;-23,04159343;-45,57065616;"SPRF-SP";"DEL06-SP";"UOP02-DEL02-SP"
225273;2019-07-28;"domingo";"19:45:00";"ES";101;371;"ANCHIETA";"Falta de Atenção à Condução";"Tombamento";"Com Vítimas Feridas";"Plena Noite";"Decrescente";"Céu Claro";"Simples";"Curva";"Sim";2;0;1;0;1;0;1;1;-20,77035735;-40,76847015;"SPRF-ES";"DEL03-ES";"UOP01-DEL03-ES"
225274;2019-07-28;"domingo";"18:30:00";"MG";381;455;"BELO HORIZONTE";"Velocidade Incompatível";"Saída de leito carroçável";"Com Vítimas Feridas";"Plena Noite";"Decrescente";"Céu Claro";"Simples";"Curva";"Não";2;0;1;1;0;0;2;1;-19,83811324;-43,88194799;"SPRF-MG";"DEL01-MG";"UOP01-DEL01-MG"
225275;2019-07-28;"domingo";"18:15:00";"SP";381;27;"ATIBAIA";"Falta de Atenção à Condução";"Colisão traseira";"Com Vítimas Feridas";"Plena Noite";"Crescente";"Céu Claro";"Dupla";"Reta";"Sim";3;0;1;0;2;0;1;3;-23,03325858;-46,54275266;"SPRF-SP";"DEL03-SP";"UOP02-DEL03-SP"
225276;2019-07-28;"domingo";"19:30:00";"SP";116;326,3;"JUQUITIBA";"Falta de Atenção à Condução";"Colisão com objeto estático";"Com Vítimas Feridas";"Plena Noite";"Decrescente";"Chuva";"Dupla";"Curva";"Não";6;0;2;0;4;0;2;3;-23,93901304;-47,06241203;"SPRF-SP";"DEL04-SP";"UOP03-DEL04-SP"
225278;2019-07-28;"domingo";"18:00:00";"BA";110;267;"INHAMBUPE";"Falta de Atenção à Condução";"Colisão transversal";"Com Vítimas Fatais";"Plena Noite";"Decrescente";"Garoa/Chuvisco";"Simples";"Reta";"Não";2;1;0;0;0;1;0;2;-11,62199103;-38,30115484;"SPRF-BA";"DEL01-BA";"UOP04-DEL01-BA"
225279;2019-07-28;"domingo";"20:00:00";"GO";70;9,2;"AGUAS LINDAS DE GOIAS";"Ingestão de Álcool";"Atropelamento de Pedestre";"Com Vítimas Feridas";"Plena Noite";"Decrescente";"Céu Claro";"Dupla";"Reta";"Sim";2;0;1;1;0;0;2;2;-15,73576731;-48,28288046;"SPRF-DF";"DEL01-DF";"UOP02-DEL03-DF"
225280;2019-07-28;"domingo";"19:05:00";"SC";101;118;"ITAJAI";"Ingestão de Álcool";"Colisão traseira";"Com Vítimas Feridas";"Plena Noite";"Crescente";"Nublado";"Dupla";"Reta";"Não";5;0;3;0;2;0;3;2;-26,895859;-48,71903;"SPRF-SC";"DEL04-SC";"UOP04-DEL04-SC"
225281;2019-07-28;"domingo";"20:00:00";"ES";101;161;"LINHARES";"Restrição de Visibilidade";"Colisão lateral";"Com Vítimas Feridas";"Plena Noite";"Decrescente";"Céu Claro";"Simples";"Reta";"Não";2;0;1;0;1;0;1;2;-19,48358708;-40,11977894;"SPRF-ES";"DEL04-ES";"UOP01-DEL04-ES"
225282;2019-07-28;"domingo";"19:10:00";"BA";324;0,5;"FEIRA DE SANTANA";"Falta de Atenção à Condução";"Colisão frontal";"Com Vítimas Feridas";"Plena Noite";"Crescente";"Nublado";"Simples";"Reta";"Sim";3;0;1;1;1;0;2;2;-12,27824294;-38,94079059;"SPRF-BA";"DEL02-BA";"UOP01-DEL02-BA"
225283;2019-07-28;"domingo";"19:25:00";"SC";101;413;"ARARANGUA";"Falta de Atenção à Condução";"Colisão frontal";"Com Vítimas Feridas";"Plena Noite";"Crescente";"Ignorado";"Simples";"Reta";"Sim";3;0;2;1;0;0;3;2;-28,94605997;-49,50428402;"SPRF-SC";"DEL02-SC";"UOP02-DEL02-SC"