"id";"data_inversa";"dia_semana";"horario";"uf";"br";"km";"municipio";"causa_acidente";"tipo_acidente";"classificacao_acidente";"fase_dia";"sentido_via";"condicao_metereologica";"tipo_pista";"tracado_via";"uso_solo";"pessoas";"mortos";"feridos_leves";"feridos_graves";"ilesos";"ignorados";"feridos";"veiculos";"latitude";"longitude";"regional";"delegacia";"uop"
225394;2019-07-29;"segunda-feira";"09:50:00";"RJ";101;92,8;"CAMPOS DOS GOYTACAZES";"Velocidade Incompatível";"Saída de leito carroçável";"Com Vítimas Feridas";"Pleno dia";"Decrescente";"Céu Claro";"Dupla";"Aclive";"Não";2;0;2;0;0;0;2;1;-21,85456357;-41,52621893;"SPRF-RJ";"DEL08-RJ";"UOP02-DEL08-RJ"
225396;2019-07-29;"segunda-feira";"06:50:00";"PE";101;74,3;"RECIFE";"Não guardar distância de segurança";"Colisão lateral";"Com Vítimas Feridas";"Pleno dia";"Crescente";"Chuva";"Dupla";"Curva";"Sim";2;0;1;0;1;0;1;2;-8,1053285;-34,94896352;"SPRF-PE";"DEL01-PE";"UOP01-DEL01-PE"
225397;2019-07-29;"segunda-feira";"05:30:00";"PR";369;518,9;"CASCAVEL";"Velocidade Incompatível";"Saída de leito carroçável";"Com Vítimas Fatais";"Plena Noite";"Decrescente";"Céu Claro";"Simples";"Curva";"Não";1;1;0;0;0;0;0;1;-24,9084;-53,3789;"SPRF-PR";"DEL04-PR";"UOP01-DEL04-PR"
225399;2019-07-29;"segunda-feira";"09:50:00";"RJ";101;320,1;"NITEROI";"Animais na Pista";"Atropelamento de Animal";"Com Vítimas Feridas";"Pleno dia";"Crescente";"Céu Claro";"Dupla";"Reta";"Sim";1;0;1;0;0;0;1;1;-22,86171098;-43,10714015;"SPRF-RJ";"DEL02-RJ";"UOP02-DEL02-RJ"
225400;2019-07-29;"segunda-feira";"10:05:00";"SP";116;169,3;"JACAREI";"Falta de Atenção à Condução";"Colisão lateral";"Com Vítimas Feridas";"Pleno dia";"Decrescente";"Céu Claro";"Dupla";"Reta";"Não";2;0;1;0;1;0;1;2;-23,30757675;-46,04533195;"SPRF-SP";"DEL02-SP";"UOP01-DEL02-SP"
225401;2019-07-29;"segunda-feira";"07:40:00";"MG";116;745;"LEOPOLDINA";"Desobediência às normas de trânsito pelo condutor";"Colisão transversal";"Sem Vítimas";"Pleno dia";"Crescente";"Sol";"Simples";"Interseção de Vias;Reta";"Não";6;0;0;0;6;0;0;2;-21,429308;-42,51473;"SPRF-MG";"DEL07-MG";"UOP01-DEL07-MG"
225402;2019-07-29;"segunda-feira";"08:40:00";"PI";316;78,9;"OLHO DAGUA DO PIAUI";"Falta de Atenção à Condução";"Colisão traseira";"Com Vítimas Feridas";"Pleno dia";"Crescente";"Sol";"Simples";"Reta";"Não";3;0;1;0;2;0;1;2;-5,72722978;-42,60684409;"SPRF-PI";"DEL01-PI";"UOP02-DEL01-PI"
225403;2019-07-29;"segunda-feira";"10:40:00";"RJ";116;286,5;"BARRA MANSA";"Velocidade Incompatível";"Colisão traseira";"Com Vítimas Feridas";"Pleno dia";"Decrescente";"Sol";"Dupla";"Reta";"Não";3;0;1;0;2;0;1;3;-22,49846046;-44,23342487;"SPRF-RJ";"DEL07-RJ";"UOP02-DEL07-RJ"
225404;2019-07-29;"segunda-feira";"10:30:00";"PR";277;105,9;"CAMPO LARGO";"Não guardar distância de segurança";"Colisão traseira";"Com Vítimas Feridas";"Pleno dia";"Decrescente";"Nublado";"Dupla";"Curva;Aclive";"Não";4;0;1;0;3;0;1;3;-25,43476318;-49,4156456;"SPRF-PR";"DEL01-PR";"UOP06-DEL01-PR"
225405;2019-07-29;"segunda-feira";"10:50:00";"SC";101;42;"JOINVILLE";"Desobediência às normas de trânsito pelo condutor";"Colisão transversal";"Com Vítimas Feridas";"Pleno dia";"Crescente";"Nublado";"Dupla";"Reta";"Sim";2;0;0;1;1;0;1;2;-26,29251598;-48,88474385;"SPRF-SC";"DEL03-SC";"UOP01-DEL03-SC"
225406;2019-07-29;"segunda-feira";"10:40:00";"ES";101;191,2;"ARACRUZ";"Pista Escorregadia";"Saída de leito carroçável";"Com Vítimas Feridas";"Pleno dia";"Decrescente";"Chuva";"Simples";"Reta";"Não";1;0;1;0;0;0;1;1;-19,68908911;-40,28696073;"SPRF-ES";"DEL04-ES";"UOP01-DEL04-ES"
225407;2019-07-29;"segunda-feira";"08:30:00";"GO";158;220;"JATAI";"Defeito Mecânico no Veículo";"Capotamento";"Com Vítimas Feridas";"Pleno dia";"Crescente";"Céu Claro";"Simples";"Reta";"Não";5;0;1;1;3;0;2;1;-17,48083704;-51,88860607;"SPRF-GO";"DEL05-GO";"UOP01-DEL05-GO"
225409;2019-07-29;"segunda-feira";"11:00:00";"GO";153;566,9;"PROFESSOR JAMIL";"Falta de Atenção à Condução";"Saída de leito carroçável";"Com Vítimas Feridas";"Pleno dia";"Decrescente";"Céu Claro";"Dupla";"Reta";"Não";1;0;1;0;0;0;1;1;-17,2668;-49,2409;"SPRF-GO";"DEL03-GO";"UOP01-DEL03-GO"
225413;2019-07-29;"segunda-feira";"12:00:00";"AL";101;108,2;"PILAR";"Falta de Atenção à Condução";"Colisão traseira";"Com Vítimas Feridas";"Pleno dia";"Crescente";"Céu Claro";"Simples";"Curva";"Não";2;0;1;0;1;0;1;2;-9,59656948;-36,0091409;"SPRF-AL";"DEL02-AL";"UOP01-DEL02-AL"
225414;2019-07-29;"segunda-feira";"11:50:00";"PE";104;67;"CARUARU";"Não guardar distância de segurança";"Colisão traseira";"Com Vítimas Feridas";"Pleno dia";"Crescente";"Nublado";"Dupla";"Reta;Aclive";"Sim";2;0;1;0;1;0;1;2;-8,294353;-35,986884;"SPRF-PE";"DEL02-PE";"UOP01-DEL02-PE"
225415;2019-07-29;"segunda-feira";"11:30:00";"MG";267;63;"BICAS";"Não guardar distância de segurança";"Engavetamento";"Com Vítimas Feridas";"Pleno dia";"Decrescente";"Céu Claro";"Simples";"Reta";"Não";3;0;1;0;2;0;1;3;-21,73014728;-43,07352612;"SPRF-MG";"DEL05-MG";"UOP01-DEL05-MG"
225416;2019-07-29;"segunda-feira";"10:40:00";"MT";70;512;"VARZEA GRANDE";"Falta de Atenção à Condução";"Queda de ocupante de veículo";"Com Vítimas Feridas";"Pleno dia";"Crescente";"Céu Claro";"Simples";"Reta";"Sim";1;0;1;0;0;0;1;1;-15,69989584;-56,11404419;"SPRF-MT";"DEL01-MT";"DEL2/4-UOP02/MT"
225418;2019-07-29;"segunda-feira";"09:00:00";"RJ";101;155;"MACAE";"Condutor Dormindo";"Saída de leito carroçável";"Com Vítimas Feridas";"Pleno dia";"Crescente";"Céu Claro";"Simples";"Curva";"Não";3;0;2;0;1;0;2;1;-22,25963531;-41,84126786;"SPRF-RJ";"DEL02-RJ";"UOP04-DEL08-RJ"
225419;2019-07-29;"segunda-feira";"12:10:00";"RJ";40;111;"DUQUE DE CAXIAS";"Falta de Atenção à Condução";"Engavetamento";"Com Vítimas Feridas";"Pleno dia";"Crescente";"Céu Claro";"Múltipla";"Reta";"Sim";3;0;2;0;1;0;2;3;-22,691868;-43,287453;"SPRF-RJ";"DEL01-RJ";"UOP01-DEL01-RJ"
225422;2019-07-29;"segunda-feira";"09:50:00";"SC";282;512,3;"XANXERE";"Falta de Atenção à Condução";"Colisão traseira";"Com Vítimas Feridas";"Pleno dia";"Crescente";"Sol";"Simples";"Reta";"Não";2;0;1;0;1;0;1;2;-26,910799;-52,472099;"SPRF-SC";"DEL07-SC";"UOP01-DEL07-SC"
225424;2019-07-29;"segunda-feira";"13:20:00";"GO";153;493;"GOIANIA";"Defeito Mecânico no Veículo";"Queda de ocupante de veículo";"Com Vítimas Feridas";"Pleno dia";"Crescente";"Sol";"Dupla";"Reta";"Sim";2;0;2;0;0;0;2;1;-16,6537;-49,2172;"SPRF-GO";"DEL01-GO";"UOP01-DEL01-GO"
225425;2019-07-29;"segunda-feira";"13:00:00";"MG";356;265,6;"MURIAE";"Falta de Atenção à Condução";"Colisão transversal";"Com Vítimas Feridas";"Pleno dia";"Crescente";"Céu Claro";"Simples";"Reta";"Sim";2;0;1;0;1;0;1;2;-21,12838898;-42,366803;"SPRF-MG";"DEL07-MG";"UOP02-DEL07-MG"
225426;2019-07-29;"segunda-feira";"13:15:00";"SC";280;58,4;"GUARAMIRIM";"Falta de Atenção à Condução";"Colisão lateral";"Com Vítimas Feridas";"Pleno dia";"Decrescente";"Céu Claro";"Simples";"Reta";"Não";2;0;1;0;1;0;1;2;-26,47415593;-49,021211;"SPRF-SC";"DEL03-SC";"UOP03-DEL03-SC"
225428;2019-07-29;"segunda-feira";"08:30:00";"MT";70;530;"VARZEA GRANDE";"Desobediência às normas de trânsito pelo condutor";"Colisão lateral";"Com Vítimas Feridas";"Pleno dia";"Crescente";"Céu Claro";"Simples";"Reta";"Sim";2;0;0;1;1;0;1;2;-15,649207;-56,19486;"SPRF-MT";"DEL01-MT";"DEL2/4-UOP02/MT"
225429;2019-07-29;"segunda-feira";"13:00:00";"PE";232;53,9;"POMBOS";"Defeito Mecânico no Veículo";"Colisão lateral";"Com Vítimas Feridas";"Pleno dia";"Crescente";"Céu Claro";"Dupla";"Reta";"Não";2;0;1;1;0;0;2;2;-8,13014263;-35,3484723;"SPRF-PE";"DEL01-PE";"UOP02-DEL02PE"
225431;2019-07-29;"segunda-feira";"12:50:00";"RS";116;236,1;"NOVO HAMBURGO";"Desobediência às normas de trânsito pelo condutor";"Colisão transversal";"Com Vítimas Feridas";"Pleno dia";"Crescente";"Nublado";"Dupla";"Interseção de Vias";"Sim";5;0;2;0;3;0;2;3;-29,66938502;-51,14304731;"SPRF-RS";"DEL01-RS";"UOP02-DEL01-RS"
225432;2019-07-29;"segunda-feira";"11:40:00";"MS";163;670;"RIO VERDE DE MATO GROSSO";"Desobediência às normas de trânsito pelo condutor";"Capotamento";"Sem Vítimas";"Pleno dia";"Decrescente";"Céu Claro";"Simples";"Curva";"Não";1;0;0;0;1;0;0;1;-19,00660074;-54,82879968;"SPRF-MS";"DEL06-MS";"UOP02-DEL06-MS"
225437;2019-07-29;"segunda-feira";"09:30:00";"MT";70;733;"CACERES";"Falta de Atenção à Condução";"Colisão traseira";"Com Vítimas Feridas";"Pleno dia";"Decrescente";"Céu Claro";"Simples";"Reta";"Sim";3;0;1;0;2;0;1;2;-16,09191447;-57,68217488;"SPRF-MT";"DEL03-MT";"UOP01-DEL03-MT"
225438;2019-07-29;"segunda-feira";"12:50:00";"BA";242;784;"BARREIRAS";"Falta de Atenção à Condução";"Colisão transversal";"Com Vítimas Feridas";"Pleno dia";"Decrescente";"Céu Claro";"Simples";"Reta";"Não";3;0;1;1;1;0;2;3;-12,13869042;-44,91897583;"SPRF-BA";"DEL10-BA";"UOP01-DEL10-BA"
225439;2019-05-02;"quinta-feira";"13:00:00";"PE";408;89;"SAO LOURENCO DA MATA";"Avarias e/ou desgaste excessivo no pneu";"Saída de leito carroçável";"Com Vítimas Feridas";"Pleno dia";"Decrescente";"Chuva";"Dupla";"Reta";"Não";1;0;1;0;0;0;1;1;-8,01658185;-35,04163921;"SPRF-PE";"DEL01-PE";"UOP01-DEL01-PE"
225440;2019-07-29;"segunda-feira";"14:15:00";"MG";381;447;"SABARA";"Falta de Atenção à Condução";"Colisão traseira";"Com Vítimas Feridas";"Pleno dia";"Crescente";"Céu Claro";"Simples";"Reta";"Sim";3;0;2;0;1;0;2;2;-19,83447607;-43,85011601;"SPRF-MG";"DEL01-MG";"UOP01-DEL01-MG"
225441;2019-07-29;"segunda-feira";"09:20:00";"MT";174;269,1;"PONTES E LACERDA";"Falta de Atenção à Condução";"Saída de leito carroçável";"Com Vítimas Feridas";"Pleno dia";"Decrescente";"Céu Claro";"Simples";"Aclive";"Não";2;0;2;0;0;0;2;1;-15,37106477;-59,19222088;"SPRF-MT";"DEL04-MT";"UOP01-DEL04-MT"
225443;2019-07-29;"segunda-feira";"14:00:00";"RS";116;245,1;"SAO LEOPOLDO";"Falta de Atenção à Condução";"Colisão transversal";"Com Vítimas Fatais";"Pleno dia";"Crescente";"Sol";"Dupla";"Reta";"Sim";2;1;0;0;1;0;0;2;-29,74980902;-51,15125361;"SPRF-RS";"DEL01-RS";"UOP02-DEL01-RS"
225446;2019-07-29;"segunda-feira";"12:20:00";"SC";470;185;"POUSO REDONDO";"Desobediência às normas de trânsito pelo condutor";"Colisão transversal";"Com Vítimas Feridas";"Pleno dia";"Crescente";"Sol";"Simples";"Reta";"Não";4;0;1;0;2;1;1;2;-27,254034;-50,036575;"SPRF-SC";"DEL04-SC";"UOP02-DEL04-SC"
225447;2019-07-29;"segunda-feira";"11:40:00";"RS";116;245;"SAO LEOPOLDO";"Falta de Atenção à Condução";"Queda de ocupante de veículo";"Com Vítimas Feridas";"Pleno dia";"Decrescente";"Céu Claro";"Múltipla";"Reta";"Sim";1;0;1;0;0;0;1;1;-29,74980902;-51,15125361;"SPRF-RS";"DEL01-RS";"UOP02-DEL01-RS"
225449;2019-07-29;"segunda-feira";"13:50:00";"SC";282;218,2;"LAGES";"Falta de Atenção à Condução";"Atropelamento de Pedestre";"Com Vítimas Feridas";"Pleno dia";"Crescente";"Nublado";"Simples";"Rotatória";"Sim";2;0;1;0;1;0;1;2;-27,797235;-50,31361;"SPRF-SC";"DEL05-SC";"UOP01-DEL05-SC"
225450;2019-07-29;"segunda-feira";"14:45:00";"SC";470;57;"BLUMENAU";"Desobediência às normas de trânsito pelo condutor";"Colisão lateral";"Com Vítimas Feridas";"Pleno dia";"Decrescente";"Sol";"Simples";"Reta";"Sim";2;0;1;0;1;0;1;2;-26,880428;-49,136532;"SPRF-SC";"DEL04-SC";"UOP01-DEL04-SC"
225451;2019-07-28;"domingo";"20:00:00";"MG";116;351,7;"JAMPRUCA";"Falta de Atenção à Condução";"Capotamento";"Com Vítimas Feridas";"Plena Noite";"Crescente";"Nublado";"Simples";"Curva";"Não";3;0;3;0;0;0;3;1;-18,40984621;-41,82022076;"SPRF-MG";"DEL11-MG";"UOP01-DEL11-MG"
225454;2019-07-29;"segunda-feira";"13:35:00";"SC";280;124,2;"RIO NEGRINHO";"Falta de Atenção à Condução";"Engavetamento";"Com Vítimas Feridas";"Pleno dia";"Decrescente";"Sol";"Simples";"Aclive";"Sim";3;0;2;0;1;0;2;3;-26,24130297;-49,47514499;"SPRF-SC";"DEL06-SC";"UOP03-DEL06-SC"
225455;2019-07-29;"segunda-feira";"14:55:00";"SP";116;120,1;"CACAPAVA";"Avarias e/ou desgaste excessivo no pneu";"Colisão com objeto estático";"Com Vítimas Feridas";"Pleno dia";"Crescente";"Céu Claro";"Dupla";"Reta";"Não";4;0;3;0;1;0;3;1;-23,0715638;-45,64459209;"SPRF-SP";"DEL06-SP";"UOP02-DEL02-SP"
225456;2019-07-29;"segunda-feira";"11:20:00";"MG";116;532;"CARATINGA";"Falta de Atenção à Condução";"Colisão traseira";"Com Vítimas Feridas";"Pleno dia";"Crescente";"Céu Claro";"Simples";"Reta";"Não";2;0;1;0;1;0;1;2;-19,81839009;-42,13651657;"SPRF-MG";"DEL06-MG";"UOP02-DEL06-MG"
225458;2019-07-29;"segunda-feira";"14:37:00";"RO";364;233,9;"CACOAL";"Falta de Atenção à Condução";"Colisão transversal";"Com Vítimas Feridas";"Pleno dia";"Decrescente";"Céu Claro";"Simples";"Declive";"Sim";3;0;1;1;0;1;2;2;-11,46104613;-61,41546107;"SPRF-RO";"DEL02-RO";"UOP02-DEL02-RO"
225460;2019-07-29;"segunda-feira";"13:45:00";"MG";116;417;"GOVERNADOR VALADARES";"Não guardar distância de segurança";"Colisão traseira";"Com Vítimas Feridas";"Pleno dia";"Crescente";"Céu Claro";"Simples";"Reta";"Sim";2;0;1;0;1;0;1;2;-18,90130308;-41,94492414;"SPRF-MG";"DEL06-MG";"UOP01-DEL06-MG"
225461;2019-07-29;"segunda-feira";"10:30:00";"MG";262;654,1;"IBIA";"Condutor Dormindo";"Saída de leito carroçável";"Com Vítimas Feridas";"Pleno dia";"Crescente";"Céu Claro";"Simples";"Reta";"Não";1;0;0;1;0;0;1;1;-19,57322112;-46,66322098;"SPRF-MG";"DEL08-MG";"UOP01-DEL08-MG"
225462;2019-07-29;"segunda-feira";"15:50:00";"PR";369;154,6;"LONDRINA";"Defeito Mecânico no Veículo";"Queda de ocupante de veículo";"Com Vítimas Feridas";"Pleno dia";"Decrescente";"Céu Claro";"Dupla";"Reta";"Sim";2;0;2;0;0;0;2;1;-23,29676277;-51,20517438;"SPRF-PR";"DEL07-PR";"UOP01-DEL07-PR"
225464;2019-07-29;"segunda-feira";"14:30:00";"PR";376;177;"MARINGA";"Falta de Atenção à Condução";"Colisão lateral";"Com Vítimas Feridas";"Pleno dia";"Crescente";"Céu Claro";"Múltipla";"Reta";"Sim";2;0;1;0;1;0;1;2;-23,41595855;-51,92226484;"SPRF-PR";"DEL07-PR";"UOP01-DEL09-PR"
225465;2019-07-29;"segunda-feira";"14:24:00";"SC";101;109;"PENHA";"Ingestão de Álcool";"Saída de leito carroçável";"Com Vítimas Feridas";"Pleno dia";"Crescente";"Céu Claro";"Dupla";"Curva";"Sim";1;0;1;0;0;0;1;1;-26,8333519;-48,69632106;"SPRF-SC";"DEL03-SC";"UOP02-DEL03-SC"
225466;2019-07-29;"segunda-feira";"15:45:00";"MG";381;480;"CONTAGEM";"Objeto estático sobre o leito carroçável";"Colisão traseira";"Com Vítimas Feridas";"Pleno dia";"Decrescente";"Céu Claro";"Dupla";"Reta";"Sim";2;0;1;0;1;0;1;2;-19,95749597;-44,07899901;"SPRF-MG";"DEL01-MG";"UOP03-DEL01-MG"
225470;2019-07-29;"segunda-feira";"16:20:00";"BA";324;618;"SALVADOR";"Defeito Mecânico no Veículo";"Queda de ocupante de veículo";"Com Vítimas Feridas";"Pleno dia";"Crescente";"Nublado";"Dupla";"Reta";"Sim";3;0;2;0;1;0;2;2;-12,891109;-38,445374;"SPRF-BA";"DEL01-BA";"UOP01-DEL01-BA"
225471;2019-07-29;"segunda-feira";"16:55:00";"GO";40;2;"VALPARAISO DE GOIAS";"Falta de Atenção à Condução";"Colisão traseira";"Sem Vítimas";"Pleno dia";"Decrescente";"Céu Claro";"Dupla";"Reta";"Sim";2;0;0;0;2;0;0;2;-16,067129;-47,984235;"SPRF-DF";"DEL01-DF";"UOP01-DEL01-DF"
225472;2019-07-29;"segunda-feira";"16:55:00";"SE";101;94,3;"NOSSA SENHORA DO SOCORRO";"Agressão Externa";"Tombamento";"Com Vítimas Feridas";"Pleno dia";"Crescente";"Ignorado";"Dupla";"Reta";"Sim";2;0;2;0;0;0;2;1;-10,90732013;-37,15236691;"SPRF-SE";"DEL01-SE";"UOP01-DEL01-SE"
225473;2019-07-29;"segunda-feira";"16:00:00";"CE";222;149;"IRAUCUBA";"Falta de Atenção à Condução";"Colisão transversal";"Com Vítimas Feridas";"Pleno dia";"Crescente";"Céu Claro";"Simples";"Reta";"Sim";2;0;1;0;1;0;1;2;-3,7500811;-39,78191501;"SPRF-CE";"DEL04-CE";"UOP03-DEL04-CE"
225475;2019-07-29;"segunda-feira";"17:00:00";"BA";324;618;"SALVADOR";"Defeito Mecânico no Veículo";"Queda de ocupante de veículo";"Com Vítimas Feridas";"Anoitecer";"Crescente";"Chuva";"Dupla";"Reta";"Sim";2;0;1;0;1;0;1;2;-12,891109;-38,445374;"SPRF-BA";"DEL01-BA";"UOP01-DEL01-BA"
225476;2019-07-29;"segunda-feira";"15:00:00";"MG";40;510,8;"CONTAGEM";"Falta de Atenção à Condução";"Colisão transversal";"Com Vítimas Feridas";"Pleno dia";"Crescente";"Céu Claro";"Dupla";"Reta";"Sim";2;0;0;1;1;0;1;2;-19,77463885;-44,12321882;"SPRF-MG";"DEL01-MG";"UOP02-DEL01-MG"
225477;2019-07-29;"segunda-feira";"16:50:00";"SC";282;4,5;"SAO JOSE";"Não guardar distância de segurança";"Colisão traseira";"Com Vítimas Feridas";"Pleno dia";"Crescente";"Céu Claro";"Dupla";"Reta";"Sim";2;0;1;0;1;0;1;2;-27,5892079;-48,61094534;"SPRF-SC";"DEL01-SC";"UOP01-DEL01-SC"
225479;2019-07-29;"segunda-feira";"17:10:00";"CE";116;8;"FORTALEZA";"Falta de Atenção à Condução";"Colisão traseira";"Com Vítimas Feridas";"Anoitecer";"Decrescente";"Céu Claro";"Múltipla";"Reta";"Sim";3;0;1;1;1;0;2;2;-3,8192799;-38,50268337;"SPRF-CE";"DEL01-CE";"UOP02-DEL01-CE"
225480;2019-07-29;"segunda-feira";"17:00:00";"RJ";116;79;"TERESOPOLIS";"Condutor Dormindo";"Colisão frontal";"Com Vítimas Feridas";"Pleno dia";"Crescente";"Nublado";"Simples";"Reta";"Não";3;0;2;0;1;0;2;2;-22,381704;-42,954777;"SPRF-RJ";"DEL04-RJ";"UOP01-DEL04-RJ"
225482;2019-07-29;"segunda-feira";"17:10:00";"PR";116;116;"CURITIBA";"Deficiência ou não Acionamento do Sistema de Iluminação/Sinalização do Veículo";"Colisão com objeto estático";"Sem Vítimas";"Pleno dia";"Decrescente";"Nublado";"Dupla";"Reta";"Não";2;0;0;0;2;0;0;2;-25,55468195;-49,27402397;"SPRF-PR";"DEL01-PR";"UOP03-DEL01-PR"
225484;2019-07-29;"segunda-feira";"11:30:00";"MT";163;598,5;"NOVA MUTUM";"Falta de Atenção à Condução";"Capotamento";"Com Vítimas Feridas";"Pleno dia";"Decrescente";"Céu Claro";"Dupla";"Reta";"Sim";1;0;1;0;0;0;1;1;-13,92549497;-56,09416031;"SPRF-MT";"DEL01-MT";"UOP01-DEL01-MT"
225487;2019-07-29;"segunda-feira";"15:50:00";"SC";470;54,1;"BLUMENAU";"Desobediência às normas de trânsito pelo condutor";"Colisão transversal";"Com Vítimas Feridas";"Pleno dia";"Crescente";"Nublado";"Simples";"Interseção de Vias";"Sim";2;0;1;0;1;0;1;2;-26,871065;-49,110374;"SPRF-SC";"DEL04-SC";"UOP01-DEL04-SC"
225488;2019-07-29;"segunda-feira";"17:40:00";"MG";381;510,5;"SAO JOAQUIM DE BICAS";"Falta de Atenção à Condução";"Colisão transversal";"Com Vítimas Feridas";"Anoitecer";"Decrescente";"Céu Claro";"Dupla";"Reta";"Sim";2;0;1;0;1;0;1;2;-20,07738209;-44,30434488;"SPRF-MG";"DEL01-MG";"UOP03-DEL01-MG"
225489;2019-07-28;"domingo";"18:20:00";"MT";174;3;"PONTES E LACERDA";"Desobediência às normas de trânsito pelo condutor";"Saída de leito carroçável";"Com Vítimas Feridas";"Anoitecer";"Crescente";"Céu Claro";"Simples";"Reta";"Sim";4;0;0;1;1;2;1;3;-15,25224456;-59,32948709;"SPRF-MT";"DEL04-MT";"UOP01-DEL04-MT"
225490;2019-07-29;"segunda-feira";"16:50:00";"PB";104;134,1;"QUEIMADAS";"Ingestão de Álcool";"Colisão lateral";"Com Vítimas Feridas";"Pleno dia";"Decrescente";"Céu Claro";"Simples";"Aclive";"Não";3;0;2;0;1;0;2;2;-7,32562205;-35,89657067;"SPRF-PB";"DEL02-PB";"UOP03-DEL02-PB"
225494;2019-07-29;"segunda-feira";"15:15:00";"MA";135;29;"SAO LUIS";"Falta de Atenção à Condução";"Saída de leito carroçável";"Com Vítimas Feridas";"Pleno dia";"Decrescente";"Sol";"Dupla";"Reta";"Não";1;0;1;0;0;0;1;1;-2,78884;-44,37415;"SPRF-MA";"DEL01-MA";"UOP01-DEL01-MA"
225496;2019-07-29;"segunda-feira";"17:45:00";"BA";324;617,9;"SALVADOR";"Pista Escorregadia";"Queda de ocupante de veículo";"Com Vítimas Feridas";"Anoitecer";"Crescente";"Chuva";"Dupla";"Reta";"Sim";1;0;1;0;0;0;1;1;-12,891109;-38,445374;"SPRF-BA";"DEL01-BA";"UOP01-DEL01-BA"
225497;2019-07-29;"segunda-feira";"15:15:00";"SC";470;249,1;"CURITIBANOS";"Desobediência às normas de trânsito pelo condutor";"Colisão traseira";"Com Vítimas Feridas";"Pleno dia";"Crescente";"Céu Claro";"Simples";"Rotatória";"Sim";2;0;1;0;1;0;1;2;-27,312902;-50,559643;"SPRF-SC";"DEL05-SC";"UOP03-DEL05-SC"
225499;2019-07-28;"domingo";"19:07:00";"MT";174;2;"PONTES E LACERDA";"Falta de Atenção à Condução";"Colisão transversal";"Com Vítimas Feridas";"Plena Noite";"Decrescente";"Céu Claro";"Simples";"Reta";"Sim";4;0;0;2;2;0;2;2;-15,24835892;-59,32251791;"SPRF-MT";"DEL04-MT";"UOP01-DEL04-MT"
225501;2019-07-29;"segunda-feira";"18:35:00";"SP";116;208;"GUARULHOS";"Não guardar distância de segurança";"Colisão traseira";"Com Vítimas Feridas";"Anoitecer";"Decrescente";"Céu Claro";"Simples";"Reta";"Não";3;0;1;0;2;0;1;2;-23,42222263;-46,3932771;"SPRF-SP";"DEL01-SP";"UOP01-DEL01-SP"
225503;2019-07-29;"segunda-feira";"14:15:00";"BA";242;502;"OLIVEIRA DOS BREJINHOS";"Defeito Mecânico no Veículo";"Capotamento";"Com Vítimas Feridas";"Pleno dia";"Crescente";"Céu Claro";"Simples";"Reta";"Não";3;0;1;1;1;0;2;1;-12,36126975;-42,46776391;"SPRF-BA";"DEL06-BA";"UOP01-DEL06-BA"
225505;2019-07-29;"segunda-feira";"18:00:00";"ES";482;113,4;"GUACUI";"Velocidade Incompatível";"Colisão traseira";"Com Vítimas Feridas";"Plena Noite";"Decrescente";"Garoa/Chuvisco";"Simples";"Reta";"Não";2;0;1;0;0;1;1;2;-20,80855039;-41,71732117;"SPRF-ES";"DEL03-ES";"UOP02-DEL03-ES"
225508;2019-07-29;"segunda-feira";"19:00:00";"PR";376;615;"SAO JOSE DOS PINHAIS";"Falta de Atenção à Condução";"Colisão traseira";"Com Vítimas Feridas";"Plena Noite";"Decrescente";"Céu Claro";"Dupla";"Reta";"Sim";2;0;1;0;0;1;1;2;-25,569237;-49,183735;"SPRF-PR";"DEL01-PR";"UOP06-DEL01-PR"
225509;2019-07-29;"segunda-feira";"18:25:00";"GO";60;48,3;"APARECIDA DE GOIANIA";"Falta de Atenção à Condução";"Queda de ocupante de veículo";"Com Vítimas Feridas";"Anoitecer";"Crescente";"Nublado";"Dupla";"Declive";"Sim";1;0;1;0;0;0;1;1;-16,8101;-49,2397;"SPRF-GO";"DEL01-GO";"UOP03-DEL01-GO"
225510;2019-07-29;"segunda-feira";"19:15:00";"PR";153;333;"IRATI";"Ingestão de Álcool";"Colisão transversal";"Com Vítimas Feridas";"Plena Noite";"Crescente";"Nublado";"Simples";"Reta";"Sim";2;0;1;0;1;0;1;2;-25,47271703;-50,63775197;"SPRF-PR";"DEL03-PR";"UOP02-DEL08-PR"
225513;2019-07-29;"segunda-feira";"18:45:00";"SC";282;5;"SAO JOSE";"Falta de Atenção à Condução";"Colisão lateral";"Com Vítimas Feridas";"Plena Noite";"Crescente";"Nublado";"Múltipla";"Reta";"Não";2;0;0;1;1;0;1;2;-27,588425;-48,612919;"SPRF-SC";"DEL01-SC";"UOP01-DEL01-SC"
225514;2019-07-29;"segunda-feira";"19:10:00";"MG";381;492,4;"BETIM";"Defeito Mecânico no Veículo";"Colisão com objeto estático";"Com Vítimas Feridas";"Plena Noite";"Crescente";"Céu Claro";"Dupla";"Reta";"Sim";2;0;2;0;0;0;2;1;-19,97490091;-44,19004301;"SPRF-MG";"DEL01-MG";"UOP03-DEL01-MG"
225516;2019-07-29;"segunda-feira";"18:20:00";"MG";116;115,9;"ITAOBIM";"Desobediência às normas de trânsito pelo condutor";"Colisão frontal";"Com Vítimas Feridas";"Plena Noite";"Crescente";"Céu Claro";"Simples";"Reta";"Sim";2;0;2;0;0;0;2;2;-16,55656498;-41,50192905;"SPRF-MG";"DEL11-MG";"UOP02-DEL11-MG"