"id";"data_inversa";"dia_semana";"horario";"uf";"br";"km";"municipio";"causa_acidente";"tipo_acidente";"classificacao_acidente";"fase_dia";"sentido_via";"condicao_metereologica";"tipo_pista";"tracado_via";"uso_solo";"pessoas";"mortos";"feridos_leves";"feridos_graves";"ilesos";"ignorados";"feridos";"veiculos";"latitude";"longitude";"regional";"delegacia";"uop"
225517;2019-07-29;"segunda-feira";"19:10:00";"MG";262;799,5;"UBERABA";"Falta de Atenção à Condução";"Capotamento";"Com Vítimas Feridas";"Plena Noite";"Decrescente";"Céu Claro";"Simples";"Reta";"Não";1;0;1;0;0;0;1;1;-19,77864246;-47,93629597;"SPRF-MG";"DEL13-MG";"UOP01-DEL13-MG"
225518;2019-07-29;"segunda-feira";"19:45:00";"RS";116;143,7;"CAXIAS DO SUL";"Não guardar distância de segurança";"Colisão lateral";"Com Vítimas Feridas";"Plena Noite";"Decrescente";"Nublado";"Dupla";"Curva";"Sim";2;0;1;0;1;0;1;2;-29,1201739;-51,12260651;"SPRF-RS";"DEL05-RS";"UOP01-DEL05-RS"
225520;2019-07-29;"segunda-feira";"19:30:00";"PR";476;126;"CURITIBA";"Falta de Atenção à Condução";"Colisão lateral";"Com Vítimas Feridas";"Plena Noite";"Crescente";"Nublado";"Simples";"Reta";"Sim";2;0;1;0;1;0;1;2;-25,42883824;-49,22891021;"SPRF-PR";"DEL01-PR";"UOP07-DEL01-PR"
225521;2019-07-25;"quinta-feira";"21:10:00";"ES";259;59;"COLATINA";"Ingestão de Álcool";"Colisão traseira";"Sem Vítimas";"Plena Noite";"Crescente";"Céu Claro";"Simples";"Interseção de Vias";"Não";3;0;0;0;3;0;0;2;-19,52125411;-40,66594194;"SPRF-ES";"DEL02-ES";"UOP01-DEL02-ES"
225523;2019-07-29;"segunda-feira";"20:00:00";"SC";101;212,7;"PALHOCA";"Falta de Atenção à Condução";"Queda de ocupante de veículo";"Com Vítimas Feridas";"Plena Noite";"Crescente";"Céu Claro";"Múltipla";"Reta";"Não";2;0;2;0;0;0;2;1;-27,62996929;-48,65903871;"SPRF-SC";"DEL01-SC";"UOP02-DEL01-SC"
225524;2019-07-29;"segunda-feira";"19:05:00";"BA";116;778,9;"PLANALTO";"Falta de Atenção do Pedestre";"Atropelamento de Pedestre";"Com Vítimas Feridas";"Plena Noite";"Decrescente";"Garoa/Chuvisco";"Simples";"Reta";"Sim";2;0;1;1;0;0;2;2;-14,674145;-40,493174;"SPRF-BA";"DEL08-BA";"UOP02-DEL08-BA"
225525;2019-07-29;"segunda-feira";"17:20:00";"PR";272;557;"TERRA ROXA";"Ingestão de Álcool";"Saída de leito carroçável";"Sem Vítimas";"Pleno dia";"Decrescente";"Sol";"Simples";"Reta";"Não";1;0;0;0;1;0;0;1;-24,08581365;-54,12416704;"SPRF-PR";"DEL06-PR";"UAP01-DEL06-PR"
225526;2019-07-29;"segunda-feira";"16:30:00";"BA";101;183;"CONCEICAO DA FEIRA";"Ultrapassagem Indevida";"Colisão traseira";"Com Vítimas Feridas";"Pleno dia";"Crescente";"Céu Claro";"Simples";"Reta;Declive";"Não";5;0;3;0;2;0;3;2;-12,53594197;-38,97745507;"SPRF-BA";"DEL01-BA";"UOP03-DEL01-BA"
225529;2019-07-29;"segunda-feira";"21:03:00";"SC";282;2;"FLORIANOPOLIS";"Defeito Mecânico no Veículo";"Engavetamento";"Sem Vítimas";"Plena Noite";"Crescente";"Céu Claro";"Múltipla";"Reta";"Sim";6;0;0;0;6;0;0;6;-27,602955;-48,580509;"SPRF-SC";"DEL01-SC";"UOP01-DEL01-SC"
225530;2019-07-29;"segunda-feira";"16:10:00";"RS";386;344,8;"LAJEADO";"Desobediência às normas de trânsito pelo condutor";"Colisão transversal";"Com Vítimas Feridas";"Pleno dia";"Decrescente";"Nublado";"Simples";"Reta";"Sim";2;0;1;0;1;0;1;2;-29,439268;-51,993633;"SPRF-RS";"DEL04-RS";"UOP01-DEL04-RS"
225531;2019-06-27;"quinta-feira";"17:35:00";"CE";116;16,6;"EUSEBIO";"Falta de Atenção à Condução";"Colisão traseira";"Com Vítimas Feridas";"Plena Noite";"Crescente";"Céu Claro";"Dupla";"Reta";"Sim";2;0;1;0;1;0;1;2;-3,88732794;-38,50185439;"SPRF-CE";"DEL01-CE";"UOP02-DEL01-CE"
225532;2019-07-29;"segunda-feira";"20:38:00";"MG";50;173;"UBERABA";"Defeito Mecânico no Veículo";"Incêndio";"Sem Vítimas";"Plena Noite";"Decrescente";"Céu Claro";"Dupla";"Reta";"Sim";1;0;0;0;1;0;0;1;-19,7624352;-47,97701547;"SPRF-MG";"DEL13-MG";"UOP01-DEL13-MG"
225537;2019-07-29;"segunda-feira";"21:30:00";"GO";80;32;"PADRE BERNARDO";"Defeito na Via";"Saída de leito carroçável";"Com Vítimas Feridas";"Plena Noite";"Decrescente";"Céu Claro";"Simples";"Em Obras";"Não";2;0;2;0;0;0;2;1;-15,285897;-48,251519;"SPRF-DF";"DEL01-DF";"UOP02-DEL03-DF"
225542;2019-07-29;"segunda-feira";"22:50:00";"RO";435;73;"COLORADO DO OESTE";"Não guardar distância de segurança";"Colisão traseira";"Com Vítimas Feridas";"Plena Noite";"Crescente";"Céu Claro";"Simples";"Reta";"Não";4;0;2;0;2;0;2;2;-13,1038111;-60,4273343;"SPRF-RO";"DEL04-RO";"UOP02-DEL04-RO"
225546;2019-07-30;"terça-feira";"03:30:00";"PR";277;7;"PARANAGUA";"Falta de Atenção à Condução";"Saída de leito carroçável";"Sem Vítimas";"Plena Noite";"Decrescente";"Nublado";"Múltipla";"Interseção de Vias;Curva";"Não";1;0;0;0;0;1;0;1;-25,56132123;-48,58175392;"SPRF-PR";"DEL01-PR";"UOP05-DEL01-PR"
225547;2019-07-30;"terça-feira";"03:50:00";"SC";101;203;"SAO JOSE";"Ingestão de Álcool";"Colisão com objeto estático";"Sem Vítimas";"Plena Noite";"Decrescente";"Nublado";"Múltipla";"Reta";"Não";1;0;0;0;1;0;0;1;-27,5650044;-48,61460082;"SPRF-SC";"DEL01-SC";"UOP01-DEL01-SC"
225550;2019-07-30;"terça-feira";"05:15:00";"PR";376;536,2;"PALMEIRA";"Falta de Atenção à Condução";"Atropelamento de Pedestre";"Com Vítimas Feridas";"Plena Noite";"Crescente";"Nevoeiro/Neblina";"Dupla";"Reta";"Não";2;0;0;1;1;0;1;2;-25,34432338;-49,84592485;"SPRF-PR";"DEL01-PR";"UOP06-DEL01-PR"
225553;2019-07-30;"terça-feira";"07:30:00";"TO";153;684,6;"CARIRI DO TOCANTINS";"Ultrapassagem Indevida";"Colisão frontal";"Com Vítimas Fatais";"Pleno dia";"Crescente";"Céu Claro";"Simples";"Reta";"Não";8;2;1;1;4;0;2;3;-11,82213186;-49,1332553;"SPRF-TO";"DEL02-TO";"UOP02-DEL01-TO"
225554;2019-07-30;"terça-feira";"06:55:00";"RS";293;170;"HULHA NEGRA";"Animais na Pista";"Atropelamento de Animal";"Com Vítimas Feridas";"Amanhecer";"Decrescente";"Céu Claro";"Simples";"Reta";"Não";1;0;1;0;0;0;1;1;-31,34206825;-53,95858016;"SPRF-RS";"DEL11-RS";"UOP03-DEL11-RS"
225555;2019-07-30;"terça-feira";"06:20:00";"PR";277;116,8;"CAMPO LARGO";"Falta de Atenção à Condução";"Colisão traseira";"Com Vítimas Feridas";"Amanhecer";"Decrescente";"Nevoeiro/Neblina";"Simples";"Aclive";"Não";2;0;1;0;1;0;1;2;-25,43551617;-49,5167191;"SPRF-PR";"DEL01-PR";"UOP06-DEL01-PR"
225556;2019-07-30;"terça-feira";"06:50:00";"SC";470;140,3;"RIO DO SUL";"Velocidade Incompatível";"Colisão frontal";"Com Vítimas Feridas";"Pleno dia";"Crescente";"Nublado";"Simples";"Reta";"Sim";3;0;1;0;2;0;1;2;-27,20485701;-49,6401536;"SPRF-SC";"DEL04-SC";"UOP02-DEL04-SC"
225557;2019-07-30;"terça-feira";"06:15:00";"PR";277;118,9;"CAMPO LARGO";"Condutor Dormindo";"Colisão com objeto estático";"Com Vítimas Feridas";"Pleno dia";"Decrescente";"Nublado";"Dupla";"Reta";"Não";2;0;1;0;1;0;1;1;-25,43106012;-49,42461998;"SPRF-PR";"DEL01-PR";"UOP06-DEL01-PR"
225559;2019-07-30;"terça-feira";"07:25:00";"SC";470;143,2;"RIO DO SUL";"Falta de Atenção à Condução";"Colisão transversal";"Com Vítimas Feridas";"Pleno dia";"Decrescente";"Céu Claro";"Simples";"Interseção de Vias";"Não";3;0;2;0;1;0;2;2;-27,233143;-49,672886;"SPRF-SC";"DEL04-SC";"UOP02-DEL04-SC"
225560;2019-07-27;"sábado";"03:50:00";"PR";277;79;"CURITIBA";"Falta de Atenção à Condução";"Capotamento";"Sem Vítimas";"Plena Noite";"Decrescente";"Céu Claro";"Dupla";"Reta;Declive";"Sim";1;0;0;0;0;1;0;1;-25,47757584;-49,20426607;"SPRF-PR";"DEL01-PR";"UOP01-DEL01-PR"
225561;2019-07-30;"terça-feira";"06:22:00";"PR";153;452,5;"UNIAO DA VITORIA";"Falta de Atenção à Condução";"Colisão transversal";"Com Vítimas Feridas";"Amanhecer";"Crescente";"Garoa/Chuvisco";"Simples";"Reta";"Sim";2;0;1;0;1;0;1;2;-26,19725451;-51,09024525;"SPRF-PR";"DEL02-PR";"UOP03-DEL02-PR"
225563;2019-07-30;"terça-feira";"08:15:00";"PR";277;79;"SAO JOSE DOS PINHAIS";"Falta de Atenção à Condução";"Colisão lateral";"Com Vítimas Feridas";"Pleno dia";"Crescente";"Sol";"Dupla";"Reta";"Sim";2;0;1;0;1;0;1;2;-25,51327981;-49,12433291;"SPRF-PR";"DEL01-PR";"UOP01-DEL01-PR"
225564;2019-07-29;"segunda-feira";"21:30:00";"PR";277;174;"PALMEIRA";"Ultrapassagem Indevida";"Colisão frontal";"Com Vítimas Feridas";"Plena Noite";"Crescente";"Nevoeiro/Neblina";"Múltipla";"Curva";"Não";2;0;1;1;0;0;2;2;-25,44322037;-49,96466911;"SPRF-PR";"DEL03-PR";"UOP02-DEL08-PR"
225565;2019-07-30;"terça-feira";"08:30:00";"SC";282;5,5;"SAO JOSE";"Falta de Atenção à Condução";"Queda de ocupante de veículo";"Com Vítimas Feridas";"Pleno dia";"Decrescente";"Nublado";"Simples";"Curva";"Não";1;0;0;1;0;0;1;1;-27,588425;-48,612919;"SPRF-SC";"DEL01-SC";"UOP01-DEL01-SC"
225566;2019-07-30;"terça-feira";"07:59:00";"ES";101;268;"SERRA";"Desobediência às normas de trânsito pelo condutor";"Colisão transversal";"Com Vítimas Feridas";"Pleno dia";"Crescente";"Sol";"Múltipla";"Reta";"Sim";2;0;1;0;1;0;1;2;-20,20842;-40,269405;"SPRF-ES";"DEL02-ES";"UOP01-DEL02-ES"
225567;2019-07-30;"terça-feira";"07:15:00";"RJ";116;238;"PIRAI";"Agressão Externa";"Colisão com objeto estático";"Com Vítimas Feridas";"Pleno dia";"Crescente";"Céu Claro";"Simples";"Curva";"Não";1;0;1;0;0;0;1;1;-22,66466911;-43,88337304;"SPRF-RJ";"DEL07-RJ";"UOP01-DEL07-RJ"
225570;2019-07-30;"terça-feira";"07:45:00";"RJ";101;70,5;"CAMPOS DOS GOYTACAZES";"Desobediência às normas de trânsito pelo condutor";"Colisão traseira";"Com Vítimas Feridas";"Pleno dia";"Decrescente";"Céu Claro";"Simples";"Reta";"Não";3;0;2;0;0;1;2;2;-21,781011;-41,373363;"SPRF-RJ";"DEL08-RJ";"UOP02-DEL08-RJ"
225571;2019-07-30;"terça-feira";"07:30:00";"RN";101;150,2;"GOIANINHA";"Falta de Atenção à Condução";"Saída de leito carroçável";"Com Vítimas Feridas";"Pleno dia";"Decrescente";"Céu Claro";"Dupla";"Reta";"Não";2;0;0;2;0;0;2;1;-6,29468817;-35,1962053;"SPRF-RN";"DEL01-RN";"UOP01-DEL01-RN"
225574;2019-07-30;"terça-feira";"07:00:00";"MT";174;282;"PONTES E LACERDA";"Falta de Atenção à Condução";"Colisão transversal";"Com Vítimas Feridas";"Pleno dia";"Decrescente";"Céu Claro";"Simples";"Reta";"Não";3;0;0;1;2;0;1;2;-15,28339391;-59,28524889;"SPRF-MT";"DEL04-MT";"UOP01-DEL04-MT"
225575;2019-07-30;"terça-feira";"09:43:00";"PE";407;126,3;"PETROLINA";"Avarias e/ou desgaste excessivo no pneu";"Colisão com objeto estático";"Com Vítimas Feridas";"Pleno dia";"Decrescente";"Nublado";"Simples";"Curva";"Sim";1;0;1;0;0;0;1;1;-9,38491309;-40,52809509;"SPRF-PE";"DEL06-PE";"UOP01-DEL06-PE"
225576;2019-07-30;"terça-feira";"09:25:00";"SP";153;27,9;"NOVA GRANADA";"Desobediência às normas de trânsito pelo condutor";"Colisão transversal";"Com Vítimas Feridas";"Pleno dia";"Crescente";"Céu Claro";"Simples";"Interseção de Vias";"Sim";5;0;4;0;1;0;4;2;-20,51978638;-49,3256548;"SPRF-SP";"DEL09-SP";"UOP01-DEL09-SP"
225577;2019-07-22;"segunda-feira";"07:00:00";"PR";476;123;"CURITIBA";"Não guardar distância de segurança";"Colisão lateral";"Com Vítimas Feridas";"Pleno dia";"Crescente";"Céu Claro";"Dupla";"Interseção de Vias";"Sim";2;0;1;0;1;0;1;2;-25,392904;-49,209557;"SPRF-PR";"DEL01-PR";"UOP07-DEL01-PR"
225578;2019-07-30;"terça-feira";"10:00:00";"RJ";116;105;"GUAPIMIRIM";"Falta de Atenção à Condução";"Colisão lateral";"Com Vítimas Feridas";"Pleno dia";"Crescente";"Céu Claro";"Dupla";"Reta";"Não";2;0;1;0;1;0;1;2;-22,51502902;-43,00052292;"SPRF-RJ";"DEL04-RJ";"UOP02-DEL04-RJ"
225583;2019-07-30;"terça-feira";"10:00:00";"CE";116;459,3;"BARRO";"Defeito na Via";"Capotamento";"Com Vítimas Feridas";"Pleno dia";"Decrescente";"Sol";"Simples";"Aclive;Curva";"Não";1;0;1;0;0;0;1;1;-7,19309604;-38,79061197;"SPRF-CE";"DEL05-CE";"UOP03-DEL05-CE"
225585;2019-07-30;"terça-feira";"07:10:00";"ES";101;211,1;"JOAO NEIVA";"Desobediência às normas de trânsito pelo condutor";"Colisão traseira";"Sem Vítimas";"Pleno dia";"Crescente";"Sol";"Dupla";"Declive";"Não";3;0;0;0;2;1;0;3;-19,80700903;-40,36767233;"SPRF-ES";"DEL02-ES";"UOP01-DEL02-ES"
225586;2019-07-14;"domingo";"21:25:00";"ES";101;429,7;"ATILIO VIVACQUA";"Ingestão de Álcool";"Colisão lateral";"Com Vítimas Feridas";"Plena Noite";"Crescente";"Céu Claro";"Simples";"Curva";"Não";5;0;1;0;4;0;1;2;-21,0256572;-41,15890984;"SPRF-ES";"DEL03-ES";"UOP02-DEL03-ES"
225587;2019-07-30;"terça-feira";"10:45:00";"PR";277;730;"FOZ DO IGUACU";"Não guardar distância de segurança";"Colisão traseira";"Com Vítimas Feridas";"Pleno dia";"Decrescente";"Céu Claro";"Dupla";"Curva";"Sim";3;0;1;0;2;0;1;2;-25,50826305;-54,59238593;"SPRF-PR";"DEL05-PR";"UOP03-DEL05-PR"
225588;2019-07-07;"domingo";"04:20:00";"BA";116;856;"VITORIA DA CONQUISTA";"Falta de Atenção à Condução";"Colisão traseira";"Com Vítimas Feridas";"Plena Noite";"Decrescente";"Ignorado";"Simples";"Reta";"Não";1;0;1;0;0;0;1;1;-15,08122116;-41,00892328;"SPRF-BA";"DEL08-BA";"UOP03-DEL08-BA"
225589;2019-05-26;"domingo";"04:40:00";"SC";470;150;"AGRONOMICA";"Falta de Atenção à Condução";"Saída de leito carroçável";"Sem Vítimas";"Plena Noite";"Crescente";"Nublado";"Simples";"Reta";"Não";1;0;0;0;0;1;0;1;-27,25770962;-49,71444435;"SPRF-SC";"DEL04-SC";"UOP02-DEL04-SC"
225590;2019-07-30;"terça-feira";"10:45:00";"AL";316;215,8;"MARIBONDO";"Pista Escorregadia";"Capotamento";"Com Vítimas Feridas";"Pleno dia";"Decrescente";"Chuva";"Simples";"Curva";"Não";1;0;1;0;0;0;1;1;-9,50959089;-36,22084314;"SPRF-AL";"DEL01-AL";"UOP01-DEL01-AL"
225593;2019-07-30;"terça-feira";"11:05:00";"PB";101;42;"MAMANGUAPE";"Falta de Atenção à Condução";"Colisão com objeto estático";"Sem Vítimas";"Pleno dia";"Crescente";"Céu Claro";"Dupla";"Reta";"Não";1;0;0;0;1;0;0;1;-6,856615;-35,13444297;"SPRF-PB";"DEL01-PB";"UOP04-DEL01-PB"
225594;2019-07-30;"terça-feira";"11:15:00";"PR";277;730;"FOZ DO IGUACU";"Não guardar distância de segurança";"Colisão traseira";"Sem Vítimas";"Pleno dia";"Decrescente";"Céu Claro";"Simples";"Declive";"Sim";3;0;0;0;3;0;0;2;-25,50826305;-54,59238593;"SPRF-PR";"DEL05-PR";"UOP03-DEL05-PR"
225595;2019-07-30;"terça-feira";"11:00:00";"PR";469;15,3;"FOZ DO IGUACU";"Falta de Atenção à Condução";"Colisão transversal";"Com Vítimas Feridas";"Pleno dia";"Decrescente";"Sol";"Simples";"Aclive;Curva";"Sim";2;0;0;1;1;0;1;2;-25,58175626;-54,52783942;"SPRF-PR";"DEL05-PR";"UOP04-DEL05-PR"
225598;2019-07-30;"terça-feira";"09:40:00";"BA";101;909,3;"NOVA VICOSA";"Falta de Atenção à Condução";"Colisão com objeto estático";"Com Vítimas Feridas";"Pleno dia";"Crescente";"Céu Claro";"Simples";"Reta";"Não";2;0;2;0;0;0;2;1;-17,99510701;-39,86038885;"SPRF-BA";"DEL09-BA";"UOP02-DEL09-BA"
225599;2019-07-30;"terça-feira";"11:20:00";"ES";101;298,8;"VIANA";"Velocidade Incompatível";"Atropelamento de Pedestre";"Com Vítimas Feridas";"Pleno dia";"Decrescente";"Céu Claro";"Dupla";"Curva";"Sim";2;0;1;0;0;1;1;2;-20,35374444;-40,4156433;"SPRF-ES";"DEL01-ES";"UOP01-DEL01-ES"
225600;2019-06-28;"sexta-feira";"17:00:00";"MG";365;50;"CLARO DOS POCOES";"Falta de Atenção à Condução";"Queda de ocupante de veículo";"Com Vítimas Feridas";"Pleno dia";"Crescente";"Céu Claro";"Simples";"Reta";"Não";2;0;1;1;0;0;2;1;-16,94104479;-44,24047652;"SPRF-MG";"DEL12-MG";"UOP01-DEL12-MG"
225601;2019-07-30;"terça-feira";"12:10:00";"PB";230;85,1;"CALDAS BRANDAO";"Velocidade Incompatível";"Engavetamento";"Com Vítimas Feridas";"Pleno dia";"Crescente";"Céu Claro";"Dupla";"Interseção de Vias;Reta";"Sim";4;0;2;0;2;0;2;3;-7,1652;-35,3534;"SPRF-PB";"DEL01-PB";"UOP03-DEL01-PB"
225610;2019-07-30;"terça-feira";"10:30:00";"MT";70;572,6;"POCONE";"Defeito Mecânico no Veículo";"Incêndio";"Sem Vítimas";"Pleno dia";"Crescente";"Céu Claro";"Simples";"Reta";"Não";1;0;0;0;1;0;0;1;-15,75123762;-56,56789919;"SPRF-MT";"DEL03-MT";"UOP02-DEL03-MT"
225611;2019-07-30;"terça-feira";"13:30:00";"GO";153;498,5;"GOIANIA";"Agressão Externa";"Queda de ocupante de veículo";"Com Vítimas Feridas";"Pleno dia";"Decrescente";"Céu Claro";"Dupla";"Reta";"Sim";1;0;1;0;0;0;1;1;-16,6939;-49,2321;"SPRF-GO";"DEL01-GO";"UOP01-DEL01-GO"
225612;2019-07-30;"terça-feira";"08:50:00";"PE";101;34;"ITAPISSUMA";"Velocidade Incompatível";"Saída de leito carroçável";"Sem Vítimas";"Pleno dia";"Crescente";"Céu Claro";"Dupla";"Retorno Regulamentado";"Não";1;0;0;0;0;1;0;1;-7,77092801;-34,93524623;"SPRF-PE";"DEL01-PE";"UOP02-DEL01-PE"
225613;2019-07-26;"sexta-feira";"07:43:00";"RO";364;346;"JI-PARANA";"Falta de Atenção do Pedestre";"Atropelamento de Pedestre";"Com Vítimas Feridas";"Pleno dia";"Decrescente";"Céu Claro";"Dupla";"Reta";"Sim";2;0;0;1;1;0;1;2;-10,865874;-61,968647;"SPRF-RO";"DEL02-RO";"UOP01-DEL02-RO"
225615;2019-07-30;"terça-feira";"13:30:00";"SC";101;135;"BALNEARIO CAMBORIU";"Falta de Atenção à Condução";"Colisão traseira";"Com Vítimas Feridas";"Pleno dia";"Decrescente";"Nublado";"Dupla";"Reta";"Não";3;0;1;0;2;0;1;3;-27,0050108;-48,62677494;"SPRF-SC";"DEL04-SC";"UOP03-DEL04-SC"
225616;2019-07-30;"terça-feira";"14:00:00";"PR";476;124,4;"CURITIBA";"Não guardar distância de segurança";"Colisão traseira";"Sem Vítimas";"Pleno dia";"Crescente";"Garoa/Chuvisco";"Dupla";"Reta;Declive";"Sim";2;0;0;0;2;0;0;2;-25,40354136;-49,21747327;"SPRF-PR";"DEL01-PR";"UOP07-DEL01-PR"
225617;2019-07-30;"terça-feira";"15:15:00";"PR";277;28;"MORRETES";"Falta de Atenção à Condução";"Queda de ocupante de veículo";"Com Vítimas Feridas";"Pleno dia";"Decrescente";"Céu Claro";"Dupla";"Reta";"Não";1;0;1;0;0;0;1;1;-25,52874613;-48,73512603;"SPRF-PR";"DEL01-PR";"UOP05-DEL01-PR"
225619;2019-06-30;"domingo";"02:40:00";"SP";153;331;"SALTO GRANDE";"Falta de Atenção à Condução";"Saída de leito carroçável";"Com Vítimas Fatais";"Plena Noite";"Crescente";"Céu Claro";"Simples";"Reta";"Não";2;1;0;0;0;1;0;2;-22,862711;-49,88959271;"SPRF-SP";"DEL07-SP";"UOP03-DEL07-SP"
225621;2019-07-30;"terça-feira";"13:48:00";"RS";293;414;"QUARAI";"Falta de Atenção à Condução";"Colisão transversal";"Com Vítimas Fatais";"Pleno dia";"Decrescente";"Céu Claro";"Simples";"Reta";"Não";2;1;0;1;0;0;1;2;-30,5125346;-56,18194872;"SPRF-RS";"DEL11-RS";"UOP01-DEL11-RS"
225622;2019-07-30;"terça-feira";"14:00:00";"SC";280;189,9;"MAFRA";"Pista Escorregadia";"Saída de leito carroçável";"Com Vítimas Feridas";"Pleno dia";"Decrescente";"Céu Claro";"Simples";"Curva";"Não";1;0;1;0;0;0;1;1;-26,17527846;-49,97184598;"SPRF-SC";"DEL06-SC";"UOP01-DEL06-SC"
225623;2019-07-30;"terça-feira";"15:30:00";"PR";277;522,2;"GUARANIACU";"Falta de Atenção à Condução";"Colisão transversal";"Com Vítimas Feridas";"Pleno dia";"Crescente";"Sol";"Simples";"Interseção de Vias";"Não";3;0;1;0;2;0;1;2;-25,11018112;-52,85167802;"SPRF-PR";"DEL04-PR";"UOP04-DEL04-PR"
225624;2019-07-30;"terça-feira";"11:55:00";"RJ";356;89;"CARDOSO MOREIRA";"Objeto estático sobre o leito carroçável";"Capotamento";"Com Vítimas Feridas";"Pleno dia";"Crescente";"Sol";"Simples";"Curva";"Não";3;0;2;0;1;0;2;1;-21,50033077;-41,61475887;"SPRF-RJ";"DEL08-RJ";"UOP03-DEL08-RJ"
225625;2019-07-30;"terça-feira";"15:00:00";"RO";364;197;"PIMENTA BUENO";"Não guardar distância de segurança";"Colisão traseira";"Com Vítimas Feridas";"Pleno dia";"Decrescente";"Céu Claro";"Simples";"Reta";"Não";2;0;1;0;1;0;1;2;-11,67880278;-61,1878925;"SPRF-RO";"DEL02-RO";"UOP02-DEL02-RO"
225626;2019-07-30;"terça-feira";"15:40:00";"PE";428;188;"PETROLINA";"Não guardar distância de segurança";"Colisão traseira";"Sem Vítimas";"Pleno dia";"Crescente";"Céu Claro";"Simples";"Interseção de Vias";"Sim";2;0;0;0;2;0;0;2;-9,36400596;-40,48266808;"SPRF-PE";"DEL06-PE";"UOP01-DEL06-PE"
225627;2019-07-30;"terça-feira";"16:30:00";"CE";222;311;"TIANGUA";"Falta de Atenção à Condução";"Colisão transversal";"Com Vítimas Feridas";"Pleno dia";"Crescente";"Céu Claro";"Simples";"Reta";"Sim";2;0;1;0;0;1;1;2;-3,70670595;-40,97707006;"SPRF-CE";"DEL04-CE";"UOP02-DEL04-CE"
225629;2019-07-30;"terça-feira";"16:10:00";"TO";153;136;"ARAGUAINA";"Desobediência às normas de trânsito pelo condutor";"Colisão transversal";"Com Vítimas Feridas";"Pleno dia";"Decrescente";"Sol";"Dupla";"Rotatória;Reta";"Sim";4;0;1;0;2;1;1;2;-7,137507;-48,200943;"SPRF-TO";"DEL02-TO";"UOP01-DEL02-TO"
225630;2019-07-30;"terça-feira";"14:15:00";"SC";282;220,5;"LAGES";"Falta de Atenção do Pedestre";"Atropelamento de Pedestre";"Com Vítimas Feridas";"Pleno dia";"Crescente";"Céu Claro";"Simples";"Rotatória";"Sim";2;0;1;0;1;0;1;2;-27,79499003;-50,33882255;"SPRF-SC";"DEL05-SC";"UOP01-DEL05-SC"
225632;2019-07-30;"terça-feira";"16:45:00";"SE";235;45,2;"ITABAIANA";"Deficiência ou não Acionamento do Sistema de Iluminação/Sinalização do Veículo";"Colisão traseira";"Com Vítimas Feridas";"Pleno dia";"Crescente";"Nublado";"Simples";"Reta;Declive";"Não";3;0;1;0;2;0;1;3;-10,746924;-37,399899;"SPRF-SE";"DEL01-SE";"UOP02-DEL01-SE"
225633;2019-07-30;"terça-feira";"14:20:00";"PI";343;556,1;"AMARANTE";"Condutor Dormindo";"Saída de leito carroçável";"Sem Vítimas";"Pleno dia";"Crescente";"Céu Claro";"Simples";"Reta";"Não";1;0;0;0;1;0;0;1;-6,635384;-42,862495;"SPRF-PI";"DEL03-PI";"UOP01-DEL03-PI"
225635;2019-07-30;"terça-feira";"13:55:00";"SP";153;257,3;"MARILIA";"Falta de Atenção à Condução";"Atropelamento de Pedestre";"Com Vítimas Feridas";"Pleno dia";"Crescente";"Sol";"Dupla";"Reta";"Sim";3;0;1;0;1;1;1;2;-22,23982103;-49,91965379;"SPRF-SP";"DEL07-SP";"UOP02-DEL07-SP"
225637;2019-07-30;"terça-feira";"17:00:00";"PR";476;130,5;"CURITIBA";"Não guardar distância de segurança";"Colisão traseira";"Com Vítimas Feridas";"Pleno dia";"Crescente";"Nublado";"Múltipla";"Reta";"Sim";2;0;1;0;1;0;1;2;-25,45303503;-49,24291844;"SPRF-PR";"DEL01-PR";"UOP07-DEL01-PR"
225638;2019-07-30;"terça-feira";"16:59:00";"PB";230;32;"BAYEUX";"Falta de Atenção à Condução";"Colisão traseira";"Com Vítimas Feridas";"Pleno dia";"Crescente";"Céu Claro";"Dupla";"Reta";"Sim";3;0;1;1;1;0;2;2;-7,1424549;-34,91972208;"SPRF-PB";"DEL01-PB";"UOP01-DEL01-PB"
225644;2019-07-30;"terça-feira";"15:55:00";"RJ";116;164;"RIO DE JANEIRO";"Falta de Atenção à Condução";"Capotamento";"Com Vítimas Feridas";"Pleno dia";"Crescente";"Céu Claro";"Dupla";"Reta";"Sim";3;0;3;0;0;0;3;1;-22,81074068;-43,28844363;"SPRF-RJ";"DEL01-RJ";"UOP02-DEL01-RJ"
225647;2019-07-30;"terça-feira";"17:50:00";"MG";381;931;"ITAPEVA";"Falta de Atenção à Condução";"Saída de leito carroçável";"Com Vítimas Feridas";"Plena Noite";"Crescente";"Chuva";"Dupla";"Curva";"Não";2;0;1;0;1;0;1;1;-22,78783542;-46,24280965;"SPRF-MG";"DEL16-MG";"UOP03-DEL16-MG"