"id";"data_inversa";"dia_semana";"horario";"uf";"br";"km";"municipio";"causa_acidente";"tipo_acidente";"classificacao_acidente";"fase_dia";"sentido_via";"condicao_metereologica";"tipo_pista";"tracado_via";"uso_solo";"pessoas";"mortos";"feridos_leves";"feridos_graves";"ilesos";"ignorados";"feridos";"veiculos";"latitude";"longitude";"regional";"delegacia";"uop"
225904;2019-08-01;"quinta-feira";"07:30:00";"MG";116;807,7;"ALEM PARAIBA";"Condutor Dormindo";"Capotamento";"Com Vítimas Feridas";"Pleno dia";"Crescente";"Céu Claro";"Simples";"Reta";"Não";1;0;1;0;0;0;1;1;-21,81324096;-42,69642196;"SPRF-MG";"DEL07-MG";"UOP01-DEL07-MG"
225906;2019-08-01;"quinta-feira";"08:20:00";"SC";470;220;"SAO CRISTOVAO DO SUL";"Ultrapassagem Indevida";"Colisão frontal";"Com Vítimas Fatais";"Pleno dia";"Decrescente";"Céu Claro";"Simples";"Curva";"Não";4;1;0;3;0;0;3;2;-27,309702;-50,30975;"SPRF-SC";"DEL05-SC";"UOP03-DEL05-SC"
225907;2019-08-01;"quinta-feira";"09:00:00";"DF";40;5,4;"BRASILIA";"Falta de Atenção à Condução";"Colisão traseira";"Com Vítimas Feridas";"Pleno dia";"Decrescente";"Céu Claro";"Dupla";"Reta";"Sim";1;0;1;0;0;0;1;1;-16,020903;-47,980541;"SPRF-DF";"DEL01-DF";"UOP01-DEL01-DF"
225908;2019-08-01;"quinta-feira";"09:00:00";"ES";101;256,9;"SERRA";"Falta de Atenção à Condução";"Atropelamento de Pedestre";"Com Vítimas Feridas";"Pleno dia";"Crescente";"Céu Claro";"Múltipla";"Reta";"Sim";2;0;0;1;1;0;1;2;-20,119123;-40,311005;"SPRF-ES";"DEL02-ES";"UOP01-DEL02-ES"
225911;2019-08-01;"quinta-feira";"07:30:00";"MT";163;750,2;"SORRISO";"Falta de Atenção à Condução";"Colisão lateral";"Com Vítimas Feridas";"Pleno dia";"Decrescente";"Céu Claro";"Dupla";"Reta";"Não";2;0;1;0;1;0;1;2;-12,67193506;-55,79367178;"SPRF-MT";"DEL06-MT";"UOP01-DEL06-MT"
225912;2019-08-01;"quinta-feira";"08:30:00";"RO";364;342,9;"JI-PARANA";"Falta de Atenção à Condução";"Colisão traseira";"Com Vítimas Feridas";"Pleno dia";"Crescente";"Céu Claro";"Dupla";"Reta";"Sim";2;0;1;0;1;0;1;2;-10,88381227;-61,93741416;"SPRF-RO";"DEL02-RO";"UOP01-DEL02-RO"
225913;2019-07-20;"sábado";"21:35:00";"MS";163;253,8;"DOURADOS";"Falta de Atenção à Condução";"Saída de leito carroçável";"Com Vítimas Feridas";"Plena Noite";"Decrescente";"Céu Claro";"Dupla";"Interseção de Vias";"Não";1;0;1;0;0;0;1;1;-22,27289429;-54,81812954;"SPRF-MS";"DEL04-MS";"UOP01-DEL04-MS"
225914;2019-08-01;"quinta-feira";"09:15:00";"PE";232;10,6;"JABOATAO DOS GUARARAPES";"Falta de Atenção à Condução";"Colisão transversal";"Com Vítimas Feridas";"Pleno dia";"Decrescente";"Nublado";"Simples";"Curva";"Não";2;0;1;0;1;0;1;2;-8,07917241;-34,98718609;"SPRF-PE";"DEL01-PE";"UOP01-DEL01-PE"
225917;2019-06-15;"sábado";"19:30:00";"SP";381;86;"SAO PAULO";"Defeito Mecânico no Veículo";"Colisão traseira";"Com Vítimas Feridas";"Plena Noite";"Crescente";"Céu Claro";"Dupla";"Curva";"Sim";3;0;2;0;1;0;2;3;-23,45930499;-46,57161179;"SPRF-SP";"DEL03-SP";"UOP01-DEL03-SP"
225920;2019-08-01;"quinta-feira";"10:10:00";"CE";20;416;"MARACANAU";"Pista Escorregadia";"Saída de leito carroçável";"Com Vítimas Feridas";"Pleno dia";"Decrescente";"Céu Claro";"Dupla";"Reta";"Sim";2;0;1;0;1;0;1;1;-3,76999035;-38,67006282;"SPRF-CE";"DEL01-CE";"UOP02-DEL01-CE"
225923;2019-08-01;"quinta-feira";"10:40:00";"PR";376;594,4;"CURITIBA";"Falta de Atenção à Condução";"Colisão traseira";"Com Vítimas Feridas";"Pleno dia";"Decrescente";"Céu Claro";"Dupla";"Reta";"Sim";3;0;1;0;2;0;1;3;-25,48479613;-49,34730331;"SPRF-PR";"DEL01-PR";"UOP06-DEL01-PR"
225925;2019-08-01;"quinta-feira";"11:20:00";"RN";405;150;"PAU DOS FERROS";"Falta de Atenção à Condução";"Colisão transversal";"Sem Vítimas";"Pleno dia";"Crescente";"Céu Claro";"Simples";"Reta";"Sim";2;0;0;0;2;0;0;2;-6,10581398;-38,20595589;"SPRF-RN";"DEL04-RN";"UOP02-DEL04-RN"
225926;2019-08-01;"quinta-feira";"11:45:00";"SE";235;94,3;"FREI PAULO";"Falta de Atenção à Condução";"Saída de leito carroçável";"Com Vítimas Feridas";"Pleno dia";"Decrescente";"Céu Claro";"Simples";"Curva";"Não";1;0;1;0;0;0;1;1;-10,471586;-37,665539;"SPRF-SE";"DEL01-SE";"UOP02-DEL01-SE"
225927;2019-08-01;"quinta-feira";"11:40:00";"PE";104;61;"CARUARU";"Falta de Atenção à Condução";"Colisão traseira";"Com Vítimas Feridas";"Pleno dia";"Crescente";"Nublado";"Dupla";"Interseção de Vias";"Sim";2;0;1;0;1;0;1;2;-8,2529;-35,9751;"SPRF-PE";"DEL02-PE";"UOP01-DEL02-PE"
225928;2019-08-01;"quinta-feira";"11:50:00";"PR";369;192,8;"ARAPONGAS";"Desobediência às normas de trânsito pelo condutor";"Saída de leito carroçável";"Com Vítimas Feridas";"Pleno dia";"Decrescente";"Céu Claro";"Dupla";"Reta";"Não";2;0;1;1;0;0;2;1;-23,477887;-51,423719;"SPRF-PR";"DEL07-PR";"UOP03-DEL07-PR"
225931;2019-08-01;"quinta-feira";"12:00:00";"GO";70;6,1;"AGUAS LINDAS DE GOIAS";"Defeito Mecânico no Veículo";"Colisão traseira";"Com Vítimas Feridas";"Pleno dia";"Decrescente";"Céu Claro";"Dupla";"Reta";"Sim";2;0;1;0;1;0;1;2;-15,74762371;-48,26422691;"SPRF-DF";"DEL01-DF";"UOP02-DEL03-DF"
225934;2019-07-30;"terça-feira";"18:00:00";"RS";285;568;"SAO LUIZ GONZAGA";"Desobediência às normas de trânsito pelo condutor";"Colisão transversal";"Com Vítimas Feridas";"Pleno dia";"Decrescente";"Céu Claro";"Simples";"Curva";"Sim";2;0;1;0;1;0;1;2;-28,414005;-54,976131;"SPRF-RS";"DEL12-RS";"UOP01-DEL12-RS"
225936;2019-08-01;"quinta-feira";"12:30:00";"PE";101;182;"PALMARES";"Condutor Dormindo";"Colisão traseira";"Com Vítimas Feridas";"Pleno dia";"Crescente";"Chuva";"Dupla";"Reta";"Sim";2;0;0;1;1;0;1;2;-8,65284995;-35,5638211;"SPRF-PE";"DEL01-PE";"UOP03-DEL01-PE"
225937;2019-08-01;"quinta-feira";"12:45:00";"PI";316;8,7;"TERESINA";"Falta de Atenção à Condução";"Colisão traseira";"Com Vítimas Feridas";"Pleno dia";"Crescente";"Sol";"Simples";"Reta";"Sim";3;0;2;0;1;0;2;2;-5,16483402;-42,76899508;"SPRF-PI";"DEL01-PI";"UOP02-DEL01-PI"
225940;2019-08-01;"quinta-feira";"12:30:00";"PR";476;142;"CURITIBA";"Não guardar distância de segurança";"Colisão traseira";"Com Vítimas Feridas";"Pleno dia";"Decrescente";"Céu Claro";"Dupla";"Reta";"Sim";4;0;1;0;3;0;1;3;-25,537161;-49,301632;"SPRF-PR";"DEL01-PR";"UOP03-DEL01-PR"
225943;2019-08-01;"quinta-feira";"13:00:00";"RS";116;153,2;"CAXIAS DO SUL";"Falta de Atenção à Condução";"Saída de leito carroçável";"Com Vítimas Feridas";"Pleno dia";"Crescente";"Céu Claro";"Simples";"Curva";"Sim";1;0;1;0;0;0;1;1;-29,18579758;-51,17713005;"SPRF-RS";"DEL05-RS";"UOP01-DEL05-RS"
225946;2019-07-28;"domingo";"20:00:00";"AM";319;46;"CAREIRO";"Animais na Pista";"Atropelamento de Animal";"Com Vítimas Feridas";"Plena Noite";"Decrescente";"Nublado";"Simples";"Reta";"Não";6;0;1;0;4;1;1;2;-3,42531175;-59,94979006;"SPRF-AM";"DEL01-AM";"UOP04-DEL01-AM"
225948;2019-07-12;"sexta-feira";"23:00:00";"SP";153;230;"MARILIA";"Defeito Mecânico no Veículo";"Incêndio";"Com Vítimas Feridas";"Plena Noite";"Crescente";"Céu Claro";"Simples";"Reta";"Não";1;0;1;0;0;0;1;1;-22,08561679;-49,90113471;"SPRF-SP";"DEL07-SP";"UOP02-DEL07-SP"
225949;2019-08-01;"quinta-feira";"13:00:00";"RO";364;237,3;"CACOAL";"Falta de Atenção à Condução";"Colisão transversal";"Com Vítimas Feridas";"Pleno dia";"Crescente";"Sol";"Simples";"Retorno Regulamentado";"Sim";3;0;2;0;1;0;2;2;-11,440825;-61,45097494;"SPRF-RO";"DEL02-RO";"UOP02-DEL02-RO"
225953;2019-08-01;"quinta-feira";"14:10:00";"GO";153;493;"GOIANIA";"Avarias e/ou desgaste excessivo no pneu";"Queda de ocupante de veículo";"Com Vítimas Feridas";"Pleno dia";"Decrescente";"Céu Claro";"Dupla";"Aclive";"Não";2;0;1;0;1;0;1;1;-16,6537;-49,2172;"SPRF-GO";"DEL01-GO";"UOP01-DEL01-GO"
225954;2019-08-01;"quinta-feira";"11:50:00";"SC";280;55,3;"GUARAMIRIM";"Falta de Atenção à Condução";"Colisão lateral";"Com Vítimas Feridas";"Pleno dia";"Crescente";"Sol";"Simples";"Reta";"Sim";2;0;1;0;1;0;1;2;-26,47733408;-48,99701715;"SPRF-SC";"DEL03-SC";"UOP03-DEL03-SC"
225955;2019-08-01;"quinta-feira";"13:45:00";"PR";369;147,2;"LONDRINA";"Desobediência às normas de trânsito pelo condutor";"Colisão transversal";"Com Vítimas Feridas";"Pleno dia";"Decrescente";"Céu Claro";"Dupla";"Interseção de Vias";"Sim";2;0;1;0;1;0;1;2;-23,2927694;-51,1347306;"SPRF-PR";"DEL07-PR";"UOP01-DEL07-PR"
225956;2019-07-20;"sábado";"19:40:00";"SC";101;204,9;"SAO JOSE";"Desobediência às normas de trânsito pelo condutor";"Colisão lateral";"Com Vítimas Feridas";"Plena Noite";"Decrescente";"Céu Claro";"Dupla";"Reta";"Sim";2;0;1;0;1;0;1;2;-27,57413014;-48,61363083;"SPRF-SC";"DEL01-SC";"UOP01-DEL01-SC"
225957;2019-07-20;"sábado";"09:09:00";"MS";163;487;"CAMPO GRANDE";"Falta de Atenção à Condução";"Colisão transversal";"Com Vítimas Feridas";"Pleno dia";"Decrescente";"Céu Claro";"Simples";"Reta";"Sim";2;0;1;0;1;0;1;2;-20,42493093;-54,54550758;"SPRF-MS";"DEL01-MS";"UOP02-DEL01-MS"
225958;2019-08-01;"quinta-feira";"14:30:00";"PE";101;195;"PALMARES";"Condutor Dormindo";"Saída de leito carroçável";"Com Vítimas Feridas";"Pleno dia";"Decrescente";"Chuva";"Dupla";"Reta";"Não";2;0;0;2;0;0;2;1;-8,73912213;-35,60879033;"SPRF-PE";"DEL01-PE";"UOP03-DEL01-PE"
225959;2019-08-01;"quinta-feira";"14:40:00";"MG";40;526;"CONTAGEM";"Desobediência às normas de trânsito pelo condutor";"Colisão traseira";"Com Vítimas Feridas";"Pleno dia";"Decrescente";"Sol";"Múltipla";"Reta";"Sim";3;0;0;1;0;2;1;3;-19,89255399;-44,04985478;"SPRF-MG";"DEL01-MG";"UOP02-DEL01-MG"
225961;2019-07-09;"terça-feira";"23:00:00";"PR";277;350;"GUARAPUAVA";"Desobediência às normas de trânsito pelo condutor";"Colisão traseira";"Sem Vítimas";"Plena Noite";"Crescente";"Céu Claro";"Simples";"Reta";"Sim";2;0;0;0;2;0;0;2;-25,390621;-51,521241;"SPRF-PR";"DEL03-PR";"UOP01-DEL08-PR"
225962;2019-08-01;"quinta-feira";"14:35:00";"DF";20;23;"BRASILIA";"Pista Escorregadia";"Queda de ocupante de veículo";"Com Vítimas Feridas";"Pleno dia";"Decrescente";"Céu Claro";"Dupla";"Reta";"Sim";1;0;1;0;0;0;1;1;-15,595297;-47,667912;"SPRF-DF";"DEL02-DF";"UOP01-DEL02-DF"
225963;2019-08-01;"quinta-feira";"15:05:00";"RJ";116;177;"NOVA IGUACU";"Falta de Atenção à Condução";"Colisão lateral";"Com Vítimas Feridas";"Pleno dia";"Decrescente";"Céu Claro";"Múltipla";"Reta";"Sim";2;0;1;0;0;1;1;2;-22,78055198;-43,39208599;"SPRF-RJ";"DEL01-RJ";"UOP02-DEL01-RJ"
225965;2019-08-01;"quinta-feira";"14:50:00";"GO";60;25,8;"ALEXANIA";"Pista Escorregadia";"Saída de leito carroçável";"Sem Vítimas";"Pleno dia";"Crescente";"Céu Claro";"Dupla";"Reta";"Não";3;0;0;0;3;0;0;1;-16,11467802;-48,43700409;"SPRF-DF";"DEL01-DF";"UOP01-DEL03-DF"
225966;2019-08-01;"quinta-feira";"14:30:00";"MG";381;486;"BETIM";"Falta de Atenção à Condução";"Tombamento";"Com Vítimas Feridas";"Pleno dia";"Crescente";"Céu Claro";"Dupla";"Curva";"Sim";1;0;1;0;0;0;1;1;-19,95644414;-44,13611598;"SPRF-MG";"DEL01-MG";"UOP03-DEL01-MG"
225968;2019-07-31;"quarta-feira";"21:30:00";"GO";153;272;"NOVA GLORIA";"Fenômenos da Natureza";"Incêndio";"Com Vítimas Feridas";"Plena Noite";"Crescente";"Céu Claro";"Simples";"Reta";"Não";2;0;2;0;0;0;2;1;-15,085253;-49,465706;"SPRF-GO";"DEL07-GO";"UOP02-DEL07-GO"
225971;2019-08-01;"quinta-feira";"13:00:00";"MS";267;36,6;"BATAGUASSU";"Condutor Dormindo";"Colisão com objeto estático";"Com Vítimas Feridas";"Pleno dia";"Decrescente";"Céu Claro";"Simples";"Aclive";"Não";1;0;1;0;0;0;1;1;-21,75259789;-52,4790051;"SPRF-MS";"DEL02-MS";"UOP04-DEL02-MS"
225972;2019-08-01;"quinta-feira";"16:40:00";"RN";101;94,5;"NATAL";"Não guardar distância de segurança";"Colisão traseira";"Com Vítimas Feridas";"Pleno dia";"Crescente";"Céu Claro";"Múltipla";"Viaduto";"Sim";2;0;1;0;1;0;1;2;-5,83176615;-35,21191342;"SPRF-RN";"DEL01-RN";"UOP01-DEL01-RN"
225974;2019-08-01;"quinta-feira";"16:20:00";"BA";418;51;"CARAVELAS";"Falta de Atenção do Pedestre";"Atropelamento de Pedestre";"Com Vítimas Feridas";"Pleno dia";"Crescente";"Sol";"Simples";"Reta";"Não";3;0;1;2;0;0;3;2;-17,7342718;-39,5532011;"SPRF-BA";"DEL09-BA";"UOP02-DEL09-BA"
225976;2019-08-01;"quinta-feira";"15:00:00";"MG";364;4,2;"PLANURA";"Restrição de Visibilidade";"Colisão frontal";"Com Vítimas Feridas";"Pleno dia";"Decrescente";"Céu Claro";"Simples";"Reta";"Sim";3;0;2;0;1;0;2;3;-20,13824;-48,702347;"SPRF-MG";"DEL13-MG";"UOP02-DEL13-MG"
225977;2019-08-01;"quinta-feira";"17:05:00";"SC";101;134;"BALNEARIO CAMBORIU";"Desobediência às normas de trânsito pelo condutor";"Colisão traseira";"Com Vítimas Feridas";"Pleno dia";"Crescente";"Céu Claro";"Simples";"Reta";"Sim";2;0;1;0;1;0;1;2;-27,00218;-48,636433;"SPRF-SC";"DEL04-SC";"UOP03-DEL04-SC"
225979;2019-08-01;"quinta-feira";"16:00:00";"SC";280;27,2;"ARAQUARI";"Desobediência às normas de trânsito pelo condutor";"Colisão transversal";"Com Vítimas Feridas";"Pleno dia";"Decrescente";"Sol";"Simples";"Reta";"Sim";3;0;1;0;2;0;1;2;-26,39807797;-48,74103785;"SPRF-SC";"DEL03-SC";"UOP03-DEL03-SC"
225980;2019-07-28;"domingo";"15:00:00";"BA";116;15;"VITORIA DA CONQUISTA";"Ingestão de Álcool";"Colisão lateral";"Sem Vítimas";"Pleno dia";"Decrescente";"Nublado";"Simples";"Reta";"Não";2;0;0;0;2;0;0;2;-14,851;-40,8485;"SPRF-BA";"DEL08-BA";"UOP01-DEL08-BA"
225981;2019-08-01;"quinta-feira";"16:30:00";"PR";476;342,9;"PAULA FREITAS";"Não guardar distância de segurança";"Colisão traseira";"Com Vítimas Feridas";"Pleno dia";"Decrescente";"Céu Claro";"Simples";"Reta";"Sim";2;0;1;0;1;0;1;1;-26,175089;-50,915919;"SPRF-PR";"DEL02-PR";"UOP04-DEL02-PR"
225983;2019-08-01;"quinta-feira";"17:10:00";"RJ";101;300,2;"SAO GONCALO";"Defeito Mecânico no Veículo";"Incêndio";"Sem Vítimas";"Anoitecer";"Crescente";"Céu Claro";"Dupla";"Aclive";"Sim";1;0;0;0;1;0;0;1;-22,77645713;-42,94783697;"SPRF-RJ";"DEL02-RJ";"DEL5/2-UOP04/RJ"
225984;2019-08-01;"quinta-feira";"17:20:00";"MG";40;810;"MATIAS BARBOSA";"Sinalização da via insuficiente ou inadequada";"Colisão transversal";"Com Vítimas Feridas";"Pleno dia";"Decrescente";"Céu Claro";"Simples";"Interseção de Vias";"Não";2;0;2;0;0;0;2;2;-21,89186343;-43,28603429;"SPRF-MG";"DEL05-MG";"UOP01-DEL05-MG"
225985;2019-08-01;"quinta-feira";"15:40:00";"AC";364;136;"RIO BRANCO";"Falta de Atenção à Condução";"Atropelamento de Pedestre";"Com Vítimas Feridas";"Pleno dia";"Decrescente";"Céu Claro";"Dupla";"Reta";"Sim";4;0;1;0;3;0;1;2;-9,977578;-67,8489;"SPRF-AC";"DEL01-AC";"UOP01-DEL01-AC"
225986;2019-08-01;"quinta-feira";"17:00:00";"ES";101;148;"LINHARES";"Falta de Atenção à Condução";"Colisão transversal";"Com Vítimas Feridas";"Pleno dia";"Crescente";"Céu Claro";"Simples";"Reta";"Não";2;0;1;0;1;0;1;2;-19,38787399;-40,06752766;"SPRF-ES";"DEL04-ES";"UOP01-DEL04-ES"
225987;2019-08-01;"quinta-feira";"17:05:00";"SC";101;285;"IMBITUBA";"Falta de Atenção à Condução";"Saída de leito carroçável";"Com Vítimas Feridas";"Pleno dia";"Crescente";"Céu Claro";"Dupla";"Reta";"Não";1;0;1;0;0;0;1;1;-28,22116606;-48,70063047;"SPRF-SC";"DEL02-SC";"UOP03-DEL02-SC"
225988;2019-08-01;"quinta-feira";"17:50:00";"SC";470;4;"NAVEGANTES";"Não guardar distância de segurança";"Colisão traseira";"Com Vítimas Feridas";"Anoitecer";"Crescente";"Céu Claro";"Simples";"Reta";"Sim";2;0;1;0;1;0;1;2;-26,858473;-48,690788;"SPRF-SC";"DEL04-SC";"UOP04-DEL04-SC"
225989;2019-08-01;"quinta-feira";"09:35:00";"SC";470;141,2;"RIO DO SUL";"Desobediência às normas de trânsito pelo condutor";"Colisão transversal";"Com Vítimas Feridas";"Pleno dia";"Decrescente";"Céu Claro";"Simples";"Reta";"Não";3;0;2;0;1;0;2;2;-27,226065;-49,666161;"SPRF-SC";"DEL04-SC";"UOP02-DEL04-SC"
225990;2019-08-01;"quinta-feira";"18:00:00";"CE";116;59,3;"CHOROZINHO";"Defeito Mecânico no Veículo";"Queda de ocupante de veículo";"Com Vítimas Feridas";"Plena Noite";"Crescente";"Céu Claro";"Simples";"Declive;Reta";"Não";1;0;1;0;0;0;1;1;-4,250278;-38,484818;"SPRF-CE";"DEL03-CE";"UOP02-DEL03-CE"
225991;2019-08-01;"quinta-feira";"17:50:00";"BA";367;23,8;"PORTO SEGURO";"Desobediência às normas de trânsito pelo condutor";"Colisão transversal";"Com Vítimas Feridas";"Anoitecer";"Crescente";"Céu Claro";"Simples";"Interseção de Vias";"Sim";2;0;1;0;1;0;1;2;-16,43517732;-39,07201198;"SPRF-BA";"DEL09-BA";"UOP01-DEL09-BA"
225992;2019-08-01;"quinta-feira";"17:19:00";"PE";407;129;"PETROLINA";"Não guardar distância de segurança";"Colisão traseira";"Com Vítimas Feridas";"Pleno dia";"Crescente";"Céu Claro";"Dupla";"Curva";"Sim";2;0;1;0;0;1;1;2;-9,39958299;-40,50459298;"SPRF-PE";"DEL06-PE";"UOP01-DEL06-PE"
225993;2019-08-01;"quinta-feira";"15:00:00";"TO";242;480;"FORMOSO DO ARAGUAIA";"Falta de Atenção à Condução";"Saída de leito carroçável";"Com Vítimas Fatais";"Pleno dia";"Decrescente";"Sol";"Simples";"Reta";"Não";1;1;0;0;0;0;0;1;-11,79002591;-49,77244997;"SPRF-TO";"DEL02-TO";"UOP02-DEL01-TO"
225994;2019-08-01;"quinta-feira";"18:10:00";"RJ";40;112;"DUQUE DE CAXIAS";"Falta de Atenção à Condução";"Colisão traseira";"Com Vítimas Feridas";"Plena Noite";"Decrescente";"Céu Claro";"Múltipla";"Reta";"Sim";2;0;1;0;1;0;1;2;-22,7004454;-43,29014851;"SPRF-RJ";"DEL01-RJ";"UOP01-DEL01-RJ"
225995;2019-08-01;"quinta-feira";"18:20:00";"RJ";465;2;"SEROPEDICA";"Falta de Atenção à Condução";"Queda de ocupante de veículo";"Com Vítimas Feridas";"Plena Noite";"Crescente";"Céu Claro";"Simples";"Reta";"Não";1;0;1;0;0;0;1;1;-22,727266;-43,718712;"SPRF-RJ";"DEL01-RJ";"UOP01-DEL01-MS"
225998;2019-08-01;"quinta-feira";"17:20:00";"MT";174;78;"CACERES";"Defeito na Via";"Colisão com objeto em movimento";"Sem Vítimas";"Pleno dia";"Crescente";"Céu Claro";"Simples";"Reta";"Não";1;0;0;0;1;0;0;1;-15,9979582;-57,74859731;"SPRF-MT";"DEL03-MT";"UOP01-DEL03-MT"
225999;2019-08-01;"quinta-feira";"19:00:00";"SP";116;274;"TABOAO DA SERRA";"Falta de Atenção à Condução";"Colisão lateral";"Com Vítimas Feridas";"Anoitecer";"Decrescente";"Céu Claro";"Dupla";"Reta";"Sim";3;0;2;0;1;0;2;2;-23,63445084;-46,82418514;"SPRF-SP";"DEL04-SP";"UOP01-DEL04-SP"
226001;2019-08-01;"quinta-feira";"17:20:00";"MG";262;443,5;"NOVA SERRANA";"Falta de Atenção à Condução";"Atropelamento de Pedestre";"Com Vítimas Feridas";"Pleno dia";"Decrescente";"Sol";"Dupla";"Reta";"Sim";3;0;2;0;1;0;2;2;-19,88065393;-44,92197102;"SPRF-MG";"DEL08-MG";"UOP03-DEL08-MG"
226004;2019-07-29;"segunda-feira";"07:40:00";"MG";50;42;"ARAGUARI";"Sinalização da via insuficiente ou inadequada";"Queda de ocupante de veículo";"Com Vítimas Feridas";"Pleno dia";"Crescente";"Céu Claro";"Dupla";"Curva";"Não";1;0;0;1;0;0;1;1;-18,69101412;-48,18009275;"SPRF-MG";"DEL15-MG";"UOP02-DEL15-MG"
226006;2019-08-01;"quinta-feira";"19:20:00";"RJ";101;65,3;"CAMPOS DOS GOYTACAZES";"Desobediência às normas de trânsito pelo condutor";"Colisão transversal";"Sem Vítimas";"Anoitecer";"Crescente";"Céu Claro";"Dupla";"Interseção de Vias";"Não";2;0;0;0;2;0;0;2;-21,75371806;-41,344292;"SPRF-RJ";"DEL08-RJ";"UOP02-DEL08-RJ"
226007;2019-08-01;"quinta-feira";"18:00:00";"PI";230;307,5;"FLORIANO";"Desobediência às normas de trânsito pelo condutor";"Colisão lateral";"Com Vítimas Feridas";"Plena Noite";"Decrescente";"Céu Claro";"Simples";"Reta";"Sim";3;0;1;1;0;1;2;2;-6,78667452;-42,99358035;"SPRF-PI";"DEL03-PI";"UOP01-DEL03-PI"
226008;2019-08-01;"quinta-feira";"19:00:00";"MG";40;508;"RIBEIRAO DAS NEVES";"Desobediência às normas de trânsito pelo condutor";"Atropelamento de Pedestre";"Com Vítimas Feridas";"Plena Noite";"Crescente";"Céu Claro";"Dupla";"Reta";"Não";2;0;1;0;1;0;1;2;-19,76061249;-44,1347544;"SPRF-MG";"DEL02-MG";"UOP01-DEL02-MG"
226010;2019-08-01;"quinta-feira";"18:10:00";"SC";101;87;"BARRA VELHA";"Defeito Mecânico no Veículo";"Incêndio";"Sem Vítimas";"Plena Noite";"Crescente";"Céu Claro";"Múltipla";"Curva";"Sim";1;0;0;0;1;0;0;1;-26,63713377;-48,69651057;"SPRF-SC";"DEL03-SC";"UOP02-DEL03-SC"
226011;2019-08-01;"quinta-feira";"19:25:00";"PR";476;160;"ARAUCARIA";"Ingestão de Álcool";"Colisão transversal";"Sem Vítimas";"Plena Noite";"Decrescente";"Céu Claro";"Simples";"Reta;Declive";"Sim";2;0;0;0;2;0;0;2;-25,619013;-49,440125;"SPRF-PR";"DEL01-PR";"UOP06-DEL01-PR"
226012;2019-08-01;"quinta-feira";"19:40:00";"PR";158;508,2;"CORONEL VIVIDA";"Ingestão de Álcool";"Colisão frontal";"Com Vítimas Feridas";"Plena Noite";"Crescente";"Céu Claro";"Simples";"Reta";"Sim";6;0;6;0;0;0;6;2;-26,02574403;-52,58565784;"SPRF-PR";"DEL02-PR";"UOP01-DEL02-PR"
226013;2019-08-01;"quinta-feira";"14:30:00";"RJ";40;73;"PETROPOLIS";"Pista Escorregadia";"Tombamento";"Com Vítimas Feridas";"Pleno dia";"Decrescente";"Nublado";"Dupla";"Reta";"Não";1;0;1;0;0;0;1;1;-22,46352401;-43,22321103;"SPRF-RJ";"DEL06-RJ";"UOP01-DEL06-RJ"
226014;2019-08-01;"quinta-feira";"19:00:00";"BA";110;249;"OLINDINA";"Ingestão de Álcool";"Colisão lateral";"Sem Vítimas";"Plena Noite";"Decrescente";"Céu Claro";"Simples";"Curva";"Não";2;0;0;0;1;1;0;2;-11,42921548;-38,28907013;"SPRF-BA";"DEL01-BA";"UOP04-DEL01-BA"
226015;2019-08-01;"quinta-feira";"20:10:00";"SC";116;217;"PONTE ALTA";"Desobediência às normas de trânsito pelo condutor";"Colisão transversal";"Com Vítimas Feridas";"Plena Noite";"Crescente";"Céu Claro";"Simples";"Curva";"Sim";2;0;0;1;1;0;1;2;-27,55447701;-50,37698044;"SPRF-SC";"DEL05-SC";"UOP03-DEL05-SC"
226016;2019-08-01;"quinta-feira";"09:20:00";"RO";364;863;"PORTO VELHO";"Defeito na Via";"Colisão transversal";"Com Vítimas Feridas";"Pleno dia";"Crescente";"Sol";"Simples";"Reta;Aclive";"Não";4;0;1;0;3;0;1;2;-9,54862776;-64,83846429;"SPRF-RO";"DEL01-RO";"UOP02-DEL01-RO"
226018;2019-08-01;"quinta-feira";"19:58:00";"ES";101;262,2;"SERRA";"Ingestão de Álcool";"Colisão traseira";"Sem Vítimas";"Plena Noite";"Decrescente";"Céu Claro";"Dupla";"Reta";"Sim";2;0;0;0;2;0;0;2;-20,1572331;-40,27678329;"SPRF-ES";"DEL02-ES";"UOP01-DEL02-ES"
226019;2019-08-01;"quinta-feira";"20:00:00";"SP";116;103;"TAUBATE";"Avarias e/ou desgaste excessivo no pneu";"Queda de ocupante de veículo";"Com Vítimas Feridas";"Plena Noite";"Decrescente";"Céu Claro";"Dupla";"Declive";"Não";1;0;1;0;0;0;1;1;-22,99919465;-45,49788917;"SPRF-SP";"DEL06-SP";"UOP01-DEL06-SP"
226020;2019-08-01;"quinta-feira";"19:40:00";"GO";60;46,3;"APARECIDA DE GOIANIA";"Falta de Atenção à Condução";"Colisão lateral";"Com Vítimas Feridas";"Plena Noite";"Decrescente";"Céu Claro";"Dupla";"Reta";"Sim";3;0;1;0;1;1;1;3;-16,8101;-49,2397;"SPRF-GO";"DEL01-GO";"UOP03-DEL01-GO"
226023;2019-08-01;"quinta-feira";"19:15:00";"SC";101;344,4;"TUBARAO";"Falta de Atenção à Condução";"Saída de leito carroçável";"Com Vítimas Feridas";"Plena Noite";"Crescente";"Céu Claro";"Dupla";"Reta";"Não";2;0;2;0;0;0;2;1;-28,5495447;-49,0542984;"SPRF-SC";"DEL02-SC";"UOP01-DEL02-SC"