"id";"data_inversa";"dia_semana";"horario";"uf";"br";"km";"municipio";"causa_acidente";"tipo_acidente";"classificacao_acidente";"fase_dia";"sentido_via";"condicao_metereologica";"tipo_pista";"tracado_via";"uso_solo";"pessoas";"mortos";"feridos_leves";"feridos_graves";"ilesos";"ignorados";"feridos";"veiculos";"latitude";"longitude";"regional";"delegacia";"uop"
226027;2019-08-01;"quinta-feira";"21:15:00";"RS";290;144,5;"ELDORADO DO SUL";"Falta de Atenção à Condução";"Colisão transversal";"Com Vítimas Feridas";"Plena Noite";"Crescente";"Chuva";"Simples";"Reta";"Sim";3;0;0;2;1;0;2;2;-30,096939;-51,647282;"SPRF-RS";"DEL02-RS";"UOP01-DEL02-RS"
226028;2019-08-01;"quinta-feira";"20:50:00";"PB";230;1,5;"CABEDELO";"Ingestão de Álcool";"Colisão transversal";"Sem Vítimas";"Plena Noite";"Decrescente";"Nublado";"Simples";"Reta";"Sim";2;0;0;0;2;0;0;2;-6,9753;-34,8318;"SPRF-PB";"DEL01-PB";"UOP01-DEL01-PB"
226029;2019-08-01;"quinta-feira";"19:00:00";"MT";158;579,1;"AGUA BOA";"Condutor Dormindo";"Saída de leito carroçável";"Com Vítimas Feridas";"Plena Noite";"Crescente";"Céu Claro";"Simples";"Declive";"Não";1;0;1;0;0;0;1;1;-14,1402378;-52,19913483;"SPRF-MT";"DEL07-MT";"UOP02-DEL07-MT"
226030;2019-08-01;"quinta-feira";"20:50:00";"ES";101;357,9;"ANCHIETA";"Condutor Dormindo";"Capotamento";"Com Vítimas Feridas";"Plena Noite";"Decrescente";"Céu Claro";"Simples";"Declive";"Não";1;0;0;1;0;0;1;1;-20,68939658;-40,69515524;"SPRF-ES";"DEL03-ES";"UOP01-DEL03-ES"
226032;2019-08-01;"quinta-feira";"20:50:00";"PI";343;258;"CAMPO MAIOR";"Ingestão de Álcool";"Colisão lateral";"Sem Vítimas";"Plena Noite";"Crescente";"Céu Claro";"Simples";"Ponte";"Não";3;0;0;0;3;0;0;3;-4,77983087;-42,11553834;"SPRF-PI";"DEL01-PI";"UOP03-DEL01-PI"
226033;2019-08-01;"quinta-feira";"21:20:00";"GO";153;655,5;"GOIATUBA";"Objeto estático sobre o leito carroçável";"Colisão com objeto estático";"Com Vítimas Feridas";"Plena Noite";"Crescente";"Céu Claro";"Dupla";"Declive";"Não";3;0;1;0;2;0;1;1;-18,0103;-49,2621;"SPRF-GO";"DEL03-GO";"UOP01-DEL03-GO"
226034;2019-08-01;"quinta-feira";"21:45:00";"PR";369;149,1;"LONDRINA";"Ingestão de Álcool";"Colisão traseira";"Sem Vítimas";"Plena Noite";"Crescente";"Céu Claro";"Dupla";"Interseção de Vias;Reta";"Sim";3;0;0;0;3;0;0;2;-23,29278166;-51,16146863;"SPRF-PR";"DEL07-PR";"UOP01-DEL07-PR"
226035;2019-08-01;"quinta-feira";"21:45:00";"MG";262;363,9;"JUATUBA";"Falta de Atenção à Condução";"Danos eventuais";"Com Vítimas Feridas";"Pleno dia";"Decrescente";"Céu Claro";"Dupla";"Curva";"Não";1;0;1;0;0;0;1;1;-19,98332997;-44,23572401;"SPRF-MG";"DEL01-MG";"UOP03-DEL01-MG"
226036;2019-08-01;"quinta-feira";"22:15:00";"RS";116;220;"DOIS IRMAOS";"Falta de Atenção à Condução";"Colisão frontal";"Com Vítimas Feridas";"Plena Noite";"Decrescente";"Chuva";"Simples";"Reta";"Não";2;0;1;0;1;0;1;2;-29,56492079;-51,09188829;"SPRF-RS";"DEL01-RS";"UOP02-DEL01-RS"
226037;2019-08-01;"quinta-feira";"21:40:00";"DF";80;4,7;"BRASILIA";"Ingestão de Álcool";"Colisão com objeto estático";"Sem Vítimas";"Plena Noite";"Decrescente";"Céu Claro";"Simples";"Reta";"Não";2;0;0;0;2;0;0;2;-15,730612;-48,111748;"SPRF-DF";"DEL01-DF";"UOP02-DEL03-DF"
226040;2019-08-01;"quinta-feira";"22:35:00";"SP";381;36,8;"ATIBAIA";"Defeito na Via";"Tombamento";"Com Vítimas Feridas";"Plena Noite";"Crescente";"Céu Claro";"Dupla";"Curva";"Sim";1;0;1;0;0;0;1;1;-23,10245082;-46,5688777;"SPRF-SP";"DEL03-SP";"UOP02-DEL03-SP"
226044;2019-08-01;"quinta-feira";"18:45:00";"SC";282;554,7;"NOVA ITABERABA";"Sinalização da via insuficiente ou inadequada";"Colisão com objeto estático";"Com Vítimas Fatais";"Plena Noite";"Decrescente";"Céu Claro";"Simples";"Interseção de Vias";"Não";3;1;1;0;1;0;1;2;-26,93638802;-52,80166626;"SPRF-SC";"DEL07-SC";"UOP01-DEL07-SC"
226045;2019-08-01;"quinta-feira";"22:30:00";"SP";116;226,8;"GUARULHOS";"Falta de Atenção à Condução";"Colisão lateral";"Com Vítimas Feridas";"Plena Noite";"Crescente";"Céu Claro";"Múltipla";"Curva";"Sim";2;0;1;0;1;0;1;2;-23,49622677;-46,55850184;"SPRF-SP";"DEL01-SP";"UOP01-DEL01-SP"
226046;2019-08-01;"quinta-feira";"18:30:00";"SC";280;30,9;"ARAQUARI";"Falta de Atenção à Condução";"Colisão traseira";"Com Vítimas Feridas";"Plena Noite";"Decrescente";"Céu Claro";"Simples";"Reta";"Sim";3;0;0;2;1;0;2;2;-26,4141523;-48,76209493;"SPRF-SC";"DEL03-SC";"UOP03-DEL03-SC"
226047;2019-08-01;"quinta-feira";"19:30:00";"RO";435;15,2;"VILHENA";"Defeito Mecânico no Veículo";"Incêndio";"Sem Vítimas";"Plena Noite";"Decrescente";"Céu Claro";"Simples";"Reta";"Não";1;0;0;0;1;0;0;1;-12,72642463;-60,2661864;"SPRF-RO";"DEL04-RO";"UOP02-DEL04-RO"
226049;2019-08-01;"quinta-feira";"23:05:00";"PR";376;177,4;"MARINGA";"Ingestão de Álcool";"Capotamento";"Com Vítimas Feridas";"Plena Noite";"Decrescente";"Céu Claro";"Dupla";"Reta";"Sim";2;0;1;1;0;0;2;1;-23,41725777;-51,9187367;"SPRF-PR";"DEL07-PR";"UOP01-DEL09-PR"
226050;2019-08-01;"quinta-feira";"21:40:00";"RS";290;110,9;"ELDORADO DO SUL";"Sinalização da via insuficiente ou inadequada";"Colisão com objeto estático";"Com Vítimas Feridas";"Plena Noite";"Decrescente";"Chuva";"Dupla";"Desvio Temporário;Em Obras;Reta";"Não";1;0;1;0;0;0;1;1;-30,023552;-51,321091;"SPRF-RS";"DEL02-RS";"UOP01-DEL02-RS"
226051;2019-06-17;"segunda-feira";"18:00:00";"RN";110;44,8;"MOSSORO";"Falta de Atenção à Condução";"Colisão transversal";"Com Vítimas Feridas";"Plena Noite";"Crescente";"Chuva";"Simples";"Reta";"Sim";2;0;0;1;0;1;1;2;-5,19156045;-37,30987072;"SPRF-RN";"DEL04-RN";"UOP01-DEL04-RN"
226052;2019-08-01;"quinta-feira";"19:10:00";"SC";101;421;"ARARANGUA";"Falta de Atenção à Condução";"Colisão com objeto estático";"Sem Vítimas";"Plena Noite";"Decrescente";"Céu Claro";"Múltipla";"Reta";"Não";1;0;0;0;1;0;0;1;-29,00476246;-49,56351042;"SPRF-SC";"DEL02-SC";"UOP02-DEL02-SC"
226053;2019-08-01;"quinta-feira";"22:30:00";"RR";174;501;"BOA VISTA";"Desobediência às normas de trânsito pelo condutor";"Colisão frontal";"Com Vítimas Feridas";"Plena Noite";"Decrescente";"Céu Claro";"Dupla";"Reta";"Sim";3;0;0;3;0;0;3;2;2,781689;-60,703827;"SPRF-RR";"DEL01-RR";"UOP01-DEL01-RR"
226058;2019-08-01;"quinta-feira";"21:20:00";"SC";282;516,1;"XAXIM";"Falta de Atenção à Condução";"Capotamento";"Com Vítimas Feridas";"Plena Noite";"Crescente";"Céu Claro";"Simples";"Aclive;Curva";"Não";1;0;1;0;0;0;1;1;-26,93004774;-52,49952614;"SPRF-SC";"DEL07-SC";"UOP01-DEL07-SC"
226059;2019-08-01;"quinta-feira";"21:40:00";"RO";364;566;"CUJUBIM";"Animais na Pista";"Atropelamento de Animal";"Sem Vítimas";"Plena Noite";"Crescente";"Céu Claro";"Simples";"Curva";"Não";1;0;0;0;1;0;0;1;-9,50797379;-63,07914868;"SPRF-RO";"DEL03-RO";"UOP04-DEL01-RO"
226060;2019-08-01;"quinta-feira";"23:30:00";"BA";110;356;"CATU";"Velocidade Incompatível";"Saída de leito carroçável";"Com Vítimas Feridas";"Plena Noite";"Crescente";"Céu Claro";"Simples";"Curva";"Sim";1;0;0;1;0;0;1;1;-12,33382685;-38,38306938;"SPRF-BA";"DEL01-BA";"UOP04-DEL01-BA"
226061;2019-08-02;"sexta-feira";"00:10:00";"RN";110;4,6;"AREIA BRANCA";"Animais na Pista";"Saída de leito carroçável";"Com Vítimas Feridas";"Plena Noite";"Crescente";"Céu Claro";"Simples";"Curva";"Não";1;0;1;0;0;0;1;1;-4,94610317;-37,10086959;"SPRF-RN";"DEL04-RN";"UOP01-DEL04-RN"
226062;2019-08-02;"sexta-feira";"00:15:00";"PR";277;729;"FOZ DO IGUACU";"Ingestão de Álcool";"Saída de leito carroçável";"Com Vítimas Feridas";"Plena Noite";"Crescente";"Nublado";"Dupla";"Viaduto";"Sim";2;0;1;0;0;1;1;1;-25,50749887;-54,58379896;"SPRF-PR";"DEL05-PR";"UOP03-DEL05-PR"
226063;2019-08-01;"quinta-feira";"16:50:00";"RJ";40;124;"DUQUE DE CAXIAS";"Falta de Atenção à Condução";"Colisão lateral";"Com Vítimas Feridas";"Pleno dia";"Decrescente";"Céu Claro";"Múltipla";"Reta";"Sim";3;0;2;0;1;0;2;2;-22,807953;-43,289124;"SPRF-RJ";"DEL01-RJ";"UOP02-DEL01-RJ"
226065;2019-08-02;"sexta-feira";"01:30:00";"RN";110;47,7;"MOSSORO";"Ingestão de Álcool";"Tombamento";"Com Vítimas Feridas";"Plena Noite";"Crescente";"Céu Claro";"Simples";"Reta";"Sim";1;0;1;0;0;0;1;1;-5,20720709;-37,33068646;"SPRF-RN";"DEL04-RN";"UOP01-DEL04-RN"
226069;2019-08-02;"sexta-feira";"02:30:00";"SC";280;55,2;"GUARAMIRIM";"Falta de Atenção do Pedestre";"Atropelamento de Pedestre";"Com Vítimas Feridas";"Plena Noite";"Crescente";"Céu Claro";"Simples";"Reta";"Sim";2;0;0;1;1;0;1;2;-26,4768347;-48,99598718;"SPRF-SC";"DEL03-SC";"UOP03-DEL03-SC"
226071;2019-08-02;"sexta-feira";"00:15:00";"RS";470;219,2;"BENTO GONCALVES";"Ingestão de Álcool";"Saída de leito carroçável";"Sem Vítimas";"Plena Noite";"Decrescente";"Garoa/Chuvisco";"Simples";"Curva";"Sim";1;0;0;0;1;0;0;1;-29,19108856;-51,52249575;"SPRF-RS";"DEL06-RS";"UOP01-DEL06-RS"
226074;2019-08-01;"quinta-feira";"18:45:00";"BA";101;182;"SAO GONCALO DOS CAMPOS";"Falta de Atenção à Condução";"Colisão transversal";"Com Vítimas Feridas";"Plena Noite";"Decrescente";"Céu Claro";"Simples";"Reta;Declive";"Não";2;0;1;0;1;0;1;2;-12,4656187;-38,93508956;"SPRF-BA";"DEL01-BA";"UOP03-DEL01-BA"
226075;2019-08-02;"sexta-feira";"04:00:00";"DF";20;14;"BRASILIA";"Falta de Atenção à Condução";"Capotamento";"Sem Vítimas";"Plena Noite";"Decrescente";"Céu Claro";"Dupla";"Reta";"Sim";1;0;0;0;0;1;0;1;-15,634938;-47,741241;"SPRF-DF";"DEL02-DF";"UOP01-DEL02-DF"
226076;2019-08-02;"sexta-feira";"04:55:00";"SP";116;145,6;"SAO JOSE DOS CAMPOS";"Não guardar distância de segurança";"Colisão traseira";"Com Vítimas Feridas";"Plena Noite";"Decrescente";"Céu Claro";"Múltipla";"Aclive";"Sim";1;0;0;1;0;0;1;1;-23,1869844;-45,8548078;"SPRF-SP";"DEL02-SP";"UOP01-DEL02-SP"
226078;2019-08-02;"sexta-feira";"05:00:00";"RS";386;401;"TRIUNFO";"Defeito Mecânico no Veículo";"Saída de leito carroçável";"Com Vítimas Feridas";"Plena Noite";"Decrescente";"Chuva";"Simples";"Curva";"Não";2;0;2;0;0;0;2;1;-29,758154;-51,594955;"SPRF-RS";"DEL04-RS";"UOP02-DEL04-RS"
226079;2019-08-02;"sexta-feira";"05:50:00";"PR";376;176,4;"MARINGA";"Falta de Atenção à Condução";"Colisão traseira";"Com Vítimas Feridas";"Plena Noite";"Decrescente";"Céu Claro";"Dupla";"Interseção de Vias";"Sim";2;0;0;1;1;0;1;2;-23,41269173;-51,93158327;"SPRF-PR";"DEL07-PR";"UOP01-DEL09-PR"
226082;2019-08-02;"sexta-feira";"06:10:00";"SP";116;516;"CAJATI";"Condutor Dormindo";"Saída de leito carroçável";"Com Vítimas Feridas";"Amanhecer";"Decrescente";"Nublado";"Simples";"Curva;Declive";"Não";3;0;1;0;2;0;1;1;-24,87423036;-48,2190838;"SPRF-SP";"DEL05-SP";"UAP01-DEL05-SP"
226083;2019-08-01;"quinta-feira";"20:00:00";"AL";423;50;"INHAPI";"Velocidade Incompatível";"Saída de leito carroçável";"Sem Vítimas";"Plena Noite";"Crescente";"Céu Claro";"Simples";"Reta";"Não";2;0;0;0;0;2;0;1;-9,26162806;-37,72221898;"SPRF-AL";"DEL03-AL";"UOP02-DEL03-AL"
226084;2019-08-02;"sexta-feira";"06:20:00";"SC";282;5;"SAO JOSE";"Ingestão de Álcool";"Colisão com objeto estático";"Sem Vítimas";"Amanhecer";"Crescente";"Céu Claro";"Dupla";"Reta";"Sim";2;0;0;0;2;0;0;1;-27,588425;-48,612919;"SPRF-SC";"DEL01-SC";"UOP01-DEL01-SC"
226085;2019-08-02;"sexta-feira";"06:30:00";"PR";376;491;"PONTA GROSSA";"Defeito Mecânico no Veículo";"Queda de ocupante de veículo";"Com Vítimas Feridas";"Amanhecer";"Crescente";"Céu Claro";"Dupla";"Reta";"Não";1;0;1;0;0;0;1;1;-25,15130703;-50,1421625;"SPRF-PR";"DEL03-PR";"UOP04-DEL03-PR"
226086;2019-08-01;"quinta-feira";"07:30:00";"RS";470;286,9;"MONTENEGRO";"Falta de Atenção à Condução";"Colisão traseira";"Com Vítimas Feridas";"Pleno dia";"Crescente";"Céu Claro";"Simples";"Curva";"Não";2;0;1;0;1;0;1;2;-29,64261898;-51,46414198;"SPRF-RS";"DEL04-RS";"UOP02-DEL04-RS"
226089;2019-08-02;"sexta-feira";"00:30:00";"MG";381;222,3;"BELO ORIENTE";"Ingestão de Álcool";"Colisão lateral";"Com Vítimas Feridas";"Plena Noite";"Decrescente";"Céu Claro";"Simples";"Reta";"Não";3;0;1;0;2;0;1;3;-19,28528662;-42,35657573;"SPRF-MG";"DEL06-MG";"UOP01-DEL06-MG"
226090;2019-08-02;"sexta-feira";"06:45:00";"SC";280;5,5;"SAO FRANCISCO DO SUL";"Falta de Atenção à Condução";"Colisão transversal";"Com Vítimas Feridas";"Amanhecer";"Crescente";"Nublado";"Simples";"Reta";"Sim";2;0;0;1;1;0;1;2;-26,26291939;-48,62945795;"SPRF-SC";"DEL03-SC";"UOP03-DEL03-SC"
226091;2019-08-02;"sexta-feira";"06:25:00";"PR";376;179,2;"MARINGA";"Falta de Atenção à Condução";"Colisão lateral";"Com Vítimas Feridas";"Amanhecer";"Decrescente";"Céu Claro";"Dupla";"Viaduto;Reta";"Sim";3;0;3;0;0;0;3;2;-23,42108686;-51,90732698;"SPRF-PR";"DEL07-PR";"UOP01-DEL09-PR"
226093;2019-08-02;"sexta-feira";"06:50:00";"ES";101;146,5;"LINHARES";"Desobediência às normas de trânsito pelo condutor";"Colisão lateral";"Com Vítimas Feridas";"Pleno dia";"Crescente";"Céu Claro";"Múltipla";"Reta";"Sim";2;0;1;0;0;1;1;2;-19,36990998;-40,06560718;"SPRF-ES";"DEL04-ES";"UOP01-DEL04-ES"
226095;2019-08-02;"sexta-feira";"07:30:00";"GO";153;520;"HIDROLANDIA";"Agressão Externa";"Queda de ocupante de veículo";"Com Vítimas Feridas";"Pleno dia";"Crescente";"Céu Claro";"Dupla";"Reta";"Sim";4;0;1;0;2;1;1;3;-16,8847;-49,254;"SPRF-GO";"DEL01-GO";"UOP03-DEL01-GO"
226096;2019-08-02;"sexta-feira";"07:10:00";"ES";101;295,5;"CARIACICA";"Desobediência às normas de trânsito pelo condutor";"Colisão lateral";"Com Vítimas Feridas";"Pleno dia";"Crescente";"Céu Claro";"Dupla";"Reta";"Sim";3;0;1;0;2;0;1;3;-20,33223667;-40,40004683;"SPRF-ES";"DEL01-ES";"UOP01-DEL01-ES"
226098;2019-08-02;"sexta-feira";"07:20:00";"ES";262;3;"CARIACICA";"Defeito na Via";"Colisão lateral";"Com Vítimas Feridas";"Pleno dia";"Decrescente";"Céu Claro";"Dupla";"Declive";"Sim";2;0;1;0;1;0;1;2;-20,33374432;-40,36910933;"SPRF-ES";"DEL01-ES";"UOP01-DEL01-ES"
226100;2019-08-02;"sexta-feira";"06:30:00";"RO";364;713;"PORTO VELHO";"Desobediência às normas de trânsito pelo condutor";"Colisão transversal";"Com Vítimas Feridas";"Pleno dia";"Crescente";"Sol";"Dupla";"Rotatória";"Sim";3;0;0;3;0;0;3;2;-8,77331583;-63,87969248;"SPRF-RO";"DEL01-RO";"UOP01-DEL01-RO"
226102;2019-08-02;"sexta-feira";"07:55:00";"PR";369;143;"IBIPORA";"Falta de Atenção à Condução";"Colisão traseira";"Com Vítimas Feridas";"Pleno dia";"Crescente";"Céu Claro";"Simples";"Reta";"Sim";2;0;1;0;1;0;1;2;-23,29338724;-51,09466553;"SPRF-PR";"DEL07-PR";"UOP01-DEL07-PR"
226103;2019-08-02;"sexta-feira";"06:35:00";"RS";480;67,9;"ERECHIM";"Velocidade Incompatível";"Saída de leito carroçável";"Com Vítimas Feridas";"Amanhecer";"Decrescente";"Chuva";"Simples";"Curva";"Não";1;0;1;0;0;0;1;1;-27,63591639;-52,35183318;"SPRF-RS";"DEL08-RS";"UOP04-DEL08-RS"
226104;2019-08-02;"sexta-feira";"07:55:00";"RS";285;563,8;"SAO LUIZ GONZAGA";"Desobediência às normas de trânsito pelo condutor";"Colisão transversal";"Com Vítimas Feridas";"Pleno dia";"Crescente";"Céu Claro";"Simples";"Interseção de Vias";"Sim";3;0;1;1;0;1;2;2;-28,41711682;-54,93804574;"SPRF-RS";"DEL10-RS";"UOP01-DEL10-RS"
226105;2019-07-24;"quarta-feira";"19:25:00";"MS";463;7,5;"DOURADOS";"Falta de Atenção à Condução";"Colisão com objeto estático";"Com Vítimas Feridas";"Plena Noite";"Crescente";"Céu Claro";"Simples";"Rotatória";"Não";1;0;1;0;0;0;1;1;-22,25384593;-54,87432903;"SPRF-MS";"DEL04-MS";"UOP01-DEL04-MS"
226106;2019-08-02;"sexta-feira";"07:10:00";"SP";116;191;"SANTA ISABEL";"Ingestão de Álcool";"Saída de leito carroçável";"Sem Vítimas";"Pleno dia";"Decrescente";"Céu Claro";"Dupla";"Reta";"Não";1;0;0;0;1;0;0;1;-23,3702505;-46,24169111;"SPRF-SP";"DEL02-SP";"UOP01-DEL02-SP"
226108;2019-08-02;"sexta-feira";"07:45:00";"PB";230;28,4;"JOAO PESSOA";"Pista Escorregadia";"Colisão com objeto estático";"Sem Vítimas";"Pleno dia";"Decrescente";"Chuva";"Simples";"Curva";"Sim";1;0;0;0;1;0;0;1;-7,1651;-34,8941;"SPRF-PB";"DEL01-PB";"UOP01-DEL01-PB"
226109;2019-08-02;"sexta-feira";"07:30:00";"RN";101;97;"NATAL";"Falta de Atenção à Condução";"Colisão lateral";"Com Vítimas Feridas";"Pleno dia";"Crescente";"Sol";"Dupla";"Reta";"Sim";2;0;1;0;1;0;1;2;-5,85758898;-35,21271205;"SPRF-RN";"DEL01-RN";"UOP01-DEL01-RN"
226111;2019-08-02;"sexta-feira";"07:59:00";"BA";324;617;"SALVADOR";"Não guardar distância de segurança";"Colisão traseira";"Com Vítimas Feridas";"Pleno dia";"Decrescente";"Céu Claro";"Dupla";"Reta";"Sim";4;0;2;0;2;0;2;3;-12,8860325;-38,43806469;"SPRF-BA";"DEL01-BA";"UOP01-DEL01-BA"
226112;2019-08-02;"sexta-feira";"07:46:00";"RN";304;199;"LAJES";"Falta de Atenção à Condução";"Colisão frontal";"Com Vítimas Feridas";"Pleno dia";"Crescente";"Nublado";"Simples";"Reta";"Não";7;0;3;4;0;0;7;2;-5,72306717;-36,17379706;"SPRF-RN";"DEL01-RN";"UOP03-DEL01-RN"
226113;2019-08-02;"sexta-feira";"07:50:00";"DF";60;1;"BRASILIA";"Falta de Atenção à Condução";"Colisão traseira";"Com Vítimas Feridas";"Pleno dia";"Decrescente";"Céu Claro";"Dupla";"Reta";"Sim";2;0;1;0;1;0;1;2;-15,885093;-48,068954;"SPRF-DF";"DEL01-DF";"UOP01-DEL03-DF"
226114;2019-08-02;"sexta-feira";"07:20:00";"MS";163;502,9;"CAMPO GRANDE";"Falta de Atenção à Condução";"Saída de leito carroçável";"Com Vítimas Feridas";"Pleno dia";"Decrescente";"Céu Claro";"Dupla";"Reta";"Não";2;0;0;1;0;1;1;2;-20,29910778;-54,50337667;"SPRF-MS";"DEL01-MS";"UOP02-DEL01-MS"
226115;2019-08-02;"sexta-feira";"07:40:00";"ES";101;2,3;"VITORIA";"Não guardar distância de segurança";"Colisão traseira";"Com Vítimas Feridas";"Pleno dia";"Crescente";"Céu Claro";"Dupla";"Reta";"Sim";3;0;1;0;2;0;1;3;-20,25351637;-40,28844422;"SPRF-ES";"DEL02-ES";"UOP01-DEL02-ES"
226116;2019-08-02;"sexta-feira";"07:05:00";"PR";153;43;"SANTO ANTONIO DA PLATINA";"Desobediência às normas de trânsito pelo condutor";"Colisão transversal";"Com Vítimas Feridas";"Pleno dia";"Crescente";"Nublado";"Simples";"Rotatória";"Sim";2;0;2;0;0;0;2;2;-23,302118;-50,07031;"SPRF-PR";"DEL07-PR";"UOP04-DEL07-PR"
226117;2019-07-29;"segunda-feira";"11:50:00";"RN";101;165,3;"CANGUARETAMA";"Defeito na Via";"Colisão com objeto estático";"Com Vítimas Feridas";"Pleno dia";"Crescente";"Sol";"Dupla";"Ponte;Reta";"Não";1;0;1;0;0;0;1;1;-6,40913892;-35,13083887;"SPRF-RN";"DEL01-RN";"UOP01-DEL01-RN"
226118;2019-08-02;"sexta-feira";"08:45:00";"PR";277;729;"FOZ DO IGUACU";"Falta de Atenção do Pedestre";"Atropelamento de Pedestre";"Com Vítimas Feridas";"Pleno dia";"Decrescente";"Nublado";"Dupla";"Curva";"Sim";2;0;1;0;1;0;1;2;-25,50749887;-54,58379896;"SPRF-PR";"DEL05-PR";"UOP03-DEL05-PR"
226119;2019-08-02;"sexta-feira";"08:20:00";"BA";116;827,1;"VITORIA DA CONQUISTA";"Falta de Atenção à Condução";"Colisão lateral";"Com Vítimas Feridas";"Pleno dia";"Decrescente";"Céu Claro";"Simples";"Reta";"Sim";2;0;1;0;1;0;1;2;-14,82538058;-40,82217022;"SPRF-BA";"DEL08-BA";"UOP01-DEL08-BA"
226121;2019-08-02;"sexta-feira";"09:00:00";"GO";70;4;"AGUAS LINDAS DE GOIAS";"Ingestão de Álcool";"Atropelamento de Pedestre";"Com Vítimas Feridas";"Pleno dia";"Decrescente";"Céu Claro";"Dupla";"Reta";"Sim";2;0;1;1;0;0;2;2;-15,759838;-48,246011;"SPRF-DF";"DEL01-DF";"UOP02-DEL03-DF"
226122;2019-07-09;"terça-feira";"11:00:00";"MG";381;508,1;"SAO JOAQUIM DE BICAS";"Falta de Atenção à Condução";"Colisão traseira";"Com Vítimas Feridas";"Pleno dia";"Crescente";"Céu Claro";"Dupla";"Reta";"Sim";3;0;1;0;2;0;1;2;-20,06277698;-44,29329002;"SPRF-MG";"DEL01-MG";"UOP03-DEL01-MG"
226123;2019-08-01;"quinta-feira";"22:30:00";"SP";116;284;"ITAPECERICA DA SERRA";"Falta de Atenção à Condução";"Queda de ocupante de veículo";"Com Vítimas Feridas";"Plena Noite";"Crescente";"Céu Claro";"Dupla";"Reta";"Sim";1;0;1;0;0;0;1;1;-23,69998;-46,867767;"SPRF-SP";"DEL04-SP";"UOP01-DEL04-SP"
226124;2019-08-02;"sexta-feira";"09:25:00";"RN";101;94,2;"NATAL";"Não guardar distância de segurança";"Tombamento";"Com Vítimas Feridas";"Pleno dia";"Decrescente";"Céu Claro";"Múltipla";"Declive";"Sim";1;0;1;0;0;0;1;1;-5,83176615;-35,21191342;"SPRF-RN";"DEL01-RN";"UOP01-DEL01-RN"
226126;2019-08-02;"sexta-feira";"06:40:00";"BA";242;822;"BARREIRAS";"Falta de Atenção à Condução";"Colisão traseira";"Com Vítimas Feridas";"Amanhecer";"Crescente";"Céu Claro";"Simples";"Reta";"Não";5;0;1;0;4;0;1;2;-12,1169025;-45,2399447;"SPRF-BA";"DEL10-BA";"UOP01-DEL10-BA"
226127;2019-08-02;"sexta-feira";"08:45:00";"CE";116;5;"FORTALEZA";"Falta de Atenção à Condução";"Colisão traseira";"Sem Vítimas";"Pleno dia";"Decrescente";"Céu Claro";"Simples";"Curva";"Sim";2;0;0;0;2;0;0;2;-3,79467116;-38,50772734;"SPRF-CE";"DEL01-CE";"UOP02-DEL01-CE"
226130;2019-08-02;"sexta-feira";"09:00:00";"TO";153;686,3;"GURUPI";"Falta de Atenção à Condução";"Saída de leito carroçável";"Com Vítimas Feridas";"Pleno dia";"Crescente";"Céu Claro";"Simples";"Reta";"Não";1;0;1;0;0;0;1;1;-11,83845805;-49,1410439;"SPRF-TO";"DEL02-TO";"UOP02-DEL01-TO"
226131;2019-08-02;"sexta-feira";"08:30:00";"MA";10;125;"ESTREITO";"Falta de Atenção à Condução";"Saída de leito carroçável";"Com Vítimas Feridas";"Pleno dia";"Crescente";"Céu Claro";"Simples";"Reta;Aclive";"Não";4;0;0;4;0;0;4;1;-6,589784;-47,438171;"SPRF-MA";"DEL04-MA";"UOP02-DEL04-MA"
226132;2019-08-02;"sexta-feira";"09:35:00";"RS";386;237,1;"SOLEDADE";"Velocidade Incompatível";"Saída de leito carroçável";"Com Vítimas Feridas";"Pleno dia";"Decrescente";"Chuva";"Simples";"Aclive";"Não";2;0;1;0;1;0;1;1;-28,746569;-52,548145;"SPRF-RS";"DEL04-RS";"UOP03-DEL04-RS"
226133;2019-08-02;"sexta-feira";"10:00:00";"ES";101;290;"CARIACICA";"Falta de Atenção à Condução";"Queda de ocupante de veículo";"Com Vítimas Feridas";"Pleno dia";"Crescente";"Céu Claro";"Dupla";"Reta";"Não";1;0;1;0;0;0;1;1;-20,28927747;-40,39181575;"SPRF-ES";"DEL01-ES";"UOP01-DEL01-ES"
226134;2019-08-02;"sexta-feira";"09:00:00";"CE";116;520;"BREJO SANTO";"Defeito Mecânico no Veículo";"Incêndio";"Sem Vítimas";"Pleno dia";"Decrescente";"Céu Claro";"Simples";"Curva";"Não";1;0;0;0;0;1;0;1;-7,60795203;-39,03160677;"SPRF-CE";"DEL05-CE";"UOP03-DEL05-CE"
226135;2019-08-02;"sexta-feira";"09:30:00";"MG";267;43,8;"MARIPA DE MINAS";"Restrição de Visibilidade";"Colisão transversal";"Com Vítimas Feridas";"Pleno dia";"Crescente";"Sol";"Simples";"Curva";"Não";3;0;1;0;2;0;1;2;-21,6829444;-42,92900685;"SPRF-MG";"DEL07-MG";"UOP01-DEL07-MG"
226139;2019-08-02;"sexta-feira";"09:20:00";"MA";10;249;"IMPERATRIZ";"Não guardar distância de segurança";"Engavetamento";"Com Vítimas Feridas";"Pleno dia";"Crescente";"Céu Claro";"Simples";"Reta";"Não";3;0;1;0;2;0;1;3;-5,558508;-47,45417;"SPRF-MA";"DEL04-MA";"UOP01-DEL04-MA"