"id";"data_inversa";"dia_semana";"horario";"uf";"br";"km";"municipio";"causa_acidente";"tipo_acidente";"classificacao_acidente";"fase_dia";"sentido_via";"condicao_metereologica";"tipo_pista";"tracado_via";"uso_solo";"pessoas";"mortos";"feridos_leves";"feridos_graves";"ilesos";"ignorados";"feridos";"veiculos";"latitude";"longitude";"regional";"delegacia";"uop"
226256;2019-08-02;"sexta-feira";"21:25:00";"PA";222;239;"MARABA";"Falta de Atenção à Condução";"Colisão lateral";"Sem Vítimas";"Plena Noite";"Decrescente";"Céu Claro";"Simples";"Reta";"Sim";2;0;0;0;2;0;0;2;-5,302089;-49,0723;"SPRF-PA";"DEL03-PA";"UOP01-DEL03-PA"
226257;2019-08-02;"sexta-feira";"20:30:00";"RJ";101;217;"SILVA JARDIM";"Falta de Atenção à Condução";"Queda de ocupante de veículo";"Com Vítimas Feridas";"Plena Noite";"Decrescente";"Vento";"Simples";"Curva";"Não";1;0;1;0;0;0;1;1;-22,50769291;-42,29165293;"SPRF-RJ";"DEL02-RJ";"UOP03-DEL02-RJ"
226259;2019-08-02;"sexta-feira";"20:50:00";"PR";116;16;"CAMPINA GRANDE DO SUL";"Velocidade Incompatível";"Saída de leito carroçável";"Com Vítimas Feridas";"Plena Noite";"Crescente";"Garoa/Chuvisco";"Dupla";"Curva";"Não";2;0;1;0;1;0;1;1;-25,09969807;-48,692225;"SPRF-PR";"DEL01-PR";"UOP02-DEL01-PR"
226261;2019-08-02;"sexta-feira";"22:30:00";"BA";242;414;"SEABRA";"Deficiência ou não Acionamento do Sistema de Iluminação/Sinalização do Veículo";"Colisão frontal";"Com Vítimas Feridas";"Plena Noite";"Crescente";"Céu Claro";"Simples";"Interseção de Vias";"Sim";2;0;0;1;1;0;1;2;-12,42778088;-41,77165568;"SPRF-BA";"DEL06-BA";"UOP01-DEL06-BA"
226262;2019-08-02;"sexta-feira";"23:10:00";"PR";369;174;"ROLANDIA";"Ingestão de Álcool";"Colisão transversal";"Com Vítimas Feridas";"Plena Noite";"Decrescente";"Céu Claro";"Simples";"Reta";"Sim";4;0;1;1;2;0;2;4;-23,32026273;-51,38147414;"SPRF-PR";"DEL07-PR";"UOP01-DEL07-PR"
226263;2019-08-02;"sexta-feira";"23:05:00";"ES";262;48;"MARECHAL FLORIANO";"Falta de Atenção à Condução";"Queda de ocupante de veículo";"Com Vítimas Feridas";"Pleno dia";"Crescente";"Chuva";"Simples";"Reta";"Não";1;0;1;0;0;0;1;1;-20,41192401;-40,68856;"SPRF-ES";"DEL01-ES";"UOP01-DEL01-ES"
226266;2019-08-02;"sexta-feira";"20:50:00";"PR";476;213;"LAPA";"Ultrapassagem Indevida";"Colisão frontal";"Com Vítimas Feridas";"Plena Noite";"Decrescente";"Nublado";"Simples";"Curva;Declive";"Não";7;0;4;3;0;0;7;3;-25,779312;-49,875546;"SPRF-PR";"DEL02-PR";"UOP04-DEL02-PR"
226267;2019-08-02;"sexta-feira";"23:20:00";"SP";116;269,3;"TABOAO DA SERRA";"Pista Escorregadia";"Colisão traseira";"Com Vítimas Feridas";"Plena Noite";"Decrescente";"Garoa/Chuvisco";"Dupla";"Reta";"Sim";2;0;1;0;1;0;1;2;-23,60803697;-46,76261902;"SPRF-SP";"DEL04-SP";"UOP01-DEL04-SP"
226269;2019-08-02;"sexta-feira";"22:45:00";"PE";104;58;"CARUARU";"Ingestão de álcool e/ou substâncias psicoativas pelo pedestre";"Saída de leito carroçável";"Sem Vítimas";"Pleno dia";"Crescente";"Céu Claro";"Dupla";"Reta";"Não";1;0;0;0;1;0;0;1;-8,2265;-35,9779;"SPRF-PE";"DEL02-PE";"UOP01-DEL02-PE"
226270;2019-08-03;"sábado";"00:15:00";"GO";60;94;"ANAPOLIS";"Falta de Atenção à Condução";"Colisão com objeto estático";"Com Vítimas Feridas";"Plena Noite";"Decrescente";"Céu Claro";"Dupla";"Reta";"Sim";1;0;0;1;0;0;1;1;-16,3611;-48,9328;"SPRF-GO";"DEL02-GO";"UOP01-DEL02-GO"
226271;2019-08-02;"sexta-feira";"22:45:00";"RO";319;63;"PORTO VELHO";"Ingestão de Álcool";"Colisão transversal";"Sem Vítimas";"Plena Noite";"Crescente";"Céu Claro";"Dupla";"Interseção de Vias";"Sim";4;0;0;0;4;0;0;2;-8,766685;-63,884052;"SPRF-RO";"DEL01-RO";"UOP01-DEL01-RO"
226272;2019-08-03;"sábado";"00:10:00";"BA";324;0;"FEIRA DE SANTANA";"Defeito na Via";"Tombamento";"Com Vítimas Feridas";"Plena Noite";"Crescente";"Nublado";"Dupla";"Reta";"Sim";2;0;0;1;1;0;1;2;-12,27151028;-38,93563271;"SPRF-BA";"DEL02-BA";"UOP01-DEL02-BA"
226276;2019-08-03;"sábado";"01:25:00";"PR";116;101;"SAO JOSE DOS PINHAIS";"Falta de Atenção à Condução";"Queda de ocupante de veículo";"Com Vítimas Feridas";"Plena Noite";"Crescente";"Céu Claro";"Dupla";"Reta";"Não";1;0;1;0;0;0;1;1;-25,54167701;-49,1509368;"SPRF-PR";"DEL01-PR";"UOP01-DEL01-PR"
226277;2019-08-03;"sábado";"01:35:00";"SP";116;154,7;"SAO JOSE DOS CAMPOS";"Ingestão de Álcool";"Colisão lateral";"Sem Vítimas";"Plena Noite";"Crescente";"Nublado";"Simples";"Reta";"Sim";2;0;0;0;2;0;0;2;-23,23903999;-45,92061901;"SPRF-SP";"DEL02-SP";"UOP01-DEL02-SP"
226278;2019-08-03;"sábado";"01:20:00";"SC";101;139;"BALNEARIO CAMBORIU";"Velocidade Incompatível";"Capotamento";"Sem Vítimas";"Plena Noite";"Decrescente";"Céu Claro";"Dupla";"Curva";"Sim";1;0;0;0;0;1;0;1;-27,02889089;-48,60523801;"SPRF-SC";"DEL04-SC";"UOP03-DEL04-SC"
226280;2019-08-02;"sexta-feira";"18:30:00";"SC";101;374,4;"ICARA";"Mal Súbito";"Colisão frontal";"Com Vítimas Feridas";"Plena Noite";"Crescente";"Céu Claro";"Dupla";"Curva";"Não";2;0;2;0;0;0;2;2;-28,72595048;-49,23960686;"SPRF-SC";"DEL02-SC";"UOP01-DEL02-SC"
226281;2019-08-02;"sexta-feira";"23:50:00";"SC";101;311,5;"LAGUNA";"Desobediência às normas de trânsito pelo condutor";"Colisão frontal";"Com Vítimas Fatais";"Plena Noite";"Crescente";"Céu Claro";"Dupla";"Reta";"Sim";2;1;0;0;1;0;0;2;-28,44062736;-48,81695864;"SPRF-SC";"DEL02-SC";"UOP01-DEL02-SC"
226284;2019-08-03;"sábado";"03:10:00";"MG";40;550;"NOVA LIMA";"Condutor Dormindo";"Capotamento";"Com Vítimas Feridas";"Plena Noite";"Decrescente";"Céu Claro";"Dupla";"Curva";"Sim";2;0;0;1;1;0;1;1;-20,0477638;-43,96439441;"SPRF-MG";"DEL01-MG";"UOP02-DEL01-MG"
226288;2019-08-03;"sábado";"03:40:00";"PR";116;39,5;"CAMPINA GRANDE DO SUL";"Velocidade Incompatível";"Colisão com objeto estático";"Com Vítimas Feridas";"Plena Noite";"Crescente";"Garoa/Chuvisco";"Dupla";"Curva";"Não";2;0;1;0;1;0;1;1;-25,156168;-48,8613401;"SPRF-PR";"DEL01-PR";"UOP02-DEL01-PR"
226289;2019-08-03;"sábado";"04:30:00";"MT";70;76,4;"GENERAL CARNEIRO";"Desobediência às normas de trânsito pelo condutor";"Capotamento";"Sem Vítimas";"Plena Noite";"Crescente";"Céu Claro";"Simples";"Reta";"Não";1;0;0;0;0;1;0;1;-15,67421693;-52,81408803;"SPRF-MT";"DEL07-MT";"UOP01-DEL07-MT"
226290;2019-08-03;"sábado";"04:15:00";"MG";262;374,2;"JUATUBA";"Condutor Dormindo";"Capotamento";"Com Vítimas Feridas";"Plena Noite";"Decrescente";"Céu Claro";"Dupla";"Curva";"Não";2;0;2;0;0;0;2;1;-19,96727284;-44,33288566;"SPRF-MG";"DEL01-MG";"UOP03-DEL01-MG"
226291;2019-08-03;"sábado";"03:30:00";"SC";101;347,4;"JAGUARUNA";"Falta de Atenção à Condução";"Colisão traseira";"Com Vítimas Feridas";"Plena Noite";"Decrescente";"Céu Claro";"Simples";"Reta;Interseção de Vias;Declive";"Sim";3;0;0;2;0;1;2;2;-28,56402604;-49,05410532;"SPRF-SC";"DEL02-SC";"UOP01-DEL02-SC"
226293;2019-08-03;"sábado";"04:10:00";"SP";116;81;"ROSEIRA";"Falta de Atenção à Condução";"Colisão com objeto estático";"Sem Vítimas";"Plena Noite";"Decrescente";"Chuva";"Dupla";"Reta";"Não";1;0;0;0;1;0;0;1;-22,90482177;-45,31030655;"SPRF-SP";"DEL06-SP";"UOP01-DEL06-SP"
226294;2019-08-03;"sábado";"05:05:00";"SC";101;163;"TIJUCAS";"Falta de Atenção à Condução";"Colisão com objeto estático";"Sem Vítimas";"Plena Noite";"Decrescente";"Céu Claro";"Múltipla";"Interseção de Vias";"Não";1;0;0;0;1;0;0;1;-27,23461699;-48,63039809;"SPRF-SC";"DEL04-SC";"UOP03-DEL04-SC"
226296;2019-08-03;"sábado";"05:40:00";"SC";101;146;"ITAPEMA";"Falta de Atenção à Condução";"Colisão transversal";"Com Vítimas Feridas";"Amanhecer";"Crescente";"Nublado";"Dupla";"Interseção de Vias;Viaduto";"Sim";2;0;1;0;1;0;1;2;-27,08666525;-48,60955587;"SPRF-SC";"DEL04-SC";"UOP03-DEL04-SC"
226297;2019-08-03;"sábado";"04:30:00";"RS";116;400,7;"CAMAQUA";"Velocidade Incompatível";"Capotamento";"Com Vítimas Feridas";"Plena Noite";"Decrescente";"Céu Claro";"Simples";"Rotatória";"Sim";2;0;1;0;1;0;1;1;-30,87210669;-51,80852516;"SPRF-RS";"DEL02-RS";"UOP03-DEL02-RS"
226298;2019-08-03;"sábado";"05:40:00";"RJ";101;474,8;"ANGRA DOS REIS";"Condutor Dormindo";"Capotamento";"Com Vítimas Feridas";"Plena Noite";"Crescente";"Chuva";"Simples";"Curva";"Não";1;0;1;0;0;0;1;1;-22,99498627;-44,24919963;"SPRF-RJ";"DEL03-RJ";"UOP03-DEL03-RJ"
226299;2019-08-03;"sábado";"02:45:00";"SC";282;307,3;"VARGEM";"Ingestão de Álcool";"Saída de leito carroçável";"Com Vítimas Fatais";"Plena Noite";"Crescente";"Céu Claro";"Simples";"Reta";"Não";2;1;1;0;0;0;1;1;-27,495266;-50,962605;"SPRF-SC";"DEL07-SC";"UOP06-DEL07-SC"
226302;2019-08-03;"sábado";"06:15:00";"SP";381;69;"MAIRIPORA";"Velocidade Incompatível";"Saída de leito carroçável";"Com Vítimas Feridas";"Pleno dia";"Decrescente";"Céu Claro";"Dupla";"Reta";"Não";1;0;1;0;0;0;1;1;-23,34453626;-46,57074773;"SPRF-SP";"DEL03-SP";"UOP01-DEL03-SP"
226303;2019-08-03;"sábado";"03:00:00";"PA";316;30;"SANTA IZABEL DO PARA";"Falta de Atenção à Condução";"Saída de leito carroçável";"Com Vítimas Fatais";"Plena Noite";"Decrescente";"Céu Claro";"Dupla";"Reta";"Não";6;2;2;2;0;0;4;1;-1,30604012;-48,20471397;"SPRF-PA";"DEL01-PA";"DEL19/1-UOP05/PA"
226304;2019-08-03;"sábado";"06:05:00";"PR";369;184,3;"ARAPONGAS";"Desobediência às normas de trânsito pelo condutor";"Colisão transversal";"Com Vítimas Feridas";"Amanhecer";"Crescente";"Céu Claro";"Dupla";"Interseção de Vias";"Sim";2;0;1;0;1;0;1;2;-23,401407;-51,427535;"SPRF-PR";"DEL07-PR";"UOP03-DEL07-PR"
226305;2019-08-03;"sábado";"06:15:00";"PR";376;182;"MARINGA";"Velocidade Incompatível";"Saída de leito carroçável";"Com Vítimas Feridas";"Amanhecer";"Crescente";"Céu Claro";"Dupla";"Interseção de Vias";"Sim";1;0;1;0;0;0;1;1;-23,43223079;-51,88710313;"SPRF-PR";"DEL07-PR";"UOP01-DEL09-PR"
226307;2019-08-03;"sábado";"05:15:00";"PR";476;122,5;"CURITIBA";"Desobediência às normas de trânsito pelo condutor";"Colisão transversal";"Sem Vítimas";"Plena Noite";"Crescente";"Nublado";"Dupla";"Interseção de Vias";"Não";2;0;0;0;2;0;0;2;-25,385775;-49,203377;"SPRF-PR";"DEL01-PR";"UOP07-DEL01-PR"
226308;2019-08-03;"sábado";"06:20:00";"PR";277;82;"CURITIBA";"Não guardar distância de segurança";"Colisão traseira";"Com Vítimas Feridas";"Pleno dia";"Crescente";"Nublado";"Dupla";"Reta";"Sim";2;0;1;0;1;0;1;2;-25,568939;-49,181978;"SPRF-PR";"DEL01-PR";"UOP06-DEL01-PR"
226311;2019-08-03;"sábado";"04:30:00";"MG";50;78;"UBERLANDIA";"Falta de Atenção à Condução";"Capotamento";"Sem Vítimas";"Plena Noite";"Decrescente";"Céu Claro";"Simples";"Reta";"Sim";1;0;0;0;1;0;0;1;-18,986906;-48,211853;"SPRF-MG";"DEL15-MG";"UOP01-DEL15-MG"
226312;2019-08-03;"sábado";"07:00:00";"SP";101;47,2;"UBATUBA";"Velocidade Incompatível";"Queda de ocupante de veículo";"Com Vítimas Feridas";"Amanhecer";"Crescente";"Chuva";"Simples";"Rotatória";"Sim";1;0;1;0;0;0;1;1;-23,429897;-45,082436;"SPRF-SP";"DEL06-SP";"UOP01-DEL06-SP"
226314;2019-08-03;"sábado";"06:40:00";"MG";262;379;"JUATUBA";"Velocidade Incompatível";"Saída de leito carroçável";"Com Vítimas Feridas";"Amanhecer";"Decrescente";"Céu Claro";"Dupla";"Curva;Declive";"Não";1;0;1;0;0;0;1;1;-19,95241506;-44,37342001;"SPRF-MG";"DEL01-MG";"UOP03-DEL01-MG"
226317;2019-08-03;"sábado";"07:20:00";"GO";153;661,3;"GOIATUBA";"Condutor Dormindo";"Colisão lateral";"Com Vítimas Feridas";"Amanhecer";"Decrescente";"Céu Claro";"Dupla";"Reta";"Sim";2;0;1;0;1;0;1;2;-18,0638;-49,269;"SPRF-GO";"DEL03-GO";"UOP02-DEL03-GO"
226319;2019-08-03;"sábado";"06:00:00";"SP";116;219;"GUARULHOS";"Ingestão de Álcool";"Saída de leito carroçável";"Sem Vítimas";"Amanhecer";"Crescente";"Nublado";"Múltipla";"Curva";"Sim";1;0;0;0;0;1;0;1;-23,46143954;-46,48885316;"SPRF-SP";"DEL01-SP";"UOP01-DEL01-SP"
226321;2019-08-03;"sábado";"06:15:00";"DF";60;9;"BRASILIA";"Falta de Atenção à Condução";"Saída de leito carroçável";"Sem Vítimas";"Pleno dia";"Crescente";"Céu Claro";"Dupla";"Reta";"Sim";1;0;0;0;0;1;0;1;-15,90611446;-48,14020157;"SPRF-DF";"DEL01-DF";"UOP01-DEL03-DF"
226322;2019-08-02;"sexta-feira";"22:00:00";"PI";316;106,3;"PASSAGEM FRANCA DO PIAUI";"Desobediência às normas de trânsito pelo condutor";"Colisão frontal";"Com Vítimas Feridas";"Plena Noite";"Crescente";"Céu Claro";"Simples";"Curva";"Não";2;0;0;1;0;1;1;2;-5,86057292;-42,43100166;"SPRF-PI";"DEL04-PI";"UOP02-DEL04-PI"
226325;2019-08-03;"sábado";"06:00:00";"MG";40;636,9;"CONSELHEIRO LAFAIETE";"Falta de Atenção à Condução";"Colisão transversal";"Com Vítimas Feridas";"Amanhecer";"Decrescente";"Nublado";"Simples";"Reta";"Não";3;0;1;0;2;0;1;2;-20,718081;-43,797715;"SPRF-MG";"DEL05-MG";"UOP02-DEL05-MG"
226327;2019-08-03;"sábado";"07:30:00";"SP";381;69,9;"MAIRIPORA";"Pista Escorregadia";"Capotamento";"Com Vítimas Feridas";"Pleno dia";"Decrescente";"Chuva";"Dupla";"Curva";"Não";1;0;1;0;0;0;1;1;-23,34553108;-46,56787903;"SPRF-SP";"DEL03-SP";"UOP01-DEL03-SP"
226331;2019-08-03;"sábado";"07:30:00";"PI";343;306,2;"ALTOS";"Falta de Atenção à Condução";"Colisão traseira";"Sem Vítimas";"Pleno dia";"Decrescente";"Céu Claro";"Simples";"Reta";"Sim";2;0;0;0;2;0;0;2;-5,038756;-42,450893;"SPRF-PI";"DEL01-PI";"UOP01-DEL01-PI"
226332;2019-08-03;"sábado";"08:30:00";"RS";101;27,9;"TRES CACHOEIRAS";"Desobediência às normas de trânsito pelo condutor";"Saída de leito carroçável";"Com Vítimas Feridas";"Pleno dia";"Decrescente";"Céu Claro";"Dupla";"Curva";"Sim";1;0;0;1;0;0;1;1;-29,46214416;-49,94468297;"SPRF-RS";"DEL03-RS";"UOP02-DEL03-RS"
226333;2019-08-03;"sábado";"08:30:00";"SP";116;220;"GUARULHOS";"Falta de Atenção à Condução";"Queda de ocupante de veículo";"Com Vítimas Feridas";"Pleno dia";"Crescente";"Nublado";"Múltipla";"Reta";"Não";2;0;1;0;0;1;1;2;-23,46472809;-46,49793962;"SPRF-SP";"DEL01-SP";"UOP01-DEL01-SP"
226334;2019-08-03;"sábado";"09:00:00";"MG";381;344;"BELA VISTA DE MINAS";"Falta de Atenção à Condução";"Saída de leito carroçável";"Com Vítimas Feridas";"Pleno dia";"Crescente";"Céu Claro";"Simples";"Aclive";"Não";4;0;4;0;0;0;4;1;-19,83888766;-43,09576135;"SPRF-MG";"DEL03-MG";"UOP01-DEL03-MG"
226335;2019-08-03;"sábado";"09:05:00";"SC";101;213;"PALHOCA";"Desobediência às normas de trânsito pelo condutor";"Colisão transversal";"Com Vítimas Feridas";"Pleno dia";"Decrescente";"Céu Claro";"Dupla";"Viaduto;Interseção de Vias";"Sim";3;0;1;0;2;0;1;2;-27,63697369;-48,66514142;"SPRF-SC";"DEL01-SC";"UOP02-DEL01-SC"
226336;2019-06-04;"terça-feira";"08:00:00";"PA";153;124;"SAO GERALDO DO ARAGUAIA";"Falta de Atenção à Condução";"Capotamento";"Com Vítimas Feridas";"Pleno dia";"Decrescente";"Ignorado";"Simples";"Reta";"Não";1;0;1;0;0;0;1;1;-6,16782365;-48,61074015;"SPRF-PA";"DEL03-PA";"UOP01-DEL03-PA"
226338;2019-08-03;"sábado";"09:00:00";"PR";277;128;"BALSA NOVA";"Velocidade Incompatível";"Capotamento";"Com Vítimas Feridas";"Pleno dia";"Crescente";"Céu Claro";"Dupla";"Curva";"Não";2;0;2;0;0;0;2;1;-25,47351271;-49,67931747;"SPRF-PR";"DEL01-PR";"UOP06-DEL01-PR"
226339;2019-08-03;"sábado";"08:40:00";"SP";116;173,9;"JACAREI";"Condutor Dormindo";"Capotamento";"Com Vítimas Feridas";"Amanhecer";"Crescente";"Nublado";"Dupla";"Reta";"Não";1;0;1;0;0;0;1;1;-23,319952;-46,08907;"SPRF-SP";"DEL02-SP";"UOP01-DEL02-SP"
226340;2019-08-03;"sábado";"08:35:00";"MA";135;9,1;"SAO LUIS";"Avarias e/ou desgaste excessivo no pneu";"Colisão com objeto estático";"Com Vítimas Feridas";"Pleno dia";"Decrescente";"Céu Claro";"Dupla";"Aclive";"Não";4;0;1;0;3;0;1;1;-2,64941425;-44,28038883;"SPRF-MA";"DEL01-MA";"UOP01-DEL01-MA"
226341;2019-08-03;"sábado";"09:20:00";"RS";116;223;"DOIS IRMAOS";"Falta de Atenção à Condução";"Tombamento";"Com Vítimas Feridas";"Pleno dia";"Decrescente";"Céu Claro";"Simples";"Curva";"Não";1;0;1;0;0;0;1;1;-29,58827044;-51,09917696;"SPRF-RS";"DEL01-RS";"UOP02-DEL01-RS"
226342;2019-08-03;"sábado";"09:15:00";"MG";381;493,5;"BETIM";"Falta de Atenção à Condução";"Colisão traseira";"Com Vítimas Feridas";"Pleno dia";"Crescente";"Sol";"Múltipla";"Reta";"Sim";2;0;1;0;1;0;1;2;-19,96410193;-44,1710043;"SPRF-MG";"DEL01-MG";"UOP03-DEL01-MG"
226343;2019-08-03;"sábado";"08:50:00";"BA";324;607;"SIMOES FILHO";"Não guardar distância de segurança";"Colisão lateral";"Com Vítimas Feridas";"Pleno dia";"Decrescente";"Céu Claro";"Dupla";"Reta;Declive";"Sim";3;0;1;0;1;1;1;2;-12,80271203;-38,40391318;"SPRF-BA";"DEL01-BA";"UOP01-DEL01-BA"
226344;2019-08-03;"sábado";"09:20:00";"PR";376;176;"MARINGA";"Falta de Atenção à Condução";"Colisão lateral";"Com Vítimas Feridas";"Pleno dia";"Crescente";"Céu Claro";"Dupla";"Reta";"Sim";3;0;1;0;2;0;1;2;-23,41269173;-51,93158327;"SPRF-PR";"DEL07-PR";"UOP01-DEL09-PR"
226345;2019-07-14;"domingo";"17:00:00";"GO";452;161,2;"ITUMBIARA";"Ingestão de Álcool";"Colisão traseira";"Com Vítimas Feridas";"Pleno dia";"Decrescente";"Céu Claro";"Simples";"Reta";"Não";2;0;0;1;1;0;1;2;-18,31260078;-49,49835091;"SPRF-GO";"DEL03-GO";"UOP02-DEL03-GO"
226349;2019-08-03;"sábado";"07:45:00";"GO";60;16;"ALEXANIA";"Falta de Atenção à Condução";"Capotamento";"Com Vítimas Feridas";"Pleno dia";"Decrescente";"Céu Claro";"Dupla";"Reta";"Não";1;0;1;0;0;0;1;1;-16,094168;-48,517212;"SPRF-DF";"DEL01-DF";"UOP01-DEL03-DF"
226350;2019-08-03;"sábado";"10:00:00";"SC";470;175;"POUSO REDONDO";"Falta de Atenção à Condução";"Colisão transversal";"Com Vítimas Feridas";"Pleno dia";"Decrescente";"Céu Claro";"Simples";"Reta";"Sim";2;0;1;0;1;0;1;2;-27,25617;-49,938969;"SPRF-SC";"DEL04-SC";"UOP02-DEL04-SC"
226351;2019-08-03;"sábado";"10:00:00";"SP";116;214;"GUARULHOS";"Ingestão de Álcool";"Colisão traseira";"Com Vítimas Feridas";"Pleno dia";"Decrescente";"Nublado";"Múltipla";"Reta";"Sim";6;0;2;1;2;1;3;4;-23,44333014;-46,44531294;"SPRF-SP";"DEL01-SP";"UOP01-DEL01-SP"
226352;2019-08-03;"sábado";"06:20:00";"SC";470;2,5;"NAVEGANTES";"Falta de Atenção à Condução";"Saída de leito carroçável";"Sem Vítimas";"Plena Noite";"Crescente";"Nublado";"Simples";"Reta";"Não";1;0;0;0;1;0;0;1;-26,868551;-48,674831;"SPRF-SC";"DEL04-SC";"UOP04-DEL04-SC"
226353;2019-08-03;"sábado";"10:00:00";"PA";163;1000,6;"SANTAREM";"Não guardar distância de segurança";"Colisão traseira";"Sem Vítimas";"Pleno dia";"Decrescente";"Céu Claro";"Simples";"Interseção de Vias;Reta";"Sim";2;0;0;0;2;0;0;2;-2,46681619;-54,72806096;"SPRF-PA";"DEL05-PA";"UOP01-DEL05-PA"
226354;2019-08-03;"sábado";"10:15:00";"PR";116;17;"CURITIBA";"Ingestão de Álcool";"Colisão traseira";"Com Vítimas Feridas";"Pleno dia";"Decrescente";"Sol";"Dupla";"Reta";"Sim";2;0;1;1;0;0;2;2;-25,389;-49,1867;"SPRF-PR";"DEL01-PR";"UOP01-DEL01-PR"
226355;2019-06-04;"terça-feira";"08:00:00";"PA";153;124;"SAO GERALDO DO ARAGUAIA";"Falta de Atenção à Condução";"Capotamento";"Com Vítimas Feridas";"Pleno dia";"Decrescente";"Céu Claro";"Simples";"Reta";"Não";1;0;1;0;0;0;1;1;-6,16782365;-48,61074015;"SPRF-PA";"DEL03-PA";"UOP01-DEL03-PA"
226356;2019-08-03;"sábado";"10:30:00";"SP";381;73;"SAO PAULO";"Velocidade Incompatível";"Colisão traseira";"Com Vítimas Feridas";"Pleno dia";"Crescente";"Garoa/Chuvisco";"Múltipla";"Curva";"Sim";8;0;5;0;3;0;5;2;-23,36553404;-46,55253934;"SPRF-SP";"DEL03-SP";"UOP01-DEL03-SP"
226357;2019-08-03;"sábado";"10:29:00";"SC";470;58;"BLUMENAU";"Ingestão de Álcool";"Colisão traseira";"Sem Vítimas";"Pleno dia";"Decrescente";"Sol";"Simples";"Reta";"Não";2;0;0;0;2;0;0;2;-26,883879;-49,145622;"SPRF-SC";"DEL04-SC";"UOP01-DEL04-SC"
226359;2019-08-03;"sábado";"11:10:00";"MG";381;782;"CAMPANHA";"Velocidade Incompatível";"Saída de leito carroçável";"Com Vítimas Feridas";"Pleno dia";"Crescente";"Chuva";"Dupla";"Curva";"Não";2;0;2;0;0;0;2;1;-21,85981403;-45,52590597;"SPRF-MG";"DEL16-MG";"UOP02-DEL16-MG"
226362;2019-08-03;"sábado";"11:40:00";"CE";222;3,2;"CAUCAIA";"Falta de Atenção do Pedestre";"Atropelamento de Pedestre";"Com Vítimas Feridas";"Pleno dia";"Decrescente";"Céu Claro";"Dupla";"Reta";"Sim";2;0;0;1;1;0;1;2;-3,736507;-38,65337;"SPRF-CE";"DEL01-CE";"UOP01-DEL01-CE"
226363;2019-08-03;"sábado";"11:30:00";"ES";259;59;"COLATINA";"Ingestão de Álcool";"Colisão traseira";"Com Vítimas Feridas";"Pleno dia";"Crescente";"Céu Claro";"Simples";"Aclive;Reta";"Sim";2;0;0;1;0;1;1;2;-19,52523337;-40,67439817;"SPRF-ES";"DEL02-ES";"UOP01-DEL02-ES"
226364;2019-08-03;"sábado";"10:45:00";"RJ";116;277,8;"BARRA MANSA";"Falta de Atenção à Condução";"Colisão traseira";"Com Vítimas Feridas";"Pleno dia";"Crescente";"Chuva";"Dupla";"Curva";"Não";5;0;1;0;4;0;1;3;-22,55905501;-44,17284006;"SPRF-RJ";"DEL07-RJ";"UOP02-DEL07-RJ"
226365;2019-08-03;"sábado";"12:00:00";"SC";470;2;"NAVEGANTES";"Sinalização da via insuficiente ou inadequada";"Colisão lateral";"Com Vítimas Feridas";"Pleno dia";"Decrescente";"Céu Claro";"Simples";"Em Obras;Curva";"Sim";3;0;1;0;2;0;1;2;-26,868551;-48,674831;"SPRF-SC";"DEL04-SC";"UOP04-DEL04-SC"
226366;2019-08-03;"sábado";"11:20:00";"RS";386;430;"NOVA SANTA RITA";"Falta de Atenção à Condução";"Tombamento";"Com Vítimas Feridas";"Pleno dia";"Crescente";"Sol";"Dupla";"Reta";"Não";2;0;2;0;0;0;2;1;-29,828415;-51,322445;"SPRF-RS";"DEL04-RS";"UOP02-DEL04-RS"
226369;2019-08-03;"sábado";"11:30:00";"PR";116;17;"CURITIBA";"Falta de Atenção à Condução";"Colisão traseira";"Com Vítimas Feridas";"Pleno dia";"Crescente";"Céu Claro";"Dupla";"Reta;Aclive";"Sim";4;0;1;0;3;0;1;3;-25,389;-49,1867;"SPRF-PR";"DEL01-PR";"UOP01-DEL01-PR"
226370;2019-08-03;"sábado";"12:40:00";"PE";101;116;"CABO DE SANTO AGOSTINHO";"Falta de Atenção à Condução";"Saída de leito carroçável";"Com Vítimas Feridas";"Pleno dia";"Decrescente";"Céu Claro";"Dupla";"Curva";"Não";1;0;1;0;0;0;1;1;-8,34532196;-35,14676704;"SPRF-PE";"DEL01-PE";"UOP03-DEL01-PE"
226371;2019-08-03;"sábado";"12:30:00";"PB";230;12;"CABEDELO";"Falta de Atenção à Condução";"Colisão lateral";"Com Vítimas Feridas";"Pleno dia";"Decrescente";"Céu Claro";"Dupla";"Reta";"Sim";3;0;2;0;1;0;2;2;-7,068;-34,85;"SPRF-PB";"DEL01-PB";"UOP01-DEL01-PB"
226374;2019-08-03;"sábado";"10:30:00";"RS";290;170,6;"BUTIA";"Ultrapassagem Indevida";"Colisão frontal";"Com Vítimas Feridas";"Pleno dia";"Decrescente";"Céu Claro";"Simples";"Declive";"Não";7;0;5;1;1;0;6;2;-30,125158;-51,910156;"SPRF-RS";"DEL02-RS";"UOP02-DEL02-RS"
226375;2019-08-03;"sábado";"13:10:00";"PR";277;637,9;"CEU AZUL";"Não guardar distância de segurança";"Colisão transversal";"Com Vítimas Feridas";"Pleno dia";"Crescente";"Céu Claro";"Simples";"Interseção de Vias";"Sim";3;0;1;0;2;0;1;2;-25,15127997;-53,84435289;"SPRF-PR";"DEL05-PR";"UOP02-DEL05-PR"