"id";"data_inversa";"dia_semana";"horario";"uf";"br";"km";"municipio";"causa_acidente";"tipo_acidente";"classificacao_acidente";"fase_dia";"sentido_via";"condicao_metereologica";"tipo_pista";"tracado_via";"uso_solo";"pessoas";"mortos";"feridos_leves";"feridos_graves";"ilesos";"ignorados";"feridos";"veiculos";"latitude";"longitude";"regional";"delegacia";"uop"
226486;2019-08-03;"sábado";"21:00:00";"PE";101;71,2;"RECIFE";"Defeito na Via";"Queda de ocupante de veículo";"Com Vítimas Feridas";"Plena Noite";"Decrescente";"Céu Claro";"Dupla";"Reta";"Sim";2;0;1;0;1;0;1;2;-8,07663102;-34,94277871;"SPRF-PE";"DEL01-PE";"UOP01-DEL01-PE"
226487;2019-08-03;"sábado";"19:15:00";"RO";319;62,1;"PORTO VELHO";"Falta de Atenção à Condução";"Colisão transversal";"Com Vítimas Feridas";"Plena Noite";"Decrescente";"Céu Claro";"Múltipla";"Reta";"Sim";2;0;0;1;0;1;1;2;-8,766685;-63,884052;"SPRF-RO";"DEL01-RO";"UOP01-DEL01-RO"
226488;2019-08-03;"sábado";"17:00:00";"ES";101;46,9;"SAO MATEUS";"Avarias e/ou desgaste excessivo no pneu";"Queda de ocupante de veículo";"Com Vítimas Feridas";"Anoitecer";"Decrescente";"Céu Claro";"Simples";"Reta";"Não";2;0;2;0;0;0;2;1;-18,55144093;-39,90284075;"SPRF-ES";"DEL04-ES";"UOP02-DEL04-ES"
226489;2019-08-03;"sábado";"11:20:00";"MG";116;653;"SAO FRANCISCO DO GLORIA";"Falta de Atenção à Condução";"Saída de leito carroçável";"Com Vítimas Feridas";"Pleno dia";"Decrescente";"Sol";"Simples";"Curva";"Não";1;0;1;0;0;0;1;1;-20,74083454;-42,28614461;"SPRF-MG";"DEL07-MG";"UOP03-DEL07-MG"
226490;2019-08-03;"sábado";"18:30:00";"MG";116;701,5;"MURIAE";"Falta de Atenção à Condução";"Colisão transversal";"Com Vítimas Feridas";"Plena Noite";"Crescente";"Nublado";"Simples";"Reta";"Sim";9;0;5;0;3;1;5;2;-21,11084891;-42,3806104;"SPRF-MG";"DEL07-MG";"UOP02-DEL07-MG"
226491;2019-08-03;"sábado";"21:30:00";"SP";116;209;"GUARULHOS";"Falta de Atenção à Condução";"Colisão traseira";"Com Vítimas Feridas";"Plena Noite";"Decrescente";"Nublado";"Múltipla";"Reta";"Não";6;0;5;0;1;0;5;2;-23,42511799;-46,40221101;"SPRF-SP";"DEL01-SP";"UOP01-DEL01-SP"
226492;2019-08-03;"sábado";"18:00:00";"CE";222;11;"CAUCAIA";"Pista Escorregadia";"Queda de ocupante de veículo";"Com Vítimas Feridas";"Plena Noite";"Decrescente";"Céu Claro";"Dupla";"Viaduto";"Sim";1;0;1;0;0;0;1;1;-3,76838024;-38,66642475;"SPRF-CE";"DEL01-CE";"UOP01-DEL01-CE"
226493;2019-08-03;"sábado";"21:30:00";"PR";277;720,6;"FOZ DO IGUACU";"Velocidade Incompatível";"Saída de leito carroçável";"Sem Vítimas";"Plena Noite";"Crescente";"Céu Claro";"Dupla";"Reta";"Sim";1;0;0;0;0;1;0;1;-25,48750984;-54,50317706;"SPRF-PR";"DEL05-PR";"UOP01-DEL05-PR"
226495;2019-08-03;"sábado";"21:30:00";"RJ";101;279;"TANGUA";"Mal Súbito";"Colisão com objeto estático";"Com Vítimas Fatais";"Plena Noite";"Crescente";"Chuva";"Dupla";"Reta";"Não";1;1;0;0;0;0;0;1;-22,7383655;-42,76745405;"SPRF-RJ";"DEL02-RJ";"UOP03-DEL02-RJ"
226496;2019-08-03;"sábado";"22:15:00";"ES";101;66,6;"SAO MATEUS";"Falta de Atenção à Condução";"Colisão transversal";"Com Vítimas Feridas";"Plena Noite";"Crescente";"Ignorado";"Dupla";"Reta";"Sim";3;0;0;1;1;1;1;3;-18,7165195;-39,87436378;"SPRF-ES";"DEL04-ES";"UOP02-DEL04-ES"
226497;2019-08-03;"sábado";"21:50:00";"ES";101;144;"LINHARES";"Ingestão de Álcool";"Colisão traseira";"Com Vítimas Feridas";"Plena Noite";"Decrescente";"Céu Claro";"Dupla";"Interseção de Vias";"Sim";2;0;1;0;1;0;1;2;-19,35188295;-40,0636685;"SPRF-ES";"DEL04-ES";"UOP01-DEL04-ES"
226498;2019-08-03;"sábado";"20:00:00";"RR";174;503;"BOA VISTA";"Ingestão de Álcool";"Colisão traseira";"Sem Vítimas";"Plena Noite";"Crescente";"Céu Claro";"Dupla";"Reta";"Sim";2;0;0;0;2;0;0;2;2,77523654;-60,71027756;"SPRF-RR";"DEL01-RR";"UOP01-DEL01-RR"
226499;2019-08-03;"sábado";"22:30:00";"SC";282;275;"SAO JOSE DO CERRITO";"Condutor Dormindo";"Colisão frontal";"Sem Vítimas";"Plena Noite";"Crescente";"Céu Claro";"Simples";"Reta";"Sim";3;0;0;0;1;2;0;2;-27,5859425;-50,7387259;"SPRF-SC";"DEL05-SC";"UOP02-DEL05-SC"
226500;2019-08-03;"sábado";"21:50:00";"SC";280;46,9;"GUARAMIRIM";"Ingestão de Álcool";"Saída de leito carroçável";"Com Vítimas Feridas";"Plena Noite";"Decrescente";"Céu Claro";"Simples";"Reta";"Não";1;0;1;0;0;0;1;1;-26,45353941;-48,91654551;"SPRF-SC";"DEL03-SC";"UOP03-DEL03-SC"
226501;2019-08-03;"sábado";"22:30:00";"PR";277;97;"CURITIBA";"Falta de Atenção à Condução";"Colisão traseira";"Com Vítimas Feridas";"Plena Noite";"Crescente";"Céu Claro";"Múltipla";"Reta";"Não";3;0;3;0;0;0;3;2;-25,54577186;-49,29537197;"SPRF-PR";"DEL01-PR";"UOP06-DEL01-PR"
226502;2019-08-03;"sábado";"22:15:00";"PR";376;169;"MARINGA";"Falta de Atenção à Condução";"Queda de ocupante de veículo";"Com Vítimas Feridas";"Plena Noite";"Crescente";"Céu Claro";"Dupla";"Reta";"Não";1;0;1;0;0;0;1;1;-23,41293401;-51,98354301;"SPRF-PR";"DEL07-PR";"UOP01-DEL09-PR"
226503;2019-08-03;"sábado";"22:49:00";"BA";415;24;"ILHEUS";"Ingestão de Álcool";"Colisão transversal";"Sem Vítimas";"Plena Noite";"Decrescente";"Céu Claro";"Simples";"Aclive;Reta";"Não";2;0;0;0;2;0;0;2;-14,8482;-39,281986;"SPRF-BA";"DEL05-BA";"UOP01-DEL05-BA"
226504;2019-08-03;"sábado";"21:00:00";"RR";174;523;"BOA VISTA";"Ingestão de Álcool";"Colisão traseira";"Sem Vítimas";"Plena Noite";"Decrescente";"Céu Claro";"Simples";"Reta";"Não";2;0;0;0;2;0;0;2;2,97381306;-60,74615479;"SPRF-RR";"DEL01-RR";"UOP01-DEL01-RR"
226511;2019-08-03;"sábado";"14:40:00";"MG";381;915;"CAMANDUCAIA";"Velocidade Incompatível";"Colisão lateral";"Com Vítimas Feridas";"Pleno dia";"Decrescente";"Nublado";"Dupla";"Reta";"Não";5;0;2;1;2;0;3;3;-22,76087082;-46,16278597;"SPRF-MG";"DEL16-MG";"UOP03-DEL16-MG"
226512;2019-08-03;"sábado";"19:10:00";"PR";376;679;"GUARATUBA";"Ingestão de Álcool";"Capotamento";"Sem Vítimas";"Plena Noite";"Crescente";"Céu Claro";"Dupla";"Curva";"Não";1;0;0;0;1;0;0;1;-25,95248818;-48,90289307;"SPRF-PR";"DEL01-PR";"UOP04-DEL01-PR"
226513;2019-08-03;"sábado";"22:15:00";"RS";285;118;"VACARIA";"Animais na Pista";"Atropelamento de Animal";"Sem Vítimas";"Plena Noite";"Decrescente";"Céu Claro";"Simples";"Reta";"Sim";2;0;0;0;2;0;0;2;-28,508183;-50,912724;"SPRF-RS";"DEL05-RS";"UOP03-DEL05-RS"
226515;2019-08-03;"sábado";"23:00:00";"BA";324;619;"SALVADOR";"Desobediência às normas de trânsito pelo condutor";"Capotamento";"Com Vítimas Feridas";"Plena Noite";"Crescente";"Céu Claro";"Múltipla";"Reta";"Sim";2;0;1;0;0;1;1;2;-12,89820999;-38,45012202;"SPRF-BA";"DEL01-BA";"UOP01-DEL01-BA"
226516;2019-08-03;"sábado";"20:10:00";"BA";101;717,4;"EUNAPOLIS";"Desobediência às normas de trânsito pelo condutor";"Colisão frontal";"Com Vítimas Feridas";"Plena Noite";"Decrescente";"Céu Claro";"Simples";"Reta";"Sim";4;0;1;1;2;0;2;2;-16,36705513;-39,58256006;"SPRF-BA";"DEL09-BA";"UOP01-DEL09-BA"
226517;2019-08-03;"sábado";"22:30:00";"RO";364;706;"PORTO VELHO";"Falta de Atenção à Condução";"Colisão com objeto estático";"Com Vítimas Feridas";"Plena Noite";"Decrescente";"Céu Claro";"Dupla";"Reta";"Não";1;0;0;1;0;0;1;1;-8,80030539;-63,823428;"SPRF-RO";"DEL01-RO";"UOP01-DEL01-RO"
226518;2019-08-03;"sábado";"19:30:00";"RJ";116;270,4;"BARRA MANSA";"Desobediência às normas de trânsito pelo condutor";"Colisão lateral";"Sem Vítimas";"Plena Noite";"Decrescente";"Nublado";"Simples";"Aclive;Interseção de Vias";"Sim";4;0;0;0;2;2;0;2;-22,56923335;-44,12024318;"SPRF-RJ";"DEL07-RJ";"UOP02-DEL07-RJ"
226520;2019-08-03;"sábado";"22:00:00";"BA";110;306;"INHAMBUPE";"Condutor Dormindo";"Colisão traseira";"Com Vítimas Feridas";"Plena Noite";"Decrescente";"Céu Claro";"Simples";"Reta";"Não";2;0;2;0;0;0;2;2;-11,95971896;-38,3725292;"SPRF-BA";"DEL01-BA";"UOP04-DEL01-BA"
226521;2019-08-04;"domingo";"00:31:00";"TO";153;409,4;"MIRANORTE";"Falta de Atenção à Condução";"Saída de leito carroçável";"Com Vítimas Feridas";"Plena Noite";"Crescente";"Céu Claro";"Dupla";"Curva";"Não";3;0;2;0;1;0;2;1;-9,49014778;-48,58485911;"SPRF-TO";"DEL02-TO";"UOP02-DEL02-TO"
226522;2019-08-04;"domingo";"00:09:00";"GO";153;536;"HIDROLANDIA";"Defeito Mecânico no Veículo";"Incêndio";"Sem Vítimas";"Plena Noite";"Crescente";"Céu Claro";"Dupla";"Curva";"Não";1;0;0;0;1;0;0;1;-17,0193;-49,2217;"SPRF-GO";"DEL01-GO";"UOP03-DEL01-GO"
226523;2019-08-04;"domingo";"00:45:00";"SC";101;201;"SAO JOSE";"Falta de Atenção à Condução";"Atropelamento de Pedestre";"Com Vítimas Feridas";"Plena Noite";"Decrescente";"Céu Claro";"Dupla";"Reta";"Sim";2;0;1;0;0;1;1;2;-27,54836599;-48,61977975;"SPRF-SC";"DEL01-SC";"UOP01-DEL01-SC"
226524;2019-08-03;"sábado";"14:30:00";"MS";262;47,4;"TRES LAGOAS";"Avarias e/ou desgaste excessivo no pneu";"Saída de leito carroçável";"Com Vítimas Feridas";"Pleno dia";"Decrescente";"Céu Claro";"Simples";"Reta";"Não";3;0;3;0;0;0;3;1;-20,75888048;-52,03298313;"SPRF-MS";"DEL07-MS";"UOP01-DEL07-MS"
226526;2019-08-04;"domingo";"01:45:00";"RS";392;109,1;"CANGUCU";"Falta de Atenção à Condução";"Tombamento";"Com Vítimas Feridas";"Plena Noite";"Decrescente";"Céu Claro";"Múltipla";"Aclive";"Não";2;0;2;0;0;0;2;1;-31,47076927;-52,6299213;"SPRF-RS";"DEL07-RS";"UOP01-DEL07-RS"
226527;2019-08-04;"domingo";"01:19:00";"RJ";116;277,9;"BARRA MANSA";"Falta de Atenção à Condução";"Colisão com objeto estático";"Sem Vítimas";"Plena Noite";"Decrescente";"Chuva";"Dupla";"Curva";"Não";1;0;0;0;1;0;0;1;-22,55905501;-44,17284006;"SPRF-RJ";"DEL07-RJ";"UOP02-DEL07-RJ"
226528;2019-08-04;"domingo";"00:25:00";"ES";101;271;"SERRA";"Falta de Atenção à Condução";"Colisão lateral";"Sem Vítimas";"Plena Noite";"Crescente";"Céu Claro";"Múltipla";"Reta";"Sim";2;0;0;0;0;2;0;2;-20,23267;-40,27658;"SPRF-ES";"DEL02-ES";"UOP01-DEL02-ES"
226530;2019-08-04;"domingo";"02:30:00";"PR";376;192,5;"MARIALVA";"Velocidade Incompatível";"Saída de leito carroçável";"Com Vítimas Feridas";"Plena Noite";"Crescente";"Céu Claro";"Dupla";"Curva";"Não";6;0;2;4;0;0;6;1;-23,490645;-51,816663;"SPRF-PR";"DEL07-PR";"UOP01-DEL09-PR"
226531;2019-08-04;"domingo";"02:40:00";"SP";381;32,9;"ATIBAIA";"Defeito Mecânico no Veículo";"Colisão com objeto estático";"Com Vítimas Feridas";"Plena Noite";"Crescente";"Céu Claro";"Dupla";"Reta";"Não";1;0;1;0;0;0;1;1;-23,06461405;-46,57048121;"SPRF-SP";"DEL03-SP";"UOP02-DEL03-SP"
226532;2019-08-03;"sábado";"23:20:00";"SC";280;189,9;"MAFRA";"Velocidade Incompatível";"Saída de leito carroçável";"Com Vítimas Feridas";"Plena Noite";"Decrescente";"Céu Claro";"Simples";"Curva";"Não";2;0;2;0;0;0;2;1;-26,17527846;-49,97184598;"SPRF-SC";"DEL06-SC";"UOP01-DEL06-SC"
226533;2019-08-04;"domingo";"02:15:00";"MG";262;436;"NOVA SERRANA";"Velocidade Incompatível";"Saída de leito carroçável";"Com Vítimas Feridas";"Plena Noite";"Decrescente";"Céu Claro";"Dupla";"Reta";"Não";2;0;1;0;1;0;1;1;-19,89783676;-44,86031995;"SPRF-MG";"DEL08-MG";"UOP03-DEL08-MG"
226536;2019-08-04;"domingo";"02:30:00";"PI";230;310;"FLORIANO";"Ingestão de Álcool";"Colisão frontal";"Com Vítimas Feridas";"Plena Noite";"Decrescente";"Ignorado";"Simples";"Reta";"Sim";2;0;1;0;0;1;1;2;-6,76580135;-43,00941327;"SPRF-PI";"DEL03-PI";"UOP01-DEL03-PI"
226537;2019-08-04;"domingo";"03:00:00";"SP";116;53;"LORENA";"Falta de Atenção à Condução";"Colisão com objeto estático";"Com Vítimas Feridas";"Plena Noite";"Decrescente";"Nublado";"Dupla";"Rotatória";"Sim";1;0;1;0;0;0;1;1;-22,75199282;-45,10505676;"SPRF-SP";"DEL08-SP";"UOP01-DEL08-SP"
226538;2019-08-04;"domingo";"02:50:00";"PR";476;160,9;"ARAUCARIA";"Ingestão de Álcool";"Colisão traseira";"Com Vítimas Feridas";"Plena Noite";"Decrescente";"Nublado";"Simples";"Curva";"Sim";5;0;1;1;3;0;2;4;-25,622871;-49,447582;"SPRF-PR";"DEL01-PR";"UOP06-DEL01-PR"
226540;2019-08-04;"domingo";"03:00:00";"SC";101;23,7;"JOINVILLE";"Desobediência às normas de trânsito pelo pedestre";"Atropelamento de Pedestre";"Com Vítimas Fatais";"Plena Noite";"Decrescente";"Céu Claro";"Dupla";"Reta";"Sim";2;1;0;0;0;1;0;2;-26,16582501;-48,90742427;"SPRF-SC";"DEL03-SC";"UOP01-DEL03-SC"
226543;2019-08-04;"domingo";"03:20:00";"SC";470;50,5;"BLUMENAU";"Falta de Atenção à Condução";"Saída de leito carroçável";"Sem Vítimas";"Plena Noite";"Decrescente";"Céu Claro";"Simples";"Reta";"Não";1;0;0;0;0;1;0;1;-26,859768;-49,074493;"SPRF-SC";"DEL04-SC";"UOP01-DEL04-SC"
226545;2019-08-04;"domingo";"04:25:00";"MG";381;496;"BETIM";"Falta de Atenção à Condução";"Atropelamento de Pedestre";"Com Vítimas Feridas";"Amanhecer";"Decrescente";"Nublado";"Dupla";"Curva";"Não";6;0;0;1;1;4;1;2;-19,99676497;-44,20958506;"SPRF-MG";"DEL01-MG";"UOP03-DEL01-MG"
226546;2019-08-04;"domingo";"04:00:00";"MG";459;72;"SENADOR JOSE BENTO";"Ingestão de álcool e/ou substâncias psicoativas pelo pedestre";"Saída de leito carroçável";"Com Vítimas Feridas";"Plena Noite";"Crescente";"Nublado";"Simples";"Reta";"Não";2;0;2;0;0;0;2;1;-22,131153;-46,152573;"SPRF-MG";"DEL16-MG";"UOP01-DEL09-MG"
226547;2019-08-04;"domingo";"05:00:00";"RJ";393;267;"BARRA DO PIRAI";"Velocidade Incompatível";"Saída de leito carroçável";"Com Vítimas Feridas";"Plena Noite";"Decrescente";"Garoa/Chuvisco";"Simples";"Reta";"Não";2;0;0;2;0;0;2;1;-22,48615925;-43,90037496;"SPRF-RJ";"DEL05-RJ";"UOP04-DEL05-RJ"
226548;2019-08-04;"domingo";"03:30:00";"MG";381;531,3;"ITATIAIUCU";"Velocidade Incompatível";"Colisão com objeto estático";"Sem Vítimas";"Plena Noite";"Crescente";"Nevoeiro/Neblina";"Dupla";"Curva";"Não";2;0;0;0;2;0;0;1;-20,18182886;-44,37895835;"SPRF-MG";"DEL04-MG";"UOP03-DEL04-MG"
226549;2019-08-04;"domingo";"05:15:00";"GO";153;699;"ITUMBIARA";"Ingestão de Álcool";"Saída de leito carroçável";"Com Vítimas Feridas";"Plena Noite";"Crescente";"Ignorado";"Simples";"Curva";"Sim";2;0;1;1;0;0;2;1;-18,3862;-49,2076;"SPRF-GO";"DEL03-GO";"UOP02-DEL03-GO"
226550;2019-08-04;"domingo";"05:00:00";"PR";376;180;"MARINGA";"Falta de Atenção à Condução";"Queda de ocupante de veículo";"Com Vítimas Feridas";"Plena Noite";"Crescente";"Céu Claro";"Dupla";"Reta";"Não";1;0;1;0;0;0;1;1;-23,42725352;-51,89512271;"SPRF-PR";"DEL07-PR";"UOP01-DEL09-PR"
226551;2019-08-04;"domingo";"04:00:00";"RS";392;640,3;"GUARANI DAS MISSOES";"Ingestão de Álcool";"Saída de leito carroçável";"Com Vítimas Feridas";"Plena Noite";"Crescente";"Céu Claro";"Simples";"Reta";"Não";1;0;1;0;0;0;1;1;-28,14896715;-54,53150511;"SPRF-RS";"DEL10-RS";"UOP01-DEL10-RS"
226552;2019-08-04;"domingo";"05:30:00";"PR";376;109;"PARANAVAI";"Falta de Atenção à Condução";"Saída de leito carroçável";"Com Vítimas Feridas";"Amanhecer";"Crescente";"Céu Claro";"Simples";"Curva";"Sim";1;0;1;0;0;0;1;1;-23,08086594;-52,40984795;"SPRF-PR";"DEL07-PR";"UOP02-DEL09-PR"
226553;2019-08-04;"domingo";"05:30:00";"RJ";116;134;"MAGE";"Falta de Atenção à Condução";"Tombamento";"Com Vítimas Feridas";"Amanhecer";"Crescente";"Chuva";"Dupla";"Reta";"Sim";2;0;0;1;1;0;1;2;-22,65368834;-43,153534;"SPRF-RJ";"DEL04-RJ";"UOP02-DEL04-RJ"
226556;2019-08-04;"domingo";"05:15:00";"PR";116;67,5;"CAMPINA GRANDE DO SUL";"Falta de Atenção do Pedestre";"Atropelamento de Pedestre";"Com Vítimas Fatais";"Plena Noite";"Crescente";"Céu Claro";"Dupla";"Curva";"Não";3;1;0;0;2;0;0;2;-25,31679789;-49,01854527;"SPRF-PR";"DEL01-PR";"UOP01-DEL01-PR"
226557;2019-08-04;"domingo";"05:00:00";"SP";116;5,5;"QUELUZ";"Falta de Atenção à Condução";"Colisão traseira";"Sem Vítimas";"Amanhecer";"Crescente";"Chuva";"Dupla";"Reta";"Sim";2;0;0;0;2;0;0;2;-22,529476;-44,744602;"SPRF-SP";"DEL08-SP";"UOP02-DEL08-SP"
226558;2019-08-04;"domingo";"05:55:00";"RS";116;253;"SAPUCAIA DO SUL";"Falta de Atenção à Condução";"Colisão com objeto estático";"Com Vítimas Feridas";"Plena Noite";"Decrescente";"Céu Claro";"Múltipla";"Reta";"Sim";1;0;1;0;0;0;1;1;-29,81784209;-51,16996166;"SPRF-RS";"DEL01-RS";"UOP02-DEL01-RS"
226559;2019-08-04;"domingo";"02:30:00";"AM";174;924;"MANAUS";"Desobediência às normas de trânsito pelo pedestre";"Atropelamento de Pedestre";"Com Vítimas Fatais";"Plena Noite";"Decrescente";"Nublado";"Simples";"Reta";"Não";2;1;0;0;0;1;0;2;-2,62395;-60,04004;"SPRF-AM";"DEL01-AM";"UOP01-DEL01-AM"
226560;2019-08-03;"sábado";"19:50:00";"MA";222;669;"ACAILANDIA";"Falta de Atenção do Pedestre";"Atropelamento de Pedestre";"Com Vítimas Feridas";"Plena Noite";"Crescente";"Céu Claro";"Simples";"Reta";"Sim";2;0;1;1;0;0;2;2;-4,9115858;-47,41511612;"SPRF-MA";"DEL04-MA";"UOP03-DEL04-MA"
226562;2019-08-03;"sábado";"21:30:00";"SC";470;148;"RIO DO SUL";"Ingestão de Álcool";"Saída de leito carroçável";"Com Vítimas Feridas";"Plena Noite";"Decrescente";"Nublado";"Simples";"Curva";"Não";1;0;0;1;0;0;1;1;-27,23767975;-49,6826005;"SPRF-SC";"DEL04-SC";"UOP02-DEL04-SC"
226563;2019-08-03;"sábado";"14:50:00";"MG";116;502;"INHAPIM";"Ingestão de Álcool";"Colisão transversal";"Com Vítimas Feridas";"Pleno dia";"Crescente";"Céu Claro";"Simples";"Reta";"Sim";2;0;1;0;1;0;1;2;-19,577398;-42,115808;"SPRF-MG";"DEL06-MG";"UOP02-DEL06-MG"
226565;2019-08-04;"domingo";"04:55:00";"RS";293;98,8;"PINHEIRO MACHADO";"Ingestão de Álcool";"Saída de leito carroçável";"Sem Vítimas";"Plena Noite";"Crescente";"Céu Claro";"Simples";"Reta";"Não";1;0;0;0;1;0;0;1;-31,61181334;-53,29145414;"SPRF-RS";"DEL11-RS";"UOP03-DEL11-RS"
226568;2019-08-04;"domingo";"06:40:00";"MG";50;33;"ARAGUARI";"Velocidade Incompatível";"Saída de leito carroçável";"Com Vítimas Feridas";"Amanhecer";"Crescente";"Céu Claro";"Dupla";"Reta";"Não";1;0;1;0;0;0;1;1;-18,64031273;-48,12395543;"SPRF-MG";"DEL15-MG";"UOP02-DEL15-MG"
226569;2019-07-15;"segunda-feira";"17:00:00";"SC";153;7,7;"AGUA DOCE";"Falta de Atenção à Condução";"Colisão frontal";"Com Vítimas Feridas";"Pleno dia";"Crescente";"Céu Claro";"Simples";"Reta";"Não";5;0;1;1;3;0;2;2;-26,652559;-51,528454;"SPRF-SC";"DEL07-SC";"UOP07-DEL07-SC"
226570;2019-08-04;"domingo";"08:00:00";"MG";381;922;"CAMANDUCAIA";"Falta de Atenção à Condução";"Saída de leito carroçável";"Com Vítimas Feridas";"Pleno dia";"Crescente";"Chuva";"Dupla";"Curva";"Não";2;0;2;0;0;0;2;1;-22,76707833;-46,21789606;"SPRF-MG";"DEL16-MG";"UOP03-DEL16-MG"
226573;2019-08-04;"domingo";"08:30:00";"SP";116;516;"CAJATI";"Velocidade Incompatível";"Capotamento";"Com Vítimas Fatais";"Pleno dia";"Decrescente";"Nublado";"Simples";"Reta";"Não";3;1;0;1;1;0;1;1;-24,86401056;-48,21358681;"SPRF-SP";"DEL05-SP";"UAP01-DEL05-SP"
226574;2019-08-04;"domingo";"09:00:00";"DF";40;4;"BRASILIA";"Condutor Dormindo";"Colisão traseira";"Com Vítimas Feridas";"Pleno dia";"Crescente";"Sol";"Dupla";"Reta";"Sim";3;0;1;0;2;0;1;2;-16,012033;-47,982124;"SPRF-DF";"DEL01-DF";"UOP01-DEL01-DF"
226575;2019-08-04;"domingo";"07:45:00";"RS";386;241,3;"SOLEDADE";"Ingestão de Álcool";"Saída de leito carroçável";"Sem Vítimas";"Pleno dia";"Crescente";"Céu Claro";"Simples";"Reta";"Não";1;0;0;0;0;1;0;1;-28,774895;-52,533451;"SPRF-RS";"DEL04-RS";"UOP03-DEL04-RS"
226576;2019-08-04;"domingo";"06:00:00";"RJ";116;22,9;"SAPUCAIA";"Falta de Atenção à Condução";"Atropelamento de Pedestre";"Com Vítimas Feridas";"Amanhecer";"Crescente";"Nublado";"Simples";"Curva";"Não";3;0;0;1;2;0;1;2;-22,01634583;-42,76878911;"SPRF-RJ";"DEL04-RJ";"UOP01-DEL04-RJ"
226577;2019-08-04;"domingo";"05:45:00";"RJ";116;23;"SAPUCAIA";"Pista Escorregadia";"Queda de ocupante de veículo";"Com Vítimas Feridas";"Amanhecer";"Crescente";"Nublado";"Simples";"Curva";"Não";2;0;2;0;0;0;2;1;-22,03820204;-42,78241995;"SPRF-RJ";"DEL04-RJ";"UOP01-DEL04-RJ"
226578;2019-05-16;"quinta-feira";"07:10:00";"PR";476;139;"CURITIBA";"Falta de Atenção do Pedestre";"Atropelamento de Pedestre";"Com Vítimas Feridas";"Pleno dia";"Crescente";"Chuva";"Múltipla";"Reta";"Não";2;0;1;1;0;0;2;2;-25,51284;-49,289257;"SPRF-PR";"DEL01-PR";"UOP03-DEL01-PR"
226579;2019-08-04;"domingo";"09:15:00";"RS";116;142,5;"CAXIAS DO SUL";"Desobediência às normas de trânsito pelo condutor";"Colisão transversal";"Com Vítimas Feridas";"Pleno dia";"Crescente";"Sol";"Dupla";"Reta";"Sim";3;0;2;0;1;0;2;2;-29,11727;-51,115208;"SPRF-RS";"DEL05-RS";"UOP01-DEL05-RS"
226580;2019-08-04;"domingo";"07:40:00";"MG";356;270;"MURIAE";"Condutor Dormindo";"Colisão frontal";"Com Vítimas Feridas";"Pleno dia";"Decrescente";"Chuva";"Simples";"Ponte;Reta";"Não";3;0;3;0;0;0;3;2;-21,1263092;-42,33069073;"SPRF-MG";"DEL07-MG";"UOP02-DEL07-MG"
226582;2019-08-04;"domingo";"02:40:00";"RR";174;209;"RORAINOPOLIS";"Ingestão de Álcool";"Colisão frontal";"Com Vítimas Fatais";"Plena Noite";"Crescente";"Chuva";"Simples";"Reta";"Não";4;1;0;0;3;0;0;2;0,918866;-60,432255;"SPRF-RR";"DEL01-RR";"UOP04/RR"
226584;2019-08-04;"domingo";"09:01:00";"MS";163;113;"NAVIRAI";"Defeito Mecânico no Veículo";"Tombamento";"Com Vítimas Feridas";"Pleno dia";"Decrescente";"Céu Claro";"Dupla";"Reta";"Não";2;0;1;0;1;0;1;1;-23,17022102;-54,19924375;"SPRF-MS";"DEL09-MS";"UOP01-DEL09-MS"
226585;2019-08-04;"domingo";"09:40:00";"ES";482;107;"GUACUI";"Pista Escorregadia";"Queda de ocupante de veículo";"Com Vítimas Feridas";"Pleno dia";"Crescente";"Chuva";"Simples";"Reta";"Não";1;0;1;0;0;0;1;1;-20,78384403;-41,66073203;"SPRF-ES";"DEL03-ES";"UOP02-DEL03-ES"
226587;2019-08-04;"domingo";"08:40:00";"MT";158;751,5;"BARRA DO GARCAS";"Falta de Atenção à Condução";"Colisão lateral";"Com Vítimas Feridas";"Pleno dia";"Decrescente";"Sol";"Simples";"Reta";"Não";2;0;2;0;0;0;2;1;-15,497321;-52,20334;"SPRF-MT";"DEL07-MT";"UOP01-DEL07-MT"
226588;2019-08-04;"domingo";"10:30:00";"CE";116;98,8;"MORADA NOVA";"Falta de Atenção à Condução";"Colisão transversal";"Com Vítimas Feridas";"Pleno dia";"Crescente";"Céu Claro";"Simples";"Reta";"Não";2;0;1;0;1;0;1;2;-4,5184195;-38,3259241;"SPRF-CE";"DEL03-CE";"UOP02-DEL03-CE"
226589;2019-08-04;"domingo";"09:45:00";"SC";101;22,5;"JOINVILLE";"Falta de Atenção à Condução";"Colisão lateral";"Com Vítimas Feridas";"Pleno dia";"Crescente";"Nublado";"Dupla";"Reta";"Não";3;0;2;0;1;0;2;2;-26,16219819;-48,90740991;"SPRF-SC";"DEL03-SC";"UOP01-DEL03-SC"
226590;2019-08-04;"domingo";"10:40:00";"SP";116;215,4;"GUARULHOS";"Falta de Atenção à Condução";"Colisão traseira";"Com Vítimas Feridas";"Pleno dia";"Decrescente";"Nublado";"Simples";"Reta";"Não";2;0;0;1;1;0;1;2;-23,44695693;-46,45394103;"SPRF-SP";"DEL01-SP";"UOP01-DEL01-SP"