"id";"data_inversa";"dia_semana";"horario";"uf";"br";"km";"municipio";"causa_acidente";"tipo_acidente";"classificacao_acidente";"fase_dia";"sentido_via";"condicao_metereologica";"tipo_pista";"tracado_via";"uso_solo";"pessoas";"mortos";"feridos_leves";"feridos_graves";"ilesos";"ignorados";"feridos";"veiculos";"latitude";"longitude";"regional";"delegacia";"uop"
226591;2019-08-04;"domingo";"10:30:00";"SP";381;69,4;"SAO PAULO";"Pista Escorregadia";"Colisão com objeto estático";"Com Vítimas Feridas";"Pleno dia";"Decrescente";"Chuva";"Dupla";"Curva";"Não";2;0;2;0;0;0;2;1;-23,34553108;-46,56787903;"SPRF-SP";"DEL03-SP";"UOP01-DEL03-SP"
226594;2019-08-04;"domingo";"08:45:00";"MA";135;12;"SAO LUIS";"Desobediência às normas de trânsito pelo condutor";"Saída de leito carroçável";"Com Vítimas Feridas";"Pleno dia";"Crescente";"Céu Claro";"Dupla";"Reta";"Sim";2;0;1;0;1;0;1;2;-2,67223553;-44,29173767;"SPRF-MA";"DEL01-MA";"UOP01-DEL01-MA"
226595;2019-08-04;"domingo";"10:30:00";"AL";101;241;"PORTO REAL DO COLEGIO";"Falta de Atenção à Condução";"Capotamento";"Sem Vítimas";"Pleno dia";"Decrescente";"Céu Claro";"Dupla";"Reta";"Não";2;0;0;0;2;0;0;1;-10,152882;-36,810684;"SPRF-AL";"DEL02-AL";"UOP02-DEL02-AL"
226596;2019-08-04;"domingo";"09:00:00";"PI";230;242;"OEIRAS";"Falta de Atenção à Condução";"Colisão frontal";"Com Vítimas Fatais";"Pleno dia";"Crescente";"Céu Claro";"Simples";"Reta";"Não";1;1;0;0;0;0;0;1;-6,98310128;-42,47317396;"SPRF-PI";"DEL03-PI";"UOP01-DEL03-PI"
226597;2019-08-04;"domingo";"11:00:00";"GO";50;208,8;"CAMPO ALEGRE DE GOIAS";"Ingestão de Álcool";"Colisão com objeto estático";"Com Vítimas Feridas";"Pleno dia";"Crescente";"Céu Claro";"Múltipla";"Reta";"Sim";2;0;2;0;0;0;2;1;-17,6327;-47,7689;"SPRF-GO";"DEL06-GO";"UOP01-DEL06-GO"
226598;2019-08-04;"domingo";"11:40:00";"RS";392;67;"PELOTAS";"Velocidade Incompatível";"Tombamento";"Com Vítimas Feridas";"Pleno dia";"Crescente";"Céu Claro";"Simples";"Rotatória";"Não";2;0;2;0;0;0;2;1;-31,75709532;-52,39980728;"SPRF-RS";"DEL07-RS";"UOP01-DEL07-RS"
226600;2019-08-04;"domingo";"10:30:00";"MG";381;940,9;"EXTREMA";"Velocidade Incompatível";"Saída de leito carroçável";"Com Vítimas Feridas";"Pleno dia";"Crescente";"Chuva";"Dupla";"Curva";"Sim";3;0;1;0;2;0;1;1;-22,82606617;-46,31332493;"SPRF-MG";"DEL16-MG";"UOP03-DEL16-MG"
226601;2019-08-04;"domingo";"12:20:00";"ES";101;324,5;"GUARAPARI";"Defeito na Via";"Queda de ocupante de veículo";"Com Vítimas Feridas";"Pleno dia";"Crescente";"Chuva";"Simples";"Reta";"Não";1;0;1;0;0;0;1;1;-20,54592303;-40,48155635;"SPRF-ES";"DEL03-ES";"UOP01-DEL03-ES"
226604;2019-08-04;"domingo";"09:20:00";"PR";277;38,5;"MORRETES";"Velocidade Incompatível";"Colisão com objeto estático";"Com Vítimas Feridas";"Pleno dia";"Decrescente";"Nublado";"Dupla";"Declive;Reta";"Não";2;0;2;0;0;0;2;1;-25,56584471;-48,81116269;"SPRF-PR";"DEL01-PR";"UOP05-DEL01-PR"
226605;2019-08-04;"domingo";"10:50:00";"BA";101;848;"TEIXEIRA DE FREITAS";"Falta de Atenção à Condução";"Queda de ocupante de veículo";"Com Vítimas Feridas";"Pleno dia";"Decrescente";"Nublado";"Simples";"Reta";"Não";2;0;1;0;1;0;1;1;-17,50390496;-39,70289608;"SPRF-BA";"DEL09-BA";"UOP02-DEL09-BA"
226606;2019-08-04;"domingo";"12:30:00";"MG";40;737,9;"SANTOS DUMONT";"Fenômenos da Natureza";"Colisão frontal";"Com Vítimas Feridas";"Pleno dia";"Decrescente";"Chuva";"Dupla";"Reta";"Não";3;0;3;0;0;0;3;2;-21,38296999;-43,57033542;"SPRF-MG";"DEL05-MG";"UOP01-DEL05-MG"
226607;2019-08-04;"domingo";"13:15:00";"PA";163;985;"SANTAREM";"Falta de Atenção à Condução";"Colisão traseira";"Com Vítimas Feridas";"Pleno dia";"Crescente";"Nublado";"Simples";"Interseção de Vias";"Não";3;0;1;0;2;0;1;2;-2,60170904;-54,7193154;"SPRF-PA";"DEL05-PA";"UOP01-DEL05-PA"
226608;2019-08-04;"domingo";"13:20:00";"SP";488;5,5;"APARECIDA";"Animais na Pista";"Tombamento";"Com Vítimas Feridas";"Pleno dia";"Crescente";"Chuva";"Dupla";"Reta";"Sim";1;0;1;0;0;0;1;1;-22,865681;-45,25523;"SPRF-SP";"DEL08-SP";"UOP01-DEL08-SP"
226610;2019-08-04;"domingo";"13:22:00";"SP";116;52,6;"LORENA";"Falta de Atenção à Condução";"Tombamento";"Com Vítimas Feridas";"Pleno dia";"Crescente";"Chuva";"Dupla";"Reta";"Sim";1;0;1;0;0;0;1;1;-22,746534;-45,098961;"SPRF-SP";"DEL08-SP";"UOP01-DEL08-SP"
226611;2019-08-04;"domingo";"13:00:00";"RJ";116;290;"BARRA MANSA";"Não guardar distância de segurança";"Engavetamento";"Sem Vítimas";"Pleno dia";"Decrescente";"Chuva";"Dupla";"Curva";"Não";4;0;0;0;4;0;0;4;-22,47546917;-44,26675004;"SPRF-RJ";"DEL07-RJ";"DEL5/7-UOP03/RJ"
226613;2019-08-04;"domingo";"11:50:00";"SC";101;327,2;"CAPIVARI DE BAIXO";"Velocidade Incompatível";"Colisão com objeto estático";"Sem Vítimas";"Pleno dia";"Crescente";"Céu Claro";"Múltipla";"Reta";"Não";1;0;0;0;0;1;0;1;-28,43023306;-48,95205197;"SPRF-SC";"DEL02-SC";"UOP01-DEL02-SC"
226618;2019-08-04;"domingo";"13:30:00";"SP";116;96,8;"PINDAMONHANGABA";"Não guardar distância de segurança";"Engavetamento";"Com Vítimas Feridas";"Pleno dia";"Crescente";"Chuva";"Dupla";"Reta";"Não";4;0;1;0;3;0;1;3;-22,96945055;-45,43869623;"SPRF-SP";"DEL06-SP";"UOP01-DEL06-SP"
226619;2019-08-04;"domingo";"12:40:00";"MG";40;717,9;"BARBACENA";"Velocidade Incompatível";"Saída de leito carroçável";"Com Vítimas Feridas";"Pleno dia";"Decrescente";"Chuva";"Dupla";"Curva";"Não";2;0;2;0;0;0;2;1;-21,26034802;-43,66189055;"SPRF-MG";"DEL05-MG";"UOP01-DEL05-MG"
226620;2019-08-04;"domingo";"13:40:00";"MG";381;873,6;"ESTIVA";"Velocidade Incompatível";"Saída de leito carroçável";"Com Vítimas Feridas";"Pleno dia";"Crescente";"Chuva";"Dupla";"Curva";"Não";3;0;3;0;0;0;3;1;-22,41612159;-45,96421123;"SPRF-MG";"DEL16-MG";"UOP01-DEL16-MG"
226621;2019-08-04;"domingo";"13:00:00";"SE";101;52,7;"JAPARATUBA";"Defeito na Via";"Queda de ocupante de veículo";"Com Vítimas Feridas";"Pleno dia";"Crescente";"Céu Claro";"Simples";"Reta";"Não";1;0;1;0;0;0;1;1;-10,61909194;-36,9820081;"SPRF-SE";"DEL02-SE";"UOP02-DEL02-SE"
226622;2019-08-04;"domingo";"13:30:00";"RJ";101;262;"RIO BONITO";"Pista Escorregadia";"Tombamento";"Com Vítimas Feridas";"Pleno dia";"Crescente";"Chuva";"Dupla";"Curva";"Sim";1;0;1;0;0;0;1;1;-22,71367506;-42,62052996;"SPRF-RJ";"DEL02-RJ";"UOP03-DEL02-RJ"
226626;2019-08-04;"domingo";"14:20:00";"GO";20;93,4;"VILA BOA";"Defeito na Via";"Colisão com objeto estático";"Com Vítimas Feridas";"Pleno dia";"Decrescente";"Céu Claro";"Simples";"Reta;Ponte";"Não";5;0;1;0;4;0;1;1;-14,997916;-47,030605;"SPRF-DF";"DEL02-DF";"UOP01-DEL02-DF"
226627;2019-08-04;"domingo";"12:20:00";"SC";470;146,3;"RIO DO SUL";"Falta de Atenção à Condução";"Colisão lateral";"Com Vítimas Feridas";"Pleno dia";"Crescente";"Céu Claro";"Simples";"Curva";"Sim";2;0;1;0;1;0;1;2;-27,240673;-49,685822;"SPRF-SC";"DEL04-SC";"UOP02-DEL04-SC"
226628;2019-08-04;"domingo";"12:00:00";"SC";470;177,1;"POUSO REDONDO";"Velocidade Incompatível";"Colisão com objeto estático";"Com Vítimas Feridas";"Pleno dia";"Crescente";"Céu Claro";"Simples";"Rotatória";"Não";2;0;0;2;0;0;2;1;-27,2504329;-49,96041298;"SPRF-SC";"DEL04-SC";"UOP02-DEL04-SC"
226629;2019-08-04;"domingo";"13:20:00";"RJ";116;190;"QUEIMADOS";"Falta de Atenção à Condução";"Colisão traseira";"Com Vítimas Feridas";"Pleno dia";"Decrescente";"Chuva";"Dupla";"Reta";"Não";7;0;3;0;4;0;3;2;-22,73090708;-43,56113434;"SPRF-RJ";"DEL01-RJ";"UOP03-DEL01-RJ"
226631;2019-08-04;"domingo";"14:40:00";"MG";365;615;"UBERLANDIA";"Velocidade Incompatível";"Saída de leito carroçável";"Com Vítimas Feridas";"Pleno dia";"Decrescente";"Chuva";"Dupla";"Curva";"Sim";3;0;3;0;0;0;3;2;-18,90985926;-48,2258606;"SPRF-MG";"DEL15-MG";"UOP01-DEL15-MG"
226632;2019-08-04;"domingo";"14:00:00";"SC";282;510,1;"XANXERE";"Desobediência às normas de trânsito pelo condutor";"Colisão frontal";"Com Vítimas Feridas";"Pleno dia";"Decrescente";"Céu Claro";"Simples";"Curva";"Não";3;0;0;1;1;1;1;3;-26,897114;-52,463585;"SPRF-SC";"DEL07-SC";"UOP01-DEL07-SC"
226633;2019-08-04;"domingo";"13:30:00";"MT";163;573,6;"NOVA MUTUM";"Defeito Mecânico no Veículo";"Saída de leito carroçável";"Com Vítimas Feridas";"Pleno dia";"Crescente";"Céu Claro";"Simples";"Reta";"Não";1;0;1;0;0;0;1;1;-14,13823325;-56,10402945;"SPRF-MT";"DEL01-MT";"UOP01-DEL01-MT"
226634;2019-08-04;"domingo";"14:30:00";"SP";116;97;"PINDAMONHANGABA";"Falta de Atenção à Condução";"Colisão traseira";"Com Vítimas Feridas";"Pleno dia";"Crescente";"Chuva";"Dupla";"Reta";"Não";4;0;2;0;2;0;2;3;-22,97375666;-45,44726115;"SPRF-SP";"DEL06-SP";"UOP01-DEL06-SP"
226638;2019-08-04;"domingo";"08:30:00";"PI";343;653;"JERUMENHA";"Falta de Atenção à Condução";"Capotamento";"Com Vítimas Feridas";"Pleno dia";"Decrescente";"Céu Claro";"Simples";"Reta";"Não";4;0;4;0;0;0;4;1;-7,072444;-43,47657;"SPRF-PI";"DEL03-PI";"UOP01-DEL03-PI"
226639;2019-08-04;"domingo";"15:15:00";"MG";40;717,9;"BARBACENA";"Fenômenos da Natureza";"Saída de leito carroçável";"Com Vítimas Feridas";"Pleno dia";"Decrescente";"Chuva";"Dupla";"Curva";"Não";2;0;0;1;1;0;1;1;-21,26034802;-43,66189055;"SPRF-MG";"DEL05-MG";"UOP01-DEL05-MG"
226640;2019-08-04;"domingo";"13:30:00";"SC";163;65,3;"SAO MIGUEL DO OESTE";"Falta de Atenção à Condução";"Colisão transversal";"Com Vítimas Feridas";"Pleno dia";"Crescente";"Céu Claro";"Dupla";"Reta";"Sim";2;0;1;0;1;0;1;2;-26,77546704;-53,50608493;"SPRF-SC";"DEL07-SC";"UOP03-DEL07-SC"
226641;2019-08-04;"domingo";"04:00:00";"RJ";393;280;"BARRA DO PIRAI";"Velocidade Incompatível";"Saída de leito carroçável";"Com Vítimas Fatais";"Amanhecer";"Crescente";"Nevoeiro/Neblina";"Simples";"Ponte;Reta";"Sim";1;1;0;0;0;0;0;1;-22,47750785;-44,01954402;"SPRF-RJ";"DEL05-RJ";"UOP04-DEL05-RJ"
226642;2019-08-04;"domingo";"15:50:00";"RS";116;184,1;"NOVA PETROPOLIS";"Pista Escorregadia";"Tombamento";"Com Vítimas Feridas";"Pleno dia";"Decrescente";"Sol";"Simples";"Curva;Declive;Viaduto";"Não";1;0;0;1;0;0;1;1;-29,38638307;-51,12346595;"SPRF-RS";"DEL05-RS";"UOP02-DEL05-RS"
226643;2019-08-04;"domingo";"11:10:00";"MG";116;381,5;"MATHIAS LOBATO";"Falta de Atenção à Condução";"Colisão lateral";"Com Vítimas Feridas";"Pleno dia";"Decrescente";"Céu Claro";"Simples";"Reta";"Não";2;0;1;0;1;0;1;2;-18,61365725;-41,93330117;"SPRF-MG";"DEL06-MG";"UOP01-DEL06-MG"
226644;2019-08-04;"domingo";"14:30:00";"MG";381;925;"ITAPEVA";"Velocidade Incompatível";"Capotamento";"Com Vítimas Feridas";"Pleno dia";"Decrescente";"Chuva";"Dupla";"Curva";"Não";3;0;2;0;0;1;2;2;-22,777207;-46,23911301;"SPRF-MG";"DEL16-MG";"UOP03-DEL16-MG"
226645;2019-08-04;"domingo";"08:15:00";"MG";381;157,1;"GOVERNADOR VALADARES";"Desobediência às normas de trânsito pelo condutor";"Capotamento";"Com Vítimas Feridas";"Pleno dia";"Decrescente";"Céu Claro";"Simples";"Reta";"Não";2;0;2;0;0;0;2;1;-18,91099925;-42,00762101;"SPRF-MG";"DEL06-MG";"UOP01-DEL06-MG"
226647;2019-08-04;"domingo";"15:40:00";"PE";423;74,3;"JUPI";"Ingestão de Álcool";"Colisão transversal";"Com Vítimas Feridas";"Pleno dia";"Decrescente";"Nublado";"Simples";"Reta";"Não";2;0;0;1;1;0;1;2;-8,71781039;-36,42290446;"SPRF-PE";"DEL03-PE";"UOP01-DEL03-PE"
226648;2019-08-04;"domingo";"16:35:00";"AL";316;250;"PILAR";"Falta de Atenção à Condução";"Colisão traseira";"Com Vítimas Feridas";"Pleno dia";"Crescente";"Céu Claro";"Simples";"Interseção de Vias";"Não";6;0;1;0;5;0;1;2;-9,55605726;-35,97591943;"SPRF-AL";"DEL01-AL";"UOP01-DEL01-AL"
226649;2019-08-04;"domingo";"16:30:00";"RN";406;168;"SAO GONCALO DO AMARANTE";"Ingestão de Álcool";"Colisão traseira";"Com Vítimas Feridas";"Pleno dia";"Decrescente";"Céu Claro";"Dupla";"Reta";"Sim";2;0;1;0;1;0;1;2;-5,75269453;-35,31535484;"SPRF-RN";"DEL02-RN";"UOP01-DEL02-RN"
226650;2019-08-04;"domingo";"15:55:00";"SC";101;129,3;"BALNEARIO CAMBORIU";"Desobediência às normas de trânsito pelo condutor";"Colisão com objeto estático";"Com Vítimas Feridas";"Pleno dia";"Crescente";"Céu Claro";"Dupla";"Reta";"Sim";2;0;2;0;0;0;2;1;-26,98064277;-48,6790679;"SPRF-SC";"DEL04-SC";"UOP03-DEL04-SC"
226651;2019-08-04;"domingo";"16:30:00";"BA";20;133,4;"SAO DESIDERIO";"Velocidade Incompatível";"Saída de leito carroçável";"Com Vítimas Fatais";"Pleno dia";"Decrescente";"Sol";"Simples";"Reta";"Não";2;1;0;1;0;0;1;1;-12,778554;-45,948949;"SPRF-BA";"DEL10-BA";"UOP01-DEL10-BA"
226652;2019-08-04;"domingo";"16:30:00";"GO";153;559,5;"PROFESSOR JAMIL";"Condutor Dormindo";"Saída de leito carroçável";"Com Vítimas Feridas";"Pleno dia";"Decrescente";"Céu Claro";"Dupla";"Reta";"Não";4;0;3;0;1;0;3;1;-17,2115;-49,2226;"SPRF-GO";"DEL03-GO";"UOP01-DEL03-GO"
226653;2019-08-04;"domingo";"16:45:00";"RJ";101;332;"RIO DE JANEIRO";"Falta de Atenção à Condução";"Colisão traseira";"Com Vítimas Feridas";"Anoitecer";"Crescente";"Chuva";"Dupla";"Reta";"Não";4;0;1;0;3;0;1;3;-22,87133305;-43,20407695;"SPRF-RJ";"DEL02-RJ";"UOP02-DEL02-RJ"
226654;2019-08-04;"domingo";"16:00:00";"SP";116;337,4;"JUQUITIBA";"Defeito Mecânico no Veículo";"Incêndio";"Sem Vítimas";"Pleno dia";"Decrescente";"Nublado";"Dupla";"Curva";"Não";1;0;0;0;1;0;0;1;-23,9818403;-47,14564419;"SPRF-SP";"DEL04-SP";"UOP03-DEL04-SP"
226656;2019-08-04;"domingo";"17:00:00";"ES";262;47;"MARECHAL FLORIANO";"Desobediência às normas de trânsito pelo condutor";"Colisão transversal";"Com Vítimas Feridas";"Anoitecer";"Crescente";"Chuva";"Simples";"Reta";"Não";3;0;1;0;0;2;1;3;-20,41130252;-40,67926543;"SPRF-ES";"DEL01-ES";"UOP01-DEL01-ES"
226657;2019-08-04;"domingo";"15:50:00";"SC";282;217,5;"LAGES";"Falta de Atenção à Condução";"Colisão traseira";"Com Vítimas Feridas";"Pleno dia";"Decrescente";"Céu Claro";"Dupla";"Rotatória";"Sim";3;0;1;0;2;0;1;2;-27,797916;-50,302944;"SPRF-SC";"DEL05-SC";"UOP01-DEL05-SC"
226658;2019-08-04;"domingo";"15:20:00";"SC";101;129;"BALNEARIO CAMBORIU";"Desobediência às normas de trânsito pelo condutor";"Colisão lateral";"Com Vítimas Feridas";"Pleno dia";"Decrescente";"Sol";"Dupla";"Reta";"Não";2;0;1;0;1;0;1;2;-26,98064277;-48,6790679;"SPRF-SC";"DEL04-SC";"UOP03-DEL04-SC"
226659;2019-08-04;"domingo";"08:45:00";"MG";381;491,9;"BETIM";"Velocidade Incompatível";"Capotamento";"Com Vítimas Feridas";"Pleno dia";"Decrescente";"Céu Claro";"Dupla";"Curva";"Sim";1;0;1;0;0;0;1;1;-19,97018187;-44,18210416;"SPRF-MG";"DEL01-MG";"UOP03-DEL01-MG"
226660;2019-08-04;"domingo";"14:40:00";"RJ";101;428;"MANGARATIBA";"Desobediência às normas de trânsito pelo condutor";"Colisão transversal";"Com Vítimas Feridas";"Pleno dia";"Crescente";"Chuva";"Simples";"Reta";"Não";3;0;2;0;1;0;2;2;-22,93391858;-43,9899979;"SPRF-RJ";"DEL03-RJ";"UOP01-DEL03-RJ"
226661;2019-08-04;"domingo";"17:00:00";"PR";476;136;"CURITIBA";"Falta de Atenção à Condução";"Colisão transversal";"Sem Vítimas";"Pleno dia";"Decrescente";"Nublado";"Múltipla";"Reta";"Sim";3;0;0;0;2;1;0;3;-25,491047;-49,271679;"SPRF-PR";"DEL01-PR";"UOP03-DEL01-PR"
226662;2019-08-04;"domingo";"16:55:00";"RS";287;248,9;"SANTA MARIA";"Falta de Atenção à Condução";"Colisão traseira";"Com Vítimas Feridas";"Pleno dia";"Crescente";"Sol";"Simples";"Reta";"Sim";5;0;3;0;1;1;3;2;-29,696018;-53,850956;"SPRF-RS";"DEL09-RS";"UOP01-DEL09-RS"
226663;2019-08-04;"domingo";"15:50:00";"GO";80;30,6;"PADRE BERNARDO";"Velocidade Incompatível";"Colisão transversal";"Com Vítimas Feridas";"Pleno dia";"Crescente";"Céu Claro";"Simples";"Declive;Reta";"Não";2;0;1;1;0;0;2;2;-15,29424728;-48,24091583;"SPRF-DF";"DEL01-DF";"UOP02-DEL03-DF"
226664;2019-08-04;"domingo";"17:20:00";"RS";116;240;"NOVO HAMBURGO";"Velocidade Incompatível";"Colisão traseira";"Com Vítimas Feridas";"Pleno dia";"Crescente";"Céu Claro";"Dupla";"Reta";"Sim";3;0;1;1;1;0;2;3;-29,70496497;-51,14676523;"SPRF-RS";"DEL01-RS";"UOP02-DEL01-RS"
226666;2019-08-04;"domingo";"17:30:00";"RS";392;95,1;"PELOTAS";"Não guardar distância de segurança";"Colisão traseira";"Com Vítimas Feridas";"Anoitecer";"Decrescente";"Céu Claro";"Simples";"Reta";"Não";4;0;1;0;3;0;1;2;-31,56762219;-52,54164316;"SPRF-RS";"DEL07-RS";"UOP01-DEL07-RS"
226669;2019-08-04;"domingo";"14:15:00";"GO";153;440,2;"ANAPOLIS";"Ingestão de Álcool";"Colisão com objeto estático";"Sem Vítimas";"Pleno dia";"Crescente";"Sol";"Dupla";"Reta";"Sim";1;0;0;0;1;0;0;1;-16,306765;-48,923847;"SPRF-GO";"DEL02-GO";"UOP01-DEL02-GO"
226671;2019-08-04;"domingo";"16:45:00";"RR";174;503;"BOA VISTA";"Ingestão de álcool e/ou substâncias psicoativas pelo pedestre";"Atropelamento de Pedestre";"Com Vítimas Feridas";"Pleno dia";"Decrescente";"Garoa/Chuvisco";"Dupla";"Reta";"Sim";2;0;1;1;0;0;2;2;2,794901;-60,698441;"SPRF-RR";"DEL01-RR";"UOP01-DEL01-RR"
226672;2019-08-04;"domingo";"18:30:00";"AL";316;211,4;"MARIBONDO";"Falta de Atenção do Pedestre";"Atropelamento de Pedestre";"Com Vítimas Feridas";"Plena Noite";"Decrescente";"Nublado";"Simples";"Reta";"Não";3;0;1;1;1;0;2;3;-9,536453;-36,2434;"SPRF-AL";"DEL01-AL";"UOP01-DEL01-AL"
226673;2019-08-04;"domingo";"18:10:00";"MG";40;737,9;"SANTOS DUMONT";"Velocidade Incompatível";"Saída de leito carroçável";"Com Vítimas Feridas";"Plena Noite";"Crescente";"Chuva";"Simples";"Curva";"Não";4;0;1;0;3;0;1;1;-21,38296999;-43,57033542;"SPRF-MG";"DEL05-MG";"UOP01-DEL05-MG"
226675;2019-08-04;"domingo";"17:40:00";"PB";104;108;"SAO SEBASTIAO DE LAGOA DE  ROCA";"Falta de Atenção à Condução";"Colisão frontal";"Com Vítimas Feridas";"Anoitecer";"Crescente";"Céu Claro";"Simples";"Curva";"Não";3;0;2;0;0;1;2;2;-7,11161678;-35,86768356;"SPRF-PB";"DEL02-PB";"UOP04-DEL02-PB"
226676;2019-08-04;"domingo";"17:45:00";"RS";471;172,5;"RIO PARDO";"Falta de Atenção à Condução";"Colisão frontal";"Sem Vítimas";"Pleno dia";"Crescente";"Céu Claro";"Simples";"Curva";"Não";4;0;0;0;4;0;0;2;-30,005714;-52,367828;"SPRF-RS";"DEL02-RS";"UOP02-DEL02-RS"
226677;2019-08-04;"domingo";"18:30:00";"BA";324;520;"FEIRA DE SANTANA";"Falta de Atenção do Pedestre";"Colisão traseira";"Com Vítimas Feridas";"Plena Noite";"Decrescente";"Céu Claro";"Dupla";"Reta";"Não";9;0;6;1;2;0;7;3;-12,27376054;-38,93366564;"SPRF-BA";"DEL01-BA";"UOP01-DEL01-BA"
226678;2019-08-04;"domingo";"17:00:00";"PR";158;373;"MARQUINHO";"Falta de Atenção à Condução";"Saída de leito carroçável";"Com Vítimas Feridas";"Pleno dia";"Decrescente";"Céu Claro";"Simples";"Curva;Declive";"Não";3;0;2;1;0;0;3;1;-25,24052;-52,27898;"SPRF-PR";"DEL04-PR";"UOP02-DEL04-PR"
226679;2019-08-04;"domingo";"18:20:00";"MG";381;453;"SABARA";"Ultrapassagem Indevida";"Colisão lateral";"Com Vítimas Feridas";"Plena Noite";"Crescente";"Céu Claro";"Simples";"Reta";"Sim";3;0;2;0;1;0;2;2;-19,85197588;-43,88851019;"SPRF-MG";"DEL01-MG";"UOP01-DEL01-MG"
226680;2019-08-04;"domingo";"18:40:00";"SC";101;157,4;"PORTO BELO";"Ultrapassagem Indevida";"Tombamento";"Com Vítimas Feridas";"Anoitecer";"Crescente";"Céu Claro";"Múltipla";"Reta";"Não";1;0;1;0;0;0;1;1;-27,181625;-48,6121179;"SPRF-SC";"DEL04-SC";"UOP03-DEL04-SC"
226681;2019-08-04;"domingo";"17:40:00";"RJ";393;283;"VOLTA REDONDA";"Defeito Mecânico no Veículo";"Incêndio";"Sem Vítimas";"Anoitecer";"Crescente";"Chuva";"Simples";"Reta";"Sim";1;0;0;0;1;0;0;1;-22,49271862;-44,06549877;"SPRF-RJ";"DEL05-RJ";"UOP04-DEL05-RJ"
226682;2019-08-04;"domingo";"16:50:00";"RJ";493;55;"DUQUE DE CAXIAS";"Velocidade Incompatível";"Saída de leito carroçável";"Com Vítimas Feridas";"Pleno dia";"Crescente";"Garoa/Chuvisco";"Dupla";"Reta";"Não";4;0;4;0;0;0;4;1;-22,67604272;-43,39465231;"SPRF-RJ";"DEL01-RJ";"UOP01-DEL01-RJ"
226683;2019-08-04;"domingo";"17:47:00";"RJ";101;323,9;"NITEROI";"Desobediência às normas de trânsito pelo condutor";"Colisão traseira";"Com Vítimas Feridas";"Anoitecer";"Decrescente";"Chuva";"Dupla";"Reta";"Não";3;0;1;0;2;0;1;2;-22,87684786;-43,11728689;"SPRF-RJ";"DEL02-RJ";"UOP02-DEL02-RJ"
226684;2019-08-04;"domingo";"18:20:00";"PI";343;330;"TERESINA";"Falta de Atenção à Condução";"Colisão transversal";"Com Vítimas Feridas";"Plena Noite";"Crescente";"Ignorado";"Simples";"Reta";"Não";3;0;0;2;1;0;2;2;-5,061753;-42,649815;"SPRF-PI";"DEL01-PI";"UOP01-DEL01-PI"
226686;2019-08-04;"domingo";"17:30:00";"MG";381;761,8;"CAMPANHA";"Pista Escorregadia";"Saída de leito carroçável";"Com Vítimas Feridas";"Anoitecer";"Crescente";"Chuva";"Dupla";"Curva";"Não";1;0;1;0;0;0;1;1;-21,73238173;-45,38248249;"SPRF-MG";"DEL16-MG";"UOP02-DEL16-MG"
226687;2019-08-04;"domingo";"18:30:00";"SE";101;18,1;"SAO FRANCISCO";"Falta de Atenção à Condução";"Colisão transversal";"Com Vítimas Feridas";"Plena Noite";"Decrescente";"Céu Claro";"Simples";"Declive";"Não";2;0;1;0;1;0;1;2;-10,34642149;-36,8979388;"SPRF-SE";"DEL02-SE";"UOP02-DEL02-SE"
226689;2019-08-04;"domingo";"19:10:00";"SC";470;7;"NAVEGANTES";"Desobediência às normas de trânsito pelo condutor";"Colisão frontal";"Com Vítimas Feridas";"Plena Noite";"Crescente";"Céu Claro";"Simples";"Reta";"Sim";5;0;2;2;1;0;4;2;-26,84499;-48,71505;"SPRF-SC";"DEL04-SC";"UOP04-DEL04-SC"
226690;2019-08-04;"domingo";"19:15:00";"AL";424;106,8;"MARECHAL DEODORO";"Restrição de Visibilidade";"Colisão traseira";"Com Vítimas Feridas";"Plena Noite";"Crescente";"Nublado";"Simples";"Reta";"Não";3;0;1;0;1;1;1;2;-9,68836588;-35,81830992;"SPRF-AL";"DEL02-AL";"UOP01-DEL02-AL"
226691;2019-08-04;"domingo";"18:10:00";"MS";463;0,2;"DOURADOS";"Falta de Atenção à Condução";"Tombamento";"Com Vítimas Feridas";"Plena Noite";"Decrescente";"Céu Claro";"Simples";"Reta";"Sim";1;0;1;0;0;0;1;1;-22,25905892;-54,80659068;"SPRF-MS";"DEL04-MS";"UOP01-DEL04-MS"
226694;2019-08-04;"domingo";"18:40:00";"PB";230;466,3;"SOUSA";"Animais na Pista";"Atropelamento de Animal";"Com Vítimas Feridas";"Plena Noite";"Decrescente";"Céu Claro";"Simples";"Reta";"Sim";1;0;0;1;0;0;1;1;-6,7809;-38,2521;"SPRF-PB";"DEL03-PB";"UOP03-DEL03-PB"
226695;2019-08-04;"domingo";"19:30:00";"SE";235;58,2;"ITABAIANA";"Desobediência às normas de trânsito pelo condutor";"Colisão transversal";"Com Vítimas Feridas";"Plena Noite";"Crescente";"Nublado";"Simples";"Aclive;Reta";"Não";2;0;0;1;0;1;1;2;-10,641368;-37,454052;"SPRF-SE";"DEL01-SE";"UOP02-DEL01-SE"
226697;2019-08-04;"domingo";"19:00:00";"BA";324;587;"CANDEIAS";"Falta de Atenção à Condução";"Saída de leito carroçável";"Com Vítimas Feridas";"Plena Noite";"Decrescente";"Céu Claro";"Dupla";"Reta";"Não";1;0;1;0;0;0;1;1;-12,64715411;-38,47504041;"SPRF-BA";"DEL01-BA";"UOP01-DEL01-BA"
226699;2019-08-04;"domingo";"19:25:00";"RN";406;166;"SAO GONCALO DO AMARANTE";"Condutor Dormindo";"Colisão com objeto estático";"Com Vítimas Feridas";"Plena Noite";"Crescente";"Céu Claro";"Dupla";"Reta";"Não";1;0;1;0;0;0;1;1;-5,7466896;-35,33149685;"SPRF-RN";"DEL02-RN";"UOP01-DEL02-RN"