"id";"data_inversa";"dia_semana";"horario";"uf";"br";"km";"municipio";"causa_acidente";"tipo_acidente";"classificacao_acidente";"fase_dia";"sentido_via";"condicao_metereologica";"tipo_pista";"tracado_via";"uso_solo";"pessoas";"mortos";"feridos_leves";"feridos_graves";"ilesos";"ignorados";"feridos";"veiculos";"latitude";"longitude";"regional";"delegacia";"uop"
226700;2019-08-04;"domingo";"18:30:00";"MG";40;553;"NOVA LIMA";"Condutor Dormindo";"Saída de leito carroçável";"Sem Vítimas";"Plena Noite";"Decrescente";"Céu Claro";"Dupla";"Curva";"Sim";1;0;0;0;1;0;0;1;-20,06863326;-43,98194759;"SPRF-MG";"DEL01-MG";"UOP02-DEL01-MG"
226702;2019-08-04;"domingo";"19:20:00";"BA";101;220;"CRUZ DAS ALMAS";"Desobediência às normas de trânsito pelo condutor";"Queda de ocupante de veículo";"Com Vítimas Feridas";"Plena Noite";"Crescente";"Céu Claro";"Simples";"Reta";"Sim";1;0;1;0;0;0;1;1;-12,66208216;-39,12698484;"SPRF-BA";"DEL01-BA";"UOP02-DEL01-BA"
226703;2019-08-04;"domingo";"19:45:00";"PE";424;88,3;"GARANHUNS";"Animais na Pista";"Atropelamento de Animal";"Com Vítimas Feridas";"Plena Noite";"Crescente";"Nublado";"Simples";"Curva";"Sim";1;0;0;1;0;0;1;1;-8,88289772;-36,50848532;"SPRF-PE";"DEL03-PE";"UOP01-DEL03-PE"
226704;2019-08-04;"domingo";"11:20:00";"MG";381;3,5;"BETIM";"Velocidade Incompatível";"Tombamento";"Com Vítimas Feridas";"Pleno dia";"Crescente";"Sol";"Dupla";"Curva";"Não";1;0;0;1;0;0;1;1;-19,96825;-44,198708;"SPRF-MG";"DEL01-MG";"UOP03-DEL01-MG"
226705;2019-08-04;"domingo";"19:25:00";"RN";304;283;"MACAIBA";"Falta de Atenção à Condução";"Queda de ocupante de veículo";"Com Vítimas Feridas";"Plena Noite";"Decrescente";"Céu Claro";"Simples";"Reta";"Não";2;0;2;0;0;0;2;1;-5,88178314;-35,46369696;"SPRF-RN";"DEL01-RN";"UOP02-DEL01-RN"
226707;2019-08-04;"domingo";"19:40:00";"RS";101;87;"OSORIO";"Ingestão de álcool e/ou substâncias psicoativas pelo pedestre";"Colisão lateral";"Sem Vítimas";"Plena Noite";"Decrescente";"Céu Claro";"Simples";"Reta";"Sim";2;0;0;0;2;0;0;2;-29,88149021;-50,26433789;"SPRF-RS";"DEL03-RS";"UOP01-DEL03-RS"
226708;2019-08-04;"domingo";"19:10:00";"PA";10;345;"SANTA MARIA DO PARA";"Deficiência ou não Acionamento do Sistema de Iluminação/Sinalização do Veículo";"Colisão traseira";"Com Vítimas Fatais";"Plena Noite";"Decrescente";"Nublado";"Simples";"Declive";"Não";7;1;1;0;5;0;1;2;-1,42473187;-47,54983963;"SPRF-PA";"DEL01-PA";"UOP02-DEL01-PA"
226710;2019-08-04;"domingo";"15:20:00";"SC";470;114;"IBIRAMA";"Desobediência às normas de trânsito pelo condutor";"Colisão transversal";"Com Vítimas Feridas";"Pleno dia";"Crescente";"Céu Claro";"Simples";"Reta";"Sim";3;0;2;0;1;0;2;2;-27,086386;-49,478001;"SPRF-SC";"DEL04-SC";"UOP02-DEL04-SC"
226711;2019-08-04;"domingo";"18:30:00";"SC";470;110,7;"APIUNA";"Falta de Atenção à Condução";"Colisão transversal";"Com Vítimas Feridas";"Anoitecer";"Decrescente";"Céu Claro";"Simples";"Curva";"Sim";2;0;0;1;0;1;1;2;-27,086622;-49,458096;"SPRF-SC";"DEL04-SC";"UOP02-DEL04-SC"
226712;2019-08-04;"domingo";"18:50:00";"RO";364;196,5;"PIMENTA BUENO";"Falta de Atenção à Condução";"Colisão transversal";"Com Vítimas Feridas";"Anoitecer";"Crescente";"Céu Claro";"Simples";"Reta";"Sim";3;0;2;0;1;0;2;2;-11,68671732;-61,18347731;"SPRF-RO";"DEL02-RO";"UOP02-DEL02-RO"
226714;2019-08-04;"domingo";"19:40:00";"BA";101;366;"GANDU";"Falta de Atenção à Condução";"Colisão frontal";"Com Vítimas Feridas";"Plena Noite";"Crescente";"Céu Claro";"Simples";"Reta";"Sim";3;0;0;2;1;0;2;2;-13,8794079;-39,48850281;"SPRF-BA";"DEL05-BA";"UOP03-DEL05-BA"
226716;2019-08-04;"domingo";"18:45:00";"PI";316;311;"PICOS";"Desobediência às normas de trânsito pelo condutor";"Colisão transversal";"Sem Vítimas";"Plena Noite";"Crescente";"Céu Claro";"Simples";"Reta";"Sim";2;0;0;0;1;1;0;2;-7,076331;-41,46596;"SPRF-PI";"DEL04-PI";"UOP01-DEL04-PI"
226717;2019-08-04;"domingo";"20:29:00";"PR";376;248;"APUCARANA";"Falta de Atenção à Condução";"Colisão traseira";"Com Vítimas Feridas";"Plena Noite";"Decrescente";"Céu Claro";"Simples";"Desvio Temporário";"Não";4;0;1;0;3;0;1;3;-23,62178992;-51,38837894;"SPRF-PR";"DEL07-PR";"UOP03-DEL07-PR"
226719;2019-08-04;"domingo";"20:30:00";"MG";40;43,5;"PARACATU";"Falta de Atenção à Condução";"Atropelamento de Pedestre";"Com Vítimas Feridas";"Plena Noite";"Crescente";"Céu Claro";"Simples";"Reta";"Sim";2;0;0;1;0;1;1;2;-17,22598002;-46,86163701;"SPRF-MG";"DEL14-MG";"UOP01-DEL14-MG"
226721;2019-08-04;"domingo";"20:40:00";"MG";365;1,3;"MONTES CLAROS";"Falta de Atenção à Condução";"Colisão frontal";"Com Vítimas Feridas";"Plena Noite";"Decrescente";"Céu Claro";"Simples";"Reta";"Não";6;0;0;1;4;1;1;3;-16,716154;-43,863327;"SPRF-MG";"DEL12-MG";"UOP01-DEL12-MG"
226724;2019-08-04;"domingo";"20:50:00";"SC";101;209,8;"SAO JOSE";"Falta de Atenção à Condução";"Colisão lateral";"Com Vítimas Feridas";"Plena Noite";"Decrescente";"Nublado";"Múltipla";"Reta";"Sim";2;0;1;0;1;0;1;2;-27,61000542;-48,63895057;"SPRF-SC";"DEL01-SC";"UOP01-DEL01-SC"
226725;2019-08-04;"domingo";"20:40:00";"RJ";101;71;"CAMPOS DOS GOYTACAZES";"Falta de Atenção à Condução";"Queda de ocupante de veículo";"Com Vítimas Feridas";"Plena Noite";"Decrescente";"Nublado";"Simples";"Reta";"Não";1;0;1;0;0;0;1;1;-21,78577807;-41,38139396;"SPRF-RJ";"DEL08-RJ";"UOP02-DEL08-RJ"
226727;2019-08-04;"domingo";"18:30:00";"PB";110;182,2;"MONTEIRO";"Desobediência às normas de trânsito pelo condutor";"Colisão lateral";"Com Vítimas Fatais";"Plena Noite";"Decrescente";"Nublado";"Simples";"Reta";"Não";3;1;0;0;0;2;0;3;-7,90061043;-37,13102784;"SPRF-PB";"DEL02-PB";"UOP02-DEL02-PB"
226730;2019-08-04;"domingo";"21:40:00";"PR";376;111,8;"PARANAVAI";"Falta de Atenção à Condução";"Colisão traseira";"Com Vítimas Feridas";"Plena Noite";"Decrescente";"Nublado";"Dupla";"Reta";"Não";3;0;0;2;0;1;2;2;-23,08978348;-52,39306536;"SPRF-PR";"DEL07-PR";"UOP02-DEL09-PR"
226731;2019-08-04;"domingo";"21:00:00";"PR";116;31;"CAMPINA GRANDE DO SUL";"Velocidade Incompatível";"Incêndio";"Sem Vítimas";"Plena Noite";"Crescente";"Nublado";"Dupla";"Curva";"Não";1;0;0;0;0;1;0;1;-25,10158154;-48,83062487;"SPRF-PR";"DEL01-PR";"UOP02-DEL01-PR"
226732;2019-08-04;"domingo";"17:20:00";"PR";369;151,6;"LONDRINA";"Ingestão de Álcool";"Colisão com objeto estático";"Com Vítimas Feridas";"Pleno dia";"Decrescente";"Nublado";"Dupla";"Reta";"Sim";1;0;1;0;0;0;1;1;-23,2928416;-51,1776142;"SPRF-PR";"DEL07-PR";"UOP01-DEL07-PR"
226733;2019-08-04;"domingo";"21:30:00";"RN";101;84;"SAO GONCALO DO AMARANTE";"Ingestão de Álcool";"Colisão traseira";"Com Vítimas Feridas";"Plena Noite";"Crescente";"Céu Claro";"Dupla";"Reta";"Sim";2;0;0;1;1;0;1;2;-5,774175;-35,2578;"SPRF-RN";"DEL02-RN";"UOP01-DEL02-RN"
226736;2019-08-04;"domingo";"20:15:00";"PR";163;86,4;"CAPANEMA";"Falta de Atenção à Condução";"Colisão lateral";"Com Vítimas Feridas";"Plena Noite";"Decrescente";"Céu Claro";"Simples";"Reta";"Não";4;0;1;1;2;0;2;2;-25,68601572;-53,78889268;"SPRF-PR";"DEL02-PR";"UOP02-DEL02-PR"
226737;2019-08-04;"domingo";"20:40:00";"BA";135;174;"BARREIRAS";"Ingestão de Álcool";"Colisão frontal";"Com Vítimas Feridas";"Plena Noite";"Crescente";"Céu Claro";"Simples";"Reta";"Não";3;0;2;0;1;0;2;2;-12,12360526;-45,00227379;"SPRF-BA";"DEL10-BA";"UOP01-DEL10-BA"
226738;2019-08-04;"domingo";"19:30:00";"MA";230;38;"BARAO DE GRAJAU";"Ingestão de Álcool";"Saída de leito carroçável";"Com Vítimas Feridas";"Plena Noite";"Decrescente";"Céu Claro";"Simples";"Curva";"Não";1;0;0;1;0;0;1;1;-6,66044387;-43,31489871;"SPRF-PI";"DEL03-PI";"UOP01-DEL03-PI"
226739;2019-08-04;"domingo";"21:40:00";"SP";153;14,5;"ICEM";"Condutor Dormindo";"Colisão com objeto estático";"Com Vítimas Feridas";"Plena Noite";"Crescente";"Nublado";"Simples";"Ponte";"Não";2;0;1;0;1;0;1;1;-20,41481389;-49,26025307;"SPRF-SP";"DEL09-SP";"UOP01-DEL09-SP"
226740;2019-08-04;"domingo";"18:00:00";"AC";317;99,5;"SENADOR GUIOMARD";"Falta de Atenção à Condução";"Colisão frontal";"Com Vítimas Feridas";"Anoitecer";"Crescente";"Céu Claro";"Simples";"Reta";"Não";4;0;0;1;3;0;1;2;-10,21737194;-67,70002842;"SPRF-AC";"DEL01-AC";"UOP01-DEL01-AC"
226741;2019-08-04;"domingo";"18:00:00";"MT";163;854;"SINOP";"Não guardar distância de segurança";"Queda de ocupante de veículo";"Com Vítimas Feridas";"Plena Noite";"Decrescente";"Céu Claro";"Simples";"Reta";"Sim";1;0;1;0;0;0;1;1;-11,693241;-55,451585;"SPRF-MT";"DEL06-MT";"UOP02-DEL06-MT"
226742;2019-08-04;"domingo";"19:30:00";"RN";304;277,6;"MACAIBA";"Defeito Mecânico no Veículo";"Incêndio";"Sem Vítimas";"Plena Noite";"Crescente";"Céu Claro";"Simples";"Reta";"Não";1;0;0;0;1;0;0;1;-5,8842657;-35,51590794;"SPRF-RN";"DEL01-RN";"UOP02-DEL01-RN"
226743;2019-08-04;"domingo";"15:00:00";"MG";146;609,5;"POCOS DE CALDAS";"Ingestão de Álcool";"Colisão transversal";"Com Vítimas Feridas";"Pleno dia";"Decrescente";"Nublado";"Simples";"Reta;Interseção de Vias";"Sim";4;0;2;2;0;0;4;2;-21,80708175;-46,48798227;"SPRF-MG";"DEL16-MG";"UOP01-DEL09-MG"
226744;2019-08-04;"domingo";"20:55:00";"SC";101;413,7;"ARARANGUA";"Velocidade Incompatível";"Colisão traseira";"Com Vítimas Feridas";"Plena Noite";"Decrescente";"Céu Claro";"Simples";"Rotatória";"Sim";2;0;1;0;1;0;1;2;-28,94605997;-49,50428402;"SPRF-SC";"DEL02-SC";"UOP02-DEL02-SC"
226745;2019-08-04;"domingo";"10:05:00";"RO";364;710;"PORTO VELHO";"Falta de Atenção à Condução";"Tombamento";"Com Vítimas Feridas";"Pleno dia";"Crescente";"Céu Claro";"Dupla";"Retorno Regulamentado";"Sim";1;0;1;0;0;0;1;1;-8,78621576;-63,85712687;"SPRF-RO";"DEL01-RO";"UOP01-DEL01-RO"
226746;2019-08-04;"domingo";"18:05:00";"MG";459;31,9;"CALDAS";"Falta de Atenção do Pedestre";"Atropelamento de Pedestre";"Com Vítimas Fatais";"Anoitecer";"Crescente";"Nublado";"Simples";"Reta";"Não";4;1;2;0;1;0;2;2;-21,94296592;-46,34934425;"SPRF-MG";"DEL16-MG";"UOP01-DEL09-MG"
226747;2019-08-04;"domingo";"22:48:00";"GO";70;13,7;"AGUAS LINDAS DE GOIAS";"Animais na Pista";"Atropelamento de Animal";"Com Vítimas Feridas";"Plena Noite";"Crescente";"Céu Claro";"Dupla";"Reta";"Sim";2;0;0;2;0;0;2;2;-15,74927765;-48,32294221;"SPRF-DF";"DEL01-DF";"UOP02-DEL03-DF"
226748;2019-08-04;"domingo";"23:00:00";"CE";222;9,3;"CAUCAIA";"Desobediência às normas de trânsito pelo condutor";"Colisão frontal";"Com Vítimas Fatais";"Plena Noite";"Crescente";"Céu Claro";"Múltipla";"Reta";"Sim";2;1;1;0;0;0;1;2;-3,75774612;-38,64611294;"SPRF-CE";"DEL01-CE";"UOP01-DEL01-CE"
226749;2019-08-04;"domingo";"21:30:00";"MG";381;686,3;"LAVRAS";"Pista Escorregadia";"Saída de leito carroçável";"Sem Vítimas";"Plena Noite";"Decrescente";"Garoa/Chuvisco";"Dupla";"Retorno Regulamentado";"Não";1;0;0;0;1;0;0;1;-21,20030689;-45,11944438;"SPRF-MG";"DEL04-MG";"UOP02-DEL04-MG"
226751;2019-08-04;"domingo";"22:00:00";"RJ";101;275;"TANGUA";"Falta de Atenção à Condução";"Colisão frontal";"Com Vítimas Feridas";"Plena Noite";"Decrescente";"Céu Claro";"Simples";"Reta";"Sim";2;0;1;0;0;1;1;2;-22,73921907;-42,7430284;"SPRF-RJ";"DEL02-RJ";"UOP03-DEL02-RJ"
226752;2019-08-04;"domingo";"17:20:00";"MG";381;923;"CAMANDUCAIA";"Falta de Atenção à Condução";"Saída de leito carroçável";"Com Vítimas Feridas";"Pleno dia";"Decrescente";"Chuva";"Dupla";"Curva";"Não";3;0;1;2;0;0;3;1;-22,7671484;-46,22667493;"SPRF-MG";"DEL16-MG";"UOP03-DEL16-MG"
226754;2019-08-04;"domingo";"22:15:00";"RS";471;186;"RIO PARDO";"Ingestão de Álcool";"Colisão frontal";"Com Vítimas Fatais";"Plena Noite";"Crescente";"Céu Claro";"Simples";"Reta";"Não";7;1;1;5;0;0;6;2;-30,130247;-52,369663;"SPRF-RS";"DEL02-RS";"UOP02-DEL02-RS"
226756;2019-08-04;"domingo";"23:10:00";"BA";242;402;"SEABRA";"Pista Escorregadia";"Capotamento";"Com Vítimas Fatais";"Plena Noite";"Decrescente";"Chuva";"Simples";"Curva";"Não";3;1;2;0;0;0;2;1;-12,47075173;-41,69301709;"SPRF-BA";"DEL06-BA";"UOP01-DEL06-BA"
226757;2019-08-04;"domingo";"18:40:00";"PR";373;453,6;"CHOPINZINHO";"Falta de Atenção à Condução";"Colisão lateral";"Com Vítimas Feridas";"Plena Noite";"Decrescente";"Céu Claro";"Múltipla";"Interseção de Vias";"Não";25;0;1;1;23;0;2;2;-25,89897427;-52,37326384;"SPRF-PR";"DEL02-PR";"UOP01-DEL02-PR"
226759;2019-08-04;"domingo";"23:40:00";"SE";101;54;"CARMOPOLIS";"Condutor Dormindo";"Queda de ocupante de veículo";"Com Vítimas Feridas";"Plena Noite";"Crescente";"Nublado";"Simples";"Reta";"Não";2;0;1;1;0;0;2;1;-10,62656711;-36,99773792;"SPRF-SE";"DEL02-SE";"UOP02-DEL02-SE"
226761;2019-08-05;"segunda-feira";"00:00:00";"PB";230;47,9;"SANTA RITA";"Velocidade Incompatível";"Saída de leito carroçável";"Com Vítimas Feridas";"Plena Noite";"Decrescente";"Nublado";"Dupla";"Em Obras;Reta";"Não";1;0;1;0;0;0;1;1;-7,1685;-35,032;"SPRF-PB";"DEL01-PB";"UOP03-DEL01-PB"
226763;2019-08-05;"segunda-feira";"00:10:00";"PR";376;599;"CURITIBA";"Falta de Atenção à Condução";"Saída de leito carroçável";"Com Vítimas Feridas";"Plena Noite";"Decrescente";"Céu Claro";"Dupla";"Reta";"Sim";2;0;1;0;1;0;1;1;-25,52629711;-49,32958412;"SPRF-PR";"DEL01-PR";"UOP06-DEL01-PR"
226764;2019-08-04;"domingo";"18:30:00";"PR";163;340;"GUAIRA";"Fenômenos da Natureza";"Incêndio";"Sem Vítimas";"Anoitecer";"Crescente";"Céu Claro";"Simples";"Reta";"Não";1;0;0;0;0;1;0;1;-24,14720577;-54,23877977;"SPRF-PR";"DEL06-PR";"UOP01-DEL06-PR"
226766;2019-08-05;"segunda-feira";"00:25:00";"GO";153;433,9;"ANAPOLIS";"Ingestão de Álcool";"Colisão com objeto estático";"Com Vítimas Feridas";"Plena Noite";"Crescente";"Céu Claro";"Dupla";"Reta";"Sim";2;0;1;0;1;0;1;1;-16,270597;-48,975418;"SPRF-GO";"DEL02-GO";"UOP01-DEL02-GO"
226767;2019-08-04;"domingo";"22:00:00";"AC";364;128,1;"RIO BRANCO";"Falta de Atenção à Condução";"Atropelamento de Animal";"Sem Vítimas";"Plena Noite";"Crescente";"Céu Claro";"Simples";"Reta";"Não";1;0;0;0;1;0;0;1;-10,02644375;-67,8206882;"SPRF-AC";"DEL01-AC";"UOP01-DEL01-AC"
226769;2019-08-05;"segunda-feira";"00:30:00";"SC";470;204,7;"PONTE ALTA";"Velocidade Incompatível";"Saída de leito carroçável";"Sem Vítimas";"Plena Noite";"Decrescente";"Céu Claro";"Simples";"Curva";"Não";1;0;0;0;0;1;0;1;-27,289373;-50,166328;"SPRF-SC";"DEL05-SC";"UOP03-DEL05-SC"
226770;2019-08-04;"domingo";"23:19:00";"SC";101;194,4;"BIGUACU";"Desobediência às normas de trânsito pelo pedestre";"Atropelamento de Pedestre";"Com Vítimas Fatais";"Plena Noite";"Decrescente";"Céu Claro";"Dupla";"Reta";"Sim";6;1;0;0;0;5;0;4;-27,49815117;-48,65661236;"SPRF-SC";"DEL01-SC";"UOP01-DEL01-SC"
226771;2019-08-05;"segunda-feira";"01:45:00";"ES";262;37,9;"DOMINGOS MARTINS";"Velocidade Incompatível";"Capotamento";"Com Vítimas Feridas";"Plena Noite";"Crescente";"Garoa/Chuvisco";"Simples";"Reta";"Não";2;0;2;0;0;0;2;1;-20,38127779;-40,61151172;"SPRF-ES";"DEL01-ES";"UOP01-DEL01-ES"
226772;2019-08-05;"segunda-feira";"02:00:00";"PI";343;348,1;"TERESINA";"Falta de Atenção à Condução";"Colisão lateral";"Com Vítimas Feridas";"Plena Noite";"Crescente";"Céu Claro";"Simples";"Reta";"Sim";2;0;0;1;1;0;1;2;-5,118706;-42,786411;"SPRF-PI";"DEL01-PI";"UOP01-DEL01-PI"
226775;2019-08-05;"segunda-feira";"00:35:00";"RO";435;27;"VILHENA";"Animais na Pista";"Atropelamento de Animal";"Sem Vítimas";"Plena Noite";"Decrescente";"Céu Claro";"Simples";"Reta";"Não";2;0;0;0;2;0;0;1;-12,7868909;-60,35150005;"SPRF-RO";"DEL04-RO";"UOP02-DEL04-RO"
226776;2019-08-05;"segunda-feira";"03:00:00";"SP";116;269,4;"TABOAO DA SERRA";"Falta de Atenção do Pedestre";"Atropelamento de Pedestre";"Com Vítimas Fatais";"Plena Noite";"Decrescente";"Nublado";"Dupla";"Reta";"Sim";2;1;0;0;0;1;0;2;-23,60893158;-46,75759792;"SPRF-SP";"DEL04-SP";"UOP01-DEL04-SP"
226777;2019-08-05;"segunda-feira";"04:50:00";"AL";104;36;"UNIAO DOS PALMARES";"Animais na Pista";"Atropelamento de Animal";"Sem Vítimas";"Plena Noite";"Crescente";"Garoa/Chuvisco";"Simples";"Reta";"Não";1;0;0;0;1;0;0;1;-9,16859247;-36,02287647;"SPRF-AL";"DEL01-AL";"UOP02-DEL01-AL"
226778;2019-08-05;"segunda-feira";"03:50:00";"PB";230;8;"CABEDELO";"Velocidade Incompatível";"Saída de leito carroçável";"Com Vítimas Feridas";"Plena Noite";"Crescente";"Céu Claro";"Simples";"Em Obras";"Sim";2;0;0;2;0;0;2;1;-7,0355;-34,8429;"SPRF-PB";"DEL01-PB";"UOP01-DEL01-PB"
226779;2019-08-05;"segunda-feira";"05:00:00";"SC";101;191;"BIGUACU";"Desobediência às normas de trânsito pelo condutor";"Colisão com objeto estático";"Com Vítimas Feridas";"Plena Noite";"Crescente";"Céu Claro";"Múltipla";"Reta";"Sim";1;0;1;0;0;0;1;1;-27,47730273;-48,64127329;"SPRF-SC";"DEL01-SC";"UOP01-DEL01-SC"
226781;2019-08-05;"segunda-feira";"05:30:00";"SP";153;220;"MARILIA";"Defeito Mecânico no Veículo";"Saída de leito carroçável";"Com Vítimas Feridas";"Amanhecer";"Crescente";"Nublado";"Simples";"Aclive";"Não";1;0;1;0;0;0;1;1;-21,996762;-49,91299301;"SPRF-SP";"DEL07-SP";"UOP02-DEL07-SP"
226783;2019-08-05;"segunda-feira";"04:45:00";"RR";401;25;"BONFIM";"Pista Escorregadia";"Saída de leito carroçável";"Sem Vítimas";"Amanhecer";"Crescente";"Granizo";"Simples";"Reta";"Não";1;0;0;0;1;0;0;1;2,88745151;-60,50510884;"SPRF-RR";"DEL01-RR";"UOP03/RR"
226784;2019-08-05;"segunda-feira";"06:00:00";"CE";116;23;"AQUIRAZ";"Falta de Atenção à Condução";"Colisão traseira";"Com Vítimas Feridas";"Pleno dia";"Decrescente";"Céu Claro";"Dupla";"Reta";"Não";2;0;1;0;1;0;1;2;-3,94905489;-38,51212845;"SPRF-CE";"DEL01-CE";"UOP02-DEL01-CE"
226785;2019-08-05;"segunda-feira";"06:40:00";"AL";316;257;"PILAR";"Não guardar distância de segurança";"Colisão traseira";"Com Vítimas Feridas";"Pleno dia";"Decrescente";"Garoa/Chuvisco";"Simples";"Reta";"Não";3;0;1;0;2;0;1;3;-9,59111036;-35,93216002;"SPRF-AL";"DEL02-AL";"UOP01-DEL02-AL"
226787;2019-08-05;"segunda-feira";"06:30:00";"RJ";116;275,5;"BARRA MANSA";"Falta de Atenção à Condução";"Colisão com objeto estático";"Com Vítimas Feridas";"Amanhecer";"Crescente";"Chuva";"Dupla";"Curva";"Não";2;0;2;0;0;0;2;1;-22,56207185;-44,15671311;"SPRF-RJ";"DEL07-RJ";"UOP02-DEL07-RJ"
226788;2019-08-04;"domingo";"20:30:00";"MG";262;406,7;"PARA DE MINAS";"Ingestão de Álcool";"Colisão traseira";"Sem Vítimas";"Plena Noite";"Decrescente";"Céu Claro";"Dupla";"Declive";"Não";2;0;0;0;2;0;0;2;-19,88649;-44,599007;"SPRF-MG";"DEL08-MG";"UOP03-DEL08-MG"
226789;2019-08-05;"segunda-feira";"07:20:00";"PE";428;186;"PETROLINA";"Falta de Atenção à Condução";"Colisão frontal";"Com Vítimas Feridas";"Pleno dia";"Crescente";"Céu Claro";"Simples";"Reta";"Não";2;0;1;0;1;0;1;2;-9,34807826;-40,47441248;"SPRF-PE";"DEL06-PE";"UOP01-DEL06-PE"
226790;2019-08-05;"segunda-feira";"07:00:00";"SP";116;222,7;"GUARULHOS";"Falta de Atenção à Condução";"Colisão com objeto estático";"Sem Vítimas";"Pleno dia";"Crescente";"Céu Claro";"Múltipla";"Reta";"Sim";1;0;0;0;0;1;0;1;-23,47093408;-46,51631097;"SPRF-SP";"DEL01-SP";"UOP01-DEL01-SP"
226793;2019-08-05;"segunda-feira";"07:10:00";"PE";232;91;"SAIRE";"Agressão Externa";"Colisão com objeto em movimento";"Com Vítimas Feridas";"Pleno dia";"Decrescente";"Garoa/Chuvisco";"Dupla";"Reta";"Sim";3;0;1;0;2;0;1;2;-8,21834835;-35,66463196;"SPRF-PE";"DEL01-PE";"UOP02-DEL02PE"
226794;2019-08-05;"segunda-feira";"07:10:00";"GO";40;6;"VALPARAISO DE GOIAS";"Falta de Atenção à Condução";"Colisão traseira";"Com Vítimas Feridas";"Pleno dia";"Decrescente";"Céu Claro";"Dupla";"Reta";"Sim";4;0;1;0;3;0;1;3;-16,100814;-47,977351;"SPRF-DF";"DEL01-DF";"UOP01-DEL01-DF"
226795;2019-08-05;"segunda-feira";"07:15:00";"RJ";40;46,1;"PETROPOLIS";"Falta de Atenção à Condução";"Colisão transversal";"Com Vítimas Feridas";"Pleno dia";"Decrescente";"Céu Claro";"Dupla";"Curva";"Não";3;0;1;0;1;1;1;2;-22,28561813;-43,12096273;"SPRF-RJ";"DEL06-RJ";"UOP01-DEL06-RJ"
226796;2019-08-04;"domingo";"01:30:00";"PI";135;364;"BOM JESUS";"Falta de Atenção do Pedestre";"Atropelamento de Pedestre";"Com Vítimas Fatais";"Plena Noite";"Crescente";"Céu Claro";"Simples";"Reta";"Não";2;1;0;0;0;1;0;2;-9,15531005;-44,41715989;"SPRF-PI";"DEL03-PI";"UOP02-DEL03-PI"
226797;2019-08-05;"segunda-feira";"08:15:00";"GO";60;244,3;"INDIARA";"Fenômenos da Natureza";"Saída de leito carroçável";"Com Vítimas Feridas";"Pleno dia";"Crescente";"Chuva";"Dupla";"Curva";"Não";2;0;1;1;0;0;2;1;-17,10620618;-49,92741108;"SPRF-GO";"DEL01-GO";"UOP02-DEL01-GO"
226798;2019-08-05;"segunda-feira";"07:15:00";"SC";163;67,4;"SAO MIGUEL DO OESTE";"Desobediência às normas de trânsito pelo condutor";"Colisão transversal";"Com Vítimas Feridas";"Pleno dia";"Decrescente";"Céu Claro";"Dupla";"Reta;Declive;Interseção de Vias";"Sim";2;0;0;1;1;0;1;2;-26,74024969;-53,50123465;"SPRF-SC";"DEL07-SC";"UOP03-DEL07-SC"
226799;2019-08-05;"segunda-feira";"07:40:00";"MG";40;519;"CONTAGEM";"Não guardar distância de segurança";"Colisão lateral";"Com Vítimas Feridas";"Pleno dia";"Crescente";"Nublado";"Dupla";"Reta";"Não";3;0;2;0;1;0;2;2;-19,83957589;-44,07684485;"SPRF-MG";"DEL01-MG";"UOP02-DEL01-MG"
226800;2019-08-05;"segunda-feira";"06:20:00";"BA";116;808;"VITORIA DA CONQUISTA";"Defeito Mecânico no Veículo";"Queda de ocupante de veículo";"Com Vítimas Feridas";"Pleno dia";"Crescente";"Garoa/Chuvisco";"Simples";"Reta";"Não";2;0;2;0;0;0;2;1;-14,7433918;-40,66503611;"SPRF-BA";"DEL08-BA";"UOP01-DEL08-BA"
226801;2019-08-05;"segunda-feira";"08:30:00";"SC";101;118;"ITAJAI";"Desobediência às normas de trânsito pelo condutor";"Colisão traseira";"Com Vítimas Feridas";"Pleno dia";"Crescente";"Nublado";"Dupla";"Reta";"Sim";2;0;1;0;1;0;1;2;-26,895859;-48,71903;"SPRF-SC";"DEL04-SC";"UOP04-DEL04-SC"
226802;2019-08-05;"segunda-feira";"08:10:00";"BA";324;620;"SALVADOR";"Falta de Atenção à Condução";"Colisão traseira";"Com Vítimas Feridas";"Pleno dia";"Decrescente";"Céu Claro";"Múltipla";"Reta";"Sim";2;0;1;0;1;0;1;2;-12,91431556;-38,46023182;"SPRF-BA";"DEL01-BA";"UOP01-DEL01-BA"
226803;2019-08-05;"segunda-feira";"07:40:00";"MG";262;802;"UBERABA";"Velocidade Incompatível";"Saída de leito carroçável";"Com Vítimas Feridas";"Pleno dia";"Crescente";"Chuva";"Dupla";"Reta";"Sim";1;0;1;0;0;0;1;1;-19,779234;-47,964844;"SPRF-MG";"DEL13-MG";"UOP01-DEL13-MG"
226804;2019-08-05;"segunda-feira";"08:15:00";"ES";101;99,3;"JAGUARE";"Velocidade Incompatível";"Saída de leito carroçável";"Com Vítimas Fatais";"Pleno dia";"Decrescente";"Nublado";"Simples";"Reta";"Não";2;1;0;1;0;0;1;1;-18,97188909;-39,99152282;"SPRF-ES";"DEL04-ES";"UOP02-DEL04-ES"