"id";"data_inversa";"dia_semana";"horario";"uf";"br";"km";"municipio";"causa_acidente";"tipo_acidente";"classificacao_acidente";"fase_dia";"sentido_via";"condicao_metereologica";"tipo_pista";"tracado_via";"uso_solo";"pessoas";"mortos";"feridos_leves";"feridos_graves";"ilesos";"ignorados";"feridos";"veiculos";"latitude";"longitude";"regional";"delegacia";"uop"
227041;2019-08-06;"terça-feira";"12:30:00";"ES";101;294;"CARIACICA";"Defeito Mecânico no Veículo";"Incêndio";"Sem Vítimas";"Pleno dia";"Crescente";"Chuva";"Simples";"Reta";"Sim";1;0;0;0;1;0;0;1;-20,32415948;-40,3952903;"SPRF-ES";"DEL01-ES";"UOP01-DEL01-ES"
227042;2019-08-06;"terça-feira";"13:20:00";"SC";101;200,3;"SAO JOSE";"Falta de Atenção à Condução";"Colisão lateral";"Com Vítimas Feridas";"Pleno dia";"Crescente";"Nublado";"Dupla";"Reta";"Sim";2;0;1;0;1;0;1;2;-27,54018513;-48,62287714;"SPRF-SC";"DEL01-SC";"UOP01-DEL01-SC"
227044;2019-08-06;"terça-feira";"14:00:00";"RJ";101;316;"SAO GONCALO";"Falta de Atenção do Pedestre";"Atropelamento de Pedestre";"Com Vítimas Feridas";"Pleno dia";"Crescente";"Céu Claro";"Dupla";"Reta";"Sim";3;0;0;1;2;0;1;2;-22,82835879;-43,09208739;"SPRF-RJ";"DEL02-RJ";"DEL5/2-UOP04/RJ"
227045;2019-08-06;"terça-feira";"10:00:00";"MA";316;554,6;"CAXIAS";"Falta de Atenção à Condução";"Colisão transversal";"Com Vítimas Feridas";"Pleno dia";"Crescente";"Céu Claro";"Dupla";"Reta";"Sim";2;0;1;0;1;0;1;2;-4,87351;-43,330151;"SPRF-MA";"DEL03-MA";"UOP02-DEL03-MA"
227046;2019-08-06;"terça-feira";"14:50:00";"PR";376;631,5;"SAO JOSE DOS PINHAIS";"Falta de Atenção do Pedestre";"Atropelamento de Pedestre";"Com Vítimas Feridas";"Pleno dia";"Crescente";"Nublado";"Dupla";"Reta";"Sim";2;0;0;1;0;1;1;2;-25,70434399;-49,14198595;"SPRF-PR";"DEL01-PR";"UOP04-DEL01-PR"
227047;2019-08-06;"terça-feira";"11:25:00";"SC";282;576,9;"PINHALZINHO";"Desobediência às normas de trânsito pelo condutor";"Colisão transversal";"Com Vítimas Feridas";"Pleno dia";"Decrescente";"Céu Claro";"Simples";"Reta";"Não";4;0;3;0;1;0;3;2;-26,856054;-52,98011;"SPRF-SC";"DEL07-SC";"UOP02-DEL07-SC"
227049;2019-08-06;"terça-feira";"13:40:00";"BA";116;816;"VITORIA DA CONQUISTA";"Desobediência às normas de trânsito pelo condutor";"Colisão traseira";"Com Vítimas Feridas";"Pleno dia";"Crescente";"Nublado";"Simples";"Reta";"Sim";2;0;1;0;1;0;1;2;-14,77751018;-40,73036091;"SPRF-BA";"DEL08-BA";"UOP01-DEL08-BA"
227051;2019-07-22;"segunda-feira";"16:20:00";"PE";316;350;"PETROLANDIA";"Defeito na Via";"Danos eventuais";"Sem Vítimas";"Pleno dia";"Decrescente";"Céu Claro";"Simples";"Reta";"Não";2;0;0;0;2;0;0;1;-8,87016712;-38,29766215;"SPRF-PE";"DEL04-PE";"UOP03-DEL04-PE"
227052;2019-08-02;"sexta-feira";"20:47:00";"ES";101;319;"GUARAPARI";"Ingestão de Álcool";"Capotamento";"Com Vítimas Feridas";"Plena Noite";"Crescente";"Nublado";"Simples";"Reta";"Não";1;0;1;0;0;0;1;1;-20,50358302;-40,47483522;"SPRF-ES";"DEL03-ES";"UOP01-DEL03-ES"
227054;2019-08-06;"terça-feira";"08:30:00";"MG";40;717;"BARBACENA";"Velocidade Incompatível";"Colisão com objeto estático";"Sem Vítimas";"Pleno dia";"Decrescente";"Garoa/Chuvisco";"Dupla";"Curva";"Não";2;0;0;0;2;0;0;1;-21,26034802;-43,66189055;"SPRF-MG";"DEL05-MG";"UOP01-DEL05-MG"
227055;2019-08-06;"terça-feira";"15:00:00";"MG";40;510,9;"RIBEIRAO DAS NEVES";"Falta de Atenção à Condução";"Saída de leito carroçável";"Com Vítimas Feridas";"Pleno dia";"Crescente";"Céu Claro";"Dupla";"Reta";"Não";4;0;4;0;0;0;4;1;-19,77463885;-44,12321882;"SPRF-MG";"DEL01-MG";"UOP02-DEL01-MG"
227056;2019-08-06;"terça-feira";"13:55:00";"RS";293;105,7;"PINHEIRO MACHADO";"Falta de Atenção à Condução";"Colisão transversal";"Com Vítimas Feridas";"Pleno dia";"Crescente";"Céu Claro";"Simples";"Reta;Interseção de Vias";"Sim";2;0;0;1;1;0;1;2;-31,57491172;-53,37142294;"SPRF-RS";"DEL11-RS";"UOP03-DEL11-RS"
227057;2019-08-06;"terça-feira";"15:30:00";"SC";101;49;"JOINVILLE";"Velocidade Incompatível";"Tombamento";"Com Vítimas Feridas";"Pleno dia";"Decrescente";"Nublado";"Dupla";"Reta";"Sim";1;0;1;0;0;0;1;1;-26,36479799;-48,85878798;"SPRF-SC";"DEL03-SC";"UOP01-DEL03-SC"
227058;2019-08-06;"terça-feira";"12:15:00";"SC";101;327;"CAPIVARI DE BAIXO";"Falta de Atenção à Condução";"Colisão traseira";"Com Vítimas Feridas";"Pleno dia";"Crescente";"Céu Claro";"Dupla";"Reta";"Sim";3;0;2;0;1;0;2;2;-28,43415701;-48,95787835;"SPRF-SC";"DEL02-SC";"UOP01-DEL02-SC"
227059;2019-08-06;"terça-feira";"14:05:00";"AP";210;3;"MACAPA";"Desobediência às normas de trânsito pelo condutor";"Colisão transversal";"Com Vítimas Feridas";"Pleno dia";"Crescente";"Céu Claro";"Dupla";"Reta";"Sim";2;0;0;1;1;0;1;2;0,08723365;-51,08569007;"SPRF-AP";"DEL01-AP";"UOP01-DEL01-AP"
227062;2019-08-06;"terça-feira";"16:00:00";"RJ";393;250,5;"BARRA DO PIRAI";"Falta de Atenção à Condução";"Colisão transversal";"Sem Vítimas";"Pleno dia";"Decrescente";"Céu Claro";"Simples";"Reta";"Sim";7;0;0;0;7;0;0;2;-22,42457483;-43,76088293;"SPRF-RJ";"DEL05-RJ";"UOP04-DEL05-RJ"
227063;2019-08-06;"terça-feira";"16:00:00";"SC";101;119,2;"ITAJAI";"Objeto estático sobre o leito carroçável";"Tombamento";"Com Vítimas Feridas";"Pleno dia";"Crescente";"Sol";"Dupla";"Reta";"Sim";1;0;0;1;0;0;1;1;-26,9043179;-48,71555481;"SPRF-SC";"DEL04-SC";"UOP04-DEL04-SC"
227064;2019-08-06;"terça-feira";"14:15:00";"RO";421;45;"MONTE NEGRO";"Defeito na Via";"Saída de leito carroçável";"Com Vítimas Feridas";"Pleno dia";"Crescente";"Céu Claro";"Simples";"Reta";"Sim";4;0;4;0;0;0;4;1;-10,235835;-63,262917;"SPRF-RO";"DEL03-RO";"DEL21/3-UOP04/RO"
227065;2019-08-06;"terça-feira";"13:45:00";"RO";174;14;"VILHENA";"Desobediência às normas de trânsito pelo condutor";"Colisão traseira";"Com Vítimas Feridas";"Pleno dia";"Decrescente";"Céu Claro";"Dupla";"Reta";"Sim";2;0;2;0;0;0;2;2;-12,73306632;-60,12981255;"SPRF-RO";"DEL04-RO";"UOP01-DEL04-RO"
227066;2019-08-06;"terça-feira";"16:40:00";"CE";116;6;"FORTALEZA";"Falta de Atenção à Condução";"Colisão traseira";"Com Vítimas Feridas";"Pleno dia";"Decrescente";"Céu Claro";"Múltipla";"Reta";"Sim";3;0;2;0;1;0;2;2;-3,802624;-38,50400499;"SPRF-CE";"DEL01-CE";"UOP02-DEL01-CE"
227068;2019-08-06;"terça-feira";"16:50:00";"PR";116;118,8;"CURITIBA";"Velocidade Incompatível";"Queda de ocupante de veículo";"Com Vítimas Feridas";"Pleno dia";"Crescente";"Céu Claro";"Dupla";"Curva;Retorno Regulamentado";"Sim";1;0;1;0;0;0;1;1;-25,54657438;-49,29173608;"SPRF-PR";"DEL01-PR";"UOP03-DEL01-PR"
227069;2019-08-06;"terça-feira";"14:15:00";"BA";101;671,1;"ITAPEBI";"Velocidade Incompatível";"Saída de leito carroçável";"Com Vítimas Feridas";"Pleno dia";"Decrescente";"Sol";"Simples";"Curva";"Não";1;0;1;0;0;0;1;1;-16,00555583;-39,59300995;"SPRF-BA";"DEL09-BA";"UOP01-DEL09-BA"
227071;2019-08-06;"terça-feira";"16:10:00";"BA";116;17;"VITORIA DA CONQUISTA";"Falta de Atenção à Condução";"Colisão transversal";"Com Vítimas Feridas";"Pleno dia";"Crescente";"Céu Claro";"Simples";"Curva";"Sim";2;0;1;0;1;0;1;2;-14,851;-40,8485;"SPRF-BA";"DEL08-BA";"UOP01-DEL08-BA"
227072;2019-08-06;"terça-feira";"15:20:00";"RS";392;111,3;"CANGUCU";"Falta de Atenção à Condução";"Colisão com objeto estático";"Com Vítimas Feridas";"Pleno dia";"Decrescente";"Céu Claro";"Simples";"Reta";"Não";1;0;0;1;0;0;1;1;-31,45435717;-52,63814131;"SPRF-RS";"DEL07-RS";"UOP01-DEL07-RS"
227073;2019-08-06;"terça-feira";"17:10:00";"PA";230;115,5;"MARABA";"Falta de Atenção à Condução";"Colisão traseira";"Com Vítimas Feridas";"Pleno dia";"Crescente";"Céu Claro";"Dupla";"Reta";"Sim";3;0;2;0;1;0;2;3;-5,36241425;-49,07496007;"SPRF-PA";"DEL03-PA";"UOP01-DEL03-PA"
227076;2019-08-06;"terça-feira";"17:30:00";"SP";116;230;"SAO PAULO";"Falta de Atenção à Condução";"Colisão traseira";"Com Vítimas Feridas";"Pleno dia";"Decrescente";"Nublado";"Múltipla";"Reta";"Sim";2;0;1;0;1;0;1;2;-23,52251783;-46,5855702;"SPRF-SP";"DEL01-SP";"UOP01-DEL01-SP"
227078;2019-08-06;"terça-feira";"17:35:00";"BA";110;162;"RIBEIRA DO POMBAL";"Falta de Atenção à Condução";"Colisão frontal";"Com Vítimas Feridas";"Anoitecer";"Crescente";"Céu Claro";"Simples";"Reta";"Não";2;0;0;2;0;0;2;2;-10,77319309;-38,51441775;"SPRF-BA";"DEL07-BA";"UOP02-DEL07-BA"
227079;2019-08-06;"terça-feira";"17:50:00";"RN";406;169;"SAO GONCALO DO AMARANTE";"Não guardar distância de segurança";"Colisão traseira";"Com Vítimas Feridas";"Anoitecer";"Decrescente";"Céu Claro";"Dupla";"Reta";"Sim";3;0;2;0;0;1;2;2;-5,75570118;-35,30728507;"SPRF-RN";"DEL02-RN";"UOP01-DEL02-RN"
227080;2019-08-06;"terça-feira";"18:00:00";"ES";101;181,7;"ARACRUZ";"Ultrapassagem Indevida";"Colisão frontal";"Com Vítimas Feridas";"Plena Noite";"Crescente";"Chuva";"Simples";"Reta";"Não";2;0;0;2;0;0;2;2;-19,6312501;-40,22615187;"SPRF-ES";"DEL04-ES";"UOP01-DEL04-ES"
227081;2019-08-06;"terça-feira";"17:45:00";"BA";324;614;"SALVADOR";"Desobediência às normas de trânsito pelo condutor";"Colisão lateral";"Com Vítimas Feridas";"Anoitecer";"Crescente";"Nublado";"Dupla";"Declive";"Sim";3;0;1;0;0;2;1;3;-12,8639793;-38,42370126;"SPRF-BA";"DEL01-BA";"UOP01-DEL01-BA"
227084;2019-08-06;"terça-feira";"18:25:00";"MG";40;520;"CONTAGEM";"Não guardar distância de segurança";"Colisão traseira";"Com Vítimas Feridas";"Anoitecer";"Decrescente";"Céu Claro";"Dupla";"Curva";"Sim";5;0;2;1;2;0;3;4;-19,84761911;-44,07276144;"SPRF-MG";"DEL01-MG";"UOP02-DEL01-MG"
227086;2019-08-06;"terça-feira";"15:50:00";"SC";470;318,3;"CAMPOS NOVOS";"Desobediência às normas de trânsito pelo condutor";"Colisão traseira";"Com Vítimas Feridas";"Pleno dia";"Decrescente";"Sol";"Simples";"Reta";"Sim";3;0;2;0;0;1;2;2;-27,408455;-51,214985;"SPRF-SC";"DEL07-SC";"UOP06-DEL07-SC"
227087;2019-08-06;"terça-feira";"16:40:00";"MA";135;84,7;"ITAPECURU MIRIM";"Falta de Atenção à Condução";"Colisão traseira";"Com Vítimas Feridas";"Pleno dia";"Decrescente";"Céu Claro";"Simples";"Reta";"Sim";2;0;0;1;1;0;1;2;-3,24994968;-44,3824064;"SPRF-MA";"DEL01-MA";"UOP02-DEL01-MA"
227089;2019-08-06;"terça-feira";"18:30:00";"BA";116;424,5;"FEIRA DE SANTANA";"Falta de Atenção à Condução";"Queda de ocupante de veículo";"Com Vítimas Feridas";"Plena Noite";"Crescente";"Nublado";"Simples";"Reta";"Sim";3;0;2;0;0;1;2;3;-12,23257586;-38,97248506;"SPRF-BA";"DEL02-BA";"UOP01-DEL02-BA"
227090;2019-08-06;"terça-feira";"19:00:00";"SC";101;196;"BIGUACU";"Não guardar distância de segurança";"Colisão traseira";"Com Vítimas Feridas";"Plena Noite";"Crescente";"Céu Claro";"Dupla";"Reta";"Sim";2;0;1;0;1;0;1;2;-27,51101091;-48,64322292;"SPRF-SC";"DEL01-SC";"UOP01-DEL01-SC"
227091;2019-08-06;"terça-feira";"18:00:00";"ES";101;117,9;"SOORETAMA";"Restrição de Visibilidade";"Colisão traseira";"Com Vítimas Feridas";"Plena Noite";"Crescente";"Chuva";"Simples";"Reta";"Não";2;0;0;1;1;0;1;2;-19,11932808;-40,06302982;"SPRF-ES";"DEL04-ES";"UOP01-DEL04-ES"
227092;2019-08-06;"terça-feira";"19:00:00";"SC";101;123;"ITAJAI";"Falta de Atenção à Condução";"Colisão transversal";"Com Vítimas Feridas";"Plena Noite";"Crescente";"Céu Claro";"Dupla";"Interseção de Vias";"Sim";2;0;0;1;1;0;1;2;-26,93668609;-48,69876905;"SPRF-SC";"DEL04-SC";"UOP04-DEL04-SC"
227093;2019-08-06;"terça-feira";"18:30:00";"SC";101;193;"BIGUACU";"Desobediência às normas de trânsito pelo condutor";"Colisão traseira";"Com Vítimas Feridas";"Plena Noite";"Decrescente";"Nublado";"Múltipla";"Interseção de Vias";"Não";2;0;1;0;1;0;1;2;-27,489574;-48,655914;"SPRF-SC";"DEL01-SC";"UOP01-DEL01-SC"
227094;2019-08-06;"terça-feira";"19:00:00";"MG";262;196;"JOAO MONLEVADE";"Falta de Atenção à Condução";"Tombamento";"Com Vítimas Feridas";"Plena Noite";"Decrescente";"Nublado";"Simples";"Curva";"Não";1;0;1;0;0;0;1;1;-19,86091;-43,11725;"SPRF-MG";"DEL03-MG";"UOP01-DEL03-MG"
227096;2019-08-06;"terça-feira";"18:30:00";"GO";153;503,1;"GOIANIA";"Falta de Atenção à Condução";"Colisão traseira";"Com Vítimas Feridas";"Anoitecer";"Crescente";"Nublado";"Dupla";"Interseção de Vias";"Sim";2;0;1;0;1;0;1;2;-16,73080384;-49,24359798;"SPRF-GO";"DEL01-GO";"UOP01-DEL01-GO"
227097;2019-08-06;"terça-feira";"18:30:00";"SC";101;417;"ARARANGUA";"Deficiência ou não Acionamento do Sistema de Iluminação/Sinalização do Veículo";"Colisão traseira";"Com Vítimas Feridas";"Plena Noite";"Crescente";"Céu Claro";"Dupla";"Reta";"Não";2;0;1;0;1;0;1;2;-28,97976019;-49,5356825;"SPRF-SC";"DEL02-SC";"UOP02-DEL02-SC"
227099;2019-08-06;"terça-feira";"19:30:00";"ES";101;146,7;"LINHARES";"Falta de Atenção à Condução";"Atropelamento de Pedestre";"Com Vítimas Feridas";"Plena Noite";"Crescente";"Chuva";"Simples";"Reta";"Não";2;0;0;2;0;0;2;2;-19,36990998;-40,06560718;"SPRF-ES";"DEL04-ES";"UOP01-DEL04-ES"
227102;2019-08-06;"terça-feira";"18:50:00";"PB";101;89;"JOAO PESSOA";"Desobediência às normas de trânsito pelo condutor";"Colisão lateral";"Com Vítimas Feridas";"Plena Noite";"Decrescente";"Céu Claro";"Dupla";"Curva";"Não";3;0;2;0;0;1;2;2;-7,1710694;-34,89765372;"SPRF-PB";"DEL01-PB";"UOP01-DEL01-PB"
227104;2019-07-14;"domingo";"14:00:00";"ES";262;155,7;"IBATIBA";"Falta de Atenção à Condução";"Colisão lateral";"Com Vítimas Feridas";"Pleno dia";"Decrescente";"Sol";"Simples";"Reta";"Não";3;0;2;0;1;0;2;2;-20,22651793;-41,47055672;"SPRF-ES";"DEL01-ES";"UOP02-DEL01-ES"
227105;2019-08-06;"terça-feira";"18:00:00";"ES";101;149,4;"LINHARES";"Não guardar distância de segurança";"Queda de ocupante de veículo";"Com Vítimas Feridas";"Plena Noite";"Decrescente";"Chuva";"Múltipla";"Reta";"Sim";1;0;1;0;0;0;1;1;-19,39619083;-40,06435871;"SPRF-ES";"DEL04-ES";"UOP01-DEL04-ES"
227106;2019-08-06;"terça-feira";"11:00:00";"PI";343;4;"TERESINA";"Falta de Atenção do Pedestre";"Queda de ocupante de veículo";"Sem Vítimas";"Pleno dia";"Decrescente";"Céu Claro";"Dupla";"Reta";"Sim";1;0;0;0;1;0;0;1;-5,089569;-42,802288;"SPRF-PI";"DEL01-PI";"UOP01-DEL01-PI"
227107;2019-08-06;"terça-feira";"20:25:00";"RS";470;227,4;"GARIBALDI";"Falta de Atenção à Condução";"Colisão transversal";"Com Vítimas Feridas";"Plena Noite";"Decrescente";"Céu Claro";"Simples";"Reta";"Sim";2;0;2;0;0;0;2;2;-29,25922612;-51,50863951;"SPRF-RS";"DEL06-RS";"UOP01-DEL06-RS"
227110;2019-08-06;"terça-feira";"20:50:00";"MG";365;623,5;"UBERLANDIA";"Defeito Mecânico no Veículo";"Queda de ocupante de veículo";"Com Vítimas Feridas";"Plena Noite";"Crescente";"Céu Claro";"Dupla";"Reta";"Sim";2;0;2;0;0;0;2;1;-18,90492639;-48,29113483;"SPRF-MG";"DEL15-MG";"UOP01-DEL15-MG"
227111;2019-08-06;"terça-feira";"19:30:00";"MT";364;346,4;"SANTO ANTONIO DO LEVERGER";"Falta de Atenção à Condução";"Saída de leito carroçável";"Sem Vítimas";"Plena Noite";"Decrescente";"Nublado";"Múltipla";"Curva";"Não";1;0;0;0;1;0;0;1;-15,81193889;-55,53981241;"SPRF-MT";"DEL02-MT";"UOP02-DEL01-MT"
227114;2019-08-06;"terça-feira";"22:10:00";"MG";365;626;"UBERLANDIA";"Falta de Atenção do Pedestre";"Atropelamento de Pedestre";"Com Vítimas Feridas";"Plena Noite";"Crescente";"Céu Claro";"Dupla";"Reta";"Sim";3;0;0;1;2;0;1;2;-18,90659356;-48,33469405;"SPRF-MG";"DEL15-MG";"UOP01-DEL15-MG"
227116;2019-08-06;"terça-feira";"22:10:00";"DF";20;16,2;"BRASILIA";"Defeito Mecânico no Veículo";"Incêndio";"Sem Vítimas";"Plena Noite";"Decrescente";"Céu Claro";"Dupla";"Aclive";"Sim";1;0;0;0;1;0;0;1;-15,625675;-47,725159;"SPRF-DF";"DEL02-DF";"UOP01-DEL02-DF"
227117;2019-08-06;"terça-feira";"22:30:00";"RS";101;5,5;"TORRES";"Desobediência às normas de trânsito pelo condutor";"Colisão traseira";"Com Vítimas Feridas";"Plena Noite";"Decrescente";"Céu Claro";"Dupla";"Reta";"Sim";3;0;3;0;0;0;3;2;-29,34105776;-49,78584432;"SPRF-RS";"DEL03-RS";"UOP02-DEL03-RS"
227118;2019-08-06;"terça-feira";"16:20:00";"MG";50;124;"UBERABA";"Falta de Atenção à Condução";"Colisão com objeto estático";"Sem Vítimas";"Pleno dia";"Decrescente";"Céu Claro";"Dupla";"Reta";"Não";1;0;0;0;1;0;0;1;-19,34165402;-48,09547304;"SPRF-MG";"DEL13-MG";"UOP01-DEL13-MG"
227120;2019-08-06;"terça-feira";"17:30:00";"AM";174;984;"PRESIDENTE FIGUEIREDO";"Restrição de Visibilidade";"Colisão frontal";"Com Vítimas Feridas";"Plena Noite";"Crescente";"Chuva";"Simples";"Curva";"Sim";2;0;0;1;1;0;1;2;-2,10373508;-59,99445126;"SPRF-AM";"DEL01-AM";"UOP02-DEL01-AM"
227123;2019-08-06;"terça-feira";"23:45:00";"RS";290;74;"GRAVATAI";"Animais na Pista";"Atropelamento de Animal";"Com Vítimas Feridas";"Plena Noite";"Decrescente";"Céu Claro";"Dupla";"Reta";"Não";1;0;1;0;0;0;1;1;-29,953354;-50,996696;"SPRF-RS";"DEL03-RS";"UOP01-DEL03-RS"
227126;2019-08-06;"terça-feira";"22:15:00";"AC";364;123;"RIO BRANCO";"Desobediência às normas de trânsito pelo condutor";"Colisão transversal";"Com Vítimas Feridas";"Plena Noite";"Decrescente";"Céu Claro";"Dupla";"Reta";"Não";3;0;2;0;1;0;2;2;-10,0117071;-67,782373;"SPRF-AC";"DEL01-AC";"UOP01-DEL01-AC"
227132;2019-08-07;"quarta-feira";"02:00:00";"MG";381;484,5;"BETIM";"Falta de Atenção à Condução";"Colisão lateral";"Com Vítimas Feridas";"Plena Noite";"Decrescente";"Céu Claro";"Múltipla";"Curva";"Sim";3;0;1;0;2;0;1;2;-19,95531717;-44,11722196;"SPRF-MG";"DEL01-MG";"UOP03-DEL01-MG"
227133;2019-08-07;"quarta-feira";"01:30:00";"MG";381;487,3;"BETIM";"Ingestão de Álcool";"Colisão com objeto estático";"Sem Vítimas";"Plena Noite";"Crescente";"Céu Claro";"Dupla";"Declive;Curva";"Sim";1;0;0;0;1;0;0;1;-19,95586853;-44,14609501;"SPRF-MG";"DEL01-MG";"UOP03-DEL01-MG"
227134;2019-08-07;"quarta-feira";"03:00:00";"MG";381;848,8;"POUSO ALEGRE";"Falta de Atenção à Condução";"Queda de ocupante de veículo";"Com Vítimas Feridas";"Plena Noite";"Crescente";"Céu Claro";"Dupla";"Reta";"Não";1;0;1;0;0;0;1;1;-22,26114406;-45,89010176;"SPRF-MG";"DEL16-MG";"UOP01-DEL16-MG"
227135;2019-08-06;"terça-feira";"22:00:00";"PR";277;729,1;"FOZ DO IGUACU";"Restrição de Visibilidade";"Incêndio";"Sem Vítimas";"Plena Noite";"Crescente";"Céu Claro";"Dupla";"Aclive";"Sim";1;0;0;0;1;0;0;1;-25,50479869;-54,584198;"SPRF-PR";"DEL05-PR";"UOP03-DEL05-PR"
227139;2019-08-06;"terça-feira";"07:15:00";"RS";472;450,4;"ITAQUI";"Defeito na Via";"Saída de leito carroçável";"Com Vítimas Feridas";"Plena Noite";"Decrescente";"Céu Claro";"Simples";"Reta";"Não";2;0;1;0;1;0;1;1;-29,01517108;-56,19025891;"SPRF-RS";"DEL12-RS";"UOP01-DEL12-RS"
227141;2019-08-07;"quarta-feira";"06:20:00";"SP";116;208;"GUARULHOS";"Desobediência às normas de trânsito pelo condutor";"Colisão lateral";"Com Vítimas Feridas";"Pleno dia";"Crescente";"Céu Claro";"Dupla";"Reta";"Sim";2;0;1;0;1;0;1;2;-23,42179631;-46,39220595;"SPRF-SP";"DEL01-SP";"UOP01-DEL01-SP"
227143;2019-08-07;"quarta-feira";"06:20:00";"SC";282;103,8;"ALFREDO WAGNER";"Falta de Atenção à Condução";"Colisão lateral";"Com Vítimas Feridas";"Amanhecer";"Decrescente";"Céu Claro";"Simples";"Reta";"Sim";2;0;0;1;0;1;1;2;-27,69601126;-49,33185339;"SPRF-SC";"DEL01-SC";"UOP03-DEL01-SC"
227144;2019-07-20;"sábado";"17:18:00";"GO";60;39,8;"APARECIDA DE GOIANIA";"Ingestão de Álcool";"Colisão lateral";"Com Vítimas Fatais";"Pleno dia";"Crescente";"Céu Claro";"Dupla";"Reta";"Sim";4;1;0;0;1;2;0;3;-16,8101;-49,2397;"SPRF-GO";"DEL01-GO";"UOP03-DEL01-GO"
227145;2019-08-06;"terça-feira";"19:15:00";"CE";222;314;"TIANGUA";"Falta de Atenção do Pedestre";"Atropelamento de Pedestre";"Com Vítimas Feridas";"Plena Noite";"Crescente";"Chuva";"Simples";"Reta";"Sim";2;0;2;0;0;0;2;2;-3,73110045;-41,00095099;"SPRF-CE";"DEL04-CE";"UOP02-DEL04-CE"
227146;2019-08-07;"quarta-feira";"07:00:00";"ES";262;1,3;"CARIACICA";"Desobediência às normas de trânsito pelo condutor";"Colisão transversal";"Com Vítimas Feridas";"Pleno dia";"Crescente";"Chuva";"Dupla";"Reta";"Sim";2;0;0;1;1;0;1;2;-20,32955204;-40,35492602;"SPRF-ES";"DEL01-ES";"UOP01-DEL01-ES"
227147;2019-08-07;"quarta-feira";"06:30:00";"MG";40;518;"RIBEIRAO DAS NEVES";"Desobediência às normas de trânsito pelo condutor";"Colisão lateral";"Com Vítimas Feridas";"Pleno dia";"Crescente";"Céu Claro";"Dupla";"Reta";"Não";3;0;2;0;1;0;2;2;-19,83196008;-44,08268452;"SPRF-MG";"DEL01-MG";"UOP02-DEL01-MG"
227149;2019-08-07;"quarta-feira";"06:00:00";"MG";50;68,5;"UBERLANDIA";"Desobediência às normas de trânsito pelo condutor";"Colisão transversal";"Sem Vítimas";"Amanhecer";"Crescente";"Céu Claro";"Simples";"Reta";"Sim";2;0;0;0;2;0;0;2;-18,85140204;-48,25345932;"SPRF-MG";"DEL15-MG";"UOP01-DEL15-MG"
227150;2019-07-13;"sábado";"23:50:00";"BA";324;489;"FEIRA DE SANTANA";"Falta de Atenção à Condução";"Colisão traseira";"Com Vítimas Feridas";"Plena Noite";"Decrescente";"Céu Claro";"Simples";"Reta";"Sim";3;0;1;0;2;0;1;3;-12,05998117;-38,97350919;"SPRF-BA";"DEL02-BA";"UOP01-DEL02-BA"
227151;2019-08-07;"quarta-feira";"07:05:00";"RS";470;218;"BENTO GONCALVES";"Falta de Atenção à Condução";"Colisão transversal";"Sem Vítimas";"Pleno dia";"Crescente";"Nublado";"Simples";"Curva";"Sim";2;0;0;0;2;0;0;2;-29,17860459;-51,5181989;"SPRF-RS";"DEL06-RS";"UOP01-DEL06-RS"
227152;2019-08-07;"quarta-feira";"06:40:00";"ES";101;143,8;"LINHARES";"Não guardar distância de segurança";"Colisão traseira";"Com Vítimas Feridas";"Amanhecer";"Decrescente";"Nublado";"Múltipla";"Reta";"Sim";2;0;0;2;0;0;2;2;-19,34286596;-40,0638568;"SPRF-ES";"DEL04-ES";"UOP01-DEL04-ES"
227153;2019-08-07;"quarta-feira";"05:50:00";"SC";280;55,5;"GUARAMIRIM";"Falta de Atenção à Condução";"Tombamento";"Com Vítimas Feridas";"Amanhecer";"Decrescente";"Nublado";"Simples";"Reta";"Sim";1;0;1;0;0;0;1;1;-26,47584353;-48,9937858;"SPRF-SC";"DEL03-SC";"UOP03-DEL03-SC"
227156;2019-08-07;"quarta-feira";"07:25:00";"SC";101;211,1;"SAO JOSE";"Não guardar distância de segurança";"Colisão lateral";"Com Vítimas Feridas";"Pleno dia";"Decrescente";"Céu Claro";"Dupla";"Reta";"Sim";3;0;1;0;2;0;1;3;-27,62329313;-48,65245588;"SPRF-SC";"DEL01-SC";"UOP02-DEL01-SC"
227157;2019-08-07;"quarta-feira";"06:00:00";"RJ";101;290,5;"ITABORAI";"Fenômenos da Natureza";"Tombamento";"Com Vítimas Feridas";"Amanhecer";"Decrescente";"Nevoeiro/Neblina";"Dupla";"Curva";"Não";2;0;1;0;1;0;1;2;-22,76708384;-42,86081305;"SPRF-RJ";"DEL02-RJ";"UOP03-DEL02-RJ"
227159;2019-08-07;"quarta-feira";"07:20:00";"RN";226;2,9;"NATAL";"Defeito Mecânico no Veículo";"Colisão com objeto em movimento";"Sem Vítimas";"Pleno dia";"Crescente";"Céu Claro";"Simples";"Curva";"Sim";3;0;0;0;3;0;0;2;-5,81364934;-35,2466547;"SPRF-RN";"DEL01-RN";"UOP02-DEL01-RN"