"id";"data_inversa";"dia_semana";"horario";"uf";"br";"km";"municipio";"causa_acidente";"tipo_acidente";"classificacao_acidente";"fase_dia";"sentido_via";"condicao_metereologica";"tipo_pista";"tracado_via";"uso_solo";"pessoas";"mortos";"feridos_leves";"feridos_graves";"ilesos";"ignorados";"feridos";"veiculos";"latitude";"longitude";"regional";"delegacia";"uop"
227427;2019-08-08;"quinta-feira";"08:00:00";"MG";146;560,4;"CABO VERDE";"Animais na Pista";"Atropelamento de Animal";"Com Vítimas Feridas";"Amanhecer";"Crescente";"Céu Claro";"Simples";"Reta";"Sim";1;0;1;0;0;0;1;1;-21,46593399;-46,40399499;"SPRF-MG";"DEL16-MG";"UOP01-DEL09-MG"
227429;2019-08-08;"quinta-feira";"12:55:00";"SC";280;109,6;"SAO BENTO DO SUL";"Ingestão de Álcool";"Colisão transversal";"Com Vítimas Feridas";"Pleno dia";"Decrescente";"Céu Claro";"Simples";"Rotatória";"Não";5;0;3;0;2;0;3;2;-26,327628;-49,382239;"SPRF-SC";"DEL06-SC";"UOP03-DEL06-SC"
227431;2019-08-08;"quinta-feira";"13:45:00";"SC";470;2,7;"NAVEGANTES";"Desobediência às normas de trânsito pelo condutor";"Colisão transversal";"Com Vítimas Feridas";"Pleno dia";"Crescente";"Céu Claro";"Simples";"Reta";"Sim";3;0;2;0;1;0;2;2;-26,868551;-48,674831;"SPRF-SC";"DEL04-SC";"UOP04-DEL04-SC"
227432;2019-08-08;"quinta-feira";"13:50:00";"SC";282;216,6;"LAGES";"Desobediência às normas de trânsito pelo condutor";"Colisão traseira";"Com Vítimas Feridas";"Pleno dia";"Crescente";"Nublado";"Simples";"Aclive";"Sim";2;0;1;0;1;0;1;2;-27,797529;-50,291862;"SPRF-SC";"DEL05-SC";"UOP01-DEL05-SC"
227433;2019-07-19;"sexta-feira";"08:04:00";"PR";277;80;"CURITIBA";"Falta de Atenção à Condução";"Colisão traseira";"Com Vítimas Feridas";"Pleno dia";"Crescente";"Céu Claro";"Dupla";"Reta";"Sim";2;0;1;0;1;0;1;2;-25,568939;-49,181978;"SPRF-PR";"DEL01-PR";"UOP06-DEL01-PR"
227436;2019-08-08;"quinta-feira";"15:00:00";"MG";262;783,3;"UBERABA";"Defeito Mecânico no Veículo";"Incêndio";"Com Vítimas Feridas";"Pleno dia";"Decrescente";"Céu Claro";"Simples";"Reta";"Não";2;0;1;0;1;0;1;1;-19,75672724;-47,78621492;"SPRF-MG";"DEL13-MG";"UOP01-DEL13-MG"
227437;2019-08-08;"quinta-feira";"15:00:00";"SP";381;36,9;"ATIBAIA";"Desobediência às normas de trânsito pelo pedestre";"Atropelamento de Pedestre";"Com Vítimas Feridas";"Pleno dia";"Crescente";"Céu Claro";"Dupla";"Declive";"Não";2;0;1;0;1;0;1;2;-23,09707232;-46,57180706;"SPRF-SP";"DEL03-SP";"UOP02-DEL03-SP"
227438;2019-08-08;"quinta-feira";"14:00:00";"DF";70;11;"BRASILIA";"Falta de Atenção à Condução";"Colisão lateral";"Com Vítimas Feridas";"Pleno dia";"Crescente";"Céu Claro";"Dupla";"Reta";"Sim";3;0;0;1;2;0;1;2;-15,789762;-48,148727;"SPRF-DF";"DEL01-DF";"UOP02-DEL03-DF"
227440;2019-08-08;"quinta-feira";"14:10:00";"PR";476;137;"CURITIBA";"Não guardar distância de segurança";"Colisão traseira";"Sem Vítimas";"Pleno dia";"Crescente";"Sol";"Múltipla";"Reta";"Sim";2;0;0;0;2;0;0;2;-25,498302;-49,277546;"SPRF-PR";"DEL01-PR";"UOP03-DEL01-PR"
227441;2019-08-08;"quinta-feira";"15:25:00";"RN";101;83;"SAO GONCALO DO AMARANTE";"Falta de Atenção à Condução";"Colisão lateral";"Com Vítimas Feridas";"Pleno dia";"Crescente";"Céu Claro";"Dupla";"Reta";"Sim";2;0;1;0;1;0;1;2;-5,7710445;-35,26616981;"SPRF-RN";"DEL02-RN";"UOP01-DEL02-RN"
227442;2019-08-08;"quinta-feira";"14:00:00";"PR";277;97;"CURITIBA";"Falta de Atenção à Condução";"Colisão traseira";"Com Vítimas Feridas";"Pleno dia";"Crescente";"Nublado";"Dupla";"Reta";"Sim";2;0;0;1;1;0;1;2;-25,43029003;-49,34398234;"SPRF-PR";"DEL01-PR";"UOP06-DEL01-PR"
227443;2019-08-08;"quinta-feira";"15:30:00";"PI";343;598,7;"FLORIANO";"Pista Escorregadia";"Tombamento";"Com Vítimas Feridas";"Pleno dia";"Crescente";"Céu Claro";"Dupla";"Reta";"Sim";1;0;0;1;0;0;1;1;-6,819801;-43,060368;"SPRF-PI";"DEL03-PI";"UOP01-DEL03-PI"
227446;2019-08-08;"quinta-feira";"16:15:00";"PE";101;51,8;"ABREU E LIMA";"Falta de Atenção à Condução";"Colisão traseira";"Com Vítimas Feridas";"Pleno dia";"Crescente";"Nublado";"Dupla";"Curva";"Não";2;0;1;0;1;0;1;2;-7,9169968;-34,89689272;"SPRF-PE";"DEL01-PE";"UOP02-DEL01-PE"
227447;2019-08-08;"quinta-feira";"13:30:00";"MT";158;721,8;"BARRA DO GARCAS";"Defeito Mecânico no Veículo";"Incêndio";"Sem Vítimas";"Pleno dia";"Crescente";"Céu Claro";"Simples";"Reta";"Não";1;0;0;0;1;0;0;1;-15,23535002;-52,18235478;"SPRF-MT";"DEL07-MT";"UOP01-DEL07-MT"
227448;2019-08-08;"quinta-feira";"15:05:00";"SC";282;215,5;"LAGES";"Falta de Atenção à Condução";"Colisão traseira";"Sem Vítimas";"Pleno dia";"Crescente";"Céu Claro";"Simples";"Reta";"Sim";2;0;0;0;2;0;0;2;-27,793665;-50,281799;"SPRF-SC";"DEL05-SC";"UOP01-DEL05-SC"
227449;2019-08-08;"quinta-feira";"15:50:00";"PB";101;88;"JOAO PESSOA";"Desobediência às normas de trânsito pelo condutor";"Colisão frontal";"Com Vítimas Feridas";"Anoitecer";"Decrescente";"Céu Claro";"Dupla";"Reta";"Não";3;0;1;0;2;0;1;2;-7,16470016;-34,89993643;"SPRF-PB";"DEL01-PB";"UOP01-DEL01-PB"
227451;2019-08-08;"quinta-feira";"16:00:00";"RS";472;140,2;"TRES DE MAIO";"Falta de Atenção à Condução";"Saída de leito carroçável";"Com Vítimas Feridas";"Pleno dia";"Decrescente";"Chuva";"Simples";"Reta";"Não";1;0;1;0;0;0;1;1;-27,77439254;-54,31149304;"SPRF-RS";"DEL10-RS";"UOP01-DEL10-RS"
227452;2019-08-08;"quinta-feira";"16:15:00";"PR";277;598,5;"CASCAVEL";"Falta de Atenção à Condução";"Queda de ocupante de veículo";"Com Vítimas Feridas";"Pleno dia";"Crescente";"Céu Claro";"Simples";"Reta";"Sim";1;0;1;0;0;0;1;1;-24,99599861;-53,51520034;"SPRF-PR";"DEL04-PR";"UOP01-DEL04-PR"
227455;2019-08-05;"segunda-feira";"01:30:00";"SC";282;596;"SAUDADES";"Animais na Pista";"Atropelamento de Animal";"Sem Vítimas";"Plena Noite";"Decrescente";"Céu Claro";"Simples";"Reta";"Não";1;0;0;0;1;0;0;1;-26,829437;-53,127995;"SPRF-SC";"DEL07-SC";"UOP02-DEL07-SC"
227456;2019-08-08;"quinta-feira";"16:20:00";"PE";232;4,2;"RECIFE";"Ultrapassagem Indevida";"Colisão lateral";"Com Vítimas Feridas";"Pleno dia";"Decrescente";"Nublado";"Simples";"Curva;Retorno Regulamentado";"Sim";4;0;3;0;1;0;3;2;-8,06774908;-34,94081497;"SPRF-PE";"DEL01-PE";"UOP01-DEL01-PE"
227457;2019-08-08;"quinta-feira";"16:35:00";"AL";101;130,9;"SAO MIGUEL DOS CAMPOS";"Falta de Atenção do Pedestre";"Atropelamento de Pedestre";"Com Vítimas Feridas";"Pleno dia";"Crescente";"Céu Claro";"Simples";"Reta";"Não";5;0;0;1;4;0;1;2;-9,75846103;-36,07001181;"SPRF-AL";"DEL02-AL";"UOP01-DEL02-AL"
227458;2019-08-08;"quinta-feira";"16:20:00";"RS";386;46,6;"SEBERI";"Defeito Mecânico no Veículo";"Incêndio";"Sem Vítimas";"Pleno dia";"Crescente";"Sol";"Simples";"Curva";"Sim";1;0;0;0;1;0;0;1;-27,457483;-53,409458;"SPRF-RS";"DEL08-RS";"UOP02-DEL08-RS"
227462;2019-08-08;"quinta-feira";"17:35:00";"MG";459;9,6;"CALDAS";"Velocidade Incompatível";"Saída de leito carroçável";"Com Vítimas Feridas";"Anoitecer";"Crescente";"Céu Claro";"Simples";"Curva";"Não";1;0;1;0;0;0;1;1;-21,81705337;-46,4618076;"SPRF-MG";"DEL16-MG";"UOP01-DEL09-MG"
227463;2019-08-08;"quinta-feira";"17:40:00";"PR";369;184;"ARAPONGAS";"Desobediência às normas de trânsito pelo condutor";"Colisão transversal";"Com Vítimas Feridas";"Plena Noite";"Decrescente";"Céu Claro";"Simples";"Reta";"Sim";2;0;2;0;0;0;2;2;-23,40792423;-51,42798901;"SPRF-PR";"DEL07-PR";"UOP03-DEL07-PR"
227465;2019-08-08;"quinta-feira";"17:05:00";"PB";230;308,8;"SAO MAMEDE";"Velocidade Incompatível";"Colisão frontal";"Com Vítimas Feridas";"Anoitecer";"Decrescente";"Céu Claro";"Simples";"Reta";"Não";2;0;0;1;1;0;1;2;-6,9222;-37,052;"SPRF-PB";"DEL03-PB";"UOP01-DEL03-PB"
227466;2019-08-08;"quinta-feira";"17:55:00";"RN";304;48,1;"MOSSORO";"Não guardar distância de segurança";"Colisão traseira";"Com Vítimas Feridas";"Plena Noite";"Decrescente";"Céu Claro";"Dupla";"Reta";"Sim";2;0;1;0;1;0;1;2;-5,22868577;-37,32203081;"SPRF-RN";"DEL04-RN";"UOP01-DEL04-RN"
227469;2019-08-08;"quinta-feira";"14:00:00";"PE";232;409;"SERRA TALHADA";"Desobediência às normas de trânsito pelo condutor";"Colisão traseira";"Com Vítimas Feridas";"Pleno dia";"Decrescente";"Garoa/Chuvisco";"Múltipla";"Interseção de Vias";"Sim";2;0;0;1;1;0;1;2;-7,981944;-38,289467;"SPRF-PE";"DEL04-PE";"UOP01-DEL04-PE"
227471;2019-08-08;"quinta-feira";"18:00:00";"RS";116;258;"ESTEIO";"Desobediência às normas de trânsito pelo condutor";"Colisão traseira";"Com Vítimas Feridas";"Anoitecer";"Crescente";"Nublado";"Múltipla";"Interseção de Vias";"Sim";2;0;1;0;1;0;1;2;-29,86150502;-51,18091535;"SPRF-RS";"DEL01-RS";"UOP02-DEL01-RS"
227472;2019-08-08;"quinta-feira";"18:00:00";"RJ";40;85;"PETROPOLIS";"Velocidade Incompatível";"Queda de ocupante de veículo";"Com Vítimas Feridas";"Plena Noite";"Decrescente";"Céu Claro";"Simples";"Curva";"Não";2;0;2;0;0;0;2;1;-22,52850694;-43,2349802;"SPRF-RJ";"DEL06-RJ";"UOP01-DEL06-RJ"
227473;2019-08-08;"quinta-feira";"17:45:00";"PA";10;354;"SANTA MARIA DO PARA";"Desobediência às normas de trânsito pelo condutor";"Colisão transversal";"Com Vítimas Feridas";"Anoitecer";"Crescente";"Nublado";"Simples";"Reta";"Sim";2;0;0;1;1;0;1;2;-1,34759789;-47,57735696;"SPRF-PA";"DEL01-PA";"UOP02-DEL01-PA"
227474;2019-08-08;"quinta-feira";"15:30:00";"MT";163;836;"SINOP";"Desobediência às normas de trânsito pelo condutor";"Colisão traseira";"Com Vítimas Feridas";"Pleno dia";"Crescente";"Céu Claro";"Simples";"Reta";"Sim";2;0;0;1;1;0;1;2;-11,977922;-55,517017;"SPRF-MT";"DEL06-MT";"UOP02-DEL06-MT"
227475;2019-08-08;"quinta-feira";"17:30:00";"ES";101;271;"SERRA";"Desobediência às normas de trânsito pelo condutor";"Colisão transversal";"Sem Vítimas";"Pleno dia";"Decrescente";"Céu Claro";"Dupla";"Reta";"Sim";2;0;0;0;2;0;0;2;-20,23267;-40,27658;"SPRF-ES";"DEL02-ES";"UOP01-DEL02-ES"
227477;2019-08-08;"quinta-feira";"18:15:00";"DF";20;43,9;"BRASILIA";"Desobediência às normas de trânsito pelo condutor";"Colisão traseira";"Sem Vítimas";"Anoitecer";"Decrescente";"Céu Claro";"Dupla";"Reta";"Não";4;0;0;0;3;1;0;2;-15,577199;-47,485268;"SPRF-DF";"DEL02-DF";"UOP01-DEL02-DF"
227478;2019-08-08;"quinta-feira";"18:20:00";"PR";369;149,8;"LONDRINA";"Não guardar distância de segurança";"Engavetamento";"Com Vítimas Feridas";"Anoitecer";"Crescente";"Céu Claro";"Dupla";"Reta";"Sim";3;0;1;0;2;0;1;3;-23,292841;-51,159825;"SPRF-PR";"DEL07-PR";"UOP01-DEL07-PR"
227479;2019-08-08;"quinta-feira";"18:45:00";"RJ";116;42;"TERESOPOLIS";"Mal Súbito";"Queda de ocupante de veículo";"Com Vítimas Feridas";"Plena Noite";"Crescente";"Céu Claro";"Simples";"Reta";"Não";1;0;1;0;0;0;1;1;-22,14560636;-42,79362881;"SPRF-RJ";"DEL04-RJ";"UOP01-DEL04-RJ"
227480;2019-08-08;"quinta-feira";"19:10:00";"PA";230;122;"MARABA";"Desobediência às normas de trânsito pelo condutor";"Colisão lateral";"Com Vítimas Feridas";"Plena Noite";"Decrescente";"Céu Claro";"Dupla";"Reta";"Sim";2;0;1;0;1;0;1;2;-5,36137537;-49,12376139;"SPRF-PA";"DEL03-PA";"UOP01-DEL03-PA"
227483;2019-08-08;"quinta-feira";"19:10:00";"ES";101;322;"GUARAPARI";"Defeito Mecânico no Veículo";"Saída de leito carroçável";"Com Vítimas Feridas";"Plena Noite";"Crescente";"Céu Claro";"Simples";"Reta";"Não";1;0;1;0;0;0;1;1;-20,52834469;-40,48236575;"SPRF-ES";"DEL03-ES";"UOP01-DEL03-ES"
227484;2019-08-08;"quinta-feira";"16:09:00";"RN";304;295;"MACAIBA";"Não guardar distância de segurança";"Queda de ocupante de veículo";"Com Vítimas Feridas";"Pleno dia";"Crescente";"Céu Claro";"Simples";"Interseção de Vias";"Não";2;0;2;0;0;0;2;1;-5,86605927;-35,35822096;"SPRF-RN";"DEL01-RN";"UOP02-DEL01-RN"
227485;2019-08-08;"quinta-feira";"19:10:00";"SP";116;227,8;"SAO PAULO";"Não guardar distância de segurança";"Colisão traseira";"Com Vítimas Feridas";"Plena Noite";"Crescente";"Nublado";"Simples";"Reta";"Não";2;0;1;0;1;0;1;2;-23,49659264;-46,55648754;"SPRF-SP";"DEL01-SP";"UOP01-DEL01-SP"
227486;2019-08-08;"quinta-feira";"18:10:00";"SC";282;216;"LAGES";"Falta de Atenção à Condução";"Engavetamento";"Com Vítimas Feridas";"Anoitecer";"Decrescente";"Nublado";"Simples";"Reta";"Não";3;0;0;1;2;0;1;3;-27,797529;-50,291862;"SPRF-SC";"DEL05-SC";"UOP01-DEL05-SC"
227487;2019-08-08;"quinta-feira";"19:15:00";"MG";381;675,5;"PERDOES";"Falta de Atenção à Condução";"Colisão lateral";"Com Vítimas Feridas";"Plena Noite";"Decrescente";"Céu Claro";"Simples";"Reta";"Sim";2;0;1;0;1;0;1;2;-21,11551592;-45,09411331;"SPRF-MG";"DEL04-MG";"UOP02-DEL04-MG"
227488;2019-08-08;"quinta-feira";"19:30:00";"RJ";493;12,9;"GUAPIMIRIM";"Desobediência às normas de trânsito pelo condutor";"Colisão frontal";"Sem Vítimas";"Plena Noite";"Decrescente";"Céu Claro";"Simples";"Declive";"Sim";3;0;0;0;3;0;0;2;-22,68099881;-42,96670886;"SPRF-RJ";"DEL04-RJ";"UOP02-DEL04-RJ"
227490;2019-08-08;"quinta-feira";"19:50:00";"RS";101;85,8;"OSORIO";"Desobediência às normas de trânsito pelo condutor";"Colisão frontal";"Com Vítimas Feridas";"Plena Noite";"Crescente";"Garoa/Chuvisco";"Dupla";"Reta";"Sim";2;0;1;1;0;0;2;2;-29,878021;-50,260034;"SPRF-RS";"DEL03-RS";"UOP01-DEL03-RS"
227493;2019-08-08;"quinta-feira";"13:20:00";"RO";364;710,3;"PORTO VELHO";"Desobediência às normas de trânsito pelo condutor";"Colisão transversal";"Com Vítimas Feridas";"Pleno dia";"Decrescente";"Sol";"Dupla";"Interseção de Vias";"Sim";2;0;1;0;0;1;1;2;-8,78621576;-63,85712687;"SPRF-RO";"DEL01-RO";"UOP01-DEL01-RO"
227494;2019-08-08;"quinta-feira";"16:51:00";"AC";364;125;"RIO BRANCO";"Falta de Atenção à Condução";"Colisão transversal";"Com Vítimas Feridas";"Anoitecer";"Decrescente";"Céu Claro";"Dupla";"Rotatória";"Não";2;0;1;0;1;0;1;2;-10,01280606;-67,80005697;"SPRF-AC";"DEL01-AC";"UOP01-DEL01-AC"
227495;2019-08-08;"quinta-feira";"17:50:00";"PR";277;694,9;"SAO MIGUEL DO IGUACU";"Falta de Atenção à Condução";"Colisão traseira";"Com Vítimas Feridas";"Plena Noite";"Crescente";"Nublado";"Dupla";"Reta";"Não";4;0;2;0;2;0;2;2;-25,37728075;-54,27853715;"SPRF-PR";"DEL05-PR";"UOP01-DEL05-PR"
227496;2019-08-08;"quinta-feira";"19:30:00";"DF";80;9,7;"BRASILIA";"Não guardar distância de segurança";"Colisão traseira";"Com Vítimas Feridas";"Plena Noite";"Crescente";"Céu Claro";"Simples";"Reta";"Não";3;0;1;0;2;0;1;2;-15,731064;-48,159393;"SPRF-DF";"DEL01-DF";"UOP02-DEL03-DF"
227497;2019-08-08;"quinta-feira";"17:15:00";"PB";361;7,2;"PATOS";"Falta de Atenção à Condução";"Colisão lateral";"Sem Vítimas";"Pleno dia";"Crescente";"Céu Claro";"Simples";"Curva";"Não";2;0;0;0;2;0;0;2;-7,03750454;-37,3199449;"SPRF-PB";"DEL03-PB";"UOP01-DEL03-PB"
227498;2019-08-08;"quinta-feira";"21:00:00";"RS";116;161;"CAXIAS DO SUL";"Ingestão de Álcool";"Colisão com objeto estático";"Com Vítimas Feridas";"Plena Noite";"Crescente";"Chuva";"Simples";"Curva";"Não";1;0;1;0;0;0;1;1;-29,24019404;-51,15933323;"SPRF-RS";"DEL05-RS";"UOP01-DEL05-RS"
227499;2019-03-02;"sábado";"06:15:00";"SE";101;116,2;"ITAPORANGA DAJUDA";"Falta de Atenção à Condução";"Colisão traseira";"Com Vítimas Fatais";"Amanhecer";"Crescente";"Nublado";"Dupla";"Curva";"Não";3;1;0;1;1;0;1;2;-11,0187;-37,3224;"SPRF-SE";"DEL02-SE";"UOP01-DEL02-SE"
227502;2019-08-08;"quinta-feira";"21:00:00";"ES";101;265,5;"SERRA";"Falta de Atenção à Condução";"Colisão transversal";"Com Vítimas Feridas";"Plena Noite";"Crescente";"Céu Claro";"Múltipla";"Reta";"Sim";2;0;2;0;0;0;2;2;-20,18850451;-40,26840091;"SPRF-ES";"DEL02-ES";"UOP01-DEL02-ES"
227503;2019-08-08;"quinta-feira";"14:50:00";"BA";116;704,4;"MANOEL VITORINO";"Ultrapassagem Indevida";"Saída de leito carroçável";"Com Vítimas Feridas";"Pleno dia";"Crescente";"Céu Claro";"Simples";"Reta";"Não";4;0;4;0;0;0;4;1;-14,06331897;-40,20550622;"SPRF-BA";"DEL03-BA";"UOP01-DEL03-BA"
227507;2019-08-08;"quinta-feira";"18:50:00";"BA";407;199,8;"CALDEIRAO GRANDE";"Falta de Atenção à Condução";"Colisão transversal";"Com Vítimas Fatais";"Anoitecer";"Crescente";"Céu Claro";"Simples";"Reta";"Sim";3;1;1;1;0;0;2;2;-11,10646848;-40,07014525;"SPRF-BA";"DEL04-BA";"UOP02-DEL04-BA"
227508;2019-07-10;"quarta-feira";"05:10:00";"RJ";493;50;"DUQUE DE CAXIAS";"Animais na Pista";"Colisão traseira";"Com Vítimas Feridas";"Plena Noite";"Decrescente";"Céu Claro";"Múltipla";"Reta";"Sim";2;0;2;0;0;0;2;2;-22,672089;-43,285053;"SPRF-RJ";"DEL01-RJ";"UOP01-DEL01-RJ"
227509;2019-08-08;"quinta-feira";"21:45:00";"CE";222;220;"SOBRAL";"Falta de Atenção à Condução";"Colisão transversal";"Com Vítimas Feridas";"Plena Noite";"Decrescente";"Céu Claro";"Simples";"Curva";"Não";2;0;1;0;1;0;1;2;-3,73488299;-40,31795598;"SPRF-CE";"DEL04-CE";"UOP01-DEL04-CE"
227510;2019-08-08;"quinta-feira";"21:55:00";"SE";101;93;"NOSSA SENHORA DO SOCORRO";"Defeito na Via";"Queda de ocupante de veículo";"Com Vítimas Feridas";"Plena Noite";"Decrescente";"Céu Claro";"Dupla";"Reta";"Sim";2;0;2;0;0;0;2;1;-10,90212319;-37,14494787;"SPRF-SE";"DEL01-SE";"UOP01-DEL01-SE"
227511;2019-08-08;"quinta-feira";"17:10:00";"PE";232;409,2;"SERRA TALHADA";"Não guardar distância de segurança";"Colisão lateral";"Com Vítimas Feridas";"Pleno dia";"Decrescente";"Garoa/Chuvisco";"Simples";"Reta";"Sim";2;0;1;0;0;1;1;2;-7,98185345;-38,29110417;"SPRF-PE";"DEL04-PE";"UOP01-DEL04-PE"
227512;2019-08-08;"quinta-feira";"20:40:00";"BA";135;175;"BARREIRAS";"Falta de Atenção à Condução";"Colisão lateral";"Com Vítimas Feridas";"Plena Noite";"Decrescente";"Céu Claro";"Simples";"Reta";"Sim";4;0;1;0;3;0;1;2;-12,11671225;-44,99344981;"SPRF-BA";"DEL10-BA";"UOP01-DEL10-BA"
227514;2019-07-22;"segunda-feira";"06:20:00";"SC";470;110,8;"APIUNA";"Falta de Atenção à Condução";"Colisão frontal";"Com Vítimas Feridas";"Amanhecer";"Decrescente";"Céu Claro";"Simples";"Interseção de Vias";"Sim";4;0;3;1;0;0;4;2;-27,09655559;-49,45798159;"SPRF-SC";"DEL04-SC";"UOP02-DEL04-SC"
227516;2019-08-08;"quinta-feira";"21:00:00";"PB";101;108,1;"ALHANDRA";"Desobediência às normas de trânsito pelo condutor";"Saída de leito carroçável";"Com Vítimas Feridas";"Plena Noite";"Decrescente";"Céu Claro";"Múltipla";"Reta";"Sim";2;0;2;0;0;0;2;1;-7,33454898;-34,94758056;"SPRF-PB";"DEL01-PB";"UOP01-DEL01-PB"
227517;2019-08-08;"quinta-feira";"21:30:00";"RS";116;248,8;"SAO LEOPOLDO";"Falta de Atenção à Condução";"Queda de ocupante de veículo";"Com Vítimas Feridas";"Plena Noite";"Crescente";"Chuva";"Dupla";"Reta";"Sim";1;0;1;0;0;0;1;1;-29,77605895;-51,15508618;"SPRF-RS";"DEL01-RS";"UOP02-DEL01-RS"
227518;2019-08-08;"quinta-feira";"20:50:00";"RS";386;414,4;"MONTENEGRO";"Velocidade Incompatível";"Saída de leito carroçável";"Com Vítimas Feridas";"Plena Noite";"Decrescente";"Garoa/Chuvisco";"Dupla";"Rotatória";"Não";4;0;2;0;2;0;2;1;-29,816236;-51,483341;"SPRF-RS";"DEL04-RS";"UOP02-DEL04-RS"
227524;2019-08-08;"quinta-feira";"20:00:00";"AM";319;87,7;"CAREIRO";"Condutor Dormindo";"Saída de leito carroçável";"Sem Vítimas";"Plena Noite";"Decrescente";"Céu Claro";"Simples";"Reta";"Não";1;0;0;0;1;0;0;1;-3,63185298;-60,25174903;"SPRF-AM";"DEL01-AM";"UOP04-DEL01-AM"
227525;2019-08-08;"quinta-feira";"22:00:00";"PR";116;14;"COLOMBO";"Velocidade Incompatível";"Colisão com objeto estático";"Com Vítimas Feridas";"Plena Noite";"Crescente";"Céu Claro";"Múltipla";"Reta";"Não";2;0;2;0;0;0;2;1;-25,3818;-49,1643;"SPRF-PR";"DEL01-PR";"UOP01-DEL01-PR"
227526;2019-08-08;"quinta-feira";"22:45:00";"PR";116;115;"CURITIBA";"Falta de Atenção à Condução";"Colisão transversal";"Com Vítimas Feridas";"Plena Noite";"Decrescente";"Nublado";"Dupla";"Reta";"Não";2;0;1;0;1;0;1;2;-25,55953326;-49,26560414;"SPRF-PR";"DEL01-PR";"UOP06-DEL01-PR"
227527;2019-08-08;"quinta-feira";"22:40:00";"SC";470;49,7;"BLUMENAU";"Falta de Atenção à Condução";"Colisão transversal";"Com Vítimas Feridas";"Plena Noite";"Crescente";"Céu Claro";"Simples";"Curva";"Não";3;0;3;0;0;0;3;2;-26,860662;-49,065159;"SPRF-SC";"DEL04-SC";"UOP01-DEL04-SC"
227528;2019-08-08;"quinta-feira";"20:15:00";"SC";470;66;"INDAIAL";"Desobediência às normas de trânsito pelo condutor";"Colisão transversal";"Com Vítimas Feridas";"Plena Noite";"Decrescente";"Nublado";"Simples";"Interseção de Vias";"Sim";3;0;1;0;2;0;1;2;-26,87055918;-49,2212981;"SPRF-SC";"DEL04-SC";"UOP01-DEL04-SC"
227529;2019-08-08;"quinta-feira";"22:20:00";"ES";259;62;"COLATINA";"Animais na Pista";"Queda de ocupante de veículo";"Com Vítimas Feridas";"Plena Noite";"Crescente";"Céu Claro";"Simples";"Reta";"Sim";1;0;0;1;0;0;1;1;-19,53124185;-40,68990791;"SPRF-ES";"DEL02-ES";"UOP01-DEL02-ES"
227531;2019-08-08;"quinta-feira";"19:15:00";"PR";277;99,1;"CURITIBA";"Falta de Atenção à Condução";"Colisão lateral";"Com Vítimas Feridas";"Plena Noite";"Decrescente";"Nublado";"Dupla";"Reta";"Não";2;0;1;0;1;0;1;2;-25,43178379;-49,36175466;"SPRF-PR";"DEL01-PR";"UOP06-DEL01-PR"
227535;2019-08-09;"sexta-feira";"01:30:00";"MT";163;671,9;"LUCAS DO RIO VERDE";"Animais na Pista";"Atropelamento de Animal";"Com Vítimas Feridas";"Plena Noite";"Crescente";"Céu Claro";"Simples";"Reta";"Não";3;0;1;0;2;0;1;2;-13,204209;-55,995538;"SPRF-MT";"DEL06-MT";"UOP01-DEL06-MT"
227536;2019-08-09;"sexta-feira";"02:55:00";"SC";101;166;"TIJUCAS";"Ingestão de Álcool";"Tombamento";"Com Vítimas Feridas";"Plena Noite";"Decrescente";"Nevoeiro/Neblina";"Dupla";"Reta";"Não";2;0;1;0;1;0;1;2;-27,26147697;-48,63180349;"SPRF-SC";"DEL04-SC";"UOP03-DEL04-SC"
227538;2019-08-09;"sexta-feira";"05:40:00";"RS";290;87;"PORTO ALEGRE";"Ingestão de Álcool";"Saída de leito carroçável";"Sem Vítimas";"Plena Noite";"Decrescente";"Chuva";"Múltipla";"Reta";"Não";1;0;0;0;1;0;0;1;-29,967838;-51,127197;"SPRF-RS";"DEL01-RS";"UOP01-DEL01-RS"
227539;2019-08-09;"sexta-feira";"05:50:00";"PB";230;12;"CABEDELO";"Animais na Pista";"Atropelamento de Animal";"Com Vítimas Feridas";"Pleno dia";"Crescente";"Céu Claro";"Dupla";"Reta";"Sim";1;0;1;0;0;0;1;1;-7,068;-34,85;"SPRF-PB";"DEL01-PB";"UOP01-DEL01-PB"
227541;2019-08-09;"sexta-feira";"04:50:00";"MG";40;659,3;"CARANDAI";"Falta de Atenção à Condução";"Saída de leito carroçável";"Com Vítimas Feridas";"Plena Noite";"Decrescente";"Céu Claro";"Simples";"Reta";"Não";1;0;1;0;0;0;1;1;-20,8915752;-43,81670383;"SPRF-MG";"DEL05-MG";"UOP02-DEL05-MG"
227543;2019-08-09;"sexta-feira";"05:50:00";"PR";277;4;"PARANAGUA";"Pista Escorregadia";"Colisão com objeto estático";"Com Vítimas Feridas";"Amanhecer";"Decrescente";"Nevoeiro/Neblina";"Simples";"Viaduto";"Não";1;0;1;0;0;0;1;1;-25,568198;-48,615292;"SPRF-PR";"DEL01-PR";"UOP05-DEL01-PR"