"id";"data_inversa";"dia_semana";"horario";"uf";"br";"km";"municipio";"causa_acidente";"tipo_acidente";"classificacao_acidente";"fase_dia";"sentido_via";"condicao_metereologica";"tipo_pista";"tracado_via";"uso_solo";"pessoas";"mortos";"feridos_leves";"feridos_graves";"ilesos";"ignorados";"feridos";"veiculos";"latitude";"longitude";"regional";"delegacia";"uop"
227545;2019-08-09;"sexta-feira";"06:05:00";"RJ";101;331;"RIO DE JANEIRO";"Falta de Atenção à Condução";"Colisão lateral";"Com Vítimas Feridas";"Amanhecer";"Decrescente";"Céu Claro";"Múltipla";"Reta";"Sim";1;0;1;0;0;0;1;1;-22,867662;-43,195337;"SPRF-RJ";"DEL02-RJ";"UOP02-DEL02-RJ"
227546;2019-08-09;"sexta-feira";"05:55:00";"PR";376;1,5;"APUCARANA";"Falta de Atenção à Condução";"Colisão transversal";"Com Vítimas Feridas";"Plena Noite";"Crescente";"Céu Claro";"Simples";"Reta";"Sim";2;0;0;1;1;0;1;2;-23,5513;-51,461266;"SPRF-PR";"DEL01-PR";"UOP06-DEL01-PR"
227547;2019-07-25;"quinta-feira";"05:40:00";"BA";324;622;"SALVADOR";"Falta de Atenção à Condução";"Colisão com objeto estático";"Com Vítimas Feridas";"Amanhecer";"Crescente";"Nublado";"Dupla";"Curva";"Sim";4;0;1;0;3;0;1;2;-12,92906908;-38,46905887;"SPRF-BA";"DEL01-BA";"UOP01-DEL01-BA"
227548;2019-08-09;"sexta-feira";"06:45:00";"DF";40;2;"BRASILIA";"Falta de Atenção à Condução";"Colisão lateral";"Com Vítimas Feridas";"Pleno dia";"Decrescente";"Céu Claro";"Dupla";"Reta";"Sim";4;0;0;1;3;0;1;3;-15,99435;-47,985947;"SPRF-DF";"DEL01-DF";"UOP01-DEL01-DF"
227549;2019-08-09;"sexta-feira";"06:10:00";"SC";101;213;"PALHOCA";"Falta de Atenção à Condução";"Queda de ocupante de veículo";"Com Vítimas Feridas";"Amanhecer";"Decrescente";"Céu Claro";"Múltipla";"Reta";"Não";3;0;0;1;2;0;1;2;-27,63697369;-48,66514142;"SPRF-SC";"DEL01-SC";"UOP02-DEL01-SC"
227550;2019-08-09;"sexta-feira";"06:50:00";"ES";101;153;"LINHARES";"Defeito Mecânico no Veículo";"Colisão traseira";"Com Vítimas Feridas";"Pleno dia";"Crescente";"Céu Claro";"Simples";"Reta";"Não";3;0;1;0;2;0;1;3;-19,423338;-40,07872401;"SPRF-ES";"DEL04-ES";"UOP01-DEL04-ES"
227551;2019-08-09;"sexta-feira";"05:20:00";"PI";343;185,7;"PIRIPIRI";"Ingestão de Álcool";"Tombamento";"Com Vítimas Feridas";"Amanhecer";"Crescente";"Céu Claro";"Simples";"Reta";"Sim";2;0;0;1;0;1;1;2;-4,280882;-41,763885;"SPRF-PI";"DEL02-PI";"UOP01-DEL02-PI"
227553;2019-08-09;"sexta-feira";"07:30:00";"PR";116;121;"CURITIBA";"Restrição de Visibilidade";"Colisão lateral";"Com Vítimas Feridas";"Pleno dia";"Decrescente";"Céu Claro";"Dupla";"Reta";"Sim";2;0;0;1;1;0;1;2;-25,55468195;-49,27402397;"SPRF-PR";"DEL01-PR";"UOP03-DEL01-PR"
227555;2019-08-09;"sexta-feira";"07:45:00";"GO";153;508,1;"APARECIDA DE GOIANIA";"Pista Escorregadia";"Tombamento";"Com Vítimas Feridas";"Pleno dia";"Decrescente";"Sol";"Dupla";"Reta";"Sim";1;0;1;0;0;0;1;1;-16,77338852;-49,23772227;"SPRF-GO";"DEL01-GO";"UOP03-DEL01-GO"
227556;2019-08-09;"sexta-feira";"07:00:00";"PR";153;27,5;"JACAREZINHO";"Animais na Pista";"Queda de ocupante de veículo";"Com Vítimas Feridas";"Pleno dia";"Crescente";"Céu Claro";"Simples";"Reta";"Não";1;0;1;0;0;0;1;1;-23,20965194;-49,98695323;"SPRF-PR";"DEL07-PR";"UOP04-DEL07-PR"
227558;2019-08-09;"sexta-feira";"08:00:00";"GO";40;7;"VALPARAISO DE GOIAS";"Ingestão de Álcool";"Colisão lateral";"Com Vítimas Feridas";"Pleno dia";"Decrescente";"Céu Claro";"Dupla";"Reta";"Sim";2;0;1;0;1;0;1;2;-16,108482;-47,972524;"SPRF-DF";"DEL01-DF";"UOP01-DEL01-DF"
227561;2019-08-09;"sexta-feira";"07:40:00";"MG";381;477,8;"BETIM";"Falta de Atenção à Condução";"Colisão traseira";"Com Vítimas Feridas";"Pleno dia";"Decrescente";"Céu Claro";"Dupla";"Declive";"Não";2;0;1;0;1;0;1;2;-19,96179268;-44,05041676;"SPRF-MG";"N/A";"N/A"
227563;2019-08-09;"sexta-feira";"07:30:00";"SP";381;73;"SAO PAULO";"Não guardar distância de segurança";"Colisão com objeto estático";"Com Vítimas Feridas";"Pleno dia";"Crescente";"Céu Claro";"Dupla";"Curva";"Não";1;0;0;1;0;0;1;1;-23,36553404;-46,55253934;"SPRF-SP";"DEL03-SP";"UOP01-DEL03-SP"
227564;2019-08-09;"sexta-feira";"07:30:00";"MG";40;638,5;"CONSELHEIRO LAFAIETE";"Falta de Atenção à Condução";"Saída de leito carroçável";"Com Vítimas Feridas";"Pleno dia";"Crescente";"Céu Claro";"Simples";"Reta";"Não";4;0;2;0;1;1;2;2;-20,72342022;-43,80026653;"SPRF-MG";"DEL05-MG";"UOP02-DEL05-MG"
227567;2019-08-09;"sexta-feira";"06:30:00";"MG";116;92,1;"MEDINA";"Velocidade Incompatível";"Saída de leito carroçável";"Com Vítimas Feridas";"Pleno dia";"Crescente";"Nevoeiro/Neblina";"Simples";"Curva";"Não";4;0;4;0;0;0;4;1;-16,36684498;-41,47141622;"SPRF-MG";"DEL11-MG";"UOP02-DEL11-MG"
227569;2019-08-09;"sexta-feira";"08:25:00";"ES";262;4,6;"CARIACICA";"Falta de Atenção à Condução";"Colisão traseira";"Sem Vítimas";"Pleno dia";"Crescente";"Céu Claro";"Múltipla";"Reta";"Sim";3;0;0;0;3;0;0;3;-20,33609327;-40,37812784;"SPRF-ES";"DEL01-ES";"UOP01-DEL01-ES"
227570;2019-05-13;"segunda-feira";"06:40:00";"ES";262;1,8;"CARIACICA";"Desobediência às normas de trânsito pelo condutor";"Atropelamento de Pedestre";"Com Vítimas Feridas";"Pleno dia";"Decrescente";"Céu Claro";"Dupla";"Curva";"Sim";2;0;0;1;1;0;1;2;-20,33303623;-40,36057413;"SPRF-ES";"DEL01-ES";"UOP01-DEL01-ES"
227574;2019-08-09;"sexta-feira";"05:20:00";"RO";435;92,4;"COLORADO DO OESTE";"Ingestão de Álcool";"Saída de leito carroçável";"Com Vítimas Feridas";"Amanhecer";"Crescente";"Ignorado";"Simples";"Rotatória";"Não";1;0;1;0;0;0;1;1;-13,191665;-60,544876;"SPRF-RO";"DEL04-RO";"UOP02-DEL04-RO"
227575;2019-08-09;"sexta-feira";"09:35:00";"DF";40;3;"BRASILIA";"Falta de Atenção à Condução";"Colisão traseira";"Com Vítimas Feridas";"Pleno dia";"Decrescente";"Céu Claro";"Dupla";"Reta";"Sim";2;0;0;1;1;0;1;2;-16,003145;-47,983944;"SPRF-DF";"DEL01-DF";"UOP01-DEL01-DF"
227576;2019-08-09;"sexta-feira";"08:15:00";"PE";232;26,8;"MORENO";"Pista Escorregadia";"Colisão com objeto estático";"Com Vítimas Feridas";"Pleno dia";"Crescente";"Céu Claro";"Dupla";"Curva;Declive";"Sim";3;0;1;0;2;0;1;1;-8,11374411;-35,116886;"SPRF-PE";"DEL01-PE";"UOP02-DEL02PE"
227579;2019-08-09;"sexta-feira";"07:50:00";"RO";364;713;"PORTO VELHO";"Não guardar distância de segurança";"Colisão transversal";"Com Vítimas Feridas";"Pleno dia";"Crescente";"Céu Claro";"Dupla";"Reta";"Sim";1;0;1;0;0;0;1;1;-8,77331583;-63,87969248;"SPRF-RO";"DEL01-RO";"UOP01-DEL01-RO"
227580;2019-08-02;"sexta-feira";"21:00:00";"MG";40;614;"CONGONHAS";"Falta de Atenção do Pedestre";"Atropelamento de Pedestre";"Com Vítimas Feridas";"Plena Noite";"Crescente";"Céu Claro";"Simples";"Reta";"Não";2;0;1;0;1;0;1;2;-20,52977973;-43,82351464;"SPRF-MG";"DEL05-MG";"UOP02-DEL05-MG"
227581;2019-05-29;"quarta-feira";"10:50:00";"ES";393;0,9;"CACHOEIRO DE ITAPEMIRIM";"Desobediência às normas de trânsito pelo condutor";"Colisão transversal";"Com Vítimas Feridas";"Pleno dia";"Crescente";"Céu Claro";"Simples";"Reta";"Sim";2;0;0;1;0;1;1;2;-20,841324;-41,15929;"SPRF-ES";"DEL03-ES";"UOP02-DEL03-ES"
227582;2019-08-09;"sexta-feira";"08:23:00";"RJ";116;163,9;"RIO DE JANEIRO";"Falta de Atenção à Condução";"Colisão lateral";"Com Vítimas Feridas";"Pleno dia";"Decrescente";"Nublado";"Múltipla";"Reta";"Sim";2;0;1;0;1;0;1;2;-22,802729;-43,290424;"SPRF-RJ";"DEL01-RJ";"UOP02-DEL01-RJ"
227583;2019-08-09;"sexta-feira";"06:30:00";"AC";364;168,9;"BUJARI";"Defeito na Via";"Colisão lateral";"Com Vítimas Feridas";"Pleno dia";"Decrescente";"Céu Claro";"Simples";"Reta";"Não";6;0;5;0;1;0;5;2;-9,77647958;-68,04125373;"SPRF-AC";"DEL01-AC";"UOP01-DEL01-AC"
227584;2019-08-09;"sexta-feira";"07:00:00";"RJ";465;14;"SEROPEDICA";"Falta de Atenção à Condução";"Colisão transversal";"Com Vítimas Feridas";"Pleno dia";"Crescente";"Céu Claro";"Simples";"Reta";"Sim";2;0;1;0;1;0;1;2;-22,804979;-43,638828;"SPRF-RJ";"DEL01-RJ";"UOP01-DEL01-MS"
227585;2019-08-09;"sexta-feira";"07:40:00";"ES";101;266,1;"SERRA";"Não guardar distância de segurança";"Colisão traseira";"Com Vítimas Feridas";"Pleno dia";"Crescente";"Sol";"Múltipla";"Reta";"Sim";2;0;1;0;0;1;1;2;-20,19265317;-40,26875496;"SPRF-ES";"DEL02-ES";"UOP01-DEL02-ES"
227586;2019-08-09;"sexta-feira";"09:40:00";"ES";101;2,6;"VITORIA";"Falta de Atenção à Condução";"Engavetamento";"Sem Vítimas";"Pleno dia";"Crescente";"Céu Claro";"Dupla";"Reta";"Sim";3;0;0;0;3;0;0;3;-20,25453848;-40,28914344;"SPRF-ES";"DEL02-ES";"UOP01-DEL02-ES"
227588;2019-08-09;"sexta-feira";"10:20:00";"PB";230;18,9;"JOAO PESSOA";"Desobediência às normas de trânsito pelo condutor";"Colisão traseira";"Com Vítimas Feridas";"Pleno dia";"Decrescente";"Céu Claro";"Dupla";"Reta;Aclive";"Sim";2;0;1;0;1;0;1;2;-7,1198;-34,8453;"SPRF-PB";"DEL01-PB";"UOP01-DEL01-PB"
227589;2019-08-09;"sexta-feira";"10:00:00";"GO";20;30;"FORMOSA";"Falta de Atenção à Condução";"Saída de leito carroçável";"Com Vítimas Feridas";"Pleno dia";"Decrescente";"Céu Claro";"Dupla";"Reta;Em Obras;Declive";"Sim";5;0;5;0;0;0;5;1;-15,498156;-47,109814;"SPRF-DF";"DEL02-DF";"UOP01-DEL02-DF"
227590;2019-08-09;"sexta-feira";"10:15:00";"BA";324;599;"SIMOES FILHO";"Falta de Atenção à Condução";"Colisão traseira";"Sem Vítimas";"Pleno dia";"Crescente";"Nublado";"Múltipla";"Reta";"Sim";3;0;0;0;3;0;0;3;-12,74194511;-38,43853918;"SPRF-BA";"DEL01-BA";"UOP01-DEL01-BA"
227591;2019-08-09;"sexta-feira";"10:15:00";"MG";262;501,9;"LUZ";"Velocidade Incompatível";"Colisão traseira";"Com Vítimas Feridas";"Pleno dia";"Decrescente";"Sol";"Simples";"Reta";"Não";3;0;0;1;1;1;1;3;-19,77091963;-45,48865709;"SPRF-MG";"DEL08-MG";"UOP03-DEL08-MG"
227592;2019-08-09;"sexta-feira";"07:20:00";"MT";70;207;"GENERAL CARNEIRO";"Falta de Atenção à Condução";"Colisão lateral";"Sem Vítimas";"Pleno dia";"Crescente";"Céu Claro";"Simples";"Reta";"Não";2;0;0;0;2;0;0;2;-15,74291483;-53,78853498;"SPRF-MT";"DEL05-MT";"UOP01-DEL05-MT"
227595;2019-04-28;"domingo";"23:00:00";"BA";407;143;"SENHOR DO BONFIM";"Não guardar distância de segurança";"Queda de ocupante de veículo";"Com Vítimas Feridas";"Plena Noite";"Crescente";"Ignorado";"Simples";"Reta";"Não";1;0;0;1;0;0;1;1;-10,61748332;-40,13147615;"SPRF-BA";"DEL04-BA";"UOP01-DEL04-BA"
227597;2019-05-09;"quinta-feira";"11:15:00";"BA";101;351;"TEOLANDIA";"Defeito Mecânico no Veículo";"Capotamento";"Com Vítimas Feridas";"Pleno dia";"Decrescente";"Céu Claro";"Simples";"Curva";"Não";1;0;0;1;0;0;1;1;-13,59945629;-39,49041545;"SPRF-BA";"DEL05-BA";"UOP03-DEL05-BA"
227599;2019-08-09;"sexta-feira";"11:10:00";"SC";470;9,8;"NAVEGANTES";"Desobediência às normas de trânsito pelo condutor";"Colisão transversal";"Com Vítimas Feridas";"Pleno dia";"Crescente";"Nublado";"Simples";"Reta";"Não";2;0;1;0;1;0;1;2;-26,833143;-48,727432;"SPRF-SC";"DEL04-SC";"UOP04-DEL04-SC"
227601;2019-08-09;"sexta-feira";"10:40:00";"ES";262;45;"MARECHAL FLORIANO";"Desobediência às normas de trânsito pelo condutor";"Colisão transversal";"Com Vítimas Feridas";"Pleno dia";"Crescente";"Céu Claro";"Simples";"Reta";"Não";2;0;0;1;1;0;1;2;-20,40812535;-40,67395275;"SPRF-ES";"DEL01-ES";"UOP01-DEL01-ES"
227604;2019-06-01;"sábado";"13:10:00";"ES";101;67;"SAO MATEUS";"Desobediência às normas de trânsito pelo condutor";"Colisão traseira";"Com Vítimas Feridas";"Pleno dia";"Decrescente";"Céu Claro";"Dupla";"Reta";"Sim";3;0;0;2;1;0;2;2;-18,72054021;-39,8658931;"SPRF-ES";"DEL04-ES";"UOP02-DEL04-ES"
227606;2019-08-09;"sexta-feira";"11:00:00";"CE";116;1;"FORTALEZA";"Não guardar distância de segurança";"Colisão traseira";"Com Vítimas Feridas";"Pleno dia";"Crescente";"Céu Claro";"Múltipla";"Reta";"Sim";3;0;2;0;1;0;2;2;-3,7621768;-38,51866907;"SPRF-CE";"DEL01-CE";"UOP02-DEL01-CE"
227607;2019-08-09;"sexta-feira";"09:25:00";"SC";282;540,9;"CHAPECO";"Falta de Atenção à Condução";"Tombamento";"Com Vítimas Feridas";"Pleno dia";"Crescente";"Sol";"Simples";"Curva";"Não";2;0;2;0;0;0;2;1;-26,994461;-52,690178;"SPRF-SC";"DEL07-SC";"UOP01-DEL07-SC"
227608;2019-08-09;"sexta-feira";"11:20:00";"GO";414;270;"NIQUELANDIA";"Avarias e/ou desgaste excessivo no pneu";"Capotamento";"Com Vítimas Feridas";"Pleno dia";"Crescente";"Céu Claro";"Simples";"Reta";"Não";3;0;3;0;0;0;3;1;-14,99313998;-48,68183105;"SPRF-GO";"DEL07-GO";"UOP02-DEL07-GO"
227609;2019-08-09;"sexta-feira";"09:00:00";"RJ";101;555;"PARATY";"Falta de Atenção à Condução";"Atropelamento de Pedestre";"Com Vítimas Feridas";"Pleno dia";"Crescente";"Céu Claro";"Simples";"Reta";"Não";2;0;1;0;1;0;1;2;-23,07564299;-44,69734406;"SPRF-RJ";"DEL03-RJ";"UOP04-DEL03-RJ"
227611;2019-07-20;"sábado";"16:45:00";"RJ";356;181;"SAO JOAO DA BARRA";"Condutor Dormindo";"Colisão com objeto estático";"Com Vítimas Feridas";"Pleno dia";"Crescente";"Chuva";"Simples";"Reta";"Sim";1;0;1;0;0;0;1;1;-21,65632504;-41,05317881;"SPRF-RJ";"DEL08-RJ";"UOP02-DEL08-RJ"
227612;2019-08-09;"sexta-feira";"12:10:00";"PR";277;585;"CASCAVEL";"Falta de Atenção do Pedestre";"Atropelamento de Pedestre";"Com Vítimas Feridas";"Pleno dia";"Crescente";"Céu Claro";"Múltipla";"Aclive";"Sim";3;0;1;0;1;1;1;2;-24,96400704;-53,41227401;"SPRF-PR";"DEL04-PR";"UOP01-DEL04-PR"
227613;2019-08-09;"sexta-feira";"12:00:00";"PR";277;3;"FOZ DO IGUACU";"Falta de Atenção à Condução";"Colisão com objeto estático";"Com Vítimas Feridas";"Pleno dia";"Decrescente";"Nublado";"Dupla";"Retorno Regulamentado";"Sim";1;0;1;0;0;0;1;1;-25,47802945;-54,58393514;"SPRF-PR";"DEL05-PR";"UOP03-DEL05-PR"
227614;2019-08-09;"sexta-feira";"12:25:00";"SP";101;50;"UBATUBA";"Falta de Atenção à Condução";"Colisão transversal";"Com Vítimas Feridas";"Pleno dia";"Crescente";"Sol";"Simples";"Reta";"Sim";3;0;1;0;1;1;1;3;-23,45018939;-45,07743735;"SPRF-SP";"DEL06-SP";"UOP01-DEL06-SP"
227615;2019-08-09;"sexta-feira";"12:20:00";"PE";232;191,8;"SANHARO";"Falta de Atenção à Condução";"Saída de leito carroçável";"Com Vítimas Feridas";"Pleno dia";"Decrescente";"Céu Claro";"Simples";"Reta";"Não";1;0;1;0;0;0;1;1;-8,35709895;-36,52773;"SPRF-PE";"DEL02-PE";"UOP03-DEL02-PE"
227617;2019-08-09;"sexta-feira";"08:30:00";"SC";282;176;"BOCAINA DO SUL";"Falta de Atenção à Condução";"Saída de leito carroçável";"Com Vítimas Feridas";"Pleno dia";"Crescente";"Céu Claro";"Simples";"Reta";"Não";1;0;1;0;0;0;1;1;-27,74011;-49,901859;"SPRF-SC";"DEL05-SC";"UOP01-DEL05-SC"
227618;2019-08-09;"sexta-feira";"11:35:00";"SC";101;409;"ARARANGUA";"Falta de Atenção à Condução";"Saída de leito carroçável";"Com Vítimas Feridas";"Pleno dia";"Decrescente";"Céu Claro";"Dupla";"Curva";"Não";2;0;1;0;1;0;1;1;-28,91952773;-49,4903183;"SPRF-SC";"DEL02-SC";"UOP02-DEL02-SC"
227619;2019-08-09;"sexta-feira";"11:50:00";"PB";104;137,4;"QUEIMADAS";"Falta de Atenção à Condução";"Colisão traseira";"Com Vítimas Feridas";"Pleno dia";"Decrescente";"Céu Claro";"Simples";"Reta";"Sim";3;0;1;0;2;0;1;3;-7,352277;-35,90094;"SPRF-PB";"DEL02-PB";"UOP03-DEL02-PB"
227620;2019-08-09;"sexta-feira";"12:20:00";"SC";470;135,5;"RIO DO SUL";"Falta de Atenção à Condução";"Colisão transversal";"Com Vítimas Feridas";"Pleno dia";"Crescente";"Céu Claro";"Simples";"Interseção de Vias";"Não";4;0;3;0;1;0;3;2;-27,188492;-49,61232;"SPRF-SC";"DEL04-SC";"UOP02-DEL04-SC"
227623;2019-08-09;"sexta-feira";"10:00:00";"AC";364;131,9;"RIO BRANCO";"Defeito na Via";"Tombamento";"Com Vítimas Feridas";"Pleno dia";"Decrescente";"Céu Claro";"Simples";"Declive;Curva";"Sim";1;0;1;0;0;0;1;1;-10,01594689;-67,84093848;"SPRF-AC";"DEL01-AC";"UOP01-DEL01-AC"
227626;2019-08-09;"sexta-feira";"12:05:00";"SP";153;256,8;"MARILIA";"Defeito Mecânico no Veículo";"Tombamento";"Com Vítimas Feridas";"Pleno dia";"Decrescente";"Céu Claro";"Dupla";"Rotatória";"Sim";1;0;1;0;0;0;1;1;-22,23811097;-49,91903186;"SPRF-SP";"DEL07-SP";"UOP02-DEL07-SP"
227628;2019-08-09;"sexta-feira";"12:45:00";"SP";116;16;"LAVRINHAS";"Animais na Pista";"Atropelamento de Animal";"Sem Vítimas";"Pleno dia";"Decrescente";"Sol";"Dupla";"Curva";"Não";1;0;0;0;1;0;0;1;-22,55822433;-44,83795788;"SPRF-SP";"DEL08-SP";"UOP02-DEL08-SP"
227629;2019-08-09;"sexta-feira";"13:30:00";"MG";381;482;"BETIM";"Mal Súbito";"Colisão com objeto estático";"Com Vítimas Feridas";"Pleno dia";"Decrescente";"Céu Claro";"Dupla";"Reta";"Sim";1;0;1;0;0;0;1;1;-19,955532;-44,097209;"SPRF-MG";"DEL01-MG";"UOP03-DEL01-MG"
227630;2019-06-20;"quinta-feira";"23:00:00";"RJ";116;165,9;"RIO DE JANEIRO";"Falta de Atenção do Pedestre";"Atropelamento de Pedestre";"Com Vítimas Fatais";"Plena Noite";"Crescente";"Céu Claro";"Múltipla";"Reta";"Não";2;1;0;0;1;0;0;2;-22,80518249;-43,34424019;"SPRF-RJ";"DEL01-RJ";"UOP02-DEL01-RJ"
227631;2019-08-09;"sexta-feira";"12:20:00";"MG";40;355,8;"FELIXLANDIA";"Falta de Atenção à Condução";"Colisão frontal";"Com Vítimas Fatais";"Pleno dia";"Decrescente";"Céu Claro";"Simples";"Reta";"Não";3;1;1;0;1;0;1;3;-18,72999125;-44,89215101;"SPRF-MG";"DEL02-MG";"UOP01-DEL02-MG"
227632;2019-06-16;"domingo";"18:00:00";"PR";116;209;"RIO NEGRO";"Falta de Atenção à Condução";"Colisão traseira";"Com Vítimas Feridas";"Anoitecer";"Crescente";"Nublado";"Simples";"Reta";"Sim";2;0;1;0;0;1;1;2;-26,07620916;-49,75230908;"SPRF-SC";"DEL06-SC";"UOP01-DEL06-SC"
227633;2019-08-09;"sexta-feira";"12:30:00";"RO";319;63;"PORTO VELHO";"Falta de Atenção do Pedestre";"Atropelamento de Pedestre";"Com Vítimas Feridas";"Pleno dia";"Decrescente";"Céu Claro";"Dupla";"Reta";"Sim";2;0;1;0;1;0;1;2;-8,766685;-63,884052;"SPRF-RO";"DEL01-RO";"UOP01-DEL01-RO"
227634;2019-08-09;"sexta-feira";"12:15:00";"BA";367;82;"EUNAPOLIS";"Velocidade Incompatível";"Colisão traseira";"Com Vítimas Feridas";"Pleno dia";"Crescente";"Chuva";"Simples";"Reta";"Sim";4;0;1;0;3;0;1;3;-16,37205962;-39,56163401;"SPRF-BA";"DEL09-BA";"UOP01-DEL09-BA"
227635;2019-06-26;"quarta-feira";"08:30:00";"PB";230;406,8;"POMBAL";"Falta de Atenção à Condução";"Colisão transversal";"Com Vítimas Feridas";"Pleno dia";"Crescente";"Céu Claro";"Simples";"Reta";"Sim";2;0;0;1;1;0;1;2;-6,767302;-37,795229;"SPRF-PB";"DEL03-PB";"UOP02-DEL03-PB"
227636;2019-08-09;"sexta-feira";"14:20:00";"SP";153;62;"SAO JOSE DO RIO PRETO";"Falta de Atenção à Condução";"Queda de ocupante de veículo";"Sem Vítimas";"Pleno dia";"Decrescente";"Céu Claro";"Dupla";"Declive";"Sim";3;0;0;0;1;2;0;3;-20,81325404;-49,35675563;"SPRF-SP";"DEL09-SP";"UOP01-DEL09-SP"
227638;2019-08-09;"sexta-feira";"11:38:00";"RO";364;341,3;"JI-PARANA";"Falta de Atenção à Condução";"Colisão traseira";"Sem Vítimas";"Pleno dia";"Crescente";"Céu Claro";"Simples";"Curva";"Sim";2;0;0;0;2;0;0;2;-10,88987987;-61,93126772;"SPRF-RO";"DEL02-RO";"UOP01-DEL02-RO"
227639;2019-08-09;"sexta-feira";"13:45:00";"TO";153;649,6;"DUERE";"Defeito Mecânico no Veículo";"Saída de leito carroçável";"Sem Vítimas";"Pleno dia";"Decrescente";"Céu Claro";"Simples";"Reta";"Não";1;0;0;0;1;0;0;1;-11,52660896;-49,01555711;"SPRF-TO";"DEL02-TO";"UOP02-DEL01-TO"
227641;2019-08-03;"sábado";"08:10:00";"MG";381;924;"ITAPEVA";"Pista Escorregadia";"Capotamento";"Com Vítimas Feridas";"Pleno dia";"Crescente";"Chuva";"Dupla";"Curva";"Não";3;0;2;0;1;0;2;1;-22,77050246;-46,23490598;"SPRF-MG";"DEL16-MG";"UOP03-DEL16-MG"
227643;2019-08-09;"sexta-feira";"12:05:00";"PI";316;68,7;"MONSENHOR GIL";"Falta de Atenção à Condução";"Colisão frontal";"Com Vítimas Feridas";"Pleno dia";"Crescente";"Sol";"Simples";"Reta";"Sim";2;0;1;0;1;0;1;2;-5,64018999;-42,59199582;"SPRF-PI";"DEL01-PI";"UOP02-DEL01-PI"
227644;2019-08-09;"sexta-feira";"14:45:00";"AL";316;84;"SANTANA DO IPANEMA";"Ingestão de Álcool";"Colisão traseira";"Sem Vítimas";"Pleno dia";"Crescente";"Céu Claro";"Dupla";"Reta";"Sim";2;0;0;0;2;0;0;2;-9,36681348;-37,25183498;"SPRF-AL";"DEL03-AL";"UOP02-DEL03-AL"
227646;2019-08-09;"sexta-feira";"15:15:00";"PR";376;5;"APUCARANA";"Sinalização da via insuficiente ou inadequada";"Colisão transversal";"Com Vítimas Feridas";"Pleno dia";"Crescente";"Céu Claro";"Simples";"Declive";"Sim";2;0;1;0;1;0;1;2;-23,55720135;-51,44206524;"SPRF-PR";"DEL07-PR";"UOP03-DEL07-PR"
227647;2019-08-09;"sexta-feira";"12:50:00";"BA";324;546;"AMELIA RODRIGUES";"Pista Escorregadia";"Saída de leito carroçável";"Com Vítimas Feridas";"Pleno dia";"Decrescente";"Chuva";"Dupla";"Reta";"Não";3;0;3;0;0;0;3;1;-12,41513603;-38,75158107;"SPRF-BA";"DEL01-BA";"UOP01-DEL01-BA"
227648;2019-08-09;"sexta-feira";"10:20:00";"SC";101;44;"JOINVILLE";"Falta de Atenção à Condução";"Colisão com objeto estático";"Com Vítimas Feridas";"Pleno dia";"Decrescente";"Nublado";"Dupla";"Declive";"Sim";1;0;0;1;0;0;1;1;-26,3348718407;-48,86017437;"SPRF-SC";"DEL03-SC";"UOP01-DEL03-SC"
227649;2019-08-09;"sexta-feira";"15:40:00";"DF";20;8,9;"BRASILIA";"Desobediência às normas de trânsito pelo condutor";"Saída de leito carroçável";"Com Vítimas Feridas";"Pleno dia";"Crescente";"Céu Claro";"Dupla";"Reta";"Sim";2;0;0;1;1;0;1;2;-15,658386;-47,791534;"SPRF-DF";"DEL02-DF";"UOP01-DEL02-DF"
227650;2019-08-09;"sexta-feira";"14:30:00";"SC";101;201;"SAO JOSE";"Falta de Atenção à Condução";"Colisão lateral";"Com Vítimas Feridas";"Pleno dia";"Crescente";"Nublado";"Dupla";"Reta";"Sim";3;0;1;1;0;1;2;2;-27,54836599;-48,61977975;"SPRF-SC";"DEL01-SC";"UOP01-DEL01-SC"
227651;2019-08-09;"sexta-feira";"15:30:00";"GO";153;514;"APARECIDA DE GOIANIA";"Falta de Atenção à Condução";"Colisão transversal";"Com Vítimas Feridas";"Pleno dia";"Decrescente";"Céu Claro";"Dupla";"Reta";"Sim";2;0;1;0;1;0;1;2;-16,8315;-49,2434;"SPRF-GO";"DEL01-GO";"UOP03-DEL01-GO"
227652;2019-08-09;"sexta-feira";"09:00:00";"RJ";101;499;"ANGRA DOS REIS";"Falta de Atenção à Condução";"Atropelamento de Pedestre";"Com Vítimas Feridas";"Pleno dia";"Decrescente";"Céu Claro";"Simples";"Curva";"Não";2;0;1;0;1;0;1;2;-22,91478203;-44,34596302;"SPRF-RJ";"DEL03-RJ";"UOP03-DEL03-RJ"
227654;2019-08-09;"sexta-feira";"14:10:00";"MT";174;5;"PONTES E LACERDA";"Não guardar distância de segurança";"Colisão traseira";"Com Vítimas Feridas";"Pleno dia";"Decrescente";"Céu Claro";"Simples";"Reta";"Sim";2;0;1;0;1;0;1;1;-15,226537;-59,335728;"SPRF-MT";"DEL04-MT";"UOP01-DEL04-MT"
227655;2019-08-09;"sexta-feira";"16:15:00";"MG";365;626;"UBERLANDIA";"Agressão Externa";"Colisão traseira";"Com Vítimas Feridas";"Pleno dia";"Crescente";"Céu Claro";"Dupla";"Reta";"Não";1;0;0;1;0;0;1;1;-18,90659356;-48,33469405;"SPRF-MG";"DEL15-MG";"UOP01-DEL15-MG"
227657;2019-08-09;"sexta-feira";"16:20:00";"SP";381;48;"ATIBAIA";"Defeito Mecânico no Veículo";"Tombamento";"Com Vítimas Feridas";"Pleno dia";"Crescente";"Céu Claro";"Dupla";"Reta";"Sim";1;0;1;0;0;0;1;1;-23,19720018;-46,58736556;"SPRF-SP";"DEL03-SP";"UOP01-DEL03-SP"