"id";"data_inversa";"dia_semana";"horario";"uf";"br";"km";"municipio";"causa_acidente";"tipo_acidente";"classificacao_acidente";"fase_dia";"sentido_via";"condicao_metereologica";"tipo_pista";"tracado_via";"uso_solo";"pessoas";"mortos";"feridos_leves";"feridos_graves";"ilesos";"ignorados";"feridos";"veiculos";"latitude";"longitude";"regional";"delegacia";"uop"
227658;2019-08-09;"sexta-feira";"16:30:00";"PR";369;86;"CORNELIO PROCOPIO";"Pista Escorregadia";"Queda de ocupante de veículo";"Com Vítimas Feridas";"Pleno dia";"Decrescente";"Céu Claro";"Simples";"Curva";"Sim";1;0;1;0;0;0;1;1;-23,17467016;-50,62309027;"SPRF-PR";"DEL07-PR";"UOP05-DEL07-PR"
227660;2019-08-09;"sexta-feira";"08:00:00";"MG";116;148;"PONTO DOS VOLANTES";"Ultrapassagem Indevida";"Saída de leito carroçável";"Com Vítimas Feridas";"Pleno dia";"Decrescente";"Céu Claro";"Simples";"Reta;Declive";"Não";2;0;2;0;0;0;2;1;-16,83568806;-41,47878089;"SPRF-MG";"DEL11-MG";"UOP02-DEL11-MG"
227662;2019-08-09;"sexta-feira";"15:20:00";"MG";365;620,5;"UBERLANDIA";"Desobediência às normas de trânsito pelo condutor";"Colisão transversal";"Com Vítimas Feridas";"Pleno dia";"Decrescente";"Sol";"Dupla";"Interseção de Vias";"Sim";2;0;0;1;1;0;1;2;-18,89563019;-48,2714428;"SPRF-MG";"DEL15-MG";"UOP01-DEL15-MG"
227663;2019-05-05;"domingo";"15:35:00";"MG";262;367;"JUATUBA";"Falta de Atenção à Condução";"Colisão frontal";"Com Vítimas Feridas";"Pleno dia";"Crescente";"Céu Claro";"Dupla";"Curva";"Sim";4;0;1;3;0;0;4;2;-19,97391261;-44,27096197;"SPRF-MG";"DEL01-MG";"UOP03-DEL01-MG"
227666;2019-08-09;"sexta-feira";"16:40:00";"SC";101;208;"SAO JOSE";"Falta de Atenção à Condução";"Colisão lateral";"Com Vítimas Feridas";"Pleno dia";"Decrescente";"Nublado";"Múltipla";"Reta";"Sim";3;0;1;0;0;2;1;3;-27,60342705;-48,63186121;"SPRF-SC";"DEL01-SC";"UOP01-DEL01-SC"
227667;2019-08-09;"sexta-feira";"15:00:00";"PE";232;9,3;"JABOATAO DOS GUARARAPES";"Falta de Atenção à Condução";"Colisão traseira";"Com Vítimas Feridas";"Pleno dia";"Decrescente";"Céu Claro";"Dupla";"Reta";"Sim";1;0;1;0;0;0;1;1;-8,07764447;-34,97863609;"SPRF-PE";"DEL01-PE";"UOP01-DEL01-PE"
227669;2019-08-09;"sexta-feira";"16:35:00";"RJ";101;483;"ANGRA DOS REIS";"Desobediência às normas de trânsito pelo condutor";"Colisão frontal";"Com Vítimas Feridas";"Pleno dia";"Crescente";"Céu Claro";"Simples";"Reta";"Não";4;0;4;0;0;0;4;3;-22,99719001;-44,30136205;"SPRF-RJ";"DEL03-RJ";"UOP03-DEL03-RJ"
227672;2019-08-09;"sexta-feira";"12:15:00";"BA";101;263;"SANTO ANTONIO DE JESUS";"Desobediência às normas de trânsito pelo condutor";"Atropelamento de Pedestre";"Com Vítimas Feridas";"Pleno dia";"Crescente";"Nublado";"Simples";"Reta";"Sim";2;0;1;0;0;1;1;2;-12,98032023;-39,28620631;"SPRF-BA";"DEL01-BA";"UOP02-DEL01-BA"
227673;2019-08-09;"sexta-feira";"17:00:00";"SP";116;146;"SAO JOSE DOS CAMPOS";"Falta de Atenção à Condução";"Colisão traseira";"Com Vítimas Feridas";"Anoitecer";"Decrescente";"Céu Claro";"Dupla";"Reta";"Não";2;0;1;0;1;0;1;2;-23,19122919;-45,86327591;"SPRF-SP";"DEL02-SP";"UOP01-DEL02-SP"
227674;2019-08-09;"sexta-feira";"12:00:00";"MG";381;247,1;"SANTANA DO PARAISO";"Velocidade Incompatível";"Saída de leito carroçável";"Com Vítimas Feridas";"Pleno dia";"Crescente";"Céu Claro";"Simples";"Reta";"Não";2;0;2;0;0;0;2;1;-19,45396756;-42,52086639;"SPRF-MG";"DEL06-MG";"UOP01-DEL06-MG"
227678;2019-08-09;"sexta-feira";"16:15:00";"PR";376;5;"APUCARANA";"Falta de Atenção à Condução";"Colisão traseira";"Com Vítimas Feridas";"Pleno dia";"Decrescente";"Céu Claro";"Dupla";"Reta";"Sim";2;0;1;0;0;1;1;2;-23,5513;-51,461266;"SPRF-PR";"DEL07-PR";"UOP03-DEL07-PR"
227679;2019-08-09;"sexta-feira";"17:30:00";"MG";381;431,3;"SABARA";"Falta de Atenção à Condução";"Tombamento";"Com Vítimas Feridas";"Anoitecer";"Decrescente";"Céu Claro";"Simples";"Curva";"Não";2;0;2;0;0;0;2;1;-19,78831547;-43,73175712;"SPRF-MG";"DEL01-MG";"UOP01-DEL01-MG"
227680;2019-08-09;"sexta-feira";"16:15:00";"PR";373;199,8;"IPIRANGA";"Falta de Atenção à Condução";"Colisão transversal";"Com Vítimas Feridas";"Pleno dia";"Decrescente";"Céu Claro";"Simples";"Reta";"Não";3;0;2;0;1;0;2;2;-25,08427259;-50,40849951;"SPRF-PR";"DEL03-PR";"UOP01-DEL03-PR"
227681;2019-08-09;"sexta-feira";"18:00:00";"DF";70;13;"BRASILIA";"Desobediência às normas de trânsito pelo condutor";"Colisão lateral";"Com Vítimas Feridas";"Anoitecer";"Crescente";"Céu Claro";"Dupla";"Rotatória";"Não";2;0;1;0;1;0;1;2;-15,794558;-48,166584;"SPRF-DF";"DEL01-DF";"UOP02-DEL03-DF"
227682;2019-08-09;"sexta-feira";"15:55:00";"RJ";40;111;"DUQUE DE CAXIAS";"Falta de Atenção à Condução";"Colisão lateral";"Com Vítimas Feridas";"Pleno dia";"Decrescente";"Céu Claro";"Múltipla";"Reta";"Sim";2;0;1;0;1;0;1;2;-22,691868;-43,287453;"SPRF-RJ";"DEL01-RJ";"UOP01-DEL01-RJ"
227683;2019-08-09;"sexta-feira";"18:00:00";"PR";369;192;"ARAPONGAS";"Falta de Atenção do Pedestre";"Atropelamento de Pedestre";"Com Vítimas Feridas";"Plena Noite";"Crescente";"Céu Claro";"Dupla";"Reta";"Não";3;0;0;1;1;1;1;2;-23,44921128;-51,42326832;"SPRF-PR";"DEL07-PR";"UOP03-DEL07-PR"
227685;2019-08-09;"sexta-feira";"18:08:00";"CE";222;1;"FORTALEZA";"Falta de Atenção à Condução";"Colisão transversal";"Com Vítimas Feridas";"Anoitecer";"Crescente";"Céu Claro";"Múltipla";"Reta";"Sim";3;0;1;2;0;0;3;2;-3,73769;-38,57871;"SPRF-CE";"DEL01-CE";"UOP01-DEL01-CE"
227686;2019-08-09;"sexta-feira";"16:50:00";"SC";282;58;"RANCHO QUEIMADO";"Falta de Atenção à Condução";"Colisão transversal";"Com Vítimas Feridas";"Pleno dia";"Decrescente";"Céu Claro";"Simples";"Interseção de Vias";"Não";2;0;0;1;1;0;1;2;-27,683594;-49,005539;"SPRF-SC";"DEL01-SC";"UOP03-DEL01-SC"
227688;2019-08-09;"sexta-feira";"15:30:00";"SC";282;250,2;"SAO JOSE DO CERRITO";"Falta de Atenção à Condução";"Colisão transversal";"Com Vítimas Feridas";"Pleno dia";"Crescente";"Sol";"Simples";"Curva";"Não";2;0;1;0;1;0;1;2;-27,697491;-50,543484;"SPRF-SC";"DEL05-SC";"UOP02-DEL05-SC"
227689;2019-08-09;"sexta-feira";"18:15:00";"RJ";101;313;"SAO GONCALO";"Falta de Atenção à Condução";"Colisão traseira";"Com Vítimas Feridas";"Anoitecer";"Decrescente";"Céu Claro";"Dupla";"Reta";"Não";2;0;1;0;1;0;1;2;-22,814848;-43,075326;"SPRF-RJ";"DEL02-RJ";"DEL5/2-UOP04/RJ"
227690;2019-08-09;"sexta-feira";"17:45:00";"RJ";116;178;"NOVA IGUACU";"Desobediência às normas de trânsito pelo condutor";"Colisão lateral";"Com Vítimas Feridas";"Plena Noite";"Crescente";"Céu Claro";"Múltipla";"Reta";"Não";3;0;2;0;1;0;2;2;-22,77496393;-43,40081465;"SPRF-RJ";"DEL01-RJ";"UOP02-DEL01-RJ"
227691;2019-08-09;"sexta-feira";"18:04:00";"GO";153;508,1;"APARECIDA DE GOIANIA";"Desobediência às normas de trânsito pelo condutor";"Engavetamento";"Com Vítimas Feridas";"Anoitecer";"Decrescente";"Céu Claro";"Múltipla";"Aclive";"Sim";4;0;2;0;2;0;2;3;-16,77290475;-49,23801899;"SPRF-GO";"DEL01-GO";"UOP03-DEL01-GO"
227692;2019-08-09;"sexta-feira";"18:30:00";"PR";376;597;"CURITIBA";"Desobediência às normas de trânsito pelo condutor";"Colisão traseira";"Sem Vítimas";"Plena Noite";"Crescente";"Céu Claro";"Dupla";"Reta";"Sim";2;0;0;0;2;0;0;2;-25,510571;-49,338848;"SPRF-PR";"DEL01-PR";"UOP06-DEL01-PR"
227694;2019-08-09;"sexta-feira";"18:50:00";"GO";40;7;"VALPARAISO DE GOIAS";"Falta de Atenção à Condução";"Colisão traseira";"Com Vítimas Feridas";"Plena Noite";"Decrescente";"Céu Claro";"Dupla";"Reta";"Sim";3;0;2;0;1;0;2;2;-16,108482;-47,972524;"SPRF-DF";"DEL01-DF";"UOP01-DEL01-DF"
227695;2019-08-09;"sexta-feira";"18:50:00";"RN";226;327;"MESSIAS TARGINO";"Ingestão de Álcool";"Tombamento";"Com Vítimas Feridas";"Plena Noite";"Decrescente";"Céu Claro";"Simples";"Reta";"Não";1;0;0;1;0;0;1;1;-6,07944025;-37,54585994;"SPRF-RN";"DEL04-RN";"UOP01-DEL04-RN"
227696;2019-08-09;"sexta-feira";"18:00:00";"MG";262;117;"RIO CASCA";"Falta de Atenção à Condução";"Atropelamento de Pedestre";"Com Vítimas Feridas";"Plena Noite";"Decrescente";"Céu Claro";"Simples";"Curva";"Sim";4;0;3;1;0;0;4;2;-20,22891636;-42,62843995;"SPRF-MG";"DEL03-MG";"UOP03-DEL03-MG"
227697;2019-08-09;"sexta-feira";"18:10:00";"PE";232;96;"SAIRE";"Falta de Atenção à Condução";"Colisão traseira";"Sem Vítimas";"Plena Noite";"Decrescente";"Céu Claro";"Dupla";"Reta";"Não";3;0;0;0;3;0;0;3;-8,23076854;-35,70778281;"SPRF-PE";"DEL01-PE";"UOP02-DEL02PE"
227698;2019-08-09;"sexta-feira";"18:30:00";"PE";101;157;"GAMELEIRA";"Falta de Atenção à Condução";"Capotamento";"Com Vítimas Feridas";"Plena Noite";"Decrescente";"Céu Claro";"Dupla";"Interseção de Vias";"Não";2;0;1;0;0;1;1;2;-8,55352976;-35,3964161;"SPRF-PE";"DEL01-PE";"UOP03-DEL01-PE"
227699;2019-08-09;"sexta-feira";"18:20:00";"RN";101;96;"NATAL";"Desobediência às normas de trânsito pelo condutor";"Colisão transversal";"Sem Vítimas";"Plena Noite";"Crescente";"Céu Claro";"Dupla";"Reta";"Sim";2;0;0;0;2;0;0;2;-5,84949622;-35,20890752;"SPRF-RN";"DEL01-RN";"UOP01-DEL01-RN"
227701;2019-08-09;"sexta-feira";"19:30:00";"BA";116;424;"FEIRA DE SANTANA";"Falta de Atenção à Condução";"Colisão transversal";"Com Vítimas Feridas";"Plena Noite";"Decrescente";"Nublado";"Simples";"Reta";"Sim";2;0;1;0;1;0;1;2;-12,23257586;-38,97248506;"SPRF-BA";"DEL02-BA";"UOP01-DEL02-BA"
227703;2019-08-09;"sexta-feira";"17:55:00";"RO";319;63;"PORTO VELHO";"Desobediência às normas de trânsito pelo condutor";"Colisão transversal";"Com Vítimas Feridas";"Pleno dia";"Decrescente";"Sol";"Múltipla";"Reta";"Sim";2;0;1;0;1;0;1;2;-8,75996;-63,88559;"SPRF-RO";"DEL01-RO";"UOP01-DEL01-RO"
227704;2019-08-09;"sexta-feira";"17:50:00";"PB";230;497,3;"CAJAZEIRAS";"Falta de Atenção à Condução";"Colisão com objeto estático";"Com Vítimas Feridas";"Anoitecer";"Decrescente";"Céu Claro";"Simples";"Declive";"Não";2;0;0;1;1;0;1;2;-6,8922;-38,4834;"SPRF-PB";"DEL03-PB";"UOP03-DEL03-PB"
227706;2019-08-09;"sexta-feira";"19:50:00";"SE";101;43,6;"CAPELA";"Falta de Atenção à Condução";"Colisão traseira";"Com Vítimas Feridas";"Plena Noite";"Decrescente";"Garoa/Chuvisco";"Dupla";"Curva";"Não";3;0;0;2;1;0;2;2;-10,547321;-36,970737;"SPRF-SE";"DEL02-SE";"UOP02-DEL02-SE"
227707;2019-08-09;"sexta-feira";"18:00:00";"MG";356;264,6;"MURIAE";"Desobediência às normas de trânsito pelo condutor";"Colisão lateral";"Com Vítimas Feridas";"Anoitecer";"Decrescente";"Céu Claro";"Simples";"Reta";"Sim";3;0;1;2;0;0;3;2;-21,12552649;-42,37547729;"SPRF-MG";"DEL07-MG";"UOP02-DEL07-MG"
227709;2019-08-09;"sexta-feira";"17:25:00";"MG";116;276,2;"TEOFILO OTONI";"Não guardar distância de segurança";"Colisão traseira";"Com Vítimas Feridas";"Anoitecer";"Crescente";"Céu Claro";"Simples";"Reta";"Sim";2;0;0;1;1;0;1;2;-17,85105696;-41,51454492;"SPRF-MG";"DEL11-MG";"UOP01-DEL11-MG"
227710;2019-08-09;"sexta-feira";"18:30:00";"SC";282;23,8;"SANTO AMARO DA IMPERATRIZ";"Falta de Atenção à Condução";"Colisão transversal";"Com Vítimas Feridas";"Plena Noite";"Crescente";"Céu Claro";"Simples";"Reta";"Não";2;0;0;1;1;0;1;2;-27,687958;-48,736794;"SPRF-SC";"DEL01-SC";"UOP03-DEL01-SC"
227713;2019-08-09;"sexta-feira";"19:32:00";"SP";116;151;"SAO JOSE DOS CAMPOS";"Objeto estático sobre o leito carroçável";"Capotamento";"Com Vítimas Feridas";"Plena Noite";"Crescente";"Céu Claro";"Dupla";"Reta";"Sim";1;0;1;0;0;0;1;1;-23,21980694;-45,89991605;"SPRF-SP";"DEL02-SP";"UOP01-DEL02-SP"
227714;2019-08-09;"sexta-feira";"18:00:00";"AL";104;36,5;"UNIAO DOS PALMARES";"Deficiência ou não Acionamento do Sistema de Iluminação/Sinalização do Veículo";"Colisão traseira";"Com Vítimas Feridas";"Plena Noite";"Decrescente";"Céu Claro";"Simples";"Reta";"Não";3;0;2;1;0;0;3;2;-9,16859247;-36,02287647;"SPRF-AL";"DEL01-AL";"UOP02-DEL01-AL"
227715;2019-08-09;"sexta-feira";"18:45:00";"MG";40;728;"BARBACENA";"Falta de Atenção à Condução";"Colisão lateral";"Com Vítimas Feridas";"Plena Noite";"Crescente";"Céu Claro";"Múltipla";"Curva";"Não";4;0;1;0;2;1;1;2;-21,31842199;-43,58689599;"SPRF-MG";"DEL05-MG";"UOP01-DEL05-MG"
227717;2019-08-09;"sexta-feira";"17:50:00";"SP";153;161,3;"PROMISSAO";"Falta de Atenção à Condução";"Colisão transversal";"Com Vítimas Feridas";"Pleno dia";"Crescente";"Sol";"Simples";"Interseção de Vias";"Não";4;0;1;1;2;0;2;2;-21,51935736;-49,78128433;"SPRF-SP";"DEL07-SP";"UOP01-DEL07-SP"
227719;2019-08-09;"sexta-feira";"20:05:00";"DF";40;1;"BRASILIA";"Falta de Atenção à Condução";"Colisão lateral";"Com Vítimas Feridas";"Plena Noite";"Crescente";"Céu Claro";"Dupla";"Reta";"Sim";4;0;0;2;2;0;2;3;-15,985532;-47,987747;"SPRF-DF";"DEL01-DF";"UOP01-DEL01-DF"
227720;2019-08-09;"sexta-feira";"18:30:00";"RO";364;370,2;"OURO PRETO DO OESTE";"Falta de Atenção à Condução";"Saída de leito carroçável";"Com Vítimas Feridas";"Plena Noite";"Decrescente";"Céu Claro";"Simples";"Reta";"Não";3;0;3;0;0;0;3;1;-10,75957332;-62,14538311;"SPRF-RO";"DEL02-RO";"UOP01-DEL02-RO"
227721;2019-08-09;"sexta-feira";"19:55:00";"RS";101;31,8;"TRES CACHOEIRAS";"Desobediência às normas de trânsito pelo condutor";"Colisão transversal";"Com Vítimas Feridas";"Plena Noite";"Decrescente";"Nublado";"Dupla";"Rotatória";"Sim";4;0;2;1;1;0;3;2;-29,49593748;-49,97697294;"SPRF-RS";"DEL03-RS";"UOP02-DEL03-RS"
227722;2019-08-09;"sexta-feira";"19:30:00";"MA";135;4;"SAO LUIS";"Desobediência às normas de trânsito pelo condutor";"Colisão lateral";"Com Vítimas Feridas";"Plena Noite";"Decrescente";"Céu Claro";"Dupla";"Reta";"Não";3;0;0;1;2;0;1;2;-2,61330309;-44,25149202;"SPRF-MA";"DEL01-MA";"UOP01-DEL01-MA"
227723;2019-08-09;"sexta-feira";"17:20:00";"MT";70;732,2;"CACERES";"Falta de Atenção à Condução";"Colisão transversal";"Com Vítimas Feridas";"Pleno dia";"Decrescente";"Céu Claro";"Simples";"Reta";"Sim";2;0;1;0;1;0;1;2;-16,09171771;-57,68310612;"SPRF-MT";"DEL03-MT";"UOP01-DEL03-MT"
227724;2019-08-09;"sexta-feira";"19:40:00";"PR";369;189;"ARAPONGAS";"Falta de Atenção à Condução";"Colisão traseira";"Com Vítimas Feridas";"Plena Noite";"Crescente";"Céu Claro";"Simples";"Reta";"Sim";2;0;1;0;1;0;1;2;-23,43253788;-51,42225981;"SPRF-PR";"DEL07-PR";"UOP03-DEL07-PR"
227726;2019-08-09;"sexta-feira";"16:00:00";"SC";470;190;"POUSO REDONDO";"Falta de Atenção à Condução";"Colisão transversal";"Com Vítimas Feridas";"Pleno dia";"Decrescente";"Céu Claro";"Simples";"Curva";"Não";2;0;1;0;1;0;1;2;-27,281504;-50,069775;"SPRF-SC";"DEL04-SC";"UOP02-DEL04-SC"
227728;2019-08-09;"sexta-feira";"16:30:00";"SC";470;98,4;"APIUNA";"Falta de Atenção à Condução";"Colisão traseira";"Com Vítimas Feridas";"Pleno dia";"Crescente";"Céu Claro";"Simples";"Reta";"Sim";2;0;1;0;1;0;1;2;-27,032537;-49,385468;"SPRF-SC";"DEL04-SC";"UOP01-DEL04-SC"
227729;2019-08-09;"sexta-feira";"19:10:00";"PR";163;74,5;"PEROLA DOESTE";"Desobediência às normas de trânsito pelo condutor";"Colisão transversal";"Com Vítimas Feridas";"Plena Noite";"Crescente";"Céu Claro";"Simples";"Reta;Aclive";"Não";3;0;1;1;1;0;2;2;-25,765066;-53,797045;"SPRF-PR";"DEL02-PR";"UOP02-DEL02-PR"
227733;2019-08-09;"sexta-feira";"20:30:00";"ES";101;267,2;"SERRA";"Falta de Atenção à Condução";"Colisão transversal";"Com Vítimas Feridas";"Plena Noite";"Crescente";"Céu Claro";"Dupla";"Interseção de Vias";"Sim";2;0;1;0;1;0;1;2;-20,19930999;-40,26884609;"SPRF-ES";"DEL02-ES";"UOP01-DEL02-ES"
227734;2019-08-09;"sexta-feira";"20:10:00";"RJ";116;292;"PORTO REAL";"Defeito Mecânico no Veículo";"Incêndio";"Sem Vítimas";"Plena Noite";"Crescente";"Céu Claro";"Dupla";"Reta";"Não";1;0;0;0;1;0;0;1;-22,46511993;-44,28491095;"SPRF-RJ";"DEL07-RJ";"DEL5/7-UOP03/RJ"
227735;2019-08-09;"sexta-feira";"20:55:00";"SP";116;218,3;"GUARULHOS";"Falta de Atenção à Condução";"Colisão traseira";"Sem Vítimas";"Plena Noite";"Crescente";"Céu Claro";"Múltipla";"Reta";"Sim";2;0;0;0;2;0;0;2;-23,457972;-46,479927;"SPRF-SP";"DEL01-SP";"UOP01-DEL01-SP"
227736;2019-08-09;"sexta-feira";"20:50:00";"PR";376;236,2;"APUCARANA";"Ingestão de Álcool";"Colisão frontal";"Com Vítimas Feridas";"Plena Noite";"Decrescente";"Céu Claro";"Simples";"Em Obras";"Não";3;0;0;1;2;0;1;3;-23,58521682;-51,47297601;"SPRF-PR";"DEL07-PR";"UOP03-DEL07-PR"
227737;2019-08-09;"sexta-feira";"19:50:00";"SP";116;49;"LORENA";"Falta de Atenção do Pedestre";"Atropelamento de Pedestre";"Com Vítimas Feridas";"Plena Noite";"Decrescente";"Céu Claro";"Dupla";"Reta";"Não";3;0;0;1;1;1;1;2;-22,73051614;-45,0765859;"SPRF-SP";"DEL08-SP";"UOP01-DEL08-SP"
227741;2019-08-09;"sexta-feira";"20:35:00";"RJ";101;322;"NITEROI";"Ingestão de Álcool";"Atropelamento de Pedestre";"Com Vítimas Feridas";"Plena Noite";"Decrescente";"Céu Claro";"Múltipla";"Reta";"Sim";3;0;1;0;2;0;1;2;-22,87811264;-43,11050177;"SPRF-RJ";"DEL02-RJ";"UOP02-DEL02-RJ"
227742;2019-08-02;"sexta-feira";"12:10:00";"MG";251;486;"FRANCISCO SA";"Falta de Atenção à Condução";"Colisão frontal";"Com Vítimas Feridas";"Pleno dia";"Crescente";"Céu Claro";"Simples";"Reta";"Não";3;0;0;1;2;0;1;2;-16,51237466;-43,55209223;"SPRF-MG";"DEL12-MG";"UOP01-DEL12-MG"
227743;2019-08-09;"sexta-feira";"21:30:00";"RS";285;299,6;"PASSO FUNDO";"Desobediência às normas de trânsito pelo condutor";"Colisão transversal";"Com Vítimas Feridas";"Plena Noite";"Crescente";"Céu Claro";"Simples";"Reta";"Sim";2;0;1;0;1;0;1;2;-28,234184;-52,43314;"SPRF-RS";"DEL08-RS";"UOP03-DEL08-RS"
227744;2019-08-09;"sexta-feira";"17:30:00";"BA";101;270,6;"SANTO ANTONIO DE JESUS";"Velocidade Incompatível";"Colisão frontal";"Com Vítimas Fatais";"Anoitecer";"Crescente";"Chuva";"Simples";"Reta";"Não";4;3;0;1;0;0;1;2;-13,03197717;-39,28903688;"SPRF-BA";"DEL01-BA";"UOP02-DEL01-BA"
227745;2019-08-09;"sexta-feira";"22:00:00";"SC";470;70,8;"INDAIAL";"Não guardar distância de segurança";"Colisão traseira";"Com Vítimas Feridas";"Plena Noite";"Crescente";"Ignorado";"Simples";"Reta";"Não";2;0;1;0;1;0;1;2;-26,889374;-49,254478;"SPRF-SC";"DEL04-SC";"UOP01-DEL04-SC"
227748;2019-08-09;"sexta-feira";"20:00:00";"MG";262;10,4;"MARTINS SOARES";"Falta de Atenção à Condução";"Tombamento";"Com Vítimas Feridas";"Plena Noite";"Crescente";"Nublado";"Dupla";"Declive";"Não";2;0;2;0;0;0;2;1;-20,243893;-41,838654;"SPRF-MG";"DEL06-MG";"UOP03-DEL06-MG"
227749;2019-08-09;"sexta-feira";"23:00:00";"RJ";40;120;"DUQUE DE CAXIAS";"Falta de Atenção à Condução";"Queda de ocupante de veículo";"Com Vítimas Feridas";"Plena Noite";"Decrescente";"Céu Claro";"Múltipla";"Reta";"Sim";1;0;1;0;0;0;1;1;-22,77280597;-43,28626763;"SPRF-RJ";"DEL01-RJ";"UOP01-DEL01-RJ"
227750;2019-08-09;"sexta-feira";"21:50:00";"SC";282;217,9;"LAGES";"Sinalização da via insuficiente ou inadequada";"Atropelamento de Pedestre";"Com Vítimas Fatais";"Plena Noite";"Crescente";"Céu Claro";"Simples";"Reta";"Sim";3;1;0;0;0;2;0;2;-27,797916;-50,302944;"SPRF-SC";"DEL05-SC";"UOP01-DEL05-SC"
227752;2019-08-09;"sexta-feira";"23:00:00";"SP";116;144;"SAO JOSE DOS CAMPOS";"Ingestão de Álcool";"Colisão traseira";"Sem Vítimas";"Plena Noite";"Decrescente";"Céu Claro";"Dupla";"Reta";"Não";2;0;0;0;2;0;0;2;-23,18274416;-45,84633592;"SPRF-SP";"DEL02-SP";"UOP01-DEL02-SP"
227754;2019-08-09;"sexta-feira";"23:30:00";"ES";262;157;"IBATIBA";"Animais na Pista";"Atropelamento de Animal";"Com Vítimas Feridas";"Plena Noite";"Decrescente";"Céu Claro";"Simples";"Reta";"Sim";1;0;0;1;0;0;1;1;-20,23102878;-41,48810903;"SPRF-ES";"DEL01-ES";"UOP02-DEL01-ES"
227755;2019-08-09;"sexta-feira";"23:40:00";"RJ";393;178;"PARAIBA DO SUL";"Falta de Atenção à Condução";"Saída de leito carroçável";"Com Vítimas Feridas";"Plena Noite";"Crescente";"Céu Claro";"Simples";"Aclive;Curva;Em Obras";"Sim";2;0;1;0;0;1;1;2;-22,12634272;-43,22811953;"SPRF-RJ";"DEL05-RJ";"UOP03-DEL05-RJ"
227756;2019-08-09;"sexta-feira";"22:35:00";"PR";376;92;"PARANAVAI";"Desobediência às normas de trânsito pelo condutor";"Colisão traseira";"Com Vítimas Feridas";"Plena Noite";"Decrescente";"Céu Claro";"Simples";"Reta";"Não";2;0;1;0;0;1;1;2;-23,00536583;-52,54748191;"SPRF-PR";"DEL07-PR";"UOP02-DEL09-PR"
227757;2019-08-09;"sexta-feira";"23:30:00";"BA";116;471;"SANTO ESTEVAO";"Ingestão de Álcool";"Saída de leito carroçável";"Com Vítimas Feridas";"Plena Noite";"Decrescente";"Chuva";"Dupla";"Reta";"Não";1;0;1;0;0;0;1;1;-12,47244824;-39,29477088;"SPRF-BA";"DEL02-BA";"UOP01-DEL02-BA"
227758;2019-08-09;"sexta-feira";"19:40:00";"PE";232;17;"JABOATAO DOS GUARARAPES";"Defeito Mecânico no Veículo";"Incêndio";"Sem Vítimas";"Plena Noite";"Decrescente";"Céu Claro";"Simples";"Reta";"Sim";1;0;0;0;1;0;0;1;-8,09565202;-35,04581599;"SPRF-PE";"DEL01-PE";"UOP01-DEL01-PE"
227759;2019-08-09;"sexta-feira";"21:40:00";"RO";364;424,9;"JARU";"Falta de Atenção à Condução";"Tombamento";"Com Vítimas Feridas";"Plena Noite";"Decrescente";"Céu Claro";"Dupla";"Reta";"Sim";1;0;1;0;0;0;1;1;-10,43752488;-62,47169791;"SPRF-RO";"DEL03-RO";"UOP02-DEL03-RO"
227762;2019-08-10;"sábado";"00:30:00";"PR";369;190;"ARAPONGAS";"Desobediência às normas de trânsito pelo condutor";"Colisão transversal";"Com Vítimas Feridas";"Plena Noite";"Decrescente";"Céu Claro";"Dupla";"Retorno Regulamentado";"Sim";3;0;0;1;2;0;1;2;-23,44812411;-51,42322004;"SPRF-PR";"DEL07-PR";"UOP03-DEL07-PR"
227763;2019-08-09;"sexta-feira";"13:20:00";"PE";232;325;"CUSTODIA";"Ultrapassagem Indevida";"Saída de leito carroçável";"Com Vítimas Feridas";"Pleno dia";"Crescente";"Céu Claro";"Simples";"Curva";"Não";1;0;1;0;0;0;1;1;-8,0924513;-37,57552207;"SPRF-PE";"DEL03-PE";"UOP02-DEL03-PE"
227764;2019-08-09;"sexta-feira";"17:30:00";"PE";232;228,7;"PESQUEIRA";"Falta de Atenção à Condução";"Colisão transversal";"Com Vítimas Feridas";"Pleno dia";"Crescente";"Nublado";"Simples";"Reta";"Não";2;0;2;0;0;0;2;2;-8,40024807;-36,86199546;"SPRF-PE";"DEL03-PE";"UOP02-DEL03-PE"
227765;2019-08-09;"sexta-feira";"22:30:00";"BA";101;887,2;"TEIXEIRA DE FREITAS";"Ingestão de Álcool";"Atropelamento de Pedestre";"Com Vítimas Fatais";"Plena Noite";"Crescente";"Nublado";"Simples";"Reta";"Não";2;1;0;0;1;0;0;2;-17,60255585;-39,75045294;"SPRF-BA";"DEL09-BA";"UOP02-DEL09-BA"
227767;2019-08-10;"sábado";"00:40:00";"PR";277;723,6;"FOZ DO IGUACU";"Mal Súbito";"Queda de ocupante de veículo";"Com Vítimas Feridas";"Plena Noite";"Crescente";"Nublado";"Dupla";"Reta";"Sim";1;0;1;0;0;0;1;1;-25,49878215;-54,52985294;"SPRF-PR";"DEL05-PR";"UOP01-DEL05-PR"