"id";"data_inversa";"dia_semana";"horario";"uf";"br";"km";"municipio";"causa_acidente";"tipo_acidente";"classificacao_acidente";"fase_dia";"sentido_via";"condicao_metereologica";"tipo_pista";"tracado_via";"uso_solo";"pessoas";"mortos";"feridos_leves";"feridos_graves";"ilesos";"ignorados";"feridos";"veiculos";"latitude";"longitude";"regional";"delegacia";"uop"
227877;2019-08-10;"sábado";"09:15:00";"CE";116;120,6;"RUSSAS";"Defeito na Via";"Saída de leito carroçável";"Com Vítimas Feridas";"Pleno dia";"Crescente";"Céu Claro";"Simples";"Reta";"Não";4;0;2;0;2;0;2;1;-4,63528575;-38,16890717;"SPRF-CE";"DEL03-CE";"UOP01-DEL03-CE"
227878;2019-08-10;"sábado";"12:10:00";"RS";285;267,8;"MATO CASTELHANO";"Desobediência às normas de trânsito pelo condutor";"Saída de leito carroçável";"Com Vítimas Feridas";"Pleno dia";"Decrescente";"Nublado";"Simples";"Reta";"Não";1;0;1;0;0;0;1;1;-28,301479;-52,145184;"SPRF-RS";"DEL08-RS";"UOP03-DEL08-RS"
227879;2019-08-10;"sábado";"13:38:00";"PR";277;730;"FOZ DO IGUACU";"Defeito Mecânico no Veículo";"Colisão traseira";"Com Vítimas Feridas";"Pleno dia";"Decrescente";"Céu Claro";"Simples";"Declive";"Sim";4;0;1;0;3;0;1;3;-25,50826305;-54,59238593;"SPRF-PR";"DEL05-PR";"UOP03-DEL05-PR"
227882;2019-08-10;"sábado";"13:30:00";"GO";40;5;"VALPARAISO DE GOIAS";"Falta de Atenção à Condução";"Colisão traseira";"Sem Vítimas";"Pleno dia";"Crescente";"Céu Claro";"Dupla";"Reta";"Sim";2;0;0;0;2;0;0;2;-16,093134;-47,982236;"SPRF-DF";"DEL01-DF";"UOP01-DEL01-DF"
227883;2019-08-10;"sábado";"14:20:00";"SC";280;72,5;"JARAGUA DO SUL";"Pista Escorregadia";"Tombamento";"Com Vítimas Feridas";"Pleno dia";"Crescente";"Céu Claro";"Simples";"Rotatória";"Sim";2;0;1;0;1;0;1;1;-26,45955419;-49,14342101;"SPRF-SC";"DEL03-SC";"UOP03-DEL03-SC"
227886;2019-08-10;"sábado";"14:10:00";"GO";40;7;"LUZIANIA";"Falta de Atenção à Condução";"Colisão traseira";"Com Vítimas Feridas";"Pleno dia";"Decrescente";"Céu Claro";"Dupla";"Reta";"Não";3;0;2;0;1;0;2;2;-16,108482;-47,972524;"SPRF-DF";"DEL01-DF";"UOP01-DEL01-DF"
227887;2019-08-10;"sábado";"14:20:00";"AL";101;233,9;"PORTO REAL DO COLEGIO";"Velocidade Incompatível";"Capotamento";"Com Vítimas Feridas";"Pleno dia";"Decrescente";"Nublado";"Dupla";"Curva";"Não";1;0;1;0;0;0;1;1;-10,111852;-36,76145554;"SPRF-AL";"DEL02-AL";"UOP02-DEL02-AL"
227888;2019-08-10;"sábado";"14:40:00";"SC";101;373,9;"ICARA";"Defeito Mecânico no Veículo";"Saída de leito carroçável";"Com Vítimas Feridas";"Pleno dia";"Crescente";"Céu Claro";"Dupla";"Reta";"Não";2;0;2;0;0;0;2;1;-28,7132671;-49,21763596;"SPRF-SC";"DEL02-SC";"UOP01-DEL02-SC"
227890;2019-08-10;"sábado";"13:35:00";"SE";235;57,3;"ITABAIANA";"Falta de Atenção à Condução";"Colisão transversal";"Com Vítimas Feridas";"Pleno dia";"Crescente";"Nublado";"Simples";"Reta";"Sim";2;0;1;0;1;0;1;2;-10,650009;-37,451248;"SPRF-SE";"DEL01-SE";"UOP02-DEL01-SE"
227892;2019-08-10;"sábado";"14:10:00";"MG";40;528,3;"CONTAGEM";"Falta de Atenção à Condução";"Colisão traseira";"Com Vítimas Feridas";"Pleno dia";"Crescente";"Céu Claro";"Dupla";"Curva";"Sim";3;0;1;0;1;1;1;3;-19,91302776;-44,04086351;"SPRF-MG";"DEL01-MG";"UOP02-DEL01-MG"
227893;2019-08-10;"sábado";"15:00:00";"GO";40;5;"VALPARAISO DE GOIAS";"Falta de Atenção do Pedestre";"Atropelamento de Pedestre";"Com Vítimas Feridas";"Pleno dia";"Crescente";"Céu Claro";"Dupla";"Reta";"Sim";2;0;1;0;1;0;1;2;-16,093134;-47,982236;"SPRF-DF";"DEL01-DF";"UOP01-DEL01-DF"
227894;2019-08-10;"sábado";"14:00:00";"RJ";393;175;"TRES RIOS";"Falta de Atenção à Condução";"Colisão traseira";"Com Vítimas Feridas";"Pleno dia";"Decrescente";"Céu Claro";"Simples";"Rotatória";"Sim";2;0;1;0;1;0;1;2;-22,12309905;-43,20363803;"SPRF-RJ";"DEL06-RJ";"UOP01-DEL05-RJ"
227896;2019-08-10;"sábado";"13:00:00";"BA";410;21;"TUCANO";"Defeito Mecânico no Veículo";"Colisão lateral";"Com Vítimas Feridas";"Pleno dia";"Crescente";"Céu Claro";"Simples";"Reta";"Não";5;0;1;0;4;0;1;2;-10,916906;-38,69033;"SPRF-BA";"DEL07-BA";"UOP02-DEL07-BA"
227899;2019-08-10;"sábado";"14:20:00";"GO";153;574,8;"PROFESSOR JAMIL";"Falta de Atenção à Condução";"Saída de leito carroçável";"Com Vítimas Feridas";"Pleno dia";"Crescente";"Céu Claro";"Dupla";"Reta";"Não";2;0;1;0;1;0;1;1;-17,3387;-49,2399;"SPRF-GO";"DEL03-GO";"UOP01-DEL03-GO"
227901;2019-08-10;"sábado";"15:45:00";"SP";116;139;"SAO JOSE DOS CAMPOS";"Defeito Mecânico no Veículo";"Tombamento";"Com Vítimas Feridas";"Pleno dia";"Crescente";"Céu Claro";"Dupla";"Reta";"Não";3;0;1;0;2;0;1;3;-23,16153216;-45,80400592;"SPRF-SP";"DEL06-SP";"UOP02-DEL02-SP"
227903;2019-08-10;"sábado";"11:10:00";"RO";364;16;"VILHENA";"Ingestão de Álcool";"Colisão traseira";"Sem Vítimas";"Pleno dia";"Crescente";"Céu Claro";"Simples";"Reta";"Sim";6;0;0;0;6;0;0;2;-12,73437947;-60,15696986;"SPRF-RO";"DEL04-RO";"UOP01-DEL04-RO"
227905;2019-08-10;"sábado";"12:20:00";"RS";470;205;"BENTO GONCALVES";"Ingestão de Álcool";"Saída de leito carroçável";"Sem Vítimas";"Pleno dia";"Crescente";"Céu Claro";"Simples";"Reta";"Não";3;0;0;0;1;2;0;2;-29,08303999;-51,56096429;"SPRF-RS";"DEL06-RS";"UOP01-DEL06-RS"
227907;2019-08-10;"sábado";"14:05:00";"PA";230;622,7;"VITORIA DO XINGU";"Falta de Atenção à Condução";"Saída de leito carroçável";"Com Vítimas Feridas";"Pleno dia";"Decrescente";"Céu Claro";"Simples";"Reta;Declive";"Não";1;0;1;0;0;0;1;1;-3,17014185;-52,088718;"SPRF-PA";"DEL04-PA";"UOP01-DEL04-PA"
227908;2019-08-10;"sábado";"12:00:00";"GO";60;175,8;"ABADIA DE GOIAS";"Falta de Atenção do Pedestre";"Atropelamento de Pedestre";"Com Vítimas Feridas";"Pleno dia";"Crescente";"Sol";"Dupla";"Reta";"Sim";2;0;1;0;1;0;1;2;-16,7519;-49,4317;"SPRF-GO";"DEL01-GO";"UOP02-DEL01-GO"
227909;2019-08-10;"sábado";"16:00:00";"RJ";116;311,8;"ITATIAIA";"Desobediência às normas de trânsito pelo condutor";"Queda de ocupante de veículo";"Com Vítimas Feridas";"Pleno dia";"Crescente";"Sol";"Dupla";"Reta";"Não";2;0;0;1;1;0;1;1;-22,46086624;-44,44296321;"SPRF-RJ";"DEL07-RJ";"DEL5/7-UOP03/RJ"
227910;2019-08-10;"sábado";"15:50:00";"PR";116;130;"FAZENDA RIO GRANDE";"Carga excessiva e/ou mal acondicionada";"Colisão com objeto em movimento";"Com Vítimas Feridas";"Pleno dia";"Crescente";"Céu Claro";"Dupla";"Reta";"Não";1;0;1;0;0;0;1;1;-25,67391525;-49,3155707;"SPRF-PR";"DEL01-PR";"UOP03-DEL01-PR"
227912;2019-08-10;"sábado";"16:10:00";"SC";101;207;"SAO JOSE";"Falta de Atenção à Condução";"Colisão lateral";"Com Vítimas Feridas";"Pleno dia";"Crescente";"Céu Claro";"Dupla";"Reta";"Sim";2;0;1;0;1;0;1;2;-27,60001226;-48,6226467;"SPRF-SC";"DEL01-SC";"UOP01-DEL01-SC"
227913;2019-08-10;"sábado";"13:00:00";"PA";230;595,3;"VITORIA DO XINGU";"Condutor Dormindo";"Saída de leito carroçável";"Com Vítimas Feridas";"Pleno dia";"Crescente";"Céu Claro";"Simples";"Reta";"Não";1;0;1;0;0;0;1;1;-3,09730101;-51,875238;"SPRF-PA";"DEL04-PA";"UOP01-DEL04-PA"
227915;2019-08-10;"sábado";"16:50:00";"DF";20;12,3;"BRASILIA";"Falta de Atenção à Condução";"Capotamento";"Com Vítimas Feridas";"Pleno dia";"Crescente";"Céu Claro";"Dupla";"Reta";"Sim";3;0;1;0;2;0;1;1;-15,642812;-47,757786;"SPRF-DF";"DEL02-DF";"UOP01-DEL02-DF"
227916;2019-08-10;"sábado";"15:45:00";"MT";174;6;"PONTES E LACERDA";"Desobediência às normas de trânsito pelo condutor";"Colisão lateral";"Com Vítimas Feridas";"Pleno dia";"Crescente";"Céu Claro";"Simples";"Reta";"Sim";3;0;2;0;1;0;2;2;-15,22754578;-59,33750153;"SPRF-MT";"DEL04-MT";"UOP01-DEL04-MT"
227917;2019-08-10;"sábado";"16:30:00";"PR";163;22,8;"SANTO ANTONIO DO SUDOESTE";"Desobediência às normas de trânsito pelo condutor";"Colisão frontal";"Com Vítimas Feridas";"Pleno dia";"Decrescente";"Céu Claro";"Simples";"Reta";"Não";4;0;0;4;0;0;4;2;-26,1942302;-53,64766821;"SPRF-PR";"DEL02-PR";"UOP02-DEL02-PR"
227919;2019-08-10;"sábado";"17:35:00";"MG";50;55,3;"UBERLANDIA";"Falta de Atenção à Condução";"Saída de leito carroçável";"Sem Vítimas";"Pleno dia";"Decrescente";"Céu Claro";"Dupla";"Reta";"Não";1;0;0;0;1;0;0;1;-18,77885251;-48,23884325;"SPRF-MG";"DEL15-MG";"UOP02-DEL15-MG"
227920;2019-08-10;"sábado";"17:20:00";"RS";290;91;"PORTO ALEGRE";"Falta de Atenção à Condução";"Saída de leito carroçável";"Com Vítimas Feridas";"Pleno dia";"Crescente";"Céu Claro";"Dupla";"Reta";"Não";1;0;1;0;0;0;1;1;-29,969055;-51,167439;"SPRF-RS";"DEL01-RS";"UOP01-DEL01-RS"
227921;2019-08-10;"sábado";"16:20:00";"PR";376;592;"CURITIBA";"Desobediência às normas de trânsito pelo condutor";"Saída de leito carroçável";"Com Vítimas Feridas";"Pleno dia";"Crescente";"Céu Claro";"Dupla";"Reta";"Sim";2;0;1;0;0;1;1;1;-25,47984808;-49,3494472;"SPRF-PR";"DEL01-PR";"UOP06-DEL01-PR"
227922;2019-08-10;"sábado";"17:20:00";"PR";369;150;"LONDRINA";"Ingestão de Álcool";"Colisão transversal";"Com Vítimas Feridas";"Pleno dia";"Crescente";"Céu Claro";"Dupla";"Reta;Interseção de Vias";"Sim";5;0;0;1;2;2;1;3;-23,29278389;-51,16281241;"SPRF-PR";"DEL07-PR";"UOP01-DEL07-PR"
227924;2019-08-10;"sábado";"17:00:00";"SC";280;58;"GUARAMIRIM";"Falta de Atenção à Condução";"Colisão transversal";"Com Vítimas Feridas";"Pleno dia";"Decrescente";"Céu Claro";"Simples";"Reta";"Sim";2;0;1;0;1;0;1;2;-26,47415593;-49,021211;"SPRF-SC";"DEL03-SC";"UOP03-DEL03-SC"
227925;2019-08-10;"sábado";"18:01:00";"SC";101;131,5;"CAMBORIU";"Falta de Atenção à Condução";"Colisão transversal";"Com Vítimas Feridas";"Plena Noite";"Crescente";"Céu Claro";"Simples";"Interseção de Vias";"Sim";2;0;0;1;1;0;1;2;-26,99476302;-48,65953624;"SPRF-SC";"DEL04-SC";"UOP03-DEL04-SC"
227927;2019-08-10;"sábado";"14:30:00";"MG";116;416;"GOVERNADOR VALADARES";"Falta de Atenção à Condução";"Colisão transversal";"Com Vítimas Feridas";"Pleno dia";"Decrescente";"Sol";"Simples";"Retorno Regulamentado";"Sim";3;0;0;2;1;0;2;2;-18,89599914;-41,94777489;"SPRF-MG";"DEL06-MG";"UOP01-DEL06-MG"
227929;2019-08-10;"sábado";"18:35:00";"PR";376;248;"APUCARANA";"Desobediência às normas de trânsito pelo condutor";"Colisão transversal";"Com Vítimas Feridas";"Anoitecer";"Crescente";"Céu Claro";"Simples";"Curva";"Sim";6;0;0;2;4;0;2;2;-23,62178992;-51,38837894;"SPRF-PR";"DEL07-PR";"UOP03-DEL07-PR"
227930;2019-08-10;"sábado";"18:20:00";"MG";381;700,7;"LAVRAS";"Defeito Mecânico no Veículo";"Capotamento";"Sem Vítimas";"Plena Noite";"Decrescente";"Nublado";"Múltipla";"Curva";"Não";1;0;0;0;1;0;0;1;-21,31137883;-45,16451703;"SPRF-MG";"DEL04-MG";"UOP02-DEL04-MG"
227931;2019-08-10;"sábado";"18:40:00";"RS";293;177,9;"BAGE";"Defeito na Via";"Queda de ocupante de veículo";"Com Vítimas Feridas";"Plena Noite";"Decrescente";"Céu Claro";"Simples";"Reta";"Não";2;0;1;0;1;0;1;1;-31,31009272;-54,0218649;"SPRF-RS";"DEL11-RS";"UOP03-DEL11-RS"
227932;2019-08-10;"sábado";"18:35:00";"PE";424;94;"GARANHUNS";"Falta de Atenção à Condução";"Colisão traseira";"Com Vítimas Feridas";"Plena Noite";"Decrescente";"Céu Claro";"Simples";"Aclive";"Não";2;0;0;1;1;0;1;2;-8,91590392;-36,48883344;"SPRF-PE";"DEL03-PE";"UOP01-DEL03-PE"
227933;2019-08-10;"sábado";"19:00:00";"SC";101;136;"BALNEARIO CAMBORIU";"Falta de Atenção à Condução";"Colisão traseira";"Com Vítimas Feridas";"Plena Noite";"Decrescente";"Céu Claro";"Dupla";"Reta";"Sim";2;0;1;0;1;0;1;2;-27,008113;-48,617245;"SPRF-SC";"DEL04-SC";"UOP03-DEL04-SC"
227934;2019-08-10;"sábado";"18:35:00";"GO";153;429,1;"ANAPOLIS";"Falta de Atenção à Condução";"Queda de ocupante de veículo";"Com Vítimas Feridas";"Anoitecer";"Decrescente";"Céu Claro";"Simples";"Reta";"Não";2;0;1;1;0;0;2;1;-16,245422;-49,001404;"SPRF-GO";"DEL02-GO";"UOP01-DEL02-GO"
227935;2019-08-10;"sábado";"19:20:00";"PR";277;2,3;"PARANAGUA";"Falta de Atenção à Condução";"Colisão transversal";"Com Vítimas Feridas";"Plena Noite";"Decrescente";"Nublado";"Dupla";"Reta";"Sim";2;0;2;0;0;0;2;2;-25,5457936;-48,54393658;"SPRF-PR";"DEL01-PR";"UOP05-DEL01-PR"
227936;2019-08-10;"sábado";"19:20:00";"MG";459;82,9;"CONGONHAL";"Ingestão de Álcool";"Colisão lateral";"Com Vítimas Feridas";"Plena Noite";"Decrescente";"Céu Claro";"Simples";"Reta";"Sim";2;0;1;0;1;0;1;2;-22,155767;-46,081566;"SPRF-MG";"DEL16-MG";"UOP01-DEL09-MG"
227937;2019-08-10;"sábado";"19:00:00";"SP";116;151;"SAO JOSE DOS CAMPOS";"Falta de Atenção à Condução";"Colisão lateral";"Com Vítimas Feridas";"Plena Noite";"Decrescente";"Céu Claro";"Múltipla";"Reta";"Não";2;0;1;0;1;0;1;2;-23,21980694;-45,89991605;"SPRF-SP";"DEL02-SP";"UOP01-DEL02-SP"
227938;2019-08-10;"sábado";"18:10:00";"ES";101;148,9;"LINHARES";"Desobediência às normas de trânsito pelo condutor";"Colisão transversal";"Com Vítimas Feridas";"Anoitecer";"Decrescente";"Céu Claro";"Múltipla";"Reta";"Sim";3;0;2;0;1;0;2;2;-19,38787399;-40,06752766;"SPRF-ES";"DEL04-ES";"UOP01-DEL04-ES"
227939;2019-08-10;"sábado";"19:05:00";"SP";153;47,9;"SAO JOSE DO RIO PRETO";"Ingestão de Álcool";"Saída de leito carroçável";"Com Vítimas Fatais";"Plena Noite";"Crescente";"Céu Claro";"Simples";"Ponte";"Não";1;1;0;0;0;0;0;1;-20,68199298;-49,34015562;"SPRF-SP";"DEL09-SP";"UOP01-DEL09-SP"
227941;2019-08-10;"sábado";"19:30:00";"SC";101;209;"SAO JOSE";"Ingestão de Álcool";"Colisão traseira";"Com Vítimas Feridas";"Plena Noite";"Decrescente";"Nublado";"Múltipla";"Reta";"Sim";2;0;1;0;1;0;1;2;-27,61000542;-48,63895057;"SPRF-SC";"DEL01-SC";"UOP01-DEL01-SC"
227943;2019-08-10;"sábado";"16:20:00";"PB";230;51;"CRUZ DO ESPIRITO SANTO";"Avarias e/ou desgaste excessivo no pneu";"Tombamento";"Com Vítimas Feridas";"Anoitecer";"Crescente";"Céu Claro";"Dupla";"Reta";"Não";2;0;2;0;0;0;2;1;-7,1951;-35,0691;"SPRF-PB";"DEL01-PB";"UOP03-DEL01-PB"
227944;2019-08-10;"sábado";"19:40:00";"RS";116;156;"CAXIAS DO SUL";"Ingestão de Álcool";"Colisão frontal";"Com Vítimas Feridas";"Plena Noite";"Crescente";"Céu Claro";"Dupla";"Curva";"Sim";3;0;0;1;2;0;1;2;-29,20731013;-51,17757864;"SPRF-RS";"DEL05-RS";"UOP01-DEL05-RS"
227945;2019-08-10;"sábado";"19:25:00";"PB";230;44;"SANTA RITA";"Ingestão de álcool e/ou substâncias psicoativas pelo pedestre";"Saída de leito carroçável";"Com Vítimas Feridas";"Plena Noite";"Crescente";"Céu Claro";"Dupla";"Reta";"Não";1;0;1;0;0;0;1;1;-7,1531;-35,0102;"SPRF-PB";"DEL01-PB";"UOP03-DEL01-PB"
227946;2019-08-10;"sábado";"17:00:00";"RN";427;145,9;"SERRA NEGRA DO NORTE";"Falta de Atenção à Condução";"Colisão frontal";"Sem Vítimas";"Pleno dia";"Decrescente";"Sol";"Simples";"Reta";"Sim";3;0;0;0;3;0;0;2;-6,66146841;-37,39721089;"SPRF-RN";"DEL03-RN";"UOP01-DEL03-RN"
227947;2019-08-10;"sábado";"19:30:00";"ES";101;272;"SERRA";"Falta de Atenção à Condução";"Colisão com objeto estático";"Com Vítimas Fatais";"Plena Noite";"Decrescente";"Céu Claro";"Dupla";"Reta";"Sim";3;2;0;0;1;0;0;2;-20,22724888;-40,28426988;"SPRF-ES";"DEL02-ES";"UOP01-DEL02-ES"
227948;2019-08-10;"sábado";"19:40:00";"RJ";493;22;"MAGE";"Desobediência às normas de trânsito pelo condutor";"Colisão lateral";"Com Vítimas Feridas";"Plena Noite";"Crescente";"Céu Claro";"Simples";"Reta";"Não";2;0;1;0;1;0;1;2;-22,659311;-43,053303;"SPRF-RJ";"DEL04-RJ";"UOP02-DEL04-RJ"
227950;2019-08-10;"sábado";"18:00:00";"MG";365;614;"UBERLANDIA";"Desobediência às normas de trânsito pelo condutor";"Colisão traseira";"Sem Vítimas";"Anoitecer";"Decrescente";"Céu Claro";"Simples";"Reta";"Sim";2;0;0;0;2;0;0;2;-18,91294074;-48,21856039;"SPRF-MG";"DEL15-MG";"UOP01-DEL15-MG"
227951;2019-08-10;"sábado";"20:00:00";"RJ";393;293;"BARRA MANSA";"Ingestão de Álcool";"Atropelamento de Pedestre";"Com Vítimas Feridas";"Plena Noite";"Crescente";"Céu Claro";"Dupla";"Reta";"Sim";3;0;1;0;1;1;1;2;-22,51745661;-44,11043815;"SPRF-RJ";"DEL05-RJ";"UOP04-DEL05-RJ"
227952;2019-08-10;"sábado";"20:10:00";"SP";101;49,4;"UBATUBA";"Restrição de Visibilidade";"Colisão transversal";"Com Vítimas Feridas";"Plena Noite";"Crescente";"Céu Claro";"Simples";"Reta";"Sim";3;0;1;0;2;0;1;2;-23,44940221;-45,07831742;"SPRF-SP";"DEL06-SP";"UOP01-DEL06-SP"
227954;2019-08-10;"sábado";"18:30:00";"MG";381;686;"LAVRAS";"Ingestão de Álcool";"Colisão lateral";"Sem Vítimas";"Plena Noite";"Crescente";"Céu Claro";"Dupla";"Curva";"Não";1;0;0;0;1;0;0;1;-21,20030689;-45,11944438;"SPRF-MG";"DEL04-MG";"UOP02-DEL04-MG"
227955;2019-08-10;"sábado";"19:35:00";"MS";163;258,8;"DOURADOS";"Falta de Atenção do Pedestre";"Atropelamento de Pedestre";"Com Vítimas Fatais";"Plena Noite";"Decrescente";"Céu Claro";"Dupla";"Reta";"Não";2;1;0;0;1;0;0;2;-22,25579935;-54,77902561;"SPRF-MS";"DEL04-MS";"UOP01-DEL04-MS"
227956;2019-08-10;"sábado";"18:20:00";"SC";280;28,4;"ARAQUARI";"Falta de Atenção à Condução";"Colisão traseira";"Sem Vítimas";"Plena Noite";"Decrescente";"Garoa/Chuvisco";"Simples";"Reta";"Sim";2;0;0;0;2;0;0;2;-26,40450077;-48,74561031;"SPRF-SC";"DEL03-SC";"UOP03-DEL03-SC"
227957;2019-08-10;"sábado";"18:00:00";"MT";163;851;"SINOP";"Ingestão de Álcool";"Colisão traseira";"Com Vítimas Feridas";"Plena Noite";"Decrescente";"Céu Claro";"Simples";"Declive;Reta";"Não";2;0;1;0;1;0;1;2;-11,7227;-55,45919;"SPRF-MT";"DEL06-MT";"UOP02-DEL06-MT"
227958;2019-08-10;"sábado";"16:00:00";"SC";470;100,4;"APIUNA";"Falta de Atenção à Condução";"Colisão traseira";"Com Vítimas Feridas";"Pleno dia";"Crescente";"Céu Claro";"Simples";"Reta";"Não";2;0;0;1;1;0;1;2;-27,045143;-49,394142;"SPRF-SC";"DEL04-SC";"UOP02-DEL04-SC"
227959;2019-08-10;"sábado";"16:30:00";"SC";470;164;"TROMBUDO CENTRAL";"Falta de Atenção à Condução";"Colisão transversal";"Com Vítimas Feridas";"Pleno dia";"Decrescente";"Sol";"Simples";"Declive";"Não";2;0;0;1;1;0;1;2;-27,278645;-49,836048;"SPRF-SC";"DEL04-SC";"UOP02-DEL04-SC"
227960;2019-08-10;"sábado";"19:00:00";"PE";232;63,6;"GRAVATA";"Defeito Mecânico no Veículo";"Incêndio";"Sem Vítimas";"Plena Noite";"Crescente";"Nublado";"Simples";"Reta";"Não";2;0;0;0;2;0;0;1;-8,15842797;-35,43147902;"SPRF-PE";"DEL01-PE";"UOP02-DEL02PE"
227961;2019-08-10;"sábado";"20:00:00";"PR";476;295;"SAO MATEUS DO SUL";"Falta de Atenção à Condução";"Colisão transversal";"Com Vítimas Feridas";"Plena Noite";"Crescente";"Nublado";"Simples";"Reta";"Não";2;0;1;0;1;0;1;2;-25,960152;-50,522354;"SPRF-PR";"DEL02-PR";"UOP04-DEL02-PR"
227962;2019-08-10;"sábado";"20:50:00";"PI";343;3,8;"TERESINA";"Não guardar distância de segurança";"Engavetamento";"Sem Vítimas";"Plena Noite";"Crescente";"Céu Claro";"Múltipla";"Em Obras;Reta";"Sim";3;0;0;0;3;0;0;3;-5,08046953;-42,78324187;"SPRF-PI";"DEL01-PI";"UOP01-DEL01-PI"
227964;2019-08-10;"sábado";"20:00:00";"PI";316;1,8;"TERESINA";"Desobediência às normas de trânsito pelo condutor";"Colisão transversal";"Com Vítimas Feridas";"Plena Noite";"Decrescente";"Céu Claro";"Dupla";"Reta";"Sim";2;0;0;1;1;0;1;2;-5,12861853;-42,80706778;"SPRF-PI";"DEL01-PI";"UOP02-DEL01-PI"
227965;2019-08-10;"sábado";"20:00:00";"SC";101;390,3;"CRICIUMA";"Desobediência às normas de trânsito pelo condutor";"Tombamento";"Com Vítimas Feridas";"Plena Noite";"Crescente";"Céu Claro";"Dupla";"Rotatória";"Não";4;0;2;0;0;2;2;3;-28,806917;-49,375032;"SPRF-SC";"DEL02-SC";"UOP02-DEL02-SC"
227966;2019-08-10;"sábado";"20:30:00";"SC";101;201,2;"SAO JOSE";"Defeito Mecânico no Veículo";"Saída de leito carroçável";"Com Vítimas Feridas";"Plena Noite";"Crescente";"Céu Claro";"Simples";"Reta";"Sim";2;0;1;0;1;0;1;1;-27,54836599;-48,61977975;"SPRF-SC";"DEL01-SC";"UOP01-DEL01-SC"
227967;2019-08-10;"sábado";"21:10:00";"ES";101;164;"LINHARES";"Não guardar distância de segurança";"Colisão traseira";"Com Vítimas Feridas";"Pleno dia";"Crescente";"Nublado";"Simples";"Reta";"Não";2;0;1;0;1;0;1;2;-19,50607582;-40,13470026;"SPRF-ES";"DEL04-ES";"UOP01-DEL04-ES"
227968;2019-08-10;"sábado";"21:10:00";"GO";153;493;"GOIANIA";"Restrição de Visibilidade";"Queda de ocupante de veículo";"Com Vítimas Feridas";"Plena Noite";"Decrescente";"Ignorado";"Dupla";"Declive;Reta";"Sim";1;0;0;1;0;0;1;1;-16,6537;-49,2172;"SPRF-GO";"DEL01-GO";"UOP01-DEL01-GO"
227969;2019-08-10;"sábado";"21:15:00";"GO";60;91,3;"ANAPOLIS";"Ingestão de Álcool";"Colisão lateral";"Sem Vítimas";"Plena Noite";"Decrescente";"Céu Claro";"Dupla";"Reta";"Sim";2;0;0;0;2;0;0;2;-16,3491;-48,9095;"SPRF-GO";"DEL02-GO";"UOP01-DEL02-GO"
227970;2019-08-10;"sábado";"21:15:00";"RS";285;277;"MATO CASTELHANO";"Animais na Pista";"Atropelamento de Animal";"Com Vítimas Feridas";"Plena Noite";"Decrescente";"Céu Claro";"Simples";"Reta";"Não";1;0;1;0;0;0;1;1;-28,260334;-52,22662;"SPRF-RS";"DEL08-RS";"UOP03-DEL08-RS"
227971;2019-08-10;"sábado";"21:15:00";"ES";262;21;"VIANA";"Falta de Atenção do Pedestre";"Atropelamento de Pedestre";"Com Vítimas Feridas";"Plena Noite";"Crescente";"Céu Claro";"Dupla";"Reta";"Sim";2;0;0;1;0;1;1;2;-20,38054389;-40,50497908;"SPRF-ES";"DEL01-ES";"UOP01-DEL01-ES"
227972;2019-08-10;"sábado";"21:05:00";"SC";101;344;"TUBARAO";"Ingestão de Álcool";"Saída de leito carroçável";"Com Vítimas Feridas";"Plena Noite";"Decrescente";"Céu Claro";"Dupla";"Retorno Regulamentado";"Não";1;0;1;0;0;0;1;1;-28,53647889;-49,0531826;"SPRF-SC";"DEL02-SC";"UOP01-DEL02-SC"
227974;2019-08-10;"sábado";"19:20:00";"SC";470;142,6;"RIO DO SUL";"Falta de Atenção à Condução";"Colisão traseira";"Com Vítimas Feridas";"Plena Noite";"Crescente";"Céu Claro";"Simples";"Reta";"Não";3;0;0;2;1;0;2;2;-27,229801;-49,6693;"SPRF-SC";"DEL04-SC";"UOP02-DEL04-SC"
227975;2019-08-10;"sábado";"21:20:00";"RJ";356;151,7;"CAMPOS DOS GOYTACAZES";"Ultrapassagem Indevida";"Colisão frontal";"Com Vítimas Fatais";"Plena Noite";"Decrescente";"Céu Claro";"Simples";"Reta";"Não";3;1;0;2;0;0;2;2;-21,76505986;-41,26262708;"SPRF-RJ";"DEL08-RJ";"UOP02-DEL08-RJ"
227977;2019-08-10;"sábado";"20:00:00";"SC";470;127;"LONTRAS";"Falta de Atenção à Condução";"Colisão transversal";"Com Vítimas Feridas";"Plena Noite";"Crescente";"Céu Claro";"Simples";"Retorno Regulamentado";"Não";3;0;1;2;0;0;3;2;-27,136574;-49,543015;"SPRF-SC";"DEL04-SC";"UOP02-DEL04-SC"
227978;2019-08-10;"sábado";"19:50:00";"AC";364;119;"RIO BRANCO";"Animais na Pista";"Atropelamento de Animal";"Com Vítimas Feridas";"Plena Noite";"Decrescente";"Céu Claro";"Dupla";"Reta";"Não";2;0;2;0;0;0;2;1;-10,012444;-67,746305;"SPRF-AC";"DEL01-AC";"UOP01-DEL01-AC"
227979;2019-08-10;"sábado";"19:40:00";"RO";364;520;"ARIQUEMES";"Ingestão de Álcool";"Saída de leito carroçável";"Sem Vítimas";"Plena Noite";"Decrescente";"Céu Claro";"Simples";"Reta";"Não";2;0;0;0;2;0;0;1;-9,87961004;-63,05725347;"SPRF-RO";"DEL03-RO";"UOP01-DEL03-RO"