"id";"data_inversa";"dia_semana";"horario";"uf";"br";"km";"municipio";"causa_acidente";"tipo_acidente";"classificacao_acidente";"fase_dia";"sentido_via";"condicao_metereologica";"tipo_pista";"tracado_via";"uso_solo";"pessoas";"mortos";"feridos_leves";"feridos_graves";"ilesos";"ignorados";"feridos";"veiculos";"latitude";"longitude";"regional";"delegacia";"uop"
228084;2019-08-11;"domingo";"08:45:00";"PR";369;85,5;"CORNELIO PROCOPIO";"Falta de Atenção à Condução";"Colisão transversal";"Com Vítimas Feridas";"Pleno dia";"Decrescente";"Céu Claro";"Simples";"Reta;Interseção de Vias";"Sim";2;0;0;1;1;0;1;2;-23,17350939;-50,62013984;"SPRF-PR";"DEL07-PR";"UOP05-DEL07-PR"
228085;2019-08-11;"domingo";"07:00:00";"RS";290;34;"SANTO ANTONIO DA PATRULHA";"Falta de Atenção à Condução";"Saída de leito carroçável";"Com Vítimas Feridas";"Pleno dia";"Crescente";"Sol";"Dupla";"Reta";"Não";2;0;1;0;1;0;1;1;-29,885969;-50,596653;"SPRF-RS";"DEL03-RS";"UOP01-DEL03-RS"
228088;2019-08-11;"domingo";"08:50:00";"MT";70;90,2;"GENERAL CARNEIRO";"Ultrapassagem Indevida";"Colisão frontal";"Com Vítimas Fatais";"Pleno dia";"Crescente";"Céu Claro";"Simples";"Reta";"Não";8;1;1;4;2;0;5;2;-15,59273995;-52,87140874;"SPRF-MT";"DEL07-MT";"UOP01-DEL07-MT"
228089;2019-08-11;"domingo";"08:15:00";"PB";230;3,9;"CABEDELO";"Animais na Pista";"Atropelamento de Animal";"Com Vítimas Feridas";"Pleno dia";"Crescente";"Céu Claro";"Dupla";"Reta";"Sim";1;0;1;0;0;0;1;1;-6,9915;-34,8287;"SPRF-PB";"DEL01-PB";"UOP01-DEL01-PB"
228090;2019-08-11;"domingo";"08:00:00";"PR";376;661,3;"TIJUCAS DO SUL";"Falta de Atenção à Condução";"Saída de leito carroçável";"Com Vítimas Feridas";"Pleno dia";"Decrescente";"Chuva";"Dupla";"Curva";"Não";4;0;2;0;2;0;2;2;-25,85481693;-48,99472504;"SPRF-PR";"DEL01-PR";"UOP04-DEL01-PR"
228091;2019-06-23;"domingo";"06:25:00";"PA";163;993;"SANTAREM";"Desobediência às normas de trânsito pelo condutor";"Colisão transversal";"Com Vítimas Feridas";"Amanhecer";"Crescente";"Céu Claro";"Simples";"Reta";"Não";2;0;1;0;0;1;1;2;-2,529841;-54,722595;"SPRF-PA";"DEL05-PA";"UOP01-DEL05-PA"
228092;2019-08-11;"domingo";"07:44:00";"RJ";116;275;"BARRA MANSA";"Falta de Atenção à Condução";"Colisão traseira";"Sem Vítimas";"Pleno dia";"Crescente";"Céu Claro";"Dupla";"Retorno Regulamentado";"Sim";2;0;0;0;2;0;0;2;-22,56207185;-44,15671311;"SPRF-RJ";"DEL07-RJ";"UOP02-DEL07-RJ"
228097;2019-08-11;"domingo";"09:43:00";"SC";101;57,8;"ARAQUARI";"Avarias e/ou desgaste excessivo no pneu";"Saída de leito carroçável";"Com Vítimas Fatais";"Pleno dia";"Crescente";"Garoa/Chuvisco";"Dupla";"Reta";"Não";4;2;0;2;0;0;2;1;-26,43646093;-48,81113029;"SPRF-SC";"DEL03-SC";"UOP01-DEL03-SC"
228098;2019-07-07;"domingo";"19:30:00";"MG";40;508,9;"RIBEIRAO DAS NEVES";"Velocidade Incompatível";"Colisão traseira";"Com Vítimas Feridas";"Plena Noite";"Crescente";"Céu Claro";"Dupla";"Curva";"Não";2;0;2;0;0;0;2;2;-19,76061249;-44,1347544;"SPRF-MG";"DEL01-MG";"UOP02-DEL01-MG"
228100;2019-08-11;"domingo";"10:00:00";"SC";470;16;"ILHOTA";"Falta de Atenção à Condução";"Colisão traseira";"Com Vítimas Feridas";"Pleno dia";"Crescente";"Nublado";"Simples";"Reta";"Não";6;0;3;0;3;0;3;3;-26,843019;-48,794434;"SPRF-SC";"DEL04-SC";"UOP04-DEL04-SC"
228103;2019-08-11;"domingo";"10:15:00";"RJ";116;140;"MAGE";"Animais na Pista";"Colisão traseira";"Sem Vítimas";"Pleno dia";"Decrescente";"Céu Claro";"Dupla";"Reta";"Não";3;0;0;0;3;0;0;2;-22,65770021;-43,247509;"SPRF-RJ";"DEL04-RJ";"UOP02-DEL04-RJ"
228104;2019-08-11;"domingo";"10:00:00";"MG";365;508,9;"PATROCINIO";"Falta de Atenção à Condução";"Queda de ocupante de veículo";"Com Vítimas Feridas";"Pleno dia";"Decrescente";"Sol";"Simples";"Reta";"Não";2;0;0;1;0;1;1;2;-18,94192431;-47,2997891;"SPRF-MG";"DEL10-MG";"UOP01-DEL10-MG"
228105;2019-07-27;"sábado";"04:40:00";"PR";116;210,6;"RIO NEGRO";"Pista Escorregadia";"Tombamento";"Com Vítimas Feridas";"Plena Noite";"Crescente";"Ignorado";"Simples";"Reta";"Sim";1;0;1;0;0;0;1;1;-26,09949226;-49,78098392;"SPRF-SC";"DEL06-SC";"UOP01-DEL06-SC"
228107;2019-08-11;"domingo";"09:30:00";"BA";324;619;"SALVADOR";"Pista Escorregadia";"Colisão traseira";"Com Vítimas Feridas";"Pleno dia";"Crescente";"Chuva";"Múltipla";"Reta";"Sim";3;0;2;0;1;0;2;2;-12,89820999;-38,45012202;"SPRF-BA";"DEL01-BA";"UOP01-DEL01-BA"
228108;2019-08-11;"domingo";"11:00:00";"PR";277;379,2;"GUARAPUAVA";"Velocidade Incompatível";"Saída de leito carroçável";"Com Vítimas Fatais";"Pleno dia";"Crescente";"Céu Claro";"Simples";"Reta";"Não";4;1;1;2;0;0;3;1;-25,40328783;-51,73119297;"SPRF-PR";"DEL03-PR";"UOP01-DEL08-PR"
228109;2019-08-11;"domingo";"08:50:00";"MG";356;271,1;"MURIAE";"Falta de Atenção à Condução";"Colisão frontal";"Com Vítimas Fatais";"Pleno dia";"Crescente";"Sol";"Simples";"Curva";"Não";5;2;2;1;0;0;3;3;-21,13210421;-42,31711942;"SPRF-MG";"DEL07-MG";"UOP02-DEL07-MG"
228110;2019-08-11;"domingo";"10:45:00";"GO";60;10;"SANTO ANTONIO DO DESCOBERTO";"Falta de Atenção à Condução";"Saída de leito carroçável";"Com Vítimas Feridas";"Pleno dia";"Decrescente";"Céu Claro";"Dupla";"Curva";"Não";1;0;0;1;0;0;1;1;-16,1185048;-48,37423059;"SPRF-DF";"DEL01-DF";"UOP01-DEL03-DF"
228111;2019-08-11;"domingo";"10:10:00";"RJ";393;245,5;"VASSOURAS";"Defeito Mecânico no Veículo";"Incêndio";"Sem Vítimas";"Pleno dia";"Crescente";"Sol";"Simples";"Curva";"Não";2;0;0;0;2;0;0;1;-22,43021893;-43,71800804;"SPRF-RJ";"DEL05-RJ";"UOP04-DEL05-RJ"
228112;2019-08-11;"domingo";"08:55:00";"RJ";40;47;"PETROPOLIS";"Desobediência às normas de trânsito pelo condutor";"Colisão transversal";"Com Vítimas Fatais";"Pleno dia";"Decrescente";"Céu Claro";"Dupla";"Reta";"Sim";4;1;0;2;0;1;2;3;-22,29264535;-43,1284574;"SPRF-RJ";"DEL06-RJ";"UOP01-DEL06-RJ"
228113;2019-08-11;"domingo";"10:25:00";"SC";470;1,5;"NAVEGANTES";"Desobediência às normas de trânsito pelo condutor";"Colisão lateral";"Com Vítimas Feridas";"Pleno dia";"Crescente";"Nublado";"Simples";"Interseção de Vias";"Não";4;0;4;0;0;0;4;2;-26,875383;-48,668285;"SPRF-SC";"DEL04-SC";"UOP04-DEL04-SC"
228114;2019-08-11;"domingo";"11:40:00";"ES";262;4;"CARIACICA";"Desobediência às normas de trânsito pelo condutor";"Colisão com objeto estático";"Com Vítimas Feridas";"Pleno dia";"Decrescente";"Céu Claro";"Dupla";"Reta";"Sim";2;0;2;0;0;0;2;1;-20,33609327;-40,37812784;"SPRF-ES";"DEL01-ES";"UOP01-DEL01-ES"
228115;2019-08-11;"domingo";"11:35:00";"SC";101;209;"SAO JOSE";"Falta de Atenção à Condução";"Colisão lateral";"Com Vítimas Feridas";"Pleno dia";"Decrescente";"Céu Claro";"Múltipla";"Reta";"Sim";2;0;1;0;1;0;1;2;-27,61000542;-48,63895057;"SPRF-SC";"DEL01-SC";"UOP01-DEL01-SC"
228116;2019-08-11;"domingo";"10:50:00";"MG";40;140,3;"JOAO PINHEIRO";"Defeito Mecânico no Veículo";"Saída de leito carroçável";"Com Vítimas Feridas";"Pleno dia";"Decrescente";"Céu Claro";"Simples";"Reta";"Não";4;0;4;0;0;0;4;1;-17,7389698;-46,20223198;"SPRF-MG";"DEL14-MG";"UOP01-DEL14-MG"
228119;2019-08-11;"domingo";"11:10:00";"RJ";40;89;"PETROPOLIS";"Desobediência às normas de trânsito pelo condutor";"Colisão frontal";"Com Vítimas Fatais";"Pleno dia";"Decrescente";"Céu Claro";"Simples";"Curva";"Não";5;1;4;0;0;0;4;2;-22,556263;-43,23718;"SPRF-RJ";"DEL06-RJ";"UOP01-DEL06-RJ"
228120;2019-08-11;"domingo";"11:15:00";"SP";381;58,6;"MAIRIPORA";"Não guardar distância de segurança";"Engavetamento";"Com Vítimas Feridas";"Pleno dia";"Crescente";"Sol";"Dupla";"Reta";"Não";6;0;0;1;5;0;1;5;-23,27438497;-46,58530615;"SPRF-SP";"DEL03-SP";"UOP01-DEL03-SP"
228121;2019-08-11;"domingo";"11:00:00";"MG";381;623,8;"OLIVEIRA";"Falta de Atenção à Condução";"Saída de leito carroçável";"Com Vítimas Feridas";"Pleno dia";"Crescente";"Céu Claro";"Dupla";"Reta";"Não";1;0;1;0;0;0;1;1;-20,810773;-44,79200004;"SPRF-MG";"DEL04-MG";"UOP01-DEL04-MG"
228122;2019-08-11;"domingo";"12:35:00";"AL";101;72,9;"MESSIAS";"Falta de Atenção à Condução";"Tombamento";"Com Vítimas Fatais";"Pleno dia";"Decrescente";"Céu Claro";"Dupla";"Reta";"Não";1;1;0;0;0;0;0;1;-9,37909108;-35,83407855;"SPRF-AL";"DEL01-AL";"UOP01-DEL01-AL"
228123;2019-08-11;"domingo";"10:50:00";"PB";230;150;"CAMPINA GRANDE";"Não guardar distância de segurança";"Colisão traseira";"Com Vítimas Feridas";"Pleno dia";"Crescente";"Sol";"Dupla";"Reta";"Sim";2;0;1;0;1;0;1;2;-7,254312;-35,874749;"SPRF-PB";"DEL02-PB";"UOP01-DEL02-PB"
228125;2019-08-11;"domingo";"12:45:00";"SP";101;43;"UBATUBA";"Não guardar distância de segurança";"Colisão traseira";"Com Vítimas Feridas";"Pleno dia";"Crescente";"Chuva";"Simples";"Rotatória";"Sim";4;0;2;0;1;1;2;3;-23,40981462;-45,05896568;"SPRF-SP";"DEL06-SP";"UOP01-DEL06-SP"
228127;2019-08-11;"domingo";"13:20:00";"PR";476;124;"CURITIBA";"Desobediência às normas de trânsito pelo condutor";"Colisão lateral";"Com Vítimas Feridas";"Pleno dia";"Crescente";"Sol";"Dupla";"Em Obras;Reta;Declive";"Sim";2;0;0;1;1;0;1;2;-25,399845;-49,215855;"SPRF-PR";"DEL01-PR";"UOP07-DEL01-PR"
228128;2019-08-11;"domingo";"13:15:00";"SE";101;93,8;"NOSSA SENHORA DO SOCORRO";"Defeito Mecânico no Veículo";"Danos eventuais";"Com Vítimas Feridas";"Pleno dia";"Decrescente";"Céu Claro";"Dupla";"Reta";"Sim";3;0;1;0;2;0;1;2;-10,90732013;-37,15236691;"SPRF-SE";"DEL01-SE";"UOP01-DEL01-SE"
228129;2019-08-11;"domingo";"12:00:00";"MT";70;506;"CUIABA";"Velocidade Incompatível";"Saída de leito carroçável";"Com Vítimas Feridas";"Pleno dia";"Decrescente";"Céu Claro";"Simples";"Reta";"Não";1;0;1;0;0;0;1;1;-15,66088946;-55,97311576;"SPRF-MT";"DEL02-MT";"UOP02-DEL01-MT"
228131;2019-08-11;"domingo";"14:10:00";"SP";101;47,2;"UBATUBA";"Pista Escorregadia";"Tombamento";"Com Vítimas Feridas";"Pleno dia";"Decrescente";"Chuva";"Simples";"Rotatória";"Sim";2;0;1;0;1;0;1;1;-23,43340284;-45,08651733;"SPRF-SP";"DEL06-SP";"UOP01-DEL06-SP"
228132;2019-08-11;"domingo";"11:20:00";"PB";230;296;"SANTA LUZIA";"Desobediência às normas de trânsito pelo condutor";"Saída de leito carroçável";"Com Vítimas Feridas";"Pleno dia";"Decrescente";"Céu Claro";"Simples";"Curva";"Não";1;0;1;0;0;0;1;1;-6,892621;-36,950262;"SPRF-PB";"DEL03-PB";"UOP01-DEL03-PB"
228137;2019-08-11;"domingo";"14:50:00";"ES";101;241;"SERRA";"Ingestão de Álcool";"Colisão frontal";"Com Vítimas Feridas";"Pleno dia";"Crescente";"Céu Claro";"Simples";"Interseção de Vias;Curva;Aclive";"Não";2;0;0;1;1;0;1;2;-20,02389596;-40,39998096;"SPRF-ES";"DEL02-ES";"UOP01-DEL02-ES"
228139;2019-08-11;"domingo";"07:00:00";"RS";116;62,6;"CAMPESTRE DA SERRA";"Velocidade Incompatível";"Tombamento";"Sem Vítimas";"Pleno dia";"Crescente";"Céu Claro";"Simples";"Curva";"Não";1;0;0;0;0;1;0;1;-28,65665402;-51,05430991;"SPRF-RS";"DEL05-RS";"UOP03-DEL05-RS"
228140;2019-08-11;"domingo";"12:15:00";"RS";153;655;"ACEGUA";"Ingestão de Álcool";"Saída de leito carroçável";"Com Vítimas Feridas";"Pleno dia";"Crescente";"Céu Claro";"Simples";"Reta";"Não";1;0;1;0;0;0;1;1;-31,52910702;-54,13796358;"SPRF-RS";"DEL11-RS";"UOP03-DEL11-RS"
228141;2019-08-11;"domingo";"15:20:00";"RJ";40;104;"DUQUE DE CAXIAS";"Falta de Atenção à Condução";"Colisão traseira";"Sem Vítimas";"Pleno dia";"Decrescente";"Céu Claro";"Múltipla";"Reta";"Sim";3;0;0;0;3;0;0;3;-22,62897902;-43,28579508;"SPRF-RJ";"DEL01-RJ";"UOP01-DEL01-RJ"
228142;2019-08-11;"domingo";"14:00:00";"PB";230;48,8;"SANTA RITA";"Condutor Dormindo";"Tombamento";"Com Vítimas Feridas";"Pleno dia";"Decrescente";"Sol";"Dupla";"Retorno Regulamentado";"Não";1;0;1;0;0;0;1;1;-7,17976832;-35,04716072;"SPRF-PB";"DEL01-PB";"UOP03-DEL01-PB"
228143;2019-08-11;"domingo";"13:40:00";"MA";135;9,4;"SAO LUIS";"Falta de Atenção à Condução";"Colisão com objeto estático";"Com Vítimas Feridas";"Pleno dia";"Decrescente";"Céu Claro";"Dupla";"Reta";"Não";1;0;1;0;0;0;1;1;-2,65045001;-44,28168297;"SPRF-MA";"DEL01-MA";"UOP01-DEL01-MA"
228144;2019-08-11;"domingo";"15:20:00";"PR";163;163,7;"LINDOESTE";"Ultrapassagem Indevida";"Colisão frontal";"Com Vítimas Feridas";"Pleno dia";"Crescente";"Sol";"Simples";"Curva";"Não";5;0;1;1;3;0;2;4;-25,30997559;-53,58144435;"SPRF-PR";"DEL04-PR";"UOP05-DEL05-PR"
228146;2019-08-11;"domingo";"14:05:00";"GO";452;183;"ITUMBIARA";"Defeito Mecânico no Veículo";"Saída de leito carroçável";"Com Vítimas Feridas";"Pleno dia";"Crescente";"Céu Claro";"Simples";"Reta";"Não";4;0;0;4;0;0;4;1;-18,39182893;-49,33487393;"SPRF-GO";"DEL03-GO";"UOP02-DEL03-GO"
228147;2019-08-11;"domingo";"15:00:00";"GO";20;54,1;"FORMOSA";"Velocidade Incompatível";"Saída de leito carroçável";"Sem Vítimas";"Pleno dia";"Decrescente";"Céu Claro";"Simples";"Curva";"Não";1;0;0;0;0;1;0;1;-15,298045;-47,148319;"SPRF-DF";"DEL02-DF";"UOP01-DEL02-DF"
228148;2019-08-11;"domingo";"14:15:00";"SC";280;138;"RIO NEGRINHO";"Ingestão de Álcool";"Colisão traseira";"Com Vítimas Feridas";"Pleno dia";"Decrescente";"Céu Claro";"Simples";"Reta";"Não";3;0;3;0;0;0;3;2;-26,26237708;-49,59785109;"SPRF-SC";"DEL06-SC";"UOP03-DEL06-SC"
228150;2019-08-11;"domingo";"15:25:00";"RS";386;136;"SARANDI";"Desobediência às normas de trânsito pelo condutor";"Colisão lateral";"Sem Vítimas";"Pleno dia";"Decrescente";"Nublado";"Simples";"Reta";"Não";5;0;0;0;5;0;0;2;-27,968201;-52,90752;"SPRF-RS";"DEL08-RS";"UOP01-DEL08-RS"
228151;2019-08-11;"domingo";"15:50:00";"MG";262;384,8;"MATEUS LEME";"Velocidade Incompatível";"Tombamento";"Com Vítimas Feridas";"Pleno dia";"Decrescente";"Sol";"Dupla";"Curva";"Não";1;0;1;0;0;0;1;1;-19,93073825;-44,41148997;"SPRF-MG";"DEL01-MG";"UOP03-DEL01-MG"
228152;2019-08-11;"domingo";"11:20:00";"SC";282;69;"RANCHO QUEIMADO";"Velocidade Incompatível";"Colisão frontal";"Com Vítimas Feridas";"Pleno dia";"Crescente";"Chuva";"Simples";"Curva";"Não";14;0;0;8;6;0;8;4;-27,690144;-49,083813;"SPRF-SC";"DEL01-SC";"UOP03-DEL01-SC"
228153;2019-08-11;"domingo";"16:15:00";"PR";476;130,8;"CURITIBA";"Não guardar distância de segurança";"Engavetamento";"Com Vítimas Feridas";"Pleno dia";"Decrescente";"Céu Claro";"Múltipla";"Reta";"Sim";4;0;1;0;3;0;1;4;-25,449564;-49,236427;"SPRF-PR";"DEL01-PR";"UOP07-DEL01-PR"
228154;2019-08-11;"domingo";"15:40:00";"SE";235;45;"ITABAIANA";"Ingestão de Álcool";"Queda de ocupante de veículo";"Com Vítimas Feridas";"Pleno dia";"Crescente";"Nublado";"Simples";"Aclive";"Não";1;0;1;0;0;0;1;1;-10,746924;-37,399899;"SPRF-SE";"DEL01-SE";"UOP02-DEL01-SE"
228157;2019-08-11;"domingo";"16:10:00";"BA";101;802;"ITAMARAJU";"Falta de Atenção à Condução";"Saída de leito carroçável";"Com Vítimas Feridas";"Pleno dia";"Crescente";"Céu Claro";"Simples";"Reta";"Não";2;0;2;0;0;0;2;1;-17,15410733;-39,57350486;"SPRF-BA";"DEL09-BA";"UOP01-DEL09-BA"
228160;2019-08-11;"domingo";"15:25:00";"ES";262;98,9;"VENDA NOVA DO IMIGRANTE";"Falta de Atenção à Condução";"Colisão traseira";"Sem Vítimas";"Pleno dia";"Decrescente";"Céu Claro";"Simples";"Aclive";"Não";2;0;0;0;2;0;0;2;-20,35623595;-41,08499497;"SPRF-ES";"DEL01-ES";"UOP02-DEL01-ES"
228161;2019-08-11;"domingo";"16:50:00";"RS";290;97,2;"PORTO ALEGRE";"Não guardar distância de segurança";"Colisão traseira";"Sem Vítimas";"Pleno dia";"Crescente";"Nublado";"Dupla";"Ponte";"Sim";3;0;0;0;3;0;0;3;-29,997789;-51,20779;"SPRF-RS";"DEL01-RS";"UOP01-DEL01-RS"
228162;2019-08-11;"domingo";"14:30:00";"SC";282;532,2;"CORDILHEIRA ALTA";"Falta de Atenção à Condução";"Colisão transversal";"Com Vítimas Feridas";"Pleno dia";"Crescente";"Céu Claro";"Simples";"Reta";"Não";4;0;1;1;2;0;2;2;-26,996822;-52,615528;"SPRF-SC";"DEL07-SC";"UOP01-DEL07-SC"
228163;2019-08-11;"domingo";"15:30:00";"SC";470;102;"APIUNA";"Falta de Atenção à Condução";"Colisão traseira";"Com Vítimas Feridas";"Pleno dia";"Decrescente";"Garoa/Chuvisco";"Simples";"Reta";"Sim";3;0;2;0;1;0;2;2;-27,060822;-49,392761;"SPRF-SC";"DEL04-SC";"UOP02-DEL04-SC"
228165;2019-08-11;"domingo";"15:20:00";"GO";153;514;"APARECIDA DE GOIANIA";"Desobediência às normas de trânsito pelo condutor";"Colisão transversal";"Com Vítimas Feridas";"Pleno dia";"Decrescente";"Céu Claro";"Dupla";"Interseção de Vias";"Sim";2;0;1;0;1;0;1;2;-16,8315;-49,2434;"SPRF-GO";"DEL01-GO";"UOP03-DEL01-GO"
228166;2019-08-11;"domingo";"16:40:00";"RJ";495;27;"PETROPOLIS";"Falta de Atenção à Condução";"Queda de ocupante de veículo";"Com Vítimas Feridas";"Pleno dia";"Crescente";"Céu Claro";"Dupla";"Reta";"Não";1;0;1;0;0;0;1;1;-22,397148;-43,110664;"SPRF-RJ";"DEL06-RJ";"UOP02-DEL05-RJ"
228167;2019-08-11;"domingo";"17:10:00";"RJ";116;322;"ITATIAIA";"Defeito Mecânico no Veículo";"Colisão com objeto estático";"Com Vítimas Feridas";"Anoitecer";"Crescente";"Céu Claro";"Dupla";"Reta";"Não";2;0;1;0;1;0;1;1;-22,48404979;-44,54454609;"SPRF-RJ";"DEL07-RJ";"DEL5/7-UOP03/RJ"
228168;2019-08-11;"domingo";"17:30:00";"RJ";116;137,1;"DUQUE DE CAXIAS";"Falta de Atenção à Condução";"Engavetamento";"Sem Vítimas";"Anoitecer";"Decrescente";"Céu Claro";"Dupla";"Viaduto";"Sim";3;0;0;0;3;0;0;3;-22,64791994;-43,18200799;"SPRF-RJ";"DEL04-RJ";"UOP02-DEL04-RJ"
228169;2019-08-11;"domingo";"17:15:00";"PB";230;59;"CRUZ DO ESPIRITO SANTO";"Falta de Atenção à Condução";"Tombamento";"Com Vítimas Feridas";"Pleno dia";"Decrescente";"Sol";"Dupla";"Reta";"Não";1;0;1;0;0;0;1;1;-7,20488696;-35,13473868;"SPRF-PB";"DEL01-PB";"UOP03-DEL01-PB"
228170;2019-08-11;"domingo";"15:40:00";"MS";267;664,5;"PORTO MURTINHO";"Defeito Mecânico no Veículo";"Queda de ocupante de veículo";"Com Vítimas Feridas";"Pleno dia";"Decrescente";"Sol";"Simples";"Reta";"Não";3;0;3;0;0;0;3;1;-21,71283739;-57,69661203;"SPRF-MS";"DEL05-MS";"UOP01-DEL05-MS"
228173;2019-08-11;"domingo";"15:30:00";"MG";262;556;"CORREGO DANTA";"Ingestão de Álcool";"Colisão traseira";"Sem Vítimas";"Pleno dia";"Crescente";"Céu Claro";"Simples";"Reta";"Não";2;0;0;0;2;0;0;2;-19,70905194;-45,92280603;"SPRF-MG";"DEL08-MG";"UOP02-DEL08-MG"
228174;2019-08-11;"domingo";"14:00:00";"BA";116;827,9;"VITORIA DA CONQUISTA";"Desobediência às normas de trânsito pelo condutor";"Queda de ocupante de veículo";"Com Vítimas Feridas";"Pleno dia";"Crescente";"Sol";"Simples";"Curva";"Não";1;0;0;1;0;0;1;1;-14,89419046;-40,86582756;"SPRF-BA";"DEL08-BA";"UOP01-DEL08-BA"
228176;2019-08-11;"domingo";"16:25:00";"AL";423;61;"AGUA BRANCA";"Falta de Atenção à Condução";"Queda de ocupante de veículo";"Com Vítimas Feridas";"Pleno dia";"Crescente";"Céu Claro";"Simples";"Reta";"Não";1;0;0;1;0;0;1;1;-9,29032829;-37,81796994;"SPRF-AL";"DEL03-AL";"UOP02-DEL03-AL"
228177;2019-08-11;"domingo";"16:20:00";"SC";282;341,6;"CAMPOS NOVOS";"Falta de Atenção à Condução";"Colisão traseira";"Com Vítimas Feridas";"Pleno dia";"Decrescente";"Céu Claro";"Simples";"Reta";"Sim";3;0;1;0;2;0;1;2;-27,389957;-51,213387;"SPRF-SC";"DEL07-SC";"UOP06-DEL07-SC"
228178;2019-08-11;"domingo";"16:55:00";"MT";163;60,5;"RONDONOPOLIS";"Falta de Atenção à Condução";"Saída de leito carroçável";"Com Vítimas Feridas";"Pleno dia";"Crescente";"Céu Claro";"Dupla";"Reta";"Não";1;0;1;0;0;0;1;1;-16,98753512;-54,75044767;"SPRF-MT";"DEL02-MT";"DEL2/2-UOP02/MT"
228180;2019-08-11;"domingo";"17:30:00";"SC";101;122,7;"ITAJAI";"Velocidade Incompatível";"Colisão traseira";"Com Vítimas Feridas";"Anoitecer";"Crescente";"Nublado";"Dupla";"Em Obras;Desvio Temporário;Reta";"Sim";2;0;1;0;1;0;1;2;-26,92955916;-48,70499836;"SPRF-SC";"DEL04-SC";"UOP04-DEL04-SC"
228182;2019-08-11;"domingo";"08:20:00";"GO";0;0;"APARECIDA DE GOIANIA";"Desobediência às normas de trânsito pelo condutor";"Colisão lateral";"Com Vítimas Feridas";"Pleno dia";"Não Informado";"Céu Claro";"Simples";"Reta";"Sim";3;0;1;0;2;0;1;2;-16,79676698;-49,24081217;"SPRF-GO";"DEL01-GO";"UOP03-DEL01-GO"
228184;2019-08-11;"domingo";"17:45:00";"SP";116;142;"SAO JOSE DOS CAMPOS";"Falta de Atenção à Condução";"Colisão traseira";"Com Vítimas Feridas";"Anoitecer";"Crescente";"Céu Claro";"Dupla";"Reta";"Sim";3;0;1;0;2;0;1;2;-23,17426078;-45,82940111;"SPRF-SP";"DEL06-SP";"UOP02-DEL02-SP"
228185;2019-08-11;"domingo";"18:10:00";"MG";365;796,5;"GURINHATA";"Falta de Atenção à Condução";"Colisão traseira";"Com Vítimas Feridas";"Anoitecer";"Crescente";"Céu Claro";"Simples";"Reta;Interseção de Vias";"Não";2;0;1;0;1;0;1;2;-18,92682886;-49,85052824;"SPRF-MG";"DEL15-MG";"UOP03-DEL15-MG"
228186;2019-08-11;"domingo";"18:35:00";"RJ";40;30;"TRES RIOS";"Falta de Atenção à Condução";"Tombamento";"Com Vítimas Feridas";"Plena Noite";"Crescente";"Céu Claro";"Dupla";"Reta";"Não";2;0;1;1;0;0;2;1;-22,18633705;-43,16660309;"SPRF-RJ";"DEL06-RJ";"UOP02-DEL05-RJ"
228187;2019-08-11;"domingo";"18:20:00";"PB";101;82;"BAYEUX";"Falta de Atenção à Condução";"Engavetamento";"Com Vítimas Feridas";"Plena Noite";"Crescente";"Céu Claro";"Dupla";"Viaduto";"Sim";16;0;1;0;15;0;1;4;-7,12911;-34,93714;"SPRF-PB";"DEL01-PB";"UOP01-DEL01-PB"
228188;2019-08-11;"domingo";"18:30:00";"ES";101;96,4;"JAGUARE";"Falta de Atenção à Condução";"Colisão frontal";"Com Vítimas Feridas";"Plena Noite";"Decrescente";"Nublado";"Simples";"Reta";"Não";2;0;0;1;1;0;1;2;-18,95545999;-39,98367103;"SPRF-ES";"DEL04-ES";"UOP02-DEL04-ES"
228190;2019-08-11;"domingo";"17:50:00";"AL";423;41,6;"INHAPI";"Animais na Pista";"Atropelamento de Animal";"Com Vítimas Feridas";"Anoitecer";"Decrescente";"Céu Claro";"Simples";"Reta";"Não";2;0;1;1;0;0;2;1;-9,23594141;-37,64447786;"SPRF-AL";"DEL03-AL";"UOP02-DEL03-AL"
228191;2019-08-11;"domingo";"04:05:00";"PI";135;506;"MONTE ALEGRE DO PIAUI";"Falta de Atenção à Condução";"Saída de leito carroçável";"Com Vítimas Feridas";"Plena Noite";"Crescente";"Céu Claro";"Simples";"Reta";"Não";3;0;2;1;0;0;3;1;-9,76197013;-45,31008481;"SPRF-PI";"DEL03-PI";"UOP02-DEL03-PI"
228192;2019-08-11;"domingo";"18:00:00";"ES";262;115,9;"CONCEICAO DO CASTELO";"Velocidade Incompatível";"Colisão lateral";"Com Vítimas Feridas";"Anoitecer";"Crescente";"Céu Claro";"Simples";"Interseção de Vias";"Não";2;0;0;1;1;0;1;2;-20,31837934;-41,22564375;"SPRF-ES";"DEL01-ES";"UOP02-DEL01-ES"
228193;2019-08-11;"domingo";"16:50:00";"RS";470;269,5;"SAO JOSE DO SUL";"Velocidade Incompatível";"Saída de leito carroçável";"Com Vítimas Feridas";"Pleno dia";"Decrescente";"Nublado";"Simples";"Curva";"Não";3;0;2;0;0;1;2;2;-29,519934;-51,47336;"SPRF-RS";"DEL04-RS";"UOP02-DEL04-RS"
228194;2019-08-11;"domingo";"18:45:00";"GO";40;4,5;"VALPARAISO DE GOIAS";"Desobediência às normas de trânsito pelo condutor";"Colisão lateral";"Com Vítimas Feridas";"Plena Noite";"Decrescente";"Céu Claro";"Dupla";"Reta";"Sim";2;0;1;0;1;0;1;2;-16,085241;-47,986752;"SPRF-DF";"DEL01-DF";"UOP01-DEL01-DF"