"id";"data_inversa";"dia_semana";"horario";"uf";"br";"km";"municipio";"causa_acidente";"tipo_acidente";"classificacao_acidente";"fase_dia";"sentido_via";"condicao_metereologica";"tipo_pista";"tracado_via";"uso_solo";"pessoas";"mortos";"feridos_leves";"feridos_graves";"ilesos";"ignorados";"feridos";"veiculos";"latitude";"longitude";"regional";"delegacia";"uop"
228195;2019-08-11;"domingo";"17:00:00";"PR";376;652,2;"TIJUCAS DO SUL";"Não guardar distância de segurança";"Engavetamento";"Sem Vítimas";"Anoitecer";"Decrescente";"Ignorado";"Dupla";"Reta";"Não";3;0;0;0;3;0;0;3;-25,84365941;-49,06013489;"SPRF-PR";"DEL01-PR";"UOP04-DEL01-PR"
228197;2019-08-11;"domingo";"18:30:00";"MG";116;816,1;"ALEM PARAIBA";"Ingestão de Álcool";"Atropelamento de Pedestre";"Sem Vítimas";"Plena Noite";"Crescente";"Céu Claro";"Simples";"Declive;Reta";"Não";3;0;0;0;2;1;0;2;-21,86902523;-42,67084185;"SPRF-MG";"DEL07-MG";"UOP01-DEL07-MG"
228199;2019-08-11;"domingo";"18:30:00";"BA";110;367,2;"CATU";"Falta de Atenção à Condução";"Colisão transversal";"Com Vítimas Feridas";"Plena Noite";"Crescente";"Nublado";"Simples";"Reta";"Sim";3;0;1;0;1;1;1;1;-12,37840271;-38,38362551;"SPRF-BA";"DEL01-BA";"UOP04-DEL01-BA"
228200;2019-08-11;"domingo";"16:40:00";"SP";381;84;"SAO PAULO";"Desobediência às normas de trânsito pelo condutor";"Colisão lateral";"Com Vítimas Feridas";"Amanhecer";"Crescente";"Céu Claro";"Dupla";"Reta";"Sim";3;0;1;0;1;1;1;2;-23,43937;-46,56807;"SPRF-SP";"DEL03-SP";"UOP01-DEL03-SP"
228201;2019-08-11;"domingo";"18:35:00";"PR";116;116,9;"CURITIBA";"Falta de Atenção à Condução";"Colisão lateral";"Com Vítimas Feridas";"Plena Noite";"Crescente";"Nublado";"Dupla";"Reta;Aclive";"Sim";3;0;2;0;1;0;2;2;-25,55821926;-49,30660844;"SPRF-PR";"DEL01-PR";"UOP03-DEL01-PR"
228202;2019-08-11;"domingo";"18:10:00";"MG";116;109,4;"ITAOBIM";"Falta de Atenção à Condução";"Saída de leito carroçável";"Com Vítimas Feridas";"Plena Noite";"Decrescente";"Céu Claro";"Simples";"Curva";"Não";1;0;1;0;0;0;1;1;-16,504778;-41,509861;"SPRF-MG";"DEL11-MG";"UOP02-DEL11-MG"
228203;2019-08-11;"domingo";"18:30:00";"SC";101;331,6;"TUBARAO";"Falta de Atenção à Condução";"Saída de leito carroçável";"Sem Vítimas";"Plena Noite";"Crescente";"Céu Claro";"Dupla";"Aclive";"Sim";1;0;0;0;1;0;0;1;-28,46526172;-48,99554729;"SPRF-SC";"DEL02-SC";"UOP01-DEL02-SC"
228205;2019-08-11;"domingo";"18:10:00";"SC";470;70,9;"INDAIAL";"Ingestão de álcool e/ou substâncias psicoativas pelo pedestre";"Tombamento";"Com Vítimas Feridas";"Plena Noite";"Decrescente";"Nublado";"Simples";"Reta";"Sim";1;0;1;0;0;0;1;1;-26,89479373;-49,26152587;"SPRF-SC";"DEL04-SC";"UOP01-DEL04-SC"
228207;2019-08-11;"domingo";"18:45:00";"PR";153;400,8;"MALLET";"Desobediência às normas de trânsito pelo condutor";"Colisão lateral";"Com Vítimas Feridas";"Plena Noite";"Decrescente";"Céu Claro";"Simples";"Reta";"Não";6;0;0;1;5;0;1;5;-25,95982189;-50,84335012;"SPRF-PR";"DEL02-PR";"UOP03-DEL02-PR"
228208;2019-08-11;"domingo";"17:55:00";"SC";282;619;"IRACEMINHA";"Mal Súbito";"Colisão traseira";"Com Vítimas Feridas";"Anoitecer";"Crescente";"Céu Claro";"Simples";"Reta";"Não";4;0;1;0;3;0;1;4;-26,794798;-53,299477;"SPRF-SC";"DEL07-SC";"UOP02-DEL07-SC"
228209;2019-08-11;"domingo";"19:00:00";"RS";386;161,8;"ALMIRANTE TAMANDARE DO SUL";"Desobediência às normas de trânsito pelo condutor";"Colisão frontal";"Com Vítimas Fatais";"Plena Noite";"Decrescente";"Nublado";"Simples";"Curva";"Não";2;1;0;1;0;0;1;2;-28,165079;-52,837311;"SPRF-RS";"DEL08-RS";"UOP01-DEL08-RS"
228211;2019-08-11;"domingo";"18:15:00";"BA";101;222,6;"CRUZ DAS ALMAS";"Falta de Atenção à Condução";"Colisão lateral";"Sem Vítimas";"Plena Noite";"Crescente";"Nublado";"Simples";"Reta";"Sim";2;0;0;0;2;0;0;2;-12,679333;-39,138202;"SPRF-BA";"DEL01-BA";"UOP02-DEL01-BA"
228212;2019-08-11;"domingo";"18:20:00";"MT";70;4,7;"BARRA DO GARCAS";"Falta de Atenção à Condução";"Colisão traseira";"Com Vítimas Feridas";"Anoitecer";"Crescente";"Céu Claro";"Dupla";"Reta";"Sim";3;0;1;1;1;0;2;2;-15,87907036;-52,28563311;"SPRF-MT";"DEL07-MT";"UOP01-DEL07-MT"
228213;2019-08-11;"domingo";"19:40:00";"MG";356;265;"MURIAE";"Não guardar distância de segurança";"Queda de ocupante de veículo";"Com Vítimas Feridas";"Plena Noite";"Decrescente";"Céu Claro";"Simples";"Viaduto";"Sim";2;0;0;1;1;0;1;2;-21,12838898;-42,366803;"SPRF-MG";"DEL07-MG";"UOP02-DEL07-MG"
228215;2019-08-11;"domingo";"15:30:00";"SC";282;413;"CATANDUVAS";"Defeito Mecânico no Veículo";"Tombamento";"Com Vítimas Feridas";"Pleno dia";"Decrescente";"Céu Claro";"Simples";"Curva;Aclive";"Não";2;0;1;0;1;0;1;1;-27,053736;-51,698277;"SPRF-SC";"DEL07-SC";"UOP05-DEL07-SC"
228216;2019-08-11;"domingo";"20:15:00";"DF";60;23;"BRASILIA";"Falta de Atenção à Condução";"Saída de leito carroçável";"Sem Vítimas";"Plena Noite";"Decrescente";"Céu Claro";"Dupla";"Reta";"Sim";2;0;0;0;2;0;0;1;-15,987903;-48,223103;"SPRF-DF";"DEL01-DF";"UOP01-DEL03-DF"
228217;2019-08-11;"domingo";"17:40:00";"PE";407;68;"PETROLINA";"Desobediência às normas de trânsito pelo condutor";"Colisão frontal";"Com Vítimas Feridas";"Anoitecer";"Crescente";"Céu Claro";"Simples";"Reta";"Não";3;0;0;2;1;0;2;2;-8,96375827;-40,7194519;"SPRF-PE";"DEL06-PE";"UOP02-DEL06-PE"
228218;2019-08-11;"domingo";"19:40:00";"SP";153;23,9;"NOVA GRANADA";"Ingestão de Álcool";"Saída de leito carroçável";"Sem Vítimas";"Plena Noite";"Decrescente";"Céu Claro";"Simples";"Reta";"Não";1;0;0;0;1;0;0;1;-20,483533;-49,302964;"SPRF-SP";"DEL09-SP";"UOP01-DEL09-SP"
228220;2019-08-11;"domingo";"20:28:00";"SC";101;139;"BALNEARIO CAMBORIU";"Não guardar distância de segurança";"Colisão traseira";"Com Vítimas Feridas";"Plena Noite";"Crescente";"Nublado";"Simples";"Reta";"Não";2;0;1;0;1;0;1;2;-27,02982303;-48,60115006;"SPRF-SC";"DEL04-SC";"UOP03-DEL04-SC"
228221;2019-08-11;"domingo";"20:10:00";"SC";101;208;"SAO JOSE";"Falta de Atenção à Condução";"Colisão traseira";"Com Vítimas Feridas";"Plena Noite";"Decrescente";"Céu Claro";"Dupla";"Reta";"Sim";2;0;0;1;1;0;1;2;-27,60327979;-48,63201818;"SPRF-SC";"DEL01-SC";"UOP01-DEL01-SC"
228222;2019-08-11;"domingo";"20:00:00";"CE";116;65;"CHOROZINHO";"Ingestão de Álcool";"Colisão frontal";"Com Vítimas Fatais";"Plena Noite";"Crescente";"Céu Claro";"Simples";"Interseção de Vias";"Sim";4;1;0;3;0;0;3;2;-4,29942429;-38,50184441;"SPRF-CE";"DEL03-CE";"UOP02-DEL03-CE"
228223;2019-08-11;"domingo";"20:30:00";"CE";222;311,7;"TIANGUA";"Ingestão de Álcool";"Colisão transversal";"Com Vítimas Feridas";"Plena Noite";"Decrescente";"Céu Claro";"Simples";"Reta;Interseção de Vias";"Sim";2;0;0;2;0;0;2;2;-3,711973;-40,984356;"SPRF-CE";"DEL04-CE";"UOP02-DEL04-CE"
228224;2019-08-11;"domingo";"19:34:00";"ES";482;106,9;"GUACUI";"Ingestão de Álcool";"Colisão traseira";"Com Vítimas Feridas";"Plena Noite";"Crescente";"Nublado";"Simples";"Curva";"Sim";2;0;1;0;1;0;1;2;-20,7749648;-41,67600002;"SPRF-ES";"DEL03-ES";"UOP02-DEL03-ES"
228225;2019-08-11;"domingo";"15:20:00";"MG";262;40,9;"MANHUACU";"Ingestão de Álcool";"Queda de ocupante de veículo";"Com Vítimas Feridas";"Pleno dia";"Crescente";"Sol";"Simples";"Curva";"Não";2;0;1;0;1;0;1;1;-20,27334219;-42,04913988;"SPRF-MG";"DEL06-MG";"UOP03-DEL06-MG"
228226;2019-08-11;"domingo";"19:37:00";"MA";135;3;"SAO LUIS";"Falta de Atenção à Condução";"Saída de leito carroçável";"Com Vítimas Feridas";"Plena Noite";"Crescente";"Céu Claro";"Dupla";"Curva;Declive";"Não";1;0;0;1;0;0;1;1;-2,606802;-44,247512;"SPRF-MA";"DEL01-MA";"UOP01-DEL01-MA"
228227;2019-08-11;"domingo";"18:20:00";"GO";20;180,1;"ALVORADA DO NORTE";"Ingestão de Álcool";"Colisão frontal";"Com Vítimas Feridas";"Anoitecer";"Crescente";"Céu Claro";"Simples";"Reta";"Sim";4;0;1;0;2;1;1;3;-14,477743;-46,492165;"SPRF-DF";"DEL02-DF";"UOP03-DEL02-DF"
228228;2019-08-11;"domingo";"20:55:00";"GO";60;38,4;"GOIANIA";"Velocidade Incompatível";"Colisão com objeto estático";"Sem Vítimas";"Plena Noite";"Crescente";"Céu Claro";"Dupla";"Rotatória";"Sim";2;0;0;0;1;1;0;2;-16,6777;-49,2676;"SPRF-GO";"DEL01-GO";"UOP02-DEL01-GO"
228229;2019-08-11;"domingo";"17:15:00";"SC";280;96;"CORUPA";"Avarias e/ou desgaste excessivo no pneu";"Saída de leito carroçável";"Com Vítimas Feridas";"Anoitecer";"Decrescente";"Garoa/Chuvisco";"Simples";"Curva;Aclive";"Não";1;0;1;0;0;0;1;1;-26,38352735;-49,32101727;"SPRF-SC";"DEL06-SC";"UOP03-DEL06-SC"
228230;2019-08-11;"domingo";"20:30:00";"PR";277;589,2;"CASCAVEL";"Ingestão de Álcool";"Colisão traseira";"Sem Vítimas";"Plena Noite";"Crescente";"Céu Claro";"Simples";"Aclive";"Sim";2;0;0;0;2;0;0;2;-24,97777319;-53,44688591;"SPRF-PR";"DEL04-PR";"UOP01-DEL04-PR"
228231;2019-08-11;"domingo";"19:00:00";"MG";116;409;"GOVERNADOR VALADARES";"Falta de Atenção do Pedestre";"Atropelamento de Pedestre";"Com Vítimas Feridas";"Plena Noite";"Crescente";"Céu Claro";"Dupla";"Reta";"Sim";2;0;1;0;1;0;1;2;-18,84936788;-41,97891368;"SPRF-MG";"DEL06-MG";"UOP01-DEL06-MG"
228232;2019-08-11;"domingo";"18:40:00";"PR";476;142;"CURITIBA";"Falta de Atenção à Condução";"Capotamento";"Com Vítimas Feridas";"Plena Noite";"Decrescente";"Nublado";"Dupla";"Declive";"Sim";4;0;4;0;0;0;4;1;-25,537161;-49,301632;"SPRF-PR";"DEL01-PR";"UOP03-DEL01-PR"
228233;2019-08-11;"domingo";"20:00:00";"SC";101;208;"SAO JOSE";"Desobediência às normas de trânsito pelo condutor";"Colisão lateral";"Com Vítimas Feridas";"Plena Noite";"Decrescente";"Céu Claro";"Múltipla";"Reta";"Sim";3;0;1;0;1;1;1;3;-27,60327979;-48,63201818;"SPRF-SC";"DEL01-SC";"UOP01-DEL01-SC"
228234;2019-08-11;"domingo";"21:10:00";"RJ";116;142;"DUQUE DE CAXIAS";"Falta de Atenção à Condução";"Capotamento";"Com Vítimas Feridas";"Plena Noite";"Crescente";"Céu Claro";"Dupla";"Reta";"Sim";3;0;1;0;2;0;1;1;-22,64876087;-43,23031638;"SPRF-RJ";"DEL04-RJ";"UOP02-DEL04-RJ"
228235;2019-08-11;"domingo";"21:00:00";"PR";369;131,5;"IBIPORA";"Mal Súbito";"Queda de ocupante de veículo";"Com Vítimas Feridas";"Plena Noite";"Decrescente";"Céu Claro";"Dupla";"Curva";"Sim";1;0;0;1;0;0;1;1;-23,26212557;-50,99428654;"SPRF-PR";"DEL07-PR";"UOP01-DEL07-PR"
228236;2019-08-11;"domingo";"17:00:00";"RR";401;61;"BONFIM";"Pista Escorregadia";"Saída de leito carroçável";"Com Vítimas Feridas";"Pleno dia";"Crescente";"Nublado";"Simples";"Reta";"Não";2;0;2;0;0;0;2;1;3,12106082;-60,29677894;"SPRF-RR";"DEL01-RR";"UOP03/RR"
228237;2019-08-11;"domingo";"19:30:00";"PR";272;368,2;"CAMPO MOURAO";"Falta de Atenção à Condução";"Colisão traseira";"Com Vítimas Feridas";"Anoitecer";"Decrescente";"Céu Claro";"Dupla";"Reta";"Sim";2;0;0;1;1;0;1;2;-24,05475193;-52,41061403;"SPRF-PR";"DEL04-PR";"UOP03-DEL09-PR"
228238;2019-08-11;"domingo";"21:30:00";"SC";101;37,3;"JOINVILLE";"Falta de Atenção à Condução";"Colisão lateral";"Com Vítimas Feridas";"Plena Noite";"Crescente";"Nublado";"Dupla";"Reta";"Sim";3;0;1;1;0;1;2;3;-26,25050176;-48,90863867;"SPRF-SC";"DEL03-SC";"UOP01-DEL03-SC"
228239;2019-08-11;"domingo";"20:30:00";"RO";364;224,4;"CACOAL";"Objeto estático sobre o leito carroçável";"Colisão com objeto estático";"Com Vítimas Feridas";"Plena Noite";"Decrescente";"Ignorado";"Simples";"Ponte";"Sim";2;0;0;1;0;1;1;2;-11,51492614;-61,3539081;"SPRF-RO";"DEL02-RO";"UOP02-DEL02-RO"
228240;2019-08-11;"domingo";"21:00:00";"PR";376;614;"SAO JOSE DOS PINHAIS";"Falta de Atenção à Condução";"Colisão traseira";"Com Vítimas Feridas";"Plena Noite";"Crescente";"Céu Claro";"Dupla";"Reta";"Não";2;0;1;0;1;0;1;2;-25,57084314;-49,19356398;"SPRF-PR";"DEL01-PR";"UOP06-DEL01-PR"
228241;2019-08-11;"domingo";"21:30:00";"RJ";465;10,5;"SEROPEDICA";"Ultrapassagem Indevida";"Colisão frontal";"Com Vítimas Feridas";"Plena Noite";"Crescente";"Céu Claro";"Simples";"Aclive;Curva";"Sim";5;0;4;0;1;0;4;2;-22,777218;-43,663025;"SPRF-RJ";"DEL01-RJ";"UOP01-DEL01-MS"
228242;2019-08-11;"domingo";"20:10:00";"PI";230;310;"FLORIANO";"Ingestão de Álcool";"Colisão com objeto estático";"Com Vítimas Feridas";"Plena Noite";"Crescente";"Ignorado";"Simples";"Reta";"Não";1;0;1;0;0;0;1;1;-6,76580135;-43,00941327;"SPRF-PI";"DEL03-PI";"UOP01-DEL03-PI"
228243;2019-08-11;"domingo";"20:25:00";"RN";101;161;"CANGUARETAMA";"Animais na Pista";"Atropelamento de Animal";"Com Vítimas Feridas";"Plena Noite";"Decrescente";"Céu Claro";"Dupla";"Reta";"Não";2;0;1;0;1;0;1;1;-6,37832592;-35,14846487;"SPRF-RN";"DEL01-RN";"UOP01-DEL01-RN"
228244;2019-08-11;"domingo";"21:15:00";"RS";392;71,8;"PELOTAS";"Falta de Atenção à Condução";"Saída de leito carroçável";"Sem Vítimas";"Plena Noite";"Crescente";"Chuva";"Simples";"Curva";"Não";1;0;0;0;1;0;0;1;-31,72790198;-52,38685478;"SPRF-RS";"DEL07-RS";"UOP01-DEL07-RS"
228245;2019-08-11;"domingo";"13:15:00";"SC";280;273,5;"IRINEOPOLIS";"Defeito na Via";"Colisão frontal";"Com Vítimas Feridas";"Pleno dia";"Crescente";"Céu Claro";"Simples";"Reta";"Não";3;0;3;0;0;0;3;2;-26,2799492;-50,76336593;"SPRF-SC";"DEL06-SC";"UOP04-DEL06-SC"
228246;2019-08-11;"domingo";"18:00:00";"BA";324;6,6;"FEIRA DE SANTANA";"Falta de Atenção à Condução";"Saída de leito carroçável";"Sem Vítimas";"Plena Noite";"Decrescente";"Céu Claro";"Dupla";"Reta";"Sim";1;0;0;0;0;1;0;1;-12,27331347;-38,98509264;"SPRF-BA";"DEL02-BA";"UOP01-DEL02-BA"
228247;2019-08-11;"domingo";"21:30:00";"PR";277;672,3;"MEDIANEIRA";"Velocidade Incompatível";"Colisão traseira";"Com Vítimas Feridas";"Plena Noite";"Crescente";"Céu Claro";"Dupla";"Aclive;Reta";"Sim";2;0;0;1;1;0;1;2;-25,28740438;-54,09701091;"SPRF-PR";"DEL05-PR";"UOP01-DEL05-PR"
228248;2019-08-11;"domingo";"18:20:00";"SC";280;187,6;"MAFRA";"Falta de Atenção à Condução";"Colisão transversal";"Com Vítimas Feridas";"Anoitecer";"Crescente";"Céu Claro";"Simples";"Reta";"Não";4;0;3;0;1;0;3;2;-26,16826472;-49,95667934;"SPRF-SC";"DEL06-SC";"UOP01-DEL06-SC"
228249;2019-08-11;"domingo";"21:15:00";"MG";50;41;"ARAGUARI";"Animais na Pista";"Saída de leito carroçável";"Com Vítimas Feridas";"Pleno dia";"Crescente";"Céu Claro";"Dupla";"Reta";"Não";3;0;1;0;2;0;1;1;-18,682136;-48,17887197;"SPRF-MG";"DEL15-MG";"UOP02-DEL15-MG"
228250;2019-08-11;"domingo";"22:00:00";"RS";392;353;"SANTA MARIA";"Sinalização da via insuficiente ou inadequada";"Atropelamento de Pedestre";"Com Vítimas Feridas";"Plena Noite";"Decrescente";"Nublado";"Dupla";"Em Obras;Rotatória;Desvio Temporário;Interseção de Vias";"Sim";2;0;1;1;0;0;2;2;-29,71572779;-53,80988897;"SPRF-RS";"DEL09-RS";"UOP01-DEL09-RS"
228251;2019-08-11;"domingo";"22:00:00";"SP";116;89;"PINDAMONHANGABA";"Falta de Atenção do Pedestre";"Atropelamento de Pedestre";"Com Vítimas Fatais";"Plena Noite";"Crescente";"Céu Claro";"Dupla";"Reta";"Não";2;1;0;0;0;1;0;2;-22,93930884;-45,37874708;"SPRF-SP";"DEL06-SP";"UOP01-DEL06-SP"
228252;2019-08-11;"domingo";"17:45:00";"MG";381;868;"POUSO ALEGRE";"Animais na Pista";"Saída de leito carroçável";"Com Vítimas Feridas";"Plena Noite";"Crescente";"Céu Claro";"Dupla";"Reta";"Não";2;0;1;0;1;0;1;1;-22,42008488;-45,96507626;"SPRF-MG";"DEL16-MG";"UOP01-DEL16-MG"
228253;2019-08-11;"domingo";"20:50:00";"RS";470;156,8;"NOVA PRATA";"Falta de Atenção à Condução";"Colisão traseira";"Com Vítimas Feridas";"Plena Noite";"Crescente";"Nublado";"Simples";"Reta";"Não";5;0;3;0;2;0;3;2;-28,78874508;-51,61532195;"SPRF-RS";"DEL06-RS";"UOP02-DEL06-RS"
228255;2019-08-11;"domingo";"22:15:00";"SP";116;273;"TABOAO DA SERRA";"Ingestão de Álcool";"Colisão frontal";"Com Vítimas Feridas";"Plena Noite";"Decrescente";"Nublado";"Simples";"Curva";"Sim";3;0;1;1;1;0;2;2;-23,62809795;-46,81870306;"SPRF-SP";"DEL04-SP";"UOP01-DEL04-SP"
228256;2019-08-11;"domingo";"23:00:00";"PR";476;128,2;"CURITIBA";"Velocidade Incompatível";"Colisão com objeto estático";"Sem Vítimas";"Plena Noite";"Decrescente";"Céu Claro";"Múltipla";"Curva";"Sim";1;0;0;0;1;0;0;1;-25,4342642;-49,23254728;"SPRF-PR";"DEL01-PR";"UOP07-DEL01-PR"
228261;2019-08-11;"domingo";"23:30:00";"PE";104;18;"TAQUARITINGA DO NORTE";"Ingestão de Álcool";"Colisão traseira";"Com Vítimas Fatais";"Plena Noite";"Crescente";"Ignorado";"Simples";"Reta";"Não";2;1;1;0;0;0;1;2;-7,94242;-36,126372;"SPRF-PE";"DEL02-PE";"UOP01-DEL02-PE"
228262;2019-08-12;"segunda-feira";"00:00:00";"SC";101;182;"BIGUACU";"Ingestão de Álcool";"Colisão com objeto estático";"Com Vítimas Feridas";"Plena Noite";"Decrescente";"Céu Claro";"Dupla";"Aclive";"Sim";3;0;2;1;0;0;3;1;-27,39798985;-48,6303592;"SPRF-SC";"DEL01-SC";"UOP01-DEL01-SC"
228263;2019-08-11;"domingo";"20:30:00";"RJ";116;170;"SAO JOAO DE MERITI";"Ingestão de Álcool";"Colisão com objeto estático";"Com Vítimas Feridas";"Plena Noite";"Crescente";"Céu Claro";"Múltipla";"Reta";"Sim";2;0;2;0;0;0;2;1;-22,81113183;-43,3336729;"SPRF-RJ";"DEL01-RJ";"UOP02-DEL01-RJ"
228264;2019-08-12;"segunda-feira";"00:05:00";"DF";20;24,6;"BRASILIA";"Velocidade Incompatível";"Saída de leito carroçável";"Com Vítimas Feridas";"Plena Noite";"Crescente";"Céu Claro";"Dupla";"Curva";"Não";3;0;1;0;1;1;1;1;-15,594831;-47,658615;"SPRF-DF";"DEL02-DF";"UOP01-DEL02-DF"
228265;2019-08-11;"domingo";"23:30:00";"SP";381;4;"VARGEM";"Falta de Atenção à Condução";"Colisão com objeto estático";"Com Vítimas Feridas";"Plena Noite";"Decrescente";"Céu Claro";"Múltipla";"Reta";"Sim";1;0;0;1;0;0;1;1;-22,8826217;-46,40779515;"SPRF-SP";"DEL03-SP";"UOP02-DEL03-SP"
228267;2019-08-12;"segunda-feira";"00:40:00";"GO";70;6,9;"AGUAS LINDAS DE GOIAS";"Falta de Atenção à Condução";"Colisão traseira";"Com Vítimas Feridas";"Plena Noite";"Decrescente";"Céu Claro";"Múltipla";"Reta";"Sim";3;0;1;0;2;0;1;2;-15,75049381;-48,2612381;"SPRF-DF";"DEL01-DF";"UOP02-DEL03-DF"
228268;2019-08-12;"segunda-feira";"00:00:00";"SP";153;160,5;"PROMISSAO";"Desobediência às normas de trânsito pelo condutor";"Colisão lateral";"Com Vítimas Feridas";"Plena Noite";"Decrescente";"Céu Claro";"Simples";"Reta";"Não";2;0;1;0;0;1;1;2;-21,50731997;-49,78041944;"SPRF-SP";"DEL07-SP";"UOP01-DEL07-SP"
228269;2019-08-11;"domingo";"19:00:00";"GO";153;430,3;"ANAPOLIS";"Velocidade Incompatível";"Saída de leito carroçável";"Com Vítimas Feridas";"Plena Noite";"Decrescente";"Céu Claro";"Dupla";"Reta";"Não";1;0;1;0;0;0;1;1;-16,25157;-48,99474;"SPRF-GO";"DEL02-GO";"UOP01-DEL02-GO"
228271;2019-08-11;"domingo";"23:00:00";"RN";406;110;"JOAO CAMARA";"Ingestão de Álcool";"Colisão frontal";"Com Vítimas Feridas";"Plena Noite";"Crescente";"Céu Claro";"Simples";"Reta";"Não";2;0;1;1;0;0;2;2;-5,55679765;-35,75381389;"SPRF-RN";"DEL02-RN";"UOP01-DEL02-RN"
228275;2019-08-11;"domingo";"22:30:00";"MG";116;136,5;"PONTO DOS VOLANTES";"Velocidade Incompatível";"Capotamento";"Com Vítimas Fatais";"Plena Noite";"Crescente";"Céu Claro";"Simples";"Reta";"Sim";2;1;0;0;1;0;0;1;-16,74070098;-41,50618287;"SPRF-MG";"DEL11-MG";"UOP02-DEL11-MG"
228276;2019-08-12;"segunda-feira";"02:10:00";"PR";116;17;"ANTONINA";"Falta de Atenção à Condução";"Saída de leito carroçável";"Com Vítimas Feridas";"Plena Noite";"Crescente";"Nevoeiro/Neblina";"Dupla";"Curva";"Não";3;0;1;0;2;0;1;1;-25,10305915;-48,70103892;"SPRF-PR";"DEL01-PR";"UOP02-DEL01-PR"
228279;2019-08-12;"segunda-feira";"03:20:00";"SC";470;57,5;"BLUMENAU";"Falta de Atenção à Condução";"Colisão com objeto estático";"Com Vítimas Fatais";"Plena Noite";"Crescente";"Nublado";"Simples";"Rotatória";"Sim";1;1;0;0;0;0;0;1;-26,88268907;-49,14150774;"SPRF-SC";"DEL04-SC";"UOP01-DEL04-SC"
228280;2019-08-12;"segunda-feira";"03:30:00";"RJ";116;265,9;"BARRA MANSA";"Animais na Pista";"Atropelamento de Animal";"Sem Vítimas";"Plena Noite";"Decrescente";"Nevoeiro/Neblina";"Dupla";"Curva";"Não";3;0;0;0;3;0;0;3;-22,58784914;-44,08578403;"SPRF-RJ";"DEL07-RJ";"UOP02-DEL07-RJ"
228283;2019-08-11;"domingo";"19:10:00";"SC";101;345,7;"TREZE DE MAIO";"Falta de Atenção à Condução";"Saída de leito carroçável";"Com Vítimas Feridas";"Plena Noite";"Crescente";"Céu Claro";"Dupla";"Reta";"Não";3;0;2;1;0;0;3;1;-28,54565997;-49,05345334;"SPRF-SC";"DEL02-SC";"UOP01-DEL02-SC"
228284;2019-08-11;"domingo";"18:30:00";"RJ";101;502;"ANGRA DOS REIS";"Falta de Atenção à Condução";"Colisão lateral";"Com Vítimas Feridas";"Plena Noite";"Crescente";"Ignorado";"Dupla";"Reta";"Sim";3;0;1;0;1;1;1;3;-22,929544;-44,380554;"SPRF-RJ";"DEL03-RJ";"UOP03-DEL03-RJ"
228286;2019-08-12;"segunda-feira";"06:30:00";"PE";232;133;"CARUARU";"Velocidade Incompatível";"Colisão traseira";"Sem Vítimas";"Pleno dia";"Crescente";"Chuva";"Dupla";"Reta";"Sim";2;0;0;0;2;0;0;2;-8,30607988;-36,01576003;"SPRF-PE";"DEL02-PE";"UOP03-DEL02-PE"
228287;2019-08-12;"segunda-feira";"06:20:00";"CE";222;5;"CAUCAIA";"Desobediência às normas de trânsito pelo condutor";"Colisão traseira";"Com Vítimas Fatais";"Pleno dia";"Crescente";"Céu Claro";"Múltipla";"Declive";"Sim";2;1;0;0;0;1;0;2;-3,74296918;-38,61330997;"SPRF-CE";"DEL01-CE";"UOP01-DEL01-CE"
228288;2019-08-12;"segunda-feira";"01:40:00";"RS";386;279,5;"SAO JOSE DO HERVAL";"Velocidade Incompatível";"Saída de leito carroçável";"Sem Vítimas";"Plena Noite";"Decrescente";"Nublado";"Simples";"Curva";"Não";1;0;0;0;0;1;0;1;-29,02360225;-52,31363297;"SPRF-RS";"DEL04-RS";"UOP03-DEL04-RS"
228290;2019-08-12;"segunda-feira";"06:50:00";"SC";101;61,2;"ARAQUARI";"Falta de Atenção à Condução";"Colisão lateral";"Com Vítimas Feridas";"Pleno dia";"Crescente";"Nublado";"Dupla";"Curva";"Não";2;0;1;0;1;0;1;2;-26,45500469;-48,77587438;"SPRF-SC";"DEL03-SC";"UOP02-DEL03-SC"
228292;2019-08-12;"segunda-feira";"06:40:00";"SC";101;209;"SAO JOSE";"Falta de Atenção à Condução";"Colisão traseira";"Com Vítimas Feridas";"Pleno dia";"Decrescente";"Céu Claro";"Múltipla";"Reta";"Sim";1;0;1;0;0;0;1;1;-27,61000542;-48,63895057;"SPRF-SC";"DEL01-SC";"UOP01-DEL01-SC"
228293;2019-08-12;"segunda-feira";"06:30:00";"PI";407;427;"GEMINIANO";"Desobediência às normas de trânsito pelo condutor";"Colisão transversal";"Com Vítimas Feridas";"Pleno dia";"Crescente";"Céu Claro";"Simples";"Curva";"Não";2;0;0;1;1;0;1;2;-7,10957791;-41,41291487;"SPRF-PI";"DEL04-PI";"UOP01-DEL04-PI"
228294;2019-08-12;"segunda-feira";"06:50:00";"SC";101;206;"SAO JOSE";"Desobediência às normas de trânsito pelo condutor";"Colisão traseira";"Com Vítimas Feridas";"Pleno dia";"Decrescente";"Céu Claro";"Dupla";"Reta";"Sim";1;0;0;1;0;0;1;1;-27,61000542;-48,63895057;"SPRF-SC";"DEL01-SC";"UOP01-DEL01-SC"