"id";"data_inversa";"dia_semana";"horario";"uf";"br";"km";"municipio";"causa_acidente";"tipo_acidente";"classificacao_acidente";"fase_dia";"sentido_via";"condicao_metereologica";"tipo_pista";"tracado_via";"uso_solo";"pessoas";"mortos";"feridos_leves";"feridos_graves";"ilesos";"ignorados";"feridos";"veiculos";"latitude";"longitude";"regional";"delegacia";"uop"
228410;2019-08-12;"segunda-feira";"13:05:00";"RJ";393;106,3;"SAPUCAIA";"Desobediência às normas de trânsito pelo condutor";"Colisão transversal";"Com Vítimas Feridas";"Pleno dia";"Crescente";"Céu Claro";"Simples";"Reta";"Sim";4;0;2;0;2;0;2;2;-21,88745596;-42,69804608;"SPRF-RJ";"DEL06-RJ";"UOP01-DEL05-RJ"
228411;2019-08-12;"segunda-feira";"17:30:00";"CE";116;155,2;"RUSSAS";"Falta de Atenção à Condução";"Colisão transversal";"Com Vítimas Feridas";"Anoitecer";"Crescente";"Céu Claro";"Simples";"Reta";"Não";2;0;2;0;0;0;2;2;-4,87649225;-38,02384339;"SPRF-CE";"DEL03-CE";"UOP01-DEL03-CE"
228412;2019-08-12;"segunda-feira";"16:00:00";"BA";101;365;"GANDU";"Falta de Atenção à Condução";"Colisão frontal";"Com Vítimas Feridas";"Pleno dia";"Crescente";"Sol";"Simples";"Reta";"Sim";2;0;1;0;1;0;1;2;-13,8723118;-39,49285679;"SPRF-BA";"DEL05-BA";"UOP03-DEL05-BA"
228413;2019-08-12;"segunda-feira";"17:45:00";"PR";277;726,4;"FOZ DO IGUACU";"Falta de Atenção à Condução";"Colisão transversal";"Com Vítimas Feridas";"Anoitecer";"Crescente";"Céu Claro";"Múltipla";"Rotatória";"Sim";2;0;1;0;1;0;1;2;-25,51016312;-54,55877066;"SPRF-PR";"DEL05-PR";"UOP03-DEL05-PR"
228414;2019-08-12;"segunda-feira";"18:00:00";"RJ";101;294;"ITABORAI";"Falta de Atenção à Condução";"Colisão traseira";"Com Vítimas Feridas";"Anoitecer";"Decrescente";"Céu Claro";"Dupla";"Reta";"Sim";5;0;0;1;4;0;1;3;-22,7584434;-42,89502344;"SPRF-RJ";"DEL02-RJ";"DEL5/2-UOP04/RJ"
228416;2019-08-12;"segunda-feira";"14:00:00";"RO";364;425;"JARU";"Falta de Atenção à Condução";"Colisão lateral";"Com Vítimas Feridas";"Pleno dia";"Decrescente";"Céu Claro";"Dupla";"Reta";"Sim";2;0;1;0;1;0;1;2;-10,43752488;-62,47169791;"SPRF-RO";"DEL03-RO";"UOP02-DEL03-RO"
228418;2019-08-12;"segunda-feira";"16:35:00";"SC";101;247,9;"PAULO LOPES";"Falta de Atenção à Condução";"Saída de leito carroçável";"Com Vítimas Fatais";"Pleno dia";"Decrescente";"Céu Claro";"Dupla";"Reta";"Não";1;1;0;0;0;0;0;1;-27,901682;-48,64892;"SPRF-SC";"DEL02-SC";"UOP03-DEL02-SC"
228420;2019-08-12;"segunda-feira";"17:50:00";"RS";116;222;"DOIS IRMAOS";"Falta de Atenção à Condução";"Colisão transversal";"Com Vítimas Feridas";"Anoitecer";"Crescente";"Garoa/Chuvisco";"Simples";"Interseção de Vias";"Sim";2;0;1;0;1;0;1;2;-29,58096695;-51,09515511;"SPRF-RS";"DEL01-RS";"UOP02-DEL01-RS"
228421;2019-08-12;"segunda-feira";"18:45:00";"SC";101;119;"ITAJAI";"Desobediência às normas de trânsito pelo condutor";"Colisão lateral";"Com Vítimas Feridas";"Plena Noite";"Crescente";"Nublado";"Dupla";"Reta";"Não";2;0;0;1;1;0;1;2;-26,9043179;-48,71555481;"SPRF-SC";"DEL04-SC";"UOP04-DEL04-SC"
228423;2019-08-12;"segunda-feira";"18:00:00";"PR";277;115;"CAMPO LARGO";"Falta de Atenção à Condução";"Saída de leito carroçável";"Com Vítimas Feridas";"Plena Noite";"Crescente";"Céu Claro";"Dupla";"Reta";"Sim";1;0;1;0;0;0;1;1;-25,44378249;-49,50482905;"SPRF-PR";"DEL01-PR";"UOP06-DEL01-PR"
228426;2019-08-12;"segunda-feira";"18:40:00";"GO";20;74,2;"FORMOSA";"Condutor Dormindo";"Saída de leito carroçável";"Com Vítimas Fatais";"Anoitecer";"Crescente";"Céu Claro";"Simples";"Reta";"Não";2;1;1;0;0;0;1;1;-15,136623;-47,130238;"SPRF-DF";"DEL02-DF";"UOP01-DEL02-DF"
228428;2019-08-12;"segunda-feira";"14:15:00";"BA";101;516,3;"ITABUNA";"Falta de Atenção à Condução";"Saída de leito carroçável";"Com Vítimas Feridas";"Pleno dia";"Decrescente";"Nublado";"Simples";"Reta";"Não";1;0;0;1;0;0;1;1;-15,03256192;-39,3300561;"SPRF-BA";"DEL05-BA";"UOP01-DEL05-BA"
228433;2019-08-12;"segunda-feira";"19:30:00";"SC";282;4;"SAO JOSE";"Não guardar distância de segurança";"Colisão traseira";"Com Vítimas Feridas";"Plena Noite";"Crescente";"Céu Claro";"Múltipla";"Reta";"Sim";2;0;1;0;1;0;1;2;-27,59670813;-48,60083697;"SPRF-SC";"DEL01-SC";"UOP01-DEL01-SC"
228434;2019-08-12;"segunda-feira";"19:50:00";"SE";101;142,6;"ESTANCIA";"Animais na Pista";"Atropelamento de Animal";"Com Vítimas Feridas";"Plena Noite";"Decrescente";"Nublado";"Dupla";"Reta";"Não";1;0;1;0;0;0;1;1;-11,1880435;-37,4042769;"SPRF-SE";"DEL02-SE";"UOP01-DEL02-SE"
228435;2019-08-12;"segunda-feira";"18:00:00";"RN";101;109;"PARNAMIRIM";"Desobediência às normas de trânsito pelo condutor";"Colisão traseira";"Com Vítimas Feridas";"Plena Noite";"Decrescente";"Céu Claro";"Dupla";"Declive";"Sim";2;0;1;0;1;0;1;2;-5,937378;-35,26483;"SPRF-RN";"DEL01-RN";"UOP01-DEL01-RN"
228436;2019-08-12;"segunda-feira";"20:05:00";"ES";101;150,1;"LINHARES";"Velocidade Incompatível";"Colisão com objeto estático";"Com Vítimas Feridas";"Plena Noite";"Crescente";"Céu Claro";"Múltipla";"Curva";"Sim";1;0;1;0;0;0;1;1;-19,40436634;-40,06078896;"SPRF-ES";"DEL04-ES";"UOP01-DEL04-ES"
228437;2019-08-12;"segunda-feira";"19:30:00";"GO";60;165;"GOIANIA";"Falta de Atenção à Condução";"Saída de leito carroçável";"Com Vítimas Feridas";"Plena Noite";"Crescente";"Nublado";"Dupla";"Curva";"Não";1;0;1;0;0;0;1;1;-16,7084;-49,3503;"SPRF-GO";"DEL01-GO";"UOP02-DEL01-GO"
228438;2019-08-12;"segunda-feira";"20:40:00";"PR";153;333,8;"IRATI";"Falta de Atenção à Condução";"Colisão transversal";"Com Vítimas Feridas";"Plena Noite";"Crescente";"Céu Claro";"Simples";"Reta;Aclive";"Sim";2;0;1;0;1;0;1;2;-25,47271703;-50,63775197;"SPRF-PR";"DEL03-PR";"UOP02-DEL08-PR"
228439;2019-08-12;"segunda-feira";"19:10:00";"RO";364;346;"JI-PARANA";"Falta de Atenção à Condução";"Colisão traseira";"Com Vítimas Feridas";"Plena Noite";"Crescente";"Céu Claro";"Simples";"Reta";"Sim";3;0;3;0;0;0;3;2;-10,865874;-61,968647;"SPRF-RO";"DEL02-RO";"UOP01-DEL02-RO"
228440;2019-08-08;"quinta-feira";"05:20:00";"MG";116;282,7;"TEOFILO OTONI";"Pista Escorregadia";"Saída de leito carroçável";"Com Vítimas Feridas";"Amanhecer";"Crescente";"Chuva";"Simples";"Curva";"Não";2;0;1;0;1;0;1;1;-17,902369;-41,522926;"SPRF-MG";"DEL11-MG";"UOP01-DEL11-MG"
228441;2019-08-12;"segunda-feira";"17:30:00";"AM";319;685;"HUMAITA";"Avarias e/ou desgaste excessivo no pneu";"Saída de leito carroçável";"Com Vítimas Feridas";"Anoitecer";"Decrescente";"Sol";"Simples";"Reta";"Não";1;0;1;0;0;0;1;1;-7,60789099;-63,07950746;"SPRF-RO";"DEL01-RO";"UOP05-DEL01-AM"
228442;2019-08-12;"segunda-feira";"17:30:00";"MG";116;524,1;"CARATINGA";"Falta de Atenção à Condução";"Colisão transversal";"Com Vítimas Feridas";"Anoitecer";"Crescente";"Céu Claro";"Simples";"Interseção de Vias";"Não";2;0;2;0;0;0;2;2;-19,76027352;-42,13398823;"SPRF-MG";"DEL06-MG";"UOP02-DEL06-MG"
228445;2019-08-12;"segunda-feira";"21:30:00";"PR";373;415;"CANDOI";"Falta de Atenção à Condução";"Colisão transversal";"Com Vítimas Feridas";"Plena Noite";"Decrescente";"Céu Claro";"Simples";"Reta";"Não";3;0;1;0;2;0;1;2;-25,6692179;-52,1228802;"SPRF-PR";"DEL03-PR";"UOP01-DEL08-PR"
228446;2019-08-12;"segunda-feira";"20:10:00";"MG";262;45,5;"MANHUACU";"Desobediência às normas de trânsito pelo condutor";"Colisão traseira";"Com Vítimas Feridas";"Plena Noite";"Crescente";"Céu Claro";"Simples";"Reta";"Não";3;0;0;1;1;1;1;3;-20,26145201;-42,09686296;"SPRF-MG";"DEL06-MG";"UOP03-DEL06-MG"
228447;2019-07-08;"segunda-feira";"05:50:00";"SC";101;145;"ITAPEMA";"Falta de Atenção à Condução";"Colisão traseira";"Com Vítimas Feridas";"Amanhecer";"Crescente";"Céu Claro";"Dupla";"Reta";"Sim";1;0;0;1;0;0;1;1;-27,08139206;-48,60130993;"SPRF-SC";"DEL04-SC";"UOP03-DEL04-SC"
228448;2019-08-12;"segunda-feira";"16:07:00";"PR";277;68;"SAO JOSE DOS PINHAIS";"Falta de Atenção à Condução";"Queda de ocupante de veículo";"Com Vítimas Feridas";"Pleno dia";"Crescente";"Céu Claro";"Simples";"Reta";"Sim";1;0;1;0;0;0;1;1;-25,54112281;-49,06183391;"SPRF-PR";"DEL01-PR";"UOP07-DEL01-PR"
228449;2019-08-12;"segunda-feira";"19:50:00";"MG";262;37,4;"MANHUACU";"Falta de Atenção à Condução";"Colisão lateral";"Com Vítimas Feridas";"Plena Noite";"Decrescente";"Céu Claro";"Simples";"Interseção de Vias";"Sim";2;0;1;0;1;0;1;2;-20,25748975;-42,03048732;"SPRF-MG";"DEL06-MG";"UOP03-DEL06-MG"
228451;2019-08-12;"segunda-feira";"22:30:00";"BA";116;815,1;"VITORIA DA CONQUISTA";"Ingestão de Álcool";"Colisão traseira";"Com Vítimas Feridas";"Plena Noite";"Decrescente";"Céu Claro";"Simples";"Reta";"Sim";3;0;1;0;2;0;1;2;-14,77315332;-40,72201784;"SPRF-BA";"DEL08-BA";"UOP01-DEL08-BA"
228452;2019-08-12;"segunda-feira";"22:20:00";"CE";20;407;"CAUCAIA";"Falta de Atenção à Condução";"Queda de ocupante de veículo";"Com Vítimas Feridas";"Plena Noite";"Decrescente";"Céu Claro";"Dupla";"Reta";"Não";2;0;2;0;0;0;2;1;-3,76999035;-38,67006282;"SPRF-CE";"DEL01-CE";"UOP01-DEL01-CE"
228454;2019-08-12;"segunda-feira";"21:50:00";"MT";163;829;"SINOP";"Falta de Atenção à Condução";"Queda de ocupante de veículo";"Com Vítimas Feridas";"Plena Noite";"Crescente";"Céu Claro";"Dupla";"Reta";"Não";1;0;1;0;0;0;1;1;-12,040704;-55,51732275;"SPRF-MT";"DEL06-MT";"UOP01-DEL06-MT"
228455;2019-08-12;"segunda-feira";"21:36:00";"RR";174;501,7;"BOA VISTA";"Deficiência ou não Acionamento do Sistema de Iluminação/Sinalização do Veículo";"Colisão traseira";"Com Vítimas Feridas";"Plena Noite";"Decrescente";"Céu Claro";"Dupla";"Curva";"Sim";2;0;0;1;0;1;1;2;2,781689;-60,703827;"SPRF-RR";"DEL01-RR";"UOP01-DEL01-RR"
228456;2019-08-12;"segunda-feira";"23:30:00";"MG";262;563,3;"CORREGO DANTA";"Velocidade Incompatível";"Saída de leito carroçável";"Com Vítimas Feridas";"Plena Noite";"Decrescente";"Céu Claro";"Simples";"Reta";"Não";1;0;0;1;0;0;1;1;-19,74408259;-45,96284109;"SPRF-MG";"DEL08-MG";"UOP02-DEL08-MG"
228457;2019-08-13;"terça-feira";"00:15:00";"DF";60;1;"BRASILIA";"Condutor Dormindo";"Colisão com objeto estático";"Com Vítimas Feridas";"Plena Noite";"Decrescente";"Céu Claro";"Simples";"Reta";"Sim";1;0;0;1;0;0;1;1;-15,885093;-48,068954;"SPRF-DF";"DEL01-DF";"UOP01-DEL03-DF"
228458;2019-08-13;"terça-feira";"00:00:00";"RN";405;145,9;"PAU DOS FERROS";"Ingestão de Álcool";"Colisão transversal";"Com Vítimas Fatais";"Plena Noite";"Decrescente";"Céu Claro";"Simples";"Reta";"Não";2;1;0;0;0;1;0;2;-6,06203207;-38,20291781;"SPRF-RN";"DEL04-RN";"UOP02-DEL04-RN"
228459;2019-08-12;"segunda-feira";"14:50:00";"MG";381;166,9;"GOVERNADOR VALADARES";"Desobediência às normas de trânsito pelo condutor";"Colisão transversal";"Com Vítimas Feridas";"Pleno dia";"Crescente";"Sol";"Simples";"Curva";"Sim";2;0;0;1;1;0;1;2;-18,95243865;-42,07229536;"SPRF-MG";"DEL06-MG";"UOP01-DEL06-MG"
228460;2019-08-13;"terça-feira";"00:05:00";"RJ";101;195;"CASIMIRO DE ABREU";"Animais na Pista";"Atropelamento de Animal";"Com Vítimas Feridas";"Plena Noite";"Decrescente";"Céu Claro";"Dupla";"Reta";"Não";2;0;1;0;1;0;1;1;-22,49220783;-42,10020136;"SPRF-RJ";"DEL02-RJ";"UOP04-DEL08-RJ"
228461;2019-08-12;"segunda-feira";"23:15:00";"RS";293;157,8;"HULHA NEGRA";"Ultrapassagem Indevida";"Colisão frontal";"Com Vítimas Fatais";"Plena Noite";"Decrescente";"Céu Claro";"Simples";"Reta";"Não";3;1;1;0;0;1;1;3;-31,39090825;-53,83969404;"SPRF-RS";"DEL11-RS";"UOP03-DEL11-RS"
228462;2019-08-13;"terça-feira";"00:00:00";"MG";40;517;"RIBEIRAO DAS NEVES";"Não guardar distância de segurança";"Colisão traseira";"Sem Vítimas";"Plena Noite";"Decrescente";"Céu Claro";"Dupla";"Retorno Regulamentado";"Sim";2;0;0;0;2;0;0;2;-19,82351202;-44,08438913;"SPRF-MG";"DEL01-MG";"UOP02-DEL01-MG"
228464;2019-08-13;"terça-feira";"00:20:00";"MG";365;107;"JEQUITAI";"Animais na Pista";"Atropelamento de Animal";"Com Vítimas Feridas";"Plena Noite";"Crescente";"Céu Claro";"Simples";"Reta";"Não";3;0;1;0;2;0;1;1;-17,20694198;-44,587357;"SPRF-MG";"DEL12-MG";"UOP01-DEL12-MG"
228465;2019-08-13;"terça-feira";"01:40:00";"ES";101;298;"VIANA";"Falta de Atenção à Condução";"Colisão frontal";"Com Vítimas Feridas";"Plena Noite";"Decrescente";"Céu Claro";"Dupla";"Reta";"Sim";2;0;1;0;1;0;1;2;-20,35374444;-40,4156433;"SPRF-ES";"DEL01-ES";"UOP01-DEL01-ES"
228467;2019-08-13;"terça-feira";"03:50:00";"PE";232;80,8;"GRAVATA";"Ingestão de Álcool";"Saída de leito carroçável";"Com Vítimas Feridas";"Plena Noite";"Decrescente";"Nublado";"Múltipla";"Reta";"Sim";1;0;1;0;0;0;1;1;-8,19579864;-35,56962305;"SPRF-PE";"DEL01-PE";"UOP02-DEL02PE"
228469;2019-08-13;"terça-feira";"05:00:00";"MG";50;140;"UBERABA";"Falta de Atenção à Condução";"Atropelamento de Pedestre";"Com Vítimas Feridas";"Plena Noite";"Decrescente";"Céu Claro";"Dupla";"Reta;Declive";"Não";2;0;0;1;0;1;1;2;-19,47657604;-48,05332612;"SPRF-MG";"DEL13-MG";"UOP01-DEL13-MG"
228470;2019-08-13;"terça-feira";"00:15:00";"RS";386;370;"FAZENDA VILANOVA";"Mal Súbito";"Tombamento";"Com Vítimas Feridas";"Plena Noite";"Crescente";"Nublado";"Dupla";"Curva";"Não";1;0;1;0;0;0;1;1;-29,591442;-51,822659;"SPRF-RS";"DEL04-RS";"UOP02-DEL04-RS"
228471;2019-08-13;"terça-feira";"05:30:00";"RS";386;372;"FAZENDA VILANOVA";"Condutor Dormindo";"Saída de leito carroçável";"Sem Vítimas";"Plena Noite";"Crescente";"Céu Claro";"Dupla";"Curva";"Não";1;0;0;0;1;0;0;1;-29,60480478;-51,81152344;"SPRF-RS";"DEL04-RS";"UOP02-DEL04-RS"
228473;2019-08-13;"terça-feira";"06:30:00";"CE";222;5;"CAUCAIA";"Falta de Atenção à Condução";"Colisão transversal";"Sem Vítimas";"Pleno dia";"Decrescente";"Céu Claro";"Dupla";"Reta";"Sim";2;0;0;0;1;1;0;2;-3,74296918;-38,61330997;"SPRF-CE";"DEL01-CE";"UOP01-DEL01-CE"
228474;2019-08-13;"terça-feira";"06:00:00";"PB";230;22;"JOAO PESSOA";"Defeito Mecânico no Veículo";"Queda de ocupante de veículo";"Com Vítimas Feridas";"Pleno dia";"Decrescente";"Céu Claro";"Dupla";"Reta";"Sim";2;0;2;0;0;0;2;1;-7,1495;-34,8517;"SPRF-PB";"DEL01-PB";"UOP01-DEL01-PB"
228477;2019-08-13;"terça-feira";"06:45:00";"SE";235;34,5;"AREIA BRANCA";"Condutor Dormindo";"Colisão traseira";"Com Vítimas Feridas";"Pleno dia";"Decrescente";"Chuva";"Simples";"Declive";"Sim";3;0;1;0;2;0;1;2;-10,760385;-37,313049;"SPRF-SE";"DEL01-SE";"UOP02-DEL01-SE"
228485;2019-08-13;"terça-feira";"07:00:00";"SC";101;208,4;"SAO JOSE";"Velocidade Incompatível";"Colisão traseira";"Com Vítimas Feridas";"Pleno dia";"Decrescente";"Sol";"Dupla";"Reta";"Sim";2;0;1;0;1;0;1;2;-27,60327979;-48,63201818;"SPRF-SC";"DEL01-SC";"UOP01-DEL01-SC"
228486;2019-08-13;"terça-feira";"07:10:00";"PE";428;186,8;"PETROLINA";"Falta de Atenção à Condução";"Colisão lateral";"Com Vítimas Feridas";"Pleno dia";"Crescente";"Sol";"Simples";"Reta";"Sim";3;0;1;0;2;0;1;3;-9,34807826;-40,47441248;"SPRF-PE";"DEL06-PE";"UOP01-DEL06-PE"
228487;2019-08-13;"terça-feira";"07:10:00";"ES";101;375,9;"ICONHA";"Velocidade Incompatível";"Colisão com objeto estático";"Com Vítimas Feridas";"Amanhecer";"Decrescente";"Céu Claro";"Simples";"Interseção de Vias";"Sim";1;0;0;1;0;0;1;1;-20,78856;-40,795613;"SPRF-ES";"DEL03-ES";"UOP01-DEL03-ES"
228488;2019-08-13;"terça-feira";"07:30:00";"ES";101;298;"VIANA";"Falta de Atenção à Condução";"Colisão lateral";"Com Vítimas Feridas";"Pleno dia";"Crescente";"Céu Claro";"Dupla";"Reta";"Não";3;0;1;0;2;0;1;2;-20,35374444;-40,4156433;"SPRF-ES";"DEL01-ES";"UOP01-DEL01-ES"
228489;2019-08-13;"terça-feira";"07:20:00";"GO";70;1;"AGUAS LINDAS DE GOIAS";"Falta de Atenção à Condução";"Colisão lateral";"Com Vítimas Feridas";"Pleno dia";"Decrescente";"Céu Claro";"Dupla";"Reta";"Não";3;0;1;0;2;0;1;3;-15,77579351;-48,23259001;"SPRF-DF";"DEL01-DF";"UOP02-DEL03-DF"
228491;2019-08-13;"terça-feira";"07:20:00";"GO";40;7,9;"LUZIANIA";"Falta de Atenção à Condução";"Colisão traseira";"Com Vítimas Feridas";"Pleno dia";"Decrescente";"Céu Claro";"Dupla";"Reta";"Sim";2;0;1;0;1;0;1;2;-16,108482;-47,972524;"SPRF-DF";"DEL01-DF";"UOP01-DEL01-DF"
228493;2019-08-13;"terça-feira";"07:50:00";"PE";101;67,1;"RECIFE";"Falta de Atenção à Condução";"Colisão lateral";"Com Vítimas Feridas";"Pleno dia";"Crescente";"Céu Claro";"Dupla";"Reta";"Sim";2;0;1;0;1;0;1;2;-8,042334;-34,943096;"SPRF-PE";"DEL01-PE";"UOP01-DEL01-PE"
228494;2019-05-03;"sexta-feira";"13:00:00";"RJ";101;542;"PARATY";"Defeito na Via";"Danos eventuais";"Com Vítimas Feridas";"Pleno dia";"Crescente";"Céu Claro";"Simples";"Reta";"Não";2;0;1;0;1;0;1;1;-23,0513621;-44,65004683;"SPRF-RJ";"DEL03-RJ";"UOP02-DEL03-RJ"
228496;2019-07-12;"sexta-feira";"10:40:00";"SC";101;265,7;"PAULO LOPES";"Fenômenos da Natureza";"Colisão com objeto estático";"Sem Vítimas";"Pleno dia";"Crescente";"Céu Claro";"Dupla";"Reta";"Sim";1;0;0;0;1;0;0;1;-28,06001385;-48,71690948;"SPRF-SC";"DEL02-SC";"UOP03-DEL02-SC"
228497;2019-08-13;"terça-feira";"08:00:00";"RN";226;16,1;"MACAIBA";"Não guardar distância de segurança";"Colisão traseira";"Sem Vítimas";"Pleno dia";"Decrescente";"Céu Claro";"Simples";"Rotatória";"Sim";4;0;0;0;4;0;0;2;-5,862697;-35,34282913;"SPRF-RN";"DEL01-RN";"UOP02-DEL01-RN"
228498;2019-08-13;"terça-feira";"07:30:00";"TO";153;677,2;"GURUPI";"Falta de Atenção à Condução";"Colisão transversal";"Com Vítimas Feridas";"Pleno dia";"Crescente";"Céu Claro";"Simples";"Reta";"Não";2;0;1;0;1;0;1;2;-11,76744485;-49,10187819;"SPRF-TO";"DEL02-TO";"UOP02-DEL01-TO"
228499;2019-08-13;"terça-feira";"08:10:00";"CE";116;5,8;"FORTALEZA";"Não guardar distância de segurança";"Colisão traseira";"Com Vítimas Feridas";"Pleno dia";"Decrescente";"Céu Claro";"Múltipla";"Reta;Declive";"Sim";4;0;2;0;2;0;2;3;-3,79467116;-38,50772734;"SPRF-CE";"DEL01-CE";"UOP02-DEL01-CE"
228501;2019-08-13;"terça-feira";"08:10:00";"RJ";101;312,5;"SAO GONCALO";"Falta de Atenção à Condução";"Colisão traseira";"Com Vítimas Feridas";"Pleno dia";"Crescente";"Céu Claro";"Simples";"Reta";"Sim";2;0;1;0;1;0;1;2;-22,80546555;-43,06156967;"SPRF-RJ";"DEL02-RJ";"DEL5/2-UOP04/RJ"
228502;2019-08-13;"terça-feira";"07:50:00";"GO";60;43,1;"APARECIDA DE GOIANIA";"Falta de Atenção à Condução";"Colisão transversal";"Com Vítimas Feridas";"Pleno dia";"Crescente";"Céu Claro";"Dupla";"Rotatória";"Sim";3;0;1;0;2;0;1;2;-16,8101;-49,2397;"SPRF-GO";"DEL01-GO";"UOP03-DEL01-GO"
228503;2019-08-13;"terça-feira";"04:45:00";"RS";158;230,4;"CRUZ ALTA";"Velocidade Incompatível";"Saída de leito carroçável";"Com Vítimas Fatais";"Plena Noite";"Crescente";"Céu Claro";"Simples";"Curva";"Não";1;1;0;0;0;0;0;1;-28,94611948;-53,64830017;"SPRF-RS";"DEL10-RS";"UOP02-DEL10-RS"
228504;2019-08-13;"terça-feira";"08:40:00";"SP";153;59;"SAO JOSE DO RIO PRETO";"Desobediência às normas de trânsito pelo condutor";"Colisão lateral";"Com Vítimas Feridas";"Pleno dia";"Crescente";"Céu Claro";"Simples";"Reta";"Sim";2;0;1;0;1;0;1;2;-20,78733103;-49,35399276;"SPRF-SP";"DEL09-SP";"UOP01-DEL09-SP"
228505;2019-08-13;"terça-feira";"06:30:00";"PR";376;601,5;"CURITIBA";"Falta de Atenção à Condução";"Colisão com objeto estático";"Com Vítimas Feridas";"Amanhecer";"Crescente";"Céu Claro";"Dupla";"Interseção de Vias";"Não";1;0;1;0;0;0;1;1;-25,54307687;-49,3081978;"SPRF-PR";"DEL01-PR";"UOP06-DEL01-PR"
228506;2019-08-13;"terça-feira";"08:45:00";"CE";222;12;"CAUCAIA";"Carga excessiva e/ou mal acondicionada";"Queda de ocupante de veículo";"Com Vítimas Feridas";"Pleno dia";"Crescente";"Céu Claro";"Simples";"Reta";"Não";1;0;1;0;0;0;1;1;-3,76324152;-38,67721796;"SPRF-CE";"DEL01-CE";"UOP01-DEL01-CE"
228508;2019-08-13;"terça-feira";"08:30:00";"ES";101;267,2;"SERRA";"Falta de Atenção do Pedestre";"Atropelamento de Pedestre";"Com Vítimas Feridas";"Pleno dia";"Decrescente";"Sol";"Dupla";"Reta";"Sim";2;0;2;0;0;0;2;2;-20,19930999;-40,26884609;"SPRF-ES";"DEL02-ES";"UOP01-DEL02-ES"
228509;2019-07-17;"quarta-feira";"17:20:00";"PR";469;17,3;"FOZ DO IGUACU";"Falta de Atenção à Condução";"Engavetamento";"Com Vítimas Feridas";"Pleno dia";"Decrescente";"Céu Claro";"Simples";"Reta";"Não";4;0;1;0;3;0;1;4;-25,5906;-54,5172;"SPRF-PR";"DEL05-PR";"UOP04-DEL05-PR"
228511;2019-08-13;"terça-feira";"07:15:00";"RS";290;94;"PORTO ALEGRE";"Defeito Mecânico no Veículo";"Incêndio";"Sem Vítimas";"Pleno dia";"Decrescente";"Céu Claro";"Simples";"Reta";"Sim";1;0;0;0;0;1;0;1;-29,973856;-51,197853;"SPRF-RS";"DEL01-RS";"UOP01-DEL01-RS"
228513;2019-08-13;"terça-feira";"08:30:00";"PI";343;4,8;"TERESINA";"Não guardar distância de segurança";"Engavetamento";"Com Vítimas Feridas";"Pleno dia";"Decrescente";"Céu Claro";"Dupla";"Reta";"Sim";3;0;1;0;1;1;1;3;-5,08142667;-42,79254963;"SPRF-PI";"DEL01-PI";"UOP01-DEL01-PI"
228514;2019-08-13;"terça-feira";"08:00:00";"SP";381;88;"SAO PAULO";"Falta de Atenção à Condução";"Colisão lateral";"Com Vítimas Feridas";"Pleno dia";"Crescente";"Nublado";"Múltipla";"Reta";"Sim";1;0;1;0;0;0;1;1;-23,47469314;-46,56112919;"SPRF-SP";"DEL03-SP";"UOP01-DEL03-SP"
228515;2019-08-13;"terça-feira";"08:40:00";"MG";116;415;"GOVERNADOR VALADARES";"Não guardar distância de segurança";"Colisão traseira";"Com Vítimas Feridas";"Pleno dia";"Decrescente";"Céu Claro";"Múltipla";"Retorno Regulamentado";"Sim";3;0;2;0;1;0;2;2;-18,88401297;-41,94924399;"SPRF-MG";"DEL06-MG";"UOP01-DEL06-MG"
228516;2019-08-13;"terça-feira";"09:15:00";"SP";116;145;"SAO JOSE DOS CAMPOS";"Falta de Atenção à Condução";"Tombamento";"Com Vítimas Feridas";"Pleno dia";"Crescente";"Céu Claro";"Dupla";"Reta";"Não";1;0;1;0;0;0;1;1;-23,1869844;-45,8548078;"SPRF-SP";"DEL02-SP";"UOP01-DEL02-SP"
228519;2019-08-13;"terça-feira";"09:00:00";"PR";277;267,5;"PRUDENTOPOLIS";"Velocidade Incompatível";"Saída de leito carroçável";"Com Vítimas Feridas";"Pleno dia";"Decrescente";"Chuva";"Simples";"Curva";"Não";4;0;3;0;1;0;3;1;-25,39781597;-50,80016994;"SPRF-PR";"DEL03-PR";"UOP02-DEL08-PR"
228520;2019-08-13;"terça-feira";"08:40:00";"MG";40;530;"BELO HORIZONTE";"Falta de Atenção à Condução";"Queda de ocupante de veículo";"Com Vítimas Feridas";"Pleno dia";"Crescente";"Céu Claro";"Dupla";"Curva";"Sim";2;0;2;0;0;0;2;1;-19,92064782;-44,0335681;"SPRF-MG";"DEL01-MG";"UOP02-DEL01-MG"
228522;2019-08-13;"terça-feira";"06:00:00";"RR";174;397,2;"IRACEMA";"Animais na Pista";"Atropelamento de Animal";"Com Vítimas Feridas";"Amanhecer";"Crescente";"Nublado";"Dupla";"Reta";"Não";3;0;2;0;1;0;2;2;2,067249;-61,086675;"SPRF-RR";"DEL01-RR";"UOP01-DEL01-RR"
228526;2019-08-13;"terça-feira";"09:30:00";"RJ";40;105;"DUQUE DE CAXIAS";"Falta de Atenção à Condução";"Colisão com objeto estático";"Com Vítimas Feridas";"Pleno dia";"Crescente";"Céu Claro";"Dupla";"Reta";"Sim";1;0;1;0;0;0;1;1;-22,63784806;-43,28428824;"SPRF-RJ";"DEL01-RJ";"UOP01-DEL01-RJ"