"id";"data_inversa";"dia_semana";"horario";"uf";"br";"km";"municipio";"causa_acidente";"tipo_acidente";"classificacao_acidente";"fase_dia";"sentido_via";"condicao_metereologica";"tipo_pista";"tracado_via";"uso_solo";"pessoas";"mortos";"feridos_leves";"feridos_graves";"ilesos";"ignorados";"feridos";"veiculos";"latitude";"longitude";"regional";"delegacia";"uop"
228527;2019-08-02;"sexta-feira";"07:45:00";"MG";381;361;"JOAO MONLEVADE";"Desobediência às normas de trânsito pelo condutor";"Colisão lateral";"Com Vítimas Feridas";"Pleno dia";"Decrescente";"Céu Claro";"Simples";"Retorno Regulamentado";"Sim";2;0;0;1;1;0;1;2;-19,83954443;-43,19670796;"SPRF-MG";"DEL03-MG";"UOP01-DEL03-MG"
228528;2019-08-13;"terça-feira";"10:45:00";"MG";381;702;"LAVRAS";"Falta de Atenção à Condução";"Queda de ocupante de veículo";"Com Vítimas Feridas";"Pleno dia";"Decrescente";"Céu Claro";"Dupla";"Reta";"Não";2;0;1;0;1;0;1;1;-21,32686224;-45,16839467;"SPRF-MG";"DEL04-MG";"UOP02-DEL04-MG"
228529;2019-08-13;"terça-feira";"11:20:00";"ES";101;298,6;"VIANA";"Objeto estático sobre o leito carroçável";"Colisão com objeto estático";"Com Vítimas Feridas";"Pleno dia";"Crescente";"Sol";"Múltipla";"Reta";"Sim";1;0;1;0;0;0;1;1;-20,35374444;-40,4156433;"SPRF-ES";"DEL01-ES";"UOP01-DEL01-ES"
228530;2019-08-13;"terça-feira";"09:40:00";"MA";10;254,9;"IMPERATRIZ";"Desobediência às normas de trânsito pelo condutor";"Colisão transversal";"Com Vítimas Feridas";"Pleno dia";"Decrescente";"Céu Claro";"Múltipla";"Interseção de Vias";"Sim";2;0;1;0;1;0;1;2;-5,517879;-47,471581;"SPRF-MA";"DEL04-MA";"UOP01-DEL04-MA"
228532;2019-08-13;"terça-feira";"11:00:00";"MG";381;317;"NOVA ERA";"Velocidade Incompatível";"Saída de leito carroçável";"Com Vítimas Feridas";"Pleno dia";"Decrescente";"Céu Claro";"Simples";"Curva;Declive";"Não";1;0;0;1;0;0;1;1;-19,6784343;-42,97963142;"SPRF-MG";"DEL03-MG";"UOP02-DEL03-MG"
228533;2019-08-13;"terça-feira";"11:30:00";"MG";50;68,5;"UBERLANDIA";"Velocidade Incompatível";"Colisão lateral";"Com Vítimas Feridas";"Pleno dia";"Crescente";"Céu Claro";"Dupla";"Reta";"Sim";2;0;2;0;0;0;2;2;-18,85140204;-48,25345932;"SPRF-MG";"DEL15-MG";"UOP01-DEL15-MG"
228534;2019-08-13;"terça-feira";"11:30:00";"CE";222;35,5;"CAUCAIA";"Não guardar distância de segurança";"Engavetamento";"Sem Vítimas";"Pleno dia";"Crescente";"Céu Claro";"Simples";"Reta";"Não";4;0;0;0;4;0;0;4;-3,700936;-38,8647996;"SPRF-CE";"DEL01-CE";"UOP01-DEL01-CE"
228536;2019-08-13;"terça-feira";"12:10:00";"ES";262;16;"VIANA";"Falta de Atenção à Condução";"Colisão transversal";"Com Vítimas Feridas";"Pleno dia";"Crescente";"Sol";"Simples";"Reta";"Não";2;0;0;1;1;0;1;2;-20,38441093;-40,463078;"SPRF-ES";"DEL01-ES";"UOP01-DEL01-ES"
228537;2019-08-13;"terça-feira";"11:40:00";"PR";373;280,1;"PRUDENTOPOLIS";"Pista Escorregadia";"Tombamento";"Com Vítimas Feridas";"Pleno dia";"Crescente";"Sol";"Simples";"Declive;Reta";"Não";1;0;1;0;0;0;1;1;-25,27674773;-51,10882819;"SPRF-PR";"DEL03-PR";"UOP01-DEL03-PR"
228539;2019-08-13;"terça-feira";"11:50:00";"MG";364;26,5;"FRUTAL";"Falta de Atenção à Condução";"Colisão traseira";"Com Vítimas Feridas";"Pleno dia";"Crescente";"Céu Claro";"Simples";"Reta";"Não";2;0;1;0;1;0;1;2;-20,02722587;-48,88692856;"SPRF-MG";"DEL13-MG";"UOP02-DEL13-MG"
228541;2019-08-13;"terça-feira";"07:20:00";"RS";392;81;"PELOTAS";"Defeito na Via";"Tombamento";"Com Vítimas Feridas";"Pleno dia";"Crescente";"Céu Claro";"Simples";"Em Obras";"Não";1;0;1;0;0;0;1;1;-31,66857878;-52,46031269;"SPRF-RS";"DEL07-RS";"UOP01-DEL07-RS"
228542;2019-08-13;"terça-feira";"12:45:00";"SC";101;204,8;"SAO JOSE";"Falta de Atenção à Condução";"Colisão traseira";"Com Vítimas Feridas";"Pleno dia";"Decrescente";"Céu Claro";"Dupla";"Reta";"Sim";2;0;2;0;0;0;2;1;-27,57413014;-48,61363083;"SPRF-SC";"DEL01-SC";"UOP01-DEL01-SC"
228543;2019-07-16;"terça-feira";"20:00:00";"PA";308;169,1;"CAPANEMA";"Falta de Atenção do Pedestre";"Atropelamento de Pedestre";"Com Vítimas Fatais";"Plena Noite";"Crescente";"Chuva";"Simples";"Reta";"Não";3;1;0;0;1;1;0;2;-1,18925611;-47,02709397;"SPRF-PA";"DEL01-PA";"UOP03-DEL01-PA"
228544;2019-08-13;"terça-feira";"12:50:00";"RS";158;212;"CRUZ ALTA";"Sinalização da via insuficiente ou inadequada";"Atropelamento de Pedestre";"Com Vítimas Feridas";"Pleno dia";"Crescente";"Céu Claro";"Simples";"Aclive";"Não";3;0;0;1;1;1;1;2;-28,79148191;-53,60246024;"SPRF-RS";"DEL10-RS";"UOP02-DEL10-RS"
228547;2019-08-13;"terça-feira";"09:30:00";"MG";262;38,5;"MANHUACU";"Não guardar distância de segurança";"Colisão traseira";"Sem Vítimas";"Pleno dia";"Decrescente";"Céu Claro";"Simples";"Reta";"Sim";2;0;0;0;2;0;0;2;-20,27636787;-42,05360413;"SPRF-MG";"DEL06-MG";"UOP03-DEL06-MG"
228549;2019-07-29;"segunda-feira";"16:00:00";"ES";101;458,5;"MIMOSO DO SUL";"Velocidade Incompatível";"Colisão lateral";"Com Vítimas Feridas";"Pleno dia";"Decrescente";"Garoa/Chuvisco";"Simples";"Reta";"Não";3;0;2;0;1;0;2;2;-21,20215642;-41,30074807;"SPRF-ES";"DEL03-ES";"UOP02-DEL03-ES"
228551;2019-08-13;"terça-feira";"13:20:00";"RS";153;44,4;"ERECHIM";"Desobediência às normas de trânsito pelo condutor";"Colisão transversal";"Com Vítimas Feridas";"Pleno dia";"Crescente";"Céu Claro";"Simples";"Interseção de Vias";"Sim";3;0;1;0;2;0;1;2;-27,62312752;-52,23687793;"SPRF-RS";"DEL08-RS";"UOP04-DEL08-RS"
228553;2019-08-13;"terça-feira";"12:13:00";"PR";277;670,2;"MEDIANEIRA";"Avarias e/ou desgaste excessivo no pneu";"Tombamento";"Com Vítimas Feridas";"Pleno dia";"Crescente";"Céu Claro";"Dupla";"Reta";"Sim";1;0;1;0;0;0;1;1;-25,28037085;-54,07911108;"SPRF-PR";"DEL05-PR";"UOP02-DEL05-PR"
228554;2019-08-05;"segunda-feira";"20:50:00";"RS";116;264;"CANOAS";"Falta de Atenção à Condução";"Colisão traseira";"Com Vítimas Feridas";"Plena Noite";"Decrescente";"Céu Claro";"Múltipla";"Reta";"Não";2;0;1;0;1;0;1;2;-29,914435;-51,17754495;"SPRF-RS";"DEL01-RS";"UOP01-DEL01-RS"
228555;2019-06-09;"domingo";"14:20:00";"SP";116;147,9;"SAO JOSE DOS CAMPOS";"Falta de Atenção à Condução";"Colisão transversal";"Com Vítimas Feridas";"Pleno dia";"Crescente";"Céu Claro";"Dupla";"Reta";"Sim";2;0;0;1;1;0;1;2;-23,20067421;-45,8795018;"SPRF-SP";"DEL02-SP";"UOP01-DEL02-SP"
228556;2019-08-13;"terça-feira";"13:00:00";"MT";364;273,9;"JACIARA";"Falta de Atenção do Pedestre";"Atropelamento de Pedestre";"Com Vítimas Fatais";"Pleno dia";"Decrescente";"Céu Claro";"Dupla";"Reta";"Sim";3;1;0;1;0;1;1;2;-15,96077957;-54,96772983;"SPRF-MT";"DEL02-MT";"UOP02-DEL05-MT"
228558;2019-08-13;"terça-feira";"14:35:00";"SC";282;3,5;"FLORIANOPOLIS";"Defeito Mecânico no Veículo";"Incêndio";"Sem Vítimas";"Pleno dia";"Decrescente";"Céu Claro";"Múltipla";"Reta";"Sim";1;0;0;0;1;0;0;1;-27,600384;-48,599705;"SPRF-SC";"DEL01-SC";"UOP01-DEL01-SC"
228559;2019-08-13;"terça-feira";"13:40:00";"RS";470;164;"VILA FLORES";"Velocidade Incompatível";"Saída de leito carroçável";"Com Vítimas Feridas";"Pleno dia";"Crescente";"Céu Claro";"Simples";"Curva";"Não";1;0;1;0;0;0;1;1;-28,83381495;-51,57472392;"SPRF-RS";"DEL06-RS";"UOP02-DEL06-RS"
228562;2019-08-13;"terça-feira";"13:00:00";"PR";376;271;"MARILANDIA DO SUL";"Falta de Atenção à Condução";"Queda de ocupante de veículo";"Com Vítimas Feridas";"Pleno dia";"Decrescente";"Céu Claro";"Dupla";"Em Obras";"Não";1;0;1;0;0;0;1;1;-23,77371498;-51,26875494;"SPRF-PR";"DEL07-PR";"UOP02-DEL07-PR"
228563;2019-08-13;"terça-feira";"13:30:00";"PR";163;215,4;"CASCAVEL";"Velocidade Incompatível";"Tombamento";"Com Vítimas Feridas";"Pleno dia";"Crescente";"Céu Claro";"Simples";"Curva";"Não";1;0;1;0;0;0;1;1;-25,002954;-53,554954;"SPRF-PR";"DEL04-PR";"UOP01-DEL04-PR"
228565;2019-08-13;"terça-feira";"13:35:00";"MT";163;526;"DIAMANTINO";"Falta de Atenção à Condução";"Capotamento";"Com Vítimas Feridas";"Pleno dia";"Decrescente";"Céu Claro";"Simples";"Curva";"Não";1;0;1;0;0;0;1;1;-14,48054488;-56,1698311;"SPRF-MT";"DEL01-MT";"UOP01-DEL01-MT"
228566;2019-08-13;"terça-feira";"14:30:00";"MG";40;464,5;"SETE LAGOAS";"Falta de Atenção à Condução";"Saída de leito carroçável";"Com Vítimas Feridas";"Pleno dia";"Crescente";"Céu Claro";"Dupla";"Curva";"Não";1;0;1;0;0;0;1;1;-19,43110896;-44,33657482;"SPRF-MG";"DEL02-MG";"UOP01-DEL02-MG"
228567;2019-08-13;"terça-feira";"13:05:00";"PR";153;358,8;"REBOUCAS";"Falta de Atenção à Condução";"Colisão traseira";"Com Vítimas Feridas";"Pleno dia";"Decrescente";"Sol";"Simples";"Reta";"Não";4;0;2;0;2;0;2;3;-25,66294277;-50,7370991;"SPRF-PR";"DEL03-PR";"UOP02-DEL08-PR"
228569;2019-07-12;"sexta-feira";"18:45:00";"MG";267;85,5;"JUIZ DE FORA";"Ultrapassagem Indevida";"Colisão lateral";"Com Vítimas Feridas";"Plena Noite";"Crescente";"Céu Claro";"Simples";"Reta";"Não";2;0;0;1;1;0;1;2;-21,74628597;-43,26734226;"SPRF-MG";"DEL05-MG";"UOP01-DEL05-MG"
228571;2019-08-13;"terça-feira";"14:20:00";"MG";40;141,2;"JOAO PINHEIRO";"Desobediência às normas de trânsito pelo condutor";"Colisão lateral";"Com Vítimas Feridas";"Pleno dia";"Crescente";"Céu Claro";"Simples";"Curva";"Sim";2;0;0;1;1;0;1;2;-17,73618679;-46,19334804;"SPRF-MG";"DEL14-MG";"UOP01-DEL14-MG"
228572;2019-08-13;"terça-feira";"14:35:00";"MG";50;166;"UBERABA";"Agressão Externa";"Colisão com objeto estático";"Sem Vítimas";"Pleno dia";"Decrescente";"Céu Claro";"Dupla";"Reta";"Sim";2;0;0;0;2;0;0;1;-19,70178201;-47,98627802;"SPRF-MG";"DEL13-MG";"UOP01-DEL13-MG"
228573;2019-08-13;"terça-feira";"13:50:00";"MG";116;359,5;"JAMPRUCA";"Condutor Dormindo";"Tombamento";"Com Vítimas Feridas";"Pleno dia";"Crescente";"Sol";"Simples";"Reta";"Não";1;0;1;0;0;0;1;1;-18,45228107;-41,84950858;"SPRF-MG";"DEL11-MG";"UOP01-DEL11-MG"
228575;2019-08-13;"terça-feira";"10:00:00";"PI";135;382,1;"BOM JESUS";"Falta de Atenção à Condução";"Colisão frontal";"Com Vítimas Feridas";"Pleno dia";"Crescente";"Céu Claro";"Simples";"Declive";"Não";2;0;1;1;0;0;2;2;-9,29095336;-44,49877349;"SPRF-PI";"DEL03-PI";"UOP02-DEL03-PI"
228576;2019-08-13;"terça-feira";"08:20:00";"GO";153;496;"GOIANIA";"Falta de Atenção à Condução";"Queda de ocupante de veículo";"Com Vítimas Feridas";"Pleno dia";"Crescente";"Céu Claro";"Dupla";"Reta";"Sim";1;0;1;0;0;0;1;1;-16,6776;-49,2314;"SPRF-GO";"DEL01-GO";"UOP01-DEL01-GO"
228578;2019-08-13;"terça-feira";"11:09:00";"RO";364;315,5;"PRESIDENTE MEDICI";"Defeito Mecânico no Veículo";"Incêndio";"Sem Vítimas";"Pleno dia";"Crescente";"Sol";"Simples";"Reta";"Não";1;0;0;0;1;0;0;1;-11,10935386;-61,90211266;"SPRF-RO";"DEL02-RO";"UOP01-DEL02-RO"
228580;2019-07-08;"segunda-feira";"12:50:00";"BA";235;353;"JUAZEIRO";"Desobediência às normas de trânsito pelo condutor";"Colisão lateral";"Com Vítimas Feridas";"Pleno dia";"Crescente";"Céu Claro";"Simples";"Reta";"Não";2;0;1;0;1;0;1;2;-9,42830262;-40,50407236;"SPRF-BA";"DEL04-BA";"UOP01-DEL04-BA"
228581;2019-08-13;"terça-feira";"16:00:00";"ES";101;174,6;"ARACRUZ";"Falta de Atenção à Condução";"Colisão transversal";"Com Vítimas Feridas";"Pleno dia";"Decrescente";"Céu Claro";"Simples";"Reta";"Sim";3;0;1;0;2;0;1;2;-19,5851079;-40,18996775;"SPRF-ES";"DEL04-ES";"UOP01-DEL04-ES"
228587;2019-08-13;"terça-feira";"15:40:00";"BA";110;379;"SAO SEBASTIAO DO PASSE";"Ultrapassagem Indevida";"Colisão lateral";"Com Vítimas Feridas";"Pleno dia";"Crescente";"Céu Claro";"Simples";"Reta";"Não";2;0;1;0;1;0;1;2;-12,44136496;-38,47474858;"SPRF-BA";"DEL01-BA";"UOP01-DEL01-BA"
228592;2019-08-13;"terça-feira";"17:20:00";"GO";70;8;"AGUAS LINDAS DE GOIAS";"Falta de Atenção do Pedestre";"Atropelamento de Pedestre";"Com Vítimas Feridas";"Anoitecer";"Crescente";"Céu Claro";"Dupla";"Reta";"Sim";2;0;1;0;1;0;1;2;-15,73733681;-48,27407468;"SPRF-DF";"DEL01-DF";"UOP02-DEL03-DF"
228594;2019-08-13;"terça-feira";"17:55:00";"RN";406;153;"CEARA-MIRIM";"Não guardar distância de segurança";"Colisão traseira";"Com Vítimas Feridas";"Anoitecer";"Crescente";"Céu Claro";"Simples";"Reta";"Não";2;0;1;0;1;0;1;2;-5,66365202;-35,41112203;"SPRF-RN";"DEL02-RN";"UOP01-DEL02-RN"
228595;2019-08-13;"terça-feira";"16:30:00";"ES";101;256,6;"SERRA";"Falta de Atenção à Condução";"Colisão frontal";"Com Vítimas Feridas";"Pleno dia";"Decrescente";"Céu Claro";"Múltipla";"Reta";"Sim";3;0;0;1;2;0;1;2;-20,119123;-40,311005;"SPRF-ES";"DEL02-ES";"UOP01-DEL02-ES"
228596;2019-08-13;"terça-feira";"17:55:00";"RN";101;95,7;"NATAL";"Falta de Atenção à Condução";"Colisão traseira";"Com Vítimas Feridas";"Anoitecer";"Crescente";"Nublado";"Múltipla";"Reta";"Sim";2;0;1;0;1;0;1;2;-5,84076841;-35,21035949;"SPRF-RN";"DEL01-RN";"UOP01-DEL01-RN"
228597;2019-08-13;"terça-feira";"17:40:00";"ES";101;68,5;"SAO MATEUS";"Falta de Atenção à Condução";"Colisão lateral";"Com Vítimas Feridas";"Plena Noite";"Crescente";"Céu Claro";"Simples";"Reta";"Sim";2;0;0;1;1;0;1;2;-18,726597;-39,85975;"SPRF-ES";"DEL04-ES";"UOP02-DEL04-ES"
228598;2019-08-13;"terça-feira";"17:15:00";"RS";158;325,8;"SANTA MARIA";"Falta de Atenção à Condução";"Colisão lateral";"Com Vítimas Feridas";"Pleno dia";"Decrescente";"Céu Claro";"Dupla";"Reta;Em Obras;Interseção de Vias";"Sim";3;0;2;0;1;0;2;2;-29,7037466;-53,79524635;"SPRF-RS";"DEL09-RS";"UOP01-DEL09-RS"
228599;2019-08-13;"terça-feira";"17:20:00";"RS";392;352,2;"SANTA MARIA";"Desobediência às normas de trânsito pelo condutor";"Colisão transversal";"Com Vítimas Feridas";"Pleno dia";"Crescente";"Sol";"Simples";"Retorno Regulamentado;Reta";"Sim";2;0;1;0;1;0;1;2;-29,720404;-53,807632;"SPRF-RS";"DEL09-RS";"UOP01-DEL09-RS"
228600;2019-08-13;"terça-feira";"17:40:00";"PI";343;347;"TERESINA";"Falta de Atenção à Condução";"Colisão lateral";"Com Vítimas Feridas";"Anoitecer";"Crescente";"Céu Claro";"Dupla";"Reta";"Sim";2;0;1;0;1;0;1;2;-5,114822;-42,778355;"SPRF-PI";"DEL01-PI";"UOP01-DEL01-PI"
228601;2019-08-13;"terça-feira";"18:00:00";"RS";285;277,9;"MATO CASTELHANO";"Falta de Atenção à Condução";"Saída de leito carroçável";"Com Vítimas Feridas";"Anoitecer";"Crescente";"Céu Claro";"Simples";"Reta";"Não";1;0;1;0;0;0;1;1;-28,260334;-52,22662;"SPRF-RS";"DEL08-RS";"UOP03-DEL08-RS"
228602;2019-08-13;"terça-feira";"18:05:00";"SP";153;58,8;"SAO JOSE DO RIO PRETO";"Desobediência às normas de trânsito pelo condutor";"Colisão transversal";"Com Vítimas Feridas";"Anoitecer";"Crescente";"Céu Claro";"Simples";"Reta";"Sim";3;0;1;0;1;1;1;3;-20,77838195;-49,35300538;"SPRF-SP";"DEL09-SP";"UOP01-DEL09-SP"
228606;2019-08-13;"terça-feira";"18:20:00";"PR";116;115;"CURITIBA";"Não guardar distância de segurança";"Colisão traseira";"Com Vítimas Feridas";"Plena Noite";"Decrescente";"Céu Claro";"Dupla";"Reta";"Sim";2;0;1;0;1;0;1;2;-25,56296907;-49,25643801;"SPRF-PR";"DEL01-PR";"UOP06-DEL01-PR"
228607;2019-08-13;"terça-feira";"18:08:00";"DF";40;2,6;"BRASILIA";"Falta de Atenção à Condução";"Colisão traseira";"Com Vítimas Feridas";"Anoitecer";"Crescente";"Céu Claro";"Dupla";"Reta";"Sim";2;0;1;0;1;0;1;2;-15,99435;-47,985947;"SPRF-DF";"DEL01-DF";"UOP01-DEL01-DF"
228608;2019-08-13;"terça-feira";"18:20:00";"PE";316;228;"BELEM DE SAO FRANCISCO";"Animais na Pista";"Atropelamento de Animal";"Sem Vítimas";"Plena Noite";"Decrescente";"Céu Claro";"Simples";"Reta";"Não";1;0;0;0;1;0;0;1;-8,58789694;-39,14793897;"SPRF-PE";"DEL05-PE";"UOP03-DEL05-PE"
228609;2019-01-31;"quinta-feira";"21:40:00";"MG";40;518;"CONTAGEM";"Mal Súbito";"Colisão lateral";"Com Vítimas Feridas";"Plena Noite";"Crescente";"Céu Claro";"Dupla";"Reta";"Não";2;0;1;0;0;1;1;2;-19,843;-44,0749;"SPRF-MG";"DEL01-MG";"UOP02-DEL01-MG"
228610;2019-08-13;"terça-feira";"18:40:00";"GO";40;74,5;"CRISTALINA";"Animais na Pista";"Atropelamento de Animal";"Com Vítimas Feridas";"Plena Noite";"Decrescente";"Céu Claro";"Simples";"Reta";"Não";2;0;1;0;1;0;1;1;-16,627234;-47,741451;"SPRF-DF";"DEL01-DF";"UOP02-DEL01-DF"
228611;2019-08-13;"terça-feira";"19:05:00";"GO";40;2;"VALPARAISO DE GOIAS";"Falta de Atenção à Condução";"Colisão transversal";"Com Vítimas Feridas";"Plena Noite";"Decrescente";"Céu Claro";"Dupla";"Reta";"Sim";2;0;1;0;1;0;1;2;-16,067129;-47,984235;"SPRF-DF";"DEL01-DF";"UOP01-DEL01-DF"
228612;2019-08-13;"terça-feira";"18:45:00";"SC";101;203,5;"SAO JOSE";"Desobediência às normas de trânsito pelo condutor";"Colisão lateral";"Com Vítimas Feridas";"Plena Noite";"Decrescente";"Céu Claro";"Dupla";"Reta";"Sim";2;0;1;0;1;0;1;2;-27,5650044;-48,61460082;"SPRF-SC";"DEL01-SC";"UOP01-DEL01-SC"
228614;2019-08-13;"terça-feira";"19:25:00";"CE";116;4,5;"FORTALEZA";"Desobediência às normas de trânsito pelo condutor";"Colisão traseira";"Sem Vítimas";"Plena Noite";"Decrescente";"Céu Claro";"Múltipla";"Reta";"Sim";2;0;0;0;2;0;0;2;-3,7867209;-38,5114568;"SPRF-CE";"DEL01-CE";"UOP02-DEL01-CE"
228615;2019-08-13;"terça-feira";"19:15:00";"ES";393;1;"CACHOEIRO DE ITAPEMIRIM";"Falta de Atenção à Condução";"Colisão transversal";"Com Vítimas Feridas";"Plena Noite";"Crescente";"Ignorado";"Simples";"Reta";"Sim";2;0;1;0;1;0;1;2;-20,83723289;-41,16733095;"SPRF-ES";"DEL03-ES";"UOP02-DEL03-ES"
228616;2019-08-13;"terça-feira";"18:25:00";"MS";463;105,8;"PONTA PORA";"Falta de Atenção à Condução";"Colisão lateral";"Com Vítimas Feridas";"Plena Noite";"Crescente";"Céu Claro";"Simples";"Reta";"Sim";2;0;1;0;1;0;1;2;-22,60240524;-55,6579092;"SPRF-MS";"DEL04-MS";"UOP03-DEL04-MS"
228623;2019-08-13;"terça-feira";"20:00:00";"PE";101;65;"RECIFE";"Falta de Atenção à Condução";"Colisão transversal";"Com Vítimas Feridas";"Plena Noite";"Crescente";"Nublado";"Dupla";"Reta";"Sim";2;0;1;0;0;1;1;2;-8,02478597;-34,94276635;"SPRF-PE";"DEL01-PE";"UOP01-DEL01-PE"
228624;2019-08-13;"terça-feira";"17:30:00";"RJ";465;20;"NOVA IGUACU";"Falta de Atenção do Pedestre";"Atropelamento de Pedestre";"Com Vítimas Feridas";"Anoitecer";"Crescente";"Chuva";"Simples";"Reta";"Sim";2;0;1;0;1;0;1;2;-22,846828;-43,605339;"SPRF-RJ";"DEL01-RJ";"UOP01-DEL01-MS"
228625;2019-08-13;"terça-feira";"20:20:00";"RJ";393;285,3;"VOLTA REDONDA";"Falta de Atenção à Condução";"Colisão transversal";"Com Vítimas Feridas";"Plena Noite";"Decrescente";"Céu Claro";"Simples";"Curva";"Sim";2;0;2;0;0;0;2;2;-22,50576007;-44,07531599;"SPRF-RJ";"DEL05-RJ";"UOP04-DEL05-RJ"
228627;2019-08-13;"terça-feira";"20:30:00";"DF";40;0,5;"BRASILIA";"Ingestão de Álcool";"Colisão lateral";"Com Vítimas Feridas";"Plena Noite";"Decrescente";"Céu Claro";"Dupla";"Reta";"Não";2;0;1;0;1;0;1;2;-15,976897;-47,990129;"SPRF-DF";"DEL01-DF";"UOP01-DEL01-DF"
228628;2019-08-13;"terça-feira";"20:15:00";"PI";343;339,1;"TERESINA";"Desobediência às normas de trânsito pelo condutor";"Colisão transversal";"Com Vítimas Feridas";"Plena Noite";"Crescente";"Céu Claro";"Simples";"Reta";"Não";3;0;2;0;1;0;2;2;-5,067146;-42,730965;"SPRF-PI";"DEL01-PI";"UOP01-DEL01-PI"
228629;2019-07-12;"sexta-feira";"13:30:00";"MT";70;101;"GENERAL CARNEIRO";"Falta de Atenção à Condução";"Saída de leito carroçável";"Com Vítimas Feridas";"Pleno dia";"Decrescente";"Céu Claro";"Simples";"Reta";"Não";2;0;2;0;0;0;2;1;-15,5641354;-52,95779798;"SPRF-MT";"DEL07-MT";"UOP01-DEL07-MT"
228630;2019-08-13;"terça-feira";"18:40:00";"AC";364;127,7;"RIO BRANCO";"Restrição de Visibilidade";"Atropelamento de Animal";"Com Vítimas Feridas";"Plena Noite";"Crescente";"Céu Claro";"Dupla";"Reta";"Não";2;0;1;0;1;0;1;1;-10,01980906;-67,81433091;"SPRF-AC";"DEL01-AC";"UOP01-DEL01-AC"
228631;2019-08-13;"terça-feira";"21:00:00";"MG";381;685;"RIBEIRAO VERMELHO";"Falta de Atenção à Condução";"Saída de leito carroçável";"Com Vítimas Feridas";"Plena Noite";"Crescente";"Nublado";"Dupla";"Declive;Retorno Regulamentado;Reta";"Não";2;0;1;1;0;0;2;1;-21,1637893;-45,1238457;"SPRF-MG";"DEL04-MG";"UOP02-DEL04-MG"
228633;2019-08-13;"terça-feira";"18:00:00";"RO";174;14,6;"VILHENA";"Desobediência às normas de trânsito pelo condutor";"Colisão transversal";"Com Vítimas Feridas";"Plena Noite";"Decrescente";"Céu Claro";"Dupla";"Interseção de Vias";"Sim";3;0;2;0;1;0;2;2;-12,73306632;-60,12981255;"SPRF-RO";"DEL04-RO";"UOP01-DEL04-RO"
228634;2019-08-13;"terça-feira";"18:50:00";"MT";70;730;"CACERES";"Falta de Atenção à Condução";"Colisão transversal";"Com Vítimas Feridas";"Plena Noite";"Decrescente";"Céu Claro";"Simples";"Interseção de Vias";"Sim";2;0;0;2;0;0;2;2;-16,09660257;-57,67857855;"SPRF-MT";"DEL03-MT";"UOP01-DEL03-MT"
228635;2019-08-13;"terça-feira";"21:15:00";"MG";381;930,7;"ITAPEVA";"Falta de Atenção à Condução";"Colisão traseira";"Com Vítimas Feridas";"Plena Noite";"Decrescente";"Céu Claro";"Dupla";"Reta";"Sim";6;0;4;1;1;0;5;2;-22,80188832;-46,26962063;"SPRF-MG";"DEL16-MG";"UOP03-DEL16-MG"
228636;2019-08-13;"terça-feira";"21:40:00";"RS";392;27,8;"RIO GRANDE";"Animais na Pista";"Atropelamento de Animal";"Sem Vítimas";"Plena Noite";"Decrescente";"Céu Claro";"Dupla";"Reta";"Não";1;0;0;0;1;0;0;1;-32,07415155;-52,26394823;"SPRF-RS";"DEL07-RS";"UOP02-DEL07-RS"
228637;2019-08-13;"terça-feira";"19:20:00";"MG";262;442,9;"NOVA SERRANA";"Falta de Atenção do Pedestre";"Atropelamento de Pedestre";"Com Vítimas Feridas";"Plena Noite";"Crescente";"Céu Claro";"Dupla";"Reta";"Sim";2;0;1;0;1;0;1;2;-19,87117479;-44,97375727;"SPRF-MG";"DEL08-MG";"UOP03-DEL08-MG"
228638;2019-08-13;"terça-feira";"21:00:00";"SP";116;46,4;"CANAS";"Animais na Pista";"Colisão com objeto estático";"Com Vítimas Feridas";"Plena Noite";"Decrescente";"Céu Claro";"Dupla";"Reta";"Não";4;0;2;0;1;1;2;2;-22,71393589;-45,05335608;"SPRF-SP";"DEL08-SP";"UOP01-DEL08-SP"
228639;2019-08-13;"terça-feira";"18:00:00";"MA";135;122,8;"MIRANDA DO NORTE";"Restrição de Visibilidade";"Colisão traseira";"Com Vítimas Feridas";"Anoitecer";"Crescente";"Céu Claro";"Simples";"Reta";"Não";4;0;1;2;1;0;3;2;-3,5346825;-44,56242943;"SPRF-MA";"DEL01-MA";"UOP02-DEL01-MA"
228640;2019-08-13;"terça-feira";"22:20:00";"ES";101;264,7;"SERRA";"Ingestão de Álcool";"Colisão transversal";"Com Vítimas Feridas";"Plena Noite";"Crescente";"Céu Claro";"Dupla";"Interseção de Vias";"Sim";2;0;2;0;0;0;2;2;-20,17292791;-40,26736384;"SPRF-ES";"DEL02-ES";"UOP01-DEL02-ES"
228641;2019-08-13;"terça-feira";"22:30:00";"SC";101;217;"PALHOCA";"Velocidade Incompatível";"Capotamento";"Sem Vítimas";"Plena Noite";"Decrescente";"Céu Claro";"Simples";"Reta";"Sim";1;0;0;0;1;0;0;1;-27,66779034;-48,67393586;"SPRF-SC";"DEL01-SC";"UOP02-DEL01-SC"