"id";"data_inversa";"dia_semana";"horario";"uf";"br";"km";"municipio";"causa_acidente";"tipo_acidente";"classificacao_acidente";"fase_dia";"sentido_via";"condicao_metereologica";"tipo_pista";"tracado_via";"uso_solo";"pessoas";"mortos";"feridos_leves";"feridos_graves";"ilesos";"ignorados";"feridos";"veiculos";"latitude";"longitude";"regional";"delegacia";"uop"
228643;2019-08-13;"terça-feira";"22:00:00";"MS";262;469,8;"AQUIDAUANA";"Velocidade Incompatível";"Colisão traseira";"Com Vítimas Feridas";"Plena Noite";"Crescente";"Nevoeiro/Neblina";"Simples";"Aclive;Curva";"Não";6;0;1;0;4;1;1;2;-20,513675;-55,616027;"SPRF-MS";"DEL03-MS";"UOP01-DEL03-MS"
228645;2019-08-13;"terça-feira";"22:15:00";"RO";364;216,5;"PIMENTA BUENO";"Avarias e/ou desgaste excessivo no pneu";"Queda de ocupante de veículo";"Com Vítimas Feridas";"Plena Noite";"Crescente";"Céu Claro";"Simples";"Reta";"Não";2;0;2;0;0;0;2;1;-11,55310568;-61,29357762;"SPRF-RO";"DEL02-RO";"UOP02-DEL02-RO"
228646;2019-08-13;"terça-feira";"23:45:00";"PI";343;178;"PIRIPIRI";"Ingestão de Álcool";"Colisão transversal";"Com Vítimas Feridas";"Plena Noite";"Decrescente";"Céu Claro";"Simples";"Reta";"Sim";3;0;1;1;1;0;2;2;-4,22699;-41,771355;"SPRF-PI";"DEL02-PI";"UOP01-DEL02-PI"
228647;2019-08-13;"terça-feira";"20:25:00";"PR";476;276;"SAO MATEUS DO SUL";"Ingestão de Álcool";"Saída de leito carroçável";"Sem Vítimas";"Plena Noite";"Decrescente";"Céu Claro";"Simples";"Reta";"Sim";1;0;0;0;1;0;0;1;-25,877428;-50,384377;"SPRF-PR";"DEL02-PR";"UOP04-DEL02-PR"
228648;2019-08-13;"terça-feira";"23:30:00";"MS";60;407,5;"SIDROLANDIA";"Animais na Pista";"Atropelamento de Animal";"Com Vítimas Fatais";"Plena Noite";"Decrescente";"Céu Claro";"Simples";"Reta";"Não";4;2;0;2;0;0;2;1;-20,85833487;-54,81938633;"SPRF-MS";"DEL01-MS";"UOP04-DEL01-MS"
228650;2019-08-13;"terça-feira";"23:50:00";"PR";277;95,2;"CURITIBA";"Velocidade Incompatível";"Saída de leito carroçável";"Com Vítimas Feridas";"Plena Noite";"Decrescente";"Nublado";"Dupla";"Curva";"Sim";1;0;1;0;0;0;1;1;-25,43109994;-49,32360828;"SPRF-PR";"DEL01-PR";"UOP06-DEL01-PR"
228655;2019-08-14;"quarta-feira";"03:15:00";"CE";20;419,2;"MARACANAU";"Falta de Atenção do Pedestre";"Atropelamento de Pedestre";"Com Vítimas Fatais";"Plena Noite";"Crescente";"Nublado";"Simples";"Reta;Em Obras";"Não";2;1;0;0;0;1;0;2;-3,8441;-38,58413;"SPRF-CE";"DEL01-CE";"UOP02-DEL01-CE"
228656;2019-08-13;"terça-feira";"20:00:00";"GO";80;143;"BARRO ALTO";"Condutor Dormindo";"Saída de leito carroçável";"Com Vítimas Feridas";"Plena Noite";"Crescente";"Céu Claro";"Simples";"Reta";"Não";3;0;1;0;2;0;1;1;-14,89544;-48,969559;"SPRF-GO";"DEL07-GO";"UOP02-DEL07-GO"
228657;2019-08-14;"quarta-feira";"04:20:00";"SE";101;92,2;"NOSSA SENHORA DO SOCORRO";"Ingestão de Álcool";"Colisão com objeto estático";"Sem Vítimas";"Plena Noite";"Crescente";"Chuva";"Dupla";"Curva";"Sim";1;0;0;0;0;1;0;1;-10,90169474;-37,13619222;"SPRF-SE";"DEL01-SE";"UOP01-DEL01-SE"
228658;2019-08-14;"quarta-feira";"04:30:00";"BA";407;6,5;"JUAZEIRO";"Ingestão de Álcool";"Colisão frontal";"Com Vítimas Feridas";"Plena Noite";"Decrescente";"Céu Claro";"Dupla";"Reta";"Sim";2;0;1;1;0;0;2;2;-9,45595491;-40,48655981;"SPRF-PE";"DEL06-PE";"UOP01-DEL06-PE"
228660;2019-08-14;"quarta-feira";"06:00:00";"RN";304;30;"MOSSORO";"Desobediência às normas de trânsito pelo condutor";"Colisão lateral";"Com Vítimas Feridas";"Pleno dia";"Crescente";"Céu Claro";"Simples";"Reta";"Sim";3;0;1;1;1;0;2;2;-5,11703801;-37,34100094;"SPRF-RN";"DEL04-RN";"UOP02-DEL04-RN"
228661;2019-08-14;"quarta-feira";"05:40:00";"RO";364;338,9;"JI-PARANA";"Desobediência às normas de trânsito pelo condutor";"Tombamento";"Com Vítimas Feridas";"Amanhecer";"Crescente";"Céu Claro";"Múltipla";"Retorno Regulamentado";"Sim";2;0;2;0;0;0;2;1;-10,90921666;-61,93017993;"SPRF-RO";"DEL02-RO";"UOP01-DEL02-RO"
228663;2019-08-14;"quarta-feira";"06:50:00";"SC";101;206,8;"SAO JOSE";"Falta de Atenção à Condução";"Colisão traseira";"Com Vítimas Feridas";"Pleno dia";"Decrescente";"Nublado";"Múltipla";"Reta";"Sim";2;0;1;0;1;0;1;2;-27,59193546;-48,61824557;"SPRF-SC";"DEL01-SC";"UOP01-DEL01-SC"
228664;2019-08-14;"quarta-feira";"07:00:00";"GO";20;33;"FORMOSA";"Falta de Atenção à Condução";"Colisão lateral";"Sem Vítimas";"Pleno dia";"Crescente";"Céu Claro";"Simples";"Reta";"Não";2;0;0;0;2;0;0;2;-15,473233;-47,100567;"SPRF-DF";"DEL02-DF";"UOP01-DEL02-DF"
228665;2019-08-14;"quarta-feira";"07:20:00";"DF";60;6;"BRASILIA";"Falta de Atenção à Condução";"Colisão traseira";"Com Vítimas Feridas";"Pleno dia";"Decrescente";"Céu Claro";"Dupla";"Reta";"Não";2;0;1;0;1;0;1;2;-15,897939;-48,113056;"SPRF-DF";"DEL01-DF";"UOP01-DEL03-DF"
228667;2019-08-14;"quarta-feira";"07:30:00";"RJ";101;95;"CAMPOS DOS GOYTACAZES";"Condutor Dormindo";"Colisão com objeto estático";"Com Vítimas Feridas";"Pleno dia";"Crescente";"Céu Claro";"Dupla";"Curva";"Não";1;0;1;0;0;0;1;1;-21,86957661;-41,5470863;"SPRF-RJ";"DEL08-RJ";"UOP02-DEL08-RJ"
228668;2019-08-14;"quarta-feira";"07:20:00";"PR";369;522;"CASCAVEL";"Falta de Atenção à Condução";"Colisão transversal";"Com Vítimas Feridas";"Pleno dia";"Crescente";"Céu Claro";"Simples";"Interseção de Vias";"Sim";2;0;0;1;1;0;1;2;-24,9408;-53,3978;"SPRF-PR";"DEL04-PR";"UOP01-DEL04-PR"
228669;2019-08-14;"quarta-feira";"07:00:00";"RN";406;168;"SAO GONCALO DO AMARANTE";"Falta de Atenção à Condução";"Colisão traseira";"Com Vítimas Feridas";"Pleno dia";"Crescente";"Céu Claro";"Dupla";"Reta";"Não";3;0;1;0;2;0;1;2;-5,75269453;-35,31535484;"SPRF-RN";"DEL02-RN";"UOP01-DEL02-RN"
228670;2019-08-14;"quarta-feira";"07:40:00";"PR";376;594;"CURITIBA";"Falta de Atenção à Condução";"Colisão lateral";"Com Vítimas Feridas";"Pleno dia";"Decrescente";"Céu Claro";"Dupla";"Reta";"Não";2;0;1;0;1;0;1;2;-25,48479613;-49,34730331;"SPRF-PR";"DEL01-PR";"UOP06-DEL01-PR"
228676;2019-08-14;"quarta-feira";"08:30:00";"MG";50;45;"ARAGUARI";"Pista Escorregadia";"Tombamento";"Com Vítimas Feridas";"Pleno dia";"Crescente";"Sol";"Dupla";"Declive;Reta";"Não";1;0;1;0;0;0;1;1;-18,71289097;-48,19662304;"SPRF-MG";"DEL15-MG";"UOP02-DEL15-MG"
228677;2019-08-14;"quarta-feira";"08:30:00";"BA";324;615;"SIMOES FILHO";"Falta de Atenção à Condução";"Colisão traseira";"Com Vítimas Feridas";"Pleno dia";"Decrescente";"Céu Claro";"Simples";"Reta";"Sim";2;0;1;0;1;0;1;2;-12,891109;-38,445374;"SPRF-BA";"DEL01-BA";"UOP01-DEL01-BA"
228679;2019-08-13;"terça-feira";"19:45:00";"AC";317;326,2;"BRASILEIA";"Falta de Atenção à Condução";"Colisão frontal";"Com Vítimas Feridas";"Plena Noite";"Crescente";"Céu Claro";"Simples";"Reta";"Não";1;0;0;1;0;0;1;1;-10,94129191;-68,96113991;"SPRF-AC";"DEL01-AC";"UOP02-DEL01-AC"
228681;2019-08-14;"quarta-feira";"07:45:00";"SC";470;319,4;"CAMPOS NOVOS";"Desobediência às normas de trânsito pelo condutor";"Colisão transversal";"Com Vítimas Feridas";"Pleno dia";"Decrescente";"Sol";"Simples";"Interseção de Vias";"Sim";6;0;6;0;0;0;6;2;-27,41190956;-51,23053551;"SPRF-SC";"DEL07-SC";"UOP06-DEL07-SC"
228682;2019-08-14;"quarta-feira";"08:30:00";"PR";376;180,7;"MARINGA";"Falta de Atenção à Condução";"Colisão traseira";"Com Vítimas Feridas";"Pleno dia";"Decrescente";"Céu Claro";"Dupla";"Reta";"Sim";2;0;1;0;1;0;1;2;-23,42725352;-51,89512271;"SPRF-PR";"DEL07-PR";"UOP01-DEL09-PR"
228683;2019-08-14;"quarta-feira";"09:35:00";"MG";381;719,4;"CARMO DA CACHOEIRA";"Velocidade Incompatível";"Queda de ocupante de veículo";"Com Vítimas Feridas";"Pleno dia";"Crescente";"Céu Claro";"Dupla";"Reta";"Não";2;0;2;0;0;0;2;1;-21,45321803;-45,21174621;"SPRF-MG";"DEL04-MG";"UOP02-DEL04-MG"
228684;2019-08-14;"quarta-feira";"04:30:00";"PB";427;34,9;"POMBAL";"Falta de Atenção do Pedestre";"Atropelamento de Pedestre";"Com Vítimas Fatais";"Plena Noite";"Crescente";"Céu Claro";"Simples";"Reta;Declive";"Não";3;1;0;0;2;0;0;2;-6,75644479;-37,76450715;"SPRF-PB";"DEL03-PB";"UOP02-DEL03-PB"
228685;2019-08-14;"quarta-feira";"09:45:00";"PE";232;55,3;"POMBOS";"Velocidade Incompatível";"Colisão traseira";"Com Vítimas Feridas";"Pleno dia";"Crescente";"Nublado";"Dupla";"Reta";"Não";2;0;1;0;1;0;1;2;-8,13255758;-35,36570027;"SPRF-PE";"DEL01-PE";"UOP02-DEL02PE"
228687;2019-08-14;"quarta-feira";"06:30:00";"SP";116;192,6;"SANTA ISABEL";"Defeito Mecânico no Veículo";"Colisão com objeto estático";"Com Vítimas Feridas";"Pleno dia";"Crescente";"Nublado";"Dupla";"Declive;Reta";"Não";3;0;2;0;1;0;2;1;-23,376923;-46,249733;"SPRF-SP";"DEL02-SP";"UOP01-DEL02-SP"
228688;2019-08-14;"quarta-feira";"07:10:00";"RR";174;503;"BOA VISTA";"Falta de Atenção à Condução";"Colisão lateral";"Sem Vítimas";"Pleno dia";"Crescente";"Chuva";"Dupla";"Interseção de Vias";"Sim";2;0;0;0;2;0;0;2;2,794901;-60,698441;"SPRF-RR";"DEL01-RR";"UOP01-DEL01-RR"
228689;2019-08-14;"quarta-feira";"10:15:00";"PR";369;74,3;"SANTA MARIANA";"Falta de Atenção à Condução";"Queda de ocupante de veículo";"Sem Vítimas";"Pleno dia";"Crescente";"Céu Claro";"Simples";"Curva";"Não";1;0;0;0;1;0;0;1;-23,14950606;-50,52877307;"SPRF-PR";"DEL07-PR";"UOP05-DEL07-PR"
228690;2019-08-14;"quarta-feira";"08:30:00";"MS";163;264,3;"DOURADOS";"Animais na Pista";"Atropelamento de Animal";"Com Vítimas Feridas";"Pleno dia";"Crescente";"Céu Claro";"Dupla";"Reta";"Sim";1;0;1;0;0;0;1;1;-22,22742781;-54,7393301;"SPRF-MS";"DEL04-MS";"UOP01-DEL04-MS"
228692;2019-07-22;"segunda-feira";"09:20:00";"SC";280;5,5;"SAO FRANCISCO DO SUL";"Desobediência às normas de trânsito pelo condutor";"Colisão lateral";"Com Vítimas Feridas";"Pleno dia";"Decrescente";"Céu Claro";"Simples";"Reta";"Sim";2;0;1;0;1;0;1;2;-26,26287655;-48,6294204;"SPRF-SC";"DEL03-SC";"UOP03-DEL03-SC"
228693;2019-08-01;"quinta-feira";"11:50:00";"RN";226;80;"TANGARA";"Desobediência às normas de trânsito pelo condutor";"Colisão frontal";"Com Vítimas Feridas";"Pleno dia";"Crescente";"Céu Claro";"Simples";"Reta";"Sim";5;0;3;0;1;1;3;4;-6,18392073;-35,77550021;"SPRF-RN";"DEL01-RN";"UOP02-DEL01-RN"
228694;2019-08-14;"quarta-feira";"11:15:00";"PR";476;122,5;"CURITIBA";"Não guardar distância de segurança";"Colisão traseira";"Com Vítimas Feridas";"Pleno dia";"Decrescente";"Sol";"Dupla";"Curva";"Sim";2;0;1;0;1;0;1;2;-25,39001338;-49,2070207;"SPRF-PR";"DEL01-PR";"UOP07-DEL01-PR"
228695;2019-08-14;"quarta-feira";"12:00:00";"PR";153;369,5;"RIO AZUL";"Falta de Atenção à Condução";"Colisão frontal";"Com Vítimas Feridas";"Pleno dia";"Decrescente";"Sol";"Simples";"Curva";"Não";2;0;0;1;1;0;1;2;-25,73669789;-50,80195243;"SPRF-PR";"DEL03-PR";"UOP02-DEL08-PR"
228697;2019-08-14;"quarta-feira";"11:50:00";"SC";101;209;"SAO JOSE";"Objeto estático sobre o leito carroçável";"Colisão traseira";"Com Vítimas Feridas";"Pleno dia";"Crescente";"Céu Claro";"Dupla";"Reta";"Sim";3;0;2;0;1;0;2;2;-27,61000542;-48,63895057;"SPRF-SC";"DEL01-SC";"UOP01-DEL01-SC"
228698;2019-08-14;"quarta-feira";"12:30:00";"ES";262;6,5;"CARIACICA";"Falta de Atenção à Condução";"Colisão traseira";"Com Vítimas Feridas";"Pleno dia";"Crescente";"Garoa/Chuvisco";"Múltipla";"Reta";"Sim";2;0;1;0;1;0;1;2;-20,34263514;-40,40228605;"SPRF-ES";"DEL01-ES";"UOP01-DEL01-ES"
228700;2019-08-14;"quarta-feira";"09:50:00";"RJ";101;501;"ANGRA DOS REIS";"Desobediência às normas de trânsito pelo condutor";"Colisão traseira";"Com Vítimas Feridas";"Pleno dia";"Crescente";"Chuva";"Simples";"Reta";"Sim";3;0;0;1;2;0;1;3;-22,92308827;-44,36056298;"SPRF-RJ";"DEL03-RJ";"UOP03-DEL03-RJ"
228701;2019-08-14;"quarta-feira";"12:35:00";"SE";235;2,9;"ARACAJU";"Falta de Atenção à Condução";"Tombamento";"Com Vítimas Feridas";"Pleno dia";"Crescente";"Céu Claro";"Dupla";"Declive";"Sim";1;0;1;0;0;0;1;1;-10,90622801;-37,10202098;"SPRF-SE";"DEL01-SE";"UOP01-DEL01-SE"
228702;2019-07-02;"terça-feira";"10:00:00";"PE";407;68,7;"PETROLINA";"Animais na Pista";"Saída de leito carroçável";"Com Vítimas Feridas";"Pleno dia";"Crescente";"Céu Claro";"Simples";"Reta";"Não";2;0;2;0;0;0;2;1;-8,9139989;-40,74412076;"SPRF-PE";"DEL06-PE";"UOP02-DEL06-PE"
228703;2019-08-14;"quarta-feira";"13:00:00";"MG";40;548,5;"NOVA LIMA";"Falta de Atenção à Condução";"Colisão com objeto estático";"Com Vítimas Feridas";"Pleno dia";"Decrescente";"Céu Claro";"Dupla";"Curva";"Não";1;0;1;0;0;0;1;1;-20,03136499;-43,96967792;"SPRF-MG";"DEL01-MG";"UOP02-DEL01-MG"
228704;2019-08-10;"sábado";"16:30:00";"PR";369;147,7;"LONDRINA";"Falta de Atenção à Condução";"Atropelamento de Pedestre";"Com Vítimas Feridas";"Pleno dia";"Decrescente";"Céu Claro";"Dupla";"Reta";"Sim";2;0;1;1;0;0;2;2;-23,29324928;-51,13869667;"SPRF-PR";"DEL07-PR";"UOP01-DEL07-PR"
228705;2019-08-14;"quarta-feira";"13:00:00";"PR";277;95;"CURITIBA";"Não guardar distância de segurança";"Colisão traseira";"Com Vítimas Feridas";"Pleno dia";"Crescente";"Céu Claro";"Dupla";"Reta";"Sim";2;0;1;0;1;0;1;2;-25,54838443;-49,28586717;"SPRF-PR";"DEL01-PR";"UOP06-DEL01-PR"
228706;2019-08-14;"quarta-feira";"13:15:00";"PI";316;7;"TERESINA";"Falta de Atenção à Condução";"Colisão lateral";"Com Vítimas Feridas";"Pleno dia";"Crescente";"Céu Claro";"Simples";"Reta";"Sim";3;0;2;0;1;0;2;2;-5,15584638;-42,77173332;"SPRF-PI";"DEL01-PI";"UOP02-DEL01-PI"
228707;2019-05-30;"quinta-feira";"17:30:00";"ES";262;18,2;"VIANA";"Falta de Atenção à Condução";"Colisão transversal";"Com Vítimas Feridas";"Anoitecer";"Crescente";"Céu Claro";"Simples";"Reta";"Não";2;0;0;1;1;0;1;2;-20,39137228;-40,48080285;"SPRF-ES";"DEL01-ES";"UOP01-DEL01-ES"
228709;2019-08-14;"quarta-feira";"13:00:00";"RS";153;44,5;"ERECHIM";"Desobediência às normas de trânsito pelo condutor";"Colisão transversal";"Com Vítimas Feridas";"Pleno dia";"Decrescente";"Sol";"Simples";"Declive;Rotatória;Reta";"Não";3;0;1;1;1;0;2;2;-27,61448106;-52,23956251;"SPRF-RS";"DEL08-RS";"UOP04-DEL08-RS"
228710;2019-08-14;"quarta-feira";"13:50:00";"PR";369;153;"LONDRINA";"Falta de Atenção à Condução";"Queda de ocupante de veículo";"Com Vítimas Feridas";"Pleno dia";"Crescente";"Céu Claro";"Dupla";"Aclive;Reta";"Sim";1;0;0;1;0;0;1;1;-23,29526494;-51,19009316;"SPRF-PR";"DEL07-PR";"UOP01-DEL07-PR"
228711;2019-08-14;"quarta-feira";"14:00:00";"SC";282;6;"SAO JOSE";"Não guardar distância de segurança";"Colisão lateral";"Com Vítimas Feridas";"Pleno dia";"Decrescente";"Céu Claro";"Dupla";"Reta";"Sim";2;0;1;0;1;0;1;2;-27,5843468;-48,60722055;"SPRF-SC";"DEL01-SC";"UOP01-DEL01-SC"
228712;2019-08-14;"quarta-feira";"13:50:00";"RJ";101;530;"ANGRA DOS REIS";"Pista Escorregadia";"Saída de leito carroçável";"Com Vítimas Feridas";"Pleno dia";"Crescente";"Chuva";"Simples";"Curva";"Não";1;0;1;0;0;0;1;1;-23,0232454;-44,51684972;"SPRF-RJ";"DEL03-RJ";"UOP02-DEL03-RJ"
228714;2019-08-14;"quarta-feira";"14:10:00";"PR";369;186;"ARAPONGAS";"Falta de Atenção à Condução";"Colisão lateral";"Com Vítimas Feridas";"Pleno dia";"Decrescente";"Céu Claro";"Simples";"Rotatória";"Sim";2;0;1;0;1;0;1;2;-23,416902;-51,426741;"SPRF-PR";"DEL07-PR";"UOP03-DEL07-PR"
228715;2019-07-24;"quarta-feira";"15:30:00";"PA";316;219;"VISEU";"Condutor Dormindo";"Colisão frontal";"Com Vítimas Feridas";"Pleno dia";"Crescente";"Céu Claro";"Simples";"Declive";"Não";2;0;2;0;0;0;2;2;-1,66282195;-46,75746918;"SPRF-PA";"DEL01-PA";"UOP03-DEL01-PA"
228718;2019-05-18;"sábado";"06:00:00";"RJ";101;480,2;"ANGRA DOS REIS";"Ingestão de Álcool";"Colisão transversal";"Com Vítimas Feridas";"Amanhecer";"Crescente";"Nublado";"Simples";"Curva";"Não";2;0;1;0;1;0;1;2;-23,01331268;-44,28361913;"SPRF-RJ";"DEL03-RJ";"UOP03-DEL03-RJ"
228719;2019-08-14;"quarta-feira";"15:20:00";"PR";376;178,7;"MARINGA";"Desobediência às normas de trânsito pelo condutor";"Colisão transversal";"Com Vítimas Feridas";"Pleno dia";"Decrescente";"Sol";"Dupla";"Reta";"Sim";2;0;0;1;1;0;1;2;-23,41836042;-51,9156146;"SPRF-PR";"DEL07-PR";"UOP01-DEL09-PR"
228721;2019-08-14;"quarta-feira";"15:30:00";"MG";381;458;"BELO HORIZONTE";"Falta de Atenção à Condução";"Colisão traseira";"Com Vítimas Feridas";"Pleno dia";"Crescente";"Céu Claro";"Simples";"Reta";"Sim";2;0;1;0;1;0;1;2;-19,86529854;-43,92797587;"SPRF-MG";"DEL01-MG";"UOP01-DEL01-MG"
228723;2019-08-14;"quarta-feira";"15:14:00";"SC";280;55;"GUARAMIRIM";"Falta de Atenção à Condução";"Colisão transversal";"Com Vítimas Feridas";"Pleno dia";"Crescente";"Sol";"Simples";"Reta";"Sim";2;0;1;0;1;0;1;2;-26,47584353;-48,9937858;"SPRF-SC";"DEL03-SC";"UOP03-DEL03-SC"
228724;2019-08-14;"quarta-feira";"15:15:00";"PI";407;425,7;"PICOS";"Desobediência às normas de trânsito pelo condutor";"Colisão lateral";"Com Vítimas Feridas";"Pleno dia";"Decrescente";"Céu Claro";"Simples";"Reta";"Sim";2;0;1;0;1;0;1;2;-7,094478;-41,423126;"SPRF-PI";"DEL04-PI";"UOP01-DEL04-PI"
228725;2019-08-14;"quarta-feira";"15:05:00";"PI";343;12,2;"PARNAIBA";"Falta de Atenção à Condução";"Colisão traseira";"Com Vítimas Feridas";"Pleno dia";"Crescente";"Céu Claro";"Dupla";"Reta";"Sim";2;0;1;0;1;0;1;2;-2,91089639;-41,75396919;"SPRF-PI";"DEL05-PI";"UOP01-DEL05-PI"
228727;2019-08-14;"quarta-feira";"16:20:00";"RS";285;480,1;"CORONEL BARROS";"Não guardar distância de segurança";"Colisão traseira";"Com Vítimas Feridas";"Pleno dia";"Crescente";"Sol";"Simples";"Curva;Declive";"Não";5;0;3;0;2;0;3;2;-28,375719;-54,099907;"SPRF-RS";"DEL10-RS";"UOP01-DEL10-RS"
228729;2019-07-08;"segunda-feira";"14:45:00";"SP";116;114,9;"TAUBATE";"Falta de Atenção à Condução";"Colisão lateral";"Com Vítimas Feridas";"Pleno dia";"Crescente";"Céu Claro";"Dupla";"Reta";"Não";3;0;2;0;1;0;2;2;-23,04654177;-45,59018006;"SPRF-SP";"DEL06-SP";"UOP02-DEL02-SP"
228731;2019-08-14;"quarta-feira";"15:40:00";"DF";80;18;"BRASILIA";"Não guardar distância de segurança";"Colisão traseira";"Com Vítimas Feridas";"Pleno dia";"Crescente";"Céu Claro";"Dupla";"Retorno Regulamentado";"Sim";3;0;1;0;2;0;1;2;-15,684259;-48,205139;"SPRF-DF";"DEL01-DF";"UOP02-DEL03-DF"
228732;2019-08-14;"quarta-feira";"15:55:00";"SC";101;415;"ARARANGUA";"Falta de Atenção à Condução";"Colisão lateral";"Com Vítimas Feridas";"Pleno dia";"Crescente";"Céu Claro";"Simples";"Rotatória";"Sim";2;0;1;0;1;0;1;2;-28,95802603;-49,51426238;"SPRF-SC";"DEL02-SC";"UOP02-DEL02-SC"
228733;2019-08-14;"quarta-feira";"16:00:00";"TO";153;673;"GURUPI";"Falta de Atenção à Condução";"Colisão transversal";"Com Vítimas Feridas";"Pleno dia";"Crescente";"Céu Claro";"Simples";"Reta";"Sim";2;0;0;1;1;0;1;2;-11,73820383;-49,08104077;"SPRF-TO";"DEL02-TO";"UOP02-DEL01-TO"
228734;2019-08-14;"quarta-feira";"15:30:00";"RJ";40;87;"PETROPOLIS";"Pista Escorregadia";"Colisão com objeto estático";"Com Vítimas Feridas";"Pleno dia";"Decrescente";"Chuva";"Simples";"Curva";"Não";1;0;1;0;0;0;1;1;-22,54413793;-43,23287799;"SPRF-RJ";"DEL06-RJ";"UOP01-DEL06-RJ"
228736;2019-08-07;"quarta-feira";"23:10:00";"MS";163;484,5;"CAMPO GRANDE";"Ingestão de Álcool";"Colisão transversal";"Sem Vítimas";"Plena Noite";"Decrescente";"Céu Claro";"Simples";"Reta";"Sim";4;0;0;0;3;1;0;3;-20,45104898;-54,5403266;"SPRF-MS";"DEL01-MS";"UOP02-DEL01-MS"
228738;2019-08-14;"quarta-feira";"16:40:00";"RJ";40;114;"DUQUE DE CAXIAS";"Desobediência às normas de trânsito pelo condutor";"Colisão traseira";"Com Vítimas Fatais";"Pleno dia";"Decrescente";"Garoa/Chuvisco";"Dupla";"Viaduto";"Sim";8;1;2;4;0;1;6;2;-22,71853604;-43,28993324;"SPRF-RJ";"DEL01-RJ";"UOP01-DEL01-RJ"
228740;2019-08-13;"terça-feira";"19:00:00";"PB";230;454;"SOUSA";"Falta de Atenção à Condução";"Colisão lateral";"Com Vítimas Feridas";"Plena Noite";"Crescente";"Céu Claro";"Simples";"Reta";"Não";2;0;0;1;0;1;1;2;-6,7819;-38,1457;"SPRF-PB";"DEL03-PB";"UOP03-DEL03-PB"
228741;2019-08-14;"quarta-feira";"15:30:00";"SP";381;73;"SAO PAULO";"Pista Escorregadia";"Capotamento";"Com Vítimas Feridas";"Pleno dia";"Crescente";"Garoa/Chuvisco";"Múltipla";"Curva";"Sim";1;0;1;0;0;0;1;1;-23,36553404;-46,55253934;"SPRF-SP";"DEL03-SP";"UOP01-DEL03-SP"
228742;2019-05-22;"quarta-feira";"23:55:00";"RO";364;225;"CACOAL";"Ingestão de Álcool";"Colisão lateral";"Com Vítimas Feridas";"Plena Noite";"Decrescente";"Céu Claro";"Simples";"Reta";"Sim";2;0;0;1;1;0;1;2;-11,50963587;-61,36131591;"SPRF-RO";"DEL02-RO";"UOP02-DEL02-RO"
228743;2019-08-14;"quarta-feira";"17:20:00";"SE";235;39,8;"AREIA BRANCA";"Falta de Atenção à Condução";"Queda de ocupante de veículo";"Com Vítimas Feridas";"Anoitecer";"Crescente";"Garoa/Chuvisco";"Simples";"Reta";"Não";1;0;1;0;0;0;1;1;-10,769717;-37,35527;"SPRF-SE";"DEL01-SE";"UOP02-DEL01-SE"
228745;2019-08-14;"quarta-feira";"14:00:00";"SC";116;85,6;"PAPANDUVA";"Falta de Atenção à Condução";"Saída de leito carroçável";"Com Vítimas Feridas";"Pleno dia";"Decrescente";"Céu Claro";"Simples";"Interseção de Vias;Declive;Reta";"Não";1;0;1;0;0;0;1;1;-26,60122995;-50,22615221;"SPRF-SC";"DEL06-SC";"UOP02-DEL06-SC"
228746;2019-08-14;"quarta-feira";"18:35:00";"CE";222;75,9;"SAO LUIS DO CURU";"Animais na Pista";"Atropelamento de Animal";"Com Vítimas Feridas";"Plena Noite";"Crescente";"Céu Claro";"Simples";"Reta";"Não";1;0;0;1;0;0;1;1;-3,67093087;-39,215419;"SPRF-CE";"DEL01-CE";"UOP03-DEL01-CE"
228747;2019-08-14;"quarta-feira";"17:50:00";"ES";101;0,5;"SERRA";"Falta de Atenção à Condução";"Colisão lateral";"Com Vítimas Feridas";"Anoitecer";"Crescente";"Céu Claro";"Simples";"Reta";"Sim";5;0;0;1;4;0;1;3;-20,129093;-40,308125;"SPRF-ES";"DEL02-ES";"UOP01-DEL02-ES"
228748;2019-08-14;"quarta-feira";"18:40:00";"BA";367;76,7;"EUNAPOLIS";"Falta de Atenção à Condução";"Colisão lateral";"Com Vítimas Fatais";"Plena Noite";"Crescente";"Céu Claro";"Simples";"Reta";"Não";3;1;0;0;2;0;0;2;-16,36861343;-39,50936908;"SPRF-BA";"DEL09-BA";"UOP01-DEL09-BA"
228752;2019-08-14;"quarta-feira";"18:00:00";"GO";153;506,9;"APARECIDA DE GOIANIA";"Não guardar distância de segurança";"Colisão traseira";"Com Vítimas Feridas";"Anoitecer";"Crescente";"Céu Claro";"Dupla";"Reta";"Sim";9;0;2;0;7;0;2;3;-16,7633;-49,24;"SPRF-GO";"DEL01-GO";"UOP01-DEL01-GO"
228753;2019-08-14;"quarta-feira";"18:20:00";"PR";116;118,7;"CURITIBA";"Falta de Atenção à Condução";"Engavetamento";"Com Vítimas Feridas";"Amanhecer";"Crescente";"Céu Claro";"Dupla";"Curva";"Não";4;0;1;0;3;0;1;4;-25,57492668;-49,31203991;"SPRF-PR";"DEL01-PR";"UOP03-DEL01-PR"
228754;2019-08-14;"quarta-feira";"19:30:00";"RJ";116;103;"GUAPIMIRIM";"Ultrapassagem Indevida";"Colisão traseira";"Com Vítimas Feridas";"Plena Noite";"Crescente";"Chuva";"Simples";"Aclive";"Sim";3;0;2;0;1;0;2;2;-22,5031646;-42,99910415;"SPRF-RJ";"DEL04-RJ";"UOP02-DEL04-RJ"