"id";"data_inversa";"dia_semana";"horario";"uf";"br";"km";"municipio";"causa_acidente";"tipo_acidente";"classificacao_acidente";"fase_dia";"sentido_via";"condicao_metereologica";"tipo_pista";"tracado_via";"uso_solo";"pessoas";"mortos";"feridos_leves";"feridos_graves";"ilesos";"ignorados";"feridos";"veiculos";"latitude";"longitude";"regional";"delegacia";"uop"
228757;2019-08-14;"quarta-feira";"18:30:00";"DF";80;5,5;"BRASILIA";"Falta de Atenção à Condução";"Colisão transversal";"Com Vítimas Feridas";"Anoitecer";"Crescente";"Céu Claro";"Simples";"Reta";"Não";5;0;3;1;1;0;4;2;-15,729602;-48,121304;"SPRF-DF";"DEL01-DF";"UOP02-DEL03-DF"
228760;2019-08-14;"quarta-feira";"19:20:00";"PR";476;144;"ARAUCARIA";"Desobediência às normas de trânsito pelo condutor";"Colisão transversal";"Com Vítimas Feridas";"Plena Noite";"Crescente";"Nublado";"Dupla";"Reta";"Não";5;0;4;0;1;0;4;2;-25,542501;-49,313011;"SPRF-PR";"DEL01-PR";"UOP06-DEL01-PR"
228761;2019-08-14;"quarta-feira";"19:10:00";"PR";369;148;"LONDRINA";"Ingestão de Álcool";"Colisão traseira";"Com Vítimas Feridas";"Plena Noite";"Crescente";"Céu Claro";"Dupla";"Reta";"Sim";2;0;0;1;1;0;1;2;-23,29278704;-51,142205;"SPRF-PR";"DEL07-PR";"UOP01-DEL07-PR"
228762;2019-08-14;"quarta-feira";"17:30:00";"PR";376;276,1;"MARILANDIA DO SUL";"Falta de Atenção à Condução";"Saída de leito carroçável";"Com Vítimas Feridas";"Anoitecer";"Crescente";"Céu Claro";"Simples";"Curva";"Não";3;0;2;0;0;1;2;2;-23,81731801;-51,26661297;"SPRF-PR";"DEL07-PR";"UOP02-DEL07-PR"
228763;2019-08-14;"quarta-feira";"18:10:00";"PE";104;68;"CARUARU";"Falta de Atenção à Condução";"Colisão transversal";"Com Vítimas Feridas";"Plena Noite";"Crescente";"Chuva";"Dupla";"Reta";"Não";3;0;2;0;0;1;2;2;-8,3107;-35,9904;"SPRF-PE";"DEL02-PE";"UOP01-DEL02-PE"
228764;2019-08-14;"quarta-feira";"18:40:00";"SC";282;571,5;"NOVA ERECHIM";"Falta de Atenção à Condução";"Colisão lateral";"Com Vítimas Feridas";"Plena Noite";"Decrescente";"Céu Claro";"Simples";"Reta";"Não";3;0;3;0;0;0;3;2;-26,883053;-52,939816;"SPRF-SC";"DEL07-SC";"UOP02-DEL07-SC"
228765;2019-08-14;"quarta-feira";"20:10:00";"ES";101;1;"SERRA";"Defeito Mecânico no Veículo";"Tombamento";"Com Vítimas Feridas";"Plena Noite";"Crescente";"Nublado";"Dupla";"Reta";"Sim";1;0;0;1;0;0;1;1;-20,24075403;-40,28000236;"SPRF-ES";"DEL04-ES";"UOP02-DEL04-ES"
228766;2019-08-14;"quarta-feira";"18:10:00";"PE";232;157,4;"TACAIMBO";"Mal Súbito";"Colisão frontal";"Com Vítimas Feridas";"Anoitecer";"Decrescente";"Chuva";"Simples";"Reta";"Não";8;0;4;4;0;0;8;2;-8,33031851;-36,23016357;"SPRF-PE";"DEL02-PE";"UOP03-DEL02-PE"
228767;2019-08-14;"quarta-feira";"16:05:00";"MG";381;338;"NOVA ERA";"Velocidade Incompatível";"Saída de leito carroçável";"Com Vítimas Feridas";"Pleno dia";"Decrescente";"Céu Claro";"Simples";"Curva";"Não";1;0;1;0;0;0;1;1;-19,80687312;-43,06416392;"SPRF-MG";"DEL03-MG";"UOP01-DEL03-MG"
228769;2019-08-14;"quarta-feira";"20:30:00";"ES";101;178;"ARACRUZ";"Falta de Atenção à Condução";"Queda de ocupante de veículo";"Com Vítimas Feridas";"Plena Noite";"Decrescente";"Céu Claro";"Simples";"Curva";"Não";2;0;0;2;0;0;2;1;-19,61032522;-40,20858272;"SPRF-ES";"DEL04-ES";"UOP01-DEL04-ES"
228771;2019-08-14;"quarta-feira";"17:30:00";"RO";421;9;"ARIQUEMES";"Ingestão de Álcool";"Capotamento";"Com Vítimas Feridas";"Pleno dia";"Decrescente";"Céu Claro";"Simples";"Reta";"Sim";1;0;1;0;0;0;1;1;-9,963603;-63,119144;"SPRF-RO";"DEL03-RO";"DEL21/3-UOP04/RO"
228772;2019-08-14;"quarta-feira";"18:15:00";"PE";232;515,9;"SALGUEIRO";"Velocidade Incompatível";"Colisão traseira";"Com Vítimas Fatais";"Plena Noite";"Crescente";"Céu Claro";"Simples";"Reta";"Não";2;1;0;0;0;1;0;2;-8,068192;-39,180042;"SPRF-PE";"DEL05-PE";"UOP01-DEL05-PE"
228773;2019-08-14;"quarta-feira";"18:20:00";"SP";116;217;"GUARULHOS";"Não guardar distância de segurança";"Colisão lateral";"Com Vítimas Feridas";"Anoitecer";"Decrescente";"Nublado";"Múltipla";"Reta";"Sim";3;0;2;0;1;0;2;2;-23,45423824;-46,47119028;"SPRF-SP";"DEL01-SP";"UOP01-DEL01-SP"
228777;2019-08-14;"quarta-feira";"19:00:00";"MS";60;593,1;"JARDIM";"Falta de Atenção à Condução";"Colisão traseira";"Com Vítimas Feridas";"Plena Noite";"Crescente";"Céu Claro";"Simples";"Reta";"Sim";2;0;1;0;1;0;1;2;-21,48542331;-56,15040947;"SPRF-MS";"DEL05-MS";"UOP01-DEL05-MS"
228779;2019-08-14;"quarta-feira";"18:30:00";"CE";20;432,5;"EUSEBIO";"Falta de Atenção à Condução";"Colisão traseira";"Com Vítimas Feridas";"Plena Noite";"Crescente";"Nublado";"Dupla";"Aclive;Reta;Em Obras";"Não";2;0;1;0;1;0;1;2;-3,86477428;-38,47283548;"SPRF-CE";"DEL01-CE";"UOP02-DEL01-CE"
228780;2019-08-14;"quarta-feira";"16:20:00";"RJ";40;114;"DUQUE DE CAXIAS";"Desobediência às normas de trânsito pelo condutor";"Colisão traseira";"Com Vítimas Feridas";"Pleno dia";"Decrescente";"Garoa/Chuvisco";"Dupla";"Aclive";"Sim";1;0;1;0;0;0;1;1;-22,71853604;-43,28993324;"SPRF-RJ";"DEL01-RJ";"UOP01-DEL01-RJ"
228782;2019-08-14;"quarta-feira";"19:30:00";"RS";116;408,8;"CAMAQUA";"Falta de Atenção à Condução";"Colisão transversal";"Com Vítimas Feridas";"Plena Noite";"Crescente";"Céu Claro";"Simples";"Interseção de Vias";"Não";2;0;1;0;1;0;1;2;-30,9084921;-51,87564894;"SPRF-RS";"DEL02-RS";"UOP03-DEL02-RS"
228784;2019-08-14;"quarta-feira";"18:40:00";"SC";280;29,3;"ARAQUARI";"Animais na Pista";"Atropelamento de Animal";"Com Vítimas Feridas";"Plena Noite";"Decrescente";"Céu Claro";"Simples";"Reta";"Sim";1;0;1;0;0;0;1;1;-26,41066264;-48,75295628;"SPRF-SC";"DEL03-SC";"UOP03-DEL03-SC"
228786;2019-08-14;"quarta-feira";"18:50:00";"SC";163;0,4;"DIONISIO CERQUEIRA";"Desobediência às normas de trânsito pelo condutor";"Colisão frontal";"Com Vítimas Feridas";"Plena Noite";"Crescente";"Céu Claro";"Simples";"Reta";"Não";2;0;1;0;1;0;1;2;-26,2613;-53,6206;"SPRF-SC";"DEL07-SC";"UOP04-DEL07-SC"
228787;2019-08-14;"quarta-feira";"20:50:00";"MS";163;484,4;"CAMPO GRANDE";"Falta de Atenção à Condução";"Colisão transversal";"Com Vítimas Fatais";"Plena Noite";"Crescente";"Céu Claro";"Simples";"Interseção de Vias";"Sim";3;1;1;0;0;1;1;3;-20,45104898;-54,5403266;"SPRF-MS";"DEL01-MS";"UOP02-DEL01-MS"
228788;2019-08-14;"quarta-feira";"18:40:00";"SC";470;49,7;"BLUMENAU";"Defeito na Via";"Colisão lateral";"Com Vítimas Feridas";"Plena Noite";"Crescente";"Céu Claro";"Simples";"Reta";"Não";2;0;1;1;0;0;2;2;-26,860662;-49,065159;"SPRF-SC";"DEL04-SC";"UOP01-DEL04-SC"
228789;2019-08-14;"quarta-feira";"17:25:00";"MG";356;265;"MURIAE";"Falta de Atenção à Condução";"Colisão traseira";"Com Vítimas Feridas";"Anoitecer";"Decrescente";"Nublado";"Simples";"Reta";"Sim";2;0;1;0;1;0;1;2;-21,12635604;-42,37424168;"SPRF-MG";"DEL07-MG";"UOP02-DEL07-MG"
228791;2019-08-14;"quarta-feira";"19:15:00";"PI";343;241,4;"CAMPO MAIOR";"Animais na Pista";"Atropelamento de Animal";"Sem Vítimas";"Plena Noite";"Decrescente";"Céu Claro";"Simples";"Reta";"Não";1;0;0;0;1;0;0;1;-4,660274;-42,061188;"SPRF-PI";"DEL01-PI";"UOP03-DEL01-PI"
228793;2019-08-14;"quarta-feira";"22:15:00";"RN";405;74,9;"APODI";"Desobediência às normas de trânsito pelo condutor";"Colisão frontal";"Com Vítimas Fatais";"Plena Noite";"Crescente";"Céu Claro";"Simples";"Reta";"Sim";4;1;2;1;0;0;3;3;-5,64208599;-37,79999614;"SPRF-RN";"DEL04-RN";"UOP02-DEL04-RN"
228795;2019-08-14;"quarta-feira";"17:45:00";"RJ";101;322;"NITEROI";"Não guardar distância de segurança";"Colisão traseira";"Com Vítimas Feridas";"Plena Noite";"Decrescente";"Nublado";"Dupla";"Reta";"Sim";2;0;1;0;1;0;1;2;-22,878923;-43,110676;"SPRF-RJ";"DEL02-RJ";"UOP02-DEL02-RJ"
228796;2019-08-14;"quarta-feira";"23:20:00";"PE";408;83;"PAUDALHO";"Falta de Atenção à Condução";"Colisão traseira";"Com Vítimas Feridas";"Plena Noite";"Decrescente";"Garoa/Chuvisco";"Dupla";"Reta";"Sim";2;0;1;0;1;0;1;2;-7,94549251;-35,11580722;"SPRF-PE";"DEL01-PE";"UOP01-DEL01-PE"
228798;2019-08-14;"quarta-feira";"22:20:00";"RJ";101;301;"SAO GONCALO";"Agressão Externa";"Colisão traseira";"Sem Vítimas";"Plena Noite";"Crescente";"Chuva";"Múltipla";"Reta";"Sim";2;0;0;0;2;0;0;2;-22,77857497;-42,95745101;"SPRF-RJ";"DEL02-RJ";"DEL5/2-UOP04/RJ"
228804;2019-08-15;"quinta-feira";"00:20:00";"PI";343;569;"FLORIANO";"Condutor Dormindo";"Saída de leito carroçável";"Com Vítimas Feridas";"Plena Noite";"Crescente";"Céu Claro";"Simples";"Reta";"Não";1;0;1;0;0;0;1;1;-6,72439;-42,924717;"SPRF-PI";"DEL03-PI";"UOP01-DEL03-PI"
228805;2019-08-15;"quinta-feira";"00:50:00";"PR";376;500;"PONTA GROSSA";"Animais na Pista";"Atropelamento de Animal";"Sem Vítimas";"Plena Noite";"Crescente";"Céu Claro";"Dupla";"Declive;Reta";"Sim";1;0;0;0;1;0;0;1;-25,20488473;-50,06813787;"SPRF-PR";"DEL03-PR";"UOP04-DEL03-PR"
228806;2019-08-15;"quinta-feira";"01:30:00";"AL";316;243;"ATALAIA";"Falta de Atenção à Condução";"Capotamento";"Com Vítimas Feridas";"Plena Noite";"Crescente";"Chuva";"Simples";"Curva";"Não";1;0;0;1;0;0;1;1;-9,50948818;-36,01302293;"SPRF-AL";"DEL01-AL";"UOP01-DEL01-AL"
228807;2019-08-14;"quarta-feira";"21:20:00";"MT";163;624;"NOVA MUTUM";"Falta de Atenção à Condução";"Capotamento";"Com Vítimas Feridas";"Plena Noite";"Crescente";"Céu Claro";"Simples";"Reta";"Não";1;0;1;0;0;0;1;1;-13,70055402;-56,04005176;"SPRF-MT";"DEL01-MT";"UOP01-DEL01-MT"
228808;2019-08-15;"quinta-feira";"01:30:00";"AL";101;48;"FLEXEIRAS";"Falta de Atenção à Condução";"Saída de leito carroçável";"Com Vítimas Feridas";"Pleno dia";"Decrescente";"Chuva";"Dupla";"Declive";"Não";2;0;1;0;1;0;1;1;-9,22279792;-35,77608338;"SPRF-AL";"DEL01-AL";"UOP01-DEL01-AL"
228810;2019-08-15;"quinta-feira";"02:55:00";"SP";116;273;"TABOAO DA SERRA";"Defeito Mecânico no Veículo";"Incêndio";"Sem Vítimas";"Plena Noite";"Decrescente";"Nublado";"Dupla";"Reta";"Sim";1;0;0;0;1;0;0;1;-23,62809795;-46,81870306;"SPRF-SP";"DEL04-SP";"UOP01-DEL04-SP"
228811;2019-08-15;"quinta-feira";"01:30:00";"MG";381;781;"CAMPANHA";"Condutor Dormindo";"Colisão lateral";"Com Vítimas Feridas";"Plena Noite";"Crescente";"Céu Claro";"Dupla";"Curva";"Não";3;0;1;0;1;1;1;3;-21,85166608;-45,52037769;"SPRF-MG";"DEL16-MG";"UOP02-DEL16-MG"
228812;2019-08-15;"quinta-feira";"03:20:00";"AL";316;37,3;"CANAPI";"Condutor Dormindo";"Saída de leito carroçável";"Com Vítimas Feridas";"Plena Noite";"Decrescente";"Chuva";"Simples";"Reta";"Não";5;0;1;1;3;0;2;1;-9,11994376;-37,59116996;"SPRF-AL";"DEL03-AL";"UOP02-DEL03-AL"
228814;2019-08-15;"quinta-feira";"04:15:00";"SP";381;2,7;"VARGEM";"Falta de Atenção à Condução";"Capotamento";"Com Vítimas Feridas";"Plena Noite";"Crescente";"Céu Claro";"Dupla";"Reta";"Não";1;0;0;1;0;0;1;1;-22,87965466;-46,39526367;"SPRF-SP";"DEL03-SP";"UOP02-DEL03-SP"
228815;2019-08-15;"quinta-feira";"04:25:00";"ES";101;258;"SERRA";"Falta de Atenção à Condução";"Colisão frontal";"Com Vítimas Feridas";"Plena Noite";"Crescente";"Nublado";"Dupla";"Declive";"Sim";3;0;1;1;1;0;2;2;-20,13059888;-40,2961019;"SPRF-ES";"DEL02-ES";"UOP01-DEL02-ES"
228816;2019-08-14;"quarta-feira";"05:00:00";"RJ";116;167;"SAO JOAO DE MERITI";"Falta de Atenção à Condução";"Colisão traseira";"Com Vítimas Feridas";"Amanhecer";"Decrescente";"Céu Claro";"Múltipla";"Reta";"Sim";1;0;1;0;0;0;1;1;-22,81803977;-43,30787252;"SPRF-RJ";"DEL01-RJ";"UOP02-DEL01-RJ"
228817;2019-08-15;"quinta-feira";"04:00:00";"SP";116;96,8;"PINDAMONHANGABA";"Condutor Dormindo";"Queda de ocupante de veículo";"Com Vítimas Feridas";"Plena Noite";"Decrescente";"Nublado";"Dupla";"Reta";"Sim";1;0;1;0;0;0;1;1;-22,96945055;-45,43869623;"SPRF-SP";"DEL06-SP";"UOP01-DEL06-SP"
228818;2019-08-15;"quinta-feira";"05:20:00";"MG";381;585,2;"CARMOPOLIS DE MINAS";"Velocidade Incompatível";"Tombamento";"Com Vítimas Feridas";"Amanhecer";"Crescente";"Nublado";"Dupla";"Reta";"Não";1;0;0;1;0;0;1;1;-20,538292;-44,64046;"SPRF-MG";"DEL04-MG";"UOP01-DEL04-MG"
228823;2019-08-15;"quinta-feira";"06:10:00";"PR";369;95,1;"CORNELIO PROCOPIO";"Não guardar distância de segurança";"Colisão traseira";"Com Vítimas Feridas";"Amanhecer";"Crescente";"Céu Claro";"Simples";"Reta";"Sim";3;0;1;0;2;0;1;2;-23,2264218;-50,67501783;"SPRF-PR";"DEL07-PR";"UOP05-DEL07-PR"
228825;2019-08-15;"quinta-feira";"06:10:00";"MG";262;415;"PARA DE MINAS";"Desobediência às normas de trânsito pelo condutor";"Colisão lateral";"Sem Vítimas";"Pleno dia";"Crescente";"Céu Claro";"Dupla";"Reta";"Não";6;0;0;0;6;0;0;2;-19,90748652;-44,67151073;"SPRF-MG";"DEL08-MG";"UOP03-DEL08-MG"
228828;2019-08-15;"quinta-feira";"07:10:00";"RS";116;245;"SAO LEOPOLDO";"Falta de Atenção à Condução";"Colisão traseira";"Sem Vítimas";"Pleno dia";"Crescente";"Céu Claro";"Dupla";"Reta";"Sim";2;0;0;0;2;0;0;2;-29,74980902;-51,15125361;"SPRF-RS";"DEL01-RS";"UOP02-DEL01-RS"
228829;2019-08-15;"quinta-feira";"06:30:00";"PR";369;423,5;"JURANDA";"Desobediência às normas de trânsito pelo condutor";"Colisão transversal";"Com Vítimas Feridas";"Amanhecer";"Decrescente";"Céu Claro";"Simples";"Reta";"Não";2;0;1;1;0;0;2;2;-24,4024;-52,8123;"SPRF-PR";"DEL04-PR";"UOP03-DEL04-PR"
228831;2019-08-15;"quinta-feira";"06:55:00";"MG";116;526,5;"CARATINGA";"Falta de Atenção à Condução";"Colisão transversal";"Com Vítimas Feridas";"Pleno dia";"Crescente";"Nublado";"Simples";"Reta";"Sim";3;0;2;0;1;0;2;2;-19,77654011;-42,13327989;"SPRF-MG";"DEL06-MG";"UOP02-DEL06-MG"
228832;2019-08-15;"quinta-feira";"07:20:00";"ES";262;107,5;"VENDA NOVA DO IMIGRANTE";"Ultrapassagem Indevida";"Colisão frontal";"Com Vítimas Feridas";"Amanhecer";"Crescente";"Sol";"Simples";"Reta";"Sim";2;0;0;1;1;0;1;2;-20,32991844;-41,15343646;"SPRF-ES";"DEL01-ES";"UOP02-DEL01-ES"
228833;2019-08-15;"quinta-feira";"07:30:00";"SP";116;145,9;"SAO JOSE DOS CAMPOS";"Falta de Atenção à Condução";"Colisão lateral";"Com Vítimas Feridas";"Pleno dia";"Crescente";"Céu Claro";"Dupla";"Declive;Reta";"Não";2;0;1;0;1;0;1;2;-23,18961011;-45,86014152;"SPRF-SP";"DEL02-SP";"UOP01-DEL02-SP"
228834;2019-08-15;"quinta-feira";"07:45:00";"GO";153;494;"GOIANIA";"Não guardar distância de segurança";"Engavetamento";"Sem Vítimas";"Pleno dia";"Crescente";"Céu Claro";"Dupla";"Reta";"Sim";3;0;0;0;3;0;0;3;-16,6614;-49,2218;"SPRF-GO";"DEL01-GO";"UOP01-DEL01-GO"
228835;2019-08-15;"quinta-feira";"07:45:00";"RS";472;576;"URUGUAIANA";"Desobediência às normas de trânsito pelo condutor";"Colisão transversal";"Com Vítimas Feridas";"Pleno dia";"Crescente";"Céu Claro";"Simples";"Reta";"Sim";2;0;0;1;1;0;1;2;-29,77825342;-57,06131995;"SPRF-RS";"DEL13-RS";"UOP01-DEL13-RS"
228836;2019-08-15;"quinta-feira";"07:00:00";"PR";277;604;"SANTA TEREZA DO OESTE";"Animais na Pista";"Atropelamento de Animal";"Com Vítimas Feridas";"Pleno dia";"Decrescente";"Céu Claro";"Simples";"Reta";"Não";1;0;0;1;0;0;1;1;-25,02905699;-53,569607;"SPRF-PR";"DEL05-PR";"UOP02-DEL05-PR"
228838;2019-08-15;"quinta-feira";"08:15:00";"BA";116;422;"FEIRA DE SANTANA";"Falta de Atenção à Condução";"Colisão lateral";"Com Vítimas Feridas";"Pleno dia";"Decrescente";"Chuva";"Simples";"Interseção de Vias";"Sim";3;0;1;0;2;0;1;2;-12,23194757;-38,97087878;"SPRF-BA";"DEL02-BA";"UOP01-DEL02-BA"
228843;2019-08-15;"quinta-feira";"07:30:00";"GO";153;511,2;"APARECIDA DE GOIANIA";"Desobediência às normas de trânsito pelo condutor";"Colisão traseira";"Com Vítimas Feridas";"Pleno dia";"Crescente";"Céu Claro";"Simples";"Reta";"Sim";3;0;0;1;1;1;1;3;-16,8067;-49,2394;"SPRF-GO";"DEL01-GO";"UOP03-DEL01-GO"
228845;2019-08-15;"quinta-feira";"08:15:00";"BA";101;808;"ITAMARAJU";"Falta de Atenção à Condução";"Colisão frontal";"Com Vítimas Feridas";"Pleno dia";"Crescente";"Garoa/Chuvisco";"Simples";"Reta";"Não";2;0;1;0;1;0;1;2;-17,19644104;-39,59171792;"SPRF-BA";"DEL09-BA";"UOP01-DEL09-BA"
228846;2019-08-15;"quinta-feira";"07:00:00";"PB";104;116,9;"LAGOA SECA";"Não guardar distância de segurança";"Colisão traseira";"Com Vítimas Feridas";"Pleno dia";"Decrescente";"Céu Claro";"Simples";"Aclive";"Não";2;0;1;0;1;0;1;2;-7,18022102;-35,86480593;"SPRF-PB";"DEL02-PB";"UOP04-DEL02-PB"
228851;2019-08-15;"quinta-feira";"06:50:00";"RJ";116;202;"SEROPEDICA";"Falta de Atenção à Condução";"Colisão traseira";"Com Vítimas Fatais";"Amanhecer";"Crescente";"Garoa/Chuvisco";"Dupla";"Reta";"Não";5;1;0;0;4;0;0;2;-22,72996588;-43,61317403;"SPRF-RJ";"DEL01-RJ";"UOP03-DEL01-RJ"
228852;2019-08-15;"quinta-feira";"08:32:00";"PI";343;1,8;"TERESINA";"Desobediência às normas de trânsito pelo condutor";"Colisão traseira";"Com Vítimas Feridas";"Pleno dia";"Crescente";"Céu Claro";"Dupla";"Reta";"Sim";2;0;1;0;1;0;1;2;-5,08136899;-42,76565552;"SPRF-PI";"DEL01-PI";"UOP01-DEL01-PI"
228853;2019-08-15;"quinta-feira";"08:25:00";"RJ";101;303,9;"SAO GONCALO";"Não guardar distância de segurança";"Saída de leito carroçável";"Com Vítimas Feridas";"Pleno dia";"Crescente";"Nublado";"Dupla";"Reta";"Não";2;0;1;0;1;0;1;2;-22,7828205;-42,9766681;"SPRF-RJ";"DEL02-RJ";"DEL5/2-UOP04/RJ"
228854;2019-08-15;"quinta-feira";"08:20:00";"BA";324;625,8;"SALVADOR";"Falta de Atenção à Condução";"Colisão com objeto estático";"Com Vítimas Feridas";"Pleno dia";"Crescente";"Céu Claro";"Múltipla";"Reta";"Sim";1;0;1;0;0;0;1;1;-12,94194706;-38,47081224;"SPRF-BA";"DEL01-BA";"UOP01-DEL01-BA"
228856;2019-08-15;"quinta-feira";"10:00:00";"PE";232;31,7;"MORENO";"Falta de Atenção à Condução";"Colisão traseira";"Com Vítimas Feridas";"Pleno dia";"Crescente";"Nublado";"Dupla";"Curva";"Não";4;0;2;0;2;0;2;3;-8,10678602;-35,15841205;"SPRF-PE";"DEL01-PE";"UOP02-DEL02PE"
228862;2019-08-15;"quinta-feira";"09:00:00";"RJ";101;319;"SAO GONCALO";"Falta de Atenção à Condução";"Colisão lateral";"Com Vítimas Feridas";"Pleno dia";"Crescente";"Nublado";"Dupla";"Reta";"Não";2;0;1;0;1;0;1;2;-22,85411774;-43,1018014;"SPRF-RJ";"DEL02-RJ";"DEL5/2-UOP04/RJ"
228864;2019-08-15;"quinta-feira";"10:30:00";"PR";116;17;"ANTONINA";"Falta de Atenção à Condução";"Saída de leito carroçável";"Com Vítimas Feridas";"Pleno dia";"Decrescente";"Garoa/Chuvisco";"Dupla";"Declive;Curva";"Não";2;0;1;0;1;0;1;1;-25,10305915;-48,70103892;"SPRF-PR";"DEL01-PR";"UOP02-DEL01-PR"
228865;2019-08-15;"quinta-feira";"10:00:00";"SC";163;76,8;"SAO MIGUEL DO OESTE";"Falta de Atenção à Condução";"Colisão frontal";"Com Vítimas Feridas";"Pleno dia";"Decrescente";"Céu Claro";"Simples";"Reta";"Não";3;0;2;0;1;0;2;2;-26,68478399;-53,51451486;"SPRF-SC";"DEL07-SC";"UOP03-DEL07-SC"
228866;2019-08-15;"quinta-feira";"09:45:00";"RO";364;610,8;"ITAPUA DO OESTE";"Falta de Atenção à Condução";"Colisão transversal";"Com Vítimas Feridas";"Pleno dia";"Decrescente";"Céu Claro";"Simples";"Reta";"Não";4;0;1;1;2;0;2;2;-9,15374573;-63,22670073;"SPRF-RO";"DEL03-RO";"UOP04-DEL01-RO"
228868;2019-08-15;"quinta-feira";"07:00:00";"RS";392;4,8;"RIO GRANDE";"Desobediência às normas de trânsito pelo condutor";"Colisão transversal";"Com Vítimas Feridas";"Amanhecer";"Crescente";"Céu Claro";"Simples";"Reta";"Sim";2;0;0;1;1;0;1;2;-32,06960295;-52,09547805;"SPRF-RS";"DEL07-RS";"UOP02-DEL07-RS"
228869;2019-08-15;"quinta-feira";"12:00:00";"RS";116;248;"SAO LEOPOLDO";"Falta de Atenção à Condução";"Colisão lateral";"Com Vítimas Feridas";"Pleno dia";"Decrescente";"Céu Claro";"Dupla";"Reta";"Sim";3;0;1;0;2;0;1;3;-29,77605895;-51,15508618;"SPRF-RS";"DEL01-RS";"UOP02-DEL01-RS"
228870;2019-08-15;"quinta-feira";"10:15:00";"BA";101;667,3;"ITAPEBI";"Velocidade Incompatível";"Colisão transversal";"Sem Vítimas";"Pleno dia";"Crescente";"Chuva";"Simples";"Curva";"Não";2;0;0;0;2;0;0;2;-15,99136473;-39,57344055;"SPRF-BA";"DEL09-BA";"UOP01-DEL09-BA"
228872;2019-05-11;"sábado";"13:15:00";"SC";116;219,4;"CORREIA PINTO";"Falta de Atenção à Condução";"Colisão transversal";"Com Vítimas Feridas";"Pleno dia";"Crescente";"Nublado";"Simples";"Declive";"Sim";2;0;1;0;1;0;1;2;-27,57012897;-50,37318791;"SPRF-SC";"DEL05-SC";"UOP03-DEL05-SC"
228873;2019-08-15;"quinta-feira";"06:50:00";"MA";135;23,5;"SAO LUIS";"Falta de Atenção à Condução";"Colisão lateral";"Sem Vítimas";"Pleno dia";"Decrescente";"Céu Claro";"Dupla";"Reta";"Não";2;0;0;0;1;1;0;2;-2,55113903;-44,30696011;"SPRF-MA";"DEL01-MA";"UOP01-DEL01-MA"
228875;2019-08-15;"quinta-feira";"11:30:00";"ES";262;33;"DOMINGOS MARTINS";"Pista Escorregadia";"Saída de leito carroçável";"Com Vítimas Feridas";"Pleno dia";"Crescente";"Chuva";"Simples";"Curva";"Não";2;0;1;0;1;0;1;1;-20,37535106;-40,58433127;"SPRF-ES";"DEL01-ES";"UOP01-DEL01-ES"
228876;2019-08-15;"quinta-feira";"12:40:00";"PB";101;86,8;"JOAO PESSOA";"Falta de Atenção à Condução";"Engavetamento";"Com Vítimas Feridas";"Pleno dia";"Crescente";"Céu Claro";"Dupla";"Reta";"Sim";3;0;0;1;2;0;1;3;-7,15118983;-34,91012184;"SPRF-PB";"DEL01-PB";"UOP01-DEL01-PB"
228877;2019-08-15;"quinta-feira";"08:50:00";"RJ";40;91,2;"PETROPOLIS";"Pista Escorregadia";"Saída de leito carroçável";"Com Vítimas Feridas";"Pleno dia";"Crescente";"Nublado";"Simples";"Reta";"Não";2;0;2;0;0;0;2;1;-22,54903566;-43,24229724;"SPRF-RJ";"DEL06-RJ";"UOP01-DEL06-RJ"
228878;2019-08-15;"quinta-feira";"12:45:00";"SC";101;202;"SAO JOSE";"Desobediência às normas de trânsito pelo pedestre";"Atropelamento de Pedestre";"Com Vítimas Feridas";"Pleno dia";"Crescente";"Céu Claro";"Dupla";"Reta";"Sim";2;0;1;0;1;0;1;2;-27,55711595;-48,61897889;"SPRF-SC";"DEL01-SC";"UOP01-DEL01-SC"
228879;2019-08-14;"quarta-feira";"21:00:00";"GO";364;160,9;"JATAI";"Animais na Pista";"Atropelamento de Animal";"Sem Vítimas";"Plena Noite";"Crescente";"Céu Claro";"Simples";"Reta";"Não";2;0;0;0;2;0;0;1;-18,09811;-51,493465;"SPRF-GO";"DEL05-GO";"UOP01-DEL05-GO"
228880;2019-07-14;"domingo";"20:00:00";"SC";282;6;"SAO JOSE";"Falta de Atenção à Condução";"Colisão com objeto estático";"Com Vítimas Feridas";"Plena Noite";"Decrescente";"Chuva";"Dupla";"Curva";"Sim";2;0;1;1;0;0;2;1;-27,591936;-48,618244;"SPRF-SC";"DEL01-SC";"UOP01-DEL01-SC"
228883;2019-08-14;"quarta-feira";"22:20:00";"RJ";101;301,5;"SAO GONCALO";"Agressão Externa";"Danos eventuais";"Sem Vítimas";"Plena Noite";"Crescente";"Chuva";"Dupla";"Reta";"Sim";1;0;0;0;1;0;0;1;-22,77857497;-42,95745101;"SPRF-RJ";"DEL02-RJ";"DEL5/2-UOP04/RJ"
228886;2019-08-15;"quinta-feira";"13:20:00";"MG";116;745,1;"LEOPOLDINA";"Falta de Atenção à Condução";"Colisão transversal";"Com Vítimas Feridas";"Pleno dia";"Crescente";"Céu Claro";"Simples";"Reta";"Não";3;0;2;0;1;0;2;2;-21,429308;-42,51473;"SPRF-MG";"DEL07-MG";"UOP01-DEL07-MG"