"id";"data_inversa";"dia_semana";"horario";"uf";"br";"km";"municipio";"causa_acidente";"tipo_acidente";"classificacao_acidente";"fase_dia";"sentido_via";"condicao_metereologica";"tipo_pista";"tracado_via";"uso_solo";"pessoas";"mortos";"feridos_leves";"feridos_graves";"ilesos";"ignorados";"feridos";"veiculos";"latitude";"longitude";"regional";"delegacia";"uop"
228887;2019-08-15;"quinta-feira";"13:40:00";"PI";343;343;"TERESINA";"Não guardar distância de segurança";"Colisão traseira";"Com Vítimas Feridas";"Pleno dia";"Decrescente";"Céu Claro";"Simples";"Reta";"Sim";2;0;1;0;1;0;1;2;-5,087362;-42,757851;"SPRF-PI";"DEL01-PI";"UOP01-DEL01-PI"
228888;2019-08-15;"quinta-feira";"13:35:00";"PI";343;342;"TERESINA";"Desobediência às normas de trânsito pelo condutor";"Colisão lateral";"Sem Vítimas";"Pleno dia";"Crescente";"Céu Claro";"Simples";"Curva";"Sim";1;0;0;0;1;0;0;1;-5,08284;-42,750385;"SPRF-PI";"DEL01-PI";"UOP01-DEL01-PI"
228890;2019-08-15;"quinta-feira";"13:30:00";"PR";116;102;"SAO JOSE DOS PINHAIS";"Falta de Atenção à Condução";"Saída de leito carroçável";"Com Vítimas Feridas";"Pleno dia";"Crescente";"Céu Claro";"Dupla";"Reta;Declive";"Sim";1;0;1;0;0;0;1;1;-25,56892375;-49,18072701;"SPRF-PR";"DEL01-PR";"UOP01-DEL01-PR"
228891;2019-08-15;"quinta-feira";"13:00:00";"CE";20;417;"MARACANAU";"Desobediência às normas de trânsito pelo condutor";"Colisão transversal";"Com Vítimas Feridas";"Pleno dia";"Crescente";"Céu Claro";"Dupla";"Reta";"Sim";2;0;1;1;0;0;2;2;-3,76999035;-38,67006282;"SPRF-CE";"DEL01-CE";"UOP02-DEL01-CE"
228893;2019-06-28;"sexta-feira";"18:30:00";"ES";101;285;"CARIACICA";"Desobediência às normas de trânsito pelo pedestre";"Atropelamento de Pedestre";"Com Vítimas Feridas";"Plena Noite";"Decrescente";"Ignorado";"Dupla";"Reta";"Não";2;0;1;0;1;0;1;2;-20,25210784;-40,37303031;"SPRF-ES";"DEL01-ES";"UOP01-DEL01-ES"
228897;2019-08-15;"quinta-feira";"13:50:00";"RJ";101;92;"CAMPOS DOS GOYTACAZES";"Defeito na Via";"Colisão com objeto estático";"Com Vítimas Feridas";"Pleno dia";"Decrescente";"Céu Claro";"Dupla";"Reta";"Não";1;0;1;0;0;0;1;1;-21,85456357;-41,52621893;"SPRF-RJ";"DEL08-RJ";"UOP02-DEL08-RJ"
228899;2019-08-15;"quinta-feira";"08:45:00";"BA";101;364;"GANDU";"Falta de Atenção à Condução";"Colisão lateral";"Com Vítimas Feridas";"Pleno dia";"Decrescente";"Sol";"Simples";"Reta";"Não";2;0;0;1;1;0;1;2;-13,86515405;-39,49574188;"SPRF-BA";"DEL05-BA";"UOP03-DEL05-BA"
228900;2019-08-15;"quinta-feira";"09:25:00";"PB";230;130,6;"MASSARANDUBA";"Falta de Atenção à Condução";"Saída de leito carroçável";"Com Vítimas Feridas";"Pleno dia";"Crescente";"Nublado";"Dupla";"Curva";"Não";2;0;2;0;0;0;2;1;-7,2685;-35,7213;"SPRF-PB";"DEL02-PB";"UOP01-DEL02-PB"
228901;2019-08-15;"quinta-feira";"10:05:00";"MG";365;712;"MONTE ALEGRE DE MINAS";"Ultrapassagem Indevida";"Colisão frontal";"Com Vítimas Feridas";"Pleno dia";"Crescente";"Céu Claro";"Simples";"Reta";"Não";6;0;4;0;2;0;4;2;-18,87955453;-49,111501;"SPRF-MG";"DEL15-MG";"UOP03-DEL15-MG"
228902;2019-08-15;"quinta-feira";"14:30:00";"ES";262;24,5;"VIANA";"Condutor Dormindo";"Colisão com objeto estático";"Com Vítimas Feridas";"Pleno dia";"Crescente";"Nublado";"Simples";"Curva";"Não";1;0;1;0;0;0;1;1;-20,37917648;-40,52624613;"SPRF-ES";"DEL01-ES";"UOP01-DEL01-ES"
228906;2019-08-15;"quinta-feira";"08:00:00";"SC";480;124,8;"CHAPECO";"Falta de Atenção à Condução";"Saída de leito carroçável";"Com Vítimas Feridas";"Pleno dia";"Decrescente";"Sol";"Simples";"Reta";"Sim";1;0;1;0;0;0;1;1;-27,00359519;-52,64391044;"SPRF-SC";"DEL07-SC";"UOP01-DEL07-SC"
228907;2019-01-19;"sábado";"00:30:00";"CE";222;222;"SOBRAL";"Falta de Atenção do Pedestre";"Atropelamento de Pedestre";"Com Vítimas Feridas";"Plena Noite";"Crescente";"Nublado";"Simples";"Reta";"Sim";2;0;0;1;1;0;1;2;-3,721346;-40,328716;"SPRF-CE";"DEL04-CE";"UOP01-DEL04-CE"
228908;2019-08-15;"quinta-feira";"11:00:00";"BA";101;663;"ITAPEBI";"Pista Escorregadia";"Capotamento";"Com Vítimas Fatais";"Pleno dia";"Decrescente";"Chuva";"Simples";"Curva";"Não";4;1;0;1;2;0;1;1;-15,95934855;-39,56159592;"SPRF-BA";"DEL05-BA";"UOP02-DEL05-BA"
228909;2019-08-15;"quinta-feira";"12:15:00";"SC";101;204;"SAO JOSE";"Pista Escorregadia";"Tombamento";"Com Vítimas Feridas";"Pleno dia";"Decrescente";"Céu Claro";"Dupla";"Viaduto";"Sim";1;0;1;0;0;0;1;1;-27,57413014;-48,61363083;"SPRF-SC";"DEL01-SC";"UOP01-DEL01-SC"
228910;2019-08-15;"quinta-feira";"14:00:00";"MG";262;508,9;"LUZ";"Velocidade Incompatível";"Saída de leito carroçável";"Com Vítimas Feridas";"Pleno dia";"Crescente";"Céu Claro";"Simples";"Curva;Aclive";"Não";1;0;1;0;0;0;1;1;-19,77025936;-45,51078303;"SPRF-MG";"DEL08-MG";"UOP03-DEL08-MG"
228911;2019-08-15;"quinta-feira";"13:30:00";"RJ";101;330;"RIO DE JANEIRO";"Falta de Atenção à Condução";"Colisão lateral";"Com Vítimas Feridas";"Pleno dia";"Crescente";"Nublado";"Dupla";"Reta;Ponte";"Sim";3;0;2;0;1;0;2;2;-22,8684989;-43,18548699;"SPRF-RJ";"DEL02-RJ";"UOP02-DEL02-RJ"
228914;2019-08-15;"quinta-feira";"14:40:00";"RS";293;15;"CAPAO DO LEAO";"Falta de Atenção à Condução";"Colisão transversal";"Com Vítimas Feridas";"Pleno dia";"Decrescente";"Sol";"Simples";"Reta;Interseção de Vias";"Sim";2;0;1;0;1;0;1;2;-31,74860588;-52,47894287;"SPRF-RS";"DEL07-RS";"UOP01-DEL07-RS"
228915;2019-08-15;"quinta-feira";"13:45:00";"RJ";393;282;"VOLTA REDONDA";"Desobediência às normas de trânsito pelo condutor";"Colisão transversal";"Com Vítimas Feridas";"Pleno dia";"Crescente";"Céu Claro";"Simples";"Reta";"Sim";3;0;1;1;1;0;2;2;-22,48115454;-44,06341553;"SPRF-RJ";"DEL05-RJ";"UOP04-DEL05-RJ"
228916;2019-08-15;"quinta-feira";"15:50:00";"SC";101;195;"BIGUACU";"Restrição de Visibilidade";"Colisão lateral";"Com Vítimas Feridas";"Pleno dia";"Decrescente";"Céu Claro";"Dupla";"Viaduto";"Não";2;0;1;0;1;0;1;2;-27,5047092;-48,65010819;"SPRF-SC";"DEL01-SC";"UOP01-DEL01-SC"
228917;2019-08-15;"quinta-feira";"14:46:00";"RO";364;216;"PIMENTA BUENO";"Defeito Mecânico no Veículo";"Queda de ocupante de veículo";"Com Vítimas Feridas";"Pleno dia";"Crescente";"Céu Claro";"Simples";"Declive";"Não";2;0;1;0;1;0;1;1;-11,55310568;-61,29357762;"SPRF-RO";"DEL02-RO";"UOP02-DEL02-RO"
228918;2019-08-15;"quinta-feira";"16:10:00";"RS";116;248;"SAO LEOPOLDO";"Falta de Atenção à Condução";"Colisão traseira";"Com Vítimas Feridas";"Pleno dia";"Decrescente";"Céu Claro";"Dupla";"Reta";"Sim";2;0;1;0;1;0;1;2;-29,77605895;-51,15508618;"SPRF-RS";"DEL01-RS";"UOP02-DEL01-RS"
228919;2019-07-14;"domingo";"18:15:00";"RO";364;510,8;"ARIQUEMES";"Desobediência às normas de trânsito pelo condutor";"Colisão frontal";"Com Vítimas Feridas";"Plena Noite";"Crescente";"Céu Claro";"Simples";"Curva";"Não";8;0;7;1;0;0;8;2;-9,96700255;-63,04503259;"SPRF-RO";"DEL03-RO";"UOP01-DEL03-RO"
228920;2019-08-15;"quinta-feira";"10:45:00";"SC";282;1;"FLORIANOPOLIS";"Defeito Mecânico no Veículo";"Tombamento";"Com Vítimas Feridas";"Pleno dia";"Decrescente";"Céu Claro";"Dupla";"Reta";"Não";2;0;2;0;0;0;2;1;-27,602955;-48,580509;"SPRF-SC";"DEL01-SC";"UOP01-DEL01-SC"
228922;2019-08-15;"quinta-feira";"15:50:00";"PR";163;351,5;"GUAIRA";"Desobediência às normas de trânsito pelo condutor";"Colisão traseira";"Com Vítimas Feridas";"Pleno dia";"Decrescente";"Céu Claro";"Simples";"Ponte";"Não";2;0;1;0;1;0;1;2;-24,21375699;-54,19958751;"SPRF-PR";"DEL06-PR";"UOP01-DEL06-PR"
228923;2019-08-15;"quinta-feira";"16:30:00";"DF";20;4,9;"BRASILIA";"Falta de Atenção à Condução";"Saída de leito carroçável";"Sem Vítimas";"Pleno dia";"Crescente";"Sol";"Dupla";"Declive";"Sim";1;0;0;0;1;0;0;1;-15,675484;-47,823761;"SPRF-DF";"DEL02-DF";"UOP01-DEL02-DF"
228926;2019-07-10;"quarta-feira";"18:19:00";"AC";0;0;"RIO BRANCO";"Restrição de Visibilidade";"Colisão frontal";"Com Vítimas Feridas";"Plena Noite";"Não Informado";"Ignorado";"Simples";"Interseção de Vias";"Sim";4;0;0;1;3;0;1;3;-9,98588117;-67,84523538;"SPRF-AC";"DEL01-AC";"UOP01-DEL01-AC"
228927;2019-08-15;"quinta-feira";"13:10:00";"RO";429;90;"ALVORADA DOESTE";"Desobediência às normas de trânsito pelo condutor";"Colisão lateral";"Com Vítimas Feridas";"Pleno dia";"Decrescente";"Sol";"Dupla";"Reta;Retorno Regulamentado";"Sim";3;0;1;0;2;0;1;2;-11,33369673;-62,27383627;"SPRF-RO";"DEL02-RO";"UOP03-DEL02-RO"
228928;2019-08-15;"quinta-feira";"17:00:00";"RS";287;249;"SANTA MARIA";"Falta de Atenção à Condução";"Colisão transversal";"Com Vítimas Feridas";"Pleno dia";"Decrescente";"Céu Claro";"Simples";"Interseção de Vias";"Sim";2;0;1;0;1;0;1;2;-29,69400654;-53,86100019;"SPRF-RS";"DEL09-RS";"UOP01-DEL09-RS"
228929;2019-08-09;"sexta-feira";"22:40:00";"AC";364;139,5;"RIO BRANCO";"Falta de Atenção à Condução";"Tombamento";"Com Vítimas Feridas";"Plena Noite";"Crescente";"Chuva";"Dupla";"Reta";"Sim";1;0;1;0;0;0;1;1;-9,95359291;-67,86119892;"SPRF-AC";"DEL01-AC";"UOP01-DEL01-AC"
228930;2019-08-15;"quinta-feira";"17:30:00";"RJ";40;114;"DUQUE DE CAXIAS";"Ultrapassagem Indevida";"Queda de ocupante de veículo";"Com Vítimas Feridas";"Anoitecer";"Decrescente";"Céu Claro";"Múltipla";"Reta";"Não";1;0;1;0;0;0;1;1;-22,71853604;-43,28993324;"SPRF-RJ";"DEL01-RJ";"UOP01-DEL01-RJ"
228931;2019-08-15;"quinta-feira";"17:10:00";"SC";470;51;"BLUMENAU";"Desobediência às normas de trânsito pelo condutor";"Colisão transversal";"Com Vítimas Feridas";"Amanhecer";"Crescente";"Céu Claro";"Simples";"Reta";"Não";2;0;1;0;0;1;1;2;-26,862339;-49,084038;"SPRF-SC";"DEL04-SC";"UOP01-DEL04-SC"
228932;2019-08-15;"quinta-feira";"16:40:00";"PI";343;617;"FLORIANO";"Falta de Atenção à Condução";"Colisão frontal";"Com Vítimas Feridas";"Pleno dia";"Decrescente";"Céu Claro";"Simples";"Reta";"Não";3;0;1;1;1;0;2;2;-6,929653;-43,186806;"SPRF-PI";"DEL03-PI";"UOP01-DEL03-PI"
228933;2019-08-15;"quinta-feira";"14:50:00";"GO";153;536,9;"HIDROLANDIA";"Condutor Dormindo";"Saída de leito carroçável";"Com Vítimas Feridas";"Pleno dia";"Crescente";"Sol";"Dupla";"Reta";"Não";3;0;1;2;0;0;3;1;-17,0193;-49,2217;"SPRF-GO";"DEL01-GO";"UOP03-DEL01-GO"
228934;2019-08-15;"quinta-feira";"17:55:00";"PE";101;34,5;"ITAPISSUMA";"Não guardar distância de segurança";"Colisão traseira";"Com Vítimas Feridas";"Plena Noite";"Decrescente";"Nublado";"Dupla";"Reta";"Não";2;0;1;0;0;1;1;2;-7,77092801;-34,93524623;"SPRF-PE";"DEL01-PE";"UOP02-DEL01-PE"
228935;2019-08-15;"quinta-feira";"17:35:00";"RN";226;2;"NATAL";"Falta de Atenção à Condução";"Queda de ocupante de veículo";"Com Vítimas Feridas";"Pleno dia";"Decrescente";"Céu Claro";"Dupla";"Reta";"Sim";1;0;0;1;0;0;1;1;-5,81364934;-35,2466547;"SPRF-RN";"DEL01-RN";"UOP02-DEL01-RN"
228936;2019-08-15;"quinta-feira";"17:30:00";"SC";470;1,4;"GASPAR";"Desobediência às normas de trânsito pelo condutor";"Colisão transversal";"Com Vítimas Feridas";"Anoitecer";"Crescente";"Nublado";"Simples";"Reta";"Sim";2;0;1;0;1;0;1;2;-26,92521153;-48,95887166;"SPRF-SC";"DEL04-SC";"UOP01-DEL04-SC"
228937;2019-08-15;"quinta-feira";"17:45:00";"PR";277;572,4;"CASCAVEL";"Desobediência às normas de trânsito pelo condutor";"Colisão transversal";"Com Vítimas Feridas";"Anoitecer";"Crescente";"Céu Claro";"Simples";"Rotatória";"Não";2;0;1;0;1;0;1;2;-24,99768825;-53,29729557;"SPRF-PR";"DEL04-PR";"UOP01-DEL04-PR"
228939;2019-08-15;"quinta-feira";"18:10:00";"SP";153;54;"SAO JOSE DO RIO PRETO";"Desobediência às normas de trânsito pelo condutor";"Colisão transversal";"Com Vítimas Feridas";"Anoitecer";"Crescente";"Céu Claro";"Simples";"Reta";"Sim";2;0;0;1;1;0;1;2;-20,74488916;-49,33894564;"SPRF-SP";"DEL09-SP";"UOP01-DEL09-SP"
228940;2019-08-15;"quinta-feira";"17:40:00";"PB";101;32,9;"MAMANGUAPE";"Restrição de Visibilidade";"Tombamento";"Com Vítimas Feridas";"Plena Noite";"Crescente";"Céu Claro";"Dupla";"Reta";"Não";2;0;1;0;0;1;1;2;-6,76718198;-35,13348472;"SPRF-PB";"DEL01-PB";"UOP04-DEL01-PB"
228941;2019-08-15;"quinta-feira";"18:45:00";"MG";381;484,8;"BETIM";"Falta de Atenção à Condução";"Colisão lateral";"Com Vítimas Feridas";"Plena Noite";"Decrescente";"Céu Claro";"Dupla";"Declive";"Sim";2;0;1;0;1;0;1;2;-19,95713366;-44,0941;"SPRF-MG";"DEL01-MG";"UOP03-DEL01-MG"
228943;2019-08-15;"quinta-feira";"18:22:00";"MG";116;527;"CARATINGA";"Falta de Atenção à Condução";"Colisão transversal";"Com Vítimas Feridas";"Plena Noite";"Crescente";"Céu Claro";"Simples";"Reta";"Não";4;0;3;0;1;0;3;3;-19,78510701;-42,13445297;"SPRF-MG";"DEL06-MG";"UOP02-DEL06-MG"
228947;2019-08-15;"quinta-feira";"20:00:00";"RN";101;74,1;"EXTREMOZ";"Defeito Mecânico no Veículo";"Queda de ocupante de veículo";"Com Vítimas Feridas";"Plena Noite";"Decrescente";"Nublado";"Simples";"Declive";"Não";2;0;2;0;0;0;2;1;-5,71406254;-35,27232767;"SPRF-RN";"DEL02-RN";"UOP01-DEL02-RN"
228950;2019-08-15;"quinta-feira";"20:10:00";"PR";277;726;"FOZ DO IGUACU";"Ingestão de Álcool";"Colisão transversal";"Com Vítimas Feridas";"Plena Noite";"Decrescente";"Céu Claro";"Dupla";"Reta";"Sim";2;0;1;0;1;0;1;2;-25,5106015;-54,55481999;"SPRF-PR";"DEL05-PR";"UOP03-DEL05-PR"
228951;2019-08-15;"quinta-feira";"20:40:00";"ES";262;6,8;"CARIACICA";"Desobediência às normas de trânsito pelo pedestre";"Atropelamento de Pedestre";"Com Vítimas Feridas";"Plena Noite";"Decrescente";"Ignorado";"Dupla";"Reta";"Sim";2;0;1;0;1;0;1;2;-20,34007493;-40,39451305;"SPRF-ES";"DEL01-ES";"UOP01-DEL01-ES"
228952;2019-08-15;"quinta-feira";"21:00:00";"PE";423;62;"LAJEDO";"Falta de Atenção do Pedestre";"Atropelamento de Pedestre";"Com Vítimas Fatais";"Plena Noite";"Crescente";"Garoa/Chuvisco";"Simples";"Reta";"Não";2;1;0;0;1;0;0;2;-8,66011023;-36,33781395;"SPRF-PE";"DEL03-PE";"UOP01-DEL03-PE"
228953;2019-08-15;"quinta-feira";"19:50:00";"RO";319;64;"PORTO VELHO";"Falta de Atenção à Condução";"Engavetamento";"Com Vítimas Feridas";"Plena Noite";"Crescente";"Céu Claro";"Dupla";"Reta";"Sim";3;0;1;0;2;0;1;3;-8,766685;-63,884052;"SPRF-RO";"DEL01-RO";"UOP01-DEL01-RO"
228954;2019-08-15;"quinta-feira";"21:05:00";"RS";153;47,8;"ERECHIM";"Desobediência às normas de trânsito pelo condutor";"Colisão transversal";"Com Vítimas Feridas";"Plena Noite";"Crescente";"Céu Claro";"Simples";"Reta";"Sim";3;0;2;0;1;0;2;2;-27,64530366;-52,24998023;"SPRF-RS";"DEL08-RS";"UOP04-DEL08-RS"
228955;2019-08-15;"quinta-feira";"19:00:00";"RJ";116;172;"SAO JOAO DE MERITI";"Desobediência às normas de trânsito pelo pedestre";"Atropelamento de Pedestre";"Com Vítimas Feridas";"Plena Noite";"Crescente";"Céu Claro";"Dupla";"Reta";"Sim";1;0;1;0;0;0;1;1;-22,80188151;-43,35043673;"SPRF-RJ";"DEL01-RJ";"UOP02-DEL01-RJ"
228956;2019-08-15;"quinta-feira";"21:40:00";"RN";226;2;"NATAL";"Desobediência às normas de trânsito pelo condutor";"Colisão transversal";"Com Vítimas Fatais";"Plena Noite";"Decrescente";"Céu Claro";"Simples";"Reta";"Sim";2;1;0;0;1;0;0;2;-5,81364934;-35,2466547;"SPRF-RN";"DEL01-RN";"UOP02-DEL01-RN"
228957;2019-08-15;"quinta-feira";"08:30:00";"MG";381;481;"CONTAGEM";"Falta de Atenção do Pedestre";"Atropelamento de Pedestre";"Com Vítimas Fatais";"Plena Noite";"Decrescente";"Céu Claro";"Múltipla";"Reta";"Sim";2;1;0;0;1;0;0;2;-19,95931561;-44,08825597;"SPRF-MG";"DEL01-MG";"UOP03-DEL01-MG"
228958;2019-08-15;"quinta-feira";"21:00:00";"PI";343;345;"TERESINA";"Falta de Atenção à Condução";"Colisão traseira";"Com Vítimas Feridas";"Plena Noite";"Decrescente";"Céu Claro";"Simples";"Reta";"Sim";1;0;1;0;0;0;1;1;-5,102889;-42,766506;"SPRF-PI";"DEL01-PI";"UOP01-DEL01-PI"
228959;2019-08-15;"quinta-feira";"20:45:00";"RJ";40;81;"PETROPOLIS";"Pista Escorregadia";"Queda de ocupante de veículo";"Com Vítimas Feridas";"Plena Noite";"Decrescente";"Nublado";"Simples";"Reta";"Não";2;0;2;0;0;0;2;1;-22,50560003;-43,23186384;"SPRF-RJ";"DEL06-RJ";"UOP01-DEL06-RJ"
228961;2019-08-15;"quinta-feira";"22:15:00";"SP";116;270,5;"TABOAO DA SERRA";"Falta de Atenção à Condução";"Colisão lateral";"Com Vítimas Feridas";"Plena Noite";"Crescente";"Céu Claro";"Dupla";"Reta";"Sim";2;0;1;0;1;0;1;2;-23,61799728;-46,79677694;"SPRF-SP";"DEL04-SP";"UOP01-DEL04-SP"
228962;2019-08-15;"quinta-feira";"22:28:00";"SC";101;148,1;"ITAPEMA";"Desobediência às normas de trânsito pelo condutor";"Colisão lateral";"Com Vítimas Feridas";"Plena Noite";"Crescente";"Nublado";"Simples";"Reta";"Sim";2;0;1;0;1;0;1;2;-27,10123686;-48,61807962;"SPRF-SC";"DEL04-SC";"UOP03-DEL04-SC"
228963;2019-08-15;"quinta-feira";"22:40:00";"PA";163;1001,8;"SANTAREM";"Falta de Atenção à Condução";"Colisão transversal";"Com Vítimas Feridas";"Plena Noite";"Crescente";"Nublado";"Simples";"Reta";"Sim";2;0;1;0;0;1;1;2;-2,464507;-54,72745295;"SPRF-PA";"DEL05-PA";"UOP01-DEL05-PA"
228966;2019-08-15;"quinta-feira";"22:40:00";"RN";304;299,5;"PARNAMIRIM";"Animais na Pista";"Atropelamento de Animal";"Com Vítimas Feridas";"Plena Noite";"Decrescente";"Céu Claro";"Dupla";"Reta";"Não";1;0;0;1;0;0;1;1;-5,87095859;-35,32359587;"SPRF-RN";"DEL01-RN";"UOP02-DEL01-RN"
228967;2019-08-15;"quinta-feira";"22:00:00";"PR";369;4;"JACAREZINHO";"Defeito Mecânico no Veículo";"Saída de leito carroçável";"Com Vítimas Feridas";"Plena Noite";"Crescente";"Céu Claro";"Dupla";"Reta;Aclive";"Não";1;0;1;0;0;0;1;1;-23,00100995;-49,93852079;"SPRF-PR";"DEL07-PR";"UOP05-DEL07-PR"
228968;2019-08-15;"quinta-feira";"22:01:00";"RS";285;122,3;"VACARIA";"Desobediência às normas de trânsito pelo condutor";"Colisão com objeto em movimento";"Com Vítimas Feridas";"Plena Noite";"Decrescente";"Céu Claro";"Simples";"Reta";"Sim";2;0;0;1;0;1;1;2;-28,505535;-50,944073;"SPRF-RS";"DEL05-RS";"UOP03-DEL05-RS"
228969;2019-08-15;"quinta-feira";"21:20:00";"CE";222;154;"IRAUCUBA";"Animais na Pista";"Atropelamento de Animal";"Sem Vítimas";"Plena Noite";"Crescente";"Céu Claro";"Simples";"Reta";"Não";1;0;0;0;0;1;0;1;-3,73501558;-39,82342302;"SPRF-CE";"DEL04-CE";"UOP03-DEL04-CE"
228970;2019-08-15;"quinta-feira";"23:00:00";"SP";116;284,5;"EMBU DAS ARTES";"Sinalização da via insuficiente ou inadequada";"Colisão com objeto estático";"Com Vítimas Feridas";"Plena Noite";"Crescente";"Nublado";"Dupla";"Reta";"Sim";1;0;1;0;0;0;1;1;-23,67883074;-46,85840975;"SPRF-SP";"DEL04-SP";"UOP01-DEL04-SP"
228971;2019-08-15;"quinta-feira";"23:06:00";"PE";232;4,6;"RECIFE";"Falta de Atenção à Condução";"Colisão traseira";"Sem Vítimas";"Plena Noite";"Decrescente";"Nublado";"Dupla";"Viaduto";"Sim";2;0;0;0;1;1;0;2;-8,066474;-34,941303;"SPRF-PE";"DEL01-PE";"UOP01-DEL01-PE"
228972;2019-08-15;"quinta-feira";"23:30:00";"PR";376;353,6;"ORTIGUEIRA";"Restrição de Visibilidade";"Colisão traseira";"Com Vítimas Feridas";"Plena Noite";"Decrescente";"Céu Claro";"Dupla";"Reta";"Não";3;0;0;1;2;0;1;2;-24,22970156;-50,92508107;"SPRF-PR";"DEL03-PR";"UOP02-DEL03-PR"
228973;2019-08-15;"quinta-feira";"23:00:00";"GO";60;116,4;"TEREZOPOLIS DE GOIAS";"Condutor Dormindo";"Saída de leito carroçável";"Com Vítimas Feridas";"Plena Noite";"Crescente";"Céu Claro";"Dupla";"Curva";"Não";1;0;1;0;0;0;1;1;-16,4732;-49,0789;"SPRF-GO";"DEL01-GO";"UOP01-DEL01-GO"
228974;2019-08-15;"quinta-feira";"23:00:00";"PR";369;418;"JURANDA";"Ingestão de Álcool";"Saída de leito carroçável";"Com Vítimas Fatais";"Plena Noite";"Decrescente";"Céu Claro";"Simples";"Reta";"Não";3;1;2;0;0;0;2;1;-24,373;-52,7756;"SPRF-PR";"DEL04-PR";"UOP03-DEL04-PR"
228975;2019-08-15;"quinta-feira";"21:20:00";"SC";282;129,4;"BOM RETIRO";"Falta de Atenção à Condução";"Colisão frontal";"Com Vítimas Feridas";"Plena Noite";"Decrescente";"Céu Claro";"Simples";"Reta";"Sim";2;0;1;0;1;0;1;2;-27,800129;-49,496468;"SPRF-SC";"DEL05-SC";"UOP01-DEL05-SC"
228977;2019-08-15;"quinta-feira";"17:45:00";"MS";163;485;"CAMPO GRANDE";"Falta de Atenção à Condução";"Colisão lateral";"Com Vítimas Feridas";"Plena Noite";"Decrescente";"Céu Claro";"Simples";"Reta";"Sim";3;0;0;1;0;2;1;3;-20,44233707;-54,54201834;"SPRF-MS";"DEL01-MS";"UOP02-DEL01-MS"
228978;2019-08-15;"quinta-feira";"18:45:00";"TO";0;0;"GUARAI";"Falta de Atenção à Condução";"Colisão transversal";"Com Vítimas Feridas";"Plena Noite";"Não Informado";"Céu Claro";"Dupla";"Reta";"Sim";2;0;0;1;0;1;1;2;-8,81739;-48,512207;"SPRF-TO";"DEL02-TO";"UOP02-DEL02-TO"
228979;2019-08-16;"sexta-feira";"00:25:00";"SC";101;444,6;"SANTA ROSA DO SUL";"Falta de Atenção do Pedestre";"Atropelamento de Pedestre";"Com Vítimas Fatais";"Plena Noite";"Crescente";"Céu Claro";"Dupla";"Reta";"Sim";2;1;0;0;1;0;0;2;-29,13479517;-49,70645294;"SPRF-SC";"DEL02-SC";"UOP02-DEL02-SC"
228980;2019-08-16;"sexta-feira";"00:40:00";"RJ";356;92;"CARDOSO MOREIRA";"Falta de Atenção à Condução";"Saída de leito carroçável";"Com Vítimas Feridas";"Plena Noite";"Crescente";"Céu Claro";"Simples";"Curva";"Não";2;0;2;0;0;0;2;1;-21,51467241;-41,59282404;"SPRF-RJ";"DEL08-RJ";"UOP03-DEL08-RJ"
228982;2019-08-16;"sexta-feira";"01:30:00";"MG";116;776,9;"LEOPOLDINA";"Velocidade Incompatível";"Saída de leito carroçável";"Com Vítimas Feridas";"Plena Noite";"Decrescente";"Nublado";"Simples";"Curva;Aclive";"Não";1;0;1;0;0;0;1;1;-21,59023796;-42,68715187;"SPRF-MG";"DEL07-MG";"UOP01-DEL07-MG"
228983;2019-08-16;"sexta-feira";"02:55:00";"TO";153;686,2;"GURUPI";"Animais na Pista";"Saída de leito carroçável";"Com Vítimas Feridas";"Plena Noite";"Crescente";"Céu Claro";"Simples";"Reta";"Não";4;0;4;0;0;0;4;1;-11,83845805;-49,1410439;"SPRF-TO";"DEL02-TO";"UOP02-DEL01-TO"
228984;2019-08-16;"sexta-feira";"03:00:00";"RS";290;58;"GLORINHA";"Animais na Pista";"Atropelamento de Animal";"Sem Vítimas";"Plena Noite";"Crescente";"Céu Claro";"Dupla";"Reta";"Não";1;0;0;0;1;0;0;1;-29,920788;-50,838261;"SPRF-RS";"DEL03-RS";"UOP01-DEL03-RS"
228987;2019-08-16;"sexta-feira";"02:50:00";"PA";222;244;"MARABA";"Falta de Atenção à Condução";"Colisão com objeto estático";"Sem Vítimas";"Plena Noite";"Crescente";"Céu Claro";"Dupla";"Reta";"Sim";1;0;0;0;0;1;0;1;-5,347676;-49,080456;"SPRF-PA";"DEL03-PA";"UOP01-DEL03-PA"
228992;2019-08-16;"sexta-feira";"04:45:00";"RS";386;4,3;"IRAI";"Velocidade Incompatível";"Saída de leito carroçável";"Com Vítimas Feridas";"Plena Noite";"Crescente";"Céu Claro";"Simples";"Curva";"Sim";1;0;1;0;0;0;1;1;-27,18326455;-53,25193405;"SPRF-RS";"DEL08-RS";"UOP02-DEL08-RS"
228995;2019-08-16;"sexta-feira";"05:10:00";"RJ";116;166,3;"RIO DE JANEIRO";"Falta de Atenção à Condução";"Colisão lateral";"Sem Vítimas";"Plena Noite";"Crescente";"Nublado";"Múltipla";"Reta";"Sim";2;0;0;0;2;0;0;2;-22,80245278;-43,35136414;"SPRF-RJ";"DEL01-RJ";"UOP02-DEL01-RJ"