"id";"data_inversa";"dia_semana";"horario";"uf";"br";"km";"municipio";"causa_acidente";"tipo_acidente";"classificacao_acidente";"fase_dia";"sentido_via";"condicao_metereologica";"tipo_pista";"tracado_via";"uso_solo";"pessoas";"mortos";"feridos_leves";"feridos_graves";"ilesos";"ignorados";"feridos";"veiculos";"latitude";"longitude";"regional";"delegacia";"uop"
228996;2019-08-16;"sexta-feira";"05:30:00";"SC";470;177;"POUSO REDONDO";"Ingestão de Álcool";"Saída de leito carroçável";"Com Vítimas Feridas";"Plena Noite";"Crescente";"Ignorado";"Simples";"Declive";"Não";2;0;1;1;0;0;2;2;-27,251858;-49,958;"SPRF-SC";"DEL04-SC";"UOP02-DEL04-SC"
228997;2019-08-16;"sexta-feira";"04:06:00";"RS";153;583,5;"BAGE";"Animais na Pista";"Atropelamento de Animal";"Com Vítimas Feridas";"Plena Noite";"Decrescente";"Céu Claro";"Simples";"Reta";"Não";1;0;1;0;0;0;1;1;-31,08916087;-53,71298806;"SPRF-RS";"DEL11-RS";"UOP03-DEL11-RS"
228998;2019-08-16;"sexta-feira";"04:06:00";"RS";153;583,5;"BAGE";"Animais na Pista";"Atropelamento de Animal";"Sem Vítimas";"Plena Noite";"Decrescente";"Céu Claro";"Simples";"Reta";"Não";2;0;0;0;2;0;0;1;-31,08916087;-53,71298806;"SPRF-RS";"DEL11-RS";"UOP03-DEL11-RS"
229000;2019-08-16;"sexta-feira";"05:50:00";"RJ";116;189;"QUEIMADOS";"Condutor Dormindo";"Saída de leito carroçável";"Com Vítimas Feridas";"Amanhecer";"Crescente";"Céu Claro";"Múltipla";"Reta";"Sim";4;0;3;0;0;1;3;1;-22,73765712;-43,49182298;"SPRF-RJ";"DEL01-RJ";"UOP03-DEL01-RJ"
229001;2019-08-16;"sexta-feira";"05:50:00";"PA";163;986;"SANTAREM";"Animais na Pista";"Atropelamento de Animal";"Com Vítimas Feridas";"Amanhecer";"Crescente";"Nublado";"Simples";"Reta";"Sim";1;0;1;0;0;0;1;1;-2,59271401;-54,71976013;"SPRF-PA";"DEL05-PA";"UOP01-DEL05-PA"
229003;2019-08-16;"sexta-feira";"06:50:00";"DF";20;13;"BRASILIA";"Falta de Atenção à Condução";"Colisão traseira";"Com Vítimas Feridas";"Pleno dia";"Decrescente";"Céu Claro";"Dupla";"Reta";"Não";2;0;1;0;1;0;1;2;-15,638752;-47,749599;"SPRF-DF";"DEL02-DF";"UOP01-DEL02-DF"
229005;2019-08-16;"sexta-feira";"06:30:00";"SP";116;219;"GUARULHOS";"Falta de Atenção à Condução";"Colisão traseira";"Com Vítimas Feridas";"Pleno dia";"Crescente";"Nublado";"Múltipla";"Reta";"Não";2;0;1;0;1;0;1;2;-23,46143954;-46,48885316;"SPRF-SP";"DEL01-SP";"UOP01-DEL01-SP"
229006;2019-08-16;"sexta-feira";"06:00:00";"MG";40;522,8;"CONTAGEM";"Falta de Atenção à Condução";"Capotamento";"Com Vítimas Feridas";"Amanhecer";"Crescente";"Céu Claro";"Dupla";"Reta";"Não";2;0;1;1;0;0;2;2;-19,8638731;-44,06749809;"SPRF-MG";"DEL01-MG";"UOP02-DEL01-MG"
229007;2019-08-16;"sexta-feira";"07:15:00";"RS";448;12,6;"CANOAS";"Avarias e/ou desgaste excessivo no pneu";"Saída de leito carroçável";"Com Vítimas Feridas";"Pleno dia";"Decrescente";"Céu Claro";"Dupla";"Curva";"Não";1;0;1;0;0;0;1;1;-29,914507;-51,236031;"SPRF-RS";"DEL01-RS";"UOP01-DEL01-RS"
229008;2019-08-16;"sexta-feira";"06:20:00";"SP";116;220;"GUARULHOS";"Não guardar distância de segurança";"Colisão traseira";"Com Vítimas Feridas";"Amanhecer";"Crescente";"Nublado";"Múltipla";"Reta";"Não";2;0;1;0;1;0;1;2;-23,46472809;-46,49793962;"SPRF-SP";"DEL01-SP";"UOP01-DEL01-SP"
229010;2019-08-16;"sexta-feira";"07:30:00";"PB";230;22,2;"JOAO PESSOA";"Não guardar distância de segurança";"Colisão traseira";"Com Vítimas Feridas";"Pleno dia";"Decrescente";"Céu Claro";"Dupla";"Reta";"Sim";3;0;1;1;0;1;2;2;-7,1495;-34,8517;"SPRF-PB";"DEL01-PB";"UOP01-DEL01-PB"
229013;2019-08-16;"sexta-feira";"07:30:00";"ES";262;0,1;"VITORIA";"Desobediência às normas de trânsito pelo condutor";"Tombamento";"Com Vítimas Feridas";"Pleno dia";"Decrescente";"Céu Claro";"Dupla";"Ponte";"Sim";3;0;2;0;1;0;2;2;-20,320793;-40,353315;"SPRF-ES";"DEL01-ES";"UOP01-DEL01-ES"
229015;2019-08-16;"sexta-feira";"08:00:00";"SC";101;114;"ITAJAI";"Avarias e/ou desgaste excessivo no pneu";"Queda de ocupante de veículo";"Com Vítimas Feridas";"Pleno dia";"Crescente";"Céu Claro";"Dupla";"Reta";"Não";2;0;1;0;1;0;1;1;-26,86192886;-48,7286704;"SPRF-SC";"DEL04-SC";"UOP04-DEL04-SC"
229016;2019-08-16;"sexta-feira";"07:45:00";"GO";153;501,2;"GOIANIA";"Não guardar distância de segurança";"Engavetamento";"Com Vítimas Feridas";"Pleno dia";"Crescente";"Céu Claro";"Dupla";"Reta";"Sim";4;0;0;1;3;0;1;4;-16,7189;-49,2382;"SPRF-GO";"DEL01-GO";"UOP01-DEL01-GO"
229017;2019-08-16;"sexta-feira";"07:05:00";"RO";364;14;"VILHENA";"Desobediência às normas de trânsito pelo condutor";"Colisão transversal";"Com Vítimas Feridas";"Pleno dia";"Crescente";"Céu Claro";"Dupla";"Rotatória";"Sim";2;0;1;0;1;0;1;2;-12,73898138;-60,13911417;"SPRF-RO";"DEL04-RO";"UOP01-DEL04-RO"
229018;2019-08-16;"sexta-feira";"07:45:00";"MG";381;939,3;"EXTREMA";"Falta de Atenção do Pedestre";"Saída de leito carroçável";"Com Vítimas Feridas";"Pleno dia";"Decrescente";"Sol";"Dupla";"Reta";"Sim";1;0;1;0;0;0;1;1;-22,84701434;-46,33321175;"SPRF-MG";"DEL16-MG";"UOP03-DEL16-MG"
229019;2019-08-16;"sexta-feira";"07:40:00";"RN";101;97;"NATAL";"Ingestão de Álcool";"Colisão traseira";"Sem Vítimas";"Pleno dia";"Decrescente";"Céu Claro";"Múltipla";"Reta";"Não";2;0;0;0;2;0;0;2;-5,85758898;-35,21271205;"SPRF-RN";"DEL01-RN";"UOP01-DEL01-RN"
229024;2019-08-16;"sexta-feira";"08:15:00";"GO";153;507,1;"APARECIDA DE GOIANIA";"Falta de Atenção à Condução";"Colisão traseira";"Com Vítimas Feridas";"Pleno dia";"Decrescente";"Céu Claro";"Dupla";"Reta";"Sim";3;0;1;0;1;1;1;3;-16,7715;-49,2387;"SPRF-GO";"DEL01-GO";"UOP03-DEL01-GO"
229026;2019-08-16;"sexta-feira";"07:50:00";"PR";376;3,2;"APUCARANA";"Falta de Atenção à Condução";"Colisão lateral";"Com Vítimas Feridas";"Pleno dia";"Crescente";"Sol";"Simples";"Reta;Aclive";"Sim";2;0;0;1;1;0;1;2;-23,5513;-51,461266;"SPRF-PR";"DEL07-PR";"UOP03-DEL07-PR"
229028;2019-08-16;"sexta-feira";"08:45:00";"SC";101;20,1;"JOINVILLE";"Carga excessiva e/ou mal acondicionada";"Derramamento de carga";"Sem Vítimas";"Pleno dia";"Decrescente";"Céu Claro";"Dupla";"Reta";"Não";4;0;0;0;4;0;0;3;-26,140675;-48,902995;"SPRF-SC";"DEL03-SC";"UOP01-DEL03-SC"
229029;2019-08-16;"sexta-feira";"08:50:00";"RS";116;244;"SAO LEOPOLDO";"Não guardar distância de segurança";"Colisão lateral";"Com Vítimas Feridas";"Pleno dia";"Crescente";"Céu Claro";"Múltipla";"Reta";"Sim";2;0;1;0;1;0;1;2;-29,73196199;-51,14952004;"SPRF-RS";"DEL01-RS";"UOP02-DEL01-RS"
229030;2019-08-16;"sexta-feira";"07:00:00";"MG";40;515;"RIBEIRAO DAS NEVES";"Falta de Atenção do Pedestre";"Atropelamento de Pedestre";"Com Vítimas Feridas";"Pleno dia";"Crescente";"Céu Claro";"Dupla";"Reta";"Sim";3;0;3;0;0;0;3;2;-19,8090079;-44,09493479;"SPRF-MG";"DEL01-MG";"UOP02-DEL01-MG"
229031;2019-08-16;"sexta-feira";"08:15:00";"GO";153;72;"PORANGATU";"Falta de Atenção à Condução";"Colisão lateral";"Com Vítimas Feridas";"Pleno dia";"Crescente";"Céu Claro";"Simples";"Reta";"Não";4;0;4;0;0;0;4;2;-13,466893;-49,135838;"SPRF-GO";"DEL07-GO";"UOP01-DEL07-GO"
229032;2019-08-16;"sexta-feira";"09:10:00";"PA";316;48;"SANTA IZABEL DO PARA";"Defeito Mecânico no Veículo";"Tombamento";"Com Vítimas Feridas";"Pleno dia";"Crescente";"Sol";"Dupla";"Reta";"Não";2;0;2;0;0;0;2;1;-1,29155307;-48,05614099;"SPRF-PA";"DEL01-PA";"UOP01-DEL01-PA"
229034;2019-08-16;"sexta-feira";"08:20:00";"RJ";116;167;"SAO JOAO DE MERITI";"Desobediência às normas de trânsito pelo condutor";"Colisão lateral";"Com Vítimas Feridas";"Pleno dia";"Decrescente";"Sol";"Múltipla";"Reta";"Sim";2;0;0;1;1;0;1;2;-22,81803977;-43,30787252;"SPRF-RJ";"DEL01-RJ";"UOP02-DEL01-RJ"
229037;2019-08-16;"sexta-feira";"08:19:00";"RJ";101;300;"SAO GONCALO";"Falta de Atenção à Condução";"Tombamento";"Com Vítimas Feridas";"Pleno dia";"Crescente";"Céu Claro";"Dupla";"Reta";"Sim";2;0;1;0;1;0;1;1;-22,77645713;-42,94783697;"SPRF-RJ";"DEL02-RJ";"DEL5/2-UOP04/RJ"
229038;2019-08-16;"sexta-feira";"07:00:00";"MG";40;517;"RIBEIRAO DAS NEVES";"Desobediência às normas de trânsito pelo condutor";"Colisão transversal";"Com Vítimas Feridas";"Pleno dia";"Crescente";"Céu Claro";"Dupla";"Reta";"Sim";2;0;0;1;1;0;1;2;-19,82351202;-44,08438913;"SPRF-MG";"DEL01-MG";"UOP02-DEL01-MG"
229039;2019-08-16;"sexta-feira";"09:20:00";"PB";101;82,5;"BAYEUX";"Não guardar distância de segurança";"Colisão traseira";"Sem Vítimas";"Pleno dia";"Crescente";"Nublado";"Dupla";"Aclive";"Sim";2;0;0;0;2;0;0;2;-7,131131;-34,933065;"SPRF-PB";"DEL01-PB";"UOP01-DEL01-PB"
229040;2019-08-16;"sexta-feira";"07:40:00";"RR";174;498;"BOA VISTA";"Ingestão de Álcool";"Colisão traseira";"Com Vítimas Feridas";"Pleno dia";"Decrescente";"Céu Claro";"Dupla";"Reta";"Sim";2;0;2;0;0;0;2;2;2,767734;-60,720005;"SPRF-RR";"DEL01-RR";"UOP01-DEL01-RR"
229044;2019-08-16;"sexta-feira";"09:15:00";"MS";163;172;"JUTI";"Falta de Atenção à Condução";"Colisão traseira";"Com Vítimas Feridas";"Pleno dia";"Decrescente";"Céu Claro";"Simples";"Reta";"Não";2;0;1;0;1;0;1;2;-22,86622819;-54,61002707;"SPRF-MS";"DEL09-MS";"UOP01-DEL09-MS"
229045;2019-08-16;"sexta-feira";"09:00:00";"CE";20;416,4;"MARACANAU";"Desobediência às normas de trânsito pelo condutor";"Colisão transversal";"Com Vítimas Feridas";"Pleno dia";"Crescente";"Céu Claro";"Simples";"Reta";"Sim";2;0;1;0;1;0;1;2;-3,83768577;-38,60502362;"SPRF-CE";"DEL01-CE";"UOP02-DEL01-CE"
229046;2019-05-19;"domingo";"21:30:00";"BA";20;10;"LUIS EDUARDO MAGALHAES";"Falta de Atenção à Condução";"Colisão traseira";"Com Vítimas Feridas";"Plena Noite";"Crescente";"Ignorado";"Simples";"Reta";"Não";6;0;1;2;3;0;3;2;-12,19775765;-45,82809448;"SPRF-BA";"DEL10-BA";"UOP01-DEL10-BA"
229047;2019-08-16;"sexta-feira";"10:00:00";"SC";470;119,8;"IBIRAMA";"Falta de Atenção à Condução";"Colisão traseira";"Com Vítimas Feridas";"Pleno dia";"Crescente";"Nublado";"Simples";"Aclive";"Não";2;0;1;0;1;0;1;2;-27,09097573;-49,52066481;"SPRF-SC";"DEL04-SC";"UOP02-DEL04-SC"
229057;2019-08-16;"sexta-feira";"09:50:00";"CE";20;421;"MARACANAU";"Falta de Atenção à Condução";"Tombamento";"Com Vítimas Feridas";"Pleno dia";"Crescente";"Céu Claro";"Dupla";"Reta";"Sim";2;0;1;0;0;1;1;2;-3,76999035;-38,67006282;"SPRF-CE";"DEL01-CE";"UOP02-DEL01-CE"
229059;2019-08-16;"sexta-feira";"10:45:00";"SP";116;118;"CACAPAVA";"Falta de Atenção à Condução";"Colisão traseira";"Com Vítimas Feridas";"Pleno dia";"Decrescente";"Céu Claro";"Dupla";"Reta";"Não";1;0;1;0;0;0;1;1;-23,06266296;-45,62665044;"SPRF-SP";"DEL06-SP";"UOP02-DEL02-SP"
229065;2019-07-20;"sábado";"00:40:00";"PB";101;110;"ALHANDRA";"Desobediência às normas de trânsito pelo condutor";"Colisão traseira";"Sem Vítimas";"Plena Noite";"Crescente";"Céu Claro";"Dupla";"Retorno Regulamentado";"Sim";2;0;0;0;1;1;0;2;-7,35283722;-34,94948387;"SPRF-PB";"DEL01-PB";"UOP01-DEL01-PB"
229066;2019-08-16;"sexta-feira";"06:00:00";"MG";381;396;"BOM JESUS DO AMPARO";"Defeito Mecânico no Veículo";"Incêndio";"Sem Vítimas";"Amanhecer";"Crescente";"Céu Claro";"Simples";"Reta";"Não";1;0;0;0;1;0;0;1;-19,77350398;-43,44548285;"SPRF-MG";"DEL01-MG";"UOP01-DEL01-MG"
229067;2019-08-16;"sexta-feira";"11:40:00";"GO";414;438,7;"ANAPOLIS";"Desobediência às normas de trânsito pelo condutor";"Colisão transversal";"Com Vítimas Feridas";"Pleno dia";"Decrescente";"Céu Claro";"Simples";"Reta";"Sim";2;0;0;1;1;0;1;2;-16,27408794;-48,94075513;"SPRF-GO";"DEL02-GO";"UOP01-DEL02-GO"
229069;2019-05-12;"domingo";"15:00:00";"PE";101;149;"RIBEIRAO";"Desobediência às normas de trânsito pelo condutor";"Colisão lateral";"Com Vítimas Feridas";"Pleno dia";"Decrescente";"Nublado";"Simples";"Reta";"Sim";2;0;0;1;1;0;1;2;-8,49165198;-35,37459703;"SPRF-PE";"DEL01-PE";"UOP03-DEL01-PE"
229070;2019-08-16;"sexta-feira";"12:05:00";"SP";116;58,5;"GUARATINGUETA";"Mal Súbito";"Saída de leito carroçável";"Com Vítimas Feridas";"Pleno dia";"Decrescente";"Céu Claro";"Dupla";"Reta";"Sim";1;0;1;0;0;0;1;1;-22,7832246;-45,1499033;"SPRF-SP";"DEL08-SP";"UOP01-DEL08-SP"
229072;2019-08-16;"sexta-feira";"12:15:00";"SP";381;62;"MAIRIPORA";"Mal Súbito";"Colisão com objeto estático";"Sem Vítimas";"Pleno dia";"Crescente";"Sol";"Dupla";"Curva";"Não";1;0;0;0;1;0;0;1;-23,29437896;-46,57254696;"SPRF-SP";"DEL03-SP";"UOP01-DEL03-SP"
229073;2019-08-16;"sexta-feira";"12:45:00";"ES";101;47;"CONCEICAO DA BARRA";"Agressão Externa";"Colisão com objeto em movimento";"Com Vítimas Feridas";"Pleno dia";"Decrescente";"Céu Claro";"Simples";"Reta";"Não";1;0;1;0;0;0;1;1;-18,56004214;-39,90021148;"SPRF-ES";"DEL04-ES";"UOP02-DEL04-ES"
229076;2019-08-16;"sexta-feira";"13:00:00";"BA";101;177;"FEIRA DE SANTANA";"Falta de Atenção à Condução";"Saída de leito carroçável";"Com Vítimas Feridas";"Pleno dia";"Crescente";"Céu Claro";"Simples";"Reta";"Não";2;0;1;0;1;0;1;1;-12,39240664;-38,88736904;"SPRF-BA";"DEL01-BA";"UOP03-DEL01-BA"
229078;2019-08-16;"sexta-feira";"13:15:00";"SC";282;4;"FLORIANOPOLIS";"Desobediência às normas de trânsito pelo condutor";"Colisão lateral";"Com Vítimas Feridas";"Pleno dia";"Decrescente";"Céu Claro";"Múltipla";"Reta";"Sim";2;0;0;1;1;0;1;2;-27,592646;-48,604034;"SPRF-SC";"DEL01-SC";"UOP01-DEL01-SC"
229079;2019-08-16;"sexta-feira";"13:35:00";"PR";369;158,2;"CAMBE";"Falta de Atenção à Condução";"Colisão lateral";"Com Vítimas Feridas";"Pleno dia";"Crescente";"Céu Claro";"Dupla";"Reta";"Sim";3;0;2;0;1;0;2;2;-23,28540051;-51,23720348;"SPRF-PR";"DEL07-PR";"UOP01-DEL07-PR"
229081;2019-08-16;"sexta-feira";"13:30:00";"SE";101;75;"MARUIM";"Desobediência às normas de trânsito pelo condutor";"Atropelamento de Animal";"Com Vítimas Feridas";"Pleno dia";"Crescente";"Chuva";"Simples";"Reta";"Não";1;0;1;0;0;0;1;1;-10,76855579;-37,11840018;"SPRF-SE";"DEL01-SE";"UOP01-DEL01-SE"
229085;2019-06-09;"domingo";"19:00:00";"PR";116;68,7;"QUATRO BARRAS";"Falta de Atenção do Pedestre";"Atropelamento de Pedestre";"Com Vítimas Fatais";"Plena Noite";"Crescente";"Céu Claro";"Dupla";"Reta";"Não";2;1;0;0;1;0;0;2;-25,32365502;-49,02531697;"SPRF-PR";"DEL01-PR";"UOP01-DEL01-PR"
229086;2019-08-16;"sexta-feira";"14:20:00";"GO";153;500,1;"GOIANIA";"Falta de Atenção à Condução";"Queda de ocupante de veículo";"Com Vítimas Feridas";"Pleno dia";"Crescente";"Céu Claro";"Dupla";"Curva";"Sim";1;0;1;0;0;0;1;1;-16,71070555;-49,23165679;"SPRF-GO";"DEL01-GO";"UOP01-DEL01-GO"
229087;2019-08-12;"segunda-feira";"03:15:00";"RS";293;103;"PINHEIRO MACHADO";"Falta de Atenção à Condução";"Saída de leito carroçável";"Com Vítimas Feridas";"Plena Noite";"Crescente";"Céu Claro";"Simples";"Reta";"Não";1;0;1;0;0;0;1;1;-31,59314376;-53,33851385;"SPRF-RS";"DEL11-RS";"UOP03-DEL11-RS"
229088;2019-08-16;"sexta-feira";"14:35:00";"SC";470;114,5;"IBIRAMA";"Falta de Atenção à Condução";"Colisão traseira";"Com Vítimas Feridas";"Pleno dia";"Crescente";"Céu Claro";"Simples";"Curva";"Não";2;0;1;0;0;1;1;2;-27,086386;-49,478001;"SPRF-SC";"DEL04-SC";"UOP02-DEL04-SC"
229089;2019-08-16;"sexta-feira";"13:00:00";"MS";267;410;"MARACAJU";"Falta de Atenção à Condução";"Saída de leito carroçável";"Com Vítimas Feridas";"Pleno dia";"Crescente";"Sol";"Simples";"Reta";"Não";1;0;0;1;0;0;1;1;-21,63065854;-55,56611399;"SPRF-MS";"DEL05-MS";"UOP01-DEL05-MS"
229091;2019-08-16;"sexta-feira";"14:45:00";"ES";101;159;"LINHARES";"Falta de Atenção à Condução";"Colisão transversal";"Com Vítimas Feridas";"Pleno dia";"Crescente";"Sol";"Simples";"Interseção de Vias";"Sim";2;0;1;0;1;0;1;2;-19,4684012;-40,1102557;"SPRF-ES";"DEL04-ES";"UOP01-DEL04-ES"
229092;2019-08-16;"sexta-feira";"14:30:00";"RS";472;156,3;"SANTA ROSA";"Desobediência às normas de trânsito pelo condutor";"Colisão transversal";"Com Vítimas Feridas";"Pleno dia";"Crescente";"Céu Claro";"Simples";"Interseção de Vias";"Não";2;0;1;0;1;0;1;2;-27,83631124;-54,43075203;"SPRF-RS";"DEL10-RS";"UOP01-DEL10-RS"
229093;2019-08-16;"sexta-feira";"14:40:00";"SP";116;207,5;"GUARULHOS";"Falta de Atenção à Condução";"Colisão traseira";"Com Vítimas Feridas";"Pleno dia";"Crescente";"Céu Claro";"Dupla";"Reta";"Sim";2;0;1;0;0;1;1;2;-23,41972188;-46,38419203;"SPRF-SP";"DEL01-SP";"UOP01-DEL01-SP"
229094;2019-08-16;"sexta-feira";"13:10:00";"PI";316;375;"VILA NOVA DO PIAUI";"Falta de Atenção à Condução";"Colisão transversal";"Com Vítimas Feridas";"Pleno dia";"Decrescente";"Céu Claro";"Simples";"Reta";"Não";1;0;0;1;0;0;1;1;-7,1682122;-40,90596831;"SPRF-PI";"DEL04-PI";"UOP03-DEL04-PI"
229095;2019-08-16;"sexta-feira";"15:30:00";"MG";50;69;"UBERLANDIA";"Falta de Atenção à Condução";"Colisão traseira";"Sem Vítimas";"Pleno dia";"Decrescente";"Sol";"Dupla";"Reta";"Sim";2;0;0;0;2;0;0;2;-18,884;-48,26563;"SPRF-MG";"DEL15-MG";"UOP01-DEL15-MG"
229096;2019-08-16;"sexta-feira";"14:45:00";"RJ";116;179;"BELFORD ROXO";"Ingestão de Álcool";"Colisão lateral";"Sem Vítimas";"Pleno dia";"Crescente";"Céu Claro";"Múltipla";"Reta";"Não";2;0;0;0;2;0;0;2;-22,74016898;-43,45727921;"SPRF-RJ";"DEL01-RJ";"UOP02-DEL01-RJ"
229097;2019-08-16;"sexta-feira";"14:30:00";"MS";262;286,5;"CAMPO GRANDE";"Falta de Atenção à Condução";"Saída de leito carroçável";"Com Vítimas Feridas";"Pleno dia";"Crescente";"Sol";"Simples";"Reta";"Não";1;0;1;0;0;0;1;1;-20,48598359;-54,16565308;"SPRF-MS";"DEL01-MS";"UOP01-DEL01-MS"
229100;2019-08-16;"sexta-feira";"15:20:00";"BA";101;33,9;"ESPLANADA";"Desobediência às normas de trânsito pelo condutor";"Colisão frontal";"Com Vítimas Feridas";"Pleno dia";"Crescente";"Céu Claro";"Dupla";"Curva";"Não";4;0;0;3;1;0;3;2;-11,81128899;-37,96106301;"SPRF-SE";"DEL02-SE";"UOP03-DEL02-SE"
229101;2019-08-16;"sexta-feira";"15:30:00";"ES";101;229,5;"FUNDAO";"Desobediência às normas de trânsito pelo condutor";"Colisão lateral";"Com Vítimas Feridas";"Pleno dia";"Decrescente";"Nublado";"Múltipla";"Reta";"Sim";3;0;2;0;1;0;2;3;-19,93154708;-40,40552616;"SPRF-ES";"DEL02-ES";"UOP01-DEL02-ES"
229104;2019-08-12;"segunda-feira";"13:30:00";"MG";267;124;"JUIZ DE FORA";"Falta de Atenção à Condução";"Colisão frontal";"Com Vítimas Feridas";"Pleno dia";"Crescente";"Céu Claro";"Simples";"Aclive";"Não";2;0;2;0;0;0;2;2;-21,70786623;-43,51812169;"SPRF-MG";"DEL05-MG";"UOP01-DEL05-MG"
229105;2019-08-16;"sexta-feira";"15:30:00";"SC";470;33;"GASPAR";"Desobediência às normas de trânsito pelo condutor";"Colisão frontal";"Com Vítimas Feridas";"Pleno dia";"Crescente";"Céu Claro";"Simples";"Reta";"Não";2;0;1;0;1;0;1;2;-26,906223;-48,940575;"SPRF-SC";"DEL04-SC";"UOP01-DEL04-SC"
229106;2019-08-16;"sexta-feira";"15:50:00";"SC";101;203;"SAO JOSE";"Falta de Atenção à Condução";"Colisão lateral";"Com Vítimas Feridas";"Pleno dia";"Decrescente";"Céu Claro";"Múltipla";"Reta";"Sim";2;0;1;0;1;0;1;2;-27,5650044;-48,61460082;"SPRF-SC";"DEL01-SC";"UOP01-DEL01-SC"
229109;2019-08-16;"sexta-feira";"14:35:00";"RJ";40;120;"DUQUE DE CAXIAS";"Falta de Atenção à Condução";"Colisão com objeto estático";"Com Vítimas Feridas";"Pleno dia";"Decrescente";"Céu Claro";"Múltipla";"Reta";"Sim";1;0;1;0;0;0;1;1;-22,77280597;-43,28626763;"SPRF-RJ";"DEL01-RJ";"UOP01-DEL01-RJ"
229110;2019-08-16;"sexta-feira";"16:30:00";"GO";70;10,4;"AGUAS LINDAS DE GOIAS";"Velocidade Incompatível";"Colisão traseira";"Com Vítimas Fatais";"Pleno dia";"Crescente";"Sol";"Múltipla";"Reta";"Sim";3;1;0;0;1;1;0;3;-15,73738129;-48,29228118;"SPRF-DF";"DEL01-DF";"UOP02-DEL03-DF"
229111;2019-08-16;"sexta-feira";"16:10:00";"PR";369;156;"LONDRINA";"Não guardar distância de segurança";"Engavetamento";"Com Vítimas Feridas";"Pleno dia";"Crescente";"Céu Claro";"Dupla";"Reta";"Sim";5;0;1;0;3;1;1;5;-23,289635;-51,221123;"SPRF-PR";"DEL07-PR";"UOP01-DEL07-PR"
229112;2019-08-15;"quinta-feira";"20:45:00";"BA";116;9;"VITORIA DA CONQUISTA";"Ingestão de Álcool";"Colisão traseira";"Com Vítimas Feridas";"Plena Noite";"Decrescente";"Chuva";"Simples";"Reta";"Sim";3;0;1;0;2;0;1;2;-14,85651123;-40,87877512;"SPRF-BA";"DEL08-BA";"UOP01-DEL08-BA"
229114;2019-08-16;"sexta-feira";"16:20:00";"CE";20;430,9;"FORTALEZA";"Falta de Atenção à Condução";"Colisão lateral";"Com Vítimas Feridas";"Pleno dia";"Decrescente";"Céu Claro";"Dupla";"Em Obras";"Não";3;0;2;1;0;0;3;2;-3,8731009;-38,49280089;"SPRF-CE";"DEL01-CE";"UOP02-DEL01-CE"
229115;2019-08-16;"sexta-feira";"15:30:00";"RO";364;240;"CACOAL";"Desobediência às normas de trânsito pelo condutor";"Colisão transversal";"Com Vítimas Feridas";"Pleno dia";"Crescente";"Céu Claro";"Simples";"Interseção de Vias;Reta";"Sim";2;0;1;1;0;0;2;2;-11,43579019;-61,47096987;"SPRF-RO";"DEL02-RO";"UOP02-DEL02-RO"
229116;2019-08-16;"sexta-feira";"17:00:00";"MG";262;178;"SAO DOMINGOS DO PRATA";"Velocidade Incompatível";"Saída de leito carroçável";"Com Vítimas Feridas";"Pleno dia";"Decrescente";"Céu Claro";"Simples";"Curva";"Não";1;0;0;1;0;0;1;1;-19,92625471;-42,98211105;"SPRF-MG";"DEL03-MG";"UOP01-DEL03-MG"
229118;2019-08-16;"sexta-feira";"17:10:00";"PE";232;127;"CARUARU";"Desobediência às normas de trânsito pelo condutor";"Colisão traseira";"Sem Vítimas";"Pleno dia";"Crescente";"Céu Claro";"Simples";"Curva";"Sim";3;0;0;0;3;0;0;3;-8,304398;-35,964813;"SPRF-PE";"DEL02-PE";"UOP03-DEL02-PE"
229119;2019-08-16;"sexta-feira";"17:05:00";"RS";290;91,2;"PORTO ALEGRE";"Desobediência às normas de trânsito pelo condutor";"Colisão lateral";"Com Vítimas Feridas";"Pleno dia";"Decrescente";"Céu Claro";"Dupla";"Reta";"Não";2;0;1;0;1;0;1;2;-29,96951416;-51,16955096;"SPRF-RS";"DEL01-RS";"UOP01-DEL01-RS"
229122;2019-08-16;"sexta-feira";"17:10:00";"BA";116;820;"VITORIA DA CONQUISTA";"Desobediência às normas de trânsito pelo condutor";"Colisão traseira";"Com Vítimas Feridas";"Plena Noite";"Decrescente";"Nevoeiro/Neblina";"Simples";"Aclive";"Não";2;0;1;0;1;0;1;2;-14,7949317;-40,76373916;"SPRF-BA";"DEL08-BA";"UOP01-DEL08-BA"
229125;2019-08-16;"sexta-feira";"17:30:00";"SC";470;138,1;"RIO DO SUL";"Falta de Atenção à Condução";"Colisão transversal";"Com Vítimas Feridas";"Pleno dia";"Decrescente";"Céu Claro";"Simples";"Interseção de Vias";"Sim";2;0;1;0;1;0;1;2;-27,19445891;-49,62438583;"SPRF-SC";"DEL04-SC";"UOP02-DEL04-SC"
229126;2019-08-16;"sexta-feira";"17:00:00";"SP";381;78,4;"SAO PAULO";"Falta de Atenção à Condução";"Colisão traseira";"Com Vítimas Feridas";"Pleno dia";"Decrescente";"Céu Claro";"Dupla";"Aclive";"Não";2;0;2;0;0;0;2;1;-23,39620774;-46,57355227;"SPRF-SP";"DEL03-SP";"UOP01-DEL03-SP"
229127;2019-08-16;"sexta-feira";"15:00:00";"MA";10;297,6;"SAO FRANCISCO DO BREJAO";"Falta de Atenção à Condução";"Colisão transversal";"Com Vítimas Feridas";"Pleno dia";"Decrescente";"Céu Claro";"Simples";"Reta";"Não";4;0;1;0;3;0;1;2;-5,134372;-47,544473;"SPRF-MA";"DEL04-MA";"UOP03-DEL04-MA"