"id";"data_inversa";"dia_semana";"horario";"uf";"br";"km";"municipio";"causa_acidente";"tipo_acidente";"classificacao_acidente";"fase_dia";"sentido_via";"condicao_metereologica";"tipo_pista";"tracado_via";"uso_solo";"pessoas";"mortos";"feridos_leves";"feridos_graves";"ilesos";"ignorados";"feridos";"veiculos";"latitude";"longitude";"regional";"delegacia";"uop"
229231;2019-08-17;"sábado";"04:00:00";"MG";262;755;"SACRAMENTO";"Desobediência às normas de trânsito pelo condutor";"Saída de leito carroçável";"Sem Vítimas";"Plena Noite";"Decrescente";"Céu Claro";"Simples";"Reta";"Não";1;0;0;0;0;1;0;1;-19,62577276;-47,48771667;"SPRF-MG";"DEL13-MG";"UOP01-DEL13-MG"
229232;2019-08-17;"sábado";"06:25:00";"CE";20;350,7;"CARIDADE";"Falta de Atenção à Condução";"Saída de leito carroçável";"Sem Vítimas";"Pleno dia";"Decrescente";"Céu Claro";"Simples";"Reta";"Não";2;0;0;0;0;2;0;2;-4,08795218;-39,05030077;"SPRF-CE";"DEL02-CE";"UOP01-DEL02-CE"
229233;2019-08-17;"sábado";"06:30:00";"MG";381;492;"BETIM";"Restrição de Visibilidade";"Colisão com objeto estático";"Com Vítimas Feridas";"Amanhecer";"Decrescente";"Sol";"Dupla";"Reta";"Sim";3;0;2;1;0;0;3;1;-19,97490091;-44,19004301;"SPRF-MG";"DEL01-MG";"UOP03-DEL01-MG"
229234;2019-08-17;"sábado";"04:50:00";"RO";364;710;"PORTO VELHO";"Condutor Dormindo";"Saída de leito carroçável";"Com Vítimas Feridas";"Amanhecer";"Decrescente";"Céu Claro";"Dupla";"Reta";"Sim";1;0;1;0;0;0;1;1;-8,78621576;-63,85712687;"SPRF-RO";"DEL01-RO";"UOP01-DEL01-RO"
229235;2019-08-17;"sábado";"06:50:00";"SC";470;123,3;"IBIRAMA";"Desobediência às normas de trânsito pelo condutor";"Colisão transversal";"Com Vítimas Feridas";"Pleno dia";"Crescente";"Nevoeiro/Neblina";"Dupla";"Reta";"Não";2;0;0;1;1;0;1;2;-27,11159599;-49,52701092;"SPRF-SC";"DEL04-SC";"UOP02-DEL04-SC"
229238;2019-08-17;"sábado";"01:20:00";"RJ";116;312;"RESENDE";"Falta de Atenção à Condução";"Queda de ocupante de veículo";"Com Vítimas Feridas";"Plena Noite";"Decrescente";"Nublado";"Dupla";"Reta";"Não";1;0;1;0;0;0;1;1;-22,46068623;-44,45262504;"SPRF-RJ";"DEL07-RJ";"DEL5/7-UOP03/RJ"
229240;2019-08-17;"sábado";"07:40:00";"PA";230;116;"MARABA";"Falta de Atenção à Condução";"Colisão traseira";"Com Vítimas Feridas";"Pleno dia";"Decrescente";"Céu Claro";"Dupla";"Reta";"Não";1;0;1;0;0;0;1;1;-5,35947454;-49,08301084;"SPRF-PA";"DEL03-PA";"UOP01-DEL03-PA"
229241;2019-08-17;"sábado";"07:30:00";"SP";153;68;"SAO JOSE DO RIO PRETO";"Avarias e/ou desgaste excessivo no pneu";"Tombamento";"Com Vítimas Feridas";"Pleno dia";"Crescente";"Céu Claro";"Dupla";"Reta";"Sim";1;0;1;0;0;0;1;1;-20,8505829;-49,383795;"SPRF-SP";"DEL09-SP";"UOP01-DEL09-SP"
229242;2019-08-16;"sexta-feira";"19:00:00";"RJ";116;202,1;"QUEIMADOS";"Falta de Atenção à Condução";"Colisão traseira";"Com Vítimas Feridas";"Plena Noite";"Decrescente";"Céu Claro";"Dupla";"Reta";"Não";3;0;1;0;2;0;1;2;-22,72996588;-43,61317403;"SPRF-RJ";"DEL01-RJ";"UOP03-DEL01-RJ"
229243;2019-08-16;"sexta-feira";"22:00:00";"MS";267;126,4;"NOVA ANDRADINA";"Animais na Pista";"Atropelamento de Animal";"Sem Vítimas";"Plena Noite";"Crescente";"Céu Claro";"Simples";"Declive";"Não";3;0;0;0;2;1;0;2;-21,75162085;-53,27039392;"SPRF-MS";"DEL02-MS";"UOP03-DEL02-MS"
229244;2019-07-27;"sábado";"21:00:00";"RJ";116;175;"NOVA IGUACU";"Velocidade Incompatível";"Colisão frontal";"Com Vítimas Feridas";"Plena Noite";"Decrescente";"Céu Claro";"Múltipla";"Reta";"Não";1;0;0;1;0;0;1;1;-22,76214402;-43,42216551;"SPRF-RJ";"DEL01-RJ";"UOP02-DEL01-RJ"
229245;2019-08-17;"sábado";"07:40:00";"PB";230;23;"JOAO PESSOA";"Não guardar distância de segurança";"Engavetamento";"Com Vítimas Feridas";"Pleno dia";"Decrescente";"Sol";"Dupla";"Reta";"Sim";5;0;1;0;3;1;1;5;-7,16202106;-34,86064911;"SPRF-PB";"DEL01-PB";"UOP01-DEL01-PB"
229246;2019-08-17;"sábado";"02:00:00";"BA";101;602;"MASCOTE";"Animais na Pista";"Saída de leito carroçável";"Com Vítimas Feridas";"Plena Noite";"Crescente";"Nublado";"Simples";"Reta";"Não";2;0;2;0;0;0;2;1;-15,67415807;-39,44112937;"SPRF-BA";"DEL05-BA";"UOP02-DEL05-BA"
229248;2019-08-17;"sábado";"07:10:00";"PR";376;601;"CURITIBA";"Ingestão de álcool e/ou substâncias psicoativas pelo pedestre";"Colisão com objeto estático";"Sem Vítimas";"Pleno dia";"Crescente";"Céu Claro";"Dupla";"Curva";"Sim";1;0;0;0;1;0;0;1;-25,537054;-49,31404;"SPRF-PR";"DEL01-PR";"UOP06-DEL01-PR"
229249;2019-08-17;"sábado";"08:40:00";"DF";20;56,3;"BRASILIA";"Condutor Dormindo";"Colisão lateral";"Com Vítimas Feridas";"Pleno dia";"Crescente";"Céu Claro";"Dupla";"Reta";"Não";3;0;2;0;1;0;2;2;-15,58435413;-47,3646695;"SPRF-DF";"DEL02-DF";"UOP01-DEL02-DF"
229251;2019-08-17;"sábado";"05:00:00";"MG";40;795,8;"JUIZ DE FORA";"Falta de Atenção à Condução";"Capotamento";"Com Vítimas Feridas";"Plena Noite";"Decrescente";"Céu Claro";"Dupla";"Declive;Curva";"Não";1;0;1;0;0;0;1;1;-21,80351702;-43,39998309;"SPRF-MG";"DEL05-MG";"UOP01-DEL05-MG"
229254;2019-08-17;"sábado";"09:20:00";"RS";116;142,2;"CAXIAS DO SUL";"Desobediência às normas de trânsito pelo condutor";"Colisão transversal";"Com Vítimas Feridas";"Pleno dia";"Crescente";"Sol";"Dupla";"Reta";"Sim";2;0;1;0;1;0;1;2;-29,11834009;-51,11657381;"SPRF-RS";"DEL05-RS";"UOP01-DEL05-RS"
229256;2019-08-17;"sábado";"08:00:00";"MT";364;436;"VARZEA GRANDE";"Desobediência às normas de trânsito pelo condutor";"Colisão transversal";"Com Vítimas Feridas";"Pleno dia";"Crescente";"Céu Claro";"Dupla";"Reta";"Não";5;0;1;0;4;0;1;2;-15,63245981;-56,20502472;"SPRF-MT";"DEL01-MT";"DEL2/4-UOP02/MT"
229258;2019-08-17;"sábado";"09:00:00";"PB";230;21;"JOAO PESSOA";"Falta de Atenção à Condução";"Tombamento";"Com Vítimas Feridas";"Pleno dia";"Decrescente";"Céu Claro";"Dupla";"Reta";"Sim";1;0;1;0;0;0;1;1;-7,1415;-34,8519;"SPRF-PB";"DEL01-PB";"UOP01-DEL01-PB"
229259;2019-08-17;"sábado";"08:10:00";"RO";364;704;"PORTO VELHO";"Condutor Dormindo";"Colisão com objeto estático";"Com Vítimas Feridas";"Pleno dia";"Decrescente";"Céu Claro";"Dupla";"Curva";"Sim";1;0;1;0;0;0;1;1;-8,80032739;-63,804543;"SPRF-RO";"DEL01-RO";"UOP01-DEL01-RO"
229262;2019-08-17;"sábado";"08:55:00";"SC";282;304;"VARGEM";"Condutor Dormindo";"Saída de leito carroçável";"Com Vítimas Feridas";"Pleno dia";"Decrescente";"Céu Claro";"Simples";"Reta";"Não";4;0;1;0;3;0;1;1;-27,496103;-50,940418;"SPRF-SC";"DEL07-SC";"UOP06-DEL07-SC"
229264;2019-08-17;"sábado";"08:30:00";"SP";381;90;"GUARULHOS";"Não guardar distância de segurança";"Colisão lateral";"Com Vítimas Feridas";"Pleno dia";"Crescente";"Céu Claro";"Simples";"Curva";"Não";2;0;1;0;1;0;1;2;-23,50103316;-46,56349182;"SPRF-SP";"DEL03-SP";"UOP01-DEL03-SP"
229265;2019-08-17;"sábado";"09:55:00";"PB";230;23,6;"JOAO PESSOA";"Não guardar distância de segurança";"Engavetamento";"Sem Vítimas";"Pleno dia";"Decrescente";"Céu Claro";"Dupla";"Curva";"Sim";3;0;0;0;3;0;0;3;-7,16468234;-34,86219406;"SPRF-PB";"DEL01-PB";"UOP01-DEL01-PB"
229266;2019-08-17;"sábado";"07:50:00";"SC";101;201,6;"SAO JOSE";"Falta de Atenção à Condução";"Colisão com objeto estático";"Com Vítimas Feridas";"Pleno dia";"Crescente";"Céu Claro";"Dupla";"Reta";"Sim";1;0;1;0;0;0;1;1;-27,54836599;-48,61977975;"SPRF-SC";"DEL01-SC";"UOP01-DEL01-SC"
229267;2019-08-17;"sábado";"09:30:00";"MG";40;636,9;"CONSELHEIRO LAFAIETE";"Agressão Externa";"Saída de leito carroçável";"Com Vítimas Feridas";"Pleno dia";"Decrescente";"Céu Claro";"Simples";"Desvio Temporário;Reta;Em Obras";"Não";2;0;2;0;0;0;2;1;-20,70680192;-43,79284622;"SPRF-MG";"DEL05-MG";"UOP02-DEL05-MG"
229268;2019-08-17;"sábado";"10:00:00";"RJ";101;60;"CAMPOS DOS GOYTACAZES";"Desobediência às normas de trânsito pelo condutor";"Colisão transversal";"Com Vítimas Feridas";"Pleno dia";"Decrescente";"Céu Claro";"Simples";"Interseção de Vias";"Sim";2;0;1;0;1;0;1;2;-21,72048414;-41,31448591;"SPRF-RJ";"DEL08-RJ";"UOP01-DEL08-RJ"
229270;2019-08-17;"sábado";"10:10:00";"MG";381;687,6;"LAVRAS";"Velocidade Incompatível";"Colisão com objeto estático";"Com Vítimas Feridas";"Pleno dia";"Crescente";"Céu Claro";"Dupla";"Declive;Curva";"Não";1;0;1;0;0;0;1;1;-21,18403832;-45,12011642;"SPRF-MG";"DEL04-MG";"UOP02-DEL04-MG"
229272;2019-08-17;"sábado";"10:40:00";"ES";101;352;"ANCHIETA";"Desobediência às normas de trânsito pelo condutor";"Colisão lateral";"Com Vítimas Feridas";"Pleno dia";"Decrescente";"Céu Claro";"Simples";"Reta";"Não";3;0;1;0;1;1;1;3;-20,66934502;-40,66332593;"SPRF-ES";"DEL03-ES";"UOP01-DEL03-ES"
229275;2019-08-17;"sábado";"10:15:00";"RJ";101;322;"NITEROI";"Desobediência às normas de trânsito pelo pedestre";"Atropelamento de Pedestre";"Com Vítimas Feridas";"Pleno dia";"Crescente";"Céu Claro";"Dupla";"Curva";"Sim";2;0;1;0;1;0;1;2;-22,87857174;-43,11097765;"SPRF-RJ";"DEL02-RJ";"UOP02-DEL02-RJ"
229276;2019-08-17;"sábado";"10:10:00";"RJ";116;165;"RIO DE JANEIRO";"Defeito Mecânico no Veículo";"Queda de ocupante de veículo";"Com Vítimas Feridas";"Pleno dia";"Decrescente";"Sol";"Múltipla";"Reta";"Sim";2;0;2;0;0;0;2;1;-22,80842531;-43,33939673;"SPRF-RJ";"DEL01-RJ";"UOP02-DEL01-RJ"
229278;2019-08-17;"sábado";"11:00:00";"RS";116;530;"CAPAO DO LEAO";"Falta de Atenção à Condução";"Colisão com objeto estático";"Com Vítimas Feridas";"Pleno dia";"Decrescente";"Céu Claro";"Simples";"Rotatória";"Não";1;0;1;0;0;0;1;1;-31,7590834;-52,43687971;"SPRF-RS";"DEL07-RS";"UOP01-DEL07-RS"
229279;2019-08-17;"sábado";"09:00:00";"MG";381;327;"NOVA ERA";"Falta de Atenção à Condução";"Colisão traseira";"Com Vítimas Feridas";"Pleno dia";"Crescente";"Céu Claro";"Simples";"Reta";"Sim";3;0;1;0;2;0;1;2;-19,75068486;-43,02519863;"SPRF-MG";"DEL03-MG";"UOP01-DEL03-MG"
229281;2019-08-17;"sábado";"09:30:00";"RJ";101;272;"TANGUA";"Falta de Atenção à Condução";"Colisão transversal";"Com Vítimas Feridas";"Pleno dia";"Crescente";"Sol";"Dupla";"Reta";"Sim";2;0;0;1;1;0;1;2;-22,72935968;-42,70112512;"SPRF-RJ";"DEL02-RJ";"UOP03-DEL02-RJ"
229282;2019-08-17;"sábado";"11:03:00";"PR";369;156;"LONDRINA";"Desobediência às normas de trânsito pelo condutor";"Colisão traseira";"Com Vítimas Feridas";"Pleno dia";"Decrescente";"Céu Claro";"Dupla";"Interseção de Vias;Declive;Reta";"Sim";2;0;0;1;1;0;1;2;-23,29155971;-51,21725857;"SPRF-PR";"DEL07-PR";"UOP01-DEL07-PR"
229286;2019-08-17;"sábado";"06:10:00";"PE";423;157;"IATI";"Defeito na Via";"Colisão com objeto estático";"Com Vítimas Feridas";"Amanhecer";"Crescente";"Céu Claro";"Simples";"Declive;Reta";"Não";4;0;4;0;0;0;4;1;-9,072388;-36,954775;"SPRF-PE";"DEL03-PE";"UOP01-DEL03-PE"
229287;2019-08-17;"sábado";"11:20:00";"BA";101;171;"FEIRA DE SANTANA";"Fenômenos da Natureza";"Tombamento";"Com Vítimas Feridas";"Pleno dia";"Crescente";"Chuva";"Simples";"Reta";"Sim";1;0;1;0;0;0;1;1;-12,35885919;-38,86257822;"SPRF-BA";"DEL01-BA";"UOP03-DEL01-BA"
229289;2019-08-17;"sábado";"11:30:00";"ES";101;94;"JAGUARE";"Falta de Atenção à Condução";"Colisão lateral";"Com Vítimas Feridas";"Pleno dia";"Crescente";"Céu Claro";"Simples";"Declive";"Sim";3;0;1;1;1;0;2;2;-18,93086484;-39,97180828;"SPRF-ES";"DEL04-ES";"UOP02-DEL04-ES"
229290;2019-08-17;"sábado";"10:00:00";"RJ";101;306;"SAO GONCALO";"Falta de Atenção à Condução";"Engavetamento";"Com Vítimas Feridas";"Pleno dia";"Decrescente";"Sol";"Dupla";"Reta";"Sim";5;0;1;0;4;0;1;4;-22,78913759;-43,00550909;"SPRF-RJ";"DEL02-RJ";"DEL5/2-UOP04/RJ"
229291;2019-03-19;"terça-feira";"13:10:00";"SP";116;214;"GUARULHOS";"Defeito na Via";"Colisão lateral";"Com Vítimas Feridas";"Pleno dia";"Decrescente";"Nublado";"Múltipla";"Reta";"Sim";4;0;2;0;2;0;2;2;-23,44333014;-46,44531294;"SPRF-SP";"DEL01-SP";"UOP01-DEL01-SP"
229293;2019-08-17;"sábado";"11:30:00";"PI";226;270,7;"TERESINA";"Não guardar distância de segurança";"Colisão traseira";"Sem Vítimas";"Pleno dia";"Crescente";"Céu Claro";"Simples";"Reta";"Sim";4;0;0;0;4;0;0;2;-5,113696;-42,77594;"SPRF-PI";"DEL01-PI";"UOP01-DEL01-PI"
229294;2019-08-17;"sábado";"11:15:00";"PR";277;62,5;"SAO JOSE DOS PINHAIS";"Falta de Atenção à Condução";"Colisão traseira";"Com Vítimas Feridas";"Pleno dia";"Decrescente";"Sol";"Dupla";"Reta";"Não";4;0;2;0;2;0;2;3;-25,56498129;-49,00825813;"SPRF-PR";"DEL01-PR";"UOP07-DEL01-PR"
229295;2019-08-17;"sábado";"10:30:00";"MG";381;441;"SABARA";"Falta de Atenção à Condução";"Colisão transversal";"Com Vítimas Feridas";"Pleno dia";"Crescente";"Céu Claro";"Simples";"Aclive";"Sim";2;0;1;0;1;0;1;2;-19,79804052;-43,75511169;"SPRF-MG";"DEL01-MG";"UOP01-DEL01-MG"
229296;2019-08-17;"sábado";"10:40:00";"MS";158;342,1;"BRASILANDIA";"Falta de Atenção à Condução";"Colisão traseira";"Com Vítimas Feridas";"Pleno dia";"Crescente";"Céu Claro";"Simples";"Reta";"Não";3;0;3;0;0;0;3;2;-21,25589048;-52,02244001;"SPRF-MS";"DEL07-MS";"UOP01-DEL07-MS"
229298;2019-08-17;"sábado";"10:40:00";"RO";364;116,3;"PIMENTA BUENO";"Velocidade Incompatível";"Saída de leito carroçável";"Com Vítimas Fatais";"Pleno dia";"Crescente";"Céu Claro";"Simples";"Em Obras;Reta";"Não";4;1;2;0;1;0;2;1;-12,15663115;-60,71448241;"SPRF-RO";"DEL02-RO";"UOP02-DEL02-RO"
229299;2019-08-17;"sábado";"10:35:00";"MT";70;730,4;"CACERES";"Falta de Atenção à Condução";"Colisão transversal";"Com Vítimas Feridas";"Pleno dia";"Crescente";"Céu Claro";"Simples";"Interseção de Vias";"Sim";2;0;0;1;1;0;1;2;-16,10422616;-57,67703176;"SPRF-MT";"DEL03-MT";"UOP01-DEL03-MT"
229300;2019-08-17;"sábado";"11:20:00";"RN";101;85;"NATAL";"Desobediência às normas de trânsito pelo condutor";"Engavetamento";"Sem Vítimas";"Pleno dia";"Crescente";"Céu Claro";"Dupla";"Reta";"Sim";1;0;0;0;1;0;0;1;-5,78026533;-35,24828196;"SPRF-RN";"DEL02-RN";"UOP01-DEL02-RN"
229301;2019-08-17;"sábado";"11:15:00";"MA";135;6;"SAO LUIS";"Desobediência às normas de trânsito pelo condutor";"Colisão transversal";"Com Vítimas Feridas";"Pleno dia";"Crescente";"Céu Claro";"Dupla";"Reta";"Sim";2;0;0;1;1;0;1;2;-2,62877986;-44,26321818;"SPRF-MA";"DEL01-MA";"UOP01-DEL01-MA"
229303;2019-08-17;"sábado";"12:20:00";"PR";277;1,7;"PARANAGUA";"Falta de Atenção à Condução";"Colisão transversal";"Com Vítimas Feridas";"Pleno dia";"Crescente";"Céu Claro";"Dupla";"Reta";"Sim";2;0;1;0;1;0;1;2;-25,5205;-48,5095;"SPRF-PR";"DEL01-PR";"UOP05-DEL01-PR"
229304;2019-08-17;"sábado";"11:00:00";"CE";116;297,6;"JAGUARIBE";"Falta de Atenção à Condução";"Colisão com objeto estático";"Com Vítimas Feridas";"Pleno dia";"Decrescente";"Céu Claro";"Simples";"Reta";"Não";1;0;0;1;0;0;1;1;-5,82532724;-38,54115273;"SPRF-CE";"DEL05-CE";"UOP02-DEL05-CE"
229305;2019-08-17;"sábado";"12:30:00";"ES";262;0,8;"CARIACICA";"Falta de Atenção à Condução";"Colisão traseira";"Com Vítimas Feridas";"Pleno dia";"Crescente";"Sol";"Dupla";"Reta";"Não";2;0;0;1;1;0;1;2;-20,3239701;-40,35452822;"SPRF-ES";"DEL01-ES";"UOP01-DEL01-ES"
229306;2019-08-17;"sábado";"12:00:00";"RS";116;185,7;"NOVA PETROPOLIS";"Defeito na Via";"Colisão com objeto estático";"Com Vítimas Feridas";"Pleno dia";"Decrescente";"Céu Claro";"Simples";"Reta";"Sim";1;0;1;0;0;0;1;1;-29,39221114;-51,12482919;"SPRF-RS";"DEL05-RS";"UOP02-DEL05-RS"
229307;2019-08-09;"sexta-feira";"07:50:00";"MS";163;485,4;"CAMPO GRANDE";"Falta de Atenção à Condução";"Colisão traseira";"Com Vítimas Feridas";"Pleno dia";"Decrescente";"Céu Claro";"Simples";"Interseção de Vias";"Sim";2;0;1;0;1;0;1;2;-20,44233707;-54,54201834;"SPRF-MS";"DEL01-MS";"UOP02-DEL01-MS"
229308;2019-08-17;"sábado";"07:40:00";"RO";435;124;"CEREJEIRAS";"Falta de Atenção à Condução";"Colisão transversal";"Com Vítimas Feridas";"Pleno dia";"Crescente";"Céu Claro";"Dupla";"Reta";"Sim";2;0;1;0;1;0;1;2;-13,188876;-60,817287;"SPRF-RO";"DEL04-RO";"UOP02-DEL04-RO"
229309;2019-08-17;"sábado";"11:45:00";"PI";316;315;"PICOS";"Desobediência às normas de trânsito pelo condutor";"Colisão frontal";"Com Vítimas Feridas";"Pleno dia";"Decrescente";"Nublado";"Simples";"Interseção de Vias";"Sim";2;0;0;1;1;0;1;2;-7,07951262;-41,43236492;"SPRF-PI";"DEL04-PI";"UOP01-DEL04-PI"
229310;2019-08-17;"sábado";"12:40:00";"RJ";101;59;"CAMPOS DOS GOYTACAZES";"Falta de Atenção à Condução";"Colisão transversal";"Com Vítimas Feridas";"Pleno dia";"Crescente";"Céu Claro";"Simples";"Reta";"Sim";3;0;3;0;0;0;3;2;-21,71366497;-41,30861915;"SPRF-RJ";"DEL08-RJ";"UOP01-DEL08-RJ"
229311;2019-08-17;"sábado";"11:20:00";"SC";101;210;"SAO JOSE";"Ingestão de Álcool";"Colisão traseira";"Sem Vítimas";"Pleno dia";"Decrescente";"Céu Claro";"Múltipla";"Reta";"Não";2;0;0;0;2;0;0;2;-27,6167305;-48,6457265;"SPRF-SC";"DEL01-SC";"UOP01-DEL01-SC"
229313;2019-08-17;"sábado";"13:15:00";"SC";470;70,3;"INDAIAL";"Falta de Atenção à Condução";"Colisão transversal";"Com Vítimas Feridas";"Pleno dia";"Decrescente";"Sol";"Simples";"Reta";"Sim";2;0;0;1;1;0;1;2;-26,889374;-49,254478;"SPRF-SC";"DEL04-SC";"UOP01-DEL04-SC"
229314;2019-08-17;"sábado";"13:00:00";"GO";364;386,5;"SANTA RITA DO ARAGUAIA";"Falta de Atenção à Condução";"Colisão transversal";"Com Vítimas Feridas";"Pleno dia";"Decrescente";"Céu Claro";"Dupla";"Interseção de Vias";"Sim";2;0;1;0;1;0;1;2;-17,329039;-53,203724;"SPRF-GO";"DEL05-GO";"UOP01-DEL05-GO"
229315;2019-08-17;"sábado";"11:50:00";"MG";381;728,9;"CARMO DA CACHOEIRA";"Condutor Dormindo";"Saída de leito carroçável";"Com Vítimas Feridas";"Pleno dia";"Decrescente";"Céu Claro";"Dupla";"Reta";"Não";2;0;2;0;0;0;2;1;-21,49596191;-45,21051074;"SPRF-MG";"DEL04-MG";"UOP02-DEL04-MG"
229317;2019-08-17;"sábado";"13:35:00";"RJ";116;182;"NOVA IGUACU";"Defeito Mecânico no Veículo";"Incêndio";"Sem Vítimas";"Pleno dia";"Crescente";"Céu Claro";"Múltipla";"Reta";"Sim";1;0;0;0;1;0;0;1;-22,7567755;-43,43107234;"SPRF-RJ";"DEL01-RJ";"UOP02-DEL01-RJ"
229319;2019-08-17;"sábado";"10:20:00";"MG";116;529,7;"CARATINGA";"Não guardar distância de segurança";"Colisão traseira";"Com Vítimas Feridas";"Pleno dia";"Crescente";"Sol";"Dupla";"Reta";"Sim";2;0;1;0;1;0;1;2;-19,80209596;-42,13678193;"SPRF-MG";"DEL06-MG";"UOP02-DEL06-MG"
229320;2019-08-17;"sábado";"13:05:00";"RO";364;340;"JI-PARANA";"Falta de Atenção à Condução";"Colisão lateral";"Com Vítimas Feridas";"Pleno dia";"Decrescente";"Céu Claro";"Dupla";"Interseção de Vias";"Sim";3;0;0;1;2;0;1;2;-10,898802;-61,93046;"SPRF-RO";"DEL02-RO";"UOP01-DEL02-RO"
229324;2019-08-17;"sábado";"12:50:00";"SC";470;100;"APIUNA";"Falta de Atenção à Condução";"Colisão transversal";"Com Vítimas Feridas";"Pleno dia";"Decrescente";"Céu Claro";"Simples";"Reta";"Não";3;0;1;2;0;0;3;2;-27,045143;-49,394142;"SPRF-SC";"DEL04-SC";"UOP02-DEL04-SC"
229326;2019-08-17;"sábado";"15:00:00";"RS";116;250;"SAO LEOPOLDO";"Defeito Mecânico no Veículo";"Tombamento";"Com Vítimas Feridas";"Pleno dia";"Decrescente";"Céu Claro";"Dupla";"Reta";"Sim";2;0;2;0;0;0;2;1;-29,79148798;-51,16399615;"SPRF-RS";"DEL01-RS";"UOP02-DEL01-RS"
229329;2019-08-17;"sábado";"15:00:00";"SP";116;151;"SAO JOSE DOS CAMPOS";"Falta de Atenção à Condução";"Capotamento";"Com Vítimas Feridas";"Pleno dia";"Crescente";"Céu Claro";"Dupla";"Reta";"Não";3;0;2;0;1;0;2;2;-23,21980694;-45,89991605;"SPRF-SP";"DEL02-SP";"UOP01-DEL02-SP"
229330;2019-08-17;"sábado";"15:05:00";"MG";354;745,5;"POUSO ALTO";"Falta de Atenção à Condução";"Colisão transversal";"Com Vítimas Feridas";"Pleno dia";"Decrescente";"Sol";"Simples";"Interseção de Vias";"Sim";2;0;1;0;1;0;1;2;-22,25480842;-44,92814626;"SPRF-MG";"DEL05-MG";"UOP01-DEL17-MG"
229333;2019-08-17;"sábado";"15:00:00";"SP";153;32,5;"NOVA GRANADA";"Avarias e/ou desgaste excessivo no pneu";"Tombamento";"Com Vítimas Feridas";"Pleno dia";"Decrescente";"Sol";"Simples";"Reta";"Não";2;0;1;0;1;0;1;1;-20,55543809;-49,32522215;"SPRF-SP";"DEL09-SP";"UOP01-DEL09-SP"
229334;2019-08-17;"sábado";"14:30:00";"MS";163;740;"COXIM";"Defeito Mecânico no Veículo";"Tombamento";"Com Vítimas Feridas";"Pleno dia";"Crescente";"Céu Claro";"Simples";"Reta;Aclive";"Não";2;0;2;0;0;0;2;1;-18,42852674;-54,69501544;"SPRF-MS";"DEL06-MS";"UOP01-DEL06-MS"
229335;2019-08-17;"sábado";"09:40:00";"PR";369;156;"LONDRINA";"Falta de Atenção à Condução";"Colisão traseira";"Com Vítimas Feridas";"Pleno dia";"Decrescente";"Céu Claro";"Dupla";"Reta";"Sim";2;0;1;0;1;0;1;2;-23,29251559;-51,21534884;"SPRF-PR";"DEL07-PR";"UOP01-DEL07-PR"
229336;2019-08-17;"sábado";"13:00:00";"RJ";393;251;"BARRA DO PIRAI";"Falta de Atenção à Condução";"Colisão transversal";"Com Vítimas Feridas";"Pleno dia";"Crescente";"Céu Claro";"Simples";"Reta";"Sim";2;0;0;1;1;0;1;2;-22,42817793;-43,76843108;"SPRF-RJ";"DEL05-RJ";"UOP04-DEL05-RJ"
229337;2019-08-17;"sábado";"15:20:00";"RS";290;54;"GLORINHA";"Falta de Atenção à Condução";"Colisão traseira";"Com Vítimas Feridas";"Pleno dia";"Crescente";"Céu Claro";"Dupla";"Reta";"Não";3;0;2;0;1;0;2;2;-29,912643;-50,798103;"SPRF-RS";"DEL03-RS";"UOP01-DEL03-RS"
229338;2019-08-17;"sábado";"15:20:00";"RS";101;9,3;"TORRES";"Falta de Atenção à Condução";"Colisão lateral";"Com Vítimas Feridas";"Pleno dia";"Decrescente";"Céu Claro";"Dupla";"Aclive";"Não";3;0;2;0;1;0;2;2;-29,36685801;-49,81514399;"SPRF-RS";"DEL03-RS";"UOP02-DEL03-RS"
229341;2019-08-17;"sábado";"14:20:00";"MG";40;276,9;"TRES MARIAS";"Defeito Mecânico no Veículo";"Saída de leito carroçável";"Com Vítimas Feridas";"Pleno dia";"Crescente";"Céu Claro";"Simples";"Aclive";"Sim";1;0;1;0;0;0;1;1;-18,20602828;-45,23123233;"SPRF-MG";"DEL14-MG";"UOP02-DEL14-MG"
229342;2019-08-17;"sábado";"15:50:00";"RS";116;206,8;"PICADA CAFE";"Pista Escorregadia";"Tombamento";"Com Vítimas Feridas";"Pleno dia";"Decrescente";"Sol";"Simples";"Curva";"Não";2;0;2;0;0;0;2;1;-29,49966726;-51,1306017;"SPRF-RS";"DEL05-RS";"UOP02-DEL05-RS"
229346;2019-08-17;"sábado";"16:00:00";"DF";70;17,4;"BRASILIA";"Ingestão de Álcool";"Colisão traseira";"Sem Vítimas";"Pleno dia";"Decrescente";"Céu Claro";"Dupla";"Reta;Aclive";"Não";2;0;0;0;2;0;0;2;-15,794133;-48,202095;"SPRF-DF";"DEL01-DF";"UOP02-DEL03-DF"
229347;2019-08-17;"sábado";"15:30:00";"BA";367;60,2;"PORTO SEGURO";"Desobediência às normas de trânsito pelo condutor";"Colisão transversal";"Com Vítimas Feridas";"Pleno dia";"Decrescente";"Céu Claro";"Simples";"Reta";"Sim";5;0;2;0;3;0;2;2;-16,38900611;-39,38363497;"SPRF-BA";"DEL09-BA";"UOP01-DEL09-BA"
229348;2019-05-13;"segunda-feira";"07:00:00";"RJ";101;313;"SAO GONCALO";"Desobediência às normas de trânsito pelo condutor";"Colisão lateral";"Com Vítimas Feridas";"Amanhecer";"Crescente";"Nublado";"Dupla";"Reta";"Sim";2;0;1;0;1;0;1;2;-22,81049093;-43,06983304;"SPRF-RJ";"DEL02-RJ";"DEL5/2-UOP04/RJ"