"id";"data_inversa";"dia_semana";"horario";"uf";"br";"km";"municipio";"causa_acidente";"tipo_acidente";"classificacao_acidente";"fase_dia";"sentido_via";"condicao_metereologica";"tipo_pista";"tracado_via";"uso_solo";"pessoas";"mortos";"feridos_leves";"feridos_graves";"ilesos";"ignorados";"feridos";"veiculos";"latitude";"longitude";"regional";"delegacia";"uop"
229349;2019-08-17;"sábado";"15:00:00";"MS";163;266,9;"DOURADOS";"Desobediência às normas de trânsito pelo condutor";"Colisão lateral";"Com Vítimas Fatais";"Pleno dia";"Crescente";"Céu Claro";"Dupla";"Rotatória";"Sim";3;1;0;1;0;1;1;2;-22,21290701;-54,7156772;"SPRF-MS";"DEL04-MS";"UOP01-DEL04-MS"
229352;2019-08-17;"sábado";"15:00:00";"RS";116;223;"DOIS IRMAOS";"Velocidade Incompatível";"Tombamento";"Com Vítimas Feridas";"Pleno dia";"Decrescente";"Céu Claro";"Simples";"Curva";"Sim";1;0;1;0;0;0;1;1;-29,58827044;-51,09917696;"SPRF-RS";"DEL01-RS";"UOP02-DEL01-RS"
229353;2019-08-17;"sábado";"16:04:00";"RO";364;307;"PRESIDENTE MEDICI";"Falta de Atenção à Condução";"Colisão transversal";"Com Vítimas Feridas";"Pleno dia";"Decrescente";"Céu Claro";"Dupla";"Interseção de Vias";"Sim";3;0;0;1;2;0;1;3;-11,16954997;-61,90181136;"SPRF-RO";"DEL02-RO";"UOP01-DEL02-RO"
229354;2019-08-17;"sábado";"16:35:00";"SP";116;93,2;"PINDAMONHANGABA";"Avarias e/ou desgaste excessivo no pneu";"Colisão lateral";"Com Vítimas Feridas";"Pleno dia";"Decrescente";"Céu Claro";"Dupla";"Reta";"Não";3;0;3;0;0;0;3;2;-22,95653207;-45,41300297;"SPRF-SP";"DEL06-SP";"UOP01-DEL06-SP"
229355;2019-07-24;"quarta-feira";"18:30:00";"BA";101;258;"SANTO ANTONIO DE JESUS";"Falta de Atenção à Condução";"Colisão transversal";"Com Vítimas Feridas";"Plena Noite";"Decrescente";"Ignorado";"Simples";"Interseção de Vias";"Não";1;0;0;1;0;0;1;1;-12,95085844;-39,25363183;"SPRF-BA";"DEL01-BA";"UOP02-DEL01-BA"
229356;2019-08-17;"sábado";"16:30:00";"PR";277;104;"CAMPO LARGO";"Desobediência às normas de trânsito pelo condutor";"Colisão traseira";"Com Vítimas Feridas";"Pleno dia";"Decrescente";"Céu Claro";"Dupla";"Reta";"Não";2;0;1;0;1;0;1;2;-25,49678798;-49,3426549;"SPRF-PR";"DEL01-PR";"UOP06-DEL01-PR"
229357;2019-08-17;"sábado";"17:10:00";"DF";20;9;"BRASILIA";"Ingestão de Álcool";"Colisão transversal";"Com Vítimas Feridas";"Pleno dia";"Decrescente";"Céu Claro";"Dupla";"Retorno Regulamentado";"Sim";3;0;3;0;0;0;3;2;-15,654671;-47,782917;"SPRF-DF";"DEL02-DF";"UOP01-DEL02-DF"
229358;2019-08-17;"sábado";"16:50:00";"RN";226;284,5;"TRIUNFO POTIGUAR";"Falta de Atenção à Condução";"Capotamento";"Com Vítimas Feridas";"Pleno dia";"Crescente";"Céu Claro";"Simples";"Curva";"Não";3;0;3;0;0;0;3;1;-5,86485827;-37,26313095;"SPRF-RN";"DEL03-RN";"UOP01-DEL03-RN"
229359;2019-08-17;"sábado";"16:30:00";"MT";364;181;"PEDRA PRETA";"Falta de Atenção à Condução";"Saída de leito carroçável";"Com Vítimas Feridas";"Pleno dia";"Decrescente";"Céu Claro";"Simples";"Reta";"Não";1;0;0;1;0;0;1;1;-16,59921601;-54,50078901;"SPRF-MT";"DEL02-MT";"UOP01-DEL02-MT"
229360;2019-08-17;"sábado";"18:00:00";"PR";277;115,5;"CAMPO LARGO";"Agressão Externa";"Saída de leito carroçável";"Com Vítimas Feridas";"Anoitecer";"Decrescente";"Céu Claro";"Simples";"Reta";"Sim";3;0;0;1;2;0;1;1;-25,44617825;-49,50463325;"SPRF-PR";"DEL01-PR";"UOP06-DEL01-PR"
229361;2019-08-17;"sábado";"17:55:00";"SC";101;269,3;"PAULO LOPES";"Não guardar distância de segurança";"Saída de leito carroçável";"Com Vítimas Feridas";"Anoitecer";"Decrescente";"Céu Claro";"Dupla";"Reta";"Não";2;0;2;0;0;0;2;1;-28,09417595;-48,70917593;"SPRF-SC";"DEL02-SC";"UOP03-DEL02-SC"
229363;2019-08-17;"sábado";"17:00:00";"RO";364;715;"PORTO VELHO";"Falta de Atenção à Condução";"Colisão com objeto estático";"Sem Vítimas";"Pleno dia";"Crescente";"Céu Claro";"Dupla";"Viaduto";"Sim";1;0;0;0;0;1;0;1;-8,77957291;-63,89174213;"SPRF-RO";"DEL01-RO";"UOP01-DEL01-RO"
229364;2019-08-17;"sábado";"09:50:00";"RO";364;513;"ARIQUEMES";"Desobediência às normas de trânsito pelo condutor";"Saída de leito carroçável";"Com Vítimas Feridas";"Pleno dia";"Decrescente";"Céu Claro";"Simples";"Reta;Declive";"Não";2;0;0;1;0;1;1;2;-9,94283084;-63,05467875;"SPRF-RO";"DEL03-RO";"UOP01-DEL03-RO"
229365;2019-08-17;"sábado";"18:30:00";"MG";116;208,1;"CATUJI";"Falta de Atenção à Condução";"Atropelamento de Pedestre";"Com Vítimas Feridas";"Plena Noite";"Decrescente";"Céu Claro";"Simples";"Reta";"Não";3;0;2;0;1;0;2;2;-17,308365;-41,518593;"SPRF-MG";"DEL11-MG";"UOP01-DEL11-MG"
229366;2019-08-17;"sábado";"13:30:00";"MG";116;221,3;"CATUJI";"Defeito Mecânico no Veículo";"Incêndio";"Sem Vítimas";"Pleno dia";"Crescente";"Nublado";"Simples";"Reta";"Não";3;0;0;0;3;0;0;1;-17,41543302;-41,51420574;"SPRF-MG";"DEL11-MG";"UOP01-DEL11-MG"
229369;2019-08-17;"sábado";"18:10:00";"PB";230;175,9;"CAMPINA GRANDE";"Desobediência às normas de trânsito pelo condutor";"Colisão lateral";"Com Vítimas Feridas";"Plena Noite";"Crescente";"Céu Claro";"Simples";"Reta";"Não";2;0;1;0;1;0;1;2;-7,1775;-36,0247;"SPRF-PB";"DEL02-PB";"UOP02-DEL02-PB"
229370;2019-08-17;"sábado";"17:30:00";"SC";101;36,5;"JOINVILLE";"Velocidade Incompatível";"Colisão lateral";"Com Vítimas Feridas";"Plena Noite";"Decrescente";"Céu Claro";"Dupla";"Reta";"Sim";2;0;0;1;1;0;1;2;-26,24573198;-48,9101069;"SPRF-SC";"DEL03-SC";"UOP01-DEL03-SC"
229371;2019-08-17;"sábado";"18:40:00";"SC";470;56;"BLUMENAU";"Ultrapassagem Indevida";"Colisão transversal";"Com Vítimas Feridas";"Plena Noite";"Decrescente";"Nublado";"Simples";"Reta";"Sim";2;0;0;1;1;0;1;2;-26,87674;-49,127743;"SPRF-SC";"DEL04-SC";"UOP01-DEL04-SC"
229372;2019-08-17;"sábado";"18:40:00";"RS";116;301;"GUAIBA";"Falta de Atenção do Pedestre";"Atropelamento de Pedestre";"Com Vítimas Feridas";"Plena Noite";"Crescente";"Céu Claro";"Simples";"Reta;Declive";"Sim";3;0;3;0;0;0;3;2;-30,131899;-51,353867;"SPRF-RS";"DEL02-RS";"UOP01-DEL02-RS"
229373;2019-08-17;"sábado";"18:35:00";"SC";470;44;"GASPAR";"Falta de Atenção à Condução";"Colisão traseira";"Com Vítimas Feridas";"Plena Noite";"Crescente";"Nublado";"Simples";"Reta";"Sim";5;0;1;0;4;0;1;5;-26,870665;-49,021896;"SPRF-SC";"DEL04-SC";"UOP01-DEL04-SC"
229374;2019-08-17;"sábado";"17:45:00";"RS";468;84,5;"BOM PROGRESSO";"Falta de Atenção à Condução";"Colisão transversal";"Com Vítimas Feridas";"Pleno dia";"Decrescente";"Céu Claro";"Simples";"Interseção de Vias";"Não";5;0;1;0;4;0;1;2;-27,58680644;-53,87180328;"SPRF-RS";"DEL08-RS";"UOP02-DEL08-RS"
229375;2019-08-17;"sábado";"18:35:00";"PR";369;491,4;"CORBELIA";"Desobediência às normas de trânsito pelo condutor";"Colisão frontal";"Com Vítimas Fatais";"Plena Noite";"Crescente";"Céu Claro";"Simples";"Reta";"Não";5;1;2;2;0;0;4;2;-24,7257;-53,2471;"SPRF-PR";"DEL04-PR";"UOP03-DEL04-PR"
229376;2019-08-17;"sábado";"14:00:00";"RS";116;63,9;"CAMPESTRE DA SERRA";"Agressão Externa";"Tombamento";"Com Vítimas Feridas";"Pleno dia";"Decrescente";"Céu Claro";"Simples";"Curva";"Não";1;0;1;0;0;0;1;1;-28,6632959;-51,0589724;"SPRF-RS";"DEL05-RS";"UOP03-DEL05-RS"
229377;2019-08-17;"sábado";"17:15:00";"PR";476;115;"COLOMBO";"Desobediência às normas de trânsito pelo condutor";"Colisão transversal";"Com Vítimas Feridas";"Pleno dia";"Crescente";"Céu Claro";"Dupla";"Interseção de Vias";"Sim";4;0;1;0;3;0;1;2;-25,344196;-49,159679;"SPRF-PR";"DEL01-PR";"UOP07-DEL01-PR"
229378;2019-08-17;"sábado";"18:28:00";"DF";20;46;"BRASILIA";"Ingestão de Álcool";"Colisão transversal";"Sem Vítimas";"Anoitecer";"Crescente";"Céu Claro";"Dupla";"Reta";"Não";3;0;0;0;3;0;0;2;-15,580584;-47,458492;"SPRF-DF";"DEL02-DF";"UOP01-DEL02-DF"
229379;2019-08-17;"sábado";"18:00:00";"MT";163;750;"SORRISO";"Falta de Atenção à Condução";"Colisão com objeto estático";"Com Vítimas Feridas";"Plena Noite";"Crescente";"Céu Claro";"Dupla";"Reta";"Não";1;0;1;0;0;0;1;1;-12,67193506;-55,79367178;"SPRF-MT";"DEL06-MT";"UOP01-DEL06-MT"
229380;2019-08-17;"sábado";"19:15:00";"RS";116;175,3;"NOVA PETROPOLIS";"Ingestão de Álcool";"Colisão com objeto estático";"Com Vítimas Feridas";"Plena Noite";"Decrescente";"Céu Claro";"Simples";"Reta";"Não";1;0;0;1;0;0;1;1;-29,33774313;-51,1570501;"SPRF-RS";"DEL05-RS";"UOP02-DEL05-RS"
229381;2019-08-17;"sábado";"19:00:00";"PR";277;118,8;"CAMPO LARGO";"Falta de Atenção do Pedestre";"Atropelamento de Pedestre";"Com Vítimas Fatais";"Plena Noite";"Decrescente";"Céu Claro";"Dupla";"Reta";"Não";2;1;0;0;1;0;0;2;-25,43106012;-49,42461998;"SPRF-PR";"DEL01-PR";"UOP06-DEL01-PR"
229382;2019-08-17;"sábado";"15:30:00";"RO";364;273;"CACOAL";"Ingestão de Álcool";"Saída de leito carroçável";"Com Vítimas Feridas";"Pleno dia";"Decrescente";"Céu Claro";"Simples";"Reta";"Não";1;0;0;1;0;0;1;1;-11,38505906;-61,74110399;"SPRF-RO";"DEL02-RO";"UOP02-DEL02-RO"
229383;2019-08-17;"sábado";"19:10:00";"PR";369;518,9;"CASCAVEL";"Desobediência às normas de trânsito pelo condutor";"Colisão transversal";"Com Vítimas Feridas";"Plena Noite";"Decrescente";"Céu Claro";"Simples";"Interseção de Vias";"Não";4;0;1;0;2;1;1;2;-24,9190753;-53,38926315;"SPRF-PR";"DEL04-PR";"UOP01-DEL04-PR"
229385;2019-08-17;"sábado";"19:20:00";"MG";365;595,8;"ARAGUARI";"Falta de Atenção à Condução";"Colisão frontal";"Com Vítimas Feridas";"Plena Noite";"Crescente";"Céu Claro";"Simples";"Aclive";"Não";5;0;0;5;0;0;5;2;-18,87365352;-48,08880176;"SPRF-MG";"DEL15-MG";"UOP02-DEL15-MG"
229386;2019-08-17;"sábado";"16:40:00";"RO";364;197,3;"PIMENTA BUENO";"Ingestão de Álcool";"Saída de leito carroçável";"Com Vítimas Feridas";"Pleno dia";"Decrescente";"Sol";"Simples";"Reta";"Sim";1;0;0;1;0;0;1;1;-11,67779707;-61,18876399;"SPRF-RO";"DEL02-RO";"UOP02-DEL02-RO"
229387;2019-08-17;"sábado";"19:50:00";"MG";40;506;"RIBEIRAO DAS NEVES";"Falta de Atenção do Pedestre";"Atropelamento de Pedestre";"Com Vítimas Feridas";"Anoitecer";"Decrescente";"Céu Claro";"Dupla";"Reta";"Não";2;0;0;1;1;0;1;2;-19,74716686;-44,14731173;"SPRF-MG";"DEL02-MG";"UOP01-DEL02-MG"
229390;2019-08-17;"sábado";"19:04:00";"PI";343;600,3;"FLORIANO";"Ingestão de Álcool";"Colisão traseira";"Sem Vítimas";"Plena Noite";"Decrescente";"Céu Claro";"Simples";"Reta";"Sim";2;0;0;0;2;0;0;2;-6,833065;-43,071575;"SPRF-PI";"DEL03-PI";"UOP01-DEL03-PI"
229392;2019-08-17;"sábado";"18:10:00";"RJ";101;502;"ANGRA DOS REIS";"Ingestão de Álcool";"Colisão traseira";"Com Vítimas Feridas";"Plena Noite";"Decrescente";"Nublado";"Simples";"Reta";"Não";2;0;0;2;0;0;2;2;-22,91478203;-44,34596302;"SPRF-RJ";"DEL03-RJ";"UOP03-DEL03-RJ"
229393;2019-08-17;"sábado";"18:20:00";"RJ";101;486;"ANGRA DOS REIS";"Falta de Atenção à Condução";"Colisão transversal";"Sem Vítimas";"Anoitecer";"Decrescente";"Nublado";"Simples";"Reta";"Sim";2;0;0;0;2;0;0;2;-22,97708786;-44,29634653;"SPRF-RJ";"DEL03-RJ";"UOP03-DEL03-RJ"
229394;2019-08-17;"sábado";"20:00:00";"SC";101;123;"ITAJAI";"Desobediência às normas de trânsito pelo condutor";"Colisão transversal";"Com Vítimas Feridas";"Plena Noite";"Decrescente";"Céu Claro";"Dupla";"Interseção de Vias";"Não";2;0;1;0;1;0;1;2;-26,93668609;-48,69876905;"SPRF-SC";"DEL04-SC";"UOP04-DEL04-SC"
229395;2019-08-17;"sábado";"20:10:00";"DF";20;16,4;"BRASILIA";"Condutor Dormindo";"Saída de leito carroçável";"Com Vítimas Feridas";"Plena Noite";"Crescente";"Céu Claro";"Dupla";"Reta;Em Obras;Declive";"Sim";1;0;1;0;0;0;1;1;-15,62420205;-47,72211048;"SPRF-DF";"DEL02-DF";"UOP01-DEL02-DF"
229396;2019-08-17;"sábado";"20:10:00";"MG";40;791,6;"JUIZ DE FORA";"Falta de Atenção à Condução";"Saída de leito carroçável";"Com Vítimas Feridas";"Plena Noite";"Crescente";"Céu Claro";"Dupla";"Reta";"Não";3;0;1;0;2;0;1;1;-21,77922124;-43,42576012;"SPRF-MG";"DEL05-MG";"UOP01-DEL05-MG"
229398;2019-08-17;"sábado";"18:45:00";"SC";470;150;"AGRONOMICA";"Falta de Atenção à Condução";"Colisão com objeto estático";"Com Vítimas Feridas";"Plena Noite";"Decrescente";"Céu Claro";"Simples";"Rotatória";"Não";1;0;1;0;0;0;1;1;-27,25697583;-49,71229792;"SPRF-SC";"DEL04-SC";"UOP02-DEL04-SC"
229399;2019-08-17;"sábado";"20:45:00";"SC";470;90,8;"ASCURRA";"Falta de Atenção à Condução";"Colisão traseira";"Com Vítimas Feridas";"Plena Noite";"Crescente";"Nublado";"Simples";"Curva";"Sim";2;0;0;1;1;0;1;2;-26,97419823;-49,3674106;"SPRF-SC";"DEL04-SC";"UOP01-DEL04-SC"
229400;2019-08-17;"sábado";"17:50:00";"SC";101;132,5;"BALNEARIO CAMBORIU";"Falta de Atenção à Condução";"Colisão lateral";"Com Vítimas Feridas";"Plena Noite";"Crescente";"Nublado";"Dupla";"Reta";"Sim";2;0;0;1;1;0;1;2;-26,99654133;-48,65564711;"SPRF-SC";"DEL04-SC";"UOP03-DEL04-SC"
229401;2019-08-17;"sábado";"17:43:00";"SC";101;135,8;"BALNEARIO CAMBORIU";"Falta de Atenção à Condução";"Colisão lateral";"Sem Vítimas";"Anoitecer";"Crescente";"Céu Claro";"Dupla";"Reta";"Sim";2;0;0;0;2;0;0;2;-27,0050108;-48,62677494;"SPRF-SC";"DEL04-SC";"UOP03-DEL04-SC"
229404;2019-08-17;"sábado";"20:15:00";"GO";40;116;"CRISTALINA";"Ingestão de Álcool";"Colisão com objeto em movimento";"Com Vítimas Feridas";"Plena Noite";"Decrescente";"Céu Claro";"Dupla";"Reta";"Não";2;0;1;0;1;0;1;2;-16,852003;-47,458389;"SPRF-DF";"DEL01-DF";"UOP02-DEL01-DF"
229405;2019-08-17;"sábado";"18:30:00";"RO";429;88;"ALVORADA DOESTE";"Velocidade Incompatível";"Colisão traseira";"Com Vítimas Fatais";"Plena Noite";"Crescente";"Céu Claro";"Simples";"Declive";"Não";3;1;0;1;1;0;1;2;-11,32062192;-62,26108109;"SPRF-RO";"DEL02-RO";"UOP03-DEL02-RO"
229406;2019-08-17;"sábado";"21:00:00";"PR";369;137;"IBIPORA";"Ingestão de Álcool";"Colisão com objeto estático";"Com Vítimas Feridas";"Plena Noite";"Crescente";"Céu Claro";"Simples";"Reta";"Sim";2;0;0;1;1;0;1;2;-23,27201683;-51,04080141;"SPRF-PR";"DEL07-PR";"UOP01-DEL07-PR"
229408;2019-08-17;"sábado";"20:20:00";"CE";116;23,5;"ITAITINGA";"Ingestão de Álcool";"Capotamento";"Com Vítimas Feridas";"Plena Noite";"Decrescente";"Céu Claro";"Dupla";"Reta";"Não";1;0;1;0;0;0;1;1;-3,94905489;-38,51212845;"SPRF-CE";"DEL01-CE";"UOP02-DEL01-CE"
229409;2019-08-17;"sábado";"19:19:00";"MG";50;179;"UBERABA";"Velocidade Incompatível";"Tombamento";"Com Vítimas Feridas";"Plena Noite";"Crescente";"Céu Claro";"Simples";"Desvio Temporário";"Sim";1;0;0;1;0;0;1;1;-19,77827047;-47,93140998;"SPRF-MG";"DEL13-MG";"UOP01-DEL13-MG"
229411;2019-08-17;"sábado";"19:00:00";"MG";262;442,6;"NOVA SERRANA";"Falta de Atenção do Pedestre";"Atropelamento de Pedestre";"Com Vítimas Feridas";"Plena Noite";"Decrescente";"Céu Claro";"Dupla";"Reta";"Sim";3;0;0;1;1;1;1;2;-19,8806236;-44,91232265;"SPRF-MG";"DEL08-MG";"UOP03-DEL08-MG"
229413;2019-08-17;"sábado";"19:40:00";"SC";280;256,8;"CANOINHAS";"Ingestão de Álcool";"Capotamento";"Sem Vítimas";"Plena Noite";"Crescente";"Céu Claro";"Simples";"Reta";"Não";1;0;0;0;0;1;0;1;-26,265499;-50,598565;"SPRF-SC";"DEL06-SC";"UOP04-DEL06-SC"
229414;2019-08-17;"sábado";"21:55:00";"PR";277;708,9;"SANTA TEREZINHA DE ITAIPU";"Falta de Atenção à Condução";"Colisão transversal";"Com Vítimas Feridas";"Plena Noite";"Crescente";"Céu Claro";"Dupla";"Reta";"Sim";6;0;2;0;4;0;2;2;-25,44290885;-54,39565306;"SPRF-PR";"DEL05-PR";"UOP01-DEL05-PR"
229415;2019-08-17;"sábado";"18:10:00";"MT";70;514;"VARZEA GRANDE";"Ingestão de Álcool";"Colisão frontal";"Com Vítimas Feridas";"Plena Noite";"Crescente";"Chuva";"Simples";"Reta";"Sim";3;0;2;0;1;0;2;2;-15,70468823;-56,14665985;"SPRF-MT";"DEL01-MT";"DEL2/4-UOP02/MT"
229418;2019-06-07;"sexta-feira";"22:35:00";"SP";101;46,4;"UBATUBA";"Ultrapassagem Indevida";"Colisão frontal";"Com Vítimas Feridas";"Plena Noite";"Decrescente";"Céu Claro";"Simples";"Reta";"Sim";3;0;3;0;0;0;3;2;-23,42403383;-45,07492113;"SPRF-SP";"DEL06-SP";"UOP01-DEL06-SP"
229419;2019-08-17;"sábado";"21:30:00";"SC";280;51,7;"GUARAMIRIM";"Ingestão de Álcool";"Colisão traseira";"Com Vítimas Feridas";"Plena Noite";"Decrescente";"Nublado";"Simples";"Interseção de Vias";"Não";4;0;3;0;1;0;3;2;-26,46787425;-48,96171927;"SPRF-SC";"DEL03-SC";"UOP03-DEL03-SC"
229420;2019-08-17;"sábado";"19:10:00";"BA";101;825;"ALCOBACA";"Falta de Atenção à Condução";"Colisão lateral";"Com Vítimas Feridas";"Plena Noite";"Decrescente";"Céu Claro";"Simples";"Reta";"Não";2;0;0;1;1;0;1;2;-17,32354498;-39,63152877;"SPRF-BA";"DEL09-BA";"UOP01-DEL09-BA"
229421;2019-08-17;"sábado";"21:15:00";"MG";40;517;"RIBEIRAO DAS NEVES";"Falta de Atenção à Condução";"Colisão transversal";"Com Vítimas Feridas";"Plena Noite";"Crescente";"Céu Claro";"Dupla";"Reta";"Sim";3;0;2;1;0;0;3;2;-19,82351202;-44,08438913;"SPRF-MG";"DEL01-MG";"UOP02-DEL01-MG"
229422;2019-08-17;"sábado";"22:10:00";"PI";316;292;"PICOS";"Animais na Pista";"Queda de ocupante de veículo";"Com Vítimas Feridas";"Plena Noite";"Decrescente";"Céu Claro";"Simples";"Reta";"Não";1;0;0;1;0;0;1;1;-7,00534014;-41,60370207;"SPRF-PI";"DEL04-PI";"UOP01-DEL04-PI"
229423;2019-08-17;"sábado";"22:05:00";"CE";20;419;"MARACANAU";"Ingestão de Álcool";"Colisão transversal";"Com Vítimas Feridas";"Plena Noite";"Decrescente";"Céu Claro";"Dupla";"Reta";"Sim";2;0;2;0;0;0;2;2;-3,85329319;-38,55995178;"SPRF-CE";"DEL01-CE";"UOP02-DEL01-CE"
229424;2019-08-17;"sábado";"22:50:00";"DF";20;9;"BRASILIA";"Ingestão de Álcool";"Saída de leito carroçável";"Com Vítimas Feridas";"Plena Noite";"Decrescente";"Céu Claro";"Dupla";"Reta";"Sim";3;0;1;2;0;0;3;1;-15,654671;-47,782917;"SPRF-DF";"DEL02-DF";"UOP01-DEL02-DF"
229425;2019-08-17;"sábado";"21:40:00";"PI";316;24,3;"TERESINA";"Falta de Atenção do Pedestre";"Atropelamento de Pedestre";"Com Vítimas Feridas";"Plena Noite";"Crescente";"Céu Claro";"Simples";"Reta";"Não";2;0;1;0;1;0;1;2;-5,28895702;-42,71707202;"SPRF-PI";"DEL01-PI";"UOP02-DEL01-PI"
229427;2019-08-17;"sábado";"23:00:00";"PR";476;140;"CURITIBA";"Falta de Atenção do Pedestre";"Atropelamento de Pedestre";"Sem Vítimas";"Plena Noite";"Decrescente";"Céu Claro";"Dupla";"Reta";"Sim";2;0;0;0;2;0;0;1;-25,520693;-49,294121;"SPRF-PR";"DEL01-PR";"UOP03-DEL01-PR"
229428;2019-08-17;"sábado";"21:15:00";"AC";364;121,7;"RIO BRANCO";"Falta de Atenção à Condução";"Saída de leito carroçável";"Com Vítimas Feridas";"Plena Noite";"Decrescente";"Céu Claro";"Dupla";"Rotatória";"Sim";1;0;1;0;0;0;1;1;-10,01209268;-67,764365;"SPRF-AC";"DEL01-AC";"UOP01-DEL01-AC"
229429;2019-08-17;"sábado";"23:45:00";"SC";470;52,7;"BLUMENAU";"Ingestão de Álcool";"Colisão transversal";"Com Vítimas Feridas";"Plena Noite";"Crescente";"Nublado";"Simples";"Retorno Regulamentado";"Sim";4;0;2;0;2;0;2;2;-26,86510091;-49,0994098;"SPRF-SC";"DEL04-SC";"UOP01-DEL04-SC"
229430;2019-08-17;"sábado";"23:15:00";"DF";40;3,1;"BRASILIA";"Ingestão de Álcool";"Colisão lateral";"Com Vítimas Feridas";"Plena Noite";"Crescente";"Céu Claro";"Dupla";"Reta";"Sim";4;0;2;0;2;0;2;3;-16,003145;-47,983944;"SPRF-DF";"DEL01-DF";"UOP01-DEL01-DF"
229431;2019-08-17;"sábado";"23:10:00";"MS";163;409,4;"NOVA ALVORADA DO SUL";"Animais na Pista";"Atropelamento de Animal";"Com Vítimas Feridas";"Plena Noite";"Crescente";"Céu Claro";"Simples";"Reta";"Não";1;0;0;1;0;0;1;1;-21,08489711;-54,49101378;"SPRF-MS";"DEL02-MS";"UOP01-DEL02-MS"
229432;2019-08-17;"sábado";"07:49:00";"PB";230;23;"JOAO PESSOA";"Não guardar distância de segurança";"Colisão traseira";"Sem Vítimas";"Pleno dia";"Decrescente";"Sol";"Dupla";"Reta";"Sim";2;0;0;0;1;1;0;2;-7,12576233;-34,81498718;"SPRF-PB";"DEL01-PB";"UOP01-DEL01-PB"
229433;2019-08-17;"sábado";"23:25:00";"DF";70;6;"BRASILIA";"Velocidade Incompatível";"Saída de leito carroçável";"Com Vítimas Feridas";"Pleno dia";"Crescente";"Céu Claro";"Dupla";"Reta";"Sim";1;0;1;0;0;0;1;1;-15,791242;-48,105759;"SPRF-DF";"DEL01-DF";"UOP02-DEL03-DF"
229434;2019-08-17;"sábado";"23:50:00";"MA";222;667;"ACAILANDIA";"Animais na Pista";"Atropelamento de Animal";"Sem Vítimas";"Plena Noite";"Crescente";"Céu Claro";"Simples";"Reta";"Não";3;0;0;0;2;1;0;2;-4,90264174;-47,39968016;"SPRF-MA";"DEL04-MA";"UOP03-DEL04-MA"
229435;2019-08-17;"sábado";"22:45:00";"PR";376;190;"MARIALVA";"Desobediência às normas de trânsito pelo condutor";"Colisão transversal";"Com Vítimas Feridas";"Plena Noite";"Crescente";"Céu Claro";"Dupla";"Curva";"Não";2;0;1;0;0;1;1;2;-23,47560277;-51,81167587;"SPRF-PR";"DEL07-PR";"UOP01-DEL09-PR"
229437;2019-08-17;"sábado";"20:43:00";"RO";364;343;"JI-PARANA";"Ingestão de Álcool";"Colisão lateral";"Sem Vítimas";"Plena Noite";"Decrescente";"Céu Claro";"Dupla";"Reta";"Sim";2;0;0;0;2;0;0;2;-10,87878519;-61,94499012;"SPRF-RO";"DEL02-RO";"UOP01-DEL02-RO"
229438;2019-08-17;"sábado";"23:20:00";"SP";381;45,8;"ATIBAIA";"Falta de Atenção à Condução";"Colisão com objeto estático";"Com Vítimas Feridas";"Plena Noite";"Crescente";"Céu Claro";"Dupla";"Reta";"Sim";1;0;0;1;0;0;1;1;-23,17274184;-46,57748439;"SPRF-SP";"DEL03-SP";"UOP01-DEL03-SP"
229439;2019-08-17;"sábado";"23:45:00";"MS";163;479,1;"CAMPO GRANDE";"Ingestão de Álcool";"Saída de leito carroçável";"Com Vítimas Feridas";"Plena Noite";"Crescente";"Céu Claro";"Simples";"Reta";"Sim";1;0;1;0;0;0;1;1;-20,487322;-54,55929095;"SPRF-MS";"DEL01-MS";"UOP01-DEL01-MS"
229440;2019-08-18;"domingo";"01:00:00";"PE";101;72;"RECIFE";"Ingestão de Álcool";"Colisão traseira";"Com Vítimas Feridas";"Plena Noite";"Decrescente";"Céu Claro";"Simples";"Reta";"Sim";2;0;0;1;1;0;1;2;-8,08493106;-34,9450639;"SPRF-PE";"DEL01-PE";"UOP01-DEL01-PE"
229442;2019-08-18;"domingo";"00:50:00";"PR";476;271,6;"SAO MATEUS DO SUL";"Ingestão de Álcool";"Saída de leito carroçável";"Com Vítimas Feridas";"Plena Noite";"Decrescente";"Céu Claro";"Simples";"Reta";"Não";2;0;0;2;0;0;2;1;-25,89876194;-50,28442383;"SPRF-PR";"DEL02-PR";"UOP04-DEL02-PR"
229443;2019-08-18;"domingo";"00:45:00";"PB";230;38,7;"SANTA RITA";"Velocidade Incompatível";"Colisão com objeto estático";"Com Vítimas Feridas";"Plena Noite";"Crescente";"Chuva";"Dupla";"Reta;Em Obras";"Sim";2;0;0;2;0;0;2;1;-7,1341;-34,962;"SPRF-PB";"DEL01-PB";"UOP03-DEL01-PB"
229444;2019-08-18;"domingo";"01:20:00";"DF";60;4,3;"BRASILIA";"Velocidade Incompatível";"Tombamento";"Com Vítimas Feridas";"Plena Noite";"Crescente";"Céu Claro";"Dupla";"Reta";"Sim";2;0;1;1;0;0;2;1;-15,892721;-48,095741;"SPRF-DF";"DEL01-DF";"UOP01-DEL03-DF"
229445;2019-08-18;"domingo";"01:30:00";"RS";116;248;"SAO LEOPOLDO";"Condutor Dormindo";"Colisão com objeto estático";"Sem Vítimas";"Plena Noite";"Decrescente";"Céu Claro";"Dupla";"Aclive";"Sim";1;0;0;0;1;0;0;1;-29,77605895;-51,15508618;"SPRF-RS";"DEL01-RS";"UOP02-DEL01-RS"