"id";"data_inversa";"dia_semana";"horario";"uf";"br";"km";"municipio";"causa_acidente";"tipo_acidente";"classificacao_acidente";"fase_dia";"sentido_via";"condicao_metereologica";"tipo_pista";"tracado_via";"uso_solo";"pessoas";"mortos";"feridos_leves";"feridos_graves";"ilesos";"ignorados";"feridos";"veiculos";"latitude";"longitude";"regional";"delegacia";"uop"
229537;2019-08-18;"domingo";"14:10:00";"RN";304;5;"MOSSORO";"Ingestão de Álcool";"Colisão transversal";"Com Vítimas Feridas";"Pleno dia";"Crescente";"Céu Claro";"Simples";"Interseção de Vias";"Não";5;0;2;3;0;0;5;2;-4,91815295;-37,42282892;"SPRF-RN";"DEL04-RN";"UOP02-DEL04-RN"
229539;2019-08-18;"domingo";"13:00:00";"ES";259;62,3;"COLATINA";"Velocidade Incompatível";"Colisão traseira";"Com Vítimas Feridas";"Pleno dia";"Crescente";"Céu Claro";"Simples";"Reta";"Não";3;0;2;0;1;0;2;2;-19,53124185;-40,68990791;"SPRF-ES";"DEL02-ES";"UOP01-DEL02-ES"
229540;2019-08-18;"domingo";"13:45:00";"SC";101;427,1;"SOMBRIO";"Condutor Dormindo";"Saída de leito carroçável";"Com Vítimas Feridas";"Pleno dia";"Crescente";"Nublado";"Dupla";"Reta";"Não";1;0;1;0;0;0;1;1;-29,0329064;-49,60623553;"SPRF-SC";"DEL02-SC";"UOP02-DEL02-SC"
229541;2019-08-18;"domingo";"14:05:00";"PR";476;235,3;"LAPA";"Pista Escorregadia";"Saída de leito carroçável";"Com Vítimas Feridas";"Pleno dia";"Crescente";"Chuva";"Simples";"Curva";"Não";1;0;1;0;0;0;1;1;-25,879135;-50,027172;"SPRF-PR";"DEL02-PR";"UOP04-DEL02-PR"
229542;2019-08-18;"domingo";"14:50:00";"MG";381;392;"BARAO DE COCAIS";"Sinalização da via insuficiente ou inadequada";"Colisão traseira";"Com Vítimas Feridas";"Pleno dia";"Decrescente";"Sol";"Simples";"Desvio Temporário;Curva;Em Obras";"Não";3;0;1;0;2;0;1;3;-19,76614595;-43,45877192;"SPRF-MG";"DEL01-MG";"UOP01-DEL01-MG"
229543;2019-08-18;"domingo";"14:55:00";"PR";376;515;"PONTA GROSSA";"Condutor Dormindo";"Saída de leito carroçável";"Com Vítimas Feridas";"Pleno dia";"Decrescente";"Céu Claro";"Dupla";"Reta";"Não";1;0;1;0;0;0;1;1;-25,25207818;-50,01854986;"SPRF-PR";"DEL03-PR";"UOP04-DEL03-PR"
229545;2019-08-18;"domingo";"15:10:00";"RJ";116;143,9;"DUQUE DE CAXIAS";"Falta de Atenção à Condução";"Colisão com objeto estático";"Com Vítimas Feridas";"Pleno dia";"Crescente";"Céu Claro";"Dupla";"Curva";"Sim";1;0;1;0;0;0;1;1;-22,65237271;-43,23918118;"SPRF-RJ";"DEL04-RJ";"UOP02-DEL04-RJ"
229546;2019-08-18;"domingo";"15:14:00";"SC";101;82,7;"BARRA VELHA";"Não guardar distância de segurança";"Colisão traseira";"Com Vítimas Feridas";"Pleno dia";"Decrescente";"Chuva";"Dupla";"Reta;Declive";"Sim";15;0;5;0;10;0;5;11;-26,61981914;-48,71760607;"SPRF-SC";"DEL03-SC";"UOP02-DEL03-SC"
229548;2019-08-18;"domingo";"15:20:00";"GO";153;607,4;"MORRINHOS";"Ingestão de álcool e/ou substâncias psicoativas pelo pedestre";"Queda de ocupante de veículo";"Com Vítimas Feridas";"Pleno dia";"Decrescente";"Céu Claro";"Dupla";"Reta";"Não";1;0;1;0;0;0;1;1;-17,6114;-49,1825;"SPRF-GO";"DEL03-GO";"UOP01-DEL03-GO"
229549;2019-08-18;"domingo";"15:20:00";"MG";381;500,5;"BETIM";"Não guardar distância de segurança";"Colisão traseira";"Com Vítimas Feridas";"Pleno dia";"Decrescente";"Sol";"Dupla";"Reta";"Não";3;0;1;0;2;0;1;2;-19,99270794;-44,20761108;"SPRF-MG";"DEL01-MG";"UOP03-DEL01-MG"
229550;2019-08-18;"domingo";"15:25:00";"ES";101;239;"FUNDAO";"Desobediência às normas de trânsito pelo condutor";"Queda de ocupante de veículo";"Com Vítimas Feridas";"Pleno dia";"Decrescente";"Céu Claro";"Simples";"Curva";"Sim";2;0;2;0;0;0;2;1;-20,00782494;-40,40790907;"SPRF-ES";"DEL02-ES";"UOP01-DEL02-ES"
229552;2019-08-18;"domingo";"13:45:00";"SP";116;449;"REGISTRO";"Desobediência às normas de trânsito pelo condutor";"Colisão transversal";"Com Vítimas Feridas";"Pleno dia";"Crescente";"Céu Claro";"Simples";"Interseção de Vias";"Sim";3;0;2;0;1;0;2;2;-24,52913591;-47,85619324;"SPRF-SP";"DEL05-SP";"UOP01-DEL05-SP"
229553;2019-08-18;"domingo";"14:30:00";"MG";262;46,5;"MANHUACU";"Velocidade Incompatível";"Capotamento";"Com Vítimas Feridas";"Pleno dia";"Crescente";"Sol";"Simples";"Curva";"Não";2;0;2;0;0;0;2;1;-20,26333304;-42,10566505;"SPRF-MG";"DEL06-MG";"UOP03-DEL06-MG"
229554;2019-08-18;"domingo";"16:15:00";"SP";116;76,5;"ROSEIRA";"Não guardar distância de segurança";"Colisão traseira";"Com Vítimas Feridas";"Pleno dia";"Crescente";"Céu Claro";"Dupla";"Reta";"Não";4;0;1;1;1;1;2;3;-22,87747687;-45,27203908;"SPRF-SP";"DEL06-SP";"UOP01-DEL06-SP"
229555;2019-08-18;"domingo";"13:30:00";"ES";262;31,7;"DOMINGOS MARTINS";"Ingestão de Álcool";"Saída de leito carroçável";"Sem Vítimas";"Pleno dia";"Decrescente";"Céu Claro";"Simples";"Curva";"Não";2;0;0;0;2;0;0;1;-20,38080064;-40,57587191;"SPRF-ES";"DEL01-ES";"UOP01-DEL01-ES"
229556;2019-08-18;"domingo";"15:45:00";"PR";376;3,6;"APUCARANA";"Ingestão de Álcool";"Colisão com objeto estático";"Com Vítimas Feridas";"Pleno dia";"Decrescente";"Nublado";"Dupla";"Curva";"Sim";2;0;0;1;1;0;1;1;-23,5513;-51,461266;"SPRF-PR";"DEL07-PR";"UOP01-DEL09-PR"
229558;2019-08-18;"domingo";"16:15:00";"BA";101;100;"ALAGOINHAS";"Animais na Pista";"Queda de ocupante de veículo";"Com Vítimas Feridas";"Pleno dia";"Crescente";"Nublado";"Simples";"Reta";"Não";1;0;1;0;0;0;1;1;-12,14197;-38,39211707;"SPRF-BA";"DEL01-BA";"UOP04-DEL01-BA"
229559;2019-08-18;"domingo";"15:37:00";"MS";163;465,5;"CAMPO GRANDE";"Desobediência às normas de trânsito pelo condutor";"Colisão lateral";"Com Vítimas Feridas";"Pleno dia";"Crescente";"Sol";"Simples";"Aclive";"Não";8;0;0;3;2;3;3;3;-20,59436908;-54,5809341;"SPRF-MS";"DEL01-MS";"UOP01-DEL01-MS"
229561;2019-08-18;"domingo";"16:30:00";"SC";101;186;"BIGUACU";"Velocidade Incompatível";"Colisão com objeto estático";"Com Vítimas Feridas";"Pleno dia";"Decrescente";"Chuva";"Dupla";"Curva";"Não";3;0;1;0;2;0;1;1;-27,4341098;-48,62567129;"SPRF-SC";"DEL01-SC";"UOP01-DEL01-SC"
229562;2019-08-18;"domingo";"09:50:00";"SC";282;423,2;"VARGEM BONITA";"Velocidade Incompatível";"Saída de leito carroçável";"Com Vítimas Feridas";"Pleno dia";"Crescente";"Garoa/Chuvisco";"Simples";"Curva";"Não";1;0;1;0;0;0;1;1;-26,99556;-51,752289;"SPRF-SC";"DEL07-SC";"UOP05-DEL07-SC"
229563;2019-08-18;"domingo";"10:55:00";"MG";365;26,1;"MONTES CLAROS";"Pista Escorregadia";"Queda de ocupante de veículo";"Com Vítimas Feridas";"Pleno dia";"Crescente";"Céu Claro";"Simples";"Reta";"Não";2;0;2;0;0;0;2;1;-16,85144573;-44,06967486;"SPRF-MG";"DEL12-MG";"UOP01-DEL12-MG"
229564;2019-08-18;"domingo";"16:50:00";"MG";381;484;"BETIM";"Desobediência às normas de trânsito pelo condutor";"Colisão lateral";"Com Vítimas Feridas";"Pleno dia";"Decrescente";"Céu Claro";"Dupla";"Reta";"Sim";6;0;2;0;4;0;2;3;-19,95531717;-44,11722196;"SPRF-MG";"DEL01-MG";"UOP03-DEL01-MG"
229565;2019-08-18;"domingo";"10:55:00";"MG";365;25,4;"MONTES CLAROS";"Pista Escorregadia";"Saída de leito carroçável";"Com Vítimas Feridas";"Pleno dia";"Crescente";"Céu Claro";"Simples";"Reta";"Não";3;0;3;0;0;0;3;1;-16,8557147;-44,06141289;"SPRF-MG";"DEL12-MG";"UOP01-DEL12-MG"
229566;2019-08-18;"domingo";"16:20:00";"SC";282;41;"AGUAS MORNAS";"Falta de Atenção à Condução";"Colisão transversal";"Com Vítimas Feridas";"Pleno dia";"Crescente";"Chuva";"Simples";"Reta";"Não";2;0;0;1;1;0;1;2;-27,715973;-48,878979;"SPRF-SC";"DEL01-SC";"UOP03-DEL01-SC"
229567;2019-08-18;"domingo";"16:50:00";"SC";101;124,9;"ITAJAI";"Falta de Atenção à Condução";"Colisão lateral";"Com Vítimas Feridas";"Pleno dia";"Decrescente";"Chuva";"Dupla";"Reta";"Sim";3;0;1;0;1;1;1;2;-26,94335064;-48,69198648;"SPRF-SC";"DEL04-SC";"UOP04-DEL04-SC"
229568;2019-08-18;"domingo";"16:00:00";"RJ";116;235,5;"PIRAI";"Falta de Atenção à Condução";"Capotamento";"Com Vítimas Feridas";"Pleno dia";"Decrescente";"Céu Claro";"Simples";"Curva";"Não";5;0;5;0;0;0;5;1;-22,66934677;-43,85528603;"SPRF-RJ";"DEL07-RJ";"UOP01-DEL07-RJ"
229569;2019-08-18;"domingo";"11:40:00";"MT";163;743;"SORRISO";"Falta de Atenção à Condução";"Colisão lateral";"Sem Vítimas";"Pleno dia";"Decrescente";"Céu Claro";"Simples";"Reta";"Não";4;0;0;0;4;0;0;2;-12,72348109;-55,82831683;"SPRF-MT";"DEL06-MT";"UOP01-DEL06-MT"
229570;2019-08-18;"domingo";"15:00:00";"PI";343;598;"FLORIANO";"Falta de Atenção à Condução";"Tombamento";"Com Vítimas Fatais";"Pleno dia";"Decrescente";"Céu Claro";"Dupla";"Reta";"Sim";1;1;0;0;0;0;0;1;-6,819801;-43,060368;"SPRF-PI";"DEL03-PI";"UOP01-DEL03-PI"
229572;2019-08-18;"domingo";"17:09:00";"RN";101;66,2;"EXTREMOZ";"Desobediência às normas de trânsito pelo condutor";"Colisão transversal";"Com Vítimas Feridas";"Anoitecer";"Crescente";"Céu Claro";"Dupla";"Interseção de Vias";"Não";3;0;1;0;2;0;1;2;-5,65033356;-35,25016233;"SPRF-RN";"DEL02-RN";"UOP01-DEL02-RN"
229573;2019-08-18;"domingo";"17:30:00";"SC";101;92,9;"BARRA VELHA";"Falta de Atenção à Condução";"Colisão traseira";"Com Vítimas Feridas";"Pleno dia";"Decrescente";"Garoa/Chuvisco";"Dupla";"Reta";"Não";4;0;2;0;2;0;2;2;-26,6806041;-48,6931497;"SPRF-SC";"DEL03-SC";"UOP02-DEL03-SC"
229574;2019-08-18;"domingo";"17:00:00";"GO";40;10;"LUZIANIA";"Ingestão de Álcool";"Colisão traseira";"Com Vítimas Feridas";"Pleno dia";"Crescente";"Céu Claro";"Dupla";"Reta";"Sim";2;0;1;0;1;0;1;2;-16,131285;-47,957923;"SPRF-DF";"DEL01-DF";"UOP01-DEL01-DF"
229575;2019-08-18;"domingo";"17:50:00";"RS";116;303;"GUAIBA";"Ingestão de Álcool";"Colisão frontal";"Com Vítimas Feridas";"Plena Noite";"Crescente";"Céu Claro";"Simples";"Ponte";"Sim";13;0;0;1;12;0;1;6;-30,14752169;-51,36494646;"SPRF-RS";"DEL02-RS";"UOP01-DEL02-RS"
229576;2019-08-18;"domingo";"17:00:00";"PB";101;105;"ALHANDRA";"Ingestão de Álcool";"Colisão com objeto estático";"Sem Vítimas";"Anoitecer";"Crescente";"Céu Claro";"Dupla";"Reta";"Não";1;0;0;0;1;0;0;1;-7,30814609;-34,94344185;"SPRF-PB";"DEL01-PB";"UOP01-DEL01-PB"
229577;2019-08-18;"domingo";"15:50:00";"AC";364;135;"RIO BRANCO";"Falta de Atenção à Condução";"Colisão transversal";"Com Vítimas Feridas";"Pleno dia";"Crescente";"Céu Claro";"Dupla";"Rotatória";"Não";2;0;1;0;1;0;1;2;-9,98588117;-67,84523538;"SPRF-AC";"DEL01-AC";"UOP01-DEL01-AC"
229578;2019-08-18;"domingo";"16:50:00";"MT";163;838;"SINOP";"Falta de Atenção à Condução";"Colisão transversal";"Com Vítimas Feridas";"Pleno dia";"Decrescente";"Céu Claro";"Simples";"Reta";"Sim";3;0;0;1;2;0;1;2;-11,83424678;-55,48822674;"SPRF-MT";"DEL06-MT";"UOP02-DEL06-MT"
229581;2019-08-18;"domingo";"16:05:00";"SC";282;389;"JOACABA";"Desobediência às normas de trânsito pelo condutor";"Colisão lateral";"Com Vítimas Feridas";"Pleno dia";"Crescente";"Nublado";"Simples";"Aclive";"Não";2;0;1;0;1;0;1;2;-27,178604;-51,541367;"SPRF-SC";"DEL07-SC";"UOP05-DEL07-SC"
229582;2019-08-18;"domingo";"17:10:00";"PI";407;428;"PICOS";"Velocidade Incompatível";"Saída de leito carroçável";"Com Vítimas Feridas";"Plena Noite";"Decrescente";"Céu Claro";"Simples";"Curva";"Não";1;0;1;0;0;0;1;1;-7,13025008;-41,38920134;"SPRF-PI";"DEL04-PI";"UOP01-DEL04-PI"
229584;2019-08-18;"domingo";"18:00:00";"MG";381;350;"JOAO MONLEVADE";"Defeito na Via";"Saída de leito carroçável";"Com Vítimas Feridas";"Pleno dia";"Decrescente";"Céu Claro";"Simples";"Curva";"Não";1;0;0;1;0;0;1;1;-19,85990382;-43,10732067;"SPRF-MG";"DEL03-MG";"UOP01-DEL03-MG"
229585;2019-08-18;"domingo";"18:10:00";"MG";40;569,8;"NOVA LIMA";"Desobediência às normas de trânsito pelo pedestre";"Atropelamento de Pedestre";"Com Vítimas Fatais";"Plena Noite";"Decrescente";"Céu Claro";"Simples";"Reta";"Não";2;1;0;0;1;0;0;2;-20,20394093;-43,97409456;"SPRF-MG";"DEL01-MG";"UOP02-DEL01-MG"
229586;2019-08-18;"domingo";"17:50:00";"MG";381;503;"BETIM";"Não guardar distância de segurança";"Colisão traseira";"Sem Vítimas";"Pleno dia";"Decrescente";"Céu Claro";"Dupla";"Reta";"Sim";4;0;0;0;2;2;0;4;-20,02513493;-44,23112709;"SPRF-MG";"DEL01-MG";"UOP03-DEL01-MG"
229587;2019-08-18;"domingo";"18:30:00";"MG";40;506;"RIBEIRAO DAS NEVES";"Ingestão de álcool e/ou substâncias psicoativas pelo pedestre";"Colisão traseira";"Sem Vítimas";"Plena Noite";"Crescente";"Céu Claro";"Dupla";"Reta";"Sim";2;0;0;0;2;0;0;2;-19,74716686;-44,14731173;"SPRF-MG";"DEL02-MG";"UOP01-DEL02-MG"
229588;2019-08-18;"domingo";"18:30:00";"MG";40;436,5;"PARAOPEBA";"Falta de Atenção à Condução";"Saída de leito carroçável";"Sem Vítimas";"Plena Noite";"Crescente";"Céu Claro";"Dupla";"Reta";"Não";1;0;0;0;1;0;0;1;-19,22688005;-44,4417572;"SPRF-MG";"DEL02-MG";"UOP01-DEL02-MG"
229589;2019-08-18;"domingo";"18:00:00";"TO";242;376,4;"GURUPI";"Falta de Atenção à Condução";"Saída de leito carroçável";"Com Vítimas Fatais";"Anoitecer";"Crescente";"Céu Claro";"Simples";"Reta";"Sim";1;1;0;0;0;0;0;1;-11,73655965;-49,02925295;"SPRF-TO";"DEL02-TO";"UOP02-DEL01-TO"
229590;2019-08-18;"domingo";"17:40:00";"MT";163;964;"NOVA SANTA HELENA";"Falta de Atenção à Condução";"Tombamento";"Com Vítimas Feridas";"Anoitecer";"Crescente";"Céu Claro";"Simples";"Reta";"Não";1;0;0;1;0;0;1;1;-10,89822496;-55,19905884;"SPRF-MT";"DEL06-MT";"UOP02-DEL06-MT"
229591;2019-08-18;"domingo";"18:40:00";"SP";116;145,9;"SAO JOSE DOS CAMPOS";"Falta de Atenção à Condução";"Colisão traseira";"Com Vítimas Feridas";"Plena Noite";"Decrescente";"Céu Claro";"Dupla";"Reta";"Sim";3;0;1;0;2;0;1;2;-23,1869844;-45,8548078;"SPRF-SP";"DEL02-SP";"UOP01-DEL02-SP"
229592;2019-08-18;"domingo";"18:45:00";"RN";101;72,7;"NATAL";"Desobediência às normas de trânsito pelo condutor";"Colisão frontal";"Com Vítimas Feridas";"Plena Noite";"Decrescente";"Céu Claro";"Simples";"Interseção de Vias";"Não";3;0;1;1;1;0;2;2;-5,69866248;-35,26316835;"SPRF-RN";"DEL02-RN";"UOP01-DEL02-RN"
229593;2019-08-18;"domingo";"17:00:00";"CE";222;256,5;"COREAU";"Defeito na Via";"Queda de ocupante de veículo";"Com Vítimas Feridas";"Pleno dia";"Decrescente";"Céu Claro";"Simples";"Reta";"Não";2;0;2;0;0;0;2;1;-3,75247522;-40,61291401;"SPRF-CE";"DEL04-CE";"UOP02-DEL04-CE"
229594;2019-08-18;"domingo";"19:00:00";"RJ";116;168;"SAO JOAO DE MERITI";"Falta de Atenção à Condução";"Colisão com objeto estático";"Com Vítimas Feridas";"Plena Noite";"Crescente";"Céu Claro";"Múltipla";"Reta";"Sim";1;0;1;0;0;0;1;1;-22,819969;-43,31499997;"SPRF-RJ";"DEL01-RJ";"UOP02-DEL01-RJ"
229595;2019-08-18;"domingo";"18:00:00";"PR";467;86;"CASCAVEL";"Defeito na Via";"Queda de ocupante de veículo";"Com Vítimas Feridas";"Anoitecer";"Crescente";"Céu Claro";"Dupla";"Reta";"Sim";1;0;1;0;0;0;1;1;-24,8289;-53,6431;"SPRF-PR";"DEL04-PR";"UOP01-DEL04-PR"
229597;2019-08-18;"domingo";"18:15:00";"GO";153;228;"URUACU";"Ingestão de Álcool";"Colisão transversal";"Com Vítimas Feridas";"Anoitecer";"Decrescente";"Céu Claro";"Simples";"Reta";"Não";3;0;1;1;0;1;2;2;-14,747632;-49,25132;"SPRF-GO";"DEL07-GO";"UOP02-DEL07-GO"
229598;2019-08-18;"domingo";"19:05:00";"ES";101;122;"SOORETAMA";"Falta de Atenção à Condução";"Queda de ocupante de veículo";"Com Vítimas Feridas";"Plena Noite";"Crescente";"Céu Claro";"Simples";"Reta";"Não";2;0;2;0;0;0;2;1;-19,16016593;-40,08315314;"SPRF-ES";"DEL04-ES";"UOP01-DEL04-ES"
229599;2019-08-18;"domingo";"19:00:00";"GO";40;5,1;"VALPARAISO DE GOIAS";"Falta de Atenção à Condução";"Colisão lateral";"Com Vítimas Feridas";"Plena Noite";"Decrescente";"Céu Claro";"Dupla";"Reta";"Sim";2;0;1;0;1;0;1;2;-16,093134;-47,982236;"SPRF-DF";"DEL01-DF";"UOP01-DEL01-DF"
229600;2019-08-18;"domingo";"15:30:00";"CE";222;4;"CAUCAIA";"Desobediência às normas de trânsito pelo condutor";"Atropelamento de Pedestre";"Com Vítimas Feridas";"Pleno dia";"Decrescente";"Céu Claro";"Múltipla";"Reta";"Sim";2;0;0;1;0;1;1;2;-3,74164754;-38,60449792;"SPRF-CE";"DEL01-CE";"UOP01-DEL01-CE"
229601;2019-08-18;"domingo";"17:20:00";"CE";222;5;"CAUCAIA";"Ingestão de Álcool";"Tombamento";"Com Vítimas Feridas";"Pleno dia";"Crescente";"Céu Claro";"Simples";"Reta";"Sim";1;0;0;1;0;0;1;1;-3,74296918;-38,61330997;"SPRF-CE";"DEL01-CE";"UOP01-DEL01-CE"
229602;2019-08-18;"domingo";"18:20:00";"MG";116;646;"FERVEDOURO";"Objeto estático sobre o leito carroçável";"Colisão com objeto estático";"Com Vítimas Feridas";"Anoitecer";"Crescente";"Nublado";"Simples";"Reta";"Não";1;0;1;0;0;0;1;1;-20,687344;-42,273285;"SPRF-MG";"DEL07-MG";"UOP03-DEL07-MG"
229605;2019-08-18;"domingo";"19:10:00";"GO";153;138,4;"MARA ROSA";"Desobediência às normas de trânsito pelo condutor";"Colisão frontal";"Com Vítimas Feridas";"Plena Noite";"Crescente";"Céu Claro";"Simples";"Aclive";"Não";7;0;2;4;1;0;6;2;-13,976104;-49,090424;"SPRF-GO";"DEL07-GO";"UOP01-DEL07-GO"
229606;2019-08-18;"domingo";"17:50:00";"SC";470;126,7;"LONTRAS";"Velocidade Incompatível";"Saída de leito carroçável";"Com Vítimas Feridas";"Plena Noite";"Crescente";"Garoa/Chuvisco";"Simples";"Declive";"Sim";2;0;0;2;0;0;2;1;-27,129;-49,538277;"SPRF-SC";"DEL04-SC";"UOP02-DEL04-SC"
229607;2019-08-18;"domingo";"19:30:00";"GO";153;438,2;"ANAPOLIS";"Defeito Mecânico no Veículo";"Tombamento";"Com Vítimas Feridas";"Plena Noite";"Decrescente";"Céu Claro";"Dupla";"Reta";"Sim";2;0;2;0;0;0;2;1;-16,30234623;-48,92546654;"SPRF-GO";"DEL02-GO";"UOP01-DEL02-GO"
229608;2019-08-06;"terça-feira";"08:15:00";"PR";476;140,5;"CURITIBA";"Não guardar distância de segurança";"Colisão lateral";"Com Vítimas Feridas";"Pleno dia";"Crescente";"Céu Claro";"Múltipla";"Reta";"Sim";2;0;1;0;1;0;1;2;-25,520693;-49,294121;"SPRF-PR";"DEL01-PR";"UOP03-DEL01-PR"
229609;2019-08-18;"domingo";"19:00:00";"PR";476;115;"COLOMBO";"Falta de Atenção à Condução";"Colisão traseira";"Sem Vítimas";"Plena Noite";"Crescente";"Garoa/Chuvisco";"Simples";"Reta";"Não";2;0;0;0;2;0;0;2;-25,344196;-49,159679;"SPRF-PR";"DEL01-PR";"UOP07-DEL01-PR"
229610;2019-08-18;"domingo";"18:50:00";"DF";70;18,2;"BRASILIA";"Ingestão de Álcool";"Colisão traseira";"Sem Vítimas";"Plena Noite";"Decrescente";"Céu Claro";"Dupla";"Reta";"Não";2;0;0;0;2;0;0;2;-15,791093;-48,21096;"SPRF-DF";"DEL01-DF";"UOP02-DEL03-DF"
229611;2019-08-18;"domingo";"19:30:00";"RS";392;4;"PELOTAS";"Falta de Atenção à Condução";"Colisão transversal";"Com Vítimas Feridas";"Plena Noite";"Decrescente";"Nublado";"Simples";"Reta";"Sim";2;0;0;1;1;0;1;2;-31,772423;-52,34297;"SPRF-RS";"DEL07-RS";"UOP01-DEL07-RS"
229612;2019-08-18;"domingo";"19:35:00";"DF";40;6;"BRASILIA";"Falta de Atenção à Condução";"Colisão traseira";"Com Vítimas Feridas";"Plena Noite";"Crescente";"Céu Claro";"Dupla";"Reta";"Sim";4;0;2;0;2;0;2;2;-16,029741;-47,978867;"SPRF-DF";"DEL01-DF";"UOP01-DEL01-DF"
229613;2019-08-18;"domingo";"19:30:00";"RJ";116;122;"MAGE";"Desobediência às normas de trânsito pelo condutor";"Colisão traseira";"Com Vítimas Feridas";"Plena Noite";"Crescente";"Céu Claro";"Dupla";"Reta";"Não";3;0;2;0;1;0;2;2;-22,63509742;-43,05577963;"SPRF-RJ";"DEL04-RJ";"UOP02-DEL04-RJ"
229614;2019-08-18;"domingo";"18:45:00";"SE";101;104;"SAO CRISTOVAO";"Velocidade Incompatível";"Saída de leito carroçável";"Sem Vítimas";"Plena Noite";"Decrescente";"Céu Claro";"Dupla";"Declive";"Não";1;0;0;0;0;1;0;1;-10,95669127;-37,22726486;"SPRF-SE";"DEL02-SE";"UOP01-DEL02-SE"
229615;2019-08-18;"domingo";"18:20:00";"BA";116;633;"JAGUAQUARA";"Falta de Atenção à Condução";"Colisão lateral";"Sem Vítimas";"Plena Noite";"Crescente";"Nublado";"Simples";"Interseção de Vias";"Sim";2;0;0;0;1;1;0;2;-13,47539479;-40,03995749;"SPRF-BA";"DEL03-BA";"UOP01-DEL03-BA"
229616;2019-08-18;"domingo";"19:30:00";"RS";116;269;"CANOAS";"Falta de Atenção à Condução";"Colisão traseira";"Com Vítimas Feridas";"Plena Noite";"Crescente";"Céu Claro";"Dupla";"Reta";"Sim";3;0;1;0;2;0;1;3;-29,95942501;-51,17608515;"SPRF-RS";"DEL01-RS";"UOP01-DEL01-RS"
229618;2019-08-18;"domingo";"19:00:00";"RS";116;421,5;"CRISTAL";"Ultrapassagem Indevida";"Colisão frontal";"Com Vítimas Fatais";"Plena Noite";"Decrescente";"Garoa/Chuvisco";"Simples";"Reta";"Não";5;3;0;2;0;0;2;2;-30,96507399;-51,986572;"SPRF-RS";"DEL02-RS";"UOP03-DEL02-RS"
229619;2019-08-18;"domingo";"18:40:00";"PR";277;27,5;"MORRETES";"Animais na Pista";"Atropelamento de Animal";"Com Vítimas Feridas";"Plena Noite";"Crescente";"Nublado";"Dupla";"Curva";"Não";4;0;2;0;1;1;2;2;-25,52935033;-48,72534598;"SPRF-PR";"DEL01-PR";"UOP05-DEL01-PR"
229620;2019-08-18;"domingo";"17:40:00";"MA";222;670;"ACAILANDIA";"Falta de Atenção à Condução";"Saída de leito carroçável";"Com Vítimas Feridas";"Pleno dia";"Crescente";"Céu Claro";"Simples";"Reta";"Sim";6;0;6;0;0;0;6;1;-4,91607953;-47,42281928;"SPRF-MA";"DEL04-MA";"UOP03-DEL04-MA"
229621;2019-08-18;"domingo";"19:50:00";"GO";60;373,1;"RIO VERDE";"Velocidade Incompatível";"Capotamento";"Com Vítimas Fatais";"Plena Noite";"Decrescente";"Céu Claro";"Dupla";"Reta";"Não";2;1;0;1;0;0;1;1;-17,71239824;-50,85252643;"SPRF-GO";"DEL04-GO";"UOP01-DEL04-GO"
229622;2019-08-18;"domingo";"19:45:00";"GO";60;32;"ALEXANIA";"Não guardar distância de segurança";"Colisão traseira";"Com Vítimas Feridas";"Plena Noite";"Crescente";"Céu Claro";"Dupla";"Reta";"Sim";2;0;1;0;1;0;1;2;-16,0963;-48,5202;"SPRF-DF";"DEL01-DF";"UOP01-DEL03-DF"
229623;2019-08-18;"domingo";"20:20:00";"GO";70;7;"AGUAS LINDAS DE GOIAS";"Ingestão de Álcool";"Capotamento";"Sem Vítimas";"Plena Noite";"Crescente";"Céu Claro";"Simples";"Reta";"Sim";1;0;0;0;1;0;0;1;-15,74375533;-48,26779708;"SPRF-DF";"DEL01-DF";"UOP02-DEL03-DF"
229624;2019-08-18;"domingo";"20:00:00";"SP";153;64,1;"SAO JOSE DO RIO PRETO";"Falta de Atenção à Condução";"Tombamento";"Com Vítimas Feridas";"Plena Noite";"Decrescente";"Céu Claro";"Simples";"Curva";"Sim";1;0;0;1;0;0;1;1;-20,82919401;-49,36046325;"SPRF-SP";"DEL09-SP";"UOP01-DEL09-SP"
229625;2019-08-18;"domingo";"18:30:00";"ES";259;25,4;"COLATINA";"Falta de Atenção à Condução";"Saída de leito carroçável";"Com Vítimas Feridas";"Plena Noite";"Crescente";"Céu Claro";"Simples";"Curva";"Não";4;0;3;0;1;0;3;1;-19,61948318;-40,47748416;"SPRF-ES";"DEL02-ES";"UOP01-DEL02-ES"
229626;2019-08-18;"domingo";"20:15:00";"MG";262;509,9;"LUZ";"Falta de Atenção à Condução";"Colisão frontal";"Com Vítimas Feridas";"Plena Noite";"Crescente";"Céu Claro";"Simples";"Reta";"Não";5;0;0;4;0;1;4;3;-19,77231093;-45,51991603;"SPRF-MG";"DEL08-MG";"UOP03-DEL08-MG"
229627;2019-08-18;"domingo";"20:10:00";"PI";316;302;"PICOS";"Desobediência às normas de trânsito pelo condutor";"Colisão frontal";"Com Vítimas Feridas";"Plena Noite";"Crescente";"Céu Claro";"Simples";"Reta";"Não";2;0;1;0;0;1;1;2;-7,05586381;-41,52718398;"SPRF-PI";"DEL04-PI";"UOP01-DEL04-PI"