"id";"data_inversa";"dia_semana";"horario";"uf";"br";"km";"municipio";"causa_acidente";"tipo_acidente";"classificacao_acidente";"fase_dia";"sentido_via";"condicao_metereologica";"tipo_pista";"tracado_via";"uso_solo";"pessoas";"mortos";"feridos_leves";"feridos_graves";"ilesos";"ignorados";"feridos";"veiculos";"latitude";"longitude";"regional";"delegacia";"uop"
229628;2019-08-18;"domingo";"11:10:00";"SC";116;107;"SANTA CECILIA";"Velocidade Incompatível";"Saída de leito carroçável";"Com Vítimas Feridas";"Pleno dia";"Crescente";"Nublado";"Múltipla";"Curva;Aclive";"Não";1;0;1;0;0;0;1;1;-26,75568818;-50,32812388;"SPRF-SC";"DEL06-SC";"UOP02-DEL06-SC"
229629;2019-08-18;"domingo";"20:05:00";"GO";60;69;"ABADIANIA";"Ingestão de Álcool";"Saída de leito carroçável";"Com Vítimas Feridas";"Plena Noite";"Crescente";"Céu Claro";"Dupla";"Reta";"Não";1;0;1;0;0;0;1;1;-16,2372;-48,7592;"SPRF-GO";"DEL02-GO";"UOP01-DEL02-GO"
229630;2019-08-18;"domingo";"18:00:00";"MG";381;294;"ANTONIO DIAS";"Ingestão de Álcool";"Colisão frontal";"Sem Vítimas";"Anoitecer";"Decrescente";"Céu Claro";"Simples";"Curva";"Não";4;0;0;0;4;0;0;3;-19,63913365;-42,82033704;"SPRF-MG";"DEL03-MG";"UOP02-DEL03-MG"
229631;2019-08-18;"domingo";"15:20:00";"SC";280;93;"CORUPA";"Pista Escorregadia";"Queda de ocupante de veículo";"Com Vítimas Feridas";"Pleno dia";"Decrescente";"Chuva";"Simples";"Reta";"Não";1;0;1;0;0;0;1;1;-26,39962904;-49,29783103;"SPRF-SC";"DEL06-SC";"UOP03-DEL06-SC"
229633;2019-08-18;"domingo";"19:10:00";"SC";282;100,7;"ALFREDO WAGNER";"Velocidade Incompatível";"Colisão frontal";"Com Vítimas Feridas";"Plena Noite";"Crescente";"Chuva";"Simples";"Curva";"Não";4;0;1;2;1;0;3;3;-27,698915;-49,297039;"SPRF-SC";"DEL01-SC";"UOP03-DEL01-SC"
229634;2019-08-18;"domingo";"20:30:00";"PE";110;139,3;"IBIMIRIM";"Animais na Pista";"Atropelamento de Animal";"Com Vítimas Feridas";"Plena Noite";"Crescente";"Nublado";"Simples";"Reta";"Não";2;0;1;0;1;0;1;1;-8,5108371;-37,62351999;"SPRF-PE";"DEL03-PE";"UOP02-DEL03-PE"
229635;2019-08-18;"domingo";"08:00:00";"RS";392;62;"PELOTAS";"Falta de Atenção à Condução";"Saída de leito carroçável";"Sem Vítimas";"Pleno dia";"Crescente";"Céu Claro";"Simples";"Curva";"Sim";1;0;0;0;1;0;0;1;-31,77948;-52,359173;"SPRF-RS";"DEL07-RS";"UOP01-DEL07-RS"
229636;2019-08-18;"domingo";"21:20:00";"PE";232;11;"JABOATAO DOS GUARARAPES";"Falta de Atenção à Condução";"Colisão traseira";"Sem Vítimas";"Plena Noite";"Decrescente";"Chuva";"Dupla";"Curva";"Não";2;0;0;0;2;0;0;2;-8,07917241;-34,98718609;"SPRF-PE";"DEL01-PE";"UOP01-DEL01-PE"
229638;2019-08-18;"domingo";"20:45:00";"SC";101;235,1;"PALHOCA";"Desobediência às normas de trânsito pelo condutor";"Saída de leito carroçável";"Com Vítimas Feridas";"Plena Noite";"Decrescente";"Chuva";"Dupla";"Reta";"Sim";2;0;1;0;1;0;1;1;-27,8177775;-48,6315025;"SPRF-SC";"DEL01-SC";"UOP02-DEL01-SC"
229639;2019-08-18;"domingo";"20:05:00";"PR";476;145;"CURITIBA";"Falta de Atenção à Condução";"Saída de leito carroçável";"Sem Vítimas";"Plena Noite";"Decrescente";"Chuva";"Dupla";"Reta";"Sim";1;0;0;0;1;0;0;1;-25,547749;-49,32095;"SPRF-PR";"DEL01-PR";"UOP06-DEL01-PR"
229640;2019-08-18;"domingo";"20:40:00";"GO";50;119,1;"CRISTALINA";"Desobediência às normas de trânsito pelo condutor";"Saída de leito carroçável";"Com Vítimas Feridas";"Plena Noite";"Crescente";"Céu Claro";"Múltipla";"Viaduto";"Sim";3;0;2;0;0;1;2;1;-16,92873443;-47,70572662;"SPRF-DF";"DEL01-DF";"UOP02-DEL01-DF"
229641;2019-08-18;"domingo";"21:15:00";"RJ";116;176;"NOVA IGUACU";"Falta de Atenção do Pedestre";"Atropelamento de Pedestre";"Com Vítimas Feridas";"Plena Noite";"Crescente";"Céu Claro";"Dupla";"Reta";"Sim";2;0;1;0;1;0;1;2;-22,7839538;-43,38195488;"SPRF-RJ";"DEL01-RJ";"UOP02-DEL01-RJ"
229642;2019-08-18;"domingo";"20:30:00";"CE";116;2;"FORTALEZA";"Falta de Atenção do Pedestre";"Atropelamento de Pedestre";"Com Vítimas Feridas";"Plena Noite";"Crescente";"Céu Claro";"Múltipla";"Reta";"Sim";3;0;2;1;0;0;3;2;-3,77019802;-38,51724508;"SPRF-CE";"DEL01-CE";"UOP02-DEL01-CE"
229645;2019-08-18;"domingo";"21:40:00";"RJ";393;210;"VASSOURAS";"Falta de Atenção à Condução";"Tombamento";"Com Vítimas Feridas";"Plena Noite";"Crescente";"Nublado";"Simples";"Reta";"Não";1;0;1;0;0;0;1;1;-22,25996716;-43,44768778;"SPRF-RJ";"DEL05-RJ";"UOP03-DEL05-RJ"
229647;2019-08-18;"domingo";"19:20:00";"MG";116;545,6;"SANTA RITA DE MINAS";"Desobediência às normas de trânsito pelo condutor";"Colisão lateral";"Com Vítimas Feridas";"Plena Noite";"Crescente";"Céu Claro";"Simples";"Reta";"Não";3;0;0;2;1;0;2;2;-19,92809401;-42,13103837;"SPRF-MG";"DEL06-MG";"UOP02-DEL06-MG"
229648;2019-08-18;"domingo";"18:23:00";"SC";282;576;"PINHALZINHO";"Falta de Atenção à Condução";"Colisão transversal";"Com Vítimas Feridas";"Plena Noite";"Decrescente";"Nublado";"Simples";"Reta";"Não";4;0;4;0;0;0;4;2;-26,856054;-52,98011;"SPRF-SC";"DEL07-SC";"UOP02-DEL07-SC"
229649;2019-08-18;"domingo";"21:10:00";"ES";101;339,3;"GUARAPARI";"Ingestão de Álcool";"Saída de leito carroçável";"Sem Vítimas";"Plena Noite";"Crescente";"Céu Claro";"Simples";"Ponte";"Não";1;0;0;0;1;0;0;1;-20,64347205;-40,55826601;"SPRF-ES";"DEL03-ES";"UOP01-DEL03-ES"
229651;2019-08-18;"domingo";"21:40:00";"PA";230;118;"MARABA";"Falta de Atenção à Condução";"Colisão traseira";"Com Vítimas Feridas";"Plena Noite";"Decrescente";"Céu Claro";"Dupla";"Reta;Declive";"Sim";2;0;2;0;0;0;2;2;-5,35193706;-49,09794103;"SPRF-PA";"DEL03-PA";"UOP01-DEL03-PA"
229654;2019-08-18;"domingo";"22:00:00";"MG";381;5;"BETIM";"Ingestão de Álcool";"Capotamento";"Com Vítimas Feridas";"Plena Noite";"Crescente";"Céu Claro";"Dupla";"Reta";"Não";2;0;2;0;0;0;2;1;-19,9888363;-44,18804169;"SPRF-MG";"DEL01-MG";"UOP03-DEL01-MG"
229655;2019-08-18;"domingo";"21:20:00";"MG";40;514,9;"RIBEIRAO DAS NEVES";"Falta de Atenção à Condução";"Colisão traseira";"Com Vítimas Feridas";"Plena Noite";"Crescente";"Céu Claro";"Dupla";"Reta";"Não";5;0;3;0;2;0;3;2;-19,80151928;-44,10000333;"SPRF-MG";"DEL01-MG";"UOP02-DEL01-MG"
229656;2019-08-18;"domingo";"17:30:00";"RS";285;590,2;"BOSSOROCA";"Velocidade Incompatível";"Saída de leito carroçável";"Com Vítimas Fatais";"Pleno dia";"Crescente";"Céu Claro";"Simples";"Reta";"Não";2;1;0;0;0;1;0;2;-28,477087;-55,183197;"SPRF-RS";"DEL12-RS";"UOP01-DEL12-RS"
229657;2019-08-18;"domingo";"16:20:00";"SC";282;561,9;"NOVA ERECHIM";"Velocidade Incompatível";"Colisão traseira";"Com Vítimas Feridas";"Plena Noite";"Crescente";"Nublado";"Simples";"Aclive";"Não";3;0;0;1;2;0;1;2;-26,919464;-52,861614;"SPRF-SC";"DEL07-SC";"UOP02-DEL07-SC"
229658;2019-08-18;"domingo";"22:25:00";"SC";101;209;"SAO JOSE";"Falta de Atenção à Condução";"Colisão traseira";"Sem Vítimas";"Plena Noite";"Decrescente";"Garoa/Chuvisco";"Dupla";"Reta";"Sim";2;0;0;0;2;0;0;2;-27,61000542;-48,63895057;"SPRF-SC";"DEL01-SC";"UOP01-DEL01-SC"
229659;2019-08-18;"domingo";"16:15:00";"MA";222;671;"ACAILANDIA";"Não guardar distância de segurança";"Colisão traseira";"Com Vítimas Feridas";"Pleno dia";"Decrescente";"Céu Claro";"Múltipla";"Reta";"Sim";3;0;1;0;2;0;1;2;-4,92058223;-47,43051387;"SPRF-MA";"DEL04-MA";"UOP03-DEL04-MA"
229660;2019-08-18;"domingo";"18:25:00";"MA";10;240,4;"DAVINOPOLIS";"Ingestão de Álcool";"Colisão traseira";"Com Vítimas Feridas";"Anoitecer";"Crescente";"Céu Claro";"Simples";"Reta";"Não";10;0;2;2;6;0;4;2;-5,625862;-47,408913;"SPRF-MA";"DEL04-MA";"UOP01-DEL04-MA"
229661;2019-08-18;"domingo";"20:55:00";"BA";324;555;"AMELIA RODRIGUES";"Falta de Atenção à Condução";"Colisão traseira";"Sem Vítimas";"Plena Noite";"Crescente";"Nublado";"Dupla";"Reta";"Não";3;0;0;0;2;1;0;3;-12,46574407;-38,68963508;"SPRF-BA";"DEL01-BA";"UOP01-DEL01-BA"
229662;2019-08-18;"domingo";"22:05:00";"SC";470;134;"RIO DO SUL";"Defeito na Via";"Saída de leito carroçável";"Com Vítimas Feridas";"Plena Noite";"Crescente";"Chuva";"Simples";"Rotatória";"Sim";3;0;2;0;1;0;2;1;-27,181854;-49,600128;"SPRF-SC";"DEL04-SC";"UOP02-DEL04-SC"
229663;2019-08-18;"domingo";"22:45:00";"SP";153;215,6;"MARILIA";"Falta de Atenção à Condução";"Atropelamento de Pedestre";"Com Vítimas Feridas";"Plena Noite";"Decrescente";"Nublado";"Simples";"Aclive";"Não";3;0;1;0;0;2;1;2;-21,95289098;-49,92255022;"SPRF-SP";"DEL07-SP";"UOP02-DEL07-SP"
229664;2019-08-18;"domingo";"21:00:00";"SC";101;186;"BIGUACU";"Ingestão de Álcool";"Colisão com objeto estático";"Sem Vítimas";"Plena Noite";"Decrescente";"Céu Claro";"Dupla";"Curva";"Não";2;0;0;0;2;0;0;2;-27,4341098;-48,62567129;"SPRF-SC";"DEL01-SC";"UOP01-DEL01-SC"
229665;2019-08-18;"domingo";"23:00:00";"RJ";40;109;"DUQUE DE CAXIAS";"Falta de Atenção à Condução";"Colisão transversal";"Com Vítimas Feridas";"Plena Noite";"Decrescente";"Céu Claro";"Múltipla";"Reta";"Sim";3;0;2;0;0;1;2;2;-22,67374628;-43,28638368;"SPRF-RJ";"DEL01-RJ";"UOP01-DEL01-RJ"
229666;2019-08-18;"domingo";"21:50:00";"RJ";116;66;"TERESOPOLIS";"Falta de Atenção à Condução";"Colisão transversal";"Com Vítimas Feridas";"Plena Noite";"Crescente";"Nublado";"Simples";"Reta";"Não";2;0;0;1;1;0;1;2;-22,28530513;-42,9306046;"SPRF-RJ";"DEL04-RJ";"UOP01-DEL04-RJ"
229670;2019-08-18;"domingo";"21:45:00";"SP";116;54,7;"LORENA";"Falta de Atenção à Condução";"Colisão traseira";"Com Vítimas Feridas";"Plena Noite";"Crescente";"Céu Claro";"Dupla";"Reta";"Não";3;0;1;0;2;0;1;2;-22,75803895;-45,11508003;"SPRF-SP";"DEL08-SP";"UOP01-DEL08-SP"
229671;2019-08-18;"domingo";"23:20:00";"PR";376;4,5;"APUCARANA";"Mal Súbito";"Queda de ocupante de veículo";"Com Vítimas Feridas";"Plena Noite";"Crescente";"Nublado";"Simples";"Reta";"Sim";1;0;1;0;0;0;1;1;-23,5513;-51,461266;"SPRF-PR";"DEL07-PR";"UOP01-DEL09-PR"
229672;2019-08-18;"domingo";"21:40:00";"SC";101;298;"IMBITUBA";"Falta de Atenção do Pedestre";"Atropelamento de Pedestre";"Com Vítimas Feridas";"Plena Noite";"Crescente";"Garoa/Chuvisco";"Dupla";"Reta";"Não";3;0;0;1;1;1;1;2;-28,32102597;-48,72829906;"SPRF-SC";"DEL02-SC";"UOP03-DEL02-SC"
229673;2019-08-18;"domingo";"19:55:00";"PR";116;14,6;"CAMPINA GRANDE DO SUL";"Velocidade Incompatível";"Saída de leito carroçável";"Com Vítimas Feridas";"Plena Noite";"Crescente";"Garoa/Chuvisco";"Dupla";"Curva";"Não";2;0;1;0;1;0;1;1;-25,09836429;-48,67391969;"SPRF-PR";"DEL01-PR";"UOP02-DEL01-PR"
229674;2019-08-18;"domingo";"23:50:00";"PR";467;75;"TOLEDO";"Ingestão de Álcool";"Saída de leito carroçável";"Com Vítimas Feridas";"Plena Noite";"Crescente";"Céu Claro";"Simples";"Interseção de Vias";"Não";5;0;3;2;0;0;5;1;-24,7493;-53,6949;"SPRF-PR";"DEL04-PR";"UOP01-DEL04-PR"
229675;2019-08-18;"domingo";"23:09:00";"RS";392;273,9;"SAO SEPE";"Falta de Atenção à Condução";"Saída de leito carroçável";"Com Vítimas Feridas";"Plena Noite";"Decrescente";"Céu Claro";"Simples";"Curva";"Não";2;0;2;0;0;0;2;1;-30,36707982;-53,5169419;"SPRF-RS";"DEL09-RS";"UOP02-DEL09-RS"
229676;2019-08-18;"domingo";"00:10:00";"SC";101;328;"TUBARAO";"Falta de Atenção à Condução";"Saída de leito carroçável";"Com Vítimas Feridas";"Plena Noite";"Crescente";"Chuva";"Dupla";"Reta";"Sim";1;0;1;0;0;0;1;1;-28,43648094;-48,95989307;"SPRF-SC";"DEL02-SC";"UOP01-DEL02-SC"
229678;2019-08-18;"domingo";"23:40:00";"PI";343;600,5;"FLORIANO";"Ingestão de Álcool";"Colisão transversal";"Com Vítimas Feridas";"Plena Noite";"Crescente";"Céu Claro";"Simples";"Reta";"Sim";3;0;2;0;1;0;2;2;-6,833065;-43,071575;"SPRF-PI";"DEL03-PI";"UOP01-DEL03-PI"
229679;2019-08-19;"segunda-feira";"00:35:00";"SC";101;123,2;"ITAJAI";"Ingestão de Álcool";"Tombamento";"Com Vítimas Feridas";"Plena Noite";"Decrescente";"Garoa/Chuvisco";"Simples";"Interseção de Vias";"Sim";1;0;1;0;0;0;1;1;-26,93668609;-48,69876905;"SPRF-SC";"DEL04-SC";"UOP04-DEL04-SC"
229680;2019-08-19;"segunda-feira";"00:30:00";"BA";324;622;"SALVADOR";"Não guardar distância de segurança";"Colisão traseira";"Sem Vítimas";"Plena Noite";"Crescente";"Céu Claro";"Dupla";"Reta";"Sim";2;0;0;0;1;1;0;2;-12,91888605;-38,46502095;"SPRF-BA";"DEL01-BA";"UOP01-DEL01-BA"
229681;2019-08-18;"domingo";"22:30:00";"MG";116;147,2;"PONTO DOS VOLANTES";"Condutor Dormindo";"Saída de leito carroçável";"Com Vítimas Feridas";"Plena Noite";"Crescente";"Céu Claro";"Simples";"Reta";"Não";1;0;1;0;0;0;1;1;-16,82766499;-41,47435201;"SPRF-MG";"DEL11-MG";"UOP02-DEL11-MG"
229685;2019-08-19;"segunda-feira";"00:40:00";"RS";285;306,5;"PASSO FUNDO";"Ingestão de Álcool";"Saída de leito carroçável";"Sem Vítimas";"Plena Noite";"Crescente";"Nublado";"Simples";"Reta";"Não";1;0;0;0;1;0;0;1;-28,228838;-52,497044;"SPRF-RS";"DEL08-RS";"UOP03-DEL08-RS"
229686;2019-08-18;"domingo";"20:00:00";"TO";226;4;"AGUIARNOPOLIS";"Ingestão de Álcool";"Queda de ocupante de veículo";"Com Vítimas Feridas";"Plena Noite";"Crescente";"Céu Claro";"Simples";"Reta";"Não";1;0;1;0;0;0;1;1;-6,567883;-47,492516;"SPRF-TO";"DEL02-TO";"UOP03-DEL02-TO"
229687;2019-08-19;"segunda-feira";"02:50:00";"SE";235;73,1;"FREI PAULO";"Animais na Pista";"Atropelamento de Animal";"Com Vítimas Feridas";"Plena Noite";"Crescente";"Nevoeiro/Neblina";"Simples";"Reta";"Sim";2;0;2;0;0;0;2;1;-10,545807;-37,53688;"SPRF-SE";"DEL01-SE";"UOP02-DEL01-SE"
229688;2019-08-18;"domingo";"23:30:00";"RR";432;199;"CANTA";"Ingestão de Álcool";"Saída de leito carroçável";"Sem Vítimas";"Plena Noite";"Decrescente";"Céu Claro";"Simples";"Reta";"Não";1;0;0;0;0;1;0;1;2,67803291;-60,59554924;"SPRF-RR";"DEL01-RR";"UOP01-DEL01-RR"
229689;2019-08-18;"domingo";"19:00:00";"CE";230;107,5;"FARIAS BRITO";"Sinalização da via insuficiente ou inadequada";"Colisão frontal";"Com Vítimas Fatais";"Plena Noite";"Crescente";"Céu Claro";"Simples";"Em Obras;Reta";"Não";5;1;0;3;0;1;3;3;-6,87843643;-39,51314226;"SPRF-CE";"DEL05-CE";"UOP01-DEL05-CE"
229692;2019-08-19;"segunda-feira";"02:10:00";"MA";135;8,4;"SAO LUIS";"Falta de Atenção do Pedestre";"Atropelamento de Pedestre";"Com Vítimas Fatais";"Plena Noite";"Decrescente";"Ignorado";"Dupla";"Reta";"Não";2;1;0;0;0;1;0;2;-2,53073;-44,3068;"SPRF-MA";"DEL01-MA";"UOP01-DEL01-MA"
229695;2019-08-19;"segunda-feira";"04:20:00";"RJ";116;176,5;"NOVA IGUACU";"Falta de Atenção à Condução";"Colisão traseira";"Com Vítimas Feridas";"Plena Noite";"Decrescente";"Céu Claro";"Múltipla";"Reta";"Sim";2;0;1;0;1;0;1;2;-22,7839538;-43,38195488;"SPRF-RJ";"DEL01-RJ";"UOP02-DEL01-RJ"
229697;2019-08-19;"segunda-feira";"05:30:00";"PR";116;121,1;"CURITIBA";"Pista Escorregadia";"Colisão com objeto estático";"Com Vítimas Feridas";"Amanhecer";"Decrescente";"Chuva";"Dupla";"Reta";"Sim";1;0;1;0;0;0;1;1;-25,59505184;-49,31612492;"SPRF-PR";"DEL01-PR";"UOP03-DEL01-PR"
229698;2019-08-19;"segunda-feira";"05:45:00";"RN";406;88;"JOAO CAMARA";"Animais na Pista";"Atropelamento de Animal";"Com Vítimas Fatais";"Amanhecer";"Decrescente";"Céu Claro";"Simples";"Declive";"Não";1;1;0;0;0;0;0;1;-5,46925663;-35,92600272;"SPRF-RN";"DEL02-RN";"UOP01-DEL02-RN"
229700;2019-08-18;"domingo";"23:39:00";"RN";405;72;"APODI";"Falta de Atenção à Condução";"Colisão frontal";"Com Vítimas Fatais";"Plena Noite";"Crescente";"Céu Claro";"Simples";"Reta";"Não";2;1;0;0;1;0;0;2;-5,62112166;-37,79091547;"SPRF-RN";"DEL04-RN";"UOP02-DEL04-RN"
229702;2019-08-19;"segunda-feira";"01:30:00";"SC";282;20,2;"PALHOCA";"Velocidade Incompatível";"Saída de leito carroçável";"Com Vítimas Fatais";"Plena Noite";"Crescente";"Chuva";"Simples";"Curva";"Sim";1;1;0;0;0;0;0;1;-27,683958;-48,71006;"SPRF-SC";"DEL01-SC";"UOP02-DEL01-SC"
229703;2019-08-18;"domingo";"23:20:00";"SP";116;546;"BARRA DO TURVO";"Velocidade Incompatível";"Capotamento";"Com Vítimas Feridas";"Plena Noite";"Crescente";"Chuva";"Dupla";"Curva";"Não";5;0;2;0;2;1;2;2;-24,9470862;-48,43042095;"SPRF-SP";"DEL05-SP";"UOP02-DEL05-SP"
229704;2019-08-19;"segunda-feira";"06:35:00";"MG";381;484,7;"BETIM";"Não guardar distância de segurança";"Colisão traseira";"Com Vítimas Feridas";"Pleno dia";"Decrescente";"Céu Claro";"Dupla";"Reta";"Não";4;0;1;0;3;0;1;2;-19,95531717;-44,11722196;"SPRF-MG";"DEL01-MG";"UOP03-DEL01-MG"
229705;2019-08-19;"segunda-feira";"06:30:00";"AL";104;92,8;"RIO LARGO";"Falta de Atenção à Condução";"Colisão traseira";"Com Vítimas Feridas";"Pleno dia";"Crescente";"Céu Claro";"Dupla";"Reta";"Sim";2;0;0;1;1;0;1;2;-9,51818474;-35,80329441;"SPRF-AL";"DEL01-AL";"UOP01-DEL01-AL"
229706;2019-08-19;"segunda-feira";"06:45:00";"RJ";493;20;"MAGE";"Falta de Atenção do Pedestre";"Atropelamento de Pedestre";"Com Vítimas Feridas";"Pleno dia";"Crescente";"Nublado";"Simples";"Reta";"Sim";2;0;1;0;1;0;1;2;-22,6663848;-43,02770248;"SPRF-RJ";"DEL04-RJ";"UOP02-DEL04-RJ"
229707;2019-08-19;"segunda-feira";"06:55:00";"CE";222;3,8;"CAUCAIA";"Não guardar distância de segurança";"Colisão traseira";"Com Vítimas Feridas";"Pleno dia";"Crescente";"Céu Claro";"Dupla";"Reta";"Sim";2;0;0;1;1;0;1;2;-3,7403769;-38,59569202;"SPRF-CE";"DEL01-CE";"UOP01-DEL01-CE"
229709;2019-08-19;"segunda-feira";"07:00:00";"SP";116;210;"GUARULHOS";"Não guardar distância de segurança";"Colisão traseira";"Com Vítimas Feridas";"Pleno dia";"Crescente";"Céu Claro";"Dupla";"Reta";"Sim";2;0;1;0;1;0;1;2;-23,42870023;-46,41085991;"SPRF-SP";"DEL01-SP";"UOP01-DEL01-SP"
229710;2019-08-19;"segunda-feira";"07:10:00";"RJ";101;474,8;"ANGRA DOS REIS";"Animais na Pista";"Atropelamento de Animal";"Com Vítimas Feridas";"Pleno dia";"Decrescente";"Nublado";"Simples";"Reta";"Sim";1;0;1;0;0;0;1;1;-22,99498627;-44,24919963;"SPRF-RJ";"DEL03-RJ";"UOP03-DEL03-RJ"
229713;2019-08-19;"segunda-feira";"05:00:00";"RO";364;341,4;"JI-PARANA";"Falta de Atenção à Condução";"Queda de ocupante de veículo";"Com Vítimas Feridas";"Amanhecer";"Decrescente";"Céu Claro";"Dupla";"Reta";"Sim";1;0;1;0;0;0;1;1;-10,88987987;-61,93126772;"SPRF-RO";"DEL02-RO";"UOP01-DEL02-RO"
229714;2019-08-19;"segunda-feira";"06:30:00";"MG";381;484,5;"BETIM";"Não guardar distância de segurança";"Colisão traseira";"Sem Vítimas";"Pleno dia";"Decrescente";"Céu Claro";"Dupla";"Reta";"Sim";2;0;0;0;2;0;0;2;-19,95531717;-44,11722196;"SPRF-MG";"DEL01-MG";"UOP03-DEL01-MG"
229715;2019-08-19;"segunda-feira";"07:38:00";"PB";230;21,5;"JOAO PESSOA";"Não guardar distância de segurança";"Colisão traseira";"Sem Vítimas";"Pleno dia";"Decrescente";"Nublado";"Dupla";"Reta";"Sim";2;0;0;0;2;0;0;2;-7,1415;-34,8519;"SPRF-PB";"DEL01-PB";"UOP01-DEL01-PB"
229716;2019-08-19;"segunda-feira";"07:30:00";"SP";116;145,4;"SAO JOSE DOS CAMPOS";"Falta de Atenção à Condução";"Colisão lateral";"Com Vítimas Feridas";"Pleno dia";"Crescente";"Céu Claro";"Múltipla";"Reta";"Não";2;0;1;0;1;0;1;2;-23,1869844;-45,8548078;"SPRF-SP";"DEL02-SP";"UOP01-DEL02-SP"
229717;2019-08-19;"segunda-feira";"07:30:00";"GO";60;36;"GOIANIA";"Falta de Atenção à Condução";"Queda de ocupante de veículo";"Com Vítimas Feridas";"Pleno dia";"Decrescente";"Céu Claro";"Dupla";"Curva";"Sim";1;0;1;0;0;0;1;1;-16,6777;-49,2676;"SPRF-GO";"DEL01-GO";"UOP02-DEL01-GO"
229719;2019-08-19;"segunda-feira";"07:45:00";"SC";101;209;"SAO JOSE";"Falta de Atenção à Condução";"Queda de ocupante de veículo";"Com Vítimas Feridas";"Pleno dia";"Crescente";"Nublado";"Dupla";"Viaduto";"Sim";2;0;1;0;1;0;1;1;-27,61000542;-48,63895057;"SPRF-SC";"DEL01-SC";"UOP01-DEL01-SC"
229721;2019-08-19;"segunda-feira";"07:00:00";"SC";101;102,6;"BALNEARIO PICARRAS";"Falta de Atenção à Condução";"Colisão traseira";"Com Vítimas Feridas";"Pleno dia";"Crescente";"Garoa/Chuvisco";"Dupla";"Curva";"Não";2;0;1;0;0;1;1;2;-26,77383397;-48,68594062;"SPRF-SC";"DEL03-SC";"UOP02-DEL03-SC"
229722;2019-08-19;"segunda-feira";"08:15:00";"PR";153;331,4;"IRATI";"Falta de Atenção à Condução";"Colisão traseira";"Com Vítimas Feridas";"Pleno dia";"Crescente";"Chuva";"Dupla";"Rotatória";"Sim";2;0;1;0;1;0;1;2;-25,46422849;-50,62921643;"SPRF-PR";"DEL03-PR";"UOP02-DEL08-PR"
229723;2019-08-19;"segunda-feira";"07:40:00";"SC";116;103,5;"MONTE CASTELO";"Condutor Dormindo";"Saída de leito carroçável";"Com Vítimas Feridas";"Pleno dia";"Decrescente";"Chuva";"Simples";"Curva";"Não";1;0;1;0;0;0;1;1;-26,7337591;-50,31370975;"SPRF-SC";"DEL06-SC";"UOP02-DEL06-SC"
229724;2019-08-19;"segunda-feira";"06:50:00";"PE";101;110;"CABO DE SANTO AGOSTINHO";"Velocidade Incompatível";"Colisão traseira";"Sem Vítimas";"Pleno dia";"Crescente";"Nublado";"Dupla";"Reta";"Não";2;0;0;0;2;0;0;2;-8,31648181;-35,10571612;"SPRF-PE";"DEL01-PE";"UOP03-DEL01-PE"
229725;2019-08-19;"segunda-feira";"08:30:00";"GO";153;495,7;"GOIANIA";"Pista Escorregadia";"Tombamento";"Com Vítimas Feridas";"Pleno dia";"Crescente";"Céu Claro";"Dupla";"Reta";"Sim";1;0;1;0;0;0;1;1;-16,6681;-49,2263;"SPRF-GO";"DEL01-GO";"UOP01-DEL01-GO"
229726;2019-08-19;"segunda-feira";"07:55:00";"SC";101;120,5;"ITAJAI";"Não guardar distância de segurança";"Colisão traseira";"Com Vítimas Feridas";"Pleno dia";"Crescente";"Garoa/Chuvisco";"Dupla";"Reta";"Sim";4;0;2;0;2;0;2;3;-26,912758;-48,711998;"SPRF-SC";"DEL04-SC";"UOP04-DEL04-SC"
229727;2019-08-19;"segunda-feira";"08:25:00";"SC";101;3,5;"FLORIANOPOLIS";"Desobediência às normas de trânsito pelo condutor";"Colisão traseira";"Com Vítimas Feridas";"Pleno dia";"Decrescente";"Nublado";"Múltipla";"Reta";"Sim";3;0;1;0;2;0;1;3;-27,60238299;-48,5968852;"SPRF-SC";"DEL03-SC";"UOP01-DEL03-SC"
229728;2019-08-19;"segunda-feira";"07:40:00";"PB";230;19;"JOAO PESSOA";"Não guardar distância de segurança";"Colisão traseira";"Com Vítimas Feridas";"Pleno dia";"Crescente";"Nublado";"Dupla";"Aclive;Reta";"Sim";4;0;2;0;1;1;2;2;-7,1281;-34,8466;"SPRF-PB";"DEL01-PB";"UOP01-DEL01-PB"
229729;2019-08-19;"segunda-feira";"08:05:00";"MG";365;613;"UBERLANDIA";"Falta de Atenção à Condução";"Colisão lateral";"Com Vítimas Feridas";"Pleno dia";"Crescente";"Céu Claro";"Dupla";"Reta";"Sim";1;0;1;0;0;0;1;1;-18,9365511;-48,20667744;"SPRF-MG";"DEL15-MG";"UOP01-DEL15-MG"
229730;2019-08-19;"segunda-feira";"08:20:00";"BA";324;1,7;"FEIRA DE SANTANA";"Falta de Atenção à Condução";"Colisão traseira";"Sem Vítimas";"Pleno dia";"Decrescente";"Céu Claro";"Dupla";"Declive";"Sim";2;0;0;0;2;0;0;2;-12,28200425;-38,94510811;"SPRF-BA";"DEL02-BA";"UOP01-DEL02-BA"
229731;2019-08-19;"segunda-feira";"08:21:00";"BA";324;1,7;"FEIRA DE SANTANA";"Não guardar distância de segurança";"Tombamento";"Com Vítimas Feridas";"Pleno dia";"Decrescente";"Céu Claro";"Dupla";"Declive";"Sim";1;0;1;0;0;0;1;1;-12,28200425;-38,94510811;"SPRF-BA";"DEL02-BA";"UOP01-DEL02-BA"