"id";"data_inversa";"dia_semana";"horario";"uf";"br";"km";"municipio";"causa_acidente";"tipo_acidente";"classificacao_acidente";"fase_dia";"sentido_via";"condicao_metereologica";"tipo_pista";"tracado_via";"uso_solo";"pessoas";"mortos";"feridos_leves";"feridos_graves";"ilesos";"ignorados";"feridos";"veiculos";"latitude";"longitude";"regional";"delegacia";"uop"
229736;2019-08-19;"segunda-feira";"08:20:00";"PR";376;592,1;"CURITIBA";"Velocidade Incompatível";"Saída de leito carroçável";"Com Vítimas Feridas";"Pleno dia";"Decrescente";"Chuva";"Dupla";"Reta";"Sim";2;0;2;0;0;0;2;1;-25,46833525;-49,35524543;"SPRF-PR";"DEL01-PR";"UOP06-DEL01-PR"
229738;2019-08-19;"segunda-feira";"09:00:00";"SP";116;489;"CAJATI";"Falta de Atenção à Condução";"Saída de leito carroçável";"Sem Vítimas";"Pleno dia";"Crescente";"Chuva";"Dupla";"Curva";"Sim";2;0;0;0;0;2;0;1;-24,73034183;-48,10760707;"SPRF-SP";"DEL05-SP";"UAP01-DEL05-SP"
229739;2019-08-19;"segunda-feira";"04:51:00";"MG";40;62,7;"PARACATU";"Ultrapassagem Indevida";"Colisão frontal";"Com Vítimas Fatais";"Plena Noite";"Decrescente";"Ignorado";"Simples";"Curva;Declive";"Não";4;1;3;0;0;0;3;2;-17,33582003;-46,75816707;"SPRF-MG";"DEL14-MG";"UOP01-DEL14-MG"
229745;2019-08-19;"segunda-feira";"09:30:00";"GO";40;106,2;"CRISTALINA";"Defeito Mecânico no Veículo";"Saída de leito carroçável";"Sem Vítimas";"Pleno dia";"Decrescente";"Céu Claro";"Dupla";"Reta";"Não";2;0;0;0;2;0;0;1;-16,82722;-47,543386;"SPRF-DF";"DEL01-DF";"UOP02-DEL01-DF"
229746;2019-08-19;"segunda-feira";"09:25:00";"PR";116;17;"CURITIBA";"Falta de Atenção à Condução";"Engavetamento";"Com Vítimas Feridas";"Pleno dia";"Crescente";"Chuva";"Dupla";"Reta";"Não";3;0;1;0;2;0;1;3;-25,389;-49,1867;"SPRF-PR";"DEL01-PR";"UOP01-DEL01-PR"
229751;2019-08-19;"segunda-feira";"08:45:00";"MA";230;406;"BALSAS";"Desobediência às normas de trânsito pelo condutor";"Colisão transversal";"Com Vítimas Feridas";"Pleno dia";"Decrescente";"Céu Claro";"Simples";"Reta";"Sim";3;0;2;0;1;0;2;2;-7,51971965;-46,05845601;"SPRF-MA";"DEL05-MA";"UOP01-DEL05-MA"
229752;2019-08-19;"segunda-feira";"10:30:00";"ES";262;17,1;"VIANA";"Falta de Atenção à Condução";"Colisão lateral";"Com Vítimas Feridas";"Pleno dia";"Crescente";"Céu Claro";"Simples";"Reta";"Sim";2;0;1;0;1;0;1;2;-20,38635961;-40,47272969;"SPRF-ES";"DEL01-ES";"UOP01-DEL01-ES"
229754;2019-08-19;"segunda-feira";"09:40:00";"MA";135;20,2;"SAO LUIS";"Falta de Atenção à Condução";"Colisão com objeto estático";"Com Vítimas Feridas";"Pleno dia";"Decrescente";"Céu Claro";"Dupla";"Em Obras";"Sim";2;0;0;1;1;0;1;2;-2,73143875;-44,33163334;"SPRF-MA";"DEL01-MA";"UOP01-DEL01-MA"
229756;2019-08-19;"segunda-feira";"08:50:00";"SP";116;327;"JUQUITIBA";"Pista Escorregadia";"Colisão com objeto estático";"Com Vítimas Feridas";"Pleno dia";"Decrescente";"Chuva";"Dupla";"Curva";"Sim";1;0;1;0;0;0;1;1;-23,93596456;-47,07098892;"SPRF-SP";"DEL04-SP";"UOP03-DEL04-SP"
229758;2019-01-23;"quarta-feira";"20:35:00";"MG";116;371,1;"FREI INOCENCIO";"Animais na Pista";"Atropelamento de Animal";"Com Vítimas Feridas";"Plena Noite";"Crescente";"Ignorado";"Simples";"Curva";"Não";3;0;0;1;0;2;1;2;-18,5460679;-41,90227418;"SPRF-MG";"DEL11-MG";"UOP01-DEL11-MG"
229759;2019-08-19;"segunda-feira";"07:50:00";"MA";316;548;"CAXIAS";"Falta de Atenção à Condução";"Colisão traseira";"Com Vítimas Feridas";"Pleno dia";"Crescente";"Céu Claro";"Simples";"Reta";"Sim";4;0;1;1;0;2;2;2;-4,884605;-43,379627;"SPRF-MA";"DEL03-MA";"UOP02-DEL03-MA"
229760;2019-08-19;"segunda-feira";"11:10:00";"PR";116;73,9;"QUATRO BARRAS";"Falta de Atenção à Condução";"Saída de leito carroçável";"Com Vítimas Feridas";"Pleno dia";"Crescente";"Chuva";"Dupla";"Reta";"Não";3;0;3;0;0;0;3;1;-25,36489051;-49,04202461;"SPRF-PR";"DEL01-PR";"UOP01-DEL01-PR"
229762;2019-08-17;"sábado";"07:30:00";"RN";406;136;"TAIPU";"Não guardar distância de segurança";"Colisão traseira";"Com Vítimas Feridas";"Pleno dia";"Decrescente";"Chuva";"Simples";"Reta";"Sim";2;0;1;0;1;0;1;2;-5,6556939;-35,557435;"SPRF-RN";"DEL02-RN";"UOP01-DEL02-RN"
229763;2019-08-19;"segunda-feira";"11:30:00";"SC";470;54;"BLUMENAU";"Desobediência às normas de trânsito pelo condutor";"Colisão transversal";"Com Vítimas Feridas";"Pleno dia";"Crescente";"Chuva";"Simples";"Reta";"Não";2;0;1;0;1;0;1;2;-26,871065;-49,110374;"SPRF-SC";"DEL04-SC";"UOP01-DEL04-SC"
229764;2019-04-21;"domingo";"12:10:00";"SP";116;216;"GUARULHOS";"Não guardar distância de segurança";"Colisão traseira";"Com Vítimas Feridas";"Pleno dia";"Decrescente";"Céu Claro";"Múltipla";"Reta";"Sim";2;0;1;0;1;0;1;2;-23,45056589;-46,46258105;"SPRF-SP";"DEL01-SP";"UOP01-DEL01-SP"
229765;2019-08-19;"segunda-feira";"11:50:00";"TO";242;372,5;"GURUPI";"Fenômenos da Natureza";"Incêndio";"Sem Vítimas";"Pleno dia";"Crescente";"Céu Claro";"Simples";"Reta";"Não";2;0;0;0;2;0;0;1;-11,76763693;-48,9881919;"SPRF-TO";"DEL02-TO";"UOP02-DEL01-TO"
229766;2019-08-19;"segunda-feira";"12:15:00";"DF";60;2;"BRASILIA";"Desobediência às normas de trânsito pelo condutor";"Colisão transversal";"Com Vítimas Feridas";"Pleno dia";"Decrescente";"Céu Claro";"Dupla";"Reta";"Sim";2;0;1;1;0;0;2;2;-15,887383;-48,077988;"SPRF-DF";"DEL01-DF";"UOP01-DEL03-DF"
229767;2019-08-19;"segunda-feira";"12:00:00";"PR";116;47;"CAMPINA GRANDE DO SUL";"Pista Escorregadia";"Saída de leito carroçável";"Com Vítimas Feridas";"Pleno dia";"Decrescente";"Chuva";"Dupla";"Declive;Curva";"Não";4;0;2;0;2;0;2;1;-25,21058799;-48,89720903;"SPRF-PR";"DEL01-PR";"UOP02-DEL01-PR"
229768;2019-08-19;"segunda-feira";"12:35:00";"SP";153;61;"SAO JOSE DO RIO PRETO";"Não guardar distância de segurança";"Colisão traseira";"Sem Vítimas";"Pleno dia";"Decrescente";"Céu Claro";"Dupla";"Reta";"Sim";2;0;0;0;2;0;0;2;-20,80502876;-49,35574909;"SPRF-SP";"DEL09-SP";"UOP01-DEL09-SP"
229769;2019-08-19;"segunda-feira";"12:40:00";"SP";381;61;"MAIRIPORA";"Pista Escorregadia";"Capotamento";"Com Vítimas Feridas";"Pleno dia";"Crescente";"Chuva";"Dupla";"Curva";"Não";2;0;1;0;1;0;1;2;-23,29011611;-46,5800681;"SPRF-SP";"DEL03-SP";"UOP01-DEL03-SP"
229772;2019-08-19;"segunda-feira";"13:00:00";"RJ";101;424;"MANGARATIBA";"Defeito Mecânico no Veículo";"Queda de ocupante de veículo";"Com Vítimas Feridas";"Pleno dia";"Crescente";"Nublado";"Dupla";"Reta";"Não";2;0;2;0;0;0;2;1;-22,92127842;-43,95599173;"SPRF-RJ";"DEL03-RJ";"UOP01-DEL03-RJ"
229773;2019-08-19;"segunda-feira";"13:25:00";"CE";116;5,5;"FORTALEZA";"Falta de Atenção à Condução";"Colisão lateral";"Com Vítimas Feridas";"Pleno dia";"Decrescente";"Sol";"Dupla";"Aclive;Reta";"Sim";3;0;1;0;2;0;1;2;-3,79467116;-38,50772734;"SPRF-CE";"DEL01-CE";"UOP02-DEL01-CE"
229774;2019-08-19;"segunda-feira";"13:15:00";"RS";116;247,6;"SAO LEOPOLDO";"Falta de Atenção à Condução";"Colisão transversal";"Com Vítimas Feridas";"Pleno dia";"Decrescente";"Céu Claro";"Dupla";"Interseção de Vias";"Sim";2;0;1;0;1;0;1;2;-29,77229857;-51,15385836;"SPRF-RS";"DEL01-RS";"UOP02-DEL01-RS"
229775;2019-08-19;"segunda-feira";"13:00:00";"RN";405;3,1;"MOSSORO";"Desobediência às normas de trânsito pelo condutor";"Colisão transversal";"Com Vítimas Feridas";"Pleno dia";"Crescente";"Céu Claro";"Simples";"Reta";"Sim";2;0;1;0;0;1;1;2;-5,19386547;-37,38052995;"SPRF-RN";"DEL04-RN";"UOP02-DEL04-RN"
229777;2019-08-19;"segunda-feira";"08:20:00";"PR";116;26;"CAMPINA GRANDE DO SUL";"Velocidade Incompatível";"Saída de leito carroçável";"Com Vítimas Feridas";"Pleno dia";"Decrescente";"Chuva";"Dupla";"Curva";"Não";1;0;1;0;0;0;1;1;-25,10683694;-48,785333;"SPRF-PR";"DEL01-PR";"UOP02-DEL01-PR"
229778;2019-08-19;"segunda-feira";"13:55:00";"PR";476;112;"COLOMBO";"Falta de Atenção à Condução";"Colisão transversal";"Com Vítimas Feridas";"Pleno dia";"Decrescente";"Garoa/Chuvisco";"Simples";"Curva;Aclive";"Não";2;0;1;0;1;0;1;2;-25,318485;-49,159;"SPRF-PR";"DEL01-PR";"UOP07-DEL01-PR"
229780;2019-08-19;"segunda-feira";"13:25:00";"MG";116;415;"GOVERNADOR VALADARES";"Não guardar distância de segurança";"Tombamento";"Com Vítimas Feridas";"Pleno dia";"Crescente";"Sol";"Simples";"Ponte";"Sim";1;0;1;0;0;0;1;1;-18,88401297;-41,94924399;"SPRF-MG";"DEL06-MG";"UOP01-DEL06-MG"
229781;2019-08-19;"segunda-feira";"09:20:00";"PR";376;88,7;"PARANAVAI";"Falta de Atenção à Condução";"Colisão traseira";"Sem Vítimas";"Pleno dia";"Crescente";"Céu Claro";"Simples";"Reta";"Não";2;0;0;0;2;0;0;2;-22,99527855;-52,58495389;"SPRF-PR";"DEL07-PR";"UOP02-DEL09-PR"
229782;2019-08-19;"segunda-feira";"14:00:00";"PR";277;660,1;"MATELANDIA";"Velocidade Incompatível";"Queda de ocupante de veículo";"Com Vítimas Feridas";"Pleno dia";"Crescente";"Céu Claro";"Dupla";"Curva;Declive";"Não";1;0;1;0;0;0;1;1;-25,25136237;-53,99027796;"SPRF-PR";"DEL05-PR";"UOP02-DEL05-PR"
229783;2019-08-19;"segunda-feira";"14:45:00";"RS";290;74,6;"GRAVATAI";"Falta de Atenção à Condução";"Saída de leito carroçável";"Com Vítimas Feridas";"Pleno dia";"Decrescente";"Céu Claro";"Dupla";"Curva";"Sim";1;0;0;1;0;0;1;1;-29,953354;-50,996696;"SPRF-RS";"DEL03-RS";"UOP01-DEL03-RS"
229784;2019-08-19;"segunda-feira";"13:40:00";"ES";101;264;"SERRA";"Falta de Atenção à Condução";"Colisão traseira";"Sem Vítimas";"Pleno dia";"Crescente";"Sol";"Dupla";"Reta";"Sim";2;0;0;0;2;0;0;2;-20,17292791;-40,26736384;"SPRF-ES";"DEL02-ES";"UOP01-DEL02-ES"
229785;2019-08-19;"segunda-feira";"08:35:00";"SP";116;514;"CAJATI";"Pista Escorregadia";"Capotamento";"Com Vítimas Feridas";"Pleno dia";"Crescente";"Chuva";"Simples";"Curva";"Não";1;0;1;0;0;0;1;1;-24,85874304;-48,21731282;"SPRF-SP";"DEL05-SP";"UAP01-DEL05-SP"
229787;2019-08-19;"segunda-feira";"15:10:00";"PB";101;14;"MAMANGUAPE";"Não guardar distância de segurança";"Colisão lateral";"Com Vítimas Feridas";"Pleno dia";"Crescente";"Céu Claro";"Dupla";"Declive;Curva";"Não";2;0;1;0;1;0;1;2;-6,61713815;-35,13803934;"SPRF-PB";"DEL01-PB";"UOP04-DEL01-PB"
229788;2019-08-19;"segunda-feira";"15:25:00";"PR";376;614;"SAO JOSE DOS PINHAIS";"Falta de Atenção à Condução";"Queda de ocupante de veículo";"Com Vítimas Feridas";"Pleno dia";"Decrescente";"Chuva";"Dupla";"Interseção de Vias";"Não";2;0;1;0;1;0;1;2;-25,57084314;-49,19356398;"SPRF-PR";"DEL01-PR";"UOP06-DEL01-PR"
229789;2019-08-19;"segunda-feira";"09:30:00";"MT";174;246,7;"JAURU";"Animais na Pista";"Saída de leito carroçável";"Com Vítimas Feridas";"Pleno dia";"Crescente";"Céu Claro";"Simples";"Declive";"Não";2;0;1;0;1;0;1;2;-15,49312791;-59,03006195;"SPRF-MT";"DEL04-MT";"UOP01-DEL04-MT"
229791;2019-08-19;"segunda-feira";"16:00:00";"SC";470;87,8;"ASCURRA";"Falta de Atenção à Condução";"Colisão lateral";"Com Vítimas Feridas";"Pleno dia";"Crescente";"Nublado";"Simples";"Reta";"Sim";2;0;0;1;1;0;1;2;-26,95387743;-49,37212944;"SPRF-SC";"DEL04-SC";"UOP01-DEL04-SC"
229792;2019-08-19;"segunda-feira";"15:20:00";"MA";10;256,3;"IMPERATRIZ";"Ingestão de Álcool";"Colisão com objeto estático";"Sem Vítimas";"Pleno dia";"Crescente";"Céu Claro";"Simples";"Interseção de Vias";"Sim";1;0;0;0;1;0;0;1;-5,49309814;-47,47200966;"SPRF-MA";"DEL04-MA";"UOP01-DEL04-MA"
229793;2019-08-19;"segunda-feira";"15:50:00";"TO";153;799;"TALISMA";"Não guardar distância de segurança";"Saída de leito carroçável";"Com Vítimas Feridas";"Pleno dia";"Crescente";"Céu Claro";"Simples";"Reta";"Não";3;0;2;0;1;0;2;1;-12,80893094;-49,09652226;"SPRF-TO";"DEL02-TO";"UOP02-DEL01-TO"
229794;2019-08-19;"segunda-feira";"16:20:00";"PE";316;21,7;"ARARIPINA";"Desobediência às normas de trânsito pelo condutor";"Colisão transversal";"Com Vítimas Feridas";"Pleno dia";"Decrescente";"Céu Claro";"Simples";"Interseção de Vias";"Sim";3;0;1;0;2;0;1;2;-7,56839315;-40,52717307;"SPRF-PE";"DEL05-PE";"UOP02-DEL05-PE"
229795;2019-08-19;"segunda-feira";"03:30:00";"MA";316;260;"SANTA INES";"Defeito na Via";"Capotamento";"Com Vítimas Feridas";"Plena Noite";"Crescente";"Ignorado";"Simples";"Declive";"Não";1;0;0;1;0;0;1;1;-3,6823455;-45,34675598;"SPRF-MA";"DEL02-MA";"UI04-DEL02-MA"
229801;2019-08-19;"segunda-feira";"15:45:00";"RO";364;238;"CACOAL";"Falta de Atenção à Condução";"Colisão traseira";"Com Vítimas Feridas";"Pleno dia";"Crescente";"Nublado";"Simples";"Interseção de Vias";"Sim";3;0;2;0;1;0;2;2;-11,43863774;-61,45447254;"SPRF-RO";"DEL02-RO";"UOP02-DEL02-RO"
229802;2019-08-19;"segunda-feira";"08:30:00";"SP";116;362;"MIRACATU";"Pista Escorregadia";"Colisão com objeto estático";"Com Vítimas Feridas";"Pleno dia";"Crescente";"Chuva";"Dupla";"Curva;Declive";"Não";1;0;1;0;0;0;1;1;-24,1220177;-47,27047772;"SPRF-SP";"DEL04-SP";"UOP03-DEL04-SP"
229805;2019-08-19;"segunda-feira";"17:00:00";"MG";365;391,9;"PATOS DE MINAS";"Mal Súbito";"Queda de ocupante de veículo";"Com Vítimas Feridas";"Pleno dia";"Crescente";"Céu Claro";"Simples";"Aclive";"Não";1;0;1;0;0;0;1;1;-18,63802043;-46,32611276;"SPRF-MG";"DEL10-MG";"UOP01-DEL10-MG"
229809;2019-08-19;"segunda-feira";"17:30:00";"PR";476;154;"ARAUCARIA";"Falta de Atenção à Condução";"Colisão traseira";"Com Vítimas Feridas";"Plena Noite";"Decrescente";"Chuva";"Dupla";"Reta";"Sim";2;0;1;0;1;0;1;2;-25,584223;-49,401379;"SPRF-PR";"DEL01-PR";"UOP06-DEL01-PR"
229810;2019-08-19;"segunda-feira";"17:45:00";"MG";262;89,1;"ABRE CAMPO";"Desobediência às normas de trânsito pelo condutor";"Saída de leito carroçável";"Com Vítimas Feridas";"Anoitecer";"Crescente";"Céu Claro";"Simples";"Reta";"Não";1;0;0;1;0;0;1;1;-20,33355098;-42,45734632;"SPRF-MG";"DEL03-MG";"UOP03-DEL03-MG"
229812;2019-08-19;"segunda-feira";"10:40:00";"CE";222;5;"CAUCAIA";"Falta de Atenção à Condução";"Colisão lateral";"Sem Vítimas";"Pleno dia";"Crescente";"Céu Claro";"Dupla";"Reta";"Sim";2;0;0;0;2;0;0;2;-3,74296918;-38,61330997;"SPRF-CE";"DEL01-CE";"UOP01-DEL01-CE"
229815;2019-08-19;"segunda-feira";"18:20:00";"SC";101;119,3;"ITAJAI";"Defeito na Via";"Colisão com objeto estático";"Com Vítimas Feridas";"Plena Noite";"Crescente";"Nublado";"Dupla";"Reta";"Sim";1;0;1;0;0;0;1;1;-26,9043179;-48,71555481;"SPRF-SC";"DEL04-SC";"UOP04-DEL04-SC"
229816;2019-08-19;"segunda-feira";"18:15:00";"SC";101;36,2;"JOINVILLE";"Falta de Atenção do Pedestre";"Atropelamento de Pedestre";"Com Vítimas Fatais";"Plena Noite";"Decrescente";"Garoa/Chuvisco";"Simples";"Reta";"Sim";2;1;0;0;1;0;0;2;-26,24573198;-48,9101069;"SPRF-SC";"DEL03-SC";"UOP01-DEL03-SC"
229817;2019-08-19;"segunda-feira";"18:50:00";"ES";101;294;"CARIACICA";"Falta de Atenção à Condução";"Colisão transversal";"Com Vítimas Feridas";"Plena Noite";"Decrescente";"Céu Claro";"Simples";"Viaduto";"Não";2;0;1;0;1;0;1;2;-20,32415948;-40,3952903;"SPRF-ES";"DEL01-ES";"UOP01-DEL01-ES"
229818;2019-08-19;"segunda-feira";"18:30:00";"CE";20;405,6;"CAUCAIA";"Não guardar distância de segurança";"Colisão traseira";"Com Vítimas Feridas";"Plena Noite";"Decrescente";"Céu Claro";"Simples";"Reta";"Sim";2;0;1;0;1;0;1;2;-3,7740804;-38,6780848;"SPRF-CE";"DEL01-CE";"UOP01-DEL01-CE"
229819;2019-08-19;"segunda-feira";"14:30:00";"PI";316;7;"TERESINA";"Não guardar distância de segurança";"Colisão traseira";"Com Vítimas Feridas";"Pleno dia";"Decrescente";"Céu Claro";"Simples";"Reta";"Sim";6;0;2;0;1;3;2;3;-5,15584638;-42,77173332;"SPRF-PI";"DEL01-PI";"UOP02-DEL01-PI"
229820;2019-08-19;"segunda-feira";"18:30:00";"PI";343;0;"TERESINA";"Falta de Atenção à Condução";"Colisão transversal";"Com Vítimas Feridas";"Plena Noite";"Decrescente";"Céu Claro";"Dupla";"Retorno Regulamentado";"Sim";3;0;2;0;1;0;2;2;-5,089569;-42,802288;"SPRF-PI";"DEL01-PI";"UOP01-DEL01-PI"
229821;2019-08-19;"segunda-feira";"18:45:00";"RS";116;516,9;"PELOTAS";"Falta de Atenção à Condução";"Colisão traseira";"Com Vítimas Feridas";"Plena Noite";"Crescente";"Céu Claro";"Dupla";"Reta";"Sim";2;0;1;0;1;0;1;2;-31,67013527;-52,34055575;"SPRF-RS";"DEL07-RS";"UOP01-DEL07-RS"
229822;2019-08-19;"segunda-feira";"18:40:00";"MA";316;558;"CAXIAS";"Falta de Atenção à Condução";"Queda de ocupante de veículo";"Com Vítimas Feridas";"Plena Noite";"Crescente";"Céu Claro";"Simples";"Reta";"Não";2;0;2;0;0;0;2;1;-4,885954;-43,301353;"SPRF-MA";"DEL03-MA";"UOP02-DEL03-MA"
229823;2019-08-19;"segunda-feira";"18:00:00";"SC";282;23,9;"SANTO AMARO DA IMPERATRIZ";"Velocidade Incompatível";"Colisão frontal";"Com Vítimas Feridas";"Anoitecer";"Decrescente";"Nublado";"Simples";"Curva";"Sim";6;0;1;3;0;2;4;3;-27,687958;-48,736794;"SPRF-SC";"DEL01-SC";"UOP03-DEL01-SC"
229825;2019-08-19;"segunda-feira";"19:15:00";"RS";470;218;"BENTO GONCALVES";"Desobediência às normas de trânsito pelo condutor";"Colisão transversal";"Com Vítimas Feridas";"Plena Noite";"Decrescente";"Céu Claro";"Simples";"Reta";"Não";3;0;1;0;2;0;1;2;-29,17292214;-51,52424936;"SPRF-RS";"DEL06-RS";"UOP01-DEL06-RS"
229827;2019-08-19;"segunda-feira";"18:10:00";"SC";101;136;"BALNEARIO CAMBORIU";"Desobediência às normas de trânsito pelo condutor";"Queda de ocupante de veículo";"Com Vítimas Feridas";"Anoitecer";"Crescente";"Céu Claro";"Dupla";"Reta";"Não";3;0;1;0;2;0;1;3;-27,008113;-48,617245;"SPRF-SC";"DEL04-SC";"UOP03-DEL04-SC"
229830;2019-08-19;"segunda-feira";"14:30:00";"PR";277;661,4;"MATELANDIA";"Velocidade Incompatível";"Saída de leito carroçável";"Com Vítimas Feridas";"Plena Noite";"Decrescente";"Céu Claro";"Dupla";"Curva";"Não";1;0;1;0;0;0;1;1;-25,25155419;-54,01878197;"SPRF-PR";"DEL05-PR";"UOP02-DEL05-PR"
229831;2019-08-19;"segunda-feira";"19:10:00";"ES";482;47,9;"CACHOEIRO DE ITAPEMIRIM";"Deficiência ou não Acionamento do Sistema de Iluminação/Sinalização do Veículo";"Colisão traseira";"Com Vítimas Feridas";"Plena Noite";"Decrescente";"Céu Claro";"Simples";"Reta";"Não";2;0;0;1;1;0;1;2;-20,75900321;-41,26052856;"SPRF-ES";"DEL03-ES";"UOP02-DEL03-ES"
229832;2019-08-19;"segunda-feira";"17:22:00";"RO";364;14;"VILHENA";"Falta de Atenção à Condução";"Colisão transversal";"Sem Vítimas";"Pleno dia";"Crescente";"Céu Claro";"Dupla";"Rotatória";"Sim";3;0;0;0;3;0;0;2;-12,73898138;-60,13911417;"SPRF-RO";"DEL04-RO";"UOP01-DEL04-RO"
229833;2019-08-19;"segunda-feira";"19:40:00";"RS";116;267;"CANOAS";"Falta de Atenção à Condução";"Colisão traseira";"Com Vítimas Feridas";"Plena Noite";"Decrescente";"Ignorado";"Dupla";"Reta";"Sim";2;0;2;0;0;0;2;2;-29,94142398;-51,17697062;"SPRF-RS";"DEL01-RS";"UOP01-DEL01-RS"
229834;2019-08-19;"segunda-feira";"18:55:00";"MG";116;706,9;"MURIAE";"Falta de Atenção à Condução";"Colisão transversal";"Com Vítimas Feridas";"Plena Noite";"Crescente";"Céu Claro";"Simples";"Reta";"Sim";3;0;2;0;1;0;2;2;-21,14052403;-42,38125389;"SPRF-MG";"DEL07-MG";"UOP02-DEL07-MG"
229835;2019-08-19;"segunda-feira";"19:45:00";"PR";116;1;"CAMPINA GRANDE DO SUL";"Ingestão de Álcool";"Atropelamento de Pedestre";"Com Vítimas Feridas";"Plena Noite";"Crescente";"Nublado";"Dupla";"Reta";"Não";3;0;1;0;1;1;1;3;-25,3514;-49,0599;"SPRF-PR";"DEL01-PR";"UOP01-DEL01-PR"
229836;2019-08-19;"segunda-feira";"19:10:00";"RJ";40;72;"PETROPOLIS";"Não guardar distância de segurança";"Colisão traseira";"Com Vítimas Feridas";"Plena Noite";"Decrescente";"Céu Claro";"Dupla";"Reta";"Não";2;0;1;0;1;0;1;2;-22,45307093;-43,20726698;"SPRF-RJ";"DEL06-RJ";"UOP01-DEL06-RJ"
229837;2019-08-19;"segunda-feira";"20:00:00";"MG";40;705,1;"BARBACENA";"Falta de Atenção do Pedestre";"Atropelamento de Pedestre";"Com Vítimas Feridas";"Plena Noite";"Crescente";"Céu Claro";"Dupla";"Reta";"Sim";7;0;0;1;3;3;1;2;-21,21715832;-43,74590728;"SPRF-MG";"DEL05-MG";"UOP02-DEL05-MG"
229838;2019-08-19;"segunda-feira";"19:00:00";"SP";381;74;"SAO PAULO";"Falta de Atenção à Condução";"Saída de leito carroçável";"Sem Vítimas";"Plena Noite";"Decrescente";"Garoa/Chuvisco";"Múltipla";"Reta";"Sim";1;0;0;0;1;0;0;1;-23,37208014;-46,55700294;"SPRF-SP";"DEL03-SP";"UOP01-DEL03-SP"
229839;2019-08-19;"segunda-feira";"20:05:00";"CE";222;6;"CAUCAIA";"Não guardar distância de segurança";"Colisão traseira";"Com Vítimas Feridas";"Plena Noite";"Crescente";"Céu Claro";"Dupla";"Reta";"Sim";3;0;2;0;1;0;2;2;-3,74539216;-38,62188041;"SPRF-CE";"DEL01-CE";"UOP01-DEL01-CE"
229841;2019-08-19;"segunda-feira";"20:30:00";"SP";381;73,3;"SAO PAULO";"Pista Escorregadia";"Colisão com objeto estático";"Com Vítimas Feridas";"Plena Noite";"Crescente";"Garoa/Chuvisco";"Dupla";"Curva;Declive";"Não";2;0;1;0;1;0;1;2;-23,36553404;-46,55253934;"SPRF-SP";"DEL03-SP";"UOP01-DEL03-SP"
229842;2019-08-19;"segunda-feira";"19:30:00";"PR";116;150;"MANDIRITUBA";"Falta de Atenção à Condução";"Colisão transversal";"Com Vítimas Feridas";"Plena Noite";"Decrescente";"Chuva";"Simples";"Reta;Interseção de Vias";"Não";3;0;1;0;2;0;1;2;-25,81557015;-49,33088979;"SPRF-PR";"DEL01-PR";"UOP03-DEL01-PR"
229843;2019-08-19;"segunda-feira";"21:25:00";"SP";116;322,2;"JUQUITIBA";"Falta de Atenção do Pedestre";"Atropelamento de Pedestre";"Com Vítimas Fatais";"Plena Noite";"Crescente";"Chuva";"Dupla";"Reta";"Sim";3;1;0;0;1;1;0;2;-23,935106;-47,026682;"SPRF-SP";"DEL04-SP";"UOP03-DEL04-SP"
229844;2019-08-19;"segunda-feira";"17:55:00";"SC";116;205,9;"PONTE ALTA";"Ingestão de Álcool";"Colisão transversal";"Sem Vítimas";"Pleno dia";"Crescente";"Céu Claro";"Simples";"Rotatória";"Sim";2;0;0;0;2;0;0;2;-27,46534609;-50,38611714;"SPRF-SC";"DEL05-SC";"UOP03-DEL05-SC"
229845;2019-08-19;"segunda-feira";"21:00:00";"SC";101;207;"SAO JOSE";"Defeito Mecânico no Veículo";"Colisão traseira";"Com Vítimas Feridas";"Plena Noite";"Crescente";"Nublado";"Dupla";"Reta";"Não";2;0;1;0;0;1;1;2;-27,60001226;-48,6226467;"SPRF-SC";"DEL01-SC";"UOP01-DEL01-SC"
229846;2019-08-19;"segunda-feira";"21:45:00";"MG";50;70;"UBERLANDIA";"Mal Súbito";"Saída de leito carroçável";"Com Vítimas Feridas";"Plena Noite";"Crescente";"Céu Claro";"Dupla";"Reta";"Sim";2;0;2;0;0;0;2;1;-18,85140204;-48,25345932;"SPRF-MG";"DEL15-MG";"UOP01-DEL15-MG"
229847;2019-08-19;"segunda-feira";"19:35:00";"MG";262;439;"NOVA SERRANA";"Falta de Atenção do Pedestre";"Atropelamento de Pedestre";"Com Vítimas Feridas";"Plena Noite";"Decrescente";"Céu Claro";"Dupla";"Reta";"Não";2;0;2;0;0;0;2;2;-19,89197285;-44,88685183;"SPRF-MG";"DEL08-MG";"UOP03-DEL08-MG"
229848;2019-07-16;"terça-feira";"20:15:00";"TO";153;539;"NOVA ROSALANDIA";"Animais na Pista";"Atropelamento de Animal";"Com Vítimas Feridas";"Plena Noite";"Crescente";"Ignorado";"Simples";"Declive;Reta";"Não";5;0;1;0;3;1;1;2;-10,556019;-48,912796;"SPRF-TO";"DEL02-TO";"UOP01-DEL01-TO"
229849;2019-08-19;"segunda-feira";"18:30:00";"PB";104;131,1;"QUEIMADAS";"Defeito Mecânico no Veículo";"Colisão traseira";"Com Vítimas Feridas";"Plena Noite";"Crescente";"Céu Claro";"Simples";"Reta";"Não";2;0;1;0;0;1;1;2;-7,29900408;-35,89187256;"SPRF-PB";"DEL02-PB";"UOP03-DEL02-PB"