"id";"data_inversa";"dia_semana";"horario";"uf";"br";"km";"municipio";"causa_acidente";"tipo_acidente";"classificacao_acidente";"fase_dia";"sentido_via";"condicao_metereologica";"tipo_pista";"tracado_via";"uso_solo";"pessoas";"mortos";"feridos_leves";"feridos_graves";"ilesos";"ignorados";"feridos";"veiculos";"latitude";"longitude";"regional";"delegacia";"uop"
229851;2019-08-19;"segunda-feira";"22:00:00";"DF";40;6,5;"BRASILIA";"Ingestão de Álcool";"Saída de leito carroçável";"Com Vítimas Feridas";"Plena Noite";"Decrescente";"Céu Claro";"Dupla";"Reta";"Não";1;0;1;0;0;0;1;1;-16,029741;-47,978867;"SPRF-DF";"DEL01-DF";"UOP01-DEL01-DF"
229854;2019-08-19;"segunda-feira";"22:35:00";"SC";470;71;"INDAIAL";"Falta de Atenção à Condução";"Colisão transversal";"Com Vítimas Feridas";"Plena Noite";"Decrescente";"Céu Claro";"Simples";"Rotatória";"Não";2;0;1;0;1;0;1;2;-26,895243;-49,262104;"SPRF-SC";"DEL04-SC";"UOP01-DEL04-SC"
229857;2019-08-19;"segunda-feira";"18:00:00";"RJ";116;77;"TERESOPOLIS";"Desobediência às normas de trânsito pelo condutor";"Atropelamento de Pedestre";"Com Vítimas Feridas";"Plena Noite";"Decrescente";"Céu Claro";"Simples";"Reta";"Sim";2;0;1;1;0;0;2;2;-22,36917806;-42,94876879;"SPRF-RJ";"DEL04-RJ";"UOP01-DEL04-RJ"
229858;2019-08-19;"segunda-feira";"23:20:00";"GO";70;3,9;"AGUAS LINDAS DE GOIAS";"Desobediência às normas de trânsito pelo condutor";"Colisão traseira";"Com Vítimas Feridas";"Plena Noite";"Crescente";"Céu Claro";"Dupla";"Aclive";"Sim";3;0;2;0;1;0;2;2;-15,76177302;-48,2368693;"SPRF-DF";"DEL01-DF";"UOP02-DEL03-DF"
229859;2019-08-19;"segunda-feira";"18:30:00";"RO";364;498;"ARIQUEMES";"Desobediência às normas de trânsito pelo condutor";"Colisão lateral";"Com Vítimas Fatais";"Anoitecer";"Decrescente";"Céu Claro";"Simples";"Reta";"Não";5;1;0;0;4;0;0;2;-10,03749603;-62,97660129;"SPRF-RO";"DEL03-RO";"UOP01-DEL03-RO"
229860;2019-08-19;"segunda-feira";"18:10:00";"RJ";116;40,2;"TERESOPOLIS";"Falta de Atenção à Condução";"Colisão lateral";"Com Vítimas Feridas";"Plena Noite";"Decrescente";"Céu Claro";"Simples";"Reta";"Sim";2;0;1;0;1;0;1;2;-22,133427;-42,779522;"SPRF-RJ";"DEL04-RJ";"UOP01-DEL04-RJ"
229861;2019-08-19;"segunda-feira";"20:00:00";"MG";267;82;"JUIZ DE FORA";"Condutor Dormindo";"Capotamento";"Com Vítimas Feridas";"Plena Noite";"Crescente";"Nublado";"Simples";"Reta";"Não";3;0;2;0;1;0;2;1;-21,76161026;-43,22888598;"SPRF-MG";"DEL05-MG";"UOP01-DEL05-MG"
229862;2019-08-19;"segunda-feira";"17:48:00";"RS";285;335,5;"CARAZINHO";"Falta de Atenção do Pedestre";"Atropelamento de Pedestre";"Com Vítimas Feridas";"Pleno dia";"Crescente";"Céu Claro";"Simples";"Interseção de Vias";"Sim";3;0;2;0;1;0;2;2;-28,31218288;-52,79123783;"SPRF-RS";"DEL08-RS";"UOP03-DEL08-RS"
229866;2019-08-20;"terça-feira";"00:05:00";"MG";40;490,9;"ESMERALDAS";"Desobediência às normas de trânsito pelo condutor";"Colisão frontal";"Com Vítimas Feridas";"Plena Noite";"Decrescente";"Céu Claro";"Dupla";"Reta";"Não";4;0;3;1;0;0;4;2;-19,61998768;-44,20673771;"SPRF-MG";"DEL02-MG";"UOP01-DEL02-MG"
229867;2019-08-20;"terça-feira";"01:00:00";"SC";470;92,7;"APIUNA";"Falta de Atenção à Condução";"Colisão com objeto estático";"Com Vítimas Fatais";"Plena Noite";"Crescente";"Nublado";"Simples";"Curva";"Não";2;1;0;1;0;0;1;1;-26,99365884;-49,3757987;"SPRF-SC";"DEL04-SC";"UOP01-DEL04-SC"
229868;2019-08-20;"terça-feira";"01:20:00";"PE";232;281,3;"SERTANIA";"Animais na Pista";"Atropelamento de Animal";"Sem Vítimas";"Plena Noite";"Crescente";"Céu Claro";"Simples";"Reta";"Não";1;0;0;0;1;0;0;1;-8,34770731;-37,29960517;"SPRF-PE";"DEL03-PE";"UOP02-DEL03-PE"
229870;2019-08-20;"terça-feira";"03:20:00";"SP";116;168,2;"JACAREI";"Falta de Atenção do Pedestre";"Atropelamento de Pedestre";"Com Vítimas Fatais";"Plena Noite";"Crescente";"Nublado";"Múltipla";"Declive";"Sim";2;1;0;0;1;0;0;2;-23,30505428;-46,03408813;"SPRF-SP";"DEL02-SP";"UOP01-DEL02-SP"
229871;2019-08-19;"segunda-feira";"23:10:00";"RO";364;510;"ARIQUEMES";"Animais na Pista";"Atropelamento de Animal";"Com Vítimas Feridas";"Plena Noite";"Decrescente";"Céu Claro";"Simples";"Aclive";"Não";1;0;0;1;0;0;1;1;-9,96700255;-63,04503259;"SPRF-RO";"DEL03-RO";"UOP01-DEL03-RO"
229872;2019-08-20;"terça-feira";"03:00:00";"RS";290;437,8;"SAO GABRIEL";"Condutor Dormindo";"Saída de leito carroçável";"Com Vítimas Feridas";"Plena Noite";"Crescente";"Céu Claro";"Simples";"Curva";"Não";4;0;4;0;0;0;4;1;-30,262047;-54,488205;"SPRF-RS";"DEL11-RS";"UOP02-DEL11-RS"
229873;2019-08-20;"terça-feira";"00:15:00";"RS";392;17,7;"RIO GRANDE";"Pista Escorregadia";"Saída de leito carroçável";"Sem Vítimas";"Plena Noite";"Crescente";"Céu Claro";"Dupla";"Reta";"Não";1;0;0;0;1;0;0;1;-32,09090493;-52,17332835;"SPRF-RS";"DEL07-RS";"UOP02-DEL07-RS"
229875;2019-08-20;"terça-feira";"04:45:00";"PR";376;175,2;"MARINGA";"Falta de Atenção à Condução";"Tombamento";"Com Vítimas Feridas";"Plena Noite";"Crescente";"Céu Claro";"Dupla";"Aclive";"Sim";1;0;1;0;0;0;1;1;-23,4113569;-51,9407767;"SPRF-PR";"DEL07-PR";"UOP01-DEL09-PR"
229876;2019-06-12;"quarta-feira";"10:50:00";"ES";101;2,8;"SERRA";"Mal Súbito";"Queda de ocupante de veículo";"Com Vítimas Feridas";"Pleno dia";"Decrescente";"Ignorado";"Dupla";"Interseção de Vias;Reta";"Sim";2;0;1;0;0;1;1;1;-20,23690841;-40,27775083;"SPRF-ES";"DEL02-ES";"UOP01-DEL02-ES"
229879;2019-08-20;"terça-feira";"06:35:00";"PE";232;11;"JABOATAO DOS GUARARAPES";"Falta de Atenção à Condução";"Colisão lateral";"Com Vítimas Feridas";"Pleno dia";"Decrescente";"Céu Claro";"Dupla";"Viaduto";"Não";3;0;2;0;1;0;2;2;-8,08195464;-34,99545022;"SPRF-PE";"DEL01-PE";"UOP01-DEL01-PE"
229880;2019-08-20;"terça-feira";"06:25:00";"PR";476;141;"CURITIBA";"Não guardar distância de segurança";"Colisão lateral";"Com Vítimas Feridas";"Pleno dia";"Decrescente";"Nublado";"Dupla";"Reta";"Sim";2;0;1;0;1;0;1;2;-25,528614;-49,298798;"SPRF-PR";"DEL01-PR";"UOP03-DEL01-PR"
229881;2019-08-20;"terça-feira";"06:10:00";"RS";386;281,8;"SAO JOSE DO HERVAL";"Velocidade Incompatível";"Saída de leito carroçável";"Com Vítimas Feridas";"Plena Noite";"Crescente";"Nevoeiro/Neblina";"Simples";"Curva";"Sim";4;0;1;0;3;0;1;2;-29,030159;-52,304897;"SPRF-RS";"DEL04-RS";"UOP03-DEL04-RS"
229882;2019-08-20;"terça-feira";"06:38:00";"PR";277;707,3;"SANTA TEREZINHA DE ITAIPU";"Falta de Atenção do Pedestre";"Atropelamento de Pedestre";"Com Vítimas Feridas";"Amanhecer";"Decrescente";"Céu Claro";"Dupla";"Declive;Reta";"Não";2;0;1;1;0;0;2;2;-25,440082;-54,38846;"SPRF-PR";"DEL05-PR";"UOP01-DEL05-PR"
229883;2019-08-20;"terça-feira";"06:40:00";"PB";230;136,5;"CAMPINA GRANDE";"Defeito Mecânico no Veículo";"Tombamento";"Com Vítimas Feridas";"Pleno dia";"Crescente";"Nublado";"Dupla";"Reta";"Não";2;0;2;0;0;0;2;1;-7,2818;-35,7675;"SPRF-PB";"DEL02-PB";"UOP01-DEL02-PB"
229884;2019-08-20;"terça-feira";"07:30:00";"PE";101;67,8;"RECIFE";"Não guardar distância de segurança";"Colisão traseira";"Sem Vítimas";"Pleno dia";"Decrescente";"Céu Claro";"Dupla";"Reta";"Sim";3;0;0;0;3;0;0;3;-8,049478;-34,945528;"SPRF-PE";"DEL01-PE";"UOP01-DEL01-PE"
229885;2019-08-20;"terça-feira";"06:40:00";"PR";376;3,7;"APUCARANA";"Falta de Atenção à Condução";"Colisão lateral";"Com Vítimas Feridas";"Pleno dia";"Crescente";"Céu Claro";"Simples";"Reta;Interseção de Vias";"Sim";2;0;1;0;1;0;1;2;-23,55723846;-51,44205183;"SPRF-PR";"DEL07-PR";"UOP03-DEL07-PR"
229886;2019-08-20;"terça-feira";"07:25:00";"PE";101;78,6;"JABOATAO DOS GUARARAPES";"Não guardar distância de segurança";"Colisão traseira";"Com Vítimas Feridas";"Pleno dia";"Crescente";"Céu Claro";"Dupla";"Reta";"Sim";4;0;1;0;1;2;1;2;-8,13496499;-34,94738614;"SPRF-PE";"DEL01-PE";"UOP01-DEL01-PE"
229887;2019-08-20;"terça-feira";"07:00:00";"PI";343;347,8;"TERESINA";"Mal Súbito";"Colisão traseira";"Sem Vítimas";"Pleno dia";"Crescente";"Céu Claro";"Dupla";"Reta";"Sim";3;0;0;0;3;0;0;3;-5,114822;-42,778355;"SPRF-PI";"DEL01-PI";"UOP01-DEL01-PI"
229888;2019-08-20;"terça-feira";"07:00:00";"SC";101;214,2;"PALHOCA";"Não guardar distância de segurança";"Colisão lateral";"Com Vítimas Feridas";"Pleno dia";"Decrescente";"Nublado";"Múltipla";"Declive;Reta";"Sim";3;0;1;0;2;0;1;3;-27,64443;-48,67057;"SPRF-SC";"DEL01-SC";"UOP02-DEL01-SC"
229889;2019-08-20;"terça-feira";"06:24:00";"RJ";101;318;"SAO GONCALO";"Falta de Atenção à Condução";"Tombamento";"Com Vítimas Feridas";"Pleno dia";"Crescente";"Nublado";"Dupla";"Reta";"Não";1;0;1;0;0;0;1;1;-22,84562994;-43,09841211;"SPRF-RJ";"DEL02-RJ";"DEL5/2-UOP04/RJ"
229890;2019-08-20;"terça-feira";"07:17:00";"SP";116;202;"ARUJA";"Falta de Atenção à Condução";"Saída de leito carroçável";"Com Vítimas Feridas";"Pleno dia";"Decrescente";"Nublado";"Dupla";"Aclive";"Sim";1;0;1;0;0;0;1;1;-23,40908604;-46,34078264;"SPRF-SP";"DEL01-SP";"UOP02-DEL01-SP"
229891;2019-08-20;"terça-feira";"06:40:00";"ES";101;268,4;"SERRA";"Falta de Atenção à Condução";"Colisão traseira";"Com Vítimas Feridas";"Pleno dia";"Crescente";"Céu Claro";"Dupla";"Reta";"Sim";2;0;0;1;1;0;1;2;-20,20842;-40,269405;"SPRF-ES";"DEL02-ES";"UOP01-DEL02-ES"
229892;2019-08-20;"terça-feira";"07:10:00";"SP";381;60;"MAIRIPORA";"Avarias e/ou desgaste excessivo no pneu";"Tombamento";"Sem Vítimas";"Pleno dia";"Crescente";"Chuva";"Dupla";"Declive";"Não";2;0;0;0;2;0;0;1;-23,28957673;-46,58729853;"SPRF-SP";"DEL03-SP";"UOP01-DEL03-SP"
229894;2019-07-09;"terça-feira";"14:56:00";"PR";163;9,4;"BARRACAO";"Desobediência às normas de trânsito pelo condutor";"Atropelamento de Pedestre";"Com Vítimas Feridas";"Pleno dia";"Decrescente";"Ignorado";"Simples";"Reta";"Sim";2;0;0;1;1;0;1;2;-26,25199431;-53,63563126;"SPRF-PR";"DEL02-PR";"UOP02-DEL02-PR"
229895;2019-08-20;"terça-feira";"06:30:00";"CE";222;8,5;"CAUCAIA";"Falta de Atenção à Condução";"Atropelamento de Pedestre";"Com Vítimas Feridas";"Pleno dia";"Crescente";"Sol";"Simples";"Reta";"Não";2;0;1;0;1;0;1;2;-3,75363558;-38,63803121;"SPRF-CE";"DEL01-CE";"UOP01-DEL01-CE"
229896;2019-08-18;"domingo";"04:30:00";"MT";70;31,9;"BARRA DO GARCAS";"Falta de Atenção à Condução";"Saída de leito carroçável";"Com Vítimas Feridas";"Plena Noite";"Decrescente";"Céu Claro";"Simples";"Reta";"Não";1;0;1;0;0;0;1;1;-15,79252515;-52,48943424;"SPRF-MT";"DEL07-MT";"UOP01-DEL07-MT"
229897;2019-08-20;"terça-feira";"07:40:00";"PE";101;84,1;"JABOATAO DOS GUARARAPES";"Desobediência às normas de trânsito pelo condutor";"Colisão lateral";"Sem Vítimas";"Pleno dia";"Crescente";"Céu Claro";"Múltipla";"Reta";"Não";2;0;0;0;1;1;0;2;-8,1844326;-34,95177984;"SPRF-PE";"DEL01-PE";"UOP03-DEL01-PE"
229898;2019-08-12;"segunda-feira";"13:00:00";"SC";101;127;"ITAJAI";"Falta de Atenção à Condução";"Colisão lateral";"Com Vítimas Feridas";"Pleno dia";"Crescente";"Céu Claro";"Dupla";"Reta";"Sim";2;0;0;1;1;0;1;2;-26,9639319;-48,68328024;"SPRF-SC";"DEL04-SC";"UOP04-DEL04-SC"
229900;2019-08-20;"terça-feira";"06:35:00";"RJ";116;181;"NOVA IGUACU";"Não guardar distância de segurança";"Colisão lateral";"Com Vítimas Feridas";"Amanhecer";"Decrescente";"Chuva";"Dupla";"Reta";"Não";4;0;2;0;2;0;2;2;-22,761312;-43,423492;"SPRF-RJ";"DEL01-RJ";"UOP02-DEL01-RJ"
229901;2019-08-20;"terça-feira";"08:15:00";"GO";153;437,5;"ANAPOLIS";"Mal Súbito";"Saída de leito carroçável";"Com Vítimas Feridas";"Pleno dia";"Crescente";"Sol";"Dupla";"Viaduto";"Sim";1;0;1;0;0;0;1;1;-16,286884;-48,942978;"SPRF-GO";"DEL02-GO";"UOP01-DEL02-GO"
229903;2019-08-20;"terça-feira";"05:35:00";"PI";343;306,1;"ALTOS";"Desobediência às normas de trânsito pelo condutor";"Colisão transversal";"Com Vítimas Fatais";"Amanhecer";"Decrescente";"Céu Claro";"Simples";"Reta";"Sim";2;1;0;0;1;0;0;2;-5,038756;-42,450893;"SPRF-PI";"DEL01-PI";"UOP01-DEL01-PI"
229904;2019-08-20;"terça-feira";"04:10:00";"RN";427;5,9;"CURRAIS NOVOS";"Animais na Pista";"Atropelamento de Animal";"Sem Vítimas";"Pleno dia";"Decrescente";"Céu Claro";"Simples";"Curva";"Não";1;0;0;0;1;0;0;1;-6,306603;-36,53266701;"SPRF-RN";"DEL03-RN";"UOP02-DEL03-RN"
229905;2019-07-17;"quarta-feira";"21:00:00";"PB";230;35;"BAYEUX";"Falta de Atenção à Condução";"Saída de leito carroçável";"Com Vítimas Feridas";"Plena Noite";"Decrescente";"Céu Claro";"Simples";"Reta";"Sim";1;0;1;0;0;0;1;1;-7,1268;-34,9412;"SPRF-PB";"DEL01-PB";"UOP04-DEL01-PB"
229906;2019-08-20;"terça-feira";"08:00:00";"SC";470;142,6;"RIO DO SUL";"Ultrapassagem Indevida";"Colisão lateral";"Com Vítimas Feridas";"Pleno dia";"Crescente";"Nublado";"Simples";"Curva";"Sim";2;0;1;0;1;0;1;2;-27,21679969;-49,65405454;"SPRF-SC";"DEL04-SC";"UOP02-DEL04-SC"
229907;2019-08-20;"terça-feira";"07:50:00";"ES";101;261;"SERRA";"Falta de Atenção à Condução";"Tombamento";"Com Vítimas Feridas";"Pleno dia";"Crescente";"Céu Claro";"Dupla";"Reta";"Sim";1;0;0;1;0;0;1;1;-20,14854215;-40,27970926;"SPRF-ES";"DEL02-ES";"UOP01-DEL02-ES"
229909;2019-08-20;"terça-feira";"07:22:00";"PR";158;537;"PATO BRANCO";"Desobediência às normas de trânsito pelo condutor";"Colisão frontal";"Com Vítimas Feridas";"Pleno dia";"Crescente";"Nublado";"Simples";"Reta";"Não";3;0;0;1;0;2;1;3;-26,24774787;-52,70513312;"SPRF-PR";"DEL02-PR";"UOP01-DEL02-PR"
229914;2019-08-20;"terça-feira";"09:00:00";"SE";235;3;"ARACAJU";"Falta de Atenção à Condução";"Colisão frontal";"Com Vítimas Feridas";"Pleno dia";"Crescente";"Céu Claro";"Dupla";"Interseção de Vias";"Sim";2;0;1;0;1;0;1;2;-10,9059;-37,111;"SPRF-SE";"DEL01-SE";"UOP01-DEL01-SE"
229915;2019-08-20;"terça-feira";"07:30:00";"CE";116;11;"FORTALEZA";"Falta de Atenção à Condução";"Colisão traseira";"Com Vítimas Feridas";"Pleno dia";"Crescente";"Céu Claro";"Múltipla";"Reta";"Não";2;0;0;1;1;0;1;2;-3,84394724;-38,49891546;"SPRF-CE";"DEL01-CE";"UOP02-DEL01-CE"
229917;2019-08-20;"terça-feira";"07:40:00";"BA";324;619;"SALVADOR";"Falta de Atenção à Condução";"Engavetamento";"Sem Vítimas";"Pleno dia";"Crescente";"Céu Claro";"Dupla";"Reta";"Sim";3;0;0;0;3;0;0;3;-12,89820999;-38,45012202;"SPRF-BA";"DEL01-BA";"UOP01-DEL01-BA"
229919;2019-08-20;"terça-feira";"09:15:00";"SC";470;54,4;"BLUMENAU";"Falta de Atenção à Condução";"Colisão transversal";"Com Vítimas Feridas";"Pleno dia";"Crescente";"Chuva";"Simples";"Interseção de Vias";"Não";2;0;1;0;1;0;1;2;-26,871065;-49,110374;"SPRF-SC";"DEL04-SC";"UOP01-DEL04-SC"
229921;2019-08-20;"terça-feira";"06:35:00";"RS";392;16,5;"RIO GRANDE";"Desobediência às normas de trânsito pelo condutor";"Colisão frontal";"Com Vítimas Fatais";"Amanhecer";"Decrescente";"Céu Claro";"Dupla";"Interseção de Vias";"Sim";2;1;0;1;0;0;1;2;-32,09827207;-52,16558923;"SPRF-RS";"DEL07-RS";"UOP02-DEL07-RS"
229922;2019-08-20;"terça-feira";"09:30:00";"RS";386;352,7;"ESTRELA";"Desobediência às normas de trânsito pelo condutor";"Colisão transversal";"Com Vítimas Feridas";"Pleno dia";"Crescente";"Nublado";"Dupla";"Retorno Regulamentado";"Sim";4;0;2;0;2;0;2;2;-29,50326777;-51,94570011;"SPRF-RS";"DEL04-RS";"UOP02-DEL04-RS"
229923;2019-08-20;"terça-feira";"09:00:00";"MS";163;475,8;"CAMPO GRANDE";"Pista Escorregadia";"Tombamento";"Com Vítimas Feridas";"Pleno dia";"Crescente";"Sol";"Simples";"Interseção de Vias";"Sim";2;0;1;0;1;0;1;1;-20,51417793;-54,56291199;"SPRF-MS";"DEL01-MS";"UOP01-DEL01-MS"
229924;2019-08-20;"terça-feira";"09:00:00";"GO";20;180,1;"SIMOLANDIA";"Desobediência às normas de trânsito pelo condutor";"Colisão transversal";"Com Vítimas Feridas";"Pleno dia";"Crescente";"Céu Claro";"Simples";"Interseção de Vias";"Sim";2;0;0;1;1;0;1;2;-14,47373905;-46,4889068;"SPRF-DF";"DEL02-DF";"UOP03-DEL02-DF"
229925;2019-08-20;"terça-feira";"07:40:00";"SC";282;489,9;"FAXINAL DOS GUEDES";"Falta de Atenção à Condução";"Colisão transversal";"Com Vítimas Feridas";"Pleno dia";"Decrescente";"Nublado";"Simples";"Reta";"Não";2;0;2;0;0;0;2;2;-26,870375;-52,274731;"SPRF-SC";"DEL07-SC";"UOP01-DEL07-SC"
229926;2019-08-20;"terça-feira";"08:55:00";"RO";364;341,7;"JI-PARANA";"Desobediência às normas de trânsito pelo condutor";"Colisão transversal";"Com Vítimas Feridas";"Pleno dia";"Decrescente";"Céu Claro";"Dupla";"Interseção de Vias";"Sim";3;0;2;0;1;0;2;2;-10,88382728;-61,93739018;"SPRF-RO";"DEL02-RO";"UOP01-DEL02-RO"
229927;2019-08-20;"terça-feira";"09:50:00";"MG";381;671,6;"PERDOES";"Velocidade Incompatível";"Saída de leito carroçável";"Com Vítimas Feridas";"Pleno dia";"Crescente";"Nublado";"Dupla";"Curva;Declive";"Não";1;0;1;0;0;0;1;1;-21,08945416;-45,06864195;"SPRF-MG";"DEL04-MG";"UOP02-DEL04-MG"
229928;2019-08-20;"terça-feira";"07:20:00";"SP";116;458;"PARIQUERA-ACU";"Falta de Atenção à Condução";"Saída de leito carroçável";"Sem Vítimas";"Pleno dia";"Crescente";"Chuva";"Dupla";"Curva";"Não";2;0;0;0;2;0;0;1;-24,5958452;-47,8771454;"SPRF-SP";"DEL05-SP";"UOP01-DEL05-SP"
229929;2019-08-20;"terça-feira";"09:30:00";"PR";116;47;"CAMPINA GRANDE DO SUL";"Velocidade Incompatível";"Capotamento";"Com Vítimas Feridas";"Pleno dia";"Crescente";"Garoa/Chuvisco";"Dupla";"Curva";"Não";1;0;1;0;0;0;1;1;-25,21058799;-48,89720903;"SPRF-PR";"DEL01-PR";"UOP02-DEL01-PR"
229932;2019-08-20;"terça-feira";"10:35:00";"PE";101;70,2;"RECIFE";"Falta de Atenção à Condução";"Colisão lateral";"Com Vítimas Feridas";"Pleno dia";"Crescente";"Céu Claro";"Dupla";"Interseção de Vias";"Sim";2;0;1;0;1;0;1;2;-8,06776119;-34,94265074;"SPRF-PE";"DEL01-PE";"UOP01-DEL01-PE"
229934;2019-08-20;"terça-feira";"09:05:00";"MA";222;673;"ACAILANDIA";"Falta de Atenção à Condução";"Engavetamento";"Com Vítimas Feridas";"Pleno dia";"Crescente";"Céu Claro";"Simples";"Reta";"Sim";4;0;2;1;1;0;3;4;-4,92960481;-47,44590111;"SPRF-MA";"DEL04-MA";"UOP03-DEL04-MA"
229935;2019-08-20;"terça-feira";"10:50:00";"MA";222;670;"ACAILANDIA";"Desobediência às normas de trânsito pelo condutor";"Colisão lateral";"Com Vítimas Feridas";"Pleno dia";"Crescente";"Céu Claro";"Múltipla";"Reta";"Sim";2;0;1;1;0;0;2;2;-4,91607953;-47,42281928;"SPRF-MA";"DEL04-MA";"UOP03-DEL04-MA"
229938;2019-08-20;"terça-feira";"11:00:00";"SC";101;166;"TIJUCAS";"Velocidade Incompatível";"Saída de leito carroçável";"Com Vítimas Feridas";"Pleno dia";"Crescente";"Nublado";"Dupla";"Reta";"Não";3;0;2;0;1;0;2;1;-27,26147697;-48,63180349;"SPRF-SC";"DEL04-SC";"UOP03-DEL04-SC"
229939;2019-08-20;"terça-feira";"11:10:00";"PR";376;176,4;"MARINGA";"Não guardar distância de segurança";"Colisão traseira";"Com Vítimas Feridas";"Pleno dia";"Decrescente";"Céu Claro";"Dupla";"Declive";"Sim";2;0;1;0;1;0;1;2;-23,411449;-51,93542004;"SPRF-PR";"DEL07-PR";"UOP01-DEL09-PR"
229940;2019-08-20;"terça-feira";"10:30:00";"PI";343;3,9;"TERESINA";"Não guardar distância de segurança";"Colisão traseira";"Sem Vítimas";"Pleno dia";"Crescente";"Céu Claro";"Múltipla";"Reta";"Sim";2;0;0;0;2;0;0;2;-5,0803596;-42,785613;"SPRF-PI";"DEL05-PI";"UOP01-DEL05-PI"
229941;2019-08-20;"terça-feira";"10:45:00";"SC";101;208,5;"SAO JOSE";"Desobediência às normas de trânsito pelo condutor";"Colisão traseira";"Com Vítimas Feridas";"Pleno dia";"Crescente";"Céu Claro";"Dupla";"Reta";"Sim";3;0;0;1;2;0;1;3;-27,60327979;-48,63201818;"SPRF-SC";"DEL01-SC";"UOP01-DEL01-SC"
229943;2019-08-20;"terça-feira";"10:00:00";"SP";116;322,5;"JUQUITIBA";"Pista Escorregadia";"Capotamento";"Com Vítimas Feridas";"Pleno dia";"Decrescente";"Garoa/Chuvisco";"Dupla";"Reta";"Não";3;0;3;0;0;0;3;1;-23,935106;-47,026682;"SPRF-SP";"DEL04-SP";"UOP03-DEL04-SP"
229945;2019-07-15;"segunda-feira";"19:40:00";"MT";70;4;"BARRA DO GARCAS";"Falta de Atenção à Condução";"Colisão traseira";"Com Vítimas Feridas";"Pleno dia";"Crescente";"Céu Claro";"Dupla";"Reta;Rotatória";"Sim";3;0;1;0;2;0;1;2;-15,87907036;-52,28563311;"SPRF-MT";"DEL07-MT";"UOP01-DEL07-MT"
229946;2019-08-16;"sexta-feira";"07:40:00";"SC";101;210;"SAO JOSE";"Falta de Atenção à Condução";"Colisão lateral";"Com Vítimas Feridas";"Pleno dia";"Decrescente";"Céu Claro";"Dupla";"Reta";"Sim";2;0;1;0;1;0;1;2;-27,6167305;-48,6457265;"SPRF-SC";"DEL01-SC";"UOP01-DEL01-SC"
229949;2019-08-20;"terça-feira";"11:30:00";"PR";153;42,4;"SANTO ANTONIO DA PLATINA";"Desobediência às normas de trânsito pelo condutor";"Colisão lateral";"Com Vítimas Feridas";"Pleno dia";"Crescente";"Céu Claro";"Simples";"Interseção de Vias";"Sim";2;0;1;0;1;0;1;2;-23,29512144;-50,06578041;"SPRF-PR";"DEL07-PR";"UOP04-DEL07-PR"
229951;2019-06-02;"domingo";"04:50:00";"RS";116;241;"NOVO HAMBURGO";"Ingestão de álcool e/ou substâncias psicoativas pelo pedestre";"Saída de leito carroçável";"Com Vítimas Feridas";"Plena Noite";"Decrescente";"Chuva";"Dupla";"Reta";"Sim";4;0;1;3;0;0;4;1;-29,71396796;-51,1476744;"SPRF-RS";"DEL01-RS";"UOP02-DEL01-RS"
229952;2019-08-20;"terça-feira";"10:35:00";"RS";471;151;"SANTA CRUZ DO SUL";"Falta de Atenção à Condução";"Colisão frontal";"Com Vítimas Fatais";"Pleno dia";"Crescente";"Céu Claro";"Simples";"Curva";"Não";3;1;2;0;0;0;2;2;-29,826267;-52,401089;"SPRF-RS";"DEL02-RS";"UOP02-DEL02-RS"
229953;2019-08-20;"terça-feira";"09:46:00";"MG";381;811,9;"CAREACU";"Velocidade Incompatível";"Colisão com objeto estático";"Com Vítimas Feridas";"Pleno dia";"Crescente";"Chuva";"Dupla";"Curva";"Não";1;0;1;0;0;0;1;1;-22,05313393;-45,6960471;"SPRF-MG";"DEL16-MG";"UOP02-DEL16-MG"
229954;2019-05-28;"terça-feira";"17:00:00";"ES";101;69;"SAO MATEUS";"Não guardar distância de segurança";"Colisão traseira";"Com Vítimas Feridas";"Anoitecer";"Crescente";"Nublado";"Simples";"Reta";"Sim";3;0;0;1;2;0;1;2;-18,73556097;-39,86069526;"SPRF-ES";"DEL04-ES";"UOP02-DEL04-ES"
229955;2019-08-20;"terça-feira";"12:00:00";"MG";40;656;"CRISTIANO OTONI";"Velocidade Incompatível";"Saída de leito carroçável";"Com Vítimas Feridas";"Pleno dia";"Decrescente";"Nublado";"Dupla";"Curva";"Não";2;0;2;0;0;0;2;1;-20,87261896;-43,79985605;"SPRF-MG";"DEL05-MG";"UOP02-DEL05-MG"
229956;2019-08-20;"terça-feira";"10:05:00";"PI";316;32,9;"DEMERVAL LOBAO";"Desobediência às normas de trânsito pelo condutor";"Queda de ocupante de veículo";"Com Vítimas Feridas";"Pleno dia";"Crescente";"Céu Claro";"Múltipla";"Reta";"Sim";1;0;0;1;0;0;1;1;-5,35999464;-42,67570496;"SPRF-PI";"DEL01-PI";"UOP02-DEL01-PI"
229957;2019-08-20;"terça-feira";"12:00:00";"RJ";356;91,9;"CARDOSO MOREIRA";"Pista Escorregadia";"Saída de leito carroçável";"Com Vítimas Feridas";"Pleno dia";"Crescente";"Nublado";"Simples";"Curva";"Sim";1;0;0;1;0;0;1;1;-21,51260493;-41,60185096;"SPRF-RJ";"DEL08-RJ";"UOP03-DEL08-RJ"