"id";"data_inversa";"dia_semana";"horario";"uf";"br";"km";"municipio";"causa_acidente";"tipo_acidente";"classificacao_acidente";"fase_dia";"sentido_via";"condicao_metereologica";"tipo_pista";"tracado_via";"uso_solo";"pessoas";"mortos";"feridos_leves";"feridos_graves";"ilesos";"ignorados";"feridos";"veiculos";"latitude";"longitude";"regional";"delegacia";"uop"
229958;2019-08-20;"terça-feira";"11:40:00";"MG";40;282,6;"TRES MARIAS";"Desobediência às normas de trânsito pelo condutor";"Colisão traseira";"Com Vítimas Feridas";"Pleno dia";"Crescente";"Céu Claro";"Simples";"Interseção de Vias";"Sim";4;0;2;0;2;0;2;2;-18,24923582;-45,20220684;"SPRF-MG";"DEL14-MG";"UOP02-DEL14-MG"
229959;2019-08-20;"terça-feira";"10:20:00";"SC";163;90;"GUARACIABA";"Falta de Atenção à Condução";"Saída de leito carroçável";"Com Vítimas Feridas";"Pleno dia";"Crescente";"Sol";"Simples";"Curva;Em Obras";"Não";1;0;1;0;0;0;1;1;-26,55160273;-53,5174942;"SPRF-SC";"DEL07-SC";"UOP03-DEL07-SC"
229960;2019-08-20;"terça-feira";"13:10:00";"RS";153;48;"ERECHIM";"Falta de Atenção do Pedestre";"Atropelamento de Pedestre";"Com Vítimas Feridas";"Pleno dia";"Crescente";"Céu Claro";"Simples";"Reta";"Sim";5;0;2;0;1;2;2;3;-27,65118001;-52,257248;"SPRF-RS";"DEL08-RS";"UOP04-DEL08-RS"
229961;2019-08-20;"terça-feira";"11:10:00";"MA";135;27;"BACABEIRA";"Defeito Mecânico no Veículo";"Saída de leito carroçável";"Com Vítimas Feridas";"Pleno dia";"Decrescente";"Sol";"Dupla";"Reta";"Não";3;0;1;0;2;0;1;1;-2,777066;-44,374054;"SPRF-MA";"DEL01-MA";"UOP01-DEL01-MA"
229962;2019-08-20;"terça-feira";"12:00:00";"MT";70;523;"VARZEA GRANDE";"Falta de Atenção à Condução";"Queda de ocupante de veículo";"Com Vítimas Feridas";"Pleno dia";"Crescente";"Céu Claro";"Simples";"Reta";"Sim";1;0;1;0;0;0;1;1;-15,66048596;-56,18702978;"SPRF-MT";"DEL01-MT";"DEL2/4-UOP02/MT"
229963;2019-08-20;"terça-feira";"13:20:00";"RJ";116;42;"TERESOPOLIS";"Desobediência às normas de trânsito pelo condutor";"Colisão transversal";"Com Vítimas Feridas";"Pleno dia";"Crescente";"Nublado";"Simples";"Reta";"Não";3;0;1;1;1;0;2;2;-22,14560636;-42,79362881;"SPRF-RJ";"DEL04-RJ";"UOP01-DEL04-RJ"
229966;2019-08-20;"terça-feira";"13:40:00";"ES";101;2;"SERRA";"Não guardar distância de segurança";"Colisão traseira";"Com Vítimas Feridas";"Pleno dia";"Decrescente";"Nublado";"Dupla";"Reta";"Sim";6;0;0;1;5;0;1;5;-20,25382289;-40,28892517;"SPRF-ES";"DEL02-ES";"UOP01-DEL02-ES"
229967;2019-08-20;"terça-feira";"13:50:00";"RN";101;98;"NATAL";"Falta de Atenção à Condução";"Colisão lateral";"Com Vítimas Feridas";"Pleno dia";"Decrescente";"Sol";"Dupla";"Aclive";"Sim";3;0;2;0;1;0;2;2;-5,86567888;-35,21651625;"SPRF-RN";"DEL01-RN";"UOP01-DEL01-RN"
229969;2019-08-20;"terça-feira";"11:20:00";"RJ";101;319;"NITEROI";"Falta de Atenção à Condução";"Colisão lateral";"Com Vítimas Feridas";"Pleno dia";"Crescente";"Nublado";"Dupla";"Reta";"Sim";2;0;1;0;1;0;1;2;-22,85363556;-43,10172558;"SPRF-RJ";"DEL02-RJ";"DEL5/2-UOP04/RJ"
229971;2019-08-17;"sábado";"05:45:00";"PR";277;365,9;"GUARAPUAVA";"Falta de Atenção à Condução";"Colisão traseira";"Sem Vítimas";"Pleno dia";"Crescente";"Céu Claro";"Simples";"Reta";"Não";2;0;0;0;1;1;0;2;-25,43647414;-51,64543002;"SPRF-PR";"DEL03-PR";"UOP01-DEL08-PR"
229972;2019-08-20;"terça-feira";"13:40:00";"MG";146;605,2;"POCOS DE CALDAS";"Velocidade Incompatível";"Saída de leito carroçável";"Com Vítimas Feridas";"Pleno dia";"Crescente";"Chuva";"Simples";"Curva;Aclive";"Não";1;0;1;0;0;0;1;1;-21,80288083;-46,44943985;"SPRF-MG";"DEL16-MG";"UOP01-DEL09-MG"
229973;2019-08-20;"terça-feira";"14:20:00";"PR";116;16;"ANTONINA";"Desobediência às normas de trânsito pelo condutor";"Capotamento";"Com Vítimas Feridas";"Pleno dia";"Crescente";"Garoa/Chuvisco";"Dupla";"Curva";"Não";1;0;1;0;0;0;1;1;-25,09969807;-48,692225;"SPRF-PR";"DEL01-PR";"UOP02-DEL01-PR"
229976;2019-08-20;"terça-feira";"14:10:00";"SP";153;73;"SAO JOSE DO RIO PRETO";"Defeito Mecânico no Veículo";"Tombamento";"Com Vítimas Feridas";"Pleno dia";"Crescente";"Céu Claro";"Dupla";"Reta";"Não";2;0;1;0;1;0;1;1;-20,87627206;-49,42004692;"SPRF-SP";"DEL09-SP";"UOP01-DEL09-SP"
229980;2019-08-20;"terça-feira";"14:20:00";"MG";381;729,5;"CARMO DA CACHOEIRA";"Velocidade Incompatível";"Colisão com objeto estático";"Com Vítimas Feridas";"Pleno dia";"Decrescente";"Chuva";"Dupla";"Curva;Aclive";"Não";2;0;1;1;0;0;2;2;-21,53065495;-45,23082007;"SPRF-MG";"DEL04-MG";"UOP02-DEL04-MG"
229982;2019-08-20;"terça-feira";"15:15:00";"TO";153;201;"NOVA OLINDA";"Animais na Pista";"Colisão traseira";"Sem Vítimas";"Pleno dia";"Decrescente";"Céu Claro";"Simples";"Reta";"Não";2;0;0;0;2;0;0;2;-7,65727299;-48,42637682;"SPRF-TO";"DEL02-TO";"UOP01-DEL02-TO"
229983;2019-04-25;"quinta-feira";"14:23:00";"MT";364;269,8;"JACIARA";"Não guardar distância de segurança";"Colisão transversal";"Com Vítimas Feridas";"Pleno dia";"Crescente";"Nublado";"Simples";"Curva";"Sim";3;0;0;1;2;0;1;3;-15,974228;-54,938;"SPRF-MT";"DEL02-MT";"UOP02-DEL05-MT"
229985;2019-08-20;"terça-feira";"13:00:00";"AM";230;491;"HUMAITA";"Restrição de Visibilidade";"Capotamento";"Com Vítimas Fatais";"Pleno dia";"Decrescente";"Céu Claro";"Simples";"Reta";"Não";2;1;0;1;0;0;1;1;-7,94151772;-62,08821988;"SPRF-RO";"DEL01-RO";"UOP05-DEL01-AM"
229987;2019-08-20;"terça-feira";"15:10:00";"SC";101;208,6;"SAO JOSE";"Não guardar distância de segurança";"Colisão traseira";"Sem Vítimas";"Pleno dia";"Decrescente";"Céu Claro";"Dupla";"Declive;Interseção de Vias";"Sim";2;0;0;0;2;0;0;2;-27,60327979;-48,63201818;"SPRF-SC";"DEL01-SC";"UOP01-DEL01-SC"
229992;2019-08-20;"terça-feira";"16:00:00";"ES";101;142,6;"LINHARES";"Falta de Atenção à Condução";"Colisão lateral";"Com Vítimas Feridas";"Pleno dia";"Crescente";"Céu Claro";"Simples";"Interseção de Vias";"Sim";2;0;1;0;1;0;1;2;-19,33458987;-40,06755477;"SPRF-ES";"DEL04-ES";"UOP01-DEL04-ES"
229993;2019-08-20;"terça-feira";"15:35:00";"PB";230;3,2;"CABEDELO";"Desobediência às normas de trânsito pelo condutor";"Colisão transversal";"Com Vítimas Feridas";"Pleno dia";"Crescente";"Céu Claro";"Simples";"Reta";"Sim";3;0;1;1;0;1;2;2;-7,00345;-34,828947;"SPRF-PB";"DEL01-PB";"UOP01-DEL01-PB"
229996;2019-08-20;"terça-feira";"14:25:00";"CE";116;62,5;"CHOROZINHO";"Falta de Atenção à Condução";"Colisão lateral";"Com Vítimas Feridas";"Pleno dia";"Decrescente";"Céu Claro";"Simples";"Reta";"Não";2;0;0;1;1;0;1;2;-4,2640181;-38,48896668;"SPRF-CE";"DEL03-CE";"UOP02-DEL03-CE"
229997;2019-08-20;"terça-feira";"15:00:00";"TO";153;545;"NOVA ROSALANDIA";"Fenômenos da Natureza";"Incêndio";"Com Vítimas Feridas";"Pleno dia";"Decrescente";"Céu Claro";"Simples";"Aclive;Reta";"Não";2;0;1;0;1;0;1;1;-10,60123503;-48,91257138;"SPRF-TO";"DEL02-TO";"UOP01-DEL01-TO"
229998;2019-08-20;"terça-feira";"15:55:00";"PR";277;82,3;"CURITIBA";"Desobediência às normas de trânsito pelo condutor";"Tombamento";"Com Vítimas Feridas";"Pleno dia";"Decrescente";"Nublado";"Dupla";"Reta";"Sim";1;0;1;0;0;0;1;1;-25,568939;-49,181978;"SPRF-PR";"DEL01-PR";"UOP06-DEL01-PR"
230000;2019-08-20;"terça-feira";"16:10:00";"PR";376;178,6;"MARINGA";"Não guardar distância de segurança";"Colisão lateral";"Com Vítimas Feridas";"Pleno dia";"Decrescente";"Céu Claro";"Dupla";"Reta";"Sim";2;0;1;0;1;0;1;2;-23,4181689;-51,91608131;"SPRF-PR";"DEL07-PR";"UOP01-DEL09-PR"
230001;2019-08-20;"terça-feira";"13:45:00";"MG";116;530,3;"CARATINGA";"Falta de Atenção à Condução";"Tombamento";"Com Vítimas Feridas";"Pleno dia";"Decrescente";"Nublado";"Dupla";"Curva";"Sim";1;0;1;0;0;0;1;1;-19,81067298;-42,13539446;"SPRF-MG";"DEL06-MG";"UOP02-DEL06-MG"
230003;2019-08-20;"terça-feira";"15:00:00";"BA";101;720;"EUNAPOLIS";"Restrição de Visibilidade";"Colisão com objeto estático";"Com Vítimas Feridas";"Pleno dia";"Crescente";"Céu Claro";"Simples";"Reta";"Sim";3;0;1;0;2;0;1;1;-16,39408307;-39,58352719;"SPRF-BA";"DEL09-BA";"UOP01-DEL09-BA"
230006;2019-08-08;"quinta-feira";"08:05:00";"MS";163;844;"SONORA";"Defeito Mecânico no Veículo";"Incêndio";"Sem Vítimas";"Pleno dia";"Crescente";"Sol";"Simples";"Reta";"Não";1;0;0;0;1;0;0;1;-17,536986;-54,74086403;"SPRF-MS";"DEL06-MS";"UOP01-DEL06-MS"
230007;2019-08-20;"terça-feira";"16:10:00";"MG";116;527,1;"CARATINGA";"Falta de Atenção à Condução";"Colisão transversal";"Com Vítimas Feridas";"Pleno dia";"Crescente";"Céu Claro";"Simples";"Reta";"Sim";2;0;0;1;1;0;1;2;-19,78510701;-42,13445297;"SPRF-MG";"DEL06-MG";"UOP02-DEL06-MG"
230008;2019-08-20;"terça-feira";"17:15:00";"RN";101;103,9;"PARNAMIRIM";"Falta de Atenção à Condução";"Colisão traseira";"Com Vítimas Feridas";"Anoitecer";"Decrescente";"Céu Claro";"Múltipla";"Declive";"Sim";3;0;1;0;2;0;1;2;-5,892082;-35,256422;"SPRF-RN";"DEL01-RN";"UOP01-DEL01-RN"
230009;2019-08-20;"terça-feira";"17:00:00";"PI";343;2,2;"TERESINA";"Falta de Atenção à Condução";"Colisão transversal";"Sem Vítimas";"Pleno dia";"Crescente";"Sol";"Dupla";"Reta";"Sim";2;0;0;0;2;0;0;2;-5,08153463;-42,76835382;"SPRF-PI";"DEL01-PI";"UOP01-DEL01-PI"
230010;2019-08-20;"terça-feira";"17:15:00";"PR";376;499,9;"PONTA GROSSA";"Falta de Atenção à Condução";"Queda de ocupante de veículo";"Com Vítimas Feridas";"Anoitecer";"Crescente";"Nublado";"Dupla";"Reta";"Não";1;0;1;0;0;0;1;1;-25,19475149;-50,07738945;"SPRF-PR";"DEL03-PR";"UOP04-DEL03-PR"
230011;2019-08-20;"terça-feira";"13:20:00";"MG";40;133,5;"JOAO PINHEIRO";"Defeito Mecânico no Veículo";"Incêndio";"Sem Vítimas";"Pleno dia";"Crescente";"Céu Claro";"Simples";"Reta";"Não";1;0;0;0;1;0;0;1;-17,71287522;-46,25812209;"SPRF-MG";"DEL14-MG";"UOP01-DEL14-MG"
230012;2019-08-20;"terça-feira";"17:40:00";"SP";116;207,4;"GUARULHOS";"Não guardar distância de segurança";"Colisão lateral";"Com Vítimas Feridas";"Anoitecer";"Crescente";"Nublado";"Simples";"Reta";"Não";2;0;1;0;1;0;1;2;-23,41972188;-46,38419203;"SPRF-SP";"DEL01-SP";"UOP01-DEL01-SP"
230014;2019-08-20;"terça-feira";"18:00:00";"PR";376;488;"PONTA GROSSA";"Ingestão de Álcool";"Atropelamento de Pedestre";"Com Vítimas Feridas";"Plena Noite";"Decrescente";"Nublado";"Dupla";"Curva";"Sim";2;0;1;0;1;0;1;2;-25,13510082;-50,16497282;"SPRF-PR";"DEL03-PR";"UOP04-DEL03-PR"
230015;2019-08-20;"terça-feira";"17:45:00";"RN";101;110;"PARNAMIRIM";"Falta de Atenção à Condução";"Queda de ocupante de veículo";"Com Vítimas Feridas";"Plena Noite";"Crescente";"Céu Claro";"Dupla";"Reta";"Não";2;0;2;0;0;0;2;1;-5,946376;-35,26485;"SPRF-RN";"DEL01-RN";"UOP01-DEL01-RN"
230016;2019-08-20;"terça-feira";"17:15:00";"MG";116;776,7;"LEOPOLDINA";"Falta de Atenção à Condução";"Capotamento";"Com Vítimas Feridas";"Anoitecer";"Crescente";"Chuva";"Simples";"Curva";"Não";2;0;1;0;0;1;1;2;-21,59023796;-42,68715187;"SPRF-MG";"DEL07-MG";"UOP01-DEL07-MG"
230018;2019-08-20;"terça-feira";"18:30:00";"ES";101;211;"IBIRACU";"Desobediência às normas de trânsito pelo condutor";"Colisão transversal";"Com Vítimas Feridas";"Plena Noite";"Crescente";"Céu Claro";"Simples";"Reta";"Sim";2;0;1;0;1;0;1;2;-19,80700903;-40,36767233;"SPRF-ES";"DEL02-ES";"UOP01-DEL02-ES"
230020;2019-08-20;"terça-feira";"18:20:00";"GO";50;282,9;"CATALAO";"Falta de Atenção à Condução";"Colisão transversal";"Com Vítimas Feridas";"Anoitecer";"Crescente";"Céu Claro";"Simples";"Interseção de Vias";"Sim";2;0;1;0;1;0;1;2;-18,1896;-47,9511;"SPRF-GO";"DEL06-GO";"UOP01-DEL06-GO"
230021;2019-08-20;"terça-feira";"18:35:00";"PR";376;4,9;"MANDAGUARI";"Desobediência às normas de trânsito pelo condutor";"Atropelamento de Pedestre";"Com Vítimas Feridas";"Anoitecer";"Crescente";"Céu Claro";"Simples";"Interseção de Vias";"Sim";2;0;1;0;1;0;1;2;-23,52315901;-51,6786629;"SPRF-PR";"DEL07-PR";"UOP01-DEL09-PR"
230023;2019-08-20;"terça-feira";"17:40:00";"PE";232;410;"SERRA TALHADA";"Desobediência às normas de trânsito pelo condutor";"Colisão transversal";"Com Vítimas Feridas";"Anoitecer";"Decrescente";"Céu Claro";"Simples";"Reta";"Não";3;0;2;0;1;0;2;2;-7,98261841;-38,30039606;"SPRF-PE";"DEL04-PE";"UOP01-DEL04-PE"
230024;2019-08-20;"terça-feira";"18:43:00";"RS";386;343,1;"LAJEADO";"Desobediência às normas de trânsito pelo condutor";"Colisão transversal";"Com Vítimas Feridas";"Anoitecer";"Decrescente";"Nublado";"Simples";"Interseção de Vias";"Não";2;0;1;0;1;0;1;2;-29,434835;-52,002365;"SPRF-RS";"DEL04-RS";"UOP01-DEL04-RS"
230025;2019-08-20;"terça-feira";"18:50:00";"RN";101;99;"PARNAMIRIM";"Falta de Atenção à Condução";"Colisão traseira";"Com Vítimas Feridas";"Plena Noite";"Decrescente";"Céu Claro";"Dupla";"Reta";"Sim";2;0;1;0;1;0;1;2;-5,87359183;-35,22063023;"SPRF-RN";"DEL01-RN";"UOP01-DEL01-RN"
230026;2019-08-20;"terça-feira";"17:45:00";"SC";101;249,2;"PAULO LOPES";"Objeto estático sobre o leito carroçável";"Colisão com objeto estático";"Sem Vítimas";"Anoitecer";"Crescente";"Ignorado";"Dupla";"Reta";"Não";1;0;0;0;1;0;0;1;-27,93414102;-48,66237393;"SPRF-SC";"DEL02-SC";"UOP03-DEL02-SC"
230027;2019-08-20;"terça-feira";"19:00:00";"DF";70;14,7;"BRASILIA";"Agressão Externa";"Saída de leito carroçável";"Com Vítimas Feridas";"Plena Noite";"Decrescente";"Céu Claro";"Dupla";"Reta";"Não";2;0;1;0;1;0;1;1;-15,797312;-48,176056;"SPRF-DF";"DEL01-DF";"UOP02-DEL03-DF"
230028;2019-08-20;"terça-feira";"18:50:00";"SE";101;149;"ESTANCIA";"Desobediência às normas de trânsito pelo condutor";"Colisão transversal";"Com Vítimas Feridas";"Plena Noite";"Crescente";"Céu Claro";"Simples";"Reta";"Sim";3;0;2;0;1;0;2;2;-11,24076315;-37,43120873;"SPRF-SE";"DEL02-SE";"UOP01-DEL02-SE"
230029;2019-08-20;"terça-feira";"18:50:00";"GO";158;245;"JATAI";"Falta de Atenção à Condução";"Colisão frontal";"Com Vítimas Feridas";"Plena Noite";"Decrescente";"Nublado";"Simples";"Reta";"Não";4;0;1;1;2;0;2;2;-17,69268998;-51,83678716;"SPRF-GO";"DEL05-GO";"UOP01-DEL05-GO"
230030;2019-08-20;"terça-feira";"19:00:00";"SC";470;64,9;"INDAIAL";"Falta de Atenção à Condução";"Colisão lateral";"Com Vítimas Feridas";"Plena Noite";"Crescente";"Nublado";"Simples";"Reta";"Não";2;0;1;0;1;0;1;2;-26,869867;-49,201859;"SPRF-SC";"DEL04-SC";"UOP01-DEL04-SC"
230032;2019-08-20;"terça-feira";"18:50:00";"PB";101;90,1;"JOAO PESSOA";"Falta de Atenção à Condução";"Colisão transversal";"Com Vítimas Feridas";"Plena Noite";"Crescente";"Céu Claro";"Dupla";"Reta";"Sim";2;0;1;0;1;0;1;2;-7,181185;-34,900847;"SPRF-PB";"DEL01-PB";"UOP01-DEL01-PB"
230033;2019-08-20;"terça-feira";"18:50:00";"SC";282;17,9;"PALHOCA";"Não guardar distância de segurança";"Colisão traseira";"Com Vítimas Feridas";"Plena Noite";"Decrescente";"Nublado";"Simples";"Reta";"Sim";4;0;2;0;2;0;2;3;-27,67045437;-48,69140625;"SPRF-SC";"DEL01-SC";"UOP02-DEL01-SC"
230035;2019-08-20;"terça-feira";"19:00:00";"SC";101;102,7;"BALNEARIO PICARRAS";"Falta de Atenção do Pedestre";"Atropelamento de Pedestre";"Com Vítimas Fatais";"Plena Noite";"Crescente";"Nublado";"Dupla";"Reta";"Não";2;1;0;0;1;0;0;2;-26,77383397;-48,68594062;"SPRF-SC";"DEL03-SC";"UOP02-DEL03-SC"
230036;2019-08-20;"terça-feira";"17:10:00";"PR";369;184,3;"ARAPONGAS";"Falta de Atenção à Condução";"Colisão transversal";"Com Vítimas Feridas";"Pleno dia";"Decrescente";"Céu Claro";"Simples";"Interseção de Vias";"Sim";1;0;1;0;0;0;1;1;-23,40133719;-51,42751694;"SPRF-PR";"DEL07-PR";"UOP03-DEL07-PR"
230037;2019-08-20;"terça-feira";"17:50:00";"RJ";101;325;"NITEROI";"Não guardar distância de segurança";"Colisão lateral";"Com Vítimas Feridas";"Plena Noite";"Decrescente";"Garoa/Chuvisco";"Dupla";"Declive";"Não";2;0;1;0;1;0;1;2;-22,87292569;-43,13625699;"SPRF-RJ";"DEL02-RJ";"UOP02-DEL02-RJ"
230039;2019-08-20;"terça-feira";"19:00:00";"SP";153;49,5;"SAO JOSE DO RIO PRETO";"Falta de Atenção do Pedestre";"Atropelamento de Pedestre";"Com Vítimas Feridas";"Plena Noite";"Decrescente";"Céu Claro";"Simples";"Reta";"Sim";2;0;2;0;0;0;2;2;-20,70477886;-49,3392992;"SPRF-SP";"DEL09-SP";"UOP01-DEL09-SP"
230040;2019-08-20;"terça-feira";"17:15:00";"SC";163;66,9;"SAO MIGUEL DO OESTE";"Falta de Atenção à Condução";"Colisão transversal";"Com Vítimas Feridas";"Pleno dia";"Crescente";"Céu Claro";"Dupla";"Interseção de Vias";"Sim";2;0;1;0;1;0;1;2;-26,76829633;-53,50019222;"SPRF-SC";"DEL07-SC";"UOP03-DEL07-SC"
230041;2019-08-20;"terça-feira";"19:15:00";"PR";116;140;"MANDIRITUBA";"Falta de Atenção do Pedestre";"Atropelamento de Pedestre";"Com Vítimas Feridas";"Plena Noite";"Decrescente";"Nublado";"Dupla";"Reta";"Sim";2;0;0;1;1;0;1;2;-25,728448;-49,3178318;"SPRF-PR";"DEL01-PR";"UOP03-DEL01-PR"
230042;2019-08-20;"terça-feira";"20:10:00";"DF";20;21,3;"BRASILIA";"Falta de Atenção à Condução";"Tombamento";"Com Vítimas Feridas";"Plena Noite";"Decrescente";"Céu Claro";"Dupla";"Reta";"Sim";2;0;1;0;1;0;1;1;-15,603384;-47,684692;"SPRF-DF";"DEL02-DF";"UOP01-DEL02-DF"
230043;2019-08-20;"terça-feira";"19:50:00";"ES";482;125,5;"DORES DO RIO PRETO";"Desobediência às normas de trânsito pelo condutor";"Colisão traseira";"Com Vítimas Fatais";"Plena Noite";"Crescente";"Ignorado";"Simples";"Reta";"Não";2;1;0;0;1;0;0;2;-20,77236603;-41,80634301;"SPRF-ES";"DEL03-ES";"UOP02-DEL03-ES"
230044;2019-08-20;"terça-feira";"20:00:00";"SC";101;123,1;"ITAJAI";"Desobediência às normas de trânsito pelo condutor";"Colisão transversal";"Com Vítimas Feridas";"Plena Noite";"Crescente";"Garoa/Chuvisco";"Simples";"Interseção de Vias";"Sim";2;0;1;0;1;0;1;2;-26,93668609;-48,69876905;"SPRF-SC";"DEL04-SC";"UOP04-DEL04-SC"
230046;2019-08-20;"terça-feira";"20:15:00";"MG";356;268,3;"MURIAE";"Desobediência às normas de trânsito pelo condutor";"Colisão frontal";"Com Vítimas Feridas";"Plena Noite";"Crescente";"Chuva";"Simples";"Interseção de Vias";"Sim";3;0;0;1;1;1;1;3;-21,12826523;-42,34636372;"SPRF-MG";"DEL07-MG";"UOP02-DEL07-MG"
230048;2019-08-20;"terça-feira";"19:30:00";"MG";262;48,6;"MANHUACU";"Ingestão de Álcool";"Saída de leito carroçável";"Sem Vítimas";"Plena Noite";"Crescente";"Céu Claro";"Simples";"Curva";"Não";1;0;0;0;1;0;0;1;-20,25373412;-42,12287611;"SPRF-MG";"DEL06-MG";"UOP03-DEL06-MG"
230049;2019-08-20;"terça-feira";"20:35:00";"MG";40;470,1;"SETE LAGOAS";"Desobediência às normas de trânsito pelo pedestre";"Atropelamento de Pedestre";"Com Vítimas Feridas";"Plena Noite";"Decrescente";"Céu Claro";"Dupla";"Reta;Declive";"Não";2;0;0;2;0;0;2;2;-19,467917;-44,295468;"SPRF-MG";"DEL02-MG";"UOP01-DEL02-MG"
230052;2019-08-20;"terça-feira";"20:40:00";"RS";116;245,3;"SAO LEOPOLDO";"Desobediência às normas de trânsito pelo condutor";"Colisão frontal";"Com Vítimas Feridas";"Plena Noite";"Crescente";"Céu Claro";"Simples";"Interseção de Vias";"Sim";3;0;0;1;2;0;1;3;-29,75247411;-51,15187168;"SPRF-RS";"DEL01-RS";"UOP02-DEL01-RS"
230054;2019-08-20;"terça-feira";"20:20:00";"ES";262;105;"VENDA NOVA DO IMIGRANTE";"Falta de Atenção à Condução";"Colisão transversal";"Com Vítimas Feridas";"Plena Noite";"Crescente";"Garoa/Chuvisco";"Simples";"Reta";"Não";2;0;0;1;1;0;1;2;-20,32624656;-41,13598921;"SPRF-ES";"DEL01-ES";"UOP02-DEL01-ES"
230059;2019-08-20;"terça-feira";"19:30:00";"SP";116;340,6;"MIRACATU";"Velocidade Incompatível";"Colisão com objeto estático";"Com Vítimas Fatais";"Plena Noite";"Decrescente";"Chuva";"Dupla";"Curva;Declive";"Sim";2;1;0;1;0;0;1;1;-24,00939649;-47,16101381;"SPRF-SP";"DEL04-SP";"UOP03-DEL04-SP"
230061;2019-08-20;"terça-feira";"20:40:00";"GO";158;268;"JATAI";"Ingestão de Álcool";"Colisão lateral";"Com Vítimas Feridas";"Plena Noite";"Crescente";"Céu Claro";"Simples";"Reta";"Sim";2;0;1;1;0;0;2;2;-17,846682;-51,73598;"SPRF-GO";"DEL05-GO";"UOP01-DEL05-GO"
230062;2019-08-20;"terça-feira";"21:40:00";"ES";101;265,9;"SERRA";"Ingestão de Álcool";"Atropelamento de Pedestre";"Com Vítimas Feridas";"Plena Noite";"Crescente";"Nublado";"Múltipla";"Reta";"Sim";2;0;1;0;1;0;1;2;-20,1816849;-40,26536036;"SPRF-ES";"DEL02-ES";"UOP01-DEL02-ES"
230064;2019-08-20;"terça-feira";"18:53:00";"RS";116;613;"ARROIO GRANDE";"Falta de Atenção à Condução";"Colisão lateral";"Com Vítimas Feridas";"Anoitecer";"Decrescente";"Céu Claro";"Simples";"Reta";"Sim";2;0;1;0;1;0;1;2;-32,25818979;-53,08395721;"SPRF-RS";"DEL07-RS";"UOP03-DEL07-RS"
230065;2019-07-28;"domingo";"17:30:00";"MA";135;331,7;"PRESIDENTE DUTRA";"Avarias e/ou desgaste excessivo no pneu";"Saída de leito carroçável";"Com Vítimas Feridas";"Pleno dia";"Crescente";"Céu Claro";"Simples";"Reta";"Não";1;0;0;1;0;0;1;1;-5,21206406;-44,47742259;"SPRF-MA";"DEL03-MA";"UOP01-DEL03-MA"
230066;2019-08-20;"terça-feira";"21:00:00";"SC";470;18;"ILHOTA";"Falta de Atenção à Condução";"Tombamento";"Com Vítimas Feridas";"Plena Noite";"Decrescente";"Nublado";"Simples";"Declive";"Não";1;0;1;0;0;0;1;1;-26,855534;-48,808922;"SPRF-SC";"DEL04-SC";"UOP04-DEL04-SC"
230067;2019-08-20;"terça-feira";"08:45:00";"RS";285;475,9;"CORONEL BARROS";"Mal Súbito";"Colisão com objeto estático";"Com Vítimas Feridas";"Pleno dia";"Crescente";"Céu Claro";"Simples";"Reta";"Sim";4;0;1;0;3;0;1;1;-28,38213149;-54,06535149;"SPRF-RS";"DEL10-RS";"UOP01-DEL10-RS"
230069;2019-08-20;"terça-feira";"07:30:00";"RS";392;1;"RIO GRANDE";"Falta de Atenção do Pedestre";"Atropelamento de Pedestre";"Com Vítimas Feridas";"Pleno dia";"Decrescente";"Céu Claro";"Simples";"Reta";"Sim";2;0;1;0;1;0;1;2;-32,04488513;-52,0855305;"SPRF-RS";"DEL07-RS";"UOP02-DEL07-RS"
230073;2019-08-20;"terça-feira";"21:40:00";"PI";316;0,4;"TERESINA";"Desobediência às normas de trânsito pelo condutor";"Colisão transversal";"Com Vítimas Feridas";"Plena Noite";"Decrescente";"Céu Claro";"Simples";"Reta";"Sim";3;0;2;0;1;0;2;2;-5,131168;-42,81564;"SPRF-PI";"DEL01-PI";"UOP02-DEL01-PI"
230074;2019-08-20;"terça-feira";"21:57:00";"ES";101;296,3;"CARIACICA";"Não guardar distância de segurança";"Colisão traseira";"Com Vítimas Feridas";"Plena Noite";"Crescente";"Céu Claro";"Múltipla";"Curva";"Sim";3;0;1;0;2;0;1;2;-20,34029997;-40,40405712;"SPRF-ES";"DEL01-ES";"UOP01-DEL01-ES"
230078;2019-08-20;"terça-feira";"22:00:00";"SC";101;117,3;"ITAJAI";"Desobediência às normas de trânsito pelo condutor";"Colisão transversal";"Com Vítimas Feridas";"Plena Noite";"Crescente";"Garoa/Chuvisco";"Simples";"Interseção de Vias";"Sim";3;0;0;1;1;1;1;3;-26,88747187;-48,72252969;"SPRF-SC";"DEL04-SC";"UOP04-DEL04-SC"