"id";"data_inversa";"dia_semana";"horario";"uf";"br";"km";"municipio";"causa_acidente";"tipo_acidente";"classificacao_acidente";"fase_dia";"sentido_via";"condicao_metereologica";"tipo_pista";"tracado_via";"uso_solo";"pessoas";"mortos";"feridos_leves";"feridos_graves";"ilesos";"ignorados";"feridos";"veiculos";"latitude";"longitude";"regional";"delegacia";"uop"
230080;2019-08-20;"terça-feira";"22:10:00";"MG";116;507,7;"UBAPORANGA";"Animais na Pista";"Atropelamento de Animal";"Com Vítimas Feridas";"Plena Noite";"Decrescente";"Céu Claro";"Simples";"Reta";"Não";1;0;1;0;0;0;1;1;-19,61953715;-42,10872923;"SPRF-MG";"DEL06-MG";"UOP02-DEL06-MG"
230081;2019-08-20;"terça-feira";"19:15:00";"MS";60;608,5;"JARDIM";"Falta de Atenção à Condução";"Colisão traseira";"Com Vítimas Feridas";"Plena Noite";"Decrescente";"Céu Claro";"Simples";"Reta";"Não";6;0;1;0;5;0;1;2;-21,60287455;-56,19578044;"SPRF-MS";"DEL05-MS";"UOP01-DEL05-MS"
230083;2019-08-20;"terça-feira";"17:00:00";"SC";280;262;"IRINEOPOLIS";"Falta de Atenção à Condução";"Capotamento";"Com Vítimas Feridas";"Pleno dia";"Decrescente";"Céu Claro";"Simples";"Reta";"Não";1;0;1;0;0;0;1;1;-26,2622463;-50,65819899;"SPRF-SC";"DEL06-SC";"UOP04-DEL06-SC"
230087;2019-08-20;"terça-feira";"18:30:00";"MG";40;43,1;"PARACATU";"Falta de Atenção à Condução";"Colisão transversal";"Com Vítimas Feridas";"Anoitecer";"Decrescente";"Céu Claro";"Simples";"Reta";"Sim";3;0;0;2;1;0;2;2;-17,22598002;-46,86163701;"SPRF-MG";"DEL14-MG";"UOP01-DEL14-MG"
230090;2019-08-21;"quarta-feira";"01:20:00";"PB";230;48,9;"SANTA RITA";"Sinalização da via insuficiente ou inadequada";"Tombamento";"Com Vítimas Feridas";"Plena Noite";"Crescente";"Nublado";"Dupla";"Reta;Em Obras";"Não";1;0;1;0;0;0;1;1;-7,174;-35,0397;"SPRF-PB";"DEL01-PB";"UOP03-DEL01-PB"
230091;2019-08-21;"quarta-feira";"00:45:00";"SP";381;73,7;"SAO PAULO";"Pista Escorregadia";"Colisão com objeto estático";"Sem Vítimas";"Plena Noite";"Decrescente";"Chuva";"Dupla";"Curva";"Não";1;0;0;0;1;0;0;1;-23,36553404;-46,55253934;"SPRF-SP";"DEL03-SP";"UOP01-DEL03-SP"
230093;2019-08-21;"quarta-feira";"03:00:00";"SP";116;222,7;"GUARULHOS";"Falta de Atenção à Condução";"Saída de leito carroçável";"Com Vítimas Feridas";"Plena Noite";"Decrescente";"Nublado";"Múltipla";"Reta";"Sim";4;0;1;0;3;0;1;1;-23,4757925;-46,524355;"SPRF-SP";"DEL01-SP";"UOP01-DEL01-SP"
230094;2019-08-21;"quarta-feira";"03:50:00";"SC";470;66,2;"INDAIAL";"Pista Escorregadia";"Saída de leito carroçável";"Com Vítimas Feridas";"Plena Noite";"Crescente";"Garoa/Chuvisco";"Simples";"Em Obras;Curva";"Não";2;0;2;0;0;0;2;1;-26,870407;-49,221844;"SPRF-SC";"DEL04-SC";"UOP01-DEL04-SC"
230096;2019-08-21;"quarta-feira";"03:00:00";"MG";381;459;"BELO HORIZONTE";"Condutor Dormindo";"Colisão com objeto estático";"Sem Vítimas";"Plena Noite";"Decrescente";"Nublado";"Dupla";"Reta";"Sim";1;0;0;0;0;1;0;1;-19,86832234;-43,9373869;"SPRF-MG";"DEL01-MG";"UOP01-DEL01-MG"
230097;2019-08-20;"terça-feira";"07:15:00";"RS";285;524,1;"VITORIA DAS MISSOES";"Velocidade Incompatível";"Saída de leito carroçável";"Com Vítimas Feridas";"Amanhecer";"Crescente";"Céu Claro";"Simples";"Ponte;Curva";"Não";5;0;5;0;0;0;5;1;-28,40365067;-54,53770995;"SPRF-RS";"DEL10-RS";"UOP01-DEL10-RS"
230098;2019-08-21;"quarta-feira";"05:18:00";"SP";116;219,6;"GUARULHOS";"Falta de Atenção do Pedestre";"Atropelamento de Pedestre";"Com Vítimas Feridas";"Amanhecer";"Decrescente";"Nublado";"Múltipla";"Reta";"Sim";2;0;1;0;1;0;1;2;-23,46143954;-46,48885316;"SPRF-SP";"DEL01-SP";"UOP01-DEL01-SP"
230099;2019-08-21;"quarta-feira";"05:45:00";"RN";101;81;"NATAL";"Falta de Atenção à Condução";"Colisão lateral";"Com Vítimas Feridas";"Pleno dia";"Crescente";"Céu Claro";"Dupla";"Interseção de Vias";"Sim";2;0;1;0;1;0;1;2;-5,76469466;-35,28295988;"SPRF-RN";"DEL02-RN";"UOP01-DEL02-RN"
230101;2019-08-21;"quarta-feira";"04:55:00";"SC";101;94,5;"BARRA VELHA";"Falta de Atenção à Condução";"Queda de ocupante de veículo";"Sem Vítimas";"Plena Noite";"Crescente";"Garoa/Chuvisco";"Múltipla";"Curva";"Não";1;0;0;0;0;1;0;1;-26,69940401;-48,69902784;"SPRF-SC";"DEL03-SC";"UOP02-DEL03-SC"
230102;2019-08-21;"quarta-feira";"02:30:00";"GO";50;177;"CAMPO ALEGRE DE GOIAS";"Animais na Pista";"Saída de leito carroçável";"Com Vítimas Feridas";"Plena Noite";"Decrescente";"Céu Claro";"Dupla";"Reta";"Não";2;0;1;0;1;0;1;1;-17,3888;-47,7817;"SPRF-GO";"DEL06-GO";"UOP01-DEL06-GO"
230103;2019-08-21;"quarta-feira";"05:10:00";"PR";116;207;"RIO NEGRO";"Desobediência às normas de trânsito pelo condutor";"Colisão traseira";"Com Vítimas Feridas";"Plena Noite";"Crescente";"Céu Claro";"Simples";"Reta";"Sim";2;0;2;0;0;0;2;2;-26,06998593;-49,73493401;"SPRF-SC";"DEL06-SC";"UOP01-DEL06-SC"
230104;2019-08-21;"quarta-feira";"05:45:00";"MS";163;367,1;"NOVA ALVORADA DO SUL";"Condutor Dormindo";"Saída de leito carroçável";"Com Vítimas Feridas";"Amanhecer";"Decrescente";"Céu Claro";"Simples";"Reta";"Sim";1;0;1;0;0;0;1;1;-21,44705605;-54,37684984;"SPRF-MS";"DEL02-MS";"UOP01-DEL02-MS"
230107;2019-08-21;"quarta-feira";"06:50:00";"BA";116;423,9;"FEIRA DE SANTANA";"Desobediência às normas de trânsito pelo condutor";"Colisão transversal";"Com Vítimas Feridas";"Pleno dia";"Decrescente";"Céu Claro";"Simples";"Reta";"Sim";2;0;1;1;0;0;2;2;-12,229301;-38,964527;"SPRF-BA";"DEL02-BA";"UOP01-DEL02-BA"
230108;2019-08-21;"quarta-feira";"07:00:00";"MG";381;361;"JOAO MONLEVADE";"Desobediência às normas de trânsito pelo condutor";"Colisão lateral";"Com Vítimas Feridas";"Pleno dia";"Crescente";"Nublado";"Simples";"Reta";"Sim";2;0;1;0;1;0;1;2;-19,83815361;-43,18966649;"SPRF-MG";"DEL03-MG";"UOP01-DEL03-MG"
230109;2019-08-21;"quarta-feira";"06:45:00";"MG";381;486,9;"BETIM";"Falta de Atenção à Condução";"Colisão lateral";"Com Vítimas Feridas";"Pleno dia";"Crescente";"Sol";"Dupla";"Reta";"Sim";2;0;1;0;1;0;1;2;-19,95644414;-44,13611598;"SPRF-MG";"DEL01-MG";"UOP03-DEL01-MG"
230112;2019-08-21;"quarta-feira";"07:10:00";"RJ";101;315;"SAO GONCALO";"Falta de Atenção à Condução";"Colisão lateral";"Com Vítimas Feridas";"Pleno dia";"Crescente";"Nublado";"Dupla";"Reta";"Não";2;0;0;1;1;0;1;2;-22,82262092;-43,08460805;"SPRF-RJ";"DEL02-RJ";"DEL5/2-UOP04/RJ"
230115;2019-03-26;"terça-feira";"17:50:00";"TO";153;670;"GURUPI";"Pista Escorregadia";"Colisão traseira";"Com Vítimas Feridas";"Anoitecer";"Crescente";"Chuva";"Dupla";"Reta";"Sim";2;0;1;0;1;0;1;2;-11,70998005;-49,07471975;"SPRF-TO";"DEL02-TO";"UOP02-DEL01-TO"
230116;2019-08-21;"quarta-feira";"07:40:00";"PR";469;15,1;"FOZ DO IGUACU";"Falta de Atenção à Condução";"Colisão transversal";"Com Vítimas Feridas";"Pleno dia";"Crescente";"Sol";"Simples";"Interseção de Vias";"Sim";2;0;1;0;1;0;1;2;-25,5813;-54,5315;"SPRF-PR";"DEL05-PR";"UOP04-DEL05-PR"
230119;2019-08-21;"quarta-feira";"07:35:00";"DF";20;12;"BRASILIA";"Falta de Atenção à Condução";"Colisão lateral";"Com Vítimas Feridas";"Pleno dia";"Decrescente";"Céu Claro";"Dupla";"Reta";"Sim";2;0;1;0;1;0;1;2;-15,642812;-47,757786;"SPRF-DF";"DEL02-DF";"UOP01-DEL02-DF"
230120;2019-08-21;"quarta-feira";"06:40:00";"MG";381;484;"BETIM";"Não guardar distância de segurança";"Colisão traseira";"Com Vítimas Feridas";"Amanhecer";"Crescente";"Céu Claro";"Dupla";"Curva";"Sim";4;0;0;1;3;0;1;4;-19,95531717;-44,11722196;"SPRF-MG";"DEL01-MG";"UOP03-DEL01-MG"
230121;2019-06-30;"domingo";"03:10:00";"PB";230;0,6;"CABEDELO";"Falta de Atenção à Condução";"Colisão frontal";"Com Vítimas Feridas";"Plena Noite";"Crescente";"Céu Claro";"Simples";"Curva";"Sim";5;0;0;2;2;1;2;3;-6,97286728;-34,83249092;"SPRF-PB";"DEL01-PB";"UOP01-DEL01-PB"
230122;2019-08-21;"quarta-feira";"08:00:00";"CE";222;4;"CAUCAIA";"Falta de Atenção à Condução";"Colisão traseira";"Com Vítimas Feridas";"Pleno dia";"Decrescente";"Céu Claro";"Múltipla";"Reta";"Sim";2;0;1;0;1;0;1;2;-3,74212;-38,60803;"SPRF-CE";"DEL01-CE";"UOP01-DEL01-CE"
230123;2019-08-21;"quarta-feira";"07:40:00";"GO";60;172;"GOIANIA";"Falta de Atenção à Condução";"Colisão traseira";"Sem Vítimas";"Pleno dia";"Crescente";"Nublado";"Dupla";"Retorno Regulamentado";"Não";2;0;0;0;2;0;0;2;-16,738;-49,4076;"SPRF-GO";"DEL01-GO";"UOP02-DEL01-GO"
230124;2019-08-21;"quarta-feira";"07:20:00";"MG";381;496,7;"BETIM";"Falta de Atenção à Condução";"Queda de ocupante de veículo";"Com Vítimas Feridas";"Pleno dia";"Decrescente";"Céu Claro";"Dupla";"Reta";"Não";1;0;1;0;0;0;1;1;-19,99676497;-44,20958506;"SPRF-MG";"DEL01-MG";"UOP03-DEL01-MG"
230126;2019-08-21;"quarta-feira";"07:32:00";"PR";277;652;"MATELANDIA";"Falta de Atenção à Condução";"Colisão transversal";"Com Vítimas Feridas";"Pleno dia";"Crescente";"Céu Claro";"Simples";"Reta";"Sim";3;0;0;2;1;0;2;2;-25,20466596;-53,94913311;"SPRF-PR";"DEL05-PR";"UOP02-DEL05-PR"
230128;2019-08-21;"quarta-feira";"07:55:00";"MG";116;706,8;"MURIAE";"Falta de Atenção à Condução";"Colisão transversal";"Sem Vítimas";"Pleno dia";"Crescente";"Garoa/Chuvisco";"Simples";"Interseção de Vias";"Sim";2;0;0;0;2;0;0;2;-21,147048;-42,381522;"SPRF-MG";"DEL07-MG";"UOP02-DEL07-MG"
230131;2019-08-21;"quarta-feira";"07:25:00";"CE";116;20;"ITAITINGA";"Desobediência às normas de trânsito pelo condutor";"Colisão transversal";"Com Vítimas Feridas";"Pleno dia";"Crescente";"Céu Claro";"Dupla";"Reta";"Sim";3;0;2;0;1;0;2;2;-3,92277497;-38,50762327;"SPRF-CE";"DEL01-CE";"UOP02-DEL01-CE"
230132;2019-08-21;"quarta-feira";"07:45:00";"MG";40;787,5;"JUIZ DE FORA";"Agressão Externa";"Colisão com objeto estático";"Com Vítimas Feridas";"Pleno dia";"Decrescente";"Céu Claro";"Dupla";"Curva";"Não";4;0;1;0;2;1;1;2;-21,73607735;-43,44262787;"SPRF-MG";"DEL05-MG";"UOP01-DEL05-MG"
230133;2019-08-21;"quarta-feira";"09:00:00";"SC";470;67,8;"INDAIAL";"Desobediência às normas de trânsito pelo condutor";"Colisão transversal";"Com Vítimas Feridas";"Pleno dia";"Decrescente";"Céu Claro";"Simples";"Em Obras;Rotatória";"Sim";2;0;1;0;1;0;1;2;-26,87522034;-49,23606819;"SPRF-SC";"DEL04-SC";"UOP01-DEL04-SC"
230135;2019-08-21;"quarta-feira";"08:10:00";"RO";319;59,9;"PORTO VELHO";"Falta de Atenção à Condução";"Colisão transversal";"Com Vítimas Feridas";"Pleno dia";"Crescente";"Céu Claro";"Dupla";"Reta";"Sim";2;0;1;0;1;0;1;2;-8,766685;-63,884052;"SPRF-RO";"DEL01-RO";"UOP01-DEL01-RO"
230136;2019-08-21;"quarta-feira";"08:40:00";"SP";116;52,5;"LORENA";"Velocidade Incompatível";"Saída de leito carroçável";"Com Vítimas Feridas";"Pleno dia";"Crescente";"Nublado";"Simples";"Curva";"Sim";2;0;2;0;0;0;2;1;-22,74708138;-45,09973038;"SPRF-SP";"DEL08-SP";"UOP01-DEL08-SP"
230139;2019-08-21;"quarta-feira";"09:25:00";"RS";116;147,5;"CAXIAS DO SUL";"Desobediência às normas de trânsito pelo condutor";"Colisão transversal";"Com Vítimas Feridas";"Pleno dia";"Crescente";"Sol";"Dupla";"Interseção de Vias";"Sim";2;0;1;0;1;0;1;2;-29,15187082;-51,14769816;"SPRF-RS";"DEL05-RS";"UOP01-DEL05-RS"
230142;2019-08-21;"quarta-feira";"09:00:00";"BA";324;541;"AMELIA RODRIGUES";"Falta de Atenção à Condução";"Saída de leito carroçável";"Com Vítimas Feridas";"Pleno dia";"Decrescente";"Sol";"Dupla";"Curva";"Sim";2;0;0;1;1;0;1;1;-12,39033367;-38,78485688;"SPRF-BA";"DEL01-BA";"UOP01-DEL01-BA"
230143;2019-08-21;"quarta-feira";"09:30:00";"MG";262;400,6;"PARA DE MINAS";"Velocidade Incompatível";"Tombamento";"Com Vítimas Feridas";"Pleno dia";"Crescente";"Sol";"Múltipla";"Aclive;Curva;Interseção de Vias";"Sim";1;0;0;1;0;0;1;1;-19,90293517;-44,54364505;"SPRF-MG";"DEL08-MG";"UOP03-DEL08-MG"
230145;2019-08-21;"quarta-feira";"09:50:00";"PE";232;172,5;"BELO JARDIM";"Não guardar distância de segurança";"Colisão traseira";"Sem Vítimas";"Pleno dia";"Decrescente";"Sol";"Simples";"Aclive";"Não";2;0;0;0;2;0;0;2;-8,33854887;-36,360134;"SPRF-PE";"DEL02-PE";"UOP03-DEL02-PE"
230146;2019-07-09;"terça-feira";"06:50:00";"MG";365;1;"MONTES CLAROS";"Não guardar distância de segurança";"Colisão lateral";"Com Vítimas Feridas";"Pleno dia";"Decrescente";"Céu Claro";"Simples";"Reta";"Não";3;0;2;0;0;1;2;2;-16,7677274;-43,8835144;"SPRF-MG";"DEL12-MG";"UOP01-DEL12-MG"
230148;2019-08-21;"quarta-feira";"09:00:00";"MT";163;837;"SINOP";"Desobediência às normas de trânsito pelo condutor";"Colisão transversal";"Com Vítimas Feridas";"Pleno dia";"Decrescente";"Céu Claro";"Simples";"Interseção de Vias";"Sim";2;0;1;0;1;0;1;2;-11,968963;-55,51695578;"SPRF-MT";"DEL06-MT";"UOP02-DEL06-MT"
230149;2019-08-21;"quarta-feira";"10:00:00";"DF";20;16;"BRASILIA";"Falta de Atenção à Condução";"Colisão lateral";"Com Vítimas Feridas";"Pleno dia";"Crescente";"Céu Claro";"Dupla";"Reta";"Sim";3;0;1;0;2;0;1;2;-15,625675;-47,725159;"SPRF-DF";"DEL02-DF";"UOP01-DEL02-DF"
230153;2019-08-20;"terça-feira";"04:00:00";"RO";364;378;"OURO PRETO DO OESTE";"Animais na Pista";"Saída de leito carroçável";"Com Vítimas Feridas";"Amanhecer";"Crescente";"Céu Claro";"Simples";"Reta";"Não";1;0;1;0;0;0;1;1;-10,7422942;-62,20886998;"SPRF-RO";"DEL02-RO";"UOP01-DEL02-RO"
230156;2019-08-21;"quarta-feira";"10:00:00";"RS";392;2;"CAPAO DO LEAO";"Desobediência às normas de trânsito pelo condutor";"Colisão transversal";"Com Vítimas Feridas";"Pleno dia";"Decrescente";"Céu Claro";"Simples";"Reta";"Não";3;0;0;1;0;2;1;3;-31,7602;-52,4381;"SPRF-RS";"DEL07-RS";"UOP01-DEL07-RS"
230158;2019-08-21;"quarta-feira";"09:50:00";"SP";153;174,4;"GUAICARA";"Falta de Atenção à Condução";"Colisão transversal";"Com Vítimas Feridas";"Pleno dia";"Decrescente";"Sol";"Simples";"Interseção de Vias";"Não";2;0;1;0;1;0;1;2;-21,633102;-49,787743;"SPRF-SP";"DEL07-SP";"UOP01-DEL07-SP"
230159;2019-08-21;"quarta-feira";"09:45:00";"RO";364;234;"CACOAL";"Não guardar distância de segurança";"Tombamento";"Com Vítimas Feridas";"Pleno dia";"Crescente";"Sol";"Simples";"Reta";"Sim";1;0;0;1;0;0;1;1;-11,456378;-61,423703;"SPRF-RO";"DEL02-RO";"UOP02-DEL02-RO"
230160;2019-08-21;"quarta-feira";"10:00:00";"GO";153;505,3;"GOIANIA";"Falta de Atenção à Condução";"Queda de ocupante de veículo";"Com Vítimas Feridas";"Pleno dia";"Decrescente";"Sol";"Dupla";"Curva";"Sim";1;0;1;0;0;0;1;1;-16,7537;-49,2411;"SPRF-GO";"DEL01-GO";"UOP01-DEL01-GO"
230161;2019-03-19;"terça-feira";"07:25:00";"RS";470;232,8;"CARLOS BARBOSA";"Falta de Atenção à Condução";"Colisão transversal";"Sem Vítimas";"Pleno dia";"Crescente";"Céu Claro";"Simples";"Reta";"Não";2;0;0;0;1;1;0;2;-29,23579206;-51,51193423;"SPRF-RS";"DEL06-RS";"UOP01-DEL06-RS"
230163;2019-08-21;"quarta-feira";"11:10:00";"BA";101;886,4;"NOVA VICOSA";"Falta de Atenção à Condução";"Capotamento";"Com Vítimas Feridas";"Pleno dia";"Decrescente";"Céu Claro";"Simples";"Reta";"Não";2;0;2;0;0;0;2;1;-17,81426088;-39,78818814;"SPRF-BA";"DEL09-BA";"UOP02-DEL09-BA"
230168;2019-08-21;"quarta-feira";"11:30:00";"RN";304;151,3;"ANGICOS";"Falta de Atenção à Condução";"Saída de leito carroçável";"Com Vítimas Fatais";"Pleno dia";"Crescente";"Céu Claro";"Simples";"Reta";"Não";4;1;3;0;0;0;3;1;-5,69276;-36,586623;"SPRF-RN";"DEL04-RN";"UOP01-DEL04-RN"
230170;2019-08-21;"quarta-feira";"11:55:00";"SC";101;87;"BARRA VELHA";"Falta de Atenção à Condução";"Colisão transversal";"Com Vítimas Feridas";"Pleno dia";"Crescente";"Nublado";"Simples";"Túnel";"Sim";2;0;1;0;1;0;1;2;-26,63713377;-48,69651057;"SPRF-SC";"DEL03-SC";"UOP02-DEL03-SC"
230171;2019-08-21;"quarta-feira";"09:05:00";"MT";70;730,4;"CACERES";"Falta de Atenção à Condução";"Colisão lateral";"Com Vítimas Feridas";"Pleno dia";"Crescente";"Céu Claro";"Simples";"Reta";"Sim";4;0;3;0;1;0;3;2;-16,1042202;-57,67705506;"SPRF-MT";"DEL03-MT";"UOP01-DEL03-MT"
230172;2019-08-21;"quarta-feira";"12:01:00";"PR";369;490;"CORBELIA";"Falta de Atenção do Pedestre";"Queda de ocupante de veículo";"Com Vítimas Feridas";"Pleno dia";"Decrescente";"Céu Claro";"Simples";"Reta";"Não";3;0;1;0;1;1;1;2;-24,7166;-53,2465;"SPRF-PR";"DEL04-PR";"UOP03-DEL04-PR"
230173;2019-08-21;"quarta-feira";"13:15:00";"PE";407;125;"PETROLINA";"Não guardar distância de segurança";"Colisão traseira";"Com Vítimas Feridas";"Pleno dia";"Decrescente";"Céu Claro";"Dupla";"Reta";"Não";2;0;0;1;1;0;1;2;-9,37739336;-40,53595733;"SPRF-PE";"DEL06-PE";"UOP01-DEL06-PE"
230178;2019-08-21;"quarta-feira";"13:15:00";"SC";101;203;"SAO JOSE";"Não guardar distância de segurança";"Colisão traseira";"Com Vítimas Feridas";"Pleno dia";"Crescente";"Sol";"Dupla";"Reta";"Sim";4;0;2;0;2;0;2;3;-27,5650044;-48,61460082;"SPRF-SC";"DEL01-SC";"UOP01-DEL01-SC"
230179;2019-08-21;"quarta-feira";"13:30:00";"SP";116;228,3;"SAO PAULO";"Mal Súbito";"Queda de ocupante de veículo";"Com Vítimas Feridas";"Pleno dia";"Crescente";"Nublado";"Simples";"Reta";"Não";1;0;1;0;0;0;1;1;-23,50343484;-46,56638712;"SPRF-SP";"DEL01-SP";"UOP01-DEL01-SP"
230196;2019-08-21;"quarta-feira";"11:30:00";"PR";277;667,2;"MEDIANEIRA";"Defeito Mecânico no Veículo";"Queda de ocupante de veículo";"Com Vítimas Feridas";"Pleno dia";"Decrescente";"Céu Claro";"Dupla";"Reta";"Sim";2;0;2;0;0;0;2;1;-25,26577498;-54,05432901;"SPRF-PR";"DEL05-PR";"UOP02-DEL05-PR"
230197;2019-08-21;"quarta-feira";"14:30:00";"CE";116;18,5;"EUSEBIO";"Pista Escorregadia";"Tombamento";"Com Vítimas Feridas";"Pleno dia";"Decrescente";"Céu Claro";"Dupla";"Reta";"Sim";1;0;1;0;0;0;1;1;-3,91248746;-38,50633979;"SPRF-CE";"DEL01-CE";"UOP02-DEL01-CE"
230199;2019-08-21;"quarta-feira";"13:40:00";"PR";376;178,1;"MARINGA";"Falta de Atenção à Condução";"Colisão lateral";"Com Vítimas Feridas";"Pleno dia";"Crescente";"Céu Claro";"Múltipla";"Reta";"Sim";3;0;1;0;2;0;1;2;-23,4192146;-51,91293985;"SPRF-PR";"DEL07-PR";"UOP01-DEL09-PR"
230200;2019-08-21;"quarta-feira";"12:30:00";"PE";101;34;"IGARASSU";"Agressão Externa";"Colisão lateral";"Com Vítimas Feridas";"Pleno dia";"Crescente";"Céu Claro";"Dupla";"Reta";"Não";5;0;3;1;1;0;4;3;-7,77092801;-34,93524623;"SPRF-PE";"DEL01-PE";"UOP02-DEL01-PE"
230201;2019-08-11;"domingo";"19:00:00";"AL";423;90,1;"DELMIRO GOUVEIA";"Ingestão de Álcool";"Saída de leito carroçável";"Com Vítimas Fatais";"Plena Noite";"Decrescente";"Ignorado";"Simples";"Aclive";"Não";1;1;0;0;0;0;0;1;-9,36090753;-38,07148381;"SPRF-BA";"DEL07-BA";"UOP01-DEL07-BA"
230202;2019-08-21;"quarta-feira";"13:45:00";"RR";432;203,7;"CANTA";"Ultrapassagem Indevida";"Saída de leito carroçável";"Com Vítimas Feridas";"Pleno dia";"Crescente";"Céu Claro";"Simples";"Reta";"Não";1;0;1;0;0;0;1;1;2,70956001;-60,60889392;"SPRF-RR";"DEL01-RR";"UOP01-DEL01-RR"
230204;2019-08-21;"quarta-feira";"14:40:00";"MG";381;709,2;"NEPOMUCENO";"Falta de Atenção à Condução";"Colisão com objeto estático";"Com Vítimas Feridas";"Pleno dia";"Decrescente";"Céu Claro";"Dupla";"Reta;Aclive";"Não";3;0;3;0;0;0;3;1;-21,34693714;-45,17717237;"SPRF-MG";"DEL04-MG";"UOP02-DEL04-MG"
230205;2019-08-21;"quarta-feira";"13:10:00";"PA";222;86,7;"RONDON DO PARA";"Falta de Atenção à Condução";"Colisão traseira";"Com Vítimas Fatais";"Pleno dia";"Decrescente";"Céu Claro";"Simples";"Reta";"Não";2;1;0;0;0;1;0;2;-4,677095;-47,94062;"SPRF-PA";"DEL02-PA";"UOP02-DEL02-PA"
230206;2019-08-21;"quarta-feira";"15:20:00";"CE";116;19;"EUSEBIO";"Pista Escorregadia";"Queda de ocupante de veículo";"Com Vítimas Feridas";"Pleno dia";"Crescente";"Céu Claro";"Dupla";"Reta";"Sim";2;0;2;0;0;0;2;1;-3,91384397;-38,50667231;"SPRF-CE";"DEL01-CE";"UOP02-DEL01-CE"
230208;2019-08-21;"quarta-feira";"14:00:00";"RS";116;263;"CANOAS";"Desobediência às normas de trânsito pelo condutor";"Colisão transversal";"Com Vítimas Feridas";"Pleno dia";"Crescente";"Sol";"Múltipla";"Viaduto";"Sim";2;0;1;0;1;0;1;2;-29,90545398;-51,17674031;"SPRF-RS";"DEL01-RS";"UOP01-DEL01-RS"
230211;2019-06-06;"quinta-feira";"21:00:00";"ES";101;311,9;"VILA VELHA";"Desobediência às normas de trânsito pelo condutor";"Colisão transversal";"Com Vítimas Feridas";"Plena Noite";"Crescente";"Céu Claro";"Simples";"Reta";"Não";3;0;0;1;0;2;1;2;-20,43478198;-40,45963937;"SPRF-ES";"DEL03-ES";"UOP01-DEL03-ES"
230214;2019-08-21;"quarta-feira";"12:50:00";"RS";285;333,7;"CARAZINHO";"Velocidade Incompatível";"Colisão traseira";"Com Vítimas Feridas";"Pleno dia";"Crescente";"Sol";"Simples";"Reta";"Sim";2;0;0;1;1;0;1;2;-28,315404;-52,781012;"SPRF-RS";"DEL08-RS";"UOP03-DEL08-RS"
230215;2019-08-21;"quarta-feira";"13:15:00";"PR";153;408;"PAULO FRONTIN";"Desobediência às normas de trânsito pelo condutor";"Colisão lateral";"Com Vítimas Feridas";"Pleno dia";"Crescente";"Céu Claro";"Simples";"Reta";"Não";2;0;2;0;0;0;2;2;-26,03327599;-50,83447793;"SPRF-PR";"DEL02-PR";"UOP03-DEL02-PR"
230216;2019-08-21;"quarta-feira";"14:00:00";"PE";316;303,8;"FLORESTA";"Falta de Atenção à Condução";"Queda de ocupante de veículo";"Com Vítimas Feridas";"Pleno dia";"Crescente";"Céu Claro";"Simples";"Reta";"Não";1;0;1;0;0;0;1;1;-8,61225205;-38,56372833;"SPRF-PE";"DEL04-PE";"UOP03-DEL04-PE"
230217;2019-08-21;"quarta-feira";"16:00:00";"SP";153;270,9;"MARILIA";"Avarias e/ou desgaste excessivo no pneu";"Tombamento";"Com Vítimas Feridas";"Pleno dia";"Crescente";"Céu Claro";"Simples";"Reta";"Não";2;0;2;0;0;0;2;1;-22,34736026;-49,89590137;"SPRF-SP";"DEL07-SP";"UOP02-DEL07-SP"
230218;2019-08-21;"quarta-feira";"16:10:00";"SP";116;161,1;"JACAREI";"Defeito Mecânico no Veículo";"Queda de ocupante de veículo";"Com Vítimas Feridas";"Pleno dia";"Decrescente";"Céu Claro";"Dupla";"Reta";"Não";2;0;0;1;1;0;1;1;-23,27617003;-45,97592098;"SPRF-SP";"DEL02-SP";"UOP01-DEL02-SP"
230220;2019-08-21;"quarta-feira";"16:30:00";"ES";101;299,7;"VIANA";"Falta de Atenção à Condução";"Colisão lateral";"Com Vítimas Feridas";"Pleno dia";"Crescente";"Nublado";"Múltipla";"Reta";"Sim";2;0;1;0;1;0;1;2;-20,35860628;-40,42327504;"SPRF-ES";"DEL01-ES";"UOP01-DEL01-ES"
230225;2019-08-21;"quarta-feira";"15:15:00";"RJ";101;58,3;"CAMPOS DOS GOYTACAZES";"Não guardar distância de segurança";"Colisão traseira";"Com Vítimas Feridas";"Pleno dia";"Crescente";"Nublado";"Simples";"Reta";"Sim";2;0;1;0;1;0;1;2;-21,70488703;-41,30979616;"SPRF-RJ";"DEL08-RJ";"UOP01-DEL08-RJ"
230228;2019-08-21;"quarta-feira";"17:30:00";"PR";376;175;"MARINGA";"Falta de Atenção do Pedestre";"Atropelamento de Pedestre";"Com Vítimas Feridas";"Pleno dia";"Crescente";"Céu Claro";"Dupla";"Reta;Declive";"Sim";2;0;1;0;1;0;1;2;-23,4113569;-51,9407767;"SPRF-PR";"DEL07-PR";"UOP01-DEL09-PR"
230229;2019-08-21;"quarta-feira";"17:00:00";"GO";153;494;"GOIANIA";"Defeito Mecânico no Veículo";"Colisão traseira";"Com Vítimas Feridas";"Pleno dia";"Decrescente";"Sol";"Dupla";"Reta";"Sim";2;0;1;0;1;0;1;2;-16,64818797;-49,21289206;"SPRF-GO";"DEL01-GO";"UOP01-DEL01-GO"