"id";"data_inversa";"dia_semana";"horario";"uf";"br";"km";"municipio";"causa_acidente";"tipo_acidente";"classificacao_acidente";"fase_dia";"sentido_via";"condicao_metereologica";"tipo_pista";"tracado_via";"uso_solo";"pessoas";"mortos";"feridos_leves";"feridos_graves";"ilesos";"ignorados";"feridos";"veiculos";"latitude";"longitude";"regional";"delegacia";"uop"
230230;2019-08-21;"quarta-feira";"17:55:00";"PR";277;83;"CURITIBA";"Não guardar distância de segurança";"Colisão traseira";"Sem Vítimas";"Anoitecer";"Decrescente";"Nublado";"Dupla";"Reta";"Sim";5;0;0;0;5;0;0;2;-25,568939;-49,181978;"SPRF-PR";"DEL01-PR";"UOP06-DEL01-PR"
230232;2019-08-21;"quarta-feira";"18:00:00";"RN";101;105,2;"PARNAMIRIM";"Falta de Atenção do Pedestre";"Atropelamento de Pedestre";"Com Vítimas Feridas";"Plena Noite";"Crescente";"Céu Claro";"Múltipla";"Reta";"Sim";2;0;2;0;0;0;2;2;-5,90165196;-35,25928517;"SPRF-RN";"DEL01-RN";"UOP01-DEL01-RN"
230233;2019-08-21;"quarta-feira";"17:50:00";"PR";277;726,4;"FOZ DO IGUACU";"Desobediência às normas de trânsito pelo condutor";"Colisão transversal";"Com Vítimas Feridas";"Pleno dia";"Decrescente";"Céu Claro";"Dupla";"Reta";"Sim";2;0;1;0;1;0;1;2;-25,5106015;-54,55481999;"SPRF-PR";"DEL05-PR";"UOP03-DEL05-PR"
230236;2019-08-21;"quarta-feira";"18:15:00";"SE";235;4;"NOSSA SENHORA DO SOCORRO";"Desobediência às normas de trânsito pelo condutor";"Colisão transversal";"Com Vítimas Feridas";"Plena Noite";"Crescente";"Ignorado";"Dupla";"Aclive";"Sim";2;0;2;0;0;0;2;2;-10,9064;-37,1197;"SPRF-SE";"DEL01-SE";"UOP01-DEL01-SE"
230238;2019-08-21;"quarta-feira";"17:45:00";"MG";40;446;"PARAOPEBA";"Falta de Atenção à Condução";"Capotamento";"Com Vítimas Feridas";"Pleno dia";"Crescente";"Céu Claro";"Dupla";"Reta";"Sim";1;0;1;0;0;0;1;1;-19,28815;-44,392;"SPRF-MG";"DEL02-MG";"UOP01-DEL02-MG"
230239;2019-08-05;"segunda-feira";"16:00:00";"SP";116;219,5;"GUARULHOS";"Falta de Atenção à Condução";"Engavetamento";"Com Vítimas Feridas";"Pleno dia";"Crescente";"Céu Claro";"Múltipla";"Reta";"Sim";5;0;3;0;2;0;3;3;-23,46312577;-46,49456388;"SPRF-SP";"DEL01-SP";"UOP01-DEL01-SP"
230240;2019-08-21;"quarta-feira";"15:30:00";"MG";356;264,5;"MURIAE";"Não guardar distância de segurança";"Colisão traseira";"Com Vítimas Feridas";"Pleno dia";"Decrescente";"Céu Claro";"Simples";"Reta";"Sim";2;0;1;0;1;0;1;2;-21,12552649;-42,37547729;"SPRF-MG";"DEL07-MG";"UOP02-DEL07-MG"
230241;2019-08-05;"segunda-feira";"22:13:00";"PR";476;141;"CURITIBA";"Falta de Atenção à Condução";"Colisão traseira";"Com Vítimas Feridas";"Plena Noite";"Decrescente";"Ignorado";"Múltipla";"Reta";"Sim";4;0;3;0;1;0;3;2;-25,50419348;-49,28071976;"SPRF-PR";"DEL01-PR";"UOP03-DEL01-PR"
230242;2019-08-21;"quarta-feira";"18:30:00";"RS";285;289;"PASSO FUNDO";"Desobediência às normas de trânsito pelo condutor";"Colisão transversal";"Com Vítimas Feridas";"Anoitecer";"Crescente";"Céu Claro";"Dupla";"Reta";"Sim";2;0;1;0;1;0;1;2;-28,23688978;-52,37423096;"SPRF-RS";"DEL08-RS";"UOP03-DEL08-RS"
230243;2019-08-21;"quarta-feira";"16:50:00";"PR";376;525;"PONTA GROSSA";"Falta de Atenção à Condução";"Queda de ocupante de veículo";"Sem Vítimas";"Pleno dia";"Crescente";"Céu Claro";"Dupla";"Reta";"Não";1;0;0;0;0;1;0;1;-25,31565784;-49,87766188;"SPRF-PR";"DEL03-PR";"UOP04-DEL03-PR"
230245;2019-08-21;"quarta-feira";"18:30:00";"RJ";101;318;"SAO GONCALO";"Falta de Atenção à Condução";"Colisão lateral";"Com Vítimas Feridas";"Plena Noite";"Decrescente";"Céu Claro";"Dupla";"Reta";"Sim";2;0;1;0;1;0;1;2;-22,84562994;-43,09841211;"SPRF-RJ";"DEL02-RJ";"DEL5/2-UOP04/RJ"
230246;2019-08-21;"quarta-feira";"18:25:00";"MG";50;11;"ARAGUARI";"Defeito Mecânico no Veículo";"Tombamento";"Com Vítimas Feridas";"Plena Noite";"Crescente";"Céu Claro";"Dupla";"Reta";"Não";1;0;1;0;0;0;1;1;-18,51411704;-48,03611811;"SPRF-MG";"DEL15-MG";"UOP02-DEL15-MG"
230247;2019-08-21;"quarta-feira";"18:30:00";"SC";101;217,2;"PALHOCA";"Falta de Atenção à Condução";"Tombamento";"Com Vítimas Feridas";"Plena Noite";"Decrescente";"Céu Claro";"Dupla";"Reta";"Sim";2;0;1;0;0;1;1;2;-27,66779034;-48,67393586;"SPRF-SC";"DEL01-SC";"UOP02-DEL01-SC"
230248;2019-08-21;"quarta-feira";"19:05:00";"RS";290;107;"ELDORADO DO SUL";"Falta de Atenção à Condução";"Colisão lateral";"Com Vítimas Feridas";"Plena Noite";"Decrescente";"Nublado";"Dupla";"Interseção de Vias";"Sim";2;0;1;0;1;0;1;2;-30,001852;-51,304264;"SPRF-RS";"DEL02-RS";"UOP01-DEL02-RS"
230250;2019-08-21;"quarta-feira";"18:30:00";"GO";60;94,3;"ANAPOLIS";"Desobediência às normas de trânsito pelo condutor";"Colisão lateral";"Com Vítimas Feridas";"Anoitecer";"Decrescente";"Céu Claro";"Dupla";"Reta";"Sim";2;0;1;0;1;0;1;2;-16,3538;-48,9268;"SPRF-GO";"DEL02-GO";"UOP01-DEL02-GO"
230251;2019-08-21;"quarta-feira";"19:00:00";"DF";60;1,3;"BRASILIA";"Falta de Atenção à Condução";"Colisão transversal";"Com Vítimas Feridas";"Plena Noite";"Decrescente";"Céu Claro";"Dupla";"Reta";"Sim";3;0;0;1;2;0;1;2;-15,885093;-48,068954;"SPRF-DF";"DEL01-DF";"UOP01-DEL03-DF"
230252;2019-07-09;"terça-feira";"20:30:00";"SC";0;0;"PORTO UNIAO";"Objeto estático sobre o leito carroçável";"Colisão com objeto estático";"Sem Vítimas";"Plena Noite";"Não Informado";"Céu Claro";"Simples";"Curva";"Não";2;0;0;0;2;0;0;1;-26,225088;-51,113738;"SPRF-PR";"DEL02-PR";"UOP03-DEL02-PR"
230253;2019-08-21;"quarta-feira";"18:25:00";"SC";470;136,3;"RIO DO SUL";"Falta de Atenção à Condução";"Colisão transversal";"Com Vítimas Feridas";"Plena Noite";"Crescente";"Céu Claro";"Dupla";"Reta";"Sim";2;0;1;0;1;0;1;2;-27,20194981;-49,63387012;"SPRF-SC";"DEL04-SC";"UOP02-DEL04-SC"
230254;2019-08-21;"quarta-feira";"18:20:00";"RR";401;0,3;"BOA VISTA";"Falta de Atenção do Pedestre";"Atropelamento de Pedestre";"Com Vítimas Feridas";"Plena Noite";"Decrescente";"Céu Claro";"Dupla";"Reta";"Sim";2;0;2;0;0;0;2;1;2,80512022;-60,68771124;"SPRF-RR";"DEL01-RR";"UOP01-DEL01-RR"
230257;2019-08-21;"quarta-feira";"09:45:00";"MA";316;556;"CAXIAS";"Desobediência às normas de trânsito pelo condutor";"Colisão transversal";"Com Vítimas Feridas";"Pleno dia";"Crescente";"Céu Claro";"Simples";"Curva";"Não";3;0;2;0;1;0;2;2;-4,87067937;-43,32389832;"SPRF-MA";"DEL03-MA";"UOP02-DEL03-MA"
230258;2019-08-21;"quarta-feira";"18:30:00";"MS";163;269;"DOURADOS";"Defeito Mecânico no Veículo";"Incêndio";"Sem Vítimas";"Pleno dia";"Crescente";"Céu Claro";"Dupla";"Rotatória";"Não";1;0;0;0;1;0;0;1;-22,19506514;-54,69221961;"SPRF-MS";"DEL04-MS";"UOP01-DEL04-MS"
230259;2019-08-21;"quarta-feira";"18:00:00";"RJ";101;275;"TANGUA";"Falta de Atenção à Condução";"Atropelamento de Pedestre";"Com Vítimas Feridas";"Plena Noite";"Crescente";"Céu Claro";"Dupla";"Reta";"Sim";2;0;0;1;1;0;1;2;-22,73653355;-42,72909106;"SPRF-RJ";"DEL02-RJ";"UOP03-DEL02-RJ"
230261;2019-08-21;"quarta-feira";"19:00:00";"BA";116;28;"VITORIA DA CONQUISTA";"Animais na Pista";"Atropelamento de Animal";"Com Vítimas Feridas";"Plena Noite";"Decrescente";"Nublado";"Simples";"Reta";"Não";1;0;1;0;0;0;1;1;-14,851;-40,8485;"SPRF-BA";"DEL08-BA";"UOP01-DEL08-BA"
230264;2019-08-21;"quarta-feira";"19:55:00";"SC";101;123,2;"ITAJAI";"Desobediência às normas de trânsito pelo condutor";"Colisão transversal";"Com Vítimas Feridas";"Plena Noite";"Crescente";"Nublado";"Dupla";"Interseção de Vias;Rotatória";"Sim";3;0;1;0;2;0;1;1;-26,93668609;-48,69876905;"SPRF-SC";"DEL04-SC";"UOP04-DEL04-SC"
230266;2019-08-21;"quarta-feira";"16:26:00";"RJ";40;105;"DUQUE DE CAXIAS";"Falta de Atenção do Pedestre";"Atropelamento de Pedestre";"Com Vítimas Feridas";"Pleno dia";"Decrescente";"Nublado";"Múltipla";"Reta";"Sim";2;0;1;0;1;0;1;2;-22,63784806;-43,28428824;"SPRF-RJ";"DEL01-RJ";"UOP01-DEL01-RJ"
230267;2019-08-21;"quarta-feira";"18:15:00";"CE";116;165,7;"RUSSAS";"Falta de Atenção do Pedestre";"Colisão frontal";"Com Vítimas Feridas";"Plena Noite";"Crescente";"Céu Claro";"Simples";"Reta";"Não";2;0;2;0;0;0;2;2;-4,95409488;-37,99767009;"SPRF-CE";"DEL03-CE";"UOP01-DEL03-CE"
230268;2019-08-21;"quarta-feira";"20:45:00";"SC";101;206,6;"SAO JOSE";"Desobediência às normas de trânsito pelo condutor";"Colisão traseira";"Com Vítimas Feridas";"Plena Noite";"Decrescente";"Nublado";"Dupla";"Reta";"Sim";2;0;1;0;0;1;1;2;-27,59632981;-48,61933529;"SPRF-SC";"DEL01-SC";"UOP01-DEL01-SC"
230269;2019-08-10;"sábado";"17:40:00";"MS";163;257;"DOURADOS";"Falta de Atenção à Condução";"Tombamento";"Com Vítimas Feridas";"Anoitecer";"Crescente";"Céu Claro";"Dupla";"Rotatória";"Sim";1;0;0;1;0;0;1;1;-22,25778796;-54,78146022;"SPRF-MS";"DEL04-MS";"UOP01-DEL04-MS"
230270;2019-08-21;"quarta-feira";"17:40:00";"AP";210;3;"MACAPA";"Falta de Atenção à Condução";"Colisão lateral";"Com Vítimas Feridas";"Pleno dia";"Decrescente";"Céu Claro";"Dupla";"Reta";"Sim";2;0;2;0;0;0;2;2;0,08723365;-51,08569007;"SPRF-AP";"DEL01-AP";"UOP01-DEL01-AP"
230271;2019-08-21;"quarta-feira";"19:00:00";"RN";101;104,9;"PARNAMIRIM";"Falta de Atenção à Condução";"Queda de ocupante de veículo";"Com Vítimas Feridas";"Plena Noite";"Crescente";"Céu Claro";"Múltipla";"Reta";"Sim";2;0;2;0;0;0;2;1;-5,900726;-35,259358;"SPRF-RN";"DEL01-RN";"UOP01-DEL01-RN"
230273;2019-08-21;"quarta-feira";"21:00:00";"PB";230;231,9;"SOLEDADE";"Condutor Dormindo";"Saída de leito carroçável";"Com Vítimas Feridas";"Plena Noite";"Crescente";"Céu Claro";"Simples";"Reta";"Não";1;0;0;1;0;0;1;1;-7,0343;-36,4926;"SPRF-PB";"DEL02-PB";"UOP02-DEL02-PB"
230277;2019-08-21;"quarta-feira";"22:30:00";"SC";470;45,3;"GASPAR";"Defeito na Via";"Queda de ocupante de veículo";"Com Vítimas Feridas";"Plena Noite";"Crescente";"Céu Claro";"Simples";"Reta";"Sim";1;0;1;0;0;0;1;1;-26,867064;-49,031109;"SPRF-SC";"DEL04-SC";"UOP01-DEL04-SC"
230279;2019-08-21;"quarta-feira";"21:30:00";"CE";116;45;"PACAJUS";"Ingestão de Álcool";"Colisão traseira";"Com Vítimas Feridas";"Plena Noite";"Crescente";"Céu Claro";"Dupla";"Reta";"Sim";3;0;1;1;1;0;2;2;-4,1312959;-38,48313475;"SPRF-CE";"DEL01-CE";"UOP02-DEL01-CE"
230280;2019-07-04;"quinta-feira";"13:45:00";"GO";40;5,1;"VALPARAISO DE GOIAS";"Falta de Atenção à Condução";"Queda de ocupante de veículo";"Com Vítimas Feridas";"Pleno dia";"Decrescente";"Céu Claro";"Dupla";"Reta";"Sim";1;0;1;0;0;0;1;1;-16,093134;-47,982236;"SPRF-DF";"DEL01-DF";"UOP01-DEL01-DF"
230281;2019-07-09;"terça-feira";"19:30:00";"PA";222;234;"MARABA";"Falta de Atenção à Condução";"Colisão traseira";"Com Vítimas Fatais";"Plena Noite";"Crescente";"Céu Claro";"Simples";"Reta";"Sim";4;1;0;0;1;2;0;4;-5,269228;-49,070427;"SPRF-PA";"DEL03-PA";"UOP01-DEL03-PA"
230282;2019-08-21;"quarta-feira";"22:25:00";"SC";280;53,3;"GUARAMIRIM";"Falta de Atenção à Condução";"Colisão transversal";"Com Vítimas Feridas";"Plena Noite";"Decrescente";"Nublado";"Simples";"Reta";"Não";2;0;0;1;1;0;1;2;-26,47336777;-48,97664309;"SPRF-SC";"DEL03-SC";"UOP03-DEL03-SC"
230284;2019-08-21;"quarta-feira";"22:50:00";"PR";272;378;"CAMPO MOURAO";"Restrição de Visibilidade";"Saída de leito carroçável";"Com Vítimas Feridas";"Plena Noite";"Crescente";"Céu Claro";"Simples";"Reta";"Não";1;0;0;1;0;0;1;1;-24,06145453;-52,50258604;"SPRF-PR";"DEL04-PR";"UOP03-DEL09-PR"
230285;2019-08-21;"quarta-feira";"18:25:00";"RO";364;388,8;"OURO PRETO DO OESTE";"Não guardar distância de segurança";"Colisão traseira";"Com Vítimas Feridas";"Anoitecer";"Decrescente";"Céu Claro";"Simples";"Reta";"Não";2;0;1;0;1;0;1;2;-10,687018;-62,274075;"SPRF-RO";"DEL03-RO";"UOP02-DEL03-RO"
230286;2019-08-21;"quarta-feira";"23:10:00";"SP";116;32,1;"CRUZEIRO";"Ingestão de Álcool";"Tombamento";"Com Vítimas Feridas";"Plena Noite";"Decrescente";"Garoa/Chuvisco";"Múltipla";"Curva";"Não";1;0;0;1;0;0;1;1;-22,6422031;-44,94731891;"SPRF-SP";"DEL08-SP";"UOP02-DEL08-SP"
230287;2019-08-21;"quarta-feira";"22:10:00";"RJ";116;175;"NOVA IGUACU";"Falta de Atenção à Condução";"Colisão traseira";"Com Vítimas Feridas";"Plena Noite";"Decrescente";"Céu Claro";"Múltipla";"Reta";"Sim";3;0;2;0;1;0;2;2;-22,78923555;-43,37275272;"SPRF-RJ";"DEL01-RJ";"UOP02-DEL01-RJ"
230288;2019-08-21;"quarta-feira";"22:50:00";"SC";101;182,3;"BIGUACU";"Defeito Mecânico no Veículo";"Incêndio";"Sem Vítimas";"Plena Noite";"Crescente";"Céu Claro";"Múltipla";"Declive;Reta";"Sim";1;0;0;0;1;0;0;1;-27,40157056;-48,62987638;"SPRF-SC";"DEL01-SC";"UOP01-DEL01-SC"
230289;2019-08-21;"quarta-feira";"22:30:00";"RJ";40;53;"PETROPOLIS";"Desobediência às normas de trânsito pelo condutor";"Tombamento";"Com Vítimas Feridas";"Plena Noite";"Decrescente";"Nublado";"Dupla";"Curva;Aclive";"Não";1;0;1;0;0;0;1;1;-22,345901;-43,131235;"SPRF-RJ";"DEL06-RJ";"UOP01-DEL06-RJ"
230291;2019-08-21;"quarta-feira";"23:50:00";"PR";376;601,4;"CURITIBA";"Defeito na Via";"Queda de ocupante de veículo";"Com Vítimas Feridas";"Plena Noite";"Crescente";"Nublado";"Dupla";"Reta";"Sim";1;0;1;0;0;0;1;1;-25,537054;-49,31404;"SPRF-PR";"DEL01-PR";"UOP06-DEL01-PR"
230293;2019-08-22;"quinta-feira";"00:00:00";"PR";369;53,8;"BANDEIRANTES";"Ingestão de Álcool";"Saída de leito carroçável";"Com Vítimas Feridas";"Plena Noite";"Decrescente";"Céu Claro";"Simples";"Rotatória";"Sim";4;0;2;1;1;0;3;1;-23,10435094;-50,35006821;"SPRF-PR";"DEL07-PR";"UOP05-DEL07-PR"
230294;2019-08-21;"quarta-feira";"19:00:00";"PR";373;178;"PONTA GROSSA";"Falta de Atenção à Condução";"Engavetamento";"Sem Vítimas";"Anoitecer";"Crescente";"Céu Claro";"Dupla";"Curva";"Sim";6;0;0;0;6;0;0;6;-25,05025485;-50,23418475;"SPRF-PR";"DEL03-PR";"UOP01-DEL03-PR"
230297;2019-08-22;"quinta-feira";"00:05:00";"BA";116;665;"JEQUIE";"Falta de Atenção à Condução";"Capotamento";"Com Vítimas Feridas";"Plena Noite";"Decrescente";"Céu Claro";"Simples";"Reta";"Não";1;0;1;0;0;0;1;1;-13,74137797;-40,09878382;"SPRF-BA";"DEL03-BA";"UOP01-DEL03-BA"
230298;2019-08-21;"quarta-feira";"23:15:00";"RO";319;62;"PORTO VELHO";"Falta de Atenção do Pedestre";"Atropelamento de Pedestre";"Com Vítimas Feridas";"Pleno dia";"Decrescente";"Céu Claro";"Dupla";"Reta";"Sim";2;0;0;1;1;0;1;2;-8,766685;-63,884052;"SPRF-RO";"DEL01-RO";"UOP01-DEL01-RO"
230300;2019-08-22;"quinta-feira";"01:23:00";"PR";476;124,2;"CURITIBA";"Pista Escorregadia";"Queda de ocupante de veículo";"Com Vítimas Feridas";"Plena Noite";"Crescente";"Chuva";"Dupla";"Declive";"Sim";2;0;1;0;1;0;1;2;-25,399845;-49,215855;"SPRF-PR";"DEL01-PR";"UOP07-DEL01-PR"
230301;2019-08-22;"quinta-feira";"00:40:00";"MS";163;599,4;"SAO GABRIEL DO OESTE";"Falta de Atenção à Condução";"Saída de leito carroçável";"Com Vítimas Feridas";"Plena Noite";"Crescente";"Céu Claro";"Dupla";"Reta";"Não";1;0;1;0;0;0;1;1;-19,51068205;-54,47211208;"SPRF-MS";"DEL06-MS";"UOP02-DEL06-MS"
230302;2019-08-22;"quinta-feira";"02:55:00";"SC";101;213,4;"PALHOCA";"Desobediência às normas de trânsito pelo condutor";"Saída de leito carroçável";"Sem Vítimas";"Plena Noite";"Decrescente";"Nublado";"Múltipla";"Reta";"Sim";1;0;0;0;1;0;0;1;-27,63697369;-48,66514142;"SPRF-SC";"DEL01-SC";"UOP02-DEL01-SC"
230303;2019-08-22;"quinta-feira";"02:45:00";"CE";304;62,9;"ARACATI";"Animais na Pista";"Atropelamento de Animal";"Sem Vítimas";"Plena Noite";"Decrescente";"Céu Claro";"Simples";"Reta";"Não";1;0;0;0;1;0;0;1;-4,60614604;-37,66304905;"SPRF-CE";"DEL03-CE";"UOP03-DEL03-CE"
230304;2019-08-22;"quinta-feira";"01:50:00";"GO";153;545;"PIRACANJUBA";"Animais na Pista";"Saída de leito carroçável";"Sem Vítimas";"Plena Noite";"Decrescente";"Céu Claro";"Dupla";"Reta";"Não";1;0;0;0;1;0;0;1;-17,098;-49,2182;"SPRF-GO";"DEL01-GO";"UOP03-DEL01-GO"
230309;2019-08-22;"quinta-feira";"03:30:00";"SC";282;497,7;"XANXERE";"Ingestão de Álcool";"Colisão traseira";"Com Vítimas Feridas";"Plena Noite";"Decrescente";"Céu Claro";"Simples";"Reta";"Não";3;0;1;0;2;0;1;2;-26,880062;-52,344685;"SPRF-SC";"DEL07-SC";"UOP01-DEL07-SC"
230310;2019-08-22;"quinta-feira";"05:38:00";"GO";70;2,4;"AGUAS LINDAS DE GOIAS";"Ultrapassagem Indevida";"Colisão lateral";"Com Vítimas Feridas";"Pleno dia";"Decrescente";"Céu Claro";"Dupla";"Curva";"Sim";3;0;1;0;1;1;1;3;-15,76336015;-48,2328397;"SPRF-DF";"DEL01-DF";"UOP02-DEL03-DF"
230311;2019-08-22;"quinta-feira";"03:00:00";"MG";116;409,6;"GOVERNADOR VALADARES";"Defeito Mecânico no Veículo";"Incêndio";"Sem Vítimas";"Plena Noite";"Decrescente";"Céu Claro";"Dupla";"Reta";"Sim";62;0;0;0;62;0;0;1;-18,84936788;-41,97891368;"SPRF-MG";"DEL06-MG";"UOP01-DEL06-MG"
230314;2019-06-19;"quarta-feira";"07:26:00";"BA";415;54;"ITABUNA";"Falta de Atenção à Condução";"Queda de ocupante de veículo";"Com Vítimas Feridas";"Pleno dia";"Decrescente";"Ignorado";"Simples";"Reta";"Sim";2;0;2;0;0;0;2;1;-14,83053803;-39,3185789;"SPRF-BA";"DEL05-BA";"UOP01-DEL05-BA"
230316;2019-08-22;"quinta-feira";"06:00:00";"SC";101;16,5;"GARUVA";"Condutor Dormindo";"Saída de leito carroçável";"Com Vítimas Feridas";"Pleno dia";"Crescente";"Céu Claro";"Dupla";"Reta";"Não";2;0;1;0;1;0;1;1;-26,11427473;-48,87647034;"SPRF-SC";"DEL03-SC";"UOP01-DEL03-SC"
230317;2019-08-22;"quinta-feira";"07:15:00";"GO";40;1;"VALPARAISO DE GOIAS";"Falta de Atenção à Condução";"Colisão lateral";"Com Vítimas Feridas";"Pleno dia";"Decrescente";"Céu Claro";"Dupla";"Reta";"Sim";2;0;1;0;1;0;1;2;-16,058245;-47,982825;"SPRF-DF";"DEL01-DF";"UOP01-DEL01-DF"
230318;2019-08-22;"quinta-feira";"02:00:00";"PE";232;352,6;"FLORES";"Falta de Atenção à Condução";"Capotamento";"Com Vítimas Feridas";"Plena Noite";"Crescente";"Céu Claro";"Simples";"Reta";"Não";2;0;1;0;1;0;1;1;-8,06560111;-37,80504513;"SPRF-PE";"DEL03-PE";"UOP02-DEL03-PE"
230320;2019-08-22;"quinta-feira";"07:00:00";"SC";101;209,7;"SAO JOSE";"Falta de Atenção à Condução";"Colisão lateral";"Com Vítimas Feridas";"Pleno dia";"Decrescente";"Céu Claro";"Múltipla";"Reta";"Sim";4;0;2;0;2;0;2;3;-27,61000542;-48,63895057;"SPRF-SC";"DEL01-SC";"UOP01-DEL01-SC"
230321;2019-08-22;"quinta-feira";"07:15:00";"PR";376;180,9;"MARINGA";"Falta de Atenção à Condução";"Colisão transversal";"Com Vítimas Feridas";"Pleno dia";"Crescente";"Céu Claro";"Múltipla";"Rotatória;Interseção de Vias";"Sim";2;0;0;1;1;0;1;2;-23,42725352;-51,89512271;"SPRF-PR";"DEL07-PR";"UOP01-DEL09-PR"
230323;2019-08-22;"quinta-feira";"07:40:00";"RS";290;96;"PORTO ALEGRE";"Falta de Atenção à Condução";"Colisão traseira";"Com Vítimas Feridas";"Pleno dia";"Crescente";"Céu Claro";"Dupla";"Em Obras";"Não";2;0;1;0;1;0;1;2;-29,992107;-51,204525;"SPRF-RS";"DEL01-RS";"UOP01-DEL01-RS"
230324;2019-08-22;"quinta-feira";"08:00:00";"GO";153;514;"APARECIDA DE GOIANIA";"Falta de Atenção à Condução";"Colisão transversal";"Com Vítimas Feridas";"Pleno dia";"Decrescente";"Céu Claro";"Dupla";"Aclive";"Sim";2;0;1;0;1;0;1;2;-16,8315;-49,2434;"SPRF-GO";"DEL01-GO";"UOP03-DEL01-GO"
230325;2019-08-22;"quinta-feira";"08:00:00";"GO";153;497,9;"GOIANIA";"Defeito Mecânico no Veículo";"Queda de ocupante de veículo";"Com Vítimas Feridas";"Pleno dia";"Decrescente";"Céu Claro";"Dupla";"Reta;Declive";"Não";2;0;1;0;1;0;1;1;-16,6854;-49,2338;"SPRF-GO";"DEL01-GO";"UOP01-DEL01-GO"
230326;2019-08-22;"quinta-feira";"07:45:00";"RS";116;257,8;"ESTEIO";"Falta de Atenção à Condução";"Colisão transversal";"Com Vítimas Feridas";"Pleno dia";"Crescente";"Sol";"Simples";"Reta";"Sim";2;0;1;0;1;0;1;2;-29,85262195;-51,17968329;"SPRF-RS";"DEL01-RS";"UOP02-DEL01-RS"
230327;2019-08-22;"quinta-feira";"06:30:00";"SC";282;541,1;"CHAPECO";"Falta de Atenção à Condução";"Colisão transversal";"Com Vítimas Feridas";"Amanhecer";"Decrescente";"Garoa/Chuvisco";"Simples";"Reta";"Não";3;0;1;0;2;0;1;3;-26,997713;-52,699165;"SPRF-SC";"DEL07-SC";"UOP01-DEL07-SC"
230330;2019-06-17;"segunda-feira";"17:10:00";"ES";262;6,4;"CARIACICA";"Animais na Pista";"Atropelamento de Animal";"Com Vítimas Feridas";"Anoitecer";"Crescente";"Nublado";"Múltipla";"Reta";"Sim";1;0;1;0;0;0;1;1;-20,34007493;-40,39451305;"SPRF-ES";"DEL01-ES";"UOP01-DEL01-ES"
230331;2019-08-22;"quinta-feira";"07:30:00";"SC";101;209,9;"SAO JOSE";"Falta de Atenção à Condução";"Colisão lateral";"Com Vítimas Feridas";"Pleno dia";"Decrescente";"Céu Claro";"Múltipla";"Reta";"Sim";3;0;1;0;2;0;1;3;-27,61000542;-48,63895057;"SPRF-SC";"DEL01-SC";"UOP01-DEL01-SC"
230332;2019-08-22;"quinta-feira";"08:15:00";"SC";101;209,9;"SAO JOSE";"Não guardar distância de segurança";"Colisão traseira";"Com Vítimas Feridas";"Pleno dia";"Decrescente";"Céu Claro";"Múltipla";"Reta";"Não";2;0;2;0;0;0;2;2;-27,61000542;-48,63895057;"SPRF-SC";"DEL01-SC";"UOP01-DEL01-SC"
230334;2019-08-22;"quinta-feira";"07:50:00";"MG";381;485,9;"BETIM";"Defeito Mecânico no Veículo";"Incêndio";"Sem Vítimas";"Pleno dia";"Decrescente";"Céu Claro";"Múltipla";"Reta";"Sim";1;0;0;0;1;0;0;1;-19,95659361;-44,12622893;"SPRF-MG";"DEL01-MG";"UOP03-DEL01-MG"
230335;2019-04-24;"quarta-feira";"07:29:00";"PR";376;5;"APUCARANA";"Falta de Atenção à Condução";"Atropelamento de Pedestre";"Com Vítimas Feridas";"Pleno dia";"Decrescente";"Céu Claro";"Simples";"Interseção de Vias";"Sim";2;0;1;0;0;1;1;2;-23,5513;-51,461266;"SPRF-PR";"DEL07-PR";"UOP03-DEL07-PR"
230336;2019-04-30;"terça-feira";"19:30:00";"PR";376;2;"MANDAGUARI";"Desobediência às normas de trânsito pelo condutor";"Colisão transversal";"Com Vítimas Feridas";"Plena Noite";"Crescente";"Ignorado";"Simples";"Reta";"Sim";2;0;0;1;1;0;1;2;-23,51675257;-51,68669075;"SPRF-PR";"DEL07-PR";"UOP01-DEL09-PR"
230337;2019-08-22;"quinta-feira";"07:50:00";"MG";381;350;"JOAO MONLEVADE";"Velocidade Incompatível";"Capotamento";"Com Vítimas Feridas";"Pleno dia";"Crescente";"Garoa/Chuvisco";"Simples";"Curva";"Não";3;0;1;0;2;0;1;1;-19,84953832;-43,15779198;"SPRF-MG";"DEL03-MG";"UOP01-DEL03-MG"
230338;2019-08-22;"quinta-feira";"08:20:00";"RJ";116;104;"GUAPIMIRIM";"Falta de Atenção à Condução";"Saída de leito carroçável";"Com Vítimas Feridas";"Pleno dia";"Decrescente";"Nublado";"Dupla";"Reta";"Não";1;0;1;0;0;0;1;1;-22,536732;-42,990009;"SPRF-RJ";"DEL04-RJ";"UOP02-DEL04-RJ"
230339;2019-08-22;"quinta-feira";"07:45:00";"RO";364;344,4;"JI-PARANA";"Falta de Atenção à Condução";"Colisão lateral";"Com Vítimas Feridas";"Pleno dia";"Decrescente";"Céu Claro";"Dupla";"Interseção de Vias";"Sim";2;0;2;0;0;0;2;2;-10,87376391;-61,95256893;"SPRF-RO";"DEL02-RO";"UOP01-DEL02-RO"
230340;2019-08-22;"quinta-feira";"09:00:00";"PE";101;104;"CABO DE SANTO AGOSTINHO";"Falta de Atenção à Condução";"Colisão lateral";"Com Vítimas Feridas";"Pleno dia";"Crescente";"Céu Claro";"Dupla";"Reta";"Sim";3;0;1;1;1;0;2;2;-8,29739778;-35,06293971;"SPRF-PE";"DEL01-PE";"UOP03-DEL01-PE"