"id";"data_inversa";"dia_semana";"horario";"uf";"br";"km";"municipio";"causa_acidente";"tipo_acidente";"classificacao_acidente";"fase_dia";"sentido_via";"condicao_metereologica";"tipo_pista";"tracado_via";"uso_solo";"pessoas";"mortos";"feridos_leves";"feridos_graves";"ilesos";"ignorados";"feridos";"veiculos";"latitude";"longitude";"regional";"delegacia";"uop"
230598;2019-08-23;"sexta-feira";"17:30:00";"RN";405;151;"PAU DOS FERROS";"Falta de Atenção à Condução";"Colisão transversal";"Com Vítimas Feridas";"Anoitecer";"Crescente";"Céu Claro";"Dupla";"Declive";"Sim";2;0;0;1;0;1;1;2;-6,11489502;-38,20651128;"SPRF-RN";"DEL04-RN";"UOP02-DEL04-RN"
230599;2019-08-23;"sexta-feira";"17:15:00";"CE";304;51;"ARACATI";"Falta de Atenção à Condução";"Colisão lateral";"Com Vítimas Feridas";"Amanhecer";"Decrescente";"Céu Claro";"Dupla";"Curva;Interseção de Vias";"Não";3;0;2;0;1;0;2;2;-4,56942301;-37,75341799;"SPRF-CE";"DEL03-CE";"UOP03-DEL03-CE"
230600;2019-08-23;"sexta-feira";"17:10:00";"MG";381;284;"JAGUARACU";"Falta de Atenção à Condução";"Queda de ocupante de veículo";"Com Vítimas Feridas";"Pleno dia";"Decrescente";"Céu Claro";"Simples";"Reta";"Não";2;0;2;0;0;0;2;1;-19,61562462;-42,79145991;"SPRF-MG";"DEL03-MG";"UOP02-DEL03-MG"
230601;2019-08-23;"sexta-feira";"17:30:00";"BA";324;572;"SAO SEBASTIAO DO PASSE";"Falta de Atenção à Condução";"Capotamento";"Com Vítimas Feridas";"Anoitecer";"Decrescente";"Nublado";"Dupla";"Reta";"Não";3;0;3;0;0;0;3;1;-12,55680911;-38,56690209;"SPRF-BA";"DEL01-BA";"UOP01-DEL01-BA"
230602;2019-08-23;"sexta-feira";"17:35:00";"SP";153;54,5;"SAO JOSE DO RIO PRETO";"Falta de Atenção à Condução";"Colisão transversal";"Com Vítimas Feridas";"Anoitecer";"Decrescente";"Céu Claro";"Dupla";"Reta";"Sim";2;0;0;1;1;0;1;2;-20,74488916;-49,33894564;"SPRF-SP";"DEL09-SP";"UOP01-DEL09-SP"
230603;2019-08-23;"sexta-feira";"17:50:00";"ES";101;40;"CONCEICAO DA BARRA";"Defeito Mecânico no Veículo";"Tombamento";"Com Vítimas Feridas";"Anoitecer";"Crescente";"Nublado";"Simples";"Declive";"Não";1;0;1;0;0;0;1;1;-18,49980697;-39,91851689;"SPRF-ES";"DEL04-ES";"UOP02-DEL04-ES"
230604;2019-08-23;"sexta-feira";"15:15:00";"SC";101;448,7;"SANTA ROSA DO SUL";"Falta de Atenção à Condução";"Colisão transversal";"Com Vítimas Feridas";"Pleno dia";"Decrescente";"Céu Claro";"Simples";"Viaduto";"Sim";2;0;1;0;1;0;1;2;-29,15898991;-49,73540906;"SPRF-SC";"DEL02-SC";"UOP02-DEL02-SC"
230605;2019-08-23;"sexta-feira";"17:35:00";"RJ";101;55;"CAMPOS DOS GOYTACAZES";"Falta de Atenção à Condução";"Colisão transversal";"Com Vítimas Feridas";"Anoitecer";"Decrescente";"Garoa/Chuvisco";"Simples";"Reta";"Sim";2;0;1;0;1;0;1;2;-21,67827099;-41,31079872;"SPRF-RJ";"DEL08-RJ";"UOP01-DEL08-RJ"
230606;2019-08-23;"sexta-feira";"17:50:00";"PE";232;84;"GRAVATA";"Falta de Atenção à Condução";"Colisão traseira";"Com Vítimas Feridas";"Anoitecer";"Decrescente";"Nublado";"Dupla";"Aclive";"Não";2;0;1;0;1;0;1;2;-8,2059894;-35,60359683;"SPRF-PE";"DEL01-PE";"UOP02-DEL02PE"
230607;2019-08-23;"sexta-feira";"18:15:00";"RJ";116;138,9;"MAGE";"Falta de Atenção à Condução";"Atropelamento de Pedestre";"Com Vítimas Fatais";"Plena Noite";"Decrescente";"Nublado";"Dupla";"Reta";"Sim";3;1;1;0;0;1;1;2;-22,64697319;-43,19165101;"SPRF-RJ";"DEL04-RJ";"UOP02-DEL04-RJ"
230608;2019-08-23;"sexta-feira";"16:30:00";"RO";364;161,5;"PIMENTA BUENO";"Desobediência às normas de trânsito pelo condutor";"Saída de leito carroçável";"Com Vítimas Feridas";"Pleno dia";"Crescente";"Céu Claro";"Simples";"Reta";"Não";1;0;1;0;0;0;1;1;-11,91064703;-60,96644505;"SPRF-RO";"DEL02-RO";"UOP02-DEL02-RO"
230610;2019-08-23;"sexta-feira";"17:45:00";"RJ";116;17,5;"SAPUCAIA";"Pista Escorregadia";"Colisão transversal";"Com Vítimas Feridas";"Anoitecer";"Crescente";"Chuva";"Simples";"Curva";"Não";3;0;1;2;0;0;3;2;-21,98043992;-42,75368608;"SPRF-RJ";"DEL04-RJ";"UOP01-DEL04-RJ"
230611;2019-08-23;"sexta-feira";"18:20:00";"RN";304;36,2;"MOSSORO";"Falta de Atenção do Pedestre";"Atropelamento de Pedestre";"Com Vítimas Feridas";"Plena Noite";"Crescente";"Céu Claro";"Simples";"Declive";"Sim";3;0;1;1;1;0;2;2;-5,16958138;-37,35668063;"SPRF-RN";"DEL04-RN";"UOP02-DEL04-RN"
230612;2019-08-23;"sexta-feira";"18:05:00";"RJ";116;319;"RESENDE";"Desobediência às normas de trânsito pelo condutor";"Colisão lateral";"Com Vítimas Feridas";"Plena Noite";"Crescente";"Céu Claro";"Dupla";"Reta";"Sim";3;0;1;0;2;0;1;2;-22,47135783;-44,51922908;"SPRF-RJ";"DEL07-RJ";"DEL5/7-UOP03/RJ"
230614;2019-08-23;"sexta-feira";"18:20:00";"BA";415;19,9;"ILHEUS";"Animais na Pista";"Atropelamento de Animal";"Com Vítimas Feridas";"Plena Noite";"Decrescente";"Céu Claro";"Simples";"Reta";"Não";1;0;1;0;0;0;1;1;-14,8482;-39,281986;"SPRF-BA";"DEL05-BA";"UOP01-DEL05-BA"
230615;2019-08-23;"sexta-feira";"13:33:00";"MG";381;810;"CAREACU";"Falta de Atenção à Condução";"Colisão com objeto estático";"Com Vítimas Feridas";"Pleno dia";"Decrescente";"Chuva";"Dupla";"Curva";"Não";1;0;1;0;0;0;1;1;-22,04560399;-45,68921401;"SPRF-MG";"DEL16-MG";"UOP02-DEL16-MG"
230616;2019-08-23;"sexta-feira";"14:35:00";"MG";381;737;"TRES CORACOES";"Falta de Atenção à Condução";"Colisão com objeto estático";"Com Vítimas Feridas";"Pleno dia";"Crescente";"Nublado";"Dupla";"Curva";"Não";1;0;1;0;0;0;1;1;-21,59740119;-45,23880352;"SPRF-MG";"DEL16-MG";"UOP02-DEL16-MG"
230618;2019-08-23;"sexta-feira";"18:45:00";"RJ";116;321;"ITATIAIA";"Defeito Mecânico no Veículo";"Incêndio";"Sem Vítimas";"Plena Noite";"Crescente";"Nublado";"Dupla";"Curva";"Não";1;0;0;0;1;0;0;1;-22,49862103;-44,57904339;"SPRF-RJ";"DEL07-RJ";"DEL5/7-UOP03/RJ"
230619;2019-08-23;"sexta-feira";"18:22:00";"MG";365;624,8;"UBERLANDIA";"Agressão Externa";"Colisão lateral";"Com Vítimas Feridas";"Plena Noite";"Decrescente";"Céu Claro";"Múltipla";"Reta";"Sim";2;0;0;1;1;0;1;2;-18,907927;-48,300264;"SPRF-MG";"DEL15-MG";"UOP01-DEL15-MG"
230620;2019-08-23;"sexta-feira";"13:05:00";"RO";364;423;"JARU";"Falta de Atenção à Condução";"Colisão transversal";"Com Vítimas Feridas";"Pleno dia";"Decrescente";"Céu Claro";"Simples";"Reta";"Sim";3;0;2;0;1;0;2;2;-10,45220802;-62,46072003;"SPRF-RO";"DEL03-RO";"UOP02-DEL03-RO"
230621;2019-08-23;"sexta-feira";"18:15:00";"DF";60;24;"BRASILIA";"Falta de Atenção à Condução";"Saída de leito carroçável";"Sem Vítimas";"Anoitecer";"Decrescente";"Céu Claro";"Dupla";"Reta";"Não";1;0;0;0;1;0;0;1;-15,991807;-48,232067;"SPRF-DF";"DEL01-DF";"UOP01-DEL03-DF"
230622;2019-08-23;"sexta-feira";"17:30:00";"MS";60;368,7;"CAMPO GRANDE";"Falta de Atenção à Condução";"Colisão traseira";"Com Vítimas Feridas";"Plena Noite";"Decrescente";"Céu Claro";"Simples";"Reta";"Não";2;0;1;0;1;0;1;2;-20,55918932;-54,6760057;"SPRF-MS";"DEL01-MS";"UOP03-DEL01-MS"
230623;2019-08-23;"sexta-feira";"18:50:00";"PR";277;348,3;"GUARAPUAVA";"Velocidade Incompatível";"Colisão traseira";"Com Vítimas Feridas";"Plena Noite";"Crescente";"Céu Claro";"Simples";"Reta";"Sim";2;0;1;0;1;0;1;2;-25,38398727;-51,51257515;"SPRF-PR";"DEL03-PR";"UOP01-DEL08-PR"
230625;2019-08-23;"sexta-feira";"17:40:00";"PE";407;123,3;"PETROLINA";"Falta de Atenção do Pedestre";"Atropelamento de Pedestre";"Com Vítimas Feridas";"Pleno dia";"Decrescente";"Céu Claro";"Simples";"Reta";"Sim";2;0;1;0;0;1;1;2;-9,363641;-40,544638;"SPRF-PE";"DEL06-PE";"UOP01-DEL06-PE"
230626;2019-08-23;"sexta-feira";"14:45:00";"RS";392;204,5;"SANTANA DA BOA VISTA";"Agressão Externa";"Saída de leito carroçável";"Sem Vítimas";"Pleno dia";"Crescente";"Sol";"Simples";"Curva";"Não";1;0;0;0;1;0;0;1;-30,85006125;-53,16776104;"SPRF-RS";"DEL09-RS";"UOP02-DEL09-RS"
230627;2019-08-23;"sexta-feira";"17:00:00";"RS";472;455,4;"ITAQUI";"Defeito na Via";"Saída de leito carroçável";"Com Vítimas Feridas";"Pleno dia";"Crescente";"Sol";"Simples";"Reta";"Não";1;0;1;0;0;0;1;1;-29,04909683;-56,22373117;"SPRF-RS";"DEL12-RS";"UOP01-DEL12-RS"
230628;2019-08-23;"sexta-feira";"17:30:00";"SC";280;55,5;"GUARAMIRIM";"Falta de Atenção à Condução";"Colisão transversal";"Com Vítimas Feridas";"Pleno dia";"Crescente";"Céu Claro";"Simples";"Rotatória";"Sim";2;0;1;0;1;0;1;2;-26,47892825;-49,00100291;"SPRF-SC";"DEL03-SC";"UOP03-DEL03-SC"
230629;2019-08-21;"quarta-feira";"07:00:00";"RS";285;456,5;"IJUI";"Falta de Atenção do Pedestre";"Atropelamento de Pedestre";"Com Vítimas Feridas";"Pleno dia";"Decrescente";"Céu Claro";"Simples";"Reta";"Sim";2;0;1;0;1;0;1;2;-28,38826679;-53,89175892;"SPRF-RS";"DEL10-RS";"UOP01-DEL10-RS"
230630;2019-08-23;"sexta-feira";"13:30:00";"RO";364;421;"JARU";"Desobediência às normas de trânsito pelo condutor";"Colisão transversal";"Com Vítimas Feridas";"Pleno dia";"Crescente";"Céu Claro";"Simples";"Reta";"Sim";2;0;1;0;1;0;1;2;-10,4597532;-62,4558043;"SPRF-RO";"DEL03-RO";"UOP02-DEL03-RO"
230631;2019-08-23;"sexta-feira";"18:20:00";"PR";476;127;"CURITIBA";"Falta de Atenção à Condução";"Colisão lateral";"Com Vítimas Feridas";"Plena Noite";"Decrescente";"Nublado";"Dupla";"Reta;Declive";"Sim";2;0;1;0;1;0;1;2;-25,42611549;-49,22744036;"SPRF-PR";"DEL01-PR";"UOP07-DEL01-PR"
230633;2019-08-23;"sexta-feira";"18:10:00";"PR";277;592,8;"CASCAVEL";"Falta de Atenção à Condução";"Queda de ocupante de veículo";"Com Vítimas Feridas";"Anoitecer";"Decrescente";"Céu Claro";"Simples";"Aclive";"Sim";1;0;1;0;0;0;1;1;-24,98113721;-53,48093033;"SPRF-PR";"DEL04-PR";"UOP01-DEL04-PR"
230635;2019-08-23;"sexta-feira";"19:25:00";"SC";280;50,5;"GUARAMIRIM";"Falta de Atenção à Condução";"Colisão frontal";"Com Vítimas Feridas";"Plena Noite";"Decrescente";"Nublado";"Simples";"Reta";"Não";5;0;4;0;1;0;4;2;-26,4619489;-48,94618404;"SPRF-SC";"DEL03-SC";"UOP03-DEL03-SC"
230636;2019-08-23;"sexta-feira";"18:30:00";"SE";235;21,1;"NOSSA SENHORA DO SOCORRO";"Falta de Atenção à Condução";"Engavetamento";"Sem Vítimas";"Plena Noite";"Decrescente";"Nublado";"Simples";"Curva";"Não";4;0;0;0;4;0;0;4;-10,82547511;-37,22973704;"SPRF-SE";"DEL01-SE";"UOP02-DEL01-SE"
230637;2019-08-23;"sexta-feira";"19:25:00";"RJ";40;110;"DUQUE DE CAXIAS";"Falta de Atenção à Condução";"Colisão lateral";"Com Vítimas Feridas";"Plena Noite";"Decrescente";"Nublado";"Múltipla";"Reta";"Sim";3;0;1;0;1;1;1;3;-22,68289906;-43,28549346;"SPRF-RJ";"DEL01-RJ";"UOP01-DEL01-RJ"
230638;2019-08-23;"sexta-feira";"19:30:00";"GO";153;498,1;"GOIANIA";"Falta de Atenção à Condução";"Colisão traseira";"Com Vítimas Feridas";"Plena Noite";"Crescente";"Céu Claro";"Dupla";"Reta;Aclive";"Não";2;0;1;0;1;0;1;2;-16,6939;-49,2321;"SPRF-GO";"DEL01-GO";"UOP01-DEL01-GO"
230639;2019-06-16;"domingo";"18:00:00";"ES";101;284,9;"CARIACICA";"Não guardar distância de segurança";"Colisão traseira";"Com Vítimas Feridas";"Plena Noite";"Crescente";"Nublado";"Dupla";"Reta";"Sim";2;0;0;1;1;0;1;2;-20,24334991;-40,3696926;"SPRF-ES";"DEL01-ES";"UOP01-DEL01-ES"
230640;2019-08-23;"sexta-feira";"19:20:00";"SC";470;72,5;"INDAIAL";"Ingestão de Álcool";"Atropelamento de Pedestre";"Com Vítimas Feridas";"Plena Noite";"Crescente";"Chuva";"Simples";"Reta";"Não";2;0;1;0;1;0;1;2;-26,901979;-49,268745;"SPRF-SC";"DEL04-SC";"UOP01-DEL04-SC"
230642;2019-08-23;"sexta-feira";"18:30:00";"SC";470;132,4;"LONTRAS";"Ingestão de Álcool";"Colisão lateral";"Com Vítimas Feridas";"Anoitecer";"Decrescente";"Céu Claro";"Simples";"Reta";"Não";3;0;1;0;2;0;1;3;-27,170237;-49,574718;"SPRF-SC";"DEL04-SC";"UOP02-DEL04-SC"
230643;2019-08-23;"sexta-feira";"19:40:00";"PR";467;89,6;"CASCAVEL";"Defeito Mecânico no Veículo";"Colisão traseira";"Com Vítimas Feridas";"Plena Noite";"Crescente";"Céu Claro";"Dupla";"Curva";"Não";3;0;2;1;0;0;3;2;-24,8416;-53,6168;"SPRF-PR";"DEL04-PR";"UOP01-DEL04-PR"
230644;2019-08-23;"sexta-feira";"19:30:00";"SC";282;3,6;"FLORIANOPOLIS";"Falta de Atenção à Condução";"Colisão lateral";"Com Vítimas Feridas";"Plena Noite";"Crescente";"Céu Claro";"Múltipla";"Reta";"Sim";3;0;2;0;1;0;2;3;-27,600384;-48,599705;"SPRF-SC";"DEL01-SC";"UOP01-DEL01-SC"
230645;2019-08-23;"sexta-feira";"19:25:00";"SC";101;97,4;"BALNEARIO PICARRAS";"Falta de Atenção à Condução";"Colisão com objeto estático";"Sem Vítimas";"Plena Noite";"Decrescente";"Céu Claro";"Dupla";"Reta";"Não";2;0;0;0;1;1;0;1;-26,74266299;-48,69780064;"SPRF-SC";"DEL03-SC";"UOP02-DEL03-SC"
230646;2019-08-23;"sexta-feira";"16:00:00";"MA";135;18,4;"SAO LUIS";"Desobediência às normas de trânsito pelo condutor";"Colisão frontal";"Com Vítimas Fatais";"Pleno dia";"Crescente";"Céu Claro";"Simples";"Reta";"Não";4;1;0;3;0;0;3;2;-2,71719899;-44,32099307;"SPRF-MA";"DEL01-MA";"UOP01-DEL01-MA"
230647;2019-08-23;"sexta-feira";"18:25:00";"PR";277;94;"CURITIBA";"Falta de Atenção à Condução";"Queda de ocupante de veículo";"Sem Vítimas";"Plena Noite";"Crescente";"Céu Claro";"Dupla";"Reta";"Sim";1;0;0;0;0;1;0;1;-25,55282988;-49,27722493;"SPRF-PR";"DEL01-PR";"UOP06-DEL01-PR"
230648;2019-08-23;"sexta-feira";"19:00:00";"PR";369;138,7;"IBIPORA";"Mal Súbito";"Colisão traseira";"Com Vítimas Feridas";"Plena Noite";"Decrescente";"Céu Claro";"Simples";"Interseção de Vias";"Sim";5;0;2;0;3;0;2;5;-23,27373621;-51,05609536;"SPRF-PR";"DEL07-PR";"UOP01-DEL07-PR"
230649;2019-08-23;"sexta-feira";"19:45:00";"MG";262;425,2;"IGARATINGA";"Falta de Atenção do Pedestre";"Atropelamento de Pedestre";"Com Vítimas Fatais";"Plena Noite";"Crescente";"Céu Claro";"Dupla";"Reta";"Não";2;1;0;0;1;0;0;2;-19,88260256;-44,75848197;"SPRF-MG";"DEL08-MG";"UOP03-DEL08-MG"
230650;2019-08-23;"sexta-feira";"19:30:00";"RS";158;336,2;"SANTA MARIA";"Animais na Pista";"Atropelamento de Animal";"Sem Vítimas";"Plena Noite";"Decrescente";"Céu Claro";"Simples";"Aclive;Curva";"Sim";1;0;0;0;1;0;0;1;-29,71253927;-53,89354688;"SPRF-RS";"DEL09-RS";"UOP01-DEL09-RS"
230651;2019-08-23;"sexta-feira";"19:40:00";"RJ";40;4,7;"COMENDADOR LEVY GASPARIAN";"Pista Escorregadia";"Colisão com objeto estático";"Com Vítimas Feridas";"Plena Noite";"Decrescente";"Chuva";"Dupla";"Curva";"Não";1;0;1;0;0;0;1;1;-22,01337537;-43,23594846;"SPRF-RJ";"DEL06-RJ";"UOP02-DEL05-RJ"
230653;2019-08-23;"sexta-feira";"19:10:00";"SP";116;389;"MIRACATU";"Agressão Externa";"Saída de leito carroçável";"Com Vítimas Fatais";"Plena Noite";"Decrescente";"Nublado";"Dupla";"Reta";"Sim";2;1;1;0;0;0;1;1;-24,27280624;-47,4062269;"SPRF-SP";"DEL04-SP";"UOP02-DEL04-SP"
230654;2019-08-23;"sexta-feira";"15:00:00";"MT";174;94;"CACERES";"Falta de Atenção à Condução";"Colisão lateral";"Sem Vítimas";"Pleno dia";"Crescente";"Céu Claro";"Simples";"Reta";"Não";2;0;0;0;2;0;0;2;-15,87641614;-57,82901921;"SPRF-MT";"DEL03-MT";"UOP01-DEL03-MT"
230655;2019-08-23;"sexta-feira";"15:50:00";"PR";153;234,5;"TIBAGI";"Falta de Atenção à Condução";"Colisão transversal";"Com Vítimas Feridas";"Pleno dia";"Decrescente";"Sol";"Simples";"Reta;Declive";"Não";4;0;3;0;1;0;3;2;-24,7277021;-50,45206851;"SPRF-PR";"DEL03-PR";"UOP02-DEL03-PR"
230656;2019-08-23;"sexta-feira";"19:00:00";"RJ";493;42,1;"DUQUE DE CAXIAS";"Ingestão de Álcool";"Colisão lateral";"Com Vítimas Feridas";"Plena Noite";"Crescente";"Nublado";"Dupla";"Reta";"Não";2;0;1;0;1;0;1;2;-22,64978157;-43,23301318;"SPRF-RJ";"DEL04-RJ";"UOP02-DEL04-RJ"
230657;2019-08-23;"sexta-feira";"19:50:00";"CE";116;67;"CHOROZINHO";"Desobediência às normas de trânsito pelo condutor";"Colisão com objeto em movimento";"Com Vítimas Fatais";"Plena Noite";"Decrescente";"Céu Claro";"Simples";"Reta";"Não";2;1;0;0;0;1;0;2;-4,3061949;-38,50142278;"SPRF-CE";"DEL03-CE";"UOP02-DEL03-CE"
230659;2019-08-23;"sexta-feira";"20:25:00";"BA";407;5,1;"JUAZEIRO";"Desobediência às normas de trânsito pelo condutor";"Colisão transversal";"Com Vítimas Feridas";"Plena Noite";"Crescente";"Céu Claro";"Simples";"Interseção de Vias";"Sim";2;0;1;0;1;0;1;2;-9,44266947;-40,4929018;"SPRF-PE";"DEL06-PE";"UOP01-DEL06-PE"
230660;2019-08-23;"sexta-feira";"20:20:00";"PR";369;164;"CAMBE";"Não guardar distância de segurança";"Colisão lateral";"Com Vítimas Feridas";"Plena Noite";"Decrescente";"Céu Claro";"Dupla";"Reta";"Não";2;0;1;0;1;0;1;2;-23,2962074;-51,28235579;"SPRF-PR";"DEL07-PR";"UOP01-DEL07-PR"
230662;2019-08-23;"sexta-feira";"16:20:00";"RO";435;125;"CEREJEIRAS";"Desobediência às normas de trânsito pelo condutor";"Colisão transversal";"Com Vítimas Feridas";"Pleno dia";"Decrescente";"Céu Claro";"Simples";"Reta";"Sim";2;0;1;1;0;0;2;2;-13,18891758;-60,82687399;"SPRF-RO";"DEL04-RO";"UOP02-DEL04-RO"
230663;2019-08-23;"sexta-feira";"19:20:00";"RO";319;63,8;"PORTO VELHO";"Desobediência às normas de trânsito pelo condutor";"Colisão lateral";"Sem Vítimas";"Plena Noite";"Decrescente";"Céu Claro";"Dupla";"Interseção de Vias";"Sim";5;0;0;0;4;1;0;2;-8,76158109;-63,88515472;"SPRF-RO";"DEL01-RO";"UOP01-DEL01-RO"
230664;2019-08-23;"sexta-feira";"16:10:00";"PB";230;405,8;"POMBAL";"Falta de Atenção à Condução";"Colisão transversal";"Com Vítimas Feridas";"Pleno dia";"Crescente";"Céu Claro";"Simples";"Reta";"Sim";2;0;1;0;1;0;1;2;-6,7888;-37,7923;"SPRF-PB";"DEL03-PB";"UOP02-DEL03-PB"
230665;2019-08-23;"sexta-feira";"21:00:00";"PR";376;174;"MARINGA";"Não guardar distância de segurança";"Colisão traseira";"Com Vítimas Feridas";"Plena Noite";"Decrescente";"Céu Claro";"Dupla";"Interseção de Vias";"Sim";2;0;1;0;1;0;1;2;-23,41430102;-51,94984299;"SPRF-PR";"DEL07-PR";"UOP01-DEL09-PR"
230666;2019-08-23;"sexta-feira";"19:20:00";"PA";230;125;"MARABA";"Falta de Atenção à Condução";"Colisão transversal";"Com Vítimas Fatais";"Plena Noite";"Crescente";"Céu Claro";"Simples";"Reta";"Não";2;1;0;0;1;0;0;2;-5,37652185;-49,14349399;"SPRF-PA";"DEL03-PA";"UOP01-DEL03-PA"
230667;2019-08-23;"sexta-feira";"20:40:00";"SC";282;499,9;"XANXERE";"Ingestão de álcool e/ou substâncias psicoativas pelo pedestre";"Atropelamento de Pedestre";"Com Vítimas Feridas";"Plena Noite";"Decrescente";"Céu Claro";"Simples";"Reta";"Sim";2;0;1;0;1;0;1;2;-26,880869;-52,363121;"SPRF-SC";"DEL07-SC";"UOP01-DEL07-SC"
230668;2019-08-23;"sexta-feira";"20:15:00";"GO";414;437,7;"ANAPOLIS";"Falta de Atenção à Condução";"Colisão transversal";"Com Vítimas Feridas";"Plena Noite";"Crescente";"Céu Claro";"Simples";"Retorno Regulamentado";"Sim";5;0;4;0;1;0;4;2;-16,26365299;-48,93824303;"SPRF-GO";"DEL02-GO";"UOP01-DEL02-GO"
230669;2019-08-23;"sexta-feira";"21:00:00";"MG";40;586;"ITABIRITO";"Falta de Atenção à Condução";"Saída de leito carroçável";"Com Vítimas Feridas";"Plena Noite";"Decrescente";"Céu Claro";"Simples";"Curva";"Não";1;0;0;1;0;0;1;1;-20,34175518;-43,92038073;"SPRF-MG";"DEL01-MG";"UOP02-DEL01-MG"
230670;2019-08-23;"sexta-feira";"19:50:00";"RJ";393;295,4;"BARRA MANSA";"Falta de Atenção à Condução";"Colisão transversal";"Com Vítimas Feridas";"Plena Noite";"Decrescente";"Nublado";"Simples";"Reta";"Sim";2;0;1;1;0;0;2;2;-22,52257012;-44,11612629;"SPRF-RJ";"DEL05-RJ";"UOP04-DEL05-RJ"
230671;2019-08-23;"sexta-feira";"20:00:00";"MG";365;613;"UBERLANDIA";"Falta de Atenção à Condução";"Colisão lateral";"Sem Vítimas";"Plena Noite";"Crescente";"Céu Claro";"Dupla";"Reta";"Sim";4;0;0;0;2;2;0;4;-18,884602;-48,26594;"SPRF-MG";"DEL15-MG";"UOP01-DEL15-MG"
230674;2019-08-23;"sexta-feira";"21:40:00";"TO";153;147;"ARAGUAINA";"Desobediência às normas de trânsito pelo condutor";"Colisão lateral";"Com Vítimas Feridas";"Plena Noite";"Decrescente";"Céu Claro";"Múltipla";"Reta";"Sim";5;0;4;0;1;0;4;2;-7,22175693;-48,24826214;"SPRF-TO";"DEL02-TO";"UOP01-DEL02-TO"
230676;2019-08-23;"sexta-feira";"21:45:00";"PR";277;590,1;"CASCAVEL";"Desobediência às normas de trânsito pelo condutor";"Queda de ocupante de veículo";"Com Vítimas Feridas";"Plena Noite";"Decrescente";"Nublado";"Simples";"Declive;Reta";"Sim";1;0;1;0;0;0;1;1;-24,98120697;-53,45591501;"SPRF-PR";"DEL04-PR";"UOP01-DEL04-PR"
230677;2019-08-23;"sexta-feira";"18:55:00";"PR";369;133;"IBIPORA";"Falta de Atenção à Condução";"Queda de ocupante de veículo";"Com Vítimas Feridas";"Plena Noite";"Crescente";"Céu Claro";"Dupla";"Declive;Reta";"Sim";1;0;0;1;0;0;1;1;-23,26040557;-51,00960195;"SPRF-PR";"DEL07-PR";"UOP01-DEL07-PR"
230680;2019-08-23;"sexta-feira";"21:50:00";"RJ";40;105;"DUQUE DE CAXIAS";"Falta de Atenção à Condução";"Colisão transversal";"Com Vítimas Feridas";"Plena Noite";"Decrescente";"Céu Claro";"Múltipla";"Reta";"Sim";3;0;1;0;2;0;1;2;-22,63784806;-43,28428824;"SPRF-RJ";"DEL01-RJ";"UOP01-DEL01-RJ"
230682;2019-08-23;"sexta-feira";"22:45:00";"MG";50;71;"UBERLANDIA";"Falta de Atenção à Condução";"Tombamento";"Com Vítimas Feridas";"Plena Noite";"Crescente";"Céu Claro";"Dupla";"Reta";"Sim";2;0;1;0;1;0;1;2;-18,90504819;-48,23231936;"SPRF-MG";"DEL15-MG";"UOP01-DEL15-MG"
230685;2019-08-23;"sexta-feira";"23:30:00";"MG";354;754,3;"ITAMONTE";"Ingestão de Álcool";"Colisão frontal";"Sem Vítimas";"Plena Noite";"Crescente";"Céu Claro";"Simples";"Reta";"Sim";2;0;0;0;2;0;0;2;-22,30480233;-44,85575196;"SPRF-MG";"DEL05-MG";"UOP01-DEL17-MG"
230686;2019-08-23;"sexta-feira";"11:00:00";"RO";364;385;"OURO PRETO DO OESTE";"Ultrapassagem Indevida";"Colisão lateral";"Com Vítimas Feridas";"Pleno dia";"Crescente";"Céu Claro";"Simples";"Rotatória";"Sim";2;0;1;0;1;0;1;2;-10,70819012;-62,25648014;"SPRF-RO";"DEL02-RO";"UOP01-DEL02-RO"
230687;2019-08-23;"sexta-feira";"23:55:00";"RJ";116;172;"SAO JOAO DE MERITI";"Não guardar distância de segurança";"Colisão traseira";"Com Vítimas Feridas";"Plena Noite";"Crescente";"Céu Claro";"Dupla";"Reta";"Sim";3;0;2;0;1;0;2;2;-22,80188151;-43,35043673;"SPRF-RJ";"DEL01-RJ";"UOP02-DEL01-RJ"
230690;2019-08-24;"sábado";"00:10:00";"PR";373;181,1;"PONTA GROSSA";"Restrição de Visibilidade";"Colisão traseira";"Com Vítimas Fatais";"Plena Noite";"Crescente";"Céu Claro";"Simples";"Reta";"Sim";2;1;0;0;1;0;0;2;-25,04266233;-50,25791089;"SPRF-PR";"DEL03-PR";"UOP01-DEL03-PR"
230691;2019-08-23;"sexta-feira";"23:30:00";"PR";116;10;"COLOMBO";"Velocidade Incompatível";"Capotamento";"Com Vítimas Feridas";"Plena Noite";"Crescente";"Nublado";"Dupla";"Curva";"Não";4;0;1;3;0;0;4;1;-25,3719;-49,134;"SPRF-PR";"DEL01-PR";"UOP01-DEL01-PR"
230692;2019-08-24;"sábado";"00:10:00";"RS";116;265,5;"CANOAS";"Desobediência às normas de trânsito pelo pedestre";"Atropelamento de Pedestre";"Com Vítimas Fatais";"Plena Noite";"Crescente";"Nublado";"Dupla";"Reta";"Sim";3;1;0;1;0;1;1;2;-29,92342302;-51,17780944;"SPRF-RS";"DEL01-RS";"UOP01-DEL01-RS"
230693;2019-08-24;"sábado";"00:30:00";"PA";222;105;"RONDON DO PARA";"Ingestão de Álcool";"Queda de ocupante de veículo";"Com Vítimas Feridas";"Plena Noite";"Crescente";"Céu Claro";"Simples";"Reta";"Sim";1;0;1;0;0;0;1;1;-4,774744;-48,071766;"SPRF-PA";"DEL02-PA";"UOP02-DEL02-PA"