"id";"data_inversa";"dia_semana";"horario";"uf";"br";"km";"municipio";"causa_acidente";"tipo_acidente";"classificacao_acidente";"fase_dia";"sentido_via";"condicao_metereologica";"tipo_pista";"tracado_via";"uso_solo";"pessoas";"mortos";"feridos_leves";"feridos_graves";"ilesos";"ignorados";"feridos";"veiculos";"latitude";"longitude";"regional";"delegacia";"uop"
230809;2019-08-24;"sábado";"15:40:00";"PE";232;49;"VITORIA DE SANTO ANTAO";"Defeito Mecânico no Veículo";"Queda de ocupante de veículo";"Com Vítimas Feridas";"Pleno dia";"Decrescente";"Sol";"Dupla";"Reta";"Sim";2;0;2;0;0;0;2;1;-8,143676;-35,314419;"SPRF-PE";"DEL01-PE";"UOP02-DEL02PE"
230810;2019-08-24;"sábado";"12:20:00";"RO";364;84;"VILHENA";"Velocidade Incompatível";"Saída de leito carroçável";"Com Vítimas Feridas";"Pleno dia";"Decrescente";"Sol";"Simples";"Curva";"Não";2;0;2;0;0;0;2;1;-12,41146228;-60,60665927;"SPRF-RO";"DEL04-RO";"DEL21/4-UOP03/RO"
230812;2019-08-24;"sábado";"15:00:00";"RJ";101;61;"CAMPOS DOS GOYTACAZES";"Falta de Atenção à Condução";"Colisão traseira";"Com Vítimas Feridas";"Pleno dia";"Decrescente";"Céu Claro";"Simples";"Reta";"Sim";2;0;1;0;1;0;1;2;-21,72655788;-41,32133519;"SPRF-RJ";"DEL08-RJ";"UOP01-DEL08-RJ"
230814;2019-08-24;"sábado";"16:20:00";"PR";376;300,1;"MAUA DA SERRA";"Não guardar distância de segurança";"Colisão lateral";"Com Vítimas Feridas";"Pleno dia";"Decrescente";"Céu Claro";"Dupla";"Curva";"Não";2;0;2;0;0;0;2;2;-23,93311143;-51,13293074;"SPRF-PR";"DEL07-PR";"UOP02-DEL07-PR"
230817;2019-08-24;"sábado";"14:35:00";"MG";116;430,8;"ALPERCATA";"Falta de Atenção à Condução";"Colisão com objeto estático";"Com Vítimas Feridas";"Pleno dia";"Crescente";"Céu Claro";"Simples";"Curva";"Não";1;0;1;0;0;0;1;1;-18,99809891;-41,97757268;"SPRF-MG";"DEL06-MG";"UOP01-DEL06-MG"
230818;2019-08-24;"sábado";"15:00:00";"MT";163;801;"VERA";"Ingestão de Álcool";"Saída de leito carroçável";"Sem Vítimas";"Pleno dia";"Crescente";"Céu Claro";"Simples";"Reta";"Não";4;0;0;0;4;0;0;1;-12,28230098;-55,56028407;"SPRF-MT";"DEL06-MT";"UOP01-DEL06-MT"
230820;2019-08-24;"sábado";"16:20:00";"PI";316;300;"PICOS";"Ingestão de Álcool";"Colisão traseira";"Sem Vítimas";"Pleno dia";"Crescente";"Céu Claro";"Simples";"Reta";"Não";2;0;0;0;2;0;0;2;-7,04184237;-41,54636128;"SPRF-PI";"DEL04-PI";"UOP01-DEL04-PI"
230821;2019-08-24;"sábado";"15:20:00";"PR";163;72,2;"PLANALTO";"Desobediência às normas de trânsito pelo condutor";"Saída de leito carroçável";"Com Vítimas Feridas";"Pleno dia";"Decrescente";"Céu Claro";"Simples";"Curva";"Não";2;0;1;0;1;0;1;1;-25,81536081;-53,76360586;"SPRF-PR";"DEL02-PR";"UOP02-DEL02-PR"
230822;2019-08-24;"sábado";"16:40:00";"PB";230;27,8;"JOAO PESSOA";"Falta de Atenção à Condução";"Colisão lateral";"Com Vítimas Feridas";"Pleno dia";"Decrescente";"Nublado";"Dupla";"Viaduto";"Sim";3;0;2;0;0;1;2;2;-7,1677;-34,8855;"SPRF-PB";"DEL01-PB";"UOP01-DEL01-PB"
230823;2019-08-24;"sábado";"16:20:00";"RJ";393;116;"SAPUCAIA";"Desobediência às normas de trânsito pelo condutor";"Saída de leito carroçável";"Com Vítimas Fatais";"Pleno dia";"Decrescente";"Céu Claro";"Simples";"Reta";"Não";1;1;0;0;0;0;0;1;-21,9236463;-42,77259263;"SPRF-RJ";"DEL06-RJ";"UOP01-DEL05-RJ"
230824;2019-08-24;"sábado";"15:55:00";"RS";158;313;"SANTA MARIA";"Defeito Mecânico no Veículo";"Incêndio";"Sem Vítimas";"Pleno dia";"Decrescente";"Céu Claro";"Simples";"Reta";"Sim";1;0;0;0;1;0;0;1;-29,63816702;-53,7664961;"SPRF-RS";"DEL09-RS";"UOP01-DEL09-RS"
230825;2019-08-24;"sábado";"14:50:00";"RJ";493;75;"DUQUE DE CAXIAS";"Condutor Dormindo";"Colisão frontal";"Com Vítimas Feridas";"Pleno dia";"Crescente";"Céu Claro";"Dupla";"Reta";"Não";1;0;0;1;0;0;1;1;-22,672089;-43,285053;"SPRF-RJ";"DEL01-RJ";"UOP03-DEL01-RJ"
230826;2019-08-24;"sábado";"17:00:00";"DF";20;20,2;"BRASILIA";"Falta de Atenção do Pedestre";"Atropelamento de Pedestre";"Com Vítimas Feridas";"Pleno dia";"Decrescente";"Céu Claro";"Dupla";"Declive";"Sim";3;0;1;0;2;0;1;2;-15,60663341;-47,69116759;"SPRF-DF";"DEL02-DF";"UOP01-DEL02-DF"
230828;2019-08-24;"sábado";"16:50:00";"MG";381;511;"IGARAPE";"Falta de Atenção à Condução";"Colisão frontal";"Com Vítimas Feridas";"Pleno dia";"Decrescente";"Céu Claro";"Dupla";"Reta";"Sim";2;0;1;0;1;0;1;2;-20,08463223;-44,3099407;"SPRF-MG";"DEL01-MG";"UOP03-DEL01-MG"
230829;2019-08-24;"sábado";"16:40:00";"PR";369;155;"LONDRINA";"Não guardar distância de segurança";"Queda de ocupante de veículo";"Com Vítimas Feridas";"Pleno dia";"Decrescente";"Céu Claro";"Múltipla";"Reta;Interseção de Vias";"Sim";2;0;1;0;0;1;1;2;-23,29575226;-51,20860577;"SPRF-PR";"DEL07-PR";"UOP01-DEL07-PR"
230830;2019-08-24;"sábado";"16:05:00";"PR";153;330,3;"IRATI";"Falta de Atenção à Condução";"Colisão traseira";"Sem Vítimas";"Pleno dia";"Crescente";"Céu Claro";"Dupla";"Reta";"Sim";4;0;0;0;4;0;0;2;-25,45860853;-50,6213218;"SPRF-PR";"DEL03-PR";"UOP02-DEL08-PR"
230831;2019-08-24;"sábado";"17:30:00";"GO";20;13;"FORMOSA";"Ingestão de Álcool";"Colisão transversal";"Com Vítimas Fatais";"Anoitecer";"Crescente";"Céu Claro";"Simples";"Reta";"Não";4;1;2;1;0;0;3;2;-15,569321;-47,240578;"SPRF-DF";"DEL02-DF";"UOP01-DEL02-DF"
230832;2019-08-24;"sábado";"17:15:00";"PR";376;550,3;"BALSA NOVA";"Falta de Atenção à Condução";"Colisão traseira";"Com Vítimas Fatais";"Pleno dia";"Crescente";"Nublado";"Dupla";"Reta";"Não";2;1;0;0;1;0;0;2;-25,42807278;-49,75830317;"SPRF-PR";"DEL01-PR";"UOP06-DEL01-PR"
230833;2019-08-24;"sábado";"18:00:00";"SP";116;227;"SAO PAULO";"Falta de Atenção à Condução";"Colisão traseira";"Com Vítimas Feridas";"Anoitecer";"Decrescente";"Céu Claro";"Múltipla";"Declive";"Sim";3;0;1;0;2;0;1;2;-23,49659264;-46,55648754;"SPRF-SP";"DEL01-SP";"UOP01-DEL01-SP"
230835;2019-08-24;"sábado";"17:50:00";"RS";158;334;"SANTA MARIA";"Falta de Atenção à Condução";"Colisão lateral";"Com Vítimas Feridas";"Pleno dia";"Crescente";"Céu Claro";"Simples";"Reta";"Sim";3;0;2;0;1;0;2;2;-29,70751182;-53,87442198;"SPRF-RS";"DEL09-RS";"UOP01-DEL09-RS"
230837;2019-08-24;"sábado";"18:00:00";"PR";163;75,3;"PLANALTO";"Ingestão de Álcool";"Saída de leito carroçável";"Sem Vítimas";"Anoitecer";"Crescente";"Céu Claro";"Simples";"Declive;Curva";"Não";1;0;0;0;1;0;0;1;-25,755394;-53,800196;"SPRF-PR";"DEL02-PR";"UOP02-DEL02-PR"
230838;2019-08-24;"sábado";"17:30:00";"SC";101;123,6;"ITAJAI";"Falta de Atenção à Condução";"Colisão traseira";"Com Vítimas Feridas";"Pleno dia";"Crescente";"Céu Claro";"Simples";"Desvio Temporário";"Não";2;0;0;1;1;0;1;2;-26,93668609;-48,69876905;"SPRF-SC";"DEL04-SC";"UOP04-DEL04-SC"
230839;2019-08-24;"sábado";"17:00:00";"SC";280;53,3;"GUARAMIRIM";"Falta de Atenção à Condução";"Atropelamento de Pedestre";"Com Vítimas Feridas";"Pleno dia";"Decrescente";"Nublado";"Simples";"Reta";"Sim";2;0;1;0;1;0;1;2;-26,47236756;-48,97426617;"SPRF-SC";"DEL03-SC";"UOP03-DEL03-SC"
230840;2019-08-24;"sábado";"18:00:00";"GO";60;33;"ALEXANIA";"Falta de Atenção à Condução";"Saída de leito carroçável";"Com Vítimas Feridas";"Anoitecer";"Decrescente";"Céu Claro";"Simples";"Curva";"Não";2;0;2;0;0;0;2;1;-16,0963;-48,5202;"SPRF-DF";"DEL01-DF";"UOP01-DEL03-DF"
230841;2019-08-24;"sábado";"18:25:00";"MG";365;413;"PATOS DE MINAS";"Falta de Atenção à Condução";"Queda de ocupante de veículo";"Com Vítimas Feridas";"Plena Noite";"Crescente";"Céu Claro";"Simples";"Reta";"Não";1;0;1;0;0;0;1;1;-18,6741811;-46,54412894;"SPRF-MG";"DEL10-MG";"UOP01-DEL10-MG"
230842;2019-08-24;"sábado";"18:00:00";"PI";316;5,8;"TERESINA";"Desobediência às normas de trânsito pelo pedestre";"Atropelamento de Pedestre";"Com Vítimas Feridas";"Anoitecer";"Decrescente";"Céu Claro";"Múltipla";"Reta";"Sim";2;0;0;1;1;0;1;2;-5,14169858;-42,78157276;"SPRF-PI";"DEL01-PI";"UOP02-DEL01-PI"
230843;2019-08-24;"sábado";"18:35:00";"ES";101;26;"PINHEIROS";"Desobediência às normas de trânsito pelo pedestre";"Atropelamento de Pedestre";"Com Vítimas Fatais";"Plena Noite";"Decrescente";"Nublado";"Simples";"Reta";"Não";2;1;0;0;1;0;0;2;-18,36739611;-39,95084729;"SPRF-ES";"DEL04-ES";"UOP02-DEL04-ES"
230844;2019-08-24;"sábado";"16:30:00";"SP";153;45,1;"SAO JOSE DO RIO PRETO";"Desobediência às normas de trânsito pelo condutor";"Saída de leito carroçável";"Sem Vítimas";"Pleno dia";"Decrescente";"Sol";"Simples";"Reta";"Não";1;0;0;0;1;0;0;1;-20,66398299;-49,34086178;"SPRF-SP";"DEL09-SP";"UOP01-DEL09-SP"
230845;2019-08-24;"sábado";"18:40:00";"RJ";101;55;"CAMPOS DOS GOYTACAZES";"Deficiência ou não Acionamento do Sistema de Iluminação/Sinalização do Veículo";"Colisão transversal";"Com Vítimas Feridas";"Plena Noite";"Crescente";"Céu Claro";"Simples";"Reta";"Sim";6;0;0;2;4;0;2;2;-21,68494;-41,31116;"SPRF-RJ";"DEL08-RJ";"UOP01-DEL08-RJ"
230846;2019-08-24;"sábado";"18:30:00";"RS";116;229;"DOIS IRMAOS";"Falta de Atenção à Condução";"Colisão transversal";"Com Vítimas Feridas";"Plena Noite";"Crescente";"Céu Claro";"Dupla";"Aclive";"Não";3;0;3;0;0;0;3;2;-29,61838113;-51,12147984;"SPRF-RS";"DEL01-RS";"UOP02-DEL01-RS"
230847;2019-08-24;"sábado";"16:15:00";"AC";364;120,6;"RIO BRANCO";"Falta de Atenção à Condução";"Colisão transversal";"Com Vítimas Feridas";"Anoitecer";"Decrescente";"Céu Claro";"Dupla";"Reta";"Sim";5;0;3;1;1;0;4;2;-10,01226643;-67,75533501;"SPRF-AC";"DEL01-AC";"UOP01-DEL01-AC"
230848;2019-08-24;"sábado";"19:00:00";"ES";101;238,5;"FUNDAO";"Falta de Atenção à Condução";"Saída de leito carroçável";"Com Vítimas Feridas";"Plena Noite";"Crescente";"Nublado";"Simples";"Curva";"Não";1;0;1;0;0;0;1;1;-20,00572362;-40,41269302;"SPRF-ES";"DEL02-ES";"UOP01-DEL02-ES"
230850;2019-08-24;"sábado";"18:55:00";"MG";40;465;"SETE LAGOAS";"Animais na Pista";"Atropelamento de Animal";"Sem Vítimas";"Plena Noite";"Decrescente";"Céu Claro";"Dupla";"Reta";"Não";1;0;0;0;1;0;0;1;-19,439308;-44,342141;"SPRF-MG";"DEL02-MG";"UOP01-DEL02-MG"
230851;2019-08-24;"sábado";"19:40:00";"MG";116;335;"CAMPANARIO";"Falta de Atenção à Condução";"Tombamento";"Com Vítimas Feridas";"Plena Noite";"Crescente";"Nublado";"Simples";"Reta";"Não";2;0;2;0;0;0;2;1;-18,27712999;-41,74436302;"SPRF-MG";"DEL11-MG";"UOP01-DEL11-MG"
230852;2019-08-24;"sábado";"19:15:00";"RN";405;178,5;"JOSE DA PENHA";"Não guardar distância de segurança";"Colisão traseira";"Com Vítimas Fatais";"Plena Noite";"Decrescente";"Céu Claro";"Simples";"Reta";"Não";6;3;0;2;1;0;2;4;-6,33214704;-38,29276087;"SPRF-RN";"DEL04-RN";"UOP02-DEL04-RN"
230853;2019-08-24;"sábado";"18:15:00";"RJ";116;76;"TERESOPOLIS";"Falta de Atenção à Condução";"Colisão transversal";"Sem Vítimas";"Plena Noite";"Decrescente";"Nublado";"Simples";"Reta";"Sim";2;0;0;0;2;0;0;2;-22,36124312;-42,94876288;"SPRF-RJ";"DEL04-RJ";"UOP01-DEL04-RJ"
230854;2019-08-24;"sábado";"19:15:00";"RS";392;18,9;"RIO GRANDE";"Desobediência às normas de trânsito pelo condutor";"Colisão transversal";"Com Vítimas Feridas";"Plena Noite";"Crescente";"Céu Claro";"Dupla";"Reta";"Sim";6;0;2;0;4;0;2;2;-32,09017991;-52,17651198;"SPRF-RS";"DEL07-RS";"UOP02-DEL07-RS"
230856;2019-08-24;"sábado";"19:10:00";"CE";20;204;"BOA VIAGEM";"Desobediência às normas de trânsito pelo condutor";"Colisão frontal";"Com Vítimas Feridas";"Plena Noite";"Crescente";"Céu Claro";"Simples";"Reta";"Não";2;0;0;2;0;0;2;2;-5,12155025;-39,73264757;"SPRF-CE";"DEL02-CE";"UOP02-DEL02-CE"
230858;2019-08-24;"sábado";"19:50:00";"GO";60;36;"ALEXANIA";"Falta de Atenção à Condução";"Saída de leito carroçável";"Com Vítimas Feridas";"Plena Noite";"Crescente";"Céu Claro";"Dupla";"Reta";"Não";1;0;0;1;0;0;1;1;-16,1119;-48,5299;"SPRF-DF";"DEL01-DF";"UOP01-DEL03-DF"
230860;2019-08-24;"sábado";"20:02:00";"BA";407;216;"CAPIM GROSSO";"Ingestão de Álcool";"Colisão transversal";"Com Vítimas Feridas";"Plena Noite";"Decrescente";"Nublado";"Simples";"Reta";"Não";4;0;0;2;2;0;2;2;-11,23743497;-40,02599967;"SPRF-BA";"DEL04-BA";"UOP02-DEL04-BA"
230861;2019-08-24;"sábado";"20:35:00";"BA";324;517;"FEIRA DE SANTANA";"Falta de Atenção à Condução";"Colisão transversal";"Com Vítimas Feridas";"Plena Noite";"Decrescente";"Céu Claro";"Simples";"Reta";"Sim";3;0;2;0;0;1;2;2;-12,24953308;-38,93362525;"SPRF-BA";"DEL02-BA";"UOP01-DEL02-BA"
230862;2019-08-24;"sábado";"20:25:00";"SC";280;45,5;"GUARAMIRIM";"Falta de Atenção à Condução";"Queda de ocupante de veículo";"Com Vítimas Feridas";"Plena Noite";"Crescente";"Céu Claro";"Simples";"Reta";"Sim";1;0;0;1;0;0;1;1;-26,452803;-48,904769;"SPRF-SC";"DEL03-SC";"UOP03-DEL03-SC"
230864;2019-08-24;"sábado";"18:30:00";"MT";70;277;"PRIMAVERA DO LESTE";"Ingestão de Álcool";"Colisão traseira";"Com Vítimas Feridas";"Plena Noite";"Crescente";"Céu Claro";"Simples";"Reta";"Sim";5;0;1;0;3;1;1;3;-15,55572064;-54,27085588;"SPRF-MT";"DEL05-MT";"UOP01-DEL05-MT"
230865;2019-08-24;"sábado";"20:40:00";"RJ";393;235;"VASSOURAS";"Ingestão de Álcool";"Tombamento";"Com Vítimas Feridas";"Plena Noite";"Crescente";"Nublado";"Dupla";"Curva";"Sim";1;0;1;0;0;0;1;1;-22,38370934;-43,64221072;"SPRF-RJ";"DEL05-RJ";"UOP03-DEL05-RJ"
230866;2019-08-24;"sábado";"20:00:00";"PI";343;310;"ALTOS";"Falta de Atenção à Condução";"Colisão transversal";"Com Vítimas Feridas";"Plena Noite";"Decrescente";"Céu Claro";"Simples";"Reta";"Sim";3;0;2;1;0;0;3;2;-5,040502;-42,485443;"SPRF-PI";"DEL01-PI";"UOP01-DEL01-PI"
230869;2019-08-24;"sábado";"20:20:00";"PR";277;527,2;"GUARANIACU";"Velocidade Incompatível";"Saída de leito carroçável";"Com Vítimas Feridas";"Plena Noite";"Crescente";"Céu Claro";"Simples";"Declive";"Não";1;0;1;0;0;0;1;1;-25,091649;-52,949265;"SPRF-PR";"DEL04-PR";"UOP04-DEL04-PR"
230870;2019-08-24;"sábado";"21:15:00";"ES";101;266,3;"SERRA";"Desobediência às normas de trânsito pelo condutor";"Colisão transversal";"Com Vítimas Feridas";"Pleno dia";"Decrescente";"Nublado";"Múltipla";"Interseção de Vias";"Sim";2;0;1;0;1;0;1;2;-20,190199;-40,26828891;"SPRF-ES";"DEL02-ES";"UOP01-DEL02-ES"
230871;2019-08-24;"sábado";"21:00:00";"PR";369;197;"APUCARANA";"Falta de Atenção à Condução";"Tombamento";"Com Vítimas Feridas";"Plena Noite";"Decrescente";"Céu Claro";"Dupla";"Reta";"Não";1;0;1;0;0;0;1;1;-23,5148657;-51,4273026;"SPRF-PR";"DEL07-PR";"UOP03-DEL07-PR"
230872;2019-08-24;"sábado";"17:40:00";"MS";267;577;"GUIA LOPES DA LAGUNA";"Desobediência às normas de trânsito pelo condutor";"Colisão transversal";"Com Vítimas Feridas";"Anoitecer";"Crescente";"Céu Claro";"Dupla";"Rotatória";"Não";2;0;1;0;1;0;1;2;-21,452624;-56,1104;"SPRF-MS";"DEL05-MS";"UOP01-DEL05-MS"
230873;2019-08-24;"sábado";"20:50:00";"PA";163;999;"SANTAREM";"Ingestão de Álcool";"Colisão traseira";"Com Vítimas Feridas";"Plena Noite";"Crescente";"Céu Claro";"Simples";"Reta";"Não";5;0;1;0;4;0;1;2;-2,464507;-54,72745295;"SPRF-PA";"DEL05-PA";"UOP01-DEL05-PA"
230876;2019-08-24;"sábado";"20:40:00";"GO";153;512;"APARECIDA DE GOIANIA";"Ingestão de álcool e/ou substâncias psicoativas pelo pedestre";"Saída de leito carroçável";"Sem Vítimas";"Plena Noite";"Decrescente";"Céu Claro";"Múltipla";"Reta";"Sim";1;0;0;0;1;0;0;1;-16,806365;-49,239162;"SPRF-GO";"DEL01-GO";"UOP03-DEL01-GO"
230877;2019-08-24;"sábado";"21:00:00";"PI";316;302;"PICOS";"Falta de Atenção à Condução";"Queda de ocupante de veículo";"Com Vítimas Fatais";"Plena Noite";"Crescente";"Céu Claro";"Simples";"Reta";"Não";1;1;0;0;0;0;0;1;-7,05574197;-41,52735798;"SPRF-PI";"DEL04-PI";"UOP01-DEL04-PI"
230879;2019-08-24;"sábado";"20:50:00";"PB";230;65,9;"SAO MIGUEL DE TAIPU";"Agressão Externa";"Colisão lateral";"Com Vítimas Feridas";"Plena Noite";"Decrescente";"Céu Claro";"Dupla";"Curva;Declive";"Não";2;0;0;1;1;0;1;2;-7,1874;-35,1889;"SPRF-PB";"DEL01-PB";"UOP03-DEL01-PB"
230880;2019-08-24;"sábado";"20:30:00";"RJ";101;574;"PARATY";"Ingestão de Álcool";"Colisão transversal";"Com Vítimas Feridas";"Plena Noite";"Crescente";"Chuva";"Simples";"Reta";"Sim";2;0;0;1;1;0;1;2;-23,22147049;-44,7337532;"SPRF-RJ";"DEL03-RJ";"UOP04-DEL03-RJ"
230882;2019-08-24;"sábado";"20:20:00";"RS";472;625;"BARRA DO QUARAI";"Ingestão de Álcool";"Saída de leito carroçável";"Com Vítimas Feridas";"Plena Noite";"Decrescente";"Céu Claro";"Simples";"Reta";"Não";1;0;1;0;0;0;1;1;-30,07336846;-57,28463438;"SPRF-RS";"DEL13-RS";"UOP01-DEL13-RS"
230883;2019-08-24;"sábado";"21:21:00";"MS";262;508,5;"ANASTACIO";"Falta de Atenção à Condução";"Tombamento";"Com Vítimas Feridas";"Plena Noite";"Crescente";"Céu Claro";"Simples";"Reta";"Não";1;0;0;1;0;0;1;1;-20,468321;-55,977278;"SPRF-MS";"DEL03-MS";"UOP01-DEL03-MS"
230884;2019-08-24;"sábado";"22:00:00";"SP";116;123;"CACAPAVA";"Falta de Atenção à Condução";"Colisão traseira";"Com Vítimas Feridas";"Plena Noite";"Decrescente";"Nublado";"Dupla";"Reta";"Não";2;0;1;0;1;0;1;2;-23,08754228;-45,66969781;"SPRF-SP";"DEL06-SP";"UOP02-DEL02-SP"
230886;2019-08-24;"sábado";"22:10:00";"SP";116;147;"SAO JOSE DOS CAMPOS";"Falta de Atenção à Condução";"Colisão traseira";"Com Vítimas Feridas";"Plena Noite";"Crescente";"Nublado";"Dupla";"Reta";"Sim";5;0;1;0;3;1;1;3;-23,19542994;-45,87176303;"SPRF-SP";"DEL02-SP";"UOP01-DEL02-SP"
230887;2019-08-24;"sábado";"18:45:00";"SC";158;101,9;"CUNHA PORA";"Desobediência às normas de trânsito pelo condutor";"Colisão transversal";"Com Vítimas Feridas";"Plena Noite";"Decrescente";"Céu Claro";"Simples";"Declive;Interseção de Vias;Curva";"Não";3;0;3;0;0;0;3;2;-26,83038969;-53,17957878;"SPRF-SC";"DEL07-SC";"UOP02-DEL07-SC"
230888;2019-08-24;"sábado";"17:30:00";"MG";262;139,1;"RIO CASCA";"Ingestão de Álcool";"Saída de leito carroçável";"Com Vítimas Fatais";"Pleno dia";"Crescente";"Céu Claro";"Simples";"Reta";"Não";2;1;0;0;1;0;0;1;-20,0825771;-42,7122493;"SPRF-MG";"DEL03-MG";"UOP03-DEL03-MG"
230889;2019-08-24;"sábado";"16:50:00";"RS";285;363;"SALDANHA MARINHO";"Desobediência às normas de trânsito pelo condutor";"Saída de leito carroçável";"Com Vítimas Feridas";"Pleno dia";"Decrescente";"Céu Claro";"Simples";"Reta";"Não";2;0;1;0;1;0;1;1;-28,379152;-53,002678;"SPRF-RS";"DEL08-RS";"UOP03-DEL08-RS"
230890;2019-08-24;"sábado";"19:40:00";"RS";285;296,3;"PASSO FUNDO";"Ingestão de Álcool";"Colisão com objeto estático";"Com Vítimas Feridas";"Plena Noite";"Crescente";"Céu Claro";"Simples";"Interseção de Vias";"Sim";3;0;0;1;2;0;1;1;-28,236414;-52,423466;"SPRF-RS";"DEL08-RS";"UOP03-DEL08-RS"
230891;2019-08-24;"sábado";"18:35:00";"SC";282;459;"PONTE SERRADA";"Ultrapassagem Indevida";"Colisão frontal";"Com Vítimas Fatais";"Plena Noite";"Crescente";"Céu Claro";"Simples";"Reta";"Não";9;1;6;0;1;1;6;3;-26,88813349;-51,99615967;"SPRF-SC";"DEL07-SC";"UOP04-DEL07-SC"
230892;2019-08-24;"sábado";"19:10:00";"PB";230;292,2;"SANTA LUZIA";"Animais na Pista";"Atropelamento de Animal";"Com Vítimas Feridas";"Plena Noite";"Crescente";"Céu Claro";"Simples";"Curva";"Sim";1;0;0;1;0;0;1;1;-6,86678009;-36,91818237;"SPRF-PB";"DEL03-PB";"UOP01-DEL03-PB"
230893;2019-08-24;"sábado";"20:20:00";"MT";163;1077;"GUARANTA DO NORTE";"Falta de Atenção à Condução";"Colisão frontal";"Com Vítimas Feridas";"Pleno dia";"Decrescente";"Céu Claro";"Simples";"Curva";"Não";5;0;4;0;1;0;4;2;-9,88196897;-54,90017295;"SPRF-MT";"DEL06-MT";"UOP02-DEL06-MT"
230894;2019-08-24;"sábado";"21:40:00";"SC";470;119,1;"IBIRAMA";"Velocidade Incompatível";"Saída de leito carroçável";"Com Vítimas Feridas";"Plena Noite";"Decrescente";"Céu Claro";"Simples";"Reta";"Não";2;0;1;0;1;0;1;1;-27,08189168;-49,52033222;"SPRF-SC";"DEL04-SC";"UOP02-DEL04-SC"
230895;2019-08-24;"sábado";"18:50:00";"SC";470;128,8;"LONTRAS";"Ingestão de Álcool";"Capotamento";"Com Vítimas Feridas";"Plena Noite";"Decrescente";"Céu Claro";"Simples";"Reta";"Sim";2;0;1;0;1;0;1;1;-27,14863415;-49,55615044;"SPRF-SC";"DEL04-SC";"UOP02-DEL04-SC"
230896;2019-08-24;"sábado";"22:40:00";"RN";101;99;"NATAL";"Ingestão de Álcool";"Colisão traseira";"Sem Vítimas";"Plena Noite";"Decrescente";"Céu Claro";"Dupla";"Reta";"Não";2;0;0;0;2;0;0;2;-5,87359183;-35,22063023;"SPRF-RN";"DEL01-RN";"UOP01-DEL01-RN"
230897;2019-08-24;"sábado";"23:20:00";"RS";116;153,9;"CAXIAS DO SUL";"Ingestão de Álcool";"Colisão com objeto em movimento";"Com Vítimas Feridas";"Plena Noite";"Crescente";"Céu Claro";"Simples";"Reta";"Sim";8;0;1;0;7;0;1;3;-29,18579758;-51,17713005;"SPRF-RS";"DEL05-RS";"UOP01-DEL05-RS"
230898;2019-08-24;"sábado";"20:20:00";"SC";282;465,2;"PONTE SERRADA";"Velocidade Incompatível";"Colisão traseira";"Com Vítimas Feridas";"Plena Noite";"Crescente";"Céu Claro";"Simples";"Reta";"Não";4;0;2;0;2;0;2;2;-26,853325;-52,07745;"SPRF-SC";"DEL07-SC";"UOP04-DEL07-SC"
230899;2019-08-24;"sábado";"23:30:00";"GO";40;23,9;"LUZIANIA";"Ingestão de Álcool";"Colisão com objeto estático";"Sem Vítimas";"Plena Noite";"Decrescente";"Céu Claro";"Dupla";"Reta";"Sim";1;0;0;0;1;0;0;1;-16,24467755;-47,90686548;"SPRF-DF";"DEL01-DF";"UOP01-DEL01-DF"
230901;2019-08-24;"sábado";"23:05:00";"MG";381;514;"IGARAPE";"Animais na Pista";"Atropelamento de Animal";"Com Vítimas Feridas";"Plena Noite";"Crescente";"Céu Claro";"Dupla";"Curva";"Não";1;0;0;1;0;0;1;1;-20,1065028;-44,32327616;"SPRF-MG";"DEL01-MG";"UOP03-DEL01-MG"
230902;2019-08-24;"sábado";"23:25:00";"AL";104;39,5;"UNIAO DOS PALMARES";"Falta de Atenção à Condução";"Queda de ocupante de veículo";"Com Vítimas Feridas";"Plena Noite";"Decrescente";"Céu Claro";"Simples";"Reta";"Não";1;0;0;1;0;0;1;1;-9,19383068;-36,03425503;"SPRF-AL";"DEL01-AL";"UOP02-DEL01-AL"
230903;2019-08-24;"sábado";"23:00:00";"RJ";116;166,9;"SAO JOAO DE MERITI";"Falta de Atenção à Condução";"Colisão com objeto estático";"Sem Vítimas";"Plena Noite";"Crescente";"Nublado";"Múltipla";"Reta";"Sim";2;0;0;0;2;0;0;1;-22,80092389;-43,35173517;"SPRF-RJ";"DEL01-RJ";"UOP02-DEL01-RJ"
230904;2019-08-24;"sábado";"23:30:00";"ES";259;39;"COLATINA";"Ingestão de Álcool";"Colisão traseira";"Com Vítimas Feridas";"Plena Noite";"Crescente";"Nublado";"Simples";"Reta";"Não";5;0;2;0;2;1;2;3;-19,55773871;-40,52959898;"SPRF-ES";"DEL02-ES";"UOP01-DEL02-ES"
230905;2019-08-24;"sábado";"23:20:00";"SP";116;220,5;"GUARULHOS";"Não guardar distância de segurança";"Colisão traseira";"Com Vítimas Feridas";"Plena Noite";"Decrescente";"Céu Claro";"Múltipla";"Reta";"Sim";2;0;1;0;1;0;1;2;-23,46472809;-46,49793962;"SPRF-SP";"DEL01-SP";"UOP01-DEL01-SP"
230906;2019-08-24;"sábado";"21:50:00";"TO";153;151,3;"ARAGUAINA";"Ingestão de Álcool";"Capotamento";"Com Vítimas Feridas";"Plena Noite";"Crescente";"Céu Claro";"Simples";"Reta";"Não";1;0;1;0;0;0;1;1;-7,25638791;-48,25895421;"SPRF-TO";"DEL02-TO";"UOP01-DEL02-TO"