"id";"data_inversa";"dia_semana";"horario";"uf";"br";"km";"municipio";"causa_acidente";"tipo_acidente";"classificacao_acidente";"fase_dia";"sentido_via";"condicao_metereologica";"tipo_pista";"tracado_via";"uso_solo";"pessoas";"mortos";"feridos_leves";"feridos_graves";"ilesos";"ignorados";"feridos";"veiculos";"latitude";"longitude";"regional";"delegacia";"uop"
230907;2019-08-25;"domingo";"00:00:00";"MG";40;545,8;"BELO HORIZONTE";"Defeito Mecânico no Veículo";"Saída de leito carroçável";"Com Vítimas Feridas";"Plena Noite";"Crescente";"Céu Claro";"Dupla";"Reta";"Não";1;0;0;1;0;0;1;1;-20,00670404;-43,96418668;"SPRF-MG";"DEL01-MG";"UOP02-DEL01-MG"
230908;2019-08-24;"sábado";"23:20:00";"PE";232;178,4;"BELO JARDIM";"Falta de Atenção à Condução";"Colisão frontal";"Com Vítimas Feridas";"Plena Noite";"Decrescente";"Nublado";"Simples";"Reta";"Sim";2;0;0;1;0;1;1;2;-8,347448;-36,411818;"SPRF-PE";"DEL02-PE";"UOP03-DEL02-PE"
230909;2019-08-24;"sábado";"23:15:00";"BA";407;124;"SENHOR DO BONFIM";"Falta de Atenção à Condução";"Colisão frontal";"Com Vítimas Feridas";"Plena Noite";"Crescente";"Nublado";"Simples";"Reta";"Não";2;0;0;1;1;0;1;2;-10,43896901;-40,18718133;"SPRF-BA";"DEL04-BA";"UOP01-DEL04-BA"
230910;2019-08-24;"sábado";"21:50:00";"SC";280;14,2;"SAO FRANCISCO DO SUL";"Falta de Atenção à Condução";"Colisão transversal";"Sem Vítimas";"Plena Noite";"Decrescente";"Nublado";"Simples";"Interseção de Vias";"Sim";2;0;0;0;1;1;0;2;-26,3301861;-48,65148076;"SPRF-SC";"DEL03-SC";"UOP03-DEL03-SC"
230911;2019-08-24;"sábado";"19:30:00";"MT";163;591;"NOVA MUTUM";"Falta de Atenção à Condução";"Saída de leito carroçável";"Com Vítimas Feridas";"Plena Noite";"Decrescente";"Céu Claro";"Simples";"Reta";"Não";3;0;3;0;0;0;3;1;-13,98765008;-56,09892131;"SPRF-MT";"DEL01-MT";"UOP01-DEL01-MT"
230912;2019-08-25;"domingo";"00:40:00";"PR";369;5,5;"JACAREZINHO";"Desobediência às normas de trânsito pelo condutor";"Colisão frontal";"Com Vítimas Feridas";"Plena Noite";"Decrescente";"Céu Claro";"Simples";"Reta";"Não";2;0;1;0;1;0;1;2;-23,001244;-49,941677;"SPRF-PR";"DEL07-PR";"UOP05-DEL07-PR"
230913;2019-08-24;"sábado";"21:10:00";"PI";343;305,8;"ALTOS";"Ingestão de Álcool";"Colisão frontal";"Com Vítimas Feridas";"Plena Noite";"Decrescente";"Céu Claro";"Simples";"Reta";"Sim";4;0;0;4;0;0;4;2;-5,03730634;-42,44728267;"SPRF-PI";"DEL01-PI";"UOP01-DEL01-PI"
230915;2019-08-24;"sábado";"23:35:00";"MS";267;478;"GUIA LOPES DA LAGUNA";"Desobediência às normas de trânsito pelo condutor";"Colisão traseira";"Com Vítimas Feridas";"Plena Noite";"Crescente";"Céu Claro";"Simples";"Reta";"Não";3;0;2;0;1;0;2;2;-21,459276;-56,1218985;"SPRF-MS";"DEL05-MS";"UOP01-DEL05-MS"
230916;2019-08-24;"sábado";"19:00:00";"MG";116;237,3;"TEOFILO OTONI";"Ingestão de Álcool";"Colisão com objeto estático";"Sem Vítimas";"Plena Noite";"Crescente";"Céu Claro";"Simples";"Reta";"Não";1;0;0;0;1;0;0;1;-17,54651296;-41,47668488;"SPRF-MG";"DEL11-MG";"UOP01-DEL11-MG"
230917;2019-08-25;"domingo";"01:50:00";"SC";470;51,8;"BLUMENAU";"Falta de Atenção à Condução";"Colisão com objeto estático";"Sem Vítimas";"Plena Noite";"Decrescente";"Céu Claro";"Simples";"Reta";"Sim";1;0;0;0;1;0;0;1;-26,862339;-49,084038;"SPRF-SC";"DEL04-SC";"UOP01-DEL04-SC"
230919;2019-08-25;"domingo";"00:53:00";"RS";116;245,4;"SAO LEOPOLDO";"Ingestão de Álcool";"Colisão traseira";"Sem Vítimas";"Plena Noite";"Decrescente";"Céu Claro";"Dupla";"Reta";"Sim";2;0;0;0;2;0;0;2;-29,74980902;-51,15125361;"SPRF-RS";"DEL01-RS";"UOP02-DEL01-RS"
230920;2019-08-24;"sábado";"23:50:00";"MT";70;518,6;"VARZEA GRANDE";"Desobediência às normas de trânsito pelo condutor";"Colisão frontal";"Com Vítimas Feridas";"Plena Noite";"Decrescente";"Céu Claro";"Simples";"Reta";"Sim";2;0;0;1;0;1;1;2;-15,6825431;-56,17240906;"SPRF-MT";"DEL01-MT";"DEL2/4-UOP02/MT"
230922;2019-08-25;"domingo";"02:30:00";"CE";222;121;"ITAPAJE";"Ingestão de Álcool";"Colisão frontal";"Com Vítimas Feridas";"Plena Noite";"Crescente";"Céu Claro";"Simples";"Reta";"Não";2;0;1;1;0;0;2;2;-3,70701491;-39,56968688;"SPRF-CE";"DEL04-CE";"UOP03-DEL04-CE"
230923;2019-08-25;"domingo";"02:30:00";"BA";242;884;"BARREIRAS";"Falta de Atenção à Condução";"Colisão transversal";"Com Vítimas Fatais";"Plena Noite";"Crescente";"Céu Claro";"Múltipla";"Interseção de Vias";"Não";3;1;0;1;0;1;1;2;-12,06509386;-45,59699502;"SPRF-BA";"DEL10-BA";"UOP01-DEL10-BA"
230924;2019-08-25;"domingo";"01:25:00";"RJ";116;176,3;"NOVA IGUACU";"Falta de Atenção à Condução";"Colisão traseira";"Com Vítimas Feridas";"Plena Noite";"Crescente";"Garoa/Chuvisco";"Dupla";"Reta";"Sim";2;0;1;0;0;1;1;2;-22,7839538;-43,38195488;"SPRF-RJ";"DEL01-RJ";"UOP02-DEL01-RJ"
230926;2019-08-25;"domingo";"01:00:00";"BA";116;555;"MILAGRES";"Velocidade Incompatível";"Queda de ocupante de veículo";"Com Vítimas Feridas";"Plena Noite";"Decrescente";"Céu Claro";"Simples";"Reta";"Não";1;0;1;0;0;0;1;1;-12,91216828;-39,86580772;"SPRF-BA";"DEL03-BA";"UOP02-DEL03-BA"
230929;2019-08-25;"domingo";"03:30:00";"SC";101;128,9;"BALNEARIO CAMBORIU";"Falta de Atenção à Condução";"Colisão com objeto estático";"Sem Vítimas";"Plena Noite";"Decrescente";"Céu Claro";"Dupla";"Reta";"Não";1;0;0;0;0;1;0;1;-26,97284292;-48,68299451;"SPRF-SC";"DEL04-SC";"UOP03-DEL04-SC"
230931;2019-08-25;"domingo";"01:30:00";"MA";316;260;"SANTA INES";"Ingestão de Álcool";"Colisão com objeto estático";"Com Vítimas Feridas";"Plena Noite";"Crescente";"Céu Claro";"Dupla";"Reta";"Sim";1;0;1;0;0;0;1;1;-3,669811;-45,394978;"SPRF-MA";"DEL02-MA";"UI04-DEL02-MA"
230932;2019-08-25;"domingo";"03:20:00";"MG";116;512;"UBAPORANGA";"Desobediência às normas de trânsito pelo condutor";"Colisão frontal";"Com Vítimas Fatais";"Plena Noite";"Crescente";"Nublado";"Simples";"Reta";"Não";2;1;0;0;1;0;0;2;-19,66095102;-42,11695495;"SPRF-MG";"DEL06-MG";"UOP02-DEL06-MG"
230933;2019-08-25;"domingo";"03:30:00";"PB";230;213,7;"SOLEDADE";"Ingestão de Álcool";"Colisão com objeto estático";"Com Vítimas Feridas";"Plena Noite";"Crescente";"Céu Claro";"Simples";"Reta";"Não";2;0;1;0;0;1;1;1;-7,0705;-36,348;"SPRF-PB";"DEL02-PB";"UOP02-DEL02-PB"
230934;2019-08-25;"domingo";"03:40:00";"ES";259;48,3;"COLATINA";"Falta de Atenção à Condução";"Colisão lateral";"Com Vítimas Feridas";"Plena Noite";"Crescente";"Nublado";"Múltipla";"Interseção de Vias";"Sim";3;0;1;1;1;0;2;2;-19,52284802;-40,59357119;"SPRF-ES";"DEL02-ES";"UOP01-DEL02-ES"
230935;2019-08-24;"sábado";"19:00:00";"RS";472;434;"ITAQUI";"Defeito na Via";"Incêndio";"Sem Vítimas";"Plena Noite";"Decrescente";"Céu Claro";"Simples";"Reta";"Não";1;0;0;0;1;0;0;1;-28,9024669;-56,09094053;"SPRF-RS";"DEL12-RS";"UOP01-DEL12-RS"
230936;2019-08-25;"domingo";"03:30:00";"GO";60;68,2;"ABADIANIA";"Ingestão de Álcool";"Saída de leito carroçável";"Sem Vítimas";"Plena Noite";"Decrescente";"Céu Claro";"Dupla";"Reta";"Não";1;0;0;0;1;0;0;1;-16,2295;-48,7547;"SPRF-GO";"DEL02-GO";"UOP01-DEL02-GO"
230937;2019-05-28;"terça-feira";"10:05:00";"ES";101;299;"VIANA";"Falta de Atenção à Condução";"Colisão lateral";"Com Vítimas Feridas";"Pleno dia";"Crescente";"Céu Claro";"Múltipla";"Reta";"Sim";3;0;0;1;2;0;1;2;-20,35860628;-40,42327504;"SPRF-ES";"DEL01-ES";"UOP01-DEL01-ES"
230939;2019-08-25;"domingo";"04:31:00";"SC";101;285;"IMBITUBA";"Condutor Dormindo";"Saída de leito carroçável";"Com Vítimas Feridas";"Plena Noite";"Decrescente";"Céu Claro";"Dupla";"Reta";"Não";1;0;1;0;0;0;1;1;-28,22116606;-48,70063047;"SPRF-SC";"DEL02-SC";"UOP03-DEL02-SC"
230941;2019-08-25;"domingo";"05:20:00";"RN";405;110,7;"ITAU";"Objeto estático sobre o leito carroçável";"Colisão com objeto estático";"Com Vítimas Fatais";"Amanhecer";"Decrescente";"Céu Claro";"Simples";"Reta";"Não";2;1;0;0;1;0;0;2;-5,84610612;-37,99223087;"SPRF-RN";"DEL04-RN";"UOP02-DEL04-RN"
230942;2019-08-25;"domingo";"04:10:00";"PR";277;663,5;"MATELANDIA";"Ingestão de Álcool";"Saída de leito carroçável";"Com Vítimas Feridas";"Plena Noite";"Decrescente";"Céu Claro";"Dupla";"Reta";"Não";2;0;1;0;1;0;1;1;-25,25155419;-54,01878197;"SPRF-PR";"DEL05-PR";"UOP02-DEL05-PR"
230943;2019-08-25;"domingo";"04:55:00";"SC";101;353,7;"JAGUARUNA";"Ingestão de Álcool";"Saída de leito carroçável";"Com Vítimas Feridas";"Plena Noite";"Decrescente";"Céu Claro";"Dupla";"Reta";"Não";1;0;1;0;0;0;1;1;-28,61232036;-49,06197674;"SPRF-SC";"DEL02-SC";"UOP01-DEL02-SC"
230946;2019-08-25;"domingo";"05:10:00";"PR";467;102,5;"CASCAVEL";"Desobediência às normas de trânsito pelo condutor";"Colisão com objeto em movimento";"Com Vítimas Fatais";"Plena Noite";"Decrescente";"Céu Claro";"Dupla";"Reta";"Não";4;1;1;0;2;0;1;2;-24,9036;-53,5184;"SPRF-PR";"DEL04-PR";"UOP01-DEL04-PR"
230956;2019-08-25;"domingo";"05:30:00";"SC";101;213;"PALHOCA";"Falta de Atenção à Condução";"Saída de leito carroçável";"Com Vítimas Feridas";"Amanhecer";"Decrescente";"Céu Claro";"Dupla";"Declive";"Sim";1;0;1;0;0;0;1;1;-27,63697369;-48,66514142;"SPRF-SC";"DEL01-SC";"UOP02-DEL01-SC"
230957;2019-08-25;"domingo";"04:10:00";"MG";381;938,4;"EXTREMA";"Ingestão de Álcool";"Colisão com objeto estático";"Sem Vítimas";"Plena Noite";"Crescente";"Céu Claro";"Dupla";"Curva";"Não";1;0;0;0;1;0;0;1;-22,81725782;-46,29379034;"SPRF-MG";"DEL16-MG";"UOP03-DEL16-MG"
230958;2019-08-25;"domingo";"06:10:00";"PR";369;244,8;"BOM SUCESSO";"Condutor Dormindo";"Saída de leito carroçável";"Com Vítimas Feridas";"Amanhecer";"Crescente";"Céu Claro";"Simples";"Curva";"Não";2;0;2;0;0;0;2;1;-23,69847154;-51,71794653;"SPRF-PR";"DEL07-PR";"UOP03-DEL07-PR"
230959;2019-08-24;"sábado";"22:15:00";"PR";476;90;"BOCAIUVA DO SUL";"Ingestão de Álcool";"Saída de leito carroçável";"Sem Vítimas";"Plena Noite";"Decrescente";"Céu Claro";"Simples";"Curva";"Não";1;0;0;0;1;0;0;1;-25,190464;-49,110397;"SPRF-PR";"DEL01-PR";"UOP07-DEL01-PR"
230960;2019-08-25;"domingo";"05:00:00";"SC";163;107;"GUARUJA DO SUL";"Falta de Atenção à Condução";"Saída de leito carroçável";"Sem Vítimas";"Plena Noite";"Decrescente";"Céu Claro";"Simples";"Reta";"Não";1;0;0;0;0;1;0;1;-26,42911689;-53,52001976;"SPRF-SC";"DEL07-SC";"UOP04-DEL07-SC"
230961;2019-08-25;"domingo";"05:30:00";"SP";116;477;"JACUPIRANGA";"Avarias e/ou desgaste excessivo no pneu";"Colisão com objeto estático";"Sem Vítimas";"Amanhecer";"Crescente";"Nublado";"Dupla";"Reta";"Não";1;0;0;0;1;0;0;1;-24,69842695;-48,00304804;"SPRF-SP";"DEL05-SP";"UAP01-DEL05-SP"
230962;2019-08-25;"domingo";"02:35:00";"PI";402;88;"LUIS CORREIA";"Falta de Atenção à Condução";"Danos eventuais";"Com Vítimas Fatais";"Plena Noite";"Decrescente";"Céu Claro";"Simples";"Reta";"Não";2;1;0;0;1;0;0;2;-3,05044771;-41,33128256;"SPRF-PI";"DEL05-PI";"UOP01-DEL05-PI"
230963;2019-08-24;"sábado";"22:25:00";"MG";116;525;"CARATINGA";"Desobediência às normas de trânsito pelo condutor";"Colisão traseira";"Com Vítimas Feridas";"Plena Noite";"Crescente";"Nublado";"Simples";"Curva";"Não";2;0;1;0;1;0;1;2;-19,75555644;-42,13308334;"SPRF-MG";"DEL06-MG";"UOP02-DEL06-MG"
230964;2019-08-25;"domingo";"06:30:00";"PR";369;44,1;"ANDIRA";"Ingestão de Álcool";"Saída de leito carroçável";"Com Vítimas Feridas";"Amanhecer";"Decrescente";"Céu Claro";"Simples";"Aclive;Reta";"Não";1;0;0;1;0;0;1;1;-23,08705703;-50,28066874;"SPRF-PR";"DEL07-PR";"UOP05-DEL07-PR"
230965;2019-08-25;"domingo";"07:00:00";"GO";153;506;"APARECIDA DE GOIANIA";"Velocidade Incompatível";"Colisão com objeto estático";"Sem Vítimas";"Pleno dia";"Decrescente";"Céu Claro";"Dupla";"Declive";"Sim";1;0;0;0;0;1;0;1;-16,7633;-49,24;"SPRF-GO";"DEL01-GO";"UOP01-DEL01-GO"
230966;2019-08-24;"sábado";"21:00:00";"SC";116;140,4;"SANTA CECILIA";"Falta de Atenção à Condução";"Colisão lateral";"Sem Vítimas";"Plena Noite";"Decrescente";"Céu Claro";"Simples";"Reta";"Sim";2;0;0;0;2;0;0;2;-26,96625517;-50,40928315;"SPRF-SC";"DEL06-SC";"UOP02-DEL06-SC"
230967;2019-08-25;"domingo";"07:30:00";"SP";116;21;"LAVRINHAS";"Ingestão de Álcool";"Saída de leito carroçável";"Sem Vítimas";"Pleno dia";"Crescente";"Nublado";"Dupla";"Reta";"Não";3;0;0;0;2;1;0;2;-22,57651319;-44,87315394;"SPRF-SP";"DEL08-SP";"UOP02-DEL08-SP"
230971;2019-08-25;"domingo";"03:40:00";"PR";277;345,7;"GUARAPUAVA";"Ingestão de álcool e/ou substâncias psicoativas pelo pedestre";"Saída de leito carroçável";"Com Vítimas Feridas";"Plena Noite";"Crescente";"Céu Claro";"Simples";"Curva";"Sim";5;0;4;0;0;1;4;1;-25,33928412;-51,42880296;"SPRF-PR";"DEL03-PR";"UOP01-DEL08-PR"
230972;2019-08-25;"domingo";"05:30:00";"SC";470;280;"BRUNOPOLIS";"Condutor Dormindo";"Capotamento";"Com Vítimas Feridas";"Amanhecer";"Crescente";"Nublado";"Simples";"Reta";"Não";2;0;1;0;1;0;1;1;-27,332188;-50,862553;"SPRF-SC";"DEL07-SC";"UOP06-DEL07-SC"
230973;2019-08-25;"domingo";"02:30:00";"SC";470;99,1;"APIUNA";"Ingestão de Álcool";"Colisão transversal";"Com Vítimas Feridas";"Plena Noite";"Decrescente";"Céu Claro";"Simples";"Reta";"Sim";3;0;2;0;1;0;2;2;-27,0403402;-49,39631224;"SPRF-SC";"DEL04-SC";"UOP01-DEL04-SC"
230974;2019-08-25;"domingo";"06:30:00";"RJ";101;277;"TANGUA";"Ingestão de Álcool";"Capotamento";"Com Vítimas Feridas";"Pleno dia";"Crescente";"Céu Claro";"Dupla";"Reta";"Sim";1;0;1;0;0;0;1;1;-22,73943906;-42,748279;"SPRF-RJ";"DEL02-RJ";"UOP03-DEL02-RJ"
230980;2019-08-25;"domingo";"07:35:00";"RJ";101;297,6;"ITABORAI";"Pista Escorregadia";"Queda de ocupante de veículo";"Com Vítimas Feridas";"Pleno dia";"Crescente";"Chuva";"Simples";"Interseção de Vias";"Sim";1;0;1;0;0;0;1;1;-22,77101217;-42,92916679;"SPRF-RJ";"DEL02-RJ";"DEL5/2-UOP04/RJ"
230981;2019-08-25;"domingo";"07:50:00";"GO";40;17;"LUZIANIA";"Defeito Mecânico no Veículo";"Incêndio";"Sem Vítimas";"Pleno dia";"Crescente";"Céu Claro";"Dupla";"Reta";"Não";1;0;0;0;1;0;0;1;-16,18487;-47,928641;"SPRF-DF";"DEL01-DF";"UOP01-DEL01-DF"
230982;2019-08-25;"domingo";"07:30:00";"RS";392;119;"CANGUCU";"Velocidade Incompatível";"Saída de leito carroçável";"Com Vítimas Feridas";"Pleno dia";"Crescente";"Sol";"Simples";"Aclive;Curva";"Não";2;0;1;0;0;1;1;1;-31,39884811;-52,68472032;"SPRF-RS";"DEL07-RS";"UOP01-DEL07-RS"
230984;2019-08-25;"domingo";"08:10:00";"RN";101;77;"EXTREMOZ";"Falta de Atenção à Condução";"Colisão traseira";"Com Vítimas Feridas";"Pleno dia";"Decrescente";"Céu Claro";"Dupla";"Reta";"Sim";3;0;1;0;2;0;1;2;-5,73180495;-35,29112135;"SPRF-RN";"DEL02-RN";"UOP01-DEL02-RN"
230985;2019-08-24;"sábado";"22:15:00";"PI";135;320;"CRISTINO CASTRO";"Falta de Atenção à Condução";"Colisão traseira";"Sem Vítimas";"Plena Noite";"Crescente";"Céu Claro";"Simples";"Reta";"Sim";2;0;0;0;1;1;0;2;-8,84295612;-44,23126977;"SPRF-PI";"DEL03-PI";"UOP02-DEL03-PI"
230986;2019-08-25;"domingo";"08:40:00";"RS";116;221;"DOIS IRMAOS";"Desobediência às normas de trânsito pelo condutor";"Colisão traseira";"Sem Vítimas";"Pleno dia";"Decrescente";"Céu Claro";"Dupla";"Interseção de Vias";"Sim";2;0;0;0;2;0;0;2;-29,57244205;-51,09624556;"SPRF-RS";"DEL01-RS";"UOP02-DEL01-RS"
230989;2019-08-25;"domingo";"08:35:00";"DF";60;5;"BRASILIA";"Falta de Atenção à Condução";"Saída de leito carroçável";"Com Vítimas Feridas";"Pleno dia";"Crescente";"Céu Claro";"Dupla";"Reta";"Sim";1;0;0;1;0;0;1;1;-15,895438;-48,104771;"SPRF-DF";"DEL01-DF";"UOP01-DEL03-DF"
230990;2019-08-25;"domingo";"08:00:00";"RJ";101;423;"MANGARATIBA";"Falta de Atenção à Condução";"Saída de leito carroçável";"Com Vítimas Feridas";"Pleno dia";"Crescente";"Chuva";"Simples";"Curva";"Não";2;0;1;0;1;0;1;1;-22,91801286;-43,94820686;"SPRF-RJ";"DEL03-RJ";"UOP01-DEL03-RJ"
230991;2019-08-22;"quinta-feira";"07:15:00";"SP";116;283;"EMBU DAS ARTES";"Não guardar distância de segurança";"Queda de ocupante de veículo";"Com Vítimas Feridas";"Pleno dia";"Decrescente";"Céu Claro";"Dupla";"Reta";"Não";1;0;1;0;0;0;1;1;-23,69297005;-46,86352786;"SPRF-SP";"DEL04-SP";"UOP01-DEL04-SP"
230993;2019-08-25;"domingo";"07:51:00";"PR";376;237;"APUCARANA";"Ingestão de Álcool";"Saída de leito carroçável";"Com Vítimas Feridas";"Pleno dia";"Decrescente";"Céu Claro";"Simples";"Declive;Em Obras;Curva";"Não";2;0;2;0;0;0;2;1;-23,58373109;-51,46335598;"SPRF-PR";"DEL07-PR";"UOP03-DEL07-PR"
230996;2019-08-25;"domingo";"08:50:00";"MT";163;834;"SINOP";"Desobediência às normas de trânsito pelo condutor";"Colisão traseira";"Com Vítimas Feridas";"Pleno dia";"Decrescente";"Céu Claro";"Simples";"Reta";"Sim";2;0;1;0;1;0;1;2;-11,995863;-55,51709;"SPRF-MT";"DEL06-MT";"UOP01-DEL06-MT"
230997;2019-08-25;"domingo";"10:00:00";"SC";470;53;"BLUMENAU";"Desobediência às normas de trânsito pelo condutor";"Tombamento";"Sem Vítimas";"Pleno dia";"Crescente";"Sol";"Simples";"Reta";"Sim";1;0;0;0;1;0;0;1;-26,867121;-49,102066;"SPRF-SC";"DEL04-SC";"UOP01-DEL04-SC"
230998;2019-08-25;"domingo";"09:55:00";"PE";408;98,4;"SAO LOURENCO DA MATA";"Falta de Atenção à Condução";"Colisão com objeto estático";"Com Vítimas Feridas";"Pleno dia";"Decrescente";"Garoa/Chuvisco";"Dupla";"Reta";"Não";3;0;3;0;0;0;3;2;-8,03598572;-35,03218461;"SPRF-PE";"DEL01-PE";"UOP01-DEL01-PE"
230999;2019-08-25;"domingo";"10:00:00";"SP";116;224,8;"GUARULHOS";"Falta de Atenção à Condução";"Colisão com objeto estático";"Sem Vítimas";"Pleno dia";"Decrescente";"Nublado";"Múltipla";"Reta";"Sim";2;0;0;0;2;0;0;1;-23,48473043;-46,53893204;"SPRF-SP";"DEL01-SP";"UOP01-DEL01-SP"
231002;2019-08-25;"domingo";"11:00:00";"SE";235;2,8;"NOSSA SENHORA DO SOCORRO";"Não guardar distância de segurança";"Colisão traseira";"Com Vítimas Feridas";"Pleno dia";"Crescente";"Nublado";"Dupla";"Declive";"Sim";2;0;1;0;1;0;1;2;-10,9064234;-37,10084617;"SPRF-SE";"DEL01-SE";"UOP01-DEL01-SE"
231003;2019-08-25;"domingo";"11:00:00";"PB";230;31;"BAYEUX";"Falta de Atenção à Condução";"Colisão lateral";"Com Vítimas Feridas";"Pleno dia";"Decrescente";"Céu Claro";"Dupla";"Reta";"Sim";3;0;2;0;0;1;2;2;-7,1484;-34,9129;"SPRF-PB";"DEL01-PB";"UOP01-DEL01-PB"
231005;2019-08-25;"domingo";"11:30:00";"RJ";101;267;"RIO BONITO";"Não guardar distância de segurança";"Queda de ocupante de veículo";"Com Vítimas Feridas";"Pleno dia";"Crescente";"Garoa/Chuvisco";"Dupla";"Reta";"Sim";2;0;2;0;0;0;2;1;-22,70728329;-42,66059086;"SPRF-RJ";"DEL02-RJ";"UOP03-DEL02-RJ"
231006;2019-08-25;"domingo";"09:15:00";"MA";10;253;"IMPERATRIZ";"Não guardar distância de segurança";"Colisão traseira";"Com Vítimas Feridas";"Pleno dia";"Decrescente";"Nublado";"Simples";"Reta";"Sim";5;0;1;0;4;0;1;4;-5,526911;-47,471455;"SPRF-MA";"DEL04-MA";"UOP01-DEL04-MA"
231009;2019-08-25;"domingo";"12:50:00";"PR";376;205;"MANDAGUARI";"Falta de Atenção à Condução";"Saída de leito carroçável";"Com Vítimas Feridas";"Pleno dia";"Decrescente";"Céu Claro";"Dupla";"Curva";"Não";1;0;1;0;0;0;1;1;-23,53094005;-51,71865463;"SPRF-PR";"DEL07-PR";"UOP01-DEL09-PR"
231011;2019-08-25;"domingo";"11:45:00";"PR";376;3,3;"MANDAGUARI";"Desobediência às normas de trânsito pelo condutor";"Colisão transversal";"Com Vítimas Feridas";"Pleno dia";"Crescente";"Céu Claro";"Simples";"Rotatória";"Sim";3;0;1;0;2;0;1;2;-23,50951388;-51,72140497;"SPRF-PR";"DEL07-PR";"UOP01-DEL09-PR"
231016;2019-08-25;"domingo";"13:10:00";"BA";101;569;"ARATACA";"Falta de Atenção à Condução";"Colisão lateral";"Sem Vítimas";"Pleno dia";"Crescente";"Céu Claro";"Simples";"Reta";"Não";2;0;0;0;2;0;0;2;-15,3853068;-39,48541982;"SPRF-BA";"DEL05-BA";"UOP02-DEL05-BA"
231017;2019-08-25;"domingo";"14:00:00";"PB";101;54,2;"SANTA RITA";"Falta de Atenção à Condução";"Colisão com objeto estático";"Com Vítimas Feridas";"Pleno dia";"Decrescente";"Céu Claro";"Dupla";"Reta";"Não";2;0;1;0;1;0;1;1;-6,95396379;-35,09058058;"SPRF-PB";"DEL01-PB";"UOP04-DEL01-PB"
231020;2019-08-25;"domingo";"13:55:00";"GO";414;433,8;"ANAPOLIS";"Ingestão de Álcool";"Saída de leito carroçável";"Com Vítimas Feridas";"Pleno dia";"Crescente";"Céu Claro";"Simples";"Reta";"Sim";1;0;0;1;0;0;1;1;-16,2291999;-48,92857911;"SPRF-GO";"DEL02-GO";"UOP01-DEL02-GO"
231021;2019-08-25;"domingo";"14:05:00";"DF";251;36,5;"BRASILIA";"Falta de Atenção à Condução";"Colisão transversal";"Com Vítimas Feridas";"Pleno dia";"Decrescente";"Sol";"Simples";"Reta";"Não";2;0;1;0;1;0;1;2;-15,9428;-47,77853;"SPRF-DF";"DEL01-DF";"UOP01-DEL01-DF"
231023;2019-08-25;"domingo";"14:30:00";"PR";376;400,9;"TIBAGI";"Desobediência às normas de trânsito pelo condutor";"Colisão lateral";"Com Vítimas Feridas";"Pleno dia";"Decrescente";"Céu Claro";"Simples";"Reta";"Não";2;0;1;0;1;0;1;2;-24,59962919;-50,6671561;"SPRF-PR";"DEL03-PR";"UOP02-DEL03-PR"
231024;2019-08-25;"domingo";"14:30:00";"RN";304;24,2;"MOSSORO";"Falta de Atenção à Condução";"Capotamento";"Com Vítimas Feridas";"Pleno dia";"Decrescente";"Céu Claro";"Dupla";"Rotatória";"Não";5;0;2;0;3;0;2;1;-5,06488233;-37,33287055;"SPRF-RN";"DEL04-RN";"UOP02-DEL04-RN"
231025;2019-08-25;"domingo";"14:05:00";"PR";116;126;"FAZENDA RIO GRANDE";"Falta de Atenção à Condução";"Colisão lateral";"Com Vítimas Feridas";"Pleno dia";"Decrescente";"Céu Claro";"Dupla";"Reta";"Sim";2;0;1;0;1;0;1;2;-25,60389895;-49,31824423;"SPRF-PR";"DEL01-PR";"UOP03-DEL01-PR"
231026;2019-08-25;"domingo";"08:20:00";"PR";153;393;"MALLET";"Falta de Atenção à Condução";"Colisão frontal";"Com Vítimas Feridas";"Pleno dia";"Crescente";"Céu Claro";"Simples";"Curva";"Não";3;0;2;0;1;0;2;2;-25,90691432;-50,83776366;"SPRF-PR";"DEL02-PR";"UOP03-DEL02-PR"
231029;2019-08-25;"domingo";"14:00:00";"SP";116;36,6;"CACHOEIRA PAULISTA";"Falta de Atenção à Condução";"Colisão traseira";"Com Vítimas Feridas";"Pleno dia";"Crescente";"Sol";"Dupla";"Curva";"Não";6;0;3;1;2;0;4;2;-22,66104604;-44,97604019;"SPRF-SP";"DEL08-SP";"UOP02-DEL08-SP"
231030;2019-08-25;"domingo";"07:50:00";"PI";402;35;"PARNAIBA";"Falta de Atenção à Condução";"Colisão lateral";"Com Vítimas Feridas";"Pleno dia";"Crescente";"Sol";"Simples";"Reta";"Sim";3;0;1;0;2;0;1;2;-2,93842127;-41,74276823;"SPRF-PI";"DEL05-PI";"UOP01-DEL05-PI"
231032;2019-08-25;"domingo";"15:10:00";"PR";369;148,1;"LONDRINA";"Desobediência às normas de trânsito pelo condutor";"Colisão lateral";"Com Vítimas Feridas";"Pleno dia";"Crescente";"Céu Claro";"Dupla";"Interseção de Vias";"Sim";2;0;1;0;1;0;1;2;-23,29286049;-51,1431545;"SPRF-PR";"DEL07-PR";"UOP01-DEL07-PR"
231033;2019-08-25;"domingo";"05:00:00";"SP";116;226,6;"GUARULHOS";"Falta de Atenção à Condução";"Colisão com objeto estático";"Sem Vítimas";"Plena Noite";"Crescente";"Nublado";"Múltipla";"Curva";"Sim";1;0;0;0;0;1;0;1;-23,49630548;-46,55824435;"SPRF-SP";"DEL01-SP";"UOP01-DEL01-SP"