"id";"data_inversa";"dia_semana";"horario";"uf";"br";"km";"municipio";"causa_acidente";"tipo_acidente";"classificacao_acidente";"fase_dia";"sentido_via";"condicao_metereologica";"tipo_pista";"tracado_via";"uso_solo";"pessoas";"mortos";"feridos_leves";"feridos_graves";"ilesos";"ignorados";"feridos";"veiculos";"latitude";"longitude";"regional";"delegacia";"uop"
231171;2019-08-25;"domingo";"19:00:00";"BA";20;172;"SAO DESIDERIO";"Deficiência ou não Acionamento do Sistema de Iluminação/Sinalização do Veículo";"Saída de leito carroçável";"Com Vítimas Feridas";"Plena Noite";"Crescente";"Céu Claro";"Simples";"Reta";"Não";4;0;2;0;2;0;2;1;-12,72258364;-45,93630016;"SPRF-BA";"DEL10-BA";"UOP01-DEL10-BA"
231172;2019-08-25;"domingo";"21:50:00";"MG";50;174,8;"UBERABA";"Não guardar distância de segurança";"Colisão traseira";"Com Vítimas Feridas";"Plena Noite";"Decrescente";"Céu Claro";"Dupla";"Viaduto";"Sim";3;0;2;0;1;0;2;2;-19,770817;-47,973434;"SPRF-MG";"DEL13-MG";"UOP01-DEL13-MG"
231175;2019-08-26;"segunda-feira";"00:04:00";"MG";40;695,8;"ALFREDO VASCONCELOS";"Desobediência às normas de trânsito pelo condutor";"Colisão frontal";"Com Vítimas Fatais";"Plena Noite";"Crescente";"Nublado";"Simples";"Reta";"Não";2;1;0;1;0;0;1;2;-21,1391999;-43,76576512;"SPRF-MG";"DEL05-MG";"UOP02-DEL05-MG"
231176;2019-08-25;"domingo";"23:40:00";"MG";40;485;"CAPIM BRANCO";"Condutor Dormindo";"Colisão traseira";"Com Vítimas Feridas";"Plena Noite";"Crescente";"Céu Claro";"Dupla";"Reta";"Não";3;0;0;2;1;0;2;2;-19,58183697;-44,22853982;"SPRF-MG";"DEL02-MG";"UOP01-DEL02-MG"
231177;2019-08-25;"domingo";"21:40:00";"RO";364;426;"JARU";"Restrição de Visibilidade";"Atropelamento de Pedestre";"Com Vítimas Feridas";"Plena Noite";"Decrescente";"Céu Claro";"Simples";"Rotatória";"Sim";2;0;0;1;0;1;1;2;-10,432443;-62,479584;"SPRF-RO";"DEL03-RO";"UOP02-DEL03-RO"
231178;2019-08-25;"domingo";"23:20:00";"MG";262;360,5;"BETIM";"Falta de Atenção à Condução";"Saída de leito carroçável";"Sem Vítimas";"Plena Noite";"Crescente";"Céu Claro";"Dupla";"Curva";"Não";1;0;0;0;0;1;0;1;-19,9830204;-44,20924834;"SPRF-MG";"DEL01-MG";"UOP03-DEL01-MG"
231179;2019-08-26;"segunda-feira";"00:40:00";"SC";101;116,7;"ITAJAI";"Falta de Atenção à Condução";"Queda de ocupante de veículo";"Com Vítimas Feridas";"Plena Noite";"Crescente";"Garoa/Chuvisco";"Simples";"Reta";"Sim";2;0;1;0;1;0;1;1;-26,87905605;-48,72603512;"SPRF-SC";"DEL04-SC";"UOP04-DEL04-SC"
231180;2019-08-25;"domingo";"18:20:00";"MG";381;506;"BETIM";"Ingestão de Álcool";"Colisão frontal";"Com Vítimas Feridas";"Plena Noite";"Crescente";"Céu Claro";"Dupla";"Ponte";"Sim";2;0;0;2;0;0;2;2;-20,05039397;-44,27962502;"SPRF-MG";"DEL01-MG";"UOP03-DEL01-MG"
231182;2019-08-25;"domingo";"16:10:00";"RS";392;115,7;"CANGUCU";"Ultrapassagem Indevida";"Saída de leito carroçável";"Com Vítimas Feridas";"Pleno dia";"Crescente";"Sol";"Simples";"Aclive;Reta";"Não";2;0;1;0;0;1;1;2;-31,42456531;-52,66149946;"SPRF-RS";"DEL07-RS";"UOP01-DEL07-RS"
231183;2019-08-25;"domingo";"22:33:00";"RO";364;375;"OURO PRETO DO OESTE";"Ingestão de Álcool";"Saída de leito carroçável";"Com Vítimas Feridas";"Plena Noite";"Crescente";"Céu Claro";"Simples";"Aclive";"Não";1;0;0;1;0;0;1;1;-10,73949672;-62,18555898;"SPRF-RO";"DEL02-RO";"UOP01-DEL02-RO"
231184;2019-08-26;"segunda-feira";"02:00:00";"PR";116;49,8;"CAMPINA GRANDE DO SUL";"Falta de Atenção à Condução";"Saída de leito carroçável";"Com Vítimas Feridas";"Plena Noite";"Decrescente";"Nublado";"Dupla";"Curva";"Não";1;0;1;0;0;0;1;1;-25,22582814;-48,90686554;"SPRF-PR";"DEL01-PR";"UOP02-DEL01-PR"
231185;2019-08-26;"segunda-feira";"00:45:00";"BA";415;59;"ITAPE";"Ingestão de Álcool";"Saída de leito carroçável";"Com Vítimas Feridas";"Plena Noite";"Crescente";"Chuva";"Simples";"Curva";"Não";2;0;0;2;0;0;2;1;-14,855429;-39,39363;"SPRF-BA";"DEL05-BA";"UOP01-DEL05-BA"
231186;2019-08-25;"domingo";"23:00:00";"AL";104;63,3;"MURICI";"Animais na Pista";"Atropelamento de Animal";"Com Vítimas Feridas";"Plena Noite";"Crescente";"Céu Claro";"Simples";"Curva";"Não";2;0;1;0;1;0;1;1;-9,33174225;-35,91402602;"SPRF-AL";"DEL01-AL";"UOP02-DEL01-AL"
231187;2019-08-26;"segunda-feira";"02:45:00";"SP";116;145,9;"SAO JOSE DOS CAMPOS";"Ingestão de Álcool";"Colisão com objeto estático";"Com Vítimas Feridas";"Plena Noite";"Crescente";"Céu Claro";"Múltipla";"Aclive";"Sim";1;0;1;0;0;0;1;1;-23,1869844;-45,8548078;"SPRF-SP";"DEL02-SP";"UOP01-DEL02-SP"
231189;2019-08-26;"segunda-feira";"03:00:00";"PI";343;193;"PIRIPIRI";"Ingestão de Álcool";"Saída de leito carroçável";"Com Vítimas Feridas";"Plena Noite";"Decrescente";"Céu Claro";"Simples";"Reta";"Não";2;0;0;2;0;0;2;1;-4,340018;-41,800739;"SPRF-PI";"DEL02-PI";"UOP01-DEL02-PI"
231190;2019-08-26;"segunda-feira";"00:05:00";"MS";163;260,9;"DOURADOS";"Condutor Dormindo";"Queda de ocupante de veículo";"Com Vítimas Feridas";"Plena Noite";"Decrescente";"Céu Claro";"Dupla";"Curva";"Não";1;0;1;0;0;0;1;1;-22,23870061;-54,76603031;"SPRF-MS";"DEL04-MS";"UOP01-DEL04-MS"
231191;2019-08-26;"segunda-feira";"03:50:00";"BA";324;568,8;"SAO SEBASTIAO DO PASSE";"Condutor Dormindo";"Saída de leito carroçável";"Com Vítimas Feridas";"Plena Noite";"Crescente";"Céu Claro";"Dupla";"Reta";"Não";2;0;1;0;1;0;1;1;-12,53527699;-38,59595575;"SPRF-BA";"DEL01-BA";"UOP01-DEL01-BA"
231192;2019-08-26;"segunda-feira";"04:20:00";"PR";476;130;"CURITIBA";"Falta de Atenção à Condução";"Colisão traseira";"Com Vítimas Feridas";"Plena Noite";"Decrescente";"Nublado";"Múltipla";"Aclive";"Sim";2;0;1;0;0;1;1;2;-25,449564;-49,236427;"SPRF-PR";"DEL01-PR";"UOP07-DEL01-PR"
231193;2019-08-26;"segunda-feira";"05:10:00";"GO";50;103,3;"CRISTALINA";"Falta de Atenção do Pedestre";"Atropelamento de Pedestre";"Com Vítimas Fatais";"Plena Noite";"Decrescente";"Céu Claro";"Dupla";"Reta";"Não";3;1;1;0;1;0;1;2;-16,9309;-47,7117;"SPRF-DF";"DEL01-DF";"UOP02-DEL01-DF"
231194;2019-08-26;"segunda-feira";"05:20:00";"PR";376;392;"IMBAU";"Ultrapassagem Indevida";"Colisão frontal";"Com Vítimas Feridas";"Plena Noite";"Crescente";"Céu Claro";"Simples";"Reta";"Não";3;0;1;1;1;0;2;3;-24,537697;-50,694386;"SPRF-PR";"DEL03-PR";"UOP02-DEL03-PR"
231195;2019-08-26;"segunda-feira";"05:00:00";"RJ";101;52;"CAMPOS DOS GOYTACAZES";"Falta de Atenção à Condução";"Colisão transversal";"Com Vítimas Fatais";"Plena Noite";"Crescente";"Nublado";"Simples";"Reta";"Não";4;1;0;1;0;2;1;3;-21,65160802;-41,31128624;"SPRF-RJ";"DEL08-RJ";"UOP01-DEL08-RJ"
231196;2019-08-26;"segunda-feira";"03:15:00";"PR";116;113;"CURITIBA";"Defeito Mecânico no Veículo";"Saída de leito carroçável";"Sem Vítimas";"Plena Noite";"Crescente";"Céu Claro";"Dupla";"Reta";"Sim";1;0;0;0;0;1;0;1;-25,56513636;-49,24675108;"SPRF-PR";"DEL01-PR";"UOP06-DEL01-PR"
231197;2019-08-26;"segunda-feira";"06:40:00";"BA";116;425;"FEIRA DE SANTANA";"Falta de Atenção à Condução";"Atropelamento de Pedestre";"Com Vítimas Feridas";"Pleno dia";"Decrescente";"Céu Claro";"Simples";"Reta";"Sim";2;0;0;1;0;1;1;2;-12,25732071;-38,98950404;"SPRF-BA";"DEL02-BA";"UOP01-DEL02-BA"
231199;2019-08-25;"domingo";"20:30:00";"MG";50;71;"UBERLANDIA";"Falta de Atenção à Condução";"Engavetamento";"Sem Vítimas";"Plena Noite";"Crescente";"Céu Claro";"Dupla";"Reta";"Sim";3;0;0;0;2;1;0;3;-18,85140204;-48,25345932;"SPRF-MG";"DEL15-MG";"UOP01-DEL15-MG"
231200;2019-08-26;"segunda-feira";"06:50:00";"PR";116;124;"CURITIBA";"Não guardar distância de segurança";"Colisão lateral";"Com Vítimas Feridas";"Pleno dia";"Decrescente";"Nublado";"Dupla";"Reta";"Sim";3;0;1;0;2;0;1;3;-25,58620703;-49,31436887;"SPRF-PR";"DEL01-PR";"UOP03-DEL01-PR"
231214;2019-08-27;"terça-feira";"13:45:00";"RN";101;94;"NATAL";"Falta de Atenção à Condução";"Colisão transversal";"Sem Vítimas";"Pleno dia";"Crescente";"Céu Claro";"Dupla";"Reta";"Sim";2;0;0;0;2;0;0;2;-5,83176615;-35,21191342;"SPRF-RN";"DEL01-RN";"UOP01-DEL01-RN"
231217;2019-08-27;"terça-feira";"07:25:00";"DF";40;3,2;"BRASILIA";"Falta de Atenção à Condução";"Colisão traseira";"Com Vítimas Feridas";"Pleno dia";"Decrescente";"Céu Claro";"Dupla";"Reta";"Sim";3;0;1;0;2;0;1;2;-16,003145;-47,983944;"SPRF-DF";"DEL01-DF";"UOP01-DEL01-DF"
231218;2019-08-27;"terça-feira";"14:50:00";"DF";20;51,2;"BRASILIA";"Condutor Dormindo";"Saída de leito carroçável";"Com Vítimas Feridas";"Pleno dia";"Crescente";"Sol";"Dupla";"Reta";"Não";1;0;1;0;0;0;1;1;-15,580705;-47,41259;"SPRF-DF";"DEL02-DF";"UOP01-DEL02-DF"
231219;2019-08-27;"terça-feira";"14:20:00";"RS";116;185;"NOVA PETROPOLIS";"Velocidade Incompatível";"Colisão frontal";"Com Vítimas Feridas";"Pleno dia";"Crescente";"Céu Claro";"Múltipla";"Curva";"Sim";2;0;1;1;0;0;2;2;-29,39221114;-51,12482919;"SPRF-RS";"DEL05-RS";"UOP02-DEL05-RS"
231221;2019-08-27;"terça-feira";"11:47:00";"DF";20;25;"BRASILIA";"Defeito Mecânico no Veículo";"Saída de leito carroçável";"Sem Vítimas";"Pleno dia";"Crescente";"Céu Claro";"Dupla";"Reta";"Não";1;0;0;0;1;0;0;1;-15,595603;-47,649715;"SPRF-DF";"DEL02-DF";"UOP01-DEL02-DF"
231222;2019-08-27;"terça-feira";"09:40:00";"SP";153;87,1;"MIRASSOL";"Falta de Atenção à Condução";"Colisão traseira";"Com Vítimas Feridas";"Pleno dia";"Crescente";"Céu Claro";"Simples";"Reta;Declive";"Não";5;0;3;0;2;0;3;3;-20,94498178;-49,53459612;"SPRF-SP";"DEL09-SP";"UOP01-DEL09-SP"
231224;2019-08-27;"terça-feira";"10:15:00";"SC";101;206,8;"SAO JOSE";"Mal Súbito";"Saída de leito carroçável";"Com Vítimas Feridas";"Pleno dia";"Decrescente";"Nublado";"Múltipla";"Reta";"Sim";1;0;1;0;0;0;1;1;-27,59809951;-48,62038846;"SPRF-SC";"DEL01-SC";"UOP01-DEL01-SC"
231225;2019-08-27;"terça-feira";"14:00:00";"SP";381;39,5;"ATIBAIA";"Objeto estático sobre o leito carroçável";"Colisão com objeto estático";"Com Vítimas Feridas";"Pleno dia";"Decrescente";"Sol";"Dupla";"Reta";"Sim";3;0;0;3;0;0;3;1;-23,1215761;-46,57471572;"SPRF-SP";"DEL03-SP";"UOP01-DEL03-SP"
231226;2019-08-27;"terça-feira";"09:28:00";"SC";101;200,8;"SAO JOSE";"Falta de Atenção à Condução";"Queda de ocupante de veículo";"Sem Vítimas";"Pleno dia";"Crescente";"Garoa/Chuvisco";"Múltipla";"Reta";"Sim";1;0;0;0;1;0;0;1;-27,54018513;-48,62287714;"SPRF-SC";"DEL01-SC";"UOP01-DEL01-SC"
231227;2019-08-27;"terça-feira";"09:00:00";"MG";381;648;"SANTO ANTONIO DO AMPARO";"Condutor Dormindo";"Saída de leito carroçável";"Com Vítimas Feridas";"Pleno dia";"Crescente";"Céu Claro";"Dupla";"Reta";"Não";2;0;1;1;0;0;2;1;-20,95761493;-44,92120513;"SPRF-MG";"DEL04-MG";"UOP01-DEL04-MG"
231228;2019-08-15;"quinta-feira";"12:10:00";"SC";101;38,5;"JOINVILLE";"Falta de Atenção à Condução";"Colisão traseira";"Com Vítimas Feridas";"Pleno dia";"Decrescente";"Nublado";"Dupla";"Interseção de Vias";"Sim";2;0;1;0;1;0;1;2;-26,25472505;-48,90561309;"SPRF-SC";"DEL03-SC";"UOP01-DEL03-SC"
231229;2019-08-27;"terça-feira";"08:20:00";"SP";381;86;"SAO PAULO";"Condutor Dormindo";"Queda de ocupante de veículo";"Com Vítimas Feridas";"Pleno dia";"Decrescente";"Céu Claro";"Dupla";"Reta";"Sim";1;0;1;0;0;0;1;1;-23,45930499;-46,57161179;"SPRF-SP";"DEL03-SP";"UOP01-DEL03-SP"
231230;2019-08-27;"terça-feira";"08:00:00";"PI";316;22;"TERESINA";"Desobediência às normas de trânsito pelo condutor";"Saída de leito carroçável";"Sem Vítimas";"Pleno dia";"Decrescente";"Sol";"Simples";"Reta";"Sim";1;0;0;0;0;1;0;1;-5,27552796;-42,72607975;"SPRF-PI";"DEL01-PI";"UOP02-DEL01-PI"
231232;2019-08-27;"terça-feira";"09:55:00";"PR";376;3,7;"APUCARANA";"Falta de Atenção à Condução";"Queda de ocupante de veículo";"Com Vítimas Feridas";"Pleno dia";"Crescente";"Sol";"Simples";"Reta";"Não";1;0;1;0;0;0;1;1;-23,55783077;-51,44141614;"SPRF-PR";"DEL07-PR";"UOP03-DEL07-PR"
231233;2019-08-27;"terça-feira";"09:20:00";"PE";232;7,8;"RECIFE";"Não guardar distância de segurança";"Colisão lateral";"Com Vítimas Feridas";"Pleno dia";"Decrescente";"Sol";"Dupla";"Reta";"Sim";2;0;0;1;1;0;1;2;-8,07333497;-34,96184301;"SPRF-PE";"DEL01-PE";"UOP01-DEL01-PE"
231234;2019-08-27;"terça-feira";"12:20:00";"PE";232;407,5;"SERRA TALHADA";"Falta de Atenção à Condução";"Colisão transversal";"Com Vítimas Feridas";"Pleno dia";"Crescente";"Céu Claro";"Simples";"Reta";"Sim";2;0;0;2;0;0;2;2;-7,9854402;-38,27148304;"SPRF-PE";"DEL04-PE";"UOP01-DEL04-PE"
231236;2019-08-27;"terça-feira";"11:00:00";"PE";101;43,9;"IGARASSU";"Falta de Atenção à Condução";"Colisão traseira";"Sem Vítimas";"Pleno dia";"Crescente";"Céu Claro";"Múltipla";"Reta";"Sim";2;0;0;0;2;0;0;2;-7,84753808;-34,90977038;"SPRF-PE";"DEL01-PE";"UOP02-DEL01-PE"
231237;2019-08-27;"terça-feira";"10:30:00";"PE";232;36,3;"MORENO";"Falta de Atenção à Condução";"Colisão lateral";"Com Vítimas Feridas";"Pleno dia";"Decrescente";"Céu Claro";"Dupla";"Reta";"Sim";2;0;1;0;0;1;1;2;-8,11082778;-35,20125807;"SPRF-PE";"DEL01-PE";"UOP02-DEL02PE"
231238;2019-08-27;"terça-feira";"09:00:00";"MT";70;677,9;"CACERES";"Pista Escorregadia";"Saída de leito carroçável";"Com Vítimas Feridas";"Pleno dia";"Decrescente";"Chuva";"Simples";"Reta";"Não";1;0;1;0;0;0;1;1;-16,16237437;-57,35288143;"SPRF-MT";"DEL03-MT";"UOP02-DEL03-MT"
231240;2019-08-27;"terça-feira";"07:30:00";"SP";116;216;"GUARULHOS";"Falta de Atenção à Condução";"Colisão lateral";"Com Vítimas Feridas";"Pleno dia";"Crescente";"Céu Claro";"Múltipla";"Reta";"Sim";2;0;1;0;0;1;1;2;-23,45056589;-46,46258105;"SPRF-SP";"DEL01-SP";"UOP01-DEL01-SP"
231241;2019-08-27;"terça-feira";"09:30:00";"PE";407;129,2;"PETROLINA";"Velocidade Incompatível";"Colisão traseira";"Com Vítimas Feridas";"Pleno dia";"Decrescente";"Céu Claro";"Dupla";"Reta";"Sim";3;0;1;0;1;1;1;3;-9,4021536;-40,50354481;"SPRF-PE";"DEL06-PE";"UOP01-DEL06-PE"
231243;2019-08-27;"terça-feira";"14:30:00";"ES";101;149;"LINHARES";"Desobediência às normas de trânsito pelo condutor";"Colisão transversal";"Sem Vítimas";"Pleno dia";"Crescente";"Céu Claro";"Simples";"Curva";"Sim";2;0;0;0;2;0;0;2;-19,40682419;-40,06425446;"SPRF-ES";"DEL04-ES";"UOP01-DEL04-ES"
231245;2019-08-27;"terça-feira";"07:25:00";"PR";369;146,1;"LONDRINA";"Falta de Atenção à Condução";"Colisão transversal";"Com Vítimas Feridas";"Pleno dia";"Crescente";"Céu Claro";"Dupla";"Retorno Regulamentado";"Sim";2;0;1;1;0;0;2;2;-23,29350919;-51,11067295;"SPRF-PR";"DEL07-PR";"UOP01-DEL07-PR"
231248;2019-08-27;"terça-feira";"09:00:00";"BA";407;1;"JUAZEIRO";"Desobediência às normas de trânsito pelo condutor";"Colisão lateral";"Com Vítimas Feridas";"Pleno dia";"Crescente";"Céu Claro";"Simples";"Reta";"Sim";3;0;2;0;1;0;2;2;-9,41845604;-40,50725978;"SPRF-PE";"DEL06-PE";"UOP01-DEL06-PE"
231250;2019-08-27;"terça-feira";"08:50:00";"MG";459;87;"CONGONHAL";"Velocidade Incompatível";"Saída de leito carroçável";"Sem Vítimas";"Pleno dia";"Crescente";"Céu Claro";"Simples";"Curva";"Não";1;0;0;0;0;1;0;1;-22,150208;-46,033627;"SPRF-MG";"DEL16-MG";"UOP01-DEL09-MG"
231253;2019-08-27;"terça-feira";"06:35:00";"RJ";101;303;"SAO GONCALO";"Falta de Atenção à Condução";"Colisão traseira";"Com Vítimas Feridas";"Pleno dia";"Crescente";"Céu Claro";"Simples";"Reta";"Sim";3;0;2;0;1;0;2;2;-22,78424553;-42,9839375;"SPRF-RJ";"DEL02-RJ";"DEL5/2-UOP04/RJ"
231255;2019-08-27;"terça-feira";"13:50:00";"RO";435;85;"COLORADO DO OESTE";"Desobediência às normas de trânsito pelo condutor";"Colisão transversal";"Com Vítimas Feridas";"Pleno dia";"Crescente";"Garoa/Chuvisco";"Simples";"Reta";"Sim";4;0;1;0;3;0;1;2;-13,11884911;-60,53173398;"SPRF-RO";"DEL04-RO";"UOP02-DEL04-RO"
231256;2019-08-27;"terça-feira";"08:40:00";"RO";364;425;"JARU";"Falta de Atenção do Pedestre";"Atropelamento de Pedestre";"Com Vítimas Feridas";"Pleno dia";"Crescente";"Céu Claro";"Dupla";"Interseção de Vias";"Sim";2;0;1;0;0;1;1;2;-10,43752488;-62,47169791;"SPRF-RO";"DEL03-RO";"UOP02-DEL03-RO"
231257;2019-08-27;"terça-feira";"14:35:00";"SP";381;89,7;"GUARULHOS";"Defeito Mecânico no Veículo";"Queda de ocupante de veículo";"Com Vítimas Feridas";"Pleno dia";"Decrescente";"Sol";"Dupla";"Curva";"Não";1;0;0;1;0;0;1;1;-23,48469299;-46,55983288;"SPRF-SP";"DEL03-SP";"UOP01-DEL03-SP"
231258;2019-08-26;"segunda-feira";"17:10:00";"GO";153;510;"APARECIDA DE GOIANIA";"Desobediência às normas de trânsito pelo condutor";"Tombamento";"Com Vítimas Feridas";"Anoitecer";"Crescente";"Céu Claro";"Dupla";"Reta";"Sim";1;0;0;1;0;0;1;1;-16,7977;-49,2386;"SPRF-GO";"DEL01-GO";"UOP03-DEL01-GO"
231259;2019-08-26;"segunda-feira";"08:49:00";"PB";101;120;"CAAPORA";"Defeito na Via";"Colisão com objeto estático";"Sem Vítimas";"Pleno dia";"Decrescente";"Céu Claro";"Dupla";"Curva";"Não";1;0;0;0;1;0;0;1;-7,43522578;-34,9727831;"SPRF-PB";"DEL01-PB";"UOP01-DEL01-PB"
231261;2019-08-27;"terça-feira";"07:40:00";"PB";230;17,8;"JOAO PESSOA";"Falta de Atenção à Condução";"Colisão traseira";"Sem Vítimas";"Pleno dia";"Decrescente";"Céu Claro";"Dupla";"Reta";"Sim";2;0;0;0;2;0;0;2;-7,1121;-34,8426;"SPRF-PB";"DEL01-PB";"UOP01-DEL01-PB"
231262;2019-08-26;"segunda-feira";"17:00:00";"PB";230;366,5;"MALTA";"Ingestão de Substâncias Psicoativas";"Colisão frontal";"Com Vítimas Fatais";"Anoitecer";"Decrescente";"Céu Claro";"Simples";"Curva";"Sim";2;2;0;0;0;0;0;2;-6,90781081;-37,50744438;"SPRF-PB";"DEL03-PB";"UOP02-DEL03-PB"
231263;2019-08-26;"segunda-feira";"22:00:00";"BA";324;612,5;"SIMOES FILHO";"Desobediência às normas de trânsito pelo condutor";"Colisão traseira";"Com Vítimas Feridas";"Plena Noite";"Crescente";"Nublado";"Dupla";"Reta";"Sim";1;0;0;1;0;0;1;1;-12,84664721;-38,41741648;"SPRF-BA";"DEL01-BA";"UOP01-DEL01-BA"
231264;2019-08-26;"segunda-feira";"16:30:00";"AL";424;103,8;"MARECHAL DEODORO";"Desobediência às normas de trânsito pelo condutor";"Colisão lateral";"Com Vítimas Feridas";"Pleno dia";"Decrescente";"Garoa/Chuvisco";"Simples";"Reta";"Sim";3;0;1;0;2;0;1;2;-9,67311078;-35,83848579;"SPRF-AL";"DEL02-AL";"UOP01-DEL02-AL"
231265;2019-08-26;"segunda-feira";"21:11:00";"AL";316;148,7;"PALMEIRA DOS INDIOS";"Animais na Pista";"Atropelamento de Animal";"Com Vítimas Fatais";"Plena Noite";"Crescente";"Garoa/Chuvisco";"Simples";"Reta";"Não";4;1;0;3;0;0;3;2;-9,4040165;-36,69330597;"SPRF-AL";"DEL03-AL";"UOP01-DEL03-AL"
231266;2019-08-27;"terça-feira";"14:25:00";"RJ";493;70;"NOVA IGUACU";"Condutor Dormindo";"Capotamento";"Com Vítimas Feridas";"Pleno dia";"Decrescente";"Céu Claro";"Dupla";"Reta";"Não";2;0;0;1;1;0;1;1;-22,686428;-43,481505;"SPRF-RJ";"DEL01-RJ";"UOP03-DEL01-RJ"
231267;2019-08-27;"terça-feira";"15:50:00";"SC";101;206;"SAO JOSE";"Falta de Atenção à Condução";"Tombamento";"Com Vítimas Feridas";"Pleno dia";"Crescente";"Nublado";"Dupla";"Reta";"Não";2;0;1;0;0;1;1;2;-27,59193546;-48,61824557;"SPRF-SC";"DEL01-SC";"UOP01-DEL01-SC"
231269;2019-08-26;"segunda-feira";"08:50:00";"MA";135;48,5;"BACABEIRA";"Não guardar distância de segurança";"Colisão traseira";"Sem Vítimas";"Pleno dia";"Decrescente";"Céu Claro";"Dupla";"Reta";"Sim";3;0;0;0;3;0;0;3;-2,94707912;-44,32733632;"SPRF-MA";"DEL01-MA";"UOP01-DEL01-MA"
231271;2019-08-27;"terça-feira";"11:40:00";"RJ";465;21;"NOVA IGUACU";"Falta de Atenção à Condução";"Colisão transversal";"Com Vítimas Feridas";"Pleno dia";"Crescente";"Céu Claro";"Simples";"Reta";"Sim";2;0;1;0;1;0;1;2;-22,854782;-43,601933;"SPRF-RJ";"DEL01-RJ";"UOP01-DEL01-MS"
231272;2019-08-27;"terça-feira";"12:50:00";"SC";101;248;"PAULO LOPES";"Defeito Mecânico no Veículo";"Colisão com objeto estático";"Com Vítimas Feridas";"Pleno dia";"Crescente";"Céu Claro";"Múltipla";"Reta";"Não";2;0;1;0;1;0;1;1;-27,94630642;-48,6707407;"SPRF-SC";"DEL02-SC";"UOP03-DEL02-SC"
231273;2019-08-27;"terça-feira";"16:00:00";"BA";324;623;"SALVADOR";"Falta de Atenção à Condução";"Colisão traseira";"Com Vítimas Feridas";"Pleno dia";"Decrescente";"Céu Claro";"Dupla";"Reta";"Sim";2;0;1;0;0;1;1;2;-12,92628699;-38,46838679;"SPRF-BA";"DEL01-BA";"UOP01-DEL01-BA"
231274;2019-08-27;"terça-feira";"07:45:00";"RS";158;537,5;"SANTANA DO LIVRAMENTO";"Animais na Pista";"Saída de leito carroçável";"Sem Vítimas";"Pleno dia";"Crescente";"Céu Claro";"Simples";"Reta";"Não";1;0;0;0;1;0;0;1;-30,79827278;-55,23642905;"SPRF-RS";"DEL11-RS";"UOP01-DEL11-RS"
231275;2019-08-27;"terça-feira";"12:00:00";"RS";285;294,4;"PASSO FUNDO";"Desobediência às normas de trânsito pelo condutor";"Colisão transversal";"Com Vítimas Feridas";"Pleno dia";"Decrescente";"Sol";"Simples";"Reta";"Sim";3;0;2;0;1;0;2;2;-28,234547;-52,384975;"SPRF-RS";"DEL08-RS";"UOP03-DEL08-RS"
231276;2019-08-27;"terça-feira";"08:30:00";"SC";480;124,9;"CHAPECO";"Velocidade Incompatível";"Colisão lateral";"Com Vítimas Feridas";"Pleno dia";"Decrescente";"Sol";"Dupla";"Reta";"Não";2;0;1;0;1;0;1;2;-27,00359519;-52,64391044;"SPRF-SC";"DEL07-SC";"UOP01-DEL07-SC"
231280;2019-08-27;"terça-feira";"16:00:00";"GO";20;104;"VILA BOA";"Falta de Atenção à Condução";"Saída de leito carroçável";"Com Vítimas Feridas";"Pleno dia";"Decrescente";"Céu Claro";"Simples";"Reta";"Não";1;0;1;0;0;0;1;1;-14,921622;-46,966019;"SPRF-DF";"DEL02-DF";"UOP01-DEL02-DF"
231281;2019-08-27;"terça-feira";"10:40:00";"SC";282;3;"FLORIANOPOLIS";"Falta de Atenção à Condução";"Colisão traseira";"Com Vítimas Feridas";"Pleno dia";"Decrescente";"Nublado";"Dupla";"Reta";"Não";2;0;1;0;1;0;1;2;-27,600384;-48,599705;"SPRF-SC";"DEL01-SC";"UOP01-DEL01-SC"
231282;2019-08-27;"terça-feira";"06:50:00";"PE";424;86;"GARANHUNS";"Falta de Atenção à Condução";"Colisão transversal";"Com Vítimas Feridas";"Pleno dia";"Decrescente";"Garoa/Chuvisco";"Simples";"Reta";"Sim";3;0;1;0;2;0;1;2;-8,869595;-36,508236;"SPRF-PE";"DEL03-PE";"UOP01-DEL03-PE"
231286;2019-08-27;"terça-feira";"08:55:00";"RN";101;94;"NATAL";"Não guardar distância de segurança";"Engavetamento";"Com Vítimas Feridas";"Pleno dia";"Decrescente";"Céu Claro";"Múltipla";"Reta";"Sim";7;0;2;0;4;1;2;4;-5,83176615;-35,21191342;"SPRF-RN";"DEL01-RN";"UOP01-DEL01-RN"
231287;2019-08-27;"terça-feira";"08:25:00";"SC";101;201;"SAO JOSE";"Falta de Atenção à Condução";"Colisão lateral";"Com Vítimas Feridas";"Pleno dia";"Crescente";"Céu Claro";"Dupla";"Reta";"Não";2;0;1;0;1;0;1;2;-27,54836599;-48,61977975;"SPRF-SC";"DEL01-SC";"UOP01-DEL01-SC"
231289;2019-08-27;"terça-feira";"09:10:00";"PR";369;120;"JATAIZINHO";"Condutor Dormindo";"Saída de leito carroçável";"Com Vítimas Feridas";"Pleno dia";"Crescente";"Céu Claro";"Simples";"Reta";"Não";1;0;0;1;0;0;1;1;-23,2857499;-50,91743588;"SPRF-PR";"DEL07-PR";"UOP05-DEL07-PR"