"id";"data_inversa";"dia_semana";"horario";"uf";"br";"km";"municipio";"causa_acidente";"tipo_acidente";"classificacao_acidente";"fase_dia";"sentido_via";"condicao_metereologica";"tipo_pista";"tracado_via";"uso_solo";"pessoas";"mortos";"feridos_leves";"feridos_graves";"ilesos";"ignorados";"feridos";"veiculos";"latitude";"longitude";"regional";"delegacia";"uop"
231688;2019-08-29;"quinta-feira";"14:10:00";"PR";376;1,1;"SAO JOSE DOS PINHAIS";"Falta de Atenção do Pedestre";"Atropelamento de Pedestre";"Com Vítimas Feridas";"Pleno dia";"Crescente";"Sol";"Dupla";"Reta";"Sim";2;0;1;0;1;0;1;2;-25,5307;-49,1958;"SPRF-PR";"DEL01-PR";"UOP01-DEL01-PR"
231690;2019-08-29;"quinta-feira";"13:30:00";"RS";480;68,6;"ERECHIM";"Avarias e/ou desgaste excessivo no pneu";"Saída de leito carroçável";"Com Vítimas Feridas";"Pleno dia";"Decrescente";"Céu Claro";"Simples";"Curva";"Não";4;0;2;1;1;0;3;1;-27,63347625;-52,34270887;"SPRF-RS";"DEL08-RS";"UOP04-DEL08-RS"
231691;2019-08-26;"segunda-feira";"13:40:00";"PB";230;150,7;"CAMPINA GRANDE";"Falta de Atenção à Condução";"Colisão frontal";"Com Vítimas Feridas";"Pleno dia";"Decrescente";"Nublado";"Simples";"Reta";"Sim";3;0;2;0;1;0;2;2;-7,2515;-35,8724;"SPRF-PB";"DEL02-PB";"UOP01-DEL02-PB"
231694;2019-08-29;"quinta-feira";"14:15:00";"MT";364;566;"NOBRES";"Falta de Atenção à Condução";"Colisão com objeto estático";"Com Vítimas Feridas";"Pleno dia";"Crescente";"Céu Claro";"Dupla";"Curva";"Não";1;0;1;0;0;0;1;1;-14,758127;-56,341124;"SPRF-MT";"DEL01-MT";"UOP01-DEL01-MT"
231696;2019-08-29;"quinta-feira";"15:15:00";"PE";423;37,4;"CACHOEIRINHA";"Não guardar distância de segurança";"Engavetamento";"Sem Vítimas";"Pleno dia";"Crescente";"Céu Claro";"Simples";"Reta";"Não";3;0;0;0;3;0;0;3;-8,47542022;-36,22203249;"SPRF-PE";"DEL02-PE";"UOP03-DEL02-PE"
231697;2019-08-29;"quinta-feira";"15:15:00";"PE";104;40,6;"CARUARU";"Falta de Atenção à Condução";"Queda de ocupante de veículo";"Com Vítimas Feridas";"Pleno dia";"Crescente";"Céu Claro";"Dupla";"Reta";"Não";2;0;0;1;0;1;1;1;-8,0938;-36,0334;"SPRF-PE";"DEL02-PE";"UOP01-DEL02-PE"
231698;2019-08-26;"segunda-feira";"16:20:00";"GO";153;529,7;"HIDROLANDIA";"Condutor Dormindo";"Saída de leito carroçável";"Com Vítimas Feridas";"Pleno dia";"Decrescente";"Sol";"Dupla";"Reta";"Sim";1;0;1;0;0;0;1;1;-16,95900594;-49,23906153;"SPRF-GO";"DEL01-GO";"UOP03-DEL01-GO"
231699;2019-08-29;"quinta-feira";"15:16:00";"DF";40;4,3;"BRASILIA";"Falta de Atenção à Condução";"Colisão com objeto estático";"Sem Vítimas";"Pleno dia";"Decrescente";"Nublado";"Dupla";"Reta";"Sim";3;0;0;0;3;0;0;2;-16,012033;-47,982124;"SPRF-DF";"DEL01-DF";"UOP01-DEL01-DF"
231701;2019-08-29;"quinta-feira";"15:30:00";"RN";405;78,8;"APODI";"Falta de Atenção do Pedestre";"Atropelamento de Pedestre";"Com Vítimas Feridas";"Pleno dia";"Crescente";"Céu Claro";"Dupla";"Reta";"Sim";2;0;2;0;0;0;2;2;-5,67531095;-37,78801987;"SPRF-RN";"DEL04-RN";"UOP02-DEL04-RN"
231702;2019-08-29;"quinta-feira";"16:00:00";"MG";40;632,1;"CONSELHEIRO LAFAIETE";"Desobediência às normas de trânsito pelo condutor";"Colisão transversal";"Com Vítimas Feridas";"Pleno dia";"Decrescente";"Céu Claro";"Simples";"Retorno Regulamentado;Reta;Interseção de Vias";"Não";2;0;1;0;1;0;1;2;-20,67756605;-43,79439379;"SPRF-MG";"DEL05-MG";"UOP02-DEL05-MG"
231704;2019-08-29;"quinta-feira";"16:00:00";"BA";242;724;"CRISTOPOLIS";"Mal Súbito";"Queda de ocupante de veículo";"Com Vítimas Feridas";"Pleno dia";"Crescente";"Sol";"Simples";"Reta";"Não";1;0;0;1;0;0;1;1;-12,229861;-44,423837;"SPRF-BA";"DEL10-BA";"UOP01-DEL10-BA"
231705;2019-08-29;"quinta-feira";"13:30:00";"GO";153;51;"PORANGATU";"Defeito na Via";"Saída de leito carroçável";"Com Vítimas Feridas";"Pleno dia";"Crescente";"Céu Claro";"Simples";"Declive";"Não";1;0;1;0;0;0;1;1;-13,26023668;-49,1352582;"SPRF-GO";"DEL07-GO";"UOP01-DEL07-GO"
231707;2019-08-29;"quinta-feira";"16:00:00";"ES";101;245,5;"SERRA";"Falta de Atenção à Condução";"Tombamento";"Com Vítimas Feridas";"Pleno dia";"Crescente";"Sol";"Dupla";"Declive";"Não";1;0;1;0;0;0;1;1;-20,05454495;-40,38189997;"SPRF-ES";"DEL02-ES";"UOP01-DEL02-ES"
231708;2019-08-29;"quinta-feira";"16:25:00";"ES";101;256,6;"SERRA";"Falta de Atenção do Pedestre";"Atropelamento de Pedestre";"Com Vítimas Fatais";"Pleno dia";"Decrescente";"Nublado";"Múltipla";"Declive;Reta";"Sim";2;1;0;0;1;0;0;2;-20,12279898;-40,30549552;"SPRF-ES";"DEL02-ES";"UOP01-DEL02-ES"
231709;2019-08-26;"segunda-feira";"11:25:00";"SC";280;129;"RIO NEGRINHO";"Falta de Atenção à Condução";"Queda de ocupante de veículo";"Com Vítimas Feridas";"Pleno dia";"Crescente";"Céu Claro";"Simples";"Reta";"Não";1;0;1;0;0;0;1;1;-26,24586437;-49,52284615;"SPRF-SC";"DEL06-SC";"UOP03-DEL06-SC"
231710;2019-08-29;"quinta-feira";"14:50:00";"MT";70;547;"NOSSA SENHORA DO LIVRAMENTO";"Falta de Atenção à Condução";"Saída de leito carroçável";"Com Vítimas Feridas";"Pleno dia";"Decrescente";"Céu Claro";"Simples";"Reta";"Não";1;0;1;0;0;0;1;1;-15,67939649;-56,28015101;"SPRF-MT";"DEL01-MT";"DEL2/4-UOP02/MT"
231711;2019-08-29;"quinta-feira";"17:20:00";"BA";235;353;"JUAZEIRO";"Velocidade Incompatível";"Colisão transversal";"Com Vítimas Feridas";"Pleno dia";"Crescente";"Céu Claro";"Simples";"Reta";"Sim";2;0;1;0;1;0;1;2;-9,439929;-40,495897;"SPRF-BA";"DEL04-BA";"UOP01-DEL04-BA"
231713;2019-08-29;"quinta-feira";"17:10:00";"SP";116;208,2;"GUARULHOS";"Falta de Atenção à Condução";"Colisão traseira";"Sem Vítimas";"Anoitecer";"Decrescente";"Céu Claro";"Dupla";"Reta";"Sim";2;0;0;0;2;0;0;2;-23,42275063;-46,39505835;"SPRF-SP";"DEL01-SP";"UOP01-DEL01-SP"
231714;2019-08-29;"quinta-feira";"16:02:00";"PB";101;90;"JOAO PESSOA";"Não guardar distância de segurança";"Colisão traseira";"Com Vítimas Feridas";"Pleno dia";"Decrescente";"Céu Claro";"Dupla";"Reta";"Sim";2;0;1;0;1;0;1;2;-7,17905585;-34,89989611;"SPRF-PB";"DEL01-PB";"UOP01-DEL01-PB"
231716;2019-08-29;"quinta-feira";"17:30:00";"RJ";101;318;"SAO GONCALO";"Falta de Atenção à Condução";"Colisão lateral";"Com Vítimas Feridas";"Anoitecer";"Crescente";"Céu Claro";"Dupla";"Reta";"Sim";2;0;1;0;1;0;1;2;-22,85460445;-43,10192943;"SPRF-RJ";"DEL02-RJ";"DEL5/2-UOP04/RJ"
231717;2019-08-29;"quinta-feira";"17:50:00";"PR";116;92;"SAO JOSE DOS PINHAIS";"Falta de Atenção à Condução";"Queda de ocupante de veículo";"Com Vítimas Feridas";"Anoitecer";"Crescente";"Céu Claro";"Dupla";"Reta";"Não";1;0;1;0;0;0;1;1;-25,47691403;-49,09767498;"SPRF-PR";"DEL01-PR";"UOP01-DEL01-PR"
231719;2019-08-29;"quinta-feira";"16:49:00";"SC";280;55,3;"GUARAMIRIM";"Desobediência às normas de trânsito pelo condutor";"Colisão lateral";"Com Vítimas Feridas";"Pleno dia";"Crescente";"Nublado";"Simples";"Reta";"Sim";2;0;1;0;0;1;1;2;-26,47692113;-48,99621248;"SPRF-SC";"DEL03-SC";"UOP03-DEL03-SC"
231720;2019-08-29;"quinta-feira";"17:35:00";"RJ";101;318;"SAO GONCALO";"Falta de Atenção à Condução";"Colisão traseira";"Com Vítimas Feridas";"Plena Noite";"Crescente";"Céu Claro";"Dupla";"Reta";"Sim";3;0;2;0;1;0;2;2;-22,848388;-43,099925;"SPRF-RJ";"DEL02-RJ";"DEL5/2-UOP04/RJ"
231721;2019-08-29;"quinta-feira";"17:45:00";"RS";290;92;"PORTO ALEGRE";"Falta de Atenção à Condução";"Tombamento";"Com Vítimas Feridas";"Anoitecer";"Crescente";"Nublado";"Simples";"Reta";"Sim";2;0;2;0;0;0;2;1;-29,971916;-51,176838;"SPRF-RS";"DEL01-RS";"UOP01-DEL01-RS"
231722;2019-08-29;"quinta-feira";"18:00:00";"MG";116;615,3;"SAO JOAO DO MANHUACU";"Falta de Atenção à Condução";"Colisão transversal";"Com Vítimas Feridas";"Anoitecer";"Decrescente";"Nublado";"Simples";"Reta;Declive;Interseção de Vias";"Não";3;0;0;2;1;0;2;2;-20,44565991;-42,16744873;"SPRF-MG";"DEL07-MG";"UOP03-DEL07-MG"
231723;2019-08-29;"quinta-feira";"18:20:00";"SC";101;134;"BALNEARIO CAMBORIU";"Falta de Atenção à Condução";"Colisão lateral";"Com Vítimas Feridas";"Anoitecer";"Crescente";"Nublado";"Dupla";"Reta";"Sim";2;0;1;0;1;0;1;2;-27,00218;-48,636433;"SPRF-SC";"DEL04-SC";"UOP03-DEL04-SC"
231724;2019-08-29;"quinta-feira";"16:30:00";"ES";101;20;"PINHEIROS";"Defeito na Via";"Queda de ocupante de veículo";"Com Vítimas Feridas";"Pleno dia";"Decrescente";"Nublado";"Simples";"Reta";"Não";1;0;1;0;0;0;1;1;-18,32561;-39,9584401;"SPRF-ES";"DEL04-ES";"UOP02-DEL04-ES"
231725;2019-08-29;"quinta-feira";"16:00:00";"SC";101;37,1;"JOINVILLE";"Desobediência às normas de trânsito pelo condutor";"Colisão traseira";"Com Vítimas Feridas";"Pleno dia";"Crescente";"Céu Claro";"Dupla";"Reta";"Sim";3;0;0;1;2;0;1;3;-26,2859;-48,8873;"SPRF-SC";"DEL03-SC";"UOP01-DEL03-SC"
231727;2019-08-29;"quinta-feira";"16:50:00";"PE";101;85;"JABOATAO DOS GUARARAPES";"Falta de Atenção à Condução";"Saída de leito carroçável";"Com Vítimas Feridas";"Pleno dia";"Crescente";"Nublado";"Simples";"Reta";"Sim";2;0;0;2;0;0;2;1;-8,18065563;-34,95965322;"SPRF-PE";"DEL01-PE";"UOP03-DEL01-PE"
231729;2019-08-29;"quinta-feira";"18:30:00";"PR";376;494,2;"PONTA GROSSA";"Não guardar distância de segurança";"Colisão traseira";"Com Vítimas Feridas";"Anoitecer";"Crescente";"Céu Claro";"Dupla";"Reta";"Sim";2;0;2;0;0;0;2;2;-25,16566955;-50,11640967;"SPRF-PR";"DEL03-PR";"UOP04-DEL03-PR"
231730;2019-08-29;"quinta-feira";"18:25:00";"CE";222;8,1;"CAUCAIA";"Ingestão de álcool e/ou substâncias psicoativas pelo pedestre";"Colisão transversal";"Com Vítimas Feridas";"Plena Noite";"Decrescente";"Céu Claro";"Dupla";"Reta";"Sim";2;0;1;1;0;0;2;2;-3,75363558;-38,63803121;"SPRF-CE";"DEL01-CE";"UOP01-DEL01-CE"
231731;2019-08-29;"quinta-feira";"17:30:00";"BA";407;3;"JUAZEIRO";"Falta de Atenção à Condução";"Colisão traseira";"Com Vítimas Feridas";"Anoitecer";"Decrescente";"Céu Claro";"Simples";"Reta";"Sim";2;0;1;0;1;0;1;2;-9,43134011;-40,49823324;"SPRF-PE";"DEL06-PE";"UOP01-DEL06-PE"
231732;2019-08-29;"quinta-feira";"18:30:00";"RS";116;2;"PORTO ALEGRE";"Falta de Atenção à Condução";"Colisão lateral";"Com Vítimas Feridas";"Plena Noite";"Decrescente";"Céu Claro";"Dupla";"Reta";"Sim";2;0;1;0;1;0;1;2;-29,97445688;-51,17793888;"SPRF-RS";"DEL05-RS";"UOP03-DEL05-RS"
231733;2019-08-29;"quinta-feira";"18:30:00";"PE";316;53,7;"TRINDADE";"Animais na Pista";"Atropelamento de Animal";"Com Vítimas Fatais";"Plena Noite";"Decrescente";"Céu Claro";"Simples";"Reta;Aclive";"Não";2;1;0;1;0;0;1;1;-7,73314203;-40,30237301;"SPRF-PE";"DEL05-PE";"UOP02-DEL05-PE"
231736;2019-08-29;"quinta-feira";"18:30:00";"SP";116;273;"TABOAO DA SERRA";"Falta de Atenção à Condução";"Colisão lateral";"Com Vítimas Feridas";"Plena Noite";"Decrescente";"Nublado";"Dupla";"Reta";"Sim";2;0;1;0;1;0;1;2;-23,62809795;-46,81870306;"SPRF-SP";"DEL04-SP";"UOP01-DEL04-SP"
231737;2019-08-29;"quinta-feira";"17:15:00";"PR";153;335,5;"IRATI";"Falta de Atenção à Condução";"Colisão lateral";"Com Vítimas Feridas";"Pleno dia";"Decrescente";"Céu Claro";"Simples";"Reta";"Sim";2;0;1;0;1;0;1;2;-25,48894141;-50,64508883;"SPRF-PR";"DEL03-PR";"UOP02-DEL08-PR"
231738;2019-08-29;"quinta-feira";"17:45:00";"RO";364;695;"PORTO VELHO";"Falta de Atenção à Condução";"Colisão lateral";"Com Vítimas Feridas";"Anoitecer";"Crescente";"Céu Claro";"Dupla";"Curva";"Sim";2;0;1;0;1;0;1;2;-8,80034597;-63,73214006;"SPRF-RO";"DEL01-RO";"UOP01-DEL01-RO"
231739;2019-08-29;"quinta-feira";"18:00:00";"SC";101;207;"SAO JOSE";"Falta de Atenção à Condução";"Colisão lateral";"Com Vítimas Feridas";"Plena Noite";"Decrescente";"Nublado";"Dupla";"Reta";"Sim";2;0;0;1;1;0;1;2;-27,60001226;-48,6226467;"SPRF-SC";"DEL01-SC";"UOP01-DEL01-SC"
231740;2019-08-29;"quinta-feira";"19:10:00";"PR";376;0;"SAO JOSE DOS PINHAIS";"Ingestão de álcool e/ou substâncias psicoativas pelo pedestre";"Atropelamento de Pedestre";"Com Vítimas Feridas";"Plena Noite";"Decrescente";"Céu Claro";"Dupla";"Reta";"Sim";2;0;0;1;1;0;1;2;-25,5307;-49,1958;"SPRF-PR";"DEL01-PR";"UOP01-DEL01-PR"
231741;2019-08-29;"quinta-feira";"18:30:00";"ES";259;86,8;"BAIXO GUANDU";"Objeto estático sobre o leito carroçável";"Colisão traseira";"Com Vítimas Fatais";"Plena Noite";"Decrescente";"Céu Claro";"Simples";"Reta";"Não";2;1;0;0;0;1;0;2;-19,51271481;-40,88594617;"SPRF-ES";"DEL02-ES";"UOP01-DEL02-ES"
231743;2019-08-29;"quinta-feira";"18:30:00";"RN";110;45,2;"MOSSORO";"Falta de Atenção à Condução";"Colisão traseira";"Sem Vítimas";"Plena Noite";"Decrescente";"Céu Claro";"Simples";"Reta";"Sim";5;0;0;0;5;0;0;3;-5,19257993;-37,31114905;"SPRF-RN";"DEL04-RN";"UOP01-DEL04-RN"
231745;2019-08-29;"quinta-feira";"19:15:00";"RS";158;152,2;"PANAMBI";"Desobediência às normas de trânsito pelo pedestre";"Atropelamento de Pedestre";"Com Vítimas Feridas";"Plena Noite";"Crescente";"Céu Claro";"Simples";"Reta";"Sim";3;0;2;0;1;0;2;2;-28,29805005;-53,48527768;"SPRF-RS";"DEL10-RS";"UOP02-DEL10-RS"
231748;2019-08-29;"quinta-feira";"18:50:00";"GO";60;106;"ANAPOLIS";"Ingestão de Álcool";"Saída de leito carroçável";"Com Vítimas Feridas";"Plena Noite";"Crescente";"Céu Claro";"Dupla";"Declive";"Não";2;0;1;0;1;0;1;1;-16,4232;-49,0134;"SPRF-GO";"DEL02-GO";"UOP01-DEL02-GO"
231750;2019-08-29;"quinta-feira";"18:42:00";"SP";116;223,4;"GUARULHOS";"Falta de Atenção à Condução";"Engavetamento";"Sem Vítimas";"Anoitecer";"Decrescente";"Céu Claro";"Múltipla";"Reta";"Sim";3;0;0;0;2;1;0;3;-23,47559815;-46,5246609;"SPRF-SP";"DEL01-SP";"UOP01-DEL01-SP"
231751;2019-08-29;"quinta-feira";"19:05:00";"MG";365;626,9;"UBERLANDIA";"Falta de Atenção à Condução";"Engavetamento";"Com Vítimas Feridas";"Plena Noite";"Crescente";"Céu Claro";"Dupla";"Reta;Em Obras";"Sim";4;0;2;0;2;0;2;3;-18,90705052;-48,31668648;"SPRF-MG";"DEL15-MG";"UOP01-DEL15-MG"
231752;2019-08-29;"quinta-feira";"19:20:00";"PR";277;703;"SAO MIGUEL DO IGUACU";"Falta de Atenção à Condução";"Atropelamento de Pedestre";"Com Vítimas Feridas";"Plena Noite";"Crescente";"Céu Claro";"Dupla";"Reta";"Não";2;0;0;1;1;0;1;2;-25,42426475;-54,35981512;"SPRF-PR";"DEL05-PR";"UOP01-DEL05-PR"
231755;2019-08-29;"quinta-feira";"20:00:00";"SP";116;416,5;"JUQUIA";"Falta de Atenção à Condução";"Colisão transversal";"Com Vítimas Fatais";"Plena Noite";"Crescente";"Nublado";"Dupla";"Reta";"Sim";2;1;0;0;0;1;0;2;-24,34184089;-47,64612417;"SPRF-SP";"DEL05-SP";"UOP01-DEL05-SP"
231756;2019-08-26;"segunda-feira";"16:20:00";"PE";423;121;"SALOA";"Falta de Atenção à Condução";"Colisão traseira";"Com Vítimas Feridas";"Pleno dia";"Crescente";"Céu Claro";"Simples";"Reta";"Sim";2;0;1;0;1;0;1;2;-8,9156581;-36,70400598;"SPRF-PE";"DEL03-PE";"UOP01-DEL03-PE"
231758;2019-08-29;"quinta-feira";"19:00:00";"RO";364;704,5;"PORTO VELHO";"Carga excessiva e/ou mal acondicionada";"Colisão com objeto estático";"Com Vítimas Feridas";"Plena Noite";"Decrescente";"Céu Claro";"Dupla";"Reta";"Sim";3;0;1;0;2;0;1;3;-8,80032739;-63,804543;"SPRF-RO";"DEL01-RO";"UOP01-DEL01-RO"
231760;2019-08-29;"quinta-feira";"16:15:00";"RO";364;572,2;"ALTO PARAISO";"Desobediência às normas de trânsito pelo condutor";"Saída de leito carroçável";"Sem Vítimas";"Pleno dia";"Decrescente";"Céu Claro";"Simples";"Reta";"Não";2;0;0;0;2;0;0;1;-9,463449;-63,10194913;"SPRF-RO";"DEL03-RO";"UOP04-DEL01-RO"
231763;2019-07-31;"quarta-feira";"12:30:00";"PR";376;3,7;"APUCARANA";"Desobediência às normas de trânsito pelo condutor";"Colisão transversal";"Com Vítimas Feridas";"Pleno dia";"Crescente";"Céu Claro";"Simples";"Reta";"Sim";3;0;2;1;0;0;3;2;-23,5513;-51,461266;"SPRF-PR";"DEL07-PR";"UOP03-DEL07-PR"
231764;2019-08-29;"quinta-feira";"19:10:00";"RJ";116;167;"SAO JOAO DE MERITI";"Falta de Atenção à Condução";"Engavetamento";"Sem Vítimas";"Plena Noite";"Crescente";"Céu Claro";"Múltipla";"Reta";"Sim";3;0;0;0;2;1;0;3;-22,81803977;-43,30787252;"SPRF-RJ";"DEL01-RJ";"UOP02-DEL01-RJ"
231765;2019-08-29;"quinta-feira";"21:00:00";"SP";116;216,2;"GUARULHOS";"Desobediência às normas de trânsito pelo pedestre";"Atropelamento de Pedestre";"Com Vítimas Feridas";"Plena Noite";"Decrescente";"Nublado";"Múltipla";"Aclive";"Sim";4;0;0;1;1;2;1;2;-23,45253687;-46,46768037;"SPRF-SP";"DEL01-SP";"UOP01-DEL01-SP"
231766;2019-08-29;"quinta-feira";"21:00:00";"GO";40;14;"LUZIANIA";"Falta de Atenção à Condução";"Colisão traseira";"Com Vítimas Feridas";"Plena Noite";"Decrescente";"Céu Claro";"Dupla";"Reta";"Sim";2;0;1;0;0;1;1;2;-16,158753;-47,933136;"SPRF-DF";"DEL01-DF";"UOP01-DEL01-DF"
231767;2019-08-29;"quinta-feira";"18:59:00";"SC";101;338,5;"TUBARAO";"Defeito Mecânico no Veículo";"Incêndio";"Sem Vítimas";"Plena Noite";"Decrescente";"Céu Claro";"Dupla";"Reta";"Sim";1;0;0;0;1;0;0;1;-28,49351117;-49,04178985;"SPRF-SC";"DEL02-SC";"UOP01-DEL02-SC"
231768;2019-08-29;"quinta-feira";"20:35:00";"SC";470;127,8;"LONTRAS";"Defeito na Via";"Colisão frontal";"Com Vítimas Feridas";"Plena Noite";"Crescente";"Nublado";"Simples";"Reta";"Não";1;0;1;0;0;0;1;1;-27,136574;-49,543015;"SPRF-SC";"DEL04-SC";"UOP02-DEL04-SC"
231769;2019-08-29;"quinta-feira";"18:50:00";"RJ";116;200,5;"SEROPEDICA";"Falta de Atenção do Pedestre";"Atropelamento de Pedestre";"Com Vítimas Fatais";"Plena Noite";"Decrescente";"Céu Claro";"Dupla";"Reta";"Sim";2;1;0;0;1;0;0;2;-22,7306082;-43,59401795;"SPRF-RJ";"DEL01-RJ";"UOP03-DEL01-RJ"
231770;2019-06-30;"domingo";"19:15:00";"SC";116;9,3;"MAFRA";"Ingestão de Álcool";"Colisão lateral";"Sem Vítimas";"Plena Noite";"Crescente";"Céu Claro";"Simples";"Curva";"Não";8;0;0;0;8;0;0;2;-26,16297778;-49,84696715;"SPRF-SC";"DEL06-SC";"UOP01-DEL06-SC"
231772;2019-08-29;"quinta-feira";"21:30:00";"ES";101;176;"ARACRUZ";"Falta de Atenção à Condução";"Saída de leito carroçável";"Com Vítimas Feridas";"Plena Noite";"Decrescente";"Céu Claro";"Simples";"Reta";"Não";1;0;1;0;0;0;1;1;-19,59523801;-40,19835299;"SPRF-ES";"DEL04-ES";"UOP01-DEL04-ES"
231774;2019-08-29;"quinta-feira";"22:00:00";"RJ";40;104;"DUQUE DE CAXIAS";"Falta de Atenção à Condução";"Atropelamento de Pedestre";"Com Vítimas Feridas";"Plena Noite";"Decrescente";"Céu Claro";"Múltipla";"Reta";"Não";2;0;1;0;1;0;1;2;-22,62897902;-43,28579508;"SPRF-RJ";"DEL01-RJ";"UOP01-DEL01-RJ"
231776;2019-08-29;"quinta-feira";"22:40:00";"SC";101;219,8;"PALHOCA";"Ingestão de Álcool";"Colisão lateral";"Com Vítimas Feridas";"Plena Noite";"Crescente";"Nublado";"Múltipla";"Curva";"Sim";2;0;1;0;1;0;1;2;-27,68392194;-48,66710085;"SPRF-SC";"DEL01-SC";"UOP02-DEL01-SC"
231777;2019-08-29;"quinta-feira";"21:50:00";"PB";104;107,5;"SAO SEBASTIAO DE LAGOA DE  ROCA";"Falta de Atenção à Condução";"Colisão transversal";"Com Vítimas Feridas";"Plena Noite";"Decrescente";"Céu Claro";"Simples";"Reta";"Sim";4;0;3;0;1;0;3;2;-7,10299395;-35,8661241;"SPRF-PB";"DEL02-PB";"UOP04-DEL02-PB"
231779;2019-08-29;"quinta-feira";"22:50:00";"BA";110;172;"RIBEIRA DO POMBAL";"Desobediência às normas de trânsito pelo condutor";"Colisão frontal";"Com Vítimas Feridas";"Plena Noite";"Decrescente";"Céu Claro";"Simples";"Reta";"Sim";2;0;0;1;1;0;1;2;-10,86050095;-38,52864347;"SPRF-BA";"DEL07-BA";"UOP02-DEL07-BA"
231781;2019-08-29;"quinta-feira";"21:20:00";"BA";101;922;"MUCURI";"Velocidade Incompatível";"Saída de leito carroçável";"Com Vítimas Feridas";"Plena Noite";"Decrescente";"Chuva";"Simples";"Reta";"Não";5;0;4;1;0;0;5;1;-18,10202813;-39,89043098;"SPRF-BA";"DEL09-BA";"UOP02-DEL09-BA"
231783;2019-08-29;"quinta-feira";"16:40:00";"MG";50;176,6;"UBERABA";"Falta de Atenção à Condução";"Queda de ocupante de veículo";"Com Vítimas Feridas";"Pleno dia";"Decrescente";"Céu Claro";"Dupla";"Reta";"Sim";1;0;1;0;0;0;1;1;-19,77919981;-47,960032;"SPRF-MG";"DEL13-MG";"UOP01-DEL13-MG"
231789;2019-08-29;"quinta-feira";"23:45:00";"MS";262;93,7;"TRES LAGOAS";"Defeito na Via";"Saída de leito carroçável";"Com Vítimas Feridas";"Plena Noite";"Decrescente";"Garoa/Chuvisco";"Simples";"Reta";"Não";4;0;2;0;2;0;2;1;-20,58966838;-52,43305716;"SPRF-MS";"DEL07-MS";"UOP02-DEL07-MS"
231790;2019-08-29;"quinta-feira";"20:30:00";"MS";262;554;"MIRANDA";"Ingestão de Álcool";"Colisão traseira";"Com Vítimas Feridas";"Plena Noite";"Decrescente";"Céu Claro";"Simples";"Reta";"Não";2;0;1;0;0;1;1;2;-20,25792613;-56,34666314;"SPRF-MS";"DEL03-MS";"UOP02-DEL03-MS"
231791;2019-08-29;"quinta-feira";"23:45:00";"MG";116;793;"ALEM PARAIBA";"Restrição de Visibilidade";"Atropelamento de Animal";"Com Vítimas Feridas";"Plena Noite";"Decrescente";"Nublado";"Simples";"Reta;Ponte";"Não";1;0;1;0;0;0;1;1;-21,70049845;-42,72956371;"SPRF-MG";"DEL07-MG";"UOP01-DEL07-MG"
231792;2019-08-30;"sexta-feira";"01:15:00";"SP";381;51;"ATIBAIA";"Falta de Atenção à Condução";"Colisão com objeto estático";"Sem Vítimas";"Plena Noite";"Decrescente";"Céu Claro";"Dupla";"Reta";"Sim";1;0;0;0;0;1;0;1;-23,221911;-46,59644;"SPRF-SP";"DEL03-SP";"UOP01-DEL03-SP"
231793;2019-08-30;"sexta-feira";"04:10:00";"RS";386;236,4;"SOLEDADE";"Condutor Dormindo";"Colisão frontal";"Com Vítimas Fatais";"Plena Noite";"Crescente";"Céu Claro";"Simples";"Reta";"Não";7;5;0;2;0;0;2;2;-28,742264;-52,551066;"SPRF-RS";"DEL04-RS";"UOP03-DEL04-RS"
231797;2019-08-30;"sexta-feira";"03:40:00";"MT";70;542;"NOSSA SENHORA DO LIVRAMENTO";"Condutor Dormindo";"Colisão com objeto estático";"Com Vítimas Feridas";"Plena Noite";"Decrescente";"Céu Claro";"Simples";"Reta";"Não";1;0;1;0;0;0;1;1;-15,6795682;-56,31111145;"SPRF-MT";"DEL01-MT";"DEL2/4-UOP02/MT"
231798;2019-08-26;"segunda-feira";"16:10:00";"BA";324;589;"CANDEIAS";"Falta de Atenção à Condução";"Colisão lateral";"Com Vítimas Feridas";"Pleno dia";"Crescente";"Nublado";"Dupla";"Reta";"Não";3;0;1;0;2;0;1;2;-12,66425409;-38,4707655;"SPRF-BA";"DEL01-BA";"UOP01-DEL01-BA"
231799;2019-08-30;"sexta-feira";"06:20:00";"RN";406;163,4;"CEARA-MIRIM";"Desobediência às normas de trânsito pelo condutor";"Colisão transversal";"Com Vítimas Feridas";"Pleno dia";"Crescente";"Céu Claro";"Simples";"Curva";"Não";3;0;2;0;1;0;2;2;-5,73527201;-35,35543901;"SPRF-RN";"DEL02-RN";"UOP01-DEL02-RN"
231800;2019-08-30;"sexta-feira";"06:30:00";"SC";101;214,1;"PALHOCA";"Não guardar distância de segurança";"Colisão lateral";"Com Vítimas Feridas";"Pleno dia";"Decrescente";"Nublado";"Dupla";"Declive;Reta";"Sim";4;0;1;0;2;1;1;3;-27,64443;-48,67057;"SPRF-SC";"DEL01-SC";"UOP02-DEL01-SC"
231801;2019-08-30;"sexta-feira";"06:20:00";"PR";277;38,8;"MORRETES";"Falta de Atenção à Condução";"Tombamento";"Com Vítimas Feridas";"Amanhecer";"Crescente";"Céu Claro";"Dupla";"Curva";"Não";1;0;1;0;0;0;1;1;-25,56584471;-48,81116269;"SPRF-PR";"DEL01-PR";"UOP05-DEL01-PR"