"id";"data_inversa";"dia_semana";"horario";"uf";"br";"km";"municipio";"causa_acidente";"tipo_acidente";"classificacao_acidente";"fase_dia";"sentido_via";"condicao_metereologica";"tipo_pista";"tracado_via";"uso_solo";"pessoas";"mortos";"feridos_leves";"feridos_graves";"ilesos";"ignorados";"feridos";"veiculos";"latitude";"longitude";"regional";"delegacia";"uop"
231802;2019-07-26;"sexta-feira";"12:30:00";"MG";251;366;"PADRE CARVALHO";"Defeito Mecânico no Veículo";"Queda de ocupante de veículo";"Com Vítimas Feridas";"Pleno dia";"Crescente";"Ignorado";"Simples";"Reta";"Não";1;0;0;1;0;0;1;1;-16,363;-42,515;"SPRF-MG";"DEL12-MG";"UOP01-DEL12-MG"
231803;2019-08-30;"sexta-feira";"05:30:00";"RR";174;505,2;"BOA VISTA";"Pista Escorregadia";"Queda de ocupante de veículo";"Com Vítimas Feridas";"Amanhecer";"Decrescente";"Nublado";"Dupla";"Reta";"Sim";1;0;1;0;0;0;1;1;2,805917;-60,690617;"SPRF-RR";"DEL01-RR";"UOP01-DEL01-RR"
231806;2019-08-30;"sexta-feira";"05:45:00";"RR";174;507;"BOA VISTA";"Velocidade Incompatível";"Saída de leito carroçável";"Sem Vítimas";"Amanhecer";"Crescente";"Chuva";"Dupla";"Reta";"Sim";1;0;0;0;1;0;0;1;2,827348;-60,697216;"SPRF-RR";"DEL01-RR";"UOP01-DEL01-RR"
231807;2019-08-26;"segunda-feira";"16:30:00";"PE";232;10;"JABOATAO DOS GUARARAPES";"Não guardar distância de segurança";"Colisão traseira";"Sem Vítimas";"Pleno dia";"Decrescente";"Céu Claro";"Dupla";"Reta";"Sim";3;0;0;0;3;0;0;2;-8,07917241;-34,98718609;"SPRF-PE";"DEL01-PE";"UOP01-DEL01-PE"
231808;2019-08-26;"segunda-feira";"17:00:00";"RS";290;104;"PORTO ALEGRE";"Falta de Atenção à Condução";"Colisão traseira";"Sem Vítimas";"Pleno dia";"Decrescente";"Céu Claro";"Dupla";"Ponte";"Sim";2;0;0;0;2;0;0;2;-29,993122;-51,275398;"SPRF-RS";"DEL02-RS";"UOP01-DEL02-RS"
231810;2019-08-26;"segunda-feira";"09:15:00";"PE";408;86,7;"PAUDALHO";"Pista Escorregadia";"Saída de leito carroçável";"Com Vítimas Feridas";"Pleno dia";"Crescente";"Chuva";"Dupla";"Declive";"Sim";1;0;1;0;0;0;1;1;-7,96519955;-35,09266385;"SPRF-PE";"DEL01-PE";"UOP01-DEL01-PE"
231811;2019-08-30;"sexta-feira";"06:40:00";"GO";60;46,9;"APARECIDA DE GOIANIA";"Falta de Atenção à Condução";"Colisão traseira";"Com Vítimas Feridas";"Amanhecer";"Decrescente";"Céu Claro";"Dupla";"Reta";"Sim";3;0;2;0;1;0;2;2;-16,8101;-49,2397;"SPRF-GO";"DEL01-GO";"UOP03-DEL01-GO"
231812;2019-08-26;"segunda-feira";"17:30:00";"RS";116;265,5;"CANOAS";"Falta de Atenção à Condução";"Colisão lateral";"Com Vítimas Feridas";"Pleno dia";"Decrescente";"Sol";"Múltipla";"Reta";"Sim";2;0;1;0;1;0;1;2;-29,92342302;-51,17780944;"SPRF-RS";"DEL01-RS";"UOP01-DEL01-RS"
231814;2019-08-26;"segunda-feira";"09:50:00";"PR";369;22;"CAMBARA";"Falta de Atenção à Condução";"Colisão transversal";"Com Vítimas Feridas";"Pleno dia";"Decrescente";"Céu Claro";"Simples";"Rotatória";"Não";2;0;0;1;1;0;1;2;-23,04308448;-50,10393798;"SPRF-PR";"DEL07-PR";"UOP05-DEL07-PR"
231815;2019-08-30;"sexta-feira";"07:00:00";"SC";101;142;"ITAPEMA";"Falta de Atenção à Condução";"Colisão traseira";"Com Vítimas Feridas";"Pleno dia";"Decrescente";"Nublado";"Dupla";"Rotatória";"Sim";2;0;1;0;1;0;1;2;-27,056089;-48,599449;"SPRF-SC";"DEL04-SC";"UOP03-DEL04-SC"
231816;2019-08-26;"segunda-feira";"19:20:00";"GO";40;9,9;"LUZIANIA";"Falta de Atenção à Condução";"Queda de ocupante de veículo";"Com Vítimas Feridas";"Plena Noite";"Crescente";"Céu Claro";"Dupla";"Reta";"Sim";2;0;0;1;1;0;1;2;-16,131158;-47,957739;"SPRF-DF";"DEL01-DF";"UOP01-DEL01-DF"
231817;2019-08-26;"segunda-feira";"18:50:00";"RS";290;98;"PORTO ALEGRE";"Desobediência às normas de trânsito pelo pedestre";"Atropelamento de Pedestre";"Com Vítimas Feridas";"Plena Noite";"Decrescente";"Céu Claro";"Dupla";"Reta";"Sim";2;0;1;0;0;1;1;2;-29,994816;-51,217403;"SPRF-RS";"DEL01-RS";"UOP01-DEL01-RS"
231818;2019-08-26;"segunda-feira";"08:05:00";"SC";282;4,6;"SAO JOSE";"Não guardar distância de segurança";"Colisão traseira";"Com Vítimas Feridas";"Pleno dia";"Decrescente";"Nublado";"Dupla";"Reta";"Sim";2;0;1;0;1;0;1;2;-27,592646;-48,604034;"SPRF-SC";"DEL01-SC";"UOP01-DEL01-SC"
231819;2019-08-26;"segunda-feira";"13:40:00";"GO";40;5;"VALPARAISO DE GOIAS";"Falta de Atenção à Condução";"Colisão traseira";"Com Vítimas Feridas";"Pleno dia";"Decrescente";"Céu Claro";"Dupla";"Reta";"Sim";4;0;2;0;2;0;2;2;-16,093134;-47,982236;"SPRF-DF";"DEL01-DF";"UOP01-DEL01-DF"
231821;2019-08-30;"sexta-feira";"07:00:00";"DF";40;3;"BRASILIA";"Falta de Atenção à Condução";"Colisão transversal";"Com Vítimas Feridas";"Pleno dia";"Decrescente";"Céu Claro";"Dupla";"Reta";"Sim";2;0;1;0;1;0;1;2;-16,003145;-47,983944;"SPRF-DF";"DEL01-DF";"UOP01-DEL01-DF"
231823;2019-08-30;"sexta-feira";"07:30:00";"PR";277;78;"CURITIBA";"Falta de Atenção à Condução";"Queda de ocupante de veículo";"Com Vítimas Feridas";"Pleno dia";"Crescente";"Céu Claro";"Dupla";"Reta";"Sim";1;0;1;0;0;0;1;1;-25,481503;-49,195199;"SPRF-PR";"DEL01-PR";"UOP01-DEL01-PR"
231824;2019-08-30;"sexta-feira";"07:20:00";"RS";116;252,5;"SAPUCAIA DO SUL";"Falta de Atenção à Condução";"Colisão lateral";"Com Vítimas Feridas";"Pleno dia";"Decrescente";"Céu Claro";"Dupla";"Reta";"Sim";2;0;1;0;1;0;1;2;-29,80913395;-51,1675292;"SPRF-RS";"DEL01-RS";"UOP02-DEL01-RS"
231825;2019-08-30;"sexta-feira";"06:40:00";"MS";262;327;"CAMPO GRANDE";"Falta de Atenção à Condução";"Colisão transversal";"Com Vítimas Feridas";"Pleno dia";"Crescente";"Céu Claro";"Múltipla";"Reta";"Sim";3;0;1;1;1;0;2;2;-20,46657314;-54,54372903;"SPRF-MS";"DEL01-MS";"UOP01-DEL01-MS"
231827;2019-08-26;"segunda-feira";"15:30:00";"PR";369;196,5;"APUCARANA";"Falta de Atenção à Condução";"Colisão traseira";"Com Vítimas Feridas";"Pleno dia";"Decrescente";"Céu Claro";"Dupla";"Reta";"Não";2;0;1;0;1;0;1;2;-23,48157036;-51,42631531;"SPRF-PR";"DEL07-PR";"UOP03-DEL07-PR"
231828;2019-08-30;"sexta-feira";"07:30:00";"SC";101;201,5;"SAO JOSE";"Falta de Atenção à Condução";"Tombamento";"Com Vítimas Feridas";"Pleno dia";"Crescente";"Céu Claro";"Múltipla";"Reta";"Sim";2;0;1;0;1;0;1;2;-27,54836599;-48,61977975;"SPRF-SC";"DEL01-SC";"UOP01-DEL01-SC"
231829;2019-08-26;"segunda-feira";"13:00:00";"PR";116;15,5;"CAMPINA GRANDE DO SUL";"Velocidade Incompatível";"Colisão com objeto estático";"Com Vítimas Feridas";"Pleno dia";"Crescente";"Garoa/Chuvisco";"Dupla";"Curva";"Não";2;0;2;0;0;0;2;1;-25,09832756;-48,68266005;"SPRF-PR";"DEL01-PR";"UOP02-DEL01-PR"
231830;2019-08-26;"segunda-feira";"10:40:00";"PR";369;448,7;"UBIRATA";"Falta de Atenção à Condução";"Colisão frontal";"Com Vítimas Feridas";"Pleno dia";"Decrescente";"Céu Claro";"Simples";"Interseção de Vias;Reta";"Sim";4;0;1;0;3;0;1;2;-24,55721375;-52,98961401;"SPRF-PR";"DEL04-PR";"UOP03-DEL04-PR"
231831;2019-08-26;"segunda-feira";"12:21:00";"SC";163;68,4;"SAO MIGUEL DO OESTE";"Falta de Atenção à Condução";"Colisão transversal";"Com Vítimas Feridas";"Pleno dia";"Decrescente";"Céu Claro";"Dupla";"Reta";"Sim";2;0;1;0;1;0;1;2;-26,75038301;-53,50086841;"SPRF-SC";"DEL07-SC";"UOP03-DEL07-SC"
231832;2019-08-30;"sexta-feira";"07:20:00";"SC";101;327;"CAPIVARI DE BAIXO";"Falta de Atenção à Condução";"Colisão transversal";"Com Vítimas Feridas";"Pleno dia";"Crescente";"Céu Claro";"Múltipla";"Viaduto";"Não";2;0;1;0;1;0;1;2;-28,43023306;-48,95205197;"SPRF-SC";"DEL02-SC";"UOP01-DEL02-SC"
231833;2019-08-30;"sexta-feira";"08:05:00";"DF";40;2,7;"BRASILIA";"Falta de Atenção à Condução";"Colisão transversal";"Com Vítimas Feridas";"Pleno dia";"Decrescente";"Céu Claro";"Dupla";"Reta";"Sim";2;0;1;0;1;0;1;2;-15,99435;-47,985947;"SPRF-DF";"DEL01-DF";"UOP01-DEL01-DF"
231834;2019-08-26;"segunda-feira";"16:15:00";"MG";262;637,6;"IBIA";"Condutor Dormindo";"Saída de leito carroçável";"Com Vítimas Feridas";"Pleno dia";"Decrescente";"Céu Claro";"Simples";"Reta";"Não";1;0;0;1;0;0;1;1;-19,58035123;-46,51598202;"SPRF-MG";"DEL08-MG";"UOP01-DEL08-MG"
231835;2019-08-26;"segunda-feira";"21:00:00";"SC";101;119,7;"ITAJAI";"Sinalização da via insuficiente ou inadequada";"Tombamento";"Com Vítimas Feridas";"Plena Noite";"Crescente";"Céu Claro";"Dupla";"Reta";"Sim";2;0;2;0;0;0;2;1;-26,9043179;-48,71555481;"SPRF-SC";"DEL04-SC";"UOP04-DEL04-SC"
231836;2019-08-30;"sexta-feira";"07:30:00";"PI";343;341,8;"TERESINA";"Falta de Atenção à Condução";"Colisão traseira";"Com Vítimas Feridas";"Pleno dia";"Decrescente";"Céu Claro";"Simples";"Reta";"Sim";2;0;1;0;1;0;1;2;-5,0802382;-42,74987005;"SPRF-PI";"DEL01-PI";"UOP01-DEL01-PI"
231840;2019-08-30;"sexta-feira";"06:45:00";"SP";116;220,7;"GUARULHOS";"Não guardar distância de segurança";"Engavetamento";"Com Vítimas Feridas";"Pleno dia";"Decrescente";"Nublado";"Múltipla";"Reta";"Sim";4;0;1;0;1;2;1;4;-23,46472809;-46,49793962;"SPRF-SP";"DEL01-SP";"UOP01-DEL01-SP"
231841;2019-08-26;"segunda-feira";"07:15:00";"SC";282;17;"PALHOCA";"Desobediência às normas de trânsito pelo condutor";"Colisão transversal";"Com Vítimas Feridas";"Pleno dia";"Decrescente";"Céu Claro";"Simples";"Reta";"Sim";2;0;1;0;1;0;1;2;-27,665707;-48,688065;"SPRF-SC";"DEL01-SC";"UOP02-DEL01-SC"
231842;2019-08-26;"segunda-feira";"16:15:00";"SC";101;216;"PALHOCA";"Falta de Atenção à Condução";"Colisão lateral";"Com Vítimas Feridas";"Pleno dia";"Crescente";"Céu Claro";"Múltipla";"Reta";"Sim";3;0;1;1;1;0;2;2;-27,65981409;-48,67747798;"SPRF-SC";"DEL01-SC";"UOP02-DEL01-SC"
231843;2019-07-27;"sábado";"09:12:00";"PR";369;153;"CAMBE";"Desobediência às normas de trânsito pelo condutor";"Tombamento";"Com Vítimas Feridas";"Pleno dia";"Decrescente";"Ignorado";"Dupla";"Curva";"Sim";1;0;0;1;0;0;1;1;-23,28385866;-51,24558806;"SPRF-PR";"DEL07-PR";"UOP01-DEL07-PR"
231844;2019-08-22;"quinta-feira";"19:30:00";"MT";158;731;"BARRA DO GARCAS";"Falta de Atenção à Condução";"Capotamento";"Com Vítimas Feridas";"Plena Noite";"Decrescente";"Céu Claro";"Simples";"Reta";"Não";1;0;1;0;0;0;1;1;-15,32198225;-52,17141151;"SPRF-MT";"DEL07-MT";"UOP01-DEL07-MT"
231848;2019-08-26;"segunda-feira";"19:35:00";"MT";70;812;"CACERES";"Animais na Pista";"Atropelamento de Animal";"Com Vítimas Feridas";"Plena Noite";"Decrescente";"Ignorado";"Simples";"Reta";"Não";1;0;1;0;0;0;1;1;-16,24063099;-58,11596301;"SPRF-MT";"DEL03-MT";"UOP01-DEL03-MT"
231849;2019-08-30;"sexta-feira";"07:20:00";"RO";364;235,3;"CACOAL";"Desobediência às normas de trânsito pelo condutor";"Colisão transversal";"Com Vítimas Feridas";"Pleno dia";"Crescente";"Sol";"Simples";"Retorno Regulamentado";"Sim";3;0;2;0;1;0;2;2;-11,447727;-61,432957;"SPRF-RO";"DEL02-RO";"UOP02-DEL02-RO"
231851;2019-08-22;"quinta-feira";"19:50:00";"PR";373;282;"PRUDENTOPOLIS";"Falta de Atenção à Condução";"Colisão lateral";"Com Vítimas Feridas";"Plena Noite";"Crescente";"Céu Claro";"Simples";"Reta";"Sim";2;0;1;0;1;0;1;2;-25,28867348;-51,12296277;"SPRF-PR";"DEL03-PR";"UOP01-DEL03-PR"
231852;2019-08-26;"segunda-feira";"08:40:00";"PR";277;81;"CURITIBA";"Falta de Atenção à Condução";"Colisão traseira";"Com Vítimas Feridas";"Pleno dia";"Crescente";"Nublado";"Dupla";"Reta";"Sim";2;0;1;0;1;0;1;2;-25,568939;-49,181978;"SPRF-PR";"DEL01-PR";"UOP06-DEL01-PR"
231854;2019-08-30;"sexta-feira";"08:46:00";"PR";369;194,5;"ARAPONGAS";"Falta de Atenção à Condução";"Colisão lateral";"Com Vítimas Feridas";"Pleno dia";"Decrescente";"Céu Claro";"Dupla";"Reta";"Sim";3;0;1;0;2;0;1;2;-23,49211;-51,423209;"SPRF-PR";"DEL07-PR";"UOP03-DEL07-PR"
231855;2019-08-30;"sexta-feira";"07:30:00";"RS";386;74,9;"BOA VISTA DAS MISSOES";"Desobediência às normas de trânsito pelo condutor";"Colisão transversal";"Sem Vítimas";"Pleno dia";"Decrescente";"Sol";"Simples";"Interseção de Vias";"Não";2;0;0;0;2;0;0;2;-27,68650176;-53,30771327;"SPRF-RS";"DEL08-RS";"UOP02-DEL08-RS"
231856;2019-08-26;"segunda-feira";"09:45:00";"GO";153;363,3;"JARAGUA";"Falta de Atenção à Condução";"Colisão transversal";"Com Vítimas Feridas";"Pleno dia";"Crescente";"Céu Claro";"Simples";"Reta";"Não";4;0;3;0;1;0;3;2;-15,782997;-49,303871;"SPRF-GO";"DEL02-GO";"UOP02-DEL02-GO"
231857;2019-08-26;"segunda-feira";"18:00:00";"MS";163;266;"DOURADOS";"Desobediência às normas de trânsito pelo condutor";"Atropelamento de Pedestre";"Com Vítimas Feridas";"Plena Noite";"Decrescente";"Garoa/Chuvisco";"Dupla";"Reta";"Sim";2;0;1;0;0;1;1;2;-22,21821026;-54,72287079;"SPRF-MS";"DEL04-MS";"UOP01-DEL04-MS"
231860;2019-08-26;"segunda-feira";"13:30:00";"SP";381;7;"VARGEM";"Falta de Atenção do Pedestre";"Atropelamento de Pedestre";"Com Vítimas Feridas";"Pleno dia";"Decrescente";"Céu Claro";"Múltipla";"Reta";"Sim";3;0;0;1;1;1;1;2;-22,90533708;-46,42270582;"SPRF-SP";"DEL03-SP";"UOP02-DEL03-SP"
231861;2019-08-30;"sexta-feira";"09:02:00";"RJ";116;179;"BELFORD ROXO";"Falta de Atenção à Condução";"Colisão lateral";"Com Vítimas Feridas";"Pleno dia";"Decrescente";"Céu Claro";"Dupla";"Reta";"Sim";1;0;1;0;0;0;1;1;-22,769902;-43,408036;"SPRF-RJ";"DEL01-RJ";"UOP02-DEL01-RJ"
231863;2019-08-30;"sexta-feira";"08:45:00";"MG";381;499,9;"BETIM";"Falta de Atenção à Condução";"Colisão traseira";"Com Vítimas Feridas";"Pleno dia";"Decrescente";"Sol";"Dupla";"Reta";"Não";3;0;2;0;1;0;2;2;-19,99270794;-44,20726776;"SPRF-MG";"DEL01-MG";"UOP03-DEL01-MG"
231865;2019-08-26;"segunda-feira";"22:30:00";"SC";101;216,5;"PALHOCA";"Falta de Atenção à Condução";"Colisão lateral";"Com Vítimas Feridas";"Plena Noite";"Crescente";"Céu Claro";"Simples";"Viaduto";"Sim";2;0;1;0;1;0;1;2;-27,65981409;-48,67747798;"SPRF-SC";"DEL01-SC";"UOP02-DEL01-SC"
231866;2019-08-30;"sexta-feira";"06:30:00";"RO";364;692,3;"CANDEIAS DO JAMARI";"Desobediência às normas de trânsito pelo condutor";"Colisão traseira";"Com Vítimas Feridas";"Pleno dia";"Crescente";"Céu Claro";"Dupla";"Reta";"Não";3;0;0;2;1;0;2;2;-8,79773004;-63,70162818;"SPRF-RO";"DEL01-RO";"UOP01-DEL01-RO"
231867;2019-08-30;"sexta-feira";"08:25:00";"RS";101;7,9;"TORRES";"Falta de Atenção à Condução";"Colisão transversal";"Com Vítimas Feridas";"Pleno dia";"Decrescente";"Céu Claro";"Dupla";"Reta";"Sim";2;0;1;0;1;0;1;2;-29,35399189;-49,8004501;"SPRF-RS";"DEL03-RS";"UOP02-DEL03-RS"
231869;2019-08-26;"segunda-feira";"22:00:00";"PR";153;2,8;"JACAREZINHO";"Falta de Atenção à Condução";"Colisão frontal";"Com Vítimas Feridas";"Plena Noite";"Decrescente";"Céu Claro";"Simples";"Reta";"Não";5;0;1;4;0;0;5;2;-23,01063981;-49,90871127;"SPRF-PR";"DEL07-PR";"UOP04-DEL07-PR"
231870;2019-07-29;"segunda-feira";"14:30:00";"RJ";101;229;"SILVA JARDIM";"Falta de Atenção à Condução";"Saída de leito carroçável";"Com Vítimas Feridas";"Pleno dia";"Decrescente";"Céu Claro";"Dupla";"Reta";"Não";5;0;1;0;4;0;1;1;-22,5653276;-42,36847904;"SPRF-RJ";"DEL02-RJ";"UOP03-DEL02-RJ"
231871;2019-08-26;"segunda-feira";"15:20:00";"SC";101;213,7;"PALHOCA";"Desobediência às normas de trânsito pelo condutor";"Colisão traseira";"Com Vítimas Feridas";"Pleno dia";"Crescente";"Céu Claro";"Dupla";"Reta";"Sim";3;0;0;1;1;1;1;3;-27,63697369;-48,66514142;"SPRF-SC";"DEL01-SC";"UOP02-DEL01-SC"
231872;2019-08-26;"segunda-feira";"14:15:00";"MG";262;427,7;"SAO GONCALO DO PARA";"Defeito Mecânico no Veículo";"Tombamento";"Com Vítimas Feridas";"Pleno dia";"Crescente";"Céu Claro";"Dupla";"Reta";"Não";2;0;2;0;0;0;2;1;-19,8850241;-44,77734698;"SPRF-MG";"DEL08-MG";"UOP03-DEL08-MG"
231874;2019-08-30;"sexta-feira";"07:30:00";"RJ";116;193;"QUEIMADOS";"Defeito Mecânico no Veículo";"Atropelamento de Pedestre";"Com Vítimas Feridas";"Pleno dia";"Crescente";"Céu Claro";"Dupla";"Reta";"Sim";2;0;1;0;1;0;1;2;-22,73960178;-43,52859094;"SPRF-RJ";"DEL01-RJ";"UOP03-DEL01-RJ"
231875;2019-08-27;"terça-feira";"03:50:00";"SC";280;129;"RIO NEGRINHO";"Velocidade Incompatível";"Saída de leito carroçável";"Sem Vítimas";"Plena Noite";"Decrescente";"Nublado";"Simples";"Curva";"Sim";2;0;0;0;2;0;0;1;-26,24586437;-49,52284615;"SPRF-SC";"DEL06-SC";"UOP03-DEL06-SC"
231876;2019-08-19;"segunda-feira";"01:45:00";"PR";277;5;"PARANAGUA";"Falta de Atenção à Condução";"Atropelamento de Pedestre";"Com Vítimas Feridas";"Plena Noite";"Decrescente";"Garoa/Chuvisco";"Múltipla";"Reta";"Não";4;0;0;1;1;2;1;2;-25,55739435;-48,56923968;"SPRF-PR";"DEL01-PR";"UOP05-DEL01-PR"
231879;2019-08-30;"sexta-feira";"09:05:00";"PB";230;48,9;"SANTA RITA";"Velocidade Incompatível";"Saída de leito carroçável";"Sem Vítimas";"Pleno dia";"Decrescente";"Chuva";"Dupla";"Retorno Regulamentado";"Não";1;0;0;0;1;0;0;1;-7,1803;-35,0485;"SPRF-PB";"DEL01-PB";"UOP03-DEL01-PB"
231880;2019-08-30;"sexta-feira";"09:20:00";"DF";40;6;"BRASILIA";"Falta de Atenção à Condução";"Colisão lateral";"Com Vítimas Feridas";"Pleno dia";"Decrescente";"Céu Claro";"Dupla";"Reta";"Sim";2;0;1;0;1;0;1;2;-16,029741;-47,978867;"SPRF-DF";"DEL01-DF";"UOP01-DEL01-DF"
231883;2019-08-30;"sexta-feira";"09:05:00";"SC";470;7;"NAVEGANTES";"Falta de Atenção à Condução";"Colisão lateral";"Com Vítimas Feridas";"Pleno dia";"Crescente";"Nublado";"Simples";"Reta";"Sim";2;0;0;1;1;0;1;2;-26,84499;-48,71505;"SPRF-SC";"DEL04-SC";"UOP04-DEL04-SC"
231884;2019-08-26;"segunda-feira";"09:44:00";"GO";60;166,5;"GOIANIA";"Desobediência às normas de trânsito pelo condutor";"Colisão com objeto estático";"Com Vítimas Feridas";"Pleno dia";"Crescente";"Céu Claro";"Dupla";"Reta";"Sim";1;0;1;0;0;0;1;1;-16,7129;-49,358;"SPRF-GO";"DEL01-GO";"UOP02-DEL01-GO"
231885;2019-08-26;"segunda-feira";"13:50:00";"MG";381;350;"JOAO MONLEVADE";"Velocidade Incompatível";"Queda de ocupante de veículo";"Com Vítimas Feridas";"Pleno dia";"Decrescente";"Sol";"Simples";"Curva";"Não";1;0;0;1;0;0;1;1;-19,86381489;-43,12443148;"SPRF-MG";"DEL03-MG";"UOP01-DEL03-MG"
231887;2019-08-22;"quinta-feira";"16:00:00";"PR";153;10;"JACAREZINHO";"Defeito Mecânico no Veículo";"Incêndio";"Sem Vítimas";"Pleno dia";"Crescente";"Ignorado";"Simples";"Reta";"Não";1;0;0;0;1;0;0;1;-23,18971859;-49,9836731;"SPRF-PR";"DEL07-PR";"UOP04-DEL07-PR"
231888;2019-08-30;"sexta-feira";"08:00:00";"PB";101;103;"ALHANDRA";"Pista Escorregadia";"Colisão com objeto estático";"Com Vítimas Feridas";"Pleno dia";"Decrescente";"Chuva";"Dupla";"Reta";"Não";1;0;1;0;0;0;1;1;-7,29163604;-34,93807826;"SPRF-PB";"DEL01-PB";"UOP01-DEL01-PB"
231889;2019-08-30;"sexta-feira";"08:30:00";"PR";277;95;"CURITIBA";"Não guardar distância de segurança";"Colisão traseira";"Com Vítimas Feridas";"Pleno dia";"Decrescente";"Céu Claro";"Dupla";"Reta";"Sim";2;0;1;0;0;1;1;2;-25,54838443;-49,28586717;"SPRF-PR";"DEL01-PR";"UOP06-DEL01-PR"
231890;2019-08-26;"segunda-feira";"13:30:00";"MG";381;667,9;"PERDOES";"Defeito Mecânico no Veículo";"Incêndio";"Sem Vítimas";"Pleno dia";"Decrescente";"Céu Claro";"Dupla";"Reta";"Não";1;0;0;0;1;0;0;1;-21,05931615;-45,04948174;"SPRF-MG";"DEL04-MG";"UOP02-DEL04-MG"
231891;2019-08-27;"terça-feira";"05:40:00";"RJ";393;249;"BARRA DO PIRAI";"Animais na Pista";"Saída de leito carroçável";"Com Vítimas Feridas";"Amanhecer";"Crescente";"Nublado";"Simples";"Curva";"Não";2;0;2;0;0;0;2;1;-22,43940862;-43,78355221;"SPRF-RJ";"DEL05-RJ";"UOP04-DEL05-RJ"
231892;2019-08-30;"sexta-feira";"09:40:00";"ES";101;268,5;"SERRA";"Restrição de Visibilidade";"Atropelamento de Pedestre";"Com Vítimas Feridas";"Pleno dia";"Decrescente";"Céu Claro";"Simples";"Reta";"Sim";2;0;0;1;1;0;1;2;-20,20842;-40,269405;"SPRF-ES";"DEL02-ES";"UOP01-DEL02-ES"
231893;2019-08-26;"segunda-feira";"10:05:00";"CE";116;163,6;"RUSSAS";"Falta de Atenção à Condução";"Colisão lateral";"Com Vítimas Feridas";"Pleno dia";"Crescente";"Céu Claro";"Simples";"Reta";"Sim";4;0;2;0;2;0;2;2;-4,94893162;-37,99310982;"SPRF-CE";"DEL03-CE";"UOP01-DEL03-CE"
231896;2019-08-26;"segunda-feira";"10:20:00";"RJ";116;142;"DUQUE DE CAXIAS";"Não guardar distância de segurança";"Colisão traseira";"Com Vítimas Feridas";"Pleno dia";"Crescente";"Céu Claro";"Dupla";"Reta";"Sim";3;0;2;0;1;0;2;3;-22,64876087;-43,23031638;"SPRF-RJ";"DEL04-RJ";"UOP02-DEL04-RJ"
231897;2019-08-26;"segunda-feira";"07:10:00";"SP";116;228;"SAO PAULO";"Velocidade Incompatível";"Colisão traseira";"Com Vítimas Feridas";"Pleno dia";"Crescente";"Céu Claro";"Múltipla";"Reta";"Sim";2;0;1;0;0;1;1;2;-23,50343484;-46,56638712;"SPRF-SP";"DEL01-SP";"UOP01-DEL01-SP"
231898;2019-08-26;"segunda-feira";"17:00:00";"RJ";116;133;"MAGE";"Falta de Atenção à Condução";"Colisão traseira";"Com Vítimas Feridas";"Anoitecer";"Decrescente";"Céu Claro";"Múltipla";"Reta";"Não";18;0;6;0;11;1;6;2;-22,64769105;-43,18569314;"SPRF-RJ";"DEL04-RJ";"UOP02-DEL04-RJ"
231899;2019-08-30;"sexta-feira";"07:00:00";"AC";364;62;"PLACIDO DE CASTRO";"Defeito na Via";"Saída de leito carroçável";"Com Vítimas Feridas";"Pleno dia";"Decrescente";"Céu Claro";"Simples";"Reta";"Não";3;0;2;1;0;0;3;1;-10,04431114;-67,27341193;"SPRF-AC";"DEL01-AC";"UOP01-DEL01-AC"
231900;2019-08-30;"sexta-feira";"10:00:00";"GO";153;540,5;"HIDROLANDIA";"Velocidade Incompatível";"Capotamento";"Com Vítimas Feridas";"Pleno dia";"Crescente";"Céu Claro";"Dupla";"Reta";"Não";5;0;5;0;0;0;5;1;-17,0547;-49,2269;"SPRF-GO";"DEL01-GO";"UOP03-DEL01-GO"
231902;2019-08-26;"segunda-feira";"08:50:00";"PR";277;113;"CAMPO LARGO";"Falta de Atenção à Condução";"Colisão transversal";"Com Vítimas Feridas";"Pleno dia";"Crescente";"Nublado";"Dupla";"Retorno Regulamentado";"Sim";2;0;1;0;1;0;1;2;-25,44652702;-49,48735982;"SPRF-PR";"DEL01-PR";"UOP06-DEL01-PR"
231904;2019-08-30;"sexta-feira";"08:50:00";"SC";282;581,4;"VARGEAO";"Ultrapassagem Indevida";"Saída de leito carroçável";"Com Vítimas Feridas";"Pleno dia";"Crescente";"Céu Claro";"Simples";"Reta";"Não";2;0;1;0;1;0;1;1;-26,87037346;-52,19866645;"SPRF-SC";"DEL07-SC";"UOP02-DEL07-SC"
231907;2019-08-26;"segunda-feira";"18:50:00";"RS";116;572,8;"PEDRO OSORIO";"Não guardar distância de segurança";"Colisão traseira";"Sem Vítimas";"Plena Noite";"Decrescente";"Nublado";"Simples";"Reta";"Não";3;0;0;0;3;0;0;2;-31,97551004;-52,78900896;"SPRF-RS";"DEL07-RS";"UOP03-DEL07-RS"
231908;2019-03-07;"quinta-feira";"16:30:00";"RJ";101;325;"NITEROI";"Falta de Atenção à Condução";"Colisão traseira";"Com Vítimas Feridas";"Pleno dia";"Decrescente";"Céu Claro";"Dupla";"Reta";"Não";3;0;2;0;1;0;2;2;-22,87292569;-43,13625699;"SPRF-RJ";"DEL02-RJ";"UOP02-DEL02-RJ"
231909;2019-08-30;"sexta-feira";"10:25:00";"PE";232;5,1;"RECIFE";"Falta de Atenção à Condução";"Colisão transversal";"Com Vítimas Feridas";"Pleno dia";"Crescente";"Sol";"Dupla";"Reta";"Sim";2;0;1;0;1;0;1;2;-8,06795766;-34,94535414;"SPRF-PE";"DEL01-PE";"UOP01-DEL01-PE"