"id";"data_inversa";"dia_semana";"horario";"uf";"br";"km";"municipio";"causa_acidente";"tipo_acidente";"classificacao_acidente";"fase_dia";"sentido_via";"condicao_metereologica";"tipo_pista";"tracado_via";"uso_solo";"pessoas";"mortos";"feridos_leves";"feridos_graves";"ilesos";"ignorados";"feridos";"veiculos";"latitude";"longitude";"regional";"delegacia";"uop"
232132;2019-08-31;"sábado";"00:30:00";"MT";163;892;"CLAUDIA";"Falta de Atenção à Condução";"Saída de leito carroçável";"Com Vítimas Feridas";"Plena Noite";"Decrescente";"Céu Claro";"Simples";"Reta";"Não";1;0;1;0;0;0;1;1;-11,50321582;-55,36888313;"SPRF-MT";"DEL06-MT";"UOP02-DEL06-MT"
232133;2019-08-30;"sexta-feira";"23:30:00";"PI";343;334,9;"TERESINA";"Desobediência às normas de trânsito pelo condutor";"Colisão frontal";"Com Vítimas Fatais";"Plena Noite";"Decrescente";"Céu Claro";"Simples";"Reta";"Não";2;1;1;0;0;0;1;2;-5,057786;-42,688541;"SPRF-PI";"DEL01-PI";"UOP01-DEL01-PI"
232135;2019-08-31;"sábado";"00:50:00";"BA";101;871;"TEIXEIRA DE FREITAS";"Ingestão de Álcool";"Queda de ocupante de veículo";"Sem Vítimas";"Plena Noite";"Decrescente";"Céu Claro";"Simples";"Curva";"Não";1;0;0;0;1;0;0;1;-17,5078671;-39,70493317;"SPRF-BA";"DEL09-BA";"UOP02-DEL09-BA"
232136;2019-08-31;"sábado";"03:30:00";"RS";386;42,2;"FREDERICO WESTPHALEN";"Ingestão de Álcool";"Saída de leito carroçável";"Com Vítimas Feridas";"Plena Noite";"Decrescente";"Nublado";"Simples";"Curva";"Sim";3;0;3;0;0;0;3;1;-27,4241951;-53,4223938;"SPRF-RS";"DEL08-RS";"UOP02-DEL08-RS"
232137;2019-08-31;"sábado";"04:00:00";"GO";153;519,6;"HIDROLANDIA";"Ingestão de Álcool";"Colisão traseira";"Com Vítimas Feridas";"Plena Noite";"Decrescente";"Ignorado";"Dupla";"Declive";"Sim";4;0;2;0;2;0;2;2;-16,8755;-49,2523;"SPRF-GO";"DEL01-GO";"UOP03-DEL01-GO"
232138;2019-08-31;"sábado";"04:30:00";"SC";101;126;"ITAJAI";"Desobediência às normas de trânsito pelo condutor";"Colisão lateral";"Com Vítimas Feridas";"Plena Noite";"Decrescente";"Céu Claro";"Dupla";"Reta";"Não";3;0;2;0;0;1;2;2;-26,95564404;-48,67978366;"SPRF-SC";"DEL04-SC";"UOP04-DEL04-SC"
232140;2019-08-31;"sábado";"04:37:00";"SC";101;137,6;"BALNEARIO CAMBORIU";"Falta de Atenção à Condução";"Tombamento";"Com Vítimas Feridas";"Plena Noite";"Decrescente";"Céu Claro";"Simples";"Reta";"Não";2;0;1;0;1;0;1;1;-27,0157238;-48,61192763;"SPRF-SC";"DEL04-SC";"UOP03-DEL04-SC"
232141;2019-08-31;"sábado";"02:45:00";"RO";364;12;"VILHENA";"Ingestão de Álcool";"Colisão lateral";"Sem Vítimas";"Plena Noite";"Decrescente";"Céu Claro";"Dupla";"Rotatória";"Sim";2;0;0;0;2;0;0;2;-12,74370233;-60,12147609;"SPRF-RO";"DEL04-RO";"UOP01-DEL04-RO"
232143;2019-08-31;"sábado";"04:30:00";"GO";40;16,2;"LUZIANIA";"Falta de Atenção à Condução";"Saída de leito carroçável";"Com Vítimas Feridas";"Plena Noite";"Crescente";"Céu Claro";"Dupla";"Reta";"Sim";4;0;3;0;1;0;3;1;-16,175176;-47,92964;"SPRF-DF";"DEL01-DF";"UOP01-DEL01-DF"
232144;2019-08-30;"sexta-feira";"21:55:00";"PA";10;78;"ULIANOPOLIS";"Falta de Atenção à Condução";"Colisão frontal";"Com Vítimas Feridas";"Plena Noite";"Crescente";"Céu Claro";"Simples";"Reta";"Sim";2;0;0;1;1;0;1;2;-3,76491806;-47,50060976;"SPRF-PA";"DEL02-PA";"UOP02-DEL02-PA"
232145;2019-08-31;"sábado";"05:05:00";"PR";277;727;"FOZ DO IGUACU";"Ingestão de Álcool";"Saída de leito carroçável";"Com Vítimas Feridas";"Amanhecer";"Decrescente";"Céu Claro";"Dupla";"Reta";"Sim";1;0;1;0;0;0;1;1;-25,51017487;-54,56454899;"SPRF-PR";"DEL05-PR";"UOP03-DEL05-PR"
232146;2019-08-31;"sábado";"04:30:00";"MG";381;264;"TIMOTEO";"Velocidade Incompatível";"Saída de leito carroçável";"Com Vítimas Feridas";"Plena Noite";"Crescente";"Nublado";"Simples";"Curva";"Sim";2;0;2;0;0;0;2;1;-19,53412;-42,59782;"SPRF-MG";"DEL03-MG";"UOP02-DEL03-MG"
232148;2019-08-31;"sábado";"05:55:00";"RS";116;264;"CANOAS";"Avarias e/ou desgaste excessivo no pneu";"Tombamento";"Com Vítimas Feridas";"Plena Noite";"Crescente";"Chuva";"Múltipla";"Reta";"Sim";1;0;1;0;0;0;1;1;-29,914435;-51,17754495;"SPRF-RS";"DEL01-RS";"UOP01-DEL01-RS"
232149;2019-08-31;"sábado";"04:50:00";"BA";116;27,9;"VITORIA DA CONQUISTA";"Animais na Pista";"Tombamento";"Com Vítimas Feridas";"Amanhecer";"Crescente";"Céu Claro";"Simples";"Aclive;Reta";"Não";1;0;1;0;0;0;1;1;-14,84205;-40,81664;"SPRF-PE";"DEL05-PE";"UOP03-DEL05-PE"
232152;2019-08-31;"sábado";"05:30:00";"SC";101;209,9;"SAO JOSE";"Ingestão de Álcool";"Colisão com objeto estático";"Sem Vítimas";"Amanhecer";"Crescente";"Nublado";"Múltipla";"Reta";"Sim";1;0;0;0;1;0;0;1;-27,61000542;-48,63895057;"SPRF-SC";"DEL01-SC";"UOP01-DEL01-SC"
232155;2019-08-31;"sábado";"06:40:00";"PR";369;129;"JATAIZINHO";"Falta de Atenção à Condução";"Saída de leito carroçável";"Com Vítimas Feridas";"Pleno dia";"Decrescente";"Céu Claro";"Dupla";"Aclive;Curva";"Sim";1;0;0;1;0;0;1;1;-23,25744627;-50,98219606;"SPRF-PR";"DEL07-PR";"UOP01-DEL07-PR"
232156;2019-08-31;"sábado";"05:50:00";"MG";116;414;"GOVERNADOR VALADARES";"Falta de Atenção à Condução";"Colisão transversal";"Com Vítimas Feridas";"Pleno dia";"Crescente";"Céu Claro";"Simples";"Reta";"Não";2;0;2;0;0;0;2;2;-18,88102703;-41,95910802;"SPRF-MG";"DEL06-MG";"UOP01-DEL06-MG"
232157;2019-08-31;"sábado";"05:40:00";"SC";101;406,1;"ARARANGUA";"Ingestão de Álcool";"Saída de leito carroçável";"Sem Vítimas";"Plena Noite";"Decrescente";"Céu Claro";"Dupla";"Reta";"Não";1;0;0;0;1;0;0;1;-28,89284011;-49,46880088;"SPRF-SC";"DEL02-SC";"UOP02-DEL02-SC"
232158;2019-08-31;"sábado";"04:10:00";"PR";277;660;"MATELANDIA";"Falta de Atenção à Condução";"Incêndio";"Sem Vítimas";"Amanhecer";"Decrescente";"Céu Claro";"Dupla";"Reta";"Não";1;0;0;0;1;0;0;1;-25,25136237;-53,99027796;"SPRF-PR";"DEL05-PR";"UOP02-DEL05-PR"
232159;2019-08-31;"sábado";"06:00:00";"PE";101;60;"RECIFE";"Falta de Atenção à Condução";"Capotamento";"Com Vítimas Feridas";"Amanhecer";"Crescente";"Nublado";"Múltipla";"Curva";"Sim";1;0;1;0;0;0;1;1;-7,98344307;-34,93176727;"SPRF-PE";"DEL01-PE";"UOP02-DEL01-PE"
232161;2019-08-31;"sábado";"05:25:00";"PR";158;530,1;"PATO BRANCO";"Ingestão de Álcool";"Colisão frontal";"Com Vítimas Feridas";"Amanhecer";"Decrescente";"Céu Claro";"Simples";"Curva";"Não";6;0;1;0;5;0;1;2;-26,18598618;-52,66855971;"SPRF-PR";"DEL02-PR";"UOP01-DEL02-PR"
232162;2019-08-31;"sábado";"05:30:00";"SC";282;531,9;"CORDILHEIRA ALTA";"Ingestão de Álcool";"Saída de leito carroçável";"Com Vítimas Feridas";"Plena Noite";"Decrescente";"Nublado";"Simples";"Curva";"Não";3;0;2;1;0;0;3;1;-26,990747;-52,609776;"SPRF-SC";"DEL07-SC";"UOP01-DEL07-SC"
232164;2019-08-31;"sábado";"07:50:00";"SC";470;1,3;"NAVEGANTES";"Não guardar distância de segurança";"Colisão traseira";"Com Vítimas Feridas";"Pleno dia";"Crescente";"Nublado";"Simples";"Em Obras;Desvio Temporário;Reta";"Sim";2;0;1;0;1;0;1;2;-26,875383;-48,668285;"SPRF-SC";"DEL04-SC";"UOP04-DEL04-SC"
232165;2019-08-31;"sábado";"08:00:00";"RJ";116;181,4;"NOVA IGUACU";"Não guardar distância de segurança";"Colisão lateral";"Com Vítimas Feridas";"Pleno dia";"Decrescente";"Sol";"Dupla";"Reta";"Sim";2;0;1;0;1;0;1;2;-22,761312;-43,423492;"SPRF-RJ";"DEL01-RJ";"UOP02-DEL01-RJ"
232167;2019-08-31;"sábado";"08:00:00";"RJ";116;129;"MAGE";"Desobediência às normas de trânsito pelo condutor";"Colisão transversal";"Sem Vítimas";"Pleno dia";"Decrescente";"Céu Claro";"Dupla";"Reta";"Não";2;0;0;0;2;0;0;2;-22,66471224;-43,11056004;"SPRF-RJ";"DEL04-RJ";"UOP02-DEL04-RJ"
232169;2019-08-31;"sábado";"08:20:00";"PR";376;166,2;"MARINGA";"Falta de Atenção à Condução";"Saída de leito carroçável";"Com Vítimas Feridas";"Pleno dia";"Decrescente";"Sol";"Dupla";"Reta";"Não";1;0;1;0;0;0;1;1;-23,39663206;-52,00514304;"SPRF-PR";"DEL07-PR";"UOP01-DEL09-PR"
232170;2019-08-31;"sábado";"07:15:00";"PB";230;159,4;"CAMPINA GRANDE";"Falta de Atenção à Condução";"Colisão transversal";"Com Vítimas Feridas";"Pleno dia";"Crescente";"Nublado";"Simples";"Reta;Retorno Regulamentado";"Sim";2;0;1;0;1;0;1;2;-7,252456;-35,933056;"SPRF-PB";"DEL02-PB";"UOP01-DEL02-PB"
232173;2019-08-31;"sábado";"08:25:00";"MA";10;248,2;"IMPERATRIZ";"Falta de Atenção à Condução";"Colisão transversal";"Com Vítimas Feridas";"Pleno dia";"Crescente";"Nublado";"Simples";"Reta";"Sim";3;0;2;0;1;0;2;3;-5,566143;-47,449028;"SPRF-MA";"DEL04-MA";"UOP01-DEL04-MA"
232177;2019-08-31;"sábado";"09:00:00";"BA";116;817,9;"VITORIA DA CONQUISTA";"Desobediência às normas de trânsito pelo condutor";"Colisão transversal";"Com Vítimas Fatais";"Pleno dia";"Decrescente";"Sol";"Simples";"Interseção de Vias";"Sim";3;1;1;0;1;0;1;3;-14,82323075;-40,81785679;"SPRF-BA";"DEL08-BA";"UOP01-DEL08-BA"
232178;2019-08-31;"sábado";"04:00:00";"PR";116;96;"SAO JOSE DOS PINHAIS";"Falta de Atenção à Condução";"Colisão frontal";"Com Vítimas Feridas";"Plena Noite";"Crescente";"Céu Claro";"Simples";"Reta";"Não";2;0;1;0;0;1;1;2;-25,504848;-49,123226;"SPRF-PR";"DEL01-PR";"UOP01-DEL01-PR"
232179;2019-08-31;"sábado";"08:30:00";"PI";316;6,7;"TERESINA";"Falta de Atenção do Pedestre";"Atropelamento de Pedestre";"Com Vítimas Feridas";"Pleno dia";"Crescente";"Sol";"Múltipla";"Reta";"Sim";2;0;1;0;1;0;1;2;-5,14702095;-42,77438982;"SPRF-PI";"DEL01-PI";"UOP02-DEL01-PI"
232180;2019-08-31;"sábado";"08:20:00";"PI";343;345,5;"TERESINA";"Desobediência às normas de trânsito pelo condutor";"Colisão lateral";"Com Vítimas Feridas";"Pleno dia";"Decrescente";"Céu Claro";"Simples";"Interseção de Vias";"Sim";3;0;1;0;1;1;1;3;-5,102889;-42,766506;"SPRF-PI";"DEL01-PI";"UOP01-DEL01-PI"
232181;2019-08-31;"sábado";"08:55:00";"RS";448;22;"PORTO ALEGRE";"Avarias e/ou desgaste excessivo no pneu";"Saída de leito carroçável";"Com Vítimas Feridas";"Pleno dia";"Decrescente";"Chuva";"Simples";"Viaduto";"Sim";1;0;1;0;0;0;1;1;-29,972212;-51,199139;"SPRF-RS";"DEL01-RS";"UOP01-DEL01-RS"
232182;2019-08-31;"sábado";"09:10:00";"SC";101;90,9;"BARRA VELHA";"Falta de Atenção à Condução";"Colisão traseira";"Com Vítimas Feridas";"Pleno dia";"Crescente";"Nublado";"Simples";"Reta";"Sim";2;0;1;0;1;0;1;2;-26,66148503;-48,68866176;"SPRF-SC";"DEL03-SC";"UOP02-DEL03-SC"
232187;2019-08-31;"sábado";"04:40:00";"SC";101;369,9;"ICARA";"Falta de Atenção à Condução";"Colisão traseira";"Com Vítimas Feridas";"Plena Noite";"Crescente";"Céu Claro";"Dupla";"Reta";"Não";1;0;0;1;0;0;1;1;-28,70052584;-49,19403076;"SPRF-SC";"DEL02-SC";"UOP01-DEL02-SC"
232188;2019-08-31;"sábado";"09:00:00";"RJ";40;91;"PETROPOLIS";"Defeito na Via";"Tombamento";"Com Vítimas Feridas";"Pleno dia";"Decrescente";"Sol";"Dupla";"Aclive;Curva";"Não";1;0;1;0;0;0;1;1;-22,55948867;-43,26690674;"SPRF-RJ";"DEL06-RJ";"UOP01-DEL06-RJ"
232190;2019-08-26;"segunda-feira";"07:35:00";"PE";101;98;"CABO DE SANTO AGOSTINHO";"Defeito Mecânico no Veículo";"Incêndio";"Com Vítimas Feridas";"Pleno dia";"Decrescente";"Céu Claro";"Dupla";"Reta";"Não";1;0;1;0;0;0;1;1;-8,25653422;-35,03811793;"SPRF-PE";"DEL01-PE";"UOP03-DEL01-PE"
232192;2019-08-31;"sábado";"07:40:00";"GO";414;405,8;"ABADIANIA";"Não guardar distância de segurança";"Saída de leito carroçável";"Com Vítimas Feridas";"Pleno dia";"Crescente";"Céu Claro";"Simples";"Declive";"Não";2;0;2;0;0;0;2;1;-16,02246832;-48,83963585;"SPRF-GO";"DEL02-GO";"UOP01-DEL02-GO"
232195;2019-08-26;"segunda-feira";"11:20:00";"MG";365;359;"VARJAO DE MINAS";"Defeito Mecânico no Veículo";"Saída de leito carroçável";"Com Vítimas Feridas";"Pleno dia";"Crescente";"Céu Claro";"Simples";"Reta";"Não";2;0;1;1;0;0;2;1;-18,40807487;-46,0594953;"SPRF-MG";"DEL10-MG";"UOP01-DEL10-MG"
232196;2019-08-26;"segunda-feira";"12:30:00";"MG";356;267,5;"MURIAE";"Falta de Atenção à Condução";"Colisão traseira";"Com Vítimas Feridas";"Pleno dia";"Decrescente";"Sol";"Simples";"Reta";"Sim";2;0;1;0;1;0;1;2;-21,12725696;-42,35052695;"SPRF-MG";"DEL07-MG";"UOP02-DEL07-MG"
232198;2019-08-31;"sábado";"09:50:00";"RJ";101;568;"PARATY";"Falta de Atenção à Condução";"Colisão lateral";"Com Vítimas Feridas";"Pleno dia";"Decrescente";"Céu Claro";"Simples";"Reta";"Não";3;0;1;0;2;0;1;2;-23,17023697;-44,71037687;"SPRF-RJ";"DEL03-RJ";"UOP04-DEL03-RJ"
232199;2019-08-28;"quarta-feira";"20:20:00";"RS";386;354,8;"ESTRELA";"Falta de Atenção à Condução";"Colisão lateral";"Com Vítimas Feridas";"Plena Noite";"Decrescente";"Céu Claro";"Dupla";"Retorno Regulamentado";"Sim";2;0;1;0;1;0;1;2;-29,506611;-51,943012;"SPRF-RS";"DEL04-RS";"UOP02-DEL04-RS"
232204;2019-08-31;"sábado";"08:10:00";"MA";135;51,6;"BACABEIRA";"Falta de Atenção à Condução";"Colisão com objeto estático";"Com Vítimas Feridas";"Pleno dia";"Crescente";"Céu Claro";"Simples";"Reta";"Sim";3;0;1;0;2;0;1;2;-2,972108;-44,317272;"SPRF-MA";"DEL01-MA";"UOP02-DEL01-MA"
232205;2019-08-31;"sábado";"10:20:00";"ES";101;405,8;"ITAPEMIRIM";"Velocidade Incompatível";"Tombamento";"Com Vítimas Feridas";"Pleno dia";"Crescente";"Céu Claro";"Simples";"Curva";"Não";1;0;1;0;0;0;1;1;-20,90045516;-41,01499799;"SPRF-ES";"DEL03-ES";"UOP02-DEL03-ES"
232206;2019-08-31;"sábado";"11:20:00";"PI";343;340,4;"TERESINA";"Desobediência às normas de trânsito pelo condutor";"Colisão transversal";"Com Vítimas Feridas";"Pleno dia";"Crescente";"Sol";"Simples";"Reta";"Sim";2;0;1;0;1;0;1;2;-5,07572106;-42,73872077;"SPRF-PI";"DEL01-PI";"UOP01-DEL01-PI"
232207;2019-08-31;"sábado";"10:55:00";"DF";40;0,2;"BRASILIA";"Não guardar distância de segurança";"Queda de ocupante de veículo";"Com Vítimas Feridas";"Pleno dia";"Crescente";"Céu Claro";"Simples";"Viaduto";"Não";2;0;2;0;0;0;2;1;-15,976897;-47,990129;"SPRF-DF";"DEL01-DF";"UOP01-DEL01-DF"
232208;2019-08-31;"sábado";"10:30:00";"RJ";116;325,5;"RESENDE";"Desobediência às normas de trânsito pelo condutor";"Saída de leito carroçável";"Sem Vítimas";"Pleno dia";"Crescente";"Céu Claro";"Dupla";"Reta";"Não";1;0;0;0;1;0;0;1;-22,49860121;-44,64054108;"SPRF-RJ";"DEL07-RJ";"DEL5/7-UOP03/RJ"
232209;2019-08-26;"segunda-feira";"15:05:00";"GO";70;1;"AGUAS LINDAS DE GOIAS";"Falta de Atenção à Condução";"Saída de leito carroçável";"Com Vítimas Feridas";"Pleno dia";"Decrescente";"Céu Claro";"Simples";"Declive";"Não";1;0;1;0;0;0;1;1;-15,77579351;-48,23259001;"SPRF-DF";"DEL01-DF";"UOP02-DEL03-DF"
232210;2019-08-31;"sábado";"09:45:00";"RJ";493;102;"SEROPEDICA";"Defeito Mecânico no Veículo";"Incêndio";"Sem Vítimas";"Pleno dia";"Crescente";"Céu Claro";"Dupla";"Reta";"Não";1;0;0;0;1;0;0;1;-22,74574;-43,72459;"SPRF-RJ";"DEL03-RJ";"UOP01-DEL03-RJ"
232212;2019-08-31;"sábado";"11:50:00";"RN";427;95,2;"CAICO";"Mal Súbito";"Queda de ocupante de veículo";"Com Vítimas Feridas";"Pleno dia";"Decrescente";"Céu Claro";"Simples";"Reta";"Sim";1;0;1;0;0;0;1;1;-6,47760033;-37,07046539;"SPRF-RN";"DEL03-RN";"UOP01-DEL03-RN"
232213;2019-08-31;"sábado";"11:30:00";"MG";153;245,1;"FRONTEIRA";"Falta de Atenção à Condução";"Colisão lateral";"Com Vítimas Feridas";"Pleno dia";"Crescente";"Céu Claro";"Simples";"Rotatória";"Sim";2;0;1;0;1;0;1;2;-20,29847332;-49,20614844;"SPRF-MG";"DEL13-MG";"UOP02-DEL13-MG"
232214;2019-08-31;"sábado";"12:00:00";"SC";470;89,1;"ASCURRA";"Falta de Atenção à Condução";"Colisão transversal";"Com Vítimas Feridas";"Pleno dia";"Decrescente";"Nublado";"Simples";"Retorno Regulamentado";"Não";6;0;6;0;0;0;6;2;-26,9621351;-49,37090099;"SPRF-SC";"DEL04-SC";"UOP01-DEL04-SC"
232215;2019-08-31;"sábado";"11:50:00";"SP";381;56;"MAIRIPORA";"Falta de Atenção à Condução";"Colisão lateral";"Com Vítimas Feridas";"Pleno dia";"Decrescente";"Sol";"Dupla";"Aclive;Reta";"Sim";2;0;1;0;1;0;1;2;-23,25907163;-46,58982662;"SPRF-SP";"DEL03-SP";"UOP01-DEL03-SP"
232216;2019-08-31;"sábado";"11:15:00";"RS";386;414,6;"MONTENEGRO";"Falta de Atenção à Condução";"Capotamento";"Com Vítimas Feridas";"Pleno dia";"Decrescente";"Chuva";"Simples";"Curva";"Não";3;0;3;0;0;0;3;1;-29,800684;-51,518406;"SPRF-RS";"DEL04-RS";"UOP02-DEL04-RS"
232219;2019-08-31;"sábado";"10:40:00";"PI";343;324,7;"TERESINA";"Falta de Atenção à Condução";"Colisão transversal";"Com Vítimas Feridas";"Pleno dia";"Decrescente";"Sol";"Simples";"Reta";"Sim";4;0;2;0;2;0;2;2;-5,061587;-42,60183;"SPRF-PI";"DEL01-PI";"UOP01-DEL01-PI"
232220;2019-08-31;"sábado";"12:15:00";"GO";153;507,9;"APARECIDA DE GOIANIA";"Desobediência às normas de trânsito pelo pedestre";"Atropelamento de Pedestre";"Com Vítimas Feridas";"Pleno dia";"Decrescente";"Céu Claro";"Dupla";"Reta";"Sim";2;0;0;1;1;0;1;2;-16,7715;-49,2387;"SPRF-GO";"DEL01-GO";"UOP03-DEL01-GO"
232221;2019-08-31;"sábado";"12:40:00";"SC";101;135;"BALNEARIO CAMBORIU";"Desobediência às normas de trânsito pelo condutor";"Colisão lateral";"Com Vítimas Feridas";"Pleno dia";"Crescente";"Nublado";"Dupla";"Reta";"Sim";2;0;1;0;1;0;1;2;-27,0050108;-48,62677494;"SPRF-SC";"DEL04-SC";"UOP03-DEL04-SC"
232223;2019-08-31;"sábado";"11:35:00";"MS";163;265;"DOURADOS";"Não guardar distância de segurança";"Colisão traseira";"Com Vítimas Feridas";"Pleno dia";"Decrescente";"Chuva";"Dupla";"Rotatória";"Sim";2;0;1;0;0;1;1;2;-22,222698;-54,73128;"SPRF-MS";"DEL04-MS";"UOP01-DEL04-MS"
232224;2019-08-31;"sábado";"12:20:00";"SP";381;34;"ATIBAIA";"Mal Súbito";"Colisão com objeto estático";"Com Vítimas Feridas";"Pleno dia";"Crescente";"Céu Claro";"Dupla";"Curva";"Sim";1;0;0;1;0;0;1;1;-23,079939;-46,569862;"SPRF-SP";"DEL03-SP";"UOP02-DEL03-SP"
232225;2019-08-31;"sábado";"11:40:00";"CE";222;59;"SAO GONCALO DO AMARANTE";"Falta de Atenção à Condução";"Colisão lateral";"Com Vítimas Feridas";"Pleno dia";"Crescente";"Céu Claro";"Simples";"Reta";"Não";3;0;2;0;1;0;2;3;-3,67053434;-39,07182499;"SPRF-CE";"DEL01-CE";"UOP03-DEL01-CE"
232226;2019-08-31;"sábado";"11:10:00";"MS";267;483,1;"JARDIM";"Falta de Atenção à Condução";"Colisão transversal";"Com Vítimas Feridas";"Pleno dia";"Decrescente";"Sol";"Simples";"Reta";"Sim";2;0;2;0;0;0;2;2;-21,48097208;-56,15576902;"SPRF-MS";"DEL05-MS";"UOP01-DEL05-MS"
232228;2019-08-31;"sábado";"12:30:00";"SP";116;222;"GUARULHOS";"Falta de Atenção à Condução";"Colisão traseira";"Com Vítimas Feridas";"Pleno dia";"Decrescente";"Céu Claro";"Múltipla";"Reta";"Sim";3;0;1;0;2;0;1;2;-23,47206884;-46,51879475;"SPRF-SP";"DEL01-SP";"UOP01-DEL01-SP"
232229;2019-01-20;"domingo";"17:35:00";"MG";381;441;"SABARA";"Velocidade Incompatível";"Colisão traseira";"Com Vítimas Feridas";"Pleno dia";"Crescente";"Céu Claro";"Simples";"Curva";"Não";2;0;1;0;1;0;1;2;-19,807575;-43,76509667;"SPRF-MG";"DEL01-MG";"UOP01-DEL01-MG"
232230;2019-08-31;"sábado";"13:00:00";"ES";262;100,9;"VENDA NOVA DO IMIGRANTE";"Ultrapassagem Indevida";"Colisão frontal";"Com Vítimas Feridas";"Pleno dia";"Crescente";"Céu Claro";"Simples";"Curva";"Não";2;0;0;1;1;0;1;2;-20,34399822;-41,10817909;"SPRF-ES";"DEL01-ES";"UOP02-DEL01-ES"
232232;2019-08-31;"sábado";"13:15:00";"RN";304;293;"MACAIBA";"Pista Escorregadia";"Queda de ocupante de veículo";"Com Vítimas Feridas";"Pleno dia";"Crescente";"Céu Claro";"Dupla";"Curva";"Sim";1;0;1;0;0;0;1;1;-5,86846237;-35,37602795;"SPRF-RN";"DEL01-RN";"UOP02-DEL01-RN"
232233;2019-08-31;"sábado";"13:10:00";"SP";116;119;"CACAPAVA";"Defeito Mecânico no Veículo";"Queda de ocupante de veículo";"Com Vítimas Feridas";"Pleno dia";"Decrescente";"Sol";"Dupla";"Reta";"Sim";2;0;1;0;1;0;1;1;-23,06710044;-45,63562878;"SPRF-SP";"DEL06-SP";"UOP02-DEL02-SP"
232234;2019-08-31;"sábado";"10:30:00";"RS";158;329;"SANTA MARIA";"Falta de Atenção à Condução";"Colisão transversal";"Sem Vítimas";"Pleno dia";"Decrescente";"Céu Claro";"Simples";"Interseção de Vias";"Sim";2;0;0;0;2;0;0;2;-29,70656383;-53,82849988;"SPRF-RS";"DEL09-RS";"UOP01-DEL09-RS"
232235;2019-08-31;"sábado";"12:40:00";"PR";369;174,3;"ROLANDIA";"Falta de Atenção à Condução";"Colisão transversal";"Com Vítimas Feridas";"Pleno dia";"Decrescente";"Céu Claro";"Simples";"Reta";"Sim";2;0;1;1;0;0;2;2;-23,31757747;-51,37823939;"SPRF-PR";"DEL07-PR";"UOP01-DEL07-PR"
232236;2019-08-31;"sábado";"10:45:00";"MG";381;163;"GOVERNADOR VALADARES";"Não guardar distância de segurança";"Colisão frontal";"Com Vítimas Feridas";"Pleno dia";"Crescente";"Céu Claro";"Simples";"Curva";"Não";4;0;0;2;1;1;2;3;-18,93550625;-42,0516298;"SPRF-MG";"DEL06-MG";"UOP01-DEL06-MG"
232237;2019-08-31;"sábado";"13:00:00";"PR";277;124;"CAMPO LARGO";"Objeto estático sobre o leito carroçável";"Capotamento";"Com Vítimas Feridas";"Pleno dia";"Decrescente";"Nublado";"Simples";"Curva";"Não";2;0;2;0;0;0;2;1;-25,4472505;-49,47885404;"SPRF-PR";"DEL01-PR";"UOP06-DEL01-PR"
232238;2019-08-31;"sábado";"13:25:00";"TO";153;670,8;"GURUPI";"Ingestão de Álcool";"Saída de leito carroçável";"Com Vítimas Feridas";"Pleno dia";"Crescente";"Céu Claro";"Dupla";"Reta";"Não";1;0;0;1;0;0;1;1;-11,70998005;-49,07471975;"SPRF-TO";"DEL02-TO";"UOP02-DEL01-TO"
232241;2019-08-31;"sábado";"13:40:00";"RJ";493;16,8;"GUAPIMIRIM";"Mal Súbito";"Colisão com objeto estático";"Com Vítimas Fatais";"Pleno dia";"Decrescente";"Céu Claro";"Simples";"Reta";"Não";1;1;0;0;0;0;0;1;-22,66708586;-43,00606728;"SPRF-RJ";"DEL04-RJ";"UOP02-DEL04-RJ"
232242;2019-08-31;"sábado";"14:00:00";"SC";282;5,5;"SAO JOSE";"Desobediência às normas de trânsito pelo condutor";"Colisão com objeto estático";"Com Vítimas Feridas";"Pleno dia";"Decrescente";"Chuva";"Dupla";"Curva;Aclive";"Sim";2;0;1;0;1;0;1;2;-27,5850101;-48,61794591;"SPRF-SC";"DEL01-SC";"UOP01-DEL01-SC"
232243;2019-08-31;"sábado";"14:00:00";"TO";153;352;"FORTALEZA DO TABOCAO";"Falta de Atenção à Condução";"Tombamento";"Com Vítimas Feridas";"Pleno dia";"Crescente";"Céu Claro";"Simples";"Reta";"Não";1;0;0;1;0;0;1;1;-8,99597;-48,50060503;"SPRF-TO";"DEL02-TO";"UOP02-DEL02-TO"
232244;2019-08-31;"sábado";"14:15:00";"SC";470;126;"LONTRAS";"Velocidade Incompatível";"Saída de leito carroçável";"Com Vítimas Feridas";"Pleno dia";"Decrescente";"Chuva";"Simples";"Curva";"Não";4;0;4;0;0;0;4;1;-27,12899944;-49,53835666;"SPRF-SC";"DEL04-SC";"UOP02-DEL04-SC"
232246;2019-08-31;"sábado";"12:30:00";"MS";163;572;"BANDEIRANTES";"Falta de Atenção à Condução";"Colisão traseira";"Com Vítimas Feridas";"Pleno dia";"Crescente";"Céu Claro";"Simples";"Declive";"Não";4;0;1;0;2;1;1;2;-19,71383699;-54,35113711;"SPRF-MS";"DEL01-MS";"UOP02-DEL01-MS"
232247;2019-08-31;"sábado";"14:25:00";"ES";262;34;"DOMINGOS MARTINS";"Falta de Atenção à Condução";"Colisão transversal";"Com Vítimas Feridas";"Pleno dia";"Crescente";"Céu Claro";"Simples";"Curva";"Não";2;0;1;0;1;0;1;2;-20,37309781;-40,5917608;"SPRF-ES";"DEL01-ES";"UOP01-DEL01-ES"