"id";"data_inversa";"dia_semana";"horario";"uf";"br";"km";"municipio";"causa_acidente";"tipo_acidente";"classificacao_acidente";"fase_dia";"sentido_via";"condicao_metereologica";"tipo_pista";"tracado_via";"uso_solo";"pessoas";"mortos";"feridos_leves";"feridos_graves";"ilesos";"ignorados";"feridos";"veiculos";"latitude";"longitude";"regional";"delegacia";"uop"
232249;2019-08-31;"sábado";"10:30:00";"MG";40;632,1;"CONSELHEIRO LAFAIETE";"Falta de Atenção à Condução";"Colisão lateral";"Com Vítimas Feridas";"Pleno dia";"Crescente";"Sol";"Dupla";"Retorno Regulamentado";"Não";6;0;1;0;4;1;1;3;-20,67785287;-43,79441234;"SPRF-MG";"DEL05-MG";"UOP02-DEL05-MG"
232251;2019-08-31;"sábado";"12:10:00";"SC";282;446,2;"PONTE SERRADA";"Velocidade Incompatível";"Saída de leito carroçável";"Com Vítimas Feridas";"Pleno dia";"Crescente";"Chuva";"Simples";"Curva";"Não";2;0;2;0;0;0;2;1;-26,910217;-51,914951;"SPRF-SC";"DEL07-SC";"UOP04-DEL07-SC"
232252;2019-08-31;"sábado";"14:40:00";"BA";324;518;"FEIRA DE SANTANA";"Ingestão de Álcool";"Colisão transversal";"Com Vítimas Feridas";"Pleno dia";"Decrescente";"Nublado";"Dupla";"Reta";"Sim";2;0;1;0;1;0;1;2;-12,2703361;-38,93486023;"SPRF-BA";"DEL02-BA";"UOP01-DEL02-BA"
232253;2019-08-31;"sábado";"10:30:00";"MT";163;834;"SINOP";"Falta de Atenção à Condução";"Queda de ocupante de veículo";"Com Vítimas Feridas";"Pleno dia";"Crescente";"Céu Claro";"Dupla";"Reta";"Sim";2;0;1;0;1;0;1;2;-11,87055899;-55,49773877;"SPRF-MT";"DEL06-MT";"UOP01-DEL06-MT"
232255;2019-08-31;"sábado";"10:30:00";"RJ";101;410;"ITAGUAI";"Falta de Atenção do Pedestre";"Atropelamento de Pedestre";"Com Vítimas Feridas";"Pleno dia";"Crescente";"Céu Claro";"Dupla";"Reta";"Não";2;0;1;1;0;0;2;2;-22,88990471;-43,84007225;"SPRF-RJ";"DEL03-RJ";"UOP01-DEL03-RJ"
232256;2019-08-31;"sábado";"14:35:00";"PR";476;118;"COLOMBO";"Velocidade Incompatível";"Queda de ocupante de veículo";"Com Vítimas Feridas";"Pleno dia";"Decrescente";"Nublado";"Múltipla";"Curva";"Sim";2;0;2;0;0;0;2;1;-25,35634;-49,180828;"SPRF-PR";"DEL01-PR";"UOP07-DEL01-PR"
232257;2019-08-31;"sábado";"14:50:00";"CE";222;2,9;"FORTALEZA";"Desobediência às normas de trânsito pelo condutor";"Colisão transversal";"Com Vítimas Feridas";"Pleno dia";"Crescente";"Céu Claro";"Múltipla";"Interseção de Vias";"Sim";3;0;1;0;2;0;1;2;-3,73911117;-38,58687498;"SPRF-CE";"DEL01-CE";"UOP01-DEL01-CE"
232258;2019-08-31;"sábado";"14:20:00";"MG";40;517;"RIBEIRAO DAS NEVES";"Velocidade Incompatível";"Saída de leito carroçável";"Com Vítimas Feridas";"Pleno dia";"Decrescente";"Céu Claro";"Dupla";"Curva";"Não";3;0;0;3;0;0;3;1;-19,82351202;-44,08438913;"SPRF-MG";"DEL01-MG";"UOP02-DEL01-MG"
232259;2019-08-31;"sábado";"14:30:00";"BA";418;90,1;"NOVA VICOSA";"Desobediência às normas de trânsito pelo condutor";"Colisão traseira";"Com Vítimas Feridas";"Pleno dia";"Crescente";"Céu Claro";"Simples";"Reta";"Sim";2;0;1;0;1;0;1;2;-17,88570928;-39,83805902;"SPRF-BA";"DEL09-BA";"UOP02-DEL09-BA"
232261;2019-08-31;"sábado";"15:05:00";"PR";376;3;"MANDAGUARI";"Falta de Atenção à Condução";"Colisão lateral";"Com Vítimas Feridas";"Pleno dia";"Decrescente";"Céu Claro";"Simples";"Reta";"Sim";3;0;1;0;2;0;1;3;-23,547966;-51,671265;"SPRF-PR";"DEL07-PR";"UOP01-DEL09-PR"
232264;2019-08-31;"sábado";"14:20:00";"RO";364;236,7;"CACOAL";"Falta de Atenção à Condução";"Colisão transversal";"Com Vítimas Feridas";"Pleno dia";"Crescente";"Nublado";"Simples";"Interseção de Vias";"Sim";2;0;1;0;1;0;1;2;-11,44587672;-61,43784993;"SPRF-RO";"DEL02-RO";"UOP02-DEL02-RO"
232265;2019-08-31;"sábado";"15:20:00";"SC";101;219;"PALHOCA";"Falta de Atenção à Condução";"Colisão com objeto estático";"Sem Vítimas";"Pleno dia";"Decrescente";"Céu Claro";"Múltipla";"Reta";"Sim";1;0;0;0;1;0;0;1;-27,68392194;-48,66710085;"SPRF-SC";"DEL01-SC";"UOP02-DEL01-SC"
232266;2019-08-31;"sábado";"14:50:00";"PR";373;172;"PONTA GROSSA";"Velocidade Incompatível";"Saída de leito carroçável";"Com Vítimas Feridas";"Pleno dia";"Decrescente";"Chuva";"Dupla";"Curva";"Sim";2;0;1;0;1;0;1;1;-25,08139932;-50,19200981;"SPRF-PR";"DEL03-PR";"UOP01-DEL03-PR"
232267;2019-08-31;"sábado";"14:50:00";"MG";116;416;"GOVERNADOR VALADARES";"Falta de Atenção do Pedestre";"Atropelamento de Pedestre";"Com Vítimas Feridas";"Pleno dia";"Decrescente";"Céu Claro";"Simples";"Reta";"Sim";2;0;1;0;1;0;1;2;-18,89215187;-41,94699543;"SPRF-MG";"DEL06-MG";"UOP01-DEL06-MG"
232268;2019-08-31;"sábado";"15:15:00";"SC";101;57,5;"ARAQUARI";"Avarias e/ou desgaste excessivo no pneu";"Colisão com objeto estático";"Sem Vítimas";"Pleno dia";"Decrescente";"Chuva";"Dupla";"Curva";"Não";1;0;0;0;1;0;0;1;-26,43816961;-48,8035816;"SPRF-SC";"DEL03-SC";"UOP01-DEL03-SC"
232269;2019-08-31;"sábado";"11:50:00";"RJ";116;32,6;"SAPUCAIA";"Falta de Atenção à Condução";"Queda de ocupante de veículo";"Com Vítimas Feridas";"Pleno dia";"Decrescente";"Céu Claro";"Simples";"Curva";"Não";2;0;2;0;0;0;2;1;-22,08349192;-42,808942;"SPRF-RJ";"DEL04-RJ";"UOP01-DEL04-RJ"
232271;2019-08-31;"sábado";"15:40:00";"RS";116;146;"CAXIAS DO SUL";"Pista Escorregadia";"Saída de leito carroçável";"Com Vítimas Fatais";"Pleno dia";"Crescente";"Chuva";"Dupla";"Reta";"Sim";1;1;0;0;0;0;0;1;-29,14228897;-51,13622202;"SPRF-RS";"DEL05-RS";"UOP01-DEL05-RS"
232273;2019-08-31;"sábado";"15:45:00";"RS";472;173,9;"SANTA ROSA";"Ultrapassagem Indevida";"Colisão frontal";"Com Vítimas Feridas";"Pleno dia";"Decrescente";"Céu Claro";"Simples";"Curva";"Não";3;0;1;1;1;0;2;3;-27,85865572;-54,50025558;"SPRF-RS";"DEL10-RS";"UOP01-DEL10-RS"
232274;2019-08-31;"sábado";"14:30:00";"RN";101;81;"SAO GONCALO DO AMARANTE";"Falta de Atenção à Condução";"Colisão com objeto estático";"Com Vítimas Feridas";"Pleno dia";"Crescente";"Céu Claro";"Dupla";"Reta";"Sim";1;0;0;1;0;0;1;1;-5,76469466;-35,28295988;"SPRF-RN";"DEL02-RN";"UOP01-DEL02-RN"
232275;2019-08-31;"sábado";"15:50:00";"SC";470;26,6;"ILHOTA";"Defeito Mecânico no Veículo";"Incêndio";"Sem Vítimas";"Pleno dia";"Decrescente";"Nublado";"Dupla";"Reta";"Não";1;0;0;0;0;1;0;1;-26,887402;-48,875191;"SPRF-SC";"DEL04-SC";"UOP04-DEL04-SC"
232276;2019-08-31;"sábado";"10:20:00";"SC";280;94,2;"CORUPA";"Pista Escorregadia";"Saída de leito carroçável";"Com Vítimas Feridas";"Pleno dia";"Decrescente";"Nevoeiro/Neblina";"Simples";"Aclive;Reta";"Não";2;0;2;0;0;0;2;1;-26,39198268;-49,30187441;"SPRF-SC";"DEL06-SC";"UOP03-DEL06-SC"
232277;2019-08-31;"sábado";"15:00:00";"TO";230;101,3;"SAO BENTO DO TOCANTINS";"Falta de Atenção à Condução";"Colisão transversal";"Com Vítimas Feridas";"Pleno dia";"Crescente";"Céu Claro";"Simples";"Retorno Regulamentado";"Não";3;0;1;0;2;0;1;2;-5,97089966;-47,88028847;"SPRF-TO";"DEL02-TO";"UOP03-DEL02-TO"
232279;2019-08-31;"sábado";"16:25:00";"BA";116;437;"FEIRA DE SANTANA";"Animais na Pista";"Atropelamento de Animal";"Com Vítimas Feridas";"Pleno dia";"Decrescente";"Céu Claro";"Dupla";"Reta";"Sim";1;0;1;0;0;0;1;1;-12,30757399;-39,04263987;"SPRF-BA";"DEL02-BA";"UOP01-DEL02-BA"
232280;2019-08-31;"sábado";"16:45:00";"RS";116;146,3;"CAXIAS DO SUL";"Falta de Atenção à Condução";"Colisão traseira";"Com Vítimas Feridas";"Pleno dia";"Decrescente";"Chuva";"Dupla";"Reta";"Sim";3;0;1;0;2;0;1;2;-29,14228897;-51,13622202;"SPRF-RS";"DEL05-RS";"UOP01-DEL05-RS"
232281;2019-08-31;"sábado";"16:20:00";"SC";101;12,5;"GARUVA";"Pista Escorregadia";"Colisão com objeto estático";"Com Vítimas Feridas";"Pleno dia";"Decrescente";"Chuva";"Dupla";"Declive;Reta";"Não";1;0;1;0;0;0;1;1;-26,08104399;-48,86175612;"SPRF-SC";"DEL03-SC";"UOP01-DEL03-SC"
232282;2019-08-26;"segunda-feira";"08:00:00";"PE";101;102,1;"CABO DE SANTO AGOSTINHO";"Ultrapassagem Indevida";"Colisão transversal";"Sem Vítimas";"Pleno dia";"Decrescente";"Céu Claro";"Simples";"Interseção de Vias";"Sim";2;0;0;0;1;1;0;2;-8,28756523;-35,03960073;"SPRF-PE";"DEL01-PE";"UOP03-DEL01-PE"
232283;2019-08-31;"sábado";"17:00:00";"MG";365;469,8;"PATROCINIO";"Velocidade Incompatível";"Colisão traseira";"Com Vítimas Fatais";"Pleno dia";"Crescente";"Céu Claro";"Simples";"Reta";"Não";9;1;0;2;6;0;2;3;-18,908804;-46,966539;"SPRF-MG";"DEL10-MG";"UOP01-DEL10-MG"
232284;2019-08-31;"sábado";"16:30:00";"RS";470;226,2;"GARIBALDI";"Ingestão de Álcool";"Saída de leito carroçável";"Sem Vítimas";"Pleno dia";"Decrescente";"Chuva";"Simples";"Declive;Reta";"Não";1;0;0;0;1;0;0;1;-29,24884801;-51,5144223;"SPRF-RS";"DEL06-RS";"UOP01-DEL06-RS"
232285;2019-08-31;"sábado";"17:00:00";"RS";116;150,2;"CAXIAS DO SUL";"Ingestão de Álcool";"Colisão traseira";"Com Vítimas Feridas";"Anoitecer";"Decrescente";"Chuva";"Dupla";"Reta";"Sim";4;0;1;1;2;0;2;2;-29,168428;-51,158337;"SPRF-RS";"DEL05-RS";"UOP01-DEL05-RS"
232286;2019-08-31;"sábado";"17:10:00";"RN";101;95;"NATAL";"Falta de Atenção à Condução";"Colisão lateral";"Sem Vítimas";"Pleno dia";"Crescente";"Céu Claro";"Múltipla";"Aclive";"Sim";2;0;0;0;2;0;0;2;-5,84076841;-35,21035949;"SPRF-RN";"DEL01-RN";"UOP01-DEL01-RN"
232287;2019-08-31;"sábado";"17:30:00";"PR";376;653,4;"TIJUCAS DO SUL";"Falta de Atenção à Condução";"Capotamento";"Com Vítimas Feridas";"Plena Noite";"Crescente";"Chuva";"Dupla";"Curva";"Não";2;0;1;1;0;0;2;1;-25,84420191;-49,0604381;"SPRF-PR";"DEL01-PR";"UOP04-DEL01-PR"
232292;2019-08-31;"sábado";"13:11:00";"PR";376;663;"TIJUCAS DO SUL";"Defeito Mecânico no Veículo";"Incêndio";"Sem Vítimas";"Pleno dia";"Decrescente";"Vento";"Dupla";"Reta";"Não";1;0;0;0;1;0;0;1;-25,8546345;-48,98523394;"SPRF-PR";"DEL01-PR";"UOP04-DEL01-PR"
232293;2019-08-31;"sábado";"17:50:00";"RJ";393;278;"BARRA DO PIRAI";"Falta de Atenção à Condução";"Colisão traseira";"Com Vítimas Feridas";"Anoitecer";"Crescente";"Nublado";"Simples";"Reta";"Não";3;0;2;0;1;0;2;2;-22,4742152;-43,98926402;"SPRF-RJ";"DEL05-RJ";"UOP04-DEL05-RJ"
232295;2019-08-31;"sábado";"18:10:00";"RN";304;37,3;"MOSSORO";"Desobediência às normas de trânsito pelo condutor";"Atropelamento de Pedestre";"Com Vítimas Feridas";"Plena Noite";"Crescente";"Céu Claro";"Dupla";"Reta";"Sim";2;0;1;0;0;1;1;2;-5,17673558;-37,36440724;"SPRF-RN";"DEL04-RN";"UOP02-DEL04-RN"
232296;2019-08-31;"sábado";"18:15:00";"SP";488;1;"APARECIDA";"Ingestão de Álcool";"Engavetamento";"Com Vítimas Feridas";"Anoitecer";"Decrescente";"Nublado";"Dupla";"Reta";"Sim";3;0;1;0;2;0;1;3;-22,850164;-45,231808;"SPRF-SP";"DEL08-SP";"UOP01-DEL08-SP"
232301;2019-08-31;"sábado";"18:50:00";"CE";116;8,9;"FORTALEZA";"Ingestão de Álcool";"Atropelamento de Pedestre";"Com Vítimas Feridas";"Plena Noite";"Decrescente";"Nublado";"Dupla";"Reta";"Sim";2;0;1;1;0;0;2;2;-3,8192799;-38,50268337;"SPRF-CE";"DEL01-CE";"UOP02-DEL01-CE"
232302;2019-08-31;"sábado";"18:40:00";"SC";101;33,4;"JOINVILLE";"Não guardar distância de segurança";"Tombamento";"Com Vítimas Feridas";"Plena Noite";"Crescente";"Chuva";"Dupla";"Viaduto";"Não";2;0;0;1;1;0;1;1;-26,23262268;-48,91439438;"SPRF-SC";"DEL03-SC";"UOP01-DEL03-SC"
232303;2019-08-31;"sábado";"18:40:00";"PR";469;14,5;"FOZ DO IGUACU";"Falta de Atenção à Condução";"Colisão transversal";"Com Vítimas Feridas";"Plena Noite";"Decrescente";"Céu Claro";"Simples";"Interseção de Vias";"Sim";5;0;4;0;1;0;4;2;-25,5781;-54,5411;"SPRF-PR";"DEL05-PR";"UOP04-DEL05-PR"
232304;2019-08-31;"sábado";"19:15:00";"ES";262;159,4;"IBATIBA";"Falta de Atenção à Condução";"Atropelamento de Pedestre";"Com Vítimas Feridas";"Plena Noite";"Decrescente";"Céu Claro";"Simples";"Rotatória";"Sim";2;0;1;0;0;1;1;2;-20,23362208;-41,5053348;"SPRF-ES";"DEL01-ES";"UOP02-DEL01-ES"
232307;2019-08-31;"sábado";"18:00:00";"MT";163;550;"DIAMANTINO";"Defeito na Via";"Capotamento";"Com Vítimas Feridas";"Anoitecer";"Crescente";"Céu Claro";"Simples";"Reta";"Não";1;0;1;0;0;0;1;1;-14,30772599;-56,1389211;"SPRF-MT";"DEL01-MT";"UOP01-DEL01-MT"
232309;2019-08-31;"sábado";"15:30:00";"SC";163;70,8;"SAO MIGUEL DO OESTE";"Velocidade Incompatível";"Saída de leito carroçável";"Sem Vítimas";"Pleno dia";"Crescente";"Ignorado";"Simples";"Curva";"Não";2;0;0;0;0;2;0;1;-26,73461723;-53,50680015;"SPRF-SC";"DEL07-SC";"UOP03-DEL07-SC"
232310;2019-08-31;"sábado";"19:20:00";"MG";40;506;"RIBEIRAO DAS NEVES";"Não guardar distância de segurança";"Colisão traseira";"Sem Vítimas";"Plena Noite";"Crescente";"Céu Claro";"Simples";"Reta";"Sim";2;0;0;0;2;0;0;2;-19,74716686;-44,14731173;"SPRF-MG";"DEL02-MG";"UOP01-DEL02-MG"
232311;2019-08-31;"sábado";"18:35:00";"MS";262;325,8;"CAMPO GRANDE";"Falta de Atenção à Condução";"Colisão transversal";"Com Vítimas Feridas";"Plena Noite";"Decrescente";"Nublado";"Simples";"Reta";"Sim";2;0;1;0;1;0;1;2;-20,46851582;-54,52514592;"SPRF-MS";"DEL01-MS";"UOP01-DEL01-MS"
232312;2019-08-31;"sábado";"18:40:00";"MG";116;763,4;"LEOPOLDINA";"Falta de Atenção do Pedestre";"Atropelamento de Pedestre";"Com Vítimas Feridas";"Anoitecer";"Decrescente";"Ignorado";"Simples";"Curva";"Não";2;0;0;2;0;0;2;2;-21,52635545;-42,63256914;"SPRF-MG";"DEL07-MG";"UOP01-DEL07-MG"
232314;2019-08-31;"sábado";"17:40:00";"PR";116;117;"CURITIBA";"Falta de Atenção à Condução";"Colisão transversal";"Sem Vítimas";"Anoitecer";"Decrescente";"Garoa/Chuvisco";"Dupla";"Retorno Regulamentado";"Não";2;0;0;0;2;0;0;2;-25,54988723;-49,28248211;"SPRF-PR";"DEL01-PR";"UOP03-DEL01-PR"
232315;2019-08-31;"sábado";"18:50:00";"GO";80;43,8;"PADRE BERNARDO";"Falta de Atenção à Condução";"Colisão transversal";"Com Vítimas Feridas";"Plena Noite";"Crescente";"Nublado";"Simples";"Reta";"Sim";2;0;1;0;1;0;1;2;-15,194256;-48,284073;"SPRF-DF";"DEL01-DF";"UOP02-DEL03-DF"
232316;2019-08-31;"sábado";"19:35:00";"SC";101;340,1;"TUBARAO";"Objeto estático sobre o leito carroçável";"Colisão com objeto estático";"Com Vítimas Feridas";"Plena Noite";"Crescente";"Garoa/Chuvisco";"Múltipla";"Reta";"Sim";2;0;1;0;1;0;1;2;-28,501444;-49,04690399;"SPRF-SC";"DEL02-SC";"UOP01-DEL02-SC"
232317;2019-08-31;"sábado";"19:00:00";"MS";163;485,1;"CAMPO GRANDE";"Falta de Atenção à Condução";"Tombamento";"Com Vítimas Feridas";"Plena Noite";"Decrescente";"Nublado";"Simples";"Declive";"Sim";1;0;1;0;0;0;1;1;-20,44233707;-54,54201834;"SPRF-MS";"DEL01-MS";"UOP02-DEL01-MS"
232318;2019-08-31;"sábado";"19:00:00";"CE";20;427;"FORTALEZA";"Desobediência às normas de trânsito pelo condutor";"Colisão transversal";"Com Vítimas Feridas";"Plena Noite";"Decrescente";"Céu Claro";"Dupla";"Reta";"Não";2;0;0;1;1;0;1;2;-3,86616295;-38,51464471;"SPRF-CE";"DEL01-CE";"UOP02-DEL01-CE"
232319;2019-08-31;"sábado";"20:15:00";"PE";104;66;"CARUARU";"Desobediência às normas de trânsito pelo pedestre";"Atropelamento de Pedestre";"Com Vítimas Feridas";"Plena Noite";"Decrescente";"Céu Claro";"Dupla";"Reta";"Sim";2;0;0;1;1;0;1;2;-8,2937;-35,9864;"SPRF-PE";"DEL02-PE";"UOP01-DEL02-PE"
232320;2019-08-31;"sábado";"20:20:00";"GO";40;8;"LUZIANIA";"Desobediência às normas de trânsito pelo condutor";"Colisão traseira";"Com Vítimas Feridas";"Plena Noite";"Crescente";"Céu Claro";"Dupla";"Reta";"Sim";2;0;1;0;1;0;1;2;-16,116158;-47,96761;"SPRF-DF";"DEL01-DF";"UOP01-DEL01-DF"
232321;2019-08-31;"sábado";"20:00:00";"RJ";116;166,8;"SAO JOAO DE MERITI";"Falta de Atenção à Condução";"Colisão com objeto estático";"Com Vítimas Feridas";"Plena Noite";"Crescente";"Céu Claro";"Múltipla";"Retorno Regulamentado";"Sim";3;0;2;0;1;0;2;1;-22,81560263;-43,30051808;"SPRF-RJ";"DEL01-RJ";"UOP02-DEL01-RJ"
232322;2019-08-31;"sábado";"20:20:00";"SP";153;257,4;"MARILIA";"Ingestão de Álcool";"Colisão com objeto estático";"Sem Vítimas";"Plena Noite";"Decrescente";"Chuva";"Dupla";"Curva";"Sim";2;0;0;0;1;1;0;2;-22,24776339;-49,92046952;"SPRF-SP";"DEL07-SP";"UOP02-DEL07-SP"
232323;2019-08-31;"sábado";"19:20:00";"PR";376;407,7;"TIBAGI";"Velocidade Incompatível";"Saída de leito carroçável";"Com Vítimas Feridas";"Plena Noite";"Decrescente";"Chuva";"Simples";"Curva";"Não";1;0;1;0;0;0;1;1;-24,60390864;-50,66379547;"SPRF-PR";"DEL03-PR";"UOP02-DEL03-PR"
232325;2019-08-31;"sábado";"18:30:00";"BA";418;94;"NOVA VICOSA";"Falta de Atenção à Condução";"Colisão frontal";"Com Vítimas Feridas";"Plena Noite";"Crescente";"Nublado";"Simples";"Reta";"Não";3;0;0;2;0;1;2;2;-17,88422;-39,870975;"SPRF-BA";"DEL09-BA";"UOP02-DEL09-BA"
232326;2019-08-31;"sábado";"21:00:00";"DF";70;16;"BRASILIA";"Falta de Atenção à Condução";"Colisão com objeto estático";"Sem Vítimas";"Plena Noite";"Crescente";"Céu Claro";"Dupla";"Reta";"Sim";2;0;0;0;2;0;0;1;-15,796144;-48,194225;"SPRF-DF";"DEL01-DF";"UOP02-DEL03-DF"
232327;2019-08-31;"sábado";"19:50:00";"MS";262;324,5;"CAMPO GRANDE";"Falta de Atenção à Condução";"Saída de leito carroçável";"Com Vítimas Feridas";"Plena Noite";"Crescente";"Chuva";"Simples";"Reta";"Não";2;0;2;0;0;0;2;1;-20,4686491;-54,51559;"SPRF-MS";"DEL01-MS";"UOP01-DEL01-MS"
232329;2019-08-31;"sábado";"19:12:00";"MT";174;9;"PONTES E LACERDA";"Falta de Atenção à Condução";"Colisão lateral";"Com Vítimas Feridas";"Plena Noite";"Crescente";"Céu Claro";"Simples";"Reta";"Não";2;0;0;1;0;1;1;2;-15,20766871;-59,36290741;"SPRF-MT";"DEL04-MT";"UOP01-DEL04-MT"
232330;2019-08-31;"sábado";"21:15:00";"PR";277;659,9;"MATELANDIA";"Falta de Atenção à Condução";"Tombamento";"Com Vítimas Feridas";"Plena Noite";"Decrescente";"Chuva";"Dupla";"Curva";"Não";2;0;2;0;0;0;2;1;-25,24664169;-53,98334832;"SPRF-PR";"DEL05-PR";"UOP02-DEL05-PR"
232332;2019-08-31;"sábado";"17:55:00";"SC";470;70;"INDAIAL";"Falta de Atenção à Condução";"Colisão transversal";"Com Vítimas Feridas";"Anoitecer";"Crescente";"Céu Claro";"Simples";"Reta";"Não";2;0;1;0;1;0;1;2;-26,889374;-49,254478;"SPRF-SC";"DEL04-SC";"UOP01-DEL04-SC"
232333;2019-08-31;"sábado";"21:30:00";"DF";20;16;"BRASILIA";"Falta de Atenção do Pedestre";"Atropelamento de Pedestre";"Com Vítimas Feridas";"Plena Noite";"Decrescente";"Céu Claro";"Dupla";"Reta";"Não";4;0;0;1;3;0;1;2;-15,625675;-47,725159;"SPRF-DF";"DEL02-DF";"UOP01-DEL02-DF"
232334;2019-08-31;"sábado";"21:10:00";"MG";116;765,8;"LEOPOLDINA";"Ingestão de álcool e/ou substâncias psicoativas pelo pedestre";"Atropelamento de Pedestre";"Com Vítimas Feridas";"Plena Noite";"Decrescente";"Céu Claro";"Simples";"Reta";"Sim";2;0;0;1;1;0;1;2;-21,52430285;-42,6518923;"SPRF-MG";"DEL07-MG";"UOP01-DEL07-MG"
232335;2019-08-31;"sábado";"18:50:00";"SC";101;276,8;"IMBITUBA";"Velocidade Incompatível";"Colisão traseira";"Com Vítimas Feridas";"Plena Noite";"Crescente";"Nublado";"Múltipla";"Reta";"Sim";4;0;0;2;2;0;2;2;-28,14644701;-48,69204746;"SPRF-SC";"DEL02-SC";"UOP03-DEL02-SC"
232336;2019-08-31;"sábado";"20:00:00";"SC";101;110,1;"PENHA";"Falta de Atenção à Condução";"Queda de ocupante de veículo";"Com Vítimas Feridas";"Plena Noite";"Decrescente";"Chuva";"Dupla";"Curva";"Não";2;0;2;0;0;0;2;1;-26,83496156;-48,70683968;"SPRF-SC";"DEL03-SC";"UOP02-DEL03-SC"
232337;2019-08-31;"sábado";"21:10:00";"ES";262;45;"MARECHAL FLORIANO";"Desobediência às normas de trânsito pelo condutor";"Colisão lateral";"Com Vítimas Feridas";"Plena Noite";"Crescente";"Céu Claro";"Simples";"Aclive";"Sim";2;0;1;0;1;0;1;2;-20,41130252;-40,67926543;"SPRF-ES";"DEL01-ES";"UOP01-DEL01-ES"
232338;2019-08-31;"sábado";"19:54:00";"PE";408;102;"JABOATAO DOS GUARARAPES";"Desobediência às normas de trânsito pelo condutor";"Colisão frontal";"Sem Vítimas";"Plena Noite";"Decrescente";"Nublado";"Múltipla";"Reta";"Não";3;0;0;0;2;1;0;2;-8,05323195;-35,00247996;"SPRF-PE";"DEL01-PE";"UOP01-DEL01-PE"
232339;2019-08-31;"sábado";"21:25:00";"PR";369;154,4;"LONDRINA";"Ingestão de Álcool";"Colisão traseira";"Com Vítimas Feridas";"Plena Noite";"Decrescente";"Chuva";"Dupla";"Reta;Interseção de Vias";"Sim";4;0;2;0;2;0;2;3;-23,297372;-51,201638;"SPRF-PR";"DEL07-PR";"UOP01-DEL07-PR"
232340;2019-07-18;"quinta-feira";"16:45:00";"PR";158;533;"PATO BRANCO";"Desobediência às normas de trânsito pelo condutor";"Colisão transversal";"Com Vítimas Feridas";"Pleno dia";"Crescente";"Ignorado";"Dupla";"Rotatória";"Sim";2;0;1;0;0;1;1;2;-26,2072352;-52,6806646;"SPRF-PR";"DEL02-PR";"UOP01-DEL02-PR"
232341;2019-08-31;"sábado";"17:30:00";"SC";282;106,7;"ALFREDO WAGNER";"Ingestão de álcool e/ou substâncias psicoativas pelo pedestre";"Saída de leito carroçável";"Com Vítimas Feridas";"Plena Noite";"Crescente";"Nublado";"Simples";"Curva";"Não";1;0;1;0;0;0;1;1;-27,697609;-49,344734;"SPRF-SC";"DEL01-SC";"UOP03-DEL01-SC"
232343;2019-08-31;"sábado";"20:25:00";"MS";60;351,4;"CAMPO GRANDE";"Falta de Atenção à Condução";"Colisão frontal";"Com Vítimas Fatais";"Plena Noite";"Crescente";"Garoa/Chuvisco";"Simples";"Declive";"Não";5;1;1;0;3;0;1;2;-20,445897;-54,745574;"SPRF-MS";"DEL01-MS";"UOP03-DEL01-MS"
232344;2019-08-31;"sábado";"21:30:00";"SP";153;62,8;"SAO JOSE DO RIO PRETO";"Falta de Atenção à Condução";"Colisão traseira";"Com Vítimas Feridas";"Plena Noite";"Crescente";"Céu Claro";"Dupla";"Reta";"Não";2;0;1;0;1;0;1;2;-20,81325404;-49,35675563;"SPRF-SP";"DEL09-SP";"UOP01-DEL09-SP"
232345;2019-08-31;"sábado";"21:30:00";"RS";386;35;"FREDERICO WESTPHALEN";"Falta de Atenção à Condução";"Colisão transversal";"Com Vítimas Feridas";"Plena Noite";"Crescente";"Nublado";"Simples";"Interseção de Vias";"Sim";2;0;1;0;0;1;1;2;-27,36626018;-53,39621544;"SPRF-RS";"DEL08-RS";"UOP02-DEL08-RS"
232346;2019-08-31;"sábado";"22:20:00";"TO";153;139;"ARAGUAINA";"Falta de Atenção à Condução";"Saída de leito carroçável";"Com Vítimas Feridas";"Plena Noite";"Crescente";"Céu Claro";"Múltipla";"Reta";"Sim";1;0;0;1;0;0;1;1;-7,16325275;-48,20698926;"SPRF-TO";"DEL02-TO";"UOP01-DEL02-TO"
232347;2019-08-31;"sábado";"20:15:00";"RO";364;384;"OURO PRETO DO OESTE";"Ingestão de Álcool";"Colisão transversal";"Com Vítimas Feridas";"Plena Noite";"Decrescente";"Céu Claro";"Simples";"Reta";"Sim";5;0;3;2;0;0;5;2;-10,71524933;-62,25065352;"SPRF-RO";"DEL02-RO";"UOP01-DEL02-RO"
232348;2019-08-31;"sábado";"20:00:00";"SC";282;40,9;"AGUAS MORNAS";"Falta de Atenção à Condução";"Colisão frontal";"Com Vítimas Feridas";"Plena Noite";"Decrescente";"Nublado";"Simples";"Reta";"Não";2;0;0;1;1;0;1;2;-27,716148;-48,869583;"SPRF-SC";"DEL01-SC";"UOP03-DEL01-SC"
232350;2019-08-31;"sábado";"22:02:00";"RJ";40;120;"DUQUE DE CAXIAS";"Desobediência às normas de trânsito pelo condutor";"Colisão lateral";"Com Vítimas Feridas";"Plena Noite";"Decrescente";"Nublado";"Múltipla";"Reta";"Sim";3;0;1;0;2;0;1;2;-22,77280597;-43,28626763;"SPRF-RJ";"DEL01-RJ";"UOP01-DEL01-RJ"