"id";"data_inversa";"dia_semana";"horario";"uf";"br";"km";"municipio";"causa_acidente";"tipo_acidente";"classificacao_acidente";"fase_dia";"sentido_via";"condicao_metereologica";"tipo_pista";"tracado_via";"uso_solo";"pessoas";"mortos";"feridos_leves";"feridos_graves";"ilesos";"ignorados";"feridos";"veiculos";"latitude";"longitude";"regional";"delegacia";"uop"
232456;2019-09-01;"domingo";"10:00:00";"MG";354;722,1;"POUSO ALTO";"Velocidade Incompatível";"Tombamento";"Com Vítimas Feridas";"Pleno dia";"Decrescente";"Céu Claro";"Simples";"Curva";"Sim";2;0;1;0;1;0;1;2;-22,1055941;-44,95688947;"SPRF-MG";"DEL05-MG";"UOP01-DEL17-MG"
232457;2019-09-01;"domingo";"10:10:00";"SC";101;198,7;"BIGUACU";"Ingestão de Álcool";"Capotamento";"Com Vítimas Feridas";"Pleno dia";"Decrescente";"Garoa/Chuvisco";"Dupla";"Reta";"Sim";3;0;2;1;0;0;3;1;-27,52658712;-48,63506019;"SPRF-SC";"DEL01-SC";"UOP01-DEL01-SC"
232458;2019-09-01;"domingo";"06:30:00";"BA";116;317;"ARACI";"Falta de Atenção à Condução";"Capotamento";"Com Vítimas Feridas";"Pleno dia";"Crescente";"Céu Claro";"Simples";"Reta";"Sim";4;0;1;2;1;0;3;1;-11,30682406;-38,94076389;"SPRF-BA";"DEL02-BA";"UOP01-DEL02-BA"
232459;2019-09-01;"domingo";"08:15:00";"SP";381;75;"SAO PAULO";"Velocidade Incompatível";"Saída de leito carroçável";"Com Vítimas Feridas";"Pleno dia";"Decrescente";"Chuva";"Dupla";"Curva";"Não";1;0;1;0;0;0;1;1;-23,37660089;-46,56409613;"SPRF-SP";"DEL03-SP";"UOP01-DEL03-SP"
232461;2019-09-01;"domingo";"10:00:00";"SP";381;81,7;"SAO PAULO";"Falta de Atenção à Condução";"Colisão traseira";"Com Vítimas Feridas";"Pleno dia";"Crescente";"Chuva";"Múltipla";"Reta";"Não";2;0;1;0;1;0;1;2;-23,41704481;-46,58022057;"SPRF-SP";"DEL03-SP";"UOP01-DEL03-SP"
232463;2019-09-01;"domingo";"06:00:00";"MG";381;924;"ITAPEVA";"Pista Escorregadia";"Saída de leito carroçável";"Com Vítimas Feridas";"Pleno dia";"Crescente";"Chuva";"Dupla";"Curva";"Não";2;0;1;0;1;0;1;1;-22,77050246;-46,23490598;"SPRF-MG";"DEL16-MG";"UOP03-DEL16-MG"
232464;2019-09-01;"domingo";"10:45:00";"SC";101;186;"BIGUACU";"Defeito Mecânico no Veículo";"Colisão com objeto estático";"Com Vítimas Feridas";"Pleno dia";"Crescente";"Garoa/Chuvisco";"Múltipla";"Curva";"Sim";1;0;1;0;0;0;1;1;-27,43574867;-48,62603813;"SPRF-SC";"DEL01-SC";"UOP01-DEL01-SC"
232466;2019-09-01;"domingo";"02:30:00";"MA";226;249,9;"TUNTUM";"Falta de Atenção à Condução";"Capotamento";"Com Vítimas Fatais";"Amanhecer";"Decrescente";"Ignorado";"Simples";"Curva";"Não";6;2;2;2;0;0;4;1;-5,40694576;-44,85933657;"SPRF-MA";"DEL03-MA";"UOP01-DEL03-MA"
232467;2019-09-01;"domingo";"11:10:00";"PE";116;79,1;"CABROBO";"Ingestão de Álcool";"Saída de leito carroçável";"Com Vítimas Feridas";"Pleno dia";"Decrescente";"Céu Claro";"Simples";"Reta";"Não";1;0;0;1;0;0;1;1;-8,516788;-39,2155;"SPRF-PE";"DEL05-PE";"UOP03-DEL05-PE"
232469;2019-08-26;"segunda-feira";"12:00:00";"MG";381;920,5;"CAMANDUCAIA";"Desobediência às normas de trânsito pelo pedestre";"Atropelamento de Pedestre";"Com Vítimas Fatais";"Pleno dia";"Crescente";"Sol";"Dupla";"Reta";"Sim";2;1;0;0;1;0;0;2;-22,76081226;-46,16437376;"SPRF-MG";"DEL16-MG";"UOP03-DEL16-MG"
232471;2019-09-01;"domingo";"11:53:00";"SC";116;3,5;"MAFRA";"Ingestão de Álcool";"Colisão traseira";"Com Vítimas Feridas";"Pleno dia";"Decrescente";"Nublado";"Simples";"Reta";"Não";2;0;1;0;1;0;1;2;-26,13073161;-49,79922442;"SPRF-SC";"DEL06-SC";"UOP01-DEL06-SC"
232472;2019-09-01;"domingo";"11:20:00";"MG";40;417,4;"CURVELO";"Defeito Mecânico no Veículo";"Tombamento";"Com Vítimas Feridas";"Pleno dia";"Decrescente";"Céu Claro";"Simples";"Declive";"Não";2;0;1;1;0;0;2;1;-19,15620979;-44,59445792;"SPRF-MG";"DEL02-MG";"UOP01-DEL02-MG"
232473;2019-09-01;"domingo";"10:15:00";"MG";116;505,8;"INHAPIM";"Falta de Atenção à Condução";"Colisão transversal";"Com Vítimas Feridas";"Pleno dia";"Crescente";"Céu Claro";"Simples";"Reta";"Não";3;0;1;1;1;0;2;2;-19,6030931;-42,11376783;"SPRF-MG";"DEL06-MG";"UOP02-DEL06-MG"
232474;2019-09-01;"domingo";"11:25:00";"SC";470;193;"POUSO REDONDO";"Velocidade Incompatível";"Colisão com objeto estático";"Sem Vítimas";"Pleno dia";"Decrescente";"Garoa/Chuvisco";"Simples";"Curva";"Não";2;0;0;0;2;0;0;1;-27,30196475;-50,07568359;"SPRF-SC";"DEL04-SC";"UOP02-DEL04-SC"
232476;2019-09-01;"domingo";"11:40:00";"RS";153;396,4;"CACHOEIRA DO SUL";"Ingestão de Álcool";"Colisão frontal";"Com Vítimas Feridas";"Pleno dia";"Crescente";"Céu Claro";"Simples";"Interseção de Vias";"Não";3;0;0;2;1;0;2;2;-29,97730599;-52,93111099;"SPRF-RS";"DEL02-RS";"UOP02-DEL02-RS"
232477;2019-09-01;"domingo";"09:30:00";"SC";282;443,3;"PONTE SERRADA";"Falta de Atenção à Condução";"Saída de leito carroçável";"Com Vítimas Feridas";"Pleno dia";"Crescente";"Garoa/Chuvisco";"Simples";"Reta";"Não";1;0;0;1;0;0;1;1;-26,917578;-51,890999;"SPRF-SC";"DEL07-SC";"UOP04-DEL07-SC"
232478;2019-09-01;"domingo";"12:30:00";"PI";316;306;"PICOS";"Falta de Atenção à Condução";"Colisão traseira";"Com Vítimas Feridas";"Pleno dia";"Decrescente";"Céu Claro";"Simples";"Reta";"Não";2;0;1;0;1;0;1;2;-7,07700699;-41,50959795;"SPRF-PI";"DEL04-PI";"UOP01-DEL04-PI"
232479;2019-09-01;"domingo";"06:00:00";"PB";104;129,6;"CAMPINA GRANDE";"Ingestão de Álcool";"Saída de leito carroçável";"Sem Vítimas";"Pleno dia";"Decrescente";"Nublado";"Dupla";"Reta;Retorno Regulamentado";"Sim";1;0;0;0;0;1;0;1;-7,278152;-35,888567;"SPRF-PB";"DEL02-PB";"UOP01-DEL02-PB"
232480;2019-09-01;"domingo";"12:50:00";"PR";376;653;"TIJUCAS DO SUL";"Pista Escorregadia";"Saída de leito carroçável";"Com Vítimas Feridas";"Pleno dia";"Decrescente";"Chuva";"Dupla";"Curva;Aclive";"Não";2;0;1;1;0;0;2;1;-25,84420191;-49,0604381;"SPRF-PR";"DEL01-PR";"UOP04-DEL01-PR"
232481;2019-09-01;"domingo";"12:00:00";"GO";60;38,6;"ALEXANIA";"Defeito Mecânico no Veículo";"Queda de ocupante de veículo";"Com Vítimas Feridas";"Pleno dia";"Decrescente";"Céu Claro";"Dupla";"Reta";"Não";1;0;1;0;0;0;1;1;-16,1148;-48,5476;"SPRF-DF";"DEL01-DF";"UOP01-DEL03-DF"
232483;2019-08-08;"quinta-feira";"07:30:00";"BA";116;817,9;"VITORIA DA CONQUISTA";"Desobediência às normas de trânsito pelo condutor";"Colisão transversal";"Com Vítimas Feridas";"Pleno dia";"Decrescente";"Nublado";"Simples";"Rotatória";"Não";2;0;1;0;1;0;1;2;-14,78186283;-40,73870709;"SPRF-BA";"DEL08-BA";"UOP01-DEL08-BA"
232484;2019-08-26;"segunda-feira";"12:00:00";"MA";135;7,6;"SAO LUIS";"Desobediência às normas de trânsito pelo condutor";"Colisão transversal";"Com Vítimas Feridas";"Pleno dia";"Decrescente";"Céu Claro";"Dupla";"Reta";"Sim";2;0;1;0;1;0;1;2;-2,6406543;-44,27129745;"SPRF-MA";"DEL01-MA";"UOP01-DEL01-MA"
232485;2019-09-01;"domingo";"10:30:00";"SC";282;404;"JOACABA";"Falta de Atenção à Condução";"Saída de leito carroçável";"Com Vítimas Feridas";"Pleno dia";"Decrescente";"Nublado";"Simples";"Curva";"Não";5;0;1;0;4;0;1;1;-27,104719;-51,644424;"SPRF-SC";"DEL07-SC";"UOP05-DEL07-SC"
232486;2019-09-01;"domingo";"11:05:00";"MG";381;924,6;"CAMANDUCAIA";"Velocidade Incompatível";"Colisão com objeto estático";"Com Vítimas Feridas";"Pleno dia";"Crescente";"Chuva";"Dupla";"Curva";"Não";2;0;0;1;1;0;1;1;-22,77011024;-46,19380027;"SPRF-MG";"DEL16-MG";"UOP03-DEL16-MG"
232487;2019-09-01;"domingo";"07:40:00";"MG";381;864,6;"POUSO ALEGRE";"Falta de Atenção à Condução";"Colisão com objeto estático";"Com Vítimas Feridas";"Pleno dia";"Crescente";"Nublado";"Dupla";"Reta;Aclive";"Não";3;0;2;0;1;0;2;1;-22,38757269;-45,95265452;"SPRF-MG";"DEL16-MG";"UOP01-DEL16-MG"
232489;2019-09-01;"domingo";"11:30:00";"MG";381;921,4;"CAMANDUCAIA";"Falta de Atenção à Condução";"Atropelamento de Pedestre";"Com Vítimas Feridas";"Pleno dia";"Crescente";"Nublado";"Dupla";"Curva;Declive";"Não";3;0;1;0;2;0;1;2;-22,7680939;-46,20854399;"SPRF-MG";"DEL16-MG";"UOP03-DEL16-MG"
232490;2019-09-01;"domingo";"13:00:00";"PR";163;344;"GUAIRA";"Velocidade Incompatível";"Saída de leito carroçável";"Com Vítimas Feridas";"Pleno dia";"Decrescente";"Garoa/Chuvisco";"Simples";"Declive;Reta";"Não";4;0;1;2;1;0;3;1;-24,21375699;-54,19958751;"SPRF-PR";"DEL06-PR";"UOP01-DEL06-PR"
232491;2019-09-01;"domingo";"08:30:00";"MG";381;932,5;"EXTREMA";"Avarias e/ou desgaste excessivo no pneu";"Colisão com objeto estático";"Com Vítimas Feridas";"Pleno dia";"Decrescente";"Chuva";"Dupla";"Curva";"Não";2;0;2;0;0;0;2;1;-22,79266146;-46,25100987;"SPRF-MG";"DEL16-MG";"UOP03-DEL16-MG"
232492;2019-09-01;"domingo";"13:20:00";"PE";232;72,8;"GRAVATA";"Falta de Atenção à Condução";"Colisão traseira";"Com Vítimas Feridas";"Pleno dia";"Crescente";"Nublado";"Dupla";"Declive;Reta";"Sim";5;0;2;0;3;0;2;2;-8,18714215;-35,50102523;"SPRF-PE";"DEL01-PE";"UOP02-DEL02PE"
232493;2019-06-25;"terça-feira";"21:20:00";"ES";101;289,3;"CARIACICA";"Avarias e/ou desgaste excessivo no pneu";"Tombamento";"Com Vítimas Feridas";"Plena Noite";"Crescente";"Céu Claro";"Dupla";"Reta";"Sim";2;0;1;1;0;0;2;1;-20,28029304;-40,39302931;"SPRF-ES";"DEL01-ES";"UOP01-DEL01-ES"
232495;2019-09-01;"domingo";"08:00:00";"SC";282;222,9;"LAGES";"Ingestão de álcool e/ou substâncias psicoativas pelo pedestre";"Saída de leito carroçável";"Sem Vítimas";"Pleno dia";"Decrescente";"Chuva";"Simples";"Declive;Reta";"Não";1;0;0;0;1;0;0;1;-27,79828335;-50,3546226;"SPRF-SC";"DEL05-SC";"UOP01-DEL05-SC"
232496;2019-09-01;"domingo";"13:10:00";"MG";262;421,1;"IGARATINGA";"Defeito Mecânico no Veículo";"Queda de ocupante de veículo";"Com Vítimas Feridas";"Pleno dia";"Decrescente";"Sol";"Dupla";"Reta";"Sim";2;0;2;0;0;0;2;1;-19,88573008;-44,72054503;"SPRF-MG";"DEL08-MG";"UOP03-DEL08-MG"
232497;2019-09-01;"domingo";"13:40:00";"RN";110;52;"MOSSORO";"Falta de Atenção à Condução";"Colisão transversal";"Com Vítimas Feridas";"Pleno dia";"Decrescente";"Sol";"Simples";"Interseção de Vias";"Sim";2;0;0;1;1;0;1;2;-5,235871;-37,331882;"SPRF-RN";"DEL04-RN";"UOP01-DEL04-RN"
232500;2019-09-01;"domingo";"12:30:00";"SC";101;175;"BIGUACU";"Falta de Atenção à Condução";"Tombamento";"Com Vítimas Feridas";"Pleno dia";"Decrescente";"Garoa/Chuvisco";"Dupla";"Curva";"Sim";1;0;1;0;0;0;1;1;-27,33963303;-48,62734885;"SPRF-SC";"DEL01-SC";"UOP01-DEL01-SC"
232501;2019-09-01;"domingo";"14:00:00";"SC";470;149;"AGRONOMICA";"Condutor Dormindo";"Colisão frontal";"Com Vítimas Feridas";"Pleno dia";"Crescente";"Céu Claro";"Simples";"Reta";"Não";3;0;1;0;2;0;1;3;-27,252104;-49,702129;"SPRF-SC";"DEL04-SC";"UOP02-DEL04-SC"
232502;2019-09-01;"domingo";"13:50:00";"RN";405;157,3;"RAFAEL FERNANDES";"Ingestão de Álcool";"Colisão frontal";"Com Vítimas Fatais";"Pleno dia";"Decrescente";"Céu Claro";"Simples";"Reta";"Não";6;1;3;2;0;0;5;2;-6,16743001;-38,20962396;"SPRF-RN";"DEL04-RN";"UOP02-DEL04-RN"
232503;2019-09-01;"domingo";"11:20:00";"BA";330;798,7;"JEQUIE";"Animais na Pista";"Queda de ocupante de veículo";"Com Vítimas Feridas";"Pleno dia";"Decrescente";"Céu Claro";"Simples";"Curva";"Não";1;0;0;1;0;0;1;1;-13,94290822;-39,98270814;"SPRF-BA";"DEL03-BA";"UOP01-DEL03-BA"
232504;2019-09-01;"domingo";"11:00:00";"MT";364;236;"RONDONOPOLIS";"Ingestão de Álcool";"Colisão traseira";"Com Vítimas Feridas";"Pleno dia";"Decrescente";"Nublado";"Dupla";"Reta";"Sim";2;0;1;0;1;0;1;2;-16,2137379;-54,77895358;"SPRF-MT";"DEL02-MT";"UOP01-DEL02-MT"
232506;2019-06-25;"terça-feira";"20:00:00";"SC";101;204;"SAO JOSE";"Não guardar distância de segurança";"Engavetamento";"Com Vítimas Feridas";"Plena Noite";"Decrescente";"Céu Claro";"Dupla";"Reta";"Não";5;0;1;0;4;0;1;3;-27,57413014;-48,61363083;"SPRF-SC";"DEL01-SC";"UOP01-DEL01-SC"
232507;2019-09-01;"domingo";"13:50:00";"RJ";101;92;"CAMPOS DOS GOYTACAZES";"Velocidade Incompatível";"Capotamento";"Com Vítimas Feridas";"Pleno dia";"Crescente";"Céu Claro";"Dupla";"Curva";"Não";1;0;1;0;0;0;1;1;-21,85456357;-41,52621893;"SPRF-RJ";"DEL08-RJ";"UOP02-DEL08-RJ"
232509;2019-09-01;"domingo";"13:30:00";"PI";316;309;"PICOS";"Falta de Atenção à Condução";"Colisão traseira";"Com Vítimas Feridas";"Pleno dia";"Decrescente";"Céu Claro";"Simples";"Reta";"Não";3;0;1;0;2;0;1;2;-7,07778744;-41,48370094;"SPRF-PI";"DEL04-PI";"UOP01-DEL04-PI"
232510;2019-09-01;"domingo";"14:52:00";"PR";277;69;"SAO JOSE DOS PINHAIS";"Mal Súbito";"Queda de ocupante de veículo";"Com Vítimas Feridas";"Pleno dia";"Decrescente";"Nublado";"Dupla";"Reta";"Não";1;0;0;1;0;0;1;1;-25,53715243;-49,07076619;"SPRF-PR";"DEL01-PR";"UOP07-DEL01-PR"
232511;2019-09-01;"domingo";"14:30:00";"DF";20;5,4;"BRASILIA";"Velocidade Incompatível";"Saída de leito carroçável";"Sem Vítimas";"Pleno dia";"Crescente";"Sol";"Múltipla";"Declive";"Não";1;0;0;0;1;0;0;1;-15,670546;-47,816044;"SPRF-DF";"DEL02-DF";"UOP01-DEL02-DF"
232512;2019-09-01;"domingo";"15:00:00";"RS";116;221;"DOIS IRMAOS";"Desobediência às normas de trânsito pelo condutor";"Colisão traseira";"Sem Vítimas";"Pleno dia";"Crescente";"Céu Claro";"Simples";"Reta";"Sim";2;0;0;0;2;0;0;2;-29,57244205;-51,09624556;"SPRF-RS";"DEL01-RS";"UOP02-DEL01-RS"
232514;2019-08-20;"terça-feira";"19:20:00";"RJ";101;479;"ANGRA DOS REIS";"Defeito Mecânico no Veículo";"Queda de ocupante de veículo";"Com Vítimas Feridas";"Plena Noite";"Crescente";"Chuva";"Simples";"Reta";"Sim";2;0;2;0;0;0;2;1;-23,00854164;-44,27562028;"SPRF-RJ";"DEL03-RJ";"UOP03-DEL03-RJ"
232515;2019-09-01;"domingo";"14:15:00";"RJ";40;84;"PETROPOLIS";"Objeto estático sobre o leito carroçável";"Queda de ocupante de veículo";"Com Vítimas Feridas";"Pleno dia";"Crescente";"Nublado";"Dupla";"Túnel";"Não";2;0;1;0;1;0;1;1;-22,52400398;-43,23685527;"SPRF-RJ";"DEL06-RJ";"UOP01-DEL06-RJ"
232516;2019-09-01;"domingo";"14:50:00";"PI";343;1,8;"TERESINA";"Não guardar distância de segurança";"Colisão traseira";"Com Vítimas Feridas";"Pleno dia";"Crescente";"Céu Claro";"Dupla";"Reta";"Sim";2;0;1;0;1;0;1;2;-5,089569;-42,802288;"SPRF-PI";"DEL01-PI";"UOP01-DEL01-PI"
232517;2019-09-01;"domingo";"15:20:00";"SC";101;257;"PAULO LOPES";"Avarias e/ou desgaste excessivo no pneu";"Saída de leito carroçável";"Com Vítimas Feridas";"Pleno dia";"Decrescente";"Garoa/Chuvisco";"Dupla";"Reta";"Não";2;0;2;0;0;0;2;1;-27,99701205;-48,68755194;"SPRF-SC";"DEL02-SC";"UOP03-DEL02-SC"
232518;2019-09-01;"domingo";"14:25:00";"SC";101;147,2;"ITAPEMA";"Velocidade Incompatível";"Colisão traseira";"Com Vítimas Feridas";"Pleno dia";"Crescente";"Nublado";"Dupla";"Reta";"Sim";2;0;1;0;1;0;1;2;-27,09237407;-48,61730888;"SPRF-SC";"DEL04-SC";"UOP03-DEL04-SC"
232520;2019-09-01;"domingo";"15:45:00";"GO";153;433,3;"ANAPOLIS";"Não guardar distância de segurança";"Colisão traseira";"Com Vítimas Feridas";"Pleno dia";"Crescente";"Céu Claro";"Dupla";"Reta";"Sim";9;0;4;1;4;0;5;2;-16,270597;-48,975418;"SPRF-GO";"DEL02-GO";"UOP01-DEL02-GO"
232521;2019-09-01;"domingo";"15:50:00";"GO";40;11;"LUZIANIA";"Ingestão de Álcool";"Colisão traseira";"Com Vítimas Feridas";"Pleno dia";"Decrescente";"Sol";"Dupla";"Interseção de Vias";"Sim";2;0;1;0;1;0;1;2;-16,138336;-47,951644;"SPRF-DF";"DEL01-DF";"UOP01-DEL01-DF"
232522;2019-09-01;"domingo";"15:30:00";"PA";316;46;"SANTA IZABEL DO PARA";"Defeito Mecânico no Veículo";"Colisão traseira";"Com Vítimas Feridas";"Pleno dia";"Crescente";"Sol";"Dupla";"Reta";"Sim";3;0;2;0;1;0;2;2;-1,28003179;-48,06971495;"SPRF-PA";"DEL01-PA";"UOP01-DEL01-PA"
232523;2019-09-01;"domingo";"10:40:00";"MG";381;581,9;"CARMOPOLIS DE MINAS";"Mal Súbito";"Queda de ocupante de veículo";"Com Vítimas Feridas";"Pleno dia";"Crescente";"Sol";"Dupla";"Reta";"Não";2;0;0;1;1;0;1;1;-20,51563127;-44,61540778;"SPRF-MG";"DEL04-MG";"UOP01-DEL04-MG"
232524;2019-09-01;"domingo";"13:15:00";"PI";316;33;"DEMERVAL LOBAO";"Desobediência às normas de trânsito pelo condutor";"Colisão transversal";"Sem Vítimas";"Pleno dia";"Crescente";"Céu Claro";"Simples";"Reta";"Sim";2;0;0;0;0;2;0;2;-5,34852098;-42,68083598;"SPRF-PI";"DEL01-PI";"UOP02-DEL01-PI"
232525;2019-09-01;"domingo";"12:40:00";"MA";10;154,9;"PORTO FRANCO";"Não guardar distância de segurança";"Colisão traseira";"Com Vítimas Feridas";"Pleno dia";"Crescente";"Céu Claro";"Simples";"Reta";"Não";4;0;3;0;1;0;3;2;-6,373761;-47,380894;"SPRF-MA";"DEL04-MA";"UOP02-DEL04-MA"
232528;2019-09-01;"domingo";"16:30:00";"RN";405;10,5;"MOSSORO";"Desobediência às normas de trânsito pelo condutor";"Colisão lateral";"Com Vítimas Feridas";"Anoitecer";"Crescente";"Céu Claro";"Simples";"Reta";"Sim";3;0;2;0;1;0;2;2;-5,198484;-37,44229;"SPRF-RN";"DEL04-RN";"UOP02-DEL04-RN"
232530;2019-09-01;"domingo";"15:25:00";"DF";20;21;"BRASILIA";"Falta de Atenção à Condução";"Colisão lateral";"Sem Vítimas";"Pleno dia";"Decrescente";"Céu Claro";"Dupla";"Reta";"Sim";2;0;0;0;2;0;0;2;-15,59900214;-47,67735958;"SPRF-DF";"DEL02-DF";"UOP01-DEL02-DF"
232531;2019-05-19;"domingo";"04:10:00";"PR";476;127,4;"CURITIBA";"Falta de Atenção à Condução";"Colisão traseira";"Com Vítimas Feridas";"Plena Noite";"Decrescente";"Nublado";"Dupla";"Reta";"Não";6;0;5;1;0;0;6;2;-25,425167;-49,227158;"SPRF-PR";"DEL01-PR";"UOP07-DEL01-PR"
232532;2019-09-01;"domingo";"15:45:00";"RJ";40;85;"PETROPOLIS";"Velocidade Incompatível";"Queda de ocupante de veículo";"Com Vítimas Feridas";"Pleno dia";"Crescente";"Céu Claro";"Simples";"Curva";"Não";1;0;1;0;0;0;1;1;-22,52850694;-43,2349802;"SPRF-RJ";"DEL06-RJ";"UOP01-DEL06-RJ"
232535;2019-09-01;"domingo";"16:30:00";"RS";116;222;"DOIS IRMAOS";"Falta de Atenção à Condução";"Colisão traseira";"Com Vítimas Feridas";"Pleno dia";"Crescente";"Sol";"Simples";"Curva";"Sim";3;0;2;0;1;0;2;2;-29,58096695;-51,09515511;"SPRF-RS";"DEL01-RS";"UOP02-DEL01-RS"
232536;2019-09-01;"domingo";"13:25:00";"MG";116;412,5;"GOVERNADOR VALADARES";"Falta de Atenção à Condução";"Colisão traseira";"Com Vítimas Feridas";"Pleno dia";"Decrescente";"Céu Claro";"Dupla";"Reta";"Sim";2;0;0;1;1;0;1;2;-18,86882342;-41,97144241;"SPRF-MG";"DEL06-MG";"UOP01-DEL06-MG"
232538;2019-09-01;"domingo";"17:20:00";"MG";146;583,3;"BOTELHOS";"Falta de Atenção à Condução";"Colisão lateral";"Com Vítimas Feridas";"Pleno dia";"Crescente";"Céu Claro";"Simples";"Rotatória;Curva";"Não";3;0;1;0;2;0;1;2;-21,65646805;-46,40848987;"SPRF-MG";"DEL16-MG";"UOP01-DEL09-MG"
232539;2019-09-01;"domingo";"11:30:00";"RO";364;700;"PORTO VELHO";"Avarias e/ou desgaste excessivo no pneu";"Tombamento";"Com Vítimas Feridas";"Pleno dia";"Crescente";"Céu Claro";"Dupla";"Reta";"Não";1;0;0;1;0;0;1;1;-8,80049426;-63,76902;"SPRF-RO";"DEL01-RO";"UOP01-DEL01-RO"
232540;2019-09-01;"domingo";"17:25:00";"RJ";393;193,2;"PARAIBA DO SUL";"Desobediência às normas de trânsito pelo condutor";"Colisão frontal";"Com Vítimas Feridas";"Anoitecer";"Crescente";"Nublado";"Simples";"Reta";"Não";3;0;2;0;1;0;2;3;-22,20176154;-43,36661931;"SPRF-RJ";"DEL05-RJ";"UOP03-DEL05-RJ"
232541;2019-09-01;"domingo";"17:30:00";"RJ";393;293;"BARRA MANSA";"Falta de Atenção à Condução";"Colisão transversal";"Com Vítimas Feridas";"Plena Noite";"Crescente";"Chuva";"Simples";"Reta;Aclive";"Sim";2;0;1;0;1;0;1;2;-22,51745661;-44,11043815;"SPRF-RJ";"DEL05-RJ";"UOP04-DEL05-RJ"
232543;2019-09-01;"domingo";"17:00:00";"PR";376;637;"TIJUCAS DO SUL";"Velocidade Incompatível";"Engavetamento";"Com Vítimas Feridas";"Pleno dia";"Decrescente";"Chuva";"Dupla";"Reta;Declive";"Não";3;0;1;0;2;0;1;2;-25,75614093;-49,12609667;"SPRF-PR";"DEL01-PR";"UOP04-DEL01-PR"
232544;2019-09-01;"domingo";"17:00:00";"MG";365;491,1;"PATROCINIO";"Defeito Mecânico no Veículo";"Capotamento";"Com Vítimas Feridas";"Pleno dia";"Decrescente";"Céu Claro";"Simples";"Reta";"Não";1;0;1;0;0;0;1;1;-18,90394117;-47,16911495;"SPRF-MG";"DEL10-MG";"UOP01-DEL10-MG"
232546;2019-09-01;"domingo";"17:20:00";"RJ";493;90;"DUQUE DE CAXIAS";"Pista Escorregadia";"Colisão com objeto estático";"Com Vítimas Feridas";"Pleno dia";"Decrescente";"Garoa/Chuvisco";"Dupla";"Reta";"Não";5;0;5;0;0;0;5;1;-22,672089;-43,285053;"SPRF-RJ";"DEL01-RJ";"UOP03-DEL01-RJ"
232547;2019-09-01;"domingo";"17:30:00";"SE";235;86,4;"FREI PAULO";"Falta de Atenção à Condução";"Saída de leito carroçável";"Com Vítimas Feridas";"Pleno dia";"Decrescente";"Céu Claro";"Simples";"Curva;Declive";"Não";2;0;1;1;0;0;2;1;-10,540155;-37,643147;"SPRF-SE";"DEL01-SE";"UOP02-DEL01-SE"
232548;2019-09-01;"domingo";"17:40:00";"SC";101;292,9;"IMBITUBA";"Ingestão de Álcool";"Colisão traseira";"Com Vítimas Feridas";"Anoitecer";"Decrescente";"Nublado";"Múltipla";"Reta";"Não";3;0;2;1;0;0;3;2;-28,278057;-48,700386;"SPRF-SC";"DEL02-SC";"UOP03-DEL02-SC"
232550;2019-09-01;"domingo";"17:30:00";"PR";277;0,1;"PARANAGUA";"Falta de Atenção à Condução";"Queda de ocupante de veículo";"Com Vítimas Feridas";"Anoitecer";"Decrescente";"Chuva";"Simples";"Reta";"Sim";1;0;1;0;0;0;1;1;-25,568198;-48,615292;"SPRF-PR";"DEL01-PR";"UOP05-DEL01-PR"
232551;2019-09-01;"domingo";"18:10:00";"RN";101;73;"EXTREMOZ";"Falta de Atenção à Condução";"Colisão transversal";"Com Vítimas Feridas";"Plena Noite";"Decrescente";"Nublado";"Dupla";"Interseção de Vias";"Não";4;0;2;0;2;0;2;2;-5,70687202;-35,26688397;"SPRF-RN";"DEL02-RN";"UOP01-DEL02-RN"
232552;2019-09-01;"domingo";"16:00:00";"BA";101;262;"SANTO ANTONIO DE JESUS";"Ingestão de Álcool";"Saída de leito carroçável";"Com Vítimas Feridas";"Pleno dia";"Crescente";"Céu Claro";"Simples";"Interseção de Vias";"Sim";2;0;2;0;0;0;2;1;-13,0815032;-39,27559444;"SPRF-BA";"DEL01-BA";"UOP02-DEL01-BA"
232553;2019-09-01;"domingo";"16:00:00";"MG";262;142;"RIO CASCA";"Ingestão de Álcool";"Colisão frontal";"Com Vítimas Feridas";"Pleno dia";"Decrescente";"Céu Claro";"Simples";"Curva";"Não";6;0;3;2;1;0;5;2;-20,06173621;-42,71913528;"SPRF-MG";"DEL03-MG";"UOP03-DEL03-MG"
232554;2019-09-01;"domingo";"16:30:00";"PE";424;87,6;"GARANHUNS";"Animais na Pista";"Atropelamento de Animal";"Com Vítimas Feridas";"Pleno dia";"Crescente";"Céu Claro";"Simples";"Curva;Declive;Interseção de Vias";"Sim";3;0;1;1;1;0;2;2;-8,87981398;-36,50709629;"SPRF-PE";"DEL03-PE";"UOP01-DEL03-PE"
232555;2019-09-01;"domingo";"16:50:00";"MG";262;817;"UBERABA";"Defeito Mecânico no Veículo";"Tombamento";"Com Vítimas Feridas";"Pleno dia";"Decrescente";"Céu Claro";"Dupla";"Reta";"Não";2;0;2;0;0;0;2;1;-19,76384526;-48,12927805;"SPRF-MG";"DEL13-MG";"UOP01-DEL13-MG"
232556;2019-09-01;"domingo";"18:20:00";"PE";423;68;"JUPI";"Defeito na Via";"Colisão transversal";"Com Vítimas Feridas";"Plena Noite";"Crescente";"Céu Claro";"Simples";"Reta;Declive";"Não";2;0;0;1;1;0;1;2;-8,67263685;-36,39346504;"SPRF-PE";"DEL03-PE";"UOP01-DEL03-PE"