"id";"data_inversa";"dia_semana";"horario";"uf";"br";"km";"municipio";"causa_acidente";"tipo_acidente";"classificacao_acidente";"fase_dia";"sentido_via";"condicao_metereologica";"tipo_pista";"tracado_via";"uso_solo";"pessoas";"mortos";"feridos_leves";"feridos_graves";"ilesos";"ignorados";"feridos";"veiculos";"latitude";"longitude";"regional";"delegacia";"uop"
232949;2019-09-03;"terça-feira";"12:20:00";"PE";232;13;"JABOATAO DOS GUARARAPES";"Desobediência às normas de trânsito pelo condutor";"Saída de leito carroçável";"Com Vítimas Feridas";"Pleno dia";"Decrescente";"Céu Claro";"Dupla";"Reta";"Sim";1;0;1;0;0;0;1;1;-8,08831567;-35,01203806;"SPRF-PE";"DEL01-PE";"UOP01-DEL01-PE"
232952;2019-09-03;"terça-feira";"12:25:00";"PE";101;61;"RECIFE";"Falta de Atenção do Pedestre";"Atropelamento de Pedestre";"Com Vítimas Feridas";"Pleno dia";"Decrescente";"Nublado";"Dupla";"Reta";"Sim";2;0;0;1;1;0;1;2;-7,99097103;-34,93598295;"SPRF-PE";"DEL01-PE";"UOP02-DEL01-PE"
232953;2019-09-03;"terça-feira";"11:25:00";"RO";319;61;"PORTO VELHO";"Desobediência às normas de trânsito pelo condutor";"Colisão traseira";"Com Vítimas Feridas";"Pleno dia";"Decrescente";"Céu Claro";"Dupla";"Interseção de Vias;Reta";"Sim";3;0;2;0;1;0;2;2;-8,766685;-63,884052;"SPRF-RO";"DEL01-RO";"UOP01-DEL01-RO"
232954;2019-09-03;"terça-feira";"13:00:00";"PR";376;177;"MARINGA";"Animais na Pista";"Atropelamento de Animal";"Com Vítimas Feridas";"Pleno dia";"Crescente";"Nublado";"Dupla";"Reta";"Sim";2;0;2;0;0;0;2;1;-23,41325073;-51,93062425;"SPRF-PR";"DEL07-PR";"UOP01-DEL09-PR"
232955;2019-09-03;"terça-feira";"11:30:00";"RJ";101;297;"ITABORAI";"Desobediência às normas de trânsito pelo condutor";"Colisão traseira";"Com Vítimas Feridas";"Pleno dia";"Decrescente";"Sol";"Dupla";"Curva";"Sim";3;0;2;0;1;0;2;2;-22,76942037;-42,91873581;"SPRF-RJ";"DEL02-RJ";"DEL5/2-UOP04/RJ"
232957;2019-09-03;"terça-feira";"13:10:00";"TO";153;499;"PARAISO DO TOCANTINS";"Defeito Mecânico no Veículo";"Queda de ocupante de veículo";"Com Vítimas Feridas";"Pleno dia";"Crescente";"Céu Claro";"Simples";"Reta";"Sim";1;0;1;0;0;0;1;1;-10,20208258;-48,87508392;"SPRF-TO";"DEL02-TO";"UOP01-DEL01-TO"
232958;2019-09-03;"terça-feira";"13:30:00";"MG";262;365;"JUATUBA";"Velocidade Incompatível";"Colisão com objeto estático";"Com Vítimas Feridas";"Pleno dia";"Crescente";"Sol";"Dupla";"Reta;Aclive";"Sim";2;0;2;0;0;0;2;1;-19,97856934;-44,25336717;"SPRF-MG";"DEL01-MG";"UOP03-DEL01-MG"
232959;2019-09-03;"terça-feira";"13:00:00";"GO";153;493;"GOIANIA";"Mal Súbito";"Saída de leito carroçável";"Com Vítimas Feridas";"Pleno dia";"Decrescente";"Céu Claro";"Dupla";"Reta;Aclive";"Sim";1;0;1;0;0;0;1;1;-16,6537;-49,2172;"SPRF-GO";"DEL01-GO";"UOP01-DEL01-GO"
232962;2019-08-17;"sábado";"09:10:00";"PE";408;61,8;"CARPINA";"Desobediência às normas de trânsito pelo condutor";"Colisão transversal";"Com Vítimas Feridas";"Pleno dia";"Decrescente";"Sol";"Simples";"Curva";"Não";3;0;2;0;1;0;2;2;-7,834247;-35,244434;"SPRF-PE";"DEL01-PE";"UOP01-DEL01-PE"
232963;2019-06-21;"sexta-feira";"15:00:00";"AC";364;132;"RIO BRANCO";"Defeito na Via";"Queda de ocupante de veículo";"Com Vítimas Feridas";"Pleno dia";"Crescente";"Ignorado";"Dupla";"Curva";"Não";1;0;0;1;0;0;1;1;-10,01005063;-67,84552927;"SPRF-AC";"DEL01-AC";"UOP01-DEL01-AC"
232965;2019-09-03;"terça-feira";"14:30:00";"RS";392;67;"PELOTAS";"Falta de Atenção à Condução";"Colisão lateral";"Com Vítimas Feridas";"Pleno dia";"Decrescente";"Céu Claro";"Simples";"Interseção de Vias";"Sim";2;0;1;0;0;1;1;2;-31,75626511;-52,40019858;"SPRF-RS";"DEL07-RS";"UOP01-DEL07-RS"
232966;2019-09-03;"terça-feira";"15:00:00";"PE";101;51;"ABREU E LIMA";"Falta de Atenção à Condução";"Colisão traseira";"Com Vítimas Feridas";"Pleno dia";"Decrescente";"Céu Claro";"Múltipla";"Reta";"Sim";3;0;1;0;2;0;1;3;-7,9169968;-34,89689272;"SPRF-PE";"DEL01-PE";"UOP02-DEL01-PE"
232967;2019-09-03;"terça-feira";"15:08:00";"SP";116;209;"GUARULHOS";"Não guardar distância de segurança";"Colisão traseira";"Com Vítimas Feridas";"Pleno dia";"Crescente";"Nublado";"Dupla";"Reta";"Sim";5;0;3;0;2;0;3;3;-23,42706095;-46,40740067;"SPRF-SP";"DEL01-SP";"UOP01-DEL01-SP"
232968;2019-09-03;"terça-feira";"15:00:00";"MG";381;435;"SABARA";"Velocidade Incompatível";"Tombamento";"Com Vítimas Feridas";"Pleno dia";"Decrescente";"Céu Claro";"Simples";"Curva";"Não";2;0;1;1;0;0;2;1;-19,80933086;-43,76826997;"SPRF-MG";"DEL01-MG";"UOP01-DEL01-MG"
232969;2019-09-03;"terça-feira";"15:20:00";"ES";101;252,9;"SERRA";"Falta de Atenção à Condução";"Saída de leito carroçável";"Com Vítimas Feridas";"Pleno dia";"Decrescente";"Céu Claro";"Simples";"Reta";"Sim";2;0;2;0;0;0;2;1;-20,09618209;-40,33951217;"SPRF-ES";"DEL02-ES";"UOP01-DEL02-ES"
232970;2019-09-03;"terça-feira";"15:15:00";"RS";386;343,3;"LAJEADO";"Desobediência às normas de trânsito pelo condutor";"Colisão transversal";"Com Vítimas Feridas";"Pleno dia";"Crescente";"Sol";"Simples";"Reta";"Sim";2;0;2;0;0;0;2;2;-29,43461314;-52,0043689;"SPRF-RS";"DEL04-RS";"UOP01-DEL04-RS"
232972;2019-09-03;"terça-feira";"15:30:00";"PR";277;693,3;"SAO MIGUEL DO IGUACU";"Falta de Atenção à Condução";"Colisão transversal";"Sem Vítimas";"Pleno dia";"Crescente";"Céu Claro";"Dupla";"Rotatória";"Não";3;0;0;0;3;0;0;2;-25,37239725;-54,27033988;"SPRF-PR";"DEL05-PR";"UOP01-DEL05-PR"
232973;2019-09-03;"terça-feira";"14:30:00";"SC";101;234;"PALHOCA";"Falta de Atenção à Condução";"Colisão com objeto estático";"Com Vítimas Feridas";"Pleno dia";"Crescente";"Céu Claro";"Dupla";"Reta;Declive";"Não";1;0;1;0;0;0;1;1;-27,81043812;-48,63537111;"SPRF-SC";"DEL01-SC";"UOP02-DEL01-SC"
232974;2019-08-26;"segunda-feira";"17:30:00";"BA";324;623;"SALVADOR";"Falta de Atenção à Condução";"Colisão traseira";"Sem Vítimas";"Pleno dia";"Decrescente";"Ignorado";"Dupla";"Reta";"Sim";2;0;0;0;1;1;0;2;-12,92628699;-38,46838679;"SPRF-BA";"DEL01-BA";"UOP01-DEL01-BA"
232975;2019-09-03;"terça-feira";"13:15:00";"MT";174;139;"GLORIA DOESTE";"Agressão Externa";"Tombamento";"Com Vítimas Feridas";"Pleno dia";"Crescente";"Céu Claro";"Simples";"Aclive";"Não";1;0;1;0;0;0;1;1;-15,82601409;-58,19904701;"SPRF-MT";"DEL03-MT";"UOP01-DEL03-MT"
232978;2019-09-03;"terça-feira";"15:40:00";"BA";116;425;"FEIRA DE SANTANA";"Ultrapassagem Indevida";"Colisão lateral";"Com Vítimas Feridas";"Pleno dia";"Crescente";"Céu Claro";"Simples";"Reta";"Sim";2;0;1;0;1;0;1;2;-12,23736613;-38,97999588;"SPRF-BA";"DEL02-BA";"UOP01-DEL02-BA"
232980;2019-08-23;"sexta-feira";"12:20:00";"CE";230;32,4;"LAVRAS DA MANGABEIRA";"Ultrapassagem Indevida";"Saída de leito carroçável";"Com Vítimas Feridas";"Pleno dia";"Decrescente";"Sol";"Simples";"Reta";"Não";2;0;2;0;0;0;2;1;-6,75610356;-38,89958893;"SPRF-CE";"DEL05-CE";"UOP01-DEL05-CE"
232982;2019-09-03;"terça-feira";"14:50:00";"RO";364;710;"PORTO VELHO";"Falta de Atenção à Condução";"Colisão transversal";"Com Vítimas Feridas";"Pleno dia";"Decrescente";"Céu Claro";"Dupla";"Reta";"Sim";2;0;2;0;0;0;2;2;-8,78621576;-63,85712687;"SPRF-RO";"DEL01-RO";"UOP01-DEL01-RO"
232985;2019-09-03;"terça-feira";"16:35:00";"RS";116;236,1;"NOVO HAMBURGO";"Desobediência às normas de trânsito pelo condutor";"Colisão transversal";"Com Vítimas Feridas";"Pleno dia";"Crescente";"Sol";"Dupla";"Interseção de Vias";"Sim";2;0;1;0;1;0;1;2;-29,66938502;-51,14304731;"SPRF-RS";"DEL01-RS";"UOP02-DEL01-RS"
232986;2019-09-03;"terça-feira";"16:55:00";"RN";405;1,5;"MOSSORO";"Desobediência às normas de trânsito pelo condutor";"Colisão transversal";"Com Vítimas Feridas";"Pleno dia";"Decrescente";"Sol";"Dupla";"Interseção de Vias";"Sim";2;0;1;0;1;0;1;2;-5,19170196;-37,361471;"SPRF-RN";"DEL04-RN";"UOP02-DEL04-RN"
232987;2019-09-03;"terça-feira";"14:40:00";"RJ";116;198,4;"NOVA IGUACU";"Agressão Externa";"Colisão frontal";"Com Vítimas Feridas";"Pleno dia";"Decrescente";"Nublado";"Simples";"Viaduto";"Sim";2;0;1;0;1;0;1;2;-22,7294246;-43,63495611;"SPRF-RJ";"DEL01-RJ";"UOP03-DEL01-RJ"
232990;2019-09-03;"terça-feira";"16:55:00";"RJ";116;168;"SAO JOAO DE MERITI";"Falta de Atenção à Condução";"Colisão lateral";"Com Vítimas Feridas";"Amanhecer";"Decrescente";"Nublado";"Múltipla";"Curva";"Sim";2;0;1;0;1;0;1;2;-22,819969;-43,31499997;"SPRF-RJ";"DEL01-RJ";"UOP02-DEL01-RJ"
232991;2019-09-03;"terça-feira";"16:30:00";"MS";60;433;"SIDROLANDIA";"Falta de Atenção à Condução";"Colisão traseira";"Com Vítimas Feridas";"Pleno dia";"Decrescente";"Céu Claro";"Simples";"Reta";"Não";3;0;2;0;1;0;2;2;-20,98734834;-54,98485586;"SPRF-MS";"DEL01-MS";"UOP04-DEL01-MS"
232994;2019-09-03;"terça-feira";"17:15:00";"RN";101;97,9;"NATAL";"Falta de Atenção à Condução";"Colisão lateral";"Com Vítimas Feridas";"Anoitecer";"Crescente";"Céu Claro";"Dupla";"Reta";"Sim";2;0;1;0;1;0;1;2;-5,85758898;-35,21271205;"SPRF-RN";"DEL01-RN";"UOP01-DEL01-RN"
232995;2019-09-03;"terça-feira";"17:00:00";"PB";230;488,7;"CAJAZEIRAS";"Ingestão de álcool e/ou substâncias psicoativas pelo pedestre";"Colisão traseira";"Com Vítimas Feridas";"Anoitecer";"Crescente";"Céu Claro";"Simples";"Curva";"Sim";2;0;0;1;1;0;1;2;-6,867;-38,416;"SPRF-PB";"DEL03-PB";"UOP03-DEL03-PB"
232996;2019-09-03;"terça-feira";"17:15:00";"ES";101;143,9;"LINHARES";"Falta de Atenção à Condução";"Colisão traseira";"Com Vítimas Feridas";"Anoitecer";"Crescente";"Céu Claro";"Simples";"Reta";"Não";2;0;0;2;0;0;2;2;-19,34286596;-40,0638568;"SPRF-ES";"DEL04-ES";"UOP01-DEL04-ES"
232997;2019-05-11;"sábado";"21:20:00";"AL";316;37,7;"CANAPI";"Ingestão de Álcool";"Colisão traseira";"Com Vítimas Fatais";"Plena Noite";"Decrescente";"Céu Claro";"Simples";"Declive";"Não";2;1;0;0;0;1;0;2;-9,11994376;-37,59116996;"SPRF-AL";"DEL03-AL";"UOP02-DEL03-AL"
232998;2019-09-03;"terça-feira";"14:55:00";"PR";476;136;"CURITIBA";"Desobediência às normas de trânsito pelo condutor";"Colisão lateral";"Com Vítimas Feridas";"Pleno dia";"Crescente";"Nublado";"Múltipla";"Reta";"Sim";2;0;1;0;1;0;1;2;-25,491047;-49,271679;"SPRF-PR";"DEL01-PR";"UOP03-DEL01-PR"
232999;2019-09-03;"terça-feira";"17:00:00";"SC";101;209;"SAO JOSE";"Não guardar distância de segurança";"Colisão traseira";"Com Vítimas Feridas";"Pleno dia";"Decrescente";"Nublado";"Múltipla";"Reta";"Não";1;0;1;0;0;0;1;1;-27,61000542;-48,63895057;"SPRF-SC";"DEL01-SC";"UOP01-DEL01-SC"
233000;2019-09-03;"terça-feira";"17:00:00";"PA";163;1001;"SANTAREM";"Falta de Atenção à Condução";"Colisão lateral";"Com Vítimas Feridas";"Pleno dia";"Decrescente";"Sol";"Simples";"Reta";"Sim";2;0;2;0;0;0;2;1;-2,46174129;-54,72733324;"SPRF-PA";"DEL05-PA";"UOP01-DEL05-PA"
233001;2019-09-03;"terça-feira";"17:40:00";"PA";316;13,4;"MARITUBA";"Desobediência às normas de trânsito pelo condutor";"Colisão lateral";"Com Vítimas Feridas";"Pleno dia";"Crescente";"Céu Claro";"Dupla";"Reta";"Sim";2;0;1;0;0;1;1;2;-1,36551743;-48,33465099;"SPRF-PA";"DEL01-PA";"DEL19/1-UOP05/PA"
233002;2019-09-03;"terça-feira";"17:35:00";"SC";470;2,8;"NAVEGANTES";"Falta de Atenção à Condução";"Colisão transversal";"Com Vítimas Feridas";"Anoitecer";"Crescente";"Nublado";"Simples";"Reta";"Sim";2;0;1;0;1;0;1;2;-26,868551;-48,674831;"SPRF-SC";"DEL04-SC";"UOP04-DEL04-SC"
233003;2019-09-03;"terça-feira";"17:40:00";"RS";392;74;"PELOTAS";"Não guardar distância de segurança";"Colisão traseira";"Sem Vítimas";"Pleno dia";"Decrescente";"Céu Claro";"Simples";"Reta";"Sim";3;0;0;0;2;1;0;2;-31,70783921;-52,40358613;"SPRF-RS";"DEL07-RS";"UOP01-DEL07-RS"
233004;2019-09-03;"terça-feira";"15:20:00";"BA";367;24;"PORTO SEGURO";"Desobediência às normas de trânsito pelo condutor";"Colisão transversal";"Com Vítimas Feridas";"Pleno dia";"Decrescente";"Sol";"Simples";"Interseção de Vias";"Sim";2;0;1;0;1;0;1;2;-16,43763962;-39,0813791;"SPRF-BA";"DEL09-BA";"UOP01-DEL09-BA"
233005;2019-09-03;"terça-feira";"18:30:00";"PR";277;77;"SAO JOSE DOS PINHAIS";"Falta de Atenção à Condução";"Colisão traseira";"Com Vítimas Feridas";"Plena Noite";"Crescente";"Nublado";"Simples";"Reta";"Não";2;0;1;0;1;0;1;2;-25,484094;-49,189288;"SPRF-PR";"DEL01-PR";"UOP01-DEL01-PR"
233006;2019-09-03;"terça-feira";"18:40:00";"SC";101;216,6;"PALHOCA";"Desobediência às normas de trânsito pelo condutor";"Colisão transversal";"Com Vítimas Feridas";"Anoitecer";"Crescente";"Nublado";"Simples";"Interseção de Vias";"Sim";2;0;1;0;1;0;1;2;-27,65981409;-48,67747798;"SPRF-SC";"DEL01-SC";"UOP02-DEL01-SC"
233007;2019-09-03;"terça-feira";"18:55:00";"MG";381;490,5;"BETIM";"Falta de Atenção à Condução";"Colisão lateral";"Com Vítimas Feridas";"Plena Noite";"Decrescente";"Céu Claro";"Dupla";"Reta";"Sim";4;0;2;0;2;0;2;2;-19,96502819;-44,17422195;"SPRF-MG";"DEL01-MG";"UOP03-DEL01-MG"
233008;2019-09-03;"terça-feira";"07:00:00";"SE";101;76,6;"LARANJEIRAS";"Pista Escorregadia";"Queda de ocupante de veículo";"Com Vítimas Feridas";"Pleno dia";"Decrescente";"Céu Claro";"Simples";"Reta";"Sim";1;0;1;0;0;0;1;1;-10,77357687;-37,12583705;"SPRF-SE";"DEL01-SE";"UOP01-DEL01-SE"
233010;2019-08-30;"sexta-feira";"16:25:00";"MG";40;521,7;"CONTAGEM";"Falta de Atenção à Condução";"Colisão traseira";"Com Vítimas Feridas";"Pleno dia";"Crescente";"Céu Claro";"Dupla";"Reta";"Sim";2;0;1;0;1;0;1;2;-19,85651501;-44,07213222;"SPRF-MG";"DEL01-MG";"UOP02-DEL01-MG"
233011;2019-09-03;"terça-feira";"15:05:00";"MG";381;752,3;"TRES CORACOES";"Velocidade Incompatível";"Colisão com objeto estático";"Com Vítimas Feridas";"Pleno dia";"Decrescente";"Chuva";"Simples";"Aclive;Curva";"Sim";1;0;1;0;0;0;1;1;-21,65754785;-45,30144811;"SPRF-MG";"DEL16-MG";"UOP02-DEL16-MG"
233012;2019-09-03;"terça-feira";"15:15:00";"MG";381;782,9;"CAMPANHA";"Velocidade Incompatível";"Saída de leito carroçável";"Com Vítimas Feridas";"Pleno dia";"Crescente";"Chuva";"Dupla";"Aclive;Curva";"Não";3;0;3;0;0;0;3;1;-21,85981403;-45,52590597;"SPRF-MG";"DEL16-MG";"UOP02-DEL16-MG"
233013;2019-04-05;"sexta-feira";"19:15:00";"SC";101;24,4;"JOINVILLE";"Falta de Atenção à Condução";"Colisão traseira";"Com Vítimas Feridas";"Plena Noite";"Decrescente";"Chuva";"Simples";"Interseção de Vias";"Não";4;0;1;0;3;0;1;4;-26,17483309;-48,90767978;"SPRF-SC";"DEL03-SC";"UOP01-DEL03-SC"
233015;2019-09-03;"terça-feira";"18:15:00";"RS";116;273,8;"PORTO ALEGRE";"Falta de Atenção à Condução";"Colisão lateral";"Com Vítimas Feridas";"Anoitecer";"Decrescente";"Céu Claro";"Dupla";"Reta";"Sim";2;0;0;1;1;0;1;2;-29,9920934;-51,18550994;"SPRF-RS";"DEL01-RS";"UOP01-DEL01-RS"
233016;2019-09-03;"terça-feira";"19:40:00";"PR";369;177,5;"ROLANDIA";"Velocidade Incompatível";"Capotamento";"Com Vítimas Feridas";"Plena Noite";"Crescente";"Nublado";"Dupla";"Interseção de Vias";"Sim";1;0;1;0;0;0;1;1;-23,35239543;-51,38903577;"SPRF-PR";"DEL07-PR";"UOP01-DEL07-PR"
233018;2019-09-03;"terça-feira";"20:30:00";"RJ";493;21;"MAGE";"Falta de Atenção à Condução";"Colisão transversal";"Com Vítimas Feridas";"Plena Noite";"Crescente";"Garoa/Chuvisco";"Simples";"Retorno Regulamentado";"Sim";2;0;1;0;1;0;1;2;-22,66364;-43,036495;"SPRF-RJ";"DEL04-RJ";"UOP02-DEL04-RJ"
233019;2019-09-03;"terça-feira";"18:30:00";"SP";116;511,9;"CAJATI";"Velocidade Incompatível";"Colisão com objeto estático";"Com Vítimas Feridas";"Anoitecer";"Decrescente";"Nevoeiro/Neblina";"Simples";"Curva;Declive";"Não";2;0;1;0;1;0;1;1;-24,83558399;-48,2223738;"SPRF-SP";"DEL05-SP";"UAP01-DEL05-SP"
233020;2019-09-03;"terça-feira";"18:35:00";"PR";476;268;"SAO MATEUS DO SUL";"Falta de Atenção à Condução";"Colisão lateral";"Com Vítimas Feridas";"Plena Noite";"Crescente";"Nublado";"Simples";"Reta";"Não";2;0;1;0;1;0;1;2;-25,896599;-50,320179;"SPRF-PR";"DEL02-PR";"UOP04-DEL02-PR"
233022;2019-09-03;"terça-feira";"20:15:00";"ES";101;147,1;"LINHARES";"Falta de Atenção à Condução";"Colisão transversal";"Com Vítimas Feridas";"Plena Noite";"Crescente";"Céu Claro";"Múltipla";"Interseção de Vias";"Sim";3;0;2;0;1;0;2;2;-19,37937292;-40,06661296;"SPRF-ES";"DEL04-ES";"UOP01-DEL04-ES"
233024;2019-09-03;"terça-feira";"20:00:00";"BA";116;827,9;"VITORIA DA CONQUISTA";"Ingestão de Álcool";"Capotamento";"Com Vítimas Feridas";"Plena Noite";"Decrescente";"Nublado";"Simples";"Reta";"Não";1;0;1;0;0;0;1;1;-14,900879;-40,868611;"SPRF-BA";"DEL08-BA";"UOP01-DEL08-BA"
233026;2019-09-03;"terça-feira";"06:00:00";"MG";365;247;"JOAO PINHEIRO";"Falta de Atenção à Condução";"Colisão lateral";"Com Vítimas Feridas";"Pleno dia";"Crescente";"Céu Claro";"Simples";"Reta";"Não";3;0;2;0;0;1;2;2;-17,80407689;-45,44319917;"SPRF-MG";"DEL14-MG";"UOP02-DEL14-MG"
233027;2019-09-03;"terça-feira";"20:20:00";"PR";277;604;"SANTA TEREZA DO OESTE";"Ultrapassagem Indevida";"Saída de leito carroçável";"Com Vítimas Feridas";"Pleno dia";"Decrescente";"Céu Claro";"Simples";"Reta";"Não";2;0;2;0;0;0;2;1;-25,02817;-53,55983;"SPRF-PR";"DEL05-PR";"UOP02-DEL05-PR"
233030;2019-09-03;"terça-feira";"20:30:00";"MS";158;138,7;"APARECIDA DO TABOADO";"Falta de Atenção à Condução";"Saída de leito carroçável";"Com Vítimas Feridas";"Plena Noite";"Decrescente";"Céu Claro";"Simples";"Reta";"Não";1;0;0;1;0;0;1;1;-20,01696898;-51,11525142;"SPRF-MS";"DEL08-MS";"UOP01-DEL08-MS"
233031;2019-09-03;"terça-feira";"20:30:00";"MG";116;758,9;"LEOPOLDINA";"Falta de Atenção à Condução";"Colisão transversal";"Com Vítimas Feridas";"Plena Noite";"Crescente";"Nublado";"Simples";"Reta";"Não";2;0;1;0;1;0;1;2;-21,50243487;-42,60067703;"SPRF-MG";"DEL07-MG";"UOP01-DEL07-MG"
233032;2019-09-03;"terça-feira";"20:45:00";"MG";116;538,9;"SANTA RITA DE MINAS";"Falta de Atenção do Pedestre";"Atropelamento de Pedestre";"Com Vítimas Feridas";"Plena Noite";"Decrescente";"Céu Claro";"Simples";"Reta";"Sim";2;0;2;0;0;0;2;2;-19,87457783;-42,13216953;"SPRF-MG";"DEL06-MG";"UOP02-DEL06-MG"
233033;2019-09-03;"terça-feira";"22:25:00";"PR";476;150,1;"ARAUCARIA";"Falta de Atenção à Condução";"Colisão com objeto estático";"Com Vítimas Feridas";"Plena Noite";"Decrescente";"Garoa/Chuvisco";"Dupla";"Reta";"Sim";1;0;1;0;0;0;1;1;-25,558477;-49,368313;"SPRF-PR";"DEL01-PR";"UOP06-DEL01-PR"
233034;2019-09-03;"terça-feira";"21:00:00";"PE";232;32,1;"MORENO";"Falta de Atenção à Condução";"Saída de leito carroçável";"Com Vítimas Feridas";"Plena Noite";"Crescente";"Céu Claro";"Dupla";"Curva";"Não";1;0;0;1;0;0;1;1;-8,1051975;-35,16744554;"SPRF-PE";"DEL01-PE";"UOP02-DEL02PE"
233036;2019-09-03;"terça-feira";"22:00:00";"MG";153;46,2;"MONTE ALEGRE DE MINAS";"Ingestão de Álcool";"Saída de leito carroçável";"Com Vítimas Feridas";"Plena Noite";"Crescente";"Céu Claro";"Dupla";"Declive";"Não";1;0;1;0;0;0;1;1;-18,7877321;-49,08400664;"SPRF-MG";"DEL15-MG";"UOP03-DEL15-MG"
233037;2019-09-03;"terça-feira";"23:00:00";"SC";101;132;"BALNEARIO CAMBORIU";"Desobediência às normas de trânsito pelo condutor";"Colisão traseira";"Com Vítimas Feridas";"Plena Noite";"Decrescente";"Céu Claro";"Múltipla";"Reta";"Não";2;0;2;0;0;0;2;2;-26,99654133;-48,65564711;"SPRF-SC";"DEL04-SC";"UOP03-DEL04-SC"
233038;2019-06-22;"sábado";"02:30:00";"PI";402;34;"PARNAIBA";"Falta de Atenção à Condução";"Colisão frontal";"Com Vítimas Feridas";"Plena Noite";"Crescente";"Céu Claro";"Simples";"Reta";"Sim";2;0;0;2;0;0;2;2;-2,93239061;-41,74947054;"SPRF-PI";"DEL05-PI";"UOP01-DEL05-PI"
233039;2019-09-03;"terça-feira";"22:50:00";"GO";60;98,5;"ANAPOLIS";"Desobediência às normas de trânsito pelo condutor";"Colisão traseira";"Com Vítimas Feridas";"Plena Noite";"Crescente";"Céu Claro";"Dupla";"Reta;Retorno Regulamentado";"Sim";4;0;2;0;1;1;2;2;-16,38148687;-48,95252466;"SPRF-GO";"DEL02-GO";"UOP01-DEL02-GO"
233040;2019-09-03;"terça-feira";"23:00:00";"DF";70;3,3;"BRASILIA";"Falta de Atenção à Condução";"Colisão traseira";"Com Vítimas Feridas";"Plena Noite";"Crescente";"Céu Claro";"Dupla";"Retorno Regulamentado";"Sim";3;0;2;0;1;0;2;2;-15,802453;-48,080387;"SPRF-DF";"DEL01-DF";"UOP02-DEL03-DF"
233041;2019-09-03;"terça-feira";"22:30:00";"PR";476;144,7;"CURITIBA";"Avarias e/ou desgaste excessivo no pneu";"Saída de leito carroçável";"Sem Vítimas";"Plena Noite";"Decrescente";"Garoa/Chuvisco";"Dupla";"Curva";"Não";1;0;0;0;0;1;0;1;-25,542501;-49,313011;"SPRF-PR";"DEL01-PR";"UOP06-DEL01-PR"
233043;2019-09-03;"terça-feira";"23:30:00";"RS";290;102,9;"PORTO ALEGRE";"Falta de Atenção à Condução";"Colisão com objeto estático";"Com Vítimas Feridas";"Plena Noite";"Crescente";"Céu Claro";"Múltipla";"Ponte";"Não";5;0;2;0;3;0;2;2;-29,987228;-51,25613;"SPRF-RS";"DEL01-RS";"UOP01-DEL01-RS"
233045;2019-09-03;"terça-feira";"19:00:00";"MG";40;612,9;"CONGONHAS";"Desobediência às normas de trânsito pelo condutor";"Colisão traseira";"Com Vítimas Feridas";"Plena Noite";"Decrescente";"Nublado";"Simples";"Curva";"Não";4;0;1;0;3;0;1;3;-20,51778098;-43,83603641;"SPRF-MG";"DEL05-MG";"UOP02-DEL05-MG"
233048;2019-09-04;"quarta-feira";"01:00:00";"RS";116;148,9;"CAXIAS DO SUL";"Desobediência às normas de trânsito pelo condutor";"Colisão lateral";"Com Vítimas Feridas";"Plena Noite";"Decrescente";"Nublado";"Dupla";"Interseção de Vias";"Sim";2;0;1;0;1;0;1;2;-29,16032206;-51,15669966;"SPRF-RS";"DEL05-RS";"UOP01-DEL05-RS"
233049;2019-09-04;"quarta-feira";"02:00:00";"MG";381;506;"BETIM";"Falta de Atenção à Condução";"Capotamento";"Com Vítimas Feridas";"Pleno dia";"Decrescente";"Céu Claro";"Dupla";"Reta";"Sim";8;0;5;0;3;0;5;1;-20,05039397;-44,27962502;"SPRF-MG";"DEL01-MG";"UOP03-DEL01-MG"
233050;2019-09-03;"terça-feira";"22:00:00";"ES";101;148,8;"LINHARES";"Desobediência às normas de trânsito pelo condutor";"Colisão transversal";"Com Vítimas Feridas";"Plena Noite";"Decrescente";"Céu Claro";"Dupla";"Reta";"Sim";2;0;1;0;1;0;1;2;-19,3946751;-40,06523967;"SPRF-ES";"DEL04-ES";"UOP01-DEL04-ES"
233051;2019-09-04;"quarta-feira";"03:30:00";"DF";70;6;"BRASILIA";"Condutor Dormindo";"Colisão com objeto estático";"Com Vítimas Feridas";"Plena Noite";"Decrescente";"Céu Claro";"Dupla";"Declive";"Sim";1;0;1;0;0;0;1;1;-15,791242;-48,105759;"SPRF-DF";"DEL01-DF";"UOP02-DEL03-DF"
233054;2019-09-04;"quarta-feira";"02:30:00";"MT";163;738;"SORRISO";"Velocidade Incompatível";"Saída de leito carroçável";"Sem Vítimas";"Plena Noite";"Decrescente";"Céu Claro";"Simples";"Reta";"Não";1;0;0;0;0;1;0;1;-12,6634;-55,79151;"SPRF-MT";"DEL06-MT";"UOP01-DEL06-MT"