"id";"data_inversa";"dia_semana";"horario";"uf";"br";"km";"municipio";"causa_acidente";"tipo_acidente";"classificacao_acidente";"fase_dia";"sentido_via";"condicao_metereologica";"tipo_pista";"tracado_via";"uso_solo";"pessoas";"mortos";"feridos_leves";"feridos_graves";"ilesos";"ignorados";"feridos";"veiculos";"latitude";"longitude";"regional";"delegacia";"uop"
233176;2019-09-04;"quarta-feira";"14:45:00";"RS";116;517;"PELOTAS";"Desobediência às normas de trânsito pelo condutor";"Colisão transversal";"Com Vítimas Feridas";"Pleno dia";"Decrescente";"Sol";"Múltipla";"Rotatória;Reta";"Sim";2;0;1;0;1;0;1;2;-31,67908686;-52,34256731;"SPRF-RS";"DEL07-RS";"UOP01-DEL07-RS"
233177;2019-09-04;"quarta-feira";"17:30:00";"RS";287;372,5;"SANTIAGO";"Velocidade Incompatível";"Saída de leito carroçável";"Sem Vítimas";"Anoitecer";"Decrescente";"Céu Claro";"Simples";"Curva";"Não";1;0;0;0;1;0;0;1;-29,36456812;-54,75158605;"SPRF-RS";"DEL12-RS";"UOP02-DEL12-RS"
233178;2019-09-04;"quarta-feira";"18:00:00";"ES";259;63,9;"COLATINA";"Falta de Atenção à Condução";"Colisão traseira";"Com Vítimas Feridas";"Plena Noite";"Crescente";"Céu Claro";"Simples";"Reta";"Não";2;0;1;0;0;1;1;2;-19,52753463;-40,69869585;"SPRF-ES";"DEL02-ES";"UOP01-DEL02-ES"
233179;2019-09-04;"quarta-feira";"19:05:00";"RS";116;245,4;"SAO LEOPOLDO";"Não guardar distância de segurança";"Colisão lateral";"Com Vítimas Feridas";"Plena Noite";"Decrescente";"Céu Claro";"Dupla";"Reta";"Sim";2;0;1;0;1;0;1;2;-29,75315916;-51,15146583;"SPRF-RS";"DEL01-RS";"UOP02-DEL01-RS"
233180;2019-09-04;"quarta-feira";"17:45:00";"SC";470;71;"INDAIAL";"Falta de Atenção à Condução";"Colisão lateral";"Com Vítimas Feridas";"Pleno dia";"Decrescente";"Céu Claro";"Simples";"Reta";"Não";2;0;1;0;1;0;1;2;-26,895243;-49,262104;"SPRF-SC";"DEL04-SC";"UOP01-DEL04-SC"
233185;2019-09-04;"quarta-feira";"18:50:00";"DF";40;2;"BRASILIA";"Ingestão de Álcool";"Colisão lateral";"Sem Vítimas";"Plena Noite";"Crescente";"Céu Claro";"Dupla";"Reta";"Não";3;0;0;0;3;0;0;3;-15,99435;-47,985947;"SPRF-DF";"DEL01-DF";"UOP01-DEL01-DF"
233186;2019-09-04;"quarta-feira";"18:35:00";"RN";226;176,3;"CURRAIS NOVOS";"Desobediência às normas de trânsito pelo condutor";"Colisão lateral";"Com Vítimas Feridas";"Plena Noite";"Crescente";"Céu Claro";"Dupla";"Reta";"Sim";2;0;1;0;1;0;1;2;-6,26304363;-36,5177393;"SPRF-RN";"DEL03-RN";"UOP02-DEL03-RN"
233187;2019-09-04;"quarta-feira";"17:40:00";"MT";364;274,1;"JACIARA";"Falta de Atenção à Condução";"Colisão lateral";"Com Vítimas Feridas";"Anoitecer";"Decrescente";"Céu Claro";"Simples";"Rotatória";"Sim";2;0;2;0;0;0;2;1;-15,95570165;-54,97510461;"SPRF-MT";"DEL02-MT";"UOP02-DEL05-MT"
233188;2019-09-04;"quarta-feira";"19:40:00";"RN";427;96,9;"CAICO";"Falta de Atenção à Condução";"Colisão frontal";"Com Vítimas Feridas";"Plena Noite";"Crescente";"Céu Claro";"Simples";"Curva";"Sim";3;0;2;0;1;0;2;2;-6,47030444;-37,08518744;"SPRF-RN";"DEL03-RN";"UOP01-DEL03-RN"
233189;2019-09-04;"quarta-feira";"18:26:00";"RR";174;502;"BOA VISTA";"Falta de Atenção à Condução";"Colisão traseira";"Com Vítimas Feridas";"Plena Noite";"Crescente";"Céu Claro";"Dupla";"Reta";"Sim";2;0;2;0;0;0;2;2;2,787376;-60,699524;"SPRF-RR";"DEL01-RR";"UOP01-DEL01-RR"
233190;2019-09-04;"quarta-feira";"20:10:00";"PE";116;24;"SALGUEIRO";"Falta de Atenção à Condução";"Atropelamento de Pedestre";"Com Vítimas Feridas";"Plena Noite";"Crescente";"Céu Claro";"Simples";"Reta";"Sim";2;0;1;0;0;1;1;2;-8,052562;-39,13718;"SPRF-PE";"DEL05-PE";"UOP01-DEL05-PE"
233192;2019-09-04;"quarta-feira";"20:00:00";"PA";163;1004;"SANTAREM";"Ingestão de Álcool";"Atropelamento de Pedestre";"Com Vítimas Feridas";"Plena Noite";"Crescente";"Céu Claro";"Dupla";"Reta";"Sim";3;0;1;1;0;1;2;2;-2,43391465;-54,73378127;"SPRF-PA";"DEL05-PA";"UOP01-DEL05-PA"
233193;2019-09-04;"quarta-feira";"19:45:00";"PR";277;78;"SAO JOSE DOS PINHAIS";"Animais na Pista";"Capotamento";"Com Vítimas Feridas";"Plena Noite";"Crescente";"Nublado";"Dupla";"Reta";"Não";2;0;1;0;1;0;1;1;-25,51327981;-49,12433291;"SPRF-PR";"DEL01-PR";"UOP01-DEL01-PR"
233195;2019-09-04;"quarta-feira";"19:40:00";"RJ";116;270;"BARRA MANSA";"Defeito Mecânico no Veículo";"Colisão frontal";"Com Vítimas Feridas";"Plena Noite";"Crescente";"Nublado";"Múltipla";"Reta;Aclive";"Sim";3;0;1;0;2;0;1;2;-22,56923335;-44,12024318;"SPRF-RJ";"DEL07-RJ";"UOP02-DEL07-RJ"
233196;2019-09-04;"quarta-feira";"19:15:00";"MG";381;481,4;"CONTAGEM";"Falta de Atenção à Condução";"Colisão traseira";"Com Vítimas Feridas";"Plena Noite";"Crescente";"Céu Claro";"Múltipla";"Reta;Aclive";"Sim";3;0;1;0;2;0;1;3;-19,95866651;-44,06161308;"SPRF-MG";"DEL01-MG";"UOP03-DEL01-MG"
233197;2019-09-04;"quarta-feira";"19:20:00";"PR";277;79,2;"CURITIBA";"Ingestão de Álcool";"Colisão frontal";"Com Vítimas Feridas";"Plena Noite";"Decrescente";"Céu Claro";"Dupla";"Reta;Declive";"Sim";3;0;0;1;1;1;1;3;-25,47709157;-49,20512438;"SPRF-PR";"DEL01-PR";"UOP01-DEL01-PR"
233198;2019-09-04;"quarta-feira";"18:55:00";"PR";369;201,9;"APUCARANA";"Desobediência às normas de trânsito pelo condutor";"Colisão lateral";"Com Vítimas Feridas";"Plena Noite";"Decrescente";"Vento";"Simples";"Reta;Declive";"Não";2;0;0;1;1;0;1;2;-23,54099275;-51,45669937;"SPRF-PR";"DEL07-PR";"UOP03-DEL07-PR"
233199;2019-09-04;"quarta-feira";"20:40:00";"GO";70;7;"AGUAS LINDAS DE GOIAS";"Desobediência às normas de trânsito pelo condutor";"Colisão transversal";"Com Vítimas Feridas";"Plena Noite";"Decrescente";"Céu Claro";"Dupla";"Curva";"Sim";3;0;1;1;0;1;2;3;-15,74375533;-48,26779708;"SPRF-DF";"DEL01-DF";"UOP02-DEL03-DF"
233200;2019-09-04;"quarta-feira";"20:20:00";"MA";135;12,2;"SAO LUIS";"Desobediência às normas de trânsito pelo pedestre";"Atropelamento de Pedestre";"Com Vítimas Feridas";"Plena Noite";"Decrescente";"Céu Claro";"Dupla";"Curva";"Sim";2;0;0;1;0;1;1;2;-2,67223553;-44,29173767;"SPRF-MA";"DEL01-MA";"UOP01-DEL01-MA"
233202;2019-09-04;"quarta-feira";"20:00:00";"RO";364;706;"PORTO VELHO";"Falta de Atenção à Condução";"Colisão traseira";"Com Vítimas Feridas";"Plena Noite";"Decrescente";"Nublado";"Dupla";"Reta";"Sim";2;0;1;0;1;0;1;2;-8,80030539;-63,823428;"SPRF-RO";"DEL01-RO";"UOP01-DEL01-RO"
233203;2019-09-04;"quarta-feira";"16:30:00";"RO";364;306;"PRESIDENTE MEDICI";"Falta de Atenção à Condução";"Colisão lateral";"Sem Vítimas";"Pleno dia";"Decrescente";"Céu Claro";"Simples";"Reta";"Sim";3;0;0;0;3;0;0;1;-11,190471;-61,90149;"SPRF-RO";"DEL02-RO";"UOP01-DEL02-RO"
233204;2019-09-04;"quarta-feira";"21:10:00";"RJ";465;4;"SEROPEDICA";"Falta de Atenção à Condução";"Colisão transversal";"Com Vítimas Feridas";"Plena Noite";"Decrescente";"Nublado";"Simples";"Reta";"Sim";2;0;1;0;1;0;1;2;-22,740971;-43,705597;"SPRF-RJ";"DEL01-RJ";"UOP01-DEL01-MS"
233205;2019-09-04;"quarta-feira";"09:15:00";"PR";369;155;"LONDRINA";"Ingestão de Álcool";"Colisão transversal";"Com Vítimas Feridas";"Plena Noite";"Crescente";"Céu Claro";"Dupla";"Interseção de Vias";"Sim";4;0;2;0;1;1;2;3;-23,29571823;-51,20855749;"SPRF-PR";"DEL07-PR";"UOP01-DEL07-PR"
233209;2019-09-04;"quarta-feira";"20:30:00";"BA";101;107;"ALAGOINHAS";"Falta de Atenção à Condução";"Colisão lateral";"Com Vítimas Feridas";"Plena Noite";"Decrescente";"Céu Claro";"Simples";"Reta";"Não";2;0;1;0;1;0;1;2;-12,16492;-38,477026;"SPRF-BA";"DEL01-BA";"UOP04-DEL01-BA"
233210;2019-09-04;"quarta-feira";"20:45:00";"GO";153;494;"GOIANIA";"Falta de Atenção à Condução";"Tombamento";"Com Vítimas Feridas";"Plena Noite";"Decrescente";"Céu Claro";"Dupla";"Reta";"Sim";1;0;1;0;0;0;1;1;-16,6614;-49,2218;"SPRF-GO";"DEL01-GO";"UOP01-DEL01-GO"
233212;2019-09-04;"quarta-feira";"17:00:00";"RS";158;334;"SANTA MARIA";"Falta de Atenção à Condução";"Colisão transversal";"Sem Vítimas";"Pleno dia";"Crescente";"Céu Claro";"Simples";"Interseção de Vias";"Sim";2;0;0;0;1;1;0;2;-29,70751182;-53,87442198;"SPRF-RS";"DEL09-RS";"UOP01-DEL09-RS"
233216;2019-09-04;"quarta-feira";"20:40:00";"SC";153;66,7;"IRANI";"Falta de Atenção à Condução";"Capotamento";"Com Vítimas Feridas";"Plena Noite";"Crescente";"Céu Claro";"Simples";"Curva";"Não";1;0;1;0;0;0;1;1;-27,03061891;-51,87947184;"SPRF-SC";"DEL07-SC";"UOP04-DEL07-SC"
233218;2019-09-04;"quarta-feira";"23:00:00";"PI";343;2,3;"TERESINA";"Desobediência às normas de trânsito pelo condutor";"Colisão transversal";"Com Vítimas Feridas";"Plena Noite";"Crescente";"Céu Claro";"Dupla";"Reta";"Sim";4;0;0;2;1;1;2;3;-5,08148476;-42,76872575;"SPRF-PI";"DEL01-PI";"UOP01-DEL01-PI"
233219;2019-09-04;"quarta-feira";"23:35:00";"PR";376;179,1;"MARINGA";"Falta de Atenção à Condução";"Colisão traseira";"Com Vítimas Feridas";"Plena Noite";"Decrescente";"Céu Claro";"Dupla";"Reta";"Sim";3;0;1;0;2;0;1;2;-23,42016298;-51,91043258;"SPRF-PR";"DEL07-PR";"UOP01-DEL09-PR"
233220;2019-09-05;"quinta-feira";"00:03:00";"RN";226;176,7;"CURRAIS NOVOS";"Condutor Dormindo";"Colisão com objeto estático";"Com Vítimas Fatais";"Plena Noite";"Decrescente";"Céu Claro";"Dupla";"Reta";"Sim";2;1;0;1;0;0;1;1;-6,26566717;-36,52001381;"SPRF-RN";"DEL03-RN";"UOP02-DEL03-RN"
233222;2019-09-04;"quarta-feira";"23:40:00";"PR";476;114;"COLOMBO";"Ingestão de Álcool";"Colisão traseira";"Sem Vítimas";"Plena Noite";"Decrescente";"Nublado";"Dupla";"Declive";"Sim";3;0;0;0;3;0;0;2;-25,335966;-49,158184;"SPRF-PR";"DEL01-PR";"UOP07-DEL01-PR"
233223;2019-09-04;"quarta-feira";"22:15:00";"SC";280;222,6;"TRES BARRAS";"Falta de Atenção à Condução";"Saída de leito carroçável";"Sem Vítimas";"Plena Noite";"Decrescente";"Nublado";"Simples";"Reta";"Não";1;0;0;0;1;0;0;1;-26,1746694;-50,28427393;"SPRF-SC";"DEL06-SC";"UOP04-DEL06-SC"
233224;2019-09-05;"quinta-feira";"00:45:00";"SP";116;461,1;"PARIQUERA-ACU";"Desobediência às normas de trânsito pelo pedestre";"Atropelamento de Pedestre";"Com Vítimas Fatais";"Plena Noite";"Decrescente";"Nublado";"Dupla";"Declive";"Não";3;1;0;0;0;2;0;2;-24,61672184;-47,88933615;"SPRF-SP";"DEL05-SP";"UOP01-DEL05-SP"
233228;2019-09-05;"quinta-feira";"00:30:00";"PR";376;594,3;"CURITIBA";"Ingestão de Álcool";"Colisão traseira";"Com Vítimas Feridas";"Plena Noite";"Crescente";"Nublado";"Dupla";"Declive";"Sim";4;0;1;1;1;1;2;3;-25,48479613;-49,34730331;"SPRF-PR";"DEL01-PR";"UOP06-DEL01-PR"
233229;2019-09-05;"quinta-feira";"01:30:00";"SC";282;516;"XAXIM";"Ingestão de Álcool";"Saída de leito carroçável";"Com Vítimas Feridas";"Plena Noite";"Crescente";"Céu Claro";"Simples";"Curva";"Não";2;0;1;1;0;0;2;1;-26,930862;-52,499157;"SPRF-SC";"DEL07-SC";"UOP01-DEL07-SC"
233230;2019-09-04;"quarta-feira";"18:30:00";"RS";158;322;"SANTA MARIA";"Defeito na Via";"Colisão com objeto estático";"Com Vítimas Feridas";"Anoitecer";"Crescente";"Céu Claro";"Simples";"Curva";"Sim";1;0;0;1;0;0;1;1;-29,69143328;-53,77424459;"SPRF-RS";"DEL09-RS";"UOP01-DEL09-RS"
233232;2019-09-05;"quinta-feira";"02:40:00";"PE";424;36,2;"VENTUROSA";"Falta de Atenção do Pedestre";"Atropelamento de Pedestre";"Com Vítimas Fatais";"Plena Noite";"Crescente";"Céu Claro";"Simples";"Reta";"Não";2;1;0;1;0;0;1;2;-8,62431422;-36,84576141;"SPRF-PE";"DEL03-PE";"UOP02-DEL03-PE"
233233;2019-04-07;"domingo";"23:00:00";"BA";407;121;"SENHOR DO BONFIM";"Ingestão de Álcool";"Queda de ocupante de veículo";"Com Vítimas Feridas";"Plena Noite";"Crescente";"Ignorado";"Simples";"Reta";"Sim";2;0;0;1;1;0;1;1;-10,41234797;-40,1832681;"SPRF-BA";"DEL04-BA";"UOP01-DEL04-BA"
233234;2019-09-05;"quinta-feira";"04:50:00";"SC";470;80,2;"RODEIO";"Falta de Atenção à Condução";"Atropelamento de Pedestre";"Com Vítimas Feridas";"Plena Noite";"Crescente";"Garoa/Chuvisco";"Simples";"Reta";"Sim";2;0;1;0;0;1;1;2;-26,94859353;-49,32023942;"SPRF-SC";"DEL04-SC";"UOP01-DEL04-SC"
233236;2019-09-05;"quinta-feira";"05:20:00";"PR";369;168;"ROLANDIA";"Falta de Atenção à Condução";"Saída de leito carroçável";"Com Vítimas Feridas";"Amanhecer";"Crescente";"Nublado";"Dupla";"Curva";"Sim";1;0;1;0;0;0;1;1;-23,30072137;-51,32838517;"SPRF-PR";"DEL07-PR";"UOP01-DEL07-PR"
233239;2019-09-05;"quinta-feira";"05:20:00";"SP";116;206;"GUARULHOS";"Defeito Mecânico no Veículo";"Incêndio";"Sem Vítimas";"Amanhecer";"Decrescente";"Céu Claro";"Dupla";"Reta";"Sim";1;0;0;0;0;1;0;1;-23,41722629;-46,37510292;"SPRF-SP";"DEL01-SP";"UOP01-DEL01-SP"
233240;2019-09-05;"quinta-feira";"05:50:00";"SP";116;547,3;"BARRA DO TURVO";"Falta de Atenção à Condução";"Saída de leito carroçável";"Com Vítimas Feridas";"Amanhecer";"Decrescente";"Garoa/Chuvisco";"Dupla";"Reta";"Não";1;0;1;0;0;0;1;1;-24,9503414;-48,4394088;"SPRF-SP";"DEL05-SP";"UOP02-DEL05-SP"
233241;2019-08-27;"terça-feira";"20:10:00";"MG";365;420,7;"PATOS DE MINAS";"Animais na Pista";"Atropelamento de Animal";"Com Vítimas Feridas";"Plena Noite";"Decrescente";"Céu Claro";"Simples";"Reta;Aclive";"Não";1;0;1;0;0;0;1;1;-18,694;-46,593;"SPRF-MG";"DEL10-MG";"UOP01-DEL10-MG"
233245;2019-09-05;"quinta-feira";"06:53:00";"RS";290;264;"CANOAS";"Não guardar distância de segurança";"Colisão com objeto estático";"Sem Vítimas";"Pleno dia";"Crescente";"Céu Claro";"Dupla";"Reta";"Não";1;0;0;0;1;0;0;1;-29,91539622;-51,1777297;"SPRF-RS";"DEL02-RS";"UOP02-DEL02-RS"
233247;2019-09-05;"quinta-feira";"07:30:00";"BA";324;581;"CANDEIAS";"Condutor Dormindo";"Saída de leito carroçável";"Sem Vítimas";"Pleno dia";"Crescente";"Nublado";"Dupla";"Curva";"Não";4;0;0;0;4;0;0;1;-12,60312907;-38,50096504;"SPRF-BA";"DEL01-BA";"UOP01-DEL01-BA"
233248;2019-09-05;"quinta-feira";"07:25:00";"DF";20;18,4;"BRASILIA";"Falta de Atenção à Condução";"Saída de leito carroçável";"Com Vítimas Feridas";"Pleno dia";"Decrescente";"Sol";"Múltipla";"Declive";"Sim";3;0;2;0;1;0;2;2;-15,616901;-47,708927;"SPRF-DF";"DEL02-DF";"UOP01-DEL02-DF"
233252;2019-09-05;"quinta-feira";"06:50:00";"PI";316;5,2;"TERESINA";"Falta de Atenção à Condução";"Colisão transversal";"Com Vítimas Feridas";"Pleno dia";"Decrescente";"Sol";"Múltipla";"Reta";"Sim";5;0;1;1;2;1;2;4;-5,14169858;-42,78157276;"SPRF-PI";"DEL01-PI";"UOP02-DEL01-PI"
233255;2019-09-05;"quinta-feira";"07:45:00";"BA";116;415,5;"FEIRA DE SANTANA";"Não guardar distância de segurança";"Colisão traseira";"Sem Vítimas";"Pleno dia";"Crescente";"Sol";"Simples";"Reta";"Sim";1;0;0;0;1;0;0;1;-12,159639;-38,9648641;"SPRF-BA";"DEL02-BA";"UOP01-DEL02-BA"
233256;2019-09-05;"quinta-feira";"07:40:00";"RN";101;103;"PARNAMIRIM";"Falta de Atenção à Condução";"Colisão traseira";"Sem Vítimas";"Pleno dia";"Crescente";"Céu Claro";"Múltipla";"Reta";"Sim";2;0;0;0;2;0;0;2;-5,89034022;-35,24894996;"SPRF-RN";"DEL01-RN";"UOP01-DEL01-RN"
233257;2019-09-05;"quinta-feira";"07:40:00";"PR";277;593,8;"CASCAVEL";"Falta de Atenção à Condução";"Colisão frontal";"Com Vítimas Feridas";"Pleno dia";"Decrescente";"Nublado";"Simples";"Reta";"Sim";2;0;1;0;1;0;1;2;-24,98082053;-53,48254989;"SPRF-PR";"DEL04-PR";"UOP01-DEL04-PR"
233259;2019-09-05;"quinta-feira";"07:40:00";"BA";116;858,9;"VITORIA DA CONQUISTA";"Falta de Atenção à Condução";"Colisão transversal";"Com Vítimas Feridas";"Pleno dia";"Decrescente";"Céu Claro";"Simples";"Interseção de Vias";"Não";3;0;3;0;0;0;3;2;-15,11654154;-41,02981567;"SPRF-BA";"DEL08-BA";"UOP03-DEL08-BA"
233260;2019-09-05;"quinta-feira";"08:01:00";"SC";470;67;"INDAIAL";"Falta de Atenção à Condução";"Colisão lateral";"Com Vítimas Feridas";"Pleno dia";"Decrescente";"Nublado";"Simples";"Reta";"Não";2;0;1;0;0;1;1;2;-26,872158;-49,23127;"SPRF-SC";"DEL04-SC";"UOP01-DEL04-SC"
233262;2019-09-05;"quinta-feira";"08:00:00";"RS";386;428,4;"NOVA SANTA RITA";"Mal Súbito";"Saída de leito carroçável";"Sem Vítimas";"Pleno dia";"Crescente";"Céu Claro";"Dupla";"Reta";"Não";1;0;0;0;1;0;0;1;-29,824709;-51,34256;"SPRF-RS";"DEL04-RS";"UOP02-DEL04-RS"
233263;2019-09-05;"quinta-feira";"08:30:00";"RS";392;352;"SANTA MARIA";"Falta de Atenção à Condução";"Atropelamento de Pedestre";"Com Vítimas Feridas";"Pleno dia";"Crescente";"Céu Claro";"Simples";"Reta";"Sim";3;0;1;0;2;0;1;2;-29,720404;-53,807632;"SPRF-RS";"DEL09-RS";"UOP01-DEL09-RS"
233264;2019-06-22;"sábado";"00:50:00";"PR";376;176;"MARINGA";"Falta de Atenção à Condução";"Colisão lateral";"Com Vítimas Feridas";"Plena Noite";"Crescente";"Ignorado";"Dupla";"Reta";"Sim";3;0;0;1;2;0;1;2;-23,41117871;-51,93672359;"SPRF-PR";"DEL07-PR";"UOP01-DEL09-PR"
233265;2019-09-05;"quinta-feira";"05:00:00";"PR";476;115,8;"COLOMBO";"Falta de Atenção à Condução";"Colisão com objeto estático";"Sem Vítimas";"Pleno dia";"Crescente";"Céu Claro";"Dupla";"Reta";"Sim";1;0;0;0;1;0;0;1;-25,344196;-49,159679;"SPRF-PR";"DEL01-PR";"UOP07-DEL01-PR"
233266;2019-09-05;"quinta-feira";"07:35:00";"GO";158;2,3;"ARAGARCAS";"Falta de Atenção à Condução";"Colisão frontal";"Com Vítimas Feridas";"Pleno dia";"Decrescente";"Céu Claro";"Simples";"Interseção de Vias";"Sim";3;0;2;0;1;0;2;2;-15,897061;-52,23549;"SPRF-GO";"DEL04-GO";"UOP01-DEL04-GO"
233268;2019-09-04;"quarta-feira";"21:17:00";"RJ";393;106;"SAPUCAIA";"Falta de Atenção à Condução";"Colisão transversal";"Com Vítimas Feridas";"Plena Noite";"Decrescente";"Céu Claro";"Simples";"Reta";"Não";6;0;1;0;5;0;1;2;-21,87774811;-42,6688385;"SPRF-RJ";"DEL06-RJ";"UOP01-DEL05-RJ"
233270;2019-09-05;"quinta-feira";"07:00:00";"MG";381;489;"BETIM";"Falta de Atenção à Condução";"Colisão lateral";"Com Vítimas Feridas";"Pleno dia";"Decrescente";"Céu Claro";"Múltipla";"Reta";"Sim";2;0;1;0;1;0;1;2;-19,96245618;-44,16455495;"SPRF-MG";"DEL01-MG";"UOP03-DEL01-MG"
233271;2019-09-05;"quinta-feira";"06:00:00";"MG";262;365;"JUATUBA";"Defeito Mecânico no Veículo";"Incêndio";"Sem Vítimas";"Amanhecer";"Crescente";"Céu Claro";"Dupla";"Reta";"Não";3;0;0;0;3;0;0;1;-19,97856934;-44,25336717;"SPRF-MG";"DEL01-MG";"UOP03-DEL01-MG"
233272;2019-08-06;"terça-feira";"00:15:00";"MA";316;578;"CAXIAS";"Animais na Pista";"Atropelamento de Animal";"Com Vítimas Fatais";"Plena Noite";"Crescente";"Céu Claro";"Simples";"Reta";"Sim";1;1;0;0;0;0;0;1;-4,952184;-43,135693;"SPRF-MA";"DEL03-MA";"UOP02-DEL03-MA"
233274;2019-09-05;"quinta-feira";"07:56:00";"RO";364;237,8;"CACOAL";"Falta de Atenção à Condução";"Colisão transversal";"Com Vítimas Feridas";"Pleno dia";"Decrescente";"Céu Claro";"Simples";"Retorno Regulamentado";"Sim";2;0;1;0;1;0;1;2;-11,43976867;-61,45314401;"SPRF-RO";"DEL02-RO";"UOP02-DEL02-RO"
233275;2019-09-05;"quinta-feira";"07:05:00";"SC";282;15,7;"PALHOCA";"Desobediência às normas de trânsito pelo condutor";"Colisão transversal";"Com Vítimas Feridas";"Pleno dia";"Decrescente";"Nublado";"Simples";"Reta";"Sim";2;0;1;1;0;0;2;2;-27,65797347;-48,68130505;"SPRF-SC";"DEL01-SC";"UOP02-DEL01-SC"
233276;2019-09-05;"quinta-feira";"09:10:00";"PI";316;9;"TERESINA";"Desobediência às normas de trânsito pelo condutor";"Colisão transversal";"Com Vítimas Feridas";"Pleno dia";"Decrescente";"Sol";"Simples";"Reta";"Sim";2;0;1;0;1;0;1;2;-5,17381686;-42,76624952;"SPRF-PI";"DEL01-PI";"UOP02-DEL01-PI"
233279;2019-07-03;"quarta-feira";"17:00:00";"ES";262;2;"CARIACICA";"Desobediência às normas de trânsito pelo condutor";"Colisão transversal";"Com Vítimas Feridas";"Anoitecer";"Decrescente";"Céu Claro";"Dupla";"Interseção de Vias;Reta";"Sim";5;0;0;3;2;0;3;4;-20,33275688;-40,36077696;"SPRF-ES";"DEL01-ES";"UOP01-DEL01-ES"
233280;2019-09-05;"quinta-feira";"09:18:00";"MG";381;645,4;"SANTO ANTONIO DO AMPARO";"Velocidade Incompatível";"Saída de leito carroçável";"Com Vítimas Feridas";"Pleno dia";"Crescente";"Ignorado";"Dupla";"Curva";"Não";3;0;0;3;0;0;3;1;-20,9545835;-44,8944085;"SPRF-MG";"DEL04-MG";"UOP01-DEL04-MG"
233281;2019-09-05;"quinta-feira";"06:15:00";"GO";50;184,3;"CAMPO ALEGRE DE GOIAS";"Condutor Dormindo";"Saída de leito carroçável";"Com Vítimas Feridas";"Amanhecer";"Crescente";"Céu Claro";"Dupla";"Reta";"Não";1;0;0;1;0;0;1;1;-17,4413;-47,8018;"SPRF-GO";"DEL06-GO";"UOP01-DEL06-GO"
233282;2019-08-11;"domingo";"05:30:00";"MA";230;410;"BALSAS";"Animais na Pista";"Atropelamento de Animal";"Com Vítimas Fatais";"Amanhecer";"Crescente";"Céu Claro";"Simples";"Reta";"Não";1;1;0;0;0;0;0;1;-7,51005225;-46,09295409;"SPRF-MA";"DEL05-MA";"UOP01-DEL05-MA"
233283;2019-09-05;"quinta-feira";"10:00:00";"CE";116;13,4;"FORTALEZA";"Avarias e/ou desgaste excessivo no pneu";"Tombamento";"Com Vítimas Feridas";"Pleno dia";"Decrescente";"Céu Claro";"Múltipla";"Reta";"Não";2;0;2;0;0;0;2;1;-3,86088501;-38,49715296;"SPRF-CE";"DEL01-CE";"UOP02-DEL01-CE"
233284;2019-07-07;"domingo";"05:30:00";"ES";393;0,9;"CACHOEIRO DE ITAPEMIRIM";"Mal Súbito";"Colisão com objeto estático";"Com Vítimas Fatais";"Amanhecer";"Crescente";"Céu Claro";"Simples";"Reta";"Sim";1;1;0;0;0;0;0;1;-20,841324;-41,15929;"SPRF-ES";"DEL03-ES";"UOP02-DEL03-ES"
233286;2019-07-26;"sexta-feira";"19:10:00";"AC";364;132;"RIO BRANCO";"Defeito na Via";"Queda de ocupante de veículo";"Com Vítimas Feridas";"Plena Noite";"Decrescente";"Ignorado";"Dupla";"Rotatória";"Sim";2;0;1;0;0;1;1;2;-10,00711671;-67,84867829;"SPRF-AC";"DEL01-AC";"UOP01-DEL01-AC"
233287;2019-09-05;"quinta-feira";"10:30:00";"RS";285;446,2;"BOZANO";"Velocidade Incompatível";"Colisão frontal";"Com Vítimas Feridas";"Pleno dia";"Decrescente";"Céu Claro";"Simples";"Reta";"Não";4;0;1;2;1;0;3;2;-28,364635;-53,792011;"SPRF-RS";"DEL10-RS";"UOP01-DEL10-RS"
233289;2019-09-05;"quinta-feira";"10:45:00";"PI";343;4,4;"TERESINA";"Não guardar distância de segurança";"Colisão traseira";"Sem Vítimas";"Pleno dia";"Crescente";"Céu Claro";"Dupla";"Reta";"Sim";2;0;0;0;2;0;0;2;-5,056704;-42,684225;"SPRF-PI";"DEL05-PI";"UOP01-DEL05-PI"
233290;2019-09-01;"domingo";"23:30:00";"PR";476;130;"CURITIBA";"Falta de Atenção à Condução";"Saída de leito carroçável";"Sem Vítimas";"Plena Noite";"Crescente";"Chuva";"Dupla";"Reta";"Sim";1;0;0;0;1;0;0;1;-25,449564;-49,236427;"SPRF-PR";"DEL01-PR";"UOP07-DEL01-PR"
233293;2019-09-05;"quinta-feira";"11:30:00";"PB";104;133,5;"QUEIMADAS";"Não guardar distância de segurança";"Tombamento";"Com Vítimas Feridas";"Pleno dia";"Decrescente";"Céu Claro";"Simples";"Reta";"Sim";1;0;1;0;0;0;1;1;-7,31220697;-35,89417627;"SPRF-PB";"DEL02-PB";"UOP03-DEL02-PB"
233295;2019-09-05;"quinta-feira";"12:30:00";"PB";230;17,5;"JOAO PESSOA";"Falta de Atenção à Condução";"Colisão lateral";"Com Vítimas Feridas";"Pleno dia";"Crescente";"Céu Claro";"Dupla";"Reta";"Sim";2;0;0;1;1;0;1;2;-7,11824139;-34,84415;"SPRF-PB";"DEL01-PB";"UOP01-DEL01-PB"