"id";"data_inversa";"dia_semana";"horario";"uf";"br";"km";"municipio";"causa_acidente";"tipo_acidente";"classificacao_acidente";"fase_dia";"sentido_via";"condicao_metereologica";"tipo_pista";"tracado_via";"uso_solo";"pessoas";"mortos";"feridos_leves";"feridos_graves";"ilesos";"ignorados";"feridos";"veiculos";"latitude";"longitude";"regional";"delegacia";"uop"
233296;2019-09-05;"quinta-feira";"12:50:00";"RJ";101;82,5;"CAMPOS DOS GOYTACAZES";"Falta de Atenção à Condução";"Saída de leito carroçável";"Com Vítimas Fatais";"Pleno dia";"Decrescente";"Chuva";"Dupla";"Curva";"Não";3;1;2;0;0;0;2;1;-21,82198875;-41,46111095;"SPRF-RJ";"DEL08-RJ";"UOP02-DEL08-RJ"
233298;2019-09-05;"quinta-feira";"12:30:00";"DF";70;10;"BRASILIA";"Defeito Mecânico no Veículo";"Incêndio";"Sem Vítimas";"Pleno dia";"Crescente";"Céu Claro";"Dupla";"Reta";"Sim";1;0;0;0;1;0;0;1;-15,787066;-48,140709;"SPRF-DF";"DEL01-DF";"UOP02-DEL03-DF"
233303;2019-09-05;"quinta-feira";"12:48:00";"GO";153;506,8;"APARECIDA DE GOIANIA";"Defeito Mecânico no Veículo";"Queda de ocupante de veículo";"Com Vítimas Feridas";"Pleno dia";"Crescente";"Céu Claro";"Múltipla";"Reta";"Sim";2;0;2;0;0;0;2;1;-16,7633;-49,24;"SPRF-GO";"DEL01-GO";"UOP01-DEL01-GO"
233305;2019-09-05;"quinta-feira";"13:00:00";"MG";381;360;"JOAO MONLEVADE";"Falta de Atenção à Condução";"Saída de leito carroçável";"Com Vítimas Feridas";"Pleno dia";"Decrescente";"Nublado";"Simples";"Reta";"Sim";1;0;1;0;0;0;1;1;-19,83729499;-43,18755815;"SPRF-MG";"DEL03-MG";"UOP01-DEL03-MG"
233306;2019-09-05;"quinta-feira";"12:10:00";"SP";116;34;"CRUZEIRO";"Falta de Atenção à Condução";"Tombamento";"Com Vítimas Feridas";"Pleno dia";"Decrescente";"Nublado";"Simples";"Declive;Rotatória;Curva";"Não";2;0;2;0;0;0;2;1;-22,65447396;-44,95940103;"SPRF-SP";"DEL08-SP";"UOP02-DEL08-SP"
233308;2019-09-05;"quinta-feira";"13:40:00";"GO";153;511,7;"APARECIDA DE GOIANIA";"Desobediência às normas de trânsito pelo condutor";"Saída de leito carroçável";"Com Vítimas Feridas";"Pleno dia";"Crescente";"Céu Claro";"Múltipla";"Reta";"Sim";2;0;1;0;0;1;1;2;-16,8046;-49,2394;"SPRF-GO";"DEL01-GO";"UOP03-DEL01-GO"
233311;2019-09-05;"quinta-feira";"08:00:00";"RJ";101;320;"NITEROI";"Falta de Atenção à Condução";"Colisão traseira";"Com Vítimas Feridas";"Pleno dia";"Crescente";"Chuva";"Dupla";"Reta";"Sim";2;0;1;0;1;0;1;2;-22,86171098;-43,10714015;"SPRF-RJ";"DEL02-RJ";"UOP02-DEL02-RJ"
233312;2019-09-05;"quinta-feira";"12:45:00";"MS";262;625,4;"MIRANDA";"Avarias e/ou desgaste excessivo no pneu";"Saída de leito carroçável";"Com Vítimas Feridas";"Pleno dia";"Decrescente";"Céu Claro";"Simples";"Reta";"Não";4;0;2;1;1;0;3;1;-19,90894805;-56,86252312;"SPRF-MS";"DEL03-MS";"UOP02-DEL03-MS"
233314;2019-09-05;"quinta-feira";"12:55:00";"ES";101;66;"SAO MATEUS";"Não guardar distância de segurança";"Tombamento";"Com Vítimas Feridas";"Pleno dia";"Crescente";"Céu Claro";"Simples";"Reta";"Sim";1;0;1;0;0;0;1;1;-18,7165195;-39,87436378;"SPRF-ES";"DEL04-ES";"UOP02-DEL04-ES"
233316;2019-09-05;"quinta-feira";"12:20:00";"RO";364;518,2;"ARIQUEMES";"Desobediência às normas de trânsito pelo condutor";"Colisão transversal";"Com Vítimas Feridas";"Pleno dia";"Crescente";"Céu Claro";"Dupla";"Aclive";"Sim";2;0;1;0;1;0;1;2;-9,897787;-63,05624596;"SPRF-RO";"DEL03-RO";"UOP01-DEL03-RO"
233320;2019-09-05;"quinta-feira";"14:10:00";"SC";282;1,5;"FLORIANOPOLIS";"Não guardar distância de segurança";"Colisão traseira";"Com Vítimas Feridas";"Pleno dia";"Decrescente";"Céu Claro";"Múltipla";"Reta;Declive";"Sim";2;0;0;1;1;0;1;2;-27,602955;-48,580509;"SPRF-SC";"DEL01-SC";"UOP01-DEL01-SC"
233322;2019-09-05;"quinta-feira";"13:30:00";"PB";101;75,2;"SANTA RITA";"Velocidade Incompatível";"Colisão com objeto estático";"Com Vítimas Feridas";"Pleno dia";"Crescente";"Céu Claro";"Simples";"Curva";"Não";2;0;2;0;0;0;2;1;-7,08342296;-34,97202399;"SPRF-PB";"DEL01-PB";"UOP04-DEL01-PB"
233323;2019-09-05;"quinta-feira";"14:10:00";"RS";116;315,4;"GUAIBA";"Condutor Dormindo";"Saída de leito carroçável";"Com Vítimas Feridas";"Pleno dia";"Crescente";"Céu Claro";"Simples";"Reta";"Não";3;0;2;0;1;0;2;1;-30,24564098;-51,40594986;"SPRF-RS";"DEL02-RS";"UOP01-DEL02-RS"
233325;2019-09-05;"quinta-feira";"13:25:00";"MT";174;4,4;"PONTES E LACERDA";"Desobediência às normas de trânsito pelo condutor";"Colisão transversal";"Com Vítimas Feridas";"Pleno dia";"Crescente";"Céu Claro";"Simples";"Reta";"Sim";4;0;2;0;2;0;2;2;-15,22628281;-59,33992624;"SPRF-MT";"DEL04-MT";"UOP01-DEL04-MT"
233326;2019-09-05;"quinta-feira";"14:40:00";"ES";262;78,6;"DOMINGOS MARTINS";"Falta de Atenção à Condução";"Saída de leito carroçável";"Com Vítimas Feridas";"Pleno dia";"Crescente";"Chuva";"Simples";"Curva";"Não";1;0;1;0;0;0;1;1;-20,41115651;-40,92351223;"SPRF-ES";"DEL01-ES";"UOP02-DEL01-ES"
233328;2019-09-05;"quinta-feira";"14:30:00";"RJ";101;300;"SAO GONCALO";"Falta de Atenção à Condução";"Colisão traseira";"Sem Vítimas";"Pleno dia";"Crescente";"Céu Claro";"Dupla";"Reta";"Sim";2;0;0;0;2;0;0;2;-22,7931742;-43,0249675;"SPRF-RJ";"DEL02-RJ";"DEL5/2-UOP04/RJ"
233330;2019-09-05;"quinta-feira";"14:30:00";"MS";163;376,9;"NOVA ALVORADA DO SUL";"Defeito Mecânico no Veículo";"Tombamento";"Com Vítimas Feridas";"Pleno dia";"Decrescente";"Céu Claro";"Simples";"Reta";"Não";2;0;2;0;0;0;2;1;-21,3759;-54,41288299;"SPRF-MS";"DEL02-MS";"UOP01-DEL02-MS"
233332;2019-09-05;"quinta-feira";"14:40:00";"PR";277;584,6;"CASCAVEL";"Falta de Atenção à Condução";"Colisão lateral";"Com Vítimas Feridas";"Pleno dia";"Decrescente";"Céu Claro";"Simples";"Reta";"Sim";3;0;2;0;1;0;2;2;-24,96684176;-53,40258186;"SPRF-PR";"DEL04-PR";"UOP01-DEL04-PR"
233337;2019-09-05;"quinta-feira";"15:20:00";"RS";287;248,5;"SANTA MARIA";"Falta de Atenção à Condução";"Colisão traseira";"Sem Vítimas";"Pleno dia";"Decrescente";"Céu Claro";"Simples";"Interseção de Vias";"Sim";2;0;0;0;2;0;0;2;-29,696018;-53,850956;"SPRF-RS";"DEL09-RS";"UOP01-DEL09-RS"
233341;2019-09-05;"quinta-feira";"15:25:00";"MG";116;415,8;"GOVERNADOR VALADARES";"Falta de Atenção à Condução";"Colisão traseira";"Com Vítimas Feridas";"Pleno dia";"Decrescente";"Céu Claro";"Simples";"Reta";"Sim";2;0;0;1;1;0;1;2;-18,88392683;-41,95098122;"SPRF-MG";"DEL06-MG";"UOP01-DEL06-MG"
233342;2019-09-05;"quinta-feira";"16:25:00";"PR";376;217;"JANDAIA DO SUL";"Desobediência às normas de trânsito pelo condutor";"Colisão transversal";"Com Vítimas Feridas";"Pleno dia";"Decrescente";"Céu Claro";"Simples";"Interseção de Vias";"Sim";3;0;2;0;1;0;2;2;-23,59767281;-51,63339596;"SPRF-PR";"DEL07-PR";"UOP03-DEL07-PR"
233344;2019-09-05;"quinta-feira";"16:15:00";"PB";101;87;"JOAO PESSOA";"Desobediência às normas de trânsito pelo condutor";"Colisão transversal";"Com Vítimas Feridas";"Pleno dia";"Crescente";"Céu Claro";"Dupla";"Reta";"Sim";2;0;0;1;0;1;1;2;-7,15886802;-34,90628504;"SPRF-PB";"DEL01-PB";"UOP01-DEL01-PB"
233345;2019-09-05;"quinta-feira";"16:35:00";"RJ";101;295;"ITABORAI";"Falta de Atenção à Condução";"Colisão traseira";"Sem Vítimas";"Anoitecer";"Decrescente";"Chuva";"Dupla";"Reta";"Sim";2;0;0;0;2;0;0;2;-22,76365068;-42,90223623;"SPRF-RJ";"DEL02-RJ";"DEL5/2-UOP04/RJ"
233346;2019-09-05;"quinta-feira";"16:30:00";"RJ";356;101;"CARDOSO MOREIRA";"Pista Escorregadia";"Saída de leito carroçável";"Com Vítimas Feridas";"Pleno dia";"Crescente";"Chuva";"Simples";"Declive";"Não";1;0;1;0;0;0;1;1;-21,53017609;-41,52761303;"SPRF-RJ";"DEL08-RJ";"UOP03-DEL08-RJ"
233348;2019-09-05;"quinta-feira";"15:35:00";"MT";364;309;"JACIARA";"Falta de Atenção à Condução";"Saída de leito carroçável";"Com Vítimas Feridas";"Pleno dia";"Crescente";"Céu Claro";"Dupla";"Reta";"Não";3;0;2;1;0;0;3;1;-15,81682288;-55,22982198;"SPRF-MT";"DEL02-MT";"UOP02-DEL05-MT"
233349;2019-09-05;"quinta-feira";"17:00:00";"PR";376;450;"TIBAGI";"Velocidade Incompatível";"Saída de leito carroçável";"Sem Vítimas";"Pleno dia";"Crescente";"Chuva";"Dupla";"Curva";"Não";1;0;0;0;1;0;0;1;-24,87747777;-50,44183915;"SPRF-PR";"DEL03-PR";"UOP02-DEL03-PR"
233350;2019-09-05;"quinta-feira";"16:45:00";"AL";316;84;"SANTANA DO IPANEMA";"Falta de Atenção à Condução";"Colisão transversal";"Com Vítimas Feridas";"Pleno dia";"Decrescente";"Céu Claro";"Simples";"Interseção de Vias";"Sim";3;0;1;0;2;0;1;2;-9,36681348;-37,25183498;"SPRF-AL";"DEL03-AL";"UOP02-DEL03-AL"
233352;2019-09-05;"quinta-feira";"17:10:00";"RJ";101;62;"CAMPOS DOS GOYTACAZES";"Desobediência às normas de trânsito pelo condutor";"Colisão transversal";"Com Vítimas Feridas";"Plena Noite";"Crescente";"Chuva";"Simples";"Reta";"Sim";3;0;2;0;1;0;2;2;-21,73473386;-41,32504025;"SPRF-RJ";"DEL08-RJ";"UOP01-DEL08-RJ"
233356;2019-09-05;"quinta-feira";"17:20:00";"SP";116;224,2;"GUARULHOS";"Falta de Atenção à Condução";"Colisão traseira";"Com Vítimas Feridas";"Anoitecer";"Crescente";"Nublado";"Dupla";"Reta";"Sim";2;0;1;0;1;0;1;2;-23,48071896;-46,53271603;"SPRF-SP";"DEL01-SP";"UOP01-DEL01-SP"
233361;2019-09-05;"quinta-feira";"18:00:00";"PR";158;535,2;"PATO BRANCO";"Pista Escorregadia";"Queda de ocupante de veículo";"Com Vítimas Feridas";"Anoitecer";"Crescente";"Garoa/Chuvisco";"Simples";"Interseção de Vias;Reta";"Sim";1;0;1;0;0;0;1;1;-26,23547098;-52,69066504;"SPRF-PR";"DEL02-PR";"UOP01-DEL02-PR"
233363;2019-09-05;"quinta-feira";"17:55:00";"SP";488;5;"APARECIDA";"Falta de Atenção à Condução";"Colisão lateral";"Com Vítimas Feridas";"Plena Noite";"Crescente";"Chuva";"Dupla";"Reta";"Sim";2;0;0;1;1;0;1;2;-22,865681;-45,25523;"SPRF-SP";"DEL08-SP";"UOP01-DEL08-SP"
233364;2019-09-05;"quinta-feira";"17:25:00";"RS";116;222,2;"DOIS IRMAOS";"Desobediência às normas de trânsito pelo condutor";"Colisão transversal";"Com Vítimas Feridas";"Pleno dia";"Crescente";"Céu Claro";"Simples";"Reta";"Sim";2;0;1;1;0;0;2;2;-29,58096695;-51,09515511;"SPRF-RS";"DEL01-RS";"UOP02-DEL01-RS"
233365;2019-09-05;"quinta-feira";"18:10:00";"PB";230;24;"JOAO PESSOA";"Não guardar distância de segurança";"Queda de ocupante de veículo";"Com Vítimas Feridas";"Plena Noite";"Decrescente";"Céu Claro";"Dupla";"Reta";"Sim";1;0;0;1;0;0;1;1;-7,1637;-34,8618;"SPRF-PB";"DEL01-PB";"UOP01-DEL01-PB"
233366;2019-09-05;"quinta-feira";"16:50:00";"RJ";101;294,2;"ITABORAI";"Não guardar distância de segurança";"Queda de ocupante de veículo";"Com Vítimas Feridas";"Anoitecer";"Decrescente";"Chuva";"Dupla";"Reta";"Não";1;0;1;0;0;0;1;1;-22,7584434;-42,89502344;"SPRF-RJ";"DEL02-RJ";"DEL5/2-UOP04/RJ"
233367;2019-09-05;"quinta-feira";"17:40:00";"PB";230;160,6;"CAMPINA GRANDE";"Desobediência às normas de trânsito pelo condutor";"Colisão transversal";"Com Vítimas Feridas";"Anoitecer";"Decrescente";"Céu Claro";"Simples";"Retorno Regulamentado;Reta";"Sim";2;0;1;0;1;0;1;2;-7,243603;-35,937496;"SPRF-PB";"DEL02-PB";"UOP01-DEL02-PB"
233370;2019-09-05;"quinta-feira";"18:40:00";"MG";40;789,5;"JUIZ DE FORA";"Animais na Pista";"Atropelamento de Animal";"Com Vítimas Feridas";"Plena Noite";"Crescente";"Céu Claro";"Dupla";"Reta";"Não";1;0;0;1;0;0;1;1;-21,75969297;-43,44077628;"SPRF-MG";"DEL05-MG";"UOP01-DEL05-MG"
233371;2019-09-05;"quinta-feira";"17:00:00";"SC";101;138;"BALNEARIO CAMBORIU";"Falta de Atenção à Condução";"Colisão lateral";"Com Vítimas Feridas";"Pleno dia";"Crescente";"Sol";"Dupla";"Reta";"Sim";2;0;1;0;1;0;1;2;-27,02397426;-48,60761649;"SPRF-SC";"DEL04-SC";"UOP03-DEL04-SC"
233372;2019-09-05;"quinta-feira";"18:30:00";"RS";116;154;"CAXIAS DO SUL";"Desobediência às normas de trânsito pelo condutor";"Colisão lateral";"Com Vítimas Feridas";"Plena Noite";"Crescente";"Céu Claro";"Simples";"Reta";"Sim";3;0;2;0;1;0;2;2;-29,19074818;-51,18073734;"SPRF-RS";"DEL05-RS";"UOP01-DEL05-RS"
233373;2019-09-05;"quinta-feira";"18:20:00";"PA";230;73;"SAO JOAO DO ARAGUAIA";"Falta de Atenção do Pedestre";"Atropelamento de Pedestre";"Com Vítimas Fatais";"Plena Noite";"Crescente";"Céu Claro";"Simples";"Reta";"Não";2;1;0;0;1;0;0;2;-5,49009572;-48,73379489;"SPRF-PA";"DEL03-PA";"UOP01-DEL03-PA"
233374;2019-09-05;"quinta-feira";"19:15:00";"RS";293;14,9;"CAPAO DO LEAO";"Desobediência às normas de trânsito pelo condutor";"Colisão transversal";"Com Vítimas Feridas";"Plena Noite";"Decrescente";"Céu Claro";"Simples";"Interseção de Vias";"Não";2;0;2;0;0;0;2;2;-31,75233352;-52,4609969;"SPRF-RS";"DEL07-RS";"UOP01-DEL07-RS"
233375;2019-09-02;"segunda-feira";"00:47:00";"RJ";116;234;"PIRAI";"Defeito Mecânico no Veículo";"Incêndio";"Sem Vítimas";"Plena Noite";"Decrescente";"Chuva";"Dupla";"Reta";"Não";1;0;0;0;1;0;0;1;-22,66632663;-43,84704988;"SPRF-RJ";"DEL07-RJ";"UOP01-DEL07-RJ"
233376;2019-09-05;"quinta-feira";"18:00:00";"SP";116;455;"REGISTRO";"Falta de Atenção à Condução";"Queda de ocupante de veículo";"Com Vítimas Feridas";"Anoitecer";"Crescente";"Chuva";"Dupla";"Reta";"Não";1;0;1;0;0;0;1;1;-24,57253407;-47,88134891;"SPRF-SP";"DEL05-SP";"UOP01-DEL05-SP"
233377;2019-09-05;"quinta-feira";"18:10:00";"PE";316;82,6;"OURICURI";"Desobediência às normas de trânsito pelo condutor";"Colisão com objeto em movimento";"Com Vítimas Feridas";"Plena Noite";"Decrescente";"Ignorado";"Simples";"Reta";"Sim";5;0;2;2;1;0;4;4;-7,8712915;-40,09366321;"SPRF-PE";"DEL05-PE";"UOP02-DEL05-PE"
233378;2019-09-05;"quinta-feira";"18:50:00";"RS";386;271;"FONTOURA XAVIER";"Falta de Atenção do Pedestre";"Atropelamento de Pedestre";"Com Vítimas Fatais";"Plena Noite";"Crescente";"Céu Claro";"Simples";"Reta";"Sim";3;1;0;0;1;1;0;2;-28,981363;-52,36705;"SPRF-RS";"DEL04-RS";"UOP03-DEL04-RS"
233379;2019-09-05;"quinta-feira";"16:30:00";"RO";364;94;"VILHENA";"Desobediência às normas de trânsito pelo condutor";"Colisão lateral";"Com Vítimas Feridas";"Pleno dia";"Crescente";"Céu Claro";"Simples";"Aclive";"Não";1;0;1;0;0;0;1;1;-12,32612502;-60,63416009;"SPRF-RO";"DEL04-RO";"UOP01-DEL04-RO"
233380;2019-09-05;"quinta-feira";"19:30:00";"PR";369;140,5;"IBIPORA";"Desobediência às normas de trânsito pelo condutor";"Colisão traseira";"Com Vítimas Feridas";"Plena Noite";"Crescente";"Nublado";"Simples";"Aclive;Reta";"Sim";4;0;0;1;3;0;1;2;-23,28120588;-51,06949836;"SPRF-PR";"DEL07-PR";"UOP01-DEL07-PR"
233382;2019-09-05;"quinta-feira";"17:40:00";"PR";369;186,8;"ARAPONGAS";"Falta de Atenção à Condução";"Colisão transversal";"Com Vítimas Feridas";"Anoitecer";"Decrescente";"Céu Claro";"Simples";"Reta";"Sim";2;0;1;0;1;0;1;2;-23,422782;-51,424032;"SPRF-PR";"DEL07-PR";"UOP03-DEL07-PR"
233384;2019-09-05;"quinta-feira";"19:15:00";"PB";230;21,7;"JOAO PESSOA";"Falta de Atenção à Condução";"Colisão traseira";"Sem Vítimas";"Plena Noite";"Decrescente";"Nublado";"Dupla";"Reta";"Sim";4;0;0;0;1;3;0;3;-7,1415;-34,8519;"SPRF-PB";"DEL01-PB";"UOP01-DEL01-PB"
233385;2019-09-05;"quinta-feira";"19:55:00";"SC";101;199,2;"SAO JOSE";"Falta de Atenção à Condução";"Colisão transversal";"Com Vítimas Feridas";"Plena Noite";"Crescente";"Nublado";"Múltipla";"Reta";"Sim";3;0;1;1;1;0;2;2;-27,53413705;-48,63003205;"SPRF-SC";"DEL01-SC";"UOP01-DEL01-SC"
233386;2019-09-05;"quinta-feira";"18:30:00";"BA";101;164,5;"CONCEICAO DO JACUIPE";"Falta de Atenção à Condução";"Colisão traseira";"Com Vítimas Feridas";"Plena Noite";"Decrescente";"Chuva";"Simples";"Reta";"Não";4;0;3;0;1;0;3;2;-12,35551436;-38,782478;"SPRF-BA";"DEL01-BA";"UOP03-DEL01-BA"
233387;2019-09-05;"quinta-feira";"17:30:00";"MA";10;254,8;"IMPERATRIZ";"Falta de Atenção à Condução";"Colisão transversal";"Com Vítimas Feridas";"Anoitecer";"Decrescente";"Céu Claro";"Múltipla";"Interseção de Vias";"Sim";2;0;1;0;1;0;1;2;-5,51516705;-47,4715054;"SPRF-MA";"DEL04-MA";"UOP01-DEL04-MA"
233389;2019-09-05;"quinta-feira";"17:45:00";"MG";267;31,5;"ARGIRITA";"Velocidade Incompatível";"Capotamento";"Com Vítimas Feridas";"Anoitecer";"Decrescente";"Chuva";"Simples";"Curva";"Não";2;0;1;0;1;0;1;1;-21,64465779;-42,8469463;"SPRF-MG";"DEL07-MG";"UOP01-DEL07-MG"
233390;2019-09-05;"quinta-feira";"15:35:00";"MA";135;121,6;"MIRANDA DO NORTE";"Ultrapassagem Indevida";"Saída de leito carroçável";"Sem Vítimas";"Pleno dia";"Decrescente";"Sol";"Simples";"Reta";"Não";6;0;0;0;6;0;0;4;-3,52741921;-44,55723052;"SPRF-MA";"DEL01-MA";"UOP02-DEL01-MA"
233391;2019-09-05;"quinta-feira";"20:00:00";"SC";282;3,7;"FLORIANOPOLIS";"Não guardar distância de segurança";"Colisão traseira";"Com Vítimas Feridas";"Pleno dia";"Crescente";"Céu Claro";"Dupla";"Reta";"Sim";2;0;1;0;1;0;1;2;-27,600384;-48,599705;"SPRF-SC";"DEL01-SC";"UOP01-DEL01-SC"
233392;2019-09-01;"domingo";"17:10:00";"BA";324;429;"RIACHAO DO JACUIPE";"Falta de Atenção à Condução";"Capotamento";"Sem Vítimas";"Anoitecer";"Crescente";"Céu Claro";"Simples";"Reta";"Não";6;0;0;0;6;0;0;1;-11,755865;-39,470634;"SPRF-BA";"DEL04-BA";"UOP02-DEL04-BA"
233393;2019-09-05;"quinta-feira";"20:55:00";"RN";427;100,9;"CAICO";"Ingestão de Álcool";"Colisão traseira";"Sem Vítimas";"Plena Noite";"Crescente";"Céu Claro";"Simples";"Curva";"Sim";2;0;0;0;2;0;0;2;-6,46080976;-37,10724015;"SPRF-RN";"DEL03-RN";"UOP01-DEL03-RN"
233394;2019-09-05;"quinta-feira";"18:50:00";"RO";174;14;"VILHENA";"Ultrapassagem Indevida";"Colisão lateral";"Com Vítimas Feridas";"Plena Noite";"Crescente";"Céu Claro";"Simples";"Interseção de Vias";"Sim";2;0;1;0;1;0;1;2;-12,73306632;-60,12981255;"SPRF-RO";"DEL04-RO";"UOP01-DEL04-RO"
233395;2019-09-05;"quinta-feira";"19:50:00";"RJ";40;38,1;"AREAL";"Condutor Dormindo";"Saída de leito carroçável";"Com Vítimas Feridas";"Plena Noite";"Decrescente";"Ignorado";"Dupla";"Curva";"Não";1;0;0;1;0;0;1;1;-22,22751025;-43,11963242;"SPRF-RJ";"DEL06-RJ";"UOP02-DEL05-RJ"
233396;2019-09-05;"quinta-feira";"20:50:00";"RJ";40;118;"DUQUE DE CAXIAS";"Falta de Atenção à Condução";"Colisão traseira";"Com Vítimas Feridas";"Plena Noite";"Crescente";"Chuva";"Múltipla";"Reta";"Sim";2;0;0;1;1;0;1;2;-22,75470802;-43,28737838;"SPRF-RJ";"DEL01-RJ";"UOP01-DEL01-RJ"
233400;2019-09-05;"quinta-feira";"20:30:00";"GO";60;14;"ALEXANIA";"Animais na Pista";"Atropelamento de Animal";"Com Vítimas Feridas";"Plena Noite";"Decrescente";"Céu Claro";"Dupla";"Declive";"Não";2;0;2;0;0;0;2;1;-16,094168;-48,517212;"SPRF-DF";"DEL01-DF";"UOP01-DEL03-DF"
233401;2019-09-05;"quinta-feira";"21:00:00";"PR";476;128;"CURITIBA";"Falta de Atenção à Condução";"Colisão traseira";"Sem Vítimas";"Plena Noite";"Crescente";"Céu Claro";"Múltipla";"Reta";"Sim";2;0;0;0;2;0;0;2;-25,433048;-49,23156;"SPRF-PR";"DEL01-PR";"UOP07-DEL01-PR"
233403;2019-06-29;"sábado";"08:20:00";"MG";153;38;"CANAPOLIS";"Falta de Atenção à Condução";"Saída de leito carroçável";"Com Vítimas Feridas";"Pleno dia";"Decrescente";"Céu Claro";"Dupla";"Reta";"Não";1;0;0;1;0;0;1;1;-18,73302108;-49,10715606;"SPRF-MG";"DEL15-MG";"UOP03-DEL15-MG"
233406;2019-09-05;"quinta-feira";"17:40:00";"SC";116;251,6;"LAGES";"Defeito Mecânico no Veículo";"Capotamento";"Com Vítimas Feridas";"Anoitecer";"Decrescente";"Garoa/Chuvisco";"Simples";"Reta";"Não";2;0;2;0;0;0;2;1;-27,84512201;-50,37880391;"SPRF-SC";"DEL05-SC";"UOP02-DEL05-SC"
233408;2019-09-05;"quinta-feira";"21:00:00";"RJ";101;502;"ANGRA DOS REIS";"Velocidade Incompatível";"Colisão com objeto estático";"Com Vítimas Feridas";"Plena Noite";"Crescente";"Garoa/Chuvisco";"Simples";"Reta";"Sim";2;0;0;2;0;0;2;1;-22,92526971;-44,36990312;"SPRF-RJ";"DEL03-RJ";"UOP03-DEL03-RJ"
233412;2019-09-05;"quinta-feira";"22:04:00";"CE";116;0,1;"FORTALEZA";"Desobediência às normas de trânsito pelo condutor";"Colisão transversal";"Com Vítimas Feridas";"Plena Noite";"Decrescente";"Céu Claro";"Múltipla";"Reta";"Sim";2;0;1;0;1;0;1;2;-3,754584;-38,523407;"SPRF-CE";"DEL01-CE";"UOP02-DEL01-CE"
233414;2019-09-05;"quinta-feira";"21:45:00";"CE";222;3;"FORTALEZA";"Desobediência às normas de trânsito pelo condutor";"Colisão transversal";"Com Vítimas Feridas";"Plena Noite";"Crescente";"Céu Claro";"Múltipla";"Reta";"Sim";2;0;1;1;0;0;2;2;-3,7403769;-38,59569202;"SPRF-CE";"DEL01-CE";"UOP01-DEL01-CE"
233417;2019-09-05;"quinta-feira";"21:10:00";"SE";235;1,8;"ARACAJU";"Falta de Atenção à Condução";"Colisão traseira";"Com Vítimas Feridas";"Plena Noite";"Crescente";"Chuva";"Dupla";"Reta;Aclive";"Sim";3;0;2;0;0;1;2;2;-10,90777666;-37,09016562;"SPRF-SE";"DEL01-SE";"UOP01-DEL01-SE"
233418;2019-09-05;"quinta-feira";"22:30:00";"MG";267;58,2;"BICAS";"Falta de Atenção à Condução";"Colisão com objeto estático";"Com Vítimas Feridas";"Plena Noite";"Crescente";"Nublado";"Simples";"Interseção de Vias";"Sim";2;0;1;0;1;0;1;1;-21,72287488;-43,03593913;"SPRF-MG";"DEL07-MG";"UOP01-DEL07-MG"
233419;2019-09-05;"quinta-feira";"07:00:00";"MG";40;530;"BELO HORIZONTE";"Desobediência às normas de trânsito pelo condutor";"Colisão lateral";"Com Vítimas Feridas";"Pleno dia";"Decrescente";"Céu Claro";"Dupla";"Reta";"Sim";2;0;1;0;1;0;1;2;-19,92064782;-44,0335681;"SPRF-MG";"DEL01-MG";"UOP02-DEL01-MG"
233420;2019-09-05;"quinta-feira";"06:40:00";"MG";40;510;"RIBEIRAO DAS NEVES";"Pista Escorregadia";"Queda de ocupante de veículo";"Com Vítimas Feridas";"Pleno dia";"Decrescente";"Céu Claro";"Simples";"Declive";"Não";1;0;1;0;0;0;1;1;-19,77463885;-44,12321882;"SPRF-MG";"DEL01-MG";"UOP02-DEL01-MG"
233422;2019-09-05;"quinta-feira";"22:30:00";"GO";40;9;"LUZIANIA";"Ingestão de Álcool";"Colisão traseira";"Sem Vítimas";"Plena Noite";"Crescente";"Céu Claro";"Simples";"Reta";"Sim";2;0;0;0;2;0;0;2;-16,131158;-47,957739;"SPRF-DF";"DEL01-DF";"UOP01-DEL01-DF"
233424;2019-09-05;"quinta-feira";"22:30:00";"PE";232;79,1;"GRAVATA";"Defeito Mecânico no Veículo";"Colisão com objeto estático";"Sem Vítimas";"Plena Noite";"Crescente";"Chuva";"Simples";"Aclive;Curva";"Sim";1;0;0;0;1;0;0;1;-8,19460572;-35,56074803;"SPRF-PE";"DEL01-PE";"UOP02-DEL02PE"
233426;2019-09-05;"quinta-feira";"20:30:00";"PR";376;189,3;"MARIALVA";"Ingestão de Álcool";"Saída de leito carroçável";"Sem Vítimas";"Plena Noite";"Decrescente";"Céu Claro";"Dupla";"Reta";"Não";1;0;0;0;1;0;0;1;-23,46773947;-51,82564795;"SPRF-PR";"DEL07-PR";"UOP01-DEL09-PR"
233427;2019-09-05;"quinta-feira";"22:15:00";"PR";376;169,1;"MARINGA";"Falta de Atenção à Condução";"Queda de ocupante de veículo";"Com Vítimas Feridas";"Plena Noite";"Decrescente";"Céu Claro";"Dupla";"Reta;Aclive";"Não";1;0;1;0;0;0;1;1;-23,41293401;-51,98354301;"SPRF-PR";"DEL07-PR";"UOP01-DEL09-PR"
233428;2019-09-05;"quinta-feira";"22:15:00";"MS";163;134,5;"NAVIRAI";"Agressão Externa";"Colisão lateral";"Sem Vítimas";"Plena Noite";"Decrescente";"Céu Claro";"Simples";"Reta";"Não";4;0;0;0;4;0;0;2;-23,02477182;-54,29396095;"SPRF-MS";"DEL09-MS";"UOP01-DEL09-MS"