"id";"data_inversa";"dia_semana";"horario";"uf";"br";"km";"municipio";"causa_acidente";"tipo_acidente";"classificacao_acidente";"fase_dia";"sentido_via";"condicao_metereologica";"tipo_pista";"tracado_via";"uso_solo";"pessoas";"mortos";"feridos_leves";"feridos_graves";"ilesos";"ignorados";"feridos";"veiculos";"latitude";"longitude";"regional";"delegacia";"uop"
233557;2019-09-06;"sexta-feira";"09:30:00";"PI";316;3,9;"TERESINA";"Falta de Atenção à Condução";"Colisão traseira";"Sem Vítimas";"Pleno dia";"Decrescente";"Céu Claro";"Múltipla";"Viaduto;Interseção de Vias";"Sim";2;0;0;0;1;1;0;2;-5,12826443;-42,79292384;"SPRF-PI";"DEL01-PI";"UOP02-DEL01-PI"
233558;2019-09-06;"sexta-feira";"15:15:00";"RN";304;296;"MACAIBA";"Falta de Atenção à Condução";"Colisão transversal";"Com Vítimas Feridas";"Pleno dia";"Decrescente";"Céu Claro";"Simples";"Reta";"Sim";2;0;1;0;1;0;1;2;-5,86484905;-35,34931012;"SPRF-RN";"DEL01-RN";"UOP02-DEL01-RN"
233559;2019-09-06;"sexta-feira";"15:35:00";"CE";20;404;"CAUCAIA";"Falta de Atenção à Condução";"Colisão lateral";"Com Vítimas Feridas";"Pleno dia";"Decrescente";"Céu Claro";"Dupla";"Reta";"Não";2;0;1;0;1;0;1;2;-3,77821762;-38,68607924;"SPRF-CE";"DEL01-CE";"UOP01-DEL01-CE"
233564;2019-08-25;"domingo";"19:00:00";"MS";262;409;"TERENOS";"Falta de Atenção à Condução";"Colisão traseira";"Com Vítimas Feridas";"Plena Noite";"Crescente";"Céu Claro";"Simples";"Reta";"Não";3;0;0;1;1;1;1;2;-20,43807971;-55,10494006;"SPRF-MS";"DEL01-MS";"UOP03-DEL01-MS"
233566;2019-09-06;"sexta-feira";"15:35:00";"PR";476;129;"CURITIBA";"Falta de Atenção à Condução";"Queda de ocupante de veículo";"Com Vítimas Feridas";"Pleno dia";"Crescente";"Nublado";"Dupla";"Reta";"Sim";1;0;1;0;0;0;1;1;-25,440983;-49,233715;"SPRF-PR";"DEL01-PR";"UOP07-DEL01-PR"
233567;2019-09-06;"sexta-feira";"15:13:00";"RO";364;12,2;"VILHENA";"Pista Escorregadia";"Queda de ocupante de veículo";"Com Vítimas Feridas";"Pleno dia";"Decrescente";"Céu Claro";"Dupla";"Reta";"Sim";1;0;0;1;0;0;1;1;-12,74370233;-60,12147609;"SPRF-RO";"DEL04-RO";"UOP01-DEL04-RO"
233571;2019-09-06;"sexta-feira";"16:00:00";"SC";101;203;"SAO JOSE";"Velocidade Incompatível";"Saída de leito carroçável";"Com Vítimas Feridas";"Pleno dia";"Decrescente";"Chuva";"Múltipla";"Reta";"Sim";1;0;1;0;0;0;1;1;-27,5650044;-48,61460082;"SPRF-SC";"DEL01-SC";"UOP01-DEL01-SC"
233574;2019-09-06;"sexta-feira";"14:31:00";"SP";116;117,1;"TAUBATE";"Mal Súbito";"Queda de ocupante de veículo";"Com Vítimas Feridas";"Pleno dia";"Decrescente";"Nublado";"Simples";"Reta";"Sim";1;0;1;0;0;0;1;1;-23,0582298;-45,6176951;"SPRF-SP";"DEL06-SP";"UOP02-DEL02-SP"
233576;2019-09-06;"sexta-feira";"15:10:00";"SP";153;35,6;"ONDA VERDE";"Ingestão de Álcool";"Colisão traseira";"Sem Vítimas";"Pleno dia";"Crescente";"Céu Claro";"Múltipla";"Reta";"Não";2;0;0;0;2;0;0;2;-20,58054802;-49,31936791;"SPRF-SP";"DEL09-SP";"UOP01-DEL09-SP"
233577;2019-09-06;"sexta-feira";"07:20:00";"MG";381;372;"SAO GONCALO DO RIO ABAIXO";"Pista Escorregadia";"Saída de leito carroçável";"Com Vítimas Feridas";"Pleno dia";"Crescente";"Chuva";"Simples";"Curva";"Não";2;0;1;0;1;0;1;1;-19,84301605;-43,31274033;"SPRF-MG";"DEL01-MG";"UOP01-DEL01-MG"
233579;2019-09-06;"sexta-feira";"12:00:00";"PE";110;125,7;"IBIMIRIM";"Ultrapassagem Indevida";"Colisão frontal";"Com Vítimas Fatais";"Pleno dia";"Crescente";"Céu Claro";"Simples";"Reta";"Não";3;1;1;1;0;0;2;2;-8,47164298;-37,50712901;"SPRF-PE";"DEL03-PE";"UOP02-DEL03-PE"
233580;2019-09-06;"sexta-feira";"16:00:00";"SC";101;206;"SAO JOSE";"Falta de Atenção à Condução";"Colisão traseira";"Sem Vítimas";"Pleno dia";"Crescente";"Chuva";"Dupla";"Reta";"Sim";2;0;0;0;2;0;0;2;-27,59193546;-48,61824557;"SPRF-SC";"DEL01-SC";"UOP01-DEL01-SC"
233581;2019-09-06;"sexta-feira";"14:55:00";"RO";364;347;"JI-PARANA";"Não guardar distância de segurança";"Colisão lateral";"Com Vítimas Feridas";"Pleno dia";"Crescente";"Céu Claro";"Simples";"Reta";"Sim";2;0;0;1;1;0;1;2;-10,86070186;-61,9761549;"SPRF-RO";"DEL02-RO";"UOP01-DEL02-RO"
233585;2019-09-06;"sexta-feira";"15:45:00";"RO";364;238;"CACOAL";"Desobediência às normas de trânsito pelo condutor";"Colisão transversal";"Com Vítimas Feridas";"Pleno dia";"Crescente";"Céu Claro";"Simples";"Interseção de Vias";"Sim";3;0;1;0;2;0;1;2;-11,4388578;-61,45471289;"SPRF-RO";"DEL02-RO";"UOP02-DEL02-RO"
233586;2019-09-06;"sexta-feira";"16:30:00";"DF";60;10,9;"BRASILIA";"Falta de Atenção à Condução";"Colisão transversal";"Com Vítimas Feridas";"Pleno dia";"Crescente";"Céu Claro";"Dupla";"Reta";"Não";2;0;1;0;1;0;1;2;-15,909476;-48,149597;"SPRF-DF";"DEL01-DF";"UOP01-DEL03-DF"
233587;2019-09-06;"sexta-feira";"16:20:00";"SC";282;602,2;"MARAVILHA";"Falta de Atenção à Condução";"Colisão transversal";"Com Vítimas Feridas";"Pleno dia";"Decrescente";"Céu Claro";"Simples";"Reta";"Não";4;0;2;0;2;0;2;2;-26,806049;-53,178757;"SPRF-SC";"DEL07-SC";"UOP02-DEL07-SC"
233588;2019-09-06;"sexta-feira";"16:30:00";"PR";376;175,2;"MARINGA";"Desobediência às normas de trânsito pelo condutor";"Colisão lateral";"Com Vítimas Feridas";"Pleno dia";"Crescente";"Céu Claro";"Múltipla";"Reta";"Sim";2;0;1;0;1;0;1;2;-23,4113569;-51,9407767;"SPRF-PR";"DEL07-PR";"UOP01-DEL09-PR"
233589;2019-09-06;"sexta-feira";"16:45:00";"SE";101;115,2;"ITAPORANGA DAJUDA";"Falta de Atenção à Condução";"Saída de leito carroçável";"Com Vítimas Feridas";"Pleno dia";"Decrescente";"Sol";"Dupla";"Curva";"Sim";1;0;1;0;0;0;1;1;-11,00570535;-37,30923772;"SPRF-SE";"DEL02-SE";"UOP01-DEL02-SE"
233590;2019-09-06;"sexta-feira";"09:35:00";"BA";407;22;"JUAZEIRO";"Defeito Mecânico no Veículo";"Incêndio";"Sem Vítimas";"Pleno dia";"Crescente";"Sol";"Simples";"Reta";"Sim";1;0;0;0;1;0;0;1;-9,58537093;-40,42466184;"SPRF-BA";"DEL04-BA";"UOP01-DEL04-BA"
233591;2019-07-20;"sábado";"19:40:00";"PR";163;350;"GUAIRA";"Falta de Atenção à Condução";"Colisão traseira";"Sem Vítimas";"Plena Noite";"Decrescente";"Céu Claro";"Simples";"Ponte";"Não";2;0;0;0;2;0;0;2;-24,06151244;-54,25666809;"SPRF-PR";"DEL06-PR";"UOP01-DEL06-PR"
233592;2019-09-06;"sexta-feira";"16:45:00";"RS";470;201;"BENTO GONCALVES";"Falta de Atenção à Condução";"Colisão com objeto estático";"Com Vítimas Feridas";"Pleno dia";"Crescente";"Nublado";"Simples";"Curva";"Não";1;0;1;0;0;0;1;1;-29,07245097;-51,58569103;"SPRF-RS";"DEL06-RS";"UOP02-DEL06-RS"
233594;2019-09-06;"sexta-feira";"17:00:00";"GO";60;52,5;"ABADIANIA";"Defeito Mecânico no Veículo";"Tombamento";"Com Vítimas Feridas";"Pleno dia";"Crescente";"Céu Claro";"Dupla";"Reta";"Não";2;0;2;0;0;0;2;1;-16,1702;-48,6402;"SPRF-GO";"DEL02-GO";"UOP01-DEL02-GO"
233595;2019-09-06;"sexta-feira";"13:00:00";"RJ";40;90;"PETROPOLIS";"Pista Escorregadia";"Saída de leito carroçável";"Com Vítimas Feridas";"Pleno dia";"Decrescente";"Garoa/Chuvisco";"Simples";"Curva";"Não";1;0;1;0;0;0;1;1;-22,550738;-43,236397;"SPRF-RJ";"DEL06-RJ";"UOP01-DEL06-RJ"
233597;2019-09-06;"sexta-feira";"16:35:00";"RS";116;119,8;"SAO MARCOS";"Velocidade Incompatível";"Colisão frontal";"Com Vítimas Feridas";"Pleno dia";"Crescente";"Nublado";"Simples";"Curva";"Não";2;0;1;0;1;0;1;2;-28,9961971;-51,07362295;"SPRF-RS";"DEL05-RS";"UOP01-DEL05-RS"
233599;2019-09-06;"sexta-feira";"17:05:00";"RS";116;248;"SAO LEOPOLDO";"Desobediência às normas de trânsito pelo condutor";"Colisão lateral";"Com Vítimas Feridas";"Pleno dia";"Decrescente";"Nublado";"Dupla";"Reta";"Sim";3;0;1;0;2;0;1;3;-29,77605895;-51,15508618;"SPRF-RS";"DEL01-RS";"UOP02-DEL01-RS"
233600;2019-09-06;"sexta-feira";"17:00:00";"RJ";101;272;"TANGUA";"Defeito Mecânico no Veículo";"Capotamento";"Com Vítimas Feridas";"Anoitecer";"Decrescente";"Chuva";"Dupla";"Reta";"Sim";2;0;2;0;0;0;2;1;-22,72935968;-42,70112512;"SPRF-RJ";"DEL02-RJ";"UOP03-DEL02-RJ"
233601;2019-09-06;"sexta-feira";"16:00:00";"MA";135;27,3;"BACABEIRA";"Pista Escorregadia";"Saída de leito carroçável";"Com Vítimas Feridas";"Pleno dia";"Crescente";"Chuva";"Dupla";"Reta";"Não";1;0;1;0;0;0;1;1;-2,777066;-44,374054;"SPRF-MA";"DEL01-MA";"UOP01-DEL01-MA"
233602;2019-09-06;"sexta-feira";"17:40:00";"ES";101;266,9;"SERRA";"Defeito Mecânico no Veículo";"Incêndio";"Sem Vítimas";"Anoitecer";"Decrescente";"Garoa/Chuvisco";"Dupla";"Reta";"Sim";1;0;0;0;1;0;0;1;-20,19888695;-40,26856553;"SPRF-ES";"DEL02-ES";"UOP01-DEL02-ES"
233603;2019-09-06;"sexta-feira";"14:30:00";"SC";116;237,2;"CORREIA PINTO";"Não guardar distância de segurança";"Colisão traseira";"Com Vítimas Feridas";"Pleno dia";"Crescente";"Nublado";"Simples";"Reta";"Não";2;0;1;0;1;0;1;2;-27,73282724;-50,3359437;"SPRF-SC";"DEL05-SC";"UOP01-DEL05-SC"
233605;2019-09-06;"sexta-feira";"17:45:00";"DF";20;6,3;"BRASILIA";"Falta de Atenção à Condução";"Colisão com objeto estático";"Com Vítimas Feridas";"Pleno dia";"Decrescente";"Céu Claro";"Simples";"Curva";"Sim";1;0;1;0;0;0;1;1;-15,665888;-47,808308;"SPRF-DF";"DEL02-DF";"UOP01-DEL02-DF"
233609;2019-09-06;"sexta-feira";"17:45:00";"PB";230;25,1;"JOAO PESSOA";"Sinalização da via insuficiente ou inadequada";"Colisão com objeto estático";"Com Vítimas Feridas";"Plena Noite";"Crescente";"Céu Claro";"Múltipla";"Reta";"Sim";1;0;0;1;0;0;1;1;-7,169134;-34,880217;"SPRF-PB";"DEL01-PB";"UOP01-DEL01-PB"
233610;2019-09-06;"sexta-feira";"16:55:00";"RJ";101;541,2;"PARATY";"Defeito Mecânico no Veículo";"Saída de leito carroçável";"Com Vítimas Feridas";"Pleno dia";"Decrescente";"Garoa/Chuvisco";"Simples";"Reta";"Não";2;0;1;0;1;0;1;1;-23,04799632;-44,59099407;"SPRF-RJ";"DEL03-RJ";"UOP02-DEL03-RJ"
233611;2019-09-06;"sexta-feira";"18:15:00";"PR";369;158,5;"CAMBE";"Falta de Atenção à Condução";"Colisão traseira";"Com Vítimas Feridas";"Anoitecer";"Crescente";"Céu Claro";"Dupla";"Reta";"Sim";4;0;1;0;3;0;1;3;-23,2771;-51,2803;"SPRF-PR";"DEL07-PR";"UOP01-DEL07-PR"
233615;2019-09-06;"sexta-feira";"18:15:00";"ES";262;55,4;"MARECHAL FLORIANO";"Falta de Atenção à Condução";"Colisão frontal";"Com Vítimas Feridas";"Plena Noite";"Crescente";"Chuva";"Simples";"Curva";"Não";4;0;1;0;3;0;1;4;-20,41077218;-40,74895176;"SPRF-ES";"DEL01-ES";"UOP01-DEL01-ES"
233616;2019-09-06;"sexta-feira";"17:45:00";"MG";40;571;"ITABIRITO";"Desobediência às normas de trânsito pelo condutor";"Colisão transversal";"Com Vítimas Feridas";"Pleno dia";"Decrescente";"Céu Claro";"Dupla";"Reta";"Sim";3;0;1;1;1;0;2;2;-20,22179201;-43,97116103;"SPRF-MG";"DEL01-MG";"UOP02-DEL01-MG"
233617;2019-09-06;"sexta-feira";"18:25:00";"SP";116;227;"GUARULHOS";"Não guardar distância de segurança";"Queda de ocupante de veículo";"Com Vítimas Feridas";"Plena Noite";"Decrescente";"Céu Claro";"Múltipla";"Reta";"Sim";2;0;0;1;0;1;1;2;-23,50158414;-46,56387806;"SPRF-SP";"DEL01-SP";"UOP01-DEL01-SP"
233618;2019-09-06;"sexta-feira";"16:57:00";"RO";319;58;"PORTO VELHO";"Falta de Atenção à Condução";"Colisão com objeto estático";"Com Vítimas Feridas";"Pleno dia";"Decrescente";"Céu Claro";"Dupla";"Declive";"Sim";2;0;0;1;1;0;1;2;-8,74281798;-63,90715068;"SPRF-RO";"DEL01-RO";"UOP01-DEL01-RO"
233619;2019-09-06;"sexta-feira";"17:20:00";"SP";116;394,9;"MIRACATU";"Desobediência às normas de trânsito pelo condutor";"Colisão transversal";"Com Vítimas Feridas";"Anoitecer";"Crescente";"Garoa/Chuvisco";"Múltipla";"Rotatória";"Sim";2;0;0;1;1;0;1;2;-24,28770163;-47,46007919;"SPRF-SP";"DEL04-SP";"UOP02-DEL04-SP"
233620;2019-09-06;"sexta-feira";"18:30:00";"RS";116;238;"NOVO HAMBURGO";"Ingestão de Álcool";"Atropelamento de Pedestre";"Com Vítimas Feridas";"Plena Noite";"Crescente";"Garoa/Chuvisco";"Dupla";"Reta";"Sim";2;0;2;0;0;0;2;2;-29,68739789;-51,14197352;"SPRF-RS";"DEL01-RS";"UOP02-DEL01-RS"
233622;2019-09-06;"sexta-feira";"18:28:00";"PR";153;335,7;"IRATI";"Falta de Atenção do Pedestre";"Atropelamento de Pedestre";"Com Vítimas Feridas";"Plena Noite";"Decrescente";"Nublado";"Simples";"Reta";"Não";2;0;0;1;1;0;1;2;-25,48894141;-50,64508883;"SPRF-PR";"DEL03-PR";"UOP02-DEL08-PR"
233623;2019-09-06;"sexta-feira";"14:30:00";"SC";101;304,3;"LAGUNA";"Desobediência às normas de trânsito pelo condutor";"Colisão transversal";"Com Vítimas Feridas";"Pleno dia";"Decrescente";"Céu Claro";"Simples";"Reta";"Não";2;0;0;1;1;0;1;2;-28,36912427;-48,75686871;"SPRF-SC";"DEL02-SC";"UOP03-DEL02-SC"
233624;2019-09-06;"sexta-feira";"17:50:00";"BA";324;605;"SIMOES FILHO";"Falta de Atenção à Condução";"Colisão lateral";"Com Vítimas Feridas";"Plena Noite";"Decrescente";"Nublado";"Dupla";"Curva;Declive";"Não";2;0;1;0;1;0;1;2;-12,78605114;-38,40972508;"SPRF-BA";"DEL01-BA";"UOP01-DEL01-BA"
233628;2019-09-06;"sexta-feira";"17:30:00";"MG";381;500,5;"BETIM";"Falta de Atenção à Condução";"Colisão traseira";"Com Vítimas Feridas";"Pleno dia";"Decrescente";"Céu Claro";"Dupla";"Reta";"Não";3;0;1;0;2;0;1;3;-20,02513493;-44,23112709;"SPRF-MG";"DEL01-MG";"UOP03-DEL01-MG"
233630;2019-09-06;"sexta-feira";"18:50:00";"PR";376;7;"MANDAGUARI";"Falta de Atenção à Condução";"Colisão transversal";"Com Vítimas Feridas";"Anoitecer";"Crescente";"Nublado";"Simples";"Declive;Reta";"Não";3;0;2;0;1;0;2;2;-23,547966;-51,671265;"SPRF-PR";"DEL07-PR";"UOP01-DEL09-PR"
233631;2019-09-06;"sexta-feira";"15:40:00";"SC";282;254;"SAO JOSE DO CERRITO";"Fenômenos da Natureza";"Colisão frontal";"Com Vítimas Feridas";"Pleno dia";"Decrescente";"Chuva";"Simples";"Curva";"Não";8;0;5;1;2;0;6;3;-27,676647;-50,563957;"SPRF-SC";"DEL05-SC";"UOP02-DEL05-SC"
233632;2019-09-06;"sexta-feira";"19:00:00";"SC";101;137;"BALNEARIO CAMBORIU";"Não guardar distância de segurança";"Colisão traseira";"Com Vítimas Feridas";"Plena Noite";"Decrescente";"Garoa/Chuvisco";"Dupla";"Reta";"Sim";2;0;1;0;0;1;1;2;-27,0157238;-48,61192763;"SPRF-SC";"DEL04-SC";"UOP03-DEL04-SC"
233633;2019-09-06;"sexta-feira";"18:35:00";"SP";116;228;"SAO PAULO";"Não guardar distância de segurança";"Tombamento";"Com Vítimas Feridas";"Plena Noite";"Decrescente";"Céu Claro";"Múltipla";"Declive";"Não";1;0;1;0;0;0;1;1;-23,50343484;-46,56638712;"SPRF-SP";"DEL01-SP";"UOP01-DEL01-SP"
233635;2019-09-06;"sexta-feira";"19:10:00";"SC";470;69,4;"INDAIAL";"Desobediência às normas de trânsito pelo condutor";"Colisão transversal";"Com Vítimas Feridas";"Plena Noite";"Decrescente";"Chuva";"Simples";"Reta";"Sim";2;0;1;0;1;0;1;2;-26,88590001;-49,24997276;"SPRF-SC";"DEL04-SC";"UOP01-DEL04-SC"
233636;2019-09-06;"sexta-feira";"13:30:00";"BA";324;587;"CANDEIAS";"Falta de Atenção à Condução";"Saída de leito carroçável";"Com Vítimas Feridas";"Pleno dia";"Decrescente";"Céu Claro";"Dupla";"Reta";"Não";1;0;1;0;0;0;1;1;-12,64715411;-38,47504041;"SPRF-BA";"DEL01-BA";"UOP01-DEL01-BA"
233637;2019-09-06;"sexta-feira";"18:40:00";"RS";290;11,2;"OSORIO";"Ingestão de álcool e/ou substâncias psicoativas pelo pedestre";"Colisão com objeto estático";"Sem Vítimas";"Plena Noite";"Decrescente";"Chuva";"Múltipla";"Reta";"Não";1;0;0;0;1;0;0;1;-29,888996;-50,383354;"SPRF-RS";"DEL03-RS";"UOP01-DEL03-RS"
233638;2019-09-06;"sexta-feira";"17:00:00";"RO";364;424,9;"JARU";"Não guardar distância de segurança";"Colisão traseira";"Com Vítimas Feridas";"Pleno dia";"Decrescente";"Chuva";"Múltipla";"Declive";"Sim";3;0;1;0;2;0;1;3;-10,44457274;-62,46568412;"SPRF-RO";"DEL03-RO";"UOP02-DEL03-RO"
233639;2019-09-06;"sexta-feira";"18:30:00";"SC";470;137;"RIO DO SUL";"Falta de Atenção à Condução";"Colisão transversal";"Com Vítimas Feridas";"Plena Noite";"Crescente";"Chuva";"Simples";"Interseção de Vias";"Sim";2;0;1;0;1;0;1;2;-27,203201;-49,635063;"SPRF-SC";"DEL04-SC";"UOP02-DEL04-SC"
233640;2019-09-06;"sexta-feira";"19:15:00";"DF";20;20,9;"BRASILIA";"Desobediência às normas de trânsito pelo pedestre";"Atropelamento de Pedestre";"Com Vítimas Feridas";"Plena Noite";"Decrescente";"Céu Claro";"Dupla";"Reta";"Sim";2;0;0;1;1;0;1;2;-15,607905;-47,692791;"SPRF-DF";"DEL02-DF";"UOP01-DEL02-DF"
233641;2019-09-06;"sexta-feira";"18:00:00";"MS";163;21;"MUNDO NOVO";"Ingestão de Álcool";"Saída de leito carroçável";"Sem Vítimas";"Anoitecer";"Crescente";"Céu Claro";"Simples";"Aclive";"Não";3;0;0;0;3;0;0;1;-23,91837576;-54,2894369;"SPRF-MS";"DEL09-MS";"UOP02-DEL09-MS"
233642;2019-09-06;"sexta-feira";"19:20:00";"PR";277;637,9;"CEU AZUL";"Falta de Atenção à Condução";"Colisão transversal";"Com Vítimas Feridas";"Plena Noite";"Crescente";"Céu Claro";"Simples";"Reta";"Sim";3;0;2;0;1;0;2;2;-25,15127997;-53,84435289;"SPRF-PR";"DEL05-PR";"UOP02-DEL05-PR"
233643;2019-09-06;"sexta-feira";"19:00:00";"SC";101;213;"PALHOCA";"Falta de Atenção à Condução";"Colisão traseira";"Com Vítimas Feridas";"Plena Noite";"Crescente";"Garoa/Chuvisco";"Múltipla";"Reta";"Sim";5;0;1;0;4;0;1;4;-27,63697369;-48,66514142;"SPRF-SC";"DEL01-SC";"UOP02-DEL01-SC"
233644;2019-09-06;"sexta-feira";"18:55:00";"RS";386;333;"MARQUES DE SOUZA";"Desobediência às normas de trânsito pelo condutor";"Colisão traseira";"Com Vítimas Feridas";"Plena Noite";"Crescente";"Nublado";"Simples";"Reta";"Não";6;0;3;0;3;0;3;2;-29,371275;-52,062;"SPRF-RS";"DEL04-RS";"UOP01-DEL04-RS"
233645;2019-09-06;"sexta-feira";"19:30:00";"SC";101;137;"BALNEARIO CAMBORIU";"Falta de Atenção à Condução";"Colisão lateral";"Com Vítimas Feridas";"Plena Noite";"Decrescente";"Chuva";"Dupla";"Interseção de Vias";"Não";2;0;1;0;1;0;1;2;-27,0157238;-48,61192763;"SPRF-SC";"DEL04-SC";"UOP03-DEL04-SC"
233646;2019-09-06;"sexta-feira";"19:20:00";"PI";343;13,5;"PARNAIBA";"Falta de Atenção à Condução";"Colisão transversal";"Com Vítimas Feridas";"Plena Noite";"Crescente";"Céu Claro";"Dupla";"Reta";"Sim";2;0;0;1;1;0;1;2;-2,92307442;-41,7542178;"SPRF-PI";"DEL05-PI";"UOP01-DEL05-PI"
233647;2019-09-06;"sexta-feira";"18:20:00";"ES";262;171;"IBATIBA";"Falta de Atenção à Condução";"Colisão traseira";"Com Vítimas Feridas";"Plena Noite";"Decrescente";"Céu Claro";"Simples";"Reta";"Não";2;0;0;1;1;0;1;2;-20,26434457;-41,59340179;"SPRF-ES";"DEL01-ES";"UOP02-DEL01-ES"
233648;2019-09-06;"sexta-feira";"19:10:00";"PR";369;119,2;"JATAIZINHO";"Deficiência ou não Acionamento do Sistema de Iluminação/Sinalização do Veículo";"Colisão traseira";"Sem Vítimas";"Plena Noite";"Crescente";"Céu Claro";"Simples";"Reta;Aclive";"Não";8;0;0;0;8;0;0;2;-23,2855143;-50,89005589;"SPRF-PR";"DEL07-PR";"UOP05-DEL07-PR"
233650;2019-09-06;"sexta-feira";"18:00:00";"PB";230;53;"CRUZ DO ESPIRITO SANTO";"Defeito Mecânico no Veículo";"Queda de ocupante de veículo";"Com Vítimas Feridas";"Plena Noite";"Crescente";"Nublado";"Dupla";"Reta";"Não";1;0;1;0;0;0;1;1;-7,1998;-35,0763;"SPRF-PB";"DEL01-PB";"UOP03-DEL01-PB"
233651;2019-09-06;"sexta-feira";"18:40:00";"SC";280;170,8;"MAFRA";"Velocidade Incompatível";"Engavetamento";"Com Vítimas Feridas";"Plena Noite";"Crescente";"Chuva";"Simples";"Reta;Aclive";"Sim";6;0;3;0;2;1;3;4;-26,14357962;-49,81201773;"SPRF-SC";"DEL06-SC";"UOP01-DEL06-SC"
233654;2019-09-06;"sexta-feira";"19:10:00";"MG";381;572;"ITAGUARA";"Falta de Atenção à Condução";"Capotamento";"Com Vítimas Feridas";"Plena Noite";"Decrescente";"Céu Claro";"Dupla";"Reta";"Não";1;0;1;0;0;0;1;1;-20,45206504;-44,5689098;"SPRF-MG";"DEL04-MG";"UOP03-DEL04-MG"
233656;2019-09-06;"sexta-feira";"18:30:00";"RO";429;52;"PRESIDENTE MEDICI";"Animais na Pista";"Atropelamento de Animal";"Com Vítimas Feridas";"Plena Noite";"Crescente";"Céu Claro";"Simples";"Reta";"Não";3;0;1;0;2;0;1;2;-11,20045045;-62,00059299;"SPRF-RO";"DEL02-RO";"UOP03-DEL02-RO"
233658;2019-09-06;"sexta-feira";"20:20:00";"GO";60;133;"GOIANIA";"Defeito Mecânico no Veículo";"Queda de ocupante de veículo";"Com Vítimas Feridas";"Plena Noite";"Decrescente";"Céu Claro";"Dupla";"Reta";"Não";1;0;1;0;0;0;1;1;-16,5815;-49,1772;"SPRF-GO";"DEL01-GO";"UOP01-DEL01-GO"
233659;2019-09-06;"sexta-feira";"17:30:00";"GO";60;262,7;"INDIARA";"Velocidade Incompatível";"Saída de leito carroçável";"Com Vítimas Fatais";"Pleno dia";"Decrescente";"Sol";"Dupla";"Reta;Aclive";"Sim";4;2;0;2;0;0;2;1;-17,19037072;-50,07654369;"SPRF-GO";"DEL01-GO";"UOP02-DEL01-GO"
233660;2019-09-06;"sexta-feira";"20:45:00";"RS";285;451,2;"IJUI";"Falta de Atenção do Pedestre";"Atropelamento de Pedestre";"Com Vítimas Feridas";"Plena Noite";"Decrescente";"Nublado";"Simples";"Curva;Interseção de Vias";"Não";3;0;2;1;0;0;3;2;-28,37462;-53,840855;"SPRF-RS";"DEL10-RS";"UOP01-DEL10-RS"
233661;2019-09-06;"sexta-feira";"20:10:00";"MS";419;286;"NIOAQUE";"Animais na Pista";"Saída de leito carroçável";"Com Vítimas Feridas";"Plena Noite";"Crescente";"Nublado";"Simples";"Reta";"Não";1;0;1;0;0;0;1;1;-20,84323208;-55,90982112;"SPRF-MS";"DEL03-MS";"UOP01-DEL03-MS"
233662;2019-09-06;"sexta-feira";"19:00:00";"GO";364;373;"SANTA RITA DO ARAGUAIA";"Falta de Atenção à Condução";"Saída de leito carroçável";"Com Vítimas Feridas";"Plena Noite";"Decrescente";"Céu Claro";"Simples";"Reta";"Não";1;0;1;0;0;0;1;1;-17,374044;-53,104378;"SPRF-GO";"DEL05-GO";"UOP01-DEL05-GO"
233663;2019-09-06;"sexta-feira";"20:30:00";"PR";476;140;"CURITIBA";"Velocidade Incompatível";"Colisão frontal";"Sem Vítimas";"Plena Noite";"Decrescente";"Nublado";"Dupla";"Reta";"Sim";2;0;0;0;2;0;0;2;-25,520693;-49,294121;"SPRF-PR";"DEL01-PR";"UOP03-DEL01-PR"
233665;2019-09-06;"sexta-feira";"20:00:00";"PI";135;350;"BOM JESUS";"Falta de Atenção à Condução";"Queda de ocupante de veículo";"Com Vítimas Feridas";"Plena Noite";"Crescente";"Céu Claro";"Simples";"Reta";"Não";1;0;0;1;0;0;1;1;-9,07768747;-44,33721471;"SPRF-PI";"DEL03-PI";"UOP02-DEL03-PI"
233667;2019-09-06;"sexta-feira";"19:00:00";"AL";316;11,7;"SAO JOSE DA LAJE";"Pista Escorregadia";"Capotamento";"Com Vítimas Feridas";"Plena Noite";"Crescente";"Chuva";"Simples";"Curva";"Não";2;0;0;1;1;0;1;1;-8,97664497;-36,02313995;"SPRF-AL";"DEL03-AL";"UOP02-DEL03-AL"
233669;2019-09-06;"sexta-feira";"17:15:00";"RJ";116;66;"TERESOPOLIS";"Falta de Atenção à Condução";"Colisão lateral";"Com Vítimas Feridas";"Pleno dia";"Crescente";"Céu Claro";"Simples";"Reta";"Não";2;0;0;1;1;0;1;2;-22,28530513;-42,9306046;"SPRF-RJ";"DEL04-RJ";"UOP01-DEL04-RJ"
233670;2019-09-06;"sexta-feira";"21:20:00";"RJ";116;174;"NOVA IGUACU";"Desobediência às normas de trânsito pelo condutor";"Colisão lateral";"Com Vítimas Feridas";"Plena Noite";"Crescente";"Céu Claro";"Dupla";"Reta";"Sim";2;0;1;0;1;0;1;2;-22,76317588;-43,42040062;"SPRF-RJ";"DEL01-RJ";"UOP02-DEL01-RJ"
233671;2019-08-19;"segunda-feira";"07:00:00";"ES";101;96;"JAGUARE";"Falta de Atenção à Condução";"Colisão lateral";"Com Vítimas Feridas";"Pleno dia";"Crescente";"Céu Claro";"Simples";"Reta";"Não";4;0;1;1;1;1;2;2;-18,94725102;-39,97972996;"SPRF-ES";"DEL04-ES";"UOP02-DEL04-ES"