"id";"data_inversa";"dia_semana";"horario";"uf";"br";"km";"municipio";"causa_acidente";"tipo_acidente";"classificacao_acidente";"fase_dia";"sentido_via";"condicao_metereologica";"tipo_pista";"tracado_via";"uso_solo";"pessoas";"mortos";"feridos_leves";"feridos_graves";"ilesos";"ignorados";"feridos";"veiculos";"latitude";"longitude";"regional";"delegacia";"uop"
233773;2019-09-07;"sábado";"06:40:00";"SC";101;141;"BALNEARIO CAMBORIU";"Velocidade Incompatível";"Tombamento";"Com Vítimas Feridas";"Pleno dia";"Crescente";"Nublado";"Dupla";"Curva";"Sim";1;0;1;0;0;0;1;1;-27,04761729;-48,59995855;"SPRF-SC";"DEL04-SC";"UOP03-DEL04-SC"
233775;2019-09-07;"sábado";"04:15:00";"RO";364;765,7;"PORTO VELHO";"Animais na Pista";"Atropelamento de Animal";"Com Vítimas Feridas";"Amanhecer";"Crescente";"Nevoeiro/Neblina";"Simples";"Reta";"Não";3;0;2;0;1;0;2;1;-9,12409381;-64,13066511;"SPRF-RO";"DEL01-RO";"UOP02-DEL01-RO"
233777;2019-09-07;"sábado";"07:00:00";"RN";101;106;"PARNAMIRIM";"Falta de Atenção à Condução";"Colisão lateral";"Com Vítimas Feridas";"Pleno dia";"Crescente";"Garoa/Chuvisco";"Dupla";"Reta";"Sim";2;0;1;0;1;0;1;2;-5,91056401;-35,26130795;"SPRF-RN";"DEL01-RN";"UOP01-DEL01-RN"
233778;2019-09-07;"sábado";"05:30:00";"MA";222;348;"IGARAPE DO MEIO";"Falta de Atenção à Condução";"Queda de ocupante de veículo";"Com Vítimas Feridas";"Pleno dia";"Decrescente";"Céu Claro";"Simples";"Reta";"Não";1;0;1;0;0;0;1;1;-3,68954037;-45,27740479;"SPRF-MA";"DEL02-MA";"UI04-DEL02-MA"
233779;2019-09-07;"sábado";"07:30:00";"SC";101;79,4;"ARAQUARI";"Falta de Atenção à Condução";"Colisão traseira";"Sem Vítimas";"Pleno dia";"Decrescente";"Nublado";"Múltipla";"Reta";"Não";2;0;0;0;2;0;0;2;-26,59180397;-48,72197807;"SPRF-SC";"DEL03-SC";"UOP02-DEL03-SC"
233780;2019-09-07;"sábado";"07:10:00";"RJ";40;121;"DUQUE DE CAXIAS";"Falta de Atenção à Condução";"Colisão com objeto estático";"Com Vítimas Feridas";"Pleno dia";"Crescente";"Céu Claro";"Dupla";"Reta";"Sim";1;0;0;1;0;0;1;1;-22,78185499;-43,28571273;"SPRF-RJ";"DEL01-RJ";"UOP01-DEL01-RJ"
233781;2019-09-07;"sábado";"07:45:00";"MG";381;528,2;"ITATIAIUCU";"Velocidade Incompatível";"Capotamento";"Com Vítimas Feridas";"Pleno dia";"Crescente";"Sol";"Dupla";"Curva";"Não";3;0;2;0;1;0;2;1;-20,16368096;-44,36025002;"SPRF-MG";"DEL04-MG";"UOP03-DEL04-MG"
233782;2019-09-07;"sábado";"06:00:00";"AM";230;616;"HUMAITA";"Ingestão de Álcool";"Colisão lateral";"Com Vítimas Feridas";"Amanhecer";"Crescente";"Nevoeiro/Neblina";"Simples";"Reta";"Sim";4;0;1;0;1;2;1;3;-7,53017385;-63,04917857;"SPRF-RO";"DEL01-RO";"UOP05-DEL01-AM"
233783;2019-09-07;"sábado";"03:40:00";"MG";116;416,8;"GOVERNADOR VALADARES";"Condutor Dormindo";"Colisão com objeto estático";"Sem Vítimas";"Plena Noite";"Decrescente";"Céu Claro";"Simples";"Curva";"Sim";1;0;0;0;1;0;0;1;-18,89215187;-41,94699543;"SPRF-MG";"DEL06-MG";"UOP01-DEL06-MG"
233784;2019-09-07;"sábado";"06:55:00";"PR";116;127;"FAZENDA RIO GRANDE";"Falta de Atenção à Condução";"Saída de leito carroçável";"Sem Vítimas";"Pleno dia";"Decrescente";"Céu Claro";"Simples";"Rotatória";"Sim";1;0;0;0;0;1;0;1;-25,612752;-49,31859701;"SPRF-PR";"DEL01-PR";"UOP03-DEL01-PR"
233788;2019-09-07;"sábado";"03:30:00";"SC";280;120,8;"SAO BENTO DO SUL";"Ultrapassagem Indevida";"Colisão frontal";"Com Vítimas Fatais";"Plena Noite";"Decrescente";"Garoa/Chuvisco";"Simples";"Aclive;Reta";"Não";3;1;1;1;0;0;2;2;-26,26094075;-49,44273982;"SPRF-SC";"DEL06-SC";"UOP03-DEL06-SC"
233789;2019-09-07;"sábado";"07:40:00";"SC";101;197,3;"BIGUACU";"Ingestão de Álcool";"Saída de leito carroçável";"Sem Vítimas";"Pleno dia";"Crescente";"Nublado";"Dupla";"Curva;Aclive";"Sim";1;0;0;0;1;0;0;1;-27,51844497;-48,63848496;"SPRF-SC";"DEL01-SC";"UOP01-DEL01-SC"
233791;2019-09-07;"sábado";"00:40:00";"SC";280;141;"RIO NEGRINHO";"Desobediência às normas de trânsito pelo condutor";"Capotamento";"Com Vítimas Feridas";"Plena Noite";"Decrescente";"Nublado";"Simples";"Declive;Ponte";"Não";1;0;1;0;0;0;1;1;-26,25591654;-49,62226321;"SPRF-SC";"DEL06-SC";"UOP03-DEL06-SC"
233796;2019-09-07;"sábado";"07:50:00";"PR";277;524;"GUARANIACU";"Ingestão de Álcool";"Colisão traseira";"Com Vítimas Feridas";"Pleno dia";"Crescente";"Céu Claro";"Simples";"Reta;Aclive";"Não";5;0;3;0;2;0;3;2;-25,11018112;-52,85167802;"SPRF-PR";"DEL04-PR";"UOP04-DEL04-PR"
233798;2019-09-07;"sábado";"08:00:00";"PI";343;305,6;"ALTOS";"Desobediência às normas de trânsito pelo condutor";"Colisão transversal";"Com Vítimas Feridas";"Pleno dia";"Crescente";"Céu Claro";"Simples";"Reta";"Não";3;0;0;1;2;0;1;3;-5,03444;-42,443382;"SPRF-PI";"DEL01-PI";"UOP01-DEL01-PI"
233799;2019-09-07;"sábado";"04:10:00";"GO";40;20,4;"LUZIANIA";"Falta de Atenção à Condução";"Saída de leito carroçável";"Sem Vítimas";"Plena Noite";"Decrescente";"Céu Claro";"Dupla";"Reta";"Sim";1;0;0;0;1;0;0;1;-16,21849;-47,915478;"SPRF-DF";"DEL01-DF";"UOP01-DEL01-DF"
233801;2019-09-07;"sábado";"09:00:00";"MG";50;178;"UBERABA";"Falta de Atenção à Condução";"Tombamento";"Com Vítimas Feridas";"Pleno dia";"Decrescente";"Céu Claro";"Dupla";"Reta";"Sim";1;0;1;0;0;0;1;1;-19,77896821;-47,94093599;"SPRF-MG";"DEL13-MG";"UOP01-DEL13-MG"
233802;2019-09-07;"sábado";"09:00:00";"RS";158;149,8;"PANAMBI";"Velocidade Incompatível";"Saída de leito carroçável";"Com Vítimas Feridas";"Pleno dia";"Decrescente";"Chuva";"Simples";"Rotatória";"Não";2;0;1;1;0;0;2;1;-28,27824576;-53,48602581;"SPRF-RS";"DEL10-RS";"UOP02-DEL10-RS"
233803;2019-09-07;"sábado";"09:00:00";"MG";381;448;"SABARA";"Falta de Atenção à Condução";"Queda de ocupante de veículo";"Com Vítimas Feridas";"Pleno dia";"Crescente";"Céu Claro";"Simples";"Curva";"Não";1;0;0;1;0;0;1;1;-19,83435173;-43,85962899;"SPRF-MG";"DEL01-MG";"UOP01-DEL01-MG"
233804;2019-09-07;"sábado";"06:15:00";"RJ";101;309;"SAO GONCALO";"Não guardar distância de segurança";"Colisão traseira";"Com Vítimas Feridas";"Pleno dia";"Crescente";"Céu Claro";"Dupla";"Reta";"Não";5;0;2;0;3;0;2;3;-22,79498873;-43,03446105;"SPRF-RJ";"DEL02-RJ";"DEL5/2-UOP04/RJ"
233806;2019-09-07;"sábado";"08:00:00";"GO";153;566;"PROFESSOR JAMIL";"Defeito Mecânico no Veículo";"Incêndio";"Sem Vítimas";"Pleno dia";"Crescente";"Céu Claro";"Dupla";"Reta";"Não";1;0;0;0;1;0;0;1;-17,2668;-49,2409;"SPRF-GO";"DEL03-GO";"UOP01-DEL03-GO"
233807;2019-09-07;"sábado";"05:15:00";"RJ";101;249;"SILVA JARDIM";"Ingestão de Álcool";"Colisão com objeto em movimento";"Com Vítimas Feridas";"Amanhecer";"Decrescente";"Nevoeiro/Neblina";"Dupla";"Reta";"Não";2;0;0;1;0;1;1;2;-22,66899692;-42,50868109;"SPRF-RJ";"DEL02-RJ";"UOP03-DEL02-RJ"
233808;2019-09-07;"sábado";"09:20:00";"RJ";356;147,6;"CAMPOS DOS GOYTACAZES";"Ingestão de Álcool";"Colisão transversal";"Com Vítimas Feridas";"Pleno dia";"Crescente";"Céu Claro";"Dupla";"Reta";"Sim";2;0;1;0;1;0;1;2;-21,77663745;-41,28771544;"SPRF-RJ";"DEL08-RJ";"UOP02-DEL08-RJ"
233809;2019-04-01;"segunda-feira";"07:00:00";"MG";381;441,1;"SABARA";"Falta de Atenção à Condução";"Colisão transversal";"Com Vítimas Feridas";"Amanhecer";"Crescente";"Céu Claro";"Dupla";"Curva";"Sim";2;0;0;2;0;0;2;2;-19,80043184;-43,75031407;"SPRF-MG";"DEL01-MG";"UOP01-DEL01-MG"
233810;2019-09-07;"sábado";"10:05:00";"SP";153;302;"SAO PEDRO DO TURVO";"Não guardar distância de segurança";"Colisão lateral";"Com Vítimas Feridas";"Pleno dia";"Crescente";"Céu Claro";"Simples";"Reta";"Não";3;0;3;0;0;0;3;2;-22,599274;-49,88954395;"SPRF-SP";"DEL07-SP";"UOP03-DEL07-SP"
233812;2019-09-07;"sábado";"09:00:00";"SP";116;119,2;"TAUBATE";"Falta de Atenção à Condução";"Colisão traseira";"Com Vítimas Feridas";"Pleno dia";"Decrescente";"Céu Claro";"Dupla";"Reta";"Não";4;0;1;1;2;0;2;3;-23,06710044;-45,63562878;"SPRF-SP";"DEL06-SP";"UOP02-DEL02-SP"
233813;2019-09-06;"sexta-feira";"20:30:00";"PE";232;91,1;"SAIRE";"Falta de Atenção à Condução";"Colisão com objeto estático";"Sem Vítimas";"Pleno dia";"Decrescente";"Céu Claro";"Dupla";"Reta";"Sim";1;0;0;0;0;1;0;1;-8,21834835;-35,66463196;"SPRF-PE";"DEL01-PE";"UOP02-DEL02PE"
233814;2019-09-07;"sábado";"10:50:00";"MG";381;489;"BETIM";"Velocidade Incompatível";"Tombamento";"Com Vítimas Feridas";"Pleno dia";"Decrescente";"Sol";"Múltipla";"Reta";"Sim";1;0;1;0;0;0;1;1;-19,96245618;-44,16455495;"SPRF-MG";"DEL01-MG";"UOP03-DEL01-MG"
233815;2019-09-07;"sábado";"10:00:00";"RS";386;356,2;"ESTRELA";"Falta de Atenção à Condução";"Colisão traseira";"Com Vítimas Feridas";"Pleno dia";"Decrescente";"Chuva";"Dupla";"Retorno Regulamentado";"Sim";4;0;1;0;3;0;1;2;-29,52396201;-51,93434715;"SPRF-RS";"DEL04-RS";"UOP02-DEL04-RS"
233816;2019-09-07;"sábado";"10:35:00";"BA";116;423,8;"FEIRA DE SANTANA";"Desobediência às normas de trânsito pelo condutor";"Colisão transversal";"Com Vítimas Feridas";"Pleno dia";"Decrescente";"Nublado";"Simples";"Reta";"Sim";2;0;1;0;1;0;1;2;-12,23605203;-38,97803307;"SPRF-BA";"DEL02-BA";"UOP01-DEL02-BA"
233817;2019-09-07;"sábado";"10:50:00";"BA";324;6;"FEIRA DE SANTANA";"Falta de Atenção à Condução";"Queda de ocupante de veículo";"Com Vítimas Feridas";"Pleno dia";"Decrescente";"Céu Claro";"Dupla";"Reta";"Não";1;0;1;0;0;0;1;1;-12,267113;-38,966988;"SPRF-BA";"DEL02-BA";"UOP01-DEL02-BA"
233819;2019-09-07;"sábado";"11:15:00";"RS";290;78,9;"GRAVATAI";"Velocidade Incompatível";"Saída de leito carroçável";"Com Vítimas Feridas";"Pleno dia";"Crescente";"Chuva";"Dupla";"Reta";"Não";1;0;1;0;0;0;1;1;-29,954178;-51,037735;"SPRF-RS";"DEL01-RS";"UOP01-DEL01-RS"
233821;2019-09-07;"sábado";"11:15:00";"ES";101;178,9;"ARACRUZ";"Ultrapassagem Indevida";"Saída de leito carroçável";"Com Vítimas Feridas";"Pleno dia";"Decrescente";"Sol";"Simples";"Curva";"Não";3;0;1;0;2;0;1;1;-19,61032522;-40,20858272;"SPRF-ES";"DEL04-ES";"UOP01-DEL04-ES"
233822;2019-09-07;"sábado";"11:05:00";"MG";459;9,6;"CALDAS";"Defeito Mecânico no Veículo";"Saída de leito carroçável";"Com Vítimas Feridas";"Pleno dia";"Crescente";"Céu Claro";"Simples";"Curva;Declive";"Não";2;0;2;0;0;0;2;1;-21,817041;-46,461702;"SPRF-MG";"DEL16-MG";"UOP01-DEL09-MG"
233823;2019-09-07;"sábado";"11:20:00";"PB";230;147;"CAMPINA GRANDE";"Falta de Atenção à Condução";"Colisão transversal";"Com Vítimas Feridas";"Pleno dia";"Crescente";"Céu Claro";"Dupla";"Rotatória";"Sim";2;0;1;0;1;0;1;2;-7,2367658615;-35,8672561646;"SPRF-PB";"DEL02-PB";"UOP01-DEL02-PB"
233825;2019-09-07;"sábado";"11:00:00";"MG";381;452;"SABARA";"Falta de Atenção à Condução";"Colisão traseira";"Sem Vítimas";"Pleno dia";"Decrescente";"Céu Claro";"Simples";"Reta";"Não";3;0;0;0;3;0;0;3;-19,84339604;-43,88596993;"SPRF-MG";"DEL01-MG";"UOP01-DEL01-MG"
233827;2019-09-07;"sábado";"11:50:00";"MG";146;556,5;"CABO VERDE";"Velocidade Incompatível";"Saída de leito carroçável";"Com Vítimas Feridas";"Pleno dia";"Decrescente";"Céu Claro";"Simples";"Curva";"Não";1;0;0;1;0;0;1;1;-21,43964867;-46,42708475;"SPRF-MG";"DEL16-MG";"UOP01-DEL09-MG"
233828;2019-09-07;"sábado";"11:30:00";"PE";232;9;"JABOATAO DOS GUARARAPES";"Não guardar distância de segurança";"Colisão traseira";"Sem Vítimas";"Pleno dia";"Crescente";"Céu Claro";"Simples";"Reta";"Sim";3;0;0;0;3;0;0;3;-8,07764447;-34,97863609;"SPRF-PE";"DEL01-PE";"UOP01-DEL01-PE"
233830;2019-09-07;"sábado";"12:00:00";"DF";80;25;"BRASILIA";"Defeito na Via";"Capotamento";"Com Vítimas Feridas";"Pleno dia";"Crescente";"Céu Claro";"Dupla";"Reta";"Não";2;0;2;0;0;0;2;1;-15,61762255;-48,1988883;"SPRF-DF";"DEL01-DF";"UOP02-DEL03-DF"
233831;2019-09-02;"segunda-feira";"18:00:00";"MG";381;205,5;"NAQUE";"Ultrapassagem Indevida";"Saída de leito carroçável";"Com Vítimas Feridas";"Plena Noite";"Crescente";"Céu Claro";"Simples";"Reta";"Não";1;0;1;0;0;0;1;1;-19,20305698;-42,29185001;"SPRF-MG";"DEL06-MG";"UOP01-DEL06-MG"
233833;2019-09-07;"sábado";"10:20:00";"GO";158;69,6;"PIRANHAS";"Condutor Dormindo";"Saída de leito carroçável";"Com Vítimas Feridas";"Pleno dia";"Crescente";"Céu Claro";"Simples";"Reta";"Não";4;0;4;0;0;0;4;1;-16,33647024;-51,93827838;"SPRF-GO";"DEL04-GO";"UOP01-DEL04-GO"
233834;2019-09-07;"sábado";"12:00:00";"MG";262;41,1;"MANHUACU";"Velocidade Incompatível";"Tombamento";"Com Vítimas Feridas";"Pleno dia";"Crescente";"Nublado";"Simples";"Curva";"Não";1;0;1;0;0;0;1;1;-20,27444334;-42,05896416;"SPRF-MG";"DEL06-MG";"UOP03-DEL06-MG"
233835;2019-09-07;"sábado";"13:15:00";"ES";262;6;"CARIACICA";"Falta de Atenção à Condução";"Colisão transversal";"Com Vítimas Feridas";"Pleno dia";"Crescente";"Céu Claro";"Dupla";"Reta";"Sim";2;0;1;0;1;0;1;2;-20,34007493;-40,39451305;"SPRF-ES";"DEL01-ES";"UOP01-DEL01-ES"
233837;2019-09-07;"sábado";"12:40:00";"PR";369;520,5;"CASCAVEL";"Defeito Mecânico no Veículo";"Tombamento";"Com Vítimas Feridas";"Pleno dia";"Crescente";"Sol";"Simples";"Reta";"Sim";2;0;2;0;0;0;2;1;-24,92761229;-53,39260072;"SPRF-PR";"DEL04-PR";"UOP01-DEL04-PR"
233839;2019-09-07;"sábado";"12:40:00";"AP";210;2,2;"MACAPA";"Velocidade Incompatível";"Colisão lateral";"Com Vítimas Feridas";"Pleno dia";"Crescente";"Céu Claro";"Simples";"Reta";"Sim";2;0;2;0;0;0;2;1;0,08282017;-51,07776189;"SPRF-AP";"DEL01-AP";"UOP01-DEL01-AP"
233842;2019-09-07;"sábado";"13:15:00";"PR";376;125,9;"ALTO PARANA";"Defeito Mecânico no Veículo";"Incêndio";"Sem Vítimas";"Pleno dia";"Decrescente";"Sol";"Dupla";"Reta";"Não";1;0;0;0;1;0;0;1;-23,14972357;-52,27427368;"SPRF-PR";"DEL07-PR";"UOP02-DEL09-PR"
233843;2019-09-07;"sábado";"14:05:00";"MG";40;461,7;"SETE LAGOAS";"Defeito na Via";"Saída de leito carroçável";"Com Vítimas Feridas";"Pleno dia";"Crescente";"Céu Claro";"Dupla";"Reta";"Não";2;0;1;0;1;0;1;1;-19,4065509;-44,33367766;"SPRF-MG";"DEL02-MG";"UOP01-DEL02-MG"
233846;2019-09-07;"sábado";"14:35:00";"SC";101;210,3;"SAO JOSE";"Ingestão de Álcool";"Colisão com objeto estático";"Com Vítimas Feridas";"Pleno dia";"Decrescente";"Nublado";"Múltipla";"Interseção de Vias";"Sim";3;0;1;0;2;0;1;2;-27,6167305;-48,6457265;"SPRF-SC";"DEL01-SC";"UOP01-DEL01-SC"
233847;2019-09-07;"sábado";"13:30:00";"MG";40;525;"CONTAGEM";"Falta de Atenção à Condução";"Colisão traseira";"Com Vítimas Feridas";"Pleno dia";"Decrescente";"Céu Claro";"Dupla";"Reta";"Sim";2;0;1;0;1;0;1;2;-19,88361702;-44,05039336;"SPRF-MG";"DEL01-MG";"UOP02-DEL01-MG"
233848;2019-07-01;"segunda-feira";"14:35:00";"ES";262;4,9;"CARIACICA";"Falta de Atenção do Pedestre";"Atropelamento de Pedestre";"Com Vítimas Feridas";"Pleno dia";"Decrescente";"Céu Claro";"Múltipla";"Reta";"Sim";2;0;1;1;0;0;2;2;-20,33609327;-40,37812784;"SPRF-ES";"DEL01-ES";"UOP01-DEL01-ES"
233849;2019-09-07;"sábado";"14:00:00";"SP";116;225,5;"GUARULHOS";"Não guardar distância de segurança";"Colisão lateral";"Com Vítimas Feridas";"Pleno dia";"Decrescente";"Céu Claro";"Múltipla";"Reta";"Sim";1;0;1;0;0;0;1;1;-23,48586772;-46,54075317;"SPRF-SP";"DEL01-SP";"UOP01-DEL01-SP"
233850;2019-09-07;"sábado";"14:15:00";"SP";116;109;"TAUBATE";"Condutor Dormindo";"Colisão com objeto estático";"Com Vítimas Feridas";"Pleno dia";"Crescente";"Céu Claro";"Dupla";"Reta";"Não";2;0;1;0;1;0;1;1;-23,02871304;-45,54517097;"SPRF-SP";"DEL06-SP";"UOP01-DEL06-SP"
233851;2019-09-07;"sábado";"14:30:00";"DF";20;51,8;"BRASILIA";"Falta de Atenção à Condução";"Saída de leito carroçável";"Com Vítimas Feridas";"Pleno dia";"Crescente";"Céu Claro";"Dupla";"Reta";"Não";1;0;1;0;0;0;1;1;-15,580705;-47,41259;"SPRF-DF";"DEL02-DF";"UOP01-DEL02-DF"
233853;2019-09-07;"sábado";"14:00:00";"ES";393;0,1;"CACHOEIRO DE ITAPEMIRIM";"Falta de Atenção à Condução";"Colisão traseira";"Sem Vítimas";"Pleno dia";"Crescente";"Nublado";"Simples";"Reta";"Sim";2;0;0;0;2;0;0;2;-20,841324;-41,15929;"SPRF-ES";"DEL03-ES";"UOP02-DEL03-ES"
233854;2019-09-07;"sábado";"14:00:00";"CE";20;371;"MARANGUAPE";"Defeito na Via";"Queda de ocupante de veículo";"Com Vítimas Feridas";"Pleno dia";"Crescente";"Céu Claro";"Simples";"Reta";"Não";2;0;1;0;1;0;1;2;-3,975432;-38,90408;"SPRF-CE";"DEL02-CE";"UOP01-DEL02-CE"
233856;2019-09-07;"sábado";"15:00:00";"SP";116;128,6;"CACAPAVA";"Falta de Atenção à Condução";"Queda de ocupante de veículo";"Com Vítimas Feridas";"Pleno dia";"Decrescente";"Céu Claro";"Dupla";"Curva";"Não";1;0;0;1;0;0;1;1;-23,09872598;-45,68608201;"SPRF-SP";"DEL06-SP";"UOP02-DEL02-SP"
233857;2019-09-07;"sábado";"12:30:00";"GO";80;56;"PORANGATU";"Ingestão de Álcool";"Colisão lateral";"Com Vítimas Feridas";"Pleno dia";"Decrescente";"Céu Claro";"Simples";"Reta";"Não";2;0;1;0;1;0;1;2;-13,4201876;-49,1322629;"SPRF-DF";"DEL01-DF";"UOP02-DEL03-DF"
233859;2019-09-07;"sábado";"14:00:00";"PR";376;247;"APUCARANA";"Ingestão de Álcool";"Saída de leito carroçável";"Com Vítimas Feridas";"Pleno dia";"Crescente";"Céu Claro";"Dupla";"Curva";"Sim";1;0;1;0;0;0;1;1;-23,59589079;-51,41132176;"SPRF-PR";"DEL07-PR";"UOP03-DEL07-PR"
233862;2019-09-07;"sábado";"15:40:00";"AL";316;222,4;"CAJUEIRO";"Defeito Mecânico no Veículo";"Capotamento";"Com Vítimas Feridas";"Pleno dia";"Crescente";"Céu Claro";"Simples";"Curva";"Não";4;0;3;0;1;0;3;1;-9,466922;-36,180298;"SPRF-AL";"DEL01-AL";"UOP01-DEL01-AL"
233863;2019-09-07;"sábado";"16:30:00";"BA";101;949;"MUCURI";"Desobediência às normas de trânsito pelo condutor";"Colisão frontal";"Com Vítimas Feridas";"Pleno dia";"Decrescente";"Céu Claro";"Simples";"Reta";"Não";5;0;0;2;2;1;2;3;-18,16840196;-39,91873914;"SPRF-BA";"DEL09-BA";"UOP02-DEL09-BA"
233866;2019-09-07;"sábado";"14:30:00";"RO";364;17;"VILHENA";"Ingestão de Álcool";"Colisão traseira";"Sem Vítimas";"Pleno dia";"Decrescente";"Céu Claro";"Simples";"Reta;Aclive";"Não";2;0;0;0;2;0;0;2;-12,73207998;-60,16589399;"SPRF-RO";"DEL04-RO";"UOP01-DEL04-RO"
233867;2019-09-07;"sábado";"17:00:00";"PR";373;230,3;"IMBITUVA";"Defeito Mecânico no Veículo";"Saída de leito carroçável";"Com Vítimas Feridas";"Pleno dia";"Crescente";"Céu Claro";"Simples";"Reta";"Sim";1;0;0;1;0;0;1;1;-25,1807283;-50,66818293;"SPRF-PR";"DEL03-PR";"UOP01-DEL03-PR"
233869;2019-09-07;"sábado";"16:00:00";"PR";376;370,9;"ORTIGUEIRA";"Desobediência às normas de trânsito pelo pedestre";"Colisão com objeto estático";"Com Vítimas Feridas";"Pleno dia";"Crescente";"Céu Claro";"Simples";"Reta";"Não";1;0;1;0;0;0;1;1;-24,3744819;-50,79478685;"SPRF-PR";"DEL03-PR";"UOP02-DEL03-PR"
233870;2019-09-07;"sábado";"17:10:00";"RN";110;47,3;"MOSSORO";"Falta de Atenção à Condução";"Colisão transversal";"Com Vítimas Feridas";"Pleno dia";"Decrescente";"Céu Claro";"Simples";"Interseção de Vias";"Sim";4;0;2;1;1;0;3;2;-5,20512519;-37,32798284;"SPRF-RN";"DEL04-RN";"UOP01-DEL04-RN"
233871;2019-09-07;"sábado";"17:30:00";"RS";285;468,5;"CORONEL BARROS";"Velocidade Incompatível";"Saída de leito carroçável";"Com Vítimas Feridas";"Pleno dia";"Decrescente";"Nublado";"Simples";"Reta";"Não";2;0;1;1;0;0;2;1;-28,38614307;-53,99087191;"SPRF-RS";"DEL10-RS";"UOP01-DEL10-RS"
233872;2019-09-07;"sábado";"16:40:00";"PR";476;172,9;"CONTENDA";"Desobediência às normas de trânsito pelo condutor";"Colisão transversal";"Com Vítimas Feridas";"Pleno dia";"Decrescente";"Céu Claro";"Simples";"Declive;Reta";"Sim";2;0;0;1;1;0;1;2;-25,676279;-49,518272;"SPRF-PR";"DEL01-PR";"UOP06-DEL01-PR"
233873;2019-09-07;"sábado";"17:00:00";"SC";470;73;"INDAIAL";"Desobediência às normas de trânsito pelo condutor";"Saída de leito carroçável";"Com Vítimas Feridas";"Pleno dia";"Crescente";"Nublado";"Simples";"Reta";"Não";5;0;2;0;0;3;2;2;-26,908962;-49,275089;"SPRF-SC";"DEL04-SC";"UOP01-DEL04-SC"
233875;2019-09-07;"sábado";"18:00:00";"RN";101;5;"TOUROS";"Animais na Pista";"Atropelamento de Animal";"Com Vítimas Feridas";"Plena Noite";"Crescente";"Céu Claro";"Simples";"Reta";"Não";2;0;1;1;0;0;2;1;-5,19666804;-35,50302205;"SPRF-RN";"DEL02-RN";"UOP01-DEL02-RN"
233876;2019-09-07;"sábado";"17:10:00";"TO";153;288;"BRASILANDIA DO TOCANTINS";"Falta de Atenção à Condução";"Colisão lateral";"Com Vítimas Feridas";"Pleno dia";"Crescente";"Sol";"Simples";"Reta";"Não";1;0;0;1;0;0;1;1;-8,38146593;-48,48876765;"SPRF-TO";"DEL02-TO";"UOP02-DEL02-TO"
233878;2019-09-07;"sábado";"17:00:00";"PR";158;380;"LARANJEIRAS DO SUL";"Falta de Atenção à Condução";"Colisão transversal";"Com Vítimas Feridas";"Pleno dia";"Decrescente";"Céu Claro";"Simples";"Aclive;Reta";"Não";2;0;1;0;1;0;1;2;-25,20106091;-52,27318588;"SPRF-PR";"DEL04-PR";"UOP02-DEL04-PR"
233879;2019-09-07;"sábado";"17:20:00";"MT";163;750;"SORRISO";"Ingestão de Álcool";"Saída de leito carroçável";"Sem Vítimas";"Anoitecer";"Crescente";"Céu Claro";"Dupla";"Retorno Regulamentado";"Sim";1;0;0;0;1;0;0;1;-12,57303126;-55,72745388;"SPRF-MT";"DEL06-MT";"UOP01-DEL06-MT"
233880;2019-09-07;"sábado";"18:39:00";"PA";163;990;"SANTAREM";"Defeito na Via";"Queda de ocupante de veículo";"Com Vítimas Feridas";"Anoitecer";"Decrescente";"Céu Claro";"Simples";"Reta;Aclive";"Não";2;0;1;1;0;0;2;1;-2,55683598;-54,72216184;"SPRF-PA";"DEL05-PA";"UOP01-DEL05-PA"
233881;2019-09-07;"sábado";"18:45:00";"RS";101;13;"TORRES";"Falta de Atenção à Condução";"Colisão traseira";"Com Vítimas Feridas";"Plena Noite";"Decrescente";"Nublado";"Simples";"Reta";"Não";2;0;1;0;0;1;1;2;-29,3930518;-49,84373839;"SPRF-RS";"DEL03-RS";"UOP02-DEL03-RS"
233884;2019-09-07;"sábado";"16:50:00";"SP";101;49;"UBATUBA";"Falta de Atenção à Condução";"Colisão transversal";"Com Vítimas Feridas";"Pleno dia";"Decrescente";"Céu Claro";"Simples";"Reta";"Sim";3;0;1;1;1;0;2;2;-23,44410908;-45,08375708;"SPRF-SP";"DEL06-SP";"UOP01-DEL06-SP"
233885;2019-09-07;"sábado";"15:30:00";"SP";381;41;"ATIBAIA";"Velocidade Incompatível";"Capotamento";"Sem Vítimas";"Pleno dia";"Decrescente";"Céu Claro";"Dupla";"Reta";"Sim";1;0;0;0;0;1;0;1;-23,13863999;-46,57584088;"SPRF-SP";"DEL03-SP";"UOP01-DEL03-SP"
233887;2019-09-07;"sábado";"16:00:00";"SC";282;533;"CORDILHEIRA ALTA";"Velocidade Incompatível";"Colisão lateral";"Com Vítimas Feridas";"Pleno dia";"Decrescente";"Nublado";"Simples";"Curva";"Não";2;0;0;1;1;0;1;2;-26,995323;-52,625305;"SPRF-SC";"DEL07-SC";"UOP01-DEL07-SC"
233889;2019-09-07;"sábado";"15:30:00";"MG";40;699,1;"BARBACENA";"Defeito Mecânico no Veículo";"Tombamento";"Com Vítimas Feridas";"Pleno dia";"Decrescente";"Sol";"Dupla";"Reta;Declive";"Sim";1;0;0;1;0;0;1;1;-21,16945;-43,756498;"SPRF-MG";"DEL05-MG";"UOP02-DEL05-MG"
233890;2019-09-07;"sábado";"19:30:00";"ES";101;147,1;"LINHARES";"Falta de Atenção à Condução";"Colisão transversal";"Com Vítimas Feridas";"Plena Noite";"Crescente";"Nublado";"Simples";"Interseção de Vias";"Sim";2;0;1;1;0;0;2;2;-19,37887202;-40,06657892;"SPRF-ES";"DEL04-ES";"UOP01-DEL04-ES"