"id";"data_inversa";"dia_semana";"horario";"uf";"br";"km";"municipio";"causa_acidente";"tipo_acidente";"classificacao_acidente";"fase_dia";"sentido_via";"condicao_metereologica";"tipo_pista";"tracado_via";"uso_solo";"pessoas";"mortos";"feridos_leves";"feridos_graves";"ilesos";"ignorados";"feridos";"veiculos";"latitude";"longitude";"regional";"delegacia";"uop"
233985;2019-09-08;"domingo";"01:00:00";"SC";101;338;"TUBARAO";"Ingestão de Álcool";"Colisão com objeto estático";"Sem Vítimas";"Plena Noite";"Crescente";"Nublado";"Dupla";"Reta";"Não";1;0;0;0;1;0;0;1;-28,485725;-49,03726;"SPRF-SC";"DEL02-SC";"UOP01-DEL02-SC"
233986;2019-09-08;"domingo";"04:40:00";"RJ";101;294;"ITABORAI";"Condutor Dormindo";"Queda de ocupante de veículo";"Com Vítimas Fatais";"Plena Noite";"Crescente";"Céu Claro";"Dupla";"Reta";"Sim";2;1;1;0;0;0;1;1;-22,7584434;-42,89502344;"SPRF-RJ";"DEL02-RJ";"DEL5/2-UOP04/RJ"
233988;2019-09-08;"domingo";"05:10:00";"SP";116;316;"JUQUITIBA";"Falta de Atenção do Pedestre";"Atropelamento de Pedestre";"Com Vítimas Feridas";"Plena Noite";"Decrescente";"Céu Claro";"Dupla";"Curva";"Não";2;0;1;0;1;0;1;2;-23,91054997;-46,99149375;"SPRF-SP";"DEL04-SP";"UOP03-DEL04-SP"
233989;2019-09-08;"domingo";"03:45:00";"PI";343;261;"CAMPO MAIOR";"Ingestão de Álcool";"Colisão traseira";"Com Vítimas Feridas";"Plena Noite";"Decrescente";"Céu Claro";"Simples";"Reta";"Sim";4;0;0;1;1;2;1;3;-4,806726;-42,145878;"SPRF-PI";"DEL01-PI";"UOP03-DEL01-PI"
233991;2019-09-08;"domingo";"04:30:00";"MT";163;847;"SINOP";"Falta de Atenção à Condução";"Colisão traseira";"Sem Vítimas";"Amanhecer";"Crescente";"Céu Claro";"Simples";"Reta";"Sim";2;0;0;0;2;0;0;2;-11,88145004;-55,50045981;"SPRF-MT";"DEL06-MT";"UOP02-DEL06-MT"
233992;2019-09-08;"domingo";"05:20:00";"GO";70;0;"AGUAS LINDAS DE GOIAS";"Condutor Dormindo";"Colisão com objeto estático";"Com Vítimas Feridas";"Amanhecer";"Decrescente";"Céu Claro";"Dupla";"Reta;Declive";"Não";1;0;1;0;0;0;1;1;-15,783543;-48,2326;"SPRF-DF";"DEL01-DF";"UOP02-DEL03-DF"
233994;2019-09-08;"domingo";"05:50:00";"RN";101;94;"NATAL";"Defeito Mecânico no Veículo";"Colisão com objeto estático";"Com Vítimas Feridas";"Pleno dia";"Crescente";"Céu Claro";"Dupla";"Reta";"Sim";3;0;2;0;1;0;2;1;-5,83176615;-35,21191342;"SPRF-RN";"DEL01-RN";"UOP01-DEL01-RN"
233995;2019-09-08;"domingo";"06:10:00";"CE";20;420;"MARACANAU";"Desobediência às normas de trânsito pelo condutor";"Colisão transversal";"Com Vítimas Feridas";"Pleno dia";"Decrescente";"Céu Claro";"Dupla";"Reta";"Não";3;0;2;0;1;0;2;2;-3,76999035;-38,67006282;"SPRF-CE";"DEL01-CE";"UOP02-DEL01-CE"
233996;2019-09-08;"domingo";"06:15:00";"SC";101;65,8;"ARAQUARI";"Falta de Atenção à Condução";"Colisão com objeto estático";"Com Vítimas Feridas";"Pleno dia";"Crescente";"Nublado";"Dupla";"Reta";"Sim";1;0;0;1;0;0;1;1;-26,47135714;-48,74457217;"SPRF-SC";"DEL03-SC";"UOP02-DEL03-SC"
233997;2019-09-08;"domingo";"05:45:00";"PI";343;4,5;"TERESINA";"Desobediência às normas de trânsito pelo condutor";"Colisão com objeto estático";"Com Vítimas Feridas";"Amanhecer";"Crescente";"Céu Claro";"Múltipla";"Reta";"Sim";3;0;2;1;0;0;3;1;-5,08021483;-42,78664112;"SPRF-PI";"DEL01-PI";"UOP01-DEL01-PI"
234001;2019-09-08;"domingo";"04:40:00";"RS";290;213,3;"PANTANO GRANDE";"Velocidade Incompatível";"Colisão com objeto estático";"Sem Vítimas";"Plena Noite";"Crescente";"Chuva";"Simples";"Interseção de Vias";"Não";1;0;0;0;0;1;0;1;-30,182795;-52,346878;"SPRF-RS";"DEL02-RS";"UOP02-DEL02-RS"
234002;2019-09-08;"domingo";"05:45:00";"MS";163;1,4;"MUNDO NOVO";"Falta de Atenção à Condução";"Saída de leito carroçável";"Sem Vítimas";"Amanhecer";"Decrescente";"Céu Claro";"Simples";"Reta";"Não";1;0;0;0;0;1;0;1;-24,03924443;-54,27975143;"SPRF-MS";"DEL09-MS";"UOP02-DEL09-MS"
234003;2019-09-08;"domingo";"03:10:00";"MA";316;455;"PERITORO";"Falta de Atenção do Pedestre";"Atropelamento de Pedestre";"Com Vítimas Fatais";"Plena Noite";"Decrescente";"Céu Claro";"Simples";"Reta";"Não";2;1;0;0;1;0;0;2;-4,501614;-44,100071;"SPRF-MA";"DEL03-MA";"UOP01-DEL03-MA"
234004;2019-09-08;"domingo";"06:35:00";"CE";116;16,2;"EUSEBIO";"Mal Súbito";"Colisão com objeto estático";"Sem Vítimas";"Pleno dia";"Crescente";"Céu Claro";"Dupla";"Reta";"Sim";1;0;0;0;1;0;0;1;-3,88732794;-38,50185439;"SPRF-CE";"DEL01-CE";"UOP02-DEL01-CE"
234005;2019-09-08;"domingo";"06:49:00";"CE";116;4,8;"FORTALEZA";"Falta de Atenção do Pedestre";"Atropelamento de Pedestre";"Com Vítimas Fatais";"Pleno dia";"Crescente";"Céu Claro";"Dupla";"Reta";"Sim";2;1;0;0;1;0;0;2;-3,7867209;-38,5114568;"SPRF-CE";"DEL01-CE";"UOP02-DEL01-CE"
234006;2019-09-08;"domingo";"02:00:00";"MG";116;754,6;"LEOPOLDINA";"Condutor Dormindo";"Saída de leito carroçável";"Com Vítimas Feridas";"Plena Noite";"Crescente";"Céu Claro";"Simples";"Reta";"Não";1;0;1;0;0;0;1;1;-21,47859776;-42,57564516;"SPRF-MG";"DEL07-MG";"UOP01-DEL07-MG"
234009;2019-09-08;"domingo";"05:40:00";"MT";364;443;"VARZEA GRANDE";"Desobediência às normas de trânsito pelo condutor";"Colisão traseira";"Com Vítimas Feridas";"Amanhecer";"Crescente";"Céu Claro";"Simples";"Reta";"Não";2;0;1;0;0;1;1;2;-15,64035892;-56,20203186;"SPRF-MT";"DEL01-MT";"DEL2/4-UOP02/MT"
234010;2019-09-08;"domingo";"05:30:00";"RO";319;63,8;"PORTO VELHO";"Desobediência às normas de trânsito pelo condutor";"Colisão transversal";"Com Vítimas Feridas";"Amanhecer";"Decrescente";"Céu Claro";"Dupla";"Interseção de Vias";"Sim";9;0;4;0;4;1;4;3;-8,76489267;-63,8844767;"SPRF-RO";"DEL01-RO";"UOP01-DEL01-RO"
234011;2019-09-08;"domingo";"06:30:00";"PR";277;602,7;"CASCAVEL";"Velocidade Incompatível";"Incêndio";"Sem Vítimas";"Amanhecer";"Crescente";"Céu Claro";"Simples";"Reta";"Não";1;0;0;0;0;1;0;1;-25,00282;-53,523851;"SPRF-PR";"DEL05-PR";"UOP02-DEL05-PR"
234012;2019-09-08;"domingo";"01:54:00";"SC";116;65,9;"MONTE CASTELO";"Condutor Dormindo";"Saída de leito carroçável";"Com Vítimas Feridas";"Plena Noite";"Crescente";"Nublado";"Simples";"Reta";"Não";1;0;0;1;0;0;1;1;-26,42445099;-50,2281171;"SPRF-SC";"DEL06-SC";"UOP02-DEL06-SC"
234013;2019-09-08;"domingo";"05:20:00";"SC";470;169,3;"POUSO REDONDO";"Velocidade Incompatível";"Saída de leito carroçável";"Com Vítimas Fatais";"Plena Noite";"Crescente";"Nublado";"Simples";"Aclive";"Sim";1;1;0;0;0;0;0;1;-27,265471;-49,882442;"SPRF-SC";"DEL04-SC";"UOP02-DEL04-SC"
234014;2019-09-08;"domingo";"04:30:00";"PR";277;167;"PORTO AMAZONAS";"Falta de Atenção à Condução";"Queda de ocupante de veículo";"Com Vítimas Feridas";"Plena Noite";"Decrescente";"Céu Claro";"Dupla";"Interseção de Vias";"Não";1;0;1;0;0;0;1;1;-25,46815033;-49,9043132;"SPRF-PR";"DEL01-PR";"UOP06-DEL01-PR"
234015;2019-09-08;"domingo";"07:40:00";"MG";262;368,7;"JUATUBA";"Ingestão de Álcool";"Saída de leito carroçável";"Com Vítimas Feridas";"Pleno dia";"Crescente";"Céu Claro";"Dupla";"Curva";"Sim";1;0;1;0;0;0;1;1;-19,97239513;-44,28042402;"SPRF-MG";"DEL01-MG";"UOP03-DEL01-MG"
234016;2019-09-08;"domingo";"07:45:00";"MG";365;432,5;"PATOS DE MINAS";"Velocidade Incompatível";"Colisão transversal";"Com Vítimas Feridas";"Pleno dia";"Crescente";"Céu Claro";"Simples";"Reta;Interseção de Vias;Aclive";"Não";2;0;0;1;1;0;1;2;-18,75921593;-46,66385736;"SPRF-MG";"DEL10-MG";"UOP01-DEL10-MG"
234017;2019-09-07;"sábado";"17:20:00";"RJ";40;104;"DUQUE DE CAXIAS";"Desobediência às normas de trânsito pelo condutor";"Colisão lateral";"Com Vítimas Feridas";"Anoitecer";"Decrescente";"Céu Claro";"Simples";"Interseção de Vias";"Sim";2;0;1;0;1;0;1;2;-22,62897902;-43,28579508;"SPRF-RJ";"DEL01-RJ";"UOP01-DEL01-RJ"
234020;2019-09-07;"sábado";"23:55:00";"RJ";40;115;"DUQUE DE CAXIAS";"Desobediência às normas de trânsito pelo pedestre";"Atropelamento de Pedestre";"Com Vítimas Fatais";"Plena Noite";"Crescente";"Céu Claro";"Múltipla";"Reta";"Não";2;1;0;0;1;0;0;2;-22,72756999;-43,2891609;"SPRF-RJ";"DEL01-RJ";"UOP01-DEL01-RJ"
234021;2019-09-08;"domingo";"07:50:00";"PR";376;118,8;"ALTO PARANA";"Defeito Mecânico no Veículo";"Queda de ocupante de veículo";"Com Vítimas Feridas";"Pleno dia";"Crescente";"Sol";"Dupla";"Reta";"Não";2;0;2;0;0;0;2;1;-23,11371919;-52,33007409;"SPRF-PR";"DEL07-PR";"UOP02-DEL09-PR"
234023;2019-09-08;"domingo";"07:40:00";"RS";290;64;"GRAVATAI";"Defeito Mecânico no Veículo";"Incêndio";"Sem Vítimas";"Pleno dia";"Crescente";"Chuva";"Dupla";"Reta";"Não";1;0;0;0;1;0;0;1;-29,940449;-50,895531;"SPRF-RS";"DEL03-RS";"UOP01-DEL03-RS"
234024;2019-09-01;"domingo";"01:10:00";"SC";101;257;"PAULO LOPES";"Velocidade Incompatível";"Saída de leito carroçável";"Sem Vítimas";"Plena Noite";"Decrescente";"Chuva";"Dupla";"Curva";"Não";1;0;0;0;1;0;0;1;-27,99701205;-48,68755194;"SPRF-SC";"DEL02-SC";"UOP03-DEL02-SC"
234026;2019-09-08;"domingo";"06:00:00";"SC";101;415;"ARARANGUA";"Falta de Atenção à Condução";"Colisão com objeto estático";"Sem Vítimas";"Amanhecer";"Decrescente";"Nublado";"Simples";"Rotatória";"Não";1;0;0;0;1;0;0;1;-28,96040535;-49,51653267;"SPRF-SC";"DEL02-SC";"UOP02-DEL02-SC"
234027;2019-09-08;"domingo";"09:05:00";"PA";163;1002;"SANTAREM";"Falta de Atenção à Condução";"Colisão transversal";"Com Vítimas Feridas";"Pleno dia";"Crescente";"Sol";"Simples";"Interseção de Vias";"Sim";3;0;1;0;2;0;1;2;-2,45593647;-54,72846866;"SPRF-PA";"DEL05-PA";"UOP01-DEL05-PA"
234030;2019-09-08;"domingo";"08:15:00";"PE";232;68;"GRAVATA";"Restrição de Visibilidade";"Queda de ocupante de veículo";"Com Vítimas Feridas";"Pleno dia";"Crescente";"Chuva";"Dupla";"Aclive";"Não";1;0;1;0;0;0;1;1;-8,16728938;-35,47308397;"SPRF-PE";"DEL01-PE";"UOP02-DEL02PE"
234031;2019-09-08;"domingo";"08:20:00";"RJ";116;305;"RESENDE";"Ingestão de Álcool";"Colisão com objeto estático";"Com Vítimas Feridas";"Amanhecer";"Crescente";"Céu Claro";"Simples";"Retorno Regulamentado";"Sim";2;0;1;0;0;1;1;2;-22,46061767;-44,45026701;"SPRF-RJ";"DEL07-RJ";"DEL5/7-UOP03/RJ"
234032;2019-09-08;"domingo";"07:25:00";"MA";402;4,7;"ROSARIO";"Falta de Atenção à Condução";"Saída de leito carroçável";"Sem Vítimas";"Amanhecer";"Decrescente";"Céu Claro";"Simples";"Reta";"Não";1;0;0;0;0;1;0;1;-2,953501;-44,290794;"SPRF-MA";"DEL01-MA";"UOP01-DEL01-MA"
234033;2019-09-08;"domingo";"08:20:00";"DF";251;24;"BRASILIA";"Velocidade Incompatível";"Colisão traseira";"Com Vítimas Feridas";"Pleno dia";"Crescente";"Céu Claro";"Dupla";"Reta";"Sim";2;0;1;0;1;0;1;2;-15,957002;-47,671162;"SPRF-DF";"DEL01-DF";"UOP01-DEL01-DF"
234034;2019-09-08;"domingo";"09:30:00";"GO";50;217,3;"CAMPO ALEGRE DE GOIAS";"Condutor Dormindo";"Saída de leito carroçável";"Com Vítimas Feridas";"Pleno dia";"Crescente";"Céu Claro";"Dupla";"Reta";"Não";3;0;3;0;0;0;3;1;-17,6978;-47,7233;"SPRF-GO";"DEL06-GO";"UOP01-DEL06-GO"
234035;2019-09-08;"domingo";"09:30:00";"PR";277;313;"GUARAPUAVA";"Desobediência às normas de trânsito pelo condutor";"Colisão transversal";"Com Vítimas Feridas";"Pleno dia";"Crescente";"Céu Claro";"Simples";"Curva";"Não";4;0;2;1;0;1;3;2;-25,31874499;-51,19515521;"SPRF-PR";"DEL03-PR";"UOP01-DEL08-PR"
234036;2019-09-07;"sábado";"22:00:00";"MG";381;278;"JAGUARACU";"Desobediência às normas de trânsito pelo condutor";"Colisão traseira";"Com Vítimas Feridas";"Plena Noite";"Decrescente";"Céu Claro";"Simples";"Curva";"Sim";3;0;3;0;0;0;3;2;-19,56039672;-42,71029472;"SPRF-MG";"DEL03-MG";"UOP02-DEL03-MG"
234038;2019-09-08;"domingo";"09:00:00";"PE";104;72,1;"CARUARU";"Falta de Atenção à Condução";"Saída de leito carroçável";"Com Vítimas Feridas";"Pleno dia";"Decrescente";"Nublado";"Simples";"Curva";"Não";1;0;0;1;0;0;1;1;-8,332917;-35,981609;"SPRF-PE";"DEL02-PE";"UOP01-DEL02-PE"
234039;2019-09-08;"domingo";"06:00:00";"SP";116;278,9;"EMBU DAS ARTES";"Falta de Atenção à Condução";"Colisão com objeto estático";"Sem Vítimas";"Amanhecer";"Crescente";"Céu Claro";"Dupla";"Curva";"Não";1;0;0;0;0;1;0;1;-23,65508497;-46,84918605;"SPRF-SP";"DEL04-SP";"UOP01-DEL04-SP"
234041;2019-09-08;"domingo";"09:00:00";"SE";235;33;"AREIA BRANCA";"Desobediência às normas de trânsito pelo condutor";"Colisão transversal";"Com Vítimas Feridas";"Pleno dia";"Decrescente";"Céu Claro";"Simples";"Reta;Declive";"Sim";2;0;1;0;1;0;1;2;-10,762641;-37,30447;"SPRF-SE";"DEL01-SE";"UOP02-DEL01-SE"
234046;2019-09-08;"domingo";"09:30:00";"SP";116;230,9;"SAO PAULO";"Não guardar distância de segurança";"Tombamento";"Com Vítimas Feridas";"Pleno dia";"Crescente";"Sol";"Múltipla";"Aclive;Viaduto";"Não";1;0;1;0;0;0;1;1;-23,52251783;-46,5855702;"SPRF-SP";"DEL01-SP";"UOP01-DEL01-SP"
234047;2019-09-08;"domingo";"10:00:00";"RS";470;12;"BARRACAO";"Falta de Atenção à Condução";"Colisão frontal";"Com Vítimas Feridas";"Pleno dia";"Decrescente";"Nublado";"Simples";"Interseção de Vias";"Sim";2;0;2;0;0;0;2;2;-27,66229079;-51,45618168;"SPRF-RS";"DEL08-RS";"UOP05-DEL08-RS"
234049;2019-09-08;"domingo";"10:40:00";"PR";116;99;"SAO JOSE DOS PINHAIS";"Falta de Atenção à Condução";"Queda de ocupante de veículo";"Com Vítimas Feridas";"Pleno dia";"Crescente";"Sol";"Dupla";"Curva";"Sim";1;0;0;1;0;0;1;1;-25,52682231;-49,14038767;"SPRF-PR";"DEL01-PR";"UOP01-DEL01-PR"
234051;2019-09-08;"domingo";"09:10:00";"RJ";101;255;"SILVA JARDIM";"Defeito Mecânico no Veículo";"Colisão com objeto estático";"Com Vítimas Feridas";"Pleno dia";"Crescente";"Sol";"Dupla";"Reta";"Sim";2;0;2;0;0;0;2;1;-22,69421578;-42,55904705;"SPRF-RJ";"DEL02-RJ";"UOP03-DEL02-RJ"
234052;2019-09-08;"domingo";"11:15:00";"DF";80;14;"BRASILIA";"Falta de Atenção à Condução";"Colisão traseira";"Com Vítimas Feridas";"Pleno dia";"Decrescente";"Céu Claro";"Simples";"Reta";"Não";6;0;1;0;5;0;1;2;-15,719034;-48,196686;"SPRF-DF";"DEL01-DF";"UOP02-DEL03-DF"
234055;2019-09-08;"domingo";"09:45:00";"SC";101;145,2;"ITAPEMA";"Não guardar distância de segurança";"Colisão traseira";"Com Vítimas Feridas";"Pleno dia";"Crescente";"Céu Claro";"Dupla";"Reta";"Sim";3;0;2;0;1;0;2;3;-27,08139206;-48,60130993;"SPRF-SC";"DEL04-SC";"UOP03-DEL04-SC"
234056;2019-09-08;"domingo";"10:55:00";"SP";116;223;"GUARULHOS";"Falta de Atenção à Condução";"Capotamento";"Com Vítimas Feridas";"Pleno dia";"Crescente";"Céu Claro";"Múltipla";"Reta";"Sim";1;0;1;0;0;0;1;1;-23,47559815;-46,5246609;"SPRF-SP";"DEL01-SP";"UOP01-DEL01-SP"
234057;2019-09-08;"domingo";"11:00:00";"MS";163;259,9;"DOURADOS";"Avarias e/ou desgaste excessivo no pneu";"Tombamento";"Com Vítimas Feridas";"Pleno dia";"Crescente";"Sol";"Dupla";"Reta";"Sim";3;0;3;0;0;0;3;1;-22,25258409;-54,77697385;"SPRF-MS";"DEL04-MS";"UOP01-DEL04-MS"
234058;2019-09-08;"domingo";"11:15:00";"SP";381;35;"ATIBAIA";"Ingestão de álcool e/ou substâncias psicoativas pelo pedestre";"Saída de leito carroçável";"Sem Vítimas";"Pleno dia";"Crescente";"Céu Claro";"Dupla";"Reta";"Sim";1;0;0;0;1;0;0;1;-23,088586;-46,571798;"SPRF-SP";"DEL03-SP";"UOP02-DEL03-SP"
234059;2019-09-08;"domingo";"11:40:00";"RJ";40;81;"PETROPOLIS";"Defeito na Via";"Tombamento";"Com Vítimas Feridas";"Pleno dia";"Crescente";"Sol";"Dupla";"Curva;Aclive";"Não";2;0;2;0;0;0;2;1;-22,50560003;-43,23186384;"SPRF-RJ";"DEL06-RJ";"UOP01-DEL06-RJ"
234060;2019-09-08;"domingo";"08:49:00";"RO";364;238;"CACOAL";"Desobediência às normas de trânsito pelo condutor";"Saída de leito carroçável";"Sem Vítimas";"Pleno dia";"Decrescente";"Céu Claro";"Simples";"Reta";"Sim";2;0;0;0;1;1;0;2;-11,4388578;-61,45471289;"SPRF-RO";"DEL02-RO";"UOP02-DEL02-RO"
234061;2019-09-08;"domingo";"09:50:00";"RJ";116;48,9;"TERESOPOLIS";"Animais na Pista";"Colisão com objeto em movimento";"Com Vítimas Feridas";"Pleno dia";"Crescente";"Céu Claro";"Simples";"Curva";"Não";2;0;1;0;1;0;1;1;-22,17604324;-42,83938289;"SPRF-RJ";"DEL04-RJ";"UOP01-DEL04-RJ"
234062;2019-09-08;"domingo";"11:50:00";"MG";40;101;"LAGOA GRANDE";"Desobediência às normas de trânsito pelo condutor";"Saída de leito carroçável";"Com Vítimas Feridas";"Pleno dia";"Crescente";"Céu Claro";"Simples";"Reta";"Não";2;0;1;1;0;0;2;1;-17,568042;-46,501397;"SPRF-MG";"DEL14-MG";"UOP01-DEL14-MG"
234063;2019-07-02;"terça-feira";"21:00:00";"PI";343;486;"ANGICAL DO PIAUI";"Falta de Atenção à Condução";"Colisão traseira";"Com Vítimas Fatais";"Plena Noite";"Crescente";"Céu Claro";"Simples";"Reta";"Não";4;2;0;0;2;0;0;2;-6,213115;-42,702412;"SPRF-PI";"DEL01-PI";"UOP02-DEL01-PI"
234064;2019-09-08;"domingo";"11:30:00";"ES";101;282;"CARIACICA";"Falta de Atenção à Condução";"Saída de leito carroçável";"Com Vítimas Feridas";"Pleno dia";"Crescente";"Céu Claro";"Dupla";"Curva";"Não";1;0;1;0;0;0;1;1;-20,2268854;-40,36466002;"SPRF-ES";"DEL01-ES";"UOP01-DEL01-ES"
234065;2019-09-08;"domingo";"11:30:00";"SP";381;56,5;"MAIRIPORA";"Falta de Atenção à Condução";"Colisão traseira";"Com Vítimas Feridas";"Pleno dia";"Crescente";"Sol";"Dupla";"Aclive;Reta";"Sim";3;0;2;0;1;0;2;2;-23,25907163;-46,58982662;"SPRF-SP";"DEL03-SP";"UOP01-DEL03-SP"
234066;2019-09-08;"domingo";"11:40:00";"CE";116;3;"FORTALEZA";"Falta de Atenção à Condução";"Colisão transversal";"Com Vítimas Feridas";"Pleno dia";"Decrescente";"Sol";"Múltipla";"Reta;Interseção de Vias";"Sim";2;0;1;0;1;0;1;2;-3,77866493;-38,51490171;"SPRF-CE";"DEL01-CE";"UOP02-DEL01-CE"
234067;2019-09-08;"domingo";"10:30:00";"MG";116;286,7;"TEOFILO OTONI";"Não guardar distância de segurança";"Colisão traseira";"Com Vítimas Feridas";"Pleno dia";"Decrescente";"Sol";"Simples";"Aclive;Curva";"Não";3;0;2;0;0;1;2;2;-17,93577075;-41,52783055;"SPRF-MG";"DEL11-MG";"UOP01-DEL11-MG"
234069;2019-09-08;"domingo";"09:05:00";"PR";277;120;"CAMPO LARGO";"Velocidade Incompatível";"Queda de ocupante de veículo";"Com Vítimas Feridas";"Pleno dia";"Crescente";"Céu Claro";"Dupla";"Reta";"Não";1;0;0;1;0;0;1;1;-25,43767467;-49,54853296;"SPRF-PR";"DEL01-PR";"UOP06-DEL01-PR"
234070;2019-09-08;"domingo";"11:30:00";"SC";116;89,9;"MONTE CASTELO";"Falta de Atenção à Condução";"Queda de ocupante de veículo";"Com Vítimas Feridas";"Pleno dia";"Decrescente";"Céu Claro";"Simples";"Reta";"Não";1;0;1;0;0;0;1;1;-26,63610446;-50,25215149;"SPRF-SC";"DEL06-SC";"UOP02-DEL06-SC"
234071;2019-08-12;"segunda-feira";"11:30:00";"SC";153;5;"AGUA DOCE";"Falta de Atenção à Condução";"Colisão lateral";"Com Vítimas Feridas";"Pleno dia";"Crescente";"Céu Claro";"Simples";"Reta";"Não";2;0;1;0;1;0;1;2;-26,64051587;-51,5127039;"SPRF-SC";"DEL07-SC";"UOP07-DEL07-SC"
234072;2019-09-08;"domingo";"13:25:00";"PR";376;153,9;"MANDAGUACU";"Falta de Atenção à Condução";"Colisão com objeto estático";"Com Vítimas Feridas";"Pleno dia";"Crescente";"Céu Claro";"Dupla";"Reta";"Não";1;0;0;1;0;0;1;1;-23,32908302;-52,11162178;"SPRF-PR";"DEL07-PR";"UOP01-DEL09-PR"
234073;2019-09-08;"domingo";"12:00:00";"PE";232;163,7;"TACAIMBO";"Falta de Atenção à Condução";"Colisão frontal";"Com Vítimas Feridas";"Pleno dia";"Decrescente";"Nublado";"Simples";"Reta";"Sim";2;0;0;2;0;0;2;2;-8,334708;-36,283802;"SPRF-PE";"DEL02-PE";"UOP03-DEL02-PE"
234076;2019-09-08;"domingo";"12:33:00";"RJ";101;262,9;"RIO BONITO";"Velocidade Incompatível";"Colisão com objeto estático";"Com Vítimas Feridas";"Pleno dia";"Decrescente";"Sol";"Dupla";"Reta";"Sim";1;0;0;1;0;0;1;1;-22,71367506;-42,62052996;"SPRF-RJ";"DEL02-RJ";"UOP03-DEL02-RJ"
234078;2019-09-08;"domingo";"12:45:00";"PI";316;11;"TERESINA";"Falta de Atenção à Condução";"Colisão com objeto estático";"Sem Vítimas";"Pleno dia";"Crescente";"Céu Claro";"Simples";"Rotatória";"Sim";1;0;0;0;0;1;0;1;-5,190384;-42,761284;"SPRF-PI";"DEL01-PI";"UOP02-DEL01-PI"
234081;2019-09-08;"domingo";"12:00:00";"PE";232;29;"MORENO";"Falta de Atenção do Pedestre";"Atropelamento de Pedestre";"Com Vítimas Feridas";"Pleno dia";"Decrescente";"Céu Claro";"Dupla";"Aclive";"Não";3;0;1;0;1;1;1;2;-8,111269;-35,143135;"SPRF-PE";"DEL01-PE";"UOP02-DEL02PE"
234082;2019-09-08;"domingo";"13:40:00";"RR";401;5;"BOA VISTA";"Desobediência às normas de trânsito pelo condutor";"Colisão lateral";"Com Vítimas Feridas";"Pleno dia";"Decrescente";"Sol";"Dupla";"Interseção de Vias";"Não";2;0;1;0;1;0;1;2;2,78623553;-60,65053801;"SPRF-RR";"DEL01-RR";"UOP01-DEL01-RR"
234083;2019-09-08;"domingo";"09:30:00";"SC";282;87;"ALFREDO WAGNER";"Falta de Atenção à Condução";"Saída de leito carroçável";"Com Vítimas Feridas";"Pleno dia";"Crescente";"Sol";"Simples";"Curva";"Não";1;0;0;1;0;0;1;1;-27,664766;-49,20578;"SPRF-SC";"DEL01-SC";"UOP03-DEL01-SC"
234084;2019-09-08;"domingo";"13:05:00";"RN";406;104,3;"JOAO CAMARA";"Defeito Mecânico no Veículo";"Incêndio";"Sem Vítimas";"Pleno dia";"Crescente";"Céu Claro";"Simples";"Reta";"Sim";1;0;0;0;1;0;0;1;-5,54067796;-35,80553967;"SPRF-RN";"DEL02-RN";"UOP01-DEL02-RN"
234085;2019-09-08;"domingo";"14:15:00";"PR";376;527,2;"PONTA GROSSA";"Falta de Atenção à Condução";"Colisão traseira";"Com Vítimas Feridas";"Pleno dia";"Decrescente";"Céu Claro";"Dupla";"Declive";"Não";4;0;1;1;2;0;2;2;-25,327481;-49,862779;"SPRF-PR";"DEL03-PR";"UOP04-DEL03-PR"
234086;2019-09-08;"domingo";"13:30:00";"PR";376;596,3;"CURITIBA";"Velocidade Incompatível";"Saída de leito carroçável";"Sem Vítimas";"Pleno dia";"Decrescente";"Sol";"Dupla";"Reta;Declive";"Sim";1;0;0;0;0;1;0;1;-25,50460283;-49,34108111;"SPRF-PR";"DEL01-PR";"UOP06-DEL01-PR"
234087;2019-09-08;"domingo";"14:10:00";"SC";282;23,6;"SANTO AMARO DA IMPERATRIZ";"Desobediência às normas de trânsito pelo condutor";"Colisão lateral";"Com Vítimas Feridas";"Pleno dia";"Crescente";"Sol";"Simples";"Reta";"Sim";2;0;0;1;1;0;1;2;-27,687958;-48,736794;"SPRF-SC";"DEL01-SC";"UOP03-DEL01-SC"
234088;2019-09-08;"domingo";"11:30:00";"MG";50;182;"UBERABA";"Ingestão de Álcool";"Colisão traseira";"Sem Vítimas";"Pleno dia";"Decrescente";"Céu Claro";"Dupla";"Reta";"Sim";2;0;0;0;2;0;0;2;-19,793806;-47,911165;"SPRF-MG";"DEL13-MG";"UOP01-DEL13-MG"
234089;2019-09-08;"domingo";"13:55:00";"ES";259;57,6;"COLATINA";"Desobediência às normas de trânsito pelo condutor";"Colisão transversal";"Com Vítimas Feridas";"Pleno dia";"Crescente";"Sol";"Simples";"Reta";"Sim";3;0;1;0;1;1;1;2;-19,50865703;-40,65581416;"SPRF-ES";"DEL02-ES";"UOP01-DEL02-ES"
234091;2019-09-08;"domingo";"12:15:00";"GO";60;177;"ABADIA DE GOIAS";"Defeito Mecânico no Veículo";"Queda de ocupante de veículo";"Com Vítimas Feridas";"Pleno dia";"Crescente";"Céu Claro";"Dupla";"Reta";"Não";2;0;1;1;0;0;2;1;-16,7562;-49,4492;"SPRF-GO";"DEL01-GO";"UOP02-DEL01-GO"