"id";"data_inversa";"dia_semana";"horario";"uf";"br";"km";"municipio";"causa_acidente";"tipo_acidente";"classificacao_acidente";"fase_dia";"sentido_via";"condicao_metereologica";"tipo_pista";"tracado_via";"uso_solo";"pessoas";"mortos";"feridos_leves";"feridos_graves";"ilesos";"ignorados";"feridos";"veiculos";"latitude";"longitude";"regional";"delegacia";"uop"
234092;2019-09-08;"domingo";"14:30:00";"SC";101;200;"SAO JOSE";"Velocidade Incompatível";"Colisão traseira";"Com Vítimas Feridas";"Pleno dia";"Crescente";"Sol";"Múltipla";"Aclive";"Sim";2;0;1;0;1;0;1;2;-27,54056617;-48,62272829;"SPRF-SC";"DEL01-SC";"UOP01-DEL01-SC"
234093;2019-09-08;"domingo";"14:00:00";"MG";40;503,8;"ESMERALDAS";"Desobediência às normas de trânsito pelo condutor";"Colisão traseira";"Sem Vítimas";"Pleno dia";"Decrescente";"Sol";"Dupla";"Reta;Declive";"Sim";2;0;0;0;2;0;0;2;-19,72138499;-44,15573599;"SPRF-MG";"DEL02-MG";"UOP01-DEL02-MG"
234094;2019-09-08;"domingo";"13:50:00";"RO";364;337;"JI-PARANA";"Desobediência às normas de trânsito pelo condutor";"Colisão transversal";"Com Vítimas Feridas";"Pleno dia";"Crescente";"Céu Claro";"Dupla";"Reta";"Sim";2;0;2;0;0;0;2;2;-10,92585401;-61,9296014;"SPRF-RO";"DEL02-RO";"UOP01-DEL02-RO"
234095;2019-09-08;"domingo";"15:20:00";"PR";272;371,5;"CAMPO MOURAO";"Falta de Atenção à Condução";"Colisão transversal";"Com Vítimas Feridas";"Pleno dia";"Crescente";"Céu Claro";"Simples";"Reta";"Não";3;0;1;2;0;0;3;2;-24,06673676;-52,43681411;"SPRF-PR";"DEL04-PR";"UOP03-DEL09-PR"
234096;2019-09-08;"domingo";"15:10:00";"RS";468;88,9;"BOM PROGRESSO";"Desobediência às normas de trânsito pelo condutor";"Colisão transversal";"Com Vítimas Feridas";"Pleno dia";"Crescente";"Nublado";"Simples";"Reta";"Não";2;0;1;0;1;0;1;2;-27,55165104;-53,86769008;"SPRF-RS";"DEL08-RS";"UOP02-DEL08-RS"
234097;2019-09-08;"domingo";"15:35:00";"RN";405;2,4;"MOSSORO";"Desobediência às normas de trânsito pelo condutor";"Colisão transversal";"Com Vítimas Feridas";"Pleno dia";"Crescente";"Sol";"Dupla";"Viaduto";"Sim";3;0;2;0;1;0;2;2;-5,19282682;-37,37112402;"SPRF-RN";"DEL04-RN";"UOP02-DEL04-RN"
234098;2019-09-08;"domingo";"15:40:00";"PR";376;165;"MARINGA";"Falta de Atenção à Condução";"Saída de leito carroçável";"Com Vítimas Feridas";"Pleno dia";"Crescente";"Céu Claro";"Simples";"Reta";"Sim";1;0;0;1;0;0;1;1;-23,39038641;-52,01421918;"SPRF-PR";"DEL07-PR";"UOP01-DEL09-PR"
234099;2019-09-08;"domingo";"15:45:00";"SC";470;9,9;"NAVEGANTES";"Falta de Atenção à Condução";"Colisão transversal";"Com Vítimas Feridas";"Pleno dia";"Crescente";"Nublado";"Simples";"Reta";"Não";3;0;1;1;0;1;2;2;-26,833143;-48,727432;"SPRF-SC";"DEL04-SC";"UOP04-DEL04-SC"
234100;2019-09-08;"domingo";"15:58:00";"SC";101;209;"SAO JOSE";"Velocidade Incompatível";"Queda de ocupante de veículo";"Com Vítimas Feridas";"Pleno dia";"Decrescente";"Céu Claro";"Múltipla";"Reta";"Sim";1;0;1;0;0;0;1;1;-27,61000542;-48,63895057;"SPRF-SC";"DEL01-SC";"UOP01-DEL01-SC"
234101;2019-09-08;"domingo";"15:30:00";"PE";101;141;"RIBEIRAO";"Falta de Atenção à Condução";"Saída de leito carroçável";"Com Vítimas Feridas";"Pleno dia";"Decrescente";"Nublado";"Dupla";"Curva";"Não";3;0;2;0;1;0;2;1;-8,44013935;-35,33528377;"SPRF-PE";"DEL01-PE";"UOP03-DEL01-PE"
234102;2019-09-08;"domingo";"15:15:00";"PB";230;105,2;"INGA";"Falta de Atenção à Condução";"Tombamento";"Com Vítimas Feridas";"Pleno dia";"Crescente";"Céu Claro";"Dupla";"Curva";"Não";2;0;2;0;0;0;2;1;-7,20821082;-35,53167892;"SPRF-PB";"DEL01-PB";"UOP03-DEL01-PB"
234103;2019-09-08;"domingo";"14:45:00";"SP";459;29,5;"LORENA";"Ingestão de Álcool";"Queda de ocupante de veículo";"Com Vítimas Feridas";"Pleno dia";"Crescente";"Sol";"Simples";"Reta";"Sim";2;0;0;2;0;0;2;1;-22,717228;-45,108387;"SPRF-SP";"DEL08-SP";"UOP03-DEL08-SP"
234104;2019-09-08;"domingo";"15:20:00";"GO";414;409,4;"ABADIANIA";"Desobediência às normas de trânsito pelo condutor";"Colisão frontal";"Sem Vítimas";"Pleno dia";"Decrescente";"Sol";"Simples";"Interseção de Vias";"Sim";2;0;0;0;2;0;0;2;-16,04944018;-48,85300822;"SPRF-GO";"DEL02-GO";"UOP01-DEL02-GO"
234105;2019-09-08;"domingo";"16:35:00";"SC";101;209,3;"SAO JOSE";"Velocidade Incompatível";"Colisão lateral";"Com Vítimas Feridas";"Pleno dia";"Decrescente";"Céu Claro";"Múltipla";"Reta";"Sim";2;0;0;1;1;0;1;2;-27,61000542;-48,63895057;"SPRF-SC";"DEL01-SC";"UOP01-DEL01-SC"
234106;2019-09-08;"domingo";"15:15:00";"PR";376;218;"JANDAIA DO SUL";"Falta de Atenção à Condução";"Queda de ocupante de veículo";"Com Vítimas Feridas";"Pleno dia";"Crescente";"Céu Claro";"Simples";"Curva";"Sim";1;0;0;1;0;0;1;1;-23,59717604;-51,615043;"SPRF-PR";"DEL07-PR";"UOP03-DEL07-PR"
234108;2019-09-08;"domingo";"16:59:00";"DF";20;40,2;"BRASILIA";"Velocidade Incompatível";"Tombamento";"Com Vítimas Feridas";"Pleno dia";"Decrescente";"Sol";"Dupla";"Aclive";"Não";1;0;0;1;0;0;1;1;-15,581853;-47,512711;"SPRF-DF";"DEL02-DF";"UOP01-DEL02-DF"
234109;2019-09-08;"domingo";"16:30:00";"DF";251;22,8;"BRASILIA";"Ingestão de Álcool";"Colisão frontal";"Com Vítimas Feridas";"Pleno dia";"Crescente";"Céu Claro";"Simples";"Ponte";"Não";5;0;3;2;0;0;5;2;-15,966973;-47,65575;"SPRF-DF";"DEL01-DF";"UOP01-DEL01-DF"
234110;2019-09-08;"domingo";"15:30:00";"SP";381;17;"BRAGANCA PAULISTA";"Velocidade Incompatível";"Capotamento";"Com Vítimas Feridas";"Pleno dia";"Crescente";"Céu Claro";"Dupla";"Reta";"Não";1;0;1;0;0;0;1;1;-22,97345344;-46,48790742;"SPRF-SP";"DEL03-SP";"UOP02-DEL03-SP"
234112;2019-09-08;"domingo";"16:20:00";"PR";116;210,8;"RIO NEGRO";"Desobediência às normas de trânsito pelo condutor";"Colisão transversal";"Com Vítimas Feridas";"Pleno dia";"Decrescente";"Céu Claro";"Simples";"Interseção de Vias";"Sim";2;0;1;0;1;0;1;2;-26,0991454;-49,78040457;"SPRF-SC";"DEL06-SC";"UOP01-DEL06-SC"
234113;2019-09-08;"domingo";"16:15:00";"MG";381;499,8;"BETIM";"Não guardar distância de segurança";"Engavetamento";"Com Vítimas Feridas";"Pleno dia";"Decrescente";"Sol";"Dupla";"Reta";"Não";4;0;2;0;2;0;2;3;-20,01792651;-44,2261448;"SPRF-MG";"DEL01-MG";"UOP03-DEL01-MG"
234114;2019-09-08;"domingo";"17:20:00";"SC";470;185;"POUSO REDONDO";"Velocidade Incompatível";"Colisão frontal";"Com Vítimas Feridas";"Pleno dia";"Decrescente";"Céu Claro";"Simples";"Curva";"Não";4;0;3;1;0;0;4;2;-27,254034;-50,036575;"SPRF-SC";"DEL04-SC";"UOP02-DEL04-SC"
234115;2019-09-08;"domingo";"17:10:00";"PR";116;137;"MANDIRITUBA";"Defeito Mecânico no Veículo";"Tombamento";"Com Vítimas Feridas";"Pleno dia";"Decrescente";"Céu Claro";"Dupla";"Reta";"Não";1;0;1;0;0;0;1;1;-25,70197606;-49,31951074;"SPRF-PR";"DEL01-PR";"UOP03-DEL01-PR"
234116;2019-09-08;"domingo";"16:20:00";"MG";116;531,6;"CARATINGA";"Não guardar distância de segurança";"Engavetamento";"Com Vítimas Feridas";"Pleno dia";"Crescente";"Céu Claro";"Simples";"Reta";"Sim";6;0;3;0;3;0;3;3;-19,81937899;-42,13692704;"SPRF-MG";"DEL06-MG";"UOP02-DEL06-MG"
234118;2019-09-08;"domingo";"17:30:00";"PB";101;40,6;"MAMANGUAPE";"Ingestão de Álcool";"Atropelamento de Pedestre";"Com Vítimas Feridas";"Anoitecer";"Crescente";"Nublado";"Dupla";"Reta";"Sim";2;0;1;1;0;0;2;2;-6,838737;-35,13633;"SPRF-PB";"DEL01-PB";"UOP04-DEL01-PB"
234120;2019-09-08;"domingo";"17:30:00";"SC";470;6;"NAVEGANTES";"Ultrapassagem Indevida";"Colisão lateral";"Com Vítimas Feridas";"Pleno dia";"Crescente";"Nevoeiro/Neblina";"Simples";"Reta";"Não";2;0;1;0;1;0;1;2;-26,852238;-48,709545;"SPRF-SC";"DEL04-SC";"UOP04-DEL04-SC"
234121;2019-09-08;"domingo";"17:15:00";"RS";392;116;"CANGUCU";"Ingestão de Álcool";"Colisão frontal";"Com Vítimas Feridas";"Pleno dia";"Crescente";"Chuva";"Simples";"Curva;Declive";"Não";2;0;1;0;1;0;1;2;-31,41716683;-52,66667892;"SPRF-RS";"DEL07-RS";"UOP01-DEL07-RS"
234122;2019-09-08;"domingo";"17:40:00";"SC";101;221;"PALHOCA";"Não guardar distância de segurança";"Colisão traseira";"Sem Vítimas";"Pleno dia";"Crescente";"Céu Claro";"Dupla";"Reta";"Não";3;0;0;0;1;2;0;3;-27,70012652;-48,66021182;"SPRF-SC";"DEL01-SC";"UOP02-DEL01-SC"
234123;2019-09-08;"domingo";"17:15:00";"SP";381;34;"ATIBAIA";"Velocidade Incompatível";"Colisão com objeto estático";"Sem Vítimas";"Pleno dia";"Decrescente";"Céu Claro";"Dupla";"Reta";"Sim";1;0;0;0;0;1;0;1;-23,079939;-46,569862;"SPRF-SP";"DEL03-SP";"UOP02-DEL03-SP"
234124;2019-09-08;"domingo";"16:20:00";"SC";116;193;"PONTE ALTA";"Defeito Mecânico no Veículo";"Colisão transversal";"Com Vítimas Feridas";"Pleno dia";"Crescente";"Céu Claro";"Simples";"Aclive";"Não";4;0;4;0;0;0;4;2;-27,37129308;-50,42970441;"SPRF-SC";"DEL05-SC";"UOP03-DEL05-SC"
234125;2019-09-08;"domingo";"17:20:00";"RS";290;130,4;"ELDORADO DO SUL";"Falta de Atenção à Condução";"Colisão transversal";"Com Vítimas Feridas";"Pleno dia";"Crescente";"Nublado";"Simples";"Retorno Regulamentado";"Não";4;0;2;0;2;0;2;2;-30,058458;-51,510532;"SPRF-RS";"DEL02-RS";"UOP01-DEL02-RS"
234126;2019-09-08;"domingo";"17:50:00";"RN";101;81,1;"NATAL";"Ingestão de Álcool";"Colisão traseira";"Com Vítimas Feridas";"Anoitecer";"Decrescente";"Céu Claro";"Dupla";"Reta";"Sim";2;0;0;1;1;0;1;2;-5,76469466;-35,28295988;"SPRF-RN";"DEL02-RN";"UOP01-DEL02-RN"
234128;2019-09-08;"domingo";"17:30:00";"AL";316;266,5;"SATUBA";"Falta de Atenção do Pedestre";"Atropelamento de Pedestre";"Com Vítimas Fatais";"Anoitecer";"Crescente";"Céu Claro";"Simples";"Reta";"Não";2;1;0;0;0;1;0;2;-9,5871392;-35,86110997;"SPRF-AL";"DEL02-AL";"UOP01-DEL02-AL"
234129;2019-09-08;"domingo";"17:35:00";"AL";316;266;"SATUBA";"Falta de Atenção à Condução";"Colisão traseira";"Com Vítimas Feridas";"Anoitecer";"Crescente";"Vento";"Simples";"Reta";"Não";2;0;1;0;1;0;1;2;-9,58762644;-35,85230719;"SPRF-AL";"DEL02-AL";"UOP01-DEL02-AL"
234130;2019-09-08;"domingo";"17:50:00";"RN";427;96,6;"CAICO";"Desobediência às normas de trânsito pelo condutor";"Colisão transversal";"Com Vítimas Feridas";"Plena Noite";"Crescente";"Céu Claro";"Simples";"Reta";"Sim";3;0;2;0;1;0;2;2;-6,470574;-37,08206;"SPRF-RN";"DEL03-RN";"UOP01-DEL03-RN"
234131;2019-09-08;"domingo";"17:40:00";"MA";135;9,8;"SAO LUIS";"Falta de Atenção à Condução";"Saída de leito carroçável";"Com Vítimas Feridas";"Pleno dia";"Crescente";"Céu Claro";"Dupla";"Curva";"Não";1;0;0;1;0;0;1;1;-2,65439399;-44,28596377;"SPRF-MA";"DEL01-MA";"UOP01-DEL01-MA"
234132;2019-09-08;"domingo";"17:50:00";"RN";304;288;"MACAIBA";"Não guardar distância de segurança";"Colisão traseira";"Com Vítimas Feridas";"Anoitecer";"Crescente";"Céu Claro";"Simples";"Reta";"Não";3;0;1;0;2;0;1;2;-5,86849713;-35,42070796;"SPRF-RN";"DEL01-RN";"UOP02-DEL01-RN"
234134;2019-09-08;"domingo";"17:00:00";"SP";381;18;"BRAGANCA PAULISTA";"Não guardar distância de segurança";"Colisão lateral";"Com Vítimas Feridas";"Anoitecer";"Crescente";"Céu Claro";"Dupla";"Rotatória";"Não";3;0;1;0;2;0;1;2;-22,9815845;-46,49710727;"SPRF-SP";"DEL03-SP";"UOP02-DEL03-SP"
234137;2019-09-08;"domingo";"17:50:00";"SP";381;58;"MAIRIPORA";"Não guardar distância de segurança";"Colisão traseira";"Sem Vítimas";"Plena Noite";"Crescente";"Céu Claro";"Dupla";"Reta";"Não";2;0;0;0;2;0;0;2;-23,27620014;-46,58546448;"SPRF-SP";"DEL03-SP";"UOP01-DEL03-SP"
234138;2019-09-08;"domingo";"18:20:00";"BA";324;550;"AMELIA RODRIGUES";"Velocidade Incompatível";"Colisão traseira";"Com Vítimas Feridas";"Plena Noite";"Crescente";"Chuva";"Dupla";"Reta";"Não";2;0;1;0;1;0;1;2;-12,43832718;-38,72506515;"SPRF-BA";"DEL01-BA";"UOP01-DEL01-BA"
234139;2019-09-08;"domingo";"17:30:00";"PR";467;78,9;"CASCAVEL";"Velocidade Incompatível";"Colisão traseira";"Com Vítimas Feridas";"Pleno dia";"Crescente";"Céu Claro";"Dupla";"Retorno Regulamentado";"Não";3;0;1;0;2;0;1;2;-24,7717;-53,6844;"SPRF-PR";"DEL04-PR";"UOP01-DEL04-PR"
234141;2019-09-08;"domingo";"17:45:00";"MS";262;374,6;"TERENOS";"Falta de Atenção à Condução";"Colisão frontal";"Com Vítimas Fatais";"Anoitecer";"Decrescente";"Céu Claro";"Simples";"Reta";"Não";2;1;0;0;1;0;0;2;-20,48824462;-54,82201518;"SPRF-MS";"DEL01-MS";"UOP03-DEL01-MS"
234142;2019-09-08;"domingo";"18:40:00";"RS";116;0,3;"PORTO ALEGRE";"Não guardar distância de segurança";"Colisão traseira";"Com Vítimas Feridas";"Anoitecer";"Crescente";"Nublado";"Múltipla";"Reta";"Sim";2;0;1;0;1;0;1;2;-30,033535;-51,230453;"SPRF-RS";"DEL01-RS";"UOP01-DEL01-RS"
234143;2019-09-08;"domingo";"15:25:00";"PI";316;149,3;"ELESBAO VELOSO";"Desobediência às normas de trânsito pelo condutor";"Colisão frontal";"Com Vítimas Fatais";"Pleno dia";"Decrescente";"Céu Claro";"Simples";"Reta";"Não";4;1;0;0;3;0;0;2;-6,11539168;-42,17102583;"SPRF-PI";"DEL04-PI";"UOP02-DEL04-PI"
234144;2019-09-08;"domingo";"17:55:00";"SC";282;509,2;"XANXERE";"Não guardar distância de segurança";"Colisão lateral";"Com Vítimas Feridas";"Pleno dia";"Decrescente";"Céu Claro";"Simples";"Reta";"Não";3;0;1;0;2;0;1;2;-26,890533;-52,457096;"SPRF-SC";"DEL07-SC";"UOP01-DEL07-SC"
234145;2019-09-08;"domingo";"18:50:00";"RJ";40;114;"DUQUE DE CAXIAS";"Falta de Atenção à Condução";"Saída de leito carroçável";"Com Vítimas Feridas";"Plena Noite";"Crescente";"Nublado";"Múltipla";"Curva";"Sim";2;0;1;0;1;0;1;1;-22,718166;-43,29023123;"SPRF-RJ";"DEL01-RJ";"UOP01-DEL01-RJ"
234146;2019-09-08;"domingo";"18:40:00";"PR";369;152;"LONDRINA";"Falta de Atenção à Condução";"Colisão lateral";"Sem Vítimas";"Plena Noite";"Crescente";"Céu Claro";"Dupla";"Reta";"Sim";5;0;0;0;5;0;0;2;-23,29595304;-51,19109631;"SPRF-PR";"DEL07-PR";"UOP01-DEL07-PR"
234147;2019-09-08;"domingo";"17:50:00";"PR";277;69;"SAO JOSE DOS PINHAIS";"Falta de Atenção à Condução";"Colisão traseira";"Sem Vítimas";"Plena Noite";"Crescente";"Céu Claro";"Dupla";"Reta";"Sim";2;0;0;0;2;0;0;2;-25,53715243;-49,07076619;"SPRF-PR";"DEL01-PR";"UOP07-DEL01-PR"
234148;2019-09-08;"domingo";"16:30:00";"RO";364;17;"VILHENA";"Falta de Atenção à Condução";"Colisão lateral";"Sem Vítimas";"Pleno dia";"Crescente";"Céu Claro";"Simples";"Aclive";"Não";4;0;0;0;3;1;0;2;-12,73207998;-60,16589399;"SPRF-RO";"DEL04-RO";"UOP01-DEL04-RO"
234149;2019-09-08;"domingo";"19:00:00";"SC";470;80,3;"RODEIO";"Ingestão de Álcool";"Colisão transversal";"Sem Vítimas";"Plena Noite";"Crescente";"Nublado";"Simples";"Reta";"Não";3;0;0;0;3;0;0;3;-26,94823967;-49,31787372;"SPRF-SC";"DEL04-SC";"UOP01-DEL04-SC"
234150;2019-09-08;"domingo";"18:50:00";"AL";104;87,5;"RIO LARGO";"Ingestão de Álcool";"Atropelamento de Pedestre";"Com Vítimas Feridas";"Plena Noite";"Crescente";"Céu Claro";"Dupla";"Reta";"Sim";3;0;2;0;1;0;2;2;-9,47532901;-35,82160002;"SPRF-AL";"DEL01-AL";"UOP01-DEL01-AL"
234151;2019-09-08;"domingo";"19:10:00";"SC";470;72;"INDAIAL";"Ingestão de Álcool";"Colisão frontal";"Com Vítimas Feridas";"Plena Noite";"Crescente";"Céu Claro";"Simples";"Reta";"Não";2;0;0;1;1;0;1;2;-26,901979;-49,268745;"SPRF-SC";"DEL04-SC";"UOP01-DEL04-SC"
234153;2019-09-08;"domingo";"19:00:00";"GO";80;25;"PADRE BERNARDO";"Ingestão de Álcool";"Colisão frontal";"Com Vítimas Feridas";"Plena Noite";"Crescente";"Céu Claro";"Simples";"Reta";"Não";5;0;1;0;4;0;1;2;-15,337575;-48,233721;"SPRF-DF";"DEL01-DF";"UOP02-DEL03-DF"
234154;2019-09-08;"domingo";"18:00:00";"MT";163;930;"ITAUBA";"Ingestão de Álcool";"Colisão frontal";"Com Vítimas Feridas";"Plena Noite";"Crescente";"Céu Claro";"Simples";"Aclive";"Não";2;0;1;0;1;0;1;2;-11,03266956;-55,26654309;"SPRF-MT";"DEL06-MT";"UOP02-DEL06-MT"
234155;2019-09-08;"domingo";"18:40:00";"SC";101;114;"ITAJAI";"Falta de Atenção à Condução";"Colisão traseira";"Com Vítimas Feridas";"Plena Noite";"Decrescente";"Nublado";"Dupla";"Reta";"Não";4;0;0;2;2;0;2;3;-26,86192886;-48,7286704;"SPRF-SC";"DEL04-SC";"UOP04-DEL04-SC"
234156;2019-09-08;"domingo";"18:45:00";"PI";316;285,2;"DOM EXPEDITO LOPES";"Falta de Atenção à Condução";"Colisão traseira";"Sem Vítimas";"Plena Noite";"Crescente";"Céu Claro";"Simples";"Reta";"Não";2;0;0;0;2;0;0;1;-6,96840473;-41,65280499;"SPRF-PI";"DEL04-PI";"UOP01-DEL04-PI"
234157;2019-09-08;"domingo";"19:00:00";"RJ";40;102;"DUQUE DE CAXIAS";"Desobediência às normas de trânsito pelo condutor";"Colisão lateral";"Com Vítimas Feridas";"Plena Noite";"Decrescente";"Céu Claro";"Simples";"Reta";"Sim";4;0;2;0;1;1;2;3;-22,61089297;-43,28656077;"SPRF-RJ";"DEL01-RJ";"UOP01-DEL01-RJ"
234158;2019-09-08;"domingo";"19:05:00";"SP";116;142,8;"SAO JOSE DOS CAMPOS";"Falta de Atenção à Condução";"Colisão traseira";"Com Vítimas Feridas";"Plena Noite";"Decrescente";"Céu Claro";"Dupla";"Reta";"Não";4;0;1;0;1;2;1;4;-23,17426078;-45,82940111;"SPRF-SP";"DEL06-SP";"UOP02-DEL02-SP"
234159;2019-09-08;"domingo";"19:00:00";"SC";101;198,1;"BIGUACU";"Falta de Atenção à Condução";"Colisão traseira";"Com Vítimas Feridas";"Plena Noite";"Crescente";"Nublado";"Múltipla";"Reta";"Sim";5;0;5;0;0;0;5;2;-27,52798224;-48,63435566;"SPRF-SC";"DEL01-SC";"UOP01-DEL01-SC"
234160;2019-09-08;"domingo";"18:10:00";"BA";324;587;"CANDEIAS";"Falta de Atenção à Condução";"Engavetamento";"Sem Vítimas";"Plena Noite";"Decrescente";"Chuva";"Dupla";"Reta";"Não";5;0;0;0;4;1;0;4;-12,64715411;-38,47504041;"SPRF-BA";"DEL01-BA";"UOP01-DEL01-BA"
234161;2019-09-08;"domingo";"19:30:00";"RJ";116;184;"NOVA IGUACU";"Falta de Atenção à Condução";"Colisão lateral";"Sem Vítimas";"Plena Noite";"Decrescente";"Céu Claro";"Dupla";"Reta";"Sim";2;0;0;0;2;0;0;2;-22,74647215;-43,44594311;"SPRF-RJ";"DEL01-RJ";"UOP02-DEL01-RJ"
234162;2019-09-08;"domingo";"19:00:00";"BA";242;788;"BARREIRAS";"Ingestão de álcool e/ou substâncias psicoativas pelo pedestre";"Colisão traseira";"Com Vítimas Feridas";"Plena Noite";"Crescente";"Céu Claro";"Simples";"Interseção de Vias";"Não";2;0;1;0;1;0;1;2;-12,14076247;-44,94699067;"SPRF-BA";"DEL10-BA";"UOP01-DEL10-BA"
234164;2019-09-08;"domingo";"18:40:00";"PR";476;114;"COLOMBO";"Ingestão de Álcool";"Colisão frontal";"Sem Vítimas";"Anoitecer";"Decrescente";"Céu Claro";"Simples";"Reta";"Não";6;0;0;0;6;0;0;2;-25,335966;-49,158184;"SPRF-PR";"DEL01-PR";"UOP07-DEL01-PR"
234165;2019-09-08;"domingo";"19:00:00";"SP";459;30,9;"LORENA";"Desobediência às normas de trânsito pelo condutor";"Colisão lateral";"Sem Vítimas";"Plena Noite";"Crescente";"Céu Claro";"Simples";"Em Obras;Interseção de Vias";"Sim";2;0;0;0;2;0;0;2;-22,7321737;-45,09939194;"SPRF-SP";"DEL08-SP";"UOP03-DEL08-SP"
234166;2019-09-08;"domingo";"19:50:00";"ES";101;432,3;"ATILIO VIVACQUA";"Velocidade Incompatível";"Saída de leito carroçável";"Com Vítimas Feridas";"Plena Noite";"Crescente";"Céu Claro";"Simples";"Curva";"Não";1;0;0;1;0;0;1;1;-21,03366189;-41,18125221;"SPRF-ES";"DEL03-ES";"UOP02-DEL03-ES"
234168;2019-09-08;"domingo";"19:00:00";"CE";222;1,5;"FORTALEZA";"Desobediência às normas de trânsito pelo condutor";"Colisão lateral";"Sem Vítimas";"Plena Noite";"Crescente";"Céu Claro";"Múltipla";"Reta";"Sim";2;0;0;0;1;1;0;2;-3,737804;-38,578061;"SPRF-CE";"DEL01-CE";"UOP01-DEL01-CE"
234169;2019-09-08;"domingo";"19:10:00";"RN";304;220;"CAICARA DO RIO DO VENTO";"Falta de Atenção à Condução";"Colisão transversal";"Com Vítimas Feridas";"Plena Noite";"Crescente";"Céu Claro";"Simples";"Reta";"Não";5;0;1;2;2;0;3;2;-5,757041;-35,98889;"SPRF-RN";"DEL01-RN";"UOP03-DEL01-RN"
234170;2019-09-08;"domingo";"20:10:00";"MG";262;371,5;"JUATUBA";"Velocidade Incompatível";"Colisão com objeto estático";"Sem Vítimas";"Plena Noite";"Decrescente";"Céu Claro";"Dupla";"Curva;Declive";"Sim";1;0;0;0;1;0;0;1;-19,95566131;-44,36719179;"SPRF-MG";"DEL01-MG";"UOP03-DEL01-MG"
234171;2019-09-08;"domingo";"19:50:00";"RS";116;221;"DOIS IRMAOS";"Falta de Atenção à Condução";"Saída de leito carroçável";"Com Vítimas Feridas";"Plena Noite";"Crescente";"Céu Claro";"Simples";"Curva";"Não";2;0;2;0;0;0;2;1;-29,57244205;-51,09624556;"SPRF-RS";"DEL01-RS";"UOP02-DEL01-RS"
234172;2019-09-08;"domingo";"18:20:00";"RO";364;239,3;"CACOAL";"Ingestão de Álcool";"Tombamento";"Com Vítimas Feridas";"Anoitecer";"Crescente";"Céu Claro";"Simples";"Reta";"Não";1;0;0;1;0;0;1;1;-11,4331695;-61,46507263;"SPRF-RO";"DEL02-RO";"UOP02-DEL02-RO"
234173;2019-09-08;"domingo";"19:30:00";"GO";80;36,7;"PADRE BERNARDO";"Sinalização da via insuficiente ou inadequada";"Saída de leito carroçável";"Com Vítimas Feridas";"Plena Noite";"Decrescente";"Céu Claro";"Dupla";"Em Obras;Desvio Temporário;Curva";"Sim";1;0;0;1;0;0;1;1;-15,254237;-48,267403;"SPRF-DF";"DEL01-DF";"UOP02-DEL03-DF"
234174;2019-09-08;"domingo";"19:45:00";"PA";10;9;"DOM ELISEU";"Ultrapassagem Indevida";"Colisão frontal";"Sem Vítimas";"Plena Noite";"Crescente";"Céu Claro";"Simples";"Reta";"Não";2;0;0;0;0;2;0;2;-4,366693;-47,536728;"SPRF-PA";"DEL02-PA";"UOP02-DEL02-PA"
234175;2019-09-08;"domingo";"18:45:00";"RJ";101;236;"SILVA JARDIM";"Ingestão de Álcool";"Atropelamento de Pedestre";"Com Vítimas Feridas";"Plena Noite";"Crescente";"Céu Claro";"Simples";"Reta";"Sim";2;0;1;0;1;0;1;2;-22,61013794;-42,40427401;"SPRF-RJ";"DEL02-RJ";"UOP03-DEL02-RJ"
234176;2019-09-08;"domingo";"20:10:00";"RJ";101;563;"PARATY";"Velocidade Incompatível";"Saída de leito carroçável";"Com Vítimas Feridas";"Plena Noite";"Decrescente";"Céu Claro";"Simples";"Curva";"Sim";3;0;3;0;0;0;3;1;-23,13693615;-44,70218804;"SPRF-RJ";"DEL03-RJ";"UOP04-DEL03-RJ"
234177;2019-09-08;"domingo";"19:00:00";"PR";369;154;"LONDRINA";"Desobediência às normas de trânsito pelo condutor";"Colisão traseira";"Sem Vítimas";"Plena Noite";"Decrescente";"Céu Claro";"Múltipla";"Reta";"Sim";3;0;0;0;3;0;0;2;-23,29788075;-51,19714737;"SPRF-PR";"DEL07-PR";"UOP01-DEL07-PR"
234178;2019-09-08;"domingo";"20:15:00";"MG";262;364;"JUATUBA";"Falta de Atenção do Pedestre";"Atropelamento de Pedestre";"Com Vítimas Fatais";"Plena Noite";"Crescente";"Céu Claro";"Dupla";"Declive";"Não";3;2;0;1;0;0;1;2;-19,970893;-44,295328;"SPRF-MG";"DEL01-MG";"UOP03-DEL01-MG"
234179;2019-09-08;"domingo";"18:30:00";"SP";381;18;"BRAGANCA PAULISTA";"Não guardar distância de segurança";"Colisão lateral";"Com Vítimas Feridas";"Plena Noite";"Crescente";"Céu Claro";"Dupla";"Reta";"Sim";4;0;2;0;2;0;2;2;-22,9746091;-46,48838277;"SPRF-SP";"DEL03-SP";"UOP02-DEL03-SP"
234182;2019-08-11;"domingo";"03:20:00";"ES";393;1,3;"CACHOEIRO DE ITAPEMIRIM";"Animais na Pista";"Atropelamento de Animal";"Com Vítimas Feridas";"Plena Noite";"Decrescente";"Céu Claro";"Simples";"Reta";"Sim";2;0;2;0;0;0;2;1;-20,83723289;-41,16733095;"SPRF-ES";"DEL03-ES";"UOP02-DEL03-ES"