"id";"data_inversa";"dia_semana";"horario";"uf";"br";"km";"municipio";"causa_acidente";"tipo_acidente";"classificacao_acidente";"fase_dia";"sentido_via";"condicao_metereologica";"tipo_pista";"tracado_via";"uso_solo";"pessoas";"mortos";"feridos_leves";"feridos_graves";"ilesos";"ignorados";"feridos";"veiculos";"latitude";"longitude";"regional";"delegacia";"uop"
234284;2019-09-09;"segunda-feira";"09:05:00";"PB";230;20;"JOAO PESSOA";"Desobediência às normas de trânsito pelo condutor";"Colisão traseira";"Com Vítimas Feridas";"Pleno dia";"Decrescente";"Nublado";"Dupla";"Ponte;Declive;Reta;Em Obras";"Sim";3;0;1;0;2;0;1;3;-7,1317528;-34,8569728;"SPRF-PB";"DEL01-PB";"UOP01-DEL01-PB"
234285;2019-09-09;"segunda-feira";"08:50:00";"PR";277;584,5;"CASCAVEL";"Falta de Atenção à Condução";"Colisão lateral";"Sem Vítimas";"Pleno dia";"Decrescente";"Céu Claro";"Simples";"Reta";"Sim";2;0;0;0;2;0;0;2;-24,96053768;-53,39939117;"SPRF-PR";"DEL04-PR";"UOP01-DEL04-PR"
234286;2019-09-09;"segunda-feira";"07:55:00";"RO";364;341,7;"JI-PARANA";"Falta de Atenção à Condução";"Tombamento";"Com Vítimas Feridas";"Pleno dia";"Crescente";"Sol";"Dupla";"Reta";"Sim";1;0;1;0;0;0;1;1;-10,88987987;-61,93126772;"SPRF-RO";"DEL02-RO";"UOP01-DEL02-RO"
234288;2019-09-09;"segunda-feira";"07:20:00";"RJ";101;333;"RIO DE JANEIRO";"Não guardar distância de segurança";"Colisão traseira";"Com Vítimas Feridas";"Pleno dia";"Crescente";"Céu Claro";"Dupla";"Reta";"Não";2;0;1;0;1;0;1;2;-22,86945324;-43,20184708;"SPRF-RJ";"DEL02-RJ";"UOP02-DEL02-RJ"
234290;2019-09-09;"segunda-feira";"08:20:00";"PA";163;1004;"SANTAREM";"Falta de Atenção à Condução";"Colisão lateral";"Sem Vítimas";"Pleno dia";"Crescente";"Céu Claro";"Dupla";"Reta";"Sim";2;0;0;0;2;0;0;2;-2,43539875;-54,73347902;"SPRF-PA";"DEL05-PA";"UOP01-DEL05-PA"
234291;2019-09-06;"sexta-feira";"07:45:00";"SC";101;214,2;"PALHOCA";"Desobediência às normas de trânsito pelo condutor";"Colisão traseira";"Com Vítimas Feridas";"Pleno dia";"Decrescente";"Nublado";"Dupla";"Reta";"Sim";2;0;1;0;1;0;1;2;-27,64443;-48,67057;"SPRF-SC";"DEL01-SC";"UOP02-DEL01-SC"
234292;2019-09-09;"segunda-feira";"08:55:00";"PR";116;111,9;"CURITIBA";"Não guardar distância de segurança";"Colisão traseira";"Com Vítimas Feridas";"Pleno dia";"Decrescente";"Céu Claro";"Dupla";"Reta";"Não";2;0;1;0;1;0;1;2;-25,56885181;-49,22724597;"SPRF-PR";"DEL01-PR";"UOP06-DEL01-PR"
234296;2019-02-05;"terça-feira";"17:56:00";"PR";376;3;"MARINGA";"Defeito Mecânico no Veículo";"Colisão com objeto em movimento";"Com Vítimas Feridas";"Pleno dia";"Decrescente";"Ignorado";"Dupla";"Reta";"Sim";1;0;0;1;0;0;1;1;-23,39852603;-51,97786331;"SPRF-PR";"DEL07-PR";"UOP01-DEL09-PR"
234298;2019-09-09;"segunda-feira";"06:10:00";"PB";230;221,1;"SOLEDADE";"Animais na Pista";"Saída de leito carroçável";"Com Vítimas Feridas";"Pleno dia";"Decrescente";"Garoa/Chuvisco";"Simples";"Reta";"Não";3;0;3;0;0;0;3;1;-7,0409;-36,4063;"SPRF-PB";"DEL02-PB";"UOP02-DEL02-PB"
234299;2019-09-09;"segunda-feira";"06:15:00";"PE";232;56,8;"POMBOS";"Falta de Atenção à Condução";"Colisão lateral";"Com Vítimas Feridas";"Pleno dia";"Crescente";"Céu Claro";"Dupla";"Reta";"Sim";5;0;1;0;3;1;1;2;-8,13762681;-35,37336212;"SPRF-PE";"DEL01-PE";"UOP02-DEL02PE"
234300;2019-09-09;"segunda-feira";"09:50:00";"GO";70;8;"AGUAS LINDAS DE GOIAS";"Falta de Atenção do Pedestre";"Atropelamento de Pedestre";"Com Vítimas Feridas";"Pleno dia";"Crescente";"Céu Claro";"Dupla";"Reta";"Sim";2;0;1;0;1;0;1;2;-15,73733681;-48,27407468;"SPRF-DF";"DEL01-DF";"UOP02-DEL03-DF"
234301;2019-09-09;"segunda-feira";"07:15:00";"SC";282;421,6;"VARGEM BONITA";"Velocidade Incompatível";"Saída de leito carroçável";"Sem Vítimas";"Pleno dia";"Decrescente";"Céu Claro";"Simples";"Curva;Declive";"Sim";1;0;0;0;1;0;0;1;-27,006414;-51,737789;"SPRF-SC";"DEL07-SC";"UOP05-DEL07-SC"
234302;2019-09-09;"segunda-feira";"08:40:00";"SC";282;653,7;"SAO MIGUEL DO OESTE";"Ingestão de Álcool";"Colisão com objeto estático";"Sem Vítimas";"Pleno dia";"Decrescente";"Sol";"Simples";"Curva";"Não";1;0;0;0;0;1;0;1;-26,708202;-53,514313;"SPRF-SC";"DEL07-SC";"UOP03-DEL07-SC"
234304;2019-09-09;"segunda-feira";"10:30:00";"RN";110;47,8;"MOSSORO";"Ultrapassagem Indevida";"Atropelamento de Pedestre";"Com Vítimas Feridas";"Pleno dia";"Crescente";"Céu Claro";"Simples";"Reta";"Não";4;0;0;1;1;2;1;4;-5,20784391;-37,33152151;"SPRF-RN";"DEL04-RN";"UOP01-DEL04-RN"
234305;2019-09-09;"segunda-feira";"09:50:00";"RJ";116;182,5;"NOVA IGUACU";"Falta de Atenção à Condução";"Colisão lateral";"Com Vítimas Feridas";"Pleno dia";"Decrescente";"Sol";"Dupla";"Reta";"Sim";2;0;1;0;1;0;1;2;-22,7567755;-43,43107234;"SPRF-RJ";"DEL01-RJ";"UOP02-DEL01-RJ"
234306;2019-09-09;"segunda-feira";"10:00:00";"SP";116;139,6;"SAO JOSE DOS CAMPOS";"Falta de Atenção à Condução";"Colisão com objeto estático";"Com Vítimas Feridas";"Pleno dia";"Crescente";"Céu Claro";"Dupla";"Reta";"Sim";1;0;1;0;0;0;1;1;-23,16153216;-45,80400592;"SPRF-SP";"DEL06-SP";"UOP02-DEL02-SP"
234307;2019-09-09;"segunda-feira";"09:20:00";"GO";40;1;"VALPARAISO DE GOIAS";"Falta de Atenção à Condução";"Colisão frontal";"Com Vítimas Feridas";"Pleno dia";"Crescente";"Sol";"Dupla";"Reta";"Sim";2;0;1;0;1;0;1;2;-16,058245;-47,982825;"SPRF-DF";"DEL01-DF";"UOP01-DEL01-DF"
234310;2019-09-08;"domingo";"04:00:00";"SE";101;194,6;"CRISTINAPOLIS";"Defeito Mecânico no Veículo";"Colisão com objeto estático";"Com Vítimas Fatais";"Amanhecer";"Decrescente";"Ignorado";"Simples";"Curva";"Não";1;1;0;0;0;0;0;1;-11,45004803;-37,73745006;"SPRF-SE";"DEL02-SE";"UOP03-DEL02-SE"
234311;2019-09-09;"segunda-feira";"11:10:00";"RS";116;519;"PELOTAS";"Falta de Atenção à Condução";"Saída de leito carroçável";"Com Vítimas Feridas";"Pleno dia";"Crescente";"Céu Claro";"Simples";"Reta";"Sim";1;0;1;0;0;0;1;1;-31,69369368;-52,35458934;"SPRF-RS";"DEL07-RS";"UOP01-DEL07-RS"
234312;2019-09-09;"segunda-feira";"07:10:00";"BA";415;46;"ITABUNA";"Falta de Atenção à Condução";"Colisão transversal";"Com Vítimas Feridas";"Pleno dia";"Decrescente";"Nublado";"Simples";"Reta";"Sim";2;0;1;0;1;0;1;2;-14,82259394;-39,29232583;"SPRF-BA";"DEL05-BA";"UOP01-DEL05-BA"
234313;2019-09-09;"segunda-feira";"09:40:00";"MT";70;307;"PRIMAVERA DO LESTE";"Falta de Atenção à Condução";"Saída de leito carroçável";"Com Vítimas Feridas";"Pleno dia";"Decrescente";"Céu Claro";"Simples";"Reta";"Não";1;0;1;0;0;0;1;1;-15,57320641;-54,53149504;"SPRF-MT";"DEL05-MT";"UOP01-DEL05-MT"
234314;2019-09-09;"segunda-feira";"11:25:00";"PR";376;142;"PRESIDENTE CASTELO BRANCO";"Avarias e/ou desgaste excessivo no pneu";"Queda de ocupante de veículo";"Com Vítimas Feridas";"Pleno dia";"Crescente";"Céu Claro";"Dupla";"Reta";"Não";1;0;0;1;0;0;1;1;-23,25682404;-52,16532609;"SPRF-PR";"DEL07-PR";"UOP02-DEL09-PR"
234315;2019-09-09;"segunda-feira";"11:40:00";"SP";116;215;"GUARULHOS";"Falta de Atenção à Condução";"Colisão lateral";"Com Vítimas Feridas";"Pleno dia";"Crescente";"Sol";"Múltipla";"Reta";"Sim";2;0;1;0;1;0;1;2;-23,44990027;-46,4620024;"SPRF-SP";"DEL01-SP";"UOP01-DEL01-SP"
234317;2019-09-09;"segunda-feira";"11:15:00";"SP";116;216;"GUARULHOS";"Falta de Atenção à Condução";"Colisão lateral";"Com Vítimas Feridas";"Pleno dia";"Crescente";"Céu Claro";"Múltipla";"Reta";"Sim";4;0;0;2;2;0;2;3;-23,45056589;-46,46258105;"SPRF-SP";"DEL01-SP";"UOP01-DEL01-SP"
234318;2019-09-09;"segunda-feira";"11:50:00";"PR";376;176,8;"MARINGA";"Falta de Atenção à Condução";"Colisão lateral";"Com Vítimas Feridas";"Pleno dia";"Crescente";"Céu Claro";"Dupla";"Reta";"Sim";2;0;1;0;1;0;1;2;-23,41269173;-51,93158327;"SPRF-PR";"DEL07-PR";"UOP01-DEL09-PR"
234320;2019-09-09;"segunda-feira";"11:25:00";"MS";158;293,4;"TRES LAGOAS";"Mal Súbito";"Saída de leito carroçável";"Com Vítimas Feridas";"Pleno dia";"Crescente";"Céu Claro";"Simples";"Reta";"Não";1;0;1;0;0;0;1;1;-20,92155108;-51,79399994;"SPRF-MS";"DEL07-MS";"UOP01-DEL07-MS"
234321;2019-09-09;"segunda-feira";"12:15:00";"CE";20;410;"CAUCAIA";"Velocidade Incompatível";"Colisão traseira";"Com Vítimas Fatais";"Pleno dia";"Crescente";"Céu Claro";"Dupla";"Reta";"Sim";4;1;0;1;1;1;1;3;-3,79539015;-38,64756346;"SPRF-CE";"DEL01-CE";"UOP01-DEL01-CE"
234323;2019-09-09;"segunda-feira";"12:00:00";"SC";282;3;"FLORIANOPOLIS";"Não guardar distância de segurança";"Colisão traseira";"Com Vítimas Feridas";"Pleno dia";"Decrescente";"Céu Claro";"Dupla";"Reta";"Sim";2;0;1;0;1;0;1;2;-27,600384;-48,599705;"SPRF-SC";"DEL01-SC";"UOP01-DEL01-SC"
234324;2019-09-09;"segunda-feira";"11:19:00";"RO";364;708;"PORTO VELHO";"Falta de Atenção à Condução";"Colisão traseira";"Com Vítimas Feridas";"Pleno dia";"Decrescente";"Céu Claro";"Dupla";"Interseção de Vias";"Sim";3;0;1;0;2;0;1;2;-8,79554083;-63,84072487;"SPRF-RO";"DEL01-RO";"UOP01-DEL01-RO"
234325;2019-08-25;"domingo";"09:30:00";"SC";282;532,8;"CORDILHEIRA ALTA";"Desobediência às normas de trânsito pelo condutor";"Colisão frontal";"Com Vítimas Feridas";"Pleno dia";"Crescente";"Céu Claro";"Dupla";"Declive";"Não";2;0;2;0;0;0;2;2;-26,996822;-52,615528;"SPRF-SC";"DEL07-SC";"UOP01-DEL07-SC"
234329;2019-09-09;"segunda-feira";"12:55:00";"PR";369;102;"CORNELIO PROCOPIO";"Condutor Dormindo";"Saída de leito carroçável";"Com Vítimas Feridas";"Pleno dia";"Crescente";"Céu Claro";"Simples";"Reta";"Não";3;0;2;1;0;0;3;1;-23,24736132;-50,73402643;"SPRF-PR";"DEL07-PR";"UOP05-DEL07-PR"
234331;2019-09-09;"segunda-feira";"13:12:00";"SP";153;261,9;"MARILIA";"Falta de Atenção à Condução";"Tombamento";"Com Vítimas Feridas";"Pleno dia";"Crescente";"Sol";"Simples";"Reta";"Não";2;0;2;0;0;0;2;1;-22,27474603;-49,92126208;"SPRF-SP";"DEL07-SP";"UOP02-DEL07-SP"
234333;2019-09-09;"segunda-feira";"12:25:00";"MG";262;811;"UBERABA";"Falta de Atenção à Condução";"Colisão traseira";"Com Vítimas Feridas";"Pleno dia";"Decrescente";"Céu Claro";"Dupla";"Reta";"Sim";2;0;0;1;1;0;1;2;-19,76973252;-47,97999859;"SPRF-MG";"DEL13-MG";"UOP01-DEL13-MG"
234334;2019-09-09;"segunda-feira";"13:00:00";"MA";316;511,4;"CODO";"Ingestão de Álcool";"Capotamento";"Sem Vítimas";"Pleno dia";"Decrescente";"Céu Claro";"Simples";"Aclive";"Não";1;0;0;0;1;0;0;1;-4,746966;-43,672421;"SPRF-MA";"DEL03-MA";"UOP02-DEL03-MA"
234335;2019-09-09;"segunda-feira";"13:20:00";"PR";277;573;"CASCAVEL";"Falta de Atenção à Condução";"Colisão transversal";"Com Vítimas Feridas";"Pleno dia";"Crescente";"Céu Claro";"Simples";"Rotatória";"Não";3;0;3;0;0;0;3;2;-24,99847694;-53,29667191;"SPRF-PR";"DEL04-PR";"UOP01-DEL04-PR"
234336;2019-09-09;"segunda-feira";"12:49:00";"PE";428;190;"PETROLINA";"Desobediência às normas de trânsito pelo condutor";"Colisão transversal";"Sem Vítimas";"Pleno dia";"Decrescente";"Céu Claro";"Múltipla";"Interseção de Vias";"Sim";2;0;0;0;2;0;0;2;-9,37631537;-40,49476862;"SPRF-PE";"DEL06-PE";"UOP01-DEL06-PE"
234339;2019-09-09;"segunda-feira";"13:00:00";"SC";101;89;"BARRA VELHA";"Falta de Atenção à Condução";"Colisão com objeto em movimento";"Com Vítimas Feridas";"Pleno dia";"Crescente";"Sol";"Múltipla";"Reta";"Não";1;0;1;0;0;0;1;1;-26,65175997;-48,68721921;"SPRF-SC";"DEL03-SC";"UOP02-DEL03-SC"
234340;2019-09-09;"segunda-feira";"04:20:00";"BA";110;8;"PAULO AFONSO";"Ultrapassagem Indevida";"Saída de leito carroçável";"Com Vítimas Feridas";"Amanhecer";"Crescente";"Céu Claro";"Simples";"Reta";"Não";1;0;1;0;0;0;1;1;-9,52339808;-38,21951951;"SPRF-BA";"DEL07-BA";"UOP01-DEL07-BA"
234341;2019-09-09;"segunda-feira";"13:00:00";"PR";153;469;"PORTO VITORIA";"Ingestão de Álcool";"Saída de leito carroçável";"Sem Vítimas";"Pleno dia";"Crescente";"Céu Claro";"Simples";"Curva";"Não";1;0;0;0;1;0;0;1;-26,34192569;-51,25572681;"SPRF-PR";"DEL02-PR";"UOP03-DEL02-PR"
234342;2019-09-09;"segunda-feira";"07:00:00";"SC";280;156,2;"IRINEOPOLIS";"Condutor Dormindo";"Saída de leito carroçável";"Com Vítimas Feridas";"Pleno dia";"Crescente";"Céu Claro";"Simples";"Curva";"Não";3;0;3;0;0;0;3;1;-26,26259588;-50,68460941;"SPRF-SC";"DEL06-SC";"UOP03-DEL06-SC"
234346;2019-09-09;"segunda-feira";"09:30:00";"RS";287;324;"SAO VICENTE DO SUL";"Defeito Mecânico no Veículo";"Tombamento";"Com Vítimas Feridas";"Pleno dia";"Crescente";"Sol";"Simples";"Reta";"Não";2;0;1;0;1;0;1;1;-29,66990301;-54,61081799;"SPRF-RS";"DEL09-RS";"UOP01-DEL09-RS"
234347;2019-09-09;"segunda-feira";"13:55:00";"MG";381;866,1;"POUSO ALEGRE";"Falta de Atenção à Condução";"Colisão traseira";"Com Vítimas Feridas";"Pleno dia";"Crescente";"Céu Claro";"Dupla";"Reta;Declive";"Não";3;0;1;0;2;0;1;2;-22,402894;-45,96207;"SPRF-MG";"DEL16-MG";"UOP01-DEL16-MG"
234352;2019-09-09;"segunda-feira";"14:50:00";"SC";280;56,7;"GUARAMIRIM";"Falta de Atenção à Condução";"Colisão transversal";"Sem Vítimas";"Pleno dia";"Crescente";"Céu Claro";"Simples";"Reta";"Sim";2;0;0;0;2;0;0;2;-26,47921635;-49,01010633;"SPRF-SC";"DEL03-SC";"UOP03-DEL03-SC"
234354;2019-09-09;"segunda-feira";"14:20:00";"PA";316;18,6;"BENEVIDES";"Falta de Atenção à Condução";"Tombamento";"Com Vítimas Feridas";"Pleno dia";"Crescente";"Céu Claro";"Dupla";"Reta";"Sim";2;0;0;1;0;1;1;2;-1,36485638;-48,29643999;"SPRF-PA";"DEL01-PA";"DEL19/1-UOP05/PA"
234355;2019-09-09;"segunda-feira";"15:30:00";"MG";262;509;"LUZ";"Condutor Dormindo";"Saída de leito carroçável";"Com Vítimas Feridas";"Pleno dia";"Crescente";"Sol";"Simples";"Curva";"Não";2;0;1;0;1;0;1;1;-19,77231093;-45,51991603;"SPRF-MG";"DEL08-MG";"UOP03-DEL08-MG"
234356;2019-09-09;"segunda-feira";"16:30:00";"ES";101;67,6;"SAO MATEUS";"Falta de Atenção à Condução";"Colisão transversal";"Com Vítimas Feridas";"Pleno dia";"Crescente";"Céu Claro";"Simples";"Curva";"Sim";2;0;1;0;1;0;1;2;-18,72054021;-39,8658931;"SPRF-ES";"DEL04-ES";"UOP02-DEL04-ES"
234359;2019-04-15;"segunda-feira";"12:00:00";"PB";104;147,9;"QUEIMADAS";"Falta de Atenção à Condução";"Colisão transversal";"Com Vítimas Feridas";"Pleno dia";"Decrescente";"Céu Claro";"Simples";"Reta";"Não";2;0;2;0;0;0;2;2;-7,439395;-35,901844;"SPRF-PB";"DEL02-PB";"UOP03-DEL02-PB"
234360;2019-09-09;"segunda-feira";"16:15:00";"MA";135;1,1;"SAO LUIS";"Não guardar distância de segurança";"Colisão lateral";"Com Vítimas Feridas";"Pleno dia";"Crescente";"Céu Claro";"Dupla";"Reta";"Sim";2;0;1;0;1;0;1;2;-2,58917895;-44,24423719;"SPRF-MA";"DEL01-MA";"UOP01-DEL01-MA"
234362;2019-09-09;"segunda-feira";"14:25:00";"MG";381;484;"BETIM";"Falta de Atenção à Condução";"Colisão lateral";"Com Vítimas Feridas";"Pleno dia";"Crescente";"Sol";"Dupla";"Curva";"Sim";2;0;1;0;0;1;1;2;-19,95531717;-44,11722196;"SPRF-MG";"DEL01-MG";"UOP03-DEL01-MG"
234364;2019-09-09;"segunda-feira";"15:12:00";"SC";101;257;"PAULO LOPES";"Mal Súbito";"Saída de leito carroçável";"Com Vítimas Feridas";"Pleno dia";"Crescente";"Céu Claro";"Dupla";"Reta";"Sim";3;0;1;1;0;1;2;2;-27,99701205;-48,68755194;"SPRF-SC";"DEL02-SC";"UOP03-DEL02-SC"
234365;2019-09-09;"segunda-feira";"16:35:00";"MG";262;814;"UBERABA";"Desobediência às normas de trânsito pelo condutor";"Colisão traseira";"Com Vítimas Feridas";"Pleno dia";"Crescente";"Céu Claro";"Dupla";"Retorno Regulamentado";"Sim";6;0;4;0;1;1;4;3;-19,76183231;-48,01490134;"SPRF-MG";"DEL13-MG";"UOP01-DEL13-MG"
234366;2019-09-09;"segunda-feira";"17:20:00";"SC";470;65,9;"INDAIAL";"Falta de Atenção à Condução";"Colisão transversal";"Com Vítimas Feridas";"Pleno dia";"Crescente";"Céu Claro";"Simples";"Rotatória";"Não";3;0;2;1;0;0;3;2;-26,870411;-49,211864;"SPRF-SC";"DEL04-SC";"UOP01-DEL04-SC"
234367;2019-09-09;"segunda-feira";"16:40:00";"BA";324;624;"SALVADOR";"Pista Escorregadia";"Colisão com objeto estático";"Sem Vítimas";"Pleno dia";"Crescente";"Chuva";"Dupla";"Reta";"Sim";2;0;0;0;2;0;0;2;-12,933839;-38,47190701;"SPRF-BA";"DEL01-BA";"UOP01-DEL01-BA"
234368;2019-09-09;"segunda-feira";"17:20:00";"SC";101;196,7;"BIGUACU";"Desobediência às normas de trânsito pelo condutor";"Colisão lateral";"Com Vítimas Fatais";"Pleno dia";"Decrescente";"Nevoeiro/Neblina";"Dupla";"Reta";"Sim";5;1;3;1;0;0;4;2;-27,51101091;-48,64322292;"SPRF-SC";"DEL01-SC";"UOP01-DEL01-SC"
234370;2019-09-09;"segunda-feira";"17:05:00";"SC";101;65,7;"ARAQUARI";"Falta de Atenção à Condução";"Saída de leito carroçável";"Com Vítimas Feridas";"Pleno dia";"Crescente";"Céu Claro";"Múltipla";"Curva";"Sim";1;0;1;0;0;0;1;1;-26,47135714;-48,74457217;"SPRF-SC";"DEL03-SC";"UOP02-DEL03-SC"
234372;2019-09-09;"segunda-feira";"13:00:00";"RJ";40;65;"PETROPOLIS";"Falta de Atenção à Condução";"Colisão transversal";"Com Vítimas Feridas";"Pleno dia";"Crescente";"Céu Claro";"Simples";"Reta";"Não";5;0;2;0;3;0;2;2;-22,427473;-43,16011;"SPRF-RJ";"DEL06-RJ";"UOP01-DEL06-RJ"
234373;2019-09-09;"segunda-feira";"17:00:00";"PR";476;145;"CURITIBA";"Falta de Atenção à Condução";"Colisão traseira";"Com Vítimas Feridas";"Pleno dia";"Crescente";"Céu Claro";"Dupla";"Reta";"Não";4;0;2;0;2;0;2;2;-25,54676524;-49,31892872;"SPRF-PR";"DEL01-PR";"UOP06-DEL01-PR"
234375;2019-09-09;"segunda-feira";"17:10:00";"RJ";101;322;"NITEROI";"Falta de Atenção do Pedestre";"Atropelamento de Pedestre";"Com Vítimas Feridas";"Pleno dia";"Crescente";"Céu Claro";"Dupla";"Reta";"Sim";2;0;1;0;1;0;1;2;-22,87733173;-43,11061978;"SPRF-RJ";"DEL02-RJ";"UOP02-DEL02-RJ"
234377;2019-09-09;"segunda-feira";"17:34:00";"PR";277;84;"CURITIBA";"Falta de Atenção à Condução";"Colisão traseira";"Com Vítimas Feridas";"Pleno dia";"Decrescente";"Céu Claro";"Dupla";"Reta";"Sim";3;0;2;0;1;0;2;2;-25,568939;-49,181978;"SPRF-PR";"DEL01-PR";"UOP06-DEL01-PR"
234382;2019-09-09;"segunda-feira";"18:00:00";"PR";277;79;"CURITIBA";"Animais na Pista";"Colisão traseira";"Com Vítimas Feridas";"Anoitecer";"Decrescente";"Céu Claro";"Dupla";"Reta";"Sim";2;0;1;0;1;0;1;2;-25,47659761;-49,2067337;"SPRF-PR";"DEL01-PR";"UOP01-DEL01-PR"
234383;2019-09-09;"segunda-feira";"18:30:00";"RJ";465;14;"SEROPEDICA";"Desobediência às normas de trânsito pelo pedestre";"Atropelamento de Pedestre";"Com Vítimas Feridas";"Plena Noite";"Crescente";"Céu Claro";"Simples";"Reta";"Sim";2;0;1;0;1;0;1;2;-22,804979;-43,638828;"SPRF-RJ";"DEL01-RJ";"UOP01-DEL01-MS"
234384;2019-09-09;"segunda-feira";"14:55:00";"RJ";116;229;"PIRAI";"Falta de Atenção à Condução";"Queda de ocupante de veículo";"Com Vítimas Feridas";"Pleno dia";"Decrescente";"Céu Claro";"Dupla";"Reta";"Não";1;0;1;0;0;0;1;1;-22,65646622;-43,82206692;"SPRF-RJ";"DEL07-RJ";"UOP01-DEL07-RJ"
234386;2019-09-09;"segunda-feira";"18:30:00";"CE";20;373,7;"CAUCAIA";"Ingestão de álcool e/ou substâncias psicoativas pelo pedestre";"Atropelamento de Pedestre";"Com Vítimas Feridas";"Plena Noite";"Crescente";"Nublado";"Simples";"Curva";"Não";2;0;0;1;1;0;1;2;-3,9660818;-38,88868712;"SPRF-CE";"DEL02-CE";"UOP01-DEL02-CE"
234387;2019-09-09;"segunda-feira";"18:30:00";"SC";101;212,3;"PALHOCA";"Falta de Atenção à Condução";"Tombamento";"Com Vítimas Feridas";"Plena Noite";"Crescente";"Nublado";"Múltipla";"Reta";"Sim";1;0;1;0;0;0;1;1;-27,62996929;-48,65903871;"SPRF-SC";"DEL01-SC";"UOP02-DEL01-SC"
234390;2019-09-09;"segunda-feira";"16:45:00";"RO";364;713;"PORTO VELHO";"Desobediência às normas de trânsito pelo condutor";"Colisão transversal";"Com Vítimas Feridas";"Pleno dia";"Crescente";"Céu Claro";"Dupla";"Interseção de Vias";"Sim";3;0;2;1;0;0;3;2;-8,7713209;-63,88334339;"SPRF-RO";"DEL01-RO";"UOP01-DEL01-RO"
234391;2019-09-09;"segunda-feira";"14:40:00";"RJ";101;573,9;"PARATY";"Mal Súbito";"Colisão com objeto estático";"Com Vítimas Feridas";"Pleno dia";"Crescente";"Sol";"Simples";"Reta";"Não";1;0;1;0;0;0;1;1;-23,22241702;-44,73564148;"SPRF-RJ";"DEL03-RJ";"UOP04-DEL03-RJ"
234392;2019-09-09;"segunda-feira";"18:20:00";"RS";116;265;"CANOAS";"Falta de Atenção à Condução";"Queda de ocupante de veículo";"Com Vítimas Feridas";"Plena Noite";"Crescente";"Ignorado";"Simples";"Reta";"Sim";1;0;0;1;0;0;1;1;-29,92342302;-51,17780944;"SPRF-RS";"DEL01-RS";"UOP01-DEL01-RS"
234393;2019-09-09;"segunda-feira";"18:40:00";"MG";381;492;"BETIM";"Não guardar distância de segurança";"Colisão traseira";"Com Vítimas Feridas";"Plena Noite";"Decrescente";"Céu Claro";"Dupla";"Reta";"Sim";2;0;1;0;1;0;1;2;-19,96221619;-44,1626358;"SPRF-MG";"DEL01-MG";"UOP03-DEL01-MG"
234396;2019-09-09;"segunda-feira";"17:00:00";"MS";163;761,1;"COXIM";"Defeito Mecânico no Veículo";"Tombamento";"Com Vítimas Feridas";"Pleno dia";"Decrescente";"Céu Claro";"Simples";"Reta";"Não";2;0;2;0;0;0;2;1;-18,24939493;-54,65975332;"SPRF-MS";"DEL06-MS";"UOP01-DEL06-MS"
234397;2019-09-09;"segunda-feira";"19:00:00";"RN";304;29,6;"MOSSORO";"Desobediência às normas de trânsito pelo condutor";"Colisão lateral";"Com Vítimas Fatais";"Plena Noite";"Crescente";"Céu Claro";"Simples";"Reta";"Não";8;1;3;3;1;0;6;3;-5,10820698;-37,33904209;"SPRF-RN";"DEL04-RN";"UOP02-DEL04-RN"
234398;2019-09-09;"segunda-feira";"19:15:00";"PR";369;10,1;"CAMBARA";"Falta de Atenção do Pedestre";"Atropelamento de Pedestre";"Com Vítimas Fatais";"Plena Noite";"Crescente";"Céu Claro";"Simples";"Reta";"Não";2;1;0;0;1;0;0;2;-23,01781224;-50,0214386;"SPRF-PR";"DEL07-PR";"UOP05-DEL07-PR"
234399;2019-09-09;"segunda-feira";"19:20:00";"RN";101;82,7;"SAO GONCALO DO AMARANTE";"Desobediência às normas de trânsito pelo condutor";"Colisão traseira";"Com Vítimas Feridas";"Plena Noite";"Crescente";"Céu Claro";"Dupla";"Reta";"Sim";2;0;1;0;1;0;1;1;-5,76791511;-35,27456305;"SPRF-RN";"DEL02-RN";"UOP01-DEL02-RN"
234400;2019-09-09;"segunda-feira";"18:00:00";"BA";101;446;"AURELINO LEAL";"Animais na Pista";"Atropelamento de Animal";"Com Vítimas Feridas";"Plena Noite";"Decrescente";"Céu Claro";"Simples";"Reta";"Não";2;0;1;0;1;0;1;1;-14,46573693;-39,32388816;"SPRF-BA";"DEL05-BA";"UOP01-DEL05-BA"
234401;2019-09-09;"segunda-feira";"16:25:00";"SC";116;169;"SAO CRISTOVAO DO SUL";"Velocidade Incompatível";"Colisão com objeto estático";"Com Vítimas Feridas";"Pleno dia";"Decrescente";"Céu Claro";"Simples";"Reta";"Não";4;0;4;0;0;0;4;1;-27,18614796;-50,46482181;"SPRF-SC";"DEL05-SC";"UOP03-DEL05-SC"
234403;2019-09-09;"segunda-feira";"16:00:00";"SP";116;275;"TABOAO DA SERRA";"Defeito Mecânico no Veículo";"Incêndio";"Sem Vítimas";"Pleno dia";"Decrescente";"Sol";"Dupla";"Reta";"Sim";1;0;0;0;1;0;0;1;-23,62012514;-46,81058049;"SPRF-SP";"DEL04-SP";"UOP01-DEL04-SP"