"id";"data_inversa";"dia_semana";"horario";"uf";"br";"km";"municipio";"causa_acidente";"tipo_acidente";"classificacao_acidente";"fase_dia";"sentido_via";"condicao_metereologica";"tipo_pista";"tracado_via";"uso_solo";"pessoas";"mortos";"feridos_leves";"feridos_graves";"ilesos";"ignorados";"feridos";"veiculos";"latitude";"longitude";"regional";"delegacia";"uop"
234405;2019-09-09;"segunda-feira";"16:30:00";"RO";364;416;"JARU";"Falta de Atenção à Condução";"Colisão transversal";"Com Vítimas Feridas";"Pleno dia";"Crescente";"Sol";"Simples";"Reta";"Não";2;0;1;0;1;0;1;2;-10,497604;-62,421074;"SPRF-RO";"DEL03-RO";"UOP02-DEL03-RO"
234406;2019-09-09;"segunda-feira";"17:30:00";"DF";20;20;"BRASILIA";"Falta de Atenção à Condução";"Colisão com objeto estático";"Sem Vítimas";"Anoitecer";"Decrescente";"Céu Claro";"Dupla";"Curva";"Sim";1;0;0;0;1;0;0;1;-15,59811344;-47,67477393;"SPRF-DF";"DEL02-DF";"UOP01-DEL02-DF"
234407;2019-09-09;"segunda-feira";"17:00:00";"SC";101;435,6;"SOMBRIO";"Falta de Atenção à Condução";"Colisão transversal";"Com Vítimas Feridas";"Pleno dia";"Crescente";"Sol";"Múltipla";"Rotatória";"Sim";2;0;1;0;1;0;1;2;-29,09949414;-49,63480552;"SPRF-SC";"DEL02-SC";"UOP02-DEL02-SC"
234408;2019-09-09;"segunda-feira";"13:30:00";"SC";101;337,4;"TUBARAO";"Não guardar distância de segurança";"Colisão traseira";"Com Vítimas Feridas";"Pleno dia";"Crescente";"Céu Claro";"Simples";"Declive;Reta";"Não";2;0;1;0;1;0;1;2;-28,47801624;-49,03246283;"SPRF-SC";"DEL02-SC";"UOP01-DEL02-SC"
234409;2019-09-09;"segunda-feira";"19:00:00";"RR";174;539;"BOA VISTA";"Ingestão de Álcool";"Colisão traseira";"Com Vítimas Feridas";"Plena Noite";"Crescente";"Céu Claro";"Simples";"Declive";"Não";5;0;1;0;4;0;1;2;3,081079;-60,810467;"SPRF-RR";"DEL01-RR";"UOP01-DEL01-RR"
234410;2019-09-09;"segunda-feira";"20:15:00";"PB";230;40;"SANTA RITA";"Ingestão de Álcool";"Colisão traseira";"Com Vítimas Feridas";"Plena Noite";"Crescente";"Céu Claro";"Dupla";"Aclive";"Não";3;0;1;1;1;0;2;2;-7,1432;-34,9869;"SPRF-PB";"DEL01-PB";"UOP03-DEL01-PB"
234411;2019-09-09;"segunda-feira";"18:30:00";"PE";116;26;"SALGUEIRO";"Animais na Pista";"Atropelamento de Animal";"Com Vítimas Feridas";"Plena Noite";"Crescente";"Céu Claro";"Simples";"Reta";"Sim";1;0;1;0;0;0;1;1;-8,069921;-39,13364;"SPRF-PE";"DEL05-PE";"UOP01-DEL05-PE"
234413;2019-09-09;"segunda-feira";"20:10:00";"PI";402;18;"PARNAIBA";"Deficiência ou não Acionamento do Sistema de Iluminação/Sinalização do Veículo";"Colisão transversal";"Com Vítimas Feridas";"Plena Noite";"Crescente";"Céu Claro";"Simples";"Reta";"Sim";2;0;0;1;0;1;1;2;-3,06559792;-41,77793446;"SPRF-PI";"DEL05-PI";"UOP01-DEL05-PI"
234414;2019-09-09;"segunda-feira";"20:00:00";"PR";277;651;"MATELANDIA";"Falta de Atenção à Condução";"Colisão transversal";"Com Vítimas Feridas";"Plena Noite";"Crescente";"Céu Claro";"Simples";"Reta";"Sim";2;0;1;0;1;0;1;2;-25,1974441;-53,94341989;"SPRF-PR";"DEL05-PR";"UOP02-DEL05-PR"
234416;2019-09-09;"segunda-feira";"19:15:00";"SC";282;415,8;"CATANDUVAS";"Velocidade Incompatível";"Capotamento";"Com Vítimas Feridas";"Plena Noite";"Decrescente";"Céu Claro";"Simples";"Curva";"Não";1;0;1;0;0;0;1;1;-27,039997;-51,708958;"SPRF-SC";"DEL07-SC";"UOP05-DEL07-SC"
234418;2019-09-09;"segunda-feira";"19:50:00";"SC";101;137,6;"BALNEARIO CAMBORIU";"Velocidade Incompatível";"Saída de leito carroçável";"Com Vítimas Feridas";"Plena Noite";"Crescente";"Céu Claro";"Dupla";"Reta";"Sim";1;0;0;1;0;0;1;1;-27,0157238;-48,61192763;"SPRF-SC";"DEL04-SC";"UOP03-DEL04-SC"
234420;2019-09-09;"segunda-feira";"17:45:00";"AC";364;116;"RIO BRANCO";"Desobediência às normas de trânsito pelo condutor";"Colisão traseira";"Com Vítimas Feridas";"Anoitecer";"Decrescente";"Céu Claro";"Simples";"Reta";"Não";2;0;1;0;0;1;1;2;-10,01297804;-67,719215;"SPRF-AC";"DEL01-AC";"UOP01-DEL01-AC"
234422;2019-09-09;"segunda-feira";"12:10:00";"GO";414;252;"NIQUELANDIA";"Agressão Externa";"Capotamento";"Com Vítimas Feridas";"Pleno dia";"Decrescente";"Céu Claro";"Simples";"Ponte";"Não";1;0;1;0;0;0;1;1;-14,84176001;-48,63838083;"SPRF-GO";"DEL07-GO";"UOP01-DEL07-GO"
234424;2019-09-09;"segunda-feira";"20:30:00";"MG";262;826,9;"UBERABA";"Defeito Mecânico no Veículo";"Tombamento";"Com Vítimas Feridas";"Plena Noite";"Decrescente";"Céu Claro";"Dupla";"Reta";"Não";1;0;1;0;0;0;1;1;-19,75127558;-48,1725237;"SPRF-MG";"DEL13-MG";"UOP01-DEL13-MG"
234425;2019-09-09;"segunda-feira";"19:20:00";"RJ";116;182;"NOVA IGUACU";"Defeito Mecânico no Veículo";"Incêndio";"Sem Vítimas";"Plena Noite";"Crescente";"Céu Claro";"Dupla";"Reta";"Sim";1;0;0;0;1;0;0;1;-22,7567755;-43,43107234;"SPRF-RJ";"DEL01-RJ";"UOP02-DEL01-RJ"
234426;2019-09-09;"segunda-feira";"21:10:00";"PR";376;172;"MARINGA";"Desobediência às normas de trânsito pelo condutor";"Colisão transversal";"Com Vítimas Feridas";"Plena Noite";"Decrescente";"Céu Claro";"Múltipla";"Declive;Interseção de Vias;Rotatória;Viaduto";"Sim";2;0;1;0;1;0;1;2;-23,4191001;-51,96816601;"SPRF-PR";"DEL07-PR";"UOP01-DEL09-PR"
234427;2019-09-09;"segunda-feira";"20:50:00";"RS";116;242;"SAO LEOPOLDO";"Falta de Atenção do Pedestre";"Atropelamento de Pedestre";"Com Vítimas Feridas";"Plena Noite";"Crescente";"Céu Claro";"Dupla";"Reta";"Sim";2;0;2;0;0;0;2;2;-29,72297087;-51,14858729;"SPRF-RS";"DEL01-RS";"UOP02-DEL01-RS"
234429;2019-09-09;"segunda-feira";"21:00:00";"RN";226;235,4;"JUCURUTU";"Defeito Mecânico no Veículo";"Incêndio";"Sem Vítimas";"Plena Noite";"Decrescente";"Céu Claro";"Simples";"Reta";"Não";1;0;0;0;0;1;0;1;-6,08551035;-36,94172466;"SPRF-RN";"DEL03-RN";"UOP01-DEL03-RN"
234430;2019-09-09;"segunda-feira";"21:00:00";"CE";304;52,5;"ARACATI";"Falta de Atenção do Pedestre";"Atropelamento de Pedestre";"Com Vítimas Feridas";"Plena Noite";"Decrescente";"Céu Claro";"Simples";"Reta";"Não";2;0;0;2;0;0;2;2;-4,57080706;-37,74473041;"SPRF-CE";"DEL03-CE";"UOP03-DEL03-CE"
234431;2019-09-09;"segunda-feira";"21:30:00";"TO";153;599,6;"SANTA RITA DO TOCANTINS";"Falta de Atenção à Condução";"Colisão frontal";"Com Vítimas Fatais";"Plena Noite";"Crescente";"Céu Claro";"Simples";"Declive;Reta";"Não";3;1;1;0;1;0;1;2;-11,092666;-48,919635;"SPRF-TO";"DEL02-TO";"UOP02-DEL01-TO"
234432;2019-09-09;"segunda-feira";"21:45:00";"SP";153;28,6;"NOVA GRANADA";"Não guardar distância de segurança";"Saída de leito carroçável";"Com Vítimas Feridas";"Plena Noite";"Decrescente";"Céu Claro";"Simples";"Reta";"Sim";1;0;1;0;0;0;1;1;-20,52148;-49,326782;"SPRF-SP";"DEL09-SP";"UOP01-DEL09-SP"
234435;2019-09-09;"segunda-feira";"22:15:00";"ES";101;158;"LINHARES";"Deficiência ou não Acionamento do Sistema de Iluminação/Sinalização do Veículo";"Saída de leito carroçável";"Com Vítimas Feridas";"Plena Noite";"Crescente";"Céu Claro";"Simples";"Reta";"Não";1;0;1;0;0;0;1;1;-19,46094508;-40,10491389;"SPRF-ES";"DEL04-ES";"UOP01-DEL04-ES"
234436;2019-09-09;"segunda-feira";"18:15:00";"PE";101;69,9;"RECIFE";"Falta de Atenção à Condução";"Colisão traseira";"Com Vítimas Feridas";"Plena Noite";"Crescente";"Céu Claro";"Dupla";"Reta";"Não";2;0;1;0;0;1;1;2;-8,05951606;-34,94581024;"SPRF-PE";"DEL01-PE";"UOP01-DEL01-PE"
234437;2019-09-09;"segunda-feira";"22:30:00";"ES";101;272;"SERRA";"Defeito Mecânico no Veículo";"Incêndio";"Sem Vítimas";"Plena Noite";"Crescente";"Céu Claro";"Múltipla";"Reta";"Não";1;0;0;0;1;0;0;1;-20,22686527;-40,28452635;"SPRF-ES";"DEL02-ES";"UOP01-DEL02-ES"
234439;2019-09-09;"segunda-feira";"22:30:00";"MT";364;271;"JACIARA";"Falta de Atenção à Condução";"Queda de ocupante de veículo";"Com Vítimas Feridas";"Plena Noite";"Crescente";"Céu Claro";"Dupla";"Reta";"Sim";2;0;2;0;0;0;2;1;-15,96962998;-54,95363;"SPRF-MT";"DEL02-MT";"UOP02-DEL05-MT"
234442;2019-09-09;"segunda-feira";"13:45:00";"SC";101;423,9;"ARARANGUA";"Avarias e/ou desgaste excessivo no pneu";"Tombamento";"Com Vítimas Feridas";"Pleno dia";"Crescente";"Céu Claro";"Múltipla";"Declive";"Sim";2;0;2;0;0;0;2;1;-29,01106757;-49,57413825;"SPRF-SC";"DEL02-SC";"UOP02-DEL02-SC"
234443;2019-09-09;"segunda-feira";"11:40:00";"RO";435;123;"CEREJEIRAS";"Falta de Atenção à Condução";"Colisão traseira";"Sem Vítimas";"Pleno dia";"Crescente";"Céu Claro";"Dupla";"Reta";"Não";2;0;0;0;2;0;0;2;-13,18889171;-60,808424;"SPRF-RO";"DEL04-RO";"UOP02-DEL04-RO"
234445;2019-08-08;"quinta-feira";"09:40:00";"PE";101;69;"RECIFE";"Falta de Atenção do Pedestre";"Atropelamento de Pedestre";"Com Vítimas Feridas";"Pleno dia";"Decrescente";"Nublado";"Simples";"Curva;Viaduto";"Sim";2;0;1;0;0;1;1;2;-8,06506254;-34,94270694;"SPRF-PE";"DEL01-PE";"UOP01-DEL01-PE"
234448;2019-09-09;"segunda-feira";"20:30:00";"SC";116;76,1;"MONTE CASTELO";"Ingestão de álcool e/ou substâncias psicoativas pelo pedestre";"Atropelamento de Pedestre";"Com Vítimas Fatais";"Plena Noite";"Crescente";"Nublado";"Simples";"Reta";"Não";2;1;1;0;0;0;1;2;-26,52048996;-50,22544945;"SPRF-SC";"DEL06-SC";"UOP02-DEL06-SC"
234449;2019-09-10;"terça-feira";"00:50:00";"PR";158;507;"CORONEL VIVIDA";"Falta de Atenção à Condução";"Saída de leito carroçável";"Com Vítimas Feridas";"Plena Noite";"Crescente";"Céu Claro";"Simples";"Reta";"Não";1;0;1;0;0;0;1;1;-26,02180124;-52,57733183;"SPRF-PR";"DEL02-PR";"UOP01-DEL02-PR"
234450;2019-09-10;"terça-feira";"02:20:00";"RJ";465;20,5;"SEROPEDICA";"Falta de Atenção à Condução";"Colisão com objeto estático";"Com Vítimas Feridas";"Plena Noite";"Crescente";"Céu Claro";"Simples";"Curva";"Sim";1;0;0;1;0;0;1;1;-22,846828;-43,605339;"SPRF-RJ";"DEL01-RJ";"UOP01-DEL01-MS"
234451;2019-09-09;"segunda-feira";"21:40:00";"MA";135;3;"SAO LUIS";"Falta de Atenção à Condução";"Colisão transversal";"Com Vítimas Feridas";"Plena Noite";"Decrescente";"Céu Claro";"Dupla";"Retorno Regulamentado";"Sim";3;0;2;0;1;0;2;2;-2,606802;-44,247512;"SPRF-MA";"DEL01-MA";"UOP01-DEL01-MA"
234453;2019-09-10;"terça-feira";"04:40:00";"SC";101;41;"JOINVILLE";"Desobediência às normas de trânsito pelo condutor";"Colisão transversal";"Com Vítimas Feridas";"Plena Noite";"Crescente";"Nevoeiro/Neblina";"Dupla";"Rotatória";"Sim";2;0;1;0;1;0;1;2;-26,28215489;-48,88973081;"SPRF-SC";"DEL03-SC";"UOP01-DEL03-SC"
234456;2019-09-10;"terça-feira";"03:45:00";"RO";364;238,5;"CACOAL";"Falta de Atenção à Condução";"Tombamento";"Com Vítimas Feridas";"Plena Noite";"Decrescente";"Céu Claro";"Simples";"Reta";"Sim";2;0;0;1;0;1;1;2;-11,43899352;-61,45489275;"SPRF-RO";"DEL02-RO";"UOP02-DEL02-RO"
234457;2019-09-10;"terça-feira";"04:30:00";"PE";408;89,5;"SAO LOURENCO DA MATA";"Animais na Pista";"Atropelamento de Animal";"Sem Vítimas";"Amanhecer";"Crescente";"Céu Claro";"Dupla";"Retorno Regulamentado";"Não";1;0;0;0;1;0;0;1;-7,98149086;-35,08112279;"SPRF-PE";"DEL01-PE";"UOP01-DEL01-PE"
234458;2019-09-10;"terça-feira";"05:03:00";"SC";101;201;"SAO JOSE";"Restrição de Visibilidade";"Atropelamento de Pedestre";"Com Vítimas Feridas";"Amanhecer";"Crescente";"Ignorado";"Dupla";"Reta";"Sim";2;0;1;0;1;0;1;2;-27,54580515;-48,62023115;"SPRF-SC";"DEL01-SC";"UOP01-DEL01-SC"
234461;2019-09-10;"terça-feira";"05:50:00";"ES";101;175,2;"ARACRUZ";"Desobediência às normas de trânsito pelo condutor";"Colisão frontal";"Com Vítimas Fatais";"Amanhecer";"Crescente";"Céu Claro";"Simples";"Reta";"Não";2;1;0;0;0;1;0;2;-19,588547;-40,191967;"SPRF-ES";"DEL04-ES";"UOP01-DEL04-ES"
234464;2019-09-10;"terça-feira";"06:30:00";"RJ";101;61;"CAMPOS DOS GOYTACAZES";"Desobediência às normas de trânsito pelo condutor";"Colisão transversal";"Com Vítimas Feridas";"Pleno dia";"Crescente";"Céu Claro";"Simples";"Reta";"Sim";2;0;2;0;0;0;2;2;-21,72048414;-41,31448591;"SPRF-RJ";"DEL08-RJ";"UOP01-DEL08-RJ"
234466;2019-09-10;"terça-feira";"06:00:00";"MG";116;592,3;"MANHUACU";"Falta de Atenção à Condução";"Colisão com objeto estático";"Com Vítimas Feridas";"Amanhecer";"Decrescente";"Céu Claro";"Simples";"Curva";"Não";1;0;1;0;0;0;1;1;-20,27018211;-42,14428578;"SPRF-MG";"DEL06-MG";"UOP03-DEL06-MG"
234467;2019-09-10;"terça-feira";"06:50:00";"BA";324;515;"FEIRA DE SANTANA";"Falta de Atenção à Condução";"Queda de ocupante de veículo";"Com Vítimas Feridas";"Pleno dia";"Crescente";"Chuva";"Simples";"Reta";"Sim";1;0;1;0;0;0;1;1;-12,23985908;-38,93913399;"SPRF-BA";"DEL02-BA";"UOP01-DEL02-BA"
234468;2019-09-10;"terça-feira";"06:55:00";"DF";70;11,4;"BRASILIA";"Desobediência às normas de trânsito pelo condutor";"Colisão transversal";"Com Vítimas Feridas";"Pleno dia";"Crescente";"Céu Claro";"Dupla";"Reta";"Sim";2;0;1;0;0;1;1;2;-15,79096405;-48,15265775;"SPRF-DF";"DEL01-DF";"UOP02-DEL03-DF"
234469;2019-09-10;"terça-feira";"07:10:00";"SP";116;209,7;"GUARULHOS";"Não guardar distância de segurança";"Colisão transversal";"Com Vítimas Feridas";"Pleno dia";"Crescente";"Sol";"Dupla";"Reta;Aclive";"Sim";4;0;2;0;2;0;2;2;-23,427689;-46,4087206;"SPRF-SP";"DEL01-SP";"UOP01-DEL01-SP"
234470;2019-09-10;"terça-feira";"06:50:00";"DF";20;9;"BRASILIA";"Não guardar distância de segurança";"Colisão traseira";"Sem Vítimas";"Pleno dia";"Decrescente";"Céu Claro";"Dupla";"Reta";"Sim";3;0;0;0;3;0;0;2;-15,654671;-47,782917;"SPRF-DF";"DEL02-DF";"UOP01-DEL02-DF"
234472;2019-09-10;"terça-feira";"07:10:00";"PE";101;58,1;"RECIFE";"Não guardar distância de segurança";"Engavetamento";"Com Vítimas Feridas";"Pleno dia";"Crescente";"Céu Claro";"Dupla";"Reta";"Sim";4;0;1;0;3;0;1;4;-7,97063209;-34,92064675;"SPRF-PE";"DEL01-PE";"UOP02-DEL01-PE"
234474;2019-09-10;"terça-feira";"07:50:00";"RS";158;328,3;"SANTA MARIA";"Não guardar distância de segurança";"Colisão traseira";"Com Vítimas Feridas";"Pleno dia";"Decrescente";"Céu Claro";"Simples";"Interseção de Vias";"Sim";3;0;1;1;1;0;2;2;-29,70857442;-53,82498264;"SPRF-RS";"DEL09-RS";"UOP01-DEL09-RS"
234475;2019-09-10;"terça-feira";"07:40:00";"CE";116;16,5;"EUSEBIO";"Falta de Atenção à Condução";"Colisão traseira";"Com Vítimas Feridas";"Pleno dia";"Crescente";"Céu Claro";"Dupla";"Reta";"Sim";2;0;1;0;1;0;1;2;-3,88732794;-38,50185439;"SPRF-CE";"DEL01-CE";"UOP02-DEL01-CE"
234476;2019-09-10;"terça-feira";"07:55:00";"SC";101;212;"PALHOCA";"Falta de Atenção à Condução";"Colisão lateral";"Com Vítimas Feridas";"Pleno dia";"Decrescente";"Céu Claro";"Dupla";"Reta";"Sim";2;0;1;0;1;0;1;2;-27,62996929;-48,65903871;"SPRF-SC";"DEL01-SC";"UOP02-DEL01-SC"
234477;2019-09-10;"terça-feira";"05:50:00";"RJ";116;172;"SAO JOAO DE MERITI";"Defeito Mecânico no Veículo";"Queda de ocupante de veículo";"Com Vítimas Feridas";"Amanhecer";"Decrescente";"Céu Claro";"Múltipla";"Reta";"Sim";1;0;1;0;0;0;1;1;-22,77983664;-43,39399517;"SPRF-RJ";"DEL01-RJ";"UOP02-DEL01-RJ"
234480;2019-09-10;"terça-feira";"07:40:00";"PR";376;594,8;"CURITIBA";"Falta de Atenção à Condução";"Colisão lateral";"Com Vítimas Feridas";"Pleno dia";"Decrescente";"Céu Claro";"Dupla";"Reta";"Sim";2;0;1;0;1;0;1;2;-25,48479613;-49,34730331;"SPRF-PR";"DEL01-PR";"UOP06-DEL01-PR"
234481;2019-09-10;"terça-feira";"07:10:00";"RJ";101;333;"RIO DE JANEIRO";"Defeito Mecânico no Veículo";"Incêndio";"Sem Vítimas";"Pleno dia";"Crescente";"Céu Claro";"Dupla";"Reta";"Não";1;0;0;0;1;0;0;1;-22,87827816;-43,21053578;"SPRF-RJ";"DEL02-RJ";"UOP02-DEL02-RJ"
234484;2019-09-10;"terça-feira";"05:30:00";"PR";153;64,9;"GUAPIRAMA";"Falta de Atenção à Condução";"Saída de leito carroçável";"Sem Vítimas";"Amanhecer";"Crescente";"Céu Claro";"Simples";"Reta";"Não";1;0;0;0;1;0;0;1;-23,48206909;-50,1023478;"SPRF-PR";"DEL07-PR";"UOP04-DEL07-PR"
234486;2019-09-10;"terça-feira";"07:45:00";"MT";163;786;"SORRISO";"Ingestão de Substâncias Psicoativas";"Saída de leito carroçável";"Sem Vítimas";"Pleno dia";"Crescente";"Céu Claro";"Simples";"Reta";"Não";1;0;0;0;1;0;0;1;-12,40083673;-55,62292633;"SPRF-MT";"DEL06-MT";"UOP01-DEL06-MT"
234490;2019-09-10;"terça-feira";"07:00:00";"SC";282;543;"CHAPECO";"Não guardar distância de segurança";"Colisão traseira";"Com Vítimas Fatais";"Pleno dia";"Decrescente";"Céu Claro";"Simples";"Aclive";"Não";5;1;2;0;2;0;2;2;-26,999392;-52,717831;"SPRF-SC";"DEL07-SC";"UOP01-DEL07-SC"
234492;2019-09-10;"terça-feira";"08:40:00";"MT";70;1,8;"BARRA DO GARCAS";"Velocidade Incompatível";"Colisão traseira";"Com Vítimas Feridas";"Pleno dia";"Decrescente";"Céu Claro";"Simples";"Reta";"Sim";2;0;1;0;1;0;1;2;-15,89164596;-52,26202884;"SPRF-MT";"DEL07-MT";"UOP01-DEL07-MT"
234494;2019-09-10;"terça-feira";"09:30:00";"PE";232;408,3;"SERRA TALHADA";"Desobediência às normas de trânsito pelo condutor";"Colisão lateral";"Com Vítimas Feridas";"Pleno dia";"Decrescente";"Céu Claro";"Simples";"Reta";"Não";2;0;1;0;1;0;1;2;-7,98371447;-38,28047709;"SPRF-PE";"DEL04-PE";"UOP01-DEL04-PE"
234496;2019-09-10;"terça-feira";"09:20:00";"PB";230;2;"CABEDELO";"Agressão Externa";"Saída de leito carroçável";"Com Vítimas Feridas";"Pleno dia";"Crescente";"Céu Claro";"Dupla";"Reta;Retorno Regulamentado";"Sim";2;0;1;0;0;1;1;2;-6,9837;-34,8295;"SPRF-PB";"DEL01-PB";"UOP01-DEL01-PB"
234497;2019-09-10;"terça-feira";"07:50:00";"MG";365;149,5;"PIRAPORA";"Falta de Atenção à Condução";"Saída de leito carroçável";"Com Vítimas Feridas";"Pleno dia";"Decrescente";"Céu Claro";"Simples";"Reta";"Não";1;0;0;1;0;0;1;1;-17,27973696;-44,87014003;"SPRF-MG";"DEL12-MG";"UOP01-DEL12-MG"
234498;2019-09-10;"terça-feira";"09:55:00";"RJ";493;20;"MAGE";"Falta de Atenção à Condução";"Tombamento";"Com Vítimas Feridas";"Pleno dia";"Crescente";"Céu Claro";"Simples";"Reta";"Não";1;0;1;0;0;0;1;1;-22,66364;-43,036495;"SPRF-RJ";"DEL04-RJ";"UOP02-DEL04-RJ"
234499;2019-08-24;"sábado";"09:30:00";"RO";364;631;"CANDEIAS DO JAMARI";"Falta de Atenção à Condução";"Colisão traseira";"Sem Vítimas";"Pleno dia";"Decrescente";"Céu Claro";"Dupla";"Reta";"Não";3;0;0;0;2;1;0;3;-9,08013911;-63,3808981;"SPRF-RO";"DEL03-RO";"UOP04-DEL01-RO"
234500;2019-09-10;"terça-feira";"07:50:00";"PA";222;245;"MARABA";"Falta de Atenção à Condução";"Colisão transversal";"Com Vítimas Feridas";"Pleno dia";"Decrescente";"Céu Claro";"Simples";"Reta";"Sim";2;0;1;0;0;1;1;2;-5,355886;-49,079418;"SPRF-PA";"DEL03-PA";"UOP01-DEL03-PA"
234501;2019-09-10;"terça-feira";"09:20:00";"PR";277;96,6;"CURITIBA";"Não guardar distância de segurança";"Engavetamento";"Com Vítimas Feridas";"Pleno dia";"Decrescente";"Sol";"Dupla";"Reta";"Sim";4;0;1;0;2;1;1;3;-25,430801;-49,330273;"SPRF-PR";"DEL01-PR";"UOP06-DEL01-PR"
234502;2019-09-10;"terça-feira";"08:20:00";"SC";282;228,5;"LAGES";"Defeito Mecânico no Veículo";"Incêndio";"Com Vítimas Feridas";"Pleno dia";"Crescente";"Céu Claro";"Simples";"Reta";"Não";1;0;1;0;0;0;1;1;-27,791557;-50,4077;"SPRF-SC";"DEL05-SC";"UOP02-DEL05-SC"
234504;2019-09-10;"terça-feira";"09:40:00";"SP";116;271;"TABOAO DA SERRA";"Falta de Atenção à Condução";"Colisão traseira";"Com Vítimas Feridas";"Pleno dia";"Decrescente";"Sol";"Dupla";"Reta";"Sim";2;0;1;0;1;0;1;2;-23,61809286;-46,80556302;"SPRF-SP";"DEL04-SP";"UOP01-DEL04-SP"
234505;2019-09-10;"terça-feira";"08:05:00";"MG";116;275;"TEOFILO OTONI";"Falta de Atenção à Condução";"Tombamento";"Com Vítimas Feridas";"Pleno dia";"Crescente";"Céu Claro";"Simples";"Reta";"Sim";1;0;1;0;0;0;1;1;-17,84235093;-41,51410418;"SPRF-MG";"DEL11-MG";"UOP01-DEL11-MG"
234507;2019-09-10;"terça-feira";"11:30:00";"RN";101;85,6;"NATAL";"Falta de Atenção à Condução";"Colisão transversal";"Com Vítimas Feridas";"Pleno dia";"Decrescente";"Sol";"Simples";"Ponte";"Sim";3;0;1;2;0;0;3;2;-5,782195;-35,247414;"SPRF-RN";"DEL02-RN";"UOP01-DEL02-RN"
234510;2019-09-10;"terça-feira";"11:50:00";"RJ";116;166;"RIO DE JANEIRO";"Não guardar distância de segurança";"Colisão traseira";"Com Vítimas Feridas";"Pleno dia";"Decrescente";"Céu Claro";"Dupla";"Reta";"Sim";3;0;2;0;1;0;2;2;-22,81560263;-43,30051808;"SPRF-RJ";"DEL01-RJ";"UOP02-DEL01-RJ"
234511;2019-09-10;"terça-feira";"12:20:00";"PI";343;334,7;"TERESINA";"Não guardar distância de segurança";"Colisão traseira";"Sem Vítimas";"Pleno dia";"Crescente";"Céu Claro";"Simples";"Reta";"Sim";2;0;0;0;2;0;0;2;-5,05984325;-42,69304904;"SPRF-PI";"DEL01-PI";"UOP01-DEL01-PI"
234512;2019-09-10;"terça-feira";"12:33:00";"SC";282;0,4;"FLORIANOPOLIS";"Falta de Atenção à Condução";"Colisão lateral";"Sem Vítimas";"Pleno dia";"Decrescente";"Sol";"Dupla";"Reta";"Sim";2;0;0;0;2;0;0;2;-27,59845;-48,571995;"SPRF-SC";"DEL01-SC";"UOP01-DEL01-SC"
234514;2019-09-10;"terça-feira";"12:40:00";"PE";101;45,9;"IGARASSU";"Falta de Atenção à Condução";"Colisão traseira";"Com Vítimas Feridas";"Pleno dia";"Crescente";"Céu Claro";"Múltipla";"Reta";"Sim";4;0;1;0;3;0;1;3;-7,86521297;-34,90715176;"SPRF-PE";"DEL01-PE";"UOP02-DEL01-PE"
234515;2019-08-04;"domingo";"14:35:00";"SP";153;79,5;"BADY BASSITT";"Não guardar distância de segurança";"Colisão traseira";"Sem Vítimas";"Pleno dia";"Crescente";"Chuva";"Simples";"Declive";"Não";2;0;0;0;2;0;0;2;-20,90672129;-49,4709489;"SPRF-SP";"DEL09-SP";"UOP01-DEL09-SP"
234516;2019-09-10;"terça-feira";"10:50:00";"RJ";101;485,4;"ANGRA DOS REIS";"Falta de Atenção à Condução";"Tombamento";"Com Vítimas Feridas";"Pleno dia";"Crescente";"Céu Claro";"Dupla";"Reta";"Não";2;0;1;0;1;0;1;2;-22,98573526;-44,29709764;"SPRF-RJ";"DEL03-RJ";"UOP03-DEL03-RJ"
234517;2019-09-10;"terça-feira";"13:20:00";"RJ";101;87;"CAMPOS DOS GOYTACAZES";"Velocidade Incompatível";"Saída de leito carroçável";"Com Vítimas Feridas";"Pleno dia";"Decrescente";"Céu Claro";"Dupla";"Curva";"Não";1;0;1;0;0;0;1;1;-21,82626899;-41,49641201;"SPRF-RJ";"DEL08-RJ";"UOP02-DEL08-RJ"
234521;2019-08-26;"segunda-feira";"06:00:00";"ES";101;334;"GUARAPARI";"Não guardar distância de segurança";"Colisão traseira";"Sem Vítimas";"Amanhecer";"Crescente";"Céu Claro";"Simples";"Reta";"Não";2;0;0;0;2;0;0;2;-20,6213791;-40,52011191;"SPRF-ES";"DEL03-ES";"UOP01-DEL03-ES"
234524;2019-09-10;"terça-feira";"10:24:00";"PB";230;137;"CAMPINA GRANDE";"Avarias e/ou desgaste excessivo no pneu";"Saída de leito carroçável";"Com Vítimas Feridas";"Pleno dia";"Decrescente";"Céu Claro";"Dupla";"Curva";"Não";2;0;1;0;1;0;1;1;-7,2766;-35,7739;"SPRF-PB";"DEL02-PB";"UOP01-DEL02-PB"
234526;2019-09-10;"terça-feira";"14:30:00";"MG";381;495,6;"BETIM";"Velocidade Incompatível";"Queda de ocupante de veículo";"Com Vítimas Feridas";"Pleno dia";"Crescente";"Céu Claro";"Dupla";"Reta";"Sim";1;0;0;1;0;0;1;1;-19,98890883;-44,20522016;"SPRF-MG";"DEL01-MG";"UOP03-DEL01-MG"
234527;2019-09-10;"terça-feira";"12:20:00";"BA";116;340,4;"TEOFILANDIA";"Velocidade Incompatível";"Saída de leito carroçável";"Com Vítimas Feridas";"Pleno dia";"Decrescente";"Chuva";"Simples";"Reta";"Não";3;0;2;1;0;0;3;1;-11,50226304;-38,99596429;"SPRF-BA";"DEL02-BA";"UOP01-DEL02-BA"