"id";"data_inversa";"dia_semana";"horario";"uf";"br";"km";"municipio";"causa_acidente";"tipo_acidente";"classificacao_acidente";"fase_dia";"sentido_via";"condicao_metereologica";"tipo_pista";"tracado_via";"uso_solo";"pessoas";"mortos";"feridos_leves";"feridos_graves";"ilesos";"ignorados";"feridos";"veiculos";"latitude";"longitude";"regional";"delegacia";"uop"
234528;2019-09-10;"terça-feira";"15:00:00";"SC";101;195;"BIGUACU";"Desobediência às normas de trânsito pelo condutor";"Colisão lateral";"Com Vítimas Feridas";"Pleno dia";"Crescente";"Sol";"Múltipla";"Reta";"Sim";3;0;1;0;1;1;1;3;-27,50336111;-48,65179539;"SPRF-SC";"DEL01-SC";"UOP01-DEL01-SC"
234530;2019-09-10;"terça-feira";"14:20:00";"PR";277;713;"SANTA TEREZINHA DE ITAIPU";"Não guardar distância de segurança";"Colisão traseira";"Com Vítimas Feridas";"Pleno dia";"Decrescente";"Céu Claro";"Dupla";"Reta";"Não";2;0;0;1;1;0;1;2;-25,46144154;-54,44010119;"SPRF-PR";"DEL05-PR";"UOP01-DEL05-PR"
234531;2019-06-30;"domingo";"20:45:00";"ES";101;293;"CARIACICA";"Desobediência às normas de trânsito pelo condutor";"Colisão com objeto estático";"Com Vítimas Feridas";"Plena Noite";"Crescente";"Nublado";"Múltipla";"Reta";"Sim";1;0;0;1;0;0;1;1;-20,31526144;-40,39567044;"SPRF-ES";"DEL01-ES";"UOP01-DEL01-ES"
234533;2019-09-10;"terça-feira";"14:45:00";"SC";101;205,5;"SAO JOSE";"Velocidade Incompatível";"Tombamento";"Com Vítimas Feridas";"Pleno dia";"Crescente";"Céu Claro";"Dupla";"Curva";"Sim";2;0;2;0;0;0;2;1;-27,58744875;-48,61688912;"SPRF-SC";"DEL01-SC";"UOP01-DEL01-SC"
234535;2019-09-10;"terça-feira";"09:10:00";"GO";40;1,4;"VALPARAISO DE GOIAS";"Falta de Atenção à Condução";"Tombamento";"Com Vítimas Feridas";"Pleno dia";"Decrescente";"Céu Claro";"Dupla";"Reta";"Sim";1;0;1;0;0;0;1;1;-16,058245;-47,982825;"SPRF-DF";"DEL01-DF";"UOP01-DEL01-DF"
234536;2019-09-10;"terça-feira";"14:00:00";"PR";369;454,5;"UBIRATA";"Desobediência às normas de trânsito pelo condutor";"Colisão traseira";"Com Vítimas Feridas";"Pleno dia";"Decrescente";"Céu Claro";"Simples";"Curva";"Não";2;0;1;0;1;0;1;2;-24,54734764;-53,04243207;"SPRF-PR";"DEL04-PR";"UOP03-DEL04-PR"
234538;2019-09-10;"terça-feira";"14:20:00";"RO";429;81;"ALVORADA DOESTE";"Não guardar distância de segurança";"Tombamento";"Com Vítimas Feridas";"Pleno dia";"Crescente";"Sol";"Simples";"Reta";"Sim";3;0;2;0;0;1;2;2;-11,27274975;-62,2296983;"SPRF-RO";"DEL02-RO";"UOP03-DEL02-RO"
234539;2019-09-10;"terça-feira";"15:35:00";"PR";376;157;"MANDAGUACU";"Velocidade Incompatível";"Saída de leito carroçável";"Com Vítimas Feridas";"Pleno dia";"Decrescente";"Céu Claro";"Dupla";"Curva";"Não";2;0;1;1;0;0;2;1;-23,36454534;-52,08345383;"SPRF-PR";"DEL07-PR";"UOP01-DEL09-PR"
234541;2019-09-10;"terça-feira";"16:05:00";"ES";101;269;"SERRA";"Defeito Mecânico no Veículo";"Queda de ocupante de veículo";"Com Vítimas Feridas";"Pleno dia";"Crescente";"Céu Claro";"Dupla";"Reta";"Sim";2;0;0;2;0;0;2;1;-20,21740496;-40,26990578;"SPRF-ES";"DEL02-ES";"UOP01-DEL02-ES"
234542;2019-08-01;"quinta-feira";"11:00:00";"PA";222;244,5;"MARABA";"Falta de Atenção à Condução";"Colisão traseira";"Com Vítimas Feridas";"Pleno dia";"Crescente";"Céu Claro";"Simples";"Reta";"Sim";3;0;1;0;2;0;1;3;-5,347676;-49,080456;"SPRF-PA";"DEL03-PA";"UOP01-DEL03-PA"
234544;2019-09-10;"terça-feira";"16:25:00";"AL";104;84,1;"RIO LARGO";"Ingestão de Álcool";"Saída de leito carroçável";"Com Vítimas Feridas";"Pleno dia";"Decrescente";"Sol";"Dupla";"Reta";"Não";2;0;1;0;1;0;1;1;-9,45007991;-35,83193975;"SPRF-AL";"DEL01-AL";"UOP01-DEL01-AL"
234548;2019-09-10;"terça-feira";"15:50:00";"SC";282;212,1;"LAGES";"Falta de Atenção à Condução";"Colisão transversal";"Com Vítimas Feridas";"Pleno dia";"Decrescente";"Céu Claro";"Simples";"Reta;Declive";"Não";8;0;1;0;7;0;1;2;-27,782257;-50,251381;"SPRF-SC";"DEL05-SC";"UOP01-DEL05-SC"
234549;2019-09-10;"terça-feira";"17:10:00";"RJ";116;164,5;"RIO DE JANEIRO";"Desobediência às normas de trânsito pelo condutor";"Colisão com objeto estático";"Com Vítimas Feridas";"Pleno dia";"Crescente";"Sol";"Múltipla";"Reta";"Sim";1;0;1;0;0;0;1;1;-22,81074068;-43,28844363;"SPRF-RJ";"DEL01-RJ";"UOP01-DEL01-RJ"
234551;2019-09-10;"terça-feira";"17:15:00";"DF";60;0,6;"BRASILIA";"Não guardar distância de segurança";"Colisão traseira";"Com Vítimas Feridas";"Pleno dia";"Decrescente";"Céu Claro";"Dupla";"Reta";"Sim";2;0;1;0;1;0;1;2;-15,882499;-48,060212;"SPRF-DF";"DEL01-DF";"UOP01-DEL03-DF"
234552;2019-09-10;"terça-feira";"17:15:00";"SC";280;55,2;"GUARAMIRIM";"Desobediência às normas de trânsito pelo condutor";"Colisão transversal";"Com Vítimas Feridas";"Pleno dia";"Decrescente";"Nublado";"Simples";"Reta";"Sim";2;0;0;1;1;0;1;2;-26,4768251;-48,99578333;"SPRF-SC";"DEL03-SC";"UOP03-DEL03-SC"
234553;2019-09-10;"terça-feira";"16:50:00";"DF";20;5,6;"BRASILIA";"Falta de Atenção à Condução";"Colisão lateral";"Com Vítimas Feridas";"Pleno dia";"Decrescente";"Céu Claro";"Dupla";"Reta";"Sim";3;0;1;0;2;0;1;3;-15,670546;-47,816044;"SPRF-DF";"DEL02-DF";"UOP01-DEL02-DF"
234555;2019-09-10;"terça-feira";"17:20:00";"SE";101;56;"CARMOPOLIS";"Defeito Mecânico no Veículo";"Saída de leito carroçável";"Com Vítimas Feridas";"Anoitecer";"Crescente";"Garoa/Chuvisco";"Simples";"Reta";"Não";20;0;13;0;7;0;13;1;-10,6393067;-37,0106971;"SPRF-SE";"DEL02-SE";"UOP02-DEL02-SE"
234556;2019-09-10;"terça-feira";"16:00:00";"MG";356;267,4;"MURIAE";"Ingestão de Álcool";"Colisão lateral";"Com Vítimas Feridas";"Pleno dia";"Decrescente";"Céu Claro";"Simples";"Rotatória";"Sim";3;0;1;0;2;0;1;3;-21,12725696;-42,35052695;"SPRF-MG";"DEL07-MG";"UOP02-DEL07-MG"
234558;2019-09-10;"terça-feira";"18:05:00";"RN";101;97;"NATAL";"Desobediência às normas de trânsito pelo condutor";"Colisão lateral";"Com Vítimas Feridas";"Plena Noite";"Decrescente";"Céu Claro";"Múltipla";"Reta";"Sim";2;0;0;1;0;1;1;2;-5,85540728;-35,21173954;"SPRF-RN";"DEL01-RN";"UOP01-DEL01-RN"
234559;2019-09-10;"terça-feira";"18:10:00";"PB";361;15,4;"SANTA TERESINHA";"Animais na Pista";"Atropelamento de Animal";"Com Vítimas Feridas";"Plena Noite";"Crescente";"Céu Claro";"Simples";"Reta";"Não";2;0;1;0;1;0;1;2;-7,05147402;-37,38823399;"SPRF-PB";"DEL03-PB";"UOP01-DEL03-PB"
234560;2019-09-10;"terça-feira";"18:00:00";"PE";101;70,2;"RECIFE";"Falta de Atenção à Condução";"Colisão lateral";"Com Vítimas Feridas";"Plena Noite";"Decrescente";"Céu Claro";"Dupla";"Reta";"Sim";2;0;1;0;1;0;1;2;-8,06776119;-34,94265074;"SPRF-PE";"DEL01-PE";"UOP01-DEL01-PE"
234561;2019-09-10;"terça-feira";"18:15:00";"SC";101;208;"SAO JOSE";"Desobediência às normas de trânsito pelo condutor";"Colisão lateral";"Com Vítimas Feridas";"Anoitecer";"Decrescente";"Céu Claro";"Múltipla";"Reta";"Sim";2;0;1;0;1;0;1;2;-27,60327979;-48,63201818;"SPRF-SC";"DEL01-SC";"UOP01-DEL01-SC"
234562;2019-09-10;"terça-feira";"18:05:00";"PA";163;1001;"SANTAREM";"Desobediência às normas de trânsito pelo condutor";"Colisão transversal";"Com Vítimas Feridas";"Anoitecer";"Crescente";"Céu Claro";"Simples";"Reta";"Sim";2;0;1;0;1;0;1;2;-2,45679985;-54,72841686;"SPRF-PA";"DEL05-PA";"UOP01-DEL05-PA"
234563;2019-09-10;"terça-feira";"16:50:00";"MG";40;522;"CONTAGEM";"Defeito Mecânico no Veículo";"Saída de leito carroçável";"Com Vítimas Feridas";"Pleno dia";"Decrescente";"Céu Claro";"Dupla";"Reta";"Sim";2;0;1;1;0;0;2;1;-19,8638731;-44,06749809;"SPRF-MG";"DEL01-MG";"UOP02-DEL01-MG"
234564;2019-09-10;"terça-feira";"17:00:00";"RN";110;46;"MOSSORO";"Falta de Atenção do Pedestre";"Tombamento";"Com Vítimas Feridas";"Anoitecer";"Decrescente";"Céu Claro";"Simples";"Reta";"Sim";2;0;0;1;0;1;1;2;-5,19797675;-37,31839819;"SPRF-RN";"DEL04-RN";"UOP01-DEL04-RN"
234565;2019-09-10;"terça-feira";"18:28:00";"MG";40;523;"CONTAGEM";"Não guardar distância de segurança";"Engavetamento";"Com Vítimas Feridas";"Plena Noite";"Decrescente";"Céu Claro";"Dupla";"Reta";"Sim";4;0;1;0;3;0;1;3;-19,86874894;-44,05962197;"SPRF-MG";"DEL01-MG";"UOP02-DEL01-MG"
234566;2019-09-10;"terça-feira";"18:50:00";"SP";116;217;"GUARULHOS";"Não guardar distância de segurança";"Colisão lateral";"Com Vítimas Feridas";"Anoitecer";"Crescente";"Céu Claro";"Simples";"Reta";"Não";2;0;1;0;0;1;1;2;-23,45423824;-46,47119028;"SPRF-SP";"DEL01-SP";"UOP01-DEL01-SP"
234567;2019-09-10;"terça-feira";"18:50:00";"PE";232;510,4;"SALGUEIRO";"Falta de Atenção do Pedestre";"Atropelamento de Pedestre";"Com Vítimas Feridas";"Plena Noite";"Decrescente";"Céu Claro";"Simples";"Reta";"Sim";2;0;0;2;0;0;2;2;-8,067472;-39,13817;"SPRF-PE";"DEL05-PE";"UOP01-DEL05-PE"
234572;2019-09-10;"terça-feira";"18:55:00";"PR";369;162,1;"CAMBE";"Falta de Atenção à Condução";"Colisão lateral";"Com Vítimas Feridas";"Plena Noite";"Crescente";"Céu Claro";"Dupla";"Declive";"Sim";2;0;1;0;1;0;1;2;-23,2937961;-51,2688696;"SPRF-PR";"DEL07-PR";"UOP01-DEL07-PR"
234573;2019-09-10;"terça-feira";"18:20:00";"GO";153;495;"GOIANIA";"Falta de Atenção do Pedestre";"Atropelamento de Pedestre";"Com Vítimas Feridas";"Plena Noite";"Decrescente";"Vento";"Dupla";"Reta";"Não";2;0;1;0;1;0;1;2;-16,6681;-49,2263;"SPRF-GO";"DEL01-GO";"UOP01-DEL01-GO"
234574;2019-09-10;"terça-feira";"19:00:00";"RN";110;4,4;"AREIA BRANCA";"Ultrapassagem Indevida";"Colisão frontal";"Com Vítimas Fatais";"Plena Noite";"Crescente";"Céu Claro";"Simples";"Curva";"Não";2;1;0;0;0;1;0;2;-4,9479429;-37,09727883;"SPRF-RN";"DEL04-RN";"UOP01-DEL04-RN"
234575;2019-09-10;"terça-feira";"17:25:00";"BA";407;126;"SENHOR DO BONFIM";"Falta de Atenção à Condução";"Colisão lateral";"Sem Vítimas";"Anoitecer";"Decrescente";"Nublado";"Simples";"Rotatória";"Sim";2;0;0;0;1;1;0;2;-10,4558193;-40,18119143;"SPRF-BA";"DEL04-BA";"UOP01-DEL04-BA"
234576;2019-09-10;"terça-feira";"19:10:00";"ES";101;293;"CARIACICA";"Defeito na Via";"Queda de ocupante de veículo";"Com Vítimas Feridas";"Plena Noite";"Crescente";"Céu Claro";"Dupla";"Interseção de Vias";"Sim";1;0;1;0;0;0;1;1;-20,31526144;-40,39567044;"SPRF-ES";"DEL01-ES";"UOP01-DEL01-ES"
234579;2019-09-10;"terça-feira";"19:20:00";"AP";210;1;"MACAPA";"Falta de Atenção à Condução";"Colisão traseira";"Com Vítimas Feridas";"Anoitecer";"Decrescente";"Céu Claro";"Múltipla";"Reta";"Sim";3;0;1;0;2;0;1;2;0,07816717;-51,06998693;"SPRF-AP";"DEL01-AP";"UOP01-DEL01-AP"
234580;2019-09-10;"terça-feira";"19:10:00";"RN";304;35;"MOSSORO";"Sinalização da via insuficiente ou inadequada";"Queda de ocupante de veículo";"Com Vítimas Feridas";"Plena Noite";"Crescente";"Céu Claro";"Múltipla";"Rotatória";"Não";1;0;1;0;0;0;1;1;-5,16149497;-37,35068212;"SPRF-RN";"DEL04-RN";"UOP02-DEL04-RN"
234582;2019-09-10;"terça-feira";"19:00:00";"SC";101;42,5;"JOINVILLE";"Ingestão de Álcool";"Colisão com objeto estático";"Sem Vítimas";"Anoitecer";"Crescente";"Céu Claro";"Dupla";"Ponte";"Sim";2;0;0;0;2;0;0;2;-26,29251598;-48,88474385;"SPRF-SC";"DEL03-SC";"UOP01-DEL03-SC"
234583;2019-09-10;"terça-feira";"18:20:00";"MG";40;141,3;"JOAO PINHEIRO";"Desobediência às normas de trânsito pelo condutor";"Colisão traseira";"Com Vítimas Feridas";"Anoitecer";"Crescente";"Céu Claro";"Simples";"Curva;Aclive";"Sim";5;0;0;1;4;0;1;2;-17,73618679;-46,19334804;"SPRF-MG";"DEL14-MG";"UOP01-DEL14-MG"
234584;2019-09-10;"terça-feira";"20:10:00";"CE";222;10,2;"CAUCAIA";"Objeto estático sobre o leito carroçável";"Colisão com objeto estático";"Com Vítimas Feridas";"Plena Noite";"Crescente";"Céu Claro";"Dupla";"Declive";"Sim";1;0;1;0;0;0;1;1;-3,76186908;-38,65413796;"SPRF-CE";"DEL01-CE";"UOP01-DEL01-CE"
234586;2019-09-10;"terça-feira";"19:45:00";"RN";226;2,9;"NATAL";"Desobediência às normas de trânsito pelo condutor";"Colisão transversal";"Com Vítimas Feridas";"Plena Noite";"Decrescente";"Céu Claro";"Simples";"Curva;Aclive";"Sim";3;0;1;0;1;1;1;3;-5,81364934;-35,2466547;"SPRF-RN";"DEL01-RN";"UOP02-DEL01-RN"
234587;2019-09-10;"terça-feira";"18:00:00";"PE";232;258,1;"ARCOVERDE";"Animais na Pista";"Atropelamento de Animal";"Com Vítimas Feridas";"Plena Noite";"Crescente";"Céu Claro";"Simples";"Reta";"Não";1;0;0;1;0;0;1;1;-8,40763741;-37,11127205;"SPRF-PE";"DEL03-PE";"UOP02-DEL03-PE"
234594;2019-09-10;"terça-feira";"19:30:00";"DF";20;11;"BRASILIA";"Defeito Mecânico no Veículo";"Colisão com objeto estático";"Sem Vítimas";"Plena Noite";"Crescente";"Céu Claro";"Dupla";"Reta";"Sim";1;0;0;0;1;0;0;1;-15,64654;-47,766422;"SPRF-DF";"DEL02-DF";"UOP01-DEL02-DF"
234596;2019-09-10;"terça-feira";"21:00:00";"RJ";101;99;"CAMPOS DOS GOYTACAZES";"Defeito Mecânico no Veículo";"Incêndio";"Sem Vítimas";"Plena Noite";"Decrescente";"Céu Claro";"Dupla";"Curva";"Não";1;0;0;0;1;0;0;1;-21,8758198;-41,5832851;"SPRF-RJ";"DEL08-RJ";"UOP02-DEL08-RJ"
234598;2019-09-10;"terça-feira";"21:15:00";"RN";101;95,7;"NATAL";"Desobediência às normas de trânsito pelo condutor";"Colisão traseira";"Com Vítimas Feridas";"Plena Noite";"Decrescente";"Céu Claro";"Múltipla";"Curva";"Sim";3;0;3;0;0;0;3;2;-5,84526314;-35,20844763;"SPRF-RN";"DEL01-RN";"UOP01-DEL01-RN"
234599;2019-09-10;"terça-feira";"20:40:00";"MT";158;418;"RIBEIRAO CASCALHEIRA";"Falta de Atenção à Condução";"Colisão traseira";"Com Vítimas Feridas";"Plena Noite";"Decrescente";"Céu Claro";"Simples";"Reta";"Não";2;0;1;1;0;0;2;2;-12,90416002;-51,81687615;"SPRF-MT";"DEL07-MT";"UOP02-DEL07-MT"
234600;2019-09-10;"terça-feira";"18:52:00";"RR";432;200;"CANTA";"Ingestão de Álcool";"Colisão com objeto em movimento";"Com Vítimas Feridas";"Plena Noite";"Crescente";"Céu Claro";"Simples";"Reta";"Não";3;0;2;1;0;0;3;2;2,6847297;-60,60123437;"SPRF-RR";"DEL01-RR";"UOP01-DEL01-RR"
234601;2019-09-10;"terça-feira";"20:30:00";"PR";369;193;"ARAPONGAS";"Ingestão de Álcool";"Saída de leito carroçável";"Sem Vítimas";"Plena Noite";"Crescente";"Céu Claro";"Dupla";"Reta";"Não";1;0;0;0;1;0;0;1;-23,4513373;-51,42631531;"SPRF-PR";"DEL07-PR";"UOP03-DEL07-PR"
234606;2019-09-10;"terça-feira";"21:00:00";"ES";101;214;"IBIRACU";"Falta de Atenção do Pedestre";"Atropelamento de Pedestre";"Com Vítimas Feridas";"Plena Noite";"Crescente";"Céu Claro";"Simples";"Reta";"Sim";2;0;1;0;1;0;1;2;-19,82999127;-40,37211181;"SPRF-ES";"DEL02-ES";"UOP01-DEL02-ES"
234607;2019-09-10;"terça-feira";"21:00:00";"PI";343;346,2;"TERESINA";"Falta de Atenção à Condução";"Colisão transversal";"Com Vítimas Feridas";"Plena Noite";"Crescente";"Céu Claro";"Dupla";"Curva";"Sim";3;0;2;0;1;0;2;2;-5,110751;-42,770531;"SPRF-PI";"DEL01-PI";"UOP01-DEL01-PI"
234608;2019-09-10;"terça-feira";"22:00:00";"PR";272;435;"GOIOERE";"Animais na Pista";"Atropelamento de Animal";"Com Vítimas Feridas";"Plena Noite";"Crescente";"Céu Claro";"Simples";"Reta";"Sim";1;0;1;0;0;0;1;1;-24,174751;-53,01327;"SPRF-PR";"DEL04-PR";"UOP03-DEL09-PR"
234609;2019-09-10;"terça-feira";"18:30:00";"SC";280;6,2;"SAO FRANCISCO DO SUL";"Falta de Atenção à Condução";"Colisão transversal";"Com Vítimas Feridas";"Plena Noite";"Crescente";"Nublado";"Simples";"Reta";"Sim";2;0;1;1;0;0;2;2;-26,26641188;-48,63466144;"SPRF-SC";"DEL03-SC";"UOP03-DEL03-SC"
234610;2019-09-10;"terça-feira";"18:00:00";"SC";280;5,4;"SAO FRANCISCO DO SUL";"Falta de Atenção à Condução";"Colisão frontal";"Com Vítimas Feridas";"Anoitecer";"Decrescente";"Céu Claro";"Simples";"Reta";"Sim";4;0;0;4;0;0;4;2;-26,2623747;-48,6287143;"SPRF-SC";"DEL03-SC";"UOP03-DEL03-SC"
234611;2019-09-10;"terça-feira";"21:30:00";"RN";110;45;"MOSSORO";"Ingestão de Álcool";"Colisão traseira";"Sem Vítimas";"Plena Noite";"Crescente";"Céu Claro";"Simples";"Reta";"Sim";2;0;0;0;1;1;0;2;-5,19257993;-37,31114905;"SPRF-RN";"DEL04-RN";"UOP01-DEL04-RN"
234613;2019-09-10;"terça-feira";"22:40:00";"PR";116;136;"MANDIRITUBA";"Falta de Atenção à Condução";"Colisão com objeto estático";"Sem Vítimas";"Plena Noite";"Decrescente";"Céu Claro";"Dupla";"Reta";"Não";1;0;0;0;1;0;0;1;-25,69308504;-49,31768479;"SPRF-PR";"DEL01-PR";"UOP03-DEL01-PR"
234614;2019-09-10;"terça-feira";"19:30:00";"RN";405;0,5;"MOSSORO";"Ingestão de Álcool";"Colisão lateral";"Com Vítimas Feridas";"Plena Noite";"Decrescente";"Céu Claro";"Simples";"Reta";"Não";2;0;1;0;1;0;1;2;-5,1914673;-37,351887;"SPRF-RN";"DEL04-RN";"UOP02-DEL04-RN"
234615;2019-09-10;"terça-feira";"22:45:00";"SP";116;271;"TABOAO DA SERRA";"Defeito Mecânico no Veículo";"Queda de ocupante de veículo";"Sem Vítimas";"Plena Noite";"Decrescente";"Céu Claro";"Múltipla";"Reta";"Sim";1;0;0;0;1;0;0;1;-23,61809286;-46,80556302;"SPRF-SP";"DEL04-SP";"UOP01-DEL04-SP"
234616;2019-09-10;"terça-feira";"10:00:00";"PI";343;265;"CAMPO MAIOR";"Não guardar distância de segurança";"Colisão traseira";"Com Vítimas Feridas";"Pleno dia";"Crescente";"Céu Claro";"Simples";"Reta";"Sim";2;0;1;0;1;0;1;2;-4,834697;-42,167046;"SPRF-PI";"DEL01-PI";"UOP03-DEL01-PI"
234617;2019-09-10;"terça-feira";"23:00:00";"PR";116;89;"PIRAQUARA";"Objeto estático sobre o leito carroçável";"Colisão com objeto estático";"Com Vítimas Feridas";"Plena Noite";"Decrescente";"Nublado";"Dupla";"Reta";"Não";1;0;1;0;0;0;1;1;-25,45428705;-49,08817119;"SPRF-PR";"DEL01-PR";"UOP01-DEL01-PR"
234618;2019-09-10;"terça-feira";"22:55:00";"MG";365;3,9;"MONTES CLAROS";"Velocidade Incompatível";"Colisão com objeto estático";"Com Vítimas Feridas";"Plena Noite";"Crescente";"Céu Claro";"Simples";"Reta";"Não";1;0;1;0;0;0;1;1;-16,74574399;-43,88392402;"SPRF-MG";"DEL12-MG";"UOP01-DEL12-MG"
234620;2019-09-10;"terça-feira";"23:45:00";"TO";242;368,7;"GURUPI";"Animais na Pista";"Atropelamento de Animal";"Com Vítimas Feridas";"Plena Noite";"Decrescente";"Céu Claro";"Simples";"Reta";"Não";1;0;1;0;0;0;1;1;-11,78312233;-48,97862654;"SPRF-TO";"DEL02-TO";"UOP02-DEL01-TO"
234621;2019-09-10;"terça-feira";"21:50:00";"RJ";116;72;"TERESOPOLIS";"Defeito Mecânico no Veículo";"Incêndio";"Sem Vítimas";"Plena Noite";"Crescente";"Céu Claro";"Simples";"Reta";"Sim";1;0;0;0;0;1;0;1;-22,336229;-42,938663;"SPRF-RJ";"DEL04-RJ";"UOP01-DEL04-RJ"
234623;2019-09-11;"quarta-feira";"00:10:00";"BA";101;923;"MUCURI";"Animais na Pista";"Atropelamento de Animal";"Com Vítimas Feridas";"Plena Noite";"Crescente";"Céu Claro";"Simples";"Reta";"Não";4;0;4;0;0;0;4;1;-18,10583996;-39,88359987;"SPRF-BA";"DEL09-BA";"UOP02-DEL09-BA"
234624;2019-09-11;"quarta-feira";"00:10:00";"MG";365;3,8;"MONTES CLAROS";"Falta de Atenção à Condução";"Colisão traseira";"Com Vítimas Feridas";"Plena Noite";"Crescente";"Céu Claro";"Simples";"Reta";"Não";2;0;1;0;1;0;1;2;-16,74574399;-43,88392402;"SPRF-MG";"DEL12-MG";"UOP01-DEL12-MG"
234625;2019-09-10;"terça-feira";"22:30:00";"PB";104;130;"CAMPINA GRANDE";"Animais na Pista";"Atropelamento de Animal";"Com Vítimas Feridas";"Plena Noite";"Decrescente";"Vento";"Simples";"Reta";"Não";1;0;0;1;0;0;1;1;-7,29013399;-35,89029705;"SPRF-PB";"DEL02-PB";"UOP01-DEL02-PB"
234626;2019-09-11;"quarta-feira";"00:35:00";"GO";40;5,5;"VALPARAISO DE GOIAS";"Ingestão de Álcool";"Colisão traseira";"Sem Vítimas";"Plena Noite";"Decrescente";"Céu Claro";"Dupla";"Reta";"Sim";2;0;0;0;2;0;0;2;-16,093134;-47,982236;"SPRF-DF";"DEL01-DF";"UOP01-DEL01-DF"
234632;2019-09-11;"quarta-feira";"02:20:00";"ES";262;3,8;"CARIACICA";"Condutor Dormindo";"Capotamento";"Sem Vítimas";"Plena Noite";"Crescente";"Nublado";"Múltipla";"Interseção de Vias";"Sim";1;0;0;0;1;0;0;1;-20,33548804;-40,37546933;"SPRF-ES";"DEL01-ES";"UOP01-DEL01-ES"
234633;2019-09-11;"quarta-feira";"00:45:00";"MT";70;266;"PRIMAVERA DO LESTE";"Desobediência às normas de trânsito pelo condutor";"Colisão lateral";"Com Vítimas Feridas";"Plena Noite";"Crescente";"Céu Claro";"Simples";"Curva";"Não";10;0;0;1;9;0;1;2;-15,55306301;-54,19229081;"SPRF-MT";"DEL05-MT";"UOP01-DEL05-MT"
234635;2019-09-11;"quarta-feira";"04:15:00";"SP";116;472,1;"PARIQUERA-ACU";"Condutor Dormindo";"Saída de leito carroçável";"Com Vítimas Feridas";"Plena Noite";"Decrescente";"Ignorado";"Dupla";"Curva";"Não";1;0;0;1;0;0;1;1;-24,6649709;-47,9738381;"SPRF-SP";"DEL05-SP";"UAP01-DEL05-SP"
234639;2019-09-11;"quarta-feira";"01:30:00";"PA";316;206,1;"SANTA LUZIA DO PARA";"Falta de Atenção à Condução";"Colisão traseira";"Com Vítimas Feridas";"Plena Noite";"Decrescente";"Céu Claro";"Simples";"Reta";"Não";3;0;1;2;0;0;3;2;-1,57942912;-46,84937012;"SPRF-PA";"DEL01-PA";"UOP03-DEL01-PA"
234640;2019-09-11;"quarta-feira";"04:50:00";"SC";470;140;"RIO DO SUL";"Falta de Atenção à Condução";"Colisão transversal";"Com Vítimas Feridas";"Plena Noite";"Decrescente";"Nublado";"Simples";"Reta";"Não";2;0;0;1;1;0;1;2;-27,222485;-49,662827;"SPRF-SC";"DEL04-SC";"UOP02-DEL04-SC"
234642;2019-09-11;"quarta-feira";"05:35:00";"PR";373;236;"GUAMIRANGA";"Condutor Dormindo";"Saída de leito carroçável";"Com Vítimas Feridas";"Amanhecer";"Crescente";"Céu Claro";"Simples";"Curva";"Não";3;0;2;0;1;0;2;1;-25,18059403;-50,72520901;"SPRF-PR";"DEL03-PR";"UOP01-DEL03-PR"
234646;2019-09-11;"quarta-feira";"06:50:00";"SP";116;145;"SAO JOSE DOS CAMPOS";"Falta de Atenção à Condução";"Colisão lateral";"Com Vítimas Feridas";"Pleno dia";"Crescente";"Céu Claro";"Dupla";"Reta";"Não";3;0;1;0;2;0;1;3;-23,1869844;-45,8548078;"SPRF-SP";"DEL02-SP";"UOP01-DEL02-SP"
234647;2019-09-11;"quarta-feira";"06:50:00";"SP";116;209,5;"GUARULHOS";"Desobediência às normas de trânsito pelo condutor";"Colisão traseira";"Com Vítimas Feridas";"Pleno dia";"Crescente";"Céu Claro";"Múltipla";"Reta";"Sim";3;0;1;0;2;0;1;2;-23,42511799;-46,40221101;"SPRF-SP";"DEL01-SP";"UOP01-DEL01-SP"
234650;2019-09-11;"quarta-feira";"06:50:00";"RS";470;214,3;"BENTO GONCALVES";"Falta de Atenção à Condução";"Colisão transversal";"Com Vítimas Feridas";"Pleno dia";"Decrescente";"Nublado";"Simples";"Reta";"Sim";2;0;1;0;1;0;1;2;-29,14683753;-51,53197467;"SPRF-RS";"DEL06-RS";"UOP01-DEL06-RS"
234651;2019-09-11;"quarta-feira";"07:20:00";"SP";116;218;"GUARULHOS";"Falta de Atenção à Condução";"Tombamento";"Com Vítimas Feridas";"Amanhecer";"Crescente";"Céu Claro";"Múltipla";"Reta";"Sim";1;0;1;0;0;0;1;1;-23,457972;-46,479927;"SPRF-SP";"DEL01-SP";"UOP01-DEL01-SP"
234652;2019-09-11;"quarta-feira";"07:35:00";"RN";226;15;"MACAIBA";"Desobediência às normas de trânsito pelo condutor";"Colisão frontal";"Com Vítimas Feridas";"Pleno dia";"Crescente";"Céu Claro";"Simples";"Reta";"Sim";2;0;1;0;1;0;1;2;-5,85369361;-35,3275818;"SPRF-RN";"DEL01-RN";"UOP02-DEL01-RN"