"id";"data_inversa";"dia_semana";"horario";"uf";"br";"km";"municipio";"causa_acidente";"tipo_acidente";"classificacao_acidente";"fase_dia";"sentido_via";"condicao_metereologica";"tipo_pista";"tracado_via";"uso_solo";"pessoas";"mortos";"feridos_leves";"feridos_graves";"ilesos";"ignorados";"feridos";"veiculos";"latitude";"longitude";"regional";"delegacia";"uop"
235254;2019-09-14;"sábado";"02:25:00";"RS";158;143;"CONDOR";"Defeito na Via";"Capotamento";"Com Vítimas Feridas";"Plena Noite";"Crescente";"Nublado";"Simples";"Curva";"Não";4;0;3;1;0;0;4;2;-28,22688196;-53,4706314;"SPRF-RS";"DEL10-RS";"UOP02-DEL10-RS"
235256;2019-09-14;"sábado";"01:30:00";"MS";163;13,5;"MUNDO NOVO";"Velocidade Incompatível";"Saída de leito carroçável";"Com Vítimas Feridas";"Plena Noite";"Crescente";"Céu Claro";"Simples";"Curva";"Não";1;0;0;1;0;0;1;1;-23,95374032;-54,31622801;"SPRF-MS";"DEL09-MS";"UOP02-DEL09-MS"
235257;2019-09-14;"sábado";"02:40:00";"RJ";116;143;"DUQUE DE CAXIAS";"Condutor Dormindo";"Colisão com objeto estático";"Com Vítimas Feridas";"Plena Noite";"Decrescente";"Céu Claro";"Simples";"Curva";"Sim";1;0;1;0;0;0;1;1;-22,65237271;-43,23918118;"SPRF-RJ";"DEL01-RJ";"UOP01-DEL01-RJ"
235258;2019-09-14;"sábado";"03:20:00";"PR";277;67,4;"SAO JOSE DOS PINHAIS";"Ingestão de Álcool";"Saída de leito carroçável";"Com Vítimas Fatais";"Plena Noite";"Crescente";"Nublado";"Dupla";"Reta";"Sim";2;1;0;1;0;0;1;1;-25,54511074;-49,05291088;"SPRF-PR";"DEL01-PR";"UOP07-DEL01-PR"
235259;2019-09-14;"sábado";"02:30:00";"MG";365;407;"PATOS DE MINAS";"Desobediência às normas de trânsito pelo condutor";"Colisão transversal";"Sem Vítimas";"Plena Noite";"Decrescente";"Céu Claro";"Simples";"Reta";"Não";2;0;0;0;2;0;0;2;-18,64392302;-46,49892399;"SPRF-MG";"N/A";"N/A"
235260;2019-09-14;"sábado";"02:35:00";"RS";470;253,9;"SALVADOR DO SUL";"Desobediência às normas de trânsito pelo condutor";"Colisão frontal";"Com Vítimas Feridas";"Plena Noite";"Crescente";"Nevoeiro/Neblina";"Simples";"Curva";"Não";6;0;4;1;0;1;5;3;-29,40056278;-51,50572009;"SPRF-RS";"DEL06-RS";"UOP01-DEL06-RS"
235262;2019-09-14;"sábado";"04:30:00";"CE";20;309;"CANINDE";"Restrição de Visibilidade";"Colisão lateral";"Com Vítimas Feridas";"Plena Noite";"Decrescente";"Céu Claro";"Simples";"Aclive";"Sim";2;0;0;1;0;1;1;2;-4,340095;-39,292372;"SPRF-CE";"DEL02-CE";"UOP01-DEL02-CE"
235263;2019-09-14;"sábado";"03:10:00";"SP";116;57,1;"GUARATINGUETA";"Mal Súbito";"Colisão com objeto estático";"Com Vítimas Feridas";"Plena Noite";"Decrescente";"Nublado";"Dupla";"Reta";"Sim";1;0;1;0;0;0;1;1;-22,77454618;-45,13807087;"SPRF-SP";"DEL08-SP";"UOP01-DEL08-SP"
235264;2019-09-14;"sábado";"04:00:00";"SC";101;338,5;"TUBARAO";"Ingestão de Álcool";"Colisão com objeto estático";"Sem Vítimas";"Plena Noite";"Decrescente";"Nublado";"Dupla";"Reta";"Sim";1;0;0;0;1;0;0;1;-28,50104664;-49,04673457;"SPRF-SC";"DEL02-SC";"UOP01-DEL02-SC"
235265;2019-09-14;"sábado";"05:00:00";"RS";290;86;"PORTO ALEGRE";"Ingestão de Álcool";"Saída de leito carroçável";"Sem Vítimas";"Plena Noite";"Decrescente";"Chuva";"Múltipla";"Reta";"Sim";1;0;0;0;1;0;0;1;-29,968412;-51,117138;"SPRF-RS";"DEL01-RS";"UOP01-DEL01-RS"
235266;2019-09-14;"sábado";"04:30:00";"BA";324;620;"SALVADOR";"Ingestão de Álcool";"Colisão traseira";"Com Vítimas Feridas";"Amanhecer";"Crescente";"Chuva";"Dupla";"Reta";"Sim";3;0;0;1;1;1;1;2;-12,90482172;-38,45556535;"SPRF-BA";"DEL01-BA";"UOP01-DEL01-BA"
235268;2019-09-14;"sábado";"04:35:00";"PR";277;617,9;"SANTA TEREZA DO OESTE";"Mal Súbito";"Queda de ocupante de veículo";"Com Vítimas Feridas";"Plena Noite";"Decrescente";"Céu Claro";"Simples";"Reta";"Não";1;0;1;0;0;0;1;1;-25,07416578;-53,683266;"SPRF-PR";"DEL05-PR";"UOP02-DEL05-PR"
235269;2019-09-13;"sexta-feira";"07:40:00";"RS";116;151,7;"CAXIAS DO SUL";"Desobediência às normas de trânsito pelo condutor";"Colisão lateral";"Com Vítimas Feridas";"Pleno dia";"Decrescente";"Céu Claro";"Dupla";"Reta";"Sim";3;0;1;0;1;1;1;3;-29,17694502;-51,16173896;"SPRF-RS";"DEL05-RS";"UOP01-DEL05-RS"
235270;2019-09-14;"sábado";"05:45:00";"SC";282;18,3;"PALHOCA";"Falta de Atenção à Condução";"Colisão lateral";"Sem Vítimas";"Amanhecer";"Decrescente";"Nublado";"Simples";"Curva";"Não";2;0;0;0;1;1;0;2;-27,672798;-48,694286;"SPRF-SC";"DEL01-SC";"UOP02-DEL01-SC"
235271;2019-09-14;"sábado";"06:35:00";"PE";101;48,5;"ABREU E LIMA";"Falta de Atenção à Condução";"Colisão transversal";"Com Vítimas Feridas";"Pleno dia";"Decrescente";"Céu Claro";"Múltipla";"Reta";"Sim";2;0;1;0;1;0;1;2;-7,9005152;-34,90180641;"SPRF-PE";"DEL01-PE";"UOP02-DEL01-PE"
235272;2019-09-14;"sábado";"04:00:00";"MT";163;1038;"MATUPA";"Falta de Atenção do Pedestre";"Atropelamento de Pedestre";"Com Vítimas Feridas";"Plena Noite";"Decrescente";"Céu Claro";"Simples";"Reta";"Não";2;0;2;0;0;0;2;2;-10,186504;-54,946897;"SPRF-MT";"DEL06-MT";"UOP02-DEL06-MT"
235274;2019-09-14;"sábado";"02:15:00";"SC";282;633,8;"DESCANSO";"Ingestão de Álcool";"Saída de leito carroçável";"Com Vítimas Feridas";"Plena Noite";"Decrescente";"Nublado";"Simples";"Declive;Curva";"Não";3;0;1;0;2;0;1;1;-26,82646435;-53,41876745;"SPRF-SC";"DEL07-SC";"UOP03-DEL07-SC"
235275;2019-09-13;"sexta-feira";"13:18:00";"PA";163;996;"SANTAREM";"Defeito Mecânico no Veículo";"Incêndio";"Sem Vítimas";"Pleno dia";"Decrescente";"Céu Claro";"Simples";"Aclive";"Não";1;0;0;0;1;0;0;1;-2,50389971;-54,72751963;"SPRF-PA";"DEL05-PA";"UOP01-DEL05-PA"
235277;2019-09-14;"sábado";"06:50:00";"BA";116;752,2;"POCOES";"Desobediência às normas de trânsito pelo pedestre";"Atropelamento de Pedestre";"Com Vítimas Fatais";"Amanhecer";"Crescente";"Nublado";"Simples";"Reta";"Não";2;1;0;0;1;0;0;2;-14,49084;-40,3443;"SPRF-BA";"DEL08-BA";"UOP02-DEL08-BA"
235278;2019-09-13;"sexta-feira";"19:40:00";"RS";290;140,6;"ELDORADO DO SUL";"Falta de Atenção à Condução";"Colisão transversal";"Com Vítimas Feridas";"Plena Noite";"Crescente";"Ignorado";"Simples";"Reta";"Não";2;0;1;1;0;0;2;2;-30,08458516;-51,61498373;"SPRF-RS";"DEL02-RS";"UOP01-DEL02-RS"
235280;2019-09-14;"sábado";"06:35:00";"PR";376;652,4;"TIJUCAS DO SUL";"Pista Escorregadia";"Colisão com objeto estático";"Sem Vítimas";"Pleno dia";"Decrescente";"Chuva";"Dupla";"Curva";"Não";1;0;0;0;1;0;0;1;-25,8461583;-49,068884;"SPRF-PR";"DEL01-PR";"UOP04-DEL01-PR"
235281;2019-09-14;"sábado";"05:30:00";"RS";158;566,5;"SANTANA DO LIVRAMENTO";"Falta de Atenção à Condução";"Atropelamento de Pedestre";"Com Vítimas Fatais";"Pleno dia";"Decrescente";"Céu Claro";"Simples";"Reta";"Sim";2;1;0;0;0;1;0;2;-30,87624189;-55,51081469;"SPRF-RS";"DEL11-RS";"UOP01-DEL11-RS"
235282;2019-09-14;"sábado";"06:10:00";"RR";401;0,3;"BOA VISTA";"Falta de Atenção à Condução";"Colisão com objeto estático";"Com Vítimas Feridas";"Pleno dia";"Crescente";"Céu Claro";"Dupla";"Rotatória";"Sim";2;0;2;0;0;0;2;1;2,80577747;-60,68969965;"SPRF-RR";"DEL01-RR";"UOP01-DEL01-RR"
235284;2019-09-14;"sábado";"06:10:00";"RS";470;247,6;"BARAO";"Falta de Atenção à Condução";"Saída de leito carroçável";"Sem Vítimas";"Amanhecer";"Decrescente";"Céu Claro";"Simples";"Curva;Interseção de Vias";"Não";1;0;0;0;0;1;0;1;-29,39572674;-51,49431825;"SPRF-RS";"DEL06-RS";"UOP01-DEL06-RS"
235285;2019-09-14;"sábado";"06:40:00";"MG";381;456;"BELO HORIZONTE";"Não guardar distância de segurança";"Colisão traseira";"Com Vítimas Feridas";"Amanhecer";"Crescente";"Céu Claro";"Simples";"Reta";"Sim";2;0;1;0;1;0;1;2;-19,85862954;-43,91292495;"SPRF-MG";"DEL01-MG";"UOP01-DEL01-MG"
235286;2019-09-14;"sábado";"06:20:00";"SP";116;269,5;"TABOAO DA SERRA";"Desobediência às normas de trânsito pelo condutor";"Colisão transversal";"Com Vítimas Feridas";"Amanhecer";"Decrescente";"Céu Claro";"Dupla";"Reta";"Sim";3;0;1;0;2;0;1;3;-23,61593059;-46,78826044;"SPRF-SP";"DEL04-SP";"UOP01-DEL04-SP"
235288;2019-09-13;"sexta-feira";"18:00:00";"MG";381;557,5;"ITAGUARA";"Desobediência às normas de trânsito pelo condutor";"Colisão lateral";"Sem Vítimas";"Plena Noite";"Decrescente";"Céu Claro";"Dupla";"Reta";"Não";3;0;0;0;2;1;0;2;-20,36904195;-44,46938756;"SPRF-MG";"DEL04-MG";"UOP03-DEL04-MG"
235292;2019-09-14;"sábado";"07:00:00";"GO";20;92,6;"VILA BOA";"Ultrapassagem Indevida";"Capotamento";"Com Vítimas Fatais";"Pleno dia";"Decrescente";"Céu Claro";"Simples";"Reta";"Não";1;1;0;0;0;0;0;1;-15,005429;-47,035912;"SPRF-DF";"DEL02-DF";"UOP01-DEL02-DF"
235295;2019-09-14;"sábado";"08:00:00";"SE";101;93;"NOSSA SENHORA DO SOCORRO";"Não guardar distância de segurança";"Colisão traseira";"Com Vítimas Feridas";"Pleno dia";"Decrescente";"Céu Claro";"Dupla";"Curva";"Sim";2;0;1;0;1;0;1;2;-10,90212319;-37,14494787;"SPRF-SE";"DEL01-SE";"UOP01-DEL01-SE"
235299;2019-09-14;"sábado";"07:30:00";"SC";101;115,5;"ITAJAI";"Condutor Dormindo";"Saída de leito carroçável";"Sem Vítimas";"Pleno dia";"Crescente";"Nublado";"Dupla";"Reta";"Sim";1;0;0;0;0;1;0;1;-26,87064015;-48,72954134;"SPRF-SC";"DEL04-SC";"UOP04-DEL04-SC"
235300;2019-09-14;"sábado";"07:50:00";"RS";158;247,5;"JULIO DE CASTILHOS";"Defeito Mecânico no Veículo";"Incêndio";"Sem Vítimas";"Pleno dia";"Crescente";"Céu Claro";"Simples";"Reta";"Não";1;0;0;0;1;0;0;1;-29,09161093;-53,6513374;"SPRF-RS";"DEL10-RS";"UOP02-DEL10-RS"
235301;2019-09-14;"sábado";"08:30:00";"MG";381;453,9;"BELO HORIZONTE";"Não guardar distância de segurança";"Colisão traseira";"Com Vítimas Feridas";"Pleno dia";"Decrescente";"Céu Claro";"Simples";"Reta";"Sim";2;0;1;0;1;0;1;2;-19,8412853;-43,87194872;"SPRF-MG";"DEL01-MG";"UOP01-DEL01-MG"
235303;2019-09-14;"sábado";"07:43:00";"RO";364;606,7;"ITAPUA DO OESTE";"Falta de Atenção à Condução";"Saída de leito carroçável";"Com Vítimas Feridas";"Pleno dia";"Decrescente";"Céu Claro";"Simples";"Reta";"Não";4;0;3;1;0;0;4;1;-9,1795951;-63,2012541;"SPRF-RO";"DEL03-RO";"UOP04-DEL01-RO"
235304;2019-09-14;"sábado";"09:20:00";"PR";376;659,3;"TIJUCAS DO SUL";"Velocidade Incompatível";"Saída de leito carroçável";"Com Vítimas Feridas";"Pleno dia";"Decrescente";"Garoa/Chuvisco";"Dupla";"Curva";"Não";4;0;1;0;3;0;1;1;-25,846842;-49,00501;"SPRF-PR";"DEL01-PR";"UOP04-DEL01-PR"
235307;2019-09-14;"sábado";"10:15:00";"ES";262;88;"DOMINGOS MARTINS";"Desobediência às normas de trânsito pelo condutor";"Colisão transversal";"Com Vítimas Feridas";"Pleno dia";"Decrescente";"Céu Claro";"Simples";"Reta";"Não";2;0;0;1;1;0;1;2;-20,39120365;-41,0098457;"SPRF-ES";"DEL01-ES";"UOP02-DEL01-ES"
235308;2019-08-31;"sábado";"18:00:00";"PR";277;68;"SAO JOSE DOS PINHAIS";"Falta de Atenção à Condução";"Colisão lateral";"Com Vítimas Feridas";"Plena Noite";"Crescente";"Chuva";"Dupla";"Reta";"Sim";3;0;1;0;1;1;1;3;-25,54112281;-49,06183391;"SPRF-PR";"DEL01-PR";"UOP07-DEL01-PR"
235309;2019-09-14;"sábado";"09:10:00";"PR";476;131,7;"CURITIBA";"Defeito Mecânico no Veículo";"Colisão lateral";"Com Vítimas Feridas";"Pleno dia";"Crescente";"Nublado";"Dupla";"Curva";"Sim";3;0;2;0;1;0;2;2;-25,453636;-49,245155;"SPRF-PR";"DEL01-PR";"UOP03-DEL01-PR"
235310;2019-09-14;"sábado";"08:40:00";"BA";116;824;"VITORIA DA CONQUISTA";"Falta de Atenção à Condução";"Colisão lateral";"Com Vítimas Feridas";"Pleno dia";"Crescente";"Céu Claro";"Simples";"Reta";"Sim";2;0;1;0;1;0;1;2;-14,86162367;-40,84995747;"SPRF-BA";"DEL08-BA";"UOP01-DEL08-BA"
235312;2019-09-14;"sábado";"09:15:00";"RJ";116;255;"PIRAI";"Não guardar distância de segurança";"Colisão traseira";"Sem Vítimas";"Pleno dia";"Crescente";"Céu Claro";"Múltipla";"Aclive";"Não";3;0;0;0;3;0;0;1;-22,58171235;-43,99533787;"SPRF-RJ";"DEL07-RJ";"UOP02-DEL07-RJ"
235314;2019-09-14;"sábado";"10:50:00";"RN";304;299,2;"MACAIBA";"Avarias e/ou desgaste excessivo no pneu";"Saída de leito carroçável";"Com Vítimas Feridas";"Pleno dia";"Crescente";"Céu Claro";"Dupla";"Reta";"Não";5;0;3;2;0;0;5;1;-5,87095859;-35,32359587;"SPRF-RN";"DEL01-RN";"UOP02-DEL01-RN"
235315;2019-09-14;"sábado";"10:35:00";"GO";153;496,7;"GOIANIA";"Não guardar distância de segurança";"Colisão traseira";"Com Vítimas Feridas";"Pleno dia";"Decrescente";"Céu Claro";"Dupla";"Reta";"Sim";3;0;1;0;2;0;1;2;-16,675052;-49,229881;"SPRF-GO";"DEL01-GO";"UOP01-DEL01-GO"
235318;2019-09-14;"sábado";"10:30:00";"RJ";101;512;"ANGRA DOS REIS";"Falta de Atenção à Condução";"Colisão lateral";"Com Vítimas Feridas";"Pleno dia";"Decrescente";"Nublado";"Simples";"Reta";"Sim";2;0;1;0;1;0;1;2;-22,96909;-44,44151;"SPRF-RJ";"DEL03-RJ";"UOP02-DEL03-RJ"
235321;2019-09-14;"sábado";"08:55:00";"RS";116;149,2;"CAXIAS DO SUL";"Falta de Atenção à Condução";"Colisão traseira";"Com Vítimas Feridas";"Pleno dia";"Crescente";"Nublado";"Múltipla";"Curva";"Sim";2;0;1;0;1;0;1;2;-29,16205532;-51,15696788;"SPRF-RS";"DEL05-RS";"UOP01-DEL05-RS"
235323;2019-09-14;"sábado";"11:00:00";"CE";116;360,6;"ICO";"Velocidade Incompatível";"Saída de leito carroçável";"Com Vítimas Fatais";"Pleno dia";"Decrescente";"Céu Claro";"Simples";"Curva";"Sim";1;1;0;0;0;0;0;1;-6,31646798;-38,73232305;"SPRF-CE";"DEL05-CE";"UOP01-DEL05-CE"
235324;2019-09-14;"sábado";"11:00:00";"PB";230;26;"JOAO PESSOA";"Falta de Atenção à Condução";"Colisão traseira";"Com Vítimas Feridas";"Pleno dia";"Crescente";"Céu Claro";"Dupla";"Reta";"Sim";3;0;1;0;2;0;1;2;-7,1693;-34,8782;"SPRF-PB";"DEL01-PB";"UOP01-DEL01-PB"
235325;2019-09-14;"sábado";"10:48:00";"AL";104;34;"UNIAO DOS PALMARES";"Falta de Atenção à Condução";"Colisão lateral";"Com Vítimas Feridas";"Pleno dia";"Decrescente";"Céu Claro";"Simples";"Curva";"Sim";2;0;1;0;1;0;1;2;-9,15381;-36,01296413;"SPRF-AL";"DEL01-AL";"UOP02-DEL01-AL"
235326;2019-09-14;"sábado";"12:10:00";"BA";116;499;"SANTA TERESINHA";"Não guardar distância de segurança";"Colisão traseira";"Sem Vítimas";"Pleno dia";"Crescente";"Céu Claro";"Simples";"Reta";"Não";2;0;0;0;2;0;0;2;-12,5856623;-39,52239348;"SPRF-BA";"DEL03-BA";"UOP02-DEL03-BA"
235327;2019-09-14;"sábado";"12:15:00";"PR";369;177,4;"ROLANDIA";"Objeto estático sobre o leito carroçável";"Queda de ocupante de veículo";"Com Vítimas Feridas";"Pleno dia";"Crescente";"Sol";"Dupla";"Reta";"Sim";1;0;1;0;0;0;1;1;-23,3524608;-51,3891077;"SPRF-PR";"DEL07-PR";"UOP01-DEL07-PR"
235330;2019-09-14;"sábado";"12:30:00";"MG";40;623,8;"CONSELHEIRO LAFAIETE";"Falta de Atenção à Condução";"Saída de leito carroçável";"Com Vítimas Feridas";"Pleno dia";"Decrescente";"Céu Claro";"Simples";"Curva";"Não";1;0;1;0;0;0;1;1;-20,60381417;-43,80782783;"SPRF-MG";"DEL05-MG";"UOP02-DEL05-MG"
235331;2019-09-14;"sábado";"12:25:00";"PE";423;91,8;"GARANHUNS";"Objeto estático sobre o leito carroçável";"Colisão com objeto estático";"Com Vítimas Feridas";"Pleno dia";"Decrescente";"Céu Claro";"Simples";"Reta";"Sim";2;0;1;0;1;0;1;2;-8,860162;-36,46437;"SPRF-PE";"DEL03-PE";"UOP01-DEL03-PE"
235333;2019-09-14;"sábado";"10:50:00";"PR";280;277,2;"MARMELEIRO";"Falta de Atenção à Condução";"Saída de leito carroçável";"Com Vítimas Feridas";"Pleno dia";"Crescente";"Nublado";"Simples";"Curva";"Não";1;0;0;1;0;0;1;1;-26,2430622;-53,19739588;"SPRF-PR";"DEL02-PR";"UOP01-DEL02-PR"
235335;2019-03-11;"segunda-feira";"07:50:00";"RS";285;335;"CARAZINHO";"Falta de Atenção à Condução";"Colisão traseira";"Com Vítimas Feridas";"Pleno dia";"Crescente";"Céu Claro";"Simples";"Reta";"Não";3;0;2;0;1;0;2;2;-28,314695;-52,750206;"SPRF-RS";"DEL08-RS";"UOP03-DEL08-RS"
235337;2019-09-14;"sábado";"13:40:00";"PR";373;261,6;"PRUDENTOPOLIS";"Defeito Mecânico no Veículo";"Queda de ocupante de veículo";"Com Vítimas Feridas";"Pleno dia";"Crescente";"Céu Claro";"Simples";"Reta;Aclive";"Não";2;0;2;0;0;0;2;1;-25,2015014;-50,95333903;"SPRF-PR";"DEL03-PR";"UOP01-DEL03-PR"
235338;2019-09-14;"sábado";"13:20:00";"RS";101;80,1;"OSORIO";"Falta de Atenção à Condução";"Saída de leito carroçável";"Sem Vítimas";"Pleno dia";"Decrescente";"Nublado";"Dupla";"Reta";"Não";1;0;0;0;0;1;0;1;-29,83475603;-50,24628662;"SPRF-RS";"DEL03-RS";"UOP01-DEL03-RS"
235339;2019-08-17;"sábado";"15:30:00";"GO";60;109;"GOIANAPOLIS";"Desobediência às normas de trânsito pelo condutor";"Colisão lateral";"Com Vítimas Feridas";"Pleno dia";"Decrescente";"Sol";"Dupla";"Curva";"Não";3;0;1;2;0;0;3;2;-16,44456429;-49,01929021;"SPRF-GO";"DEL01-GO";"UOP01-DEL01-GO"
235340;2019-09-14;"sábado";"14:00:00";"PR";153;335,9;"IRATI";"Falta de Atenção à Condução";"Colisão transversal";"Com Vítimas Feridas";"Pleno dia";"Decrescente";"Sol";"Simples";"Reta";"Não";2;0;1;0;1;0;1;2;-25,48894141;-50,64508883;"SPRF-PR";"DEL03-PR";"UOP02-DEL08-PR"
235344;2019-09-14;"sábado";"14:05:00";"PR";158;532;"PATO BRANCO";"Defeito Mecânico no Veículo";"Incêndio";"Sem Vítimas";"Pleno dia";"Crescente";"Céu Claro";"Simples";"Reta";"Não";1;0;0;0;1;0;0;1;-26,21099702;-52,6807167;"SPRF-PR";"DEL02-PR";"UOP01-DEL02-PR"
235345;2019-09-14;"sábado";"14:30:00";"SP";116;282,4;"EMBU DAS ARTES";"Falta de Atenção à Condução";"Colisão traseira";"Com Vítimas Feridas";"Pleno dia";"Crescente";"Nublado";"Dupla";"Reta";"Sim";2;0;1;0;1;0;1;2;-23,66165449;-46,85272347;"SPRF-SP";"DEL04-SP";"UOP01-DEL04-SP"
235349;2019-09-14;"sábado";"14:30:00";"SC";470;1;"NAVEGANTES";"Falta de Atenção do Pedestre";"Atropelamento de Pedestre";"Com Vítimas Feridas";"Pleno dia";"Crescente";"Nublado";"Dupla";"Reta";"Não";2;0;0;1;1;0;1;2;-26,875383;-48,668285;"SPRF-SC";"DEL04-SC";"UOP04-DEL04-SC"
235351;2019-09-14;"sábado";"15:10:00";"RN";101;80,9;"SAO GONCALO DO AMARANTE";"Desobediência às normas de trânsito pelo condutor";"Colisão lateral";"Com Vítimas Feridas";"Pleno dia";"Crescente";"Céu Claro";"Dupla";"Interseção de Vias";"Sim";3;0;1;1;1;0;2;2;-5,76322891;-35,28722763;"SPRF-RN";"DEL02-RN";"UOP01-DEL02-RN"
235352;2019-09-14;"sábado";"14:40:00";"SC";101;235,9;"PALHOCA";"Falta de Atenção à Condução";"Tombamento";"Com Vítimas Feridas";"Pleno dia";"Crescente";"Nublado";"Simples";"Curva";"Sim";1;0;1;0;0;0;1;1;-27,8177775;-48,6315025;"SPRF-SC";"DEL01-SC";"UOP02-DEL01-SC"
235353;2019-09-14;"sábado";"14:30:00";"SP";116;146;"SAO JOSE DOS CAMPOS";"Ultrapassagem Indevida";"Colisão lateral";"Com Vítimas Feridas";"Pleno dia";"Decrescente";"Céu Claro";"Dupla";"Declive";"Sim";1;0;1;0;0;0;1;1;-23,19122919;-45,86327591;"SPRF-SP";"DEL02-SP";"UOP01-DEL02-SP"
235354;2019-09-14;"sábado";"15:00:00";"PR";369;45,1;"BANDEIRANTES";"Avarias e/ou desgaste excessivo no pneu";"Tombamento";"Com Vítimas Feridas";"Pleno dia";"Crescente";"Sol";"Simples";"Reta;Aclive";"Não";2;0;2;0;0;0;2;1;-23,088399;-50,292096;"SPRF-PR";"DEL07-PR";"UOP05-DEL07-PR"
235355;2019-09-14;"sábado";"15:15:00";"GO";50;157,1;"CAMPO ALEGRE DE GOIAS";"Falta de Atenção à Condução";"Saída de leito carroçável";"Com Vítimas Feridas";"Pleno dia";"Decrescente";"Céu Claro";"Dupla";"Curva";"Não";1;0;1;0;0;0;1;1;-17,2285;-47,759;"SPRF-GO";"DEL06-GO";"UOP01-DEL06-GO"
235356;2019-09-14;"sábado";"15:30:00";"MG";381;602,5;"OLIVEIRA";"Falta de Atenção à Condução";"Colisão com objeto estático";"Com Vítimas Feridas";"Pleno dia";"Decrescente";"Céu Claro";"Dupla";"Reta;Aclive";"Não";3;0;2;0;1;0;2;1;-20,61343465;-44,73563075;"SPRF-MG";"DEL04-MG";"UOP01-DEL04-MG"
235359;2019-09-14;"sábado";"15:27:00";"PE";101;65;"RECIFE";"Falta de Atenção à Condução";"Colisão traseira";"Com Vítimas Feridas";"Pleno dia";"Decrescente";"Céu Claro";"Dupla";"Reta";"Sim";5;0;4;0;1;0;4;2;-8,02478597;-34,94276635;"SPRF-PE";"DEL01-PE";"UOP01-DEL01-PE"
235360;2019-09-14;"sábado";"14:10:00";"SC";282;82,8;"ALFREDO WAGNER";"Velocidade Incompatível";"Saída de leito carroçável";"Com Vítimas Feridas";"Pleno dia";"Decrescente";"Chuva";"Simples";"Reta";"Não";5;0;2;3;0;0;5;1;-27,66577938;-49,17737961;"SPRF-SC";"DEL01-SC";"UOP03-DEL01-SC"
235361;2019-09-14;"sábado";"16:00:00";"PE";232;113,9;"BEZERROS";"Velocidade Incompatível";"Saída de leito carroçável";"Com Vítimas Feridas";"Pleno dia";"Crescente";"Sol";"Dupla";"Reta";"Sim";3;0;1;0;2;0;1;1;-8,29906533;-35,8402169;"SPRF-PE";"DEL02-PE";"UOP03-DEL02-PE"
235362;2019-09-14;"sábado";"14:40:00";"BA";407;126;"SENHOR DO BONFIM";"Falta de Atenção à Condução";"Colisão traseira";"Com Vítimas Feridas";"Pleno dia";"Crescente";"Céu Claro";"Simples";"Rotatória";"Sim";3;0;1;1;0;1;2;2;-10,4558193;-40,18119143;"SPRF-BA";"DEL04-BA";"UOP01-DEL04-BA"
235363;2019-09-14;"sábado";"11:45:00";"MG";365;130,1;"VARZEA DA PALMA";"Falta de Atenção à Condução";"Colisão com objeto estático";"Com Vítimas Feridas";"Pleno dia";"Decrescente";"Sol";"Simples";"Reta";"Não";1;0;1;0;0;0;1;1;-17,14942873;-44,77300029;"SPRF-MG";"DEL12-MG";"UOP01-DEL12-MG"
235364;2019-09-14;"sábado";"16:25:00";"MG";40;564;"NOVA LIMA";"Desobediência às normas de trânsito pelo condutor";"Colisão transversal";"Sem Vítimas";"Pleno dia";"Crescente";"Céu Claro";"Simples";"Reta";"Sim";10;0;0;0;10;0;0;2;-20,16086012;-43,96464349;"SPRF-MG";"DEL01-MG";"UOP02-DEL01-MG"
235366;2019-09-14;"sábado";"16:30:00";"ES";101;265,1;"SERRA";"Condutor Dormindo";"Colisão com objeto estático";"Com Vítimas Feridas";"Pleno dia";"Decrescente";"Nublado";"Dupla";"Reta";"Sim";5;0;4;0;1;0;4;2;-20,1816849;-40,26536036;"SPRF-ES";"DEL02-ES";"UOP01-DEL02-ES"
235367;2019-09-14;"sábado";"17:00:00";"RN";101;82;"SAO GONCALO DO AMARANTE";"Defeito Mecânico no Veículo";"Queda de ocupante de veículo";"Com Vítimas Feridas";"Anoitecer";"Crescente";"Céu Claro";"Dupla";"Reta";"Sim";1;0;1;0;0;0;1;1;-5,76791511;-35,27456305;"SPRF-RN";"DEL02-RN";"UOP01-DEL02-RN"
235370;2019-09-14;"sábado";"11:30:00";"SC";280;70,6;"JARAGUA DO SUL";"Desobediência às normas de trânsito pelo condutor";"Colisão transversal";"Com Vítimas Feridas";"Pleno dia";"Decrescente";"Garoa/Chuvisco";"Simples";"Interseção de Vias";"Não";3;0;0;2;1;0;2;2;-26,46310082;-49,13136363;"SPRF-SC";"DEL03-SC";"UOP03-DEL03-SC"
235371;2019-09-14;"sábado";"13:50:00";"MT";70;273;"PRIMAVERA DO LESTE";"Falta de Atenção à Condução";"Queda de ocupante de veículo";"Com Vítimas Feridas";"Pleno dia";"Crescente";"Céu Claro";"Simples";"Reta";"Não";1;0;1;0;0;0;1;1;-15,54158116;-54,23761592;"SPRF-MT";"DEL05-MT";"UOP01-DEL05-MT"
235372;2019-09-14;"sábado";"11:00:00";"RJ";495;0;"PETROPOLIS";"Condutor Dormindo";"Colisão frontal";"Com Vítimas Feridas";"Pleno dia";"Crescente";"Céu Claro";"Simples";"Curva;Aclive";"Não";4;0;4;0;0;0;4;2;-22,40942714;-43,09994275;"SPRF-RJ";"DEL04-RJ";"UOP01-DEL04-RJ"