"id";"data_inversa";"dia_semana";"horario";"uf";"br";"km";"municipio";"causa_acidente";"tipo_acidente";"classificacao_acidente";"fase_dia";"sentido_via";"condicao_metereologica";"tipo_pista";"tracado_via";"uso_solo";"pessoas";"mortos";"feridos_leves";"feridos_graves";"ilesos";"ignorados";"feridos";"veiculos";"latitude";"longitude";"regional";"delegacia";"uop"
235374;2019-09-14;"sábado";"15:50:00";"SC";282;229,1;"LAGES";"Velocidade Incompatível";"Saída de leito carroçável";"Com Vítimas Feridas";"Pleno dia";"Crescente";"Nublado";"Simples";"Curva";"Não";3;0;2;0;1;0;2;1;-27,791073;-50,416897;"SPRF-SC";"DEL05-SC";"UOP02-DEL05-SC"
235375;2019-09-14;"sábado";"16:30:00";"DF";80;26,9;"BRASILIA";"Ingestão de Álcool";"Colisão com objeto estático";"Sem Vítimas";"Pleno dia";"Crescente";"Céu Claro";"Simples";"Declive;Curva";"Não";1;0;0;0;1;0;0;1;-15,612259;-48,198044;"SPRF-DF";"DEL01-DF";"UOP02-DEL03-DF"
235377;2019-09-14;"sábado";"15:30:00";"PE";232;335;"CUSTODIA";"Falta de Atenção à Condução";"Colisão transversal";"Com Vítimas Feridas";"Pleno dia";"Crescente";"Céu Claro";"Simples";"Reta";"Não";3;0;0;2;0;1;2;2;-8,0843408;-37,64570494;"SPRF-PE";"DEL03-PE";"UOP02-DEL03-PE"
235378;2019-09-14;"sábado";"16:30:00";"PE";423;69,3;"JUPI";"Falta de Atenção à Condução";"Colisão frontal";"Com Vítimas Feridas";"Pleno dia";"Crescente";"Céu Claro";"Simples";"Reta";"Não";2;0;0;1;1;0;1;2;-8,67648714;-36,40182687;"SPRF-PE";"DEL03-PE";"UOP01-DEL03-PE"
235379;2019-09-14;"sábado";"13:00:00";"MT";70;760,8;"CACERES";"Agressão Externa";"Saída de leito carroçável";"Com Vítimas Fatais";"Pleno dia";"Crescente";"Céu Claro";"Simples";"Reta";"Não";2;1;1;0;0;0;1;1;-16,08765242;-57,86482595;"SPRF-MT";"DEL03-MT";"UOP01-DEL03-MT"
235380;2019-09-14;"sábado";"17:50:00";"SC";101;157;"PORTO BELO";"Falta de Atenção à Condução";"Colisão lateral";"Com Vítimas Feridas";"Anoitecer";"Crescente";"Céu Claro";"Dupla";"Reta";"Não";2;0;2;0;0;0;2;2;-27,181625;-48,6121179;"SPRF-SC";"DEL04-SC";"UOP03-DEL04-SC"
235381;2019-09-14;"sábado";"17:33:00";"ES";101;270;"SERRA";"Falta de Atenção à Condução";"Colisão transversal";"Com Vítimas Feridas";"Anoitecer";"Crescente";"Céu Claro";"Múltipla";"Reta";"Sim";2;0;0;1;0;1;1;2;-20,22662056;-40,27075088;"SPRF-ES";"DEL02-ES";"UOP01-DEL02-ES"
235382;2019-09-14;"sábado";"17:25:00";"GO";40;19,1;"LUZIANIA";"Ingestão de Álcool";"Capotamento";"Com Vítimas Feridas";"Pleno dia";"Decrescente";"Céu Claro";"Dupla";"Reta";"Sim";2;0;0;2;0;0;2;1;-16,201556;-47,921314;"SPRF-DF";"DEL01-DF";"UOP01-DEL01-DF"
235383;2019-09-14;"sábado";"16:00:00";"PI";343;3,8;"TERESINA";"Não guardar distância de segurança";"Colisão traseira";"Sem Vítimas";"Pleno dia";"Decrescente";"Sol";"Múltipla";"Interseção de Vias";"Sim";3;0;0;0;1;2;0;3;-5,089569;-42,802288;"SPRF-PI";"DEL01-PI";"UOP01-DEL01-PI"
235384;2019-09-10;"terça-feira";"15:50:00";"RS";480;67,6;"BARAO DE COTEGIPE";"Não guardar distância de segurança";"Colisão traseira";"Sem Vítimas";"Pleno dia";"Decrescente";"Céu Claro";"Simples";"Reta";"Sim";2;0;0;0;2;0;0;2;-27,63591639;-52,35183318;"SPRF-RS";"DEL08-RS";"UOP04-DEL08-RS"
235387;2019-09-14;"sábado";"18:35:00";"SC";470;56;"BLUMENAU";"Ingestão de Álcool";"Atropelamento de Pedestre";"Com Vítimas Feridas";"Plena Noite";"Decrescente";"Garoa/Chuvisco";"Simples";"Reta";"Sim";2;0;1;0;1;0;1;2;-26,8774162;-49,12979722;"SPRF-SC";"DEL04-SC";"UOP01-DEL04-SC"
235388;2019-09-14;"sábado";"18:30:00";"ES";101;334;"GUARAPARI";"Falta de Atenção à Condução";"Colisão traseira";"Com Vítimas Feridas";"Plena Noite";"Crescente";"Céu Claro";"Simples";"Reta";"Não";2;0;1;0;1;0;1;2;-20,6213791;-40,52011191;"SPRF-ES";"DEL03-ES";"UOP01-DEL03-ES"
235390;2019-09-14;"sábado";"18:15:00";"PE";316;33,7;"ARARIPINA";"Ingestão de Álcool";"Colisão lateral";"Com Vítimas Feridas";"Anoitecer";"Crescente";"Céu Claro";"Simples";"Reta";"Não";5;0;2;0;2;1;2;2;-7,63446174;-40,44091289;"SPRF-PE";"DEL05-PE";"UOP02-DEL05-PE"
235392;2019-09-14;"sábado";"18:10:00";"RS";101;39,9;"TRES FORQUILHAS";"Falta de Atenção à Condução";"Saída de leito carroçável";"Com Vítimas Feridas";"Plena Noite";"Crescente";"Nublado";"Simples";"Reta";"Sim";5;0;4;0;1;0;4;1;-29,53409619;-50,01717704;"SPRF-RS";"DEL03-RS";"UOP02-DEL03-RS"
235394;2019-09-14;"sábado";"19:10:00";"PE";232;51,4;"VITORIA DE SANTO ANTAO";"Ultrapassagem Indevida";"Capotamento";"Sem Vítimas";"Plena Noite";"Crescente";"Céu Claro";"Dupla";"Reta";"Sim";3;0;0;0;2;1;0;2;-8,13823439;-35,33196918;"SPRF-PE";"DEL01-PE";"UOP02-DEL02PE"
235396;2019-09-14;"sábado";"19:05:00";"ES";101;146;"LINHARES";"Desobediência às normas de trânsito pelo condutor";"Colisão transversal";"Com Vítimas Feridas";"Plena Noite";"Decrescente";"Céu Claro";"Simples";"Interseção de Vias;Retorno Regulamentado;Reta";"Não";3;0;2;0;1;0;2;2;-19,36990998;-40,06560718;"SPRF-ES";"DEL04-ES";"UOP01-DEL04-ES"
235398;2019-09-14;"sábado";"19:15:00";"RS";287;248;"SANTA MARIA";"Falta de Atenção à Condução";"Colisão transversal";"Sem Vítimas";"Plena Noite";"Crescente";"Céu Claro";"Simples";"Reta;Em Obras";"Sim";4;0;0;0;3;1;0;2;-29,696018;-53,850956;"SPRF-RS";"DEL09-RS";"UOP01-DEL09-RS"
235400;2019-09-14;"sábado";"18:44:00";"MT";70;528;"VARZEA GRANDE";"Falta de Atenção à Condução";"Queda de ocupante de veículo";"Com Vítimas Feridas";"Plena Noite";"Decrescente";"Céu Claro";"Simples";"Rotatória";"Não";1;0;1;0;0;0;1;1;-15,649207;-56,19486;"SPRF-MT";"DEL01-MT";"DEL2/4-UOP02/MT"
235401;2019-09-14;"sábado";"17:30:00";"MS";163;373;"NOVA ALVORADA DO SUL";"Ingestão de Álcool";"Colisão traseira";"Com Vítimas Feridas";"Anoitecer";"Crescente";"Céu Claro";"Dupla";"Reta";"Não";2;0;1;0;1;0;1;2;-21,40151579;-54,40400077;"SPRF-MS";"DEL02-MS";"UOP01-DEL02-MS"
235404;2019-09-14;"sábado";"19:40:00";"PR";369;493,8;"CORBELIA";"Falta de Atenção à Condução";"Colisão traseira";"Com Vítimas Feridas";"Plena Noite";"Crescente";"Céu Claro";"Dupla";"Reta";"Não";3;0;2;0;1;0;2;2;-24,7382;-53,2594;"SPRF-PR";"DEL04-PR";"UOP03-DEL04-PR"
235406;2019-09-14;"sábado";"19:15:00";"MG";116;761,7;"LEOPOLDINA";"Velocidade Incompatível";"Colisão traseira";"Com Vítimas Feridas";"Plena Noite";"Crescente";"Nublado";"Simples";"Reta";"Sim";2;0;1;0;1;0;1;2;-21,52239155;-42,61768341;"SPRF-MG";"DEL07-MG";"UOP01-DEL07-MG"
235407;2019-09-14;"sábado";"20:12:00";"PR";277;15;"PARANAGUA";"Falta de Atenção à Condução";"Queda de ocupante de veículo";"Com Vítimas Feridas";"Plena Noite";"Crescente";"Céu Claro";"Dupla";"Reta";"Não";1;0;1;0;0;0;1;1;-25,568198;-48,615292;"SPRF-PR";"DEL01-PR";"UOP05-DEL01-PR"
235408;2019-09-14;"sábado";"19:35:00";"PR";376;2;"MANDAGUARI";"Ingestão de álcool e/ou substâncias psicoativas pelo pedestre";"Atropelamento de Pedestre";"Com Vítimas Feridas";"Plena Noite";"Decrescente";"Céu Claro";"Simples";"Reta";"Sim";2;0;0;1;1;0;1;2;-23,547966;-51,671265;"SPRF-PR";"DEL07-PR";"UOP01-DEL09-PR"
235409;2019-09-14;"sábado";"19:20:00";"PE";428;185,8;"PETROLINA";"Falta de Atenção à Condução";"Colisão transversal";"Sem Vítimas";"Plena Noite";"Decrescente";"Céu Claro";"Simples";"Interseção de Vias";"Sim";2;0;0;0;2;0;0;2;-9,35763147;-40,47927618;"SPRF-PE";"DEL06-PE";"UOP01-DEL06-PE"
235411;2019-09-14;"sábado";"19:39:00";"MT";163;843;"SINOP";"Desobediência às normas de trânsito pelo condutor";"Colisão transversal";"Com Vítimas Feridas";"Plena Noite";"Decrescente";"Céu Claro";"Simples";"Declive";"Sim";4;0;2;0;2;0;2;2;-11,91612191;-55,50952235;"SPRF-MT";"DEL06-MT";"UOP02-DEL06-MT"
235412;2019-09-14;"sábado";"19:45:00";"MG";40;523,9;"CONTAGEM";"Animais na Pista";"Atropelamento de Animal";"Com Vítimas Feridas";"Plena Noite";"Decrescente";"Céu Claro";"Dupla";"Reta";"Sim";1;0;1;0;0;0;1;1;-19,86874894;-44,05962197;"SPRF-MG";"DEL01-MG";"UOP02-DEL01-MG"
235413;2019-09-14;"sábado";"19:50:00";"AP";210;3;"MACAPA";"Ingestão de Álcool";"Colisão frontal";"Com Vítimas Feridas";"Plena Noite";"Decrescente";"Céu Claro";"Simples";"Reta";"Sim";6;0;3;0;2;1;3;2;0,08723365;-51,08569007;"SPRF-AP";"DEL01-AP";"UOP01-DEL01-AP"
235415;2019-09-14;"sábado";"20:40:00";"ES";101;294;"CARIACICA";"Ingestão de Álcool";"Colisão lateral";"Com Vítimas Feridas";"Plena Noite";"Crescente";"Céu Claro";"Dupla";"Reta;Aclive";"Não";2;0;1;0;1;0;1;2;-20,32422482;-40,39511919;"SPRF-ES";"DEL01-ES";"UOP01-DEL01-ES"
235416;2019-09-14;"sábado";"20:30:00";"PE";232;212;"PESQUEIRA";"Falta de Atenção à Condução";"Colisão frontal";"Com Vítimas Fatais";"Plena Noite";"Crescente";"Céu Claro";"Simples";"Reta";"Sim";3;1;0;2;0;0;2;2;-8,37328104;-36,71376998;"SPRF-PE";"DEL02-PE";"UOP03-DEL02-PE"
235418;2019-09-14;"sábado";"19:00:00";"PE";232;409,3;"SERRA TALHADA";"Falta de Atenção do Pedestre";"Atropelamento de Pedestre";"Com Vítimas Feridas";"Plena Noite";"Crescente";"Céu Claro";"Simples";"Reta";"Sim";2;0;0;1;1;0;1;2;-7,981944;-38,289467;"SPRF-PE";"DEL04-PE";"UOP01-DEL04-PE"
235419;2019-09-14;"sábado";"20:15:00";"MG";40;546,5;"NOVA LIMA";"Falta de Atenção do Pedestre";"Atropelamento de Pedestre";"Com Vítimas Feridas";"Plena Noite";"Decrescente";"Céu Claro";"Dupla";"Curva";"Não";2;0;0;1;1;0;1;2;-20,01444685;-43,96893823;"SPRF-MG";"DEL01-MG";"UOP02-DEL01-MG"
235421;2019-09-14;"sábado";"21:00:00";"PE";232;18;"JABOATAO DOS GUARARAPES";"Animais na Pista";"Atropelamento de Animal";"Com Vítimas Feridas";"Plena Noite";"Decrescente";"Nublado";"Dupla";"Reta";"Não";1;0;1;0;0;0;1;1;-8,09696393;-35,054484;"SPRF-PE";"DEL01-PE";"UOP01-DEL01-PE"
235424;2019-09-14;"sábado";"20:00:00";"RN";406;162,2;"CEARA-MIRIM";"Ingestão de Álcool";"Saída de leito carroçável";"Sem Vítimas";"Plena Noite";"Decrescente";"Céu Claro";"Simples";"Aclive";"Sim";1;0;0;0;0;1;0;1;-5,7280941;-35,36099113;"SPRF-RN";"DEL02-RN";"UOP01-DEL02-RN"
235426;2019-09-14;"sábado";"17:15:00";"MG";262;405;"PARA DE MINAS";"Ingestão de Álcool";"Capotamento";"Com Vítimas Feridas";"Pleno dia";"Crescente";"Céu Claro";"Dupla";"Curva";"Não";1;0;1;0;0;0;1;1;-19,88921326;-44,58977508;"SPRF-MG";"DEL08-MG";"UOP03-DEL08-MG"
235427;2019-09-14;"sábado";"19:30:00";"MA";135;2;"SAO LUIS";"Ingestão de Álcool";"Colisão traseira";"Com Vítimas Feridas";"Plena Noite";"Decrescente";"Céu Claro";"Dupla";"Reta";"Sim";2;0;1;0;1;0;1;2;-2,59806699;-44,24573511;"SPRF-MA";"DEL01-MA";"UOP01-DEL01-MA"
235428;2019-09-14;"sábado";"21:00:00";"SP";116;217;"GUARULHOS";"Falta de Atenção à Condução";"Colisão traseira";"Com Vítimas Feridas";"Plena Noite";"Decrescente";"Nublado";"Múltipla";"Aclive";"Sim";2;0;1;0;0;1;1;2;-23,4566276;-46,47704852;"SPRF-SP";"DEL01-SP";"UOP01-DEL01-SP"
235429;2019-09-14;"sábado";"21:00:00";"SC";280;24;"ARAQUARI";"Ingestão de Álcool";"Colisão transversal";"Sem Vítimas";"Plena Noite";"Crescente";"Garoa/Chuvisco";"Simples";"Reta";"Não";2;0;0;0;2;0;0;2;-26,37724921;-48,71953282;"SPRF-SC";"DEL03-SC";"UOP03-DEL03-SC"
235431;2019-09-14;"sábado";"19:00:00";"RO";364;340;"JI-PARANA";"Não guardar distância de segurança";"Colisão traseira";"Com Vítimas Feridas";"Plena Noite";"Crescente";"Céu Claro";"Dupla";"Reta";"Sim";2;0;1;0;1;0;1;2;-10,898802;-61,93046;"SPRF-RO";"DEL02-RO";"UOP01-DEL02-RO"
235432;2019-09-14;"sábado";"18:55:00";"AP";156;819;"OIAPOQUE";"Ingestão de Álcool";"Colisão transversal";"Com Vítimas Feridas";"Plena Noite";"Decrescente";"Céu Claro";"Simples";"Reta";"Sim";2;0;2;0;0;0;2;2;3,83552896;-51,80935802;"SPRF-AP";"DEL01-AP";"UOP03-DEL01-AP"
235434;2019-09-14;"sábado";"22:30:00";"SC";101;220;"PALHOCA";"Falta de Atenção à Condução";"Tombamento";"Com Vítimas Feridas";"Plena Noite";"Crescente";"Céu Claro";"Simples";"Curva";"Sim";1;0;0;1;0;0;1;1;-27,69198941;-48,66368358;"SPRF-SC";"DEL01-SC";"UOP02-DEL01-SC"
235435;2019-09-14;"sábado";"21:30:00";"GO";60;109;"GOIANAPOLIS";"Velocidade Incompatível";"Colisão com objeto estático";"Sem Vítimas";"Plena Noite";"Crescente";"Céu Claro";"Dupla";"Reta";"Não";3;0;0;0;3;0;0;2;-16,44859791;-49,02528763;"SPRF-GO";"DEL01-GO";"UOP01-DEL01-GO"
235436;2019-09-14;"sábado";"21:50:00";"GO";153;438;"ANAPOLIS";"Ingestão de Álcool";"Colisão com objeto estático";"Sem Vítimas";"Plena Noite";"Crescente";"Céu Claro";"Dupla";"Curva";"Sim";1;0;0;0;1;0;0;1;-16,291595;-48,934811;"SPRF-GO";"DEL02-GO";"UOP01-DEL02-GO"
235438;2019-09-14;"sábado";"19:30:00";"MT";163;728;"SORRISO";"Velocidade Incompatível";"Capotamento";"Com Vítimas Feridas";"Plena Noite";"Decrescente";"Céu Claro";"Simples";"Reta";"Não";1;0;1;0;0;0;1;1;-12,85395281;-55,82996748;"SPRF-MT";"DEL06-MT";"UOP01-DEL06-MT"
235439;2019-09-14;"sábado";"20:20:00";"MT";163;828,1;"SINOP";"Mal Súbito";"Saída de leito carroçável";"Com Vítimas Feridas";"Plena Noite";"Crescente";"Céu Claro";"Dupla";"Reta";"Sim";1;0;1;0;0;0;1;1;-12,049672;-55,51738084;"SPRF-MT";"DEL06-MT";"UOP01-DEL06-MT"
235441;2019-09-14;"sábado";"21:25:00";"PE";424;70,8;"CAETES";"Ingestão de Álcool";"Colisão frontal";"Com Vítimas Fatais";"Plena Noite";"Crescente";"Céu Claro";"Simples";"Reta;Aclive";"Não";4;1;0;1;2;0;1;3;-8,77912908;-36,62060205;"SPRF-PE";"DEL03-PE";"UOP01-DEL03-PE"
235442;2019-09-14;"sábado";"19:00:00";"RJ";40;59;"PETROPOLIS";"Falta de Atenção à Condução";"Capotamento";"Com Vítimas Feridas";"Plena Noite";"Decrescente";"Nublado";"Dupla";"Curva";"Não";2;0;2;0;0;0;2;1;-22,38628773;-43,13543464;"SPRF-RJ";"DEL06-RJ";"UOP01-DEL06-RJ"
235444;2019-09-14;"sábado";"23:10:00";"SC";101;214,9;"PALHOCA";"Velocidade Incompatível";"Colisão traseira";"Com Vítimas Feridas";"Plena Noite";"Crescente";"Nublado";"Dupla";"Reta";"Não";2;0;0;1;0;1;1;2;-27,64443;-48,67057;"SPRF-SC";"DEL01-SC";"UOP02-DEL01-SC"
235445;2019-09-14;"sábado";"22:45:00";"SC";101;270,5;"PAULO LOPES";"Velocidade Incompatível";"Saída de leito carroçável";"Com Vítimas Feridas";"Pleno dia";"Decrescente";"Céu Claro";"Dupla";"Reta";"Não";3;0;2;0;1;0;2;1;-28,10525994;-48,70296121;"SPRF-SC";"DEL02-SC";"UOP03-DEL02-SC"
235447;2019-09-14;"sábado";"20:35:00";"MT";174;564;"COMODORO";"Falta de Atenção do Pedestre";"Atropelamento de Pedestre";"Com Vítimas Fatais";"Plena Noite";"Decrescente";"Céu Claro";"Simples";"Reta";"Não";3;1;0;0;2;0;0;2;-13,04124572;-59,90522373;"SPRF-RO";"DEL04-RO";"UOP01-DEL04-RO"
235449;2019-09-14;"sábado";"23:45:00";"PA";10;353;"SANTA MARIA DO PARA";"Desobediência às normas de trânsito pelo condutor";"Colisão transversal";"Com Vítimas Feridas";"Plena Noite";"Crescente";"Céu Claro";"Simples";"Reta";"Sim";2;0;0;1;0;1;1;2;-1,35646249;-47,57423141;"SPRF-PA";"DEL01-PA";"UOP02-DEL01-PA"
235452;2019-09-14;"sábado";"22:45:00";"MG";116;413,5;"GOVERNADOR VALADARES";"Falta de Atenção à Condução";"Colisão transversal";"Com Vítimas Feridas";"Plena Noite";"Crescente";"Céu Claro";"Simples";"Rotatória";"Sim";6;0;1;2;1;2;3;4;-18,873907;-41,966366;"SPRF-MG";"DEL06-MG";"UOP01-DEL06-MG"
235453;2019-09-14;"sábado";"23:50:00";"RJ";116;166;"SAO JOAO DE MERITI";"Falta de Atenção à Condução";"Colisão traseira";"Com Vítimas Feridas";"Plena Noite";"Decrescente";"Garoa/Chuvisco";"Múltipla";"Reta";"Não";2;0;1;0;1;0;1;2;-22,81560263;-43,30051808;"SPRF-RJ";"DEL01-RJ";"UOP02-DEL01-RJ"
235454;2019-09-14;"sábado";"22:40:00";"RO";364;698;"PORTO VELHO";"Falta de Atenção à Condução";"Tombamento";"Com Vítimas Feridas";"Plena Noite";"Decrescente";"Céu Claro";"Dupla";"Reta";"Não";1;0;1;0;0;0;1;1;-8,80298977;-63,75179291;"SPRF-RO";"DEL01-RO";"UOP01-DEL01-RO"
235455;2019-09-14;"sábado";"20:40:00";"PR";369;465,3;"CORBELIA";"Ultrapassagem Indevida";"Colisão frontal";"Com Vítimas Feridas";"Plena Noite";"Decrescente";"Céu Claro";"Simples";"Reta";"Não";5;0;4;1;0;0;5;2;-24,5595;-53,1307;"SPRF-PR";"DEL04-PR";"UOP03-DEL04-PR"
235456;2019-09-14;"sábado";"21:25:00";"RJ";101;502;"ANGRA DOS REIS";"Falta de Atenção à Condução";"Colisão transversal";"Com Vítimas Feridas";"Plena Noite";"Crescente";"Céu Claro";"Simples";"Reta";"Não";2;0;1;0;1;0;1;2;-22,92526971;-44,36990312;"SPRF-RJ";"DEL03-RJ";"UOP02-DEL03-RJ"
235457;2019-09-15;"domingo";"00:20:00";"RS";116;266;"CANOAS";"Não guardar distância de segurança";"Colisão traseira";"Com Vítimas Feridas";"Plena Noite";"Decrescente";"Céu Claro";"Dupla";"Reta";"Sim";3;0;1;0;2;0;1;2;-29,93242399;-51,17742077;"SPRF-RS";"DEL01-RS";"UOP01-DEL01-RS"
235458;2019-09-15;"domingo";"00:40:00";"SC";101;202,9;"SAO JOSE";"Falta de Atenção à Condução";"Colisão lateral";"Com Vítimas Feridas";"Plena Noite";"Decrescente";"Chuva";"Dupla";"Reta";"Sim";3;0;1;0;2;0;1;3;-27,55711595;-48,61897889;"SPRF-SC";"DEL01-SC";"UOP01-DEL01-SC"
235459;2019-09-15;"domingo";"00:50:00";"PR";376;164;"MARINGA";"Falta de Atenção à Condução";"Saída de leito carroçável";"Com Vítimas Feridas";"Plena Noite";"Crescente";"Céu Claro";"Dupla";"Reta";"Não";1;0;0;1;0;0;1;1;-23,38111;-52,03625;"SPRF-PR";"DEL07-PR";"UOP01-DEL09-PR"
235460;2019-09-15;"domingo";"00:20:00";"CE";222;1,8;"FORTALEZA";"Falta de Atenção do Pedestre";"Atropelamento de Pedestre";"Com Vítimas Feridas";"Plena Noite";"Crescente";"Céu Claro";"Simples";"Reta";"Sim";2;0;0;1;1;0;1;2;-3,737804;-38,578061;"SPRF-CE";"DEL01-CE";"UOP01-DEL01-CE"
235461;2019-09-15;"domingo";"00:20:00";"ES";101;66;"SAO MATEUS";"Falta de Atenção à Condução";"Queda de ocupante de veículo";"Com Vítimas Feridas";"Plena Noite";"Decrescente";"Céu Claro";"Simples";"Reta";"Sim";1;0;1;0;0;0;1;1;-18,7165195;-39,87436378;"SPRF-ES";"DEL04-ES";"UOP02-DEL04-ES"
235465;2019-09-14;"sábado";"23:50:00";"PR";163;38,5;"PRANCHITA";"Velocidade Incompatível";"Saída de leito carroçável";"Com Vítimas Feridas";"Plena Noite";"Decrescente";"Céu Claro";"Simples";"Declive;Reta";"Não";3;0;0;2;1;0;2;1;-26,040366;-53,729144;"SPRF-PR";"DEL02-PR";"UOP02-DEL02-PR"
235466;2019-09-15;"domingo";"00:30:00";"RJ";101;55;"CAMPOS DOS GOYTACAZES";"Desobediência às normas de trânsito pelo condutor";"Colisão transversal";"Com Vítimas Feridas";"Plena Noite";"Decrescente";"Céu Claro";"Simples";"Reta";"Não";2;0;0;1;1;0;1;2;-21,67827099;-41,31079872;"SPRF-RJ";"DEL08-RJ";"UOP01-DEL08-RJ"
235467;2019-09-15;"domingo";"01:30:00";"ES";101;269;"SERRA";"Falta de Atenção à Condução";"Colisão transversal";"Com Vítimas Feridas";"Plena Noite";"Crescente";"Céu Claro";"Dupla";"Interseção de Vias";"Sim";2;0;1;0;1;0;1;2;-20,21740496;-40,26990578;"SPRF-ES";"DEL02-ES";"UOP01-DEL02-ES"
235469;2019-09-15;"domingo";"01:40:00";"PE";408;85;"PAUDALHO";"Defeito Mecânico no Veículo";"Incêndio";"Sem Vítimas";"Plena Noite";"Crescente";"Céu Claro";"Dupla";"Reta";"Não";1;0;0;0;1;0;0;1;-7,95430093;-35,10252793;"SPRF-PE";"DEL01-PE";"UOP01-DEL01-PE"
235471;2019-09-15;"domingo";"01:40:00";"PR";277;640,2;"CEU AZUL";"Ingestão de álcool e/ou substâncias psicoativas pelo pedestre";"Saída de leito carroçável";"Sem Vítimas";"Plena Noite";"Decrescente";"Céu Claro";"Simples";"Curva";"Não";1;0;0;0;0;1;0;1;-25,17351442;-53,85885894;"SPRF-PR";"DEL05-PR";"UOP02-DEL05-PR"
235472;2019-09-14;"sábado";"23:20:00";"GO";452;0;"RIO VERDE";"Velocidade Incompatível";"Saída de leito carroçável";"Com Vítimas Fatais";"Plena Noite";"Decrescente";"Ignorado";"Dupla";"Viaduto;Rotatória;Interseção de Vias;Curva";"Sim";1;1;0;0;0;0;0;1;-17,7857009;-50,9020202;"SPRF-GO";"DEL04-GO";"UOP01-DEL04-GO"
235473;2019-09-15;"domingo";"01:18:00";"GO";60;385;"RIO VERDE";"Ingestão de Álcool";"Saída de leito carroçável";"Com Vítimas Feridas";"Plena Noite";"Crescente";"Céu Claro";"Dupla";"Reta";"Sim";1;0;1;0;0;0;1;1;-17,7964;-50,914;"SPRF-GO";"DEL04-GO";"UOP01-DEL04-GO"
235474;2019-09-15;"domingo";"01:30:00";"PR";277;80,3;"CURITIBA";"Falta de Atenção à Condução";"Colisão traseira";"Com Vítimas Feridas";"Plena Noite";"Crescente";"Céu Claro";"Dupla";"Reta";"Sim";3;0;1;0;2;0;1;2;-25,47397924;-49,2092979;"SPRF-PR";"DEL01-PR";"UOP06-DEL01-PR"
235476;2019-09-15;"domingo";"02:45:00";"RJ";356;159;"CAMPOS DOS GOYTACAZES";"Ingestão de Álcool";"Colisão frontal";"Com Vítimas Fatais";"Plena Noite";"Decrescente";"Nublado";"Simples";"Reta";"Não";3;1;0;2;0;0;2;2;-21,73251799;-41,19161038;"SPRF-RJ";"DEL08-RJ";"UOP02-DEL08-RJ"
235478;2019-09-15;"domingo";"02:45:00";"SC";101;148;"ITAPEMA";"Falta de Atenção à Condução";"Colisão com objeto estático";"Com Vítimas Feridas";"Pleno dia";"Decrescente";"Céu Claro";"Dupla";"Reta";"Não";1;0;1;0;0;0;1;1;-27,10123686;-48,61807962;"SPRF-SC";"DEL04-SC";"UOP03-DEL04-SC"
235480;2019-09-15;"domingo";"01:00:00";"TO";230;85;"CACHOEIRINHA";"Falta de Atenção à Condução";"Colisão frontal";"Com Vítimas Feridas";"Pleno dia";"Decrescente";"Céu Claro";"Simples";"Reta";"Não";2;0;0;1;0;1;1;2;-6,07941919;-47,91350141;"SPRF-TO";"DEL02-TO";"UOP03-DEL02-TO"
235481;2019-09-15;"domingo";"03:50:00";"SC";101;120,8;"ITAJAI";"Ingestão de Álcool";"Colisão com objeto estático";"Sem Vítimas";"Plena Noite";"Crescente";"Nublado";"Simples";"Curva";"Não";1;0;0;0;0;1;0;1;-26,912758;-48,711998;"SPRF-SC";"DEL04-SC";"UOP04-DEL04-SC"
235482;2019-09-15;"domingo";"03:30:00";"DF";60;11,6;"BRASILIA";"Falta de Atenção à Condução";"Tombamento";"Com Vítimas Feridas";"Plena Noite";"Crescente";"Céu Claro";"Dupla";"Curva";"Não";1;0;1;0;0;0;1;1;-15,911784;-48,157192;"SPRF-DF";"DEL01-DF";"UOP01-DEL03-DF"
235483;2019-09-15;"domingo";"03:40:00";"SC";101;213,1;"PALHOCA";"Falta de Atenção à Condução";"Colisão traseira";"Com Vítimas Feridas";"Plena Noite";"Decrescente";"Céu Claro";"Múltipla";"Reta;Declive";"Sim";7;0;5;0;2;0;5;2;-27,63697369;-48,66514142;"SPRF-SC";"DEL01-SC";"UOP02-DEL01-SC"
235485;2019-09-15;"domingo";"04:00:00";"SC";101;331,6;"TUBARAO";"Ingestão de Álcool";"Saída de leito carroçável";"Sem Vítimas";"Plena Noite";"Decrescente";"Céu Claro";"Simples";"Reta";"Sim";1;0;0;0;1;0;0;1;-28,45567521;-48,9812689;"SPRF-SC";"DEL02-SC";"UOP01-DEL02-SC"
235486;2019-09-15;"domingo";"03:00:00";"RS";153;51,8;"ERECHIM";"Ingestão de Álcool";"Colisão com objeto estático";"Sem Vítimas";"Plena Noite";"Crescente";"Céu Claro";"Simples";"Reta";"Não";3;0;0;0;3;0;0;1;-27,66024898;-52,28414106;"SPRF-RS";"DEL08-RS";"UOP04-DEL08-RS"
235487;2019-09-15;"domingo";"04:00:00";"BA";324;620;"SALVADOR";"Agressão Externa";"Colisão com objeto estático";"Com Vítimas Feridas";"Plena Noite";"Crescente";"Nublado";"Múltipla";"Reta";"Sim";3;0;1;0;2;0;1;1;-12,90482172;-38,45556535;"SPRF-BA";"DEL01-BA";"UOP01-DEL01-BA"
235488;2019-09-15;"domingo";"03:10:00";"RJ";116;59;"TERESOPOLIS";"Velocidade Incompatível";"Capotamento";"Com Vítimas Feridas";"Plena Noite";"Decrescente";"Nublado";"Simples";"Reta";"Não";1;0;1;0;0;0;1;1;-22,22818811;-42,90822584;"SPRF-RJ";"DEL04-RJ";"UOP01-DEL04-RJ"