"id";"data_inversa";"dia_semana";"horario";"uf";"br";"km";"municipio";"causa_acidente";"tipo_acidente";"classificacao_acidente";"fase_dia";"sentido_via";"condicao_metereologica";"tipo_pista";"tracado_via";"uso_solo";"pessoas";"mortos";"feridos_leves";"feridos_graves";"ilesos";"ignorados";"feridos";"veiculos";"latitude";"longitude";"regional";"delegacia";"uop"
235490;2019-09-15;"domingo";"04:35:00";"ES";101;381,7;"RIO NOVO DO SUL";"Ingestão de Álcool";"Colisão lateral";"Sem Vítimas";"Amanhecer";"Decrescente";"Céu Claro";"Simples";"Curva";"Não";2;0;0;0;2;0;0;2;-20,8170583;-40,8426099;"SPRF-ES";"DEL03-ES";"UOP01-DEL03-ES"
235492;2019-09-15;"domingo";"03:15:00";"ES";101;130;"LINHARES";"Falta de Atenção à Condução";"Saída de leito carroçável";"Com Vítimas Feridas";"Plena Noite";"Crescente";"Céu Claro";"Simples";"Reta";"Não";3;0;2;0;1;0;2;1;-19,22994799;-40,09266892;"SPRF-ES";"DEL04-ES";"UOP01-DEL04-ES"
235493;2019-09-15;"domingo";"03:45:00";"SE";101;119;"ITAPORANGA DAJUDA";"Condutor Dormindo";"Saída de leito carroçável";"Com Vítimas Feridas";"Plena Noite";"Decrescente";"Nublado";"Dupla";"Reta";"Não";1;0;1;0;0;0;1;1;-11,03022732;-37,33192083;"SPRF-SE";"DEL02-SE";"UOP01-DEL02-SE"
235494;2019-09-15;"domingo";"05:15:00";"SC";101;203;"SAO JOSE";"Ingestão de Álcool";"Colisão com objeto estático";"Com Vítimas Feridas";"Plena Noite";"Decrescente";"Nublado";"Dupla";"Curva";"Sim";1;0;1;0;0;0;1;1;-27,5650044;-48,61460082;"SPRF-SC";"DEL01-SC";"UOP01-DEL01-SC"
235495;2019-09-15;"domingo";"04:45:00";"SC";101;103;"BALNEARIO PICARRAS";"Condutor Dormindo";"Saída de leito carroçável";"Sem Vítimas";"Plena Noite";"Decrescente";"Nublado";"Dupla";"Curva";"Sim";1;0;0;0;1;0;0;1;-26,7832381;-48,68314632;"SPRF-SC";"DEL03-SC";"UOP02-DEL03-SC"
235496;2019-09-15;"domingo";"04:45:00";"MS";158;121;"APARECIDA DO TABOADO";"Falta de Atenção à Condução";"Saída de leito carroçável";"Com Vítimas Feridas";"Amanhecer";"Decrescente";"Céu Claro";"Simples";"Reta";"Não";3;0;1;0;2;0;1;1;-19,8812438;-51,1330954;"SPRF-MS";"DEL08-MS";"UOP01-DEL08-MS"
235499;2019-09-14;"sábado";"15:40:00";"PE";101;53;"ABREU E LIMA";"Defeito Mecânico no Veículo";"Saída de leito carroçável";"Com Vítimas Feridas";"Pleno dia";"Decrescente";"Céu Claro";"Dupla";"Curva";"Sim";2;0;2;0;0;0;2;1;-7,93124094;-34,90068606;"SPRF-PE";"DEL01-PE";"UOP02-DEL01-PE"
235501;2019-09-15;"domingo";"01:20:00";"SC";282;510;"XANXERE";"Ingestão de Álcool";"Colisão com objeto estático";"Sem Vítimas";"Plena Noite";"Crescente";"Céu Claro";"Simples";"Reta";"Não";1;0;0;0;1;0;0;1;-26,897114;-52,463585;"SPRF-SC";"DEL07-SC";"UOP01-DEL07-SC"
235503;2019-09-15;"domingo";"06:30:00";"PR";116;126,1;"CURITIBA";"Velocidade Incompatível";"Colisão com objeto estático";"Com Vítimas Feridas";"Amanhecer";"Crescente";"Nublado";"Dupla";"Reta";"Sim";3;0;1;0;2;0;1;2;-25,60389895;-49,31824423;"SPRF-PR";"DEL01-PR";"UOP03-DEL01-PR"
235504;2019-09-15;"domingo";"06:00:00";"GO";50;209,5;"CAMPO ALEGRE DE GOIAS";"Falta de Atenção à Condução";"Saída de leito carroçável";"Com Vítimas Feridas";"Amanhecer";"Decrescente";"Céu Claro";"Dupla";"Viaduto";"Não";1;0;1;0;0;0;1;1;-17,6409;-47,7638;"SPRF-GO";"DEL06-GO";"UOP01-DEL06-GO"
235505;2019-09-15;"domingo";"01:15:00";"MG";50;12;"UBERLANDIA";"Falta de Atenção à Condução";"Colisão com objeto estático";"Sem Vítimas";"Plena Noite";"Decrescente";"Céu Claro";"Dupla";"Viaduto";"Não";1;0;0;0;1;0;0;1;-18,90238885;-48,18740845;"SPRF-MG";"DEL15-MG";"UOP02-DEL15-MG"
235506;2019-09-15;"domingo";"05:00:00";"PA";316;28;"BENEVIDES";"Velocidade Incompatível";"Saída de leito carroçável";"Com Vítimas Fatais";"Plena Noite";"Crescente";"Ignorado";"Dupla";"Reta";"Sim";1;1;0;0;0;0;0;1;-1,30957644;-48,21980953;"SPRF-PA";"DEL01-PA";"UOP01-DEL01-PA"
235507;2019-09-15;"domingo";"07:00:00";"RS";290;667,8;"URUGUAIANA";"Ingestão de Álcool";"Colisão com objeto estático";"Com Vítimas Feridas";"Amanhecer";"Decrescente";"Céu Claro";"Simples";"Reta";"Não";1;0;1;0;0;0;1;1;-29,961655;-56,578625;"SPRF-RS";"DEL13-RS";"UOP01-DEL13-RS"
235508;2019-09-15;"domingo";"06:00:00";"SC";282;218;"LAGES";"Falta de Atenção à Condução";"Colisão com objeto estático";"Sem Vítimas";"Pleno dia";"Crescente";"Nublado";"Dupla";"Reta";"Não";1;0;0;0;0;1;0;1;-27,797235;-50,31361;"SPRF-SC";"DEL05-SC";"UOP01-DEL05-SC"
235510;2019-09-15;"domingo";"06:10:00";"MG";40;512;"RIBEIRAO DAS NEVES";"Condutor Dormindo";"Saída de leito carroçável";"Com Vítimas Feridas";"Amanhecer";"Decrescente";"Céu Claro";"Dupla";"Reta";"Não";1;0;1;0;0;0;1;1;-19,78946999;-44,11290699;"SPRF-MG";"DEL01-MG";"UOP02-DEL01-MG"
235511;2019-09-15;"domingo";"07:10:00";"SC";101;345,2;"TUBARAO";"Defeito Mecânico no Veículo";"Colisão com objeto estático";"Com Vítimas Feridas";"Pleno dia";"Decrescente";"Céu Claro";"Dupla";"Reta";"Não";3;0;3;0;0;0;3;1;-28,55956309;-49,05428767;"SPRF-SC";"DEL02-SC";"UOP01-DEL02-SC"
235512;2019-09-15;"domingo";"07:15:00";"PI";343;305,3;"ALTOS";"Ingestão de Álcool";"Colisão traseira";"Com Vítimas Feridas";"Pleno dia";"Decrescente";"Céu Claro";"Simples";"Reta";"Sim";2;0;1;0;1;0;1;2;-5,03529227;-42,4445433;"SPRF-PI";"DEL01-PI";"UOP01-DEL01-PI"
235513;2019-09-15;"domingo";"08:20:00";"BA";324;613,5;"SALVADOR";"Defeito Mecânico no Veículo";"Saída de leito carroçável";"Com Vítimas Fatais";"Pleno dia";"Crescente";"Chuva";"Dupla";"Reta";"Sim";1;1;0;0;0;0;0;1;-12,85531601;-38,42055197;"SPRF-BA";"DEL01-BA";"UOP01-DEL01-BA"
235514;2019-09-15;"domingo";"04:15:00";"PR";116;116,9;"CURITIBA";"Ingestão de Álcool";"Colisão com objeto estático";"Sem Vítimas";"Plena Noite";"Crescente";"Nublado";"Múltipla";"Reta";"Sim";1;0;0;0;1;0;0;1;-25,55468195;-49,27402397;"SPRF-PR";"DEL01-PR";"UOP03-DEL01-PR"
235515;2019-09-15;"domingo";"06:35:00";"MT";70;512;"CUIABA";"Ingestão de álcool e/ou substâncias psicoativas pelo pedestre";"Colisão traseira";"Com Vítimas Feridas";"Pleno dia";"Crescente";"Céu Claro";"Simples";"Reta";"Não";2;0;1;0;1;0;1;2;-15,69857079;-56,11183497;"SPRF-MT";"DEL01-MT";"DEL2/4-UOP02/MT"
235516;2019-09-15;"domingo";"07:20:00";"RS";470;158;"NOVA PRATA";"Condutor Dormindo";"Saída de leito carroçável";"Com Vítimas Feridas";"Pleno dia";"Decrescente";"Céu Claro";"Simples";"Curva";"Não";2;0;2;0;0;0;2;1;-28,80000398;-51,61054097;"SPRF-RS";"DEL06-RS";"UOP02-DEL06-RS"
235519;2019-09-15;"domingo";"08:09:00";"SP";116;48,5;"CANAS";"Falta de Atenção à Condução";"Tombamento";"Com Vítimas Feridas";"Pleno dia";"Decrescente";"Nublado";"Dupla";"Reta;Aclive";"Não";1;0;1;0;0;0;1;1;-22,727455;-45,07233;"SPRF-SP";"DEL08-SP";"UOP01-DEL08-SP"
235520;2019-09-15;"domingo";"08:00:00";"GO";20;15;"FORMOSA";"Falta de Atenção à Condução";"Capotamento";"Com Vítimas Feridas";"Pleno dia";"Crescente";"Céu Claro";"Simples";"Reta";"Sim";1;0;1;0;0;0;1;1;-15,564807;-47,222622;"SPRF-DF";"DEL02-DF";"UOP01-DEL02-DF"
235522;2019-09-14;"sábado";"20:20:00";"RJ";40;93;"PETROPOLIS";"Pista Escorregadia";"Saída de leito carroçável";"Com Vítimas Feridas";"Plena Noite";"Crescente";"Nevoeiro/Neblina";"Simples";"Curva";"Não";2;0;1;0;1;0;1;1;-22,5554282;-43,25829998;"SPRF-RJ";"DEL01-RJ";"UOP01-DEL01-RJ"
235523;2019-09-15;"domingo";"06:10:00";"SP";116;272;"TABOAO DA SERRA";"Velocidade Incompatível";"Colisão com objeto estático";"Com Vítimas Feridas";"Amanhecer";"Crescente";"Nublado";"Dupla";"Reta";"Sim";2;0;1;0;0;1;1;2;-23,621691;-46,813288;"SPRF-SP";"DEL04-SP";"UOP01-DEL04-SP"
235524;2019-09-15;"domingo";"08:10:00";"PR";116;131,8;"FAZENDA RIO GRANDE";"Falta de Atenção à Condução";"Colisão lateral";"Sem Vítimas";"Pleno dia";"Decrescente";"Céu Claro";"Dupla";"Retorno Regulamentado;Reta";"Sim";2;0;0;0;2;0;0;2;-25,648307;-49,31251207;"SPRF-PR";"DEL01-PR";"UOP03-DEL01-PR"
235525;2019-09-15;"domingo";"07:50:00";"ES";101;67;"SAO MATEUS";"Falta de Atenção à Condução";"Colisão traseira";"Com Vítimas Feridas";"Pleno dia";"Crescente";"Céu Claro";"Múltipla";"Reta";"Sim";2;0;1;0;1;0;1;2;-18,72054021;-39,8658931;"SPRF-ES";"DEL04-ES";"UOP02-DEL04-ES"
235527;2019-09-15;"domingo";"08:10:00";"CE";222;6;"CAUCAIA";"Falta de Atenção à Condução";"Queda de ocupante de veículo";"Com Vítimas Feridas";"Pleno dia";"Crescente";"Céu Claro";"Dupla";"Curva";"Sim";2;0;2;0;0;0;2;1;-3,74539216;-38,62188041;"SPRF-CE";"DEL01-CE";"UOP01-DEL01-CE"
235528;2019-09-15;"domingo";"08:30:00";"CE";222;4,9;"CAUCAIA";"Ingestão de Álcool";"Colisão lateral";"Com Vítimas Feridas";"Pleno dia";"Decrescente";"Céu Claro";"Múltipla";"Reta";"Sim";2;0;1;0;1;0;1;2;-3,74164754;-38,60449792;"SPRF-CE";"DEL01-CE";"UOP01-DEL01-CE"
235529;2019-09-15;"domingo";"05:45:00";"SP";116;67,6;"APARECIDA";"Não guardar distância de segurança";"Colisão com objeto estático";"Com Vítimas Fatais";"Amanhecer";"Crescente";"Céu Claro";"Dupla";"Reta";"Não";1;1;0;0;0;0;0;1;-22,82867578;-45,2088941;"SPRF-SP";"DEL08-SP";"UOP01-DEL08-SP"
235531;2019-09-15;"domingo";"08:10:00";"MG";40;786,9;"JUIZ DE FORA";"Velocidade Incompatível";"Capotamento";"Com Vítimas Feridas";"Pleno dia";"Decrescente";"Garoa/Chuvisco";"Dupla";"Curva";"Não";1;0;1;0;0;0;1;1;-21,72733544;-43,4385309;"SPRF-MG";"DEL05-MG";"UOP01-DEL05-MG"
235532;2019-09-15;"domingo";"08:40:00";"DF";80;24,8;"BRASILIA";"Condutor Dormindo";"Colisão com objeto estático";"Com Vítimas Feridas";"Pleno dia";"Crescente";"Céu Claro";"Simples";"Ponte;Reta";"Não";1;0;1;0;0;0;1;1;-15,62336747;-48,19890976;"SPRF-DF";"DEL01-DF";"UOP02-DEL03-DF"
235534;2019-09-15;"domingo";"07:35:00";"SE";235;22,6;"NOSSA SENHORA DO SOCORRO";"Avarias e/ou desgaste excessivo no pneu";"Saída de leito carroçável";"Com Vítimas Feridas";"Pleno dia";"Crescente";"Céu Claro";"Simples";"Reta";"Não";6;0;4;1;1;0;5;2;-10,823149;-37,235428;"SPRF-SE";"DEL01-SE";"UOP02-DEL01-SE"
235535;2019-09-15;"domingo";"08:05:00";"SC";282;90,7;"ALFREDO WAGNER";"Velocidade Incompatível";"Saída de leito carroçável";"Com Vítimas Feridas";"Pleno dia";"Crescente";"Garoa/Chuvisco";"Simples";"Curva";"Não";1;0;1;0;0;0;1;1;-27,683796;-49,222366;"SPRF-SC";"DEL01-SC";"UOP03-DEL01-SC"
235537;2019-09-15;"domingo";"08:30:00";"PB";230;11;"CABEDELO";"Falta de Atenção à Condução";"Queda de ocupante de veículo";"Com Vítimas Feridas";"Pleno dia";"Decrescente";"Céu Claro";"Dupla";"Reta";"Sim";1;0;1;0;0;0;1;1;-7,0596;-34,8506;"SPRF-PB";"DEL01-PB";"UOP01-DEL01-PB"
235538;2019-09-15;"domingo";"09:35:00";"SC";470;66,2;"INDAIAL";"Falta de Atenção à Condução";"Colisão transversal";"Com Vítimas Feridas";"Pleno dia";"Crescente";"Céu Claro";"Simples";"Reta";"Não";3;0;0;1;2;0;1;2;-26,870407;-49,221844;"SPRF-SC";"DEL04-SC";"UOP01-DEL04-SC"
235539;2019-09-15;"domingo";"08:30:00";"PE";407;12,1;"AFRANIO";"Ingestão de Álcool";"Colisão com objeto estático";"Com Vítimas Fatais";"Pleno dia";"Crescente";"Sol";"Simples";"Reta";"Não";1;1;0;0;0;0;0;1;-8,52683813;-41,00467437;"SPRF-PE";"DEL06-PE";"UOP02-DEL06-PE"
235540;2019-09-15;"domingo";"07:50:00";"MS";262;433,1;"DOIS IRMAOS DO BURITI";"Falta de Atenção à Condução";"Queda de ocupante de veículo";"Com Vítimas Feridas";"Pleno dia";"Crescente";"Céu Claro";"Simples";"Reta";"Não";1;0;0;1;0;0;1;1;-20,49490005;-55,30147698;"SPRF-MS";"DEL03-MS";"UOP01-DEL03-MS"
235541;2019-08-10;"sábado";"08:45:00";"PR";476;139;"CURITIBA";"Falta de Atenção à Condução";"Colisão lateral";"Com Vítimas Feridas";"Pleno dia";"Decrescente";"Céu Claro";"Dupla";"Reta";"Sim";2;0;1;0;1;0;1;2;-25,51284;-49,289257;"SPRF-PR";"DEL01-PR";"UOP03-DEL01-PR"
235542;2019-09-13;"sexta-feira";"07:15:00";"RS";392;4,7;"RIO GRANDE";"Falta de Atenção à Condução";"Colisão transversal";"Com Vítimas Fatais";"Pleno dia";"Decrescente";"Céu Claro";"Simples";"Reta";"Sim";3;1;0;0;2;0;0;2;-32,06960295;-52,09547805;"SPRF-RS";"DEL07-RS";"UOP02-DEL07-RS"
235543;2019-09-15;"domingo";"08:00:00";"MS";163;500,9;"CAMPO GRANDE";"Falta de Atenção à Condução";"Colisão com objeto estático";"Com Vítimas Feridas";"Pleno dia";"Decrescente";"Céu Claro";"Simples";"Aclive";"Não";2;0;1;0;1;0;1;1;-20,32607304;-54,51856683;"SPRF-MS";"DEL01-MS";"UOP02-DEL01-MS"
235546;2019-08-25;"domingo";"13:00:00";"RS";116;147,4;"CAXIAS DO SUL";"Falta de Atenção à Condução";"Colisão com objeto estático";"Com Vítimas Feridas";"Pleno dia";"Crescente";"Céu Claro";"Simples";"Reta";"Sim";3;0;2;0;1;0;2;2;-29,14908014;-51,1429969;"SPRF-RS";"DEL05-RS";"UOP01-DEL05-RS"
235547;2019-09-15;"domingo";"10:40:00";"SC";470;66;"INDAIAL";"Defeito Mecânico no Veículo";"Colisão traseira";"Com Vítimas Feridas";"Pleno dia";"Decrescente";"Nublado";"Simples";"Reta";"Sim";4;0;2;0;2;0;2;2;-26,870407;-49,221844;"SPRF-SC";"DEL04-SC";"UOP01-DEL04-SC"
235548;2019-09-15;"domingo";"10:35:00";"MG";40;608;"CONGONHAS";"Desobediência às normas de trânsito pelo condutor";"Colisão transversal";"Com Vítimas Feridas";"Pleno dia";"Crescente";"Céu Claro";"Simples";"Curva";"Não";6;0;2;0;4;0;2;2;-20,48427186;-43,83895771;"SPRF-MG";"DEL05-MG";"UOP02-DEL05-MG"
235549;2019-05-02;"quinta-feira";"07:30:00";"MT";163;833;"SINOP";"Ingestão de Álcool";"Queda de ocupante de veículo";"Com Vítimas Feridas";"Pleno dia";"Crescente";"Sol";"Dupla";"Rotatória";"Sim";1;0;1;0;0;0;1;1;-12,004832;-55,51713;"SPRF-MT";"DEL06-MT";"UOP01-DEL06-MT"
235552;2019-09-15;"domingo";"11:29:00";"GO";40;60;"LUZIANIA";"Não guardar distância de segurança";"Colisão traseira";"Sem Vítimas";"Pleno dia";"Decrescente";"Céu Claro";"Dupla";"Aclive";"Não";3;0;0;0;3;0;0;2;-16,52816;-47,806818;"SPRF-DF";"DEL01-DF";"UOP02-DEL01-DF"
235553;2019-09-15;"domingo";"11:40:00";"DF";70;8,7;"BRASILIA";"Falta de Atenção à Condução";"Capotamento";"Com Vítimas Feridas";"Pleno dia";"Crescente";"Céu Claro";"Dupla";"Curva";"Sim";2;0;1;0;1;0;1;1;-15,78342179;-48,12759703;"SPRF-DF";"DEL01-DF";"UOP02-DEL03-DF"
235555;2019-09-15;"domingo";"11:50:00";"RJ";116;178;"NOVA IGUACU";"Falta de Atenção à Condução";"Colisão lateral";"Com Vítimas Feridas";"Pleno dia";"Decrescente";"Céu Claro";"Dupla";"Reta";"Sim";1;0;1;0;0;0;1;1;-22,77496393;-43,40081465;"SPRF-RJ";"DEL01-RJ";"UOP02-DEL01-RJ"
235557;2019-09-15;"domingo";"12:00:00";"GO";60;169,9;"GOIANIA";"Falta de Atenção à Condução";"Colisão traseira";"Com Vítimas Feridas";"Pleno dia";"Decrescente";"Sol";"Dupla";"Retorno Regulamentado";"Não";3;0;0;2;1;0;2;2;-16,7269;-49,3822;"SPRF-GO";"DEL01-GO";"UOP02-DEL01-GO"
235558;2019-09-15;"domingo";"11:10:00";"GO";20;177,8;"ALVORADA DO NORTE";"Falta de Atenção à Condução";"Colisão com objeto estático";"Com Vítimas Feridas";"Pleno dia";"Decrescente";"Céu Claro";"Simples";"Reta";"Sim";1;0;1;0;0;0;1;1;-14,498608;-46,510159;"SPRF-DF";"DEL02-DF";"UOP03-DEL02-DF"
235561;2019-09-15;"domingo";"13:00:00";"RN";406;144;"CEARA-MIRIM";"Falta de Atenção à Condução";"Colisão lateral";"Com Vítimas Feridas";"Pleno dia";"Crescente";"Céu Claro";"Simples";"Reta";"Não";2;0;1;1;0;0;2;2;-5,64709081;-35,48593402;"SPRF-RN";"DEL02-RN";"UOP01-DEL02-RN"
235563;2019-09-15;"domingo";"12:20:00";"SC";101;119,9;"ITAJAI";"Não guardar distância de segurança";"Colisão traseira";"Com Vítimas Feridas";"Pleno dia";"Decrescente";"Nublado";"Múltipla";"Reta";"Sim";2;0;1;0;1;0;1;2;-26,9043179;-48,71555481;"SPRF-SC";"DEL04-SC";"UOP04-DEL04-SC"
235564;2019-09-12;"quinta-feira";"08:00:00";"MG";381;267;"TIMOTEO";"Ingestão de Álcool";"Queda de ocupante de veículo";"Com Vítimas Feridas";"Pleno dia";"Crescente";"Céu Claro";"Simples";"Reta";"Não";1;0;1;0;0;0;1;1;-19,53743297;-42,67521503;"SPRF-MG";"DEL03-MG";"UOP02-DEL03-MG"
235565;2019-09-15;"domingo";"12:45:00";"MG";381;625;"OLIVEIRA";"Falta de Atenção à Condução";"Capotamento";"Com Vítimas Feridas";"Pleno dia";"Crescente";"Céu Claro";"Dupla";"Reta";"Não";1;0;1;0;0;0;1;1;-20,82314205;-44,80113661;"SPRF-MG";"DEL04-MG";"UOP01-DEL04-MG"
235566;2019-09-03;"terça-feira";"07:05:00";"BA";324;623,8;"SALVADOR";"Falta de Atenção à Condução";"Colisão lateral";"Sem Vítimas";"Pleno dia";"Crescente";"Sol";"Dupla";"Reta";"Sim";2;0;0;0;2;0;0;2;-12,92628699;-38,46838679;"SPRF-BA";"DEL01-BA";"UOP01-DEL01-BA"
235567;2019-09-15;"domingo";"13:15:00";"RJ";116;139;"DUQUE DE CAXIAS";"Falta de Atenção à Condução";"Colisão traseira";"Com Vítimas Feridas";"Pleno dia";"Crescente";"Céu Claro";"Múltipla";"Reta";"Não";6;0;2;1;3;0;3;4;-22,64655224;-43,20138601;"SPRF-RJ";"DEL01-RJ";"UOP01-DEL01-RJ"
235569;2019-09-15;"domingo";"13:35:00";"RN";101;126;"SAO JOSE DE MIPIBU";"Defeito na Via";"Tombamento";"Com Vítimas Feridas";"Pleno dia";"Crescente";"Céu Claro";"Dupla";"Reta";"Sim";4;0;1;1;2;0;2;1;-6,086887;-35,23438;"SPRF-RN";"DEL01-RN";"UOP01-DEL01-RN"
235571;2019-09-15;"domingo";"13:30:00";"PA";163;1003;"SANTAREM";"Ingestão de Álcool";"Colisão traseira";"Sem Vítimas";"Pleno dia";"Crescente";"Céu Claro";"Simples";"Reta";"Sim";2;0;0;0;2;0;0;2;-2,44688525;-54,73048152;"SPRF-PA";"DEL05-PA";"UOP01-DEL05-PA"
235572;2019-09-15;"domingo";"13:45:00";"PE";408;77;"PAUDALHO";"Falta de Atenção à Condução";"Saída de leito carroçável";"Sem Vítimas";"Pleno dia";"Decrescente";"Sol";"Dupla";"Reta";"Sim";1;0;0;0;0;1;0;1;-7,919003;-35,162964;"SPRF-PE";"DEL01-PE";"UOP01-DEL01-PE"
235573;2019-09-15;"domingo";"10:45:00";"PR";476;111;"COLOMBO";"Desobediência às normas de trânsito pelo condutor";"Colisão traseira";"Com Vítimas Feridas";"Pleno dia";"Decrescente";"Céu Claro";"Simples";"Reta";"Não";2;0;1;0;1;0;1;2;-25,31477867;-49,15540695;"SPRF-PR";"DEL01-PR";"UOP07-DEL01-PR"
235574;2019-09-15;"domingo";"13:15:00";"BA";101;170;"FEIRA DE SANTANA";"Falta de Atenção à Condução";"Colisão lateral";"Sem Vítimas";"Pleno dia";"Crescente";"Nublado";"Simples";"Reta";"Sim";2;0;0;0;2;0;0;2;-12,375502;-38,878152;"SPRF-BA";"DEL01-BA";"UOP03-DEL01-BA"
235575;2019-09-15;"domingo";"13:00:00";"SC";101;319,9;"PESCARIA BRAVA";"Falta de Atenção à Condução";"Colisão transversal";"Com Vítimas Feridas";"Pleno dia";"Crescente";"Céu Claro";"Simples";"Viaduto;Interseção de Vias";"Sim";3;0;1;0;2;0;1;2;-28,42424082;-48,89585495;"SPRF-SC";"DEL02-SC";"UOP01-DEL02-SC"
235576;2019-09-15;"domingo";"09:40:00";"ES";259;58;"COLATINA";"Falta de Atenção à Condução";"Colisão traseira";"Com Vítimas Feridas";"Pleno dia";"Decrescente";"Céu Claro";"Simples";"Reta";"Sim";1;0;1;0;0;0;1;1;-19,514467;-40,660786;"SPRF-ES";"DEL02-ES";"UOP01-DEL02-ES"
235577;2019-09-15;"domingo";"12:40:00";"SP";116;109,7;"TAUBATE";"Falta de Atenção à Condução";"Colisão traseira";"Com Vítimas Feridas";"Pleno dia";"Crescente";"Céu Claro";"Dupla";"Reta";"Sim";2;0;1;0;1;0;1;2;-23,02871304;-45,54517097;"SPRF-SP";"DEL06-SP";"UOP01-DEL06-SP"
235578;2019-09-15;"domingo";"13:00:00";"SC";101;150;"ITAPEMA";"Velocidade Incompatível";"Saída de leito carroçável";"Com Vítimas Feridas";"Pleno dia";"Crescente";"Céu Claro";"Dupla";"Curva";"Sim";1;0;0;1;0;0;1;1;-27,12044726;-48,60954657;"SPRF-SC";"DEL04-SC";"UOP03-DEL04-SC"
235579;2019-09-15;"domingo";"14:15:00";"SP";101;48,5;"UBATUBA";"Não guardar distância de segurança";"Colisão traseira";"Com Vítimas Feridas";"Pleno dia";"Crescente";"Céu Claro";"Simples";"Reta";"Sim";2;0;1;0;1;0;1;2;-23,44362046;-45,08441448;"SPRF-SP";"DEL06-SP";"UOP01-DEL06-SP"
235580;2019-09-15;"domingo";"14:25:00";"MG";381;492,7;"BETIM";"Falta de Atenção à Condução";"Colisão traseira";"Com Vítimas Feridas";"Pleno dia";"Crescente";"Sol";"Múltipla";"Reta";"Sim";1;0;1;0;0;0;1;1;-19,96140945;-44,16194916;"SPRF-MG";"DEL01-MG";"UOP03-DEL01-MG"
235581;2019-09-15;"domingo";"14:25:00";"RS";290;23,7;"SANTO ANTONIO DA PATRULHA";"Falta de Atenção à Condução";"Saída de leito carroçável";"Com Vítimas Feridas";"Pleno dia";"Decrescente";"Céu Claro";"Múltipla";"Reta";"Não";3;0;2;0;1;0;2;1;-29,885357;-50,484364;"SPRF-RS";"DEL03-RS";"UOP01-DEL03-RS"
235583;2019-09-15;"domingo";"14:50:00";"RJ";101;478;"ANGRA DOS REIS";"Ingestão de Substâncias Psicoativas";"Queda de ocupante de veículo";"Com Vítimas Feridas";"Pleno dia";"Decrescente";"Sol";"Simples";"Reta";"Sim";3;0;0;1;2;0;1;3;-23,00246527;-44,27270594;"SPRF-RJ";"DEL03-RJ";"UOP03-DEL03-RJ"
235584;2019-09-15;"domingo";"14:40:00";"MG";40;442;"PARAOPEBA";"Falta de Atenção à Condução";"Saída de leito carroçável";"Com Vítimas Feridas";"Pleno dia";"Decrescente";"Céu Claro";"Dupla";"Curva";"Não";1;0;1;0;0;0;1;1;-19,28815;-44,392;"SPRF-MG";"DEL02-MG";"UOP01-DEL02-MG"
235586;2019-09-15;"domingo";"09:30:00";"RO";429;178;"SAO MIGUEL DO GUAPORE";"Mal Súbito";"Saída de leito carroçável";"Com Vítimas Feridas";"Pleno dia";"Crescente";"Sol";"Simples";"Reta";"Não";2;0;0;1;0;1;1;2;-11,759121;-62,854876;"SPRF-RO";"DEL02-RO";"UOP03-DEL02-RO"
235587;2019-09-15;"domingo";"11:50:00";"RJ";116;89,4;"TERESOPOLIS";"Falta de Atenção à Condução";"Tombamento";"Com Vítimas Feridas";"Pleno dia";"Decrescente";"Céu Claro";"Simples";"Reta";"Sim";2;0;1;0;1;0;1;1;-22,45706098;-42,96221791;"SPRF-RJ";"DEL04-RJ";"UOP02-DEL04-RJ"
235589;2019-09-15;"domingo";"15:10:00";"SP";101;51,1;"UBATUBA";"Falta de Atenção à Condução";"Colisão transversal";"Com Vítimas Feridas";"Pleno dia";"Decrescente";"Nublado";"Simples";"Reta";"Sim";3;0;1;0;2;0;1;3;-23,45627795;-45,07111896;"SPRF-SP";"DEL06-SP";"UOP01-DEL06-SP"
235591;2019-09-15;"domingo";"15:30:00";"PE";101;69;"RECIFE";"Falta de Atenção à Condução";"Colisão traseira";"Com Vítimas Feridas";"Pleno dia";"Crescente";"Céu Claro";"Simples";"Reta";"Não";3;0;1;0;1;1;1;2;-8,05951606;-34,94581024;"SPRF-PE";"DEL01-PE";"UOP01-DEL01-PE"
235592;2019-09-15;"domingo";"14:50:00";"SC";101;40,9;"JOINVILLE";"Não guardar distância de segurança";"Colisão traseira";"Com Vítimas Feridas";"Pleno dia";"Decrescente";"Nublado";"Dupla";"Reta";"Não";4;0;1;0;3;0;1;3;-26,27176094;-48,89468382;"SPRF-SC";"DEL03-SC";"UOP01-DEL03-SC"
235593;2019-09-15;"domingo";"15:20:00";"ES";101;290;"CARIACICA";"Falta de Atenção à Condução";"Tombamento";"Com Vítimas Feridas";"Pleno dia";"Crescente";"Céu Claro";"Dupla";"Reta";"Não";1;0;1;0;0;0;1;1;-20,28927747;-40,39181575;"SPRF-ES";"DEL01-ES";"UOP01-DEL01-ES"
235594;2019-09-15;"domingo";"14:20:00";"RJ";40;105;"DUQUE DE CAXIAS";"Desobediência às normas de trânsito pelo condutor";"Colisão lateral";"Sem Vítimas";"Pleno dia";"Decrescente";"Céu Claro";"Simples";"Reta";"Sim";2;0;0;0;1;1;0;2;-22,63784806;-43,28428824;"SPRF-RJ";"DEL01-RJ";"UOP01-DEL01-RJ"