"id";"data_inversa";"dia_semana";"horario";"uf";"br";"km";"municipio";"causa_acidente";"tipo_acidente";"classificacao_acidente";"fase_dia";"sentido_via";"condicao_metereologica";"tipo_pista";"tracado_via";"uso_solo";"pessoas";"mortos";"feridos_leves";"feridos_graves";"ilesos";"ignorados";"feridos";"veiculos";"latitude";"longitude";"regional";"delegacia";"uop"
235596;2019-09-15;"domingo";"13:15:00";"RO";319;49,5;"PORTO VELHO";"Ingestão de Álcool";"Colisão frontal";"Com Vítimas Feridas";"Pleno dia";"Decrescente";"Céu Claro";"Simples";"Reta";"Não";5;0;0;1;3;1;1;3;-8,71621618;-63,98255435;"SPRF-RO";"DEL01-RO";"UOP01-DEL01-RO"
235597;2019-09-15;"domingo";"15:00:00";"BA";324;514;"FEIRA DE SANTANA";"Desobediência às normas de trânsito pelo condutor";"Colisão lateral";"Com Vítimas Feridas";"Pleno dia";"Decrescente";"Nublado";"Simples";"Reta";"Sim";5;0;4;0;0;1;4;3;-12,23229233;-38,95215305;"SPRF-BA";"DEL02-BA";"UOP01-DEL02-BA"
235600;2019-09-15;"domingo";"16:00:00";"CE";222;3,9;"CAUCAIA";"Não guardar distância de segurança";"Colisão traseira";"Com Vítimas Feridas";"Pleno dia";"Decrescente";"Céu Claro";"Múltipla";"Reta;Aclive";"Sim";2;0;1;0;0;1;1;2;-3,7403769;-38,59569202;"SPRF-CE";"DEL01-CE";"UOP01-DEL01-CE"
235602;2019-09-15;"domingo";"15:45:00";"SP";153;55,3;"SAO JOSE DO RIO PRETO";"Desobediência às normas de trânsito pelo condutor";"Colisão transversal";"Com Vítimas Feridas";"Pleno dia";"Crescente";"Sol";"Simples";"Desvio Temporário;Em Obras;Reta";"Não";5;0;2;0;3;0;2;2;-20,75321697;-49,34260108;"SPRF-SP";"DEL09-SP";"UOP01-DEL09-SP"
235604;2019-09-15;"domingo";"16:25:00";"MG";365;682,9;"MONTE ALEGRE DE MINAS";"Velocidade Incompatível";"Colisão lateral";"Com Vítimas Feridas";"Pleno dia";"Decrescente";"Céu Claro";"Dupla";"Curva";"Não";3;0;1;0;1;1;1;3;-18,85061244;-48,83796296;"SPRF-MG";"DEL15-MG";"UOP01-DEL15-MG"
235605;2019-08-06;"terça-feira";"11:30:00";"PR";476;124;"CURITIBA";"Não guardar distância de segurança";"Colisão traseira";"Com Vítimas Feridas";"Pleno dia";"Decrescente";"Céu Claro";"Dupla";"Reta";"Não";2;0;1;0;1;0;1;2;-25,40541059;-49,21776295;"SPRF-PR";"DEL01-PR";"UOP07-DEL01-PR"
235606;2019-09-15;"domingo";"15:00:00";"SC";101;420,6;"ARARANGUA";"Avarias e/ou desgaste excessivo no pneu";"Queda de ocupante de veículo";"Com Vítimas Feridas";"Pleno dia";"Decrescente";"Nublado";"Dupla";"Reta";"Sim";2;0;2;0;0;0;2;1;-28,99380392;-49,55081408;"SPRF-SC";"DEL02-SC";"UOP02-DEL02-SC"
235607;2019-09-15;"domingo";"16:30:00";"PE";424;70;"CAETES";"Falta de Atenção à Condução";"Colisão traseira";"Com Vítimas Feridas";"Pleno dia";"Crescente";"Céu Claro";"Simples";"Reta";"Sim";7;0;1;0;6;0;1;2;-8,77912908;-36,62060205;"SPRF-PE";"DEL03-PE";"UOP01-DEL03-PE"
235609;2019-09-15;"domingo";"16:00:00";"PR";369;178,5;"ARAPONGAS";"Falta de Atenção à Condução";"Colisão lateral";"Com Vítimas Feridas";"Pleno dia";"Decrescente";"Céu Claro";"Dupla";"Interseção de Vias";"Não";3;0;1;0;2;0;1;2;-23,35791757;-51,39575958;"SPRF-PR";"DEL07-PR";"UOP01-DEL07-PR"
235611;2019-09-15;"domingo";"16:45:00";"RJ";116;172,2;"SAO JOAO DE MERITI";"Falta de Atenção à Condução";"Colisão com objeto estático";"Com Vítimas Fatais";"Pleno dia";"Crescente";"Céu Claro";"Dupla";"Reta";"Sim";4;1;3;0;0;0;3;1;-22,7775862;-43,39683294;"SPRF-RJ";"DEL01-RJ";"UOP02-DEL01-RJ"
235612;2019-09-15;"domingo";"14:35:00";"RO";319;64;"PORTO VELHO";"Desobediência às normas de trânsito pelo condutor";"Colisão transversal";"Com Vítimas Feridas";"Pleno dia";"Crescente";"Céu Claro";"Dupla";"Interseção de Vias";"Sim";2;0;1;0;1;0;1;2;-8,76747667;-63,8842535;"SPRF-RO";"DEL01-RO";"UOP01-DEL01-RO"
235613;2019-09-15;"domingo";"17:00:00";"CE";222;75,2;"SAO LUIS DO CURU";"Velocidade Incompatível";"Saída de leito carroçável";"Com Vítimas Feridas";"Anoitecer";"Decrescente";"Céu Claro";"Simples";"Reta";"Não";2;0;1;1;0;0;2;1;-3,67093087;-39,215419;"SPRF-CE";"DEL01-CE";"UOP03-DEL01-CE"
235615;2019-09-15;"domingo";"17:00:00";"MA";10;234;"GOVERNADOR EDISON LOBAO";"Desobediência às normas de trânsito pelo condutor";"Colisão traseira";"Com Vítimas Feridas";"Anoitecer";"Crescente";"Céu Claro";"Simples";"Aclive";"Não";2;0;0;1;0;1;1;2;-5,67052;-47,379051;"SPRF-MA";"DEL04-MA";"UOP01-DEL04-MA"
235616;2019-09-15;"domingo";"16:40:00";"PI";343;9,2;"PARNAIBA";"Falta de Atenção à Condução";"Colisão lateral";"Com Vítimas Feridas";"Anoitecer";"Crescente";"Céu Claro";"Simples";"Reta";"Não";2;0;1;0;1;0;1;2;-2,90086711;-41,73413157;"SPRF-PI";"DEL05-PI";"UOP01-DEL05-PI"
235619;2019-09-15;"domingo";"16:40:00";"RS";290;181;"MINAS DO LEAO";"Ingestão de Álcool";"Colisão traseira";"Com Vítimas Feridas";"Pleno dia";"Decrescente";"Céu Claro";"Simples";"Reta";"Não";3;0;2;0;1;0;2;2;-30,140005;-52,023026;"SPRF-RS";"DEL02-RS";"UOP02-DEL02-RS"
235620;2019-09-15;"domingo";"17:15:00";"RJ";116;133;"MAGE";"Ingestão de Álcool";"Colisão traseira";"Sem Vítimas";"Pleno dia";"Crescente";"Céu Claro";"Múltipla";"Reta";"Não";2;0;0;0;2;0;0;2;-22,64714554;-43,18753481;"SPRF-RJ";"DEL04-RJ";"UOP02-DEL04-RJ"
235621;2019-09-15;"domingo";"15:35:00";"AP";156;805;"OIAPOQUE";"Velocidade Incompatível";"Capotamento";"Com Vítimas Feridas";"Pleno dia";"Decrescente";"Céu Claro";"Simples";"Reta";"Não";5;0;1;0;4;0;1;1;3,72808489;-51,7726272;"SPRF-AP";"DEL01-AP";"UOP03-DEL01-AP"
235622;2019-09-15;"domingo";"16:00:00";"MT";364;231;"RONDONOPOLIS";"Velocidade Incompatível";"Saída de leito carroçável";"Com Vítimas Feridas";"Pleno dia";"Decrescente";"Céu Claro";"Dupla";"Curva";"Não";2;0;1;0;1;0;1;1;-16,25764398;-54,77848492;"SPRF-MT";"DEL02-MT";"UOP01-DEL02-MT"
235623;2019-09-15;"domingo";"17:30:00";"SC";470;101;"APIUNA";"Não guardar distância de segurança";"Colisão traseira";"Com Vítimas Feridas";"Pleno dia";"Decrescente";"Céu Claro";"Simples";"Reta";"Sim";3;0;1;1;1;0;2;2;-27,053085;-49,390018;"SPRF-SC";"DEL04-SC";"UOP02-DEL04-SC"
235625;2019-09-15;"domingo";"16:50:00";"MG";50;78;"UBERLANDIA";"Falta de Atenção à Condução";"Colisão traseira";"Com Vítimas Feridas";"Pleno dia";"Crescente";"Sol";"Dupla";"Reta";"Não";3;0;2;0;1;0;2;2;-18,986906;-48,211853;"SPRF-MG";"DEL15-MG";"UOP01-DEL15-MG"
235627;2019-09-15;"domingo";"17:20:00";"RJ";393;273,9;"BARRA DO PIRAI";"Velocidade Incompatível";"Colisão frontal";"Com Vítimas Fatais";"Pleno dia";"Decrescente";"Céu Claro";"Simples";"Curva";"Não";19;3;15;1;0;0;16;2;-22,47480976;-43,99312019;"SPRF-RJ";"DEL05-RJ";"UOP04-DEL05-RJ"
235628;2019-09-15;"domingo";"17:00:00";"MG";381;501;"BETIM";"Não guardar distância de segurança";"Colisão traseira";"Sem Vítimas";"Pleno dia";"Decrescente";"Sol";"Dupla";"Reta";"Sim";2;0;0;0;2;0;0;2;-20,03146447;-44,2377893;"SPRF-MG";"DEL01-MG";"UOP03-DEL01-MG"
235629;2019-09-15;"domingo";"17:30:00";"BA";242;592;"MUQUEM DE SAO FRANCISCO";"Ingestão de Álcool";"Saída de leito carroçável";"Com Vítimas Feridas";"Anoitecer";"Decrescente";"Céu Claro";"Simples";"Reta";"Não";2;0;2;0;0;0;2;1;-12,163226;-43,284544;"SPRF-BA";"DEL10-BA";"UOP03-DEL06-BA"
235630;2019-09-15;"domingo";"17:40:00";"PE";232;79,8;"GRAVATA";"Ingestão de Álcool";"Queda de ocupante de veículo";"Com Vítimas Feridas";"Anoitecer";"Decrescente";"Céu Claro";"Simples";"Reta";"Sim";1;0;1;0;0;0;1;1;-8,19460572;-35,56074803;"SPRF-PE";"DEL01-PE";"UOP02-DEL02PE"
235631;2019-09-15;"domingo";"10:00:00";"SC";282;260,1;"SAO JOSE DO CERRITO";"Falta de Atenção à Condução";"Engavetamento";"Com Vítimas Feridas";"Pleno dia";"Decrescente";"Céu Claro";"Simples";"Reta";"Não";9;0;3;0;6;0;3;3;-27,644962;-50,59391;"SPRF-SC";"DEL05-SC";"UOP02-DEL05-SC"
235633;2019-09-15;"domingo";"17:20:00";"PA";316;61;"CASTANHAL";"Ingestão de Álcool";"Colisão transversal";"Com Vítimas Feridas";"Pleno dia";"Crescente";"Céu Claro";"Dupla";"Reta";"Sim";4;0;0;1;3;0;1;2;-1,2980781;-47,93849945;"SPRF-PA";"DEL01-PA";"UOP01-DEL01-PA"
235634;2019-09-15;"domingo";"16:30:00";"BA";101;736,7;"ITABELA";"Desobediência às normas de trânsito pelo condutor";"Colisão lateral";"Com Vítimas Feridas";"Pleno dia";"Decrescente";"Sol";"Simples";"Curva";"Não";5;0;1;0;4;0;1;2;-16,67050766;-39,50074778;"SPRF-BA";"DEL09-BA";"UOP01-DEL09-BA"
235635;2019-09-15;"domingo";"18:00:00";"BA";110;319;"ALAGOINHAS";"Falta de Atenção à Condução";"Colisão frontal";"Com Vítimas Feridas";"Anoitecer";"Crescente";"Nublado";"Simples";"Reta";"Não";4;0;2;1;1;0;3;2;-12,06024684;-38,35628177;"SPRF-BA";"DEL01-BA";"UOP04-DEL01-BA"
235637;2019-09-15;"domingo";"18:20:00";"SE";101;93;"NOSSA SENHORA DO SOCORRO";"Ingestão de Álcool";"Saída de leito carroçável";"Com Vítimas Feridas";"Plena Noite";"Decrescente";"Ignorado";"Dupla";"Curva;Retorno Regulamentado";"Sim";1;0;0;1;0;0;1;1;-10,90212319;-37,14494787;"SPRF-SE";"DEL01-SE";"UOP01-DEL01-SE"
235638;2019-09-15;"domingo";"18:20:00";"PR";277;197,3;"PALMEIRA";"Falta de Atenção à Condução";"Colisão transversal";"Com Vítimas Feridas";"Anoitecer";"Decrescente";"Nublado";"Simples";"Reta";"Não";2;0;0;1;1;0;1;2;-25,44144283;-50,17659008;"SPRF-PR";"DEL03-PR";"UOP02-DEL08-PR"
235639;2019-09-15;"domingo";"18:23:00";"MG";40;552;"NOVA LIMA";"Não guardar distância de segurança";"Colisão traseira";"Com Vítimas Feridas";"Plena Noite";"Decrescente";"Céu Claro";"Dupla";"Reta";"Sim";4;0;0;1;3;0;1;4;-20,06084086;-43,97716423;"SPRF-MG";"DEL01-MG";"UOP02-DEL01-MG"
235640;2019-09-15;"domingo";"18:15:00";"PE";101;55;"PAULISTA";"Ingestão de Álcool";"Colisão traseira";"Com Vítimas Feridas";"Plena Noite";"Crescente";"Chuva";"Dupla";"Curva";"Não";2;0;1;0;1;0;1;2;-7,94806621;-34,9062148;"SPRF-PE";"DEL01-PE";"UOP02-DEL01-PE"
235641;2019-09-15;"domingo";"18:00:00";"GO";60;1;"ALEXANIA";"Não guardar distância de segurança";"Colisão traseira";"Com Vítimas Feridas";"Anoitecer";"Decrescente";"Céu Claro";"Simples";"Reta";"Sim";2;0;1;0;1;0;1;1;-16,094168;-48,517212;"SPRF-DF";"DEL01-DF";"UOP01-DEL03-DF"
235643;2019-09-15;"domingo";"18:00:00";"RJ";101;419;"MANGARATIBA";"Desobediência às normas de trânsito pelo condutor";"Colisão lateral";"Com Vítimas Feridas";"Pleno dia";"Decrescente";"Céu Claro";"Simples";"Reta";"Não";3;0;2;0;0;1;2;2;-22,91808988;-43,91359106;"SPRF-RJ";"DEL03-RJ";"UOP01-DEL03-RJ"
235644;2019-09-15;"domingo";"17:30:00";"RR";174;521;"BOA VISTA";"Agressão Externa";"Saída de leito carroçável";"Com Vítimas Feridas";"Anoitecer";"Decrescente";"Céu Claro";"Simples";"Reta";"Não";4;0;2;0;1;1;2;2;2,945593;-60,722065;"SPRF-RR";"DEL01-RR";"UOP01-DEL01-RR"
235645;2019-09-15;"domingo";"18:20:00";"PB";101;88,9;"JOAO PESSOA";"Desobediência às normas de trânsito pelo condutor";"Colisão lateral";"Com Vítimas Feridas";"Plena Noite";"Crescente";"Céu Claro";"Dupla";"Reta";"Sim";2;0;1;0;0;1;1;2;-7,16470016;-34,89993643;"SPRF-PB";"DEL01-PB";"UOP01-DEL01-PB"
235647;2019-09-15;"domingo";"18:50:00";"PR";369;148;"LONDRINA";"Falta de Atenção à Condução";"Colisão traseira";"Com Vítimas Feridas";"Plena Noite";"Decrescente";"Céu Claro";"Dupla";"Interseção de Vias;Reta";"Sim";2;0;1;0;1;0;1;2;-23,29316598;-51,1457938;"SPRF-PR";"DEL07-PR";"UOP01-DEL07-PR"
235648;2019-09-15;"domingo";"18:31:00";"PI";316;300;"PICOS";"Falta de Atenção à Condução";"Colisão traseira";"Sem Vítimas";"Plena Noite";"Crescente";"Céu Claro";"Simples";"Reta";"Não";3;0;0;0;2;1;0;3;-7,04184237;-41,54636128;"SPRF-PI";"DEL04-PI";"UOP01-DEL04-PI"
235651;2019-09-15;"domingo";"18:30:00";"ES";101;305,5;"VIANA";"Defeito na Via";"Queda de ocupante de veículo";"Com Vítimas Feridas";"Plena Noite";"Crescente";"Céu Claro";"Simples";"Em Obras;Reta";"Não";2;0;2;0;0;0;2;1;-20,3869761;-40,46345903;"SPRF-ES";"DEL03-ES";"UOP01-DEL03-ES"
235656;2019-09-15;"domingo";"18:10:00";"RR";401;1;"BOA VISTA";"Ingestão de Álcool";"Colisão transversal";"Com Vítimas Feridas";"Plena Noite";"Crescente";"Céu Claro";"Múltipla";"Reta";"Sim";2;0;0;1;1;0;1;2;2,80229396;-60,68243402;"SPRF-RR";"DEL01-RR";"UOP01-DEL01-RR"
235658;2019-09-15;"domingo";"19:20:00";"MT";70;9,2;"BARRA DO GARCAS";"Ingestão de Álcool";"Colisão traseira";"Com Vítimas Fatais";"Plena Noite";"Decrescente";"Céu Claro";"Simples";"Reta";"Não";2;1;1;0;0;0;1;2;-15,87841343;-52,33485999;"SPRF-MT";"DEL07-MT";"UOP01-DEL07-MT"
235659;2019-09-15;"domingo";"19:20:00";"SP";116;229,9;"SAO PAULO";"Não guardar distância de segurança";"Colisão traseira";"Sem Vítimas";"Plena Noite";"Crescente";"Céu Claro";"Simples";"Reta";"Não";2;0;0;0;2;0;0;2;-23,51291902;-46,57604698;"SPRF-SP";"DEL01-SP";"UOP01-DEL01-SP"
235660;2019-09-15;"domingo";"17:55:00";"PR";476;56,5;"TUNAS DO PARANA";"Falta de Atenção à Condução";"Colisão frontal";"Com Vítimas Feridas";"Anoitecer";"Decrescente";"Céu Claro";"Simples";"Reta";"Sim";2;0;0;2;0;0;2;2;-24,975174;-49,085026;"SPRF-PR";"DEL01-PR";"UOP07-DEL01-PR"
235661;2019-09-15;"domingo";"19:40:00";"PR";376;241,5;"APUCARANA";"Ingestão de Álcool";"Saída de leito carroçável";"Com Vítimas Feridas";"Plena Noite";"Crescente";"Céu Claro";"Simples";"Em Obras";"Não";1;0;0;1;0;0;1;1;-23,58168461;-51,42681594;"SPRF-PR";"DEL07-PR";"UOP03-DEL07-PR"
235662;2019-09-15;"domingo";"17:25:00";"PI";316;40,6;"LAGOA DO PIAUI";"Animais na Pista";"Atropelamento de Animal";"Com Vítimas Feridas";"Pleno dia";"Decrescente";"Sol";"Simples";"Reta";"Não";1;0;1;0;0;0;1;1;-5,40385598;-42,65110797;"SPRF-PI";"DEL01-PI";"UOP02-DEL01-PI"
235663;2019-09-15;"domingo";"19:00:00";"DF";40;4,6;"BRASILIA";"Falta de Atenção à Condução";"Queda de ocupante de veículo";"Com Vítimas Feridas";"Plena Noite";"Decrescente";"Céu Claro";"Dupla";"Reta";"Sim";2;0;1;0;1;0;1;2;-16,012033;-47,982124;"SPRF-DF";"DEL01-DF";"UOP01-DEL01-DF"
235665;2019-09-15;"domingo";"19:45:00";"RS";101;23;"TRES CACHOEIRAS";"Falta de Atenção à Condução";"Tombamento";"Com Vítimas Feridas";"Plena Noite";"Crescente";"Nublado";"Simples";"Reta";"Sim";1;0;1;0;0;0;1;1;-29,44526794;-49,90912604;"SPRF-RS";"DEL03-RS";"UOP02-DEL03-RS"
235666;2019-09-03;"terça-feira";"18:05:00";"GO";153;552,2;"PROFESSOR JAMIL";"Velocidade Incompatível";"Colisão transversal";"Com Vítimas Fatais";"Anoitecer";"Crescente";"Céu Claro";"Dupla";"Reta";"Sim";3;1;0;0;1;1;0;3;-17,1589;-49,2139;"SPRF-GO";"DEL01-GO";"UOP03-DEL01-GO"
235668;2019-09-15;"domingo";"19:20:00";"SC";280;27,4;"ARAQUARI";"Falta de Atenção à Condução";"Colisão transversal";"Com Vítimas Feridas";"Plena Noite";"Decrescente";"Nublado";"Simples";"Reta";"Sim";3;0;1;0;2;0;1;2;-26,39685622;-48,74021969;"SPRF-SC";"DEL03-SC";"UOP03-DEL03-SC"
235669;2019-09-15;"domingo";"18:50:00";"SC";470;51,5;"BLUMENAU";"Falta de Atenção à Condução";"Colisão transversal";"Com Vítimas Feridas";"Plena Noite";"Crescente";"Nublado";"Simples";"Reta";"Sim";2;0;0;1;1;0;1;2;-26,862339;-49,084038;"SPRF-SC";"DEL04-SC";"UOP01-DEL04-SC"
235670;2019-09-15;"domingo";"17:30:00";"PR";277;100;"CURITIBA";"Velocidade Incompatível";"Capotamento";"Sem Vítimas";"Anoitecer";"Crescente";"Céu Claro";"Simples";"Viaduto";"Sim";1;0;0;0;0;1;0;1;-25,52924091;-49,32682192;"SPRF-PR";"DEL01-PR";"UOP06-DEL01-PR"
235671;2019-09-15;"domingo";"19:00:00";"GO";70;30;"COCALZINHO DE GOIAS";"Não guardar distância de segurança";"Colisão traseira";"Sem Vítimas";"Plena Noite";"Decrescente";"Céu Claro";"Simples";"Reta";"Não";2;0;0;0;2;0;0;2;-15,76741921;-48,45159973;"SPRF-DF";"DEL01-DF";"UOP02-DEL03-DF"
235673;2019-09-15;"domingo";"18:00:00";"SC";101;137;"BALNEARIO CAMBORIU";"Falta de Atenção à Condução";"Colisão lateral";"Com Vítimas Feridas";"Amanhecer";"Crescente";"Céu Claro";"Simples";"Reta";"Não";1;0;1;0;0;0;1;1;-27,0157238;-48,61192763;"SPRF-SC";"DEL04-SC";"UOP03-DEL04-SC"
235674;2019-09-15;"domingo";"19:00:00";"SC";101;138;"BALNEARIO CAMBORIU";"Falta de Atenção à Condução";"Tombamento";"Com Vítimas Feridas";"Plena Noite";"Decrescente";"Céu Claro";"Dupla";"Reta";"Sim";1;0;1;0;0;0;1;1;-27,02397426;-48,60761649;"SPRF-SC";"DEL04-SC";"UOP03-DEL04-SC"
235676;2019-09-15;"domingo";"20:18:00";"PI";343;345,5;"TERESINA";"Falta de Atenção à Condução";"Colisão transversal";"Sem Vítimas";"Plena Noite";"Crescente";"Céu Claro";"Dupla";"Rotatória";"Sim";6;0;0;0;6;0;0;2;-5,102889;-42,766506;"SPRF-PI";"DEL01-PI";"UOP01-DEL01-PI"
235677;2019-09-15;"domingo";"18:25:00";"AC";364;132;"RIO BRANCO";"Desobediência às normas de trânsito pelo condutor";"Colisão transversal";"Com Vítimas Feridas";"Pleno dia";"Crescente";"Céu Claro";"Simples";"Reta";"Não";3;0;0;2;0;1;2;2;-10,01005063;-67,84552927;"SPRF-AC";"DEL01-AC";"UOP01-DEL01-AC"
235678;2019-09-15;"domingo";"18:10:00";"BA";116;4,4;"VITORIA DA CONQUISTA";"Velocidade Incompatível";"Colisão traseira";"Com Vítimas Feridas";"Plena Noite";"Decrescente";"Céu Claro";"Simples";"Reta";"Não";2;0;0;1;1;0;1;2;-14,825647;-40,873372;"SPRF-PE";"DEL05-PE";"UOP03-DEL05-PE"
235679;2019-09-15;"domingo";"20:30:00";"MG";381;502,5;"BETIM";"Animais na Pista";"Colisão traseira";"Sem Vítimas";"Pleno dia";"Crescente";"Céu Claro";"Dupla";"Reta";"Sim";5;0;0;0;5;0;0;3;-20,03619694;-44,24586303;"SPRF-MG";"DEL01-MG";"UOP03-DEL01-MG"
235681;2019-09-15;"domingo";"19:35:00";"PR";369;175,5;"ROLANDIA";"Desobediência às normas de trânsito pelo condutor";"Colisão transversal";"Com Vítimas Feridas";"Plena Noite";"Decrescente";"Céu Claro";"Dupla";"Reta";"Sim";3;0;1;1;1;0;2;2;-23,332828;-51,389196;"SPRF-PR";"DEL07-PR";"UOP01-DEL07-PR"
235682;2019-09-15;"domingo";"19:30:00";"RS";386;336,7;"MARQUES DE SOUZA";"Ingestão de Álcool";"Saída de leito carroçável";"Com Vítimas Feridas";"Plena Noite";"Decrescente";"Céu Claro";"Simples";"Reta";"Não";1;0;1;0;0;0;1;1;-29,38822;-52,043156;"SPRF-RS";"DEL04-RS";"UOP01-DEL04-RS"
235684;2019-09-15;"domingo";"18:10:00";"MA";10;299,5;"SAO FRANCISCO DO BREJAO";"Ingestão de Álcool";"Colisão transversal";"Com Vítimas Feridas";"Anoitecer";"Crescente";"Céu Claro";"Simples";"Interseção de Vias";"Sim";6;0;4;0;2;0;4;3;-5,11830106;-47,54882813;"SPRF-MA";"DEL04-MA";"UOP03-DEL04-MA"
235685;2019-09-15;"domingo";"18:30:00";"ES";259;98,3;"BAIXO GUANDU";"Velocidade Incompatível";"Saída de leito carroçável";"Com Vítimas Feridas";"Plena Noite";"Crescente";"Nublado";"Simples";"Curva";"Não";2;0;0;2;0;0;2;1;-19,5114129;-40,97859807;"SPRF-ES";"DEL02-ES";"UOP01-DEL02-ES"
235686;2019-09-15;"domingo";"21:20:00";"BA";116;16,6;"VITORIA DA CONQUISTA";"Desobediência às normas de trânsito pelo condutor";"Colisão transversal";"Com Vítimas Feridas";"Plena Noite";"Decrescente";"Céu Claro";"Simples";"Interseção de Vias";"Sim";2;0;1;0;0;1;1;2;-14,902433;-40,844269;"SPRF-BA";"DEL08-BA";"UOP01-DEL08-BA"
235687;2019-09-15;"domingo";"21:15:00";"PB";101;81,8;"BAYEUX";"Falta de Atenção à Condução";"Colisão com objeto estático";"Sem Vítimas";"Plena Noite";"Crescente";"Nublado";"Dupla";"Viaduto";"Sim";1;0;0;0;0;1;0;1;-7,12508575;-34,94513217;"SPRF-PB";"DEL01-PB";"UOP01-DEL01-PB"
235688;2019-09-15;"domingo";"19:45:00";"PR";369;459,1;"UBIRATA";"Ingestão de Álcool";"Colisão traseira";"Com Vítimas Feridas";"Plena Noite";"Decrescente";"Céu Claro";"Simples";"Aclive;Curva";"Não";5;0;3;2;0;0;5;2;-24,55839451;-53,08112025;"SPRF-PR";"DEL04-PR";"UOP03-DEL04-PR"
235689;2019-09-15;"domingo";"21:20:00";"CE";222;5;"CAUCAIA";"Falta de Atenção do Pedestre";"Atropelamento de Pedestre";"Com Vítimas Feridas";"Plena Noite";"Crescente";"Céu Claro";"Múltipla";"Reta";"Sim";2;0;2;0;0;0;2;2;-3,74296918;-38,61330997;"SPRF-CE";"DEL01-CE";"UOP01-DEL01-CE"
235690;2019-09-15;"domingo";"18:30:00";"SC";280;15,2;"SAO FRANCISCO DO SUL";"Não guardar distância de segurança";"Colisão traseira";"Com Vítimas Feridas";"Plena Noite";"Crescente";"Nublado";"Simples";"Reta";"Não";2;0;1;0;1;0;1;2;-26,33868901;-48,65489598;"SPRF-SC";"DEL03-SC";"UOP03-DEL03-SC"
235692;2019-09-15;"domingo";"19:10:00";"SC";101;410,3;"ARARANGUA";"Desobediência às normas de trânsito pelo condutor";"Colisão traseira";"Sem Vítimas";"Plena Noite";"Decrescente";"Céu Claro";"Simples";"Reta";"Sim";2;0;0;0;1;1;0;2;-28,9225061;-49,4913107;"SPRF-SC";"DEL02-SC";"UOP02-DEL02-SC"
235693;2019-09-15;"domingo";"21:50:00";"RJ";116;172;"MESQUITA";"Falta de Atenção do Pedestre";"Atropelamento de Pedestre";"Com Vítimas Feridas";"Plena Noite";"Decrescente";"Céu Claro";"Múltipla";"Reta";"Sim";2;0;1;0;0;1;1;2;-22,77504296;-43,40014413;"SPRF-RJ";"DEL01-RJ";"UOP02-DEL01-RJ"
235694;2019-09-15;"domingo";"21:45:00";"RN";427;13,9;"ACARI";"Velocidade Incompatível";"Saída de leito carroçável";"Com Vítimas Feridas";"Plena Noite";"Crescente";"Céu Claro";"Simples";"Curva";"Não";3;0;1;1;1;0;2;1;-6,34594277;-36,58758494;"SPRF-RN";"DEL03-RN";"UOP02-DEL03-RN"
235697;2019-09-15;"domingo";"20:00:00";"MS";267;118,4;"NOVA ANDRADINA";"Ingestão de Álcool";"Colisão lateral";"Sem Vítimas";"Plena Noite";"Crescente";"Céu Claro";"Simples";"Declive;Reta";"Não";1;0;0;0;1;0;0;1;-21,772996;-53,203047;"SPRF-MS";"DEL02-MS";"UOP03-DEL02-MS"
235698;2019-09-15;"domingo";"20:55:00";"RO";319;59,5;"PORTO VELHO";"Ingestão de Álcool";"Engavetamento";"Com Vítimas Feridas";"Plena Noite";"Decrescente";"Céu Claro";"Dupla";"Reta";"Sim";5;0;2;0;3;0;2;5;-8,74234079;-63,9016897;"SPRF-RO";"DEL01-RO";"UOP01-DEL01-RO"
235699;2019-09-15;"domingo";"22:30:00";"MG";365;472;"PATROCINIO";"Falta de Atenção à Condução";"Saída de leito carroçável";"Com Vítimas Feridas";"Plena Noite";"Decrescente";"Ignorado";"Simples";"Reta";"Não";1;0;1;0;0;0;1;1;-18,923;-46,992;"SPRF-MG";"DEL10-MG";"UOP01-DEL10-MG"
235700;2019-09-15;"domingo";"19:45:00";"RN";101;74,6;"NATAL";"Animais na Pista";"Atropelamento de Animal";"Com Vítimas Feridas";"Plena Noite";"Crescente";"Céu Claro";"Simples";"Reta";"Não";1;0;1;0;0;0;1;1;-5,71406254;-35,27232767;"SPRF-RN";"DEL02-RN";"UOP01-DEL02-RN"
235701;2019-09-15;"domingo";"22:15:00";"DF";40;5,4;"BRASILIA";"Deficiência ou não Acionamento do Sistema de Iluminação/Sinalização do Veículo";"Colisão lateral";"Com Vítimas Feridas";"Plena Noite";"Crescente";"Céu Claro";"Dupla";"Reta";"Não";2;0;1;0;1;0;1;2;-16,020903;-47,980541;"SPRF-DF";"DEL01-DF";"UOP01-DEL01-DF"
235702;2019-09-15;"domingo";"20:30:00";"RJ";116;171;"SAO JOAO DE MERITI";"Não guardar distância de segurança";"Engavetamento";"Sem Vítimas";"Plena Noite";"Crescente";"Céu Claro";"Dupla";"Reta";"Sim";4;0;0;0;4;0;0;3;-22,8060415;-43,34289573;"SPRF-RJ";"DEL01-RJ";"UOP02-DEL01-RJ"
235704;2019-09-15;"domingo";"21:50:00";"PI";343;212,8;"CAPITAO DE CAMPOS";"Falta de Atenção à Condução";"Colisão com objeto estático";"Com Vítimas Feridas";"Plena Noite";"Crescente";"Céu Claro";"Simples";"Reta";"Não";1;0;0;1;0;0;1;1;-4,45452795;-41,9366169;"SPRF-PI";"DEL02-PI";"UOP01-DEL02-PI"