"id";"data_inversa";"dia_semana";"horario";"uf";"br";"km";"municipio";"causa_acidente";"tipo_acidente";"classificacao_acidente";"fase_dia";"sentido_via";"condicao_metereologica";"tipo_pista";"tracado_via";"uso_solo";"pessoas";"mortos";"feridos_leves";"feridos_graves";"ilesos";"ignorados";"feridos";"veiculos";"latitude";"longitude";"regional";"delegacia";"uop"
236003;2019-09-16;"segunda-feira";"19:00:00";"PR";369;173;"ROLANDIA";"Falta de Atenção à Condução";"Colisão transversal";"Com Vítimas Feridas";"Plena Noite";"Crescente";"Céu Claro";"Simples";"Interseção de Vias";"Sim";2;0;1;0;1;0;1;2;-23,30940945;-51,36872292;"SPRF-PR";"DEL07-PR";"UOP01-DEL07-PR"
236004;2019-09-16;"segunda-feira";"21:20:00";"PI";316;36,7;"DEMERVAL LOBAO";"Animais na Pista";"Atropelamento de Animal";"Sem Vítimas";"Plena Noite";"Decrescente";"Céu Claro";"Simples";"Reta";"Não";1;0;0;0;1;0;0;1;-5,37513794;-42,67077569;"SPRF-PI";"DEL01-PI";"UOP02-DEL01-PI"
236005;2019-09-16;"segunda-feira";"20:15:00";"RO";364;422;"JARU";"Ingestão de Álcool";"Colisão traseira";"Com Vítimas Feridas";"Plena Noite";"Crescente";"Céu Claro";"Simples";"Reta";"Sim";2;0;1;0;1;0;1;2;-10,4597532;-62,4558043;"SPRF-RO";"DEL03-RO";"UOP02-DEL03-RO"
236006;2019-09-16;"segunda-feira";"21:30:00";"MT";174;318,5;"PONTES E LACERDA";"Animais na Pista";"Atropelamento de Animal";"Com Vítimas Feridas";"Plena Noite";"Decrescente";"Céu Claro";"Simples";"Reta";"Não";1;0;0;1;0;0;1;1;-14,98060654;-59,28977966;"SPRF-MT";"DEL04-MT";"UOP01-DEL04-MT"
236007;2019-09-16;"segunda-feira";"23:30:00";"PR";277;2,6;"FOZ DO IGUACU";"Falta de Atenção à Condução";"Queda de ocupante de veículo";"Com Vítimas Feridas";"Plena Noite";"Crescente";"Céu Claro";"Dupla";"Em Obras;Reta";"Sim";1;0;0;1;0;0;1;1;-25,48310614;-54,58249211;"SPRF-PR";"DEL05-PR";"UOP03-DEL05-PR"
236013;2019-09-17;"terça-feira";"00:55:00";"GO";60;388;"RIO VERDE";"Ingestão de álcool e/ou substâncias psicoativas pelo pedestre";"Tombamento";"Com Vítimas Feridas";"Plena Noite";"Crescente";"Céu Claro";"Dupla";"Reta";"Sim";1;0;1;0;0;0;1;1;-17,8151;-50,9343;"SPRF-GO";"DEL04-GO";"UOP01-DEL04-GO"
236016;2019-09-17;"terça-feira";"02:40:00";"PR";277;107;"CAMPO LARGO";"Falta de Atenção do Pedestre";"Atropelamento de Pedestre";"Com Vítimas Fatais";"Plena Noite";"Crescente";"Nublado";"Dupla";"Declive";"Não";2;1;0;0;1;0;0;2;-25,4338185;-49,40998077;"SPRF-PR";"DEL01-PR";"UOP06-DEL01-PR"
236017;2019-09-17;"terça-feira";"02:15:00";"RS";290;418,5;"SAO GABRIEL";"Ingestão de Álcool";"Colisão traseira";"Com Vítimas Feridas";"Plena Noite";"Crescente";"Céu Claro";"Simples";"Reta";"Sim";4;0;1;0;3;0;1;2;-30,354879;-54,328896;"SPRF-RS";"DEL11-RS";"UOP02-DEL11-RS"
236018;2019-09-16;"segunda-feira";"23:40:00";"MG";116;476;"TARUMIRIM";"Falta de Atenção do Pedestre";"Atropelamento de Pedestre";"Com Vítimas Fatais";"Plena Noite";"Decrescente";"Céu Claro";"Simples";"Reta;Ponte";"Não";2;1;0;0;0;1;0;2;-19,352403;-42,09062;"SPRF-MG";"DEL06-MG";"UOP02-DEL06-MG"
236020;2019-09-17;"terça-feira";"04:50:00";"SC";470;67,9;"INDAIAL";"Desobediência às normas de trânsito pelo condutor";"Colisão transversal";"Com Vítimas Feridas";"Plena Noite";"Decrescente";"Nevoeiro/Neblina";"Simples";"Reta";"Não";2;0;1;0;1;0;1;2;-26,87815786;-49,23998237;"SPRF-SC";"DEL04-SC";"UOP01-DEL04-SC"
236023;2019-09-17;"terça-feira";"05:20:00";"ES";101;119,9;"SOORETAMA";"Desobediência às normas de trânsito pelo condutor";"Colisão frontal";"Com Vítimas Feridas";"Amanhecer";"Crescente";"Céu Claro";"Simples";"Reta;Aclive";"Não";5;0;5;0;0;0;5;2;-19,13567283;-40,07109336;"SPRF-ES";"DEL04-ES";"UOP01-DEL04-ES"
236025;2019-09-17;"terça-feira";"05:55:00";"DF";70;6;"BRASILIA";"Condutor Dormindo";"Colisão com objeto estático";"Com Vítimas Feridas";"Amanhecer";"Crescente";"Céu Claro";"Dupla";"Reta";"Sim";1;0;1;0;0;0;1;1;-15,791242;-48,105759;"SPRF-DF";"DEL01-DF";"UOP02-DEL03-DF"
236026;2019-09-17;"terça-feira";"06:00:00";"PE";101;70,9;"RECIFE";"Velocidade Incompatível";"Queda de ocupante de veículo";"Com Vítimas Feridas";"Pleno dia";"Decrescente";"Céu Claro";"Dupla";"Reta";"Sim";1;0;1;0;0;0;1;1;-8,06776119;-34,94265074;"SPRF-PE";"DEL01-PE";"UOP01-DEL01-PE"
236029;2019-09-17;"terça-feira";"03:30:00";"SC";163;118;"DIONISIO CERQUEIRA";"Defeito Mecânico no Veículo";"Incêndio";"Sem Vítimas";"Plena Noite";"Crescente";"Céu Claro";"Simples";"Reta";"Não";1;0;0;0;1;0;0;1;-26,34577987;-53,54642262;"SPRF-SC";"DEL07-SC";"UOP04-DEL07-SC"
236030;2019-07-30;"terça-feira";"22:00:00";"BA";101;227;"CONCEICAO DO ALMEIDA";"Falta de Atenção do Pedestre";"Atropelamento de Pedestre";"Com Vítimas Fatais";"Plena Noite";"Decrescente";"Céu Claro";"Simples";"Reta";"Sim";3;1;0;0;2;0;0;2;-12,8087147;-39,19944735;"SPRF-BA";"DEL01-BA";"UOP02-DEL01-BA"
236031;2019-09-17;"terça-feira";"05:38:00";"RJ";101;334;"RIO DE JANEIRO";"Falta de Atenção à Condução";"Colisão traseira";"Com Vítimas Feridas";"Amanhecer";"Crescente";"Céu Claro";"Dupla";"Reta";"Sim";2;0;1;0;1;0;1;2;-22,88517902;-43,21704364;"SPRF-RJ";"DEL02-RJ";"UOP02-DEL02-RJ"
236033;2019-09-17;"terça-feira";"06:20:00";"MG";381;499;"BETIM";"Falta de Atenção à Condução";"Colisão com objeto estático";"Sem Vítimas";"Pleno dia";"Crescente";"Céu Claro";"Dupla";"Reta";"Não";1;0;0;0;1;0;0;1;-20,01792651;-44,2261448;"SPRF-MG";"DEL01-MG";"UOP03-DEL01-MG"
236034;2019-09-17;"terça-feira";"06:00:00";"PE";232;496,8;"VERDEJANTE";"Ingestão de Álcool";"Saída de leito carroçável";"Com Vítimas Feridas";"Pleno dia";"Crescente";"Céu Claro";"Simples";"Reta";"Não";1;0;1;0;0;0;1;1;-8,01694468;-39,02484408;"SPRF-PE";"DEL05-PE";"UOP01-DEL05-PE"
236035;2019-09-17;"terça-feira";"06:50:00";"CE";116;328,3;"JAGUARIBE";"Desobediência às normas de trânsito pelo condutor";"Colisão traseira";"Com Vítimas Feridas";"Pleno dia";"Decrescente";"Céu Claro";"Simples";"Reta";"Não";2;0;1;0;1;0;1;2;-6,05825201;-38,64985683;"SPRF-CE";"DEL05-CE";"UOP02-DEL05-CE"
236040;2019-09-17;"terça-feira";"07:45:00";"GO";60;15;"ALEXANIA";"Falta de Atenção à Condução";"Saída de leito carroçável";"Com Vítimas Feridas";"Pleno dia";"Decrescente";"Céu Claro";"Dupla";"Reta";"Não";1;0;1;0;0;0;1;1;-16,094168;-48,517212;"SPRF-DF";"DEL01-DF";"UOP01-DEL03-DF"
236041;2019-09-17;"terça-feira";"07:00:00";"RS";386;245,3;"SOLEDADE";"Falta de Atenção à Condução";"Colisão transversal";"Com Vítimas Feridas";"Pleno dia";"Decrescente";"Chuva";"Simples";"Interseção de Vias";"Sim";2;0;1;1;0;0;2;2;-28,80344713;-52,50803947;"SPRF-RS";"DEL04-RS";"UOP03-DEL04-RS"
236043;2019-09-17;"terça-feira";"06:40:00";"MG";381;594,8;"CARMOPOLIS DE MINAS";"Falta de Atenção à Condução";"Colisão com objeto estático";"Com Vítimas Feridas";"Pleno dia";"Crescente";"Céu Claro";"Dupla";"Reta";"Não";2;0;1;0;1;0;1;1;-20,59143674;-44,70067816;"SPRF-MG";"DEL04-MG";"UOP01-DEL04-MG"
236044;2019-09-17;"terça-feira";"07:00:00";"MS";163;482,3;"CAMPO GRANDE";"Falta de Atenção à Condução";"Queda de ocupante de veículo";"Com Vítimas Feridas";"Pleno dia";"Crescente";"Sol";"Simples";"Reta";"Sim";1;0;1;0;0;0;1;1;-20,46107;-54,55163;"SPRF-MS";"DEL01-MS";"UOP02-DEL01-MS"
236045;2019-09-17;"terça-feira";"07:50:00";"RN";101;109;"PARNAMIRIM";"Falta de Atenção do Pedestre";"Atropelamento de Pedestre";"Com Vítimas Feridas";"Pleno dia";"Crescente";"Céu Claro";"Dupla";"Aclive";"Sim";2;0;0;1;1;0;1;2;-5,937378;-35,26483;"SPRF-RN";"DEL01-RN";"UOP01-DEL01-RN"
236046;2019-09-17;"terça-feira";"07:50:00";"CE";222;14,8;"CAUCAIA";"Falta de Atenção à Condução";"Colisão transversal";"Com Vítimas Fatais";"Pleno dia";"Crescente";"Sol";"Simples";"Reta";"Não";2;1;0;1;0;0;1;2;-3,76168497;-38,68641099;"SPRF-CE";"DEL01-CE";"UOP01-DEL01-CE"
236047;2019-09-17;"terça-feira";"08:20:00";"AL";104;84,6;"RIO LARGO";"Velocidade Incompatível";"Saída de leito carroçável";"Com Vítimas Feridas";"Pleno dia";"Crescente";"Garoa/Chuvisco";"Dupla";"Reta";"Não";1;0;1;0;0;0;1;1;-9,45007991;-35,83193975;"SPRF-AL";"DEL01-AL";"UOP01-DEL01-AL"
236049;2019-09-17;"terça-feira";"07:30:00";"PE";101;65,9;"RECIFE";"Falta de Atenção à Condução";"Colisão lateral";"Com Vítimas Feridas";"Pleno dia";"Crescente";"Céu Claro";"Múltipla";"Reta";"Sim";2;0;1;0;1;0;1;2;-8,02478597;-34,94276635;"SPRF-PE";"DEL01-PE";"UOP01-DEL01-PE"
236050;2019-09-17;"terça-feira";"06:50:00";"MS";463;0,6;"DOURADOS";"Falta de Atenção à Condução";"Colisão transversal";"Com Vítimas Feridas";"Pleno dia";"Crescente";"Céu Claro";"Simples";"Interseção de Vias";"Sim";3;0;1;0;2;0;1;2;-22,258694;-54,804096;"SPRF-MS";"DEL04-MS";"UOP01-DEL04-MS"
236051;2019-09-17;"terça-feira";"07:02:00";"RO";319;62,1;"PORTO VELHO";"Desobediência às normas de trânsito pelo condutor";"Colisão transversal";"Com Vítimas Feridas";"Pleno dia";"Crescente";"Sol";"Dupla";"Reta";"Sim";3;0;1;0;2;0;1;2;-8,766685;-63,884052;"SPRF-RO";"DEL01-RO";"UOP01-DEL01-RO"
236052;2019-09-17;"terça-feira";"07:40:00";"PB";230;155,5;"CAMPINA GRANDE";"Desobediência às normas de trânsito pelo condutor";"Colisão transversal";"Com Vítimas Feridas";"Pleno dia";"Decrescente";"Céu Claro";"Simples";"Reta";"Sim";3;0;0;1;2;0;1;2;-7,2777;-35,8985;"SPRF-PB";"DEL02-PB";"UOP01-DEL02-PB"
236053;2019-09-17;"terça-feira";"08:40:00";"SC";282;16,5;"PALHOCA";"Falta de Atenção à Condução";"Colisão transversal";"Com Vítimas Feridas";"Pleno dia";"Crescente";"Céu Claro";"Simples";"Reta";"Sim";2;0;1;0;1;0;1;2;-27,658611;-48,681847;"SPRF-SC";"DEL01-SC";"UOP02-DEL01-SC"
236058;2019-09-17;"terça-feira";"08:10:00";"PR";116;126,6;"CURITIBA";"Falta de Atenção à Condução";"Colisão transversal";"Com Vítimas Feridas";"Pleno dia";"Decrescente";"Céu Claro";"Dupla";"Reta";"Não";2;0;1;0;1;0;1;2;-25,60389895;-49,31824423;"SPRF-PR";"DEL01-PR";"UOP03-DEL01-PR"
236059;2019-09-17;"terça-feira";"08:15:00";"PR";116;118;"CURITIBA";"Falta de Atenção à Condução";"Colisão traseira";"Com Vítimas Feridas";"Pleno dia";"Crescente";"Céu Claro";"Dupla";"Reta";"Sim";2;0;1;0;1;0;1;2;-25,54657438;-49,29173608;"SPRF-PR";"DEL01-PR";"UOP03-DEL01-PR"
236061;2019-09-17;"terça-feira";"08:15:00";"SC";101;335,5;"TUBARAO";"Ingestão de Álcool";"Colisão traseira";"Sem Vítimas";"Pleno dia";"Crescente";"Chuva";"Dupla";"Declive;Viaduto;Reta";"Sim";3;0;0;0;3;0;0;3;-28,46927473;-49,01557908;"SPRF-SC";"DEL02-SC";"UOP01-DEL02-SC"
236062;2019-09-17;"terça-feira";"08:30:00";"RS";470;194,8;"VERANOPOLIS";"Velocidade Incompatível";"Saída de leito carroçável";"Com Vítimas Feridas";"Pleno dia";"Decrescente";"Chuva";"Simples";"Curva";"Não";1;0;1;0;0;0;1;1;-29,05030203;-51,57387285;"SPRF-RS";"DEL06-RS";"UOP02-DEL06-RS"
236063;2019-09-17;"terça-feira";"08:30:00";"MG";50;71;"UBERLANDIA";"Falta de Atenção à Condução";"Colisão traseira";"Com Vítimas Feridas";"Pleno dia";"Decrescente";"Céu Claro";"Dupla";"Reta";"Sim";3;0;2;0;1;0;2;3;-18,85140204;-48,25345932;"SPRF-MG";"DEL15-MG";"UOP01-DEL15-MG"
236065;2019-09-17;"terça-feira";"09:40:00";"MG";40;723,5;"BARBACENA";"Velocidade Incompatível";"Capotamento";"Com Vítimas Feridas";"Pleno dia";"Crescente";"Céu Claro";"Dupla";"Reta";"Não";1;0;1;0;0;0;1;1;-21,29864253;-43,62857213;"SPRF-MG";"DEL05-MG";"UOP01-DEL05-MG"
236066;2019-09-17;"terça-feira";"09:20:00";"PI";343;591;"FLORIANO";"Animais na Pista";"Atropelamento de Animal";"Sem Vítimas";"Pleno dia";"Crescente";"Sol";"Dupla";"Reta";"Sim";2;0;0;0;1;1;0;2;-6,781361;-43,023224;"SPRF-PI";"DEL03-PI";"UOP01-DEL03-PI"
236067;2019-09-17;"terça-feira";"08:55:00";"PR";376;600,7;"CURITIBA";"Falta de Atenção à Condução";"Colisão traseira";"Com Vítimas Feridas";"Pleno dia";"Decrescente";"Céu Claro";"Dupla";"Reta";"Não";3;0;1;0;2;0;1;3;-25,53195602;-49,32205901;"SPRF-PR";"DEL01-PR";"UOP06-DEL01-PR"
236070;2019-09-17;"terça-feira";"10:05:00";"SC";470;55,9;"BLUMENAU";"Desobediência às normas de trânsito pelo condutor";"Colisão lateral";"Com Vítimas Feridas";"Pleno dia";"Crescente";"Nublado";"Simples";"Reta";"Sim";2;0;1;0;1;0;1;2;-26,875601;-49,117992;"SPRF-SC";"DEL04-SC";"UOP01-DEL04-SC"
236071;2019-09-17;"terça-feira";"09:45:00";"AL";101;139,2;"SAO MIGUEL DOS CAMPOS";"Falta de Atenção à Condução";"Colisão traseira";"Sem Vítimas";"Pleno dia";"Crescente";"Céu Claro";"Simples";"Interseção de Vias";"Não";5;0;0;0;5;0;0;2;-9,80798365;-36,11652374;"SPRF-AL";"DEL02-AL";"UOP01-DEL02-AL"
236072;2019-09-09;"segunda-feira";"08:10:00";"RO";364;429,7;"JARU";"Falta de Atenção à Condução";"Colisão traseira";"Com Vítimas Feridas";"Pleno dia";"Decrescente";"Céu Claro";"Simples";"Aclive";"Não";2;0;1;0;1;0;1;2;-10,41628317;-62,5026501;"SPRF-RO";"DEL03-RO";"UOP02-DEL03-RO"
236075;2019-09-17;"terça-feira";"09:20:00";"AL";101;218,9;"PORTO REAL DO COLEGIO";"Velocidade Incompatível";"Capotamento";"Sem Vítimas";"Pleno dia";"Crescente";"Nublado";"Dupla";"Aclive;Curva";"Não";1;0;0;0;1;0;0;1;-10,05337444;-36,67888641;"SPRF-AL";"DEL02-AL";"UOP02-DEL02-AL"
236076;2019-09-17;"terça-feira";"09:25:00";"SP";116;444,9;"REGISTRO";"Falta de Atenção à Condução";"Colisão lateral";"Com Vítimas Feridas";"Pleno dia";"Crescente";"Céu Claro";"Simples";"Interseção de Vias";"Sim";4;0;1;0;2;1;1;3;-24,50808046;-47,84992218;"SPRF-SP";"DEL05-SP";"UOP01-DEL05-SP"
236079;2019-09-17;"terça-feira";"09:50:00";"DF";20;15,3;"BRASILIA";"Velocidade Incompatível";"Saída de leito carroçável";"Com Vítimas Feridas";"Pleno dia";"Decrescente";"Sol";"Dupla";"Reta";"Não";6;0;1;0;5;0;1;2;-15,630189;-47,733288;"SPRF-DF";"DEL02-DF";"UOP01-DEL02-DF"
236080;2019-09-17;"terça-feira";"09:00:00";"MT";364;401;"CUIABA";"Desobediência às normas de trânsito pelo condutor";"Colisão lateral";"Com Vítimas Feridas";"Pleno dia";"Crescente";"Sol";"Simples";"Reta";"Sim";2;0;1;0;1;0;1;2;-15,67210033;-55,94649314;"SPRF-MT";"DEL02-MT";"UOP02-DEL01-MT"
236081;2019-09-17;"terça-feira";"09:00:00";"AP";156;236;"MACAPA";"Ingestão de Álcool";"Colisão frontal";"Com Vítimas Feridas";"Pleno dia";"Decrescente";"Céu Claro";"Simples";"Curva";"Não";2;0;1;0;1;0;1;2;0,2028299;-51,116314;"SPRF-AP";"DEL01-AP";"UOP01-DEL01-AP"
236082;2019-09-17;"terça-feira";"08:10:00";"RS";290;530,5;"ALEGRETE";"Defeito Mecânico no Veículo";"Incêndio";"Sem Vítimas";"Pleno dia";"Decrescente";"Céu Claro";"Simples";"Reta";"Não";1;0;0;0;1;0;0;1;-30,034468;-55,341927;"SPRF-RS";"DEL13-RS";"UOP02-DEL13-RS"
236084;2019-09-17;"terça-feira";"08:15:00";"PR";163;36,9;"SANTO ANTONIO DO SUDOESTE";"Desobediência às normas de trânsito pelo condutor";"Colisão frontal";"Com Vítimas Feridas";"Pleno dia";"Crescente";"Céu Claro";"Simples";"Reta;Aclive";"Sim";3;0;1;1;0;1;2;3;-26,05276;-53,726551;"SPRF-PR";"DEL02-PR";"UOP02-DEL02-PR"
236085;2019-09-17;"terça-feira";"10:20:00";"PR";376;193;"MARIALVA";"Falta de Atenção à Condução";"Saída de leito carroçável";"Sem Vítimas";"Pleno dia";"Decrescente";"Céu Claro";"Dupla";"Reta";"Não";1;0;0;0;1;0;0;1;-23,49625136;-51,80873394;"SPRF-PR";"DEL07-PR";"UOP01-DEL09-PR"
236086;2019-09-17;"terça-feira";"10:20:00";"RJ";40;115;"DUQUE DE CAXIAS";"Falta de Atenção à Condução";"Tombamento";"Com Vítimas Feridas";"Pleno dia";"Decrescente";"Sol";"Múltipla";"Reta";"Não";1;0;1;0;0;0;1;1;-22,72756999;-43,2891609;"SPRF-RJ";"DEL01-RJ";"UOP01-DEL01-RJ"
236087;2019-09-17;"terça-feira";"10:50:00";"BA";324;587;"CANDEIAS";"Falta de Atenção à Condução";"Capotamento";"Com Vítimas Feridas";"Pleno dia";"Crescente";"Céu Claro";"Dupla";"Reta";"Não";4;0;1;0;3;0;1;1;-12,64715411;-38,47504041;"SPRF-BA";"DEL01-BA";"UOP01-DEL01-BA"
236088;2019-09-17;"terça-feira";"07:25:00";"RS";285;296,2;"PASSO FUNDO";"Falta de Atenção à Condução";"Colisão transversal";"Com Vítimas Feridas";"Pleno dia";"Crescente";"Chuva";"Simples";"Interseção de Vias";"Sim";2;0;1;0;1;0;1;2;-28,23238;-52,4039;"SPRF-RS";"DEL08-RS";"UOP03-DEL08-RS"
236090;2019-09-17;"terça-feira";"08:30:00";"DF";20;19;"BRASILIA";"Não guardar distância de segurança";"Colisão traseira";"Sem Vítimas";"Pleno dia";"Decrescente";"Céu Claro";"Dupla";"Aclive;Reta";"Não";2;0;0;0;2;0;0;2;-15,612175;-47,700928;"SPRF-DF";"DEL02-DF";"UOP01-DEL02-DF"
236091;2019-09-17;"terça-feira";"11:15:00";"RJ";116;211;"SEROPEDICA";"Pista Escorregadia";"Queda de ocupante de veículo";"Com Vítimas Feridas";"Pleno dia";"Decrescente";"Céu Claro";"Dupla";"Reta";"Sim";1;0;1;0;0;0;1;1;-22,71844298;-43,700897;"SPRF-RJ";"DEL01-RJ";"UOP03-DEL01-RJ"
236092;2019-09-17;"terça-feira";"11:50:00";"PB";101;88,9;"JOAO PESSOA";"Falta de Atenção do Pedestre";"Atropelamento de Pedestre";"Com Vítimas Feridas";"Pleno dia";"Decrescente";"Nublado";"Dupla";"Declive";"Sim";2;0;0;1;1;0;1;2;-7,17383217;-34,89837354;"SPRF-PB";"DEL01-PB";"UOP01-DEL01-PB"
236093;2019-09-17;"terça-feira";"05:42:00";"BA";324;616;"SALVADOR";"Velocidade Incompatível";"Colisão traseira";"Sem Vítimas";"Amanhecer";"Decrescente";"Céu Claro";"Múltipla";"Interseção de Vias";"Sim";2;0;0;0;1;1;0;2;-12,87957905;-38,43213893;"SPRF-BA";"DEL01-BA";"UOP01-DEL01-BA"
236094;2019-09-17;"terça-feira";"11:00:00";"MT";364;204;"RONDONOPOLIS";"Falta de Atenção à Condução";"Colisão lateral";"Com Vítimas Feridas";"Pleno dia";"Crescente";"Céu Claro";"Dupla";"Retorno Regulamentado";"Sim";2;0;1;0;1;0;1;2;-16,467325;-54,657196;"SPRF-MT";"DEL02-MT";"UOP01-DEL02-MT"
236095;2019-09-17;"terça-feira";"11:45:00";"SP";116;226;"GUARULHOS";"Falta de Atenção à Condução";"Colisão traseira";"Com Vítimas Feridas";"Pleno dia";"Crescente";"Sol";"Múltipla";"Declive";"Sim";2;0;1;0;1;0;1;2;-23,49102507;-46,54878195;"SPRF-SP";"DEL01-SP";"UOP01-DEL01-SP"
236096;2019-09-16;"segunda-feira";"14:00:00";"AM";174;990,8;"PRESIDENTE FIGUEIREDO";"Falta de Atenção à Condução";"Saída de leito carroçável";"Sem Vítimas";"Pleno dia";"Decrescente";"Garoa/Chuvisco";"Simples";"Rotatória";"Sim";1;0;0;0;0;1;0;1;-2,04964529;-60,0258333;"SPRF-AM";"DEL01-AM";"UOP02-DEL01-AM"
236097;2019-09-17;"terça-feira";"12:10:00";"SC";280;31,6;"ARAQUARI";"Falta de Atenção à Condução";"Colisão transversal";"Com Vítimas Feridas";"Pleno dia";"Decrescente";"Céu Claro";"Simples";"Rotatória";"Não";3;0;1;1;1;0;2;2;-26,41831507;-48,77843857;"SPRF-SC";"DEL03-SC";"UOP03-DEL03-SC"
236098;2019-09-17;"terça-feira";"11:59:00";"PE";232;79;"GRAVATA";"Desobediência às normas de trânsito pelo condutor";"Colisão transversal";"Sem Vítimas";"Pleno dia";"Crescente";"Nublado";"Simples";"Rotatória";"Sim";2;0;0;0;2;0;0;2;-8,19464849;-35,56197703;"SPRF-PE";"DEL01-PE";"UOP02-DEL02PE"
236100;2019-09-17;"terça-feira";"12:50:00";"PI";316;313;"PICOS";"Falta de Atenção à Condução";"Colisão traseira";"Sem Vítimas";"Pleno dia";"Decrescente";"Céu Claro";"Simples";"Reta";"Não";3;0;0;0;3;0;0;3;-7,07959049;-41,44975182;"SPRF-PI";"DEL04-PI";"UOP01-DEL04-PI"
236101;2019-09-17;"terça-feira";"13:05:00";"SC";280;31,6;"ARAQUARI";"Falta de Atenção à Condução";"Colisão traseira";"Com Vítimas Feridas";"Pleno dia";"Decrescente";"Céu Claro";"Simples";"Rotatória";"Não";3;0;1;0;2;0;1;2;-26,4181229;-48,77861023;"SPRF-SC";"DEL03-SC";"UOP03-DEL03-SC"
236103;2019-09-17;"terça-feira";"13:00:00";"PR";277;345,9;"GUARAPUAVA";"Falta de Atenção à Condução";"Colisão frontal";"Com Vítimas Feridas";"Pleno dia";"Crescente";"Céu Claro";"Simples";"Curva";"Não";3;0;1;0;2;0;1;2;-25,33928412;-51,42880296;"SPRF-PR";"DEL03-PR";"UOP01-DEL08-PR"
236104;2019-09-17;"terça-feira";"13:00:00";"RS";116;225;"DOIS IRMAOS";"Velocidade Incompatível";"Colisão com objeto estático";"Com Vítimas Feridas";"Pleno dia";"Decrescente";"Chuva";"Simples";"Curva";"Não";1;0;0;1;0;0;1;1;-29,59704588;-51,10912224;"SPRF-RS";"DEL01-RS";"UOP02-DEL01-RS"
236105;2019-09-17;"terça-feira";"13:30:00";"BA";324;4,3;"FEIRA DE SANTANA";"Velocidade Incompatível";"Atropelamento de Pedestre";"Com Vítimas Feridas";"Pleno dia";"Crescente";"Céu Claro";"Dupla";"Declive";"Sim";2;0;0;1;1;0;1;2;-12,28398558;-38,9725399;"SPRF-BA";"DEL02-BA";"UOP01-DEL02-BA"
236106;2019-09-17;"terça-feira";"09:00:00";"RO";364;614;"ITAPUA DO OESTE";"Defeito Mecânico no Veículo";"Capotamento";"Com Vítimas Feridas";"Pleno dia";"Crescente";"Céu Claro";"Simples";"Reta";"Não";2;0;1;0;1;0;1;1;-9,12809907;-63,25235307;"SPRF-RO";"DEL03-RO";"UOP04-DEL01-RO"
236108;2019-09-17;"terça-feira";"13:55:00";"PE";101;40,5;"IGARASSU";"Falta de Atenção à Condução";"Colisão transversal";"Com Vítimas Feridas";"Pleno dia";"Decrescente";"Nublado";"Dupla";"Reta";"Sim";2;0;1;0;0;1;1;2;-7,821475;-34,916545;"SPRF-PE";"DEL01-PE";"UOP02-DEL01-PE"
236114;2019-09-17;"terça-feira";"14:35:00";"SC";280;55,6;"GUARAMIRIM";"Desobediência às normas de trânsito pelo condutor";"Colisão transversal";"Com Vítimas Feridas";"Pleno dia";"Decrescente";"Nublado";"Simples";"Reta";"Sim";2;0;1;0;1;0;1;2;-26,47584353;-48,9937858;"SPRF-SC";"DEL03-SC";"UOP03-DEL03-SC"
236115;2019-09-17;"terça-feira";"13:20:00";"MT";163;1032;"PEIXOTO DE AZEVEDO";"Falta de Atenção à Condução";"Colisão transversal";"Com Vítimas Fatais";"Pleno dia";"Crescente";"Céu Claro";"Simples";"Reta";"Não";2;1;0;1;0;0;1;2;-10;-54;"SPRF-MT";"DEL06-MT";"UOP02-DEL06-MT"
236116;2019-09-17;"terça-feira";"14:30:00";"RS";448;21;"PORTO ALEGRE";"Falta de Atenção à Condução";"Colisão traseira";"Com Vítimas Feridas";"Pleno dia";"Crescente";"Nublado";"Dupla";"Ponte";"Sim";4;0;3;0;1;0;3;2;-29,96574;-51,202034;"SPRF-RS";"DEL01-RS";"UOP01-DEL01-RS"
236117;2019-09-17;"terça-feira";"11:05:00";"CE";116;309,1;"JAGUARIBE";"Falta de Atenção à Condução";"Colisão transversal";"Com Vítimas Feridas";"Pleno dia";"Decrescente";"Céu Claro";"Simples";"Reta";"Sim";2;0;0;1;1;0;1;2;-5,89477992;-38,61975447;"SPRF-CE";"DEL05-CE";"UOP02-DEL05-CE"
236118;2019-09-17;"terça-feira";"11:25:00";"PR";153;35,7;"SANTO ANTONIO DA PLATINA";"Falta de Atenção à Condução";"Colisão traseira";"Com Vítimas Feridas";"Pleno dia";"Crescente";"Céu Claro";"Simples";"Reta";"Não";2;0;1;0;1;0;1;2;-23,2478376;-50,04311833;"SPRF-PR";"DEL07-PR";"UOP04-DEL07-PR"
236119;2019-09-17;"terça-feira";"14:00:00";"MG";262;398;"PARA DE MINAS";"Falta de Atenção à Condução";"Colisão lateral";"Com Vítimas Feridas";"Pleno dia";"Decrescente";"Céu Claro";"Dupla";"Retorno Regulamentado";"Sim";2;0;0;1;1;0;1;2;-19,90299685;-44,524329;"SPRF-MG";"DEL01-MG";"UOP03-DEL01-MG"
236120;2019-09-17;"terça-feira";"14:47:00";"PR";277;70;"SAO JOSE DOS PINHAIS";"Falta de Atenção à Condução";"Colisão traseira";"Com Vítimas Feridas";"Pleno dia";"Crescente";"Céu Claro";"Dupla";"Reta";"Sim";2;0;1;0;1;0;1;2;-25,53317957;-49,07969781;"SPRF-PR";"DEL01-PR";"UOP07-DEL01-PR"