"id";"data_inversa";"dia_semana";"horario";"uf";"br";"km";"municipio";"causa_acidente";"tipo_acidente";"classificacao_acidente";"fase_dia";"sentido_via";"condicao_metereologica";"tipo_pista";"tracado_via";"uso_solo";"pessoas";"mortos";"feridos_leves";"feridos_graves";"ilesos";"ignorados";"feridos";"veiculos";"latitude";"longitude";"regional";"delegacia";"uop"
236121;2019-09-16;"segunda-feira";"18:23:00";"AM";230;590;"HUMAITA";"Desobediência às normas de trânsito pelo condutor";"Colisão lateral";"Com Vítimas Fatais";"Anoitecer";"Decrescente";"Nevoeiro/Neblina";"Simples";"Reta";"Não";2;1;0;1;0;0;1;2;-7,54718106;-62,87869309;"SPRF-RO";"DEL01-RO";"UOP05-DEL01-AM"
236127;2019-09-17;"terça-feira";"15:40:00";"CE";222;5,3;"CAUCAIA";"Desobediência às normas de trânsito pelo condutor";"Colisão traseira";"Com Vítimas Feridas";"Pleno dia";"Decrescente";"Céu Claro";"Múltipla";"Reta";"Sim";2;0;1;0;1;0;1;2;-3,74357821;-38,61690809;"SPRF-CE";"DEL01-CE";"UOP01-DEL01-CE"
236129;2019-09-17;"terça-feira";"15:15:00";"PE";101;70;"RECIFE";"Falta de Atenção à Condução";"Capotamento";"Com Vítimas Feridas";"Pleno dia";"Decrescente";"Garoa/Chuvisco";"Dupla";"Curva";"Sim";3;0;1;0;1;1;1;2;-8,06776119;-34,94265074;"SPRF-PE";"DEL01-PE";"UOP01-DEL01-PE"
236130;2019-09-17;"terça-feira";"15:40:00";"PR";369;133,9;"IBIPORA";"Falta de Atenção à Condução";"Colisão traseira";"Com Vítimas Feridas";"Pleno dia";"Decrescente";"Céu Claro";"Simples";"Reta;Declive";"Sim";4;0;1;1;1;1;2;3;-23,26201715;-51,02561474;"SPRF-PR";"DEL07-PR";"UOP01-DEL07-PR"
236131;2019-09-17;"terça-feira";"16:10:00";"SC";101;158,3;"PORTO BELO";"Falta de Atenção à Condução";"Colisão transversal";"Com Vítimas Feridas";"Pleno dia";"Crescente";"Sol";"Dupla";"Reta";"Sim";3;0;2;0;1;0;2;2;-27,19096301;-48,61259017;"SPRF-SC";"DEL04-SC";"UOP03-DEL04-SC"
236134;2019-09-17;"terça-feira";"16:20:00";"GO";40;1,5;"VALPARAISO DE GOIAS";"Desobediência às normas de trânsito pelo condutor";"Colisão traseira";"Com Vítimas Feridas";"Pleno dia";"Crescente";"Céu Claro";"Dupla";"Reta";"Sim";2;0;0;1;1;0;1;2;-16,058245;-47,982825;"SPRF-DF";"DEL01-DF";"UOP01-DEL01-DF"
236135;2019-09-17;"terça-feira";"16:50:00";"ES";101;296,5;"CARIACICA";"Desobediência às normas de trânsito pelo condutor";"Colisão lateral";"Com Vítimas Feridas";"Pleno dia";"Decrescente";"Céu Claro";"Múltipla";"Reta";"Sim";2;0;1;0;1;0;1;2;-20,34007493;-40,39451305;"SPRF-ES";"DEL01-ES";"UOP01-DEL01-ES"
236137;2019-09-17;"terça-feira";"17:00:00";"RS";392;0,3;"PELOTAS";"Não guardar distância de segurança";"Colisão lateral";"Com Vítimas Feridas";"Pleno dia";"Decrescente";"Céu Claro";"Simples";"Reta";"Não";3;0;1;0;2;0;1;2;-31,772423;-52,34297;"SPRF-RS";"DEL07-RS";"UOP01-DEL07-RS"
236138;2019-09-17;"terça-feira";"17:40:00";"GO";40;8,1;"VALPARAISO DE GOIAS";"Pista Escorregadia";"Saída de leito carroçável";"Com Vítimas Feridas";"Pleno dia";"Decrescente";"Céu Claro";"Dupla";"Reta";"Sim";1;0;1;0;0;0;1;1;-16,116158;-47,96761;"SPRF-DF";"DEL01-DF";"UOP01-DEL01-DF"
236139;2019-09-17;"terça-feira";"17:05:00";"AP";210;0;"MACAPA";"Objeto estático sobre o leito carroçável";"Queda de ocupante de veículo";"Com Vítimas Feridas";"Pleno dia";"Decrescente";"Céu Claro";"Dupla";"Reta";"Sim";1;0;1;0;0;0;1;1;0,07780012;-51,06097;"SPRF-AP";"DEL01-AP";"UOP01-DEL01-AP"
236140;2019-09-17;"terça-feira";"17:30:00";"PR";369;93,9;"CORNELIO PROCOPIO";"Falta de Atenção à Condução";"Colisão transversal";"Com Vítimas Feridas";"Pleno dia";"Crescente";"Céu Claro";"Simples";"Em Obras;Interseção de Vias";"Não";2;0;1;0;1;0;1;2;-23,21779689;-50,67023546;"SPRF-PR";"DEL07-PR";"UOP05-DEL07-PR"
236141;2019-09-17;"terça-feira";"17:00:00";"PB";412;110,2;"SUME";"Desobediência às normas de trânsito pelo condutor";"Colisão transversal";"Com Vítimas Feridas";"Anoitecer";"Crescente";"Céu Claro";"Simples";"Reta";"Sim";2;0;0;1;1;0;1;2;-7,681408;-36,891315;"SPRF-PB";"DEL02-PB";"UOP02-DEL02-PB"
236142;2019-09-17;"terça-feira";"16:45:00";"MS";163;485,9;"CAMPO GRANDE";"Falta de Atenção à Condução";"Colisão transversal";"Com Vítimas Feridas";"Pleno dia";"Decrescente";"Sol";"Simples";"Reta";"Sim";2;0;1;0;1;0;1;2;-20,43569938;-54,54334259;"SPRF-MS";"DEL01-MS";"UOP02-DEL01-MS"
236143;2019-09-17;"terça-feira";"17:30:00";"SP";116;307;"SAO LOURENCO DA SERRA";"Velocidade Incompatível";"Atropelamento de Pedestre";"Com Vítimas Feridas";"Pleno dia";"Crescente";"Céu Claro";"Dupla";"Reta";"Não";2;0;1;0;1;0;1;2;-23,85108886;-46,93904492;"SPRF-SP";"DEL04-SP";"UOP01-DEL04-SP"
236146;2019-09-17;"terça-feira";"18:00:00";"PA";316;7;"ANANINDEUA";"Falta de Atenção à Condução";"Colisão traseira";"Com Vítimas Feridas";"Anoitecer";"Decrescente";"Nublado";"Múltipla";"Reta";"Sim";2;0;1;0;1;0;1;2;-1,37246314;-48,38458692;"SPRF-PA";"DEL01-PA";"UOP01-DEL01-PA"
236149;2019-09-17;"terça-feira";"17:40:00";"RJ";101;487;"ANGRA DOS REIS";"Falta de Atenção à Condução";"Colisão transversal";"Com Vítimas Feridas";"Anoitecer";"Crescente";"Céu Claro";"Simples";"Reta";"Sim";3;0;1;1;1;0;2;2;-22,96828891;-44,29864663;"SPRF-RJ";"DEL03-RJ";"UOP03-DEL03-RJ"
236150;2019-09-17;"terça-feira";"18:30:00";"ES";101;293,8;"CARIACICA";"Desobediência às normas de trânsito pelo pedestre";"Atropelamento de Pedestre";"Com Vítimas Feridas";"Plena Noite";"Crescente";"Céu Claro";"Dupla";"Reta";"Sim";3;0;1;2;0;0;3;2;-20,31526144;-40,39567044;"SPRF-ES";"DEL01-ES";"UOP01-DEL01-ES"
236151;2019-09-17;"terça-feira";"18:30:00";"PB";101;43,1;"MAMANGUAPE";"Condutor Dormindo";"Colisão com objeto estático";"Com Vítimas Feridas";"Plena Noite";"Decrescente";"Céu Claro";"Dupla";"Reta";"Não";3;0;2;1;0;0;3;1;-6,865561;-35,133374;"SPRF-PB";"DEL01-PB";"UOP04-DEL01-PB"
236152;2019-09-17;"terça-feira";"18:30:00";"MG";262;450;"NOVA SERRANA";"Falta de Atenção à Condução";"Colisão traseira";"Com Vítimas Feridas";"Plena Noite";"Crescente";"Céu Claro";"Simples";"Reta";"Não";2;0;1;0;1;0;1;2;-19,86755552;-44,9889018;"SPRF-MG";"DEL08-MG";"UOP03-DEL08-MG"
236153;2019-08-28;"quarta-feira";"12:00:00";"BA";324;541;"AMELIA RODRIGUES";"Falta de Atenção à Condução";"Colisão traseira";"Com Vítimas Feridas";"Pleno dia";"Decrescente";"Chuva";"Dupla";"Reta";"Não";5;0;1;0;4;0;1;2;-12,39033367;-38,78485688;"SPRF-BA";"DEL01-BA";"UOP01-DEL01-BA"
236154;2019-09-17;"terça-feira";"13:50:00";"MT";364;552,9;"ROSARIO OESTE";"Defeito Mecânico no Veículo";"Tombamento";"Com Vítimas Feridas";"Pleno dia";"Decrescente";"Céu Claro";"Dupla";"Reta";"Não";1;0;1;0;0;0;1;1;-14,83430567;-56,43363529;"SPRF-MT";"DEL01-MT";"UOP01-DEL01-MT"
236155;2019-09-17;"terça-feira";"18:10:00";"RJ";116;300,5;"RESENDE";"Não guardar distância de segurança";"Engavetamento";"Com Vítimas Feridas";"Anoitecer";"Crescente";"Céu Claro";"Dupla";"Reta";"Sim";6;0;1;0;5;0;1;5;-22,4550412;-44,38649998;"SPRF-RJ";"DEL07-RJ";"DEL5/7-UOP03/RJ"
236156;2019-09-17;"terça-feira";"18:15:00";"RS";386;346;"LAJEADO";"Não guardar distância de segurança";"Colisão traseira";"Com Vítimas Feridas";"Plena Noite";"Decrescente";"Chuva";"Dupla";"Reta";"Não";2;0;1;0;1;0;1;2;-29,446793;-51,974564;"SPRF-RS";"DEL04-RS";"UOP01-DEL04-RS"
236157;2019-09-01;"domingo";"19:00:00";"SC";101;143;"ITAPEMA";"Falta de Atenção à Condução";"Colisão com objeto estático";"Sem Vítimas";"Plena Noite";"Decrescente";"Chuva";"Dupla";"Reta";"Sim";1;0;0;0;1;0;0;1;-27,06436;-48,59599405;"SPRF-SC";"DEL04-SC";"UOP03-DEL04-SC"
236159;2019-09-17;"terça-feira";"18:30:00";"SC";470;54,4;"BLUMENAU";"Falta de Atenção à Condução";"Colisão transversal";"Com Vítimas Feridas";"Anoitecer";"Crescente";"Céu Claro";"Simples";"Interseção de Vias";"Sim";2;0;1;0;1;0;1;2;-26,871065;-49,110374;"SPRF-SC";"DEL04-SC";"UOP01-DEL04-SC"
236165;2019-09-17;"terça-feira";"19:00:00";"GO";40;9,4;"LUZIANIA";"Ingestão de Álcool";"Atropelamento de Pedestre";"Com Vítimas Feridas";"Plena Noite";"Crescente";"Céu Claro";"Simples";"Reta";"Sim";2;0;1;0;1;0;1;2;-16,131158;-47,957739;"SPRF-DF";"DEL01-DF";"UOP01-DEL01-DF"
236167;2019-09-17;"terça-feira";"17:30:00";"AC";364;150;"RIO BRANCO";"Falta de Atenção à Condução";"Colisão traseira";"Com Vítimas Feridas";"Anoitecer";"Decrescente";"Céu Claro";"Simples";"Reta";"Não";2;0;0;1;1;0;1;2;-9,871933;-67,91003;"SPRF-AC";"DEL01-AC";"UOP01-DEL01-AC"
236169;2019-09-17;"terça-feira";"19:55:00";"RO";319;63,5;"PORTO VELHO";"Falta de Atenção à Condução";"Colisão traseira";"Com Vítimas Feridas";"Pleno dia";"Crescente";"Céu Claro";"Múltipla";"Reta";"Sim";2;0;1;0;1;0;1;2;-8,7584212;-63,88622761;"SPRF-RO";"DEL01-RO";"UOP01-DEL01-RO"
236170;2019-09-17;"terça-feira";"18:45:00";"BA";110;345,5;"ALAGOINHAS";"Desobediência às normas de trânsito pelo condutor";"Colisão frontal";"Com Vítimas Feridas";"Anoitecer";"Crescente";"Nublado";"Simples";"Reta";"Não";4;0;2;0;2;0;2;2;-12,250048;-38,393554;"SPRF-BA";"DEL01-BA";"UOP04-DEL01-BA"
236171;2019-09-17;"terça-feira";"19:10:00";"RS";116;530,1;"CAPAO DO LEAO";"Falta de Atenção à Condução";"Colisão transversal";"Com Vítimas Feridas";"Plena Noite";"Decrescente";"Céu Claro";"Simples";"Interseção de Vias";"Sim";2;0;1;0;1;0;1;2;-31,7590834;-52,43687971;"SPRF-RS";"DEL07-RS";"UOP01-DEL07-RS"
236173;2019-09-17;"terça-feira";"20:15:00";"RN";110;45,9;"MOSSORO";"Falta de Atenção à Condução";"Colisão traseira";"Com Vítimas Feridas";"Plena Noite";"Crescente";"Céu Claro";"Simples";"Reta";"Sim";2;0;1;0;0;1;1;2;-5,19257993;-37,31114905;"SPRF-RN";"DEL04-RN";"UOP01-DEL04-RN"
236174;2019-09-17;"terça-feira";"19:00:00";"PR";476;111,4;"COLOMBO";"Falta de Atenção à Condução";"Queda de ocupante de veículo";"Com Vítimas Feridas";"Plena Noite";"Crescente";"Ignorado";"Simples";"Curva";"Não";1;0;1;0;0;0;1;1;-25,31404158;-49,15759563;"SPRF-PR";"DEL01-PR";"UOP07-DEL01-PR"
236180;2019-09-17;"terça-feira";"18:00:00";"RJ";101;309;"SAO GONCALO";"Falta de Atenção à Condução";"Colisão transversal";"Com Vítimas Feridas";"Anoitecer";"Decrescente";"Céu Claro";"Simples";"Reta";"Sim";2;0;1;0;1;0;1;2;-22,79663714;-43,04170847;"SPRF-RJ";"DEL02-RJ";"UOP02-DEL02-RJ"
236182;2019-09-17;"terça-feira";"20:30:00";"ES";259;65,2;"COLATINA";"Ingestão de Álcool";"Colisão frontal";"Com Vítimas Fatais";"Plena Noite";"Crescente";"Céu Claro";"Simples";"Reta";"Sim";3;1;0;1;1;0;1;2;-19,51944313;-40,71585905;"SPRF-ES";"DEL02-ES";"UOP01-DEL02-ES"
236183;2019-09-17;"terça-feira";"19:45:00";"MG";40;507,7;"RIBEIRAO DAS NEVES";"Mal Súbito";"Saída de leito carroçável";"Com Vítimas Feridas";"Plena Noite";"Crescente";"Céu Claro";"Simples";"Reta";"Sim";1;0;1;0;0;0;1;1;-19,758124;-44,138179;"SPRF-MG";"DEL02-MG";"UOP01-DEL02-MG"
236185;2019-09-17;"terça-feira";"20:30:00";"DF";80;1;"BRASILIA";"Falta de Atenção à Condução";"Colisão frontal";"Com Vítimas Fatais";"Plena Noite";"Crescente";"Céu Claro";"Simples";"Reta";"Não";2;1;0;0;1;0;0;2;-15,733511;-48,084099;"SPRF-DF";"DEL01-DF";"UOP02-DEL03-DF"
236186;2019-09-17;"terça-feira";"20:30:00";"ES";101;117;"SOORETAMA";"Falta de Atenção à Condução";"Queda de ocupante de veículo";"Com Vítimas Feridas";"Plena Noite";"Crescente";"Céu Claro";"Simples";"Reta";"Não";1;0;0;1;0;0;1;1;-19,11932808;-40,06302982;"SPRF-ES";"DEL04-ES";"UOP01-DEL04-ES"
236187;2019-09-17;"terça-feira";"20:10:00";"RN";101;109,2;"PARNAMIRIM";"Agressão Externa";"Colisão transversal";"Com Vítimas Feridas";"Plena Noite";"Crescente";"Céu Claro";"Dupla";"Reta";"Não";2;0;1;0;1;0;1;2;-5,937378;-35,26483;"SPRF-RN";"DEL01-RN";"UOP01-DEL01-RN"
236189;2019-09-17;"terça-feira";"20:30:00";"PR";376;658;"TIJUCAS DO SUL";"Pista Escorregadia";"Saída de leito carroçável";"Com Vítimas Feridas";"Plena Noite";"Decrescente";"Chuva";"Dupla";"Curva";"Não";1;0;1;0;0;0;1;1;-25,85300602;-49,02166198;"SPRF-PR";"DEL01-PR";"UOP04-DEL01-PR"
236190;2019-09-17;"terça-feira";"20:50:00";"SP";116;52,8;"LORENA";"Defeito na Via";"Queda de ocupante de veículo";"Com Vítimas Feridas";"Plena Noite";"Crescente";"Céu Claro";"Simples";"Rotatória";"Sim";1;0;1;0;0;0;1;1;-22,74708138;-45,09973038;"SPRF-SP";"DEL08-SP";"UOP01-DEL08-SP"
236192;2019-09-17;"terça-feira";"21:40:00";"PR";277;6,6;"PARANAGUA";"Sinalização da via insuficiente ou inadequada";"Colisão traseira";"Com Vítimas Feridas";"Plena Noite";"Crescente";"Vento";"Dupla";"Interseção de Vias";"Sim";1;0;1;0;0;0;1;1;-25,5205;-48,5095;"SPRF-PR";"DEL01-PR";"UOP05-DEL01-PR"
236194;2019-09-17;"terça-feira";"21:40:00";"GO";40;12;"LUZIANIA";"Ingestão de Álcool";"Saída de leito carroçável";"Sem Vítimas";"Plena Noite";"Decrescente";"Céu Claro";"Dupla";"Reta";"Sim";1;0;0;0;1;0;0;1;-16,145123;-47,945382;"SPRF-DF";"DEL01-DF";"UOP01-DEL01-DF"
236196;2019-09-17;"terça-feira";"19:00:00";"RO";435;85;"COLORADO DO OESTE";"Desobediência às normas de trânsito pelo condutor";"Colisão transversal";"Com Vítimas Feridas";"Plena Noite";"Crescente";"Céu Claro";"Simples";"Reta";"Não";4;0;1;1;2;0;2;3;-13,11884911;-60,53173398;"SPRF-RO";"DEL04-RO";"UOP02-DEL04-RO"
236197;2019-09-17;"terça-feira";"22:30:00";"SC";101;132;"BALNEARIO CAMBORIU";"Falta de Atenção à Condução";"Colisão lateral";"Com Vítimas Feridas";"Plena Noite";"Crescente";"Nublado";"Múltipla";"Reta";"Não";3;0;2;0;1;0;2;2;-26,99654133;-48,65564711;"SPRF-SC";"DEL04-SC";"UOP03-DEL04-SC"
236199;2019-09-17;"terça-feira";"18:30:00";"RJ";40;61;"PETROPOLIS";"Defeito Mecânico no Veículo";"Queda de ocupante de veículo";"Com Vítimas Feridas";"Plena Noite";"Crescente";"Céu Claro";"Simples";"Reta";"Não";1;0;1;0;0;0;1;1;-22,41007634;-43,14502716;"SPRF-RJ";"DEL06-RJ";"UOP01-DEL06-RJ"
236200;2019-09-17;"terça-feira";"23:00:00";"ES";101;69,5;"SAO MATEUS";"Falta de Atenção à Condução";"Queda de ocupante de veículo";"Com Vítimas Feridas";"Plena Noite";"Decrescente";"Céu Claro";"Simples";"Aclive";"Não";1;0;1;0;0;0;1;1;-18,73556097;-39,86069526;"SPRF-ES";"DEL04-ES";"UOP02-DEL04-ES"
236201;2019-09-17;"terça-feira";"15:00:00";"BA";242;364;"LENCOIS";"Defeito na Via";"Capotamento";"Com Vítimas Feridas";"Pleno dia";"Decrescente";"Céu Claro";"Simples";"Curva";"Não";2;0;1;0;1;0;1;1;-12,4615682;-41,42170104;"SPRF-BA";"DEL06-BA";"UOP01-DEL06-BA"
236203;2019-09-17;"terça-feira";"22:55:00";"SP";116;49,3;"LORENA";"Falta de Atenção à Condução";"Colisão traseira";"Com Vítimas Feridas";"Plena Noite";"Decrescente";"Céu Claro";"Dupla";"Reta";"Não";2;0;1;0;1;0;1;2;-22,732047;-45,0768678;"SPRF-SP";"DEL08-SP";"UOP01-DEL08-SP"
236205;2019-09-17;"terça-feira";"22:25:00";"SC";280;31;"ARAQUARI";"Velocidade Incompatível";"Colisão traseira";"Com Vítimas Feridas";"Plena Noite";"Crescente";"Nublado";"Simples";"Reta";"Sim";2;0;0;1;1;0;1;2;-26,41643181;-48,77148628;"SPRF-SC";"DEL03-SC";"UOP03-DEL03-SC"
236207;2019-09-17;"terça-feira";"22:30:00";"PI";230;308,5;"FLORIANO";"Ingestão de Álcool";"Colisão frontal";"Com Vítimas Feridas";"Plena Noite";"Crescente";"Céu Claro";"Simples";"Reta";"Sim";2;0;1;0;1;0;1;2;-6,76953987;-43,00795555;"SPRF-PI";"DEL03-PI";"UOP01-DEL03-PI"
236208;2019-09-17;"terça-feira";"22:20:00";"SC";282;348;"CAMPOS NOVOS";"Falta de Atenção à Condução";"Colisão traseira";"Com Vítimas Feridas";"Plena Noite";"Crescente";"Chuva";"Simples";"Reta";"Não";2;0;1;0;1;0;1;2;-27,359234;-51,320999;"SPRF-SC";"DEL07-SC";"UOP06-DEL07-SC"
236209;2019-09-18;"quarta-feira";"00:10:00";"RJ";40;120;"DUQUE DE CAXIAS";"Falta de Atenção à Condução";"Capotamento";"Com Vítimas Feridas";"Plena Noite";"Crescente";"Céu Claro";"Múltipla";"Reta";"Sim";3;0;0;3;0;0;3;1;-22,77280597;-43,28626763;"SPRF-RJ";"DEL01-RJ";"UOP01-DEL01-RJ"
236210;2019-09-18;"quarta-feira";"00:01:00";"GO";153;501;"GOIANIA";"Falta de Atenção à Condução";"Colisão com objeto estático";"Com Vítimas Feridas";"Plena Noite";"Decrescente";"Céu Claro";"Dupla";"Reta";"Sim";1;0;1;0;0;0;1;1;-16,70677086;-49,2308129;"SPRF-GO";"DEL01-GO";"UOP01-DEL01-GO"
236211;2019-09-17;"terça-feira";"22:50:00";"GO";153;582,9;"PROFESSOR JAMIL";"Ingestão de Álcool";"Saída de leito carroçável";"Com Vítimas Feridas";"Plena Noite";"Decrescente";"Céu Claro";"Dupla";"Aclive";"Não";1;0;1;0;0;0;1;1;-17,3987;-49,2233;"SPRF-GO";"DEL03-GO";"UOP01-DEL03-GO"
236215;2019-09-18;"quarta-feira";"00:05:00";"SP";116;228,1;"SAO PAULO";"Ingestão de Álcool";"Colisão com objeto estático";"Com Vítimas Feridas";"Plena Noite";"Decrescente";"Nublado";"Múltipla";"Reta;Declive";"Sim";2;0;1;0;0;1;1;2;-23,50326657;-46,56658173;"SPRF-SP";"DEL01-SP";"UOP01-DEL01-SP"
236217;2019-09-18;"quarta-feira";"00:50:00";"PR";369;504,5;"CORBELIA";"Ingestão de Álcool";"Colisão lateral";"Com Vítimas Feridas";"Plena Noite";"Decrescente";"Céu Claro";"Simples";"Reta";"Não";2;0;1;1;0;0;2;2;-24,8169;-53,2964;"SPRF-PR";"DEL04-PR";"UOP03-DEL04-PR"
236218;2019-09-18;"quarta-feira";"01:55:00";"PR";369;501,1;"CORBELIA";"Ingestão de Álcool";"Saída de leito carroçável";"Com Vítimas Feridas";"Plena Noite";"Decrescente";"Céu Claro";"Dupla";"Reta";"Sim";1;0;1;0;0;0;1;1;-24,7919;-53,2884;"SPRF-PR";"DEL04-PR";"UOP03-DEL04-PR"
236219;2019-09-18;"quarta-feira";"00:05:00";"PB";230;461;"SOUSA";"Falta de Atenção à Condução";"Colisão transversal";"Com Vítimas Feridas";"Plena Noite";"Decrescente";"Céu Claro";"Simples";"Reta";"Sim";3;0;1;2;0;0;3;2;-6,7753;-38,2061;"SPRF-PB";"DEL03-PB";"UOP03-DEL03-PB"
236221;2019-09-18;"quarta-feira";"01:00:00";"MG";40;509;"RIBEIRAO DAS NEVES";"Não guardar distância de segurança";"Colisão traseira";"Sem Vítimas";"Plena Noite";"Decrescente";"Céu Claro";"Dupla";"Reta";"Não";1;0;0;0;0;1;0;1;-19,76728744;-44,12855905;"SPRF-MG";"DEL01-MG";"UOP02-DEL01-MG"
236222;2019-09-18;"quarta-feira";"00:40:00";"BA";101;888;"TEIXEIRA DE FREITAS";"Falta de Atenção do Pedestre";"Atropelamento de Pedestre";"Com Vítimas Feridas";"Plena Noite";"Crescente";"Céu Claro";"Simples";"Curva;Declive";"Não";3;0;0;1;1;1;1;2;-17,59723033;-39,7492218;"SPRF-BA";"DEL09-BA";"UOP02-DEL09-BA"
236224;2019-09-18;"quarta-feira";"01:35:00";"SC";101;303,3;"LAGUNA";"Condutor Dormindo";"Colisão com objeto estático";"Com Vítimas Feridas";"Plena Noite";"Crescente";"Chuva";"Dupla";"Reta";"Sim";1;0;1;0;0;0;1;1;-28,36149723;-48,74974275;"SPRF-SC";"DEL02-SC";"UOP03-DEL02-SC"
236228;2019-07-15;"segunda-feira";"05:30:00";"BA";324;576;"SAO SEBASTIAO DO PASSE";"Falta de Atenção à Condução";"Colisão traseira";"Com Vítimas Feridas";"Pleno dia";"Crescente";"Nublado";"Dupla";"Reta";"Não";5;0;1;1;1;2;2;2;-12,57834312;-38,53790009;"SPRF-BA";"DEL01-BA";"UOP01-DEL01-BA"
236231;2019-09-18;"quarta-feira";"05:15:00";"SP";116;274,9;"EMBU DAS ARTES";"Velocidade Incompatível";"Capotamento";"Com Vítimas Feridas";"Plena Noite";"Decrescente";"Céu Claro";"Dupla";"Reta";"Sim";1;0;1;0;0;0;1;1;-23,63445084;-46,82418514;"SPRF-SP";"DEL04-SP";"UOP01-DEL04-SP"
236232;2019-09-18;"quarta-feira";"06:50:00";"BA";101;881;"TEIXEIRA DE FREITAS";"Falta de Atenção à Condução";"Colisão transversal";"Com Vítimas Feridas";"Amanhecer";"Crescente";"Sol";"Simples";"Reta";"Não";3;0;0;1;2;0;1;2;-17,57072057;-39,73205566;"SPRF-BA";"DEL09-BA";"UOP02-DEL09-BA"
236233;2019-09-18;"quarta-feira";"06:20:00";"SC";101;206;"SAO JOSE";"Falta de Atenção à Condução";"Colisão lateral";"Com Vítimas Feridas";"Pleno dia";"Decrescente";"Chuva";"Dupla";"Reta";"Não";2;0;1;0;1;0;1;2;-27,59193546;-48,61824557;"SPRF-SC";"DEL01-SC";"UOP01-DEL01-SC"
236234;2019-09-18;"quarta-feira";"06:40:00";"PB";101;89;"JOAO PESSOA";"Falta de Atenção à Condução";"Colisão traseira";"Com Vítimas Feridas";"Pleno dia";"Crescente";"Céu Claro";"Dupla";"Reta";"Sim";2;0;1;0;1;0;1;2;-7,1710694;-34,89765372;"SPRF-PB";"DEL01-PB";"UOP01-DEL01-PB"
236236;2019-09-18;"quarta-feira";"05:05:00";"RO";364;343,2;"JI-PARANA";"Desobediência às normas de trânsito pelo condutor";"Colisão transversal";"Com Vítimas Feridas";"Amanhecer";"Decrescente";"Céu Claro";"Dupla";"Interseção de Vias";"Sim";2;0;2;0;0;0;2;2;-10,87878519;-61,94499012;"SPRF-RO";"DEL02-RO";"UOP01-DEL02-RO"
236237;2019-09-18;"quarta-feira";"07:00:00";"PI";343;20,1;"PARNAIBA";"Condutor Dormindo";"Saída de leito carroçável";"Com Vítimas Feridas";"Pleno dia";"Crescente";"Céu Claro";"Simples";"Reta";"Não";1;0;1;0;0;0;1;1;-2,98506311;-41,76321745;"SPRF-PI";"DEL05-PI";"UOP01-DEL05-PI"
236238;2019-09-18;"quarta-feira";"07:00:00";"PR";277;0,5;"PARANAGUA";"Falta de Atenção à Condução";"Colisão transversal";"Com Vítimas Feridas";"Pleno dia";"Crescente";"Nublado";"Dupla";"Reta";"Sim";2;0;2;0;0;0;2;2;-25,55452183;-48,55854034;"SPRF-PR";"DEL01-PR";"UOP05-DEL01-PR"
236239;2019-09-18;"quarta-feira";"07:10:00";"DF";70;18,5;"BRASILIA";"Falta de Atenção à Condução";"Colisão traseira";"Com Vítimas Feridas";"Pleno dia";"Decrescente";"Céu Claro";"Dupla";"Reta";"Não";3;0;2;0;1;0;2;2;-15,790024;-48,215855;"SPRF-DF";"DEL01-DF";"UOP02-DEL03-DF"
236240;2019-09-18;"quarta-feira";"07:00:00";"RJ";116;47;"TERESOPOLIS";"Falta de Atenção à Condução";"Colisão traseira";"Com Vítimas Feridas";"Amanhecer";"Crescente";"Céu Claro";"Simples";"Reta";"Sim";2;0;0;1;1;0;1;2;-22,17103381;-42,8313391;"SPRF-RJ";"DEL04-RJ";"UOP01-DEL04-RJ"
236241;2019-09-18;"quarta-feira";"07:00:00";"SP";116;215;"GUARULHOS";"Animais na Pista";"Atropelamento de Animal";"Com Vítimas Feridas";"Pleno dia";"Crescente";"Sol";"Múltipla";"Reta";"Sim";2;0;2;0;0;0;2;1;-23,44658323;-46,45390749;"SPRF-SP";"DEL01-SP";"UOP01-DEL01-SP"
236243;2019-09-18;"quarta-feira";"07:05:00";"SP";116;147,6;"SAO JOSE DOS CAMPOS";"Não guardar distância de segurança";"Colisão traseira";"Com Vítimas Feridas";"Pleno dia";"Decrescente";"Céu Claro";"Múltipla";"Reta";"Sim";3;0;2;0;1;0;2;2;-23,19542994;-45,87176303;"SPRF-SP";"DEL02-SP";"UOP01-DEL02-SP"
236244;2019-09-18;"quarta-feira";"07:40:00";"DF";40;5,9;"BRASILIA";"Falta de Atenção à Condução";"Colisão lateral";"Com Vítimas Feridas";"Pleno dia";"Decrescente";"Céu Claro";"Dupla";"Reta";"Sim";2;0;0;1;1;0;1;2;-16,020903;-47,980541;"SPRF-DF";"DEL01-DF";"UOP01-DEL01-DF"
236245;2019-09-18;"quarta-feira";"07:35:00";"RJ";101;322;"NITEROI";"Falta de Atenção à Condução";"Colisão lateral";"Com Vítimas Feridas";"Pleno dia";"Decrescente";"Céu Claro";"Simples";"Reta";"Não";2;0;1;0;1;0;1;2;-22,878923;-43,110676;"SPRF-RJ";"DEL02-RJ";"UOP02-DEL02-RJ"
236246;2019-09-18;"quarta-feira";"07:20:00";"DF";40;3,9;"BRASILIA";"Falta de Atenção à Condução";"Colisão lateral";"Com Vítimas Feridas";"Pleno dia";"Decrescente";"Céu Claro";"Dupla";"Reta";"Sim";3;0;1;1;1;0;2;2;-16,003145;-47,983944;"SPRF-DF";"DEL01-DF";"UOP01-DEL01-DF"