"id";"data_inversa";"dia_semana";"horario";"uf";"br";"km";"municipio";"causa_acidente";"tipo_acidente";"classificacao_acidente";"fase_dia";"sentido_via";"condicao_metereologica";"tipo_pista";"tracado_via";"uso_solo";"pessoas";"mortos";"feridos_leves";"feridos_graves";"ilesos";"ignorados";"feridos";"veiculos";"latitude";"longitude";"regional";"delegacia";"uop"
236376;2019-09-18;"quarta-feira";"18:00:00";"PR";476;158,7;"ARAUCARIA";"Falta de Atenção à Condução";"Saída de leito carroçável";"Sem Vítimas";"Plena Noite";"Crescente";"Chuva";"Simples";"Reta";"Não";1;0;0;0;1;0;0;1;-25,61563843;-49,42674014;"SPRF-PR";"DEL01-PR";"UOP06-DEL01-PR"
236377;2019-09-18;"quarta-feira";"19:10:00";"ES";101;98,3;"JAGUARE";"Ultrapassagem Indevida";"Saída de leito carroçável";"Com Vítimas Feridas";"Plena Noite";"Crescente";"Céu Claro";"Simples";"Reta";"Não";2;0;1;0;1;0;1;2;-18,96368507;-39,98757584;"SPRF-ES";"DEL04-ES";"UOP02-DEL04-ES"
236379;2019-09-18;"quarta-feira";"17:15:00";"SC";282;377,1;"HERVAL DOESTE";"Velocidade Incompatível";"Saída de leito carroçável";"Com Vítimas Feridas";"Pleno dia";"Decrescente";"Chuva";"Simples";"Curva";"Não";3;0;1;0;2;0;1;1;-27,216974;-51,470055;"SPRF-SC";"DEL07-SC";"UOP05-DEL07-SC"
236382;2019-09-18;"quarta-feira";"19:30:00";"MS";163;260,4;"DOURADOS";"Animais na Pista";"Atropelamento de Animal";"Com Vítimas Feridas";"Plena Noite";"Crescente";"Nublado";"Dupla";"Reta";"Não";2;0;1;0;1;0;1;1;-22,24490123;-54,77201072;"SPRF-MS";"DEL04-MS";"UOP01-DEL04-MS"
236383;2019-09-18;"quarta-feira";"19:30:00";"GO";60;33,8;"ALEXANIA";"Falta de Atenção do Pedestre";"Atropelamento de Pedestre";"Com Vítimas Feridas";"Plena Noite";"Crescente";"Céu Claro";"Dupla";"Declive;Reta";"Não";3;0;0;1;1;1;1;2;-16,0963;-48,5202;"SPRF-DF";"DEL01-DF";"UOP01-DEL03-DF"
236386;2019-09-18;"quarta-feira";"19:30:00";"RN";101;109,1;"PARNAMIRIM";"Falta de Atenção à Condução";"Colisão lateral";"Sem Vítimas";"Plena Noite";"Crescente";"Ignorado";"Múltipla";"Viaduto";"Sim";2;0;0;0;2;0;0;2;-5,937378;-35,26483;"SPRF-RN";"DEL01-RN";"UOP01-DEL01-RN"
236387;2019-09-18;"quarta-feira";"16:30:00";"MG";262;419,1;"IGARATINGA";"Avarias e/ou desgaste excessivo no pneu";"Tombamento";"Com Vítimas Feridas";"Pleno dia";"Decrescente";"Sol";"Dupla";"Aclive;Reta";"Não";2;0;2;0;0;0;2;1;-19,89448983;-44,70395989;"SPRF-MG";"DEL08-MG";"UOP03-DEL08-MG"
236389;2019-09-18;"quarta-feira";"18:40:00";"MG";116;414;"GOVERNADOR VALADARES";"Falta de Atenção à Condução";"Tombamento";"Com Vítimas Feridas";"Plena Noite";"Decrescente";"Céu Claro";"Simples";"Reta";"Sim";1;0;1;0;0;0;1;1;-18,88102703;-41,95910802;"SPRF-MG";"DEL06-MG";"UOP01-DEL06-MG"
236391;2019-09-18;"quarta-feira";"16:00:00";"GO";153;543;"PIRACANJUBA";"Velocidade Incompatível";"Saída de leito carroçável";"Com Vítimas Feridas";"Pleno dia";"Decrescente";"Céu Claro";"Dupla";"Reta";"Não";1;0;1;0;0;0;1;1;-17,0814;-49,2246;"SPRF-GO";"DEL01-GO";"UOP03-DEL01-GO"
236394;2019-09-18;"quarta-feira";"22:00:00";"RN";226;2,7;"NATAL";"Desobediência às normas de trânsito pelo condutor";"Colisão lateral";"Com Vítimas Feridas";"Plena Noite";"Decrescente";"Céu Claro";"Simples";"Reta";"Sim";3;0;0;1;1;1;1;3;-5,81364934;-35,2466547;"SPRF-RN";"DEL01-RN";"UOP02-DEL01-RN"
236396;2019-09-18;"quarta-feira";"19:10:00";"MG";116;115,3;"ITAOBIM";"Falta de Atenção do Pedestre";"Atropelamento de Pedestre";"Com Vítimas Feridas";"Plena Noite";"Crescente";"Céu Claro";"Simples";"Declive";"Sim";2;0;0;1;1;0;1;2;-16,55656498;-41,50192905;"SPRF-MG";"DEL11-MG";"UOP02-DEL11-MG"
236397;2019-09-18;"quarta-feira";"20:00:00";"SP";116;272;"TABOAO DA SERRA";"Avarias e/ou desgaste excessivo no pneu";"Queda de ocupante de veículo";"Com Vítimas Feridas";"Plena Noite";"Crescente";"Céu Claro";"Dupla";"Reta";"Não";1;0;1;0;0;0;1;1;-23,61316146;-46,78043517;"SPRF-SP";"DEL04-SP";"UOP01-DEL04-SP"
236398;2019-09-18;"quarta-feira";"21:50:00";"PR";277;726,4;"FOZ DO IGUACU";"Ingestão de Álcool";"Colisão transversal";"Sem Vítimas";"Plena Noite";"Crescente";"Céu Claro";"Dupla";"Reta";"Sim";2;0;0;0;2;0;0;2;-25,51029868;-54,55870628;"SPRF-PR";"DEL05-PR";"UOP03-DEL05-PR"
236401;2019-09-18;"quarta-feira";"21:00:00";"GO";60;343,7;"SANTO ANTONIO DA BARRA";"Velocidade Incompatível";"Saída de leito carroçável";"Com Vítimas Feridas";"Plena Noite";"Crescente";"Céu Claro";"Dupla";"Reta";"Sim";1;0;0;1;0;0;1;1;-17,5606;-50,6312;"SPRF-GO";"DEL04-GO";"UOP01-DEL04-GO"
236403;2019-09-18;"quarta-feira";"22:30:00";"RJ";40;119;"DUQUE DE CAXIAS";"Desobediência às normas de trânsito pelo condutor";"Engavetamento";"Sem Vítimas";"Plena Noite";"Decrescente";"Céu Claro";"Múltipla";"Reta";"Sim";4;0;0;0;4;0;0;4;-22,76375592;-43,28683062;"SPRF-RJ";"DEL01-RJ";"UOP01-DEL01-RJ"
236404;2019-09-18;"quarta-feira";"22:00:00";"PR";369;519;"CASCAVEL";"Ingestão de Álcool";"Colisão frontal";"Com Vítimas Feridas";"Plena Noite";"Crescente";"Céu Claro";"Simples";"Reta";"Não";2;0;1;0;1;0;1;2;-24,9153;-53,3859;"SPRF-PR";"DEL04-PR";"UOP01-DEL04-PR"
236407;2019-09-18;"quarta-feira";"19:45:00";"CE";222;311,7;"TIANGUA";"Falta de Atenção à Condução";"Colisão transversal";"Com Vítimas Feridas";"Plena Noite";"Crescente";"Céu Claro";"Simples";"Interseção de Vias";"Sim";2;0;1;1;0;0;2;2;-3,711973;-40,984356;"SPRF-CE";"DEL04-CE";"UOP02-DEL04-CE"
236409;2019-09-18;"quarta-feira";"21:10:00";"MG";116;677,3;"MIRADOURO";"Falta de Atenção à Condução";"Saída de leito carroçável";"Com Vítimas Feridas";"Plena Noite";"Crescente";"Céu Claro";"Simples";"Curva";"Sim";1;0;1;0;0;0;1;1;-20,90819015;-42,35184431;"SPRF-MG";"DEL07-MG";"UOP02-DEL07-MG"
236410;2019-09-18;"quarta-feira";"22:45:00";"MA";222;668,3;"ACAILANDIA";"Animais na Pista";"Atropelamento de Animal";"Com Vítimas Feridas";"Plena Noite";"Decrescente";"Nublado";"Simples";"Aclive";"Sim";1;0;1;0;0;0;1;1;-4,90710878;-47,40740013;"SPRF-MA";"DEL04-MA";"UOP03-DEL04-MA"
236411;2019-09-18;"quarta-feira";"23:30:00";"SP";153;53,5;"SAO JOSE DO RIO PRETO";"Falta de Atenção à Condução";"Colisão traseira";"Com Vítimas Feridas";"Plena Noite";"Decrescente";"Céu Claro";"Dupla";"Curva";"Sim";4;0;1;0;1;2;1;3;-20,73603199;-49,33803779;"SPRF-SP";"DEL09-SP";"UOP01-DEL09-SP"
236412;2019-09-18;"quarta-feira";"23:10:00";"MG";40;799,5;"JUIZ DE FORA";"Animais na Pista";"Atropelamento de Animal";"Sem Vítimas";"Plena Noite";"Crescente";"Céu Claro";"Dupla";"Curva";"Não";1;0;0;0;1;0;0;1;-21,82857001;-43,37364401;"SPRF-MG";"DEL05-MG";"UOP01-DEL05-MG"
236414;2019-09-19;"quinta-feira";"00:20:00";"RS";116;243;"SAO LEOPOLDO";"Não guardar distância de segurança";"Colisão traseira";"Com Vítimas Feridas";"Plena Noite";"Crescente";"Nevoeiro/Neblina";"Dupla";"Reta";"Não";2;0;0;1;0;1;1;2;-29,73196199;-51,14952004;"SPRF-RS";"DEL01-RS";"UOP02-DEL01-RS"
236415;2019-09-19;"quinta-feira";"00:00:00";"PR";116;94;"SAO JOSE DOS PINHAIS";"Velocidade Incompatível";"Capotamento";"Com Vítimas Feridas";"Plena Noite";"Crescente";"Chuva";"Dupla";"Declive;Reta";"Não";1;0;1;0;0;0;1;1;-25,48954287;-49,11201617;"SPRF-PR";"DEL01-PR";"UOP01-DEL01-PR"
236416;2019-09-19;"quinta-feira";"00:45:00";"SC";101;193;"BIGUACU";"Falta de Atenção à Condução";"Colisão traseira";"Com Vítimas Feridas";"Plena Noite";"Crescente";"Chuva";"Dupla";"Reta";"Sim";3;0;1;0;1;1;1;3;-27,489574;-48,655914;"SPRF-SC";"DEL01-SC";"UOP01-DEL01-SC"
236417;2019-09-19;"quinta-feira";"01:00:00";"SP";116;111,5;"TAUBATE";"Falta de Atenção do Pedestre";"Atropelamento de Pedestre";"Com Vítimas Fatais";"Plena Noite";"Decrescente";"Céu Claro";"Dupla";"Reta";"Sim";2;1;0;0;0;1;0;2;-23,03887149;-45,56097419;"SPRF-SP";"DEL06-SP";"UOP02-DEL02-SP"
236418;2019-09-19;"quinta-feira";"00:30:00";"MG";40;526;"CONTAGEM";"Defeito Mecânico no Veículo";"Incêndio";"Sem Vítimas";"Plena Noite";"Crescente";"Céu Claro";"Dupla";"Reta";"Sim";1;0;0;0;1;0;0;1;-19,89255399;-44,04985478;"SPRF-MG";"DEL01-MG";"UOP02-DEL01-MG"
236420;2019-09-19;"quinta-feira";"00:20:00";"SC";470;102,5;"APIUNA";"Falta de Atenção à Condução";"Capotamento";"Com Vítimas Feridas";"Plena Noite";"Crescente";"Garoa/Chuvisco";"Simples";"Reta";"Não";2;0;2;0;0;0;2;1;-27,060822;-49,392761;"SPRF-SC";"DEL04-SC";"UOP02-DEL04-SC"
236422;2019-09-18;"quarta-feira";"20:20:00";"RS";116;337;"BARRA DO RIBEIRO";"Falta de Atenção do Pedestre";"Atropelamento de Pedestre";"Com Vítimas Fatais";"Plena Noite";"Crescente";"Céu Claro";"Simples";"Reta";"Não";2;1;0;0;1;0;0;2;-30,43086668;-51,47405924;"SPRF-RS";"DEL02-RS";"UOP03-DEL02-RS"
236423;2019-09-19;"quinta-feira";"02:30:00";"PR";476;135,9;"CURITIBA";"Velocidade Incompatível";"Colisão com objeto estático";"Sem Vítimas";"Plena Noite";"Crescente";"Chuva";"Dupla";"Curva";"Sim";1;0;0;0;0;1;0;1;-25,49518059;-49,27537411;"SPRF-PR";"DEL01-PR";"UOP03-DEL01-PR"
236425;2019-09-19;"quinta-feira";"02:30:00";"RS";293;431,4;"QUARAI";"Ingestão de Álcool";"Saída de leito carroçável";"Com Vítimas Feridas";"Plena Noite";"Decrescente";"Céu Claro";"Simples";"Reta";"Não";2;0;1;1;0;0;2;1;-30,43707687;-56,33449593;"SPRF-RS";"DEL11-RS";"UOP01-DEL11-RS"
236427;2019-09-19;"quinta-feira";"05:05:00";"SP";116;103,1;"PINDAMONHANGABA";"Condutor Dormindo";"Colisão com objeto estático";"Com Vítimas Feridas";"Plena Noite";"Crescente";"Céu Claro";"Dupla";"Reta";"Não";1;0;1;0;0;0;1;1;-22,99919465;-45,49788917;"SPRF-SP";"DEL06-SP";"UOP01-DEL06-SP"
236430;2019-09-19;"quinta-feira";"05:30:00";"PR";476;123,7;"CURITIBA";"Falta de Atenção à Condução";"Queda de ocupante de veículo";"Com Vítimas Feridas";"Plena Noite";"Crescente";"Nublado";"Múltipla";"Curva;Declive";"Sim";2;0;0;1;0;1;1;2;-25,392904;-49,209557;"SPRF-PR";"DEL01-PR";"UOP07-DEL01-PR"
236432;2019-09-19;"quinta-feira";"05:10:00";"RJ";40;113,9;"DUQUE DE CAXIAS";"Defeito Mecânico no Veículo";"Incêndio";"Sem Vítimas";"Amanhecer";"Decrescente";"Céu Claro";"Múltipla";"Reta";"Sim";1;0;0;0;1;0;0;1;-22,70948502;-43,29040354;"SPRF-RJ";"DEL01-RJ";"UOP01-DEL01-RJ"
236434;2019-09-19;"quinta-feira";"06:00:00";"CE";222;20,9;"CAUCAIA";"Desobediência às normas de trânsito pelo condutor";"Colisão frontal";"Com Vítimas Fatais";"Pleno dia";"Crescente";"Céu Claro";"Simples";"Aclive;Reta";"Sim";2;1;0;0;1;0;0;2;-3,7411838;-38,7350389;"SPRF-CE";"DEL01-CE";"UOP01-DEL01-CE"
236438;2019-09-19;"quinta-feira";"06:40:00";"SC";101;208;"SAO JOSE";"Não guardar distância de segurança";"Tombamento";"Com Vítimas Feridas";"Pleno dia";"Decrescente";"Nublado";"Múltipla";"Reta";"Sim";1;0;1;0;0;0;1;1;-27,60327979;-48,63201818;"SPRF-SC";"DEL01-SC";"UOP01-DEL01-SC"
236439;2019-09-19;"quinta-feira";"06:30:00";"SC";470;59,3;"BLUMENAU";"Não guardar distância de segurança";"Colisão traseira";"Com Vítimas Feridas";"Pleno dia";"Decrescente";"Chuva";"Simples";"Reta";"Não";2;0;1;0;1;0;1;2;-26,882812;-49,1548;"SPRF-SC";"DEL04-SC";"UOP01-DEL04-SC"
236440;2019-09-19;"quinta-feira";"06:20:00";"GO";153;410,6;"PIRENOPOLIS";"Objeto estático sobre o leito carroçável";"Saída de leito carroçável";"Com Vítimas Feridas";"Amanhecer";"Decrescente";"Céu Claro";"Simples";"Ponte;Declive";"Não";1;0;1;0;0;0;1;1;-16,095764;-49,033852;"SPRF-GO";"DEL02-GO";"UOP01-DEL02-GO"
236441;2019-09-19;"quinta-feira";"06:50:00";"GO";40;3,3;"VALPARAISO DE GOIAS";"Desobediência às normas de trânsito pelo condutor";"Colisão traseira";"Com Vítimas Feridas";"Pleno dia";"Decrescente";"Céu Claro";"Dupla";"Reta";"Sim";4;0;2;0;2;0;2;2;-16,07896008;-47,98594236;"SPRF-DF";"DEL01-DF";"UOP01-DEL01-DF"
236443;2019-09-19;"quinta-feira";"06:55:00";"GO";153;492;"GOIANIA";"Falta de Atenção à Condução";"Colisão transversal";"Com Vítimas Feridas";"Pleno dia";"Decrescente";"Sol";"Simples";"Reta";"Sim";2;0;1;1;0;0;2;2;-16,6461;-49,2114;"SPRF-GO";"DEL01-GO";"UOP01-DEL01-GO"
236445;2019-09-19;"quinta-feira";"07:00:00";"BA";324;626;"SALVADOR";"Falta de Atenção do Pedestre";"Atropelamento de Pedestre";"Com Vítimas Feridas";"Pleno dia";"Crescente";"Sol";"Múltipla";"Reta";"Sim";2;0;1;0;1;0;1;2;-12,95020997;-38,47073108;"SPRF-BA";"DEL01-BA";"UOP01-DEL01-BA"
236446;2019-09-19;"quinta-feira";"07:00:00";"PB";230;27,5;"JOAO PESSOA";"Não guardar distância de segurança";"Colisão traseira";"Sem Vítimas";"Pleno dia";"Crescente";"Céu Claro";"Dupla";"Reta";"Sim";2;0;0;0;2;0;0;2;-7,1677;-34,8855;"SPRF-PB";"DEL01-PB";"UOP01-DEL01-PB"
236448;2019-09-19;"quinta-feira";"07:20:00";"SC";101;38;"JOINVILLE";"Defeito Mecânico no Veículo";"Tombamento";"Sem Vítimas";"Pleno dia";"Decrescente";"Chuva";"Simples";"Reta";"Sim";1;0;0;0;1;0;0;1;-26,25472505;-48,90561309;"SPRF-SC";"DEL03-SC";"UOP01-DEL03-SC"
236449;2019-09-19;"quinta-feira";"07:20:00";"CE";20;418;"MARACANAU";"Falta de Atenção à Condução";"Colisão lateral";"Com Vítimas Feridas";"Pleno dia";"Decrescente";"Céu Claro";"Dupla";"Reta";"Sim";4;0;1;0;1;2;1;3;-3,76999035;-38,67006282;"SPRF-CE";"DEL01-CE";"UOP02-DEL01-CE"
236451;2019-09-19;"quinta-feira";"07:25:00";"SC";470;66,9;"INDAIAL";"Desobediência às normas de trânsito pelo condutor";"Colisão lateral";"Com Vítimas Feridas";"Pleno dia";"Decrescente";"Chuva";"Simples";"Reta";"Sim";2;0;1;0;1;0;1;2;-26,870407;-49,221844;"SPRF-SC";"DEL04-SC";"UOP01-DEL04-SC"
236452;2019-09-19;"quinta-feira";"07:25:00";"RS";116;259;"CANOAS";"Falta de Atenção à Condução";"Colisão com objeto estático";"Sem Vítimas";"Pleno dia";"Crescente";"Céu Claro";"Dupla";"Reta";"Sim";2;0;0;0;2;0;0;2;-29,870408;-51,179909;"SPRF-RS";"DEL01-RS";"UOP02-DEL01-RS"
236454;2019-09-19;"quinta-feira";"07:50:00";"SP";116;145;"SAO JOSE DOS CAMPOS";"Falta de Atenção à Condução";"Colisão lateral";"Com Vítimas Feridas";"Pleno dia";"Decrescente";"Céu Claro";"Simples";"Reta";"Sim";2;0;1;0;1;0;1;2;-23,1869844;-45,8548078;"SPRF-SP";"DEL02-SP";"UOP01-DEL02-SP"
236455;2019-09-19;"quinta-feira";"08:10:00";"PR";277;103,1;"CURITIBA";"Falta de Atenção à Condução";"Queda de ocupante de veículo";"Com Vítimas Feridas";"Pleno dia";"Decrescente";"Chuva";"Dupla";"Reta;Declive";"Não";1;0;1;0;0;0;1;1;-25,50564195;-49,3407288;"SPRF-PR";"DEL01-PR";"UOP06-DEL01-PR"
236456;2019-09-19;"quinta-feira";"08:10:00";"SC";282;3;"FLORIANOPOLIS";"Falta de Atenção à Condução";"Colisão lateral";"Com Vítimas Feridas";"Pleno dia";"Decrescente";"Nublado";"Múltipla";"Reta";"Sim";3;0;2;0;1;0;2;2;-27,600384;-48,599705;"SPRF-SC";"DEL01-SC";"UOP01-DEL01-SC"
236459;2019-09-19;"quinta-feira";"07:40:00";"PB";230;157,7;"CAMPINA GRANDE";"Desobediência às normas de trânsito pelo condutor";"Colisão traseira";"Com Vítimas Feridas";"Pleno dia";"Crescente";"Céu Claro";"Simples";"Interseção de Vias";"Sim";4;0;2;0;2;0;2;2;-7,264;-35,9199;"SPRF-PB";"DEL02-PB";"UOP01-DEL02-PB"
236461;2019-09-19;"quinta-feira";"07:35:00";"MA";10;255,8;"IMPERATRIZ";"Desobediência às normas de trânsito pelo condutor";"Colisão transversal";"Com Vítimas Feridas";"Pleno dia";"Decrescente";"Céu Claro";"Simples";"Reta";"Sim";4;0;2;1;1;0;3;2;-5,499715;-47,471836;"SPRF-MA";"DEL04-MA";"UOP01-DEL04-MA"
236462;2019-09-19;"quinta-feira";"08:00:00";"RN";405;1,2;"MOSSORO";"Falta de Atenção à Condução";"Colisão lateral";"Com Vítimas Feridas";"Pleno dia";"Decrescente";"Céu Claro";"Simples";"Reta";"Sim";2;0;1;0;1;0;1;2;-5,19170196;-37,361471;"SPRF-RN";"DEL04-RN";"UOP02-DEL04-RN"
236463;2019-09-19;"quinta-feira";"07:40:00";"RJ";40;125;"DUQUE DE CAXIAS";"Desobediência às normas de trânsito pelo condutor";"Colisão transversal";"Com Vítimas Feridas";"Pleno dia";"Crescente";"Céu Claro";"Dupla";"Reta";"Sim";3;0;1;0;2;0;1;3;-22,81487101;-43,28828833;"SPRF-RJ";"DEL01-RJ";"UOP01-DEL01-RJ"
236464;2019-09-19;"quinta-feira";"08:30:00";"RS";386;375;"TAQUARI";"Velocidade Incompatível";"Saída de leito carroçável";"Com Vítimas Feridas";"Pleno dia";"Crescente";"Céu Claro";"Simples";"Interseção de Vias";"Não";1;0;1;0;0;0;1;1;-29,616631;-51,78643;"SPRF-RS";"DEL04-RS";"UOP02-DEL04-RS"
236466;2019-08-02;"sexta-feira";"13:00:00";"MG";365;66;"CLARO DOS POCOES";"Velocidade Incompatível";"Queda de ocupante de veículo";"Com Vítimas Feridas";"Pleno dia";"Crescente";"Céu Claro";"Simples";"Curva";"Não";1;0;1;0;0;0;1;1;-17,04887701;-44,32704498;"SPRF-MG";"DEL12-MG";"UOP01-DEL12-MG"
236467;2019-09-16;"segunda-feira";"00:30:00";"SP";116;413,1;"JUQUIA";"Falta de Atenção do Pedestre";"Atropelamento de Pedestre";"Com Vítimas Feridas";"Plena Noite";"Crescente";"Nublado";"Dupla";"Curva";"Sim";3;0;1;0;2;0;1;2;-24,33005991;-47,62299901;"SPRF-SP";"DEL05-SP";"UOP01-DEL05-SP"
236470;2019-09-16;"segunda-feira";"17:36:00";"PR";277;586,3;"CASCAVEL";"Desobediência às normas de trânsito pelo condutor";"Colisão transversal";"Com Vítimas Feridas";"Pleno dia";"Crescente";"Céu Claro";"Simples";"Interseção de Vias";"Sim";2;0;1;0;1;0;1;2;-24,9649472;-53,4210459;"SPRF-PR";"DEL04-PR";"UOP01-DEL04-PR"
236471;2019-09-19;"quinta-feira";"08:10:00";"RO";319;63;"PORTO VELHO";"Desobediência às normas de trânsito pelo condutor";"Colisão transversal";"Com Vítimas Feridas";"Pleno dia";"Crescente";"Céu Claro";"Dupla";"Interseção de Vias";"Sim";3;0;1;0;1;1;1;3;-8,76607701;-63,88453245;"SPRF-RO";"DEL01-RO";"UOP01-DEL01-RO"
236473;2019-09-19;"quinta-feira";"09:00:00";"BA";101;504;"ITABUNA";"Falta de Atenção à Condução";"Colisão frontal";"Com Vítimas Feridas";"Pleno dia";"Decrescente";"Céu Claro";"Simples";"Curva";"Sim";2;0;1;0;1;0;1;2;-14,94042206;-39,30397277;"SPRF-BA";"DEL05-BA";"UOP01-DEL05-BA"
236475;2019-09-19;"quinta-feira";"10:05:00";"RN";101;95,2;"NATAL";"Falta de Atenção à Condução";"Colisão traseira";"Sem Vítimas";"Pleno dia";"Decrescente";"Céu Claro";"Múltipla";"Reta";"Sim";2;0;0;0;2;0;0;2;-5,84076841;-35,21035949;"SPRF-RN";"DEL01-RN";"UOP01-DEL01-RN"
236477;2019-09-19;"quinta-feira";"10:10:00";"RS";116;2;"PORTO ALEGRE";"Falta de Atenção à Condução";"Colisão traseira";"Com Vítimas Feridas";"Pleno dia";"Crescente";"Céu Claro";"Dupla";"Reta";"Sim";3;0;1;0;2;0;1;3;-29,98973141;-51,18358612;"SPRF-RS";"DEL05-RS";"UOP03-DEL05-RS"
236480;2019-08-24;"sábado";"16:45:00";"PR";376;3,9;"APUCARANA";"Animais na Pista";"Tombamento";"Com Vítimas Feridas";"Pleno dia";"Decrescente";"Ignorado";"Simples";"Reta";"Sim";1;0;0;1;0;0;1;1;-23,56724313;-51,43289208;"SPRF-PR";"DEL07-PR";"UOP03-DEL07-PR"
236482;2019-09-19;"quinta-feira";"10:45:00";"MG";40;547,7;"NOVA LIMA";"Falta de Atenção à Condução";"Colisão traseira";"Com Vítimas Feridas";"Pleno dia";"Crescente";"Céu Claro";"Dupla";"Reta";"Não";2;0;0;1;1;0;1;2;-20,02252424;-43,97026042;"SPRF-MG";"DEL01-MG";"UOP02-DEL01-MG"
236484;2019-09-19;"quinta-feira";"09:55:00";"PR";376;656;"TIJUCAS DO SUL";"Velocidade Incompatível";"Saída de leito carroçável";"Sem Vítimas";"Pleno dia";"Decrescente";"Chuva";"Simples";"Curva";"Não";1;0;0;0;1;0;0;1;-25,84642894;-49,03607349;"SPRF-PR";"DEL01-PR";"UOP04-DEL01-PR"
236489;2019-09-19;"quinta-feira";"10:10:00";"RS";158;564,8;"SANTANA DO LIVRAMENTO";"Desobediência às normas de trânsito pelo condutor";"Colisão transversal";"Com Vítimas Feridas";"Pleno dia";"Decrescente";"Céu Claro";"Simples";"Curva";"Sim";2;0;1;0;1;0;1;2;-30,87399132;-55,51135367;"SPRF-RS";"DEL11-RS";"UOP01-DEL11-RS"
236490;2019-09-19;"quinta-feira";"11:15:00";"PR";277;99,5;"CURITIBA";"Desobediência às normas de trânsito pelo condutor";"Colisão lateral";"Com Vítimas Feridas";"Pleno dia";"Crescente";"Chuva";"Dupla";"Reta";"Não";2;0;1;0;0;1;1;2;-25,43192474;-49,36537564;"SPRF-PR";"DEL01-PR";"UOP06-DEL01-PR"
236491;2019-09-19;"quinta-feira";"02:00:00";"AL";104;85,8;"RIO LARGO";"Falta de Atenção à Condução";"Saída de leito carroçável";"Com Vítimas Fatais";"Plena Noite";"Decrescente";"Chuva";"Dupla";"Reta";"Não";2;1;0;1;0;0;1;1;-9,45849606;-35,82849117;"SPRF-AL";"DEL01-AL";"UOP01-DEL01-AL"
236492;2019-09-19;"quinta-feira";"11:15:00";"MA";222;670,6;"ACAILANDIA";"Falta de Atenção à Condução";"Colisão transversal";"Com Vítimas Feridas";"Pleno dia";"Crescente";"Céu Claro";"Simples";"Reta";"Não";2;0;0;1;1;0;1;2;-4,93943452;-47,46293306;"SPRF-MA";"DEL04-MA";"UOP03-DEL04-MA"
236494;2019-06-04;"terça-feira";"07:10:00";"ES";101;289;"CARIACICA";"Falta de Atenção à Condução";"Colisão lateral";"Com Vítimas Feridas";"Pleno dia";"Decrescente";"Céu Claro";"Dupla";"Reta";"Não";2;0;0;1;1;0;1;2;-20,28029304;-40,39302931;"SPRF-ES";"DEL01-ES";"UOP01-DEL01-ES"
236496;2019-09-19;"quinta-feira";"12:30:00";"GO";40;2,2;"VALPARAISO DE GOIAS";"Desobediência às normas de trânsito pelo condutor";"Colisão transversal";"Com Vítimas Feridas";"Pleno dia";"Decrescente";"Céu Claro";"Dupla";"Reta";"Sim";2;0;1;0;0;1;1;2;-16,067129;-47,984235;"SPRF-DF";"DEL01-DF";"UOP01-DEL01-DF"
236497;2019-08-26;"segunda-feira";"10:50:00";"RN";101;95,3;"NATAL";"Velocidade Incompatível";"Colisão traseira";"Com Vítimas Feridas";"Pleno dia";"Crescente";"Céu Claro";"Dupla";"Reta";"Sim";3;0;1;0;2;0;1;3;-5,84268;-35,20963;"SPRF-RN";"DEL01-RN";"UOP01-DEL01-RN"
236499;2019-09-19;"quinta-feira";"12:30:00";"RJ";40;104,6;"DUQUE DE CAXIAS";"Falta de Atenção à Condução";"Colisão transversal";"Com Vítimas Feridas";"Pleno dia";"Decrescente";"Céu Claro";"Simples";"Reta";"Sim";2;0;1;0;1;0;1;2;-22,63581767;-43,2845664;"SPRF-RJ";"DEL01-RJ";"UOP01-DEL01-RJ"
236500;2019-05-03;"sexta-feira";"01:20:00";"RS";116;251,5;"SAPUCAIA DO SUL";"Velocidade Incompatível";"Saída de leito carroçável";"Sem Vítimas";"Plena Noite";"Crescente";"Nublado";"Múltipla";"Reta";"Não";1;0;0;0;0;1;0;1;-29,80035406;-51,16550365;"SPRF-RS";"DEL01-RS";"UOP02-DEL01-RS"
236503;2019-09-19;"quinta-feira";"10:45:00";"PR";376;450,9;"TIBAGI";"Velocidade Incompatível";"Colisão com objeto estático";"Sem Vítimas";"Pleno dia";"Crescente";"Nublado";"Dupla";"Curva";"Não";1;0;0;0;1;0;0;1;-24,934557;-50,40438302;"SPRF-PR";"DEL03-PR";"UOP02-DEL03-PR"
236504;2019-09-19;"quinta-feira";"14:45:00";"MG";116;704,9;"MURIAE";"Ingestão de álcool e/ou substâncias psicoativas pelo pedestre";"Atropelamento de Pedestre";"Com Vítimas Feridas";"Pleno dia";"Crescente";"Céu Claro";"Simples";"Curva";"Sim";2;0;0;1;1;0;1;2;-21,12712983;-42,38336932;"SPRF-MG";"DEL07-MG";"UOP02-DEL07-MG"
236505;2019-09-19;"quinta-feira";"13:50:00";"ES";101;146,6;"LINHARES";"Desobediência às normas de trânsito pelo condutor";"Colisão lateral";"Sem Vítimas";"Pleno dia";"Decrescente";"Sol";"Múltipla";"Reta";"Sim";2;0;0;0;2;0;0;2;-19,36990998;-40,06560718;"SPRF-ES";"DEL04-ES";"UOP01-DEL04-ES"