"id";"data_inversa";"dia_semana";"horario";"uf";"br";"km";"municipio";"causa_acidente";"tipo_acidente";"classificacao_acidente";"fase_dia";"sentido_via";"condicao_metereologica";"tipo_pista";"tracado_via";"uso_solo";"pessoas";"mortos";"feridos_leves";"feridos_graves";"ilesos";"ignorados";"feridos";"veiculos";"latitude";"longitude";"regional";"delegacia";"uop"
236509;2019-09-19;"quinta-feira";"13:15:00";"MA";316;552,9;"CAXIAS";"Falta de Atenção à Condução";"Colisão traseira";"Com Vítimas Feridas";"Pleno dia";"Crescente";"Sol";"Dupla";"Reta";"Sim";2;0;1;0;1;0;1;2;-4,882649;-43,345581;"SPRF-MA";"DEL03-MA";"UOP02-DEL03-MA"
236516;2019-09-19;"quinta-feira";"15:00:00";"ES";262;93,7;"DOMINGOS MARTINS";"Falta de Atenção à Condução";"Colisão transversal";"Com Vítimas Feridas";"Pleno dia";"Decrescente";"Sol";"Simples";"Rotatória;Interseção de Vias";"Não";4;0;1;2;1;0;3;2;-20,37908136;-41,05047852;"SPRF-ES";"DEL01-ES";"UOP02-DEL01-ES"
236517;2019-09-19;"quinta-feira";"13:30:00";"RS";285;194;"LAGOA VERMELHA";"Falta de Atenção à Condução";"Colisão transversal";"Com Vítimas Feridas";"Pleno dia";"Crescente";"Céu Claro";"Dupla";"Reta";"Sim";3;0;2;0;1;0;2;2;-28,242582;-51,498211;"SPRF-RS";"DEL08-RS";"UOP05-DEL08-RS"
236518;2019-04-06;"sábado";"21:30:00";"AL";416;37;"IBATEGUARA";"Velocidade Incompatível";"Colisão com objeto estático";"Com Vítimas Feridas";"Plena Noite";"Decrescente";"Céu Claro";"Simples";"Reta";"Não";3;0;1;1;1;0;2;1;-8,94981165;-35,85088781;"SPRF-AL";"DEL01-AL";"UOP02-DEL01-AL"
236519;2019-09-04;"quarta-feira";"06:20:00";"PE";101;55;"PAULISTA";"Pista Escorregadia";"Saída de leito carroçável";"Com Vítimas Feridas";"Pleno dia";"Decrescente";"Garoa/Chuvisco";"Dupla";"Curva";"Não";1;0;1;0;0;0;1;1;-7,94806621;-34,9062148;"SPRF-PE";"DEL01-PE";"UOP02-DEL01-PE"
236520;2019-09-19;"quinta-feira";"16:00:00";"PE";104;65,6;"CARUARU";"Falta de Atenção do Pedestre";"Atropelamento de Pedestre";"Com Vítimas Feridas";"Pleno dia";"Crescente";"Céu Claro";"Simples";"Interseção de Vias";"Sim";3;0;3;0;0;0;3;2;-8,28472169;-35,98384023;"SPRF-PE";"DEL02-PE";"UOP01-DEL02-PE"
236521;2019-09-19;"quinta-feira";"14:00:00";"RO";319;59,5;"PORTO VELHO";"Desobediência às normas de trânsito pelo condutor";"Colisão transversal";"Com Vítimas Feridas";"Pleno dia";"Decrescente";"Céu Claro";"Dupla";"Interseção de Vias";"Sim";3;0;1;0;1;1;1;3;-8,74239381;-63,90260166;"SPRF-RO";"DEL01-RO";"UOP01-DEL01-RO"
236523;2019-09-19;"quinta-feira";"15:00:00";"RR";401;5;"CANTA";"Falta de Atenção à Condução";"Saída de leito carroçável";"Com Vítimas Feridas";"Pleno dia";"Crescente";"Céu Claro";"Dupla";"Curva";"Não";3;0;1;0;2;0;1;1;2,78623553;-60,65053801;"SPRF-RR";"DEL01-RR";"UOP01-DEL01-RR"
236525;2019-09-19;"quinta-feira";"15:23:00";"MT";163;797,9;"SORRISO";"Mal Súbito";"Saída de leito carroçável";"Com Vítimas Feridas";"Pleno dia";"Decrescente";"Céu Claro";"Simples";"Reta";"Não";1;0;1;0;0;0;1;1;-12,31266606;-55,57871819;"SPRF-MT";"DEL06-MT";"UOP01-DEL06-MT"
236527;2019-09-19;"quinta-feira";"16:25:00";"PR";376;666;"GUARATUBA";"Falta de Atenção à Condução";"Capotamento";"Com Vítimas Feridas";"Pleno dia";"Decrescente";"Chuva";"Dupla";"Curva";"Não";2;0;0;1;1;0;1;1;-25,86037408;-48,95087256;"SPRF-PR";"DEL01-PR";"UOP04-DEL01-PR"
236528;2019-09-19;"quinta-feira";"11:10:00";"SC";280;126;"RIO NEGRINHO";"Falta de Atenção à Condução";"Colisão traseira";"Sem Vítimas";"Pleno dia";"Crescente";"Nublado";"Simples";"Reta";"Sim";2;0;0;0;2;0;0;2;-26,23779604;-49,49427399;"SPRF-SC";"DEL06-SC";"UOP03-DEL06-SC"
236529;2019-07-30;"terça-feira";"22:06:00";"SP";116;151;"SAO JOSE DOS CAMPOS";"Falta de Atenção à Condução";"Colisão lateral";"Sem Vítimas";"Plena Noite";"Crescente";"Nublado";"Dupla";"Reta";"Sim";2;0;0;0;2;0;0;2;-23,21980694;-45,89991605;"SPRF-SP";"DEL02-SP";"UOP01-DEL02-SP"
236530;2019-09-19;"quinta-feira";"06:00:00";"AC";364;230,5;"SENA MADUREIRA";"Falta de Atenção à Condução";"Saída de leito carroçável";"Com Vítimas Feridas";"Amanhecer";"Decrescente";"Céu Claro";"Simples";"Curva";"Não";3;0;3;0;0;0;3;1;-9,38774689;-68,44806986;"SPRF-AC";"DEL01-AC";"UOP01-DEL01-AC"
236532;2019-09-19;"quinta-feira";"14:45:00";"PR";476;136;"CURITIBA";"Falta de Atenção à Condução";"Colisão traseira";"Com Vítimas Feridas";"Pleno dia";"Decrescente";"Chuva";"Múltipla";"Reta";"Sim";2;0;1;0;1;0;1;2;-25,491047;-49,271679;"SPRF-PR";"DEL01-PR";"UOP03-DEL01-PR"
236534;2019-09-19;"quinta-feira";"17:45:00";"SP";116;156,2;"SAO JOSE DOS CAMPOS";"Falta de Atenção à Condução";"Colisão lateral";"Com Vítimas Feridas";"Pleno dia";"Decrescente";"Céu Claro";"Dupla";"Reta";"Sim";3;0;1;0;2;0;1;3;-23,25165738;-45,93759298;"SPRF-SP";"DEL02-SP";"UOP01-DEL02-SP"
236536;2019-09-19;"quinta-feira";"16:45:00";"ES";101;270,5;"SERRA";"Falta de Atenção à Condução";"Tombamento";"Com Vítimas Feridas";"Pleno dia";"Decrescente";"Céu Claro";"Múltipla";"Interseção de Vias";"Sim";1;0;0;1;0;0;1;1;-20,22662056;-40,27075088;"SPRF-ES";"DEL02-ES";"UOP01-DEL02-ES"
236537;2019-09-19;"quinta-feira";"17:20:00";"RN";304;116,9;"ACU";"Falta de Atenção à Condução";"Colisão traseira";"Com Vítimas Feridas";"Anoitecer";"Decrescente";"Sol";"Simples";"Reta";"Não";2;0;1;0;1;0;1;2;-5,61789417;-36,88865608;"SPRF-RN";"DEL04-RN";"UOP01-DEL04-RN"
236538;2019-09-19;"quinta-feira";"16:30:00";"SC";101;92,1;"BARRA VELHA";"Falta de Atenção à Condução";"Colisão com objeto estático";"Com Vítimas Feridas";"Pleno dia";"Decrescente";"Garoa/Chuvisco";"Dupla";"Reta";"Não";1;0;1;0;0;0;1;1;-26,66148503;-48,68866176;"SPRF-SC";"DEL03-SC";"UOP02-DEL03-SC"
236539;2019-09-19;"quinta-feira";"17:55:00";"RN";101;73;"EXTREMOZ";"Falta de Atenção à Condução";"Colisão transversal";"Com Vítimas Feridas";"Anoitecer";"Decrescente";"Céu Claro";"Simples";"Reta";"Não";4;0;1;1;2;0;2;3;-5,70687202;-35,26688397;"SPRF-RN";"DEL02-RN";"UOP01-DEL02-RN"
236540;2019-09-19;"quinta-feira";"16:25:00";"MG";262;34;"MANHUACU";"Ingestão de Álcool";"Queda de ocupante de veículo";"Com Vítimas Feridas";"Pleno dia";"Crescente";"Céu Claro";"Simples";"Reta";"Sim";2;0;1;0;1;0;1;1;-20,25692664;-42,01099203;"SPRF-MG";"DEL06-MG";"UOP03-DEL06-MG"
236542;2019-09-19;"quinta-feira";"16:50:00";"PB";230;137;"CAMPINA GRANDE";"Falta de Atenção à Condução";"Colisão com objeto estático";"Sem Vítimas";"Pleno dia";"Crescente";"Sol";"Dupla";"Aclive;Reta";"Não";1;0;0;0;0;1;0;1;-7,275873;-35,781558;"SPRF-PB";"DEL02-PB";"UOP01-DEL02-PB"
236543;2019-09-19;"quinta-feira";"16:55:00";"MG";262;40;"MANHUACU";"Falta de Atenção à Condução";"Colisão transversal";"Com Vítimas Feridas";"Pleno dia";"Crescente";"Sol";"Simples";"Reta";"Não";3;0;1;0;1;1;1;3;-20,27334219;-42,04913988;"SPRF-MG";"DEL06-MG";"UOP03-DEL06-MG"
236544;2019-09-19;"quinta-feira";"18:00:00";"ES";101;301,5;"VIANA";"Desobediência às normas de trânsito pelo condutor";"Colisão frontal";"Com Vítimas Feridas";"Anoitecer";"Crescente";"Céu Claro";"Múltipla";"Curva";"Sim";2;0;0;1;1;0;1;2;-20,3631153;-40,4425621;"SPRF-ES";"DEL01-ES";"UOP01-DEL01-ES"
236545;2019-09-19;"quinta-feira";"17:30:00";"DF";40;1,2;"BRASILIA";"Falta de Atenção à Condução";"Colisão traseira";"Com Vítimas Feridas";"Anoitecer";"Crescente";"Céu Claro";"Dupla";"Reta";"Sim";2;0;1;1;0;0;2;2;-15,985532;-47,987747;"SPRF-DF";"DEL01-DF";"UOP01-DEL01-DF"
236547;2019-09-19;"quinta-feira";"17:49:00";"SC";101;264,1;"GAROPABA";"Falta de Atenção à Condução";"Saída de leito carroçável";"Sem Vítimas";"Anoitecer";"Decrescente";"Garoa/Chuvisco";"Dupla";"Curva";"Não";2;0;0;0;1;1;0;2;-28,05149404;-48,71632789;"SPRF-SC";"DEL02-SC";"UOP03-DEL02-SC"
236548;2019-09-19;"quinta-feira";"17:50:00";"PA";163;977;"SANTAREM";"Defeito na Via";"Colisão traseira";"Com Vítimas Feridas";"Pleno dia";"Decrescente";"Céu Claro";"Simples";"Reta";"Não";4;0;2;0;2;0;2;2;-2,64191896;-54,77960765;"SPRF-PA";"DEL05-PA";"UOP01-DEL05-PA"
236549;2019-09-19;"quinta-feira";"18:10:00";"PR";376;175,1;"MARINGA";"Falta de Atenção do Pedestre";"Atropelamento de Pedestre";"Com Vítimas Feridas";"Pleno dia";"Crescente";"Céu Claro";"Dupla";"Reta";"Sim";2;0;0;1;1;0;1;2;-23,41366;-51,94719;"SPRF-PR";"DEL07-PR";"UOP01-DEL09-PR"
236551;2019-09-19;"quinta-feira";"18:16:00";"MT";163;118;"RONDONOPOLIS";"Ultrapassagem Indevida";"Colisão frontal";"Com Vítimas Feridas";"Anoitecer";"Crescente";"Céu Claro";"Simples";"Reta";"Sim";2;0;0;1;1;0;1;2;-16,51361392;-54,65519619;"SPRF-MT";"DEL02-MT";"UOP01-DEL02-MT"
236552;2019-09-19;"quinta-feira";"18:30:00";"PR";369;164;"CAMBE";"Defeito Mecânico no Veículo";"Queda de ocupante de veículo";"Com Vítimas Feridas";"Anoitecer";"Crescente";"Chuva";"Dupla";"Aclive;Reta";"Não";1;0;0;1;0;0;1;1;-23,296146;-51,282273;"SPRF-PR";"DEL07-PR";"UOP01-DEL07-PR"
236553;2019-09-19;"quinta-feira";"17:10:00";"SC";282;3,5;"SAO JOSE";"Falta de Atenção à Condução";"Colisão traseira";"Com Vítimas Feridas";"Plena Noite";"Crescente";"Chuva";"Múltipla";"Reta";"Sim";2;0;1;0;1;0;1;2;-27,600384;-48,599705;"SPRF-SC";"DEL01-SC";"UOP01-DEL01-SC"
236556;2019-09-19;"quinta-feira";"18:30:00";"RJ";116;102;"GUAPIMIRIM";"Falta de Atenção à Condução";"Capotamento";"Com Vítimas Feridas";"Plena Noite";"Crescente";"Céu Claro";"Simples";"Reta";"Sim";1;0;1;0;0;0;1;1;-22,49820581;-42,99844401;"SPRF-RJ";"DEL04-RJ";"UOP02-DEL04-RJ"
236557;2019-09-19;"quinta-feira";"18:20:00";"PR";277;475;"NOVA LARANJEIRAS";"Ultrapassagem Indevida";"Colisão frontal";"Com Vítimas Feridas";"Plena Noite";"Crescente";"Nublado";"Simples";"Reta;Aclive";"Não";5;0;3;1;0;1;4;3;-25,30798916;-52,54687394;"SPRF-PR";"DEL04-PR";"UOP02-DEL04-PR"
236558;2019-09-19;"quinta-feira";"14:05:00";"MG";40;467;"SETE LAGOAS";"Objeto estático sobre o leito carroçável";"Colisão com objeto estático";"Sem Vítimas";"Plena Noite";"Crescente";"Céu Claro";"Dupla";"Reta";"Não";1;0;0;0;1;0;0;1;-19,45038924;-44,3166822;"SPRF-MG";"DEL02-MG";"UOP01-DEL02-MG"
236559;2019-09-19;"quinta-feira";"19:10:00";"SC";101;203,4;"SAO JOSE";"Falta de Atenção à Condução";"Colisão lateral";"Com Vítimas Feridas";"Plena Noite";"Decrescente";"Chuva";"Múltipla";"Aclive;Viaduto;Reta";"Sim";2;0;1;0;1;0;1;2;-27,56669765;-48,61406744;"SPRF-SC";"DEL01-SC";"UOP01-DEL01-SC"
236560;2019-09-19;"quinta-feira";"19:00:00";"PE";424;88;"GARANHUNS";"Falta de Atenção à Condução";"Atropelamento de Pedestre";"Com Vítimas Feridas";"Plena Noite";"Crescente";"Céu Claro";"Simples";"Curva";"Não";2;0;0;1;1;0;1;2;-8,88289772;-36,50848532;"SPRF-PE";"DEL03-PE";"UOP01-DEL03-PE"
236561;2019-09-19;"quinta-feira";"16:40:00";"RS";468;24,9;"PALMEIRA DAS MISSOES";"Pista Escorregadia";"Saída de leito carroçável";"Com Vítimas Feridas";"Pleno dia";"Crescente";"Chuva";"Simples";"Reta";"Não";4;0;1;0;3;0;1;1;-27,76613215;-53,47196301;"SPRF-RS";"DEL08-RS";"UOP01-DEL08-RS"
236562;2019-09-19;"quinta-feira";"18:55:00";"PR";116;210,6;"RIO NEGRO";"Falta de Atenção à Condução";"Colisão transversal";"Com Vítimas Feridas";"Anoitecer";"Crescente";"Chuva";"Simples";"Interseção de Vias;Reta";"Sim";3;0;2;0;1;0;2;2;-26,09679447;-49,78046894;"SPRF-SC";"DEL06-SC";"UOP01-DEL06-SC"
236565;2019-09-19;"quinta-feira";"17:15:00";"RS";386;257,9;"SOLEDADE";"Velocidade Incompatível";"Saída de leito carroçável";"Com Vítimas Feridas";"Pleno dia";"Crescente";"Chuva";"Simples";"Reta";"Não";1;0;1;0;0;0;1;1;-28,876074;-52,433834;"SPRF-RS";"DEL04-RS";"UOP03-DEL04-RS"
236566;2019-09-19;"quinta-feira";"18:00:00";"MS";267;483;"JARDIM";"Falta de Atenção à Condução";"Colisão transversal";"Com Vítimas Feridas";"Plena Noite";"Crescente";"Céu Claro";"Simples";"Reta";"Sim";2;0;0;1;1;0;1;2;-21,48097208;-56,15576902;"SPRF-MS";"DEL05-MS";"UOP01-DEL05-MS"
236568;2019-09-19;"quinta-feira";"18:50:00";"RS";470;226,3;"GARIBALDI";"Não guardar distância de segurança";"Colisão traseira";"Com Vítimas Feridas";"Plena Noite";"Decrescente";"Chuva";"Simples";"Curva;Aclive";"Não";4;0;2;0;2;0;2;3;-29,21454003;-51,51762617;"SPRF-RS";"DEL06-RS";"UOP01-DEL06-RS"
236569;2019-09-19;"quinta-feira";"18:50:00";"RS";470;159,8;"NOVA PRATA";"Falta de Atenção à Condução";"Colisão frontal";"Com Vítimas Fatais";"Plena Noite";"Crescente";"Garoa/Chuvisco";"Simples";"Reta";"Sim";2;1;0;0;1;0;0;2;-28,80586721;-51,60682934;"SPRF-RS";"DEL06-RS";"UOP02-DEL06-RS"
236571;2019-09-19;"quinta-feira";"17:30:00";"AC";364;115,5;"RIO BRANCO";"Ingestão de Álcool";"Queda de ocupante de veículo";"Com Vítimas Feridas";"Anoitecer";"Crescente";"Céu Claro";"Dupla";"Rotatória";"Sim";3;0;2;0;0;1;2;2;-10,01315317;-67,7102;"SPRF-AC";"DEL01-AC";"UOP01-DEL01-AC"
236574;2019-09-19;"quinta-feira";"19:30:00";"RS";285;189;"LAGOA VERMELHA";"Ingestão de Álcool";"Colisão frontal";"Com Vítimas Feridas";"Plena Noite";"Crescente";"Chuva";"Simples";"Curva";"Não";4;0;2;0;2;0;2;2;-28,273321;-51,468895;"SPRF-RS";"DEL08-RS";"UOP05-DEL08-RS"
236575;2019-09-19;"quinta-feira";"19:15:00";"SC";101;213;"PALHOCA";"Falta de Atenção à Condução";"Colisão transversal";"Com Vítimas Feridas";"Plena Noite";"Crescente";"Chuva";"Dupla";"Reta";"Não";2;0;1;0;1;0;1;2;-27,63697369;-48,66514142;"SPRF-SC";"DEL01-SC";"UOP02-DEL01-SC"
236578;2019-09-19;"quinta-feira";"17:40:00";"SC";470;124,9;"LONTRAS";"Desobediência às normas de trânsito pelo condutor";"Colisão frontal";"Com Vítimas Feridas";"Anoitecer";"Crescente";"Chuva";"Simples";"Reta";"Sim";5;0;1;3;1;0;4;2;-27,113192;-49,529163;"SPRF-SC";"DEL04-SC";"UOP02-DEL04-SC"
236579;2019-09-19;"quinta-feira";"13:00:00";"RJ";101;319;"SAO GONCALO";"Agressão Externa";"Colisão traseira";"Sem Vítimas";"Pleno dia";"Decrescente";"Céu Claro";"Dupla";"Reta";"Sim";2;0;0;0;2;0;0;2;-22,85411774;-43,1018014;"SPRF-RJ";"DEL02-RJ";"UOP02-DEL02-RJ"
236582;2019-09-19;"quinta-feira";"20:10:00";"SP";116;205;"GUARULHOS";"Ingestão de Álcool";"Colisão com objeto estático";"Sem Vítimas";"Plena Noite";"Decrescente";"Céu Claro";"Dupla";"Reta";"Sim";1;0;0;0;1;0;0;1;-23,41722629;-46,37510292;"SPRF-SP";"DEL01-SP";"UOP01-DEL01-SP"
236583;2019-09-19;"quinta-feira";"20:15:00";"SP";116;206;"GUARULHOS";"Objeto estático sobre o leito carroçável";"Tombamento";"Com Vítimas Feridas";"Plena Noite";"Crescente";"Nublado";"Múltipla";"Reta";"Sim";1;0;1;0;0;0;1;1;-23,41722629;-46,37510292;"SPRF-SP";"DEL01-SP";"UOP01-DEL01-SP"
236584;2019-09-19;"quinta-feira";"19:45:00";"RN";226;8;"NATAL";"Velocidade Incompatível";"Saída de leito carroçável";"Com Vítimas Feridas";"Plena Noite";"Decrescente";"Céu Claro";"Simples";"Curva";"Sim";1;0;1;0;0;0;1;1;-5,83583319;-35,28030896;"SPRF-RN";"DEL01-RN";"UOP02-DEL01-RN"
236585;2019-09-19;"quinta-feira";"19:05:00";"PR";277;398;"CANDOI";"Falta de Atenção à Condução";"Colisão transversal";"Com Vítimas Feridas";"Anoitecer";"Decrescente";"Chuva";"Simples";"Interseção de Vias";"Não";7;0;6;0;1;0;6;2;-25,44778951;-51,90763095;"SPRF-PR";"DEL03-PR";"UOP01-DEL08-PR"
236586;2019-09-19;"quinta-feira";"19:55:00";"RS";101;40;"TRES FORQUILHAS";"Defeito Mecânico no Veículo";"Incêndio";"Sem Vítimas";"Plena Noite";"Decrescente";"Chuva";"Dupla";"Aclive";"Não";1;0;0;0;1;0;0;1;-29,53557445;-50,02643177;"SPRF-RS";"DEL03-RS";"UOP02-DEL03-RS"
236587;2019-09-07;"sábado";"15:00:00";"RJ";493;0,4;"ITABORAI";"Falta de Atenção à Condução";"Colisão transversal";"Com Vítimas Feridas";"Pleno dia";"Crescente";"Céu Claro";"Simples";"Curva";"Sim";2;0;1;0;1;0;1;2;-22,77062;-42,92223;"SPRF-RJ";"DEL04-RJ";"UOP02-DEL04-RJ"
236588;2019-09-19;"quinta-feira";"19:45:00";"SC";101;131,9;"CAMBORIU";"Falta de Atenção do Pedestre";"Atropelamento de Pedestre";"Com Vítimas Feridas";"Plena Noite";"Crescente";"Chuva";"Dupla";"Reta";"Sim";2;0;0;1;1;0;1;2;-26,99064209;-48,66310912;"SPRF-SC";"DEL04-SC";"UOP03-DEL04-SC"
236589;2019-09-16;"segunda-feira";"05:42:00";"RJ";40;116;"DUQUE DE CAXIAS";"Falta de Atenção à Condução";"Colisão lateral";"Com Vítimas Feridas";"Amanhecer";"Crescente";"Céu Claro";"Dupla";"Reta";"Não";4;0;1;0;3;0;1;3;-22,73662299;-43,28858785;"SPRF-RJ";"DEL01-RJ";"UOP01-DEL01-RJ"
236590;2019-09-19;"quinta-feira";"16:30:00";"RS";471;148,6;"SANTA CRUZ DO SUL";"Falta de Atenção à Condução";"Colisão traseira";"Com Vítimas Feridas";"Pleno dia";"Crescente";"Céu Claro";"Múltipla";"Interseção de Vias";"Sim";2;0;1;0;1;0;1;2;-29,76296172;-52,42450476;"SPRF-RS";"DEL02-RS";"UOP02-DEL02-RS"
236592;2019-09-19;"quinta-feira";"20:40:00";"RS";158;239;"JULIO DE CASTILHOS";"Defeito Mecânico no Veículo";"Incêndio";"Sem Vítimas";"Plena Noite";"Decrescente";"Nevoeiro/Neblina";"Simples";"Reta";"Não";4;0;0;0;4;0;0;1;-29,01971897;-53,64718533;"SPRF-RS";"DEL10-RS";"UOP02-DEL10-RS"
236593;2019-09-19;"quinta-feira";"19:10:00";"SC";470;69,8;"INDAIAL";"Não guardar distância de segurança";"Colisão traseira";"Com Vítimas Feridas";"Plena Noite";"Decrescente";"Chuva";"Simples";"Reta";"Não";3;0;2;1;0;0;3;2;-26,883745;-49,246704;"SPRF-SC";"DEL04-SC";"UOP01-DEL04-SC"
236595;2019-09-19;"quinta-feira";"14:45:00";"PR";163;34;"SANTO ANTONIO DO SUDOESTE";"Falta de Atenção à Condução";"Colisão lateral";"Com Vítimas Feridas";"Pleno dia";"Decrescente";"Chuva";"Simples";"Curva";"Sim";4;0;2;0;2;0;2;2;-26,07127806;-53,72074127;"SPRF-PR";"DEL02-PR";"UOP02-DEL02-PR"
236597;2019-09-19;"quinta-feira";"21:25:00";"PB";230;157;"CAMPINA GRANDE";"Desobediência às normas de trânsito pelo condutor";"Colisão lateral";"Com Vítimas Feridas";"Plena Noite";"Crescente";"Céu Claro";"Simples";"Interseção de Vias";"Sim";2;0;1;0;1;0;1;2;-7,26792592;-35,91542423;"SPRF-PB";"DEL02-PB";"UOP01-DEL02-PB"
236598;2019-09-08;"domingo";"02:10:00";"DF";20;18,8;"BRASILIA";"Ingestão de Álcool";"Colisão transversal";"Com Vítimas Feridas";"Plena Noite";"Decrescente";"Céu Claro";"Dupla";"Retorno Regulamentado";"Não";4;0;2;0;2;0;2;2;-15,616901;-47,708927;"SPRF-DF";"DEL02-DF";"UOP01-DEL02-DF"
236599;2019-09-19;"quinta-feira";"18:00:00";"MG";40;819,1;"SIMAO PEREIRA";"Falta de Atenção à Condução";"Tombamento";"Com Vítimas Feridas";"Anoitecer";"Decrescente";"Céu Claro";"Dupla";"Interseção de Vias";"Não";2;0;2;0;0;0;2;1;-21,94686689;-43,30235481;"SPRF-MG";"DEL05-MG";"UOP01-DEL05-MG"
236601;2019-09-19;"quinta-feira";"20:50:00";"SC";101;264,1;"GAROPABA";"Velocidade Incompatível";"Saída de leito carroçável";"Com Vítimas Feridas";"Plena Noite";"Decrescente";"Chuva";"Dupla";"Curva";"Não";3;0;1;0;2;0;1;1;-28,05149404;-48,71632789;"SPRF-SC";"DEL02-SC";"UOP03-DEL02-SC"
236602;2019-09-19;"quinta-feira";"21:50:00";"RS";386;32,8;"FREDERICO WESTPHALEN";"Falta de Atenção do Pedestre";"Atropelamento de Pedestre";"Com Vítimas Feridas";"Plena Noite";"Decrescente";"Nublado";"Simples";"Reta";"Sim";2;0;0;1;0;1;1;2;-27,341396;-53,387527;"SPRF-RS";"DEL08-RS";"UOP02-DEL08-RS"
236603;2019-09-19;"quinta-feira";"19:30:00";"SC";101;383;"ICARA";"Falta de Atenção à Condução";"Saída de leito carroçável";"Sem Vítimas";"Plena Noite";"Decrescente";"Céu Claro";"Dupla";"Reta";"Não";1;0;0;0;1;0;0;1;-28,7644284;-49,29379981;"SPRF-SC";"DEL02-SC";"UOP02-DEL02-SC"
236604;2019-07-27;"sábado";"20:00:00";"BA";367;81;"EUNAPOLIS";"Falta de Atenção à Condução";"Colisão transversal";"Com Vítimas Feridas";"Plena Noite";"Decrescente";"Céu Claro";"Simples";"Reta";"Sim";3;0;0;2;1;0;2;2;-16,3717565;-39,55261277;"SPRF-BA";"DEL09-BA";"UOP01-DEL09-BA"
236605;2019-09-19;"quinta-feira";"19:15:00";"RO";319;62;"PORTO VELHO";"Desobediência às normas de trânsito pelo condutor";"Colisão transversal";"Com Vítimas Feridas";"Plena Noite";"Crescente";"Céu Claro";"Dupla";"Interseção de Vias";"Sim";2;0;1;0;1;0;1;2;-8,74949275;-63,88824463;"SPRF-RO";"DEL01-RO";"UOP01-DEL01-RO"
236606;2019-09-19;"quinta-feira";"18:35:00";"RO";364;344,5;"JI-PARANA";"Desobediência às normas de trânsito pelo condutor";"Colisão lateral";"Com Vítimas Feridas";"Plena Noite";"Crescente";"Céu Claro";"Dupla";"Reta";"Sim";2;0;2;0;0;0;2;2;-10,87102831;-61,95688248;"SPRF-RO";"DEL02-RO";"UOP01-DEL02-RO"
236610;2019-09-19;"quinta-feira";"21:30:00";"RO";319;62;"PORTO VELHO";"Desobediência às normas de trânsito pelo condutor";"Colisão transversal";"Sem Vítimas";"Plena Noite";"Crescente";"Céu Claro";"Dupla";"Interseção de Vias";"Sim";2;0;0;0;2;0;0;2;-8,76097768;-63,88558757;"SPRF-RO";"DEL01-RO";"UOP01-DEL01-RO"
236613;2019-09-19;"quinta-feira";"23:20:00";"PR";116;115,1;"CURITIBA";"Falta de Atenção à Condução";"Colisão traseira";"Com Vítimas Feridas";"Plena Noite";"Decrescente";"Chuva";"Dupla";"Reta";"Sim";2;0;1;0;1;0;1;2;-25,55953326;-49,26560414;"SPRF-PR";"DEL01-PR";"UOP06-DEL01-PR"
236614;2019-09-19;"quinta-feira";"22:55:00";"SC";282;82,9;"ALFREDO WAGNER";"Pista Escorregadia";"Colisão frontal";"Com Vítimas Fatais";"Plena Noite";"Crescente";"Chuva";"Simples";"Declive;Curva";"Não";6;1;4;0;1;0;4;2;-27,662027;-49,178356;"SPRF-SC";"DEL01-SC";"UOP03-DEL01-SC"
236615;2019-09-19;"quinta-feira";"22:50:00";"RJ";101;408;"ITAGUAI";"Falta de Atenção à Condução";"Colisão traseira";"Com Vítimas Feridas";"Plena Noite";"Decrescente";"Céu Claro";"Dupla";"Reta";"Sim";2;0;1;0;1;0;1;2;-22,88087914;-43,82441392;"SPRF-RJ";"DEL03-RJ";"UOP01-DEL03-RJ"
236616;2019-09-19;"quinta-feira";"21:45:00";"SC";116;250;"LAGES";"Ingestão de Álcool";"Capotamento";"Sem Vítimas";"Plena Noite";"Decrescente";"Chuva";"Simples";"Reta;Em Obras";"Não";1;0;0;0;1;0;0;1;-27,83626507;-50,38045026;"SPRF-SC";"DEL05-SC";"UOP02-DEL05-SC"
236620;2019-09-19;"quinta-feira";"23:30:00";"SC";101;136,3;"BALNEARIO CAMBORIU";"Velocidade Incompatível";"Colisão lateral";"Sem Vítimas";"Plena Noite";"Crescente";"Céu Claro";"Dupla";"Curva";"Sim";3;0;0;0;3;0;0;3;-27,008113;-48,617245;"SPRF-SC";"DEL04-SC";"UOP03-DEL04-SC"
236622;2019-09-19;"quinta-feira";"23:00:00";"RS";470;218;"BENTO GONCALVES";"Falta de Atenção à Condução";"Colisão transversal";"Com Vítimas Feridas";"Plena Noite";"Decrescente";"Céu Claro";"Simples";"Aclive;Reta";"Sim";3;0;2;0;1;0;2;2;-29,17292214;-51,52424936;"SPRF-RS";"DEL06-RS";"UOP01-DEL06-RS"
236623;2019-09-19;"quinta-feira";"19:20:00";"SC";280;304,5;"PORTO UNIAO";"Falta de Atenção à Condução";"Colisão transversal";"Com Vítimas Feridas";"Plena Noite";"Decrescente";"Chuva";"Simples";"Reta";"Sim";3;0;1;0;2;0;1;2;-26,27999553;-51,05063229;"SPRF-SC";"DEL06-SC";"UOP04-DEL06-SC"
236624;2019-09-19;"quinta-feira";"23:40:00";"SP";116;210;"GUARULHOS";"Ingestão de Álcool";"Saída de leito carroçável";"Sem Vítimas";"Plena Noite";"Decrescente";"Céu Claro";"Dupla";"Reta";"Sim";1;0;0;0;1;0;0;1;-23,42870023;-46,41085991;"SPRF-SP";"DEL01-SP";"UOP01-DEL01-SP"