"id";"data_inversa";"dia_semana";"horario";"uf";"br";"km";"municipio";"causa_acidente";"tipo_acidente";"classificacao_acidente";"fase_dia";"sentido_via";"condicao_metereologica";"tipo_pista";"tracado_via";"uso_solo";"pessoas";"mortos";"feridos_leves";"feridos_graves";"ilesos";"ignorados";"feridos";"veiculos";"latitude";"longitude";"regional";"delegacia";"uop"
236736;2019-09-20;"sexta-feira";"12:40:00";"PR";376;177,7;"MARINGA";"Desobediência às normas de trânsito pelo condutor";"Colisão lateral";"Com Vítimas Feridas";"Pleno dia";"Decrescente";"Céu Claro";"Múltipla";"Reta";"Sim";1;0;1;0;0;0;1;1;-23,41595855;-51,92226484;"SPRF-PR";"DEL07-PR";"UOP01-DEL09-PR"
236737;2019-09-20;"sexta-feira";"13:50:00";"PB";230;19;"JOAO PESSOA";"Falta de Atenção à Condução";"Colisão traseira";"Sem Vítimas";"Pleno dia";"Decrescente";"Céu Claro";"Dupla";"Reta";"Sim";4;0;0;0;4;0;0;4;-7,1281;-34,8466;"SPRF-PB";"DEL01-PB";"UOP01-DEL01-PB"
236739;2019-09-20;"sexta-feira";"13:00:00";"RN";101;97;"NATAL";"Falta de Atenção à Condução";"Colisão traseira";"Com Vítimas Feridas";"Pleno dia";"Decrescente";"Céu Claro";"Dupla";"Reta";"Não";3;0;2;0;1;0;2;2;-5,85758898;-35,21271205;"SPRF-RN";"DEL01-RN";"UOP01-DEL01-RN"
236740;2019-09-20;"sexta-feira";"13:30:00";"MS";163;681,8;"RIO VERDE DE MATO GROSSO";"Falta de Atenção do Pedestre";"Atropelamento de Pedestre";"Com Vítimas Feridas";"Pleno dia";"Crescente";"Céu Claro";"Simples";"Reta;Declive";"Sim";2;0;0;1;1;0;1;2;-18,903834;-54,841557;"SPRF-MS";"DEL06-MS";"UOP02-DEL06-MS"
236741;2019-09-20;"sexta-feira";"13:30:00";"PR";467;74;"TOLEDO";"Falta de Atenção à Condução";"Colisão com objeto estático";"Com Vítimas Feridas";"Pleno dia";"Decrescente";"Céu Claro";"Dupla";"Reta";"Não";1;0;0;1;0;0;1;1;-24,7402;-53,6935;"SPRF-PR";"DEL04-PR";"UOP01-DEL04-PR"
236743;2019-09-20;"sexta-feira";"14:40:00";"RN";304;42,9;"MOSSORO";"Falta de Atenção à Condução";"Colisão traseira";"Com Vítimas Feridas";"Pleno dia";"Decrescente";"Sol";"Dupla";"Reta";"Sim";3;0;2;0;1;0;2;2;-5,21278093;-37,37221494;"SPRF-RN";"DEL04-RN";"UOP01-DEL04-RN"
236744;2019-09-20;"sexta-feira";"14:50:00";"DF";20;9,1;"BRASILIA";"Desobediência às normas de trânsito pelo condutor";"Colisão transversal";"Com Vítimas Feridas";"Pleno dia";"Decrescente";"Céu Claro";"Dupla";"Reta";"Sim";4;0;1;0;3;0;1;2;-15,654671;-47,782917;"SPRF-DF";"DEL02-DF";"UOP01-DEL02-DF"
236745;2019-09-20;"sexta-feira";"14:45:00";"SC";101;13,3;"JOINVILLE";"Pista Escorregadia";"Tombamento";"Com Vítimas Feridas";"Pleno dia";"Crescente";"Chuva";"Dupla";"Reta";"Não";1;0;1;0;0;0;1;1;-26,08986803;-48,86345096;"SPRF-SC";"DEL03-SC";"UOP01-DEL03-SC"
236747;2019-09-20;"sexta-feira";"14:45:00";"RN";406;133;"TAIPU";"Ingestão de Álcool";"Colisão com objeto em movimento";"Com Vítimas Feridas";"Pleno dia";"Crescente";"Céu Claro";"Simples";"Reta";"Não";2;0;1;0;0;1;1;2;-5,64868806;-35,58205808;"SPRF-RN";"DEL02-RN";"UOP01-DEL02-RN"
236748;2019-07-10;"quarta-feira";"08:00:00";"ES";262;5,7;"CARIACICA";"Falta de Atenção à Condução";"Colisão traseira";"Com Vítimas Feridas";"Pleno dia";"Crescente";"Céu Claro";"Dupla";"Reta";"Sim";2;0;0;1;0;1;1;2;-20,33707281;-40,38649924;"SPRF-ES";"DEL01-ES";"UOP01-DEL01-ES"
236753;2019-09-20;"sexta-feira";"15:35:00";"SP";116;221;"GUARULHOS";"Não guardar distância de segurança";"Colisão lateral";"Com Vítimas Feridas";"Pleno dia";"Decrescente";"Nublado";"Múltipla";"Reta";"Sim";2;0;1;0;1;0;1;2;-23,46802395;-46,50704901;"SPRF-SP";"DEL01-SP";"UOP01-DEL01-SP"
236754;2019-09-20;"sexta-feira";"10:45:00";"PR";116;44;"CAMPINA GRANDE DO SUL";"Pista Escorregadia";"Saída de leito carroçável";"Com Vítimas Feridas";"Pleno dia";"Crescente";"Chuva";"Dupla";"Declive;Curva";"Não";4;0;4;0;0;0;4;1;-25,1882321;-48,88492529;"SPRF-PR";"DEL01-PR";"UOP02-DEL01-PR"
236755;2019-08-31;"sábado";"19:21:00";"RJ";116;253;"PINHEIRAL";"Animais na Pista";"Colisão com objeto estático";"Com Vítimas Feridas";"Plena Noite";"Crescente";"Nublado";"Dupla";"Curva";"Não";2;0;1;0;1;0;1;1;-22,58187418;-44,03058713;"SPRF-RJ";"DEL07-RJ";"UOP02-DEL07-RJ"
236756;2019-09-20;"sexta-feira";"15:20:00";"SC";116;5,5;"MAFRA";"Desobediência às normas de trânsito pelo condutor";"Colisão transversal";"Com Vítimas Feridas";"Pleno dia";"Decrescente";"Céu Claro";"Simples";"Interseção de Vias";"Sim";2;0;1;0;1;0;1;2;-26,145606;-49,82169986;"SPRF-SC";"DEL06-SC";"UOP01-DEL06-SC"
236761;2019-09-20;"sexta-feira";"16:30:00";"GO";60;89;"ANAPOLIS";"Falta de Atenção à Condução";"Colisão lateral";"Com Vítimas Feridas";"Pleno dia";"Decrescente";"Céu Claro";"Dupla";"Reta";"Sim";2;0;1;0;1;0;1;2;-16,3367;-48,8957;"SPRF-GO";"DEL02-GO";"UOP01-DEL02-GO"
236762;2019-09-20;"sexta-feira";"14:30:00";"BA";415;47;"ITABUNA";"Falta de Atenção à Condução";"Colisão frontal";"Com Vítimas Feridas";"Pleno dia";"Decrescente";"Céu Claro";"Simples";"Curva";"Não";4;0;1;0;3;0;1;2;-14,81574494;-39,29612388;"SPRF-BA";"DEL05-BA";"UOP01-DEL05-BA"
236763;2019-09-16;"segunda-feira";"04:45:00";"PE";101;110,7;"CABO DE SANTO AGOSTINHO";"Ingestão de Álcool";"Saída de leito carroçável";"Com Vítimas Feridas";"Amanhecer";"Crescente";"Chuva";"Dupla";"Curva";"Não";2;0;1;0;0;1;1;1;-8,31648181;-35,10571612;"SPRF-PE";"DEL01-PE";"UOP03-DEL01-PE"
236764;2019-09-20;"sexta-feira";"15:30:00";"MG";116;719,7;"MURIAE";"Mal Súbito";"Colisão com objeto estático";"Com Vítimas Feridas";"Pleno dia";"Decrescente";"Sol";"Simples";"Curva";"Não";1;0;1;0;0;0;1;1;-21,23756793;-42,39406193;"SPRF-MG";"DEL07-MG";"UOP02-DEL07-MG"
236767;2019-09-20;"sexta-feira";"14:49:00";"RO";421;22;"ARIQUEMES";"Pista Escorregadia";"Colisão traseira";"Sem Vítimas";"Pleno dia";"Decrescente";"Céu Claro";"Simples";"Aclive";"Não";2;0;0;0;2;0;0;2;-10,01088;-63,161137;"SPRF-RO";"DEL03-RO";"UOP01-DEL03-RO"
236768;2019-09-20;"sexta-feira";"16:00:00";"CE";222;4,9;"CAUCAIA";"Falta de Atenção à Condução";"Colisão traseira";"Sem Vítimas";"Pleno dia";"Crescente";"Céu Claro";"Múltipla";"Interseção de Vias";"Sim";2;0;0;0;2;0;0;2;-3,74164754;-38,60449792;"SPRF-CE";"DEL01-CE";"UOP01-DEL01-CE"
236772;2019-09-20;"sexta-feira";"16:10:00";"PR";376;229,9;"APUCARANA";"Falta de Atenção à Condução";"Colisão lateral";"Com Vítimas Feridas";"Pleno dia";"Decrescente";"Chuva";"Dupla";"Curva";"Não";2;0;1;1;0;0;2;2;-23,564101;-51,5307394;"SPRF-PR";"DEL07-PR";"UOP03-DEL07-PR"
236773;2019-09-20;"sexta-feira";"16:50:00";"MG";381;502;"BETIM";"Ingestão de Álcool";"Colisão com objeto estático";"Com Vítimas Feridas";"Pleno dia";"Crescente";"Céu Claro";"Múltipla";"Reta";"Sim";3;0;2;0;1;0;2;1;-20,03619694;-44,24586303;"SPRF-MG";"DEL01-MG";"UOP03-DEL01-MG"
236774;2019-09-20;"sexta-feira";"17:05:00";"BA";324;622;"SALVADOR";"Falta de Atenção à Condução";"Colisão traseira";"Com Vítimas Feridas";"Pleno dia";"Crescente";"Céu Claro";"Múltipla";"Reta";"Sim";4;0;2;0;2;0;2;3;-12,93178959;-38,47096682;"SPRF-BA";"DEL01-BA";"UOP01-DEL01-BA"
236779;2019-09-20;"sexta-feira";"16:35:00";"RS";470;217;"BENTO GONCALVES";"Desobediência às normas de trânsito pelo condutor";"Colisão transversal";"Com Vítimas Feridas";"Anoitecer";"Decrescente";"Nublado";"Simples";"Rotatória";"Sim";2;0;1;0;1;0;1;2;-29,16462512;-51,52551964;"SPRF-RS";"DEL06-RS";"UOP01-DEL06-RS"
236780;2019-09-20;"sexta-feira";"17:00:00";"SP";116;270,4;"TABOAO DA SERRA";"Falta de Atenção à Condução";"Colisão traseira";"Com Vítimas Feridas";"Anoitecer";"Crescente";"Nublado";"Dupla";"Reta";"Sim";2;0;1;0;1;0;1;2;-23,61799728;-46,79677694;"SPRF-SP";"DEL04-SP";"UOP01-DEL04-SP"
236781;2019-09-20;"sexta-feira";"17:00:00";"MA";316;506;"CODO";"Animais na Pista";"Capotamento";"Com Vítimas Feridas";"Pleno dia";"Crescente";"Céu Claro";"Simples";"Curva";"Não";1;0;1;0;0;0;1;1;-4,728815;-43,713264;"SPRF-MA";"DEL03-MA";"UOP02-DEL03-MA"
236782;2019-09-20;"sexta-feira";"16:15:00";"PB";104;96,3;"ESPERANCA";"Desobediência às normas de trânsito pelo condutor";"Queda de ocupante de veículo";"Com Vítimas Feridas";"Pleno dia";"Crescente";"Céu Claro";"Simples";"Reta";"Sim";2;0;2;0;0;0;2;1;-7,01308226;-35,85629582;"SPRF-PB";"DEL02-PB";"UOP04-DEL02-PB"
236785;2019-09-20;"sexta-feira";"16:50:00";"PI";316;31;"DEMERVAL LOBAO";"Não guardar distância de segurança";"Colisão traseira";"Com Vítimas Feridas";"Pleno dia";"Crescente";"Sol";"Simples";"Reta";"Não";2;0;1;0;1;0;1;2;-5,33958796;-42,69400899;"SPRF-PI";"DEL01-PI";"UOP02-DEL01-PI"
236788;2019-09-20;"sexta-feira";"17:00:00";"PA";316;69;"CASTANHAL";"Falta de Atenção à Condução";"Saída de leito carroçável";"Com Vítimas Feridas";"Pleno dia";"Crescente";"Sol";"Simples";"Reta";"Não";1;0;1;0;0;0;1;1;-1,29277675;-47,87507708;"SPRF-PA";"DEL01-PA";"UOP01-DEL01-PA"
236789;2019-09-20;"sexta-feira";"18:05:00";"SP";116;231;"GUARULHOS";"Falta de Atenção à Condução";"Colisão traseira";"Com Vítimas Feridas";"Plena Noite";"Decrescente";"Nublado";"Múltipla";"Declive";"Sim";2;0;1;0;1;0;1;2;-23,5290581;-46,59398303;"SPRF-SP";"DEL01-SP";"UOP01-DEL01-SP"
236792;2019-09-20;"sexta-feira";"17:35:00";"ES";101;303;"VIANA";"Falta de Atenção à Condução";"Engavetamento";"Com Vítimas Feridas";"Anoitecer";"Crescente";"Nublado";"Dupla";"Reta";"Sim";3;0;1;0;2;0;1;3;-20,37695747;-40,44527144;"SPRF-ES";"DEL01-ES";"UOP01-DEL01-ES"
236793;2019-09-20;"sexta-feira";"18:05:00";"MG";356;266,4;"MURIAE";"Falta de Atenção à Condução";"Colisão transversal";"Com Vítimas Feridas";"Anoitecer";"Crescente";"Céu Claro";"Simples";"Interseção de Vias";"Sim";3;0;0;1;1;1;1;3;-21,12728448;-42,36905521;"SPRF-MG";"DEL07-MG";"UOP02-DEL07-MG"
236794;2019-09-20;"sexta-feira";"17:00:00";"MS";163;373,2;"NOVA ALVORADA DO SUL";"Fenômenos da Natureza";"Capotamento";"Com Vítimas Feridas";"Pleno dia";"Decrescente";"Chuva";"Dupla";"Reta";"Não";3;0;1;1;1;0;2;1;-21,40151579;-54,40400077;"SPRF-MS";"DEL02-MS";"UOP01-DEL02-MS"
236795;2019-09-20;"sexta-feira";"17:00:00";"RS";290;508,6;"ROSARIO DO SUL";"Ingestão de Álcool";"Colisão com objeto estático";"Com Vítimas Feridas";"Pleno dia";"Decrescente";"Céu Claro";"Simples";"Reta";"Não";1;0;1;0;0;0;1;1;-30,154659;-55,177906;"SPRF-RS";"DEL11-RS";"UOP02-DEL11-RS"
236796;2019-09-20;"sexta-feira";"17:40:00";"PB";230;462;"SOUSA";"Desobediência às normas de trânsito pelo condutor";"Atropelamento de Pedestre";"Com Vítimas Feridas";"Anoitecer";"Crescente";"Céu Claro";"Simples";"Retorno Regulamentado";"Sim";2;0;1;0;0;1;1;2;-6,7768;-38,215;"SPRF-PB";"DEL03-PB";"UOP03-DEL03-PB"
236797;2019-09-20;"sexta-feira";"18:00:00";"RS";116;143,8;"CAXIAS DO SUL";"Velocidade Incompatível";"Colisão com objeto estático";"Sem Vítimas";"Anoitecer";"Crescente";"Nublado";"Dupla";"Curva";"Sim";1;0;0;0;1;0;0;1;-29,12549136;-51,12734556;"SPRF-RS";"DEL05-RS";"UOP01-DEL05-RS"
236799;2019-09-20;"sexta-feira";"18:00:00";"PR";116;18;"ANTONINA";"Velocidade Incompatível";"Saída de leito carroçável";"Com Vítimas Feridas";"Plena Noite";"Decrescente";"Chuva";"Dupla";"Curva";"Não";3;0;2;0;1;0;2;1;-25,103973;-48,710786;"SPRF-PR";"DEL01-PR";"UOP02-DEL01-PR"
236800;2019-09-20;"sexta-feira";"18:40:00";"GO";153;507,5;"APARECIDA DE GOIANIA";"Falta de Atenção à Condução";"Colisão traseira";"Com Vítimas Feridas";"Plena Noite";"Crescente";"Céu Claro";"Simples";"Reta;Interseção de Vias";"Sim";2;0;1;0;1;0;1;2;-16,7715;-49,2387;"SPRF-GO";"DEL01-GO";"UOP03-DEL01-GO"
236801;2019-09-20;"sexta-feira";"18:20:00";"BA";324;625;"SALVADOR";"Falta de Atenção à Condução";"Colisão lateral";"Sem Vítimas";"Plena Noite";"Decrescente";"Céu Claro";"Múltipla";"Reta";"Sim";2;0;0;0;2;0;0;2;-12,94194706;-38,47081224;"SPRF-BA";"DEL01-BA";"UOP01-DEL01-BA"
236802;2019-09-20;"sexta-feira";"18:50:00";"PR";369;162;"CAMBE";"Animais na Pista";"Atropelamento de Animal";"Com Vítimas Feridas";"Plena Noite";"Crescente";"Chuva";"Dupla";"Curva;Declive";"Não";4;0;2;0;2;0;2;2;-23,29619123;-51,2727803;"SPRF-PR";"DEL07-PR";"UOP01-DEL07-PR"
236803;2019-09-20;"sexta-feira";"17:20:00";"RJ";116;172;"SAO JOAO DE MERITI";"Desobediência às normas de trânsito pelo condutor";"Colisão traseira";"Com Vítimas Feridas";"Plena Noite";"Crescente";"Céu Claro";"Dupla";"Reta";"Sim";2;0;1;0;1;0;1;2;-22,80188151;-43,35043673;"SPRF-RJ";"DEL01-RJ";"UOP02-DEL01-RJ"
236804;2019-09-20;"sexta-feira";"18:40:00";"PE";232;62;"POMBOS";"Falta de Atenção à Condução";"Colisão lateral";"Sem Vítimas";"Plena Noite";"Crescente";"Nublado";"Simples";"Reta";"Não";2;0;0;0;2;0;0;2;-8,15598579;-35,42308007;"SPRF-PE";"DEL01-PE";"UOP02-DEL02PE"
236805;2019-09-20;"sexta-feira";"18:45:00";"PR";376;187;"MARIALVA";"Não guardar distância de segurança";"Tombamento";"Com Vítimas Feridas";"Plena Noite";"Decrescente";"Nublado";"Dupla";"Reta";"Não";1;0;1;0;0;0;1;1;-23,46141044;-51,83659926;"SPRF-PR";"DEL07-PR";"UOP01-DEL09-PR"
236806;2019-09-19;"quinta-feira";"17:30:00";"RR";174;319;"CARACARAI";"Ingestão de Álcool";"Saída de leito carroçável";"Com Vítimas Fatais";"Pleno dia";"Decrescente";"Céu Claro";"Simples";"Reta";"Não";1;1;0;0;0;0;0;1;1,496821;-60,948082;"SPRF-RR";"DEL01-RR";"UOP01-DEL01-RR"
236807;2019-09-20;"sexta-feira";"18:20:00";"PR";376;617;"SAO JOSE DOS PINHAIS";"Falta de Atenção à Condução";"Colisão traseira";"Com Vítimas Feridas";"Plena Noite";"Decrescente";"Chuva";"Dupla";"Curva";"Não";1;0;1;0;0;0;1;1;-25,58426494;-49,17618795;"SPRF-PR";"DEL01-PR";"UOP01-DEL01-PR"
236808;2019-09-20;"sexta-feira";"18:30:00";"BA";116;265;"TUCANO";"Ingestão de Álcool";"Atropelamento de Pedestre";"Com Vítimas Fatais";"Plena Noite";"Decrescente";"Céu Claro";"Simples";"Reta";"Não";6;1;0;0;5;0;0;2;-10,89873097;-38,84184092;"SPRF-BA";"DEL07-BA";"UOP02-DEL07-BA"
236810;2019-09-20;"sexta-feira";"19:15:00";"SC";470;133;"RIO DO SUL";"Falta de Atenção à Condução";"Colisão traseira";"Com Vítimas Feridas";"Plena Noite";"Crescente";"Garoa/Chuvisco";"Simples";"Reta";"Não";2;0;1;0;1;0;1;2;-27,174187;-49,588497;"SPRF-SC";"DEL04-SC";"UOP02-DEL04-SC"
236811;2019-09-20;"sexta-feira";"18:15:00";"SC";280;56;"GUARAMIRIM";"Falta de Atenção à Condução";"Colisão lateral";"Com Vítimas Feridas";"Plena Noite";"Crescente";"Chuva";"Simples";"Reta";"Não";2;0;1;0;1;0;1;2;-26,47948044;-49,00255322;"SPRF-SC";"DEL03-SC";"UOP03-DEL03-SC"
236812;2019-09-20;"sexta-feira";"17:40:00";"PR";277;96;"CURITIBA";"Falta de Atenção à Condução";"Colisão lateral";"Com Vítimas Feridas";"Anoitecer";"Decrescente";"Céu Claro";"Dupla";"Reta";"Sim";2;0;1;0;1;0;1;2;-25,54577186;-49,29537197;"SPRF-PR";"DEL01-PR";"UOP06-DEL01-PR"
236814;2019-09-20;"sexta-feira";"19:20:00";"PI";316;40;"LAGOA DO PIAUI";"Falta de Atenção do Pedestre";"Atropelamento de Pedestre";"Com Vítimas Fatais";"Plena Noite";"Decrescente";"Céu Claro";"Simples";"Reta";"Sim";2;1;0;0;0;1;0;2;-5,40385598;-42,65110797;"SPRF-PI";"DEL01-PI";"UOP02-DEL01-PI"
236815;2019-09-20;"sexta-feira";"19:30:00";"SC";101;207,5;"SAO JOSE";"Não guardar distância de segurança";"Colisão traseira";"Com Vítimas Feridas";"Plena Noite";"Decrescente";"Chuva";"Múltipla";"Reta";"Sim";2;0;1;0;1;0;1;2;-27,60190151;-48,62680256;"SPRF-SC";"DEL01-SC";"UOP01-DEL01-SC"
236816;2019-09-20;"sexta-feira";"19:15:00";"PR";163;289;"MARECHAL CANDIDO RONDON";"Falta de Atenção à Condução";"Colisão frontal";"Com Vítimas Feridas";"Plena Noite";"Decrescente";"Céu Claro";"Simples";"Curva";"Não";6;0;6;0;0;0;6;2;-24,54325405;-54,04536607;"SPRF-PR";"DEL06-PR";"UOP02-DEL06-PR"
236817;2019-09-20;"sexta-feira";"17:40:00";"SC";101;109;"PENHA";"Ingestão de Álcool";"Colisão com objeto estático";"Sem Vítimas";"Anoitecer";"Decrescente";"Chuva";"Simples";"Curva";"Sim";1;0;0;0;1;0;0;1;-26,8333519;-48,69632106;"SPRF-SC";"DEL03-SC";"UOP02-DEL03-SC"
236818;2019-09-20;"sexta-feira";"19:00:00";"GO";70;475;"ARAGARCAS";"Ingestão de Álcool";"Colisão traseira";"Sem Vítimas";"Plena Noite";"Crescente";"Céu Claro";"Dupla";"Reta";"Sim";2;0;0;0;2;0;0;2;-15,8972274;-52,2349377;"SPRF-GO";"DEL04-GO";"UOP01-DEL04-GO"
236820;2019-09-20;"sexta-feira";"19:45:00";"GO";40;6,1;"VALPARAISO DE GOIAS";"Falta de Atenção à Condução";"Colisão traseira";"Com Vítimas Feridas";"Plena Noite";"Crescente";"Sol";"Dupla";"Reta";"Sim";2;0;1;0;1;0;1;2;-16,100814;-47,977351;"SPRF-DF";"DEL01-DF";"UOP01-DEL01-DF"
236822;2019-09-20;"sexta-feira";"19:35:00";"PI";343;183,1;"PIRIPIRI";"Falta de Atenção à Condução";"Colisão frontal";"Com Vítimas Feridas";"Plena Noite";"Crescente";"Céu Claro";"Simples";"Reta";"Sim";2;0;0;1;1;0;1;2;-4,264742;-41,756226;"SPRF-PI";"DEL02-PI";"UOP01-DEL02-PI"
236823;2019-09-20;"sexta-feira";"20:20:00";"SC";280;55;"GUARAMIRIM";"Não guardar distância de segurança";"Queda de ocupante de veículo";"Com Vítimas Feridas";"Plena Noite";"Decrescente";"Chuva";"Simples";"Reta";"Sim";1;0;1;0;0;0;1;1;-26,47584353;-48,9937858;"SPRF-SC";"DEL03-SC";"UOP03-DEL03-SC"
236827;2019-09-20;"sexta-feira";"19:30:00";"PI";343;348,5;"TERESINA";"Falta de Atenção à Condução";"Colisão frontal";"Com Vítimas Feridas";"Plena Noite";"Decrescente";"Céu Claro";"Dupla";"Reta";"Sim";2;0;1;0;1;0;1;2;-5,118706;-42,786411;"SPRF-PI";"DEL01-PI";"UOP01-DEL01-PI"
236830;2019-09-20;"sexta-feira";"20:20:00";"AP";210;101;"PORTO GRANDE";"Falta de Atenção do Pedestre";"Atropelamento de Pedestre";"Com Vítimas Feridas";"Plena Noite";"Decrescente";"Céu Claro";"Simples";"Reta";"Não";3;0;0;1;2;0;1;2;0,690001;-51,371128;"SPRF-AP";"DEL01-AP";"UOP01-DEL01-AP"
236831;2019-09-20;"sexta-feira";"20:20:00";"PE";423;93,9;"GARANHUNS";"Falta de Atenção à Condução";"Colisão lateral";"Com Vítimas Feridas";"Plena Noite";"Crescente";"Nublado";"Simples";"Reta";"Sim";2;0;0;1;1;0;1;2;-8,86972012;-36,46323792;"SPRF-PE";"DEL03-PE";"UOP01-DEL03-PE"
236832;2019-09-20;"sexta-feira";"19:35:00";"MG";381;328;"NOVA ERA";"Falta de Atenção à Condução";"Colisão transversal";"Com Vítimas Feridas";"Plena Noite";"Crescente";"Céu Claro";"Dupla";"Rotatória";"Sim";2;0;1;0;1;0;1;2;-19,77559;-43,04523;"SPRF-MG";"DEL03-MG";"UOP01-DEL03-MG"
236833;2019-09-20;"sexta-feira";"20:20:00";"RS";386;368,8;"FAZENDA VILANOVA";"Animais na Pista";"Atropelamento de Animal";"Com Vítimas Feridas";"Plena Noite";"Crescente";"Céu Claro";"Dupla";"Reta";"Não";4;0;3;1;0;0;4;3;-29,581799;-51,839783;"SPRF-RS";"DEL04-RS";"UOP02-DEL04-RS"
236835;2019-09-20;"sexta-feira";"21:00:00";"RN";101;106;"PARNAMIRIM";"Falta de Atenção à Condução";"Saída de leito carroçável";"Sem Vítimas";"Plena Noite";"Decrescente";"Céu Claro";"Dupla";"Reta";"Sim";3;0;0;0;3;0;0;1;-5,91056401;-35,26130795;"SPRF-RN";"DEL01-RN";"UOP01-DEL01-RN"
236836;2019-09-20;"sexta-feira";"20:15:00";"RS";386;356;"ESTRELA";"Falta de Atenção à Condução";"Saída de leito carroçável";"Com Vítimas Feridas";"Plena Noite";"Crescente";"Nublado";"Dupla";"Reta";"Não";1;0;1;0;0;0;1;1;-29,522612;-51,935017;"SPRF-RS";"DEL04-RS";"UOP02-DEL04-RS"
236838;2019-09-20;"sexta-feira";"15:10:00";"PR";163;7,4;"BARRACAO";"Falta de Atenção à Condução";"Colisão transversal";"Com Vítimas Feridas";"Pleno dia";"Crescente";"Céu Claro";"Simples";"Interseção de Vias";"Não";2;0;1;0;1;0;1;2;-26,25769008;-53,61839354;"SPRF-PR";"DEL02-PR";"UOP02-DEL02-PR"
236840;2019-09-20;"sexta-feira";"21:30:00";"SP";116;541;"BARRA DO TURVO";"Velocidade Incompatível";"Colisão com objeto estático";"Com Vítimas Feridas";"Plena Noite";"Crescente";"Chuva";"Simples";"Reta";"Não";1;0;1;0;0;0;1;1;-24,97245688;-48,39976606;"SPRF-SP";"DEL05-SP";"UOP02-DEL05-SP"
236842;2019-09-20;"sexta-feira";"19:15:00";"PR";369;118,1;"JATAIZINHO";"Pista Escorregadia";"Capotamento";"Com Vítimas Feridas";"Plena Noite";"Crescente";"Chuva";"Simples";"Curva";"Não";1;0;1;0;0;0;1;1;-23,28590511;-50,8909893;"SPRF-PR";"DEL07-PR";"UOP05-DEL07-PR"
236843;2019-09-20;"sexta-feira";"20:35:00";"RR";174;504;"BOA VISTA";"Velocidade Incompatível";"Colisão traseira";"Sem Vítimas";"Plena Noite";"Crescente";"Céu Claro";"Dupla";"Reta";"Sim";2;0;0;0;2;0;0;2;2,81352995;-60,69227641;"SPRF-RR";"DEL01-RR";"UOP01-DEL01-RR"
236844;2019-09-20;"sexta-feira";"21:30:00";"BA";324;573;"SAO SEBASTIAO DO PASSE";"Restrição de Visibilidade";"Colisão traseira";"Com Vítimas Feridas";"Plena Noite";"Crescente";"Céu Claro";"Múltipla";"Reta";"Não";3;0;2;0;1;0;2;2;-12,577524;-38,538194;"SPRF-BA";"DEL01-BA";"UOP01-DEL01-BA"
236845;2019-09-20;"sexta-feira";"21:50:00";"SP";116;517;"CAJATI";"Velocidade Incompatível";"Capotamento";"Com Vítimas Feridas";"Plena Noite";"Decrescente";"Chuva";"Dupla";"Curva";"Não";1;0;1;0;0;0;1;1;-24,87819757;-48,20978343;"SPRF-SP";"DEL05-SP";"UAP01-DEL05-SP"
236846;2019-09-20;"sexta-feira";"21:50:00";"SP";116;513;"CAJATI";"Velocidade Incompatível";"Capotamento";"Com Vítimas Feridas";"Plena Noite";"Decrescente";"Chuva";"Dupla";"Curva";"Não";1;0;1;0;0;0;1;1;-24,84033432;-48,21315765;"SPRF-SP";"DEL05-SP";"UAP01-DEL05-SP"
236847;2019-09-20;"sexta-feira";"20:05:00";"MG";116;456,2;"ENGENHEIRO CALDAS";"Desobediência às normas de trânsito pelo condutor";"Colisão frontal";"Com Vítimas Feridas";"Plena Noite";"Crescente";"Céu Claro";"Simples";"Reta";"Sim";2;0;0;1;1;0;1;2;-19,20082084;-42,04762426;"SPRF-MG";"DEL06-MG";"UOP02-DEL06-MG"
236848;2019-09-20;"sexta-feira";"18:45:00";"SC";282;256;"SAO JOSE DO CERRITO";"Velocidade Incompatível";"Saída de leito carroçável";"Com Vítimas Feridas";"Anoitecer";"Decrescente";"Nublado";"Simples";"Curva";"Não";1;0;0;1;0;0;1;1;-27,67211;-50,581013;"SPRF-SC";"DEL05-SC";"UOP02-DEL05-SC"
236849;2019-09-20;"sexta-feira";"20:10:00";"PR";158;222,7;"CAMPO MOURAO";"Desobediência às normas de trânsito pelo condutor";"Colisão transversal";"Com Vítimas Fatais";"Plena Noite";"Crescente";"Chuva";"Simples";"Viaduto";"Não";2;1;0;0;0;1;0;2;-24,07859656;-52,36598969;"SPRF-PR";"DEL04-PR";"UOP03-DEL09-PR"
236850;2019-09-20;"sexta-feira";"18:20:00";"PE";428;190,8;"PETROLINA";"Ingestão de Álcool";"Colisão traseira";"Sem Vítimas";"Plena Noite";"Crescente";"Céu Claro";"Dupla";"Retorno Regulamentado";"Sim";6;0;0;0;6;0;0;3;-9,37766429;-40,50269795;"SPRF-PE";"DEL06-PE";"UOP01-DEL06-PE"
236851;2019-09-20;"sexta-feira";"21:17:00";"RO";364;237;"CACOAL";"Desobediência às normas de trânsito pelo condutor";"Colisão lateral";"Com Vítimas Feridas";"Plena Noite";"Decrescente";"Céu Claro";"Simples";"Reta";"Sim";2;0;1;0;1;0;1;2;-11,44341056;-61,44672787;"SPRF-RO";"DEL02-RO";"UOP02-DEL02-RO"
236852;2019-09-20;"sexta-feira";"20:55:00";"CE";116;8;"FORTALEZA";"Falta de Atenção do Pedestre";"Atropelamento de Pedestre";"Com Vítimas Fatais";"Plena Noite";"Decrescente";"Céu Claro";"Dupla";"Reta";"Sim";2;1;0;1;0;0;1;2;-3,8192799;-38,50268337;"SPRF-CE";"DEL01-CE";"UOP02-DEL01-CE"