"id";"data_inversa";"dia_semana";"horario";"uf";"br";"km";"municipio";"causa_acidente";"tipo_acidente";"classificacao_acidente";"fase_dia";"sentido_via";"condicao_metereologica";"tipo_pista";"tracado_via";"uso_solo";"pessoas";"mortos";"feridos_leves";"feridos_graves";"ilesos";"ignorados";"feridos";"veiculos";"latitude";"longitude";"regional";"delegacia";"uop"
236853;2019-09-20;"sexta-feira";"22:30:00";"PR";116;15;"COLOMBO";"Falta de Atenção à Condução";"Colisão traseira";"Com Vítimas Feridas";"Plena Noite";"Crescente";"Chuva";"Dupla";"Reta";"Sim";2;0;2;0;0;0;2;2;-25,3848;-49,1711;"SPRF-PR";"DEL01-PR";"UOP01-DEL01-PR"
236856;2019-09-20;"sexta-feira";"21:00:00";"CE";222;264,3;"COREAU";"Desobediência às normas de trânsito pelo pedestre";"Atropelamento de Pedestre";"Com Vítimas Fatais";"Plena Noite";"Crescente";"Céu Claro";"Simples";"Reta";"Sim";2;1;0;0;0;1;0;2;-3,7479809;-40,68469599;"SPRF-CE";"DEL04-CE";"UOP02-DEL04-CE"
236858;2019-09-20;"sexta-feira";"22:40:00";"RN";101;82;"NATAL";"Falta de Atenção do Pedestre";"Atropelamento de Pedestre";"Com Vítimas Feridas";"Plena Noite";"Decrescente";"Céu Claro";"Dupla";"Reta";"Sim";2;0;2;0;0;0;2;2;-5,76791511;-35,27456305;"SPRF-RN";"DEL02-RN";"UOP01-DEL02-RN"
236860;2019-09-20;"sexta-feira";"19:15:00";"PB";230;404,7;"POMBAL";"Ingestão de Álcool";"Queda de ocupante de veículo";"Com Vítimas Feridas";"Plena Noite";"Decrescente";"Céu Claro";"Simples";"Curva";"Sim";1;0;0;1;0;0;1;1;-6,7942;-37,7839;"SPRF-PB";"DEL03-PB";"UOP02-DEL03-PB"
236862;2019-09-20;"sexta-feira";"22:45:00";"PB";230;41;"SANTA RITA";"Desobediência às normas de trânsito pelo condutor";"Colisão com objeto estático";"Sem Vítimas";"Plena Noite";"Decrescente";"Garoa/Chuvisco";"Dupla";"Reta;Retorno Regulamentado";"Sim";4;0;0;0;3;1;0;4;-7,14305202;-34,99033404;"SPRF-PB";"DEL01-PB";"UOP03-DEL01-PB"
236863;2019-09-20;"sexta-feira";"23:30:00";"SP";381;79;"SAO PAULO";"Falta de Atenção à Condução";"Saída de leito carroçável";"Com Vítimas Feridas";"Plena Noite";"Crescente";"Chuva";"Dupla";"Curva";"Sim";2;0;2;0;0;0;2;1;-23,40319901;-46,57564699;"SPRF-SP";"DEL03-SP";"UOP01-DEL03-SP"
236864;2019-09-20;"sexta-feira";"22:40:00";"RO";364;236,7;"CACOAL";"Falta de Atenção à Condução";"Tombamento";"Com Vítimas Feridas";"Plena Noite";"Decrescente";"Céu Claro";"Simples";"Interseção de Vias";"Sim";2;0;1;0;0;1;1;2;-11,44412164;-61,44426405;"SPRF-RO";"DEL02-RO";"UOP02-DEL02-RO"
236865;2019-09-20;"sexta-feira";"22:30:00";"MG";116;292;"TEOFILO OTONI";"Falta de Atenção à Condução";"Colisão transversal";"Com Vítimas Feridas";"Plena Noite";"Crescente";"Céu Claro";"Simples";"Curva";"Não";2;0;0;1;0;1;1;2;-17,98144887;-41,55430919;"SPRF-MG";"DEL11-MG";"UOP01-DEL11-MG"
236867;2019-09-20;"sexta-feira";"23:00:00";"BA";407;98;"JAGUARARI";"Ingestão de Álcool";"Queda de ocupante de veículo";"Com Vítimas Feridas";"Plena Noite";"Crescente";"Céu Claro";"Simples";"Declive";"Não";1;0;0;1;0;0;1;1;-10,21756398;-40,21443151;"SPRF-BA";"DEL04-BA";"UOP01-DEL04-BA"
236868;2019-09-20;"sexta-feira";"21:35:00";"RS";472;651,3;"BARRA DO QUARAI";"Falta de Atenção à Condução";"Colisão traseira";"Com Vítimas Feridas";"Plena Noite";"Decrescente";"Céu Claro";"Simples";"Reta";"Sim";5;0;5;0;0;0;5;2;-30,21262346;-57,55914867;"SPRF-RS";"DEL13-RS";"UOP01-DEL13-RS"
236869;2019-09-20;"sexta-feira";"23:00:00";"RJ";101;309;"SAO GONCALO";"Falta de Atenção à Condução";"Colisão com objeto estático";"Sem Vítimas";"Plena Noite";"Decrescente";"Nublado";"Dupla";"Reta";"Sim";2;0;0;0;2;0;0;2;-22,79498873;-43,03446105;"SPRF-RJ";"DEL02-RJ";"UOP02-DEL02-RJ"
236870;2019-09-20;"sexta-feira";"21:20:00";"PI";230;310;"FLORIANO";"Falta de Atenção à Condução";"Queda de ocupante de veículo";"Com Vítimas Feridas";"Plena Noite";"Crescente";"Céu Claro";"Simples";"Reta";"Não";1;0;0;1;0;0;1;1;-6,76580135;-43,00941327;"SPRF-PI";"DEL03-PI";"UOP01-DEL03-PI"
236872;2019-09-21;"sábado";"00:23:00";"BA";235;348;"JUAZEIRO";"Falta de Atenção à Condução";"Colisão traseira";"Com Vítimas Feridas";"Plena Noite";"Decrescente";"Céu Claro";"Simples";"Reta";"Sim";2;0;2;0;0;0;2;2;-9,4406722;-40,4938084;"SPRF-PE";"DEL06-PE";"UOP01-DEL06-PE"
236873;2019-09-20;"sexta-feira";"23:25:00";"RO";364;360;"OURO PRETO DO OESTE";"Defeito Mecânico no Veículo";"Queda de ocupante de veículo";"Com Vítimas Feridas";"Plena Noite";"Decrescente";"Céu Claro";"Simples";"Reta";"Não";2;0;1;0;1;0;1;1;-10,78186387;-62,05695492;"SPRF-RO";"DEL02-RO";"UOP01-DEL02-RO"
236875;2019-09-20;"sexta-feira";"23:40:00";"MT";163;1070;"GUARANTA DO NORTE";"Desobediência às normas de trânsito pelo condutor";"Tombamento";"Com Vítimas Feridas";"Plena Noite";"Crescente";"Céu Claro";"Simples";"Reta";"Não";1;0;0;1;0;0;1;1;-10,04295206;-54,90987437;"SPRF-MT";"DEL06-MT";"UOP02-DEL06-MT"
236879;2019-09-21;"sábado";"01:55:00";"SC";101;216,8;"PALHOCA";"Falta de Atenção à Condução";"Saída de leito carroçável";"Com Vítimas Feridas";"Plena Noite";"Crescente";"Nublado";"Dupla";"Reta";"Sim";1;0;0;1;0;0;1;1;-27,65981409;-48,67747798;"SPRF-SC";"DEL01-SC";"UOP02-DEL01-SC"
236880;2019-09-21;"sábado";"01:45:00";"RJ";116;164,6;"RIO DE JANEIRO";"Animais na Pista";"Capotamento";"Sem Vítimas";"Plena Noite";"Crescente";"Nublado";"Múltipla";"Reta";"Sim";1;0;0;0;1;0;0;1;-22,81074068;-43,28844363;"SPRF-RJ";"DEL01-RJ";"UOP01-DEL01-RJ"
236881;2019-09-21;"sábado";"01:26:00";"BA";415;48,5;"ITABUNA";"Ingestão de Álcool";"Tombamento";"Com Vítimas Feridas";"Plena Noite";"Crescente";"Nublado";"Simples";"Reta";"Sim";1;0;0;1;0;0;1;1;-14,82002585;-39,30599213;"SPRF-BA";"DEL05-BA";"UOP01-DEL05-BA"
236882;2019-09-21;"sábado";"01:10:00";"SC";470;64,8;"INDAIAL";"Falta de Atenção à Condução";"Saída de leito carroçável";"Sem Vítimas";"Plena Noite";"Decrescente";"Nublado";"Simples";"Reta";"Sim";1;0;0;0;1;0;0;1;-26,87040127;-49,21169043;"SPRF-SC";"DEL04-SC";"UOP01-DEL04-SC"
236883;2019-09-21;"sábado";"03:00:00";"SP";381;90,2;"GUARULHOS";"Pista Escorregadia";"Colisão com objeto estático";"Com Vítimas Feridas";"Plena Noite";"Decrescente";"Chuva";"Simples";"Curva";"Não";1;0;1;0;0;0;1;1;-23,49479479;-46,55959864;"SPRF-SP";"DEL03-SP";"UOP01-DEL03-SP"
236885;2019-09-21;"sábado";"03:42:00";"GO";364;386,3;"SANTA RITA DO ARAGUAIA";"Falta de Atenção à Condução";"Colisão traseira";"Com Vítimas Feridas";"Plena Noite";"Crescente";"Nublado";"Dupla";"Reta";"Sim";2;0;0;1;0;1;1;2;-17,329039;-53,203724;"SPRF-GO";"DEL05-GO";"UOP01-DEL05-GO"
236886;2019-09-21;"sábado";"03:45:00";"SC";470;168;"POUSO REDONDO";"Ingestão de Álcool";"Colisão frontal";"Com Vítimas Feridas";"Plena Noite";"Crescente";"Nublado";"Simples";"Reta";"Não";2;0;1;1;0;0;2;2;-27,266994;-49,872524;"SPRF-SC";"DEL04-SC";"UOP02-DEL04-SC"
236887;2019-09-21;"sábado";"02:00:00";"ES";101;212,9;"IBIRACU";"Falta de Atenção à Condução";"Saída de leito carroçável";"Com Vítimas Feridas";"Plena Noite";"Crescente";"Céu Claro";"Simples";"Curva";"Sim";1;0;0;1;0;0;1;1;-19,82335872;-40,36978933;"SPRF-ES";"DEL02-ES";"UOP01-DEL02-ES"
236888;2019-08-07;"quarta-feira";"06:20:00";"MA";135;43,1;"BACABEIRA";"Falta de Atenção à Condução";"Queda de ocupante de veículo";"Com Vítimas Feridas";"Amanhecer";"Crescente";"Céu Claro";"Dupla";"Curva";"Não";1;0;0;1;0;0;1;1;-2,91335598;-44,35371822;"SPRF-MA";"DEL01-MA";"UOP01-DEL01-MA"
236889;2019-09-21;"sábado";"03:50:00";"PR";376;166,5;"MARINGA";"Falta de Atenção à Condução";"Saída de leito carroçável";"Sem Vítimas";"Plena Noite";"Decrescente";"Nublado";"Dupla";"Reta";"Não";1;0;0;0;0;1;0;1;-23,39663206;-52,00514304;"SPRF-PR";"DEL07-PR";"UOP01-DEL09-PR"
236890;2019-09-20;"sexta-feira";"19:45:00";"RS";153;401,3;"CACHOEIRA DO SUL";"Falta de Atenção à Condução";"Saída de leito carroçável";"Com Vítimas Feridas";"Plena Noite";"Decrescente";"Céu Claro";"Simples";"Reta";"Não";1;0;1;0;0;0;1;1;-29,98335197;-52,93012798;"SPRF-RS";"DEL02-RS";"UOP02-DEL02-RS"
236891;2019-09-21;"sábado";"04:15:00";"MG";262;454;"NOVA SERRANA";"Ingestão de Álcool";"Saída de leito carroçável";"Com Vítimas Feridas";"Plena Noite";"Decrescente";"Céu Claro";"Simples";"Reta";"Não";4;0;3;1;0;0;4;1;-19,85274128;-45,02424211;"SPRF-MG";"DEL08-MG";"UOP03-DEL08-MG"
236892;2019-09-21;"sábado";"04:00:00";"ES";101;301;"VIANA";"Desobediência às normas de trânsito pelo condutor";"Colisão lateral";"Com Vítimas Feridas";"Plena Noite";"Decrescente";"Céu Claro";"Dupla";"Curva";"Sim";5;0;1;0;4;0;1;2;-20,36278187;-40,4401343;"SPRF-ES";"DEL01-ES";"UOP01-DEL01-ES"
236893;2019-09-21;"sábado";"05:00:00";"SP";116;321,9;"JUQUITIBA";"Falta de Atenção à Condução";"Colisão com objeto estático";"Com Vítimas Feridas";"Plena Noite";"Decrescente";"Nublado";"Dupla";"Reta";"Não";2;0;1;0;1;0;1;2;-23,934612;-47,01729;"SPRF-SP";"DEL04-SP";"UOP03-DEL04-SP"
236894;2019-09-21;"sábado";"05:20:00";"RN";101;124;"SAO JOSE DE MIPIBU";"Falta de Atenção à Condução";"Colisão traseira";"Sem Vítimas";"Pleno dia";"Decrescente";"Céu Claro";"Dupla";"Reta";"Sim";2;0;0;0;2;0;0;2;-6,07054896;-35,23785797;"SPRF-RN";"DEL01-RN";"UOP01-DEL01-RN"
236895;2019-09-21;"sábado";"05:35:00";"MT";70;7,3;"BARRA DO GARCAS";"Falta de Atenção à Condução";"Saída de leito carroçável";"Com Vítimas Feridas";"Amanhecer";"Decrescente";"Céu Claro";"Simples";"Reta";"Sim";1;0;1;0;0;0;1;1;-15,878143;-52,316788;"SPRF-MT";"DEL07-MT";"UOP01-DEL07-MT"
236896;2019-09-21;"sábado";"05:55:00";"DF";20;11,7;"BRASILIA";"Defeito Mecânico no Veículo";"Tombamento";"Com Vítimas Feridas";"Amanhecer";"Decrescente";"Céu Claro";"Dupla";"Reta";"Sim";1;0;0;1;0;0;1;1;-15,64654;-47,766422;"SPRF-DF";"DEL02-DF";"UOP01-DEL02-DF"
236897;2019-09-21;"sábado";"05:30:00";"SP";116;211;"GUARULHOS";"Falta de Atenção à Condução";"Colisão com objeto estático";"Com Vítimas Feridas";"Amanhecer";"Crescente";"Chuva";"Múltipla";"Reta";"Não";1;0;1;0;0;0;1;1;-23,4324306;-46,4194352;"SPRF-SP";"DEL01-SP";"UOP01-DEL01-SP"
236899;2019-09-21;"sábado";"05:15:00";"RJ";40;113;"DUQUE DE CAXIAS";"Condutor Dormindo";"Capotamento";"Com Vítimas Feridas";"Amanhecer";"Crescente";"Céu Claro";"Dupla";"Aclive";"Sim";1;0;1;0;0;0;1;1;-22,70948502;-43,29040354;"SPRF-RJ";"DEL01-RJ";"UOP01-DEL01-RJ"
236900;2019-09-21;"sábado";"05:40:00";"SC";101;39,1;"JOINVILLE";"Velocidade Incompatível";"Saída de leito carroçável";"Sem Vítimas";"Plena Noite";"Decrescente";"Chuva";"Dupla";"Curva";"Sim";1;0;0;0;0;1;0;1;-26,2628107;-48,90192257;"SPRF-SC";"DEL03-SC";"UOP01-DEL03-SC"
236901;2019-09-21;"sábado";"05:40:00";"RN";110;49,9;"MOSSORO";"Ingestão de Álcool";"Queda de ocupante de veículo";"Sem Vítimas";"Amanhecer";"Crescente";"Céu Claro";"Dupla";"Reta";"Sim";1;0;0;0;1;0;0;1;-5,21645975;-37,32927128;"SPRF-RN";"DEL04-RN";"UOP01-DEL04-RN"
236902;2019-09-21;"sábado";"04:39:00";"PR";476;125;"CURITIBA";"Falta de Atenção à Condução";"Capotamento";"Com Vítimas Fatais";"Plena Noite";"Decrescente";"Chuva";"Múltipla";"Reta;Em Obras";"Sim";1;1;0;0;0;0;0;1;-25,4083;-49,219658;"SPRF-PR";"DEL01-PR";"UOP07-DEL01-PR"
236903;2019-09-21;"sábado";"06:15:00";"RJ";40;112;"DUQUE DE CAXIAS";"Falta de Atenção à Condução";"Colisão traseira";"Com Vítimas Feridas";"Amanhecer";"Crescente";"Céu Claro";"Múltipla";"Aclive";"Sim";2;0;1;0;1;0;1;2;-22,7004454;-43,29014851;"SPRF-RJ";"DEL01-RJ";"UOP01-DEL01-RJ"
236905;2019-09-21;"sábado";"02:30:00";"RS";470;146;"NOVA PRATA";"Defeito Mecânico no Veículo";"Incêndio";"Sem Vítimas";"Plena Noite";"Decrescente";"Céu Claro";"Simples";"Reta";"Não";3;0;0;0;3;0;0;1;-28,70856476;-51,61384342;"SPRF-RS";"DEL06-RS";"UOP02-DEL06-RS"
236906;2019-09-21;"sábado";"04:00:00";"MT";174;4;"PONTES E LACERDA";"Ingestão de Álcool";"Saída de leito carroçável";"Com Vítimas Feridas";"Plena Noite";"Decrescente";"Céu Claro";"Simples";"Reta";"Sim";1;0;0;1;0;0;1;1;-15,226537;-59,335728;"SPRF-MT";"DEL04-MT";"UOP01-DEL04-MT"
236907;2019-09-21;"sábado";"06:45:00";"RS";116;260;"CANOAS";"Falta de Atenção à Condução";"Colisão com objeto estático";"Com Vítimas Feridas";"Pleno dia";"Decrescente";"Céu Claro";"Simples";"Reta";"Sim";1;0;1;0;0;0;1;1;-29,879208;-51,18045622;"SPRF-RS";"DEL01-RS";"UOP01-DEL01-RS"
236909;2019-09-21;"sábado";"06:20:00";"RJ";101;12;"CAMPOS DOS GOYTACAZES";"Condutor Dormindo";"Colisão com objeto estático";"Com Vítimas Feridas";"Amanhecer";"Crescente";"Céu Claro";"Simples";"Ponte";"Não";1;0;0;1;0;0;1;1;-21,31648344;-41,32577696;"SPRF-RJ";"DEL08-RJ";"UOP01-DEL08-RJ"
236910;2019-09-21;"sábado";"07:15:00";"DF";20;21;"BRASILIA";"Desobediência às normas de trânsito pelo condutor";"Colisão lateral";"Com Vítimas Feridas";"Pleno dia";"Crescente";"Céu Claro";"Dupla";"Retorno Regulamentado";"Sim";7;0;2;0;5;0;2;3;-15,60213418;-47,68230557;"SPRF-DF";"DEL02-DF";"UOP01-DEL02-DF"
236911;2019-09-21;"sábado";"06:45:00";"MG";381;923;"CAMANDUCAIA";"Falta de Atenção à Condução";"Colisão com objeto estático";"Com Vítimas Feridas";"Pleno dia";"Decrescente";"Chuva";"Dupla";"Curva";"Não";2;0;1;0;1;0;1;1;-22,77522466;-46,18709299;"SPRF-MG";"DEL16-MG";"UOP03-DEL16-MG"
236912;2019-09-21;"sábado";"07:40:00";"RJ";101;60;"CAMPOS DOS GOYTACAZES";"Não guardar distância de segurança";"Colisão traseira";"Com Vítimas Feridas";"Pleno dia";"Crescente";"Céu Claro";"Simples";"Reta";"Sim";3;0;2;0;1;0;2;2;-21,72048414;-41,31448591;"SPRF-RJ";"DEL08-RJ";"UOP01-DEL08-RJ"
236913;2019-09-21;"sábado";"06:55:00";"MG";381;542,3;"ITATIAIUCU";"Falta de Atenção à Condução";"Capotamento";"Sem Vítimas";"Pleno dia";"Crescente";"Céu Claro";"Dupla";"Aclive;Reta";"Não";2;0;0;0;2;0;0;1;-20,26492509;-44,42256682;"SPRF-MG";"DEL04-MG";"UOP03-DEL04-MG"
236914;2019-09-05;"quinta-feira";"22:20:00";"TO";153;136,9;"ARAGUAINA";"Desobediência às normas de trânsito pelo condutor";"Colisão frontal";"Com Vítimas Feridas";"Plena Noite";"Decrescente";"Nublado";"Dupla";"Aclive;Reta";"Sim";3;0;0;2;0;1;2;2;-7,137507;-48,200943;"SPRF-TO";"DEL02-TO";"UOP01-DEL02-TO"
236915;2019-09-21;"sábado";"08:00:00";"PR";376;308;"MAUA DA SERRA";"Falta de Atenção à Condução";"Colisão com objeto estático";"Com Vítimas Feridas";"Pleno dia";"Decrescente";"Chuva";"Dupla";"Curva";"Não";2;0;1;0;1;0;1;1;-23,97857518;-51,09540715;"SPRF-PR";"DEL07-PR";"UOP02-DEL07-PR"
236917;2019-09-21;"sábado";"08:24:00";"RN";101;83,9;"NATAL";"Falta de Atenção à Condução";"Colisão traseira";"Com Vítimas Feridas";"Pleno dia";"Crescente";"Chuva";"Dupla";"Reta";"Sim";3;0;0;2;1;0;2;2;-5,7710445;-35,26616981;"SPRF-RN";"DEL02-RN";"UOP01-DEL02-RN"
236918;2019-09-21;"sábado";"06:15:00";"PB";230;66;"SAO MIGUEL DE TAIPU";"Velocidade Incompatível";"Saída de leito carroçável";"Com Vítimas Feridas";"Pleno dia";"Crescente";"Chuva";"Dupla";"Curva";"Não";1;0;1;0;0;0;1;1;-7,1874;-35,1889;"SPRF-PB";"DEL01-PB";"UOP03-DEL01-PB"
236919;2019-09-21;"sábado";"07:45:00";"PR";376;644,3;"TIJUCAS DO SUL";"Velocidade Incompatível";"Saída de leito carroçável";"Com Vítimas Feridas";"Pleno dia";"Crescente";"Chuva";"Dupla";"Reta";"Não";2;0;0;1;1;0;1;1;-25,81419584;-49,13167969;"SPRF-PR";"DEL01-PR";"UOP04-DEL01-PR"
236920;2019-09-21;"sábado";"07:36:00";"GO";60;93,2;"ANAPOLIS";"Desobediência às normas de trânsito pelo condutor";"Colisão com objeto estático";"Sem Vítimas";"Pleno dia";"Decrescente";"Sol";"Dupla";"Curva";"Sim";1;0;0;0;1;0;0;1;-16,3538;-48,9268;"SPRF-GO";"DEL02-GO";"UOP01-DEL02-GO"
236922;2019-09-21;"sábado";"07:30:00";"BA";116;426;"FEIRA DE SANTANA";"Avarias e/ou desgaste excessivo no pneu";"Colisão com objeto estático";"Com Vítimas Feridas";"Pleno dia";"Crescente";"Sol";"Dupla";"Curva";"Sim";2;0;1;1;0;0;2;1;-12,24420407;-38,98563987;"SPRF-BA";"DEL02-BA";"UOP01-DEL02-BA"
236923;2019-04-12;"sexta-feira";"11:30:00";"SC";280;6,1;"SAO FRANCISCO DO SUL";"Falta de Atenção do Pedestre";"Colisão com objeto em movimento";"Com Vítimas Feridas";"Pleno dia";"Crescente";"Céu Claro";"Simples";"Reta";"Sim";2;0;1;0;1;0;1;2;-26,26569095;-48,63361804;"SPRF-SC";"DEL03-SC";"UOP03-DEL03-SC"
236924;2019-09-21;"sábado";"07:40:00";"MA";316;549,1;"CAXIAS";"Desobediência às normas de trânsito pelo condutor";"Colisão transversal";"Com Vítimas Feridas";"Pleno dia";"Crescente";"Céu Claro";"Simples";"Reta";"Não";3;0;2;0;1;0;2;2;-4,887895;-43,371475;"SPRF-MA";"DEL03-MA";"UOP02-DEL03-MA"
236925;2019-09-21;"sábado";"05:45:00";"SC";280;91,5;"CORUPA";"Ingestão de Álcool";"Colisão frontal";"Com Vítimas Feridas";"Plena Noite";"Decrescente";"Nevoeiro/Neblina";"Simples";"Curva";"Não";4;0;3;0;1;0;3;2;-26,40198057;-49,29053774;"SPRF-SC";"DEL06-SC";"UOP03-DEL06-SC"
236926;2019-08-12;"segunda-feira";"09:10:00";"PR";476;129;"CURITIBA";"Falta de Atenção à Condução";"Colisão traseira";"Com Vítimas Feridas";"Pleno dia";"Crescente";"Sol";"Dupla";"Reta";"Sim";3;0;0;3;0;0;3;2;-25,440983;-49,233715;"SPRF-PR";"DEL01-PR";"UOP07-DEL01-PR"
236927;2019-09-21;"sábado";"08:27:00";"SP";116;219,5;"GUARULHOS";"Falta de Atenção à Condução";"Tombamento";"Com Vítimas Feridas";"Pleno dia";"Crescente";"Nublado";"Múltipla";"Reta";"Sim";2;0;2;0;0;0;2;1;-23,46143954;-46,48885316;"SPRF-SP";"DEL01-SP";"UOP01-DEL01-SP"
236928;2019-09-21;"sábado";"06:30:00";"PR";116;38;"CAMPINA GRANDE DO SUL";"Desobediência às normas de trânsito pelo condutor";"Colisão com objeto estático";"Com Vítimas Feridas";"Pleno dia";"Decrescente";"Nublado";"Dupla";"Curva";"Não";3;0;2;0;1;0;2;1;-25,14802509;-48,85922071;"SPRF-PR";"DEL01-PR";"UOP02-DEL01-PR"
236929;2019-09-21;"sábado";"08:40:00";"MG";50;65;"UBERLANDIA";"Falta de Atenção à Condução";"Tombamento";"Com Vítimas Feridas";"Pleno dia";"Crescente";"Céu Claro";"Dupla";"Reta";"Não";1;0;1;0;0;0;1;1;-18,8759;-48,21095;"SPRF-MG";"DEL15-MG";"UOP02-DEL15-MG"
236931;2019-09-21;"sábado";"05:30:00";"RO";421;62,1;"MONTE NEGRO";"Falta de Atenção à Condução";"Queda de ocupante de veículo";"Com Vítimas Feridas";"Amanhecer";"Crescente";"Céu Claro";"Simples";"Reta";"Não";2;0;0;1;0;1;1;2;-10,340422;-63,365307;"SPRF-RO";"DEL03-RO";"UOP01-DEL03-RO"
236935;2019-09-21;"sábado";"08:35:00";"RN";101;154,1;"GOIANINHA";"Defeito na Via";"Colisão com objeto estático";"Com Vítimas Feridas";"Pleno dia";"Crescente";"Chuva";"Dupla";"Retorno Regulamentado";"Não";3;0;2;0;1;0;2;1;-6,3250942;-35,17882034;"SPRF-RN";"DEL01-RN";"UOP01-DEL01-RN"
236936;2019-08-13;"terça-feira";"15:30:00";"RS";386;5,2;"IRAI";"Falta de Atenção à Condução";"Capotamento";"Com Vítimas Feridas";"Pleno dia";"Decrescente";"Céu Claro";"Simples";"Reta";"Sim";2;0;2;0;0;0;2;1;-27,190504;-53,265858;"SPRF-RS";"DEL08-RS";"UOP02-DEL08-RS"
236937;2019-09-21;"sábado";"09:05:00";"MG";262;414,2;"IGARATINGA";"Defeito Mecânico no Veículo";"Queda de ocupante de veículo";"Com Vítimas Feridas";"Pleno dia";"Crescente";"Céu Claro";"Dupla";"Declive";"Não";1;0;0;1;0;0;1;1;-19,90339593;-44,66308607;"SPRF-MG";"DEL08-MG";"UOP03-DEL08-MG"
236940;2019-09-21;"sábado";"08:45:00";"MS";163;256;"DOURADOS";"Desobediência às normas de trânsito pelo condutor";"Colisão lateral";"Com Vítimas Feridas";"Pleno dia";"Crescente";"Céu Claro";"Dupla";"Rotatória";"Sim";2;0;1;0;1;0;1;2;-22,258688;-54,804028;"SPRF-MS";"DEL04-MS";"UOP01-DEL04-MS"
236943;2019-07-03;"quarta-feira";"11:00:00";"PE";232;79;"GRAVATA";"Falta de Atenção à Condução";"Queda de ocupante de veículo";"Com Vítimas Feridas";"Pleno dia";"Decrescente";"Nublado";"Simples";"Rotatória";"Sim";1;0;1;0;0;0;1;1;-8,19460572;-35,56074803;"SPRF-PE";"DEL01-PE";"UOP02-DEL02PE"
236944;2019-09-21;"sábado";"10:00:00";"ES";262;18,7;"VIANA";"Restrição de Visibilidade";"Colisão lateral";"Sem Vítimas";"Pleno dia";"Decrescente";"Céu Claro";"Simples";"Reta";"Sim";2;0;0;0;2;0;0;2;-20,3919143;-40,49002338;"SPRF-ES";"DEL01-ES";"UOP01-DEL01-ES"
236945;2019-09-21;"sábado";"10:39:00";"RJ";40;84;"DUQUE DE CAXIAS";"Pista Escorregadia";"Colisão com objeto estático";"Com Vítimas Feridas";"Pleno dia";"Crescente";"Garoa/Chuvisco";"Simples";"Declive;Curva";"Não";1;0;1;0;0;0;1;1;-22,50904833;-43,23319674;"SPRF-RJ";"DEL06-RJ";"UOP01-DEL06-RJ"
236946;2019-09-21;"sábado";"09:19:00";"RO";319;59,5;"PORTO VELHO";"Falta de Atenção à Condução";"Colisão com objeto estático";"Sem Vítimas";"Pleno dia";"Crescente";"Sol";"Dupla";"Reta";"Sim";1;0;0;0;0;1;0;1;-8,766685;-63,884052;"SPRF-RO";"DEL01-RO";"UOP01-DEL01-RO"
236947;2019-09-21;"sábado";"10:25:00";"PR";277;472;"NOVA LARANJEIRAS";"Desobediência às normas de trânsito pelo condutor";"Colisão transversal";"Com Vítimas Feridas";"Pleno dia";"Crescente";"Céu Claro";"Simples";"Interseção de Vias";"Sim";2;0;1;0;1;0;1;2;-25,31924705;-52,52279904;"SPRF-PR";"DEL04-PR";"UOP02-DEL04-PR"
236948;2019-09-21;"sábado";"10:20:00";"DF";40;5,8;"BRASILIA";"Falta de Atenção à Condução";"Colisão traseira";"Sem Vítimas";"Pleno dia";"Crescente";"Céu Claro";"Dupla";"Reta";"Não";4;0;0;0;4;0;0;3;-16,020903;-47,980541;"SPRF-DF";"DEL01-DF";"UOP01-DEL01-DF"
236949;2019-09-21;"sábado";"11:15:00";"PE";232;75;"GRAVATA";"Desobediência às normas de trânsito pelo condutor";"Saída de leito carroçável";"Com Vítimas Feridas";"Pleno dia";"Crescente";"Céu Claro";"Dupla";"Reta";"Sim";2;0;1;0;0;1;1;2;-8,19737799;-35,525476;"SPRF-PE";"DEL01-PE";"UOP02-DEL02PE"
236950;2019-09-21;"sábado";"09:40:00";"MA";10;306,8;"ACAILANDIA";"Falta de Atenção à Condução";"Colisão transversal";"Com Vítimas Feridas";"Pleno dia";"Decrescente";"Céu Claro";"Simples";"Reta";"Não";5;0;1;1;3;0;2;2;-5,05173417;-47,55434275;"SPRF-MA";"DEL04-MA";"UOP03-DEL04-MA"
236954;2019-09-21;"sábado";"11:10:00";"MA";135;1,5;"SAO LUIS";"Não guardar distância de segurança";"Colisão traseira";"Sem Vítimas";"Pleno dia";"Decrescente";"Céu Claro";"Dupla";"Reta";"Sim";2;0;0;0;2;0;0;2;-2,58917895;-44,24423719;"SPRF-MA";"DEL01-MA";"UOP01-DEL01-MA"
236955;2019-09-21;"sábado";"09:00:00";"GO";153;144,8;"MARA ROSA";"Falta de Atenção à Condução";"Colisão traseira";"Com Vítimas Feridas";"Pleno dia";"Crescente";"Céu Claro";"Simples";"Reta";"Não";3;0;1;0;2;0;1;2;-14,029192;-49,08828;"SPRF-GO";"DEL07-GO";"UOP01-DEL07-GO"
236958;2019-09-21;"sábado";"11:50:00";"MA";135;1,5;"SAO LUIS";"Não guardar distância de segurança";"Colisão traseira";"Com Vítimas Feridas";"Pleno dia";"Decrescente";"Céu Claro";"Dupla";"Reta";"Sim";2;0;1;0;1;0;1;2;-2,59377;-44,24497;"SPRF-MA";"DEL01-MA";"UOP01-DEL01-MA"