"id";"data_inversa";"dia_semana";"horario";"uf";"br";"km";"municipio";"causa_acidente";"tipo_acidente";"classificacao_acidente";"fase_dia";"sentido_via";"condicao_metereologica";"tipo_pista";"tracado_via";"uso_solo";"pessoas";"mortos";"feridos_leves";"feridos_graves";"ilesos";"ignorados";"feridos";"veiculos";"latitude";"longitude";"regional";"delegacia";"uop"
237059;2019-09-21;"sábado";"18:20:00";"SC";282;459,9;"PONTE SERRADA";"Velocidade Incompatível";"Colisão frontal";"Com Vítimas Fatais";"Anoitecer";"Crescente";"Céu Claro";"Simples";"Reta";"Sim";3;3;0;0;0;0;0;2;-26,863695;-52,024818;"SPRF-SC";"DEL07-SC";"UOP04-DEL07-SC"
237060;2019-09-21;"sábado";"18:30:00";"RJ";354;4;"RESENDE";"Falta de Atenção à Condução";"Colisão com objeto estático";"Com Vítimas Feridas";"Plena Noite";"Crescente";"Céu Claro";"Simples";"Curva";"Não";1;0;1;0;0;0;1;1;-22,390202;-44,756474;"SPRF-RJ";"DEL07-RJ";"DEL5/7-UOP03/RJ"
237061;2019-09-21;"sábado";"20:50:00";"CE";20;423;"MARACANAU";"Falta de Atenção à Condução";"Capotamento";"Com Vítimas Feridas";"Plena Noite";"Crescente";"Céu Claro";"Dupla";"Curva";"Não";4;0;1;0;3;0;1;1;-3,76999035;-38,67006282;"SPRF-CE";"DEL01-CE";"UOP02-DEL01-CE"
237063;2019-09-21;"sábado";"21:30:00";"PA";230;75;"SAO JOAO DO ARAGUAIA";"Desobediência às normas de trânsito pelo condutor";"Colisão frontal";"Com Vítimas Fatais";"Plena Noite";"Crescente";"Céu Claro";"Simples";"Reta";"Não";6;2;2;0;1;1;2;2;-5,48437607;-48,75106402;"SPRF-PA";"DEL03-PA";"UOP01-DEL03-PA"
237064;2019-09-21;"sábado";"19:00:00";"RO";364;605;"ITAPUA DO OESTE";"Fenômenos da Natureza";"Saída de leito carroçável";"Com Vítimas Feridas";"Plena Noite";"Decrescente";"Chuva";"Dupla";"Interseção de Vias";"Sim";1;0;1;0;0;0;1;1;-9,18603983;-63,19487383;"SPRF-RO";"DEL03-RO";"UOP04-DEL01-RO"
237065;2019-09-21;"sábado";"22:25:00";"CE";20;311,5;"CANINDE";"Condutor Dormindo";"Colisão com objeto estático";"Sem Vítimas";"Plena Noite";"Decrescente";"Céu Claro";"Simples";"Ponte";"Não";1;0;0;0;0;1;0;1;-4,324201;-39,277384;"SPRF-CE";"DEL02-CE";"UOP01-DEL02-CE"
237066;2019-09-21;"sábado";"21:30:00";"RS";116;236;"NOVO HAMBURGO";"Não guardar distância de segurança";"Colisão lateral";"Sem Vítimas";"Plena Noite";"Decrescente";"Céu Claro";"Dupla";"Declive";"Sim";3;0;0;0;3;0;0;3;-29,66938502;-51,14304731;"SPRF-RS";"DEL01-RS";"UOP02-DEL01-RS"
237067;2019-09-21;"sábado";"21:30:00";"RJ";101;196,5;"CASIMIRO DE ABREU";"Falta de Atenção à Condução";"Saída de leito carroçável";"Com Vítimas Feridas";"Plena Noite";"Crescente";"Chuva";"Dupla";"Curva";"Não";4;0;2;0;2;0;2;1;-22,49157051;-42,11796332;"SPRF-RJ";"DEL02-RJ";"UOP04-DEL08-RJ"
237068;2019-09-21;"sábado";"22:15:00";"BA";410;4;"RIBEIRA DO POMBAL";"Desobediência às normas de trânsito pelo condutor";"Colisão frontal";"Com Vítimas Fatais";"Plena Noite";"Crescente";"Céu Claro";"Simples";"Reta";"Não";1;1;0;0;0;0;0;1;-10,83422975;-38,5604295;"SPRF-BA";"DEL07-BA";"UOP02-DEL07-BA"
237069;2019-09-21;"sábado";"22:37:00";"SP";116;148,3;"SAO JOSE DOS CAMPOS";"Falta de Atenção à Condução";"Colisão com objeto estático";"Com Vítimas Feridas";"Plena Noite";"Decrescente";"Nublado";"Dupla";"Reta";"Sim";1;0;1;0;0;0;1;1;-23,20067421;-45,8795018;"SPRF-SP";"DEL02-SP";"UOP01-DEL02-SP"
237071;2019-09-21;"sábado";"23:20:00";"MT";70;10;"BARRA DO GARCAS";"Não guardar distância de segurança";"Colisão traseira";"Sem Vítimas";"Plena Noite";"Crescente";"Céu Claro";"Simples";"Aclive;Reta";"Não";2;0;0;0;2;0;0;2;-15,87866353;-52,34389502;"SPRF-MT";"DEL07-MT";"UOP01-DEL07-MT"
237072;2019-09-21;"sábado";"21:45:00";"GO";158;272,2;"JATAI";"Ingestão de álcool e/ou substâncias psicoativas pelo pedestre";"Colisão transversal";"Com Vítimas Feridas";"Plena Noite";"Decrescente";"Céu Claro";"Simples";"Interseção de Vias";"Sim";3;0;2;0;1;0;2;2;-17,88152404;-51,73316687;"SPRF-GO";"DEL05-GO";"UOP01-DEL05-GO"
237073;2019-09-21;"sábado";"23:30:00";"DF";20;53,3;"BRASILIA";"Defeito Mecânico no Veículo";"Tombamento";"Sem Vítimas";"Plena Noite";"Crescente";"Céu Claro";"Dupla";"Reta";"Sim";2;0;0;0;2;0;0;1;-15,57886883;-47,38975259;"SPRF-DF";"DEL02-DF";"UOP01-DEL02-DF"
237074;2019-09-21;"sábado";"22:30:00";"PR";277;120;"CAMPO LARGO";"Pista Escorregadia";"Queda de ocupante de veículo";"Com Vítimas Feridas";"Plena Noite";"Decrescente";"Garoa/Chuvisco";"Dupla";"Reta";"Sim";2;0;1;0;1;0;1;2;-25,43651772;-49,44346612;"SPRF-PR";"DEL01-PR";"UOP06-DEL01-PR"
237075;2019-09-21;"sábado";"23:55:00";"TO";153;496,9;"PARAISO DO TOCANTINS";"Ultrapassagem Indevida";"Colisão com objeto estático";"Com Vítimas Feridas";"Plena Noite";"Decrescente";"Céu Claro";"Simples";"Reta";"Sim";1;0;0;1;0;0;1;1;-10,16527794;-48,88094578;"SPRF-TO";"DEL02-TO";"UOP01-DEL01-TO"
237076;2019-09-21;"sábado";"23:45:00";"PR";163;247;"TOLEDO";"Falta de Atenção à Condução";"Capotamento";"Com Vítimas Feridas";"Plena Noite";"Crescente";"Céu Claro";"Dupla";"Reta";"Sim";4;0;3;1;0;0;4;1;-24,717822;-53,711597;"SPRF-PR";"DEL06-PR";"UOP02-DEL06-PR"
237077;2019-09-21;"sábado";"22:50:00";"MT";70;736,9;"CACERES";"Desobediência às normas de trânsito pelo condutor";"Colisão frontal";"Com Vítimas Feridas";"Plena Noite";"Decrescente";"Céu Claro";"Simples";"Reta";"Não";3;0;1;0;2;0;1;2;-16,0638257;-57,71185848;"SPRF-MT";"DEL03-MT";"UOP01-DEL03-MT"
237079;2019-09-21;"sábado";"23:48:00";"CE";222;5;"CAUCAIA";"Ingestão de Álcool";"Colisão com objeto estático";"Sem Vítimas";"Plena Noite";"Crescente";"Garoa/Chuvisco";"Dupla";"Reta";"Sim";6;0;0;0;6;0;0;1;-3,74296918;-38,61330997;"SPRF-CE";"DEL01-CE";"UOP01-DEL01-CE"
237080;2019-09-21;"sábado";"23:30:00";"RJ";393;174,9;"TRES RIOS";"Ingestão de Álcool";"Capotamento";"Com Vítimas Feridas";"Plena Noite";"Crescente";"Céu Claro";"Simples";"Reta";"Não";2;0;2;0;0;0;2;1;-22,12390702;-43,194329;"SPRF-RJ";"DEL06-RJ";"UOP02-DEL05-RJ"
237081;2019-09-22;"domingo";"01:00:00";"SC";101;135;"BALNEARIO CAMBORIU";"Falta de Atenção à Condução";"Colisão transversal";"Com Vítimas Feridas";"Plena Noite";"Crescente";"Nublado";"Dupla";"Reta";"Sim";3;0;2;0;1;0;2;2;-27,0050108;-48,62677494;"SPRF-SC";"DEL04-SC";"UOP03-DEL04-SC"
237082;2019-09-22;"domingo";"00:30:00";"CE";222;5,8;"CAUCAIA";"Ingestão de Álcool";"Colisão com objeto estático";"Sem Vítimas";"Plena Noite";"Decrescente";"Garoa/Chuvisco";"Múltipla";"Curva";"Sim";1;0;0;0;1;0;0;1;-3,74296918;-38,61330997;"SPRF-CE";"DEL01-CE";"UOP01-DEL01-CE"
237084;2019-09-22;"domingo";"01:30:00";"PE";316;81,9;"OURICURI";"Ingestão de Álcool";"Colisão transversal";"Com Vítimas Feridas";"Plena Noite";"Crescente";"Céu Claro";"Simples";"Reta";"Não";4;0;1;0;0;3;1;3;-7,86751496;-40,10182598;"SPRF-PE";"DEL05-PE";"UOP02-DEL05-PE"
237086;2019-09-21;"sábado";"23:00:00";"BA";330;830;"IPIAU";"Velocidade Incompatível";"Saída de leito carroçável";"Com Vítimas Fatais";"Plena Noite";"Crescente";"Nublado";"Simples";"Curva";"Não";1;1;0;0;0;0;0;1;-14,08149106;-39,78114237;"SPRF-BA";"DEL05-BA";"UOP01-DEL05-BA"
237089;2019-09-22;"domingo";"01:00:00";"SE";101;163,9;"SANTA LUZIA DO ITANHY";"Falta de Atenção do Pedestre";"Atropelamento de Pedestre";"Com Vítimas Fatais";"Plena Noite";"Crescente";"Céu Claro";"Simples";"Curva";"Não";2;1;0;0;1;0;0;2;-11,30466694;-37,50742901;"SPRF-SE";"DEL02-SE";"UOP01-DEL02-SE"
237091;2019-09-22;"domingo";"01:50:00";"SC";101;97,7;"BALNEARIO PICARRAS";"Ingestão de Álcool";"Colisão com objeto estático";"Com Vítimas Feridas";"Plena Noite";"Decrescente";"Nublado";"Dupla";"Reta";"Sim";1;0;1;0;0;0;1;1;-26,72823703;-48,70224928;"SPRF-SC";"DEL03-SC";"UOP02-DEL03-SC"
237092;2019-09-22;"domingo";"02:20:00";"SC";470;49,3;"BLUMENAU";"Ingestão de Álcool";"Saída de leito carroçável";"Com Vítimas Feridas";"Plena Noite";"Crescente";"Céu Claro";"Simples";"Reta;Em Obras";"Sim";2;0;2;0;0;0;2;1;-26,860662;-49,065159;"SPRF-SC";"DEL04-SC";"UOP01-DEL04-SC"
237095;2019-09-21;"sábado";"22:30:00";"MA";222;664,8;"ACAILANDIA";"Ultrapassagem Indevida";"Colisão frontal";"Com Vítimas Fatais";"Plena Noite";"Crescente";"Céu Claro";"Simples";"Interseção de Vias;Reta";"Sim";4;2;0;2;0;0;2;2;-4,88920755;-47,37657969;"SPRF-MA";"DEL04-MA";"UOP03-DEL04-MA"
237096;2019-09-22;"domingo";"01:20:00";"MG";381;490;"BETIM";"Falta de Atenção à Condução";"Tombamento";"Com Vítimas Feridas";"Plena Noite";"Crescente";"Céu Claro";"Dupla";"Reta";"Sim";1;0;1;0;0;0;1;1;-19,96502819;-44,17422195;"SPRF-MG";"DEL01-MG";"UOP03-DEL01-MG"
237097;2019-09-22;"domingo";"02:40:00";"CE";20;337,8;"CARIDADE";"Condutor Dormindo";"Saída de leito carroçável";"Com Vítimas Feridas";"Plena Noite";"Decrescente";"Céu Claro";"Simples";"Reta";"Não";1;0;0;1;0;0;1;1;-4,15564756;-39,13797913;"SPRF-CE";"DEL02-CE";"UOP01-DEL02-CE"
237098;2019-09-22;"domingo";"01:00:00";"MT";364;545;"ROSARIO OESTE";"Falta de Atenção à Condução";"Colisão traseira";"Com Vítimas Fatais";"Plena Noite";"Crescente";"Chuva";"Dupla";"Reta";"Não";2;1;0;0;1;0;0;2;-14,88773405;-56,46355582;"SPRF-MT";"DEL01-MT";"UOP01-DEL01-MT"
237100;2019-09-22;"domingo";"03:25:00";"RS";116;239,1;"NOVO HAMBURGO";"Não guardar distância de segurança";"Colisão traseira";"Sem Vítimas";"Plena Noite";"Decrescente";"Céu Claro";"Dupla";"Reta";"Sim";2;0;0;0;1;1;0;2;-29,6961491;-51,14455767;"SPRF-RS";"DEL01-RS";"UOP02-DEL01-RS"
237102;2019-09-22;"domingo";"00:00:00";"PR";376;177,9;"MARINGA";"Defeito Mecânico no Veículo";"Tombamento";"Com Vítimas Feridas";"Plena Noite";"Decrescente";"Nublado";"Múltipla";"Reta";"Sim";2;0;1;1;0;0;2;1;-23,41595855;-51,92226484;"SPRF-PR";"DEL07-PR";"UOP01-DEL09-PR"
237104;2019-09-22;"domingo";"04:05:00";"SC";282;3;"FLORIANOPOLIS";"Velocidade Incompatível";"Colisão traseira";"Com Vítimas Feridas";"Plena Noite";"Crescente";"Ignorado";"Dupla";"Curva";"Sim";3;0;2;0;1;0;2;2;-27,600384;-48,599705;"SPRF-SC";"DEL01-SC";"UOP01-DEL01-SC"
237105;2019-09-22;"domingo";"04:10:00";"PR";369;59,8;"BANDEIRANTES";"Falta de Atenção à Condução";"Atropelamento de Pedestre";"Com Vítimas Fatais";"Plena Noite";"Crescente";"Céu Claro";"Simples";"Reta";"Não";3;1;1;0;1;0;1;2;-23,131895;-50,39596081;"SPRF-PR";"DEL07-PR";"UOP05-DEL07-PR"
237106;2019-09-22;"domingo";"03:10:00";"PR";476;126;"CURITIBA";"Ingestão de Álcool";"Atropelamento de Pedestre";"Com Vítimas Feridas";"Plena Noite";"Decrescente";"Garoa/Chuvisco";"Dupla";"Em Obras";"Sim";7;0;1;0;3;3;1;3;-25,416758;-49,223446;"SPRF-PR";"DEL01-PR";"UOP07-DEL01-PR"
237108;2019-09-22;"domingo";"04:10:00";"RJ";356;23;"ITAPERUNA";"Não guardar distância de segurança";"Colisão traseira";"Com Vítimas Feridas";"Amanhecer";"Decrescente";"Céu Claro";"Simples";"Reta";"Não";2;0;1;0;1;0;1;2;-21,18026434;-41,98292495;"SPRF-RJ";"DEL08-RJ";"UOP03-DEL08-RJ"
237109;2019-09-22;"domingo";"03:00:00";"GO";60;48;"ABADIANIA";"Ingestão de Álcool";"Saída de leito carroçável";"Com Vítimas Feridas";"Plena Noite";"Decrescente";"Céu Claro";"Dupla";"Declive;Curva";"Não";1;0;1;0;0;0;1;1;-16,1529;-48,6109;"SPRF-GO";"DEL02-GO";"UOP01-DEL02-GO"
237110;2019-09-22;"domingo";"04:55:00";"SC";470;56,5;"BLUMENAU";"Falta de Atenção à Condução";"Colisão frontal";"Com Vítimas Feridas";"Plena Noite";"Crescente";"Ignorado";"Simples";"Reta;Declive";"Sim";5;0;4;0;1;0;4;2;-26,87674;-49,127743;"SPRF-SC";"DEL04-SC";"UOP01-DEL04-SC"
237111;2019-09-22;"domingo";"03:30:00";"MS";163;88;"ITAQUIRAI";"Falta de Atenção à Condução";"Colisão com objeto estático";"Com Vítimas Feridas";"Plena Noite";"Crescente";"Céu Claro";"Simples";"Reta;Aclive";"Não";2;0;1;0;1;0;1;2;-23,38801296;-54,2114515;"SPRF-MS";"DEL09-MS";"UOP01-DEL09-MS"
237112;2019-09-22;"domingo";"03:16:00";"MS";163;541;"BANDEIRANTES";"Ingestão de Álcool";"Capotamento";"Com Vítimas Feridas";"Plena Noite";"Decrescente";"Céu Claro";"Simples";"Declive";"Não";1;0;1;0;0;0;1;1;-19,98070999;-54,38644603;"SPRF-MS";"DEL01-MS";"UOP02-DEL01-MS"
237113;2019-09-22;"domingo";"04:30:00";"PE";428;189,8;"PETROLINA";"Falta de Atenção à Condução";"Saída de leito carroçável";"Com Vítimas Fatais";"Amanhecer";"Decrescente";"Céu Claro";"Múltipla";"Reta";"Sim";1;1;0;0;0;0;0;1;-9,378514;-40,506077;"SPRF-PE";"DEL06-PE";"UOP01-DEL06-PE"
237115;2019-09-22;"domingo";"04:05:00";"MS";163;483,9;"CAMPO GRANDE";"Falta de Atenção à Condução";"Capotamento";"Sem Vítimas";"Plena Noite";"Decrescente";"Céu Claro";"Simples";"Curva";"Não";1;0;0;0;0;1;0;1;-20,45726263;-54,54671829;"SPRF-MS";"DEL01-MS";"UOP02-DEL01-MS"
237116;2019-09-22;"domingo";"04:00:00";"ES";101;224,9;"IBIRACU";"Avarias e/ou desgaste excessivo no pneu";"Saída de leito carroçável";"Com Vítimas Feridas";"Plena Noite";"Crescente";"Céu Claro";"Simples";"Reta";"Não";1;0;1;0;0;0;1;1;-19,88448281;-40,41556146;"SPRF-ES";"DEL02-ES";"UOP01-DEL02-ES"
237117;2019-09-22;"domingo";"04:40:00";"GO";60;96,8;"ANAPOLIS";"Ingestão de Álcool";"Saída de leito carroçável";"Com Vítimas Feridas";"Amanhecer";"Decrescente";"Céu Claro";"Dupla";"Reta";"Sim";1;0;1;0;0;0;1;1;-16,371;-48,9422;"SPRF-GO";"DEL02-GO";"UOP01-DEL02-GO"
237118;2019-09-22;"domingo";"05:30:00";"RJ";40;113;"DUQUE DE CAXIAS";"Condutor Dormindo";"Colisão com objeto estático";"Com Vítimas Feridas";"Amanhecer";"Crescente";"Chuva";"Múltipla";"Reta";"Sim";1;0;1;0;0;0;1;1;-22,70948502;-43,29040354;"SPRF-RJ";"DEL01-RJ";"UOP01-DEL01-RJ"
237119;2019-09-22;"domingo";"04:15:00";"SC";470;325,1;"CAMPOS NOVOS";"Velocidade Incompatível";"Saída de leito carroçável";"Com Vítimas Feridas";"Plena Noite";"Decrescente";"Céu Claro";"Simples";"Reta";"Não";1;0;0;1;0;0;1;1;-27,446829;-51,24725;"SPRF-SC";"DEL07-SC";"UOP06-DEL07-SC"
237120;2019-09-22;"domingo";"05:30:00";"RJ";101;198;"CASIMIRO DE ABREU";"Falta de Atenção à Condução";"Capotamento";"Com Vítimas Feridas";"Amanhecer";"Crescente";"Chuva";"Dupla";"Curva";"Não";1;0;0;1;0;0;1;1;-22,49157993;-42,12771201;"SPRF-RJ";"DEL02-RJ";"UOP04-DEL08-RJ"
237123;2019-09-22;"domingo";"04:20:00";"MS";163;444;"CAMPO GRANDE";"Animais na Pista";"Atropelamento de Animal";"Sem Vítimas";"Amanhecer";"Crescente";"Céu Claro";"Simples";"Declive;Reta";"Não";1;0;0;0;1;0;0;1;-20,77690106;-54,52577118;"SPRF-MS";"DEL01-MS";"UOP01-DEL01-MS"
237124;2019-09-22;"domingo";"05:25:00";"GO";60;167;"GOIANIA";"Falta de Atenção à Condução";"Colisão com objeto estático";"Com Vítimas Feridas";"Amanhecer";"Decrescente";"Ignorado";"Dupla";"Reta";"Sim";1;0;1;0;0;0;1;1;-16,7175;-49,3663;"SPRF-GO";"DEL01-GO";"UOP02-DEL01-GO"
237126;2019-09-22;"domingo";"04:00:00";"MS";60;118,6;"PARAISO DAS AGUAS";"Ingestão de Álcool";"Saída de leito carroçável";"Com Vítimas Feridas";"Plena Noite";"Crescente";"Céu Claro";"Simples";"Reta";"Não";1;0;1;0;0;0;1;1;-19,326469;-53,378406;"SPRF-MS";"DEL06-MS";"UOP02-DEL06-MS"
237127;2019-09-22;"domingo";"06:35:00";"ES";101;133,8;"SOORETAMA";"Condutor Dormindo";"Colisão traseira";"Com Vítimas Feridas";"Pleno dia";"Decrescente";"Céu Claro";"Simples";"Reta";"Não";3;0;0;2;1;0;2;3;-19,25700702;-40,08983616;"SPRF-ES";"DEL04-ES";"UOP01-DEL04-ES"
237129;2019-09-22;"domingo";"06:20:00";"PE";423;97,2;"GARANHUNS";"Não guardar distância de segurança";"Colisão traseira";"Com Vítimas Feridas";"Pleno dia";"Crescente";"Céu Claro";"Simples";"Declive";"Sim";2;0;1;0;1;0;1;2;-8,8796227;-36,49484286;"SPRF-PE";"DEL03-PE";"UOP01-DEL03-PE"
237131;2019-01-01;"terça-feira";"15:00:00";"PE";101;71,2;"RECIFE";"Não guardar distância de segurança";"Colisão traseira";"Com Vítimas Feridas";"Pleno dia";"Crescente";"Nublado";"Dupla";"Reta";"Sim";3;0;1;0;2;0;1;2;-8,0857;-34,9457;"SPRF-PE";"DEL01-PE";"UOP01-DEL01-PE"
237132;2019-09-22;"domingo";"07:20:00";"RS";290;48,7;"GLORINHA";"Condutor Dormindo";"Saída de leito carroçável";"Com Vítimas Feridas";"Pleno dia";"Crescente";"Céu Claro";"Múltipla";"Reta";"Não";1;0;1;0;0;0;1;1;-29,8986;-50,739178;"SPRF-RS";"DEL03-RS";"UOP01-DEL03-RS"
237134;2019-09-22;"domingo";"08:00:00";"ES";259;19,7;"JOAO NEIVA";"Falta de Atenção à Condução";"Colisão com objeto estático";"Com Vítimas Feridas";"Pleno dia";"Crescente";"Céu Claro";"Simples";"Curva";"Não";1;0;0;1;0;0;1;1;-19,66055731;-40,45631938;"SPRF-ES";"DEL02-ES";"UOP01-DEL02-ES"
237135;2019-09-22;"domingo";"05:30:00";"MG";354;736,7;"POUSO ALTO";"Falta de Atenção à Condução";"Saída de leito carroçável";"Com Vítimas Fatais";"Amanhecer";"Decrescente";"Céu Claro";"Simples";"Reta";"Não";2;1;0;0;1;0;0;1;-22,20144068;-44,96659879;"SPRF-MG";"DEL05-MG";"UOP01-DEL17-MG"
237136;2019-09-22;"domingo";"07:45:00";"GO";158;20;"ARAGARCAS";"Condutor Dormindo";"Saída de leito carroçável";"Com Vítimas Feridas";"Pleno dia";"Crescente";"Sol";"Simples";"Reta";"Não";2;0;1;1;0;0;2;1;-16,03086585;-52,17343783;"SPRF-GO";"DEL04-GO";"UOP01-DEL04-GO"
237138;2019-09-22;"domingo";"08:10:00";"MG";356;266,4;"MURIAE";"Falta de Atenção à Condução";"Saída de leito carroçável";"Com Vítimas Feridas";"Pleno dia";"Decrescente";"Nublado";"Simples";"Reta";"Sim";2;0;2;0;0;0;2;1;-21,12823134;-42,35802453;"SPRF-MG";"DEL07-MG";"UOP02-DEL07-MG"
237139;2019-09-22;"domingo";"08:00:00";"MG";381;486;"BETIM";"Velocidade Incompatível";"Saída de leito carroçável";"Com Vítimas Feridas";"Pleno dia";"Decrescente";"Céu Claro";"Dupla";"Reta";"Sim";5;0;5;0;0;0;5;1;-19,95644414;-44,13611598;"SPRF-MG";"DEL01-MG";"UOP03-DEL01-MG"
237141;2019-09-22;"domingo";"07:30:00";"MG";116;413,2;"GOVERNADOR VALADARES";"Falta de Atenção à Condução";"Colisão com objeto estático";"Com Vítimas Feridas";"Pleno dia";"Decrescente";"Céu Claro";"Dupla";"Interseção de Vias";"Sim";2;0;0;2;0;0;2;1;-18,873907;-41,966366;"SPRF-MG";"DEL06-MG";"UOP01-DEL06-MG"
237142;2019-09-22;"domingo";"07:45:00";"MG";40;749,5;"SANTOS DUMONT";"Velocidade Incompatível";"Colisão com objeto estático";"Com Vítimas Feridas";"Pleno dia";"Crescente";"Nublado";"Simples";"Curva";"Não";2;0;2;0;0;0;2;1;-21,447874;-43,55738803;"SPRF-MG";"DEL05-MG";"UOP01-DEL05-MG"
237143;2019-09-22;"domingo";"08:50:00";"PR";277;58,5;"SAO JOSE DOS PINHAIS";"Defeito Mecânico no Veículo";"Saída de leito carroçável";"Sem Vítimas";"Pleno dia";"Crescente";"Chuva";"Dupla";"Reta";"Não";1;0;0;0;1;0;0;1;-25,57738662;-48,97169992;"SPRF-PR";"DEL01-PR";"UOP07-DEL01-PR"
237144;2019-09-22;"domingo";"09:25:00";"MG";262;37,9;"MANHUACU";"Falta de Atenção à Condução";"Colisão com objeto em movimento";"Com Vítimas Feridas";"Pleno dia";"Decrescente";"Nublado";"Simples";"Reta;Declive";"Sim";2;0;1;0;1;0;1;2;-20,25748975;-42,03048732;"SPRF-MG";"DEL06-MG";"UOP03-DEL06-MG"
237146;2019-08-29;"quinta-feira";"18:56:00";"PR";376;489;"PONTA GROSSA";"Falta de Atenção à Condução";"Colisão traseira";"Com Vítimas Feridas";"Plena Noite";"Crescente";"Céu Claro";"Dupla";"Declive;Reta";"Sim";2;0;0;1;1;0;1;2;-25,09230333;-50,19661367;"SPRF-PR";"DEL03-PR";"UOP04-DEL03-PR"
237147;2019-09-22;"domingo";"09:57:00";"ES";101;149,2;"LINHARES";"Velocidade Incompatível";"Colisão com objeto estático";"Com Vítimas Feridas";"Pleno dia";"Decrescente";"Céu Claro";"Simples";"Reta";"Sim";3;0;0;3;0;0;3;1;-19,37887202;-40,06657892;"SPRF-ES";"DEL04-ES";"UOP01-DEL04-ES"
237150;2019-09-22;"domingo";"06:00:00";"RO";364;459;"JARU";"Desobediência às normas de trânsito pelo condutor";"Colisão frontal";"Com Vítimas Fatais";"Amanhecer";"Crescente";"Nublado";"Simples";"Curva";"Não";5;1;0;0;4;0;0;2;-10,395895;-62,5317;"SPRF-RO";"DEL03-RO";"UOP02-DEL03-RO"
237153;2019-09-22;"domingo";"09:10:00";"MG";153;171,4;"COMENDADOR GOMES";"Defeito Mecânico no Veículo";"Tombamento";"Com Vítimas Feridas";"Pleno dia";"Crescente";"Sol";"Simples";"Reta";"Não";1;0;1;0;0;0;1;1;-19,77616802;-48,96535372;"SPRF-MG";"DEL13-MG";"UOP02-DEL13-MG"
237154;2019-09-22;"domingo";"09:00:00";"MS";163;51,5;"ELDORADO";"Falta de Atenção à Condução";"Saída de leito carroçável";"Com Vítimas Feridas";"Pleno dia";"Decrescente";"Céu Claro";"Simples";"Reta";"Não";1;0;1;0;0;0;1;1;-23,696052;-54,26791402;"SPRF-MS";"DEL09-MS";"UOP02-DEL09-MS"
237155;2019-09-21;"sábado";"09:59:00";"PR";476;308,2;"SAO MATEUS DO SUL";"Ingestão de Álcool";"Saída de leito carroçável";"Sem Vítimas";"Amanhecer";"Crescente";"Chuva";"Simples";"Reta";"Não";1;0;0;0;0;1;0;1;-26,015196;-50,633785;"SPRF-PR";"DEL02-PR";"UOP04-DEL02-PR"
237156;2019-09-22;"domingo";"10:30:00";"RS";290;31,2;"SANTO ANTONIO DA PATRULHA";"Defeito Mecânico no Veículo";"Tombamento";"Com Vítimas Feridas";"Pleno dia";"Decrescente";"Céu Claro";"Múltipla";"Reta";"Não";2;0;1;1;0;0;2;1;-29,884836;-50,576054;"SPRF-RS";"DEL03-RS";"UOP01-DEL03-RS"
237157;2019-09-22;"domingo";"10:00:00";"RN";226;107,8;"SANTA CRUZ";"Falta de Atenção à Condução";"Colisão frontal";"Com Vítimas Feridas";"Pleno dia";"Decrescente";"Sol";"Simples";"Aclive";"Não";5;0;2;0;3;0;2;2;-6,2449684;-35,98651488;"SPRF-RN";"DEL03-RN";"UOP02-DEL03-RN"
237158;2019-09-22;"domingo";"03:00:00";"MG";116;810,4;"ALEM PARAIBA";"Falta de Atenção à Condução";"Saída de leito carroçável";"Sem Vítimas";"Plena Noite";"Crescente";"Chuva";"Simples";"Declive;Curva";"Não";1;0;0;0;0;1;0;1;-21,8327779;-42,67715755;"SPRF-MG";"DEL07-MG";"UOP01-DEL07-MG"
237159;2019-09-22;"domingo";"10:20:00";"PR";277;568;"CASCAVEL";"Defeito Mecânico no Veículo";"Incêndio";"Sem Vítimas";"Pleno dia";"Crescente";"Céu Claro";"Múltipla";"Reta";"Não";1;0;0;0;1;0;0;1;-25,02784583;-53,26789086;"SPRF-PR";"DEL04-PR";"UOP04-DEL04-PR"
237160;2019-09-22;"domingo";"09:50:00";"RJ";116;241;"PIRAI";"Pista Escorregadia";"Colisão com objeto estático";"Com Vítimas Feridas";"Pleno dia";"Crescente";"Chuva";"Dupla";"Curva";"Não";1;0;1;0;0;0;1;1;-22,64242197;-43,89766093;"SPRF-RJ";"DEL07-RJ";"UOP01-DEL07-RJ"
237163;2019-09-22;"domingo";"09:00:00";"PB";361;81;"PIANCO";"Avarias e/ou desgaste excessivo no pneu";"Capotamento";"Com Vítimas Feridas";"Pleno dia";"Crescente";"Sol";"Simples";"Reta";"Sim";2;0;2;0;0;0;2;1;-7,18995753;-37,90294885;"SPRF-PB";"DEL03-PB";"UOP01-DEL03-PB"
237165;2019-09-22;"domingo";"11:00:00";"ES";259;52;"COLATINA";"Falta de Atenção à Condução";"Colisão lateral";"Com Vítimas Feridas";"Pleno dia";"Crescente";"Céu Claro";"Simples";"Curva";"Não";3;0;2;0;1;0;2;2;-19,50223983;-40,62081603;"SPRF-ES";"DEL02-ES";"UOP01-DEL02-ES"
237166;2019-09-22;"domingo";"11:10:00";"RN";101;82;"SAO GONCALO DO AMARANTE";"Desobediência às normas de trânsito pelo pedestre";"Atropelamento de Pedestre";"Com Vítimas Feridas";"Pleno dia";"Crescente";"Céu Claro";"Dupla";"Reta";"Sim";2;0;0;1;1;0;1;2;-5,76791511;-35,27456305;"SPRF-RN";"DEL02-RN";"UOP01-DEL02-RN"