"id";"data_inversa";"dia_semana";"horario";"uf";"br";"km";"municipio";"causa_acidente";"tipo_acidente";"classificacao_acidente";"fase_dia";"sentido_via";"condicao_metereologica";"tipo_pista";"tracado_via";"uso_solo";"pessoas";"mortos";"feridos_leves";"feridos_graves";"ilesos";"ignorados";"feridos";"veiculos";"latitude";"longitude";"regional";"delegacia";"uop"
237167;2019-09-22;"domingo";"10:00:00";"PR";116;116;"CURITIBA";"Desobediência às normas de trânsito pelo condutor";"Colisão lateral";"Com Vítimas Feridas";"Pleno dia";"Crescente";"Nublado";"Dupla";"Reta";"Sim";3;0;1;0;1;1;1;3;-25,5555892;-49,30624098;"SPRF-PR";"DEL01-PR";"UOP03-DEL01-PR"
237168;2019-09-22;"domingo";"10:30:00";"GO";40;60;"LUZIANIA";"Desobediência às normas de trânsito pelo condutor";"Colisão com objeto em movimento";"Com Vítimas Feridas";"Pleno dia";"Decrescente";"Céu Claro";"Simples";"Reta";"Não";2;0;1;1;0;0;2;2;-16,52816;-47,806818;"SPRF-DF";"DEL01-DF";"UOP02-DEL01-DF"
237169;2019-09-22;"domingo";"10:30:00";"RJ";116;186;"NOVA IGUACU";"Defeito Mecânico no Veículo";"Incêndio";"Sem Vítimas";"Pleno dia";"Decrescente";"Chuva";"Dupla";"Reta";"Não";1;0;0;0;1;0;0;1;-22,74106137;-43,5241916;"SPRF-RJ";"DEL01-RJ";"UOP02-DEL01-RJ"
237170;2019-09-22;"domingo";"11:30:00";"ES";262;4,3;"CARIACICA";"Objeto estático sobre o leito carroçável";"Colisão com objeto estático";"Com Vítimas Feridas";"Pleno dia";"Decrescente";"Sol";"Múltipla";"Reta";"Sim";2;0;1;0;1;0;1;2;-20,33609327;-40,37812784;"SPRF-ES";"DEL01-ES";"UOP01-DEL01-ES"
237171;2019-09-22;"domingo";"11:30:00";"BA";242;798;"BARREIRAS";"Ultrapassagem Indevida";"Colisão frontal";"Com Vítimas Fatais";"Pleno dia";"Crescente";"Céu Claro";"Simples";"Reta";"Não";12;1;8;1;2;0;9;3;-12,120059;-45,039704;"SPRF-BA";"DEL10-BA";"UOP01-DEL10-BA"
237172;2019-09-22;"domingo";"11:50:00";"TO";153;398;"MIRANORTE";"Defeito Mecânico no Veículo";"Saída de leito carroçável";"Com Vítimas Feridas";"Pleno dia";"Decrescente";"Céu Claro";"Simples";"Reta";"Não";5;0;3;0;2;0;3;1;-9,393278;-48,56296901;"SPRF-TO";"DEL02-TO";"UOP02-DEL02-TO"
237173;2019-09-22;"domingo";"11:55:00";"PE";232;8;"RECIFE";"Falta de Atenção à Condução";"Queda de ocupante de veículo";"Com Vítimas Feridas";"Pleno dia";"Decrescente";"Céu Claro";"Dupla";"Reta";"Sim";2;0;1;0;1;0;1;2;-8,07303913;-34,96098518;"SPRF-PE";"DEL01-PE";"UOP01-DEL01-PE"
237174;2019-09-22;"domingo";"11:40:00";"SP";381;73;"SAO PAULO";"Falta de Atenção à Condução";"Colisão com objeto estático";"Com Vítimas Feridas";"Pleno dia";"Crescente";"Garoa/Chuvisco";"Dupla";"Curva";"Não";3;0;2;0;1;0;2;1;-23,36553404;-46,55253934;"SPRF-SP";"DEL03-SP";"UOP01-DEL03-SP"
237178;2019-09-22;"domingo";"11:50:00";"MS";163;743;"COXIM";"Avarias e/ou desgaste excessivo no pneu";"Tombamento";"Com Vítimas Feridas";"Pleno dia";"Crescente";"Céu Claro";"Simples";"Curva";"Não";2;0;1;1;0;0;2;1;-18,404902;-54,674194;"SPRF-MS";"DEL06-MS";"UOP01-DEL06-MS"
237180;2019-09-22;"domingo";"09:50:00";"PE";232;84,6;"GRAVATA";"Defeito Mecânico no Veículo";"Incêndio";"Sem Vítimas";"Pleno dia";"Crescente";"Céu Claro";"Dupla";"Reta";"Sim";1;0;0;0;1;0;0;1;-8,2059894;-35,60359683;"SPRF-PE";"DEL01-PE";"UOP02-DEL02PE"
237182;2019-09-22;"domingo";"10:50:00";"SC";153;98,6;"CONCORDIA";"Velocidade Incompatível";"Tombamento";"Com Vítimas Feridas";"Pleno dia";"Decrescente";"Céu Claro";"Simples";"Curva";"Não";2;0;2;0;0;0;2;1;-27,228394;-51,952316;"SPRF-SC";"DEL07-SC";"UOP04-DEL07-SC"
237183;2019-09-22;"domingo";"13:00:00";"GO";60;21;"ALEXANIA";"Velocidade Incompatível";"Colisão traseira";"Com Vítimas Feridas";"Pleno dia";"Decrescente";"Sol";"Dupla";"Reta";"Não";2;0;2;0;0;0;2;2;-16,0963;-48,5202;"SPRF-DF";"DEL01-DF";"UOP01-DEL03-DF"
237184;2019-09-22;"domingo";"12:15:00";"MG";381;506;"BETIM";"Não guardar distância de segurança";"Colisão traseira";"Sem Vítimas";"Pleno dia";"Decrescente";"Céu Claro";"Dupla";"Reta";"Não";2;0;0;0;2;0;0;2;-20,05039397;-44,27962502;"SPRF-MG";"DEL01-MG";"UOP03-DEL01-MG"
237186;2019-09-22;"domingo";"13:30:00";"GO";60;91,6;"ANAPOLIS";"Falta de Atenção à Condução";"Saída de leito carroçável";"Sem Vítimas";"Pleno dia";"Decrescente";"Céu Claro";"Simples";"Reta";"Sim";1;0;0;0;1;0;0;1;-16,3491;-48,9095;"SPRF-GO";"DEL02-GO";"UOP01-DEL02-GO"
237188;2019-09-22;"domingo";"14:10:00";"MG";40;777,8;"JUIZ DE FORA";"Falta de Atenção à Condução";"Colisão com objeto estático";"Sem Vítimas";"Pleno dia";"Crescente";"Garoa/Chuvisco";"Dupla";"Reta";"Sim";1;0;0;0;0;1;0;1;-21,65915396;-43,43351652;"SPRF-MG";"DEL05-MG";"UOP01-DEL05-MG"
237189;2019-09-22;"domingo";"14:00:00";"PR";376;165,3;"MARINGA";"Avarias e/ou desgaste excessivo no pneu";"Queda de ocupante de veículo";"Com Vítimas Feridas";"Pleno dia";"Crescente";"Céu Claro";"Dupla";"Reta";"Não";2;0;2;0;0;0;2;1;-23,39220932;-52,01125145;"SPRF-PR";"DEL07-PR";"UOP01-DEL09-PR"
237190;2019-09-22;"domingo";"10:15:00";"MT";364;408;"CUIABA";"Defeito na Via";"Queda de ocupante de veículo";"Com Vítimas Feridas";"Pleno dia";"Crescente";"Céu Claro";"Dupla";"Reta";"Sim";1;0;1;0;0;0;1;1;-15,647738;-56,005013;"SPRF-MT";"DEL02-MT";"UOP02-DEL01-MT"
237191;2019-09-22;"domingo";"13:30:00";"GO";20;3;"FORMOSA";"Falta de Atenção à Condução";"Colisão lateral";"Com Vítimas Feridas";"Pleno dia";"Decrescente";"Céu Claro";"Simples";"Reta";"Sim";2;0;1;0;1;0;1;2;-15,567487;-47,320309;"SPRF-DF";"DEL02-DF";"UOP01-DEL02-DF"
237194;2019-09-22;"domingo";"14:00:00";"SP";116;74,4;"APARECIDA";"Não guardar distância de segurança";"Colisão traseira";"Com Vítimas Feridas";"Pleno dia";"Crescente";"Chuva";"Dupla";"Reta";"Não";4;0;2;0;2;0;2;2;-22,87417841;-45,25637627;"SPRF-SP";"DEL08-SP";"UOP01-DEL08-SP"
237197;2019-09-22;"domingo";"14:45:00";"GO";153;543;"HIDROLANDIA";"Falta de Atenção à Condução";"Saída de leito carroçável";"Com Vítimas Feridas";"Pleno dia";"Crescente";"Céu Claro";"Dupla";"Curva";"Não";1;0;1;0;0;0;1;1;-17,0814;-49,2246;"SPRF-GO";"DEL01-GO";"UOP03-DEL01-GO"
237199;2019-08-04;"domingo";"21:00:00";"MG";354;750;"ITAMONTE";"Falta de Atenção à Condução";"Colisão lateral";"Com Vítimas Feridas";"Plena Noite";"Decrescente";"Garoa/Chuvisco";"Simples";"Reta";"Não";2;0;1;0;0;1;1;2;-22,25954996;-44,92137909;"SPRF-MG";"DEL05-MG";"UOP01-DEL17-MG"
237200;2019-09-22;"domingo";"13:40:00";"MG";40;666,8;"CARANDAI";"Falta de Atenção à Condução";"Colisão transversal";"Com Vítimas Feridas";"Pleno dia";"Decrescente";"Nublado";"Simples";"Interseção de Vias";"Sim";3;0;3;0;0;0;3;2;-20,94471215;-43,8086221;"SPRF-MG";"DEL05-MG";"UOP02-DEL05-MG"
237201;2019-09-22;"domingo";"14:45:00";"PB";101;93;"CONDE";"Falta de Atenção à Condução";"Colisão com objeto estático";"Com Vítimas Feridas";"Pleno dia";"Decrescente";"Sol";"Dupla";"Reta";"Não";3;0;0;1;2;0;1;1;-7,21492071;-34,91178632;"SPRF-PB";"DEL01-PB";"UOP01-DEL01-PB"
237314;2019-09-22;"domingo";"19:20:00";"PE";101;77;"RECIFE";"Ingestão de Álcool";"Colisão lateral";"Com Vítimas Feridas";"Plena Noite";"Decrescente";"Nublado";"Dupla";"Reta";"Sim";4;0;0;1;1;2;1;3;-8,126982;-34,94386;"SPRF-PE";"DEL01-PE";"UOP01-DEL01-PE"
237315;2019-09-22;"domingo";"18:40:00";"CE";222;18;"CAUCAIA";"Desobediência às normas de trânsito pelo condutor";"Colisão frontal";"Com Vítimas Feridas";"Plena Noite";"Crescente";"Céu Claro";"Simples";"Reta";"Sim";4;0;2;2;0;0;4;2;-3,74923332;-38,71923964;"SPRF-CE";"DEL01-CE";"UOP01-DEL01-CE"
237317;2019-09-22;"domingo";"19:15:00";"RJ";101;297,8;"ITABORAI";"Não guardar distância de segurança";"Colisão traseira";"Com Vítimas Feridas";"Plena Noite";"Decrescente";"Chuva";"Dupla";"Reta";"Sim";3;0;1;0;2;0;1;2;-22,771631;-42,926925;"SPRF-RJ";"DEL02-RJ";"UOP03-DEL02-RJ"
237318;2019-09-22;"domingo";"15:00:00";"MG";50;81;"UBERLANDIA";"Ingestão de Álcool";"Saída de leito carroçável";"Com Vítimas Feridas";"Pleno dia";"Crescente";"Céu Claro";"Dupla";"Interseção de Vias";"Não";4;0;0;3;0;1;3;2;-18,9711122;-48,21461678;"SPRF-MG";"DEL15-MG";"UOP01-DEL15-MG"
237319;2019-09-22;"domingo";"19:00:00";"SP";153;12;"ICEM";"Avarias e/ou desgaste excessivo no pneu";"Tombamento";"Com Vítimas Feridas";"Plena Noite";"Crescente";"Céu Claro";"Simples";"Reta";"Não";2;0;1;0;1;0;1;1;-20,40386008;-49,24534986;"SPRF-SP";"DEL09-SP";"UOP01-DEL09-SP"
237320;2019-09-22;"domingo";"19:31:00";"RS";468;131,5;"TIRADENTES DO SUL";"Ingestão de Álcool";"Saída de leito carroçável";"Com Vítimas Feridas";"Plena Noite";"Decrescente";"Céu Claro";"Simples";"Curva";"Não";3;0;3;0;0;0;3;1;-27,2978223;-54,17524159;"SPRF-RS";"DEL08-RS";"UOP02-DEL08-RS"
237321;2019-09-22;"domingo";"19:40:00";"PR";376;197;"MARIALVA";"Falta de Atenção à Condução";"Queda de ocupante de veículo";"Com Vítimas Feridas";"Plena Noite";"Decrescente";"Céu Claro";"Dupla";"Curva";"Não";2;0;1;0;1;0;1;1;-23,50257988;-51,75323097;"SPRF-PR";"DEL07-PR";"UOP01-DEL09-PR"
237322;2019-09-22;"domingo";"19:30:00";"PE";101;42,5;"IGARASSU";"Falta de Atenção à Condução";"Colisão traseira";"Com Vítimas Feridas";"Plena Noite";"Decrescente";"Céu Claro";"Múltipla";"Reta";"Sim";2;0;1;0;1;0;1;2;-7,83887431;-34,91196739;"SPRF-PE";"DEL01-PE";"UOP02-DEL01-PE"
237324;2019-09-22;"domingo";"15:50:00";"AL";104;83;"RIO LARGO";"Defeito Mecânico no Veículo";"Saída de leito carroçável";"Com Vítimas Feridas";"Pleno dia";"Crescente";"Sol";"Dupla";"Retorno Regulamentado";"Sim";4;0;1;0;3;0;1;1;-9,44165773;-35,83538341;"SPRF-AL";"DEL01-AL";"UOP01-DEL01-AL"
237325;2019-09-22;"domingo";"17:00:00";"RJ";116;76;"TERESOPOLIS";"Pista Escorregadia";"Colisão com objeto estático";"Com Vítimas Feridas";"Pleno dia";"Crescente";"Chuva";"Simples";"Curva";"Não";4;0;2;0;2;0;2;1;-22,36124312;-42,94876288;"SPRF-RJ";"DEL04-RJ";"UOP01-DEL04-RJ"
237329;2019-09-22;"domingo";"14:30:00";"MG";381;508,9;"SAO JOAQUIM DE BICAS";"Falta de Atenção à Condução";"Colisão com objeto estático";"Sem Vítimas";"Pleno dia";"Decrescente";"Sol";"Dupla";"Curva";"Não";1;0;0;0;0;1;0;1;-20,07008;-44,298819;"SPRF-MG";"DEL01-MG";"UOP03-DEL01-MG"
237330;2019-09-22;"domingo";"16:45:00";"RS";116;206,1;"PICADA CAFE";"Velocidade Incompatível";"Colisão lateral";"Com Vítimas Feridas";"Pleno dia";"Decrescente";"Céu Claro";"Simples";"Curva";"Não";2;0;0;1;1;0;1;2;-29,50249697;-51,13358974;"SPRF-RS";"DEL05-RS";"UOP02-DEL05-RS"
237333;2019-09-22;"domingo";"17:30:00";"SC";101;14,1;"GARUVA";"Falta de Atenção à Condução";"Saída de leito carroçável";"Com Vítimas Feridas";"Anoitecer";"Decrescente";"Céu Claro";"Dupla";"Reta";"Não";6;0;4;0;2;0;4;1;-26,09803515;-48,86773972;"SPRF-SC";"DEL03-SC";"UOP01-DEL03-SC"
237334;2019-09-22;"domingo";"18:00:00";"MS";158;197;"SELVIRIA";"Animais na Pista";"Atropelamento de Animal";"Com Vítimas Feridas";"Plena Noite";"Decrescente";"Céu Claro";"Dupla";"Reta";"Não";4;0;1;0;3;0;1;2;-20,36999506;-51,42723799;"SPRF-MS";"DEL07-MS";"UOP01-DEL07-MS"
237335;2019-09-22;"domingo";"19:40:00";"PE";101;41;"IGARASSU";"Desobediência às normas de trânsito pelo condutor";"Colisão transversal";"Sem Vítimas";"Plena Noite";"Decrescente";"Garoa/Chuvisco";"Dupla";"Reta";"Sim";3;0;0;0;1;2;0;2;-7,83038346;-34,91426785;"SPRF-PE";"DEL01-PE";"UOP02-DEL01-PE"
237336;2019-09-22;"domingo";"17:00:00";"MS";60;421,3;"SIDROLANDIA";"Animais na Pista";"Tombamento";"Com Vítimas Feridas";"Pleno dia";"Crescente";"Céu Claro";"Simples";"Reta";"Não";2;0;0;2;0;0;2;1;-20,90119941;-54,93340792;"SPRF-MS";"DEL01-MS";"UOP04-DEL01-MS"
237338;2019-09-22;"domingo";"17:10:00";"SC";101;40,7;"JOINVILLE";"Ingestão de Álcool";"Saída de leito carroçável";"Sem Vítimas";"Pleno dia";"Crescente";"Nublado";"Dupla";"Curva";"Sim";1;0;0;0;1;0;0;1;-26,27176094;-48,89468382;"SPRF-SC";"DEL03-SC";"UOP01-DEL03-SC"
237342;2019-09-22;"domingo";"14:20:00";"SC";116;37;"ITAIOPOLIS";"Falta de Atenção à Condução";"Colisão com objeto estático";"Com Vítimas Feridas";"Pleno dia";"Decrescente";"Céu Claro";"Simples";"Declive;Reta";"Não";2;0;1;0;1;0;1;1;-26,34065776;-50,02444605;"SPRF-SC";"DEL06-SC";"UOP01-DEL06-SC"
237344;2019-09-22;"domingo";"18:15:00";"MG";381;503,7;"BETIM";"Não guardar distância de segurança";"Colisão traseira";"Com Vítimas Feridas";"Plena Noite";"Decrescente";"Céu Claro";"Dupla";"Curva";"Sim";2;0;1;0;1;0;1;2;-20,03855134;-44,25495493;"SPRF-MG";"DEL01-MG";"UOP03-DEL01-MG"
237345;2019-09-22;"domingo";"19:00:00";"MG";116;273;"TEOFILO OTONI";"Falta de Atenção à Condução";"Tombamento";"Com Vítimas Feridas";"Plena Noite";"Crescente";"Céu Claro";"Simples";"Reta";"Não";1;0;0;1;0;0;1;1;-17,82616139;-41,50619857;"SPRF-MG";"DEL11-MG";"UOP01-DEL11-MG"
237346;2019-09-22;"domingo";"18:10:00";"MG";262;43,1;"MANHUACU";"Falta de Atenção à Condução";"Colisão frontal";"Sem Vítimas";"Plena Noite";"Crescente";"Nublado";"Simples";"Curva";"Não";8;0;0;0;8;0;0;3;-20,26409492;-42,07800593;"SPRF-MG";"DEL06-MG";"UOP03-DEL06-MG"
237348;2019-09-22;"domingo";"15:30:00";"PR";476;165,3;"ARAUCARIA";"Velocidade Incompatível";"Saída de leito carroçável";"Sem Vítimas";"Pleno dia";"Decrescente";"Nublado";"Simples";"Reta";"Não";1;0;0;0;1;0;0;1;-25,643578;-49,472763;"SPRF-PR";"DEL01-PR";"UOP06-DEL01-PR"
237349;2019-09-22;"domingo";"16:00:00";"SC";280;42,9;"GUARAMIRIM";"Ingestão de Álcool";"Atropelamento de Pedestre";"Com Vítimas Feridas";"Pleno dia";"Decrescente";"Nublado";"Simples";"Interseção de Vias";"Não";3;0;1;1;1;0;2;2;-26,4512;-48,87700438;"SPRF-SC";"DEL03-SC";"UOP03-DEL03-SC"
237350;2019-09-22;"domingo";"18:25:00";"RR";174;450;"BOA VISTA";"Pista Escorregadia";"Tombamento";"Com Vítimas Feridas";"Plena Noite";"Decrescente";"Chuva";"Simples";"Reta";"Sim";2;0;2;0;0;0;2;1;2,458398;-60,918434;"SPRF-RR";"DEL01-RR";"UOP01-DEL01-RR"
237352;2019-09-22;"domingo";"18:45:00";"SP";116;204;"ARUJA";"Falta de Atenção à Condução";"Colisão traseira";"Sem Vítimas";"Plena Noite";"Decrescente";"Garoa/Chuvisco";"Dupla";"Reta";"Sim";2;0;0;0;2;0;0;2;-23,41236123;-46,35692496;"SPRF-SP";"DEL01-SP";"UOP02-DEL01-SP"
237353;2019-09-22;"domingo";"17:40:00";"SP";116;227,6;"SAO PAULO";"Falta de Atenção à Condução";"Colisão traseira";"Com Vítimas Feridas";"Plena Noite";"Crescente";"Nublado";"Múltipla";"Reta";"Sim";1;0;1;0;0;0;1;1;-23,49659264;-46,55648754;"SPRF-SP";"DEL01-SP";"UOP01-DEL01-SP"
237354;2019-09-22;"domingo";"18:35:00";"RO";364;342;"JI-PARANA";"Não guardar distância de segurança";"Colisão traseira";"Com Vítimas Feridas";"Plena Noite";"Crescente";"Céu Claro";"Dupla";"Ponte";"Sim";4;0;1;0;3;0;1;2;-10,88381227;-61,93741416;"SPRF-RO";"DEL02-RO";"UOP01-DEL02-RO"
237355;2019-09-22;"domingo";"18:48:00";"SC";101;42,4;"JOINVILLE";"Não guardar distância de segurança";"Colisão traseira";"Com Vítimas Feridas";"Plena Noite";"Crescente";"Nublado";"Dupla";"Reta";"Sim";4;0;0;1;3;0;1;3;-26,29251598;-48,88474385;"SPRF-SC";"DEL03-SC";"UOP01-DEL03-SC"
237359;2019-09-22;"domingo";"15:20:00";"MG";40;727;"OLIVEIRA FORTES";"Defeito Mecânico no Veículo";"Colisão com objeto estático";"Com Vítimas Feridas";"Pleno dia";"Crescente";"Garoa/Chuvisco";"Dupla";"Curva";"Não";2;0;2;0;0;0;2;1;-21,31429811;-43,59529512;"SPRF-MG";"DEL05-MG";"UOP01-DEL05-MG"
237360;2019-09-22;"domingo";"16:00:00";"MG";40;740,6;"SANTOS DUMONT";"Avarias e/ou desgaste excessivo no pneu";"Colisão frontal";"Com Vítimas Feridas";"Pleno dia";"Crescente";"Garoa/Chuvisco";"Simples";"Curva";"Sim";3;0;0;2;1;0;2;2;-21,394039;-43,56680295;"SPRF-MG";"DEL05-MG";"UOP01-DEL05-MG"
237361;2019-09-22;"domingo";"17:45:00";"MG";381;637,4;"SANTO ANTONIO DO AMPARO";"Falta de Atenção à Condução";"Colisão lateral";"Com Vítimas Feridas";"Anoitecer";"Decrescente";"Nublado";"Dupla";"Curva;Declive";"Não";4;0;2;0;2;0;2;2;-20,87756051;-44,84925985;"SPRF-MG";"DEL04-MG";"UOP01-DEL04-MG"
237362;2019-09-22;"domingo";"15:40:00";"BA";101;359;"WENCESLAU GUIMARAES";"Desobediência às normas de trânsito pelo condutor";"Colisão frontal";"Com Vítimas Feridas";"Pleno dia";"Decrescente";"Céu Claro";"Simples";"Reta";"Sim";2;0;0;1;1;0;1;2;-13,68353585;-39,47850737;"SPRF-BA";"DEL05-BA";"UOP03-DEL05-BA"
237363;2019-09-22;"domingo";"15:00:00";"MG";267;81,8;"JUIZ DE FORA";"Velocidade Incompatível";"Saída de leito carroçável";"Com Vítimas Feridas";"Pleno dia";"Crescente";"Garoa/Chuvisco";"Simples";"Curva";"Não";2;0;2;0;0;0;2;1;-21,76161026;-43,22888598;"SPRF-MG";"DEL05-MG";"UOP01-DEL05-MG"
237364;2019-09-22;"domingo";"17:10:00";"BA";101;390;"IBIRAPITANGA";"Defeito Mecânico no Veículo";"Colisão com objeto estático";"Com Vítimas Fatais";"Plena Noite";"Decrescente";"Céu Claro";"Simples";"Curva";"Não";5;1;1;0;3;0;1;1;-14,03352985;-39,42030757;"SPRF-BA";"DEL05-BA";"UOP03-DEL05-BA"
237365;2019-09-22;"domingo";"15:30:00";"MG";40;800,1;"JUIZ DE FORA";"Velocidade Incompatível";"Colisão com objeto estático";"Com Vítimas Feridas";"Pleno dia";"Crescente";"Chuva";"Dupla";"Curva";"Não";3;0;3;0;0;0;3;1;-21,83830804;-43,37465316;"SPRF-MG";"DEL05-MG";"UOP01-DEL05-MG"
237367;2019-09-22;"domingo";"15:15:00";"GO";70;24,1;"COCALZINHO DE GOIAS";"Ingestão de Álcool";"Colisão traseira";"Sem Vítimas";"Pleno dia";"Decrescente";"Céu Claro";"Dupla";"Reta";"Sim";2;0;0;0;2;0;0;2;-15,7404865;-48,40963905;"SPRF-DF";"DEL01-DF";"UOP02-DEL03-DF"
237369;2019-09-22;"domingo";"16:30:00";"GO";70;7,2;"AGUAS LINDAS DE GOIAS";"Falta de Atenção à Condução";"Colisão traseira";"Sem Vítimas";"Pleno dia";"Crescente";"Céu Claro";"Dupla";"Reta";"Sim";3;0;0;0;3;0;0;2;-15,74375533;-48,26779708;"SPRF-DF";"DEL01-DF";"UOP02-DEL03-DF"
237370;2019-09-22;"domingo";"17:20:00";"MG";262;359;"BETIM";"Defeito Mecânico no Veículo";"Queda de ocupante de veículo";"Com Vítimas Feridas";"Pleno dia";"Decrescente";"Céu Claro";"Dupla";"Reta";"Não";1;0;1;0;0;0;1;1;-19,98332234;-44,20214426;"SPRF-MG";"DEL01-MG";"UOP03-DEL01-MG"
237371;2019-09-22;"domingo";"19:55:00";"PR";373;382,5;"CANDOI";"Ingestão de Álcool";"Saída de leito carroçável";"Com Vítimas Feridas";"Plena Noite";"Decrescente";"Céu Claro";"Simples";"Interseção de Vias;Viaduto";"Não";2;0;1;0;0;1;1;1;-25,46073159;-51,95943117;"SPRF-PR";"DEL03-PR";"UOP01-DEL08-PR"
237372;2019-09-22;"domingo";"14:10:00";"PR";277;683,2;"SAO MIGUEL DO IGUACU";"Velocidade Incompatível";"Capotamento";"Sem Vítimas";"Pleno dia";"Crescente";"Sol";"Dupla";"Curva";"Não";4;0;0;0;3;1;0;3;-25,33269888;-54,19204103;"SPRF-PR";"DEL05-PR";"UOP01-DEL05-PR"
237373;2019-09-22;"domingo";"18:05:00";"DF";40;4;"BRASILIA";"Ingestão de Álcool";"Colisão lateral";"Sem Vítimas";"Pleno dia";"Decrescente";"Céu Claro";"Dupla";"Reta";"Sim";2;0;0;0;2;0;0;2;-16,012033;-47,982124;"SPRF-DF";"DEL01-DF";"UOP01-DEL01-DF"
237374;2019-09-22;"domingo";"10:30:00";"RJ";101;190;"CASIMIRO DE ABREU";"Pista Escorregadia";"Capotamento";"Com Vítimas Feridas";"Pleno dia";"Crescente";"Chuva";"Simples";"Curva";"Não";2;0;2;0;0;0;2;1;-22,46340846;-42,0658817;"SPRF-RJ";"DEL02-RJ";"UOP04-DEL08-RJ"
237377;2019-09-22;"domingo";"18:30:00";"GO";80;11;"PADRE BERNARDO";"Pista Escorregadia";"Saída de leito carroçável";"Com Vítimas Feridas";"Plena Noite";"Decrescente";"Céu Claro";"Simples";"Reta;Em Obras";"Não";3;0;2;1;0;0;3;1;-15,447748;-48,204663;"SPRF-DF";"DEL01-DF";"UOP02-DEL03-DF"
237381;2019-09-22;"domingo";"18:40:00";"ES";101;424,8;"ATILIO VIVACQUA";"Falta de Atenção à Condução";"Saída de leito carroçável";"Com Vítimas Feridas";"Plena Noite";"Crescente";"Chuva";"Simples";"Reta";"Não";5;0;5;0;0;0;5;1;-20,9947948;-41,12521918;"SPRF-ES";"DEL03-ES";"UOP02-DEL03-ES"
237382;2019-09-22;"domingo";"18:00:00";"MT";163;706;"SORRISO";"Fenômenos da Natureza";"Engavetamento";"Com Vítimas Feridas";"Anoitecer";"Decrescente";"Chuva";"Simples";"Reta";"Não";5;0;1;0;4;0;1;3;-13,03787498;-55,90137606;"SPRF-MT";"DEL06-MT";"UOP01-DEL06-MT"
237385;2019-09-22;"domingo";"16:20:00";"MT";163;746;"SORRISO";"Falta de Atenção à Condução";"Saída de leito carroçável";"Sem Vítimas";"Pleno dia";"Crescente";"Céu Claro";"Dupla";"Reta";"Não";1;0;0;0;1;0;0;1;-12,7007392;-55,81389079;"SPRF-MT";"DEL06-MT";"UOP01-DEL06-MT"
237386;2019-09-22;"domingo";"17:00:00";"RJ";116;314;"ITATIAIA";"Pista Escorregadia";"Saída de leito carroçável";"Com Vítimas Feridas";"Plena Noite";"Decrescente";"Chuva";"Dupla";"Curva";"Não";2;0;1;0;1;0;1;1;-22,46045833;-44,47218299;"SPRF-RJ";"DEL07-RJ";"DEL5/7-UOP03/RJ"
237387;2019-09-22;"domingo";"15:48:00";"SC";101;131;"BALNEARIO CAMBORIU";"Não guardar distância de segurança";"Tombamento";"Com Vítimas Feridas";"Pleno dia";"Crescente";"Céu Claro";"Dupla";"Reta";"Sim";2;0;2;0;0;0;2;1;-26,99064209;-48,66310912;"SPRF-SC";"DEL04-SC";"UOP03-DEL04-SC"
237388;2019-09-22;"domingo";"18:50:00";"SC";101;158,1;"PORTO BELO";"Falta de Atenção à Condução";"Colisão transversal";"Com Vítimas Feridas";"Plena Noite";"Decrescente";"Nublado";"Dupla";"Reta";"Sim";2;0;1;0;1;0;1;2;-27,19096301;-48,61259017;"SPRF-SC";"DEL04-SC";"UOP03-DEL04-SC"
237389;2019-09-22;"domingo";"14:25:00";"MT";364;208,4;"RONDONOPOLIS";"Falta de Atenção à Condução";"Saída de leito carroçável";"Com Vítimas Fatais";"Pleno dia";"Decrescente";"Céu Claro";"Dupla";"Reta";"Não";1;1;0;0;0;0;0;1;-16,43621099;-54,68287599;"SPRF-MT";"DEL02-MT";"UOP01-DEL02-MT"
237390;2019-09-22;"domingo";"20:00:00";"PA";155;310;"MARABA";"Animais na Pista";"Atropelamento de Animal";"Com Vítimas Feridas";"Plena Noite";"Decrescente";"Céu Claro";"Simples";"Reta";"Não";1;0;1;0;0;0;1;1;-5,65160594;-49,11019532;"SPRF-PA";"DEL03-PA";"UOP01-DEL03-PA"
237392;2019-09-22;"domingo";"19:50:00";"RS";158;312;"ITAARA";"Ingestão de Álcool";"Colisão lateral";"Com Vítimas Feridas";"Plena Noite";"Crescente";"Céu Claro";"Simples";"Reta";"Não";10;0;2;3;5;0;5;4;-29,63607833;-53,76692187;"SPRF-RS";"DEL09-RS";"UOP01-DEL09-RS"
237393;2019-09-22;"domingo";"17:10:00";"MG";40;517,5;"RIBEIRAO DAS NEVES";"Não guardar distância de segurança";"Engavetamento";"Com Vítimas Feridas";"Pleno dia";"Crescente";"Céu Claro";"Dupla";"Reta";"Sim";5;0;1;0;4;0;1;4;-19,82351202;-44,08438913;"SPRF-MG";"DEL01-MG";"UOP02-DEL01-MG"
237394;2019-09-22;"domingo";"19:45:00";"SC";282;2;"FLORIANOPOLIS";"Desobediência às normas de trânsito pelo condutor";"Colisão lateral";"Com Vítimas Feridas";"Plena Noite";"Decrescente";"Céu Claro";"Múltipla";"Reta";"Sim";4;0;1;0;3;0;1;3;-27,603289;-48,590416;"SPRF-SC";"DEL01-SC";"UOP01-DEL01-SC"
237395;2019-09-22;"domingo";"17:40:00";"SC";101;202,3;"SAO JOSE";"Falta de Atenção à Condução";"Colisão lateral";"Com Vítimas Feridas";"Pleno dia";"Crescente";"Céu Claro";"Dupla";"Reta";"Sim";2;0;1;0;1;0;1;2;-27,55711595;-48,61897889;"SPRF-SC";"DEL01-SC";"UOP01-DEL01-SC"