"id";"data_inversa";"dia_semana";"horario";"uf";"br";"km";"municipio";"causa_acidente";"tipo_acidente";"classificacao_acidente";"fase_dia";"sentido_via";"condicao_metereologica";"tipo_pista";"tracado_via";"uso_solo";"pessoas";"mortos";"feridos_leves";"feridos_graves";"ilesos";"ignorados";"feridos";"veiculos";"latitude";"longitude";"regional";"delegacia";"uop"
237619;2019-09-23;"segunda-feira";"19:05:00";"PB";230;36,5;"SANTA RITA";"Ingestão de álcool e/ou substâncias psicoativas pelo pedestre";"Atropelamento de Pedestre";"Com Vítimas Fatais";"Plena Noite";"Crescente";"Céu Claro";"Dupla";"Reta";"Sim";2;1;0;0;0;1;0;2;-7,12841183;-34,95242;"SPRF-PB";"DEL01-PB";"UOP03-DEL01-PB"
237620;2019-09-23;"segunda-feira";"19:50:00";"RS";158;333,2;"SANTA MARIA";"Desobediência às normas de trânsito pelo condutor";"Colisão lateral";"Com Vítimas Feridas";"Plena Noite";"Crescente";"Céu Claro";"Simples";"Reta";"Sim";2;0;1;0;1;0;1;2;-29,70846948;-53,86426102;"SPRF-RS";"DEL09-RS";"UOP01-DEL09-RS"
237621;2019-06-13;"quinta-feira";"17:40:00";"ES";101;288,9;"CARIACICA";"Falta de Atenção do Pedestre";"Atropelamento de Pedestre";"Com Vítimas Fatais";"Anoitecer";"Crescente";"Céu Claro";"Dupla";"Reta";"Sim";2;1;0;0;1;0;0;2;-20,27160351;-40,39091743;"SPRF-ES";"DEL01-ES";"UOP01-DEL01-ES"
237623;2019-09-23;"segunda-feira";"18:50:00";"TO";153;553,1;"OLIVEIRA DE FATIMA";"Falta de Atenção do Pedestre";"Tombamento";"Com Vítimas Feridas";"Plena Noite";"Crescente";"Céu Claro";"Simples";"Reta";"Não";2;0;2;0;0;0;2;1;-10,67611102;-48,90760829;"SPRF-TO";"DEL02-TO";"UOP01-DEL01-TO"
237625;2019-09-23;"segunda-feira";"20:00:00";"MG";40;717,1;"BARBACENA";"Velocidade Incompatível";"Colisão com objeto estático";"Com Vítimas Feridas";"Plena Noite";"Decrescente";"Garoa/Chuvisco";"Dupla";"Reta";"Não";5;0;4;0;1;0;4;1;-21,26034802;-43,66189055;"SPRF-MG";"DEL05-MG";"UOP01-DEL05-MG"
237626;2019-09-23;"segunda-feira";"19:35:00";"ES";101;241,6;"SERRA";"Falta de Atenção do Pedestre";"Atropelamento de Pedestre";"Com Vítimas Fatais";"Plena Noite";"Crescente";"Nublado";"Simples";"Reta";"Não";3;1;0;0;2;0;0;3;-20,02389596;-40,39998096;"SPRF-ES";"DEL02-ES";"UOP01-DEL02-ES"
237627;2019-09-23;"segunda-feira";"19:30:00";"SC";101;340;"TUBARAO";"Falta de Atenção à Condução";"Colisão traseira";"Com Vítimas Feridas";"Plena Noite";"Crescente";"Céu Claro";"Simples";"Reta";"Sim";2;0;1;0;1;0;1;2;-28,501444;-49,04690399;"SPRF-SC";"DEL02-SC";"UOP01-DEL02-SC"
237629;2019-09-23;"segunda-feira";"18:40:00";"SC";470;318,8;"CAMPOS NOVOS";"Falta de Atenção à Condução";"Saída de leito carroçável";"Com Vítimas Feridas";"Amanhecer";"Decrescente";"Céu Claro";"Simples";"Reta";"Sim";2;0;1;0;1;0;1;2;-27,408455;-51,214985;"SPRF-SC";"DEL07-SC";"UOP06-DEL07-SC"
237630;2019-09-23;"segunda-feira";"20:00:00";"ES";101;144,1;"LINHARES";"Falta de Atenção à Condução";"Colisão lateral";"Com Vítimas Feridas";"Plena Noite";"Decrescente";"Céu Claro";"Dupla";"Reta";"Sim";2;0;1;0;1;0;1;2;-19,35188295;-40,0636685;"SPRF-ES";"DEL04-ES";"UOP01-DEL04-ES"
237631;2019-09-23;"segunda-feira";"20:00:00";"RJ";101;473;"ANGRA DOS REIS";"Falta de Atenção à Condução";"Colisão transversal";"Com Vítimas Fatais";"Plena Noite";"Decrescente";"Chuva";"Dupla";"Retorno Regulamentado";"Sim";8;1;5;1;1;0;6;2;-22,98960623;-44,24168693;"SPRF-RJ";"DEL03-RJ";"UOP03-DEL03-RJ"
237632;2019-09-23;"segunda-feira";"19:05:00";"ES";262;0,5;"CARIACICA";"Falta de Atenção à Condução";"Colisão traseira";"Com Vítimas Feridas";"Plena Noite";"Decrescente";"Céu Claro";"Dupla";"Reta";"Sim";2;0;1;0;1;0;1;2;-20,320793;-40,353315;"SPRF-ES";"DEL01-ES";"UOP01-DEL01-ES"
237634;2019-09-23;"segunda-feira";"20:15:00";"PR";476;115,8;"COLOMBO";"Desobediência às normas de trânsito pelo condutor";"Colisão transversal";"Com Vítimas Feridas";"Plena Noite";"Crescente";"Céu Claro";"Dupla";"Reta";"Sim";2;0;1;0;1;0;1;2;-25,34896131;-49,16375399;"SPRF-PR";"DEL01-PR";"UOP07-DEL01-PR"
237635;2019-09-23;"segunda-feira";"21:10:00";"ES";101;269,6;"SERRA";"Desobediência às normas de trânsito pelo condutor";"Colisão transversal";"Com Vítimas Feridas";"Plena Noite";"Crescente";"Nublado";"Múltipla";"Interseção de Vias";"Sim";4;0;1;1;2;0;2;2;-20,22178796;-40,27041078;"SPRF-ES";"DEL02-ES";"UOP01-DEL02-ES"
237636;2019-09-23;"segunda-feira";"18:50:00";"PR";376;104,5;"PARANAVAI";"Falta de Atenção à Condução";"Colisão transversal";"Com Vítimas Feridas";"Plena Noite";"Decrescente";"Céu Claro";"Dupla";"Reta";"Não";2;0;0;1;1;0;1;2;-23,05157684;-52,44672491;"SPRF-PR";"DEL07-PR";"UOP02-DEL09-PR"
237638;2019-09-23;"segunda-feira";"21:20:00";"GO";452;185,5;"ITUMBIARA";"Falta de Atenção à Condução";"Saída de leito carroçável";"Com Vítimas Feridas";"Plena Noite";"Crescente";"Céu Claro";"Simples";"Curva";"Não";1;0;1;0;0;0;1;1;-18,39956326;-49,31881109;"SPRF-GO";"DEL03-GO";"UOP02-DEL03-GO"
237639;2019-09-23;"segunda-feira";"19:50:00";"RJ";101;310;"SAO GONCALO";"Desobediência às normas de trânsito pelo condutor";"Queda de ocupante de veículo";"Com Vítimas Feridas";"Plena Noite";"Crescente";"Nublado";"Dupla";"Reta";"Não";1;0;1;0;0;0;1;1;-22,79717023;-43,04404993;"SPRF-RJ";"DEL02-RJ";"UOP02-DEL02-RJ"
237640;2019-09-23;"segunda-feira";"21:40:00";"SC";282;6;"SAO JOSE";"Falta de Atenção à Condução";"Tombamento";"Com Vítimas Feridas";"Plena Noite";"Crescente";"Nublado";"Dupla";"Curva";"Sim";1;0;1;0;0;0;1;1;-27,591936;-48,618244;"SPRF-SC";"DEL01-SC";"UOP01-DEL01-SC"
237641;2019-09-23;"segunda-feira";"21:25:00";"AL";316;226,7;"ATALAIA";"Ingestão de Álcool";"Atropelamento de Pedestre";"Com Vítimas Feridas";"Plena Noite";"Crescente";"Garoa/Chuvisco";"Simples";"Reta";"Não";3;0;0;1;2;0;1;2;-9,48398693;-36,15120494;"SPRF-AL";"DEL01-AL";"UOP01-DEL01-AL"
237642;2019-09-23;"segunda-feira";"18:30:00";"BA";110;368,6;"CATU";"Desobediência às normas de trânsito pelo condutor";"Colisão transversal";"Com Vítimas Feridas";"Plena Noite";"Crescente";"Chuva";"Dupla";"Interseção de Vias";"Sim";2;0;1;0;1;0;1;2;-12,40537612;-38,40500399;"SPRF-BA";"DEL01-BA";"UOP04-DEL01-BA"
237643;2019-09-23;"segunda-feira";"21:30:00";"SC";101;404,3;"ARARANGUA";"Condutor Dormindo";"Colisão com objeto estático";"Com Vítimas Feridas";"Plena Noite";"Crescente";"Céu Claro";"Dupla";"Reta";"Não";3;0;2;0;1;0;2;2;-28,89689822;-49,47250307;"SPRF-SC";"DEL02-SC";"UOP02-DEL02-SC"
237647;2019-09-11;"quarta-feira";"21:30:00";"BA";324;621;"SALVADOR";"Desobediência às normas de trânsito pelo condutor";"Colisão traseira";"Com Vítimas Feridas";"Plena Noite";"Crescente";"Chuva";"Múltipla";"Reta";"Sim";3;0;0;1;2;0;1;3;-12,91233708;-38,45956983;"SPRF-BA";"DEL01-BA";"UOP01-DEL01-BA"
237648;2019-09-14;"sábado";"20:30:00";"SC";116;1,8;"MAFRA";"Ingestão de Álcool";"Colisão traseira";"Sem Vítimas";"Plena Noite";"Decrescente";"Nublado";"Simples";"Reta";"Sim";2;0;0;0;2;0;0;2;-26,1170929;-49,78694917;"SPRF-SC";"DEL06-SC";"UOP01-DEL06-SC"
237650;2019-09-23;"segunda-feira";"21:20:00";"MT";174;151,8;"GLORIA DOESTE";"Falta de Atenção à Condução";"Colisão lateral";"Com Vítimas Feridas";"Plena Noite";"Decrescente";"Céu Claro";"Simples";"Reta";"Não";4;0;3;0;1;0;3;2;-15,81404499;-58,31495;"SPRF-MT";"DEL03-MT";"UOP01-DEL03-MT"
237651;2019-09-23;"segunda-feira";"22:45:00";"PI";343;597;"FLORIANO";"Ingestão de Álcool";"Tombamento";"Com Vítimas Feridas";"Plena Noite";"Crescente";"Céu Claro";"Dupla";"Reta";"Sim";1;0;1;0;0;0;1;1;-6,81223937;-43,05644989;"SPRF-PI";"DEL03-PI";"UOP01-DEL03-PI"
237653;2019-09-23;"segunda-feira";"21:40:00";"PE";232;175,4;"BELO JARDIM";"Defeito Mecânico no Veículo";"Incêndio";"Sem Vítimas";"Plena Noite";"Crescente";"Céu Claro";"Simples";"Reta";"Não";1;0;0;0;1;0;0;1;-8,34100926;-36,38709684;"SPRF-PE";"DEL02-PE";"UOP03-DEL02-PE"
237656;2019-09-24;"terça-feira";"00:40:00";"PR";376;523,9;"PONTA GROSSA";"Defeito Mecânico no Veículo";"Incêndio";"Com Vítimas Feridas";"Plena Noite";"Decrescente";"Céu Claro";"Dupla";"Reta";"Não";2;0;0;1;1;0;1;1;-25,2785394;-49,92084503;"SPRF-PR";"DEL03-PR";"UOP04-DEL03-PR"
237661;2019-09-24;"terça-feira";"00:20:00";"PE";423;88;"SAO JOAO";"Falta de Atenção do Pedestre";"Atropelamento de Pedestre";"Com Vítimas Feridas";"Plena Noite";"Crescente";"Céu Claro";"Simples";"Reta";"Não";2;0;0;1;1;0;1;2;-8,82983618;-36,45245561;"SPRF-PE";"DEL03-PE";"UOP01-DEL03-PE"
237662;2019-09-23;"segunda-feira";"21:00:00";"PI";316;170;"ELESBAO VELOSO";"Ingestão de Álcool";"Colisão com objeto estático";"Com Vítimas Feridas";"Plena Noite";"Decrescente";"Céu Claro";"Simples";"Ponte";"Não";1;0;0;1;0;0;1;1;-6,23908415;-42,04298005;"SPRF-PI";"DEL04-PI";"UOP02-DEL04-PI"
237665;2019-09-23;"segunda-feira";"20:00:00";"RJ";116;166,7;"SAO JOAO DE MERITI";"Não guardar distância de segurança";"Queda de ocupante de veículo";"Com Vítimas Feridas";"Plena Noite";"Crescente";"Céu Claro";"Múltipla";"Reta";"Sim";1;0;1;0;0;0;1;1;-22,81560263;-43,30051808;"SPRF-RJ";"DEL01-RJ";"UOP02-DEL01-RJ"
237666;2019-09-24;"terça-feira";"02:50:00";"RR";174;192;"RORAINOPOLIS";"Animais na Pista";"Atropelamento de Animal";"Com Vítimas Feridas";"Plena Noite";"Decrescente";"Céu Claro";"Simples";"Reta";"Não";10;0;7;1;2;0;8;1;0,767878;-60,454582;"SPRF-RR";"DEL01-RR";"UOP01-DEL01-RR"
237667;2019-09-24;"terça-feira";"04:15:00";"SC";101;203,5;"SAO JOSE";"Ingestão de Álcool";"Queda de ocupante de veículo";"Com Vítimas Feridas";"Plena Noite";"Crescente";"Garoa/Chuvisco";"Dupla";"Reta";"Sim";1;0;1;0;0;0;1;1;-27,5650044;-48,61460082;"SPRF-SC";"DEL01-SC";"UOP01-DEL01-SC"
237668;2019-09-24;"terça-feira";"05:40:00";"SP";381;36,8;"ATIBAIA";"Falta de Atenção à Condução";"Atropelamento de Pedestre";"Com Vítimas Feridas";"Amanhecer";"Crescente";"Céu Claro";"Dupla";"Reta";"Sim";2;0;1;0;1;0;1;2;-23,10316134;-46,56868458;"SPRF-SP";"DEL03-SP";"UOP02-DEL03-SP"
237671;2019-09-24;"terça-feira";"06:40:00";"CE";116;31;"AQUIRAZ";"Velocidade Incompatível";"Atropelamento de Pedestre";"Com Vítimas Fatais";"Pleno dia";"Decrescente";"Céu Claro";"Dupla";"Reta";"Não";4;1;0;0;3;0;0;2;-4,01989298;-38,51889923;"SPRF-CE";"DEL01-CE";"UOP02-DEL01-CE"
237672;2019-09-24;"terça-feira";"06:50:00";"TO";153;281;"BRASILANDIA DO TOCANTINS";"Condutor Dormindo";"Saída de leito carroçável";"Com Vítimas Feridas";"Pleno dia";"Crescente";"Céu Claro";"Simples";"Aclive";"Não";3;0;3;0;0;0;3;1;-8,36343995;-48,48710916;"SPRF-TO";"DEL02-TO";"UOP02-DEL02-TO"
237673;2019-09-24;"terça-feira";"04:00:00";"MG";381;280;"JAGUARACU";"Velocidade Incompatível";"Saída de leito carroçável";"Com Vítimas Feridas";"Plena Noite";"Decrescente";"Céu Claro";"Simples";"Curva";"Não";1;0;1;0;0;0;1;1;-19,5719853;-42,7133643;"SPRF-MG";"DEL03-MG";"UOP02-DEL03-MG"
237674;2019-09-24;"terça-feira";"06:30:00";"MG";262;435;"NOVA SERRANA";"Falta de Atenção à Condução";"Colisão traseira";"Com Vítimas Feridas";"Pleno dia";"Decrescente";"Sol";"Dupla";"Viaduto";"Não";3;0;1;0;1;1;1;3;-19,89666118;-44,85116191;"SPRF-MG";"DEL08-MG";"UOP03-DEL08-MG"
237676;2019-09-24;"terça-feira";"05:10:00";"PR";277;110;"CAMPO LARGO";"Velocidade Incompatível";"Colisão com objeto estático";"Sem Vítimas";"Plena Noite";"Decrescente";"Nublado";"Dupla";"Reta";"Não";1;0;0;0;0;1;0;1;-25,43104257;-49,4005394;"SPRF-PR";"DEL01-PR";"UOP06-DEL01-PR"
237678;2019-09-16;"segunda-feira";"06:10:00";"MS";163;127;"NAVIRAI";"Ingestão de Álcool";"Saída de leito carroçável";"Com Vítimas Feridas";"Amanhecer";"Crescente";"Céu Claro";"Simples";"Reta";"Não";1;0;1;0;0;0;1;1;-23,055607;-54,235474;"SPRF-MS";"DEL09-MS";"UOP01-DEL09-MS"
237680;2019-09-24;"terça-feira";"07:45:00";"PB";230;21,1;"JOAO PESSOA";"Desobediência às normas de trânsito pelo condutor";"Colisão traseira";"Com Vítimas Feridas";"Pleno dia";"Decrescente";"Céu Claro";"Dupla";"Reta";"Sim";2;0;1;0;1;0;1;2;-7,1415;-34,8519;"SPRF-PB";"DEL01-PB";"UOP01-DEL01-PB"
237681;2019-09-24;"terça-feira";"07:05:00";"PR";153;38,9;"SANTO ANTONIO DA PLATINA";"Falta de Atenção à Condução";"Saída de leito carroçável";"Com Vítimas Feridas";"Pleno dia";"Decrescente";"Céu Claro";"Simples";"Curva";"Não";1;0;1;0;0;0;1;1;-23,27231767;-50,05734289;"SPRF-PR";"DEL07-PR";"UOP04-DEL07-PR"
237682;2019-09-06;"sexta-feira";"13:30:00";"PB";230;116,9;"INGA";"Falta de Atenção à Condução";"Saída de leito carroçável";"Com Vítimas Fatais";"Pleno dia";"Crescente";"Céu Claro";"Dupla";"Retorno Regulamentado";"Não";6;2;2;1;1;0;3;2;-7,24037307;-35,61924219;"SPRF-PB";"DEL01-PB";"UOP03-DEL01-PB"
237683;2019-09-24;"terça-feira";"04:40:00";"RJ";116;171;"RIO DE JANEIRO";"Animais na Pista";"Atropelamento de Animal";"Com Vítimas Feridas";"Amanhecer";"Decrescente";"Céu Claro";"Dupla";"Reta";"Sim";1;0;1;0;0;0;1;1;-22,8060415;-43,34289573;"SPRF-RJ";"DEL01-RJ";"UOP02-DEL01-RJ"
237684;2019-09-24;"terça-feira";"07:35:00";"PR";277;74;"SAO JOSE DOS PINHAIS";"Falta de Atenção à Condução";"Colisão lateral";"Com Vítimas Feridas";"Pleno dia";"Crescente";"Nublado";"Dupla";"Reta";"Sim";2;0;0;1;1;0;1;2;-25,49492661;-49,16489661;"SPRF-PR";"DEL01-PR";"UOP01-DEL01-PR"
237687;2019-09-24;"terça-feira";"07:10:00";"SE";235;57;"ITABAIANA";"Falta de Atenção à Condução";"Colisão traseira";"Com Vítimas Feridas";"Pleno dia";"Crescente";"Sol";"Simples";"Reta";"Sim";2;0;0;1;1;0;1;2;-10,650009;-37,451248;"SPRF-SE";"DEL01-SE";"UOP02-DEL01-SE"
237689;2019-09-24;"terça-feira";"07:40:00";"DF";20;10,4;"BRASILIA";"Falta de Atenção à Condução";"Colisão traseira";"Com Vítimas Feridas";"Pleno dia";"Decrescente";"Céu Claro";"Dupla";"Interseção de Vias;Reta;Declive";"Sim";2;0;1;0;1;0;1;2;-15,64855922;-47,77092132;"SPRF-DF";"DEL02-DF";"UOP01-DEL02-DF"
237691;2019-09-24;"terça-feira";"08:00:00";"GO";153;438;"ANAPOLIS";"Fenômenos da Natureza";"Colisão com objeto em movimento";"Com Vítimas Feridas";"Pleno dia";"Crescente";"Céu Claro";"Dupla";"Curva";"Sim";2;0;1;0;1;0;1;1;-16,291595;-48,934811;"SPRF-GO";"DEL02-GO";"UOP01-DEL02-GO"
237692;2019-09-24;"terça-feira";"08:00:00";"PE";101;48,1;"ABREU E LIMA";"Falta de Atenção à Condução";"Colisão transversal";"Com Vítimas Feridas";"Pleno dia";"Decrescente";"Céu Claro";"Múltipla";"Reta";"Sim";2;0;1;0;1;0;1;2;-7,89174705;-34,9033493;"SPRF-PE";"DEL01-PE";"UOP02-DEL01-PE"
237693;2019-09-24;"terça-feira";"07:40:00";"ES";101;1,5;"SERRA";"Falta de Atenção à Condução";"Colisão lateral";"Com Vítimas Feridas";"Pleno dia";"Decrescente";"Céu Claro";"Dupla";"Reta";"Sim";2;0;1;0;1;0;1;2;-20,23853775;-40,27765453;"SPRF-ES";"DEL04-ES";"UOP02-DEL04-ES"
237694;2019-09-24;"terça-feira";"07:45:00";"BA";407;105,1;"JAGUARARI";"Velocidade Incompatível";"Capotamento";"Com Vítimas Feridas";"Pleno dia";"Crescente";"Céu Claro";"Simples";"Reta";"Não";1;0;1;0;0;0;1;1;-10,27224235;-40,17748348;"SPRF-BA";"DEL04-BA";"UOP01-DEL04-BA"
237696;2019-09-24;"terça-feira";"09:00:00";"DF";20;7,2;"BRASILIA";"Pista Escorregadia";"Queda de ocupante de veículo";"Com Vítimas Feridas";"Pleno dia";"Decrescente";"Céu Claro";"Dupla";"Reta;Declive";"Sim";6;0;3;0;3;0;3;5;-15,662208;-47,799866;"SPRF-DF";"DEL02-DF";"UOP01-DEL02-DF"
237699;2019-09-13;"sexta-feira";"15:50:00";"RS";116;295,2;"GUAIBA";"Velocidade Incompatível";"Colisão lateral";"Com Vítimas Feridas";"Pleno dia";"Decrescente";"Céu Claro";"Dupla";"Reta";"Não";2;0;1;0;1;0;1;2;-30,07969402;-51,34154882;"SPRF-RS";"DEL02-RS";"UOP01-DEL02-RS"
237700;2019-09-24;"terça-feira";"07:00:00";"MT";364;401;"CUIABA";"Falta de Atenção à Condução";"Colisão transversal";"Com Vítimas Feridas";"Pleno dia";"Decrescente";"Sol";"Simples";"Reta";"Não";2;0;1;0;1;0;1;2;-15,67210033;-55,94649314;"SPRF-MT";"DEL02-MT";"UOP02-DEL01-MT"
237701;2019-09-24;"terça-feira";"09:15:00";"ES";482;78,1;"ALEGRE";"Falta de Atenção à Condução";"Colisão lateral";"Com Vítimas Feridas";"Pleno dia";"Crescente";"Céu Claro";"Simples";"Curva";"Não";4;0;3;0;1;0;3;2;-20,75978337;-41,49586789;"SPRF-ES";"DEL03-ES";"UOP02-DEL03-ES"
237702;2019-09-24;"terça-feira";"09:30:00";"MG";40;467;"SETE LAGOAS";"Velocidade Incompatível";"Saída de leito carroçável";"Com Vítimas Feridas";"Pleno dia";"Crescente";"Céu Claro";"Dupla";"Reta";"Não";1;0;1;0;0;0;1;1;-19,45038924;-44,3166822;"SPRF-MG";"DEL02-MG";"UOP01-DEL02-MG"
237703;2019-09-24;"terça-feira";"09:05:00";"MG";40;531,8;"BELO HORIZONTE";"Não guardar distância de segurança";"Colisão traseira";"Com Vítimas Feridas";"Pleno dia";"Crescente";"Céu Claro";"Dupla";"Reta;Declive";"Sim";3;0;1;0;2;0;1;2;-19,91962483;-44,02522683;"SPRF-MG";"DEL01-MG";"UOP02-DEL01-MG"
237705;2019-09-24;"terça-feira";"07:50:00";"RS";472;614;"BARRA DO QUARAI";"Defeito na Via";"Capotamento";"Com Vítimas Feridas";"Pleno dia";"Crescente";"Céu Claro";"Simples";"Reta";"Não";1;0;1;0;0;0;1;1;-29,99602381;-57,21311024;"SPRF-RS";"DEL13-RS";"UOP01-DEL13-RS"
237706;2019-09-24;"terça-feira";"09:40:00";"RJ";116;168;"SAO JOAO DE MERITI";"Falta de Atenção à Condução";"Queda de ocupante de veículo";"Com Vítimas Feridas";"Pleno dia";"Decrescente";"Sol";"Múltipla";"Reta";"Sim";1;0;1;0;0;0;1;1;-22,819969;-43,31499997;"SPRF-RJ";"DEL01-RJ";"UOP02-DEL01-RJ"
237709;2019-09-08;"domingo";"21:30:00";"RS";386;279,2;"SAO JOSE DO HERVAL";"Condutor Dormindo";"Saída de leito carroçável";"Com Vítimas Feridas";"Plena Noite";"Decrescente";"Nublado";"Simples";"Curva";"Não";1;0;1;0;0;0;1;1;-29,02738549;-52,30854842;"SPRF-RS";"DEL04-RS";"UOP03-DEL04-RS"
237714;2019-09-24;"terça-feira";"11:10:00";"RS";480;71,6;"ERECHIM";"Desobediência às normas de trânsito pelo condutor";"Colisão transversal";"Com Vítimas Feridas";"Pleno dia";"Decrescente";"Céu Claro";"Simples";"Reta";"Não";2;0;1;0;1;0;1;2;-27,63462904;-52,314186;"SPRF-RS";"DEL08-RS";"UOP04-DEL08-RS"
237715;2019-09-24;"terça-feira";"09:20:00";"MG";40;25,8;"CHIADOR";"Condutor Dormindo";"Capotamento";"Com Vítimas Feridas";"Pleno dia";"Decrescente";"Nublado";"Dupla";"Curva";"Não";2;0;1;0;0;1;1;2;-22;-43;"SPRF-MG";"DEL14-MG";"UOP01-DEL14-MG"
237716;2019-09-24;"terça-feira";"10:40:00";"RJ";116;90,5;"GUAPIMIRIM";"Desobediência às normas de trânsito pelo condutor";"Colisão transversal";"Com Vítimas Feridas";"Pleno dia";"Decrescente";"Nublado";"Simples";"Aclive";"Sim";5;0;2;0;2;1;2;3;-22,46035934;-42,96568206;"SPRF-RJ";"DEL04-RJ";"UOP02-DEL04-RJ"
237718;2019-09-24;"terça-feira";"10:00:00";"PB";110;69;"SAO JOSE DE ESPINHARAS";"Falta de Atenção à Condução";"Capotamento";"Com Vítimas Feridas";"Pleno dia";"Crescente";"Céu Claro";"Simples";"Curva";"Não";1;0;1;0;0;0;1;1;-6,8721941;-37,41186648;"SPRF-PB";"DEL03-PB";"UOP01-DEL03-PB"
237720;2019-09-24;"terça-feira";"11:15:00";"RJ";116;143,5;"DUQUE DE CAXIAS";"Falta de Atenção à Condução";"Colisão lateral";"Com Vítimas Feridas";"Pleno dia";"Crescente";"Nublado";"Dupla";"Curva";"Sim";2;0;1;0;1;0;1;2;-22,65237271;-43,23918118;"SPRF-RJ";"DEL01-RJ";"UOP01-DEL01-RJ"
237721;2019-09-24;"terça-feira";"09:14:00";"RO";174;13,8;"VILHENA";"Falta de Atenção à Condução";"Colisão transversal";"Com Vítimas Feridas";"Pleno dia";"Decrescente";"Céu Claro";"Dupla";"Reta";"Sim";2;0;2;0;0;0;2;2;-12,74140004;-60,13026401;"SPRF-RO";"DEL04-RO";"UOP01-DEL04-RO"
237723;2019-09-24;"terça-feira";"08:30:00";"SC";280;273,5;"IRINEOPOLIS";"Defeito na Via";"Saída de leito carroçável";"Com Vítimas Feridas";"Pleno dia";"Crescente";"Nublado";"Simples";"Reta";"Não";2;0;1;0;1;0;1;1;-26,2799492;-50,76336593;"SPRF-SC";"DEL06-SC";"UOP04-DEL06-SC"
237724;2019-09-24;"terça-feira";"11:00:00";"MS";163;256;"DOURADOS";"Desobediência às normas de trânsito pelo condutor";"Colisão transversal";"Com Vítimas Feridas";"Pleno dia";"Crescente";"Céu Claro";"Dupla";"Rotatória";"Sim";3;0;1;0;2;0;1;2;-22,258688;-54,804028;"SPRF-MS";"DEL04-MS";"UOP01-DEL04-MS"
237725;2019-09-24;"terça-feira";"12:43:00";"PR";376;113,6;"ALTO PARANA";"Falta de Atenção à Condução";"Queda de ocupante de veículo";"Com Vítimas Feridas";"Pleno dia";"Crescente";"Sol";"Dupla";"Reta";"Não";1;0;1;0;0;0;1;1;-23,09602865;-52,37485191;"SPRF-PR";"DEL07-PR";"UOP02-DEL09-PR"
237727;2019-09-24;"terça-feira";"13:50:00";"SC";101;203;"SAO JOSE";"Falta de Atenção à Condução";"Colisão traseira";"Com Vítimas Feridas";"Pleno dia";"Decrescente";"Nublado";"Múltipla";"Rotatória";"Sim";3;0;1;0;2;0;1;2;-27,5650044;-48,61460082;"SPRF-SC";"DEL01-SC";"UOP01-DEL01-SC"
237728;2019-09-24;"terça-feira";"10:50:00";"RO";435;83,5;"COLORADO DO OESTE";"Falta de Atenção à Condução";"Colisão transversal";"Com Vítimas Feridas";"Pleno dia";"Decrescente";"Céu Claro";"Dupla";"Interseção de Vias";"Sim";2;0;1;0;1;0;1;2;-13,11692454;-60,51411889;"SPRF-RO";"DEL04-RO";"UOP02-DEL04-RO"
237729;2019-09-24;"terça-feira";"13:00:00";"AL";316;85;"SANTANA DO IPANEMA";"Desobediência às normas de trânsito pelo condutor";"Colisão transversal";"Com Vítimas Feridas";"Pleno dia";"Crescente";"Céu Claro";"Simples";"Curva;Aclive";"Sim";3;0;2;0;1;0;2;2;-9,36982836;-37,24347904;"SPRF-AL";"DEL03-AL";"UOP02-DEL03-AL"
237731;2019-09-24;"terça-feira";"13:30:00";"RJ";116;70,5;"TERESOPOLIS";"Desobediência às normas de trânsito pelo condutor";"Colisão traseira";"Com Vítimas Feridas";"Pleno dia";"Decrescente";"Nublado";"Simples";"Reta";"Não";2;0;1;0;1;0;1;2;-22,34585946;-42,93948781;"SPRF-RJ";"DEL04-RJ";"UOP01-DEL04-RJ"
237733;2019-09-24;"terça-feira";"13:20:00";"RS";290;127,5;"ELDORADO DO SUL";"Não guardar distância de segurança";"Engavetamento";"Com Vítimas Feridas";"Pleno dia";"Decrescente";"Céu Claro";"Simples";"Reta";"Não";3;0;1;0;2;0;1;3;-30,056417;-51,479671;"SPRF-RS";"DEL02-RS";"UOP01-DEL02-RS"
237734;2019-09-24;"terça-feira";"14:20:00";"PI";402;38;"PARNAIBA";"Falta de Atenção do Pedestre";"Atropelamento de Pedestre";"Com Vítimas Fatais";"Pleno dia";"Crescente";"Céu Claro";"Simples";"Aclive";"Sim";4;1;0;0;3;0;0;2;-2,95599034;-41,7222053;"SPRF-PI";"DEL05-PI";"UOP01-DEL05-PI"
237735;2019-09-24;"terça-feira";"13:40:00";"MS";163;491,7;"CAMPO GRANDE";"Falta de Atenção à Condução";"Colisão traseira";"Com Vítimas Feridas";"Pleno dia";"Crescente";"Céu Claro";"Simples";"Reta";"Sim";2;0;1;0;1;0;1;2;-20,36949987;-54,5320492;"SPRF-MS";"DEL01-MS";"UOP02-DEL01-MS"
237736;2019-09-24;"terça-feira";"14:15:00";"RJ";116;166;"RIO DE JANEIRO";"Defeito Mecânico no Veículo";"Incêndio";"Sem Vítimas";"Pleno dia";"Decrescente";"Céu Claro";"Múltipla";"Reta";"Sim";1;0;0;0;1;0;0;1;-22,80405277;-43,34706279;"SPRF-RJ";"DEL01-RJ";"UOP02-DEL01-RJ"