"id";"data_inversa";"dia_semana";"horario";"uf";"br";"km";"municipio";"causa_acidente";"tipo_acidente";"classificacao_acidente";"fase_dia";"sentido_via";"condicao_metereologica";"tipo_pista";"tracado_via";"uso_solo";"pessoas";"mortos";"feridos_leves";"feridos_graves";"ilesos";"ignorados";"feridos";"veiculos";"latitude";"longitude";"regional";"delegacia";"uop"
237852;2019-09-25;"quarta-feira";"07:20:00";"SC";101;83;"BARRA VELHA";"Velocidade Incompatível";"Colisão traseira";"Com Vítimas Feridas";"Pleno dia";"Decrescente";"Céu Claro";"Dupla";"Reta";"Não";2;0;1;0;1;0;1;2;-26,61865655;-48,71834126;"SPRF-SC";"DEL03-SC";"UOP02-DEL03-SC"
237854;2019-09-25;"quarta-feira";"07:15:00";"SC";280;52;"GUARAMIRIM";"Falta de Atenção à Condução";"Colisão traseira";"Com Vítimas Feridas";"Pleno dia";"Crescente";"Nublado";"Simples";"Reta";"Sim";4;0;1;0;3;0;1;2;-26,468904;-48,96492;"SPRF-SC";"DEL03-SC";"UOP03-DEL03-SC"
237856;2019-09-25;"quarta-feira";"07:30:00";"SC";101;211;"PALHOCA";"Falta de Atenção à Condução";"Colisão traseira";"Com Vítimas Feridas";"Pleno dia";"Crescente";"Sol";"Dupla";"Reta";"Sim";2;0;1;0;1;0;1;2;-27,62329313;-48,65245588;"SPRF-SC";"DEL01-SC";"UOP02-DEL01-SC"
237857;2019-09-25;"quarta-feira";"06:45:00";"MS";158;144;"APARECIDA DO TABOADO";"Falta de Atenção à Condução";"Colisão com objeto estático";"Com Vítimas Feridas";"Pleno dia";"Decrescente";"Céu Claro";"Dupla";"Aclive;Reta";"Não";1;0;1;0;0;0;1;1;-20,06851595;-51,12065304;"SPRF-MS";"DEL08-MS";"UOP01-DEL08-MS"
237858;2019-09-25;"quarta-feira";"06:50:00";"MG";146;599,8;"POCOS DE CALDAS";"Fenômenos da Natureza";"Capotamento";"Com Vítimas Feridas";"Pleno dia";"Decrescente";"Chuva";"Simples";"Curva";"Não";1;0;1;0;0;0;1;1;-21,76701849;-46,4200443;"SPRF-MG";"DEL16-MG";"UOP01-DEL09-MG"
237859;2019-09-25;"quarta-feira";"08:10:00";"MG";381;932,5;"EXTREMA";"Falta de Atenção à Condução";"Atropelamento de Pedestre";"Com Vítimas Feridas";"Pleno dia";"Crescente";"Chuva";"Dupla";"Curva";"Não";2;0;1;0;1;0;1;2;-22,7925423;-46,25107884;"SPRF-MG";"DEL16-MG";"UOP03-DEL16-MG"
237860;2019-09-25;"quarta-feira";"08:15:00";"GO";153;499;"GOIANIA";"Falta de Atenção à Condução";"Colisão traseira";"Com Vítimas Feridas";"Pleno dia";"Decrescente";"Céu Claro";"Dupla";"Reta";"Sim";2;0;1;0;1;0;1;2;-16,7033;-49,2311;"SPRF-GO";"DEL01-GO";"UOP01-DEL01-GO"
237861;2019-09-01;"domingo";"14:06:00";"MG";365;39,8;"CLARO DOS POCOES";"Desobediência às normas de trânsito pelo condutor";"Colisão transversal";"Com Vítimas Feridas";"Pleno dia";"Decrescente";"Sol";"Simples";"Interseção de Vias";"Não";6;0;1;1;3;1;2;3;-16,86697651;-44,16229248;"SPRF-MG";"DEL12-MG";"UOP01-DEL12-MG"
237862;2019-09-25;"quarta-feira";"07:20:00";"RJ";40;9,2;"COMENDADOR LEVY GASPARIAN";"Velocidade Incompatível";"Capotamento";"Com Vítimas Feridas";"Amanhecer";"Decrescente";"Chuva";"Dupla";"Curva";"Não";1;0;1;0;0;0;1;1;-22,04457519;-43,20761383;"SPRF-RJ";"DEL06-RJ";"UOP02-DEL05-RJ"
237864;2019-09-25;"quarta-feira";"07:00:00";"GO";153;507,3;"APARECIDA DE GOIANIA";"Falta de Atenção à Condução";"Colisão lateral";"Com Vítimas Feridas";"Amanhecer";"Decrescente";"Nublado";"Dupla";"Reta";"Sim";3;0;1;0;2;0;1;3;-16,7715;-49,2387;"SPRF-GO";"DEL01-GO";"UOP03-DEL01-GO"
237865;2019-09-25;"quarta-feira";"07:30:00";"SP";381;54;"ATIBAIA";"Velocidade Incompatível";"Colisão traseira";"Com Vítimas Feridas";"Pleno dia";"Decrescente";"Chuva";"Dupla";"Reta";"Não";4;0;1;0;3;0;1;4;-23,2476552;-46,59439087;"SPRF-SP";"DEL03-SP";"UOP01-DEL03-SP"
237867;2019-09-25;"quarta-feira";"07:20:00";"SP";381;71;"MAIRIPORA";"Falta de Atenção à Condução";"Colisão com objeto estático";"Com Vítimas Feridas";"Pleno dia";"Decrescente";"Nublado";"Dupla";"Curva";"Sim";2;0;1;0;1;0;1;1;-23,35047979;-46,55267274;"SPRF-SP";"DEL03-SP";"UOP01-DEL03-SP"
237869;2019-09-25;"quarta-feira";"08:00:00";"SC";101;41;"JOINVILLE";"Desobediência às normas de trânsito pelo condutor";"Colisão transversal";"Com Vítimas Feridas";"Pleno dia";"Crescente";"Nublado";"Dupla";"Interseção de Vias";"Sim";2;0;1;0;1;0;1;2;-26,28215489;-48,88973081;"SPRF-SC";"DEL03-SC";"UOP01-DEL03-SC"
237870;2019-09-25;"quarta-feira";"07:20:00";"SC";101;28,9;"JOINVILLE";"Não guardar distância de segurança";"Colisão traseira";"Com Vítimas Feridas";"Pleno dia";"Crescente";"Nublado";"Dupla";"Reta";"Sim";2;0;2;0;0;0;2;2;-26,21793623;-48,91617;"SPRF-SC";"DEL03-SC";"UOP01-DEL03-SC"
237872;2019-09-25;"quarta-feira";"08:00:00";"PR";277;110;"CAMPO LARGO";"Falta de Atenção à Condução";"Colisão traseira";"Com Vítimas Feridas";"Pleno dia";"Decrescente";"Nublado";"Dupla";"Reta";"Sim";3;0;1;0;2;0;1;3;-25,44327991;-49,45565879;"SPRF-PR";"DEL01-PR";"UOP06-DEL01-PR"
237873;2019-09-17;"terça-feira";"22:40:00";"MS";163;263;"DOURADOS";"Falta de Atenção à Condução";"Colisão com objeto estático";"Com Vítimas Feridas";"Plena Noite";"Crescente";"Céu Claro";"Dupla";"Rotatória";"Não";2;0;1;0;1;0;1;1;-22,2316424;-54,7478208;"SPRF-MS";"DEL04-MS";"UOP01-DEL04-MS"
237874;2019-09-25;"quarta-feira";"07:40:00";"PI";343;595;"FLORIANO";"Desobediência às normas de trânsito pelo condutor";"Colisão traseira";"Com Vítimas Feridas";"Pleno dia";"Crescente";"Céu Claro";"Simples";"Reta";"Sim";2;0;1;0;1;0;1;2;-6,797033;-43,046871;"SPRF-PI";"DEL03-PI";"UOP01-DEL03-PI"
237875;2019-09-25;"quarta-feira";"08:40:00";"PR";467;94,5;"CASCAVEL";"Velocidade Incompatível";"Colisão com objeto estático";"Com Vítimas Feridas";"Pleno dia";"Decrescente";"Céu Claro";"Dupla";"Curva";"Não";1;0;0;1;0;0;1;1;-24,8651;-53,5787;"SPRF-PR";"DEL04-PR";"UOP01-DEL04-PR"
237876;2019-09-25;"quarta-feira";"06:50:00";"RJ";393;230;"VASSOURAS";"Falta de Atenção à Condução";"Colisão transversal";"Com Vítimas Fatais";"Pleno dia";"Decrescente";"Chuva";"Simples";"Retorno Regulamentado";"Não";4;1;3;0;0;0;3;2;-22,35978921;-43,60229587;"SPRF-RJ";"DEL05-RJ";"UOP03-DEL05-RJ"
237878;2019-09-25;"quarta-feira";"07:30:00";"PR";376;173,3;"MARINGA";"Falta de Atenção à Condução";"Colisão lateral";"Com Vítimas Feridas";"Pleno dia";"Decrescente";"Garoa/Chuvisco";"Dupla";"Aclive";"Sim";2;0;1;0;1;0;1;2;-23,4172197;-51,9589231;"SPRF-PR";"DEL07-PR";"UOP01-DEL09-PR"
237879;2019-09-25;"quarta-feira";"09:45:00";"SP";153;62,5;"SAO JOSE DO RIO PRETO";"Falta de Atenção à Condução";"Engavetamento";"Com Vítimas Feridas";"Pleno dia";"Crescente";"Garoa/Chuvisco";"Dupla";"Aclive";"Sim";6;0;0;2;4;0;2;4;-20,81325404;-49,35675563;"SPRF-SP";"DEL09-SP";"UOP01-DEL09-SP"
237880;2019-09-25;"quarta-feira";"08:15:00";"MG";381;921,4;"CAMANDUCAIA";"Velocidade Incompatível";"Capotamento";"Com Vítimas Feridas";"Pleno dia";"Crescente";"Chuva";"Dupla";"Declive;Curva";"Não";3;0;3;0;0;0;3;1;-22,76289828;-46,17053839;"SPRF-MG";"DEL16-MG";"UOP03-DEL16-MG"
237884;2019-09-25;"quarta-feira";"08:00:00";"SC";101;39;"JOINVILLE";"Falta de Atenção à Condução";"Colisão traseira";"Sem Vítimas";"Pleno dia";"Decrescente";"Sol";"Dupla";"Reta";"Sim";2;0;0;0;2;0;0;2;-26,2628107;-48,90192257;"SPRF-SC";"DEL03-SC";"UOP01-DEL03-SC"
237885;2019-09-25;"quarta-feira";"09:46:00";"PA";163;1004;"SANTAREM";"Falta de Atenção à Condução";"Colisão transversal";"Com Vítimas Feridas";"Pleno dia";"Crescente";"Céu Claro";"Simples";"Reta";"Sim";3;0;2;0;1;0;2;2;-2,43824523;-54,73276577;"SPRF-PA";"DEL05-PA";"UOP01-DEL05-PA"
237890;2019-09-25;"quarta-feira";"09:00:00";"RJ";40;77;"PETROPOLIS";"Pista Escorregadia";"Capotamento";"Com Vítimas Feridas";"Pleno dia";"Crescente";"Chuva";"Simples";"Curva";"Não";1;0;1;0;0;0;1;1;-22,48005592;-43,23543994;"SPRF-RJ";"DEL06-RJ";"UOP01-DEL06-RJ"
237891;2019-09-25;"quarta-feira";"09:40:00";"MG";381;929,8;"ITAPEVA";"Falta de Atenção à Condução";"Colisão traseira";"Com Vítimas Feridas";"Pleno dia";"Crescente";"Chuva";"Dupla";"Declive;Curva";"Não";5;0;1;0;4;0;1;2;-22,77601604;-46,23876306;"SPRF-MG";"DEL16-MG";"UOP03-DEL16-MG"
237892;2019-09-25;"quarta-feira";"10:15:00";"MG";381;866;"POUSO ALEGRE";"Avarias e/ou desgaste excessivo no pneu";"Colisão com objeto estático";"Com Vítimas Feridas";"Pleno dia";"Crescente";"Chuva";"Dupla";"Reta";"Não";2;0;2;0;0;0;2;1;-22,36450476;-45,93105577;"SPRF-MG";"DEL16-MG";"UOP01-DEL16-MG"
237894;2019-09-25;"quarta-feira";"10:00:00";"MG";381;601,2;"CARMOPOLIS DE MINAS";"Pista Escorregadia";"Saída de leito carroçável";"Com Vítimas Feridas";"Pleno dia";"Decrescente";"Chuva";"Dupla";"Declive;Curva";"Não";1;0;1;0;0;0;1;1;-20,63243704;-44,73521221;"SPRF-MG";"DEL04-MG";"UOP01-DEL04-MG"
237895;2019-09-25;"quarta-feira";"10:10:00";"SC";101;335,5;"TUBARAO";"Falta de Atenção à Condução";"Colisão traseira";"Com Vítimas Feridas";"Pleno dia";"Crescente";"Céu Claro";"Múltipla";"Declive;Viaduto";"Sim";4;0;1;1;2;0;2;3;-28,46927473;-49,01557908;"SPRF-SC";"DEL02-SC";"UOP01-DEL02-SC"
237897;2019-09-25;"quarta-feira";"09:50:00";"RJ";101;423;"MANGARATIBA";"Pista Escorregadia";"Colisão transversal";"Com Vítimas Feridas";"Pleno dia";"Decrescente";"Garoa/Chuvisco";"Simples";"Curva";"Não";2;0;2;0;0;0;2;2;-22,91801286;-43,94820686;"SPRF-RJ";"DEL03-RJ";"UOP01-DEL03-RJ"
237898;2019-09-25;"quarta-feira";"10:10:00";"MG";381;636;"SANTO ANTONIO DO AMPARO";"Velocidade Incompatível";"Capotamento";"Com Vítimas Feridas";"Pleno dia";"Crescente";"Chuva";"Dupla";"Declive;Curva";"Não";2;0;1;0;1;0;1;1;-20,89141186;-44,8525565;"SPRF-MG";"DEL04-MG";"UOP01-DEL04-MG"
237907;2019-09-25;"quarta-feira";"10:55:00";"RS";290;58,1;"GLORINHA";"Falta de Atenção à Condução";"Saída de leito carroçável";"Com Vítimas Feridas";"Pleno dia";"Crescente";"Céu Claro";"Múltipla";"Reta";"Não";1;0;1;0;0;0;1;1;-29,920788;-50,838261;"SPRF-RS";"DEL03-RS";"UOP01-DEL03-RS"
237908;2019-09-25;"quarta-feira";"10:40:00";"MG";381;876,7;"POUSO ALEGRE";"Velocidade Incompatível";"Saída de leito carroçável";"Com Vítimas Feridas";"Pleno dia";"Decrescente";"Chuva";"Dupla";"Curva";"Não";1;0;1;0;0;0;1;1;-22,43938809;-45,98480171;"SPRF-MG";"DEL16-MG";"UOP01-DEL16-MG"
237910;2019-08-21;"quarta-feira";"17:40:00";"PE";407;120;"PETROLINA";"Desobediência às normas de trânsito pelo condutor";"Colisão transversal";"Com Vítimas Feridas";"Plena Noite";"Decrescente";"Céu Claro";"Simples";"Reta";"Sim";2;0;0;1;1;0;1;2;-9,33807091;-40,55965785;"SPRF-PE";"DEL06-PE";"UOP01-DEL06-PE"
237911;2019-09-25;"quarta-feira";"09:40:00";"PR";376;1,5;"SAO JOSE DOS PINHAIS";"Falta de Atenção à Condução";"Colisão lateral";"Com Vítimas Feridas";"Pleno dia";"Crescente";"Céu Claro";"Dupla";"Reta";"Não";2;0;1;0;1;0;1;2;-25,5307;-49,1958;"SPRF-PR";"DEL01-PR";"UOP01-DEL01-PR"
237912;2019-09-25;"quarta-feira";"11:40:00";"PR";376;176,2;"MARINGA";"Falta de Atenção do Pedestre";"Atropelamento de Pedestre";"Com Vítimas Feridas";"Pleno dia";"Crescente";"Chuva";"Múltipla";"Aclive;Interseção de Vias;Reta";"Sim";2;0;1;0;1;0;1;2;-23,41269173;-51,93158327;"SPRF-PR";"DEL07-PR";"UOP01-DEL09-PR"
237913;2019-09-25;"quarta-feira";"11:50:00";"RJ";465;4;"SEROPEDICA";"Desobediência às normas de trânsito pelo condutor";"Colisão frontal";"Com Vítimas Feridas";"Pleno dia";"Crescente";"Nublado";"Simples";"Reta";"Sim";3;0;1;0;2;0;1;3;-22,740971;-43,705597;"SPRF-RJ";"DEL01-RJ";"UOP03-DEL01-RJ"
237914;2019-09-17;"terça-feira";"14:45:00";"MG";381;450,1;"SABARA";"Falta de Atenção à Condução";"Saída de leito carroçável";"Com Vítimas Feridas";"Pleno dia";"Crescente";"Céu Claro";"Simples";"Curva";"Não";1;0;0;1;0;0;1;1;-19,84130639;-43,87176902;"SPRF-MG";"DEL01-MG";"UOP01-DEL01-MG"
237915;2019-09-25;"quarta-feira";"11:20:00";"MS";262;327;"CAMPO GRANDE";"Desobediência às normas de trânsito pelo condutor";"Colisão traseira";"Com Vítimas Feridas";"Pleno dia";"Crescente";"Chuva";"Dupla";"Reta";"Sim";2;0;0;1;1;0;1;2;-20,46657314;-54,54372903;"SPRF-MS";"DEL01-MS";"UOP01-DEL01-MS"
237917;2019-09-25;"quarta-feira";"12:00:00";"MG";381;497,1;"BETIM";"Velocidade Incompatível";"Saída de leito carroçável";"Com Vítimas Feridas";"Pleno dia";"Decrescente";"Chuva";"Dupla";"Curva";"Sim";2;0;2;0;0;0;2;1;-20,00483625;-44,21367172;"SPRF-MG";"DEL01-MG";"UOP03-DEL01-MG"
237920;2019-09-25;"quarta-feira";"13:00:00";"RJ";101;297;"ITABORAI";"Defeito na Via";"Tombamento";"Com Vítimas Fatais";"Pleno dia";"Crescente";"Céu Claro";"Simples";"Declive;Reta";"Sim";2;1;0;0;1;0;0;2;-22,76942037;-42,91873581;"SPRF-RJ";"DEL02-RJ";"UOP03-DEL02-RJ"
237921;2019-09-25;"quarta-feira";"12:50:00";"BA";101;879;"TEIXEIRA DE FREITAS";"Falta de Atenção à Condução";"Colisão transversal";"Com Vítimas Feridas";"Pleno dia";"Crescente";"Nublado";"Simples";"Interseção de Vias";"Sim";3;0;2;0;1;0;2;2;-17,55467208;-39,72365289;"SPRF-BA";"DEL09-BA";"UOP02-DEL09-BA"
237922;2019-09-25;"quarta-feira";"13:30:00";"SC";280;54,2;"GUARAMIRIM";"Falta de Atenção à Condução";"Colisão transversal";"Com Vítimas Feridas";"Pleno dia";"Decrescente";"Nublado";"Simples";"Reta";"Sim";2;0;1;0;1;0;1;2;-26,47539893;-48,983748;"SPRF-SC";"DEL03-SC";"UOP03-DEL03-SC"
237923;2019-09-25;"quarta-feira";"12:30:00";"MA";135;1,1;"SAO LUIS";"Falta de Atenção à Condução";"Colisão traseira";"Com Vítimas Feridas";"Pleno dia";"Decrescente";"Céu Claro";"Dupla";"Reta";"Não";2;0;1;0;1;0;1;2;-2,58917895;-44,24423719;"SPRF-MA";"DEL01-MA";"UOP01-DEL01-MA"
237924;2019-09-25;"quarta-feira";"12:25:00";"MG";381;627,8;"OLIVEIRA";"Velocidade Incompatível";"Saída de leito carroçável";"Com Vítimas Feridas";"Pleno dia";"Decrescente";"Chuva";"Dupla";"Declive;Curva";"Não";2;0;1;0;1;0;1;2;-20,81788142;-44,79795456;"SPRF-MG";"DEL04-MG";"UOP01-DEL04-MG"
237927;2019-09-17;"terça-feira";"20:00:00";"RS";293;201;"BAGE";"Animais na Pista";"Atropelamento de Animal";"Com Vítimas Feridas";"Plena Noite";"Crescente";"Céu Claro";"Simples";"Reta";"Não";5;0;2;0;3;0;2;1;-31,23237175;-54,25584978;"SPRF-RS";"DEL11-RS";"UOP03-DEL11-RS"
237928;2019-09-25;"quarta-feira";"13:30:00";"RO";174;13,5;"VILHENA";"Falta de Atenção à Condução";"Colisão transversal";"Com Vítimas Feridas";"Pleno dia";"Decrescente";"Nublado";"Dupla";"Interseção de Vias";"Sim";2;0;1;0;1;0;1;2;-12,74140004;-60,13026401;"SPRF-RO";"DEL04-RO";"UOP01-DEL04-RO"
237936;2019-09-16;"segunda-feira";"00:30:00";"SC";470;166,8;"POUSO REDONDO";"Velocidade Incompatível";"Atropelamento de Pedestre";"Com Vítimas Fatais";"Plena Noite";"Crescente";"Garoa/Chuvisco";"Simples";"Declive";"Não";5;2;1;0;0;2;1;3;-27,275208;-49,855125;"SPRF-SC";"DEL04-SC";"UOP02-DEL04-SC"
237938;2019-09-25;"quarta-feira";"08:33:00";"MG";262;612;"IBIA";"Pista Escorregadia";"Saída de leito carroçável";"Com Vítimas Feridas";"Pleno dia";"Decrescente";"Chuva";"Simples";"Curva";"Não";1;0;1;0;0;0;1;1;-19,59587062;-46,30033692;"SPRF-MG";"DEL08-MG";"UOP02-DEL08-MG"
237945;2019-09-25;"quarta-feira";"15:40:00";"ES";262;115,2;"CONCEICAO DO CASTELO";"Falta de Atenção à Condução";"Colisão transversal";"Com Vítimas Feridas";"Pleno dia";"Crescente";"Chuva";"Simples";"Interseção de Vias";"Não";2;0;0;1;1;0;1;2;-20,32053818;-41,21864322;"SPRF-ES";"DEL01-ES";"UOP02-DEL01-ES"
237947;2019-09-25;"quarta-feira";"16:10:00";"MG";381;738;"TRES CORACOES";"Velocidade Incompatível";"Saída de leito carroçável";"Com Vítimas Feridas";"Pleno dia";"Crescente";"Chuva";"Dupla";"Reta";"Não";1;0;1;0;0;0;1;1;-21,60614098;-45,24086431;"SPRF-MG";"DEL16-MG";"UOP02-DEL16-MG"
237948;2019-09-25;"quarta-feira";"16:25:00";"RS";290;181;"MINAS DO LEAO";"Não guardar distância de segurança";"Colisão traseira";"Sem Vítimas";"Pleno dia";"Crescente";"Céu Claro";"Simples";"Declive;Reta";"Não";4;0;0;0;4;0;0;2;-30,140005;-52,023026;"SPRF-RS";"DEL02-RS";"UOP02-DEL02-RS"
237951;2019-09-25;"quarta-feira";"16:20:00";"RS";386;440;"CANOAS";"Defeito Mecânico no Veículo";"Tombamento";"Com Vítimas Feridas";"Pleno dia";"Crescente";"Céu Claro";"Dupla";"Curva";"Sim";1;0;1;0;0;0;1;1;-29,878265;-51,241951;"SPRF-RS";"DEL04-RS";"UOP02-DEL04-RS"
237952;2019-07-24;"quarta-feira";"10:15:00";"CE";116;403,5;"UMARI";"Defeito na Via";"Capotamento";"Com Vítimas Feridas";"Pleno dia";"Decrescente";"Céu Claro";"Simples";"Declive";"Não";5;0;2;3;0;0;5;1;-6,63910273;-38,82606269;"SPRF-CE";"DEL05-CE";"UOP01-DEL05-CE"
237953;2019-09-25;"quarta-feira";"15:25:00";"SC";280;23,5;"ARAQUARI";"Falta de Atenção à Condução";"Colisão transversal";"Com Vítimas Feridas";"Pleno dia";"Decrescente";"Céu Claro";"Simples";"Reta";"Sim";2;0;0;1;1;0;1;2;-26,37146;-48,711887;"SPRF-SC";"DEL03-SC";"UOP03-DEL03-SC"
237954;2019-09-25;"quarta-feira";"15:40:00";"BA";324;592;"CANDEIAS";"Não guardar distância de segurança";"Colisão traseira";"Sem Vítimas";"Pleno dia";"Decrescente";"Chuva";"Dupla";"Curva";"Sim";2;0;0;0;2;0;0;2;-12,69021804;-38,46568118;"SPRF-BA";"DEL01-BA";"UOP01-DEL01-BA"
237955;2019-09-25;"quarta-feira";"16:30:00";"RS";287;249;"SANTA MARIA";"Falta de Atenção à Condução";"Colisão transversal";"Com Vítimas Feridas";"Pleno dia";"Crescente";"Céu Claro";"Simples";"Reta;Em Obras;Desvio Temporário";"Sim";2;0;1;0;1;0;1;2;-29,69543433;-53,85686874;"SPRF-RS";"DEL09-RS";"UOP01-DEL09-RS"
237956;2019-09-25;"quarta-feira";"16:20:00";"MG";381;879,9;"ESTIVA";"Velocidade Incompatível";"Colisão com objeto estático";"Com Vítimas Feridas";"Pleno dia";"Decrescente";"Chuva";"Dupla";"Declive;Curva";"Não";1;0;1;0;0;0;1;1;-22,45624959;-46,00790977;"SPRF-MG";"DEL16-MG";"UOP01-DEL16-MG"
237957;2019-09-25;"quarta-feira";"16:50:00";"MG";381;569;"ITAGUARA";"Velocidade Incompatível";"Saída de leito carroçável";"Com Vítimas Feridas";"Pleno dia";"Crescente";"Chuva";"Dupla";"Curva";"Não";1;0;1;0;0;0;1;1;-20,43178144;-44,55193736;"SPRF-MG";"DEL04-MG";"UOP03-DEL04-MG"
237962;2019-09-25;"quarta-feira";"13:08:00";"MG";381;704;"LAVRAS";"Pista Escorregadia";"Capotamento";"Com Vítimas Feridas";"Pleno dia";"Crescente";"Chuva";"Dupla";"Curva";"Não";1;0;1;0;0;0;1;1;-21,34177704;-45,17643719;"SPRF-MG";"DEL04-MG";"UOP02-DEL04-MG"
237963;2019-09-25;"quarta-feira";"15:45:00";"MG";262;381;"JUATUBA";"Pista Escorregadia";"Saída de leito carroçável";"Com Vítimas Feridas";"Pleno dia";"Decrescente";"Chuva";"Dupla";"Curva";"Não";2;0;1;0;1;0;1;1;-19,940622;-44,386969;"SPRF-MG";"DEL01-MG";"UOP03-DEL01-MG"
237966;2019-09-25;"quarta-feira";"17:15:00";"SC";470;98,4;"APIUNA";"Condutor Dormindo";"Colisão transversal";"Com Vítimas Feridas";"Plena Noite";"Crescente";"Céu Claro";"Simples";"Reta";"Sim";3;0;1;0;2;0;1;2;-27,032537;-49,385468;"SPRF-SC";"DEL04-SC";"UOP01-DEL04-SC"
237967;2019-09-25;"quarta-feira";"16:20:00";"RJ";116;173,4;"MESQUITA";"Falta de Atenção à Condução";"Saída de leito carroçável";"Sem Vítimas";"Pleno dia";"Decrescente";"Céu Claro";"Múltipla";"Reta";"Sim";1;0;0;0;0;1;0;1;-22,79810324;-43,35726614;"SPRF-RJ";"DEL01-RJ";"UOP02-DEL01-RJ"
237969;2019-09-25;"quarta-feira";"15:30:00";"GO";364;100,5;"CACHOEIRA ALTA";"Falta de Atenção à Condução";"Colisão transversal";"Com Vítimas Feridas";"Pleno dia";"Decrescente";"Céu Claro";"Simples";"Declive";"Não";4;0;2;0;2;0;2;2;-18,414755;-51,096279;"SPRF-GO";"DEL05-GO";"UOP02-DEL05-GO"
237970;2019-09-25;"quarta-feira";"17:20:00";"MS";163;280,6;"DOURADOS";"Desobediência às normas de trânsito pelo condutor";"Tombamento";"Com Vítimas Feridas";"Pleno dia";"Decrescente";"Garoa/Chuvisco";"Dupla";"Retorno Regulamentado";"Sim";2;0;0;1;1;0;1;2;-22,1335999;-54,61404562;"SPRF-MS";"DEL04-MS";"UOP01-DEL04-MS"
237972;2019-09-25;"quarta-feira";"16:30:00";"RO";364;701;"PORTO VELHO";"Defeito na Via";"Queda de ocupante de veículo";"Com Vítimas Feridas";"Pleno dia";"Decrescente";"Chuva";"Dupla";"Reta";"Sim";1;0;1;0;0;0;1;1;-8,80049198;-63,777876;"SPRF-RO";"DEL01-RO";"UOP01-DEL01-RO"
237974;2019-09-25;"quarta-feira";"14:55:00";"GO";364;149;"JATAI";"Pista Escorregadia";"Colisão frontal";"Com Vítimas Feridas";"Pleno dia";"Crescente";"Chuva";"Simples";"Reta";"Não";3;0;2;0;1;0;2;2;-18,165903;-51,420219;"SPRF-GO";"DEL05-GO";"UOP01-DEL05-GO"
237975;2019-09-25;"quarta-feira";"17:30:00";"PR";476;345;"PAULA FREITAS";"Não guardar distância de segurança";"Colisão frontal";"Com Vítimas Feridas";"Anoitecer";"Decrescente";"Céu Claro";"Simples";"Curva";"Não";4;0;4;0;0;0;4;2;-26,18008872;-50,93193054;"SPRF-PR";"DEL02-PR";"UOP03-DEL02-PR"
237976;2019-09-25;"quarta-feira";"18:15:00";"SP";116;155,2;"SAO JOSE DOS CAMPOS";"Não guardar distância de segurança";"Colisão traseira";"Sem Vítimas";"Plena Noite";"Crescente";"Nublado";"Dupla";"Declive;Reta";"Não";1;0;0;0;1;0;0;1;-23,24525975;-45,92795849;"SPRF-SP";"DEL02-SP";"UOP01-DEL02-SP"
237977;2019-09-25;"quarta-feira";"16:20:00";"MG";262;606,8;"CAMPOS ALTOS";"Pista Escorregadia";"Saída de leito carroçável";"Com Vítimas Feridas";"Pleno dia";"Decrescente";"Chuva";"Simples";"Reta";"Não";1;0;1;0;0;0;1;1;-19,63074085;-46,26259386;"SPRF-MG";"DEL08-MG";"UOP02-DEL08-MG"
237978;2019-09-25;"quarta-feira";"18:10:00";"RS";386;35;"FREDERICO WESTPHALEN";"Desobediência às normas de trânsito pelo condutor";"Colisão transversal";"Com Vítimas Feridas";"Anoitecer";"Decrescente";"Céu Claro";"Simples";"Interseção de Vias";"Sim";2;0;1;0;1;0;1;2;-27,365112;-53,394897;"SPRF-RS";"DEL08-RS";"UOP02-DEL08-RS"
237979;2019-09-25;"quarta-feira";"18:40:00";"SP";116;161;"JACAREI";"Falta de Atenção à Condução";"Queda de ocupante de veículo";"Com Vítimas Feridas";"Plena Noite";"Decrescente";"Garoa/Chuvisco";"Dupla";"Reta";"Sim";5;0;2;0;1;2;2;3;-23,27617003;-45,97592098;"SPRF-SP";"DEL02-SP";"UOP01-DEL02-SP"
237980;2019-09-25;"quarta-feira";"18:00:00";"MG";381;528;"BRUMADINHO";"Pista Escorregadia";"Saída de leito carroçável";"Sem Vítimas";"Plena Noite";"Crescente";"Chuva";"Dupla";"Curva";"Não";4;0;0;0;4;0;0;1;-20,16368096;-44,36025002;"SPRF-MG";"DEL04-MG";"UOP03-DEL04-MG"
237981;2019-09-25;"quarta-feira";"19:00:00";"PE";407;124;"PETROLINA";"Falta de Atenção à Condução";"Colisão transversal";"Com Vítimas Feridas";"Plena Noite";"Decrescente";"Céu Claro";"Dupla";"Reta";"Sim";2;0;0;1;1;0;1;2;-9,36929881;-40,54137139;"SPRF-PE";"DEL06-PE";"UOP01-DEL06-PE"
237983;2019-09-25;"quarta-feira";"18:20:00";"MG";40;42,3;"PARACATU";"Desobediência às normas de trânsito pelo condutor";"Colisão transversal";"Com Vítimas Feridas";"Anoitecer";"Crescente";"Nublado";"Simples";"Interseção de Vias";"Sim";2;0;1;0;1;0;1;2;-17,2188441;-46,8666753;"SPRF-MG";"DEL14-MG";"UOP01-DEL14-MG"
237984;2019-09-25;"quarta-feira";"17:40:00";"RS";287;282;"SAO PEDRO DO SUL";"Falta de Atenção à Condução";"Colisão lateral";"Sem Vítimas";"Pleno dia";"Decrescente";"Céu Claro";"Simples";"Reta";"Sim";2;0;0;0;2;0;0;2;-29,63696336;-54,18345451;"SPRF-RS";"DEL09-RS";"UOP01-DEL09-RS"