"id";"data_inversa";"dia_semana";"horario";"uf";"br";"km";"municipio";"causa_acidente";"tipo_acidente";"classificacao_acidente";"fase_dia";"sentido_via";"condicao_metereologica";"tipo_pista";"tracado_via";"uso_solo";"pessoas";"mortos";"feridos_leves";"feridos_graves";"ilesos";"ignorados";"feridos";"veiculos";"latitude";"longitude";"regional";"delegacia";"uop"
238213;2019-09-26;"quinta-feira";"12:15:00";"MG";40;651,1;"CRISTIANO OTONI";"Velocidade Incompatível";"Saída de leito carroçável";"Com Vítimas Feridas";"Pleno dia";"Crescente";"Chuva";"Simples";"Curva;Aclive";"Sim";5;0;4;0;1;0;4;1;-20,83352974;-43,80472872;"SPRF-MG";"DEL05-MG";"UOP02-DEL05-MG"
238214;2019-09-26;"quinta-feira";"12:30:00";"DF";20;54,2;"BRASILIA";"Falta de Atenção à Condução";"Saída de leito carroçável";"Sem Vítimas";"Pleno dia";"Decrescente";"Céu Claro";"Simples";"Curva";"Não";1;0;0;0;1;0;0;1;-15,58567128;-47,35931396;"SPRF-DF";"DEL02-DF";"UOP01-DEL02-DF"
238215;2019-09-26;"quinta-feira";"11:00:00";"SC";282;6;"SAO JOSE";"Pista Escorregadia";"Tombamento";"Com Vítimas Feridas";"Pleno dia";"Decrescente";"Céu Claro";"Dupla";"Curva";"Sim";1;0;0;1;0;0;1;1;-27,591936;-48,618244;"SPRF-SC";"DEL01-SC";"UOP01-DEL01-SC"
238216;2019-09-22;"domingo";"18:30:00";"SE";235;38;"AREIA BRANCA";"Ingestão de Álcool";"Saída de leito carroçável";"Com Vítimas Feridas";"Plena Noite";"Crescente";"Céu Claro";"Simples";"Curva";"Não";1;0;1;0;0;0;1;1;-10,770479;-37,346272;"SPRF-SE";"DEL01-SE";"UOP02-DEL01-SE"
238217;2019-02-16;"sábado";"21:30:00";"PR";277;725,7;"FOZ DO IGUACU";"Pista Escorregadia";"Tombamento";"Com Vítimas Feridas";"Plena Noite";"Decrescente";"Nublado";"Simples";"Desvio Temporário";"Sim";2;0;2;0;0;0;2;1;-25,51085706;-54,55250859;"SPRF-PR";"DEL05-PR";"UOP03-DEL05-PR"
238218;2019-09-26;"quinta-feira";"11:00:00";"RJ";40;19;"TRES RIOS";"Falta de Atenção à Condução";"Colisão com objeto estático";"Com Vítimas Feridas";"Pleno dia";"Crescente";"Chuva";"Dupla";"Curva";"Não";2;0;1;0;1;0;1;1;-22,10132017;-43,17101226;"SPRF-RJ";"DEL06-RJ";"UOP02-DEL05-RJ"
238219;2019-09-07;"sábado";"22:10:00";"SC";282;456,6;"PONTE SERRADA";"Falta de Atenção à Condução";"Colisão transversal";"Com Vítimas Fatais";"Plena Noite";"Decrescente";"Nublado";"Simples";"Aclive";"Sim";4;1;0;0;1;2;0;3;-26,885752;-52,004669;"SPRF-SC";"DEL07-SC";"UOP04-DEL07-SC"
238220;2019-09-26;"quinta-feira";"11:50:00";"SP";116;300;"SAO LOURENCO DA SERRA";"Falta de Atenção do Pedestre";"Atropelamento de Pedestre";"Com Vítimas Feridas";"Pleno dia";"Decrescente";"Nublado";"Dupla";"Curva";"Não";2;0;0;1;1;0;1;2;-23,79737168;-46,91454303;"SPRF-SP";"DEL04-SP";"UOP01-DEL04-SP"
238221;2019-09-26;"quinta-feira";"11:30:00";"SP";116;299;"SAO LOURENCO DA SERRA";"Velocidade Incompatível";"Saída de leito carroçável";"Com Vítimas Feridas";"Pleno dia";"Decrescente";"Nublado";"Dupla";"Curva";"Não";1;0;1;0;0;0;1;1;-23,79881101;-46,91523899;"SPRF-SP";"DEL04-SP";"UOP01-DEL04-SP"
238222;2019-09-26;"quinta-feira";"12:30:00";"PE";104;85,6;"AGRESTINA";"Falta de Atenção à Condução";"Colisão frontal";"Com Vítimas Feridas";"Pleno dia";"Crescente";"Céu Claro";"Simples";"Interseção de Vias";"Sim";2;0;1;0;1;0;1;2;-8,44344646;-35,95285627;"SPRF-PE";"DEL02-PE";"UOP01-DEL02-PE"
238228;2019-09-26;"quinta-feira";"13:00:00";"RJ";116;190;"NOVA IGUACU";"Falta de Atenção à Condução";"Colisão traseira";"Com Vítimas Feridas";"Pleno dia";"Decrescente";"Chuva";"Dupla";"Reta";"Sim";2;0;1;0;1;0;1;2;-22,73470691;-43,55701447;"SPRF-RJ";"DEL01-RJ";"UOP02-DEL01-RJ"
238229;2019-09-26;"quinta-feira";"12:50:00";"PI";343;590,5;"FLORIANO";"Desobediência às normas de trânsito pelo condutor";"Colisão lateral";"Com Vítimas Feridas";"Pleno dia";"Decrescente";"Sol";"Dupla";"Reta";"Sim";2;0;0;1;0;1;1;2;-6,783895;-43,015095;"SPRF-PI";"DEL03-PI";"UOP01-DEL03-PI"
238230;2019-09-26;"quinta-feira";"08:40:00";"SC";280;97,6;"SAO BENTO DO SUL";"Pista Escorregadia";"Colisão transversal";"Sem Vítimas";"Pleno dia";"Decrescente";"Garoa/Chuvisco";"Simples";"Declive;Curva";"Não";2;0;0;0;2;0;0;2;-26,37833107;-49,31732124;"SPRF-SC";"DEL06-SC";"UOP03-DEL06-SC"
238233;2019-09-26;"quinta-feira";"14:00:00";"RJ";393;201;"PARAIBA DO SUL";"Pista Escorregadia";"Colisão com objeto estático";"Sem Vítimas";"Pleno dia";"Crescente";"Chuva";"Simples";"Ponte";"Não";2;0;0;0;2;0;0;1;-22,21504929;-43,40702789;"SPRF-RJ";"DEL05-RJ";"UOP03-DEL05-RJ"
238235;2019-05-23;"quinta-feira";"02:40:00";"SC";470;45,7;"GASPAR";"Velocidade Incompatível";"Capotamento";"Sem Vítimas";"Plena Noite";"Crescente";"Nublado";"Simples";"Curva";"Não";1;0;0;0;1;0;0;1;-26,867064;-49,031109;"SPRF-SC";"DEL04-SC";"UOP01-DEL04-SC"
238238;2019-09-26;"quinta-feira";"14:00:00";"MG";381;337;"NOVA ERA";"Velocidade Incompatível";"Saída de leito carroçável";"Com Vítimas Feridas";"Pleno dia";"Crescente";"Chuva";"Simples";"Curva";"Não";1;0;0;1;0;0;1;1;-19,82388218;-43,08235792;"SPRF-MG";"DEL03-MG";"UOP01-DEL03-MG"
238240;2019-09-26;"quinta-feira";"14:15:00";"DF";40;5;"BRASILIA";"Falta de Atenção à Condução";"Engavetamento";"Com Vítimas Feridas";"Pleno dia";"Decrescente";"Chuva";"Dupla";"Reta";"Não";4;0;1;0;3;0;1;3;-16,020903;-47,980541;"SPRF-DF";"DEL01-DF";"UOP01-DEL01-DF"
238242;2019-09-26;"quinta-feira";"13:20:00";"RS";101;45;"TERRA DE AREIA";"Desobediência às normas de trânsito pelo condutor";"Colisão traseira";"Sem Vítimas";"Pleno dia";"Crescente";"Sol";"Simples";"Interseção de Vias";"Sim";2;0;0;0;1;1;0;2;-29,569855;-50,056385;"SPRF-RS";"DEL03-RS";"UOP02-DEL03-RS"
238244;2019-09-26;"quinta-feira";"14:55:00";"SC";282;5;"SAO JOSE";"Falta de Atenção à Condução";"Colisão lateral";"Sem Vítimas";"Pleno dia";"Decrescente";"Céu Claro";"Múltipla";"Reta";"Sim";2;0;0;0;2;0;0;2;-27,588425;-48,612919;"SPRF-SC";"DEL01-SC";"UOP01-DEL01-SC"
238246;2019-09-26;"quinta-feira";"13:15:00";"PI";135;384;"BOM JESUS";"Não guardar distância de segurança";"Colisão frontal";"Com Vítimas Feridas";"Pleno dia";"Crescente";"Sol";"Simples";"Reta";"Não";2;0;0;1;1;0;1;2;-9,3040046;-44,51121936;"SPRF-PI";"DEL03-PI";"UOP02-DEL03-PI"
238247;2019-09-26;"quinta-feira";"15:10:00";"SP";116;145,8;"SAO JOSE DOS CAMPOS";"Desobediência às normas de trânsito pelo condutor";"Tombamento";"Com Vítimas Feridas";"Pleno dia";"Crescente";"Nublado";"Múltipla";"Declive";"Não";2;0;1;0;1;0;1;1;-23,1869844;-45,8548078;"SPRF-SP";"DEL02-SP";"UOP01-DEL02-SP"
238248;2019-09-26;"quinta-feira";"14:50:00";"SP";116;146;"SAO JOSE DOS CAMPOS";"Falta de Atenção à Condução";"Tombamento";"Com Vítimas Feridas";"Pleno dia";"Crescente";"Nublado";"Simples";"Curva";"Sim";1;0;0;1;0;0;1;1;-23,19122919;-45,86327591;"SPRF-SP";"DEL02-SP";"UOP01-DEL02-SP"
238250;2019-09-26;"quinta-feira";"15:30:00";"PB";230;18;"JOAO PESSOA";"Falta de Atenção à Condução";"Colisão traseira";"Com Vítimas Feridas";"Pleno dia";"Decrescente";"Céu Claro";"Dupla";"Reta";"Não";2;0;1;0;1;0;1;2;-7,1198;-34,8453;"SPRF-PB";"DEL01-PB";"UOP01-DEL01-PB"
238251;2019-09-26;"quinta-feira";"14:40:00";"RN";304;48,2;"MOSSORO";"Não guardar distância de segurança";"Queda de ocupante de veículo";"Com Vítimas Feridas";"Pleno dia";"Crescente";"Nublado";"Dupla";"Curva";"Sim";1;0;0;1;0;0;1;1;-5,23034516;-37,32127547;"SPRF-RN";"DEL04-RN";"UOP01-DEL04-RN"
238254;2019-09-26;"quinta-feira";"13:10:00";"PR";153;68,2;"CONSELHEIRO MAIRINCK";"Falta de Atenção à Condução";"Colisão transversal";"Com Vítimas Feridas";"Pleno dia";"Decrescente";"Céu Claro";"Simples";"Interseção de Vias";"Não";4;0;2;0;2;0;2;2;-23,50738555;-50,11155541;"SPRF-PR";"DEL07-PR";"UOP04-DEL07-PR"
238256;2019-09-26;"quinta-feira";"15:35:00";"PB";101;89;"JOAO PESSOA";"Falta de Atenção à Condução";"Colisão traseira";"Com Vítimas Feridas";"Pleno dia";"Crescente";"Céu Claro";"Múltipla";"Reta";"Sim";2;0;1;0;1;0;1;2;-7,1710694;-34,89765372;"SPRF-PB";"DEL01-PB";"UOP01-DEL01-PB"
238257;2019-09-26;"quinta-feira";"15:20:00";"PR";277;678;"MEDIANEIRA";"Agressão Externa";"Capotamento";"Sem Vítimas";"Pleno dia";"Decrescente";"Céu Claro";"Dupla";"Reta";"Não";2;0;0;0;2;0;0;2;-25,31261205;-54,14871997;"SPRF-PR";"DEL05-PR";"UOP01-DEL05-PR"
238258;2019-09-26;"quinta-feira";"15:50:00";"MG";381;635,3;"SANTO ANTONIO DO AMPARO";"Pista Escorregadia";"Saída de leito carroçável";"Com Vítimas Feridas";"Pleno dia";"Decrescente";"Chuva";"Dupla";"Curva";"Não";2;0;2;0;0;0;2;1;-20,86144396;-44,84023715;"SPRF-MG";"DEL04-MG";"UOP01-DEL04-MG"
238260;2019-09-22;"domingo";"19:20:00";"PI";343;3,4;"TERESINA";"Não guardar distância de segurança";"Colisão traseira";"Com Vítimas Feridas";"Anoitecer";"Decrescente";"Céu Claro";"Dupla";"Reta";"Sim";2;0;1;0;1;0;1;1;-5,089569;-42,802288;"SPRF-PI";"DEL01-PI";"UOP01-DEL01-PI"
238262;2019-09-26;"quinta-feira";"16:35:00";"DF";20;16;"BRASILIA";"Pista Escorregadia";"Capotamento";"Com Vítimas Feridas";"Pleno dia";"Decrescente";"Chuva";"Dupla";"Declive";"Não";2;0;1;0;1;0;1;1;-15,625675;-47,725159;"SPRF-DF";"DEL02-DF";"UOP01-DEL02-DF"
238264;2019-09-26;"quinta-feira";"16:10:00";"MG";381;345;"BELA VISTA DE MINAS";"Velocidade Incompatível";"Colisão com objeto estático";"Com Vítimas Feridas";"Pleno dia";"Decrescente";"Garoa/Chuvisco";"Simples";"Curva;Declive";"Não";2;0;1;0;1;0;1;1;-19,86363214;-43,12254285;"SPRF-MG";"DEL03-MG";"UOP01-DEL03-MG"
238268;2019-09-26;"quinta-feira";"16:30:00";"DF";20;16;"BRASILIA";"Pista Escorregadia";"Capotamento";"Com Vítimas Feridas";"Pleno dia";"Decrescente";"Chuva";"Dupla";"Declive";"Sim";3;0;1;0;2;0;1;2;-15,625675;-47,725159;"SPRF-DF";"DEL02-DF";"UOP01-DEL02-DF"
238269;2019-09-26;"quinta-feira";"16:00:00";"CE";20;429,5;"FORTALEZA";"Falta de Atenção à Condução";"Colisão traseira";"Com Vítimas Feridas";"Pleno dia";"Decrescente";"Céu Claro";"Dupla";"Reta";"Sim";2;0;1;0;1;0;1;2;-3,76999035;-38,67006282;"SPRF-CE";"DEL01-CE";"UOP02-DEL01-CE"
238270;2019-09-26;"quinta-feira";"16:00:00";"PR";476;133;"CURITIBA";"Falta de Atenção do Pedestre";"Atropelamento de Pedestre";"Com Vítimas Feridas";"Pleno dia";"Decrescente";"Céu Claro";"Dupla";"Reta";"Sim";2;0;1;0;1;0;1;2;-25,469219;-49,254143;"SPRF-PR";"DEL01-PR";"UOP03-DEL01-PR"
238271;2019-09-26;"quinta-feira";"15:15:00";"RO";319;64;"PORTO VELHO";"Falta de Atenção à Condução";"Colisão traseira";"Com Vítimas Feridas";"Pleno dia";"Decrescente";"Céu Claro";"Dupla";"Reta";"Sim";2;0;1;0;1;0;1;2;-8,766685;-63,884052;"SPRF-RO";"DEL01-RO";"UOP01-DEL01-RO"
238272;2019-09-26;"quinta-feira";"16:30:00";"DF";20;14;"BRASILIA";"Pista Escorregadia";"Capotamento";"Sem Vítimas";"Pleno dia";"Decrescente";"Chuva";"Dupla";"Declive";"Sim";1;0;0;0;1;0;0;1;-15,634938;-47,741241;"SPRF-DF";"DEL02-DF";"UOP01-DEL02-DF"
238274;2019-09-26;"quinta-feira";"17:20:00";"SC";101;204,5;"SAO JOSE";"Falta de Atenção à Condução";"Colisão traseira";"Com Vítimas Feridas";"Pleno dia";"Decrescente";"Céu Claro";"Múltipla";"Reta";"Sim";2;0;1;0;1;0;1;2;-27,57407305;-48,61347198;"SPRF-SC";"DEL01-SC";"UOP01-DEL01-SC"
238275;2019-06-14;"sexta-feira";"20:30:00";"MG";40;344,5;"FELIXLANDIA";"Falta de Atenção à Condução";"Colisão traseira";"Com Vítimas Feridas";"Plena Noite";"Crescente";"Céu Claro";"Simples";"Reta";"Não";2;0;0;1;1;0;1;2;-18,69131584;-44,98242091;"SPRF-MG";"DEL02-MG";"UOP01-DEL02-MG"
238276;2019-09-26;"quinta-feira";"17:20:00";"ES";101;392;"RIO NOVO DO SUL";"Pista Escorregadia";"Colisão frontal";"Com Vítimas Feridas";"Plena Noite";"Decrescente";"Chuva";"Simples";"Curva";"Não";2;0;0;1;1;0;1;2;-20,86733567;-40,90426608;"SPRF-ES";"DEL03-ES";"UOP02-DEL03-ES"
238277;2019-09-26;"quinta-feira";"15:30:00";"MT";364;289;"JACIARA";"Pista Escorregadia";"Saída de leito carroçável";"Com Vítimas Fatais";"Pleno dia";"Decrescente";"Chuva";"Dupla";"Aclive;Curva";"Não";4;1;1;0;2;0;1;1;-15,90651219;-55,08716768;"SPRF-MT";"DEL02-MT";"UOP02-DEL05-MT"
238278;2019-09-26;"quinta-feira";"16:00:00";"MG";146;429,2;"GUAXUPE";"Pista Escorregadia";"Saída de leito carroçável";"Com Vítimas Feridas";"Pleno dia";"Crescente";"Chuva";"Simples";"Curva";"Não";1;0;1;0;0;0;1;1;-21,29920077;-46,67293668;"SPRF-MG";"N/A";"N/A"
238279;2019-09-26;"quinta-feira";"16:30:00";"AL";101;156,1;"CAMPO ALEGRE";"Falta de Atenção à Condução";"Capotamento";"Com Vítimas Feridas";"Pleno dia";"Decrescente";"Céu Claro";"Simples";"Reta";"Não";4;0;1;0;0;3;1;2;-9,89678676;-36,20287412;"SPRF-AL";"DEL02-AL";"UOP02-DEL02-AL"
238283;2019-09-26;"quinta-feira";"16:15:00";"PR";163;180,8;"LINDOESTE";"Velocidade Incompatível";"Saída de leito carroçável";"Com Vítimas Feridas";"Pleno dia";"Crescente";"Céu Claro";"Dupla";"Curva";"Não";2;0;1;0;1;0;1;2;-25,17546608;-53,60318542;"SPRF-PR";"DEL04-PR";"UOP05-DEL05-PR"
238284;2019-09-26;"quinta-feira";"16:15:00";"RS";471;160,5;"RIO PARDO";"Desobediência às normas de trânsito pelo condutor";"Colisão traseira";"Com Vítimas Feridas";"Pleno dia";"Crescente";"Céu Claro";"Simples";"Interseção de Vias";"Não";2;0;0;1;1;0;1;2;-29,905725;-52,391739;"SPRF-RS";"DEL02-RS";"UOP02-DEL02-RS"
238285;2019-09-26;"quinta-feira";"17:50:00";"SC";101;206,9;"SAO JOSE";"Falta de Atenção à Condução";"Colisão lateral";"Com Vítimas Feridas";"Plena Noite";"Crescente";"Céu Claro";"Dupla";"Reta";"Sim";2;0;1;0;1;0;1;2;-27,59193546;-48,61824557;"SPRF-SC";"DEL01-SC";"UOP01-DEL01-SC"
238286;2019-09-26;"quinta-feira";"16:00:00";"MT";364;283;"JACIARA";"Pista Escorregadia";"Saída de leito carroçável";"Com Vítimas Feridas";"Pleno dia";"Decrescente";"Chuva";"Dupla";"Curva";"Não";2;0;1;1;0;0;2;1;-15,91422521;-55,03282318;"SPRF-MT";"DEL02-MT";"UOP02-DEL05-MT"
238287;2019-09-26;"quinta-feira";"17:50:00";"MG";40;467;"SETE LAGOAS";"Falta de Atenção à Condução";"Saída de leito carroçável";"Com Vítimas Feridas";"Anoitecer";"Crescente";"Chuva";"Dupla";"Reta";"Não";1;0;1;0;0;0;1;1;-19,45038924;-44,3166822;"SPRF-MG";"DEL02-MG";"UOP01-DEL02-MG"
238289;2019-09-26;"quinta-feira";"16:00:00";"RJ";40;39;"AREAL";"Velocidade Incompatível";"Colisão com objeto estático";"Com Vítimas Feridas";"Pleno dia";"Decrescente";"Chuva";"Dupla";"Curva";"Não";1;0;1;0;0;0;1;1;-22,23332;-43,114136;"SPRF-RJ";"DEL06-RJ";"UOP02-DEL05-RJ"
238290;2019-09-26;"quinta-feira";"16:00:00";"RJ";40;1,2;"COMENDADOR LEVY GASPARIAN";"Velocidade Incompatível";"Saída de leito carroçável";"Com Vítimas Feridas";"Anoitecer";"Decrescente";"Chuva";"Dupla";"Curva";"Não";1;0;1;0;0;0;1;1;-22,0123511;-43,25765002;"SPRF-RJ";"DEL06-RJ";"UOP02-DEL05-RJ"
238293;2019-09-26;"quinta-feira";"18:10:00";"PE";232;408,9;"SERRA TALHADA";"Falta de Atenção à Condução";"Atropelamento de Pedestre";"Com Vítimas Feridas";"Plena Noite";"Decrescente";"Vento";"Simples";"Reta";"Sim";2;0;1;0;1;0;1;2;-7,98371447;-38,28047709;"SPRF-PE";"DEL04-PE";"UOP01-DEL04-PE"
238294;2019-09-26;"quinta-feira";"18:20:00";"MG";267;162,5;"LIMA DUARTE";"Desobediência às normas de trânsito pelo condutor";"Colisão transversal";"Com Vítimas Feridas";"Anoitecer";"Crescente";"Garoa/Chuvisco";"Simples";"Curva";"Sim";2;0;1;0;1;0;1;2;-21,84902541;-43,80365406;"SPRF-MG";"DEL05-MG";"UOP01-DEL05-MG"
238295;2019-09-26;"quinta-feira";"17:00:00";"MT";163;1094;"GUARANTA DO NORTE";"Falta de Atenção à Condução";"Colisão lateral";"Com Vítimas Feridas";"Anoitecer";"Crescente";"Céu Claro";"Simples";"Reta";"Não";6;0;2;0;4;0;2;2;-9,716236;-54,877444;"SPRF-MT";"DEL06-MT";"UOP02-DEL06-MT"
238296;2019-09-26;"quinta-feira";"18:30:00";"MG";50;70;"UBERLANDIA";"Não guardar distância de segurança";"Colisão traseira";"Sem Vítimas";"Anoitecer";"Decrescente";"Chuva";"Dupla";"Aclive";"Sim";2;0;0;0;2;0;0;2;-18,85140204;-48,25345932;"SPRF-MG";"DEL15-MG";"UOP01-DEL15-MG"
238297;2019-09-26;"quinta-feira";"18:16:00";"DF";20;20;"BRASILIA";"Não guardar distância de segurança";"Queda de ocupante de veículo";"Com Vítimas Feridas";"Anoitecer";"Crescente";"Chuva";"Simples";"Reta";"Não";2;0;1;0;1;0;1;2;-15,607905;-47,692791;"SPRF-DF";"DEL02-DF";"UOP01-DEL02-DF"
238298;2019-09-26;"quinta-feira";"18:30:00";"SC";282;19;"PALHOCA";"Falta de Atenção à Condução";"Colisão lateral";"Com Vítimas Feridas";"Anoitecer";"Crescente";"Céu Claro";"Simples";"Reta";"Não";2;0;1;0;1;0;1;2;-27,678635;-48,70192;"SPRF-SC";"DEL01-SC";"UOP02-DEL01-SC"
238299;2019-09-26;"quinta-feira";"18:45:00";"GO";153;499,5;"GOIANIA";"Falta de Atenção à Condução";"Colisão traseira";"Com Vítimas Feridas";"Plena Noite";"Crescente";"Céu Claro";"Dupla";"Reta";"Sim";2;0;1;0;1;0;1;2;-16,700899;-49,23118;"SPRF-GO";"DEL01-GO";"UOP01-DEL01-GO"
238300;2019-09-26;"quinta-feira";"18:50:00";"SC";101;207,5;"SAO JOSE";"Falta de Atenção à Condução";"Colisão lateral";"Com Vítimas Feridas";"Plena Noite";"Crescente";"Céu Claro";"Múltipla";"Reta";"Sim";2;0;1;0;1;0;1;2;-27,60001226;-48,6226467;"SPRF-SC";"DEL01-SC";"UOP01-DEL01-SC"
238301;2019-09-26;"quinta-feira";"18:30:00";"CE";20;427,9;"FORTALEZA";"Defeito na Via";"Tombamento";"Com Vítimas Feridas";"Plena Noite";"Decrescente";"Nublado";"Dupla";"Reta";"Sim";1;0;1;0;0;0;1;1;-3,86731123;-38,51175969;"SPRF-CE";"DEL01-CE";"UOP02-DEL01-CE"
238302;2019-09-26;"quinta-feira";"18:30:00";"RJ";116;173,1;"BELFORD ROXO";"Desobediência às normas de trânsito pelo condutor";"Colisão lateral";"Com Vítimas Feridas";"Plena Noite";"Crescente";"Chuva";"Dupla";"Reta";"Não";6;0;1;0;5;0;1;3;-22,79810324;-43,35726614;"SPRF-RJ";"DEL01-RJ";"UOP02-DEL01-RJ"
238303;2019-09-26;"quinta-feira";"18:55:00";"PI";316;304,7;"PICOS";"Falta de Atenção do Pedestre";"Atropelamento de Pedestre";"Com Vítimas Fatais";"Plena Noite";"Crescente";"Céu Claro";"Simples";"Reta";"Sim";2;1;0;0;1;0;0;2;-7,06324178;-41,51712984;"SPRF-PI";"DEL04-PI";"UOP01-DEL04-PI"
238304;2019-09-26;"quinta-feira";"18:25:00";"SP";116;85,9;"PINDAMONHANGABA";"Falta de Atenção do Pedestre";"Atropelamento de Pedestre";"Com Vítimas Feridas";"Anoitecer";"Crescente";"Nublado";"Múltipla";"Reta";"Não";3;0;0;1;1;1;1;2;-22,92211829;-45,34450085;"SPRF-SP";"DEL06-SP";"UOP01-DEL06-SP"
238305;2019-07-16;"terça-feira";"07:10:00";"RN";304;34,8;"MOSSORO";"Defeito na Via";"Queda de ocupante de veículo";"Com Vítimas Feridas";"Pleno dia";"Crescente";"Céu Claro";"Dupla";"Reta";"Sim";1;0;1;0;0;0;1;1;-5,16451694;-37,3517257;"SPRF-RN";"DEL04-RN";"UOP02-DEL04-RN"
238306;2019-09-26;"quinta-feira";"19:00:00";"RS";158;333,2;"SANTA MARIA";"Falta de Atenção à Condução";"Colisão transversal";"Com Vítimas Feridas";"Plena Noite";"Crescente";"Céu Claro";"Dupla";"Curva";"Não";2;0;0;1;1;0;1;2;-29,70680772;-53,85201562;"SPRF-RS";"DEL09-RS";"UOP01-DEL09-RS"
238307;2019-09-26;"quinta-feira";"19:10:00";"ES";101;274,1;"SERRA";"Condutor Dormindo";"Saída de leito carroçável";"Com Vítimas Feridas";"Plena Noite";"Decrescente";"Chuva";"Múltipla";"Reta";"Não";1;0;0;1;0;0;1;1;-20,21288515;-40,29612219;"SPRF-ES";"DEL02-ES";"UOP01-DEL02-ES"
238308;2019-09-26;"quinta-feira";"18:40:00";"PR";277;1,7;"FOZ DO IGUACU";"Falta de Atenção à Condução";"Colisão transversal";"Com Vítimas Feridas";"Plena Noite";"Crescente";"Céu Claro";"Dupla";"Rotatória";"Não";2;0;1;0;1;0;1;2;-25,49145436;-54,58299637;"SPRF-PR";"DEL05-PR";"UOP03-DEL05-PR"
238310;2019-09-26;"quinta-feira";"15:30:00";"MG";267;85;"JUIZ DE FORA";"Pista Escorregadia";"Colisão com objeto estático";"Com Vítimas Feridas";"Pleno dia";"Crescente";"Chuva";"Simples";"Curva";"Não";2;0;2;0;0;0;2;1;-21,76198367;-43,25075184;"SPRF-MG";"DEL05-MG";"UOP01-DEL05-MG"
238312;2019-09-26;"quinta-feira";"18:50:00";"MT";364;491;"JANGADA";"Falta de Atenção à Condução";"Colisão transversal";"Com Vítimas Feridas";"Anoitecer";"Crescente";"Céu Claro";"Simples";"Reta;Retorno Regulamentado";"Não";3;0;1;0;2;0;1;2;-15,31822775;-56,43162957;"SPRF-MT";"DEL01-MT";"DEL2/4-UOP02/MT"
238313;2019-09-26;"quinta-feira";"18:00:00";"MG";40;638,5;"CONSELHEIRO LAFAIETE";"Pista Escorregadia";"Saída de leito carroçável";"Com Vítimas Feridas";"Anoitecer";"Decrescente";"Chuva";"Simples";"Reta;Declive";"Não";4;0;4;0;0;0;4;1;-20,72342022;-43,80026653;"SPRF-MG";"DEL05-MG";"UOP02-DEL05-MG"
238314;2019-09-26;"quinta-feira";"18:00:00";"MG";381;480,5;"CONTAGEM";"Fenômenos da Natureza";"Tombamento";"Com Vítimas Feridas";"Plena Noite";"Crescente";"Chuva";"Dupla";"Reta";"Sim";1;0;1;0;0;0;1;1;-19,95749597;-44,07899901;"SPRF-MG";"DEL01-MG";"UOP03-DEL01-MG"
238315;2019-09-26;"quinta-feira";"16:40:00";"MG";262;379;"JUATUBA";"Velocidade Incompatível";"Saída de leito carroçável";"Com Vítimas Feridas";"Pleno dia";"Crescente";"Chuva";"Dupla";"Reta";"Não";2;0;2;0;0;0;2;1;-19,95652262;-44,3648278;"SPRF-MG";"DEL01-MG";"UOP03-DEL01-MG"
238316;2019-09-26;"quinta-feira";"19:50:00";"RJ";40;105;"DUQUE DE CAXIAS";"Desobediência às normas de trânsito pelo condutor";"Colisão transversal";"Com Vítimas Feridas";"Plena Noite";"Decrescente";"Chuva";"Simples";"Interseção de Vias";"Sim";2;0;1;0;0;1;1;2;-22,63784806;-43,28428824;"SPRF-RJ";"DEL01-RJ";"UOP01-DEL01-RJ"
238317;2019-09-26;"quinta-feira";"19:50:00";"SC";101;43;"JOINVILLE";"Desobediência às normas de trânsito pelo condutor";"Colisão transversal";"Com Vítimas Feridas";"Plena Noite";"Crescente";"Nublado";"Simples";"Reta";"Não";2;0;2;0;0;0;2;1;-26,30357106;-48,88225609;"SPRF-SC";"DEL03-SC";"UOP01-DEL03-SC"
238318;2019-09-26;"quinta-feira";"18:50:00";"MG";40;444,5;"PARAOPEBA";"Falta de Atenção à Condução";"Saída de leito carroçável";"Com Vítimas Feridas";"Plena Noite";"Crescente";"Chuva";"Dupla";"Curva";"Não";1;0;1;0;0;0;1;1;-19,28815;-44,392;"SPRF-MG";"DEL02-MG";"UOP01-DEL02-MG"
238319;2019-09-26;"quinta-feira";"19:00:00";"MA";135;22;"SAO LUIS";"Falta de Atenção à Condução";"Colisão transversal";"Com Vítimas Feridas";"Plena Noite";"Decrescente";"Céu Claro";"Dupla";"Reta";"Sim";3;0;2;0;1;0;2;2;-2,55651955;-44,31172371;"SPRF-MA";"DEL01-MA";"UOP01-DEL01-MA"
238321;2019-09-26;"quinta-feira";"20:30:00";"SC";101;205;"SAO JOSE";"Falta de Atenção à Condução";"Tombamento";"Com Vítimas Feridas";"Plena Noite";"Crescente";"Céu Claro";"Múltipla";"Reta";"Sim";1;0;1;0;0;0;1;1;-27,58313237;-48,61532885;"SPRF-SC";"DEL01-SC";"UOP01-DEL01-SC"
238324;2019-09-26;"quinta-feira";"20:45:00";"SC";101;132,7;"BALNEARIO CAMBORIU";"Falta de Atenção do Pedestre";"Atropelamento de Pedestre";"Com Vítimas Fatais";"Plena Noite";"Decrescente";"Céu Claro";"Dupla";"Reta";"Sim";2;1;0;0;1;0;0;2;-26,99654133;-48,65564711;"SPRF-SC";"DEL04-SC";"UOP03-DEL04-SC"