"id";"data_inversa";"dia_semana";"horario";"uf";"br";"km";"municipio";"causa_acidente";"tipo_acidente";"classificacao_acidente";"fase_dia";"sentido_via";"condicao_metereologica";"tipo_pista";"tracado_via";"uso_solo";"pessoas";"mortos";"feridos_leves";"feridos_graves";"ilesos";"ignorados";"feridos";"veiculos";"latitude";"longitude";"regional";"delegacia";"uop"
238990;2019-09-29;"domingo";"14:30:00";"BA";116;721,9;"MANOEL VITORINO";"Ingestão de álcool e/ou substâncias psicoativas pelo pedestre";"Colisão com objeto estático";"Com Vítimas Feridas";"Pleno dia";"Crescente";"Nublado";"Simples";"Reta";"Não";1;0;0;1;0;0;1;1;-14,20471303;-40,27150419;"SPRF-BA";"DEL08-BA";"UOP02-DEL08-BA"
238991;2019-09-29;"domingo";"17:45:00";"PE";232;76;"GRAVATA";"Defeito Mecânico no Veículo";"Colisão com objeto em movimento";"Sem Vítimas";"Plena Noite";"Decrescente";"Céu Claro";"Dupla";"Reta";"Não";3;0;0;0;3;0;0;2;-8,1955352;-35,53456485;"SPRF-PE";"DEL01-PE";"UOP02-DEL02PE"
238993;2019-09-29;"domingo";"19:05:00";"PR";369;198,8;"APUCARANA";"Desobediência às normas de trânsito pelo pedestre";"Atropelamento de Pedestre";"Com Vítimas Feridas";"Plena Noite";"Crescente";"Céu Claro";"Dupla";"Reta";"Sim";3;0;0;1;1;1;1;2;-23,52251959;-51,44091725;"SPRF-PR";"DEL07-PR";"UOP03-DEL07-PR"
238994;2019-09-29;"domingo";"19:00:00";"MA";135;22,5;"SAO LUIS";"Falta de Atenção à Condução";"Colisão traseira";"Com Vítimas Feridas";"Plena Noite";"Decrescente";"Ignorado";"Dupla";"Reta";"Não";3;0;1;0;2;0;1;2;-2,74596712;-44,34234384;"SPRF-MA";"DEL01-MA";"UOP01-DEL01-MA"
238995;2019-09-29;"domingo";"17:55:00";"PB";104;86;"REMIGIO";"Desobediência às normas de trânsito pelo condutor";"Colisão lateral";"Com Vítimas Feridas";"Plena Noite";"Crescente";"Céu Claro";"Simples";"Curva";"Sim";2;0;1;0;1;0;1;2;-6,95944503;-35,80474009;"SPRF-PB";"DEL02-PB";"UOP04-DEL02-PB"
238996;2019-09-29;"domingo";"19:20:00";"RS";392;3;"RIO GRANDE";"Defeito Mecânico no Veículo";"Saída de leito carroçável";"Com Vítimas Feridas";"Plena Noite";"Crescente";"Céu Claro";"Simples";"Reta";"Não";1;0;1;0;0;0;1;1;-32,06221202;-52,08949696;"SPRF-RS";"DEL07-RS";"UOP02-DEL07-RS"
238997;2019-09-29;"domingo";"18:20:00";"PR";376;623;"SAO JOSE DOS PINHAIS";"Não guardar distância de segurança";"Colisão traseira";"Sem Vítimas";"Plena Noite";"Crescente";"Nublado";"Dupla";"Reta";"Não";2;0;0;0;2;0;0;2;-25,66020407;-49,15505022;"SPRF-PR";"DEL01-PR";"UOP01-DEL01-PR"
238999;2019-09-29;"domingo";"19:30:00";"SC";101;200;"SAO JOSE";"Não guardar distância de segurança";"Colisão traseira";"Com Vítimas Feridas";"Plena Noite";"Decrescente";"Céu Claro";"Múltipla";"Reta";"Sim";3;0;2;0;0;1;2;2;-27,54018513;-48,62287714;"SPRF-SC";"DEL01-SC";"UOP01-DEL01-SC"
239003;2019-09-29;"domingo";"19:40:00";"PR";369;53;"BANDEIRANTES";"Falta de Atenção à Condução";"Colisão frontal";"Com Vítimas Feridas";"Plena Noite";"Crescente";"Céu Claro";"Simples";"Reta";"Não";5;0;5;0;0;0;5;2;-23,10855924;-50,3390336;"SPRF-PR";"DEL07-PR";"UOP05-DEL07-PR"
239004;2019-09-29;"domingo";"19:50:00";"SP";153;56;"SAO JOSE DO RIO PRETO";"Desobediência às normas de trânsito pelo condutor";"Tombamento";"Com Vítimas Feridas";"Plena Noite";"Crescente";"Céu Claro";"Simples";"Desvio Temporário;Em Obras";"Sim";1;0;1;0;0;0;1;1;-20,7615601;-49,34622278;"SPRF-SP";"DEL09-SP";"UOP01-DEL09-SP"
239005;2019-09-29;"domingo";"19:00:00";"PR";277;2,5;"PARANAGUA";"Desobediência às normas de trânsito pelo condutor";"Colisão transversal";"Com Vítimas Feridas";"Plena Noite";"Decrescente";"Céu Claro";"Simples";"Reta";"Sim";4;0;2;0;2;0;2;2;-25,53531658;-48,55613708;"SPRF-PR";"DEL01-PR";"UOP05-DEL01-PR"
239008;2019-09-29;"domingo";"19:40:00";"GO";60;40;"ALEXANIA";"Ingestão de Álcool";"Colisão traseira";"Com Vítimas Feridas";"Plena Noite";"Decrescente";"Céu Claro";"Dupla";"Reta";"Não";16;0;4;0;12;0;4;4;-16,1143;-48,5569;"SPRF-DF";"DEL01-DF";"UOP01-DEL03-DF"
239009;2019-09-29;"domingo";"20:00:00";"PE";424;71,7;"CAETES";"Velocidade Incompatível";"Colisão traseira";"Com Vítimas Fatais";"Plena Noite";"Crescente";"Céu Claro";"Simples";"Aclive";"Não";2;1;0;0;0;1;0;2;-8,78427532;-36,61322121;"SPRF-PE";"DEL03-PE";"UOP01-DEL03-PE"
239010;2019-09-29;"domingo";"19:30:00";"GO";70;28;"COCALZINHO DE GOIAS";"Ingestão de Álcool";"Colisão traseira";"Com Vítimas Feridas";"Plena Noite";"Decrescente";"Céu Claro";"Simples";"Reta";"Não";6;0;1;0;5;0;1;2;-15,75773042;-48,43646123;"SPRF-DF";"DEL01-DF";"UOP02-DEL03-DF"
239011;2019-09-29;"domingo";"20:00:00";"CE";116;483;"MILAGRES";"Falta de Atenção à Condução";"Colisão traseira";"Com Vítimas Feridas";"Plena Noite";"Crescente";"Céu Claro";"Simples";"Reta";"Não";3;0;1;1;0;1;2;2;-7,30815187;-38,92830004;"SPRF-CE";"DEL05-CE";"UOP03-DEL05-CE"
239012;2019-09-29;"domingo";"19:30:00";"MG";146;600;"POCOS DE CALDAS";"Ingestão de Álcool";"Saída de leito carroçável";"Sem Vítimas";"Plena Noite";"Crescente";"Céu Claro";"Simples";"Curva";"Não";1;0;0;0;1;0;0;1;-21,77361762;-46,424441;"SPRF-MG";"DEL16-MG";"UOP01-DEL09-MG"
239013;2019-09-29;"domingo";"19:35:00";"GO";40;6,7;"VALPARAISO DE GOIAS";"Falta de Atenção à Condução";"Colisão traseira";"Com Vítimas Feridas";"Plena Noite";"Crescente";"Céu Claro";"Dupla";"Reta";"Sim";2;0;1;0;1;0;1;2;-16,100814;-47,977351;"SPRF-DF";"DEL01-DF";"UOP01-DEL01-DF"
239015;2019-09-29;"domingo";"20:15:00";"PR";277;254,7;"IRATI";"Falta de Atenção à Condução";"Colisão transversal";"Com Vítimas Feridas";"Plena Noite";"Crescente";"Céu Claro";"Simples";"Reta";"Não";5;0;3;0;2;0;3;2;-25,44185051;-50,68868994;"SPRF-PR";"DEL03-PR";"UOP02-DEL08-PR"
239016;2019-09-29;"domingo";"20:10:00";"GO";70;12;"AGUAS LINDAS DE GOIAS";"Falta de Atenção à Condução";"Saída de leito carroçável";"Com Vítimas Feridas";"Plena Noite";"Decrescente";"Nublado";"Dupla";"Reta";"Sim";1;0;1;0;0;0;1;1;-15,74037077;-48,3103523;"SPRF-DF";"DEL01-DF";"UOP02-DEL03-DF"
239017;2019-09-29;"domingo";"19:30:00";"MS";163;614,7;"SAO GABRIEL DO OESTE";"Falta de Atenção à Condução";"Colisão transversal";"Com Vítimas Feridas";"Plena Noite";"Crescente";"Céu Claro";"Simples";"Rotatória;Reta";"Sim";4;0;0;1;3;0;1;2;-19,39638537;-54,56710696;"SPRF-MS";"DEL06-MS";"UOP02-DEL06-MS"
239018;2019-09-29;"domingo";"20:16:00";"PR";277;598,2;"CASCAVEL";"Ingestão de Álcool";"Saída de leito carroçável";"Com Vítimas Feridas";"Plena Noite";"Crescente";"Céu Claro";"Dupla";"Reta";"Não";1;0;1;0;0;0;1;1;-24,99599861;-53,51520034;"SPRF-PR";"DEL04-PR";"UOP01-DEL04-PR"
239020;2019-09-29;"domingo";"20:35:00";"GO";40;6,6;"VALPARAISO DE GOIAS";"Falta de Atenção à Condução";"Colisão traseira";"Com Vítimas Feridas";"Plena Noite";"Crescente";"Céu Claro";"Dupla";"Declive";"Sim";2;0;1;0;1;0;1;2;-16,100814;-47,977351;"SPRF-DF";"DEL01-DF";"UOP01-DEL01-DF"
239021;2019-09-29;"domingo";"17:50:00";"SC";282;5;"SAO JOSE";"Falta de Atenção à Condução";"Saída de leito carroçável";"Sem Vítimas";"Anoitecer";"Decrescente";"Céu Claro";"Dupla";"Curva";"Sim";1;0;0;0;0;1;0;1;-27,588425;-48,612919;"SPRF-SC";"DEL01-SC";"UOP01-DEL01-SC"
239023;2019-09-29;"domingo";"20:20:00";"MA";135;21;"SAO LUIS";"Desobediência às normas de trânsito pelo condutor";"Atropelamento de Pedestre";"Com Vítimas Fatais";"Plena Noite";"Crescente";"Céu Claro";"Múltipla";"Reta";"Sim";3;1;0;1;1;0;1;3;-2,56401384;-44,31779315;"SPRF-MA";"DEL01-MA";"UOP01-DEL01-MA"
239024;2019-09-29;"domingo";"19:15:00";"MG";40;648,2;"CRISTIANO OTONI";"Falta de Atenção à Condução";"Colisão transversal";"Com Vítimas Feridas";"Plena Noite";"Crescente";"Nevoeiro/Neblina";"Simples";"Reta";"Não";4;0;2;0;2;0;2;3;-20,80885498;-43,80831265;"SPRF-MG";"DEL05-MG";"UOP02-DEL05-MG"
239025;2019-07-31;"quarta-feira";"14:30:00";"MG";40;530;"BELO HORIZONTE";"Não guardar distância de segurança";"Queda de ocupante de veículo";"Com Vítimas Feridas";"Pleno dia";"Crescente";"Céu Claro";"Dupla";"Desvio Temporário";"Sim";2;0;0;1;0;1;1;2;-19,92064782;-44,0335681;"SPRF-MG";"DEL01-MG";"UOP02-DEL01-MG"
239026;2019-09-22;"domingo";"10:40:00";"RO";364;626,6;"ITAPUA DO OESTE";"Condutor Dormindo";"Saída de leito carroçável";"Com Vítimas Feridas";"Pleno dia";"Crescente";"Céu Claro";"Simples";"Reta";"Não";1;0;1;0;0;0;1;1;-9,07494965;-63,31389999;"SPRF-RO";"DEL03-RO";"UOP04-DEL01-RO"
239027;2019-09-29;"domingo";"21:00:00";"SC";470;51,5;"BLUMENAU";"Desobediência às normas de trânsito pelo condutor";"Colisão lateral";"Com Vítimas Feridas";"Plena Noite";"Crescente";"Céu Claro";"Simples";"Interseção de Vias";"Sim";2;0;1;0;1;0;1;2;-26,862339;-49,084038;"SPRF-SC";"DEL04-SC";"UOP01-DEL04-SC"
239029;2019-09-29;"domingo";"19:50:00";"GO";60;211;"VARJAO";"Defeito Mecânico no Veículo";"Incêndio";"Com Vítimas Feridas";"Plena Noite";"Crescente";"Céu Claro";"Dupla";"Reta";"Não";1;0;1;0;0;0;1;1;-16,9488;-49,6748;"SPRF-GO";"DEL01-GO";"UOP02-DEL01-GO"
239030;2019-09-29;"domingo";"20:30:00";"RJ";101;293,3;"ITABORAI";"Falta de Atenção à Condução";"Colisão traseira";"Com Vítimas Feridas";"Plena Noite";"Decrescente";"Nublado";"Dupla";"Curva";"Sim";4;0;1;0;3;0;1;1;-22,756203;-42,88724;"SPRF-RJ";"DEL02-RJ";"UOP03-DEL02-RJ"
239031;2019-09-29;"domingo";"20:15:00";"MS";163;742;"COXIM";"Ingestão de Álcool";"Saída de leito carroçável";"Sem Vítimas";"Plena Noite";"Crescente";"Céu Claro";"Simples";"Curva";"Não";1;0;0;0;1;0;0;1;-18,41321292;-54,68501911;"SPRF-MS";"DEL06-MS";"UOP01-DEL06-MS"
239033;2019-09-29;"domingo";"17:30:00";"PR";277;659;"MATELANDIA";"Falta de Atenção à Condução";"Colisão lateral";"Com Vítimas Feridas";"Pleno dia";"Decrescente";"Céu Claro";"Dupla";"Curva;Aclive";"Não";2;0;1;0;1;0;1;2;-25,24664169;-53,98334832;"SPRF-PR";"DEL05-PR";"UOP02-DEL05-PR"
239034;2019-09-29;"domingo";"20:15:00";"SC";282;388,8;"JOACABA";"Desobediência às normas de trânsito pelo pedestre";"Atropelamento de Pedestre";"Com Vítimas Feridas";"Plena Noite";"Crescente";"Céu Claro";"Simples";"Aclive";"Não";5;0;1;0;4;0;1;2;-27,178274;-51,524025;"SPRF-SC";"DEL07-SC";"UOP05-DEL07-SC"
239035;2019-09-29;"domingo";"19:15:00";"SC";101;194,5;"BIGUACU";"Ingestão de álcool e/ou substâncias psicoativas pelo pedestre";"Colisão lateral";"Sem Vítimas";"Plena Noite";"Decrescente";"Céu Claro";"Múltipla";"Reta";"Sim";2;0;0;0;2;0;0;2;-27,49815117;-48,65661236;"SPRF-SC";"DEL01-SC";"UOP01-DEL01-SC"
239036;2019-09-29;"domingo";"16:15:00";"MA";10;203,2;"RIBAMAR FIQUENE";"Ingestão de Álcool";"Colisão traseira";"Com Vítimas Feridas";"Pleno dia";"Decrescente";"Céu Claro";"Simples";"Reta";"Sim";2;0;1;0;1;0;1;2;-5,93894;-47,383804;"SPRF-MA";"DEL04-MA";"UOP01-DEL04-MA"
239037;2019-09-29;"domingo";"20:00:00";"CE";116;17,2;"EUSEBIO";"Ingestão de Álcool";"Colisão com objeto estático";"Com Vítimas Feridas";"Plena Noite";"Crescente";"Céu Claro";"Dupla";"Curva";"Sim";1;0;1;0;0;0;1;1;-3,897874;-38,503711;"SPRF-CE";"DEL01-CE";"UOP02-DEL01-CE"
239039;2019-09-29;"domingo";"21:35:00";"PA";316;52;"CASTANHAL";"Falta de Atenção à Condução";"Colisão com objeto estático";"Com Vítimas Feridas";"Plena Noite";"Crescente";"Céu Claro";"Dupla";"Reta";"Não";1;0;1;0;0;0;1;1;-1,30732485;-48,02586802;"SPRF-PA";"DEL01-PA";"UOP01-DEL01-PA"
239040;2019-09-29;"domingo";"17:20:00";"PR";369;150,2;"LONDRINA";"Desobediência às normas de trânsito pelo condutor";"Colisão transversal";"Com Vítimas Feridas";"Pleno dia";"Crescente";"Céu Claro";"Dupla";"Reta;Interseção de Vias";"Sim";3;0;1;1;1;0;2;2;-23,2927718;-51,16280973;"SPRF-PR";"DEL07-PR";"UOP01-DEL07-PR"
239041;2019-09-29;"domingo";"21:40:00";"PR";369;148;"LONDRINA";"Falta de Atenção à Condução";"Colisão traseira";"Com Vítimas Feridas";"Plena Noite";"Crescente";"Céu Claro";"Dupla";"Reta;Interseção de Vias";"Sim";2;0;0;1;1;0;1;2;-23,29292947;-51,14297211;"SPRF-PR";"DEL07-PR";"UOP01-DEL07-PR"
239043;2019-09-29;"domingo";"20:35:00";"RS";386;373;"FAZENDA VILANOVA";"Velocidade Incompatível";"Saída de leito carroçável";"Com Vítimas Feridas";"Plena Noite";"Crescente";"Céu Claro";"Dupla";"Curva";"Não";1;0;1;0;0;0;1;1;-29,610334;-51,804359;"SPRF-RS";"DEL04-RS";"UOP02-DEL04-RS"
239044;2019-09-29;"domingo";"21:00:00";"RJ";116;164;"RIO DE JANEIRO";"Desobediência às normas de trânsito pelo pedestre";"Atropelamento de Pedestre";"Com Vítimas Feridas";"Plena Noite";"Crescente";"Céu Claro";"Múltipla";"Reta";"Sim";2;0;0;1;1;0;1;2;-22,81404647;-43,32870576;"SPRF-RJ";"DEL01-RJ";"UOP01-DEL01-RJ"
239045;2019-09-29;"domingo";"22:10:00";"PR";376;179;"MARINGA";"Falta de Atenção à Condução";"Colisão transversal";"Com Vítimas Feridas";"Plena Noite";"Decrescente";"Céu Claro";"Dupla";"Retorno Regulamentado";"Sim";2;0;0;1;1;0;1;2;-23,42002915;-51,91066325;"SPRF-PR";"DEL07-PR";"UOP01-DEL09-PR"
239046;2019-09-29;"domingo";"18:15:00";"PB";230;136,1;"CAMPINA GRANDE";"Não guardar distância de segurança";"Queda de ocupante de veículo";"Com Vítimas Feridas";"Plena Noite";"Decrescente";"Céu Claro";"Dupla";"Retorno Regulamentado";"Não";2;0;1;0;1;0;1;2;-7,28207153;-35,76867342;"SPRF-PB";"DEL02-PB";"UOP01-DEL02-PB"
239047;2019-09-29;"domingo";"17:00:00";"SC";470;218,7;"SAO CRISTOVAO DO SUL";"Ingestão de Álcool";"Saída de leito carroçável";"Com Vítimas Feridas";"Pleno dia";"Crescente";"Céu Claro";"Simples";"Reta";"Não";8;0;6;1;1;0;7;1;-27,297842;-50,294914;"SPRF-SC";"DEL05-SC";"UOP03-DEL05-SC"
239049;2019-09-29;"domingo";"20:40:00";"GO";153;509,8;"APARECIDA DE GOIANIA";"Velocidade Incompatível";"Capotamento";"Com Vítimas Feridas";"Plena Noite";"Decrescente";"Céu Claro";"Simples";"Viaduto";"Sim";1;0;0;1;0;0;1;1;-16,7875;-49,2357;"SPRF-GO";"DEL01-GO";"UOP03-DEL01-GO"
239050;2019-09-29;"domingo";"22:00:00";"RN";405;186,7;"MAJOR SALES";"Falta de Atenção à Condução";"Colisão frontal";"Com Vítimas Feridas";"Plena Noite";"Decrescente";"Céu Claro";"Simples";"Reta";"Sim";2;0;0;1;1;0;1;2;-6,39720853;-38,31785755;"SPRF-RN";"DEL04-RN";"UOP02-DEL04-RN"
239051;2019-09-29;"domingo";"22:30:00";"GO";60;138;"GOIANIA";"Falta de Atenção à Condução";"Saída de leito carroçável";"Com Vítimas Feridas";"Plena Noite";"Decrescente";"Céu Claro";"Dupla";"Declive";"Sim";1;0;1;0;0;0;1;1;-16,61731733;-49,20621872;"SPRF-GO";"DEL01-GO";"UOP01-DEL01-GO"
239052;2019-09-29;"domingo";"22:40:00";"RJ";116;142;"DUQUE DE CAXIAS";"Defeito Mecânico no Veículo";"Incêndio";"Sem Vítimas";"Plena Noite";"Crescente";"Céu Claro";"Dupla";"Reta";"Sim";1;0;0;0;1;0;0;1;-22,64876087;-43,23031638;"SPRF-RJ";"DEL01-RJ";"UOP01-DEL01-RJ"
239053;2019-09-29;"domingo";"19:10:00";"SC";101;415,5;"ARARANGUA";"Desobediência às normas de trânsito pelo condutor";"Colisão transversal";"Com Vítimas Feridas";"Plena Noite";"Decrescente";"Céu Claro";"Simples";"Reta";"Sim";2;0;1;0;1;0;1;2;-28,96040535;-49,51653267;"SPRF-SC";"DEL02-SC";"UOP02-DEL02-SC"
239054;2019-09-29;"domingo";"22:50:00";"RS";290;86;"PORTO ALEGRE";"Ingestão de Álcool";"Capotamento";"Sem Vítimas";"Plena Noite";"Decrescente";"Céu Claro";"Simples";"Interseção de Vias";"Não";4;0;0;0;4;0;0;2;-29,968412;-51,117138;"SPRF-RS";"DEL01-RS";"UOP01-DEL01-RS"
239055;2019-09-29;"domingo";"22:30:00";"SC";282;22,3;"SANTO AMARO DA IMPERATRIZ";"Falta de Atenção à Condução";"Colisão transversal";"Com Vítimas Feridas";"Plena Noite";"Crescente";"Céu Claro";"Simples";"Reta";"Sim";3;0;2;0;1;0;2;2;-27,688507;-48,72739;"SPRF-SC";"DEL01-SC";"UOP02-DEL01-SC"
239056;2019-09-29;"domingo";"22:00:00";"BA";116;4,8;"ABARE";"Falta de Atenção à Condução";"Saída de leito carroçável";"Com Vítimas Fatais";"Plena Noite";"Crescente";"Céu Claro";"Simples";"Reta";"Não";1;1;0;0;0;0;0;1;-8,65004097;-39,26770483;"SPRF-PE";"DEL05-PE";"UOP03-DEL05-PE"
239057;2019-09-29;"domingo";"23:30:00";"PA";230;118;"MARABA";"Ingestão de Substâncias Psicoativas";"Tombamento";"Sem Vítimas";"Plena Noite";"Crescente";"Céu Claro";"Dupla";"Reta";"Sim";4;0;0;0;3;1;0;2;-5,35193706;-49,09794103;"SPRF-PA";"DEL03-PA";"UOP01-DEL03-PA"
239058;2019-09-29;"domingo";"18:00:00";"RS";116;150,1;"CAXIAS DO SUL";"Falta de Atenção à Condução";"Colisão traseira";"Com Vítimas Feridas";"Anoitecer";"Crescente";"Céu Claro";"Dupla";"Reta";"Sim";3;0;1;0;2;0;1;3;-29,168428;-51,158337;"SPRF-RS";"DEL05-RS";"UOP01-DEL05-RS"
239059;2019-09-29;"domingo";"21:30:00";"PR";376;618;"SAO JOSE DOS PINHAIS";"Velocidade Incompatível";"Capotamento";"Com Vítimas Feridas";"Plena Noite";"Crescente";"Céu Claro";"Dupla";"Curva";"Sim";3;0;2;0;1;0;2;2;-25,59168398;-49,17197705;"SPRF-PR";"DEL01-PR";"UOP01-DEL01-PR"
239060;2019-09-29;"domingo";"23:10:00";"RJ";116;194;"QUEIMADOS";"Desobediência às normas de trânsito pelo pedestre";"Atropelamento de Pedestre";"Com Vítimas Fatais";"Plena Noite";"Crescente";"Nublado";"Múltipla";"Reta";"Sim";2;1;0;0;0;1;0;2;-22,73711632;-43,53793909;"SPRF-RJ";"DEL01-RJ";"UOP02-DEL01-RJ"
239061;2019-09-29;"domingo";"22:40:00";"SC";280;58,6;"GUARAMIRIM";"Falta de Atenção à Condução";"Colisão traseira";"Com Vítimas Feridas";"Plena Noite";"Decrescente";"Chuva";"Simples";"Reta";"Sim";2;0;1;0;1;0;1;2;-26,47539416;-49,030931;"SPRF-SC";"DEL03-SC";"UOP03-DEL03-SC"
239062;2019-09-29;"domingo";"23:30:00";"PR";277;94;"CURITIBA";"Falta de Atenção à Condução";"Queda de ocupante de veículo";"Com Vítimas Feridas";"Plena Noite";"Decrescente";"Céu Claro";"Múltipla";"Reta";"Sim";1;0;1;0;0;0;1;1;-25,55282988;-49,27722493;"SPRF-PR";"DEL01-PR";"UOP06-DEL01-PR"
239064;2019-09-29;"domingo";"22:50:00";"DF";60;4;"BRASILIA";"Ingestão de Álcool";"Colisão com objeto estático";"Com Vítimas Feridas";"Plena Noite";"Decrescente";"Céu Claro";"Dupla";"Reta";"Sim";5;0;1;0;4;0;1;3;-15,895438;-48,104771;"SPRF-DF";"DEL01-DF";"UOP01-DEL03-DF"
239065;2019-09-29;"domingo";"22:20:00";"PE";316;82,6;"OURICURI";"Animais na Pista";"Atropelamento de Animal";"Com Vítimas Feridas";"Plena Noite";"Crescente";"Ignorado";"Simples";"Reta";"Não";1;0;1;0;0;0;1;1;-7,8712915;-40,09366321;"SPRF-PE";"DEL05-PE";"UOP02-DEL05-PE"
239066;2019-09-29;"domingo";"22:15:00";"PI";407;422;"PICOS";"Desobediência às normas de trânsito pelo condutor";"Colisão frontal";"Com Vítimas Feridas";"Plena Noite";"Decrescente";"Nublado";"Simples";"Reta";"Não";3;0;1;0;1;1;1;2;-7,07751993;-41,44205198;"SPRF-PI";"DEL04-PI";"UOP01-DEL04-PI"
239067;2019-08-25;"domingo";"01:40:00";"RJ";101;266;"RIO BONITO";"Velocidade Incompatível";"Saída de leito carroçável";"Com Vítimas Feridas";"Plena Noite";"Decrescente";"Ignorado";"Dupla";"Curva";"Não";1;0;0;1;0;0;1;1;-22,71359987;-42,64391188;"SPRF-RJ";"DEL02-RJ";"UOP03-DEL02-RJ"
239068;2019-09-29;"domingo";"22:30:00";"BA";116;658;"JEQUIE";"Desobediência às normas de trânsito pelo condutor";"Saída de leito carroçável";"Com Vítimas Feridas";"Plena Noite";"Crescente";"Céu Claro";"Simples";"Curva";"Não";1;0;0;1;0;0;1;1;-13,68160894;-40,09548576;"SPRF-BA";"DEL03-BA";"UOP01-DEL03-BA"
239070;2019-09-29;"domingo";"23:00:00";"MG";40;700,2;"BARBACENA";"Falta de Atenção à Condução";"Colisão com objeto estático";"Com Vítimas Feridas";"Plena Noite";"Decrescente";"Céu Claro";"Simples";"Reta";"Sim";2;0;1;0;1;0;1;1;-21,17760699;-43,75627477;"SPRF-MG";"DEL05-MG";"UOP02-DEL05-MG"
239071;2019-09-29;"domingo";"21:30:00";"MG";146;555;"CABO VERDE";"Desobediência às normas de trânsito pelo condutor";"Colisão frontal";"Com Vítimas Feridas";"Plena Noite";"Decrescente";"Céu Claro";"Simples";"Reta";"Não";3;0;1;2;0;0;3;2;-21,43203499;-46,42962737;"SPRF-MG";"DEL16-MG";"UOP01-DEL09-MG"
239073;2019-09-29;"domingo";"23:25:00";"PB";101;46;"MAMANGUAPE";"Desobediência às normas de trânsito pelo pedestre";"Colisão com objeto estático";"Sem Vítimas";"Plena Noite";"Crescente";"Céu Claro";"Dupla";"Reta";"Não";1;0;0;0;0;1;0;1;-6,89108414;-35,12591625;"SPRF-PB";"DEL01-PB";"UOP04-DEL01-PB"
239074;2019-09-29;"domingo";"20:30:00";"RS";158;325;"SANTA MARIA";"Falta de Atenção à Condução";"Tombamento";"Com Vítimas Feridas";"Plena Noite";"Crescente";"Céu Claro";"Simples";"Em Obras;Reta";"Sim";1;0;1;0;0;0;1;1;-29,7037466;-53,79524635;"SPRF-RS";"DEL09-RS";"UOP01-DEL09-RS"
239075;2019-09-29;"domingo";"23:20:00";"MS";163;803,9;"PEDRO GOMES";"Falta de Atenção à Condução";"Saída de leito carroçável";"Com Vítimas Feridas";"Plena Noite";"Crescente";"Céu Claro";"Simples";"Reta";"Não";2;0;2;0;0;0;2;1;-17,890628;-54,691692;"SPRF-MS";"DEL06-MS";"UOP01-DEL06-MS"
239076;2019-09-30;"segunda-feira";"00:15:00";"RS";116;256,7;"ESTEIO";"Velocidade Incompatível";"Colisão com objeto estático";"Sem Vítimas";"Plena Noite";"Crescente";"Céu Claro";"Múltipla";"Viaduto";"Sim";1;0;0;0;0;1;0;1;-29,85020191;-51,1793841;"SPRF-RS";"DEL01-RS";"UOP02-DEL01-RS"
239077;2019-09-30;"segunda-feira";"00:15:00";"MG";267;145,4;"LIMA DUARTE";"Ingestão de Álcool";"Saída de leito carroçável";"Com Vítimas Feridas";"Plena Noite";"Decrescente";"Chuva";"Simples";"Reta";"Não";2;0;2;0;0;0;2;1;-21,81169158;-43,71605708;"SPRF-MG";"DEL05-MG";"UOP01-DEL05-MG"
239078;2019-09-30;"segunda-feira";"00:40:00";"SP";381;28;"ATIBAIA";"Falta de Atenção à Condução";"Tombamento";"Com Vítimas Feridas";"Plena Noite";"Decrescente";"Céu Claro";"Dupla";"Reta";"Não";1;0;1;0;0;0;1;1;-23,03614495;-46,55183601;"SPRF-SP";"DEL03-SP";"UOP02-DEL03-SP"
239079;2019-09-30;"segunda-feira";"00:30:00";"DF";80;17;"BRASILIA";"Desobediência às normas de trânsito pelo condutor";"Colisão traseira";"Sem Vítimas";"Plena Noite";"Crescente";"Céu Claro";"Dupla";"Reta";"Sim";2;0;0;0;2;0;0;2;-15,692071;-48,205139;"SPRF-DF";"DEL01-DF";"UOP02-DEL03-DF"
239080;2019-09-30;"segunda-feira";"00:30:00";"RS";285;566,4;"SAO LUIZ GONZAGA";"Ingestão de Álcool";"Saída de leito carroçável";"Com Vítimas Feridas";"Plena Noite";"Decrescente";"Céu Claro";"Simples";"Rotatória";"Não";1;0;1;0;0;0;1;1;-28,419132;-54,956936;"SPRF-RS";"DEL10-RS";"UOP01-DEL10-RS"
239081;2019-09-29;"domingo";"19:15:00";"BA";110;311;"ALAGOINHAS";"Falta de Atenção do Pedestre";"Colisão frontal";"Com Vítimas Feridas";"Plena Noite";"Crescente";"Céu Claro";"Dupla";"Declive;Curva";"Não";3;0;0;1;2;0;1;2;-11,95402115;-38,37103844;"SPRF-BA";"DEL01-BA";"UOP04-DEL01-BA"
239082;2019-09-30;"segunda-feira";"01:15:00";"BA";101;815,2;"ITAMARAJU";"Mal Súbito";"Queda de ocupante de veículo";"Com Vítimas Feridas";"Plena Noite";"Crescente";"Céu Claro";"Simples";"Reta";"Não";2;0;0;1;1;0;1;1;-17,07226727;-39,56129735;"SPRF-BA";"DEL09-BA";"UOP01-DEL09-BA"