"id";"data_inversa";"dia_semana";"horario";"uf";"br";"km";"municipio";"causa_acidente";"tipo_acidente";"classificacao_acidente";"fase_dia";"sentido_via";"condicao_metereologica";"tipo_pista";"tracado_via";"uso_solo";"pessoas";"mortos";"feridos_leves";"feridos_graves";"ilesos";"ignorados";"feridos";"veiculos";"latitude";"longitude";"regional";"delegacia";"uop"
239083;2019-09-29;"domingo";"23:30:00";"SC";282;411,8;"CATANDUVAS";"Velocidade Incompatível";"Colisão com objeto estático";"Com Vítimas Feridas";"Plena Noite";"Decrescente";"Céu Claro";"Simples";"Curva";"Não";2;0;2;0;0;0;2;1;-27,059202;-51,680046;"SPRF-SC";"DEL07-SC";"UOP05-DEL07-SC"
239086;2019-09-30;"segunda-feira";"02:30:00";"RJ";393;238;"VASSOURAS";"Defeito Mecânico no Veículo";"Incêndio";"Sem Vítimas";"Plena Noite";"Crescente";"Nublado";"Simples";"Curva";"Sim";2;0;0;0;2;0;0;1;-22,40095658;-43,66442518;"SPRF-RJ";"DEL05-RJ";"UOP03-DEL05-RJ"
239087;2019-09-30;"segunda-feira";"01:55:00";"RS";158;445,6;"ROSARIO DO SUL";"Animais na Pista";"Saída de leito carroçável";"Com Vítimas Feridas";"Plena Noite";"Crescente";"Céu Claro";"Simples";"Curva";"Não";5;0;2;0;3;0;2;1;-30,21464925;-54,72212791;"SPRF-RS";"DEL11-RS";"UOP02-DEL11-RS"
239088;2019-09-30;"segunda-feira";"04:30:00";"RS";158;289,5;"JULIO DE CASTILHOS";"Defeito Mecânico no Veículo";"Incêndio";"Sem Vítimas";"Plena Noite";"Decrescente";"Céu Claro";"Simples";"Reta";"Não";1;0;0;0;1;0;0;1;-29,45844003;-53,68620684;"SPRF-RS";"DEL09-RS";"UOP01-DEL09-RS"
239090;2019-09-30;"segunda-feira";"04:20:00";"SC";282;55,2;"RANCHO QUEIMADO";"Velocidade Incompatível";"Saída de leito carroçável";"Sem Vítimas";"Plena Noite";"Decrescente";"Chuva";"Simples";"Curva";"Não";1;0;0;0;1;0;0;1;-27,689514;-48,982376;"SPRF-SC";"DEL01-SC";"UOP03-DEL01-SC"
239091;2019-09-30;"segunda-feira";"04:45:00";"PI";316;28;"DEMERVAL LOBAO";"Animais na Pista";"Atropelamento de Animal";"Com Vítimas Feridas";"Amanhecer";"Decrescente";"Céu Claro";"Simples";"Reta";"Não";1;0;0;1;0;0;1;1;-5,31728394;-42,70119586;"SPRF-PI";"DEL01-PI";"UOP02-DEL01-PI"
239092;2019-09-30;"segunda-feira";"04:30:00";"PR";116;10,7;"COLOMBO";"Condutor Dormindo";"Colisão traseira";"Com Vítimas Feridas";"Amanhecer";"Decrescente";"Ignorado";"Dupla";"Reta";"Sim";3;0;1;0;2;0;1;2;-25,3719;-49,134;"SPRF-PR";"DEL01-PR";"UOP01-DEL01-PR"
239093;2019-09-30;"segunda-feira";"05:20:00";"SC";101;207,8;"SAO JOSE";"Ingestão de Álcool";"Colisão com objeto estático";"Com Vítimas Feridas";"Plena Noite";"Crescente";"Céu Claro";"Dupla";"Curva";"Sim";1;0;1;0;0;0;1;1;-27,60001226;-48,6226467;"SPRF-SC";"DEL01-SC";"UOP01-DEL01-SC"
239094;2019-09-30;"segunda-feira";"05:30:00";"ES";101;68,5;"SAO MATEUS";"Desobediência às normas de trânsito pelo condutor";"Colisão transversal";"Com Vítimas Feridas";"Amanhecer";"Crescente";"Nublado";"Simples";"Interseção de Vias";"Sim";2;0;1;0;0;1;1;2;-18,726597;-39,85975;"SPRF-ES";"DEL04-ES";"UOP02-DEL04-ES"
239096;2019-09-30;"segunda-feira";"05:45:00";"PE";104;63;"CARUARU";"Falta de Atenção à Condução";"Colisão com objeto estático";"Com Vítimas Feridas";"Pleno dia";"Decrescente";"Céu Claro";"Dupla";"Reta";"Sim";5;0;5;0;0;0;5;1;-8,2698;-35,9803;"SPRF-PE";"DEL02-PE";"UOP01-DEL02-PE"
239097;2019-09-30;"segunda-feira";"06:15:00";"GO";70;1;"AGUAS LINDAS DE GOIAS";"Falta de Atenção à Condução";"Colisão traseira";"Com Vítimas Feridas";"Pleno dia";"Decrescente";"Céu Claro";"Dupla";"Declive";"Não";4;0;1;0;3;0;1;2;-15,77579351;-48,23259001;"SPRF-DF";"DEL01-DF";"UOP02-DEL03-DF"
239100;2019-09-30;"segunda-feira";"06:51:00";"SP";116;222;"GUARULHOS";"Falta de Atenção à Condução";"Colisão traseira";"Com Vítimas Feridas";"Pleno dia";"Crescente";"Sol";"Múltipla";"Reta";"Sim";2;0;1;0;1;0;1;2;-23,47093408;-46,51631097;"SPRF-SP";"DEL01-SP";"UOP01-DEL01-SP"
239101;2019-09-29;"domingo";"22:15:00";"BA";101;332;"PRESIDENTE TANCREDO NEVES";"Falta de Atenção à Condução";"Colisão transversal";"Sem Vítimas";"Plena Noite";"Crescente";"Céu Claro";"Simples";"Reta";"Não";2;0;0;0;2;0;0;2;-13,49313433;-39,43027496;"SPRF-BA";"DEL05-BA";"UOP03-DEL05-BA"
239102;2019-09-30;"segunda-feira";"06:50:00";"SC";470;141;"RIO DO SUL";"Falta de Atenção à Condução";"Colisão traseira";"Com Vítimas Feridas";"Pleno dia";"Decrescente";"Nublado";"Simples";"Reta";"Sim";3;0;1;0;2;0;1;2;-27,226065;-49,666161;"SPRF-SC";"DEL04-SC";"UOP02-DEL04-SC"
239103;2019-09-30;"segunda-feira";"06:20:00";"RS";158;310,5;"ITAARA";"Sinalização da via insuficiente ou inadequada";"Colisão com objeto estático";"Com Vítimas Feridas";"Amanhecer";"Crescente";"Céu Claro";"Simples";"Interseção de Vias";"Sim";1;0;1;0;0;0;1;1;-29,61237001;-53,76663196;"SPRF-RS";"DEL09-RS";"UOP01-DEL09-RS"
239104;2019-09-30;"segunda-feira";"06:20:00";"PR";277;117;"CAMPO LARGO";"Falta de Atenção à Condução";"Capotamento";"Sem Vítimas";"Amanhecer";"Crescente";"Nublado";"Dupla";"Reta";"Não";1;0;0;0;0;1;0;1;-25,434195;-49,415613;"SPRF-PR";"DEL01-PR";"UOP06-DEL01-PR"
239106;2019-09-30;"segunda-feira";"07:05:00";"PE";428;191;"PETROLINA";"Falta de Atenção à Condução";"Colisão traseira";"Com Vítimas Feridas";"Pleno dia";"Decrescente";"Céu Claro";"Dupla";"Interseção de Vias";"Sim";2;0;1;0;1;0;1;2;-9,37766429;-40,50269795;"SPRF-PE";"DEL06-PE";"UOP01-DEL06-PE"
239109;2019-09-30;"segunda-feira";"05:50:00";"BA";110;204;"CIPO";"Falta de Atenção do Pedestre";"Atropelamento de Pedestre";"Com Vítimas Feridas";"Pleno dia";"Crescente";"Céu Claro";"Simples";"Reta";"Sim";2;0;1;0;1;0;1;2;-11,14211791;-38,51257471;"SPRF-BA";"DEL07-BA";"UOP02-DEL07-BA"
239110;2019-09-30;"segunda-feira";"06:45:00";"MG";381;487,7;"BETIM";"Defeito Mecânico no Veículo";"Queda de ocupante de veículo";"Com Vítimas Fatais";"Pleno dia";"Decrescente";"Sol";"Dupla";"Curva";"Sim";3;1;1;0;0;1;1;2;-19,95586853;-44,14609501;"SPRF-MG";"DEL01-MG";"UOP03-DEL01-MG"
239111;2019-09-30;"segunda-feira";"06:50:00";"SC";101;207;"SAO JOSE";"Falta de Atenção à Condução";"Colisão transversal";"Sem Vítimas";"Pleno dia";"Crescente";"Nublado";"Dupla";"Interseção de Vias";"Sim";2;0;0;0;2;0;0;2;-27,60001226;-48,6226467;"SPRF-SC";"DEL01-SC";"UOP01-DEL01-SC"
239112;2019-09-30;"segunda-feira";"01:00:00";"SP";116;567;"BARRA DO TURVO";"Velocidade Incompatível";"Capotamento";"Com Vítimas Feridas";"Plena Noite";"Crescente";"Céu Claro";"Simples";"Curva";"Não";1;0;0;1;0;0;1;1;-25,0475499;-48,55355172;"SPRF-SP";"DEL05-SP";"UOP02-DEL05-SP"
239114;2019-09-30;"segunda-feira";"07:00:00";"RN";406;151;"CEARA-MIRIM";"Falta de Atenção à Condução";"Colisão transversal";"Com Vítimas Feridas";"Pleno dia";"Decrescente";"Céu Claro";"Simples";"Curva";"Sim";2;0;1;0;1;0;1;2;-5,65094554;-35,42341594;"SPRF-RN";"DEL02-RN";"UOP01-DEL02-RN"
239115;2019-09-30;"segunda-feira";"05:50:00";"RJ";101;87;"CAMPOS DOS GOYTACAZES";"Falta de Atenção à Condução";"Saída de leito carroçável";"Com Vítimas Feridas";"Amanhecer";"Decrescente";"Chuva";"Dupla";"Curva";"Não";3;0;2;0;1;0;2;1;-21,82626899;-41,49641201;"SPRF-RJ";"DEL08-RJ";"UOP02-DEL08-RJ"
239116;2019-09-30;"segunda-feira";"07:10:00";"GO";153;444;"ANAPOLIS";"Falta de Atenção à Condução";"Colisão transversal";"Com Vítimas Feridas";"Pleno dia";"Crescente";"Céu Claro";"Dupla";"Aclive;Reta";"Sim";2;0;1;0;1;0;1;2;-16,35147959;-48,92838478;"SPRF-GO";"DEL02-GO";"UOP01-DEL02-GO"
239117;2019-09-30;"segunda-feira";"07:30:00";"SC";101;202;"SAO JOSE";"Falta de Atenção à Condução";"Tombamento";"Com Vítimas Feridas";"Pleno dia";"Crescente";"Céu Claro";"Dupla";"Curva";"Sim";1;0;1;0;0;0;1;1;-27,55711595;-48,61897889;"SPRF-SC";"DEL01-SC";"UOP01-DEL01-SC"
239119;2019-09-30;"segunda-feira";"06:30:00";"PR";376;652;"TIJUCAS DO SUL";"Pista Escorregadia";"Saída de leito carroçável";"Com Vítimas Feridas";"Pleno dia";"Crescente";"Garoa/Chuvisco";"Dupla";"Curva";"Não";1;0;1;0;0;0;1;1;-25,8461583;-49,068884;"SPRF-PR";"DEL01-PR";"UOP04-DEL01-PR"
239123;2019-09-30;"segunda-feira";"07:30:00";"MG";381;450;"SABARA";"Defeito na Via";"Queda de ocupante de veículo";"Com Vítimas Feridas";"Pleno dia";"Decrescente";"Céu Claro";"Simples";"Reta";"Sim";1;0;1;0;0;0;1;1;-19,84130639;-43,87176902;"SPRF-MG";"DEL01-MG";"UOP01-DEL01-MG"
239124;2019-09-30;"segunda-feira";"08:00:00";"MG";40;716,1;"BARBACENA";"Velocidade Incompatível";"Saída de leito carroçável";"Com Vítimas Feridas";"Pleno dia";"Decrescente";"Chuva";"Dupla";"Curva";"Não";1;0;1;0;0;0;1;1;-21,25153502;-43,66402206;"SPRF-MG";"DEL05-MG";"UOP01-DEL05-MG"
239125;2019-09-30;"segunda-feira";"08:20:00";"PR";476;154,9;"ARAUCARIA";"Falta de Atenção do Pedestre";"Atropelamento de Pedestre";"Com Vítimas Feridas";"Pleno dia";"Crescente";"Céu Claro";"Dupla";"Reta";"Sim";3;0;0;1;1;1;1;2;-25,584223;-49,401379;"SPRF-PR";"DEL01-PR";"UOP06-DEL01-PR"
239127;2019-09-30;"segunda-feira";"07:10:00";"MG";381;489;"BETIM";"Defeito Mecânico no Veículo";"Queda de ocupante de veículo";"Com Vítimas Feridas";"Pleno dia";"Decrescente";"Céu Claro";"Dupla";"Reta";"Sim";1;0;1;0;0;0;1;1;-19,96245618;-44,16455495;"SPRF-MG";"DEL01-MG";"UOP03-DEL01-MG"
239130;2019-09-30;"segunda-feira";"06:50:00";"SP";381;89;"GUARULHOS";"Falta de Atenção à Condução";"Colisão lateral";"Com Vítimas Feridas";"Pleno dia";"Crescente";"Céu Claro";"Múltipla";"Reta";"Sim";3;0;1;0;2;0;1;3;-23,48469299;-46,55983288;"SPRF-SP";"DEL03-SP";"UOP01-DEL03-SP"
239131;2019-09-30;"segunda-feira";"09:00:00";"RJ";101;4;"CAMPOS DOS GOYTACAZES";"Falta de Atenção à Condução";"Saída de leito carroçável";"Com Vítimas Feridas";"Pleno dia";"Crescente";"Chuva";"Simples";"Reta";"Não";1;0;1;0;0;0;1;1;-21,25155306;-41,32614715;"SPRF-RJ";"DEL08-RJ";"UOP01-DEL08-RJ"
239132;2019-09-30;"segunda-feira";"09:20:00";"SC";101;133;"BALNEARIO CAMBORIU";"Ingestão de álcool e/ou substâncias psicoativas pelo pedestre";"Atropelamento de Pedestre";"Com Vítimas Feridas";"Pleno dia";"Decrescente";"Nublado";"Simples";"Reta";"Sim";2;0;0;1;1;0;1;2;-26,99936;-48,64609;"SPRF-SC";"DEL04-SC";"UOP03-DEL04-SC"
239133;2019-09-30;"segunda-feira";"08:05:00";"MG";381;940,6;"EXTREMA";"Falta de Atenção à Condução";"Colisão traseira";"Com Vítimas Feridas";"Pleno dia";"Crescente";"Céu Claro";"Dupla";"Curva";"Sim";2;0;1;0;1;0;1;2;-22,82370261;-46,30862564;"SPRF-MG";"DEL16-MG";"UOP03-DEL16-MG"
239134;2019-09-30;"segunda-feira";"09:40:00";"SE";235;5,7;"NOSSA SENHORA DO SOCORRO";"Falta de Atenção à Condução";"Colisão traseira";"Com Vítimas Feridas";"Pleno dia";"Crescente";"Céu Claro";"Dupla";"Reta";"Sim";2;0;1;0;1;0;1;2;-10,9041;-37,1278;"SPRF-SE";"DEL01-SE";"UOP01-DEL01-SE"
239135;2019-09-30;"segunda-feira";"08:30:00";"MG";459;93,4;"POUSO ALEGRE";"Desobediência às normas de trânsito pelo condutor";"Saída de leito carroçável";"Com Vítimas Feridas";"Pleno dia";"Crescente";"Céu Claro";"Simples";"Curva";"Não";1;0;1;0;0;0;1;1;-22,17859383;-45,99570405;"SPRF-MG";"DEL16-MG";"UOP01-DEL09-MG"
239136;2019-09-30;"segunda-feira";"09:20:00";"SC";101;373;"ICARA";"Condutor Dormindo";"Saída de leito carroçável";"Com Vítimas Feridas";"Pleno dia";"Crescente";"Sol";"Dupla";"Curva";"Não";1;0;1;0;0;0;1;1;-28,71506202;-49,22896385;"SPRF-SC";"DEL02-SC";"UOP01-DEL02-SC"
239137;2019-09-30;"segunda-feira";"08:30:00";"MT";70;5;"BARRA DO GARCAS";"Ingestão de Álcool";"Atropelamento de Pedestre";"Com Vítimas Feridas";"Pleno dia";"Decrescente";"Nublado";"Dupla";"Reta";"Sim";2;0;1;0;1;0;1;2;-15,87814789;-52,296134;"SPRF-MT";"DEL07-MT";"UOP01-DEL07-MT"
239139;2019-09-30;"segunda-feira";"09:50:00";"MG";381;575,1;"ITAGUARA";"Velocidade Incompatível";"Tombamento";"Com Vítimas Feridas";"Pleno dia";"Decrescente";"Sol";"Dupla";"Curva";"Não";2;0;2;0;0;0;2;1;-20,47362595;-44,58422842;"SPRF-MG";"DEL04-MG";"UOP03-DEL04-MG"
239142;2019-09-30;"segunda-feira";"10:00:00";"PE";232;125,9;"CARUARU";"Desobediência às normas de trânsito pelo pedestre";"Atropelamento de Pedestre";"Com Vítimas Fatais";"Pleno dia";"Decrescente";"Sol";"Dupla";"Reta";"Não";2;1;0;0;0;1;0;2;-8,30807114;-35,94580097;"SPRF-PE";"DEL02-PE";"UOP03-DEL02-PE"
239145;2019-09-30;"segunda-feira";"10:00:00";"RS";116;228;"DOIS IRMAOS";"Falta de Atenção à Condução";"Colisão traseira";"Com Vítimas Feridas";"Pleno dia";"Decrescente";"Sol";"Simples";"Curva";"Sim";2;0;1;0;1;0;1;2;-29,61103966;-51,12425074;"SPRF-RS";"DEL01-RS";"UOP02-DEL01-RS"
239146;2019-09-15;"domingo";"15:30:00";"MS";163;522,5;"JARAGUARI";"Ingestão de Álcool";"Colisão com objeto estático";"Sem Vítimas";"Pleno dia";"Crescente";"Céu Claro";"Dupla";"Reta";"Não";1;0;0;0;1;0;0;1;-20,14480999;-54,43965895;"SPRF-MS";"DEL01-MS";"UOP02-DEL01-MS"
239147;2019-09-30;"segunda-feira";"11:00:00";"ES";101;265;"SERRA";"Não guardar distância de segurança";"Colisão traseira";"Com Vítimas Feridas";"Pleno dia";"Crescente";"Céu Claro";"Múltipla";"Reta";"Sim";2;0;1;0;1;0;1;2;-20,18121389;-40,26536465;"SPRF-ES";"DEL02-ES";"UOP01-DEL02-ES"
239148;2019-09-30;"segunda-feira";"10:15:00";"SC";101;145,9;"ITAPEMA";"Falta de Atenção à Condução";"Tombamento";"Com Vítimas Feridas";"Pleno dia";"Crescente";"Céu Claro";"Simples";"Declive";"Sim";1;0;1;0;0;0;1;1;-27,08139206;-48,60130993;"SPRF-SC";"DEL04-SC";"UOP03-DEL04-SC"
239151;2019-09-30;"segunda-feira";"11:30:00";"PE";428;191,9;"PETROLINA";"Falta de Atenção à Condução";"Colisão traseira";"Sem Vítimas";"Pleno dia";"Crescente";"Céu Claro";"Simples";"Reta";"Sim";2;0;0;0;2;0;0;2;-9,37766429;-40,50269795;"SPRF-PE";"DEL06-PE";"UOP01-DEL06-PE"
239152;2019-09-30;"segunda-feira";"09:50:00";"PB";230;125;"RIACHAO DO BACAMARTE";"Condutor Dormindo";"Saída de leito carroçável";"Com Vítimas Feridas";"Pleno dia";"Decrescente";"Sol";"Dupla";"Declive";"Não";3;0;2;0;1;0;2;1;-7,2498;-35,6827;"SPRF-PB";"DEL02-PB";"UOP01-DEL02-PB"
239153;2019-09-30;"segunda-feira";"12:00:00";"GO";50;268;"CATALAO";"Condutor Dormindo";"Saída de leito carroçável";"Com Vítimas Feridas";"Pleno dia";"Crescente";"Céu Claro";"Dupla";"Reta";"Não";1;0;1;0;0;0;1;1;-18,0944;-47,8761;"SPRF-GO";"DEL06-GO";"UOP01-DEL06-GO"
239154;2019-09-30;"segunda-feira";"11:40:00";"ES";101;210,3;"IBIRACU";"Falta de Atenção à Condução";"Colisão traseira";"Com Vítimas Feridas";"Pleno dia";"Decrescente";"Céu Claro";"Simples";"Reta";"Não";2;0;1;0;1;0;1;2;-19,798437;-40,36982;"SPRF-ES";"DEL02-ES";"UOP01-DEL02-ES"
239156;2019-09-30;"segunda-feira";"11:30:00";"ES";101;209,7;"IBIRACU";"Ultrapassagem Indevida";"Colisão frontal";"Com Vítimas Feridas";"Pleno dia";"Decrescente";"Céu Claro";"Simples";"Reta";"Não";2;0;1;0;1;0;1;2;-19,789689;-40,37132;"SPRF-ES";"DEL02-ES";"UOP01-DEL02-ES"
239158;2019-09-30;"segunda-feira";"12:20:00";"SC";101;212,3;"PALHOCA";"Falta de Atenção à Condução";"Colisão traseira";"Com Vítimas Feridas";"Pleno dia";"Crescente";"Nublado";"Dupla";"Reta";"Sim";2;0;0;1;1;0;1;2;-27,62996929;-48,65903871;"SPRF-SC";"DEL01-SC";"UOP02-DEL01-SC"
239159;2019-09-30;"segunda-feira";"11:55:00";"MG";40;567;"NOVA LIMA";"Falta de Atenção à Condução";"Colisão lateral";"Com Vítimas Feridas";"Pleno dia";"Decrescente";"Nublado";"Simples";"Reta";"Não";2;0;0;1;1;0;1;2;-20,18749199;-43,96845002;"SPRF-MG";"DEL01-MG";"UOP02-DEL01-MG"
239162;2019-09-30;"segunda-feira";"11:50:00";"SP";116;57;"GUARATINGUETA";"Defeito Mecânico no Veículo";"Incêndio";"Sem Vítimas";"Pleno dia";"Crescente";"Sol";"Dupla";"Reta";"Não";1;0;0;0;1;0;0;1;-22,77454618;-45,13807087;"SPRF-SP";"DEL08-SP";"UOP01-DEL08-SP"
239164;2019-09-30;"segunda-feira";"12:39:00";"BA";407;5;"JUAZEIRO";"Não guardar distância de segurança";"Colisão traseira";"Com Vítimas Feridas";"Pleno dia";"Decrescente";"Céu Claro";"Simples";"Reta";"Sim";7;0;5;0;0;2;5;2;-9,44778544;-40,49043801;"SPRF-BA";"DEL04-BA";"UOP01-DEL04-BA"
239165;2019-09-30;"segunda-feira";"12:00:00";"ES";262;90;"DOMINGOS MARTINS";"Falta de Atenção à Condução";"Colisão com objeto em movimento";"Com Vítimas Feridas";"Pleno dia";"Crescente";"Nublado";"Simples";"Interseção de Vias";"Sim";2;0;1;0;1;0;1;2;-20,38123513;-41,02431905;"SPRF-ES";"DEL01-ES";"UOP02-DEL01-ES"
239166;2019-09-30;"segunda-feira";"12:30:00";"GO";40;6,9;"VALPARAISO DE GOIAS";"Falta de Atenção à Condução";"Queda de ocupante de veículo";"Com Vítimas Feridas";"Pleno dia";"Crescente";"Céu Claro";"Dupla";"Reta";"Sim";1;0;0;1;0;0;1;1;-16,100814;-47,977351;"SPRF-DF";"DEL01-DF";"UOP01-DEL01-DF"
239167;2019-09-30;"segunda-feira";"13:00:00";"SC";101;333,7;"TUBARAO";"Falta de Atenção à Condução";"Colisão transversal";"Com Vítimas Feridas";"Pleno dia";"Decrescente";"Sol";"Múltipla";"Interseção de Vias";"Sim";2;0;1;0;1;0;1;2;-28,47006357;-49,01556194;"SPRF-SC";"DEL02-SC";"UOP01-DEL02-SC"
239168;2019-09-30;"segunda-feira";"11:00:00";"MG";116;527;"CARATINGA";"Falta de Atenção à Condução";"Colisão transversal";"Com Vítimas Feridas";"Pleno dia";"Crescente";"Céu Claro";"Simples";"Reta";"Sim";2;0;1;0;1;0;1;2;-19,78510701;-42,13445297;"SPRF-MG";"DEL06-MG";"UOP02-DEL06-MG"
239171;2019-09-30;"segunda-feira";"11:15:00";"PE";232;152;"SAO CAITANO";"Condutor Dormindo";"Colisão frontal";"Com Vítimas Feridas";"Pleno dia";"Decrescente";"Céu Claro";"Simples";"Reta";"Não";3;0;0;1;2;0;1;2;-8,32701495;-36,18101;"SPRF-PE";"DEL02-PE";"UOP03-DEL02-PE"
239172;2019-09-16;"segunda-feira";"06:30:00";"SP";116;156;"SAO JOSE DOS CAMPOS";"Falta de Atenção à Condução";"Colisão traseira";"Com Vítimas Feridas";"Pleno dia";"Crescente";"Céu Claro";"Múltipla";"Reta";"Sim";2;0;1;0;1;0;1;2;-23,24877898;-45,93347311;"SPRF-SP";"DEL02-SP";"UOP01-DEL02-SP"
239173;2019-09-30;"segunda-feira";"07:30:00";"SC";280;295;"PORTO UNIAO";"Falta de Atenção à Condução";"Saída de leito carroçável";"Com Vítimas Feridas";"Pleno dia";"Crescente";"Céu Claro";"Simples";"Declive";"Não";1;0;1;0;0;0;1;1;-26,28876953;-50,97367287;"SPRF-SC";"DEL06-SC";"UOP04-DEL06-SC"
239174;2019-09-30;"segunda-feira";"11:35:00";"PR";369;181;"ARAPONGAS";"Desobediência às normas de trânsito pelo condutor";"Colisão transversal";"Com Vítimas Feridas";"Pleno dia";"Crescente";"Céu Claro";"Simples";"Reta";"Sim";2;0;1;1;0;0;2;2;-23,37991967;-51,41687393;"SPRF-PR";"DEL07-PR";"UOP03-DEL07-PR"
239175;2019-09-30;"segunda-feira";"10:30:00";"RJ";116;278;"BARRA MANSA";"Mal Súbito";"Colisão com objeto estático";"Com Vítimas Feridas";"Pleno dia";"Decrescente";"Céu Claro";"Dupla";"Reta";"Não";1;0;1;0;0;0;1;1;-22,55271018;-44,17778004;"SPRF-RJ";"DEL07-RJ";"UOP02-DEL07-RJ"
239176;2019-09-30;"segunda-feira";"11:55:00";"BA";324;616;"SALVADOR";"Falta de Atenção à Condução";"Colisão lateral";"Sem Vítimas";"Pleno dia";"Decrescente";"Sol";"Simples";"Reta";"Sim";3;0;0;0;1;2;0;3;-12,87957905;-38,43213893;"SPRF-BA";"DEL01-BA";"UOP01-DEL01-BA"
239177;2019-09-30;"segunda-feira";"14:30:00";"ES";101;435,3;"MIMOSO DO SUL";"Falta de Atenção à Condução";"Saída de leito carroçável";"Com Vítimas Feridas";"Pleno dia";"Crescente";"Chuva";"Simples";"Curva";"Não";4;0;4;0;0;0;4;1;-21,05500952;-41,19609059;"SPRF-ES";"DEL03-ES";"UOP02-DEL03-ES"
239178;2019-09-30;"segunda-feira";"14:20:00";"RS";116;267;"CANOAS";"Defeito Mecânico no Veículo";"Queda de ocupante de veículo";"Com Vítimas Feridas";"Pleno dia";"Crescente";"Céu Claro";"Dupla";"Reta";"Não";2;0;2;0;0;0;2;1;-29,94142398;-51,17697062;"SPRF-RS";"DEL01-RS";"UOP01-DEL01-RS"
239180;2019-04-05;"sexta-feira";"09:00:00";"PB";104;87,1;"REMIGIO";"Falta de Atenção à Condução";"Colisão transversal";"Sem Vítimas";"Pleno dia";"Crescente";"Céu Claro";"Simples";"Reta";"Sim";2;0;0;0;0;2;0;2;-6,96481008;-35,79803462;"SPRF-PB";"DEL02-PB";"UOP04-DEL02-PB"
239181;2019-09-30;"segunda-feira";"13:30:00";"MS";267;22,5;"BATAGUASSU";"Avarias e/ou desgaste excessivo no pneu";"Tombamento";"Com Vítimas Feridas";"Pleno dia";"Decrescente";"Sol";"Simples";"Declive";"Não";2;0;2;0;0;0;2;1;-21,72718453;-52,35493602;"SPRF-MS";"DEL02-MS";"UOP04-DEL02-MS"
239183;2019-09-30;"segunda-feira";"11:30:00";"MG";381;192;"PERIQUITO";"Defeito Mecânico no Veículo";"Capotamento";"Com Vítimas Feridas";"Pleno dia";"Decrescente";"Céu Claro";"Simples";"Curva";"Não";1;0;1;0;0;0;1;1;-19,11835916;-42,21228485;"SPRF-MG";"DEL06-MG";"UOP01-DEL06-MG"
239185;2019-09-30;"segunda-feira";"15:05:00";"PR";376;281,2;"MARILANDIA DO SUL";"Falta de Atenção à Condução";"Queda de ocupante de veículo";"Com Vítimas Feridas";"Pleno dia";"Decrescente";"Céu Claro";"Simples";"Em Obras;Reta";"Não";2;0;1;0;1;0;1;1;-23,82931757;-51,26512796;"SPRF-PR";"DEL07-PR";"UOP02-DEL07-PR"
239186;2019-09-28;"sábado";"09:55:00";"MG";116;416;"GOVERNADOR VALADARES";"Falta de Atenção à Condução";"Colisão frontal";"Com Vítimas Feridas";"Pleno dia";"Crescente";"Nublado";"Simples";"Reta";"Sim";2;0;1;0;1;0;1;2;-18,89202;-41,946992;"SPRF-MG";"DEL06-MG";"UOP01-DEL06-MG"
239187;2019-09-30;"segunda-feira";"15:40:00";"GO";50;268,8;"CATALAO";"Falta de Atenção à Condução";"Capotamento";"Com Vítimas Feridas";"Pleno dia";"Crescente";"Céu Claro";"Dupla";"Reta";"Não";1;0;1;0;0;0;1;1;-18,09818245;-47,87908316;"SPRF-GO";"DEL06-GO";"UOP01-DEL06-GO"
239188;2019-09-30;"segunda-feira";"13:30:00";"SC";101;40,1;"JOINVILLE";"Não guardar distância de segurança";"Colisão traseira";"Com Vítimas Feridas";"Pleno dia";"Decrescente";"Nublado";"Dupla";"Reta";"Sim";2;0;1;0;1;0;1;2;-26,27176094;-48,89468382;"SPRF-SC";"DEL03-SC";"UOP01-DEL03-SC"
239189;2019-09-30;"segunda-feira";"15:40:00";"PI";343;1,9;"TERESINA";"Desobediência às normas de trânsito pelo condutor";"Colisão lateral";"Sem Vítimas";"Pleno dia";"Decrescente";"Céu Claro";"Dupla";"Retorno Regulamentado";"Sim";2;0;0;0;2;0;0;2;-5,08164976;-42,76747498;"SPRF-PI";"DEL01-PI";"UOP01-DEL01-PI"
239190;2019-09-27;"sexta-feira";"07:20:00";"SC";470;54;"BLUMENAU";"Falta de Atenção à Condução";"Colisão transversal";"Com Vítimas Feridas";"Pleno dia";"Decrescente";"Céu Claro";"Simples";"Curva";"Sim";2;0;0;1;1;0;1;2;-26,8711669;-49,11090374;"SPRF-SC";"DEL04-SC";"UOP01-DEL04-SC"
239193;2019-09-30;"segunda-feira";"15:00:00";"MT";70;521;"VARZEA GRANDE";"Falta de Atenção à Condução";"Colisão transversal";"Com Vítimas Feridas";"Pleno dia";"Crescente";"Céu Claro";"Simples";"Reta";"Sim";2;0;1;0;1;0;1;2;-15,66544457;-56,18462652;"SPRF-MT";"DEL01-MT";"DEL2/4-UOP02/MT"
239194;2019-02-12;"terça-feira";"18:25:00";"RS";290;92;"PORTO ALEGRE";"Falta de Atenção à Condução";"Colisão transversal";"Sem Vítimas";"Pleno dia";"Decrescente";"Céu Claro";"Múltipla";"Reta";"Não";3;0;0;0;2;1;0;2;-29,97177265;-51,17535895;"SPRF-RS";"DEL01-RS";"UOP01-DEL01-RS"