"id";"data_inversa";"dia_semana";"horario";"uf";"br";"km";"municipio";"causa_acidente";"tipo_acidente";"classificacao_acidente";"fase_dia";"sentido_via";"condicao_metereologica";"tipo_pista";"tracado_via";"uso_solo";"pessoas";"mortos";"feridos_leves";"feridos_graves";"ilesos";"ignorados";"feridos";"veiculos";"latitude";"longitude";"regional";"delegacia";"uop"
239195;2019-09-19;"quinta-feira";"04:00:00";"MG";116;422,2;"ALPERCATA";"Animais na Pista";"Tombamento";"Com Vítimas Fatais";"Plena Noite";"Crescente";"Céu Claro";"Simples";"Reta";"Não";2;1;0;0;1;0;0;2;-18,94601944;-41,95023848;"SPRF-MG";"DEL06-MG";"UOP01-DEL06-MG"
239196;2019-09-30;"segunda-feira";"07:25:00";"BA";101;503;"ITABUNA";"Desobediência às normas de trânsito pelo condutor";"Colisão transversal";"Com Vítimas Feridas";"Pleno dia";"Decrescente";"Céu Claro";"Simples";"Curva";"Não";2;0;0;1;1;0;1;2;-14,77546345;-39,28822517;"SPRF-BA";"DEL05-BA";"UOP01-DEL05-BA"
239197;2019-09-30;"segunda-feira";"14:30:00";"RJ";465;14;"SEROPEDICA";"Falta de Atenção à Condução";"Colisão transversal";"Com Vítimas Feridas";"Pleno dia";"Crescente";"Nublado";"Simples";"Reta";"Sim";7;0;1;0;6;0;1;2;-22,804979;-43,638828;"SPRF-RJ";"DEL01-RJ";"UOP03-DEL01-RJ"
239198;2019-09-30;"segunda-feira";"16:45:00";"RN";101;74;"EXTREMOZ";"Falta de Atenção à Condução";"Colisão lateral";"Com Vítimas Feridas";"Anoitecer";"Crescente";"Céu Claro";"Simples";"Declive";"Não";3;0;2;0;0;1;2;3;-5,71406254;-35,27232767;"SPRF-RN";"DEL02-RN";"UOP01-DEL02-RN"
239199;2019-09-30;"segunda-feira";"16:15:00";"SC";101;214;"PALHOCA";"Falta de Atenção à Condução";"Tombamento";"Com Vítimas Feridas";"Pleno dia";"Crescente";"Nublado";"Dupla";"Reta";"Sim";1;0;0;1;0;0;1;1;-27,64443;-48,67057;"SPRF-SC";"DEL01-SC";"UOP02-DEL01-SC"
239200;2019-09-30;"segunda-feira";"16:40:00";"CE";116;15;"FORTALEZA";"Não guardar distância de segurança";"Colisão traseira";"Com Vítimas Feridas";"Pleno dia";"Decrescente";"Céu Claro";"Dupla";"Reta";"Sim";3;0;2;0;1;0;2;2;-3,87839882;-38,50066893;"SPRF-CE";"DEL01-CE";"UOP02-DEL01-CE"
239201;2019-09-30;"segunda-feira";"15:40:00";"RJ";356;26,1;"ITAPERUNA";"Falta de Atenção à Condução";"Colisão transversal";"Com Vítimas Feridas";"Pleno dia";"Decrescente";"Céu Claro";"Simples";"Interseção de Vias";"Não";8;0;6;0;2;0;6;2;-21,17939459;-41,95448991;"SPRF-RJ";"DEL08-RJ";"UOP03-DEL08-RJ"
239204;2019-09-30;"segunda-feira";"17:00:00";"RJ";465;21;"NOVA IGUACU";"Desobediência às normas de trânsito pelo condutor";"Colisão transversal";"Sem Vítimas";"Anoitecer";"Crescente";"Céu Claro";"Simples";"Reta";"Sim";2;0;0;0;1;1;0;2;-22,854782;-43,601933;"SPRF-RJ";"DEL01-RJ";"UOP03-DEL01-RJ"
239206;2019-09-30;"segunda-feira";"18:00:00";"ES";101;269;"SERRA";"Falta de Atenção à Condução";"Colisão transversal";"Com Vítimas Feridas";"Plena Noite";"Decrescente";"Chuva";"Dupla";"Reta";"Sim";2;0;0;2;0;0;2;2;-20,21740496;-40,26990578;"SPRF-ES";"DEL02-ES";"UOP01-DEL02-ES"
239207;2019-09-30;"segunda-feira";"18:00:00";"MG";381;358;"JOAO MONLEVADE";"Falta de Atenção à Condução";"Colisão traseira";"Com Vítimas Feridas";"Anoitecer";"Decrescente";"Nublado";"Simples";"Reta";"Sim";2;0;1;0;1;0;1;2;-19,85592801;-43,21689055;"SPRF-MG";"DEL03-MG";"UOP01-DEL03-MG"
239209;2019-09-30;"segunda-feira";"17:15:00";"BA";101;426,8;"MARAU";"Ultrapassagem Indevida";"Atropelamento de Pedestre";"Com Vítimas Fatais";"Anoitecer";"Decrescente";"Céu Claro";"Simples";"Reta";"Sim";4;2;0;0;2;0;0;2;-14,26510203;-39,32585091;"SPRF-BA";"DEL05-BA";"UOP01-DEL05-BA"
239210;2019-09-30;"segunda-feira";"10:00:00";"MG";262;64,6;"MATIPO";"Velocidade Incompatível";"Saída de leito carroçável";"Sem Vítimas";"Pleno dia";"Crescente";"Nublado";"Simples";"Reta";"Não";1;0;0;0;0;1;0;1;-20,29548779;-42,24392398;"SPRF-MG";"DEL06-MG";"UOP03-DEL06-MG"
239211;2019-09-30;"segunda-feira";"18:10:00";"PE";101;77,8;"RECIFE";"Falta de Atenção à Condução";"Atropelamento de Pedestre";"Com Vítimas Feridas";"Plena Noite";"Crescente";"Céu Claro";"Dupla";"Reta";"Sim";2;0;1;1;0;0;2;2;-8,126982;-34,94386;"SPRF-PE";"DEL01-PE";"UOP01-DEL01-PE"
239212;2019-09-30;"segunda-feira";"18:15:00";"RN";406;148,4;"CEARA-MIRIM";"Animais na Pista";"Atropelamento de Animal";"Com Vítimas Feridas";"Plena Noite";"Crescente";"Céu Claro";"Simples";"Reta";"Não";1;0;1;0;0;0;1;1;-5,64738063;-35,45019595;"SPRF-RN";"DEL02-RN";"UOP01-DEL02-RN"
239213;2019-09-30;"segunda-feira";"17:55:00";"GO";40;72,2;"CRISTALINA";"Falta de Atenção à Condução";"Saída de leito carroçável";"Com Vítimas Feridas";"Anoitecer";"Crescente";"Céu Claro";"Dupla";"Reta;Aclive";"Não";1;0;1;0;0;0;1;1;-16,615897;-47,756002;"SPRF-DF";"DEL01-DF";"UOP02-DEL01-DF"
239214;2019-09-30;"segunda-feira";"18:20:00";"SC";280;53,8;"GUARAMIRIM";"Falta de Atenção à Condução";"Colisão traseira";"Com Vítimas Feridas";"Plena Noite";"Crescente";"Garoa/Chuvisco";"Simples";"Reta";"Não";3;0;2;0;1;0;2;2;-26,47236756;-48,97426617;"SPRF-SC";"DEL03-SC";"UOP03-DEL03-SC"
239217;2019-09-30;"segunda-feira";"14:20:00";"MT";364;5;"ALTO ARAGUAIA";"Falta de Atenção à Condução";"Capotamento";"Com Vítimas Feridas";"Pleno dia";"Decrescente";"Céu Claro";"Simples";"Reta";"Não";5;0;3;0;2;0;3;1;-17,28940522;-53,24444019;"SPRF-MT";"DEL02-MT";"UOP02-DEL02-MT"
239218;2019-09-30;"segunda-feira";"16:50:00";"PR";116;117;"CURITIBA";"Falta de Atenção à Condução";"Queda de ocupante de veículo";"Com Vítimas Feridas";"Pleno dia";"Crescente";"Céu Claro";"Dupla";"Curva";"Sim";1;0;1;0;0;0;1;1;-25,54988723;-49,28248211;"SPRF-PR";"DEL01-PR";"UOP03-DEL01-PR"
239219;2019-09-30;"segunda-feira";"18:10:00";"SC";101;323,1;"CAPIVARI DE BAIXO";"Agressão Externa";"Tombamento";"Com Vítimas Feridas";"Anoitecer";"Decrescente";"Céu Claro";"Dupla";"Aclive";"Sim";1;0;1;0;0;0;1;1;-28,42711947;-48,92807364;"SPRF-SC";"DEL02-SC";"UOP01-DEL02-SC"
239220;2019-09-30;"segunda-feira";"17:55:00";"SC";470;64;"INDAIAL";"Desobediência às normas de trânsito pelo condutor";"Colisão transversal";"Com Vítimas Feridas";"Anoitecer";"Crescente";"Nublado";"Simples";"Reta";"Sim";3;0;0;1;2;0;1;3;-26,869867;-49,201859;"SPRF-SC";"DEL04-SC";"UOP01-DEL04-SC"
239221;2019-09-30;"segunda-feira";"18:20:00";"PI";316;313;"PICOS";"Desobediência às normas de trânsito pelo condutor";"Colisão transversal";"Com Vítimas Feridas";"Plena Noite";"Decrescente";"Céu Claro";"Simples";"Reta";"Sim";2;0;1;0;1;0;1;2;-7,07959049;-41,44975182;"SPRF-PI";"DEL04-PI";"UOP01-DEL04-PI"
239222;2019-09-30;"segunda-feira";"17:30:00";"RJ";40;123;"DUQUE DE CAXIAS";"Desobediência às normas de trânsito pelo pedestre";"Atropelamento de Pedestre";"Com Vítimas Feridas";"Anoitecer";"Decrescente";"Céu Claro";"Múltipla";"Reta";"Sim";2;0;1;0;1;0;1;2;-22,79907687;-43,29015739;"SPRF-RJ";"DEL01-RJ";"UOP01-DEL01-RJ"
239223;2019-09-30;"segunda-feira";"17:30:00";"PR";116;113;"CURITIBA";"Não guardar distância de segurança";"Colisão traseira";"Sem Vítimas";"Pleno dia";"Decrescente";"Céu Claro";"Dupla";"Reta";"Sim";3;0;0;0;3;0;0;3;-25,56513636;-49,24675108;"SPRF-PR";"DEL01-PR";"UOP06-DEL01-PR"
239224;2019-09-30;"segunda-feira";"18:30:00";"RJ";465;13;"SEROPEDICA";"Falta de Atenção do Pedestre";"Atropelamento de Pedestre";"Com Vítimas Feridas";"Plena Noite";"Decrescente";"Nublado";"Simples";"Reta";"Sim";2;0;2;0;0;0;2;2;-22,798468;-43,645508;"SPRF-RJ";"DEL01-RJ";"UOP03-DEL01-RJ"
239226;2019-09-30;"segunda-feira";"18:30:00";"PR";376;140;"NOVA ESPERANCA";"Falta de Atenção à Condução";"Capotamento";"Com Vítimas Feridas";"Anoitecer";"Decrescente";"Céu Claro";"Dupla";"Viaduto";"Sim";1;0;1;0;0;0;1;1;-23,240108;-52,171955;"SPRF-PR";"DEL07-PR";"UOP02-DEL09-PR"
239227;2019-09-30;"segunda-feira";"18:30:00";"PR";369;156;"LONDRINA";"Sinalização da via insuficiente ou inadequada";"Queda de ocupante de veículo";"Com Vítimas Feridas";"Anoitecer";"Decrescente";"Céu Claro";"Dupla";"Reta";"Sim";2;0;1;0;1;0;1;1;-23,29195388;-51,21621788;"SPRF-PR";"DEL07-PR";"UOP01-DEL07-PR"
239228;2019-09-30;"segunda-feira";"18:20:00";"SE";235;46;"ITABAIANA";"Falta de Atenção à Condução";"Colisão transversal";"Com Vítimas Feridas";"Plena Noite";"Crescente";"Céu Claro";"Simples";"Reta";"Sim";3;0;2;1;0;0;3;2;-10,739394;-37,405602;"SPRF-SE";"DEL01-SE";"UOP02-DEL01-SE"
239229;2019-09-30;"segunda-feira";"16:45:00";"GO";50;280,6;"CATALAO";"Desobediência às normas de trânsito pelo condutor";"Colisão transversal";"Com Vítimas Feridas";"Pleno dia";"Crescente";"Céu Claro";"Simples";"Interseção de Vias";"Sim";2;0;1;0;1;0;1;2;-18,1784;-47,9362;"SPRF-GO";"DEL06-GO";"UOP01-DEL06-GO"
239230;2019-09-30;"segunda-feira";"18:39:00";"CE";116;14,9;"FORTALEZA";"Ingestão de álcool e/ou substâncias psicoativas pelo pedestre";"Atropelamento de Pedestre";"Com Vítimas Feridas";"Plena Noite";"Crescente";"Céu Claro";"Dupla";"Reta";"Sim";2;0;0;1;1;0;1;2;-3,877708;-38,500457;"SPRF-CE";"DEL01-CE";"UOP02-DEL01-CE"
239231;2019-09-30;"segunda-feira";"15:15:00";"SC";282;645,8;"SAO MIGUEL DO OESTE";"Falta de Atenção à Condução";"Colisão transversal";"Com Vítimas Feridas";"Pleno dia";"Decrescente";"Céu Claro";"Simples";"Reta";"Não";2;0;0;1;1;0;1;2;-26,765184;-53,487823;"SPRF-SC";"DEL07-SC";"UOP03-DEL07-SC"
239233;2019-09-30;"segunda-feira";"18:55:00";"ES";101;297,4;"VIANA";"Falta de Atenção à Condução";"Colisão traseira";"Com Vítimas Fatais";"Plena Noite";"Crescente";"Chuva";"Múltipla";"Reta;Ponte;Em Obras";"Sim";2;1;0;0;0;1;0;2;-20,34529844;-40,41026774;"SPRF-ES";"DEL01-ES";"UOP01-DEL01-ES"
239234;2019-09-30;"segunda-feira";"18:30:00";"TO";235;171,9;"TUPIRAMA";"Falta de Atenção à Condução";"Saída de leito carroçável";"Com Vítimas Fatais";"Plena Noite";"Decrescente";"Céu Claro";"Simples";"Reta";"Não";1;1;0;0;0;0;0;1;-8,97313177;-48,23214788;"SPRF-TO";"DEL02-TO";"UOP02-DEL02-TO"
239235;2019-09-30;"segunda-feira";"17:20:00";"BA";367;50,6;"PORTO SEGURO";"Desobediência às normas de trânsito pelo condutor";"Colisão transversal";"Com Vítimas Feridas";"Pleno dia";"Crescente";"Céu Claro";"Simples";"Interseção de Vias";"Não";4;0;3;0;1;0;3;2;-16,37614458;-39,29191589;"SPRF-BA";"DEL09-BA";"UOP01-DEL09-BA"
239236;2019-09-30;"segunda-feira";"12:00:00";"MS";262;584,7;"MIRANDA";"Falta de Atenção à Condução";"Saída de leito carroçável";"Sem Vítimas";"Pleno dia";"Decrescente";"Céu Claro";"Simples";"Reta";"Não";2;0;0;0;0;2;0;1;-20,1504566;-56,60063184;"SPRF-MS";"DEL03-MS";"UOP02-DEL03-MS"
239237;2019-09-30;"segunda-feira";"18:30:00";"TO";153;149,5;"ARAGUAINA";"Falta de Atenção à Condução";"Colisão traseira";"Com Vítimas Feridas";"Plena Noite";"Crescente";"Nublado";"Simples";"Reta";"Não";1;0;1;0;0;0;1;1;-7,239191;-48,254288;"SPRF-TO";"DEL02-TO";"UOP01-DEL02-TO"
239238;2019-09-30;"segunda-feira";"15:10:00";"AP";210;21;"MACAPA";"Ultrapassagem Indevida";"Saída de leito carroçável";"Com Vítimas Feridas";"Pleno dia";"Crescente";"Céu Claro";"Simples";"Reta";"Não";3;0;2;0;1;0;2;1;0,204595;-51,116596;"SPRF-AP";"DEL01-AP";"UOP01-DEL01-AP"
239239;2019-09-30;"segunda-feira";"19:15:00";"PR";376;167,9;"MARINGA";"Falta de Atenção à Condução";"Colisão com objeto estático";"Com Vítimas Feridas";"Plena Noite";"Crescente";"Céu Claro";"Dupla";"Retorno Regulamentado;Reta";"Não";3;0;2;0;0;1;2;2;-23,40324167;-51,99632075;"SPRF-PR";"DEL07-PR";"UOP01-DEL09-PR"
239241;2019-09-30;"segunda-feira";"19:00:00";"PB";230;145;"CAMPINA GRANDE";"Ingestão de Álcool";"Atropelamento de Pedestre";"Com Vítimas Feridas";"Plena Noite";"Decrescente";"Céu Claro";"Dupla";"Reta";"Sim";3;0;2;1;0;0;3;2;-7,2512;-35,8399;"SPRF-PB";"DEL02-PB";"UOP01-DEL02-PB"
239242;2019-09-30;"segunda-feira";"19:00:00";"RS";290;20,5;"SANTO ANTONIO DA PATRULHA";"Defeito na Via";"Colisão com objeto estático";"Sem Vítimas";"Plena Noite";"Decrescente";"Céu Claro";"Dupla";"Reta";"Não";1;0;0;0;1;0;0;1;-29,887421;-50,454643;"SPRF-RS";"DEL03-RS";"UOP01-DEL03-RS"
239243;2019-09-30;"segunda-feira";"18:15:00";"MS";163;256,4;"DOURADOS";"Ultrapassagem Indevida";"Colisão traseira";"Com Vítimas Fatais";"Plena Noite";"Crescente";"Nublado";"Dupla";"Reta";"Sim";3;1;0;0;2;0;0;3;-22,25897976;-54,79892777;"SPRF-MS";"DEL04-MS";"UOP01-DEL04-MS"
239244;2019-09-30;"segunda-feira";"18:05:00";"SC";280;166;"MAFRA";"Falta de Atenção à Condução";"Colisão traseira";"Com Vítimas Feridas";"Anoitecer";"Crescente";"Céu Claro";"Simples";"Reta";"Não";3;0;1;0;2;0;1;2;-26,17713619;-49,81611416;"SPRF-SC";"DEL06-SC";"UOP01-DEL06-SC"
239246;2019-09-30;"segunda-feira";"19:20:00";"PA";222;240;"MARABA";"Ingestão de Álcool";"Colisão traseira";"Com Vítimas Feridas";"Plena Noite";"Decrescente";"Céu Claro";"Dupla";"Reta";"Não";3;0;1;0;2;0;1;3;-5,322347;-49,084007;"SPRF-PA";"DEL03-PA";"UOP01-DEL03-PA"
239248;2019-09-30;"segunda-feira";"18:50:00";"ES";101;263;"SERRA";"Falta de Atenção à Condução";"Engavetamento";"Com Vítimas Feridas";"Anoitecer";"Decrescente";"Céu Claro";"Dupla";"Reta";"Sim";5;0;2;0;3;0;2;3;-20,16554736;-40,27301648;"SPRF-ES";"DEL02-ES";"UOP01-DEL02-ES"
239249;2019-09-30;"segunda-feira";"19:15:00";"RS";158;94,5;"PALMEIRA DAS MISSOES";"Ingestão de Álcool";"Colisão lateral";"Sem Vítimas";"Plena Noite";"Decrescente";"Céu Claro";"Simples";"Reta";"Não";2;0;0;0;2;0;0;2;-27,85231619;-53,32763839;"SPRF-RS";"DEL08-RS";"UOP02-DEL08-RS"
239250;2019-09-18;"quarta-feira";"07:15:00";"PI";343;3,4;"TERESINA";"Desobediência às normas de trânsito pelo condutor";"Colisão transversal";"Com Vítimas Feridas";"Pleno dia";"Crescente";"Céu Claro";"Múltipla";"Interseção de Vias";"Sim";2;0;1;1;0;0;2;2;-5,089569;-42,802288;"SPRF-PI";"DEL01-PI";"UOP01-DEL01-PI"
239252;2019-09-30;"segunda-feira";"18:20:00";"RR";174;510;"BOA VISTA";"Defeito na Via";"Saída de leito carroçável";"Com Vítimas Feridas";"Plena Noite";"Crescente";"Céu Claro";"Simples";"Reta";"Sim";1;0;1;0;0;0;1;1;2,861408;-60,69804;"SPRF-RR";"DEL01-RR";"UOP01-DEL01-RR"
239256;2019-09-30;"segunda-feira";"17:00:00";"TO";153;799,8;"TALISMA";"Pista Escorregadia";"Saída de leito carroçável";"Sem Vítimas";"Pleno dia";"Crescente";"Chuva";"Simples";"Reta";"Não";1;0;0;0;1;0;0;1;-12,80893094;-49,09652226;"SPRF-TO";"DEL02-TO";"UOP02-DEL01-TO"
239258;2019-09-30;"segunda-feira";"19:18:00";"MG";267;89,5;"JUIZ DE FORA";"Falta de Atenção à Condução";"Colisão traseira";"Com Vítimas Feridas";"Plena Noite";"Decrescente";"Céu Claro";"Simples";"Reta";"Sim";4;0;2;0;2;0;2;2;-21,74845016;-43,27285572;"SPRF-MG";"DEL05-MG";"UOP01-DEL05-MG"
239260;2019-09-30;"segunda-feira";"14:30:00";"MG";116;626,6;"ORIZANIA";"Falta de Atenção à Condução";"Saída de leito carroçável";"Com Vítimas Feridas";"Pleno dia";"Decrescente";"Nublado";"Simples";"Reta";"Não";4;0;3;0;0;1;3;2;-20,53947789;-42,20548153;"SPRF-MG";"DEL07-MG";"UOP03-DEL07-MG"
239264;2019-09-30;"segunda-feira";"20:10:00";"CE";116;448,6;"BARRO";"Falta de Atenção à Condução";"Colisão lateral";"Com Vítimas Feridas";"Plena Noite";"Decrescente";"Céu Claro";"Simples";"Reta";"Não";2;0;2;0;0;0;2;1;-7,09738907;-38,78248824;"SPRF-CE";"DEL05-CE";"UOP03-DEL05-CE"
239265;2019-09-30;"segunda-feira";"19:50:00";"PR";369;469,7;"CORBELIA";"Ultrapassagem Indevida";"Saída de leito carroçável";"Com Vítimas Feridas";"Plena Noite";"Decrescente";"Céu Claro";"Simples";"Reta";"Não";2;0;2;0;0;0;2;1;-24,5819;-53,1582;"SPRF-PR";"DEL04-PR";"UOP03-DEL04-PR"
239267;2019-09-30;"segunda-feira";"19:30:00";"MG";365;90,6;"JEQUITAI";"Velocidade Incompatível";"Colisão traseira";"Com Vítimas Feridas";"Plena Noite";"Crescente";"Nublado";"Simples";"Reta";"Não";4;0;2;0;2;0;2;2;-17,2046899;-44,44052917;"SPRF-MG";"DEL12-MG";"UOP01-DEL12-MG"
239269;2019-09-30;"segunda-feira";"17:00:00";"MG";116;408;"GOVERNADOR VALADARES";"Animais na Pista";"Atropelamento de Animal";"Com Vítimas Feridas";"Pleno dia";"Crescente";"Nublado";"Simples";"Reta";"Sim";1;0;1;0;0;0;1;1;-18,83296706;-41,98944569;"SPRF-MG";"DEL06-MG";"UOP01-DEL06-MG"
239271;2019-09-30;"segunda-feira";"16:00:00";"BA";116;374;"SERRINHA";"Ingestão de Álcool";"Saída de leito carroçável";"Sem Vítimas";"Pleno dia";"Decrescente";"Nublado";"Simples";"Aclive";"Não";1;0;0;0;1;0;0;1;-11,79708206;-38,9837332;"SPRF-BA";"DEL02-BA";"UOP01-DEL02-BA"
239274;2019-09-30;"segunda-feira";"21:30:00";"SP";116;217;"GUARULHOS";"Falta de Atenção à Condução";"Tombamento";"Com Vítimas Feridas";"Plena Noite";"Decrescente";"Céu Claro";"Múltipla";"Reta";"Sim";2;0;1;0;0;1;1;2;-23,45423824;-46,47119028;"SPRF-SP";"DEL01-SP";"UOP01-DEL01-SP"
239275;2019-09-30;"segunda-feira";"14:30:00";"MA";226;244,1;"TUNTUM";"Falta de Atenção à Condução";"Colisão traseira";"Com Vítimas Fatais";"Pleno dia";"Crescente";"Céu Claro";"Simples";"Reta";"Não";2;1;0;0;1;0;0;2;-5,38225109;-44,78924193;"SPRF-MA";"DEL03-MA";"UOP01-DEL03-MA"
239277;2019-09-30;"segunda-feira";"22:10:00";"ES";101;262,4;"SERRA";"Desobediência às normas de trânsito pelo condutor";"Colisão traseira";"Sem Vítimas";"Plena Noite";"Decrescente";"Chuva";"Dupla";"Reta";"Sim";2;0;0;0;2;0;0;2;-20,1572331;-40,27678329;"SPRF-ES";"DEL02-ES";"UOP01-DEL02-ES"
239278;2019-09-30;"segunda-feira";"22:00:00";"SC";101;205;"SAO JOSE";"Falta de Atenção à Condução";"Colisão traseira";"Com Vítimas Feridas";"Plena Noite";"Decrescente";"Garoa/Chuvisco";"Múltipla";"Reta";"Sim";3;0;0;1;2;0;1;3;-27,58313237;-48,61532885;"SPRF-SC";"DEL01-SC";"UOP01-DEL01-SC"
239279;2019-09-30;"segunda-feira";"21:50:00";"SC";101;205,5;"SAO JOSE";"Falta de Atenção à Condução";"Tombamento";"Com Vítimas Feridas";"Plena Noite";"Crescente";"Garoa/Chuvisco";"Dupla";"Reta";"Sim";1;0;1;0;0;0;1;1;-27,58718054;-48,61666192;"SPRF-SC";"DEL01-SC";"UOP01-DEL01-SC"
239280;2019-01-23;"quarta-feira";"09:50:00";"SC";101;262;"GAROPABA";"Velocidade Incompatível";"Colisão com objeto estático";"Com Vítimas Feridas";"Pleno dia";"Decrescente";"Céu Claro";"Dupla";"Declive;Reta";"Sim";2;0;1;0;1;0;1;2;-28,0489;-48,7154;"SPRF-SC";"DEL02-SC";"UOP03-DEL02-SC"
239282;2019-09-30;"segunda-feira";"21:40:00";"RS";386;358,7;"ESTRELA";"Falta de Atenção à Condução";"Colisão traseira";"Com Vítimas Feridas";"Plena Noite";"Crescente";"Céu Claro";"Dupla";"Reta";"Não";2;0;1;0;1;0;1;2;-29,53306;-51,919636;"SPRF-RS";"DEL04-RS";"UOP02-DEL04-RS"
239283;2019-09-30;"segunda-feira";"21:20:00";"PE";423;94,1;"GARANHUNS";"Ingestão de Álcool";"Colisão traseira";"Sem Vítimas";"Plena Noite";"Decrescente";"Céu Claro";"Dupla";"Reta";"Sim";2;0;0;0;2;0;0;2;-8,874732;-36,46946;"SPRF-PE";"DEL03-PE";"UOP01-DEL03-PE"
239284;2019-09-30;"segunda-feira";"21:35:00";"RS";290;95;"PORTO ALEGRE";"Falta de Atenção à Condução";"Capotamento";"Com Vítimas Feridas";"Plena Noite";"Decrescente";"Céu Claro";"Simples";"Reta";"Sim";1;0;1;0;0;0;1;1;-29,982832;-51,201572;"SPRF-RS";"DEL01-RS";"UOP01-DEL01-RS"
239286;2019-09-30;"segunda-feira";"19:30:00";"MS";267;15;"BATAGUASSU";"Falta de Atenção à Condução";"Saída de leito carroçável";"Sem Vítimas";"Plena Noite";"Crescente";"Céu Claro";"Dupla";"Reta";"Sim";2;0;0;0;2;0;0;1;-21,72527166;-52,26832897;"SPRF-MS";"DEL02-MS";"UOP04-DEL02-MS"
239288;2019-09-30;"segunda-feira";"22:35:00";"DF";70;17,6;"BRASILIA";"Condutor Dormindo";"Colisão traseira";"Com Vítimas Feridas";"Plena Noite";"Decrescente";"Céu Claro";"Dupla";"Reta";"Não";2;0;1;0;1;0;1;2;-15,794133;-48,202095;"SPRF-DF";"DEL01-DF";"UOP02-DEL03-DF"
239289;2019-09-30;"segunda-feira";"23:15:00";"ES";262;2,1;"CARIACICA";"Desobediência às normas de trânsito pelo condutor";"Colisão transversal";"Com Vítimas Feridas";"Plena Noite";"Decrescente";"Chuva";"Dupla";"Reta";"Sim";3;0;1;0;2;0;1;2;-20,33275688;-40,36077696;"SPRF-ES";"DEL01-ES";"UOP01-DEL01-ES"
239292;2019-09-30;"segunda-feira";"23:00:00";"PA";230;151;"MARABA";"Animais na Pista";"Queda de ocupante de veículo";"Com Vítimas Feridas";"Plena Noite";"Decrescente";"Céu Claro";"Simples";"Reta";"Não";2;0;1;0;1;0;1;1;-5,26792547;-49,31200766;"SPRF-PA";"DEL03-PA";"UOP01-DEL03-PA"
239293;2019-09-30;"segunda-feira";"23:15:00";"PR";277;75;"SAO JOSE DOS PINHAIS";"Falta de Atenção à Condução";"Colisão com objeto estático";"Com Vítimas Feridas";"Plena Noite";"Decrescente";"Garoa/Chuvisco";"Dupla";"Reta";"Sim";1;0;1;0;0;0;1;1;-25,51327981;-49,12433291;"SPRF-PR";"DEL01-PR";"UOP01-DEL01-PR"
239294;2019-09-30;"segunda-feira";"23:00:00";"GO";153;241;"SAO LUIZ DO NORTE";"Ingestão de Álcool";"Colisão frontal";"Sem Vítimas";"Plena Noite";"Decrescente";"Céu Claro";"Simples";"Reta";"Não";2;0;0;0;2;0;0;2;-14,847207;-49,314575;"SPRF-GO";"DEL07-GO";"UOP01-DEL07-GO"
239295;2019-09-30;"segunda-feira";"23:00:00";"ES";101;263;"SERRA";"Desobediência às normas de trânsito pelo condutor";"Colisão transversal";"Com Vítimas Feridas";"Plena Noite";"Crescente";"Chuva";"Dupla";"Interseção de Vias";"Sim";5;0;2;0;3;0;2;2;-20,16554736;-40,27301648;"SPRF-ES";"DEL02-ES";"UOP01-DEL02-ES"
239298;2019-09-30;"segunda-feira";"23:02:00";"PR";277;0,3;"PARANAGUA";"Falta de Atenção do Pedestre";"Atropelamento de Pedestre";"Com Vítimas Feridas";"Plena Noite";"Crescente";"Céu Claro";"Simples";"Reta";"Não";2;0;1;1;0;0;2;2;-25,568198;-48,615292;"SPRF-PR";"DEL01-PR";"UOP05-DEL01-PR"
239299;2019-09-30;"segunda-feira";"23:40:00";"PR";116;8,9;"COLOMBO";"Velocidade Incompatível";"Colisão com objeto estático";"Com Vítimas Feridas";"Plena Noite";"Crescente";"Céu Claro";"Dupla";"Reta";"Sim";1;0;0;1;0;0;1;1;-25,3697;-49,1158;"SPRF-PR";"DEL01-PR";"UOP01-DEL01-PR"
239301;2019-10-01;"terça-feira";"00:10:00";"PR";369;147;"LONDRINA";"Falta de Atenção à Condução";"Colisão lateral";"Com Vítimas Feridas";"Plena Noite";"Decrescente";"Céu Claro";"Dupla";"Reta;Interseção de Vias";"Sim";3;0;1;0;1;1;1;3;-23,29307729;-51,14297211;"SPRF-PR";"DEL07-PR";"UOP01-DEL07-PR"
239302;2019-09-30;"segunda-feira";"23:45:00";"MG";40;357,4;"FELIXLANDIA";"Falta de Atenção do Pedestre";"Atropelamento de Pedestre";"Com Vítimas Fatais";"Plena Noite";"Crescente";"Céu Claro";"Simples";"Reta";"Não";2;1;0;0;1;0;0;2;-18,73166974;-44,87334188;"SPRF-MG";"DEL02-MG";"UOP01-DEL02-MG"
239304;2019-10-01;"terça-feira";"00:40:00";"PR";277;654,6;"MATELANDIA";"Falta de Atenção à Condução";"Saída de leito carroçável";"Com Vítimas Feridas";"Plena Noite";"Crescente";"Céu Claro";"Simples";"Curva";"Não";3;0;3;0;0;0;3;1;-25,22232211;-53,9513177;"SPRF-PR";"DEL05-PR";"UOP02-DEL05-PR"