"id";"data_inversa";"dia_semana";"horario";"uf";"br";"km";"municipio";"causa_acidente";"tipo_acidente";"classificacao_acidente";"fase_dia";"sentido_via";"condicao_metereologica";"tipo_pista";"tracado_via";"uso_solo";"pessoas";"mortos";"feridos_leves";"feridos_graves";"ilesos";"ignorados";"feridos";"veiculos";"latitude";"longitude";"regional";"delegacia";"uop"
239441;2019-10-01;"terça-feira";"19:00:00";"RJ";101;493;"ANGRA DOS REIS";"Animais na Pista";"Atropelamento de Animal";"Com Vítimas Feridas";"Plena Noite";"Crescente";"Céu Claro";"Simples";"Curva";"Não";1;0;0;1;0;0;1;1;-22,94374503;-44,32522199;"SPRF-RJ";"DEL03-RJ";"UOP02-DEL03-RJ"
239444;2019-10-01;"terça-feira";"18:30:00";"SC";282;212,3;"LAGES";"Desobediência às normas de trânsito pelo condutor";"Colisão transversal";"Sem Vítimas";"Anoitecer";"Decrescente";"Céu Claro";"Simples";"Interseção de Vias";"Não";3;0;0;0;3;0;0;2;-27,782257;-50,251381;"SPRF-SC";"DEL05-SC";"UOP01-DEL05-SC"
239445;2019-10-01;"terça-feira";"18:50:00";"ES";101;147;"LINHARES";"Desobediência às normas de trânsito pelo condutor";"Colisão transversal";"Com Vítimas Feridas";"Plena Noite";"Decrescente";"Céu Claro";"Dupla";"Interseção de Vias";"Sim";2;0;0;1;1;0;1;2;-19,37887202;-40,06657892;"SPRF-ES";"DEL04-ES";"UOP01-DEL04-ES"
239446;2019-10-01;"terça-feira";"12:45:00";"MG";381;755,5;"TRES CORACOES";"Velocidade Incompatível";"Queda de ocupante de veículo";"Com Vítimas Feridas";"Pleno dia";"Decrescente";"Sol";"Dupla";"Interseção de Vias;Reta;Aclive";"Não";1;0;1;0;0;0;1;1;-21,66988201;-45,32934308;"SPRF-MG";"DEL16-MG";"UOP02-DEL16-MG"
239447;2019-10-01;"terça-feira";"18:45:00";"RS";293;1;"PELOTAS";"Desobediência às normas de trânsito pelo condutor";"Colisão transversal";"Com Vítimas Feridas";"Plena Noite";"Crescente";"Nublado";"Simples";"Interseção de Vias";"Sim";6;0;4;0;2;0;4;2;-31,760326;-52,356205;"SPRF-RS";"DEL07-RS";"UOP01-DEL07-RS"
239448;2019-10-01;"terça-feira";"18:00:00";"PR";116;15,8;"COLOMBO";"Falta de Atenção do Pedestre";"Atropelamento de Pedestre";"Com Vítimas Feridas";"Plena Noite";"Decrescente";"Céu Claro";"Dupla";"Reta";"Não";2;0;1;0;1;0;1;2;-25,38417553;-49,16949928;"SPRF-PR";"DEL01-PR";"UOP01-DEL01-PR"
239449;2019-10-01;"terça-feira";"18:20:00";"PE";232;94;"BEZERROS";"Objeto estático sobre o leito carroçável";"Colisão com objeto estático";"Sem Vítimas";"Plena Noite";"Crescente";"Céu Claro";"Dupla";"Reta";"Não";3;0;0;0;3;0;0;3;-8,22473335;-35,69081624;"SPRF-PE";"DEL01-PE";"UOP02-DEL02PE"
239450;2019-10-01;"terça-feira";"12:10:00";"BA";101;585;"CAMACAN";"Falta de Atenção à Condução";"Colisão lateral";"Com Vítimas Feridas";"Pleno dia";"Decrescente";"Chuva";"Simples";"Reta";"Não";2;0;1;0;1;0;1;2;-15,54896312;-39,40165211;"SPRF-BA";"DEL05-BA";"UOP02-DEL05-BA"
239451;2019-10-01;"terça-feira";"18:15:00";"MS";163;270;"DOURADOS";"Ingestão de Álcool";"Saída de leito carroçável";"Sem Vítimas";"Plena Noite";"Crescente";"Céu Claro";"Dupla";"Rotatória";"Não";1;0;0;0;1;0;0;1;-22,194847;-54,69295;"SPRF-MS";"DEL04-MS";"UOP01-DEL04-MS"
239453;2019-10-01;"terça-feira";"16:30:00";"BA";101;570;"ARATACA";"Pista Escorregadia";"Saída de leito carroçável";"Sem Vítimas";"Pleno dia";"Decrescente";"Chuva";"Múltipla";"Curva";"Não";11;0;0;0;11;0;0;1;-15,3853068;-39,48541982;"SPRF-BA";"DEL05-BA";"UOP02-DEL05-BA"
239455;2019-10-01;"terça-feira";"18:15:00";"RS";448;19;"CANOAS";"Defeito Mecânico no Veículo";"Colisão com objeto estático";"Com Vítimas Feridas";"Pleno dia";"Crescente";"Céu Claro";"Múltipla";"Reta";"Sim";1;0;1;0;0;0;1;1;-29,951647;-51,203125;"SPRF-RS";"DEL01-RS";"UOP01-DEL01-RS"
239458;2019-10-01;"terça-feira";"19:00:00";"PB";230;15;"CABEDELO";"Não guardar distância de segurança";"Colisão traseira";"Com Vítimas Feridas";"Plena Noite";"Decrescente";"Céu Claro";"Dupla";"Viaduto";"Sim";4;0;1;1;2;0;2;3;-7,0844;-34,8488;"SPRF-PB";"DEL01-PB";"UOP01-DEL01-PB"
239460;2019-10-01;"terça-feira";"19:15:00";"SC";470;27;"GASPAR";"Defeito Mecânico no Veículo";"Incêndio";"Sem Vítimas";"Plena Noite";"Decrescente";"Céu Claro";"Dupla";"Reta";"Não";1;0;0;0;1;0;0;1;-26,891006;-48,884411;"SPRF-SC";"DEL04-SC";"UOP04-DEL04-SC"
239461;2019-10-01;"terça-feira";"18:00:00";"AC";364;137,7;"RIO BRANCO";"Defeito na Via";"Colisão traseira";"Com Vítimas Feridas";"Plena Noite";"Decrescente";"Céu Claro";"Dupla";"Reta";"Não";2;0;0;1;0;1;1;2;-9,96935404;-67,85264513;"SPRF-AC";"DEL01-AC";"UOP01-DEL01-AC"
239462;2019-10-01;"terça-feira";"18:40:00";"RJ";101;193;"CASIMIRO DE ABREU";"Ingestão de Álcool";"Colisão traseira";"Sem Vítimas";"Plena Noite";"Decrescente";"Céu Claro";"Múltipla";"Reta";"Não";2;0;0;0;2;0;0;2;-22,47714247;-42,0904064;"SPRF-RJ";"DEL02-RJ";"UOP04-DEL08-RJ"
239463;2019-10-01;"terça-feira";"20:10:00";"SC";470;47,9;"BLUMENAU";"Desobediência às normas de trânsito pelo condutor";"Colisão lateral";"Com Vítimas Feridas";"Plena Noite";"Decrescente";"Céu Claro";"Simples";"Reta";"Sim";2;0;0;1;0;1;1;2;-26,864044;-49,046516;"SPRF-SC";"DEL04-SC";"UOP01-DEL04-SC"
239464;2019-10-01;"terça-feira";"19:00:00";"PR";476;169,1;"CONTENDA";"Falta de Atenção à Condução";"Saída de leito carroçável";"Sem Vítimas";"Plena Noite";"Decrescente";"Céu Claro";"Simples";"Interseção de Vias";"Não";1;0;0;0;1;0;0;1;-25,66814673;-49,50419253;"SPRF-PR";"DEL01-PR";"UOP06-DEL01-PR"
239465;2019-10-01;"terça-feira";"21:00:00";"PR";277;92;"SAO JOSE DOS PINHAIS";"Desobediência às normas de trânsito pelo condutor";"Saída de leito carroçável";"Sem Vítimas";"Pleno dia";"Crescente";"Céu Claro";"Dupla";"Rotatória";"Não";1;0;0;0;1;0;0;1;-25,51113786;-49,12549496;"SPRF-PR";"DEL01-PR";"UOP03-DEL01-PR"
239466;2019-10-01;"terça-feira";"19:45:00";"SC";470;65,2;"INDAIAL";"Desobediência às normas de trânsito pelo condutor";"Colisão transversal";"Com Vítimas Feridas";"Plena Noite";"Decrescente";"Céu Claro";"Simples";"Reta";"Sim";2;0;0;1;1;0;1;2;-26,870411;-49,211864;"SPRF-SC";"DEL04-SC";"UOP01-DEL04-SC"
239467;2019-10-01;"terça-feira";"20:50:00";"RS";285;299,7;"PASSO FUNDO";"Desobediência às normas de trânsito pelo condutor";"Tombamento";"Com Vítimas Feridas";"Plena Noite";"Crescente";"Céu Claro";"Simples";"Reta";"Sim";2;0;0;1;0;1;1;2;-28,234184;-52,43314;"SPRF-RS";"DEL08-RS";"UOP03-DEL08-RS"
239468;2019-10-01;"terça-feira";"18:30:00";"MG";365;405;"PATOS DE MINAS";"Falta de Atenção do Pedestre";"Atropelamento de Pedestre";"Com Vítimas Feridas";"Plena Noite";"Decrescente";"Céu Claro";"Dupla";"Rotatória";"Não";2;0;2;0;0;0;2;2;-18,63548589;-46,48266962;"SPRF-MG";"DEL10-MG";"UOP01-DEL10-MG"
239470;2019-10-01;"terça-feira";"20:50:00";"SP";381;36;"ATIBAIA";"Falta de Atenção à Condução";"Capotamento";"Sem Vítimas";"Plena Noite";"Decrescente";"Céu Claro";"Dupla";"Reta";"Não";1;0;0;0;1;0;0;1;-23,09707232;-46,57180706;"SPRF-SP";"DEL03-SP";"UOP02-DEL03-SP"
239471;2019-10-01;"terça-feira";"19:40:00";"MG";50;178;"UBERABA";"Falta de Atenção à Condução";"Saída de leito carroçável";"Sem Vítimas";"Plena Noite";"Decrescente";"Céu Claro";"Dupla";"Em Obras";"Sim";1;0;0;0;1;0;0;1;-19,77896821;-47,94093599;"SPRF-MG";"DEL13-MG";"UOP01-DEL13-MG"
239472;2019-10-01;"terça-feira";"21:50:00";"RJ";393;268;"BARRA DO PIRAI";"Falta de Atenção à Condução";"Colisão frontal";"Com Vítimas Feridas";"Plena Noite";"Decrescente";"Céu Claro";"Simples";"Rotatória";"Não";5;0;1;1;2;1;2;3;-22,48780458;-43,90932706;"SPRF-RJ";"DEL05-RJ";"UOP04-DEL05-RJ"
239474;2019-10-01;"terça-feira";"17:30:00";"MG";262;443,4;"NOVA SERRANA";"Falta de Atenção à Condução";"Colisão lateral";"Com Vítimas Feridas";"Pleno dia";"Decrescente";"Céu Claro";"Dupla";"Rotatória";"Sim";2;0;2;0;0;0;2;1;-19,88065393;-44,92197102;"SPRF-MG";"DEL08-MG";"UOP03-DEL08-MG"
239476;2019-10-01;"terça-feira";"22:05:00";"MG";116;521,6;"CARATINGA";"Falta de Atenção à Condução";"Colisão com objeto estático";"Com Vítimas Feridas";"Plena Noite";"Decrescente";"Céu Claro";"Simples";"Curva";"Não";1;0;0;1;0;0;1;1;-19,7341039;-42,13264957;"SPRF-MG";"DEL06-MG";"UOP02-DEL06-MG"
239505;2019-10-01;"terça-feira";"22:20:00";"RJ";40;113,9;"DUQUE DE CAXIAS";"Desobediência às normas de trânsito pelo pedestre";"Atropelamento de Pedestre";"Com Vítimas Fatais";"Plena Noite";"Decrescente";"Céu Claro";"Múltipla";"Reta";"Não";3;1;0;0;2;0;0;2;-22,71838867;-43,2898289;"SPRF-RJ";"DEL01-RJ";"UOP01-DEL01-RJ"
239558;2019-10-01;"terça-feira";"22:15:00";"SP";381;30,7;"ATIBAIA";"Falta de Atenção à Condução";"Colisão com objeto estático";"Com Vítimas Feridas";"Plena Noite";"Crescente";"Céu Claro";"Dupla";"Reta";"Sim";1;0;0;1;0;0;1;1;-23,05407916;-46,56899309;"SPRF-SP";"DEL03-SP";"UOP02-DEL03-SP"
239560;2019-10-01;"terça-feira";"22:30:00";"RS";158;328;"SANTA MARIA";"Defeito Mecânico no Veículo";"Saída de leito carroçável";"Sem Vítimas";"Plena Noite";"Decrescente";"Céu Claro";"Simples";"Reta";"Não";1;0;0;0;1;0;0;1;-29,71112906;-53,81968204;"SPRF-RS";"DEL09-RS";"UOP01-DEL09-RS"
239561;2019-10-01;"terça-feira";"21:10:00";"RJ";356;67;"ITALVA";"Falta de Atenção à Condução";"Colisão transversal";"Com Vítimas Feridas";"Plena Noite";"Decrescente";"Céu Claro";"Simples";"Reta";"Sim";2;0;0;1;1;0;1;2;-21,36534293;-41,70754158;"SPRF-RJ";"DEL08-RJ";"UOP03-DEL08-RJ"
239564;2019-10-01;"terça-feira";"23:30:00";"PR";376;386,4;"IMBAU";"Velocidade Incompatível";"Capotamento";"Sem Vítimas";"Plena Noite";"Decrescente";"Ignorado";"Simples";"Curva";"Sim";1;0;0;0;0;1;0;1;-24,44945014;-50,75891918;"SPRF-PR";"DEL03-PR";"UOP02-DEL03-PR"
239565;2019-10-01;"terça-feira";"20:45:00";"PR";272;424,3;"GOIOERE";"Agressão Externa";"Capotamento";"Com Vítimas Feridas";"Plena Noite";"Decrescente";"Céu Claro";"Simples";"Reta";"Não";3;0;1;0;2;0;1;1;-24,16379686;-52,91026706;"SPRF-PR";"DEL04-PR";"UOP03-DEL09-PR"
239567;2019-10-01;"terça-feira";"23:00:00";"SP";116;231;"SAO PAULO";"Velocidade Incompatível";"Colisão traseira";"Com Vítimas Feridas";"Plena Noite";"Decrescente";"Nublado";"Múltipla";"Reta";"Sim";2;0;1;0;0;1;1;2;-23,5290581;-46,59398303;"SPRF-SP";"DEL01-SP";"UOP01-DEL01-SP"
239568;2019-10-01;"terça-feira";"21:50:00";"PR";376;174;"MARINGA";"Ingestão de Álcool";"Colisão transversal";"Com Vítimas Feridas";"Plena Noite";"Decrescente";"Céu Claro";"Múltipla";"Reta";"Sim";3;0;2;0;1;0;2;2;-23,41430102;-51,94984299;"SPRF-PR";"DEL07-PR";"UOP01-DEL09-PR"
239571;2019-10-01;"terça-feira";"23:30:00";"RN";304;302;"MACAIBA";"Defeito Mecânico no Veículo";"Incêndio";"Sem Vítimas";"Plena Noite";"Decrescente";"Céu Claro";"Dupla";"Reta";"Não";1;0;0;0;1;0;0;1;-5,87937446;-35,29790983;"SPRF-RN";"DEL01-RN";"UOP02-DEL01-RN"
239572;2019-10-01;"terça-feira";"23:00:00";"RS";386;407,3;"TRIUNFO";"Falta de Atenção à Condução";"Saída de leito carroçável";"Com Vítimas Feridas";"Plena Noite";"Crescente";"Nublado";"Dupla";"Curva;Declive";"Não";2;0;2;0;0;0;2;1;-29,786842;-51,543865;"SPRF-RS";"DEL04-RS";"UOP02-DEL04-RS"
239573;2019-10-01;"terça-feira";"20:10:00";"PR";153;85,1;"CONSELHEIRO MAIRINCK";"Ingestão de Álcool";"Colisão transversal";"Com Vítimas Feridas";"Plena Noite";"Crescente";"Céu Claro";"Simples";"Reta";"Não";3;0;1;0;2;0;1;2;-23,64811606;-50,15257203;"SPRF-PR";"DEL07-PR";"UOP04-DEL07-PR"
239574;2019-10-01;"terça-feira";"19:40:00";"BA";101;816;"ITAMARAJU";"Falta de Atenção à Condução";"Saída de leito carroçável";"Com Vítimas Feridas";"Plena Noite";"Crescente";"Céu Claro";"Simples";"Curva";"Não";1;0;0;1;0;0;1;1;-17,20591694;-39,5982188;"SPRF-BA";"DEL09-BA";"UOP01-DEL09-BA"
239575;2019-10-01;"terça-feira";"23:00:00";"PR";116;205,9;"RIO NEGRO";"Ingestão de Álcool";"Saída de leito carroçável";"Sem Vítimas";"Plena Noite";"Crescente";"Nublado";"Simples";"Declive";"Não";1;0;0;0;1;0;0;1;-26,05749692;-49,72632005;"SPRF-SC";"DEL06-SC";"UOP01-DEL06-SC"
239576;2019-10-01;"terça-feira";"23:20:00";"SC";282;52,9;"AGUAS MORNAS";"Falta de Atenção à Condução";"Saída de leito carroçável";"Sem Vítimas";"Plena Noite";"Decrescente";"Céu Claro";"Simples";"Curva";"Não";1;0;0;0;1;0;0;1;-27,696936;-48,964138;"SPRF-SC";"DEL01-SC";"UOP03-DEL01-SC"
239578;2019-10-02;"quarta-feira";"01:40:00";"SP";116;223;"GUARULHOS";"Ingestão de Álcool";"Saída de leito carroçável";"Sem Vítimas";"Plena Noite";"Decrescente";"Céu Claro";"Múltipla";"Reta";"Sim";1;0;0;0;1;0;0;1;-23,47559815;-46,5246609;"SPRF-SP";"DEL01-SP";"UOP01-DEL01-SP"
239579;2019-10-01;"terça-feira";"20:45:00";"CE";402;282;"ITAPIPOCA";"Restrição de Visibilidade";"Queda de ocupante de veículo";"Com Vítimas Fatais";"Plena Noite";"Decrescente";"Céu Claro";"Simples";"Reta";"Não";3;1;0;1;0;1;1;2;-3,56877708;-39,46260013;"SPRF-CE";"DEL01-CE";"UOP03-DEL01-CE"
239582;2019-08-15;"quinta-feira";"10:00:00";"PI";316;4,9;"TERESINA";"Falta de Atenção à Condução";"Colisão lateral";"Sem Vítimas";"Pleno dia";"Crescente";"Céu Claro";"Simples";"Reta";"Sim";2;0;0;0;2;0;0;2;-5,13655894;-42,78900388;"SPRF-PI";"DEL01-PI";"UOP02-DEL01-PI"
239584;2019-10-02;"quarta-feira";"03:00:00";"RS";470;10,9;"BARRACAO";"Defeito Mecânico no Veículo";"Incêndio";"Sem Vítimas";"Plena Noite";"Decrescente";"Céu Claro";"Simples";"Reta";"Não";1;0;0;0;0;1;0;1;-27,67053039;-51,45515442;"SPRF-RS";"DEL08-RS";"UOP05-DEL08-RS"
239585;2019-04-20;"sábado";"18:40:00";"RN";101;84,6;"NATAL";"Não guardar distância de segurança";"Colisão traseira";"Sem Vítimas";"Plena Noite";"Decrescente";"Garoa/Chuvisco";"Dupla";"Reta";"Sim";5;0;0;0;2;3;0;3;-5,77456968;-35,2569142;"SPRF-RN";"DEL02-RN";"UOP01-DEL02-RN"
239591;2019-10-02;"quarta-feira";"05:00:00";"RN";226;4;"NATAL";"Animais na Pista";"Atropelamento de Animal";"Com Vítimas Feridas";"Amanhecer";"Crescente";"Céu Claro";"Simples";"Reta";"Sim";1;0;0;1;0;0;1;1;-5,81958019;-35,25969486;"SPRF-RN";"DEL01-RN";"UOP02-DEL01-RN"
239592;2019-10-02;"quarta-feira";"06:00:00";"PR";376;244;"APUCARANA";"Defeito Mecânico no Veículo";"Colisão com objeto estático";"Com Vítimas Feridas";"Pleno dia";"Crescente";"Céu Claro";"Simples";"Em Obras";"Não";2;0;0;2;0;0;2;1;-23,58059159;-51,42316639;"SPRF-PR";"DEL07-PR";"UOP03-DEL07-PR"
239593;2019-10-02;"quarta-feira";"03:20:00";"SC";470;86;"RODEIO";"Falta de Atenção à Condução";"Saída de leito carroçável";"Com Vítimas Feridas";"Plena Noite";"Crescente";"Céu Claro";"Simples";"Curva";"Não";2;0;0;2;0;0;2;1;-26,949951;-49,357296;"SPRF-SC";"DEL04-SC";"UOP01-DEL04-SC"
239595;2019-10-02;"quarta-feira";"05:50:00";"SC";101;213,5;"PALHOCA";"Falta de Atenção à Condução";"Queda de ocupante de veículo";"Com Vítimas Feridas";"Amanhecer";"Decrescente";"Céu Claro";"Múltipla";"Reta";"Não";2;0;1;0;1;0;1;2;-27,63697369;-48,66514142;"SPRF-SC";"DEL01-SC";"UOP02-DEL01-SC"
239596;2019-10-02;"quarta-feira";"05:52:00";"RJ";101;327,5;"RIO DE JANEIRO";"Não guardar distância de segurança";"Colisão traseira";"Com Vítimas Feridas";"Pleno dia";"Crescente";"Céu Claro";"Dupla";"Reta";"Sim";3;0;2;0;1;0;2;2;-22,87117393;-43,15595099;"SPRF-RJ";"DEL02-RJ";"UOP02-DEL02-RJ"
239597;2019-10-02;"quarta-feira";"06:30:00";"RJ";116;129;"MAGE";"Restrição de Visibilidade";"Colisão com objeto estático";"Sem Vítimas";"Pleno dia";"Decrescente";"Céu Claro";"Dupla";"Reta";"Não";1;0;0;0;1;0;0;1;-22,66471224;-43,11056004;"SPRF-RJ";"DEL04-RJ";"UOP02-DEL04-RJ"
239599;2019-10-02;"quarta-feira";"07:15:00";"RS";158;332,7;"SANTA MARIA";"Falta de Atenção à Condução";"Colisão lateral";"Com Vítimas Feridas";"Pleno dia";"Decrescente";"Garoa/Chuvisco";"Dupla";"Declive;Retorno Regulamentado;Curva";"Sim";2;0;1;0;1;0;1;2;-29,70845416;-53,85311734;"SPRF-RS";"DEL09-RS";"UOP01-DEL09-RS"
239600;2019-10-02;"quarta-feira";"07:20:00";"GO";50;282,7;"CATALAO";"Animais na Pista";"Atropelamento de Animal";"Com Vítimas Feridas";"Pleno dia";"Crescente";"Céu Claro";"Simples";"Curva";"Sim";1;0;1;0;0;0;1;1;-18,1896;-47,9511;"SPRF-GO";"DEL06-GO";"UOP01-DEL06-GO"
239601;2019-10-02;"quarta-feira";"07:20:00";"RJ";101;67,2;"CAMPOS DOS GOYTACAZES";"Falta de Atenção à Condução";"Colisão transversal";"Com Vítimas Feridas";"Pleno dia";"Decrescente";"Céu Claro";"Simples";"Reta";"Sim";2;0;1;0;1;0;1;2;-21,76751094;-41,34876249;"SPRF-RJ";"DEL08-RJ";"UOP02-DEL08-RJ"
239602;2019-10-02;"quarta-feira";"07:00:00";"MG";116;416,1;"GOVERNADOR VALADARES";"Falta de Atenção do Pedestre";"Atropelamento de Pedestre";"Com Vítimas Feridas";"Pleno dia";"Decrescente";"Céu Claro";"Simples";"Reta";"Sim";4;0;4;0;0;0;4;3;-18,89215187;-41,94699543;"SPRF-MG";"DEL06-MG";"UOP01-DEL06-MG"
239603;2019-09-27;"sexta-feira";"18:05:00";"SC";282;502,6;"XANXERE";"Desobediência às normas de trânsito pelo condutor";"Colisão transversal";"Com Vítimas Feridas";"Pleno dia";"Crescente";"Sol";"Dupla";"Declive;Interseção de Vias";"Sim";2;0;0;1;1;0;1;2;-26,884584;-52,390911;"SPRF-SC";"DEL07-SC";"UOP01-DEL07-SC"
239604;2019-10-02;"quarta-feira";"07:10:00";"PR";376;180,9;"MARINGA";"Falta de Atenção à Condução";"Queda de ocupante de veículo";"Com Vítimas Feridas";"Pleno dia";"Decrescente";"Céu Claro";"Múltipla";"Interseção de Vias";"Sim";2;0;1;0;1;0;1;2;-23,43174904;-51,88808441;"SPRF-PR";"DEL07-PR";"UOP01-DEL09-PR"
239605;2019-10-02;"quarta-feira";"07:50:00";"RJ";40;123,8;"RIO DE JANEIRO";"Falta de Atenção à Condução";"Colisão lateral";"Com Vítimas Feridas";"Pleno dia";"Crescente";"Sol";"Múltipla";"Reta";"Sim";2;0;2;0;0;0;2;2;-22,8061868;-43,28956788;"SPRF-RJ";"DEL01-RJ";"UOP01-DEL01-RJ"
239606;2019-10-02;"quarta-feira";"07:40:00";"PE";232;253,2;"ARCOVERDE";"Desobediência às normas de trânsito pelo condutor";"Colisão lateral";"Com Vítimas Feridas";"Pleno dia";"Crescente";"Céu Claro";"Simples";"Curva";"Sim";3;0;2;0;1;0;2;2;-8,42934213;-37,06027064;"SPRF-PE";"DEL03-PE";"UOP02-DEL03-PE"
239607;2019-10-02;"quarta-feira";"06:00:00";"SC";280;165,8;"MAFRA";"Ingestão de Substâncias Psicoativas";"Danos eventuais";"Sem Vítimas";"Amanhecer";"Crescente";"Nublado";"Simples";"Reta";"Não";1;0;0;0;1;0;0;1;-26,18505272;-49,8119696;"SPRF-SC";"DEL06-SC";"UOP01-DEL06-SC"
239608;2019-10-02;"quarta-feira";"07:30:00";"SP";116;168,9;"JACAREI";"Ingestão de Álcool";"Colisão com objeto estático";"Sem Vítimas";"Pleno dia";"Decrescente";"Céu Claro";"Dupla";"Reta";"Não";2;0;0;0;1;1;0;2;-23,30545902;-46,03567599;"SPRF-SP";"DEL02-SP";"UOP01-DEL02-SP"
239610;2019-10-02;"quarta-feira";"07:40:00";"CE";222;3,4;"FORTALEZA";"Falta de Atenção à Condução";"Colisão transversal";"Com Vítimas Feridas";"Pleno dia";"Decrescente";"Céu Claro";"Dupla";"Aclive;Reta";"Sim";2;0;2;0;0;0;2;2;-3,7403769;-38,59569202;"SPRF-CE";"DEL01-CE";"UOP01-DEL01-CE"
239611;2019-10-02;"quarta-feira";"07:10:00";"CE";116;13;"FORTALEZA";"Não guardar distância de segurança";"Engavetamento";"Com Vítimas Feridas";"Pleno dia";"Decrescente";"Céu Claro";"Múltipla";"Reta";"Sim";5;0;2;0;3;0;2;5;-3,86088501;-38,49715296;"SPRF-CE";"DEL01-CE";"UOP02-DEL01-CE"
239612;2019-10-02;"quarta-feira";"07:50:00";"GO";153;499,9;"GOIANIA";"Desobediência às normas de trânsito pelo condutor";"Colisão lateral";"Com Vítimas Feridas";"Pleno dia";"Crescente";"Céu Claro";"Dupla";"Reta;Aclive";"Sim";2;0;1;0;1;0;1;2;-16,7033;-49,2311;"SPRF-GO";"DEL01-GO";"UOP01-DEL01-GO"
239613;2019-10-02;"quarta-feira";"08:00:00";"BA";324;530;"FEIRA DE SANTANA";"Pista Escorregadia";"Colisão com objeto estático";"Sem Vítimas";"Pleno dia";"Crescente";"Chuva";"Dupla";"Curva";"Não";1;0;0;0;1;0;0;1;-12,32818491;-38,86174193;"SPRF-BA";"DEL01-BA";"UOP01-DEL01-BA"
239614;2019-10-02;"quarta-feira";"08:03:00";"PR";116;1,8;"QUATRO BARRAS";"Velocidade Incompatível";"Saída de leito carroçável";"Com Vítimas Feridas";"Pleno dia";"Decrescente";"Sol";"Dupla";"Curva";"Não";1;0;0;1;0;0;1;1;-25,3514;-49,0599;"SPRF-PR";"DEL01-PR";"UOP01-DEL01-PR"
239616;2019-10-02;"quarta-feira";"08:10:00";"RS";285;563,6;"SAO LUIZ GONZAGA";"Falta de Atenção à Condução";"Colisão transversal";"Com Vítimas Feridas";"Pleno dia";"Crescente";"Céu Claro";"Simples";"Reta";"Sim";4;0;3;0;1;0;3;2;-28,417377;-54,926517;"SPRF-RS";"DEL10-RS";"UOP01-DEL10-RS"
239620;2019-10-02;"quarta-feira";"08:10:00";"MG";116;409;"GOVERNADOR VALADARES";"Animais na Pista";"Atropelamento de Animal";"Com Vítimas Feridas";"Pleno dia";"Decrescente";"Céu Claro";"Dupla";"Reta";"Sim";1;0;1;0;0;0;1;1;-18,84936788;-41,97891368;"SPRF-MG";"DEL06-MG";"UOP01-DEL06-MG"
239621;2019-10-02;"quarta-feira";"08:40:00";"PE";104;61;"CARUARU";"Desobediência às normas de trânsito pelo condutor";"Colisão transversal";"Com Vítimas Feridas";"Pleno dia";"Decrescente";"Sol";"Dupla";"Retorno Regulamentado;Reta;Declive";"Sim";2;0;1;0;1;0;1;2;-8,245749;-35,974987;"SPRF-PE";"DEL02-PE";"UOP01-DEL02-PE"
239622;2019-10-02;"quarta-feira";"08:00:00";"SP";153;63,8;"SAO JOSE DO RIO PRETO";"Falta de Atenção à Condução";"Colisão traseira";"Sem Vítimas";"Pleno dia";"Crescente";"Céu Claro";"Dupla";"Reta";"Não";3;0;0;0;3;0;0;3;-20,82149698;-49,35764818;"SPRF-SP";"DEL09-SP";"UOP01-DEL09-SP"
239623;2019-10-02;"quarta-feira";"07:45:00";"SC";101;264,3;"GAROPABA";"Falta de Atenção à Condução";"Colisão traseira";"Com Vítimas Feridas";"Pleno dia";"Crescente";"Céu Claro";"Múltipla";"Curva";"Não";2;0;1;0;1;0;1;2;-28,05149404;-48,71632789;"SPRF-SC";"DEL02-SC";"UOP03-DEL02-SC"
239624;2019-10-02;"quarta-feira";"02:30:00";"AL";101;132,3;"SAO MIGUEL DOS CAMPOS";"Ingestão de Álcool";"Saída de leito carroçável";"Sem Vítimas";"Plena Noite";"Crescente";"Céu Claro";"Simples";"Curva";"Não";1;0;0;0;1;0;0;1;-9,77267463;-36,10116533;"SPRF-AL";"DEL02-AL";"UOP01-DEL02-AL"
239625;2019-10-02;"quarta-feira";"08:55:00";"RS";386;342,8;"LAJEADO";"Não guardar distância de segurança";"Colisão traseira";"Com Vítimas Feridas";"Pleno dia";"Decrescente";"Nublado";"Simples";"Reta";"Não";2;0;1;0;1;0;1;2;-29,43461059;-52,00404972;"SPRF-RS";"DEL04-RS";"UOP01-DEL04-RS"
239627;2019-10-02;"quarta-feira";"08:20:00";"RS";293;182,5;"BAGE";"Falta de Atenção à Condução";"Saída de leito carroçável";"Com Vítimas Feridas";"Pleno dia";"Decrescente";"Chuva";"Simples";"Reta";"Não";1;0;1;0;0;0;1;1;-31,2905305;-54,0695202;"SPRF-RS";"DEL11-RS";"UOP03-DEL11-RS"
239632;2019-08-05;"segunda-feira";"15:37:00";"GO";40;95;"CRISTALINA";"Falta de Atenção à Condução";"Colisão transversal";"Sem Vítimas";"Pleno dia";"Crescente";"Céu Claro";"Simples";"Reta";"Sim";3;0;0;0;3;0;0;2;-16,750555;-47,607549;"SPRF-DF";"DEL01-DF";"UOP02-DEL01-DF"