"id";"data_inversa";"dia_semana";"horario";"uf";"br";"km";"municipio";"causa_acidente";"tipo_acidente";"classificacao_acidente";"fase_dia";"sentido_via";"condicao_metereologica";"tipo_pista";"tracado_via";"uso_solo";"pessoas";"mortos";"feridos_leves";"feridos_graves";"ilesos";"ignorados";"feridos";"veiculos";"latitude";"longitude";"regional";"delegacia";"uop"
239633;2019-10-02;"quarta-feira";"07:15:00";"MS";163;486,5;"CAMPO GRANDE";"Falta de Atenção à Condução";"Colisão transversal";"Com Vítimas Feridas";"Pleno dia";"Decrescente";"Céu Claro";"Simples";"Reta;Aclive";"Sim";3;0;2;0;1;0;2;2;-20,43313113;-54,54380577;"SPRF-MS";"DEL01-MS";"UOP02-DEL01-MS"
239634;2019-10-02;"quarta-feira";"09:58:00";"BA";324;619;"SALVADOR";"Não guardar distância de segurança";"Engavetamento";"Sem Vítimas";"Pleno dia";"Crescente";"Chuva";"Dupla";"Reta";"Não";4;0;0;0;4;0;0;4;-12,89820999;-38,45012202;"SPRF-BA";"DEL01-BA";"UOP01-DEL01-BA"
239637;2019-10-02;"quarta-feira";"07:50:00";"MG";40;43,3;"PARACATU";"Desobediência às normas de trânsito pelo condutor";"Tombamento";"Com Vítimas Feridas";"Pleno dia";"Crescente";"Céu Claro";"Simples";"Interseção de Vias;Reta";"Sim";2;0;2;0;0;0;2;1;-17,22598002;-46,86163701;"SPRF-MG";"DEL14-MG";"UOP01-DEL14-MG"
239638;2019-10-02;"quarta-feira";"09:50:00";"MG";381;477,4;"CONTAGEM";"Não guardar distância de segurança";"Colisão traseira";"Sem Vítimas";"Pleno dia";"Decrescente";"Céu Claro";"Dupla";"Reta";"Sim";7;0;0;0;7;0;0;2;-19,95853541;-44,03129339;"SPRF-MG";"N/A";"N/A"
239640;2019-09-24;"terça-feira";"10:10:00";"MG";381;608,9;"OLIVEIRA";"Falta de Atenção à Condução";"Colisão transversal";"Com Vítimas Feridas";"Pleno dia";"Crescente";"Céu Claro";"Dupla";"Reta";"Não";2;0;1;0;1;0;1;2;-20,69192711;-44,74575988;"SPRF-MG";"DEL04-MG";"UOP01-DEL04-MG"
239641;2019-10-02;"quarta-feira";"09:55:00";"SC";101;142;"ITAPEMA";"Defeito Mecânico no Veículo";"Tombamento";"Com Vítimas Feridas";"Pleno dia";"Decrescente";"Nublado";"Dupla";"Reta";"Sim";1;0;1;0;0;0;1;1;-27,056089;-48,599449;"SPRF-SC";"DEL04-SC";"UOP03-DEL04-SC"
239644;2019-10-02;"quarta-feira";"09:50:00";"DF";70;19;"BRASILIA";"Falta de Atenção à Condução";"Colisão lateral";"Sem Vítimas";"Pleno dia";"Crescente";"Céu Claro";"Dupla";"Declive;Curva";"Não";2;0;0;0;2;0;0;2;-15,788868;-48,220242;"SPRF-DF";"DEL01-DF";"UOP02-DEL03-DF"
239645;2019-10-02;"quarta-feira";"10:40:00";"RN";101;95;"NATAL";"Falta de Atenção à Condução";"Colisão traseira";"Com Vítimas Feridas";"Pleno dia";"Decrescente";"Céu Claro";"Dupla";"Reta";"Sim";2;0;1;0;1;0;1;2;-5,84076841;-35,21035949;"SPRF-RN";"DEL01-RN";"UOP01-DEL01-RN"
239646;2019-09-04;"quarta-feira";"17:05:00";"BA";324;626;"SALVADOR";"Falta de Atenção à Condução";"Colisão lateral";"Com Vítimas Feridas";"Anoitecer";"Decrescente";"Ignorado";"Múltipla";"Reta";"Sim";2;0;0;1;0;1;1;2;-12,96766402;-38,47671747;"SPRF-BA";"DEL01-BA";"UOP01-DEL01-BA"
239649;2019-10-02;"quarta-feira";"09:15:00";"GO";50;281;"CATALAO";"Falta de Atenção à Condução";"Colisão transversal";"Com Vítimas Feridas";"Pleno dia";"Decrescente";"Sol";"Simples";"Interseção de Vias";"Sim";3;0;1;0;2;0;1;2;-18,1838;-47,9441;"SPRF-GO";"DEL06-GO";"UOP01-DEL06-GO"
239652;2019-04-12;"sexta-feira";"12:00:00";"GO";20;32;"FORMOSA";"Avarias e/ou desgaste excessivo no pneu";"Colisão frontal";"Com Vítimas Feridas";"Pleno dia";"Crescente";"Chuva";"Simples";"Declive;Reta";"Não";7;0;0;7;0;0;7;2;-15,482159;-47,101757;"SPRF-DF";"DEL02-DF";"UOP01-DEL02-DF"
239653;2019-10-02;"quarta-feira";"11:10:00";"GO";153;144;"MARA ROSA";"Desobediência às normas de trânsito pelo condutor";"Colisão lateral";"Com Vítimas Feridas";"Pleno dia";"Crescente";"Céu Claro";"Simples";"Reta";"Sim";3;0;2;0;1;0;2;2;-14,029192;-49,08828;"SPRF-GO";"DEL07-GO";"UOP01-DEL07-GO"
239655;2019-10-02;"quarta-feira";"11:00:00";"RJ";40;120;"DUQUE DE CAXIAS";"Falta de Atenção à Condução";"Colisão traseira";"Sem Vítimas";"Pleno dia";"Decrescente";"Céu Claro";"Múltipla";"Reta";"Sim";2;0;0;0;2;0;0;2;-22,77280597;-43,28626763;"SPRF-RJ";"DEL01-RJ";"UOP01-DEL01-RJ"
239658;2019-10-02;"quarta-feira";"09:30:00";"MS";463;105;"PONTA PORA";"Ingestão de Álcool";"Colisão traseira";"Com Vítimas Feridas";"Pleno dia";"Crescente";"Céu Claro";"Simples";"Reta";"Sim";3;0;1;0;2;0;1;2;-22,60240524;-55,6579092;"SPRF-MS";"DEL04-MS";"UOP03-DEL04-MS"
239661;2019-10-02;"quarta-feira";"12:20:00";"SP";116;151;"SAO JOSE DOS CAMPOS";"Falta de Atenção à Condução";"Colisão traseira";"Com Vítimas Feridas";"Pleno dia";"Crescente";"Sol";"Dupla";"Reta";"Sim";2;0;1;0;1;0;1;2;-23,21626662;-45,89648545;"SPRF-SP";"DEL02-SP";"UOP01-DEL02-SP"
239662;2019-10-02;"quarta-feira";"10:45:00";"MG";262;600;"CAMPOS ALTOS";"Falta de Atenção à Condução";"Capotamento";"Com Vítimas Feridas";"Pleno dia";"Decrescente";"Céu Claro";"Simples";"Reta";"Não";1;0;1;0;0;0;1;1;-19,65696429;-46,21481811;"SPRF-MG";"DEL08-MG";"UOP02-DEL08-MG"
239663;2019-10-02;"quarta-feira";"12:15:00";"SP";116;499;"CAJATI";"Falta de Atenção do Pedestre";"Colisão transversal";"Com Vítimas Feridas";"Pleno dia";"Decrescente";"Sol";"Simples";"Interseção de Vias;Reta";"Sim";2;0;0;1;1;0;1;2;-24,78533191;-48,17500591;"SPRF-SP";"DEL05-SP";"UAP01-DEL05-SP"
239664;2019-09-30;"segunda-feira";"23:00:00";"AM";174;894;"MANAUS";"Falta de Atenção à Condução";"Colisão com objeto estático";"Sem Vítimas";"Plena Noite";"Decrescente";"Céu Claro";"Simples";"Reta";"Não";1;0;0;0;1;0;0;1;-2,88848901;-60,03510842;"SPRF-AM";"DEL01-AM";"UOP01-DEL01-AM"
239665;2019-10-02;"quarta-feira";"12:30:00";"SC";101;53,7;"JOINVILLE";"Falta de Atenção à Condução";"Tombamento";"Com Vítimas Feridas";"Pleno dia";"Crescente";"Sol";"Dupla";"Curva";"Não";1;0;1;0;0;0;1;1;-26,40231201;-48,83969703;"SPRF-SC";"DEL03-SC";"UOP01-DEL03-SC"
239666;2019-10-02;"quarta-feira";"10:45:00";"GO";153;558,3;"PROFESSOR JAMIL";"Defeito Mecânico no Veículo";"Capotamento";"Com Vítimas Feridas";"Pleno dia";"Crescente";"Céu Claro";"Dupla";"Curva";"Não";1;0;1;0;0;0;1;1;-17,2081;-49,2137;"SPRF-GO";"DEL03-GO";"UOP01-DEL03-GO"
239667;2019-10-02;"quarta-feira";"13:00:00";"PE";101;73,1;"RECIFE";"Desobediência às normas de trânsito pelo condutor";"Atropelamento de Pedestre";"Com Vítimas Feridas";"Pleno dia";"Decrescente";"Céu Claro";"Dupla";"Em Obras;Reta";"Sim";3;0;2;0;1;0;2;2;-8,095503;-34,948936;"SPRF-PE";"DEL01-PE";"UOP01-DEL01-PE"
239668;2019-10-02;"quarta-feira";"10:00:00";"RO";364;696;"CANDEIAS DO JAMARI";"Falta de Atenção à Condução";"Saída de leito carroçável";"Com Vítimas Feridas";"Pleno dia";"Crescente";"Céu Claro";"Dupla";"Curva";"Não";2;0;2;0;0;0;2;1;-8,80046614;-63,734779;"SPRF-RO";"DEL01-RO";"UOP01-DEL01-RO"
239670;2019-10-02;"quarta-feira";"13:10:00";"GO";153;514,2;"APARECIDA DE GOIANIA";"Desobediência às normas de trânsito pelo condutor";"Colisão transversal";"Com Vítimas Feridas";"Pleno dia";"Decrescente";"Céu Claro";"Dupla";"Interseção de Vias";"Sim";4;0;2;0;2;0;2;2;-16,8315;-49,2434;"SPRF-GO";"DEL01-GO";"UOP03-DEL01-GO"
239671;2019-10-02;"quarta-feira";"08:50:00";"MS";163;227;"CAARAPO";"Falta de Atenção à Condução";"Tombamento";"Com Vítimas Feridas";"Pleno dia";"Decrescente";"Céu Claro";"Simples";"Curva";"Não";1;0;1;0;0;0;1;1;-22,48228508;-54,86635369;"SPRF-MS";"DEL04-MS";"UOP02-DEL04-MS"
239672;2019-09-26;"quinta-feira";"19:30:00";"SC";101;203;"SAO JOSE";"Mal Súbito";"Saída de leito carroçável";"Com Vítimas Feridas";"Plena Noite";"Crescente";"Nublado";"Dupla";"Reta";"Sim";1;0;1;0;0;0;1;1;-27,5650044;-48,61460082;"SPRF-SC";"DEL01-SC";"UOP01-DEL01-SC"
239674;2019-10-02;"quarta-feira";"13:15:00";"PI";343;589;"FLORIANO";"Falta de Atenção à Condução";"Colisão lateral";"Sem Vítimas";"Pleno dia";"Crescente";"Céu Claro";"Dupla";"Reta";"Sim";2;0;0;0;2;0;0;2;-6,776695;-43,009346;"SPRF-PI";"DEL03-PI";"UOP01-DEL03-PI"
239675;2019-09-25;"quarta-feira";"09:20:00";"AC";364;65,9;"PLACIDO DE CASTRO";"Falta de Atenção à Condução";"Colisão traseira";"Com Vítimas Fatais";"Pleno dia";"Decrescente";"Céu Claro";"Simples";"Reta";"Não";4;1;0;0;3;0;0;3;-10,06207914;-67,30415583;"SPRF-AC";"DEL01-AC";"UOP01-DEL01-AC"
239677;2019-10-02;"quarta-feira";"13:40:00";"SC";101;200;"SAO JOSE";"Falta de Atenção à Condução";"Colisão traseira";"Com Vítimas Feridas";"Pleno dia";"Crescente";"Céu Claro";"Dupla";"Reta";"Sim";2;0;2;0;0;0;2;2;-27,54018513;-48,62287714;"SPRF-SC";"DEL01-SC";"UOP01-DEL01-SC"
239678;2019-10-02;"quarta-feira";"06:36:00";"RJ";101;303;"SAO GONCALO";"Restrição de Visibilidade";"Colisão com objeto estático";"Com Vítimas Feridas";"Pleno dia";"Crescente";"Céu Claro";"Simples";"Reta";"Sim";1;0;1;0;0;0;1;1;-22,7828205;-42,9766681;"SPRF-RJ";"DEL02-RJ";"UOP02-DEL02-RJ"
239679;2019-10-02;"quarta-feira";"10:25:00";"MG";50;183,2;"UBERABA";"Desobediência às normas de trânsito pelo condutor";"Colisão frontal";"Com Vítimas Feridas";"Pleno dia";"Decrescente";"Sol";"Dupla";"Reta";"Sim";2;0;0;2;0;0;2;2;-19,80163169;-47,90598553;"SPRF-MG";"DEL13-MG";"UOP01-DEL13-MG"
239680;2019-10-02;"quarta-feira";"12:50:00";"MS";163;48;"ELDORADO";"Defeito Mecânico no Veículo";"Tombamento";"Com Vítimas Feridas";"Pleno dia";"Decrescente";"Céu Claro";"Simples";"Aclive";"Não";2;0;1;0;1;0;1;1;-23,72263698;-54,27323208;"SPRF-MS";"DEL09-MS";"UOP02-DEL09-MS"
239683;2019-06-24;"segunda-feira";"05:30:00";"RN";226;244,6;"JUCURUTU";"Falta de Atenção à Condução";"Colisão traseira";"Com Vítimas Feridas";"Pleno dia";"Crescente";"Céu Claro";"Simples";"Reta";"Não";3;0;0;1;0;2;1;2;-6,03763964;-37,00650168;"SPRF-RN";"DEL03-RN";"UOP01-DEL03-RN"
239684;2019-10-02;"quarta-feira";"11:10:00";"MG";116;559,3;"MANHUACU";"Defeito Mecânico no Veículo";"Tombamento";"Com Vítimas Feridas";"Pleno dia";"Crescente";"Céu Claro";"Simples";"Reta";"Não";2;0;1;1;0;0;2;1;-20,02634297;-42,16819209;"SPRF-MG";"DEL06-MG";"UOP03-DEL06-MG"
239688;2019-10-02;"quarta-feira";"14:40:00";"PE";101;71,6;"RECIFE";"Falta de Atenção à Condução";"Colisão transversal";"Com Vítimas Feridas";"Pleno dia";"Decrescente";"Sol";"Simples";"Reta";"Sim";2;0;1;0;0;1;1;2;-8,07663102;-34,94277871;"SPRF-PE";"DEL01-PE";"UOP01-DEL01-PE"
239689;2019-10-02;"quarta-feira";"14:35:00";"RS";480;72,4;"ERECHIM";"Desobediência às normas de trânsito pelo condutor";"Colisão transversal";"Com Vítimas Feridas";"Pleno dia";"Decrescente";"Nublado";"Simples";"Aclive;Reta";"Sim";2;0;1;0;1;0;1;2;-27,6399839;-52,30602492;"SPRF-RS";"DEL08-RS";"UOP04-DEL08-RS"
239690;2019-10-02;"quarta-feira";"14:00:00";"MT";163;759,5;"SORRISO";"Falta de Atenção à Condução";"Saída de leito carroçável";"Com Vítimas Feridas";"Pleno dia";"Crescente";"Nublado";"Simples";"Reta";"Sim";1;0;1;0;0;0;1;1;-12,49802783;-55,68733692;"SPRF-MT";"DEL06-MT";"UOP01-DEL06-MT"
239691;2019-10-02;"quarta-feira";"15:00:00";"PE";408;99,9;"SAO LOURENCO DA MATA";"Falta de Atenção à Condução";"Tombamento";"Com Vítimas Feridas";"Pleno dia";"Decrescente";"Céu Claro";"Dupla";"Reta";"Sim";2;0;2;0;0;0;2;1;-8,043784;-35,015045;"SPRF-PE";"DEL01-PE";"UOP01-DEL01-PE"
239694;2019-10-02;"quarta-feira";"13:47:00";"CE";222;2,3;"FORTALEZA";"Não guardar distância de segurança";"Colisão traseira";"Com Vítimas Feridas";"Pleno dia";"Decrescente";"Céu Claro";"Múltipla";"Reta";"Sim";3;0;1;1;1;0;2;2;-3,73911117;-38,58687498;"SPRF-CE";"DEL01-CE";"UOP01-DEL01-CE"
239695;2019-10-02;"quarta-feira";"14:20:00";"RO";364;705;"PORTO VELHO";"Não guardar distância de segurança";"Colisão traseira";"Com Vítimas Feridas";"Pleno dia";"Crescente";"Chuva";"Dupla";"Reta";"Não";3;0;1;0;2;0;1;2;-8,80030539;-63,823428;"SPRF-RO";"DEL01-RO";"UOP01-DEL01-RO"
239697;2019-07-26;"sexta-feira";"07:10:00";"PR";476;124,7;"CURITIBA";"Falta de Atenção à Condução";"Colisão lateral";"Com Vítimas Feridas";"Pleno dia";"Crescente";"Ignorado";"Dupla";"Reta";"Não";2;0;1;0;0;1;1;2;-25,4067928;-49,21899676;"SPRF-PR";"DEL01-PR";"UOP07-DEL01-PR"
239699;2019-10-02;"quarta-feira";"15:30:00";"CE";304;51,5;"ARACATI";"Falta de Atenção à Condução";"Colisão frontal";"Com Vítimas Feridas";"Pleno dia";"Decrescente";"Céu Claro";"Dupla";"Interseção de Vias";"Não";2;0;0;1;1;0;1;2;-4,56942301;-37,75341799;"SPRF-CE";"DEL03-CE";"UOP03-DEL03-CE"
239703;2019-10-02;"quarta-feira";"15:00:00";"RJ";101;61;"CAMPOS DOS GOYTACAZES";"Falta de Atenção à Condução";"Colisão transversal";"Com Vítimas Feridas";"Pleno dia";"Decrescente";"Céu Claro";"Simples";"Reta";"Não";3;0;1;0;2;0;1;2;-21,72655788;-41,32133519;"SPRF-RJ";"DEL08-RJ";"UOP01-DEL08-RJ"
239707;2019-09-28;"sábado";"05:55:00";"SC";101;206;"SAO JOSE";"Ingestão de Álcool";"Colisão lateral";"Sem Vítimas";"Pleno dia";"Decrescente";"Céu Claro";"Múltipla";"Reta";"Sim";2;0;0;0;2;0;0;2;-27,59193546;-48,61824557;"SPRF-SC";"DEL01-SC";"UOP01-DEL01-SC"
239708;2019-10-02;"quarta-feira";"15:50:00";"PR";476;130;"CURITIBA";"Desobediência às normas de trânsito pelo condutor";"Colisão lateral";"Com Vítimas Feridas";"Pleno dia";"Crescente";"Céu Claro";"Múltipla";"Reta";"Sim";3;0;1;0;2;0;1;3;-25,449564;-49,236427;"SPRF-PR";"DEL01-PR";"UOP07-DEL01-PR"
239709;2019-10-02;"quarta-feira";"16:40:00";"SC";101;207;"SAO JOSE";"Não guardar distância de segurança";"Colisão traseira";"Sem Vítimas";"Pleno dia";"Decrescente";"Céu Claro";"Dupla";"Curva";"Não";2;0;0;0;2;0;0;2;-27,60001226;-48,6226467;"SPRF-SC";"DEL01-SC";"UOP01-DEL01-SC"
239713;2019-10-02;"quarta-feira";"14:00:00";"RJ";493;4;"ITABORAI";"Falta de Atenção à Condução";"Tombamento";"Com Vítimas Feridas";"Pleno dia";"Crescente";"Céu Claro";"Dupla";"Reta";"Não";1;0;1;0;0;0;1;1;-22,74828913;-42,9500441;"SPRF-RJ";"DEL02-RJ";"UOP02-DEL02-RJ"
239714;2019-10-02;"quarta-feira";"14:30:00";"RS";116;250;"SAO LEOPOLDO";"Falta de Atenção à Condução";"Colisão com objeto estático";"Sem Vítimas";"Pleno dia";"Crescente";"Chuva";"Dupla";"Reta";"Sim";1;0;0;0;1;0;0;1;-29,79148798;-51,16399615;"SPRF-RS";"DEL01-RS";"UOP02-DEL01-RS"
239716;2019-10-02;"quarta-feira";"16:45:00";"GO";50;251,2;"CATALAO";"Condutor Dormindo";"Saída de leito carroçável";"Com Vítimas Feridas";"Pleno dia";"Decrescente";"Sol";"Dupla";"Reta";"Não";1;0;1;0;0;0;1;1;-17,9767;-47,7964;"SPRF-GO";"DEL06-GO";"UOP01-DEL06-GO"
239717;2019-10-02;"quarta-feira";"17:15:00";"PR";369;158,4;"CAMBE";"Falta de Atenção à Condução";"Colisão traseira";"Com Vítimas Feridas";"Pleno dia";"Crescente";"Sol";"Dupla";"Reta";"Sim";4;0;1;0;3;0;1;2;-23,28523128;-51,24087811;"SPRF-PR";"DEL07-PR";"UOP01-DEL07-PR"
239718;2019-10-02;"quarta-feira";"17:20:00";"PE";101;147,8;"RIBEIRAO";"Falta de Atenção à Condução";"Colisão traseira";"Com Vítimas Fatais";"Anoitecer";"Decrescente";"Céu Claro";"Dupla";"Reta";"Não";3;1;0;0;1;1;0;2;-8,482002;-35,371972;"SPRF-PE";"DEL01-PE";"UOP03-DEL01-PE"
239719;2019-10-02;"quarta-feira";"17:00:00";"PR";277;698,3;"SAO MIGUEL DO IGUACU";"Pista Escorregadia";"Saída de leito carroçável";"Com Vítimas Feridas";"Pleno dia";"Decrescente";"Chuva";"Dupla";"Reta";"Não";1;0;1;0;0;0;1;1;-25,3964712;-54,31179289;"SPRF-PR";"DEL05-PR";"UOP01-DEL05-PR"
239720;2019-10-02;"quarta-feira";"11:30:00";"RS";287;304,4;"SAO PEDRO DO SUL";"Pista Escorregadia";"Saída de leito carroçável";"Com Vítimas Feridas";"Pleno dia";"Decrescente";"Chuva";"Simples";"Reta";"Não";1;0;1;0;0;0;1;1;-29,64975224;-54,41504394;"SPRF-RS";"DEL09-RS";"UOP01-DEL09-RS"
239721;2019-10-02;"quarta-feira";"17:20:00";"TO";153;393,5;"RIO DOS BOIS";"Defeito Mecânico no Veículo";"Colisão traseira";"Com Vítimas Feridas";"Anoitecer";"Crescente";"Céu Claro";"Simples";"Reta";"Sim";2;0;1;0;1;0;1;2;-9,35274923;-48,5436847;"SPRF-TO";"DEL02-TO";"UOP02-DEL02-TO"
239723;2019-10-02;"quarta-feira";"17:20:00";"PR";376;5,7;"MANDAGUARI";"Falta de Atenção à Condução";"Colisão frontal";"Com Vítimas Feridas";"Pleno dia";"Decrescente";"Sol";"Simples";"Curva";"Sim";2;0;1;0;1;0;1;2;-23,52896064;-51,67528063;"SPRF-PR";"DEL07-PR";"UOP01-DEL09-PR"
239725;2019-10-02;"quarta-feira";"17:40:00";"GO";153;500,2;"GOIANIA";"Mal Súbito";"Colisão com objeto estático";"Com Vítimas Feridas";"Anoitecer";"Crescente";"Nublado";"Simples";"Reta";"Sim";2;0;1;0;0;1;1;2;-16,70680072;-49,23102379;"SPRF-GO";"DEL01-GO";"UOP01-DEL01-GO"
239727;2019-10-02;"quarta-feira";"16:05:00";"SC";282;156;"BOM RETIRO";"Falta de Atenção à Condução";"Colisão traseira";"Com Vítimas Feridas";"Pleno dia";"Crescente";"Céu Claro";"Simples";"Curva;Declive";"Não";2;0;1;0;1;0;1;2;-27,746881;-49,715881;"SPRF-SC";"DEL05-SC";"UOP01-DEL05-SC"
239728;2019-10-02;"quarta-feira";"17:30:00";"SP";116;142,8;"SAO JOSE DOS CAMPOS";"Falta de Atenção à Condução";"Colisão traseira";"Com Vítimas Feridas";"Anoitecer";"Decrescente";"Céu Claro";"Dupla";"Reta";"Sim";1;0;1;0;0;0;1;1;-23,17426078;-45,82940111;"SPRF-SP";"DEL06-SP";"UOP02-DEL02-SP"
239731;2019-10-02;"quarta-feira";"16:45:00";"RO";174;13,7;"VILHENA";"Não guardar distância de segurança";"Colisão traseira";"Com Vítimas Feridas";"Pleno dia";"Crescente";"Nublado";"Dupla";"Interseção de Vias";"Sim";4;0;2;0;2;0;2;3;-12,74140004;-60,13026401;"SPRF-RO";"DEL04-RO";"UOP01-DEL04-RO"
239732;2019-10-02;"quarta-feira";"08:30:00";"RJ";101;316;"SAO GONCALO";"Avarias e/ou desgaste excessivo no pneu";"Tombamento";"Com Vítimas Feridas";"Pleno dia";"Decrescente";"Sol";"Dupla";"Reta";"Sim";1;0;1;0;0;0;1;1;-22,82835879;-43,09208739;"SPRF-RJ";"DEL02-RJ";"UOP02-DEL02-RJ"
239734;2019-10-02;"quarta-feira";"18:15:00";"RS";392;1;"CAPAO DO LEAO";"Desobediência às normas de trânsito pelo condutor";"Colisão transversal";"Com Vítimas Feridas";"Anoitecer";"Crescente";"Céu Claro";"Simples";"Reta";"Não";2;0;1;0;1;0;1;2;-31,7626184;-52,40718842;"SPRF-RS";"DEL07-RS";"UOP01-DEL07-RS"
239735;2019-10-02;"quarta-feira";"18:20:00";"RJ";116;236,6;"PIRAI";"Falta de Atenção do Pedestre";"Atropelamento de Pedestre";"Com Vítimas Feridas";"Plena Noite";"Decrescente";"Céu Claro";"Dupla";"Reta";"Sim";2;0;0;1;1;0;1;2;-22,665695;-43,864075;"SPRF-RJ";"DEL07-RJ";"UOP01-DEL07-RJ"
239736;2019-10-02;"quarta-feira";"18:30:00";"SP";116;218;"GUARULHOS";"Não guardar distância de segurança";"Colisão traseira";"Com Vítimas Feridas";"Plena Noite";"Decrescente";"Nublado";"Múltipla";"Reta";"Sim";3;0;1;0;1;1;1;3;-23,46143954;-46,48885316;"SPRF-SP";"DEL01-SP";"UOP01-DEL01-SP"
239738;2019-10-02;"quarta-feira";"07:45:00";"SC";282;377;"JOACABA";"Falta de Atenção à Condução";"Saída de leito carroçável";"Sem Vítimas";"Pleno dia";"Decrescente";"Céu Claro";"Simples";"Curva";"Não";1;0;0;0;1;0;0;1;-27,216974;-51,470055;"SPRF-SC";"DEL07-SC";"UOP05-DEL07-SC"
239739;2019-09-28;"sábado";"17:00:00";"BA";101;180;"SAO GONCALO DOS CAMPOS";"Ultrapassagem Indevida";"Colisão lateral";"Com Vítimas Feridas";"Pleno dia";"Crescente";"Céu Claro";"Simples";"Reta";"Não";9;0;2;0;7;0;2;2;-12,519078;-38,970829;"SPRF-BA";"DEL01-BA";"UOP03-DEL01-BA"
239740;2019-10-02;"quarta-feira";"17:50:00";"RJ";101;279;"TANGUA";"Defeito Mecânico no Veículo";"Incêndio";"Sem Vítimas";"Anoitecer";"Decrescente";"Céu Claro";"Dupla";"Reta";"Não";1;0;0;0;1;0;0;1;-22,7383655;-42,76745405;"SPRF-RJ";"DEL02-RJ";"UOP03-DEL02-RJ"
239741;2019-10-02;"quarta-feira";"17:50:00";"RS";116;258;"ESTEIO";"Falta de Atenção à Condução";"Colisão lateral";"Com Vítimas Feridas";"Plena Noite";"Decrescente";"Chuva";"Dupla";"Reta";"Sim";2;0;1;0;1;0;1;2;-29,86150502;-51,18091535;"SPRF-RS";"DEL01-RS";"UOP02-DEL01-RS"
239742;2019-10-02;"quarta-feira";"18:40:00";"MG";267;138,3;"JUIZ DE FORA";"Falta de Atenção do Pedestre";"Atropelamento de Pedestre";"Com Vítimas Fatais";"Plena Noite";"Decrescente";"Céu Claro";"Simples";"Reta";"Sim";4;1;0;0;1;2;0;2;-21,79071223;-43,67401443;"SPRF-MG";"DEL05-MG";"UOP01-DEL05-MG"
239743;2019-10-02;"quarta-feira";"18:05:00";"ES";262;155,9;"IBATIBA";"Falta de Atenção à Condução";"Colisão lateral";"Com Vítimas Feridas";"Anoitecer";"Decrescente";"Nublado";"Simples";"Reta";"Não";2;0;1;0;1;0;1;2;-20,2299156;-41,4796865;"SPRF-ES";"DEL01-ES";"UOP02-DEL01-ES"
239746;2019-10-02;"quarta-feira";"18:30:00";"ES";101;290;"CARIACICA";"Pista Escorregadia";"Tombamento";"Com Vítimas Feridas";"Plena Noite";"Crescente";"Nublado";"Dupla";"Retorno Regulamentado";"Sim";1;0;1;0;0;0;1;1;-20,28927747;-40,39181575;"SPRF-ES";"DEL01-ES";"UOP01-DEL01-ES"
239747;2019-10-02;"quarta-feira";"19:15:00";"TO";153;146,4;"ARAGUAINA";"Desobediência às normas de trânsito pelo condutor";"Colisão frontal";"Com Vítimas Feridas";"Plena Noite";"Crescente";"Céu Claro";"Múltipla";"Reta";"Sim";4;0;4;0;0;0;4;2;-7,21337786;-48,24431331;"SPRF-TO";"DEL02-TO";"UOP01-DEL02-TO"
239749;2019-10-02;"quarta-feira";"17:30:00";"MS";163;374,6;"NOVA ALVORADA DO SUL";"Falta de Atenção à Condução";"Saída de leito carroçável";"Com Vítimas Feridas";"Anoitecer";"Decrescente";"Céu Claro";"Simples";"Reta";"Não";1;0;1;0;0;0;1;1;-21,39332793;-54,40779977;"SPRF-MS";"DEL02-MS";"UOP01-DEL02-MS"
239751;2019-10-02;"quarta-feira";"19:30:00";"RJ";116;178;"BELFORD ROXO";"Falta de Atenção à Condução";"Colisão traseira";"Com Vítimas Feridas";"Anoitecer";"Crescente";"Céu Claro";"Múltipla";"Reta";"Sim";2;0;1;0;1;0;1;2;-22,77496393;-43,40081465;"SPRF-RJ";"DEL01-RJ";"UOP02-DEL01-RJ"
239752;2019-10-02;"quarta-feira";"19:15:00";"RJ";40;122;"RIO DE JANEIRO";"Falta de Atenção à Condução";"Colisão traseira";"Sem Vítimas";"Plena Noite";"Decrescente";"Céu Claro";"Múltipla";"Reta";"Sim";2;0;0;0;2;0;0;2;-22,79083113;-43,28611569;"SPRF-RJ";"DEL01-RJ";"UOP01-DEL01-RJ"
239753;2019-10-02;"quarta-feira";"19:30:00";"PR";373;178,4;"PONTA GROSSA";"Desobediência às normas de trânsito pelo condutor";"Colisão transversal";"Sem Vítimas";"Plena Noite";"Decrescente";"Céu Claro";"Dupla";"Retorno Regulamentado";"Sim";2;0;0;0;2;0;0;2;-25,05025485;-50,23418475;"SPRF-PR";"DEL03-PR";"UOP01-DEL03-PR"
239755;2019-10-02;"quarta-feira";"13:00:00";"RJ";493;19,4;"MAGE";"Não guardar distância de segurança";"Tombamento";"Com Vítimas Feridas";"Pleno dia";"Crescente";"Céu Claro";"Simples";"Reta";"Sim";1;0;1;0;0;0;1;1;-22,6663848;-43,02770248;"SPRF-RJ";"DEL04-RJ";"UOP02-DEL04-RJ"
239756;2019-10-02;"quarta-feira";"19:10:00";"RS";116;257;"ESTEIO";"Falta de Atenção à Condução";"Colisão transversal";"Com Vítimas Feridas";"Plena Noite";"Crescente";"Chuva";"Múltipla";"Interseção de Vias";"Sim";2;0;1;0;1;0;1;2;-29,85262195;-51,17968329;"SPRF-RS";"DEL01-RS";"UOP02-DEL01-RS"