"id";"data_inversa";"dia_semana";"horario";"uf";"br";"km";"municipio";"causa_acidente";"tipo_acidente";"classificacao_acidente";"fase_dia";"sentido_via";"condicao_metereologica";"tipo_pista";"tracado_via";"uso_solo";"pessoas";"mortos";"feridos_leves";"feridos_graves";"ilesos";"ignorados";"feridos";"veiculos";"latitude";"longitude";"regional";"delegacia";"uop"
239757;2019-10-02;"quarta-feira";"18:45:00";"RS";290;10;"OSORIO";"Velocidade Incompatível";"Saída de leito carroçável";"Sem Vítimas";"Anoitecer";"Decrescente";"Chuva";"Dupla";"Reta";"Não";1;0;0;0;0;1;0;1;-29,891388;-50,373714;"SPRF-RS";"DEL03-RS";"UOP01-DEL03-RS"
239758;2019-10-02;"quarta-feira";"20:15:00";"RJ";40;105;"DUQUE DE CAXIAS";"Desobediência às normas de trânsito pelo condutor";"Colisão frontal";"Com Vítimas Feridas";"Plena Noite";"Decrescente";"Céu Claro";"Dupla";"Reta";"Sim";3;0;2;0;1;0;2;2;-22,63784806;-43,28428824;"SPRF-RJ";"DEL01-RJ";"UOP01-DEL01-RJ"
239760;2019-10-02;"quarta-feira";"18:45:00";"SC";101;126,2;"ITAJAI";"Não guardar distância de segurança";"Colisão traseira";"Com Vítimas Feridas";"Anoitecer";"Crescente";"Nublado";"Dupla";"Aclive";"Não";2;0;1;0;0;1;1;2;-26,95564404;-48,67978366;"SPRF-SC";"DEL04-SC";"UOP04-DEL04-SC"
239761;2019-10-02;"quarta-feira";"15:30:00";"PR";376;652,1;"TIJUCAS DO SUL";"Não guardar distância de segurança";"Queda de ocupante de veículo";"Com Vítimas Feridas";"Pleno dia";"Crescente";"Céu Claro";"Dupla";"Reta";"Não";1;0;1;0;0;0;1;1;-25,8461583;-49,068884;"SPRF-PR";"DEL01-PR";"UOP04-DEL01-PR"
239762;2019-10-02;"quarta-feira";"20:30:00";"RJ";493;74;"NOVA IGUACU";"Defeito Mecânico no Veículo";"Incêndio";"Sem Vítimas";"Plena Noite";"Decrescente";"Céu Claro";"Dupla";"Reta";"Não";1;0;0;0;1;0;0;1;-22,68417432;-43,42191696;"SPRF-RJ";"DEL01-RJ";"UOP03-DEL01-RJ"
239763;2019-10-02;"quarta-feira";"18:30:00";"MG";365;168;"BURITIZEIRO";"Falta de Atenção à Condução";"Colisão transversal";"Com Vítimas Feridas";"Anoitecer";"Crescente";"Nublado";"Simples";"Reta";"Não";2;0;1;0;1;0;1;2;-17,38542984;-44,98850414;"SPRF-MG";"DEL12-MG";"UOP01-DEL12-MG"
239764;2019-10-02;"quarta-feira";"20:50:00";"ES";101;266;"SERRA";"Falta de Atenção à Condução";"Colisão transversal";"Com Vítimas Feridas";"Plena Noite";"Crescente";"Céu Claro";"Múltipla";"Reta";"Sim";2;0;0;1;1;0;1;2;-20,190199;-40,26828891;"SPRF-ES";"DEL02-ES";"UOP01-DEL02-ES"
239766;2019-10-02;"quarta-feira";"21:15:00";"CE";116;306,9;"JAGUARIBE";"Desobediência às normas de trânsito pelo condutor";"Queda de ocupante de veículo";"Com Vítimas Feridas";"Plena Noite";"Crescente";"Céu Claro";"Simples";"Viaduto;Reta";"Não";1;0;0;1;0;0;1;1;-5,87360108;-38,60594195;"SPRF-CE";"DEL05-CE";"UOP02-DEL05-CE"
239768;2019-10-02;"quarta-feira";"21:00:00";"PR";376;4,5;"APUCARANA";"Falta de Atenção à Condução";"Colisão transversal";"Com Vítimas Feridas";"Plena Noite";"Decrescente";"Vento";"Simples";"Interseção de Vias;Reta";"Não";3;0;0;3;0;0;3;2;-23,55270681;-51,44760132;"SPRF-PR";"DEL07-PR";"UOP03-DEL07-PR"
239769;2019-10-02;"quarta-feira";"22:00:00";"PR";277;3;"PARANAGUA";"Restrição de Visibilidade";"Atropelamento de Pedestre";"Com Vítimas Feridas";"Plena Noite";"Decrescente";"Céu Claro";"Simples";"Curva";"Não";3;0;0;2;0;1;2;3;-25,5205;-48,5095;"SPRF-PR";"DEL01-PR";"UOP05-DEL01-PR"
239773;2019-10-02;"quarta-feira";"21:00:00";"RS";480;67,5;"ERECHIM";"Defeito Mecânico no Veículo";"Colisão frontal";"Com Vítimas Feridas";"Plena Noite";"Crescente";"Chuva";"Simples";"Reta";"Não";3;0;3;0;0;0;3;2;-27,63459544;-52,33630051;"SPRF-RS";"DEL08-RS";"UOP04-DEL08-RS"
239775;2019-10-02;"quarta-feira";"09:10:00";"BA";324;616;"SALVADOR";"Defeito Mecânico no Veículo";"Queda de ocupante de veículo";"Com Vítimas Feridas";"Plena Noite";"Crescente";"Chuva";"Dupla";"Reta";"Sim";1;0;1;0;0;0;1;1;-12,87957905;-38,43213893;"SPRF-BA";"DEL01-BA";"UOP01-DEL01-BA"
239778;2019-10-02;"quarta-feira";"22:35:00";"MG";116;279,1;"TEOFILO OTONI";"Ingestão de Álcool";"Colisão lateral";"Com Vítimas Feridas";"Plena Noite";"Decrescente";"Céu Claro";"Simples";"Reta";"Sim";4;0;1;3;0;0;4;2;-17,87634412;-41,52080762;"SPRF-MG";"DEL11-MG";"UOP01-DEL11-MG"
239780;2019-10-02;"quarta-feira";"23:40:00";"MG";262;366,5;"JUATUBA";"Falta de Atenção à Condução";"Tombamento";"Com Vítimas Feridas";"Plena Noite";"Decrescente";"Céu Claro";"Múltipla";"Curva";"Não";1;0;1;0;0;0;1;1;-19,974217;-44,261798;"SPRF-MG";"DEL01-MG";"UOP03-DEL01-MG"
239782;2019-10-02;"quarta-feira";"12:45:00";"SC";280;290;"PORTO UNIAO";"Velocidade Incompatível";"Saída de leito carroçável";"Com Vítimas Feridas";"Pleno dia";"Decrescente";"Céu Claro";"Simples";"Reta";"Não";1;0;1;0;0;0;1;1;-26,29600191;-50,92527803;"SPRF-SC";"DEL06-SC";"UOP04-DEL06-SC"
239783;2019-10-02;"quarta-feira";"23:45:00";"PR";376;9,2;"MARINGA";"Falta de Atenção à Condução";"Colisão com objeto estático";"Com Vítimas Feridas";"Plena Noite";"Decrescente";"Céu Claro";"Dupla";"Reta";"Sim";2;0;1;0;1;0;1;1;-23,37850156;-51,91477776;"SPRF-PR";"DEL07-PR";"UOP01-DEL09-PR"
239784;2019-10-02;"quarta-feira";"22:25:00";"BA";407;196;"PONTO NOVO";"Não guardar distância de segurança";"Colisão traseira";"Com Vítimas Feridas";"Plena Noite";"Crescente";"Nublado";"Simples";"Reta";"Sim";2;0;1;0;1;0;1;2;-11,07047818;-40,08305351;"SPRF-BA";"DEL04-BA";"UOP02-DEL04-BA"
239785;2019-10-02;"quarta-feira";"23:45:00";"PR";376;600;"CURITIBA";"Falta de Atenção à Condução";"Capotamento";"Com Vítimas Feridas";"Plena Noite";"Decrescente";"Céu Claro";"Dupla";"Reta";"Não";1;0;1;0;0;0;1;1;-25,53195602;-49,32205901;"SPRF-PR";"DEL01-PR";"UOP06-DEL01-PR"
239787;2019-10-03;"quinta-feira";"00:00:00";"PR";116;10;"COLOMBO";"Falta de Atenção à Condução";"Queda de ocupante de veículo";"Com Vítimas Feridas";"Plena Noite";"Crescente";"Céu Claro";"Dupla";"Reta;Declive";"Sim";1;0;1;0;0;0;1;1;-25,3719;-49,134;"SPRF-PR";"DEL01-PR";"UOP01-DEL01-PR"
239788;2019-10-03;"quinta-feira";"00:20:00";"MG";50;73;"UBERLANDIA";"Desobediência às normas de trânsito pelo condutor";"Colisão traseira";"Com Vítimas Feridas";"Plena Noite";"Crescente";"Céu Claro";"Dupla";"Reta";"Sim";3;0;0;1;0;2;1;2;-18,90831649;-48,22635412;"SPRF-MG";"DEL15-MG";"UOP01-DEL15-MG"
239791;2019-10-02;"quarta-feira";"23:00:00";"SC";480;130;"CHAPECO";"Avarias e/ou desgaste excessivo no pneu";"Colisão lateral";"Com Vítimas Feridas";"Plena Noite";"Crescente";"Chuva";"Dupla";"Reta";"Sim";3;0;1;0;2;0;1;2;-27,05534298;-52,63652069;"SPRF-SC";"DEL07-SC";"UOP01-DEL07-SC"
239792;2019-10-03;"quinta-feira";"00:20:00";"PR";277;102;"CURITIBA";"Ingestão de Álcool";"Colisão traseira";"Sem Vítimas";"Plena Noite";"Decrescente";"Nublado";"Dupla";"Reta";"Não";2;0;0;0;2;0;0;2;-25,42856209;-49,39150035;"SPRF-PR";"DEL01-PR";"UOP06-DEL01-PR"
239795;2019-10-02;"quarta-feira";"09:45:00";"RO";364;14;"VILHENA";"Falta de Atenção à Condução";"Colisão transversal";"Sem Vítimas";"Pleno dia";"Decrescente";"Céu Claro";"Dupla";"Rotatória";"Sim";2;0;0;0;2;0;0;2;-12,73898138;-60,13911417;"SPRF-RO";"DEL04-RO";"UOP01-DEL04-RO"
239797;2019-10-03;"quinta-feira";"02:30:00";"PE";101;39;"IGARASSU";"Condutor Dormindo";"Saída de leito carroçável";"Com Vítimas Feridas";"Plena Noite";"Crescente";"Céu Claro";"Dupla";"Curva";"Sim";1;0;1;0;0;0;1;1;-7,81259899;-34,91890497;"SPRF-PE";"DEL01-PE";"UOP02-DEL01-PE"
239801;2019-10-03;"quinta-feira";"02:30:00";"RS";116;56,3;"VACARIA";"Condutor Dormindo";"Saída de leito carroçável";"Sem Vítimas";"Plena Noite";"Crescente";"Chuva";"Simples";"Curva";"Não";1;0;0;0;1;0;0;1;-28,60961593;-51,04158739;"SPRF-RS";"DEL05-RS";"UOP03-DEL05-RS"
239802;2019-10-03;"quinta-feira";"02:00:00";"RS";116;249;"SAO LEOPOLDO";"Falta de Atenção à Condução";"Tombamento";"Sem Vítimas";"Plena Noite";"Decrescente";"Garoa/Chuvisco";"Dupla";"Reta";"Sim";1;0;0;0;1;0;0;1;-29,7831804;-51,16099063;"SPRF-RS";"DEL01-RS";"UOP02-DEL01-RS"
239804;2019-10-03;"quinta-feira";"04:45:00";"MG";381;441;"SABARA";"Falta de Atenção à Condução";"Colisão lateral";"Com Vítimas Feridas";"Pleno dia";"Crescente";"Céu Claro";"Simples";"Aclive;Curva";"Não";4;0;3;0;1;0;3;2;-19,81604176;-43,80389901;"SPRF-MG";"DEL01-MG";"UOP01-DEL01-MG"
239805;2019-08-16;"sexta-feira";"01:45:00";"PI";343;265,3;"CAMPO MAIOR";"Desobediência às normas de trânsito pelo condutor";"Saída de leito carroçável";"Com Vítimas Fatais";"Pleno dia";"Decrescente";"Céu Claro";"Simples";"Curva";"Sim";1;1;0;0;0;0;0;1;-4,83678023;-42,16867089;"SPRF-PI";"DEL01-PI";"UOP03-DEL01-PI"
239806;2019-10-03;"quinta-feira";"05:20:00";"CE";116;505,3;"BREJO SANTO";"Falta de Atenção à Condução";"Atropelamento de Pedestre";"Com Vítimas Feridas";"Amanhecer";"Decrescente";"Nublado";"Simples";"Reta";"Sim";3;0;2;0;1;0;2;2;-7,516552;-38,991916;"SPRF-CE";"DEL05-CE";"UOP03-DEL05-CE"
239809;2019-10-03;"quinta-feira";"05:30:00";"PR";369;141;"IBIPORA";"Condutor Dormindo";"Queda de ocupante de veículo";"Com Vítimas Feridas";"Plena Noite";"Crescente";"Céu Claro";"Dupla";"Reta;Declive";"Sim";1;0;1;0;0;0;1;1;-23,28804384;-51,07934743;"SPRF-PR";"DEL07-PR";"UOP01-DEL07-PR"
239810;2019-10-03;"quinta-feira";"05:45:00";"RS";116;254;"SAPUCAIA DO SUL";"Pista Escorregadia";"Colisão com objeto estático";"Com Vítimas Feridas";"Plena Noite";"Crescente";"Chuva";"Dupla";"Reta";"Sim";2;0;1;0;1;0;1;2;-29,82654797;-51,17241311;"SPRF-RS";"DEL01-RS";"UOP02-DEL01-RS"
239811;2019-10-02;"quarta-feira";"23:50:00";"SC";101;393,9;"CRICIUMA";"Ingestão de Álcool";"Tombamento";"Com Vítimas Feridas";"Plena Noite";"Decrescente";"Garoa/Chuvisco";"Simples";"Curva";"Não";1;0;1;0;0;0;1;1;-28,8094198;-49,37995008;"SPRF-SC";"DEL02-SC";"UOP02-DEL02-SC"
239812;2019-10-03;"quinta-feira";"06:00:00";"SP";116;209,7;"GUARULHOS";"Não guardar distância de segurança";"Colisão lateral";"Com Vítimas Feridas";"Amanhecer";"Crescente";"Nublado";"Dupla";"Reta";"Não";2;0;1;0;1;0;1;2;-23,42511799;-46,40221101;"SPRF-SP";"DEL01-SP";"UOP01-DEL01-SP"
239814;2019-10-03;"quinta-feira";"05:40:00";"MG";381;596,6;"CARMOPOLIS DE MINAS";"Defeito Mecânico no Veículo";"Queda de ocupante de veículo";"Com Vítimas Feridas";"Amanhecer";"Crescente";"Céu Claro";"Dupla";"Reta";"Não";2;0;1;0;0;1;1;1;-20,60213157;-44,71579002;"SPRF-MG";"DEL04-MG";"UOP01-DEL04-MG"
239818;2019-10-03;"quinta-feira";"07:10:00";"SP";116;157;"SAO JOSE DOS CAMPOS";"Desobediência às normas de trânsito pelo condutor";"Colisão lateral";"Com Vítimas Feridas";"Pleno dia";"Decrescente";"Sol";"Dupla";"Reta";"Sim";1;0;1;0;0;0;1;1;-23,25414682;-45,94156802;"SPRF-SP";"DEL02-SP";"UOP01-DEL02-SP"
239820;2019-10-03;"quinta-feira";"06:30:00";"MG";381;688;"LAVRAS";"Desobediência às normas de trânsito pelo condutor";"Colisão lateral";"Com Vítimas Feridas";"Amanhecer";"Decrescente";"Céu Claro";"Dupla";"Retorno Regulamentado";"Não";2;0;1;0;1;0;1;2;-21,21737985;-45,1265452;"SPRF-MG";"DEL04-MG";"UOP02-DEL04-MG"
239822;2019-10-03;"quinta-feira";"07:15:00";"PR";163;285;"MARECHAL CANDIDO RONDON";"Falta de Atenção à Condução";"Colisão traseira";"Com Vítimas Feridas";"Pleno dia";"Decrescente";"Céu Claro";"Dupla";"Reta";"Sim";2;0;2;0;0;0;2;2;-24,568102;-54,034168;"SPRF-PR";"DEL06-PR";"UOP02-DEL06-PR"
239825;2019-10-03;"quinta-feira";"07:20:00";"DF";40;6,6;"BRASILIA";"Desobediência às normas de trânsito pelo condutor";"Colisão traseira";"Com Vítimas Feridas";"Pleno dia";"Decrescente";"Céu Claro";"Dupla";"Reta";"Não";2;0;1;0;1;0;1;2;-16,029741;-47,978867;"SPRF-DF";"DEL01-DF";"UOP01-DEL01-DF"
239828;2019-10-03;"quinta-feira";"02:30:00";"MT";364;201,5;"RONDONOPOLIS";"Desobediência às normas de trânsito pelo condutor";"Capotamento";"Sem Vítimas";"Plena Noite";"Decrescente";"Céu Claro";"Dupla";"Reta";"Sim";1;0;0;0;0;1;0;1;-16,491405;-54,646378;"SPRF-MT";"DEL02-MT";"UOP01-DEL02-MT"
239832;2019-10-03;"quinta-feira";"06:45:00";"RJ";101;111;"CAMPOS DOS GOYTACAZES";"Ingestão de Álcool";"Colisão com objeto estático";"Sem Vítimas";"Pleno dia";"Decrescente";"Céu Claro";"Dupla";"Reta";"Não";1;0;0;0;1;0;0;1;-21,96256001;-41,64818859;"SPRF-RJ";"DEL08-RJ";"UOP02-DEL08-RJ"
239833;2019-10-03;"quinta-feira";"07:40:00";"PR";476;138;"CURITIBA";"Falta de Atenção à Condução";"Colisão traseira";"Sem Vítimas";"Pleno dia";"Decrescente";"Sol";"Dupla";"Reta";"Não";2;0;0;0;2;0;0;2;-25,505564;-49,283417;"SPRF-PR";"DEL01-PR";"UOP03-DEL01-PR"
239834;2019-10-03;"quinta-feira";"06:55:00";"MG";381;480,2;"CONTAGEM";"Falta de Atenção à Condução";"Colisão lateral";"Com Vítimas Feridas";"Pleno dia";"Crescente";"Sol";"Dupla";"Reta";"Sim";2;0;1;0;1;0;1;2;-19,95749597;-44,07899901;"SPRF-MG";"DEL01-MG";"UOP03-DEL01-MG"
239835;2019-10-03;"quinta-feira";"07:00:00";"PR";116;178;"QUITANDINHA";"Objeto estático sobre o leito carroçável";"Saída de leito carroçável";"Sem Vítimas";"Pleno dia";"Crescente";"Céu Claro";"Simples";"Reta";"Não";1;0;0;0;1;0;0;1;-25,89793877;-49,55429609;"SPRF-PR";"DEL01-PR";"UOP03-DEL01-PR"
239838;2019-10-03;"quinta-feira";"08:45:00";"RS";116;266;"CANOAS";"Falta de Atenção à Condução";"Colisão com objeto estático";"Com Vítimas Feridas";"Pleno dia";"Decrescente";"Chuva";"Múltipla";"Reta";"Sim";1;0;1;0;0;0;1;1;-29,93242399;-51,17742077;"SPRF-RS";"DEL01-RS";"UOP01-DEL01-RS"
239839;2019-10-03;"quinta-feira";"07:30:00";"GO";40;19,3;"LUZIANIA";"Condutor Dormindo";"Saída de leito carroçável";"Com Vítimas Feridas";"Pleno dia";"Crescente";"Sol";"Dupla";"Reta";"Não";1;0;1;0;0;0;1;1;-16,201556;-47,921314;"SPRF-DF";"DEL01-DF";"UOP01-DEL01-DF"
239840;2019-10-03;"quinta-feira";"08:30:00";"PA";316;273;"CACHOEIRA DO PIRIA";"Defeito Mecânico no Veículo";"Colisão traseira";"Sem Vítimas";"Pleno dia";"Decrescente";"Céu Claro";"Simples";"Reta";"Sim";2;0;0;0;2;0;0;2;-1,80614105;-46,32470697;"SPRF-PA";"DEL01-PA";"UOP04-DEL01-PA"
239841;2019-10-03;"quinta-feira";"09:10:00";"AL";316;269,1;"SATUBA";"Mal Súbito";"Colisão frontal";"Com Vítimas Feridas";"Pleno dia";"Decrescente";"Céu Claro";"Simples";"Curva";"Sim";2;0;1;0;1;0;1;2;-9,57589005;-35,83163597;"SPRF-AL";"DEL02-AL";"UOP01-DEL02-AL"
239843;2019-08-09;"sexta-feira";"15:40:00";"PR";163;41,9;"PRANCHITA";"Falta de Atenção à Condução";"Colisão transversal";"Com Vítimas Feridas";"Pleno dia";"Crescente";"Ignorado";"Simples";"Interseção de Vias";"Sim";3;0;0;1;2;0;1;2;-26,012672;-53,733442;"SPRF-PR";"DEL02-PR";"UOP02-DEL02-PR"
239845;2019-09-29;"domingo";"08:00:00";"SP";116;476;"JACUPIRANGA";"Objeto estático sobre o leito carroçável";"Colisão com objeto estático";"Sem Vítimas";"Pleno dia";"Decrescente";"Nublado";"Simples";"Reta";"Sim";1;0;0;0;1;0;0;1;-24,70005338;-48,00510406;"SPRF-SP";"DEL05-SP";"UAP01-DEL05-SP"
239846;2019-10-03;"quinta-feira";"08:30:00";"SP";116;283;"EMBU DAS ARTES";"Falta de Atenção à Condução";"Colisão lateral";"Com Vítimas Feridas";"Pleno dia";"Decrescente";"Céu Claro";"Dupla";"Reta";"Sim";3;0;2;0;1;0;2;3;-23,67363736;-46,8563587;"SPRF-SP";"DEL04-SP";"UOP01-DEL04-SP"
239847;2019-10-03;"quinta-feira";"08:55:00";"RS";470;218,9;"BENTO GONCALVES";"Avarias e/ou desgaste excessivo no pneu";"Saída de leito carroçável";"Com Vítimas Feridas";"Pleno dia";"Decrescente";"Chuva";"Simples";"Curva;Aclive";"Não";1;0;0;1;0;0;1;1;-29,17292214;-51,52424936;"SPRF-RS";"DEL06-RS";"UOP01-DEL06-RS"
239848;2019-10-03;"quinta-feira";"09:35:00";"PR";369;36,9;"ANDIRA";"Não guardar distância de segurança";"Colisão traseira";"Com Vítimas Feridas";"Pleno dia";"Crescente";"Céu Claro";"Simples";"Reta";"Sim";3;0;1;1;0;1;2;2;-23,0426891;-50,22924542;"SPRF-PR";"DEL07-PR";"UOP05-DEL07-PR"
239850;2019-10-03;"quinta-feira";"09:12:00";"RJ";101;62;"CAMPOS DOS GOYTACAZES";"Não guardar distância de segurança";"Colisão traseira";"Sem Vítimas";"Pleno dia";"Decrescente";"Céu Claro";"Simples";"Reta";"Sim";2;0;0;0;2;0;0;2;-21,73473386;-41,32504025;"SPRF-RJ";"DEL08-RJ";"UOP01-DEL08-RJ"
239851;2019-10-03;"quinta-feira";"09:30:00";"MA";316;549,3;"CAXIAS";"Falta de Atenção à Condução";"Colisão transversal";"Com Vítimas Feridas";"Pleno dia";"Decrescente";"Céu Claro";"Simples";"Interseção de Vias";"Sim";2;0;0;1;1;0;1;2;-4,887895;-43,371475;"SPRF-MA";"DEL03-MA";"UOP02-DEL03-MA"
239852;2019-10-03;"quinta-feira";"09:55:00";"PB";101;97;"ALHANDRA";"Não guardar distância de segurança";"Colisão traseira";"Sem Vítimas";"Pleno dia";"Crescente";"Céu Claro";"Dupla";"Reta";"Sim";2;0;0;0;2;0;0;2;-7,23846306;-34,9268519;"SPRF-PB";"DEL01-PB";"UOP01-DEL01-PB"
239853;2019-10-03;"quinta-feira";"10:15:00";"SC";470;88,5;"ASCURRA";"Não guardar distância de segurança";"Colisão lateral";"Com Vítimas Feridas";"Pleno dia";"Decrescente";"Nublado";"Simples";"Curva";"Sim";3;0;2;0;1;0;2;2;-26,955355;-49,373169;"SPRF-SC";"DEL04-SC";"UOP01-DEL04-SC"
239854;2019-10-03;"quinta-feira";"07:20:00";"ES";101;396,9;"RIO NOVO DO SUL";"Velocidade Incompatível";"Queda de ocupante de veículo";"Com Vítimas Feridas";"Pleno dia";"Crescente";"Céu Claro";"Simples";"Reta";"Não";1;0;1;0;0;0;1;1;-20,868874;-40,94103;"SPRF-ES";"DEL03-ES";"UOP02-DEL03-ES"
239855;2019-10-03;"quinta-feira";"10:30:00";"GO";153;495;"GOIANIA";"Falta de Atenção à Condução";"Colisão traseira";"Sem Vítimas";"Pleno dia";"Crescente";"Céu Claro";"Dupla";"Aclive";"Sim";2;0;0;0;2;0;0;2;-16,6681;-49,2263;"SPRF-GO";"DEL01-GO";"UOP01-DEL01-GO"
239856;2019-10-03;"quinta-feira";"09:30:00";"SP";153;220;"MARILIA";"Falta de Atenção à Condução";"Saída de leito carroçável";"Com Vítimas Feridas";"Pleno dia";"Decrescente";"Céu Claro";"Simples";"Reta";"Não";1;0;1;0;0;0;1;1;-21,996762;-49,91299301;"SPRF-SP";"DEL07-SP";"UOP02-DEL07-SP"
239857;2019-10-03;"quinta-feira";"06:30:00";"MT";364;271;"JACIARA";"Falta de Atenção à Condução";"Colisão transversal";"Com Vítimas Feridas";"Pleno dia";"Decrescente";"Sol";"Dupla";"Curva";"Sim";2;0;1;0;1;0;1;2;-15,96962998;-54,95363;"SPRF-MT";"DEL02-MT";"UOP02-DEL05-MT"
239858;2019-09-21;"sábado";"21:15:00";"ES";482;71;"ALEGRE";"Desobediência às normas de trânsito pelo condutor";"Colisão frontal";"Com Vítimas Fatais";"Plena Noite";"Crescente";"Nublado";"Simples";"Curva";"Não";7;1;0;1;5;0;1;3;-20,76574608;-41,44656008;"SPRF-ES";"DEL03-ES";"UOP02-DEL03-ES"
239860;2019-10-03;"quinta-feira";"09:02:00";"MT";364;264;"SAO PEDRO DA CIPA";"Desobediência às normas de trânsito pelo condutor";"Colisão transversal";"Sem Vítimas";"Pleno dia";"Crescente";"Sol";"Simples";"Reta";"Sim";2;0;0;0;2;0;0;2;-16,01057325;-54,91344724;"SPRF-MT";"DEL02-MT";"UOP02-DEL05-MT"
239863;2019-10-03;"quinta-feira";"11:25:00";"PI";316;310,2;"PICOS";"Falta de Atenção à Condução";"Colisão transversal";"Sem Vítimas";"Pleno dia";"Crescente";"Céu Claro";"Simples";"Retorno Regulamentado";"Sim";2;0;0;0;2;0;0;2;-7,07639186;-41,47475001;"SPRF-PI";"DEL04-PI";"UOP01-DEL04-PI"
239864;2019-10-03;"quinta-feira";"11:00:00";"PB";101;90;"JOAO PESSOA";"Falta de Atenção à Condução";"Colisão lateral";"Sem Vítimas";"Pleno dia";"Crescente";"Céu Claro";"Dupla";"Curva";"Sim";2;0;0;0;2;0;0;2;-7,179652;-34,900417;"SPRF-PB";"DEL01-PB";"UOP01-DEL01-PB"
239865;2019-10-03;"quinta-feira";"11:45:00";"SP";116;189,2;"SANTA ISABEL";"Condutor Dormindo";"Colisão com objeto estático";"Com Vítimas Feridas";"Pleno dia";"Decrescente";"Céu Claro";"Dupla";"Reta;Aclive";"Não";1;0;0;1;0;0;1;1;-23,36435234;-46,22488684;"SPRF-SP";"DEL02-SP";"UOP01-DEL02-SP"
239867;2019-10-03;"quinta-feira";"10:30:00";"PI";316;4,5;"TERESINA";"Falta de Atenção à Condução";"Colisão traseira";"Com Vítimas Feridas";"Pleno dia";"Crescente";"Céu Claro";"Simples";"Reta";"Sim";2;0;1;1;0;0;2;2;-5,13655894;-42,78900388;"SPRF-PI";"DEL01-PI";"UOP02-DEL01-PI"
239868;2019-10-03;"quinta-feira";"12:25:00";"SE";235;73;"FREI PAULO";"Não guardar distância de segurança";"Colisão traseira";"Com Vítimas Feridas";"Pleno dia";"Crescente";"Céu Claro";"Simples";"Reta";"Sim";2;0;1;0;1;0;1;2;-10,545807;-37,53688;"SPRF-SE";"DEL01-SE";"UOP02-DEL01-SE"
239869;2019-10-03;"quinta-feira";"19:00:00";"MT";70;474,5;"BARRA DO GARCAS";"Falta de Atenção à Condução";"Colisão lateral";"Com Vítimas Feridas";"Plena Noite";"Crescente";"Céu Claro";"Dupla";"Interseção de Vias";"Sim";2;0;1;0;1;0;1;2;-15,89662163;-52,24445343;"SPRF-MT";"DEL02-MT";"UOP02-DEL01-MT"
239870;2019-10-03;"quinta-feira";"12:40:00";"CE";222;10;"CAUCAIA";"Agressão Externa";"Colisão lateral";"Com Vítimas Feridas";"Pleno dia";"Decrescente";"Céu Claro";"Dupla";"Reta";"Sim";2;0;2;0;0;0;2;1;-3,76186908;-38,65413796;"SPRF-CE";"DEL01-CE";"UOP01-DEL01-CE"
239871;2019-10-03;"quinta-feira";"12:30:00";"RJ";101;551;"PARATY";"Falta de Atenção à Condução";"Colisão traseira";"Com Vítimas Feridas";"Pleno dia";"Decrescente";"Céu Claro";"Simples";"Reta";"Não";2;0;1;0;1;0;1;2;-23,05018104;-44,67370097;"SPRF-RJ";"DEL03-RJ";"UOP04-DEL03-RJ"
239872;2019-09-15;"domingo";"06:20:00";"GO";153;496;"GOIANIA";"Defeito Mecânico no Veículo";"Incêndio";"Sem Vítimas";"Amanhecer";"Crescente";"Céu Claro";"Dupla";"Reta";"Sim";1;0;0;0;1;0;0;1;-16,67244608;-49,22860276;"SPRF-GO";"DEL01-GO";"UOP01-DEL01-GO"
239873;2019-10-03;"quinta-feira";"12:50:00";"PI";230;306;"FLORIANO";"Falta de Atenção do Pedestre";"Atropelamento de Pedestre";"Com Vítimas Feridas";"Pleno dia";"Crescente";"Céu Claro";"Simples";"Reta";"Sim";2;0;2;0;0;0;2;2;-6,79173488;-42,98594092;"SPRF-PI";"DEL03-PI";"UOP01-DEL03-PI"
239874;2019-10-03;"quinta-feira";"10:50:00";"AC";364;133;"RIO BRANCO";"Falta de Atenção à Condução";"Colisão traseira";"Com Vítimas Feridas";"Pleno dia";"Crescente";"Céu Claro";"Dupla";"Reta";"Sim";2;0;1;0;1;0;1;2;-10,002488;-67,84954;"SPRF-AC";"DEL01-AC";"UOP01-DEL01-AC"
239875;2019-10-03;"quinta-feira";"11:50:00";"RS";290;54,4;"GLORINHA";"Pista Escorregadia";"Colisão com objeto estático";"Com Vítimas Feridas";"Pleno dia";"Crescente";"Garoa/Chuvisco";"Múltipla";"Reta";"Não";3;0;1;0;2;0;1;1;-29,912643;-50,798103;"SPRF-RS";"DEL03-RS";"UOP01-DEL03-RS"
239876;2019-04-21;"domingo";"06:55:00";"AC";364;118;"RIO BRANCO";"Falta de Atenção à Condução";"Colisão traseira";"Com Vítimas Feridas";"Pleno dia";"Crescente";"Ignorado";"Simples";"Reta";"Não";1;0;0;1;0;0;1;1;-10,0132125;-67,7138271;"SPRF-AC";"DEL01-AC";"UOP01-DEL01-AC"
239877;2019-10-03;"quinta-feira";"12:00:00";"RS";285;459,7;"IJUI";"Falta de Atenção à Condução";"Colisão transversal";"Com Vítimas Feridas";"Pleno dia";"Decrescente";"Chuva";"Simples";"Reta";"Sim";2;0;1;0;1;0;1;2;-28,409056;-53,902336;"SPRF-RS";"DEL10-RS";"UOP01-DEL10-RS"