"id";"data_inversa";"dia_semana";"horario";"uf";"br";"km";"municipio";"causa_acidente";"tipo_acidente";"classificacao_acidente";"fase_dia";"sentido_via";"condicao_metereologica";"tipo_pista";"tracado_via";"uso_solo";"pessoas";"mortos";"feridos_leves";"feridos_graves";"ilesos";"ignorados";"feridos";"veiculos";"latitude";"longitude";"regional";"delegacia";"uop"
239879;2019-03-29;"sexta-feira";"20:55:00";"GO";60;453;"JATAI";"Velocidade Incompatível";"Saída de leito carroçável";"Sem Vítimas";"Plena Noite";"Decrescente";"Céu Claro";"Dupla";"Aclive";"Não";1;0;0;0;0;1;0;1;-17,8565;-51,5532;"SPRF-GO";"DEL05-GO";"UOP01-DEL05-GO"
239881;2019-10-03;"quinta-feira";"13:50:00";"ES";101;71,8;"SAO MATEUS";"Falta de Atenção à Condução";"Colisão transversal";"Com Vítimas Feridas";"Pleno dia";"Crescente";"Sol";"Simples";"Reta";"Não";2;0;1;1;0;0;2;2;-18,753513;-39,862598;"SPRF-ES";"DEL04-ES";"UOP02-DEL04-ES"
239882;2019-10-03;"quinta-feira";"10:55:00";"RO";174;15;"VILHENA";"Falta de Atenção à Condução";"Colisão transversal";"Com Vítimas Feridas";"Pleno dia";"Decrescente";"Céu Claro";"Dupla";"Reta";"Sim";3;0;1;0;2;0;1;2;-12,723321;-60,12801;"SPRF-RO";"DEL04-RO";"UOP01-DEL04-RO"
239885;2019-08-15;"quinta-feira";"09:30:00";"PE";101;96,5;"CABO DE SANTO AGOSTINHO";"Avarias e/ou desgaste excessivo no pneu";"Capotamento";"Com Vítimas Feridas";"Pleno dia";"Crescente";"Chuva";"Dupla";"Aclive;Reta";"Sim";1;0;1;0;0;0;1;1;-8,25146993;-35,021805;"SPRF-PE";"DEL01-PE";"UOP03-DEL01-PE"
239887;2019-10-03;"quinta-feira";"14:10:00";"SC";116;4,5;"MAFRA";"Desobediência às normas de trânsito pelo condutor";"Colisão transversal";"Com Vítimas Feridas";"Pleno dia";"Crescente";"Sol";"Simples";"Aclive;Reta";"Não";2;0;1;0;1;0;1;2;-26,13554917;-49,8072652;"SPRF-SC";"DEL06-SC";"UOP01-DEL06-SC"
239888;2019-10-03;"quinta-feira";"14:55:00";"RJ";393;223;"VASSOURAS";"Falta de Atenção à Condução";"Capotamento";"Com Vítimas Feridas";"Pleno dia";"Crescente";"Céu Claro";"Simples";"Reta";"Não";2;0;1;0;1;0;1;1;-22,3314808;-43,54470015;"SPRF-RJ";"DEL05-RJ";"UOP03-DEL05-RJ"
239891;2019-10-03;"quinta-feira";"15:20:00";"PE";232;104,8;"BEZERROS";"Ingestão de Álcool";"Colisão traseira";"Sem Vítimas";"Pleno dia";"Decrescente";"Céu Claro";"Dupla";"Reta";"Não";3;0;0;0;2;1;0;2;-8,2553139;-35,77427504;"SPRF-PE";"DEL02-PE";"UOP03-DEL02-PE"
239893;2019-10-03;"quinta-feira";"14:40:00";"RJ";116;173;"MESQUITA";"Falta de Atenção à Condução";"Colisão lateral";"Com Vítimas Feridas";"Pleno dia";"Crescente";"Céu Claro";"Dupla";"Reta";"Sim";3;0;1;0;2;0;1;2;-22,769902;-43,408036;"SPRF-RJ";"DEL01-RJ";"UOP02-DEL01-RJ"
239894;2019-10-03;"quinta-feira";"13:40:00";"SC";280;5,5;"SAO FRANCISCO DO SUL";"Falta de Atenção à Condução";"Colisão transversal";"Com Vítimas Feridas";"Pleno dia";"Decrescente";"Céu Claro";"Simples";"Reta";"Não";2;0;2;0;0;0;2;2;-26,26282318;-48,62942576;"SPRF-SC";"DEL03-SC";"UOP03-DEL03-SC"
239895;2019-08-28;"quarta-feira";"16:30:00";"ES";101;0,5;"SERRA";"Desobediência às normas de trânsito pelo condutor";"Colisão lateral";"Com Vítimas Feridas";"Pleno dia";"Decrescente";"Céu Claro";"Dupla";"Curva";"Sim";2;0;1;0;1;0;1;2;-20,23336855;-40,27553558;"SPRF-ES";"DEL04-ES";"UOP02-DEL04-ES"
239898;2019-10-03;"quinta-feira";"16:40:00";"SC";101;203;"SAO JOSE";"Não guardar distância de segurança";"Colisão traseira";"Com Vítimas Feridas";"Pleno dia";"Decrescente";"Céu Claro";"Dupla";"Reta";"Sim";2;0;0;1;1;0;1;2;-27,5650044;-48,61460082;"SPRF-SC";"DEL01-SC";"UOP01-DEL01-SC"
239899;2019-08-16;"sexta-feira";"13:30:00";"MG";116;743;"LEOPOLDINA";"Falta de Atenção à Condução";"Colisão transversal";"Com Vítimas Feridas";"Pleno dia";"Decrescente";"Céu Claro";"Simples";"Reta";"Não";4;0;2;0;1;1;2;3;-21,41440191;-42,50433031;"SPRF-MG";"DEL07-MG";"UOP01-DEL07-MG"
239900;2019-10-03;"quinta-feira";"16:00:00";"MG";365;620;"UBERLANDIA";"Falta de Atenção à Condução";"Colisão traseira";"Com Vítimas Feridas";"Pleno dia";"Decrescente";"Céu Claro";"Dupla";"Reta";"Não";3;0;2;0;1;0;2;3;-18,89704465;-48,27226818;"SPRF-MG";"DEL15-MG";"UOP01-DEL15-MG"
239901;2019-10-03;"quinta-feira";"16:15:00";"SC";282;626,7;"IRACEMINHA";"Falta de Atenção à Condução";"Saída de leito carroçável";"Com Vítimas Feridas";"Pleno dia";"Crescente";"Céu Claro";"Simples";"Reta";"Não";3;0;0;2;0;1;2;2;-26,809;-53,363;"SPRF-SC";"DEL07-SC";"UOP02-DEL07-SC"
239902;2019-10-03;"quinta-feira";"16:20:00";"MG";381;936,3;"EXTREMA";"Velocidade Incompatível";"Tombamento";"Com Vítimas Feridas";"Pleno dia";"Crescente";"Céu Claro";"Dupla";"Curva;Declive";"Não";1;0;1;0;0;0;1;1;-22,82914914;-46,31469547;"SPRF-MG";"DEL16-MG";"UOP03-DEL16-MG"
239903;2019-10-03;"quinta-feira";"18:15:00";"PI";343;7,8;"PARNAIBA";"Falta de Atenção à Condução";"Colisão transversal";"Com Vítimas Feridas";"Plena Noite";"Crescente";"Céu Claro";"Simples";"Reta";"Sim";4;0;2;1;1;0;3;2;-2,898051;-41,714767;"SPRF-PI";"DEL05-PI";"UOP01-DEL05-PI"
239904;2019-10-03;"quinta-feira";"17:15:00";"PR";277;8,4;"PARANAGUA";"Falta de Atenção à Condução";"Queda de ocupante de veículo";"Com Vítimas Feridas";"Pleno dia";"Crescente";"Sol";"Dupla";"Reta";"Não";1;0;1;0;0;0;1;1;-25,56598156;-48,60420227;"SPRF-PR";"DEL01-PR";"UOP05-DEL01-PR"
239905;2019-10-03;"quinta-feira";"18:00:00";"BA";116;416,5;"FEIRA DE SANTANA";"Falta de Atenção à Condução";"Colisão traseira";"Sem Vítimas";"Plena Noite";"Crescente";"Céu Claro";"Simples";"Reta";"Sim";3;0;0;0;3;0;0;3;-12,168362;-38,964993;"SPRF-BA";"DEL02-BA";"UOP01-DEL02-BA"
239906;2019-10-03;"quinta-feira";"17:45:00";"PR";163;245;"TOLEDO";"Mal Súbito";"Saída de leito carroçável";"Com Vítimas Feridas";"Pleno dia";"Crescente";"Céu Claro";"Simples";"Curva";"Não";1;0;0;1;0;0;1;1;-24,717822;-53,711597;"SPRF-PR";"DEL06-PR";"UOP02-DEL06-PR"
239907;2019-10-03;"quinta-feira";"14:35:00";"PR";376;4;"APUCARANA";"Falta de Atenção do Pedestre";"Atropelamento de Pedestre";"Com Vítimas Feridas";"Pleno dia";"Crescente";"Céu Claro";"Dupla";"Reta";"Sim";2;0;0;1;1;0;1;2;-23,5513;-51,461266;"SPRF-PR";"DEL07-PR";"UOP03-DEL07-PR"
239908;2019-10-03;"quinta-feira";"16:00:00";"SC";101;137,9;"BALNEARIO CAMBORIU";"Velocidade Incompatível";"Colisão traseira";"Com Vítimas Feridas";"Pleno dia";"Crescente";"Céu Claro";"Dupla";"Reta";"Sim";2;0;2;0;0;0;2;2;-27,0157238;-48,61192763;"SPRF-SC";"DEL04-SC";"UOP03-DEL04-SC"
239909;2019-10-03;"quinta-feira";"18:35:00";"MG";116;762,3;"LEOPOLDINA";"Falta de Atenção à Condução";"Atropelamento de Pedestre";"Com Vítimas Feridas";"Plena Noite";"Crescente";"Céu Claro";"Simples";"Reta";"Sim";3;0;1;1;0;1;2;2;-21,52887723;-42,62360898;"SPRF-MG";"DEL07-MG";"UOP01-DEL07-MG"
239912;2019-10-03;"quinta-feira";"17:52:00";"PB";230;20,8;"JOAO PESSOA";"Não guardar distância de segurança";"Colisão traseira";"Com Vítimas Feridas";"Plena Noite";"Crescente";"Nublado";"Dupla";"Reta";"Sim";3;0;2;0;0;1;2;2;-7,1337;-34,8544;"SPRF-PB";"DEL01-PB";"UOP01-DEL01-PB"
239913;2019-10-03;"quinta-feira";"16:00:00";"GO";60;424;"RIO VERDE";"Pista Escorregadia";"Saída de leito carroçável";"Sem Vítimas";"Pleno dia";"Decrescente";"Chuva";"Dupla";"Curva";"Não";5;0;0;0;0;5;0;2;-17,8136;-51,2749;"SPRF-GO";"DEL04-GO";"UOP01-DEL04-GO"
239914;2019-10-03;"quinta-feira";"16:58:00";"MS";163;456,8;"CAMPO GRANDE";"Falta de Atenção à Condução";"Saída de leito carroçável";"Com Vítimas Feridas";"Pleno dia";"Crescente";"Nublado";"Simples";"Reta";"Não";1;0;1;0;0;0;1;1;-20,67271305;-54,55795016;"SPRF-MS";"DEL01-MS";"UOP01-DEL01-MS"
239915;2019-10-03;"quinta-feira";"16:55:00";"GO";414;433,4;"ANAPOLIS";"Ultrapassagem Indevida";"Saída de leito carroçável";"Com Vítimas Feridas";"Pleno dia";"Crescente";"Céu Claro";"Simples";"Reta";"Não";1;0;0;1;0;0;1;1;-16,23000347;-48,92932892;"SPRF-GO";"DEL02-GO";"UOP01-DEL02-GO"
239916;2019-10-03;"quinta-feira";"18:10:00";"BA";415;24,5;"ILHEUS";"Animais na Pista";"Queda de ocupante de veículo";"Com Vítimas Feridas";"Plena Noite";"Crescente";"Garoa/Chuvisco";"Simples";"Reta";"Não";2;0;2;0;0;0;2;1;-14,8482;-39,281986;"SPRF-BA";"DEL05-BA";"UOP01-DEL05-BA"
239917;2019-10-03;"quinta-feira";"17:40:00";"RJ";40;109;"DUQUE DE CAXIAS";"Falta de Atenção à Condução";"Queda de ocupante de veículo";"Com Vítimas Feridas";"Anoitecer";"Decrescente";"Céu Claro";"Múltipla";"Reta";"Sim";1;0;1;0;0;0;1;1;-22,67374628;-43,28638368;"SPRF-RJ";"DEL01-RJ";"UOP01-DEL01-RJ"
239918;2019-10-03;"quinta-feira";"17:30:00";"MA";135;42,9;"BACABEIRA";"Desobediência às normas de trânsito pelo condutor";"Capotamento";"Sem Vítimas";"Amanhecer";"Decrescente";"Ignorado";"Dupla";"Reta";"Não";1;0;0;0;1;0;0;1;-2,91252507;-44,35609818;"SPRF-MA";"DEL01-MA";"UOP01-DEL01-MA"
239919;2019-10-03;"quinta-feira";"15:50:00";"BA";101;327;"PRESIDENTE TANCREDO NEVES";"Falta de Atenção à Condução";"Colisão transversal";"Com Vítimas Feridas";"Pleno dia";"Decrescente";"Céu Claro";"Simples";"Curva;Declive";"Sim";3;0;1;1;1;0;2;2;-13,56689503;-39,47314194;"SPRF-BA";"DEL05-BA";"UOP03-DEL05-BA"
239921;2019-10-03;"quinta-feira";"19:00:00";"MG";116;704,3;"MURIAE";"Desobediência às normas de trânsito pelo condutor";"Colisão lateral";"Com Vítimas Feridas";"Plena Noite";"Crescente";"Céu Claro";"Simples";"Reta";"Sim";2;0;1;0;1;0;1;2;-21,13416858;-42,38722798;"SPRF-MG";"DEL07-MG";"UOP02-DEL07-MG"
239923;2019-10-03;"quinta-feira";"18:10:00";"RS";153;415;"CACHOEIRA DO SUL";"Falta de Atenção à Condução";"Colisão transversal";"Com Vítimas Feridas";"Anoitecer";"Crescente";"Chuva";"Simples";"Reta";"Não";2;0;0;1;1;0;1;2;-30,12453;-52,8592383;"SPRF-RS";"DEL02-RS";"UOP02-DEL02-RS"
239927;2019-06-14;"sexta-feira";"18:00:00";"AC";317;140;"CAPIXABA";"Desobediência às normas de trânsito pelo condutor";"Colisão lateral";"Com Vítimas Feridas";"Anoitecer";"Decrescente";"Céu Claro";"Simples";"Reta";"Não";2;0;0;1;0;1;1;2;-10,55002911;-67,67750524;"SPRF-AC";"DEL01-AC";"UOP01-DEL01-AC"
239928;2019-10-03;"quinta-feira";"17:35:00";"PR";376;188;"MARIALVA";"Defeito Mecânico no Veículo";"Tombamento";"Com Vítimas Feridas";"Pleno dia";"Crescente";"Nublado";"Dupla";"Reta";"Sim";2;0;2;0;0;0;2;1;-23,46194276;-51,83596909;"SPRF-PR";"DEL07-PR";"UOP01-DEL09-PR"
239929;2019-10-03;"quinta-feira";"16:00:00";"MG";50;114,5;"UBERABA";"Velocidade Incompatível";"Saída de leito carroçável";"Com Vítimas Feridas";"Pleno dia";"Crescente";"Céu Claro";"Dupla";"Reta";"Não";2;0;2;0;0;0;2;1;-19,25772707;-48,13205017;"SPRF-MG";"DEL13-MG";"UOP01-DEL13-MG"
239930;2019-10-03;"quinta-feira";"12:35:00";"SC";282;387;"JOACABA";"Falta de Atenção à Condução";"Colisão transversal";"Com Vítimas Feridas";"Pleno dia";"Crescente";"Nublado";"Simples";"Interseção de Vias";"Não";2;0;1;0;1;0;1;2;-27,178274;-51,524025;"SPRF-SC";"DEL07-SC";"UOP05-DEL07-SC"
239931;2019-10-03;"quinta-feira";"18:40:00";"RS";448;11;"CANOAS";"Falta de Atenção do Pedestre";"Atropelamento de Pedestre";"Com Vítimas Fatais";"Plena Noite";"Crescente";"Chuva";"Simples";"Reta";"Não";2;1;0;0;1;0;0;2;-29,909166;-51,241253;"SPRF-RS";"DEL01-RS";"UOP01-DEL01-RS"
239932;2019-10-03;"quinta-feira";"16:30:00";"MG";40;110,7;"LAGOA GRANDE";"Velocidade Incompatível";"Saída de leito carroçável";"Sem Vítimas";"Pleno dia";"Decrescente";"Céu Claro";"Simples";"Reta";"Não";1;0;0;0;1;0;0;1;-17,6346567;-46,45403382;"SPRF-MG";"DEL14-MG";"UOP01-DEL14-MG"
239933;2019-10-03;"quinta-feira";"15:45:00";"PR";376;635;"SAO JOSE DOS PINHAIS";"Condutor Dormindo";"Saída de leito carroçável";"Com Vítimas Feridas";"Pleno dia";"Crescente";"Céu Claro";"Múltipla";"Reta";"Não";2;0;1;0;1;0;1;1;-25,73890105;-49,13059434;"SPRF-PR";"DEL01-PR";"UOP04-DEL01-PR"
239935;2019-08-30;"sexta-feira";"06:40:00";"PE";428;184,5;"PETROLINA";"Falta de Atenção à Condução";"Colisão transversal";"Com Vítimas Feridas";"Pleno dia";"Crescente";"Céu Claro";"Simples";"Interseção de Vias";"Sim";3;0;2;0;1;0;2;2;-9,33211208;-40,46621385;"SPRF-PE";"DEL06-PE";"UOP01-DEL06-PE"
239936;2019-10-03;"quinta-feira";"20:15:00";"MG";40;715,5;"BARBACENA";"Ingestão de Álcool";"Colisão frontal";"Com Vítimas Feridas";"Plena Noite";"Decrescente";"Céu Claro";"Dupla";"Curva";"Não";3;0;1;1;1;0;2;2;-21,25161698;-43,67181701;"SPRF-MG";"DEL05-MG";"UOP01-DEL05-MG"
239938;2019-10-03;"quinta-feira";"20:30:00";"SC";101;25;"JOINVILLE";"Desobediência às normas de trânsito pelo condutor";"Colisão transversal";"Com Vítimas Feridas";"Plena Noite";"Decrescente";"Nublado";"Simples";"Rotatória";"Sim";3;0;2;0;1;0;2;2;-26,1834739;-48,9105912;"SPRF-SC";"DEL03-SC";"UOP01-DEL03-SC"
239939;2019-10-03;"quinta-feira";"18:35:00";"MG";381;458;"BELO HORIZONTE";"Falta de Atenção à Condução";"Colisão frontal";"Com Vítimas Feridas";"Plena Noite";"Decrescente";"Céu Claro";"Simples";"Curva";"Não";4;0;0;2;2;0;2;3;-19,83797558;-43,88284385;"SPRF-MG";"DEL01-MG";"UOP01-DEL01-MG"
239940;2019-10-03;"quinta-feira";"09:20:00";"MA";135;51,5;"BACABEIRA";"Falta de Atenção à Condução";"Colisão lateral";"Com Vítimas Feridas";"Pleno dia";"Crescente";"Chuva";"Simples";"Reta";"Sim";2;0;0;1;1;0;1;2;-2,97626665;-44,31562364;"SPRF-MA";"DEL01-MA";"UOP02-DEL01-MA"
239943;2019-10-03;"quinta-feira";"21:20:00";"SC";470;56,2;"BLUMENAU";"Falta de Atenção à Condução";"Colisão transversal";"Com Vítimas Feridas";"Plena Noite";"Decrescente";"Nublado";"Simples";"Reta";"Não";2;0;1;0;1;0;1;2;-26,87674;-49,127743;"SPRF-SC";"DEL04-SC";"UOP01-DEL04-SC"
239944;2019-10-03;"quinta-feira";"21:40:00";"TO";153;140;"ARAGUAINA";"Desobediência às normas de trânsito pelo condutor";"Colisão transversal";"Com Vítimas Feridas";"Plena Noite";"Decrescente";"Céu Claro";"Dupla";"Reta";"Não";2;0;1;0;0;1;1;2;-7,169616;-48,21328;"SPRF-TO";"DEL02-TO";"UOP01-DEL02-TO"
239947;2019-10-03;"quinta-feira";"22:10:00";"CE";20;419;"MARACANAU";"Objeto estático sobre o leito carroçável";"Tombamento";"Com Vítimas Feridas";"Plena Noite";"Crescente";"Céu Claro";"Simples";"Reta";"Sim";1;0;1;0;0;0;1;1;-3,8284582;-38,62466812;"SPRF-CE";"DEL01-CE";"UOP02-DEL01-CE"
239949;2019-10-03;"quinta-feira";"22:15:00";"PB";230;294,7;"SANTA LUZIA";"Falta de Atenção à Condução";"Colisão frontal";"Com Vítimas Feridas";"Plena Noite";"Crescente";"Céu Claro";"Simples";"Reta";"Não";2;0;1;0;1;0;1;2;-6,8907;-36,9481;"SPRF-PB";"DEL03-PB";"UOP01-DEL03-PB"
239950;2019-10-03;"quinta-feira";"21:30:00";"PE";232;461,5;"SAO JOSE DO BELMONTE";"Ultrapassagem Indevida";"Colisão frontal";"Com Vítimas Fatais";"Plena Noite";"Crescente";"Céu Claro";"Simples";"Curva";"Não";2;1;0;0;1;0;0;2;-8,0274382;-38,72264791;"SPRF-PE";"DEL05-PE";"UOP01-DEL05-PE"
239955;2019-10-03;"quinta-feira";"22:20:00";"RJ";116;302;"RESENDE";"Desobediência às normas de trânsito pelo condutor";"Colisão frontal";"Com Vítimas Feridas";"Plena Noite";"Crescente";"Nublado";"Simples";"Interseção de Vias";"Sim";2;0;1;0;1;0;1;2;-22,45364576;-44,37040802;"SPRF-RJ";"DEL07-RJ";"DEL5/7-UOP03/RJ"
239956;2019-10-03;"quinta-feira";"22:30:00";"SP";488;2,4;"APARECIDA";"Falta de Atenção à Condução";"Colisão transversal";"Com Vítimas Feridas";"Plena Noite";"Decrescente";"Céu Claro";"Simples";"Reta;Em Obras";"Sim";3;0;1;0;2;0;1;2;-22,849216;-45,236801;"SPRF-SP";"DEL08-SP";"UOP01-DEL08-SP"
239957;2019-10-03;"quinta-feira";"21:00:00";"GO";364;384;"SANTA RITA DO ARAGUAIA";"Desobediência às normas de trânsito pelo condutor";"Saída de leito carroçável";"Com Vítimas Feridas";"Plena Noite";"Decrescente";"Céu Claro";"Dupla";"Reta";"Sim";1;0;1;0;0;0;1;1;-17,336027;-53,186886;"SPRF-GO";"DEL05-GO";"UOP01-DEL05-GO"
239958;2019-10-03;"quinta-feira";"19:40:00";"RJ";40;43,5;"AREAL";"Falta de Atenção à Condução";"Saída de leito carroçável";"Com Vítimas Feridas";"Plena Noite";"Decrescente";"Céu Claro";"Dupla";"Curva";"Não";4;0;3;0;1;0;3;1;-22,27110718;-43,10780883;"SPRF-RJ";"DEL06-RJ";"UOP02-DEL05-RJ"
239959;2019-10-03;"quinta-feira";"22:30:00";"PI";316;10,7;"TERESINA";"Defeito na Via";"Tombamento";"Com Vítimas Feridas";"Plena Noite";"Decrescente";"Céu Claro";"Múltipla";"Reta";"Sim";2;0;2;0;0;0;2;1;-5,18280197;-42,76350291;"SPRF-PI";"DEL01-PI";"UOP02-DEL01-PI"
239961;2019-10-03;"quinta-feira";"23:25:00";"GO";414;409,7;"ABADIANIA";"Ingestão de álcool e/ou substâncias psicoativas pelo pedestre";"Atropelamento de Pedestre";"Com Vítimas Feridas";"Plena Noite";"Crescente";"Céu Claro";"Simples";"Reta";"Sim";3;0;1;0;2;0;1;2;-16,056287;-48,853798;"SPRF-GO";"DEL02-GO";"UOP01-DEL02-GO"
239962;2019-10-03;"quinta-feira";"21:20:00";"RS";116;249;"SAO LEOPOLDO";"Ingestão de Álcool";"Colisão com objeto estático";"Com Vítimas Feridas";"Plena Noite";"Decrescente";"Chuva";"Dupla";"Reta";"Sim";1;0;1;0;0;0;1;1;-29,7831804;-51,16099063;"SPRF-RS";"DEL01-RS";"UOP02-DEL01-RS"
239963;2019-10-03;"quinta-feira";"23:00:00";"PR";376;250;"APUCARANA";"Falta de Atenção à Condução";"Saída de leito carroçável";"Sem Vítimas";"Plena Noite";"Decrescente";"Céu Claro";"Dupla";"Reta";"Não";1;0;0;0;1;0;0;1;-23,63346001;-51,37800479;"SPRF-PR";"DEL07-PR";"UOP03-DEL07-PR"
239964;2019-10-03;"quinta-feira";"23:00:00";"CE";116;2,4;"FORTALEZA";"Velocidade Incompatível";"Tombamento";"Com Vítimas Fatais";"Pleno dia";"Crescente";"Céu Claro";"Múltipla";"Reta";"Sim";2;1;0;0;1;0;0;2;-3,77019802;-38,51724508;"SPRF-CE";"DEL01-CE";"UOP02-DEL01-CE"
239965;2019-10-03;"quinta-feira";"22:15:00";"PR";272;365,9;"CAMPO MOURAO";"Desobediência às normas de trânsito pelo pedestre";"Atropelamento de Pedestre";"Com Vítimas Feridas";"Plena Noite";"Decrescente";"Céu Claro";"Dupla";"Reta";"Sim";2;0;1;0;1;0;1;2;-24,04638081;-52,39456989;"SPRF-PR";"DEL04-PR";"UOP03-DEL09-PR"
239967;2019-10-03;"quinta-feira";"23:35:00";"SC";101;25;"JOINVILLE";"Desobediência às normas de trânsito pelo condutor";"Colisão transversal";"Com Vítimas Feridas";"Plena Noite";"Decrescente";"Garoa/Chuvisco";"Simples";"Rotatória";"Sim";5;0;3;0;2;0;3;2;-26,1834739;-48,9105912;"SPRF-SC";"DEL03-SC";"UOP01-DEL03-SC"
239968;2019-10-03;"quinta-feira";"21:30:00";"PR";277;101;"CURITIBA";"Falta de Atenção à Condução";"Saída de leito carroçável";"Com Vítimas Feridas";"Plena Noite";"Crescente";"Céu Claro";"Dupla";"Reta";"Sim";1;0;1;0;0;0;1;1;-25,42855286;-49,37918365;"SPRF-PR";"DEL01-PR";"UOP06-DEL01-PR"
239969;2019-10-03;"quinta-feira";"17:20:00";"RO";364;663;"CANDEIAS DO JAMARI";"Animais na Pista";"Tombamento";"Com Vítimas Feridas";"Anoitecer";"Crescente";"Céu Claro";"Dupla";"Curva";"Sim";1;0;0;1;0;0;1;1;-8,83622319;-63,4487915;"SPRF-RO";"DEL01-RO";"UOP01-DEL01-RO"
239971;2019-10-03;"quinta-feira";"23:30:00";"SP";116;318;"JUQUITIBA";"Falta de Atenção à Condução";"Queda de ocupante de veículo";"Com Vítimas Feridas";"Plena Noite";"Crescente";"Céu Claro";"Dupla";"Reta";"Não";1;0;1;0;0;0;1;1;-23,92209163;-46,99071074;"SPRF-SP";"DEL04-SP";"UOP03-DEL04-SP"
239972;2019-10-03;"quinta-feira";"22:30:00";"MG";116;761;"LEOPOLDINA";"Ingestão de Álcool";"Atropelamento de Animal";"Com Vítimas Feridas";"Plena Noite";"Crescente";"Ignorado";"Simples";"Reta";"Sim";2;0;0;1;1;0;1;2;-21,52207278;-42,61775334;"SPRF-MG";"DEL07-MG";"UOP01-DEL07-MG"
239974;2019-10-04;"sexta-feira";"02:30:00";"PE";408;92,5;"SAO LOURENCO DA MATA";"Animais na Pista";"Atropelamento de Animal";"Com Vítimas Feridas";"Plena Noite";"Crescente";"Chuva";"Dupla";"Reta;Declive";"Não";1;0;0;1;0;0;1;1;-7,99979861;-35,06313386;"SPRF-PE";"DEL01-PE";"UOP01-DEL01-PE"
239976;2019-10-04;"sexta-feira";"01:00:00";"CE";20;325;"CARIDADE";"Falta de Atenção à Condução";"Colisão traseira";"Com Vítimas Fatais";"Plena Noite";"Decrescente";"Céu Claro";"Simples";"Declive";"Sim";2;1;0;0;0;1;0;2;-4,2266;-39,197;"SPRF-CE";"DEL02-CE";"UOP01-DEL02-CE"
239977;2019-06-26;"quarta-feira";"05:20:00";"GO";20;124;"FLORES DE GOIAS";"Defeito na Via";"Queda de ocupante de veículo";"Com Vítimas Feridas";"Amanhecer";"Decrescente";"Céu Claro";"Simples";"Em Obras;Reta";"Não";1;0;1;0;0;0;1;1;-14,857715;-46,79253;"SPRF-DF";"DEL02-DF";"UOP03-DEL02-DF"
239978;2019-10-04;"sexta-feira";"05:45:00";"SP";116;224;"GUARULHOS";"Falta de Atenção à Condução";"Colisão lateral";"Com Vítimas Feridas";"Pleno dia";"Crescente";"Céu Claro";"Múltipla";"Reta";"Sim";3;0;1;0;2;0;1;2;-23,48071896;-46,53271603;"SPRF-SP";"DEL01-SP";"UOP01-DEL01-SP"
239981;2019-10-04;"sexta-feira";"05:20:00";"CE";20;280,5;"CANINDE";"Condutor Dormindo";"Colisão frontal";"Com Vítimas Feridas";"Pleno dia";"Decrescente";"Céu Claro";"Simples";"Reta";"Não";4;0;0;4;0;0;4;2;-4,58095826;-39,35847431;"SPRF-CE";"DEL02-CE";"UOP01-DEL02-CE"
239982;2019-10-03;"quinta-feira";"22:30:00";"DF";251;31;"BRASILIA";"Defeito Mecânico no Veículo";"Incêndio";"Sem Vítimas";"Plena Noite";"Crescente";"Céu Claro";"Simples";"Reta";"Não";1;0;0;0;0;1;0;1;-15,943398;-47,728924;"SPRF-DF";"DEL01-DF";"UOP01-DEL01-DF"
239983;2019-10-04;"sexta-feira";"05:50:00";"MG";40;550;"NOVA LIMA";"Velocidade Incompatível";"Capotamento";"Sem Vítimas";"Amanhecer";"Crescente";"Céu Claro";"Dupla";"Reta";"Sim";1;0;0;0;1;0;0;1;-20,0477638;-43,96439441;"SPRF-MG";"DEL01-MG";"UOP02-DEL01-MG"
239985;2019-09-21;"sábado";"16:30:00";"BA";330;804,2;"JEQUIE";"Desobediência às normas de trânsito pelo condutor";"Colisão frontal";"Com Vítimas Feridas";"Pleno dia";"Crescente";"Céu Claro";"Simples";"Curva";"Não";3;0;0;3;0;0;3;2;-13,9747696;-39,95416081;"SPRF-BA";"DEL03-BA";"UOP01-DEL03-BA"
239988;2019-10-04;"sexta-feira";"06:02:00";"PR";369;51;"BANDEIRANTES";"Defeito Mecânico no Veículo";"Incêndio";"Sem Vítimas";"Pleno dia";"Crescente";"Céu Claro";"Simples";"Reta";"Não";1;0;0;0;1;0;0;1;-23,11646511;-50,32856226;"SPRF-PR";"DEL07-PR";"UOP05-DEL07-PR"
239989;2019-10-03;"quinta-feira";"18:20:00";"RO";364;668;"CANDEIAS DO JAMARI";"Agressão Externa";"Capotamento";"Com Vítimas Feridas";"Plena Noite";"Crescente";"Céu Claro";"Dupla";"Curva";"Não";2;0;1;0;1;0;1;1;-8,77436406;-63,48412341;"SPRF-RO";"DEL01-RO";"UOP01-DEL01-RO"
239991;2019-10-04;"sexta-feira";"07:45:00";"SC";470;50,5;"BLUMENAU";"Desobediência às normas de trânsito pelo condutor";"Colisão lateral";"Com Vítimas Feridas";"Pleno dia";"Crescente";"Nublado";"Simples";"Curva";"Sim";2;0;1;0;1;0;1;2;-26,86029225;-49,07901496;"SPRF-SC";"DEL04-SC";"UOP01-DEL04-SC"
239992;2019-07-23;"terça-feira";"14:30:00";"PE";316;313;"FLORESTA";"Defeito na Via";"Danos eventuais";"Sem Vítimas";"Pleno dia";"Crescente";"Céu Claro";"Simples";"Reta";"Não";1;0;0;0;1;0;0;1;-8,68031095;-38,54056986;"SPRF-PE";"DEL04-PE";"UOP03-DEL04-PE"