"id";"data_inversa";"dia_semana";"horario";"uf";"br";"km";"municipio";"causa_acidente";"tipo_acidente";"classificacao_acidente";"fase_dia";"sentido_via";"condicao_metereologica";"tipo_pista";"tracado_via";"uso_solo";"pessoas";"mortos";"feridos_leves";"feridos_graves";"ilesos";"ignorados";"feridos";"veiculos";"latitude";"longitude";"regional";"delegacia";"uop"
239995;2019-10-04;"sexta-feira";"06:20:00";"PE";316;128,7;"PARNAMIRIM";"Animais na Pista";"Saída de leito carroçável";"Com Vítimas Fatais";"Pleno dia";"Decrescente";"Céu Claro";"Simples";"Reta";"Não";4;1;2;1;0;0;3;1;-8,03658073;-39,71547989;"SPRF-PE";"DEL05-PE";"UOP02-DEL05-PE"
239996;2019-10-04;"sexta-feira";"07:23:00";"SP";116;220;"GUARULHOS";"Falta de Atenção à Condução";"Colisão traseira";"Com Vítimas Feridas";"Pleno dia";"Crescente";"Céu Claro";"Múltipla";"Reta";"Sim";2;0;1;0;1;0;1;2;-23,46472809;-46,49793962;"SPRF-SP";"DEL01-SP";"UOP01-DEL01-SP"
239997;2019-10-04;"sexta-feira";"06:40:00";"MG";146;569,7;"CABO VERDE";"Animais na Pista";"Saída de leito carroçável";"Com Vítimas Feridas";"Pleno dia";"Decrescente";"Céu Claro";"Simples";"Aclive;Reta";"Não";1;0;0;1;0;0;1;1;-21,53876615;-46,40651459;"SPRF-MG";"DEL16-MG";"UOP01-DEL09-MG"
239998;2019-10-04;"sexta-feira";"07:00:00";"CE";116;8;"FORTALEZA";"Falta de Atenção à Condução";"Colisão traseira";"Com Vítimas Feridas";"Pleno dia";"Decrescente";"Nublado";"Múltipla";"Reta";"Sim";3;0;0;1;1;1;1;2;-3,8192799;-38,50268337;"SPRF-CE";"DEL01-CE";"UOP02-DEL01-CE"
239999;2019-10-04;"sexta-feira";"08:15:00";"SP";116;80,3;"ROSEIRA";"Desobediência às normas de trânsito pelo pedestre";"Atropelamento de Pedestre";"Sem Vítimas";"Pleno dia";"Decrescente";"Céu Claro";"Dupla";"Reta";"Não";2;0;0;0;1;1;0;2;-22,9011255316;-45,3046853654;"SPRF-SP";"DEL06-SP";"UOP01-DEL06-SP"
240000;2019-10-04;"sexta-feira";"08:00:00";"PI";343;174,3;"BRASILEIRA";"Animais na Pista";"Saída de leito carroçável";"Com Vítimas Feridas";"Pleno dia";"Crescente";"Sol";"Simples";"Curva";"Não";1;0;1;0;0;0;1;1;-4,193738;-41,784855;"SPRF-PI";"DEL02-PI";"UOP01-DEL02-PI"
240001;2019-10-04;"sexta-feira";"08:15:00";"GO";70;0,1;"AGUAS LINDAS DE GOIAS";"Mal Súbito";"Saída de leito carroçável";"Com Vítimas Feridas";"Pleno dia";"Crescente";"Céu Claro";"Dupla";"Ponte";"Não";1;0;1;0;0;0;1;1;-15,783543;-48,2326;"SPRF-DF";"DEL01-DF";"UOP02-DEL03-DF"
240003;2019-10-04;"sexta-feira";"07:40:00";"GO";153;499,1;"GOIANIA";"Não guardar distância de segurança";"Colisão traseira";"Com Vítimas Feridas";"Pleno dia";"Crescente";"Sol";"Múltipla";"Reta";"Sim";2;0;1;0;1;0;1;2;-16,7033;-49,2311;"SPRF-GO";"DEL01-GO";"UOP01-DEL01-GO"
240005;2019-10-04;"sexta-feira";"07:25:00";"RJ";40;121;"DUQUE DE CAXIAS";"Não guardar distância de segurança";"Colisão traseira";"Com Vítimas Feridas";"Pleno dia";"Crescente";"Céu Claro";"Múltipla";"Reta";"Sim";2;0;1;0;1;0;1;2;-22,78185499;-43,28571273;"SPRF-RJ";"DEL01-RJ";"UOP01-DEL01-RJ"
240006;2019-10-04;"sexta-feira";"08:35:00";"SC";101;213,3;"PALHOCA";"Não guardar distância de segurança";"Colisão lateral";"Com Vítimas Feridas";"Pleno dia";"Decrescente";"Nublado";"Múltipla";"Viaduto";"Sim";1;0;1;0;0;0;1;1;-27,63697369;-48,66514142;"SPRF-SC";"DEL01-SC";"UOP02-DEL01-SC"
240008;2019-10-04;"sexta-feira";"08:20:00";"DF";40;2,6;"BRASILIA";"Falta de Atenção à Condução";"Colisão lateral";"Sem Vítimas";"Pleno dia";"Crescente";"Céu Claro";"Dupla";"Reta";"Sim";1;0;0;0;1;0;0;1;-15,99435;-47,985947;"SPRF-DF";"DEL01-DF";"UOP01-DEL01-DF"
240010;2019-10-04;"sexta-feira";"08:25:00";"PB";230;23,8;"JOAO PESSOA";"Falta de Atenção à Condução";"Colisão traseira";"Com Vítimas Feridas";"Pleno dia";"Decrescente";"Céu Claro";"Dupla";"Reta";"Sim";2;0;1;0;1;0;1;2;-7,1562;-34,8574;"SPRF-PB";"DEL01-PB";"UOP01-DEL01-PB"
240011;2019-10-04;"sexta-feira";"08:30:00";"RS";290;94;"PORTO ALEGRE";"Falta de Atenção à Condução";"Colisão traseira";"Com Vítimas Feridas";"Pleno dia";"Crescente";"Chuva";"Dupla";"Reta";"Sim";2;0;1;0;1;0;1;2;-29,973856;-51,197853;"SPRF-RS";"DEL01-RS";"UOP01-DEL01-RS"
240012;2019-10-04;"sexta-feira";"09:00:00";"ES";101;271;"SERRA";"Desobediência às normas de trânsito pelo condutor";"Colisão lateral";"Sem Vítimas";"Pleno dia";"Decrescente";"Nublado";"Dupla";"Reta";"Sim";2;0;0;0;2;0;0;2;-20,23267;-40,27658;"SPRF-ES";"DEL02-ES";"UOP01-DEL02-ES"
240013;2019-10-04;"sexta-feira";"07:40:00";"RO";364;198,5;"PIMENTA BUENO";"Falta de Atenção à Condução";"Colisão lateral";"Com Vítimas Feridas";"Pleno dia";"Crescente";"Sol";"Simples";"Ponte;Reta";"Sim";3;0;3;0;0;0;3;2;-11,665958;-61,191755;"SPRF-RO";"DEL02-RO";"UOP02-DEL02-RO"
240014;2019-10-04;"sexta-feira";"09:10:00";"CE";222;4,9;"CAUCAIA";"Falta de Atenção à Condução";"Colisão transversal";"Com Vítimas Feridas";"Pleno dia";"Crescente";"Sol";"Múltipla";"Reta";"Sim";2;0;2;0;0;0;2;2;-3,74257927;-38,61269474;"SPRF-CE";"DEL01-CE";"UOP01-DEL01-CE"
240015;2019-10-04;"sexta-feira";"07:30:00";"RJ";116;183;"NOVA IGUACU";"Falta de Atenção à Condução";"Queda de ocupante de veículo";"Com Vítimas Feridas";"Pleno dia";"Decrescente";"Nublado";"Dupla";"Reta";"Sim";1;0;1;0;0;0;1;1;-22,7389969;-43,49493926;"SPRF-RJ";"DEL01-RJ";"UOP02-DEL01-RJ"
240016;2019-10-04;"sexta-feira";"07:50:00";"RS";392;86;"PELOTAS";"Pista Escorregadia";"Saída de leito carroçável";"Com Vítimas Feridas";"Pleno dia";"Decrescente";"Garoa/Chuvisco";"Simples";"Reta";"Não";1;0;1;0;0;0;1;1;-31,63498808;-52,4937591;"SPRF-RS";"DEL07-RS";"UOP01-DEL07-RS"
240017;2019-10-04;"sexta-feira";"08:45:00";"MG";381;305;"ANTONIO DIAS";"Falta de Atenção à Condução";"Colisão traseira";"Com Vítimas Feridas";"Pleno dia";"Decrescente";"Nublado";"Simples";"Reta";"Não";2;0;0;1;1;0;1;2;-19,64770391;-42,93106009;"SPRF-MG";"DEL03-MG";"UOP02-DEL03-MG"
240018;2019-10-04;"sexta-feira";"09:30:00";"RJ";101;321,1;"NITEROI";"Falta de Atenção à Condução";"Colisão lateral";"Com Vítimas Feridas";"Pleno dia";"Crescente";"Sol";"Simples";"Reta";"Sim";3;0;1;0;2;0;1;3;-22,86981096;-43,11046465;"SPRF-RJ";"DEL02-RJ";"UOP02-DEL02-RJ"
240023;2019-09-28;"sábado";"19:40:00";"DF";60;25;"BRASILIA";"Ingestão de Álcool";"Engavetamento";"Com Vítimas Feridas";"Plena Noite";"Crescente";"Chuva";"Dupla";"Curva";"Não";4;0;1;0;3;0;1;4;-15,996379;-48,240028;"SPRF-DF";"DEL01-DF";"UOP01-DEL03-DF"
240024;2019-08-05;"segunda-feira";"18:40:00";"AL";104;36;"UNIAO DOS PALMARES";"Animais na Pista";"Atropelamento de Animal";"Com Vítimas Feridas";"Plena Noite";"Decrescente";"Céu Claro";"Simples";"Reta";"Não";1;0;0;1;0;0;1;1;-9,16859247;-36,02287647;"SPRF-AL";"DEL01-AL";"UOP02-DEL01-AL"
240027;2019-10-04;"sexta-feira";"10:23:00";"PA";163;1001;"SANTAREM";"Falta de Atenção à Condução";"Colisão transversal";"Com Vítimas Feridas";"Pleno dia";"Crescente";"Céu Claro";"Simples";"Reta";"Sim";3;0;1;1;1;0;2;2;-2,464507;-54,72745295;"SPRF-PA";"DEL05-PA";"UOP01-DEL05-PA"
240028;2019-10-04;"sexta-feira";"10:40:00";"MG";40;617;"CONGONHAS";"Falta de Atenção à Condução";"Colisão lateral";"Com Vítimas Feridas";"Pleno dia";"Crescente";"Sol";"Simples";"Interseção de Vias";"Não";4;0;1;0;2;1;1;3;-20,555883;-43,814389;"SPRF-MG";"DEL05-MG";"UOP02-DEL05-MG"
240030;2019-10-04;"sexta-feira";"10:25:00";"AL";104;29;"UNIAO DOS PALMARES";"Defeito Mecânico no Veículo";"Saída de leito carroçável";"Com Vítimas Feridas";"Pleno dia";"Crescente";"Céu Claro";"Simples";"Reta";"Não";3;0;3;0;0;0;3;1;-9,11969886;-36,04038686;"SPRF-AL";"DEL01-AL";"UOP02-DEL01-AL"
240031;2019-10-04;"sexta-feira";"09:34:00";"BA";101;931,5;"MUCURI";"Pista Escorregadia";"Saída de leito carroçável";"Com Vítimas Feridas";"Pleno dia";"Decrescente";"Chuva";"Simples";"Declive";"Não";2;0;2;0;0;0;2;1;-18,0044086;-39,863698;"SPRF-BA";"DEL09-BA";"UOP02-DEL09-BA"
240033;2019-10-04;"sexta-feira";"10:00:00";"MT";364;258;"JUSCIMEIRA";"Falta de Atenção à Condução";"Colisão transversal";"Sem Vítimas";"Pleno dia";"Decrescente";"Céu Claro";"Simples";"Reta";"Não";1;0;0;0;1;0;0;1;-16,056505;-54,88351;"SPRF-MT";"DEL02-MT";"UOP02-DEL05-MT"
240034;2019-10-04;"sexta-feira";"11:00:00";"GO";50;96,5;"CRISTALINA";"Desobediência às normas de trânsito pelo condutor";"Colisão frontal";"Com Vítimas Feridas";"Pleno dia";"Crescente";"Céu Claro";"Simples";"Curva";"Sim";3;0;3;0;0;0;3;2;-16,9309;-47,7117;"SPRF-DF";"DEL01-DF";"UOP02-DEL01-DF"
240035;2019-10-04;"sexta-feira";"10:15:00";"SP";116;316;"JUQUITIBA";"Velocidade Incompatível";"Capotamento";"Com Vítimas Feridas";"Pleno dia";"Decrescente";"Céu Claro";"Dupla";"Curva";"Não";1;0;1;0;0;0;1;1;-23,91054997;-46,99149375;"SPRF-SP";"DEL04-SP";"UOP03-DEL04-SP"
240037;2019-10-04;"sexta-feira";"11:10:00";"SP";116;72,2;"APARECIDA";"Desobediência às normas de trânsito pelo condutor";"Colisão lateral";"Com Vítimas Feridas";"Pleno dia";"Decrescente";"Sol";"Dupla";"Curva";"Não";2;0;1;0;1;0;1;2;-22,86354218;-45,23746093;"SPRF-SP";"DEL08-SP";"UOP01-DEL08-SP"
240038;2019-10-04;"sexta-feira";"10:40:00";"RO";364;174,1;"PIMENTA BUENO";"Falta de Atenção à Condução";"Colisão transversal";"Com Vítimas Feridas";"Pleno dia";"Decrescente";"Céu Claro";"Simples";"Reta";"Não";3;0;1;1;1;0;2;2;-11,81737786;-61,03744379;"SPRF-RO";"DEL02-RO";"UOP02-DEL02-RO"
240039;2019-10-04;"sexta-feira";"10:10:00";"SC";470;126,5;"LONTRAS";"Falta de Atenção à Condução";"Colisão transversal";"Com Vítimas Feridas";"Pleno dia";"Decrescente";"Céu Claro";"Simples";"Interseção de Vias";"Não";5;0;3;0;1;1;3;3;-27,129;-49,538277;"SPRF-SC";"DEL04-SC";"UOP02-DEL04-SC"
240040;2019-10-04;"sexta-feira";"12:00:00";"SC";101;214,3;"PALHOCA";"Falta de Atenção à Condução";"Colisão traseira";"Com Vítimas Feridas";"Pleno dia";"Decrescente";"Nublado";"Dupla";"Reta";"Sim";2;0;1;0;1;0;1;2;-27,64443;-48,67057;"SPRF-SC";"DEL01-SC";"UOP02-DEL01-SC"
240044;2019-10-04;"sexta-feira";"09:45:00";"MS";158;65,4;"PARANAIBA";"Defeito na Via";"Saída de leito carroçável";"Com Vítimas Feridas";"Pleno dia";"Decrescente";"Céu Claro";"Simples";"Reta";"Não";2;0;2;0;0;0;2;1;-19,46332687;-51,33256191;"SPRF-MS";"DEL08-MS";"UOP01-DEL08-MS"
240046;2019-10-04;"sexta-feira";"10:00:00";"MG";381;521;"BRUMADINHO";"Falta de Atenção à Condução";"Colisão com objeto em movimento";"Com Vítimas Feridas";"Pleno dia";"Decrescente";"Sol";"Dupla";"Curva";"Não";2;0;1;0;1;0;1;2;-20,13846621;-44,31715274;"SPRF-MG";"DEL04-MG";"UOP03-DEL04-MG"
240048;2019-10-04;"sexta-feira";"11:45:00";"RJ";40;113;"DUQUE DE CAXIAS";"Defeito Mecânico no Veículo";"Colisão lateral";"Com Vítimas Feridas";"Pleno dia";"Decrescente";"Sol";"Múltipla";"Reta";"Sim";3;0;2;0;1;0;2;2;-22,70948502;-43,29040354;"SPRF-RJ";"DEL01-RJ";"UOP01-DEL01-RJ"
240049;2019-10-04;"sexta-feira";"13:00:00";"RS";285;376;"SALDANHA MARINHO";"Falta de Atenção à Condução";"Saída de leito carroçável";"Com Vítimas Feridas";"Pleno dia";"Decrescente";"Chuva";"Simples";"Reta";"Não";4;0;0;1;3;0;1;1;-28,417088;-53,119617;"SPRF-RS";"DEL10-RS";"UOP02-DEL10-RS"
240050;2019-10-04;"sexta-feira";"08:30:00";"ES";101;269,8;"SERRA";"Desobediência às normas de trânsito pelo condutor";"Colisão transversal";"Sem Vítimas";"Pleno dia";"Crescente";"Sol";"Múltipla";"Reta";"Sim";1;0;0;0;1;0;0;1;-20,21740496;-40,26990578;"SPRF-ES";"DEL02-ES";"UOP01-DEL02-ES"
240053;2019-10-04;"sexta-feira";"12:30:00";"RJ";101;54,5;"CAMPOS DOS GOYTACAZES";"Velocidade Incompatível";"Colisão com objeto estático";"Sem Vítimas";"Pleno dia";"Decrescente";"Nublado";"Simples";"Reta";"Sim";1;0;0;0;1;0;0;1;-21,66937699;-41,31111673;"SPRF-RJ";"DEL08-RJ";"UOP01-DEL08-RJ"
240054;2019-10-04;"sexta-feira";"12:00:00";"SC";101;65;"ARAQUARI";"Falta de Atenção à Condução";"Saída de leito carroçável";"Com Vítimas Feridas";"Pleno dia";"Crescente";"Céu Claro";"Simples";"Curva";"Não";1;0;0;1;0;0;1;1;-26,47135714;-48,74457217;"SPRF-SC";"DEL03-SC";"UOP02-DEL03-SC"
240058;2019-10-04;"sexta-feira";"13:30:00";"SP";116;220;"GUARULHOS";"Mal Súbito";"Colisão com objeto estático";"Com Vítimas Feridas";"Pleno dia";"Decrescente";"Céu Claro";"Múltipla";"Reta";"Sim";1;0;1;0;0;0;1;1;-23,46472809;-46,49793962;"SPRF-SP";"DEL01-SP";"UOP01-DEL01-SP"
240059;2019-10-04;"sexta-feira";"13:40:00";"PB";230;41;"SANTA RITA";"Desobediência às normas de trânsito pelo condutor";"Colisão transversal";"Com Vítimas Feridas";"Pleno dia";"Crescente";"Sol";"Dupla";"Reta";"Sim";2;0;0;1;1;0;1;2;-7,1432;-34,9869;"SPRF-PB";"DEL01-PB";"UOP03-DEL01-PB"
240061;2019-10-04;"sexta-feira";"10:50:00";"RS";386;361;"ESTRELA";"Velocidade Incompatível";"Saída de leito carroçável";"Com Vítimas Feridas";"Pleno dia";"Decrescente";"Chuva";"Dupla";"Reta";"Não";4;0;1;0;3;0;1;1;-29,552738;-51,900085;"SPRF-RS";"DEL04-RS";"UOP02-DEL04-RS"
240062;2019-10-04;"sexta-feira";"13:00:00";"RS";386;361;"ESTRELA";"Velocidade Incompatível";"Colisão com objeto estático";"Com Vítimas Feridas";"Pleno dia";"Decrescente";"Chuva";"Dupla";"Reta";"Não";2;0;1;0;1;0;1;1;-29,552738;-51,900085;"SPRF-RS";"DEL04-RS";"UOP02-DEL04-RS"
240063;2019-10-04;"sexta-feira";"06:40:00";"ES";262;168;"IBATIBA";"Ultrapassagem Indevida";"Colisão traseira";"Com Vítimas Feridas";"Pleno dia";"Crescente";"Céu Claro";"Simples";"Curva";"Não";2;0;1;0;1;0;1;1;-20,26087618;-41,5684097;"SPRF-ES";"DEL01-ES";"UOP02-DEL01-ES"
240064;2019-06-07;"sexta-feira";"18:00:00";"BA";415;48;"ITABUNA";"Desobediência às normas de trânsito pelo condutor";"Tombamento";"Com Vítimas Feridas";"Anoitecer";"Crescente";"Céu Claro";"Simples";"Reta";"Sim";1;0;1;0;0;0;1;1;-14,79929655;-39,28819835;"SPRF-BA";"DEL05-BA";"UOP01-DEL05-BA"
240065;2019-10-04;"sexta-feira";"15:10:00";"SP";101;43,8;"UBATUBA";"Falta de Atenção à Condução";"Colisão traseira";"Com Vítimas Feridas";"Pleno dia";"Crescente";"Céu Claro";"Simples";"Reta";"Sim";2;0;1;0;1;0;1;2;-23,41085826;-45,06566048;"SPRF-SP";"DEL06-SP";"UOP01-DEL06-SP"
240066;2019-10-04;"sexta-feira";"14:45:00";"PE";232;5,3;"RECIFE";"Falta de Atenção do Pedestre";"Atropelamento de Pedestre";"Com Vítimas Feridas";"Pleno dia";"Decrescente";"Céu Claro";"Dupla";"Reta";"Sim";2;0;2;0;0;0;2;2;-8,06795766;-34,94535414;"SPRF-PE";"DEL01-PE";"UOP01-DEL01-PE"
240067;2019-10-04;"sexta-feira";"14:50:00";"SC";101;200,1;"SAO JOSE";"Falta de Atenção à Condução";"Colisão lateral";"Com Vítimas Feridas";"Pleno dia";"Decrescente";"Nublado";"Dupla";"Reta";"Sim";2;0;1;0;1;0;1;2;-27,54018513;-48,62287714;"SPRF-SC";"DEL01-SC";"UOP01-DEL01-SC"
240068;2019-10-04;"sexta-feira";"15:00:00";"MG";40;669,1;"CARANDAI";"Desobediência às normas de trânsito pelo condutor";"Colisão transversal";"Com Vítimas Feridas";"Pleno dia";"Crescente";"Céu Claro";"Simples";"Em Obras;Reta";"Sim";5;0;1;0;4;0;1;2;-20,96073376;-43,7890703;"SPRF-MG";"DEL05-MG";"UOP02-DEL05-MG"
240069;2019-10-04;"sexta-feira";"14:50:00";"RS";290;38,1;"SANTO ANTONIO DA PATRULHA";"Velocidade Incompatível";"Saída de leito carroçável";"Com Vítimas Feridas";"Pleno dia";"Decrescente";"Chuva";"Dupla";"Reta";"Não";3;0;1;0;2;0;1;1;-29,886322;-50,637886;"SPRF-RS";"DEL03-RS";"UOP01-DEL03-RS"
240070;2019-10-04;"sexta-feira";"15:30:00";"SC";101;212;"PALHOCA";"Desobediência às normas de trânsito pelo condutor";"Colisão lateral";"Com Vítimas Feridas";"Pleno dia";"Crescente";"Céu Claro";"Dupla";"Reta";"Sim";2;0;1;0;1;0;1;2;-27,62996929;-48,65903871;"SPRF-SC";"DEL01-SC";"UOP02-DEL01-SC"
240071;2019-10-04;"sexta-feira";"09:40:00";"GO";60;136,4;"GOIANIA";"Falta de Atenção à Condução";"Saída de leito carroçável";"Sem Vítimas";"Pleno dia";"Crescente";"Sol";"Dupla";"Reta";"Sim";1;0;0;0;1;0;0;1;-16,5959;-49,1965;"SPRF-GO";"DEL01-GO";"UOP01-DEL01-GO"
240072;2019-10-04;"sexta-feira";"15:25:00";"MG";50;29,5;"ARAGUARI";"Velocidade Incompatível";"Saída de leito carroçável";"Com Vítimas Feridas";"Pleno dia";"Crescente";"Sol";"Dupla";"Curva";"Não";1;0;1;0;0;0;1;1;-18,62034416;-48,11087208;"SPRF-MG";"DEL15-MG";"UOP02-DEL15-MG"
240073;2019-10-04;"sexta-feira";"14:30:00";"MS";262;84,1;"TRES LAGOAS";"Avarias e/ou desgaste excessivo no pneu";"Saída de leito carroçável";"Com Vítimas Feridas";"Pleno dia";"Decrescente";"Céu Claro";"Simples";"Reta";"Não";2;0;2;0;0;0;2;1;-20,62653617;-52,35683007;"SPRF-MS";"DEL07-MS";"UOP02-DEL07-MS"
240074;2019-10-04;"sexta-feira";"15:15:00";"SP";381;16;"VARGEM";"Falta de Atenção à Condução";"Engavetamento";"Com Vítimas Feridas";"Pleno dia";"Decrescente";"Céu Claro";"Dupla";"Reta";"Não";5;0;1;0;4;0;1;4;-22,95797408;-46,48078972;"SPRF-SP";"DEL03-SP";"UOP02-DEL03-SP"
240075;2019-09-07;"sábado";"10:50:00";"PB";101;80;"SANTA RITA";"Velocidade Incompatível";"Colisão com objeto estático";"Sem Vítimas";"Pleno dia";"Crescente";"Nublado";"Dupla";"Reta";"Sim";1;0;0;0;0;1;0;1;-7,11753704;-34,94951428;"SPRF-PB";"DEL01-PB";"UOP04-DEL01-PB"
240078;2019-10-04;"sexta-feira";"15:30:00";"RJ";40;1;"TRES RIOS";"Velocidade Incompatível";"Saída de leito carroçável";"Com Vítimas Feridas";"Pleno dia";"Crescente";"Sol";"Dupla";"Curva";"Sim";1;0;1;0;0;0;1;1;-22,08150414;-43,18004608;"SPRF-RJ";"DEL06-RJ";"UOP02-DEL05-RJ"
240079;2019-10-04;"sexta-feira";"15:30:00";"MG";381;452;"SABARA";"Não guardar distância de segurança";"Colisão traseira";"Com Vítimas Feridas";"Pleno dia";"Crescente";"Sol";"Simples";"Reta";"Sim";2;0;0;1;1;0;1;2;-19,84339604;-43,88596993;"SPRF-MG";"DEL01-MG";"UOP01-DEL01-MG"
240080;2019-10-04;"sexta-feira";"16:15:00";"PE";101;77,8;"RECIFE";"Desobediência às normas de trânsito pelo condutor";"Colisão lateral";"Com Vítimas Feridas";"Anoitecer";"Decrescente";"Céu Claro";"Dupla";"Reta";"Sim";2;0;1;0;1;0;1;2;-8,126982;-34,94386;"SPRF-PE";"DEL01-PE";"UOP01-DEL01-PE"
240081;2019-10-04;"sexta-feira";"13:15:00";"MG";365;9,3;"MONTES CLAROS";"Defeito Mecânico no Veículo";"Incêndio";"Sem Vítimas";"Pleno dia";"Crescente";"Céu Claro";"Simples";"Curva";"Não";1;0;0;0;1;0;0;1;-16,83452;-43,943562;"SPRF-MG";"DEL12-MG";"UOP01-DEL12-MG"
240082;2019-10-04;"sexta-feira";"13:30:00";"MS";163;485,1;"CAMPO GRANDE";"Falta de Atenção à Condução";"Colisão transversal";"Sem Vítimas";"Pleno dia";"Crescente";"Nublado";"Simples";"Reta";"Sim";2;0;0;0;1;1;0;2;-20,44233707;-54,54201834;"SPRF-MS";"DEL01-MS";"UOP02-DEL01-MS"
240083;2019-10-04;"sexta-feira";"14:55:00";"MG";116;510;"UBAPORANGA";"Desobediência às normas de trânsito pelo condutor";"Colisão traseira";"Com Vítimas Feridas";"Pleno dia";"Crescente";"Céu Claro";"Simples";"Reta";"Sim";3;0;1;0;2;0;1;2;-19,64532085;-42,10796743;"SPRF-MG";"DEL06-MG";"UOP02-DEL06-MG"
240087;2019-07-20;"sábado";"11:00:00";"MG";116;546,5;"SANTA BARBARA DO LESTE";"Desobediência às normas de trânsito pelo condutor";"Tombamento";"Com Vítimas Feridas";"Pleno dia";"Decrescente";"Céu Claro";"Simples";"Reta";"Não";3;0;2;0;1;0;2;2;-19,927977;-42,130995;"SPRF-MG";"DEL06-MG";"UOP02-DEL06-MG"
240090;2019-09-18;"quarta-feira";"22:40:00";"ES";101;429,8;"ATILIO VIVACQUA";"Condutor Dormindo";"Saída de leito carroçável";"Com Vítimas Feridas";"Plena Noite";"Crescente";"Céu Claro";"Simples";"Reta";"Não";2;0;1;0;1;0;1;1;-21,0256572;-41,15890984;"SPRF-ES";"DEL03-ES";"UOP02-DEL03-ES"
240091;2019-10-04;"sexta-feira";"15:45:00";"SC";101;29,1;"JOINVILLE";"Não guardar distância de segurança";"Colisão traseira";"Com Vítimas Feridas";"Pleno dia";"Crescente";"Céu Claro";"Dupla";"Reta";"Sim";3;0;1;0;2;0;1;2;-26,211903;-48,91589904;"SPRF-SC";"DEL03-SC";"UOP01-DEL03-SC"
240092;2019-10-04;"sexta-feira";"16:20:00";"GO";60;95,8;"ANAPOLIS";"Mal Súbito";"Saída de leito carroçável";"Com Vítimas Feridas";"Pleno dia";"Decrescente";"Céu Claro";"Dupla";"Reta";"Sim";4;0;1;0;3;0;1;4;-16,3679;-48,939;"SPRF-GO";"DEL02-GO";"UOP01-DEL02-GO"
240095;2019-10-04;"sexta-feira";"16:10:00";"DF";40;0,6;"BRASILIA";"Falta de Atenção à Condução";"Colisão lateral";"Com Vítimas Feridas";"Pleno dia";"Crescente";"Céu Claro";"Dupla";"Reta";"Sim";2;0;1;0;0;1;1;2;-15,976897;-47,990129;"SPRF-DF";"DEL01-DF";"UOP01-DEL01-DF"
240099;2019-10-04;"sexta-feira";"16:55:00";"MG";381;3,4;"BETIM";"Não guardar distância de segurança";"Colisão traseira";"Com Vítimas Feridas";"Pleno dia";"Crescente";"Céu Claro";"Dupla";"Reta";"Não";4;0;4;0;0;0;4;2;-19,98661813;-44,17407274;"SPRF-MG";"DEL01-MG";"UOP03-DEL01-MG"
240100;2019-10-04;"sexta-feira";"16:50:00";"CE";116;3;"FORTALEZA";"Ingestão de Álcool";"Colisão traseira";"Com Vítimas Feridas";"Anoitecer";"Decrescente";"Céu Claro";"Múltipla";"Reta";"Sim";2;0;0;1;1;0;1;2;-3,78465851;-38,51219958;"SPRF-CE";"DEL01-CE";"UOP02-DEL01-CE"
240101;2019-10-04;"sexta-feira";"16:45:00";"SP";459;31;"LORENA";"Falta de Atenção à Condução";"Colisão traseira";"Sem Vítimas";"Pleno dia";"Crescente";"Céu Claro";"Simples";"Reta";"Sim";2;0;0;0;2;0;0;2;-22,732813;-45,098679;"SPRF-SP";"DEL08-SP";"UOP03-DEL08-SP"
240102;2019-10-04;"sexta-feira";"17:00:00";"SP";116;220;"GUARULHOS";"Desobediência às normas de trânsito pelo condutor";"Colisão lateral";"Com Vítimas Feridas";"Pleno dia";"Crescente";"Céu Claro";"Múltipla";"Reta";"Sim";2;0;1;0;1;0;1;2;-23,46472809;-46,49793962;"SPRF-SP";"DEL01-SP";"UOP01-DEL01-SP"
240103;2019-10-04;"sexta-feira";"15:15:00";"CE";222;109,9;"ITAPAJE";"Condutor Dormindo";"Colisão com objeto estático";"Sem Vítimas";"Pleno dia";"Crescente";"Céu Claro";"Simples";"Curva";"Não";1;0;0;0;1;0;0;1;-3,76033674;-39,48793598;"SPRF-CE";"DEL04-CE";"UOP03-DEL04-CE"
240105;2019-10-04;"sexta-feira";"06:30:00";"PI";135;316;"CRISTINO CASTRO";"Falta de Atenção à Condução";"Colisão transversal";"Com Vítimas Feridas";"Pleno dia";"Decrescente";"Céu Claro";"Simples";"Reta";"Sim";2;0;1;0;0;1;1;2;-8,81021174;-44,2182985;"SPRF-PI";"DEL03-PI";"UOP02-DEL03-PI"
240106;2019-10-04;"sexta-feira";"16:00:00";"SC";101;256;"PAULO LOPES";"Não guardar distância de segurança";"Saída de leito carroçável";"Com Vítimas Feridas";"Pleno dia";"Crescente";"Nublado";"Dupla";"Reta";"Não";1;0;1;0;0;0;1;1;-27,99084416;-48,68056684;"SPRF-SC";"DEL02-SC";"UOP03-DEL02-SC"
240107;2019-10-04;"sexta-feira";"17:05:00";"MG";116;704,5;"MURIAE";"Falta de Atenção do Pedestre";"Atropelamento de Pedestre";"Com Vítimas Feridas";"Anoitecer";"Decrescente";"Céu Claro";"Simples";"Reta";"Sim";3;0;1;0;1;1;1;2;-21,09108187;-42,50169933;"SPRF-MG";"DEL07-MG";"UOP02-DEL07-MG"