"id";"data_inversa";"dia_semana";"horario";"uf";"br";"km";"municipio";"causa_acidente";"tipo_acidente";"classificacao_acidente";"fase_dia";"sentido_via";"condicao_metereologica";"tipo_pista";"tracado_via";"uso_solo";"pessoas";"mortos";"feridos_leves";"feridos_graves";"ilesos";"ignorados";"feridos";"veiculos";"latitude";"longitude";"regional";"delegacia";"uop"
240427;2019-10-05;"sábado";"23:00:00";"PR";467;107;"CASCAVEL";"Velocidade Incompatível";"Colisão com objeto estático";"Com Vítimas Feridas";"Plena Noite";"Decrescente";"Céu Claro";"Dupla";"Interseção de Vias";"Não";2;0;2;0;0;0;2;1;-24,92018984;-53,47612565;"SPRF-PR";"DEL04-PR";"UOP01-DEL04-PR"
240428;2019-10-05;"sábado";"23:00:00";"CE";20;411;"CAUCAIA";"Pista Escorregadia";"Tombamento";"Com Vítimas Feridas";"Plena Noite";"Crescente";"Céu Claro";"Dupla";"Reta;Em Obras;Aclive";"Sim";1;0;1;0;0;0;1;1;-3,7810128;-38,65779877;"SPRF-CE";"DEL01-CE";"UOP01-DEL01-CE"
240430;2019-10-05;"sábado";"20:00:00";"PR";153;360,9;"RIO AZUL";"Falta de Atenção à Condução";"Saída de leito carroçável";"Com Vítimas Feridas";"Plena Noite";"Decrescente";"Garoa/Chuvisco";"Simples";"Reta";"Não";3;0;1;0;0;2;1;1;-25,67503796;-50,75089805;"SPRF-PR";"DEL03-PR";"UOP02-DEL08-PR"
240431;2019-10-05;"sábado";"22:55:00";"MG";153;59;"MONTE ALEGRE DE MINAS";"Ingestão de Álcool";"Capotamento";"Com Vítimas Feridas";"Plena Noite";"Decrescente";"Céu Claro";"Simples";"Reta";"Não";1;0;1;0;0;0;1;1;-18,88622703;-49,05195006;"SPRF-MG";"DEL15-MG";"UOP03-DEL15-MG"
240432;2019-10-05;"sábado";"23:15:00";"PR";277;711,3;"SANTA TEREZINHA DE ITAIPU";"Falta de Atenção à Condução";"Saída de leito carroçável";"Sem Vítimas";"Plena Noite";"Decrescente";"Garoa/Chuvisco";"Dupla";"Aclive";"Não";1;0;0;0;1;0;0;1;-25,45513262;-54,42452163;"SPRF-PR";"DEL05-PR";"UOP01-DEL05-PR"
240434;2019-10-05;"sábado";"21:20:00";"MS";163;101;"ITAQUIRAI";"Ingestão de Álcool";"Saída de leito carroçável";"Com Vítimas Feridas";"Plena Noite";"Crescente";"Nublado";"Simples";"Reta";"Não";1;0;1;0;0;0;1;1;-23,27184703;-54,22720917;"SPRF-MS";"DEL09-MS";"UOP01-DEL09-MS"
240437;2019-10-05;"sábado";"20:38:00";"SC";282;230,1;"LAGES";"Velocidade Incompatível";"Colisão frontal";"Com Vítimas Fatais";"Plena Noite";"Decrescente";"Garoa/Chuvisco";"Simples";"Reta";"Não";5;1;3;1;0;0;4;2;-27,787432;-50,425808;"SPRF-SC";"DEL05-SC";"UOP02-DEL05-SC"
240438;2019-10-05;"sábado";"12:15:00";"MG";262;437,4;"SAO GONCALO DO PARA";"Avarias e/ou desgaste excessivo no pneu";"Tombamento";"Com Vítimas Feridas";"Pleno dia";"Crescente";"Sol";"Dupla";"Curva";"Não";2;0;2;0;0;0;2;1;-19,89622194;-44,86972815;"SPRF-MG";"DEL08-MG";"UOP03-DEL08-MG"
240439;2019-10-05;"sábado";"12:40:00";"MG";262;444,7;"NOVA SERRANA";"Falta de Atenção à Condução";"Tombamento";"Com Vítimas Feridas";"Pleno dia";"Crescente";"Sol";"Dupla";"Interseção de Vias";"Sim";1;0;0;1;0;0;1;1;-19,881131;-44,931502;"SPRF-MG";"DEL08-MG";"UOP03-DEL08-MG"
240440;2019-10-06;"domingo";"00:10:00";"RJ";116;168,6;"SAO JOAO DE MERITI";"Falta de Atenção à Condução";"Colisão traseira";"Com Vítimas Fatais";"Plena Noite";"Decrescente";"Céu Claro";"Dupla";"Reta";"Sim";2;1;0;0;1;0;0;2;-22,819969;-43,31499997;"SPRF-RJ";"DEL01-RJ";"UOP02-DEL01-RJ"
240442;2019-10-06;"domingo";"01:00:00";"RN";101;110;"PARNAMIRIM";"Animais na Pista";"Atropelamento de Animal";"Com Vítimas Feridas";"Plena Noite";"Crescente";"Ignorado";"Dupla";"Reta";"Sim";1;0;0;1;0;0;1;1;-5,946376;-35,26485;"SPRF-RN";"DEL01-RN";"UOP01-DEL01-RN"
240443;2019-10-05;"sábado";"20:30:00";"PR";277;587;"CASCAVEL";"Restrição de Visibilidade";"Queda de ocupante de veículo";"Com Vítimas Feridas";"Plena Noite";"Crescente";"Garoa/Chuvisco";"Simples";"Reta";"Sim";1;0;1;0;0;0;1;1;-24,96941255;-53,42959722;"SPRF-PR";"DEL04-PR";"UOP01-DEL04-PR"
240445;2019-10-06;"domingo";"01:00:00";"PB";230;0,5;"CABEDELO";"Ingestão de Álcool";"Atropelamento de Pedestre";"Com Vítimas Feridas";"Amanhecer";"Crescente";"Nublado";"Simples";"Reta";"Sim";2;0;1;0;1;0;1;2;-6,9711;-34,8382;"SPRF-PB";"DEL01-PB";"UOP01-DEL01-PB"
240446;2019-10-06;"domingo";"01:05:00";"PE";232;194,1;"SANHARO";"Ingestão de Álcool";"Colisão frontal";"Com Vítimas Feridas";"Plena Noite";"Crescente";"Céu Claro";"Simples";"Reta";"Não";2;0;1;1;0;0;2;2;-8,36209062;-36,55441109;"SPRF-PE";"DEL02-PE";"UOP03-DEL02-PE"
240447;2019-10-05;"sábado";"17:20:00";"PI";235;310,7;"MONTE ALEGRE DO PIAUI";"Velocidade Incompatível";"Capotamento";"Com Vítimas Feridas";"Anoitecer";"Crescente";"Chuva";"Simples";"Curva";"Não";1;0;1;0;0;0;1;1;-9,76759;-45,31834;"SPRF-PI";"DEL03-PI";"UOP02-DEL03-PI"
240448;2019-10-06;"domingo";"00:45:00";"PR";277;97;"CURITIBA";"Falta de Atenção à Condução";"Colisão lateral";"Sem Vítimas";"Plena Noite";"Crescente";"Chuva";"Dupla";"Reta";"Sim";2;0;0;0;2;0;0;2;-25,430267;-49,342515;"SPRF-PR";"DEL01-PR";"UOP06-DEL01-PR"
240449;2019-10-06;"domingo";"00:45:00";"SC";470;45,6;"GASPAR";"Falta de Atenção do Pedestre";"Atropelamento de Pedestre";"Com Vítimas Feridas";"Plena Noite";"Crescente";"Garoa/Chuvisco";"Simples";"Reta";"Não";2;0;0;1;1;0;1;2;-26,867064;-49,031109;"SPRF-SC";"DEL04-SC";"UOP01-DEL04-SC"
240450;2019-10-06;"domingo";"00:45:00";"ES";101;269,5;"SERRA";"Desobediência às normas de trânsito pelo condutor";"Colisão transversal";"Com Vítimas Feridas";"Plena Noite";"Decrescente";"Nublado";"Múltipla";"Interseção de Vias";"Sim";5;0;2;2;1;0;4;2;-20,21740496;-40,26990578;"SPRF-ES";"DEL02-ES";"UOP01-DEL02-ES"
240453;2019-10-06;"domingo";"00:10:00";"SC";282;39;"AGUAS MORNAS";"Condutor Dormindo";"Queda de ocupante de veículo";"Com Vítimas Feridas";"Plena Noite";"Crescente";"Chuva";"Simples";"Curva";"Não";1;0;0;1;0;0;1;1;-27,712439;-48,860607;"SPRF-SC";"DEL01-SC";"UOP03-DEL01-SC"
240456;2019-10-06;"domingo";"00:02:00";"PR";369;192,7;"ARAPONGAS";"Desobediência às normas de trânsito pelo condutor";"Colisão transversal";"Com Vítimas Feridas";"Plena Noite";"Crescente";"Céu Claro";"Dupla";"Reta";"Não";3;0;1;2;0;0;3;2;-23,47526;-51,423832;"SPRF-PR";"DEL07-PR";"UOP03-DEL07-PR"
240457;2019-10-06;"domingo";"01:30:00";"SC";101;207;"SAO JOSE";"Ingestão de Álcool";"Colisão com objeto estático";"Sem Vítimas";"Plena Noite";"Crescente";"Chuva";"Múltipla";"Curva";"Não";1;0;0;0;1;0;0;1;-27,60001226;-48,6226467;"SPRF-SC";"DEL01-SC";"UOP01-DEL01-SC"
240458;2019-10-06;"domingo";"01:00:00";"SC";470;103;"APIUNA";"Ingestão de Álcool";"Capotamento";"Com Vítimas Feridas";"Plena Noite";"Crescente";"Chuva";"Simples";"Curva";"Não";1;0;1;0;0;0;1;1;-27,064796;-49,401424;"SPRF-SC";"DEL04-SC";"UOP02-DEL04-SC"
240459;2019-10-06;"domingo";"02:10:00";"GO";153;513,2;"APARECIDA DE GOIANIA";"Ingestão de Álcool";"Colisão frontal";"Sem Vítimas";"Plena Noite";"Decrescente";"Nublado";"Dupla";"Retorno Regulamentado;Viaduto;Curva";"Sim";2;0;0;0;2;0;0;2;-16,8244;-49,2421;"SPRF-GO";"DEL01-GO";"UOP03-DEL01-GO"
240462;2019-10-06;"domingo";"03:10:00";"SC";101;209;"SAO JOSE";"Falta de Atenção à Condução";"Colisão traseira";"Sem Vítimas";"Plena Noite";"Crescente";"Céu Claro";"Múltipla";"Reta";"Sim";2;0;0;0;2;0;0;2;-27,61000542;-48,63895057;"SPRF-SC";"DEL01-SC";"UOP01-DEL01-SC"
240463;2019-10-06;"domingo";"03:00:00";"MG";381;508;"SAO JOAQUIM DE BICAS";"Ingestão de Álcool";"Colisão traseira";"Com Vítimas Feridas";"Plena Noite";"Crescente";"Céu Claro";"Dupla";"Reta";"Não";8;0;8;0;0;0;8;2;-20,06277698;-44,29329002;"SPRF-MG";"DEL01-MG";"UOP03-DEL01-MG"
240465;2019-10-06;"domingo";"03:20:00";"PR";369;185;"ARAPONGAS";"Condutor Dormindo";"Colisão lateral";"Com Vítimas Feridas";"Plena Noite";"Crescente";"Nevoeiro/Neblina";"Simples";"Reta";"Sim";3;0;2;0;1;0;2;2;-23,41514643;-51,42690003;"SPRF-PR";"DEL07-PR";"UOP03-DEL07-PR"
240466;2019-10-06;"domingo";"00:45:00";"MT";174;515;"COMODORO";"Falta de Atenção do Pedestre";"Atropelamento de Pedestre";"Com Vítimas Fatais";"Pleno dia";"Decrescente";"Céu Claro";"Simples";"Reta";"Não";15;1;0;0;14;0;0;2;-13,40677396;-59,85461185;"SPRF-MT";"DEL04-MT";"UOP01-DEL04-MT"
240467;2019-10-06;"domingo";"03:00:00";"MG";364;30;"FRUTAL";"Falta de Atenção à Condução";"Colisão frontal";"Com Vítimas Feridas";"Plena Noite";"Decrescente";"Céu Claro";"Simples";"Reta";"Sim";6;0;2;0;4;0;2;4;-20,025185;-48,94096;"SPRF-MG";"DEL13-MG";"UOP02-DEL13-MG"
240469;2019-10-06;"domingo";"03:35:00";"MG";50;179,5;"UBERABA";"Falta de Atenção à Condução";"Tombamento";"Com Vítimas Feridas";"Plena Noite";"Decrescente";"Céu Claro";"Dupla";"Reta";"Sim";1;0;1;0;0;0;1;1;-19,77827047;-47,93140998;"SPRF-MG";"DEL13-MG";"UOP01-DEL13-MG"
240471;2019-10-06;"domingo";"02:00:00";"RS";290;173,2;"BUTIA";"Falta de Atenção à Condução";"Saída de leito carroçável";"Sem Vítimas";"Plena Noite";"Decrescente";"Nublado";"Simples";"Reta;Declive";"Não";1;0;0;0;1;0;0;1;-30,127287;-51,94133;"SPRF-RS";"DEL02-RS";"UOP02-DEL02-RS"
240472;2019-10-06;"domingo";"03:30:00";"PR";277;234;"FERNANDES PINHEIRO";"Falta de Atenção à Condução";"Saída de leito carroçável";"Sem Vítimas";"Plena Noite";"Crescente";"Garoa/Chuvisco";"Simples";"Reta";"Não";1;0;0;0;1;0;0;1;-25,47103055;-50,49767186;"SPRF-PR";"DEL03-PR";"UOP02-DEL08-PR"
240475;2019-10-06;"domingo";"03:45:00";"MT";364;259;"JUSCIMEIRA";"Falta de Atenção à Condução";"Colisão traseira";"Com Vítimas Feridas";"Plena Noite";"Crescente";"Garoa/Chuvisco";"Simples";"Reta";"Sim";2;0;1;0;1;0;1;2;-16,04830616;-54,88713632;"SPRF-MT";"DEL02-MT";"UOP02-DEL05-MT"
240477;2019-10-06;"domingo";"05:10:00";"PR";369;178;"ARAPONGAS";"Ingestão de Álcool";"Colisão com objeto estático";"Com Vítimas Feridas";"Amanhecer";"Decrescente";"Nublado";"Dupla";"Retorno Regulamentado;Reta";"Não";2;0;1;1;0;0;2;1;-23,35361984;-51,39065976;"SPRF-PR";"DEL07-PR";"UOP01-DEL07-PR"
240478;2019-10-06;"domingo";"04:30:00";"MG";50;41;"ARAGUARI";"Animais na Pista";"Atropelamento de Animal";"Com Vítimas Feridas";"Amanhecer";"Decrescente";"Céu Claro";"Dupla";"Reta";"Não";1;0;0;1;0;0;1;1;-18,682136;-48,17887197;"SPRF-MG";"DEL15-MG";"UOP02-DEL15-MG"
240480;2019-10-06;"domingo";"05:10:00";"PE";232;4,9;"RECIFE";"Falta de Atenção à Condução";"Colisão traseira";"Com Vítimas Feridas";"Pleno dia";"Decrescente";"Sol";"Múltipla";"Aclive";"Sim";2;0;0;1;1;0;1;2;-8,06621411;-34,94173229;"SPRF-PE";"DEL01-PE";"UOP01-DEL01-PE"
240481;2019-10-06;"domingo";"05:00:00";"RJ";101;45;"CAMPOS DOS GOYTACAZES";"Falta de Atenção à Condução";"Queda de ocupante de veículo";"Com Vítimas Feridas";"Amanhecer";"Crescente";"Nublado";"Simples";"Reta";"Não";1;0;0;1;0;0;1;1;-21,58933207;-41,31689933;"SPRF-RJ";"DEL08-RJ";"UOP01-DEL08-RJ"
240483;2019-10-06;"domingo";"04:30:00";"PB";361;67,9;"OLHO DAGUA";"Ingestão de Álcool";"Colisão com objeto estático";"Com Vítimas Fatais";"Amanhecer";"Crescente";"Céu Claro";"Simples";"Reta";"Não";2;1;1;0;0;0;1;1;-7,2095844;-37,78407504;"SPRF-PB";"DEL03-PB";"UOP01-DEL03-PB"
240484;2019-10-06;"domingo";"05:30:00";"PI";343;322,5;"TERESINA";"Falta de Atenção à Condução";"Tombamento";"Com Vítimas Feridas";"Amanhecer";"Crescente";"Céu Claro";"Simples";"Reta";"Não";1;0;1;0;0;0;1;1;-5,054964;-42,585648;"SPRF-PI";"DEL01-PI";"UOP01-DEL01-PI"
240485;2019-10-06;"domingo";"04:35:00";"SC";101;257;"PAULO LOPES";"Falta de Atenção à Condução";"Saída de leito carroçável";"Sem Vítimas";"Plena Noite";"Decrescente";"Chuva";"Simples";"Curva";"Não";1;0;0;0;0;1;0;1;-27,99701205;-48,68755194;"SPRF-SC";"DEL02-SC";"UOP03-DEL02-SC"
240486;2019-10-06;"domingo";"05:20:00";"RS";290;32;"SANTO ANTONIO DA PATRULHA";"Falta de Atenção à Condução";"Saída de leito carroçável";"Com Vítimas Feridas";"Amanhecer";"Crescente";"Chuva";"Múltipla";"Reta";"Não";2;0;1;0;1;0;1;1;-29,884836;-50,576054;"SPRF-RS";"DEL03-RS";"UOP01-DEL03-RS"
240487;2019-10-06;"domingo";"04:50:00";"RS";285;195;"LAGOA VERMELHA";"Falta de Atenção à Condução";"Colisão frontal";"Com Vítimas Feridas";"Plena Noite";"Crescente";"Chuva";"Simples";"Reta";"Não";8;0;0;8;0;0;8;2;-28,234371;-51,50174;"SPRF-RS";"DEL08-RS";"UOP05-DEL08-RS"
240488;2019-10-06;"domingo";"06:00:00";"MG";40;441;"CAETANOPOLIS";"Desobediência às normas de trânsito pelo condutor";"Capotamento";"Sem Vítimas";"Pleno dia";"Crescente";"Céu Claro";"Dupla";"Curva";"Não";1;0;0;0;0;1;0;1;-19,23100428;-44,43562244;"SPRF-MG";"DEL02-MG";"UOP01-DEL02-MG"
240489;2019-10-06;"domingo";"05:40:00";"SC";470;138,7;"RIO DO SUL";"Ingestão de álcool e/ou substâncias psicoativas pelo pedestre";"Colisão frontal";"Sem Vítimas";"Amanhecer";"Decrescente";"Garoa/Chuvisco";"Simples";"Reta";"Sim";2;0;0;0;2;0;0;2;-27,19547134;-49,62555528;"SPRF-SC";"DEL04-SC";"UOP02-DEL04-SC"
240490;2019-10-06;"domingo";"05:20:00";"PR";376;594,3;"CURITIBA";"Condutor Dormindo";"Capotamento";"Com Vítimas Feridas";"Plena Noite";"Crescente";"Garoa/Chuvisco";"Dupla";"Reta;Declive";"Sim";2;0;2;0;0;0;2;1;-25,48779891;-49,3463177;"SPRF-PR";"DEL01-PR";"UOP06-DEL01-PR"
240491;2019-10-06;"domingo";"04:00:00";"SC";101;327;"CAPIVARI DE BAIXO";"Ingestão de Álcool";"Colisão traseira";"Sem Vítimas";"Plena Noite";"Crescente";"Garoa/Chuvisco";"Múltipla";"Declive";"Não";5;0;0;0;5;0;0;2;-28,43629391;-48,96008849;"SPRF-SC";"DEL02-SC";"UOP01-DEL02-SC"
240492;2019-10-06;"domingo";"05:20:00";"SP";116;41,6;"CACHOEIRA PAULISTA";"Condutor Dormindo";"Saída de leito carroçável";"Com Vítimas Feridas";"Pleno dia";"Decrescente";"Céu Claro";"Dupla";"Reta";"Não";1;0;1;0;0;0;1;1;-22,68631027;-45,0146498;"SPRF-SP";"DEL08-SP";"UOP02-DEL08-SP"
240495;2019-10-06;"domingo";"06:20:00";"RS";290;107;"ELDORADO DO SUL";"Ingestão de Álcool";"Saída de leito carroçável";"Sem Vítimas";"Amanhecer";"Decrescente";"Chuva";"Dupla";"Reta";"Sim";1;0;0;0;1;0;0;1;-30,001852;-51,304264;"SPRF-RS";"DEL02-RS";"UOP01-DEL02-RS"
240496;2019-07-17;"quarta-feira";"13:40:00";"BA";116;809,8;"VITORIA DA CONQUISTA";"Ingestão de Álcool";"Saída de leito carroçável";"Com Vítimas Fatais";"Pleno dia";"Crescente";"Sol";"Simples";"Reta";"Não";2;1;1;0;0;0;1;1;-14,74763842;-40,67316778;"SPRF-BA";"DEL08-BA";"UOP01-DEL08-BA"
240498;2019-10-06;"domingo";"07:00:00";"MG";381;865,2;"POUSO ALEGRE";"Ingestão de Álcool";"Saída de leito carroçável";"Sem Vítimas";"Pleno dia";"Decrescente";"Nublado";"Múltipla";"Reta";"Não";1;0;0;0;1;0;0;1;-22,39502394;-45,95810707;"SPRF-MG";"DEL16-MG";"UOP01-DEL16-MG"
240500;2019-10-06;"domingo";"04:40:00";"SC";101;206;"SAO JOSE";"Falta de Atenção à Condução";"Tombamento";"Com Vítimas Feridas";"Plena Noite";"Decrescente";"Chuva";"Múltipla";"Reta";"Sim";1;0;1;0;0;0;1;1;-27,59193546;-48,61824557;"SPRF-SC";"DEL01-SC";"UOP01-DEL01-SC"
240502;2019-10-05;"sábado";"23:40:00";"PR";277;97;"CURITIBA";"Ingestão de Álcool";"Colisão traseira";"Com Vítimas Feridas";"Plena Noite";"Crescente";"Nublado";"Dupla";"Reta";"Sim";2;0;1;0;1;0;1;2;-25,54577186;-49,29537197;"SPRF-PR";"DEL01-PR";"UOP06-DEL01-PR"
240503;2019-10-06;"domingo";"06:00:00";"GO";40;32;"LUZIANIA";"Ingestão de Álcool";"Saída de leito carroçável";"Sem Vítimas";"Pleno dia";"Crescente";"Nublado";"Dupla";"Reta";"Não";1;0;0;0;0;1;0;1;-16,291947;-47,852139;"SPRF-DF";"DEL01-DF";"UOP01-DEL01-DF"
240504;2019-10-06;"domingo";"03:15:00";"SC";470;57;"BLUMENAU";"Desobediência às normas de trânsito pelo condutor";"Saída de leito carroçável";"Sem Vítimas";"Plena Noite";"Crescente";"Chuva";"Simples";"Reta";"Não";1;0;0;0;1;0;0;1;-26,880428;-49,136532;"SPRF-SC";"DEL04-SC";"UOP01-DEL04-SC"
240505;2019-10-06;"domingo";"00:30:00";"SC";116;227;"CANOINHAS";"Velocidade Incompatível";"Colisão com objeto estático";"Sem Vítimas";"Plena Noite";"Decrescente";"Chuva";"Simples";"Reta";"Não";1;0;0;0;1;0;0;1;-26,18648693;-50,35454214;"SPRF-SC";"DEL05-SC";"UOP03-DEL05-SC"
240508;2019-10-06;"domingo";"07:05:00";"ES";101;305,3;"VIANA";"Ingestão de Álcool";"Colisão lateral";"Sem Vítimas";"Pleno dia";"Decrescente";"Sol";"Simples";"Curva";"Não";3;0;0;0;2;1;0;3;-20,38392;-40,461254;"SPRF-ES";"DEL03-ES";"UOP01-DEL03-ES"
240509;2019-10-06;"domingo";"07:20:00";"RS";158;437,8;"ROSARIO DO SUL";"Ingestão de Álcool";"Saída de leito carroçável";"Sem Vítimas";"Pleno dia";"Crescente";"Nublado";"Simples";"Reta";"Não";1;0;0;0;1;0;0;1;-30,16453449;-54,68321443;"SPRF-RS";"DEL11-RS";"UOP02-DEL11-RS"
240510;2019-10-05;"sábado";"23:15:00";"PR";376;673;"GUARATUBA";"Falta de Atenção à Condução";"Saída de leito carroçável";"Sem Vítimas";"Plena Noite";"Decrescente";"Chuva";"Dupla";"Reta";"Não";1;0;0;0;1;0;0;1;-25,90092097;-48,92572096;"SPRF-PR";"DEL01-PR";"UOP04-DEL01-PR"
240512;2019-10-06;"domingo";"07:30:00";"ES";259;75;"COLATINA";"Falta de Atenção à Condução";"Tombamento";"Com Vítimas Feridas";"Pleno dia";"Crescente";"Céu Claro";"Dupla";"Reta";"Não";2;0;0;2;0;0;2;1;-19,52427323;-40,78960375;"SPRF-ES";"DEL02-ES";"UOP01-DEL02-ES"
240513;2019-10-06;"domingo";"03:30:00";"BA";116;274;"TUCANO";"Defeito na Via";"Saída de leito carroçável";"Com Vítimas Fatais";"Plena Noite";"Crescente";"Ignorado";"Simples";"Reta";"Não";1;1;0;0;0;0;0;1;-10,96129397;-38,79157572;"SPRF-BA";"DEL07-BA";"UOP02-DEL07-BA"
240514;2019-10-06;"domingo";"07:50:00";"MG";262;360,2;"BETIM";"Condutor Dormindo";"Saída de leito carroçável";"Com Vítimas Feridas";"Pleno dia";"Crescente";"Sol";"Dupla";"Reta";"Não";1;0;1;0;0;0;1;1;-19,9830204;-44,20924834;"SPRF-MG";"DEL01-MG";"UOP03-DEL01-MG"
240516;2019-10-06;"domingo";"07:50:00";"CE";222;1;"CAUCAIA";"Falta de Atenção à Condução";"Colisão lateral";"Com Vítimas Feridas";"Pleno dia";"Decrescente";"Céu Claro";"Dupla";"Reta";"Sim";2;0;1;0;1;0;1;2;-3,736507;-38,65337;"SPRF-CE";"DEL01-CE";"UOP01-DEL01-CE"
240518;2019-10-06;"domingo";"08:40:00";"PE";232;4;"RECIFE";"Objeto estático sobre o leito carroçável";"Colisão traseira";"Com Vítimas Feridas";"Pleno dia";"Crescente";"Céu Claro";"Múltipla";"Viaduto;Declive;Reta";"Sim";2;0;1;0;1;0;1;2;-8,064473;-34,936928;"SPRF-PE";"DEL01-PE";"UOP01-DEL01-PE"
240519;2019-10-06;"domingo";"07:00:00";"PE";232;25;"MORENO";"Falta de Atenção à Condução";"Colisão frontal";"Com Vítimas Feridas";"Pleno dia";"Crescente";"Céu Claro";"Simples";"Curva";"Não";2;0;1;0;1;0;1;2;-8,11191765;-35,10836516;"SPRF-PE";"DEL01-PE";"UOP02-DEL02PE"
240520;2019-10-06;"domingo";"08:00:00";"MG";381;532;"ITATIAIUCU";"Velocidade Incompatível";"Saída de leito carroçável";"Com Vítimas Feridas";"Pleno dia";"Decrescente";"Céu Claro";"Dupla";"Curva";"Não";2;0;2;0;0;0;2;1;-20,1904316;-44,38268793;"SPRF-MG";"DEL04-MG";"UOP03-DEL04-MG"
240522;2019-10-05;"sábado";"23:00:00";"MT";364;544;"ROSARIO OESTE";"Desobediência às normas de trânsito pelo condutor";"Saída de leito carroçável";"Sem Vítimas";"Plena Noite";"Decrescente";"Céu Claro";"Simples";"Curva";"Sim";1;0;0;0;1;0;0;1;-14,89642704;-56,46577384;"SPRF-MT";"DEL01-MT";"UOP01-DEL01-MT"
240524;2019-10-06;"domingo";"09:00:00";"SP";381;85,4;"GUARULHOS";"Não guardar distância de segurança";"Colisão traseira";"Com Vítimas Feridas";"Pleno dia";"Decrescente";"Sol";"Dupla";"Reta";"Não";3;0;0;1;2;0;1;2;-23,449343;-46,56983501;"SPRF-SP";"DEL03-SP";"UOP01-DEL03-SP"
240525;2019-10-06;"domingo";"04:10:00";"MT";158;649,1;"NOVA XAVANTINA";"Falta de Atenção à Condução";"Colisão frontal";"Com Vítimas Feridas";"Plena Noite";"Crescente";"Céu Claro";"Simples";"Aclive";"Sim";5;0;0;5;0;0;5;2;-14,64236494;-52,35656068;"SPRF-MT";"DEL07-MT";"UOP02-DEL07-MT"
240527;2019-10-06;"domingo";"08:50:00";"RJ";493;111;"ITAGUAI";"Velocidade Incompatível";"Saída de leito carroçável";"Sem Vítimas";"Pleno dia";"Crescente";"Céu Claro";"Dupla";"Reta";"Não";1;0;0;0;0;1;0;1;-22,81151;-43,79932;"SPRF-RJ";"DEL03-RJ";"UOP01-DEL03-RJ"
240528;2019-10-06;"domingo";"09:00:00";"RS";116;0,3;"PORTO ALEGRE";"Falta de Atenção à Condução";"Colisão lateral";"Com Vítimas Feridas";"Pleno dia";"Crescente";"Garoa/Chuvisco";"Dupla";"Reta";"Sim";3;0;2;0;0;1;2;2;-30,033535;-51,230453;"SPRF-RS";"DEL01-RS";"UOP01-DEL01-RS"
240531;2019-10-06;"domingo";"08:15:00";"PA";316;85;"SAO FRANCISCO DO PARA";"Falta de Atenção à Condução";"Colisão frontal";"Com Vítimas Feridas";"Pleno dia";"Decrescente";"Céu Claro";"Simples";"Reta";"Não";5;0;4;0;0;1;4;3;-1,31275134;-47,72907257;"SPRF-PA";"DEL01-PA";"UOP02-DEL01-PA"
240532;2019-10-06;"domingo";"09:55:00";"MG";381;489,6;"BETIM";"Não guardar distância de segurança";"Tombamento";"Com Vítimas Feridas";"Pleno dia";"Crescente";"Céu Claro";"Dupla";"Reta";"Sim";2;0;1;0;1;0;1;2;-19,95656893;-44,13722992;"SPRF-MG";"DEL01-MG";"UOP03-DEL01-MG"
240533;2019-10-06;"domingo";"08:30:00";"RS";285;213;"LAGOA VERMELHA";"Ingestão de Álcool";"Saída de leito carroçável";"Sem Vítimas";"Pleno dia";"Decrescente";"Nublado";"Simples";"Reta";"Não";1;0;0;0;1;0;0;1;-28,246395;-51,646828;"SPRF-RS";"DEL08-RS";"UOP05-DEL08-RS"
240534;2019-10-06;"domingo";"10:00:00";"GO";153;536,7;"HIDROLANDIA";"Falta de Atenção à Condução";"Saída de leito carroçável";"Com Vítimas Feridas";"Pleno dia";"Decrescente";"Céu Claro";"Dupla";"Reta;Declive";"Não";1;0;1;0;0;0;1;1;-17,0193;-49,2217;"SPRF-GO";"DEL01-GO";"UOP03-DEL01-GO"
240535;2019-10-06;"domingo";"10:00:00";"SC";101;185,9;"BIGUACU";"Falta de Atenção à Condução";"Colisão com objeto estático";"Sem Vítimas";"Pleno dia";"Decrescente";"Nublado";"Dupla";"Curva";"Não";1;0;0;0;1;0;0;1;-27,43371351;-48,62518251;"SPRF-SC";"DEL01-SC";"UOP01-DEL01-SC"
240536;2019-10-06;"domingo";"08:20:00";"SC";282;446;"PONTE SERRADA";"Velocidade Incompatível";"Saída de leito carroçável";"Com Vítimas Feridas";"Pleno dia";"Crescente";"Garoa/Chuvisco";"Simples";"Curva";"Não";2;0;1;1;0;0;2;1;-26,91541173;-51,90477848;"SPRF-SC";"DEL07-SC";"UOP04-DEL07-SC"
240537;2019-01-02;"quarta-feira";"05:40:00";"RS";101;82;"OSORIO";"Falta de Atenção do Pedestre";"Colisão transversal";"Com Vítimas Feridas";"Amanhecer";"Crescente";"Nublado";"Dupla";"Curva";"Sim";2;0;1;0;1;0;1;2;-29,84743729;-50,2451992;"SPRF-RS";"DEL03-RS";"UOP01-DEL03-RS"
240540;2019-10-06;"domingo";"10:00:00";"PB";405;44;"SAO JOAO DO RIO DO PEIXE";"Falta de Atenção à Condução";"Saída de leito carroçável";"Com Vítimas Feridas";"Pleno dia";"Crescente";"Céu Claro";"Simples";"Reta";"Não";1;0;1;0;0;0;1;1;-6,817785;-38,415749;"SPRF-PB";"DEL03-PB";"UOP03-DEL03-PB"
240541;2019-10-06;"domingo";"10:40:00";"ES";262;119,1;"CONCEICAO DO CASTELO";"Avarias e/ou desgaste excessivo no pneu";"Capotamento";"Com Vítimas Fatais";"Pleno dia";"Decrescente";"Céu Claro";"Simples";"Curva";"Não";4;2;2;0;0;0;2;1;-20,30864991;-41,24106713;"SPRF-ES";"DEL01-ES";"UOP02-DEL01-ES"