"id";"data_inversa";"dia_semana";"horario";"uf";"br";"km";"municipio";"causa_acidente";"tipo_acidente";"classificacao_acidente";"fase_dia";"sentido_via";"condicao_metereologica";"tipo_pista";"tracado_via";"uso_solo";"pessoas";"mortos";"feridos_leves";"feridos_graves";"ilesos";"ignorados";"feridos";"veiculos";"latitude";"longitude";"regional";"delegacia";"uop"
240646;2019-10-06;"domingo";"19:40:00";"SP";116;57,1;"GUARATINGUETA";"Falta de Atenção à Condução";"Colisão lateral";"Com Vítimas Feridas";"Plena Noite";"Decrescente";"Nublado";"Dupla";"Reta";"Não";2;0;2;0;0;0;2;1;-22,77454618;-45,13807087;"SPRF-SP";"DEL08-SP";"UOP01-DEL08-SP"
240648;2019-10-06;"domingo";"19:00:00";"MG";381;918;"CAMANDUCAIA";"Velocidade Incompatível";"Colisão com objeto estático";"Com Vítimas Feridas";"Plena Noite";"Decrescente";"Céu Claro";"Simples";"Curva";"Sim";1;0;1;0;0;0;1;1;-22,75535226;-46,14909589;"SPRF-MG";"DEL16-MG";"UOP03-DEL16-MG"
240649;2019-10-06;"domingo";"19:30:00";"RN";101;72,9;"NATAL";"Ingestão de álcool e/ou substâncias psicoativas pelo pedestre";"Atropelamento de Pedestre";"Com Vítimas Fatais";"Plena Noite";"Crescente";"Céu Claro";"Simples";"Reta";"Não";2;1;0;0;1;0;0;2;-5,69866248;-35,26316835;"SPRF-RN";"DEL02-RN";"UOP01-DEL02-RN"
240650;2019-10-06;"domingo";"20:15:00";"ES";101;336,5;"GUARAPARI";"Falta de Atenção do Pedestre";"Atropelamento de Pedestre";"Com Vítimas Fatais";"Plena Noite";"Crescente";"Céu Claro";"Simples";"Reta";"Não";2;1;0;0;0;1;0;2;-20,62920973;-40,53740501;"SPRF-ES";"DEL03-ES";"UOP01-DEL03-ES"
240651;2019-10-06;"domingo";"17:00:00";"SC";470;145,1;"RIO DO SUL";"Falta de Atenção à Condução";"Colisão transversal";"Com Vítimas Feridas";"Pleno dia";"Crescente";"Chuva";"Simples";"Reta";"Não";7;0;7;0;0;0;7;2;-27,243439;-49,690025;"SPRF-SC";"DEL04-SC";"UOP02-DEL04-SC"
240652;2019-10-06;"domingo";"19:30:00";"SC";101;332;"TUBARAO";"Ingestão de Álcool";"Saída de leito carroçável";"Com Vítimas Feridas";"Plena Noite";"Decrescente";"Garoa/Chuvisco";"Simples";"Rotatória";"Sim";1;0;1;0;0;0;1;1;-28,46016431;-48,98968873;"SPRF-SC";"DEL02-SC";"UOP01-DEL02-SC"
240653;2019-10-06;"domingo";"20:00:00";"RS";116;245;"SAO LEOPOLDO";"Desobediência às normas de trânsito pelo condutor";"Capotamento";"Sem Vítimas";"Plena Noite";"Crescente";"Chuva";"Dupla";"Interseção de Vias";"Sim";1;0;0;0;1;0;0;1;-29,74980902;-51,15125361;"SPRF-RS";"DEL01-RS";"UOP02-DEL01-RS"
240654;2019-10-06;"domingo";"20:00:00";"SC";101;214,6;"PALHOCA";"Falta de Atenção à Condução";"Colisão traseira";"Sem Vítimas";"Plena Noite";"Decrescente";"Chuva";"Dupla";"Reta";"Sim";2;0;0;0;2;0;0;2;-27,64767184;-48,67255032;"SPRF-SC";"DEL01-SC";"UOP02-DEL01-SC"
240655;2019-10-06;"domingo";"18:10:00";"SC";470;153,5;"AGRONOMICA";"Falta de Atenção à Condução";"Colisão frontal";"Com Vítimas Fatais";"Plena Noite";"Decrescente";"Chuva";"Simples";"Curva";"Não";6;2;0;3;0;1;3;3;-27,27649832;-49,74111926;"SPRF-SC";"DEL04-SC";"UOP02-DEL04-SC"
240657;2019-10-06;"domingo";"16:20:00";"MG";365;490;"PATROCINIO";"Condutor Dormindo";"Saída de leito carroçável";"Com Vítimas Feridas";"Pleno dia";"Decrescente";"Nublado";"Simples";"Declive;Curva";"Não";4;0;4;0;0;0;4;1;-18,90316848;-47,15970299;"SPRF-MG";"DEL10-MG";"UOP01-DEL10-MG"
240658;2019-10-06;"domingo";"19:10:00";"SP";381;46,9;"ATIBAIA";"Animais na Pista";"Atropelamento de Animal";"Sem Vítimas";"Plena Noite";"Crescente";"Nublado";"Dupla";"Reta";"Sim";2;0;0;0;2;0;0;2;-23,180897;-46,580777;"SPRF-SP";"DEL03-SP";"UOP01-DEL03-SP"
240659;2019-10-06;"domingo";"19:35:00";"MG";381;540,1;"ITATIAIUCU";"Desobediência às normas de trânsito pelo pedestre";"Atropelamento de Pedestre";"Com Vítimas Feridas";"Plena Noite";"Decrescente";"Céu Claro";"Dupla";"Reta";"Sim";2;0;0;1;1;0;1;2;-20,25145691;-44,41136239;"SPRF-MG";"DEL04-MG";"UOP03-DEL04-MG"
240660;2019-10-06;"domingo";"19:40:00";"PA";155;320;"MARABA";"Animais na Pista";"Atropelamento de Animal";"Com Vítimas Feridas";"Plena Noite";"Decrescente";"Nublado";"Simples";"Reta";"Não";3;0;2;0;1;0;2;2;-5,574905;-49,08032;"SPRF-PA";"DEL03-PA";"UOP01-DEL03-PA"
240661;2019-09-20;"sexta-feira";"19:00:00";"SP";116;269;"TABOAO DA SERRA";"Falta de Atenção à Condução";"Colisão transversal";"Sem Vítimas";"Anoitecer";"Decrescente";"Ignorado";"Múltipla";"Reta";"Sim";2;0;0;0;2;0;0;2;-23,61593059;-46,78826044;"SPRF-SP";"DEL04-SP";"UOP01-DEL04-SP"
240662;2019-10-06;"domingo";"20:10:00";"MA";135;8,4;"SAO LUIS";"Desobediência às normas de trânsito pelo condutor";"Atropelamento de Pedestre";"Com Vítimas Feridas";"Plena Noite";"Decrescente";"Nublado";"Dupla";"Reta";"Sim";2;0;1;0;0;1;1;2;-2,64342093;-44,27374175;"SPRF-MA";"DEL01-MA";"UOP01-DEL01-MA"
240663;2019-07-07;"domingo";"22:30:00";"MA";316;404;"ALTO ALEGRE DO MARANHAO";"Deficiência ou não Acionamento do Sistema de Iluminação/Sinalização do Veículo";"Atropelamento de Pedestre";"Com Vítimas Feridas";"Plena Noite";"Crescente";"Ignorado";"Simples";"Reta";"Sim";2;0;0;1;0;1;1;2;-4,232774;-44,441977;"SPRF-MA";"DEL03-MA";"UOP01-DEL03-MA"
240664;2019-09-06;"sexta-feira";"18:32:00";"PR";476;132,8;"CURITIBA";"Velocidade Incompatível";"Atropelamento de Pedestre";"Com Vítimas Feridas";"Anoitecer";"Decrescente";"Céu Claro";"Múltipla";"Reta";"Não";2;0;0;1;1;0;1;2;-25,46745408;-49,25308228;"SPRF-PR";"DEL01-PR";"UOP03-DEL01-PR"
240665;2019-10-06;"domingo";"21:15:00";"PR";376;173,9;"MARINGA";"Não guardar distância de segurança";"Colisão traseira";"Com Vítimas Feridas";"Plena Noite";"Decrescente";"Céu Claro";"Dupla";"Reta";"Sim";3;0;1;0;2;0;1;2;-23,4172197;-51,9589231;"SPRF-PR";"DEL07-PR";"UOP01-DEL09-PR"
240668;2019-10-06;"domingo";"19:30:00";"SP";459;7;"PIQUETE";"Ingestão de Álcool";"Saída de leito carroçável";"Sem Vítimas";"Plena Noite";"Decrescente";"Nublado";"Simples";"Curva";"Não";1;0;0;0;1;0;0;1;-22,57378;-45,193432;"SPRF-SP";"DEL08-SP";"UOP03-DEL08-SP"
240671;2019-10-06;"domingo";"21:00:00";"ES";101;265,5;"SERRA";"Falta de Atenção à Condução";"Colisão traseira";"Com Vítimas Feridas";"Plena Noite";"Crescente";"Nublado";"Dupla";"Reta";"Sim";3;0;1;0;2;0;1;2;-20,18386783;-40,26669687;"SPRF-ES";"DEL02-ES";"UOP01-DEL02-ES"
240673;2019-10-06;"domingo";"21:15:00";"SC";101;92;"BARRA VELHA";"Velocidade Incompatível";"Colisão traseira";"Com Vítimas Feridas";"Plena Noite";"Decrescente";"Chuva";"Dupla";"Reta";"Não";3;0;1;0;1;1;1;2;-26,6806041;-48,6931497;"SPRF-SC";"DEL03-SC";"UOP02-DEL03-SC"
240674;2019-10-06;"domingo";"21:00:00";"BA";116;423;"FEIRA DE SANTANA";"Desobediência às normas de trânsito pelo condutor";"Colisão transversal";"Com Vítimas Feridas";"Plena Noite";"Decrescente";"Nublado";"Simples";"Reta";"Sim";3;0;2;0;1;0;2;2;-12,23294842;-38,97339821;"SPRF-BA";"DEL02-BA";"UOP01-DEL02-BA"
240675;2019-01-12;"sábado";"10:40:00";"PA";222;110;"RONDON DO PARA";"Velocidade Incompatível";"Saída de leito carroçável";"Com Vítimas Fatais";"Plena Noite";"Crescente";"Céu Claro";"Simples";"Curva";"Não";1;1;0;0;0;0;0;1;-4,792474;-48,111012;"SPRF-PA";"DEL02-PA";"UOP02-DEL02-PA"
240676;2019-10-06;"domingo";"21:25:00";"DF";60;30;"BRASILIA";"Falta de Atenção à Condução";"Atropelamento de Pedestre";"Com Vítimas Feridas";"Plena Noite";"Decrescente";"Nublado";"Dupla";"Viaduto";"Sim";2;0;0;1;1;0;1;2;-16,03854;-48,255955;"SPRF-DF";"DEL01-DF";"UOP01-DEL03-DF"
240677;2019-10-06;"domingo";"21:40:00";"PI";343;348,9;"TERESINA";"Falta de Atenção do Pedestre";"Atropelamento de Pedestre";"Com Vítimas Feridas";"Plena Noite";"Crescente";"Céu Claro";"Simples";"Reta";"Sim";2;0;0;1;1;0;1;2;-5,118706;-42,786411;"SPRF-PI";"DEL01-PI";"UOP01-DEL01-PI"
240678;2019-10-06;"domingo";"22:10:00";"SC";101;267,5;"IMBITUBA";"Ingestão de Álcool";"Saída de leito carroçável";"Com Vítimas Feridas";"Plena Noite";"Crescente";"Garoa/Chuvisco";"Múltipla";"Reta";"Não";4;0;4;0;0;0;4;1;-28,07699803;-48,71234311;"SPRF-SC";"DEL02-SC";"UOP03-DEL02-SC"
240679;2019-10-06;"domingo";"21:15:00";"RJ";101;308;"SAO GONCALO";"Falta de Atenção à Condução";"Colisão lateral";"Com Vítimas Feridas";"Plena Noite";"Crescente";"Nublado";"Dupla";"Reta";"Sim";3;0;2;0;1;0;2;2;-22,79309326;-43,02479595;"SPRF-RJ";"DEL02-RJ";"UOP02-DEL02-RJ"
240680;2019-10-06;"domingo";"22:10:00";"GO";153;514;"APARECIDA DE GOIANIA";"Falta de Atenção à Condução";"Colisão transversal";"Sem Vítimas";"Plena Noite";"Decrescente";"Céu Claro";"Dupla";"Reta;Interseção de Vias";"Sim";2;0;0;0;2;0;0;2;-16,8315;-49,2434;"SPRF-GO";"DEL01-GO";"UOP03-DEL01-GO"
240681;2019-10-06;"domingo";"20:45:00";"RR";174;504;"BOA VISTA";"Velocidade Incompatível";"Colisão traseira";"Com Vítimas Feridas";"Pleno dia";"Crescente";"Céu Claro";"Dupla";"Viaduto";"Sim";2;0;0;1;1;0;1;2;2,8133955;-60,6922568;"SPRF-RR";"DEL01-RR";"UOP01-DEL01-RR"
240682;2019-10-06;"domingo";"22:20:00";"SP";459;22;"LORENA";"Ingestão de Álcool";"Colisão com objeto estático";"Com Vítimas Feridas";"Plena Noite";"Decrescente";"Nublado";"Simples";"Rotatória";"Não";1;0;0;1;0;0;1;1;-22,66312575;-45,14385223;"SPRF-SP";"DEL08-SP";"UOP03-DEL08-SP"
240684;2019-10-06;"domingo";"22:10:00";"SC";101;130,5;"BALNEARIO CAMBORIU";"Pista Escorregadia";"Capotamento";"Com Vítimas Feridas";"Plena Noite";"Decrescente";"Céu Claro";"Dupla";"Reta";"Não";1;0;1;0;0;0;1;1;-26,98407618;-48,66977107;"SPRF-SC";"DEL04-SC";"UOP03-DEL04-SC"
240686;2019-10-06;"domingo";"19:30:00";"MS";163;345;"RIO BRILHANTE";"Falta de Atenção à Condução";"Saída de leito carroçável";"Sem Vítimas";"Plena Noite";"Decrescente";"Garoa/Chuvisco";"Simples";"Reta";"Não";1;0;0;0;0;1;0;1;-21,63425303;-54,42686207;"SPRF-MS";"DEL02-MS";"UOP02-DEL02-MS"
240687;2019-10-06;"domingo";"22:20:00";"BA";324;599;"SIMOES FILHO";"Falta de Atenção à Condução";"Queda de ocupante de veículo";"Com Vítimas Feridas";"Plena Noite";"Crescente";"Chuva";"Múltipla";"Reta";"Não";2;0;1;0;1;0;1;1;-12,74194511;-38,43853918;"SPRF-BA";"DEL01-BA";"UOP01-DEL01-BA"
240688;2019-10-06;"domingo";"22:45:00";"MG";40;649,5;"CRISTIANO OTONI";"Falta de Atenção à Condução";"Colisão transversal";"Com Vítimas Feridas";"Plena Noite";"Decrescente";"Céu Claro";"Simples";"Reta";"Sim";2;0;1;0;1;0;1;2;-20,81734393;-43,81138816;"SPRF-MG";"DEL05-MG";"UOP02-DEL05-MG"
240692;2019-10-06;"domingo";"20:00:00";"SC";470;161;"TROMBUDO CENTRAL";"Falta de Atenção à Condução";"Colisão traseira";"Sem Vítimas";"Plena Noite";"Decrescente";"Chuva";"Simples";"Reta";"Não";2;0;0;0;2;0;0;2;-27,285444;-49,807579;"SPRF-SC";"DEL04-SC";"UOP02-DEL04-SC"
240693;2019-10-06;"domingo";"23:20:00";"DF";20;12,1;"BRASILIA";"Ingestão de Álcool";"Saída de leito carroçável";"Com Vítimas Feridas";"Pleno dia";"Crescente";"Céu Claro";"Dupla";"Reta";"Sim";2;0;2;0;0;0;2;1;-15,64242242;-47,75701222;"SPRF-DF";"DEL02-DF";"UOP01-DEL02-DF"
240695;2019-10-06;"domingo";"22:40:00";"PR";277;10;"PARANAGUA";"Ingestão de Álcool";"Saída de leito carroçável";"Com Vítimas Feridas";"Plena Noite";"Crescente";"Chuva";"Dupla";"Reta";"Não";1;0;1;0;0;0;1;1;-25,568198;-48,615292;"SPRF-PR";"DEL01-PR";"UOP05-DEL01-PR"
240696;2019-10-06;"domingo";"20:30:00";"MT";163;865;"SINOP";"Velocidade Incompatível";"Saída de leito carroçável";"Com Vítimas Fatais";"Plena Noite";"Decrescente";"Nublado";"Simples";"Curva";"Não";1;1;0;0;0;0;0;1;-11,596306;-55,426375;"SPRF-MT";"DEL06-MT";"UOP02-DEL06-MT"
240697;2019-10-06;"domingo";"21:20:00";"RS";290;91,8;"PORTO ALEGRE";"Agressão Externa";"Tombamento";"Com Vítimas Feridas";"Plena Noite";"Crescente";"Céu Claro";"Múltipla";"Declive;Interseção de Vias;Curva";"Não";1;0;1;0;0;0;1;1;-29,96917448;-51,17587209;"SPRF-RS";"DEL01-RS";"UOP01-DEL01-RS"
240698;2019-10-06;"domingo";"22:40:00";"SP";153;78,6;"BADY BASSITT";"Falta de Atenção à Condução";"Colisão transversal";"Com Vítimas Feridas";"Plena Noite";"Crescente";"Céu Claro";"Simples";"Reta";"Não";7;0;1;0;6;0;1;2;-20,90589501;-49,467659;"SPRF-SP";"DEL09-SP";"UOP01-DEL09-SP"
240699;2019-10-06;"domingo";"20:45:00";"MA";10;376;"ITINGA DO MARANHAO";"Desobediência às normas de trânsito pelo condutor";"Colisão frontal";"Com Vítimas Feridas";"Plena Noite";"Decrescente";"Céu Claro";"Simples";"Reta";"Sim";3;0;1;0;2;0;1;2;-4,464304;-47,521744;"SPRF-MA";"DEL04-MA";"UOP03-DEL04-MA"
240700;2019-10-06;"domingo";"23:45:00";"RJ";101;410;"ITAGUAI";"Falta de Atenção à Condução";"Atropelamento de Pedestre";"Com Vítimas Feridas";"Plena Noite";"Decrescente";"Nublado";"Dupla";"Curva";"Não";2;0;0;1;0;1;1;2;-22,88990471;-43,84007225;"SPRF-RJ";"DEL03-RJ";"UOP01-DEL03-RJ"
240702;2019-10-06;"domingo";"23:20:00";"SP";116;307,4;"SAO LOURENCO DA SERRA";"Pista Escorregadia";"Colisão com objeto estático";"Com Vítimas Feridas";"Plena Noite";"Decrescente";"Chuva";"Dupla";"Curva";"Sim";2;0;1;0;1;0;1;1;-23,85630016;-46,94096988;"SPRF-SP";"DEL04-SP";"UOP01-DEL04-SP"
240703;2019-10-06;"domingo";"19:10:00";"RJ";101;73,9;"CAMPOS DOS GOYTACAZES";"Falta de Atenção à Condução";"Colisão lateral";"Com Vítimas Feridas";"Plena Noite";"Crescente";"Céu Claro";"Simples";"Reta";"Sim";2;0;1;0;1;0;1;2;-21,798874;-41,393955;"SPRF-RJ";"DEL08-RJ";"UOP02-DEL08-RJ"
240704;2019-10-06;"domingo";"19:30:00";"MG";153;59;"MONTE ALEGRE DE MINAS";"Falta de Atenção à Condução";"Saída de leito carroçável";"Com Vítimas Feridas";"Plena Noite";"Decrescente";"Céu Claro";"Simples";"Reta";"Não";4;0;4;0;0;0;4;1;-18,88622703;-49,05195006;"SPRF-MG";"DEL15-MG";"UOP03-DEL15-MG"
240705;2019-10-06;"domingo";"20:30:00";"RS";470;221;"BENTO GONCALVES";"Ingestão de Álcool";"Saída de leito carroçável";"Sem Vítimas";"Plena Noite";"Crescente";"Céu Claro";"Simples";"Rotatória";"Não";1;0;0;0;1;0;0;1;-29,19516365;-51,51950463;"SPRF-RS";"DEL06-RS";"UOP01-DEL06-RS"
240706;2019-10-07;"segunda-feira";"00:00:00";"MG";365;1;"MONTES CLAROS";"Desobediência às normas de trânsito pelo condutor";"Colisão traseira";"Com Vítimas Feridas";"Plena Noite";"Decrescente";"Céu Claro";"Simples";"Reta";"Sim";5;0;2;0;3;0;2;2;-16,716154;-43,863327;"SPRF-MG";"DEL12-MG";"UOP01-DEL12-MG"
240707;2019-10-06;"domingo";"21:10:00";"MG";50;186,3;"UBERABA";"Falta de Atenção à Condução";"Colisão traseira";"Sem Vítimas";"Plena Noite";"Crescente";"Céu Claro";"Dupla";"Reta";"Não";2;0;0;0;2;0;0;2;-19,82507776;-47,89035168;"SPRF-MG";"DEL13-MG";"UOP01-DEL13-MG"
240708;2019-10-06;"domingo";"19:55:00";"RO";364;480,6;"ARIQUEMES";"Defeito na Via";"Queda de ocupante de veículo";"Com Vítimas Feridas";"Plena Noite";"Crescente";"Chuva";"Simples";"Reta";"Não";2;0;1;1;0;0;2;1;-10,13753811;-62,86259805;"SPRF-RO";"DEL03-RO";"UOP01-DEL03-RO"
240709;2019-10-06;"domingo";"22:30:00";"MT";174;3,4;"PONTES E LACERDA";"Não guardar distância de segurança";"Colisão traseira";"Sem Vítimas";"Plena Noite";"Decrescente";"Céu Claro";"Simples";"Reta";"Sim";4;0;0;0;4;0;0;3;-15,24245235;-59,3340683;"SPRF-MT";"DEL04-MT";"UOP01-DEL04-MT"
240710;2019-10-06;"domingo";"17:00:00";"SC";282;562,2;"NOVA ERECHIM";"Desobediência às normas de trânsito pelo condutor";"Colisão frontal";"Com Vítimas Fatais";"Pleno dia";"Crescente";"Céu Claro";"Simples";"Reta";"Não";17;1;7;5;4;0;12;6;-26,911108;-52,865475;"SPRF-SC";"DEL07-SC";"UOP02-DEL07-SC"
240711;2019-10-06;"domingo";"23:10:00";"MS";267;319;"RIO BRILHANTE";"Falta de Atenção à Condução";"Capotamento";"Com Vítimas Feridas";"Plena Noite";"Crescente";"Garoa/Chuvisco";"Simples";"Rotatória";"Não";2;0;2;0;0;0;2;1;-21,65346432;-54,7558053;"SPRF-MS";"DEL02-MS";"UOP02-DEL02-MS"
240712;2019-10-06;"domingo";"22:50:00";"MS";262;362;"CAMPO GRANDE";"Animais na Pista";"Atropelamento de Animal";"Com Vítimas Fatais";"Plena Noite";"Crescente";"Nublado";"Simples";"Reta";"Não";1;1;0;0;0;0;0;1;-20,51205893;-54,72211993;"SPRF-MS";"DEL01-MS";"UOP03-DEL01-MS"
240713;2019-10-07;"segunda-feira";"00:00:00";"PR";476;126;"CURITIBA";"Falta de Atenção à Condução";"Colisão com objeto estático";"Com Vítimas Feridas";"Plena Noite";"Decrescente";"Nublado";"Múltipla";"Reta";"Sim";1;0;1;0;0;0;1;1;-25,416758;-49,223446;"SPRF-PR";"DEL01-PR";"UOP07-DEL01-PR"
240714;2019-10-06;"domingo";"19:55:00";"MG";262;799,9;"UBERABA";"Desobediência às normas de trânsito pelo condutor";"Colisão frontal";"Com Vítimas Feridas";"Plena Noite";"Decrescente";"Céu Claro";"Simples";"Viaduto";"Sim";3;0;1;0;2;0;1;2;-19,77864246;-47,93629597;"SPRF-MG";"DEL13-MG";"UOP01-DEL13-MG"
240715;2019-10-07;"segunda-feira";"00:20:00";"SC";101;138,7;"BALNEARIO CAMBORIU";"Falta de Atenção à Condução";"Colisão com objeto estático";"Com Vítimas Feridas";"Plena Noite";"Crescente";"Garoa/Chuvisco";"Simples";"Aclive;Curva";"Não";1;0;1;0;0;0;1;1;-27,02397426;-48,60761649;"SPRF-SC";"DEL04-SC";"UOP03-DEL04-SC"
240716;2019-10-07;"segunda-feira";"01:10:00";"RS";116;264;"CANOAS";"Falta de Atenção à Condução";"Colisão lateral";"Sem Vítimas";"Plena Noite";"Crescente";"Ignorado";"Dupla";"Reta";"Sim";5;0;0;0;5;0;0;2;-29,92032119;-51,17814025;"SPRF-RS";"DEL01-RS";"UOP01-DEL01-RS"
240717;2019-10-07;"segunda-feira";"00:20:00";"BA";324;595;"CANDEIAS";"Defeito Mecânico no Veículo";"Incêndio";"Sem Vítimas";"Plena Noite";"Decrescente";"Chuva";"Dupla";"Reta";"Não";1;0;0;0;1;0;0;1;-12,71235341;-38,45524557;"SPRF-BA";"DEL01-BA";"UOP01-DEL01-BA"
240718;2019-10-07;"segunda-feira";"01:10:00";"PB";230;199;"POCINHOS";"Animais na Pista";"Atropelamento de Animal";"Com Vítimas Feridas";"Plena Noite";"Crescente";"Céu Claro";"Simples";"Reta";"Não";5;0;4;1;0;0;5;1;-7,1073;-36,2281;"SPRF-PB";"DEL02-PB";"UOP02-DEL02-PB"
240722;2019-10-07;"segunda-feira";"00:25:00";"MG";116;732,4;"LARANJAL";"Ingestão de Álcool";"Colisão com objeto estático";"Com Vítimas Feridas";"Plena Noite";"Decrescente";"Céu Claro";"Simples";"Reta";"Não";1;0;0;1;0;0;1;1;-21,28972825;-42,41763654;"SPRF-MG";"DEL07-MG";"UOP02-DEL07-MG"
240723;2019-10-07;"segunda-feira";"01:15:00";"PE";232;407,8;"SERRA TALHADA";"Velocidade Incompatível";"Colisão traseira";"Com Vítimas Feridas";"Plena Noite";"Crescente";"Céu Claro";"Simples";"Reta";"Sim";3;0;0;2;0;1;2;2;-7,9854402;-38,27148304;"SPRF-PE";"DEL04-PE";"UOP01-DEL04-PE"
240725;2019-10-07;"segunda-feira";"02:10:00";"RJ";101;278;"TANGUA";"Falta de Atenção do Pedestre";"Colisão transversal";"Com Vítimas Feridas";"Plena Noite";"Decrescente";"Nublado";"Dupla";"Reta";"Não";2;0;0;1;0;1;1;2;-22,74024136;-42,75799897;"SPRF-RJ";"DEL02-RJ";"UOP03-DEL02-RJ"
240727;2019-10-07;"segunda-feira";"03:00:00";"RJ";40;43,7;"PETROPOLIS";"Defeito Mecânico no Veículo";"Incêndio";"Sem Vítimas";"Plena Noite";"Crescente";"Nublado";"Simples";"Reta";"Não";1;0;0;0;0;1;0;1;-22,265139;-43,108506;"SPRF-RJ";"DEL06-RJ";"UOP02-DEL05-RJ"
240729;2019-10-07;"segunda-feira";"03:10:00";"TO";153;498;"PARAISO DO TOCANTINS";"Velocidade Incompatível";"Saída de leito carroçável";"Com Vítimas Feridas";"Plena Noite";"Decrescente";"Céu Claro";"Simples";"Reta";"Sim";1;0;1;0;0;0;1;1;-10,18390502;-48,88017144;"SPRF-TO";"DEL02-TO";"UOP01-DEL01-TO"
240730;2019-10-07;"segunda-feira";"02:03:00";"PR";376;668;"GUARATUBA";"Velocidade Incompatível";"Saída de leito carroçável";"Com Vítimas Feridas";"Plena Noite";"Decrescente";"Chuva";"Múltipla";"Curva";"Não";1;0;1;0;0;0;1;1;-25,864159;-48,937538;"SPRF-PR";"DEL01-PR";"UOP04-DEL01-PR"
240731;2019-10-06;"domingo";"19:30:00";"BA";367;30,8;"PORTO SEGURO";"Ingestão de Álcool";"Colisão traseira";"Com Vítimas Fatais";"Plena Noite";"Decrescente";"Céu Claro";"Simples";"Reta";"Não";3;2;0;0;0;1;0;2;-16,41558116;-39,12658393;"SPRF-BA";"DEL09-BA";"UOP01-DEL09-BA"
240732;2019-10-07;"segunda-feira";"01:00:00";"BA";116;337;"TEOFILANDIA";"Ingestão de Álcool";"Colisão frontal";"Com Vítimas Feridas";"Plena Noite";"Decrescente";"Nublado";"Simples";"Reta";"Sim";2;0;1;0;1;0;1;2;-11,47624586;-38,99386633;"SPRF-BA";"DEL02-BA";"UOP01-DEL02-BA"
240734;2019-10-06;"domingo";"09:35:00";"BA";367;53,8;"PORTO SEGURO";"Animais na Pista";"Atropelamento de Animal";"Sem Vítimas";"Pleno dia";"Decrescente";"Céu Claro";"Simples";"Curva";"Não";2;0;0;0;2;0;0;1;-16,37909975;-39,32439006;"SPRF-BA";"DEL09-BA";"UOP01-DEL09-BA"
240736;2019-10-07;"segunda-feira";"04:15:00";"SC";101;285,8;"IMBITUBA";"Animais na Pista";"Atropelamento de Animal";"Com Vítimas Feridas";"Plena Noite";"Decrescente";"Garoa/Chuvisco";"Dupla";"Curva";"Sim";3;0;3;0;0;0;3;1;-28,24483466;-48,69977474;"SPRF-SC";"DEL02-SC";"UOP03-DEL02-SC"
240737;2019-10-07;"segunda-feira";"04:20:00";"MT";364;216;"RONDONOPOLIS";"Animais na Pista";"Atropelamento de Animal";"Com Vítimas Feridas";"Plena Noite";"Decrescente";"Céu Claro";"Dupla";"Retorno Regulamentado";"Não";1;0;0;1;0;0;1;1;-16,376333;-54,717506;"SPRF-MT";"DEL02-MT";"UOP01-DEL02-MT"
240739;2019-10-07;"segunda-feira";"05:50:00";"PE";101;134;"ESCADA";"Falta de Atenção à Condução";"Colisão transversal";"Com Vítimas Feridas";"Amanhecer";"Decrescente";"Céu Claro";"Múltipla";"Reta";"Sim";2;0;1;0;1;0;1;2;-8,40994907;-35,28708799;"SPRF-PE";"DEL01-PE";"UOP03-DEL01-PE"
240740;2019-10-07;"segunda-feira";"05:20:00";"PR";476;124,9;"CURITIBA";"Desobediência às normas de trânsito pelo condutor";"Tombamento";"Com Vítimas Fatais";"Amanhecer";"Crescente";"Garoa/Chuvisco";"Dupla";"Reta;Interseção de Vias";"Sim";1;1;0;0;0;0;0;1;-25,399845;-49,215855;"SPRF-PR";"DEL01-PR";"UOP07-DEL01-PR"
240741;2019-10-07;"segunda-feira";"04:50:00";"MG";40;768,9;"JUIZ DE FORA";"Condutor Dormindo";"Saída de leito carroçável";"Com Vítimas Feridas";"Plena Noite";"Crescente";"Nevoeiro/Neblina";"Simples";"Reta";"Não";1;0;1;0;0;0;1;1;-21,58240015;-43,46596328;"SPRF-MG";"DEL05-MG";"UOP01-DEL05-MG"
240742;2019-10-07;"segunda-feira";"06:00:00";"PR";376;193;"MARIALVA";"Falta de Atenção à Condução";"Saída de leito carroçável";"Sem Vítimas";"Pleno dia";"Decrescente";"Chuva";"Dupla";"Reta";"Não";1;0;0;0;0;1;0;1;-23,4897419;-51,78941697;"SPRF-PR";"DEL07-PR";"UOP01-DEL09-PR"
240743;2019-10-07;"segunda-feira";"06:05:00";"MG";364;4,2;"PLANURA";"Falta de Atenção à Condução";"Colisão transversal";"Com Vítimas Feridas";"Pleno dia";"Decrescente";"Céu Claro";"Simples";"Reta";"Sim";2;0;1;1;0;0;2;2;-20,13824;-48,702347;"SPRF-MG";"DEL13-MG";"UOP02-DEL13-MG"
240747;2019-10-06;"domingo";"22:00:00";"MG";50;81;"UBERLANDIA";"Velocidade Incompatível";"Saída de leito carroçável";"Com Vítimas Feridas";"Plena Noite";"Decrescente";"Céu Claro";"Dupla";"Reta";"Não";1;0;0;1;0;0;1;1;-18,97109191;-48,21380138;"SPRF-MG";"DEL15-MG";"UOP01-DEL15-MG"