"id";"data_inversa";"dia_semana";"horario";"uf";"br";"km";"municipio";"causa_acidente";"tipo_acidente";"classificacao_acidente";"fase_dia";"sentido_via";"condicao_metereologica";"tipo_pista";"tracado_via";"uso_solo";"pessoas";"mortos";"feridos_leves";"feridos_graves";"ilesos";"ignorados";"feridos";"veiculos";"latitude";"longitude";"regional";"delegacia";"uop"
240748;2019-10-07;"segunda-feira";"06:50:00";"ES";101;148;"LINHARES";"Defeito na Via";"Tombamento";"Com Vítimas Feridas";"Pleno dia";"Decrescente";"Sol";"Múltipla";"Reta";"Sim";1;0;1;0;0;0;1;1;-19,38787399;-40,06752766;"SPRF-ES";"DEL04-ES";"UOP01-DEL04-ES"
240750;2019-10-07;"segunda-feira";"06:10:00";"SP";116;300;"SAO LOURENCO DA SERRA";"Velocidade Incompatível";"Colisão com objeto estático";"Com Vítimas Feridas";"Amanhecer";"Decrescente";"Chuva";"Dupla";"Aclive;Curva";"Não";2;0;1;0;1;0;1;1;-23,80743781;-46,92429369;"SPRF-SP";"DEL04-SP";"UOP01-DEL04-SP"
240751;2019-10-07;"segunda-feira";"06:30:00";"PE";232;9;"RECIFE";"Falta de Atenção à Condução";"Colisão lateral";"Sem Vítimas";"Pleno dia";"Decrescente";"Sol";"Dupla";"Reta";"Sim";2;0;0;0;2;0;0;2;-8,07764447;-34,97863609;"SPRF-PE";"DEL01-PE";"UOP01-DEL01-PE"
240752;2019-10-07;"segunda-feira";"06:50:00";"RN";406;150;"CEARA-MIRIM";"Desobediência às normas de trânsito pelo condutor";"Colisão lateral";"Com Vítimas Feridas";"Pleno dia";"Decrescente";"Céu Claro";"Dupla";"Reta";"Sim";2;0;1;0;1;0;1;2;-5,64974982;-35,43234997;"SPRF-RN";"DEL02-RN";"UOP01-DEL02-RN"
240753;2019-10-07;"segunda-feira";"06:29:00";"GO";40;1,9;"VALPARAISO DE GOIAS";"Desobediência às normas de trânsito pelo condutor";"Colisão transversal";"Com Vítimas Feridas";"Pleno dia";"Crescente";"Céu Claro";"Dupla";"Retorno Regulamentado";"Sim";2;0;0;1;1;0;1;2;-16,058245;-47,982825;"SPRF-DF";"DEL01-DF";"UOP01-DEL01-DF"
240754;2019-10-07;"segunda-feira";"02:15:00";"MT";70;4;"BARRA DO GARCAS";"Condutor Dormindo";"Tombamento";"Com Vítimas Feridas";"Plena Noite";"Decrescente";"Céu Claro";"Dupla";"Reta";"Sim";2;0;1;1;0;0;2;1;-15,87907036;-52,28563311;"SPRF-MT";"DEL07-MT";"UOP01-DEL07-MT"
240755;2019-10-07;"segunda-feira";"06:50:00";"ES";259;72,1;"COLATINA";"Animais na Pista";"Capotamento";"Com Vítimas Feridas";"Pleno dia";"Decrescente";"Céu Claro";"Simples";"Reta";"Não";1;0;0;1;0;0;1;1;-19,50224002;-40,77256198;"SPRF-ES";"DEL02-ES";"UOP01-DEL02-ES"
240757;2019-10-07;"segunda-feira";"06:30:00";"MG";50;26,4;"ARAGUARI";"Condutor Dormindo";"Saída de leito carroçável";"Com Vítimas Feridas";"Amanhecer";"Crescente";"Céu Claro";"Dupla";"Curva";"Não";1;0;1;0;0;0;1;1;-18,61920226;-48,08986187;"SPRF-MG";"DEL15-MG";"UOP02-DEL15-MG"
240758;2019-10-07;"segunda-feira";"07:20:00";"RS";386;443;"CANOAS";"Falta de Atenção à Condução";"Colisão frontal";"Com Vítimas Fatais";"Pleno dia";"Decrescente";"Céu Claro";"Simples";"Reta";"Sim";5;1;3;0;1;0;3;3;-29,889194;-51,213398;"SPRF-RS";"DEL01-RS";"UOP01-DEL01-RS"
240759;2019-10-07;"segunda-feira";"07:00:00";"MG";381;902,1;"CAMBUI";"Condutor Dormindo";"Colisão com objeto estático";"Com Vítimas Feridas";"Pleno dia";"Decrescente";"Nublado";"Dupla";"Curva";"Não";1;0;1;0;0;0;1;1;-22,63792119;-46,0793716;"SPRF-MG";"DEL16-MG";"UOP03-DEL16-MG"
240762;2019-10-07;"segunda-feira";"05:00:00";"SC";282;490,7;"FAXINAL DOS GUEDES";"Ingestão de Álcool";"Colisão frontal";"Com Vítimas Fatais";"Plena Noite";"Crescente";"Céu Claro";"Simples";"Reta";"Não";5;1;2;1;0;1;3;3;-26,874599;-52,282806;"SPRF-SC";"DEL07-SC";"UOP01-DEL07-SC"
240763;2019-10-07;"segunda-feira";"07:50:00";"SC";470;9;"NAVEGANTES";"Desobediência às normas de trânsito pelo condutor";"Colisão frontal";"Com Vítimas Feridas";"Pleno dia";"Decrescente";"Garoa/Chuvisco";"Simples";"Reta";"Sim";3;0;1;1;1;0;2;2;-26,833143;-48,727432;"SPRF-SC";"DEL04-SC";"UOP04-DEL04-SC"
240764;2019-10-07;"segunda-feira";"06:40:00";"MS";158;322,6;"TRES LAGOAS";"Velocidade Incompatível";"Saída de leito carroçável";"Com Vítimas Feridas";"Pleno dia";"Crescente";"Céu Claro";"Simples";"Reta";"Não";2;0;2;0;0;0;2;1;-21,11939191;-51,94700016;"SPRF-MS";"DEL07-MS";"UOP01-DEL07-MS"
240766;2019-10-07;"segunda-feira";"07:50:00";"RN";405;2,9;"MOSSORO";"Desobediência às normas de trânsito pelo condutor";"Colisão lateral";"Com Vítimas Feridas";"Pleno dia";"Decrescente";"Céu Claro";"Dupla";"Reta";"Não";3;0;3;0;0;0;3;2;-5,19282682;-37,37112402;"SPRF-RN";"DEL04-RN";"UOP02-DEL04-RN"
240768;2019-10-07;"segunda-feira";"06:20:00";"RO";364;3,9;"VILHENA";"Desobediência às normas de trânsito pelo condutor";"Colisão transversal";"Com Vítimas Feridas";"Pleno dia";"Decrescente";"Céu Claro";"Simples";"Reta";"Sim";2;0;1;0;1;0;1;2;-12,79711199;-60,08627496;"SPRF-RO";"DEL04-RO";"UOP01-DEL04-RO"
240770;2019-08-26;"segunda-feira";"08:10:00";"PB";230;117,7;"INGA";"Desobediência às normas de trânsito pelo condutor";"Colisão transversal";"Com Vítimas Feridas";"Pleno dia";"Decrescente";"Nublado";"Dupla";"Curva;Aclive;Retorno Regulamentado";"Não";5;0;2;0;3;0;2;2;-7,241603;-35,624863;"SPRF-PB";"DEL02-PB";"UOP01-DEL02-PB"
240771;2019-10-07;"segunda-feira";"08:35:00";"PE";232;129,2;"CARUARU";"Velocidade Incompatível";"Colisão com objeto estático";"Com Vítimas Feridas";"Pleno dia";"Crescente";"Sol";"Dupla";"Curva";"Sim";1;0;1;0;0;0;1;1;-8,30004154;-35,98683357;"SPRF-PE";"DEL02-PE";"UOP03-DEL02-PE"
240772;2019-10-07;"segunda-feira";"06:40:00";"CE";116;5,7;"FORTALEZA";"Falta de Atenção à Condução";"Colisão traseira";"Com Vítimas Feridas";"Pleno dia";"Crescente";"Garoa/Chuvisco";"Múltipla";"Curva";"Sim";5;0;1;0;4;0;1;2;-3,8006839;-38,50604475;"SPRF-CE";"DEL01-CE";"UOP02-DEL01-CE"
240773;2019-09-25;"quarta-feira";"18:00:00";"MG";381;410,2;"NOVA UNIAO";"Falta de Atenção à Condução";"Colisão traseira";"Com Vítimas Feridas";"Plena Noite";"Decrescente";"Garoa/Chuvisco";"Simples";"Reta";"Sim";2;0;0;1;1;0;1;2;-19,72572734;-43,58721586;"SPRF-MG";"DEL01-MG";"UOP01-DEL01-MG"
240775;2019-10-07;"segunda-feira";"07:45:00";"RS";158;109,3;"PALMEIRA DAS MISSOES";"Falta de Atenção à Condução";"Colisão frontal";"Com Vítimas Feridas";"Pleno dia";"Crescente";"Céu Claro";"Simples";"Reta";"Não";4;0;0;4;0;0;4;2;-27,977315;-53,32368;"SPRF-RS";"DEL08-RS";"UOP02-DEL08-RS"
240776;2019-10-07;"segunda-feira";"08:05:00";"SC";282;2,6;"FLORIANOPOLIS";"Desobediência às normas de trânsito pelo condutor";"Colisão lateral";"Com Vítimas Feridas";"Pleno dia";"Decrescente";"Nublado";"Múltipla";"Reta";"Sim";2;0;1;0;1;0;1;2;-27,603289;-48,590416;"SPRF-SC";"DEL01-SC";"UOP01-DEL01-SC"
240778;2019-08-22;"quinta-feira";"06:40:00";"PR";116;115;"CURITIBA";"Falta de Atenção à Condução";"Colisão lateral";"Com Vítimas Feridas";"Pleno dia";"Decrescente";"Céu Claro";"Dupla";"Reta";"Sim";2;0;1;0;1;0;1;2;-25,55953326;-49,26560414;"SPRF-PR";"DEL01-PR";"UOP06-DEL01-PR"
240779;2019-10-07;"segunda-feira";"07:45:00";"MS";163;482,7;"CAMPO GRANDE";"Falta de Atenção à Condução";"Tombamento";"Com Vítimas Feridas";"Pleno dia";"Decrescente";"Chuva";"Simples";"Reta";"Não";1;0;1;0;0;0;1;1;-20,46271123;-54,55411122;"SPRF-MS";"DEL01-MS";"UOP02-DEL01-MS"
240782;2019-10-07;"segunda-feira";"07:45:00";"PR";376;650;"TIJUCAS DO SUL";"Pista Escorregadia";"Capotamento";"Com Vítimas Feridas";"Pleno dia";"Crescente";"Chuva";"Dupla";"Declive;Reta";"Não";1;0;1;0;0;0;1;1;-25,84877688;-49,088974;"SPRF-PR";"DEL01-PR";"UOP04-DEL01-PR"
240783;2019-10-07;"segunda-feira";"06:40:00";"PR";376;406,8;"TIBAGI";"Falta de Atenção à Condução";"Colisão frontal";"Com Vítimas Feridas";"Amanhecer";"Crescente";"Chuva";"Simples";"Curva";"Não";6;0;5;0;1;0;5;2;-24,63926284;-50,629534;"SPRF-PR";"DEL03-PR";"UOP02-DEL03-PR"
240784;2019-10-07;"segunda-feira";"08:35:00";"DF";20;9,6;"BRASILIA";"Falta de Atenção à Condução";"Colisão traseira";"Com Vítimas Feridas";"Pleno dia";"Decrescente";"Sol";"Dupla";"Reta";"Sim";4;0;1;0;3;0;1;2;-15,654671;-47,782917;"SPRF-DF";"DEL02-DF";"UOP01-DEL02-DF"
240785;2019-10-07;"segunda-feira";"08:50:00";"GO";153;503,2;"GOIANIA";"Não guardar distância de segurança";"Colisão traseira";"Com Vítimas Feridas";"Pleno dia";"Crescente";"Céu Claro";"Dupla";"Viaduto;Aclive;Reta";"Sim";2;0;1;0;1;0;1;1;-16,72816324;-49,24206376;"SPRF-GO";"DEL01-GO";"UOP01-DEL01-GO"
240787;2019-10-07;"segunda-feira";"08:35:00";"SE";235;51,6;"ITABAIANA";"Desobediência às normas de trânsito pelo condutor";"Colisão transversal";"Com Vítimas Feridas";"Pleno dia";"Decrescente";"Céu Claro";"Simples";"Reta";"Sim";6;0;4;0;1;1;4;3;-10,700226;-37,431423;"SPRF-SE";"DEL01-SE";"UOP02-DEL01-SE"
240788;2019-10-07;"segunda-feira";"08:30:00";"SP";116;305;"SAO LOURENCO DA SERRA";"Falta de Atenção à Condução";"Capotamento";"Com Vítimas Feridas";"Pleno dia";"Decrescente";"Nevoeiro/Neblina";"Dupla";"Reta";"Não";1;0;1;0;0;0;1;1;-23,84287313;-46,93238591;"SPRF-SP";"DEL04-SP";"UOP01-DEL04-SP"
240789;2019-10-07;"segunda-feira";"07:30:00";"RJ";101;172;"MACAE";"Falta de Atenção à Condução";"Colisão transversal";"Com Vítimas Feridas";"Pleno dia";"Decrescente";"Céu Claro";"Simples";"Reta";"Não";3;0;1;0;2;0;1;2;-22,36746684;-41,94323801;"SPRF-RJ";"DEL02-RJ";"UOP04-DEL08-RJ"
240790;2019-10-07;"segunda-feira";"08:23:00";"RS";116;146,2;"CAXIAS DO SUL";"Não guardar distância de segurança";"Engavetamento";"Com Vítimas Feridas";"Pleno dia";"Decrescente";"Céu Claro";"Dupla";"Reta";"Sim";3;0;1;0;2;0;1;3;-29,14228897;-51,13622202;"SPRF-RS";"DEL05-RS";"UOP01-DEL05-RS"
240791;2019-10-07;"segunda-feira";"09:41:00";"RJ";101;323;"NITEROI";"Condutor Dormindo";"Colisão com objeto estático";"Com Vítimas Feridas";"Pleno dia";"Decrescente";"Nublado";"Dupla";"Reta";"Sim";3;0;2;1;0;0;3;1;-22,87684786;-43,11728689;"SPRF-RJ";"DEL02-RJ";"UOP02-DEL02-RJ"
240792;2019-10-07;"segunda-feira";"09:30:00";"RS";392;116,9;"CANGUCU";"Falta de Atenção à Condução";"Saída de leito carroçável";"Sem Vítimas";"Pleno dia";"Crescente";"Céu Claro";"Simples";"Reta";"Sim";1;0;0;0;1;0;0;1;-31,41716683;-52,66667892;"SPRF-RS";"DEL07-RS";"UOP01-DEL07-RS"
240794;2019-10-07;"segunda-feira";"09:40:00";"PI";343;436,8;"LAGOINHA DO PIAUI";"Ingestão de Álcool";"Colisão transversal";"Com Vítimas Feridas";"Pleno dia";"Decrescente";"Céu Claro";"Simples";"Reta";"Sim";2;0;1;0;1;0;1;2;-5,820244;-42,622307;"SPRF-PI";"DEL01-PI";"UOP02-DEL01-PI"
240795;2019-10-07;"segunda-feira";"10:06:00";"DF";70;9;"BRASILIA";"Falta de Atenção à Condução";"Colisão traseira";"Com Vítimas Feridas";"Pleno dia";"Decrescente";"Céu Claro";"Dupla";"Reta";"Sim";2;0;1;0;1;0;1;2;-15,784615;-48,132023;"SPRF-DF";"DEL01-DF";"UOP02-DEL03-DF"
240796;2019-10-07;"segunda-feira";"09:24:00";"SC";280;50;"GUARAMIRIM";"Falta de Atenção à Condução";"Capotamento";"Com Vítimas Feridas";"Pleno dia";"Decrescente";"Chuva";"Simples";"Reta";"Sim";2;0;1;0;1;0;1;2;-26,4619489;-48,94618404;"SPRF-SC";"DEL03-SC";"UOP03-DEL03-SC"
240797;2019-10-07;"segunda-feira";"10:10:00";"PE";232;4,9;"RECIFE";"Desobediência às normas de trânsito pelo condutor";"Colisão traseira";"Com Vítimas Feridas";"Pleno dia";"Decrescente";"Céu Claro";"Dupla";"Aclive;Viaduto";"Sim";2;0;1;0;0;1;1;2;-8,06768794;-34,94437942;"SPRF-PE";"DEL01-PE";"UOP01-DEL01-PE"
240798;2019-10-07;"segunda-feira";"09:45:00";"SE";235;5;"NOSSA SENHORA DO SOCORRO";"Não guardar distância de segurança";"Colisão traseira";"Com Vítimas Feridas";"Pleno dia";"Crescente";"Céu Claro";"Dupla";"Reta";"Sim";2;0;1;0;1;0;1;2;-10,9041;-37,1278;"SPRF-SE";"DEL01-SE";"UOP01-DEL01-SE"
240799;2019-10-07;"segunda-feira";"07:50:00";"SC";280;32;"ARAQUARI";"Falta de Atenção à Condução";"Engavetamento";"Sem Vítimas";"Pleno dia";"Decrescente";"Chuva";"Simples";"Reta";"Não";6;0;0;0;6;0;0;4;-26,420618;-48,779335;"SPRF-SC";"DEL03-SC";"UOP03-DEL03-SC"
240801;2019-10-07;"segunda-feira";"09:30:00";"PI";230;299;"FLORIANO";"Condutor Dormindo";"Capotamento";"Com Vítimas Feridas";"Pleno dia";"Crescente";"Céu Claro";"Simples";"Reta";"Não";1;0;0;1;0;0;1;1;-6,81967598;-42,92922299;"SPRF-PI";"DEL03-PI";"UOP01-DEL03-PI"
240802;2019-09-20;"sexta-feira";"23:10:00";"RO";364;55;"VILHENA";"Restrição de Visibilidade";"Colisão traseira";"Com Vítimas Fatais";"Plena Noite";"Decrescente";"Céu Claro";"Simples";"Reta";"Não";4;1;0;0;3;0;0;2;-12,52471149;-60,39073511;"SPRF-RO";"DEL04-RO";"UOP01-DEL04-RO"
240803;2019-10-07;"segunda-feira";"10:30:00";"MG";381;318,5;"NOVA ERA";"Velocidade Incompatível";"Colisão frontal";"Com Vítimas Fatais";"Pleno dia";"Decrescente";"Céu Claro";"Simples";"Curva";"Não";6;1;1;0;4;0;1;2;-19,68530873;-42,98260331;"SPRF-MG";"DEL03-MG";"UOP02-DEL03-MG"
240804;2019-10-07;"segunda-feira";"09:40:00";"RN";427;110,6;"CAICO";"Defeito Mecânico no Veículo";"Capotamento";"Com Vítimas Feridas";"Pleno dia";"Decrescente";"Céu Claro";"Simples";"Reta";"Não";5;0;2;3;0;0;5;1;-6,44341734;-37,19220788;"SPRF-RN";"DEL03-RN";"UOP01-DEL03-RN"
240805;2019-10-07;"segunda-feira";"10:50:00";"PR";369;91,5;"CORNELIO PROCOPIO";"Velocidade Incompatível";"Colisão frontal";"Com Vítimas Feridas";"Pleno dia";"Decrescente";"Garoa/Chuvisco";"Simples";"Curva";"Não";2;0;0;2;0;0;2;2;-23,20466856;-50,65516949;"SPRF-PR";"DEL07-PR";"UOP05-DEL07-PR"
240806;2019-10-07;"segunda-feira";"09:20:00";"MG";40;513;"RIBEIRAO DAS NEVES";"Velocidade Incompatível";"Colisão com objeto estático";"Com Vítimas Feridas";"Pleno dia";"Decrescente";"Sol";"Dupla";"Curva;Aclive";"Não";1;0;1;0;0;0;1;1;-19,7970544;-44,1080512;"SPRF-MG";"DEL01-MG";"UOP02-DEL01-MG"
240807;2019-10-07;"segunda-feira";"11:00:00";"PR";376;425;"TIBAGI";"Velocidade Incompatível";"Colisão frontal";"Com Vítimas Feridas";"Pleno dia";"Decrescente";"Chuva";"Simples";"Aclive;Curva";"Não";4;0;2;2;0;0;4;2;-24,7589837;-50,53031553;"SPRF-PR";"DEL03-PR";"UOP02-DEL03-PR"
240809;2019-10-07;"segunda-feira";"10:14:00";"SC";101;203,2;"SAO JOSE";"Velocidade Incompatível";"Tombamento";"Com Vítimas Feridas";"Pleno dia";"Decrescente";"Nublado";"Múltipla";"Curva";"Sim";1;0;0;1;0;0;1;1;-27,5650044;-48,61460082;"SPRF-SC";"DEL01-SC";"UOP01-DEL01-SC"
240811;2019-10-07;"segunda-feira";"06:00:00";"SC";282;582,8;"PINHALZINHO";"Falta de Atenção à Condução";"Saída de leito carroçável";"Com Vítimas Feridas";"Amanhecer";"Crescente";"Nevoeiro/Neblina";"Simples";"Curva;Em Obras";"Não";1;0;0;1;0;0;1;1;-26,8323571;-53,02180052;"SPRF-SC";"DEL07-SC";"UOP02-DEL07-SC"
240812;2019-10-07;"segunda-feira";"11:35:00";"RN";405;1,7;"MOSSORO";"Falta de Atenção à Condução";"Colisão lateral";"Com Vítimas Feridas";"Pleno dia";"Crescente";"Céu Claro";"Dupla";"Reta";"Sim";2;0;0;1;1;0;1;2;-5,19170196;-37,361471;"SPRF-RN";"DEL04-RN";"UOP02-DEL04-RN"
240813;2019-10-07;"segunda-feira";"11:00:00";"TO";153;496,6;"PARAISO DO TOCANTINS";"Ultrapassagem Indevida";"Colisão frontal";"Com Vítimas Feridas";"Pleno dia";"Decrescente";"Céu Claro";"Simples";"Declive";"Sim";5;0;0;1;4;0;1;2;-10,15679116;-48,88263755;"SPRF-TO";"DEL02-TO";"UOP01-DEL01-TO"
240815;2019-10-07;"segunda-feira";"12:05:00";"ES";101;267,8;"SERRA";"Desobediência às normas de trânsito pelo condutor";"Colisão transversal";"Com Vítimas Feridas";"Pleno dia";"Crescente";"Sol";"Múltipla";"Interseção de Vias";"Sim";4;0;4;0;0;0;4;4;-20,20618587;-40,2694416;"SPRF-ES";"DEL02-ES";"UOP01-DEL02-ES"
240817;2019-10-07;"segunda-feira";"07:45:00";"RS";448;21,8;"CANOAS";"Não guardar distância de segurança";"Colisão transversal";"Com Vítimas Feridas";"Pleno dia";"Crescente";"Céu Claro";"Dupla";"Aclive";"Não";2;0;0;1;1;0;1;2;-29,96574;-51,202034;"SPRF-RS";"DEL01-RS";"UOP01-DEL01-RS"
240821;2019-10-07;"segunda-feira";"07:00:00";"RO";364;800;"PORTO VELHO";"Ingestão de Álcool";"Colisão transversal";"Com Vítimas Feridas";"Pleno dia";"Decrescente";"Céu Claro";"Simples";"Reta";"Sim";2;0;1;1;0;0;2;2;-9,25875978;-64,39468395;"SPRF-RO";"DEL01-RO";"UOP02-DEL01-RO"
240823;2019-09-29;"domingo";"17:50:00";"ES";262;0,5;"CARIACICA";"Desobediência às normas de trânsito pelo condutor";"Colisão transversal";"Com Vítimas Feridas";"Anoitecer";"Decrescente";"Garoa/Chuvisco";"Dupla";"Reta";"Sim";3;0;2;0;0;1;2;2;-20,320793;-40,353315;"SPRF-ES";"DEL01-ES";"UOP01-DEL01-ES"
240830;2019-10-07;"segunda-feira";"13:20:00";"RN";101;94,6;"NATAL";"Desobediência às normas de trânsito pelo condutor";"Colisão transversal";"Com Vítimas Feridas";"Pleno dia";"Crescente";"Céu Claro";"Simples";"Reta";"Sim";2;0;1;0;1;0;1;2;-5,83176615;-35,21191342;"SPRF-RN";"DEL01-RN";"UOP01-DEL01-RN"
240831;2019-10-07;"segunda-feira";"13:00:00";"ES";101;269,5;"SERRA";"Falta de Atenção à Condução";"Colisão traseira";"Com Vítimas Feridas";"Pleno dia";"Decrescente";"Céu Claro";"Dupla";"Reta";"Sim";2;0;0;1;1;0;1;2;-20,21740496;-40,26990578;"SPRF-ES";"DEL02-ES";"UOP01-DEL02-ES"
240832;2019-10-07;"segunda-feira";"14:00:00";"PR";376;667;"GUARATUBA";"Falta de Atenção à Condução";"Queda de ocupante de veículo";"Com Vítimas Fatais";"Pleno dia";"Crescente";"Garoa/Chuvisco";"Dupla";"Reta;Declive";"Não";1;1;0;0;0;0;0;1;-25,86649659;-48,94666822;"SPRF-PR";"DEL01-PR";"UOP04-DEL01-PR"
240834;2019-10-07;"segunda-feira";"14:00:00";"GO";153;492;"GOIANIA";"Defeito Mecânico no Veículo";"Queda de ocupante de veículo";"Com Vítimas Feridas";"Pleno dia";"Crescente";"Céu Claro";"Dupla";"Curva";"Sim";2;0;2;0;0;0;2;1;-16,6461;-49,2114;"SPRF-GO";"DEL01-GO";"UOP01-DEL01-GO"
240838;2019-10-07;"segunda-feira";"14:30:00";"MG";116;415,8;"GOVERNADOR VALADARES";"Falta de Atenção à Condução";"Colisão lateral";"Com Vítimas Feridas";"Pleno dia";"Crescente";"Céu Claro";"Simples";"Interseção de Vias";"Sim";2;0;0;1;1;0;1;2;-18,88507162;-41,94720626;"SPRF-MG";"DEL06-MG";"UOP01-DEL06-MG"
240839;2019-10-07;"segunda-feira";"15:00:00";"PE";428;185;"PETROLINA";"Desobediência às normas de trânsito pelo condutor";"Colisão transversal";"Com Vítimas Feridas";"Pleno dia";"Decrescente";"Céu Claro";"Simples";"Interseção de Vias";"Sim";2;0;1;0;1;0;1;2;-9,34009199;-40,47032001;"SPRF-PE";"DEL06-PE";"UOP01-DEL06-PE"
240841;2019-10-07;"segunda-feira";"14:15:00";"DF";60;27,6;"BRASILIA";"Pista Escorregadia";"Saída de leito carroçável";"Com Vítimas Feridas";"Pleno dia";"Crescente";"Chuva";"Dupla";"Curva";"Não";3;0;1;0;2;0;1;1;-16,012222;-48,247662;"SPRF-DF";"DEL01-DF";"UOP01-DEL03-DF"
240844;2019-10-07;"segunda-feira";"15:00:00";"PE";101;113;"IPOJUCA";"Falta de Atenção à Condução";"Saída de leito carroçável";"Com Vítimas Feridas";"Pleno dia";"Decrescente";"Céu Claro";"Dupla";"Curva";"Não";1;0;1;0;0;0;1;1;-8,33107097;-35,12666499;"SPRF-PE";"DEL01-PE";"UOP03-DEL01-PE"
240845;2019-10-07;"segunda-feira";"15:10:00";"MG";40;706,8;"BARBACENA";"Velocidade Incompatível";"Colisão com objeto estático";"Com Vítimas Feridas";"Pleno dia";"Crescente";"Céu Claro";"Dupla";"Curva";"Não";3;0;2;0;1;0;2;1;-21,21920717;-43,73715105;"SPRF-MG";"DEL05-MG";"UOP02-DEL05-MG"
240846;2019-10-07;"segunda-feira";"12:00:00";"AL";104;38;"UNIAO DOS PALMARES";"Falta de Atenção à Condução";"Queda de ocupante de veículo";"Com Vítimas Feridas";"Pleno dia";"Crescente";"Sol";"Simples";"Reta";"Não";1;0;1;0;0;0;1;1;-9,18136996;-36,03557612;"SPRF-AL";"DEL01-AL";"UOP02-DEL01-AL"
240847;2019-10-07;"segunda-feira";"14:00:00";"PB";412;96,8;"SERRA BRANCA";"Ingestão de Álcool";"Saída de leito carroçável";"Com Vítimas Fatais";"Pleno dia";"Decrescente";"Céu Claro";"Simples";"Reta";"Não";1;1;0;0;0;0;0;1;-7,60069112;-36,81148125;"SPRF-PB";"DEL02-PB";"UOP02-DEL02-PB"
240848;2019-10-07;"segunda-feira";"15:10:00";"PE";101;66,8;"RECIFE";"Falta de Atenção à Condução";"Colisão transversal";"Com Vítimas Feridas";"Pleno dia";"Crescente";"Céu Claro";"Dupla";"Reta;Interseção de Vias";"Sim";3;0;1;1;1;0;2;2;-8,03368534;-34,94184125;"SPRF-PE";"DEL01-PE";"UOP01-DEL01-PE"
240849;2019-10-07;"segunda-feira";"15:40:00";"AL";104;91,8;"RIO LARGO";"Desobediência às normas de trânsito pelo condutor";"Colisão lateral";"Sem Vítimas";"Pleno dia";"Decrescente";"Céu Claro";"Dupla";"Reta";"Sim";2;0;0;0;2;0;0;2;-9,50898856;-35,80777135;"SPRF-AL";"DEL01-AL";"UOP01-DEL01-AL"
240851;2019-03-14;"quinta-feira";"21:30:00";"PR";277;701,9;"SAO MIGUEL DO IGUACU";"Ingestão de álcool e/ou substâncias psicoativas pelo pedestre";"Atropelamento de Pedestre";"Com Vítimas Fatais";"Plena Noite";"Crescente";"Céu Claro";"Dupla";"Reta";"Não";2;1;0;0;1;0;0;2;-25,41088329;-54,33648583;"SPRF-PR";"DEL05-PR";"UOP01-DEL05-PR"
240853;2019-10-07;"segunda-feira";"15:20:00";"MG";381;491;"BETIM";"Defeito Mecânico no Veículo";"Incêndio";"Sem Vítimas";"Pleno dia";"Crescente";"Sol";"Dupla";"Reta";"Sim";1;0;0;0;1;0;0;1;-19,97018187;-44,18210416;"SPRF-MG";"DEL01-MG";"UOP03-DEL01-MG"
240854;2019-10-07;"segunda-feira";"15:20:00";"MG";116;425,1;"ALPERCATA";"Animais na Pista";"Atropelamento de Animal";"Com Vítimas Feridas";"Pleno dia";"Crescente";"Sol";"Simples";"Reta";"Não";1;0;1;0;0;0;1;1;-18,96299507;-41,97075176;"SPRF-MG";"DEL06-MG";"UOP01-DEL06-MG"
240856;2019-10-07;"segunda-feira";"16:30:00";"PB";230;28;"JOAO PESSOA";"Avarias e/ou desgaste excessivo no pneu";"Engavetamento";"Com Vítimas Feridas";"Pleno dia";"Crescente";"Céu Claro";"Dupla";"Reta";"Não";3;0;1;0;2;0;1;3;-7,1651;-34,8941;"SPRF-PB";"DEL01-PB";"UOP01-DEL01-PB"
240858;2019-10-07;"segunda-feira";"16:30:00";"MG";40;756;"EWBANK DA CAMARA";"Falta de Atenção à Condução";"Capotamento";"Com Vítimas Feridas";"Pleno dia";"Decrescente";"Céu Claro";"Simples";"Curva";"Não";4;0;3;0;1;0;3;1;-21,49531809;-43,53514132;"SPRF-MG";"DEL05-MG";"UOP01-DEL05-MG"
240861;2019-10-07;"segunda-feira";"16:45:00";"RS";386;330;"MARQUES DE SOUZA";"Não guardar distância de segurança";"Colisão traseira";"Com Vítimas Feridas";"Pleno dia";"Crescente";"Céu Claro";"Simples";"Aclive";"Não";5;0;2;0;3;0;2;3;-29,33564507;-52,08703995;"SPRF-RS";"DEL04-RS";"UOP01-DEL04-RS"
240862;2019-10-07;"segunda-feira";"17:00:00";"SC";470;84,8;"RODEIO";"Falta de Atenção à Condução";"Colisão transversal";"Com Vítimas Feridas";"Pleno dia";"Crescente";"Céu Claro";"Simples";"Reta";"Não";2;0;0;1;1;0;1;2;-26,96137;-49,342415;"SPRF-SC";"DEL04-SC";"UOP01-DEL04-SC"
240865;2019-10-07;"segunda-feira";"17:12:00";"PR";376;168,3;"MARINGA";"Falta de Atenção à Condução";"Capotamento";"Com Vítimas Feridas";"Pleno dia";"Crescente";"Céu Claro";"Dupla";"Reta";"Não";1;0;1;0;0;0;1;1;-23,39619284;-52,00580657;"SPRF-PR";"DEL07-PR";"UOP01-DEL09-PR"
240867;2019-10-07;"segunda-feira";"16:30:00";"SC";101;228,9;"PALHOCA";"Ingestão de Álcool";"Colisão com objeto estático";"Com Vítimas Feridas";"Pleno dia";"Decrescente";"Nublado";"Dupla";"Curva";"Não";1;0;1;0;0;0;1;1;-27,7597249;-48,63078869;"SPRF-SC";"DEL01-SC";"UOP02-DEL01-SC"