"id";"data_inversa";"dia_semana";"horario";"uf";"br";"km";"municipio";"causa_acidente";"tipo_acidente";"classificacao_acidente";"fase_dia";"sentido_via";"condicao_metereologica";"tipo_pista";"tracado_via";"uso_solo";"pessoas";"mortos";"feridos_leves";"feridos_graves";"ilesos";"ignorados";"feridos";"veiculos";"latitude";"longitude";"regional";"delegacia";"uop"
240987;2019-10-08;"terça-feira";"09:35:00";"SC";101;350,2;"JAGUARUNA";"Falta de Atenção à Condução";"Colisão transversal";"Com Vítimas Feridas";"Pleno dia";"Crescente";"Sol";"Simples";"Reta";"Sim";2;0;1;0;1;0;1;2;-28,58988203;-49,04517307;"SPRF-SC";"DEL02-SC";"UOP01-DEL02-SC"
240988;2019-10-08;"terça-feira";"09:30:00";"SP";116;218;"GUARULHOS";"Falta de Atenção à Condução";"Colisão traseira";"Com Vítimas Feridas";"Pleno dia";"Crescente";"Nublado";"Múltipla";"Reta";"Sim";2;0;1;0;1;0;1;2;-23,45773423;-46,48043843;"SPRF-SP";"DEL01-SP";"UOP01-DEL01-SP"
240991;2019-10-06;"domingo";"23:50:00";"PR";163;67,8;"PEROLA DOESTE";"Falta de Atenção à Condução";"Saída de leito carroçável";"Com Vítimas Feridas";"Plena Noite";"Decrescente";"Ignorado";"Simples";"Declive;Reta";"Não";1;0;1;0;0;0;1;1;-25,813042;-53,766595;"SPRF-PR";"DEL02-PR";"UOP02-DEL02-PR"
240992;2019-10-08;"terça-feira";"11:00:00";"GO";60;47,6;"APARECIDA DE GOIANIA";"Falta de Atenção à Condução";"Queda de ocupante de veículo";"Com Vítimas Feridas";"Pleno dia";"Decrescente";"Céu Claro";"Dupla";"Reta";"Sim";2;0;0;1;0;1;1;2;-16,8101;-49,2397;"SPRF-GO";"DEL01-GO";"UOP03-DEL01-GO"
240993;2019-10-08;"terça-feira";"10:45:00";"SC";282;5;"SAO JOSE";"Defeito Mecânico no Veículo";"Tombamento";"Com Vítimas Feridas";"Pleno dia";"Decrescente";"Céu Claro";"Simples";"Curva";"Não";1;0;1;0;0;0;1;1;-27,588425;-48,612919;"SPRF-SC";"DEL01-SC";"UOP01-DEL01-SC"
240994;2019-10-08;"terça-feira";"10:30:00";"RJ";40;123;"DUQUE DE CAXIAS";"Não guardar distância de segurança";"Engavetamento";"Com Vítimas Feridas";"Pleno dia";"Decrescente";"Garoa/Chuvisco";"Simples";"Reta;Viaduto";"Sim";4;0;1;0;3;0;1;4;-22,79907687;-43,29015739;"SPRF-RJ";"DEL01-RJ";"UOP01-DEL01-RJ"
240995;2019-10-08;"terça-feira";"11:10:00";"PR";373;173,2;"PONTA GROSSA";"Falta de Atenção do Pedestre";"Atropelamento de Pedestre";"Com Vítimas Feridas";"Pleno dia";"Crescente";"Céu Claro";"Dupla";"Reta";"Sim";2;0;0;1;1;0;1;2;-25,07938887;-50,20374924;"SPRF-PR";"DEL03-PR";"UOP01-DEL03-PR"
240999;2019-10-08;"terça-feira";"10:30:00";"RJ";101;466;"ANGRA DOS REIS";"Pista Escorregadia";"Queda de ocupante de veículo";"Com Vítimas Feridas";"Pleno dia";"Crescente";"Chuva";"Simples";"Curva";"Não";1;0;1;0;0;0;1;1;-23,01090507;-44,20795621;"SPRF-RJ";"DEL03-RJ";"UOP03-DEL03-RJ"
241002;2019-10-08;"terça-feira";"12:00:00";"CE";20;416;"MARACANAU";"Defeito Mecânico no Veículo";"Colisão traseira";"Com Vítimas Feridas";"Pleno dia";"Crescente";"Céu Claro";"Dupla";"Reta;Em Obras";"Não";4;0;1;1;2;0;2;2;-3,76999035;-38,67006282;"SPRF-CE";"DEL01-CE";"UOP02-DEL01-CE"
241003;2019-10-08;"terça-feira";"11:25:00";"GO";60;128;"GOIANAPOLIS";"Falta de Atenção à Condução";"Colisão traseira";"Com Vítimas Feridas";"Pleno dia";"Crescente";"Nublado";"Dupla";"Reta";"Não";2;0;1;0;1;0;1;2;-16,5498;-49,1518;"SPRF-GO";"DEL01-GO";"UOP01-DEL01-GO"
241005;2019-10-08;"terça-feira";"12:15:00";"PB";101;89;"JOAO PESSOA";"Desobediência às normas de trânsito pelo condutor";"Colisão transversal";"Com Vítimas Feridas";"Pleno dia";"Decrescente";"Sol";"Múltipla";"Reta";"Sim";4;0;3;0;1;0;3;2;-7,1779894;-34,89963081;"SPRF-PB";"DEL01-PB";"UOP01-DEL01-PB"
241006;2019-10-08;"terça-feira";"08:45:00";"GO";452;177;"ITUMBIARA";"Falta de Atenção à Condução";"Queda de ocupante de veículo";"Com Vítimas Feridas";"Pleno dia";"Crescente";"Nublado";"Simples";"Declive";"Não";2;0;0;2;0;0;2;1;-18,35924338;-49,3730033;"SPRF-GO";"DEL03-GO";"UOP02-DEL03-GO"
241007;2019-10-08;"terça-feira";"12:10:00";"PE";101;44;"IGARASSU";"Não guardar distância de segurança";"Colisão traseira";"Com Vítimas Feridas";"Pleno dia";"Crescente";"Céu Claro";"Simples";"Reta";"Sim";2;0;1;0;1;0;1;2;-7,85637001;-34,90842109;"SPRF-PE";"DEL01-PE";"UOP02-DEL01-PE"
241009;2019-10-08;"terça-feira";"12:40:00";"PR";277;258,2;"IRATI";"Ultrapassagem Indevida";"Saída de leito carroçável";"Com Vítimas Feridas";"Pleno dia";"Decrescente";"Céu Claro";"Simples";"Reta";"Não";3;0;3;0;0;0;3;1;-25,43313864;-50,7242749;"SPRF-PR";"DEL03-PR";"UOP02-DEL08-PR"
241011;2019-10-08;"terça-feira";"12:50:00";"PI";343;4;"TERESINA";"Falta de Atenção à Condução";"Colisão traseira";"Sem Vítimas";"Pleno dia";"Crescente";"Céu Claro";"Múltipla";"Ponte";"Sim";2;0;0;0;2;0;0;2;-5,089569;-42,802288;"SPRF-PI";"DEL01-PI";"UOP01-DEL01-PI"
241012;2019-10-08;"terça-feira";"12:00:00";"SP";153;155;"PROMISSAO";"Desobediência às normas de trânsito pelo condutor";"Colisão transversal";"Com Vítimas Feridas";"Pleno dia";"Decrescente";"Nublado";"Simples";"Reta";"Não";2;0;1;0;1;0;1;2;-21,46234302;-49,78272621;"SPRF-SP";"DEL07-SP";"UOP01-DEL07-SP"
241013;2019-10-08;"terça-feira";"12:45:00";"RS";386;33,9;"FREDERICO WESTPHALEN";"Falta de Atenção à Condução";"Colisão transversal";"Com Vítimas Feridas";"Pleno dia";"Crescente";"Céu Claro";"Simples";"Reta";"Sim";2;0;0;1;1;0;1;2;-27,349504;-53,386337;"SPRF-RS";"DEL08-RS";"UOP02-DEL08-RS"
241014;2019-10-08;"terça-feira";"12:30:00";"MT";163;711;"SORRISO";"Pista Escorregadia";"Capotamento";"Sem Vítimas";"Pleno dia";"Crescente";"Garoa/Chuvisco";"Simples";"Reta";"Não";2;0;0;0;2;0;0;1;-12,99608915;-55,88510462;"SPRF-MT";"DEL06-MT";"UOP01-DEL06-MT"
241015;2019-10-08;"terça-feira";"12:00:00";"MT";163;826;"SINOP";"Pista Escorregadia";"Saída de leito carroçável";"Com Vítimas Feridas";"Pleno dia";"Decrescente";"Chuva";"Dupla";"Reta";"Sim";1;0;0;1;0;0;1;1;-12,067608;-55,51749791;"SPRF-MT";"DEL06-MT";"UOP01-DEL06-MT"
241016;2019-10-08;"terça-feira";"13:50:00";"GO";40;22;"LUZIANIA";"Falta de Atenção à Condução";"Capotamento";"Com Vítimas Feridas";"Pleno dia";"Crescente";"Céu Claro";"Dupla";"Reta";"Sim";1;0;1;0;0;0;1;1;-16,227484;-47,914109;"SPRF-DF";"DEL01-DF";"UOP01-DEL01-DF"
241017;2019-10-08;"terça-feira";"13:20:00";"ES";101;146,7;"LINHARES";"Desobediência às normas de trânsito pelo condutor";"Colisão transversal";"Com Vítimas Feridas";"Pleno dia";"Crescente";"Céu Claro";"Dupla";"Reta";"Sim";2;0;2;0;0;0;2;2;-19,36990998;-40,06560718;"SPRF-ES";"DEL04-ES";"UOP01-DEL04-ES"
241018;2019-10-03;"quinta-feira";"00:50:00";"MS";163;248,5;"DOURADOS";"Ingestão de Álcool";"Saída de leito carroçável";"Sem Vítimas";"Plena Noite";"Decrescente";"Céu Claro";"Simples";"Rotatória";"Não";2;0;0;0;2;0;0;1;-22,3190959;-54,81961456;"SPRF-MS";"DEL04-MS";"UOP01-DEL04-MS"
241021;2019-10-08;"terça-feira";"14:10:00";"ES";262;0,4;"CARIACICA";"Carga excessiva e/ou mal acondicionada";"Tombamento";"Com Vítimas Feridas";"Pleno dia";"Crescente";"Sol";"Dupla";"Ponte";"Não";1;0;1;0;0;0;1;1;-20,320793;-40,353315;"SPRF-ES";"DEL01-ES";"UOP01-DEL01-ES"
241024;2019-10-08;"terça-feira";"14:45:00";"RS";116;89,5;"CAMPESTRE DA SERRA";"Falta de Atenção do Pedestre";"Saída de leito carroçável";"Com Vítimas Feridas";"Pleno dia";"Decrescente";"Céu Claro";"Simples";"Curva";"Não";3;0;1;1;1;0;2;2;-28,859407;-51,124808;"SPRF-RS";"DEL05-RS";"UOP03-DEL05-RS"
241026;2019-10-08;"terça-feira";"14:20:00";"ES";262;0,5;"CARIACICA";"Falta de Atenção à Condução";"Colisão lateral";"Com Vítimas Feridas";"Pleno dia";"Crescente";"Sol";"Dupla";"Reta";"Não";3;0;1;0;2;0;1;2;-20,320793;-40,353315;"SPRF-ES";"DEL01-ES";"UOP01-DEL01-ES"
241027;2019-08-29;"quinta-feira";"13:00:00";"MT";163;1040;"PEIXOTO DE AZEVEDO";"Falta de Atenção à Condução";"Colisão transversal";"Com Vítimas Feridas";"Pleno dia";"Crescente";"Céu Claro";"Simples";"Interseção de Vias";"Sim";2;0;1;1;0;0;2;2;-10,161512;-54;"SPRF-MT";"DEL06-MT";"UOP02-DEL06-MT"
241028;2019-10-08;"terça-feira";"15:18:00";"PR";277;82,4;"CURITIBA";"Desobediência às normas de trânsito pelo condutor";"Colisão lateral";"Com Vítimas Feridas";"Pleno dia";"Decrescente";"Nublado";"Dupla";"Reta";"Sim";3;0;1;0;2;0;1;3;-25,568939;-49,181978;"SPRF-PR";"DEL01-PR";"UOP06-DEL01-PR"
241030;2019-10-08;"terça-feira";"12:55:00";"MT";163;711;"SORRISO";"Pista Escorregadia";"Capotamento";"Sem Vítimas";"Pleno dia";"Crescente";"Garoa/Chuvisco";"Simples";"Reta";"Não";1;0;0;0;1;0;0;1;-12,99608915;-55,88510462;"SPRF-MT";"DEL06-MT";"UOP01-DEL06-MT"
241033;2019-09-24;"terça-feira";"12:05:00";"SC";101;333,8;"TUBARAO";"Desobediência às normas de trânsito pelo condutor";"Colisão transversal";"Com Vítimas Feridas";"Pleno dia";"Decrescente";"Sol";"Dupla";"Rotatória";"Sim";2;0;1;0;1;0;1;2;-28,46630107;-48,99653096;"SPRF-SC";"DEL02-SC";"UOP01-DEL02-SC"
241034;2019-10-08;"terça-feira";"15:30:00";"SP";116;229;"SAO PAULO";"Desobediência às normas de trânsito pelo condutor";"Colisão lateral";"Com Vítimas Feridas";"Pleno dia";"Decrescente";"Chuva";"Múltipla";"Reta";"Sim";2;0;1;0;1;0;1;2;-23,51291902;-46,57604698;"SPRF-SP";"DEL01-SP";"UOP01-DEL01-SP"
241037;2019-10-08;"terça-feira";"15:15:00";"SC";470;64;"INDAIAL";"Falta de Atenção à Condução";"Colisão lateral";"Com Vítimas Feridas";"Pleno dia";"Crescente";"Sol";"Simples";"Curva;Em Obras";"Não";2;0;1;0;1;0;1;2;-26,869867;-49,201859;"SPRF-SC";"DEL04-SC";"UOP01-DEL04-SC"
241038;2019-10-08;"terça-feira";"16:15:00";"PR";476;132;"CURITIBA";"Velocidade Incompatível";"Colisão lateral";"Com Vítimas Feridas";"Pleno dia";"Decrescente";"Céu Claro";"Dupla";"Reta";"Sim";3;0;0;1;2;0;1;3;-25,46078002;-49,25023913;"SPRF-PR";"DEL01-PR";"UOP03-DEL01-PR"
241039;2019-10-08;"terça-feira";"15:45:00";"MG";381;478,1;"CONTAGEM";"Mal Súbito";"Colisão traseira";"Com Vítimas Feridas";"Pleno dia";"Crescente";"Nublado";"Dupla";"Reta";"Sim";3;0;1;0;2;0;1;3;-19,95826094;-44,05921101;"SPRF-MG";"N/A";"N/A"
241040;2019-09-12;"quinta-feira";"11:40:00";"MG";381;425;"CAETE";"Falta de Atenção à Condução";"Colisão lateral";"Com Vítimas Feridas";"Pleno dia";"Crescente";"Céu Claro";"Simples";"Reta;Aclive;Em Obras";"Não";2;0;0;1;1;0;1;2;-19,78608797;-43,6689806;"SPRF-MG";"DEL01-MG";"UOP01-DEL01-MG"
241042;2019-10-08;"terça-feira";"11:10:00";"RO";435;123,3;"CEREJEIRAS";"Desobediência às normas de trânsito pelo condutor";"Colisão transversal";"Sem Vítimas";"Pleno dia";"Decrescente";"Céu Claro";"Dupla";"Interseção de Vias";"Sim";2;0;0;0;2;0;0;2;-13,18889171;-60,808424;"SPRF-RO";"DEL04-RO";"UOP02-DEL04-RO"
241043;2019-10-08;"terça-feira";"15:50:00";"PI";316;3;"TERESINA";"Falta de Atenção à Condução";"Colisão lateral";"Com Vítimas Feridas";"Pleno dia";"Crescente";"Céu Claro";"Múltipla";"Reta";"Sim";2;0;1;1;0;0;2;1;-5,12826443;-42,79292384;"SPRF-PI";"DEL01-PI";"UOP02-DEL01-PI"
241044;2019-10-08;"terça-feira";"16:30:00";"MG";365;6,1;"MONTES CLAROS";"Pista Escorregadia";"Queda de ocupante de veículo";"Com Vítimas Feridas";"Pleno dia";"Crescente";"Céu Claro";"Simples";"Curva";"Não";2;0;2;0;0;0;2;1;-16,76417412;-43,88409886;"SPRF-MG";"DEL12-MG";"UOP01-DEL12-MG"
241046;2019-10-08;"terça-feira";"15:30:00";"SC";470;139,9;"RIO DO SUL";"Falta de Atenção à Condução";"Colisão transversal";"Com Vítimas Feridas";"Pleno dia";"Decrescente";"Céu Claro";"Simples";"Interseção de Vias";"Não";2;0;1;0;1;0;1;2;-27,20475087;-49,63878578;"SPRF-SC";"DEL04-SC";"UOP02-DEL04-SC"
241051;2019-10-08;"terça-feira";"17:21:00";"PR";277;0,1;"FOZ DO IGUACU";"Falta de Atenção à Condução";"Colisão transversal";"Com Vítimas Feridas";"Pleno dia";"Crescente";"Céu Claro";"Dupla";"Retorno Regulamentado";"Sim";2;0;1;1;0;0;2;2;-25,50371416;-54,58454132;"SPRF-PR";"DEL05-PR";"UOP03-DEL05-PR"
241052;2019-10-04;"sexta-feira";"19:15:00";"MS";267;464,6;"GUIA LOPES DA LAGUNA";"Animais na Pista";"Atropelamento de Animal";"Sem Vítimas";"Plena Noite";"Decrescente";"Céu Claro";"Simples";"Reta";"Não";1;0;0;0;0;1;0;1;-21,41182053;-55,99931179;"SPRF-MS";"DEL05-MS";"UOP01-DEL05-MS"
241053;2019-10-08;"terça-feira";"17:50:00";"SC";470;42,5;"GASPAR";"Desobediência às normas de trânsito pelo condutor";"Colisão lateral";"Com Vítimas Feridas";"Pleno dia";"Crescente";"Nublado";"Simples";"Curva";"Sim";2;0;1;0;1;0;1;2;-26,875719;-49,003746;"SPRF-SC";"DEL04-SC";"UOP01-DEL04-SC"
241056;2019-10-08;"terça-feira";"15:40:00";"GO";60;174,6;"ABADIA DE GOIAS";"Defeito Mecânico no Veículo";"Tombamento";"Com Vítimas Feridas";"Anoitecer";"Crescente";"Nublado";"Dupla";"Reta";"Sim";2;0;2;0;0;0;2;1;-16,7474;-49,4238;"SPRF-GO";"DEL01-GO";"UOP02-DEL01-GO"
241058;2019-10-08;"terça-feira";"17:40:00";"RJ";116;174;"NOVA IGUACU";"Falta de Atenção à Condução";"Colisão traseira";"Com Vítimas Feridas";"Anoitecer";"Crescente";"Chuva";"Dupla";"Reta";"Sim";4;0;2;0;2;0;2;2;-22,78361928;-43,38573779;"SPRF-RJ";"DEL01-RJ";"UOP02-DEL01-RJ"
241059;2019-10-08;"terça-feira";"12:07:00";"MT";70;682;"CACERES";"Pista Escorregadia";"Capotamento";"Com Vítimas Feridas";"Pleno dia";"Crescente";"Chuva";"Simples";"Reta";"Não";1;0;0;1;0;0;1;1;-16,13398004;-57,32430597;"SPRF-MT";"DEL03-MT";"UOP02-DEL03-MT"
241060;2019-10-08;"terça-feira";"13:10:00";"BA";116;894;"CANDIDO SALES";"Velocidade Incompatível";"Saída de leito carroçável";"Com Vítimas Feridas";"Pleno dia";"Decrescente";"Céu Claro";"Simples";"Reta";"Não";2;0;1;0;1;0;1;1;-15,31745586;-41,1508493;"SPRF-BA";"DEL08-BA";"UOP03-DEL08-BA"
241061;2019-10-08;"terça-feira";"17:30:00";"RJ";356;33;"ITAPERUNA";"Falta de Atenção à Condução";"Colisão transversal";"Com Vítimas Feridas";"Anoitecer";"Crescente";"Céu Claro";"Dupla";"Interseção de Vias";"Sim";2;0;1;0;1;0;1;2;-21,20064919;-41,89855301;"SPRF-RJ";"DEL08-RJ";"UOP03-DEL08-RJ"
241062;2019-10-08;"terça-feira";"18:10:00";"AL";104;31,9;"UNIAO DOS PALMARES";"Desobediência às normas de trânsito pelo condutor";"Colisão traseira";"Com Vítimas Feridas";"Pleno dia";"Crescente";"Céu Claro";"Simples";"Ponte";"Não";1;0;0;1;0;0;1;1;-9,13236074;-36,02734076;"SPRF-AL";"DEL01-AL";"UOP02-DEL01-AL"
241064;2019-10-08;"terça-feira";"16:20:00";"MG";262;583,9;"CAMPOS ALTOS";"Pista Escorregadia";"Saída de leito carroçável";"Com Vítimas Feridas";"Pleno dia";"Decrescente";"Chuva";"Simples";"Curva";"Não";2;0;2;0;0;0;2;1;-19,649634;-46,080652;"SPRF-MG";"DEL08-MG";"UOP02-DEL08-MG"
241065;2019-10-08;"terça-feira";"18:25:00";"PR";476;154;"ARAUCARIA";"Falta de Atenção do Pedestre";"Atropelamento de Pedestre";"Com Vítimas Feridas";"Plena Noite";"Decrescente";"Nublado";"Dupla";"Reta";"Sim";2;0;2;0;0;0;2;2;-25,584223;-49,401379;"SPRF-PR";"DEL01-PR";"UOP06-DEL01-PR"
241066;2019-10-08;"terça-feira";"18:40:00";"MG";40;506;"RIBEIRAO DAS NEVES";"Não guardar distância de segurança";"Colisão traseira";"Com Vítimas Feridas";"Anoitecer";"Decrescente";"Céu Claro";"Dupla";"Retorno Regulamentado";"Não";2;0;1;0;1;0;1;2;-19,74716686;-44,14731173;"SPRF-MG";"DEL02-MG";"UOP01-DEL02-MG"
241067;2019-10-08;"terça-feira";"18:30:00";"PR";277;109,1;"CAMPO LARGO";"Falta de Atenção do Pedestre";"Atropelamento de Pedestre";"Com Vítimas Feridas";"Anoitecer";"Crescente";"Nublado";"Dupla";"Curva";"Sim";2;0;1;0;1;0;1;2;-25,442728;-49,4504;"SPRF-PR";"DEL01-PR";"UOP06-DEL01-PR"
241068;2019-10-08;"terça-feira";"18:40:00";"SC";282;20,4;"PALHOCA";"Falta de Atenção à Condução";"Colisão transversal";"Com Vítimas Feridas";"Plena Noite";"Crescente";"Céu Claro";"Simples";"Reta;Declive";"Sim";2;0;1;0;1;0;1;2;-27,683958;-48,71006;"SPRF-SC";"DEL01-SC";"UOP02-DEL01-SC"
241071;2019-10-08;"terça-feira";"18:40:00";"RJ";393;284,3;"VOLTA REDONDA";"Não guardar distância de segurança";"Engavetamento";"Sem Vítimas";"Plena Noite";"Crescente";"Chuva";"Simples";"Reta";"Sim";8;0;0;0;8;0;0;8;-22,49646014;-44,07096863;"SPRF-RJ";"DEL05-RJ";"UOP04-DEL05-RJ"
241074;2019-10-08;"terça-feira";"19:00:00";"PB";230;17,7;"JOAO PESSOA";"Desobediência às normas de trânsito pelo condutor";"Colisão traseira";"Com Vítimas Feridas";"Plena Noite";"Crescente";"Nublado";"Múltipla";"Retorno Regulamentado";"Sim";2;0;1;0;1;0;1;2;-7,1121;-34,8426;"SPRF-PB";"DEL01-PB";"UOP01-DEL01-PB"
241075;2019-10-08;"terça-feira";"18:20:00";"RR";174;524;"BOA VISTA";"Defeito na Via";"Queda de ocupante de veículo";"Com Vítimas Fatais";"Plena Noite";"Crescente";"Céu Claro";"Simples";"Reta";"Não";4;1;0;0;2;1;0;3;2,9921479;-60,75562567;"SPRF-RR";"DEL01-RR";"UOP01-DEL01-RR"
241076;2019-10-08;"terça-feira";"19:00:00";"GO";60;303,5;"ACREUNA";"Falta de Atenção do Pedestre";"Atropelamento de Pedestre";"Com Vítimas Feridas";"Plena Noite";"Crescente";"Nublado";"Dupla";"Reta";"Sim";2;0;0;1;1;0;1;2;-17,3763;-50,36;"SPRF-GO";"DEL04-GO";"UOP01-DEL04-GO"
241077;2019-10-08;"terça-feira";"19:20:00";"PB";230;136,1;"MASSARANDUBA";"Falta de Atenção à Condução";"Saída de leito carroçável";"Sem Vítimas";"Plena Noite";"Crescente";"Céu Claro";"Dupla";"Reta";"Não";1;0;0;0;1;0;0;1;-7,2818;-35,7675;"SPRF-PB";"DEL02-PB";"UOP01-DEL02-PB"
241078;2019-10-08;"terça-feira";"19:00:00";"SP";116;168,9;"JACAREI";"Falta de Atenção do Pedestre";"Atropelamento de Pedestre";"Com Vítimas Feridas";"Plena Noite";"Decrescente";"Chuva";"Dupla";"Interseção de Vias";"Não";2;0;1;0;0;1;1;2;-23,307652;-46,045128;"SPRF-SP";"DEL02-SP";"UOP01-DEL02-SP"
241079;2019-10-08;"terça-feira";"17:00:00";"SC";282;69;"RANCHO QUEIMADO";"Falta de Atenção à Condução";"Colisão transversal";"Com Vítimas Feridas";"Pleno dia";"Crescente";"Nublado";"Simples";"Curva";"Não";3;0;2;1;0;0;3;2;-27,690144;-49,083813;"SPRF-SC";"DEL01-SC";"UOP03-DEL01-SC"
241080;2019-10-08;"terça-feira";"19:00:00";"RJ";116;142;"DUQUE DE CAXIAS";"Não guardar distância de segurança";"Colisão traseira";"Com Vítimas Feridas";"Plena Noite";"Crescente";"Chuva";"Dupla";"Reta";"Sim";4;0;2;0;2;0;2;2;-22,64876087;-43,23031638;"SPRF-RJ";"DEL01-RJ";"UOP01-DEL01-RJ"
241082;2019-10-08;"terça-feira";"18:20:00";"MS";463;103,9;"PONTA PORA";"Falta de Atenção à Condução";"Tombamento";"Com Vítimas Feridas";"Plena Noite";"Crescente";"Nublado";"Simples";"Reta";"Não";1;0;0;1;0;0;1;1;-22,61219637;-55,64158218;"SPRF-MS";"DEL04-MS";"UOP03-DEL04-MS"
241083;2019-10-08;"terça-feira";"18:30:00";"PR";376;593;"CURITIBA";"Falta de Atenção à Condução";"Colisão transversal";"Sem Vítimas";"Plena Noite";"Crescente";"Nublado";"Dupla";"Reta";"Sim";2;0;0;0;2;0;0;2;-25,47642706;-49,35092413;"SPRF-PR";"DEL01-PR";"UOP06-DEL01-PR"
241084;2019-10-08;"terça-feira";"18:50:00";"RJ";101;462;"ANGRA DOS REIS";"Avarias e/ou desgaste excessivo no pneu";"Colisão transversal";"Com Vítimas Feridas";"Plena Noite";"Crescente";"Chuva";"Simples";"Reta";"Não";3;0;0;1;1;1;1;3;-23,03089095;-44,20580499;"SPRF-RJ";"DEL03-RJ";"UOP03-DEL03-RJ"
241085;2019-10-08;"terça-feira";"17:40:00";"MG";262;33,5;"MANHUACU";"Falta de Atenção à Condução";"Colisão transversal";"Com Vítimas Feridas";"Anoitecer";"Decrescente";"Céu Claro";"Simples";"Aclive";"Não";2;0;1;0;1;0;1;2;-20,25550548;-42,00465315;"SPRF-MG";"DEL06-MG";"UOP03-DEL06-MG"
241086;2019-10-08;"terça-feira";"18:10:00";"MS";163;681;"RIO VERDE DE MATO GROSSO";"Desobediência às normas de trânsito pelo condutor";"Colisão transversal";"Com Vítimas Feridas";"Plena Noite";"Crescente";"Nublado";"Simples";"Reta";"Sim";2;0;1;0;1;0;1;2;-18,91335076;-54,83925998;"SPRF-MS";"DEL06-MS";"UOP02-DEL06-MS"
241088;2019-10-08;"terça-feira";"13:30:00";"BA";235;448,5;"CASA NOVA";"Velocidade Incompatível";"Saída de leito carroçável";"Com Vítimas Feridas";"Pleno dia";"Crescente";"Céu Claro";"Simples";"Declive";"Não";3;0;0;1;0;2;1;2;-9,28246832;-41,43457404;"SPRF-BA";"DEL04-BA";"UOP01-DEL04-BA"
241089;2019-10-08;"terça-feira";"19:40:00";"PR";376;156;"MANDAGUACU";"Falta de Atenção à Condução";"Colisão traseira";"Com Vítimas Feridas";"Plena Noite";"Crescente";"Céu Claro";"Dupla";"Curva";"Não";2;0;1;0;1;0;1;2;-23,3431911;-52,09041624;"SPRF-PR";"DEL07-PR";"UOP01-DEL09-PR"
241090;2019-10-08;"terça-feira";"16:45:00";"MG";381;724;"CARMO DA CACHOEIRA";"Velocidade Incompatível";"Colisão com objeto estático";"Com Vítimas Feridas";"Pleno dia";"Decrescente";"Chuva";"Dupla";"Curva;Declive";"Não";1;0;1;0;0;0;1;1;-21,45637474;-45,2109611;"SPRF-MG";"DEL04-MG";"UOP02-DEL04-MG"
241093;2019-10-08;"terça-feira";"18:25:00";"MG";50;178;"UBERABA";"Falta de Atenção à Condução";"Tombamento";"Com Vítimas Feridas";"Plena Noite";"Crescente";"Nublado";"Dupla";"Reta";"Sim";1;0;1;0;0;0;1;1;-19,77896821;-47,94093599;"SPRF-MG";"DEL13-MG";"UOP01-DEL13-MG"
241094;2019-10-08;"terça-feira";"17:45:00";"ES";101;198;"JOAO NEIVA";"Defeito Mecânico no Veículo";"Queda de ocupante de veículo";"Com Vítimas Feridas";"Anoitecer";"Crescente";"Céu Claro";"Simples";"Curva";"Não";2;0;2;0;0;0;2;1;-19,71699251;-40,34090606;"SPRF-ES";"DEL04-ES";"UOP01-DEL04-ES"
241095;2019-10-08;"terça-feira";"20:10:00";"PR";376;174;"MARINGA";"Desobediência às normas de trânsito pelo condutor";"Colisão lateral";"Com Vítimas Feridas";"Plena Noite";"Decrescente";"Céu Claro";"Dupla";"Interseção de Vias";"Sim";2;0;1;0;1;0;1;2;-23,41430102;-51,94984299;"SPRF-PR";"DEL07-PR";"UOP01-DEL09-PR"
241096;2019-10-08;"terça-feira";"18:40:00";"MG";262;358,5;"BETIM";"Defeito Mecânico no Veículo";"Queda de ocupante de veículo";"Com Vítimas Feridas";"Plena Noite";"Decrescente";"Chuva";"Dupla";"Reta";"Não";1;0;1;0;0;0;1;1;-19,97689814;-44,25825119;"SPRF-MG";"DEL01-MG";"UOP03-DEL01-MG"
241098;2019-10-08;"terça-feira";"18:30:00";"MA";222;672;"ACAILANDIA";"Não guardar distância de segurança";"Colisão traseira";"Com Vítimas Feridas";"Plena Noite";"Decrescente";"Céu Claro";"Simples";"Reta";"Sim";5;0;1;1;2;1;2;3;-4,92508085;-47,43821808;"SPRF-MA";"DEL04-MA";"UOP03-DEL04-MA"
241099;2019-10-08;"terça-feira";"20:48:00";"PR";376;238,3;"APUCARANA";"Desobediência às normas de trânsito pelo condutor";"Colisão frontal";"Com Vítimas Fatais";"Plena Noite";"Decrescente";"Céu Claro";"Simples";"Aclive";"Não";4;1;0;0;3;0;0;2;-23,5821404;-51,45390599;"SPRF-PR";"DEL07-PR";"UOP03-DEL07-PR"
241100;2019-10-08;"terça-feira";"21:10:00";"SC";280;150,5;"MAFRA";"Animais na Pista";"Atropelamento de Animal";"Sem Vítimas";"Plena Noite";"Decrescente";"Céu Claro";"Simples";"Reta";"Não";1;0;0;0;1;0;0;1;-26,233981;-49,689027;"SPRF-SC";"DEL06-SC";"UOP03-DEL06-SC"
241102;2019-10-08;"terça-feira";"20:30:00";"RS";116;264;"CANOAS";"Falta de Atenção à Condução";"Colisão lateral";"Com Vítimas Feridas";"Plena Noite";"Decrescente";"Ignorado";"Dupla";"Reta";"Sim";2;0;1;0;1;0;1;2;-29,914435;-51,17754495;"SPRF-RS";"DEL01-RS";"UOP01-DEL01-RS"