"id";"data_inversa";"dia_semana";"horario";"uf";"br";"km";"municipio";"causa_acidente";"tipo_acidente";"classificacao_acidente";"fase_dia";"sentido_via";"condicao_metereologica";"tipo_pista";"tracado_via";"uso_solo";"pessoas";"mortos";"feridos_leves";"feridos_graves";"ilesos";"ignorados";"feridos";"veiculos";"latitude";"longitude";"regional";"delegacia";"uop"
241104;2019-10-08;"terça-feira";"21:15:00";"SC";282;18,2;"PALHOCA";"Ingestão de Álcool";"Saída de leito carroçável";"Sem Vítimas";"Plena Noite";"Decrescente";"Céu Claro";"Simples";"Reta";"Sim";1;0;0;0;1;0;0;1;-27,672798;-48,694286;"SPRF-SC";"DEL01-SC";"UOP02-DEL01-SC"
241105;2019-09-25;"quarta-feira";"07:30:00";"MG";365;383,8;"PATOS DE MINAS";"Defeito Mecânico no Veículo";"Saída de leito carroçável";"Com Vítimas Feridas";"Pleno dia";"Decrescente";"Nublado";"Simples";"Reta";"Não";2;0;2;0;0;0;2;1;-18,57369416;-46,26045592;"SPRF-MG";"DEL10-MG";"UOP01-DEL10-MG"
241107;2019-10-08;"terça-feira";"20:00:00";"RJ";465;14;"SEROPEDICA";"Falta de Atenção do Pedestre";"Atropelamento de Pedestre";"Com Vítimas Feridas";"Plena Noite";"Crescente";"Chuva";"Simples";"Reta";"Sim";2;0;1;0;1;0;1;2;-22,804979;-43,638828;"SPRF-RJ";"DEL01-RJ";"UOP03-DEL01-RJ"
241108;2019-10-08;"terça-feira";"18:29:00";"BA";101;265;"SANTO ANTONIO DE JESUS";"Falta de Atenção à Condução";"Colisão traseira";"Com Vítimas Feridas";"Plena Noite";"Decrescente";"Céu Claro";"Simples";"Reta";"Sim";2;0;1;0;1;0;1;2;-13,10710514;-39,28471362;"SPRF-BA";"DEL01-BA";"UOP02-DEL01-BA"
241109;2019-10-08;"terça-feira";"22:10:00";"SC";470;34;"GASPAR";"Falta de Atenção à Condução";"Colisão transversal";"Com Vítimas Feridas";"Plena Noite";"Crescente";"Ignorado";"Simples";"Interseção de Vias;Em Obras";"Não";2;0;1;0;1;0;1;2;-26,910646;-48,949341;"SPRF-SC";"DEL04-SC";"UOP01-DEL04-SC"
241111;2019-10-08;"terça-feira";"21:00:00";"BA";20;174;"LUIS EDUARDO MAGALHAES";"Ultrapassagem Indevida";"Colisão frontal";"Com Vítimas Feridas";"Plena Noite";"Crescente";"Céu Claro";"Simples";"Reta";"Não";3;0;2;0;1;0;2;2;-12,42424;-45,87448;"SPRF-BA";"DEL10-BA";"UOP01-DEL10-BA"
241112;2019-10-08;"terça-feira";"19:00:00";"RS";386;253;"SOLEDADE";"Não guardar distância de segurança";"Colisão traseira";"Sem Vítimas";"Plena Noite";"Decrescente";"Céu Claro";"Simples";"Reta";"Não";2;0;0;0;2;0;0;2;-28,843369;-52,449715;"SPRF-RS";"DEL04-RS";"UOP03-DEL04-RS"
241113;2019-10-08;"terça-feira";"21:40:00";"SC";101;67;"ARAQUARI";"Falta de Atenção à Condução";"Saída de leito carroçável";"Com Vítimas Feridas";"Plena Noite";"Decrescente";"Céu Claro";"Múltipla";"Curva";"Não";1;0;1;0;0;0;1;1;-26,48645;-48,73483602;"SPRF-SC";"DEL03-SC";"UOP02-DEL03-SC"
241114;2019-10-08;"terça-feira";"21:20:00";"PR";376;176;"MARINGA";"Falta de Atenção à Condução";"Tombamento";"Com Vítimas Feridas";"Plena Noite";"Decrescente";"Céu Claro";"Dupla";"Reta";"Sim";1;0;1;0;0;0;1;1;-23,41269173;-51,93158327;"SPRF-PR";"DEL07-PR";"UOP01-DEL09-PR"
241115;2019-10-08;"terça-feira";"22:30:00";"PI";343;595;"FLORIANO";"Desobediência às normas de trânsito pelo condutor";"Colisão transversal";"Com Vítimas Feridas";"Plena Noite";"Crescente";"Céu Claro";"Simples";"Reta";"Sim";3;0;2;0;1;0;2;2;-6,797033;-43,046871;"SPRF-PI";"DEL03-PI";"UOP01-DEL03-PI"
241117;2019-10-09;"quarta-feira";"00:00:00";"SP";116;212,5;"GUARULHOS";"Velocidade Incompatível";"Colisão com objeto estático";"Com Vítimas Feridas";"Plena Noite";"Decrescente";"Chuva";"Múltipla";"Declive";"Não";2;0;1;0;1;0;1;1;-23,43608315;-46,42805094;"SPRF-SP";"DEL01-SP";"UOP01-DEL01-SP"
241118;2019-10-08;"terça-feira";"23:40:00";"DF";40;3,4;"BRASILIA";"Falta de Atenção à Condução";"Saída de leito carroçável";"Com Vítimas Feridas";"Plena Noite";"Crescente";"Nublado";"Dupla";"Reta";"Sim";1;0;1;0;0;0;1;1;-16,003145;-47,983944;"SPRF-DF";"DEL01-DF";"UOP01-DEL01-DF"
241120;2019-10-08;"terça-feira";"23:30:00";"RO";364;713;"PORTO VELHO";"Ingestão de Álcool";"Colisão com objeto estático";"Sem Vítimas";"Plena Noite";"Crescente";"Garoa/Chuvisco";"Dupla";"Curva";"Sim";4;0;0;0;2;2;0;3;-8,77331583;-63,87969248;"SPRF-RO";"DEL01-RO";"UOP01-DEL01-RO"
241121;2019-10-09;"quarta-feira";"01:10:00";"PR";376;178;"MARINGA";"Falta de Atenção à Condução";"Colisão lateral";"Com Vítimas Feridas";"Plena Noite";"Crescente";"Céu Claro";"Dupla";"Interseção de Vias";"Sim";4;0;2;0;2;0;2;3;-23,4192146;-51,91293985;"SPRF-PR";"DEL07-PR";"UOP01-DEL09-PR"
241122;2019-10-09;"quarta-feira";"01:40:00";"SP";116;54,8;"LORENA";"Pista Escorregadia";"Colisão com objeto estático";"Sem Vítimas";"Plena Noite";"Decrescente";"Chuva";"Dupla";"Reta";"Não";1;0;0;0;1;0;0;1;-22,75803895;-45,11508003;"SPRF-SP";"DEL08-SP";"UOP01-DEL08-SP"
241123;2019-10-09;"quarta-feira";"00:20:00";"AC";364;121,7;"RIO BRANCO";"Falta de Atenção à Condução";"Saída de leito carroçável";"Com Vítimas Feridas";"Plena Noite";"Decrescente";"Ignorado";"Dupla";"Rotatória";"Sim";3;0;3;0;0;0;3;1;-10,01209268;-67,764365;"SPRF-AC";"DEL01-AC";"UOP01-DEL01-AC"
241124;2019-10-09;"quarta-feira";"03:20:00";"RJ";40;124;"DUQUE DE CAXIAS";"Ingestão de Álcool";"Colisão com objeto estático";"Com Vítimas Feridas";"Plena Noite";"Crescente";"Chuva";"Múltipla";"Reta";"Sim";2;0;1;0;0;1;1;2;-22,807953;-43,289124;"SPRF-RJ";"DEL01-RJ";"UOP01-DEL01-RJ"
241126;2019-10-09;"quarta-feira";"04:30:00";"RJ";116;298,7;"RESENDE";"Falta de Atenção à Condução";"Colisão com objeto estático";"Com Vítimas Feridas";"Plena Noite";"Crescente";"Chuva";"Dupla";"Reta";"Não";1;0;1;0;0;0;1;1;-22,45083254;-44,33823701;"SPRF-RJ";"DEL07-RJ";"DEL5/7-UOP03/RJ"
241127;2019-10-09;"quarta-feira";"02:30:00";"MS";262;526,5;"AQUIDAUANA";"Ingestão de Álcool";"Saída de leito carroçável";"Sem Vítimas";"Plena Noite";"Crescente";"Céu Claro";"Simples";"Aclive";"Não";1;0;0;0;1;0;0;1;-20,37369756;-56,11554559;"SPRF-MS";"DEL03-MS";"UOP01-DEL03-MS"
241129;2019-10-09;"quarta-feira";"02:20:00";"MS";262;416;"TERENOS";"Velocidade Incompatível";"Colisão com objeto estático";"Sem Vítimas";"Plena Noite";"Crescente";"Céu Claro";"Simples";"Reta";"Não";1;0;0;0;0;1;0;1;-20,45201;-55,170357;"SPRF-MS";"DEL01-MS";"UOP03-DEL01-MS"
241132;2019-10-05;"sábado";"06:50:00";"SC";282;554,8;"NOVA ITABERABA";"Ingestão de Álcool";"Saída de leito carroçável";"Com Vítimas Feridas";"Amanhecer";"Decrescente";"Céu Claro";"Simples";"Interseção de Vias";"Não";1;0;0;1;0;0;1;1;-26,936268;-52,800812;"SPRF-SC";"DEL07-SC";"UOP01-DEL07-SC"
241136;2019-10-09;"quarta-feira";"05:55:00";"GO";40;3;"VALPARAISO DE GOIAS";"Falta de Atenção à Condução";"Tombamento";"Com Vítimas Feridas";"Amanhecer";"Decrescente";"Céu Claro";"Dupla";"Reta";"Sim";1;0;1;0;0;0;1;1;-16,076081;-47,985671;"SPRF-DF";"DEL01-DF";"UOP01-DEL01-DF"
241137;2019-10-09;"quarta-feira";"06:00:00";"RS";116;1;"PORTO ALEGRE";"Velocidade Incompatível";"Colisão com objeto estático";"Com Vítimas Feridas";"Pleno dia";"Decrescente";"Céu Claro";"Simples";"Curva";"Sim";1;0;1;0;0;0;1;1;-29,97330236;-51,17682199;"SPRF-RS";"DEL05-RS";"UOP03-DEL05-RS"
241139;2019-10-09;"quarta-feira";"06:30:00";"DF";70;11,7;"BRASILIA";"Falta de Atenção à Condução";"Colisão traseira";"Com Vítimas Feridas";"Pleno dia";"Decrescente";"Céu Claro";"Dupla";"Reta";"Sim";4;0;1;0;3;0;1;3;-15,78930092;-48,14732552;"SPRF-DF";"DEL01-DF";"UOP02-DEL03-DF"
241140;2019-10-05;"sábado";"18:40:00";"SC";101;211;"PALHOCA";"Mal Súbito";"Queda de ocupante de veículo";"Com Vítimas Feridas";"Anoitecer";"Decrescente";"Céu Claro";"Múltipla";"Reta";"Não";1;0;1;0;0;0;1;1;-27,62329313;-48,65245588;"SPRF-SC";"DEL01-SC";"UOP02-DEL01-SC"
241141;2019-10-09;"quarta-feira";"07:10:00";"SC";470;133;"RIO DO SUL";"Falta de Atenção à Condução";"Colisão traseira";"Com Vítimas Feridas";"Pleno dia";"Crescente";"Céu Claro";"Simples";"Reta";"Não";2;0;1;0;1;0;1;2;-27,174187;-49,588497;"SPRF-SC";"DEL04-SC";"UOP02-DEL04-SC"
241142;2019-10-09;"quarta-feira";"07:30:00";"ES";101;146,2;"LINHARES";"Desobediência às normas de trânsito pelo condutor";"Tombamento";"Com Vítimas Feridas";"Pleno dia";"Crescente";"Céu Claro";"Simples";"Reta";"Sim";1;0;0;1;0;0;1;1;-19,36089598;-40,06464018;"SPRF-ES";"DEL04-ES";"UOP01-DEL04-ES"
241144;2019-10-09;"quarta-feira";"06:40:00";"SP";381;76;"SAO PAULO";"Defeito Mecânico no Veículo";"Colisão com objeto estático";"Com Vítimas Feridas";"Pleno dia";"Crescente";"Garoa/Chuvisco";"Dupla";"Curva";"Não";1;0;1;0;0;0;1;1;-23,38372401;-46,56502116;"SPRF-SP";"DEL03-SP";"UOP01-DEL03-SP"
241146;2019-10-09;"quarta-feira";"06:50:00";"SP";116;37,9;"CACHOEIRA PAULISTA";"Falta de Atenção à Condução";"Colisão com objeto estático";"Com Vítimas Fatais";"Amanhecer";"Crescente";"Chuva";"Simples";"Rotatória";"Não";1;1;0;0;0;0;0;1;-22,67026579;-44,99183604;"SPRF-SP";"DEL08-SP";"UOP02-DEL08-SP"
241147;2019-10-09;"quarta-feira";"06:55:00";"BA";101;716;"EUNAPOLIS";"Desobediência às normas de trânsito pelo condutor";"Colisão transversal";"Com Vítimas Feridas";"Pleno dia";"Crescente";"Céu Claro";"Múltipla";"Aclive;Interseção de Vias";"Sim";2;0;1;0;1;0;1;2;-16,34750573;-39,58055377;"SPRF-BA";"DEL09-BA";"UOP01-DEL09-BA"
241148;2019-10-09;"quarta-feira";"07:15:00";"RJ";116;75;"TERESOPOLIS";"Pista Escorregadia";"Colisão com objeto estático";"Com Vítimas Feridas";"Amanhecer";"Crescente";"Chuva";"Simples";"Curva";"Não";1;0;1;0;0;0;1;1;-22,3617791;-42,94152556;"SPRF-RJ";"DEL04-RJ";"UOP01-DEL04-RJ"
241149;2019-10-09;"quarta-feira";"06:50:00";"RO";364;235,8;"CACOAL";"Falta de Atenção à Condução";"Colisão transversal";"Com Vítimas Feridas";"Pleno dia";"Crescente";"Sol";"Simples";"Interseção de Vias;Reta";"Sim";2;0;1;0;1;0;1;2;-11,446102;-61,436138;"SPRF-RO";"DEL02-RO";"UOP02-DEL02-RO"
241151;2019-10-09;"quarta-feira";"07:00:00";"MS";262;323;"CAMPO GRANDE";"Defeito Mecânico no Veículo";"Tombamento";"Com Vítimas Feridas";"Pleno dia";"Decrescente";"Céu Claro";"Simples";"Reta";"Não";2;0;1;0;1;0;1;1;-20,46901688;-54,506023;"SPRF-MS";"DEL01-MS";"UOP01-DEL01-MS"
241152;2019-10-09;"quarta-feira";"08:05:00";"SP";381;81,8;"SAO PAULO";"Objeto estático sobre o leito carroçável";"Colisão traseira";"Com Vítimas Feridas";"Pleno dia";"Crescente";"Garoa/Chuvisco";"Dupla";"Reta";"Não";2;0;1;0;0;1;1;2;-23,41704481;-46,58022057;"SPRF-SP";"DEL03-SP";"UOP01-DEL03-SP"
241154;2019-10-09;"quarta-feira";"07:50:00";"PB";101;84;"BAYEUX";"Defeito Mecânico no Veículo";"Tombamento";"Sem Vítimas";"Pleno dia";"Crescente";"Céu Claro";"Dupla";"Reta";"Sim";1;0;0;0;1;0;0;1;-7,13957906;-34,92312806;"SPRF-PB";"DEL01-PB";"UOP01-DEL01-PB"
241156;2019-10-09;"quarta-feira";"08:30:00";"SP";116;215;"GUARULHOS";"Desobediência às normas de trânsito pelo condutor";"Colisão com objeto estático";"Com Vítimas Feridas";"Pleno dia";"Crescente";"Garoa/Chuvisco";"Múltipla";"Reta";"Sim";3;0;2;0;1;0;2;1;-23,44695693;-46,45394103;"SPRF-SP";"DEL01-SP";"UOP01-DEL01-SP"
241157;2019-10-09;"quarta-feira";"08:00:00";"RJ";116;79;"TERESOPOLIS";"Fenômenos da Natureza";"Tombamento";"Com Vítimas Feridas";"Pleno dia";"Decrescente";"Chuva";"Simples";"Reta";"Não";1;0;1;0;0;0;1;1;-22,381704;-42,954777;"SPRF-RJ";"DEL04-RJ";"UOP01-DEL04-RJ"
241158;2019-10-09;"quarta-feira";"07:40:00";"MG";116;415;"GOVERNADOR VALADARES";"Falta de Atenção à Condução";"Colisão traseira";"Com Vítimas Feridas";"Pleno dia";"Decrescente";"Céu Claro";"Simples";"Reta";"Sim";3;0;2;0;1;0;2;2;-18,88401297;-41,94924399;"SPRF-MG";"DEL06-MG";"UOP01-DEL06-MG"
241160;2019-10-09;"quarta-feira";"07:45:00";"ES";101;269;"SERRA";"Falta de Atenção à Condução";"Atropelamento de Pedestre";"Com Vítimas Feridas";"Pleno dia";"Crescente";"Garoa/Chuvisco";"Múltipla";"Reta";"Sim";3;0;0;1;0;2;1;3;-20,21740496;-40,26990578;"SPRF-ES";"DEL02-ES";"UOP01-DEL02-ES"
241161;2019-10-04;"sexta-feira";"17:30:00";"SC";101;333;"TUBARAO";"Falta de Atenção à Condução";"Colisão transversal";"Com Vítimas Feridas";"Pleno dia";"Decrescente";"Céu Claro";"Múltipla";"Interseção de Vias";"Sim";2;0;0;1;1;0;1;2;-28,4680028;-49,00155544;"SPRF-SC";"DEL02-SC";"UOP01-DEL02-SC"
241164;2019-10-09;"quarta-feira";"07:00:00";"MG";381;940,9;"EXTREMA";"Velocidade Incompatível";"Capotamento";"Com Vítimas Feridas";"Pleno dia";"Crescente";"Chuva";"Dupla";"Reta";"Sim";1;0;1;0;0;0;1;1;-22,85421396;-46,33740277;"SPRF-MG";"DEL16-MG";"UOP03-DEL16-MG"
241166;2019-09-08;"domingo";"20:00:00";"PR";376;3;"SAO JOSE DOS PINHAIS";"Desobediência às normas de trânsito pelo condutor";"Colisão lateral";"Com Vítimas Feridas";"Plena Noite";"Crescente";"Ignorado";"Dupla";"Reta";"Sim";2;0;1;0;1;0;1;2;-25,5307;-49,1958;"SPRF-PR";"DEL01-PR";"UOP01-DEL01-PR"
241167;2019-10-09;"quarta-feira";"09:30:00";"PE";101;50,7;"ABREU E LIMA";"Desobediência às normas de trânsito pelo condutor";"Colisão traseira";"Com Vítimas Feridas";"Pleno dia";"Crescente";"Céu Claro";"Múltipla";"Reta";"Sim";2;0;1;0;1;0;1;2;-7,90938602;-34,90123228;"SPRF-PE";"DEL01-PE";"UOP02-DEL01-PE"
241168;2019-10-09;"quarta-feira";"09:20:00";"PE";428;183,5;"PETROLINA";"Ultrapassagem Indevida";"Colisão lateral";"Com Vítimas Feridas";"Pleno dia";"Crescente";"Céu Claro";"Simples";"Reta";"Sim";2;0;1;0;1;0;1;2;-9,32412987;-40,46211325;"SPRF-PE";"DEL06-PE";"UOP01-DEL06-PE"
241169;2019-10-09;"quarta-feira";"09:30:00";"RJ";101;331;"RIO DE JANEIRO";"Avarias e/ou desgaste excessivo no pneu";"Colisão lateral";"Com Vítimas Feridas";"Pleno dia";"Crescente";"Chuva";"Dupla";"Reta";"Não";4;0;1;0;3;0;1;4;-22,867662;-43,195337;"SPRF-RJ";"DEL02-RJ";"UOP02-DEL02-RJ"
241173;2019-10-09;"quarta-feira";"09:30:00";"MA";230;3;"BARAO DE GRAJAU";"Desobediência às normas de trânsito pelo condutor";"Colisão lateral";"Com Vítimas Feridas";"Pleno dia";"Crescente";"Céu Claro";"Simples";"Reta";"Sim";3;0;1;0;2;0;1;2;-6,75432567;-43,02608728;"SPRF-PI";"DEL03-PI";"UOP01-DEL03-PI"
241176;2019-09-23;"segunda-feira";"08:00:00";"MG";116;683;"MIRADOURO";"Fenômenos da Natureza";"Saída de leito carroçável";"Com Vítimas Feridas";"Pleno dia";"Crescente";"Chuva";"Simples";"Curva";"Não";4;0;2;0;2;0;2;1;-20,943119;-42,344036;"SPRF-MG";"DEL07-MG";"UOP02-DEL07-MG"
241177;2019-09-11;"quarta-feira";"07:15:00";"PR";116;115;"CURITIBA";"Falta de Atenção à Condução";"Colisão lateral";"Com Vítimas Feridas";"Pleno dia";"Decrescente";"Céu Claro";"Dupla";"Reta";"Sim";2;0;1;0;1;0;1;2;-25,54608845;-49,30358022;"SPRF-PR";"DEL01-PR";"UOP06-DEL01-PR"
241179;2019-10-09;"quarta-feira";"09:45:00";"SC";101;207,3;"SAO JOSE";"Falta de Atenção à Condução";"Colisão traseira";"Com Vítimas Feridas";"Pleno dia";"Decrescente";"Sol";"Dupla";"Declive;Reta";"Sim";2;0;1;0;1;0;1;2;-27,60001226;-48,6226467;"SPRF-SC";"DEL01-SC";"UOP01-DEL01-SC"
241182;2019-10-09;"quarta-feira";"07:50:00";"AC";364;128;"RIO BRANCO";"Falta de Atenção à Condução";"Colisão transversal";"Com Vítimas Feridas";"Pleno dia";"Crescente";"Céu Claro";"Simples";"Reta";"Não";2;0;1;0;1;0;1;2;-10,02644375;-67,8206882;"SPRF-AC";"DEL01-AC";"UOP01-DEL01-AC"
241183;2019-10-09;"quarta-feira";"10:15:00";"GO";60;31;"ALEXANIA";"Falta de Atenção à Condução";"Atropelamento de Pedestre";"Com Vítimas Feridas";"Pleno dia";"Crescente";"Céu Claro";"Dupla";"Reta";"Sim";2;0;1;0;0;1;1;2;-16,09035135;-48,49914551;"SPRF-DF";"DEL01-DF";"UOP01-DEL03-DF"
241184;2019-10-09;"quarta-feira";"10:00:00";"CE";222;1,8;"FORTALEZA";"Falta de Atenção do Pedestre";"Atropelamento de Pedestre";"Com Vítimas Fatais";"Pleno dia";"Decrescente";"Céu Claro";"Múltipla";"Reta;Declive";"Sim";3;1;1;0;1;0;1;3;-3,7383186;-38,5846251;"SPRF-CE";"DEL01-CE";"UOP01-DEL01-CE"
241185;2019-09-05;"quinta-feira";"06:40:00";"PE";101;94,9;"CABO DE SANTO AGOSTINHO";"Falta de Atenção à Condução";"Colisão lateral";"Com Vítimas Feridas";"Pleno dia";"Crescente";"Céu Claro";"Dupla";"Reta";"Não";2;0;1;0;1;0;1;2;-8,257524;-35,011851;"SPRF-PE";"DEL01-PE";"UOP03-DEL01-PE"
241187;2019-10-09;"quarta-feira";"10:20:00";"RJ";40;50,9;"PETROPOLIS";"Pista Escorregadia";"Saída de leito carroçável";"Com Vítimas Feridas";"Pleno dia";"Crescente";"Chuva";"Dupla";"Curva";"Não";1;0;1;0;0;0;1;1;-22,32627379;-43,13277483;"SPRF-RJ";"DEL06-RJ";"UOP01-DEL06-RJ"
241189;2019-09-19;"quinta-feira";"20:35:00";"PR";476;136,7;"CURITIBA";"Falta de Atenção à Condução";"Tombamento";"Com Vítimas Feridas";"Plena Noite";"Crescente";"Nublado";"Múltipla";"Interseção de Vias";"Sim";2;0;1;0;1;0;1;2;-25,4970167;-49,27575633;"SPRF-PR";"DEL01-PR";"UOP03-DEL01-PR"
241190;2019-10-09;"quarta-feira";"09:00:00";"ES";101;256;"SERRA";"Desobediência às normas de trânsito pelo condutor";"Queda de ocupante de veículo";"Com Vítimas Feridas";"Pleno dia";"Crescente";"Céu Claro";"Simples";"Aclive";"Sim";1;0;1;0;0;0;1;1;-20,119123;-40,311005;"SPRF-ES";"DEL02-ES";"UOP01-DEL02-ES"
241191;2019-10-09;"quarta-feira";"09:10:00";"RO";364;14;"VILHENA";"Falta de Atenção à Condução";"Colisão transversal";"Com Vítimas Feridas";"Pleno dia";"Decrescente";"Céu Claro";"Dupla";"Reta";"Não";2;0;1;0;1;0;1;2;-12,73898138;-60,13911417;"SPRF-RO";"DEL04-RO";"UOP01-DEL04-RO"
241192;2019-10-09;"quarta-feira";"10:10:00";"DF";40;2;"BRASILIA";"Falta de Atenção à Condução";"Colisão traseira";"Com Vítimas Feridas";"Pleno dia";"Decrescente";"Sol";"Dupla";"Reta";"Sim";2;0;1;0;1;0;1;2;-15,99435;-47,985947;"SPRF-DF";"DEL01-DF";"UOP01-DEL01-DF"
241193;2019-10-09;"quarta-feira";"10:50:00";"AL";101;50,2;"FLEXEIRAS";"Objeto estático sobre o leito carroçável";"Colisão com objeto estático";"Com Vítimas Feridas";"Pleno dia";"Crescente";"Céu Claro";"Dupla";"Curva";"Não";2;0;2;0;0;0;2;1;-9,23626636;-35,76617122;"SPRF-AL";"DEL01-AL";"UOP02-DEL01-AL"
241195;2019-09-08;"domingo";"05:20:00";"PR";277;592,5;"CASCAVEL";"Ingestão de Álcool";"Colisão frontal";"Com Vítimas Feridas";"Plena Noite";"Crescente";"Céu Claro";"Simples";"Curva";"Sim";3;0;2;0;1;0;2;2;-24,98285697;-53,47319399;"SPRF-PR";"DEL04-PR";"UOP01-DEL04-PR"
241196;2019-10-09;"quarta-feira";"09:40:00";"SC";470;71,6;"INDAIAL";"Pista Escorregadia";"Tombamento";"Com Vítimas Feridas";"Pleno dia";"Crescente";"Sol";"Simples";"Reta";"Não";1;0;1;0;0;0;1;1;-26,895243;-49,262104;"SPRF-SC";"DEL04-SC";"UOP01-DEL04-SC"
241197;2019-10-09;"quarta-feira";"11:00:00";"ES";482;96;"ALEGRE";"Pista Escorregadia";"Capotamento";"Com Vítimas Feridas";"Pleno dia";"Crescente";"Chuva";"Simples";"Reta";"Não";1;0;1;0;0;0;1;1;-20,76917066;-41,59862516;"SPRF-ES";"DEL03-ES";"UOP02-DEL03-ES"
241198;2019-10-09;"quarta-feira";"11:45:00";"PE";101;45,8;"IGARASSU";"Falta de Atenção do Pedestre";"Atropelamento de Pedestre";"Com Vítimas Feridas";"Pleno dia";"Crescente";"Céu Claro";"Múltipla";"Reta";"Sim";2;0;0;1;1;0;1;2;-7,86521297;-34,90715176;"SPRF-PE";"DEL01-PE";"UOP02-DEL01-PE"
241199;2019-10-09;"quarta-feira";"11:20:00";"SC";101;205,3;"SAO JOSE";"Falta de Atenção à Condução";"Colisão lateral";"Com Vítimas Feridas";"Pleno dia";"Decrescente";"Céu Claro";"Múltipla";"Interseção de Vias";"Sim";2;0;1;0;1;0;1;2;-27,58454012;-48,61547465;"SPRF-SC";"DEL01-SC";"UOP01-DEL01-SC"
241200;2019-10-09;"quarta-feira";"11:10:00";"RJ";40;77;"PETROPOLIS";"Falta de Atenção à Condução";"Capotamento";"Sem Vítimas";"Pleno dia";"Crescente";"Chuva";"Simples";"Curva";"Não";3;0;0;0;3;0;0;1;-22,48005592;-43,23543994;"SPRF-RJ";"DEL06-RJ";"UOP01-DEL06-RJ"
241201;2019-07-27;"sábado";"16:00:00";"AC";317;349,9;"BRASILEIA";"Condutor Dormindo";"Saída de leito carroçável";"Com Vítimas Fatais";"Pleno dia";"Decrescente";"Céu Claro";"Simples";"Reta";"Não";5;2;0;3;0;0;3;1;-10,85065103;-69,10319201;"SPRF-AC";"DEL01-AC";"UOP02-DEL01-AC"
241202;2019-10-09;"quarta-feira";"10:15:00";"RS";290;646;"URUGUAIANA";"Falta de Atenção à Condução";"Saída de leito carroçável";"Com Vítimas Feridas";"Pleno dia";"Decrescente";"Céu Claro";"Simples";"Reta";"Não";1;0;1;0;0;0;1;1;-30,014561;-56,379185;"SPRF-RS";"DEL13-RS";"UOP02-DEL13-RS"
241203;2019-10-09;"quarta-feira";"11:50:00";"PR";277;411,6;"CANDOI";"Falta de Atenção à Condução";"Colisão frontal";"Com Vítimas Feridas";"Pleno dia";"Decrescente";"Céu Claro";"Simples";"Curva";"Não";2;0;1;0;1;0;1;2;-25,4170532;-52,0473654;"SPRF-PR";"DEL04-PR";"UOP02-DEL04-PR"
241204;2019-10-09;"quarta-feira";"09:45:00";"SP";381;73;"SAO PAULO";"Falta de Atenção à Condução";"Colisão com objeto estático";"Com Vítimas Feridas";"Pleno dia";"Crescente";"Garoa/Chuvisco";"Dupla";"Curva";"Não";2;0;1;0;1;0;1;1;-23,36553404;-46,55253934;"SPRF-SP";"DEL03-SP";"UOP01-DEL03-SP"
241205;2019-10-09;"quarta-feira";"11:45:00";"RJ";393;281;"BARRA DO PIRAI";"Desobediência às normas de trânsito pelo condutor";"Colisão transversal";"Com Vítimas Feridas";"Pleno dia";"Decrescente";"Chuva";"Simples";"Interseção de Vias";"Não";2;0;1;0;1;0;1;2;-22,48025569;-44,02974901;"SPRF-RJ";"DEL05-RJ";"UOP04-DEL05-RJ"
241206;2019-10-09;"quarta-feira";"11:44:00";"RJ";116;176;"NOVA IGUACU";"Não guardar distância de segurança";"Colisão traseira";"Com Vítimas Feridas";"Pleno dia";"Crescente";"Céu Claro";"Dupla";"Reta";"Sim";3;0;1;0;2;0;1;2;-22,7839538;-43,38195488;"SPRF-RJ";"DEL01-RJ";"UOP02-DEL01-RJ"
241208;2019-10-09;"quarta-feira";"12:30:00";"SP";116;160;"JACAREI";"Animais na Pista";"Atropelamento de Animal";"Com Vítimas Feridas";"Pleno dia";"Decrescente";"Nublado";"Dupla";"Reta";"Sim";1;0;1;0;0;0;1;1;-23,27101606;-45,96787896;"SPRF-SP";"DEL02-SP";"UOP01-DEL02-SP"
241213;2019-02-10;"domingo";"00:25:00";"AL";104;32;"UNIAO DOS PALMARES";"Desobediência às normas de trânsito pelo condutor";"Colisão lateral";"Com Vítimas Feridas";"Plena Noite";"Decrescente";"Céu Claro";"Simples";"Ponte";"Não";3;0;2;0;1;0;2;2;-9,13516356;-36,02422893;"SPRF-AL";"DEL01-AL";"UOP02-DEL01-AL"
241214;2019-10-09;"quarta-feira";"13:55:00";"PR";277;650,9;"MATELANDIA";"Desobediência às normas de trânsito pelo condutor";"Colisão transversal";"Com Vítimas Feridas";"Pleno dia";"Crescente";"Céu Claro";"Simples";"Reta";"Sim";2;0;1;0;1;0;1;2;-25,1967;-53,94285;"SPRF-PR";"DEL05-PR";"UOP02-DEL05-PR"
241215;2019-10-09;"quarta-feira";"09:50:00";"CE";116;16;"FORTALEZA";"Falta de Atenção à Condução";"Colisão transversal";"Com Vítimas Feridas";"Pleno dia";"Decrescente";"Céu Claro";"Dupla";"Reta";"Sim";3;0;2;0;1;0;2;2;-3,88732794;-38,50185439;"SPRF-CE";"DEL01-CE";"UOP02-DEL01-CE"