"id";"data_inversa";"dia_semana";"horario";"uf";"br";"km";"municipio";"causa_acidente";"tipo_acidente";"classificacao_acidente";"fase_dia";"sentido_via";"condicao_metereologica";"tipo_pista";"tracado_via";"uso_solo";"pessoas";"mortos";"feridos_leves";"feridos_graves";"ilesos";"ignorados";"feridos";"veiculos";"latitude";"longitude";"regional";"delegacia";"uop"
241216;2019-10-09;"quarta-feira";"08:00:00";"ES";262;2,6;"CARIACICA";"Falta de Atenção à Condução";"Colisão traseira";"Com Vítimas Feridas";"Pleno dia";"Crescente";"Céu Claro";"Múltipla";"Aclive";"Sim";2;0;1;0;1;0;1;2;-20,33374432;-40,36910933;"SPRF-ES";"DEL01-ES";"UOP01-DEL01-ES"
241218;2019-10-09;"quarta-feira";"14:15:00";"PR";376;182;"MARINGA";"Falta de Atenção à Condução";"Engavetamento";"Com Vítimas Feridas";"Pleno dia";"Decrescente";"Céu Claro";"Dupla";"Interseção de Vias";"Sim";5;0;1;0;4;0;1;4;-23,43178842;-51,8872261;"SPRF-PR";"DEL07-PR";"UOP01-DEL09-PR"
241219;2019-10-09;"quarta-feira";"13:45:00";"PR";277;83,5;"CURITIBA";"Ingestão de Álcool";"Colisão traseira";"Com Vítimas Feridas";"Pleno dia";"Crescente";"Céu Claro";"Dupla";"Reta";"Sim";2;0;1;0;1;0;1;2;-25,568939;-49,181978;"SPRF-PR";"DEL01-PR";"UOP06-DEL01-PR"
241222;2019-09-10;"terça-feira";"11:00:00";"MA";230;216;"SAO DOMINGOS DO AZEITAO";"Falta de Atenção à Condução";"Capotamento";"Com Vítimas Feridas";"Pleno dia";"Crescente";"Céu Claro";"Simples";"Reta";"Não";3;0;2;1;0;0;3;1;-6,82940133;-44,66412981;"SPRF-MA";"DEL05-MA";"UOP01-DEL05-MA"
241226;2019-10-09;"quarta-feira";"14:10:00";"CE";20;311,5;"CANINDE";"Falta de Atenção à Condução";"Colisão traseira";"Com Vítimas Feridas";"Pleno dia";"Decrescente";"Céu Claro";"Simples";"Ponte";"Não";2;0;1;0;1;0;1;2;-4,32826809;-39,28333588;"SPRF-CE";"DEL02-CE";"UOP01-DEL02-CE"
241227;2019-10-09;"quarta-feira";"10:30:00";"MA";222;383,5;"PINDARE-MIRIM";"Falta de Atenção à Condução";"Colisão frontal";"Com Vítimas Feridas";"Pleno dia";"Decrescente";"Céu Claro";"Simples";"Reta";"Não";2;0;0;1;1;0;1;2;-3,8268858;-45,49275916;"SPRF-MA";"DEL02-MA";"UI04-DEL02-MA"
241229;2019-10-09;"quarta-feira";"14:25:00";"PR";476;130,4;"CURITIBA";"Falta de Atenção do Pedestre";"Atropelamento de Pedestre";"Com Vítimas Feridas";"Pleno dia";"Crescente";"Céu Claro";"Múltipla";"Reta";"Sim";2;0;1;0;1;0;1;2;-25,45238123;-49,24162388;"SPRF-PR";"DEL01-PR";"UOP07-DEL01-PR"
241230;2019-10-09;"quarta-feira";"14:00:00";"RS";290;97,2;"PORTO ALEGRE";"Não guardar distância de segurança";"Colisão traseira";"Sem Vítimas";"Pleno dia";"Crescente";"Céu Claro";"Dupla";"Ponte";"Não";3;0;0;0;3;0;0;3;-29,997789;-51,20779;"SPRF-RS";"DEL01-RS";"UOP01-DEL01-RS"
241231;2019-09-19;"quinta-feira";"18:10:00";"SP";116;148;"SAO JOSE DOS CAMPOS";"Não guardar distância de segurança";"Colisão lateral";"Com Vítimas Feridas";"Anoitecer";"Decrescente";"Nublado";"Múltipla";"Reta";"Sim";2;0;1;0;1;0;1;2;-23,20067421;-45,8795018;"SPRF-SP";"DEL02-SP";"UOP01-DEL02-SP"
241235;2019-10-09;"quarta-feira";"14:30:00";"RS";470;222,4;"GARIBALDI";"Falta de Atenção à Condução";"Colisão lateral";"Com Vítimas Feridas";"Pleno dia";"Crescente";"Céu Claro";"Dupla";"Retorno Regulamentado;Reta";"Sim";2;0;1;0;1;0;1;2;-29,20372835;-51,51786908;"SPRF-RS";"DEL06-RS";"UOP01-DEL06-RS"
241236;2019-06-12;"quarta-feira";"23:40:00";"MG";365;66,2;"JEQUITAI";"Velocidade Incompatível";"Saída de leito carroçável";"Com Vítimas Feridas";"Plena Noite";"Crescente";"Nublado";"Simples";"Curva";"Não";4;0;1;1;2;0;2;1;-17,04887701;-44,32704498;"SPRF-MG";"DEL12-MG";"UOP01-DEL12-MG"
241244;2019-10-09;"quarta-feira";"16:20:00";"RJ";393;274;"BARRA DO PIRAI";"Restrição de Visibilidade";"Saída de leito carroçável";"Com Vítimas Feridas";"Pleno dia";"Crescente";"Chuva";"Dupla";"Declive";"Não";2;0;1;0;1;0;1;1;-22,48328327;-43,96042792;"SPRF-RJ";"DEL05-RJ";"UOP04-DEL05-RJ"
241245;2019-10-09;"quarta-feira";"15:50:00";"PB";230;1;"CABEDELO";"Falta de Atenção à Condução";"Tombamento";"Com Vítimas Feridas";"Pleno dia";"Crescente";"Céu Claro";"Simples";"Reta";"Sim";1;0;0;1;0;0;1;1;-6,9753;-34,8318;"SPRF-PB";"DEL01-PB";"UOP01-DEL01-PB"
241246;2019-10-09;"quarta-feira";"09:00:00";"PB";230;437;"POMBAL";"Velocidade Incompatível";"Colisão com objeto estático";"Com Vítimas Fatais";"Pleno dia";"Crescente";"Céu Claro";"Simples";"Curva";"Não";1;1;0;0;0;0;0;1;-6,7571;-38,0011;"SPRF-PB";"DEL03-PB";"UOP02-DEL03-PB"
241247;2019-10-09;"quarta-feira";"17:40:00";"PI";343;1,1;"TERESINA";"Falta de Atenção à Condução";"Colisão transversal";"Com Vítimas Feridas";"Anoitecer";"Decrescente";"Céu Claro";"Dupla";"Reta";"Sim";3;0;2;0;1;0;2;2;-5,089569;-42,802288;"SPRF-PI";"DEL01-PI";"UOP01-DEL01-PI"
241249;2019-10-09;"quarta-feira";"17:30:00";"RS";116;230,8;"IVOTI";"Restrição de Visibilidade";"Colisão transversal";"Com Vítimas Feridas";"Pleno dia";"Decrescente";"Sol";"Simples";"Interseção de Vias;Declive";"Sim";2;0;1;0;1;0;1;2;-29,62222179;-51,13039371;"SPRF-RS";"DEL01-RS";"UOP02-DEL01-RS"
241250;2019-10-09;"quarta-feira";"18:00:00";"GO";40;5;"VALPARAISO DE GOIAS";"Falta de Atenção à Condução";"Colisão transversal";"Sem Vítimas";"Anoitecer";"Crescente";"Nublado";"Dupla";"Retorno Regulamentado";"Sim";2;0;0;0;2;0;0;2;-16,093134;-47,982236;"SPRF-DF";"DEL01-DF";"UOP01-DEL01-DF"
241251;2019-10-09;"quarta-feira";"17:00:00";"RS";472;187,5;"SANTO CRISTO";"Falta de Atenção à Condução";"Colisão transversal";"Com Vítimas Feridas";"Pleno dia";"Crescente";"Céu Claro";"Simples";"Interseção de Vias";"Sim";2;0;1;0;1;0;1;2;-27,83790917;-54,631598;"SPRF-RS";"DEL10-RS";"UOP01-DEL10-RS"
241254;2019-10-09;"quarta-feira";"18:00:00";"RS";392;321,2;"SAO SEPE";"Condutor Dormindo";"Saída de leito carroçável";"Com Vítimas Fatais";"Pleno dia";"Crescente";"Céu Claro";"Simples";"Reta";"Não";1;1;0;0;0;0;0;1;-29,97583596;-53,68894966;"SPRF-RS";"DEL09-RS";"UOP01-DEL09-RS"
241255;2019-10-09;"quarta-feira";"17:30:00";"DF";20;11,9;"BRASILIA";"Agressão Externa";"Queda de ocupante de veículo";"Com Vítimas Feridas";"Pleno dia";"Crescente";"Céu Claro";"Dupla";"Reta";"Não";1;0;1;0;0;0;1;1;-15,64654;-47,766422;"SPRF-DF";"DEL02-DF";"UOP01-DEL02-DF"
241256;2019-10-09;"quarta-feira";"16:20:00";"RJ";40;90;"PETROPOLIS";"Pista Escorregadia";"Saída de leito carroçável";"Com Vítimas Feridas";"Pleno dia";"Crescente";"Chuva";"Simples";"Reta";"Não";4;0;3;0;1;0;3;1;-22,550738;-43,236397;"SPRF-RJ";"DEL06-RJ";"UOP01-DEL06-RJ"
241257;2019-10-09;"quarta-feira";"17:45:00";"PE";104;85,9;"AGRESTINA";"Falta de Atenção do Pedestre";"Atropelamento de Pedestre";"Com Vítimas Fatais";"Anoitecer";"Decrescente";"Céu Claro";"Simples";"Reta";"Sim";4;1;0;0;3;0;0;2;-8,438719;-35,955177;"SPRF-PE";"DEL02-PE";"UOP01-DEL02-PE"
241258;2019-10-09;"quarta-feira";"17:10:00";"PB";230;12,1;"CABEDELO";"Desobediência às normas de trânsito pelo condutor";"Colisão lateral";"Com Vítimas Feridas";"Pleno dia";"Decrescente";"Nublado";"Dupla";"Reta";"Sim";2;0;1;0;1;0;1;2;-7,068;-34,85;"SPRF-PB";"DEL01-PB";"UOP01-DEL01-PB"
241260;2019-10-09;"quarta-feira";"13:00:00";"SP";116;136;"CACAPAVA";"Falta de Atenção à Condução";"Queda de ocupante de veículo";"Sem Vítimas";"Pleno dia";"Crescente";"Nublado";"Dupla";"Reta";"Sim";1;0;0;0;0;1;0;1;-23,14874471;-45,77863714;"SPRF-SP";"DEL06-SP";"UOP02-DEL02-SP"
241261;2019-10-09;"quarta-feira";"14:00:00";"MG";116;656,6;"SAO FRANCISCO DO GLORIA";"Velocidade Incompatível";"Saída de leito carroçável";"Com Vítimas Feridas";"Pleno dia";"Decrescente";"Céu Claro";"Simples";"Reta";"Não";1;0;0;1;0;0;1;1;-20,76259299;-42,30462794;"SPRF-MG";"DEL07-MG";"UOP03-DEL07-MG"
241266;2019-10-09;"quarta-feira";"16:45:00";"MG";40;784,5;"JUIZ DE FORA";"Animais na Pista";"Atropelamento de Animal";"Com Vítimas Feridas";"Pleno dia";"Decrescente";"Nublado";"Dupla";"Declive;Curva";"Não";1;0;1;0;0;0;1;1;-21,71178893;-43,44743099;"SPRF-MG";"DEL05-MG";"UOP01-DEL05-MG"
241267;2019-10-09;"quarta-feira";"18:00:00";"PR";369;149;"LONDRINA";"Ingestão de Álcool";"Colisão traseira";"Com Vítimas Feridas";"Pleno dia";"Crescente";"Céu Claro";"Dupla";"Reta";"Sim";3;0;2;0;1;0;2;3;-23,29284078;-51,15328252;"SPRF-PR";"DEL07-PR";"UOP01-DEL07-PR"
241268;2019-10-09;"quarta-feira";"18:30:00";"CE";116;433,7;"IPAUMIRIM";"Desobediência às normas de trânsito pelo condutor";"Colisão frontal";"Com Vítimas Feridas";"Plena Noite";"Decrescente";"Céu Claro";"Simples";"Reta";"Não";3;0;1;0;1;1;1;3;-6,88819036;-38,72862594;"SPRF-CE";"DEL05-CE";"UOP03-DEL05-CE"
241271;2019-10-09;"quarta-feira";"19:00:00";"SC";470;136,1;"RIO DO SUL";"Falta de Atenção à Condução";"Colisão frontal";"Com Vítimas Feridas";"Plena Noite";"Crescente";"Céu Claro";"Simples";"Reta";"Sim";2;0;0;2;0;0;2;2;-27,1951269;-49,62521195;"SPRF-SC";"DEL04-SC";"UOP02-DEL04-SC"
241272;2019-10-09;"quarta-feira";"18:00:00";"RN";427;95,8;"CAICO";"Desobediência às normas de trânsito pelo condutor";"Colisão transversal";"Com Vítimas Feridas";"Plena Noite";"Crescente";"Céu Claro";"Simples";"Curva";"Sim";3;0;2;0;1;0;2;2;-6,47760033;-37,07046539;"SPRF-RN";"DEL03-RN";"UOP01-DEL03-RN"
241273;2019-10-09;"quarta-feira";"18:40:00";"RN";101;82,7;"SAO GONCALO DO AMARANTE";"Desobediência às normas de trânsito pelo pedestre";"Atropelamento de Pedestre";"Com Vítimas Feridas";"Plena Noite";"Crescente";"Céu Claro";"Dupla";"Reta";"Sim";3;0;1;0;1;1;1;2;-5,77026788;-35,26863009;"SPRF-RN";"DEL02-RN";"UOP01-DEL02-RN"
241275;2019-10-09;"quarta-feira";"16:58:00";"RR";174;500;"BOA VISTA";"Ingestão de Álcool";"Colisão com objeto estático";"Com Vítimas Feridas";"Pleno dia";"Crescente";"Céu Claro";"Dupla";"Reta";"Sim";4;0;1;0;3;0;1;1;2,776633;-60,708858;"SPRF-RR";"DEL01-RR";"UOP01-DEL01-RR"
241276;2019-10-09;"quarta-feira";"18:40:00";"PI";343;347;"TERESINA";"Ingestão de Álcool";"Colisão lateral";"Sem Vítimas";"Plena Noite";"Crescente";"Céu Claro";"Simples";"Rotatória";"Sim";2;0;0;0;2;0;0;2;-5,114822;-42,778355;"SPRF-PI";"DEL01-PI";"UOP01-DEL01-PI"
241278;2019-10-09;"quarta-feira";"19:30:00";"GO";60;38,6;"GOIANIA";"Restrição de Visibilidade";"Colisão frontal";"Com Vítimas Feridas";"Plena Noite";"Crescente";"Chuva";"Dupla";"Reta;Rotatória";"Sim";4;0;0;2;2;0;2;4;-16,75249;-49,339079;"SPRF-GO";"DEL01-GO";"UOP02-DEL01-GO"
241279;2019-10-09;"quarta-feira";"17:30:00";"RJ";495;14,6;"PETROPOLIS";"Falta de Atenção à Condução";"Capotamento";"Sem Vítimas";"Plena Noite";"Decrescente";"Chuva";"Simples";"Curva";"Não";1;0;0;0;1;0;0;1;-22,413733;-43,020088;"SPRF-RJ";"DEL06-RJ";"UOP02-DEL05-RJ"
241280;2019-10-09;"quarta-feira";"19:40:00";"SC";101;218;"PALHOCA";"Restrição de Visibilidade";"Queda de ocupante de veículo";"Com Vítimas Feridas";"Plena Noite";"Decrescente";"Céu Claro";"Múltipla";"Reta";"Não";2;0;1;0;1;0;1;2;-27,6758601;-48,67052525;"SPRF-SC";"DEL01-SC";"UOP02-DEL01-SC"
241281;2019-10-09;"quarta-feira";"19:30:00";"PR";376;158;"MANDAGUACU";"Falta de Atenção à Condução";"Capotamento";"Com Vítimas Feridas";"Plena Noite";"Crescente";"Céu Claro";"Dupla";"Curva";"Sim";1;0;1;0;0;0;1;1;-23,36169997;-52,08593395;"SPRF-PR";"DEL07-PR";"UOP01-DEL09-PR"
241283;2019-10-09;"quarta-feira";"19:50:00";"MG";153;246,4;"FRONTEIRA";"Falta de Atenção à Condução";"Colisão lateral";"Com Vítimas Feridas";"Plena Noite";"Decrescente";"Nublado";"Simples";"Aclive";"Não";2;0;1;0;1;0;1;2;-20,29847332;-49,20614844;"SPRF-MG";"DEL13-MG";"UOP02-DEL13-MG"
241284;2019-10-09;"quarta-feira";"20:00:00";"SC";101;203;"SAO JOSE";"Desobediência às normas de trânsito pelo condutor";"Colisão lateral";"Com Vítimas Feridas";"Plena Noite";"Decrescente";"Céu Claro";"Múltipla";"Reta";"Sim";2;0;1;0;1;0;1;2;-27,5650044;-48,61460082;"SPRF-SC";"DEL01-SC";"UOP01-DEL01-SC"
241285;2019-10-09;"quarta-feira";"17:00:00";"SC";116;1,9;"MAFRA";"Velocidade Incompatível";"Colisão traseira";"Sem Vítimas";"Pleno dia";"Decrescente";"Céu Claro";"Simples";"Reta";"Não";3;0;0;0;3;0;0;2;-26,12351906;-49,79261398;"SPRF-SC";"DEL06-SC";"UOP01-DEL06-SC"
241287;2019-10-09;"quarta-feira";"20:00:00";"MG";365;834,5;"SANTA VITORIA";"Ultrapassagem Indevida";"Saída de leito carroçável";"Com Vítimas Fatais";"Plena Noite";"Crescente";"Chuva";"Simples";"Reta";"Não";2;1;0;1;0;0;1;1;-18,91133097;-50,22141101;"SPRF-MG";"DEL15-MG";"UOP03-DEL15-MG"
241288;2019-10-09;"quarta-feira";"18:10:00";"PR";116;128;"FAZENDA RIO GRANDE";"Falta de Atenção à Condução";"Colisão traseira";"Com Vítimas Feridas";"Anoitecer";"Decrescente";"Nublado";"Dupla";"Reta";"Sim";2;0;1;0;1;0;1;2;-25,62150831;-49,31621728;"SPRF-PR";"DEL01-PR";"UOP03-DEL01-PR"
241289;2019-10-09;"quarta-feira";"20:40:00";"ES";101;149,1;"LINHARES";"Desobediência às normas de trânsito pelo condutor";"Colisão transversal";"Com Vítimas Feridas";"Plena Noite";"Crescente";"Nublado";"Múltipla";"Interseção de Vias";"Sim";2;0;1;0;1;0;1;2;-19,39619083;-40,06435871;"SPRF-ES";"DEL04-ES";"UOP01-DEL04-ES"
241291;2019-10-09;"quarta-feira";"15:15:00";"SC";470;55;"BLUMENAU";"Desobediência às normas de trânsito pelo condutor";"Colisão lateral";"Com Vítimas Feridas";"Pleno dia";"Crescente";"Sol";"Simples";"Reta";"Sim";2;0;1;0;1;0;1;2;-26,875601;-49,117992;"SPRF-SC";"DEL04-SC";"UOP01-DEL04-SC"
241301;2019-10-09;"quarta-feira";"21:20:00";"SC";101;123;"ITAJAI";"Falta de Atenção à Condução";"Tombamento";"Com Vítimas Feridas";"Plena Noite";"Decrescente";"Céu Claro";"Dupla";"Reta";"Sim";1;0;1;0;0;0;1;1;-26,93668609;-48,69876905;"SPRF-SC";"DEL04-SC";"UOP04-DEL04-SC"
241302;2019-10-09;"quarta-feira";"20:15:00";"MT";364;161,5;"PEDRA PRETA";"Falta de Atenção à Condução";"Colisão com objeto estático";"Com Vítimas Feridas";"Plena Noite";"Decrescente";"Nublado";"Simples";"Curva";"Não";1;0;1;0;0;0;1;1;-16,71321192;-54,27156695;"SPRF-MT";"DEL02-MT";"UOP01-DEL02-MT"
241305;2019-10-09;"quarta-feira";"21:30:00";"MG";40;450;"CAETANOPOLIS";"Animais na Pista";"Atropelamento de Animal";"Com Vítimas Feridas";"Plena Noite";"Crescente";"Céu Claro";"Dupla";"Reta";"Não";2;0;1;1;0;0;2;1;-19,31698774;-44,36765061;"SPRF-MG";"DEL02-MG";"UOP01-DEL02-MG"
241309;2019-10-09;"quarta-feira";"21:10:00";"PB";230;18,1;"JOAO PESSOA";"Desobediência às normas de trânsito pelo condutor";"Colisão lateral";"Sem Vítimas";"Plena Noite";"Decrescente";"Nublado";"Dupla";"Reta";"Sim";2;0;0;0;2;0;0;2;-7,12116325;-34,84489918;"SPRF-PB";"DEL01-PB";"UOP01-DEL01-PB"
241310;2019-10-09;"quarta-feira";"20:00:00";"BA";101;469;"ITAJUIPE";"Fenômenos da Natureza";"Colisão com objeto estático";"Com Vítimas Feridas";"Plena Noite";"Crescente";"Céu Claro";"Simples";"Reta";"Não";2;0;1;1;0;0;2;1;-14,695337;-39,365237;"SPRF-BA";"DEL05-BA";"UOP01-DEL05-BA"
241311;2019-10-09;"quarta-feira";"19:00:00";"MA";10;244;"IMPERATRIZ";"Animais na Pista";"Atropelamento de Animal";"Com Vítimas Feridas";"Plena Noite";"Crescente";"Céu Claro";"Simples";"Reta";"Não";1;0;0;1;0;0;1;1;-5,596112;-47,42886;"SPRF-MA";"DEL04-MA";"UOP01-DEL04-MA"
241313;2019-10-09;"quarta-feira";"15:00:00";"MT";174;122;"CACERES";"Avarias e/ou desgaste excessivo no pneu";"Queda de ocupante de veículo";"Com Vítimas Feridas";"Pleno dia";"Decrescente";"Céu Claro";"Simples";"Reta";"Não";2;0;2;0;0;0;2;1;-15,82935414;-58,06396499;"SPRF-MT";"DEL03-MT";"UOP01-DEL03-MT"
241318;2019-10-09;"quarta-feira";"13:25:00";"ES";101;259,9;"SERRA";"Velocidade Incompatível";"Queda de ocupante de veículo";"Com Vítimas Feridas";"Pleno dia";"Decrescente";"Sol";"Simples";"Curva;Aclive";"Sim";1;0;0;1;0;0;1;1;-20,138397;-40,292213;"SPRF-ES";"DEL02-ES";"UOP01-DEL02-ES"
241320;2019-10-09;"quarta-feira";"23:20:00";"BA";116;426,8;"FEIRA DE SANTANA";"Falta de Atenção à Condução";"Saída de leito carroçável";"Com Vítimas Feridas";"Plena Noite";"Decrescente";"Céu Claro";"Dupla";"Reta";"Sim";2;0;1;0;1;0;1;1;-12,270724;-38,99186254;"SPRF-BA";"DEL02-BA";"UOP01-DEL02-BA"
241322;2019-10-10;"quinta-feira";"00:20:00";"SC";116;143,1;"SANTA CECILIA";"Falta de Atenção à Condução";"Colisão transversal";"Com Vítimas Feridas";"Plena Noite";"Crescente";"Nublado";"Simples";"Reta";"Sim";3;0;2;1;0;0;3;2;-26,98647529;-50,39438169;"SPRF-SC";"DEL06-SC";"UOP02-DEL06-SC"
241323;2019-10-10;"quinta-feira";"01:45:00";"GO";50;263,5;"CATALAO";"Mal Súbito";"Saída de leito carroçável";"Com Vítimas Feridas";"Plena Noite";"Crescente";"Chuva";"Dupla";"Declive";"Não";1;0;1;0;0;0;1;1;-18,0521;-47,863;"SPRF-GO";"DEL06-GO";"UOP01-DEL06-GO"
241326;2019-10-09;"quarta-feira";"20:30:00";"MA";135;178;"SAO MATEUS DO MARANHAO";"Restrição de Visibilidade";"Colisão traseira";"Com Vítimas Feridas";"Plena Noite";"Crescente";"Céu Claro";"Simples";"Reta";"Não";4;0;1;0;3;0;1;2;-4,00301408;-44,47055677;"SPRF-MA";"DEL01-MA";"UOP02-DEL01-MA"
241329;2019-10-10;"quinta-feira";"03:15:00";"RS";116;248,6;"SAO LEOPOLDO";"Ingestão de Álcool";"Capotamento";"Sem Vítimas";"Plena Noite";"Decrescente";"Céu Claro";"Dupla";"Curva";"Sim";1;0;0;0;1;0;0;1;-29,77605895;-51,15508618;"SPRF-RS";"DEL01-RS";"UOP02-DEL01-RS"
241331;2019-10-10;"quinta-feira";"03:50:00";"ES";101;310,8;"VIANA";"Falta de Atenção à Condução";"Colisão com objeto estático";"Com Vítimas Feridas";"Amanhecer";"Crescente";"Céu Claro";"Simples";"Reta";"Não";1;0;0;1;0;0;1;1;-20,42590098;-40,46036505;"SPRF-ES";"DEL03-ES";"UOP01-DEL03-ES"
241333;2019-10-10;"quinta-feira";"04:20:00";"RJ";116;184;"NOVA IGUACU";"Falta de Atenção à Condução";"Colisão traseira";"Com Vítimas Feridas";"Amanhecer";"Decrescente";"Nublado";"Dupla";"Reta";"Sim";3;0;1;0;1;1;1;2;-22,74647215;-43,44594311;"SPRF-RJ";"DEL01-RJ";"UOP02-DEL01-RJ"
241334;2019-10-10;"quinta-feira";"04:15:00";"DF";60;23,5;"BRASILIA";"Falta de Atenção à Condução";"Saída de leito carroçável";"Com Vítimas Feridas";"Plena Noite";"Decrescente";"Céu Claro";"Dupla";"Reta";"Não";1;0;1;0;0;0;1;1;-15,987903;-48,223103;"SPRF-DF";"DEL01-DF";"UOP01-DEL03-DF"
241336;2019-10-10;"quinta-feira";"05:20:00";"MG";381;361,7;"JOAO MONLEVADE";"Velocidade Incompatível";"Colisão frontal";"Com Vítimas Fatais";"Amanhecer";"Crescente";"Chuva";"Simples";"Curva";"Não";5;1;2;2;0;0;4;2;-19,85643939;-43,24280693;"SPRF-MG";"DEL03-MG";"UOP01-DEL03-MG"
241339;2019-10-10;"quinta-feira";"05:55:00";"RN";101;98;"NATAL";"Velocidade Incompatível";"Colisão transversal";"Sem Vítimas";"Pleno dia";"Decrescente";"Nublado";"Simples";"Interseção de Vias";"Sim";2;0;0;0;1;1;0;2;-5,86567888;-35,21651625;"SPRF-RN";"DEL01-RN";"UOP01-DEL01-RN"
241340;2019-10-10;"quinta-feira";"06:00:00";"RJ";40;78;"PETROPOLIS";"Velocidade Incompatível";"Queda de ocupante de veículo";"Com Vítimas Feridas";"Pleno dia";"Crescente";"Nublado";"Simples";"Curva";"Não";2;0;2;0;0;0;2;1;-22,48485874;-43,22843406;"SPRF-RJ";"DEL06-RJ";"UOP01-DEL06-RJ"
241342;2019-10-10;"quinta-feira";"05:50:00";"MG";381;361,7;"JOAO MONLEVADE";"Velocidade Incompatível";"Saída de leito carroçável";"Com Vítimas Feridas";"Amanhecer";"Decrescente";"Chuva";"Simples";"Curva";"Não";2;0;0;1;1;0;1;1;-19,85881293;-43,234108;"SPRF-MG";"DEL03-MG";"UOP01-DEL03-MG"
241343;2019-10-09;"quarta-feira";"19:30:00";"MG";262;429,2;"SAO GONCALO DO PARA";"Falta de Atenção à Condução";"Saída de leito carroçável";"Sem Vítimas";"Plena Noite";"Decrescente";"Chuva";"Dupla";"Reta";"Não";1;0;0;0;1;0;0;1;-19,88839281;-44,79613504;"SPRF-MG";"DEL08-MG";"UOP03-DEL08-MG"
241344;2019-10-10;"quinta-feira";"05:05:00";"MG";40;521;"CONTAGEM";"Falta de Atenção à Condução";"Queda de ocupante de veículo";"Com Vítimas Feridas";"Amanhecer";"Decrescente";"Céu Claro";"Dupla";"Reta";"Sim";2;0;1;1;0;0;2;1;-19,85651501;-44,07213222;"SPRF-MG";"DEL01-MG";"UOP02-DEL01-MG"
241345;2019-10-10;"quinta-feira";"06:00:00";"MG";381;908;"CAMBUI";"Velocidade Incompatível";"Saída de leito carroçável";"Com Vítimas Feridas";"Pleno dia";"Decrescente";"Nevoeiro/Neblina";"Dupla";"Curva";"Não";2;0;1;0;1;0;1;1;-22,67463142;-46,09552145;"SPRF-MG";"DEL16-MG";"UOP03-DEL16-MG"
241346;2019-10-10;"quinta-feira";"06:00:00";"RJ";116;165;"RIO DE JANEIRO";"Falta de Atenção à Condução";"Colisão traseira";"Com Vítimas Feridas";"Amanhecer";"Decrescente";"Céu Claro";"Dupla";"Reta";"Sim";11;0;9;0;2;0;9;2;-22,81548519;-43,29087405;"SPRF-RJ";"DEL01-RJ";"UOP02-DEL01-RJ"
241347;2019-10-10;"quinta-feira";"05:30:00";"SC";470;152;"AGRONOMICA";"Falta de Atenção à Condução";"Colisão traseira";"Com Vítimas Feridas";"Amanhecer";"Decrescente";"Céu Claro";"Simples";"Reta";"Não";3;0;0;1;1;1;1;3;-27,266434;-49,727642;"SPRF-SC";"DEL04-SC";"UOP02-DEL04-SC"
241348;2019-10-09;"quarta-feira";"23:55:00";"MG";381;635;"SANTO ANTONIO DO AMPARO";"Velocidade Incompatível";"Colisão com objeto estático";"Sem Vítimas";"Plena Noite";"Crescente";"Chuva";"Dupla";"Curva";"Não";1;0;0;0;0;1;0;1;-20,88278809;-44,85183046;"SPRF-MG";"DEL04-MG";"UOP01-DEL04-MG"
241351;2019-10-09;"quarta-feira";"17:18:00";"MT";70;529;"VARZEA GRANDE";"Falta de Atenção à Condução";"Colisão transversal";"Com Vítimas Feridas";"Pleno dia";"Crescente";"Céu Claro";"Simples";"Reta";"Sim";2;0;0;1;1;0;1;2;-15,649207;-56,19486;"SPRF-MT";"DEL01-MT";"DEL2/4-UOP02/MT"
241352;2019-10-10;"quinta-feira";"06:30:00";"MG";50;177;"UBERABA";"Falta de Atenção à Condução";"Colisão traseira";"Com Vítimas Feridas";"Pleno dia";"Crescente";"Céu Claro";"Dupla";"Reta";"Não";1;0;1;0;0;0;1;1;-19,77914852;-47,95047701;"SPRF-MG";"DEL13-MG";"UOP01-DEL13-MG"
241353;2019-10-10;"quinta-feira";"06:50:00";"RJ";116;169;"SAO JOAO DE MERITI";"Falta de Atenção à Condução";"Colisão traseira";"Com Vítimas Feridas";"Pleno dia";"Decrescente";"Céu Claro";"Múltipla";"Reta";"Sim";2;0;1;0;1;0;1;2;-22,816206;-43,324463;"SPRF-RJ";"DEL01-RJ";"UOP02-DEL01-RJ"
241355;2019-10-10;"quinta-feira";"06:50:00";"PR";116;9;"CAMPINA GRANDE DO SUL";"Velocidade Incompatível";"Queda de ocupante de veículo";"Com Vítimas Feridas";"Amanhecer";"Decrescente";"Céu Claro";"Dupla";"Reta";"Não";2;0;0;1;0;1;1;2;-25,37074588;-49,12536621;"SPRF-PR";"DEL01-PR";"UOP02-DEL01-PR"
241356;2019-10-10;"quinta-feira";"07:20:00";"RS";386;440,1;"CANOAS";"Falta de Atenção à Condução";"Tombamento";"Com Vítimas Feridas";"Pleno dia";"Crescente";"Nevoeiro/Neblina";"Dupla";"Reta";"Sim";1;0;1;0;0;0;1;1;-29,878265;-51,241951;"SPRF-RS";"DEL01-RS";"UOP01-DEL01-RS"
241358;2019-10-10;"quinta-feira";"07:40:00";"RS";116;268;"CANOAS";"Falta de Atenção à Condução";"Colisão lateral";"Com Vítimas Feridas";"Pleno dia";"Crescente";"Sol";"Dupla";"Reta";"Sim";2;0;1;0;1;0;1;2;-29,95273455;-51,17656946;"SPRF-RS";"DEL01-RS";"UOP01-DEL01-RS"