"id";"data_inversa";"dia_semana";"horario";"uf";"br";"km";"municipio";"causa_acidente";"tipo_acidente";"classificacao_acidente";"fase_dia";"sentido_via";"condicao_metereologica";"tipo_pista";"tracado_via";"uso_solo";"pessoas";"mortos";"feridos_leves";"feridos_graves";"ilesos";"ignorados";"feridos";"veiculos";"latitude";"longitude";"regional";"delegacia";"uop"
241359;2019-10-10;"quinta-feira";"07:50:00";"GO";414;437,7;"ANAPOLIS";"Falta de Atenção à Condução";"Colisão transversal";"Com Vítimas Feridas";"Pleno dia";"Decrescente";"Céu Claro";"Simples";"Reta";"Não";2;0;1;0;1;0;1;2;-16,26365299;-48,93824303;"SPRF-GO";"DEL02-GO";"UOP01-DEL02-GO"
241363;2019-10-10;"quinta-feira";"08:00:00";"SP";116;144;"SAO JOSE DOS CAMPOS";"Não guardar distância de segurança";"Colisão traseira";"Com Vítimas Feridas";"Pleno dia";"Crescente";"Céu Claro";"Múltipla";"Reta";"Sim";2;0;1;0;1;0;1;2;-23,18274416;-45,84633592;"SPRF-SP";"DEL02-SP";"UOP01-DEL02-SP"
241365;2019-10-10;"quinta-feira";"08:10:00";"PE";101;89;"CABO DE SANTO AGOSTINHO";"Desobediência às normas de trânsito pelo condutor";"Colisão lateral";"Com Vítimas Feridas";"Pleno dia";"Decrescente";"Céu Claro";"Simples";"Ponte";"Sim";3;0;1;1;1;0;2;2;-8,228826;-34,972051;"SPRF-PE";"DEL01-PE";"UOP03-DEL01-PE"
241366;2019-10-10;"quinta-feira";"08:35:00";"MG";381;501;"BETIM";"Falta de Atenção à Condução";"Colisão traseira";"Com Vítimas Feridas";"Pleno dia";"Decrescente";"Nublado";"Múltipla";"Reta";"Não";2;0;1;0;1;0;1;2;-20,03146447;-44,2377893;"SPRF-MG";"DEL01-MG";"UOP03-DEL01-MG"
241368;2019-10-10;"quinta-feira";"08:20:00";"SC";101;213,2;"PALHOCA";"Não guardar distância de segurança";"Colisão lateral";"Com Vítimas Feridas";"Pleno dia";"Decrescente";"Céu Claro";"Dupla";"Reta";"Não";2;0;1;0;1;0;1;2;-27,63697369;-48,66514142;"SPRF-SC";"DEL01-SC";"UOP02-DEL01-SC"
241370;2019-10-10;"quinta-feira";"08:20:00";"PR";277;120;"CAMPO LARGO";"Falta de Atenção à Condução";"Colisão lateral";"Com Vítimas Feridas";"Pleno dia";"Decrescente";"Céu Claro";"Dupla";"Interseção de Vias";"Sim";2;0;1;0;1;0;1;2;-25,43651772;-49,44346612;"SPRF-PR";"DEL01-PR";"UOP06-DEL01-PR"
241372;2019-10-10;"quinta-feira";"07:00:00";"RJ";101;419;"MANGARATIBA";"Pista Escorregadia";"Saída de leito carroçável";"Com Vítimas Feridas";"Pleno dia";"Crescente";"Nublado";"Simples";"Curva";"Não";6;0;1;0;5;0;1;1;-22,91808988;-43,91359106;"SPRF-RJ";"DEL03-RJ";"UOP01-DEL03-RJ"
241373;2019-10-10;"quinta-feira";"08:00:00";"PR";277;94;"CURITIBA";"Falta de Atenção à Condução";"Colisão traseira";"Com Vítimas Feridas";"Pleno dia";"Decrescente";"Céu Claro";"Múltipla";"Reta";"Sim";3;0;1;0;2;0;1;3;-25,55282988;-49,27722493;"SPRF-PR";"DEL01-PR";"UOP06-DEL01-PR"
241374;2019-10-09;"quarta-feira";"18:30:00";"RJ";465;3;"SEROPEDICA";"Desobediência às normas de trânsito pelo condutor";"Colisão transversal";"Com Vítimas Feridas";"Plena Noite";"Crescente";"Chuva";"Simples";"Interseção de Vias";"Sim";2;0;0;1;1;0;1;2;-22,73427;-43,711994;"SPRF-RJ";"DEL01-RJ";"UOP03-DEL01-RJ"
241375;2019-10-10;"quinta-feira";"08:35:00";"SP";116;270;"TABOAO DA SERRA";"Falta de Atenção à Condução";"Colisão lateral";"Com Vítimas Feridas";"Pleno dia";"Decrescente";"Céu Claro";"Dupla";"Reta";"Sim";2;0;1;0;1;0;1;2;-23,61799728;-46,79677694;"SPRF-SP";"DEL04-SP";"UOP01-DEL04-SP"
241376;2019-10-02;"quarta-feira";"11:30:00";"PR";376;108;"PARANAVAI";"Falta de Atenção à Condução";"Colisão transversal";"Com Vítimas Feridas";"Pleno dia";"Crescente";"Céu Claro";"Simples";"Reta";"Sim";2;0;0;1;1;0;1;2;-23,07492893;-52,41720594;"SPRF-PR";"DEL07-PR";"UOP02-DEL09-PR"
241377;2019-10-10;"quinta-feira";"07:00:00";"AC";364;127,1;"RIO BRANCO";"Falta de Atenção do Pedestre";"Saída de leito carroçável";"Com Vítimas Feridas";"Pleno dia";"Decrescente";"Céu Claro";"Simples";"Reta";"Sim";3;0;0;1;2;0;1;2;-10,01980906;-67,81433091;"SPRF-AC";"DEL01-AC";"UOP01-DEL01-AC"
241378;2019-10-10;"quinta-feira";"09:10:00";"SP";116;147,5;"SAO JOSE DOS CAMPOS";"Falta de Atenção à Condução";"Colisão traseira";"Com Vítimas Feridas";"Pleno dia";"Decrescente";"Céu Claro";"Dupla";"Reta";"Sim";2;0;1;0;1;0;1;2;-23,19542994;-45,87176303;"SPRF-SP";"DEL02-SP";"UOP01-DEL02-SP"
241381;2019-10-10;"quinta-feira";"08:30:00";"RS";116;230;"DOIS IRMAOS";"Falta de Atenção à Condução";"Colisão lateral";"Sem Vítimas";"Pleno dia";"Crescente";"Céu Claro";"Simples";"Interseção de Vias";"Sim";2;0;0;0;2;0;0;2;-29,62222179;-51,13039371;"SPRF-RS";"DEL01-RS";"UOP02-DEL01-RS"
241382;2019-10-10;"quinta-feira";"09:15:00";"RS";448;20,2;"PORTO ALEGRE";"Falta de Atenção à Condução";"Colisão traseira";"Com Vítimas Feridas";"Pleno dia";"Crescente";"Céu Claro";"Dupla";"Reta";"Sim";2;0;1;0;1;0;1;2;-29,958729;-51,202465;"SPRF-RS";"DEL01-RS";"UOP01-DEL01-RS"
241386;2019-10-10;"quinta-feira";"09:10:00";"PR";277;80;"CURITIBA";"Desobediência às normas de trânsito pelo condutor";"Colisão transversal";"Sem Vítimas";"Pleno dia";"Decrescente";"Sol";"Dupla";"Curva";"Sim";2;0;0;0;1;1;0;2;-25,47281049;-49,21070337;"SPRF-PR";"DEL01-PR";"UOP06-DEL01-PR"
241389;2019-10-10;"quinta-feira";"05:00:00";"SC";116;239,3;"LAGES";"Falta de Atenção à Condução";"Saída de leito carroçável";"Sem Vítimas";"Plena Noite";"Crescente";"Ignorado";"Simples";"Curva";"Não";1;0;0;0;0;1;0;1;-27,7538864;-50,33566475;"SPRF-SC";"DEL05-SC";"UOP01-DEL05-SC"
241390;2019-10-10;"quinta-feira";"10:30:00";"RJ";116;180;"NOVA IGUACU";"Não guardar distância de segurança";"Colisão traseira";"Com Vítimas Feridas";"Pleno dia";"Decrescente";"Céu Claro";"Múltipla";"Reta";"Sim";3;0;1;0;2;0;1;2;-22,7651616;-43,4154728;"SPRF-RJ";"DEL01-RJ";"UOP02-DEL01-RJ"
241395;2019-10-10;"quinta-feira";"11:00:00";"PA";222;243;"MARABA";"Desobediência às normas de trânsito pelo condutor";"Colisão lateral";"Com Vítimas Feridas";"Pleno dia";"Crescente";"Sol";"Simples";"Curva";"Sim";2;0;1;1;0;0;2;2;-5,339671;-49,08239;"SPRF-PA";"DEL03-PA";"UOP01-DEL03-PA"
241396;2019-10-10;"quinta-feira";"11:00:00";"SP";116;112;"TAUBATE";"Falta de Atenção à Condução";"Colisão traseira";"Com Vítimas Feridas";"Pleno dia";"Crescente";"Sol";"Dupla";"Reta";"Sim";4;0;3;0;1;0;3;1;-23,04159343;-45,57065616;"SPRF-SP";"DEL06-SP";"UOP02-DEL02-SP"
241398;2019-10-10;"quinta-feira";"08:50:00";"SC";280;232;"CANOINHAS";"Ingestão de Álcool";"Saída de leito carroçável";"Sem Vítimas";"Pleno dia";"Crescente";"Céu Claro";"Simples";"Rotatória";"Não";1;0;0;0;1;0;0;1;-26,19014736;-50,38186997;"SPRF-SC";"DEL06-SC";"UOP04-DEL06-SC"
241400;2019-10-10;"quinta-feira";"11:20:00";"ES";101;147,5;"LINHARES";"Falta de Atenção à Condução";"Colisão traseira";"Com Vítimas Feridas";"Pleno dia";"Crescente";"Céu Claro";"Dupla";"Reta";"Não";2;0;1;0;1;0;1;2;-19,38208531;-40,06716013;"SPRF-ES";"DEL04-ES";"UOP01-DEL04-ES"
241402;2019-10-10;"quinta-feira";"12:35:00";"SC";282;15,6;"PALHOCA";"Desobediência às normas de trânsito pelo condutor";"Colisão transversal";"Com Vítimas Feridas";"Pleno dia";"Crescente";"Sol";"Dupla";"Rotatória";"Sim";2;0;1;0;1;0;1;2;-27,65565994;-48,67910028;"SPRF-SC";"DEL01-SC";"UOP02-DEL01-SC"
241403;2019-10-10;"quinta-feira";"11:00:00";"MG";262;58,4;"MANHUACU";"Velocidade Incompatível";"Colisão com objeto estático";"Com Vítimas Feridas";"Pleno dia";"Decrescente";"Nublado";"Simples";"Curva";"Não";3;0;2;0;1;0;2;1;-20,27569196;-42,19796103;"SPRF-MG";"DEL06-MG";"UOP03-DEL06-MG"
241405;2019-10-10;"quinta-feira";"12:45:00";"MG";381;729,7;"CARMO DA CACHOEIRA";"Velocidade Incompatível";"Saída de leito carroçável";"Com Vítimas Fatais";"Pleno dia";"Decrescente";"Garoa/Chuvisco";"Dupla";"Aclive;Curva";"Não";4;1;2;0;1;0;2;1;-21,53065495;-45,23082007;"SPRF-MG";"DEL04-MG";"UOP02-DEL04-MG"
241407;2019-10-10;"quinta-feira";"12:45:00";"MG";381;446,4;"SANTA LUZIA";"Falta de Atenção à Condução";"Queda de ocupante de veículo";"Com Vítimas Feridas";"Pleno dia";"Crescente";"Nublado";"Simples";"Declive";"Não";2;0;0;2;0;0;2;1;-19,83086503;-43,84476185;"SPRF-MG";"DEL01-MG";"UOP01-DEL01-MG"
241408;2019-09-19;"quinta-feira";"13:15:00";"SC";153;36;"PONTE SERRADA";"Pista Escorregadia";"Saída de leito carroçável";"Sem Vítimas";"Pleno dia";"Crescente";"Chuva";"Simples";"Curva";"Não";1;0;0;0;1;0;0;1;-26,821478;-51,720905;"SPRF-SC";"DEL07-SC";"UOP07-DEL07-SC"
241410;2019-10-01;"terça-feira";"07:48:00";"RO";364;341;"JI-PARANA";"Falta de Atenção à Condução";"Colisão traseira";"Com Vítimas Feridas";"Pleno dia";"Crescente";"Céu Claro";"Múltipla";"Reta";"Sim";2;0;2;0;0;0;2;2;-10,88987987;-61,93126772;"SPRF-RO";"DEL02-RO";"UOP01-DEL02-RO"
241411;2019-10-10;"quinta-feira";"08:30:00";"MG";262;20,7;"REDUTO";"Avarias e/ou desgaste excessivo no pneu";"Tombamento";"Com Vítimas Feridas";"Pleno dia";"Decrescente";"Nublado";"Simples";"Curva";"Não";1;0;0;1;0;0;1;1;-20,24962505;-41,91079899;"SPRF-MG";"DEL06-MG";"UOP03-DEL06-MG"
241412;2019-10-10;"quinta-feira";"13:00:00";"MG";381;394;"BARAO DE COCAIS";"Falta de Atenção à Condução";"Colisão com objeto estático";"Com Vítimas Feridas";"Pleno dia";"Decrescente";"Nublado";"Simples";"Desvio Temporário;Curva;Em Obras";"Não";1;0;1;0;0;0;1;1;-19,75621517;-43,47246139;"SPRF-MG";"DEL01-MG";"UOP01-DEL01-MG"
241414;2019-10-10;"quinta-feira";"13:35:00";"ES";101;225,1;"IBIRACU";"Ingestão de Álcool";"Saída de leito carroçável";"Com Vítimas Feridas";"Pleno dia";"Decrescente";"Sol";"Simples";"Reta";"Não";1;0;1;0;0;0;1;1;-19,87910031;-40,41682363;"SPRF-ES";"DEL02-ES";"UOP01-DEL02-ES"
241415;2019-10-10;"quinta-feira";"11:30:00";"RS";116;243,9;"SAO LEOPOLDO";"Restrição de Visibilidade";"Colisão com objeto estático";"Sem Vítimas";"Pleno dia";"Crescente";"Céu Claro";"Dupla";"Reta";"Sim";1;0;0;0;1;0;0;1;-29,73196199;-51,14952004;"SPRF-RS";"DEL01-RS";"UOP02-DEL01-RS"
241417;2019-10-05;"sábado";"21:50:00";"MS";163;126;"NAVIRAI";"Falta de Atenção à Condução";"Saída de leito carroçável";"Com Vítimas Feridas";"Plena Noite";"Crescente";"Nublado";"Dupla";"Rotatória";"Sim";1;0;0;1;0;0;1;1;-23,06338297;-54,23163981;"SPRF-MS";"DEL09-MS";"UOP01-DEL09-MS"
241418;2019-10-10;"quinta-feira";"13:45:00";"MG";40;357;"FELIXLANDIA";"Não guardar distância de segurança";"Engavetamento";"Sem Vítimas";"Pleno dia";"Crescente";"Céu Claro";"Simples";"Reta";"Sim";3;0;0;0;3;0;0;3;-18,73166974;-44,87334188;"SPRF-MG";"DEL02-MG";"UOP01-DEL02-MG"
241419;2019-10-10;"quinta-feira";"13:40:00";"SC";101;90,1;"BARRA VELHA";"Falta de Atenção à Condução";"Saída de leito carroçável";"Com Vítimas Feridas";"Pleno dia";"Decrescente";"Sol";"Dupla";"Reta";"Sim";2;0;1;0;1;0;1;1;-26,66148503;-48,68866176;"SPRF-SC";"DEL03-SC";"UOP02-DEL03-SC"
241422;2019-10-10;"quinta-feira";"14:00:00";"RS";470;218;"BENTO GONCALVES";"Falta de Atenção à Condução";"Colisão transversal";"Com Vítimas Feridas";"Pleno dia";"Crescente";"Céu Claro";"Simples";"Interseção de Vias";"Sim";2;0;1;0;1;0;1;2;-29,17292214;-51,52424936;"SPRF-RS";"DEL06-RS";"UOP01-DEL06-RS"
241428;2019-10-10;"quinta-feira";"13:45:00";"CE";20;419;"MARACANAU";"Desobediência às normas de trânsito pelo condutor";"Colisão lateral";"Sem Vítimas";"Pleno dia";"Crescente";"Céu Claro";"Dupla";"Reta";"Não";2;0;0;0;2;0;0;2;-3,84437623;-38,58100176;"SPRF-CE";"DEL01-CE";"UOP02-DEL01-CE"
241432;2019-10-10;"quinta-feira";"13:40:00";"PI";316;314;"PICOS";"Desobediência às normas de trânsito pelo condutor";"Colisão lateral";"Com Vítimas Feridas";"Pleno dia";"Decrescente";"Céu Claro";"Simples";"Reta";"Sim";3;0;3;0;0;0;3;2;-7,0776992;-41,44117384;"SPRF-PI";"DEL04-PI";"UOP01-DEL04-PI"
241433;2019-10-10;"quinta-feira";"14:30:00";"PR";277;591,9;"CASCAVEL";"Defeito Mecânico no Veículo";"Queda de ocupante de veículo";"Com Vítimas Feridas";"Pleno dia";"Crescente";"Céu Claro";"Simples";"Curva";"Sim";1;0;1;0;0;0;1;1;-24,98473242;-53,46501885;"SPRF-PR";"DEL04-PR";"UOP01-DEL04-PR"
241435;2019-10-10;"quinta-feira";"14:00:00";"SP";116;224,5;"GUARULHOS";"Ingestão de Álcool";"Colisão lateral";"Sem Vítimas";"Pleno dia";"Decrescente";"Sol";"Múltipla";"Reta";"Não";3;0;0;0;3;0;0;3;-23,48071896;-46,53271603;"SPRF-SP";"DEL01-SP";"UOP01-DEL01-SP"
241437;2019-10-10;"quinta-feira";"15:15:00";"RS";158;325,3;"SANTA MARIA";"Animais na Pista";"Tombamento";"Com Vítimas Feridas";"Pleno dia";"Decrescente";"Céu Claro";"Simples";"Reta;Retorno Regulamentado";"Sim";1;0;1;0;0;0;1;1;-29,7037466;-53,79524635;"SPRF-RS";"DEL09-RS";"UOP01-DEL09-RS"
241438;2019-10-10;"quinta-feira";"14:50:00";"SC";101;208;"SAO JOSE";"Desobediência às normas de trânsito pelo condutor";"Tombamento";"Com Vítimas Feridas";"Pleno dia";"Crescente";"Céu Claro";"Múltipla";"Curva";"Sim";1;0;1;0;0;0;1;1;-27,60327979;-48,63201818;"SPRF-SC";"DEL01-SC";"UOP01-DEL01-SC"
241439;2019-10-10;"quinta-feira";"15:30:00";"PE";101;75,6;"RECIFE";"Falta de Atenção à Condução";"Colisão lateral";"Com Vítimas Feridas";"Pleno dia";"Crescente";"Nublado";"Dupla";"Reta";"Sim";3;0;0;1;1;1;1;2;-8,10973523;-34,94660151;"SPRF-PE";"DEL01-PE";"UOP01-DEL01-PE"
241440;2019-10-10;"quinta-feira";"13:40:00";"GO";40;8,5;"VALPARAISO DE GOIAS";"Falta de Atenção à Condução";"Colisão transversal";"Com Vítimas Feridas";"Pleno dia";"Crescente";"Céu Claro";"Dupla";"Reta";"Sim";2;0;0;1;1;0;1;2;-16,116158;-47,96761;"SPRF-DF";"DEL01-DF";"UOP01-DEL01-DF"
241442;2019-10-10;"quinta-feira";"14:20:00";"BA";101;716;"EUNAPOLIS";"Sinalização da via insuficiente ou inadequada";"Colisão transversal";"Com Vítimas Feridas";"Pleno dia";"Decrescente";"Céu Claro";"Simples";"Reta";"Sim";3;0;0;1;1;1;1;3;-16,36655072;-39,58217382;"SPRF-BA";"DEL09-BA";"UOP01-DEL09-BA"
241443;2019-10-10;"quinta-feira";"11:45:00";"PR";369;360,3;"CAMPO MOURAO";"Velocidade Incompatível";"Saída de leito carroçável";"Com Vítimas Feridas";"Pleno dia";"Crescente";"Céu Claro";"Simples";"Reta";"Não";2;0;2;0;0;0;2;1;-24,0874;-52,4179;"SPRF-PR";"DEL04-PR";"UOP03-DEL09-PR"
241446;2019-10-10;"quinta-feira";"15:30:00";"GO";40;7,9;"LUZIANIA";"Desobediência às normas de trânsito pelo condutor";"Colisão lateral";"Com Vítimas Feridas";"Pleno dia";"Decrescente";"Céu Claro";"Dupla";"Reta";"Sim";3;0;0;1;2;0;1;3;-16,108482;-47,972524;"SPRF-DF";"DEL01-DF";"UOP01-DEL01-DF"
241447;2019-10-10;"quinta-feira";"15:50:00";"PI";343;9,9;"PARNAIBA";"Falta de Atenção à Condução";"Colisão transversal";"Com Vítimas Feridas";"Pleno dia";"Crescente";"Sol";"Simples";"Reta";"Sim";3;0;1;1;1;0;2;2;-2,90258153;-41,7408371;"SPRF-PI";"DEL05-PI";"UOP01-DEL05-PI"
241448;2019-10-10;"quinta-feira";"17:40:00";"PA";230;115;"MARABA";"Falta de Atenção à Condução";"Colisão traseira";"Com Vítimas Feridas";"Pleno dia";"Crescente";"Céu Claro";"Dupla";"Reta";"Sim";2;0;1;0;1;0;1;2;-5,36241425;-49,07496007;"SPRF-PA";"DEL03-PA";"UOP01-DEL03-PA"
241449;2019-10-10;"quinta-feira";"18:00:00";"RN";405;34,5;"GOVERNADOR DIX-SEPT ROSADO";"Falta de Atenção à Condução";"Colisão transversal";"Com Vítimas Feridas";"Anoitecer";"Decrescente";"Céu Claro";"Simples";"Reta";"Não";3;0;0;1;2;0;1;3;-5,34299479;-37,59016129;"SPRF-RN";"DEL04-RN";"UOP02-DEL04-RN"
241450;2019-10-10;"quinta-feira";"17:00:00";"BA";101;266;"SANTO ANTONIO DE JESUS";"Mal Súbito";"Queda de ocupante de veículo";"Com Vítimas Feridas";"Anoitecer";"Crescente";"Céu Claro";"Simples";"Reta";"Não";1;0;1;0;0;0;1;1;-13,01866979;-39,29009199;"SPRF-BA";"DEL01-BA";"UOP02-DEL01-BA"
241452;2019-10-10;"quinta-feira";"18:00:00";"SP";116;102;"PINDAMONHANGABA";"Falta de Atenção à Condução";"Colisão lateral";"Com Vítimas Feridas";"Amanhecer";"Crescente";"Céu Claro";"Dupla";"Reta";"Sim";2;0;1;0;1;0;1;2;-22,99497994;-45,48951403;"SPRF-SP";"DEL06-SP";"UOP01-DEL06-SP"
241453;2019-10-10;"quinta-feira";"17:30:00";"RN";101;121;"SAO JOSE DE MIPIBU";"Avarias e/ou desgaste excessivo no pneu";"Queda de ocupante de veículo";"Com Vítimas Feridas";"Plena Noite";"Crescente";"Céu Claro";"Dupla";"Reta";"Não";1;0;1;0;0;0;1;1;-6,04338592;-35,24621873;"SPRF-RN";"DEL01-RN";"UOP01-DEL01-RN"
241454;2019-10-10;"quinta-feira";"13:10:00";"MT";163;559;"DIAMANTINO";"Velocidade Incompatível";"Saída de leito carroçável";"Sem Vítimas";"Pleno dia";"Crescente";"Céu Claro";"Simples";"Curva";"Não";1;0;0;0;0;1;0;1;-14,24293501;-56,12516399;"SPRF-MT";"DEL01-MT";"UOP01-DEL01-MT"
241456;2019-10-10;"quinta-feira";"16:40:00";"GO";364;145;"JATAI";"Fenômenos da Natureza";"Saída de leito carroçável";"Sem Vítimas";"Pleno dia";"Crescente";"Chuva";"Simples";"Curva";"Não";2;0;0;0;2;0;0;1;-18,182299;-51,389355;"SPRF-GO";"DEL05-GO";"UOP01-DEL05-GO"
241457;2019-09-29;"domingo";"05:20:00";"SP";116;229;"GUARULHOS";"Falta de Atenção à Condução";"Colisão traseira";"Com Vítimas Feridas";"Amanhecer";"Decrescente";"Nublado";"Múltipla";"Reta";"Sim";4;0;0;1;1;2;1;3;-23,51291902;-46,57604698;"SPRF-SP";"DEL01-SP";"UOP01-DEL01-SP"
241459;2019-10-10;"quinta-feira";"17:50:00";"PB";230;23,8;"JOAO PESSOA";"Não guardar distância de segurança";"Colisão traseira";"Com Vítimas Feridas";"Anoitecer";"Decrescente";"Nublado";"Dupla";"Viaduto";"Sim";5;0;3;0;2;0;3;3;-7,1637;-34,8618;"SPRF-PB";"DEL01-PB";"UOP01-DEL01-PB"
241460;2019-10-10;"quinta-feira";"15:30:00";"RJ";0;0;"ANGRA DOS REIS";"Desobediência às normas de trânsito pelo condutor";"Colisão lateral";"Com Vítimas Feridas";"Pleno dia";"Não Informado";"Céu Claro";"Simples";"Curva";"Não";8;0;4;0;4;0;4;3;-23,01396;-44,28563;"SPRF-RJ";"DEL03-RJ";"UOP03-DEL03-RJ"
241461;2019-10-10;"quinta-feira";"18:20:00";"CE";116;2;"FORTALEZA";"Falta de Atenção à Condução";"Colisão lateral";"Sem Vítimas";"Plena Noite";"Decrescente";"Céu Claro";"Múltipla";"Reta";"Sim";2;0;0;0;1;1;0;2;-3,77019802;-38,51724508;"SPRF-CE";"DEL01-CE";"UOP02-DEL01-CE"
241463;2019-10-10;"quinta-feira";"18:20:00";"SP";116;282,9;"EMBU DAS ARTES";"Falta de Atenção à Condução";"Colisão traseira";"Com Vítimas Feridas";"Plena Noite";"Crescente";"Nublado";"Dupla";"Reta";"Sim";2;0;1;0;1;0;1;2;-23,66301727;-46,85347709;"SPRF-SP";"DEL04-SP";"UOP01-DEL04-SP"
241466;2019-10-10;"quinta-feira";"17:55:00";"RO";319;64,3;"PORTO VELHO";"Falta de Atenção do Pedestre";"Atropelamento de Pedestre";"Com Vítimas Feridas";"Anoitecer";"Decrescente";"Céu Claro";"Múltipla";"Curva";"Sim";2;0;2;0;0;0;2;2;-8,766685;-63,884052;"SPRF-RO";"DEL01-RO";"UOP01-DEL01-RO"
241467;2019-10-10;"quinta-feira";"16:50:00";"RO";364;62;"PORTO VELHO";"Falta de Atenção à Condução";"Colisão transversal";"Com Vítimas Feridas";"Pleno dia";"Crescente";"Nublado";"Dupla";"Reta";"Sim";3;0;1;0;2;0;1;2;-8,748338;-63,888306;"SPRF-RO";"DEL04-RO";"UOP01-DEL04-RO"
241468;2019-10-10;"quinta-feira";"17:30:00";"ES";482;104;"GUACUI";"Falta de Atenção à Condução";"Colisão transversal";"Com Vítimas Feridas";"Pleno dia";"Decrescente";"Céu Claro";"Simples";"Interseção de Vias";"Sim";2;0;1;0;1;0;1;2;-20,78384403;-41,66073203;"SPRF-ES";"DEL03-ES";"UOP02-DEL03-ES"
241470;2019-10-10;"quinta-feira";"17:55:00";"PR";376;200;"MARIALVA";"Restrição de Visibilidade";"Colisão traseira";"Com Vítimas Feridas";"Anoitecer";"Decrescente";"Sol";"Dupla";"Reta";"Não";3;0;2;0;1;0;2;2;-23,50951388;-51,72140497;"SPRF-PR";"DEL07-PR";"UOP01-DEL09-PR"
241472;2019-10-10;"quinta-feira";"17:45:00";"ES";101;148;"LINHARES";"Falta de Atenção à Condução";"Colisão lateral";"Sem Vítimas";"Amanhecer";"Decrescente";"Céu Claro";"Dupla";"Interseção de Vias";"Não";2;0;0;0;2;0;0;2;-19,38779334;-40,06727815;"SPRF-ES";"DEL04-ES";"UOP01-DEL04-ES"
241473;2019-10-10;"quinta-feira";"17:40:00";"MG";40;527;"CONTAGEM";"Falta de Atenção à Condução";"Colisão transversal";"Com Vítimas Feridas";"Anoitecer";"Decrescente";"Céu Claro";"Dupla";"Reta";"Não";2;0;1;0;1;0;1;2;-19,90149502;-44,04938939;"SPRF-MG";"DEL01-MG";"UOP02-DEL01-MG"
241474;2019-10-10;"quinta-feira";"18:10:00";"SC";101;210;"SAO JOSE";"Desobediência às normas de trânsito pelo condutor";"Tombamento";"Com Vítimas Feridas";"Pleno dia";"Decrescente";"Céu Claro";"Dupla";"Reta";"Sim";1;0;1;0;0;0;1;1;-27,60327979;-48,63201818;"SPRF-SC";"DEL01-SC";"UOP01-DEL01-SC"
241476;2019-10-10;"quinta-feira";"17:10:00";"PR";376;150,2;"APUCARANA";"Falta de Atenção à Condução";"Saída de leito carroçável";"Com Vítimas Feridas";"Pleno dia";"Decrescente";"Sol";"Dupla";"Reta";"Não";1;0;1;0;0;0;1;1;-23,61614813;-51,3962853;"SPRF-PR";"DEL07-PR";"UOP01-DEL09-PR"
241483;2019-10-10;"quinta-feira";"17:45:00";"PA";163;996;"SANTAREM";"Falta de Atenção à Condução";"Colisão traseira";"Com Vítimas Feridas";"Pleno dia";"Crescente";"Céu Claro";"Simples";"Reta;Declive";"Não";2;0;0;1;1;0;1;2;-2,501135;-54,729603;"SPRF-PA";"DEL05-PA";"UOP01-DEL05-PA"
241484;2019-10-10;"quinta-feira";"19:10:00";"GO";40;3,2;"VALPARAISO DE GOIAS";"Não guardar distância de segurança";"Colisão traseira";"Com Vítimas Feridas";"Plena Noite";"Crescente";"Céu Claro";"Dupla";"Reta;Declive";"Não";3;0;0;2;1;0;2;2;-16,076081;-47,985671;"SPRF-DF";"DEL01-DF";"UOP01-DEL01-DF"
241489;2019-10-10;"quinta-feira";"19:20:00";"RS";116;252;"SAPUCAIA DO SUL";"Falta de Atenção à Condução";"Colisão traseira";"Com Vítimas Feridas";"Plena Noite";"Crescente";"Céu Claro";"Dupla";"Reta";"Sim";4;0;1;0;3;0;1;3;-29,80913395;-51,1675292;"SPRF-RS";"DEL01-RS";"UOP02-DEL01-RS"
241491;2019-10-10;"quinta-feira";"20:00:00";"ES";101;8;"PEDRO CANARIO";"Animais na Pista";"Atropelamento de Animal";"Com Vítimas Feridas";"Plena Noite";"Crescente";"Céu Claro";"Simples";"Declive";"Não";2;0;1;0;0;1;1;2;-18,23027961;-39,95278417;"SPRF-ES";"DEL04-ES";"UOP02-DEL04-ES"
241492;2019-10-10;"quinta-feira";"17:30:00";"ES";101;145;"LINHARES";"Falta de Atenção à Condução";"Colisão traseira";"Com Vítimas Feridas";"Amanhecer";"Decrescente";"Céu Claro";"Dupla";"Reta";"Não";3;0;1;1;1;0;2;2;-19,36362394;-40,06462812;"SPRF-ES";"DEL04-ES";"UOP01-DEL04-ES"
241493;2019-10-10;"quinta-feira";"18:00:00";"ES";101;269;"SERRA";"Falta de Atenção à Condução";"Colisão traseira";"Com Vítimas Feridas";"Plena Noite";"Crescente";"Céu Claro";"Dupla";"Reta";"Sim";2;0;0;1;1;0;1;2;-20,21740496;-40,26990578;"SPRF-ES";"DEL02-ES";"UOP01-DEL02-ES"
241495;2019-10-10;"quinta-feira";"16:50:00";"SC";470;139,4;"RIO DO SUL";"Falta de Atenção à Condução";"Colisão lateral";"Sem Vítimas";"Pleno dia";"Decrescente";"Céu Claro";"Simples";"Rotatória";"Sim";2;0;0;0;2;0;0;2;-27,217564;-49,65461;"SPRF-SC";"DEL04-SC";"UOP02-DEL04-SC"
241497;2019-10-10;"quinta-feira";"20:00:00";"RN";101;80;"SAO GONCALO DO AMARANTE";"Falta de Atenção à Condução";"Colisão lateral";"Com Vítimas Feridas";"Plena Noite";"Crescente";"Ignorado";"Dupla";"Reta";"Sim";4;0;1;0;3;0;1;3;-5,75852229;-35,28806121;"SPRF-RN";"DEL02-RN";"UOP01-DEL02-RN"