"id";"data_inversa";"dia_semana";"horario";"uf";"br";"km";"municipio";"causa_acidente";"tipo_acidente";"classificacao_acidente";"fase_dia";"sentido_via";"condicao_metereologica";"tipo_pista";"tracado_via";"uso_solo";"pessoas";"mortos";"feridos_leves";"feridos_graves";"ilesos";"ignorados";"feridos";"veiculos";"latitude";"longitude";"regional";"delegacia";"uop"
241499;2019-10-10;"quinta-feira";"18:25:00";"PB";230;398,7;"POMBAL";"Animais na Pista";"Atropelamento de Animal";"Com Vítimas Feridas";"Plena Noite";"Decrescente";"Céu Claro";"Simples";"Reta";"Não";3;0;3;0;0;0;3;1;-6,8378;-37,7517;"SPRF-PB";"DEL03-PB";"UOP02-DEL03-PB"
241504;2019-10-10;"quinta-feira";"21:30:00";"RJ";40;105;"DUQUE DE CAXIAS";"Falta de Atenção à Condução";"Atropelamento de Pedestre";"Com Vítimas Feridas";"Plena Noite";"Decrescente";"Nublado";"Simples";"Reta";"Sim";3;0;1;0;1;1;1;2;-22,63784806;-43,28428824;"SPRF-RJ";"DEL01-RJ";"UOP01-DEL01-RJ"
241506;2019-10-10;"quinta-feira";"20:30:00";"RS";290;176,3;"BUTIA";"Falta de Atenção à Condução";"Colisão transversal";"Com Vítimas Feridas";"Plena Noite";"Crescente";"Céu Claro";"Simples";"Reta";"Sim";2;0;0;1;1;0;1;2;-30,13236007;-51,97957993;"SPRF-RS";"DEL02-RS";"UOP02-DEL02-RS"
241507;2019-10-10;"quinta-feira";"19:00:00";"TO";153;334,9;"GUARAI";"Falta de Atenção à Condução";"Colisão transversal";"Com Vítimas Feridas";"Plena Noite";"Decrescente";"Céu Claro";"Dupla";"Reta";"Sim";4;0;1;0;3;0;1;2;-8,835718;-48,512123;"SPRF-TO";"DEL02-TO";"UOP02-DEL02-TO"
241509;2019-10-10;"quinta-feira";"19:30:00";"SC";116;247,9;"LAGES";"Falta de Atenção à Condução";"Colisão lateral";"Sem Vítimas";"Plena Noite";"Crescente";"Céu Claro";"Simples";"Reta";"Sim";2;0;0;0;1;1;0;2;-27,8178988;-50,37282944;"SPRF-SC";"DEL05-SC";"UOP02-DEL05-SC"
241510;2019-10-10;"quinta-feira";"19:30:00";"PB";361;4,7;"PATOS";"Ingestão de Álcool";"Colisão traseira";"Com Vítimas Feridas";"Plena Noite";"Crescente";"Céu Claro";"Simples";"Reta";"Sim";3;0;0;1;2;0;1;3;-7,03208047;-37,29365088;"SPRF-PB";"DEL03-PB";"UOP01-DEL03-PB"
241511;2019-10-10;"quinta-feira";"17:30:00";"PI";343;335,8;"TERESINA";"Falta de Atenção à Condução";"Colisão transversal";"Com Vítimas Fatais";"Anoitecer";"Crescente";"Céu Claro";"Simples";"Interseção de Vias";"Sim";2;1;0;0;1;0;0;2;-5,061626;-42,696655;"SPRF-PI";"DEL01-PI";"UOP01-DEL01-PI"
241512;2019-10-10;"quinta-feira";"17:50:00";"PI";343;324,2;"TERESINA";"Desobediência às normas de trânsito pelo condutor";"Colisão lateral";"Com Vítimas Feridas";"Pleno dia";"Decrescente";"Céu Claro";"Simples";"Reta";"Não";11;0;3;3;5;0;6;3;-5,061587;-42,60183;"SPRF-PI";"DEL01-PI";"UOP01-DEL01-PI"
241514;2019-10-10;"quinta-feira";"22:10:00";"PB";230;35,9;"SANTA RITA";"Pista Escorregadia";"Tombamento";"Com Vítimas Feridas";"Plena Noite";"Crescente";"Céu Claro";"Dupla";"Curva";"Não";1;0;1;0;0;0;1;1;-7,12386734;-34,94628668;"SPRF-PB";"DEL01-PB";"UOP03-DEL01-PB"
241515;2019-10-10;"quinta-feira";"22:00:00";"MG";365;616,4;"UBERLANDIA";"Animais na Pista";"Queda de ocupante de veículo";"Com Vítimas Feridas";"Plena Noite";"Decrescente";"Nublado";"Dupla";"Reta";"Não";1;0;0;1;0;0;1;1;-18,93797374;-48,21320795;"SPRF-MG";"DEL15-MG";"UOP01-DEL15-MG"
241516;2019-06-09;"domingo";"18:00:00";"MG";40;527;"CONTAGEM";"Velocidade Incompatível";"Atropelamento de Pedestre";"Com Vítimas Feridas";"Anoitecer";"Decrescente";"Céu Claro";"Dupla";"Curva";"Não";2;0;0;1;1;0;1;2;-19,90149502;-44,04938939;"SPRF-MG";"DEL01-MG";"UOP02-DEL01-MG"
241517;2019-10-10;"quinta-feira";"21:00:00";"MG";381;478,3;"CONTAGEM";"Ingestão de Álcool";"Colisão traseira";"Com Vítimas Feridas";"Plena Noite";"Crescente";"Céu Claro";"Múltipla";"Reta";"Sim";3;0;1;0;1;1;1;3;-19,95826094;-44,05921101;"SPRF-MG";"DEL01-MG";"UOP03-DEL01-MG"
241518;2019-10-10;"quinta-feira";"21:00:00";"SC";101;328,1;"CAPIVARI DE BAIXO";"Falta de Atenção à Condução";"Tombamento";"Com Vítimas Feridas";"Plena Noite";"Crescente";"Céu Claro";"Dupla";"Reta";"Não";1;0;1;0;0;0;1;1;-28,43648094;-48,95989307;"SPRF-SC";"DEL02-SC";"UOP01-DEL02-SC"
241520;2019-10-10;"quinta-feira";"20:20:00";"SC";101;388,9;"CRICIUMA";"Sinalização da via insuficiente ou inadequada";"Saída de leito carroçável";"Com Vítimas Feridas";"Plena Noite";"Crescente";"Nublado";"Dupla";"Reta";"Não";13;0;12;1;0;0;13;1;-28,78529329;-49,33739925;"SPRF-SC";"DEL02-SC";"UOP02-DEL02-SC"
241521;2019-10-10;"quinta-feira";"21:20:00";"PR";116;103;"SAO JOSE DOS PINHAIS";"Desobediência às normas de trânsito pelo condutor";"Colisão frontal";"Sem Vítimas";"Plena Noite";"Decrescente";"Céu Claro";"Simples";"Reta";"Não";3;0;0;0;2;1;0;2;-25,57147018;-49,19760597;"SPRF-PR";"DEL01-PR";"UOP01-DEL01-PR"
241522;2019-10-10;"quinta-feira";"22:30:00";"SP";381;38;"ATIBAIA";"Não guardar distância de segurança";"Colisão traseira";"Com Vítimas Feridas";"Plena Noite";"Crescente";"Céu Claro";"Múltipla";"Em Obras;Reta";"Sim";2;0;1;0;1;0;1;2;-23,1133221;-46,57174974;"SPRF-SP";"DEL03-SP";"UOP01-DEL03-SP"
241523;2019-10-10;"quinta-feira";"22:15:00";"MG";40;566;"NOVA LIMA";"Falta de Atenção à Condução";"Saída de leito carroçável";"Com Vítimas Feridas";"Plena Noite";"Decrescente";"Céu Claro";"Simples";"Aclive";"Não";2;0;0;2;0;0;2;1;-20,17884905;-43,96636352;"SPRF-MG";"DEL01-MG";"UOP02-DEL01-MG"
241524;2019-10-10;"quinta-feira";"23:00:00";"SP";153;57,5;"SAO JOSE DO RIO PRETO";"Falta de Atenção à Condução";"Tombamento";"Com Vítimas Feridas";"Plena Noite";"Crescente";"Céu Claro";"Simples";"Curva";"Sim";1;0;0;1;0;0;1;1;-20,76991095;-49,34982212;"SPRF-SP";"DEL09-SP";"UOP01-DEL09-SP"
241526;2019-10-10;"quinta-feira";"22:40:00";"GO";153;500;"GOIANIA";"Não guardar distância de segurança";"Colisão lateral";"Com Vítimas Feridas";"Plena Noite";"Crescente";"Céu Claro";"Simples";"Interseção de Vias";"Sim";2;0;1;0;1;0;1;2;-16,70398445;-49,23121195;"SPRF-GO";"DEL01-GO";"UOP01-DEL01-GO"
241527;2019-10-10;"quinta-feira";"19:33:00";"MA";135;1,6;"SAO LUIS";"Falta de Atenção à Condução";"Colisão traseira";"Com Vítimas Feridas";"Plena Noite";"Decrescente";"Céu Claro";"Dupla";"Reta";"Sim";2;0;1;0;1;0;1;2;-2,58948332;-44,24419105;"SPRF-MA";"DEL01-MA";"UOP01-DEL01-MA"
241529;2019-10-10;"quinta-feira";"23:00:00";"SP";116;294;"ITAPECERICA DA SERRA";"Falta de Atenção à Condução";"Colisão com objeto estático";"Sem Vítimas";"Plena Noite";"Decrescente";"Nublado";"Dupla";"Reta";"Não";1;0;0;0;0;1;0;1;-23,76154691;-46,90483412;"SPRF-SP";"DEL04-SP";"UOP01-DEL04-SP"
241530;2019-10-10;"quinta-feira";"23:45:00";"PE";408;94;"SAO LOURENCO DA MATA";"Falta de Atenção à Condução";"Colisão lateral";"Sem Vítimas";"Plena Noite";"Crescente";"Nublado";"Dupla";"Reta";"Não";2;0;0;0;2;0;0;2;-8,00448211;-35,04643006;"SPRF-PE";"DEL01-PE";"UOP01-DEL01-PE"
241532;2019-10-10;"quinta-feira";"23:30:00";"RJ";40;89;"PETROPOLIS";"Pista Escorregadia";"Queda de ocupante de veículo";"Com Vítimas Feridas";"Plena Noite";"Decrescente";"Garoa/Chuvisco";"Simples";"Curva";"Não";1;0;1;0;0;0;1;1;-22,556263;-43,23718;"SPRF-RJ";"DEL06-RJ";"UOP01-DEL06-RJ"
241534;2019-10-11;"sexta-feira";"00:00:00";"MG";381;500,9;"BETIM";"Falta de Atenção à Condução";"Capotamento";"Com Vítimas Feridas";"Plena Noite";"Crescente";"Nublado";"Múltipla";"Reta";"Sim";1;0;1;0;0;0;1;1;-20,02513493;-44,23112709;"SPRF-MG";"DEL01-MG";"UOP03-DEL01-MG"
241537;2019-10-11;"sexta-feira";"00:05:00";"CE";222;1;"CAUCAIA";"Falta de Atenção à Condução";"Colisão com objeto estático";"Sem Vítimas";"Plena Noite";"Decrescente";"Céu Claro";"Dupla";"Reta";"Sim";1;0;0;0;0;1;0;1;-3,736507;-38,65337;"SPRF-CE";"DEL01-CE";"UOP01-DEL01-CE"
241538;2019-10-10;"quinta-feira";"23:53:00";"MS";163;486,4;"CAMPO GRANDE";"Falta de Atenção à Condução";"Colisão lateral";"Com Vítimas Feridas";"Plena Noite";"Crescente";"Nublado";"Simples";"Reta";"Sim";3;0;2;0;0;1;2;2;-20,43041272;-54,54440499;"SPRF-MS";"DEL01-MS";"UOP02-DEL01-MS"
241540;2019-10-10;"quinta-feira";"23:00:00";"RS";471;188,3;"RIO PARDO";"Falta de Atenção à Condução";"Colisão frontal";"Com Vítimas Feridas";"Plena Noite";"Decrescente";"Céu Claro";"Simples";"Reta";"Não";2;0;1;1;0;0;2;2;-30,148029;-52,373077;"SPRF-RS";"DEL02-RS";"UOP02-DEL02-RS"
241544;2019-10-11;"sexta-feira";"02:10:00";"CE";116;8,8;"FORTALEZA";"Ingestão de Álcool";"Colisão traseira";"Com Vítimas Feridas";"Plena Noite";"Crescente";"Céu Claro";"Dupla";"Reta";"Sim";3;0;1;0;2;0;1;2;-3,8192799;-38,50268337;"SPRF-CE";"DEL01-CE";"UOP02-DEL01-CE"
241546;2019-10-04;"sexta-feira";"16:50:00";"MS";158;197;"SELVIRIA";"Falta de Atenção à Condução";"Queda de ocupante de veículo";"Com Vítimas Feridas";"Pleno dia";"Decrescente";"Céu Claro";"Simples";"Reta";"Não";1;0;1;0;0;0;1;1;-20,36899562;-51,41999305;"SPRF-MS";"DEL07-MS";"UOP01-DEL07-MS"
241547;2019-10-10;"quinta-feira";"20:40:00";"SC";280;127;"RIO NEGRINHO";"Falta de Atenção à Condução";"Colisão transversal";"Com Vítimas Feridas";"Anoitecer";"Crescente";"Céu Claro";"Simples";"Reta";"Sim";2;0;1;0;1;0;1;2;-26,23943953;-49,50420708;"SPRF-SC";"DEL06-SC";"UOP03-DEL06-SC"
241548;2019-10-10;"quinta-feira";"17:50:00";"SC";280;24;"ARAQUARI";"Falta de Atenção à Condução";"Colisão transversal";"Com Vítimas Feridas";"Anoitecer";"Crescente";"Céu Claro";"Simples";"Interseção de Vias";"Sim";2;0;1;0;1;0;1;2;-26,37724921;-48,71953282;"SPRF-SC";"DEL03-SC";"UOP03-DEL03-SC"
241550;2019-10-11;"sexta-feira";"02:40:00";"SC";282;3,1;"SAO JOSE";"Condutor Dormindo";"Capotamento";"Com Vítimas Feridas";"Plena Noite";"Crescente";"Céu Claro";"Dupla";"Curva";"Sim";1;0;0;1;0;0;1;1;-27,600384;-48,599705;"SPRF-SC";"DEL01-SC";"UOP01-DEL01-SC"
241551;2019-10-11;"sexta-feira";"04:55:00";"MG";381;345;"BELA VISTA DE MINAS";"Condutor Dormindo";"Saída de leito carroçável";"Com Vítimas Feridas";"Amanhecer";"Decrescente";"Chuva";"Simples";"Curva";"Não";4;0;3;1;0;0;4;1;-19,86363214;-43,12254285;"SPRF-MG";"DEL03-MG";"UOP01-DEL03-MG"
241553;2019-10-11;"sexta-feira";"05:30:00";"SP";116;204;"ARUJA";"Condutor Dormindo";"Colisão com objeto estático";"Com Vítimas Feridas";"Amanhecer";"Crescente";"Céu Claro";"Dupla";"Reta";"Sim";1;0;1;0;0;0;1;1;-23,41236123;-46,35692496;"SPRF-SP";"DEL01-SP";"UOP02-DEL01-SP"
241554;2019-10-10;"quinta-feira";"22:10:00";"RO";319;63,8;"PORTO VELHO";"Não guardar distância de segurança";"Colisão com objeto estático";"Com Vítimas Feridas";"Plena Noite";"Decrescente";"Céu Claro";"Dupla";"Reta";"Sim";2;0;1;0;0;1;1;2;-8,76477857;-63,88459867;"SPRF-RO";"DEL01-RO";"UOP01-DEL01-RO"
241557;2019-10-11;"sexta-feira";"04:00:00";"PE";407;129,2;"PETROLINA";"Ingestão de Álcool";"Danos eventuais";"Sem Vítimas";"Plena Noite";"Decrescente";"Céu Claro";"Dupla";"Reta";"Sim";1;0;0;0;1;0;0;1;-9,39958299;-40,50459298;"SPRF-PE";"DEL06-PE";"UOP01-DEL06-PE"
241559;2019-10-11;"sexta-feira";"05:30:00";"SP";381;88,8;"GUARULHOS";"Velocidade Incompatível";"Capotamento";"Com Vítimas Feridas";"Amanhecer";"Crescente";"Céu Claro";"Dupla";"Reta";"Não";1;0;0;1;0;0;1;1;-23,47469314;-46,56112919;"SPRF-SP";"DEL03-SP";"UOP01-DEL03-SP"
241560;2019-10-11;"sexta-feira";"01:20:00";"SC";470;44;"BLUMENAU";"Condutor Dormindo";"Capotamento";"Com Vítimas Feridas";"Plena Noite";"Decrescente";"Céu Claro";"Simples";"Reta";"Não";1;0;0;1;0;0;1;1;-26,870665;-49,021896;"SPRF-SC";"DEL04-SC";"UOP01-DEL04-SC"
241563;2019-10-11;"sexta-feira";"06:30:00";"SP";381;87;"GUARULHOS";"Não guardar distância de segurança";"Colisão lateral";"Com Vítimas Feridas";"Pleno dia";"Crescente";"Céu Claro";"Múltipla";"Reta";"Sim";2;0;0;1;1;0;1;2;-23,46885001;-46,56996601;"SPRF-SP";"DEL03-SP";"UOP01-DEL03-SP"
241565;2019-10-11;"sexta-feira";"05:40:00";"RS";290;34;"SANTO ANTONIO DA PATRULHA";"Falta de Atenção à Condução";"Saída de leito carroçável";"Com Vítimas Feridas";"Amanhecer";"Decrescente";"Nublado";"Dupla";"Reta";"Não";2;0;2;0;0;0;2;1;-29,885969;-50,596653;"SPRF-RS";"DEL03-RS";"UOP01-DEL03-RS"
241566;2019-10-11;"sexta-feira";"05:52:00";"AL";101;144;"SAO MIGUEL DOS CAMPOS";"Falta de Atenção à Condução";"Saída de leito carroçável";"Com Vítimas Feridas";"Amanhecer";"Crescente";"Sol";"Dupla";"Declive;Reta";"Não";1;0;1;0;0;0;1;1;-9,85676299;-36,14470806;"SPRF-AL";"DEL02-AL";"UOP01-DEL02-AL"
241567;2019-10-11;"sexta-feira";"06:15:00";"GO";80;21,2;"PADRE BERNARDO";"Falta de Atenção à Condução";"Colisão com objeto estático";"Com Vítimas Feridas";"Amanhecer";"Crescente";"Céu Claro";"Simples";"Declive;Em Obras;Retorno Regulamentado;Reta";"Sim";1;0;0;1;0;0;1;1;-15,369781;-48,21958;"SPRF-DF";"DEL01-DF";"UOP02-DEL03-DF"
241568;2019-10-11;"sexta-feira";"06:30:00";"RJ";101;55;"CAMPOS DOS GOYTACAZES";"Falta de Atenção à Condução";"Colisão transversal";"Com Vítimas Feridas";"Amanhecer";"Decrescente";"Céu Claro";"Simples";"Interseção de Vias";"Não";2;0;1;0;1;0;1;2;-21,67827099;-41,31079872;"SPRF-RJ";"DEL08-RJ";"UOP01-DEL08-RJ"
241570;2019-10-11;"sexta-feira";"06:50:00";"BA";324;512;"FEIRA DE SANTANA";"Não guardar distância de segurança";"Queda de ocupante de veículo";"Com Vítimas Feridas";"Pleno dia";"Decrescente";"Garoa/Chuvisco";"Dupla";"Viaduto";"Sim";1;0;1;0;0;0;1;1;-12,22584428;-38,96500584;"SPRF-BA";"DEL02-BA";"UOP01-DEL02-BA"
241571;2019-10-11;"sexta-feira";"07:01:00";"SP";116;229;"SAO PAULO";"Não guardar distância de segurança";"Colisão traseira";"Com Vítimas Feridas";"Amanhecer";"Crescente";"Nublado";"Múltipla";"Reta";"Sim";5;0;4;0;0;1;4;3;-23,51291902;-46,57604698;"SPRF-SP";"DEL01-SP";"UOP01-DEL01-SP"
241572;2019-10-11;"sexta-feira";"06:20:00";"CE";116;307,2;"JAGUARIBE";"Desobediência às normas de trânsito pelo condutor";"Colisão traseira";"Com Vítimas Feridas";"Pleno dia";"Crescente";"Céu Claro";"Simples";"Reta";"Sim";2;0;0;1;0;1;1;2;-5,8928891;-38,61938953;"SPRF-CE";"DEL05-CE";"UOP02-DEL05-CE"
241573;2019-10-11;"sexta-feira";"07:20:00";"PR";376;179,2;"MARINGA";"Ingestão de Álcool";"Colisão traseira";"Com Vítimas Feridas";"Pleno dia";"Crescente";"Sol";"Múltipla";"Reta";"Sim";3;0;1;0;2;0;1;2;-23,42244278;-51,90360392;"SPRF-PR";"DEL07-PR";"UOP01-DEL09-PR"
241574;2019-10-11;"sexta-feira";"06:25:00";"RJ";101;297;"ITABORAI";"Falta de Atenção à Condução";"Colisão lateral";"Com Vítimas Feridas";"Pleno dia";"Decrescente";"Céu Claro";"Simples";"Reta";"Sim";2;0;1;0;1;0;1;2;-22,77129465;-42,92245746;"SPRF-RJ";"DEL02-RJ";"UOP03-DEL02-RJ"
241575;2019-10-11;"sexta-feira";"07:00:00";"PE";428;187,8;"PETROLINA";"Desobediência às normas de trânsito pelo condutor";"Colisão transversal";"Com Vítimas Feridas";"Pleno dia";"Crescente";"Céu Claro";"Simples";"Reta";"Sim";2;0;1;0;0;1;1;2;-9,35604301;-40,47854198;"SPRF-PE";"DEL06-PE";"UOP01-DEL06-PE"
241578;2019-10-11;"sexta-feira";"07:00:00";"RJ";101;60;"CAMPOS DOS GOYTACAZES";"Não guardar distância de segurança";"Colisão traseira";"Com Vítimas Feridas";"Pleno dia";"Crescente";"Céu Claro";"Simples";"Reta";"Sim";2;0;1;0;1;0;1;2;-21,72048414;-41,31448591;"SPRF-RJ";"DEL08-RJ";"UOP01-DEL08-RJ"
241579;2019-10-11;"sexta-feira";"07:20:00";"RS";470;224,9;"GARIBALDI";"Desobediência às normas de trânsito pelo condutor";"Colisão transversal";"Com Vítimas Feridas";"Pleno dia";"Decrescente";"Céu Claro";"Simples";"Reta";"Não";2;0;1;1;0;0;2;2;-29,21351804;-51,51780626;"SPRF-RS";"DEL06-RS";"UOP01-DEL06-RS"
241580;2019-10-11;"sexta-feira";"07:15:00";"RJ";40;121;"DUQUE DE CAXIAS";"Falta de Atenção à Condução";"Colisão lateral";"Com Vítimas Feridas";"Pleno dia";"Crescente";"Céu Claro";"Múltipla";"Reta";"Sim";2;0;1;0;1;0;1;2;-22,7903222;-43,28607028;"SPRF-RJ";"DEL01-RJ";"UOP01-DEL01-RJ"
241581;2019-10-10;"quinta-feira";"21:30:00";"RJ";40;18;"TRES RIOS";"Animais na Pista";"Atropelamento de Animal";"Sem Vítimas";"Plena Noite";"Decrescente";"Céu Claro";"Dupla";"Reta";"Não";1;0;0;0;1;0;0;1;-22,09282704;-43,17077482;"SPRF-RJ";"DEL06-RJ";"UOP02-DEL05-RJ"
241582;2019-08-12;"segunda-feira";"23:00:00";"RN";101;73;"EXTREMOZ";"Ingestão de Álcool";"Colisão transversal";"Com Vítimas Feridas";"Plena Noite";"Decrescente";"Chuva";"Simples";"Declive";"Não";2;0;0;1;1;0;1;2;-5,70687202;-35,26688397;"SPRF-RN";"DEL02-RN";"UOP01-DEL02-RN"
241583;2019-10-11;"sexta-feira";"07:00:00";"MS";60;177,7;"CAMAPUA";"Falta de Atenção à Condução";"Saída de leito carroçável";"Com Vítimas Feridas";"Pleno dia";"Crescente";"Céu Claro";"Simples";"Reta";"Não";4;0;3;0;0;1;3;2;-19,51788453;-53,87878618;"SPRF-MS";"DEL06-MS";"UOP02-DEL06-MS"
241585;2019-10-11;"sexta-feira";"08:20:00";"MG";381;859,3;"POUSO ALEGRE";"Condutor Dormindo";"Saída de leito carroçável";"Com Vítimas Fatais";"Pleno dia";"Crescente";"Nublado";"Dupla";"Reta";"Não";1;1;0;0;0;0;0;1;-22,31552012;-45,90470374;"SPRF-MG";"DEL16-MG";"UOP01-DEL16-MG"
241586;2019-10-11;"sexta-feira";"08:00:00";"PE";101;83,5;"JABOATAO DOS GUARARAPES";"Desobediência às normas de trânsito pelo condutor";"Colisão lateral";"Com Vítimas Feridas";"Pleno dia";"Decrescente";"Sol";"Simples";"Reta";"Sim";2;0;1;0;1;0;1;2;-8,175172;-34,942642;"SPRF-PE";"DEL01-PE";"UOP03-DEL01-PE"
241587;2019-10-11;"sexta-feira";"08:10:00";"GO";50;147,5;"CAMPO ALEGRE DE GOIAS";"Condutor Dormindo";"Capotamento";"Com Vítimas Feridas";"Pleno dia";"Decrescente";"Nublado";"Dupla";"Reta";"Não";4;0;3;0;1;0;3;1;-17,1482;-47,7229;"SPRF-GO";"DEL06-GO";"UOP01-DEL06-GO"
241588;2019-10-11;"sexta-feira";"08:20:00";"ES";101;147;"LINHARES";"Falta de Atenção à Condução";"Colisão traseira";"Sem Vítimas";"Pleno dia";"Decrescente";"Céu Claro";"Dupla";"Reta";"Sim";2;0;0;0;2;0;0;2;-19,37887202;-40,06657892;"SPRF-ES";"DEL04-ES";"UOP01-DEL04-ES"
241589;2019-10-11;"sexta-feira";"05:40:00";"RO";364;435;"JARU";"Falta de Atenção à Condução";"Saída de leito carroçável";"Sem Vítimas";"Amanhecer";"Decrescente";"Céu Claro";"Simples";"Curva";"Não";2;0;0;0;2;0;0;1;-10,38423694;-62,54709493;"SPRF-RO";"DEL03-RO";"UOP02-DEL03-RO"
241590;2019-10-11;"sexta-feira";"06:50:00";"MG";381;533;"ITATIAIUCU";"Condutor Dormindo";"Saída de leito carroçável";"Com Vítimas Feridas";"Amanhecer";"Decrescente";"Céu Claro";"Dupla";"Reta";"Não";2;0;2;0;0;0;2;1;-20,19896036;-44,38641307;"SPRF-MG";"DEL04-MG";"UOP03-DEL04-MG"
241591;2019-10-11;"sexta-feira";"08:00:00";"MG";116;526,6;"CARATINGA";"Desobediência às normas de trânsito pelo condutor";"Colisão lateral";"Com Vítimas Feridas";"Pleno dia";"Crescente";"Nublado";"Simples";"Reta";"Sim";2;0;1;0;1;0;1;2;-19,77654011;-42,13327989;"SPRF-MG";"DEL06-MG";"UOP02-DEL06-MG"
241592;2019-10-11;"sexta-feira";"08:50:00";"PB";230;32;"BAYEUX";"Não guardar distância de segurança";"Colisão traseira";"Com Vítimas Feridas";"Pleno dia";"Decrescente";"Céu Claro";"Dupla";"Reta";"Não";2;0;1;0;1;0;1;2;-7,143;-34,9192;"SPRF-PB";"DEL01-PB";"UOP01-DEL01-PB"
241594;2019-10-11;"sexta-feira";"09:00:00";"RJ";465;19;"NOVA IGUACU";"Pista Escorregadia";"Queda de ocupante de veículo";"Com Vítimas Feridas";"Pleno dia";"Crescente";"Céu Claro";"Simples";"Reta";"Sim";2;0;0;1;0;1;1;2;-22,863579;-43,601479;"SPRF-RJ";"DEL01-RJ";"UOP03-DEL01-RJ"
241596;2019-08-10;"sábado";"13:02:00";"RJ";101;294;"ITABORAI";"Falta de Atenção à Condução";"Colisão traseira";"Com Vítimas Feridas";"Pleno dia";"Crescente";"Céu Claro";"Dupla";"Reta";"Sim";3;0;0;1;2;0;1;2;-22,76169401;-42,90003235;"SPRF-RJ";"DEL02-RJ";"UOP03-DEL02-RJ"
241599;2019-10-04;"sexta-feira";"04:40:00";"SC";116;1,8;"MAFRA";"Falta de Atenção à Condução";"Colisão transversal";"Com Vítimas Feridas";"Plena Noite";"Crescente";"Ignorado";"Simples";"Interseção de Vias";"Sim";3;0;0;1;2;0;1;2;-26,1170929;-49,78694917;"SPRF-SC";"DEL06-SC";"UOP01-DEL06-SC"
241600;2019-10-11;"sexta-feira";"07:30:00";"PE";101;169,2;"AGUA PRETA";"Animais na Pista";"Atropelamento de Animal";"Com Vítimas Feridas";"Pleno dia";"Decrescente";"Nublado";"Dupla";"Reta";"Não";1;0;0;1;0;0;1;1;-8,57679958;-35,48941902;"SPRF-PE";"DEL01-PE";"UOP03-DEL01-PE"
241601;2019-10-11;"sexta-feira";"09:00:00";"MG";50;71;"UBERLANDIA";"Falta de Atenção à Condução";"Colisão traseira";"Com Vítimas Feridas";"Pleno dia";"Decrescente";"Nublado";"Dupla";"Reta";"Sim";2;0;1;0;1;0;1;2;-18,90191686;-48,23896587;"SPRF-MG";"DEL15-MG";"UOP01-DEL15-MG"
241602;2019-10-11;"sexta-feira";"08:40:00";"RN";405;2;"MOSSORO";"Desobediência às normas de trânsito pelo condutor";"Colisão lateral";"Com Vítimas Feridas";"Pleno dia";"Crescente";"Céu Claro";"Dupla";"Reta";"Sim";2;0;1;1;0;0;2;2;-5,19282682;-37,37112402;"SPRF-RN";"DEL04-RN";"UOP02-DEL04-RN"
241603;2019-10-11;"sexta-feira";"09:10:00";"MS";262;476,3;"ANASTACIO";"Falta de Atenção à Condução";"Colisão traseira";"Com Vítimas Feridas";"Pleno dia";"Crescente";"Céu Claro";"Simples";"Reta";"Não";10;0;1;0;9;0;1;2;-20,50784522;-55,68231502;"SPRF-MS";"DEL03-MS";"UOP01-DEL03-MS"
241604;2019-10-11;"sexta-feira";"09:25:00";"MS";163;262,6;"DOURADOS";"Ingestão de Álcool";"Saída de leito carroçável";"Com Vítimas Feridas";"Pleno dia";"Decrescente";"Céu Claro";"Dupla";"Reta";"Não";1;0;0;1;0;0;1;1;-22,2352256;-54,75663316;"SPRF-MS";"DEL04-MS";"UOP01-DEL04-MS"
241605;2019-10-11;"sexta-feira";"10:00:00";"SP";116;103,7;"TAUBATE";"Falta de Atenção à Condução";"Colisão traseira";"Com Vítimas Feridas";"Pleno dia";"Decrescente";"Sol";"Dupla";"Reta";"Não";2;0;1;0;1;0;1;2;-22,99919465;-45,49788917;"SPRF-SP";"DEL06-SP";"UOP01-DEL06-SP"
241609;2019-10-11;"sexta-feira";"10:20:00";"SP";381;59;"MAIRIPORA";"Não guardar distância de segurança";"Engavetamento";"Com Vítimas Feridas";"Pleno dia";"Crescente";"Céu Claro";"Dupla";"Declive";"Não";3;0;1;0;2;0;1;2;-23,28270705;-46,58787791;"SPRF-SP";"DEL03-SP";"UOP01-DEL03-SP"
241610;2019-10-11;"sexta-feira";"11:20:00";"SC";470;53,3;"BLUMENAU";"Falta de Atenção à Condução";"Colisão transversal";"Com Vítimas Feridas";"Pleno dia";"Crescente";"Céu Claro";"Simples";"Reta";"Não";2;0;1;0;1;0;1;2;-26,867121;-49,102066;"SPRF-SC";"DEL04-SC";"UOP01-DEL04-SC"
241612;2019-08-07;"quarta-feira";"17:30:00";"MG";381;351;"JOAO MONLEVADE";"Desobediência às normas de trânsito pelo condutor";"Colisão frontal";"Com Vítimas Feridas";"Anoitecer";"Decrescente";"Céu Claro";"Simples";"Reta";"Sim";2;0;1;0;1;0;1;2;-19,83838936;-43,18467205;"SPRF-MG";"DEL03-MG";"UOP01-DEL03-MG"