"id";"data_inversa";"dia_semana";"horario";"uf";"br";"km";"municipio";"causa_acidente";"tipo_acidente";"classificacao_acidente";"fase_dia";"sentido_via";"condicao_metereologica";"tipo_pista";"tracado_via";"uso_solo";"pessoas";"mortos";"feridos_leves";"feridos_graves";"ilesos";"ignorados";"feridos";"veiculos";"latitude";"longitude";"regional";"delegacia";"uop"
241613;2019-10-11;"sexta-feira";"10:25:00";"PR";277;242,1;"IRATI";"Não guardar distância de segurança";"Colisão traseira";"Com Vítimas Feridas";"Pleno dia";"Crescente";"Céu Claro";"Simples";"Reta";"Não";6;0;1;0;5;0;1;2;-25,4535737;-50,6481136;"SPRF-PR";"DEL03-PR";"UOP02-DEL08-PR"
241614;2019-10-11;"sexta-feira";"11:35:00";"PE";232;6;"RECIFE";"Falta de Atenção à Condução";"Colisão traseira";"Com Vítimas Feridas";"Pleno dia";"Decrescente";"Céu Claro";"Dupla";"Reta";"Sim";3;0;0;1;2;0;1;3;-8,070904;-34,95349646;"SPRF-PE";"DEL01-PE";"UOP01-DEL01-PE"
241615;2019-10-11;"sexta-feira";"09:00:00";"GO";364;0;"SAO SIMAO";"Falta de Atenção à Condução";"Colisão traseira";"Com Vítimas Feridas";"Pleno dia";"Decrescente";"Céu Claro";"Simples";"Ponte";"Não";4;0;1;0;3;0;1;2;-19,043621;-50,502663;"SPRF-GO";"DEL05-GO";"UOP02-DEL05-GO"
241616;2019-10-11;"sexta-feira";"11:20:00";"MG";381;483,5;"BETIM";"Não guardar distância de segurança";"Colisão traseira";"Sem Vítimas";"Pleno dia";"Decrescente";"Sol";"Dupla";"Reta";"Sim";2;0;0;0;2;0;0;2;-19,95594491;-44,10721699;"SPRF-MG";"DEL01-MG";"UOP03-DEL01-MG"
241618;2019-10-11;"sexta-feira";"10:30:00";"SC";282;358;"CAMPOS NOVOS";"Falta de Atenção à Condução";"Saída de leito carroçável";"Com Vítimas Feridas";"Pleno dia";"Decrescente";"Céu Claro";"Simples";"Aclive";"Não";2;0;2;0;0;0;2;1;-27,330637;-51,35474;"SPRF-SC";"DEL07-SC";"UOP05-DEL07-SC"
241621;2019-10-11;"sexta-feira";"12:30:00";"SP";116;361;"MIRACATU";"Defeito na Via";"Queda de ocupante de veículo";"Com Vítimas Feridas";"Pleno dia";"Decrescente";"Céu Claro";"Dupla";"Curva";"Não";2;0;1;0;1;0;1;1;-24,11717019;-47,26764709;"SPRF-SP";"DEL04-SP";"UOP03-DEL04-SP"
241625;2019-10-11;"sexta-feira";"12:40:00";"PR";476;157,5;"ARAUCARIA";"Falta de Atenção à Condução";"Colisão lateral";"Com Vítimas Feridas";"Pleno dia";"Decrescente";"Céu Claro";"Simples";"Reta";"Sim";2;0;1;0;1;0;1;2;-25,60639;-49,421112;"SPRF-PR";"DEL01-PR";"UOP06-DEL01-PR"
241626;2019-10-11;"sexta-feira";"12:45:00";"SC";116;10,5;"MAFRA";"Animais na Pista";"Colisão traseira";"Com Vítimas Feridas";"Pleno dia";"Crescente";"Céu Claro";"Simples";"Curva";"Não";3;0;1;0;2;0;1;2;-26,16829411;-49,85476074;"SPRF-SC";"DEL06-SC";"UOP01-DEL06-SC"
241627;2019-10-11;"sexta-feira";"11:47:00";"RO";364;344;"JI-PARANA";"Falta de Atenção à Condução";"Colisão lateral";"Com Vítimas Feridas";"Pleno dia";"Crescente";"Céu Claro";"Múltipla";"Interseção de Vias";"Não";4;0;0;1;1;2;1;3;-10,87376391;-61,95256893;"SPRF-RO";"DEL02-RO";"UOP01-DEL02-RO"
241630;2019-10-11;"sexta-feira";"12:35:00";"PB";101;84;"BAYEUX";"Não guardar distância de segurança";"Colisão traseira";"Com Vítimas Feridas";"Pleno dia";"Crescente";"Céu Claro";"Dupla";"Reta";"Sim";3;0;1;0;2;0;1;3;-7,13957906;-34,92312806;"SPRF-PB";"DEL01-PB";"UOP01-DEL01-PB"
241631;2019-07-24;"quarta-feira";"18:10:00";"BA";116;820;"VITORIA DA CONQUISTA";"Desobediência às normas de trânsito pelo condutor";"Colisão transversal";"Com Vítimas Feridas";"Anoitecer";"Crescente";"Ignorado";"Simples";"Declive";"Não";2;0;0;1;0;1;1;2;-14,7949317;-40,76373916;"SPRF-BA";"DEL08-BA";"UOP01-DEL08-BA"
241632;2019-09-24;"terça-feira";"17:20:00";"SC";470;136;"RIO DO SUL";"Falta de Atenção à Condução";"Colisão traseira";"Com Vítimas Feridas";"Pleno dia";"Crescente";"Nublado";"Simples";"Reta";"Não";3;0;1;1;1;0;2;2;-27,194323;-49,624554;"SPRF-SC";"DEL04-SC";"UOP02-DEL04-SC"
241634;2019-10-11;"sexta-feira";"12:00:00";"PR";476;120;"COLOMBO";"Falta de Atenção à Condução";"Colisão traseira";"Com Vítimas Feridas";"Pleno dia";"Crescente";"Céu Claro";"Múltipla";"Reta";"Sim";2;0;1;0;1;0;1;2;-25,37191;-49,19146;"SPRF-PR";"DEL01-PR";"UOP07-DEL01-PR"
241635;2019-10-11;"sexta-feira";"13:40:00";"SC";101;207;"SAO JOSE";"Falta de Atenção à Condução";"Colisão traseira";"Com Vítimas Feridas";"Pleno dia";"Decrescente";"Céu Claro";"Múltipla";"Reta";"Sim";2;0;1;0;1;0;1;2;-27,60001226;-48,6226467;"SPRF-SC";"DEL01-SC";"UOP01-DEL01-SC"
241636;2019-10-11;"sexta-feira";"13:50:00";"SE";235;74,7;"FREI PAULO";"Defeito Mecânico no Veículo";"Tombamento";"Com Vítimas Feridas";"Pleno dia";"Crescente";"Céu Claro";"Simples";"Reta";"Não";1;0;1;0;0;0;1;1;-10,544461;-37,545914;"SPRF-SE";"DEL01-SE";"UOP02-DEL01-SE"
241638;2019-10-11;"sexta-feira";"13:45:00";"MG";40;460,3;"CAETANOPOLIS";"Velocidade Incompatível";"Colisão com objeto estático";"Com Vítimas Feridas";"Pleno dia";"Decrescente";"Céu Claro";"Dupla";"Reta;Declive;Viaduto";"Não";1;0;1;0;0;0;1;1;-19,39770694;-44,33528916;"SPRF-MG";"DEL02-MG";"UOP01-DEL02-MG"
241639;2019-10-11;"sexta-feira";"14:05:00";"GO";60;93;"ANAPOLIS";"Falta de Atenção à Condução";"Saída de leito carroçável";"Sem Vítimas";"Pleno dia";"Decrescente";"Céu Claro";"Dupla";"Declive;Reta";"Sim";1;0;0;0;1;0;0;1;-16,3538;-48,9268;"SPRF-GO";"DEL02-GO";"UOP01-DEL02-GO"
241640;2019-10-11;"sexta-feira";"13:50:00";"GO";60;102;"ANAPOLIS";"Falta de Atenção à Condução";"Colisão transversal";"Com Vítimas Feridas";"Pleno dia";"Decrescente";"Céu Claro";"Múltipla";"Reta";"Sim";3;0;1;0;2;0;1;2;-16,406;-48,9831;"SPRF-GO";"DEL02-GO";"UOP01-DEL02-GO"
241641;2019-10-11;"sexta-feira";"08:30:00";"PR";277;33;"MORRETES";"Falta de Atenção à Condução";"Queda de ocupante de veículo";"Com Vítimas Feridas";"Pleno dia";"Crescente";"Nublado";"Dupla";"Curva";"Não";1;0;1;0;0;0;1;1;-25,56691068;-48,81225586;"SPRF-PR";"DEL01-PR";"UOP05-DEL01-PR"
241642;2019-10-11;"sexta-feira";"14:20:00";"ES";262;45,2;"MARECHAL FLORIANO";"Desobediência às normas de trânsito pelo condutor";"Colisão transversal";"Com Vítimas Feridas";"Pleno dia";"Crescente";"Nublado";"Simples";"Reta";"Sim";2;0;0;1;1;0;1;2;-20,40050771;-40,67211092;"SPRF-ES";"DEL01-ES";"UOP01-DEL01-ES"
241644;2019-10-11;"sexta-feira";"14:35:00";"PB";101;82,2;"BAYEUX";"Não guardar distância de segurança";"Colisão traseira";"Com Vítimas Feridas";"Pleno dia";"Crescente";"Céu Claro";"Dupla";"Reta";"Sim";5;0;1;0;4;0;1;2;-7,12911;-34,93714;"SPRF-PB";"DEL01-PB";"UOP01-DEL01-PB"
241645;2019-09-17;"terça-feira";"13:09:00";"GO";60;394;"RIO VERDE";"Falta de Atenção à Condução";"Queda de ocupante de veículo";"Com Vítimas Feridas";"Pleno dia";"Crescente";"Ignorado";"Dupla";"Reta";"Não";1;0;0;1;0;0;1;1;-17,823784;-50,993316;"SPRF-GO";"DEL04-GO";"UOP01-DEL04-GO"
241646;2019-10-11;"sexta-feira";"14:10:00";"PI";343;23,7;"PARNAIBA";"Defeito Mecânico no Veículo";"Saída de leito carroçável";"Sem Vítimas";"Pleno dia";"Crescente";"Sol";"Simples";"Reta";"Sim";2;0;0;0;1;1;0;2;-3,007861;-41,767223;"SPRF-PI";"DEL05-PI";"UOP01-DEL05-PI"
241652;2019-10-11;"sexta-feira";"14:40:00";"RS";116;521,9;"PELOTAS";"Falta de Atenção à Condução";"Colisão com objeto estático";"Com Vítimas Feridas";"Pleno dia";"Crescente";"Sol";"Dupla";"Ponte;Reta";"Não";1;0;1;0;0;0;1;1;-31,714441;-52,374715;"SPRF-RS";"DEL07-RS";"UOP01-DEL07-RS"
241653;2019-10-11;"sexta-feira";"14:40:00";"SC";470;12;"NAVEGANTES";"Desobediência às normas de trânsito pelo condutor";"Colisão lateral";"Com Vítimas Feridas";"Pleno dia";"Crescente";"Céu Claro";"Simples";"Reta";"Não";3;0;1;0;2;0;1;3;-26,835169;-48,757267;"SPRF-SC";"DEL04-SC";"UOP04-DEL04-SC"
241655;2019-10-11;"sexta-feira";"14:55:00";"RS";116;241;"NOVO HAMBURGO";"Mal Súbito";"Colisão traseira";"Com Vítimas Feridas";"Pleno dia";"Decrescente";"Céu Claro";"Múltipla";"Interseção de Vias";"Sim";2;0;1;0;1;0;1;2;-29,71396796;-51,1476744;"SPRF-RS";"DEL01-RS";"UOP02-DEL01-RS"
241656;2019-10-11;"sexta-feira";"14:30:00";"GO";40;19,3;"LUZIANIA";"Desobediência às normas de trânsito pelo condutor";"Colisão traseira";"Com Vítimas Feridas";"Pleno dia";"Decrescente";"Céu Claro";"Dupla";"Reta";"Sim";3;0;2;0;1;0;2;2;-16,21345894;-47,91646242;"SPRF-DF";"DEL01-DF";"UOP01-DEL01-DF"
241657;2019-10-11;"sexta-feira";"14:00:00";"SC";280;148,6;"MAFRA";"Falta de Atenção à Condução";"Colisão transversal";"Com Vítimas Feridas";"Pleno dia";"Crescente";"Céu Claro";"Simples";"Curva";"Não";3;0;0;2;1;0;2;2;-26,24634098;-49,67612686;"SPRF-SC";"DEL06-SC";"UOP03-DEL06-SC"
241658;2019-10-11;"sexta-feira";"14:45:00";"SC";101;202;"SAO JOSE";"Não guardar distância de segurança";"Colisão traseira";"Com Vítimas Feridas";"Pleno dia";"Crescente";"Céu Claro";"Múltipla";"Reta";"Sim";2;0;1;0;1;0;1;2;-27,55711595;-48,61897889;"SPRF-SC";"DEL01-SC";"UOP01-DEL01-SC"
241660;2019-10-11;"sexta-feira";"15:20:00";"PR";277;726,7;"FOZ DO IGUACU";"Falta de Atenção à Condução";"Colisão traseira";"Sem Vítimas";"Pleno dia";"Decrescente";"Céu Claro";"Dupla";"Reta";"Sim";2;0;0;0;2;0;0;2;-25,51037494;-54,56220523;"SPRF-PR";"DEL05-PR";"UOP03-DEL05-PR"
241661;2019-10-11;"sexta-feira";"15:30:00";"PR";469;1;"FOZ DO IGUACU";"Falta de Atenção à Condução";"Colisão transversal";"Com Vítimas Feridas";"Pleno dia";"Crescente";"Céu Claro";"Simples";"Interseção de Vias";"Sim";2;0;0;1;1;0;1;2;-25,574875;-54,55087;"SPRF-PR";"DEL05-PR";"UOP04-DEL05-PR"
241667;2019-10-11;"sexta-feira";"15:30:00";"PB";101;28,9;"RIO TINTO";"Desobediência às normas de trânsito pelo condutor";"Colisão lateral";"Com Vítimas Feridas";"Pleno dia";"Crescente";"Céu Claro";"Dupla";"Retorno Regulamentado";"Não";2;0;1;0;1;0;1;2;-6,73315199;-35,12593202;"SPRF-PB";"DEL01-PB";"UOP04-DEL01-PB"
241668;2019-10-11;"sexta-feira";"16:20:00";"ES";101;267,8;"SERRA";"Desobediência às normas de trânsito pelo condutor";"Colisão transversal";"Com Vítimas Feridas";"Pleno dia";"Decrescente";"Céu Claro";"Dupla";"Interseção de Vias";"Sim";2;0;1;0;1;0;1;2;-20,19930999;-40,26884609;"SPRF-ES";"DEL02-ES";"UOP01-DEL02-ES"
241669;2019-10-11;"sexta-feira";"13:10:00";"SC";116;5,5;"MAFRA";"Ultrapassagem Indevida";"Colisão frontal";"Com Vítimas Feridas";"Pleno dia";"Crescente";"Céu Claro";"Simples";"Reta";"Sim";2;0;1;0;1;0;1;2;-26,14958265;-49,82780457;"SPRF-SC";"DEL06-SC";"UOP01-DEL06-SC"
241670;2019-10-11;"sexta-feira";"16:20:00";"RJ";40;111;"DUQUE DE CAXIAS";"Falta de Atenção à Condução";"Colisão traseira";"Com Vítimas Feridas";"Pleno dia";"Decrescente";"Sol";"Múltipla";"Reta";"Sim";2;0;1;0;1;0;1;2;-22,691868;-43,287453;"SPRF-RJ";"DEL01-RJ";"UOP01-DEL01-RJ"
241671;2019-10-11;"sexta-feira";"07:50:00";"RR";210;126;"SAO JOAO DA BALIZA";"Desobediência às normas de trânsito pelo condutor";"Colisão frontal";"Com Vítimas Feridas";"Pleno dia";"Decrescente";"Céu Claro";"Simples";"Aclive;Reta";"Não";3;0;2;0;0;1;2;3;1,00343526;-60,01708838;"SPRF-RR";"DEL01-RR";"UOP01-DEL01-RR"
241672;2019-09-25;"quarta-feira";"09:30:00";"MG";116;777,3;"LEOPOLDINA";"Pista Escorregadia";"Colisão frontal";"Com Vítimas Fatais";"Pleno dia";"Decrescente";"Chuva";"Simples";"Reta";"Não";5;1;0;4;0;0;4;2;-21,59632074;-42,69196405;"SPRF-MG";"DEL07-MG";"UOP01-DEL07-MG"
241674;2019-10-11;"sexta-feira";"15:10:00";"BA";116;277;"TUCANO";"Falta de Atenção à Condução";"Queda de ocupante de veículo";"Com Vítimas Feridas";"Pleno dia";"Decrescente";"Céu Claro";"Simples";"Reta";"Não";1;0;0;1;0;0;1;1;-10,98605827;-38,80013655;"SPRF-BA";"DEL07-BA";"UOP02-DEL07-BA"
241675;2019-10-11;"sexta-feira";"17:05:00";"BA";116;827,2;"VITORIA DA CONQUISTA";"Desobediência às normas de trânsito pelo condutor";"Colisão transversal";"Com Vítimas Feridas";"Pleno dia";"Crescente";"Céu Claro";"Simples";"Interseção de Vias;Reta";"Sim";2;0;1;0;1;0;1;2;-14,82538058;-40,82217022;"SPRF-BA";"DEL08-BA";"UOP01-DEL08-BA"
241677;2019-10-11;"sexta-feira";"14:15:00";"SC";282;430,5;"VARGEM BONITA";"Falta de Atenção à Condução";"Colisão com objeto estático";"Com Vítimas Feridas";"Pleno dia";"Crescente";"Céu Claro";"Simples";"Reta";"Não";3;0;0;3;0;0;3;1;-26,980852;-51,795891;"SPRF-SC";"DEL07-SC";"UOP05-DEL07-SC"
241678;2019-10-11;"sexta-feira";"17:09:00";"PB";230;19;"JOAO PESSOA";"Não guardar distância de segurança";"Colisão traseira";"Com Vítimas Feridas";"Anoitecer";"Crescente";"Céu Claro";"Dupla";"Reta";"Sim";3;0;2;0;1;0;2;2;-7,1281;-34,8466;"SPRF-PB";"DEL01-PB";"UOP01-DEL01-PB"
241680;2019-10-11;"sexta-feira";"16:35:00";"SC";282;524;"XAXIM";"Agressão Externa";"Saída de leito carroçável";"Com Vítimas Feridas";"Pleno dia";"Decrescente";"Sol";"Múltipla";"Aclive";"Não";2;0;1;0;1;0;1;1;-26,965002;-52,557384;"SPRF-SC";"DEL07-SC";"UOP01-DEL07-SC"
241681;2019-10-11;"sexta-feira";"17:00:00";"MG";40;413,8;"CURVELO";"Falta de Atenção à Condução";"Colisão transversal";"Com Vítimas Feridas";"Pleno dia";"Decrescente";"Céu Claro";"Simples";"Reta";"Não";3;0;1;0;2;0;1;2;-19,13705965;-44,61672306;"SPRF-MG";"DEL02-MG";"UOP01-DEL02-MG"
241684;2019-10-11;"sexta-feira";"17:10:00";"SC";101;200;"SAO JOSE";"Falta de Atenção à Condução";"Queda de ocupante de veículo";"Com Vítimas Feridas";"Anoitecer";"Crescente";"Céu Claro";"Dupla";"Reta";"Sim";1;0;1;0;0;0;1;1;-27,54018513;-48,62287714;"SPRF-SC";"DEL01-SC";"UOP01-DEL01-SC"
241687;2019-10-11;"sexta-feira";"17:00:00";"SP";116;159;"JACAREI";"Falta de Atenção à Condução";"Engavetamento";"Com Vítimas Feridas";"Pleno dia";"Decrescente";"Céu Claro";"Dupla";"Reta";"Não";4;0;2;0;2;0;2;3;-23,26585409;-45,95983994;"SPRF-SP";"DEL02-SP";"UOP01-DEL02-SP"
241688;2019-10-11;"sexta-feira";"15:50:00";"PR";376;5;"APUCARANA";"Falta de Atenção à Condução";"Colisão traseira";"Com Vítimas Feridas";"Pleno dia";"Decrescente";"Céu Claro";"Dupla";"Curva";"Sim";2;0;0;1;1;0;1;2;-23,5513;-51,461266;"SPRF-PR";"DEL07-PR";"UOP03-DEL07-PR"
241689;2019-10-11;"sexta-feira";"17:00:00";"MG";262;604,7;"CAMPOS ALTOS";"Ultrapassagem Indevida";"Saída de leito carroçável";"Com Vítimas Feridas";"Pleno dia";"Crescente";"Céu Claro";"Simples";"Declive;Reta";"Não";4;0;4;0;0;0;4;1;-19,61736472;-46,276474;"SPRF-MG";"DEL08-MG";"UOP02-DEL08-MG"
241690;2019-10-11;"sexta-feira";"17:27:00";"RS";386;343;"LAJEADO";"Desobediência às normas de trânsito pelo condutor";"Colisão transversal";"Com Vítimas Feridas";"Anoitecer";"Decrescente";"Sol";"Simples";"Reta;Interseção de Vias";"Sim";2;0;1;0;1;0;1;2;-29,434835;-52,002365;"SPRF-RS";"DEL04-RS";"UOP01-DEL04-RS"
241694;2019-09-17;"terça-feira";"13:35:00";"PR";272;366;"CAMPO MOURAO";"Falta de Atenção do Pedestre";"Danos eventuais";"Com Vítimas Feridas";"Pleno dia";"Crescente";"Ignorado";"Dupla";"Reta";"Sim";2;0;1;0;1;0;1;2;-24,047152;-52,396649;"SPRF-PR";"DEL04-PR";"UOP03-DEL09-PR"
241696;2019-10-11;"sexta-feira";"17:20:00";"RS";470;216;"BENTO GONCALVES";"Falta de Atenção à Condução";"Colisão transversal";"Com Vítimas Feridas";"Pleno dia";"Decrescente";"Céu Claro";"Simples";"Interseção de Vias";"Sim";2;0;1;0;1;0;1;2;-29,15887096;-51,53142395;"SPRF-RS";"DEL06-RS";"UOP01-DEL06-RS"
241697;2019-10-11;"sexta-feira";"17:30:00";"RS";386;358;"ESTRELA";"Velocidade Incompatível";"Saída de leito carroçável";"Com Vítimas Feridas";"Pleno dia";"Decrescente";"Céu Claro";"Dupla";"Reta";"Não";2;0;2;0;0;0;2;1;-29,53306;-51,919636;"SPRF-RS";"DEL04-RS";"UOP02-DEL04-RS"
241698;2019-10-11;"sexta-feira";"18:00:00";"MG";365;535;"ROMARIA";"Pista Escorregadia";"Saída de leito carroçável";"Com Vítimas Feridas";"Anoitecer";"Decrescente";"Chuva";"Simples";"Reta";"Não";3;0;3;0;0;0;3;1;-18,93291188;-47,59094623;"SPRF-MG";"DEL10-MG";"UOP01-DEL10-MG"
241699;2019-10-11;"sexta-feira";"18:05:00";"SC";280;30;"ARAQUARI";"Falta de Atenção à Condução";"Colisão transversal";"Com Vítimas Feridas";"Anoitecer";"Crescente";"Céu Claro";"Simples";"Reta";"Sim";2;0;1;0;1;0;1;2;-26,4141523;-48,76209493;"SPRF-SC";"DEL03-SC";"UOP03-DEL03-SC"
241700;2019-10-11;"sexta-feira";"17:15:00";"ES";262;114,9;"CONCEICAO DO CASTELO";"Falta de Atenção à Condução";"Colisão traseira";"Com Vítimas Feridas";"Pleno dia";"Decrescente";"Céu Claro";"Simples";"Reta";"Não";2;0;1;0;0;1;1;2;-20,32053818;-41,21864322;"SPRF-ES";"DEL01-ES";"UOP02-DEL01-ES"
241701;2019-10-11;"sexta-feira";"18:20:00";"PE";232;416;"SERRA TALHADA";"Falta de Atenção à Condução";"Saída de leito carroçável";"Com Vítimas Feridas";"Plena Noite";"Crescente";"Céu Claro";"Simples";"Reta";"Não";4;0;3;0;1;0;3;1;-7,99977297;-38,35316401;"SPRF-PE";"DEL04-PE";"UOP01-DEL04-PE"
241702;2019-10-11;"sexta-feira";"18:10:00";"ES";262;18;"VIANA";"Falta de Atenção à Condução";"Queda de ocupante de veículo";"Com Vítimas Feridas";"Anoitecer";"Crescente";"Céu Claro";"Simples";"Reta";"Sim";1;0;1;0;0;0;1;1;-20,39137228;-40,48080285;"SPRF-ES";"DEL01-ES";"UOP01-DEL01-ES"
241703;2019-10-11;"sexta-feira";"13:30:00";"MG";381;481;"BETIM";"Não guardar distância de segurança";"Colisão traseira";"Com Vítimas Feridas";"Pleno dia";"Crescente";"Céu Claro";"Múltipla";"Reta";"Não";2;0;1;0;1;0;1;2;-19,95931561;-44,08825597;"SPRF-MG";"DEL01-MG";"UOP03-DEL01-MG"
241704;2019-10-11;"sexta-feira";"17:35:00";"PB";230;26;"JOAO PESSOA";"Falta de Atenção à Condução";"Colisão traseira";"Com Vítimas Feridas";"Anoitecer";"Decrescente";"Céu Claro";"Dupla";"Reta";"Sim";3;0;0;1;2;0;1;2;-7,1693;-34,8782;"SPRF-PB";"DEL01-PB";"UOP01-DEL01-PB"
241705;2019-10-11;"sexta-feira";"17:50:00";"PE";101;66,9;"RECIFE";"Falta de Atenção do Pedestre";"Atropelamento de Pedestre";"Com Vítimas Feridas";"Plena Noite";"Decrescente";"Céu Claro";"Dupla";"Reta";"Sim";2;0;0;1;1;0;1;2;-8,03368534;-34,94184125;"SPRF-PE";"DEL01-PE";"UOP01-DEL01-PE"
241706;2019-10-11;"sexta-feira";"18:00:00";"DF";20;6;"BRASILIA";"Não guardar distância de segurança";"Colisão lateral";"Com Vítimas Feridas";"Anoitecer";"Crescente";"Céu Claro";"Dupla";"Reta";"Não";2;0;1;0;1;0;1;2;-15,665888;-47,808308;"SPRF-DF";"DEL02-DF";"UOP01-DEL02-DF"
241710;2019-10-11;"sexta-feira";"18:00:00";"GO";40;9,1;"LUZIANIA";"Desobediência às normas de trânsito pelo pedestre";"Atropelamento de Pedestre";"Com Vítimas Feridas";"Plena Noite";"Crescente";"Garoa/Chuvisco";"Dupla";"Reta";"Sim";2;0;2;0;0;0;2;2;-16,131158;-47,957739;"SPRF-DF";"DEL01-DF";"UOP01-DEL01-DF"
241711;2019-10-11;"sexta-feira";"18:45:00";"SC";101;192;"BIGUACU";"Falta de Atenção à Condução";"Colisão traseira";"Sem Vítimas";"Plena Noite";"Decrescente";"Céu Claro";"Dupla";"Ponte";"Sim";2;0;0;0;2;0;0;2;-27,48443781;-48,64765238;"SPRF-SC";"DEL01-SC";"UOP01-DEL01-SC"
241712;2019-10-11;"sexta-feira";"18:10:00";"CE";116;33,9;"AQUIRAZ";"Desobediência às normas de trânsito pelo condutor";"Colisão traseira";"Sem Vítimas";"Plena Noite";"Decrescente";"Céu Claro";"Dupla";"Reta";"Sim";2;0;0;0;2;0;0;2;-4,042985;-38,508031;"SPRF-CE";"DEL01-CE";"UOP02-DEL01-CE"
241713;2019-10-11;"sexta-feira";"18:39:00";"SP";116;149,1;"SAO JOSE DOS CAMPOS";"Falta de Atenção à Condução";"Colisão lateral";"Com Vítimas Feridas";"Plena Noite";"Crescente";"Céu Claro";"Dupla";"Reta";"Sim";2;0;1;0;1;0;1;2;-23,20774513;-45,88742495;"SPRF-SP";"DEL02-SP";"UOP01-DEL02-SP"
241714;2019-10-11;"sexta-feira";"18:50:00";"PE";428;183,6;"PETROLINA";"Falta de Atenção à Condução";"Colisão lateral";"Com Vítimas Feridas";"Plena Noite";"Crescente";"Céu Claro";"Simples";"Interseção de Vias";"Sim";2;0;0;1;0;1;1;2;-9,33008544;-40,46543598;"SPRF-PE";"DEL06-PE";"UOP01-DEL06-PE"
241716;2019-10-11;"sexta-feira";"18:45:00";"PR";476;122;"COLOMBO";"Falta de Atenção à Condução";"Colisão traseira";"Com Vítimas Feridas";"Anoitecer";"Crescente";"Céu Claro";"Dupla";"Reta";"Sim";1;0;1;0;0;0;1;1;-25,385775;-49,203377;"SPRF-PR";"DEL01-PR";"UOP07-DEL01-PR"
241717;2019-10-11;"sexta-feira";"19:05:00";"RS";386;74;"BOA VISTA DAS MISSOES";"Desobediência às normas de trânsito pelo condutor";"Colisão transversal";"Com Vítimas Feridas";"Anoitecer";"Decrescente";"Céu Claro";"Simples";"Interseção de Vias";"Sim";2;0;1;0;1;0;1;2;-27,682369;-53,30800295;"SPRF-RS";"DEL08-RS";"UOP02-DEL08-RS"
241718;2019-10-11;"sexta-feira";"18:15:00";"RS";386;393,8;"TRIUNFO";"Velocidade Incompatível";"Saída de leito carroçável";"Com Vítimas Feridas";"Anoitecer";"Crescente";"Céu Claro";"Simples";"Curva";"Não";2;0;1;0;1;0;1;1;-29,718338;-51,642879;"SPRF-RS";"DEL04-RS";"UOP02-DEL04-RS"
241720;2019-10-11;"sexta-feira";"18:15:00";"MT";364;5,2;"ALTO ARAGUAIA";"Falta de Atenção do Pedestre";"Atropelamento de Pedestre";"Com Vítimas Fatais";"Plena Noite";"Decrescente";"Nublado";"Simples";"Reta";"Sim";2;1;0;0;1;0;0;2;-17,28834419;-53,2456255;"SPRF-MT";"DEL02-MT";"UOP02-DEL02-MT"
241722;2019-10-11;"sexta-feira";"18:00:00";"PR";116;104;"SAO JOSE DOS PINHAIS";"Falta de Atenção à Condução";"Queda de ocupante de veículo";"Com Vítimas Feridas";"Anoitecer";"Decrescente";"Céu Claro";"Dupla";"Aclive";"Sim";1;0;1;0;0;0;1;1;-25,56472785;-49,15859603;"SPRF-PR";"DEL01-PR";"UOP01-DEL01-PR"
241724;2019-10-11;"sexta-feira";"19:18:00";"GO";60;89,1;"ANAPOLIS";"Não guardar distância de segurança";"Colisão traseira";"Com Vítimas Feridas";"Plena Noite";"Decrescente";"Céu Claro";"Dupla";"Reta";"Sim";3;0;1;0;2;0;1;2;-16,3367;-48,8957;"SPRF-GO";"DEL02-GO";"UOP01-DEL02-GO"
241725;2019-10-11;"sexta-feira";"18:20:00";"RS";116;265;"CANOAS";"Falta de Atenção à Condução";"Colisão lateral";"Com Vítimas Feridas";"Plena Noite";"Decrescente";"Céu Claro";"Múltipla";"Interseção de Vias";"Sim";2;0;1;0;1;0;1;2;-29,92342302;-51,17780944;"SPRF-RS";"DEL01-RS";"UOP01-DEL01-RS"
241727;2019-10-11;"sexta-feira";"18:00:00";"PI";222;72,6;"PIRIPIRI";"Restrição de Visibilidade";"Colisão traseira";"Com Vítimas Feridas";"Anoitecer";"Crescente";"Nublado";"Simples";"Reta";"Não";2;0;1;0;1;0;1;2;-4,25161291;-41,7467551;"SPRF-PI";"DEL02-PI";"UOP01-DEL02-PI"
241728;2019-10-11;"sexta-feira";"15:00:00";"SC";470;3;"NAVEGANTES";"Desobediência às normas de trânsito pelo condutor";"Colisão com objeto estático";"Com Vítimas Feridas";"Pleno dia";"Decrescente";"Céu Claro";"Simples";"Em Obras";"Sim";2;0;0;1;0;1;1;2;-26,861937;-48,681618;"SPRF-SC";"DEL04-SC";"UOP04-DEL04-SC"
241729;2019-10-11;"sexta-feira";"19:30:00";"SC";101;212,3;"PALHOCA";"Defeito Mecânico no Veículo";"Colisão traseira";"Com Vítimas Feridas";"Plena Noite";"Crescente";"Céu Claro";"Múltipla";"Reta";"Sim";2;0;1;0;1;0;1;2;-27,62996929;-48,65903871;"SPRF-SC";"DEL01-SC";"UOP02-DEL01-SC"
241730;2019-10-11;"sexta-feira";"18:30:00";"PR";277;684,1;"SAO MIGUEL DO IGUACU";"Falta de Atenção à Condução";"Saída de leito carroçável";"Com Vítimas Feridas";"Anoitecer";"Crescente";"Céu Claro";"Dupla";"Curva;Declive";"Não";1;0;0;1;0;0;1;1;-25,33864563;-54,19917133;"SPRF-PR";"DEL05-PR";"UOP01-DEL05-PR"