"id";"data_inversa";"dia_semana";"horario";"uf";"br";"km";"municipio";"causa_acidente";"tipo_acidente";"classificacao_acidente";"fase_dia";"sentido_via";"condicao_metereologica";"tipo_pista";"tracado_via";"uso_solo";"pessoas";"mortos";"feridos_leves";"feridos_graves";"ilesos";"ignorados";"feridos";"veiculos";"latitude";"longitude";"regional";"delegacia";"uop"
241733;2019-10-11;"sexta-feira";"19:40:00";"BA";324;516;"FEIRA DE SANTANA";"Desobediência às normas de trânsito pelo condutor";"Colisão transversal";"Com Vítimas Feridas";"Plena Noite";"Decrescente";"Céu Claro";"Simples";"Reta";"Sim";3;0;3;0;0;0;3;2;-12,2417119;-38,93768485;"SPRF-BA";"DEL02-BA";"UOP01-DEL02-BA"
241734;2019-10-11;"sexta-feira";"20:00:00";"GO";364;266;"MINEIROS";"Ultrapassagem Indevida";"Colisão frontal";"Com Vítimas Feridas";"Plena Noite";"Crescente";"Céu Claro";"Simples";"Curva";"Não";4;0;1;2;1;0;3;2;-17,662731;-52,277348;"SPRF-GO";"DEL05-GO";"UOP01-DEL05-GO"
241735;2019-10-11;"sexta-feira";"19:20:00";"GO";60;9;"SANTO ANTONIO DO DESCOBERTO";"Velocidade Incompatível";"Capotamento";"Com Vítimas Feridas";"Plena Noite";"Decrescente";"Céu Claro";"Dupla";"Reta";"Não";1;0;1;0;0;0;1;1;-16,10387569;-48,29452515;"SPRF-DF";"DEL01-DF";"UOP01-DEL03-DF"
241736;2019-10-11;"sexta-feira";"19:20:00";"RS";290;583;"ALEGRETE";"Falta de Atenção à Condução";"Colisão lateral";"Com Vítimas Feridas";"Anoitecer";"Crescente";"Céu Claro";"Simples";"Rotatória";"Não";2;0;1;0;1;0;1;2;-29,81232073;-55,80696344;"SPRF-RS";"DEL13-RS";"UOP02-DEL13-RS"
241738;2019-10-11;"sexta-feira";"20:15:00";"SC";470;140;"RIO DO SUL";"Sinalização da via insuficiente ou inadequada";"Colisão frontal";"Com Vítimas Feridas";"Plena Noite";"Crescente";"Nublado";"Simples";"Reta";"Sim";3;0;2;1;0;0;3;2;-27,222485;-49,662827;"SPRF-SC";"DEL04-SC";"UOP02-DEL04-SC"
241739;2019-10-11;"sexta-feira";"18:30:00";"PR";277;102,3;"CAMPO LARGO";"Falta de Atenção à Condução";"Colisão lateral";"Com Vítimas Feridas";"Anoitecer";"Crescente";"Céu Claro";"Dupla";"Reta;Aclive";"Não";2;0;1;0;1;0;1;2;-25,51408786;-49,33726669;"SPRF-PR";"DEL01-PR";"UOP06-DEL01-PR"
241740;2019-07-28;"domingo";"09:56:00";"PE";101;73;"RECIFE";"Falta de Atenção à Condução";"Queda de ocupante de veículo";"Sem Vítimas";"Pleno dia";"Decrescente";"Ignorado";"Dupla";"Reta";"Sim";1;0;0;0;0;1;0;1;-8,08837774;-34,94665146;"SPRF-PE";"DEL01-PE";"UOP01-DEL01-PE"
241741;2019-10-11;"sexta-feira";"17:45:00";"SE";235;52,7;"ITABAIANA";"Desobediência às normas de trânsito pelo condutor";"Colisão transversal";"Com Vítimas Feridas";"Anoitecer";"Decrescente";"Nublado";"Simples";"Aclive";"Sim";2;0;1;0;0;1;1;2;-10,693279;-37,437557;"SPRF-SE";"DEL01-SE";"UOP02-DEL01-SE"
241742;2019-10-11;"sexta-feira";"20:15:00";"PE";101;67,4;"RECIFE";"Falta de Atenção à Condução";"Colisão lateral";"Com Vítimas Feridas";"Plena Noite";"Crescente";"Céu Claro";"Dupla";"Reta";"Sim";2;0;1;0;1;0;1;2;-8,042334;-34,943096;"SPRF-PE";"DEL01-PE";"UOP01-DEL01-PE"
241743;2019-10-11;"sexta-feira";"20:00:00";"ES";262;168,1;"IBATIBA";"Ultrapassagem Indevida";"Colisão lateral";"Sem Vítimas";"Plena Noite";"Crescente";"Céu Claro";"Simples";"Reta";"Não";2;0;0;0;2;0;0;2;-20,26087618;-41,5684097;"SPRF-ES";"DEL01-ES";"UOP02-DEL01-ES"
241744;2019-10-11;"sexta-feira";"19:35:00";"SC";101;281,2;"IMBITUBA";"Falta de Atenção à Condução";"Capotamento";"Com Vítimas Feridas";"Plena Noite";"Decrescente";"Céu Claro";"Dupla";"Reta";"Não";1;0;0;1;0;0;1;1;-28,19626005;-48,69739859;"SPRF-SC";"DEL02-SC";"UOP03-DEL02-SC"
241745;2019-10-11;"sexta-feira";"19:00:00";"PB";230;245,5;"JUAZEIRINHO";"Falta de Atenção à Condução";"Colisão transversal";"Com Vítimas Feridas";"Plena Noite";"Crescente";"Céu Claro";"Simples";"Reta";"Sim";4;0;1;0;3;0;1;2;-7,0711;-36,609;"SPRF-PB";"DEL02-PB";"UOP02-DEL02-PB"
241748;2019-10-11;"sexta-feira";"20:20:00";"ES";101;385,6;"RIO NOVO DO SUL";"Falta de Atenção à Condução";"Colisão frontal";"Com Vítimas Fatais";"Plena Noite";"Decrescente";"Céu Claro";"Simples";"Reta";"Não";3;2;0;1;0;0;1;2;-20,83675912;-40,86790091;"SPRF-ES";"DEL03-ES";"UOP01-DEL03-ES"
241749;2019-10-11;"sexta-feira";"17:50:00";"MG";40;629;"CONSELHEIRO LAFAIETE";"Falta de Atenção à Condução";"Saída de leito carroçável";"Com Vítimas Feridas";"Pleno dia";"Decrescente";"Céu Claro";"Simples";"Declive;Curva";"Sim";4;0;1;0;3;0;1;2;-20,65275249;-43,80881295;"SPRF-MG";"DEL05-MG";"UOP02-DEL05-MG"
241750;2019-10-11;"sexta-feira";"20:50:00";"GO";60;119;"TEREZOPOLIS DE GOIAS";"Falta de Atenção do Pedestre";"Atropelamento de Pedestre";"Com Vítimas Feridas";"Plena Noite";"Decrescente";"Céu Claro";"Dupla";"Reta";"Sim";2;0;0;1;1;0;1;2;-16,487099;-49,095586;"SPRF-GO";"DEL01-GO";"UOP01-DEL01-GO"
241751;2019-10-11;"sexta-feira";"20:50:00";"SC";470;9,1;"NAVEGANTES";"Desobediência às normas de trânsito pelo condutor";"Colisão frontal";"Com Vítimas Fatais";"Plena Noite";"Decrescente";"Nublado";"Simples";"Reta";"Sim";2;1;0;0;1;0;0;2;-26,833143;-48,727432;"SPRF-SC";"DEL04-SC";"UOP04-DEL04-SC"
241752;2019-10-11;"sexta-feira";"18:40:00";"MG";365;704;"MONTE ALEGRE DE MINAS";"Pista Escorregadia";"Colisão com objeto estático";"Com Vítimas Feridas";"Anoitecer";"Crescente";"Chuva";"Dupla";"Reta";"Não";2;0;1;1;0;0;2;1;-18,88169079;-49,03599797;"SPRF-MG";"DEL15-MG";"UOP03-DEL15-MG"
241753;2019-10-11;"sexta-feira";"19:17:00";"MT";163;664;"LUCAS DO RIO VERDE";"Não guardar distância de segurança";"Colisão traseira";"Com Vítimas Feridas";"Plena Noite";"Decrescente";"Nublado";"Múltipla";"Reta";"Não";2;0;1;0;1;0;1;2;-13,36939399;-56,07438701;"SPRF-MT";"DEL06-MT";"UOP01-DEL06-MT"
241754;2019-10-11;"sexta-feira";"20:00:00";"MG";354;754,6;"ITAMONTE";"Desobediência às normas de trânsito pelo condutor";"Colisão frontal";"Sem Vítimas";"Plena Noite";"Crescente";"Céu Claro";"Simples";"Curva";"Sim";2;0;0;0;2;0;0;2;-22,28905221;-44,86819809;"SPRF-MG";"DEL05-MG";"UOP01-DEL17-MG"
241755;2019-10-11;"sexta-feira";"19:30:00";"GO";60;347;"SANTO ANTONIO DA BARRA";"Desobediência às normas de trânsito pelo condutor";"Colisão com objeto estático";"Sem Vítimas";"Plena Noite";"Decrescente";"Nublado";"Dupla";"Reta";"Não";2;0;0;0;1;1;0;2;-17,5685;-50,6677;"SPRF-GO";"DEL04-GO";"UOP01-DEL04-GO"
241756;2019-10-11;"sexta-feira";"20:30:00";"MG";40;526;"CONTAGEM";"Ingestão de Álcool";"Atropelamento de Pedestre";"Com Vítimas Feridas";"Plena Noite";"Decrescente";"Céu Claro";"Dupla";"Reta";"Sim";3;0;1;0;1;1;1;3;-19,89255399;-44,04985478;"SPRF-MG";"DEL01-MG";"UOP02-DEL01-MG"
241758;2019-10-11;"sexta-feira";"20:45:00";"PR";373;211,1;"IPIRANGA";"Desobediência às normas de trânsito pelo condutor";"Colisão frontal";"Com Vítimas Feridas";"Plena Noite";"Decrescente";"Céu Claro";"Simples";"Reta";"Não";2;0;1;0;1;0;1;2;-25,14956603;-50,49620499;"SPRF-PR";"DEL03-PR";"UOP01-DEL03-PR"
241761;2019-10-11;"sexta-feira";"22:00:00";"ES";262;5,7;"CARIACICA";"Desobediência às normas de trânsito pelo condutor";"Colisão transversal";"Com Vítimas Feridas";"Plena Noite";"Decrescente";"Céu Claro";"Múltipla";"Interseção de Vias";"Sim";5;0;2;2;1;0;4;2;-20,33853262;-40,3920152;"SPRF-ES";"DEL01-ES";"UOP01-DEL01-ES"
241762;2019-10-11;"sexta-feira";"21:00:00";"PR";116;109;"CURITIBA";"Falta de Atenção à Condução";"Colisão traseira";"Sem Vítimas";"Plena Noite";"Decrescente";"Nublado";"Dupla";"Reta";"Sim";2;0;0;0;2;0;0;2;-25,57140489;-49,20748999;"SPRF-PR";"DEL01-PR";"UOP06-DEL01-PR"
241764;2019-10-11;"sexta-feira";"22:10:00";"DF";60;1;"BRASILIA";"Não guardar distância de segurança";"Colisão com objeto estático";"Com Vítimas Feridas";"Plena Noite";"Decrescente";"Céu Claro";"Dupla";"Reta";"Sim";5;0;1;0;3;1;1;3;-15,885093;-48,068954;"SPRF-DF";"DEL01-DF";"UOP01-DEL03-DF"
241765;2019-10-11;"sexta-feira";"22:15:00";"SP";116;226;"GUARULHOS";"Falta de Atenção à Condução";"Colisão lateral";"Com Vítimas Feridas";"Plena Noite";"Decrescente";"Céu Claro";"Múltipla";"Reta";"Sim";1;0;1;0;0;0;1;1;-23,49102507;-46,54878195;"SPRF-SP";"DEL01-SP";"UOP01-DEL01-SP"
241766;2019-10-11;"sexta-feira";"22:20:00";"CE";222;1;"FORTALEZA";"Ingestão de Álcool";"Colisão transversal";"Com Vítimas Feridas";"Plena Noite";"Decrescente";"Céu Claro";"Múltipla";"Reta";"Sim";2;0;1;0;1;0;1;2;-3,737804;-38,578061;"SPRF-CE";"DEL01-CE";"UOP01-DEL01-CE"
241767;2019-10-11;"sexta-feira";"22:30:00";"TO";153;144,5;"ARAGUAINA";"Falta de Atenção à Condução";"Colisão traseira";"Com Vítimas Feridas";"Plena Noite";"Decrescente";"Céu Claro";"Dupla";"Reta";"Sim";2;0;1;0;1;0;1;2;-7,19662811;-48,23636977;"SPRF-TO";"DEL02-TO";"UOP01-DEL02-TO"
241768;2019-10-11;"sexta-feira";"17:00:00";"SC";101;134;"BALNEARIO CAMBORIU";"Falta de Atenção à Condução";"Colisão lateral";"Com Vítimas Feridas";"Pleno dia";"Decrescente";"Céu Claro";"Dupla";"Reta";"Sim";3;0;1;0;2;0;1;3;-27,00218;-48,636433;"SPRF-SC";"DEL04-SC";"UOP03-DEL04-SC"
241769;2019-10-11;"sexta-feira";"22:30:00";"SP";116;277,9;"EMBU DAS ARTES";"Não guardar distância de segurança";"Colisão traseira";"Com Vítimas Feridas";"Plena Noite";"Crescente";"Céu Claro";"Dupla";"Reta";"Não";2;0;1;0;1;0;1;2;-23,64870535;-46,84395469;"SPRF-SP";"DEL04-SP";"UOP01-DEL04-SP"
241770;2019-10-11;"sexta-feira";"19:35:00";"RS";116;301;"ELDORADO DO SUL";"Desobediência às normas de trânsito pelo condutor";"Colisão transversal";"Com Vítimas Feridas";"Plena Noite";"Crescente";"Céu Claro";"Simples";"Aclive;Reta";"Sim";4;0;3;0;1;0;3;2;-30,131899;-51,353867;"SPRF-RS";"DEL02-RS";"UOP01-DEL02-RS"
241771;2019-10-11;"sexta-feira";"21:14:00";"SC";163;77,6;"SAO MIGUEL DO OESTE";"Desobediência às normas de trânsito pelo condutor";"Colisão transversal";"Com Vítimas Feridas";"Plena Noite";"Crescente";"Céu Claro";"Simples";"Rotatória";"Sim";4;0;1;1;2;0;2;2;-26,65605994;-53,51707578;"SPRF-SC";"DEL07-SC";"UOP03-DEL07-SC"
241773;2019-10-11;"sexta-feira";"22:40:00";"ES";262;46;"MARECHAL FLORIANO";"Ingestão de Álcool";"Colisão traseira";"Com Vítimas Feridas";"Plena Noite";"Crescente";"Céu Claro";"Simples";"Reta";"Sim";3;0;0;2;1;0;2;2;-20,40565705;-40,67280081;"SPRF-ES";"DEL01-ES";"UOP01-DEL01-ES"
241778;2019-10-11;"sexta-feira";"23:20:00";"GO";60;117;"TEREZOPOLIS DE GOIAS";"Falta de Atenção à Condução";"Atropelamento de Pedestre";"Com Vítimas Feridas";"Plena Noite";"Decrescente";"Céu Claro";"Dupla";"Reta";"Sim";2;0;0;1;1;0;1;2;-16,4789;-49,0864;"SPRF-GO";"DEL01-GO";"UOP01-DEL01-GO"
241779;2019-10-11;"sexta-feira";"22:20:00";"PB";104;129,5;"CAMPINA GRANDE";"Ingestão de Álcool";"Tombamento";"Com Vítimas Feridas";"Plena Noite";"Decrescente";"Céu Claro";"Simples";"Curva";"Sim";3;0;2;0;0;1;2;2;-7,2688;-35,8837;"SPRF-PB";"DEL02-PB";"UOP01-DEL02-PB"
241780;2019-10-11;"sexta-feira";"22:25:00";"MG";116;339,6;"CAMPANARIO";"Animais na Pista";"Atropelamento de Animal";"Com Vítimas Feridas";"Plena Noite";"Decrescente";"Nublado";"Simples";"Reta";"Não";2;0;2;0;0;0;2;1;-18,31161008;-41,75557576;"SPRF-MG";"DEL11-MG";"UOP01-DEL11-MG"
241781;2019-10-11;"sexta-feira";"22:15:00";"PR";376;260;"CALIFORNIA";"Falta de Atenção à Condução";"Queda de ocupante de veículo";"Com Vítimas Feridas";"Plena Noite";"Decrescente";"Céu Claro";"Simples";"Reta";"Não";1;0;1;0;0;0;1;1;-23,70381166;-51,32998181;"SPRF-PR";"DEL07-PR";"UOP03-DEL07-PR"
241783;2019-10-11;"sexta-feira";"23:10:00";"RJ";101;283;"ITABORAI";"Mal Súbito";"Queda de ocupante de veículo";"Com Vítimas Feridas";"Plena Noite";"Crescente";"Céu Claro";"Dupla";"Curva";"Sim";2;0;1;0;1;0;1;1;-22,73591014;-42,80592689;"SPRF-RJ";"DEL02-RJ";"UOP03-DEL02-RJ"
241784;2019-10-11;"sexta-feira";"23:10:00";"MG";365;629;"UBERLANDIA";"Velocidade Incompatível";"Colisão com objeto estático";"Sem Vítimas";"Plena Noite";"Crescente";"Céu Claro";"Dupla";"Curva";"Sim";1;0;0;0;1;0;0;1;-18,9055;-48,33776;"SPRF-MG";"DEL15-MG";"UOP01-DEL15-MG"
241785;2019-10-11;"sexta-feira";"22:55:00";"PB";230;27,8;"JOAO PESSOA";"Ingestão de Álcool";"Colisão com objeto estático";"Sem Vítimas";"Plena Noite";"Decrescente";"Nublado";"Dupla";"Curva";"Sim";2;0;0;0;1;1;0;2;-7,1677;-34,8855;"SPRF-PB";"DEL01-PB";"UOP01-DEL01-PB"
241786;2019-10-11;"sexta-feira";"23:50:00";"PE";101;50;"ABREU E LIMA";"Ingestão de álcool e/ou substâncias psicoativas pelo pedestre";"Atropelamento de Pedestre";"Com Vítimas Feridas";"Plena Noite";"Crescente";"Nublado";"Dupla";"Reta";"Sim";2;0;1;0;1;0;1;2;-7,90938602;-34,90123228;"SPRF-PE";"DEL01-PE";"UOP02-DEL01-PE"
241787;2019-10-11;"sexta-feira";"23:30:00";"SC";101;140;"BALNEARIO CAMBORIU";"Falta de Atenção à Condução";"Colisão traseira";"Sem Vítimas";"Plena Noite";"Crescente";"Nublado";"Dupla";"Aclive;Em Obras";"Não";2;0;0;0;2;0;0;2;-27,03881189;-48,60025148;"SPRF-SC";"DEL04-SC";"UOP03-DEL04-SC"
241788;2019-10-11;"sexta-feira";"23:40:00";"PR";116;27;"CAMPINA GRANDE DO SUL";"Falta de Atenção à Condução";"Colisão traseira";"Com Vítimas Feridas";"Plena Noite";"Crescente";"Céu Claro";"Dupla";"Curva";"Não";2;0;1;0;1;0;1;2;-25,10767357;-48,79062653;"SPRF-PR";"DEL01-PR";"UOP02-DEL01-PR"
241789;2019-10-11;"sexta-feira";"19:00:00";"SC";282;218;"LAGES";"Desobediência às normas de trânsito pelo condutor";"Colisão transversal";"Sem Vítimas";"Plena Noite";"Decrescente";"Céu Claro";"Simples";"Reta";"Sim";2;0;0;0;2;0;0;2;-27,797235;-50,31361;"SPRF-SC";"DEL05-SC";"UOP01-DEL05-SC"
241790;2019-10-11;"sexta-feira";"22:40:00";"RJ";101;277,5;"TANGUA";"Defeito Mecânico no Veículo";"Capotamento";"Com Vítimas Feridas";"Plena Noite";"Decrescente";"Céu Claro";"Dupla";"Reta";"Sim";3;0;3;0;0;0;3;1;-22,73943906;-42,748279;"SPRF-RJ";"DEL02-RJ";"UOP03-DEL02-RJ"
241791;2019-10-11;"sexta-feira";"23:30:00";"SP";116;404;"MIRACATU";"Falta de Atenção à Condução";"Tombamento";"Com Vítimas Feridas";"Plena Noite";"Crescente";"Céu Claro";"Dupla";"Reta";"Não";2;0;2;0;0;0;2;1;-24,32141494;-47,53653401;"SPRF-SP";"DEL04-SP";"UOP02-DEL04-SP"
241792;2019-10-12;"sábado";"00:40:00";"SP";116;130,5;"CACAPAVA";"Falta de Atenção à Condução";"Colisão transversal";"Com Vítimas Feridas";"Plena Noite";"Decrescente";"Céu Claro";"Dupla";"Reta";"Sim";2;0;1;0;1;0;1;2;-23,12313858;-45,72792271;"SPRF-SP";"DEL06-SP";"UOP02-DEL02-SP"
241793;2019-10-11;"sexta-feira";"17:45:00";"AC";317;272;"EPITACIOLANDIA";"Desobediência às normas de trânsito pelo condutor";"Colisão lateral";"Com Vítimas Feridas";"Anoitecer";"Decrescente";"Céu Claro";"Simples";"Reta";"Não";3;0;0;2;0;1;2;2;-10,95796716;-68,59128078;"SPRF-AC";"DEL01-AC";"UOP02-DEL01-AC"
241794;2019-10-12;"sábado";"00:52:00";"PR";376;591;"CURITIBA";"Velocidade Incompatível";"Saída de leito carroçável";"Com Vítimas Feridas";"Plena Noite";"Crescente";"Céu Claro";"Dupla";"Reta";"Não";1;0;1;0;0;0;1;1;-25,45999605;-49,35895013;"SPRF-PR";"DEL01-PR";"UOP06-DEL01-PR"
241795;2019-10-11;"sexta-feira";"20:40:00";"MT";158;645;"NOVA XAVANTINA";"Falta de Atenção à Condução";"Colisão lateral";"Com Vítimas Feridas";"Plena Noite";"Decrescente";"Chuva";"Simples";"Reta";"Não";4;0;1;0;3;0;1;2;-14,606235;-52,358883;"SPRF-MT";"DEL07-MT";"UOP02-DEL07-MT"
241797;2019-10-11;"sexta-feira";"20:10:00";"SP";116;426,6;"JUQUIA";"Ingestão de Álcool";"Colisão com objeto estático";"Sem Vítimas";"Plena Noite";"Decrescente";"Nublado";"Dupla";"Reta";"Não";1;0;0;0;1;0;0;1;-24,38735659;-47,7169352;"SPRF-SP";"DEL05-SP";"UOP01-DEL05-SP"
241798;2019-10-11;"sexta-feira";"22:20:00";"MG";116;339,6;"CAMPANARIO";"Animais na Pista";"Atropelamento de Animal";"Com Vítimas Feridas";"Plena Noite";"Decrescente";"Céu Claro";"Simples";"Reta";"Não";1;0;1;0;0;0;1;1;-18,31161008;-41,75557576;"SPRF-MG";"DEL11-MG";"UOP01-DEL11-MG"
241799;2019-10-11;"sexta-feira";"23:00:00";"MG";356;267,4;"MURIAE";"Falta de Atenção à Condução";"Colisão transversal";"Com Vítimas Feridas";"Plena Noite";"Decrescente";"Céu Claro";"Simples";"Reta;Retorno Regulamentado;Rotatória";"Sim";2;0;1;0;1;0;1;2;-21,12559545;-42,35308441;"SPRF-MG";"DEL07-MG";"UOP02-DEL07-MG"
241800;2019-10-11;"sexta-feira";"21:00:00";"SP";153;69,3;"SAO JOSE DO RIO PRETO";"Falta de Atenção à Condução";"Tombamento";"Com Vítimas Feridas";"Plena Noite";"Decrescente";"Céu Claro";"Simples";"Curva";"Não";2;0;1;0;0;1;1;2;-20,85072923;-49,392352;"SPRF-SP";"DEL09-SP";"UOP01-DEL09-SP"
241801;2019-10-12;"sábado";"00:20:00";"MG";116;695;"MURIAE";"Animais na Pista";"Atropelamento de Animal";"Com Vítimas Feridas";"Plena Noite";"Decrescente";"Céu Claro";"Simples";"Reta";"Não";2;0;1;0;1;0;1;1;-21,06178813;-42,36631225;"SPRF-MG";"DEL07-MG";"UOP02-DEL07-MG"
241803;2019-10-12;"sábado";"01:30:00";"PR";116;135;"FAZENDA RIO GRANDE";"Condutor Dormindo";"Saída de leito carroçável";"Com Vítimas Feridas";"Plena Noite";"Decrescente";"Ignorado";"Simples";"Reta";"Sim";3;0;3;0;0;0;3;1;-25,68442476;-49,31629658;"SPRF-PR";"DEL01-PR";"UOP03-DEL01-PR"
241804;2019-10-12;"sábado";"02:00:00";"RJ";116;79;"TERESOPOLIS";"Falta de Atenção à Condução";"Colisão com objeto estático";"Sem Vítimas";"Plena Noite";"Crescente";"Céu Claro";"Simples";"Reta";"Sim";1;0;0;0;0;1;0;1;-22,381704;-42,954777;"SPRF-RJ";"DEL04-RJ";"UOP01-DEL04-RJ"
241805;2019-10-11;"sexta-feira";"18:06:00";"PE";232;106,1;"BEZERROS";"Desobediência às normas de trânsito pelo condutor";"Saída de leito carroçável";"Com Vítimas Feridas";"Plena Noite";"Crescente";"Céu Claro";"Dupla";"Reta";"Não";1;0;1;0;0;0;1;1;-8,26300269;-35,79029821;"SPRF-PE";"DEL02-PE";"UOP03-DEL02-PE"
241806;2019-10-12;"sábado";"01:20:00";"CE";116;313,8;"JAGUARIBE";"Animais na Pista";"Atropelamento de Animal";"Com Vítimas Feridas";"Plena Noite";"Decrescente";"Céu Claro";"Simples";"Reta";"Não";2;0;1;1;0;0;2;1;-5,92893514;-38,63086368;"SPRF-CE";"DEL05-CE";"UOP02-DEL05-CE"
241807;2019-10-11;"sexta-feira";"18:30:00";"BA";101;833;"ITAMARAJU";"Desobediência às normas de trânsito pelo condutor";"Colisão lateral";"Com Vítimas Feridas";"Plena Noite";"Decrescente";"Nublado";"Simples";"Reta";"Não";2;0;1;0;1;0;1;2;-17,196743;-39,591854;"SPRF-BA";"DEL09-BA";"UOP01-DEL09-BA"
241808;2019-10-11;"sexta-feira";"19:30:00";"BA";101;846;"TEIXEIRA DE FREITAS";"Ingestão de Álcool";"Colisão traseira";"Com Vítimas Fatais";"Plena Noite";"Crescente";"Céu Claro";"Simples";"Reta";"Não";2;1;0;0;1;0;0;2;-17,48730096;-39,70590915;"SPRF-BA";"DEL09-BA";"UOP02-DEL09-BA"
241810;2019-10-12;"sábado";"02:40:00";"SP";116;147;"SAO JOSE DOS CAMPOS";"Ingestão de álcool e/ou substâncias psicoativas pelo pedestre";"Colisão traseira";"Com Vítimas Feridas";"Plena Noite";"Decrescente";"Céu Claro";"Dupla";"Reta";"Sim";3;0;1;1;1;0;2;3;-23,19542994;-45,87176303;"SPRF-SP";"DEL02-SP";"UOP01-DEL02-SP"
241811;2019-10-12;"sábado";"01:50:00";"SC";280;125,8;"RIO NEGRINHO";"Desobediência às normas de trânsito pelo condutor";"Colisão frontal";"Com Vítimas Feridas";"Plena Noite";"Crescente";"Céu Claro";"Simples";"Reta";"Sim";2;0;1;0;1;0;1;2;-26,23763684;-49,48434497;"SPRF-SC";"DEL06-SC";"UOP03-DEL06-SC"
241812;2019-10-06;"domingo";"15:00:00";"SC";282;79;"RANCHO QUEIMADO";"Falta de Atenção à Condução";"Saída de leito carroçável";"Com Vítimas Feridas";"Pleno dia";"Crescente";"Chuva";"Simples";"Declive";"Não";2;0;0;1;1;0;1;1;-27,6707;-49,155758;"SPRF-SC";"DEL01-SC";"UOP03-DEL01-SC"
241813;2019-10-12;"sábado";"02:40:00";"SP";116;480,5;"JACUPIRANGA";"Falta de Atenção à Condução";"Tombamento";"Com Vítimas Feridas";"Plena Noite";"Crescente";"Garoa/Chuvisco";"Dupla";"Reta";"Não";2;0;2;0;0;0;2;1;-24,71316904;-48,02690398;"SPRF-SP";"DEL05-SP";"UAP01-DEL05-SP"
241816;2019-10-12;"sábado";"03:40:00";"PR";163;284;"MARECHAL CANDIDO RONDON";"Falta de Atenção à Condução";"Colisão lateral";"Com Vítimas Feridas";"Plena Noite";"Crescente";"Vento";"Simples";"Reta";"Não";3;0;2;0;1;0;2;2;-24,568102;-54,034168;"SPRF-PR";"DEL06-PR";"UOP02-DEL06-PR"
241817;2019-10-12;"sábado";"02:40:00";"SC";101;132;"BALNEARIO CAMBORIU";"Falta de Atenção à Condução";"Colisão com objeto estático";"Sem Vítimas";"Plena Noite";"Crescente";"Nublado";"Dupla";"Reta";"Não";2;0;0;0;1;1;0;2;-26,99654133;-48,65564711;"SPRF-SC";"DEL04-SC";"UOP03-DEL04-SC"
241819;2019-10-12;"sábado";"01:15:00";"SC";116;59,5;"PAPANDUVA";"Falta de Atenção à Condução";"Colisão frontal";"Com Vítimas Fatais";"Plena Noite";"Crescente";"Céu Claro";"Simples";"Curva";"Não";2;1;1;0;0;0;1;2;-26,37933149;-50,20775008;"SPRF-SC";"DEL06-SC";"UOP02-DEL06-SC"
241820;2019-10-12;"sábado";"03:45:00";"MG";40;553;"NOVA LIMA";"Agressão Externa";"Saída de leito carroçável";"Com Vítimas Feridas";"Plena Noite";"Decrescente";"Céu Claro";"Dupla";"Curva";"Sim";1;0;1;0;0;0;1;1;-20,06863326;-43,98194759;"SPRF-MG";"DEL01-MG";"UOP02-DEL01-MG"
241821;2019-10-12;"sábado";"04:20:00";"SP";116;104,8;"TAUBATE";"Falta de Atenção à Condução";"Colisão traseira";"Com Vítimas Feridas";"Plena Noite";"Decrescente";"Céu Claro";"Dupla";"Reta";"Não";3;0;2;0;1;0;2;2;-23,00340176;-45,50626912;"SPRF-SP";"DEL06-SP";"UOP01-DEL06-SP"
241822;2019-10-12;"sábado";"04:30:00";"DF";70;12;"BRASILIA";"Ingestão de Álcool";"Colisão com objeto estático";"Com Vítimas Fatais";"Plena Noite";"Decrescente";"Céu Claro";"Dupla";"Reta";"Sim";5;2;0;2;1;0;2;1;-15,794766;-48,166099;"SPRF-DF";"DEL01-DF";"UOP02-DEL03-DF"
241823;2019-10-12;"sábado";"03:50:00";"RJ";101;311;"SAO GONCALO";"Agressão Externa";"Saída de leito carroçável";"Com Vítimas Feridas";"Plena Noite";"Decrescente";"Céu Claro";"Dupla";"Reta";"Sim";2;0;2;0;0;0;2;1;-22,80062246;-43,05318779;"SPRF-RJ";"DEL02-RJ";"UOP02-DEL02-RJ"
241825;2019-10-12;"sábado";"03:30:00";"RJ";40;75;"PETROPOLIS";"Falta de Atenção à Condução";"Colisão frontal";"Com Vítimas Feridas";"Plena Noite";"Crescente";"Céu Claro";"Simples";"Curva";"Não";4;0;4;0;0;0;4;2;-22,46857126;-43,22958698;"SPRF-RJ";"DEL06-RJ";"UOP01-DEL06-RJ"
241827;2019-10-12;"sábado";"05:00:00";"PI";343;11;"PARNAIBA";"Ingestão de Álcool";"Colisão com objeto estático";"Sem Vítimas";"Amanhecer";"Crescente";"Céu Claro";"Dupla";"Curva";"Sim";1;0;0;0;1;0;0;1;-2,90369589;-41,753304;"SPRF-PI";"DEL05-PI";"UOP01-DEL05-PI"
241828;2019-10-11;"sexta-feira";"21:00:00";"MG";381;512,8;"IGARAPE";"Pista Escorregadia";"Queda de ocupante de veículo";"Com Vítimas Feridas";"Plena Noite";"Decrescente";"Céu Claro";"Dupla";"Rotatória";"Sim";2;0;2;0;0;0;2;1;-20,09239724;-44,31458341;"SPRF-MG";"DEL01-MG";"UOP03-DEL01-MG"