"id";"data_inversa";"dia_semana";"horario";"uf";"br";"km";"municipio";"causa_acidente";"tipo_acidente";"classificacao_acidente";"fase_dia";"sentido_via";"condicao_metereologica";"tipo_pista";"tracado_via";"uso_solo";"pessoas";"mortos";"feridos_leves";"feridos_graves";"ilesos";"ignorados";"feridos";"veiculos";"latitude";"longitude";"regional";"delegacia";"uop"
241829;2019-10-12;"sábado";"05:30:00";"ES";393;7,7;"CACHOEIRO DE ITAPEMIRIM";"Falta de Atenção à Condução";"Colisão com objeto estático";"Com Vítimas Feridas";"Amanhecer";"Crescente";"Céu Claro";"Simples";"Curva";"Sim";1;0;1;0;0;0;1;1;-20,82491687;-41,217008;"SPRF-ES";"DEL03-ES";"UOP02-DEL03-ES"
241830;2019-10-12;"sábado";"05:10:00";"MA";135;11;"SAO LUIS";"Condutor Dormindo";"Saída de leito carroçável";"Sem Vítimas";"Amanhecer";"Decrescente";"Ignorado";"Dupla";"Reta";"Não";1;0;0;0;1;0;0;1;-2,66470782;-44,28673431;"SPRF-MA";"DEL01-MA";"UOP01-DEL01-MA"
241832;2019-10-12;"sábado";"04:20:00";"SC";116;213,5;"PONTE ALTA";"Velocidade Incompatível";"Saída de leito carroçável";"Sem Vítimas";"Plena Noite";"Crescente";"Céu Claro";"Simples";"Curva";"Não";1;0;0;0;1;0;0;1;-27,51730682;-50,36503494;"SPRF-SC";"DEL05-SC";"UOP03-DEL05-SC"
241834;2019-10-12;"sábado";"06:10:00";"RS";158;144;"PANAMBI";"Ingestão de Álcool";"Colisão lateral";"Com Vítimas Feridas";"Pleno dia";"Crescente";"Céu Claro";"Simples";"Reta";"Não";3;0;1;0;2;0;1;2;-28,23443887;-53,47576408;"SPRF-RS";"DEL10-RS";"UOP02-DEL10-RS"
241836;2019-10-11;"sexta-feira";"22:30:00";"SC";282;215,8;"LAGES";"Falta de Atenção à Condução";"Colisão transversal";"Com Vítimas Feridas";"Plena Noite";"Decrescente";"Céu Claro";"Simples";"Rotatória";"Sim";3;0;2;0;1;0;2;2;-27,79491411;-50,28397322;"SPRF-SC";"DEL05-SC";"UOP01-DEL05-SC"
241837;2019-10-12;"sábado";"05:53:00";"SP";116;146;"SAO JOSE DOS CAMPOS";"Defeito Mecânico no Veículo";"Queda de ocupante de veículo";"Com Vítimas Feridas";"Plena Noite";"Crescente";"Céu Claro";"Dupla";"Reta";"Não";2;0;2;0;0;0;2;1;-23,11257545;-45,79547882;"SPRF-SP";"DEL02-SP";"UOP01-DEL02-SP"
241838;2019-10-12;"sábado";"06:20:00";"SP";116;173;"JACAREI";"Falta de Atenção à Condução";"Queda de ocupante de veículo";"Com Vítimas Feridas";"Pleno dia";"Decrescente";"Céu Claro";"Dupla";"Reta";"Não";1;0;1;0;0;0;1;1;-23,31710055;-46,08178719;"SPRF-SP";"DEL02-SP";"UOP01-DEL02-SP"
241839;2019-10-12;"sábado";"05:45:00";"CE";20;423;"MARACANAU";"Ingestão de Álcool";"Colisão traseira";"Com Vítimas Feridas";"Pleno dia";"Crescente";"Céu Claro";"Dupla";"Reta";"Sim";2;0;1;0;0;1;1;2;-3,76999035;-38,67006282;"SPRF-CE";"DEL01-CE";"UOP02-DEL01-CE"
241840;2019-10-12;"sábado";"05:50:00";"RN";101;145,7;"GOIANINHA";"Ingestão de Álcool";"Colisão frontal";"Com Vítimas Feridas";"Pleno dia";"Crescente";"Sol";"Simples";"Reta";"Sim";2;0;0;1;1;0;1;2;-6,25422377;-35,21442175;"SPRF-RN";"DEL01-RN";"UOP01-DEL01-RN"
241841;2019-10-12;"sábado";"05:20:00";"PI";316;10,7;"TERESINA";"Ingestão de Álcool";"Colisão com objeto estático";"Com Vítimas Feridas";"Amanhecer";"Decrescente";"Céu Claro";"Dupla";"Rotatória";"Sim";4;0;1;0;0;3;1;4;-5,18280197;-42,76350291;"SPRF-PI";"DEL01-PI";"UOP02-DEL01-PI"
241842;2019-10-12;"sábado";"06:00:00";"SC";116;230,3;"CORREIA PINTO";"Condutor Dormindo";"Saída de leito carroçável";"Com Vítimas Feridas";"Amanhecer";"Decrescente";"Céu Claro";"Simples";"Reta";"Não";1;0;0;1;0;0;1;1;-27,66481801;-50,33623837;"SPRF-SC";"DEL05-SC";"UOP03-DEL05-SC"
241843;2019-10-12;"sábado";"05:50:00";"SC";282;571;"NOVA ERECHIM";"Ultrapassagem Indevida";"Colisão frontal";"Com Vítimas Feridas";"Pleno dia";"Crescente";"Céu Claro";"Simples";"Aclive";"Não";2;0;0;1;0;1;1;2;-26,883053;-52,939816;"SPRF-SC";"DEL07-SC";"UOP02-DEL07-SC"
241844;2019-10-12;"sábado";"07:30:00";"ES";101;143;"LINHARES";"Desobediência às normas de trânsito pelo condutor";"Colisão transversal";"Com Vítimas Feridas";"Pleno dia";"Decrescente";"Céu Claro";"Dupla";"Curva";"Não";2;0;1;0;1;0;1;2;-19,31817306;-40,07552313;"SPRF-ES";"DEL04-ES";"UOP01-DEL04-ES"
241845;2019-10-12;"sábado";"06:30:00";"PR";376;658;"TIJUCAS DO SUL";"Condutor Dormindo";"Saída de leito carroçável";"Sem Vítimas";"Amanhecer";"Crescente";"Nublado";"Dupla";"Reta";"Não";1;0;0;0;1;0;0;1;-25,85300602;-49,02166198;"SPRF-PR";"DEL01-PR";"UOP04-DEL01-PR"
241846;2019-10-12;"sábado";"07:30:00";"ES";262;22,1;"VIANA";"Falta de Atenção à Condução";"Tombamento";"Com Vítimas Feridas";"Pleno dia";"Crescente";"Sol";"Simples";"Reta";"Não";1;0;1;0;0;0;1;1;-20,37573476;-40,51281386;"SPRF-ES";"DEL01-ES";"UOP01-DEL01-ES"
241848;2019-10-12;"sábado";"06:55:00";"RS";116;151;"CAXIAS DO SUL";"Falta de Atenção à Condução";"Colisão com objeto estático";"Com Vítimas Feridas";"Amanhecer";"Crescente";"Céu Claro";"Dupla";"Curva";"Sim";1;0;1;0;0;0;1;1;-29,17694502;-51,16173896;"SPRF-RS";"DEL05-RS";"UOP01-DEL05-RS"
241850;2019-10-12;"sábado";"07:00:00";"RS";290;42,9;"SANTO ANTONIO DA PATRULHA";"Objeto estático sobre o leito carroçável";"Colisão transversal";"Com Vítimas Feridas";"Pleno dia";"Decrescente";"Sol";"Dupla";"Reta";"Não";4;0;2;1;1;0;3;2;-29,888767;-50,679028;"SPRF-RS";"DEL03-RS";"UOP01-DEL03-RS"
241852;2019-10-12;"sábado";"07:20:00";"CE";222;4,3;"CAUCAIA";"Defeito na Via";"Colisão com objeto estático";"Com Vítimas Feridas";"Pleno dia";"Decrescente";"Sol";"Múltipla";"Reta";"Sim";1;0;1;0;0;0;1;1;-3,74254;-38,60985;"SPRF-CE";"DEL01-CE";"UOP01-DEL01-CE"
241853;2019-10-12;"sábado";"07:55:00";"MG";116;698,8;"MURIAE";"Velocidade Incompatível";"Colisão com objeto estático";"Com Vítimas Fatais";"Pleno dia";"Decrescente";"Céu Claro";"Simples";"Curva";"Não";5;1;4;0;0;0;4;1;-21,10258681;-42,37840131;"SPRF-MG";"DEL07-MG";"UOP02-DEL07-MG"
241854;2019-09-22;"domingo";"22:10:00";"SC";101;114;"ITAJAI";"Ingestão de Álcool";"Colisão com objeto estático";"Sem Vítimas";"Plena Noite";"Crescente";"Nublado";"Dupla";"Reta";"Não";2;0;0;0;2;0;0;2;-26,86192886;-48,7286704;"SPRF-SC";"DEL04-SC";"UOP04-DEL04-SC"
241855;2019-10-12;"sábado";"05:00:00";"MS";60;556,4;"NIOAQUE";"Condutor Dormindo";"Saída de leito carroçável";"Sem Vítimas";"Amanhecer";"Crescente";"Céu Claro";"Simples";"Reta";"Não";1;0;0;0;1;0;0;1;-21,2763481;-55,97397387;"SPRF-MS";"DEL05-MS";"UOP01-DEL05-MS"
241856;2019-10-12;"sábado";"08:40:00";"RS";287;280;"SAO PEDRO DO SUL";"Falta de Atenção à Condução";"Saída de leito carroçável";"Sem Vítimas";"Pleno dia";"Crescente";"Sol";"Dupla";"Aclive";"Não";1;0;0;0;1;0;0;1;-29,6410317;-54,17002483;"SPRF-RS";"DEL09-RS";"UOP01-DEL09-RS"
241859;2019-10-12;"sábado";"08:45:00";"PR";277;64;"SAO JOSE DOS PINHAIS";"Não guardar distância de segurança";"Colisão traseira";"Com Vítimas Feridas";"Pleno dia";"Decrescente";"Sol";"Dupla";"Reta";"Não";6;0;3;0;3;0;3;4;-25,55703867;-49,02612685;"SPRF-PR";"DEL01-PR";"UOP07-DEL01-PR"
241862;2019-10-09;"quarta-feira";"07:10:00";"SC";101;118;"ITAJAI";"Velocidade Incompatível";"Queda de ocupante de veículo";"Com Vítimas Feridas";"Pleno dia";"Crescente";"Ignorado";"Dupla";"Curva";"Não";1;0;1;0;0;0;1;1;-26,895859;-48,71903;"SPRF-SC";"DEL04-SC";"UOP04-DEL04-SC"
241864;2019-10-12;"sábado";"08:00:00";"SC";280;233,5;"CANOINHAS";"Defeito Mecânico no Veículo";"Tombamento";"Com Vítimas Feridas";"Pleno dia";"Decrescente";"Céu Claro";"Simples";"Reta";"Sim";2;0;2;0;0;0;2;1;-26,19146187;-50,39215;"SPRF-SC";"DEL06-SC";"UOP04-DEL06-SC"
241865;2019-10-12;"sábado";"09:20:00";"SE";235;52;"ITABAIANA";"Falta de Atenção à Condução";"Saída de leito carroçável";"Com Vítimas Feridas";"Pleno dia";"Crescente";"Céu Claro";"Simples";"Reta";"Sim";2;0;1;0;0;1;1;2;-10,693279;-37,437557;"SPRF-SE";"DEL01-SE";"UOP02-DEL01-SE"
241866;2019-10-12;"sábado";"08:55:00";"PR";373;187,8;"PONTA GROSSA";"Velocidade Incompatível";"Capotamento";"Com Vítimas Feridas";"Pleno dia";"Crescente";"Céu Claro";"Simples";"Curva";"Não";1;0;0;1;0;0;1;1;-25,05383292;-50,31036196;"SPRF-PR";"DEL03-PR";"UOP01-DEL03-PR"
241867;2019-10-12;"sábado";"06:00:00";"RS";285;122;"VACARIA";"Desobediência às normas de trânsito pelo condutor";"Colisão transversal";"Com Vítimas Feridas";"Amanhecer";"Decrescente";"Céu Claro";"Simples";"Rotatória";"Sim";3;0;1;0;2;0;1;2;-28,505535;-50,944073;"SPRF-RS";"DEL05-RS";"UOP03-DEL05-RS"
241868;2019-10-12;"sábado";"08:15:00";"SP";116;134,9;"SAO JOSE DOS CAMPOS";"Falta de Atenção à Condução";"Engavetamento";"Sem Vítimas";"Pleno dia";"Decrescente";"Céu Claro";"Dupla";"Aclive;Reta";"Não";5;0;0;0;5;0;0;5;-23,1420741929;-45,7653730363;"SPRF-SP";"DEL06-SP";"UOP02-DEL02-SP"
241869;2019-10-12;"sábado";"08:20:00";"PR";116;70;"CAMPINA GRANDE DO SUL";"Ingestão de Álcool";"Saída de leito carroçável";"Com Vítimas Feridas";"Pleno dia";"Decrescente";"Sol";"Simples";"Curva";"Não";4;0;2;1;1;0;3;1;-25,33849717;-49,03792883;"SPRF-PR";"DEL01-PR";"UOP01-DEL01-PR"
241870;2019-10-12;"sábado";"09:00:00";"GO";40;93,3;"CRISTALINA";"Falta de Atenção à Condução";"Colisão com objeto em movimento";"Sem Vítimas";"Pleno dia";"Crescente";"Céu Claro";"Simples";"Interseção de Vias";"Não";2;0;0;0;2;0;0;2;-16,736824;-47,61925;"SPRF-DF";"DEL01-DF";"UOP02-DEL01-DF"
241871;2019-10-12;"sábado";"09:10:00";"MG";365;458,9;"PATROCINIO";"Falta de Atenção à Condução";"Colisão transversal";"Com Vítimas Feridas";"Pleno dia";"Crescente";"Céu Claro";"Simples";"Interseção de Vias";"Não";5;0;1;0;4;0;1;2;-18,87010794;-46,90179348;"SPRF-MG";"DEL10-MG";"UOP01-DEL10-MG"
241872;2019-10-12;"sábado";"09:15:00";"RS";101;71,3;"OSORIO";"Animais na Pista";"Atropelamento de Animal";"Com Vítimas Feridas";"Pleno dia";"Decrescente";"Céu Claro";"Simples";"Reta";"Sim";1;0;1;0;0;0;1;1;-29,759604;-50,21723;"SPRF-RS";"DEL03-RS";"UOP01-DEL03-RS"
241873;2019-10-12;"sábado";"08:45:00";"SC";470;136,4;"RIO DO SUL";"Desobediência às normas de trânsito pelo condutor";"Colisão transversal";"Sem Vítimas";"Pleno dia";"Crescente";"Sol";"Simples";"Reta";"Sim";2;0;0;0;2;0;0;2;-27,194323;-49,624554;"SPRF-SC";"DEL04-SC";"UOP02-DEL04-SC"
241874;2019-08-17;"sábado";"09:10:00";"PR";277;595,5;"CASCAVEL";"Falta de Atenção à Condução";"Queda de ocupante de veículo";"Com Vítimas Feridas";"Pleno dia";"Crescente";"Céu Claro";"Simples";"Reta";"Sim";2;0;0;1;1;0;1;2;-24,98154632;-53,50141969;"SPRF-PR";"DEL04-PR";"UOP01-DEL04-PR"
241875;2019-10-12;"sábado";"08:20:00";"PR";277;684,5;"SAO MIGUEL DO IGUACU";"Falta de Atenção à Condução";"Colisão transversal";"Com Vítimas Feridas";"Pleno dia";"Decrescente";"Céu Claro";"Dupla";"Aclive;Reta";"Não";2;0;2;0;0;0;2;2;-25,33864563;-54,19917133;"SPRF-PR";"DEL05-PR";"UOP01-DEL05-PR"
241876;2019-09-03;"terça-feira";"21:00:00";"ES";259;96,5;"BAIXO GUANDU";"Falta de Atenção à Condução";"Colisão lateral";"Com Vítimas Feridas";"Plena Noite";"Crescente";"Ignorado";"Simples";"Reta";"Não";2;0;0;1;1;0;1;2;-19,50432431;-40,93986696;"SPRF-ES";"DEL02-ES";"UOP01-DEL02-ES"
241877;2019-10-12;"sábado";"09:35:00";"ES";101;299,6;"VIANA";"Desobediência às normas de trânsito pelo condutor";"Colisão lateral";"Com Vítimas Feridas";"Pleno dia";"Decrescente";"Sol";"Múltipla";"Reta";"Sim";2;0;1;0;1;0;1;2;-20,35860628;-40,42327504;"SPRF-ES";"DEL01-ES";"UOP01-DEL01-ES"
241879;2019-10-12;"sábado";"09:30:00";"SC";101;207,5;"SAO JOSE";"Falta de Atenção à Condução";"Colisão lateral";"Com Vítimas Feridas";"Pleno dia";"Decrescente";"Céu Claro";"Múltipla";"Declive";"Sim";5;0;2;0;3;0;2;3;-27,60001226;-48,6226467;"SPRF-SC";"DEL01-SC";"UOP01-DEL01-SC"
241880;2019-10-12;"sábado";"09:30:00";"ES";101;269,5;"SERRA";"Não guardar distância de segurança";"Colisão transversal";"Com Vítimas Feridas";"Pleno dia";"Decrescente";"Sol";"Dupla";"Reta";"Sim";2;0;1;0;1;0;1;2;-20,21740496;-40,26990578;"SPRF-ES";"DEL02-ES";"UOP01-DEL02-ES"
241881;2019-10-12;"sábado";"10:10:00";"ES";262;3;"CARIACICA";"Avarias e/ou desgaste excessivo no pneu";"Colisão lateral";"Com Vítimas Feridas";"Pleno dia";"Decrescente";"Sol";"Dupla";"Declive";"Sim";3;0;2;0;1;0;2;2;-20,33374432;-40,36910933;"SPRF-ES";"DEL01-ES";"UOP01-DEL01-ES"
241883;2019-10-12;"sábado";"10:20:00";"SC";101;216;"PALHOCA";"Desobediência às normas de trânsito pelo condutor";"Colisão transversal";"Com Vítimas Feridas";"Pleno dia";"Crescente";"Céu Claro";"Simples";"Reta";"Sim";2;0;0;1;1;0;1;2;-27,65981409;-48,67747798;"SPRF-SC";"DEL01-SC";"UOP02-DEL01-SC"
241884;2019-10-12;"sábado";"08:56:00";"BA";324;625;"SALVADOR";"Falta de Atenção à Condução";"Colisão traseira";"Com Vítimas Feridas";"Pleno dia";"Crescente";"Céu Claro";"Múltipla";"Reta";"Sim";3;0;2;0;1;0;2;2;-12,94194706;-38,47081224;"SPRF-BA";"DEL01-BA";"UOP01-DEL01-BA"
241885;2019-10-12;"sábado";"10:45:00";"RS";158;407;"PANAMBI";"Desobediência às normas de trânsito pelo condutor";"Saída de leito carroçável";"Com Vítimas Feridas";"Pleno dia";"Crescente";"Céu Claro";"Simples";"Reta";"Não";2;0;2;0;0;0;2;1;-28,37771562;-53,38776849;"SPRF-RS";"DEL11-RS";"UOP02-DEL11-RS"
241887;2019-10-12;"sábado";"09:25:00";"SC";101;362;"SANGAO";"Falta de Atenção à Condução";"Tombamento";"Com Vítimas Feridas";"Pleno dia";"Decrescente";"Sol";"Simples";"Curva";"Não";2;0;1;1;0;0;2;1;-28,67136197;-49,12225505;"SPRF-SC";"DEL02-SC";"UOP01-DEL02-SC"
241888;2019-10-12;"sábado";"09:10:00";"AM";174;962,2;"MANAUS";"Velocidade Incompatível";"Colisão frontal";"Sem Vítimas";"Pleno dia";"Crescente";"Céu Claro";"Simples";"Reta";"Não";3;0;0;0;3;0;0;2;-2,29260605;-60,04313663;"SPRF-AM";"DEL01-AM";"UOP01-DEL01-AM"
241891;2019-10-12;"sábado";"10:30:00";"PI";343;2,1;"TERESINA";"Falta de Atenção à Condução";"Colisão traseira";"Com Vítimas Feridas";"Pleno dia";"Crescente";"Céu Claro";"Múltipla";"Retorno Regulamentado";"Sim";3;0;0;1;2;0;1;2;-5,08147586;-42,76768327;"SPRF-PI";"DEL05-PI";"UOP01-DEL05-PI"
241892;2019-10-12;"sábado";"10:30:00";"SC";101;89;"BARRA VELHA";"Velocidade Incompatível";"Colisão traseira";"Com Vítimas Feridas";"Pleno dia";"Decrescente";"Sol";"Múltipla";"Reta";"Sim";4;0;1;0;3;0;1;3;-26,65175997;-48,68721921;"SPRF-SC";"DEL03-SC";"UOP02-DEL03-SC"
241893;2019-10-12;"sábado";"11:00:00";"RJ";356;66;"ITALVA";"Falta de Atenção à Condução";"Colisão transversal";"Com Vítimas Feridas";"Pleno dia";"Crescente";"Céu Claro";"Simples";"Reta;Interseção de Vias";"Não";3;0;1;0;2;0;1;2;-21,35637889;-41,70894511;"SPRF-RJ";"DEL08-RJ";"UOP03-DEL08-RJ"
241895;2019-10-12;"sábado";"10:50:00";"BA";415;57,7;"ITABUNA";"Velocidade Incompatível";"Saída de leito carroçável";"Com Vítimas Fatais";"Pleno dia";"Decrescente";"Nublado";"Simples";"Curva";"Não";1;1;0;0;0;0;0;1;-14,819602;-39,305427;"SPRF-BA";"DEL05-BA";"UOP01-DEL05-BA"
241896;2019-10-12;"sábado";"12:00:00";"RJ";101;415;"ITAGUAI";"Desobediência às normas de trânsito pelo condutor";"Colisão traseira";"Com Vítimas Feridas";"Pleno dia";"Crescente";"Sol";"Dupla";"Reta";"Não";2;0;1;0;1;0;1;2;-22,90433243;-43,88181398;"SPRF-RJ";"DEL03-RJ";"UOP01-DEL03-RJ"
241897;2019-10-12;"sábado";"12:05:00";"GO";70;23;"COCALZINHO DE GOIAS";"Ingestão de Álcool";"Colisão traseira";"Sem Vítimas";"Pleno dia";"Crescente";"Céu Claro";"Dupla";"Reta";"Sim";2;0;0;0;2;0;0;2;-15,7366224;-48,40222058;"SPRF-DF";"DEL01-DF";"UOP02-DEL03-DF"
241898;2019-10-12;"sábado";"11:45:00";"PR";376;645,1;"TIJUCAS DO SUL";"Falta de Atenção à Condução";"Queda de ocupante de veículo";"Com Vítimas Feridas";"Pleno dia";"Crescente";"Céu Claro";"Dupla";"Reta";"Não";2;0;2;0;0;0;2;1;-25,827163;-49,120547;"SPRF-PR";"DEL01-PR";"UOP04-DEL01-PR"
241899;2019-10-12;"sábado";"10:10:00";"PR";277;713;"SANTA TEREZINHA DE ITAIPU";"Não guardar distância de segurança";"Colisão traseira";"Com Vítimas Feridas";"Pleno dia";"Crescente";"Céu Claro";"Dupla";"Reta";"Não";4;0;2;0;2;0;2;2;-25,46144154;-54,44010119;"SPRF-PR";"DEL05-PR";"UOP01-DEL05-PR"
241902;2019-10-12;"sábado";"10:30:00";"RO";364;237,6;"CACOAL";"Defeito na Via";"Queda de ocupante de veículo";"Com Vítimas Feridas";"Pleno dia";"Crescente";"Céu Claro";"Simples";"Declive";"Sim";1;0;1;0;0;0;1;1;-11,44341056;-61,44672787;"SPRF-RO";"DEL02-RO";"UOP02-DEL02-RO"
241903;2019-10-12;"sábado";"12:50:00";"PR";116;65;"CAMPINA GRANDE DO SUL";"Falta de Atenção à Condução";"Colisão lateral";"Com Vítimas Feridas";"Pleno dia";"Decrescente";"Céu Claro";"Dupla";"Reta";"Não";3;0;2;0;1;0;2;2;-25,31031746;-49,00207969;"SPRF-PR";"DEL01-PR";"UOP02-DEL01-PR"
241905;2019-10-12;"sábado";"11:40:00";"SC";101;139;"ITAPEMA";"Falta de Atenção à Condução";"Colisão traseira";"Com Vítimas Feridas";"Pleno dia";"Crescente";"Sol";"Dupla";"Aclive";"Não";2;0;1;0;1;0;1;2;-27,02982303;-48,60115006;"SPRF-SC";"DEL04-SC";"UOP03-DEL04-SC"
241908;2019-10-12;"sábado";"11:40:00";"MG";262;464,2;"ARAUJOS";"Animais na Pista";"Saída de leito carroçável";"Com Vítimas Feridas";"Pleno dia";"Crescente";"Sol";"Simples";"Reta";"Não";5;0;3;1;0;1;4;2;-19,8117408;-45,10677395;"SPRF-MG";"DEL08-MG";"UOP03-DEL08-MG"
241909;2019-10-12;"sábado";"13:40:00";"ES";262;69,5;"MARECHAL FLORIANO";"Não guardar distância de segurança";"Colisão traseira";"Com Vítimas Feridas";"Pleno dia";"Crescente";"Céu Claro";"Simples";"Reta;Declive";"Não";3;0;1;0;2;0;1;2;-20,41226608;-40,85971695;"SPRF-ES";"DEL01-ES";"UOP02-DEL01-ES"
241913;2019-10-12;"sábado";"13:40:00";"SC";282;3,2;"FLORIANOPOLIS";"Falta de Atenção à Condução";"Colisão lateral";"Com Vítimas Feridas";"Pleno dia";"Crescente";"Céu Claro";"Dupla";"Curva";"Não";4;0;1;1;1;1;2;3;-27,600384;-48,599705;"SPRF-SC";"DEL01-SC";"UOP01-DEL01-SC"
241914;2019-10-12;"sábado";"14:08:00";"ES";101;0,3;"SERRA";"Falta de Atenção do Pedestre";"Atropelamento de Pedestre";"Com Vítimas Feridas";"Pleno dia";"Crescente";"Céu Claro";"Simples";"Reta";"Sim";2;0;1;0;0;1;1;2;-20,129093;-40,308125;"SPRF-ES";"DEL02-ES";"UOP01-DEL02-ES"
241916;2019-10-11;"sexta-feira";"19:30:00";"RO";364;1037;"PORTO VELHO";"Falta de Atenção à Condução";"Colisão lateral";"Com Vítimas Feridas";"Plena Noite";"Decrescente";"Nublado";"Simples";"Reta";"Não";3;0;0;2;1;0;2;2;-9,77025216;-66,328361;"SPRF-RO";"DEL01-RO";"UOP03-DEL01-RO"
241917;2019-10-12;"sábado";"14:20:00";"MG";40;525,8;"CONTAGEM";"Avarias e/ou desgaste excessivo no pneu";"Tombamento";"Com Vítimas Feridas";"Pleno dia";"Crescente";"Céu Claro";"Dupla";"Declive;Reta";"Sim";2;0;1;1;0;0;2;1;-19,88361702;-44,05039336;"SPRF-MG";"DEL01-MG";"UOP02-DEL01-MG"
241918;2019-10-12;"sábado";"08:40:00";"SC";116;148;"SANTA CECILIA";"Defeito Mecânico no Veículo";"Saída de leito carroçável";"Com Vítimas Feridas";"Pleno dia";"Crescente";"Sol";"Simples";"Curva";"Não";2;0;2;0;0;0;2;1;-27,01619572;-50,42184149;"SPRF-SC";"DEL06-SC";"UOP02-DEL06-SC"
241919;2019-10-12;"sábado";"14:45:00";"GO";40;29,5;"LUZIANIA";"Velocidade Incompatível";"Capotamento";"Sem Vítimas";"Pleno dia";"Crescente";"Céu Claro";"Dupla";"Reta";"Não";1;0;0;0;1;0;0;1;-16,273718;-47,871456;"SPRF-DF";"DEL01-DF";"UOP01-DEL01-DF"
241920;2019-10-12;"sábado";"14:40:00";"BA";20;210;"LUIS EDUARDO MAGALHAES";"Ingestão de Álcool";"Colisão transversal";"Com Vítimas Feridas";"Pleno dia";"Decrescente";"Céu Claro";"Dupla";"Reta";"Sim";6;0;0;1;5;0;1;2;-12,098496;-45,807661;"SPRF-BA";"DEL10-BA";"UOP01-DEL10-BA"
241921;2019-10-12;"sábado";"15:00:00";"RN";101;95,3;"NATAL";"Não guardar distância de segurança";"Colisão traseira";"Com Vítimas Feridas";"Pleno dia";"Decrescente";"Céu Claro";"Dupla";"Reta";"Sim";3;0;2;0;1;0;2;2;-5,84076841;-35,21035949;"SPRF-RN";"DEL01-RN";"UOP01-DEL01-RN"
241922;2019-10-12;"sábado";"15:20:00";"RS";290;463;"ROSARIO DO SUL";"Ingestão de Álcool";"Saída de leito carroçável";"Com Vítimas Feridas";"Pleno dia";"Decrescente";"Céu Claro";"Simples";"Reta";"Não";1;0;1;0;0;0;1;1;-30,231846;-54,746655;"SPRF-RS";"DEL11-RS";"UOP02-DEL11-RS"
241923;2019-10-12;"sábado";"15:00:00";"BA";324;623;"SALVADOR";"Falta de Atenção à Condução";"Colisão traseira";"Com Vítimas Feridas";"Pleno dia";"Decrescente";"Céu Claro";"Dupla";"Curva";"Sim";2;0;1;0;0;1;1;2;-12,92733257;-38,46826928;"SPRF-BA";"DEL01-BA";"UOP01-DEL01-BA"
241924;2019-10-12;"sábado";"15:20:00";"GO";40;119,3;"CRISTALINA";"Condutor Dormindo";"Saída de leito carroçável";"Com Vítimas Fatais";"Pleno dia";"Crescente";"Céu Claro";"Dupla";"Curva";"Não";3;1;0;1;0;1;1;2;-16,856198;-47,430575;"SPRF-DF";"DEL01-DF";"UOP02-DEL01-DF"
241925;2019-10-12;"sábado";"15:25:00";"MG";40;784,4;"JUIZ DE FORA";"Falta de Atenção à Condução";"Colisão traseira";"Com Vítimas Feridas";"Pleno dia";"Crescente";"Céu Claro";"Dupla";"Retorno Regulamentado";"Não";1;0;1;0;0;0;1;1;-21,71178893;-43,44743099;"SPRF-MG";"DEL05-MG";"UOP01-DEL05-MG"
241926;2019-10-12;"sábado";"14:40:00";"AP";210;1;"MACAPA";"Falta de Atenção à Condução";"Colisão transversal";"Com Vítimas Feridas";"Pleno dia";"Decrescente";"Céu Claro";"Simples";"Interseção de Vias";"Sim";3;0;2;0;1;0;2;2;0,07816717;-51,06998693;"SPRF-AP";"DEL01-AP";"UOP01-DEL01-AP"
241929;2019-10-12;"sábado";"10:00:00";"AC";364;175;"BUJARI";"Defeito na Via";"Tombamento";"Com Vítimas Feridas";"Pleno dia";"Crescente";"Céu Claro";"Dupla";"Declive";"Não";2;0;0;1;0;1;1;1;-9,74287622;-68,09574713;"SPRF-AC";"DEL01-AC";"UOP01-DEL01-AC"
241930;2019-10-12;"sábado";"15:55:00";"PR";158;528;"PATO BRANCO";"Falta de Atenção à Condução";"Colisão traseira";"Com Vítimas Feridas";"Pleno dia";"Crescente";"Sol";"Simples";"Reta";"Não";2;0;1;0;1;0;1;2;-26,17852896;-52,66276667;"SPRF-PR";"DEL02-PR";"UOP01-DEL02-PR"
241934;2019-10-12;"sábado";"16:40:00";"SC";470;59,1;"BLUMENAU";"Ingestão de Substâncias Psicoativas";"Colisão transversal";"Com Vítimas Feridas";"Pleno dia";"Decrescente";"Céu Claro";"Simples";"Curva";"Sim";3;0;2;0;1;0;2;2;-26,8830388;-49,15629208;"SPRF-SC";"DEL04-SC";"UOP01-DEL04-SC"
241935;2019-10-12;"sábado";"16:50:00";"CE";222;88,4;"UMIRIM";"Ingestão de Álcool";"Colisão lateral";"Com Vítimas Feridas";"Pleno dia";"Decrescente";"Céu Claro";"Simples";"Reta";"Sim";3;0;1;1;1;0;2;2;-3,67255881;-39,32995409;"SPRF-CE";"DEL04-CE";"UOP03-DEL04-CE"
241936;2019-10-12;"sábado";"16:40:00";"RN";304;296;"MACAIBA";"Ingestão de Álcool";"Colisão traseira";"Com Vítimas Feridas";"Pleno dia";"Crescente";"Céu Claro";"Simples";"Reta";"Sim";2;0;1;0;1;0;1;2;-5,86484905;-35,34931012;"SPRF-RN";"DEL01-RN";"UOP02-DEL01-RN"
241937;2019-10-12;"sábado";"16:20:00";"CE";116;23;"ITAITINGA";"Ingestão de Álcool";"Colisão com objeto estático";"Com Vítimas Feridas";"Pleno dia";"Crescente";"Céu Claro";"Dupla";"Declive";"Não";2;0;1;0;1;0;1;2;-3,95180757;-38,51225322;"SPRF-CE";"DEL01-CE";"UOP02-DEL01-CE"