"id";"data_inversa";"dia_semana";"horario";"uf";"br";"km";"municipio";"causa_acidente";"tipo_acidente";"classificacao_acidente";"fase_dia";"sentido_via";"condicao_metereologica";"tipo_pista";"tracado_via";"uso_solo";"pessoas";"mortos";"feridos_leves";"feridos_graves";"ilesos";"ignorados";"feridos";"veiculos";"latitude";"longitude";"regional";"delegacia";"uop"
241938;2019-10-12;"sábado";"17:00:00";"PI";343;3,8;"TERESINA";"Falta de Atenção à Condução";"Colisão traseira";"Sem Vítimas";"Pleno dia";"Decrescente";"Céu Claro";"Dupla";"Interseção de Vias";"Sim";2;0;0;0;2;0;0;2;-5,089569;-42,802288;"SPRF-PI";"DEL01-PI";"UOP01-DEL01-PI"
241939;2019-10-12;"sábado";"16:30:00";"PB";101;83;"BAYEUX";"Ingestão de Álcool";"Colisão lateral";"Com Vítimas Feridas";"Pleno dia";"Crescente";"Céu Claro";"Dupla";"Interseção de Vias";"Sim";3;0;1;0;1;1;1;3;-7,1337703;-34,92963914;"SPRF-PB";"DEL01-PB";"UOP01-DEL01-PB"
241940;2019-10-12;"sábado";"16:30:00";"ES";101;222;"IBIRACU";"Defeito Mecânico no Veículo";"Colisão lateral";"Com Vítimas Feridas";"Pleno dia";"Decrescente";"Nublado";"Simples";"Curva";"Não";4;0;0;2;2;0;2;2;-19,86967622;-40,40915873;"SPRF-ES";"DEL02-ES";"UOP01-DEL02-ES"
241941;2019-10-12;"sábado";"16:30:00";"PR";116;209;"RIO NEGRO";"Ingestão de Álcool";"Colisão transversal";"Com Vítimas Feridas";"Pleno dia";"Crescente";"Céu Claro";"Dupla";"Interseção de Vias";"Sim";4;0;1;1;2;0;2;2;-26,07620916;-49,75230908;"SPRF-SC";"DEL06-SC";"UOP01-DEL06-SC"
241942;2019-10-12;"sábado";"16:30:00";"BA";407;123;"SENHOR DO BONFIM";"Falta de Atenção à Condução";"Saída de leito carroçável";"Com Vítimas Feridas";"Pleno dia";"Crescente";"Céu Claro";"Simples";"Declive";"Não";1;0;0;1;0;0;1;1;-10,434585;-40,187134;"SPRF-BA";"DEL04-BA";"UOP01-DEL04-BA"
241943;2019-10-12;"sábado";"11:00:00";"MG";267;271,7;"AIURUOCA";"Falta de Atenção à Condução";"Colisão transversal";"Com Vítimas Feridas";"Pleno dia";"Decrescente";"Céu Claro";"Simples";"Reta";"Não";5;0;4;1;0;0;5;2;-21,93370891;-44,64578203;"SPRF-MG";"DEL05-MG";"UOP01-DEL17-MG"
241945;2019-10-12;"sábado";"15:41:00";"SC";101;79,4;"ARAQUARI";"Falta de Atenção à Condução";"Colisão lateral";"Com Vítimas Feridas";"Pleno dia";"Decrescente";"Céu Claro";"Dupla";"Ponte";"Não";2;0;1;0;1;0;1;2;-26,59828163;-48,7234211;"SPRF-SC";"DEL03-SC";"UOP02-DEL03-SC"
241946;2019-10-12;"sábado";"17:15:00";"MG";364;38;"FRUTAL";"Ingestão de Álcool";"Saída de leito carroçável";"Com Vítimas Feridas";"Pleno dia";"Decrescente";"Céu Claro";"Simples";"Curva";"Não";1;0;0;1;0;0;1;1;-19,96506;-48,96232;"SPRF-MG";"DEL13-MG";"UOP02-DEL13-MG"
241947;2019-10-12;"sábado";"17:20:00";"CE";222;24;"CAUCAIA";"Falta de Atenção à Condução";"Colisão com objeto estático";"Com Vítimas Feridas";"Anoitecer";"Decrescente";"Céu Claro";"Simples";"Reta";"Não";1;0;0;1;0;0;1;1;-3,72993822;-38,76858609;"SPRF-CE";"DEL01-CE";"UOP01-DEL01-CE"
241948;2019-10-12;"sábado";"17:00:00";"PE";101;79,9;"JABOATAO DOS GUARARAPES";"Desobediência às normas de trânsito pelo condutor";"Colisão lateral";"Sem Vítimas";"Anoitecer";"Decrescente";"Chuva";"Dupla";"Reta";"Sim";4;0;0;0;2;2;0;2;-8,14366112;-34,94723453;"SPRF-PE";"DEL01-PE";"UOP01-DEL01-PE"
241949;2019-10-12;"sábado";"09:00:00";"RJ";101;265;"RIO BONITO";"Condutor Dormindo";"Saída de leito carroçável";"Com Vítimas Feridas";"Pleno dia";"Crescente";"Céu Claro";"Dupla";"Curva";"Sim";1;0;1;0;0;0;1;1;-22,71359987;-42,64391188;"SPRF-RJ";"DEL02-RJ";"UOP03-DEL02-RJ"
241951;2019-10-12;"sábado";"18:10:00";"SE";101;127,6;"ITAPORANGA DAJUDA";"Defeito Mecânico no Veículo";"Saída de leito carroçável";"Com Vítimas Fatais";"Plena Noite";"Decrescente";"Nublado";"Dupla";"Reta";"Não";1;1;0;0;0;0;0;1;-11,07307112;-37,36285266;"SPRF-SE";"DEL02-SE";"UOP01-DEL02-SE"
241952;2019-10-12;"sábado";"17:40:00";"CE";20;423;"MARACANAU";"Agressão Externa";"Colisão transversal";"Com Vítimas Feridas";"Anoitecer";"Crescente";"Céu Claro";"Dupla";"Reta";"Não";3;0;1;0;1;1;1;2;-3,76999035;-38,67006282;"SPRF-CE";"DEL01-CE";"UOP02-DEL01-CE"
241955;2019-10-12;"sábado";"18:26:00";"RN";406;171;"NATAL";"Ingestão de Álcool";"Atropelamento de Pedestre";"Com Vítimas Feridas";"Plena Noite";"Decrescente";"Céu Claro";"Dupla";"Declive";"Sim";2;0;0;1;1;0;1;2;-5,76172663;-35,29115323;"SPRF-RN";"DEL02-RN";"UOP01-DEL02-RN"
241956;2019-10-12;"sábado";"17:30:00";"PE";424;81,2;"GARANHUNS";"Velocidade Incompatível";"Saída de leito carroçável";"Com Vítimas Feridas";"Anoitecer";"Crescente";"Céu Claro";"Simples";"Reta";"Não";1;0;1;0;0;0;1;1;-8,83566196;-36,53934997;"SPRF-PE";"DEL03-PE";"UOP01-DEL03-PE"
241957;2019-10-12;"sábado";"18:20:00";"ES";101;263;"SERRA";"Ingestão de Álcool";"Queda de ocupante de veículo";"Com Vítimas Feridas";"Plena Noite";"Decrescente";"Céu Claro";"Dupla";"Reta";"Sim";1;0;1;0;0;0;1;1;-20,16554736;-40,27301648;"SPRF-ES";"DEL02-ES";"UOP01-DEL02-ES"
241959;2019-10-12;"sábado";"18:15:00";"RJ";116;108;"GUAPIMIRIM";"Falta de Atenção à Condução";"Tombamento";"Com Vítimas Feridas";"Anoitecer";"Crescente";"Céu Claro";"Dupla";"Reta";"Não";1;0;1;0;0;0;1;1;-22,535843;-42,99125;"SPRF-RJ";"DEL04-RJ";"UOP02-DEL04-RJ"
241960;2019-10-12;"sábado";"19:00:00";"BA";116;340;"TEOFILANDIA";"Falta de Atenção do Pedestre";"Atropelamento de Pedestre";"Com Vítimas Feridas";"Plena Noite";"Decrescente";"Céu Claro";"Simples";"Reta";"Não";2;0;1;1;0;0;2;2;-11,50226304;-38,99596429;"SPRF-BA";"DEL02-BA";"UOP01-DEL02-BA"
241962;2019-10-12;"sábado";"19:00:00";"PI";343;0,6;"LUIS CORREIA";"Ingestão de Álcool";"Saída de leito carroçável";"Com Vítimas Feridas";"Plena Noite";"Decrescente";"Céu Claro";"Simples";"Reta";"Sim";2;0;1;0;1;0;1;2;-2,888238;-41,666188;"SPRF-PI";"DEL05-PI";"UOP01-DEL05-PI"
241963;2019-10-12;"sábado";"18:00:00";"PE";104;71,8;"CARUARU";"Ingestão de Álcool";"Colisão com objeto estático";"Com Vítimas Feridas";"Plena Noite";"Decrescente";"Céu Claro";"Dupla";"Reta;Aclive";"Não";1;0;1;0;0;0;1;1;-8,33169854;-35,98203778;"SPRF-PE";"DEL02-PE";"UOP01-DEL02-PE"
241964;2019-10-12;"sábado";"18:15:00";"MG";40;508,9;"RIBEIRAO DAS NEVES";"Falta de Atenção à Condução";"Colisão transversal";"Com Vítimas Feridas";"Anoitecer";"Crescente";"Céu Claro";"Dupla";"Retorno Regulamentado";"Sim";2;0;1;0;1;0;1;2;-19,76613814;-44,12981629;"SPRF-MG";"DEL01-MG";"UOP02-DEL01-MG"
241965;2019-10-12;"sábado";"18:42:00";"SP";153;75;"BADY BASSITT";"Falta de Atenção à Condução";"Colisão traseira";"Com Vítimas Feridas";"Plena Noite";"Crescente";"Céu Claro";"Simples";"Rotatória";"Sim";3;0;1;0;2;0;1;2;-20,89418221;-49,43387582;"SPRF-SP";"DEL09-SP";"UOP01-DEL09-SP"
241966;2019-10-12;"sábado";"18:50:00";"GO";40;5,7;"VALPARAISO DE GOIAS";"Falta de Atenção à Condução";"Colisão lateral";"Com Vítimas Feridas";"Plena Noite";"Decrescente";"Céu Claro";"Dupla";"Reta";"Não";2;0;1;0;1;0;1;2;-16,093134;-47,982236;"SPRF-DF";"DEL01-DF";"UOP01-DEL01-DF"
241969;2019-10-12;"sábado";"13:20:00";"AC";317;107,7;"SENADOR GUIOMARD";"Falta de Atenção à Condução";"Colisão lateral";"Com Vítimas Feridas";"Pleno dia";"Crescente";"Sol";"Simples";"Curva";"Não";3;0;1;1;1;0;2;2;-10,28025351;-67,70209631;"SPRF-AC";"DEL01-AC";"UOP01-DEL01-AC"
241970;2019-10-12;"sábado";"18:45:00";"MG";40;509;"RIBEIRAO DAS NEVES";"Falta de Atenção do Pedestre";"Atropelamento de Pedestre";"Com Vítimas Feridas";"Plena Noite";"Crescente";"Céu Claro";"Dupla";"Reta";"Sim";2;0;0;1;0;1;1;2;-19,76728744;-44,12855905;"SPRF-MG";"DEL01-MG";"UOP02-DEL01-MG"
241971;2019-10-12;"sábado";"18:35:00";"PA";163;987;"SANTAREM";"Falta de Atenção à Condução";"Tombamento";"Com Vítimas Feridas";"Plena Noite";"Decrescente";"Céu Claro";"Simples";"Reta";"Sim";2;0;2;0;0;0;2;1;-2,583771;-54,720398;"SPRF-PA";"DEL05-PA";"UOP01-DEL05-PA"
241972;2019-10-12;"sábado";"18:30:00";"AL";316;146,2;"PALMEIRA DOS INDIOS";"Falta de Atenção à Condução";"Saída de leito carroçável";"Com Vítimas Feridas";"Plena Noite";"Crescente";"Céu Claro";"Simples";"Reta";"Não";1;0;0;1;0;0;1;1;-9,39971849;-36,70463391;"SPRF-AL";"DEL03-AL";"UOP01-DEL03-AL"
241973;2019-10-12;"sábado";"18:15:00";"RR";174;501;"BOA VISTA";"Agressão Externa";"Tombamento";"Com Vítimas Feridas";"Plena Noite";"Crescente";"Céu Claro";"Dupla";"Rotatória";"Sim";1;0;1;0;0;0;1;1;2,781689;-60,703827;"SPRF-RR";"DEL01-RR";"UOP01-DEL01-RR"
241974;2019-10-12;"sábado";"16:20:00";"SC";282;499;"XANXERE";"Ingestão de Álcool";"Saída de leito carroçável";"Com Vítimas Feridas";"Pleno dia";"Crescente";"Céu Claro";"Dupla";"Aclive";"Não";1;0;1;0;0;0;1;1;-26,880869;-52,363121;"SPRF-SC";"DEL07-SC";"UOP01-DEL07-SC"
241975;2019-10-12;"sábado";"17:40:00";"SC";470;317;"CAMPOS NOVOS";"Falta de Atenção à Condução";"Colisão transversal";"Com Vítimas Feridas";"Pleno dia";"Crescente";"Sol";"Simples";"Reta";"Não";3;0;1;0;2;0;1;2;-27,404869;-51,206257;"SPRF-SC";"DEL07-SC";"UOP06-DEL07-SC"
241977;2019-10-12;"sábado";"19:25:00";"PR";376;620;"SAO JOSE DOS PINHAIS";"Falta de Atenção à Condução";"Colisão transversal";"Com Vítimas Feridas";"Plena Noite";"Crescente";"Céu Claro";"Simples";"Reta";"Sim";2;0;1;0;1;0;1;2;-25,60925907;-49,17205834;"SPRF-PR";"DEL01-PR";"UOP01-DEL01-PR"
241979;2019-10-12;"sábado";"14:45:00";"MG";381;247;"SANTANA DO PARAISO";"Velocidade Incompatível";"Saída de leito carroçável";"Com Vítimas Feridas";"Pleno dia";"Decrescente";"Céu Claro";"Simples";"Reta";"Não";3;0;1;2;0;0;3;1;-19,4277237;-42,50174761;"SPRF-MG";"DEL06-MG";"UOP01-DEL06-MG"
241982;2019-10-12;"sábado";"19:55:00";"ES";101;336,9;"GUARAPARI";"Agressão Externa";"Atropelamento de Animal";"Com Vítimas Feridas";"Plena Noite";"Crescente";"Céu Claro";"Simples";"Reta";"Não";1;0;1;0;0;0;1;1;-20,62834446;-40,53656038;"SPRF-ES";"DEL03-ES";"UOP01-DEL03-ES"
241984;2019-10-12;"sábado";"19:55:00";"RS";116;150,8;"CAXIAS DO SUL";"Ingestão de álcool e/ou substâncias psicoativas pelo pedestre";"Atropelamento de Pedestre";"Com Vítimas Feridas";"Plena Noite";"Crescente";"Céu Claro";"Dupla";"Reta;Viaduto";"Sim";2;0;1;0;1;0;1;2;-29,17389693;-51,16108775;"SPRF-RS";"DEL05-RS";"UOP01-DEL05-RS"
241985;2019-10-12;"sábado";"19:32:00";"PR";376;3,3;"APUCARANA";"Ingestão de Álcool";"Colisão traseira";"Sem Vítimas";"Plena Noite";"Crescente";"Céu Claro";"Simples";"Reta";"Sim";3;0;0;0;3;0;0;3;-23,5513;-51,461266;"SPRF-PR";"DEL07-PR";"UOP01-DEL09-PR"
241986;2019-10-12;"sábado";"19:15:00";"MG";116;192,1;"CARAI";"Falta de Atenção à Condução";"Tombamento";"Com Vítimas Feridas";"Plena Noite";"Crescente";"Céu Claro";"Simples";"Reta";"Não";2;0;1;0;0;1;1;2;-17,17971924;-41,49345216;"SPRF-MG";"DEL11-MG";"UOP01-DEL11-MG"
241987;2019-10-12;"sábado";"18:40:00";"SC";101;158,5;"PORTO BELO";"Ingestão de Álcool";"Colisão transversal";"Com Vítimas Feridas";"Plena Noite";"Crescente";"Nublado";"Dupla";"Reta";"Não";3;0;2;0;1;0;2;2;-27,19096301;-48,61259017;"SPRF-SC";"DEL04-SC";"UOP03-DEL04-SC"
241988;2019-10-12;"sábado";"18:00:00";"PE";232;433;"SERRA TALHADA";"Ingestão de Álcool";"Colisão traseira";"Com Vítimas Feridas";"Plena Noite";"Decrescente";"Céu Claro";"Simples";"Reta";"Não";3;0;2;0;1;0;2;2;-8,00807609;-38,49899597;"SPRF-PE";"DEL04-PE";"UOP01-DEL04-PE"
241989;2019-10-12;"sábado";"18:30:00";"SP";116;284;"EMBU DAS ARTES";"Falta de Atenção à Condução";"Capotamento";"Sem Vítimas";"Anoitecer";"Crescente";"Céu Claro";"Dupla";"Curva";"Sim";1;0;0;0;1;0;0;1;-23,69998;-46,867767;"SPRF-SP";"DEL04-SP";"UOP01-DEL04-SP"
241990;2019-10-12;"sábado";"20:05:00";"PR";163;10;"BARRACAO";"Ingestão de Álcool";"Colisão frontal";"Sem Vítimas";"Plena Noite";"Crescente";"Céu Claro";"Simples";"Reta;Aclive";"Sim";2;0;0;0;2;0;0;2;-26,25066;-53,635523;"SPRF-PR";"DEL02-PR";"UOP02-DEL02-PR"
241991;2019-10-12;"sábado";"19:40:00";"PI";343;342;"TERESINA";"Falta de Atenção à Condução";"Tombamento";"Com Vítimas Feridas";"Plena Noite";"Crescente";"Céu Claro";"Simples";"Reta";"Não";1;0;0;1;0;0;1;1;-5,08284;-42,750385;"SPRF-PI";"DEL01-PI";"UOP01-DEL01-PI"
241992;2019-10-12;"sábado";"19:00:00";"RS";287;248,6;"SANTA MARIA";"Falta de Atenção à Condução";"Colisão traseira";"Com Vítimas Feridas";"Anoitecer";"Crescente";"Céu Claro";"Simples";"Reta";"Sim";6;0;1;0;5;0;1;3;-29,69503357;-53,85709405;"SPRF-RS";"DEL09-RS";"UOP01-DEL09-RS"
241993;2019-10-12;"sábado";"19:50:00";"GO";40;7,8;"LUZIANIA";"Falta de Atenção à Condução";"Tombamento";"Com Vítimas Feridas";"Plena Noite";"Crescente";"Nublado";"Dupla";"Reta";"Sim";1;0;1;0;0;0;1;1;-16,108482;-47,972524;"SPRF-DF";"DEL01-DF";"UOP01-DEL01-DF"
241994;2019-10-12;"sábado";"19:00:00";"SC";282;217;"LAGES";"Falta de Atenção do Pedestre";"Atropelamento de Pedestre";"Com Vítimas Feridas";"Plena Noite";"Crescente";"Céu Claro";"Simples";"Reta";"Sim";2;0;1;0;1;0;1;2;-27,797916;-50,302944;"SPRF-SC";"DEL05-SC";"UOP01-DEL05-SC"
241997;2019-10-12;"sábado";"17:20:00";"MG";40;520;"CONTAGEM";"Falta de Atenção à Condução";"Saída de leito carroçável";"Com Vítimas Feridas";"Pleno dia";"Decrescente";"Céu Claro";"Dupla";"Reta";"Não";1;0;1;0;0;0;1;1;-19,86892974;-44,06006813;"SPRF-MG";"DEL01-MG";"UOP02-DEL01-MG"
241999;2019-10-12;"sábado";"20:30:00";"RS";116;150,6;"CAXIAS DO SUL";"Ingestão de Álcool";"Colisão lateral";"Sem Vítimas";"Plena Noite";"Decrescente";"Céu Claro";"Dupla";"Reta";"Sim";2;0;0;0;2;0;0;2;-29,168428;-51,158337;"SPRF-RS";"DEL05-RS";"UOP01-DEL05-RS"
242000;2019-09-11;"quarta-feira";"10:36:00";"RS";392;270,7;"CACAPAVA DO SUL";"Falta de Atenção à Condução";"Saída de leito carroçável";"Com Vítimas Feridas";"Pleno dia";"Decrescente";"Chuva";"Simples";"Reta";"Não";1;0;1;0;0;0;1;1;-30,39213722;-53,5059492;"SPRF-RS";"DEL09-RS";"UOP02-DEL09-RS"
242002;2019-10-12;"sábado";"20:20:00";"RJ";493;118;"ITAGUAI";"Defeito Mecânico no Veículo";"Incêndio";"Sem Vítimas";"Plena Noite";"Decrescente";"Céu Claro";"Dupla";"Reta";"Não";1;0;0;0;1;0;0;1;-22,8589638;-43,7592221;"SPRF-RJ";"DEL03-RJ";"UOP01-DEL03-RJ"
242003;2019-10-12;"sábado";"20:00:00";"MG";262;10,6;"MARTINS SOARES";"Falta de Atenção à Condução";"Tombamento";"Sem Vítimas";"Plena Noite";"Crescente";"Céu Claro";"Dupla";"Declive";"Não";2;0;0;0;0;2;0;1;-20,243893;-41,838654;"SPRF-MG";"DEL06-MG";"UOP03-DEL06-MG"
242004;2019-10-12;"sábado";"18:40:00";"BA";407;143,1;"SENHOR DO BONFIM";"Desobediência às normas de trânsito pelo condutor";"Colisão traseira";"Com Vítimas Feridas";"Plena Noite";"Crescente";"Céu Claro";"Simples";"Reta";"Não";10;0;3;0;7;0;3;2;-10,59609098;-40,13330372;"SPRF-BA";"DEL04-BA";"UOP01-DEL04-BA"
242006;2019-10-12;"sábado";"20:30:00";"SC";101;428,3;"SOMBRIO";"Falta de Atenção à Condução";"Colisão com objeto estático";"Com Vítimas Feridas";"Plena Noite";"Crescente";"Céu Claro";"Dupla";"Reta";"Sim";1;0;1;0;0;0;1;1;-29,04753891;-49,61825012;"SPRF-SC";"DEL02-SC";"UOP02-DEL02-SC"
242008;2019-10-12;"sábado";"20:10:00";"MS";163;832,7;"SONORA";"Falta de Atenção à Condução";"Saída de leito carroçável";"Com Vítimas Feridas";"Plena Noite";"Crescente";"Céu Claro";"Simples";"Reta";"Não";1;0;1;0;0;0;1;1;-17,645239;-54,747734;"SPRF-MS";"DEL06-MS";"UOP01-DEL06-MS"
242009;2019-10-12;"sábado";"21:30:00";"MG";381;478;"CONTAGEM";"Falta de Atenção à Condução";"Colisão traseira";"Com Vítimas Feridas";"Plena Noite";"Decrescente";"Céu Claro";"Dupla";"Declive";"Sim";4;0;4;0;0;0;4;2;-19,95826094;-44,05921101;"SPRF-MG";"DEL01-MG";"UOP03-DEL01-MG"
242012;2019-10-12;"sábado";"22:00:00";"RJ";493;3;"ITABORAI";"Falta de Atenção à Condução";"Colisão traseira";"Com Vítimas Feridas";"Plena Noite";"Crescente";"Céu Claro";"Simples";"Em Obras";"Sim";2;0;1;0;1;0;1;2;-22,7525329;-42,94160092;"SPRF-RJ";"DEL02-RJ";"UOP02-DEL02-RJ"
242014;2019-10-12;"sábado";"22:00:00";"PB";101;88,5;"JOAO PESSOA";"Ingestão de Álcool";"Colisão frontal";"Com Vítimas Feridas";"Plena Noite";"Crescente";"Céu Claro";"Dupla";"Curva";"Sim";2;0;2;0;0;0;2;2;-7,16493782;-34,89835024;"SPRF-PB";"DEL01-PB";"UOP01-DEL01-PB"
242015;2019-10-12;"sábado";"21:40:00";"PE";110;102,3;"SERTANIA";"Velocidade Incompatível";"Saída de leito carroçável";"Com Vítimas Feridas";"Plena Noite";"Crescente";"Céu Claro";"Simples";"Curva";"Não";3;0;1;2;0;0;3;1;-8,39309433;-37,33296975;"SPRF-PE";"DEL03-PE";"UOP02-DEL03-PE"
242016;2019-10-12;"sábado";"22:15:00";"ES";262;152;"IBATIBA";"Defeito Mecânico no Veículo";"Incêndio";"Sem Vítimas";"Plena Noite";"Crescente";"Céu Claro";"Dupla";"Reta";"Não";1;0;0;0;1;0;0;1;-20,21979331;-41,45006235;"SPRF-ES";"DEL01-ES";"UOP02-DEL01-ES"
242017;2019-10-12;"sábado";"22:00:00";"PE";101;203;"XEXEU";"Ingestão de Álcool";"Saída de leito carroçável";"Sem Vítimas";"Plena Noite";"Decrescente";"Céu Claro";"Múltipla";"Reta";"Não";1;0;0;0;1;0;0;1;-8,79726501;-35,62641334;"SPRF-PE";"DEL01-PE";"UOP03-DEL01-PE"
242018;2019-10-12;"sábado";"21:15:00";"RJ";116;179,1;"NOVA IGUACU";"Ingestão de Álcool";"Colisão traseira";"Com Vítimas Feridas";"Plena Noite";"Decrescente";"Céu Claro";"Dupla";"Reta";"Sim";2;0;1;0;1;0;1;2;-22,769902;-43,408036;"SPRF-RJ";"DEL01-RJ";"UOP02-DEL01-RJ"
242019;2019-10-12;"sábado";"20:20:00";"SC";163;101,7;"SAO JOSE DO CEDRO";"Desobediência às normas de trânsito pelo condutor";"Colisão lateral";"Sem Vítimas";"Plena Noite";"Decrescente";"Céu Claro";"Simples";"Curva;Em Obras";"Sim";6;0;0;0;6;0;0;2;-26,45882666;-53,51027369;"SPRF-SC";"DEL07-SC";"UOP03-DEL07-SC"
242020;2019-10-12;"sábado";"22:20:00";"PR";376;3,7;"APUCARANA";"Falta de Atenção à Condução";"Colisão traseira";"Com Vítimas Feridas";"Plena Noite";"Crescente";"Céu Claro";"Simples";"Reta";"Sim";2;0;1;0;0;1;1;2;-23,5513;-51,461266;"SPRF-PR";"DEL07-PR";"UOP03-DEL07-PR"
242021;2019-10-12;"sábado";"22:15:00";"RS";285;296,5;"PASSO FUNDO";"Falta de Atenção à Condução";"Colisão lateral";"Com Vítimas Feridas";"Plena Noite";"Decrescente";"Céu Claro";"Simples";"Curva";"Não";4;0;0;2;2;0;2;4;-28,2339272;-52,40718842;"SPRF-RS";"DEL08-RS";"UOP03-DEL08-RS"
242023;2019-10-12;"sábado";"22:10:00";"RN";101;135,8;"SAO JOSE DE MIPIBU";"Não guardar distância de segurança";"Colisão lateral";"Com Vítimas Feridas";"Plena Noite";"Decrescente";"Céu Claro";"Dupla";"Reta";"Não";2;0;0;1;0;1;1;2;-6,16742498;-35,22248983;"SPRF-RN";"DEL01-RN";"UOP01-DEL01-RN"
242024;2019-10-12;"sábado";"22:15:00";"SP";381;86,5;"SAO PAULO";"Falta de Atenção à Condução";"Colisão lateral";"Com Vítimas Feridas";"Plena Noite";"Crescente";"Céu Claro";"Múltipla";"Reta";"Sim";4;0;0;1;3;0;1;4;-23,45930499;-46,57161179;"SPRF-SP";"DEL03-SP";"UOP01-DEL03-SP"
242025;2019-10-12;"sábado";"22:30:00";"ES";262;47,3;"MARECHAL FLORIANO";"Velocidade Incompatível";"Saída de leito carroçável";"Com Vítimas Feridas";"Plena Noite";"Crescente";"Céu Claro";"Simples";"Declive";"Não";1;0;0;1;0;0;1;1;-20,41130252;-40,67926543;"SPRF-ES";"DEL01-ES";"UOP01-DEL01-ES"
242027;2019-10-12;"sábado";"22:15:00";"PR";376;248;"APUCARANA";"Deficiência ou não Acionamento do Sistema de Iluminação/Sinalização do Veículo";"Colisão traseira";"Com Vítimas Feridas";"Plena Noite";"Crescente";"Céu Claro";"Dupla";"Reta";"Não";4;0;1;1;2;0;2;2;-23,62178992;-51,38837894;"SPRF-PR";"DEL07-PR";"UOP03-DEL07-PR"
242028;2019-10-12;"sábado";"22:15:00";"RS";470;211;"BENTO GONCALVES";"Falta de Atenção à Condução";"Saída de leito carroçável";"Com Vítimas Feridas";"Plena Noite";"Crescente";"Céu Claro";"Simples";"Curva";"Não";1;0;1;0;0;0;1;1;-29,12453775;-51,54360394;"SPRF-RS";"DEL06-RS";"UOP01-DEL06-RS"
242029;2019-06-23;"domingo";"03:00:00";"ES";262;108;"VENDA NOVA DO IMIGRANTE";"Ingestão de Álcool";"Colisão frontal";"Com Vítimas Feridas";"Plena Noite";"Crescente";"Céu Claro";"Simples";"Reta";"Sim";3;0;0;2;0;1;2;2;-20,33360896;-41,16233002;"SPRF-ES";"DEL01-ES";"UOP02-DEL01-ES"
242030;2019-10-12;"sábado";"22:30:00";"SP";381;87,1;"SAO PAULO";"Falta de Atenção à Condução";"Colisão transversal";"Com Vítimas Feridas";"Plena Noite";"Crescente";"Céu Claro";"Múltipla";"Reta";"Sim";2;0;0;1;1;0;1;2;-23,46885001;-46,56996601;"SPRF-SP";"DEL03-SP";"UOP01-DEL03-SP"
242031;2019-10-12;"sábado";"22:15:00";"SP";488;0,9;"APARECIDA";"Falta de Atenção do Pedestre";"Atropelamento de Pedestre";"Com Vítimas Feridas";"Plena Noite";"Crescente";"Céu Claro";"Dupla";"Reta";"Sim";2;0;1;1;0;0;2;2;-22,85856;-45,233116;"SPRF-SP";"DEL08-SP";"UOP01-DEL08-SP"
242032;2019-10-12;"sábado";"22:35:00";"BA";242;869;"BARREIRAS";"Velocidade Incompatível";"Colisão frontal";"Com Vítimas Fatais";"Plena Noite";"Decrescente";"Céu Claro";"Simples";"Reta";"Não";2;1;1;0;0;0;1;2;-12,07005761;-45,63383281;"SPRF-BA";"DEL10-BA";"UOP01-DEL10-BA"
242033;2019-10-12;"sábado";"20:50:00";"AP";156;819;"OIAPOQUE";"Falta de Atenção à Condução";"Atropelamento de Pedestre";"Com Vítimas Feridas";"Plena Noite";"Decrescente";"Nublado";"Simples";"Reta";"Sim";2;0;1;1;0;0;2;2;3,83552896;-51,80935802;"SPRF-AP";"DEL01-AP";"UOP03-DEL01-AP"
242035;2019-10-12;"sábado";"23:15:00";"RS";290;1,2;"OSORIO";"Falta de Atenção à Condução";"Saída de leito carroçável";"Com Vítimas Feridas";"Plena Noite";"Decrescente";"Céu Claro";"Múltipla";"Curva";"Não";38;0;11;0;27;0;11;1;-29,894957;-50,286026;"SPRF-RS";"DEL03-RS";"UOP01-DEL03-RS"
242036;2019-10-12;"sábado";"21:10:00";"PE";232;180,3;"BELO JARDIM";"Ultrapassagem Indevida";"Colisão frontal";"Com Vítimas Feridas";"Plena Noite";"Decrescente";"Céu Claro";"Simples";"Reta";"Sim";2;0;0;1;1;0;1;2;-8,34449745;-36,4288801;"SPRF-PE";"DEL02-PE";"UOP03-DEL02-PE"
242041;2019-10-12;"sábado";"23:40:00";"SC";470;108;"APIUNA";"Falta de Atenção à Condução";"Colisão transversal";"Com Vítimas Feridas";"Plena Noite";"Crescente";"Céu Claro";"Simples";"Reta";"Sim";2;0;1;0;1;0;1;2;-27,08111576;-49,44138676;"SPRF-SC";"DEL04-SC";"UOP02-DEL04-SC"
242043;2019-10-12;"sábado";"23:40:00";"SC";101;148;"ITAPEMA";"Falta de Atenção do Pedestre";"Atropelamento de Pedestre";"Com Vítimas Fatais";"Plena Noite";"Crescente";"Nublado";"Dupla";"Reta";"Sim";4;1;0;0;1;2;0;2;-27,10123686;-48,61807962;"SPRF-SC";"DEL04-SC";"UOP03-DEL04-SC"
242044;2019-10-12;"sábado";"22:40:00";"MG";262;73,3;"MATIPO";"Objeto estático sobre o leito carroçável";"Colisão com objeto estático";"Com Vítimas Feridas";"Plena Noite";"Decrescente";"Céu Claro";"Simples";"Ponte";"Não";2;0;2;0;0;0;2;1;-20,31219098;-42,32448898;"SPRF-MG";"DEL03-MG";"UOP03-DEL03-MG"