"id";"data_inversa";"dia_semana";"horario";"uf";"br";"km";"municipio";"causa_acidente";"tipo_acidente";"classificacao_acidente";"fase_dia";"sentido_via";"condicao_metereologica";"tipo_pista";"tracado_via";"uso_solo";"pessoas";"mortos";"feridos_leves";"feridos_graves";"ilesos";"ignorados";"feridos";"veiculos";"latitude";"longitude";"regional";"delegacia";"uop"
242244;2019-10-13;"domingo";"20:00:00";"MT";364;0,2;"ALTO ARAGUAIA";"Ingestão de Álcool";"Atropelamento de Pedestre";"Com Vítimas Feridas";"Plena Noite";"Crescente";"Céu Claro";"Dupla";"Reta";"Sim";2;0;0;1;1;0;1;2;-17,31706838;-53,21340345;"SPRF-MT";"DEL02-MT";"UOP02-DEL02-MT"
242245;2019-10-13;"domingo";"20:05:00";"SC";470;79,8;"RODEIO";"Desobediência às normas de trânsito pelo condutor";"Colisão transversal";"Com Vítimas Feridas";"Plena Noite";"Crescente";"Céu Claro";"Simples";"Reta";"Não";3;0;2;1;0;0;3;2;-26,951565;-49,306534;"SPRF-SC";"DEL04-SC";"UOP01-DEL04-SC"
242246;2019-10-13;"domingo";"21:15:00";"SE";235;6;"NOSSA SENHORA DO SOCORRO";"Falta de Atenção à Condução";"Tombamento";"Com Vítimas Feridas";"Plena Noite";"Crescente";"Ignorado";"Dupla";"Reta";"Sim";2;0;2;0;0;0;2;1;-10,903851;-37,128677;"SPRF-SE";"DEL01-SE";"UOP01-DEL01-SE"
242247;2019-10-13;"domingo";"21:12:00";"BA";116;425,3;"FEIRA DE SANTANA";"Falta de Atenção à Condução";"Colisão transversal";"Com Vítimas Feridas";"Plena Noite";"Crescente";"Céu Claro";"Simples";"Reta";"Sim";2;0;2;0;0;0;2;2;-12,23736613;-38,97999588;"SPRF-BA";"DEL02-BA";"UOP01-DEL02-BA"
242248;2019-10-13;"domingo";"20:30:00";"PR";277;726,4;"FOZ DO IGUACU";"Falta de Atenção à Condução";"Colisão transversal";"Sem Vítimas";"Plena Noite";"Crescente";"Céu Claro";"Dupla";"Rotatória";"Sim";2;0;0;0;2;0;0;2;-25,5106015;-54,55481999;"SPRF-PR";"DEL05-PR";"UOP03-DEL05-PR"
242250;2019-10-13;"domingo";"20:10:00";"PR";476;266;"SAO MATEUS DO SUL";"Ultrapassagem Indevida";"Colisão frontal";"Com Vítimas Feridas";"Plena Noite";"Crescente";"Nublado";"Simples";"Reta";"Não";3;0;1;1;1;0;2;2;-25,89213394;-50,30096325;"SPRF-PR";"DEL02-PR";"UOP04-DEL02-PR"
242251;2019-10-13;"domingo";"20:20:00";"SP";116;497;"CAJATI";"Velocidade Incompatível";"Saída de leito carroçável";"Com Vítimas Feridas";"Plena Noite";"Crescente";"Céu Claro";"Dupla";"Reta";"Não";3;0;2;0;1;0;2;1;-24,76728682;-48,16859721;"SPRF-SP";"DEL05-SP";"UAP01-DEL05-SP"
242252;2019-10-13;"domingo";"15:21:00";"PR";116;192,9;"CAMPO DO TENENTE";"Defeito Mecânico no Veículo";"Incêndio";"Sem Vítimas";"Pleno dia";"Decrescente";"Céu Claro";"Simples";"Reta";"Não";1;0;0;0;1;0;0;1;-26,01081823;-49,67159271;"SPRF-SC";"DEL06-SC";"UOP01-DEL06-SC"
242254;2019-10-13;"domingo";"22:00:00";"PI";343;15;"PARNAIBA";"Desobediência às normas de trânsito pelo condutor";"Colisão transversal";"Com Vítimas Feridas";"Plena Noite";"Decrescente";"Céu Claro";"Dupla";"Interseção de Vias";"Sim";2;0;0;1;1;0;1;2;-2,93659;-41,754936;"SPRF-PI";"DEL05-PI";"UOP01-DEL05-PI"
242255;2019-10-13;"domingo";"20:50:00";"SC";101;255;"PAULO LOPES";"Falta de Atenção à Condução";"Saída de leito carroçável";"Com Vítimas Feridas";"Plena Noite";"Decrescente";"Chuva";"Dupla";"Reta";"Não";1;0;1;0;0;0;1;1;-27,98242299;-48,67898469;"SPRF-SC";"DEL02-SC";"UOP03-DEL02-SC"
242256;2019-10-13;"domingo";"20:50:00";"AL";316;157,7;"PALMEIRA DOS INDIOS";"Falta de Atenção à Condução";"Colisão com objeto estático";"Com Vítimas Feridas";"Plena Noite";"Decrescente";"Céu Claro";"Simples";"Reta";"Não";1;0;0;1;0;0;1;1;-9,43366812;-36,61314011;"SPRF-AL";"DEL03-AL";"UOP01-DEL03-AL"
242257;2019-10-13;"domingo";"18:55:00";"PR";277;715;"SANTA TEREZINHA DE ITAIPU";"Falta de Atenção à Condução";"Colisão traseira";"Com Vítimas Feridas";"Plena Noite";"Decrescente";"Céu Claro";"Dupla";"Reta";"Não";2;0;0;1;1;0;1;2;-25,46882758;-54,45810922;"SPRF-PR";"DEL05-PR";"UOP01-DEL05-PR"
242258;2019-10-13;"domingo";"22:00:00";"SP";153;63;"SAO JOSE DO RIO PRETO";"Pista Escorregadia";"Queda de ocupante de veículo";"Com Vítimas Feridas";"Plena Noite";"Crescente";"Céu Claro";"Dupla";"Reta";"Sim";1;0;1;0;0;0;1;1;-20,82149698;-49,35764818;"SPRF-SP";"DEL09-SP";"UOP01-DEL09-SP"
242259;2019-10-13;"domingo";"21:20:00";"BA";418;92;"NOVA VICOSA";"Animais na Pista";"Atropelamento de Animal";"Com Vítimas Feridas";"Plena Noite";"Crescente";"Céu Claro";"Simples";"Reta";"Não";3;0;0;3;0;0;3;1;-17,89054026;-39,88998413;"SPRF-BA";"DEL09-BA";"UOP02-DEL09-BA"
242260;2019-10-13;"domingo";"14:20:00";"PR";277;175,6;"PALMEIRA";"Ingestão de Álcool";"Colisão transversal";"Sem Vítimas";"Pleno dia";"Decrescente";"Céu Claro";"Simples";"Curva";"Não";3;0;0;0;3;0;0;2;-25,43422105;-50,05586928;"SPRF-PR";"DEL03-PR";"UOP02-DEL08-PR"
242261;2019-10-13;"domingo";"20:00:00";"MG";116;307,1;"ITAMBACURI";"Animais na Pista";"Atropelamento de Animal";"Com Vítimas Feridas";"Plena Noite";"Decrescente";"Céu Claro";"Simples";"Reta";"Não";1;0;0;1;0;0;1;1;-18,04670104;-41,66254208;"SPRF-MG";"DEL11-MG";"UOP01-DEL11-MG"
242262;2019-10-13;"domingo";"19:30:00";"SC";282;533,2;"CORDILHEIRA ALTA";"Velocidade Incompatível";"Saída de leito carroçável";"Com Vítimas Feridas";"Plena Noite";"Crescente";"Nublado";"Simples";"Curva;Aclive";"Não";1;0;0;1;0;0;1;1;-26,995323;-52,625305;"SPRF-SC";"DEL07-SC";"UOP01-DEL07-SC"
242263;2019-10-13;"domingo";"22:00:00";"PA";163;983,8;"SANTAREM";"Ingestão de Álcool";"Saída de leito carroçável";"Com Vítimas Feridas";"Plena Noite";"Crescente";"Céu Claro";"Simples";"Curva";"Não";3;0;3;0;0;0;3;1;-2,60457887;-54,71940279;"SPRF-PA";"DEL05-PA";"UOP01-DEL05-PA"
242264;2019-10-13;"domingo";"21:50:00";"PB";230;156;"CAMPINA GRANDE";"Desobediência às normas de trânsito pelo condutor";"Colisão frontal";"Com Vítimas Feridas";"Plena Noite";"Crescente";"Chuva";"Simples";"Reta";"Sim";3;0;0;1;2;0;1;2;-7,2693;-35,9138;"SPRF-PB";"DEL02-PB";"UOP01-DEL02-PB"
242265;2019-10-13;"domingo";"17:00:00";"MT";163;592,4;"NOVA MUTUM";"Ingestão de Álcool";"Queda de ocupante de veículo";"Com Vítimas Feridas";"Anoitecer";"Decrescente";"Céu Claro";"Simples";"Reta";"Não";1;0;1;0;0;0;1;1;-13,97880303;-56,09914962;"SPRF-MT";"DEL01-MT";"UOP01-DEL01-MT"
242266;2019-10-13;"domingo";"21:00:00";"PR";369;142;"IBIPORA";"Ingestão de Álcool";"Colisão com objeto estático";"Com Vítimas Feridas";"Plena Noite";"Crescente";"Nublado";"Simples";"Reta";"Sim";2;0;2;0;0;0;2;1;-23,289572;-51,082842;"SPRF-PR";"DEL07-PR";"UOP01-DEL07-PR"
242267;2019-10-13;"domingo";"23:00:00";"AL";316;270;"SATUBA";"Falta de Atenção à Condução";"Colisão transversal";"Com Vítimas Feridas";"Plena Noite";"Crescente";"Garoa/Chuvisco";"Simples";"Curva";"Não";2;0;1;0;1;0;1;2;-9,5716559;-35,824111;"SPRF-AL";"DEL02-AL";"UOP01-DEL02-AL"
242268;2019-10-13;"domingo";"23:10:00";"AL";101;167,7;"TEOTONIO VILELA";"Falta de Atenção à Condução";"Colisão traseira";"Com Vítimas Feridas";"Plena Noite";"Crescente";"Céu Claro";"Dupla";"Reta";"Não";1;0;0;1;0;0;1;1;-9,90043119;-36,30090393;"SPRF-AL";"DEL02-AL";"UOP02-DEL02-AL"
242269;2019-10-13;"domingo";"23:05:00";"SC";280;28,6;"ARAQUARI";"Desobediência às normas de trânsito pelo condutor";"Colisão frontal";"Com Vítimas Fatais";"Plena Noite";"Decrescente";"Nublado";"Simples";"Reta";"Sim";4;1;0;0;0;3;0;3;-26,40450077;-48,74561031;"SPRF-SC";"DEL03-SC";"UOP03-DEL03-SC"
242270;2019-10-13;"domingo";"23:00:00";"TO";153;147,2;"ARAGUAINA";"Falta de Atenção à Condução";"Colisão com objeto estático";"Com Vítimas Feridas";"Plena Noite";"Crescente";"Nublado";"Dupla";"Reta;Aclive";"Sim";2;0;0;1;0;1;1;1;-7,22175693;-48,24826214;"SPRF-TO";"DEL02-TO";"UOP01-DEL02-TO"
242271;2019-10-13;"domingo";"23:45:00";"CE";222;4;"FORTALEZA";"Defeito na Via";"Colisão com objeto estático";"Com Vítimas Feridas";"Plena Noite";"Decrescente";"Nublado";"Múltipla";"Reta";"Sim";1;0;1;0;0;0;1;1;-3,74164754;-38,60449792;"SPRF-CE";"DEL01-CE";"UOP01-DEL01-CE"
242272;2019-10-13;"domingo";"20:30:00";"SC";282;106,8;"ALFREDO WAGNER";"Ingestão de Álcool";"Saída de leito carroçável";"Com Vítimas Feridas";"Plena Noite";"Decrescente";"Céu Claro";"Simples";"Curva";"Não";2;0;1;1;0;0;2;1;-27,697609;-49,344734;"SPRF-SC";"DEL01-SC";"UOP03-DEL01-SC"
242274;2019-10-13;"domingo";"22:33:00";"MG";262;861,9;"CAMPO FLORIDO";"Condutor Dormindo";"Saída de leito carroçável";"Com Vítimas Feridas";"Plena Noite";"Crescente";"Céu Claro";"Dupla";"Reta";"Não";2;0;2;0;0;0;2;1;-19,78254538;-48,51071488;"SPRF-MG";"DEL13-MG";"UOP01-DEL13-MG"
242276;2019-10-13;"domingo";"21:30:00";"RJ";465;3;"SEROPEDICA";"Desobediência às normas de trânsito pelo pedestre";"Atropelamento de Pedestre";"Com Vítimas Feridas";"Plena Noite";"Crescente";"Céu Claro";"Simples";"Reta";"Não";2;0;0;1;1;0;1;2;-22,73427;-43,711994;"SPRF-RJ";"DEL01-RJ";"UOP03-DEL01-RJ"
242278;2019-10-13;"domingo";"22:50:00";"MT";163;667;"LUCAS DO RIO VERDE";"Pista Escorregadia";"Colisão transversal";"Com Vítimas Feridas";"Plena Noite";"Crescente";"Chuva";"Simples";"Reta";"Não";5;0;4;1;0;0;5;2;-13,34792085;-56,05872433;"SPRF-MT";"DEL06-MT";"UOP01-DEL06-MT"
242279;2019-10-13;"domingo";"22:55:00";"MT";163;787;"SORRISO";"Falta de Atenção à Condução";"Queda de ocupante de veículo";"Com Vítimas Fatais";"Plena Noite";"Crescente";"Nublado";"Simples";"Reta";"Não";8;1;2;0;5;0;2;3;-12,393149;-55,618365;"SPRF-MT";"DEL06-MT";"UOP01-DEL06-MT"
242282;2019-10-14;"segunda-feira";"00:45:00";"PR";277;685,7;"SAO MIGUEL DO IGUACU";"Não guardar distância de segurança";"Colisão traseira";"Com Vítimas Fatais";"Plena Noite";"Crescente";"Garoa/Chuvisco";"Dupla";"Declive";"Não";3;1;0;0;2;0;0;2;-25,33844087;-54,2130661;"SPRF-PR";"DEL05-PR";"UOP01-DEL05-PR"
242283;2019-10-14;"segunda-feira";"01:05:00";"RS";116;222;"DOIS IRMAOS";"Falta de Atenção à Condução";"Colisão com objeto estático";"Com Vítimas Feridas";"Plena Noite";"Decrescente";"Nublado";"Dupla";"Reta";"Sim";1;0;1;0;0;0;1;1;-29,58096695;-51,09515511;"SPRF-RS";"DEL01-RS";"UOP02-DEL01-RS"
242284;2019-10-13;"domingo";"22:00:00";"MT";174;289;"PONTES E LACERDA";"Desobediência às normas de trânsito pelo condutor";"Colisão frontal";"Com Vítimas Fatais";"Plena Noite";"Decrescente";"Céu Claro";"Simples";"Reta";"Sim";2;1;0;0;1;0;0;2;-15,22419218;-59,31889821;"SPRF-MT";"DEL04-MT";"UOP01-DEL04-MT"
242286;2019-10-13;"domingo";"20:30:00";"MG";116;644,2;"FERVEDOURO";"Desobediência às normas de trânsito pelo condutor";"Colisão frontal";"Com Vítimas Feridas";"Plena Noite";"Crescente";"Céu Claro";"Simples";"Curva";"Não";2;0;0;1;1;0;1;2;-20,65626469;-42,26078445;"SPRF-MG";"DEL07-MG";"UOP03-DEL07-MG"
242288;2019-10-13;"domingo";"23:35:00";"PE";316;58,5;"TRINDADE";"Velocidade Incompatível";"Atropelamento de Animal";"Com Vítimas Fatais";"Plena Noite";"Decrescente";"Ignorado";"Simples";"Reta";"Sim";1;1;0;0;0;0;0;1;-7,75370631;-40,26496546;"SPRF-PE";"DEL05-PE";"UOP02-DEL05-PE"
242289;2019-10-14;"segunda-feira";"01:10:00";"PR";116;107,1;"SAO JOSE DOS PINHAIS";"Velocidade Incompatível";"Saída de leito carroçável";"Sem Vítimas";"Plena Noite";"Decrescente";"Céu Claro";"Dupla";"Reta";"Não";1;0;0;0;1;0;0;1;-25,56879884;-49,22922503;"SPRF-PR";"DEL01-PR";"UOP06-DEL01-PR"
242290;2019-10-14;"segunda-feira";"01:50:00";"PR";116;126;"FAZENDA RIO GRANDE";"Falta de Atenção à Condução";"Colisão traseira";"Com Vítimas Feridas";"Plena Noite";"Crescente";"Nublado";"Dupla";"Reta;Interseção de Vias";"Sim";3;0;1;0;2;0;1;2;-25,60389895;-49,31824423;"SPRF-PR";"DEL01-PR";"UOP03-DEL01-PR"
242291;2019-10-13;"domingo";"22:50:00";"SC";470;247,1;"CURITIBANOS";"Falta de Atenção à Condução";"Colisão transversal";"Com Vítimas Feridas";"Plena Noite";"Decrescente";"Garoa/Chuvisco";"Simples";"Reta";"Sim";3;0;1;0;2;0;1;2;-27,31296605;-50,55810571;"SPRF-SC";"DEL05-SC";"UOP03-DEL05-SC"
242294;2019-10-14;"segunda-feira";"02:00:00";"RJ";101;304;"SAO GONCALO";"Animais na Pista";"Atropelamento de Animal";"Com Vítimas Feridas";"Plena Noite";"Decrescente";"Ignorado";"Múltipla";"Reta";"Sim";2;0;0;1;1;0;1;1;-22,78491869;-42,98627706;"SPRF-RJ";"DEL02-RJ";"UOP02-DEL02-RJ"
242295;2019-10-14;"segunda-feira";"01:45:00";"RJ";465;9;"SEROPEDICA";"Ingestão de Álcool";"Colisão frontal";"Com Vítimas Fatais";"Plena Noite";"Decrescente";"Garoa/Chuvisco";"Simples";"Reta";"Não";3;1;2;0;0;0;2;2;-22,771765;-43,670528;"SPRF-RJ";"DEL01-RJ";"UOP03-DEL01-RJ"
242296;2019-10-14;"segunda-feira";"02:50:00";"PR";277;325,4;"GUARAPUAVA";"Velocidade Incompatível";"Saída de leito carroçável";"Com Vítimas Feridas";"Plena Noite";"Crescente";"Chuva";"Simples";"Curva";"Não";2;0;1;0;1;0;1;1;-25,37266722;-51,32013828;"SPRF-PR";"DEL03-PR";"UOP01-DEL08-PR"
242297;2019-10-13;"domingo";"21:00:00";"PB";230;243;"JUAZEIRINHO";"Ultrapassagem Indevida";"Colisão frontal";"Sem Vítimas";"Plena Noite";"Decrescente";"Vento";"Simples";"Reta";"Sim";3;0;0;0;0;3;0;2;-7,06907004;-36,58698689;"SPRF-PB";"DEL02-PB";"UOP02-DEL02-PB"
242298;2019-10-14;"segunda-feira";"04:50:00";"PR";277;145,5;"CAMPO LARGO";"Avarias e/ou desgaste excessivo no pneu";"Capotamento";"Com Vítimas Feridas";"Plena Noite";"Crescente";"Garoa/Chuvisco";"Simples";"Reta;Aclive";"Não";2;0;1;0;1;0;1;1;-25,44518045;-49,4985659;"SPRF-PR";"DEL01-PR";"UOP06-DEL01-PR"
242301;2019-10-14;"segunda-feira";"06:00:00";"PE";232;133,4;"CARUARU";"Não guardar distância de segurança";"Colisão traseira";"Sem Vítimas";"Pleno dia";"Decrescente";"Céu Claro";"Dupla";"Reta";"Sim";8;0;0;0;8;0;0;2;-8,30607988;-36,01576003;"SPRF-PE";"DEL02-PE";"UOP03-DEL02-PE"
242303;2019-10-14;"segunda-feira";"05:30:00";"ES";101;288,8;"CARIACICA";"Falta de Atenção do Pedestre";"Atropelamento de Pedestre";"Com Vítimas Fatais";"Amanhecer";"Crescente";"Céu Claro";"Dupla";"Reta";"Sim";2;1;0;0;0;1;0;2;-20,27160351;-40,39091743;"SPRF-ES";"DEL01-ES";"UOP01-DEL01-ES"
242304;2019-10-14;"segunda-feira";"06:20:00";"SC";280;52,3;"GUARAMIRIM";"Desobediência às normas de trânsito pelo condutor";"Colisão lateral";"Com Vítimas Feridas";"Amanhecer";"Crescente";"Nublado";"Simples";"Interseção de Vias";"Sim";2;0;1;0;1;0;1;2;-26,468904;-48,96492;"SPRF-SC";"DEL03-SC";"UOP03-DEL03-SC"
242306;2019-10-14;"segunda-feira";"05:00:00";"BA";410;26;"TUCANO";"Falta de Atenção à Condução";"Saída de leito carroçável";"Com Vítimas Fatais";"Amanhecer";"Crescente";"Ignorado";"Simples";"Aclive";"Não";2;1;1;0;0;0;1;1;-10,9458839;-38,7252251;"SPRF-BA";"DEL07-BA";"UOP02-DEL07-BA"
242309;2019-10-14;"segunda-feira";"07:10:00";"PE";424;86;"GARANHUNS";"Falta de Atenção à Condução";"Colisão transversal";"Com Vítimas Feridas";"Pleno dia";"Decrescente";"Chuva";"Simples";"Reta";"Sim";2;0;1;0;1;0;1;2;-8,86552886;-36,50934159;"SPRF-PE";"DEL03-PE";"UOP01-DEL03-PE"
242310;2019-10-14;"segunda-feira";"04:40:00";"PI";343;132;"PIRACURUCA";"Falta de Atenção à Condução";"Colisão lateral";"Sem Vítimas";"Plena Noite";"Crescente";"Céu Claro";"Simples";"Reta";"Não";6;0;0;0;5;1;0;2;-3,850541;-41,698254;"SPRF-PI";"DEL02-PI";"UOP01-DEL02-PI"
242311;2019-10-14;"segunda-feira";"06:50:00";"RN";101;94;"NATAL";"Falta de Atenção à Condução";"Colisão traseira";"Sem Vítimas";"Pleno dia";"Decrescente";"Céu Claro";"Dupla";"Reta";"Não";2;0;0;0;2;0;0;2;-5,83176615;-35,21191342;"SPRF-RN";"DEL01-RN";"UOP01-DEL01-RN"
242312;2019-10-13;"domingo";"20:40:00";"MG";251;249,3;"CURRAL DE DENTRO";"Falta de Atenção à Condução";"Colisão frontal";"Com Vítimas Feridas";"Plena Noite";"Decrescente";"Céu Claro";"Simples";"Reta";"Não";1;0;0;1;0;0;1;1;-15,980133;-41,833338;"SPRF-MG";"DEL11-MG";"UOP02-DEL11-MG"
242313;2019-10-14;"segunda-feira";"07:45:00";"PR";469;14,7;"FOZ DO IGUACU";"Falta de Atenção à Condução";"Colisão lateral";"Com Vítimas Feridas";"Pleno dia";"Crescente";"Nublado";"Simples";"Interseção de Vias";"Sim";2;0;1;0;1;0;1;2;-25,5781;-54,5411;"SPRF-PR";"DEL05-PR";"UOP04-DEL05-PR"
242314;2019-10-14;"segunda-feira";"07:29:00";"PR";476;142;"CURITIBA";"Falta de Atenção à Condução";"Colisão traseira";"Sem Vítimas";"Pleno dia";"Decrescente";"Céu Claro";"Dupla";"Reta";"Sim";2;0;0;0;2;0;0;2;-25,537161;-49,301632;"SPRF-PR";"DEL01-PR";"UOP03-DEL01-PR"
242315;2019-10-14;"segunda-feira";"06:50:00";"SC";280;117,7;"SAO BENTO DO SUL";"Defeito Mecânico no Veículo";"Queda de ocupante de veículo";"Com Vítimas Feridas";"Pleno dia";"Decrescente";"Céu Claro";"Simples";"Reta";"Não";1;0;1;0;0;0;1;1;-26,2747362;-49,42277912;"SPRF-SC";"DEL06-SC";"UOP03-DEL06-SC"
242316;2019-10-14;"segunda-feira";"07:40:00";"RS";116;236;"NOVO HAMBURGO";"Falta de Atenção à Condução";"Colisão traseira";"Com Vítimas Feridas";"Pleno dia";"Crescente";"Chuva";"Dupla";"Reta";"Sim";3;0;1;0;2;0;1;3;-29,66938502;-51,14304731;"SPRF-RS";"DEL01-RS";"UOP02-DEL01-RS"
242317;2019-10-14;"segunda-feira";"08:00:00";"MG";365;815,5;"SANTA VITORIA";"Falta de Atenção à Condução";"Saída de leito carroçável";"Com Vítimas Feridas";"Pleno dia";"Crescente";"Céu Claro";"Simples";"Reta";"Não";3;0;3;0;0;0;3;1;-18,88376516;-50,04859802;"SPRF-MG";"DEL15-MG";"UOP03-DEL15-MG"
242318;2019-10-14;"segunda-feira";"08:15:00";"PE";101;52,9;"PAULISTA";"Animais na Pista";"Atropelamento de Animal";"Com Vítimas Feridas";"Pleno dia";"Crescente";"Nublado";"Dupla";"Reta";"Sim";1;0;1;0;0;0;1;1;-7,92358799;-34,89607201;"SPRF-PE";"DEL01-PE";"UOP02-DEL01-PE"
242319;2019-10-14;"segunda-feira";"06:20:00";"MG";381;422;"CAETE";"Falta de Atenção à Condução";"Colisão traseira";"Com Vítimas Feridas";"Pleno dia";"Crescente";"Céu Claro";"Simples";"Reta";"Não";4;0;2;0;2;0;2;3;-19,75054807;-43,62739563;"SPRF-MG";"DEL01-MG";"UOP01-DEL01-MG"
242320;2019-10-13;"domingo";"18:05:00";"GO";40;67;"CRISTALINA";"Velocidade Incompatível";"Saída de leito carroçável";"Com Vítimas Feridas";"Anoitecer";"Decrescente";"Céu Claro";"Simples";"Reta";"Não";4;0;4;0;0;0;4;1;-16,580671;-47,784033;"SPRF-DF";"DEL01-DF";"UOP02-DEL01-DF"
242321;2019-10-14;"segunda-feira";"07:30:00";"SP";116;154;"SAO JOSE DOS CAMPOS";"Falta de Atenção à Condução";"Colisão traseira";"Com Vítimas Feridas";"Pleno dia";"Crescente";"Sol";"Dupla";"Reta";"Sim";2;0;2;0;0;0;2;1;-23,23903999;-45,92061901;"SPRF-SP";"DEL02-SP";"UOP01-DEL02-SP"
242326;2019-10-14;"segunda-feira";"05:50:00";"AC";364;185;"BUJARI";"Defeito na Via";"Capotamento";"Com Vítimas Feridas";"Pleno dia";"Decrescente";"Céu Claro";"Simples";"Reta";"Não";2;0;1;1;0;0;2;1;-9,69299901;-68,17211901;"SPRF-AC";"DEL01-AC";"UOP01-DEL01-AC"
242327;2019-10-14;"segunda-feira";"09:00:00";"RS";116;523,3;"PELOTAS";"Defeito Mecânico no Veículo";"Colisão com objeto estático";"Com Vítimas Feridas";"Pleno dia";"Crescente";"Chuva";"Dupla";"Reta";"Não";1;0;1;0;0;0;1;1;-31,72136584;-52,38140629;"SPRF-RS";"DEL07-RS";"UOP01-DEL07-RS"
242328;2019-10-14;"segunda-feira";"09:20:00";"SC";280;67;"JARAGUA DO SUL";"Falta de Atenção à Condução";"Colisão traseira";"Com Vítimas Feridas";"Pleno dia";"Decrescente";"Céu Claro";"Simples";"Reta";"Sim";4;0;3;0;1;0;3;2;-26,4775146;-49,10363575;"SPRF-SC";"DEL03-SC";"UOP03-DEL03-SC"
242330;2019-10-14;"segunda-feira";"07:00:00";"PB";230;135,5;"MASSARANDUBA";"Fenômenos da Natureza";"Saída de leito carroçável";"Com Vítimas Feridas";"Pleno dia";"Crescente";"Chuva";"Dupla";"Curva";"Não";1;0;1;0;0;0;1;1;-7,2789;-35,7591;"SPRF-PB";"DEL02-PB";"UOP01-DEL02-PB"
242331;2019-09-11;"quarta-feira";"17:00:00";"ES";262;6;"CARIACICA";"Falta de Atenção à Condução";"Colisão traseira";"Sem Vítimas";"Anoitecer";"Decrescente";"Nublado";"Dupla";"Reta";"Sim";2;0;0;0;0;2;0;2;-20,34007493;-40,39451305;"SPRF-ES";"DEL01-ES";"UOP01-DEL01-ES"
242333;2019-10-14;"segunda-feira";"07:00:00";"DF";40;5,3;"BRASILIA";"Falta de Atenção à Condução";"Colisão lateral";"Com Vítimas Feridas";"Pleno dia";"Decrescente";"Sol";"Dupla";"Reta";"Sim";3;0;2;0;1;0;2;2;-16,020903;-47,980541;"SPRF-DF";"DEL01-DF";"UOP01-DEL01-DF"
242334;2019-09-08;"domingo";"09:50:00";"MA";10;180,6;"CAMPESTRE DO MARANHAO";"Avarias e/ou desgaste excessivo no pneu";"Saída de leito carroçável";"Com Vítimas Fatais";"Pleno dia";"Decrescente";"Céu Claro";"Simples";"Reta;Declive";"Não";2;1;0;1;0;0;1;1;-6,141451;-47,371468;"SPRF-MA";"DEL04-MA";"UOP02-DEL04-MA"
242335;2019-10-14;"segunda-feira";"04:30:00";"MG";116;216,2;"CATUJI";"Restrição de Visibilidade";"Saída de leito carroçável";"Com Vítimas Feridas";"Amanhecer";"Decrescente";"Nevoeiro/Neblina";"Simples";"Reta";"Não";3;0;2;0;1;0;2;1;-17,3756538;-41,52881674;"SPRF-MG";"DEL11-MG";"UOP01-DEL11-MG"
242336;2019-10-14;"segunda-feira";"07:00:00";"SC";280;82;"CORUPA";"Falta de Atenção à Condução";"Colisão lateral";"Com Vítimas Feridas";"Pleno dia";"Crescente";"Nublado";"Simples";"Aclive;Reta";"Sim";2;0;1;0;1;0;1;2;-26,44009491;-49,22605498;"SPRF-SC";"DEL06-SC";"UOP03-DEL06-SC"
242337;2019-10-14;"segunda-feira";"09:50:00";"PR";277;659,7;"MATELANDIA";"Desobediência às normas de trânsito pelo condutor";"Queda de ocupante de veículo";"Com Vítimas Feridas";"Pleno dia";"Decrescente";"Céu Claro";"Dupla";"Reta";"Não";2;0;2;0;0;0;2;1;-25,24664169;-53,98334832;"SPRF-PR";"DEL05-PR";"UOP02-DEL05-PR"
242338;2019-10-14;"segunda-feira";"08:00:00";"AC";317;195;"XAPURI";"Falta de Atenção à Condução";"Saída de leito carroçável";"Com Vítimas Fatais";"Pleno dia";"Crescente";"Céu Claro";"Simples";"Reta";"Não";1;1;0;0;0;0;0;1;-10,64028204;-68,07956996;"SPRF-AC";"DEL01-AC";"UOP02-DEL01-AC"
242339;2019-10-14;"segunda-feira";"08:10:00";"SC";101;120;"ITAJAI";"Defeito Mecânico no Veículo";"Tombamento";"Com Vítimas Feridas";"Pleno dia";"Decrescente";"Céu Claro";"Dupla";"Reta";"Não";2;0;1;1;0;0;2;1;-26,912758;-48,711998;"SPRF-SC";"DEL04-SC";"UOP04-DEL04-SC"
242342;2019-10-14;"segunda-feira";"10:20:00";"MG";267;63,2;"BICAS";"Velocidade Incompatível";"Saída de leito carroçável";"Com Vítimas Feridas";"Pleno dia";"Decrescente";"Céu Claro";"Simples";"Curva";"Não";1;0;1;0;0;0;1;1;-21,73014728;-43,07352612;"SPRF-MG";"DEL05-MG";"UOP01-DEL05-MG"
242343;2019-10-14;"segunda-feira";"10:25:00";"PB";230;417,5;"POMBAL";"Desobediência às normas de trânsito pelo condutor";"Colisão transversal";"Com Vítimas Feridas";"Pleno dia";"Crescente";"Céu Claro";"Simples";"Interseção de Vias;Reta";"Não";3;0;2;0;1;0;2;2;-6,716902;-37,842093;"SPRF-PB";"DEL03-PB";"UOP02-DEL03-PB"
242344;2019-10-14;"segunda-feira";"10:10:00";"DF";20;4,9;"BRASILIA";"Falta de Atenção à Condução";"Colisão lateral";"Com Vítimas Feridas";"Pleno dia";"Decrescente";"Céu Claro";"Múltipla";"Reta;Rotatória;Declive";"Sim";2;0;1;0;1;0;1;2;-15,67111091;-47,81627923;"SPRF-DF";"DEL02-DF";"UOP01-DEL02-DF"