"id";"data_inversa";"dia_semana";"horario";"uf";"br";"km";"municipio";"causa_acidente";"tipo_acidente";"classificacao_acidente";"fase_dia";"sentido_via";"condicao_metereologica";"tipo_pista";"tracado_via";"uso_solo";"pessoas";"mortos";"feridos_leves";"feridos_graves";"ilesos";"ignorados";"feridos";"veiculos";"latitude";"longitude";"regional";"delegacia";"uop"
242461;2019-09-28;"sábado";"22:30:00";"PI";407;516,5;"PATOS DO PIAUI";"Falta de Atenção à Condução";"Colisão traseira";"Com Vítimas Feridas";"Plena Noite";"Crescente";"Céu Claro";"Simples";"Reta";"Não";4;0;1;1;2;0;2;2;-7,69706082;-41,23963242;"SPRF-PI";"DEL04-PI";"UOP01-DEL04-PI"
242462;2019-10-14;"segunda-feira";"19:30:00";"SC";101;211,9;"PALHOCA";"Falta de Atenção à Condução";"Colisão transversal";"Com Vítimas Feridas";"Plena Noite";"Decrescente";"Chuva";"Dupla";"Aclive;Interseção de Vias";"Sim";2;0;1;0;1;0;1;2;-27,62329313;-48,65245588;"SPRF-SC";"DEL01-SC";"UOP02-DEL01-SC"
242463;2019-10-14;"segunda-feira";"15:00:00";"MS";158;58,9;"PARANAIBA";"Mal Súbito";"Saída de leito carroçável";"Com Vítimas Feridas";"Pleno dia";"Decrescente";"Céu Claro";"Simples";"Reta";"Não";1;0;1;0;0;0;1;1;-19,42226228;-51,38282318;"SPRF-MS";"DEL08-MS";"UOP01-DEL08-MS"
242464;2019-10-14;"segunda-feira";"19:15:00";"GO";60;3,4;"SANTO ANTONIO DO DESCOBERTO";"Objeto estático sobre o leito carroçável";"Colisão transversal";"Com Vítimas Feridas";"Plena Noite";"Decrescente";"Céu Claro";"Dupla";"Aclive;Curva";"Não";3;0;1;0;2;0;1;2;-16,07760024;-48,26799273;"SPRF-DF";"DEL01-DF";"UOP01-DEL03-DF"
242465;2019-10-14;"segunda-feira";"17:50:00";"PR";163;291;"MARECHAL CANDIDO RONDON";"Desobediência às normas de trânsito pelo condutor";"Colisão transversal";"Com Vítimas Feridas";"Anoitecer";"Crescente";"Céu Claro";"Simples";"Declive";"Não";3;0;1;0;2;0;1;2;-24,526948;-54,053809;"SPRF-PR";"DEL06-PR";"UOP02-DEL06-PR"
242466;2019-10-14;"segunda-feira";"19:00:00";"SC";101;144,2;"ITAPEMA";"Defeito Mecânico no Veículo";"Tombamento";"Com Vítimas Feridas";"Plena Noite";"Decrescente";"Nublado";"Dupla";"Reta";"Sim";2;0;2;0;0;0;2;1;-27,0732659;-48,59672716;"SPRF-SC";"DEL04-SC";"UOP03-DEL04-SC"
242467;2019-10-14;"segunda-feira";"20:00:00";"RN";405;0,7;"MOSSORO";"Ultrapassagem Indevida";"Colisão lateral";"Com Vítimas Feridas";"Plena Noite";"Crescente";"Céu Claro";"Dupla";"Reta";"Sim";4;0;2;0;0;2;2;3;-5,1914673;-37,351887;"SPRF-RN";"DEL04-RN";"UOP02-DEL04-RN"
242468;2019-10-14;"segunda-feira";"19:28:00";"DF";70;7,8;"BRASILIA";"Ingestão de Álcool";"Colisão transversal";"Sem Vítimas";"Anoitecer";"Crescente";"Nublado";"Dupla";"Reta";"Sim";3;0;0;0;3;0;0;3;-15,787601;-48,114429;"SPRF-DF";"DEL01-DF";"UOP02-DEL03-DF"
242469;2019-10-14;"segunda-feira";"17:40:00";"BA";116;633,2;"JAGUAQUARA";"Falta de Atenção à Condução";"Colisão transversal";"Com Vítimas Feridas";"Pleno dia";"Decrescente";"Sol";"Simples";"Interseção de Vias";"Sim";2;0;1;0;1;0;1;2;-13,47539479;-40,03995749;"SPRF-BA";"DEL03-BA";"UOP01-DEL03-BA"
242470;2019-10-14;"segunda-feira";"19:30:00";"RJ";40;120;"DUQUE DE CAXIAS";"Não guardar distância de segurança";"Colisão lateral";"Com Vítimas Feridas";"Plena Noite";"Decrescente";"Céu Claro";"Múltipla";"Reta";"Sim";2;0;1;0;1;0;1;2;-22,77280597;-43,28626763;"SPRF-RJ";"DEL01-RJ";"UOP01-DEL01-RJ"
242471;2019-10-14;"segunda-feira";"20:40:00";"PE";101;67;"RECIFE";"Defeito na Via";"Queda de ocupante de veículo";"Com Vítimas Feridas";"Plena Noite";"Decrescente";"Chuva";"Dupla";"Reta";"Sim";1;0;1;0;0;0;1;1;-8,042334;-34,943096;"SPRF-PE";"DEL01-PE";"UOP01-DEL01-PE"
242472;2019-10-14;"segunda-feira";"18:45:00";"RJ";101;313;"SAO GONCALO";"Falta de Atenção à Condução";"Tombamento";"Com Vítimas Feridas";"Plena Noite";"Crescente";"Céu Claro";"Dupla";"Reta";"Sim";3;0;2;0;0;1;2;1;-22,81049093;-43,06983304;"SPRF-RJ";"DEL02-RJ";"UOP02-DEL02-RJ"
242473;2019-10-14;"segunda-feira";"20:00:00";"PR";467;85,3;"CASCAVEL";"Ingestão de Álcool";"Saída de leito carroçável";"Com Vítimas Feridas";"Plena Noite";"Decrescente";"Céu Claro";"Dupla";"Reta";"Sim";2;0;2;0;0;0;2;2;-24,8238;-53,6499;"SPRF-PR";"DEL04-PR";"UOP01-DEL04-PR"
242474;2019-10-14;"segunda-feira";"20:50:00";"PE";101;67;"RECIFE";"Defeito na Via";"Queda de ocupante de veículo";"Com Vítimas Feridas";"Plena Noite";"Decrescente";"Chuva";"Dupla";"Reta";"Não";1;0;1;0;0;0;1;1;-8,042334;-34,943096;"SPRF-PE";"DEL01-PE";"UOP01-DEL01-PE"
242476;2019-10-14;"segunda-feira";"21:05:00";"ES";101;288,9;"CARIACICA";"Desobediência às normas de trânsito pelo condutor";"Colisão transversal";"Com Vítimas Feridas";"Plena Noite";"Crescente";"Nublado";"Dupla";"Retorno Regulamentado";"Sim";2;0;1;0;1;0;1;2;-20,27904487;-40,39267302;"SPRF-ES";"DEL01-ES";"UOP01-DEL01-ES"
242478;2019-10-14;"segunda-feira";"21:20:00";"DF";20;20,5;"BRASILIA";"Velocidade Incompatível";"Colisão frontal";"Com Vítimas Fatais";"Plena Noite";"Crescente";"Céu Claro";"Dupla";"Declive";"Sim";2;2;0;0;0;0;0;2;-15,607905;-47,692791;"SPRF-DF";"DEL02-DF";"UOP01-DEL02-DF"
242479;2019-10-14;"segunda-feira";"20:00:00";"PR";277;455;"LARANJEIRAS DO SUL";"Falta de Atenção à Condução";"Queda de ocupante de veículo";"Com Vítimas Feridas";"Plena Noite";"Decrescente";"Céu Claro";"Simples";"Reta;Aclive";"Não";1;0;1;0;0;0;1;1;-25,36980336;-52,37913399;"SPRF-PR";"DEL04-PR";"UOP02-DEL04-PR"
242481;2019-10-14;"segunda-feira";"21:30:00";"PR";376;551;"BALSA NOVA";"Falta de Atenção à Condução";"Colisão lateral";"Com Vítimas Feridas";"Plena Noite";"Decrescente";"Chuva";"Dupla";"Aclive;Reta";"Não";1;0;1;0;0;0;1;1;-25,44005807;-49,74993467;"SPRF-PR";"DEL01-PR";"UOP06-DEL01-PR"
242483;2019-10-14;"segunda-feira";"22:20:00";"RS";287;247,7;"SANTA MARIA";"Falta de Atenção à Condução";"Colisão transversal";"Com Vítimas Feridas";"Plena Noite";"Crescente";"Chuva";"Simples";"Em Obras;Aclive;Reta";"Sim";3;0;1;0;2;0;1;2;-29,69991534;-53,84176017;"SPRF-RS";"DEL09-RS";"UOP01-DEL09-RS"
242484;2019-10-14;"segunda-feira";"22:15:00";"SC";101;271,1;"IMBITUBA";"Falta de Atenção à Condução";"Colisão com objeto estático";"Com Vítimas Feridas";"Plena Noite";"Decrescente";"Chuva";"Múltipla";"Reta";"Não";2;0;2;0;0;0;2;1;-28,11011972;-48,70211279;"SPRF-SC";"DEL02-SC";"UOP03-DEL02-SC"
242485;2019-10-14;"segunda-feira";"21:45:00";"GO";153;506;"APARECIDA DE GOIANIA";"Animais na Pista";"Tombamento";"Com Vítimas Feridas";"Pleno dia";"Crescente";"Céu Claro";"Dupla";"Reta";"Sim";2;0;2;0;0;0;2;1;-16,7633;-49,24;"SPRF-GO";"DEL01-GO";"UOP01-DEL01-GO"
242488;2019-10-14;"segunda-feira";"18:15:00";"MA";316;611;"TIMON";"Falta de Atenção à Condução";"Colisão frontal";"Com Vítimas Fatais";"Plena Noite";"Decrescente";"Céu Claro";"Simples";"Aclive";"Não";3;1;1;1;0;0;2;2;-5,072684;-42,868118;"SPRF-MA";"DEL03-MA";"UOP02-DEL03-MA"
242490;2019-10-14;"segunda-feira";"21:25:00";"PR";376;601;"CURITIBA";"Falta de Atenção à Condução";"Saída de leito carroçável";"Com Vítimas Feridas";"Plena Noite";"Crescente";"Chuva";"Dupla";"Curva";"Não";2;0;1;0;1;0;1;1;-25,537054;-49,31404;"SPRF-PR";"DEL01-PR";"UOP06-DEL01-PR"
242491;2019-10-14;"segunda-feira";"22:40:00";"DF";70;10,8;"BRASILIA";"Falta de Atenção à Condução";"Colisão traseira";"Com Vítimas Feridas";"Plena Noite";"Decrescente";"Céu Claro";"Dupla";"Reta";"Sim";2;0;1;0;1;0;1;2;-15,787066;-48,140709;"SPRF-DF";"DEL01-DF";"UOP02-DEL03-DF"
242492;2019-10-14;"segunda-feira";"21:10:00";"RR";174;501;"BOA VISTA";"Falta de Atenção à Condução";"Colisão traseira";"Com Vítimas Feridas";"Plena Noite";"Crescente";"Céu Claro";"Dupla";"Reta";"Sim";2;0;1;0;1;0;1;2;2,781689;-60,703827;"SPRF-RR";"DEL01-RR";"UOP01-DEL01-RR"
242493;2019-10-14;"segunda-feira";"18:20:00";"RS";116;262;"CANOAS";"Falta de Atenção à Condução";"Engavetamento";"Com Vítimas Feridas";"Plena Noite";"Decrescente";"Chuva";"Múltipla";"Reta";"Sim";4;0;1;0;2;1;1;3;-29,896475;-51,17593;"SPRF-RS";"DEL01-RS";"UOP01-DEL01-RS"
242494;2019-10-14;"segunda-feira";"22:40:00";"RS";290;6;"OSORIO";"Pista Escorregadia";"Saída de leito carroçável";"Com Vítimas Feridas";"Plena Noite";"Crescente";"Chuva";"Dupla";"Reta";"Não";1;0;1;0;0;0;1;1;-29,896193;-50,334114;"SPRF-RS";"DEL03-RS";"UOP01-DEL03-RS"
242495;2019-10-14;"segunda-feira";"19:30:00";"PR";476;235,5;"LAPA";"Velocidade Incompatível";"Saída de leito carroçável";"Com Vítimas Feridas";"Plena Noite";"Decrescente";"Chuva";"Simples";"Curva";"Não";1;0;1;0;0;0;1;1;-25,879135;-50,027172;"SPRF-PR";"DEL02-PR";"UOP04-DEL02-PR"
242496;2019-10-14;"segunda-feira";"21:12:00";"RJ";101;295;"ITABORAI";"Desobediência às normas de trânsito pelo condutor";"Colisão lateral";"Com Vítimas Feridas";"Plena Noite";"Decrescente";"Céu Claro";"Simples";"Reta";"Sim";2;0;1;0;1;0;1;2;-22,76365068;-42,90223623;"SPRF-RJ";"DEL02-RJ";"UOP03-DEL02-RJ"
242497;2019-10-14;"segunda-feira";"21:35:00";"MT";364;296;"JACIARA";"Falta de Atenção à Condução";"Saída de leito carroçável";"Com Vítimas Feridas";"Plena Noite";"Decrescente";"Ignorado";"Dupla";"Reta";"Não";1;0;1;0;0;0;1;1;-15,8641558;-55,12584675;"SPRF-MT";"DEL02-MT";"UOP02-DEL05-MT"
242498;2019-10-14;"segunda-feira";"21:45:00";"PR";163;267,7;"TOLEDO";"Animais na Pista";"Atropelamento de Animal";"Com Vítimas Feridas";"Plena Noite";"Crescente";"Céu Claro";"Simples";"Declive";"Não";1;0;0;1;0;0;1;1;-24,6318893;-53,87961212;"SPRF-PR";"DEL06-PR";"UOP02-DEL06-PR"
242499;2019-10-14;"segunda-feira";"19:40:00";"RO";425;83;"NOVA MAMORE";"Objeto estático sobre o leito carroçável";"Colisão com objeto estático";"Com Vítimas Feridas";"Plena Noite";"Decrescente";"Nublado";"Simples";"Reta";"Não";2;0;1;0;0;1;1;2;-10,285556;-65,296387;"SPRF-RO";"DEL01-RO";"UOP03-DEL01-RO"
242500;2019-10-14;"segunda-feira";"18:30:00";"SC";280;80,3;"CORUPA";"Condutor Dormindo";"Saída de leito carroçável";"Com Vítimas Feridas";"Anoitecer";"Decrescente";"Chuva";"Simples";"Reta";"Não";4;0;1;0;3;0;1;1;-26,44412189;-49,20975187;"SPRF-SC";"DEL06-SC";"UOP03-DEL06-SC"
242503;2019-10-14;"segunda-feira";"23:50:00";"PE";232;99,7;"BEZERROS";"Falta de Atenção do Pedestre";"Atropelamento de Pedestre";"Com Vítimas Feridas";"Plena Noite";"Crescente";"Céu Claro";"Simples";"Reta";"Sim";2;0;2;0;0;0;2;2;-8,2367277;-35,73401605;"SPRF-PE";"DEL01-PE";"UOP02-DEL02PE"
242504;2019-10-15;"terça-feira";"00:01:00";"SP";459;21,3;"LORENA";"Animais na Pista";"Atropelamento de Animal";"Com Vítimas Feridas";"Plena Noite";"Crescente";"Céu Claro";"Simples";"Curva";"Não";1;0;0;1;0;0;1;1;-22,654818;-45,143578;"SPRF-SP";"DEL08-SP";"UOP03-DEL08-SP"
242505;2019-10-14;"segunda-feira";"23:40:00";"SC";282;25;"PALHOCA";"Falta de Atenção à Condução";"Colisão com objeto estático";"Sem Vítimas";"Plena Noite";"Crescente";"Garoa/Chuvisco";"Simples";"Reta";"Sim";1;0;0;0;1;0;0;1;-27,678228;-48,752895;"SPRF-SC";"DEL01-SC";"UOP03-DEL01-SC"
242506;2019-10-14;"segunda-feira";"23:50:00";"PR";376;587;"CURITIBA";"Ingestão de Álcool";"Colisão traseira";"Com Vítimas Feridas";"Plena Noite";"Crescente";"Nublado";"Dupla";"Viaduto";"Sim";2;0;1;0;1;0;1;2;-25,43000811;-49,36605196;"SPRF-PR";"DEL01-PR";"UOP06-DEL01-PR"
242507;2019-10-15;"terça-feira";"00:40:00";"PE";232;21,5;"MORENO";"Falta de Atenção à Condução";"Saída de leito carroçável";"Sem Vítimas";"Plena Noite";"Decrescente";"Chuva";"Dupla";"Reta";"Não";1;0;0;0;0;1;0;1;-8,09580234;-35,08012588;"SPRF-PE";"DEL01-PE";"UOP02-DEL02PE"
242510;2019-10-14;"segunda-feira";"18:30:00";"MG";381;241,1;"SANTANA DO PARAISO";"Animais na Pista";"Atropelamento de Animal";"Com Vítimas Feridas";"Plena Noite";"Crescente";"Céu Claro";"Simples";"Reta";"Não";2;0;1;1;0;0;2;1;-19,386444;-42,475655;"SPRF-MG";"DEL06-MG";"UOP01-DEL06-MG"
242511;2019-10-15;"terça-feira";"01:00:00";"GO";60;4,8;"SANTO ANTONIO DO DESCOBERTO";"Ingestão de álcool e/ou substâncias psicoativas pelo pedestre";"Saída de leito carroçável";"Com Vítimas Feridas";"Plena Noite";"Decrescente";"Céu Claro";"Dupla";"Reta";"Não";1;0;0;1;0;0;1;1;-16,09463965;-48,28147888;"SPRF-DF";"DEL01-DF";"UOP01-DEL03-DF"
242512;2019-10-15;"terça-feira";"00:40:00";"RJ";101;231;"SILVA JARDIM";"Velocidade Incompatível";"Capotamento";"Com Vítimas Feridas";"Plena Noite";"Crescente";"Céu Claro";"Dupla";"Curva";"Não";1;0;1;0;0;0;1;1;-22,57752408;-42,38045083;"SPRF-RJ";"DEL02-RJ";"UOP03-DEL02-RJ"
242513;2019-10-15;"terça-feira";"02:40:00";"DF";20;40,8;"BRASILIA";"Falta de Atenção à Condução";"Colisão traseira";"Com Vítimas Feridas";"Plena Noite";"Decrescente";"Céu Claro";"Dupla";"Aclive";"Não";2;0;0;1;1;0;1;2;-15,581853;-47,512711;"SPRF-DF";"DEL02-DF";"UOP01-DEL02-DF"
242521;2019-10-15;"terça-feira";"04:55:00";"SC";470;53;"BLUMENAU";"Velocidade Incompatível";"Tombamento";"Com Vítimas Feridas";"Amanhecer";"Crescente";"Céu Claro";"Dupla";"Reta";"Não";2;0;2;0;0;0;2;1;-26,867121;-49,102066;"SPRF-SC";"DEL04-SC";"UOP01-DEL04-SC"
242524;2019-10-15;"terça-feira";"05:00:00";"RS";116;493,8;"PELOTAS";"Condutor Dormindo";"Saída de leito carroçável";"Com Vítimas Feridas";"Plena Noite";"Crescente";"Nublado";"Dupla";"Reta;Declive";"Não";1;0;1;0;0;0;1;1;-31,49556917;-52,21614164;"SPRF-RS";"DEL07-RS";"UOP01-DEL07-RS"
242529;2019-10-15;"terça-feira";"06:20:00";"SC";282;30,4;"SANTO AMARO DA IMPERATRIZ";"Desobediência às normas de trânsito pelo condutor";"Capotamento";"Com Vítimas Feridas";"Amanhecer";"Decrescente";"Garoa/Chuvisco";"Simples";"Declive;Curva";"Não";1;0;1;0;0;0;1;1;-27,687376;-48,79071;"SPRF-SC";"DEL01-SC";"UOP03-DEL01-SC"
242530;2019-10-06;"domingo";"19:05:00";"PE";101;48,8;"ABREU E LIMA";"Ingestão de Álcool";"Colisão traseira";"Sem Vítimas";"Plena Noite";"Crescente";"Céu Claro";"Múltipla";"Reta";"Sim";6;0;0;0;6;0;0;2;-7,89174705;-34,9033493;"SPRF-PE";"DEL01-PE";"UOP02-DEL01-PE"
242531;2019-10-15;"terça-feira";"06:00:00";"CE";304;98,7;"ARACATI";"Falta de Atenção à Condução";"Colisão traseira";"Com Vítimas Feridas";"Amanhecer";"Decrescente";"Céu Claro";"Dupla";"Reta";"Sim";2;0;1;0;1;0;1;2;-4,85869222;-37,46088434;"SPRF-CE";"DEL03-CE";"UOP03-DEL03-CE"
242532;2019-10-15;"terça-feira";"06:00:00";"DF";20;8,8;"BRASILIA";"Velocidade Incompatível";"Saída de leito carroçável";"Com Vítimas Feridas";"Pleno dia";"Crescente";"Céu Claro";"Dupla";"Interseção de Vias";"Sim";1;0;1;0;0;0;1;1;-15,658386;-47,791534;"SPRF-DF";"DEL02-DF";"UOP01-DEL02-DF"
242533;2019-10-15;"terça-feira";"06:30:00";"SP";153;48,7;"SAO JOSE DO RIO PRETO";"Falta de Atenção à Condução";"Saída de leito carroçável";"Com Vítimas Feridas";"Amanhecer";"Crescente";"Céu Claro";"Simples";"Aclive";"Não";1;0;1;0;0;0;1;1;-20,690998;-49,33980198;"SPRF-SP";"DEL09-SP";"UOP01-DEL09-SP"
242535;2019-10-15;"terça-feira";"00:10:00";"SC";282;332,5;"CAMPOS NOVOS";"Animais na Pista";"Atropelamento de Animal";"Com Vítimas Feridas";"Plena Noite";"Crescente";"Garoa/Chuvisco";"Simples";"Aclive;Reta";"Não";7;0;2;0;5;0;2;2;-27,390564;-51,125843;"SPRF-SC";"DEL07-SC";"UOP06-DEL07-SC"
242536;2019-08-15;"quinta-feira";"20:15:00";"RN";304;31,3;"MOSSORO";"Restrição de Visibilidade";"Queda de ocupante de veículo";"Com Vítimas Feridas";"Pleno dia";"Crescente";"Céu Claro";"Simples";"Reta";"Não";1;0;0;1;0;0;1;1;-5,1289572;-37,34328143;"SPRF-RN";"DEL04-RN";"UOP02-DEL04-RN"
242540;2019-10-15;"terça-feira";"06:00:00";"PB";230;193,8;"POCINHOS";"Desobediência às normas de trânsito pelo condutor";"Colisão frontal";"Sem Vítimas";"Pleno dia";"Crescente";"Garoa/Chuvisco";"Simples";"Reta";"Não";2;0;0;0;2;0;0;2;-7,1263;-36,1779;"SPRF-PB";"DEL02-PB";"UOP02-DEL02-PB"
242541;2019-10-15;"terça-feira";"07:15:00";"DF";40;4,8;"BRASILIA";"Falta de Atenção à Condução";"Colisão transversal";"Com Vítimas Feridas";"Pleno dia";"Decrescente";"Sol";"Dupla";"Reta";"Sim";2;0;1;0;1;0;1;2;-16,012033;-47,982124;"SPRF-DF";"DEL01-DF";"UOP01-DEL01-DF"
242542;2019-10-15;"terça-feira";"07:40:00";"RN";101;125;"SAO JOSE DE MIPIBU";"Falta de Atenção do Pedestre";"Atropelamento de Pedestre";"Com Vítimas Feridas";"Pleno dia";"Crescente";"Chuva";"Dupla";"Declive";"Sim";3;0;1;0;2;0;1;2;-6,07815599;-35,23412006;"SPRF-RN";"DEL01-RN";"UOP01-DEL01-RN"
242543;2019-10-15;"terça-feira";"08:10:00";"PR";376;178,2;"MARINGA";"Falta de Atenção à Condução";"Colisão lateral";"Com Vítimas Feridas";"Pleno dia";"Decrescente";"Céu Claro";"Dupla";"Interseção de Vias";"Sim";2;0;1;0;1;0;1;2;-23,4192146;-51,91293985;"SPRF-PR";"DEL07-PR";"UOP01-DEL09-PR"
242544;2019-10-06;"domingo";"21:20:00";"MS";163;259,5;"DOURADOS";"Falta de Atenção à Condução";"Colisão traseira";"Com Vítimas Feridas";"Plena Noite";"Crescente";"Nublado";"Dupla";"Reta";"Sim";3;0;1;1;1;0;2;2;-22,25258409;-54,77697385;"SPRF-MS";"DEL04-MS";"UOP01-DEL04-MS"
242545;2019-10-15;"terça-feira";"08:20:00";"SC";282;0,3;"FLORIANOPOLIS";"Desobediência às normas de trânsito pelo condutor";"Colisão lateral";"Com Vítimas Feridas";"Pleno dia";"Decrescente";"Garoa/Chuvisco";"Múltipla";"Aclive;Curva";"Sim";2;0;1;0;0;1;1;2;-27,59845;-48,571995;"SPRF-SC";"DEL01-SC";"UOP01-DEL01-SC"
242546;2019-10-15;"terça-feira";"08:10:00";"DF";70;5,5;"BRASILIA";"Não guardar distância de segurança";"Colisão traseira";"Com Vítimas Feridas";"Pleno dia";"Decrescente";"Céu Claro";"Dupla";"Reta";"Sim";2;0;2;0;0;0;2;2;-15,794656;-48,096779;"SPRF-DF";"DEL01-DF";"UOP02-DEL03-DF"
242547;2019-10-15;"terça-feira";"07:50:00";"PR";369;186,7;"ARAPONGAS";"Falta de Atenção à Condução";"Colisão transversal";"Com Vítimas Feridas";"Pleno dia";"Decrescente";"Céu Claro";"Simples";"Reta";"Não";2;0;1;0;1;0;1;2;-23,426853;-51,423134;"SPRF-PR";"DEL07-PR";"UOP03-DEL07-PR"
242548;2019-08-08;"quinta-feira";"09:10:00";"RJ";116;170;"RIO DE JANEIRO";"Condutor Dormindo";"Capotamento";"Com Vítimas Feridas";"Pleno dia";"Decrescente";"Céu Claro";"Dupla";"Reta";"Não";1;0;1;0;0;0;1;1;-22,81113183;-43,3336729;"SPRF-RJ";"DEL01-RJ";"UOP02-DEL01-RJ"
242549;2019-05-28;"terça-feira";"16:40:00";"DF";40;1;"BRASILIA";"Não guardar distância de segurança";"Colisão traseira";"Sem Vítimas";"Pleno dia";"Crescente";"Céu Claro";"Dupla";"Reta";"Sim";2;0;0;0;2;0;0;2;-15,985532;-47,987747;"SPRF-DF";"DEL01-DF";"UOP01-DEL01-DF"
242551;2019-10-15;"terça-feira";"08:30:00";"MG";381;925,6;"ITAPEVA";"Condutor Dormindo";"Colisão com objeto estático";"Com Vítimas Feridas";"Pleno dia";"Crescente";"Céu Claro";"Dupla";"Reta;Aclive";"Não";2;0;1;0;1;0;1;1;-22,77001131;-46,20462567;"SPRF-MG";"DEL16-MG";"UOP03-DEL16-MG"
242552;2019-10-15;"terça-feira";"07:00:00";"GO";153;520,2;"HIDROLANDIA";"Desobediência às normas de trânsito pelo condutor";"Colisão lateral";"Com Vítimas Feridas";"Pleno dia";"Crescente";"Céu Claro";"Dupla";"Reta";"Sim";2;0;2;0;0;0;2;2;-16,8847;-49,254;"SPRF-GO";"DEL01-GO";"UOP03-DEL01-GO"
242553;2019-09-14;"sábado";"08:15:00";"MG";262;435,7;"NOVA SERRANA";"Ingestão de Álcool";"Queda de ocupante de veículo";"Com Vítimas Feridas";"Pleno dia";"Decrescente";"Céu Claro";"Dupla";"Aclive";"Não";1;0;1;0;0;0;1;1;-19,89666118;-44,85116191;"SPRF-MG";"DEL08-MG";"UOP03-DEL08-MG"
242555;2019-10-15;"terça-feira";"07:35:00";"MG";40;520,1;"CONTAGEM";"Pista Escorregadia";"Tombamento";"Com Vítimas Feridas";"Pleno dia";"Crescente";"Céu Claro";"Dupla";"Reta";"Sim";1;0;1;0;0;0;1;1;-19,84761911;-44,07276144;"SPRF-MG";"DEL01-MG";"UOP02-DEL01-MG"
242556;2019-10-15;"terça-feira";"07:45:00";"MG";40;520;"CONTAGEM";"Pista Escorregadia";"Tombamento";"Com Vítimas Feridas";"Pleno dia";"Crescente";"Céu Claro";"Dupla";"Reta";"Sim";2;0;1;0;1;0;1;1;-19,84761911;-44,07276144;"SPRF-MG";"DEL01-MG";"UOP02-DEL01-MG"
242557;2019-10-15;"terça-feira";"08:30:00";"SP";116;280,9;"EMBU DAS ARTES";"Falta de Atenção à Condução";"Queda de ocupante de veículo";"Com Vítimas Feridas";"Pleno dia";"Decrescente";"Céu Claro";"Dupla";"Reta";"Sim";1;0;0;1;0;0;1;1;-23,66996108;-46,85590758;"SPRF-SP";"DEL04-SP";"UOP01-DEL04-SP"
242558;2019-10-15;"terça-feira";"08:05:00";"BA";116;817,9;"VITORIA DA CONQUISTA";"Falta de Atenção à Condução";"Colisão transversal";"Com Vítimas Feridas";"Pleno dia";"Decrescente";"Céu Claro";"Simples";"Reta";"Sim";3;0;1;0;2;0;1;2;-14,82346239;-40,81807852;"SPRF-BA";"DEL08-BA";"UOP01-DEL08-BA"
242559;2019-10-15;"terça-feira";"08:30:00";"DF";60;30,5;"BRASILIA";"Falta de Atenção do Pedestre";"Atropelamento de Pedestre";"Com Vítimas Feridas";"Pleno dia";"Crescente";"Céu Claro";"Dupla";"Aclive";"Sim";2;0;1;0;1;0;1;2;-16,03854;-48,255955;"SPRF-DF";"DEL01-DF";"UOP01-DEL03-DF"
242560;2019-10-15;"terça-feira";"08:20:00";"SC";470;114;"IBIRAMA";"Falta de Atenção à Condução";"Atropelamento de Pedestre";"Com Vítimas Feridas";"Pleno dia";"Decrescente";"Céu Claro";"Simples";"Reta";"Não";4;0;1;1;1;1;2;2;-27,086386;-49,478001;"SPRF-SC";"DEL04-SC";"UOP02-DEL04-SC"
242564;2019-10-15;"terça-feira";"09:20:00";"PE";101;48;"ABREU E LIMA";"Falta de Atenção à Condução";"Colisão transversal";"Com Vítimas Feridas";"Pleno dia";"Crescente";"Céu Claro";"Múltipla";"Reta";"Sim";2;0;1;0;0;1;1;2;-7,89174705;-34,9033493;"SPRF-PE";"DEL01-PE";"UOP02-DEL01-PE"
242566;2019-10-15;"terça-feira";"09:10:00";"SP";116;209;"GUARULHOS";"Falta de Atenção à Condução";"Engavetamento";"Com Vítimas Feridas";"Pleno dia";"Crescente";"Céu Claro";"Dupla";"Reta";"Não";3;0;1;0;1;1;1;3;-23,42511799;-46,40221101;"SPRF-SP";"DEL01-SP";"UOP01-DEL01-SP"
242567;2019-10-15;"terça-feira";"10:00:00";"RJ";393;238;"VASSOURAS";"Falta de Atenção à Condução";"Colisão transversal";"Com Vítimas Feridas";"Pleno dia";"Crescente";"Céu Claro";"Simples";"Interseção de Vias";"Não";5;0;2;0;3;0;2;2;-22,40095658;-43,66442518;"SPRF-RJ";"DEL05-RJ";"UOP03-DEL05-RJ"
242570;2019-10-15;"terça-feira";"07:00:00";"BA";101;371;"GANDU";"Velocidade Incompatível";"Saída de leito carroçável";"Com Vítimas Feridas";"Pleno dia";"Decrescente";"Céu Claro";"Simples";"Curva";"Não";2;0;0;2;0;0;2;1;-13,9178362;-39,48511279;"SPRF-BA";"DEL05-BA";"UOP03-DEL05-BA"
242573;2019-10-01;"terça-feira";"23:00:00";"SP";101;51,5;"UBATUBA";"Falta de Atenção à Condução";"Colisão lateral";"Com Vítimas Feridas";"Plena Noite";"Decrescente";"Ignorado";"Simples";"Rotatória";"Sim";1;0;1;0;0;0;1;1;-23,46259678;-45,06420135;"SPRF-SP";"DEL06-SP";"UOP01-DEL06-SP"
242574;2019-10-15;"terça-feira";"09:30:00";"PA";222;228;"MARABA";"Desobediência às normas de trânsito pelo pedestre";"Atropelamento de Pedestre";"Com Vítimas Feridas";"Pleno dia";"Decrescente";"Céu Claro";"Simples";"Reta";"Sim";4;0;1;0;2;1;1;2;-5,223623;-49,051292;"SPRF-PA";"DEL03-PA";"UOP01-DEL03-PA"