"id";"data_inversa";"dia_semana";"horario";"uf";"br";"km";"municipio";"causa_acidente";"tipo_acidente";"classificacao_acidente";"fase_dia";"sentido_via";"condicao_metereologica";"tipo_pista";"tracado_via";"uso_solo";"pessoas";"mortos";"feridos_leves";"feridos_graves";"ilesos";"ignorados";"feridos";"veiculos";"latitude";"longitude";"regional";"delegacia";"uop"
242575;2019-10-15;"terça-feira";"10:15:00";"PR";116;79;"QUATRO BARRAS";"Defeito Mecânico no Veículo";"Incêndio";"Sem Vítimas";"Pleno dia";"Crescente";"Nublado";"Dupla";"Reta";"Não";1;0;0;0;1;0;0;1;-25,39699691;-49,0572143;"SPRF-PR";"DEL01-PR";"UOP01-DEL01-PR"
242577;2019-10-15;"terça-feira";"10:35:00";"SC";101;14;"JOINVILLE";"Defeito Mecânico no Veículo";"Tombamento";"Com Vítimas Feridas";"Pleno dia";"Crescente";"Garoa/Chuvisco";"Dupla";"Reta";"Sim";2;0;2;0;0;0;2;1;-26,09803515;-48,86773972;"SPRF-SC";"DEL03-SC";"UOP01-DEL03-SC"
242578;2019-10-15;"terça-feira";"08:30:00";"AP";210;104,2;"PORTO GRANDE";"Falta de Atenção à Condução";"Colisão transversal";"Com Vítimas Feridas";"Pleno dia";"Crescente";"Céu Claro";"Simples";"Reta";"Sim";2;0;1;0;1;0;1;2;0,6985633;-51,39692189;"SPRF-AP";"DEL01-AP";"UOP01-DEL01-AP"
242581;2019-10-15;"terça-feira";"10:21:00";"PR";277;725,1;"FOZ DO IGUACU";"Falta de Atenção à Condução";"Colisão traseira";"Com Vítimas Feridas";"Pleno dia";"Decrescente";"Céu Claro";"Dupla";"Aclive;Em Obras;Desvio Temporário";"Sim";3;0;1;0;2;0;1;2;-25,5087591;-54,54690456;"SPRF-PR";"DEL05-PR";"UOP03-DEL05-PR"
242582;2019-10-15;"terça-feira";"11:00:00";"MG";381;495;"BETIM";"Não guardar distância de segurança";"Colisão traseira";"Com Vítimas Feridas";"Pleno dia";"Crescente";"Céu Claro";"Dupla";"Reta";"Sim";2;0;1;0;1;0;1;2;-19,98890883;-44,20522016;"SPRF-MG";"DEL01-MG";"UOP03-DEL01-MG"
242585;2019-10-15;"terça-feira";"11:15:00";"ES";101;224,8;"IBIRACU";"Não guardar distância de segurança";"Engavetamento";"Com Vítimas Feridas";"Pleno dia";"Crescente";"Sol";"Simples";"Reta";"Não";4;0;1;0;3;0;1;4;-19,88448281;-40,41556146;"SPRF-ES";"DEL02-ES";"UOP01-DEL02-ES"
242586;2019-10-15;"terça-feira";"10:40:00";"PR";277;421,9;"CANTAGALO";"Falta de Atenção à Condução";"Colisão transversal";"Sem Vítimas";"Pleno dia";"Crescente";"Sol";"Simples";"Interseção de Vias";"Sim";2;0;0;0;2;0;0;2;-25,40516876;-52,09591501;"SPRF-PR";"DEL04-PR";"UOP02-DEL04-PR"
242587;2019-10-15;"terça-feira";"11:30:00";"MG";50;34;"ARAGUARI";"Falta de Atenção à Condução";"Colisão traseira";"Com Vítimas Feridas";"Pleno dia";"Decrescente";"Céu Claro";"Dupla";"Reta";"Sim";2;0;0;1;1;0;1;2;-18,64695507;-48,13009097;"SPRF-MG";"DEL15-MG";"UOP02-DEL15-MG"
242588;2019-10-15;"terça-feira";"11:10:00";"PR";158;512;"CORONEL VIVIDA";"Velocidade Incompatível";"Saída de leito carroçável";"Com Vítimas Feridas";"Pleno dia";"Crescente";"Chuva";"Simples";"Declive;Reta";"Não";2;0;1;1;0;0;2;1;-26,04287282;-52,62090924;"SPRF-PR";"DEL02-PR";"UOP01-DEL02-PR"
242589;2019-10-15;"terça-feira";"11:30:00";"SC";101;191;"BIGUACU";"Pista Escorregadia";"Colisão com objeto estático";"Com Vítimas Feridas";"Pleno dia";"Decrescente";"Chuva";"Dupla";"Curva";"Não";1;0;1;0;0;0;1;1;-27,47730273;-48,64127329;"SPRF-SC";"DEL01-SC";"UOP01-DEL01-SC"
242594;2019-10-15;"terça-feira";"10:45:00";"SC";282;503;"XANXERE";"Velocidade Incompatível";"Saída de leito carroçável";"Sem Vítimas";"Pleno dia";"Crescente";"Chuva";"Dupla";"Curva";"Não";1;0;0;0;1;0;0;1;-26,88203835;-52,40512848;"SPRF-SC";"DEL07-SC";"UOP01-DEL07-SC"
242597;2019-10-15;"terça-feira";"12:20:00";"SC";101;331,6;"TUBARAO";"Falta de Atenção à Condução";"Colisão transversal";"Com Vítimas Feridas";"Pleno dia";"Decrescente";"Chuva";"Múltipla";"Interseção de Vias";"Sim";2;0;1;0;1;0;1;2;-28,46603159;-48,99533272;"SPRF-SC";"DEL02-SC";"UOP01-DEL02-SC"
242598;2019-10-15;"terça-feira";"12:40:00";"PR";376;668;"GUARATUBA";"Velocidade Incompatível";"Colisão com objeto estático";"Sem Vítimas";"Pleno dia";"Decrescente";"Chuva";"Dupla";"Curva";"Não";4;0;0;0;4;0;0;1;-25,864159;-48,937538;"SPRF-PR";"DEL01-PR";"UOP04-DEL01-PR"
242602;2019-10-15;"terça-feira";"11:20:00";"SC";101;133,8;"BALNEARIO CAMBORIU";"Ingestão de Álcool";"Colisão transversal";"Com Vítimas Feridas";"Pleno dia";"Crescente";"Nublado";"Múltipla";"Interseção de Vias";"Não";2;0;1;0;0;1;1;2;-26,99936;-48,64609;"SPRF-SC";"DEL04-SC";"UOP03-DEL04-SC"
242603;2019-10-15;"terça-feira";"13:15:00";"SC";101;186;"BIGUACU";"Velocidade Incompatível";"Capotamento";"Com Vítimas Feridas";"Pleno dia";"Crescente";"Chuva";"Dupla";"Curva";"Não";2;0;2;0;0;0;2;1;-27,4341098;-48,62567129;"SPRF-SC";"DEL01-SC";"UOP01-DEL01-SC"
242604;2019-10-15;"terça-feira";"13:00:00";"SP";381;34;"ATIBAIA";"Não guardar distância de segurança";"Colisão traseira";"Com Vítimas Feridas";"Pleno dia";"Crescente";"Céu Claro";"Dupla";"Declive";"Não";3;0;1;0;2;0;1;2;-23,079939;-46,569862;"SPRF-SP";"DEL03-SP";"UOP02-DEL03-SP"
242605;2019-10-15;"terça-feira";"13:30:00";"BA";324;593,2;"CANDEIAS";"Avarias e/ou desgaste excessivo no pneu";"Capotamento";"Com Vítimas Feridas";"Pleno dia";"Crescente";"Sol";"Dupla";"Reta";"Não";5;0;5;0;0;0;5;1;-12,71117593;-38,45800057;"SPRF-BA";"DEL01-BA";"UOP01-DEL01-BA"
242606;2019-10-15;"terça-feira";"13:20:00";"PR";116;86;"PIRAQUARA";"Mal Súbito";"Saída de leito carroçável";"Com Vítimas Feridas";"Pleno dia";"Crescente";"Nublado";"Dupla";"Reta";"Não";1;0;1;0;0;0;1;1;-25,43479327;-49,08939973;"SPRF-PR";"DEL01-PR";"UOP01-DEL01-PR"
242608;2019-10-15;"terça-feira";"14:00:00";"RS";290;5,4;"OSORIO";"Falta de Atenção à Condução";"Saída de leito carroçável";"Com Vítimas Feridas";"Pleno dia";"Decrescente";"Chuva";"Dupla";"Reta";"Não";4;0;2;0;2;0;2;1;-29,897158;-50,323845;"SPRF-RS";"DEL03-RS";"UOP01-DEL03-RS"
242609;2019-10-07;"segunda-feira";"13:00:00";"PR";369;150;"LONDRINA";"Falta de Atenção à Condução";"Colisão lateral";"Com Vítimas Feridas";"Pleno dia";"Crescente";"Nublado";"Dupla";"Reta";"Sim";3;0;1;0;2;0;1;3;-23,29280136;-51,1611253;"SPRF-PR";"DEL07-PR";"UOP01-DEL07-PR"
242611;2019-09-27;"sexta-feira";"18:50:00";"MS";163;485,1;"CAMPO GRANDE";"Ingestão de álcool e/ou substâncias psicoativas pelo pedestre";"Colisão traseira";"Com Vítimas Feridas";"Plena Noite";"Crescente";"Céu Claro";"Simples";"Reta";"Sim";2;0;1;0;1;0;1;2;-20,44233707;-54,54201834;"SPRF-MS";"DEL01-MS";"UOP02-DEL01-MS"
242612;2019-10-15;"terça-feira";"13:50:00";"SC";101;232,3;"PALHOCA";"Pista Escorregadia";"Colisão com objeto estático";"Com Vítimas Feridas";"Pleno dia";"Decrescente";"Chuva";"Dupla";"Reta";"Não";1;0;1;0;0;0;1;1;-27,795666;-48,638153;"SPRF-SC";"DEL01-SC";"UOP02-DEL01-SC"
242613;2019-10-15;"terça-feira";"13:10:00";"PR";116;14;"ANTONINA";"Falta de Atenção à Condução";"Colisão com objeto estático";"Com Vítimas Feridas";"Pleno dia";"Decrescente";"Garoa/Chuvisco";"Dupla";"Curva";"Sim";2;0;2;0;0;0;2;1;-25,09836429;-48,67391969;"SPRF-PR";"DEL01-PR";"UOP02-DEL01-PR"
242614;2019-10-15;"terça-feira";"14:26:00";"PR";116;15;"CAMPINA GRANDE DO SUL";"Desobediência às normas de trânsito pelo condutor";"Capotamento";"Com Vítimas Feridas";"Pleno dia";"Decrescente";"Garoa/Chuvisco";"Dupla";"Curva";"Não";5;0;2;0;3;0;2;1;-25,09832756;-48,68266005;"SPRF-PR";"DEL01-PR";"UOP02-DEL01-PR"
242616;2019-10-15;"terça-feira";"13:55:00";"MG";40;34,7;"PARACATU";"Falta de Atenção à Condução";"Colisão traseira";"Com Vítimas Feridas";"Pleno dia";"Crescente";"Céu Claro";"Simples";"Reta";"Não";3;0;1;0;2;0;1;2;-17,18867389;-46,92301984;"SPRF-MG";"DEL14-MG";"UOP01-DEL14-MG"
242617;2019-10-15;"terça-feira";"14:15:00";"MS";158;91;"PARANAIBA";"Falta de Atenção à Condução";"Colisão com objeto estático";"Com Vítimas Feridas";"Pleno dia";"Decrescente";"Céu Claro";"Simples";"Reta";"Sim";1;0;0;1;0;0;1;1;-19,656206;-51,203968;"SPRF-MS";"DEL08-MS";"UOP01-DEL08-MS"
242619;2019-10-15;"terça-feira";"15:00:00";"SC";101;78;"ARAQUARI";"Desobediência às normas de trânsito pelo condutor";"Colisão com objeto estático";"Com Vítimas Feridas";"Pleno dia";"Decrescente";"Chuva";"Dupla";"Reta";"Não";1;0;1;0;0;0;1;1;-26,57672096;-48,72270551;"SPRF-SC";"DEL03-SC";"UOP02-DEL03-SC"
242622;2019-10-15;"terça-feira";"15:35:00";"RJ";101;400;"ITAGUAI";"Falta de Atenção à Condução";"Colisão lateral";"Sem Vítimas";"Pleno dia";"Decrescente";"Céu Claro";"Dupla";"Reta";"Sim";2;0;0;0;2;0;0;2;-22,8483707;-43,76952338;"SPRF-RJ";"DEL03-RJ";"UOP01-DEL03-RJ"
242623;2019-10-15;"terça-feira";"08:30:00";"SP";116;541,5;"BARRA DO TURVO";"Pista Escorregadia";"Colisão com objeto estático";"Com Vítimas Feridas";"Pleno dia";"Crescente";"Chuva";"Dupla";"Curva";"Não";1;0;1;0;0;0;1;1;-24,97245688;-48,39976606;"SPRF-SP";"DEL05-SP";"UOP02-DEL05-SP"
242625;2019-10-15;"terça-feira";"15:15:00";"PE";101;48,8;"ABREU E LIMA";"Falta de Atenção do Pedestre";"Atropelamento de Pedestre";"Com Vítimas Feridas";"Pleno dia";"Decrescente";"Céu Claro";"Múltipla";"Reta";"Sim";2;0;1;0;1;0;1;2;-7,89174705;-34,9033493;"SPRF-PE";"DEL01-PE";"UOP02-DEL01-PE"
242626;2019-10-15;"terça-feira";"15:45:00";"SC";101;356,9;"SANGAO";"Velocidade Incompatível";"Saída de leito carroçável";"Com Vítimas Feridas";"Pleno dia";"Decrescente";"Chuva";"Simples";"Curva";"Sim";2;0;2;0;0;0;2;1;-28,64225263;-49,09910202;"SPRF-SC";"DEL02-SC";"UOP01-DEL02-SC"
242629;2019-10-15;"terça-feira";"16:50:00";"ES";101;265;"SERRA";"Falta de Atenção à Condução";"Colisão traseira";"Com Vítimas Feridas";"Pleno dia";"Crescente";"Céu Claro";"Simples";"Reta";"Não";2;0;1;0;1;0;1;2;-20,1816849;-40,26536036;"SPRF-ES";"DEL02-ES";"UOP01-DEL02-ES"
242634;2019-10-15;"terça-feira";"17:00:00";"PR";369;157,2;"LONDRINA";"Não guardar distância de segurança";"Colisão traseira";"Com Vítimas Feridas";"Pleno dia";"Crescente";"Nublado";"Dupla";"Reta";"Sim";3;0;1;0;2;0;1;2;-23,28713707;-51,22699318;"SPRF-PR";"DEL07-PR";"UOP01-DEL07-PR"
242637;2019-10-15;"terça-feira";"18:00:00";"PE";101;47,5;"IGARASSU";"Falta de Atenção à Condução";"Colisão lateral";"Com Vítimas Feridas";"Plena Noite";"Crescente";"Céu Claro";"Múltipla";"Reta";"Sim";3;0;3;0;0;0;3;2;-7,88290701;-34,90461208;"SPRF-PE";"DEL01-PE";"UOP02-DEL01-PE"
242638;2019-10-15;"terça-feira";"17:30:00";"PB";230;12,9;"CABEDELO";"Não guardar distância de segurança";"Colisão traseira";"Com Vítimas Feridas";"Anoitecer";"Crescente";"Céu Claro";"Dupla";"Reta";"Sim";2;0;1;0;1;0;1;2;-7,068;-34,85;"SPRF-PB";"DEL01-PB";"UOP01-DEL01-PB"
242639;2019-10-15;"terça-feira";"18:30:00";"RJ";356;19,5;"ITAPERUNA";"Falta de Atenção do Pedestre";"Atropelamento de Pedestre";"Com Vítimas Feridas";"Plena Noite";"Crescente";"Céu Claro";"Simples";"Reta";"Sim";2;0;1;0;1;0;1;2;-21,17723;-42,020089;"SPRF-RJ";"DEL08-RJ";"UOP03-DEL08-RJ"
242640;2019-10-15;"terça-feira";"18:30:00";"MG";116;181;"CARAI";"Falta de Atenção à Condução";"Saída de leito carroçável";"Com Vítimas Fatais";"Plena Noite";"Crescente";"Céu Claro";"Simples";"Curva";"Não";1;1;0;0;0;0;0;1;-17,09211716;-41,49168072;"SPRF-MG";"DEL11-MG";"UOP01-DEL11-MG"
242641;2019-10-15;"terça-feira";"15:45:00";"SC";280;268,2;"IRINEOPOLIS";"Velocidade Incompatível";"Saída de leito carroçável";"Com Vítimas Feridas";"Pleno dia";"Decrescente";"Céu Claro";"Simples";"Reta";"Não";1;0;0;1;0;0;1;1;-26,26426637;-50,70638895;"SPRF-SC";"DEL06-SC";"UOP04-DEL06-SC"
242643;2019-10-15;"terça-feira";"17:45:00";"MG";262;365;"JUATUBA";"Objeto estático sobre o leito carroçável";"Queda de ocupante de veículo";"Com Vítimas Feridas";"Anoitecer";"Crescente";"Céu Claro";"Dupla";"Aclive;Reta";"Não";2;0;2;0;0;0;2;1;-19,97856934;-44,25336717;"SPRF-MG";"DEL01-MG";"UOP03-DEL01-MG"
242648;2019-10-15;"terça-feira";"18:45:00";"SC";101;119;"ITAJAI";"Desobediência às normas de trânsito pelo condutor";"Colisão lateral";"Com Vítimas Feridas";"Plena Noite";"Crescente";"Garoa/Chuvisco";"Dupla";"Reta";"Sim";2;0;1;0;1;0;1;2;-26,9043179;-48,71555481;"SPRF-SC";"DEL04-SC";"UOP04-DEL04-SC"
242649;2019-10-15;"terça-feira";"15:50:00";"SC";163;101,7;"SAO JOSE DO CEDRO";"Falta de Atenção à Condução";"Colisão transversal";"Com Vítimas Feridas";"Pleno dia";"Decrescente";"Nublado";"Múltipla";"Reta";"Sim";4;0;3;0;1;0;3;2;-26,47803802;-53,50670007;"SPRF-SC";"DEL07-SC";"UOP03-DEL07-SC"
242651;2019-10-15;"terça-feira";"17:40:00";"PE";0;0;"PETROLINA";"Falta de Atenção à Condução";"Colisão transversal";"Com Vítimas Feridas";"Anoitecer";"Não Informado";"Céu Claro";"Simples";"Reta";"Sim";3;0;2;0;1;0;2;2;-9,36400596;-40,48266808;"SPRF-PE";"DEL06-PE";"UOP01-DEL06-PE"
242653;2019-10-15;"terça-feira";"19:00:00";"RJ";116;77;"TERESOPOLIS";"Falta de Atenção à Condução";"Colisão transversal";"Com Vítimas Feridas";"Plena Noite";"Crescente";"Nublado";"Simples";"Reta";"Sim";2;0;1;0;1;0;1;2;-22,36917806;-42,94876879;"SPRF-RJ";"DEL04-RJ";"UOP01-DEL04-RJ"
242654;2019-10-15;"terça-feira";"16:40:00";"RJ";101;418;"MANGARATIBA";"Não guardar distância de segurança";"Colisão traseira";"Sem Vítimas";"Pleno dia";"Decrescente";"Nublado";"Simples";"Reta";"Não";2;0;0;0;2;0;0;2;-22,91899018;-43,91888402;"SPRF-RJ";"DEL03-RJ";"UOP01-DEL03-RJ"
242656;2019-10-15;"terça-feira";"19:10:00";"PA";163;1002,4;"SANTAREM";"Falta de Atenção à Condução";"Colisão transversal";"Com Vítimas Feridas";"Plena Noite";"Crescente";"Ignorado";"Simples";"Reta";"Sim";2;0;1;0;1;0;1;2;-2,45069984;-54,72973952;"SPRF-PA";"DEL05-PA";"UOP01-DEL05-PA"
242657;2019-10-15;"terça-feira";"19:00:00";"PR";277;30,4;"MORRETES";"Falta de Atenção à Condução";"Atropelamento de Pedestre";"Com Vítimas Feridas";"Plena Noite";"Decrescente";"Vento";"Dupla";"Curva";"Não";3;0;0;2;0;1;2;2;-25,52874613;-48,73512603;"SPRF-PR";"DEL01-PR";"UOP05-DEL01-PR"
242658;2019-10-15;"terça-feira";"19:35:00";"GO";40;155;"CRISTALINA";"Condutor Dormindo";"Saída de leito carroçável";"Com Vítimas Feridas";"Plena Noite";"Crescente";"Céu Claro";"Simples";"Reta";"Não";1;0;1;0;0;0;1;1;-17,029805;-47,175895;"SPRF-DF";"DEL01-DF";"UOP02-DEL01-DF"
242659;2019-10-15;"terça-feira";"10:40:00";"GO";414;267;"NIQUELANDIA";"Condutor Dormindo";"Colisão com objeto estático";"Com Vítimas Feridas";"Pleno dia";"Decrescente";"Céu Claro";"Simples";"Ponte";"Não";2;0;1;0;1;0;1;1;-14,97039462;-48,66764041;"SPRF-GO";"DEL07-GO";"UOP01-DEL07-GO"
242660;2019-10-15;"terça-feira";"18:30:00";"MS";60;235,5;"BANDEIRANTES";"Sinalização da via insuficiente ou inadequada";"Atropelamento de Animal";"Sem Vítimas";"Plena Noite";"Crescente";"Céu Claro";"Simples";"Reta";"Não";2;0;0;0;2;0;0;1;-19,66358468;-54,28981107;"SPRF-MS";"DEL06-MS";"UOP02-DEL06-MS"
242661;2019-10-15;"terça-feira";"16:00:00";"AP";210;40;"MACAPA";"Defeito Mecânico no Veículo";"Queda de ocupante de veículo";"Com Vítimas Feridas";"Pleno dia";"Decrescente";"Céu Claro";"Simples";"Curva";"Não";1;0;1;0;0;0;1;1;0,3629696;-51,08236981;"SPRF-AP";"DEL01-AP";"UOP01-DEL01-AP"
242663;2019-10-15;"terça-feira";"20:30:00";"SE";235;10;"NOSSA SENHORA DO SOCORRO";"Falta de Atenção à Condução";"Colisão transversal";"Com Vítimas Feridas";"Plena Noite";"Crescente";"Nublado";"Simples";"Reta";"Sim";2;0;1;0;1;0;1;2;-10,88108554;-37,14381516;"SPRF-SE";"DEL01-SE";"UOP01-DEL01-SE"
242664;2019-10-15;"terça-feira";"18:15:00";"RO";425;99;"NOVA MAMORE";"Desobediência às normas de trânsito pelo condutor";"Colisão lateral";"Com Vítimas Feridas";"Anoitecer";"Decrescente";"Nublado";"Dupla";"Reta";"Sim";2;0;1;0;1;0;1;2;-10,403116;-65,32756;"SPRF-RO";"DEL01-RO";"UOP03-DEL01-RO"
242665;2019-10-15;"terça-feira";"20:25:00";"MG";381;668,7;"PERDOES";"Animais na Pista";"Atropelamento de Animal";"Sem Vítimas";"Plena Noite";"Decrescente";"Céu Claro";"Dupla";"Reta";"Não";1;0;0;0;1;0;0;1;-21,06787894;-45,05229868;"SPRF-MG";"DEL04-MG";"UOP02-DEL04-MG"
242666;2019-10-15;"terça-feira";"20:20:00";"ES";101;295;"CARIACICA";"Falta de Atenção do Pedestre";"Atropelamento de Pedestre";"Com Vítimas Feridas";"Plena Noite";"Crescente";"Céu Claro";"Múltipla";"Declive";"Sim";3;0;0;1;1;1;1;2;-20,33223667;-40,40004683;"SPRF-ES";"DEL01-ES";"UOP01-DEL01-ES"
242667;2019-10-15;"terça-feira";"19:50:00";"RJ";101;415;"MANGARATIBA";"Ingestão de Álcool";"Colisão transversal";"Sem Vítimas";"Plena Noite";"Decrescente";"Céu Claro";"Dupla";"Retorno Regulamentado";"Não";4;0;0;0;4;0;0;2;-22,91296869;-43,8955307;"SPRF-RJ";"DEL03-RJ";"UOP01-DEL03-RJ"
242668;2019-10-15;"terça-feira";"20:40:00";"BA";116;462;"SANTO ESTEVAO";"Falta de Atenção do Pedestre";"Atropelamento de Pedestre";"Com Vítimas Feridas";"Plena Noite";"Decrescente";"Céu Claro";"Dupla";"Reta";"Sim";2;0;1;0;1;0;1;2;-12,435528;-39,221752;"SPRF-BA";"DEL02-BA";"UOP01-DEL02-BA"
242669;2019-10-15;"terça-feira";"20:10:00";"PR";277;710,2;"SANTA TEREZINHA DE ITAIPU";"Falta de Atenção do Pedestre";"Atropelamento de Pedestre";"Com Vítimas Fatais";"Plena Noite";"Crescente";"Céu Claro";"Dupla";"Reta";"Sim";4;1;0;0;2;1;0;2;-25,45114122;-54,41525638;"SPRF-PR";"DEL05-PR";"UOP01-DEL05-PR"
242671;2019-09-28;"sábado";"05:50:00";"DF";20;20,2;"BRASILIA";"Ingestão de Álcool";"Saída de leito carroçável";"Com Vítimas Feridas";"Pleno dia";"Decrescente";"Nublado";"Dupla";"Viaduto;Reta";"Sim";5;0;4;0;1;0;4;3;-15,607905;-47,692791;"SPRF-DF";"DEL02-DF";"UOP01-DEL02-DF"
242673;2019-10-15;"terça-feira";"20:30:00";"MG";40;649;"CRISTIANO OTONI";"Não guardar distância de segurança";"Colisão traseira";"Com Vítimas Feridas";"Plena Noite";"Decrescente";"Céu Claro";"Simples";"Reta";"Sim";2;0;0;1;1;0;1;2;-20,81734393;-43,81138816;"SPRF-MG";"DEL05-MG";"UOP02-DEL05-MG"
242674;2019-10-15;"terça-feira";"21:00:00";"RN";101;80;"NATAL";"Falta de Atenção à Condução";"Colisão transversal";"Com Vítimas Feridas";"Plena Noite";"Decrescente";"Céu Claro";"Dupla";"Rotatória";"Sim";3;0;1;0;2;0;1;2;-5,7635705;-35,28945923;"SPRF-RN";"DEL02-RN";"UOP01-DEL02-RN"
242675;2019-10-15;"terça-feira";"21:30:00";"RJ";116;203;"SEROPEDICA";"Falta de Atenção à Condução";"Saída de leito carroçável";"Com Vítimas Feridas";"Plena Noite";"Crescente";"Céu Claro";"Dupla";"Reta";"Não";2;0;1;0;1;0;1;1;-22,73096751;-43,62245615;"SPRF-RJ";"DEL01-RJ";"UOP03-DEL01-RJ"
242677;2019-10-15;"terça-feira";"21:50:00";"SC";470;56,4;"BLUMENAU";"Falta de Atenção à Condução";"Colisão transversal";"Com Vítimas Feridas";"Plena Noite";"Crescente";"Chuva";"Simples";"Reta";"Não";3;0;2;0;1;0;2;2;-26,87674;-49,127743;"SPRF-SC";"DEL04-SC";"UOP01-DEL04-SC"
242682;2019-10-15;"terça-feira";"21:25:00";"MG";459;63,2;"IPUIUNA";"Velocidade Incompatível";"Colisão frontal";"Com Vítimas Feridas";"Plena Noite";"Decrescente";"Céu Claro";"Simples";"Aclive;Curva";"Não";3;0;2;0;1;0;2;2;-22,1180765;-46,17966771;"SPRF-MG";"DEL16-MG";"UOP01-DEL09-MG"
242683;2019-10-15;"terça-feira";"20:30:00";"GO";153;560;"PROFESSOR JAMIL";"Defeito Mecânico no Veículo";"Saída de leito carroçável";"Com Vítimas Feridas";"Plena Noite";"Crescente";"Céu Claro";"Dupla";"Reta";"Não";1;0;1;0;0;0;1;1;-17,2174;-49,2288;"SPRF-GO";"DEL03-GO";"UOP01-DEL03-GO"
242684;2019-10-15;"terça-feira";"21:40:00";"GO";153;638;"MORRINHOS";"Falta de Atenção à Condução";"Saída de leito carroçável";"Com Vítimas Feridas";"Plena Noite";"Crescente";"Céu Claro";"Dupla";"Reta";"Não";1;0;1;0;0;0;1;1;-17,8627;-49,2241;"SPRF-GO";"DEL03-GO";"UOP01-DEL03-GO"
242687;2019-10-15;"terça-feira";"23:30:00";"RS";290;62;"GRAVATAI";"Condutor Dormindo";"Saída de leito carroçável";"Com Vítimas Feridas";"Plena Noite";"Crescente";"Garoa/Chuvisco";"Dupla";"Reta";"Não";2;0;2;0;0;0;2;1;-29,927965;-50,868099;"SPRF-RS";"DEL03-RS";"UOP01-DEL03-RS"
242688;2019-10-15;"terça-feira";"23:15:00";"SP";116;269;"TABOAO DA SERRA";"Desobediência às normas de trânsito pelo condutor";"Colisão transversal";"Com Vítimas Feridas";"Plena Noite";"Crescente";"Chuva";"Múltipla";"Reta";"Sim";2;0;1;0;1;0;1;2;-23,61593059;-46,78826044;"SPRF-SP";"DEL04-SP";"UOP01-DEL04-SP"
242689;2019-10-15;"terça-feira";"23:20:00";"RS";116;301,1;"GUAIBA";"Ingestão de Álcool";"Colisão transversal";"Com Vítimas Feridas";"Plena Noite";"Crescente";"Nublado";"Simples";"Reta";"Sim";2;0;1;0;1;0;1;2;-30,131899;-51,353867;"SPRF-RS";"DEL02-RS";"UOP01-DEL02-RS"
242690;2019-10-15;"terça-feira";"20:40:00";"RO";319;62;"PORTO VELHO";"Desobediência às normas de trânsito pelo condutor";"Colisão transversal";"Com Vítimas Feridas";"Plena Noite";"Decrescente";"Céu Claro";"Múltipla";"Interseção de Vias";"Sim";2;0;1;0;0;1;1;2;-8,766685;-63,884052;"SPRF-RO";"DEL01-RO";"UOP01-DEL01-RO"
242692;2019-10-16;"quarta-feira";"00:30:00";"PR";376;658;"TIJUCAS DO SUL";"Velocidade Incompatível";"Colisão com objeto estático";"Com Vítimas Feridas";"Plena Noite";"Decrescente";"Chuva";"Dupla";"Curva";"Não";4;0;0;1;3;0;1;1;-25,85300602;-49,02166198;"SPRF-PR";"DEL01-PR";"UOP04-DEL01-PR"
242695;2019-10-16;"quarta-feira";"01:03:00";"SC";101;149;"ITAPEMA";"Velocidade Incompatível";"Capotamento";"Sem Vítimas";"Plena Noite";"Decrescente";"Chuva";"Dupla";"Viaduto";"Não";1;0;0;0;0;1;0;1;-27,1089649;-48,61277586;"SPRF-SC";"DEL04-SC";"UOP03-DEL04-SC"
242697;2019-10-16;"quarta-feira";"03:30:00";"PR";116;26;"CAMPINA GRANDE DO SUL";"Velocidade Incompatível";"Saída de leito carroçável";"Com Vítimas Feridas";"Amanhecer";"Decrescente";"Garoa/Chuvisco";"Dupla";"Curva";"Sim";4;0;4;0;0;0;4;1;-25,10683694;-48,785333;"SPRF-PR";"DEL01-PR";"UOP02-DEL01-PR"
242698;2019-10-15;"terça-feira";"20:30:00";"BA";116;482,8;"RAFAEL JAMBEIRO";"Falta de Atenção à Condução";"Saída de leito carroçável";"Sem Vítimas";"Plena Noite";"Decrescente";"Céu Claro";"Dupla";"Reta";"Não";1;0;0;0;0;1;0;1;-12,51689581;-39,38445809;"SPRF-BA";"DEL02-BA";"UOP01-DEL02-BA"
242699;2019-10-16;"quarta-feira";"02:50:00";"PR";277;700,8;"SAO MIGUEL DO IGUACU";"Condutor Dormindo";"Colisão com objeto estático";"Com Vítimas Feridas";"Plena Noite";"Crescente";"Céu Claro";"Dupla";"Declive";"Não";1;0;1;0;0;0;1;1;-25,40601241;-54,32821775;"SPRF-PR";"DEL05-PR";"UOP01-DEL05-PR"
242703;2019-10-15;"terça-feira";"23:00:00";"GO";60;266,4;"INDIARA";"Animais na Pista";"Atropelamento de Animal";"Com Vítimas Feridas";"Plena Noite";"Crescente";"Céu Claro";"Dupla";"Reta";"Não";2;0;1;0;1;0;1;1;-17,1988;-50,0863;"SPRF-GO";"DEL01-GO";"UOP02-DEL01-GO"
242704;2019-10-16;"quarta-feira";"05:35:00";"GO";60;28;"ALEXANIA";"Objeto estático sobre o leito carroçável";"Colisão com objeto estático";"Com Vítimas Feridas";"Amanhecer";"Decrescente";"Céu Claro";"Dupla";"Reta";"Não";1;0;0;1;0;0;1;1;-16,0963;-48,5202;"SPRF-DF";"DEL01-DF";"UOP01-DEL03-DF"