"id";"data_inversa";"dia_semana";"horario";"uf";"br";"km";"municipio";"causa_acidente";"tipo_acidente";"classificacao_acidente";"fase_dia";"sentido_via";"condicao_metereologica";"tipo_pista";"tracado_via";"uso_solo";"pessoas";"mortos";"feridos_leves";"feridos_graves";"ilesos";"ignorados";"feridos";"veiculos";"latitude";"longitude";"regional";"delegacia";"uop"
242706;2019-10-15;"terça-feira";"16:10:00";"BA";367;42,7;"PORTO SEGURO";"Mal Súbito";"Saída de leito carroçável";"Com Vítimas Feridas";"Pleno dia";"Decrescente";"Céu Claro";"Simples";"Curva";"Não";1;0;1;0;0;0;1;1;-16,38083898;-39,22681398;"SPRF-BA";"DEL09-BA";"UOP01-DEL09-BA"
242708;2019-10-16;"quarta-feira";"13:25:00";"ES";262;1,7;"CARIACICA";"Falta de Atenção à Condução";"Colisão lateral";"Com Vítimas Feridas";"Pleno dia";"Crescente";"Céu Claro";"Múltipla";"Reta";"Sim";2;0;1;0;1;0;1;2;-20,32955204;-40,35492602;"SPRF-ES";"DEL01-ES";"UOP01-DEL01-ES"
242709;2019-10-16;"quarta-feira";"06:40:00";"MG";381;775,5;"CAMPANHA";"Condutor Dormindo";"Saída de leito carroçável";"Com Vítimas Feridas";"Pleno dia";"Crescente";"Nublado";"Dupla";"Declive;Reta";"Não";2;0;2;0;0;0;2;1;-21,80906481;-45,48531299;"SPRF-MG";"DEL16-MG";"UOP02-DEL16-MG"
242712;2019-10-16;"quarta-feira";"07:00:00";"SC";101;50;"JOINVILLE";"Mal Súbito";"Capotamento";"Com Vítimas Feridas";"Pleno dia";"Crescente";"Chuva";"Simples";"Retorno Regulamentado";"Não";1;0;1;0;0;0;1;1;-26,37546719;-48,85479619;"SPRF-SC";"DEL03-SC";"UOP01-DEL03-SC"
242713;2019-10-16;"quarta-feira";"06:50:00";"GO";40;14;"LUZIANIA";"Ingestão de Álcool";"Colisão lateral";"Com Vítimas Feridas";"Amanhecer";"Decrescente";"Céu Claro";"Dupla";"Reta";"Não";3;0;1;1;1;0;2;2;-16,158753;-47,933136;"SPRF-DF";"DEL01-DF";"UOP01-DEL01-DF"
242715;2019-10-16;"quarta-feira";"06:30:00";"SC";282;30;"SANTO AMARO DA IMPERATRIZ";"Velocidade Incompatível";"Saída de leito carroçável";"Com Vítimas Feridas";"Pleno dia";"Crescente";"Chuva";"Dupla";"Curva";"Não";1;0;1;0;0;0;1;1;-27,687376;-48,79071;"SPRF-SC";"DEL01-SC";"UOP03-DEL01-SC"
242716;2019-10-16;"quarta-feira";"07:15:00";"MG";262;444;"NOVA SERRANA";"Falta de Atenção à Condução";"Colisão traseira";"Com Vítimas Feridas";"Pleno dia";"Crescente";"Céu Claro";"Dupla";"Reta";"Sim";4;0;1;0;3;0;1;2;-19,881131;-44,931502;"SPRF-MG";"DEL08-MG";"UOP03-DEL08-MG"
242717;2019-10-16;"quarta-feira";"07:10:00";"RS";470;179;"VERANOPOLIS";"Falta de Atenção à Condução";"Colisão traseira";"Com Vítimas Feridas";"Pleno dia";"Crescente";"Nublado";"Simples";"Reta";"Sim";3;0;2;0;1;0;2;2;-28,94095141;-51,54804653;"SPRF-RS";"DEL06-RS";"UOP02-DEL06-RS"
242718;2019-10-16;"quarta-feira";"07:20:00";"ES";101;263;"SERRA";"Falta de Atenção à Condução";"Colisão lateral";"Com Vítimas Feridas";"Pleno dia";"Crescente";"Céu Claro";"Dupla";"Reta";"Sim";3;0;0;1;1;1;1;3;-20,16554736;-40,27301648;"SPRF-ES";"DEL02-ES";"UOP01-DEL02-ES"
242720;2019-10-16;"quarta-feira";"07:45:00";"MG";459;8,3;"CALDAS";"Desobediência às normas de trânsito pelo condutor";"Colisão transversal";"Com Vítimas Feridas";"Pleno dia";"Decrescente";"Céu Claro";"Simples";"Reta";"Não";5;0;0;2;2;1;2;3;-21,811726;-46,469693;"SPRF-MG";"DEL16-MG";"UOP01-DEL09-MG"
242723;2019-10-16;"quarta-feira";"08:10:00";"ES";101;152;"LINHARES";"Avarias e/ou desgaste excessivo no pneu";"Tombamento";"Com Vítimas Feridas";"Pleno dia";"Decrescente";"Céu Claro";"Simples";"Reta";"Não";2;0;2;0;0;0;2;1;-19,41899326;-40,07056389;"SPRF-ES";"DEL04-ES";"UOP01-DEL04-ES"
242724;2019-10-16;"quarta-feira";"07:00:00";"SP";116;282,2;"EMBU DAS ARTES";"Falta de Atenção à Condução";"Colisão transversal";"Com Vítimas Feridas";"Amanhecer";"Decrescente";"Céu Claro";"Dupla";"Reta";"Sim";2;0;1;0;1;0;1;2;-23,66242;-46,852967;"SPRF-SP";"DEL04-SP";"UOP01-DEL04-SP"
242725;2019-10-16;"quarta-feira";"07:45:00";"CE";116;6,9;"FORTALEZA";"Não guardar distância de segurança";"Colisão lateral";"Sem Vítimas";"Pleno dia";"Decrescente";"Céu Claro";"Múltipla";"Reta";"Sim";3;0;0;0;3;0;0;2;-3,802624;-38,50400499;"SPRF-CE";"DEL01-CE";"UOP02-DEL01-CE"
242726;2019-10-16;"quarta-feira";"08:05:00";"SC";470;50,5;"BLUMENAU";"Desobediência às normas de trânsito pelo condutor";"Colisão lateral";"Com Vítimas Feridas";"Pleno dia";"Crescente";"Garoa/Chuvisco";"Simples";"Em Obras;Reta";"Sim";2;0;1;0;1;0;1;2;-26,86058156;-49,07963991;"SPRF-SC";"DEL04-SC";"UOP01-DEL04-SC"
242727;2019-10-16;"quarta-feira";"07:35:00";"RJ";465;18;"SEROPEDICA";"Desobediência às normas de trânsito pelo condutor";"Colisão frontal";"Com Vítimas Feridas";"Pleno dia";"Decrescente";"Céu Claro";"Simples";"Reta";"Sim";2;0;1;0;1;0;1;2;-22,831354;-43,615128;"SPRF-RJ";"DEL01-RJ";"UOP03-DEL01-RJ"
242728;2019-10-16;"quarta-feira";"07:45:00";"SC";101;197;"BIGUACU";"Desobediência às normas de trânsito pelo condutor";"Capotamento";"Com Vítimas Feridas";"Pleno dia";"Decrescente";"Chuva";"Dupla";"Curva";"Sim";1;0;1;0;0;0;1;1;-27,51101091;-48,64322292;"SPRF-SC";"DEL01-SC";"UOP01-DEL01-SC"
242730;2019-10-16;"quarta-feira";"07:40:00";"RJ";493;77;"DUQUE DE CAXIAS";"Animais na Pista";"Atropelamento de Animal";"Com Vítimas Feridas";"Pleno dia";"Decrescente";"Sol";"Dupla";"Reta";"Não";1;0;1;0;0;0;1;1;-22,672089;-43,285053;"SPRF-RJ";"DEL01-RJ";"UOP03-DEL01-RJ"
242732;2019-10-16;"quarta-feira";"05:45:00";"AC";364;122,4;"RIO BRANCO";"Falta de Atenção à Condução";"Colisão traseira";"Com Vítimas Feridas";"Amanhecer";"Crescente";"Céu Claro";"Dupla";"Retorno Regulamentado;Reta";"Sim";3;0;2;0;1;0;2;2;-10,01182316;-67,77716875;"SPRF-AC";"DEL01-AC";"UOP01-DEL01-AC"
242733;2019-10-16;"quarta-feira";"08:00:00";"MG";40;520,4;"CONTAGEM";"Falta de Atenção à Condução";"Colisão lateral";"Com Vítimas Feridas";"Pleno dia";"Crescente";"Céu Claro";"Dupla";"Reta";"Não";2;0;1;0;1;0;1;2;-19,82493048;-44,08444405;"SPRF-MG";"DEL01-MG";"UOP02-DEL01-MG"
242734;2019-10-16;"quarta-feira";"07:45:00";"MG";50;73,5;"UBERLANDIA";"Não guardar distância de segurança";"Colisão traseira";"Com Vítimas Feridas";"Pleno dia";"Decrescente";"Sol";"Múltipla";"Aclive;Reta";"Sim";2;0;1;0;1;0;1;2;-18,85140204;-48,25345932;"SPRF-MG";"DEL15-MG";"UOP01-DEL15-MG"
242735;2019-10-16;"quarta-feira";"07:35:00";"GO";153;495,5;"GOIANIA";"Não guardar distância de segurança";"Tombamento";"Com Vítimas Fatais";"Pleno dia";"Crescente";"Sol";"Dupla";"Aclive";"Sim";1;1;0;0;0;0;0;1;-16,6681;-49,2263;"SPRF-GO";"DEL01-GO";"UOP01-DEL01-GO"
242737;2019-10-16;"quarta-feira";"08:00:00";"SP";116;330,1;"JUQUITIBA";"Defeito na Via";"Queda de ocupante de veículo";"Com Vítimas Feridas";"Pleno dia";"Decrescente";"Céu Claro";"Dupla";"Reta";"Não";2;0;0;2;0;0;2;1;-23,9442931;-47,09668891;"SPRF-SP";"DEL04-SP";"UOP03-DEL04-SP"
242739;2019-10-16;"quarta-feira";"07:40:00";"MS";163;484,8;"CAMPO GRANDE";"Falta de Atenção à Condução";"Colisão lateral";"Com Vítimas Feridas";"Pleno dia";"Decrescente";"Nublado";"Simples";"Reta";"Não";2;0;1;0;1;0;1;2;-20,45104898;-54,5403266;"SPRF-MS";"DEL01-MS";"UOP02-DEL01-MS"
242741;2019-10-16;"quarta-feira";"08:35:00";"RS";470;215;"BENTO GONCALVES";"Falta de Atenção à Condução";"Colisão transversal";"Com Vítimas Feridas";"Pleno dia";"Crescente";"Chuva";"Simples";"Declive";"Sim";2;0;1;0;1;0;1;2;-29,150635;-51,530241;"SPRF-RS";"DEL06-RS";"UOP01-DEL06-RS"
242742;2019-10-16;"quarta-feira";"08:00:00";"MG";365;182;"BURITIZEIRO";"Avarias e/ou desgaste excessivo no pneu";"Saída de leito carroçável";"Com Vítimas Feridas";"Pleno dia";"Crescente";"Sol";"Simples";"Reta";"Não";3;0;3;0;0;0;3;1;-17,41676095;-45,10405231;"SPRF-MG";"DEL12-MG";"UOP01-DEL12-MG"
242745;2019-10-16;"quarta-feira";"09:30:00";"SC";101;189,6;"BIGUACU";"Desobediência às normas de trânsito pelo condutor";"Colisão lateral";"Com Vítimas Feridas";"Pleno dia";"Decrescente";"Chuva";"Dupla";"Curva";"Não";4;0;1;0;3;0;1;2;-27,459393;-48,638914;"SPRF-SC";"DEL01-SC";"UOP01-DEL01-SC"
242747;2019-10-16;"quarta-feira";"08:40:00";"MS";163;275;"DOURADOS";"Falta de Atenção à Condução";"Capotamento";"Com Vítimas Feridas";"Pleno dia";"Decrescente";"Céu Claro";"Dupla";"Reta";"Não";1;0;0;1;0;0;1;1;-22,1666872;-54,65611485;"SPRF-MS";"DEL04-MS";"UOP01-DEL04-MS"
242749;2019-10-16;"quarta-feira";"08:50:00";"SP";116;516;"CAJATI";"Falta de Atenção à Condução";"Colisão traseira";"Com Vítimas Feridas";"Pleno dia";"Decrescente";"Garoa/Chuvisco";"Dupla";"Curva";"Não";4;0;1;0;3;0;1;2;-24,87423036;-48,2190838;"SPRF-SP";"DEL05-SP";"UAP01-DEL05-SP"
242750;2019-05-31;"sexta-feira";"15:05:00";"PR";163;353;"GUAIRA";"Desobediência às normas de trânsito pelo condutor";"Colisão lateral";"Com Vítimas Feridas";"Pleno dia";"Crescente";"Nublado";"Simples";"Ponte";"Não";5;0;1;0;4;0;1;3;-24,0489722;-54,26834106;"SPRF-PR";"DEL06-PR";"UOP01-DEL06-PR"
242754;2019-10-16;"quarta-feira";"10:10:00";"SC";101;121;"ITAJAI";"Não guardar distância de segurança";"Engavetamento";"Com Vítimas Feridas";"Pleno dia";"Decrescente";"Garoa/Chuvisco";"Múltipla";"Reta";"Sim";6;0;0;1;5;0;1;5;-26,92103178;-48,70856446;"SPRF-SC";"DEL04-SC";"UOP04-DEL04-SC"
242755;2019-09-10;"terça-feira";"17:45:00";"RS";116;268;"CANOAS";"Falta de Atenção à Condução";"Colisão traseira";"Com Vítimas Feridas";"Anoitecer";"Decrescente";"Céu Claro";"Múltipla";"Reta";"Não";2;0;1;0;1;0;1;2;-29,95053339;-51,17638892;"SPRF-RS";"DEL01-RS";"UOP01-DEL01-RS"
242756;2019-10-16;"quarta-feira";"09:04:00";"SC";101;6;"GARUVA";"Defeito Mecânico no Veículo";"Colisão com objeto estático";"Sem Vítimas";"Pleno dia";"Crescente";"Céu Claro";"Simples";"Curva";"Sim";1;0;0;0;1;0;0;1;-26,02692002;-48,86142017;"SPRF-SC";"DEL03-SC";"UOP01-DEL03-SC"
242759;2019-10-16;"quarta-feira";"10:20:00";"MG";381;487,5;"BETIM";"Não guardar distância de segurança";"Colisão traseira";"Com Vítimas Feridas";"Pleno dia";"Decrescente";"Céu Claro";"Dupla";"Curva";"Sim";2;0;1;0;1;0;1;2;-19,95586853;-44,14609501;"SPRF-MG";"DEL01-MG";"UOP03-DEL01-MG"
242760;2019-10-16;"quarta-feira";"08:00:00";"RJ";116;197;"QUEIMADOS";"Pista Escorregadia";"Saída de leito carroçável";"Com Vítimas Feridas";"Pleno dia";"Decrescente";"Céu Claro";"Dupla";"Curva";"Não";1;0;1;0;0;0;1;1;-22,72980637;-43,56512004;"SPRF-RJ";"DEL01-RJ";"UOP02-DEL01-RJ"
242763;2019-10-16;"quarta-feira";"07:40:00";"AC";317;99,9;"SENADOR GUIOMARD";"Objeto estático sobre o leito carroçável";"Capotamento";"Com Vítimas Feridas";"Pleno dia";"Crescente";"Céu Claro";"Simples";"Reta";"Não";5;0;3;2;0;0;5;1;-10,21345005;-67,69776521;"SPRF-AC";"DEL01-AC";"UOP01-DEL01-AC"
242764;2019-10-16;"quarta-feira";"10:40:00";"TO";153;717,7;"FIGUEIROPOLIS";"Condutor Dormindo";"Saída de leito carroçável";"Com Vítimas Fatais";"Pleno dia";"Crescente";"Sol";"Simples";"Ponte;Reta";"Não";2;2;0;0;0;0;0;1;-12,10507407;-49,18528768;"SPRF-TO";"DEL02-TO";"UOP02-DEL01-TO"
242765;2019-10-16;"quarta-feira";"07:00:00";"SC";101;51,2;"JOINVILLE";"Desobediência às normas de trânsito pelo condutor";"Colisão com objeto estático";"Sem Vítimas";"Pleno dia";"Crescente";"Chuva";"Dupla";"Viaduto";"Não";1;0;0;0;1;0;0;1;-26,38506771;-48,84917582;"SPRF-SC";"DEL03-SC";"UOP01-DEL03-SC"
242766;2019-10-16;"quarta-feira";"07:30:00";"MS";163;371,9;"NOVA ALVORADA DO SUL";"Avarias e/ou desgaste excessivo no pneu";"Queda de ocupante de veículo";"Com Vítimas Feridas";"Pleno dia";"Decrescente";"Céu Claro";"Simples";"Reta";"Não";1;0;0;1;0;0;1;1;-21,41551117;-54,39177719;"SPRF-MS";"DEL02-MS";"UOP01-DEL02-MS"
242767;2019-10-16;"quarta-feira";"09:50:00";"SP";116;568;"BARRA DO TURVO";"Velocidade Incompatível";"Capotamento";"Com Vítimas Feridas";"Pleno dia";"Decrescente";"Garoa/Chuvisco";"Dupla";"Curva";"Não";2;0;1;0;1;0;1;1;-25,055473;-48,55555216;"SPRF-SP";"DEL05-SP";"UOP02-DEL05-SP"
242769;2019-10-16;"quarta-feira";"11:10:00";"RS";386;199,7;"VICTOR GRAEFF";"Falta de Atenção à Condução";"Colisão lateral";"Com Vítimas Feridas";"Pleno dia";"Crescente";"Chuva";"Simples";"Reta";"Não";2;0;2;0;0;0;2;2;-28,45608795;-52,66217086;"SPRF-RS";"DEL04-RS";"UOP03-DEL04-RS"
242771;2019-10-16;"quarta-feira";"10:15:00";"PB";230;52,4;"CRUZ DO ESPIRITO SANTO";"Falta de Atenção à Condução";"Colisão com objeto estático";"Com Vítimas Feridas";"Pleno dia";"Crescente";"Sol";"Dupla";"Curva";"Não";1;0;1;0;0;0;1;1;-7,1951;-35,0691;"SPRF-PB";"DEL01-PB";"UOP03-DEL01-PB"
242772;2019-08-31;"sábado";"01:40:00";"DF";70;12;"BRASILIA";"Não guardar distância de segurança";"Colisão traseira";"Com Vítimas Feridas";"Plena Noite";"Crescente";"Ignorado";"Dupla";"Reta";"Sim";3;0;3;0;0;0;3;2;-15,792243;-48,158543;"SPRF-DF";"DEL01-DF";"UOP02-DEL03-DF"
242773;2019-10-16;"quarta-feira";"11:40:00";"GO";153;510;"APARECIDA DE GOIANIA";"Falta de Atenção à Condução";"Colisão lateral";"Com Vítimas Feridas";"Pleno dia";"Crescente";"Céu Claro";"Múltipla";"Reta";"Sim";2;0;1;0;1;0;1;2;-16,79949297;-49,2388612;"SPRF-GO";"DEL01-GO";"UOP03-DEL01-GO"
242774;2019-10-16;"quarta-feira";"11:20:00";"GO";50;280,6;"CATALAO";"Desobediência às normas de trânsito pelo condutor";"Colisão com objeto em movimento";"Com Vítimas Feridas";"Pleno dia";"Crescente";"Céu Claro";"Dupla";"Reta";"Sim";3;0;0;1;2;0;1;2;-18,1784;-47,9362;"SPRF-GO";"DEL06-GO";"UOP01-DEL06-GO"
242775;2019-10-16;"quarta-feira";"11:10:00";"GO";153;496,2;"GOIANIA";"Defeito Mecânico no Veículo";"Incêndio";"Sem Vítimas";"Pleno dia";"Crescente";"Céu Claro";"Dupla";"Reta";"Sim";1;0;0;0;1;0;0;1;-16,6776;-49,2314;"SPRF-GO";"DEL01-GO";"UOP01-DEL01-GO"
242776;2019-10-16;"quarta-feira";"12:25:00";"PA";10;26;"DOM ELISEU";"Desobediência às normas de trânsito pelo condutor";"Saída de leito carroçável";"Com Vítimas Feridas";"Pleno dia";"Crescente";"Sol";"Simples";"Aclive";"Não";1;0;1;0;0;0;1;1;-4,22504395;-47,5481271;"SPRF-PA";"DEL02-PA";"UOP02-DEL02-PA"
242779;2019-10-16;"quarta-feira";"12:30:00";"SC";101;311;"LAGUNA";"Desobediência às normas de trânsito pelo condutor";"Colisão transversal";"Com Vítimas Feridas";"Pleno dia";"Crescente";"Chuva";"Múltipla";"Interseção de Vias";"Sim";4;0;3;0;1;0;3;2;-28,433701;-48,806344;"SPRF-SC";"DEL02-SC";"UOP01-DEL02-SC"
242784;2019-10-16;"quarta-feira";"13:20:00";"RS";116;115,9;"SAO MARCOS";"Desobediência às normas de trânsito pelo condutor";"Colisão transversal";"Com Vítimas Feridas";"Pleno dia";"Decrescente";"Nublado";"Simples";"Interseção de Vias";"Sim";2;0;1;0;1;0;1;2;-28,97542635;-51,06722116;"SPRF-RS";"DEL05-RS";"UOP01-DEL05-RS"
242788;2019-10-16;"quarta-feira";"14:20:00";"BA";407;2;"JUAZEIRO";"Falta de Atenção à Condução";"Colisão transversal";"Com Vítimas Feridas";"Pleno dia";"Decrescente";"Céu Claro";"Simples";"Rotatória";"Sim";2;0;1;0;1;0;1;2;-9,42623296;-40,50061584;"SPRF-PE";"DEL06-PE";"UOP01-DEL06-PE"
242791;2019-10-16;"quarta-feira";"13:50:00";"SC";470;54,6;"BLUMENAU";"Falta de Atenção à Condução";"Tombamento";"Com Vítimas Feridas";"Pleno dia";"Decrescente";"Chuva";"Simples";"Interseção de Vias";"Sim";1;0;1;0;0;0;1;1;-26,871065;-49,110374;"SPRF-SC";"DEL04-SC";"UOP01-DEL04-SC"
242792;2019-10-16;"quarta-feira";"13:10:00";"MG";262;793,3;"UBERABA";"Velocidade Incompatível";"Capotamento";"Com Vítimas Feridas";"Pleno dia";"Crescente";"Céu Claro";"Simples";"Reta";"Não";1;0;0;1;0;0;1;1;-19,76621747;-47,87801008;"SPRF-MG";"DEL13-MG";"UOP01-DEL13-MG"
242794;2019-10-16;"quarta-feira";"12:30:00";"PA";308;153;"CAPANEMA";"Desobediência às normas de trânsito pelo condutor";"Colisão transversal";"Com Vítimas Feridas";"Pleno dia";"Crescente";"Céu Claro";"Simples";"Reta";"Sim";2;0;1;0;1;0;1;2;-1,2039773;-47,1668111;"SPRF-PA";"DEL01-PA";"UOP03-DEL01-PA"
242796;2019-10-16;"quarta-feira";"12:50:00";"PB";104;147,7;"QUEIMADAS";"Desobediência às normas de trânsito pelo condutor";"Colisão transversal";"Com Vítimas Feridas";"Pleno dia";"Decrescente";"Sol";"Simples";"Curva";"Não";2;0;0;1;1;0;1;2;-7,44519871;-35,9046936;"SPRF-PB";"DEL02-PB";"UOP03-DEL02-PB"
242799;2019-10-16;"quarta-feira";"14:00:00";"PR";476;132,8;"CURITIBA";"Falta de Atenção à Condução";"Colisão traseira";"Com Vítimas Feridas";"Pleno dia";"Decrescente";"Nublado";"Dupla";"Reta";"Sim";2;0;0;1;1;0;1;2;-25,460718;-49,250488;"SPRF-PR";"DEL01-PR";"UOP03-DEL01-PR"
242800;2019-10-16;"quarta-feira";"13:30:00";"RN";304;40,3;"MOSSORO";"Desobediência às normas de trânsito pelo condutor";"Colisão transversal";"Com Vítimas Feridas";"Pleno dia";"Decrescente";"Céu Claro";"Dupla";"Reta";"Sim";3;0;0;1;2;0;1;2;-5,196199;-37,3785;"SPRF-RN";"DEL04-RN";"UOP01-DEL04-RN"
242801;2019-10-16;"quarta-feira";"14:40:00";"SC";282;37,3;"AGUAS MORNAS";"Velocidade Incompatível";"Capotamento";"Com Vítimas Feridas";"Pleno dia";"Crescente";"Chuva";"Simples";"Curva";"Não";2;0;1;0;1;0;1;1;-27,707325;-48,842983;"SPRF-SC";"DEL01-SC";"UOP03-DEL01-SC"
242802;2019-10-16;"quarta-feira";"14:50:00";"RS";101;34,1;"TRES FORQUILHAS";"Desobediência às normas de trânsito pelo condutor";"Colisão transversal";"Com Vítimas Feridas";"Pleno dia";"Crescente";"Nublado";"Dupla";"Reta";"Não";5;0;1;1;3;0;2;2;-29,50900276;-49,98702728;"SPRF-RS";"DEL03-RS";"UOP02-DEL03-RS"
242805;2019-10-16;"quarta-feira";"15:00:00";"SC";101;264;"PAULO LOPES";"Falta de Atenção à Condução";"Saída de leito carroçável";"Com Vítimas Feridas";"Pleno dia";"Decrescente";"Chuva";"Dupla";"Curva";"Sim";2;0;2;0;0;0;2;1;-28,05149404;-48,71632789;"SPRF-SC";"DEL02-SC";"UOP03-DEL02-SC"
242806;2019-10-16;"quarta-feira";"12:15:00";"SC";280;28;"ARAQUARI";"Falta de Atenção à Condução";"Colisão traseira";"Sem Vítimas";"Pleno dia";"Crescente";"Nublado";"Simples";"Reta";"Sim";2;0;0;0;2;0;0;2;-26,403814;-48,745217;"SPRF-SC";"DEL03-SC";"UOP03-DEL03-SC"
242807;2019-10-16;"quarta-feira";"14:30:00";"BA";324;612;"SALVADOR";"Defeito Mecânico no Veículo";"Saída de leito carroçável";"Com Vítimas Feridas";"Pleno dia";"Crescente";"Céu Claro";"Dupla";"Reta";"Não";1;0;1;0;0;0;1;1;-12,84664721;-38,41741648;"SPRF-BA";"DEL01-BA";"UOP01-DEL01-BA"
242808;2019-10-16;"quarta-feira";"15:33:00";"RN";101;98,6;"NATAL";"Não guardar distância de segurança";"Colisão traseira";"Com Vítimas Feridas";"Pleno dia";"Crescente";"Sol";"Dupla";"Reta";"Sim";3;0;1;0;2;0;1;3;-5,86868416;-35,21830559;"SPRF-RN";"DEL01-RN";"UOP01-DEL01-RN"
242809;2019-10-16;"quarta-feira";"12:20:00";"AL";316;84,5;"SANTANA DO IPANEMA";"Falta de Atenção à Condução";"Colisão transversal";"Com Vítimas Feridas";"Pleno dia";"Decrescente";"Céu Claro";"Simples";"Interseção de Vias";"Não";3;0;0;2;1;0;2;2;-9,36681348;-37,25183498;"SPRF-AL";"DEL03-AL";"UOP02-DEL03-AL"
242811;2019-10-16;"quarta-feira";"15:40:00";"PE";101;48,2;"ABREU E LIMA";"Falta de Atenção à Condução";"Colisão traseira";"Com Vítimas Feridas";"Pleno dia";"Decrescente";"Céu Claro";"Múltipla";"Reta";"Sim";2;0;1;0;1;0;1;2;-7,89174705;-34,9033493;"SPRF-PE";"DEL01-PE";"UOP02-DEL01-PE"
242812;2019-10-16;"quarta-feira";"15:45:00";"RJ";101;399;"ITAGUAI";"Falta de Atenção do Pedestre";"Atropelamento de Pedestre";"Com Vítimas Feridas";"Pleno dia";"Crescente";"Sol";"Dupla";"Reta";"Sim";2;0;1;0;1;0;1;2;-22,85921896;-43,75891497;"SPRF-RJ";"DEL03-RJ";"UOP01-DEL03-RJ"
242813;2019-10-16;"quarta-feira";"15:40:00";"RJ";101;169,6;"MACAE";"Pista Escorregadia";"Tombamento";"Com Vítimas Feridas";"Pleno dia";"Crescente";"Chuva";"Dupla";"Curva";"Não";1;0;0;1;0;0;1;1;-22,35125958;-41,9221205;"SPRF-RJ";"DEL02-RJ";"UOP04-DEL08-RJ"
242814;2019-10-16;"quarta-feira";"14:00:00";"PA";316;31,1;"SANTA IZABEL DO PARA";"Velocidade Incompatível";"Saída de leito carroçável";"Com Vítimas Feridas";"Pleno dia";"Decrescente";"Nublado";"Dupla";"Reta";"Não";1;0;0;1;0;0;1;1;-1,3025866;-48,1965672;"SPRF-PA";"DEL01-PA";"UOP01-DEL01-PA"
242816;2019-10-16;"quarta-feira";"16:00:00";"BA";116;410;"FEIRA DE SANTANA";"Falta de Atenção à Condução";"Colisão lateral";"Com Vítimas Feridas";"Pleno dia";"Decrescente";"Céu Claro";"Simples";"Reta";"Não";3;0;0;2;1;0;2;2;-12,11649901;-38,96846221;"SPRF-BA";"DEL02-BA";"UOP01-DEL02-BA"
242817;2019-10-16;"quarta-feira";"16:20:00";"SP";116;274;"TABOAO DA SERRA";"Velocidade Incompatível";"Capotamento";"Com Vítimas Feridas";"Pleno dia";"Crescente";"Nublado";"Dupla";"Reta";"Sim";1;0;0;1;0;0;1;1;-23,63445084;-46,82418514;"SPRF-SP";"DEL04-SP";"UOP01-DEL04-SP"
242818;2019-10-16;"quarta-feira";"16:40:00";"PE";407;123;"PETROLINA";"Velocidade Incompatível";"Colisão frontal";"Com Vítimas Fatais";"Pleno dia";"Decrescente";"Sol";"Simples";"Reta";"Sim";2;1;0;0;1;0;0;2;-9,36149178;-40,54594462;"SPRF-PE";"DEL06-PE";"UOP01-DEL06-PE"
242819;2019-10-16;"quarta-feira";"16:40:00";"PI";343;18,2;"PARNAIBA";"Animais na Pista";"Atropelamento de Animal";"Com Vítimas Feridas";"Pleno dia";"Decrescente";"Céu Claro";"Simples";"Reta";"Sim";2;0;2;0;0;0;2;1;-2,9651558;-41,75989151;"SPRF-PI";"DEL05-PI";"UOP01-DEL05-PI"
242820;2019-10-16;"quarta-feira";"16:44:00";"PE";101;76,7;"RECIFE";"Falta de Atenção à Condução";"Colisão traseira";"Com Vítimas Feridas";"Plena Noite";"Decrescente";"Nublado";"Dupla";"Reta";"Sim";2;0;1;0;1;0;1;2;-8,11813811;-34,94329214;"SPRF-PE";"DEL01-PE";"UOP01-DEL01-PE"
242822;2019-10-16;"quarta-feira";"16:10:00";"SC";282;48,9;"AGUAS MORNAS";"Pista Escorregadia";"Colisão frontal";"Com Vítimas Fatais";"Pleno dia";"Decrescente";"Garoa/Chuvisco";"Simples";"Aclive;Curva";"Não";7;4;1;1;0;1;2;3;-27,712931;-48,943741;"SPRF-SC";"DEL01-SC";"UOP03-DEL01-SC"
242823;2019-10-16;"quarta-feira";"16:00:00";"MT";364;357;"SANTO ANTONIO DO LEVERGER";"Falta de Atenção à Condução";"Capotamento";"Com Vítimas Feridas";"Pleno dia";"Decrescente";"Céu Claro";"Dupla";"Reta";"Não";3;0;2;1;0;0;3;1;-15,78489984;-55,60855772;"SPRF-MT";"DEL02-MT";"UOP02-DEL01-MT"
242824;2019-10-16;"quarta-feira";"17:20:00";"RN";304;300,2;"MACAIBA";"Falta de Atenção à Condução";"Colisão traseira";"Com Vítimas Feridas";"Plena Noite";"Decrescente";"Céu Claro";"Dupla";"Declive;Reta";"Não";3;0;1;1;1;0;2;2;-5,872865;-35,317811;"SPRF-RN";"DEL01-RN";"UOP02-DEL01-RN"
242827;2019-10-16;"quarta-feira";"15:40:00";"PR";476;207,7;"LAPA";"Condutor Dormindo";"Saída de leito carroçável";"Com Vítimas Feridas";"Pleno dia";"Crescente";"Nublado";"Simples";"Reta;Aclive";"Não";2;0;1;0;1;0;1;1;-25,775969;-49,82312;"SPRF-PR";"DEL02-PR";"UOP04-DEL02-PR"
242829;2019-10-16;"quarta-feira";"16:40:00";"MG";381;507,5;"SAO JOAQUIM DE BICAS";"Falta de Atenção à Condução";"Colisão traseira";"Com Vítimas Feridas";"Pleno dia";"Decrescente";"Céu Claro";"Dupla";"Reta";"Não";2;0;1;0;1;0;1;2;-20,05643192;-44,28663308;"SPRF-MG";"DEL01-MG";"UOP03-DEL01-MG"