"id";"data_inversa";"dia_semana";"horario";"uf";"br";"km";"municipio";"causa_acidente";"tipo_acidente";"classificacao_acidente";"fase_dia";"sentido_via";"condicao_metereologica";"tipo_pista";"tracado_via";"uso_solo";"pessoas";"mortos";"feridos_leves";"feridos_graves";"ilesos";"ignorados";"feridos";"veiculos";"latitude";"longitude";"regional";"delegacia";"uop"
242969;2019-10-17;"quinta-feira";"13:00:00";"ES";262;36;"DOMINGOS MARTINS";"Falta de Atenção à Condução";"Queda de ocupante de veículo";"Com Vítimas Feridas";"Pleno dia";"Crescente";"Céu Claro";"Simples";"Curva";"Não";1;0;1;0;0;0;1;1;-20,3826388;-40,60330291;"SPRF-ES";"DEL01-ES";"UOP01-DEL01-ES"
242970;2019-10-17;"quinta-feira";"13:15:00";"AL";104;74;"MESSIAS";"Falta de Atenção à Condução";"Colisão com objeto estático";"Com Vítimas Fatais";"Pleno dia";"Decrescente";"Céu Claro";"Simples";"Viaduto";"Não";5;1;4;0;0;0;4;1;-9,3682254;-35,83573003;"SPRF-AL";"DEL01-AL";"UOP02-DEL01-AL"
242971;2019-10-17;"quinta-feira";"12:45:00";"MT";163;764;"SORRISO";"Falta de Atenção à Condução";"Colisão frontal";"Com Vítimas Feridas";"Pleno dia";"Decrescente";"Céu Claro";"Simples";"Reta";"Não";13;0;1;0;11;1;1;2;-12,46324459;-55,66950023;"SPRF-MT";"DEL06-MT";"UOP01-DEL06-MT"
242972;2019-10-17;"quinta-feira";"14:19:00";"PB";230;27;"JOAO PESSOA";"Falta de Atenção à Condução";"Saída de leito carroçável";"Sem Vítimas";"Pleno dia";"Crescente";"Sol";"Dupla";"Reta";"Sim";1;0;0;0;1;0;0;1;-7,1677;-34,8855;"SPRF-PB";"DEL01-PB";"UOP01-DEL01-PB"
242974;2019-09-19;"quinta-feira";"20:00:00";"BA";407;10;"JUAZEIRO";"Animais na Pista";"Atropelamento de Animal";"Com Vítimas Feridas";"Plena Noite";"Decrescente";"Céu Claro";"Simples";"Reta";"Não";4;0;2;2;0;0;4;1;-9,50307457;-40,4643631;"SPRF-BA";"DEL04-BA";"UOP01-DEL04-BA"
242976;2019-10-17;"quinta-feira";"13:45:00";"MG";116;767,8;"LEOPOLDINA";"Pista Escorregadia";"Queda de ocupante de veículo";"Com Vítimas Feridas";"Pleno dia";"Decrescente";"Céu Claro";"Simples";"Curva";"Não";2;0;2;0;0;0;2;1;-21,5356551;-42,65610863;"SPRF-MG";"DEL07-MG";"UOP01-DEL07-MG"
242978;2019-09-15;"domingo";"11:00:00";"MT";70;280;"PRIMAVERA DO LESTE";"Falta de Atenção à Condução";"Colisão lateral";"Com Vítimas Feridas";"Pleno dia";"Crescente";"Céu Claro";"Simples";"Reta";"Sim";2;0;1;0;1;0;1;2;-15,5628096;-54,2970162;"SPRF-MT";"DEL05-MT";"UOP01-DEL05-MT"
242979;2019-10-17;"quinta-feira";"14:17:00";"RN";101;123,9;"SAO JOSE DE MIPIBU";"Desobediência às normas de trânsito pelo condutor";"Colisão frontal";"Com Vítimas Feridas";"Pleno dia";"Decrescente";"Céu Claro";"Simples";"Retorno Regulamentado";"Sim";3;0;2;0;1;0;2;2;-6,06166101;-35,24094602;"SPRF-RN";"DEL01-RN";"UOP01-DEL01-RN"
242980;2019-10-17;"quinta-feira";"12:00:00";"MG";381;233,1;"BELO ORIENTE";"Ultrapassagem Indevida";"Colisão frontal";"Com Vítimas Feridas";"Pleno dia";"Crescente";"Céu Claro";"Simples";"Curva";"Não";3;0;1;2;0;0;3;2;-19,37236068;-42,4590332;"SPRF-MG";"DEL06-MG";"UOP01-DEL06-MG"
242982;2019-10-17;"quinta-feira";"06:30:00";"GO";40;1,2;"VALPARAISO DE GOIAS";"Falta de Atenção à Condução";"Colisão traseira";"Com Vítimas Feridas";"Pleno dia";"Decrescente";"Céu Claro";"Dupla";"Reta";"Sim";2;0;1;0;1;0;1;2;-16,0612541;-47,9830556;"SPRF-DF";"DEL01-DF";"UOP01-DEL01-DF"
242983;2019-10-17;"quinta-feira";"15:00:00";"RS";472;159,3;"SANTA ROSA";"Falta de Atenção à Condução";"Saída de leito carroçável";"Com Vítimas Feridas";"Pleno dia";"Decrescente";"Nublado";"Simples";"Curva";"Não";3;0;2;1;0;0;3;1;-27,85968014;-54,41976786;"SPRF-RS";"DEL10-RS";"UOP01-DEL10-RS"
242984;2019-10-17;"quinta-feira";"14:00:00";"RS";392;287;"SAO SEPE";"Velocidade Incompatível";"Saída de leito carroçável";"Com Vítimas Feridas";"Pleno dia";"Crescente";"Chuva";"Simples";"Reta";"Não";2;0;0;2;0;0;2;1;-30,24669485;-53,5453999;"SPRF-RS";"DEL09-RS";"UOP02-DEL09-RS"
242985;2019-10-17;"quinta-feira";"14:50:00";"BA";116;758;"POCOES";"Desobediência às normas de trânsito pelo condutor";"Colisão traseira";"Com Vítimas Feridas";"Pleno dia";"Crescente";"Céu Claro";"Simples";"Reta";"Não";2;0;0;1;1;0;1;2;-14,48268504;-40,33737489;"SPRF-BA";"DEL08-BA";"UOP02-DEL08-BA"
242986;2019-10-17;"quinta-feira";"15:39:00";"PB";230;396;"SAO BENTINHO";"Ultrapassagem Indevida";"Saída de leito carroçável";"Com Vítimas Feridas";"Pleno dia";"Crescente";"Céu Claro";"Simples";"Reta";"Não";1;0;1;0;0;0;1;1;-6,8525;-37,7424;"SPRF-PB";"DEL03-PB";"UOP02-DEL03-PB"
242988;2019-10-17;"quinta-feira";"15:40:00";"DF";70;10,7;"BRASILIA";"Pista Escorregadia";"Queda de ocupante de veículo";"Com Vítimas Feridas";"Pleno dia";"Crescente";"Céu Claro";"Dupla";"Retorno Regulamentado";"Sim";2;0;2;0;0;0;2;1;-15,787066;-48,140709;"SPRF-DF";"DEL01-DF";"UOP02-DEL03-DF"
242989;2019-10-17;"quinta-feira";"15:45:00";"SC";280;56;"GUARAMIRIM";"Falta de Atenção à Condução";"Colisão frontal";"Com Vítimas Feridas";"Pleno dia";"Decrescente";"Nublado";"Simples";"Reta";"Sim";2;0;0;1;1;0;1;2;-26,47947677;-49,00298702;"SPRF-SC";"DEL03-SC";"UOP03-DEL03-SC"
242990;2019-10-17;"quinta-feira";"15:30:00";"MG";40;344;"FELIXLANDIA";"Defeito Mecânico no Veículo";"Incêndio";"Sem Vítimas";"Pleno dia";"Crescente";"Céu Claro";"Simples";"Reta";"Não";1;0;0;0;1;0;0;1;-18,69131584;-44,98242091;"SPRF-MG";"DEL02-MG";"UOP01-DEL02-MG"
242991;2019-10-17;"quinta-feira";"14:00:00";"RS";392;265;"CACAPAVA DO SUL";"Pista Escorregadia";"Saída de leito carroçável";"Com Vítimas Feridas";"Pleno dia";"Crescente";"Chuva";"Simples";"Curva";"Não";2;0;2;0;0;0;2;1;-30,434884;-53,50004801;"SPRF-RS";"DEL09-RS";"UOP02-DEL09-RS"
242992;2019-10-17;"quinta-feira";"14:00:00";"RS";290;343,6;"SAO SEPE";"Falta de Atenção à Condução";"Saída de leito carroçável";"Com Vítimas Feridas";"Pleno dia";"Decrescente";"Chuva";"Simples";"Reta";"Não";2;0;2;0;0;0;2;1;-30,367035;-53,606186;"SPRF-RS";"DEL09-RS";"UOP02-DEL09-RS"
242993;2019-10-17;"quinta-feira";"16:10:00";"PA";316;54,1;"CASTANHAL";"Pista Escorregadia";"Saída de leito carroçável";"Com Vítimas Feridas";"Pleno dia";"Crescente";"Chuva";"Dupla";"Curva";"Não";1;0;1;0;0;0;1;1;-1,30691638;-48,00287247;"SPRF-PA";"DEL01-PA";"UOP01-DEL01-PA"
242994;2019-10-17;"quinta-feira";"16:30:00";"MG";40;715,9;"BARBACENA";"Velocidade Incompatível";"Saída de leito carroçável";"Com Vítimas Feridas";"Pleno dia";"Decrescente";"Nublado";"Simples";"Interseção de Vias;Curva";"Não";1;0;1;0;0;0;1;1;-21,25161698;-43,67181701;"SPRF-MG";"DEL05-MG";"UOP01-DEL05-MG"
242995;2019-06-11;"terça-feira";"13:20:00";"MG";116;418,7;"GOVERNADOR VALADARES";"Falta de Atenção à Condução";"Queda de ocupante de veículo";"Com Vítimas Feridas";"Pleno dia";"Decrescente";"Céu Claro";"Simples";"Reta";"Sim";1;0;1;0;0;0;1;1;-18,91059296;-41,94156567;"SPRF-MG";"DEL06-MG";"UOP01-DEL06-MG"
242996;2019-10-17;"quinta-feira";"16:05:00";"GO";40;7;"LUZIANIA";"Desobediência às normas de trânsito pelo condutor";"Colisão transversal";"Com Vítimas Feridas";"Pleno dia";"Decrescente";"Céu Claro";"Dupla";"Reta";"Sim";2;0;1;0;1;0;1;2;-16,108482;-47,972524;"SPRF-DF";"DEL01-DF";"UOP01-DEL01-DF"
242997;2019-09-14;"sábado";"19:00:00";"RO";174;15;"VILHENA";"Falta de Atenção à Condução";"Colisão frontal";"Com Vítimas Feridas";"Plena Noite";"Decrescente";"Céu Claro";"Simples";"Reta";"Sim";2;0;2;0;0;0;2;2;-12,723321;-60,12801;"SPRF-RO";"DEL04-RO";"UOP01-DEL04-RO"
242998;2019-10-17;"quinta-feira";"15:50:00";"GO";60;99;"ANAPOLIS";"Defeito Mecânico no Veículo";"Colisão com objeto estático";"Com Vítimas Feridas";"Pleno dia";"Crescente";"Céu Claro";"Dupla";"Reta";"Sim";3;0;3;0;0;0;3;2;-16,3924;-48,9588;"SPRF-GO";"DEL02-GO";"UOP01-DEL02-GO"
242999;2019-10-17;"quinta-feira";"15:12:00";"PR";376;175,7;"MARINGA";"Desobediência às normas de trânsito pelo condutor";"Colisão lateral";"Com Vítimas Feridas";"Pleno dia";"Decrescente";"Céu Claro";"Múltipla";"Reta";"Sim";2;0;1;0;1;0;1;2;-23,4113569;-51,9407767;"SPRF-PR";"DEL07-PR";"UOP01-DEL09-PR"
243002;2019-09-27;"sexta-feira";"08:30:00";"MG";381;198,2;"PERIQUITO";"Falta de Atenção à Condução";"Saída de leito carroçável";"Com Vítimas Feridas";"Pleno dia";"Crescente";"Chuva";"Simples";"Curva";"Não";3;0;3;0;0;0;3;2;-19,16031732;-42,23896076;"SPRF-MG";"DEL06-MG";"UOP01-DEL06-MG"
243004;2019-10-17;"quinta-feira";"16:50:00";"PR";376;78;"GUAIRACA";"Ultrapassagem Indevida";"Saída de leito carroçável";"Com Vítimas Feridas";"Pleno dia";"Decrescente";"Céu Claro";"Simples";"Reta";"Não";2;0;0;2;0;0;2;1;-22,95697439;-52,66854195;"SPRF-PR";"DEL07-PR";"UOP02-DEL09-PR"
243008;2019-10-17;"quinta-feira";"16:40:00";"PE";232;6,9;"RECIFE";"Restrição de Visibilidade";"Tombamento";"Com Vítimas Feridas";"Anoitecer";"Decrescente";"Céu Claro";"Dupla";"Reta";"Sim";2;0;1;0;1;0;1;2;-8,07079525;-34,9535389;"SPRF-PE";"DEL01-PE";"UOP01-DEL01-PE"
243010;2019-10-17;"quinta-feira";"16:30:00";"DF";60;3;"BRASILIA";"Falta de Atenção à Condução";"Colisão transversal";"Sem Vítimas";"Pleno dia";"Crescente";"Céu Claro";"Dupla";"Reta";"Sim";3;0;0;0;3;0;0;2;-15,890521;-48,086864;"SPRF-DF";"DEL01-DF";"UOP01-DEL03-DF"
243011;2019-10-17;"quinta-feira";"17:30:00";"DF";70;16,1;"BRASILIA";"Falta de Atenção à Condução";"Colisão transversal";"Com Vítimas Feridas";"Pleno dia";"Decrescente";"Céu Claro";"Dupla";"Rotatória";"Sim";2;0;1;0;1;0;1;2;-15,796144;-48,194225;"SPRF-DF";"DEL01-DF";"UOP02-DEL03-DF"
243013;2019-10-17;"quinta-feira";"16:30:00";"CE";20;429,5;"FORTALEZA";"Não guardar distância de segurança";"Colisão traseira";"Com Vítimas Feridas";"Pleno dia";"Crescente";"Céu Claro";"Dupla";"Aclive";"Sim";2;0;1;0;1;0;1;2;-3,76999035;-38,67006282;"SPRF-CE";"DEL01-CE";"UOP02-DEL01-CE"
243014;2019-10-17;"quinta-feira";"17:35:00";"DF";20;6,7;"BRASILIA";"Desobediência às normas de trânsito pelo condutor";"Colisão lateral";"Com Vítimas Feridas";"Pleno dia";"Decrescente";"Céu Claro";"Dupla";"Declive";"Sim";2;0;1;0;1;0;1;2;-15,66287021;-47,80200183;"SPRF-DF";"DEL02-DF";"UOP01-DEL02-DF"
243015;2019-10-17;"quinta-feira";"18:10:00";"PB";230;26;"JOAO PESSOA";"Desobediência às normas de trânsito pelo condutor";"Colisão lateral";"Com Vítimas Feridas";"Plena Noite";"Crescente";"Céu Claro";"Dupla";"Interseção de Vias";"Sim";2;0;2;0;0;0;2;2;-7,1693;-34,8782;"SPRF-PB";"DEL01-PB";"UOP01-DEL01-PB"
243016;2019-10-17;"quinta-feira";"17:00:00";"BA";116;826;"VITORIA DA CONQUISTA";"Falta de Atenção à Condução";"Colisão lateral";"Com Vítimas Feridas";"Anoitecer";"Decrescente";"Céu Claro";"Múltipla";"Reta";"Sim";3;0;1;0;2;0;1;2;-14,88002;-40,85531;"SPRF-BA";"DEL08-BA";"UOP01-DEL08-BA"
243017;2019-10-17;"quinta-feira";"18:20:00";"PR";277;299;"PRUDENTOPOLIS";"Falta de Atenção à Condução";"Colisão transversal";"Com Vítimas Feridas";"Anoitecer";"Crescente";"Nublado";"Simples";"Reta";"Não";3;0;0;1;2;0;1;2;-25,3142531;-51,08912399;"SPRF-PR";"DEL03-PR";"UOP01-DEL08-PR"
243018;2019-10-17;"quinta-feira";"19:40:00";"MG";153;172,4;"COMENDADOR GOMES";"Falta de Atenção à Condução";"Saída de leito carroçável";"Com Vítimas Feridas";"Plena Noite";"Decrescente";"Ignorado";"Simples";"Interseção de Vias";"Não";3;0;3;0;0;0;3;1;-19,73091695;-48,97320986;"SPRF-MG";"DEL13-MG";"UOP02-DEL13-MG"
243019;2019-10-17;"quinta-feira";"19:10:00";"PI";316;41,7;"LAGOA DO PIAUI";"Falta de Atenção à Condução";"Colisão traseira";"Com Vítimas Feridas";"Plena Noite";"Crescente";"Céu Claro";"Simples";"Reta";"Não";2;0;0;1;1;0;1;2;-5,41130487;-42,64513384;"SPRF-PI";"DEL01-PI";"UOP02-DEL01-PI"
243020;2019-10-17;"quinta-feira";"19:40:00";"ES";101;80;"SAO MATEUS";"Restrição de Visibilidade";"Colisão traseira";"Com Vítimas Feridas";"Plena Noite";"Decrescente";"Céu Claro";"Múltipla";"Declive";"Não";2;0;1;0;1;0;1;2;-18,8222386;-39,907284;"SPRF-ES";"DEL04-ES";"UOP02-DEL04-ES"
243021;2019-10-17;"quinta-feira";"18:25:00";"CE";116;13;"FORTALEZA";"Falta de Atenção à Condução";"Colisão com objeto estático";"Sem Vítimas";"Anoitecer";"Crescente";"Céu Claro";"Dupla";"Reta";"Sim";1;0;0;0;1;0;0;1;-3,86088501;-38,49715296;"SPRF-CE";"DEL01-CE";"UOP02-DEL01-CE"
243022;2019-10-17;"quinta-feira";"17:40:00";"MG";50;179;"UBERABA";"Falta de Atenção à Condução";"Tombamento";"Com Vítimas Feridas";"Pleno dia";"Decrescente";"Céu Claro";"Dupla";"Em Obras";"Não";1;0;1;0;0;0;1;1;-19,77827047;-47,93140998;"SPRF-MG";"DEL13-MG";"UOP01-DEL13-MG"
243023;2019-10-17;"quinta-feira";"21:50:00";"PB";230;13,6;"CABEDELO";"Falta de Atenção à Condução";"Tombamento";"Com Vítimas Feridas";"Plena Noite";"Crescente";"Chuva";"Dupla";"Reta";"Sim";1;0;1;0;0;0;1;1;-7,08671707;-34,84869903;"SPRF-PB";"DEL01-PB";"UOP01-DEL01-PB"
243024;2019-10-17;"quinta-feira";"19:10:00";"SP";153;257,3;"MARILIA";"Ingestão de Álcool";"Queda de ocupante de veículo";"Com Vítimas Feridas";"Plena Noite";"Decrescente";"Céu Claro";"Simples";"Rotatória";"Sim";1;0;0;1;0;0;1;1;-22,23982103;-49,91965379;"SPRF-SP";"DEL07-SP";"UOP02-DEL07-SP"
243026;2019-10-17;"quinta-feira";"18:30:00";"PR";153;321,3;"IMBITUVA";"Velocidade Incompatível";"Capotamento";"Com Vítimas Feridas";"Anoitecer";"Crescente";"Céu Claro";"Simples";"Aclive";"Não";1;0;1;0;0;0;1;1;-25,3800171;-50,62271438;"SPRF-PR";"DEL03-PR";"UOP02-DEL08-PR"
243027;2019-10-17;"quinta-feira";"18:50:00";"PB";230;291;"SANTA LUZIA";"Falta de Atenção à Condução";"Colisão transversal";"Com Vítimas Feridas";"Plena Noite";"Crescente";"Céu Claro";"Simples";"Reta";"Sim";2;0;0;1;1;0;1;2;-6,8691;-36,9142;"SPRF-PB";"DEL03-PB";"UOP01-DEL03-PB"
243029;2019-10-17;"quinta-feira";"21:00:00";"PR";277;290,2;"PRUDENTOPOLIS";"Falta de Atenção à Condução";"Colisão transversal";"Com Vítimas Fatais";"Plena Noite";"Crescente";"Céu Claro";"Simples";"Reta";"Não";2;1;0;0;1;0;0;2;-25,31633695;-51,00333202;"SPRF-PR";"DEL03-PR";"UOP02-DEL08-PR"
243030;2019-10-17;"quinta-feira";"17:00:00";"ES";262;2,2;"CARIACICA";"Animais na Pista";"Atropelamento de Animal";"Com Vítimas Feridas";"Pleno dia";"Crescente";"Céu Claro";"Dupla";"Reta";"Sim";1;0;1;0;0;0;1;1;-20,33275688;-40,36077696;"SPRF-ES";"DEL01-ES";"UOP01-DEL01-ES"
243032;2019-10-17;"quinta-feira";"18:20:00";"MG";251;481,7;"FRANCISCO SA";"Ingestão de Álcool";"Colisão frontal";"Com Vítimas Feridas";"Plena Noite";"Decrescente";"Céu Claro";"Simples";"Reta";"Não";2;0;1;0;1;0;1;2;-16,48846512;-43,5126989;"SPRF-MG";"DEL12-MG";"UOP01-DEL12-MG"
243033;2019-10-17;"quinta-feira";"18:45:00";"SC";280;23,6;"ARAQUARI";"Ingestão de Álcool";"Colisão traseira";"Sem Vítimas";"Anoitecer";"Crescente";"Céu Claro";"Simples";"Reta";"Sim";2;0;0;0;2;0;0;2;-26,37146;-48,711887;"SPRF-SC";"DEL03-SC";"UOP03-DEL03-SC"
243034;2019-10-17;"quinta-feira";"19:20:00";"RJ";101;68;"CAMPOS DOS GOYTACAZES";"Não guardar distância de segurança";"Engavetamento";"Com Vítimas Feridas";"Plena Noite";"Decrescente";"Céu Claro";"Simples";"Reta";"Não";7;0;4;0;3;0;4;4;-21,77186768;-41,35705017;"SPRF-RJ";"DEL08-RJ";"UOP02-DEL08-RJ"
243035;2019-10-17;"quinta-feira";"20:15:00";"SC";101;334;"TUBARAO";"Desobediência às normas de trânsito pelo condutor";"Colisão transversal";"Com Vítimas Feridas";"Plena Noite";"Decrescente";"Chuva";"Simples";"Interseção de Vias";"Sim";2;0;1;0;1;0;1;2;-28,46730446;-49,00604302;"SPRF-SC";"DEL02-SC";"UOP01-DEL02-SC"
243036;2019-10-17;"quinta-feira";"20:00:00";"RN";101;105,8;"PARNAMIRIM";"Falta de Atenção à Condução";"Colisão lateral";"Com Vítimas Feridas";"Plena Noite";"Crescente";"Chuva";"Simples";"Interseção de Vias";"Sim";2;0;1;0;1;0;1;2;-5,90165196;-35,25928517;"SPRF-RN";"DEL01-RN";"UOP01-DEL01-RN"
243037;2019-10-17;"quinta-feira";"17:40:00";"MG";381;296;"ANTONIO DIAS";"Falta de Atenção à Condução";"Queda de ocupante de veículo";"Com Vítimas Feridas";"Anoitecer";"Decrescente";"Céu Claro";"Simples";"Reta";"Não";1;0;1;0;0;0;1;1;-19,62698434;-42,8708198;"SPRF-MG";"DEL03-MG";"UOP02-DEL03-MG"
243040;2019-10-17;"quinta-feira";"21:40:00";"DF";251;33,8;"BRASILIA";"Ingestão de Álcool";"Atropelamento de Pedestre";"Com Vítimas Feridas";"Plena Noite";"Decrescente";"Céu Claro";"Simples";"Reta";"Não";2;0;1;0;0;1;1;2;-15,937679;-47,748878;"SPRF-DF";"DEL01-DF";"UOP01-DEL01-DF"
243041;2019-10-17;"quinta-feira";"21:00:00";"ES";101;1,1;"VITORIA";"Falta de Atenção à Condução";"Tombamento";"Com Vítimas Feridas";"Plena Noite";"Decrescente";"Céu Claro";"Dupla";"Reta";"Sim";1;0;0;1;0;0;1;1;-20,24220881;-40,28064989;"SPRF-ES";"DEL02-ES";"UOP01-DEL02-ES"
243042;2019-10-17;"quinta-feira";"21:50:00";"PB";230;13,1;"CABEDELO";"Pista Escorregadia";"Colisão com objeto estático";"Com Vítimas Feridas";"Plena Noite";"Crescente";"Nublado";"Dupla";"Retorno Regulamentado";"Não";1;0;1;0;0;0;1;1;-7,0772;-34,8494;"SPRF-PB";"DEL01-PB";"UOP01-DEL01-PB"
243043;2019-10-17;"quinta-feira";"22:40:00";"PR";369;147,3;"LONDRINA";"Ingestão de Álcool";"Colisão transversal";"Com Vítimas Feridas";"Plena Noite";"Crescente";"Céu Claro";"Dupla";"Interseção de Vias";"Sim";2;0;1;0;0;1;1;2;-23,29320539;-51,13446414;"SPRF-PR";"DEL07-PR";"UOP01-DEL07-PR"
243044;2019-10-17;"quinta-feira";"20:30:00";"PE";232;47;"VITORIA DE SANTO ANTAO";"Falta de Atenção à Condução";"Capotamento";"Com Vítimas Feridas";"Plena Noite";"Crescente";"Céu Claro";"Dupla";"Reta";"Sim";2;0;1;0;1;0;1;2;-8,13769724;-35,29733789;"SPRF-PE";"DEL01-PE";"UOP02-DEL02PE"
243045;2019-10-17;"quinta-feira";"20:25:00";"SP";153;169,7;"GUAICARA";"Ingestão de Álcool";"Saída de leito carroçável";"Sem Vítimas";"Plena Noite";"Decrescente";"Céu Claro";"Simples";"Reta";"Não";1;0;0;0;1;0;0;1;-21,58824202;-49,78449249;"SPRF-SP";"DEL07-SP";"UOP01-DEL07-SP"
243046;2019-10-17;"quinta-feira";"23:00:00";"RJ";116;164;"RIO DE JANEIRO";"Falta de Atenção à Condução";"Colisão com objeto estático";"Com Vítimas Feridas";"Plena Noite";"Decrescente";"Nublado";"Múltipla";"Curva";"Sim";1;0;1;0;0;0;1;1;-22,81074068;-43,28844363;"SPRF-RJ";"DEL01-RJ";"UOP01-DEL01-RJ"
243047;2019-10-10;"quinta-feira";"07:15:00";"ES";262;167;"IBATIBA";"Falta de Atenção à Condução";"Saída de leito carroçável";"Com Vítimas Feridas";"Amanhecer";"Decrescente";"Chuva";"Simples";"Curva";"Não";6;0;5;0;1;0;5;1;-20,2531047;-41,56633803;"SPRF-ES";"DEL01-ES";"UOP02-DEL01-ES"
243049;2019-10-17;"quinta-feira";"20:10:00";"SC";101;213,5;"PALHOCA";"Objeto estático sobre o leito carroçável";"Colisão traseira";"Com Vítimas Feridas";"Plena Noite";"Crescente";"Chuva";"Múltipla";"Reta";"Sim";2;0;1;0;1;0;1;2;-27,63697369;-48,66514142;"SPRF-SC";"DEL01-SC";"UOP02-DEL01-SC"
243050;2019-10-17;"quinta-feira";"14:20:00";"SC";101;413,3;"ARARANGUA";"Condutor Dormindo";"Saída de leito carroçável";"Com Vítimas Feridas";"Pleno dia";"Decrescente";"Chuva";"Dupla";"Reta";"Não";2;0;2;0;0;0;2;1;-28,95317942;-49,53014374;"SPRF-SC";"DEL02-SC";"UOP02-DEL02-SC"
243051;2019-10-17;"quinta-feira";"20:50:00";"SC";101;229,3;"PALHOCA";"Velocidade Incompatível";"Colisão com objeto estático";"Com Vítimas Feridas";"Plena Noite";"Decrescente";"Chuva";"Dupla";"Reta";"Não";2;0;1;1;0;0;2;1;-27,7711202;-48,63332603;"SPRF-SC";"DEL01-SC";"UOP02-DEL01-SC"
243052;2019-10-17;"quinta-feira";"18:45:00";"PR";277;74;"SAO JOSE DOS PINHAIS";"Falta de Atenção à Condução";"Colisão transversal";"Com Vítimas Feridas";"Plena Noite";"Decrescente";"Nublado";"Simples";"Interseção de Vias";"Sim";2;0;1;0;1;0;1;2;-25,51726115;-49,11540707;"SPRF-PR";"DEL01-PR";"UOP01-DEL01-PR"
243053;2019-10-17;"quinta-feira";"21:30:00";"PR";476;115;"COLOMBO";"Desobediência às normas de trânsito pelo condutor";"Colisão traseira";"Com Vítimas Feridas";"Plena Noite";"Decrescente";"Nublado";"Simples";"Reta";"Sim";2;0;1;0;1;0;1;2;-25,344196;-49,159679;"SPRF-PR";"DEL01-PR";"UOP07-DEL01-PR"
243054;2019-10-17;"quinta-feira";"16:45:00";"SC";480;123;"CHAPECO";"Falta de Atenção à Condução";"Saída de leito carroçável";"Com Vítimas Feridas";"Pleno dia";"Crescente";"Céu Claro";"Simples";"Curva;Viaduto";"Sim";1;0;1;0;0;0;1;1;-26,99926665;-52,64629316;"SPRF-SC";"DEL07-SC";"UOP01-DEL07-SC"
243055;2019-10-17;"quinta-feira";"18:30:00";"RJ";101;44;"CAMPOS DOS GOYTACAZES";"Ultrapassagem Indevida";"Colisão frontal";"Com Vítimas Feridas";"Anoitecer";"Decrescente";"Céu Claro";"Simples";"Reta";"Não";3;0;2;0;0;1;2;2;-21,58105081;-41,32049278;"SPRF-RJ";"DEL08-RJ";"UOP01-DEL08-RJ"
243057;2019-10-17;"quinta-feira";"19:30:00";"RO";364;703;"PORTO VELHO";"Falta de Atenção à Condução";"Colisão traseira";"Com Vítimas Feridas";"Plena Noite";"Crescente";"Céu Claro";"Dupla";"Retorno Regulamentado";"Sim";2;0;1;0;1;0;1;2;-8,80021394;-63,79718011;"SPRF-RO";"DEL01-RO";"UOP01-DEL01-RO"
243058;2019-10-17;"quinta-feira";"19:15:00";"AC";364;168,9;"BUJARI";"Defeito na Via";"Saída de leito carroçável";"Com Vítimas Feridas";"Plena Noite";"Decrescente";"Céu Claro";"Simples";"Reta";"Não";3;0;1;2;0;0;3;1;-9,77647958;-68,04125373;"SPRF-AC";"DEL01-AC";"UOP01-DEL01-AC"
243059;2019-10-17;"quinta-feira";"14:15:00";"AC";364;189,5;"BUJARI";"Defeito na Via";"Saída de leito carroçável";"Com Vítimas Feridas";"Pleno dia";"Decrescente";"Céu Claro";"Simples";"Aclive";"Não";3;0;1;1;0;1;2;2;-9,66583795;-68,19660694;"SPRF-AC";"DEL01-AC";"UOP01-DEL01-AC"
243060;2019-10-17;"quinta-feira";"23:50:00";"SP";116;214;"GUARULHOS";"Defeito Mecânico no Veículo";"Colisão traseira";"Com Vítimas Feridas";"Plena Noite";"Decrescente";"Nublado";"Múltipla";"Reta";"Sim";4;0;0;1;2;1;1;2;-23,31388271;-46,40007019;"SPRF-SP";"DEL01-SP";"UOP01-DEL01-SP"
243061;2019-10-18;"sexta-feira";"00:00:00";"MG";459;105,8;"POUSO ALEGRE";"Velocidade Incompatível";"Saída de leito carroçável";"Com Vítimas Feridas";"Plena Noite";"Crescente";"Céu Claro";"Dupla";"Rotatória";"Sim";1;0;1;0;0;0;1;1;-22,227884;-45,903973;"SPRF-MG";"DEL16-MG";"UOP01-DEL16-MG"
243065;2019-10-17;"quinta-feira";"18:45:00";"RS";470;242;"BARAO";"Velocidade Incompatível";"Colisão frontal";"Com Vítimas Feridas";"Plena Noite";"Decrescente";"Chuva";"Simples";"Declive;Curva";"Não";3;0;1;2;0;0;3;2;-29,352794;-51,51331011;"SPRF-RS";"DEL06-RS";"UOP01-DEL06-RS"
243066;2019-10-18;"sexta-feira";"00:30:00";"RS";470;187;"VERANOPOLIS";"Ingestão de Álcool";"Saída de leito carroçável";"Com Vítimas Feridas";"Plena Noite";"Decrescente";"Chuva";"Simples";"Aclive;Reta";"Não";1;0;1;0;0;0;1;1;-29,00278514;-51,55245716;"SPRF-RS";"DEL06-RS";"UOP02-DEL06-RS"
243069;2019-10-18;"sexta-feira";"01:00:00";"BA";242;709;"CRISTOPOLIS";"Ingestão de Álcool";"Colisão frontal";"Com Vítimas Feridas";"Plena Noite";"Crescente";"Céu Claro";"Simples";"Reta";"Não";2;0;0;1;1;0;1;2;-12,22263875;-44,078568;"SPRF-BA";"DEL10-BA";"UOP01-DEL10-BA"