"id";"data_inversa";"dia_semana";"horario";"uf";"br";"km";"municipio";"causa_acidente";"tipo_acidente";"classificacao_acidente";"fase_dia";"sentido_via";"condicao_metereologica";"tipo_pista";"tracado_via";"uso_solo";"pessoas";"mortos";"feridos_leves";"feridos_graves";"ilesos";"ignorados";"feridos";"veiculos";"latitude";"longitude";"regional";"delegacia";"uop"
243070;2019-10-18;"sexta-feira";"00:15:00";"RS";153;48,3;"ERECHIM";"Desobediência às normas de trânsito pelo condutor";"Danos eventuais";"Sem Vítimas";"Plena Noite";"Crescente";"Nevoeiro/Neblina";"Simples";"Reta";"Sim";2;0;0;0;1;1;0;1;-27,65118001;-52,257248;"SPRF-RS";"DEL08-RS";"UOP04-DEL08-RS"
243071;2019-10-17;"quinta-feira";"23:55:00";"GO";153;390,8;"PIRENOPOLIS";"Defeito Mecânico no Veículo";"Incêndio";"Sem Vítimas";"Plena Noite";"Decrescente";"Céu Claro";"Simples";"Reta";"Não";19;0;0;0;19;0;0;1;-15,974665;-49,166832;"SPRF-GO";"DEL02-GO";"UOP02-DEL02-GO"
243072;2019-10-18;"sexta-feira";"01:25:00";"RS";116;247;"SAO LEOPOLDO";"Velocidade Incompatível";"Colisão com objeto estático";"Sem Vítimas";"Plena Noite";"Crescente";"Garoa/Chuvisco";"Dupla";"Curva";"Sim";1;0;0;0;1;0;0;1;-29,76733091;-51,1535296;"SPRF-RS";"DEL01-RS";"UOP02-DEL01-RS"
243075;2019-09-30;"segunda-feira";"19:00:00";"RS";290;148;"ARROIO DOS RATOS";"Ingestão de Álcool";"Colisão traseira";"Com Vítimas Feridas";"Plena Noite";"Crescente";"Céu Claro";"Simples";"Reta";"Não";2;0;1;0;1;0;1;2;-30,107178;-51,686199;"SPRF-RS";"DEL02-RS";"UOP01-DEL02-RS"
243078;2019-10-18;"sexta-feira";"02:45:00";"PR";369;46,6;"BANDEIRANTES";"Ingestão de Álcool";"Colisão com objeto estático";"Com Vítimas Feridas";"Plena Noite";"Decrescente";"Nublado";"Simples";"Reta";"Sim";4;0;2;2;0;0;4;1;-23,118952;-50,376612;"SPRF-PR";"DEL07-PR";"UOP05-DEL07-PR"
243079;2019-10-17;"quinta-feira";"19:00:00";"RO";364;344;"JI-PARANA";"Desobediência às normas de trânsito pelo condutor";"Colisão transversal";"Com Vítimas Feridas";"Plena Noite";"Decrescente";"Céu Claro";"Múltipla";"Interseção de Vias";"Sim";2;0;1;1;0;0;2;2;-10,87376391;-61,95256893;"SPRF-RO";"DEL02-RO";"UOP01-DEL02-RO"
243081;2019-10-18;"sexta-feira";"02:15:00";"PB";230;103,5;"INGA";"Desobediência às normas de trânsito pelo condutor";"Saída de leito carroçável";"Com Vítimas Feridas";"Plena Noite";"Crescente";"Chuva";"Dupla";"Reta";"Não";1;0;0;1;0;0;1;1;-7,2042;-35,5058;"SPRF-PB";"DEL01-PB";"UOP03-DEL01-PB"
243083;2019-10-17;"quinta-feira";"16:40:00";"SC";101;250,5;"PAULO LOPES";"Falta de Atenção do Pedestre";"Atropelamento de Pedestre";"Com Vítimas Feridas";"Pleno dia";"Decrescente";"Nublado";"Dupla";"Reta";"Não";2;0;0;1;1;0;1;2;-27,94186028;-48,66644267;"SPRF-SC";"DEL02-SC";"UOP03-DEL02-SC"
243084;2019-10-18;"sexta-feira";"03:40:00";"MG";262;456,9;"NOVA SERRANA";"Ingestão de Álcool";"Saída de leito carroçável";"Sem Vítimas";"Plena Noite";"Decrescente";"Nublado";"Simples";"Reta";"Não";5;0;0;0;5;0;0;1;-19,84401343;-45,04068778;"SPRF-MG";"DEL08-MG";"UOP03-DEL08-MG"
243085;2019-10-17;"quinta-feira";"18:40:00";"MA";316;549,4;"CAXIAS";"Restrição de Visibilidade";"Colisão transversal";"Com Vítimas Feridas";"Plena Noite";"Decrescente";"Céu Claro";"Simples";"Reta";"Sim";3;0;0;1;2;0;1;2;-4,887895;-43,371475;"SPRF-MA";"DEL03-MA";"UOP02-DEL03-MA"
243087;2019-10-18;"sexta-feira";"04:00:00";"PR";163;345;"GUAIRA";"Desobediência às normas de trânsito pelo condutor";"Colisão transversal";"Com Vítimas Feridas";"Plena Noite";"Crescente";"Céu Claro";"Simples";"Reta";"Sim";1;0;0;1;0;0;1;1;-24,10853013;-54,23900398;"SPRF-PR";"DEL06-PR";"UOP01-DEL06-PR"
243089;2019-10-17;"quinta-feira";"18:20:00";"GO";153;593,7;"PIRACANJUBA";"Condutor Dormindo";"Saída de leito carroçável";"Com Vítimas Feridas";"Plena Noite";"Crescente";"Céu Claro";"Dupla";"Declive";"Não";1;0;1;0;0;0;1;1;-17,4915;-49,2125;"SPRF-GO";"DEL03-GO";"UOP01-DEL03-GO"
243091;2019-10-17;"quinta-feira";"17:00:00";"GO";60;116,2;"TEREZOPOLIS DE GOIAS";"Velocidade Incompatível";"Capotamento";"Com Vítimas Feridas";"Pleno dia";"Decrescente";"Céu Claro";"Dupla";"Reta";"Não";1;0;1;0;0;0;1;1;-16,4732;-49,0789;"SPRF-GO";"DEL01-GO";"UOP01-DEL01-GO"
243095;2019-10-17;"quinta-feira";"18:16:00";"PA";163;1002;"SANTAREM";"Falta de Atenção à Condução";"Colisão transversal";"Com Vítimas Feridas";"Pleno dia";"Crescente";"Céu Claro";"Simples";"Reta";"Sim";3;0;3;0;0;0;3;2;-2,44969315;-54,72994035;"SPRF-PA";"DEL05-PA";"UOP01-DEL05-PA"
243096;2019-10-17;"quinta-feira";"16:20:00";"MG";116;470;"TARUMIRIM";"Falta de Atenção à Condução";"Colisão frontal";"Com Vítimas Feridas";"Pleno dia";"Decrescente";"Céu Claro";"Simples";"Interseção de Vias";"Não";2;0;0;1;1;0;1;2;-19,31645798;-42,07362474;"SPRF-MG";"DEL06-MG";"UOP02-DEL06-MG"
243099;2019-10-18;"sexta-feira";"06:00:00";"RJ";493;68;"NOVA IGUACU";"Condutor Dormindo";"Colisão com objeto estático";"Com Vítimas Fatais";"Amanhecer";"Crescente";"Céu Claro";"Simples";"Reta";"Não";2;2;0;0;0;0;0;1;-22,67035473;-43,54922533;"SPRF-RJ";"DEL01-RJ";"UOP03-DEL01-RJ"
243100;2019-10-17;"quinta-feira";"19:15:00";"PA";163;998;"SANTAREM";"Falta de Atenção à Condução";"Colisão lateral";"Com Vítimas Feridas";"Plena Noite";"Decrescente";"Céu Claro";"Simples";"Reta";"Não";2;0;1;0;1;0;1;2;-2,49064036;-54,73373352;"SPRF-PA";"DEL05-PA";"UOP01-DEL05-PA"
243101;2019-10-18;"sexta-feira";"06:30:00";"PE";101;46,9;"IGARASSU";"Falta de Atenção à Condução";"Colisão lateral";"Com Vítimas Feridas";"Pleno dia";"Crescente";"Céu Claro";"Múltipla";"Reta";"Sim";2;0;1;0;1;0;1;2;-7,87406004;-34,90588126;"SPRF-PE";"DEL01-PE";"UOP02-DEL01-PE"
243102;2019-10-18;"sexta-feira";"06:30:00";"RN";101;109,2;"PARNAMIRIM";"Pista Escorregadia";"Colisão com objeto estático";"Com Vítimas Feridas";"Pleno dia";"Decrescente";"Garoa/Chuvisco";"Dupla";"Interseção de Vias";"Sim";1;0;0;1;0;0;1;1;-5,938911;-35,26446;"SPRF-RN";"DEL01-RN";"UOP01-DEL01-RN"
243104;2019-10-18;"sexta-feira";"06:40:00";"RS";448;22;"PORTO ALEGRE";"Velocidade Incompatível";"Saída de leito carroçável";"Com Vítimas Feridas";"Pleno dia";"Crescente";"Nublado";"Dupla";"Viaduto;Curva";"Não";3;0;1;0;2;0;1;1;-29,972212;-51,199139;"SPRF-RS";"DEL01-RS";"UOP01-DEL01-RS"
243105;2019-10-17;"quinta-feira";"18:20:00";"SC";101;72;"ARAQUARI";"Falta de Atenção à Condução";"Colisão com objeto estático";"Sem Vítimas";"Plena Noite";"Decrescente";"Chuva";"Dupla";"Reta";"Sim";1;0;0;0;1;0;0;1;-26,52700004;-48,71551117;"SPRF-SC";"DEL03-SC";"UOP02-DEL03-SC"
243107;2019-10-18;"sexta-feira";"07:00:00";"SP";153;72,9;"SAO JOSE DO RIO PRETO";"Mal Súbito";"Tombamento";"Com Vítimas Feridas";"Pleno dia";"Decrescente";"Céu Claro";"Dupla";"Retorno Regulamentado;Rotatória";"Não";1;0;0;1;0;0;1;1;-20,86715501;-49,41334398;"SPRF-SP";"DEL09-SP";"UOP01-DEL09-SP"
243108;2019-10-18;"sexta-feira";"07:15:00";"SC";101;377,1;"ICARA";"Falta de Atenção à Condução";"Saída de leito carroçável";"Sem Vítimas";"Pleno dia";"Crescente";"Nublado";"Dupla";"Reta";"Não";1;0;0;0;1;0;0;1;-28,72736111;-49,24066084;"SPRF-SC";"DEL02-SC";"UOP01-DEL02-SC"
243109;2019-10-18;"sexta-feira";"07:30:00";"DF";70;7;"BRASILIA";"Desobediência às normas de trânsito pelo condutor";"Atropelamento de Pedestre";"Com Vítimas Feridas";"Pleno dia";"Decrescente";"Céu Claro";"Dupla";"Reta";"Sim";2;0;1;0;1;0;1;2;-15,787601;-48,114429;"SPRF-DF";"DEL01-DF";"UOP02-DEL03-DF"
243111;2019-10-18;"sexta-feira";"02:20:00";"PR";277;116;"CAMPO LARGO";"Falta de Atenção à Condução";"Saída de leito carroçável";"Com Vítimas Feridas";"Plena Noite";"Crescente";"Nublado";"Dupla";"Reta";"Não";3;0;3;0;0;0;3;1;-25,43342542;-49,40593292;"SPRF-PR";"DEL01-PR";"UOP06-DEL01-PR"
243113;2019-10-18;"sexta-feira";"07:40:00";"RS";116;153;"CAXIAS DO SUL";"Desobediência às normas de trânsito pelo condutor";"Colisão lateral";"Com Vítimas Feridas";"Pleno dia";"Crescente";"Nublado";"Dupla";"Interseção de Vias";"Sim";2;0;1;0;1;0;1;2;-29,18579758;-51,17713005;"SPRF-RS";"DEL05-RS";"UOP01-DEL05-RS"
243117;2019-10-18;"sexta-feira";"07:40:00";"SC";101;214;"PALHOCA";"Desobediência às normas de trânsito pelo condutor";"Colisão lateral";"Com Vítimas Feridas";"Pleno dia";"Decrescente";"Céu Claro";"Simples";"Reta";"Sim";2;0;1;0;1;0;1;2;-27,64443;-48,67057;"SPRF-SC";"DEL01-SC";"UOP02-DEL01-SC"
243120;2019-10-18;"sexta-feira";"07:30:00";"RJ";40;66;"PETROPOLIS";"Defeito Mecânico no Veículo";"Queda de ocupante de veículo";"Com Vítimas Feridas";"Amanhecer";"Crescente";"Céu Claro";"Dupla";"Curva";"Não";2;0;1;0;0;1;1;2;-22,43082088;-43,16858622;"SPRF-RJ";"DEL06-RJ";"UOP01-DEL06-RJ"
243121;2019-10-18;"sexta-feira";"07:20:00";"PR";476;124;"CURITIBA";"Desobediência às normas de trânsito pelo condutor";"Colisão traseira";"Sem Vítimas";"Pleno dia";"Crescente";"Céu Claro";"Dupla";"Reta";"Sim";2;0;0;0;1;1;0;2;-25,399845;-49,215855;"SPRF-PR";"DEL01-PR";"UOP07-DEL01-PR"
243122;2019-06-02;"domingo";"15:15:00";"SC";101;157,7;"PORTO BELO";"Falta de Atenção à Condução";"Atropelamento de Pedestre";"Com Vítimas Feridas";"Pleno dia";"Decrescente";"Céu Claro";"Múltipla";"Reta";"Não";3;0;1;0;0;2;1;2;-27,181625;-48,6121179;"SPRF-SC";"DEL04-SC";"UOP03-DEL04-SC"
243123;2019-10-18;"sexta-feira";"08:00:00";"SP";153;61,6;"SAO JOSE DO RIO PRETO";"Falta de Atenção à Condução";"Colisão lateral";"Com Vítimas Feridas";"Pleno dia";"Crescente";"Céu Claro";"Dupla";"Reta";"Sim";2;0;1;0;1;0;1;2;-20,8105113;-49,35654044;"SPRF-SP";"DEL09-SP";"UOP01-DEL09-SP"
243124;2019-10-18;"sexta-feira";"08:00:00";"RS";116;250;"SAO LEOPOLDO";"Não guardar distância de segurança";"Colisão traseira";"Com Vítimas Feridas";"Pleno dia";"Crescente";"Céu Claro";"Múltipla";"Reta";"Sim";2;0;1;0;1;0;1;2;-29,79148798;-51,16399615;"SPRF-RS";"DEL01-RS";"UOP02-DEL01-RS"
243130;2019-10-18;"sexta-feira";"08:10:00";"SP";116;103,5;"TAUBATE";"Não guardar distância de segurança";"Colisão traseira";"Com Vítimas Feridas";"Pleno dia";"Decrescente";"Chuva";"Dupla";"Reta";"Não";1;0;1;0;0;0;1;1;-22,99919465;-45,49788917;"SPRF-SP";"DEL06-SP";"UOP01-DEL06-SP"
243131;2019-10-18;"sexta-feira";"08:50:00";"PR";376;8;"MARINGA";"Defeito Mecânico no Veículo";"Tombamento";"Com Vítimas Feridas";"Pleno dia";"Decrescente";"Céu Claro";"Dupla";"Reta";"Sim";1;0;1;0;0;0;1;1;-23,4273;-51,9375;"SPRF-PR";"DEL07-PR";"UOP01-DEL09-PR"
243133;2019-10-18;"sexta-feira";"08:55:00";"SC";101;203,6;"SAO JOSE";"Restrição de Visibilidade";"Colisão frontal";"Com Vítimas Feridas";"Pleno dia";"Crescente";"Céu Claro";"Múltipla";"Aclive";"Não";2;0;1;0;1;0;1;2;-27,5650044;-48,61460082;"SPRF-SC";"DEL01-SC";"UOP01-DEL01-SC"
243134;2019-10-18;"sexta-feira";"07:00:00";"SC";282;80;"RANCHO QUEIMADO";"Pista Escorregadia";"Capotamento";"Com Vítimas Feridas";"Pleno dia";"Crescente";"Garoa/Chuvisco";"Simples";"Curva";"Não";2;0;2;0;0;0;2;1;-27,663555;-49,159309;"SPRF-SC";"DEL01-SC";"UOP03-DEL01-SC"
243135;2019-10-13;"domingo";"13:45:00";"RS";116;143;"CAXIAS DO SUL";"Pista Escorregadia";"Colisão traseira";"Com Vítimas Feridas";"Pleno dia";"Crescente";"Céu Claro";"Dupla";"Reta";"Sim";3;0;1;0;2;0;1;2;-29,1201739;-51,12260651;"SPRF-RS";"DEL05-RS";"UOP01-DEL05-RS"
243136;2019-10-18;"sexta-feira";"08:00:00";"MG";116;710,7;"MURIAE";"Falta de Atenção à Condução";"Saída de leito carroçável";"Com Vítimas Feridas";"Pleno dia";"Decrescente";"Sol";"Simples";"Curva";"Não";1;0;1;0;0;0;1;1;-21,17559299;-42,37196176;"SPRF-MG";"DEL07-MG";"UOP02-DEL07-MG"
243140;2019-10-18;"sexta-feira";"09:30:00";"PE";101;93;"CABO DE SANTO AGOSTINHO";"Falta de Atenção à Condução";"Saída de leito carroçável";"Com Vítimas Feridas";"Pleno dia";"Decrescente";"Chuva";"Dupla";"Reta";"Não";1;0;1;0;0;0;1;1;-8,2396419;-35,00335418;"SPRF-PE";"DEL01-PE";"UOP03-DEL01-PE"
243141;2019-10-14;"segunda-feira";"16:00:00";"PR";376;306;"MAUA DA SERRA";"Fenômenos da Natureza";"Saída de leito carroçável";"Com Vítimas Feridas";"Pleno dia";"Decrescente";"Chuva";"Dupla";"Curva";"Não";3;0;3;0;0;0;3;1;-23,96994112;-51,11168414;"SPRF-PR";"DEL07-PR";"UOP02-DEL07-PR"
243145;2019-10-17;"quinta-feira";"11:20:00";"CE";222;5;"CAUCAIA";"Desobediência às normas de trânsito pelo condutor";"Colisão transversal";"Com Vítimas Feridas";"Pleno dia";"Decrescente";"Sol";"Múltipla";"Aclive;Interseção de Vias;Reta";"Sim";2;0;0;1;1;0;1;2;-3,74296918;-38,61330997;"SPRF-CE";"DEL01-CE";"UOP01-DEL01-CE"
243146;2019-10-18;"sexta-feira";"08:30:00";"MG";381;908,4;"CAMBUI";"Velocidade Incompatível";"Saída de leito carroçável";"Com Vítimas Feridas";"Pleno dia";"Crescente";"Chuva";"Múltipla";"Curva";"Não";2;0;1;0;1;0;1;1;-22,68561767;-46,10137939;"SPRF-MG";"DEL16-MG";"UOP03-DEL16-MG"
243147;2019-10-18;"sexta-feira";"09:00:00";"PI";343;592,4;"FLORIANO";"Velocidade Incompatível";"Colisão traseira";"Com Vítimas Feridas";"Pleno dia";"Decrescente";"Céu Claro";"Simples";"Reta";"Sim";2;0;0;2;0;0;2;2;-6,777731;-43,031559;"SPRF-PI";"DEL03-PI";"UOP01-DEL03-PI"
243148;2019-10-18;"sexta-feira";"09:40:00";"PA";10;354;"SANTA MARIA DO PARA";"Falta de Atenção à Condução";"Colisão lateral";"Com Vítimas Feridas";"Pleno dia";"Decrescente";"Céu Claro";"Simples";"Reta";"Sim";2;0;0;1;1;0;1;2;-1,34759789;-47,57735696;"SPRF-PA";"DEL01-PA";"UOP02-DEL01-PA"
243149;2019-10-18;"sexta-feira";"10:00:00";"PR";369;173,3;"ROLANDIA";"Falta de Atenção à Condução";"Colisão transversal";"Com Vítimas Feridas";"Pleno dia";"Decrescente";"Céu Claro";"Simples";"Reta;Interseção de Vias";"Sim";2;0;0;1;1;0;1;2;-23,31194825;-51,37180209;"SPRF-PR";"DEL07-PR";"UOP01-DEL07-PR"
243150;2019-10-18;"sexta-feira";"10:15:00";"GO";40;7,5;"LUZIANIA";"Não guardar distância de segurança";"Queda de ocupante de veículo";"Com Vítimas Feridas";"Pleno dia";"Crescente";"Céu Claro";"Dupla";"Reta";"Sim";1;0;1;0;0;0;1;1;-16,108482;-47,972524;"SPRF-DF";"DEL01-DF";"UOP01-DEL01-DF"
243151;2019-10-18;"sexta-feira";"10:20:00";"PE";101;104,1;"CABO DE SANTO AGOSTINHO";"Não guardar distância de segurança";"Colisão traseira";"Com Vítimas Feridas";"Pleno dia";"Decrescente";"Chuva";"Dupla";"Reta";"Sim";4;0;1;0;3;0;1;3;-8,29739778;-35,06293971;"SPRF-PE";"DEL01-PE";"UOP03-DEL01-PE"
243152;2019-10-18;"sexta-feira";"10:00:00";"PA";222;237;"MARABA";"Falta de Atenção à Condução";"Colisão frontal";"Com Vítimas Feridas";"Pleno dia";"Crescente";"Céu Claro";"Simples";"Reta";"Sim";3;0;1;0;1;1;1;3;-5,294009;-49,075771;"SPRF-PA";"DEL03-PA";"UOP01-DEL03-PA"
243153;2019-10-18;"sexta-feira";"10:08:00";"SP";116;380;"MIRACATU";"Defeito Mecânico no Veículo";"Tombamento";"Com Vítimas Feridas";"Pleno dia";"Crescente";"Céu Claro";"Dupla";"Reta";"Não";2;0;2;0;0;0;2;1;-24,21753686;-47,36651776;"SPRF-SP";"DEL04-SP";"UOP02-DEL04-SP"
243154;2019-10-18;"sexta-feira";"09:15:00";"SP";116;511;"CAJATI";"Desobediência às normas de trânsito pelo condutor";"Colisão transversal";"Sem Vítimas";"Pleno dia";"Crescente";"Sol";"Simples";"Curva;Aclive";"Não";3;0;0;0;2;1;0;2;-24,83558399;-48,2223738;"SPRF-SP";"DEL05-SP";"UAP01-DEL05-SP"
243155;2019-10-18;"sexta-feira";"09:45:00";"MG";381;479,3;"CONTAGEM";"Defeito Mecânico no Veículo";"Tombamento";"Com Vítimas Feridas";"Pleno dia";"Crescente";"Céu Claro";"Múltipla";"Curva";"Sim";2;0;2;0;0;0;2;1;-19,96463639;-44,04590607;"SPRF-MG";"DEL01-MG";"UOP03-DEL01-MG"
243157;2019-10-18;"sexta-feira";"09:00:00";"PE";232;405;"SERRA TALHADA";"Restrição de Visibilidade";"Colisão traseira";"Sem Vítimas";"Pleno dia";"Decrescente";"Sol";"Simples";"Reta";"Sim";1;0;0;0;1;0;0;1;-7,98895584;-38,25355016;"SPRF-PE";"DEL04-PE";"UOP01-DEL04-PE"
243163;2019-09-18;"quarta-feira";"10:30:00";"RJ";101;49;"CAMPOS DOS GOYTACAZES";"Falta de Atenção à Condução";"Colisão lateral";"Com Vítimas Feridas";"Pleno dia";"Decrescente";"Céu Claro";"Simples";"Reta";"Sim";2;0;1;0;1;0;1;2;-21,60743504;-41,31655533;"SPRF-RJ";"DEL08-RJ";"UOP01-DEL08-RJ"
243164;2019-09-19;"quinta-feira";"15:30:00";"RS";471;521,1;"RIO GRANDE";"Defeito Mecânico no Veículo";"Capotamento";"Com Vítimas Feridas";"Pleno dia";"Crescente";"Ignorado";"Simples";"Reta";"Não";2;0;1;0;0;1;1;2;-32,42110733;-52,56292082;"SPRF-RS";"DEL07-RS";"UOP02-DEL07-RS"
243165;2019-10-18;"sexta-feira";"11:00:00";"SC";101;107;"PENHA";"Falta de Atenção à Condução";"Queda de ocupante de veículo";"Com Vítimas Feridas";"Pleno dia";"Decrescente";"Céu Claro";"Dupla";"Curva";"Sim";1;0;1;0;0;0;1;1;-26,81930608;-48,68390282;"SPRF-SC";"DEL03-SC";"UOP02-DEL03-SC"
243166;2019-10-18;"sexta-feira";"06:25:00";"RJ";493;68;"RIO DE JANEIRO";"Falta de Atenção à Condução";"Colisão traseira";"Com Vítimas Feridas";"Pleno dia";"Decrescente";"Céu Claro";"Dupla";"Reta";"Não";6;0;4;0;2;0;4;2;-22,9175943;-43,3558184;"SPRF-RJ";"DEL01-RJ";"UOP03-DEL01-RJ"
243167;2019-10-18;"sexta-feira";"10:30:00";"MA";222;673,6;"ACAILANDIA";"Objeto estático sobre o leito carroçável";"Colisão transversal";"Com Vítimas Feridas";"Pleno dia";"Crescente";"Céu Claro";"Simples";"Declive";"Não";4;0;3;0;1;0;3;3;-4,92960481;-47,44590111;"SPRF-MA";"DEL04-MA";"UOP03-DEL04-MA"
243168;2019-10-18;"sexta-feira";"07:00:00";"MA";402;15,5;"ROSARIO";"Falta de Atenção à Condução";"Colisão lateral";"Com Vítimas Fatais";"Pleno dia";"Crescente";"Ignorado";"Simples";"Curva";"Não";2;1;0;0;1;0;0;2;-2,93270119;-44,19774592;"SPRF-MA";"DEL01-MA";"UOP01-DEL01-MA"
243171;2019-10-18;"sexta-feira";"12:20:00";"RJ";116;170,1;"SAO JOAO DE MERITI";"Desobediência às normas de trânsito pelo condutor";"Colisão lateral";"Sem Vítimas";"Pleno dia";"Decrescente";"Sol";"Múltipla";"Reta";"Sim";2;0;0;0;2;0;0;2;-22,81113183;-43,3336729;"SPRF-RJ";"DEL01-RJ";"UOP02-DEL01-RJ"
243173;2019-10-18;"sexta-feira";"12:20:00";"ES";262;47;"MARECHAL FLORIANO";"Desobediência às normas de trânsito pelo condutor";"Colisão transversal";"Com Vítimas Feridas";"Pleno dia";"Crescente";"Céu Claro";"Simples";"Reta";"Não";3;0;0;1;2;0;1;2;-20,41130252;-40,67926543;"SPRF-ES";"DEL01-ES";"UOP01-DEL01-ES"
243176;2019-10-18;"sexta-feira";"08:40:00";"PR";277;0,3;"FOZ DO IGUACU";"Mal Súbito";"Tombamento";"Com Vítimas Feridas";"Pleno dia";"Crescente";"Sol";"Dupla";"Curva";"Sim";1;0;0;1;0;0;1;1;-25,5469;-54,5882;"SPRF-PR";"DEL05-PR";"UOP03-DEL05-PR"
243178;2019-10-10;"quinta-feira";"16:40:00";"BA";324;512;"FEIRA DE SANTANA";"Desobediência às normas de trânsito pelo condutor";"Colisão lateral";"Com Vítimas Feridas";"Pleno dia";"Decrescente";"Ignorado";"Simples";"Reta";"Sim";1;0;1;0;0;0;1;1;-12,22584428;-38,96500584;"SPRF-BA";"DEL02-BA";"UOP01-DEL02-BA"
243179;2019-01-20;"domingo";"17:30:00";"BA";101;752,2;"ITABELA";"Desobediência às normas de trânsito pelo condutor";"Queda de ocupante de veículo";"Com Vítimas Feridas";"Anoitecer";"Decrescente";"Ignorado";"Simples";"Reta";"Não";3;0;0;1;0;2;1;2;-16,77596214;-39,47110569;"SPRF-BA";"DEL09-BA";"UOP01-DEL09-BA"
243181;2019-09-28;"sábado";"09:00:00";"GO";153;682,3;"ITUMBIARA";"Animais na Pista";"Tombamento";"Com Vítimas Feridas";"Pleno dia";"Crescente";"Céu Claro";"Dupla";"Aclive";"Não";1;0;1;0;0;0;1;1;-18,2401;-49,2569;"SPRF-GO";"DEL03-GO";"UOP02-DEL03-GO"
243183;2019-10-18;"sexta-feira";"13:15:00";"MG";381;446;"SABARA";"Desobediência às normas de trânsito pelo condutor";"Colisão transversal";"Com Vítimas Feridas";"Pleno dia";"Crescente";"Céu Claro";"Simples";"Reta";"Sim";2;0;0;1;1;0;1;2;-19,82177639;-43,81261826;"SPRF-MG";"DEL01-MG";"UOP01-DEL01-MG"
243184;2019-10-18;"sexta-feira";"12:58:00";"TO";153;492;"PARAISO DO TOCANTINS";"Velocidade Incompatível";"Colisão transversal";"Com Vítimas Feridas";"Pleno dia";"Crescente";"Céu Claro";"Simples";"Interseção de Vias;Reta";"Não";3;0;1;0;2;0;1;2;-10,14145989;-48,88730266;"SPRF-TO";"DEL02-TO";"UOP01-DEL01-TO"
243191;2019-10-18;"sexta-feira";"13:45:00";"DF";20;8,5;"BRASILIA";"Velocidade Incompatível";"Colisão traseira";"Com Vítimas Feridas";"Pleno dia";"Crescente";"Céu Claro";"Dupla";"Reta;Aclive";"Sim";3;0;1;0;1;1;1;3;-15,658386;-47,791534;"SPRF-DF";"DEL02-DF";"UOP01-DEL02-DF"
243192;2019-10-18;"sexta-feira";"14:15:00";"SC";101;204,3;"SAO JOSE";"Não guardar distância de segurança";"Colisão traseira";"Com Vítimas Feridas";"Pleno dia";"Crescente";"Céu Claro";"Múltipla";"Reta";"Sim";2;0;0;1;1;0;1;2;-27,57413014;-48,61363083;"SPRF-SC";"DEL01-SC";"UOP01-DEL01-SC"
243193;2019-10-18;"sexta-feira";"13:45:00";"BA";116;828;"VITORIA DA CONQUISTA";"Falta de Atenção à Condução";"Colisão transversal";"Com Vítimas Feridas";"Pleno dia";"Crescente";"Sol";"Simples";"Interseção de Vias";"Sim";2;0;1;0;1;0;1;2;-14,89789717;-40,86678271;"SPRF-BA";"DEL08-BA";"UOP01-DEL08-BA"
243194;2019-10-18;"sexta-feira";"13:40:00";"GO";40;7,8;"VALPARAISO DE GOIAS";"Falta de Atenção à Condução";"Colisão traseira";"Com Vítimas Feridas";"Pleno dia";"Decrescente";"Céu Claro";"Dupla";"Reta";"Sim";2;0;1;0;1;0;1;2;-16,108482;-47,972524;"SPRF-DF";"DEL01-DF";"UOP01-DEL01-DF"
243197;2019-10-18;"sexta-feira";"14:35:00";"RN";101;105;"PARNAMIRIM";"Falta de Atenção à Condução";"Colisão lateral";"Com Vítimas Feridas";"Pleno dia";"Decrescente";"Céu Claro";"Dupla";"Retorno Regulamentado";"Sim";2;0;1;0;1;0;1;2;-5,90165196;-35,25928517;"SPRF-RN";"DEL01-RN";"UOP01-DEL01-RN"
243198;2019-02-24;"domingo";"12:30:00";"AP";210;60,9;"PORTO GRANDE";"Velocidade Incompatível";"Colisão frontal";"Com Vítimas Fatais";"Pleno dia";"Crescente";"Chuva";"Simples";"Curva";"Não";4;2;1;1;0;0;2;2;0,487035;-51,109558;"SPRF-AP";"DEL01-AP";"UOP01-DEL01-AP"
243200;2019-09-05;"quinta-feira";"13:45:00";"SC";101;199,1;"SAO JOSE";"Defeito Mecânico no Veículo";"Colisão transversal";"Com Vítimas Feridas";"Pleno dia";"Crescente";"Nublado";"Múltipla";"Interseção de Vias";"Sim";2;0;1;0;1;0;1;2;-27,53494379;-48,62924069;"SPRF-SC";"DEL01-SC";"UOP01-DEL01-SC"
243201;2019-10-18;"sexta-feira";"12:50:00";"AL";101;40;"FLEXEIRAS";"Falta de Atenção à Condução";"Saída de leito carroçável";"Com Vítimas Feridas";"Pleno dia";"Decrescente";"Chuva";"Dupla";"Curva";"Não";2;0;1;0;1;0;1;1;-9,16377891;-35,77034503;"SPRF-AL";"DEL01-AL";"UOP02-DEL01-AL"
243203;2019-10-18;"sexta-feira";"13:20:00";"SC";116;214,2;"PONTE ALTA";"Ingestão de Álcool";"Saída de leito carroçável";"Sem Vítimas";"Pleno dia";"Decrescente";"Nublado";"Simples";"Reta";"Não";1;0;0;0;1;0;0;1;-27,53188987;-50,37131713;"SPRF-SC";"DEL05-SC";"UOP03-DEL05-SC"