"id";"data_inversa";"dia_semana";"horario";"uf";"br";"km";"municipio";"causa_acidente";"tipo_acidente";"classificacao_acidente";"fase_dia";"sentido_via";"condicao_metereologica";"tipo_pista";"tracado_via";"uso_solo";"pessoas";"mortos";"feridos_leves";"feridos_graves";"ilesos";"ignorados";"feridos";"veiculos";"latitude";"longitude";"regional";"delegacia";"uop"
243205;2019-10-18;"sexta-feira";"14:20:00";"PR";369;43;"ANDIRA";"Defeito Mecânico no Veículo";"Incêndio";"Sem Vítimas";"Pleno dia";"Decrescente";"Céu Claro";"Simples";"Reta";"Não";1;0;0;0;1;0;0;1;-23,08478516;-50,2765274;"SPRF-PR";"DEL07-PR";"UOP05-DEL07-PR"
243206;2019-09-26;"quinta-feira";"09:20:00";"SC";470;126,3;"LONTRAS";"Falta de Atenção à Condução";"Colisão transversal";"Com Vítimas Feridas";"Pleno dia";"Decrescente";"Céu Claro";"Simples";"Reta";"Não";3;0;0;1;1;1;1;3;-27,129;-49,538277;"SPRF-SC";"DEL04-SC";"UOP02-DEL04-SC"
243207;2019-10-18;"sexta-feira";"14:15:00";"MS";267;471,9;"GUIA LOPES DA LAGUNA";"Defeito Mecânico no Veículo";"Danos eventuais";"Sem Vítimas";"Pleno dia";"Crescente";"Nublado";"Simples";"Reta";"Não";1;0;0;0;1;0;0;1;-21,42355;-56,063877;"SPRF-MS";"DEL05-MS";"UOP01-DEL05-MS"
243210;2019-09-28;"sábado";"10:20:00";"MG";381;505,5;"BETIM";"Desobediência às normas de trânsito pelo condutor";"Capotamento";"Sem Vítimas";"Pleno dia";"Crescente";"Céu Claro";"Múltipla";"Curva";"Sim";2;0;0;0;2;0;0;2;-20,04478441;-44,27276484;"SPRF-MG";"DEL01-MG";"UOP03-DEL01-MG"
243211;2019-10-18;"sexta-feira";"15:25:00";"MG";40;604,5;"CONGONHAS";"Falta de Atenção à Condução";"Colisão com objeto estático";"Com Vítimas Feridas";"Pleno dia";"Decrescente";"Céu Claro";"Simples";"Curva";"Não";3;0;2;0;1;0;2;1;-20,45222799;-43,84086796;"SPRF-MG";"DEL05-MG";"UOP02-DEL05-MG"
243212;2019-10-18;"sexta-feira";"15:40:00";"SP";153;62;"SAO JOSE DO RIO PRETO";"Não guardar distância de segurança";"Colisão traseira";"Com Vítimas Feridas";"Pleno dia";"Crescente";"Céu Claro";"Dupla";"Reta";"Sim";4;0;1;0;3;0;1;3;-20,81325404;-49,35675563;"SPRF-SP";"DEL09-SP";"UOP01-DEL09-SP"
243215;2019-10-18;"sexta-feira";"14:35:00";"RO";364;710;"PORTO VELHO";"Desobediência às normas de trânsito pelo condutor";"Atropelamento de Pedestre";"Com Vítimas Feridas";"Pleno dia";"Decrescente";"Sol";"Dupla";"Reta";"Sim";4;0;0;1;2;1;1;2;-8,78621576;-63,85712687;"SPRF-RO";"DEL01-RO";"UOP01-DEL01-RO"
243218;2019-10-18;"sexta-feira";"16:30:00";"MG";365;166;"BURITIZEIRO";"Defeito Mecânico no Veículo";"Incêndio";"Sem Vítimas";"Pleno dia";"Decrescente";"Céu Claro";"Simples";"Reta";"Sim";1;0;0;0;0;1;0;1;-17,38199719;-44,97027099;"SPRF-MG";"DEL12-MG";"UOP01-DEL12-MG"
243221;2019-10-18;"sexta-feira";"17:00:00";"GO";70;8;"AGUAS LINDAS DE GOIAS";"Desobediência às normas de trânsito pelo pedestre";"Atropelamento de Pedestre";"Com Vítimas Feridas";"Pleno dia";"Crescente";"Céu Claro";"Dupla";"Declive";"Sim";2;0;1;0;1;0;1;2;-15,73733681;-48,27407468;"SPRF-DF";"DEL01-DF";"UOP02-DEL03-DF"
243225;2019-10-18;"sexta-feira";"14:00:00";"AC";364;139;"RIO BRANCO";"Falta de Atenção à Condução";"Engavetamento";"Com Vítimas Feridas";"Pleno dia";"Decrescente";"Céu Claro";"Múltipla";"Reta";"Não";5;0;1;0;4;0;1;4;-9,95359291;-67,86119892;"SPRF-AC";"DEL01-AC";"UOP01-DEL01-AC"
243227;2019-10-18;"sexta-feira";"16:50:00";"BA";101;182,8;"SAO GONCALO DOS CAMPOS";"Falta de Atenção à Condução";"Saída de leito carroçável";"Com Vítimas Feridas";"Pleno dia";"Decrescente";"Céu Claro";"Simples";"Reta";"Não";3;0;3;0;0;0;3;1;-12,45602128;-38,92868042;"SPRF-BA";"DEL01-BA";"UOP03-DEL01-BA"
243229;2019-10-18;"sexta-feira";"15:12:00";"MG";116;278,4;"TEOFILO OTONI";"Desobediência às normas de trânsito pelo condutor";"Colisão transversal";"Com Vítimas Feridas";"Pleno dia";"Decrescente";"Sol";"Simples";"Reta";"Sim";2;0;1;0;1;0;1;2;-17,86846089;-41,5171394;"SPRF-MG";"DEL11-MG";"UOP01-DEL11-MG"
243231;2019-10-18;"sexta-feira";"16:20:00";"PE";408;53,6;"NAZARE DA MATA";"Avarias e/ou desgaste excessivo no pneu";"Colisão frontal";"Com Vítimas Feridas";"Pleno dia";"Decrescente";"Chuva";"Simples";"Reta";"Não";3;0;2;0;0;1;2;2;-7,761161;-35,23412;"SPRF-PE";"DEL01-PE";"UOP01-DEL01-PE"
243232;2019-10-06;"domingo";"18:28:00";"PR";476;116;"COLOMBO";"Pista Escorregadia";"Colisão lateral";"Com Vítimas Feridas";"Anoitecer";"Decrescente";"Chuva";"Dupla";"Reta";"Sim";2;0;0;1;0;1;1;2;-25,34894457;-49,17002767;"SPRF-PR";"DEL01-PR";"UOP07-DEL01-PR"
243233;2019-10-18;"sexta-feira";"13:50:00";"RJ";101;321;"NITEROI";"Falta de Atenção à Condução";"Colisão com objeto estático";"Com Vítimas Feridas";"Pleno dia";"Decrescente";"Sol";"Múltipla";"Curva";"Sim";1;0;1;0;0;0;1;1;-22,86981096;-43,11046465;"SPRF-RJ";"DEL02-RJ";"UOP02-DEL02-RJ"
243234;2019-10-18;"sexta-feira";"17:30:00";"ES";262;87,6;"DOMINGOS MARTINS";"Velocidade Incompatível";"Colisão frontal";"Com Vítimas Feridas";"Anoitecer";"Decrescente";"Céu Claro";"Simples";"Reta";"Não";2;0;0;2;0;0;2;2;-20,39409905;-41,00077621;"SPRF-ES";"DEL01-ES";"UOP02-DEL01-ES"
243235;2019-10-18;"sexta-feira";"17:30:00";"SC";282;89;"ALFREDO WAGNER";"Velocidade Incompatível";"Colisão lateral";"Com Vítimas Feridas";"Plena Noite";"Crescente";"Chuva";"Simples";"Curva";"Não";3;0;1;0;2;0;1;2;-27,677973;-49,215893;"SPRF-SC";"DEL01-SC";"UOP03-DEL01-SC"
243236;2019-10-18;"sexta-feira";"15:35:00";"SC";101;84,7;"BARRA VELHA";"Desobediência às normas de trânsito pelo condutor";"Colisão transversal";"Com Vítimas Feridas";"Pleno dia";"Crescente";"Céu Claro";"Simples";"Interseção de Vias";"Não";2;0;1;0;1;0;1;2;-26,62404682;-48,71394986;"SPRF-SC";"DEL03-SC";"UOP02-DEL03-SC"
243242;2019-09-09;"segunda-feira";"19:30:00";"MG";381;923;"CAMANDUCAIA";"Animais na Pista";"Atropelamento de Animal";"Com Vítimas Feridas";"Plena Noite";"Crescente";"Nublado";"Dupla";"Reta";"Não";3;0;3;0;0;0;3;2;-22,77276956;-46,1845101;"SPRF-MG";"DEL16-MG";"UOP03-DEL16-MG"
243243;2019-10-16;"quarta-feira";"13:08:00";"MA";10;251,7;"IMPERATRIZ";"Desobediência às normas de trânsito pelo condutor";"Colisão transversal";"Com Vítimas Feridas";"Pleno dia";"Decrescente";"Céu Claro";"Simples";"Reta";"Sim";2;0;1;0;1;0;1;2;-5,543249;-47,464447;"SPRF-MA";"DEL04-MA";"UOP01-DEL04-MA"
243244;2019-10-18;"sexta-feira";"17:45:00";"ES";101;114,5;"SOORETAMA";"Desobediência às normas de trânsito pelo condutor";"Colisão lateral";"Com Vítimas Feridas";"Anoitecer";"Crescente";"Céu Claro";"Simples";"Reta";"Não";2;0;2;0;0;0;2;1;-19,09484877;-40,05095848;"SPRF-ES";"DEL04-ES";"UOP01-DEL04-ES"
243245;2019-10-18;"sexta-feira";"09:50:00";"GO";153;363,7;"JARAGUA";"Falta de Atenção à Condução";"Queda de ocupante de veículo";"Com Vítimas Feridas";"Pleno dia";"Crescente";"Céu Claro";"Simples";"Reta";"Não";1;0;0;1;0;0;1;1;-15,774871;-49,306477;"SPRF-GO";"DEL02-GO";"UOP02-DEL02-GO"
243246;2019-10-18;"sexta-feira";"18:15:00";"RS";116;245;"SAO LEOPOLDO";"Falta de Atenção à Condução";"Colisão lateral";"Com Vítimas Feridas";"Anoitecer";"Crescente";"Céu Claro";"Dupla";"Reta";"Sim";2;0;1;0;1;0;1;2;-29,74980902;-51,15125361;"SPRF-RS";"DEL01-RS";"UOP02-DEL01-RS"
243249;2019-10-18;"sexta-feira";"18:00:00";"DF";70;1;"BRASILIA";"Falta de Atenção à Condução";"Colisão lateral";"Com Vítimas Feridas";"Plena Noite";"Crescente";"Nublado";"Dupla";"Reta";"Sim";2;0;1;0;1;0;1;2;-15,795264;-48,063801;"SPRF-DF";"DEL01-DF";"UOP02-DEL03-DF"
243250;2019-10-18;"sexta-feira";"18:30:00";"PR";277;82;"CURITIBA";"Falta de Atenção à Condução";"Colisão traseira";"Com Vítimas Feridas";"Plena Noite";"Decrescente";"Nublado";"Dupla";"Reta";"Não";2;0;1;0;1;0;1;2;-25,568939;-49,181978;"SPRF-PR";"DEL01-PR";"UOP06-DEL01-PR"
243251;2019-10-18;"sexta-feira";"16:00:00";"PR";277;212,9;"TEIXEIRA SOARES";"Desobediência às normas de trânsito pelo condutor";"Saída de leito carroçável";"Com Vítimas Feridas";"Pleno dia";"Crescente";"Chuva";"Simples";"Curva";"Sim";1;0;1;0;0;0;1;1;-25,46445877;-50,38789365;"SPRF-PR";"DEL03-PR";"UOP02-DEL08-PR"
243252;2019-10-18;"sexta-feira";"18:40:00";"GO";153;502;"GOIANIA";"Não guardar distância de segurança";"Colisão traseira";"Com Vítimas Feridas";"Plena Noite";"Decrescente";"Céu Claro";"Dupla";"Reta";"Sim";3;0;2;0;1;0;2;2;-16,7287;-49,2424;"SPRF-GO";"DEL01-GO";"UOP01-DEL01-GO"
243253;2019-10-18;"sexta-feira";"18:50:00";"ES";101;239,2;"FUNDAO";"Falta de Atenção à Condução";"Colisão frontal";"Com Vítimas Feridas";"Anoitecer";"Decrescente";"Ignorado";"Simples";"Reta";"Não";2;0;2;0;0;0;2;2;-20,00782494;-40,40790907;"SPRF-ES";"DEL02-ES";"UOP01-DEL02-ES"
243255;2019-10-18;"sexta-feira";"18:40:00";"ES";101;0,2;"SERRA";"Falta de Atenção à Condução";"Colisão lateral";"Com Vítimas Feridas";"Plena Noite";"Crescente";"Céu Claro";"Dupla";"Reta";"Sim";2;0;1;0;1;0;1;2;-20,23518331;-40,27633044;"SPRF-ES";"DEL02-ES";"UOP01-DEL02-ES"
243256;2019-10-18;"sexta-feira";"18:30:00";"SC";282;16,3;"PALHOCA";"Falta de Atenção à Condução";"Colisão transversal";"Com Vítimas Feridas";"Plena Noite";"Decrescente";"Nublado";"Simples";"Reta";"Não";3;0;2;0;1;0;2;2;-27,658611;-48,681847;"SPRF-SC";"DEL01-SC";"UOP02-DEL01-SC"
243257;2019-10-18;"sexta-feira";"18:49:00";"GO";60;264,3;"INDIARA";"Falta de Atenção à Condução";"Colisão transversal";"Com Vítimas Fatais";"Plena Noite";"Decrescente";"Céu Claro";"Dupla";"Reta";"Sim";5;1;0;0;4;0;0;2;-17,1868;-50,0729;"SPRF-GO";"DEL01-GO";"UOP02-DEL01-GO"
243258;2019-10-18;"sexta-feira";"19:00:00";"SC";101;206;"SAO JOSE";"Falta de Atenção à Condução";"Colisão traseira";"Com Vítimas Feridas";"Plena Noite";"Crescente";"Céu Claro";"Múltipla";"Reta";"Sim";2;0;1;0;1;0;1;2;-27,59193546;-48,61824557;"SPRF-SC";"DEL01-SC";"UOP01-DEL01-SC"
243259;2019-10-18;"sexta-feira";"17:15:00";"MG";262;442;"NOVA SERRANA";"Desobediência às normas de trânsito pelo condutor";"Colisão traseira";"Com Vítimas Feridas";"Pleno dia";"Decrescente";"Céu Claro";"Dupla";"Reta";"Sim";2;0;1;0;1;0;1;2;-19,8806236;-44,91232265;"SPRF-MG";"DEL08-MG";"UOP03-DEL08-MG"
243261;2019-10-18;"sexta-feira";"18:40:00";"ES";101;420,8;"CACHOEIRO DE ITAPEMIRIM";"Falta de Atenção do Pedestre";"Tombamento";"Com Vítimas Feridas";"Plena Noite";"Decrescente";"Céu Claro";"Simples";"Curva";"Não";1;0;1;0;0;0;1;1;-20,9657538;-41,10735825;"SPRF-ES";"DEL03-ES";"UOP02-DEL03-ES"
243262;2019-10-18;"sexta-feira";"18:50:00";"RS";470;235,9;"CARLOS BARBOSA";"Falta de Atenção à Condução";"Colisão frontal";"Com Vítimas Fatais";"Plena Noite";"Decrescente";"Céu Claro";"Simples";"Curva";"Não";5;1;2;2;0;0;4;2;-29,320125;-51,49558;"SPRF-RS";"DEL06-RS";"UOP01-DEL06-RS"
243269;2019-10-18;"sexta-feira";"19:50:00";"PE";101;41;"IGARASSU";"Falta de Atenção à Condução";"Colisão transversal";"Com Vítimas Fatais";"Plena Noite";"Decrescente";"Céu Claro";"Simples";"Reta";"Sim";4;1;0;0;3;0;0;2;-7,83038346;-34,91426785;"SPRF-PE";"DEL01-PE";"UOP02-DEL01-PE"
243271;2019-10-18;"sexta-feira";"18:15:00";"SC";282;3,5;"FLORIANOPOLIS";"Falta de Atenção à Condução";"Colisão traseira";"Com Vítimas Feridas";"Anoitecer";"Crescente";"Céu Claro";"Múltipla";"Reta";"Sim";3;0;1;0;0;2;1;3;-27,600384;-48,599705;"SPRF-SC";"DEL01-SC";"UOP01-DEL01-SC"
243272;2019-10-18;"sexta-feira";"12:00:00";"SC";282;461,8;"PONTE SERRADA";"Falta de Atenção à Condução";"Colisão transversal";"Sem Vítimas";"Pleno dia";"Crescente";"Nublado";"Simples";"Interseção de Vias;Em Obras;Reta";"Sim";2;0;0;0;2;0;0;2;-26,856403;-52,041328;"SPRF-SC";"DEL07-SC";"UOP04-DEL07-SC"
243274;2019-10-18;"sexta-feira";"17:20:00";"PR";376;450;"TIBAGI";"Falta de Atenção à Condução";"Saída de leito carroçável";"Sem Vítimas";"Pleno dia";"Crescente";"Chuva";"Dupla";"Curva";"Não";1;0;0;0;1;0;0;1;-24,934557;-50,40438302;"SPRF-PR";"DEL03-PR";"UOP02-DEL03-PR"
243275;2019-10-18;"sexta-feira";"20:00:00";"PE";101;69;"RECIFE";"Falta de Atenção à Condução";"Colisão traseira";"Com Vítimas Feridas";"Plena Noite";"Decrescente";"Chuva";"Múltipla";"Reta";"Sim";2;0;1;1;0;0;2;2;-8,05951606;-34,94581024;"SPRF-PE";"DEL01-PE";"UOP01-DEL01-PE"
243279;2019-10-18;"sexta-feira";"18:00:00";"SC";101;119;"ITAJAI";"Falta de Atenção à Condução";"Colisão lateral";"Com Vítimas Feridas";"Anoitecer";"Decrescente";"Nublado";"Dupla";"Reta";"Não";3;0;1;1;1;0;2;2;-26,9043179;-48,71555481;"SPRF-SC";"DEL04-SC";"UOP04-DEL04-SC"
243280;2019-10-18;"sexta-feira";"20:50:00";"BA";101;877;"TEIXEIRA DE FREITAS";"Falta de Atenção do Pedestre";"Atropelamento de Pedestre";"Com Vítimas Feridas";"Plena Noite";"Decrescente";"Céu Claro";"Simples";"Reta";"Sim";2;0;1;1;0;0;2;2;-17,55369991;-39,71832275;"SPRF-BA";"DEL09-BA";"UOP02-DEL09-BA"
243281;2019-10-18;"sexta-feira";"20:15:00";"GO";40;96,1;"CRISTALINA";"Falta de Atenção à Condução";"Colisão lateral";"Com Vítimas Feridas";"Plena Noite";"Crescente";"Céu Claro";"Simples";"Aclive";"Sim";1;0;1;0;0;0;1;1;-16,75768;-47,601613;"SPRF-DF";"DEL01-DF";"UOP02-DEL01-DF"
243282;2019-10-18;"sexta-feira";"20:47:00";"SE";235;1;"ARACAJU";"Falta de Atenção à Condução";"Colisão traseira";"Com Vítimas Feridas";"Plena Noite";"Crescente";"Ignorado";"Dupla";"Reta";"Sim";3;0;0;1;1;1;1;3;-10,90660877;-37,10019797;"SPRF-SE";"DEL01-SE";"UOP01-DEL01-SE"
243283;2019-10-18;"sexta-feira";"21:00:00";"PA";163;1000;"SANTAREM";"Falta de Atenção à Condução";"Colisão lateral";"Com Vítimas Feridas";"Plena Noite";"Decrescente";"Céu Claro";"Simples";"Reta";"Sim";2;0;1;0;1;0;1;2;-2,47328397;-54,7293664;"SPRF-PA";"DEL05-PA";"UOP01-DEL05-PA"
243284;2019-10-18;"sexta-feira";"20:45:00";"SC";280;128;"RIO NEGRINHO";"Não guardar distância de segurança";"Queda de ocupante de veículo";"Com Vítimas Feridas";"Plena Noite";"Crescente";"Garoa/Chuvisco";"Simples";"Curva";"Sim";1;0;1;0;0;0;1;1;-26,24317941;-49,51320018;"SPRF-SC";"DEL06-SC";"UOP03-DEL06-SC"
243285;2019-10-18;"sexta-feira";"17:40:00";"PE";423;55,7;"LAJEDO";"Ingestão de álcool e/ou substâncias psicoativas pelo pedestre";"Colisão frontal";"Com Vítimas Feridas";"Anoitecer";"Decrescente";"Nublado";"Simples";"Reta";"Não";4;0;0;1;1;2;1;3;-8,61537298;-36,29867707;"SPRF-PE";"DEL03-PE";"UOP01-DEL03-PE"
243287;2019-10-18;"sexta-feira";"17:50:00";"MA";316;587,9;"CAXIAS";"Ultrapassagem Indevida";"Colisão frontal";"Com Vítimas Feridas";"Anoitecer";"Decrescente";"Céu Claro";"Múltipla";"Aclive";"Não";6;0;2;0;4;0;2;2;-4,988132;-43,06432;"SPRF-MA";"DEL03-MA";"UOP02-DEL03-MA"
243288;2019-10-18;"sexta-feira";"21:40:00";"SP";116;389;"MIRACATU";"Falta de Atenção à Condução";"Colisão traseira";"Com Vítimas Feridas";"Plena Noite";"Decrescente";"Céu Claro";"Dupla";"Reta";"Sim";3;0;1;0;1;1;1;2;-24,27280624;-47,4062269;"SPRF-SP";"DEL04-SP";"UOP02-DEL04-SP"
243290;2019-10-18;"sexta-feira";"19:30:00";"SP";101;47,2;"UBATUBA";"Falta de Atenção à Condução";"Colisão lateral";"Sem Vítimas";"Plena Noite";"Crescente";"Nublado";"Simples";"Rotatória";"Sim";3;0;0;0;2;1;0;3;-23,43371784;-45,08625984;"SPRF-SP";"DEL06-SP";"UOP01-DEL06-SP"
243291;2019-10-18;"sexta-feira";"21:20:00";"MG";262;412,2;"PARA DE MINAS";"Desobediência às normas de trânsito pelo condutor";"Colisão transversal";"Com Vítimas Fatais";"Plena Noite";"Crescente";"Vento";"Dupla";"Reta";"Não";4;1;0;0;1;2;0;3;-19,89051204;-44,64959297;"SPRF-MG";"DEL08-MG";"UOP03-DEL08-MG"
243293;2019-10-18;"sexta-feira";"22:00:00";"RJ";101;65;"CAMPOS DOS GOYTACAZES";"Pista Escorregadia";"Tombamento";"Com Vítimas Feridas";"Plena Noite";"Crescente";"Céu Claro";"Simples";"Curva";"Sim";1;0;1;0;0;0;1;1;-21,75371806;-41,344292;"SPRF-RJ";"DEL08-RJ";"UOP02-DEL08-RJ"
243294;2019-10-18;"sexta-feira";"22:20:00";"RJ";101;411;"ITAGUAI";"Falta de Atenção do Pedestre";"Atropelamento de Pedestre";"Com Vítimas Fatais";"Plena Noite";"Crescente";"Nublado";"Dupla";"Reta";"Sim";3;1;0;0;2;0;0;2;-22,89484687;-43,84753204;"SPRF-RJ";"DEL03-RJ";"UOP01-DEL03-RJ"
243322;2019-10-18;"sexta-feira";"21:15:00";"RS";116;150;"CAXIAS DO SUL";"Falta de Atenção à Condução";"Colisão traseira";"Com Vítimas Feridas";"Plena Noite";"Decrescente";"Céu Claro";"Dupla";"Interseção de Vias";"Sim";4;0;2;0;2;0;2;2;-29,168428;-51,158337;"SPRF-RS";"DEL05-RS";"UOP01-DEL05-RS"
243324;2019-10-18;"sexta-feira";"22:20:00";"SP";116;149;"SAO JOSE DOS CAMPOS";"Falta de Atenção do Pedestre";"Atropelamento de Pedestre";"Com Vítimas Fatais";"Plena Noite";"Decrescente";"Céu Claro";"Múltipla";"Reta";"Sim";3;1;0;0;1;1;0;2;-23,20700047;-45,88626861;"SPRF-SP";"DEL02-SP";"UOP01-DEL02-SP"
243325;2019-10-18;"sexta-feira";"16:45:00";"MA";135;8,9;"SAO LUIS";"Falta de Atenção à Condução";"Colisão lateral";"Com Vítimas Feridas";"Pleno dia";"Decrescente";"Sol";"Dupla";"Aclive";"Sim";2;0;0;1;1;0;1;2;-2,64342093;-44,27374175;"SPRF-MA";"DEL01-MA";"UOP01-DEL01-MA"
243326;2019-10-18;"sexta-feira";"21:20:00";"PB";230;156,9;"CAMPINA GRANDE";"Desobediência às normas de trânsito pelo condutor";"Colisão transversal";"Com Vítimas Feridas";"Plena Noite";"Crescente";"Nublado";"Simples";"Interseção de Vias";"Sim";2;0;1;0;1;0;1;2;-7,26801283;-35,91546535;"SPRF-PB";"DEL02-PB";"UOP01-DEL02-PB"
243328;2019-10-18;"sexta-feira";"17:10:00";"RJ";101;299;"SAO GONCALO";"Falta de Atenção à Condução";"Colisão traseira";"Sem Vítimas";"Pleno dia";"Decrescente";"Nublado";"Simples";"Reta";"Sim";2;0;0;0;2;0;0;2;-22,77432673;-42,93823207;"SPRF-RJ";"DEL02-RJ";"UOP02-DEL02-RJ"
243329;2019-10-18;"sexta-feira";"21:00:00";"RS";472;637;"BARRA DO QUARAI";"Falta de Atenção à Condução";"Saída de leito carroçável";"Com Vítimas Feridas";"Plena Noite";"Decrescente";"Céu Claro";"Simples";"Em Obras";"Não";1;0;1;0;0;0;1;1;-30,14275509;-57,38147093;"SPRF-RS";"DEL13-RS";"UOP01-DEL13-RS"
243330;2019-10-18;"sexta-feira";"16:00:00";"MT";163;903,8;"CLAUDIA";"Falta de Atenção à Condução";"Saída de leito carroçável";"Com Vítimas Feridas";"Pleno dia";"Decrescente";"Nublado";"Simples";"Reta";"Não";1;0;1;0;0;0;1;1;-11,28056335;-55,31620502;"SPRF-MT";"DEL06-MT";"UOP02-DEL06-MT"
243332;2019-10-18;"sexta-feira";"19:45:00";"MG";365;25;"MONTES CLAROS";"Falta de Atenção à Condução";"Saída de leito carroçável";"Com Vítimas Feridas";"Plena Noite";"Crescente";"Céu Claro";"Simples";"Reta";"Não";5;0;5;0;0;0;5;1;-16,8557147;-44,06141289;"SPRF-MG";"DEL12-MG";"UOP01-DEL12-MG"
243334;2019-10-18;"sexta-feira";"21:10:00";"MS";163;676,6;"RIO VERDE DE MATO GROSSO";"Ingestão de Álcool";"Capotamento";"Com Vítimas Feridas";"Plena Noite";"Crescente";"Céu Claro";"Simples";"Curva";"Não";8;0;2;0;6;0;2;1;-18,95859108;-54,82846215;"SPRF-MS";"DEL06-MS";"UOP02-DEL06-MS"
243335;2019-10-18;"sexta-feira";"23:40:00";"SE";235;2,3;"ARACAJU";"Falta de Atenção à Condução";"Colisão com objeto estático";"Com Vítimas Feridas";"Plena Noite";"Crescente";"Céu Claro";"Dupla";"Aclive";"Sim";2;0;1;1;0;0;2;1;-10,9062;-37,1034;"SPRF-SE";"DEL01-SE";"UOP01-DEL01-SE"
243337;2019-10-18;"sexta-feira";"22:30:00";"PR";376;458,9;"TIBAGI";"Velocidade Incompatível";"Saída de leito carroçável";"Com Vítimas Feridas";"Plena Noite";"Decrescente";"Chuva";"Dupla";"Curva";"Não";6;0;0;1;5;0;1;1;-24,93610166;-50,40441513;"SPRF-PR";"DEL03-PR";"UOP01-DEL03-PR"
243338;2019-10-18;"sexta-feira";"22:35:00";"RO";364;232,9;"CACOAL";"Ingestão de Álcool";"Colisão traseira";"Com Vítimas Feridas";"Plena Noite";"Crescente";"Céu Claro";"Simples";"Reta";"Não";3;0;3;0;0;0;3;2;-11,46252848;-61,41285539;"SPRF-RO";"DEL02-RO";"UOP02-DEL02-RO"
243339;2019-10-18;"sexta-feira";"23:45:00";"PR";369;147;"LONDRINA";"Desobediência às normas de trânsito pelo condutor";"Colisão transversal";"Com Vítimas Feridas";"Plena Noite";"Decrescente";"Nublado";"Dupla";"Interseção de Vias";"Sim";3;0;0;1;1;1;1;3;-23,29198299;-51,13534927;"SPRF-PR";"DEL07-PR";"UOP01-DEL07-PR"
243340;2019-10-18;"sexta-feira";"23:00:00";"ES";101;141;"LINHARES";"Ingestão de Álcool";"Colisão traseira";"Com Vítimas Feridas";"Plena Noite";"Crescente";"Céu Claro";"Múltipla";"Reta";"Não";3;0;1;0;1;1;1;2;-19,32655693;-40,07192387;"SPRF-ES";"DEL04-ES";"UOP01-DEL04-ES"
243342;2019-10-18;"sexta-feira";"23:10:00";"PB";230;23,5;"JOAO PESSOA";"Falta de Atenção à Condução";"Colisão traseira";"Sem Vítimas";"Plena Noite";"Decrescente";"Nublado";"Dupla";"Interseção de Vias";"Sim";2;0;0;0;1;1;0;2;-7,16303235;-34,86129284;"SPRF-PB";"DEL01-PB";"UOP01-DEL01-PB"
243344;2019-10-18;"sexta-feira";"19:10:00";"DF";20;9,2;"BRASILIA";"Falta de Atenção à Condução";"Saída de leito carroçável";"Com Vítimas Feridas";"Plena Noite";"Decrescente";"Céu Claro";"Dupla";"Reta";"Sim";2;0;1;0;1;0;1;2;-15,65289544;-47,78121471;"SPRF-DF";"DEL02-DF";"UOP01-DEL02-DF"
243345;2019-10-18;"sexta-feira";"19:18:00";"SC";282;504,4;"XANXERE";"Velocidade Incompatível";"Atropelamento de Pedestre";"Com Vítimas Feridas";"Plena Noite";"Decrescente";"Nublado";"Simples";"Reta";"Sim";3;0;0;1;0;2;1;2;-26,884279;-52,408466;"SPRF-SC";"DEL07-SC";"UOP01-DEL07-SC"
243346;2019-10-18;"sexta-feira";"23:00:00";"RS";290;15,7;"SANTO ANTONIO DA PATRULHA";"Ingestão de Álcool";"Saída de leito carroçável";"Com Vítimas Feridas";"Plena Noite";"Crescente";"Céu Claro";"Dupla";"Reta";"Não";2;0;2;0;0;0;2;1;-29,86555693;-50,40470125;"SPRF-RS";"DEL03-RS";"UOP01-DEL03-RS"
243348;2019-10-18;"sexta-feira";"23:15:00";"PE";101;49,2;"ABREU E LIMA";"Falta de Atenção à Condução";"Colisão transversal";"Com Vítimas Feridas";"Plena Noite";"Decrescente";"Céu Claro";"Simples";"Reta";"Sim";2;0;1;0;1;0;1;2;-7,9005152;-34,90180641;"SPRF-PE";"DEL01-PE";"UOP02-DEL01-PE"
243350;2019-10-18;"sexta-feira";"20:00:00";"GO";70;392;"ARAGARCAS";"Animais na Pista";"Atropelamento de Animal";"Com Vítimas Feridas";"Plena Noite";"Crescente";"Céu Claro";"Simples";"Reta";"Não";2;0;0;2;0;0;2;1;-15,89199887;-51,90010071;"SPRF-GO";"DEL04-GO";"UOP01-DEL04-GO"
243351;2019-10-18;"sexta-feira";"21:55:00";"RJ";40;105;"DUQUE DE CAXIAS";"Falta de Atenção do Pedestre";"Atropelamento de Pedestre";"Com Vítimas Feridas";"Plena Noite";"Crescente";"Céu Claro";"Dupla";"Reta";"Sim";2;0;0;1;1;0;1;2;-22,63784806;-43,28428824;"SPRF-RJ";"DEL01-RJ";"UOP01-DEL01-RJ"
243352;2019-10-18;"sexta-feira";"20:24:00";"MG";40;522;"CONTAGEM";"Não guardar distância de segurança";"Colisão traseira";"Com Vítimas Feridas";"Plena Noite";"Decrescente";"Céu Claro";"Dupla";"Reta";"Sim";2;0;1;0;1;0;1;2;-19,8638731;-44,06749809;"SPRF-MG";"DEL01-MG";"UOP02-DEL01-MG"
243353;2019-10-18;"sexta-feira";"23:00:00";"BA";324;556;"AMELIA RODRIGUES";"Condutor Dormindo";"Capotamento";"Com Vítimas Feridas";"Plena Noite";"Crescente";"Nublado";"Dupla";"Reta";"Não";1;0;0;1;0;0;1;1;-12,47106487;-38,6824229;"SPRF-BA";"DEL01-BA";"UOP01-DEL01-BA"