"id";"data_inversa";"dia_semana";"horario";"uf";"br";"km";"municipio";"causa_acidente";"tipo_acidente";"classificacao_acidente";"fase_dia";"sentido_via";"condicao_metereologica";"tipo_pista";"tracado_via";"uso_solo";"pessoas";"mortos";"feridos_leves";"feridos_graves";"ilesos";"ignorados";"feridos";"veiculos";"latitude";"longitude";"regional";"delegacia";"uop"
243502;2019-10-19;"sábado";"16:30:00";"GO";70;20;"COCALZINHO DE GOIAS";"Falta de Atenção à Condução";"Colisão traseira";"Com Vítimas Feridas";"Pleno dia";"Crescente";"Céu Claro";"Dupla";"Reta";"Sim";5;0;1;0;4;0;1;2;-15,74242903;-48,37509426;"SPRF-DF";"DEL01-DF";"UOP02-DEL03-DF"
243503;2019-10-19;"sábado";"16:40:00";"DF";40;2,7;"BRASILIA";"Falta de Atenção à Condução";"Saída de leito carroçável";"Com Vítimas Feridas";"Pleno dia";"Crescente";"Céu Claro";"Dupla";"Reta";"Sim";3;0;3;0;0;0;3;1;-15,99435;-47,985947;"SPRF-DF";"DEL01-DF";"UOP01-DEL01-DF"
243504;2019-10-19;"sábado";"16:30:00";"BA";324;355;"CAPIM GROSSO";"Desobediência às normas de trânsito pelo condutor";"Colisão transversal";"Com Vítimas Feridas";"Pleno dia";"Crescente";"Sol";"Simples";"Reta";"Sim";2;0;1;0;1;0;1;2;-11,37365967;-40,00722582;"SPRF-BA";"DEL04-BA";"UOP02-DEL04-BA"
243505;2019-10-19;"sábado";"16:53:00";"CE";222;22,7;"CAUCAIA";"Desobediência às normas de trânsito pelo condutor";"Colisão lateral";"Com Vítimas Feridas";"Pleno dia";"Crescente";"Sol";"Simples";"Reta";"Sim";2;0;1;0;1;0;1;2;-3,7334234;-38,75084288;"SPRF-CE";"DEL01-CE";"UOP01-DEL01-CE"
243506;2019-10-19;"sábado";"16:10:00";"CE";222;120,9;"ITAPAJE";"Falta de Atenção à Condução";"Colisão transversal";"Com Vítimas Feridas";"Pleno dia";"Crescente";"Céu Claro";"Simples";"Reta";"Não";2;0;1;1;0;0;2;2;-3,71506803;-39,56689605;"SPRF-CE";"DEL04-CE";"UOP03-DEL04-CE"
243507;2019-10-19;"sábado";"16:58:00";"SP";116;2,7;"QUELUZ";"Falta de Atenção à Condução";"Colisão traseira";"Com Vítimas Feridas";"Pleno dia";"Crescente";"Chuva";"Dupla";"Curva";"Não";4;0;2;0;2;0;2;2;-22,523701;-44,723326;"SPRF-SP";"DEL08-SP";"UOP02-DEL08-SP"
243509;2019-10-19;"sábado";"15:00:00";"PR";467;93,5;"CASCAVEL";"Velocidade Incompatível";"Saída de leito carroçável";"Com Vítimas Feridas";"Pleno dia";"Decrescente";"Céu Claro";"Dupla";"Curva";"Não";3;0;0;3;0;0;3;1;-24,8599;-53,5868;"SPRF-PR";"DEL04-PR";"UOP01-DEL04-PR"
243511;2019-10-19;"sábado";"16:50:00";"PE";101;54;"PAULISTA";"Velocidade Incompatível";"Saída de leito carroçável";"Com Vítimas Feridas";"Anoitecer";"Decrescente";"Céu Claro";"Múltipla";"Reta";"Sim";2;0;1;0;1;0;1;1;-7,93961103;-34,90356584;"SPRF-PE";"DEL01-PE";"UOP02-DEL01-PE"
243512;2019-10-19;"sábado";"15:00:00";"SC";282;573;"PINHALZINHO";"Falta de Atenção à Condução";"Colisão transversal";"Com Vítimas Feridas";"Pleno dia";"Crescente";"Céu Claro";"Simples";"Reta";"Não";2;0;0;1;1;0;1;2;-26,872942;-52,956654;"SPRF-SC";"DEL07-SC";"UOP02-DEL07-SC"
243513;2019-10-19;"sábado";"17:45:00";"AL";104;37,4;"UNIAO DOS PALMARES";"Deficiência ou não Acionamento do Sistema de Iluminação/Sinalização do Veículo";"Colisão traseira";"Com Vítimas Feridas";"Anoitecer";"Crescente";"Céu Claro";"Simples";"Ponte";"Não";6;0;0;6;0;0;6;3;-9,17491283;-36,02935415;"SPRF-AL";"DEL01-AL";"UOP02-DEL01-AL"
243517;2019-10-19;"sábado";"18:10:00";"PE";428;191;"PETROLINA";"Desobediência às normas de trânsito pelo condutor";"Colisão transversal";"Com Vítimas Feridas";"Plena Noite";"Decrescente";"Céu Claro";"Dupla";"Retorno Regulamentado";"Sim";2;0;2;0;0;0;2;2;-9,38191505;-40,51341534;"SPRF-PE";"DEL06-PE";"UOP01-DEL06-PE"
243518;2019-07-11;"quinta-feira";"13:50:00";"BA";101;584;"CAMACAN";"Falta de Atenção à Condução";"Colisão transversal";"Com Vítimas Feridas";"Pleno dia";"Decrescente";"Céu Claro";"Simples";"Interseção de Vias";"Não";2;0;1;0;1;0;1;2;-15,386244;-39,483918;"SPRF-BA";"DEL05-BA";"UOP02-DEL05-BA"
243519;2019-10-19;"sábado";"17:40:00";"SC";101;193;"BIGUACU";"Ingestão de Substâncias Psicoativas";"Colisão transversal";"Com Vítimas Feridas";"Pleno dia";"Crescente";"Céu Claro";"Simples";"Reta";"Sim";3;0;1;2;0;0;3;2;-27,489574;-48,655914;"SPRF-SC";"DEL01-SC";"UOP01-DEL01-SC"
243522;2019-10-19;"sábado";"17:40:00";"MG";262;438;"NOVA SERRANA";"Falta de Atenção à Condução";"Queda de ocupante de veículo";"Sem Vítimas";"Anoitecer";"Crescente";"Céu Claro";"Dupla";"Reta";"Não";1;0;0;0;0;1;0;1;-19,89280962;-44,878453;"SPRF-MG";"DEL08-MG";"UOP03-DEL08-MG"
243523;2019-10-19;"sábado";"17:30:00";"SC";101;84,1;"BARRA VELHA";"Falta de Atenção à Condução";"Colisão traseira";"Com Vítimas Feridas";"Pleno dia";"Decrescente";"Nublado";"Dupla";"Reta";"Sim";5;0;4;0;1;0;4;2;-26,62404682;-48,71394986;"SPRF-SC";"DEL03-SC";"UOP02-DEL03-SC"
243538;2019-10-19;"sábado";"18:40:00";"MG";116;154,6;"PONTO DOS VOLANTES";"Ultrapassagem Indevida";"Colisão frontal";"Com Vítimas Fatais";"Plena Noite";"Crescente";"Céu Claro";"Simples";"Curva";"Não";2;1;0;0;1;0;0;2;-16,88419513;-41,4761753;"SPRF-MG";"DEL11-MG";"UOP02-DEL11-MG"
243541;2019-10-19;"sábado";"18:15:00";"SP";381;67;"MAIRIPORA";"Falta de Atenção à Condução";"Colisão traseira";"Com Vítimas Feridas";"Plena Noite";"Crescente";"Nublado";"Múltipla";"Reta";"Não";2;0;0;1;1;0;1;2;-23,33226094;-46,57675379;"SPRF-SP";"DEL03-SP";"UOP01-DEL03-SP"
243543;2019-10-19;"sábado";"18:30:00";"PI";316;10;"TERESINA";"Falta de Atenção à Condução";"Colisão lateral";"Sem Vítimas";"Plena Noite";"Crescente";"Céu Claro";"Simples";"Rotatória";"Sim";2;0;0;0;2;0;0;2;-5,18280197;-42,76350291;"SPRF-PI";"DEL01-PI";"UOP02-DEL01-PI"
243548;2019-10-19;"sábado";"07:15:00";"SC";153;29,4;"AGUA DOCE";"Velocidade Incompatível";"Saída de leito carroçável";"Com Vítimas Feridas";"Pleno dia";"Decrescente";"Céu Claro";"Simples";"Reta";"Não";1;0;1;0;0;0;1;1;-26,779648;-51,684895;"SPRF-SC";"DEL07-SC";"UOP07-DEL07-SC"
243549;2019-10-19;"sábado";"15:30:00";"MT";364;476;"JANGADA";"Ultrapassagem Indevida";"Colisão frontal";"Com Vítimas Feridas";"Pleno dia";"Decrescente";"Céu Claro";"Simples";"Aclive";"Não";6;0;3;2;1;0;5;2;-15,41715232;-56,34834541;"SPRF-MT";"DEL01-MT";"DEL2/4-UOP02/MT"
243550;2019-10-19;"sábado";"18:50:00";"ES";101;460,5;"MIMOSO DO SUL";"Velocidade Incompatível";"Saída de leito carroçável";"Com Vítimas Feridas";"Plena Noite";"Crescente";"Céu Claro";"Simples";"Curva";"Não";1;0;0;1;0;0;1;1;-21,21801125;-41,29980483;"SPRF-ES";"DEL03-ES";"UOP02-DEL03-ES"
243555;2019-10-19;"sábado";"18:50:00";"PA";316;56;"CASTANHAL";"Ingestão de Álcool";"Colisão lateral";"Com Vítimas Feridas";"Plena Noite";"Decrescente";"Céu Claro";"Dupla";"Reta";"Não";2;0;2;0;0;0;2;2;-1,30296976;-47,99063907;"SPRF-PA";"DEL01-PA";"UOP01-DEL01-PA"
243556;2019-10-19;"sábado";"18:00:00";"SC";153;59;"IRANI";"Ingestão de Substâncias Psicoativas";"Colisão transversal";"Com Vítimas Feridas";"Pleno dia";"Decrescente";"Céu Claro";"Simples";"Interseção de Vias";"Não";3;0;1;0;2;0;1;2;-26,96889571;-51,85340881;"SPRF-SC";"DEL07-SC";"UOP04-DEL07-SC"
243557;2019-10-19;"sábado";"18:45:00";"RJ";116;274;"BARRA MANSA";"Falta de Atenção do Pedestre";"Atropelamento de Pedestre";"Com Vítimas Fatais";"Plena Noite";"Crescente";"Nublado";"Dupla";"Reta";"Sim";2;1;0;0;1;0;0;2;-22,56163574;-44,14771584;"SPRF-RJ";"DEL07-RJ";"UOP02-DEL07-RJ"
243558;2019-10-19;"sábado";"18:30:00";"SP";153;58,5;"SAO JOSE DO RIO PRETO";"Ingestão de Álcool";"Colisão traseira";"Sem Vítimas";"Anoitecer";"Crescente";"Céu Claro";"Dupla";"Reta";"Sim";2;0;0;0;2;0;0;2;-20,78733103;-49,35399276;"SPRF-SP";"DEL09-SP";"UOP01-DEL09-SP"
243559;2019-10-19;"sábado";"19:00:00";"MG";267;34,9;"ARGIRITA";"Ingestão de Álcool";"Capotamento";"Com Vítimas Feridas";"Plena Noite";"Crescente";"Nublado";"Simples";"Curva";"Não";1;0;1;0;0;0;1;1;-21,65174033;-42,86293197;"SPRF-MG";"DEL07-MG";"UOP01-DEL07-MG"
243560;2019-10-19;"sábado";"18:20:00";"PB";230;499,3;"CAJAZEIRAS";"Ingestão de Álcool";"Colisão lateral";"Com Vítimas Fatais";"Plena Noite";"Crescente";"Céu Claro";"Simples";"Reta";"Não";3;1;0;0;2;0;0;3;-6,8995;-38,499;"SPRF-PB";"DEL03-PB";"UOP03-DEL03-PB"
243561;2019-10-19;"sábado";"19:20:00";"GO";158;1;"ARAGARCAS";"Falta de Atenção à Condução";"Queda de ocupante de veículo";"Com Vítimas Feridas";"Plena Noite";"Decrescente";"Céu Claro";"Dupla";"Reta";"Sim";1;0;1;0;0;0;1;1;-15,8964223;-52,24355901;"SPRF-GO";"DEL04-GO";"UOP01-DEL04-GO"
243562;2019-10-19;"sábado";"17:30:00";"MG";40;509;"RIBEIRAO DAS NEVES";"Pista Escorregadia";"Saída de leito carroçável";"Sem Vítimas";"Pleno dia";"Decrescente";"Céu Claro";"Dupla";"Reta;Declive";"Não";1;0;0;0;1;0;0;1;-19,76728744;-44,12855905;"SPRF-MG";"DEL01-MG";"UOP02-DEL01-MG"
243563;2019-10-19;"sábado";"19:30:00";"DF";70;10;"BRASILIA";"Falta de Atenção à Condução";"Colisão traseira";"Com Vítimas Feridas";"Plena Noite";"Crescente";"Céu Claro";"Dupla";"Reta";"Sim";3;0;0;1;1;1;1;3;-15,787066;-48,140709;"SPRF-DF";"DEL01-DF";"UOP02-DEL03-DF"
243564;2019-10-19;"sábado";"19:45:00";"GO";60;48,5;"APARECIDA DE GOIANIA";"Mal Súbito";"Queda de ocupante de veículo";"Com Vítimas Feridas";"Plena Noite";"Crescente";"Céu Claro";"Dupla";"Reta;Declive";"Sim";1;0;0;1;0;0;1;1;-16,78594558;-49,26034754;"SPRF-GO";"DEL01-GO";"UOP03-DEL01-GO"
243565;2019-10-19;"sábado";"19:30:00";"PR";369;178;"ROLANDIA";"Falta de Atenção à Condução";"Colisão transversal";"Com Vítimas Feridas";"Plena Noite";"Decrescente";"Céu Claro";"Dupla";"Retorno Regulamentado";"Sim";2;0;1;0;1;0;1;2;-23,35797443;-51,39567643;"SPRF-PR";"DEL07-PR";"UOP01-DEL07-PR"
243566;2019-10-19;"sábado";"18:20:00";"PE";423;91,6;"GARANHUNS";"Ingestão de Álcool";"Atropelamento de Pedestre";"Com Vítimas Feridas";"Plena Noite";"Decrescente";"Céu Claro";"Simples";"Curva";"Sim";2;0;1;0;0;1;1;2;-8,85375408;-36,46278381;"SPRF-PE";"DEL03-PE";"UOP01-DEL03-PE"
243567;2019-10-19;"sábado";"19:45:00";"RJ";116;133;"MAGE";"Falta de Atenção à Condução";"Colisão lateral";"Com Vítimas Feridas";"Plena Noite";"Decrescente";"Nublado";"Múltipla";"Reta";"Não";4;0;1;0;3;0;1;4;-22,65418284;-43,14382995;"SPRF-RJ";"DEL04-RJ";"UOP02-DEL04-RJ"
243569;2019-10-07;"segunda-feira";"12:02:00";"SC";101;120;"ITAJAI";"Velocidade Incompatível";"Queda de ocupante de veículo";"Com Vítimas Feridas";"Pleno dia";"Decrescente";"Nublado";"Múltipla";"Reta";"Sim";1;0;0;1;0;0;1;1;-26,912758;-48,711998;"SPRF-SC";"DEL04-SC";"UOP04-DEL04-SC"
243570;2019-10-19;"sábado";"06:00:00";"SP";116;515;"CAJATI";"Velocidade Incompatível";"Capotamento";"Com Vítimas Feridas";"Amanhecer";"Decrescente";"Chuva";"Simples";"Curva";"Não";5;0;3;2;0;0;5;1;-24,86868296;-48,21075439;"SPRF-SP";"DEL05-SP";"UAP01-DEL05-SP"
243682;2019-10-19;"sábado";"20:30:00";"PI";316;314;"PICOS";"Falta de Atenção à Condução";"Colisão lateral";"Com Vítimas Feridas";"Plena Noite";"Crescente";"Céu Claro";"Simples";"Reta";"Sim";2;0;1;0;0;1;1;2;-7,0776992;-41,44117384;"SPRF-PI";"DEL04-PI";"UOP01-DEL04-PI"
243686;2019-10-19;"sábado";"20:15:00";"PR";272;368,1;"CAMPO MOURAO";"Velocidade Incompatível";"Atropelamento de Pedestre";"Com Vítimas Fatais";"Plena Noite";"Crescente";"Céu Claro";"Dupla";"Reta";"Sim";2;1;0;1;0;0;1;2;-24,05475193;-52,41061403;"SPRF-PR";"DEL04-PR";"UOP03-DEL09-PR"
243688;2019-10-19;"sábado";"18:45:00";"MT";163;754;"SORRISO";"Pista Escorregadia";"Colisão traseira";"Com Vítimas Feridas";"Plena Noite";"Crescente";"Chuva";"Dupla";"Reta";"Não";2;0;1;0;1;0;1;2;-12,63892516;-55,78118581;"SPRF-MT";"DEL06-MT";"UOP01-DEL06-MT"
243689;2019-10-19;"sábado";"17:45:00";"PR";476;336;"PAULA FREITAS";"Ingestão de Álcool";"Saída de leito carroçável";"Com Vítimas Feridas";"Plena Noite";"Crescente";"Nublado";"Simples";"Reta";"Não";2;0;1;0;1;0;1;1;-26,1369;-50,863815;"SPRF-PR";"DEL02-PR";"UOP04-DEL02-PR"
243690;2019-10-19;"sábado";"19:00:00";"MT";163;769,7;"SORRISO";"Ingestão de Álcool";"Colisão lateral";"Sem Vítimas";"Plena Noite";"Decrescente";"Chuva";"Dupla";"Reta";"Sim";3;0;0;0;3;0;0;2;-12,52391451;-55,70108593;"SPRF-MT";"DEL06-MT";"UOP01-DEL06-MT"
243691;2019-10-19;"sábado";"19:10:00";"MG";262;442,8;"NOVA SERRANA";"Falta de Atenção à Condução";"Colisão transversal";"Com Vítimas Feridas";"Plena Noite";"Crescente";"Céu Claro";"Dupla";"Reta";"Sim";3;0;0;1;1;1;1;3;-19,8806236;-44,91232265;"SPRF-MG";"DEL08-MG";"UOP03-DEL08-MG"
243693;2019-10-19;"sábado";"19:45:00";"SC";280;28,7;"ARAQUARI";"Falta de Atenção à Condução";"Colisão transversal";"Com Vítimas Feridas";"Plena Noite";"Crescente";"Céu Claro";"Simples";"Reta";"Sim";2;0;1;0;1;0;1;2;-26,408824;-48,750718;"SPRF-SC";"DEL03-SC";"UOP03-DEL03-SC"
243695;2019-10-19;"sábado";"20:50:00";"SP";116;201;"ARUJA";"Desobediência às normas de trânsito pelo condutor";"Capotamento";"Com Vítimas Feridas";"Plena Noite";"Crescente";"Chuva";"Simples";"Reta";"Não";3;0;3;0;0;0;3;1;-23,40362877;-46,33050107;"SPRF-SP";"DEL01-SP";"UOP02-DEL01-SP"
243714;2019-10-19;"sábado";"18:45:00";"MG";381;445;"SABARA";"Defeito Mecânico no Veículo";"Colisão frontal";"Com Vítimas Feridas";"Plena Noite";"Crescente";"Chuva";"Simples";"Curva;Aclive";"Não";4;0;1;0;3;0;1;2;-19,82543027;-43,83409786;"SPRF-MG";"DEL01-MG";"UOP01-DEL01-MG"
243716;2019-10-19;"sábado";"19:00:00";"MG";381;183,7;"GOVERNADOR VALADARES";"Animais na Pista";"Atropelamento de Animal";"Com Vítimas Feridas";"Plena Noite";"Crescente";"Céu Claro";"Simples";"Curva";"Não";2;0;2;0;0;0;2;1;-19,03161239;-42,14904785;"SPRF-MG";"DEL06-MG";"UOP01-DEL06-MG"
243782;2019-10-19;"sábado";"20:50:00";"MG";50;69;"UBERLANDIA";"Ingestão de Álcool";"Colisão traseira";"Com Vítimas Feridas";"Plena Noite";"Crescente";"Céu Claro";"Dupla";"Viaduto";"Sim";4;0;0;2;1;1;2;3;-18,85140204;-48,25345932;"SPRF-MG";"DEL15-MG";"UOP01-DEL15-MG"
243799;2019-10-19;"sábado";"21:05:00";"RJ";101;415;"MANGARATIBA";"Restrição de Visibilidade";"Colisão com objeto estático";"Sem Vítimas";"Plena Noite";"Crescente";"Garoa/Chuvisco";"Dupla";"Reta";"Não";3;0;0;0;3;0;0;1;-22,91069904;-43,89328837;"SPRF-RJ";"DEL03-RJ";"UOP01-DEL03-RJ"
243801;2019-10-19;"sábado";"22:00:00";"RS";116;156;"CAXIAS DO SUL";"Desobediência às normas de trânsito pelo condutor";"Colisão transversal";"Com Vítimas Feridas";"Plena Noite";"Crescente";"Céu Claro";"Simples";"Aclive";"Sim";2;0;1;0;1;0;1;2;-29,20731013;-51,17757864;"SPRF-RS";"DEL05-RS";"UOP01-DEL05-RS"
243802;2019-10-19;"sábado";"21:40:00";"PE";104;58,5;"CARUARU";"Não guardar distância de segurança";"Colisão lateral";"Com Vítimas Feridas";"Plena Noite";"Decrescente";"Céu Claro";"Dupla";"Reta";"Sim";3;0;2;0;1;0;2;2;-8,2265;-35,9779;"SPRF-PE";"DEL02-PE";"UOP01-DEL02-PE"
243803;2019-10-19;"sábado";"22:00:00";"RN";427;53,3;"JARDIM DO SERIDO";"Ingestão de Álcool";"Colisão com objeto estático";"Com Vítimas Feridas";"Plena Noite";"Decrescente";"Céu Claro";"Simples";"Reta";"Sim";1;0;0;1;0;0;1;1;-6,57781878;-36,75959234;"SPRF-RN";"DEL03-RN";"UOP01-DEL03-RN"
243804;2019-10-19;"sábado";"21:30:00";"GO";153;494,9;"GOIANIA";"Ingestão de álcool e/ou substâncias psicoativas pelo pedestre";"Colisão lateral";"Sem Vítimas";"Plena Noite";"Decrescente";"Céu Claro";"Dupla";"Declive";"Sim";3;0;0;0;2;1;0;3;-16,6614;-49,2218;"SPRF-GO";"DEL01-GO";"UOP01-DEL01-GO"
243805;2019-10-19;"sábado";"21:45:00";"SC";101;38,6;"JOINVILLE";"Ingestão de Álcool";"Colisão com objeto estático";"Com Vítimas Feridas";"Plena Noite";"Crescente";"Chuva";"Dupla";"Reta";"Sim";1;0;1;0;0;0;1;1;-26,25472505;-48,90561309;"SPRF-SC";"DEL03-SC";"UOP01-DEL03-SC"
243813;2019-10-19;"sábado";"21:15:00";"ES";101;46;"SAO MATEUS";"Ingestão de Álcool";"Colisão traseira";"Com Vítimas Feridas";"Plena Noite";"Crescente";"Céu Claro";"Simples";"Reta";"Não";2;0;1;0;1;0;1;2;-18,55144093;-39,90284075;"SPRF-ES";"DEL04-ES";"UOP02-DEL04-ES"
243814;2019-10-19;"sábado";"22:20:00";"PR";476;274;"SAO MATEUS DO SUL";"Defeito Mecânico no Veículo";"Incêndio";"Sem Vítimas";"Plena Noite";"Crescente";"Céu Claro";"Simples";"Reta;Ponte";"Sim";1;0;0;0;0;1;0;1;-25,893393;-50,377842;"SPRF-PR";"DEL02-PR";"UOP04-DEL02-PR"
243815;2019-10-19;"sábado";"22:10:00";"RJ";101;51;"CAMPOS DOS GOYTACAZES";"Desobediência às normas de trânsito pelo condutor";"Colisão transversal";"Com Vítimas Feridas";"Plena Noite";"Crescente";"Céu Claro";"Simples";"Reta";"Não";3;0;1;0;1;1;1;2;-21,64273198;-41,31170082;"SPRF-RJ";"DEL08-RJ";"UOP01-DEL08-RJ"
243816;2019-10-19;"sábado";"22:41:00";"SP";116;155,8;"SAO JOSE DOS CAMPOS";"Falta de Atenção à Condução";"Colisão com objeto estático";"Com Vítimas Fatais";"Plena Noite";"Decrescente";"Céu Claro";"Múltipla";"Reta";"Sim";1;1;0;0;0;0;0;1;-23,24524337;-45,92772774;"SPRF-SP";"DEL02-SP";"UOP01-DEL02-SP"
243818;2019-10-19;"sábado";"20:00:00";"PR";153;105;"IBAITI";"Falta de Atenção à Condução";"Colisão transversal";"Com Vítimas Feridas";"Plena Noite";"Crescente";"Céu Claro";"Simples";"Reta";"Não";4;0;4;0;0;0;4;2;-23,82153383;-50,18318653;"SPRF-PR";"DEL07-PR";"UOP04-DEL07-PR"
243847;2019-10-19;"sábado";"22:00:00";"MT";163;832;"SINOP";"Restrição de Visibilidade";"Queda de ocupante de veículo";"Com Vítimas Feridas";"Plena Noite";"Crescente";"Ignorado";"Dupla";"Reta";"Sim";2;0;2;0;0;0;2;1;-12,0138;-55,51719;"SPRF-MT";"DEL06-MT";"UOP01-DEL06-MT"
243848;2019-10-19;"sábado";"22:40:00";"PR";277;597,8;"CASCAVEL";"Ingestão de álcool e/ou substâncias psicoativas pelo pedestre";"Saída de leito carroçável";"Com Vítimas Feridas";"Plena Noite";"Crescente";"Céu Claro";"Dupla";"Reta";"Não";2;0;2;0;0;0;2;1;-25,00260399;-53,52366513;"SPRF-PR";"DEL04-PR";"UOP01-DEL04-PR"
243864;2019-10-19;"sábado";"23:40:00";"MG";381;477,5;"CONTAGEM";"Velocidade Incompatível";"Colisão com objeto estático";"Com Vítimas Feridas";"Plena Noite";"Decrescente";"Céu Claro";"Dupla";"Reta";"Sim";6;0;3;0;1;2;3;2;-19,95926825;-44,0328669;"SPRF-MG";"DEL01-MG";"UOP03-DEL01-MG"
243866;2019-10-19;"sábado";"18:00:00";"RO";364;665;"PORTO VELHO";"Falta de Atenção à Condução";"Capotamento";"Com Vítimas Feridas";"Pleno dia";"Decrescente";"Céu Claro";"Dupla";"Reta";"Não";2;0;1;0;1;0;1;1;-8,79908957;-63,71355236;"SPRF-RO";"DEL01-RO";"UOP01-DEL01-RO"
243867;2019-10-19;"sábado";"22:40:00";"RN";101;29,2;"RIO DO FOGO";"Condutor Dormindo";"Incêndio";"Sem Vítimas";"Plena Noite";"Crescente";"Céu Claro";"Simples";"Reta";"Não";1;0;0;0;1;0;0;1;-5,362644;-35,381651;"SPRF-RN";"DEL02-RN";"UOP01-DEL02-RN"
243868;2019-09-29;"domingo";"19:32:00";"GO";251;31,5;"CRISTALINA";"Ingestão de Álcool";"Colisão transversal";"Com Vítimas Fatais";"Plena Noite";"Crescente";"Céu Claro";"Simples";"Reta";"Sim";3;1;0;0;2;0;0;2;-16,07547768;-47,52869776;"SPRF-DF";"DEL01-DF";"UOP01-DEL01-DF"
243869;2019-10-20;"domingo";"00:37:00";"PI";343;14,2;"PARNAIBA";"Ingestão de Álcool";"Colisão com objeto estático";"Com Vítimas Feridas";"Plena Noite";"Decrescente";"Céu Claro";"Dupla";"Rotatória";"Sim";1;0;1;0;0;0;1;1;-2,92916531;-41,75370097;"SPRF-PI";"DEL05-PI";"UOP01-DEL05-PI"
243870;2019-10-19;"sábado";"22:50:00";"SC";282;526;"XAXIM";"Ingestão de Álcool";"Saída de leito carroçável";"Sem Vítimas";"Plena Noite";"Crescente";"Céu Claro";"Simples";"Reta";"Não";1;0;0;0;0;1;0;1;-26,969427;-52,57497;"SPRF-SC";"DEL07-SC";"UOP01-DEL07-SC"
243874;2019-10-20;"domingo";"01:00:00";"RJ";116;300;"RESENDE";"Falta de Atenção do Pedestre";"Capotamento";"Com Vítimas Feridas";"Plena Noite";"Crescente";"Nublado";"Dupla";"Reta";"Sim";1;0;1;0;0;0;1;1;-22,45223481;-44,35432502;"SPRF-RJ";"DEL07-RJ";"DEL5/7-UOP03/RJ"
243875;2019-10-20;"domingo";"00:50:00";"MG";40;555;"NOVA LIMA";"Ingestão de álcool e/ou substâncias psicoativas pelo pedestre";"Saída de leito carroçável";"Sem Vítimas";"Plena Noite";"Decrescente";"Céu Claro";"Dupla";"Reta";"Não";1;0;0;0;0;1;0;1;-20,08472706;-43,97697012;"SPRF-MG";"DEL01-MG";"UOP02-DEL01-MG"
243895;2019-10-19;"sábado";"19:59:00";"DF";70;12;"BRASILIA";"Falta de Atenção à Condução";"Colisão lateral";"Com Vítimas Feridas";"Plena Noite";"Crescente";"Céu Claro";"Dupla";"Reta";"Sim";5;0;0;1;4;0;1;2;-15,792243;-48,158543;"SPRF-DF";"DEL01-DF";"UOP02-DEL03-DF"
243896;2019-10-19;"sábado";"23:59:00";"RO";364;711;"PORTO VELHO";"Ingestão de Álcool";"Tombamento";"Com Vítimas Feridas";"Plena Noite";"Crescente";"Céu Claro";"Dupla";"Reta";"Sim";1;0;1;0;0;0;1;1;-8,78153947;-63,86531369;"SPRF-RO";"DEL01-RO";"UOP01-DEL01-RO"
243897;2019-10-20;"domingo";"01:00:00";"SP";116;220;"GUARULHOS";"Ingestão de Álcool";"Colisão traseira";"Com Vítimas Feridas";"Plena Noite";"Crescente";"Céu Claro";"Múltipla";"Reta";"Sim";4;0;1;0;3;0;1;2;-23,46495432;-46,49970353;"SPRF-SP";"DEL01-SP";"UOP01-DEL01-SP"
243898;2019-10-20;"domingo";"01:00:00";"DF";60;0,9;"BRASILIA";"Ingestão de Álcool";"Colisão traseira";"Sem Vítimas";"Plena Noite";"Decrescente";"Céu Claro";"Dupla";"Reta";"Sim";2;0;0;0;2;0;0;2;-15,882499;-48,060212;"SPRF-DF";"DEL01-DF";"UOP01-DEL03-DF"
243899;2019-10-20;"domingo";"01:00:00";"MG";116;160,5;"PADRE PARAISO";"Falta de Atenção à Condução";"Colisão frontal";"Com Vítimas Feridas";"Plena Noite";"Decrescente";"Céu Claro";"Simples";"Reta";"Não";2;0;1;1;0;0;2;2;-16,93419597;-41,46276268;"SPRF-MG";"DEL11-MG";"UOP02-DEL11-MG"
243900;2019-10-19;"sábado";"22:40:00";"DF";70;2;"BRASILIA";"Velocidade Incompatível";"Colisão traseira";"Sem Vítimas";"Plena Noite";"Decrescente";"Céu Claro";"Múltipla";"Reta";"Sim";2;0;0;0;2;0;0;2;-15,798048;-48,073235;"SPRF-DF";"DEL01-DF";"UOP02-DEL03-DF"
243901;2019-10-20;"domingo";"01:30:00";"PR";376;172;"MARINGA";"Falta de Atenção à Condução";"Queda de ocupante de veículo";"Com Vítimas Feridas";"Plena Noite";"Decrescente";"Céu Claro";"Dupla";"Reta";"Não";1;0;1;0;0;0;1;1;-23,4191001;-51,96816601;"SPRF-PR";"DEL07-PR";"UOP01-DEL09-PR"
243902;2019-10-19;"sábado";"23:30:00";"PR";476;131;"CURITIBA";"Condutor Dormindo";"Colisão com objeto estático";"Com Vítimas Feridas";"Plena Noite";"Decrescente";"Céu Claro";"Dupla";"Reta";"Sim";1;0;1;0;0;0;1;1;-25,453636;-49,245155;"SPRF-PR";"DEL01-PR";"UOP07-DEL01-PR"
243903;2019-10-20;"domingo";"00:05:00";"SC";280;154,2;"MAFRA";"Falta de Atenção à Condução";"Colisão frontal";"Com Vítimas Feridas";"Plena Noite";"Decrescente";"Nublado";"Simples";"Curva";"Não";6;0;2;2;2;0;4;2;-26,21362587;-49,7181449;"SPRF-SC";"DEL06-SC";"UOP03-DEL06-SC"