"id";"data_inversa";"dia_semana";"horario";"uf";"br";"km";"municipio";"causa_acidente";"tipo_acidente";"classificacao_acidente";"fase_dia";"sentido_via";"condicao_metereologica";"tipo_pista";"tracado_via";"uso_solo";"pessoas";"mortos";"feridos_leves";"feridos_graves";"ilesos";"ignorados";"feridos";"veiculos";"latitude";"longitude";"regional";"delegacia";"uop"
243913;2019-10-20;"domingo";"01:45:00";"SC";101;122;"ITAJAI";"Não guardar distância de segurança";"Colisão traseira";"Sem Vítimas";"Plena Noite";"Crescente";"Nublado";"Múltipla";"Reta";"Sim";2;0;0;0;2;0;0;2;-26,92955916;-48,70499836;"SPRF-SC";"DEL04-SC";"UOP04-DEL04-SC"
243935;2019-10-20;"domingo";"01:30:00";"MT";70;1,4;"BARRA DO GARCAS";"Desobediência às normas de trânsito pelo condutor";"Colisão lateral";"Com Vítimas Feridas";"Plena Noite";"Crescente";"Céu Claro";"Simples";"Reta";"Não";3;0;1;2;0;0;3;2;-15,89164596;-52,26202884;"SPRF-MT";"DEL07-MT";"UOP01-DEL07-MT"
243937;2019-10-20;"domingo";"01:50:00";"RS";287;248;"SANTA MARIA";"Desobediência às normas de trânsito pelo condutor";"Colisão com objeto estático";"Sem Vítimas";"Plena Noite";"Crescente";"Céu Claro";"Simples";"Em Obras";"Sim";1;0;0;0;0;1;0;1;-29,696018;-53,850956;"SPRF-RS";"DEL09-RS";"UOP01-DEL09-RS"
243938;2019-10-19;"sábado";"22:00:00";"GO";158;261,2;"JATAI";"Ingestão de Álcool";"Saída de leito carroçável";"Sem Vítimas";"Plena Noite";"Decrescente";"Céu Claro";"Simples";"Reta";"Não";1;0;0;0;1;0;0;1;-17,81485005;-51,78709939;"SPRF-GO";"DEL05-GO";"UOP01-DEL05-GO"
243939;2019-10-20;"domingo";"03:00:00";"RJ";101;492;"ANGRA DOS REIS";"Ingestão de Álcool";"Saída de leito carroçável";"Com Vítimas Feridas";"Plena Noite";"Crescente";"Chuva";"Simples";"Curva";"Não";2;0;2;0;0;0;2;1;-22,94874989;-44,3279949;"SPRF-RJ";"DEL03-RJ";"UOP02-DEL03-RJ"
243940;2019-10-20;"domingo";"03:00:00";"MT";70;675;"CACERES";"Falta de Atenção à Condução";"Colisão lateral";"Com Vítimas Feridas";"Plena Noite";"Crescente";"Céu Claro";"Simples";"Reta";"Não";2;0;1;0;1;0;1;2;-16,08629405;-57,28491392;"SPRF-MT";"DEL03-MT";"UOP02-DEL03-MT"
243942;2019-10-20;"domingo";"02:45:00";"PB";230;81;"SOBRADO";"Ingestão de Álcool";"Tombamento";"Com Vítimas Feridas";"Plena Noite";"Decrescente";"Céu Claro";"Simples";"Reta";"Não";2;0;1;1;0;0;2;1;-7,17754139;-35,32688141;"SPRF-PB";"DEL01-PB";"UOP03-DEL01-PB"
243944;2019-10-20;"domingo";"05:50:00";"ES";262;34,5;"DOMINGOS MARTINS";"Condutor Dormindo";"Colisão transversal";"Com Vítimas Feridas";"Amanhecer";"Crescente";"Céu Claro";"Simples";"Curva";"Não";2;0;1;0;1;0;1;2;-20,37309781;-40,5917608;"SPRF-ES";"DEL01-ES";"UOP01-DEL01-ES"
243945;2019-10-20;"domingo";"02:45:00";"MT";174;3;"PONTES E LACERDA";"Ingestão de Álcool";"Colisão frontal";"Com Vítimas Feridas";"Plena Noite";"Decrescente";"Garoa/Chuvisco";"Simples";"Curva";"Sim";5;0;3;2;0;0;5;2;-15,244267;-59,332745;"SPRF-MT";"DEL04-MT";"UOP01-DEL04-MT"
243946;2019-10-20;"domingo";"05:20:00";"PB";230;9;"CABEDELO";"Ingestão de Álcool";"Saída de leito carroçável";"Sem Vítimas";"Amanhecer";"Decrescente";"Céu Claro";"Dupla";"Em Obras";"Sim";1;0;0;0;1;0;0;1;-7,0433;-34,8466;"SPRF-PB";"DEL01-PB";"UOP01-DEL01-PB"
243947;2019-10-20;"domingo";"06:15:00";"SC";101;110,3;"PENHA";"Falta de Atenção à Condução";"Colisão com objeto estático";"Com Vítimas Feridas";"Amanhecer";"Decrescente";"Nublado";"Dupla";"Curva";"Não";1;0;0;1;0;0;1;1;-26,83477;-48,706151;"SPRF-SC";"DEL03-SC";"UOP02-DEL03-SC"
243948;2019-10-20;"domingo";"04:00:00";"PR";373;259,3;"PRUDENTOPOLIS";"Condutor Dormindo";"Saída de leito carroçável";"Com Vítimas Feridas";"Plena Noite";"Decrescente";"Nublado";"Simples";"Curva";"Sim";1;0;1;0;0;0;1;1;-25,206547;-50,936092;"SPRF-PR";"DEL03-PR";"UOP01-DEL03-PR"
243949;2019-10-20;"domingo";"06:15:00";"PE";101;31,8;"IGARASSU";"Falta de Atenção à Condução";"Saída de leito carroçável";"Com Vítimas Feridas";"Pleno dia";"Crescente";"Céu Claro";"Dupla";"Curva";"Sim";2;0;1;0;1;0;1;2;-7,74443874;-34,93872764;"SPRF-PE";"DEL01-PE";"UOP02-DEL01-PE"
243951;2019-10-20;"domingo";"04:50:00";"RJ";116;136;"MAGE";"Animais na Pista";"Capotamento";"Com Vítimas Feridas";"Amanhecer";"Crescente";"Garoa/Chuvisco";"Dupla";"Reta";"Sim";3;0;2;0;1;0;2;1;-22,64988985;-43,17250297;"SPRF-RJ";"DEL04-RJ";"UOP02-DEL04-RJ"
243952;2019-10-20;"domingo";"05:20:00";"RS";116;249;"SAO LEOPOLDO";"Condutor Dormindo";"Colisão com objeto estático";"Com Vítimas Feridas";"Amanhecer";"Crescente";"Nublado";"Múltipla";"Reta";"Sim";1;0;1;0;0;0;1;1;-29,7831804;-51,16099063;"SPRF-RS";"DEL01-RS";"UOP02-DEL01-RS"
243953;2019-10-19;"sábado";"22:02:00";"CE";226;141;"MILHA";"Ingestão de Álcool";"Colisão frontal";"Com Vítimas Feridas";"Plena Noite";"Crescente";"Ignorado";"Simples";"Reta";"Não";2;0;0;1;0;1;1;2;-5,68452312;-39,19550106;"SPRF-CE";"DEL02-CE";"UOP02-DEL02-CE"
243954;2019-10-20;"domingo";"06:00:00";"RJ";116;68;"TERESOPOLIS";"Falta de Atenção à Condução";"Colisão frontal";"Com Vítimas Feridas";"Amanhecer";"Crescente";"Nublado";"Simples";"Reta";"Não";6;0;0;6;0;0;6;2;-22,30203301;-42,93608798;"SPRF-RJ";"DEL04-RJ";"UOP01-DEL04-RJ"
243955;2019-10-19;"sábado";"18:30:00";"MG";459;104;"POUSO ALEGRE";"Ingestão de Álcool";"Colisão traseira";"Com Vítimas Feridas";"Plena Noite";"Decrescente";"Nublado";"Dupla";"Curva";"Não";2;0;1;0;1;0;1;2;-22,23886906;-45,89247327;"SPRF-MG";"DEL16-MG";"UOP01-DEL16-MG"
243956;2019-10-20;"domingo";"05:20:00";"MG";262;184;"SAO DOMINGOS DO PRATA";"Objeto estático sobre o leito carroçável";"Saída de leito carroçável";"Com Vítimas Feridas";"Amanhecer";"Crescente";"Nublado";"Simples";"Declive";"Não";2;0;0;1;1;0;1;1;-19,90554246;-43,02879988;"SPRF-MG";"DEL03-MG";"UOP01-DEL03-MG"
243957;2019-10-19;"sábado";"10:15:00";"MG";116;413;"GOVERNADOR VALADARES";"Falta de Atenção à Condução";"Colisão transversal";"Com Vítimas Feridas";"Pleno dia";"Decrescente";"Céu Claro";"Dupla";"Retorno Regulamentado";"Sim";2;0;1;0;1;0;1;2;-18,873907;-41,966366;"SPRF-MG";"DEL06-MG";"UOP01-DEL06-MG"
243958;2019-10-20;"domingo";"04:40:00";"PA";316;65;"CASTANHAL";"Ingestão de Álcool";"Colisão lateral";"Com Vítimas Feridas";"Anoitecer";"Crescente";"Céu Claro";"Dupla";"Reta";"Sim";2;0;1;0;0;1;1;2;-1,29580361;-47,91084002;"SPRF-PA";"DEL01-PA";"UOP01-DEL01-PA"
243960;2019-10-20;"domingo";"05:20:00";"SP";381;70,1;"MAIRIPORA";"Objeto estático sobre o leito carroçável";"Colisão com objeto estático";"Com Vítimas Feridas";"Amanhecer";"Crescente";"Chuva";"Simples";"Curva";"Não";1;0;1;0;0;0;1;1;-23,349855;-46,557679;"SPRF-SP";"DEL03-SP";"UOP01-DEL03-SP"
243961;2019-10-20;"domingo";"05:50:00";"MG";40;459,6;"CAETANOPOLIS";"Velocidade Incompatível";"Saída de leito carroçável";"Com Vítimas Feridas";"Pleno dia";"Crescente";"Céu Claro";"Dupla";"Declive;Reta";"Não";2;0;0;2;0;0;2;1;-19,393362;-44,33484;"SPRF-MG";"DEL02-MG";"UOP01-DEL02-MG"
243963;2019-10-19;"sábado";"11:45:00";"MG";381;145;"GOVERNADOR VALADARES";"Falta de Atenção à Condução";"Saída de leito carroçável";"Com Vítimas Feridas";"Pleno dia";"Decrescente";"Céu Claro";"Simples";"Curva";"Não";1;0;1;0;0;0;1;1;-18,82941125;-41,95460782;"SPRF-MG";"N/A";"N/A"
243964;2019-10-20;"domingo";"03:30:00";"MG";40;546,8;"NOVA LIMA";"Condutor Dormindo";"Colisão com objeto estático";"Sem Vítimas";"Plena Noite";"Crescente";"Céu Claro";"Dupla";"Curva;Aclive";"Não";1;0;0;0;0;1;0;1;-20,02115755;-43,97114754;"SPRF-MG";"DEL01-MG";"UOP02-DEL01-MG"
243965;2019-10-20;"domingo";"04:30:00";"PR";476;116;"COLOMBO";"Desobediência às normas de trânsito pelo condutor";"Colisão com objeto estático";"Sem Vítimas";"Amanhecer";"Crescente";"Nublado";"Dupla";"Reta";"Sim";1;0;0;0;0;1;0;1;-25,34996;-49,16642;"SPRF-PR";"DEL01-PR";"UOP07-DEL01-PR"
243966;2019-10-20;"domingo";"06:00:00";"SC";101;286;"IMBITUBA";"Condutor Dormindo";"Saída de leito carroçável";"Com Vítimas Feridas";"Amanhecer";"Crescente";"Céu Claro";"Dupla";"Reta";"Não";1;0;1;0;0;0;1;1;-28,22947996;-48,70163526;"SPRF-SC";"DEL02-SC";"UOP03-DEL02-SC"
243968;2019-10-20;"domingo";"07:10:00";"PE";104;63;"CARUARU";"Ingestão de Álcool";"Colisão traseira";"Sem Vítimas";"Pleno dia";"Crescente";"Sol";"Dupla";"Reta";"Sim";2;0;0;0;2;0;0;2;-8,2698;-35,9803;"SPRF-PE";"DEL02-PE";"UOP01-DEL02-PE"
243970;2019-10-20;"domingo";"03:30:00";"PR";376;648;"TIJUCAS DO SUL";"Condutor Dormindo";"Saída de leito carroçável";"Sem Vítimas";"Plena Noite";"Decrescente";"Chuva";"Dupla";"Reta";"Não";1;0;0;0;1;0;0;1;-25,84026108;-49,10549706;"SPRF-PR";"DEL01-PR";"UOP04-DEL01-PR"
243971;2019-10-20;"domingo";"07:00:00";"GO";40;5,2;"VALPARAISO DE GOIAS";"Falta de Atenção à Condução";"Colisão lateral";"Sem Vítimas";"Pleno dia";"Crescente";"Sol";"Dupla";"Reta";"Sim";2;0;0;0;2;0;0;2;-16,093134;-47,982236;"SPRF-DF";"DEL01-DF";"UOP01-DEL01-DF"
243972;2019-10-19;"sábado";"20:40:00";"SC";280;28,7;"ARAQUARI";"Restrição de Visibilidade";"Colisão com objeto estático";"Sem Vítimas";"Plena Noite";"Crescente";"Céu Claro";"Simples";"Reta";"Sim";1;0;0;0;1;0;0;1;-26,408941;-48,750713;"SPRF-SC";"DEL03-SC";"UOP03-DEL03-SC"
243973;2019-10-20;"domingo";"03:00:00";"MG";116;79,9;"MEDINA";"Velocidade Incompatível";"Colisão frontal";"Com Vítimas Feridas";"Plena Noite";"Crescente";"Céu Claro";"Simples";"Reta";"Não";4;0;1;1;2;0;2;1;-16,27388596;-41,48212392;"SPRF-MG";"DEL11-MG";"UOP02-DEL11-MG"
243974;2019-10-20;"domingo";"05:20:00";"MG";40;705,3;"BARBACENA";"Ingestão de Álcool";"Saída de leito carroçável";"Com Vítimas Feridas";"Amanhecer";"Crescente";"Nublado";"Dupla";"Curva;Retorno Regulamentado";"Não";3;0;2;0;1;0;2;1;-21,2165929;-43,7462589;"SPRF-MG";"DEL05-MG";"UOP02-DEL05-MG"
243975;2019-10-20;"domingo";"05:50:00";"RS";158;268,5;"JULIO DE CASTILHOS";"Ingestão de Álcool";"Tombamento";"Sem Vítimas";"Pleno dia";"Decrescente";"Céu Claro";"Simples";"Reta";"Não";1;0;0;0;0;1;0;1;-29,27472094;-53,66884035;"SPRF-RS";"DEL09-RS";"UOP01-DEL09-RS"
243976;2019-10-20;"domingo";"07:00:00";"PB";101;89;"JOAO PESSOA";"Desobediência às normas de trânsito pelo condutor";"Colisão traseira";"Com Vítimas Feridas";"Pleno dia";"Crescente";"Sol";"Múltipla";"Retorno Regulamentado";"Sim";1;0;1;0;0;0;1;1;-7,10958017;-34,87644196;"SPRF-PB";"DEL01-PB";"UOP01-DEL01-PB"
243978;2019-10-20;"domingo";"04:00:00";"PR";153;369,5;"RIO AZUL";"Ingestão de Álcool";"Colisão frontal";"Com Vítimas Feridas";"Plena Noite";"Decrescente";"Garoa/Chuvisco";"Simples";"Reta";"Não";6;0;0;5;1;0;5;2;-25,73669789;-50,80195243;"SPRF-PR";"DEL03-PR";"UOP02-DEL08-PR"
243979;2019-10-20;"domingo";"07:50:00";"GO";60;53,1;"ABADIANIA";"Velocidade Incompatível";"Saída de leito carroçável";"Com Vítimas Feridas";"Pleno dia";"Decrescente";"Céu Claro";"Dupla";"Curva";"Não";1;0;0;1;0;0;1;1;-16,1737;-48,6483;"SPRF-GO";"DEL02-GO";"UOP01-DEL02-GO"
243981;2019-10-20;"domingo";"05:55:00";"MG";40;487;"ESMERALDAS";"Condutor Dormindo";"Colisão com objeto estático";"Com Vítimas Feridas";"Amanhecer";"Decrescente";"Céu Claro";"Múltipla";"Reta";"Não";2;0;0;1;1;0;1;1;-19,59896404;-44,22303708;"SPRF-MG";"DEL02-MG";"UOP01-DEL02-MG"
243982;2019-10-20;"domingo";"06:50:00";"GO";153;592,9;"PIRACANJUBA";"Falta de Atenção à Condução";"Saída de leito carroçável";"Com Vítimas Feridas";"Amanhecer";"Crescente";"Céu Claro";"Dupla";"Reta";"Não";1;0;1;0;0;0;1;1;-17,4675;-49,2187;"SPRF-GO";"DEL03-GO";"UOP01-DEL03-GO"
243983;2019-08-29;"quinta-feira";"06:50:00";"ES";101;264;"SERRA";"Falta de Atenção à Condução";"Queda de ocupante de veículo";"Com Vítimas Feridas";"Pleno dia";"Crescente";"Ignorado";"Dupla";"Reta";"Sim";2;0;1;0;1;0;1;2;-20,178294;-40,26546;"SPRF-ES";"DEL02-ES";"UOP01-DEL02-ES"
243984;2019-10-20;"domingo";"04:15:00";"SC";282;262,6;"SAO JOSE DO CERRITO";"Ingestão de Álcool";"Saída de leito carroçável";"Com Vítimas Feridas";"Plena Noite";"Crescente";"Céu Claro";"Simples";"Curva";"Não";1;0;1;0;0;0;1;1;-27,631268;-50,605614;"SPRF-SC";"DEL05-SC";"UOP02-DEL05-SC"
243986;2019-10-20;"domingo";"06:20:00";"SC";282;415,1;"VARGEM BONITA";"Falta de Atenção à Condução";"Saída de leito carroçável";"Com Vítimas Fatais";"Pleno dia";"Crescente";"Céu Claro";"Simples";"Reta";"Não";5;1;1;3;0;0;4;1;-27,039997;-51,708958;"SPRF-SC";"DEL07-SC";"UOP05-DEL07-SC"
243987;2019-10-20;"domingo";"06:45:00";"MG";381;928,7;"ITAPEVA";"Falta de Atenção à Condução";"Saída de leito carroçável";"Com Vítimas Feridas";"Pleno dia";"Decrescente";"Céu Claro";"Dupla";"Curva";"Não";1;0;1;0;0;0;1;1;-22,77037015;-46,23095339;"SPRF-MG";"DEL16-MG";"UOP03-DEL16-MG"
243989;2019-10-20;"domingo";"07:56:00";"MG";40;374,4;"CURVELO";"Condutor Dormindo";"Saída de leito carroçável";"Com Vítimas Feridas";"Pleno dia";"Decrescente";"Céu Claro";"Simples";"Reta";"Não";3;0;3;0;0;0;3;1;-18,84250195;-44,76567695;"SPRF-MG";"DEL02-MG";"UOP01-DEL02-MG"
243990;2019-10-20;"domingo";"08:20:00";"ES";101;211,3;"IBIRACU";"Falta de Atenção à Condução";"Queda de ocupante de veículo";"Com Vítimas Feridas";"Pleno dia";"Crescente";"Nublado";"Dupla";"Reta";"Não";1;0;1;0;0;0;1;1;-19,80700903;-40,36767233;"SPRF-ES";"DEL02-ES";"UOP01-DEL02-ES"
243991;2019-10-20;"domingo";"08:30:00";"RN";101;103;"PARNAMIRIM";"Não guardar distância de segurança";"Colisão traseira";"Com Vítimas Feridas";"Pleno dia";"Decrescente";"Sol";"Dupla";"Reta";"Sim";4;0;2;0;2;0;2;2;-5,88891905;-35,23950577;"SPRF-RN";"DEL01-RN";"UOP01-DEL01-RN"
243992;2019-10-16;"quarta-feira";"12:30:00";"MS";267;130,6;"NOVA ANDRADINA";"Falta de Atenção à Condução";"Saída de leito carroçável";"Com Vítimas Feridas";"Pleno dia";"Crescente";"Céu Claro";"Simples";"Declive;Reta";"Não";2;0;1;0;1;0;1;1;-21,73322416;-53,30373008;"SPRF-MS";"DEL02-MS";"UOP03-DEL02-MS"
243994;2019-10-20;"domingo";"00:30:00";"MT";70;584,3;"NOSSA SENHORA DO LIVRAMENTO";"Animais na Pista";"Capotamento";"Com Vítimas Feridas";"Plena Noite";"Crescente";"Céu Claro";"Simples";"Curva";"Não";4;0;0;4;0;0;4;1;-15,770342;-56,601739;"SPRF-MT";"DEL03-MT";"UOP02-DEL03-MT"
243996;2019-10-20;"domingo";"05:00:00";"RJ";116;181,4;"NOVA IGUACU";"Falta de Atenção do Pedestre";"Atropelamento de Pedestre";"Com Vítimas Feridas";"Amanhecer";"Crescente";"Céu Claro";"Dupla";"Reta";"Sim";2;0;1;0;1;0;1;2;-22,761312;-43,423492;"SPRF-RJ";"DEL01-RJ";"UOP02-DEL01-RJ"
243997;2019-10-20;"domingo";"07:35:00";"SC";470;155,1;"TROMBUDO CENTRAL";"Velocidade Incompatível";"Saída de leito carroçável";"Com Vítimas Feridas";"Pleno dia";"Crescente";"Sol";"Simples";"Curva";"Sim";2;0;1;0;1;0;1;1;-27,277105;-49,751972;"SPRF-SC";"DEL04-SC";"UOP02-DEL04-SC"
244000;2019-10-20;"domingo";"08:05:00";"SC";282;237,2;"LAGES";"Ultrapassagem Indevida";"Colisão lateral";"Com Vítimas Feridas";"Pleno dia";"Crescente";"Céu Claro";"Simples";"Aclive";"Não";3;0;2;0;1;0;2;2;-27,785622;-50,491371;"SPRF-SC";"DEL05-SC";"UOP02-DEL05-SC"
244002;2019-10-20;"domingo";"07:45:00";"MT";70;538;"NOSSA SENHORA DO LIVRAMENTO";"Ingestão de álcool e/ou substâncias psicoativas pelo pedestre";"Saída de leito carroçável";"Com Vítimas Feridas";"Pleno dia";"Crescente";"Céu Claro";"Simples";"Reta";"Não";2;0;2;0;0;0;2;1;-15,68122093;-56,28570557;"SPRF-MT";"DEL01-MT";"DEL2/4-UOP02/MT"
244004;2019-10-20;"domingo";"01:01:00";"RO";319;47;"PORTO VELHO";"Velocidade Incompatível";"Saída de leito carroçável";"Com Vítimas Fatais";"Plena Noite";"Decrescente";"Ignorado";"Simples";"Reta";"Não";2;1;0;0;0;1;0;2;-8,70064393;-63,99079487;"SPRF-RO";"DEL01-RO";"UOP01-DEL01-RO"
244006;2019-10-20;"domingo";"09:40:00";"RJ";101;478;"ANGRA DOS REIS";"Falta de Atenção à Condução";"Colisão transversal";"Com Vítimas Feridas";"Pleno dia";"Crescente";"Chuva";"Simples";"Curva";"Não";8;0;7;1;0;0;8;2;-23,00246527;-44,27270594;"SPRF-RJ";"DEL03-RJ";"UOP03-DEL03-RJ"
244007;2019-10-20;"domingo";"09:35:00";"SP";116;507,8;"CAJATI";"Falta de Atenção à Condução";"Queda de ocupante de veículo";"Com Vítimas Feridas";"Pleno dia";"Decrescente";"Nublado";"Dupla";"Curva";"Não";1;0;1;0;0;0;1;1;-24,805288;-48,214966;"SPRF-SP";"DEL05-SP";"UAP01-DEL05-SP"
244008;2019-10-20;"domingo";"09:30:00";"RN";427;54,1;"JARDIM DO SERIDO";"Falta de Atenção à Condução";"Colisão traseira";"Com Vítimas Feridas";"Pleno dia";"Crescente";"Céu Claro";"Simples";"Reta";"Sim";2;0;1;0;0;1;1;2;-6,58530676;-36,76465236;"SPRF-RN";"DEL03-RN";"UOP01-DEL03-RN"
244009;2019-10-20;"domingo";"09:00:00";"RJ";101;448;"MANGARATIBA";"Velocidade Incompatível";"Saída de leito carroçável";"Com Vítimas Feridas";"Pleno dia";"Crescente";"Chuva";"Simples";"Reta";"Não";3;0;1;0;2;0;1;2;-23,00877098;-44,10488901;"SPRF-RJ";"DEL03-RJ";"UOP03-DEL03-RJ"
244011;2019-10-20;"domingo";"09:30:00";"PR";476;138;"CURITIBA";"Desobediência às normas de trânsito pelo condutor";"Colisão transversal";"Com Vítimas Feridas";"Pleno dia";"Decrescente";"Nublado";"Múltipla";"Reta";"Sim";4;0;1;0;1;2;1;3;-25,505564;-49,283417;"SPRF-PR";"DEL01-PR";"UOP03-DEL01-PR"
244012;2019-10-20;"domingo";"09:45:00";"RS";116;198,5;"PICADA CAFE";"Ingestão de Álcool";"Saída de leito carroçável";"Com Vítimas Feridas";"Pleno dia";"Crescente";"Céu Claro";"Simples";"Curva";"Não";2;0;1;0;1;0;1;2;-29,47732808;-51,14276201;"SPRF-RS";"DEL05-RS";"UOP02-DEL05-RS"
244013;2019-10-20;"domingo";"10:00:00";"RS";386;147,4;"SARANDI";"Falta de Atenção à Condução";"Saída de leito carroçável";"Com Vítimas Feridas";"Pleno dia";"Crescente";"Nublado";"Simples";"Reta";"Não";1;0;1;0;0;0;1;1;-28,056545;-52,870819;"SPRF-RS";"DEL08-RS";"UOP01-DEL08-RS"
244014;2019-10-20;"domingo";"10:10:00";"PR";116;103;"SAO JOSE DOS PINHAIS";"Velocidade Incompatível";"Tombamento";"Com Vítimas Feridas";"Pleno dia";"Crescente";"Nublado";"Simples";"Curva";"Não";1;0;0;1;0;0;1;1;-25,56781229;-49,1827281;"SPRF-PR";"DEL01-PR";"UOP01-DEL01-PR"
244016;2019-10-20;"domingo";"10:40:00";"RJ";101;434;"MANGARATIBA";"Desobediência às normas de trânsito pelo condutor";"Saída de leito carroçável";"Com Vítimas Feridas";"Pleno dia";"Decrescente";"Chuva";"Simples";"Curva";"Não";1;0;1;0;0;0;1;1;-22,93724723;-44,04629489;"SPRF-RJ";"DEL03-RJ";"UOP01-DEL03-RJ"
244017;2019-10-20;"domingo";"09:45:00";"MG";50;81;"UBERLANDIA";"Ingestão de Álcool";"Saída de leito carroçável";"Com Vítimas Feridas";"Pleno dia";"Crescente";"Céu Claro";"Simples";"Curva";"Sim";1;0;1;0;0;0;1;1;-18,97168038;-48,21648359;"SPRF-MG";"DEL15-MG";"UOP01-DEL15-MG"
244018;2019-10-20;"domingo";"11:00:00";"AP";210;2,6;"MACAPA";"Ultrapassagem Indevida";"Colisão frontal";"Com Vítimas Feridas";"Pleno dia";"Decrescente";"Sol";"Simples";"Curva";"Sim";4;0;0;1;1;2;1;3;0,08518693;-51,08231664;"SPRF-AP";"DEL01-AP";"UOP01-DEL01-AP"
244019;2019-10-20;"domingo";"10:30:00";"AL";104;83,2;"RIO LARGO";"Ultrapassagem Indevida";"Colisão lateral";"Com Vítimas Feridas";"Pleno dia";"Crescente";"Céu Claro";"Simples";"Curva";"Não";2;0;0;1;0;1;1;2;-9,44165773;-35,83538341;"SPRF-AL";"DEL01-AL";"UOP01-DEL01-AL"
244020;2019-10-20;"domingo";"10:30:00";"SC";470;7;"NAVEGANTES";"Desobediência às normas de trânsito pelo condutor";"Colisão transversal";"Com Vítimas Feridas";"Pleno dia";"Decrescente";"Nublado";"Simples";"Reta";"Sim";3;0;1;0;2;0;1;2;-26,84499;-48,71505;"SPRF-SC";"DEL04-SC";"UOP04-DEL04-SC"
244021;2019-10-20;"domingo";"09:30:00";"GO";158;0,1;"ARAGARCAS";"Desobediência às normas de trânsito pelo condutor";"Colisão lateral";"Com Vítimas Feridas";"Pleno dia";"Decrescente";"Céu Claro";"Dupla";"Reta";"Sim";3;0;2;0;1;0;2;2;-15,89431027;-52,25921631;"SPRF-GO";"DEL04-GO";"UOP01-DEL04-GO"
244023;2019-10-20;"domingo";"09:15:00";"SC";101;66;"ARAQUARI";"Defeito Mecânico no Veículo";"Incêndio";"Sem Vítimas";"Pleno dia";"Decrescente";"Sol";"Múltipla";"Curva";"Não";1;0;0;0;1;0;0;1;-26,478474;-48,73863;"SPRF-SC";"DEL03-SC";"UOP02-DEL03-SC"
244024;2019-10-20;"domingo";"11:20:00";"SP";116;46;"CANAS";"Avarias e/ou desgaste excessivo no pneu";"Tombamento";"Com Vítimas Feridas";"Pleno dia";"Crescente";"Céu Claro";"Dupla";"Reta";"Não";2;0;2;0;0;0;2;1;-22,71393589;-45,05335608;"SPRF-SP";"DEL08-SP";"UOP01-DEL08-SP"
244025;2019-10-20;"domingo";"09:45:00";"SC";280;66;"JARAGUA DO SUL";"Falta de Atenção à Condução";"Colisão transversal";"Com Vítimas Feridas";"Pleno dia";"Crescente";"Sol";"Simples";"Interseção de Vias";"Sim";3;0;2;0;1;0;2;2;-26,47606607;-49,09568797;"SPRF-SC";"DEL03-SC";"UOP03-DEL03-SC"
244026;2019-10-20;"domingo";"11:50:00";"MG";40;445;"PARAOPEBA";"Defeito na Via";"Queda de ocupante de veículo";"Com Vítimas Feridas";"Pleno dia";"Crescente";"Sol";"Dupla";"Reta";"Não";1;0;0;1;0;0;1;1;-19,28815;-44,392;"SPRF-MG";"DEL02-MG";"UOP01-DEL02-MG"
244028;2019-10-20;"domingo";"11:38:00";"RS";293;2,8;"PELOTAS";"Falta de Atenção à Condução";"Colisão traseira";"Com Vítimas Feridas";"Pleno dia";"Crescente";"Céu Claro";"Simples";"Reta";"Sim";3;0;1;0;2;0;1;2;-31,750426;-52,35999499;"SPRF-RS";"DEL07-RS";"UOP01-DEL07-RS"
244032;2019-10-20;"domingo";"11:30:00";"SP";381;85;"SAO PAULO";"Pista Escorregadia";"Saída de leito carroçável";"Com Vítimas Feridas";"Pleno dia";"Crescente";"Céu Claro";"Múltipla";"Declive;Reta";"Sim";3;0;1;0;1;1;1;2;-23,449343;-46,56983501;"SPRF-SP";"DEL03-SP";"UOP01-DEL03-SP"
244033;2019-10-20;"domingo";"12:20:00";"DF";70;17;"BRASILIA";"Velocidade Incompatível";"Capotamento";"Com Vítimas Feridas";"Pleno dia";"Decrescente";"Céu Claro";"Dupla";"Reta";"Não";1;0;1;0;0;0;1;1;-15,794133;-48,202095;"SPRF-DF";"DEL01-DF";"UOP02-DEL03-DF"
244034;2019-10-20;"domingo";"12:00:00";"SC";470;8;"NAVEGANTES";"Defeito Mecânico no Veículo";"Queda de ocupante de veículo";"Com Vítimas Feridas";"Pleno dia";"Crescente";"Céu Claro";"Simples";"Reta";"Não";1;0;1;0;0;0;1;1;-26,83688;-48,718853;"SPRF-SC";"DEL04-SC";"UOP04-DEL04-SC"
244035;2019-09-14;"sábado";"00:30:00";"BA";101;126;"TEODORO SAMPAIO";"Pista Escorregadia";"Capotamento";"Com Vítimas Feridas";"Plena Noite";"Crescente";"Céu Claro";"Simples";"Reta";"Não";1;0;1;0;0;0;1;1;-12,17663442;-38,5740769;"SPRF-BA";"DEL01-BA";"UOP04-DEL01-BA"
244036;2019-10-20;"domingo";"10:40:00";"DF";20;4;"BRASILIA";"Ingestão de Álcool";"Colisão traseira";"Com Vítimas Feridas";"Pleno dia";"Decrescente";"Céu Claro";"Múltipla";"Reta";"Sim";2;0;0;1;1;0;1;2;-15,675484;-47,823761;"SPRF-DF";"DEL02-DF";"UOP01-DEL02-DF"
244037;2019-10-19;"sábado";"22:00:00";"CE";226;145;"MILHA";"Ingestão de Álcool";"Atropelamento de Pedestre";"Com Vítimas Feridas";"Plena Noite";"Decrescente";"Ignorado";"Simples";"Reta";"Não";2;0;0;1;0;1;1;2;-5,6869394;-39,22947585;"SPRF-CE";"DEL02-CE";"UOP02-DEL02-CE"