"id";"data_inversa";"dia_semana";"horario";"uf";"br";"km";"municipio";"causa_acidente";"tipo_acidente";"classificacao_acidente";"fase_dia";"sentido_via";"condicao_metereologica";"tipo_pista";"tracado_via";"uso_solo";"pessoas";"mortos";"feridos_leves";"feridos_graves";"ilesos";"ignorados";"feridos";"veiculos";"latitude";"longitude";"regional";"delegacia";"uop"
244249;2019-10-21;"segunda-feira";"10:30:00";"PR";116;17;"ANTONINA";"Velocidade Incompatível";"Colisão com objeto estático";"Com Vítimas Feridas";"Pleno dia";"Decrescente";"Chuva";"Dupla";"Curva";"Não";3;0;3;0;0;0;3;1;-25,10305915;-48,70103892;"SPRF-PR";"DEL01-PR";"UOP02-DEL01-PR"
244250;2019-10-21;"segunda-feira";"11:00:00";"SE";101;128,7;"ITAPORANGA DAJUDA";"Defeito Mecânico no Veículo";"Colisão com objeto em movimento";"Com Vítimas Feridas";"Pleno dia";"Crescente";"Céu Claro";"Dupla";"Reta";"Não";3;0;1;0;2;0;1;2;-11,08080596;-37,36741006;"SPRF-SE";"DEL02-SE";"UOP01-DEL02-SE"
244251;2019-10-21;"segunda-feira";"11:55:00";"TO";153;496;"PARAISO DO TOCANTINS";"Falta de Atenção à Condução";"Colisão lateral";"Com Vítimas Feridas";"Pleno dia";"Crescente";"Sol";"Simples";"Interseção de Vias";"Sim";2;0;1;0;1;0;1;2;-10,18113821;-48,88043946;"SPRF-TO";"DEL02-TO";"UOP01-DEL01-TO"
244253;2019-10-21;"segunda-feira";"11:50:00";"MG";40;786,9;"JUIZ DE FORA";"Pista Escorregadia";"Capotamento";"Com Vítimas Feridas";"Pleno dia";"Decrescente";"Chuva";"Dupla";"Curva";"Não";2;0;1;0;1;0;1;1;-21,72733544;-43,4385309;"SPRF-MG";"DEL05-MG";"UOP01-DEL05-MG"
244254;2019-10-21;"segunda-feira";"12:15:00";"RS";392;60,5;"PELOTAS";"Animais na Pista";"Capotamento";"Com Vítimas Feridas";"Pleno dia";"Crescente";"Chuva";"Simples";"Curva";"Sim";2;0;1;0;1;0;1;2;-31,79222715;-52,34468611;"SPRF-RS";"DEL07-RS";"UOP01-DEL07-RS"
244255;2019-10-21;"segunda-feira";"11:40:00";"RN";101;84,7;"SAO GONCALO DO AMARANTE";"Não guardar distância de segurança";"Colisão traseira";"Com Vítimas Feridas";"Pleno dia";"Crescente";"Céu Claro";"Dupla";"Túnel";"Sim";2;0;1;0;1;0;1;2;-5,77624402;-35,25262806;"SPRF-RN";"DEL02-RN";"UOP01-DEL02-RN"
244256;2019-10-21;"segunda-feira";"11:10:00";"MG";40;697;"BARBACENA";"Pista Escorregadia";"Saída de leito carroçável";"Com Vítimas Feridas";"Pleno dia";"Crescente";"Chuva";"Dupla";"Retorno Regulamentado;Curva;Declive";"Não";1;0;0;1;0;0;1;1;-21,18026846;-43,75607908;"SPRF-MG";"DEL05-MG";"UOP02-DEL05-MG"
244257;2019-10-21;"segunda-feira";"11:40:00";"DF";20;16,3;"BRASILIA";"Velocidade Incompatível";"Saída de leito carroçável";"Com Vítimas Feridas";"Pleno dia";"Crescente";"Chuva";"Dupla";"Reta";"Sim";1;0;0;1;0;0;1;1;-15,625675;-47,725159;"SPRF-DF";"DEL02-DF";"UOP01-DEL02-DF"
244258;2019-10-21;"segunda-feira";"09:00:00";"RO";364;556;"ALTO PARAISO";"Não guardar distância de segurança";"Engavetamento";"Sem Vítimas";"Pleno dia";"Decrescente";"Céu Claro";"Simples";"Reta";"Não";9;0;0;0;9;0;0;3;-9,59786298;-63,07294379;"SPRF-RO";"DEL03-RO";"UOP01-DEL03-RO"
244259;2019-10-21;"segunda-feira";"11:10:00";"PA";230;118;"MARABA";"Falta de Atenção à Condução";"Colisão lateral";"Sem Vítimas";"Pleno dia";"Decrescente";"Céu Claro";"Dupla";"Reta";"Sim";2;0;0;0;2;0;0;2;-5,35193706;-49,09794103;"SPRF-PA";"DEL03-PA";"UOP01-DEL03-PA"
244260;2019-10-21;"segunda-feira";"08:45:00";"MG";262;607,8;"CAMPOS ALTOS";"Velocidade Incompatível";"Saída de leito carroçável";"Com Vítimas Feridas";"Pleno dia";"Decrescente";"Chuva";"Simples";"Curva";"Não";2;0;1;0;1;0;1;1;-19,62457601;-46,26930901;"SPRF-MG";"DEL08-MG";"UOP02-DEL08-MG"
244261;2019-10-21;"segunda-feira";"12:50:00";"SC";470;140;"RIO DO SUL";"Falta de Atenção à Condução";"Colisão transversal";"Com Vítimas Feridas";"Pleno dia";"Crescente";"Nublado";"Simples";"Interseção de Vias";"Sim";3;0;0;1;1;1;1;3;-27,2045982;-49,63841379;"SPRF-SC";"DEL04-SC";"UOP02-DEL04-SC"
244263;2019-10-21;"segunda-feira";"09:30:00";"PR";116;5,6;"CAMPINA GRANDE DO SUL";"Velocidade Incompatível";"Colisão com objeto estático";"Sem Vítimas";"Pleno dia";"Decrescente";"Chuva";"Dupla";"Curva";"Não";1;0;0;0;1;0;0;1;-25,08301297;-48,59994703;"SPRF-PR";"DEL01-PR";"UOP02-DEL01-PR"
244265;2019-10-21;"segunda-feira";"10:20:00";"MG";262;583,7;"CAMPOS ALTOS";"Velocidade Incompatível";"Saída de leito carroçável";"Com Vítimas Feridas";"Pleno dia";"Decrescente";"Chuva";"Simples";"Reta";"Não";2;0;1;0;1;0;1;1;-19,649634;-46,080652;"SPRF-MG";"DEL08-MG";"UOP02-DEL08-MG"
244266;2019-10-21;"segunda-feira";"13:10:00";"GO";251;27,9;"CRISTALINA";"Falta de Atenção à Condução";"Colisão traseira";"Com Vítimas Feridas";"Pleno dia";"Decrescente";"Céu Claro";"Dupla";"Reta";"Sim";3;0;1;1;1;0;2;2;-16,10012382;-47,50171815;"SPRF-DF";"DEL01-DF";"UOP01-DEL01-DF"
244270;2019-10-21;"segunda-feira";"13:35:00";"GO";20;20,7;"FORMOSA";"Pista Escorregadia";"Colisão lateral";"Com Vítimas Fatais";"Pleno dia";"Decrescente";"Chuva";"Simples";"Reta";"Não";3;2;0;0;1;0;0;2;-15,551152;-47,178364;"SPRF-DF";"DEL02-DF";"UOP01-DEL02-DF"
244271;2019-10-21;"segunda-feira";"14:00:00";"MG";262;380,6;"JUATUBA";"Pista Escorregadia";"Saída de leito carroçável";"Com Vítimas Feridas";"Pleno dia";"Decrescente";"Nublado";"Dupla";"Curva";"Não";1;0;1;0;0;0;1;1;-19,93526884;-44,43626404;"SPRF-MG";"DEL01-MG";"UOP03-DEL01-MG"
244274;2019-09-15;"domingo";"18:45:00";"SC";101;196,6;"BIGUACU";"Não guardar distância de segurança";"Colisão lateral";"Com Vítimas Feridas";"Plena Noite";"Crescente";"Nublado";"Dupla";"Aclive";"Sim";1;0;1;0;0;0;1;1;-27,51101091;-48,64322292;"SPRF-SC";"DEL01-SC";"UOP01-DEL01-SC"
244275;2019-10-21;"segunda-feira";"13:30:00";"RJ";101;501;"ANGRA DOS REIS";"Falta de Atenção do Pedestre";"Atropelamento de Pedestre";"Com Vítimas Feridas";"Pleno dia";"Decrescente";"Nublado";"Simples";"Reta";"Sim";3;0;0;1;2;0;1;2;-22,92308827;-44,36056298;"SPRF-RJ";"DEL03-RJ";"UOP02-DEL03-RJ"
244277;2019-10-21;"segunda-feira";"14:00:00";"MA";316;264;"SANTA INES";"Ingestão de Álcool";"Danos eventuais";"Com Vítimas Feridas";"Pleno dia";"Crescente";"Céu Claro";"Simples";"Reta";"Sim";2;0;1;0;1;0;1;2;-3,673308;-45,362946;"SPRF-MA";"DEL02-MA";"UI04-DEL02-MA"
244279;2019-10-21;"segunda-feira";"11:10:00";"RO";364;540;"ALTO PARAISO";"Não guardar distância de segurança";"Colisão traseira";"Com Vítimas Feridas";"Pleno dia";"Crescente";"Nublado";"Simples";"Curva";"Não";5;0;1;0;4;0;1;2;-9,725236;-63,119003;"SPRF-RO";"DEL03-RO";"UOP01-DEL03-RO"
244280;2019-10-21;"segunda-feira";"14:20:00";"PE";101;50,8;"ABREU E LIMA";"Defeito Mecânico no Veículo";"Incêndio";"Sem Vítimas";"Pleno dia";"Crescente";"Céu Claro";"Múltipla";"Reta";"Sim";1;0;0;0;1;0;0;1;-7,90938602;-34,90123228;"SPRF-PE";"DEL01-PE";"UOP02-DEL01-PE"
244281;2019-10-21;"segunda-feira";"12:40:00";"PA";163;987;"SANTAREM";"Objeto estático sobre o leito carroçável";"Queda de ocupante de veículo";"Com Vítimas Feridas";"Pleno dia";"Decrescente";"Céu Claro";"Simples";"Reta";"Não";1;0;1;0;0;0;1;1;-2,583771;-54,720398;"SPRF-PA";"DEL05-PA";"UOP01-DEL05-PA"
244282;2019-10-21;"segunda-feira";"13:40:00";"PE";428;188,6;"PETROLINA";"Falta de Atenção à Condução";"Colisão transversal";"Com Vítimas Feridas";"Pleno dia";"Decrescente";"Céu Claro";"Dupla";"Interseção de Vias";"Sim";3;0;1;0;2;0;1;2;-9,36400596;-40,48266808;"SPRF-PE";"DEL06-PE";"UOP01-DEL06-PE"
244283;2019-08-13;"terça-feira";"06:50:00";"RN";427;98;"CAICO";"Restrição de Visibilidade";"Colisão com objeto em movimento";"Com Vítimas Feridas";"Pleno dia";"Crescente";"Céu Claro";"Simples";"Interseção de Vias";"Sim";2;0;0;1;1;0;1;2;-6,46437457;-37,09221145;"SPRF-RN";"DEL03-RN";"UOP01-DEL03-RN"
244285;2019-10-21;"segunda-feira";"13:40:00";"BA";324;514;"FEIRA DE SANTANA";"Não guardar distância de segurança";"Colisão traseira";"Com Vítimas Feridas";"Pleno dia";"Decrescente";"Céu Claro";"Simples";"Reta";"Sim";2;0;1;0;1;0;1;2;-12,23229233;-38,95215305;"SPRF-BA";"DEL02-BA";"UOP01-DEL02-BA"
244286;2019-10-21;"segunda-feira";"13:40:00";"PE";407;126;"PETROLINA";"Desobediência às normas de trânsito pelo condutor";"Colisão transversal";"Com Vítimas Feridas";"Pleno dia";"Decrescente";"Sol";"Simples";"Rotatória";"Sim";3;0;2;0;1;0;2;2;-9,38727118;-40,52538872;"SPRF-PE";"DEL06-PE";"UOP01-DEL06-PE"
244288;2019-10-21;"segunda-feira";"14:45:00";"PE";101;55,5;"PAULISTA";"Não guardar distância de segurança";"Queda de ocupante de veículo";"Com Vítimas Feridas";"Pleno dia";"Crescente";"Céu Claro";"Dupla";"Reta";"Não";1;0;1;0;0;0;1;1;-7,94806621;-34,9062148;"SPRF-PE";"DEL01-PE";"UOP02-DEL01-PE"
244289;2019-10-21;"segunda-feira";"14:45:00";"RS";116;264,8;"CANOAS";"Falta de Atenção à Condução";"Colisão traseira";"Sem Vítimas";"Pleno dia";"Crescente";"Chuva";"Múltipla";"Curva";"Sim";2;0;0;0;2;0;0;2;-29,914435;-51,17754495;"SPRF-RS";"DEL01-RS";"UOP01-DEL01-RS"
244290;2019-10-21;"segunda-feira";"14:15:00";"MG";116;705,2;"MURIAE";"Animais na Pista";"Colisão traseira";"Com Vítimas Feridas";"Pleno dia";"Crescente";"Sol";"Simples";"Reta";"Sim";2;0;1;0;1;0;1;2;-21,12989373;-42,38574475;"SPRF-MG";"DEL07-MG";"UOP02-DEL07-MG"
244292;2019-10-21;"segunda-feira";"15:05:00";"RS";116;254,9;"ESTEIO";"Pista Escorregadia";"Colisão com objeto estático";"Sem Vítimas";"Pleno dia";"Crescente";"Chuva";"Dupla";"Reta";"Sim";1;0;0;0;1;0;0;1;-29,82654797;-51,17241311;"SPRF-RS";"DEL01-RS";"UOP02-DEL01-RS"
244293;2019-10-21;"segunda-feira";"10:50:00";"SC";282;80;"RANCHO QUEIMADO";"Velocidade Incompatível";"Saída de leito carroçável";"Com Vítimas Feridas";"Pleno dia";"Decrescente";"Chuva";"Simples";"Curva";"Não";1;0;1;0;0;0;1;1;-27,663555;-49,159309;"SPRF-SC";"DEL01-SC";"UOP03-DEL01-SC"
244294;2019-10-21;"segunda-feira";"10:30:00";"MA";135;70;"SANTA RITA";"Falta de Atenção à Condução";"Colisão lateral";"Com Vítimas Feridas";"Pleno dia";"Crescente";"Sol";"Dupla";"Reta";"Sim";2;0;1;0;1;0;1;2;-3,14173789;-44,3255132;"SPRF-MA";"DEL01-MA";"UOP02-DEL01-MA"
244297;2019-10-21;"segunda-feira";"15:30:00";"SE";101;102,3;"SAO CRISTOVAO";"Velocidade Incompatível";"Saída de leito carroçável";"Sem Vítimas";"Pleno dia";"Crescente";"Sol";"Dupla";"Retorno Regulamentado";"Não";1;0;0;0;0;1;0;1;-10,94980833;-37,21313953;"SPRF-SE";"DEL02-SE";"UOP01-DEL02-SE"
244299;2019-10-21;"segunda-feira";"15:00:00";"SC";470;13;"NAVEGANTES";"Desobediência às normas de trânsito pelo condutor";"Colisão lateral";"Com Vítimas Feridas";"Pleno dia";"Crescente";"Céu Claro";"Simples";"Reta";"Sim";3;0;2;0;1;0;2;2;-26,839108;-48,766262;"SPRF-SC";"DEL04-SC";"UOP04-DEL04-SC"
244300;2019-10-21;"segunda-feira";"15:50:00";"PE";101;91,9;"CABO DE SANTO AGOSTINHO";"Falta de Atenção à Condução";"Colisão transversal";"Com Vítimas Feridas";"Pleno dia";"Crescente";"Céu Claro";"Simples";"Interseção de Vias";"Sim";3;0;1;0;2;0;1;2;-8,22399812;-34,99290474;"SPRF-PE";"DEL01-PE";"UOP03-DEL01-PE"
244301;2019-10-21;"segunda-feira";"15:50:00";"PI";316;306,9;"PICOS";"Pista Escorregadia";"Colisão com objeto estático";"Sem Vítimas";"Pleno dia";"Crescente";"Chuva";"Simples";"Reta";"Não";2;0;0;0;2;0;0;1;-7,07700699;-41,50959795;"SPRF-PI";"DEL04-PI";"UOP01-DEL04-PI"
244303;2019-10-21;"segunda-feira";"15:15:00";"RO";435;86,3;"COLORADO DO OESTE";"Falta de Atenção do Pedestre";"Atropelamento de Pedestre";"Com Vítimas Feridas";"Pleno dia";"Crescente";"Céu Claro";"Dupla";"Reta";"Sim";4;0;0;1;3;0;1;2;-13,12026846;-60,54055407;"SPRF-RO";"DEL04-RO";"UOP02-DEL04-RO"
244304;2019-10-21;"segunda-feira";"16:00:00";"MG";365;15;"MONTES CLAROS";"Pista Escorregadia";"Saída de leito carroçável";"Com Vítimas Feridas";"Pleno dia";"Decrescente";"Chuva";"Simples";"Curva";"Não";2;0;1;0;1;0;1;1;-16,86592699;-43,98363496;"SPRF-MG";"DEL12-MG";"UOP01-DEL12-MG"
244305;2019-10-21;"segunda-feira";"16:50:00";"MG";381;554;"ITAGUARA";"Falta de Atenção à Condução";"Colisão traseira";"Com Vítimas Feridas";"Pleno dia";"Decrescente";"Nublado";"Dupla";"Reta";"Não";2;0;1;0;1;0;1;2;-20,35262218;-44,44977291;"SPRF-MG";"DEL04-MG";"UOP03-DEL04-MG"
244307;2019-10-21;"segunda-feira";"16:00:00";"MG";381;495,9;"BETIM";"Não guardar distância de segurança";"Colisão lateral";"Com Vítimas Feridas";"Pleno dia";"Crescente";"Nublado";"Simples";"Aclive";"Sim";2;0;1;0;1;0;1;2;-19,98890883;-44,20522016;"SPRF-MG";"DEL01-MG";"UOP03-DEL01-MG"
244308;2019-10-21;"segunda-feira";"17:09:00";"BA";116;424;"FEIRA DE SANTANA";"Desobediência às normas de trânsito pelo condutor";"Colisão transversal";"Com Vítimas Feridas";"Pleno dia";"Decrescente";"Céu Claro";"Simples";"Reta;Aclive";"Sim";3;0;2;0;1;0;2;2;-12,23257586;-38,97248506;"SPRF-BA";"DEL02-BA";"UOP01-DEL02-BA"
244309;2019-10-15;"terça-feira";"17:30:00";"GO";153;542,5;"HIDROLANDIA";"Falta de Atenção à Condução";"Saída de leito carroçável";"Com Vítimas Feridas";"Pleno dia";"Decrescente";"Céu Claro";"Dupla";"Reta";"Não";1;0;0;1;0;0;1;1;-17,0727;-49,2238;"SPRF-GO";"DEL01-GO";"UOP03-DEL01-GO"
244310;2019-10-21;"segunda-feira";"17:00:00";"RJ";116;27;"SAPUCAIA";"Pista Escorregadia";"Colisão frontal";"Com Vítimas Fatais";"Plena Noite";"Decrescente";"Chuva";"Simples";"Curva";"Não";7;2;1;2;2;0;3;2;-22,05084092;-42,78853;"SPRF-RJ";"DEL04-RJ";"UOP01-DEL04-RJ"
244311;2019-10-21;"segunda-feira";"15:40:00";"PR";369;435;"UBIRATA";"Desobediência às normas de trânsito pelo condutor";"Colisão transversal";"Com Vítimas Feridas";"Pleno dia";"Crescente";"Sol";"Simples";"Declive";"Não";2;0;1;0;1;0;1;2;-24,4843;-52,8875;"SPRF-PR";"DEL04-PR";"UOP03-DEL04-PR"
244312;2019-10-21;"segunda-feira";"17:15:00";"AL";104;35,7;"UNIAO DOS PALMARES";"Falta de Atenção à Condução";"Colisão lateral";"Com Vítimas Feridas";"Plena Noite";"Crescente";"Céu Claro";"Simples";"Interseção de Vias;Reta";"Sim";2;0;1;0;1;0;1;2;-9,1616676;-36,01701171;"SPRF-AL";"DEL01-AL";"UOP02-DEL01-AL"
244313;2019-10-21;"segunda-feira";"15:45:00";"GO";60;29,2;"ALEXANIA";"Pista Escorregadia";"Colisão lateral";"Com Vítimas Feridas";"Pleno dia";"Decrescente";"Chuva";"Dupla";"Declive";"Não";5;0;3;2;0;0;5;2;-16,0963;-48,5202;"SPRF-DF";"DEL01-DF";"UOP01-DEL03-DF"
244314;2019-10-21;"segunda-feira";"17:20:00";"CE";116;19;"FORTALEZA";"Falta de Atenção à Condução";"Tombamento";"Com Vítimas Feridas";"Anoitecer";"Crescente";"Céu Claro";"Dupla";"Curva";"Sim";1;0;1;0;0;0;1;1;-3,91384397;-38,50667231;"SPRF-CE";"DEL01-CE";"UOP02-DEL01-CE"
244315;2019-10-21;"segunda-feira";"17:15:00";"RJ";393;174,8;"TRES RIOS";"Pista Escorregadia";"Colisão transversal";"Com Vítimas Feridas";"Pleno dia";"Crescente";"Chuva";"Simples";"Curva";"Não";2;0;1;0;1;0;1;2;-22,13084699;-43,22160959;"SPRF-RJ";"DEL06-RJ";"UOP02-DEL05-RJ"
244316;2019-10-21;"segunda-feira";"17:00:00";"PA";230;120;"MARABA";"Falta de Atenção à Condução";"Colisão lateral";"Com Vítimas Feridas";"Pleno dia";"Decrescente";"Céu Claro";"Simples";"Reta";"Sim";2;0;1;0;1;0;1;2;-5,35038318;-49,11434;"SPRF-PA";"DEL03-PA";"UOP01-DEL03-PA"
244317;2019-10-21;"segunda-feira";"16:30:00";"RJ";40;91;"PETROPOLIS";"Pista Escorregadia";"Capotamento";"Com Vítimas Feridas";"Pleno dia";"Crescente";"Chuva";"Simples";"Curva";"Não";1;0;1;0;0;0;1;1;-22,54903566;-43,24229724;"SPRF-RJ";"DEL06-RJ";"UOP01-DEL06-RJ"
244318;2019-10-21;"segunda-feira";"15:30:00";"MG";267;234,2;"LIBERDADE";"Velocidade Incompatível";"Saída de leito carroçável";"Com Vítimas Fatais";"Pleno dia";"Crescente";"Chuva";"Simples";"Reta";"Não";5;1;0;3;1;0;3;1;-21,94795606;-44,358998;"SPRF-MG";"DEL05-MG";"UOP01-DEL17-MG"
244320;2019-10-21;"segunda-feira";"17:55:00";"SC";470;51,2;"BLUMENAU";"Falta de Atenção à Condução";"Colisão transversal";"Com Vítimas Feridas";"Pleno dia";"Crescente";"Céu Claro";"Simples";"Interseção de Vias";"Não";2;0;1;0;1;0;1;2;-26,862339;-49,084038;"SPRF-SC";"DEL04-SC";"UOP01-DEL04-SC"
244322;2019-10-21;"segunda-feira";"17:00:00";"SP";381;73;"SAO PAULO";"Pista Escorregadia";"Saída de leito carroçável";"Com Vítimas Feridas";"Anoitecer";"Decrescente";"Chuva";"Dupla";"Curva";"Não";1;0;1;0;0;0;1;1;-23,36553404;-46,55253934;"SPRF-SP";"DEL03-SP";"UOP01-DEL03-SP"
244323;2019-10-21;"segunda-feira";"17:40:00";"SP";381;75;"SAO PAULO";"Pista Escorregadia";"Colisão com objeto estático";"Com Vítimas Feridas";"Pleno dia";"Crescente";"Chuva";"Dupla";"Curva";"Não";2;0;2;0;0;0;2;1;-23,37660089;-46,56409613;"SPRF-SP";"DEL03-SP";"UOP01-DEL03-SP"
244325;2019-10-21;"segunda-feira";"17:00:00";"MS";158;97;"PARANAIBA";"Fenômenos da Natureza";"Saída de leito carroçável";"Com Vítimas Fatais";"Pleno dia";"Crescente";"Chuva";"Dupla";"Reta";"Sim";1;1;0;0;0;0;0;1;-19,69627676;-51,17701292;"SPRF-MS";"DEL08-MS";"UOP01-DEL08-MS"
244326;2019-10-21;"segunda-feira";"18:00:00";"SC";101;205;"SAO JOSE";"Falta de Atenção à Condução";"Colisão lateral";"Com Vítimas Feridas";"Pleno dia";"Crescente";"Nublado";"Múltipla";"Interseção de Vias";"Sim";2;0;1;0;1;0;1;2;-27,58357331;-48,61563921;"SPRF-SC";"DEL01-SC";"UOP01-DEL01-SC"
244327;2019-10-21;"segunda-feira";"17:25:00";"MG";381;929,8;"ITAPEVA";"Velocidade Incompatível";"Colisão com objeto estático";"Com Vítimas Feridas";"Plena Noite";"Crescente";"Chuva";"Dupla";"Curva";"Não";1;0;1;0;0;0;1;1;-22,79911462;-46,26123692;"SPRF-MG";"DEL16-MG";"UOP03-DEL16-MG"
244328;2019-10-21;"segunda-feira";"17:00:00";"MG";381;938,5;"EXTREMA";"Velocidade Incompatível";"Saída de leito carroçável";"Com Vítimas Feridas";"Pleno dia";"Crescente";"Chuva";"Dupla";"Curva";"Não";2;0;1;0;1;0;1;1;-22,83909203;-46,32850893;"SPRF-MG";"DEL16-MG";"UOP03-DEL16-MG"
244330;2019-10-21;"segunda-feira";"17:35:00";"GO";153;357,1;"JARAGUA";"Falta de Atenção à Condução";"Colisão lateral";"Com Vítimas Feridas";"Pleno dia";"Decrescente";"Céu Claro";"Simples";"Reta";"Sim";2;0;1;0;1;0;1;2;-15,725415;-49,327385;"SPRF-GO";"DEL02-GO";"UOP02-DEL02-GO"
244332;2019-10-21;"segunda-feira";"17:45:00";"PR";277;51,3;"SAO JOSE DOS PINHAIS";"Falta de Atenção à Condução";"Saída de leito carroçável";"Com Vítimas Fatais";"Pleno dia";"Decrescente";"Nublado";"Dupla";"Curva";"Não";1;1;0;0;0;0;0;1;-25,58583;-48,95646;"SPRF-PR";"DEL01-PR";"UOP07-DEL01-PR"
244334;2019-10-21;"segunda-feira";"18:20:00";"GO";60;82,8;"ANAPOLIS";"Velocidade Incompatível";"Saída de leito carroçável";"Com Vítimas Feridas";"Anoitecer";"Crescente";"Nublado";"Dupla";"Reta";"Não";3;0;2;0;1;0;2;1;-16,3149;-48,846;"SPRF-GO";"DEL02-GO";"UOP01-DEL02-GO"
244335;2019-10-21;"segunda-feira";"18:00:00";"MG";381;493;"BETIM";"Falta de Atenção à Condução";"Atropelamento de Pedestre";"Com Vítimas Feridas";"Amanhecer";"Crescente";"Céu Claro";"Dupla";"Declive";"Sim";2;0;1;0;1;0;1;2;-19,97670801;-44,19962698;"SPRF-MG";"DEL01-MG";"UOP03-DEL01-MG"
244336;2019-10-21;"segunda-feira";"17:50:00";"PB";230;167;"CAMPINA GRANDE";"Desobediência às normas de trânsito pelo condutor";"Colisão transversal";"Com Vítimas Feridas";"Anoitecer";"Decrescente";"Céu Claro";"Simples";"Reta";"Sim";2;0;0;1;1;0;1;2;-7,195;-35,9619;"SPRF-PB";"DEL02-PB";"UOP02-DEL02-PB"
244337;2019-10-21;"segunda-feira";"18:25:00";"AL";104;49;"BRANQUINHA";"Velocidade Incompatível";"Saída de leito carroçável";"Com Vítimas Feridas";"Anoitecer";"Crescente";"Céu Claro";"Simples";"Curva";"Não";1;0;0;1;0;0;1;1;-9,25306896;-35,99102288;"SPRF-AL";"DEL01-AL";"UOP02-DEL01-AL"
244338;2019-10-21;"segunda-feira";"17:56:00";"RJ";101;217;"SILVA JARDIM";"Falta de Atenção à Condução";"Queda de ocupante de veículo";"Com Vítimas Feridas";"Plena Noite";"Decrescente";"Nublado";"Simples";"Curva";"Não";1;0;0;1;0;0;1;1;-22,50769291;-42,29165293;"SPRF-RJ";"DEL02-RJ";"UOP03-DEL02-RJ"
244339;2019-10-21;"segunda-feira";"18:30:00";"CE";222;59,9;"SAO GONCALO DO AMARANTE";"Não guardar distância de segurança";"Colisão traseira";"Sem Vítimas";"Plena Noite";"Crescente";"Céu Claro";"Simples";"Declive";"Sim";2;0;0;0;2;0;0;2;-3,67053434;-39,07182499;"SPRF-CE";"DEL01-CE";"UOP03-DEL01-CE"
244340;2019-10-11;"sexta-feira";"17:20:00";"SC";101;371;"ICARA";"Ingestão de Álcool";"Colisão lateral";"Com Vítimas Feridas";"Pleno dia";"Decrescente";"Sol";"Dupla";"Reta";"Não";2;0;1;0;1;0;1;2;-28,70403682;-49,2008731;"SPRF-SC";"DEL02-SC";"UOP01-DEL02-SC"
244341;2019-10-21;"segunda-feira";"17:00:00";"MG";251;287,5;"SALINAS";"Pista Escorregadia";"Saída de leito carroçável";"Com Vítimas Feridas";"Plena Noite";"Decrescente";"Chuva";"Simples";"Reta";"Não";5;0;1;0;4;0;1;1;-16,05855261;-42,16752612;"SPRF-MG";"DEL11-MG";"UOP02-DEL11-MG"
244342;2019-10-21;"segunda-feira";"19:10:00";"DF";20;21;"BRASILIA";"Falta de Atenção do Pedestre";"Atropelamento de Pedestre";"Com Vítimas Feridas";"Plena Noite";"Crescente";"Chuva";"Dupla";"Reta";"Sim";2;0;1;0;1;0;1;2;-15,603384;-47,684692;"SPRF-DF";"DEL02-DF";"UOP01-DEL02-DF"
244343;2019-10-21;"segunda-feira";"19:00:00";"SP";116;144,2;"SAO JOSE DOS CAMPOS";"Falta de Atenção à Condução";"Colisão traseira";"Com Vítimas Feridas";"Plena Noite";"Decrescente";"Céu Claro";"Múltipla";"Reta";"Sim";4;0;3;0;1;0;3;2;-23,18274416;-45,84633592;"SPRF-SP";"DEL02-SP";"UOP01-DEL02-SP"
244344;2019-10-21;"segunda-feira";"19:00:00";"PR";277;75,3;"SAO JOSE DOS PINHAIS";"Falta de Atenção à Condução";"Colisão traseira";"Com Vítimas Feridas";"Plena Noite";"Crescente";"Nublado";"Dupla";"Reta";"Não";2;0;1;0;1;0;1;2;-25,51327981;-49,12433291;"SPRF-PR";"DEL01-PR";"UOP01-DEL01-PR"
244345;2019-10-21;"segunda-feira";"19:00:00";"PR";277;72;"SAO JOSE DOS PINHAIS";"Falta de Atenção à Condução";"Colisão traseira";"Com Vítimas Feridas";"Plena Noite";"Crescente";"Céu Claro";"Dupla";"Reta";"Sim";3;0;1;1;1;0;2;2;-25,52522628;-49,09755612;"SPRF-PR";"DEL01-PR";"UOP01-DEL01-PR"
244348;2019-10-20;"domingo";"18:40:00";"RO";364;1043;"PORTO VELHO";"Deficiência ou não Acionamento do Sistema de Iluminação/Sinalização do Veículo";"Colisão traseira";"Com Vítimas Feridas";"Plena Noite";"Crescente";"Nublado";"Simples";"Reta";"Sim";6;0;4;2;0;0;6;2;-9,77175839;-66,36126637;"SPRF-RO";"DEL01-RO";"UOP03-DEL01-RO"
244350;2019-10-21;"segunda-feira";"20:10:00";"PA";222;239;"MARABA";"Desobediência às normas de trânsito pelo condutor";"Saída de leito carroçável";"Com Vítimas Feridas";"Plena Noite";"Decrescente";"Céu Claro";"Simples";"Reta";"Sim";2;0;1;0;0;1;1;2;-5,302089;-49,0723;"SPRF-PA";"DEL03-PA";"UOP01-DEL03-PA"
244351;2019-10-17;"quinta-feira";"17:40:00";"SP";381;85;"SAO PAULO";"Objeto estático sobre o leito carroçável";"Colisão com objeto em movimento";"Com Vítimas Feridas";"Pleno dia";"Decrescente";"Ignorado";"Dupla";"Reta";"Sim";1;0;1;0;0;0;1;1;-23,449343;-46,56983501;"SPRF-SP";"DEL03-SP";"UOP01-DEL03-SP"