"id";"data_inversa";"dia_semana";"horario";"uf";"br";"km";"municipio";"causa_acidente";"tipo_acidente";"classificacao_acidente";"fase_dia";"sentido_via";"condicao_metereologica";"tipo_pista";"tracado_via";"uso_solo";"pessoas";"mortos";"feridos_leves";"feridos_graves";"ilesos";"ignorados";"feridos";"veiculos";"latitude";"longitude";"regional";"delegacia";"uop"
244352;2019-10-21;"segunda-feira";"17:30:00";"RO";364;736;"PORTO VELHO";"Pista Escorregadia";"Saída de leito carroçável";"Com Vítimas Feridas";"Anoitecer";"Decrescente";"Chuva";"Simples";"Reta";"Não";1;0;1;0;0;0;1;1;-8,94498284;-63,98028737;"SPRF-RO";"DEL01-RO";"UOP02-DEL01-RO"
244353;2019-10-21;"segunda-feira";"19:45:00";"MT";163;829,3;"SINOP";"Falta de Atenção à Condução";"Colisão transversal";"Com Vítimas Feridas";"Plena Noite";"Decrescente";"Céu Claro";"Dupla";"Retorno Regulamentado;Reta";"Sim";3;0;3;0;0;0;3;2;-11,91267357;-55,5087769;"SPRF-MT";"DEL06-MT";"UOP01-DEL06-MT"
244355;2019-10-01;"terça-feira";"20:20:00";"RJ";101;477;"ANGRA DOS REIS";"Falta de Atenção à Condução";"Colisão transversal";"Com Vítimas Feridas";"Plena Noite";"Crescente";"Céu Claro";"Simples";"Interseção de Vias";"Não";2;0;0;1;1;0;1;2;-22,99820396;-44,26554599;"SPRF-RJ";"DEL03-RJ";"UOP03-DEL03-RJ"
244357;2019-10-21;"segunda-feira";"13:00:00";"BA";20;88;"SAO DESIDERIO";"Velocidade Incompatível";"Saída de leito carroçável";"Com Vítimas Fatais";"Pleno dia";"Crescente";"Céu Claro";"Simples";"Reta";"Não";3;1;1;1;0;0;2;1;-13,184527;-46,034105;"SPRF-BA";"DEL10-BA";"UOP01-DEL10-BA"
244358;2019-10-21;"segunda-feira";"20:10:00";"RR";174;500;"BOA VISTA";"Pista Escorregadia";"Tombamento";"Com Vítimas Feridas";"Pleno dia";"Decrescente";"Céu Claro";"Dupla";"Reta";"Sim";2;0;1;0;1;0;1;1;2,776633;-60,708858;"SPRF-RR";"DEL01-RR";"UOP01-DEL01-RR"
244360;2019-10-21;"segunda-feira";"17:15:00";"MT";174;79,3;"CACERES";"Fenômenos da Natureza";"Colisão lateral";"Com Vítimas Feridas";"Pleno dia";"Crescente";"Chuva";"Simples";"Reta";"Não";5;0;3;0;2;0;3;3;-15,99033695;-57,75358493;"SPRF-MT";"DEL03-MT";"UOP01-DEL03-MT"
244362;2019-10-21;"segunda-feira";"21:00:00";"RJ";101;95;"CAMPOS DOS GOYTACAZES";"Falta de Atenção à Condução";"Queda de ocupante de veículo";"Com Vítimas Feridas";"Plena Noite";"Decrescente";"Garoa/Chuvisco";"Dupla";"Curva";"Não";1;0;1;0;0;0;1;1;-21,86957661;-41,5470863;"SPRF-RJ";"DEL08-RJ";"UOP02-DEL08-RJ"
244363;2019-10-21;"segunda-feira";"20:20:00";"GO";153;653,5;"MORRINHOS";"Velocidade Incompatível";"Saída de leito carroçável";"Com Vítimas Feridas";"Plena Noite";"Crescente";"Chuva";"Dupla";"Reta;Declive";"Não";1;0;1;0;0;0;1;1;-17,9926;-49,2601;"SPRF-GO";"DEL03-GO";"UOP01-DEL03-GO"
244364;2019-08-31;"sábado";"09:00:00";"PB";230;278;"SANTA LUZIA";"Mal Súbito";"Saída de leito carroçável";"Com Vítimas Fatais";"Pleno dia";"Crescente";"Céu Claro";"Simples";"Declive";"Não";1;1;0;0;0;0;0;1;-6,9513;-36,8451;"SPRF-PB";"DEL03-PB";"UOP01-DEL03-PB"
244365;2019-10-21;"segunda-feira";"20:50:00";"RO";364;709;"PORTO VELHO";"Desobediência às normas de trânsito pelo condutor";"Colisão frontal";"Com Vítimas Feridas";"Pleno dia";"Decrescente";"Céu Claro";"Dupla";"Reta";"Não";4;0;1;0;3;0;1;2;-8,79080357;-63,84863377;"SPRF-RO";"DEL01-RO";"UOP01-DEL01-RO"
244367;2019-10-21;"segunda-feira";"21:40:00";"PR";376;663;"GUARATUBA";"Defeito Mecânico no Veículo";"Incêndio";"Sem Vítimas";"Plena Noite";"Decrescente";"Nublado";"Dupla";"Reta";"Não";1;0;0;0;1;0;0;1;-25,85276631;-48,97556799;"SPRF-PR";"DEL01-PR";"UOP04-DEL01-PR"
244368;2019-10-21;"segunda-feira";"07:30:00";"BA";101;619;"MASCOTE";"Desobediência às normas de trânsito pelo condutor";"Colisão lateral";"Com Vítimas Feridas";"Plena Noite";"Crescente";"Céu Claro";"Simples";"Reta";"Não";3;0;0;2;1;0;2;2;-15,75042705;-39,4801369;"SPRF-BA";"DEL05-BA";"UOP02-DEL05-BA"
244369;2019-10-21;"segunda-feira";"21:50:00";"SC";470;66,9;"BLUMENAU";"Desobediência às normas de trânsito pelo condutor";"Colisão transversal";"Com Vítimas Feridas";"Plena Noite";"Crescente";"Nublado";"Simples";"Reta";"Sim";2;0;1;0;1;0;1;2;-26,870407;-49,221844;"SPRF-SC";"DEL04-SC";"UOP01-DEL04-SC"
244372;2019-10-21;"segunda-feira";"18:00:00";"RO";364;850;"PORTO VELHO";"Pista Escorregadia";"Saída de leito carroçável";"Com Vítimas Feridas";"Anoitecer";"Decrescente";"Chuva";"Simples";"Reta";"Não";1;0;1;0;0;0;1;1;-9,46717102;-64,75770698;"SPRF-RO";"DEL01-RO";"UOP02-DEL01-RO"
244373;2019-10-21;"segunda-feira";"20:00:00";"MG";116;571,5;"MANHUACU";"Pista Escorregadia";"Saída de leito carroçável";"Com Vítimas Feridas";"Plena Noite";"Crescente";"Nublado";"Simples";"Curva";"Não";1;0;1;0;0;0;1;1;-20,11476401;-42,18102184;"SPRF-MG";"DEL06-MG";"UOP03-DEL06-MG"
244375;2019-10-21;"segunda-feira";"23:20:00";"SP";116;305;"SAO LOURENCO DA SERRA";"Ingestão de Álcool";"Colisão lateral";"Sem Vítimas";"Plena Noite";"Crescente";"Céu Claro";"Simples";"Curva";"Não";2;0;0;0;2;0;0;2;-23,84287313;-46,93238591;"SPRF-SP";"DEL04-SP";"UOP01-DEL04-SP"
244383;2019-10-22;"terça-feira";"01:50:00";"PA";230;120;"MARABA";"Falta de Atenção à Condução";"Capotamento";"Com Vítimas Feridas";"Plena Noite";"Decrescente";"Céu Claro";"Dupla";"Reta";"Sim";1;0;1;0;0;0;1;1;-5,35038318;-49,11434;"SPRF-PA";"DEL03-PA";"UOP01-DEL03-PA"
244386;2019-10-22;"terça-feira";"03:00:00";"MG";262;462;"ARAUJOS";"Ingestão de Álcool";"Saída de leito carroçável";"Sem Vítimas";"Plena Noite";"Decrescente";"Nevoeiro/Neblina";"Simples";"Reta";"Não";1;0;0;0;0;1;0;1;-19,80258306;-45,13505459;"SPRF-MG";"DEL08-MG";"UOP03-DEL08-MG"
244388;2019-10-22;"terça-feira";"04:10:00";"RS";290;14;"SANTO ANTONIO DA PATRULHA";"Velocidade Incompatível";"Saída de leito carroçável";"Com Vítimas Feridas";"Plena Noite";"Decrescente";"Chuva";"Dupla";"Reta";"Não";2;0;2;0;0;0;2;1;-29,867395;-50,401199;"SPRF-RS";"DEL03-RS";"UOP01-DEL03-RS"
244389;2019-10-05;"sábado";"19:40:00";"ES";101;145,7;"LINHARES";"Não guardar distância de segurança";"Colisão traseira";"Com Vítimas Feridas";"Plena Noite";"Crescente";"Céu Claro";"Múltipla";"Reta";"Sim";3;0;1;1;1;0;2;2;-19,36990998;-40,06560718;"SPRF-ES";"DEL04-ES";"UOP01-DEL04-ES"
244391;2019-10-21;"segunda-feira";"22:25:00";"SC";470;88,2;"ASCURRA";"Falta de Atenção à Condução";"Colisão com objeto estático";"Com Vítimas Feridas";"Plena Noite";"Crescente";"Céu Claro";"Simples";"Ponte";"Não";1;0;0;1;0;0;1;1;-26,955355;-49,373169;"SPRF-SC";"DEL04-SC";"UOP01-DEL04-SC"
244393;2019-10-22;"terça-feira";"05:00:00";"SP";116;110,4;"TAUBATE";"Falta de Atenção à Condução";"Colisão com objeto estático";"Sem Vítimas";"Pleno dia";"Decrescente";"Nublado";"Dupla";"Reta";"Não";1;0;0;0;0;1;0;1;-23,03412614;-45,5526999;"SPRF-SP";"DEL06-SP";"UOP01-DEL06-SP"
244397;2019-10-22;"terça-feira";"05:20:00";"MT";70;282;"PRIMAVERA DO LESTE";"Falta de Atenção à Condução";"Colisão com objeto estático";"Sem Vítimas";"Amanhecer";"Decrescente";"Céu Claro";"Simples";"Interseção de Vias";"Sim";1;0;0;0;0;1;0;1;-15,57124297;-54,31324402;"SPRF-MT";"DEL05-MT";"UOP01-DEL05-MT"
244398;2019-10-22;"terça-feira";"07:00:00";"SE";235;4,9;"NOSSA SENHORA DO SOCORRO";"Falta de Atenção à Condução";"Colisão traseira";"Com Vítimas Feridas";"Pleno dia";"Decrescente";"Céu Claro";"Dupla";"Reta;Aclive";"Sim";5;0;2;0;2;1;2;4;-10,9041;-37,1278;"SPRF-SE";"DEL01-SE";"UOP01-DEL01-SE"
244402;2019-10-22;"terça-feira";"07:00:00";"RJ";116;317;"ITATIAIA";"Desobediência às normas de trânsito pelo condutor";"Colisão transversal";"Sem Vítimas";"Amanhecer";"Crescente";"Nublado";"Dupla";"Interseção de Vias";"Sim";2;0;0;0;2;0;0;2;-22,48904918;-44,55440998;"SPRF-RJ";"DEL07-RJ";"DEL5/7-UOP03/RJ"
244403;2019-10-21;"segunda-feira";"16:50:00";"RJ";116;17;"SAPUCAIA";"Velocidade Incompatível";"Saída de leito carroçável";"Com Vítimas Feridas";"Pleno dia";"Crescente";"Chuva";"Simples";"Curva";"Não";1;0;1;0;0;0;1;1;-21,98043992;-42,75368608;"SPRF-RJ";"DEL04-RJ";"UOP01-DEL04-RJ"
244405;2019-10-20;"domingo";"02:30:00";"SC";101;339,2;"TUBARAO";"Ingestão de Álcool";"Colisão com objeto estático";"Com Vítimas Feridas";"Plena Noite";"Decrescente";"Céu Claro";"Dupla";"Reta;Declive";"Sim";5;0;1;1;0;3;2;2;-28,50588251;-49,04908419;"SPRF-SC";"DEL02-SC";"UOP01-DEL02-SC"
244407;2019-10-22;"terça-feira";"07:30:00";"RJ";101;485;"ANGRA DOS REIS";"Restrição de Visibilidade";"Colisão lateral";"Com Vítimas Feridas";"Pleno dia";"Crescente";"Nublado";"Dupla";"Curva";"Sim";3;0;0;1;1;1;1;3;-22,98573526;-44,29709764;"SPRF-RJ";"DEL03-RJ";"UOP03-DEL03-RJ"
244410;2019-10-22;"terça-feira";"07:14:00";"SC";282;24;"SANTO AMARO DA IMPERATRIZ";"Não guardar distância de segurança";"Colisão traseira";"Com Vítimas Feridas";"Pleno dia";"Decrescente";"Céu Claro";"Simples";"Reta";"Sim";2;0;0;1;1;0;1;2;-27,68268;-48,744614;"SPRF-SC";"DEL01-SC";"UOP03-DEL01-SC"
244411;2019-10-22;"terça-feira";"06:30:00";"MT";163;527;"DIAMANTINO";"Pista Escorregadia";"Saída de leito carroçável";"Com Vítimas Feridas";"Amanhecer";"Crescente";"Garoa/Chuvisco";"Simples";"Reta";"Não";2;0;2;0;0;0;2;1;-14,47470292;-56,16291107;"SPRF-MT";"DEL01-MT";"UOP01-DEL01-MT"
244412;2019-10-22;"terça-feira";"07:53:00";"PE";232;167,2;"TACAIMBO";"Defeito Mecânico no Veículo";"Danos eventuais";"Com Vítimas Feridas";"Pleno dia";"Decrescente";"Céu Claro";"Simples";"Reta";"Não";1;0;1;0;0;0;1;1;-8,33783366;-36,30733704;"SPRF-PE";"DEL02-PE";"UOP03-DEL02-PE"
244413;2019-10-22;"terça-feira";"06:50:00";"RO";364;10;"VILHENA";"Não guardar distância de segurança";"Colisão traseira";"Com Vítimas Feridas";"Amanhecer";"Decrescente";"Céu Claro";"Simples";"Reta";"Não";2;0;2;0;0;0;2;2;-12,75194006;-60,10600907;"SPRF-RO";"DEL04-RO";"UOP01-DEL04-RO"
244414;2019-10-22;"terça-feira";"07:15:00";"MS";163;479,1;"CAMPO GRANDE";"Falta de Atenção à Condução";"Tombamento";"Com Vítimas Feridas";"Pleno dia";"Crescente";"Céu Claro";"Simples";"Reta";"Sim";1;0;1;0;0;0;1;1;-20,487322;-54,55929095;"SPRF-MS";"DEL01-MS";"UOP01-DEL01-MS"
244416;2019-10-22;"terça-feira";"07:30:00";"ES";101;147;"LINHARES";"Falta de Atenção à Condução";"Colisão transversal";"Com Vítimas Feridas";"Pleno dia";"Crescente";"Sol";"Múltipla";"Reta";"Sim";2;0;1;0;0;1;1;2;-19,37887202;-40,06657892;"SPRF-ES";"DEL04-ES";"UOP01-DEL04-ES"
244418;2019-10-22;"terça-feira";"06:50:00";"PR";116;198;"CAMPO DO TENENTE";"Falta de Atenção à Condução";"Colisão transversal";"Com Vítimas Feridas";"Pleno dia";"Crescente";"Céu Claro";"Simples";"Reta";"Não";2;0;1;0;1;0;1;2;-26,04382823;-49,70386505;"SPRF-SC";"DEL06-SC";"UOP01-DEL06-SC"
244419;2019-10-22;"terça-feira";"07:45:00";"ES";101;1;"VITORIA";"Falta de Atenção à Condução";"Colisão lateral";"Com Vítimas Feridas";"Pleno dia";"Decrescente";"Nublado";"Dupla";"Reta";"Não";2;0;0;1;1;0;1;2;-20,25399904;-40,28829753;"SPRF-ES";"DEL02-ES";"UOP01-DEL02-ES"
244420;2019-09-27;"sexta-feira";"23:50:00";"SP";381;67;"MAIRIPORA";"Desobediência às normas de trânsito pelo condutor";"Engavetamento";"Sem Vítimas";"Plena Noite";"Decrescente";"Nublado";"Dupla";"Curva";"Não";4;0;0;0;4;0;0;4;-23,33226094;-46,57675379;"SPRF-SP";"DEL03-SP";"UOP01-DEL03-SP"
244421;2019-10-22;"terça-feira";"07:30:00";"GO";153;507,2;"APARECIDA DE GOIANIA";"Desobediência às normas de trânsito pelo condutor";"Colisão transversal";"Sem Vítimas";"Pleno dia";"Crescente";"Céu Claro";"Múltipla";"Interseção de Vias";"Sim";2;0;0;0;2;0;0;2;-16,7715;-49,2387;"SPRF-GO";"DEL01-GO";"UOP03-DEL01-GO"
244422;2019-10-22;"terça-feira";"07:10:00";"SC";101;123,6;"ITAJAI";"Objeto estático sobre o leito carroçável";"Colisão com objeto estático";"Com Vítimas Feridas";"Pleno dia";"Decrescente";"Sol";"Dupla";"Reta";"Sim";1;0;1;0;0;0;1;1;-26,93668609;-48,69876905;"SPRF-SC";"DEL04-SC";"UOP04-DEL04-SC"
244423;2019-09-21;"sábado";"11:15:00";"PB";230;17,9;"JOAO PESSOA";"Restrição de Visibilidade";"Atropelamento de Pedestre";"Com Vítimas Fatais";"Pleno dia";"Crescente";"Céu Claro";"Dupla";"Reta";"Sim";3;1;0;0;1;1;0;2;-7,12248317;-34,84519038;"SPRF-PB";"DEL01-PB";"UOP01-DEL01-PB"
244425;2019-10-22;"terça-feira";"07:55:00";"MG";365;625,6;"UBERLANDIA";"Falta de Atenção à Condução";"Colisão lateral";"Com Vítimas Feridas";"Pleno dia";"Decrescente";"Nublado";"Dupla";"Curva;Retorno Regulamentado";"Sim";2;0;0;1;1;0;1;2;-18,90585472;-48,32526001;"SPRF-MG";"DEL15-MG";"UOP01-DEL15-MG"
244428;2019-10-22;"terça-feira";"09:30:00";"DF";40;5;"BRASILIA";"Falta de Atenção à Condução";"Colisão traseira";"Com Vítimas Feridas";"Pleno dia";"Decrescente";"Céu Claro";"Dupla";"Reta";"Sim";6;0;2;0;4;0;2;4;-16,020903;-47,980541;"SPRF-DF";"DEL01-DF";"UOP01-DEL01-DF"
244431;2019-10-22;"terça-feira";"07:45:00";"BA";116;683,8;"JEQUIE";"Velocidade Incompatível";"Saída de leito carroçável";"Com Vítimas Feridas";"Pleno dia";"Decrescente";"Nublado";"Simples";"Curva";"Não";1;0;1;0;0;0;1;1;-13,87769527;-40,13464153;"SPRF-BA";"DEL03-BA";"UOP01-DEL03-BA"
244433;2019-10-22;"terça-feira";"10:00:00";"CE";116;325,3;"JAGUARIBE";"Falta de Atenção à Condução";"Saída de leito carroçável";"Com Vítimas Feridas";"Pleno dia";"Decrescente";"Céu Claro";"Simples";"Curva";"Não";1;0;0;1;0;0;1;1;-6,03230093;-38,64455732;"SPRF-CE";"DEL05-CE";"UOP02-DEL05-CE"
244435;2019-10-22;"terça-feira";"09:55:00";"RS";116;245;"SAO LEOPOLDO";"Falta de Atenção à Condução";"Colisão traseira";"Sem Vítimas";"Pleno dia";"Crescente";"Nublado";"Dupla";"Reta";"Sim";2;0;0;0;2;0;0;2;-29,74980902;-51,15125361;"SPRF-RS";"DEL01-RS";"UOP02-DEL01-RS"
244438;2019-10-22;"terça-feira";"10:00:00";"PE";101;83;"JABOATAO DOS GUARARAPES";"Falta de Atenção à Condução";"Colisão transversal";"Com Vítimas Feridas";"Pleno dia";"Crescente";"Céu Claro";"Múltipla";"Viaduto;Reta";"Sim";2;0;0;1;1;0;1;2;-8,175172;-34,942642;"SPRF-PE";"DEL01-PE";"UOP03-DEL01-PE"
244439;2019-10-22;"terça-feira";"09:50:00";"BA";324;613;"SALVADOR";"Mal Súbito";"Colisão lateral";"Sem Vítimas";"Pleno dia";"Crescente";"Céu Claro";"Simples";"Reta";"Não";1;0;0;0;1;0;0;1;-12,85531601;-38,42055197;"SPRF-BA";"DEL01-BA";"UOP01-DEL01-BA"
244443;2019-10-01;"terça-feira";"05:40:00";"SP";116;292;"ITAPECERICA DA SERRA";"Velocidade Incompatível";"Colisão lateral";"Com Vítimas Feridas";"Amanhecer";"Decrescente";"Nublado";"Dupla";"Curva";"Sim";2;0;2;0;0;0;2;2;-23,74581995;-46,90003027;"SPRF-SP";"DEL04-SP";"UOP01-DEL04-SP"
244445;2019-10-22;"terça-feira";"10:15:00";"MG";116;776,7;"LEOPOLDINA";"Velocidade Incompatível";"Saída de leito carroçável";"Com Vítimas Feridas";"Pleno dia";"Decrescente";"Nublado";"Simples";"Curva;Aclive";"Não";1;0;1;0;0;0;1;1;-21,59023796;-42,68715187;"SPRF-MG";"DEL07-MG";"UOP01-DEL07-MG"
244447;2019-10-22;"terça-feira";"08:00:00";"SC";101;335,1;"TUBARAO";"Falta de Atenção à Condução";"Colisão lateral";"Com Vítimas Feridas";"Pleno dia";"Decrescente";"Céu Claro";"Múltipla";"Reta";"Sim";2;0;1;0;1;0;1;2;-28,46730446;-49,00604302;"SPRF-SC";"DEL02-SC";"UOP01-DEL02-SC"
244448;2019-10-22;"terça-feira";"11:20:00";"SC";101;129;"ITAJAI";"Defeito Mecânico no Veículo";"Tombamento";"Com Vítimas Feridas";"Pleno dia";"Decrescente";"Sol";"Dupla";"Curva";"Sim";1;0;1;0;0;0;1;1;-26,98064277;-48,6790679;"SPRF-SC";"DEL04-SC";"UOP03-DEL04-SC"
244449;2019-10-22;"terça-feira";"11:25:00";"PA";163;999;"SANTAREM";"Falta de Atenção à Condução";"Colisão transversal";"Com Vítimas Feridas";"Pleno dia";"Decrescente";"Sol";"Simples";"Reta";"Sim";2;0;1;0;1;0;1;2;-2,48200297;-54,73142511;"SPRF-PA";"DEL05-PA";"UOP01-DEL05-PA"
244450;2019-10-22;"terça-feira";"10:38:00";"RJ";116;305,1;"RESENDE";"Falta de Atenção à Condução";"Colisão com objeto estático";"Com Vítimas Feridas";"Pleno dia";"Crescente";"Nublado";"Múltipla";"Curva;Declive";"Sim";1;0;1;0;0;0;1;1;-22,45573779;-44,39454802;"SPRF-RJ";"DEL07-RJ";"DEL5/7-UOP03/RJ"
244453;2019-10-22;"terça-feira";"12:00:00";"DF";70;11,6;"BRASILIA";"Falta de Atenção à Condução";"Colisão transversal";"Com Vítimas Feridas";"Pleno dia";"Crescente";"Nublado";"Dupla";"Reta";"Não";3;0;3;0;0;0;3;2;-15,789762;-48,148727;"SPRF-DF";"DEL01-DF";"UOP02-DEL03-DF"
244456;2019-10-22;"terça-feira";"12:30:00";"ES";393;0,8;"CACHOEIRO DE ITAPEMIRIM";"Velocidade Incompatível";"Colisão transversal";"Com Vítimas Feridas";"Pleno dia";"Crescente";"Céu Claro";"Simples";"Aclive";"Não";2;0;0;1;1;0;1;2;-20,841324;-41,15929;"SPRF-ES";"DEL03-ES";"UOP02-DEL03-ES"
244457;2019-10-22;"terça-feira";"12:45:00";"SC";101;208;"SAO JOSE";"Não guardar distância de segurança";"Colisão traseira";"Com Vítimas Feridas";"Plena Noite";"Decrescente";"Céu Claro";"Dupla";"Reta";"Sim";2;0;1;0;1;0;1;2;-27,60327979;-48,63201818;"SPRF-SC";"DEL01-SC";"UOP01-DEL01-SC"
244458;2019-10-22;"terça-feira";"12:50:00";"MG";262;366,9;"JUATUBA";"Falta de Atenção à Condução";"Tombamento";"Com Vítimas Feridas";"Pleno dia";"Crescente";"Céu Claro";"Dupla";"Curva";"Não";1;0;0;1;0;0;1;1;-19,97391346;-44,32802081;"SPRF-MG";"DEL01-MG";"UOP03-DEL01-MG"
244459;2019-10-10;"quinta-feira";"05:00:00";"BA";324;585;"CANDEIAS";"Restrição de Visibilidade";"Capotamento";"Com Vítimas Feridas";"Amanhecer";"Decrescente";"Garoa/Chuvisco";"Dupla";"Reta";"Não";1;0;1;0;0;0;1;1;-12,63012705;-38,47968619;"SPRF-BA";"DEL01-BA";"UOP01-DEL01-BA"
244460;2019-10-22;"terça-feira";"12:30:00";"MG";365;630;"UBERLANDIA";"Falta de Atenção à Condução";"Colisão traseira";"Com Vítimas Feridas";"Pleno dia";"Decrescente";"Céu Claro";"Dupla";"Reta";"Sim";3;0;1;0;2;0;1;2;-18,89921529;-48,37166404;"SPRF-MG";"DEL15-MG";"UOP01-DEL15-MG"
244463;2019-10-22;"terça-feira";"14:00:00";"MG";459;26;"CALDAS";"Desobediência às normas de trânsito pelo condutor";"Colisão frontal";"Com Vítimas Feridas";"Pleno dia";"Crescente";"Sol";"Simples";"Reta";"Não";2;0;1;0;0;1;1;2;-21,91189636;-46,38114008;"SPRF-MG";"DEL16-MG";"UOP01-DEL09-MG"
244465;2019-10-22;"terça-feira";"12:25:00";"BA";116;14,1;"VITORIA DA CONQUISTA";"Pista Escorregadia";"Tombamento";"Com Vítimas Feridas";"Pleno dia";"Decrescente";"Garoa/Chuvisco";"Simples";"Curva";"Não";1;0;1;0;0;0;1;1;-14,89318572;-40,86544096;"SPRF-BA";"DEL08-BA";"UOP01-DEL08-BA"
244467;2019-10-02;"quarta-feira";"19:00:00";"PI";343;345,8;"TERESINA";"Objeto estático sobre o leito carroçável";"Tombamento";"Com Vítimas Feridas";"Plena Noite";"Crescente";"Céu Claro";"Simples";"Reta";"Sim";1;0;0;1;0;0;1;1;-5,0567213;-42,6841986;"SPRF-PI";"DEL01-PI";"UOP01-DEL01-PI"
244468;2019-10-22;"terça-feira";"14:20:00";"CE";222;8,8;"CAUCAIA";"Falta de Atenção à Condução";"Colisão lateral";"Com Vítimas Feridas";"Pleno dia";"Decrescente";"Sol";"Dupla";"Reta";"Sim";2;0;1;0;1;0;1;2;-3,75363558;-38,63803121;"SPRF-CE";"DEL01-CE";"UOP01-DEL01-CE"
244470;2019-10-22;"terça-feira";"09:00:00";"MA";316;550,3;"CAXIAS";"Falta de Atenção à Condução";"Tombamento";"Com Vítimas Feridas";"Pleno dia";"Crescente";"Céu Claro";"Simples";"Reta";"Sim";1;0;0;1;0;0;1;1;-4,886773;-43,362507;"SPRF-MA";"DEL03-MA";"UOP02-DEL03-MA"
244472;2019-10-22;"terça-feira";"12:20:00";"BA";116;516;"FEIRA DE SANTANA";"Ingestão de Álcool";"Atropelamento de Pedestre";"Com Vítimas Feridas";"Pleno dia";"Decrescente";"Sol";"Dupla";"Reta";"Sim";3;0;3;0;0;0;3;2;-12,21716801;-38,96581044;"SPRF-BA";"DEL03-BA";"UOP02-DEL03-BA"
244474;2019-10-22;"terça-feira";"13:30:00";"BA";110;288;"INHAMBUPE";"Desobediência às normas de trânsito pelo condutor";"Colisão lateral";"Com Vítimas Feridas";"Pleno dia";"Crescente";"Céu Claro";"Simples";"Curva";"Não";2;0;1;0;1;0;1;2;-11,80397696;-38,35127126;"SPRF-BA";"DEL01-BA";"UOP04-DEL01-BA"
244476;2019-10-22;"terça-feira";"15:15:00";"SC";163;103,5;"SAO JOSE DO CEDRO";"Falta de Atenção à Condução";"Colisão transversal";"Com Vítimas Feridas";"Pleno dia";"Crescente";"Céu Claro";"Simples";"Em Obras;Reta;Aclive";"Não";3;0;1;0;2;0;1;2;-26,46209088;-53,5077059;"SPRF-SC";"DEL07-SC";"UOP03-DEL07-SC"
244478;2019-10-22;"terça-feira";"16:15:00";"RS";471;174,2;"RIO PARDO";"Desobediência às normas de trânsito pelo condutor";"Colisão transversal";"Com Vítimas Feridas";"Pleno dia";"Crescente";"Céu Claro";"Múltipla";"Rotatória";"Sim";3;0;2;0;1;0;2;2;-30,022757;-52,373554;"SPRF-RS";"DEL02-RS";"UOP02-DEL02-RS"
244479;2019-10-22;"terça-feira";"16:30:00";"RJ";40;105,9;"DUQUE DE CAXIAS";"Condutor Dormindo";"Colisão traseira";"Com Vítimas Feridas";"Pleno dia";"Decrescente";"Nublado";"Simples";"Reta";"Sim";2;0;1;0;1;0;1;2;-22,63784806;-43,28428824;"SPRF-RJ";"DEL01-RJ";"UOP01-DEL01-RJ"
244481;2019-10-22;"terça-feira";"16:00:00";"MT";158;546,9;"AGUA BOA";"Falta de Atenção à Condução";"Capotamento";"Com Vítimas Feridas";"Pleno dia";"Decrescente";"Sol";"Simples";"Declive";"Não";2;0;1;0;1;0;1;1;-13,88723184;-52,06273814;"SPRF-MT";"DEL07-MT";"UOP02-DEL07-MT"
244484;2019-10-22;"terça-feira";"11:50:00";"PR";277;7;"PARANAGUA";"Falta de Atenção à Condução";"Colisão transversal";"Com Vítimas Feridas";"Pleno dia";"Crescente";"Céu Claro";"Simples";"Reta";"Não";2;0;0;1;1;0;1;2;-25,50940463;-48,51839662;"SPRF-PR";"DEL01-PR";"UOP05-DEL01-PR"
244485;2019-10-03;"quinta-feira";"03:30:00";"MT";364;187;"RONDONOPOLIS";"Animais na Pista";"Atropelamento de Animal";"Com Vítimas Feridas";"Plena Noite";"Crescente";"Ignorado";"Simples";"Reta";"Não";1;0;1;0;0;0;1;1;-16,56778271;-54,54638073;"SPRF-MT";"DEL02-MT";"UOP01-DEL02-MT"
244487;2019-10-22;"terça-feira";"17:15:00";"MG";40;553;"NOVA LIMA";"Falta de Atenção à Condução";"Colisão lateral";"Com Vítimas Feridas";"Pleno dia";"Decrescente";"Nublado";"Dupla";"Curva";"Sim";2;0;1;0;0;1;1;2;-20,06863326;-43,98194759;"SPRF-MG";"DEL01-MG";"UOP02-DEL01-MG"
244488;2019-10-22;"terça-feira";"15:03:00";"RO";319;59;"PORTO VELHO";"Desobediência às normas de trânsito pelo condutor";"Colisão traseira";"Com Vítimas Feridas";"Pleno dia";"Decrescente";"Céu Claro";"Múltipla";"Reta";"Sim";2;0;1;0;1;0;1;2;-8,766685;-63,884052;"SPRF-RO";"DEL01-RO";"UOP01-DEL01-RO"
244489;2019-10-22;"terça-feira";"17:20:00";"SP";116;147,4;"SAO JOSE DOS CAMPOS";"Falta de Atenção à Condução";"Colisão lateral";"Com Vítimas Feridas";"Anoitecer";"Decrescente";"Céu Claro";"Dupla";"Reta";"Sim";2;0;1;0;1;0;1;2;-23,19542994;-45,87176303;"SPRF-SP";"DEL02-SP";"UOP01-DEL02-SP"
244490;2019-10-22;"terça-feira";"17:25:00";"GO";153;501,5;"GOIANIA";"Não guardar distância de segurança";"Colisão traseira";"Sem Vítimas";"Pleno dia";"Crescente";"Céu Claro";"Dupla";"Reta";"Sim";1;0;0;0;1;0;0;1;-16,7189;-49,2382;"SPRF-GO";"DEL01-GO";"UOP01-DEL01-GO"