"id";"data_inversa";"dia_semana";"horario";"uf";"br";"km";"municipio";"causa_acidente";"tipo_acidente";"classificacao_acidente";"fase_dia";"sentido_via";"condicao_metereologica";"tipo_pista";"tracado_via";"uso_solo";"pessoas";"mortos";"feridos_leves";"feridos_graves";"ilesos";"ignorados";"feridos";"veiculos";"latitude";"longitude";"regional";"delegacia";"uop"
244623;2019-10-23;"quarta-feira";"10:40:00";"RJ";465;20;"NOVA IGUACU";"Ultrapassagem Indevida";"Atropelamento de Pedestre";"Com Vítimas Feridas";"Pleno dia";"Decrescente";"Nublado";"Simples";"Reta";"Sim";3;0;2;0;1;0;2;2;-22,846828;-43,605339;"SPRF-RJ";"DEL01-RJ";"UOP03-DEL01-RJ"
244626;2019-10-23;"quarta-feira";"13:00:00";"RJ";356;149,6;"CAMPOS DOS GOYTACAZES";"Falta de Atenção à Condução";"Colisão traseira";"Com Vítimas Feridas";"Pleno dia";"Decrescente";"Céu Claro";"Simples";"Rotatória";"Não";2;0;1;0;1;0;1;2;-21,77241727;-41,28125956;"SPRF-RJ";"DEL08-RJ";"UOP02-DEL08-RJ"
244628;2019-10-23;"quarta-feira";"13:45:00";"SP";381;40;"ATIBAIA";"Avarias e/ou desgaste excessivo no pneu";"Tombamento";"Com Vítimas Feridas";"Pleno dia";"Decrescente";"Sol";"Dupla";"Reta";"Não";2;0;1;1;0;0;2;1;-23,12997498;-46,5767598;"SPRF-SP";"DEL03-SP";"UOP01-DEL03-SP"
244629;2019-10-23;"quarta-feira";"12:30:00";"MG";116;704,6;"MURIAE";"Desobediência às normas de trânsito pelo condutor";"Colisão lateral";"Com Vítimas Feridas";"Pleno dia";"Decrescente";"Nublado";"Simples";"Interseção de Vias";"Sim";2;0;1;0;1;0;1;2;-21,12474252;-42,381329;"SPRF-MG";"DEL07-MG";"UOP02-DEL07-MG"
244631;2019-10-12;"sábado";"08:45:00";"SC";101;336,8;"TUBARAO";"Sinalização da via insuficiente ou inadequada";"Colisão traseira";"Com Vítimas Feridas";"Pleno dia";"Crescente";"Céu Claro";"Dupla";"Declive;Em Obras;Reta";"Sim";6;0;0;1;4;1;1;4;-28,47311347;-49,02437375;"SPRF-SC";"DEL02-SC";"UOP01-DEL02-SC"
244632;2019-10-23;"quarta-feira";"12:50:00";"MS";359;524,7;"LADARIO";"Falta de Atenção à Condução";"Saída de leito carroçável";"Com Vítimas Feridas";"Pleno dia";"Decrescente";"Sol";"Simples";"Curva";"Sim";2;0;2;0;0;0;2;1;-19,029644;-57,61845002;"SPRF-MS";"DEL03-MS";"UOP03-DEL03-MS"
244638;2019-10-23;"quarta-feira";"13:50:00";"MG";459;37;"SANTA RITA DE CALDAS";"Velocidade Incompatível";"Saída de leito carroçável";"Com Vítimas Feridas";"Pleno dia";"Decrescente";"Chuva";"Simples";"Curva";"Não";1;0;0;1;0;0;1;1;-21,965561;-46,336197;"SPRF-MG";"DEL16-MG";"UOP01-DEL09-MG"
244640;2019-10-23;"quarta-feira";"13:00:00";"RS";468;67,7;"SAO MARTINHO";"Falta de Atenção à Condução";"Colisão transversal";"Com Vítimas Feridas";"Pleno dia";"Crescente";"Céu Claro";"Simples";"Interseção de Vias";"Não";2;0;1;0;1;0;1;2;-27,736906;-53,838505;"SPRF-RS";"DEL08-RS";"UOP02-DEL08-RS"
244641;2019-10-23;"quarta-feira";"14:45:00";"GO";70;2,5;"AGUAS LINDAS DE GOIAS";"Velocidade Incompatível";"Saída de leito carroçável";"Com Vítimas Feridas";"Pleno dia";"Decrescente";"Chuva";"Dupla";"Declive";"Sim";2;0;1;0;1;0;1;1;-15,767021;-48,229945;"SPRF-DF";"DEL01-DF";"UOP02-DEL03-DF"
244642;2019-10-23;"quarta-feira";"15:00:00";"CE";222;32;"CAUCAIA";"Defeito Mecânico no Veículo";"Tombamento";"Com Vítimas Feridas";"Pleno dia";"Crescente";"Sol";"Simples";"Reta";"Não";2;0;2;0;0;0;2;1;-3,70784148;-38,83774211;"SPRF-CE";"DEL01-CE";"UOP01-DEL01-CE"
244643;2019-10-23;"quarta-feira";"13:50:00";"PR";272;367,5;"CAMPO MOURAO";"Falta de Atenção à Condução";"Colisão lateral";"Com Vítimas Feridas";"Pleno dia";"Crescente";"Céu Claro";"Múltipla";"Reta";"Sim";4;0;1;1;2;0;2;3;-24,05063682;-52,40169964;"SPRF-PR";"DEL04-PR";"UOP03-DEL09-PR"
244644;2019-10-23;"quarta-feira";"15:00:00";"MG";365;567,3;"INDIANOPOLIS";"Ultrapassagem Indevida";"Saída de leito carroçável";"Com Vítimas Feridas";"Pleno dia";"Crescente";"Sol";"Simples";"Reta;Declive";"Não";2;0;1;0;1;0;1;1;-18,91639564;-47,84482105;"SPRF-MG";"DEL15-MG";"UOP02-DEL15-MG"
244648;2019-10-23;"quarta-feira";"15:00:00";"RS";392;71,5;"PELOTAS";"Falta de Atenção à Condução";"Colisão traseira";"Sem Vítimas";"Pleno dia";"Decrescente";"Céu Claro";"Dupla";"Aclive";"Sim";2;0;0;0;2;0;0;2;-31,72790198;-52,38685478;"SPRF-RS";"DEL07-RS";"UOP01-DEL07-RS"
244649;2019-10-23;"quarta-feira";"14:05:00";"DF";60;4,6;"BRASILIA";"Desobediência às normas de trânsito pelo condutor";"Colisão transversal";"Sem Vítimas";"Pleno dia";"Crescente";"Nublado";"Dupla";"Reta";"Sim";2;0;0;0;2;0;0;2;-15,892721;-48,095741;"SPRF-DF";"DEL01-DF";"UOP01-DEL03-DF"
244654;2019-10-11;"sexta-feira";"19:30:00";"SC";116;73,3;"MONTE CASTELO";"Falta de Atenção à Condução";"Saída de leito carroçável";"Com Vítimas Feridas";"Plena Noite";"Crescente";"Céu Claro";"Simples";"Reta";"Não";1;0;1;0;0;0;1;1;-26,49609399;-50,23312331;"SPRF-SC";"DEL06-SC";"UOP02-DEL06-SC"
244655;2019-10-23;"quarta-feira";"16:20:00";"ES";101;269;"SERRA";"Falta de Atenção à Condução";"Colisão traseira";"Com Vítimas Feridas";"Pleno dia";"Decrescente";"Chuva";"Dupla";"Reta";"Sim";2;0;0;1;1;0;1;2;-20,21740496;-40,26990578;"SPRF-ES";"DEL02-ES";"UOP01-DEL02-ES"
244657;2019-10-23;"quarta-feira";"16:40:00";"MG";262;380,6;"JUATUBA";"Pista Escorregadia";"Saída de leito carroçável";"Com Vítimas Feridas";"Pleno dia";"Decrescente";"Chuva";"Dupla";"Curva;Declive";"Não";1;0;1;0;0;0;1;1;-19,947864;-44,381226;"SPRF-MG";"DEL01-MG";"UOP03-DEL01-MG"
244659;2019-10-23;"quarta-feira";"16:30:00";"PR";476;131;"CURITIBA";"Falta de Atenção à Condução";"Queda de ocupante de veículo";"Com Vítimas Feridas";"Pleno dia";"Crescente";"Céu Claro";"Dupla";"Reta";"Sim";1;0;1;0;0;0;1;1;-25,453636;-49,245155;"SPRF-PR";"DEL01-PR";"UOP07-DEL01-PR"
244661;2019-10-23;"quarta-feira";"16:40:00";"MT";163;651;"LUCAS DO RIO VERDE";"Falta de Atenção à Condução";"Queda de ocupante de veículo";"Com Vítimas Feridas";"Pleno dia";"Crescente";"Nublado";"Simples";"Reta";"Não";1;0;1;0;0;0;1;1;-13,36213;-56,0668;"SPRF-MT";"DEL06-MT";"UOP01-DEL06-MT"
244662;2019-10-23;"quarta-feira";"17:20:00";"ES";262;95;"VENDA NOVA DO IMIGRANTE";"Falta de Atenção à Condução";"Colisão transversal";"Com Vítimas Feridas";"Pleno dia";"Crescente";"Céu Claro";"Simples";"Interseção de Vias";"Sim";2;0;1;0;0;1;1;2;-20,3659225;-41,06040133;"SPRF-ES";"DEL01-ES";"UOP02-DEL01-ES"
244664;2019-10-23;"quarta-feira";"17:40:00";"SP";116;114,8;"TAUBATE";"Falta de Atenção à Condução";"Tombamento";"Com Vítimas Feridas";"Pleno dia";"Crescente";"Céu Claro";"Dupla";"Reta";"Não";1;0;1;0;0;0;1;1;-23,04654177;-45,59018006;"SPRF-SP";"DEL06-SP";"UOP02-DEL02-SP"
244665;2019-10-23;"quarta-feira";"17:40:00";"RN";101;116;"SAO JOSE DE MIPIBU";"Pista Escorregadia";"Queda de ocupante de veículo";"Com Vítimas Feridas";"Anoitecer";"Decrescente";"Céu Claro";"Dupla";"Retorno Regulamentado";"Não";1;0;1;0;0;0;1;1;-5,99923408;-35,26039018;"SPRF-RN";"DEL01-RN";"UOP01-DEL01-RN"
244666;2019-10-23;"quarta-feira";"17:40:00";"RS";386;437,5;"NOVA SANTA RITA";"Desobediência às normas de trânsito pelo condutor";"Colisão transversal";"Com Vítimas Feridas";"Pleno dia";"Crescente";"Céu Claro";"Dupla";"Reta";"Não";2;0;2;0;0;0;2;2;-29,85803;-51,261227;"SPRF-RS";"DEL04-RS";"UOP02-DEL04-RS"
244667;2019-10-07;"segunda-feira";"23:01:00";"BA";101;219;"CRUZ DAS ALMAS";"Animais na Pista";"Atropelamento de Animal";"Com Vítimas Feridas";"Plena Noite";"Crescente";"Ignorado";"Simples";"Reta";"Não";1;0;1;0;0;0;1;1;-12,65043396;-39,12001178;"SPRF-BA";"DEL01-BA";"UOP03-DEL01-BA"
244668;2019-10-23;"quarta-feira";"17:30:00";"MG";262;446;"NOVA SERRANA";"Desobediência às normas de trânsito pelo condutor";"Colisão transversal";"Com Vítimas Feridas";"Anoitecer";"Crescente";"Céu Claro";"Dupla";"Rotatória";"Sim";2;0;1;0;1;0;1;2;-19,87514825;-44,95031205;"SPRF-MG";"DEL08-MG";"UOP03-DEL08-MG"
244669;2019-10-23;"quarta-feira";"17:00:00";"PE";232;139,5;"SAO CAITANO";"Mal Súbito";"Queda de ocupante de veículo";"Com Vítimas Feridas";"Pleno dia";"Crescente";"Céu Claro";"Dupla";"Reta";"Não";1;0;0;1;0;0;1;1;-8,31947086;-36,06799801;"SPRF-PE";"DEL02-PE";"UOP03-DEL02-PE"
244670;2019-10-23;"quarta-feira";"17:10:00";"RS";470;221,9;"GARIBALDI";"Não guardar distância de segurança";"Colisão traseira";"Com Vítimas Feridas";"Pleno dia";"Crescente";"Nublado";"Simples";"Reta";"Não";2;0;1;0;1;0;1;2;-29,21346922;-51,51800763;"SPRF-RS";"DEL06-RS";"UOP01-DEL06-RS"
244671;2019-10-23;"quarta-feira";"18:00:00";"ES";101;148,7;"LINHARES";"Desobediência às normas de trânsito pelo condutor";"Colisão transversal";"Com Vítimas Feridas";"Plena Noite";"Decrescente";"Céu Claro";"Simples";"Interseção de Vias";"Sim";2;0;0;1;1;0;1;2;-19,38787399;-40,06752766;"SPRF-ES";"DEL04-ES";"UOP01-DEL04-ES"
244673;2019-10-23;"quarta-feira";"16:05:00";"SC";282;231,1;"LAGES";"Falta de Atenção à Condução";"Colisão traseira";"Sem Vítimas";"Pleno dia";"Crescente";"Céu Claro";"Simples";"Reta";"Não";2;0;0;0;2;0;0;2;-27,787624;-50,435722;"SPRF-SC";"DEL05-SC";"UOP02-DEL05-SC"
244675;2019-10-23;"quarta-feira";"19:11:00";"PR";476;124;"CURITIBA";"Falta de Atenção à Condução";"Colisão traseira";"Com Vítimas Feridas";"Plena Noite";"Crescente";"Céu Claro";"Dupla";"Reta";"Sim";2;0;1;0;1;0;1;2;-25,399845;-49,215855;"SPRF-PR";"DEL01-PR";"UOP07-DEL01-PR"
244677;2019-10-23;"quarta-feira";"18:00:00";"PB";101;51;"MAMANGUAPE";"Animais na Pista";"Atropelamento de Animal";"Com Vítimas Feridas";"Plena Noite";"Crescente";"Céu Claro";"Dupla";"Reta";"Não";5;0;5;0;0;0;5;1;-6,93035382;-35,10376671;"SPRF-PB";"DEL01-PB";"UOP04-DEL01-PB"
244678;2019-05-14;"terça-feira";"07:10:00";"RJ";101;320;"NITEROI";"Falta de Atenção à Condução";"Queda de ocupante de veículo";"Com Vítimas Feridas";"Pleno dia";"Crescente";"Céu Claro";"Dupla";"Reta";"Sim";2;0;2;0;0;0;2;2;-22,87152917;-43,1103301;"SPRF-RJ";"DEL02-RJ";"UOP02-DEL02-RJ"
244682;2019-10-23;"quarta-feira";"08:30:00";"PB";230;439;"APARECIDA";"Falta de Atenção à Condução";"Queda de ocupante de veículo";"Com Vítimas Feridas";"Pleno dia";"Crescente";"Céu Claro";"Simples";"Reta";"Não";1;0;1;0;0;0;1;1;-6,767149;-38,029131;"SPRF-PB";"DEL03-PB";"UOP02-DEL03-PB"
244683;2019-10-23;"quarta-feira";"08:30:00";"RO";319;63;"PORTO VELHO";"Desobediência às normas de trânsito pelo condutor";"Colisão transversal";"Com Vítimas Feridas";"Pleno dia";"Crescente";"Céu Claro";"Dupla";"Reta";"Sim";2;0;1;0;1;0;1;2;-8,766685;-63,884052;"SPRF-RO";"DEL01-RO";"UOP01-DEL01-RO"
244685;2019-10-23;"quarta-feira";"19:30:00";"MT";70;0,8;"BARRA DO GARCAS";"Ingestão de Álcool";"Colisão lateral";"Com Vítimas Feridas";"Plena Noite";"Decrescente";"Céu Claro";"Dupla";"Reta";"Sim";2;0;0;1;1;0;1;2;-15,895538;-52,25599;"SPRF-MT";"DEL07-MT";"UOP01-DEL07-MT"
244686;2019-10-23;"quarta-feira";"18:35:00";"TO";153;140,3;"ARAGUAINA";"Falta de Atenção à Condução";"Colisão traseira";"Com Vítimas Feridas";"Plena Noite";"Decrescente";"Chuva";"Dupla";"Reta";"Sim";2;0;2;0;0;0;2;2;-7,169616;-48,21328;"SPRF-TO";"DEL02-TO";"UOP01-DEL02-TO"
244689;2019-10-23;"quarta-feira";"11:35:00";"MG";50;70;"UBERLANDIA";"Falta de Atenção à Condução";"Colisão transversal";"Com Vítimas Feridas";"Pleno dia";"Decrescente";"Sol";"Múltipla";"Reta";"Sim";2;0;2;0;0;0;2;2;-18,89079147;-48,2555959;"SPRF-MG";"DEL15-MG";"UOP01-DEL15-MG"
244691;2019-10-23;"quarta-feira";"18:05:00";"RO";364;696;"PORTO VELHO";"Defeito Mecânico no Veículo";"Tombamento";"Com Vítimas Feridas";"Anoitecer";"Decrescente";"Céu Claro";"Dupla";"Reta";"Não";2;0;1;1;0;0;2;1;-8,80046614;-63,734779;"SPRF-RO";"DEL01-RO";"UOP01-DEL01-RO"
244692;2019-10-23;"quarta-feira";"19:30:00";"PE";408;96,7;"SAO LOURENCO DA MATA";"Desobediência às normas de trânsito pelo condutor";"Colisão lateral";"Com Vítimas Feridas";"Plena Noite";"Decrescente";"Céu Claro";"Dupla";"Reta;Retorno Regulamentado";"Não";2;0;1;0;1;0;1;2;-8,02062;-35,041045;"SPRF-PE";"DEL01-PE";"UOP01-DEL01-PE"
244695;2019-07-06;"sábado";"02:30:00";"PA";230;623;"VITORIA DO XINGU";"Falta de Atenção do Pedestre";"Atropelamento de Pedestre";"Com Vítimas Fatais";"Plena Noite";"Decrescente";"Ignorado";"Simples";"Reta";"Não";4;1;0;0;0;3;0;2;-3,16987925;-52,098009;"SPRF-PA";"DEL04-PA";"UOP01-DEL04-PA"
244697;2019-10-23;"quarta-feira";"20:10:00";"SP";116;230,3;"SAO PAULO";"Defeito Mecânico no Veículo";"Queda de ocupante de veículo";"Com Vítimas Feridas";"Plena Noite";"Decrescente";"Céu Claro";"Simples";"Reta";"Não";2;0;2;0;0;0;2;1;-23,52251783;-46,5855702;"SPRF-SP";"DEL01-SP";"UOP01-DEL01-SP"
244698;2019-10-23;"quarta-feira";"19:00:00";"MG";50;22;"ARAGUARI";"Falta de Atenção à Condução";"Saída de leito carroçável";"Com Vítimas Feridas";"Plena Noite";"Crescente";"Céu Claro";"Dupla";"Curva";"Não";2;0;1;0;1;0;1;1;-18,60755;-48,05444;"SPRF-MG";"DEL15-MG";"UOP02-DEL15-MG"
244699;2019-10-23;"quarta-feira";"19:40:00";"RS";116;153;"CAXIAS DO SUL";"Falta de Atenção à Condução";"Colisão frontal";"Com Vítimas Feridas";"Plena Noite";"Crescente";"Céu Claro";"Dupla";"Curva";"Sim";3;0;1;0;2;0;1;2;-29,18579758;-51,17713005;"SPRF-RS";"DEL05-RS";"UOP01-DEL05-RS"
244700;2019-10-23;"quarta-feira";"20:20:00";"SP";116;223;"GUARULHOS";"Falta de Atenção à Condução";"Colisão traseira";"Com Vítimas Feridas";"Plena Noite";"Decrescente";"Nublado";"Múltipla";"Reta";"Sim";2;0;1;0;1;0;1;2;-23,47559815;-46,5246609;"SPRF-SP";"DEL01-SP";"UOP01-DEL01-SP"
244701;2019-10-23;"quarta-feira";"17:55:00";"RO";364;224;"CACOAL";"Falta de Atenção do Pedestre";"Atropelamento de Pedestre";"Com Vítimas Feridas";"Anoitecer";"Decrescente";"Garoa/Chuvisco";"Simples";"Reta";"Sim";4;0;2;2;0;0;4;2;-11,51492614;-61,3539081;"SPRF-RO";"DEL02-RO";"UOP02-DEL02-RO"
244702;2019-10-23;"quarta-feira";"19:30:00";"SC";101;119;"ITAJAI";"Falta de Atenção à Condução";"Colisão traseira";"Com Vítimas Feridas";"Plena Noite";"Crescente";"Nublado";"Dupla";"Reta";"Não";3;0;1;0;2;0;1;3;-26,9043179;-48,71555481;"SPRF-SC";"DEL04-SC";"UOP04-DEL04-SC"
244703;2019-10-23;"quarta-feira";"20:45:00";"SP";153;257,2;"MARILIA";"Falta de Atenção à Condução";"Tombamento";"Com Vítimas Feridas";"Plena Noite";"Decrescente";"Céu Claro";"Dupla";"Curva";"Sim";2;0;1;0;0;1;1;2;-22,23982103;-49,91965379;"SPRF-SP";"DEL07-SP";"UOP02-DEL07-SP"
244706;2019-10-23;"quarta-feira";"19:00:00";"RO";364;701;"PORTO VELHO";"Desobediência às normas de trânsito pelo condutor";"Colisão traseira";"Sem Vítimas";"Plena Noite";"Decrescente";"Céu Claro";"Dupla";"Aclive;Reta";"Não";5;0;0;0;5;0;0;2;-8,80049198;-63,777876;"SPRF-RO";"DEL01-RO";"UOP01-DEL01-RO"
244708;2019-10-23;"quarta-feira";"21:00:00";"MG";365;31,1;"MONTES CLAROS";"Velocidade Incompatível";"Saída de leito carroçável";"Com Vítimas Feridas";"Plena Noite";"Decrescente";"Chuva";"Simples";"Curva";"Não";2;0;1;0;1;0;1;1;-16,85025469;-44,11000723;"SPRF-MG";"DEL12-MG";"UOP01-DEL12-MG"
244709;2019-10-23;"quarta-feira";"21:20:00";"MG";50;119,9;"UBERABA";"Falta de Atenção à Condução";"Tombamento";"Com Vítimas Feridas";"Plena Noite";"Decrescente";"Céu Claro";"Dupla";"Reta";"Não";1;0;1;0;0;0;1;1;-19,29969201;-48,11376802;"SPRF-MG";"DEL13-MG";"UOP01-DEL13-MG"
244711;2019-10-23;"quarta-feira";"16:00:00";"MT";364;268,9;"JACIARA";"Defeito na Via";"Queda de ocupante de veículo";"Com Vítimas Feridas";"Pleno dia";"Crescente";"Sol";"Simples";"Aclive";"Sim";1;0;1;0;0;0;1;1;-15,98124307;-54,93240309;"SPRF-MT";"DEL02-MT";"UOP02-DEL05-MT"
244712;2019-10-23;"quarta-feira";"21:20:00";"SC";470;52,7;"BLUMENAU";"Falta de Atenção à Condução";"Colisão transversal";"Com Vítimas Feridas";"Plena Noite";"Crescente";"Céu Claro";"Simples";"Rotatória";"Não";2;0;1;0;1;0;1;2;-26,86498111;-49,09931297;"SPRF-SC";"DEL04-SC";"UOP01-DEL04-SC"
244713;2019-10-23;"quarta-feira";"21:30:00";"GO";40;16,2;"LUZIANIA";"Desobediência às normas de trânsito pelo condutor";"Colisão traseira";"Com Vítimas Feridas";"Plena Noite";"Decrescente";"Chuva";"Dupla";"Reta";"Sim";2;0;1;0;1;0;1;2;-16,175176;-47,92964;"SPRF-DF";"DEL01-DF";"UOP01-DEL01-DF"
244716;2019-10-23;"quarta-feira";"21:10:00";"ES";101;143;"LINHARES";"Animais na Pista";"Atropelamento de Animal";"Com Vítimas Feridas";"Plena Noite";"Decrescente";"Nublado";"Dupla";"Reta";"Não";1;0;1;0;0;0;1;1;-19,34286596;-40,0638568;"SPRF-ES";"DEL04-ES";"UOP01-DEL04-ES"
244717;2019-10-23;"quarta-feira";"20:30:00";"AL";101;34,2;"JOAQUIM GOMES";"Velocidade Incompatível";"Saída de leito carroçável";"Com Vítimas Feridas";"Plena Noite";"Decrescente";"Céu Claro";"Dupla";"Curva";"Sim";1;0;1;0;0;0;1;1;-9,11439602;-35,76425074;"SPRF-AL";"DEL01-AL";"UOP02-DEL01-AL"
244718;2019-10-23;"quarta-feira";"21:30:00";"PE";101;45;"IGARASSU";"Falta de Atenção do Pedestre";"Atropelamento de Pedestre";"Com Vítimas Fatais";"Plena Noite";"Decrescente";"Céu Claro";"Múltipla";"Reta";"Sim";2;1;0;0;0;1;0;2;-7,86521297;-34,90715176;"SPRF-PE";"DEL01-PE";"UOP02-DEL01-PE"
244720;2019-10-23;"quarta-feira";"22:40:00";"PE";101;74;"JABOATAO DOS GUARARAPES";"Não guardar distância de segurança";"Colisão traseira";"Com Vítimas Feridas";"Plena Noite";"Crescente";"Céu Claro";"Dupla";"Curva";"Sim";2;0;1;0;1;0;1;2;-8,10146485;-34,94901577;"SPRF-PE";"DEL01-PE";"UOP01-DEL01-PE"
244721;2019-10-23;"quarta-feira";"22:35:00";"PR";476;128;"CURITIBA";"Falta de Atenção à Condução";"Colisão com objeto estático";"Com Vítimas Feridas";"Plena Noite";"Decrescente";"Nublado";"Múltipla";"Curva";"Sim";1;0;1;0;0;0;1;1;-25,42484129;-49,21411514;"SPRF-PR";"DEL01-PR";"UOP07-DEL01-PR"
244722;2019-10-23;"quarta-feira";"22:30:00";"SP";116;219;"GUARULHOS";"Não guardar distância de segurança";"Colisão traseira";"Com Vítimas Feridas";"Plena Noite";"Decrescente";"Céu Claro";"Múltipla";"Reta";"Sim";5;0;2;0;2;1;2;3;-23,46143954;-46,48885316;"SPRF-SP";"DEL01-SP";"UOP01-DEL01-SP"
244724;2019-10-11;"sexta-feira";"16:00:00";"PR";158;535,5;"PATO BRANCO";"Falta de Atenção à Condução";"Colisão traseira";"Sem Vítimas";"Pleno dia";"Decrescente";"Céu Claro";"Simples";"Interseção de Vias";"Sim";2;0;0;0;2;0;0;2;-26,23822844;-52,69236088;"SPRF-PR";"DEL02-PR";"UOP01-DEL02-PR"
244728;2019-10-23;"quarta-feira";"23:20:00";"PA";153;93;"BREJO GRANDE DO ARAGUAIA";"Falta de Atenção à Condução";"Saída de leito carroçável";"Com Vítimas Feridas";"Plena Noite";"Crescente";"Nublado";"Simples";"Curva";"Não";37;0;32;4;1;0;36;1;-5,914131;-48,625191;"SPRF-PA";"DEL03-PA";"UOP01-DEL03-PA"
244729;2019-10-23;"quarta-feira";"19:00:00";"SC";101;50;"JOINVILLE";"Agressão Externa";"Colisão frontal";"Sem Vítimas";"Plena Noite";"Crescente";"Céu Claro";"Dupla";"Interseção de Vias";"Não";2;0;0;0;2;0;0;2;-26,37546719;-48,85479619;"SPRF-SC";"DEL03-SC";"UOP01-DEL03-SC"
244730;2019-10-23;"quarta-feira";"23:30:00";"MG";262;803,2;"UBERABA";"Defeito na Via";"Queda de ocupante de veículo";"Com Vítimas Feridas";"Plena Noite";"Decrescente";"Céu Claro";"Dupla";"Reta";"Sim";2;0;1;1;0;0;2;1;-19,77509606;-47,97201785;"SPRF-MG";"DEL13-MG";"UOP01-DEL13-MG"
244731;2019-10-23;"quarta-feira";"23:50:00";"PR";376;175,6;"MARINGA";"Ingestão de Álcool";"Colisão traseira";"Com Vítimas Feridas";"Plena Noite";"Crescente";"Céu Claro";"Múltipla";"Reta";"Sim";2;0;1;0;1;0;1;2;-23,4113569;-51,9407767;"SPRF-PR";"DEL07-PR";"UOP01-DEL09-PR"
244735;2019-10-23;"quarta-feira";"21:20:00";"MA";316;615,1;"TIMON";"Falta de Atenção do Pedestre";"Atropelamento de Pedestre";"Com Vítimas Fatais";"Plena Noite";"Decrescente";"Céu Claro";"Simples";"Reta";"Não";2;1;0;0;0;1;0;2;-5,086548;-42,837265;"SPRF-MA";"DEL03-MA";"UOP02-DEL03-MA"
244736;2019-10-23;"quarta-feira";"20:05:00";"SP";459;15,9;"PIQUETE";"Não guardar distância de segurança";"Colisão lateral";"Com Vítimas Feridas";"Plena Noite";"Decrescente";"Garoa/Chuvisco";"Simples";"Reta";"Sim";1;0;0;1;0;0;1;1;-22,62007197;-45,16522408;"SPRF-SP";"DEL08-SP";"UOP03-DEL08-SP"
244737;2019-10-24;"quinta-feira";"00:00:00";"BA";116;638,7;"JAGUAQUARA";"Falta de Atenção à Condução";"Saída de leito carroçável";"Com Vítimas Feridas";"Plena Noite";"Crescente";"Céu Claro";"Simples";"Curva";"Não";1;0;1;0;0;0;1;1;-13,56094113;-40,07805392;"SPRF-BA";"DEL03-BA";"UOP01-DEL03-BA"
244738;2019-10-24;"quinta-feira";"00:10:00";"RJ";40;61;"PETROPOLIS";"Condutor Dormindo";"Colisão com objeto estático";"Com Vítimas Feridas";"Plena Noite";"Decrescente";"Céu Claro";"Dupla";"Curva";"Não";1;0;1;0;0;0;1;1;-22,40240833;-43,13786279;"SPRF-RJ";"DEL06-RJ";"UOP01-DEL06-RJ"
244739;2019-10-23;"quarta-feira";"20:30:00";"MG";262;11,7;"MARTINS SOARES";"Não guardar distância de segurança";"Colisão traseira";"Com Vítimas Feridas";"Plena Noite";"Decrescente";"Nublado";"Simples";"Reta";"Não";2;0;0;1;1;0;1;2;-20,246508;-41,846962;"SPRF-MG";"DEL06-MG";"UOP03-DEL06-MG"
244740;2019-10-23;"quarta-feira";"23:50:00";"MG";40;465,7;"SETE LAGOAS";"Ingestão de Álcool";"Saída de leito carroçável";"Sem Vítimas";"Plena Noite";"Decrescente";"Garoa/Chuvisco";"Dupla";"Reta";"Sim";1;0;0;0;1;0;0;1;-19,44156;-44,32696;"SPRF-MG";"DEL02-MG";"UOP01-DEL02-MG"
244744;2019-10-24;"quinta-feira";"02:10:00";"RS";290;94,5;"PORTO ALEGRE";"Ingestão de Álcool";"Colisão lateral";"Sem Vítimas";"Plena Noite";"Decrescente";"Nublado";"Dupla";"Reta";"Sim";2;0;0;0;2;0;0;2;-29,973856;-51,197853;"SPRF-RS";"DEL01-RS";"UOP01-DEL01-RS"
244746;2019-10-24;"quinta-feira";"00:00:00";"RO";364;745;"PORTO VELHO";"Animais na Pista";"Atropelamento de Animal";"Sem Vítimas";"Plena Noite";"Decrescente";"Nublado";"Simples";"Reta";"Não";1;0;0;0;1;0;0;1;-9,01895208;-64,01035069;"SPRF-RO";"DEL01-RO";"UOP02-DEL01-RO"
244747;2019-10-24;"quinta-feira";"03:00:00";"PI";343;0,8;"TERESINA";"Falta de Atenção à Condução";"Colisão com objeto estático";"Com Vítimas Feridas";"Plena Noite";"Decrescente";"Céu Claro";"Dupla";"Reta";"Sim";1;0;0;1;0;0;1;1;-5,089569;-42,802288;"SPRF-PI";"DEL01-PI";"UOP01-DEL01-PI"
244749;2019-10-24;"quinta-feira";"03:40:00";"RS";116;150,3;"CAXIAS DO SUL";"Ingestão de Álcool";"Colisão frontal";"Com Vítimas Feridas";"Plena Noite";"Crescente";"Céu Claro";"Dupla";"Interseção de Vias";"Sim";2;0;1;0;1;0;1;2;-29,168428;-51,158337;"SPRF-RS";"DEL05-RS";"UOP01-DEL05-RS"
244750;2019-10-24;"quinta-feira";"04:40:00";"SP";381;79,7;"SAO PAULO";"Falta de Atenção do Pedestre";"Atropelamento de Pedestre";"Com Vítimas Fatais";"Plena Noite";"Decrescente";"Nublado";"Dupla";"Reta";"Não";3;1;0;0;1;1;0;2;-23,406049;-46,580069;"SPRF-SP";"DEL03-SP";"UOP01-DEL03-SP"