"id";"data_inversa";"dia_semana";"horario";"uf";"br";"km";"municipio";"causa_acidente";"tipo_acidente";"classificacao_acidente";"fase_dia";"sentido_via";"condicao_metereologica";"tipo_pista";"tracado_via";"uso_solo";"pessoas";"mortos";"feridos_leves";"feridos_graves";"ilesos";"ignorados";"feridos";"veiculos";"latitude";"longitude";"regional";"delegacia";"uop"
244755;2019-10-24;"quinta-feira";"05:30:00";"RN";226;118,1;"LAJES PINTADAS";"Falta de Atenção à Condução";"Saída de leito carroçável";"Com Vítimas Feridas";"Pleno dia";"Decrescente";"Céu Claro";"Simples";"Reta";"Não";1;0;1;0;0;0;1;1;-6,19373096;-36,05898802;"SPRF-RN";"DEL03-RN";"UOP02-DEL03-RN"
244756;2019-10-08;"terça-feira";"03:30:00";"GO";153;54;"PORANGATU";"Condutor Dormindo";"Colisão com objeto estático";"Com Vítimas Feridas";"Pleno dia";"Crescente";"Céu Claro";"Simples";"Reta";"Não";4;0;3;1;0;0;4;1;-13,284661;-49,126762;"SPRF-GO";"DEL07-GO";"UOP01-DEL07-GO"
244758;2019-10-24;"quinta-feira";"04:50:00";"SC";101;108,2;"PENHA";"Desobediência às normas de trânsito pelo condutor";"Colisão frontal";"Com Vítimas Feridas";"Amanhecer";"Decrescente";"Nublado";"Dupla";"Curva";"Sim";2;0;1;0;1;0;1;2;-26,82606902;-48,69052298;"SPRF-SC";"DEL03-SC";"UOP02-DEL03-SC"
244761;2019-10-24;"quinta-feira";"06:18:00";"RN";101;119;"SAO JOSE DE MIPIBU";"Desobediência às normas de trânsito pelo condutor";"Colisão traseira";"Sem Vítimas";"Pleno dia";"Crescente";"Céu Claro";"Dupla";"Reta";"Não";5;0;0;0;5;0;0;2;-6,02496757;-35,2509784;"SPRF-RN";"DEL01-RN";"UOP01-DEL01-RN"
244766;2019-10-24;"quinta-feira";"07:10:00";"PR";376;600;"CURITIBA";"Não guardar distância de segurança";"Queda de ocupante de veículo";"Com Vítimas Feridas";"Pleno dia";"Decrescente";"Céu Claro";"Dupla";"Reta";"Sim";1;0;0;1;0;0;1;1;-25,53195602;-49,32205901;"SPRF-PR";"DEL01-PR";"UOP06-DEL01-PR"
244768;2019-10-23;"quarta-feira";"17:45:00";"MG";116;502,7;"INHAPIM";"Falta de Atenção à Condução";"Saída de leito carroçável";"Com Vítimas Feridas";"Anoitecer";"Decrescente";"Céu Claro";"Simples";"Curva";"Não";3;0;3;0;0;0;3;1;-19,577398;-42,115808;"SPRF-MG";"DEL06-MG";"UOP02-DEL06-MG"
244772;2019-10-24;"quinta-feira";"06:35:00";"MG";262;44,1;"MANHUACU";"Falta de Atenção à Condução";"Colisão lateral";"Com Vítimas Feridas";"Amanhecer";"Crescente";"Céu Claro";"Simples";"Curva";"Não";2;0;1;0;1;0;1;2;-20,26011575;-42,08811198;"SPRF-MG";"DEL06-MG";"UOP03-DEL06-MG"
244773;2019-10-24;"quinta-feira";"07:40:00";"SP";116;299;"SAO LOURENCO DA SERRA";"Não guardar distância de segurança";"Colisão lateral";"Com Vítimas Feridas";"Pleno dia";"Decrescente";"Sol";"Dupla";"Reta";"Não";2;0;1;0;1;0;1;2;-23,78863902;-46,9136936;"SPRF-SP";"DEL04-SP";"UOP01-DEL04-SP"
244774;2019-10-24;"quinta-feira";"07:40:00";"PR";277;7,3;"PARANAGUA";"Desobediência às normas de trânsito pelo condutor";"Colisão traseira";"Com Vítimas Feridas";"Pleno dia";"Decrescente";"Céu Claro";"Dupla";"Reta";"Não";1;0;1;0;0;0;1;1;-25,568198;-48,615292;"SPRF-PR";"DEL01-PR";"UOP05-DEL01-PR"
244775;2019-10-24;"quinta-feira";"07:51:00";"SP";153;51,5;"SAO JOSE DO RIO PRETO";"Velocidade Incompatível";"Queda de ocupante de veículo";"Com Vítimas Feridas";"Pleno dia";"Crescente";"Céu Claro";"Simples";"Rotatória";"Não";2;0;2;0;0;0;2;1;-20,71801801;-49,33874223;"SPRF-SP";"DEL09-SP";"UOP01-DEL09-SP"
244777;2019-10-24;"quinta-feira";"06:30:00";"RJ";101;296;"ITABORAI";"Defeito Mecânico no Veículo";"Incêndio";"Sem Vítimas";"Pleno dia";"Crescente";"Céu Claro";"Dupla";"Reta";"Sim";1;0;0;0;1;0;0;1;-22,7670498;-42,91019601;"SPRF-RJ";"DEL02-RJ";"UOP03-DEL02-RJ"
244779;2019-10-01;"terça-feira";"13:20:00";"MG";116;766,3;"LEOPOLDINA";"Desobediência às normas de trânsito pelo condutor";"Atropelamento de Pedestre";"Com Vítimas Feridas";"Pleno dia";"Decrescente";"Céu Claro";"Simples";"Reta";"Sim";2;0;1;1;0;0;2;2;-21,5271992;-42,65302264;"SPRF-MG";"DEL07-MG";"UOP01-DEL07-MG"
244780;2019-10-24;"quinta-feira";"08:30:00";"MG";267;71,4;"BICAS";"Mal Súbito";"Saída de leito carroçável";"Com Vítimas Feridas";"Pleno dia";"Decrescente";"Céu Claro";"Simples";"Reta";"Não";1;0;0;1;0;0;1;1;-21,74767662;-43,14143092;"SPRF-MG";"DEL05-MG";"UOP01-DEL05-MG"
244782;2019-10-24;"quinta-feira";"08:45:00";"RJ";116;173;"BELFORD ROXO";"Falta de Atenção à Condução";"Colisão com objeto estático";"Com Vítimas Feridas";"Pleno dia";"Crescente";"Céu Claro";"Dupla";"Reta";"Sim";1;0;1;0;0;0;1;1;-22,79810324;-43,35726614;"SPRF-RJ";"DEL01-RJ";"UOP02-DEL01-RJ"
244783;2019-10-24;"quinta-feira";"08:00:00";"SC";101;134;"BALNEARIO CAMBORIU";"Falta de Atenção à Condução";"Colisão transversal";"Com Vítimas Feridas";"Pleno dia";"Crescente";"Céu Claro";"Simples";"Reta";"Não";2;0;1;0;1;0;1;2;-27,00218;-48,636433;"SPRF-SC";"DEL04-SC";"UOP03-DEL04-SC"
244786;2019-10-24;"quinta-feira";"09:20:00";"GO";414;436;"ANAPOLIS";"Falta de Atenção à Condução";"Colisão transversal";"Com Vítimas Feridas";"Pleno dia";"Decrescente";"Céu Claro";"Simples";"Aclive";"Não";2;0;1;0;1;0;1;2;-16,25482505;-48,9361188;"SPRF-GO";"DEL02-GO";"UOP01-DEL02-GO"
244789;2019-10-24;"quinta-feira";"09:50:00";"PE";101;42,5;"IGARASSU";"Falta de Atenção à Condução";"Colisão traseira";"Sem Vítimas";"Pleno dia";"Crescente";"Sol";"Múltipla";"Retorno Regulamentado";"Sim";2;0;0;0;2;0;0;2;-7,83887431;-34,91196739;"SPRF-PE";"DEL01-PE";"UOP02-DEL01-PE"
244790;2019-10-24;"quinta-feira";"09:10:00";"BA";324;594;"CANDEIAS";"Falta de Atenção à Condução";"Colisão traseira";"Com Vítimas Feridas";"Pleno dia";"Decrescente";"Céu Claro";"Dupla";"Reta";"Não";1;0;1;0;0;0;1;1;-12,70742041;-38,46251062;"SPRF-BA";"DEL01-BA";"UOP01-DEL01-BA"
244791;2019-09-23;"segunda-feira";"07:25:00";"PR";376;174,6;"MARINGA";"Falta de Atenção à Condução";"Tombamento";"Com Vítimas Feridas";"Pleno dia";"Decrescente";"Ignorado";"Dupla";"Reta";"Sim";1;0;0;1;0;0;1;1;-23,41535318;-51,95303142;"SPRF-PR";"DEL07-PR";"UOP01-DEL09-PR"
244792;2019-10-24;"quinta-feira";"08:50:00";"RJ";40;117;"DUQUE DE CAXIAS";"Avarias e/ou desgaste excessivo no pneu";"Engavetamento";"Com Vítimas Feridas";"Pleno dia";"Decrescente";"Céu Claro";"Dupla";"Reta";"Sim";7;0;1;0;6;0;1;7;-22,745676;-43,2881;"SPRF-RJ";"DEL01-RJ";"UOP01-DEL01-RJ"
244793;2019-10-24;"quinta-feira";"06:50:00";"MG";381;403;"BOM JESUS DO AMPARO";"Falta de Atenção à Condução";"Colisão transversal";"Com Vítimas Feridas";"Amanhecer";"Crescente";"Sol";"Simples";"Reta";"Não";3;0;2;0;1;0;2;2;-19,74369435;-43,49831432;"SPRF-MG";"DEL01-MG";"UOP01-DEL01-MG"
244794;2019-10-24;"quinta-feira";"09:59:00";"CE";222;5;"CAUCAIA";"Falta de Atenção à Condução";"Colisão lateral";"Com Vítimas Feridas";"Pleno dia";"Crescente";"Sol";"Simples";"Viaduto";"Sim";4;0;0;1;2;1;1;4;-3,74296918;-38,61330997;"SPRF-CE";"DEL01-CE";"UOP01-DEL01-CE"
244797;2019-10-24;"quinta-feira";"11:00:00";"MG";381;839,7;"SAO SEBASTIAO DA BELA VISTA";"Condutor Dormindo";"Colisão com objeto estático";"Com Vítimas Feridas";"Pleno dia";"Crescente";"Nublado";"Dupla";"Reta;Aclive";"Não";2;0;2;0;0;0;2;1;-22,19834327;-45,85343083;"SPRF-MG";"DEL16-MG";"UOP01-DEL16-MG"
244799;2019-10-24;"quinta-feira";"11:00:00";"RN";226;0,5;"NATAL";"Ingestão de Álcool";"Atropelamento de Pedestre";"Com Vítimas Feridas";"Pleno dia";"Decrescente";"Céu Claro";"Simples";"Reta";"Sim";3;0;3;0;0;0;3;2;-5,800019;-35,238174;"SPRF-RN";"DEL01-RN";"UOP02-DEL01-RN"
244800;2019-10-24;"quinta-feira";"10:50:00";"ES";101;269;"SERRA";"Falta de Atenção do Pedestre";"Atropelamento de Pedestre";"Com Vítimas Feridas";"Pleno dia";"Crescente";"Céu Claro";"Dupla";"Reta";"Sim";2;0;1;0;0;1;1;2;-20,21740496;-40,26990578;"SPRF-ES";"DEL02-ES";"UOP01-DEL02-ES"
244801;2019-10-24;"quinta-feira";"10:10:00";"MG";40;342;"FELIXLANDIA";"Falta de Atenção à Condução";"Colisão traseira";"Com Vítimas Feridas";"Pleno dia";"Crescente";"Céu Claro";"Simples";"Reta";"Não";4;0;1;0;3;0;1;3;-18,67746389;-44,99330056;"SPRF-MG";"DEL02-MG";"UOP01-DEL02-MG"
244802;2019-10-24;"quinta-feira";"11:20:00";"PR";376;196,7;"MARIALVA";"Falta de Atenção à Condução";"Saída de leito carroçável";"Com Vítimas Feridas";"Pleno dia";"Crescente";"Sol";"Dupla";"Reta";"Não";1;0;1;0;0;0;1;1;-23,50026007;-51,76384001;"SPRF-PR";"DEL07-PR";"UOP01-DEL09-PR"
244804;2019-10-24;"quinta-feira";"11:30:00";"MG";267;142,2;"LIMA DUARTE";"Velocidade Incompatível";"Colisão frontal";"Com Vítimas Feridas";"Pleno dia";"Crescente";"Céu Claro";"Simples";"Curva";"Não";3;0;3;0;0;0;3;2;-21,80088547;-43,70015799;"SPRF-MG";"DEL05-MG";"UOP01-DEL05-MG"
244805;2019-10-24;"quinta-feira";"12:15:00";"SC";101;212;"PALHOCA";"Falta de Atenção à Condução";"Colisão lateral";"Com Vítimas Feridas";"Pleno dia";"Decrescente";"Céu Claro";"Dupla";"Reta";"Sim";2;0;1;0;0;1;1;2;-27,62996929;-48,65903871;"SPRF-SC";"DEL01-SC";"UOP02-DEL01-SC"
244807;2019-10-24;"quinta-feira";"12:00:00";"MT";158;793;"BARRA DO GARCAS";"Falta de Atenção à Condução";"Capotamento";"Sem Vítimas";"Pleno dia";"Decrescente";"Sol";"Simples";"Curva";"Não";1;0;0;0;1;0;0;1;-15,85276187;-52,30738531;"SPRF-MT";"DEL07-MT";"UOP01-DEL07-MT"
244808;2019-09-29;"domingo";"19:15:00";"PE";101;205;"XEXEU";"Falta de Atenção à Condução";"Colisão com objeto estático";"Com Vítimas Feridas";"Plena Noite";"Crescente";"Ignorado";"Dupla";"Em Obras";"Não";1;0;1;0;0;0;1;1;-8,813152;-35,63283;"SPRF-PE";"DEL01-PE";"UOP03-DEL01-PE"
244809;2019-10-24;"quinta-feira";"09:30:00";"MG";262;778;"UBERABA";"Condutor Dormindo";"Colisão traseira";"Sem Vítimas";"Pleno dia";"Decrescente";"Céu Claro";"Simples";"Reta";"Não";1;0;0;0;1;0;0;1;-19,73370171;-47,74583122;"SPRF-MG";"DEL13-MG";"UOP01-DEL13-MG"
244810;2019-10-24;"quinta-feira";"13:00:00";"PE";232;9,3;"JABOATAO DOS GUARARAPES";"Falta de Atenção à Condução";"Colisão lateral";"Com Vítimas Feridas";"Pleno dia";"Decrescente";"Céu Claro";"Dupla";"Reta";"Sim";2;0;1;0;1;0;1;2;-8,07764447;-34,97863609;"SPRF-PE";"DEL01-PE";"UOP01-DEL01-PE"
244811;2019-10-24;"quinta-feira";"12:50:00";"ES";101;269;"SERRA";"Mal Súbito";"Queda de ocupante de veículo";"Com Vítimas Feridas";"Pleno dia";"Crescente";"Nublado";"Dupla";"Reta";"Sim";1;0;0;1;0;0;1;1;-20,21740496;-40,26990578;"SPRF-ES";"DEL02-ES";"UOP01-DEL02-ES"
244812;2019-04-29;"segunda-feira";"02:30:00";"RN";304;296,9;"MACAIBA";"Falta de Atenção do Pedestre";"Atropelamento de Pedestre";"Com Vítimas Feridas";"Plena Noite";"Crescente";"Céu Claro";"Simples";"Reta";"Sim";2;0;1;0;1;0;1;2;-5,86484905;-35,34931012;"SPRF-RN";"DEL01-RN";"UOP02-DEL01-RN"
244814;2019-10-24;"quinta-feira";"12:15:00";"SC";163;67,7;"SAO MIGUEL DO OESTE";"Desobediência às normas de trânsito pelo condutor";"Colisão transversal";"Com Vítimas Feridas";"Pleno dia";"Crescente";"Sol";"Dupla";"Interseção de Vias;Aclive;Reta";"Sim";3;0;2;0;1;0;2;2;-26,73733689;-53,5025382;"SPRF-SC";"DEL07-SC";"UOP03-DEL07-SC"
244816;2019-08-23;"sexta-feira";"16:56:00";"CE";20;416;"MARACANAU";"Desobediência às normas de trânsito pelo condutor";"Colisão lateral";"Com Vítimas Feridas";"Plena Noite";"Crescente";"Céu Claro";"Simples";"Reta";"Sim";2;0;1;0;1;0;1;2;-3,843835;-38,585644;"SPRF-CE";"DEL01-CE";"UOP02-DEL01-CE"
244818;2019-10-24;"quinta-feira";"14:30:00";"SC";280;116;"SAO BENTO DO SUL";"Falta de Atenção à Condução";"Colisão lateral";"Com Vítimas Feridas";"Pleno dia";"Crescente";"Sol";"Simples";"Interseção de Vias";"Não";3;0;2;0;1;0;2;2;-26,2808956;-49,4169527;"SPRF-SC";"DEL06-SC";"UOP03-DEL06-SC"
244819;2019-10-24;"quinta-feira";"14:45:00";"PR";277;6,6;"PARANAGUA";"Falta de Atenção à Condução";"Colisão lateral";"Com Vítimas Feridas";"Pleno dia";"Crescente";"Céu Claro";"Simples";"Rotatória";"Sim";2;0;1;0;1;0;1;2;-25,51511438;-48,5223299;"SPRF-PR";"DEL01-PR";"UOP05-DEL01-PR"
244820;2019-10-24;"quinta-feira";"08:20:00";"GO";70;303,3;"ITAPIRAPUA";"Não guardar distância de segurança";"Colisão traseira";"Com Vítimas Feridas";"Pleno dia";"Crescente";"Céu Claro";"Simples";"Reta";"Não";2;0;2;0;0;0;2;2;-15,89534882;-50,44062194;"SPRF-GO";"DEL04-GO";"UOP01-DEL04-GO"
244821;2019-10-24;"quinta-feira";"14:20:00";"ES";101;172,2;"ARACRUZ";"Falta de Atenção à Condução";"Colisão transversal";"Com Vítimas Feridas";"Pleno dia";"Crescente";"Céu Claro";"Simples";"Reta";"Não";5;0;4;0;1;0;4;2;-19,56471105;-40,17869594;"SPRF-ES";"DEL04-ES";"UOP01-DEL04-ES"
244824;2019-10-24;"quinta-feira";"14:40:00";"RN";101;106;"PARNAMIRIM";"Defeito Mecânico no Veículo";"Danos eventuais";"Com Vítimas Feridas";"Pleno dia";"Decrescente";"Céu Claro";"Dupla";"Reta";"Sim";2;0;1;1;0;0;2;1;-5,91056401;-35,26130795;"SPRF-RN";"DEL01-RN";"UOP01-DEL01-RN"
244826;2019-10-24;"quinta-feira";"08:10:00";"PR";158;355,7;"MARQUINHO";"Falta de Atenção à Condução";"Colisão lateral";"Com Vítimas Feridas";"Pleno dia";"Decrescente";"Céu Claro";"Simples";"Rotatória";"Sim";2;0;2;0;0;0;2;2;-25,01106993;-52,28250193;"SPRF-PR";"DEL04-PR";"UOP02-DEL04-PR"
244827;2019-10-24;"quinta-feira";"14:50:00";"PR";369;201,3;"APUCARANA";"Velocidade Incompatível";"Colisão com objeto estático";"Com Vítimas Feridas";"Pleno dia";"Crescente";"Céu Claro";"Simples";"Interseção de Vias;Reta";"Sim";1;0;1;0;0;0;1;1;-23,5374523;-51,4567986;"SPRF-PR";"DEL07-PR";"UOP03-DEL07-PR"
244828;2019-10-24;"quinta-feira";"15:40:00";"ES";101;309,4;"VIANA";"Falta de Atenção à Condução";"Colisão transversal";"Com Vítimas Feridas";"Pleno dia";"Crescente";"Céu Claro";"Simples";"Interseção de Vias";"Sim";2;0;0;1;1;0;1;2;-20,417;-40,45984911;"SPRF-ES";"DEL03-ES";"UOP01-DEL03-ES"
244829;2019-10-24;"quinta-feira";"15:45:00";"SE";101;77,8;"LARANJEIRAS";"Desobediência às normas de trânsito pelo condutor";"Colisão lateral";"Com Vítimas Fatais";"Pleno dia";"Crescente";"Sol";"Dupla";"Retorno Regulamentado";"Sim";2;1;0;0;1;0;0;2;-10,776609;-37,13439;"SPRF-SE";"DEL01-SE";"UOP01-DEL01-SE"
244831;2019-10-24;"quinta-feira";"15:00:00";"PR";376;4;"SAO JOSE DOS PINHAIS";"Desobediência às normas de trânsito pelo condutor";"Colisão transversal";"Sem Vítimas";"Pleno dia";"Crescente";"Céu Claro";"Dupla";"Reta";"Sim";2;0;0;0;2;0;0;2;-25,5307;-49,1958;"SPRF-PR";"DEL01-PR";"UOP01-DEL01-PR"
244832;2019-10-24;"quinta-feira";"14:45:00";"RO";364;706;"PORTO VELHO";"Falta de Atenção à Condução";"Tombamento";"Com Vítimas Feridas";"Pleno dia";"Decrescente";"Nublado";"Dupla";"Curva";"Sim";1;0;1;0;0;0;1;1;-8,80117297;-63,82789493;"SPRF-RO";"DEL01-RO";"UOP01-DEL01-RO"
244835;2019-10-24;"quinta-feira";"15:35:00";"MT";364;205;"RONDONOPOLIS";"Falta de Atenção à Condução";"Colisão transversal";"Com Vítimas Feridas";"Pleno dia";"Crescente";"Sol";"Dupla";"Retorno Regulamentado";"Sim";3;0;3;0;0;0;3;2;-16,45928621;-54,66092345;"SPRF-MT";"DEL02-MT";"UOP01-DEL02-MT"
244836;2019-10-24;"quinta-feira";"16:10:00";"RS";290;716,2;"URUGUAIANA";"Desobediência às normas de trânsito pelo condutor";"Colisão lateral";"Sem Vítimas";"Pleno dia";"Crescente";"Céu Claro";"Simples";"Reta";"Não";8;0;0;0;8;0;0;2;-29,781853;-57,025253;"SPRF-RS";"DEL13-RS";"UOP01-DEL13-RS"
244837;2019-10-24;"quinta-feira";"14:40:00";"MT";163;105;"RONDONOPOLIS";"Avarias e/ou desgaste excessivo no pneu";"Tombamento";"Com Vítimas Feridas";"Pleno dia";"Crescente";"Sol";"Dupla";"Declive";"Não";2;0;2;0;0;0;2;1;-16,62007898;-54,69936693;"SPRF-MT";"DEL02-MT";"UOP01-DEL02-MT"
244838;2019-10-15;"terça-feira";"18:00:00";"PR";116;18;"CURITIBA";"Velocidade Incompatível";"Colisão traseira";"Com Vítimas Feridas";"Anoitecer";"Crescente";"Nublado";"Dupla";"Reta";"Sim";3;0;2;0;1;0;2;2;-25,3889109;-49,1980644;"SPRF-PR";"DEL01-PR";"UOP02-DEL01-PR"
244839;2019-10-24;"quinta-feira";"16:47:00";"MG";381;498;"BETIM";"Defeito Mecânico no Veículo";"Tombamento";"Com Vítimas Feridas";"Pleno dia";"Decrescente";"Céu Claro";"Dupla";"Declive;Reta";"Sim";2;0;1;0;1;0;1;1;-20,01172662;-44,21976041;"SPRF-MG";"DEL01-MG";"UOP03-DEL01-MG"
244840;2019-10-24;"quinta-feira";"16:10:00";"SC";282;602,9;"MARAVILHA";"Não guardar distância de segurança";"Colisão traseira";"Com Vítimas Feridas";"Pleno dia";"Crescente";"Sol";"Simples";"Reta";"Não";3;0;1;0;2;0;1;2;-26,806049;-53,178757;"SPRF-SC";"DEL07-SC";"UOP02-DEL07-SC"
244841;2019-10-24;"quinta-feira";"17:00:00";"PR";476;122;"CURITIBA";"Desobediência às normas de trânsito pelo condutor";"Colisão lateral";"Com Vítimas Feridas";"Pleno dia";"Crescente";"Céu Claro";"Dupla";"Interseção de Vias";"Sim";2;0;1;0;1;0;1;2;-25,385775;-49,203377;"SPRF-PR";"DEL01-PR";"UOP07-DEL01-PR"
244844;2019-10-24;"quinta-feira";"16:10:00";"SC";280;124,8;"RIO NEGRINHO";"Falta de Atenção à Condução";"Colisão transversal";"Com Vítimas Feridas";"Pleno dia";"Crescente";"Sol";"Simples";"Interseção de Vias";"Não";3;0;1;0;2;0;1;3;-26,24130297;-49,47514499;"SPRF-SC";"DEL06-SC";"UOP03-DEL06-SC"
244845;2019-10-24;"quinta-feira";"17:00:00";"PR";277;660;"MATELANDIA";"Ingestão de Álcool";"Capotamento";"Com Vítimas Feridas";"Anoitecer";"Crescente";"Céu Claro";"Dupla";"Declive";"Não";1;0;1;0;0;0;1;1;-25,25136237;-53,99027796;"SPRF-PR";"DEL05-PR";"UOP02-DEL05-PR"
244846;2019-10-24;"quinta-feira";"18:20:00";"SC";470;48,1;"BLUMENAU";"Desobediência às normas de trânsito pelo condutor";"Colisão transversal";"Com Vítimas Feridas";"Pleno dia";"Decrescente";"Céu Claro";"Simples";"Curva";"Sim";2;0;0;1;1;0;1;2;-26,85957178;-49,05617058;"SPRF-SC";"DEL04-SC";"UOP01-DEL04-SC"
244849;2019-10-24;"quinta-feira";"18:19:00";"PR";376;180,4;"MARINGA";"Não guardar distância de segurança";"Engavetamento";"Com Vítimas Feridas";"Anoitecer";"Crescente";"Céu Claro";"Dupla";"Reta";"Sim";3;0;1;0;2;0;1;3;-23,42725352;-51,89512271;"SPRF-PR";"DEL07-PR";"UOP01-DEL09-PR"
244851;2019-10-24;"quinta-feira";"18:20:00";"ES";262;3;"CARIACICA";"Ingestão de álcool e/ou substâncias psicoativas pelo pedestre";"Atropelamento de Pedestre";"Com Vítimas Feridas";"Plena Noite";"Crescente";"Nublado";"Múltipla";"Reta";"Sim";2;0;1;0;1;0;1;2;-20,33374432;-40,36910933;"SPRF-ES";"DEL01-ES";"UOP01-DEL01-ES"
244852;2019-10-24;"quinta-feira";"17:40:00";"SP";116;210;"GUARULHOS";"Defeito Mecânico no Veículo";"Queda de ocupante de veículo";"Com Vítimas Feridas";"Plena Noite";"Crescente";"Nublado";"Dupla";"Reta";"Sim";1;0;1;0;0;0;1;1;-23,42870023;-46,41085991;"SPRF-SP";"DEL01-SP";"UOP01-DEL01-SP"
244855;2019-10-24;"quinta-feira";"18:15:00";"PA";163;1002;"SANTAREM";"Falta de Atenção à Condução";"Colisão transversal";"Com Vítimas Feridas";"Anoitecer";"Crescente";"Ignorado";"Simples";"Reta";"Sim";2;0;2;0;0;0;2;2;-2,45567004;-54,72854541;"SPRF-PA";"DEL05-PA";"UOP01-DEL05-PA"
244856;2019-10-24;"quinta-feira";"18:45:00";"SP";116;216,8;"GUARULHOS";"Velocidade Incompatível";"Tombamento";"Com Vítimas Feridas";"Plena Noite";"Decrescente";"Nublado";"Múltipla";"Reta";"Sim";2;0;2;0;0;0;2;1;-23,454296;-46,471405;"SPRF-SP";"DEL01-SP";"UOP01-DEL01-SP"
244857;2019-10-24;"quinta-feira";"17:15:00";"MT";70;523;"VARZEA GRANDE";"Desobediência às normas de trânsito pelo condutor";"Colisão transversal";"Com Vítimas Feridas";"Anoitecer";"Crescente";"Céu Claro";"Simples";"Reta";"Não";2;0;1;0;1;0;1;2;-15,65411449;-56,19300842;"SPRF-MT";"DEL01-MT";"DEL2/4-UOP02/MT"
244858;2019-10-24;"quinta-feira";"18:50:00";"RS";116;245;"SAO LEOPOLDO";"Falta de Atenção à Condução";"Colisão lateral";"Com Vítimas Feridas";"Plena Noite";"Decrescente";"Céu Claro";"Dupla";"Reta";"Sim";2;0;1;0;1;0;1;2;-29,74980902;-51,15125361;"SPRF-RS";"DEL01-RS";"UOP02-DEL01-RS"
244862;2019-10-24;"quinta-feira";"19:00:00";"PR";376;294;"MAUA DA SERRA";"Ultrapassagem Indevida";"Colisão lateral";"Com Vítimas Feridas";"Plena Noite";"Crescente";"Céu Claro";"Simples";"Reta";"Não";2;0;2;0;0;0;2;2;-23,92632813;-51,17381228;"SPRF-PR";"DEL07-PR";"UOP02-DEL07-PR"
244863;2019-10-24;"quinta-feira";"18:10:00";"PE";424;91,9;"GARANHUNS";"Animais na Pista";"Atropelamento de Animal";"Com Vítimas Feridas";"Plena Noite";"Crescente";"Céu Claro";"Simples";"Curva";"Sim";1;0;1;0;0;0;1;1;-8,91152854;-36,49366379;"SPRF-PE";"DEL03-PE";"UOP01-DEL03-PE"
244864;2019-10-24;"quinta-feira";"18:30:00";"MG";116;416,9;"GOVERNADOR VALADARES";"Desobediência às normas de trânsito pelo condutor";"Colisão transversal";"Com Vítimas Feridas";"Anoitecer";"Crescente";"Nublado";"Simples";"Curva";"Sim";2;0;0;1;1;0;1;2;-18,89534442;-41,94794655;"SPRF-MG";"DEL06-MG";"UOP01-DEL06-MG"
244866;2019-10-24;"quinta-feira";"19:00:00";"MG";459;79,1;"CONGONHAL";"Falta de Atenção à Condução";"Colisão transversal";"Com Vítimas Feridas";"Plena Noite";"Crescente";"Nublado";"Simples";"Reta";"Não";4;0;1;1;2;0;2;2;-22,156888;-46,089581;"SPRF-MG";"DEL16-MG";"UOP01-DEL09-MG"
244868;2019-10-24;"quinta-feira";"19:00:00";"ES";101;266;"SERRA";"Falta de Atenção à Condução";"Colisão lateral";"Com Vítimas Feridas";"Plena Noite";"Crescente";"Nublado";"Múltipla";"Interseção de Vias";"Sim";2;0;1;0;1;0;1;2;-20,190199;-40,26828891;"SPRF-ES";"DEL02-ES";"UOP01-DEL02-ES"
244869;2019-10-20;"domingo";"15:30:00";"MG";381;426,5;"CAETE";"Falta de Atenção à Condução";"Colisão lateral";"Com Vítimas Feridas";"Pleno dia";"Crescente";"Céu Claro";"Simples";"Curva";"Não";4;0;0;1;3;0;1;4;-19,78686195;-43,68924804;"SPRF-MG";"DEL01-MG";"UOP01-DEL01-MG"
244870;2019-10-24;"quinta-feira";"18:50:00";"PI";343;347,2;"TERESINA";"Não guardar distância de segurança";"Colisão traseira";"Com Vítimas Feridas";"Anoitecer";"Crescente";"Céu Claro";"Simples";"Ponte";"Sim";2;0;1;0;1;0;1;2;-5,114822;-42,778355;"SPRF-PI";"DEL01-PI";"UOP01-DEL01-PI"
244871;2019-10-19;"sábado";"12:00:00";"MS";262;135;"AGUA CLARA";"Sinalização da via insuficiente ou inadequada";"Capotamento";"Com Vítimas Feridas";"Pleno dia";"Crescente";"Céu Claro";"Simples";"Declive";"Não";2;0;2;0;0;0;2;1;-20,481905;-52,805914;"SPRF-MS";"DEL07-MS";"UOP02-DEL07-MS"
244872;2019-10-24;"quinta-feira";"09:30:00";"SC";470;249;"CURITIBANOS";"Falta de Atenção à Condução";"Colisão traseira";"Sem Vítimas";"Pleno dia";"Crescente";"Céu Claro";"Simples";"Rotatória";"Sim";2;0;0;0;2;0;0;2;-27,31296605;-50,56088448;"SPRF-SC";"DEL05-SC";"UOP03-DEL05-SC"
244874;2019-10-24;"quinta-feira";"20:15:00";"SP";116;215;"GUARULHOS";"Velocidade Incompatível";"Colisão traseira";"Com Vítimas Feridas";"Plena Noite";"Decrescente";"Céu Claro";"Múltipla";"Reta";"Sim";6;0;5;0;1;0;5;2;-23,44695693;-46,45394103;"SPRF-SP";"DEL01-SP";"UOP01-DEL01-SP"