"id";"data_inversa";"dia_semana";"horario";"uf";"br";"km";"municipio";"causa_acidente";"tipo_acidente";"classificacao_acidente";"fase_dia";"sentido_via";"condicao_metereologica";"tipo_pista";"tracado_via";"uso_solo";"pessoas";"mortos";"feridos_leves";"feridos_graves";"ilesos";"ignorados";"feridos";"veiculos";"latitude";"longitude";"regional";"delegacia";"uop"
245008;2019-10-25;"sexta-feira";"14:10:00";"MG";365;626,9;"UBERLANDIA";"Falta de Atenção do Pedestre";"Atropelamento de Pedestre";"Com Vítimas Feridas";"Pleno dia";"Crescente";"Céu Claro";"Dupla";"Em Obras;Reta";"Sim";4;0;0;1;1;2;1;2;-18,90659356;-48,33469405;"SPRF-MG";"DEL15-MG";"UOP01-DEL15-MG"
245009;2019-10-25;"sexta-feira";"07:50:00";"MT";364;97,1;"ALTO GARCAS";"Desobediência às normas de trânsito pelo condutor";"Capotamento";"Com Vítimas Feridas";"Pleno dia";"Crescente";"Nublado";"Simples";"Curva";"Não";3;0;3;0;0;0;3;1;-16,85216285;-53,76392187;"SPRF-MT";"DEL02-MT";"UOP02-DEL02-MT"
245010;2019-10-25;"sexta-feira";"12:00:00";"GO";414;431,7;"ANAPOLIS";"Condutor Dormindo";"Saída de leito carroçável";"Com Vítimas Feridas";"Pleno dia";"Crescente";"Céu Claro";"Simples";"Reta";"Não";3;0;2;1;0;0;3;1;-16,21405015;-48,91838475;"SPRF-GO";"DEL02-GO";"UOP01-DEL02-GO"
245011;2019-10-19;"sábado";"02:00:00";"MS";163;838,9;"SONORA";"Desobediência às normas de trânsito pelo condutor";"Danos eventuais";"Com Vítimas Feridas";"Plena Noite";"Decrescente";"Ignorado";"Simples";"Reta";"Não";2;0;0;1;1;0;1;1;-17,58231308;-54,74314059;"SPRF-MS";"DEL06-MS";"UOP01-DEL06-MS"
245012;2019-10-25;"sexta-feira";"13:30:00";"MS";262;88;"TRES LAGOAS";"Defeito na Via";"Saída de leito carroçável";"Com Vítimas Feridas";"Pleno dia";"Decrescente";"Céu Claro";"Simples";"Reta";"Não";1;0;1;0;0;0;1;1;-20,61162505;-52,39190002;"SPRF-MS";"DEL07-MS";"UOP02-DEL07-MS"
245013;2019-09-30;"segunda-feira";"15:20:00";"RS";392;3;"RIO GRANDE";"Não guardar distância de segurança";"Colisão traseira";"Sem Vítimas";"Pleno dia";"Decrescente";"Céu Claro";"Simples";"Reta";"Sim";2;0;0;0;2;0;0;2;-32,06221202;-52,08949696;"SPRF-RS";"DEL07-RS";"UOP02-DEL07-RS"
245014;2019-10-25;"sexta-feira";"14:50:00";"MG";365;620;"MONTE ALEGRE DE MINAS";"Pista Escorregadia";"Saída de leito carroçável";"Com Vítimas Feridas";"Pleno dia";"Crescente";"Chuva";"Dupla";"Reta";"Não";1;0;1;0;0;0;1;1;-18,87004;-48,756226;"SPRF-MG";"DEL15-MG";"UOP01-DEL15-MG"
245018;2019-10-25;"sexta-feira";"15:00:00";"PE";232;100,2;"BEZERROS";"Desobediência às normas de trânsito pelo condutor";"Colisão transversal";"Sem Vítimas";"Pleno dia";"Decrescente";"Céu Claro";"Simples";"Declive";"Sim";2;0;0;0;2;0;0;2;-8,23791176;-35,74297705;"SPRF-PE";"DEL01-PE";"UOP02-DEL02PE"
245019;2019-10-25;"sexta-feira";"15:15:00";"GO";153;395,8;"PIRENOPOLIS";"Falta de Atenção à Condução";"Saída de leito carroçável";"Com Vítimas Feridas";"Pleno dia";"Decrescente";"Céu Claro";"Simples";"Reta";"Não";2;0;1;0;1;0;1;1;-16,005173;-49,132999;"SPRF-GO";"DEL02-GO";"UOP02-DEL02-GO"
245020;2019-10-25;"sexta-feira";"11:30:00";"MT";163;847;"SINOP";"Falta de Atenção à Condução";"Colisão transversal";"Com Vítimas Feridas";"Pleno dia";"Crescente";"Nublado";"Simples";"Reta";"Não";2;0;2;0;0;0;2;2;-11,78587823;-55,47517955;"SPRF-MT";"DEL06-MT";"UOP02-DEL06-MT"
245021;2019-10-25;"sexta-feira";"12:15:00";"RJ";116;215,3;"SEROPEDICA";"Falta de Atenção à Condução";"Capotamento";"Com Vítimas Feridas";"Pleno dia";"Crescente";"Céu Claro";"Dupla";"Curva";"Não";3;0;2;0;1;0;2;1;-22,71145119;-43,73551849;"SPRF-RJ";"DEL01-RJ";"UOP03-DEL01-RJ"
245022;2019-10-25;"sexta-feira";"10:36:00";"PB";101;85,2;"BAYEUX";"Falta de Atenção à Condução";"Colisão traseira";"Com Vítimas Feridas";"Pleno dia";"Decrescente";"Nublado";"Dupla";"Reta";"Sim";2;0;1;0;1;0;1;2;-7,14538184;-34,91662887;"SPRF-PB";"DEL01-PB";"UOP01-DEL01-PB"
245023;2019-10-25;"sexta-feira";"14:55:00";"SC";0;0;"BLUMENAU";"Desobediência às normas de trânsito pelo condutor";"Colisão transversal";"Com Vítimas Feridas";"Pleno dia";"Não Informado";"Nublado";"Simples";"Interseção de Vias";"Sim";3;0;2;0;1;0;2;2;-26,862339;-49,084038;"SPRF-SC";"DEL04-SC";"UOP01-DEL04-SC"
245024;2019-10-25;"sexta-feira";"15:30:00";"ES";101;1,5;"SERRA";"Falta de Atenção à Condução";"Colisão lateral";"Com Vítimas Feridas";"Pleno dia";"Crescente";"Céu Claro";"Dupla";"Reta";"Não";2;0;1;0;1;0;1;2;-20,24216855;-40,28077863;"SPRF-ES";"DEL04-ES";"UOP02-DEL04-ES"
245025;2019-10-25;"sexta-feira";"14:30:00";"SC";282;109,2;"ALFREDO WAGNER";"Desobediência às normas de trânsito pelo condutor";"Colisão frontal";"Com Vítimas Feridas";"Pleno dia";"Crescente";"Nublado";"Simples";"Curva";"Não";2;0;1;1;0;0;2;2;-27,719378;-49,3582;"SPRF-SC";"DEL01-SC";"UOP03-DEL01-SC"
245027;2019-10-13;"domingo";"11:00:00";"PI";316;8,7;"TERESINA";"Falta de Atenção à Condução";"Colisão transversal";"Com Vítimas Feridas";"Pleno dia";"Crescente";"Sol";"Simples";"Reta";"Não";2;0;1;1;0;0;2;1;-5,16483402;-42,76899508;"SPRF-PI";"DEL01-PI";"UOP02-DEL01-PI"
245028;2019-10-25;"sexta-feira";"15:45:00";"MG";381;519,1;"IGARAPE";"Velocidade Incompatível";"Tombamento";"Com Vítimas Feridas";"Pleno dia";"Decrescente";"Garoa/Chuvisco";"Dupla";"Declive";"Não";2;0;2;0;0;0;2;1;-20,12834104;-44,30330781;"SPRF-MG";"DEL01-MG";"UOP03-DEL01-MG"
245029;2019-10-25;"sexta-feira";"14:28:00";"MG";354;743,9;"POUSO ALTO";"Ultrapassagem Indevida";"Colisão traseira";"Com Vítimas Feridas";"Pleno dia";"Crescente";"Céu Claro";"Simples";"Reta";"Não";2;0;1;0;1;0;1;2;-22,2393211;-44,93648355;"SPRF-MG";"DEL05-MG";"UOP01-DEL17-MG"
245030;2019-10-25;"sexta-feira";"14:20:00";"MG";50;110,8;"UBERABA";"Falta de Atenção à Condução";"Saída de leito carroçável";"Com Vítimas Feridas";"Pleno dia";"Decrescente";"Céu Claro";"Dupla";"Reta";"Não";2;0;1;0;1;0;1;1;-19,22352202;-48,14475808;"SPRF-MG";"DEL13-MG";"UOP01-DEL13-MG"
245032;2019-10-25;"sexta-feira";"15:20:00";"PB";101;84;"BAYEUX";"Ingestão de Álcool";"Atropelamento de Pedestre";"Com Vítimas Feridas";"Pleno dia";"Decrescente";"Céu Claro";"Dupla";"Reta";"Sim";2;0;0;1;0;1;1;2;-7,13957906;-34,92312806;"SPRF-PB";"DEL01-PB";"UOP01-DEL01-PB"
245033;2019-10-25;"sexta-feira";"15:45:00";"PR";476;132,4;"CURITIBA";"Falta de Atenção à Condução";"Colisão lateral";"Com Vítimas Feridas";"Pleno dia";"Crescente";"Nublado";"Dupla";"Reta";"Não";2;0;1;0;1;0;1;2;-25,460718;-49,250488;"SPRF-PR";"DEL01-PR";"UOP03-DEL01-PR"
245035;2019-10-25;"sexta-feira";"15:50:00";"DF";20;7;"BRASILIA";"Falta de Atenção do Pedestre";"Atropelamento de Pedestre";"Com Vítimas Feridas";"Pleno dia";"Crescente";"Céu Claro";"Dupla";"Reta";"Sim";2;0;1;0;1;0;1;2;-15,662208;-47,799866;"SPRF-DF";"DEL02-DF";"UOP01-DEL02-DF"
245036;2019-10-25;"sexta-feira";"16:15:00";"CE";222;1,7;"FORTALEZA";"Falta de Atenção à Condução";"Colisão lateral";"Com Vítimas Feridas";"Pleno dia";"Decrescente";"Céu Claro";"Múltipla";"Reta";"Sim";3;0;2;0;1;0;2;2;-3,737804;-38,578061;"SPRF-CE";"DEL01-CE";"UOP01-DEL01-CE"
245037;2019-08-22;"quinta-feira";"21:15:00";"SC";101;327;"CAPIVARI DE BAIXO";"Falta de Atenção à Condução";"Colisão traseira";"Com Vítimas Feridas";"Plena Noite";"Decrescente";"Nublado";"Simples";"Reta";"Sim";2;0;1;0;1;0;1;2;-28,43875331;-48,96156572;"SPRF-SC";"DEL02-SC";"UOP01-DEL02-SC"
245038;2019-10-25;"sexta-feira";"11:30:00";"RJ";393;286;"VOLTA REDONDA";"Desobediência às normas de trânsito pelo condutor";"Atropelamento de Pedestre";"Com Vítimas Fatais";"Pleno dia";"Crescente";"Céu Claro";"Dupla";"Reta";"Sim";2;1;0;0;1;0;0;2;-22,49133996;-44,06505619;"SPRF-RJ";"DEL05-RJ";"UOP04-DEL05-RJ"
245039;2019-10-25;"sexta-feira";"16:30:00";"ES";101;240;"FUNDAO";"Falta de Atenção à Condução";"Colisão com objeto estático";"Com Vítimas Feridas";"Pleno dia";"Decrescente";"Céu Claro";"Simples";"Reta";"Não";1;0;0;1;0;0;1;1;-20,01594191;-40,40401764;"SPRF-ES";"DEL02-ES";"UOP01-DEL02-ES"
245040;2019-10-25;"sexta-feira";"15:50:00";"CE";222;222,6;"SOBRAL";"Não guardar distância de segurança";"Colisão traseira";"Com Vítimas Feridas";"Pleno dia";"Crescente";"Céu Claro";"Simples";"Reta";"Não";2;0;1;0;1;0;1;2;-3,72134641;-40,32871618;"SPRF-CE";"DEL04-CE";"UOP01-DEL04-CE"
245041;2019-10-25;"sexta-feira";"16:15:00";"DF";20;9,4;"BRASILIA";"Ingestão de Álcool";"Colisão traseira";"Com Vítimas Feridas";"Pleno dia";"Decrescente";"Sol";"Dupla";"Retorno Regulamentado";"Sim";3;0;1;0;2;0;1;2;-15,654671;-47,782917;"SPRF-DF";"DEL02-DF";"UOP01-DEL02-DF"
245043;2019-10-25;"sexta-feira";"16:40:00";"RJ";101;315;"SAO GONCALO";"Falta de Atenção à Condução";"Queda de ocupante de veículo";"Com Vítimas Feridas";"Pleno dia";"Decrescente";"Nublado";"Dupla";"Reta";"Não";1;0;1;0;0;0;1;1;-22,82262092;-43,08460805;"SPRF-RJ";"DEL02-RJ";"UOP02-DEL02-RJ"
245045;2019-10-25;"sexta-feira";"16:00:00";"BA";324;625;"SALVADOR";"Falta de Atenção à Condução";"Tombamento";"Com Vítimas Feridas";"Pleno dia";"Decrescente";"Céu Claro";"Múltipla";"Reta";"Sim";2;0;1;0;0;1;1;1;-12,94194706;-38,47081224;"SPRF-BA";"DEL01-BA";"UOP01-DEL01-BA"
245047;2019-10-25;"sexta-feira";"16:00:00";"PR";277;660;"MATELANDIA";"Falta de Atenção à Condução";"Colisão lateral";"Com Vítimas Feridas";"Pleno dia";"Decrescente";"Céu Claro";"Dupla";"Curva";"Sim";1;0;0;1;0;0;1;1;-25,25136237;-53,99027796;"SPRF-PR";"DEL05-PR";"UOP02-DEL05-PR"
245048;2019-10-24;"quinta-feira";"00:35:00";"RO";319;62;"PORTO VELHO";"Falta de Atenção à Condução";"Colisão lateral";"Com Vítimas Feridas";"Plena Noite";"Crescente";"Céu Claro";"Múltipla";"Interseção de Vias";"Sim";2;0;1;0;1;0;1;2;-8,766685;-63,884052;"SPRF-RO";"DEL01-RO";"UOP01-DEL01-RO"
245050;2019-10-25;"sexta-feira";"17:30:00";"RS";290;59,3;"GRAVATAI";"Desobediência às normas de trânsito pelo condutor";"Colisão lateral";"Sem Vítimas";"Pleno dia";"Decrescente";"Céu Claro";"Múltipla";"Reta";"Não";2;0;0;0;2;0;0;2;-29,922428;-50,84845;"SPRF-RS";"DEL03-RS";"UOP01-DEL03-RS"
245051;2019-10-25;"sexta-feira";"16:45:00";"BA";116;817,8;"VITORIA DA CONQUISTA";"Falta de Atenção à Condução";"Colisão transversal";"Com Vítimas Feridas";"Pleno dia";"Crescente";"Céu Claro";"Simples";"Rotatória";"Sim";3;0;1;0;2;0;1;2;-14,823105;-40,817803;"SPRF-BA";"DEL08-BA";"UOP01-DEL08-BA"
245052;2019-10-25;"sexta-feira";"17:40:00";"SP";116;275;"TABOAO DA SERRA";"Objeto estático sobre o leito carroçável";"Capotamento";"Com Vítimas Feridas";"Pleno dia";"Decrescente";"Céu Claro";"Dupla";"Reta";"Sim";3;0;1;1;0;1;2;2;-23,63638826;-46,83251584;"SPRF-SP";"DEL04-SP";"UOP01-DEL04-SP"
245054;2019-10-25;"sexta-feira";"17:45:00";"SP";153;37,6;"ONDA VERDE";"Desobediência às normas de trânsito pelo condutor";"Colisão transversal";"Com Vítimas Feridas";"Pleno dia";"Crescente";"Sol";"Simples";"Interseção de Vias";"Não";7;0;1;0;6;0;1;2;-20,59800483;-49,31715452;"SPRF-SP";"DEL09-SP";"UOP01-DEL09-SP"
245055;2019-08-26;"segunda-feira";"06:40:00";"PE";232;8,3;"RECIFE";"Pista Escorregadia";"Queda de ocupante de veículo";"Com Vítimas Feridas";"Pleno dia";"Decrescente";"Chuva";"Dupla";"Reta";"Sim";1;0;1;0;0;0;1;1;-8,07583727;-34,97015791;"SPRF-PE";"DEL01-PE";"UOP01-DEL01-PE"
245056;2019-10-25;"sexta-feira";"16:20:00";"BA";101;349,9;"WENCESLAU GUIMARAES";"Ultrapassagem Indevida";"Colisão frontal";"Com Vítimas Feridas";"Pleno dia";"Crescente";"Sol";"Simples";"Reta";"Não";2;0;1;0;1;0;1;2;-13,737708;-39,479958;"SPRF-BA";"DEL05-BA";"UOP03-DEL05-BA"
245057;2019-10-25;"sexta-feira";"17:20:00";"SC";101;407,8;"ARARANGUA";"Falta de Atenção à Condução";"Saída de leito carroçável";"Com Vítimas Feridas";"Pleno dia";"Crescente";"Céu Claro";"Dupla";"Declive";"Não";1;0;1;0;0;0;1;1;-28,92088002;-49,49194908;"SPRF-SC";"DEL02-SC";"UOP02-DEL02-SC"
245058;2019-10-25;"sexta-feira";"17:30:00";"SC";101;209,3;"SAO JOSE";"Desobediência às normas de trânsito pelo condutor";"Queda de ocupante de veículo";"Com Vítimas Feridas";"Pleno dia";"Crescente";"Céu Claro";"Dupla";"Reta";"Não";1;0;1;0;0;0;1;1;-27,61000542;-48,63895057;"SPRF-SC";"DEL01-SC";"UOP01-DEL01-SC"
245059;2019-10-25;"sexta-feira";"13:15:00";"MT";70;622,4;"POCONE";"Velocidade Incompatível";"Saída de leito carroçável";"Com Vítimas Feridas";"Pleno dia";"Crescente";"Garoa/Chuvisco";"Simples";"Declive;Reta";"Não";2;0;0;2;0;0;2;1;-15,89976591;-56,89794616;"SPRF-MT";"DEL03-MT";"UOP02-DEL03-MT"
245060;2019-10-25;"sexta-feira";"12:57:00";"PR";116;207,5;"RIO NEGRO";"Ultrapassagem Indevida";"Colisão transversal";"Com Vítimas Feridas";"Pleno dia";"Decrescente";"Céu Claro";"Simples";"Reta";"Sim";2;0;1;0;1;0;1;2;-26,06998593;-49,73493401;"SPRF-SC";"DEL06-SC";"UOP01-DEL06-SC"
245061;2019-10-25;"sexta-feira";"16:45:00";"ES";262;100;"VENDA NOVA DO IMIGRANTE";"Velocidade Incompatível";"Capotamento";"Com Vítimas Feridas";"Pleno dia";"Crescente";"Garoa/Chuvisco";"Simples";"Aclive;Curva";"Não";2;0;2;0;0;0;2;1;-20,34889991;-41,102073;"SPRF-ES";"DEL01-ES";"UOP02-DEL01-ES"
245062;2019-10-16;"quarta-feira";"07:05:00";"PR";277;76;"SAO JOSE DOS PINHAIS";"Não guardar distância de segurança";"Colisão traseira";"Com Vítimas Feridas";"Pleno dia";"Crescente";"Garoa/Chuvisco";"Dupla";"Reta";"Sim";5;0;1;0;4;0;1;5;-25,51327981;-49,12433291;"SPRF-PR";"DEL01-PR";"UOP01-DEL01-PR"
245064;2019-10-25;"sexta-feira";"16:10:00";"PR";277;96,8;"CURITIBA";"Falta de Atenção do Pedestre";"Atropelamento de Pedestre";"Com Vítimas Feridas";"Pleno dia";"Crescente";"Céu Claro";"Simples";"Declive;Reta";"Sim";2;0;1;0;1;0;1;2;-25,43026523;-49,33774981;"SPRF-PR";"DEL01-PR";"UOP06-DEL01-PR"
245065;2019-10-25;"sexta-feira";"17:45:00";"SC";101;334;"TUBARAO";"Falta de Atenção à Condução";"Tombamento";"Com Vítimas Feridas";"Pleno dia";"Crescente";"Nublado";"Simples";"Reta";"Sim";1;0;1;0;0;0;1;1;-28,46730446;-49,00604302;"SPRF-SC";"DEL02-SC";"UOP01-DEL02-SC"
245066;2019-10-25;"sexta-feira";"17:00:00";"PA";316;36,6;"SANTA IZABEL DO PARA";"Fenômenos da Natureza";"Saída de leito carroçável";"Com Vítimas Feridas";"Anoitecer";"Decrescente";"Chuva";"Dupla";"Reta";"Sim";3;0;2;0;1;0;2;1;-1,29009976;-48,15602469;"SPRF-PA";"DEL01-PA";"UOP01-DEL01-PA"
245068;2019-10-25;"sexta-feira";"17:30:00";"MS";163;670,8;"RIO VERDE DE MATO GROSSO";"Velocidade Incompatível";"Colisão frontal";"Com Vítimas Feridas";"Anoitecer";"Decrescente";"Chuva";"Simples";"Curva";"Não";2;0;0;1;1;0;1;2;-19,00660074;-54,82879968;"SPRF-MS";"DEL06-MS";"UOP02-DEL06-MS"
245070;2019-10-25;"sexta-feira";"17:45:00";"MG";381;481;"CONTAGEM";"Não guardar distância de segurança";"Colisão traseira";"Com Vítimas Feridas";"Anoitecer";"Crescente";"Chuva";"Múltipla";"Reta";"Sim";7;0;5;0;2;0;5;2;-19,95931561;-44,08825597;"SPRF-MG";"DEL01-MG";"UOP03-DEL01-MG"
245071;2019-10-25;"sexta-feira";"18:57:00";"GO";153;514,9;"APARECIDA DE GOIANIA";"Falta de Atenção à Condução";"Colisão transversal";"Com Vítimas Feridas";"Plena Noite";"Crescente";"Ignorado";"Múltipla";"Interseção de Vias";"Sim";3;0;1;1;1;0;2;2;-16,8315;-49,2434;"SPRF-GO";"DEL01-GO";"UOP03-DEL01-GO"
245072;2019-10-25;"sexta-feira";"18:45:00";"PR";369;202,4;"APUCARANA";"Desobediência às normas de trânsito pelo condutor";"Colisão transversal";"Com Vítimas Feridas";"Plena Noite";"Crescente";"Céu Claro";"Dupla";"Reta";"Sim";2;0;1;0;1;0;1;2;-23,545839;-51,452757;"SPRF-PR";"DEL07-PR";"UOP03-DEL07-PR"
245074;2019-10-25;"sexta-feira";"18:45:00";"MA";222;671;"ACAILANDIA";"Ingestão de Álcool";"Atropelamento de Animal";"Com Vítimas Feridas";"Anoitecer";"Crescente";"Nublado";"Simples";"Declive;Reta";"Sim";1;0;0;1;0;0;1;1;-4,944147;-47,47106;"SPRF-MA";"DEL04-MA";"UOP03-DEL04-MA"
245075;2019-10-25;"sexta-feira";"18:50:00";"GO";40;8,5;"LUZIANIA";"Ingestão de Álcool";"Colisão traseira";"Sem Vítimas";"Plena Noite";"Crescente";"Céu Claro";"Dupla";"Reta";"Sim";2;0;0;0;2;0;0;2;-16,116158;-47,96761;"SPRF-DF";"DEL01-DF";"UOP01-DEL01-DF"
245076;2019-10-25;"sexta-feira";"14:50:00";"MG";262;35;"MANHUACU";"Falta de Atenção à Condução";"Colisão transversal";"Com Vítimas Feridas";"Pleno dia";"Crescente";"Céu Claro";"Simples";"Reta";"Não";2;0;1;0;1;0;1;2;-20,2592562;-42,01698194;"SPRF-MG";"DEL06-MG";"UOP03-DEL06-MG"
245077;2019-10-25;"sexta-feira";"19:10:00";"ES";101;271;"SERRA";"Desobediência às normas de trânsito pelo pedestre";"Atropelamento de Pedestre";"Com Vítimas Fatais";"Plena Noite";"Crescente";"Nublado";"Múltipla";"Reta";"Sim";3;1;1;1;0;0;2;2;-20,23267;-40,27658;"SPRF-ES";"DEL02-ES";"UOP01-DEL02-ES"
245078;2019-10-25;"sexta-feira";"14:40:00";"MA";135;29;"SAO LUIS";"Restrição de Visibilidade";"Colisão traseira";"Sem Vítimas";"Pleno dia";"Decrescente";"Céu Claro";"Dupla";"Reta";"Não";2;0;0;0;2;0;0;2;-2,795072;-44,374203;"SPRF-MA";"DEL01-MA";"UOP01-DEL01-MA"
245081;2019-10-25;"sexta-feira";"18:10:00";"SP";381;45;"ATIBAIA";"Falta de Atenção à Condução";"Colisão traseira";"Com Vítimas Feridas";"Anoitecer";"Crescente";"Céu Claro";"Dupla";"Reta";"Não";4;0;1;0;3;0;1;3;-23,17274184;-46,57748439;"SPRF-SP";"DEL03-SP";"UOP01-DEL03-SP"
245082;2019-10-25;"sexta-feira";"13:50:00";"MG";116;646;"FERVEDOURO";"Falta de Atenção à Condução";"Saída de leito carroçável";"Com Vítimas Feridas";"Pleno dia";"Decrescente";"Céu Claro";"Simples";"Reta";"Não";2;0;2;0;0;0;2;1;-20,687344;-42,273285;"SPRF-MG";"DEL07-MG";"UOP03-DEL07-MG"
245084;2019-10-25;"sexta-feira";"19:15:00";"RN";101;84,7;"NATAL";"Falta de Atenção à Condução";"Colisão lateral";"Com Vítimas Feridas";"Plena Noite";"Decrescente";"Céu Claro";"Dupla";"Viaduto";"Sim";2;0;1;0;1;0;1;2;-5,774175;-35,2578;"SPRF-RN";"DEL02-RN";"UOP01-DEL02-RN"
245085;2019-10-25;"sexta-feira";"18:45:00";"RJ";101;319;"NITEROI";"Falta de Atenção à Condução";"Colisão lateral";"Com Vítimas Feridas";"Plena Noite";"Decrescente";"Nublado";"Dupla";"Curva";"Sim";2;0;1;0;1;0;1;2;-22,85411774;-43,1018014;"SPRF-RJ";"DEL02-RJ";"UOP02-DEL02-RJ"
245086;2019-10-25;"sexta-feira";"19:10:00";"PB";230;27,1;"JOAO PESSOA";"Ingestão de Álcool";"Tombamento";"Com Vítimas Feridas";"Pleno dia";"Decrescente";"Nublado";"Dupla";"Reta";"Sim";1;0;1;0;0;0;1;1;-7,1677;-34,8855;"SPRF-PB";"DEL01-PB";"UOP01-DEL01-PB"
245087;2019-10-25;"sexta-feira";"18:05:00";"SC";101;118,7;"ITAJAI";"Falta de Atenção à Condução";"Colisão transversal";"Com Vítimas Feridas";"Anoitecer";"Crescente";"Nublado";"Dupla";"Interseção de Vias";"Sim";4;0;2;0;2;0;2;3;-26,895859;-48,71903;"SPRF-SC";"DEL04-SC";"UOP04-DEL04-SC"
245090;2019-10-25;"sexta-feira";"18:30:00";"RO";364;243,5;"CACOAL";"Não guardar distância de segurança";"Colisão lateral";"Com Vítimas Feridas";"Anoitecer";"Decrescente";"Céu Claro";"Simples";"Reta";"Sim";2;0;0;1;1;0;1;2;-11,44047661;-61,49680198;"SPRF-RO";"DEL02-RO";"UOP02-DEL02-RO"
245092;2019-10-25;"sexta-feira";"19:10:00";"CE";230;74,1;"VARZEA ALEGRE";"Desobediência às normas de trânsito pelo condutor";"Colisão frontal";"Com Vítimas Fatais";"Plena Noite";"Decrescente";"Céu Claro";"Simples";"Reta";"Não";2;1;0;1;0;0;1;2;-6,7872972;-39,24461797;"SPRF-CE";"DEL05-CE";"UOP01-DEL05-CE"
245093;2019-10-25;"sexta-feira";"19:35:00";"SC";101;334;"TUBARAO";"Falta de Atenção à Condução";"Colisão traseira";"Com Vítimas Feridas";"Plena Noite";"Crescente";"Céu Claro";"Múltipla";"Viaduto";"Sim";2;0;0;1;1;0;1;2;-28,46630107;-48,99653096;"SPRF-SC";"DEL02-SC";"UOP01-DEL02-SC"
245096;2019-10-25;"sexta-feira";"19:30:00";"MG";116;612,7;"SAO JOAO DO MANHUACU";"Velocidade Incompatível";"Saída de leito carroçável";"Com Vítimas Feridas";"Plena Noite";"Decrescente";"Céu Claro";"Simples";"Curva";"Não";2;0;2;0;0;0;2;1;-20,42881501;-42,16258798;"SPRF-MG";"DEL07-MG";"UOP03-DEL07-MG"
245097;2019-10-25;"sexta-feira";"20:15:00";"PR";369;187;"ARAPONGAS";"Falta de Atenção à Condução";"Colisão transversal";"Sem Vítimas";"Plena Noite";"Decrescente";"Céu Claro";"Simples";"Reta";"Sim";2;0;0;0;2;0;0;2;-23,44658323;-51,4232254;"SPRF-PR";"DEL07-PR";"UOP03-DEL07-PR"
245099;2019-10-25;"sexta-feira";"19:00:00";"PB";412;41,4;"SAO JOAO DO CARIRI";"Falta de Atenção à Condução";"Saída de leito carroçável";"Com Vítimas Feridas";"Plena Noite";"Crescente";"Vento";"Simples";"Reta";"Não";3;0;1;1;1;0;2;1;-7,329843;-36,412754;"SPRF-PB";"DEL02-PB";"UOP02-DEL02-PB"
245100;2019-10-25;"sexta-feira";"15:50:00";"SC";470;242,7;"CURITIBANOS";"Não guardar distância de segurança";"Colisão traseira";"Sem Vítimas";"Pleno dia";"Decrescente";"Sol";"Simples";"Reta";"Não";2;0;0;0;2;0;0;2;-27,311794;-50,498703;"SPRF-SC";"DEL05-SC";"UOP03-DEL05-SC"
245101;2019-10-25;"sexta-feira";"20:00:00";"RN";304;192;"LAJES";"Ingestão de Álcool";"Colisão transversal";"Com Vítimas Feridas";"Plena Noite";"Decrescente";"Céu Claro";"Simples";"Reta";"Sim";3;0;2;0;1;0;2;2;-5,70592321;-36,23353001;"SPRF-RN";"DEL01-RN";"UOP03-DEL01-RN"
245102;2019-10-25;"sexta-feira";"19:35:00";"MT";364;273;"JACIARA";"Desobediência às normas de trânsito pelo condutor";"Colisão lateral";"Com Vítimas Feridas";"Plena Noite";"Crescente";"Céu Claro";"Dupla";"Retorno Regulamentado";"Sim";2;0;0;1;1;0;1;2;-15,96077957;-54,96772983;"SPRF-MT";"DEL02-MT";"UOP02-DEL05-MT"
245103;2019-10-25;"sexta-feira";"20:20:00";"PR";153;209;"TIBAGI";"Desobediência às normas de trânsito pelo condutor";"Colisão frontal";"Com Vítimas Feridas";"Plena Noite";"Crescente";"Céu Claro";"Simples";"Reta";"Não";3;0;3;0;0;0;3;2;-24,53433801;-50,4474121;"SPRF-PR";"DEL03-PR";"UOP02-DEL03-PR"
245104;2019-10-25;"sexta-feira";"19:00:00";"MA";222;668;"ACAILANDIA";"Animais na Pista";"Atropelamento de Animal";"Com Vítimas Feridas";"Plena Noite";"Crescente";"Céu Claro";"Múltipla";"Reta";"Não";1;0;1;0;0;0;1;1;-4,90710878;-47,40740013;"SPRF-MA";"DEL04-MA";"UOP03-DEL04-MA"
245106;2019-10-25;"sexta-feira";"19:50:00";"MG";40;552;"NOVA LIMA";"Falta de Atenção à Condução";"Colisão transversal";"Sem Vítimas";"Plena Noite";"Decrescente";"Nublado";"Simples";"Rotatória";"Sim";2;0;0;0;1;1;0;2;-20,06084086;-43,97716423;"SPRF-MG";"DEL01-MG";"UOP02-DEL01-MG"
245108;2019-10-25;"sexta-feira";"20:40:00";"RS";116;234;"NOVO HAMBURGO";"Ingestão de Álcool";"Colisão traseira";"Com Vítimas Feridas";"Plena Noite";"Decrescente";"Céu Claro";"Simples";"Interseção de Vias";"Sim";5;0;0;1;4;0;1;3;-29,65121313;-51,1444433;"SPRF-RS";"DEL01-RS";"UOP02-DEL01-RS"
245109;2019-10-25;"sexta-feira";"21:00:00";"CE";116;40;"HORIZONTE";"Falta de Atenção à Condução";"Atropelamento de Animal";"Com Vítimas Feridas";"Plena Noite";"Crescente";"Céu Claro";"Dupla";"Declive";"Sim";1;0;1;0;0;0;1;1;-4,09496999;-38,50351984;"SPRF-CE";"DEL01-CE";"UOP02-DEL01-CE"