"id";"data_inversa";"dia_semana";"horario";"uf";"br";"km";"municipio";"causa_acidente";"tipo_acidente";"classificacao_acidente";"fase_dia";"sentido_via";"condicao_metereologica";"tipo_pista";"tracado_via";"uso_solo";"pessoas";"mortos";"feridos_leves";"feridos_graves";"ilesos";"ignorados";"feridos";"veiculos";"latitude";"longitude";"regional";"delegacia";"uop"
245343;2019-10-26;"sábado";"20:30:00";"CE";116;541,9;"PENAFORTE";"Defeito Mecânico no Veículo";"Colisão lateral";"Com Vítimas Feridas";"Plena Noite";"Crescente";"Céu Claro";"Simples";"Reta";"Não";3;0;1;2;0;0;3;2;-7,803674;-39,081312;"SPRF-CE";"DEL05-CE";"UOP03-DEL05-CE"
245345;2019-10-26;"sábado";"20:15:00";"PR";369;131;"IBIPORA";"Desobediência às normas de trânsito pelo condutor";"Colisão traseira";"Com Vítimas Feridas";"Plena Noite";"Crescente";"Nublado";"Dupla";"Curva";"Não";4;0;1;0;3;0;1;2;-23,26182764;-50,99094719;"SPRF-PR";"DEL07-PR";"UOP01-DEL07-PR"
245347;2019-10-26;"sábado";"20:30:00";"PR";277;634;"CEU AZUL";"Falta de Atenção à Condução";"Saída de leito carroçável";"Com Vítimas Feridas";"Pleno dia";"Crescente";"Céu Claro";"Simples";"Reta";"Não";1;0;1;0;0;0;1;1;-25,13216493;-53,8249287;"SPRF-PR";"DEL05-PR";"UOP02-DEL05-PR"
245348;2019-10-26;"sábado";"20:10:00";"DF";70;6;"BRASILIA";"Desobediência às normas de trânsito pelo condutor";"Colisão transversal";"Com Vítimas Feridas";"Plena Noite";"Decrescente";"Garoa/Chuvisco";"Dupla";"Reta";"Não";5;0;2;0;3;0;2;2;-15,791242;-48,105759;"SPRF-DF";"DEL01-DF";"UOP02-DEL03-DF"
245349;2019-10-26;"sábado";"15:45:00";"MS";60;413;"SIDROLANDIA";"Desobediência às normas de trânsito pelo condutor";"Saída de leito carroçável";"Com Vítimas Feridas";"Anoitecer";"Decrescente";"Chuva";"Simples";"Interseção de Vias";"Não";3;0;1;0;2;0;1;1;-20,85833487;-54,81938633;"SPRF-MS";"DEL01-MS";"UOP04-DEL01-MS"
245350;2019-10-26;"sábado";"20:45:00";"RS";153;45,8;"ERECHIM";"Ingestão de Álcool";"Saída de leito carroçável";"Com Vítimas Feridas";"Plena Noite";"Crescente";"Céu Claro";"Simples";"Reta";"Não";1;0;1;0;0;0;1;1;-27,63384182;-52,23681069;"SPRF-RS";"DEL08-RS";"UOP04-DEL08-RS"
245353;2019-10-26;"sábado";"19:30:00";"BA";110;101;"ANTAS";"Ingestão de Álcool";"Colisão transversal";"Com Vítimas Feridas";"Plena Noite";"Decrescente";"Céu Claro";"Simples";"Reta";"Não";4;0;1;2;0;1;3;2;-10,30744699;-38,31121958;"SPRF-BA";"DEL07-BA";"UOP01-DEL07-BA"
245354;2019-10-26;"sábado";"19:45:00";"RS";116;123,9;"SAO MARCOS";"Ingestão de Álcool";"Colisão lateral";"Sem Vítimas";"Plena Noite";"Crescente";"Céu Claro";"Simples";"Reta";"Sim";3;0;0;0;2;1;0;3;-29,01872689;-51,07577621;"SPRF-RS";"DEL05-RS";"UOP01-DEL05-RS"
245355;2019-10-26;"sábado";"21:20:00";"RJ";40;109;"DUQUE DE CAXIAS";"Falta de Atenção à Condução";"Colisão com objeto estático";"Com Vítimas Feridas";"Plena Noite";"Decrescente";"Garoa/Chuvisco";"Múltipla";"Reta";"Sim";1;0;1;0;0;0;1;1;-22,67374628;-43,28638368;"SPRF-RJ";"DEL01-RJ";"UOP01-DEL01-RJ"
245356;2019-10-26;"sábado";"20:25:00";"MS";163;456,5;"CAMPO GRANDE";"Desobediência às normas de trânsito pelo condutor";"Colisão frontal";"Com Vítimas Feridas";"Plena Noite";"Decrescente";"Nublado";"Simples";"Interseção de Vias";"Sim";2;0;0;2;0;0;2;2;-20,67271305;-54,55795016;"SPRF-MS";"DEL01-MS";"UOP01-DEL01-MS"
245357;2019-10-26;"sábado";"21:30:00";"DF";20;25,4;"BRASILIA";"Velocidade Incompatível";"Capotamento";"Com Vítimas Feridas";"Plena Noite";"Crescente";"Céu Claro";"Dupla";"Reta";"Não";3;0;3;0;0;0;3;1;-15,595603;-47,649715;"SPRF-DF";"DEL02-DF";"UOP01-DEL02-DF"
245359;2019-10-26;"sábado";"17:00:00";"PR";369;200;"APUCARANA";"Falta de Atenção à Condução";"Colisão frontal";"Com Vítimas Feridas";"Pleno dia";"Crescente";"Chuva";"Simples";"Reta";"Não";3;0;0;3;0;0;3;2;-23,52796934;-51,44682884;"SPRF-PR";"DEL07-PR";"UOP03-DEL07-PR"
245360;2019-10-26;"sábado";"14:30:00";"RO";364;546;"ALTO PARAISO";"Mal Súbito";"Queda de ocupante de veículo";"Com Vítimas Feridas";"Pleno dia";"Decrescente";"Nublado";"Simples";"Declive";"Não";2;0;1;0;1;0;1;1;-9,67581015;-63,1014417;"SPRF-RO";"DEL03-RO";"UOP01-DEL03-RO"
245361;2019-10-26;"sábado";"21:00:00";"PR";277;690,4;"SAO MIGUEL DO IGUACU";"Desobediência às normas de trânsito pelo condutor";"Colisão transversal";"Com Vítimas Feridas";"Plena Noite";"Decrescente";"Céu Claro";"Dupla";"Reta";"Sim";2;0;0;1;0;1;1;2;-25,3582673;-54,24527283;"SPRF-PR";"DEL05-PR";"UOP01-DEL05-PR"
245364;2019-10-26;"sábado";"21:00:00";"SC";282;27;"SANTO AMARO DA IMPERATRIZ";"Falta de Atenção do Pedestre";"Atropelamento de Pedestre";"Com Vítimas Fatais";"Plena Noite";"Crescente";"Garoa/Chuvisco";"Simples";"Curva";"Não";3;1;0;0;2;0;0;2;-27,673981;-48,769676;"SPRF-SC";"DEL01-SC";"UOP03-DEL01-SC"
245365;2019-10-26;"sábado";"22:00:00";"MG";381;518,4;"IGARAPE";"Velocidade Incompatível";"Colisão com objeto estático";"Com Vítimas Feridas";"Plena Noite";"Crescente";"Céu Claro";"Dupla";"Curva";"Não";1;0;1;0;0;0;1;1;-20,12065395;-44,30242562;"SPRF-MG";"DEL01-MG";"UOP03-DEL01-MG"
245366;2019-10-26;"sábado";"21:20:00";"RO";319;60;"PORTO VELHO";"Ingestão de Álcool";"Colisão transversal";"Sem Vítimas";"Plena Noite";"Decrescente";"Céu Claro";"Dupla";"Rotatória";"Sim";5;0;0;0;5;0;0;2;-8,7398546;-63,88979327;"SPRF-RO";"DEL01-RO";"UOP01-DEL01-RO"
245367;2019-10-26;"sábado";"19:45:00";"PR";163;285;"MARECHAL CANDIDO RONDON";"Desobediência às normas de trânsito pelo condutor";"Colisão lateral";"Com Vítimas Feridas";"Plena Noite";"Decrescente";"Céu Claro";"Simples";"Interseção de Vias";"Sim";2;0;0;1;1;0;1;2;-24,568102;-54,034168;"SPRF-PR";"DEL06-PR";"UOP02-DEL06-PR"
245368;2019-10-26;"sábado";"12:55:00";"PI";343;338;"TERESINA";"Desobediência às normas de trânsito pelo condutor";"Colisão transversal";"Com Vítimas Feridas";"Pleno dia";"Crescente";"Céu Claro";"Simples";"Reta";"Sim";3;0;2;0;1;0;2;2;-5,063362;-42,722912;"SPRF-PI";"DEL01-PI";"UOP01-DEL01-PI"
245370;2019-10-26;"sábado";"22:30:00";"ES";101;269,5;"SERRA";"Falta de Atenção à Condução";"Colisão transversal";"Com Vítimas Fatais";"Plena Noite";"Decrescente";"Céu Claro";"Dupla";"Reta;Interseção de Vias";"Sim";3;1;0;0;1;1;0;3;-20,21740496;-40,26990578;"SPRF-ES";"DEL02-ES";"UOP01-DEL02-ES"
245371;2019-10-26;"sábado";"21:45:00";"PR";116;123,5;"CURITIBA";"Desobediência às normas de trânsito pelo condutor";"Colisão traseira";"Sem Vítimas";"Plena Noite";"Crescente";"Céu Claro";"Dupla";"Reta";"Não";2;0;0;0;2;0;0;2;-25,61800114;-49,31728363;"SPRF-PR";"DEL01-PR";"UOP03-DEL01-PR"
245375;2019-10-26;"sábado";"22:50:00";"GO";40;96;"CRISTALINA";"Falta de Atenção do Pedestre";"Atropelamento de Pedestre";"Com Vítimas Feridas";"Plena Noite";"Crescente";"Nublado";"Simples";"Declive";"Sim";3;0;3;0;0;0;3;2;-16,75768;-47,601613;"SPRF-DF";"DEL01-DF";"UOP02-DEL01-DF"
245376;2019-10-26;"sábado";"22:40:00";"PR";376;619,5;"SAO JOSE DOS PINHAIS";"Falta de Atenção à Condução";"Saída de leito carroçável";"Sem Vítimas";"Plena Noite";"Decrescente";"Nublado";"Simples";"Reta";"Sim";2;0;0;0;2;0;0;2;-25,60034699;-49,17355691;"SPRF-PR";"DEL01-PR";"UOP01-DEL01-PR"
245377;2019-10-26;"sábado";"23:15:00";"BA";242;816;"BARREIRAS";"Ingestão de Álcool";"Saída de leito carroçável";"Com Vítimas Feridas";"Plena Noite";"Decrescente";"Nublado";"Simples";"Curva";"Não";2;0;2;0;0;0;2;1;-12,11720817;-45,17612457;"SPRF-BA";"DEL10-BA";"UOP01-DEL10-BA"
245378;2019-10-26;"sábado";"22:30:00";"PR";369;79;"SANTA MARIANA";"Falta de Atenção à Condução";"Capotamento";"Sem Vítimas";"Plena Noite";"Crescente";"Céu Claro";"Simples";"Reta";"Não";1;0;0;0;0;1;0;1;-23,14595462;-50,56896329;"SPRF-PR";"DEL07-PR";"UOP05-DEL07-PR"
245379;2019-10-26;"sábado";"20:10:00";"RO";364;711;"PORTO VELHO";"Não guardar distância de segurança";"Colisão traseira";"Com Vítimas Feridas";"Plena Noite";"Decrescente";"Céu Claro";"Dupla";"Reta";"Sim";3;0;2;0;1;0;2;2;-8,78153947;-63,86531369;"SPRF-RO";"DEL01-RO";"UOP01-DEL01-RO"
245380;2019-10-26;"sábado";"23:00:00";"MG";381;287;"JAGUARACU";"Ingestão de Álcool";"Colisão traseira";"Sem Vítimas";"Plena Noite";"Decrescente";"Céu Claro";"Simples";"Reta";"Não";2;0;0;0;2;0;0;2;-19,61736472;-42,77389526;"SPRF-MG";"DEL03-MG";"UOP02-DEL03-MG"
245381;2019-10-26;"sábado";"22:30:00";"BA";110;202;"CIPO";"Falta de Atenção à Condução";"Colisão transversal";"Com Vítimas Feridas";"Plena Noite";"Crescente";"Céu Claro";"Simples";"Reta";"Sim";2;0;1;0;0;1;1;2;-11,1335009;-38,51534268;"SPRF-BA";"DEL07-BA";"UOP02-DEL07-BA"
245382;2019-10-26;"sábado";"23:00:00";"RS";153;47;"ERECHIM";"Falta de Atenção à Condução";"Colisão transversal";"Com Vítimas Feridas";"Plena Noite";"Crescente";"Céu Claro";"Simples";"Rotatória";"Sim";6;0;3;0;3;0;3;2;-27,64198957;-52,24495769;"SPRF-RS";"DEL08-RS";"UOP04-DEL08-RS"
245383;2019-10-26;"sábado";"23:22:00";"PE";232;168;"TACAIMBO";"Condutor Dormindo";"Capotamento";"Com Vítimas Feridas";"Plena Noite";"Crescente";"Céu Claro";"Simples";"Reta";"Não";2;0;1;0;0;1;1;1;-8,33986354;-36,32534101;"SPRF-PE";"DEL02-PE";"UOP03-DEL02-PE"
245384;2019-10-26;"sábado";"22:30:00";"PE";428;184,2;"PETROLINA";"Desobediência às normas de trânsito pelo condutor";"Queda de ocupante de veículo";"Com Vítimas Feridas";"Plena Noite";"Decrescente";"Céu Claro";"Simples";"Interseção de Vias";"Sim";2;0;2;0;0;0;2;2;-9,34668531;-40,47363281;"SPRF-PE";"DEL06-PE";"UOP01-DEL06-PE"
245385;2019-10-26;"sábado";"21:20:00";"MG";116;530,6;"CARATINGA";"Desobediência às normas de trânsito pelo condutor";"Colisão transversal";"Com Vítimas Feridas";"Plena Noite";"Crescente";"Garoa/Chuvisco";"Simples";"Interseção de Vias";"Sim";6;0;4;0;2;0;4;2;-19,81067298;-42,13539446;"SPRF-MG";"DEL06-MG";"UOP02-DEL06-MG"
245386;2019-10-26;"sábado";"22:50:00";"PE";428;184,3;"PETROLINA";"Objeto estático sobre o leito carroçável";"Colisão lateral";"Sem Vítimas";"Plena Noite";"Decrescente";"Céu Claro";"Simples";"Interseção de Vias";"Sim";2;0;0;0;2;0;0;2;-9,33211208;-40,46621385;"SPRF-PE";"DEL06-PE";"UOP01-DEL06-PE"
245387;2019-10-26;"sábado";"23:00:00";"ES";101;145,9;"LINHARES";"Falta de Atenção à Condução";"Colisão traseira";"Com Vítimas Feridas";"Plena Noite";"Crescente";"Céu Claro";"Múltipla";"Reta";"Sim";2;0;1;0;1;0;1;2;-19,36892546;-40,06574661;"SPRF-ES";"DEL04-ES";"UOP01-DEL04-ES"
245389;2019-10-27;"domingo";"00:09:00";"RN";101;95,6;"NATAL";"Ingestão de Álcool";"Colisão traseira";"Com Vítimas Feridas";"Plena Noite";"Decrescente";"Céu Claro";"Múltipla";"Reta";"Não";5;0;1;1;2;1;2;3;-5,84076841;-35,21035949;"SPRF-RN";"DEL01-RN";"UOP01-DEL01-RN"
245390;2019-10-27;"domingo";"00:20:00";"BA";116;426;"FEIRA DE SANTANA";"Condutor Dormindo";"Saída de leito carroçável";"Com Vítimas Feridas";"Plena Noite";"Decrescente";"Céu Claro";"Simples";"Reta";"Sim";3;0;3;0;0;0;3;1;-12,24420407;-38,98563987;"SPRF-BA";"DEL02-BA";"UOP01-DEL02-BA"
245392;2019-10-27;"domingo";"00:00:00";"PB";101;86;"BAYEUX";"Agressão Externa";"Colisão com objeto estático";"Sem Vítimas";"Plena Noite";"Crescente";"Céu Claro";"Dupla";"Curva;Declive;Viaduto";"Sim";3;0;0;0;3;0;0;2;-7,15118983;-34,91012184;"SPRF-PB";"DEL01-PB";"UOP01-DEL01-PB"
245393;2019-10-27;"domingo";"00:00:00";"PR";116;9,8;"COLOMBO";"Ingestão de Álcool";"Capotamento";"Com Vítimas Feridas";"Plena Noite";"Decrescente";"Céu Claro";"Dupla";"Declive;Reta";"Sim";3;0;2;1;0;0;3;1;-25,3708;-49,1246;"SPRF-PR";"DEL01-PR";"UOP01-DEL01-PR"
245394;2019-10-26;"sábado";"22:37:00";"RS";472;528;"URUGUAIANA";"Animais na Pista";"Atropelamento de Animal";"Com Vítimas Feridas";"Plena Noite";"Crescente";"Céu Claro";"Simples";"Reta";"Não";1;0;1;0;0;0;1;1;-29,466927;-56,68466;"SPRF-RS";"DEL13-RS";"UOP01-DEL13-RS"
245395;2019-10-27;"domingo";"00:32:00";"SP";116;144,5;"SAO JOSE DOS CAMPOS";"Velocidade Incompatível";"Colisão traseira";"Com Vítimas Feridas";"Plena Noite";"Crescente";"Céu Claro";"Dupla";"Reta";"Sim";2;0;1;0;1;0;1;2;-23,18474311;-45,85098445;"SPRF-SP";"DEL02-SP";"UOP01-DEL02-SP"
245396;2019-10-27;"domingo";"00:50:00";"SC";101;199,5;"BIGUACU";"Ingestão de Álcool";"Queda de ocupante de veículo";"Com Vítimas Feridas";"Plena Noite";"Crescente";"Nublado";"Dupla";"Reta";"Não";1;0;1;0;0;0;1;1;-27,53413705;-48,63003205;"SPRF-SC";"DEL01-SC";"UOP01-DEL01-SC"
245397;2019-10-26;"sábado";"21:30:00";"DF";60;11;"BRASILIA";"Ingestão de Álcool";"Colisão traseira";"Sem Vítimas";"Plena Noite";"Crescente";"Nublado";"Dupla";"Reta";"Não";4;0;0;0;4;0;0;2;-15,911784;-48,157192;"SPRF-DF";"DEL01-DF";"UOP01-DEL03-DF"
245398;2019-10-26;"sábado";"22:59:00";"RJ";116;131;"MAGE";"Falta de Atenção à Condução";"Saída de leito carroçável";"Sem Vítimas";"Plena Noite";"Crescente";"Nublado";"Dupla";"Reta";"Sim";1;0;0;0;0;1;0;1;-22,65608024;-43,12511494;"SPRF-RJ";"DEL04-RJ";"UOP02-DEL04-RJ"
245400;2019-10-26;"sábado";"22:40:00";"PE";428;188;"PETROLINA";"Ingestão de Álcool";"Colisão traseira";"Sem Vítimas";"Plena Noite";"Decrescente";"Céu Claro";"Múltipla";"Reta";"Sim";3;0;0;0;2;1;0;3;-9,36400596;-40,48266808;"SPRF-PE";"DEL06-PE";"UOP01-DEL06-PE"
245404;2019-10-26;"sábado";"22:00:00";"MG";40;655,2;"CRISTIANO OTONI";"Falta de Atenção à Condução";"Colisão com objeto estático";"Com Vítimas Feridas";"Plena Noite";"Crescente";"Nublado";"Dupla";"Curva";"Não";2;0;1;0;1;0;1;1;-20,86473467;-43,79728163;"SPRF-MG";"DEL05-MG";"UOP02-DEL05-MG"
245405;2019-10-26;"sábado";"23:30:00";"SC";282;507;"XANXERE";"Ingestão de Álcool";"Saída de leito carroçável";"Com Vítimas Feridas";"Plena Noite";"Crescente";"Céu Claro";"Dupla";"Interseção de Vias";"Sim";2;0;1;0;1;0;1;1;-26,88499311;-52,43442088;"SPRF-SC";"DEL07-SC";"UOP01-DEL07-SC"
245406;2019-10-27;"domingo";"01:20:00";"PI";343;8;"PARNAIBA";"Falta de Atenção à Condução";"Tombamento";"Com Vítimas Feridas";"Plena Noite";"Decrescente";"Céu Claro";"Simples";"Reta";"Sim";1;0;0;1;0;0;1;1;-2,899382;-41,723724;"SPRF-PI";"DEL05-PI";"UOP01-DEL05-PI"
245407;2019-10-27;"domingo";"00:32:00";"RR";174;210;"RORAINOPOLIS";"Desobediência às normas de trânsito pelo condutor";"Atropelamento de Pedestre";"Com Vítimas Fatais";"Plena Noite";"Decrescente";"Céu Claro";"Simples";"Reta";"Sim";2;1;0;1;0;0;1;2;0,927564;-60,429466;"SPRF-RR";"DEL01-RR";"UOP01-DEL01-RR"
245408;2019-10-27;"domingo";"01:15:00";"PR";376;5,2;"APUCARANA";"Falta de Atenção à Condução";"Colisão transversal";"Sem Vítimas";"Plena Noite";"Decrescente";"Vento";"Simples";"Reta";"Não";2;0;0;0;2;0;0;2;-23,54835473;-51,45079851;"SPRF-PR";"DEL07-PR";"UOP03-DEL07-PR"
245409;2019-10-27;"domingo";"01:55:00";"CE";222;8,7;"CAUCAIA";"Falta de Atenção à Condução";"Colisão com objeto estático";"Com Vítimas Feridas";"Plena Noite";"Decrescente";"Céu Claro";"Simples";"Interseção de Vias";"Sim";3;0;3;0;0;0;3;1;-3,7353206;-38,66861343;"SPRF-CE";"DEL01-CE";"UOP01-DEL01-CE"
245410;2019-10-26;"sábado";"22:50:00";"MG";40;620,8;"CONSELHEIRO LAFAIETE";"Falta de Atenção à Condução";"Saída de leito carroçável";"Com Vítimas Feridas";"Plena Noite";"Decrescente";"Nublado";"Simples";"Curva";"Não";2;0;1;0;1;0;1;1;-20,57784016;-43,80982006;"SPRF-MG";"DEL05-MG";"UOP02-DEL05-MG"
245412;2019-10-27;"domingo";"02:30:00";"PR";277;81,3;"CURITIBA";"Ingestão de Álcool";"Colisão traseira";"Com Vítimas Feridas";"Plena Noite";"Decrescente";"Nublado";"Dupla";"Reta";"Sim";6;0;4;2;0;0;6;2;-25,46211438;-49,21952248;"SPRF-PR";"DEL01-PR";"UOP06-DEL01-PR"
245413;2019-10-26;"sábado";"19:45:00";"MG";50;141,2;"UBERABA";"Condutor Dormindo";"Tombamento";"Com Vítimas Feridas";"Plena Noite";"Crescente";"Nublado";"Dupla";"Declive";"Não";1;0;1;0;0;0;1;1;-19,48525501;-48,05065502;"SPRF-MG";"DEL13-MG";"UOP01-DEL13-MG"
245414;2019-10-27;"domingo";"02:55:00";"SC";101;321,1;"PESCARIA BRAVA";"Não guardar distância de segurança";"Colisão lateral";"Sem Vítimas";"Plena Noite";"Decrescente";"Céu Claro";"Dupla";"Aclive";"Sim";2;0;0;0;1;1;0;2;-28,42532339;-48,8919091;"SPRF-SC";"DEL02-SC";"UOP01-DEL02-SC"
245415;2019-10-26;"sábado";"23:30:00";"SP";116;139;"SAO JOSE DOS CAMPOS";"Falta de Atenção à Condução";"Colisão com objeto estático";"Sem Vítimas";"Plena Noite";"Decrescente";"Céu Claro";"Dupla";"Reta";"Sim";1;0;0;0;0;1;0;1;-23,16153216;-45,80400592;"SPRF-SP";"DEL06-SP";"UOP02-DEL02-SP"
245417;2019-10-27;"domingo";"01:15:00";"RS";158;155,4;"PANAMBI";"Ingestão de Álcool";"Colisão com objeto estático";"Com Vítimas Feridas";"Plena Noite";"Decrescente";"Céu Claro";"Simples";"Rotatória";"Sim";1;0;1;0;0;0;1;1;-28,31804718;-53,4953949;"SPRF-RS";"DEL10-RS";"UOP02-DEL10-RS"
245419;2019-10-26;"sábado";"23:25:00";"MG";116;473,3;"TARUMIRIM";"Ingestão de Álcool";"Saída de leito carroçável";"Com Vítimas Feridas";"Plena Noite";"Crescente";"Céu Claro";"Simples";"Reta";"Não";3;0;3;0;0;0;3;1;-19,34151389;-42,08087031;"SPRF-MG";"DEL06-MG";"UOP02-DEL06-MG"
245420;2019-10-27;"domingo";"04:05:00";"SC";470;103,7;"APIUNA";"Ingestão de Álcool";"Saída de leito carroçável";"Com Vítimas Feridas";"Plena Noite";"Crescente";"Nevoeiro/Neblina";"Simples";"Reta";"Não";1;0;1;0;0;0;1;1;-27,06237424;-49,40899372;"SPRF-SC";"DEL04-SC";"UOP02-DEL04-SC"
245421;2019-10-27;"domingo";"02:10:00";"SC";101;357,7;"SANGAO";"Condutor Dormindo";"Saída de leito carroçável";"Com Vítimas Feridas";"Plena Noite";"Crescente";"Nublado";"Dupla";"Reta";"Sim";1;0;1;0;0;0;1;1;-28,64980012;-49,10511386;"SPRF-SC";"DEL02-SC";"UOP01-DEL02-SC"
245422;2019-10-27;"domingo";"03:40:00";"MG";50;36,7;"ARAGUARI";"Desobediência às normas de trânsito pelo condutor";"Colisão frontal";"Com Vítimas Feridas";"Plena Noite";"Decrescente";"Céu Claro";"Dupla";"Reta";"Sim";3;0;1;0;2;0;1;2;-18,65453092;-48,14727203;"SPRF-MG";"DEL15-MG";"UOP02-DEL15-MG"
245423;2019-10-27;"domingo";"04:00:00";"SP";116;67;"GUARATINGUETA";"Falta de Atenção à Condução";"Colisão com objeto estático";"Com Vítimas Feridas";"Amanhecer";"Crescente";"Nublado";"Simples";"Rotatória";"Sim";1;0;1;0;0;0;1;1;-22,828801;-45,21095;"SPRF-SP";"DEL08-SP";"UOP01-DEL08-SP"
245426;2019-10-27;"domingo";"04:50:00";"SC";101;119,1;"ITAJAI";"Velocidade Incompatível";"Capotamento";"Sem Vítimas";"Plena Noite";"Crescente";"Nublado";"Dupla";"Reta";"Sim";1;0;0;0;0;1;0;1;-26,9043179;-48,71555481;"SPRF-SC";"DEL04-SC";"UOP04-DEL04-SC"
245427;2019-10-27;"domingo";"04:40:00";"SC";101;416;"ARARANGUA";"Animais na Pista";"Atropelamento de Animal";"Sem Vítimas";"Amanhecer";"Crescente";"Nublado";"Dupla";"Reta";"Sim";1;0;0;0;1;0;0;1;-28,96708874;-49,52338825;"SPRF-SC";"DEL02-SC";"UOP02-DEL02-SC"
245430;2019-10-27;"domingo";"04:38:00";"SP";116;231;"SAO PAULO";"Desobediência às normas de trânsito pelo pedestre";"Atropelamento de Pedestre";"Com Vítimas Fatais";"Plena Noite";"Decrescente";"Nublado";"Múltipla";"Reta";"Sim";2;1;0;0;1;0;0;2;-23,519471;-46,58260611;"SPRF-SP";"DEL01-SP";"UOP01-DEL01-SP"
245431;2019-10-26;"sábado";"22:20:00";"GO";452;151;"ITUMBIARA";"Falta de Atenção do Pedestre";"Atropelamento de Pedestre";"Com Vítimas Fatais";"Plena Noite";"Decrescente";"Nublado";"Simples";"Reta";"Não";2;1;0;0;0;1;0;2;-18,30181487;-49,57931902;"SPRF-GO";"DEL03-GO";"UOP02-DEL03-GO"
245433;2019-10-27;"domingo";"03:20:00";"MT";163;113,2;"RONDONOPOLIS";"Condutor Dormindo";"Saída de leito carroçável";"Com Vítimas Feridas";"Plena Noite";"Decrescente";"Nublado";"Dupla";"Reta";"Não";1;0;1;0;0;0;1;1;-16,55390587;-54,67507124;"SPRF-MT";"DEL02-MT";"UOP01-DEL02-MT"
245434;2019-10-26;"sábado";"20:00:00";"RJ";101;288;"ITABORAI";"Desobediência às normas de trânsito pelo condutor";"Colisão com objeto estático";"Com Vítimas Feridas";"Plena Noite";"Decrescente";"Nublado";"Dupla";"Reta";"Sim";1;0;0;1;0;0;1;1;-22,75933747;-42,84321275;"SPRF-RJ";"DEL02-RJ";"UOP03-DEL02-RJ"
245435;2019-10-27;"domingo";"05:13:00";"RS";392;118,7;"CANGUCU";"Velocidade Incompatível";"Saída de leito carroçável";"Com Vítimas Feridas";"Plena Noite";"Decrescente";"Chuva";"Simples";"Curva";"Não";1;0;1;0;0;0;1;1;-31,407131;-52,68174198;"SPRF-RS";"DEL07-RS";"UOP01-DEL07-RS"
245436;2019-10-27;"domingo";"05:00:00";"SC";470;129,3;"LONTRAS";"Ingestão de Álcool";"Colisão com objeto estático";"Com Vítimas Feridas";"Amanhecer";"Decrescente";"Garoa/Chuvisco";"Simples";"Interseção de Vias";"Sim";2;0;2;0;0;0;2;1;-27,16032284;-49,55646342;"SPRF-SC";"DEL04-SC";"UOP02-DEL04-SC"
245437;2019-10-26;"sábado";"05:15:00";"PB";230;18,9;"JOAO PESSOA";"Desobediência às normas de trânsito pelo condutor";"Saída de leito carroçável";"Sem Vítimas";"Amanhecer";"Decrescente";"Céu Claro";"Dupla";"Curva";"Não";2;0;0;0;1;1;0;2;-7,1198;-34,8453;"SPRF-PB";"DEL01-PB";"UOP01-DEL01-PB"
245438;2019-10-27;"domingo";"05:05:00";"RS";290;106,1;"ELDORADO DO SUL";"Ingestão de Álcool";"Saída de leito carroçável";"Sem Vítimas";"Amanhecer";"Crescente";"Chuva";"Dupla";"Reta";"Não";1;0;0;0;1;0;0;1;-29,998999;-51,294563;"SPRF-RS";"DEL02-RS";"UOP01-DEL02-RS"
245439;2019-10-27;"domingo";"04:50:00";"PR";376;601;"CURITIBA";"Falta de Atenção à Condução";"Queda de ocupante de veículo";"Com Vítimas Feridas";"Pleno dia";"Decrescente";"Céu Claro";"Dupla";"Curva";"Sim";1;0;0;1;0;0;1;1;-25,537054;-49,31404;"SPRF-PR";"DEL01-PR";"UOP06-DEL01-PR"
245440;2019-10-27;"domingo";"05:45:00";"SP";116;69,4;"APARECIDA";"Falta de Atenção à Condução";"Colisão traseira";"Com Vítimas Feridas";"Amanhecer";"Decrescente";"Nublado";"Dupla";"Reta";"Sim";3;0;0;2;0;1;2;2;-22,84017188;-45,22364349;"SPRF-SP";"DEL08-SP";"UOP01-DEL08-SP"
245441;2019-10-27;"domingo";"03:00:00";"PR";369;37;"ANDIRA";"Desobediência às normas de trânsito pelo condutor";"Colisão frontal";"Com Vítimas Feridas";"Plena Noite";"Crescente";"Nublado";"Dupla";"Interseção de Vias";"Sim";3;0;1;1;0;1;2;2;-23,04538546;-50,23247299;"SPRF-PR";"DEL07-PR";"UOP05-DEL07-PR"
245442;2019-10-27;"domingo";"04:50:00";"DF";20;6;"BRASILIA";"Velocidade Incompatível";"Saída de leito carroçável";"Com Vítimas Feridas";"Amanhecer";"Crescente";"Céu Claro";"Simples";"Reta;Declive";"Não";1;0;1;0;0;0;1;1;-15,665888;-47,808308;"SPRF-DF";"DEL02-DF";"UOP01-DEL02-DF"
245444;2019-10-27;"domingo";"04:44:00";"SP";116;231;"SAO PAULO";"Restrição de Visibilidade";"Colisão com objeto estático";"Com Vítimas Feridas";"Amanhecer";"Decrescente";"Céu Claro";"Múltipla";"Reta";"Sim";2;0;2;0;0;0;2;1;-23,5290581;-46,59398303;"SPRF-SP";"DEL01-SP";"UOP01-DEL01-SP"