"id";"data_inversa";"dia_semana";"horario";"uf";"br";"km";"municipio";"causa_acidente";"tipo_acidente";"classificacao_acidente";"fase_dia";"sentido_via";"condicao_metereologica";"tipo_pista";"tracado_via";"uso_solo";"pessoas";"mortos";"feridos_leves";"feridos_graves";"ilesos";"ignorados";"feridos";"veiculos";"latitude";"longitude";"regional";"delegacia";"uop"
245542;2019-09-09;"segunda-feira";"11:42:00";"RJ";116;69;"TERESOPOLIS";"Falta de Atenção à Condução";"Queda de ocupante de veículo";"Com Vítimas Feridas";"Pleno dia";"Decrescente";"Céu Claro";"Simples";"Curva";"Sim";1;0;1;0;0;0;1;1;-22,31064086;-42,93779076;"SPRF-RJ";"DEL04-RJ";"UOP01-DEL04-RJ"
245543;2019-10-27;"domingo";"15:10:00";"RS";470;199,7;"BENTO GONCALVES";"Velocidade Incompatível";"Saída de leito carroçável";"Sem Vítimas";"Pleno dia";"Crescente";"Chuva";"Simples";"Aclive;Curva";"Não";1;0;0;0;1;0;0;1;-29,06748137;-51,57686971;"SPRF-RS";"DEL06-RS";"UOP02-DEL06-RS"
245544;2019-10-27;"domingo";"17:20:00";"SC";101;186;"BIGUACU";"Ingestão de Álcool";"Saída de leito carroçável";"Com Vítimas Feridas";"Pleno dia";"Decrescente";"Chuva";"Dupla";"Reta";"Sim";2;0;0;1;1;0;1;1;-27,4341098;-48,62567129;"SPRF-SC";"DEL01-SC";"UOP01-DEL01-SC"
245547;2019-10-27;"domingo";"17:00:00";"RJ";354;3;"RESENDE";"Deficiência ou não Acionamento do Sistema de Iluminação/Sinalização do Veículo";"Incêndio";"Sem Vítimas";"Anoitecer";"Crescente";"Céu Claro";"Simples";"Curva";"Não";1;0;0;0;1;0;0;1;-22,3862;-44,753967;"SPRF-RJ";"DEL07-RJ";"DEL5/7-UOP03/RJ"
245549;2019-10-27;"domingo";"17:10:00";"RJ";101;533;"PARATY";"Mal Súbito";"Colisão traseira";"Com Vítimas Feridas";"Pleno dia";"Decrescente";"Céu Claro";"Simples";"Reta";"Não";5;0;4;0;1;0;4;5;-23,02405776;-44,53703641;"SPRF-RJ";"DEL03-RJ";"UOP02-DEL03-RJ"
245552;2019-10-27;"domingo";"18:10:00";"SE";101;83,7;"LARANJEIRAS";"Defeito Mecânico no Veículo";"Tombamento";"Com Vítimas Feridas";"Plena Noite";"Crescente";"Céu Claro";"Dupla";"Reta";"Não";2;0;2;0;0;0;2;1;-10,83263157;-37,13859558;"SPRF-SE";"DEL01-SE";"UOP01-DEL01-SE"
245553;2019-10-27;"domingo";"18:00:00";"SC";280;57,6;"GUARAMIRIM";"Falta de Atenção à Condução";"Colisão transversal";"Com Vítimas Feridas";"Anoitecer";"Decrescente";"Garoa/Chuvisco";"Simples";"Rotatória";"Não";2;0;1;0;1;0;1;2;-26,47426092;-49,0201807;"SPRF-SC";"DEL03-SC";"UOP03-DEL03-SC"
245554;2019-10-27;"domingo";"18:00:00";"MG";40;512;"RIBEIRAO DAS NEVES";"Falta de Atenção à Condução";"Colisão traseira";"Com Vítimas Feridas";"Anoitecer";"Crescente";"Céu Claro";"Dupla";"Reta";"Sim";2;0;0;1;1;0;1;2;-19,78946999;-44,11290699;"SPRF-MG";"DEL01-MG";"UOP02-DEL01-MG"
245555;2019-10-27;"domingo";"17:10:00";"PR";369;158;"CAMBE";"Velocidade Incompatível";"Queda de ocupante de veículo";"Com Vítimas Feridas";"Pleno dia";"Crescente";"Céu Claro";"Dupla";"Viaduto";"Sim";2;0;1;1;0;0;2;1;-23,28455745;-51,23362541;"SPRF-PR";"DEL07-PR";"UOP01-DEL07-PR"
245556;2019-10-25;"sexta-feira";"18:30:00";"BA";101;503;"ITABUNA";"Falta de Atenção do Pedestre";"Atropelamento de Pedestre";"Com Vítimas Feridas";"Plena Noite";"Decrescente";"Céu Claro";"Simples";"Reta";"Sim";2;0;2;0;0;0;2;2;-14,93204115;-39,30057969;"SPRF-BA";"DEL05-BA";"UOP01-DEL05-BA"
245557;2019-10-27;"domingo";"16:50:00";"MT";158;563;"AGUA BOA";"Defeito Mecânico no Veículo";"Tombamento";"Com Vítimas Feridas";"Pleno dia";"Crescente";"Nublado";"Simples";"Reta";"Sim";2;0;1;1;0;0;2;1;-14,0112489;-52,15202134;"SPRF-MT";"DEL07-MT";"UOP02-DEL07-MT"
245558;2019-10-27;"domingo";"15:40:00";"SC";470;7;"NAVEGANTES";"Falta de Atenção à Condução";"Colisão traseira";"Sem Vítimas";"Pleno dia";"Crescente";"Céu Claro";"Simples";"Viaduto";"Não";4;0;0;0;4;0;0;4;-26,84499;-48,71505;"SPRF-SC";"DEL04-SC";"UOP04-DEL04-SC"
245559;2019-10-27;"domingo";"18:45:00";"MG";40;771,9;"JUIZ DE FORA";"Falta de Atenção à Condução";"Tombamento";"Com Vítimas Feridas";"Plena Noite";"Crescente";"Céu Claro";"Simples";"Reta";"Não";2;0;2;0;0;0;2;1;-21,60932712;-43,45892723;"SPRF-MG";"DEL05-MG";"UOP01-DEL05-MG"
245560;2019-10-27;"domingo";"16:20:00";"SC";101;60,3;"ARAQUARI";"Não guardar distância de segurança";"Colisão traseira";"Com Vítimas Feridas";"Pleno dia";"Decrescente";"Nublado";"Dupla";"Curva";"Não";5;0;0;2;2;1;2;4;-26,45072823;-48,78570317;"SPRF-SC";"DEL03-SC";"UOP02-DEL03-SC"
245561;2019-10-26;"sábado";"20:00:00";"RS";285;569;"SAO LUIZ GONZAGA";"Velocidade Incompatível";"Saída de leito carroçável";"Com Vítimas Feridas";"Plena Noite";"Decrescente";"Chuva";"Simples";"Curva";"Sim";2;0;0;1;1;0;1;1;-28,413052;-54,985699;"SPRF-RS";"DEL12-RS";"UOP01-DEL12-RS"
245562;2019-10-27;"domingo";"18:20:00";"PE";232;174,6;"BELO JARDIM";"Animais na Pista";"Atropelamento de Animal";"Com Vítimas Feridas";"Plena Noite";"Crescente";"Céu Claro";"Simples";"Reta";"Não";1;0;1;0;0;0;1;1;-8,3397857;-36,37821402;"SPRF-PE";"DEL02-PE";"UOP03-DEL02-PE"
245563;2019-10-27;"domingo";"18:10:00";"ES";393;0,4;"CACHOEIRO DE ITAPEMIRIM";"Desobediência às normas de trânsito pelo pedestre";"Atropelamento de Pedestre";"Com Vítimas Feridas";"Plena Noite";"Decrescente";"Nublado";"Simples";"Reta";"Não";2;0;0;1;1;0;1;2;-20,841324;-41,15929;"SPRF-ES";"DEL03-ES";"UOP02-DEL03-ES"
245564;2019-10-27;"domingo";"17:30:00";"RN";304;13,2;"MOSSORO";"Avarias e/ou desgaste excessivo no pneu";"Tombamento";"Com Vítimas Feridas";"Anoitecer";"Crescente";"Céu Claro";"Simples";"Reta";"Não";2;0;2;0;0;0;2;1;-4,97960788;-37,3844328;"SPRF-RN";"DEL04-RN";"UOP02-DEL04-RN"
245565;2019-10-27;"domingo";"19:30:00";"BA";116;9,7;"VITORIA DA CONQUISTA";"Falta de Atenção à Condução";"Colisão transversal";"Com Vítimas Feridas";"Plena Noite";"Decrescente";"Céu Claro";"Simples";"Reta";"Sim";3;0;2;0;1;0;2;2;-14,86164246;-40,87494761;"SPRF-PE";"DEL05-PE";"UOP03-DEL05-PE"
245566;2019-10-27;"domingo";"19:15:00";"SC";101;209;"SAO JOSE";"Não guardar distância de segurança";"Colisão lateral";"Sem Vítimas";"Plena Noite";"Decrescente";"Chuva";"Múltipla";"Reta";"Sim";2;0;0;0;2;0;0;2;-27,61000542;-48,63895057;"SPRF-SC";"DEL01-SC";"UOP01-DEL01-SC"
245569;2019-10-27;"domingo";"19:20:00";"SP";116;280,5;"EMBU DAS ARTES";"Não guardar distância de segurança";"Colisão traseira";"Com Vítimas Feridas";"Plena Noite";"Decrescente";"Céu Claro";"Dupla";"Reta";"Sim";1;0;0;1;0;0;1;1;-23,66996108;-46,85590758;"SPRF-SP";"DEL04-SP";"UOP01-DEL04-SP"
245570;2019-10-27;"domingo";"19:10:00";"RS";116;624,9;"ARROIO GRANDE";"Avarias e/ou desgaste excessivo no pneu";"Saída de leito carroçável";"Sem Vítimas";"Plena Noite";"Decrescente";"Nublado";"Simples";"Reta";"Não";2;0;0;0;2;0;0;1;-32,33909213;-53,15746987;"SPRF-RS";"DEL07-RS";"UOP03-DEL07-RS"
245571;2019-10-27;"domingo";"19:00:00";"PE";428;27,5;"CABROBO";"Ultrapassagem Indevida";"Colisão frontal";"Com Vítimas Feridas";"Plena Noite";"Crescente";"Céu Claro";"Simples";"Reta";"Não";2;0;1;1;0;0;2;2;-8,50053191;-39,45543905;"SPRF-PE";"DEL05-PE";"UOP03-DEL05-PE"
245573;2019-10-27;"domingo";"18:40:00";"PR";376;187,2;"MARIALVA";"Falta de Atenção à Condução";"Saída de leito carroçável";"Com Vítimas Feridas";"Plena Noite";"Decrescente";"Nublado";"Dupla";"Reta";"Não";1;0;1;0;0;0;1;1;-23,46141044;-51,83659926;"SPRF-PR";"DEL07-PR";"UOP01-DEL09-PR"
245574;2019-10-19;"sábado";"09:00:00";"ES";259;70;"COLATINA";"Desobediência às normas de trânsito pelo condutor";"Colisão transversal";"Com Vítimas Feridas";"Pleno dia";"Crescente";"Sol";"Simples";"Curva";"Não";2;0;0;1;1;0;1;2;-19,49604599;-40,75515747;"SPRF-ES";"DEL02-ES";"UOP01-DEL02-ES"
245575;2019-10-27;"domingo";"19:10:00";"PB";230;35,6;"SANTA RITA";"Pista Escorregadia";"Tombamento";"Com Vítimas Feridas";"Plena Noite";"Crescente";"Céu Claro";"Dupla";"Curva";"Sim";1;0;1;0;0;0;1;1;-7,1236768;-34,9453529;"SPRF-PB";"DEL01-PB";"UOP01-DEL01-PB"
245576;2019-10-27;"domingo";"19:20:00";"GO";40;16;"LUZIANIA";"Falta de Atenção à Condução";"Colisão transversal";"Com Vítimas Feridas";"Plena Noite";"Decrescente";"Céu Claro";"Dupla";"Reta";"Sim";4;0;4;0;0;0;4;2;-16,175176;-47,92964;"SPRF-DF";"DEL01-DF";"UOP01-DEL01-DF"
245577;2019-10-27;"domingo";"19:15:00";"SC";101;44;"JOINVILLE";"Ingestão de Álcool";"Colisão traseira";"Com Vítimas Feridas";"Plena Noite";"Crescente";"Chuva";"Simples";"Reta";"Sim";2;0;1;0;1;0;1;2;-26,31238996;-48,87458997;"SPRF-SC";"DEL03-SC";"UOP01-DEL03-SC"
245578;2019-10-27;"domingo";"17:40:00";"MG";381;503;"BETIM";"Velocidade Incompatível";"Colisão com objeto estático";"Com Vítimas Feridas";"Pleno dia";"Decrescente";"Nublado";"Dupla";"Reta";"Sim";1;0;1;0;0;0;1;1;-20,03855134;-44,25495493;"SPRF-MG";"DEL01-MG";"UOP03-DEL01-MG"
245579;2019-10-27;"domingo";"18:00:00";"SP";101;37,5;"UBATUBA";"Falta de Atenção à Condução";"Colisão transversal";"Com Vítimas Feridas";"Plena Noite";"Crescente";"Céu Claro";"Simples";"Curva";"Não";4;0;2;0;2;0;2;2;-23,40738271;-45,01849651;"SPRF-SP";"DEL06-SP";"UOP01-DEL06-SP"
245580;2019-10-27;"domingo";"19:40:00";"SP";116;149,5;"SAO JOSE DOS CAMPOS";"Não guardar distância de segurança";"Colisão traseira";"Com Vítimas Feridas";"Plena Noite";"Decrescente";"Céu Claro";"Múltipla";"Reta";"Sim";2;0;1;0;1;0;1;2;-23,20700047;-45,88626861;"SPRF-SP";"DEL02-SP";"UOP01-DEL02-SP"
245582;2019-10-27;"domingo";"18:15:00";"MG";365;674;"MONTE ALEGRE DE MINAS";"Pista Escorregadia";"Saída de leito carroçável";"Com Vítimas Feridas";"Anoitecer";"Crescente";"Nublado";"Dupla";"Reta";"Não";2;0;1;0;1;0;1;1;-18,86310541;-48,7660933;"SPRF-MG";"DEL15-MG";"UOP01-DEL15-MG"
245583;2019-10-27;"domingo";"19:50:00";"PB";101;92,2;"JOAO PESSOA";"Falta de Atenção à Condução";"Colisão traseira";"Com Vítimas Feridas";"Plena Noite";"Decrescente";"Céu Claro";"Dupla";"Retorno Regulamentado";"Sim";6;0;1;4;1;0;5;2;-7,202996;-34,907718;"SPRF-PB";"DEL01-PB";"UOP01-DEL01-PB"
245585;2019-10-27;"domingo";"19:00:00";"RS";470;176;"VERANOPOLIS";"Ingestão de Álcool";"Colisão transversal";"Com Vítimas Feridas";"Plena Noite";"Decrescente";"Nublado";"Simples";"Retorno Regulamentado";"Sim";4;0;2;0;2;0;2;2;-28,929109;-51,54315;"SPRF-RS";"DEL06-RS";"UOP02-DEL06-RS"
245586;2019-10-27;"domingo";"20:10:00";"PE";101;60,3;"RECIFE";"Desobediência às normas de trânsito pelo condutor";"Colisão traseira";"Com Vítimas Feridas";"Plena Noite";"Crescente";"Céu Claro";"Dupla";"Reta";"Sim";4;0;1;0;2;1;1;2;-7,98628642;-34,93269324;"SPRF-PE";"DEL01-PE";"UOP02-DEL01-PE"
245587;2019-10-27;"domingo";"20:15:00";"SE";235;1,5;"ARACAJU";"Falta de Atenção à Condução";"Colisão traseira";"Com Vítimas Feridas";"Plena Noite";"Decrescente";"Céu Claro";"Dupla";"Reta";"Sim";3;0;1;0;1;1;1;2;-10,9073;-37,0947;"SPRF-SE";"DEL01-SE";"UOP01-DEL01-SE"
245589;2019-10-27;"domingo";"20:10:00";"SP";153;49,2;"SAO JOSE DO RIO PRETO";"Falta de Atenção à Condução";"Saída de leito carroçável";"Com Vítimas Feridas";"Plena Noite";"Decrescente";"Vento";"Simples";"Reta";"Sim";1;0;1;0;0;0;1;1;-20,70000401;-49,33945823;"SPRF-SP";"DEL09-SP";"UOP01-DEL09-SP"
245590;2019-10-27;"domingo";"20:00:00";"ES";101;185;"ARACRUZ";"Objeto estático sobre o leito carroçável";"Queda de ocupante de veículo";"Com Vítimas Feridas";"Plena Noite";"Crescente";"Nublado";"Simples";"Reta";"Não";1;0;1;0;0;0;1;1;-19,66049104;-40,24098998;"SPRF-ES";"DEL04-ES";"UOP01-DEL04-ES"
245592;2019-10-27;"domingo";"19:10:00";"RO";319;60;"PORTO VELHO";"Agressão Externa";"Colisão com objeto estático";"Com Vítimas Feridas";"Plena Noite";"Crescente";"Céu Claro";"Dupla";"Reta";"Sim";3;0;0;1;0;2;1;2;-8,766685;-63,884052;"SPRF-RO";"DEL01-RO";"UOP01-DEL01-RO"
245593;2019-10-27;"domingo";"16:00:00";"SC";153;17,2;"AGUA DOCE";"Velocidade Incompatível";"Saída de leito carroçável";"Com Vítimas Feridas";"Pleno dia";"Crescente";"Chuva";"Simples";"Reta";"Não";1;0;1;0;0;0;1;1;-26,706577;-51,599979;"SPRF-SC";"DEL07-SC";"UOP07-DEL07-SC"
245594;2019-10-27;"domingo";"18:30:00";"RJ";116;139;"DUQUE DE CAXIAS";"Falta de Atenção à Condução";"Colisão lateral";"Sem Vítimas";"Plena Noite";"Crescente";"Céu Claro";"Dupla";"Reta";"Sim";3;0;0;0;3;0;0;2;-22,64655224;-43,20138601;"SPRF-RJ";"DEL01-RJ";"UOP01-DEL01-RJ"
245595;2019-10-27;"domingo";"18:20:00";"MG";381;498;"BETIM";"Velocidade Incompatível";"Tombamento";"Com Vítimas Feridas";"Plena Noite";"Decrescente";"Céu Claro";"Dupla";"Interseção de Vias";"Sim";2;0;2;0;0;0;2;1;-19,9836538;-44,20188189;"SPRF-MG";"DEL01-MG";"UOP03-DEL01-MG"
245597;2019-10-27;"domingo";"20:00:00";"SC";101;199;"SAO JOSE";"Falta de Atenção à Condução";"Colisão lateral";"Sem Vítimas";"Plena Noite";"Crescente";"Chuva";"Múltipla";"Reta";"Sim";2;0;0;0;1;1;0;2;-27,53413705;-48,63003205;"SPRF-SC";"DEL01-SC";"UOP01-DEL01-SC"
245598;2019-10-27;"domingo";"19:00:00";"SP";116;86;"PINDAMONHANGABA";"Falta de Atenção à Condução";"Atropelamento de Pedestre";"Com Vítimas Feridas";"Plena Noite";"Decrescente";"Céu Claro";"Dupla";"Reta";"Não";2;0;1;0;1;0;1;2;-22,92639476;-45,35307511;"SPRF-SP";"DEL06-SP";"UOP01-DEL06-SP"
245599;2019-10-27;"domingo";"20:00:00";"DF";60;4,2;"BRASILIA";"Ingestão de Álcool";"Colisão traseira";"Sem Vítimas";"Plena Noite";"Crescente";"Nublado";"Dupla";"Reta";"Sim";2;0;0;0;2;0;0;2;-15,892721;-48,095741;"SPRF-DF";"DEL01-DF";"UOP01-DEL03-DF"
245600;2019-10-27;"domingo";"18:13:00";"MT";364;610;"DIAMANTINO";"Defeito na Via";"Colisão lateral";"Com Vítimas Feridas";"Plena Noite";"Crescente";"Céu Claro";"Simples";"Reta";"Não";6;0;4;0;2;0;4;2;-14,45156598;-56,28191099;"SPRF-MT";"DEL01-MT";"UOP01-DEL01-MT"
245601;2019-10-27;"domingo";"20:35:00";"PE";232;156;"TACAIMBO";"Ultrapassagem Indevida";"Colisão frontal";"Com Vítimas Feridas";"Plena Noite";"Crescente";"Céu Claro";"Simples";"Reta";"Não";15;0;10;5;0;0;15;2;-8,32936019;-36,21722099;"SPRF-PE";"DEL02-PE";"UOP03-DEL02-PE"
245602;2019-10-27;"domingo";"20:40:00";"SC";101;43,6;"JOINVILLE";"Falta de Atenção à Condução";"Colisão transversal";"Com Vítimas Feridas";"Plena Noite";"Decrescente";"Garoa/Chuvisco";"Simples";"Interseção de Vias";"Sim";3;0;2;0;1;0;2;2;-26,30357106;-48,88225609;"SPRF-SC";"DEL03-SC";"UOP01-DEL03-SC"
245603;2019-10-27;"domingo";"16:10:00";"BA";407;219;"CAPIM GROSSO";"Ingestão de Álcool";"Queda de ocupante de veículo";"Com Vítimas Fatais";"Anoitecer";"Crescente";"Céu Claro";"Simples";"Reta";"Não";1;1;0;0;0;0;0;1;-11,262844;-40,023506;"SPRF-BA";"DEL04-BA";"UOP02-DEL04-BA"
245605;2019-10-27;"domingo";"17:40:00";"PB";230;487,7;"SAO JOAO DO RIO DO PEIXE";"Não guardar distância de segurança";"Colisão traseira";"Sem Vítimas";"Plena Noite";"Crescente";"Céu Claro";"Simples";"Reta";"Sim";2;0;0;0;2;0;0;2;-6,8702;-38,3949;"SPRF-PB";"DEL03-PB";"UOP03-DEL03-PB"
245606;2019-10-27;"domingo";"19:35:00";"MA";222;673;"ACAILANDIA";"Animais na Pista";"Atropelamento de Animal";"Com Vítimas Feridas";"Plena Noite";"Crescente";"Vento";"Simples";"Declive";"Sim";4;0;2;0;2;0;2;3;-4,92960481;-47,44590111;"SPRF-MA";"DEL04-MA";"UOP03-DEL04-MA"
245607;2019-10-27;"domingo";"21:10:00";"SP";116;488;"CAJATI";"Falta de Atenção à Condução";"Colisão lateral";"Sem Vítimas";"Plena Noite";"Crescente";"Céu Claro";"Simples";"Reta";"Não";2;0;0;0;2;0;0;2;-24,73097634;-48,09815591;"SPRF-SP";"DEL05-SP";"UAP01-DEL05-SP"
245608;2019-10-27;"domingo";"20:50:00";"SP";116;298;"ITAPECERICA DA SERRA";"Ingestão de Álcool";"Colisão traseira";"Sem Vítimas";"Plena Noite";"Decrescente";"Céu Claro";"Dupla";"Reta";"Não";2;0;0;0;2;0;0;2;-23,79049179;-46,91464755;"SPRF-SP";"DEL04-SP";"UOP01-DEL04-SP"
245609;2019-10-27;"domingo";"15:40:00";"RS";386;401;"TRIUNFO";"Pista Escorregadia";"Colisão com objeto estático";"Sem Vítimas";"Pleno dia";"Decrescente";"Garoa/Chuvisco";"Dupla";"Rotatória";"Não";1;0;0;0;1;0;0;1;-29,758154;-51,594955;"SPRF-RS";"DEL04-RS";"UOP02-DEL04-RS"
245610;2019-10-27;"domingo";"21:00:00";"RS";470;232;"CARLOS BARBOSA";"Ingestão de Álcool";"Saída de leito carroçável";"Com Vítimas Feridas";"Plena Noite";"Crescente";"Garoa/Chuvisco";"Simples";"Curva";"Sim";1;0;0;1;0;0;1;1;-29,23579206;-51,51193423;"SPRF-RS";"DEL06-RS";"UOP01-DEL06-RS"
245612;2019-10-27;"domingo";"20:30:00";"PB";230;4,2;"CABEDELO";"Restrição de Visibilidade";"Queda de ocupante de veículo";"Com Vítimas Feridas";"Plena Noite";"Crescente";"Céu Claro";"Simples";"Viaduto;Em Obras";"Sim";1;0;1;0;0;0;1;1;-7,0004;-34,8284;"SPRF-PB";"DEL01-PB";"UOP01-DEL01-PB"
245613;2019-10-27;"domingo";"21:12:00";"MG";262;802;"UBERABA";"Falta de Atenção do Pedestre";"Atropelamento de Pedestre";"Com Vítimas Feridas";"Plena Noite";"Decrescente";"Céu Claro";"Dupla";"Reta";"Sim";2;0;0;1;1;0;1;2;-19,77316529;-47,91549683;"SPRF-MG";"DEL13-MG";"UOP01-DEL13-MG"
245614;2019-10-27;"domingo";"21:50:00";"SC";470;166,3;"POUSO REDONDO";"Não guardar distância de segurança";"Colisão traseira";"Com Vítimas Feridas";"Plena Noite";"Crescente";"Chuva";"Simples";"Reta";"Não";8;0;2;0;6;0;2;2;-27,275208;-49,855125;"SPRF-SC";"DEL04-SC";"UOP02-DEL04-SC"
245617;2019-10-27;"domingo";"19:50:00";"SC";101;315,2;"PESCARIA BRAVA";"Falta de Atenção à Condução";"Saída de leito carroçável";"Sem Vítimas";"Plena Noite";"Decrescente";"Chuva";"Dupla";"Interseção de Vias";"Sim";1;0;0;0;1;0;0;1;-28,43552413;-48,8343121;"SPRF-SC";"DEL02-SC";"UOP01-DEL02-SC"
245618;2019-10-27;"domingo";"21:35:00";"GO";153;534,5;"HIDROLANDIA";"Desobediência às normas de trânsito pelo condutor";"Colisão traseira";"Com Vítimas Feridas";"Plena Noite";"Crescente";"Céu Claro";"Dupla";"Reta";"Não";6;0;2;0;4;0;2;2;-17,0016;-49,2231;"SPRF-GO";"DEL01-GO";"UOP03-DEL01-GO"
245619;2019-10-27;"domingo";"22:00:00";"ES";262;20,3;"VIANA";"Falta de Atenção à Condução";"Saída de leito carroçável";"Sem Vítimas";"Plena Noite";"Decrescente";"Céu Claro";"Simples";"Reta";"Não";1;0;0;0;1;0;0;1;-20,38569081;-40,49680586;"SPRF-ES";"DEL01-ES";"UOP01-DEL01-ES"
245620;2019-10-27;"domingo";"20:50:00";"PR";277;311,4;"GUARAPUAVA";"Fenômenos da Natureza";"Colisão com objeto estático";"Com Vítimas Feridas";"Plena Noite";"Crescente";"Chuva";"Simples";"Aclive;Reta";"Não";1;0;1;0;0;0;1;1;-25,31576601;-51,18861896;"SPRF-PR";"DEL03-PR";"UOP01-DEL08-PR"
245621;2019-10-27;"domingo";"19:15:00";"BA";116;635;"JAGUAQUARA";"Desobediência às normas de trânsito pelo condutor";"Colisão transversal";"Com Vítimas Feridas";"Plena Noite";"Crescente";"Ignorado";"Simples";"Reta";"Sim";2;0;1;0;1;0;1;2;-13,51997378;-40,05945775;"SPRF-BA";"DEL03-BA";"UOP01-DEL03-BA"
245622;2019-10-27;"domingo";"21:30:00";"MS";60;516,8;"NIOAQUE";"Animais na Pista";"Atropelamento de Animal";"Com Vítimas Feridas";"Plena Noite";"Crescente";"Céu Claro";"Simples";"Reta";"Não";1;0;0;1;0;0;1;1;-21,17477404;-55,6368241;"SPRF-MS";"DEL05-MS";"UOP01-DEL05-MS"
245623;2019-10-27;"domingo";"22:30:00";"SC";101;117;"ITAJAI";"Desobediência às normas de trânsito pelo condutor";"Colisão transversal";"Com Vítimas Feridas";"Plena Noite";"Decrescente";"Chuva";"Simples";"Interseção de Vias";"Sim";6;0;1;2;3;0;3;2;-26,88747187;-48,72252969;"SPRF-SC";"DEL04-SC";"UOP04-DEL04-SC"
245625;2019-10-27;"domingo";"22:15:00";"PR";476;270;"SAO MATEUS DO SUL";"Ingestão de Álcool";"Colisão lateral";"Com Vítimas Feridas";"Plena Noite";"Decrescente";"Chuva";"Simples";"Reta";"Não";3;0;2;0;1;0;2;2;-25,897345;-50,33913;"SPRF-PR";"DEL02-PR";"UOP04-DEL02-PR"
245626;2019-10-27;"domingo";"23:05:00";"SC";101;233,8;"PALHOCA";"Pista Escorregadia";"Saída de leito carroçável";"Sem Vítimas";"Plena Noite";"Decrescente";"Chuva";"Dupla";"Curva;Aclive";"Não";2;0;0;0;2;0;0;1;-27,81043812;-48,63537111;"SPRF-SC";"DEL01-SC";"UOP02-DEL01-SC"
245627;2019-10-27;"domingo";"21:40:00";"SP";116;278;"EMBU DAS ARTES";"Velocidade Incompatível";"Colisão traseira";"Com Vítimas Feridas";"Plena Noite";"Crescente";"Céu Claro";"Dupla";"Reta";"Não";3;0;1;0;1;1;1;2;-23,63429805;-46,82412928;"SPRF-SP";"DEL04-SP";"UOP01-DEL04-SP"
245630;2019-10-27;"domingo";"22:45:00";"RS";158;248;"TUPANCIRETA";"Defeito Mecânico no Veículo";"Incêndio";"Sem Vítimas";"Plena Noite";"Decrescente";"Chuva";"Simples";"Reta";"Não";1;0;0;0;1;0;0;1;-29,10065701;-53,65178207;"SPRF-RS";"DEL10-RS";"UOP02-DEL10-RS"
245631;2019-10-27;"domingo";"22:50:00";"MG";40;687;"RESSAQUINHA";"Falta de Atenção à Condução";"Saída de leito carroçável";"Com Vítimas Feridas";"Plena Noite";"Crescente";"Céu Claro";"Simples";"Reta";"Não";2;0;2;0;0;0;2;1;-21,08104393;-43,76696216;"SPRF-MG";"DEL05-MG";"UOP02-DEL05-MG"
245632;2019-10-27;"domingo";"23:00:00";"PR";116;11;"COLOMBO";"Ingestão de Álcool";"Saída de leito carroçável";"Sem Vítimas";"Plena Noite";"Decrescente";"Céu Claro";"Múltipla";"Reta";"Não";1;0;0;0;1;0;0;1;-25,3727;-49,1408;"SPRF-PR";"DEL01-PR";"UOP01-DEL01-PR"
245633;2019-10-28;"segunda-feira";"00:20:00";"PR";376;502,4;"PONTA GROSSA";"Falta de Atenção à Condução";"Colisão traseira";"Com Vítimas Feridas";"Plena Noite";"Decrescente";"Nublado";"Dupla";"Reta";"Sim";2;0;1;0;1;0;1;2;-25,21604594;-50,05797693;"SPRF-PR";"DEL03-PR";"UOP04-DEL03-PR"
245634;2019-10-27;"domingo";"21:30:00";"PB";104;129;"CAMPINA GRANDE";"Desobediência às normas de trânsito pelo condutor";"Colisão transversal";"Com Vítimas Feridas";"Plena Noite";"Crescente";"Céu Claro";"Simples";"Reta";"Não";2;0;1;0;1;0;1;2;-7,28120589;-35,88915693;"SPRF-PB";"DEL02-PB";"UOP01-DEL02-PB"
245635;2019-10-27;"domingo";"23:30:00";"MG";116;618,6;"ORIZANIA";"Desobediência às normas de trânsito pelo condutor";"Colisão frontal";"Com Vítimas Fatais";"Plena Noite";"Crescente";"Céu Claro";"Simples";"Reta";"Não";2;1;1;0;0;0;1;2;-20,48038107;-42,18167273;"SPRF-MG";"DEL07-MG";"UOP03-DEL07-MG"
245637;2019-10-27;"domingo";"23:00:00";"SC";101;110,3;"PENHA";"Ingestão de Álcool";"Colisão com objeto estático";"Com Vítimas Feridas";"Plena Noite";"Crescente";"Chuva";"Dupla";"Curva";"Não";1;0;0;1;0;0;1;1;-26,83477;-48,706151;"SPRF-SC";"DEL03-SC";"UOP02-DEL03-SC"
245638;2019-10-27;"domingo";"20:20:00";"PR";277;194;"PALMEIRA";"Falta de Atenção à Condução";"Colisão traseira";"Com Vítimas Feridas";"Plena Noite";"Crescente";"Chuva";"Simples";"Reta";"Não";5;0;1;0;4;0;1;2;-25,43176631;-50,14954706;"SPRF-PR";"DEL03-PR";"UOP02-DEL08-PR"
245639;2019-10-27;"domingo";"23:50:00";"PR";116;112;"CURITIBA";"Ingestão de Álcool";"Saída de leito carroçável";"Sem Vítimas";"Plena Noite";"Crescente";"Nublado";"Dupla";"Reta";"Não";1;0;0;0;0;1;0;1;-25,56730763;-49,23706792;"SPRF-PR";"DEL01-PR";"UOP06-DEL01-PR"