"id";"data_inversa";"dia_semana";"horario";"uf";"br";"km";"municipio";"causa_acidente";"tipo_acidente";"classificacao_acidente";"fase_dia";"sentido_via";"condicao_metereologica";"tipo_pista";"tracado_via";"uso_solo";"pessoas";"mortos";"feridos_leves";"feridos_graves";"ilesos";"ignorados";"feridos";"veiculos";"latitude";"longitude";"regional";"delegacia";"uop"
245642;2019-10-27;"domingo";"23:20:00";"SC";282;118,1;"BOM RETIRO";"Condutor Dormindo";"Saída de leito carroçável";"Com Vítimas Feridas";"Plena Noite";"Crescente";"Chuva";"Simples";"Curva";"Não";1;0;1;0;0;0;1;1;-27,776798;-49,411194;"SPRF-SC";"DEL05-SC";"UOP01-DEL05-SC"
245645;2019-10-27;"domingo";"18:30:00";"BA";116;506;"SANTA TERESINHA";"Desobediência às normas de trânsito pelo condutor";"Colisão frontal";"Com Vítimas Fatais";"Plena Noite";"Decrescente";"Céu Claro";"Múltipla";"Curva";"Não";2;1;0;0;1;0;0;2;-12,61686658;-39,57671571;"SPRF-BA";"DEL03-BA";"UOP02-DEL03-BA"
245646;2019-10-27;"domingo";"21:50:00";"MG";262;519,5;"LUZ";"Falta de Atenção à Condução";"Saída de leito carroçável";"Com Vítimas Feridas";"Plena Noite";"Decrescente";"Céu Claro";"Simples";"Reta";"Não";1;0;0;1;0;0;1;1;-19,79063188;-45,61029998;"SPRF-MG";"DEL08-MG";"UOP03-DEL08-MG"
245648;2019-10-28;"segunda-feira";"02:40:00";"SP";153;58,1;"SAO JOSE DO RIO PRETO";"Ingestão de Álcool";"Colisão com objeto estático";"Com Vítimas Feridas";"Plena Noite";"Crescente";"Nublado";"Simples";"Em Obras";"Sim";1;0;1;0;0;0;1;1;-20,77838195;-49,35300538;"SPRF-SP";"DEL09-SP";"UOP01-DEL09-SP"
245649;2019-10-28;"segunda-feira";"02:30:00";"RS";116;295;"GUAIBA";"Velocidade Incompatível";"Saída de leito carroçável";"Sem Vítimas";"Plena Noite";"Crescente";"Nublado";"Dupla";"Reta";"Sim";1;0;0;0;1;0;0;1;-30,07969402;-51,34154882;"SPRF-RS";"DEL02-RS";"UOP01-DEL02-RS"
245650;2019-10-27;"domingo";"17:10:00";"PR";277;647,7;"CEU AZUL";"Fenômenos da Natureza";"Colisão com objeto em movimento";"Sem Vítimas";"Pleno dia";"Decrescente";"Chuva";"Simples";"Reta;Declive";"Não";1;0;0;0;1;0;0;1;-25,17489911;-53,91380604;"SPRF-PR";"DEL05-PR";"UOP02-DEL05-PR"
245652;2019-10-28;"segunda-feira";"05:20:00";"PB";230;48,8;"SANTA RITA";"Falta de Atenção à Condução";"Saída de leito carroçável";"Sem Vítimas";"Amanhecer";"Crescente";"Céu Claro";"Dupla";"Reta";"Não";1;0;0;0;0;1;0;1;-7,174;-35,0397;"SPRF-PB";"DEL01-PB";"UOP03-DEL01-PB"
245653;2019-10-28;"segunda-feira";"05:20:00";"MA";135;9,9;"SAO LUIS";"Condutor Dormindo";"Capotamento";"Sem Vítimas";"Amanhecer";"Crescente";"Céu Claro";"Dupla";"Curva";"Sim";1;0;0;0;1;0;0;1;-2,64941425;-44,28038883;"SPRF-MA";"DEL01-MA";"UOP01-DEL01-MA"
245657;2019-10-28;"segunda-feira";"06:20:00";"SC";101;134,2;"BALNEARIO CAMBORIU";"Falta de Atenção à Condução";"Colisão com objeto estático";"Com Vítimas Feridas";"Amanhecer";"Crescente";"Céu Claro";"Múltipla";"Reta";"Sim";1;0;0;1;0;0;1;1;-27,00217215;-48,63752067;"SPRF-SC";"DEL04-SC";"UOP03-DEL04-SC"
245659;2019-10-28;"segunda-feira";"06:20:00";"BA";324;565;"SAO SEBASTIAO DO PASSE";"Desobediência às normas de trânsito pelo pedestre";"Atropelamento de Pedestre";"Com Vítimas Feridas";"Pleno dia";"Crescente";"Céu Claro";"Dupla";"Reta";"Não";3;0;0;1;2;0;1;2;-12,51921908;-38,61760506;"SPRF-BA";"DEL01-BA";"UOP01-DEL01-BA"
245660;2019-10-28;"segunda-feira";"04:30:00";"RR";401;15,6;"CANTA";"Falta de Atenção à Condução";"Saída de leito carroçável";"Com Vítimas Fatais";"Amanhecer";"Crescente";"Céu Claro";"Simples";"Reta";"Não";6;1;0;4;0;1;4;2;2,84073231;-60,57928934;"SPRF-RR";"DEL01-RR";"UOP01-DEL01-RR"
245662;2019-10-28;"segunda-feira";"05:00:00";"PI";407;478;"JAICOS";"Falta de Atenção à Condução";"Queda de ocupante de veículo";"Com Vítimas Feridas";"Amanhecer";"Crescente";"Céu Claro";"Simples";"Reta";"Sim";1;0;0;1;0;0;1;1;-7,42436491;-41,19944708;"SPRF-PI";"DEL04-PI";"UOP01-DEL04-PI"
245663;2019-10-28;"segunda-feira";"07:25:00";"SP";381;69,3;"MAIRIPORA";"Mal Súbito";"Colisão com objeto estático";"Com Vítimas Feridas";"Amanhecer";"Decrescente";"Nublado";"Dupla";"Declive;Curva";"Não";2;0;2;0;0;0;2;1;-23,34553108;-46,56787903;"SPRF-SP";"DEL03-SP";"UOP01-DEL03-SP"
245664;2019-10-28;"segunda-feira";"07:20:00";"ES";101;270,5;"SERRA";"Desobediência às normas de trânsito pelo condutor";"Colisão lateral";"Com Vítimas Feridas";"Pleno dia";"Crescente";"Céu Claro";"Dupla";"Reta";"Sim";2;0;1;0;1;0;1;2;-20,22662056;-40,27075088;"SPRF-ES";"DEL02-ES";"UOP01-DEL02-ES"
245665;2019-10-28;"segunda-feira";"06:50:00";"PR";116;115,3;"CURITIBA";"Desobediência às normas de trânsito pelo condutor";"Queda de ocupante de veículo";"Com Vítimas Feridas";"Pleno dia";"Decrescente";"Nublado";"Dupla";"Reta;Declive";"Sim";1;0;1;0;0;0;1;1;-25,543478;-49,302994;"SPRF-PR";"DEL01-PR";"UOP06-DEL01-PR"
245666;2019-10-28;"segunda-feira";"05:30:00";"RJ";101;196;"CASIMIRO DE ABREU";"Mal Súbito";"Saída de leito carroçável";"Com Vítimas Feridas";"Amanhecer";"Crescente";"Ignorado";"Dupla";"Curva";"Não";2;0;2;0;0;0;2;1;-22,49207101;-42,10926701;"SPRF-RJ";"DEL02-RJ";"UOP04-DEL08-RJ"
245667;2019-10-28;"segunda-feira";"05:40:00";"MS";419;227,2;"AQUIDAUANA";"Pista Escorregadia";"Tombamento";"Com Vítimas Feridas";"Amanhecer";"Crescente";"Céu Claro";"Simples";"Curva";"Não";5;0;5;0;0;0;5;1;-20,36068493;-55,7475619;"SPRF-MS";"DEL03-MS";"UOP01-DEL03-MS"
245668;2019-10-28;"segunda-feira";"07:15:00";"PE";101;90;"CABO DE SANTO AGOSTINHO";"Velocidade Incompatível";"Capotamento";"Com Vítimas Feridas";"Pleno dia";"Decrescente";"Céu Claro";"Dupla";"Reta";"Sim";1;0;1;0;0;0;1;1;-8,21612792;-34,98772817;"SPRF-PE";"DEL01-PE";"UOP03-DEL01-PE"
245669;2019-10-28;"segunda-feira";"08:05:00";"MG";381;506;"SAO JOAQUIM DE BICAS";"Não guardar distância de segurança";"Colisão traseira";"Com Vítimas Feridas";"Pleno dia";"Crescente";"Sol";"Dupla";"Reta";"Sim";2;0;0;1;1;0;1;2;-20,05039397;-44,27962502;"SPRF-MG";"DEL01-MG";"UOP03-DEL01-MG"
245670;2019-10-28;"segunda-feira";"08:00:00";"PB";101;84;"BAYEUX";"Defeito Mecânico no Veículo";"Queda de ocupante de veículo";"Com Vítimas Feridas";"Pleno dia";"Crescente";"Sol";"Dupla";"Reta";"Não";2;0;2;0;0;0;2;1;-7,13957906;-34,92312806;"SPRF-PB";"DEL01-PB";"UOP01-DEL01-PB"
245671;2019-10-28;"segunda-feira";"07:30:00";"GO";153;219,5;"URUACU";"Desobediência às normas de trânsito pelo condutor";"Saída de leito carroçável";"Com Vítimas Feridas";"Pleno dia";"Decrescente";"Céu Claro";"Simples";"Reta";"Não";5;0;2;3;0;0;5;1;-14,680264;-49,205601;"SPRF-GO";"DEL07-GO";"UOP01-DEL07-GO"
245672;2019-10-28;"segunda-feira";"07:35:00";"SC";101;135;"BALNEARIO CAMBORIU";"Falta de Atenção à Condução";"Colisão transversal";"Com Vítimas Feridas";"Pleno dia";"Crescente";"Céu Claro";"Múltipla";"Interseção de Vias";"Não";2;0;2;0;0;0;2;2;-27,0050108;-48,62677494;"SPRF-SC";"DEL04-SC";"UOP03-DEL04-SC"
245674;2019-10-28;"segunda-feira";"08:30:00";"MG";40;435;"PARAOPEBA";"Velocidade Incompatível";"Colisão lateral";"Com Vítimas Fatais";"Pleno dia";"Crescente";"Céu Claro";"Dupla";"Reta";"Não";4;1;0;1;1;1;1;3;-19,21980485;-44,45033788;"SPRF-MG";"DEL02-MG";"UOP01-DEL02-MG"
245675;2019-10-28;"segunda-feira";"08:45:00";"GO";60;34,2;"GOIANIA";"Falta de Atenção à Condução";"Queda de ocupante de veículo";"Com Vítimas Feridas";"Pleno dia";"Decrescente";"Céu Claro";"Dupla";"Rotatória";"Sim";2;0;1;0;1;0;1;2;-16,75229915;-49,33977865;"SPRF-DF";"DEL01-DF";"UOP01-DEL03-DF"
245676;2019-10-28;"segunda-feira";"06:40:00";"SC";101;290,7;"IMBITUBA";"Falta de Atenção à Condução";"Colisão com objeto estático";"Com Vítimas Feridas";"Pleno dia";"Decrescente";"Nublado";"Dupla";"Reta;Declive";"Sim";1;0;1;0;0;0;1;1;-28,26202477;-48,70403355;"SPRF-SC";"DEL02-SC";"UOP03-DEL02-SC"
245677;2019-10-28;"segunda-feira";"04:15:00";"SC";282;567,9;"NOVA ERECHIM";"Velocidade Incompatível";"Saída de leito carroçável";"Com Vítimas Fatais";"Plena Noite";"Decrescente";"Chuva";"Simples";"Rotatória";"Sim";1;1;0;0;0;0;0;1;-26,904472;-52,907639;"SPRF-SC";"DEL07-SC";"UOP02-DEL07-SC"
245678;2019-10-28;"segunda-feira";"07:10:00";"CE";222;82,2;"SAO LUIS DO CURU";"Falta de Atenção à Condução";"Capotamento";"Com Vítimas Feridas";"Pleno dia";"Crescente";"Sol";"Simples";"Curva";"Não";3;0;1;0;2;0;1;1;-3,67572875;-39,27859068;"SPRF-CE";"DEL04-CE";"UOP03-DEL04-CE"
245681;2019-10-28;"segunda-feira";"08:50:00";"ES";101;68;"SAO MATEUS";"Deficiência ou não Acionamento do Sistema de Iluminação/Sinalização do Veículo";"Tombamento";"Com Vítimas Feridas";"Pleno dia";"Crescente";"Céu Claro";"Simples";"Reta";"Não";3;0;2;0;1;0;2;3;-18,726597;-39,85975;"SPRF-ES";"DEL04-ES";"UOP02-DEL04-ES"
245682;2019-10-28;"segunda-feira";"08:50:00";"CE";222;1,8;"FORTALEZA";"Falta de Atenção do Pedestre";"Atropelamento de Pedestre";"Com Vítimas Feridas";"Pleno dia";"Crescente";"Céu Claro";"Múltipla";"Reta";"Sim";3;0;1;0;1;1;1;2;-3,737804;-38,578061;"SPRF-CE";"DEL01-CE";"UOP01-DEL01-CE"
245683;2019-10-28;"segunda-feira";"08:25:00";"MS";262;323;"CAMPO GRANDE";"Falta de Atenção à Condução";"Colisão transversal";"Com Vítimas Feridas";"Pleno dia";"Decrescente";"Céu Claro";"Simples";"Reta";"Sim";2;0;1;1;0;0;2;2;-20,46901688;-54,506023;"SPRF-MS";"DEL01-MS";"UOP01-DEL01-MS"
245684;2019-10-28;"segunda-feira";"08:15:00";"RS";290;256,5;"CACHOEIRA DO SUL";"Desobediência às normas de trânsito pelo condutor";"Colisão transversal";"Com Vítimas Feridas";"Pleno dia";"Decrescente";"Nublado";"Simples";"Reta";"Não";3;0;0;1;2;0;1;2;-30,250671;-52,784885;"SPRF-RS";"DEL02-RS";"UOP02-DEL02-RS"
245685;2019-10-28;"segunda-feira";"08:15:00";"MT";70;277,5;"PRIMAVERA DO LESTE";"Ingestão de Álcool";"Colisão traseira";"Sem Vítimas";"Pleno dia";"Decrescente";"Céu Claro";"Dupla";"Reta";"Sim";2;0;0;0;2;0;0;2;-15,55755997;-54,27924156;"SPRF-MT";"DEL05-MT";"UOP01-DEL05-MT"
245687;2019-10-25;"sexta-feira";"15:10:00";"MG";356;266;"MURIAE";"Falta de Atenção à Condução";"Colisão lateral";"Com Vítimas Feridas";"Pleno dia";"Decrescente";"Céu Claro";"Simples";"Reta";"Não";2;0;1;0;1;0;1;2;-21,12842989;-42,36577034;"SPRF-MG";"DEL07-MG";"UOP02-DEL07-MG"
245688;2019-10-28;"segunda-feira";"09:00:00";"SC";470;1,8;"NAVEGANTES";"Falta de Atenção à Condução";"Colisão transversal";"Sem Vítimas";"Pleno dia";"Decrescente";"Garoa/Chuvisco";"Simples";"Em Obras";"Não";2;0;0;0;2;0;0;2;-26,875383;-48,668285;"SPRF-SC";"DEL04-SC";"UOP04-DEL04-SC"
245689;2019-10-26;"sábado";"21:20:00";"MG";262;130;"RIO CASCA";"Animais na Pista";"Atropelamento de Animal";"Com Vítimas Feridas";"Plena Noite";"Crescente";"Nublado";"Simples";"Curva";"Não";2;0;1;0;1;0;1;1;-20,155386;-42,69490205;"SPRF-MG";"DEL03-MG";"UOP03-DEL03-MG"
245692;2019-10-28;"segunda-feira";"08:10:00";"BA";116;387;"SANTA BARBARA";"Desobediência às normas de trânsito pelo condutor";"Colisão frontal";"Com Vítimas Feridas";"Pleno dia";"Crescente";"Céu Claro";"Simples";"Curva";"Não";2;0;0;1;1;0;1;2;-11,91778988;-38,9838843;"SPRF-BA";"DEL02-BA";"UOP01-DEL02-BA"
245693;2019-10-28;"segunda-feira";"09:20:00";"RS";392;16,4;"RIO GRANDE";"Falta de Atenção à Condução";"Colisão com objeto estático";"Com Vítimas Feridas";"Pleno dia";"Decrescente";"Céu Claro";"Simples";"Curva";"Sim";1;0;1;0;0;0;1;1;-32,1024397;-52,16347437;"SPRF-RS";"DEL07-RS";"UOP02-DEL07-RS"
245694;2019-10-28;"segunda-feira";"10:00:00";"MG";50;96;"UBERLANDIA";"Mal Súbito";"Saída de leito carroçável";"Com Vítimas Feridas";"Pleno dia";"Decrescente";"Nublado";"Dupla";"Reta";"Não";1;0;0;1;0;0;1;1;-19,10113604;-48,18109716;"SPRF-MG";"DEL15-MG";"UOP01-DEL15-MG"
245695;2019-10-28;"segunda-feira";"10:30:00";"PI";343;593;"FLORIANO";"Ingestão de Álcool";"Colisão traseira";"Com Vítimas Feridas";"Pleno dia";"Decrescente";"Céu Claro";"Simples";"Reta";"Não";2;0;1;0;1;0;1;2;-6,781913;-43,038273;"SPRF-PI";"DEL03-PI";"UOP01-DEL03-PI"
245700;2019-10-28;"segunda-feira";"10:30:00";"MS";267;477,8;"GUIA LOPES DA LAGUNA";"Desobediência às normas de trânsito pelo condutor";"Colisão transversal";"Com Vítimas Feridas";"Pleno dia";"Decrescente";"Céu Claro";"Simples";"Rotatória";"Sim";2;0;1;0;1;0;1;2;-21,45819111;-56,11965537;"SPRF-MS";"DEL05-MS";"UOP01-DEL05-MS"
245701;2019-10-28;"segunda-feira";"08:15:00";"SC";282;424,6;"VARGEM BONITA";"Pista Escorregadia";"Saída de leito carroçável";"Com Vítimas Feridas";"Pleno dia";"Decrescente";"Chuva";"Simples";"Curva";"Não";1;0;1;0;0;0;1;1;-26,988014;-51,753124;"SPRF-SC";"DEL07-SC";"UOP05-DEL07-SC"
245702;2019-10-28;"segunda-feira";"08:40:00";"SC";282;196,6;"LAGES";"Velocidade Incompatível";"Saída de leito carroçável";"Com Vítimas Feridas";"Pleno dia";"Decrescente";"Chuva";"Simples";"Reta";"Não";2;0;2;0;0;0;2;1;-27,750381;-50,094074;"SPRF-SC";"DEL05-SC";"UOP01-DEL05-SC"
245703;2019-10-28;"segunda-feira";"11:30:00";"PR";277;135;"CAMPO LARGO";"Falta de Atenção à Condução";"Colisão traseira";"Sem Vítimas";"Pleno dia";"Decrescente";"Nublado";"Dupla";"Reta";"Não";2;0;0;0;2;0;0;2;-25,44518045;-49,4985659;"SPRF-PR";"DEL01-PR";"UOP06-DEL01-PR"
245706;2019-10-28;"segunda-feira";"12:10:00";"SC";101;207,5;"SAO JOSE";"Falta de Atenção à Condução";"Colisão traseira";"Com Vítimas Feridas";"Pleno dia";"Crescente";"Nublado";"Múltipla";"Reta";"Sim";2;0;1;0;1;0;1;2;-27,60001226;-48,6226467;"SPRF-SC";"DEL01-SC";"UOP01-DEL01-SC"
245710;2019-10-28;"segunda-feira";"12:29:00";"SC";282;1,7;"FLORIANOPOLIS";"Desobediência às normas de trânsito pelo condutor";"Colisão traseira";"Com Vítimas Feridas";"Pleno dia";"Decrescente";"Céu Claro";"Múltipla";"Reta";"Sim";2;0;1;0;1;0;1;2;-27,602955;-48,580509;"SPRF-SC";"DEL01-SC";"UOP01-DEL01-SC"
245712;2019-10-28;"segunda-feira";"12:30:00";"RJ";116;226,3;"PIRAI";"Pista Escorregadia";"Tombamento";"Com Vítimas Feridas";"Pleno dia";"Crescente";"Céu Claro";"Dupla";"Curva";"Não";2;0;2;0;0;0;2;1;-22,67208078;-43,81789284;"SPRF-RJ";"DEL07-RJ";"UOP01-DEL07-RJ"
245713;2019-10-28;"segunda-feira";"11:30:00";"MT";364;462;"VARZEA GRANDE";"Defeito Mecânico no Veículo";"Saída de leito carroçável";"Com Vítimas Feridas";"Pleno dia";"Decrescente";"Céu Claro";"Simples";"Reta";"Não";2;0;2;0;0;0;2;1;-15,509686;-56,27137297;"SPRF-MT";"DEL01-MT";"DEL2/4-UOP02/MT"
245714;2019-10-28;"segunda-feira";"11:40:00";"MT";364;223;"RONDONOPOLIS";"Falta de Atenção à Condução";"Colisão com objeto estático";"Com Vítimas Feridas";"Pleno dia";"Decrescente";"Céu Claro";"Dupla";"Reta";"Não";3;0;1;0;2;0;1;1;-16,32388;-54,751218;"SPRF-MT";"DEL02-MT";"UOP01-DEL02-MT"
245715;2019-10-28;"segunda-feira";"13:40:00";"ES";101;299,8;"VIANA";"Falta de Atenção à Condução";"Saída de leito carroçável";"Com Vítimas Feridas";"Pleno dia";"Crescente";"Sol";"Múltipla";"Curva";"Sim";1;0;1;0;0;0;1;1;-20,35860628;-40,42327504;"SPRF-ES";"DEL01-ES";"UOP01-DEL01-ES"
245716;2019-10-28;"segunda-feira";"13:20:00";"PR";376;678;"GUARATUBA";"Condutor Dormindo";"Capotamento";"Com Vítimas Feridas";"Pleno dia";"Crescente";"Nublado";"Dupla";"Curva;Aclive";"Não";3;0;1;0;2;0;1;1;-25,94235196;-48,90906594;"SPRF-PR";"DEL01-PR";"UOP04-DEL01-PR"
245717;2019-10-28;"segunda-feira";"11:50:00";"MA";230;404,1;"BALSAS";"Falta de Atenção à Condução";"Colisão transversal";"Com Vítimas Feridas";"Pleno dia";"Crescente";"Céu Claro";"Simples";"Reta";"Sim";2;0;1;0;1;0;1;2;-7,52339895;-46,04122203;"SPRF-MA";"DEL05-MA";"UOP01-DEL05-MA"
245719;2019-10-28;"segunda-feira";"13:30:00";"BA";116;423;"FEIRA DE SANTANA";"Desobediência às normas de trânsito pelo condutor";"Colisão transversal";"Com Vítimas Feridas";"Pleno dia";"Crescente";"Céu Claro";"Simples";"Interseção de Vias";"Sim";2;0;1;0;1;0;1;2;-12,229301;-38,964527;"SPRF-BA";"DEL02-BA";"UOP01-DEL02-BA"
245720;2019-10-28;"segunda-feira";"10:30:00";"SC";282;311;"VARGEM";"Falta de Atenção à Condução";"Colisão lateral";"Com Vítimas Feridas";"Pleno dia";"Decrescente";"Nublado";"Simples";"Curva";"Não";2;0;1;0;1;0;1;2;-27,474283;-50,982262;"SPRF-SC";"DEL07-SC";"UOP06-DEL07-SC"
245722;2019-10-28;"segunda-feira";"13:10:00";"MG";40;726,7;"OLIVEIRA FORTES";"Velocidade Incompatível";"Colisão com objeto estático";"Com Vítimas Feridas";"Pleno dia";"Crescente";"Chuva";"Dupla";"Curva";"Não";1;0;1;0;0;0;1;1;-21,31059847;-43,60380204;"SPRF-MG";"DEL05-MG";"UOP01-DEL05-MG"
245723;2019-10-28;"segunda-feira";"13:50:00";"PR";476;124;"CURITIBA";"Velocidade Incompatível";"Colisão traseira";"Com Vítimas Feridas";"Pleno dia";"Crescente";"Nublado";"Dupla";"Reta;Declive";"Sim";5;0;1;0;4;0;1;5;-25,399845;-49,215855;"SPRF-PR";"DEL01-PR";"UOP07-DEL01-PR"
245724;2019-10-28;"segunda-feira";"14:20:00";"SC";101;338;"TUBARAO";"Desobediência às normas de trânsito pelo condutor";"Colisão transversal";"Com Vítimas Feridas";"Pleno dia";"Crescente";"Nublado";"Simples";"Interseção de Vias";"Sim";3;0;1;0;2;0;1;2;-28,485725;-49,03726;"SPRF-SC";"DEL02-SC";"UOP01-DEL02-SC"
245726;2019-10-28;"segunda-feira";"14:20:00";"RS";386;245,4;"SOLEDADE";"Falta de Atenção à Condução";"Colisão transversal";"Com Vítimas Feridas";"Pleno dia";"Decrescente";"Nublado";"Simples";"Interseção de Vias";"Sim";4;0;1;0;3;0;1;2;-28,80424754;-52,50711183;"SPRF-RS";"DEL04-RS";"UOP03-DEL04-RS"
245727;2019-10-28;"segunda-feira";"14:00:00";"RS";153;46;"ERECHIM";"Não guardar distância de segurança";"Colisão lateral";"Com Vítimas Feridas";"Pleno dia";"Decrescente";"Nublado";"Simples";"Reta";"Sim";5;0;1;0;4;0;1;2;-27,6394671;-52,24218389;"SPRF-RS";"DEL08-RS";"UOP04-DEL08-RS"
245729;2019-10-28;"segunda-feira";"13:30:00";"RS";386;192;"SANTO ANTONIO DO PLANALTO";"Falta de Atenção do Pedestre";"Atropelamento de Pedestre";"Com Vítimas Feridas";"Pleno dia";"Crescente";"Nublado";"Simples";"Rotatória";"Sim";2;0;0;1;1;0;1;2;-28,394838;-52,692043;"SPRF-RS";"DEL08-RS";"UOP01-DEL08-RS"
245731;2019-10-28;"segunda-feira";"14:45:00";"BA";116;400;"FEIRA DE SANTANA";"Desobediência às normas de trânsito pelo condutor";"Saída de leito carroçável";"Com Vítimas Feridas";"Pleno dia";"Decrescente";"Céu Claro";"Simples";"Reta";"Não";2;0;0;1;0;1;1;1;-12,06151301;-38,97014033;"SPRF-BA";"DEL02-BA";"UOP01-DEL02-BA"
245733;2019-10-28;"segunda-feira";"13:30:00";"MG";40;735;"SANTOS DUMONT";"Velocidade Incompatível";"Saída de leito carroçável";"Com Vítimas Feridas";"Pleno dia";"Decrescente";"Chuva";"Simples";"Curva";"Não";2;0;2;0;0;0;2;1;-21,37012696;-43,57558994;"SPRF-MG";"DEL05-MG";"UOP01-DEL05-MG"
245734;2019-10-28;"segunda-feira";"15:10:00";"RJ";393;124,9;"SAPUCAIA";"Falta de Atenção à Condução";"Tombamento";"Com Vítimas Feridas";"Pleno dia";"Decrescente";"Chuva";"Simples";"Reta";"Não";3;0;0;1;2;0;1;1;-21,94148988;-42,82319999;"SPRF-RJ";"DEL06-RJ";"UOP01-DEL05-RJ"
245735;2019-10-28;"segunda-feira";"13:00:00";"MG";267;120;"JUIZ DE FORA";"Velocidade Incompatível";"Colisão frontal";"Com Vítimas Feridas";"Pleno dia";"Crescente";"Chuva";"Simples";"Curva";"Não";3;0;1;2;0;0;3;2;-21,70442007;-43,46667202;"SPRF-MG";"DEL05-MG";"UOP01-DEL05-MG"
245736;2019-10-28;"segunda-feira";"14:40:00";"MG";40;825;"SIMAO PEREIRA";"Pista Escorregadia";"Colisão com objeto estático";"Com Vítimas Feridas";"Pleno dia";"Crescente";"Chuva";"Dupla";"Curva";"Não";1;0;1;0;0;0;1;1;-21,96689732;-43,29126511;"SPRF-MG";"DEL05-MG";"UOP01-DEL05-MG"
245737;2019-10-28;"segunda-feira";"10:00:00";"SC";280;95,5;"CORUPA";"Defeito Mecânico no Veículo";"Incêndio";"Sem Vítimas";"Pleno dia";"Crescente";"Céu Claro";"Simples";"Reta";"Não";1;0;0;0;1;0;0;1;-26,38583849;-49,30283476;"SPRF-SC";"DEL06-SC";"UOP03-DEL06-SC"
245738;2019-10-28;"segunda-feira";"15:55:00";"ES";262;4,8;"CARIACICA";"Desobediência às normas de trânsito pelo condutor";"Colisão lateral";"Com Vítimas Feridas";"Pleno dia";"Crescente";"Céu Claro";"Simples";"Reta";"Sim";2;0;1;0;1;0;1;2;-20,33609327;-40,37812784;"SPRF-ES";"DEL01-ES";"UOP01-DEL01-ES"
245739;2019-10-28;"segunda-feira";"16:00:00";"GO";60;284;"JANDAIA";"Pista Escorregadia";"Saída de leito carroçável";"Com Vítimas Feridas";"Pleno dia";"Decrescente";"Chuva";"Dupla";"Curva";"Não";2;0;0;2;0;0;2;1;-17,2652;-50,2308;"SPRF-GO";"DEL04-GO";"UOP01-DEL04-GO"
245742;2019-10-28;"segunda-feira";"16:05:00";"TO";153;722,5;"FIGUEIROPOLIS";"Velocidade Incompatível";"Colisão transversal";"Com Vítimas Feridas";"Pleno dia";"Decrescente";"Nublado";"Simples";"Reta";"Sim";1;0;0;1;0;0;1;1;-12,13719423;-49,16925477;"SPRF-TO";"DEL02-TO";"UOP02-DEL01-TO"
245743;2019-10-28;"segunda-feira";"15:45:00";"RJ";101;482;"ANGRA DOS REIS";"Defeito Mecânico no Veículo";"Incêndio";"Sem Vítimas";"Pleno dia";"Crescente";"Céu Claro";"Simples";"Reta";"Sim";1;0;0;0;1;0;0;1;-23,00453;-44,29746;"SPRF-RJ";"DEL03-RJ";"UOP03-DEL03-RJ"
245744;2019-10-28;"segunda-feira";"13:40:00";"MT";70;280,5;"PRIMAVERA DO LESTE";"Ultrapassagem Indevida";"Saída de leito carroçável";"Com Vítimas Feridas";"Pleno dia";"Crescente";"Céu Claro";"Simples";"Reta";"Não";3;0;1;0;2;0;1;1;-15,5628096;-54,2970162;"SPRF-MT";"DEL05-MT";"UOP01-DEL05-MT"
245746;2019-08-05;"segunda-feira";"19:00:00";"BA";324;623;"SALVADOR";"Falta de Atenção à Condução";"Colisão lateral";"Com Vítimas Feridas";"Plena Noite";"Crescente";"Nublado";"Dupla";"Curva";"Sim";3;0;2;0;0;1;2;2;-12,92906352;-38,46909384;"SPRF-BA";"DEL01-BA";"UOP01-DEL01-BA"
245747;2019-10-28;"segunda-feira";"07:15:00";"SC";282;23,6;"SANTO AMARO DA IMPERATRIZ";"Desobediência às normas de trânsito pelo condutor";"Queda de ocupante de veículo";"Com Vítimas Feridas";"Pleno dia";"Decrescente";"Nublado";"Simples";"Reta";"Sim";2;0;1;0;1;0;1;2;-27,687958;-48,736794;"SPRF-SC";"DEL01-SC";"UOP03-DEL01-SC"
245748;2019-10-28;"segunda-feira";"15:15:00";"MS";359;532;"LADARIO";"Desobediência às normas de trânsito pelo condutor";"Colisão lateral";"Com Vítimas Feridas";"Pleno dia";"Decrescente";"Céu Claro";"Simples";"Curva";"Não";3;0;2;0;1;0;2;2;-19,06612518;-57,62025788;"SPRF-MS";"N/A";"N/A"
245749;2019-10-28;"segunda-feira";"12:00:00";"RJ";101;332;"RIO DE JANEIRO";"Falta de Atenção à Condução";"Colisão traseira";"Com Vítimas Feridas";"Pleno dia";"Decrescente";"Céu Claro";"Dupla";"Reta";"Sim";2;0;1;0;1;0;1;2;-22,87133305;-43,20407695;"SPRF-RJ";"DEL02-RJ";"UOP02-DEL02-RJ"
245752;2019-10-28;"segunda-feira";"16:40:00";"PR";467;92;"CASCAVEL";"Velocidade Incompatível";"Saída de leito carroçável";"Com Vítimas Feridas";"Pleno dia";"Crescente";"Céu Claro";"Dupla";"Curva";"Não";1;0;1;0;0;0;1;1;-24,8543;-53,5952;"SPRF-PR";"DEL04-PR";"UOP01-DEL04-PR"