"id";"data_inversa";"dia_semana";"horario";"uf";"br";"km";"municipio";"causa_acidente";"tipo_acidente";"classificacao_acidente";"fase_dia";"sentido_via";"condicao_metereologica";"tipo_pista";"tracado_via";"uso_solo";"pessoas";"mortos";"feridos_leves";"feridos_graves";"ilesos";"ignorados";"feridos";"veiculos";"latitude";"longitude";"regional";"delegacia";"uop"
245753;2019-09-22;"domingo";"09:00:00";"RJ";493;4;"ITABORAI";"Falta de Atenção à Condução";"Saída de leito carroçável";"Com Vítimas Feridas";"Pleno dia";"Crescente";"Chuva";"Simples";"Desvio Temporário";"Não";1;0;1;0;0;0;1;1;-22,74828913;-42,9500441;"SPRF-RJ";"DEL02-RJ";"UOP02-DEL02-RJ"
245754;2019-10-28;"segunda-feira";"16:55:00";"SP";116;187,9;"SANTA ISABEL";"Falta de Atenção à Condução";"Tombamento";"Com Vítimas Feridas";"Pleno dia";"Crescente";"Sol";"Dupla";"Reta";"Não";2;0;2;0;0;0;2;1;-23,35713072;-46,20737811;"SPRF-SP";"DEL02-SP";"UOP01-DEL02-SP"
245755;2019-10-28;"segunda-feira";"16:40:00";"DF";80;17;"BRASILIA";"Falta de Atenção à Condução";"Colisão com objeto estático";"Sem Vítimas";"Pleno dia";"Crescente";"Céu Claro";"Dupla";"Reta";"Sim";1;0;0;0;1;0;0;1;-15,692071;-48,205139;"SPRF-DF";"DEL01-DF";"UOP02-DEL03-DF"
245756;2019-10-28;"segunda-feira";"14:20:00";"PR";277;669;"MEDIANEIRA";"Não guardar distância de segurança";"Queda de ocupante de veículo";"Com Vítimas Feridas";"Pleno dia";"Decrescente";"Céu Claro";"Dupla";"Reta";"Sim";1;0;0;1;0;0;1;1;-25,27562214;-54,0709859;"SPRF-PR";"DEL05-PR";"UOP02-DEL05-PR"
245757;2019-10-28;"segunda-feira";"13:45:00";"RJ";101;271;"TANGUA";"Condutor Dormindo";"Saída de leito carroçável";"Com Vítimas Feridas";"Pleno dia";"Crescente";"Céu Claro";"Dupla";"Reta";"Sim";4;0;3;0;1;0;3;1;-22,72443147;-42,69368143;"SPRF-RJ";"DEL02-RJ";"UOP03-DEL02-RJ"
245758;2019-10-28;"segunda-feira";"15:30:00";"RJ";40;13;"TRES RIOS";"Pista Escorregadia";"Colisão com objeto estático";"Com Vítimas Feridas";"Pleno dia";"Crescente";"Nublado";"Dupla";"Curva";"Não";2;0;1;0;1;0;1;1;-22,06389311;-43,19613917;"SPRF-RJ";"DEL06-RJ";"UOP02-DEL05-RJ"
245760;2019-10-28;"segunda-feira";"17:00:00";"MG";40;462,7;"SETE LAGOAS";"Velocidade Incompatível";"Capotamento";"Com Vítimas Fatais";"Pleno dia";"Crescente";"Chuva";"Dupla";"Curva";"Não";5;1;1;3;0;0;4;1;-19,4136917;-44,33879427;"SPRF-MG";"DEL02-MG";"UOP01-DEL02-MG"
245761;2019-10-28;"segunda-feira";"17:15:00";"SC";101;216,2;"PALHOCA";"Não guardar distância de segurança";"Colisão traseira";"Com Vítimas Feridas";"Pleno dia";"Crescente";"Céu Claro";"Múltipla";"Reta";"Sim";3;0;1;0;2;0;1;3;-27,65981409;-48,67747798;"SPRF-SC";"DEL01-SC";"UOP02-DEL01-SC"
245762;2019-10-28;"segunda-feira";"17:25:00";"BA";324;622;"SALVADOR";"Defeito na Via";"Queda de ocupante de veículo";"Com Vítimas Feridas";"Pleno dia";"Decrescente";"Céu Claro";"Dupla";"Interseção de Vias";"Sim";1;0;1;0;0;0;1;1;-12,91888605;-38,46502095;"SPRF-BA";"DEL01-BA";"UOP01-DEL01-BA"
245763;2019-10-28;"segunda-feira";"12:45:00";"SC";280;259,6;"CANOINHAS";"Falta de Atenção à Condução";"Colisão frontal";"Com Vítimas Fatais";"Pleno dia";"Crescente";"Céu Claro";"Simples";"Reta";"Não";3;1;0;0;2;0;0;2;-26,26285061;-50,62826397;"SPRF-SC";"DEL06-SC";"UOP04-DEL06-SC"
245764;2019-10-28;"segunda-feira";"17:25:00";"SP";116;154;"SAO JOSE DOS CAMPOS";"Não guardar distância de segurança";"Queda de ocupante de veículo";"Com Vítimas Feridas";"Anoitecer";"Crescente";"Céu Claro";"Múltipla";"Interseção de Vias";"Sim";1;0;0;1;0;0;1;1;-23,23903999;-45,92061901;"SPRF-SP";"DEL02-SP";"UOP01-DEL02-SP"
245765;2019-10-28;"segunda-feira";"18:00:00";"PE";232;24,3;"MORENO";"Falta de Atenção do Pedestre";"Atropelamento de Pedestre";"Com Vítimas Fatais";"Plena Noite";"Crescente";"Céu Claro";"Dupla";"Reta";"Sim";2;1;0;0;1;0;0;2;-8,107569;-35,104812;"SPRF-PE";"DEL01-PE";"UOP02-DEL02PE"
245767;2019-10-28;"segunda-feira";"18:00:00";"RJ";116;183;"NOVA IGUACU";"Falta de Atenção à Condução";"Engavetamento";"Com Vítimas Feridas";"Plena Noite";"Decrescente";"Nublado";"Dupla";"Reta";"Sim";3;0;1;0;2;0;1;3;-22,7516014;-43,43849831;"SPRF-RJ";"DEL01-RJ";"UOP02-DEL01-RJ"
245768;2019-10-28;"segunda-feira";"18:30:00";"GO";40;120;"CRISTALINA";"Falta de Atenção à Condução";"Saída de leito carroçável";"Sem Vítimas";"Plena Noite";"Decrescente";"Céu Claro";"Dupla";"Reta";"Não";1;0;0;0;1;0;0;1;-16,859796;-47,422047;"SPRF-DF";"DEL01-DF";"UOP02-DEL01-DF"
245769;2019-10-28;"segunda-feira";"17:30:00";"RO";364;339;"JI-PARANA";"Não guardar distância de segurança";"Colisão traseira";"Com Vítimas Feridas";"Pleno dia";"Decrescente";"Sol";"Simples";"Interseção de Vias";"Sim";3;0;2;0;1;0;2;2;-10,907816;-61,93017402;"SPRF-RO";"DEL02-RO";"UOP01-DEL02-RO"
245771;2019-10-28;"segunda-feira";"17:20:00";"PR";277;96;"CURITIBA";"Desobediência às normas de trânsito pelo condutor";"Colisão frontal";"Com Vítimas Feridas";"Anoitecer";"Crescente";"Céu Claro";"Dupla";"Reta";"Sim";2;0;2;0;0;0;2;2;-25,54577186;-49,29537197;"SPRF-PR";"DEL01-PR";"UOP06-DEL01-PR"
245773;2019-10-28;"segunda-feira";"17:00:00";"MS";60;572;"GUIA LOPES DA LAGUNA";"Defeito Mecânico no Veículo";"Saída de leito carroçável";"Com Vítimas Feridas";"Pleno dia";"Crescente";"Céu Claro";"Simples";"Curva";"Não";2;0;2;0;0;0;2;1;-21,35989799;-56,00453409;"SPRF-MS";"DEL05-MS";"UOP01-DEL05-MS"
245774;2019-10-28;"segunda-feira";"18:08:00";"GO";60;48;"APARECIDA DE GOIANIA";"Defeito Mecânico no Veículo";"Colisão traseira";"Com Vítimas Feridas";"Anoitecer";"Decrescente";"Nublado";"Dupla";"Reta";"Não";2;0;1;0;1;0;1;2;-16,8101;-49,2397;"SPRF-GO";"DEL01-GO";"UOP03-DEL01-GO"
245777;2019-10-28;"segunda-feira";"18:50:00";"RJ";101;323;"NITEROI";"Falta de Atenção à Condução";"Colisão traseira";"Com Vítimas Feridas";"Anoitecer";"Decrescente";"Céu Claro";"Dupla";"Reta";"Sim";2;0;1;0;1;0;1;2;-22,87684786;-43,11728689;"SPRF-RJ";"DEL02-RJ";"UOP02-DEL02-RJ"
245778;2019-10-28;"segunda-feira";"18:45:00";"GO";20;90;"VILA BOA";"Velocidade Incompatível";"Saída de leito carroçável";"Com Vítimas Fatais";"Anoitecer";"Crescente";"Nublado";"Simples";"Reta";"Não";1;1;0;0;0;0;0;1;-15,02026;-47,046417;"SPRF-DF";"DEL02-DF";"UOP01-DEL02-DF"
245780;2019-10-28;"segunda-feira";"19:40:00";"PR";277;592,1;"CASCAVEL";"Desobediência às normas de trânsito pelo condutor";"Colisão transversal";"Com Vítimas Feridas";"Plena Noite";"Crescente";"Céu Claro";"Simples";"Reta";"Não";2;0;1;0;1;0;1;2;-24,98285697;-53,47319399;"SPRF-PR";"DEL04-PR";"UOP01-DEL04-PR"
245782;2019-10-28;"segunda-feira";"18:30:00";"ES";262;71;"MARECHAL FLORIANO";"Ingestão de Álcool";"Colisão frontal";"Com Vítimas Feridas";"Plena Noite";"Decrescente";"Nublado";"Simples";"Reta";"Sim";5;0;0;1;4;0;1;2;-20,4202155;-40,87402784;"SPRF-ES";"DEL01-ES";"UOP02-DEL01-ES"
245783;2019-10-28;"segunda-feira";"19:05:00";"RN";101;81,7;"SAO GONCALO DO AMARANTE";"Desobediência às normas de trânsito pelo condutor";"Colisão transversal";"Com Vítimas Feridas";"Plena Noite";"Crescente";"Nublado";"Dupla";"Reta";"Sim";2;0;1;0;1;0;1;2;-5,76423232;-35,28470635;"SPRF-RN";"DEL02-RN";"UOP01-DEL02-RN"
245785;2019-10-28;"segunda-feira";"19:20:00";"ES";101;266;"SERRA";"Não guardar distância de segurança";"Colisão traseira";"Com Vítimas Feridas";"Plena Noite";"Crescente";"Céu Claro";"Dupla";"Reta";"Sim";2;0;1;0;1;0;1;2;-20,190199;-40,26828891;"SPRF-ES";"DEL02-ES";"UOP01-DEL02-ES"
245786;2019-10-28;"segunda-feira";"20:00:00";"PE";101;56,5;"PAULISTA";"Desobediência às normas de trânsito pelo condutor";"Colisão frontal";"Com Vítimas Feridas";"Plena Noite";"Crescente";"Céu Claro";"Dupla";"Reta";"Não";3;0;1;1;1;0;2;2;-7,9554509;-34,91140727;"SPRF-PE";"DEL01-PE";"UOP02-DEL01-PE"
245787;2019-10-28;"segunda-feira";"18:35:00";"PR";369;56;"BANDEIRANTES";"Desobediência às normas de trânsito pelo condutor";"Colisão transversal";"Com Vítimas Feridas";"Anoitecer";"Crescente";"Nublado";"Simples";"Reta;Declive";"Sim";3;0;0;1;1;1;1;3;-23,109733;-50,370965;"SPRF-PR";"DEL07-PR";"UOP05-DEL07-PR"
245788;2019-10-28;"segunda-feira";"17:30:00";"SC";282;156,7;"BOM RETIRO";"Falta de Atenção à Condução";"Saída de leito carroçável";"Com Vítimas Feridas";"Pleno dia";"Crescente";"Céu Claro";"Simples";"Aclive;Reta";"Não";1;0;1;0;0;0;1;1;-27,746881;-49,715881;"SPRF-SC";"DEL05-SC";"UOP01-DEL05-SC"
245789;2019-10-28;"segunda-feira";"20:20:00";"SP";116;209;"GUARULHOS";"Não guardar distância de segurança";"Colisão traseira";"Com Vítimas Feridas";"Plena Noite";"Decrescente";"Céu Claro";"Simples";"Reta";"Não";3;0;1;0;2;0;1;2;-23,42511799;-46,40221101;"SPRF-SP";"DEL01-SP";"UOP01-DEL01-SP"
245792;2019-10-28;"segunda-feira";"19:30:00";"PR";277;0,8;"PARANAGUA";"Falta de Atenção à Condução";"Colisão transversal";"Com Vítimas Feridas";"Plena Noite";"Decrescente";"Nublado";"Simples";"Reta";"Sim";4;0;0;1;3;0;1;2;-25,568198;-48,615292;"SPRF-PR";"DEL01-PR";"UOP05-DEL01-PR"
245793;2019-10-28;"segunda-feira";"17:30:00";"BA";110;400;"SAO SEBASTIAO DO PASSE";"Desobediência às normas de trânsito pelo condutor";"Colisão transversal";"Com Vítimas Feridas";"Anoitecer";"Crescente";"Céu Claro";"Simples";"Reta";"Não";2;0;2;0;0;0;2;2;-12,50766107;-38,49626949;"SPRF-BA";"DEL01-BA";"UOP01-DEL01-BA"
245795;2019-10-28;"segunda-feira";"21:10:00";"ES";101;291,1;"CARIACICA";"Desobediência às normas de trânsito pelo condutor";"Colisão frontal";"Com Vítimas Feridas";"Pleno dia";"Decrescente";"Céu Claro";"Dupla";"Reta";"Sim";3;0;2;0;1;0;2;2;-20,2997777;-40,39521131;"SPRF-ES";"DEL01-ES";"UOP01-DEL01-ES"
245798;2019-10-28;"segunda-feira";"18:30:00";"BA";242;365,1;"LENCOIS";"Não guardar distância de segurança";"Colisão com objeto em movimento";"Com Vítimas Feridas";"Plena Noite";"Decrescente";"Céu Claro";"Simples";"Reta";"Não";1;0;0;1;0;0;1;1;-12,46473057;-41,43016112;"SPRF-BA";"DEL06-BA";"UOP01-DEL06-BA"
245799;2019-10-28;"segunda-feira";"20:00:00";"MG";262;657;"IBIA";"Agressão Externa";"Tombamento";"Sem Vítimas";"Plena Noite";"Crescente";"Céu Claro";"Simples";"Reta";"Não";1;0;0;0;1;0;0;1;-19,5767773;-46,69062487;"SPRF-MG";"DEL08-MG";"UOP01-DEL08-MG"
245803;2019-10-28;"segunda-feira";"22:30:00";"PR";476;119;"COLOMBO";"Ingestão de Álcool";"Colisão traseira";"Sem Vítimas";"Plena Noite";"Crescente";"Céu Claro";"Dupla";"Reta";"Sim";3;0;0;0;3;0;0;3;-25,36907409;-49,18931544;"SPRF-PR";"DEL01-PR";"UOP07-DEL01-PR"
245804;2019-10-28;"segunda-feira";"23:00:00";"PE";104;97,3;"CUPIRA";"Animais na Pista";"Atropelamento de Animal";"Com Vítimas Feridas";"Plena Noite";"Crescente";"Nublado";"Simples";"Reta";"Não";3;0;2;0;1;0;2;2;-8,539489;-35,936028;"SPRF-PE";"DEL02-PE";"UOP01-DEL02-PE"
245806;2019-10-28;"segunda-feira";"22:40:00";"MG";40;277;"TRES MARIAS";"Ingestão de Álcool";"Queda de ocupante de veículo";"Com Vítimas Feridas";"Plena Noite";"Decrescente";"Céu Claro";"Simples";"Reta;Declive";"Não";2;0;0;1;1;0;1;1;-18,21264695;-45,22480595;"SPRF-MG";"DEL14-MG";"UOP02-DEL14-MG"
245807;2019-10-28;"segunda-feira";"22:55:00";"RJ";116;189;"QUEIMADOS";"Desobediência às normas de trânsito pelo condutor";"Colisão traseira";"Com Vítimas Feridas";"Plena Noite";"Crescente";"Céu Claro";"Dupla";"Reta";"Não";2;0;1;0;1;0;1;2;-22,73765712;-43,49182298;"SPRF-RJ";"DEL01-RJ";"UOP02-DEL01-RJ"
245809;2019-10-29;"terça-feira";"00:00:00";"RJ";356;150,4;"CAMPOS DOS GOYTACAZES";"Animais na Pista";"Atropelamento de Animal";"Com Vítimas Feridas";"Plena Noite";"Crescente";"Nublado";"Simples";"Curva";"Não";1;0;1;0;0;0;1;1;-21,7669881;-41,266802083;"SPRF-RJ";"DEL08-RJ";"UOP02-DEL08-RJ"
245810;2019-10-28;"segunda-feira";"17:20:00";"RJ";101;292;"ITABORAI";"Defeito Mecânico no Veículo";"Queda de ocupante de veículo";"Com Vítimas Feridas";"Pleno dia";"Crescente";"Céu Claro";"Dupla";"Reta";"Sim";2;0;1;0;1;0;1;1;-22,76038215;-42,87856408;"SPRF-RJ";"DEL02-RJ";"UOP03-DEL02-RJ"
245811;2019-09-09;"segunda-feira";"18:25:00";"AC";364;130;"RIO BRANCO";"Animais na Pista";"Queda de ocupante de veículo";"Com Vítimas Feridas";"Plena Noite";"Crescente";"Céu Claro";"Simples";"Reta";"Não";1;0;0;1;0;0;1;1;-10,02435454;-67,83672452;"SPRF-AC";"DEL01-AC";"UOP01-DEL01-AC"
245812;2019-10-28;"segunda-feira";"23:50:00";"GO";40;10,9;"LUZIANIA";"Desobediência às normas de trânsito pelo condutor";"Queda de ocupante de veículo";"Com Vítimas Feridas";"Plena Noite";"Crescente";"Céu Claro";"Dupla";"Reta";"Sim";2;0;1;0;1;0;1;2;-16,131285;-47,957923;"SPRF-DF";"DEL01-DF";"UOP01-DEL01-DF"
245813;2019-10-28;"segunda-feira";"22:10:00";"MT";174;290;"PONTES E LACERDA";"Falta de Atenção à Condução";"Colisão transversal";"Com Vítimas Feridas";"Plena Noite";"Crescente";"Céu Claro";"Simples";"Reta";"Não";2;0;0;1;1;0;1;2;-15,23153636;-59,31791419;"SPRF-MT";"DEL04-MT";"UOP01-DEL04-MT"
245816;2019-10-28;"segunda-feira";"23:50:00";"ES";101;267,9;"SERRA";"Falta de Atenção à Condução";"Queda de ocupante de veículo";"Com Vítimas Feridas";"Amanhecer";"Decrescente";"Céu Claro";"Múltipla";"Reta";"Sim";1;0;1;0;0;0;1;1;-20,19930999;-40,26884609;"SPRF-ES";"DEL02-ES";"UOP01-DEL02-ES"
245817;2019-10-29;"terça-feira";"02:10:00";"SC";101;115;"ITAJAI";"Sinalização da via insuficiente ou inadequada";"Queda de ocupante de veículo";"Com Vítimas Feridas";"Plena Noite";"Crescente";"Nublado";"Dupla";"Reta";"Não";1;0;1;0;0;0;1;1;-26,87064015;-48,72954134;"SPRF-SC";"DEL04-SC";"UOP04-DEL04-SC"
245818;2019-10-20;"domingo";"06:00:00";"RS";116;40,3;"VACARIA";"Desobediência às normas de trânsito pelo condutor";"Colisão transversal";"Com Vítimas Feridas";"Amanhecer";"Decrescente";"Céu Claro";"Simples";"Interseção de Vias";"Sim";3;0;2;0;1;0;2;2;-28,51839098;-50,93942202;"SPRF-RS";"DEL05-RS";"UOP03-DEL05-RS"
245821;2019-10-29;"terça-feira";"04:00:00";"SP";116;228,1;"SAO PAULO";"Falta de Atenção do Pedestre";"Atropelamento de Pedestre";"Com Vítimas Fatais";"Plena Noite";"Decrescente";"Céu Claro";"Múltipla";"Declive";"Sim";2;1;0;0;0;1;0;2;-23,50343484;-46,56638712;"SPRF-SP";"DEL01-SP";"UOP01-DEL01-SP"
245822;2019-10-29;"terça-feira";"04:31:00";"GO";40;130;"CRISTALINA";"Condutor Dormindo";"Saída de leito carroçável";"Com Vítimas Feridas";"Plena Noite";"Decrescente";"Céu Claro";"Dupla";"Curva";"Não";1;0;1;0;0;0;1;1;-16,82261661;-47,27760315;"SPRF-DF";"DEL01-DF";"UOP02-DEL01-DF"
245825;2019-10-29;"terça-feira";"04:35:00";"RS";116;269;"CANOAS";"Falta de Atenção à Condução";"Colisão com objeto estático";"Sem Vítimas";"Plena Noite";"Decrescente";"Céu Claro";"Múltipla";"Reta";"Sim";1;0;0;0;0;1;0;1;-29,95942501;-51,17608515;"SPRF-RS";"DEL01-RS";"UOP01-DEL01-RS"
245828;2019-10-29;"terça-feira";"05:50:00";"PE";408;89;"SAO LOURENCO DA MATA";"Falta de Atenção à Condução";"Colisão traseira";"Com Vítimas Feridas";"Amanhecer";"Crescente";"Céu Claro";"Dupla";"Reta";"Não";2;0;1;0;1;0;1;2;-7,98149086;-35,08112279;"SPRF-PE";"DEL01-PE";"UOP01-DEL01-PE"
245831;2019-10-29;"terça-feira";"06:10:00";"DF";70;4,2;"BRASILIA";"Falta de Atenção à Condução";"Colisão lateral";"Com Vítimas Feridas";"Pleno dia";"Decrescente";"Céu Claro";"Dupla";"Reta";"Sim";2;0;1;0;1;0;1;2;-15,798115;-48,089317;"SPRF-DF";"DEL01-DF";"UOP02-DEL03-DF"
245833;2019-10-29;"terça-feira";"06:00:00";"MG";40;778,3;"JUIZ DE FORA";"Condutor Dormindo";"Saída de leito carroçável";"Com Vítimas Feridas";"Pleno dia";"Crescente";"Céu Claro";"Dupla";"Curva";"Não";1;0;1;0;0;0;1;1;-21,66781291;-43,43631526;"SPRF-MG";"DEL05-MG";"UOP01-DEL05-MG"
245834;2019-10-29;"terça-feira";"05:35:00";"RS";290;90,5;"PORTO ALEGRE";"Falta de Atenção à Condução";"Saída de leito carroçável";"Com Vítimas Feridas";"Pleno dia";"Decrescente";"Nublado";"Simples";"Reta";"Não";1;0;1;0;0;0;1;1;-29,968319;-51,157398;"SPRF-RS";"DEL01-RS";"UOP01-DEL01-RS"
245835;2019-10-29;"terça-feira";"07:00:00";"PI";343;7,8;"PARNAIBA";"Falta de Atenção à Condução";"Colisão transversal";"Com Vítimas Feridas";"Pleno dia";"Decrescente";"Céu Claro";"Simples";"Reta";"Sim";2;0;1;0;1;0;1;2;-2,89908305;-41,72158957;"SPRF-PI";"DEL05-PI";"UOP01-DEL05-PI"
245836;2019-10-29;"terça-feira";"07:00:00";"DF";40;7,6;"BRASILIA";"Falta de Atenção à Condução";"Colisão lateral";"Com Vítimas Feridas";"Pleno dia";"Decrescente";"Sol";"Dupla";"Reta";"Sim";4;0;0;1;3;0;1;2;-16,038666;-47,979691;"SPRF-DF";"DEL01-DF";"UOP01-DEL01-DF"
245837;2019-10-29;"terça-feira";"06:40:00";"DF";70;17;"BRASILIA";"Falta de Atenção à Condução";"Queda de ocupante de veículo";"Com Vítimas Feridas";"Pleno dia";"Decrescente";"Céu Claro";"Dupla";"Reta";"Não";2;0;2;0;0;0;2;1;-15,794133;-48,202095;"SPRF-DF";"DEL01-DF";"UOP02-DEL03-DF"
245839;2019-10-29;"terça-feira";"06:50:00";"SC";101;211;"PALHOCA";"Desobediência às normas de trânsito pelo condutor";"Colisão lateral";"Com Vítimas Feridas";"Pleno dia";"Crescente";"Céu Claro";"Dupla";"Reta";"Sim";2;0;1;0;1;0;1;2;-27,62329313;-48,65245588;"SPRF-SC";"DEL01-SC";"UOP02-DEL01-SC"
245840;2019-10-29;"terça-feira";"06:30:00";"MG";116;224,9;"TEOFILO OTONI";"Condutor Dormindo";"Saída de leito carroçável";"Com Vítimas Feridas";"Pleno dia";"Crescente";"Céu Claro";"Simples";"Curva;Aclive";"Não";2;0;1;0;1;0;1;1;-17,4396431;-41,51145911;"SPRF-MG";"DEL11-MG";"UOP01-DEL11-MG"
245841;2019-10-29;"terça-feira";"07:20:00";"SC";101;202,7;"SAO JOSE";"Desobediência às normas de trânsito pelo condutor";"Colisão lateral";"Com Vítimas Feridas";"Pleno dia";"Crescente";"Sol";"Múltipla";"Reta";"Sim";3;0;2;0;1;0;2;2;-27,56181374;-48,61654043;"SPRF-SC";"DEL01-SC";"UOP01-DEL01-SC"
245842;2019-10-29;"terça-feira";"01:15:00";"SP";488;1,3;"APARECIDA";"Velocidade Incompatível";"Colisão com objeto estático";"Sem Vítimas";"Plena Noite";"Decrescente";"Ignorado";"Dupla";"Rotatória";"Sim";1;0;0;0;1;0;0;1;-22,850164;-45,231808;"SPRF-SP";"DEL08-SP";"UOP01-DEL08-SP"
245843;2019-10-29;"terça-feira";"07:15:00";"RS";290;105;"ELDORADO DO SUL";"Desobediência às normas de trânsito pelo pedestre";"Atropelamento de Pedestre";"Sem Vítimas";"Pleno dia";"Decrescente";"Nublado";"Dupla";"Reta";"Sim";2;0;0;0;2;0;0;2;-29,99608;-51,285023;"SPRF-RS";"DEL02-RS";"UOP01-DEL02-RS"
245846;2019-10-29;"terça-feira";"07:30:00";"CE";116;16,4;"EUSEBIO";"Falta de Atenção à Condução";"Colisão lateral";"Com Vítimas Feridas";"Pleno dia";"Decrescente";"Sol";"Dupla";"Reta;Declive";"Sim";3;0;0;1;1;1;1;3;-3,89123524;-38,50207156;"SPRF-CE";"DEL01-CE";"UOP02-DEL01-CE"
245847;2019-10-29;"terça-feira";"07:00:00";"PR";116;117;"CURITIBA";"Falta de Atenção à Condução";"Queda de ocupante de veículo";"Com Vítimas Feridas";"Pleno dia";"Decrescente";"Céu Claro";"Simples";"Curva";"Sim";1;0;1;0;0;0;1;1;-25,54988723;-49,28248211;"SPRF-PR";"DEL01-PR";"UOP03-DEL01-PR"
245848;2019-10-29;"terça-feira";"07:00:00";"RS";116;245;"SAO LEOPOLDO";"Falta de Atenção à Condução";"Queda de ocupante de veículo";"Com Vítimas Feridas";"Pleno dia";"Crescente";"Nublado";"Múltipla";"Reta";"Sim";1;0;1;0;0;0;1;1;-29,74980902;-51,15125361;"SPRF-RS";"DEL01-RS";"UOP02-DEL01-RS"
245851;2019-10-29;"terça-feira";"07:30:00";"RJ";393;280,3;"VOLTA REDONDA";"Falta de Atenção à Condução";"Queda de ocupante de veículo";"Com Vítimas Feridas";"Pleno dia";"Crescente";"Nublado";"Dupla";"Reta";"Sim";1;0;1;0;0;0;1;1;-22,47508022;-43,9983672;"SPRF-RJ";"DEL05-RJ";"UOP04-DEL05-RJ"
245852;2019-10-29;"terça-feira";"08:00:00";"PR";116;115;"CURITIBA";"Falta de Atenção do Pedestre";"Atropelamento de Pedestre";"Com Vítimas Feridas";"Pleno dia";"Decrescente";"Céu Claro";"Dupla";"Reta";"Sim";3;0;2;0;1;0;2;3;-25,55953326;-49,26560414;"SPRF-PR";"DEL01-PR";"UOP06-DEL01-PR"
245853;2019-10-29;"terça-feira";"06:20:00";"ES";101;66,2;"SAO MATEUS";"Falta de Atenção à Condução";"Queda de ocupante de veículo";"Com Vítimas Feridas";"Pleno dia";"Decrescente";"Céu Claro";"Simples";"Interseção de Vias";"Sim";1;0;0;1;0;0;1;1;-18,7165195;-39,87436378;"SPRF-ES";"DEL04-ES";"UOP02-DEL04-ES"
245854;2019-10-29;"terça-feira";"08:00:00";"RJ";40;109;"DUQUE DE CAXIAS";"Não guardar distância de segurança";"Colisão traseira";"Com Vítimas Feridas";"Pleno dia";"Crescente";"Céu Claro";"Múltipla";"Reta";"Não";2;0;1;0;1;0;1;2;-22,67134286;-43,28585386;"SPRF-RJ";"DEL01-RJ";"UOP01-DEL01-RJ"
245856;2019-10-29;"terça-feira";"08:10:00";"MG";40;523,6;"CONTAGEM";"Falta de Atenção do Pedestre";"Atropelamento de Pedestre";"Com Vítimas Feridas";"Pleno dia";"Decrescente";"Céu Claro";"Dupla";"Reta";"Sim";2;0;0;1;1;0;1;2;-19,87496355;-44,05375957;"SPRF-MG";"DEL01-MG";"UOP02-DEL01-MG"
245859;2019-10-29;"terça-feira";"07:00:00";"PR";116;17;"COLOMBO";"Falta de Atenção à Condução";"Colisão traseira";"Com Vítimas Feridas";"Pleno dia";"Crescente";"Sol";"Dupla";"Reta";"Sim";5;0;1;0;4;0;1;5;-25,389;-49,1867;"SPRF-PR";"DEL01-PR";"UOP01-DEL01-PR"
245860;2019-10-29;"terça-feira";"06:55:00";"RN";427;100,2;"CAICO";"Falta de Atenção à Condução";"Colisão transversal";"Com Vítimas Feridas";"Pleno dia";"Crescente";"Céu Claro";"Simples";"Reta";"Sim";2;0;1;0;1;0;1;2;-6,46080976;-37,10724015;"SPRF-RN";"DEL03-RN";"UOP01-DEL03-RN"
245862;2019-10-29;"terça-feira";"08:45:00";"RN";101;96;"NATAL";"Não guardar distância de segurança";"Colisão lateral";"Com Vítimas Feridas";"Pleno dia";"Decrescente";"Céu Claro";"Dupla";"Reta";"Sim";2;0;0;1;1;0;1;2;-5,84949622;-35,20890752;"SPRF-RN";"DEL01-RN";"UOP01-DEL01-RN"
245864;2019-10-29;"terça-feira";"08:30:00";"CE";116;2,7;"FORTALEZA";"Falta de Atenção à Condução";"Colisão lateral";"Com Vítimas Feridas";"Pleno dia";"Decrescente";"Céu Claro";"Múltipla";"Reta";"Sim";2;0;1;0;1;0;1;2;-3,77019802;-38,51724508;"SPRF-CE";"DEL01-CE";"UOP02-DEL01-CE"
245866;2019-10-29;"terça-feira";"07:30:00";"MT";163;839;"SINOP";"Falta de Atenção à Condução";"Colisão transversal";"Sem Vítimas";"Pleno dia";"Crescente";"Sol";"Dupla";"Retorno Regulamentado";"Sim";1;0;0;0;0;1;0;1;-11,951051;-55,516876;"SPRF-MT";"DEL06-MT";"UOP02-DEL06-MT"
245870;2019-10-29;"terça-feira";"09:35:00";"SC";101;196;"BIGUACU";"Avarias e/ou desgaste excessivo no pneu";"Tombamento";"Com Vítimas Feridas";"Pleno dia";"Decrescente";"Céu Claro";"Múltipla";"Reta";"Sim";2;0;1;0;1;0;1;1;-27,51101091;-48,64322292;"SPRF-SC";"DEL01-SC";"UOP01-DEL01-SC"
245873;2019-10-29;"terça-feira";"09:45:00";"PB";230;9;"CABEDELO";"Não guardar distância de segurança";"Colisão traseira";"Com Vítimas Feridas";"Pleno dia";"Decrescente";"Céu Claro";"Dupla";"Reta";"Sim";2;0;1;0;1;0;1;2;-7,0433;-34,8466;"SPRF-PB";"DEL01-PB";"UOP01-DEL01-PB"