"id";"data_inversa";"dia_semana";"horario";"uf";"br";"km";"municipio";"causa_acidente";"tipo_acidente";"classificacao_acidente";"fase_dia";"sentido_via";"condicao_metereologica";"tipo_pista";"tracado_via";"uso_solo";"pessoas";"mortos";"feridos_leves";"feridos_graves";"ilesos";"ignorados";"feridos";"veiculos";"latitude";"longitude";"regional";"delegacia";"uop"
245875;2019-10-29;"terça-feira";"10:40:00";"BA";324;514;"FEIRA DE SANTANA";"Desobediência às normas de trânsito pelo condutor";"Colisão transversal";"Com Vítimas Feridas";"Pleno dia";"Crescente";"Sol";"Simples";"Interseção de Vias";"Não";3;0;2;0;1;0;2;2;-12,23229233;-38,95215305;"SPRF-BA";"DEL02-BA";"UOP01-DEL02-BA"
245878;2019-10-29;"terça-feira";"10:00:00";"RJ";493;119;"ITAGUAI";"Animais na Pista";"Saída de leito carroçável";"Com Vítimas Feridas";"Pleno dia";"Decrescente";"Céu Claro";"Dupla";"Curva";"Não";1;0;1;0;0;0;1;1;-22,8426412;-43,81210327;"SPRF-RJ";"DEL03-RJ";"UOP01-DEL03-RJ"
245879;2019-10-29;"terça-feira";"11:10:00";"SP";116;140,2;"SAO JOSE DOS CAMPOS";"Defeito Mecânico no Veículo";"Queda de ocupante de veículo";"Com Vítimas Feridas";"Pleno dia";"Crescente";"Céu Claro";"Dupla";"Reta";"Não";2;0;0;2;0;0;2;1;-23,16577714;-45,81246193;"SPRF-SP";"DEL06-SP";"UOP02-DEL02-SP"
245880;2019-10-29;"terça-feira";"11:20:00";"SC";282;1,9;"FLORIANOPOLIS";"Não guardar distância de segurança";"Colisão traseira";"Com Vítimas Feridas";"Pleno dia";"Decrescente";"Céu Claro";"Múltipla";"Reta";"Sim";2;0;1;0;1;0;1;2;-27,602955;-48,580509;"SPRF-SC";"DEL01-SC";"UOP01-DEL01-SC"
245881;2019-10-29;"terça-feira";"11:30:00";"SC";101;211,5;"PALHOCA";"Falta de Atenção à Condução";"Colisão traseira";"Com Vítimas Feridas";"Pleno dia";"Crescente";"Sol";"Múltipla";"Reta";"Sim";4;0;1;2;0;1;3;3;-27,62329313;-48,65245588;"SPRF-SC";"DEL01-SC";"UOP02-DEL01-SC"
245882;2019-10-29;"terça-feira";"08:15:00";"SP";116;477;"JACUPIRANGA";"Defeito Mecânico no Veículo";"Danos eventuais";"Com Vítimas Feridas";"Pleno dia";"Decrescente";"Nublado";"Simples";"Reta";"Sim";2;0;1;0;1;0;1;1;-24,69842695;-48,00304804;"SPRF-SP";"DEL05-SP";"UAP01-DEL05-SP"
245883;2019-10-29;"terça-feira";"11:50:00";"PR";369;195,2;"ARAPONGAS";"Falta de Atenção à Condução";"Colisão com objeto estático";"Com Vítimas Feridas";"Pleno dia";"Decrescente";"Céu Claro";"Dupla";"Reta";"Sim";1;0;1;0;0;0;1;1;-23,47790477;-51,42374039;"SPRF-PR";"DEL07-PR";"UOP03-DEL07-PR"
245884;2019-10-29;"terça-feira";"11:40:00";"ES";101;85;"SAO MATEUS";"Falta de Atenção do Pedestre";"Atropelamento de Pedestre";"Com Vítimas Fatais";"Pleno dia";"Decrescente";"Sol";"Simples";"Reta";"Sim";4;1;0;0;3;0;0;2;-18,8582021;-39,93425387;"SPRF-ES";"DEL04-ES";"UOP02-DEL04-ES"
245885;2019-10-09;"quarta-feira";"07:45:00";"RS";116;247;"SAO LEOPOLDO";"Falta de Atenção à Condução";"Colisão lateral";"Com Vítimas Feridas";"Pleno dia";"Decrescente";"Céu Claro";"Dupla";"Reta";"Sim";1;0;1;0;0;0;1;1;-29,76733091;-51,1535296;"SPRF-RS";"DEL01-RS";"UOP02-DEL01-RS"
245886;2019-10-29;"terça-feira";"12:10:00";"PR";476;137;"CURITIBA";"Falta de Atenção à Condução";"Colisão traseira";"Com Vítimas Feridas";"Pleno dia";"Decrescente";"Céu Claro";"Dupla";"Reta";"Sim";2;0;1;0;1;0;1;2;-25,498302;-49,277546;"SPRF-PR";"DEL01-PR";"UOP03-DEL01-PR"
245887;2019-10-29;"terça-feira";"12:10:00";"SP";153;61,5;"SAO JOSE DO RIO PRETO";"Defeito Mecânico no Veículo";"Saída de leito carroçável";"Com Vítimas Feridas";"Pleno dia";"Crescente";"Sol";"Dupla";"Reta;Declive";"Sim";2;0;1;0;1;0;1;1;-20,80502876;-49,35574909;"SPRF-SP";"DEL09-SP";"UOP01-DEL09-SP"
245888;2019-10-29;"terça-feira";"12:10:00";"CE";116;4,3;"FORTALEZA";"Falta de Atenção à Condução";"Colisão traseira";"Com Vítimas Feridas";"Pleno dia";"Decrescente";"Céu Claro";"Dupla";"Reta";"Não";2;0;1;0;1;0;1;2;-3,78736213;-38,51086032;"SPRF-CE";"DEL01-CE";"UOP02-DEL01-CE"
245889;2019-10-29;"terça-feira";"12:50:00";"PR";369;130,7;"IBIPORA";"Avarias e/ou desgaste excessivo no pneu";"Queda de ocupante de veículo";"Com Vítimas Feridas";"Pleno dia";"Decrescente";"Céu Claro";"Dupla";"Ponte";"Não";2;0;2;0;0;0;2;1;-23,25958437;-50,98739862;"SPRF-PR";"DEL07-PR";"UOP01-DEL07-PR"
245891;2019-10-29;"terça-feira";"12:40:00";"SC";101;208;"SAO JOSE";"Não guardar distância de segurança";"Queda de ocupante de veículo";"Com Vítimas Feridas";"Pleno dia";"Crescente";"Céu Claro";"Múltipla";"Reta";"Sim";1;0;1;0;0;0;1;1;-27,60327979;-48,63201818;"SPRF-SC";"DEL01-SC";"UOP01-DEL01-SC"
245893;2019-10-29;"terça-feira";"12:50:00";"PA";230;120;"MARABA";"Não guardar distância de segurança";"Colisão traseira";"Com Vítimas Feridas";"Pleno dia";"Decrescente";"Sol";"Dupla";"Reta";"Sim";2;0;1;0;1;0;1;2;-5,35038318;-49,11434;"SPRF-PA";"DEL03-PA";"UOP01-DEL03-PA"
245901;2019-10-29;"terça-feira";"13:40:00";"PA";316;5;"ANANINDEUA";"Falta de Atenção à Condução";"Colisão com objeto estático";"Com Vítimas Feridas";"Pleno dia";"Decrescente";"Céu Claro";"Múltipla";"Reta";"Sim";3;0;1;0;2;0;1;2;-1,38183187;-48,40017708;"SPRF-PA";"DEL01-PA";"UOP01-DEL01-PA"
245904;2019-10-29;"terça-feira";"14:00:00";"ES";262;0,5;"VITORIA";"Falta de Atenção à Condução";"Colisão lateral";"Sem Vítimas";"Pleno dia";"Decrescente";"Céu Claro";"Dupla";"Ponte";"Não";2;0;0;0;2;0;0;2;-20,320793;-40,353315;"SPRF-ES";"DEL01-ES";"UOP01-DEL01-ES"
245906;2019-09-11;"quarta-feira";"10:30:00";"PR";163;7;"BARRACAO";"Falta de Atenção à Condução";"Saída de leito carroçável";"Com Vítimas Feridas";"Pleno dia";"Crescente";"Céu Claro";"Simples";"Curva";"Não";1;0;0;1;0;0;1;1;-26,26444316;-53,59827563;"SPRF-PR";"DEL02-PR";"UOP02-DEL02-PR"
245910;2019-10-29;"terça-feira";"14:45:00";"PR";376;490;"PONTA GROSSA";"Pista Escorregadia";"Queda de ocupante de veículo";"Com Vítimas Feridas";"Pleno dia";"Decrescente";"Céu Claro";"Dupla";"Reta";"Não";1;0;1;0;0;0;1;1;-25,10629078;-50,19325376;"SPRF-PR";"DEL03-PR";"UOP04-DEL03-PR"
245912;2019-10-29;"terça-feira";"14:30:00";"PE";101;51;"ABREU E LIMA";"Falta de Atenção à Condução";"Colisão traseira";"Com Vítimas Feridas";"Pleno dia";"Crescente";"Céu Claro";"Múltipla";"Reta";"Sim";3;0;1;1;1;0;2;2;-7,9169968;-34,89689272;"SPRF-PE";"DEL01-PE";"UOP02-DEL01-PE"
245913;2019-10-29;"terça-feira";"15:26:00";"PR";277;451;"LARANJEIRAS DO SUL";"Falta de Atenção à Condução";"Colisão transversal";"Sem Vítimas";"Pleno dia";"Crescente";"Céu Claro";"Simples";"Interseção de Vias";"Não";3;0;0;0;3;0;0;2;-25,36888683;-52,3599691;"SPRF-PR";"DEL04-PR";"UOP02-DEL04-PR"
245914;2019-10-29;"terça-feira";"12:10:00";"SC";282;454,5;"PONTE SERRADA";"Falta de Atenção à Condução";"Saída de leito carroçável";"Com Vítimas Feridas";"Pleno dia";"Decrescente";"Céu Claro";"Simples";"Reta";"Não";1;0;1;0;0;0;1;1;-26,891756;-51,98447;"SPRF-SC";"DEL07-SC";"UOP04-DEL07-SC"
245915;2019-10-29;"terça-feira";"13:50:00";"MG";116;527,6;"CARATINGA";"Falta de Atenção à Condução";"Tombamento";"Com Vítimas Feridas";"Pleno dia";"Decrescente";"Sol";"Simples";"Reta";"Sim";1;0;0;1;0;0;1;1;-19,78510701;-42,13445297;"SPRF-MG";"DEL06-MG";"UOP02-DEL06-MG"
245916;2019-10-29;"terça-feira";"14:50:00";"ES";262;1,5;"CARIACICA";"Desobediência às normas de trânsito pelo condutor";"Colisão transversal";"Com Vítimas Feridas";"Pleno dia";"Crescente";"Céu Claro";"Múltipla";"Reta";"Sim";3;0;3;0;0;0;3;2;-20,32955204;-40,35492602;"SPRF-ES";"DEL01-ES";"UOP01-DEL01-ES"
245917;2019-10-29;"terça-feira";"15:20:00";"DF";20;10,1;"BRASILIA";"Não guardar distância de segurança";"Colisão traseira";"Com Vítimas Feridas";"Pleno dia";"Crescente";"Sol";"Dupla";"Retorno Regulamentado";"Sim";2;0;1;0;1;0;1;2;-15,650243;-47,773872;"SPRF-DF";"DEL02-DF";"UOP01-DEL02-DF"
245918;2019-10-29;"terça-feira";"13:30:00";"RO";364;432,3;"JARU";"Desobediência às normas de trânsito pelo condutor";"Colisão frontal";"Com Vítimas Feridas";"Pleno dia";"Decrescente";"Céu Claro";"Simples";"Reta";"Não";4;0;0;1;3;0;1;2;-10,40041019;-62,52516413;"SPRF-RO";"DEL03-RO";"UOP02-DEL03-RO"
245921;2019-10-29;"terça-feira";"15:10:00";"GO";60;391;"RIO VERDE";"Pista Escorregadia";"Capotamento";"Sem Vítimas";"Pleno dia";"Decrescente";"Chuva";"Dupla";"Reta";"Não";2;0;0;0;2;0;0;1;-17,8252;-50,9624;"SPRF-GO";"DEL04-GO";"UOP01-DEL04-GO"
245923;2019-10-29;"terça-feira";"12:00:00";"RJ";101;307;"SAO GONCALO";"Falta de Atenção à Condução";"Colisão com objeto estático";"Com Vítimas Feridas";"Pleno dia";"Crescente";"Céu Claro";"Dupla";"Reta";"Sim";2;0;1;0;1;0;1;1;-22,79115777;-43,01514205;"SPRF-RJ";"DEL02-RJ";"UOP02-DEL02-RJ"
245924;2019-10-29;"terça-feira";"13:15:00";"RR";0;0;"BOA VISTA";"Falta de Atenção à Condução";"Colisão lateral";"Com Vítimas Feridas";"Pleno dia";"Não Informado";"Céu Claro";"Simples";"Interseção de Vias";"Sim";4;0;1;0;3;0;1;2;2,838178;-60,710783;"SPRF-RR";"DEL01-RR";"UOP01-DEL01-RR"
245925;2019-10-09;"quarta-feira";"14:15:00";"MS";163;481,6;"CAMPO GRANDE";"Falta de Atenção à Condução";"Colisão lateral";"Com Vítimas Feridas";"Pleno dia";"Crescente";"Céu Claro";"Simples";"Curva;Interseção de Vias;Aclive";"Sim";2;0;1;0;1;0;1;2;-20,469381;-54,55955;"SPRF-MS";"DEL01-MS";"UOP01-DEL01-MS"
245928;2019-10-29;"terça-feira";"16:30:00";"PR";277;427,8;"CANTAGALO";"Desobediência às normas de trânsito pelo condutor";"Saída de leito carroçável";"Com Vítimas Feridas";"Pleno dia";"Crescente";"Nublado";"Simples";"Curva";"Não";1;0;1;0;0;0;1;1;-25,38220585;-52,11624364;"SPRF-PR";"DEL04-PR";"UOP02-DEL04-PR"
245929;2019-10-29;"terça-feira";"16:00:00";"RS";386;124,6;"SARANDI";"Falta de Atenção à Condução";"Saída de leito carroçável";"Com Vítimas Feridas";"Pleno dia";"Crescente";"Céu Claro";"Simples";"Curva";"Não";1;0;1;0;0;0;1;1;-27,8922146;-52,98250079;"SPRF-RS";"DEL08-RS";"UOP01-DEL08-RS"
245930;2019-10-29;"terça-feira";"16:00:00";"CE";222;5;"CAUCAIA";"Desobediência às normas de trânsito pelo condutor";"Colisão transversal";"Com Vítimas Feridas";"Pleno dia";"Crescente";"Sol";"Simples";"Interseção de Vias;Reta;Aclive";"Sim";3;0;2;0;1;0;2;2;-3,736507;-38,65337;"SPRF-CE";"DEL01-CE";"UOP01-DEL01-CE"
245931;2019-10-29;"terça-feira";"16:20:00";"SC";470;127,3;"LONTRAS";"Falta de Atenção à Condução";"Colisão transversal";"Com Vítimas Feridas";"Pleno dia";"Decrescente";"Sol";"Simples";"Curva";"Não";2;0;0;1;1;0;1;2;-27,1408055;-49,54756737;"SPRF-SC";"DEL04-SC";"UOP02-DEL04-SC"
245932;2019-10-29;"terça-feira";"16:30:00";"RN";101;123;"SAO JOSE DE MIPIBU";"Desobediência às normas de trânsito pelo condutor";"Colisão frontal";"Com Vítimas Feridas";"Pleno dia";"Crescente";"Céu Claro";"Dupla";"Reta";"Sim";3;0;3;0;0;0;3;2;-6,06166101;-35,24094602;"SPRF-RN";"DEL01-RN";"UOP01-DEL01-RN"
245934;2019-10-29;"terça-feira";"15:35:00";"RS";116;254;"SAPUCAIA DO SUL";"Falta de Atenção à Condução";"Saída de leito carroçável";"Com Vítimas Feridas";"Pleno dia";"Decrescente";"Chuva";"Dupla";"Reta";"Não";1;0;1;0;0;0;1;1;-29,82791878;-51,17253403;"SPRF-RS";"DEL01-RS";"UOP02-DEL01-RS"
245935;2019-10-29;"terça-feira";"17:40:00";"PR";476;140;"CURITIBA";"Ingestão de Álcool";"Atropelamento de Pedestre";"Com Vítimas Feridas";"Pleno dia";"Crescente";"Céu Claro";"Múltipla";"Reta";"Sim";2;0;0;1;1;0;1;2;-25,520693;-49,294121;"SPRF-PR";"DEL01-PR";"UOP03-DEL01-PR"
245936;2019-10-29;"terça-feira";"16:55:00";"MG";262;385;"MATEUS LEME";"Velocidade Incompatível";"Saída de leito carroçável";"Com Vítimas Feridas";"Pleno dia";"Decrescente";"Chuva";"Dupla";"Curva";"Não";1;0;1;0;0;0;1;1;-19,93817357;-44,45068359;"SPRF-MG";"DEL01-MG";"UOP03-DEL01-MG"
245937;2019-10-29;"terça-feira";"16:20:00";"SC";101;209;"SAO JOSE";"Fenômenos da Natureza";"Colisão com objeto em movimento";"Sem Vítimas";"Pleno dia";"Crescente";"Vento";"Simples";"Reta";"Sim";1;0;0;0;1;0;0;1;-27,61000542;-48,63895057;"SPRF-SC";"DEL01-SC";"UOP01-DEL01-SC"
245939;2019-10-29;"terça-feira";"16:20:00";"MG";381;705,7;"LAVRAS";"Fenômenos da Natureza";"Capotamento";"Com Vítimas Feridas";"Pleno dia";"Crescente";"Chuva";"Dupla";"Curva";"Não";1;0;1;0;0;0;1;1;-21,34965018;-45,17946289;"SPRF-MG";"DEL04-MG";"UOP02-DEL04-MG"
245940;2019-10-29;"terça-feira";"17:00:00";"SC";101;216;"PALHOCA";"Pista Escorregadia";"Tombamento";"Com Vítimas Feridas";"Pleno dia";"Crescente";"Céu Claro";"Dupla";"Curva";"Sim";1;0;1;0;0;0;1;1;-27,65981409;-48,67747798;"SPRF-SC";"DEL01-SC";"UOP02-DEL01-SC"
245942;2019-10-29;"terça-feira";"17:15:00";"RJ";356;86;"CARDOSO MOREIRA";"Desobediência às normas de trânsito pelo condutor";"Colisão frontal";"Com Vítimas Fatais";"Anoitecer";"Crescente";"Céu Claro";"Simples";"Curva";"Não";3;1;0;0;2;0;0;2;-21,48729077;-41,63956383;"SPRF-RJ";"DEL08-RJ";"UOP03-DEL08-RJ"
245943;2019-10-29;"terça-feira";"15:00:00";"RS";116;247,8;"SAO LEOPOLDO";"Defeito Mecânico no Veículo";"Colisão com objeto estático";"Com Vítimas Feridas";"Pleno dia";"Decrescente";"Chuva";"Dupla";"Reta";"Sim";1;0;1;0;0;0;1;1;-29,76733091;-51,1535296;"SPRF-RS";"DEL01-RS";"UOP02-DEL01-RS"
245944;2019-10-29;"terça-feira";"17:05:00";"MG";40;58,8;"PARACATU";"Não guardar distância de segurança";"Colisão traseira";"Com Vítimas Feridas";"Pleno dia";"Crescente";"Chuva";"Simples";"Reta";"Não";4;0;1;0;3;0;1;1;-17,30237298;-46,77173492;"SPRF-MG";"DEL14-MG";"UOP01-DEL14-MG"
245945;2019-10-29;"terça-feira";"17:45:00";"RN";101;101;"PARNAMIRIM";"Não guardar distância de segurança";"Colisão traseira";"Com Vítimas Feridas";"Plena Noite";"Decrescente";"Céu Claro";"Dupla";"Reta";"Sim";3;0;1;0;2;0;1;2;-5,88681084;-35,23143404;"SPRF-RN";"DEL01-RN";"UOP01-DEL01-RN"
245947;2019-10-29;"terça-feira";"17:50:00";"BA";116;424,8;"FEIRA DE SANTANA";"Falta de Atenção à Condução";"Atropelamento de Pedestre";"Com Vítimas Fatais";"Anoitecer";"Crescente";"Céu Claro";"Simples";"Declive";"Sim";2;1;0;0;1;0;0;2;-12,23736613;-38,97999588;"SPRF-BA";"DEL02-BA";"UOP01-DEL02-BA"
245948;2019-10-29;"terça-feira";"17:48:00";"TO";153;136;"ARAGUAINA";"Ingestão de Álcool";"Queda de ocupante de veículo";"Com Vítimas Feridas";"Anoitecer";"Decrescente";"Nublado";"Dupla";"Reta";"Sim";2;0;2;0;0;0;2;1;-7,137507;-48,200943;"SPRF-TO";"DEL02-TO";"UOP01-DEL02-TO"
245949;2019-10-29;"terça-feira";"17:30:00";"CE";116;69,9;"CHOROZINHO";"Falta de Atenção à Condução";"Colisão transversal";"Com Vítimas Feridas";"Anoitecer";"Decrescente";"Céu Claro";"Simples";"Reta";"Sim";2;0;0;1;0;1;1;2;-4,32059871;-38,4911177;"SPRF-CE";"DEL03-CE";"UOP02-DEL03-CE"
245950;2019-10-29;"terça-feira";"18:15:00";"SC";101;150;"ITAPEMA";"Falta de Atenção à Condução";"Colisão traseira";"Com Vítimas Feridas";"Anoitecer";"Crescente";"Céu Claro";"Dupla";"Reta";"Sim";3;0;1;0;2;0;1;2;-27,11744799;-48,60940987;"SPRF-SC";"DEL04-SC";"UOP03-DEL04-SC"
245951;2019-10-29;"terça-feira";"17:50:00";"PR";369;104,2;"URAI";"Falta de Atenção à Condução";"Colisão traseira";"Com Vítimas Feridas";"Pleno dia";"Decrescente";"Céu Claro";"Simples";"Reta;Aclive";"Não";2;0;0;1;1;0;1;2;-23,25015277;-50,75448949;"SPRF-PR";"DEL07-PR";"UOP05-DEL07-PR"
245953;2019-10-29;"terça-feira";"18:15:00";"RS";116;2;"PORTO ALEGRE";"Falta de Atenção à Condução";"Colisão lateral";"Com Vítimas Feridas";"Anoitecer";"Decrescente";"Chuva";"Dupla";"Reta";"Sim";2;0;1;0;1;0;1;2;-30,033535;-51,230453;"SPRF-RS";"DEL01-RS";"UOP01-DEL01-RS"
245955;2019-10-29;"terça-feira";"18:30:00";"DF";20;8,2;"BRASILIA";"Falta de Atenção à Condução";"Colisão lateral";"Com Vítimas Feridas";"Plena Noite";"Crescente";"Nublado";"Dupla";"Reta;Aclive";"Sim";3;0;1;0;2;0;1;2;-15,65760912;-47,789965;"SPRF-DF";"DEL02-DF";"UOP01-DEL02-DF"
245956;2019-10-29;"terça-feira";"18:10:00";"CE";222;224,5;"SOBRAL";"Falta de Atenção à Condução";"Colisão lateral";"Com Vítimas Feridas";"Plena Noite";"Crescente";"Céu Claro";"Simples";"Reta";"Sim";3;0;1;0;0;2;1;2;-3,71179812;-40,34380504;"SPRF-CE";"DEL04-CE";"UOP01-DEL04-CE"
245957;2019-10-29;"terça-feira";"18:30:00";"RJ";101;473;"ANGRA DOS REIS";"Falta de Atenção à Condução";"Colisão transversal";"Com Vítimas Feridas";"Plena Noite";"Decrescente";"Céu Claro";"Dupla";"Reta";"Sim";4;0;4;0;0;0;4;2;-22,98960623;-44,24168693;"SPRF-RJ";"DEL03-RJ";"UOP03-DEL03-RJ"
245959;2019-10-29;"terça-feira";"19:10:00";"BA";101;171;"FEIRA DE SANTANA";"Falta de Atenção à Condução";"Colisão transversal";"Com Vítimas Feridas";"Plena Noite";"Crescente";"Céu Claro";"Simples";"Reta";"Sim";2;0;1;1;0;0;2;2;-12,359338;-38,863123;"SPRF-BA";"DEL01-BA";"UOP03-DEL01-BA"
245960;2019-10-29;"terça-feira";"18:30:00";"GO";153;512,9;"APARECIDA DE GOIANIA";"Falta de Atenção à Condução";"Queda de ocupante de veículo";"Com Vítimas Feridas";"Anoitecer";"Decrescente";"Ignorado";"Dupla";"Reta";"Sim";2;0;2;0;0;0;2;1;-16,8156;-49,2402;"SPRF-GO";"DEL01-GO";"UOP03-DEL01-GO"
245961;2019-10-29;"terça-feira";"18:35:00";"ES";262;4;"CARIACICA";"Falta de Atenção à Condução";"Colisão lateral";"Com Vítimas Feridas";"Plena Noite";"Crescente";"Céu Claro";"Dupla";"Reta";"Sim";2;0;1;0;1;0;1;2;-20,33609327;-40,37812784;"SPRF-ES";"DEL01-ES";"UOP01-DEL01-ES"
245963;2019-10-29;"terça-feira";"18:50:00";"PR";277;108;"CAMPO LARGO";"Não guardar distância de segurança";"Colisão traseira";"Sem Vítimas";"Anoitecer";"Crescente";"Nublado";"Dupla";"Reta";"Não";4;0;0;0;4;0;0;4;-25,43428236;-49,43864956;"SPRF-PR";"DEL01-PR";"UOP06-DEL01-PR"
245965;2019-10-29;"terça-feira";"17:30:00";"MT";163;749,2;"SORRISO";"Defeito Mecânico no Veículo";"Incêndio";"Sem Vítimas";"Plena Noite";"Crescente";"Céu Claro";"Dupla";"Reta;Aclive";"Sim";1;0;0;0;0;1;0;1;-12,61941555;-55,76322734;"SPRF-MT";"DEL06-MT";"UOP01-DEL06-MT"
245966;2019-10-29;"terça-feira";"19:00:00";"SC";101;208,6;"SAO JOSE";"Falta de Atenção à Condução";"Colisão transversal";"Com Vítimas Feridas";"Plena Noite";"Decrescente";"Nublado";"Múltipla";"Interseção de Vias;Viaduto";"Sim";2;0;1;0;1;0;1;2;-27,60628881;-48,63485456;"SPRF-SC";"DEL01-SC";"UOP01-DEL01-SC"
245967;2019-10-29;"terça-feira";"19:25:00";"RN";101;96;"NATAL";"Falta de Atenção à Condução";"Colisão com objeto estático";"Com Vítimas Feridas";"Plena Noite";"Decrescente";"Céu Claro";"Dupla";"Reta";"Sim";4;0;3;0;1;0;3;3;-5,84949622;-35,20890752;"SPRF-RN";"DEL01-RN";"UOP01-DEL01-RN"
245968;2019-10-29;"terça-feira";"19:20:00";"PB";230;15;"JOAO PESSOA";"Falta de Atenção à Condução";"Colisão traseira";"Com Vítimas Feridas";"Plena Noite";"Decrescente";"Céu Claro";"Dupla";"Reta;Aclive";"Sim";4;0;1;0;3;0;1;4;-7,093;-34,8482;"SPRF-PB";"DEL01-PB";"UOP01-DEL01-PB"
245969;2019-10-29;"terça-feira";"19:21:00";"PB";230;15;"JOAO PESSOA";"Não guardar distância de segurança";"Colisão traseira";"Com Vítimas Feridas";"Plena Noite";"Decrescente";"Céu Claro";"Dupla";"Viaduto";"Sim";2;0;1;0;0;1;1;2;-7,09819267;-34,84779288;"SPRF-PB";"DEL01-PB";"UOP01-DEL01-PB"
245970;2019-10-29;"terça-feira";"17:45:00";"GO";40;53,4;"LUZIANIA";"Animais na Pista";"Atropelamento de Animal";"Com Vítimas Feridas";"Anoitecer";"Crescente";"Céu Claro";"Dupla";"Declive";"Não";1;0;1;0;0;0;1;1;-16,468106;-47,807867;"SPRF-DF";"DEL01-DF";"UOP02-DEL01-DF"
245972;2019-10-29;"terça-feira";"18:48:00";"MS";163;462,8;"CAMPO GRANDE";"Desobediência às normas de trânsito pelo condutor";"Atropelamento de Pedestre";"Com Vítimas Fatais";"Plena Noite";"Decrescente";"Céu Claro";"Simples";"Reta";"Não";2;1;0;0;0;1;0;2;-20,613727;-54,575939;"SPRF-MS";"DEL01-MS";"UOP01-DEL01-MS"
245973;2019-10-29;"terça-feira";"17:50:00";"RO";319;59;"PORTO VELHO";"Falta de Atenção à Condução";"Atropelamento de Pedestre";"Com Vítimas Feridas";"Anoitecer";"Decrescente";"Céu Claro";"Dupla";"Reta";"Sim";2;0;1;0;0;1;1;2;-8,766685;-63,884052;"SPRF-RO";"DEL01-RO";"UOP01-DEL01-RO"
245974;2019-10-29;"terça-feira";"18:40:00";"MT";163;829;"SINOP";"Falta de Atenção à Condução";"Atropelamento de Pedestre";"Com Vítimas Fatais";"Plena Noite";"Decrescente";"Céu Claro";"Dupla";"Rotatória";"Sim";2;1;1;0;0;0;1;2;-11,91279479;-55,50882166;"SPRF-MT";"DEL06-MT";"UOP01-DEL06-MT"
245977;2019-10-29;"terça-feira";"17:00:00";"MG";40;661;"CARANDAI";"Velocidade Incompatível";"Saída de leito carroçável";"Com Vítimas Feridas";"Pleno dia";"Decrescente";"Chuva";"Simples";"Curva";"Não";1;0;1;0;0;0;1;1;-20,90511396;-43,82787922;"SPRF-MG";"DEL05-MG";"UOP02-DEL05-MG"
245978;2019-10-29;"terça-feira";"18:40:00";"PE";101;100;"CABO DE SANTO AGOSTINHO";"Desobediência às normas de trânsito pelo condutor";"Colisão frontal";"Com Vítimas Feridas";"Plena Noite";"Crescente";"Céu Claro";"Simples";"Reta";"Sim";2;0;2;0;0;0;2;2;-8,26699309;-35,05234386;"SPRF-PE";"DEL01-PE";"UOP03-DEL01-PE"
245982;2019-10-29;"terça-feira";"20:00:00";"DF";70;10;"BRASILIA";"Falta de Atenção à Condução";"Colisão lateral";"Com Vítimas Feridas";"Plena Noite";"Crescente";"Céu Claro";"Dupla";"Retorno Regulamentado;Reta";"Sim";2;0;1;0;1;0;1;2;-15,787066;-48,140709;"SPRF-DF";"DEL01-DF";"UOP02-DEL03-DF"
245983;2019-10-29;"terça-feira";"19:40:00";"PR";467;109,7;"CASCAVEL";"Velocidade Incompatível";"Saída de leito carroçável";"Com Vítimas Feridas";"Plena Noite";"Decrescente";"Céu Claro";"Dupla";"Curva";"Não";1;0;1;0;0;0;1;1;-24,92556506;-53,45976233;"SPRF-PR";"DEL04-PR";"UOP01-DEL04-PR"
245985;2019-10-29;"terça-feira";"19:00:00";"SC";101;106,3;"PENHA";"Falta de Atenção à Condução";"Colisão lateral";"Com Vítimas Feridas";"Plena Noite";"Decrescente";"Nublado";"Dupla";"Reta";"Não";2;0;1;0;1;0;1;2;-26,81292566;-48,68310213;"SPRF-SC";"DEL03-SC";"UOP02-DEL03-SC"
245987;2019-10-29;"terça-feira";"20:45:00";"BA";324;615;"SALVADOR";"Falta de Atenção do Pedestre";"Atropelamento de Pedestre";"Com Vítimas Feridas";"Plena Noite";"Decrescente";"Céu Claro";"Dupla";"Aclive;Reta";"Sim";3;0;3;0;0;0;3;2;-12,87762933;-38,43071591;"SPRF-BA";"DEL01-BA";"UOP01-DEL01-BA"
245988;2019-10-29;"terça-feira";"19:12:00";"RO";174;17;"VILHENA";"Falta de Atenção à Condução";"Colisão lateral";"Com Vítimas Feridas";"Plena Noite";"Decrescente";"Céu Claro";"Simples";"Reta";"Não";2;0;0;1;1;0;1;2;-12,70685191;-60,1219871;"SPRF-RO";"DEL04-RO";"UOP01-DEL04-RO"
245989;2019-10-29;"terça-feira";"20:15:00";"SC";101;408;"ARARANGUA";"Falta de Atenção do Pedestre";"Atropelamento de Pedestre";"Com Vítimas Feridas";"Plena Noite";"Decrescente";"Nublado";"Simples";"Reta";"Sim";3;0;1;0;1;1;1;3;-28,92704022;-49,49272156;"SPRF-SC";"DEL02-SC";"UOP02-DEL02-SC"