"id";"data_inversa";"dia_semana";"horario";"uf";"br";"km";"municipio";"causa_acidente";"tipo_acidente";"classificacao_acidente";"fase_dia";"sentido_via";"condicao_metereologica";"tipo_pista";"tracado_via";"uso_solo";"pessoas";"mortos";"feridos_leves";"feridos_graves";"ilesos";"ignorados";"feridos";"veiculos";"latitude";"longitude";"regional";"delegacia";"uop"
245990;2019-10-29;"terça-feira";"20:20:00";"RN";405;3,9;"MOSSORO";"Falta de Atenção à Condução";"Colisão transversal";"Sem Vítimas";"Plena Noite";"Decrescente";"Céu Claro";"Simples";"Reta";"Sim";3;0;0;0;3;0;0;2;-5,19386547;-37,38052995;"SPRF-RN";"DEL04-RN";"UOP02-DEL04-RN"
245993;2019-10-29;"terça-feira";"20:30:00";"MG";40;549;"NOVA LIMA";"Falta de Atenção à Condução";"Saída de leito carroçável";"Com Vítimas Feridas";"Plena Noite";"Decrescente";"Chuva";"Dupla";"Curva;Declive";"Sim";2;0;1;0;1;0;1;1;-20,03972326;-43,96703232;"SPRF-MG";"DEL01-MG";"UOP02-DEL01-MG"
245995;2019-10-29;"terça-feira";"18:30:00";"MG";50;178,5;"UBERABA";"Não guardar distância de segurança";"Engavetamento";"Com Vítimas Feridas";"Anoitecer";"Decrescente";"Nublado";"Dupla";"Reta";"Sim";4;0;1;0;3;0;1;3;-19,77896821;-47,94093599;"SPRF-MG";"DEL13-MG";"UOP01-DEL13-MG"
245996;2019-10-29;"terça-feira";"18:20:00";"MG";262;403,1;"PARA DE MINAS";"Falta de Atenção à Condução";"Colisão traseira";"Com Vítimas Feridas";"Plena Noite";"Crescente";"Chuva";"Dupla";"Reta";"Não";2;0;1;0;1;0;1;2;-19,89468798;-44,57131499;"SPRF-MG";"DEL08-MG";"UOP03-DEL08-MG"
245997;2019-10-29;"terça-feira";"18:55:00";"GO";40;103;"CRISTALINA";"Falta de Atenção à Condução";"Colisão transversal";"Com Vítimas Feridas";"Plena Noite";"Crescente";"Nublado";"Simples";"Reta";"Não";2;0;2;0;0;0;2;2;-16,808039;-47,562463;"SPRF-DF";"DEL01-DF";"UOP02-DEL01-DF"
245999;2019-10-29;"terça-feira";"20:40:00";"PR";277;457,3;"LARANJEIRAS DO SUL";"Falta de Atenção à Condução";"Colisão traseira";"Com Vítimas Feridas";"Plena Noite";"Decrescente";"Nublado";"Simples";"Reta";"Não";2;0;0;1;1;0;1;2;-25,385905;-52,413842;"SPRF-PR";"DEL04-PR";"UOP02-DEL04-PR"
246000;2019-10-29;"terça-feira";"21:00:00";"CE";222;4;"CAUCAIA";"Falta de Atenção à Condução";"Colisão traseira";"Com Vítimas Feridas";"Plena Noite";"Crescente";"Céu Claro";"Dupla";"Reta";"Sim";2;0;0;1;0;1;1;2;-3,74164754;-38,60449792;"SPRF-CE";"DEL01-CE";"UOP01-DEL01-CE"
246001;2019-10-29;"terça-feira";"21:35:00";"SC";101;327;"CAPIVARI DE BAIXO";"Falta de Atenção à Condução";"Colisão com objeto estático";"Com Vítimas Feridas";"Plena Noite";"Crescente";"Céu Claro";"Dupla";"Reta";"Sim";3;0;2;0;1;0;2;1;-28,43014297;-48,952151;"SPRF-SC";"DEL02-SC";"UOP01-DEL02-SC"
246002;2019-10-29;"terça-feira";"21:35:00";"SC";470;2;"ITAJAI";"Falta de Atenção à Condução";"Colisão lateral";"Com Vítimas Feridas";"Plena Noite";"Decrescente";"Céu Claro";"Simples";"Reta";"Sim";3;0;1;0;2;0;1;3;-26,868551;-48,674831;"SPRF-SC";"DEL04-SC";"UOP04-DEL04-SC"
246003;2019-10-29;"terça-feira";"10:45:00";"MG";262;583,9;"CAMPOS ALTOS";"Pista Escorregadia";"Saída de leito carroçável";"Com Vítimas Feridas";"Pleno dia";"Decrescente";"Céu Claro";"Simples";"Curva";"Não";3;0;2;0;1;0;2;1;-19,649634;-46,080652;"SPRF-MG";"DEL08-MG";"UOP02-DEL08-MG"
246004;2019-10-29;"terça-feira";"21:55:00";"PI";316;26,8;"DEMERVAL LOBAO";"Animais na Pista";"Atropelamento de Animal";"Sem Vítimas";"Plena Noite";"Decrescente";"Céu Claro";"Simples";"Reta";"Não";1;0;0;0;1;0;0;1;-5,30236009;-42,70784522;"SPRF-PI";"DEL01-PI";"UOP02-DEL01-PI"
246005;2019-10-29;"terça-feira";"18:50:00";"MS";267;90,2;"BATAGUASSU";"Animais na Pista";"Atropelamento de Animal";"Com Vítimas Feridas";"Plena Noite";"Decrescente";"Céu Claro";"Simples";"Reta";"Não";1;0;0;1;0;0;1;1;-21,86154393;-52,95605747;"SPRF-MS";"DEL02-MS";"UOP04-DEL02-MS"
246008;2019-10-29;"terça-feira";"21:50:00";"PR";277;82;"CURITIBA";"Defeito Mecânico no Veículo";"Queda de ocupante de veículo";"Com Vítimas Feridas";"Pleno dia";"Crescente";"Céu Claro";"Dupla";"Reta";"Sim";2;0;2;0;0;0;2;1;-25,568939;-49,181978;"SPRF-PR";"DEL01-PR";"UOP06-DEL01-PR"
246009;2019-10-29;"terça-feira";"22:30:00";"SP";381;83;"SAO PAULO";"Falta de Atenção à Condução";"Colisão com objeto estático";"Com Vítimas Feridas";"Plena Noite";"Crescente";"Céu Claro";"Dupla";"Reta";"Sim";1;0;1;0;0;0;1;1;-23,4309671;-46,56998022;"SPRF-SP";"DEL03-SP";"UOP01-DEL03-SP"
246010;2019-10-29;"terça-feira";"22:20:00";"SC";470;69,4;"INDAIAL";"Desobediência às normas de trânsito pelo condutor";"Colisão transversal";"Com Vítimas Feridas";"Plena Noite";"Crescente";"Nublado";"Simples";"Aclive";"Sim";2;0;0;1;1;0;1;2;-26,883745;-49,246704;"SPRF-SC";"DEL04-SC";"UOP01-DEL04-SC"
246011;2019-10-29;"terça-feira";"19:10:00";"BA";101;518,5;"ITABUNA";"Ultrapassagem Indevida";"Colisão lateral";"Com Vítimas Feridas";"Plena Noite";"Decrescente";"Céu Claro";"Simples";"Reta";"Não";6;0;2;0;4;0;2;2;-15,04943399;-39,33441913;"SPRF-BA";"DEL05-BA";"UOP01-DEL05-BA"
246014;2019-10-29;"terça-feira";"22:30:00";"CE";222;4,2;"CAUCAIA";"Desobediência às normas de trânsito pelo condutor";"Atropelamento de Pedestre";"Com Vítimas Feridas";"Plena Noite";"Crescente";"Céu Claro";"Múltipla";"Reta";"Sim";2;0;0;1;0;1;1;2;-3,74164754;-38,60449792;"SPRF-CE";"DEL01-CE";"UOP01-DEL01-CE"
246016;2019-10-29;"terça-feira";"19:00:00";"MA";135;127,7;"MIRANDA DO NORTE";"Desobediência às normas de trânsito pelo condutor";"Colisão frontal";"Com Vítimas Feridas";"Plena Noite";"Decrescente";"Céu Claro";"Simples";"Reta";"Sim";3;0;2;1;0;0;3;2;-3,56829141;-44,58306381;"SPRF-MA";"DEL01-MA";"UOP02-DEL01-MA"
246020;2019-10-29;"terça-feira";"23:35:00";"ES";262;31,4;"DOMINGOS MARTINS";"Falta de Atenção à Condução";"Colisão com objeto estático";"Com Vítimas Feridas";"Plena Noite";"Decrescente";"Céu Claro";"Simples";"Curva";"Não";2;0;1;0;1;0;1;1;-20,3805123;-40,56830627;"SPRF-ES";"DEL01-ES";"UOP01-DEL01-ES"
246021;2019-10-29;"terça-feira";"23:40:00";"SC";101;320,5;"LAGUNA";"Ingestão de Álcool";"Colisão com objeto estático";"Sem Vítimas";"Plena Noite";"Decrescente";"Céu Claro";"Dupla";"Reta";"Não";1;0;0;0;1;0;0;1;-28,42534476;-48,90354753;"SPRF-SC";"DEL02-SC";"UOP01-DEL02-SC"
246022;2019-10-29;"terça-feira";"23:45:00";"SP";459;21;"LORENA";"Animais na Pista";"Atropelamento de Animal";"Com Vítimas Feridas";"Plena Noite";"Crescente";"Céu Claro";"Simples";"Reta";"Não";1;0;1;0;0;0;1;1;-22,68994668;-45,13687133;"SPRF-SP";"DEL08-SP";"UOP03-DEL08-SP"
246023;2019-10-30;"quarta-feira";"00:45:00";"BA";110;318;"ALAGOINHAS";"Agressão Externa";"Capotamento";"Com Vítimas Fatais";"Plena Noite";"Crescente";"Céu Claro";"Simples";"Reta";"Não";4;1;3;0;0;0;3;1;-12,05258091;-38,36108068;"SPRF-BA";"DEL01-BA";"UOP04-DEL01-BA"
246024;2019-08-02;"sexta-feira";"18:25:00";"PR";376;196;"MARIALVA";"Falta de Atenção à Condução";"Colisão traseira";"Com Vítimas Feridas";"Plena Noite";"Decrescente";"Céu Claro";"Dupla";"Retorno Regulamentado;Declive";"Não";3;0;1;1;1;0;2;2;-23,50026007;-51,76384001;"SPRF-PR";"DEL07-PR";"UOP01-DEL09-PR"
246031;2019-10-29;"terça-feira";"15:40:00";"RO";174;17;"VILHENA";"Falta de Atenção à Condução";"Colisão lateral";"Com Vítimas Feridas";"Pleno dia";"Crescente";"Céu Claro";"Simples";"Reta";"Sim";2;0;1;0;1;0;1;2;-12,70685191;-60,1219871;"SPRF-RO";"DEL04-RO";"UOP01-DEL04-RO"
246032;2019-10-30;"quarta-feira";"06:04:00";"RS";116;502;"PELOTAS";"Falta de Atenção à Condução";"Saída de leito carroçável";"Sem Vítimas";"Amanhecer";"Decrescente";"Chuva";"Dupla";"Reta";"Não";1;0;0;0;1;0;0;1;-31,56791105;-52,25884295;"SPRF-RS";"DEL07-RS";"UOP01-DEL07-RS"
246036;2019-10-30;"quarta-feira";"06:40:00";"PR";376;498,7;"PONTA GROSSA";"Mal Súbito";"Saída de leito carroçável";"Com Vítimas Feridas";"Pleno dia";"Crescente";"Céu Claro";"Dupla";"Reta";"Sim";1;0;1;0;0;0;1;1;-25,19475149;-50,07738945;"SPRF-PR";"DEL03-PR";"UOP04-DEL03-PR"
246037;2019-10-30;"quarta-feira";"06:20:00";"MG";381;489;"BETIM";"Falta de Atenção à Condução";"Colisão lateral";"Com Vítimas Feridas";"Pleno dia";"Decrescente";"Céu Claro";"Dupla";"Reta";"Sim";3;0;1;0;2;0;1;2;-19,96245618;-44,16455495;"SPRF-MG";"DEL01-MG";"UOP03-DEL01-MG"
246039;2019-10-30;"quarta-feira";"07:00:00";"PB";230;23,7;"JOAO PESSOA";"Falta de Atenção à Condução";"Colisão traseira";"Com Vítimas Feridas";"Pleno dia";"Decrescente";"Sol";"Dupla";"Reta";"Sim";2;0;1;0;1;0;1;2;-7,1562;-34,8574;"SPRF-PB";"DEL01-PB";"UOP01-DEL01-PB"
246040;2019-10-30;"quarta-feira";"07:14:00";"DF";20;15;"BRASILIA";"Não guardar distância de segurança";"Colisão traseira";"Sem Vítimas";"Pleno dia";"Decrescente";"Céu Claro";"Dupla";"Reta";"Não";2;0;0;0;2;0;0;2;-15,630189;-47,733288;"SPRF-DF";"DEL02-DF";"UOP01-DEL02-DF"
246042;2019-10-30;"quarta-feira";"07:00:00";"RJ";116;19;"SAPUCAIA";"Velocidade Incompatível";"Colisão frontal";"Com Vítimas Feridas";"Pleno dia";"Crescente";"Céu Claro";"Simples";"Curva";"Não";3;0;3;0;0;0;3;2;-21,99271807;-42,76213911;"SPRF-RJ";"DEL04-RJ";"UOP01-DEL04-RJ"
246043;2019-10-29;"terça-feira";"21:30:00";"ES";101;77,2;"SAO MATEUS";"Falta de Atenção à Condução";"Colisão frontal";"Com Vítimas Feridas";"Plena Noite";"Decrescente";"Nublado";"Simples";"Reta";"Não";2;0;0;1;0;1;1;2;-18,79952506;-39,89017092;"SPRF-ES";"DEL04-ES";"UOP02-DEL04-ES"
246045;2019-10-30;"quarta-feira";"07:15:00";"DF";40;7,2;"BRASILIA";"Falta de Atenção à Condução";"Colisão lateral";"Com Vítimas Feridas";"Pleno dia";"Decrescente";"Sol";"Dupla";"Reta";"Não";3;0;1;0;2;0;1;3;-16,038666;-47,979691;"SPRF-DF";"DEL01-DF";"UOP01-DEL01-DF"
246048;2019-10-29;"terça-feira";"11:00:00";"RS";392;264,8;"CACAPAVA DO SUL";"Falta de Atenção à Condução";"Colisão frontal";"Com Vítimas Feridas";"Pleno dia";"Decrescente";"Chuva";"Múltipla";"Curva";"Não";3;0;2;0;1;0;2;2;-30,44201571;-53,49405942;"SPRF-RS";"DEL09-RS";"UOP02-DEL09-RS"
246049;2019-10-30;"quarta-feira";"06:50:00";"SP";116;221;"GUARULHOS";"Não guardar distância de segurança";"Colisão lateral";"Com Vítimas Feridas";"Pleno dia";"Crescente";"Céu Claro";"Múltipla";"Reta";"Sim";3;0;1;0;2;0;1;3;-23,46802395;-46,50704901;"SPRF-SP";"DEL01-SP";"UOP01-DEL01-SP"
246050;2019-10-30;"quarta-feira";"07:40:00";"DF";40;2,8;"BRASILIA";"Não guardar distância de segurança";"Colisão lateral";"Com Vítimas Feridas";"Pleno dia";"Decrescente";"Nublado";"Dupla";"Reta";"Não";2;0;1;0;1;0;1;2;-15,99435;-47,985947;"SPRF-DF";"DEL01-DF";"UOP01-DEL01-DF"
246051;2019-10-30;"quarta-feira";"07:05:00";"MG";354;727,6;"POUSO ALTO";"Desobediência às normas de trânsito pelo condutor";"Colisão transversal";"Com Vítimas Feridas";"Pleno dia";"Decrescente";"Céu Claro";"Simples";"Declive";"Não";2;0;1;0;1;0;1;2;-22,14002314;-44,9702239;"SPRF-MG";"DEL05-MG";"UOP01-DEL17-MG"
246052;2019-10-30;"quarta-feira";"07:40:00";"RN";101;103;"PARNAMIRIM";"Não guardar distância de segurança";"Colisão traseira";"Sem Vítimas";"Pleno dia";"Crescente";"Céu Claro";"Dupla";"Reta";"Sim";4;0;0;0;4;0;0;2;-5,89034022;-35,24894996;"SPRF-RN";"DEL01-RN";"UOP01-DEL01-RN"
246053;2019-10-30;"quarta-feira";"08:01:00";"SC";101;206,6;"SAO JOSE";"Falta de Atenção à Condução";"Colisão lateral";"Com Vítimas Feridas";"Pleno dia";"Decrescente";"Nublado";"Múltipla";"Reta";"Sim";2;0;1;0;1;0;1;2;-27,59193546;-48,61824557;"SPRF-SC";"DEL01-SC";"UOP01-DEL01-SC"
246054;2019-10-30;"quarta-feira";"07:10:00";"PI";343;343;"TERESINA";"Defeito Mecânico no Veículo";"Queda de ocupante de veículo";"Com Vítimas Feridas";"Pleno dia";"Crescente";"Céu Claro";"Simples";"Reta";"Sim";2;0;1;1;0;0;2;1;-5,087362;-42,757851;"SPRF-PI";"DEL01-PI";"UOP01-DEL01-PI"
246055;2019-10-30;"quarta-feira";"08:00:00";"PR";116;115;"CURITIBA";"Desobediência às normas de trânsito pelo condutor";"Colisão traseira";"Com Vítimas Feridas";"Pleno dia";"Decrescente";"Céu Claro";"Dupla";"Reta";"Não";2;0;1;0;1;0;1;2;-25,58332394;-49,31350708;"SPRF-PR";"DEL01-PR";"UOP06-DEL01-PR"
246057;2019-10-30;"quarta-feira";"08:10:00";"SC";101;340;"TUBARAO";"Falta de Atenção à Condução";"Colisão com objeto estático";"Com Vítimas Feridas";"Pleno dia";"Crescente";"Céu Claro";"Dupla";"Declive";"Sim";1;0;1;0;0;0;1;1;-28,501444;-49,04690399;"SPRF-SC";"DEL02-SC";"UOP01-DEL02-SC"
246058;2019-10-30;"quarta-feira";"04:00:00";"ES";484;98,1;"AFONSO CLAUDIO";"Velocidade Incompatível";"Colisão com objeto estático";"Com Vítimas Fatais";"Plena Noite";"Crescente";"Céu Claro";"Simples";"Reta";"Não";1;1;0;0;0;0;0;1;-20,01681313;-41,03347073;"SPRF-ES";"DEL01-ES";"UOP02-DEL01-ES"
246059;2019-10-30;"quarta-feira";"07:28:00";"RJ";101;320;"NITEROI";"Falta de Atenção à Condução";"Colisão lateral";"Com Vítimas Feridas";"Pleno dia";"Crescente";"Sol";"Dupla";"Reta";"Sim";3;0;0;1;2;0;1;2;-22,86206859;-43,10736895;"SPRF-RJ";"DEL02-RJ";"UOP02-DEL02-RJ"
246063;2019-10-30;"quarta-feira";"09:20:00";"DF";40;7;"BRASILIA";"Falta de Atenção à Condução";"Colisão traseira";"Com Vítimas Feridas";"Pleno dia";"Decrescente";"Céu Claro";"Dupla";"Reta";"Sim";2;0;1;0;1;0;1;2;-16,038666;-47,979691;"SPRF-DF";"DEL01-DF";"UOP01-DEL01-DF"
246065;2019-10-30;"quarta-feira";"09:15:00";"SC";101;335,3;"TUBARAO";"Velocidade Incompatível";"Colisão traseira";"Com Vítimas Feridas";"Pleno dia";"Crescente";"Sol";"Dupla";"Aclive";"Sim";3;0;1;0;2;0;1;2;-28,47637001;-49,02984403;"SPRF-SC";"DEL02-SC";"UOP01-DEL02-SC"
246066;2019-10-30;"quarta-feira";"07:35:00";"PR";369;188;"ARAPONGAS";"Falta de Atenção à Condução";"Colisão transversal";"Com Vítimas Feridas";"Pleno dia";"Decrescente";"Céu Claro";"Simples";"Interseção de Vias";"Não";2;0;1;0;1;0;1;2;-23,43114855;-51,4226675;"SPRF-PR";"DEL07-PR";"UOP03-DEL07-PR"
246067;2019-10-30;"quarta-feira";"09:38:00";"PR";277;599,7;"CASCAVEL";"Desobediência às normas de trânsito pelo condutor";"Colisão lateral";"Com Vítimas Fatais";"Pleno dia";"Decrescente";"Sol";"Dupla";"Reta";"Não";3;1;1;0;0;1;1;2;-24,996818;-53,516253;"SPRF-PR";"DEL04-PR";"UOP01-DEL04-PR"
246069;2019-10-30;"quarta-feira";"10:10:00";"MG";381;938,5;"EXTREMA";"Falta de Atenção à Condução";"Saída de leito carroçável";"Com Vítimas Feridas";"Pleno dia";"Crescente";"Céu Claro";"Dupla";"Curva";"Sim";2;0;2;0;0;0;2;1;-22,81730278;-46,29392093;"SPRF-MG";"DEL16-MG";"UOP03-DEL16-MG"
246070;2019-10-30;"quarta-feira";"09:05:00";"MS";463;0,8;"DOURADOS";"Falta de Atenção à Condução";"Colisão transversal";"Com Vítimas Feridas";"Pleno dia";"Decrescente";"Céu Claro";"Simples";"Interseção de Vias";"Sim";3;0;1;0;1;1;1;2;-22,25913836;-54,81122201;"SPRF-MS";"DEL04-MS";"UOP01-DEL04-MS"
246072;2019-10-30;"quarta-feira";"09:55:00";"PR";116;104,4;"SAO JOSE DOS PINHAIS";"Falta de Atenção à Condução";"Queda de ocupante de veículo";"Com Vítimas Feridas";"Pleno dia";"Crescente";"Céu Claro";"Dupla";"Reta";"Não";1;0;1;0;0;0;1;1;-25,56472785;-49,15859603;"SPRF-PR";"DEL01-PR";"UOP01-DEL01-PR"
246073;2019-10-30;"quarta-feira";"10:30:00";"ES";101;2;"SERRA";"Falta de Atenção à Condução";"Colisão traseira";"Com Vítimas Feridas";"Pleno dia";"Decrescente";"Céu Claro";"Dupla";"Reta";"Não";2;0;1;0;1;0;1;2;-20,239182;-40,27742386;"SPRF-ES";"DEL02-ES";"UOP01-DEL02-ES"
246076;2019-10-30;"quarta-feira";"09:20:00";"RS";116;166,5;"CAXIAS DO SUL";"Fenômenos da Natureza";"Colisão com objeto em movimento";"Com Vítimas Feridas";"Pleno dia";"Crescente";"Vento";"Simples";"Reta";"Não";2;0;0;2;0;0;2;1;-29,26709501;-51,15960601;"SPRF-RS";"DEL05-RS";"UOP02-DEL05-RS"
246078;2019-10-30;"quarta-feira";"06:15:00";"PR";476;135;"CURITIBA";"Desobediência às normas de trânsito pelo condutor";"Colisão transversal";"Com Vítimas Feridas";"Pleno dia";"Crescente";"Céu Claro";"Múltipla";"Reta";"Sim";4;0;0;1;1;2;1;3;-25,48554455;-49,2676315;"SPRF-PR";"DEL01-PR";"UOP03-DEL01-PR"
246079;2019-10-30;"quarta-feira";"10:55:00";"MG";381;359,1;"JOAO MONLEVADE";"Defeito na Via";"Queda de ocupante de veículo";"Com Vítimas Feridas";"Pleno dia";"Decrescente";"Nublado";"Múltipla";"Curva";"Sim";1;0;1;0;0;0;1;1;-19,8551458;-43,22402296;"SPRF-MG";"DEL03-MG";"UOP01-DEL03-MG"
246080;2019-10-30;"quarta-feira";"11:20:00";"MG";40;631,7;"CONSELHEIRO LAFAIETE";"Desobediência às normas de trânsito pelo condutor";"Colisão transversal";"Com Vítimas Feridas";"Pleno dia";"Crescente";"Nublado";"Simples";"Reta";"Sim";2;0;1;0;1;0;1;2;-20,66692199;-43,80314095;"SPRF-MG";"DEL05-MG";"UOP02-DEL05-MG"
246086;2019-10-30;"quarta-feira";"11:49:00";"AL";104;38;"UNIAO DOS PALMARES";"Ingestão de Álcool";"Queda de ocupante de veículo";"Com Vítimas Feridas";"Pleno dia";"Crescente";"Céu Claro";"Simples";"Reta";"Não";1;0;0;1;0;0;1;1;-9,18136996;-36,03557612;"SPRF-AL";"DEL01-AL";"UOP02-DEL01-AL"
246088;2019-10-30;"quarta-feira";"11:45:00";"PR";277;71;"SAO JOSE DOS PINHAIS";"Falta de Atenção à Condução";"Saída de leito carroçável";"Com Vítimas Feridas";"Pleno dia";"Crescente";"Sol";"Dupla";"Interseção de Vias";"Não";2;0;2;0;0;0;2;1;-25,5118447;-49,12633538;"SPRF-PR";"DEL01-PR";"UOP01-DEL01-PR"
246090;2019-10-30;"quarta-feira";"08:17:00";"RJ";393;239,7;"VASSOURAS";"Falta de Atenção à Condução";"Colisão transversal";"Com Vítimas Feridas";"Pleno dia";"Crescente";"Céu Claro";"Simples";"Reta";"Sim";2;0;2;0;0;0;2;2;-22,412605;-43,674463;"SPRF-RJ";"DEL05-RJ";"UOP03-DEL05-RJ"
246092;2019-10-30;"quarta-feira";"12:40:00";"GO";153;502,5;"GOIANIA";"Velocidade Incompatível";"Colisão lateral";"Com Vítimas Feridas";"Pleno dia";"Crescente";"Céu Claro";"Dupla";"Reta";"Sim";4;0;2;0;2;0;2;3;-16,7287;-49,2424;"SPRF-GO";"DEL01-GO";"UOP01-DEL01-GO"
246093;2019-10-30;"quarta-feira";"11:45:00";"MS";267;526,5;"JARDIM";"Condutor Dormindo";"Saída de leito carroçável";"Com Vítimas Feridas";"Pleno dia";"Crescente";"Céu Claro";"Simples";"Reta";"Não";1;0;1;0;0;0;1;1;-21,52609479;-56,53704407;"SPRF-MS";"DEL05-MS";"UOP01-DEL05-MS"
246095;2019-10-30;"quarta-feira";"12:40:00";"PR";158;535,2;"PATO BRANCO";"Desobediência às normas de trânsito pelo condutor";"Colisão transversal";"Com Vítimas Feridas";"Pleno dia";"Decrescente";"Céu Claro";"Simples";"Interseção de Vias";"Sim";2;0;0;1;1;0;1;2;-26,23695814;-52,69172788;"SPRF-PR";"DEL02-PR";"UOP01-DEL02-PR"
246097;2019-10-30;"quarta-feira";"13:00:00";"SC";101;212;"PALHOCA";"Falta de Atenção à Condução";"Colisão traseira";"Com Vítimas Feridas";"Pleno dia";"Decrescente";"Céu Claro";"Múltipla";"Reta";"Não";3;0;1;1;1;0;2;2;-27,62996929;-48,65903871;"SPRF-SC";"DEL01-SC";"UOP02-DEL01-SC"
246098;2019-10-30;"quarta-feira";"10:50:00";"GO";60;97;"ANAPOLIS";"Pista Escorregadia";"Queda de ocupante de veículo";"Com Vítimas Feridas";"Pleno dia";"Decrescente";"Céu Claro";"Simples";"Reta";"Sim";1;0;1;0;0;0;1;1;-16,3774;-48,9483;"SPRF-GO";"DEL02-GO";"UOP01-DEL02-GO"
246099;2019-10-30;"quarta-feira";"12:40:00";"ES";101;174,5;"ARACRUZ";"Desobediência às normas de trânsito pelo condutor";"Colisão transversal";"Com Vítimas Feridas";"Pleno dia";"Decrescente";"Céu Claro";"Simples";"Reta";"Sim";3;0;1;0;2;0;1;2;-19,58047007;-40,18782185;"SPRF-ES";"DEL04-ES";"UOP01-DEL04-ES"
246100;2019-10-30;"quarta-feira";"13:30:00";"GO";60;45,9;"APARECIDA DE GOIANIA";"Falta de Atenção à Condução";"Colisão lateral";"Com Vítimas Feridas";"Pleno dia";"Decrescente";"Céu Claro";"Dupla";"Reta";"Sim";2;0;1;0;1;0;1;2;-16,8101;-49,2397;"SPRF-GO";"DEL01-GO";"UOP03-DEL01-GO"
246101;2019-10-30;"quarta-feira";"11:45:00";"BA";101;746;"ITABELA";"Falta de Atenção à Condução";"Colisão transversal";"Com Vítimas Feridas";"Pleno dia";"Decrescente";"Nublado";"Simples";"Reta";"Não";2;0;1;0;1;0;1;2;-16,735508;-39,45695596;"SPRF-BA";"DEL09-BA";"UOP01-DEL09-BA"
246102;2019-10-30;"quarta-feira";"13:45:00";"PB";230;27,9;"JOAO PESSOA";"Desobediência às normas de trânsito pelo condutor";"Colisão lateral";"Com Vítimas Feridas";"Pleno dia";"Decrescente";"Céu Claro";"Dupla";"Curva";"Sim";2;0;0;1;0;1;1;2;-7,1677;-34,8855;"SPRF-PB";"DEL01-PB";"UOP01-DEL01-PB"
246103;2019-10-30;"quarta-feira";"04:00:00";"PI";343;4;"TERESINA";"Falta de Atenção à Condução";"Colisão com objeto estático";"Sem Vítimas";"Plena Noite";"Decrescente";"Ignorado";"Múltipla";"Reta";"Sim";1;0;0;0;1;0;0;1;-5,08050693;-42,78536081;"SPRF-PI";"DEL01-PI";"UOP01-DEL01-PI"
246104;2019-10-30;"quarta-feira";"13:15:00";"MG";381;938,8;"EXTREMA";"Falta de Atenção à Condução";"Colisão traseira";"Com Vítimas Feridas";"Pleno dia";"Decrescente";"Céu Claro";"Dupla";"Reta";"Não";3;0;1;0;2;0;1;2;-22,81859286;-46,29673004;"SPRF-MG";"DEL16-MG";"UOP03-DEL16-MG"
246105;2019-10-30;"quarta-feira";"11:45:00";"MG";116;660;"SAO FRANCISCO DO GLORIA";"Mal Súbito";"Saída de leito carroçável";"Com Vítimas Feridas";"Pleno dia";"Decrescente";"Nublado";"Simples";"Reta";"Não";1;0;1;0;0;0;1;1;-20,79372285;-42,30204025;"SPRF-MG";"DEL07-MG";"UOP03-DEL07-MG"
246106;2019-10-30;"quarta-feira";"13:40:00";"RJ";101;496;"ANGRA DOS REIS";"Ingestão de Álcool";"Colisão traseira";"Com Vítimas Feridas";"Pleno dia";"Crescente";"Céu Claro";"Simples";"Reta";"Não";3;0;2;0;1;0;2;2;-22,92380194;-44,32287703;"SPRF-RJ";"DEL03-RJ";"UOP02-DEL03-RJ"
246107;2019-10-30;"quarta-feira";"13:40:00";"PR";469;13,1;"FOZ DO IGUACU";"Falta de Atenção à Condução";"Colisão transversal";"Com Vítimas Feridas";"Pleno dia";"Crescente";"Sol";"Simples";"Interseção de Vias";"Sim";2;0;0;1;1;0;1;2;-25,5754;-54,5489;"SPRF-PR";"DEL05-PR";"UOP04-DEL05-PR"
246109;2019-10-30;"quarta-feira";"14:10:00";"SP";381;73;"MAIRIPORA";"Velocidade Incompatível";"Queda de ocupante de veículo";"Com Vítimas Feridas";"Pleno dia";"Decrescente";"Sol";"Dupla";"Reta";"Não";1;0;1;0;0;0;1;1;-23,36553404;-46,55253934;"SPRF-SP";"DEL03-SP";"UOP01-DEL03-SP"
246110;2019-10-30;"quarta-feira";"12:30:00";"RO";364;341,5;"JI-PARANA";"Falta de Atenção à Condução";"Engavetamento";"Com Vítimas Feridas";"Pleno dia";"Decrescente";"Céu Claro";"Múltipla";"Reta";"Sim";3;0;2;0;1;0;2;3;-10,88987987;-61,93126772;"SPRF-RO";"DEL02-RO";"UOP01-DEL02-RO"
246111;2019-10-30;"quarta-feira";"14:45:00";"RS";386;360;"ESTRELA";"Avarias e/ou desgaste excessivo no pneu";"Saída de leito carroçável";"Com Vítimas Feridas";"Pleno dia";"Crescente";"Chuva";"Dupla";"Curva";"Não";1;0;1;0;0;0;1;1;-29,5510879;-51,90452099;"SPRF-RS";"DEL04-RS";"UOP02-DEL04-RS"
246114;2019-10-30;"quarta-feira";"15:20:00";"MG";381;478,3;"CONTAGEM";"Falta de Atenção à Condução";"Colisão traseira";"Com Vítimas Feridas";"Pleno dia";"Crescente";"Nublado";"Múltipla";"Reta";"Sim";3;0;1;0;2;0;1;2;-19,96270024;-44,05036926;"SPRF-MG";"DEL01-MG";"UOP03-DEL01-MG"