"id";"data_inversa";"dia_semana";"horario";"uf";"br";"km";"municipio";"causa_acidente";"tipo_acidente";"classificacao_acidente";"fase_dia";"sentido_via";"condicao_metereologica";"tipo_pista";"tracado_via";"uso_solo";"pessoas";"mortos";"feridos_leves";"feridos_graves";"ilesos";"ignorados";"feridos";"veiculos";"latitude";"longitude";"regional";"delegacia";"uop"
246714;2019-11-02;"sábado";"05:35:00";"RJ";393;285;"VOLTA REDONDA";"Falta de Atenção à Condução";"Colisão com objeto estático";"Com Vítimas Feridas";"Pleno dia";"Crescente";"Céu Claro";"Simples";"Reta";"Não";2;0;1;0;1;0;1;1;-22,481726;-44,06308602;"SPRF-RJ";"DEL05-RJ";"UOP04-DEL05-RJ"
246715;2019-11-02;"sábado";"06:38:00";"MS";163;256;"DOURADOS";"Falta de Atenção à Condução";"Colisão com objeto estático";"Com Vítimas Feridas";"Pleno dia";"Crescente";"Sol";"Dupla";"Rotatória";"Sim";1;0;1;0;0;0;1;1;-22,25895792;-54,80388165;"SPRF-MS";"DEL04-MS";"UOP01-DEL04-MS"
246716;2019-11-02;"sábado";"06:20:00";"PR";277;112;"CAMPO LARGO";"Falta de Atenção à Condução";"Colisão traseira";"Com Vítimas Feridas";"Amanhecer";"Crescente";"Nublado";"Dupla";"Reta";"Não";2;0;1;0;1;0;1;2;-25,44715188;-49,48051799;"SPRF-PR";"DEL01-PR";"UOP06-DEL01-PR"
246718;2019-11-02;"sábado";"06:00:00";"RS";116;114;"SAO MARCOS";"Ingestão de Álcool";"Saída de leito carroçável";"Com Vítimas Feridas";"Amanhecer";"Decrescente";"Sol";"Simples";"Curva";"Sim";1;0;1;0;0;0;1;1;-28,96397179;-51,0753428;"SPRF-RS";"DEL05-RS";"UOP01-DEL05-RS"
246720;2019-11-02;"sábado";"07:45:00";"RS";285;293;"PASSO FUNDO";"Desobediência às normas de trânsito pelo condutor";"Colisão traseira";"Sem Vítimas";"Pleno dia";"Decrescente";"Céu Claro";"Simples";"Reta;Rotatória";"Sim";2;0;0;0;2;0;0;2;-28,236645;-52,375156;"SPRF-RS";"DEL08-RS";"UOP03-DEL08-RS"
246722;2019-11-02;"sábado";"02:15:00";"PE";407;124,6;"PETROLINA";"Falta de Atenção à Condução";"Colisão traseira";"Sem Vítimas";"Plena Noite";"Crescente";"Céu Claro";"Dupla";"Reta";"Sim";2;0;0;0;1;1;0;2;-9,36929881;-40,54137139;"SPRF-PE";"DEL06-PE";"UOP01-DEL06-PE"
246723;2019-11-02;"sábado";"08:00:00";"RS";386;50,1;"SEBERI";"Desobediência às normas de trânsito pelo condutor";"Colisão transversal";"Sem Vítimas";"Pleno dia";"Crescente";"Céu Claro";"Simples";"Reta";"Sim";2;0;0;0;2;0;0;2;-27,491682;-53,389172;"SPRF-RS";"DEL08-RS";"UOP02-DEL08-RS"
246725;2019-11-02;"sábado";"07:40:00";"SE";235;21,5;"NOSSA SENHORA DO SOCORRO";"Ultrapassagem Indevida";"Capotamento";"Com Vítimas Feridas";"Amanhecer";"Crescente";"Céu Claro";"Simples";"Curva";"Não";5;0;2;0;3;0;2;1;-10,827477;-37,227757;"SPRF-SE";"DEL01-SE";"UOP02-DEL01-SE"
246727;2019-11-02;"sábado";"06:16:00";"RJ";40;45;"AREAL";"Falta de Atenção à Condução";"Atropelamento de Pedestre";"Com Vítimas Feridas";"Pleno dia";"Decrescente";"Nublado";"Múltipla";"Reta";"Não";2;0;0;1;0;1;1;2;-22,27821816;-43,11580971;"SPRF-RJ";"DEL06-RJ";"UOP02-DEL05-RJ"
246728;2019-11-02;"sábado";"06:30:00";"RJ";40;17;"TRES RIOS";"Ingestão de álcool e/ou substâncias psicoativas pelo pedestre";"Saída de leito carroçável";"Com Vítimas Feridas";"Pleno dia";"Decrescente";"Nublado";"Dupla";"Reta";"Não";1;0;1;0;0;0;1;1;-22,079311;-43,180711;"SPRF-RJ";"DEL06-RJ";"UOP02-DEL05-RJ"
246729;2019-11-02;"sábado";"08:50:00";"SP";381;9;"VARGEM";"Velocidade Incompatível";"Colisão traseira";"Com Vítimas Feridas";"Pleno dia";"Crescente";"Céu Claro";"Dupla";"Reta";"Não";4;0;2;0;2;0;2;2;-22,91848925;-46,43468788;"SPRF-SP";"DEL03-SP";"UOP02-DEL03-SP"
246730;2019-11-02;"sábado";"08:50:00";"ES";101;76;"SAO MATEUS";"Não guardar distância de segurança";"Engavetamento";"Com Vítimas Feridas";"Pleno dia";"Decrescente";"Céu Claro";"Simples";"Reta";"Não";5;0;1;0;4;0;1;3;-18,79220409;-39,88463988;"SPRF-ES";"DEL04-ES";"UOP02-DEL04-ES"
246731;2019-09-08;"domingo";"03:51:00";"SC";470;54,4;"BLUMENAU";"Ingestão de Álcool";"Colisão transversal";"Com Vítimas Feridas";"Plena Noite";"Crescente";"Céu Claro";"Simples";"Interseção de Vias";"Sim";7;0;3;2;2;0;5;2;-26,871065;-49,110374;"SPRF-SC";"DEL04-SC";"UOP01-DEL04-SC"
246732;2019-10-10;"quinta-feira";"07:40:00";"SP";116;221;"GUARULHOS";"Desobediência às normas de trânsito pelo condutor";"Colisão traseira";"Com Vítimas Feridas";"Pleno dia";"Crescente";"Ignorado";"Múltipla";"Reta";"Sim";2;0;1;0;1;0;1;1;-23,46847656;-46,50995612;"SPRF-SP";"DEL01-SP";"UOP01-DEL01-SP"
246733;2019-11-02;"sábado";"09:25:00";"SC";101;151;"ITAPEMA";"Objeto estático sobre o leito carroçável";"Saída de leito carroçável";"Com Vítimas Feridas";"Pleno dia";"Crescente";"Sol";"Dupla";"Reta";"Sim";2;0;2;0;0;0;2;1;-27,126536;-48,609642;"SPRF-SC";"DEL04-SC";"UOP03-DEL04-SC"
246735;2019-11-02;"sábado";"07:00:00";"PB";230;125;"RIACHAO DO BACAMARTE";"Condutor Dormindo";"Tombamento";"Com Vítimas Feridas";"Pleno dia";"Crescente";"Céu Claro";"Simples";"Aclive";"Não";1;0;1;0;0;0;1;1;-7,2498;-35,6827;"SPRF-PB";"DEL02-PB";"UOP01-DEL02-PB"
246736;2019-11-02;"sábado";"09:10:00";"SP";153;73,5;"SAO JOSE DO RIO PRETO";"Não guardar distância de segurança";"Colisão traseira";"Com Vítimas Feridas";"Pleno dia";"Decrescente";"Céu Claro";"Dupla";"Aclive";"Não";6;0;1;0;5;0;1;2;-20,87627206;-49,42004692;"SPRF-SP";"DEL09-SP";"UOP01-DEL09-SP"
246737;2019-11-02;"sábado";"09:40:00";"ES";101;284;"CARIACICA";"Pista Escorregadia";"Tombamento";"Com Vítimas Feridas";"Pleno dia";"Decrescente";"Garoa/Chuvisco";"Dupla";"Reta";"Sim";2;0;1;0;1;0;1;1;-20,24334991;-40,3696926;"SPRF-ES";"DEL01-ES";"UOP01-DEL01-ES"
246738;2019-11-02;"sábado";"08:30:00";"MG";381;894;"CAMBUI";"Falta de Atenção à Condução";"Saída de leito carroçável";"Com Vítimas Feridas";"Pleno dia";"Decrescente";"Céu Claro";"Dupla";"Reta";"Não";3;0;1;0;1;1;1;2;-22,61659879;-46,0689412;"SPRF-MG";"DEL16-MG";"UOP03-DEL16-MG"
246740;2019-11-02;"sábado";"08:00:00";"SC";470;122,7;"IBIRAMA";"Velocidade Incompatível";"Saída de leito carroçável";"Com Vítimas Feridas";"Pleno dia";"Decrescente";"Chuva";"Simples";"Curva";"Não";2;0;2;0;0;0;2;1;-27,10647113;-49,52160358;"SPRF-SC";"DEL04-SC";"UOP02-DEL04-SC"
246741;2019-11-02;"sábado";"07:50:00";"SC";280;27,6;"ARAQUARI";"Falta de Atenção à Condução";"Colisão transversal";"Com Vítimas Feridas";"Pleno dia";"Decrescente";"Nublado";"Simples";"Reta";"Sim";2;0;0;1;0;1;1;2;-26,40185468;-48,74360204;"SPRF-SC";"DEL03-SC";"UOP03-DEL03-SC"
246742;2019-11-02;"sábado";"04:30:00";"SC";158;135,1;"PALMITOS";"Ingestão de Álcool";"Saída de leito carroçável";"Sem Vítimas";"Plena Noite";"Crescente";"Céu Claro";"Simples";"Curva";"Não";1;0;0;0;1;0;0;1;-27,07709623;-53,23041201;"SPRF-SC";"DEL07-SC";"UOP02-DEL07-SC"
246743;2019-11-02;"sábado";"08:00:00";"PR";376;653;"TIJUCAS DO SUL";"Velocidade Incompatível";"Engavetamento";"Com Vítimas Feridas";"Pleno dia";"Decrescente";"Sol";"Múltipla";"Reta";"Não";4;0;1;0;3;0;1;3;-25,84420191;-49,0604381;"SPRF-PR";"DEL01-PR";"UOP04-DEL01-PR"
246745;2019-11-02;"sábado";"09:20:00";"PR";277;73;"SAO JOSE DOS PINHAIS";"Falta de Atenção à Condução";"Colisão traseira";"Com Vítimas Feridas";"Pleno dia";"Crescente";"Céu Claro";"Dupla";"Reta";"Sim";2;0;0;1;1;0;1;2;-25,52124342;-49,10648119;"SPRF-PR";"DEL01-PR";"UOP01-DEL01-PR"
246747;2019-11-02;"sábado";"10:15:00";"PR";369;153,6;"LONDRINA";"Falta de Atenção à Condução";"Colisão traseira";"Sem Vítimas";"Pleno dia";"Crescente";"Céu Claro";"Dupla";"Interseção de Vias";"Sim";2;0;0;0;2;0;0;2;-23,29812263;-51,19454563;"SPRF-PR";"DEL07-PR";"UOP01-DEL07-PR"
246748;2019-11-02;"sábado";"09:45:00";"MG";50;42;"ARAGUARI";"Falta de Atenção à Condução";"Colisão traseira";"Com Vítimas Feridas";"Pleno dia";"Decrescente";"Sol";"Dupla";"Reta";"Não";3;0;1;0;2;0;1;2;-18,69101412;-48,18009275;"SPRF-MG";"DEL15-MG";"UOP02-DEL15-MG"
246749;2019-11-02;"sábado";"10:00:00";"ES";101;258,4;"SERRA";"Falta de Atenção à Condução";"Colisão traseira";"Com Vítimas Feridas";"Pleno dia";"Crescente";"Nublado";"Dupla";"Viaduto;Aclive;Curva";"Sim";5;0;3;0;2;0;3;2;-20,13059888;-40,2961019;"SPRF-ES";"DEL02-ES";"UOP01-DEL02-ES"
246751;2019-11-02;"sábado";"10:15:00";"ES";101;290;"CARIACICA";"Falta de Atenção do Pedestre";"Atropelamento de Pedestre";"Com Vítimas Feridas";"Pleno dia";"Crescente";"Céu Claro";"Dupla";"Reta";"Sim";3;0;2;1;0;0;3;2;-20,28927747;-40,39181575;"SPRF-ES";"DEL01-ES";"UOP01-DEL01-ES"
246752;2019-11-02;"sábado";"09:30:00";"RJ";116;284;"BARRA MANSA";"Falta de Atenção à Condução";"Tombamento";"Com Vítimas Feridas";"Pleno dia";"Crescente";"Sol";"Dupla";"Reta";"Não";1;0;0;1;0;0;1;1;-22,50028486;-44,23568078;"SPRF-RJ";"DEL07-RJ";"UOP02-DEL07-RJ"
246753;2019-11-02;"sábado";"09:40:00";"PI";343;185;"PIRIPIRI";"Falta de Atenção à Condução";"Colisão transversal";"Com Vítimas Feridas";"Pleno dia";"Crescente";"Céu Claro";"Simples";"Rotatória";"Não";2;0;1;0;1;0;1;2;-4,280882;-41,763885;"SPRF-PI";"DEL02-PI";"UOP01-DEL02-PI"
246755;2019-11-02;"sábado";"08:55:00";"MG";262;803,9;"UBERABA";"Não guardar distância de segurança";"Engavetamento";"Sem Vítimas";"Pleno dia";"Crescente";"Céu Claro";"Dupla";"Reta";"Sim";3;0;0;0;3;0;0;3;-19,77509606;-47,97201785;"SPRF-MG";"DEL13-MG";"UOP01-DEL13-MG"
246756;2019-11-02;"sábado";"10:30:00";"PE";423;73,3;"JUPI";"Desobediência às normas de trânsito pelo condutor";"Colisão lateral";"Com Vítimas Feridas";"Pleno dia";"Crescente";"Céu Claro";"Simples";"Reta";"Sim";2;0;0;1;1;0;1;2;-8,71781039;-36,42290446;"SPRF-PE";"DEL03-PE";"UOP01-DEL03-PE"
246757;2019-11-02;"sábado";"11:00:00";"DF";70;3,3;"BRASILIA";"Falta de Atenção à Condução";"Colisão transversal";"Com Vítimas Feridas";"Pleno dia";"Crescente";"Céu Claro";"Dupla";"Reta;Retorno Regulamentado";"Sim";3;0;2;0;1;0;2;2;-15,802453;-48,080387;"SPRF-DF";"DEL01-DF";"UOP02-DEL03-DF"
246759;2019-11-02;"sábado";"10:30:00";"CE";116;17,7;"EUSEBIO";"Falta de Atenção à Condução";"Colisão traseira";"Com Vítimas Feridas";"Pleno dia";"Decrescente";"Sol";"Dupla";"Reta";"Sim";4;0;3;0;1;0;3;2;-3,89617918;-38,50336042;"SPRF-CE";"DEL01-CE";"UOP02-DEL01-CE"
246760;2019-11-02;"sábado";"11:03:00";"SP";101;51;"UBATUBA";"Falta de Atenção à Condução";"Colisão transversal";"Com Vítimas Feridas";"Pleno dia";"Decrescente";"Céu Claro";"Simples";"Reta";"Sim";2;0;0;1;1;0;1;2;-23,45627795;-45,07111896;"SPRF-SP";"DEL06-SP";"UOP01-DEL06-SP"
246761;2019-11-02;"sábado";"11:40:00";"SC";282;20;"PALHOCA";"Desobediência às normas de trânsito pelo pedestre";"Atropelamento de Pedestre";"Com Vítimas Feridas";"Pleno dia";"Crescente";"Nublado";"Simples";"Declive";"Sim";3;0;0;1;1;1;1;2;-27,683958;-48,71006;"SPRF-SC";"DEL01-SC";"UOP02-DEL01-SC"
246762;2019-11-02;"sábado";"11:40:00";"RJ";493;1;"ITABORAI";"Desobediência às normas de trânsito pelo condutor";"Colisão transversal";"Com Vítimas Feridas";"Pleno dia";"Decrescente";"Nublado";"Simples";"Curva";"Sim";4;0;2;0;2;0;2;2;-22,76398788;-42,92731895;"SPRF-RJ";"DEL02-RJ";"UOP02-DEL02-RJ"
246763;2019-11-02;"sábado";"09:40:00";"SC";282;207;"LAGES";"Velocidade Incompatível";"Colisão traseira";"Com Vítimas Feridas";"Pleno dia";"Decrescente";"Garoa/Chuvisco";"Simples";"Rotatória";"Não";4;0;1;0;3;0;1;2;-27,773464;-50,202095;"SPRF-SC";"DEL05-SC";"UOP01-DEL05-SC"
246766;2019-11-02;"sábado";"11:30:00";"MG";381;164;"GOVERNADOR VALADARES";"Desobediência às normas de trânsito pelo condutor";"Colisão frontal";"Com Vítimas Feridas";"Pleno dia";"Crescente";"Céu Claro";"Simples";"Curva";"Não";6;0;6;0;0;0;6;2;-18,94120195;-42,05863304;"SPRF-MG";"DEL06-MG";"UOP01-DEL06-MG"
246767;2019-11-02;"sábado";"13:00:00";"MG";50;71,6;"UBERLANDIA";"Desobediência às normas de trânsito pelo condutor";"Colisão transversal";"Com Vítimas Feridas";"Pleno dia";"Crescente";"Sol";"Múltipla";"Reta;Aclive";"Sim";2;0;1;0;1;0;1;2;-18,89811183;-48,24408001;"SPRF-MG";"DEL15-MG";"UOP01-DEL15-MG"
246768;2019-05-21;"terça-feira";"07:40:00";"PR";277;671;"MEDIANEIRA";"Defeito Mecânico no Veículo";"Tombamento";"Com Vítimas Feridas";"Amanhecer";"Decrescente";"Ignorado";"Dupla";"Reta";"Sim";2;0;1;1;0;0;2;1;-25,29625784;-54,11753118;"SPRF-PR";"DEL05-PR";"UOP02-DEL05-PR"
246769;2019-09-28;"sábado";"03:00:00";"SP";116;269,4;"TABOAO DA SERRA";"Ingestão de Álcool";"Colisão transversal";"Com Vítimas Feridas";"Plena Noite";"Crescente";"Ignorado";"Dupla";"Reta";"Sim";3;0;2;0;1;0;2;2;-23,61593059;-46,78826044;"SPRF-SP";"DEL04-SP";"UOP01-DEL04-SP"
246771;2019-11-02;"sábado";"13:15:00";"RS";290;81;"GRAVATAI";"Falta de Atenção à Condução";"Colisão traseira";"Com Vítimas Feridas";"Pleno dia";"Crescente";"Nublado";"Dupla";"Reta";"Não";3;0;0;2;1;0;2;2;-29,954445;-51,06881;"SPRF-RS";"DEL01-RS";"UOP01-DEL01-RS"
246772;2019-11-02;"sábado";"13:15:00";"MG";50;20;"UBERLANDIA";"Defeito Mecânico no Veículo";"Queda de ocupante de veículo";"Com Vítimas Feridas";"Pleno dia";"Crescente";"Sol";"Dupla";"Reta";"Não";2;0;2;0;0;0;2;1;-18,93674137;-48,20614904;"SPRF-MG";"DEL15-MG";"UOP02-DEL15-MG"
246773;2019-11-02;"sábado";"12:50:00";"RJ";116;278;"BARRA MANSA";"Falta de Atenção à Condução";"Tombamento";"Com Vítimas Feridas";"Pleno dia";"Crescente";"Nublado";"Dupla";"Curva";"Não";1;0;1;0;0;0;1;1;-22,53126813;-44,19490814;"SPRF-RJ";"DEL07-RJ";"UOP02-DEL07-RJ"
246774;2019-11-02;"sábado";"12:25:00";"SP";116;271;"TABOAO DA SERRA";"Falta de Atenção à Condução";"Colisão traseira";"Com Vítimas Feridas";"Pleno dia";"Crescente";"Céu Claro";"Dupla";"Reta";"Não";6;0;3;0;2;1;3;2;-23,61809286;-46,80556302;"SPRF-SP";"DEL04-SP";"UOP01-DEL04-SP"
246775;2019-10-02;"quarta-feira";"21:05:00";"ES";101;0,5;"SERRA";"Desobediência às normas de trânsito pelo condutor";"Colisão traseira";"Com Vítimas Feridas";"Plena Noite";"Decrescente";"Céu Claro";"Dupla";"Interseção de Vias";"Sim";3;0;2;0;1;0;2;3;-20,129093;-40,308125;"SPRF-ES";"DEL02-ES";"UOP01-DEL02-ES"
246776;2019-11-02;"sábado";"13:50:00";"MG";381;834;"SAO SEBASTIAO DA BELA VISTA";"Velocidade Incompatível";"Saída de leito carroçável";"Com Vítimas Feridas";"Pleno dia";"Decrescente";"Sol";"Dupla";"Aclive;Reta";"Sim";2;0;1;0;1;0;1;1;-22,16461802;-45,83245298;"SPRF-MG";"DEL16-MG";"UOP01-DEL16-MG"
246778;2019-11-02;"sábado";"12:45:00";"PR";277;124,8;"CAMPO LARGO";"Velocidade Incompatível";"Capotamento";"Com Vítimas Feridas";"Pleno dia";"Crescente";"Nublado";"Dupla";"Reta";"Não";4;0;4;0;0;0;4;1;-25,44663809;-49,48877001;"SPRF-PR";"DEL01-PR";"UOP06-DEL01-PR"
246780;2019-11-02;"sábado";"14:00:00";"MT";163;855;"SINOP";"Defeito Mecânico no Veículo";"Incêndio";"Sem Vítimas";"Pleno dia";"Decrescente";"Céu Claro";"Simples";"Reta";"Sim";1;0;0;0;1;0;0;1;-11,81199405;-55,48239482;"SPRF-MT";"DEL06-MT";"UOP02-DEL06-MT"
246781;2019-11-02;"sábado";"15:10:00";"SE";101;152;"ESTANCIA";"Falta de Atenção à Condução";"Colisão lateral";"Com Vítimas Feridas";"Pleno dia";"Decrescente";"Céu Claro";"Simples";"Reta";"Sim";3;0;2;0;0;1;2;2;-11,270024;-37,444016;"SPRF-SE";"DEL02-SE";"UOP01-DEL02-SE"
246782;2019-11-02;"sábado";"15:01:00";"RJ";393;284,2;"VOLTA REDONDA";"Desobediência às normas de trânsito pelo condutor";"Colisão frontal";"Com Vítimas Feridas";"Pleno dia";"Crescente";"Céu Claro";"Simples";"Reta";"Sim";2;0;1;0;1;0;1;2;-22,47341979;-44,05990606;"SPRF-RJ";"DEL05-RJ";"UOP04-DEL05-RJ"
246783;2019-11-02;"sábado";"15:15:00";"SE";101;82;"LARANJEIRAS";"Defeito na Via";"Queda de ocupante de veículo";"Com Vítimas Feridas";"Pleno dia";"Decrescente";"Céu Claro";"Dupla";"Reta";"Não";1;0;0;1;0;0;1;1;-10,81787508;-37,13924106;"SPRF-SE";"DEL01-SE";"UOP01-DEL01-SE"
246785;2019-11-02;"sábado";"15:30:00";"PE";101;51,5;"PAULISTA";"Não guardar distância de segurança";"Colisão lateral";"Com Vítimas Feridas";"Pleno dia";"Decrescente";"Céu Claro";"Múltipla";"Reta";"Sim";3;0;1;0;2;0;1;3;-7,9169968;-34,89689272;"SPRF-PE";"DEL01-PE";"UOP02-DEL01-PE"
246787;2019-11-02;"sábado";"11:15:00";"MG";381;525;"BRUMADINHO";"Velocidade Incompatível";"Colisão lateral";"Com Vítimas Feridas";"Pleno dia";"Decrescente";"Nublado";"Dupla";"Reta;Aclive";"Não";2;0;1;0;1;0;1;2;-20,16710798;-44,33422398;"SPRF-MG";"DEL04-MG";"UOP03-DEL04-MG"
246788;2019-11-02;"sábado";"15:20:00";"GO";80;26;"PADRE BERNARDO";"Desobediência às normas de trânsito pelo condutor";"Colisão transversal";"Com Vítimas Feridas";"Pleno dia";"Crescente";"Chuva";"Dupla";"Reta";"Sim";10;0;1;0;8;1;1;3;-15,61246929;-48,19834918;"SPRF-DF";"DEL01-DF";"UOP02-DEL03-DF"
246789;2019-11-02;"sábado";"15:50:00";"PR";277;518;"GUARANIACU";"Ingestão de Álcool";"Colisão transversal";"Com Vítimas Feridas";"Pleno dia";"Decrescente";"Céu Claro";"Simples";"Reta";"Não";2;0;1;0;1;0;1;2;-25,05713727;-52,86724091;"SPRF-PR";"DEL04-PR";"UOP04-DEL04-PR"
246791;2019-11-02;"sábado";"16:10:00";"RN";304;297;"MACAIBA";"Desobediência às normas de trânsito pelo condutor";"Colisão transversal";"Com Vítimas Feridas";"Pleno dia";"Decrescente";"Céu Claro";"Simples";"Declive";"Sim";4;0;2;0;0;2;2;3;-5,86534101;-35,340694;"SPRF-RN";"DEL01-RN";"UOP02-DEL01-RN"
246792;2019-11-02;"sábado";"16:45:00";"PA";163;975;"SANTAREM";"Falta de Atenção à Condução";"Colisão transversal";"Com Vítimas Feridas";"Pleno dia";"Crescente";"Céu Claro";"Simples";"Interseção de Vias;Reta;Aclive";"Não";3;0;2;0;1;0;2;2;-2,64483302;-54,79229999;"SPRF-PA";"DEL05-PA";"UOP01-DEL05-PA"
246793;2019-11-02;"sábado";"16:00:00";"MG";40;288,4;"TRES MARIAS";"Falta de Atenção à Condução";"Saída de leito carroçável";"Com Vítimas Feridas";"Pleno dia";"Crescente";"Nublado";"Simples";"Reta";"Não";2;0;1;1;0;0;2;1;-18,26397819;-45,15446732;"SPRF-MG";"DEL14-MG";"UOP02-DEL14-MG"
246795;2019-11-02;"sábado";"15:15:00";"SC";282;501,3;"XANXERE";"Ingestão de Álcool";"Colisão transversal";"Com Vítimas Feridas";"Pleno dia";"Decrescente";"Céu Claro";"Dupla";"Reta";"Sim";2;0;0;1;1;0;1;2;-26,882715;-52,381729;"SPRF-SC";"DEL07-SC";"UOP01-DEL07-SC"
246796;2019-11-02;"sábado";"17:10:00";"SP";116;219;"GUARULHOS";"Não guardar distância de segurança";"Colisão lateral";"Com Vítimas Feridas";"Anoitecer";"Crescente";"Céu Claro";"Simples";"Reta";"Não";4;0;3;0;1;0;3;2;-23,46143954;-46,48885316;"SPRF-SP";"DEL01-SP";"UOP01-DEL01-SP"
246797;2019-11-02;"sábado";"17:25:00";"RN";405;3,3;"MOSSORO";"Falta de Atenção à Condução";"Colisão transversal";"Com Vítimas Feridas";"Pleno dia";"Decrescente";"Sol";"Simples";"Reta";"Sim";2;0;1;0;1;0;1;2;-5,19386547;-37,38052995;"SPRF-RN";"DEL04-RN";"UOP02-DEL04-RN"
246798;2019-11-02;"sábado";"17:35:00";"RN";101;108;"PARNAMIRIM";"Não guardar distância de segurança";"Colisão traseira";"Com Vítimas Feridas";"Anoitecer";"Decrescente";"Céu Claro";"Dupla";"Viaduto";"Sim";2;0;1;0;0;1;1;2;-5,92825102;-35,26465683;"SPRF-RN";"DEL01-RN";"UOP01-DEL01-RN"
246799;2019-11-02;"sábado";"17:10:00";"SP";116;229;"SAO PAULO";"Desobediência às normas de trânsito pelo condutor";"Tombamento";"Com Vítimas Feridas";"Pleno dia";"Decrescente";"Nublado";"Múltipla";"Reta";"Sim";1;0;1;0;0;0;1;1;-23,51274094;-46,57595873;"SPRF-SP";"DEL01-SP";"UOP01-DEL01-SP"
246800;2019-11-02;"sábado";"18:05:00";"RN";101;75;"EXTREMOZ";"Falta de Atenção à Condução";"Queda de ocupante de veículo";"Com Vítimas Feridas";"Plena Noite";"Decrescente";"Nublado";"Dupla";"Rotatória";"Não";2;0;0;1;0;1;1;2;-5,721906;-35,27672;"SPRF-RN";"DEL02-RN";"UOP01-DEL02-RN"
246801;2019-11-02;"sábado";"18:00:00";"RN";226;40;"MACAIBA";"Ingestão de Álcool";"Atropelamento de Pedestre";"Com Vítimas Feridas";"Plena Noite";"Decrescente";"Céu Claro";"Simples";"Reta";"Sim";3;0;1;2;0;0;3;2;-5,92839425;-35,54055377;"SPRF-RN";"DEL01-RN";"UOP02-DEL01-RN"
246804;2019-11-02;"sábado";"18:30:00";"SE";235;29,2;"AREIA BRANCA";"Desobediência às normas de trânsito pelo condutor";"Capotamento";"Sem Vítimas";"Plena Noite";"Crescente";"Céu Claro";"Múltipla";"Curva;Aclive";"Não";1;0;0;0;0;1;0;1;-10,79081525;-37,27987289;"SPRF-SE";"DEL01-SE";"UOP02-DEL01-SE"
246805;2019-11-02;"sábado";"15:00:00";"BA";101;283;"LAJE";"Desobediência às normas de trânsito pelo condutor";"Colisão lateral";"Com Vítimas Feridas";"Pleno dia";"Crescente";"Céu Claro";"Simples";"Reta";"Não";3;0;0;1;0;2;1;3;-13,25171307;-39,32329328;"SPRF-BA";"DEL01-BA";"UOP02-DEL01-BA"
246806;2019-11-02;"sábado";"17:30:00";"BA";330;788,5;"BARRA DO ROCHA";"Falta de Atenção à Condução";"Colisão frontal";"Com Vítimas Feridas";"Anoitecer";"Crescente";"Céu Claro";"Simples";"Reta";"Não";2;0;2;0;0;0;2;2;-14,1916;-39,6542;"SPRF-BA";"DEL03-BA";"UOP01-DEL03-BA"
246807;2019-11-02;"sábado";"18:30:00";"CE";116;35,1;"AQUIRAZ";"Desobediência às normas de trânsito pelo condutor";"Colisão transversal";"Com Vítimas Fatais";"Plena Noite";"Crescente";"Céu Claro";"Dupla";"Curva";"Sim";3;1;0;1;1;0;1;2;-4,05218058;-38,50627716;"SPRF-CE";"DEL01-CE";"UOP02-DEL01-CE"
246808;2019-11-02;"sábado";"15:40:00";"AC";364;269;"SENA MADUREIRA";"Defeito na Via";"Saída de leito carroçável";"Com Vítimas Feridas";"Pleno dia";"Decrescente";"Céu Claro";"Simples";"Reta";"Não";3;0;3;0;0;0;3;1;-9,0865141;-68,63238202;"SPRF-AC";"DEL01-AC";"UOP01-DEL01-AC"
246809;2019-11-02;"sábado";"18:45:00";"RN";304;46,4;"MOSSORO";"Desobediência às normas de trânsito pelo condutor";"Colisão traseira";"Com Vítimas Feridas";"Anoitecer";"Crescente";"Céu Claro";"Dupla";"Reta";"Sim";3;0;2;0;0;1;2;2;-5,22432117;-37,32464392;"SPRF-RN";"DEL04-RN";"UOP01-DEL04-RN"
246810;2019-11-02;"sábado";"17:30:00";"ES";101;255,5;"SERRA";"Desobediência às normas de trânsito pelo condutor";"Colisão lateral";"Sem Vítimas";"Anoitecer";"Decrescente";"Céu Claro";"Simples";"Interseção de Vias";"Sim";2;0;0;0;1;1;0;2;-20,11487935;-40,31943619;"SPRF-ES";"DEL02-ES";"UOP01-DEL02-ES"
246811;2019-11-02;"sábado";"16:00:00";"SC";282;462,1;"PONTE SERRADA";"Falta de Atenção à Condução";"Colisão transversal";"Com Vítimas Feridas";"Pleno dia";"Crescente";"Céu Claro";"Simples";"Reta";"Sim";3;0;1;0;2;0;1;2;-26,857594;-52,050583;"SPRF-SC";"DEL07-SC";"UOP04-DEL07-SC"
246813;2019-11-02;"sábado";"05:30:00";"CE";222;7,8;"CAUCAIA";"Condutor Dormindo";"Saída de leito carroçável";"Com Vítimas Feridas";"Pleno dia";"Crescente";"Céu Claro";"Dupla";"Reta";"Sim";1;0;1;0;0;0;1;1;-3,7495132;-38,6299559;"SPRF-CE";"DEL01-CE";"UOP01-DEL01-CE"