"id";"data_inversa";"dia_semana";"horario";"uf";"br";"km";"municipio";"causa_acidente";"tipo_acidente";"classificacao_acidente";"fase_dia";"sentido_via";"condicao_metereologica";"tipo_pista";"tracado_via";"uso_solo";"pessoas";"mortos";"feridos_leves";"feridos_graves";"ilesos";"ignorados";"feridos";"veiculos";"latitude";"longitude";"regional";"delegacia";"uop"
246814;2019-11-02;"sábado";"18:20:00";"PE";116;24;"SALGUEIRO";"Deficiência ou não Acionamento do Sistema de Iluminação/Sinalização do Veículo";"Saída de leito carroçável";"Com Vítimas Feridas";"Plena Noite";"Crescente";"Céu Claro";"Simples";"Reta";"Sim";5;0;2;0;2;1;2;2;-8,04988139;-39,13789272;"SPRF-PE";"DEL05-PE";"UOP01-DEL05-PE"
246815;2019-11-02;"sábado";"19:00:00";"TO";153;443,7;"BARROLANDIA";"Ingestão de Álcool";"Saída de leito carroçável";"Com Vítimas Fatais";"Pleno dia";"Crescente";"Nublado";"Simples";"Reta";"Não";4;1;2;0;1;0;2;2;-9,76598904;-48,70398682;"SPRF-TO";"DEL02-TO";"UOP01-DEL01-TO"
246816;2019-11-02;"sábado";"19:20:00";"PR";376;1;"MARINGA";"Falta de Atenção à Condução";"Queda de ocupante de veículo";"Com Vítimas Feridas";"Plena Noite";"Decrescente";"Nublado";"Dupla";"Viaduto";"Não";1;0;1;0;0;0;1;1;-23,41001153;-51,98627472;"SPRF-PR";"DEL07-PR";"UOP01-DEL09-PR"
246817;2019-11-02;"sábado";"18:45:00";"RN";226;111,8;"SANTA CRUZ";"Desobediência às normas de trânsito pelo condutor";"Colisão transversal";"Com Vítimas Feridas";"Plena Noite";"Decrescente";"Céu Claro";"Simples";"Interseção de Vias";"Sim";3;0;3;0;0;0;3;2;-6,22365221;-36,02048105;"SPRF-RN";"DEL03-RN";"UOP02-DEL03-RN"
246818;2019-11-02;"sábado";"19:20:00";"SE";235;2;"ARACAJU";"Desobediência às normas de trânsito pelo pedestre";"Atropelamento de Pedestre";"Com Vítimas Feridas";"Plena Noite";"Decrescente";"Céu Claro";"Dupla";"Reta";"Sim";3;0;1;0;0;2;1;2;-10,9062;-37,1034;"SPRF-SE";"DEL01-SE";"UOP01-DEL01-SE"
246819;2019-11-02;"sábado";"19:30:00";"DF";70;1;"BRASILIA";"Não guardar distância de segurança";"Colisão traseira";"Com Vítimas Feridas";"Plena Noite";"Decrescente";"Céu Claro";"Dupla";"Reta";"Sim";4;0;2;0;2;0;2;2;-15,795264;-48,063801;"SPRF-DF";"DEL01-DF";"UOP02-DEL03-DF"
246820;2019-11-02;"sábado";"19:10:00";"CE";20;317,9;"CANINDE";"Desobediência às normas de trânsito pelo condutor";"Colisão transversal";"Com Vítimas Feridas";"Plena Noite";"Decrescente";"Céu Claro";"Simples";"Reta";"Não";2;0;0;1;1;0;1;2;-4,29121502;-39,24974699;"SPRF-CE";"DEL02-CE";"UOP01-DEL02-CE"
246823;2019-11-02;"sábado";"18:55:00";"RN";406;164,5;"SAO GONCALO DO AMARANTE";"Ingestão de Álcool";"Colisão lateral";"Sem Vítimas";"Plena Noite";"Crescente";"Céu Claro";"Simples";"Reta";"Não";2;0;0;0;1;1;0;2;-5,74043956;-35,34832484;"SPRF-RN";"DEL02-RN";"UOP01-DEL02-RN"
246824;2019-11-02;"sábado";"19:00:00";"PR";373;174,4;"PONTA GROSSA";"Falta de Atenção do Pedestre";"Atropelamento de Pedestre";"Com Vítimas Feridas";"Plena Noite";"Crescente";"Céu Claro";"Dupla";"Reta";"Sim";2;0;1;1;0;0;2;2;-25,07594908;-50,20995715;"SPRF-PR";"DEL03-PR";"UOP01-DEL03-PR"
246825;2019-11-02;"sábado";"12:20:00";"SC";280;126;"RIO NEGRINHO";"Falta de Atenção à Condução";"Atropelamento de Pedestre";"Com Vítimas Feridas";"Pleno dia";"Decrescente";"Céu Claro";"Simples";"Reta";"Sim";2;0;1;0;1;0;1;2;-26,23779604;-49,49427399;"SPRF-SC";"DEL06-SC";"UOP03-DEL06-SC"
246826;2019-11-02;"sábado";"19:00:00";"PI";343;337;"TERESINA";"Falta de Atenção à Condução";"Tombamento";"Com Vítimas Feridas";"Plena Noite";"Decrescente";"Céu Claro";"Simples";"Reta";"Sim";1;0;1;0;0;0;1;1;-5,061969;-42,714039;"SPRF-PI";"DEL01-PI";"UOP01-DEL01-PI"
246827;2019-11-02;"sábado";"20:10:00";"PA";230;126;"MARABA";"Ingestão de Álcool";"Queda de ocupante de veículo";"Com Vítimas Feridas";"Plena Noite";"Decrescente";"Céu Claro";"Simples";"Reta";"Sim";2;0;2;0;0;0;2;1;-5,37587385;-49,15164398;"SPRF-PA";"DEL03-PA";"UOP01-DEL03-PA"
246828;2019-11-02;"sábado";"19:25:00";"MA";10;248,2;"IMPERATRIZ";"Não guardar distância de segurança";"Colisão traseira";"Com Vítimas Feridas";"Plena Noite";"Decrescente";"Céu Claro";"Múltipla";"Reta";"Sim";4;0;1;0;2;1;1;3;-5,566143;-47,449028;"SPRF-MA";"DEL04-MA";"UOP01-DEL04-MA"
246829;2019-11-02;"sábado";"20:05:00";"SC";470;58;"BLUMENAU";"Falta de Atenção à Condução";"Colisão transversal";"Com Vítimas Feridas";"Plena Noite";"Crescente";"Céu Claro";"Simples";"Reta";"Não";2;0;1;0;1;0;1;2;-26,883879;-49,145622;"SPRF-SC";"DEL04-SC";"UOP01-DEL04-SC"
246830;2019-11-02;"sábado";"18:35:00";"RO";364;693;"CANDEIAS DO JAMARI";"Falta de Atenção do Pedestre";"Atropelamento de Pedestre";"Com Vítimas Feridas";"Pleno dia";"Crescente";"Céu Claro";"Dupla";"Interseção de Vias";"Sim";2;0;1;0;1;0;1;2;-8,798112;-63,708916;"SPRF-RO";"DEL01-RO";"UOP01-DEL01-RO"
246831;2019-11-02;"sábado";"21:02:00";"MG";153;226;"FRONTEIRA";"Falta de Atenção à Condução";"Saída de leito carroçável";"Com Vítimas Feridas";"Plena Noite";"Crescente";"Céu Claro";"Simples";"Reta";"Não";1;0;1;0;0;0;1;1;-20,2035647;-49,13188037;"SPRF-MG";"DEL13-MG";"UOP02-DEL13-MG"
246832;2019-11-02;"sábado";"18:00:00";"SC";282;343;"CAMPOS NOVOS";"Ingestão de Álcool";"Colisão lateral";"Com Vítimas Feridas";"Pleno dia";"Crescente";"Nublado";"Simples";"Reta";"Sim";5;0;2;0;3;0;2;2;-27,387402;-51,232861;"SPRF-SC";"DEL07-SC";"UOP06-DEL07-SC"
246833;2019-11-02;"sábado";"18:20:00";"MS";463;6;"DOURADOS";"Mal Súbito";"Queda de ocupante de veículo";"Com Vítimas Feridas";"Plena Noite";"Decrescente";"Ignorado";"Simples";"Aclive";"Não";1;0;0;1;0;0;1;1;-22,25638441;-54,86165608;"SPRF-MS";"DEL04-MS";"UOP01-DEL04-MS"
246834;2019-11-02;"sábado";"19:10:00";"SC";470;67;"INDAIAL";"Falta de Atenção à Condução";"Colisão transversal";"Com Vítimas Feridas";"Plena Noite";"Crescente";"Céu Claro";"Simples";"Reta";"Sim";2;0;1;1;0;0;2;2;-26,872158;-49,23127;"SPRF-SC";"DEL04-SC";"UOP01-DEL04-SC"
246835;2019-11-02;"sábado";"20:30:00";"MG";267;21,4;"ARGIRITA";"Velocidade Incompatível";"Saída de leito carroçável";"Com Vítimas Feridas";"Plena Noite";"Decrescente";"Nublado";"Simples";"Curva";"Não";1;0;1;0;0;0;1;1;-21,59432595;-42,79539954;"SPRF-MG";"DEL07-MG";"UOP01-DEL07-MG"
246836;2019-11-02;"sábado";"19:30:00";"RN";226;93,2;"TANGARA";"Falta de Atenção do Pedestre";"Atropelamento de Pedestre";"Com Vítimas Feridas";"Plena Noite";"Decrescente";"Céu Claro";"Simples";"Curva";"Não";2;0;1;1;0;0;2;2;-6,25187946;-35,86695019;"SPRF-RN";"DEL03-RN";"UOP02-DEL03-RN"
246837;2019-11-02;"sábado";"20:19:00";"SP";116;184,7;"SANTA ISABEL";"Falta de Atenção à Condução";"Colisão com objeto estático";"Sem Vítimas";"Plena Noite";"Decrescente";"Céu Claro";"Dupla";"Curva";"Sim";1;0;0;0;1;0;0;1;-23,35197301;-46,180058;"SPRF-SP";"DEL02-SP";"UOP01-DEL02-SP"
246840;2019-11-02;"sábado";"20:35:00";"ES";101;66;"SAO MATEUS";"Falta de Atenção à Condução";"Colisão traseira";"Com Vítimas Feridas";"Plena Noite";"Decrescente";"Céu Claro";"Múltipla";"Interseção de Vias";"Sim";3;0;2;0;1;0;2;2;-18,7165195;-39,87436378;"SPRF-ES";"DEL04-ES";"UOP02-DEL04-ES"
246841;2019-11-02;"sábado";"20:50:00";"CE";222;217,3;"SOBRAL";"Ingestão de álcool e/ou substâncias psicoativas pelo pedestre";"Atropelamento de Pedestre";"Com Vítimas Feridas";"Plena Noite";"Crescente";"Céu Claro";"Simples";"Aclive";"Não";2;0;0;1;1;0;1;2;-3,75648758;-40,30235011;"SPRF-CE";"DEL04-CE";"UOP01-DEL04-CE"
246842;2019-11-02;"sábado";"21:35:00";"PI";343;344,6;"TERESINA";"Falta de Atenção à Condução";"Colisão traseira";"Sem Vítimas";"Plena Noite";"Decrescente";"Céu Claro";"Simples";"Reta";"Sim";2;0;0;0;2;0;0;2;-5,094729;-42,762775;"SPRF-PI";"DEL01-PI";"UOP01-DEL01-PI"
246843;2019-11-02;"sábado";"18:29:00";"ES";262;97,9;"VENDA NOVA DO IMIGRANTE";"Falta de Atenção à Condução";"Colisão transversal";"Com Vítimas Feridas";"Plena Noite";"Decrescente";"Nublado";"Simples";"Interseção de Vias";"Não";2;0;0;1;0;1;1;2;-20,361035;-41,074649;"SPRF-ES";"DEL01-ES";"UOP02-DEL01-ES"
246844;2019-11-02;"sábado";"19:25:00";"GO";153;507,3;"APARECIDA DE GOIANIA";"Ingestão de Álcool";"Queda de ocupante de veículo";"Com Vítimas Feridas";"Plena Noite";"Crescente";"Ignorado";"Dupla";"Reta";"Sim";1;0;1;0;0;0;1;1;-16,7715;-49,2387;"SPRF-GO";"DEL01-GO";"UOP03-DEL01-GO"
246845;2019-11-02;"sábado";"19:40:00";"GO";153;534,7;"HIDROLANDIA";"Desobediência às normas de trânsito pelo condutor";"Colisão traseira";"Com Vítimas Feridas";"Plena Noite";"Decrescente";"Céu Claro";"Dupla";"Retorno Regulamentado;Reta";"Não";2;0;0;1;1;0;1;2;-17,0016;-49,2231;"SPRF-GO";"DEL01-GO";"UOP03-DEL01-GO"
246846;2019-11-02;"sábado";"20:30:00";"MG";262;480,5;"BOM DESPACHO";"Velocidade Incompatível";"Colisão com objeto estático";"Com Vítimas Feridas";"Plena Noite";"Crescente";"Céu Claro";"Simples";"Ponte";"Não";1;0;0;1;0;0;1;1;-19,78696514;-45,24828201;"SPRF-MG";"DEL08-MG";"UOP03-DEL08-MG"
246847;2019-11-02;"sábado";"21:15:00";"BA";116;908,4;"CANDIDO SALES";"Ultrapassagem Indevida";"Colisão transversal";"Com Vítimas Feridas";"Plena Noite";"Decrescente";"Céu Claro";"Simples";"Reta";"Sim";4;0;3;0;1;0;3;2;-15,42126089;-41,21621028;"SPRF-BA";"DEL08-BA";"UOP03-DEL08-BA"
246848;2019-11-02;"sábado";"19:10:00";"SC";280;28;"ARAQUARI";"Desobediência às normas de trânsito pelo condutor";"Colisão traseira";"Com Vítimas Feridas";"Plena Noite";"Decrescente";"Nublado";"Simples";"Reta";"Sim";3;0;0;1;1;1;1;3;-26,40450077;-48,74561031;"SPRF-SC";"DEL03-SC";"UOP03-DEL03-SC"
246849;2019-11-02;"sábado";"20:35:00";"PR";277;599,3;"CASCAVEL";"Ingestão de Álcool";"Saída de leito carroçável";"Sem Vítimas";"Plena Noite";"Decrescente";"Céu Claro";"Dupla";"Reta";"Não";1;0;0;0;0;1;0;1;-24,996818;-53,516253;"SPRF-PR";"DEL04-PR";"UOP01-DEL04-PR"
246851;2019-11-02;"sábado";"21:15:00";"PE";407;96,9;"PETROLINA";"Ingestão de Álcool";"Colisão traseira";"Com Vítimas Feridas";"Plena Noite";"Crescente";"Céu Claro";"Simples";"Reta";"Não";3;0;1;0;2;0;1;2;-9,14088793;-40,63665252;"SPRF-PE";"DEL06-PE";"UOP02-DEL06-PE"
246852;2019-11-02;"sábado";"21:30:00";"SC";101;52,4;"JOINVILLE";"Objeto estático sobre o leito carroçável";"Colisão com objeto estático";"Com Vítimas Feridas";"Plena Noite";"Decrescente";"Nublado";"Dupla";"Reta";"Não";3;0;2;0;1;0;2;2;-26,39111608;-48,83984239;"SPRF-SC";"DEL03-SC";"UOP01-DEL03-SC"
246854;2019-11-02;"sábado";"20:50:00";"RN";304;283,1;"MACAIBA";"Falta de Atenção à Condução";"Colisão lateral";"Com Vítimas Feridas";"Plena Noite";"Crescente";"Céu Claro";"Simples";"Reta";"Não";2;0;0;1;1;0;1;2;-5,88178314;-35,46369696;"SPRF-RN";"DEL01-RN";"UOP02-DEL01-RN"
246856;2019-11-02;"sábado";"22:40:00";"SC";101;92;"BARRA VELHA";"Falta de Atenção à Condução";"Colisão traseira";"Sem Vítimas";"Plena Noite";"Crescente";"Nublado";"Simples";"Reta";"Não";2;0;0;0;2;0;0;2;-26,6806041;-48,6931497;"SPRF-SC";"DEL03-SC";"UOP02-DEL03-SC"
246857;2019-11-02;"sábado";"22:50:00";"SP";116;207;"GUARULHOS";"Ingestão de Álcool";"Colisão lateral";"Sem Vítimas";"Plena Noite";"Crescente";"Nublado";"Múltipla";"Reta";"Sim";2;0;0;0;2;0;0;2;-23,41972188;-46,38419203;"SPRF-SP";"DEL01-SP";"UOP01-DEL01-SP"
246859;2019-11-02;"sábado";"22:30:00";"ES";259;62;"COLATINA";"Ingestão de Álcool";"Colisão traseira";"Com Vítimas Feridas";"Plena Noite";"Crescente";"Céu Claro";"Simples";"Reta";"Não";2;0;0;1;1;0;1;2;-19,53124185;-40,68990791;"SPRF-ES";"DEL02-ES";"UOP01-DEL02-ES"
246860;2019-11-02;"sábado";"21:10:00";"MA";316;611,3;"TIMON";"Falta de Atenção à Condução";"Colisão transversal";"Com Vítimas Feridas";"Plena Noite";"Decrescente";"Céu Claro";"Simples";"Rotatória";"Não";2;0;0;1;1;0;1;2;-5,07092903;-42,8737415;"SPRF-MA";"DEL03-MA";"UOP02-DEL03-MA"
246861;2019-11-02;"sábado";"23:15:00";"MG";381;479,3;"CONTAGEM";"Falta de Atenção do Pedestre";"Atropelamento de Pedestre";"Com Vítimas Fatais";"Plena Noite";"Crescente";"Céu Claro";"Dupla";"Curva";"Sim";2;1;0;1;0;0;1;2;-19,95889605;-44,069202;"SPRF-MG";"DEL01-MG";"UOP03-DEL01-MG"
246862;2019-11-02;"sábado";"22:30:00";"SC";280;56;"GUARAMIRIM";"Falta de Atenção à Condução";"Colisão transversal";"Com Vítimas Feridas";"Plena Noite";"Crescente";"Garoa/Chuvisco";"Simples";"Reta";"Sim";2;0;1;0;1;0;1;2;-26,47947677;-49,00298702;"SPRF-SC";"DEL03-SC";"UOP03-DEL03-SC"
246863;2019-11-02;"sábado";"23:00:00";"RS";471;185,8;"RIO PARDO";"Ingestão de Álcool";"Saída de leito carroçável";"Com Vítimas Feridas";"Plena Noite";"Crescente";"Garoa/Chuvisco";"Simples";"Reta";"Não";1;0;1;0;0;0;1;1;-30,121273;-52,368622;"SPRF-RS";"DEL02-RS";"UOP02-DEL02-RS"
246864;2019-11-02;"sábado";"23:20:00";"BA";116;427;"FEIRA DE SANTANA";"Velocidade Incompatível";"Colisão traseira";"Com Vítimas Feridas";"Plena Noite";"Decrescente";"Céu Claro";"Simples";"Reta";"Não";2;0;0;1;0;1;1;2;-12,26486353;-38,98944855;"SPRF-BA";"DEL02-BA";"UOP01-DEL02-BA"
246866;2019-11-02;"sábado";"21:05:00";"SP";101;51;"UBATUBA";"Desobediência às normas de trânsito pelo condutor";"Colisão frontal";"Com Vítimas Feridas";"Plena Noite";"Decrescente";"Nublado";"Simples";"Reta";"Sim";3;0;0;3;0;0;3;2;-23,45627795;-45,07111896;"SPRF-SP";"DEL06-SP";"UOP01-DEL06-SP"
246868;2019-11-02;"sábado";"23:30:00";"ES";101;313;"VIANA";"Falta de Atenção à Condução";"Tombamento";"Com Vítimas Feridas";"Plena Noite";"Crescente";"Chuva";"Simples";"Reta";"Não";2;0;2;0;0;0;2;1;-20,45266304;-40,46227791;"SPRF-ES";"DEL03-ES";"UOP01-DEL03-ES"
246869;2019-11-02;"sábado";"20:10:00";"MT";364;491;"JANGADA";"Ingestão de Álcool";"Colisão transversal";"Com Vítimas Feridas";"Plena Noite";"Crescente";"Nublado";"Simples";"Interseção de Vias";"Não";8;0;4;0;4;0;4;2;-15,31822775;-56,43162957;"SPRF-MT";"DEL01-MT";"DEL2/4-UOP02/MT"
246870;2019-11-02;"sábado";"22:50:00";"PB";230;495,2;"CAJAZEIRAS";"Condutor Dormindo";"Colisão com objeto estático";"Com Vítimas Feridas";"Plena Noite";"Decrescente";"Nublado";"Simples";"Reta";"Não";1;0;1;0;0;0;1;1;-6,8838;-38,4671;"SPRF-PB";"DEL03-PB";"UOP03-DEL03-PB"
246871;2019-11-02;"sábado";"23:25:00";"PR";116;124,8;"FAZENDA RIO GRANDE";"Falta de Atenção à Condução";"Colisão traseira";"Com Vítimas Feridas";"Plena Noite";"Crescente";"Céu Claro";"Dupla";"Reta";"Sim";3;0;1;0;2;0;1;2;-25,62772418;-49,31466948;"SPRF-PR";"DEL01-PR";"UOP03-DEL01-PR"
246872;2019-11-03;"domingo";"00:05:00";"PR";369;193,4;"ARAPONGAS";"Ingestão de Álcool";"Saída de leito carroçável";"Sem Vítimas";"Plena Noite";"Decrescente";"Céu Claro";"Dupla";"Reta";"Não";1;0;0;0;1;0;0;1;-23,483184;-51,423802;"SPRF-PR";"DEL07-PR";"UOP03-DEL07-PR"
246875;2019-11-03;"domingo";"01:02:00";"PR";376;601;"CURITIBA";"Falta de Atenção à Condução";"Colisão com objeto estático";"Com Vítimas Feridas";"Plena Noite";"Crescente";"Nublado";"Dupla";"Reta";"Não";1;0;1;0;0;0;1;1;-25,537054;-49,31404;"SPRF-PR";"DEL01-PR";"UOP06-DEL01-PR"
246876;2019-11-03;"domingo";"01:30:00";"RN";110;47,5;"MOSSORO";"Ingestão de Álcool";"Colisão com objeto estático";"Com Vítimas Feridas";"Plena Noite";"Decrescente";"Ignorado";"Simples";"Reta";"Sim";1;0;1;0;0;0;1;1;-5,20601685;-37,32918262;"SPRF-RN";"DEL04-RN";"UOP01-DEL04-RN"
246877;2019-11-03;"domingo";"01:15:00";"RS";116;258;"ESTEIO";"Ingestão de Substâncias Psicoativas";"Colisão transversal";"Com Vítimas Feridas";"Plena Noite";"Decrescente";"Nublado";"Simples";"Reta";"Não";2;0;1;0;1;0;1;2;-29,85817393;-51,1810559;"SPRF-RS";"DEL01-RS";"UOP02-DEL01-RS"
246878;2019-11-02;"sábado";"22:20:00";"RJ";40;121;"DUQUE DE CAXIAS";"Agressão Externa";"Incêndio";"Sem Vítimas";"Plena Noite";"Decrescente";"Nublado";"Dupla";"Reta";"Sim";1;0;0;0;1;0;0;1;-22,77914;-43,2857;"SPRF-RJ";"DEL01-RJ";"UOP01-DEL01-RJ"
246879;2019-11-03;"domingo";"02:40:00";"MG";381;531;"ITATIAIUCU";"Falta de Atenção à Condução";"Saída de leito carroçável";"Com Vítimas Feridas";"Plena Noite";"Decrescente";"Céu Claro";"Dupla";"Curva";"Não";2;0;1;0;1;0;1;1;-20,18182886;-44,37895835;"SPRF-MG";"DEL04-MG";"UOP03-DEL04-MG"
246880;2019-11-03;"domingo";"00:30:00";"MG";262;662,8;"IBIA";"Condutor Dormindo";"Saída de leito carroçável";"Com Vítimas Feridas";"Pleno dia";"Crescente";"Céu Claro";"Simples";"Curva";"Não";2;0;1;0;1;0;1;1;-19,57436983;-46,73638289;"SPRF-MG";"DEL08-MG";"UOP01-DEL08-MG"
246881;2019-11-03;"domingo";"02:30:00";"PB";101;66;"SANTA RITA";"Ingestão de Álcool";"Queda de ocupante de veículo";"Com Vítimas Feridas";"Plena Noite";"Decrescente";"Céu Claro";"Dupla";"Reta";"Não";1;0;1;0;0;0;1;1;-7,04802898;-35,04348899;"SPRF-PB";"DEL01-PB";"UOP04-DEL01-PB"
246882;2019-11-03;"domingo";"03:10:00";"ES";101;144,7;"LINHARES";"Falta de Atenção à Condução";"Queda de ocupante de veículo";"Com Vítimas Feridas";"Plena Noite";"Decrescente";"Céu Claro";"Múltipla";"Reta";"Não";1;0;0;1;0;0;1;1;-19,35188295;-40,0636685;"SPRF-ES";"DEL04-ES";"UOP01-DEL04-ES"
246883;2019-11-03;"domingo";"03:50:00";"MG";50;179,7;"UBERABA";"Ingestão de Álcool";"Saída de leito carroçável";"Sem Vítimas";"Amanhecer";"Crescente";"Céu Claro";"Dupla";"Reta";"Sim";1;0;0;0;1;0;0;1;-19,77827047;-47,93140998;"SPRF-MG";"DEL13-MG";"UOP01-DEL13-MG"
246884;2019-11-03;"domingo";"01:35:00";"SC";101;332,3;"TUBARAO";"Desobediência às normas de trânsito pelo condutor";"Colisão frontal";"Com Vítimas Feridas";"Plena Noite";"Crescente";"Céu Claro";"Dupla";"Curva";"Não";5;0;0;1;4;0;1;2;-28,46016431;-48,98968873;"SPRF-SC";"DEL02-SC";"UOP01-DEL02-SC"
246885;2019-11-03;"domingo";"03:00:00";"SC";101;320,8;"PESCARIA BRAVA";"Animais na Pista";"Atropelamento de Animal";"Com Vítimas Feridas";"Plena Noite";"Crescente";"Céu Claro";"Dupla";"Reta";"Sim";1;0;1;0;0;0;1;1;-28,42558536;-48,90488863;"SPRF-SC";"DEL02-SC";"UOP01-DEL02-SC"
246887;2019-11-03;"domingo";"03:15:00";"PR";277;575;"CASCAVEL";"Velocidade Incompatível";"Saída de leito carroçável";"Com Vítimas Feridas";"Plena Noite";"Crescente";"Céu Claro";"Simples";"Reta";"Não";2;0;1;0;0;1;1;1;-24,98980793;-53,32115517;"SPRF-PR";"DEL04-PR";"UOP01-DEL04-PR"
246888;2019-11-03;"domingo";"01:44:00";"PR";277;523,3;"GUARANIACU";"Velocidade Incompatível";"Saída de leito carroçável";"Com Vítimas Fatais";"Plena Noite";"Decrescente";"Céu Claro";"Simples";"Curva";"Não";2;2;0;0;0;0;0;1;-25,11018112;-52,85167802;"SPRF-PR";"DEL04-PR";"UOP04-DEL04-PR"
246890;2019-11-03;"domingo";"05:00:00";"MG";381;416;"CAETE";"Falta de Atenção à Condução";"Saída de leito carroçável";"Com Vítimas Feridas";"Pleno dia";"Decrescente";"Céu Claro";"Simples";"Reta";"Sim";1;0;1;0;0;0;1;1;-19,75309407;-43,62966384;"SPRF-MG";"DEL01-MG";"UOP01-DEL01-MG"
246891;2019-11-03;"domingo";"04:30:00";"MG";381;923,5;"CAMANDUCAIA";"Velocidade Incompatível";"Colisão com objeto estático";"Sem Vítimas";"Plena Noite";"Crescente";"Céu Claro";"Dupla";"Curva";"Não";1;0;0;0;0;1;0;1;-22,7671484;-46,22667493;"SPRF-MG";"DEL16-MG";"UOP03-DEL16-MG"
246892;2019-11-03;"domingo";"03:20:00";"PR";116;146,3;"MANDIRITUBA";"Ingestão de Álcool";"Colisão traseira";"Sem Vítimas";"Plena Noite";"Crescente";"Nublado";"Simples";"Reta;Declive";"Não";2;0;0;0;2;0;0;2;-25,81659636;-49,33164066;"SPRF-PR";"DEL01-PR";"UOP03-DEL01-PR"
246894;2019-11-03;"domingo";"03:30:00";"MG";116;560,4;"MANHUACU";"Ingestão de Álcool";"Saída de leito carroçável";"Com Vítimas Feridas";"Plena Noite";"Crescente";"Céu Claro";"Simples";"Curva";"Não";2;0;1;0;0;1;1;2;-20,03218591;-42,17438624;"SPRF-MG";"DEL06-MG";"UOP03-DEL06-MG"
246895;2019-11-03;"domingo";"06:30:00";"MG";153;35;"CANAPOLIS";"Falta de Atenção à Condução";"Saída de leito carroçável";"Com Vítimas Feridas";"Pleno dia";"Crescente";"Céu Claro";"Dupla";"Reta";"Não";1;0;0;1;0;0;1;1;-18,71634072;-49,12946978;"SPRF-MG";"DEL15-MG";"UOP03-DEL15-MG"
246897;2019-11-03;"domingo";"07:10:00";"PE";232;105;"BEZERROS";"Falta de Atenção à Condução";"Saída de leito carroçável";"Com Vítimas Feridas";"Pleno dia";"Crescente";"Céu Claro";"Dupla";"Curva";"Não";1;0;1;0;0;0;1;1;-8,25830415;-35,78275595;"SPRF-PE";"DEL02-PE";"UOP03-DEL02-PE"
246898;2019-11-02;"sábado";"20:00:00";"MG";381;170;"GOVERNADOR VALADARES";"Ultrapassagem Indevida";"Colisão lateral";"Com Vítimas Feridas";"Plena Noite";"Decrescente";"Chuva";"Simples";"Reta";"Não";1;0;0;1;0;0;1;1;-18,97390915;-42,09601181;"SPRF-MG";"DEL06-MG";"UOP01-DEL06-MG"
246899;2019-11-03;"domingo";"06:30:00";"CE";116;3;"FORTALEZA";"Ingestão de Álcool";"Colisão transversal";"Com Vítimas Feridas";"Pleno dia";"Decrescente";"Nublado";"Simples";"Curva";"Sim";3;0;1;0;2;0;1;2;-3,77920357;-38,51376414;"SPRF-CE";"DEL01-CE";"UOP02-DEL01-CE"
246900;2019-11-03;"domingo";"06:00:00";"RS";290;35,2;"SANTO ANTONIO DA PATRULHA";"Condutor Dormindo";"Saída de leito carroçável";"Com Vítimas Feridas";"Amanhecer";"Crescente";"Nublado";"Múltipla";"Reta";"Não";2;0;2;0;0;0;2;1;-29,885258;-50,606964;"SPRF-RS";"DEL03-RS";"UOP01-DEL03-RS"
246901;2019-11-03;"domingo";"06:56:00";"SP";116;0,8;"QUELUZ";"Condutor Dormindo";"Saída de leito carroçável";"Com Vítimas Feridas";"Amanhecer";"Decrescente";"Sol";"Dupla";"Reta";"Sim";2;0;2;0;0;0;2;1;-22,513866;-44,69955;"SPRF-SP";"DEL08-SP";"UOP02-DEL08-SP"
246902;2019-11-02;"sábado";"21:10:00";"BA";101;640;"ITAPEBI";"Falta de Atenção à Condução";"Queda de ocupante de veículo";"Com Vítimas Feridas";"Plena Noite";"Decrescente";"Céu Claro";"Simples";"Reta";"Não";1;0;0;1;0;0;1;1;-15,88341347;-39,53155518;"SPRF-BA";"DEL05-BA";"UOP02-DEL05-BA"
246903;2019-11-03;"domingo";"06:30:00";"PR";376;488;"PONTA GROSSA";"Ingestão de Álcool";"Saída de leito carroçável";"Sem Vítimas";"Pleno dia";"Crescente";"Céu Claro";"Dupla";"Reta";"Sim";1;0;0;0;1;0;0;1;-25,08808638;-50,19447327;"SPRF-PR";"DEL03-PR";"UOP04-DEL03-PR"
246904;2019-11-03;"domingo";"07:10:00";"RJ";101;262;"RIO BONITO";"Velocidade Incompatível";"Colisão com objeto estático";"Com Vítimas Feridas";"Pleno dia";"Decrescente";"Céu Claro";"Dupla";"Curva";"Não";1;0;1;0;0;0;1;1;-22,71367506;-42,62052996;"SPRF-RJ";"DEL02-RJ";"UOP03-DEL02-RJ"
246905;2019-11-03;"domingo";"07:00:00";"RN";304;269;"SAO PEDRO";"Avarias e/ou desgaste excessivo no pneu";"Queda de ocupante de veículo";"Com Vítimas Feridas";"Pleno dia";"Crescente";"Céu Claro";"Simples";"Reta";"Não";2;0;0;2;0;0;2;1;-5,87162465;-35,57815193;"SPRF-RN";"DEL01-RN";"UOP02-DEL01-RN"
246906;2019-11-03;"domingo";"07:25:00";"AL";101;137;"SAO MIGUEL DOS CAMPOS";"Ingestão de Álcool";"Colisão frontal";"Sem Vítimas";"Pleno dia";"Crescente";"Nublado";"Simples";"Declive;Curva";"Sim";3;0;0;0;2;1;0;2;-9,80260488;-36,11277021;"SPRF-AL";"DEL02-AL";"UOP01-DEL02-AL"