"id";"data_inversa";"dia_semana";"horario";"uf";"br";"km";"municipio";"causa_acidente";"tipo_acidente";"classificacao_acidente";"fase_dia";"sentido_via";"condicao_metereologica";"tipo_pista";"tracado_via";"uso_solo";"pessoas";"mortos";"feridos_leves";"feridos_graves";"ilesos";"ignorados";"feridos";"veiculos";"latitude";"longitude";"regional";"delegacia";"uop"
246908;2019-11-03;"domingo";"05:55:00";"RS";386;209;"TIO HUGO";"Desobediência às normas de trânsito pelo condutor";"Colisão frontal";"Com Vítimas Fatais";"Amanhecer";"Crescente";"Nublado";"Simples";"Reta";"Não";48;1;43;3;1;0;46;2;-28,531424;-52,623266;"SPRF-RS";"DEL04-RS";"UOP03-DEL04-RS"
246909;2019-11-03;"domingo";"08:30:00";"BA";116;429,8;"FEIRA DE SANTANA";"Velocidade Incompatível";"Colisão com objeto estático";"Com Vítimas Fatais";"Pleno dia";"Crescente";"Céu Claro";"Dupla";"Curva";"Sim";2;1;0;1;0;0;1;1;-12,2690438;-38,98923481;"SPRF-BA";"DEL02-BA";"UOP01-DEL02-BA"
246910;2019-11-03;"domingo";"08:30:00";"MG";381;510,1;"SAO JOAQUIM DE BICAS";"Velocidade Incompatível";"Saída de leito carroçável";"Com Vítimas Feridas";"Pleno dia";"Decrescente";"Céu Claro";"Múltipla";"Reta";"Sim";2;0;0;1;1;0;1;1;-20,07738209;-44,30434488;"SPRF-MG";"DEL01-MG";"UOP03-DEL01-MG"
246911;2019-11-03;"domingo";"07:50:00";"PR";163;270,5;"TOLEDO";"Não guardar distância de segurança";"Engavetamento";"Sem Vítimas";"Pleno dia";"Crescente";"Nublado";"Simples";"Declive;Em Obras;Reta";"Não";7;0;0;0;6;1;0;5;-24,62347722;-53,90764804;"SPRF-PR";"DEL06-PR";"UOP02-DEL06-PR"
246912;2019-11-03;"domingo";"08:40:00";"CE";222;20;"CAUCAIA";"Pista Escorregadia";"Queda de ocupante de veículo";"Com Vítimas Feridas";"Pleno dia";"Decrescente";"Céu Claro";"Simples";"Rotatória";"Sim";1;0;1;0;0;0;1;1;-3,7411838;-38,7350389;"SPRF-CE";"DEL01-CE";"UOP01-DEL01-CE"
246914;2019-11-03;"domingo";"09:30:00";"SP";381;46;"ATIBAIA";"Condutor Dormindo";"Saída de leito carroçável";"Com Vítimas Feridas";"Pleno dia";"Crescente";"Céu Claro";"Múltipla";"Reta";"Sim";1;0;1;0;0;0;1;1;-23,180897;-46,580777;"SPRF-SP";"DEL03-SP";"UOP01-DEL03-SP"
246915;2019-11-03;"domingo";"09:20:00";"RJ";40;109;"DUQUE DE CAXIAS";"Falta de Atenção à Condução";"Colisão traseira";"Sem Vítimas";"Pleno dia";"Decrescente";"Céu Claro";"Múltipla";"Reta";"Sim";2;0;0;0;1;1;0;2;-22,67602045;-43,28629911;"SPRF-RJ";"DEL01-RJ";"UOP01-DEL01-RJ"
246917;2019-11-03;"domingo";"09:00:00";"PI";343;177,3;"PIRIPIRI";"Ingestão de Álcool";"Saída de leito carroçável";"Com Vítimas Fatais";"Pleno dia";"Decrescente";"Céu Claro";"Simples";"Reta";"Não";2;1;0;1;0;0;1;1;-4,21867;-41,774715;"SPRF-PI";"DEL02-PI";"UOP01-DEL02-PI"
246918;2019-11-03;"domingo";"11:00:00";"MG";459;81,1;"CONGONHAL";"Desobediência às normas de trânsito pelo condutor";"Colisão transversal";"Com Vítimas Fatais";"Pleno dia";"Decrescente";"Céu Claro";"Simples";"Reta";"Sim";2;1;1;0;0;0;1;2;-22,157059;-46,091141;"SPRF-MG";"DEL16-MG";"UOP01-DEL09-MG"
246920;2019-11-03;"domingo";"11:15:00";"SC";101;212;"PALHOCA";"Falta de Atenção à Condução";"Queda de ocupante de veículo";"Com Vítimas Feridas";"Pleno dia";"Crescente";"Céu Claro";"Dupla";"Reta";"Não";1;0;1;0;0;0;1;1;-27,62996929;-48,65903871;"SPRF-SC";"DEL01-SC";"UOP02-DEL01-SC"
246921;2019-11-03;"domingo";"11:20:00";"SC";116;217,2;"CORREIA PINTO";"Falta de Atenção à Condução";"Colisão transversal";"Com Vítimas Feridas";"Pleno dia";"Crescente";"Nublado";"Simples";"Interseção de Vias";"Não";4;0;2;0;2;0;2;2;-27,55447701;-50,37698044;"SPRF-SC";"DEL05-SC";"UOP03-DEL05-SC"
246922;2019-11-03;"domingo";"11:30:00";"SP";381;82;"SAO PAULO";"Velocidade Incompatível";"Queda de ocupante de veículo";"Com Vítimas Feridas";"Pleno dia";"Crescente";"Sol";"Dupla";"Reta";"Não";1;0;1;0;0;0;1;1;-23,42399;-46,575112;"SPRF-SP";"DEL03-SP";"UOP01-DEL03-SP"
246923;2019-11-03;"domingo";"11:55:00";"SP";116;121;"CACAPAVA";"Falta de Atenção à Condução";"Queda de ocupante de veículo";"Com Vítimas Feridas";"Pleno dia";"Crescente";"Céu Claro";"Múltipla";"Reta";"Não";1;0;1;0;0;0;1;1;-23,07631169;-45,65337222;"SPRF-SP";"DEL06-SP";"UOP02-DEL02-SP"
246924;2019-11-03;"domingo";"11:00:00";"ES";259;59,9;"COLATINA";"Falta de Atenção à Condução";"Colisão transversal";"Com Vítimas Feridas";"Pleno dia";"Crescente";"Céu Claro";"Simples";"Reta";"Não";2;0;1;0;1;0;1;2;-19,52606064;-40,67773819;"SPRF-ES";"DEL02-ES";"UOP01-DEL02-ES"
246925;2019-11-03;"domingo";"12:35:00";"PE";101;60,2;"RECIFE";"Defeito Mecânico no Veículo";"Capotamento";"Com Vítimas Feridas";"Pleno dia";"Crescente";"Céu Claro";"Dupla";"Curva";"Sim";2;0;1;1;0;0;2;1;-7,98344307;-34,93176727;"SPRF-PE";"DEL01-PE";"UOP02-DEL01-PE"
246926;2019-11-03;"domingo";"12:50:00";"SC";470;156,5;"TROMBUDO CENTRAL";"Ingestão de Álcool";"Colisão frontal";"Com Vítimas Fatais";"Pleno dia";"Decrescente";"Céu Claro";"Simples";"Curva";"Não";3;2;0;1;0;0;1;2;-27,281332;-49,760201;"SPRF-SC";"DEL04-SC";"UOP02-DEL04-SC"
246927;2019-11-03;"domingo";"12:20:00";"SE";101;85,5;"NOSSA SENHORA DO SOCORRO";"Não guardar distância de segurança";"Colisão traseira";"Com Vítimas Feridas";"Pleno dia";"Decrescente";"Céu Claro";"Dupla";"Viaduto;Reta";"Sim";4;0;2;0;2;0;2;2;-10,84356101;-37,13696712;"SPRF-SE";"DEL01-SE";"UOP01-DEL01-SE"
246929;2019-11-03;"domingo";"03:50:00";"PE";104;25,2;"TAQUARITINGA DO NORTE";"Ingestão de Álcool";"Colisão frontal";"Com Vítimas Feridas";"Plena Noite";"Decrescente";"Ignorado";"Simples";"Reta";"Não";4;0;0;3;1;0;3;2;-7,985154;-36,099102;"SPRF-PE";"DEL02-PE";"UOP01-DEL02-PE"
246930;2019-11-03;"domingo";"12:40:00";"PB";230;23;"JOAO PESSOA";"Defeito Mecânico no Veículo";"Tombamento";"Com Vítimas Feridas";"Pleno dia";"Crescente";"Céu Claro";"Dupla";"Reta";"Sim";2;0;0;2;0;0;2;1;-7,16938743;-34,86524105;"SPRF-PB";"DEL01-PB";"UOP01-DEL01-PB"
246931;2019-11-03;"domingo";"13:10:00";"SP";101;37,5;"UBATUBA";"Falta de Atenção à Condução";"Colisão transversal";"Com Vítimas Feridas";"Pleno dia";"Crescente";"Céu Claro";"Simples";"Curva";"Não";4;0;2;0;2;0;2;2;-23,40741225;-45,01862526;"SPRF-SP";"DEL06-SP";"UOP01-DEL06-SP"
246933;2019-11-03;"domingo";"11:30:00";"MG";40;740,9;"SANTOS DUMONT";"Desobediência às normas de trânsito pelo condutor";"Colisão transversal";"Com Vítimas Feridas";"Pleno dia";"Decrescente";"Nublado";"Simples";"Curva";"Sim";2;0;2;0;0;0;2;2;-21,39953901;-43,56507286;"SPRF-MG";"DEL05-MG";"UOP01-DEL05-MG"
246935;2019-11-03;"domingo";"13:50:00";"PA";316;51;"SANTA IZABEL DO PARA";"Condutor Dormindo";"Saída de leito carroçável";"Com Vítimas Feridas";"Pleno dia";"Crescente";"Sol";"Dupla";"Curva";"Não";2;0;2;0;0;0;2;1;-1,30696138;-48,03478;"SPRF-PA";"DEL01-PA";"UOP01-DEL01-PA"
246936;2019-11-03;"domingo";"11:30:00";"RO";364;417;"JARU";"Desobediência às normas de trânsito pelo condutor";"Colisão traseira";"Com Vítimas Feridas";"Pleno dia";"Crescente";"Céu Claro";"Simples";"Reta";"Não";1;0;1;0;0;0;1;1;-10,49204616;-62,42765112;"SPRF-RO";"DEL03-RO";"UOP02-DEL03-RO"
246939;2019-11-03;"domingo";"13:50:00";"MS";267;28,3;"BATAGUASSU";"Não guardar distância de segurança";"Saída de leito carroçável";"Com Vítimas Feridas";"Pleno dia";"Crescente";"Nublado";"Dupla";"Reta";"Sim";1;0;1;0;0;0;1;1;-21,72090146;-52,41360507;"SPRF-MS";"DEL02-MS";"UOP04-DEL02-MS"
246942;2019-11-03;"domingo";"14:20:00";"MG";153;229,2;"FRONTEIRA";"Mal Súbito";"Saída de leito carroçável";"Com Vítimas Feridas";"Pleno dia";"Decrescente";"Céu Claro";"Simples";"Reta";"Não";1;0;1;0;0;0;1;1;-20,22530505;-49,14936694;"SPRF-MG";"DEL13-MG";"UOP02-DEL13-MG"
246943;2019-11-03;"domingo";"09:15:00";"RS";285;626;"SANTO ANTONIO DAS MISSOES";"Falta de Atenção à Condução";"Colisão traseira";"Com Vítimas Feridas";"Pleno dia";"Crescente";"Chuva";"Simples";"Reta";"Não";2;0;1;0;1;0;1;2;-28,535891;-55,53941;"SPRF-RS";"DEL12-RS";"UOP01-DEL12-RS"
246944;2019-11-03;"domingo";"15:35:00";"PR";277;140;"BALSA NOVA";"Falta de Atenção à Condução";"Queda de ocupante de veículo";"Com Vítimas Feridas";"Pleno dia";"Crescente";"Sol";"Dupla";"Reta";"Não";1;0;1;0;0;0;1;1;-25,47146414;-49,65891123;"SPRF-PR";"DEL01-PR";"UOP06-DEL01-PR"
246945;2019-11-03;"domingo";"15:35:00";"DF";0;0;"BRASILIA";"Ingestão de Álcool";"Colisão lateral";"Sem Vítimas";"Pleno dia";"Não Informado";"Sol";"Simples";"Reta";"Sim";2;0;0;0;2;0;0;2;-15,802453;-48,080387;"SPRF-DF";"DEL01-DF";"UOP02-DEL03-DF"
246946;2019-11-03;"domingo";"14:50:00";"PR";376;2,4;"APUCARANA";"Falta de Atenção à Condução";"Queda de ocupante de veículo";"Com Vítimas Feridas";"Pleno dia";"Decrescente";"Sol";"Simples";"Declive";"Não";1;0;1;0;0;0;1;1;-23,56569827;-51,43362164;"SPRF-PR";"DEL07-PR";"UOP03-DEL07-PR"
246947;2019-11-03;"domingo";"15:30:00";"PR";376;617;"SAO JOSE DOS PINHAIS";"Avarias e/ou desgaste excessivo no pneu";"Queda de ocupante de veículo";"Com Vítimas Feridas";"Pleno dia";"Decrescente";"Nublado";"Dupla";"Reta";"Sim";2;0;2;0;0;0;2;1;-25,58426494;-49,17618795;"SPRF-PR";"DEL01-PR";"UOP01-DEL01-PR"
246948;2019-11-03;"domingo";"15:30:00";"RJ";40;119,3;"DUQUE DE CAXIAS";"Falta de Atenção à Condução";"Colisão lateral";"Sem Vítimas";"Pleno dia";"Decrescente";"Céu Claro";"Dupla";"Reta";"Sim";2;0;0;0;2;0;0;2;-22,76375592;-43,28683062;"SPRF-RJ";"DEL01-RJ";"UOP01-DEL01-RJ"
246949;2019-11-03;"domingo";"15:00:00";"RJ";356;93;"CARDOSO MOREIRA";"Desobediência às normas de trânsito pelo condutor";"Colisão lateral";"Com Vítimas Feridas";"Pleno dia";"Decrescente";"Sol";"Simples";"Reta";"Não";2;0;1;0;1;0;1;2;-21,5112422;-41,58454079;"SPRF-RJ";"DEL08-RJ";"UOP03-DEL08-RJ"
246950;2019-11-03;"domingo";"15:50:00";"SC";101;406;"ARARANGUA";"Falta de Atenção à Condução";"Colisão traseira";"Com Vítimas Feridas";"Pleno dia";"Decrescente";"Nublado";"Dupla";"Reta";"Não";4;0;1;0;1;2;1;3;-28,89284011;-49,46880088;"SPRF-SC";"DEL02-SC";"UOP02-DEL02-SC"
246951;2019-11-03;"domingo";"16:30:00";"ES";101;1,5;"SERRA";"Defeito Mecânico no Veículo";"Queda de ocupante de veículo";"Com Vítimas Feridas";"Pleno dia";"Crescente";"Céu Claro";"Dupla";"Reta";"Sim";2;0;2;0;0;0;2;1;-20,24098985;-40,28017413;"SPRF-ES";"DEL02-ES";"UOP01-DEL02-ES"
246954;2019-11-03;"domingo";"16:30:00";"BA";101;229;"SAPEACU";"Ingestão de Álcool";"Colisão transversal";"Com Vítimas Feridas";"Pleno dia";"Crescente";"Céu Claro";"Simples";"Reta";"Não";2;0;0;1;1;0;1;2;-12,82656598;-39,19998114;"SPRF-BA";"DEL01-BA";"UOP02-DEL01-BA"
246955;2019-11-03;"domingo";"17:06:00";"PA";163;1002;"SANTAREM";"Desobediência às normas de trânsito pelo condutor";"Colisão transversal";"Com Vítimas Feridas";"Pleno dia";"Decrescente";"Céu Claro";"Simples";"Interseção de Vias";"Sim";2;0;1;0;1;0;1;2;-2,45147737;-54,72955227;"SPRF-PA";"DEL05-PA";"UOP01-DEL05-PA"
246957;2019-11-03;"domingo";"17:00:00";"SC";101;199;"SAO JOSE";"Falta de Atenção à Condução";"Colisão traseira";"Com Vítimas Feridas";"Pleno dia";"Decrescente";"Chuva";"Dupla";"Reta";"Sim";4;0;1;0;2;1;1;3;-27,53413705;-48,63003205;"SPRF-SC";"DEL01-SC";"UOP01-DEL01-SC"
246958;2019-11-03;"domingo";"17:00:00";"PE";232;508,3;"SALGUEIRO";"Falta de Atenção à Condução";"Colisão transversal";"Com Vítimas Feridas";"Pleno dia";"Decrescente";"Céu Claro";"Simples";"Reta";"Sim";2;0;1;0;1;0;1;2;-8,06285782;-39,12391489;"SPRF-PE";"DEL05-PE";"UOP01-DEL05-PE"
246959;2019-11-03;"domingo";"16:30:00";"BA";324;1;"FEIRA DE SANTANA";"Ingestão de Álcool";"Colisão traseira";"Sem Vítimas";"Anoitecer";"Decrescente";"Céu Claro";"Dupla";"Reta";"Sim";2;0;0;0;2;0;0;2;-12,267113;-38,966988;"SPRF-BA";"DEL02-BA";"UOP01-DEL02-BA"
246960;2019-11-03;"domingo";"16:30:00";"PE";101;66,9;"RECIFE";"Falta de Atenção à Condução";"Colisão lateral";"Com Vítimas Feridas";"Pleno dia";"Decrescente";"Nublado";"Múltipla";"Interseção de Vias";"Sim";3;0;1;0;1;1;1;2;-8,035212;-34,941266;"SPRF-PE";"DEL01-PE";"UOP01-DEL01-PE"
246961;2019-11-03;"domingo";"16:40:00";"MG";365;602,1;"UBERLANDIA";"Falta de Atenção à Condução";"Colisão lateral";"Com Vítimas Feridas";"Pleno dia";"Decrescente";"Céu Claro";"Simples";"Reta";"Não";4;0;1;0;2;1;1;3;-18,89176675;-48,12403858;"SPRF-MG";"DEL15-MG";"UOP01-DEL15-MG"
246963;2019-11-03;"domingo";"17:20:00";"PE";101;92,7;"CABO DE SANTO AGOSTINHO";"Falta de Atenção à Condução";"Colisão traseira";"Com Vítimas Feridas";"Pleno dia";"Decrescente";"Céu Claro";"Dupla";"Reta";"Não";2;0;1;0;1;0;1;2;-8,23201792;-34,99778611;"SPRF-PE";"DEL01-PE";"UOP03-DEL01-PE"
246964;2019-11-03;"domingo";"17:20:00";"SC";470;20,3;"ILHOTA";"Falta de Atenção à Condução";"Colisão lateral";"Com Vítimas Feridas";"Pleno dia";"Crescente";"Nublado";"Simples";"Reta";"Não";2;0;1;0;1;0;1;2;-26,870115;-48,820484;"SPRF-SC";"DEL04-SC";"UOP04-DEL04-SC"
246965;2019-11-03;"domingo";"15:50:00";"AL";423;95;"DELMIRO GOUVEIA";"Falta de Atenção à Condução";"Queda de ocupante de veículo";"Com Vítimas Feridas";"Pleno dia";"Crescente";"Sol";"Simples";"Reta";"Não";1;0;0;1;0;0;1;1;-9,37554737;-38,11448387;"SPRF-BA";"DEL07-BA";"UOP01-DEL07-BA"
246966;2019-11-03;"domingo";"17:10:00";"SP";116;20,3;"LAVRINHAS";"Falta de Atenção à Condução";"Colisão com objeto estático";"Com Vítimas Feridas";"Pleno dia";"Decrescente";"Céu Claro";"Dupla";"Curva";"Não";1;0;0;1;0;0;1;1;-22,56261794;-44,86569557;"SPRF-SP";"DEL08-SP";"UOP02-DEL08-SP"
246968;2019-11-03;"domingo";"17:30:00";"PR";376;193;"MARIALVA";"Não guardar distância de segurança";"Queda de ocupante de veículo";"Sem Vítimas";"Pleno dia";"Crescente";"Céu Claro";"Dupla";"Declive";"Não";1;0;0;0;1;0;0;1;-23,4897419;-51,78941697;"SPRF-PR";"DEL07-PR";"UOP01-DEL09-PR"
246969;2019-11-03;"domingo";"17:40:00";"RS";290;125;"ELDORADO DO SUL";"Falta de Atenção à Condução";"Colisão lateral";"Com Vítimas Feridas";"Anoitecer";"Decrescente";"Nublado";"Simples";"Reta";"Não";6;0;1;4;1;0;5;3;-30,055038;-51,458992;"SPRF-RS";"DEL02-RS";"UOP01-DEL02-RS"
246970;2019-11-03;"domingo";"16:45:00";"GO";40;41,3;"LUZIANIA";"Falta de Atenção à Condução";"Colisão frontal";"Com Vítimas Fatais";"Pleno dia";"Decrescente";"Chuva";"Simples";"Curva";"Não";9;2;1;6;0;0;7;2;-16,367802;-47,826972;"SPRF-DF";"DEL01-DF";"UOP02-DEL01-DF"
246973;2019-11-03;"domingo";"14:45:00";"PR";277;229,6;"FERNANDES PINHEIRO";"Velocidade Incompatível";"Saída de leito carroçável";"Com Vítimas Feridas";"Pleno dia";"Decrescente";"Chuva";"Simples";"Curva";"Não";3;0;0;1;2;0;1;1;-25,466281;-50,533031;"SPRF-PR";"DEL03-PR";"UOP02-DEL08-PR"
246974;2019-11-03;"domingo";"17:50:00";"MG";381;842;"SAO SEBASTIAO DA BELA VISTA";"Velocidade Incompatível";"Capotamento";"Com Vítimas Feridas";"Pleno dia";"Decrescente";"Céu Claro";"Dupla";"Reta";"Não";1;0;0;1;0;0;1;1;-22,21565425;-45,86960261;"SPRF-MG";"DEL16-MG";"UOP01-DEL16-MG"
246975;2019-11-03;"domingo";"17:45:00";"ES";262;1,3;"CARIACICA";"Defeito na Via";"Tombamento";"Com Vítimas Feridas";"Anoitecer";"Crescente";"Céu Claro";"Múltipla";"Curva";"Sim";1;0;1;0;0;0;1;1;-20,32955204;-40,35492602;"SPRF-ES";"DEL01-ES";"UOP01-DEL01-ES"
246976;2019-11-03;"domingo";"18:20:00";"BA";324;367;"SAO JOSE DO JACUIPE";"Ingestão de Álcool";"Colisão traseira";"Com Vítimas Feridas";"Plena Noite";"Crescente";"Céu Claro";"Simples";"Reta";"Não";2;0;0;2;0;0;2;2;-11,41797119;-39,90815507;"SPRF-BA";"DEL04-BA";"UOP02-DEL04-BA"
246977;2019-11-03;"domingo";"17:50:00";"PB";230;59,5;"CRUZ DO ESPIRITO SANTO";"Desobediência às normas de trânsito pelo condutor";"Colisão transversal";"Com Vítimas Feridas";"Anoitecer";"Decrescente";"Céu Claro";"Dupla";"Reta";"Sim";2;0;0;1;1;0;1;2;-7,2043;-35,1305;"SPRF-PB";"DEL01-PB";"UOP03-DEL01-PB"
246978;2019-11-03;"domingo";"18:00:00";"AL";104;34,1;"UNIAO DOS PALMARES";"Falta de Atenção à Condução";"Colisão transversal";"Com Vítimas Fatais";"Plena Noite";"Crescente";"Céu Claro";"Simples";"Reta";"Sim";2;1;0;0;1;0;0;2;-9,15381;-36,01296413;"SPRF-AL";"DEL01-AL";"UOP02-DEL01-AL"
246979;2019-11-03;"domingo";"17:40:00";"PB";230;82,2;"CALDAS BRANDAO";"Velocidade Incompatível";"Tombamento";"Com Vítimas Feridas";"Plena Noite";"Crescente";"Céu Claro";"Dupla";"Curva";"Não";2;0;1;0;0;1;1;1;-7,1727;-35,3284;"SPRF-PB";"DEL01-PB";"UOP03-DEL01-PB"
246980;2019-11-03;"domingo";"18:15:00";"SC";101;126,5;"ITAJAI";"Não guardar distância de segurança";"Engavetamento";"Com Vítimas Feridas";"Anoitecer";"Decrescente";"Chuva";"Dupla";"Reta";"Não";4;0;1;0;2;1;1;3;-26,95564404;-48,67978366;"SPRF-SC";"DEL04-SC";"UOP04-DEL04-SC"
246981;2019-11-03;"domingo";"18:00:00";"CE";20;417;"MARACANAU";"Sinalização da via insuficiente ou inadequada";"Colisão com objeto estático";"Com Vítimas Feridas";"Plena Noite";"Crescente";"Céu Claro";"Dupla";"Reta";"Sim";1;0;1;0;0;0;1;1;-3,76999035;-38,67006282;"SPRF-CE";"DEL01-CE";"UOP02-DEL01-CE"
246982;2019-11-03;"domingo";"18:22:00";"MG";381;2;"BETIM";"Não guardar distância de segurança";"Colisão traseira";"Sem Vítimas";"Plena Noite";"Decrescente";"Céu Claro";"Dupla";"Aclive";"Não";3;0;0;0;3;0;0;3;-19,96915399;-44,15988922;"SPRF-MG";"DEL01-MG";"UOP03-DEL01-MG"
246983;2019-11-03;"domingo";"18:30:00";"PR";376;621,4;"SAO JOSE DOS PINHAIS";"Falta de Atenção à Condução";"Colisão traseira";"Com Vítimas Feridas";"Anoitecer";"Decrescente";"Nublado";"Dupla";"Reta";"Não";3;0;2;0;1;0;2;2;-25,61783292;-49,1690968;"SPRF-PR";"DEL01-PR";"UOP01-DEL01-PR"
246984;2019-11-03;"domingo";"17:50:00";"MG";262;363,8;"JUATUBA";"Falta de Atenção à Condução";"Colisão traseira";"Com Vítimas Feridas";"Anoitecer";"Crescente";"Céu Claro";"Dupla";"Reta";"Sim";6;0;1;0;3;2;1;2;-19,98332997;-44,23572401;"SPRF-MG";"DEL01-MG";"UOP03-DEL01-MG"
246985;2019-11-03;"domingo";"18:45:00";"ES";101;294;"CARIACICA";"Falta de Atenção à Condução";"Colisão traseira";"Com Vítimas Feridas";"Plena Noite";"Decrescente";"Céu Claro";"Dupla";"Reta";"Sim";4;0;4;0;0;0;4;2;-20,32415948;-40,3952903;"SPRF-ES";"DEL01-ES";"UOP01-DEL01-ES"
246986;2019-10-10;"quinta-feira";"19:45:00";"SC";282;1,9;"FLORIANOPOLIS";"Falta de Atenção à Condução";"Colisão lateral";"Com Vítimas Feridas";"Plena Noite";"Crescente";"Céu Claro";"Múltipla";"Reta";"Sim";2;0;1;0;1;0;1;2;-27,602955;-48,580509;"SPRF-SC";"DEL01-SC";"UOP01-DEL01-SC"
246987;2019-11-03;"domingo";"18:00:00";"SC";101;96,4;"BARRA VELHA";"Não guardar distância de segurança";"Colisão traseira";"Com Vítimas Feridas";"Anoitecer";"Crescente";"Chuva";"Dupla";"Reta";"Não";3;0;1;0;2;0;1;2;-26,72649993;-48,70235503;"SPRF-SC";"DEL03-SC";"UOP02-DEL03-SC"
246988;2019-11-03;"domingo";"18:00:00";"PR";116;47;"CAMPINA GRANDE DO SUL";"Velocidade Incompatível";"Saída de leito carroçável";"Com Vítimas Feridas";"Anoitecer";"Crescente";"Chuva";"Dupla";"Curva";"Não";3;0;0;1;2;0;1;1;-25,21058799;-48,89720903;"SPRF-PR";"DEL01-PR";"UOP02-DEL01-PR"
246990;2019-11-03;"domingo";"18:40:00";"PR";467;92,1;"CASCAVEL";"Velocidade Incompatível";"Saída de leito carroçável";"Com Vítimas Feridas";"Anoitecer";"Crescente";"Nublado";"Dupla";"Curva";"Não";2;0;1;0;1;0;1;1;-24,8543;-53,5952;"SPRF-PR";"DEL04-PR";"UOP01-DEL04-PR"
246991;2019-11-03;"domingo";"18:20:00";"MS";158;279,1;"TRES LAGOAS";"Ingestão de Álcool";"Colisão traseira";"Com Vítimas Feridas";"Plena Noite";"Decrescente";"Céu Claro";"Múltipla";"Reta";"Não";2;0;0;2;0;0;2;2;-20,82030827;-51,72620773;"SPRF-MS";"N/A";"N/A"
246992;2019-11-03;"domingo";"17:30:00";"SC";280;91,5;"CORUPA";"Pista Escorregadia";"Queda de ocupante de veículo";"Com Vítimas Feridas";"Pleno dia";"Crescente";"Chuva";"Simples";"Reta";"Não";1;0;0;1;0;0;1;1;-26,40198057;-49,29053774;"SPRF-SC";"DEL06-SC";"UOP03-DEL06-SC"
246993;2019-11-03;"domingo";"19:15:00";"PR";277;78,5;"CURITIBA";"Falta de Atenção à Condução";"Colisão traseira";"Com Vítimas Feridas";"Plena Noite";"Decrescente";"Nublado";"Dupla";"Reta";"Não";3;0;2;0;0;1;2;3;-25,48233133;-49,19368744;"SPRF-PR";"DEL01-PR";"UOP01-DEL01-PR"
246995;2019-11-03;"domingo";"19:30:00";"MG";40;695,8;"ALFREDO VASCONCELOS";"Velocidade Incompatível";"Queda de ocupante de veículo";"Com Vítimas Feridas";"Plena Noite";"Crescente";"Céu Claro";"Simples";"Reta";"Não";2;0;1;1;0;0;2;1;-21,169804;-43,756606;"SPRF-MG";"DEL05-MG";"UOP02-DEL05-MG"
246996;2019-11-03;"domingo";"19:40:00";"PE";101;44,1;"IGARASSU";"Ingestão de Álcool";"Colisão traseira";"Com Vítimas Feridas";"Plena Noite";"Crescente";"Nublado";"Múltipla";"Retorno Regulamentado;Reta";"Sim";4;0;1;0;3;0;1;2;-7,85637001;-34,90842109;"SPRF-PE";"DEL01-PE";"UOP02-DEL01-PE"
246998;2019-11-03;"domingo";"19:40:00";"GO";60;419;"RIO VERDE";"Desobediência às normas de trânsito pelo condutor";"Colisão transversal";"Com Vítimas Feridas";"Plena Noite";"Crescente";"Nublado";"Dupla";"Reta";"Não";3;0;1;0;2;0;1;3;-17,8207;-51,2323;"SPRF-GO";"DEL04-GO";"UOP01-DEL04-GO"
246999;2019-11-03;"domingo";"19:50:00";"SC";101;195,8;"BIGUACU";"Pista Escorregadia";"Tombamento";"Com Vítimas Feridas";"Plena Noite";"Crescente";"Chuva";"Dupla";"Reta";"Sim";2;0;1;1;0;0;2;1;-27,5047092;-48,65010819;"SPRF-SC";"DEL01-SC";"UOP01-DEL01-SC"
247003;2019-11-03;"domingo";"17:30:00";"MT";364;269;"JACIARA";"Falta de Atenção à Condução";"Colisão lateral";"Com Vítimas Feridas";"Anoitecer";"Decrescente";"Nublado";"Simples";"Curva";"Sim";2;0;1;0;1;0;1;2;-15,974228;-54,938;"SPRF-MT";"DEL02-MT";"UOP02-DEL05-MT"
247004;2019-11-03;"domingo";"19:20:00";"SC";101;109,9;"PENHA";"Não guardar distância de segurança";"Colisão traseira";"Sem Vítimas";"Anoitecer";"Crescente";"Chuva";"Dupla";"Reta";"Não";2;0;0;0;2;0;0;2;-26,83724435;-48,71097565;"SPRF-SC";"DEL03-SC";"UOP02-DEL03-SC"
247007;2019-11-03;"domingo";"20:25:00";"SP";116;146;"SAO JOSE DOS CAMPOS";"Falta de Atenção à Condução";"Tombamento";"Com Vítimas Feridas";"Plena Noite";"Crescente";"Céu Claro";"Dupla";"Reta";"Sim";2;0;1;0;1;0;1;1;-23,19122919;-45,86327591;"SPRF-SP";"DEL02-SP";"UOP01-DEL02-SP"
247008;2019-11-03;"domingo";"20:20:00";"PR";277;67;"SAO JOSE DOS PINHAIS";"Ingestão de Álcool";"Colisão traseira";"Sem Vítimas";"Plena Noite";"Crescente";"Chuva";"Dupla";"Reta";"Sim";2;0;0;0;2;0;0;2;-25,54511074;-49,05291088;"SPRF-PR";"DEL01-PR";"UOP07-DEL01-PR"
247010;2019-11-03;"domingo";"18:30:00";"BA";415;51;"ITABUNA";"Velocidade Incompatível";"Tombamento";"Com Vítimas Feridas";"Anoitecer";"Decrescente";"Céu Claro";"Simples";"Reta";"Sim";2;0;2;0;0;0;2;1;-14,83595655;-39,32418823;"SPRF-BA";"DEL05-BA";"UOP01-DEL05-BA"
247012;2019-11-03;"domingo";"17:30:00";"PR";369;195;"ARAPONGAS";"Defeito Mecânico no Veículo";"Queda de ocupante de veículo";"Com Vítimas Feridas";"Pleno dia";"Crescente";"Céu Claro";"Dupla";"Reta";"Não";2;0;2;0;0;0;2;1;-23,47993685;-51,42382622;"SPRF-PR";"DEL07-PR";"UOP03-DEL07-PR"