"id";"data_inversa";"dia_semana";"horario";"uf";"br";"km";"municipio";"causa_acidente";"tipo_acidente";"classificacao_acidente";"fase_dia";"sentido_via";"condicao_metereologica";"tipo_pista";"tracado_via";"uso_solo";"pessoas";"mortos";"feridos_leves";"feridos_graves";"ilesos";"ignorados";"feridos";"veiculos";"latitude";"longitude";"regional";"delegacia";"uop"
247117;2019-11-04;"segunda-feira";"06:40:00";"PI";316;77,5;"MIGUEL LEAO";"Desobediência às normas de trânsito pelo condutor";"Colisão frontal";"Com Vítimas Feridas";"Pleno dia";"Crescente";"Sol";"Simples";"Interseção de Vias";"Não";2;0;1;0;1;0;1;2;-5,71848967;-42,60454112;"SPRF-PI";"DEL01-PI";"UOP02-DEL01-PI"
247118;2019-09-12;"quinta-feira";"11:45:00";"SC";280;26,6;"ARAQUARI";"Falta de Atenção à Condução";"Atropelamento de Pedestre";"Com Vítimas Feridas";"Pleno dia";"Decrescente";"Nublado";"Simples";"Reta";"Não";3;0;1;0;1;1;1;2;-26,38972308;-48,73411593;"SPRF-SC";"DEL03-SC";"UOP03-DEL03-SC"
247119;2019-11-04;"segunda-feira";"08:43:00";"MG";40;271,9;"SAO GONCALO DO ABAETE";"Falta de Atenção à Condução";"Colisão transversal";"Com Vítimas Feridas";"Pleno dia";"Crescente";"Céu Claro";"Simples";"Reta;Declive";"Não";7;0;1;1;5;0;2;2;-18,181213;-45,269546;"SPRF-MG";"DEL14-MG";"UOP02-DEL14-MG"
247121;2019-11-04;"segunda-feira";"08:25:00";"SP";153;54,4;"SAO JOSE DO RIO PRETO";"Desobediência às normas de trânsito pelo condutor";"Saída de leito carroçável";"Com Vítimas Feridas";"Pleno dia";"Crescente";"Céu Claro";"Simples";"Curva;Aclive";"Sim";2;0;1;0;1;0;1;2;-20,74331185;-49,33848381;"SPRF-SP";"DEL09-SP";"UOP01-DEL09-SP"
247122;2019-11-04;"segunda-feira";"08:45:00";"PR";369;147,8;"LONDRINA";"Não guardar distância de segurança";"Colisão traseira";"Com Vítimas Feridas";"Pleno dia";"Crescente";"Céu Claro";"Dupla";"Reta";"Sim";4;0;1;0;2;1;1;4;-23,29309161;-51,13466263;"SPRF-PR";"DEL07-PR";"UOP01-DEL07-PR"
247127;2019-10-31;"quinta-feira";"12:48:00";"SE";235;0,3;"ARACAJU";"Desobediência às normas de trânsito pelo pedestre";"Colisão transversal";"Com Vítimas Feridas";"Pleno dia";"Crescente";"Céu Claro";"Múltipla";"Reta";"Sim";2;0;1;0;1;0;1;2;-10,9073;-37,0947;"SPRF-SE";"DEL01-SE";"UOP01-DEL01-SE"
247130;2019-08-13;"terça-feira";"21:30:00";"MA";316;620;"TIMON";"Falta de Atenção à Condução";"Colisão transversal";"Com Vítimas Feridas";"Plena Noite";"Crescente";"Céu Claro";"Simples";"Reta";"Sim";3;0;0;2;1;0;2;2;-5,12834;-42,821602;"SPRF-MA";"DEL03-MA";"UOP02-DEL03-MA"
247131;2019-11-04;"segunda-feira";"10:00:00";"RN";304;199;"LAJES";"Condutor Dormindo";"Colisão com objeto estático";"Com Vítimas Feridas";"Pleno dia";"Decrescente";"Céu Claro";"Simples";"Reta";"Não";1;0;1;0;0;0;1;1;-5,72306717;-36,17379706;"SPRF-RN";"DEL01-RN";"UOP03-DEL01-RN"
247132;2019-11-04;"segunda-feira";"10:35:00";"CE";20;313;"CANINDE";"Falta de Atenção à Condução";"Engavetamento";"Com Vítimas Feridas";"Pleno dia";"Crescente";"Céu Claro";"Simples";"Reta";"Não";5;0;1;0;4;0;1;5;-4,31910384;-39,26945147;"SPRF-CE";"DEL02-CE";"UOP01-DEL02-CE"
247133;2019-11-04;"segunda-feira";"11:15:00";"ES";101;265;"SERRA";"Desobediência às normas de trânsito pelo condutor";"Colisão transversal";"Com Vítimas Feridas";"Pleno dia";"Crescente";"Sol";"Dupla";"Reta";"Sim";4;0;1;0;1;2;1;3;-20,1816849;-40,26536036;"SPRF-ES";"DEL02-ES";"UOP01-DEL02-ES"
247135;2019-11-04;"segunda-feira";"11:30:00";"PI";316;306;"PICOS";"Falta de Atenção à Condução";"Colisão transversal";"Sem Vítimas";"Pleno dia";"Crescente";"Céu Claro";"Simples";"Reta";"Sim";2;0;0;0;2;0;0;2;-7,07700699;-41,50959795;"SPRF-PI";"DEL04-PI";"UOP01-DEL04-PI"
247136;2019-11-04;"segunda-feira";"11:25:00";"MG";381;511;"SAO JOAQUIM DE BICAS";"Não guardar distância de segurança";"Colisão traseira";"Com Vítimas Feridas";"Pleno dia";"Decrescente";"Sol";"Dupla";"Reta";"Sim";2;0;1;0;1;0;1;2;-20,08463223;-44,3099407;"SPRF-MG";"DEL01-MG";"UOP03-DEL01-MG"
247137;2019-11-04;"segunda-feira";"12:01:00";"BA";324;5;"FEIRA DE SANTANA";"Ingestão de Álcool";"Colisão traseira";"Com Vítimas Feridas";"Pleno dia";"Crescente";"Céu Claro";"Dupla";"Reta";"Sim";2;0;1;0;1;0;1;2;-12,2844448;-38,97111129;"SPRF-BA";"DEL02-BA";"UOP01-DEL02-BA"
247139;2019-11-04;"segunda-feira";"11:50:00";"MG";381;358;"JOAO MONLEVADE";"Desobediência às normas de trânsito pelo condutor";"Colisão transversal";"Com Vítimas Feridas";"Pleno dia";"Crescente";"Céu Claro";"Simples";"Reta";"Não";2;0;0;1;1;0;1;2;-19,85175308;-43,213709;"SPRF-MG";"DEL03-MG";"UOP01-DEL03-MG"
247140;2019-11-04;"segunda-feira";"11:40:00";"SP";116;219,8;"GUARULHOS";"Falta de Atenção à Condução";"Colisão lateral";"Com Vítimas Feridas";"Pleno dia";"Crescente";"Céu Claro";"Múltipla";"Reta";"Sim";2;0;1;0;1;0;1;2;-23,46143954;-46,48885316;"SPRF-SP";"DEL01-SP";"UOP01-DEL01-SP"
247141;2019-09-19;"quinta-feira";"23:50:00";"PR";163;292;"MARECHAL CANDIDO RONDON";"Velocidade Incompatível";"Saída de leito carroçável";"Com Vítimas Fatais";"Plena Noite";"Crescente";"Céu Claro";"Simples";"Curva";"Não";1;1;0;0;0;0;0;1;-24,52360956;-54,06210088;"SPRF-PR";"DEL06-PR";"UOP02-DEL06-PR"
247142;2019-11-04;"segunda-feira";"03:30:00";"RJ";116;258;"VOLTA REDONDA";"Falta de Atenção à Condução";"Saída de leito carroçável";"Sem Vítimas";"Plena Noite";"Crescente";"Céu Claro";"Dupla";"Curva;Interseção de Vias;Retorno Regulamentado";"Não";1;0;0;0;0;1;0;1;-22,58138777;-44,02160689;"SPRF-RJ";"DEL07-RJ";"UOP02-DEL07-RJ"
247143;2019-11-04;"segunda-feira";"11:00:00";"RN";101;105;"PARNAMIRIM";"Desobediência às normas de trânsito pelo condutor";"Colisão transversal";"Com Vítimas Feridas";"Pleno dia";"Decrescente";"Sol";"Dupla";"Reta";"Não";2;0;1;0;1;0;1;2;-5,90165196;-35,25928517;"SPRF-RN";"DEL01-RN";"UOP01-DEL01-RN"
247144;2019-11-04;"segunda-feira";"11:50:00";"MS";262;367,2;"CAMPO GRANDE";"Desobediência às normas de trânsito pelo condutor";"Colisão transversal";"Com Vítimas Feridas";"Pleno dia";"Crescente";"Sol";"Simples";"Reta";"Sim";3;0;1;0;2;0;1;2;-20,4075093;-54,74250197;"SPRF-MS";"DEL01-MS";"UOP03-DEL01-MS"
247146;2019-11-04;"segunda-feira";"12:45:00";"SC";101;209;"SAO JOSE";"Desobediência às normas de trânsito pelo condutor";"Colisão lateral";"Com Vítimas Feridas";"Pleno dia";"Decrescente";"Céu Claro";"Dupla";"Reta";"Sim";2;0;1;0;1;0;1;2;-27,61000542;-48,63895057;"SPRF-SC";"DEL01-SC";"UOP01-DEL01-SC"
247148;2019-11-04;"segunda-feira";"11:35:00";"RO";364;344,2;"JI-PARANA";"Falta de Atenção à Condução";"Colisão traseira";"Com Vítimas Feridas";"Pleno dia";"Crescente";"Céu Claro";"Simples";"Curva";"Sim";2;0;2;0;0;0;2;2;-10,87376391;-61,95256893;"SPRF-RO";"DEL02-RO";"UOP01-DEL02-RO"
247151;2019-11-04;"segunda-feira";"13:20:00";"ES";101;392,6;"RIO NOVO DO SUL";"Condutor Dormindo";"Saída de leito carroçável";"Com Vítimas Feridas";"Pleno dia";"Crescente";"Sol";"Simples";"Reta";"Não";1;0;1;0;0;0;1;1;-20,8658697;-40,91136932;"SPRF-ES";"DEL03-ES";"UOP02-DEL03-ES"
247153;2019-11-04;"segunda-feira";"14:21:00";"RJ";40;117;"DUQUE DE CAXIAS";"Falta de Atenção à Condução";"Colisão com objeto estático";"Com Vítimas Feridas";"Pleno dia";"Decrescente";"Céu Claro";"Múltipla";"Reta";"Sim";2;0;1;1;0;0;2;1;-22,745676;-43,2881;"SPRF-RJ";"DEL01-RJ";"UOP01-DEL01-RJ"
247154;2019-11-03;"domingo";"23:00:00";"MG";267;273,7;"AIURUOCA";"Condutor Dormindo";"Saída de leito carroçável";"Com Vítimas Feridas";"Plena Noite";"Decrescente";"Céu Claro";"Simples";"Reta";"Não";1;0;1;0;0;0;1;1;-21,93536969;-44,66495004;"SPRF-MG";"DEL05-MG";"UOP01-DEL17-MG"
247155;2019-11-04;"segunda-feira";"13:40:00";"SC";280;55,1;"GUARAMIRIM";"Falta de Atenção à Condução";"Colisão transversal";"Com Vítimas Feridas";"Pleno dia";"Crescente";"Nublado";"Simples";"Reta";"Sim";3;0;1;0;2;0;1;3;-26,47584353;-48,9937858;"SPRF-SC";"DEL03-SC";"UOP03-DEL03-SC"
247156;2019-11-04;"segunda-feira";"13:40:00";"PR";376;615;"SAO JOSE DOS PINHAIS";"Falta de Atenção à Condução";"Colisão traseira";"Com Vítimas Feridas";"Pleno dia";"Decrescente";"Céu Claro";"Dupla";"Interseção de Vias";"Sim";2;0;1;0;0;1;1;2;-25,55824921;-49,18531526;"SPRF-PR";"DEL01-PR";"UOP06-DEL01-PR"
247158;2019-11-04;"segunda-feira";"13:00:00";"PI";343;0,3;"TERESINA";"Desobediência às normas de trânsito pelo condutor";"Colisão transversal";"Com Vítimas Feridas";"Pleno dia";"Crescente";"Sol";"Dupla";"Retorno Regulamentado";"Sim";2;0;0;1;1;0;1;2;-5,07888433;-42,75209427;"SPRF-PI";"DEL01-PI";"UOP01-DEL01-PI"
247159;2019-11-04;"segunda-feira";"13:50:00";"MG";365;622;"UBERLANDIA";"Falta de Atenção à Condução";"Colisão com objeto estático";"Com Vítimas Feridas";"Pleno dia";"Crescente";"Céu Claro";"Dupla";"Em Obras";"Não";2;0;1;0;1;0;1;2;-18,90751667;-48,29937209;"SPRF-MG";"DEL15-MG";"UOP01-DEL15-MG"
247160;2019-11-04;"segunda-feira";"12:55:00";"MG";116;412,1;"GOVERNADOR VALADARES";"Falta de Atenção à Condução";"Colisão transversal";"Com Vítimas Feridas";"Pleno dia";"Decrescente";"Céu Claro";"Dupla";"Reta";"Sim";2;0;1;0;1;0;1;2;-18,86882342;-41,97144241;"SPRF-MG";"DEL06-MG";"UOP01-DEL06-MG"
247161;2019-11-04;"segunda-feira";"13:10:00";"MG";40;514;"RIBEIRAO DAS NEVES";"Falta de Atenção à Condução";"Colisão traseira";"Com Vítimas Feridas";"Pleno dia";"Crescente";"Céu Claro";"Dupla";"Reta";"Sim";4;0;1;0;3;0;1;3;-19,80151928;-44,10000333;"SPRF-MG";"DEL01-MG";"UOP02-DEL01-MG"
247165;2019-11-04;"segunda-feira";"14:40:00";"ES";101;72;"SAO MATEUS";"Desobediência às normas de trânsito pelo condutor";"Colisão transversal";"Com Vítimas Feridas";"Pleno dia";"Crescente";"Céu Claro";"Simples";"Reta";"Não";2;0;0;1;1;0;1;2;-18,76249002;-39,86354384;"SPRF-ES";"DEL04-ES";"UOP02-DEL04-ES"
247167;2019-11-04;"segunda-feira";"14:45:00";"RS";116;475,3;"SAO LOURENCO DO SUL";"Pista Escorregadia";"Colisão frontal";"Com Vítimas Feridas";"Pleno dia";"Decrescente";"Chuva";"Simples";"Curva";"Não";3;0;1;0;2;0;1;2;-31,37773268;-52,10790218;"SPRF-RS";"DEL07-RS";"UOP01-DEL07-RS"
247169;2019-11-04;"segunda-feira";"14:00:00";"DF";251;39,2;"BRASILIA";"Defeito na Via";"Capotamento";"Com Vítimas Fatais";"Pleno dia";"Decrescente";"Nublado";"Dupla";"Declive;Reta";"Não";6;1;0;5;0;0;5;1;-15,939383;-47,804717;"SPRF-DF";"DEL01-DF";"UOP01-DEL01-DF"
247173;2019-11-04;"segunda-feira";"15:20:00";"PR";116;72;"QUATRO BARRAS";"Falta de Atenção à Condução";"Saída de leito carroçável";"Sem Vítimas";"Pleno dia";"Crescente";"Céu Claro";"Dupla";"Reta";"Não";1;0;0;0;1;0;0;1;-25,351671;-49,0425;"SPRF-PR";"DEL01-PR";"UOP01-DEL01-PR"
247175;2019-11-04;"segunda-feira";"14:15:00";"PI";343;589;"FLORIANO";"Falta de Atenção à Condução";"Queda de ocupante de veículo";"Com Vítimas Feridas";"Pleno dia";"Decrescente";"Céu Claro";"Dupla";"Reta";"Sim";1;0;1;0;0;0;1;1;-6,776695;-43,009346;"SPRF-PI";"DEL03-PI";"UOP01-DEL03-PI"
247177;2019-11-04;"segunda-feira";"14:10:00";"MT";70;529;"VARZEA GRANDE";"Desobediência às normas de trânsito pelo condutor";"Colisão transversal";"Com Vítimas Feridas";"Pleno dia";"Decrescente";"Céu Claro";"Simples";"Reta";"Não";3;0;2;0;1;0;2;2;-15,65242022;-56,20137691;"SPRF-MT";"DEL01-MT";"DEL2/4-UOP02/MT"
247179;2019-11-04;"segunda-feira";"15:40:00";"PA";10;189,6;"IPIXUNA DO PARA";"Pista Escorregadia";"Capotamento";"Sem Vítimas";"Pleno dia";"Decrescente";"Chuva";"Simples";"Reta";"Não";1;0;0;0;1;0;0;1;-2,77880807;-47,45440041;"SPRF-PA";"DEL02-PA";"UOP01-DEL02-PA"
247180;2019-11-04;"segunda-feira";"15:20:00";"RJ";116;192;"QUEIMADOS";"Desobediência às normas de trânsito pelo condutor";"Colisão lateral";"Com Vítimas Feridas";"Pleno dia";"Crescente";"Céu Claro";"Simples";"Reta";"Não";5;0;1;2;2;0;3;4;-22,74207737;-43,5192401;"SPRF-RJ";"DEL01-RJ";"UOP02-DEL01-RJ"
247182;2019-10-28;"segunda-feira";"19:30:00";"MS";262;766;"CORUMBA";"Ingestão de Álcool";"Saída de leito carroçável";"Com Vítimas Feridas";"Plena Noite";"Crescente";"Céu Claro";"Simples";"Reta";"Não";1;0;1;0;0;0;1;1;-19,09182008;-57,62211036;"SPRF-MS";"DEL03-MS";"UOP03-DEL03-MS"
247183;2019-11-04;"segunda-feira";"12:30:00";"MA";135;142;"MATOES DO NORTE";"Falta de Atenção à Condução";"Colisão traseira";"Sem Vítimas";"Pleno dia";"Crescente";"Céu Claro";"Simples";"Reta";"Não";3;0;0;0;3;0;0;3;-3,68994413;-44,52351027;"SPRF-MA";"DEL01-MA";"UOP02-DEL01-MA"
247184;2019-11-04;"segunda-feira";"15:45:00";"CE";222;312,4;"TIANGUA";"Falta de Atenção à Condução";"Queda de ocupante de veículo";"Com Vítimas Feridas";"Pleno dia";"Crescente";"Céu Claro";"Simples";"Reta";"Sim";3;0;1;0;2;0;1;2;-3,71699311;-40,9914242;"SPRF-CE";"DEL04-CE";"UOP02-DEL04-CE"
247185;2019-11-04;"segunda-feira";"16:35:00";"PR";376;179,8;"MARINGA";"Carga excessiva e/ou mal acondicionada";"Derramamento de carga";"Com Vítimas Feridas";"Pleno dia";"Crescente";"Céu Claro";"Dupla";"Reta";"Sim";2;0;1;0;1;0;1;2;-23,42244278;-51,90360392;"SPRF-PR";"DEL07-PR";"UOP01-DEL09-PR"
247186;2019-11-04;"segunda-feira";"16:00:00";"SP";262;319,9;"CASTILHO";"Velocidade Incompatível";"Saída de leito carroçável";"Com Vítimas Feridas";"Pleno dia";"Decrescente";"Céu Claro";"Simples";"Rotatória";"Não";1;0;0;1;0;0;1;1;-20,7862084;-51,60115242;"SPRF-MS";"DEL07-MS";"UOP01-DEL07-MS"
247187;2019-11-04;"segunda-feira";"16:25:00";"SC";280;10,5;"SAO FRANCISCO DO SUL";"Falta de Atenção à Condução";"Colisão transversal";"Com Vítimas Feridas";"Pleno dia";"Crescente";"Nublado";"Simples";"Curva";"Não";3;0;3;0;0;0;3;2;-26,29625399;-48,64238799;"SPRF-SC";"DEL03-SC";"UOP03-DEL03-SC"
247188;2019-10-05;"sábado";"09:35:00";"MT";364;272;"JACIARA";"Mal Súbito";"Queda de ocupante de veículo";"Com Vítimas Feridas";"Pleno dia";"Crescente";"Céu Claro";"Dupla";"Reta";"Sim";1;0;0;1;0;0;1;1;-15,96667987;-54,96121981;"SPRF-MT";"DEL02-MT";"UOP02-DEL05-MT"
247189;2019-10-20;"domingo";"19:00:00";"MS";163;260;"DOURADOS";"Não guardar distância de segurança";"Colisão traseira";"Com Vítimas Feridas";"Plena Noite";"Crescente";"Garoa/Chuvisco";"Dupla";"Reta";"Não";2;0;1;1;0;0;2;2;-22,24489388;-54,77203018;"SPRF-MS";"DEL04-MS";"UOP01-DEL04-MS"
247190;2019-11-04;"segunda-feira";"16:50:00";"PR";476;96;"COLOMBO";"Velocidade Incompatível";"Colisão lateral";"Com Vítimas Feridas";"Pleno dia";"Crescente";"Céu Claro";"Simples";"Curva";"Não";2;0;1;0;1;0;1;2;-25,231136;-49,120708;"SPRF-PR";"DEL01-PR";"UOP07-DEL01-PR"
247192;2019-11-04;"segunda-feira";"17:10:00";"CE";222;124,6;"ITAPAJE";"Não guardar distância de segurança";"Colisão traseira";"Com Vítimas Feridas";"Anoitecer";"Crescente";"Céu Claro";"Simples";"Curva";"Sim";2;0;1;0;1;0;1;2;-3,69031124;-39,59833145;"SPRF-CE";"DEL04-CE";"UOP03-DEL04-CE"
247193;2019-11-04;"segunda-feira";"16:45:00";"RJ";493;102;"ITAGUAI";"Restrição de Visibilidade";"Colisão traseira";"Sem Vítimas";"Pleno dia";"Crescente";"Céu Claro";"Dupla";"Reta";"Não";4;0;0;0;4;0;0;4;-22,72713684;-43,71540427;"SPRF-RJ";"DEL03-RJ";"UOP01-DEL03-RJ"
247194;2019-11-04;"segunda-feira";"17:30:00";"RS";158;334;"SANTA MARIA";"Falta de Atenção à Condução";"Colisão transversal";"Com Vítimas Feridas";"Pleno dia";"Crescente";"Chuva";"Simples";"Reta";"Sim";3;0;1;0;2;0;1;2;-29,70751182;-53,87442198;"SPRF-RS";"DEL09-RS";"UOP01-DEL09-RS"
247195;2019-11-04;"segunda-feira";"15:40:00";"MA";135;0;"SAO LUIS";"Falta de Atenção à Condução";"Atropelamento de Pedestre";"Com Vítimas Feridas";"Pleno dia";"Decrescente";"Céu Claro";"Dupla";"Reta";"Sim";4;0;0;3;1;0;3;3;-2,5804565;-44,241947;"SPRF-MA";"DEL01-MA";"UOP01-DEL01-MA"
247197;2019-11-04;"segunda-feira";"16:20:00";"PR";376;642;"SAO JOSE DOS PINHAIS";"Defeito Mecânico no Veículo";"Incêndio";"Sem Vítimas";"Pleno dia";"Crescente";"Garoa/Chuvisco";"Dupla";"Reta";"Não";1;0;0;0;1;0;0;1;-25,79776723;-49,13128569;"SPRF-PR";"DEL01-PR";"UOP04-DEL01-PR"
247198;2019-11-04;"segunda-feira";"17:45:00";"RS";290;37;"SANTO ANTONIO DA PATRULHA";"Velocidade Incompatível";"Saída de leito carroçável";"Com Vítimas Feridas";"Pleno dia";"Decrescente";"Chuva";"Dupla";"Reta";"Não";2;0;0;1;1;0;1;2;-29,885907;-50,6278381;"SPRF-RS";"DEL03-RS";"UOP01-DEL03-RS"
247199;2019-11-04;"segunda-feira";"16:25:00";"MA";316;263;"SANTA INES";"Falta de Atenção à Condução";"Colisão frontal";"Com Vítimas Feridas";"Pleno dia";"Decrescente";"Nublado";"Múltipla";"Reta";"Sim";2;0;1;0;1;0;1;2;-3,66907447;-45,36800444;"SPRF-MA";"DEL02-MA";"UI04-DEL02-MA"
247200;2019-11-04;"segunda-feira";"17:40:00";"PR";369;208,1;"APUCARANA";"Não guardar distância de segurança";"Colisão traseira";"Com Vítimas Feridas";"Anoitecer";"Crescente";"Céu Claro";"Simples";"Reta";"Não";4;0;1;0;3;0;1;2;-23,564089;-51,496386;"SPRF-PR";"DEL07-PR";"UOP03-DEL07-PR"
247201;2019-08-26;"segunda-feira";"09:00:00";"RJ";40;112;"DUQUE DE CAXIAS";"Falta de Atenção à Condução";"Colisão lateral";"Com Vítimas Feridas";"Pleno dia";"Crescente";"Céu Claro";"Múltipla";"Reta";"Sim";2;0;1;0;1;0;1;2;-22,7004454;-43,29014851;"SPRF-RJ";"DEL01-RJ";"UOP01-DEL01-RJ"
247202;2019-11-04;"segunda-feira";"17:20:00";"MG";365;647;"UBERLANDIA";"Falta de Atenção à Condução";"Saída de leito carroçável";"Com Vítimas Feridas";"Pleno dia";"Decrescente";"Céu Claro";"Dupla";"Reta";"Não";1;0;0;1;0;0;1;1;-18,87925;-48,5043;"SPRF-MG";"DEL15-MG";"UOP01-DEL15-MG"
247203;2019-11-04;"segunda-feira";"16:50:00";"SC";101;96,7;"BALNEARIO PICARRAS";"Falta de Atenção à Condução";"Saída de leito carroçável";"Com Vítimas Feridas";"Pleno dia";"Decrescente";"Chuva";"Dupla";"Curva";"Sim";2;0;2;0;0;0;2;2;-26,718427;-48,70233;"SPRF-SC";"DEL03-SC";"UOP02-DEL03-SC"
247204;2019-11-04;"segunda-feira";"18:20:00";"RS";386;149;"SARANDI";"Falta de Atenção à Condução";"Tombamento";"Com Vítimas Feridas";"Pleno dia";"Crescente";"Céu Claro";"Simples";"Curva";"Não";24;0;8;2;14;0;10;1;-28,073166;-52,866364;"SPRF-RS";"DEL08-RS";"UOP01-DEL08-RS"
247207;2019-11-04;"segunda-feira";"18:25:00";"PE";407;128,8;"PETROLINA";"Falta de Atenção à Condução";"Colisão transversal";"Com Vítimas Feridas";"Plena Noite";"Decrescente";"Céu Claro";"Simples";"Curva";"Sim";2;0;1;0;1;0;1;2;-9,39387565;-40,51133888;"SPRF-PE";"DEL06-PE";"UOP01-DEL06-PE"
247208;2019-11-04;"segunda-feira";"17:45:00";"SC";101;405,9;"ARARANGUA";"Falta de Atenção à Condução";"Colisão traseira";"Com Vítimas Feridas";"Pleno dia";"Crescente";"Chuva";"Dupla";"Reta";"Não";2;0;2;0;0;0;2;2;-28,88548916;-49,4630158;"SPRF-SC";"DEL02-SC";"UOP02-DEL02-SC"
247212;2019-11-04;"segunda-feira";"19:00:00";"SP";116;76,8;"ROSEIRA";"Animais na Pista";"Atropelamento de Animal";"Com Vítimas Feridas";"Plena Noite";"Crescente";"Céu Claro";"Dupla";"Reta";"Não";1;0;1;0;0;0;1;1;-22,87747687;-45,27203908;"SPRF-SP";"DEL06-SP";"UOP01-DEL06-SP"
247213;2019-11-04;"segunda-feira";"14:30:00";"CE";116;545,1;"PENAFORTE";"Não guardar distância de segurança";"Colisão traseira";"Sem Vítimas";"Pleno dia";"Decrescente";"Céu Claro";"Simples";"Reta";"Sim";4;0;0;0;4;0;0;2;-7,830954;-39,087401;"SPRF-CE";"DEL05-CE";"UOP03-DEL05-CE"
247214;2019-11-04;"segunda-feira";"19:00:00";"SC";101;214,3;"PALHOCA";"Falta de Atenção à Condução";"Colisão traseira";"Com Vítimas Feridas";"Plena Noite";"Crescente";"Chuva";"Dupla";"Reta";"Sim";4;0;1;0;3;0;1;3;-27,64443;-48,67057;"SPRF-SC";"DEL01-SC";"UOP02-DEL01-SC"
247215;2019-11-04;"segunda-feira";"19:00:00";"SP";381;52,7;"MAIRIPORA";"Falta de Atenção à Condução";"Saída de leito carroçável";"Com Vítimas Feridas";"Plena Noite";"Decrescente";"Céu Claro";"Simples";"Curva";"Não";3;0;1;2;0;0;3;1;-23,235105;-46,601517;"SPRF-SP";"DEL03-SP";"UOP01-DEL03-SP"
247216;2019-11-04;"segunda-feira";"18:10:00";"RO";364;305,5;"PRESIDENTE MEDICI";"Ingestão de Álcool";"Colisão lateral";"Com Vítimas Feridas";"Plena Noite";"Decrescente";"Céu Claro";"Simples";"Reta";"Não";9;0;5;1;3;0;6;3;-11,199493;-61,90149998;"SPRF-RO";"DEL02-RO";"UOP01-DEL02-RO"
247217;2019-11-04;"segunda-feira";"17:55:00";"MG";356;265,7;"MURIAE";"Falta de Atenção à Condução";"Colisão transversal";"Com Vítimas Feridas";"Pleno dia";"Decrescente";"Céu Claro";"Simples";"Reta;Interseção de Vias";"Sim";2;0;1;0;1;0;1;2;-21,12838898;-42,366803;"SPRF-MG";"DEL07-MG";"UOP02-DEL07-MG"
247220;2019-11-04;"segunda-feira";"19:30:00";"BA";407;5;"JUAZEIRO";"Falta de Atenção à Condução";"Colisão transversal";"Com Vítimas Feridas";"Plena Noite";"Decrescente";"Céu Claro";"Simples";"Reta";"Sim";2;0;1;0;1;0;1;2;-9,44778544;-40,49043801;"SPRF-BA";"DEL04-BA";"UOP01-DEL04-BA"
247221;2019-11-04;"segunda-feira";"19:45:00";"SE";101;93,3;"NOSSA SENHORA DO SOCORRO";"Desobediência às normas de trânsito pelo pedestre";"Atropelamento de Pedestre";"Com Vítimas Fatais";"Plena Noite";"Decrescente";"Céu Claro";"Dupla";"Reta";"Sim";3;1;0;2;0;0;2;2;-10,90212319;-37,14494787;"SPRF-SE";"DEL01-SE";"UOP01-DEL01-SE"
247224;2019-11-04;"segunda-feira";"20:00:00";"GO";60;167,2;"GOIANIA";"Velocidade Incompatível";"Atropelamento de Pedestre";"Com Vítimas Fatais";"Plena Noite";"Crescente";"Chuva";"Dupla";"Reta;Interseção de Vias";"Sim";2;1;0;0;1;0;0;2;-16,7175;-49,3663;"SPRF-GO";"DEL01-GO";"UOP02-DEL01-GO"
247226;2019-11-04;"segunda-feira";"19:30:00";"RN";110;47,7;"MOSSORO";"Desobediência às normas de trânsito pelo condutor";"Colisão transversal";"Com Vítimas Feridas";"Plena Noite";"Decrescente";"Céu Claro";"Simples";"Reta";"Sim";2;0;0;1;1;0;1;2;-5,20338376;-37,32563418;"SPRF-RN";"DEL04-RN";"UOP01-DEL04-RN"
247227;2019-11-04;"segunda-feira";"19:55:00";"SC";101;217;"PALHOCA";"Falta de Atenção à Condução";"Queda de ocupante de veículo";"Com Vítimas Feridas";"Pleno dia";"Decrescente";"Céu Claro";"Múltipla";"Reta";"Não";1;0;1;0;0;0;1;1;-27,66779034;-48,67393586;"SPRF-SC";"DEL01-SC";"UOP02-DEL01-SC"
247228;2019-11-04;"segunda-feira";"18:44:00";"MG";40;520;"CONTAGEM";"Desobediência às normas de trânsito pelo condutor";"Atropelamento de Pedestre";"Com Vítimas Feridas";"Plena Noite";"Decrescente";"Céu Claro";"Dupla";"Reta";"Sim";3;0;1;2;0;0;3;2;-19,8462454;-44,07315731;"SPRF-MG";"DEL01-MG";"UOP02-DEL01-MG"
247229;2019-11-04;"segunda-feira";"18:35:00";"MT";163;841;"SINOP";"Falta de Atenção à Condução";"Queda de ocupante de veículo";"Com Vítimas Feridas";"Plena Noite";"Crescente";"Ignorado";"Simples";"Reta";"Não";1;0;0;1;0;0;1;1;-11,93347098;-55,51404107;"SPRF-MT";"DEL06-MT";"UOP02-DEL06-MT"
247230;2019-11-04;"segunda-feira";"19:50:00";"PR";369;248;"BOM SUCESSO";"Não guardar distância de segurança";"Colisão traseira";"Com Vítimas Feridas";"Plena Noite";"Decrescente";"Céu Claro";"Simples";"Reta";"Não";3;0;1;0;1;1;1;3;-23,70472;-51,73638;"SPRF-PR";"DEL07-PR";"UOP03-DEL07-PR"