"id";"data_inversa";"dia_semana";"horario";"uf";"br";"km";"municipio";"causa_acidente";"tipo_acidente";"classificacao_acidente";"fase_dia";"sentido_via";"condicao_metereologica";"tipo_pista";"tracado_via";"uso_solo";"pessoas";"mortos";"feridos_leves";"feridos_graves";"ilesos";"ignorados";"feridos";"veiculos";"latitude";"longitude";"regional";"delegacia";"uop"
247231;2019-11-04;"segunda-feira";"08:05:00";"RN";406;152,3;"CEARA-MIRIM";"Falta de Atenção à Condução";"Colisão lateral";"Sem Vítimas";"Plena Noite";"Decrescente";"Céu Claro";"Simples";"Reta";"Sim";2;0;0;0;1;1;0;2;-5,65651272;-35,41672366;"SPRF-RN";"DEL02-RN";"UOP01-DEL02-RN"
247232;2019-11-04;"segunda-feira";"19:50:00";"ES";101;149;"LINHARES";"Desobediência às normas de trânsito pelo condutor";"Colisão transversal";"Com Vítimas Feridas";"Plena Noite";"Crescente";"Céu Claro";"Dupla";"Interseção de Vias";"Não";3;0;0;1;1;1;1;3;-19,39878208;-40,06269872;"SPRF-ES";"DEL04-ES";"UOP01-DEL04-ES"
247233;2019-11-04;"segunda-feira";"19:00:00";"PI";316;48;"MONSENHOR GIL";"Animais na Pista";"Atropelamento de Animal";"Com Vítimas Fatais";"Anoitecer";"Decrescente";"Céu Claro";"Simples";"Reta";"Não";1;1;0;0;0;0;0;1;-5,47548993;-42,63739729;"SPRF-PI";"DEL01-PI";"UOP02-DEL01-PI"
247234;2019-11-04;"segunda-feira";"20:30:00";"PR";376;185,8;"SARANDI";"Defeito Mecânico no Veículo";"Saída de leito carroçável";"Com Vítimas Feridas";"Plena Noite";"Decrescente";"Céu Claro";"Dupla";"Reta;Retorno Regulamentado";"Sim";4;0;1;1;2;0;2;3;-23,45147413;-51,85361808;"SPRF-PR";"DEL07-PR";"UOP01-DEL09-PR"
247235;2019-11-04;"segunda-feira";"20:45:00";"PR";476;140,7;"CURITIBA";"Falta de Atenção do Pedestre";"Atropelamento de Pedestre";"Com Vítimas Fatais";"Plena Noite";"Decrescente";"Céu Claro";"Dupla";"Reta";"Sim";2;1;0;0;0;1;0;2;-25,520693;-49,294121;"SPRF-PR";"DEL01-PR";"UOP03-DEL01-PR"
247236;2019-11-04;"segunda-feira";"20:40:00";"PR";376;491;"PONTA GROSSA";"Falta de Atenção à Condução";"Tombamento";"Com Vítimas Feridas";"Plena Noite";"Crescente";"Nublado";"Dupla";"Reta";"Sim";1;0;1;0;0;0;1;1;-25,15130703;-50,1421625;"SPRF-PR";"DEL03-PR";"UOP04-DEL03-PR"
247238;2019-11-04;"segunda-feira";"21:20:00";"PE";232;223,9;"PESQUEIRA";"Falta de Atenção à Condução";"Saída de leito carroçável";"Com Vítimas Fatais";"Plena Noite";"Decrescente";"Céu Claro";"Simples";"Reta";"Não";1;1;0;0;0;0;0;1;-8,40436455;-36,81023008;"SPRF-PE";"DEL03-PE";"UOP02-DEL03-PE"
247241;2019-11-04;"segunda-feira";"19:00:00";"BA";110;209;"CIPO";"Falta de Atenção à Condução";"Colisão traseira";"Com Vítimas Feridas";"Plena Noite";"Decrescente";"Céu Claro";"Simples";"Reta";"Não";4;0;2;2;0;0;4;2;-11,18521008;-38,49875826;"SPRF-BA";"DEL07-BA";"UOP02-DEL07-BA"
247244;2019-11-04;"segunda-feira";"21:00:00";"RS";290;81;"GRAVATAI";"Pista Escorregadia";"Saída de leito carroçável";"Sem Vítimas";"Plena Noite";"Crescente";"Chuva";"Múltipla";"Reta";"Não";1;0;0;0;1;0;0;1;-29,954445;-51,06881;"SPRF-RS";"DEL01-RS";"UOP01-DEL01-RS"
247245;2019-11-04;"segunda-feira";"21:15:00";"CE";116;12;"FORTALEZA";"Desobediência às normas de trânsito pelo pedestre";"Atropelamento de Pedestre";"Com Vítimas Feridas";"Plena Noite";"Crescente";"Céu Claro";"Dupla";"Curva";"Sim";3;0;3;0;0;0;3;2;-3,852077;-38,495525;"SPRF-CE";"DEL01-CE";"UOP02-DEL01-CE"
247246;2019-11-04;"segunda-feira";"18:40:00";"BA";415;49;"ITABUNA";"Falta de Atenção à Condução";"Colisão transversal";"Com Vítimas Feridas";"Plena Noite";"Decrescente";"Céu Claro";"Simples";"Reta";"Não";2;0;0;1;1;0;1;2;-14,81574494;-39,29612388;"SPRF-BA";"DEL05-BA";"UOP01-DEL05-BA"
247249;2019-11-04;"segunda-feira";"22:10:00";"PE";101;71,1;"RECIFE";"Falta de Atenção à Condução";"Colisão com objeto estático";"Com Vítimas Feridas";"Plena Noite";"Crescente";"Céu Claro";"Simples";"Reta;Em Obras;Desvio Temporário";"Sim";1;0;1;0;0;0;1;1;-8,077763;-34,943049;"SPRF-PE";"DEL01-PE";"UOP01-DEL01-PE"
247250;2019-11-04;"segunda-feira";"20:35:00";"MT";70;286;"PRIMAVERA DO LESTE";"Desobediência às normas de trânsito pelo pedestre";"Atropelamento de Pedestre";"Com Vítimas Feridas";"Plena Noite";"Decrescente";"Céu Claro";"Simples";"Reta";"Não";4;0;0;1;3;0;1;2;-15,5755141;-54,34948099;"SPRF-MT";"DEL05-MT";"UOP01-DEL05-MT"
247251;2019-11-04;"segunda-feira";"19:00:00";"SC";116;137;"SANTA CECILIA";"Falta de Atenção à Condução";"Colisão transversal";"Com Vítimas Feridas";"Plena Noite";"Decrescente";"Garoa/Chuvisco";"Simples";"Curva";"Não";3;0;1;2;0;0;3;2;-26,946361;-50,42928293;"SPRF-SC";"DEL06-SC";"UOP02-DEL06-SC"
247252;2019-11-04;"segunda-feira";"23:00:00";"MG";381;483,6;"BETIM";"Falta de Atenção à Condução";"Queda de ocupante de veículo";"Com Vítimas Feridas";"Plena Noite";"Decrescente";"Nublado";"Múltipla";"Reta;Aclive";"Sim";1;0;1;0;0;0;1;1;-19,95594491;-44,10721699;"SPRF-MG";"DEL01-MG";"UOP03-DEL01-MG"
247254;2019-11-04;"segunda-feira";"20:00:00";"RS";285;111,1;"VACARIA";"Ingestão de Álcool";"Saída de leito carroçável";"Sem Vítimas";"Plena Noite";"Crescente";"Nublado";"Simples";"Declive;Curva";"Não";1;0;0;0;1;0;0;1;-28,51087;-50,848324;"SPRF-RS";"DEL05-RS";"UOP03-DEL05-RS"
247255;2019-11-04;"segunda-feira";"23:20:00";"MG";262;356;"BETIM";"Agressão Externa";"Incêndio";"Sem Vítimas";"Plena Noite";"Decrescente";"Céu Claro";"Dupla";"Reta";"Sim";1;0;0;0;0;1;0;1;-19,96890716;-44,18104581;"SPRF-MG";"DEL01-MG";"UOP03-DEL01-MG"
247257;2019-11-04;"segunda-feira";"22:40:00";"GO";60;164,3;"GOIANIA";"Avarias e/ou desgaste excessivo no pneu";"Queda de ocupante de veículo";"Com Vítimas Feridas";"Plena Noite";"Crescente";"Céu Claro";"Dupla";"Reta";"Sim";1;0;1;0;0;0;1;1;-16,705226;-49,344873;"SPRF-GO";"DEL01-GO";"UOP02-DEL01-GO"
247258;2019-11-04;"segunda-feira";"23:45:00";"RS";470;220;"BENTO GONCALVES";"Fenômenos da Natureza";"Queda de ocupante de veículo";"Com Vítimas Feridas";"Plena Noite";"Decrescente";"Chuva";"Simples";"Reta";"Sim";1;0;0;1;0;0;1;1;-29,19758117;-51,51846712;"SPRF-RS";"DEL06-RS";"UOP01-DEL06-RS"
247260;2019-11-04;"segunda-feira";"23:40:00";"PR";116;120,9;"CURITIBA";"Falta de Atenção à Condução";"Saída de leito carroçável";"Com Vítimas Feridas";"Plena Noite";"Decrescente";"Nublado";"Dupla";"Reta";"Não";1;0;1;0;0;0;1;1;-25,55122256;-49,30503748;"SPRF-PR";"DEL01-PR";"UOP03-DEL01-PR"
247261;2019-11-05;"terça-feira";"00:10:00";"PR";369;183,7;"ARAPONGAS";"Velocidade Incompatível";"Colisão traseira";"Com Vítimas Feridas";"Plena Noite";"Crescente";"Céu Claro";"Dupla";"Reta";"Sim";2;0;0;1;1;0;1;2;-23,3981714;-51,4260085;"SPRF-PR";"DEL07-PR";"UOP03-DEL07-PR"
247267;2019-11-05;"terça-feira";"03:00:00";"MG";381;943,6;"EXTREMA";"Condutor Dormindo";"Saída de leito carroçável";"Com Vítimas Feridas";"Plena Noite";"Crescente";"Chuva";"Dupla";"Reta;Aclive";"Não";1;0;1;0;0;0;1;1;-22,87018424;-46,3581479;"SPRF-MG";"DEL16-MG";"UOP03-DEL16-MG"
247268;2019-11-05;"terça-feira";"04:20:00";"SC";280;51,5;"GUARAMIRIM";"Condutor Dormindo";"Capotamento";"Com Vítimas Feridas";"Amanhecer";"Decrescente";"Nublado";"Simples";"Interseção de Vias";"Não";1;0;0;1;0;0;1;1;-26,46538871;-48,95544449;"SPRF-SC";"DEL03-SC";"UOP03-DEL03-SC"
247273;2019-11-05;"terça-feira";"04:00:00";"MS";262;601;"MIRANDA";"Desobediência às normas de trânsito pelo condutor";"Saída de leito carroçável";"Com Vítimas Feridas";"Amanhecer";"Decrescente";"Céu Claro";"Simples";"Reta";"Não";2;0;2;0;0;0;2;1;-20,10088193;-56,73549416;"SPRF-MS";"DEL03-MS";"UOP02-DEL03-MS"
247274;2019-11-05;"terça-feira";"06:50:00";"DF";70;10,3;"BRASILIA";"Desobediência às normas de trânsito pelo condutor";"Colisão traseira";"Com Vítimas Feridas";"Pleno dia";"Decrescente";"Nublado";"Dupla";"Reta";"Sim";2;0;1;0;1;0;1;2;-15,7863229;-48,13656449;"SPRF-DF";"DEL01-DF";"UOP02-DEL03-DF"
247277;2019-11-05;"terça-feira";"06:45:00";"SP";116;274,1;"TABOAO DA SERRA";"Ingestão de Álcool";"Colisão traseira";"Com Vítimas Feridas";"Pleno dia";"Decrescente";"Garoa/Chuvisco";"Dupla";"Reta";"Sim";3;0;1;1;1;0;2;2;-23,63445084;-46,82418514;"SPRF-SP";"DEL04-SP";"UOP01-DEL04-SP"
247278;2019-11-05;"terça-feira";"06:00:00";"RJ";116;278,4;"BARRA MANSA";"Falta de Atenção à Condução";"Tombamento";"Com Vítimas Feridas";"Amanhecer";"Crescente";"Céu Claro";"Dupla";"Curva";"Não";1;0;0;1;0;0;1;1;-22,55271018;-44,17778004;"SPRF-RJ";"DEL07-RJ";"UOP02-DEL07-RJ"
247279;2019-11-05;"terça-feira";"07:10:00";"ES";101;270;"SERRA";"Falta de Atenção à Condução";"Colisão lateral";"Sem Vítimas";"Pleno dia";"Decrescente";"Céu Claro";"Dupla";"Reta";"Sim";2;0;0;0;2;0;0;2;-20,22662056;-40,27075088;"SPRF-ES";"DEL02-ES";"UOP01-DEL02-ES"
247281;2019-11-05;"terça-feira";"01:40:00";"SP";116;391,9;"MIRACATU";"Falta de Atenção do Pedestre";"Atropelamento de Pedestre";"Com Vítimas Feridas";"Plena Noite";"Crescente";"Nublado";"Dupla";"Reta";"Sim";11;0;0;1;10;0;1;2;-24,27988597;-47,42392801;"SPRF-SP";"DEL04-SP";"UOP02-DEL04-SP"
247282;2019-11-05;"terça-feira";"07:20:00";"DF";40;4,3;"BRASILIA";"Condutor Dormindo";"Saída de leito carroçável";"Com Vítimas Feridas";"Pleno dia";"Crescente";"Céu Claro";"Dupla";"Reta";"Sim";2;0;1;0;1;0;1;2;-16,012033;-47,982124;"SPRF-DF";"DEL01-DF";"UOP01-DEL01-DF"
247285;2019-11-05;"terça-feira";"07:20:00";"PR";376;180,5;"MARINGA";"Falta de Atenção à Condução";"Colisão traseira";"Com Vítimas Feridas";"Pleno dia";"Decrescente";"Sol";"Dupla";"Reta";"Sim";5;0;1;0;4;0;1;3;-23,42970146;-51,89087391;"SPRF-PR";"DEL07-PR";"UOP01-DEL09-PR"
247287;2019-11-05;"terça-feira";"07:05:00";"RS";392;35,5;"RIO GRANDE";"Ingestão de Álcool";"Tombamento";"Com Vítimas Feridas";"Pleno dia";"Crescente";"Céu Claro";"Dupla";"Reta";"Não";1;0;1;0;0;0;1;1;-32,00664701;-52,28813637;"SPRF-RS";"DEL07-RS";"UOP02-DEL07-RS"
247288;2019-11-05;"terça-feira";"07:10:00";"PE";104;58,1;"CARUARU";"Falta de Atenção do Pedestre";"Atropelamento de Pedestre";"Com Vítimas Feridas";"Pleno dia";"Decrescente";"Céu Claro";"Dupla";"Reta";"Sim";2;0;1;0;1;0;1;2;-8,2265;-35,9779;"SPRF-PE";"DEL02-PE";"UOP01-DEL02-PE"
247289;2019-11-05;"terça-feira";"07:15:00";"ES";262;2;"CARIACICA";"Desobediência às normas de trânsito pelo pedestre";"Atropelamento de Pedestre";"Sem Vítimas";"Pleno dia";"Crescente";"Sol";"Dupla";"Reta";"Sim";3;0;0;0;3;0;0;3;-20,33461108;-40,36029339;"SPRF-ES";"DEL01-ES";"UOP01-DEL01-ES"
247290;2019-10-19;"sábado";"16:30:00";"PE";408;52,5;"NAZARE DA MATA";"Não guardar distância de segurança";"Colisão traseira";"Com Vítimas Feridas";"Anoitecer";"Decrescente";"Céu Claro";"Dupla";"Reta";"Sim";3;0;1;0;2;0;1;2;-7,74599502;-35,2344547;"SPRF-PE";"DEL01-PE";"UOP01-DEL01-PE"
247291;2019-11-05;"terça-feira";"08:00:00";"SC";101;212,5;"PALHOCA";"Falta de Atenção à Condução";"Colisão lateral";"Com Vítimas Feridas";"Pleno dia";"Decrescente";"Chuva";"Dupla";"Reta";"Sim";2;0;1;0;1;0;1;2;-27,62996929;-48,65903871;"SPRF-SC";"DEL01-SC";"UOP02-DEL01-SC"
247292;2019-11-05;"terça-feira";"07:40:00";"PR";376;676,7;"GUARATUBA";"Falta de Atenção à Condução";"Colisão traseira";"Com Vítimas Feridas";"Pleno dia";"Decrescente";"Nublado";"Simples";"Reta";"Não";2;0;1;0;1;0;1;2;-25,9253011;-48,91465313;"SPRF-PR";"DEL01-PR";"UOP04-DEL01-PR"
247293;2019-11-05;"terça-feira";"07:50:00";"SP";116;107;"TAUBATE";"Pista Escorregadia";"Queda de ocupante de veículo";"Com Vítimas Feridas";"Pleno dia";"Decrescente";"Chuva";"Múltipla";"Curva";"Sim";1;0;0;1;0;0;1;1;-23,01791287;-45,53009409;"SPRF-SP";"DEL06-SP";"UOP01-DEL06-SP"
247294;2019-11-05;"terça-feira";"07:35:00";"PB";101;83;"BAYEUX";"Falta de Atenção à Condução";"Colisão com objeto estático";"Sem Vítimas";"Pleno dia";"Crescente";"Céu Claro";"Dupla";"Reta";"Não";1;0;0;0;1;0;0;1;-7,1337703;-34,92963914;"SPRF-PB";"DEL01-PB";"UOP01-DEL01-PB"
247295;2019-11-05;"terça-feira";"06:45:00";"RN";427;36,8;"ACARI";"Defeito Mecânico no Veículo";"Tombamento";"Com Vítimas Feridas";"Pleno dia";"Decrescente";"Céu Claro";"Simples";"Reta";"Não";2;0;1;1;0;0;2;1;-6,50771804;-36,64020476;"SPRF-RN";"DEL03-RN";"UOP02-DEL03-RN"
247298;2019-11-04;"segunda-feira";"14:50:00";"BA";407;143;"SENHOR DO BONFIM";"Defeito Mecânico no Veículo";"Saída de leito carroçável";"Sem Vítimas";"Pleno dia";"Crescente";"Céu Claro";"Simples";"Reta";"Não";1;0;0;0;1;0;0;1;-10,59609098;-40,13330372;"SPRF-BA";"DEL04-BA";"UOP01-DEL04-BA"
247299;2019-11-05;"terça-feira";"07:45:00";"RJ";40;120;"DUQUE DE CAXIAS";"Desobediência às normas de trânsito pelo condutor";"Colisão lateral";"Com Vítimas Feridas";"Pleno dia";"Crescente";"Céu Claro";"Múltipla";"Reta";"Sim";3;0;2;0;1;0;2;2;-22,77280597;-43,28626763;"SPRF-RJ";"DEL01-RJ";"UOP01-DEL01-RJ"
247300;2019-11-05;"terça-feira";"08:00:00";"SP";116;224;"GUARULHOS";"Falta de Atenção à Condução";"Colisão traseira";"Com Vítimas Feridas";"Pleno dia";"Crescente";"Nublado";"Múltipla";"Reta";"Sim";2;0;1;0;1;0;1;2;-23,48266346;-46,53661102;"SPRF-SP";"DEL01-SP";"UOP01-DEL01-SP"
247301;2019-11-05;"terça-feira";"07:20:00";"SP";153;62;"SAO JOSE DO RIO PRETO";"Não guardar distância de segurança";"Colisão traseira";"Com Vítimas Feridas";"Pleno dia";"Crescente";"Céu Claro";"Dupla";"Aclive";"Sim";5;0;3;0;2;0;3;3;-20,8133084;-49,35690522;"SPRF-SP";"DEL09-SP";"UOP01-DEL09-SP"
247302;2019-11-05;"terça-feira";"08:20:00";"SC";282;4;"FLORIANOPOLIS";"Falta de Atenção à Condução";"Colisão traseira";"Com Vítimas Feridas";"Pleno dia";"Decrescente";"Chuva";"Múltipla";"Reta";"Sim";4;0;1;0;3;0;1;3;-27,592646;-48,604034;"SPRF-SC";"DEL01-SC";"UOP01-DEL01-SC"
247303;2019-11-05;"terça-feira";"07:40:00";"RJ";40;122;"DUQUE DE CAXIAS";"Falta de Atenção à Condução";"Colisão lateral";"Com Vítimas Feridas";"Pleno dia";"Crescente";"Céu Claro";"Múltipla";"Reta";"Sim";2;0;1;0;1;0;1;2;-22,79083113;-43,28611569;"SPRF-RJ";"DEL01-RJ";"UOP01-DEL01-RJ"
247304;2019-11-05;"terça-feira";"06:40:00";"SP";116;48,3;"CANAS";"Defeito Mecânico no Veículo";"Colisão traseira";"Sem Vítimas";"Amanhecer";"Decrescente";"Nublado";"Dupla";"Reta";"Não";3;0;0;0;3;0;0;3;-22,72498915;-45,06884189;"SPRF-SP";"DEL08-SP";"UOP01-DEL08-SP"
247305;2019-11-05;"terça-feira";"07:50:00";"MG";40;521;"CONTAGEM";"Defeito Mecânico no Veículo";"Queda de ocupante de veículo";"Com Vítimas Feridas";"Pleno dia";"Crescente";"Céu Claro";"Dupla";"Reta";"Sim";1;0;1;0;0;0;1;1;-19,85651501;-44,07213222;"SPRF-MG";"DEL01-MG";"UOP02-DEL01-MG"
247307;2019-11-05;"terça-feira";"06:20:00";"MS";60;410;"SIDROLANDIA";"Velocidade Incompatível";"Saída de leito carroçável";"Com Vítimas Feridas";"Pleno dia";"Decrescente";"Céu Claro";"Simples";"Curva";"Não";4;0;4;0;0;0;4;1;-20,884859;-54,830989;"SPRF-MS";"DEL01-MS";"UOP04-DEL01-MS"
247310;2019-11-05;"terça-feira";"08:30:00";"SC";282;37,9;"AGUAS MORNAS";"Velocidade Incompatível";"Saída de leito carroçável";"Com Vítimas Feridas";"Pleno dia";"Crescente";"Chuva";"Simples";"Reta";"Não";1;0;1;0;0;0;1;1;-27,707325;-48,842983;"SPRF-SC";"DEL01-SC";"UOP03-DEL01-SC"
247311;2019-11-05;"terça-feira";"08:30:00";"CE";20;422;"MARACANAU";"Falta de Atenção à Condução";"Colisão transversal";"Com Vítimas Feridas";"Pleno dia";"Decrescente";"Céu Claro";"Dupla";"Reta";"Sim";2;0;2;0;0;0;2;2;-3,83445292;-38,61256599;"SPRF-CE";"DEL01-CE";"UOP02-DEL01-CE"
247312;2019-11-05;"terça-feira";"09:10:00";"SC";282;33;"AGUAS MORNAS";"Pista Escorregadia";"Colisão com objeto estático";"Sem Vítimas";"Pleno dia";"Decrescente";"Chuva";"Simples";"Curva";"Não";1;0;0;0;0;1;0;1;-27,706587;-48,808144;"SPRF-SC";"DEL01-SC";"UOP03-DEL01-SC"
247313;2019-11-05;"terça-feira";"06:00:00";"MG";381;913;"CAMANDUCAIA";"Defeito Mecânico no Veículo";"Colisão com objeto estático";"Com Vítimas Feridas";"Pleno dia";"Decrescente";"Chuva";"Dupla";"Reta";"Não";2;0;1;0;1;0;1;1;-22,75390001;-46,146503;"SPRF-MG";"DEL16-MG";"UOP03-DEL16-MG"
247314;2019-09-22;"domingo";"21:00:00";"PI";343;344,9;"TERESINA";"Desobediência às normas de trânsito pelo pedestre";"Atropelamento de Pedestre";"Com Vítimas Fatais";"Plena Noite";"Crescente";"Céu Claro";"Simples";"Reta";"Sim";2;1;0;0;1;0;0;2;-5,094729;-42,762775;"SPRF-PI";"DEL01-PI";"UOP01-DEL01-PI"
247315;2019-11-02;"sábado";"06:45:00";"SP";116;314;"JUQUITIBA";"Falta de Atenção do Pedestre";"Atropelamento de Animal";"Com Vítimas Fatais";"Pleno dia";"Crescente";"Céu Claro";"Dupla";"Reta";"Não";2;1;0;0;1;0;0;2;-23,89562822;-46,98556063;"SPRF-SP";"DEL04-SP";"UOP03-DEL04-SP"
247316;2019-11-05;"terça-feira";"09:20:00";"PB";361;0,3;"PATOS";"Falta de Atenção à Condução";"Colisão lateral";"Com Vítimas Feridas";"Pleno dia";"Crescente";"Céu Claro";"Simples";"Reta";"Sim";2;0;1;0;1;0;1;2;-7,0185995;-37,26078;"SPRF-PB";"DEL03-PB";"UOP01-DEL03-PB"
247317;2019-11-05;"terça-feira";"08:50:00";"RO";364;710;"PORTO VELHO";"Falta de Atenção à Condução";"Atropelamento de Pedestre";"Com Vítimas Feridas";"Pleno dia";"Crescente";"Sol";"Dupla";"Reta";"Sim";2;0;0;1;1;0;1;2;-8,78621576;-63,85712687;"SPRF-RO";"DEL01-RO";"UOP01-DEL01-RO"
247319;2019-10-28;"segunda-feira";"13:30:00";"TO";153;679;"CARIRI DO TOCANTINS";"Ultrapassagem Indevida";"Saída de leito carroçável";"Com Vítimas Feridas";"Pleno dia";"Crescente";"Nublado";"Simples";"Reta";"Não";2;0;0;1;1;0;1;1;-11,78189007;-49,11322209;"SPRF-TO";"DEL02-TO";"UOP02-DEL01-TO"
247320;2019-11-05;"terça-feira";"10:10:00";"SP";381;75;"SAO PAULO";"Pista Escorregadia";"Capotamento";"Com Vítimas Feridas";"Pleno dia";"Decrescente";"Nublado";"Dupla";"Curva";"Sim";2;0;1;1;0;0;2;1;-23,37660089;-46,56409613;"SPRF-SP";"DEL03-SP";"UOP01-DEL03-SP"
247321;2019-11-05;"terça-feira";"08:00:00";"SP";116;107,7;"TAUBATE";"Sinalização da via insuficiente ou inadequada";"Atropelamento de Pedestre";"Com Vítimas Feridas";"Pleno dia";"Crescente";"Nublado";"Dupla";"Reta";"Sim";2;0;1;0;1;0;1;2;-23,01791287;-45,53009409;"SPRF-SP";"DEL06-SP";"UOP01-DEL06-SP"
247322;2019-11-05;"terça-feira";"09:00:00";"RJ";101;95,8;"CAMPOS DOS GOYTACAZES";"Condutor Dormindo";"Saída de leito carroçável";"Com Vítimas Feridas";"Pleno dia";"Decrescente";"Céu Claro";"Dupla";"Reta";"Não";1;0;1;0;0;0;1;1;-21,84408633;-41,45714159;"SPRF-RJ";"DEL08-RJ";"UOP02-DEL08-RJ"
247323;2019-11-05;"terça-feira";"10:00:00";"ES";101;28,8;"CONCEICAO DA BARRA";"Desobediência às normas de trânsito pelo condutor";"Saída de leito carroçável";"Com Vítimas Feridas";"Pleno dia";"Decrescente";"Sol";"Simples";"Curva";"Não";4;0;3;0;1;0;3;2;-18,39179309;-39,94180625;"SPRF-ES";"DEL04-ES";"UOP02-DEL04-ES"
247327;2019-11-05;"terça-feira";"10:30:00";"RJ";101;477;"ANGRA DOS REIS";"Não guardar distância de segurança";"Colisão traseira";"Com Vítimas Feridas";"Pleno dia";"Crescente";"Sol";"Simples";"Curva";"Sim";2;0;0;1;1;0;1;2;-22,99820396;-44,26554599;"SPRF-RJ";"DEL03-RJ";"UOP03-DEL03-RJ"
247331;2019-10-29;"terça-feira";"16:00:00";"RS";153;515,5;"CACAPAVA DO SUL";"Velocidade Incompatível";"Saída de leito carroçável";"Sem Vítimas";"Pleno dia";"Crescente";"Chuva";"Simples";"Reta";"Não";1;0;0;0;0;1;0;1;-30,62028903;-53,39645516;"SPRF-RS";"DEL09-RS";"UOP02-DEL09-RS"
247332;2019-11-05;"terça-feira";"11:45:00";"SP";381;68;"MAIRIPORA";"Falta de Atenção à Condução";"Colisão com objeto estático";"Com Vítimas Feridas";"Pleno dia";"Decrescente";"Nublado";"Dupla";"Reta";"Sim";1;0;1;0;0;0;1;1;-23,34043796;-46,57433588;"SPRF-SP";"DEL03-SP";"UOP01-DEL03-SP"
247334;2019-11-05;"terça-feira";"12:38:00";"BA";116;424,1;"FEIRA DE SANTANA";"Falta de Atenção à Condução";"Colisão transversal";"Com Vítimas Feridas";"Pleno dia";"Crescente";"Céu Claro";"Simples";"Reta";"Sim";2;0;0;1;1;0;1;2;-12,23736613;-38,97999588;"SPRF-BA";"DEL02-BA";"UOP01-DEL02-BA"
247336;2019-11-05;"terça-feira";"12:20:00";"BA";324;5;"FEIRA DE SANTANA";"Avarias e/ou desgaste excessivo no pneu";"Queda de ocupante de veículo";"Com Vítimas Feridas";"Pleno dia";"Crescente";"Sol";"Dupla";"Reta";"Sim";2;0;2;0;0;0;2;1;-12,28229877;-38,97597682;"SPRF-BA";"DEL02-BA";"UOP01-DEL02-BA"
247338;2019-11-05;"terça-feira";"11:50:00";"GO";153;498,9;"GOIANIA";"Falta de Atenção à Condução";"Tombamento";"Com Vítimas Feridas";"Pleno dia";"Crescente";"Sol";"Dupla";"Reta";"Sim";1;0;0;1;0;0;1;1;-16,6939;-49,2321;"SPRF-GO";"DEL01-GO";"UOP01-DEL01-GO"
247339;2019-11-05;"terça-feira";"12:20:00";"MG";116;701,4;"MURIAE";"Desobediência às normas de trânsito pelo condutor";"Colisão transversal";"Com Vítimas Feridas";"Pleno dia";"Decrescente";"Sol";"Simples";"Reta";"Sim";2;0;1;0;1;0;1;2;-21,09911477;-42,37632751;"SPRF-MG";"DEL07-MG";"UOP02-DEL07-MG"
247341;2019-11-05;"terça-feira";"12:50:00";"AL";101;245,5;"PORTO REAL DO COLEGIO";"Falta de Atenção à Condução";"Colisão transversal";"Com Vítimas Feridas";"Pleno dia";"Crescente";"Céu Claro";"Simples";"Reta";"Sim";2;0;1;0;1;0;1;2;-10,18344196;-36,82898037;"SPRF-AL";"DEL02-AL";"UOP02-DEL02-AL"
247344;2019-11-05;"terça-feira";"09:50:00";"MG";381;903,2;"CAMBUI";"Velocidade Incompatível";"Colisão com objeto estático";"Com Vítimas Feridas";"Pleno dia";"Decrescente";"Chuva";"Dupla";"Curva";"Não";2;0;1;0;1;0;1;1;-22,68185904;-46,10140424;"SPRF-MG";"DEL16-MG";"UOP03-DEL16-MG"
247345;2019-11-05;"terça-feira";"13:15:00";"SP";116;4;"GUARULHOS";"Pista Escorregadia";"Queda de ocupante de veículo";"Com Vítimas Feridas";"Pleno dia";"Crescente";"Nublado";"Simples";"Reta";"Não";1;0;1;0;0;0;1;1;-23,463257;-46,53373;"SPRF-SP";"DEL01-SP";"UOP01-DEL01-SP"
247346;2019-11-05;"terça-feira";"11:40:00";"PI";343;239;"COCAL DE TELHA";"Defeito Mecânico no Veículo";"Saída de leito carroçável";"Com Vítimas Feridas";"Pleno dia";"Decrescente";"Sol";"Simples";"Reta";"Sim";1;0;1;0;0;0;1;1;-4,64967;-42,046658;"SPRF-PI";"DEL01-PI";"UOP03-DEL01-PI"
247347;2019-11-05;"terça-feira";"13:20:00";"PR";158;535,5;"PATO BRANCO";"Desobediência às normas de trânsito pelo condutor";"Colisão transversal";"Com Vítimas Feridas";"Pleno dia";"Decrescente";"Chuva";"Dupla";"Rotatória";"Sim";3;0;1;0;2;0;1;2;-26,2387481;-52,69331574;"SPRF-PR";"DEL02-PR";"UOP01-DEL02-PR"
247350;2019-11-05;"terça-feira";"13:15:00";"ES";262;2,2;"CARIACICA";"Falta de Atenção à Condução";"Colisão traseira";"Com Vítimas Feridas";"Pleno dia";"Decrescente";"Sol";"Dupla";"Interseção de Vias";"Sim";2;0;1;0;1;0;1;2;-20,33275688;-40,36077696;"SPRF-ES";"DEL01-ES";"UOP01-DEL01-ES"