"id";"data_inversa";"dia_semana";"horario";"uf";"br";"km";"municipio";"causa_acidente";"tipo_acidente";"classificacao_acidente";"fase_dia";"sentido_via";"condicao_metereologica";"tipo_pista";"tracado_via";"uso_solo";"pessoas";"mortos";"feridos_leves";"feridos_graves";"ilesos";"ignorados";"feridos";"veiculos";"latitude";"longitude";"regional";"delegacia";"uop"
247587;2019-11-06;"quarta-feira";"18:47:00";"RN";101;102,3;"PARNAMIRIM";"Desobediência às normas de trânsito pelo condutor";"Colisão lateral";"Sem Vítimas";"Plena Noite";"Crescente";"Céu Claro";"Simples";"Interseção de Vias";"Sim";2;0;0;0;2;0;0;2;-5,88858217;-35,24018997;"SPRF-RN";"DEL01-RN";"UOP01-DEL01-RN"
247591;2019-11-02;"sábado";"02:15:00";"SC";101;354;"JAGUARUNA";"Desobediência às normas de trânsito pelo condutor";"Saída de leito carroçável";"Com Vítimas Feridas";"Plena Noite";"Crescente";"Chuva";"Dupla";"Reta";"Sim";2;0;1;0;1;0;1;1;-28,61806302;-49,07013199;"SPRF-SC";"DEL02-SC";"UOP01-DEL02-SC"
247592;2019-11-06;"quarta-feira";"19:20:00";"BA";116;362,4;"SERRINHA";"Animais na Pista";"Tombamento";"Com Vítimas Feridas";"Plena Noite";"Decrescente";"Céu Claro";"Simples";"Reta";"Não";1;0;0;1;0;0;1;1;-11,68943108;-38,98728712;"SPRF-BA";"DEL02-BA";"UOP01-DEL02-BA"
247594;2019-11-06;"quarta-feira";"19:10:00";"SC";101;83,6;"BARRA VELHA";"Falta de Atenção à Condução";"Colisão lateral";"Com Vítimas Feridas";"Plena Noite";"Crescente";"Nublado";"Dupla";"Reta";"Sim";2;0;2;0;0;0;2;2;-26,62434627;-48,71371686;"SPRF-SC";"DEL03-SC";"UOP02-DEL03-SC"
247596;2019-11-06;"quarta-feira";"17:05:00";"CE";116;23,3;"ITAITINGA";"Objeto estático sobre o leito carroçável";"Colisão com objeto estático";"Com Vítimas Feridas";"Anoitecer";"Decrescente";"Céu Claro";"Dupla";"Reta;Declive;Retorno Regulamentado";"Não";1;0;1;0;0;0;1;1;-3,95349869;-38,51238197;"SPRF-CE";"DEL01-CE";"UOP02-DEL01-CE"
247597;2019-11-06;"quarta-feira";"18:40:00";"MS";163;486,8;"CAMPO GRANDE";"Defeito Mecânico no Veículo";"Tombamento";"Com Vítimas Feridas";"Plena Noite";"Decrescente";"Nublado";"Simples";"Reta";"Sim";1;0;1;0;0;0;1;1;-20,4336361;-54,54376745;"SPRF-MS";"DEL01-MS";"UOP02-DEL01-MS"
247598;2019-11-06;"quarta-feira";"19:40:00";"RS";392;5,6;"CAPAO DO LEAO";"Animais na Pista";"Atropelamento de Animal";"Sem Vítimas";"Plena Noite";"Crescente";"Céu Claro";"Simples";"Reta";"Sim";1;0;0;0;1;0;0;1;-31,7602;-52,4381;"SPRF-RS";"DEL07-RS";"UOP01-DEL07-RS"
247599;2019-11-06;"quarta-feira";"14:45:00";"PI";316;223,1;"VALENCA DO PIAUI";"Defeito Mecânico no Veículo";"Incêndio";"Sem Vítimas";"Pleno dia";"Crescente";"Céu Claro";"Simples";"Reta";"Não";1;0;0;0;1;0;0;1;-6,49976893;-41,73936861;"SPRF-PI";"DEL04-PI";"UOP02-DEL04-PI"
247600;2019-11-06;"quarta-feira";"17:00:00";"SP";116;444;"REGISTRO";"Desobediência às normas de trânsito pelo condutor";"Colisão transversal";"Com Vítimas Feridas";"Pleno dia";"Crescente";"Nublado";"Dupla";"Reta";"Não";3;0;0;1;2;0;1;2;-24,49129421;-47,83614553;"SPRF-SP";"DEL05-SP";"UOP01-DEL05-SP"
247601;2019-11-06;"quarta-feira";"17:05:00";"PR";476;160;"ARAUCARIA";"Falta de Atenção à Condução";"Colisão transversal";"Com Vítimas Feridas";"Pleno dia";"Decrescente";"Céu Claro";"Simples";"Reta";"Não";2;0;1;0;1;0;1;2;-25,619013;-49,440125;"SPRF-PR";"DEL01-PR";"UOP06-DEL01-PR"
247602;2019-11-06;"quarta-feira";"20:00:00";"SC";101;214;"PALHOCA";"Falta de Atenção à Condução";"Colisão transversal";"Com Vítimas Feridas";"Plena Noite";"Decrescente";"Céu Claro";"Dupla";"Reta";"Sim";2;0;1;0;1;0;1;2;-27,64443;-48,67057;"SPRF-SC";"DEL01-SC";"UOP02-DEL01-SC"
247603;2019-11-06;"quarta-feira";"16:50:00";"RJ";40;92;"PETROPOLIS";"Pista Escorregadia";"Saída de leito carroçável";"Com Vítimas Feridas";"Pleno dia";"Crescente";"Chuva";"Dupla";"Curva";"Não";2;0;1;0;1;0;1;1;-22,55191954;-43,25068815;"SPRF-RJ";"DEL06-RJ";"UOP01-DEL06-RJ"
247605;2019-11-06;"quarta-feira";"19:30:00";"CE";222;6;"CAUCAIA";"Restrição de Visibilidade";"Atropelamento de Pedestre";"Com Vítimas Feridas";"Plena Noite";"Decrescente";"Céu Claro";"Dupla";"Reta";"Sim";2;0;0;1;1;0;1;2;-3,7495132;-38,6299559;"SPRF-CE";"DEL01-CE";"UOP01-DEL01-CE"
247607;2019-11-06;"quarta-feira";"17:30:00";"MS";262;47;"TRES LAGOAS";"Falta de Atenção à Condução";"Saída de leito carroçável";"Com Vítimas Feridas";"Anoitecer";"Crescente";"Nublado";"Simples";"Reta";"Não";1;0;1;0;0;0;1;1;-20,75888048;-52,03298313;"SPRF-MS";"DEL07-MS";"UOP01-DEL07-MS"
247608;2019-11-06;"quarta-feira";"19:45:00";"CE";222;212,9;"FORQUILHA";"Animais na Pista";"Queda de ocupante de veículo";"Com Vítimas Feridas";"Plena Noite";"Decrescente";"Céu Claro";"Simples";"Reta";"Não";2;0;2;0;0;0;2;1;-3,7883359;-40,28192391;"SPRF-CE";"DEL04-CE";"UOP01-DEL04-CE"
247609;2019-11-06;"quarta-feira";"19:25:00";"MS";163;443,7;"CAMPO GRANDE";"Falta de Atenção à Condução";"Queda de ocupante de veículo";"Com Vítimas Feridas";"Plena Noite";"Crescente";"Nublado";"Simples";"Reta";"Não";2;0;0;2;0;0;2;1;-20,78572568;-54,52278491;"SPRF-MS";"DEL01-MS";"UOP01-DEL01-MS"
247610;2019-07-01;"segunda-feira";"19:00:00";"TO";153;635,3;"ALIANCA DO TOCANTINS";"Falta de Atenção do Pedestre";"Atropelamento de Pedestre";"Com Vítimas Fatais";"Plena Noite";"Crescente";"Céu Claro";"Simples";"Reta";"Não";2;1;0;0;1;0;0;2;-11,40423897;-48,97676315;"SPRF-TO";"DEL02-TO";"UOP02-DEL01-TO"
247611;2019-11-06;"quarta-feira";"19:20:00";"PR";277;109;"CAMPO LARGO";"Falta de Atenção do Pedestre";"Atropelamento de Pedestre";"Com Vítimas Feridas";"Plena Noite";"Crescente";"Nublado";"Dupla";"Curva";"Sim";2;0;0;1;0;1;1;2;-25,44251408;-49,4495219;"SPRF-PR";"DEL01-PR";"UOP06-DEL01-PR"
247612;2019-11-06;"quarta-feira";"19:50:00";"TO";230;1,8;"AGUIARNOPOLIS";"Ingestão de Álcool";"Queda de ocupante de veículo";"Com Vítimas Feridas";"Plena Noite";"Decrescente";"Céu Claro";"Simples";"Interseção de Vias";"Sim";2;0;2;0;0;0;2;1;-6,56280773;-47,47278214;"SPRF-TO";"DEL02-TO";"UOP03-DEL02-TO"
247613;2019-11-06;"quarta-feira";"19:20:00";"PR";277;109;"CAMPO LARGO";"Restrição de Visibilidade";"Queda de ocupante de veículo";"Com Vítimas Feridas";"Plena Noite";"Crescente";"Nublado";"Dupla";"Curva";"Sim";2;0;2;0;0;0;2;1;-25,45492411;-49,36103728;"SPRF-PR";"DEL01-PR";"UOP06-DEL01-PR"
247617;2019-11-06;"quarta-feira";"21:25:00";"RN";406;151;"CEARA-MIRIM";"Falta de Atenção à Condução";"Colisão lateral";"Com Vítimas Feridas";"Plena Noite";"Decrescente";"Céu Claro";"Simples";"Reta";"Sim";2;0;0;2;0;0;2;1;-5,64974982;-35,43234997;"SPRF-RN";"DEL02-RN";"UOP01-DEL02-RN"
247618;2019-11-06;"quarta-feira";"20:30:00";"MS";60;402,7;"SIDROLANDIA";"Desobediência às normas de trânsito pelo condutor";"Colisão traseira";"Com Vítimas Feridas";"Plena Noite";"Decrescente";"Chuva";"Simples";"Reta";"Não";4;0;2;0;1;1;2;3;-20,81703589;-54,80153241;"SPRF-MS";"DEL01-MS";"UOP04-DEL01-MS"
247620;2019-11-06;"quarta-feira";"21:30:00";"ES";101;267;"SERRA";"Falta de Atenção à Condução";"Colisão com objeto estático";"Com Vítimas Feridas";"Plena Noite";"Decrescente";"Chuva";"Dupla";"Reta";"Sim";1;0;0;1;0;0;1;1;-20,19930999;-40,26884609;"SPRF-ES";"DEL02-ES";"UOP01-DEL02-ES"
247621;2019-11-06;"quarta-feira";"18:35:00";"RO";429;170,1;"SAO MIGUEL DO GUAPORE";"Deficiência ou não Acionamento do Sistema de Iluminação/Sinalização do Veículo";"Colisão traseira";"Com Vítimas Feridas";"Plena Noite";"Decrescente";"Garoa/Chuvisco";"Simples";"Reta";"Não";3;0;2;0;1;0;2;2;-11,73107437;-62,79579891;"SPRF-RO";"DEL02-RO";"UOP03-DEL02-RO"
247622;2019-11-06;"quarta-feira";"15:05:00";"MG";116;36,3;"CACHOEIRA DE PAJEU";"Defeito Mecânico no Veículo";"Saída de leito carroçável";"Com Vítimas Feridas";"Pleno dia";"Decrescente";"Céu Claro";"Simples";"Curva";"Não";4;0;3;0;1;0;3;1;-15,94950705;-41,40264747;"SPRF-MG";"DEL11-MG";"UOP02-DEL11-MG"
247623;2019-11-06;"quarta-feira";"17:00:00";"SC";101;206;"SAO JOSE";"Falta de Atenção à Condução";"Colisão traseira";"Com Vítimas Feridas";"Pleno dia";"Crescente";"Céu Claro";"Múltipla";"Reta";"Sim";2;0;1;0;1;0;1;2;-27,59193546;-48,61824557;"SPRF-SC";"DEL01-SC";"UOP01-DEL01-SC"
247626;2019-11-06;"quarta-feira";"19:30:00";"MS";463;53;"PONTA PORA";"Velocidade Incompatível";"Saída de leito carroçável";"Com Vítimas Fatais";"Plena Noite";"Decrescente";"Céu Claro";"Simples";"Reta";"Não";2;1;1;0;0;0;1;1;-22,38170347;-55,26522932;"SPRF-MS";"DEL04-MS";"UOP03-DEL04-MS"
247627;2019-11-06;"quarta-feira";"21:55:00";"RS";116;246,2;"SAO LEOPOLDO";"Falta de Atenção à Condução";"Colisão traseira";"Com Vítimas Feridas";"Plena Noite";"Decrescente";"Céu Claro";"Simples";"Viaduto";"Não";3;0;1;0;2;0;1;2;-29,7608379;-51,15196683;"SPRF-RS";"DEL01-RS";"UOP02-DEL01-RS"
247629;2019-11-06;"quarta-feira";"21:10:00";"RO";319;63;"PORTO VELHO";"Falta de Atenção à Condução";"Colisão lateral";"Com Vítimas Feridas";"Plena Noite";"Crescente";"Céu Claro";"Simples";"Interseção de Vias";"Sim";2;0;1;0;1;0;1;2;-8,766685;-63,884052;"SPRF-RO";"DEL01-RO";"UOP01-DEL01-RO"
247631;2019-11-06;"quarta-feira";"22:50:00";"PR";376;237,1;"APUCARANA";"Objeto estático sobre o leito carroçável";"Colisão com objeto estático";"Com Vítimas Feridas";"Plena Noite";"Crescente";"Nublado";"Simples";"Aclive;Em Obras";"Não";2;0;0;1;0;1;1;2;-23,58373109;-51,46335598;"SPRF-PR";"DEL07-PR";"UOP03-DEL07-PR"
247632;2019-11-06;"quarta-feira";"22:40:00";"SC";101;98,8;"BALNEARIO PICARRAS";"Defeito Mecânico no Veículo";"Incêndio";"Sem Vítimas";"Plena Noite";"Crescente";"Nublado";"Dupla";"Reta";"Não";1;0;0;0;1;0;0;1;-26,7375956;-48,69923294;"SPRF-SC";"DEL03-SC";"UOP02-DEL03-SC"
247633;2019-11-06;"quarta-feira";"23:00:00";"BA";324;517;"FEIRA DE SANTANA";"Desobediência às normas de trânsito pelo condutor";"Colisão frontal";"Com Vítimas Feridas";"Plena Noite";"Decrescente";"Céu Claro";"Simples";"Reta";"Não";4;0;1;2;1;0;3;3;-12,24953308;-38,93362525;"SPRF-BA";"DEL02-BA";"UOP01-DEL02-BA"
247634;2019-11-06;"quarta-feira";"22:00:00";"MS";163;480,4;"CAMPO GRANDE";"Falta de Atenção à Condução";"Colisão traseira";"Com Vítimas Feridas";"Plena Noite";"Crescente";"Chuva";"Simples";"Reta";"Sim";2;0;0;2;0;0;2;2;-20,47835401;-54,55936408;"SPRF-MS";"DEL01-MS";"UOP01-DEL01-MS"
247635;2019-11-06;"quarta-feira";"23:02:00";"PR";476;159;"ARAUCARIA";"Não guardar distância de segurança";"Colisão traseira";"Sem Vítimas";"Plena Noite";"Crescente";"Céu Claro";"Simples";"Reta";"Não";2;0;0;0;2;0;0;2;-25,617157;-49,43169;"SPRF-PR";"DEL01-PR";"UOP06-DEL01-PR"
247636;2019-11-06;"quarta-feira";"20:50:00";"PI";343;348;"TERESINA";"Desobediência às normas de trânsito pelo pedestre";"Atropelamento de Pedestre";"Com Vítimas Feridas";"Plena Noite";"Decrescente";"Céu Claro";"Dupla";"Reta";"Sim";2;0;0;1;0;1;1;2;-5,118706;-42,786411;"SPRF-PI";"DEL01-PI";"UOP01-DEL01-PI"
247637;2019-11-06;"quarta-feira";"19:15:00";"RO";435;71;"COLORADO DO OESTE";"Falta de Atenção à Condução";"Colisão com objeto estático";"Com Vítimas Feridas";"Plena Noite";"Decrescente";"Céu Claro";"Simples";"Curva";"Não";2;0;0;2;0;0;2;1;-13,1021662;-60,41098797;"SPRF-RO";"DEL04-RO";"UOP02-DEL04-RO"
247638;2019-11-06;"quarta-feira";"20:30:00";"MA";316;580,9;"CAXIAS";"Falta de Atenção à Condução";"Colisão traseira";"Com Vítimas Fatais";"Plena Noite";"Crescente";"Céu Claro";"Simples";"Reta";"Sim";2;1;0;0;0;1;0;2;-4,963041;-43,121315;"SPRF-MA";"DEL03-MA";"UOP02-DEL03-MA"
247639;2019-11-07;"quinta-feira";"00:05:00";"SC";470;2,3;"NAVEGANTES";"Falta de Atenção à Condução";"Queda de ocupante de veículo";"Com Vítimas Feridas";"Plena Noite";"Crescente";"Nublado";"Simples";"Reta";"Sim";1;0;1;0;0;0;1;1;-26,868551;-48,674831;"SPRF-SC";"DEL04-SC";"UOP04-DEL04-SC"
247640;2019-11-07;"quinta-feira";"00:30:00";"PE";101;48,5;"ABREU E LIMA";"Falta de Atenção à Condução";"Colisão transversal";"Com Vítimas Feridas";"Plena Noite";"Crescente";"Céu Claro";"Múltipla";"Reta";"Sim";2;0;0;1;1;0;1;2;-7,89174705;-34,9033493;"SPRF-PE";"DEL01-PE";"UOP02-DEL01-PE"
247641;2019-11-06;"quarta-feira";"23:00:00";"SP";381;82;"SAO PAULO";"Ingestão de Álcool";"Colisão traseira";"Com Vítimas Feridas";"Plena Noite";"Crescente";"Nublado";"Dupla";"Reta";"Não";4;0;2;0;1;1;2;2;-23,42399;-46,575112;"SPRF-SP";"DEL03-SP";"UOP01-DEL03-SP"
247642;2019-11-06;"quarta-feira";"23:40:00";"RJ";101;66;"CAMPOS DOS GOYTACAZES";"Falta de Atenção à Condução";"Colisão com objeto estático";"Com Vítimas Feridas";"Plena Noite";"Crescente";"Nublado";"Simples";"Rotatória";"Não";1;0;1;0;0;0;1;1;-21,76090387;-41,34788959;"SPRF-RJ";"DEL08-RJ";"UOP02-DEL08-RJ"
247643;2019-11-07;"quinta-feira";"01:05:00";"PR";369;67,9;"SANTA MARIANA";"Ultrapassagem Indevida";"Colisão frontal";"Com Vítimas Fatais";"Plena Noite";"Decrescente";"Nublado";"Simples";"Reta";"Não";6;3;2;1;0;0;3;2;-23,134692;-50,477178;"SPRF-PR";"DEL07-PR";"UOP05-DEL07-PR"
247644;2019-11-06;"quarta-feira";"23:42:00";"RR";174;505;"BOA VISTA";"Desobediência às normas de trânsito pelo condutor";"Colisão transversal";"Com Vítimas Feridas";"Plena Noite";"Decrescente";"Céu Claro";"Dupla";"Interseção de Vias";"Sim";4;0;0;1;0;3;1;3;2,822403;-60,695648;"SPRF-RR";"DEL01-RR";"UOP01-DEL01-RR"
247645;2019-11-06;"quarta-feira";"22:00:00";"AC";364;138;"RIO BRANCO";"Desobediência às normas de trânsito pelo condutor";"Colisão transversal";"Com Vítimas Feridas";"Plena Noite";"Crescente";"Chuva";"Dupla";"Rotatória";"Não";3;0;2;0;1;0;2;2;-9,96112502;-67,85646604;"SPRF-AC";"DEL01-AC";"UOP01-DEL01-AC"
247648;2019-11-06;"quarta-feira";"22:00:00";"MT";70;671;"CACERES";"Falta de Atenção à Condução";"Capotamento";"Com Vítimas Fatais";"Plena Noite";"Decrescente";"Céu Claro";"Simples";"Reta";"Não";1;1;0;0;0;0;0;1;-16,04706801;-57,26586799;"SPRF-MT";"DEL03-MT";"UOP02-DEL03-MT"
247650;2019-11-07;"quinta-feira";"01:27:00";"PR";116;17;"CAMPINA GRANDE DO SUL";"Velocidade Incompatível";"Capotamento";"Com Vítimas Feridas";"Plena Noite";"Decrescente";"Chuva";"Dupla";"Curva";"Não";2;0;0;1;1;0;1;1;-25,10220385;-48,69973183;"SPRF-PR";"DEL01-PR";"UOP02-DEL01-PR"
247651;2019-11-07;"quinta-feira";"03:15:00";"DF";20;41;"BRASILIA";"Defeito Mecânico no Veículo";"Incêndio";"Sem Vítimas";"Plena Noite";"Decrescente";"Céu Claro";"Dupla";"Reta";"Não";2;0;0;0;2;0;0;1;-15,581073;-47,50346;"SPRF-DF";"DEL02-DF";"UOP01-DEL02-DF"
247653;2019-11-07;"quinta-feira";"03:40:00";"PE";232;133,1;"CARUARU";"Falta de Atenção à Condução";"Colisão traseira";"Com Vítimas Feridas";"Plena Noite";"Decrescente";"Vento";"Dupla";"Reta";"Não";6;0;2;0;4;0;2;2;-8,30607988;-36,01576003;"SPRF-PE";"DEL02-PE";"UOP03-DEL02-PE"
247654;2019-11-07;"quinta-feira";"02:00:00";"RO";364;14,7;"VILHENA";"Ingestão de Álcool";"Saída de leito carroçável";"Sem Vítimas";"Plena Noite";"Decrescente";"Céu Claro";"Dupla";"Reta";"Sim";1;0;0;0;1;0;0;1;-12,73898138;-60,13911417;"SPRF-RO";"DEL04-RO";"UOP01-DEL04-RO"
247655;2019-11-07;"quinta-feira";"03:05:00";"SC";282;499,3;"XANXERE";"Ingestão de álcool e/ou substâncias psicoativas pelo pedestre";"Queda de ocupante de veículo";"Com Vítimas Feridas";"Plena Noite";"Decrescente";"Nublado";"Simples";"Em Obras;Reta;Interseção de Vias";"Não";1;0;1;0;0;0;1;1;-26,880869;-52,363121;"SPRF-SC";"DEL07-SC";"UOP01-DEL07-SC"
247656;2019-11-07;"quinta-feira";"03:10:00";"SC";101;208;"SAO JOSE";"Objeto estático sobre o leito carroçável";"Colisão com objeto estático";"Com Vítimas Feridas";"Plena Noite";"Crescente";"Céu Claro";"Dupla";"Reta";"Sim";1;0;1;0;0;0;1;1;-27,60327979;-48,63201818;"SPRF-SC";"DEL01-SC";"UOP01-DEL01-SC"
247666;2019-11-06;"quarta-feira";"17:50:00";"RS";290;96;"PORTO ALEGRE";"Restrição de Visibilidade";"Colisão traseira";"Sem Vítimas";"Pleno dia";"Crescente";"Céu Claro";"Múltipla";"Reta";"Sim";2;0;0;0;2;0;0;2;-29,992107;-51,204525;"SPRF-RS";"DEL01-RS";"UOP01-DEL01-RS"
247667;2019-11-06;"quarta-feira";"23:45:00";"SC";282;598;"MARAVILHA";"Falta de Atenção do Pedestre";"Atropelamento de Pedestre";"Com Vítimas Fatais";"Plena Noite";"Crescente";"Céu Claro";"Simples";"Reta";"Não";2;1;0;0;1;0;0;2;-26,825783;-53,147213;"SPRF-SC";"DEL07-SC";"UOP02-DEL07-SC"
247668;2019-11-07;"quinta-feira";"05:00:00";"SC";282;506,5;"XANXERE";"Desobediência às normas de trânsito pelo pedestre";"Atropelamento de Pedestre";"Com Vítimas Feridas";"Amanhecer";"Crescente";"Céu Claro";"Simples";"Reta";"Não";4;0;1;1;0;2;2;2;-26,885712;-52,42907;"SPRF-SC";"DEL07-SC";"UOP01-DEL07-SC"
247669;2019-11-07;"quinta-feira";"04:50:00";"GO";153;699,5;"ITUMBIARA";"Condutor Dormindo";"Colisão com objeto estático";"Sem Vítimas";"Amanhecer";"Crescente";"Nevoeiro/Neblina";"Dupla";"Reta";"Sim";1;0;0;0;0;1;0;1;-18,3862;-49,2076;"SPRF-GO";"DEL03-GO";"UOP02-DEL03-GO"
247670;2019-11-07;"quinta-feira";"06:00:00";"SE";101;115;"ITAPORANGA DAJUDA";"Desobediência às normas de trânsito pelo condutor";"Colisão transversal";"Com Vítimas Feridas";"Pleno dia";"Decrescente";"Céu Claro";"Dupla";"Declive;Curva";"Não";2;0;1;0;1;0;1;2;-11,00451077;-37,30888444;"SPRF-SE";"DEL02-SE";"UOP01-DEL02-SE"
247671;2019-11-07;"quinta-feira";"05:40:00";"RS";116;270;"CANOAS";"Ingestão de Álcool";"Colisão traseira";"Com Vítimas Feridas";"Amanhecer";"Decrescente";"Chuva";"Dupla";"Reta";"Sim";3;0;0;1;1;1;1;3;-29,96839095;-51,17623895;"SPRF-RS";"DEL01-RS";"UOP01-DEL01-RS"
247673;2019-11-06;"quarta-feira";"22:30:00";"MG";262;582,7;"CAMPOS ALTOS";"Falta de Atenção à Condução";"Saída de leito carroçável";"Com Vítimas Feridas";"Plena Noite";"Crescente";"Chuva";"Simples";"Reta";"Não";2;0;2;0;0;0;2;1;-19,648819;-46,07129;"SPRF-MG";"DEL08-MG";"UOP02-DEL08-MG"
247676;2019-11-07;"quinta-feira";"06:30:00";"PR";476;142;"CURITIBA";"Falta de Atenção à Condução";"Colisão traseira";"Com Vítimas Feridas";"Pleno dia";"Decrescente";"Nublado";"Dupla";"Reta";"Sim";2;0;1;0;1;0;1;2;-25,537161;-49,301632;"SPRF-PR";"DEL01-PR";"UOP03-DEL01-PR"
247677;2019-11-07;"quinta-feira";"06:15:00";"MG";40;579;"ITABIRITO";"Pista Escorregadia";"Saída de leito carroçável";"Com Vítimas Feridas";"Amanhecer";"Decrescente";"Chuva";"Dupla";"Reta";"Sim";17;0;8;3;6;0;11;1;-20,28638301;-43,94212592;"SPRF-MG";"DEL01-MG";"UOP02-DEL01-MG"
247681;2019-11-07;"quinta-feira";"02:50:00";"BA";324;7;"FEIRA DE SANTANA";"Falta de Atenção à Condução";"Colisão traseira";"Com Vítimas Feridas";"Plena Noite";"Crescente";"Céu Claro";"Dupla";"Reta";"Sim";2;0;1;0;1;0;1;2;-12,26876685;-38,98862395;"SPRF-BA";"DEL02-BA";"UOP01-DEL02-BA"
247683;2019-11-07;"quinta-feira";"06:50:00";"CE";222;3,2;"CAUCAIA";"Falta de Atenção à Condução";"Colisão traseira";"Com Vítimas Feridas";"Pleno dia";"Decrescente";"Céu Claro";"Dupla";"Aclive";"Sim";3;0;0;2;1;0;2;2;-3,7403769;-38,59569202;"SPRF-CE";"DEL01-CE";"UOP01-DEL01-CE"
247684;2019-11-07;"quinta-feira";"06:30:00";"GO";40;3;"VALPARAISO DE GOIAS";"Ingestão de Álcool";"Saída de leito carroçável";"Sem Vítimas";"Pleno dia";"Crescente";"Nublado";"Dupla";"Reta";"Sim";1;0;0;0;1;0;0;1;-16,076081;-47,985671;"SPRF-DF";"DEL01-DF";"UOP01-DEL01-DF"
247685;2019-11-07;"quinta-feira";"07:15:00";"SP";116;210;"GUARULHOS";"Falta de Atenção à Condução";"Colisão lateral";"Com Vítimas Feridas";"Pleno dia";"Crescente";"Céu Claro";"Dupla";"Reta";"Sim";2;0;1;0;1;0;1;2;-23,41991147;-46,38547009;"SPRF-SP";"DEL01-SP";"UOP01-DEL01-SP"
247686;2019-11-07;"quinta-feira";"08:00:00";"ES";262;4;"CARIACICA";"Não guardar distância de segurança";"Colisão lateral";"Com Vítimas Feridas";"Pleno dia";"Decrescente";"Céu Claro";"Simples";"Reta";"Sim";3;0;0;1;2;0;1;3;-20,33609327;-40,37812784;"SPRF-ES";"DEL01-ES";"UOP01-DEL01-ES"
247688;2019-11-07;"quinta-feira";"07:00:00";"PR";277;230,9;"FERNANDES PINHEIRO";"Falta de Atenção à Condução";"Saída de leito carroçável";"Com Vítimas Feridas";"Pleno dia";"Crescente";"Nublado";"Simples";"Reta";"Não";3;0;3;0;0;0;3;1;-25,4694337;-50,50416514;"SPRF-PR";"DEL03-PR";"UOP02-DEL08-PR"
247689;2019-11-07;"quinta-feira";"07:00:00";"PR";277;175,9;"PALMEIRA";"Mal Súbito";"Saída de leito carroçável";"Com Vítimas Feridas";"Pleno dia";"Decrescente";"Nublado";"Simples";"Curva";"Não";1;0;1;0;0;0;1;1;-25,43430934;-49,98149807;"SPRF-PR";"DEL03-PR";"UOP02-DEL08-PR"
247691;2019-10-10;"quinta-feira";"17:25:00";"SC";282;1,9;"FLORIANOPOLIS";"Falta de Atenção à Condução";"Colisão traseira";"Com Vítimas Feridas";"Pleno dia";"Crescente";"Sol";"Dupla";"Reta";"Não";3;0;0;1;1;1;1;3;-27,602955;-48,580509;"SPRF-SC";"DEL01-SC";"UOP01-DEL01-SC"
247692;2019-11-07;"quinta-feira";"07:45:00";"SC";470;50,5;"BLUMENAU";"Desobediência às normas de trânsito pelo condutor";"Colisão transversal";"Com Vítimas Feridas";"Pleno dia";"Crescente";"Garoa/Chuvisco";"Simples";"Curva";"Sim";3;0;2;0;1;0;2;2;-26,86009342;-49,07886744;"SPRF-SC";"DEL04-SC";"UOP01-DEL04-SC"
247693;2019-11-07;"quinta-feira";"07:40:00";"SC";280;26;"ARAQUARI";"Falta de Atenção à Condução";"Colisão transversal";"Com Vítimas Feridas";"Pleno dia";"Crescente";"Garoa/Chuvisco";"Simples";"Reta";"Não";2;0;0;1;1;0;1;2;-26,38972308;-48,73411593;"SPRF-SC";"DEL03-SC";"UOP03-DEL03-SC"
247694;2019-11-07;"quinta-feira";"07:20:00";"PR";476;122;"COLOMBO";"Falta de Atenção do Pedestre";"Atropelamento de Pedestre";"Com Vítimas Feridas";"Pleno dia";"Decrescente";"Nublado";"Múltipla";"Reta";"Sim";3;0;1;0;1;1;1;2;-25,385775;-49,203377;"SPRF-PR";"DEL01-PR";"UOP07-DEL01-PR"
247695;2019-11-07;"quinta-feira";"07:30:00";"ES";101;268,4;"SERRA";"Falta de Atenção à Condução";"Colisão transversal";"Com Vítimas Feridas";"Pleno dia";"Decrescente";"Sol";"Dupla";"Reta";"Sim";2;0;2;0;0;0;2;2;-20,20842;-40,269405;"SPRF-ES";"DEL02-ES";"UOP01-DEL02-ES"
247696;2019-11-07;"quinta-feira";"06:55:00";"PB";101;87,1;"JOAO PESSOA";"Falta de Atenção à Condução";"Colisão traseira";"Com Vítimas Feridas";"Pleno dia";"Crescente";"Céu Claro";"Dupla";"Reta";"Sim";3;0;1;0;1;1;1;3;-7,16400105;-34,89665508;"SPRF-PB";"DEL01-PB";"UOP01-DEL01-PB"
247697;2019-11-07;"quinta-feira";"08:00:00";"SP";488;1;"APARECIDA";"Falta de Atenção à Condução";"Colisão lateral";"Com Vítimas Feridas";"Pleno dia";"Decrescente";"Céu Claro";"Dupla";"Reta";"Sim";2;0;1;0;1;0;1;2;-22,850164;-45,231808;"SPRF-SP";"DEL08-SP";"UOP01-DEL08-SP"
247698;2019-11-07;"quinta-feira";"07:20:00";"ES";262;113;"VENDA NOVA DO IMIGRANTE";"Falta de Atenção à Condução";"Capotamento";"Com Vítimas Feridas";"Amanhecer";"Decrescente";"Chuva";"Simples";"Curva";"Não";1;0;1;0;0;0;1;1;-20,33171889;-41,20453016;"SPRF-ES";"DEL01-ES";"UOP02-DEL01-ES"