"id";"data_inversa";"dia_semana";"horario";"uf";"br";"km";"municipio";"causa_acidente";"tipo_acidente";"classificacao_acidente";"fase_dia";"sentido_via";"condicao_metereologica";"tipo_pista";"tracado_via";"uso_solo";"pessoas";"mortos";"feridos_leves";"feridos_graves";"ilesos";"ignorados";"feridos";"veiculos";"latitude";"longitude";"regional";"delegacia";"uop"
247700;2019-11-07;"quinta-feira";"07:00:00";"MG";40;670,8;"CARANDAI";"Falta de Atenção à Condução";"Colisão transversal";"Com Vítimas Feridas";"Pleno dia";"Crescente";"Chuva";"Simples";"Reta";"Não";2;0;1;0;1;0;1;2;-20,9669552;-43,78631951;"SPRF-MG";"DEL05-MG";"UOP02-DEL05-MG"
247701;2019-11-07;"quinta-feira";"08:50:00";"SP";116;230;"SAO PAULO";"Desobediência às normas de trânsito pelo condutor";"Colisão lateral";"Com Vítimas Feridas";"Pleno dia";"Crescente";"Nublado";"Múltipla";"Reta";"Sim";3;0;2;0;1;0;2;2;-23,52251783;-46,5855702;"SPRF-SP";"DEL01-SP";"UOP01-DEL01-SP"
247703;2019-11-07;"quinta-feira";"08:40:00";"CE";222;5;"CAUCAIA";"Defeito Mecânico no Veículo";"Incêndio";"Com Vítimas Feridas";"Pleno dia";"Decrescente";"Céu Claro";"Múltipla";"Reta";"Sim";1;0;1;0;0;0;1;1;-3,74296918;-38,61330997;"SPRF-CE";"DEL01-CE";"UOP01-DEL01-CE"
247704;2019-11-07;"quinta-feira";"06:40:00";"RO";364;420;"JARU";"Falta de Atenção à Condução";"Colisão transversal";"Com Vítimas Feridas";"Amanhecer";"Crescente";"Nublado";"Simples";"Reta";"Não";3;0;2;0;1;0;2;2;-10,47470369;-62,44575957;"SPRF-RO";"DEL03-RO";"UOP02-DEL03-RO"
247707;2019-11-07;"quinta-feira";"09:00:00";"SP";116;145,4;"SAO JOSE DOS CAMPOS";"Não guardar distância de segurança";"Colisão lateral";"Com Vítimas Feridas";"Pleno dia";"Decrescente";"Céu Claro";"Múltipla";"Reta";"Não";2;0;1;0;1;0;1;2;-23,1869844;-45,8548078;"SPRF-SP";"DEL02-SP";"UOP01-DEL02-SP"
247708;2019-11-07;"quinta-feira";"07:20:00";"RO";364;711;"PORTO VELHO";"Falta de Atenção à Condução";"Colisão lateral";"Com Vítimas Feridas";"Pleno dia";"Crescente";"Céu Claro";"Simples";"Reta";"Sim";3;0;2;0;1;0;2;2;-8,77807518;-63,87088722;"SPRF-RO";"DEL01-RO";"UOP01-DEL01-RO"
247709;2019-11-07;"quinta-feira";"09:10:00";"RS";116;179,4;"NOVA PETROPOLIS";"Defeito na Via";"Danos eventuais";"Com Vítimas Feridas";"Pleno dia";"Crescente";"Chuva";"Simples";"Curva";"Não";2;0;1;0;1;0;1;1;-29,35649933;-51,12984938;"SPRF-RS";"DEL05-RS";"UOP02-DEL05-RS"
247711;2019-11-07;"quinta-feira";"08:30:00";"PI";316;328;"PICOS";"Ingestão de Álcool";"Saída de leito carroçável";"Com Vítimas Feridas";"Pleno dia";"Crescente";"Céu Claro";"Simples";"Reta";"Não";1;0;0;1;0;0;1;1;-7,10166085;-41,31705398;"SPRF-PI";"DEL04-PI";"UOP01-DEL04-PI"
247712;2019-10-22;"terça-feira";"06:28:00";"MT";364;435;"VARZEA GRANDE";"Mal Súbito";"Queda de ocupante de veículo";"Com Vítimas Feridas";"Pleno dia";"Decrescente";"Céu Claro";"Dupla";"Reta";"Sim";1;0;0;1;0;0;1;1;-15,64849441;-56,19644165;"SPRF-MT";"DEL01-MT";"DEL2/4-UOP02/MT"
247714;2019-11-07;"quinta-feira";"09:00:00";"RS";116;405,8;"CAMAQUA";"Falta de Atenção à Condução";"Saída de leito carroçável";"Com Vítimas Feridas";"Pleno dia";"Decrescente";"Céu Claro";"Simples";"Reta";"Não";2;0;2;0;0;0;2;1;-30,89948457;-51,85879823;"SPRF-RS";"DEL02-RS";"UOP03-DEL02-RS"
247715;2019-10-27;"domingo";"19:00:00";"PR";116;105,8;"SAO JOSE DOS PINHAIS";"Não guardar distância de segurança";"Colisão traseira";"Com Vítimas Feridas";"Plena Noite";"Crescente";"Céu Claro";"Dupla";"Reta";"Não";6;0;2;0;4;0;2;4;-25,57024723;-49,21626091;"SPRF-PR";"DEL01-PR";"UOP01-DEL01-PR"
247716;2019-10-12;"sábado";"20:00:00";"GO";60;41,5;"APARECIDA DE GOIANIA";"Falta de Atenção à Condução";"Colisão lateral";"Sem Vítimas";"Plena Noite";"Decrescente";"Céu Claro";"Dupla";"Retorno Regulamentado";"Sim";2;0;0;0;2;0;0;2;-16,8101;-49,2397;"SPRF-GO";"DEL01-GO";"UOP03-DEL01-GO"
247717;2019-11-07;"quinta-feira";"08:45:00";"ES";101;406;"ITAPEMIRIM";"Velocidade Incompatível";"Saída de leito carroçável";"Com Vítimas Feridas";"Pleno dia";"Crescente";"Céu Claro";"Simples";"Curva";"Não";2;0;1;0;1;0;1;1;-20,89814709;-41,02410309;"SPRF-ES";"DEL03-ES";"UOP02-DEL03-ES"
247719;2019-11-07;"quinta-feira";"10:20:00";"MG";381;479,3;"CONTAGEM";"Defeito Mecânico no Veículo";"Tombamento";"Com Vítimas Feridas";"Pleno dia";"Decrescente";"Céu Claro";"Múltipla";"Reta";"Sim";2;0;2;0;0;0;2;1;-19,9643137;-44,04341698;"SPRF-MG";"DEL01-MG";"UOP03-DEL01-MG"
247720;2019-11-07;"quinta-feira";"10:00:00";"SC";101;49;"JOINVILLE";"Falta de Atenção à Condução";"Saída de leito carroçável";"Sem Vítimas";"Pleno dia";"Decrescente";"Chuva";"Dupla";"Curva";"Não";1;0;0;0;1;0;0;1;-26,36479799;-48,85878798;"SPRF-SC";"DEL03-SC";"UOP01-DEL03-SC"
247721;2019-09-13;"sexta-feira";"06:20:00";"DF";80;23,7;"BRASILIA";"Falta de Atenção à Condução";"Colisão lateral";"Com Vítimas Feridas";"Pleno dia";"Crescente";"Sol";"Simples";"Reta";"Não";2;0;1;0;1;0;1;2;-15,638944;-48,20079;"SPRF-DF";"DEL01-DF";"UOP02-DEL03-DF"
247722;2019-11-07;"quinta-feira";"08:30:00";"AC";364;137;"RIO BRANCO";"Falta de Atenção à Condução";"Queda de ocupante de veículo";"Com Vítimas Feridas";"Pleno dia";"Decrescente";"Céu Claro";"Dupla";"Reta";"Não";1;0;1;0;0;0;1;1;-9,96935404;-67,85264513;"SPRF-AC";"DEL01-AC";"UOP01-DEL01-AC"
247724;2019-11-07;"quinta-feira";"09:00:00";"RO";364;207;"PIMENTA BUENO";"Ultrapassagem Indevida";"Queda de ocupante de veículo";"Com Vítimas Feridas";"Pleno dia";"Crescente";"Céu Claro";"Simples";"Reta";"Não";3;0;1;0;2;0;1;2;-11,60280288;-61,22968093;"SPRF-RO";"DEL02-RO";"UOP02-DEL02-RO"
247725;2019-11-07;"quinta-feira";"07:00:00";"ES";393;8,7;"CACHOEIRO DE ITAPEMIRIM";"Animais na Pista";"Atropelamento de Animal";"Com Vítimas Feridas";"Pleno dia";"Crescente";"Céu Claro";"Simples";"Curva";"Não";1;0;1;0;0;0;1;1;-20,83131413;-41,22312386;"SPRF-ES";"DEL03-ES";"UOP02-DEL03-ES"
247729;2019-11-07;"quinta-feira";"11:40:00";"SC";280;55;"GUARAMIRIM";"Falta de Atenção à Condução";"Atropelamento de Pedestre";"Com Vítimas Feridas";"Pleno dia";"Decrescente";"Céu Claro";"Simples";"Reta";"Não";2;0;1;0;1;0;1;2;-26,47584353;-48,9937858;"SPRF-SC";"DEL03-SC";"UOP03-DEL03-SC"
247730;2019-11-07;"quinta-feira";"11:50:00";"MG";40;466,4;"SETE LAGOAS";"Desobediência às normas de trânsito pelo condutor";"Colisão transversal";"Com Vítimas Feridas";"Pleno dia";"Crescente";"Céu Claro";"Simples";"Reta";"Sim";2;0;1;0;1;0;1;2;-19,44436025;-44,32384821;"SPRF-MG";"DEL02-MG";"UOP01-DEL02-MG"
247731;2019-11-07;"quinta-feira";"11:10:00";"MG";40;741,3;"SANTOS DUMONT";"Velocidade Incompatível";"Colisão frontal";"Com Vítimas Feridas";"Pleno dia";"Crescente";"Chuva";"Simples";"Curva;Declive";"Não";9;0;4;4;0;1;8;3;-21,43681131;-43,55534077;"SPRF-MG";"DEL05-MG";"UOP01-DEL05-MG"
247735;2019-11-07;"quinta-feira";"12:40:00";"PE";101;65,9;"RECIFE";"Não guardar distância de segurança";"Colisão traseira";"Com Vítimas Feridas";"Pleno dia";"Decrescente";"Céu Claro";"Múltipla";"Reta";"Sim";2;0;1;0;1;0;1;2;-8,033992;-34,941718;"SPRF-PE";"DEL01-PE";"UOP01-DEL01-PE"
247736;2019-11-07;"quinta-feira";"10:20:00";"SC";282;611;"MARAVILHA";"Pista Escorregadia";"Capotamento";"Com Vítimas Feridas";"Pleno dia";"Decrescente";"Chuva";"Simples";"Reta";"Não";1;0;1;0;0;0;1;1;-26,755428;-53,239933;"SPRF-SC";"DEL07-SC";"UOP02-DEL07-SC"
247739;2019-11-07;"quinta-feira";"12:15:00";"PE";104;67;"CARUARU";"Não guardar distância de segurança";"Colisão traseira";"Com Vítimas Feridas";"Pleno dia";"Crescente";"Nublado";"Dupla";"Reta";"Sim";3;0;1;0;2;0;1;3;-8,3016;-35,9882;"SPRF-PE";"DEL02-PE";"UOP01-DEL02-PE"
247741;2019-11-07;"quinta-feira";"13:35:00";"MG";262;362,5;"JUATUBA";"Sinalização da via insuficiente ou inadequada";"Colisão lateral";"Com Vítimas Feridas";"Pleno dia";"Decrescente";"Céu Claro";"Múltipla";"Interseção de Vias";"Sim";2;0;1;0;1;0;1;2;-19,97153417;-44,28688283;"SPRF-MG";"DEL01-MG";"UOP03-DEL01-MG"
247742;2019-11-07;"quinta-feira";"13:40:00";"SC";282;58,2;"RANCHO QUEIMADO";"Ingestão de Álcool";"Colisão transversal";"Com Vítimas Feridas";"Pleno dia";"Crescente";"Chuva";"Simples";"Declive;Reta";"Não";4;0;4;0;0;0;4;2;-27,683594;-49,005539;"SPRF-SC";"DEL01-SC";"UOP03-DEL01-SC"
247746;2019-11-07;"quinta-feira";"13:40:00";"PR";376;162;"MARINGA";"Defeito Mecânico no Veículo";"Queda de ocupante de veículo";"Com Vítimas Feridas";"Pleno dia";"Crescente";"Sol";"Dupla";"Reta";"Não";2;0;2;0;0;0;2;1;-23,37710685;-52,04510993;"SPRF-PR";"DEL07-PR";"UOP01-DEL09-PR"
247750;2019-11-07;"quinta-feira";"09:20:00";"CE";222;11,7;"CAUCAIA";"Falta de Atenção à Condução";"Colisão com objeto estático";"Com Vítimas Feridas";"Pleno dia";"Crescente";"Céu Claro";"Dupla";"Interseção de Vias";"Não";2;0;0;2;0;0;2;1;-3,76597908;-38,66221996;"SPRF-CE";"DEL01-CE";"UOP01-DEL01-CE"
247753;2019-11-07;"quinta-feira";"14:20:00";"RS";471;174,2;"RIO PARDO";"Desobediência às normas de trânsito pelo condutor";"Colisão transversal";"Com Vítimas Feridas";"Pleno dia";"Decrescente";"Céu Claro";"Dupla";"Rotatória";"Sim";2;0;1;0;1;0;1;2;-29,98173033;-52,36973405;"SPRF-RS";"DEL02-RS";"UOP02-DEL02-RS"
247754;2019-11-07;"quinta-feira";"14:40:00";"SC";280;53,4;"GUARAMIRIM";"Falta de Atenção à Condução";"Colisão transversal";"Com Vítimas Feridas";"Pleno dia";"Crescente";"Nublado";"Simples";"Reta";"Não";2;0;1;0;1;0;1;2;-26,47236756;-48,97426617;"SPRF-SC";"DEL03-SC";"UOP03-DEL03-SC"
247755;2019-11-07;"quinta-feira";"14:40:00";"SC";101;134;"BALNEARIO CAMBORIU";"Falta de Atenção à Condução";"Colisão transversal";"Com Vítimas Feridas";"Pleno dia";"Crescente";"Nublado";"Dupla";"Reta";"Sim";2;0;1;0;1;0;1;2;-27,00218;-48,636433;"SPRF-SC";"DEL04-SC";"UOP03-DEL04-SC"
247757;2019-11-07;"quinta-feira";"14:50:00";"RN";101;120,6;"SAO JOSE DE MIPIBU";"Avarias e/ou desgaste excessivo no pneu";"Tombamento";"Com Vítimas Feridas";"Pleno dia";"Crescente";"Céu Claro";"Dupla";"Reta";"Não";2;0;2;0;0;0;2;1;-6,03418788;-35,24864052;"SPRF-RN";"DEL01-RN";"UOP01-DEL01-RN"
247758;2019-11-07;"quinta-feira";"13:40:00";"ES";101;1;"SERRA";"Não guardar distância de segurança";"Colisão traseira";"Com Vítimas Feridas";"Pleno dia";"Decrescente";"Sol";"Dupla";"Reta";"Não";4;0;2;0;2;0;2;4;-20,24277252;-40,28133653;"SPRF-ES";"DEL02-ES";"UOP01-DEL02-ES"
247760;2019-11-07;"quinta-feira";"15:10:00";"BA";324;0,6;"SALVADOR";"Não guardar distância de segurança";"Colisão lateral";"Com Vítimas Feridas";"Pleno dia";"Crescente";"Céu Claro";"Simples";"Viaduto";"Não";2;0;1;0;1;0;1;2;-12,971561;-38,511154;"SPRF-BA";"DEL01-BA";"UOP01-DEL01-BA"
247761;2019-11-07;"quinta-feira";"14:20:00";"SC";101;125;"ITAJAI";"Falta de Atenção à Condução";"Colisão traseira";"Sem Vítimas";"Pleno dia";"Crescente";"Nublado";"Simples";"Aclive";"Não";2;0;0;0;2;0;0;2;-26,94802427;-48,68338515;"SPRF-SC";"DEL04-SC";"UOP04-DEL04-SC"
247764;2019-09-28;"sábado";"18:19:00";"PR";376;4,1;"APUCARANA";"Falta de Atenção do Pedestre";"Atropelamento de Pedestre";"Com Vítimas Feridas";"Anoitecer";"Crescente";"Céu Claro";"Simples";"Reta";"Não";2;0;1;0;0;1;1;2;-23,58326075;-51,45661354;"SPRF-PR";"DEL07-PR";"UOP03-DEL07-PR"
247765;2019-11-07;"quinta-feira";"15:30:00";"MG";381;885,9;"ESTIVA";"Pista Escorregadia";"Saída de leito carroçável";"Com Vítimas Feridas";"Pleno dia";"Crescente";"Chuva";"Dupla";"Curva";"Não";2;0;2;0;0;0;2;1;-22,55262102;-46,03939916;"SPRF-MG";"DEL16-MG";"UOP01-DEL16-MG"
247767;2019-11-07;"quinta-feira";"13:00:00";"SC";282;300;"VARGEM";"Pista Escorregadia";"Saída de leito carroçável";"Com Vítimas Feridas";"Pleno dia";"Decrescente";"Chuva";"Simples";"Curva";"Não";1;0;1;0;0;0;1;1;-27,515957;-50,917877;"SPRF-SC";"DEL07-SC";"UOP06-DEL07-SC"
247768;2019-11-07;"quinta-feira";"16:10:00";"PR";369;207;"APUCARANA";"Falta de Atenção à Condução";"Colisão traseira";"Sem Vítimas";"Pleno dia";"Crescente";"Céu Claro";"Simples";"Reta";"Sim";2;0;0;0;2;0;0;2;-23,56307347;-51,48891807;"SPRF-PR";"DEL07-PR";"UOP03-DEL07-PR"
247772;2019-11-07;"quinta-feira";"16:10:00";"RS";470;217;"BENTO GONCALVES";"Falta de Atenção à Condução";"Colisão transversal";"Com Vítimas Feridas";"Pleno dia";"Decrescente";"Céu Claro";"Dupla";"Rotatória";"Sim";2;0;1;0;1;0;1;2;-29,17505697;-51,52305901;"SPRF-RS";"DEL06-RS";"UOP01-DEL06-RS"
247774;2019-09-22;"domingo";"02:26:00";"BA";407;0,1;"JUAZEIRO";"Ingestão de Álcool";"Atropelamento de Pedestre";"Com Vítimas Feridas";"Plena Noite";"Crescente";"Céu Claro";"Dupla";"Ponte";"Não";2;0;0;1;0;1;1;2;-9,40668961;-40,50462306;"SPRF-PE";"DEL06-PE";"UOP01-DEL06-PE"
247775;2019-11-07;"quinta-feira";"15:40:00";"RO";364;343,1;"JI-PARANA";"Desobediência às normas de trânsito pelo condutor";"Colisão lateral";"Com Vítimas Feridas";"Pleno dia";"Decrescente";"Nublado";"Múltipla";"Interseção de Vias";"Sim";2;0;1;0;0;1;1;2;-10,87878519;-61,94499012;"SPRF-RO";"DEL02-RO";"UOP01-DEL02-RO"
247777;2019-11-07;"quinta-feira";"17:00:00";"RS";285;564,1;"SAO LUIZ GONZAGA";"Falta de Atenção à Condução";"Colisão transversal";"Com Vítimas Feridas";"Pleno dia";"Crescente";"Nublado";"Simples";"Interseção de Vias";"Sim";4;0;2;0;2;0;2;2;-28,41708851;-54,93791699;"SPRF-RS";"DEL10-RS";"UOP01-DEL10-RS"
247779;2019-11-07;"quinta-feira";"17:10:00";"DF";80;21,3;"BRASILIA";"Falta de Atenção à Condução";"Colisão transversal";"Com Vítimas Feridas";"Pleno dia";"Crescente";"Céu Claro";"Dupla";"Reta";"Não";2;0;1;0;1;0;1;2;-15,658299;-48,20282;"SPRF-DF";"DEL01-DF";"UOP02-DEL03-DF"
247781;2019-11-07;"quinta-feira";"16:45:00";"CE";116;3,8;"FORTALEZA";"Desobediência às normas de trânsito pelo condutor";"Colisão lateral";"Com Vítimas Feridas";"Pleno dia";"Crescente";"Céu Claro";"Dupla";"Reta";"Sim";2;0;1;0;1;0;1;2;-3,77866493;-38,51490171;"SPRF-CE";"DEL01-CE";"UOP02-DEL01-CE"
247782;2019-11-07;"quinta-feira";"16:20:00";"RJ";40;119;"DUQUE DE CAXIAS";"Falta de Atenção à Condução";"Engavetamento";"Com Vítimas Feridas";"Pleno dia";"Decrescente";"Nublado";"Múltipla";"Reta";"Sim";5;0;1;0;4;0;1;4;-22,76375592;-43,28683062;"SPRF-RJ";"DEL01-RJ";"UOP01-DEL01-RJ"
247783;2019-11-07;"quinta-feira";"12:30:00";"BA";330;812,1;"JITAUNA";"Falta de Atenção à Condução";"Colisão transversal";"Com Vítimas Feridas";"Plena Noite";"Crescente";"Sol";"Simples";"Curva";"Não";3;0;1;0;1;1;1;2;-14,00882475;-39,904926;"SPRF-BA";"DEL05-BA";"UOP01-DEL05-BA"
247787;2019-11-07;"quinta-feira";"17:45:00";"BA";324;603;"SIMOES FILHO";"Falta de Atenção à Condução";"Colisão lateral";"Com Vítimas Feridas";"Pleno dia";"Crescente";"Céu Claro";"Dupla";"Reta";"Não";2;0;1;0;1;0;1;2;-12,77190917;-38,41991733;"SPRF-BA";"DEL01-BA";"UOP01-DEL01-BA"
247791;2019-11-07;"quinta-feira";"16:50:00";"PR";116;6;"CAMPINA GRANDE DO SUL";"Falta de Atenção à Condução";"Saída de leito carroçável";"Com Vítimas Feridas";"Pleno dia";"Decrescente";"Garoa/Chuvisco";"Dupla";"Curva";"Não";1;0;1;0;0;0;1;1;-25,08710459;-48,60776389;"SPRF-PR";"DEL01-PR";"UOP02-DEL01-PR"
247792;2019-11-07;"quinta-feira";"17:35:00";"GO";20;91,8;"VILA BOA";"Defeito Mecânico no Veículo";"Saída de leito carroçável";"Sem Vítimas";"Anoitecer";"Crescente";"Céu Claro";"Simples";"Reta";"Não";1;0;0;0;1;0;0;1;-15,013022;-47,041348;"SPRF-DF";"DEL02-DF";"UOP01-DEL02-DF"
247794;2019-11-07;"quinta-feira";"17:30:00";"SP";116;148,9;"SAO JOSE DOS CAMPOS";"Falta de Atenção à Condução";"Colisão lateral";"Com Vítimas Feridas";"Pleno dia";"Crescente";"Céu Claro";"Dupla";"Reta";"Sim";2;0;1;0;1;0;1;2;-23,20067421;-45,8795018;"SPRF-SP";"DEL02-SP";"UOP01-DEL02-SP"
247795;2019-11-07;"quinta-feira";"18:20:00";"ES";101;292,8;"CARIACICA";"Desobediência às normas de trânsito pelo condutor";"Atropelamento de Pedestre";"Com Vítimas Feridas";"Plena Noite";"Crescente";"Nublado";"Dupla";"Reta";"Sim";3;0;0;2;0;1;2;2;-20,30650512;-40,39488717;"SPRF-ES";"DEL01-ES";"UOP01-DEL01-ES"
247797;2019-11-07;"quinta-feira";"18:10:00";"ES";101;42;"CONCEICAO DA BARRA";"Defeito Mecânico no Veículo";"Colisão frontal";"Com Vítimas Feridas";"Anoitecer";"Crescente";"Céu Claro";"Simples";"Reta";"Não";2;0;1;0;1;0;1;2;-18,51702193;-39,91329775;"SPRF-ES";"DEL04-ES";"UOP02-DEL04-ES"
247801;2019-11-07;"quinta-feira";"17:35:00";"SP";153;63,5;"SAO JOSE DO RIO PRETO";"Pista Escorregadia";"Tombamento";"Com Vítimas Feridas";"Anoitecer";"Crescente";"Céu Claro";"Dupla";"Interseção de Vias";"Sim";1;0;1;0;0;0;1;1;-20,81325404;-49,35675563;"SPRF-SP";"DEL09-SP";"UOP01-DEL09-SP"
247803;2019-11-07;"quinta-feira";"18:30:00";"GO";153;498,7;"GOIANIA";"Desobediência às normas de trânsito pelo condutor";"Colisão traseira";"Com Vítimas Feridas";"Plena Noite";"Crescente";"Céu Claro";"Dupla";"Reta;Declive";"Sim";4;0;4;0;0;0;4;2;-16,6939;-49,2321;"SPRF-GO";"DEL01-GO";"UOP01-DEL01-GO"
247804;2019-11-07;"quinta-feira";"19:00:00";"SE";235;53;"ITABAIANA";"Ingestão de álcool e/ou substâncias psicoativas pelo pedestre";"Atropelamento de Pedestre";"Com Vítimas Feridas";"Plena Noite";"Decrescente";"Nublado";"Simples";"Reta";"Sim";2;0;0;1;1;0;1;2;-10,684707;-37,440544;"SPRF-SE";"DEL01-SE";"UOP02-DEL01-SE"
247805;2019-11-07;"quinta-feira";"18:20:00";"SP";153;44;"ONDA VERDE";"Falta de Atenção à Condução";"Colisão transversal";"Com Vítimas Feridas";"Plena Noite";"Crescente";"Chuva";"Simples";"Reta";"Não";3;0;1;0;2;0;1;2;-20,65497601;-49,34121741;"SPRF-SP";"DEL09-SP";"UOP01-DEL09-SP"
247806;2019-11-07;"quinta-feira";"18:15:00";"BA";330;813,8;"JITAUNA";"Falta de Atenção à Condução";"Colisão traseira";"Com Vítimas Feridas";"Plena Noite";"Decrescente";"Céu Claro";"Simples";"Curva";"Não";5;0;1;4;0;0;5;2;-14,00984943;-39,89588438;"SPRF-BA";"DEL05-BA";"UOP01-DEL05-BA"
247807;2019-11-07;"quinta-feira";"18:50:00";"RN";304;48,9;"MOSSORO";"Animais na Pista";"Atropelamento de Animal";"Com Vítimas Feridas";"Plena Noite";"Crescente";"Céu Claro";"Dupla";"Aclive";"Sim";2;0;1;1;0;0;2;1;-5,22868577;-37,32203081;"SPRF-RN";"DEL04-RN";"UOP01-DEL04-RN"
247808;2019-11-07;"quinta-feira";"18:00:00";"PB";230;376,2;"CONDADO";"Falta de Atenção à Condução";"Colisão transversal";"Com Vítimas Feridas";"Plena Noite";"Crescente";"Céu Claro";"Simples";"Reta";"Sim";2;0;1;0;1;0;1;2;-6,9108;-37,6026;"SPRF-PB";"DEL03-PB";"UOP02-DEL03-PB"
247810;2019-11-07;"quinta-feira";"18:40:00";"SC";101;322;"PESCARIA BRAVA";"Ingestão de Álcool";"Colisão traseira";"Com Vítimas Feridas";"Anoitecer";"Crescente";"Nublado";"Múltipla";"Reta";"Sim";2;0;0;1;1;0;1;2;-28,42491971;-48,90238108;"SPRF-SC";"DEL02-SC";"UOP01-DEL02-SC"
247814;2019-11-07;"quinta-feira";"18:50:00";"RJ";116;164;"RIO DE JANEIRO";"Não guardar distância de segurança";"Colisão traseira";"Com Vítimas Feridas";"Anoitecer";"Crescente";"Nublado";"Dupla";"Reta";"Sim";3;0;1;0;2;0;1;2;-22,81074068;-43,28844363;"SPRF-RJ";"DEL01-RJ";"UOP01-DEL01-RJ"
247815;2019-11-07;"quinta-feira";"19:40:00";"PR";376;4,3;"APUCARANA";"Falta de Atenção à Condução";"Colisão transversal";"Com Vítimas Feridas";"Plena Noite";"Decrescente";"Céu Claro";"Simples";"Reta";"Sim";2;0;1;0;1;0;1;2;-23,55316015;-51,4467752;"SPRF-PR";"DEL07-PR";"UOP01-DEL09-PR"
247816;2019-11-07;"quinta-feira";"19:15:00";"MG";116;816,2;"ALEM PARAIBA";"Falta de Atenção à Condução";"Colisão frontal";"Com Vítimas Feridas";"Plena Noite";"Decrescente";"Ignorado";"Simples";"Curva";"Sim";2;0;1;0;1;0;1;2;-21,86902523;-42,67084185;"SPRF-MG";"DEL07-MG";"UOP01-DEL07-MG"
247817;2019-11-07;"quinta-feira";"19:00:00";"AL";101;137,2;"SAO MIGUEL DOS CAMPOS";"Falta de Atenção à Condução";"Atropelamento de Pedestre";"Com Vítimas Fatais";"Plena Noite";"Decrescente";"Céu Claro";"Simples";"Reta";"Sim";2;1;0;0;0;1;0;2;-9,80260488;-36,11277021;"SPRF-AL";"DEL02-AL";"UOP01-DEL02-AL"
247818;2019-11-07;"quinta-feira";"19:00:00";"RN";110;47,5;"MOSSORO";"Falta de Atenção à Condução";"Colisão traseira";"Com Vítimas Feridas";"Plena Noite";"Decrescente";"Céu Claro";"Simples";"Reta";"Sim";2;0;1;0;1;0;1;2;-5,20338376;-37,32563418;"SPRF-RN";"DEL04-RN";"UOP01-DEL04-RN"
247821;2019-11-07;"quinta-feira";"20:15:00";"MG";381;348;"JOAO MONLEVADE";"Defeito Mecânico no Veículo";"Incêndio";"Sem Vítimas";"Plena Noite";"Decrescente";"Céu Claro";"Simples";"Aclive";"Não";1;0;0;0;1;0;0;1;-19,85243846;-43,14084419;"SPRF-MG";"DEL03-MG";"UOP01-DEL03-MG"
247823;2019-08-12;"segunda-feira";"22:30:00";"GO";414;437,7;"ANAPOLIS";"Falta de Atenção à Condução";"Colisão transversal";"Com Vítimas Fatais";"Pleno dia";"Decrescente";"Céu Claro";"Simples";"Retorno Regulamentado";"Sim";3;2;1;0;0;0;1;2;-16,26365299;-48,93824303;"SPRF-GO";"DEL02-GO";"UOP01-DEL02-GO"
247825;2019-11-07;"quinta-feira";"21:20:00";"SC";101;211,5;"PALHOCA";"Velocidade Incompatível";"Colisão frontal";"Com Vítimas Feridas";"Plena Noite";"Decrescente";"Céu Claro";"Simples";"Viaduto";"Sim";2;0;1;0;1;0;1;2;-27,62329313;-48,65245588;"SPRF-SC";"DEL01-SC";"UOP02-DEL01-SC"
247827;2019-11-07;"quinta-feira";"19:10:00";"AC";317;288;"EPITACIOLANDIA";"Falta de Atenção à Condução";"Saída de leito carroçável";"Com Vítimas Feridas";"Plena Noite";"Decrescente";"Nublado";"Simples";"Aclive;Reta";"Não";2;0;2;0;0;0;2;1;-11,02960869;-68,70038516;"SPRF-AC";"DEL01-AC";"UOP02-DEL01-AC"
247828;2019-11-07;"quinta-feira";"14:30:00";"MT";70;605,5;"POCONE";"Pista Escorregadia";"Saída de leito carroçável";"Com Vítimas Feridas";"Pleno dia";"Crescente";"Chuva";"Simples";"Curva";"Não";3;0;3;0;0;0;3;1;-15,83584901;-56,771044;"SPRF-MT";"DEL03-MT";"UOP02-DEL03-MT"
247829;2019-11-07;"quinta-feira";"21:10:00";"ES";101;262,1;"SERRA";"Objeto estático sobre o leito carroçável";"Colisão com objeto estático";"Com Vítimas Feridas";"Plena Noite";"Crescente";"Nublado";"Dupla";"Reta";"Não";1;0;0;1;0;0;1;1;-20,1572331;-40,27678329;"SPRF-ES";"DEL02-ES";"UOP01-DEL02-ES"
247831;2019-11-07;"quinta-feira";"16:00:00";"PA";316;27;"BENEVIDES";"Velocidade Incompatível";"Saída de leito carroçável";"Com Vítimas Feridas";"Pleno dia";"Decrescente";"Chuva";"Dupla";"Reta";"Sim";2;0;1;1;0;0;2;1;-1,31824794;-48,22663008;"SPRF-PA";"DEL01-PA";"UOP01-DEL01-PA"
247832;2019-11-07;"quinta-feira";"21:30:00";"PR";116;107;"SAO JOSE DOS PINHAIS";"Falta de Atenção à Condução";"Colisão lateral";"Sem Vítimas";"Plena Noite";"Crescente";"Nublado";"Dupla";"Reta";"Não";2;0;0;0;2;0;0;2;-25,56989668;-49,18778205;"SPRF-PR";"DEL01-PR";"UOP06-DEL01-PR"
247835;2019-11-07;"quinta-feira";"22:00:00";"ES";482;63,1;"JERONIMO MONTEIRO";"Falta de Atenção do Pedestre";"Atropelamento de Pedestre";"Com Vítimas Feridas";"Plena Noite";"Crescente";"Nublado";"Simples";"Reta";"Sim";2;0;0;1;1;0;1;2;-20,79081412;-41,38810603;"SPRF-ES";"DEL03-ES";"UOP02-DEL03-ES"