"id";"data_inversa";"dia_semana";"horario";"uf";"br";"km";"municipio";"causa_acidente";"tipo_acidente";"classificacao_acidente";"fase_dia";"sentido_via";"condicao_metereologica";"tipo_pista";"tracado_via";"uso_solo";"pessoas";"mortos";"feridos_leves";"feridos_graves";"ilesos";"ignorados";"feridos";"veiculos";"latitude";"longitude";"regional";"delegacia";"uop"
248061;2019-11-08;"sexta-feira";"21:56:00";"CE";222;0,4;"FORTALEZA";"Falta de Atenção à Condução";"Colisão lateral";"Com Vítimas Feridas";"Plena Noite";"Crescente";"Céu Claro";"Dupla";"Reta";"Não";2;0;1;0;1;0;1;2;-3,717618;-38,54337;"SPRF-CE";"DEL01-CE";"UOP01-DEL01-CE"
248062;2019-10-04;"sexta-feira";"07:40:00";"MG";381;691;"LAVRAS";"Não guardar distância de segurança";"Colisão com objeto estático";"Com Vítimas Feridas";"Pleno dia";"Decrescente";"Sol";"Dupla";"Reta";"Não";1;0;0;1;0;0;1;1;-21,21081038;-45,12380004;"SPRF-MG";"DEL04-MG";"UOP02-DEL04-MG"
248063;2019-11-08;"sexta-feira";"20:30:00";"SC";282;50,6;"AGUAS MORNAS";"Velocidade Incompatível";"Saída de leito carroçável";"Sem Vítimas";"Plena Noite";"Decrescente";"Garoa/Chuvisco";"Simples";"Declive;Curva";"Não";1;0;0;0;1;0;0;1;-27,708536;-48,952251;"SPRF-SC";"DEL01-SC";"UOP03-DEL01-SC"
248065;2019-11-08;"sexta-feira";"21:00:00";"SP";381;34;"ATIBAIA";"Falta de Atenção à Condução";"Colisão traseira";"Com Vítimas Feridas";"Plena Noite";"Decrescente";"Garoa/Chuvisco";"Dupla";"Reta";"Não";2;0;1;0;0;1;1;2;-23,079939;-46,569862;"SPRF-SP";"DEL03-SP";"UOP02-DEL03-SP"
248066;2019-11-08;"sexta-feira";"16:30:00";"MG";262;547;"LUZ";"Falta de Atenção à Condução";"Tombamento";"Com Vítimas Feridas";"Pleno dia";"Decrescente";"Sol";"Simples";"Reta";"Não";1;0;0;1;0;0;1;1;-19,74018668;-45,86034892;"SPRF-MG";"DEL08-MG";"UOP02-DEL08-MG"
248067;2019-11-08;"sexta-feira";"22:20:00";"MG";381;922;"ITAPEVA";"Defeito Mecânico no Veículo";"Incêndio";"Sem Vítimas";"Plena Noite";"Decrescente";"Chuva";"Dupla";"Curva";"Não";1;0;0;0;1;0;0;1;-22,76707833;-46,21789606;"SPRF-MG";"DEL16-MG";"UOP03-DEL16-MG"
248068;2019-11-08;"sexta-feira";"09:40:00";"SC";153;15,6;"AGUA DOCE";"Velocidade Incompatível";"Saída de leito carroçável";"Com Vítimas Feridas";"Pleno dia";"Crescente";"Céu Claro";"Simples";"Curva";"Não";4;0;4;0;0;0;4;1;-26,70354204;-51,58956528;"SPRF-SC";"DEL07-SC";"UOP07-DEL07-SC"
248071;2019-11-08;"sexta-feira";"13:00:00";"PE";232;18;"JABOATAO DOS GUARARAPES";"Restrição de Visibilidade";"Colisão traseira";"Com Vítimas Feridas";"Pleno dia";"Decrescente";"Céu Claro";"Dupla";"Reta";"Não";1;0;1;0;0;0;1;1;-8,09696393;-35,054484;"SPRF-PE";"DEL01-PE";"UOP01-DEL01-PE"
248075;2019-11-08;"sexta-feira";"18:30:00";"RR";174;549;"BOA VISTA";"Defeito na Via";"Queda de ocupante de veículo";"Com Vítimas Feridas";"Plena Noite";"Crescente";"Céu Claro";"Simples";"Reta";"Não";2;0;2;0;0;0;2;1;3,184772;-60,833203;"SPRF-RR";"DEL01-RR";"UOP01-DEL01-RR"
248076;2019-11-08;"sexta-feira";"22:20:00";"MG";356;266,3;"MURIAE";"Animais na Pista";"Atropelamento de Animal";"Com Vítimas Feridas";"Plena Noite";"Decrescente";"Céu Claro";"Simples";"Reta";"Sim";1;0;1;0;0;0;1;1;-21,12823134;-42,35802453;"SPRF-MG";"DEL07-MG";"UOP02-DEL07-MG"
248077;2019-11-08;"sexta-feira";"21:30:00";"MS";262;720;"CORUMBA";"Ingestão de Álcool";"Tombamento";"Com Vítimas Feridas";"Plena Noite";"Crescente";"Céu Claro";"Simples";"Reta";"Não";1;0;0;1;0;0;1;1;-19,41855084;-57,46521311;"SPRF-MS";"DEL03-MS";"UOP03-DEL03-MS"
248078;2019-11-08;"sexta-feira";"23:15:00";"SC";101;199;"SAO JOSE";"Ingestão de Álcool";"Colisão traseira";"Com Vítimas Feridas";"Plena Noite";"Crescente";"Céu Claro";"Dupla";"Reta";"Sim";2;0;0;1;1;0;1;2;-27,53413705;-48,63003205;"SPRF-SC";"DEL01-SC";"UOP01-DEL01-SC"
248080;2019-11-08;"sexta-feira";"22:30:00";"SC";470;84,1;"RODEIO";"Velocidade Incompatível";"Capotamento";"Com Vítimas Feridas";"Plena Noite";"Decrescente";"Nublado";"Simples";"Curva";"Não";1;0;1;0;0;0;1;1;-26,96137;-49,342415;"SPRF-SC";"DEL04-SC";"UOP01-DEL04-SC"
248081;2019-11-08;"sexta-feira";"20:40:00";"RJ";40;115;"DUQUE DE CAXIAS";"Falta de Atenção à Condução";"Colisão traseira";"Com Vítimas Feridas";"Plena Noite";"Decrescente";"Garoa/Chuvisco";"Dupla";"Reta";"Sim";3;0;1;0;2;0;1;2;-22,72756999;-43,2891609;"SPRF-RJ";"DEL01-RJ";"UOP01-DEL01-RJ"
248082;2019-11-08;"sexta-feira";"23:14:00";"RJ";393;223;"VASSOURAS";"Agressão Externa";"Tombamento";"Com Vítimas Feridas";"Plena Noite";"Crescente";"Nublado";"Simples";"Reta";"Não";1;0;1;0;0;0;1;1;-22,3314808;-43,54470015;"SPRF-RJ";"DEL05-RJ";"UOP03-DEL05-RJ"
248084;2019-11-08;"sexta-feira";"22:20:00";"MS";163;263;"DOURADOS";"Ingestão de Álcool";"Saída de leito carroçável";"Com Vítimas Feridas";"Plena Noite";"Crescente";"Céu Claro";"Dupla";"Rotatória";"Sim";1;0;0;1;0;0;1;1;-22,2316424;-54,7478208;"SPRF-MS";"DEL04-MS";"UOP01-DEL04-MS"
248085;2019-11-08;"sexta-feira";"23:40:00";"SC";101;201;"SAO JOSE";"Avarias e/ou desgaste excessivo no pneu";"Saída de leito carroçável";"Com Vítimas Feridas";"Plena Noite";"Decrescente";"Céu Claro";"Dupla";"Reta";"Sim";2;0;2;0;0;0;2;1;-27,54836599;-48,61977975;"SPRF-SC";"DEL01-SC";"UOP01-DEL01-SC"
248087;2019-11-09;"sábado";"00:00:00";"SC";280;129,4;"RIO NEGRINHO";"Ingestão de Álcool";"Colisão com objeto estático";"Sem Vítimas";"Plena Noite";"Decrescente";"Garoa/Chuvisco";"Simples";"Interseção de Vias;Reta";"Não";1;0;0;0;1;0;0;1;-26,25312447;-49,52957511;"SPRF-SC";"DEL06-SC";"UOP03-DEL06-SC"
248088;2019-11-08;"sexta-feira";"20:50:00";"ES";482;120;"GUACUI";"Pista Escorregadia";"Saída de leito carroçável";"Com Vítimas Feridas";"Plena Noite";"Decrescente";"Chuva";"Simples";"Reta";"Não";2;0;2;0;0;0;2;1;-20,738242;-41,831625;"SPRF-ES";"DEL03-ES";"UOP02-DEL03-ES"
248089;2019-11-09;"sábado";"00:00:00";"SP";153;71;"SAO JOSE DO RIO PRETO";"Falta de Atenção à Condução";"Tombamento";"Com Vítimas Feridas";"Plena Noite";"Decrescente";"Céu Claro";"Dupla";"Curva";"Sim";2;0;2;0;0;0;2;1;-20,8580187;-49,40666241;"SPRF-SP";"DEL09-SP";"UOP01-DEL09-SP"
248090;2019-11-08;"sexta-feira";"23:30:00";"RJ";101;243;"SILVA JARDIM";"Falta de Atenção à Condução";"Colisão transversal";"Sem Vítimas";"Plena Noite";"Decrescente";"Nublado";"Simples";"Em Obras;Reta;Desvio Temporário";"Não";2;0;0;0;2;0;0;2;-22,62510828;-42,42746299;"SPRF-RJ";"DEL02-RJ";"UOP03-DEL02-RJ"
248091;2019-11-08;"sexta-feira";"21:00:00";"MT";70;545;"NOSSA SENHORA DO LIVRAMENTO";"Animais na Pista";"Atropelamento de Animal";"Com Vítimas Feridas";"Plena Noite";"Decrescente";"Céu Claro";"Simples";"Reta";"Não";4;0;1;0;0;3;1;2;-15,67788997;-56,26128501;"SPRF-MT";"DEL01-MT";"DEL2/4-UOP02/MT"
248093;2019-11-09;"sábado";"00:05:00";"ES";101;162,9;"LINHARES";"Falta de Atenção à Condução";"Colisão transversal";"Com Vítimas Feridas";"Plena Noite";"Decrescente";"Céu Claro";"Simples";"Interseção de Vias";"Não";3;0;2;0;1;0;2;2;-19,49015283;-40,12624024;"SPRF-ES";"DEL04-ES";"UOP01-DEL04-ES"
248094;2019-11-08;"sexta-feira";"23:45:00";"SC";101;57,5;"ARAQUARI";"Ingestão de Álcool";"Colisão com objeto estático";"Com Vítimas Feridas";"Plena Noite";"Decrescente";"Nublado";"Dupla";"Curva";"Não";1;0;1;0;0;0;1;1;-26,43796458;-48,8041646;"SPRF-SC";"DEL03-SC";"UOP01-DEL03-SC"
248095;2019-11-08;"sexta-feira";"23:50:00";"BA";324;542,8;"AMELIA RODRIGUES";"Desobediência às normas de trânsito pelo pedestre";"Atropelamento de Pedestre";"Com Vítimas Fatais";"Plena Noite";"Crescente";"Céu Claro";"Dupla";"Curva";"Sim";6;1;0;0;4;1;0;3;-12,39373185;-38,77646394;"SPRF-BA";"DEL01-BA";"UOP01-DEL01-BA"
248096;2019-11-08;"sexta-feira";"23:15:00";"RO";319;59;"PORTO VELHO";"Desobediência às normas de trânsito pelo condutor";"Colisão transversal";"Com Vítimas Feridas";"Plena Noite";"Decrescente";"Céu Claro";"Dupla";"Interseção de Vias";"Sim";2;0;1;0;1;0;1;2;-8,766685;-63,884052;"SPRF-RO";"DEL01-RO";"UOP01-DEL01-RO"
248098;2019-11-08;"sexta-feira";"20:40:00";"RJ";40;124;"RIO DE JANEIRO";"Falta de Atenção à Condução";"Colisão traseira";"Com Vítimas Feridas";"Plena Noite";"Decrescente";"Céu Claro";"Múltipla";"Curva";"Sim";4;0;2;0;2;0;2;2;-22,807953;-43,289124;"SPRF-RJ";"DEL01-RJ";"UOP01-DEL01-RJ"
248100;2019-11-08;"sexta-feira";"23:20:00";"RJ";101;303;"SAO GONCALO";"Falta de Atenção à Condução";"Colisão frontal";"Com Vítimas Feridas";"Plena Noite";"Crescente";"Garoa/Chuvisco";"Simples";"Curva";"Sim";2;0;1;0;1;0;1;2;-22,7828205;-42,9766681;"SPRF-RJ";"DEL02-RJ";"UOP02-DEL02-RJ"
248101;2019-11-09;"sábado";"00:55:00";"SC";101;233,6;"PALHOCA";"Ingestão de álcool e/ou substâncias psicoativas pelo pedestre";"Queda de ocupante de veículo";"Com Vítimas Feridas";"Plena Noite";"Crescente";"Garoa/Chuvisco";"Múltipla";"Curva";"Não";1;0;1;0;0;0;1;1;-27,80376397;-48,63826211;"SPRF-SC";"DEL01-SC";"UOP02-DEL01-SC"
248102;2019-11-09;"sábado";"01:25:00";"RS";287;249;"SANTA MARIA";"Sinalização da via insuficiente ou inadequada";"Colisão com objeto estático";"Com Vítimas Feridas";"Plena Noite";"Crescente";"Céu Claro";"Simples";"Em Obras";"Sim";2;0;2;0;0;0;2;1;-29,69400654;-53,86100019;"SPRF-RS";"DEL09-RS";"UOP01-DEL09-RS"
248103;2019-11-09;"sábado";"01:30:00";"PR";116;110;"CURITIBA";"Ingestão de Álcool";"Colisão traseira";"Com Vítimas Feridas";"Plena Noite";"Crescente";"Nublado";"Dupla";"Reta";"Sim";7;0;3;2;1;1;5;3;-25,57012941;-49,21736805;"SPRF-PR";"DEL01-PR";"UOP06-DEL01-PR"
248104;2019-11-08;"sexta-feira";"19:30:00";"RO";435;101,6;"COLORADO DO OESTE";"Não guardar distância de segurança";"Colisão traseira";"Com Vítimas Feridas";"Plena Noite";"Crescente";"Nublado";"Simples";"Reta";"Não";2;0;1;0;1;0;1;2;-13,19174169;-60,616995;"SPRF-RO";"DEL04-RO";"UOP02-DEL04-RO"
248107;2019-11-08;"sexta-feira";"20:15:00";"RS";470;146;"NOVA PRATA";"Falta de Atenção à Condução";"Colisão com objeto estático";"Com Vítimas Feridas";"Plena Noite";"Decrescente";"Ignorado";"Simples";"Reta";"Não";3;0;3;0;0;0;3;1;-28,74485992;-51,6315286;"SPRF-RS";"DEL06-RS";"UOP02-DEL06-RS"
248108;2019-11-09;"sábado";"02:10:00";"GO";50;282,3;"CATALAO";"Ingestão de Álcool";"Colisão com objeto estático";"Com Vítimas Feridas";"Plena Noite";"Decrescente";"Céu Claro";"Simples";"Reta";"Sim";2;0;1;0;1;0;1;1;-18,18935971;-47,95081079;"SPRF-GO";"DEL06-GO";"UOP01-DEL06-GO"
248109;2019-11-09;"sábado";"02:10:00";"BA";101;711,3;"EUNAPOLIS";"Ingestão de Álcool";"Colisão com objeto estático";"Com Vítimas Feridas";"Plena Noite";"Decrescente";"Céu Claro";"Simples";"Curva;Aclive";"Não";1;0;0;1;0;0;1;1;-16,49374594;-39,57503506;"SPRF-BA";"DEL09-BA";"UOP01-DEL09-BA"
248111;2019-11-09;"sábado";"01:40:00";"SP";381;75;"SAO PAULO";"Pista Escorregadia";"Colisão com objeto estático";"Com Vítimas Feridas";"Plena Noite";"Decrescente";"Garoa/Chuvisco";"Dupla";"Curva";"Não";1;0;1;0;0;0;1;1;-23,37660089;-46,56409613;"SPRF-SP";"DEL03-SP";"UOP01-DEL03-SP"
248112;2019-11-09;"sábado";"01:50:00";"MT";163;799;"VERA";"Condutor Dormindo";"Saída de leito carroçável";"Com Vítimas Feridas";"Plena Noite";"Decrescente";"Nublado";"Simples";"Reta";"Não";2;0;2;0;0;0;2;1;-12,17896496;-55,52524567;"SPRF-MT";"DEL06-MT";"UOP01-DEL06-MT"
248113;2019-11-09;"sábado";"01:25:00";"SC";280;81,8;"CORUPA";"Ingestão de Álcool";"Saída de leito carroçável";"Com Vítimas Feridas";"Plena Noite";"Decrescente";"Céu Claro";"Simples";"Reta";"Não";1;0;1;0;0;0;1;1;-26,44057489;-49,217056;"SPRF-SC";"DEL06-SC";"UOP03-DEL06-SC"
248114;2019-11-08;"sexta-feira";"20:40:00";"MG";116;307,5;"ITAMBACURI";"Velocidade Incompatível";"Tombamento";"Sem Vítimas";"Plena Noite";"Decrescente";"Céu Claro";"Simples";"Curva";"Não";1;0;0;0;1;0;0;1;-18,04670104;-41,66254208;"SPRF-MG";"DEL11-MG";"UOP01-DEL11-MG"
248115;2019-11-09;"sábado";"04:05:00";"MG";381;936;"EXTREMA";"Velocidade Incompatível";"Capotamento";"Com Vítimas Feridas";"Amanhecer";"Decrescente";"Chuva";"Dupla";"Curva";"Sim";3;0;3;0;0;0;3;1;-22,82329661;-46,30805019;"SPRF-MG";"DEL16-MG";"UOP03-DEL16-MG"
248116;2019-10-15;"terça-feira";"08:40:00";"ES";262;1;"CARIACICA";"Falta de Atenção à Condução";"Colisão lateral";"Com Vítimas Feridas";"Pleno dia";"Decrescente";"Céu Claro";"Dupla";"Reta";"Sim";4;0;1;0;3;0;1;2;-20,32879011;-40,35470459;"SPRF-ES";"DEL01-ES";"UOP01-DEL01-ES"
248117;2019-11-09;"sábado";"04:00:00";"SC";470;141,3;"RIO DO SUL";"Ingestão de Álcool";"Colisão com objeto estático";"Com Vítimas Feridas";"Plena Noite";"Crescente";"Nublado";"Simples";"Ponte";"Não";2;0;2;0;0;0;2;1;-27,226065;-49,666161;"SPRF-SC";"DEL04-SC";"UOP02-DEL04-SC"
248118;2019-11-09;"sábado";"04:45:00";"RN";304;47,7;"MOSSORO";"Falta de Atenção à Condução";"Colisão com objeto estático";"Com Vítimas Feridas";"Amanhecer";"Decrescente";"Céu Claro";"Dupla";"Curva";"Sim";1;0;0;1;0;0;1;1;-5,22597224;-37,33086797;"SPRF-RN";"DEL04-RN";"UOP01-DEL04-RN"
248119;2019-11-09;"sábado";"04:30:00";"BA";324;600;"SIMOES FILHO";"Condutor Dormindo";"Colisão traseira";"Com Vítimas Feridas";"Amanhecer";"Decrescente";"Céu Claro";"Dupla";"Reta";"Não";3;0;1;0;2;0;1;1;-12,74882798;-38,43296497;"SPRF-BA";"DEL01-BA";"UOP01-DEL01-BA"
248120;2019-11-09;"sábado";"03:30:00";"MG";381;711,1;"CARMO DA CACHOEIRA";"Falta de Atenção à Condução";"Saída de leito carroçável";"Sem Vítimas";"Plena Noite";"Crescente";"Ignorado";"Dupla";"Curva";"Não";1;0;0;0;1;0;0;1;-21,39313978;-45,19816009;"SPRF-MG";"DEL04-MG";"UOP02-DEL04-MG"
248121;2019-11-09;"sábado";"05:40:00";"SE";235;26,7;"LARANJEIRAS";"Falta de Atenção à Condução";"Colisão com objeto estático";"Com Vítimas Fatais";"Pleno dia";"Crescente";"Céu Claro";"Simples";"Reta;Ponte";"Não";1;1;0;0;0;0;0;1;-10,804052;-37,265457;"SPRF-SE";"DEL01-SE";"UOP02-DEL01-SE"
248122;2019-11-09;"sábado";"02:00:00";"RJ";116;170,4;"SAO JOAO DE MERITI";"Falta de Atenção à Condução";"Colisão traseira";"Com Vítimas Feridas";"Plena Noite";"Decrescente";"Nublado";"Múltipla";"Reta";"Não";3;0;1;0;2;0;1;2;-22,81113183;-43,3336729;"SPRF-RJ";"DEL01-RJ";"UOP02-DEL01-RJ"
248123;2019-11-09;"sábado";"02:40:00";"MG";146;600;"POCOS DE CALDAS";"Ingestão de Álcool";"Colisão frontal";"Com Vítimas Feridas";"Plena Noite";"Decrescente";"Chuva";"Simples";"Curva;Aclive";"Não";5;0;4;0;1;0;4;2;-21,77330971;-46,42265439;"SPRF-MG";"DEL16-MG";"UOP01-DEL09-MG"
248125;2019-11-09;"sábado";"05:20:00";"PE";316;38,2;"ARARIPINA";"Falta de Atenção do Pedestre";"Atropelamento de Pedestre";"Com Vítimas Fatais";"Amanhecer";"Decrescente";"Céu Claro";"Simples";"Declive;Reta";"Não";2;1;0;0;0;1;0;2;-7,65888686;-40,40729678;"SPRF-PE";"DEL05-PE";"UOP02-DEL05-PE"
248126;2019-11-09;"sábado";"03:20:00";"SC";282;489,4;"FAXINAL DOS GUEDES";"Ingestão de Álcool";"Colisão frontal";"Com Vítimas Feridas";"Pleno dia";"Crescente";"Céu Claro";"Simples";"Curva";"Não";4;0;0;4;0;0;4;2;-26,870375;-52,274731;"SPRF-SC";"DEL07-SC";"UOP01-DEL07-SC"
248127;2019-11-09;"sábado";"06:00:00";"RS";386;39;"FREDERICO WESTPHALEN";"Velocidade Incompatível";"Saída de leito carroçável";"Com Vítimas Feridas";"Pleno dia";"Crescente";"Céu Claro";"Simples";"Curva";"Não";3;0;2;1;0;0;3;1;-27,40012;-53,403744;"SPRF-RS";"DEL08-RS";"UOP02-DEL08-RS"
248129;2019-11-09;"sábado";"05:50:00";"SP";116;157,6;"JACAREI";"Falta de Atenção à Condução";"Queda de ocupante de veículo";"Com Vítimas Feridas";"Amanhecer";"Crescente";"Céu Claro";"Dupla";"Curva";"Sim";1;0;1;0;0;0;1;1;-23,25845884;-45,94860077;"SPRF-SP";"DEL02-SP";"UOP01-DEL02-SP"
248130;2019-11-09;"sábado";"05:10:00";"PR";116;206,9;"RIO NEGRO";"Ingestão de Álcool";"Colisão transversal";"Com Vítimas Feridas";"Pleno dia";"Decrescente";"Céu Claro";"Simples";"Aclive";"Sim";3;0;1;0;2;0;1;2;-26,06427183;-49,73114671;"SPRF-SC";"DEL06-SC";"UOP01-DEL06-SC"
248131;2019-11-09;"sábado";"06:25:00";"AL";101;65,1;"MESSIAS";"Falta de Atenção à Condução";"Saída de leito carroçável";"Com Vítimas Feridas";"Pleno dia";"Decrescente";"Céu Claro";"Dupla";"Curva";"Não";1;0;0;1;0;0;1;1;-9,32413414;-35,82956829;"SPRF-AL";"DEL01-AL";"UOP02-DEL01-AL"
248132;2019-11-09;"sábado";"05:42:00";"GO";153;514,2;"APARECIDA DE GOIANIA";"Velocidade Incompatível";"Colisão transversal";"Com Vítimas Feridas";"Amanhecer";"Crescente";"Nublado";"Dupla";"Interseção de Vias";"Sim";3;0;1;0;1;1;1;3;-16,8315;-49,2434;"SPRF-GO";"DEL01-GO";"UOP03-DEL01-GO"
248133;2019-11-09;"sábado";"05:50:00";"BA";324;376;"SAO JOSE DO JACUIPE";"Defeito Mecânico no Veículo";"Capotamento";"Com Vítimas Feridas";"Pleno dia";"Crescente";"Sol";"Simples";"Reta";"Não";2;0;2;0;0;0;2;1;-11,44629836;-39,82800212;"SPRF-BA";"DEL04-BA";"UOP02-DEL04-BA"
248135;2019-11-09;"sábado";"04:30:00";"RJ";101;143,4;"MACAE";"Falta de Atenção à Condução";"Saída de leito carroçável";"Sem Vítimas";"Amanhecer";"Crescente";"Ignorado";"Dupla";"Curva";"Não";1;0;0;0;1;0;0;1;-22,20562678;-41,75124739;"SPRF-RJ";"DEL02-RJ";"UOP04-DEL08-RJ"
248136;2019-11-09;"sábado";"05:50:00";"PR";476;314,2;"PAULO FRONTIN";"Ingestão de Álcool";"Saída de leito carroçável";"Sem Vítimas";"Amanhecer";"Decrescente";"Nublado";"Simples";"Curva";"Não";1;0;0;0;1;0;0;1;-26,034035;-50,698009;"SPRF-PR";"DEL02-PR";"UOP04-DEL02-PR"
248139;2019-11-09;"sábado";"06:21:00";"MT";364;404;"CUIABA";"Ingestão de Álcool";"Queda de ocupante de veículo";"Com Vítimas Feridas";"Pleno dia";"Decrescente";"Céu Claro";"Dupla";"Reta";"Sim";1;0;1;0;0;0;1;1;-15,66158612;-55,97144205;"SPRF-MT";"DEL02-MT";"UOP02-DEL01-MT"
248140;2019-11-09;"sábado";"06:50:00";"MG";381;940,6;"EXTREMA";"Velocidade Incompatível";"Saída de leito carroçável";"Com Vítimas Feridas";"Pleno dia";"Crescente";"Chuva";"Dupla";"Curva";"Não";2;0;1;0;0;1;1;2;-22,85421396;-46,33740277;"SPRF-MG";"DEL16-MG";"UOP03-DEL16-MG"
248141;2019-11-09;"sábado";"06:30:00";"RJ";116;276;"BARRA MANSA";"Pista Escorregadia";"Queda de ocupante de veículo";"Com Vítimas Feridas";"Pleno dia";"Decrescente";"Céu Claro";"Dupla";"Reta";"Não";1;0;0;1;0;0;1;1;-22,56183393;-44,16588602;"SPRF-RJ";"DEL07-RJ";"UOP02-DEL07-RJ"
248142;2019-11-09;"sábado";"07:45:00";"PR";376;181;"MARINGA";"Falta de Atenção à Condução";"Colisão traseira";"Com Vítimas Feridas";"Pleno dia";"Decrescente";"Céu Claro";"Dupla";"Reta";"Sim";3;0;1;0;2;0;1;3;-23,42954805;-51,89121455;"SPRF-PR";"DEL07-PR";"UOP01-DEL09-PR"
248145;2019-11-09;"sábado";"08:05:00";"SC";101;143;"ITAPEMA";"Desobediência às normas de trânsito pelo condutor";"Queda de ocupante de veículo";"Com Vítimas Feridas";"Pleno dia";"Crescente";"Chuva";"Dupla";"Reta";"Sim";1;0;1;0;0;0;1;1;-27,06436;-48,59599405;"SPRF-SC";"DEL04-SC";"UOP03-DEL04-SC"
248147;2019-10-16;"quarta-feira";"11:00:00";"PE";116;40;"SALGUEIRO";"Objeto estático sobre o leito carroçável";"Danos eventuais";"Sem Vítimas";"Pleno dia";"Decrescente";"Céu Claro";"Simples";"Reta";"Não";2;0;0;0;2;0;0;1;-8,188874;-39,10149;"SPRF-PE";"DEL05-PE";"UOP01-DEL05-PE"
248149;2019-11-09;"sábado";"07:45:00";"CE";222;73,2;"SAO GONCALO DO AMARANTE";"Ultrapassagem Indevida";"Colisão frontal";"Com Vítimas Fatais";"Pleno dia";"Crescente";"Sol";"Simples";"Reta";"Não";5;1;0;4;0;0;4;2;-3,67096877;-39,197361;"SPRF-CE";"DEL01-CE";"UOP03-DEL01-CE"
248150;2019-11-09;"sábado";"08:00:00";"SC";101;58;"ARAQUARI";"Agressão Externa";"Colisão traseira";"Com Vítimas Feridas";"Pleno dia";"Crescente";"Chuva";"Dupla";"Reta";"Não";3;0;1;0;2;0;1;2;-26,44025049;-48,80129043;"SPRF-SC";"DEL03-SC";"UOP02-DEL03-SC"
248151;2019-11-09;"sábado";"07:35:00";"GO";414;304,7;"VILA PROPICIO";"Não guardar distância de segurança";"Colisão traseira";"Com Vítimas Feridas";"Pleno dia";"Decrescente";"Céu Claro";"Simples";"Aclive";"Não";6;0;2;0;3;1;2;3;-15,20091703;-48,70185812;"SPRF-GO";"DEL02-GO";"UOP01-DEL02-GO"
248153;2019-11-09;"sábado";"07:50:00";"PR";376;653,5;"TIJUCAS DO SUL";"Velocidade Incompatível";"Saída de leito carroçável";"Com Vítimas Feridas";"Pleno dia";"Crescente";"Garoa/Chuvisco";"Dupla";"Curva";"Não";2;0;1;0;1;0;1;1;-25,84420191;-49,0604381;"SPRF-PR";"DEL01-PR";"UOP04-DEL01-PR"
248154;2019-11-09;"sábado";"08:15:00";"PR";376;180,8;"MARINGA";"Desobediência às normas de trânsito pelo condutor";"Colisão traseira";"Com Vítimas Feridas";"Pleno dia";"Decrescente";"Céu Claro";"Dupla";"Reta";"Sim";2;0;1;0;1;0;1;2;-23,42725352;-51,89512271;"SPRF-PR";"DEL07-PR";"UOP01-DEL09-PR"
248155;2019-11-09;"sábado";"07:00:00";"MT";364;206;"RONDONOPOLIS";"Falta de Atenção à Condução";"Colisão transversal";"Com Vítimas Feridas";"Pleno dia";"Decrescente";"Céu Claro";"Dupla";"Rotatória";"Sim";2;0;1;0;1;0;1;2;-16,45124779;-54,66469557;"SPRF-MT";"DEL02-MT";"UOP01-DEL02-MT"
248156;2019-11-09;"sábado";"07:55:00";"GO";70;1;"AGUAS LINDAS DE GOIAS";"Objeto estático sobre o leito carroçável";"Colisão traseira";"Com Vítimas Feridas";"Pleno dia";"Crescente";"Sol";"Múltipla";"Aclive;Curva";"Não";2;0;1;0;1;0;1;2;-15,77579351;-48,23259001;"SPRF-DF";"DEL01-DF";"UOP02-DEL03-DF"
248157;2019-11-09;"sábado";"07:45:00";"SP";381;56,7;"MAIRIPORA";"Não guardar distância de segurança";"Colisão lateral";"Com Vítimas Feridas";"Pleno dia";"Crescente";"Céu Claro";"Dupla";"Reta";"Sim";2;0;1;0;1;0;1;2;-23,25907163;-46,58982662;"SPRF-SP";"DEL03-SP";"UOP01-DEL03-SP"
248158;2019-11-09;"sábado";"08:40:00";"PR";376;652;"TIJUCAS DO SUL";"Falta de Atenção à Condução";"Saída de leito carroçável";"Com Vítimas Feridas";"Pleno dia";"Decrescente";"Garoa/Chuvisco";"Dupla";"Curva";"Não";2;0;1;0;1;0;1;1;-25,8461583;-49,068884;"SPRF-PR";"DEL01-PR";"UOP04-DEL01-PR"
248160;2019-11-09;"sábado";"07:45:00";"BA";116;10;"VITORIA DA CONQUISTA";"Falta de Atenção do Pedestre";"Atropelamento de Pedestre";"Com Vítimas Feridas";"Pleno dia";"Crescente";"Céu Claro";"Simples";"Reta";"Sim";2;0;0;1;0;1;1;2;-14,85966;-40,87638;"SPRF-BA";"DEL08-BA";"UOP01-DEL08-BA"
248161;2019-11-09;"sábado";"07:30:00";"RS";290;32,4;"SANTO ANTONIO DA PATRULHA";"Não guardar distância de segurança";"Colisão transversal";"Sem Vítimas";"Pleno dia";"Decrescente";"Céu Claro";"Dupla";"Reta";"Não";4;0;0;0;4;0;0;2;-29,88533008;-50,57943019;"SPRF-RS";"DEL03-RS";"UOP01-DEL03-RS"
248163;2019-11-09;"sábado";"08:35:00";"MG";40;437;"PARAOPEBA";"Falta de Atenção à Condução";"Colisão transversal";"Com Vítimas Feridas";"Pleno dia";"Crescente";"Sol";"Dupla";"Reta";"Não";2;0;0;1;1;0;1;2;-19,23100428;-44,43562244;"SPRF-MG";"DEL02-MG";"UOP01-DEL02-MG"