"id";"data_inversa";"dia_semana";"horario";"uf";"br";"km";"municipio";"causa_acidente";"tipo_acidente";"classificacao_acidente";"fase_dia";"sentido_via";"condicao_metereologica";"tipo_pista";"tracado_via";"uso_solo";"pessoas";"mortos";"feridos_leves";"feridos_graves";"ilesos";"ignorados";"feridos";"veiculos";"latitude";"longitude";"regional";"delegacia";"uop"
248164;2019-11-09;"sábado";"09:00:00";"SC";101;132;"BALNEARIO CAMBORIU";"Falta de Atenção à Condução";"Colisão traseira";"Com Vítimas Feridas";"Pleno dia";"Decrescente";"Chuva";"Simples";"Interseção de Vias";"Sim";2;0;1;0;1;0;1;2;-26,99654133;-48,65564711;"SPRF-SC";"DEL04-SC";"UOP03-DEL04-SC"
248165;2019-11-09;"sábado";"08:50:00";"PE";104;46,3;"CARUARU";"Defeito Mecânico no Veículo";"Tombamento";"Com Vítimas Feridas";"Pleno dia";"Decrescente";"Céu Claro";"Dupla";"Reta";"Não";1;0;0;1;0;0;1;1;-8,1272;-35,9943;"SPRF-PE";"DEL02-PE";"UOP01-DEL02-PE"
248166;2019-11-09;"sábado";"09:00:00";"SC";470;241,7;"CURITIBANOS";"Velocidade Incompatível";"Colisão traseira";"Com Vítimas Feridas";"Pleno dia";"Crescente";"Nublado";"Simples";"Curva";"Não";3;0;2;0;1;0;2;2;-27,308832;-50,490402;"SPRF-SC";"DEL05-SC";"UOP03-DEL05-SC"
248168;2019-11-09;"sábado";"07:50:00";"AM";174;894;"MANAUS";"Desobediência às normas de trânsito pelo condutor";"Saída de leito carroçável";"Com Vítimas Feridas";"Pleno dia";"Crescente";"Céu Claro";"Simples";"Reta";"Não";1;0;0;1;0;0;1;1;-2,88848901;-60,03510842;"SPRF-AM";"DEL01-AM";"UOP01-DEL01-AM"
248169;2019-11-09;"sábado";"08:50:00";"PB";230;27;"JOAO PESSOA";"Não guardar distância de segurança";"Engavetamento";"Com Vítimas Feridas";"Pleno dia";"Crescente";"Céu Claro";"Dupla";"Reta";"Sim";4;0;1;0;3;0;1;4;-7,1677;-34,8855;"SPRF-PB";"DEL01-PB";"UOP01-DEL01-PB"
248170;2019-11-09;"sábado";"09:30:00";"PE";101;105;"CABO DE SANTO AGOSTINHO";"Falta de Atenção à Condução";"Saída de leito carroçável";"Com Vítimas Feridas";"Pleno dia";"Decrescente";"Céu Claro";"Dupla";"Reta";"Não";1;0;0;1;0;0;1;1;-8,30242751;-35,06989924;"SPRF-PE";"DEL01-PE";"UOP03-DEL01-PE"
248172;2019-11-09;"sábado";"10:00:00";"CE";222;113;"ITAPAJE";"Defeito Mecânico no Veículo";"Colisão frontal";"Com Vítimas Feridas";"Pleno dia";"Decrescente";"Céu Claro";"Simples";"Reta";"Não";3;0;1;1;1;0;2;2;-3,74511322;-39,51862504;"SPRF-CE";"DEL04-CE";"UOP03-DEL04-CE"
248173;2019-11-09;"sábado";"07:40:00";"SP";116;517;"CAJATI";"Pista Escorregadia";"Capotamento";"Com Vítimas Feridas";"Pleno dia";"Decrescente";"Chuva";"Dupla";"Curva";"Não";3;0;1;0;2;0;1;1;-24,8768469;-48,22732309;"SPRF-SP";"DEL05-SP";"UAP01-DEL05-SP"
248174;2019-11-09;"sábado";"09:55:00";"SC";282;511;"XANXERE";"Ingestão de Álcool";"Saída de leito carroçável";"Com Vítimas Feridas";"Pleno dia";"Decrescente";"Céu Claro";"Simples";"Curva";"Não";1;0;1;0;0;0;1;1;-26,905405;-52,464199;"SPRF-SC";"DEL07-SC";"UOP01-DEL07-SC"
248179;2019-11-09;"sábado";"08:30:00";"RJ";101;297;"ITABORAI";"Falta de Atenção do Pedestre";"Atropelamento de Pedestre";"Com Vítimas Feridas";"Pleno dia";"Decrescente";"Nublado";"Simples";"Rotatória";"Sim";2;0;1;0;1;0;1;2;-22,76942037;-42,91873581;"SPRF-RJ";"DEL02-RJ";"UOP03-DEL02-RJ"
248180;2019-11-09;"sábado";"10:00:00";"SP";116;53;"LORENA";"Não guardar distância de segurança";"Colisão traseira";"Com Vítimas Feridas";"Pleno dia";"Crescente";"Chuva";"Dupla";"Reta";"Não";3;0;1;0;2;0;1;2;-22,75255433;-45,10741076;"SPRF-SP";"DEL08-SP";"UOP01-DEL08-SP"
248181;2019-11-09;"sábado";"07:30:00";"RS";287;247,3;"SANTA MARIA";"Falta de Atenção à Condução";"Colisão lateral";"Com Vítimas Feridas";"Pleno dia";"Crescente";"Sol";"Dupla";"Reta";"Sim";4;0;0;1;3;0;1;2;-29,69991534;-53,84176017;"SPRF-RS";"DEL09-RS";"UOP01-DEL09-RS"
248182;2019-11-09;"sábado";"10:30:00";"RJ";101;316;"NITEROI";"Falta de Atenção à Condução";"Colisão transversal";"Com Vítimas Feridas";"Pleno dia";"Crescente";"Céu Claro";"Dupla";"Curva";"Sim";2;0;1;0;1;0;1;2;-22,82835879;-43,09208739;"SPRF-RJ";"DEL02-RJ";"UOP02-DEL02-RJ"
248183;2019-11-09;"sábado";"09:55:00";"CE";222;302;"TIANGUA";"Pista Escorregadia";"Queda de ocupante de veículo";"Com Vítimas Feridas";"Pleno dia";"Crescente";"Céu Claro";"Simples";"Curva";"Não";2;0;1;1;0;0;2;1;-3,66159701;-40,940041;"SPRF-CE";"DEL04-CE";"UOP02-DEL04-CE"
248184;2019-11-09;"sábado";"11:10:00";"SC";470;55;"BLUMENAU";"Falta de Atenção à Condução";"Colisão lateral";"Com Vítimas Feridas";"Pleno dia";"Decrescente";"Nublado";"Simples";"Rotatória;Reta";"Sim";2;0;1;0;1;0;1;2;-26,875601;-49,117992;"SPRF-SC";"DEL04-SC";"UOP01-DEL04-SC"
248185;2019-11-09;"sábado";"11:00:00";"DF";20;9;"BRASILIA";"Desobediência às normas de trânsito pelo condutor";"Colisão traseira";"Com Vítimas Feridas";"Pleno dia";"Decrescente";"Céu Claro";"Dupla";"Retorno Regulamentado";"Sim";4;0;1;0;3;0;1;3;-15,654671;-47,782917;"SPRF-DF";"DEL02-DF";"UOP01-DEL02-DF"
248186;2019-11-09;"sábado";"10:25:00";"GO";40;5;"VALPARAISO DE GOIAS";"Falta de Atenção à Condução";"Colisão lateral";"Com Vítimas Feridas";"Pleno dia";"Crescente";"Céu Claro";"Dupla";"Reta";"Sim";2;0;0;1;1;0;1;2;-16,093134;-47,982236;"SPRF-DF";"DEL01-DF";"UOP01-DEL01-DF"
248189;2019-11-09;"sábado";"09:25:00";"TO";153;737,5;"ALVORADA";"Ultrapassagem Indevida";"Saída de leito carroçável";"Sem Vítimas";"Pleno dia";"Decrescente";"Chuva";"Simples";"Reta";"Não";1;0;0;0;1;0;0;1;-12,27137099;-49,15997813;"SPRF-TO";"DEL02-TO";"UOP02-DEL01-TO"
248192;2019-11-09;"sábado";"12:05:00";"PE";101;42,9;"IGARASSU";"Falta de Atenção à Condução";"Saída de leito carroçável";"Com Vítimas Feridas";"Pleno dia";"Decrescente";"Sol";"Múltipla";"Reta";"Sim";3;0;1;0;1;1;1;3;-7,83887431;-34,91196739;"SPRF-PE";"DEL01-PE";"UOP02-DEL01-PE"
248194;2019-11-09;"sábado";"12:20:00";"PR";277;644;"CEU AZUL";"Ingestão de Álcool";"Colisão frontal";"Com Vítimas Feridas";"Pleno dia";"Decrescente";"Céu Claro";"Simples";"Reta";"Não";7;0;1;0;4;2;1;5;-25,17363131;-53,88603272;"SPRF-PR";"DEL05-PR";"UOP02-DEL05-PR"
248196;2019-11-09;"sábado";"10:45:00";"PA";222;238;"MARABA";"Objeto estático sobre o leito carroçável";"Colisão com objeto estático";"Com Vítimas Feridas";"Pleno dia";"Crescente";"Céu Claro";"Simples";"Ponte";"Não";1;0;0;1;0;0;1;1;-5,31626128;-49,07970428;"SPRF-PA";"DEL03-PA";"UOP01-DEL03-PA"
248199;2019-11-09;"sábado";"13:05:00";"SC";101;24,8;"JOINVILLE";"Ingestão de Álcool";"Colisão lateral";"Sem Vítimas";"Pleno dia";"Crescente";"Céu Claro";"Simples";"Interseção de Vias";"Sim";2;0;0;0;2;0;0;2;-26,17483309;-48,90767978;"SPRF-SC";"DEL03-SC";"UOP01-DEL03-SC"
248200;2019-11-09;"sábado";"13:10:00";"PE";101;41,1;"IGARASSU";"Falta de Atenção à Condução";"Colisão lateral";"Com Vítimas Feridas";"Pleno dia";"Decrescente";"Céu Claro";"Múltipla";"Reta";"Sim";2;0;1;0;1;0;1;2;-7,83038346;-34,91426785;"SPRF-PE";"DEL01-PE";"UOP02-DEL01-PE"
248201;2019-11-09;"sábado";"11:00:00";"AC";364;121;"RIO BRANCO";"Falta de Atenção à Condução";"Colisão traseira";"Com Vítimas Feridas";"Pleno dia";"Crescente";"Céu Claro";"Dupla";"Reta";"Sim";2;0;1;0;1;0;1;2;-10,01209268;-67,764365;"SPRF-AC";"DEL01-AC";"UOP01-DEL01-AC"
248202;2019-11-09;"sábado";"12:40:00";"SC";101;186;"BIGUACU";"Falta de Atenção à Condução";"Colisão com objeto estático";"Com Vítimas Feridas";"Pleno dia";"Decrescente";"Chuva";"Dupla";"Curva";"Não";4;0;3;0;1;0;3;1;-27,4341098;-48,62567129;"SPRF-SC";"DEL01-SC";"UOP01-DEL01-SC"
248203;2019-11-09;"sábado";"12:10:00";"DF";20;9;"BRASILIA";"Falta de Atenção à Condução";"Colisão transversal";"Com Vítimas Feridas";"Pleno dia";"Decrescente";"Céu Claro";"Dupla";"Aclive";"Sim";5;0;2;0;3;0;2;3;-15,654671;-47,782917;"SPRF-DF";"DEL02-DF";"UOP01-DEL02-DF"
248204;2019-11-09;"sábado";"12:18:00";"PR";476;139;"CURITIBA";"Velocidade Incompatível";"Colisão com objeto estático";"Com Vítimas Fatais";"Pleno dia";"Crescente";"Céu Claro";"Dupla";"Curva;Interseção de Vias";"Sim";7;1;0;0;5;1;0;4;-25,517283;-49,292006;"SPRF-PR";"DEL01-PR";"UOP03-DEL01-PR"
248206;2019-11-09;"sábado";"13:05:00";"SC";101;175,1;"GOVERNADOR CELSO RAMOS";"Velocidade Incompatível";"Tombamento";"Com Vítimas Feridas";"Pleno dia";"Crescente";"Chuva";"Dupla";"Curva";"Não";1;0;1;0;0;0;1;1;-27,33963303;-48,62734885;"SPRF-SC";"DEL01-SC";"UOP01-DEL01-SC"
248207;2019-11-09;"sábado";"11:25:00";"GO";60;165,9;"GOIANIA";"Desobediência às normas de trânsito pelo condutor";"Colisão transversal";"Com Vítimas Feridas";"Pleno dia";"Decrescente";"Céu Claro";"Dupla";"Interseção de Vias";"Sim";2;0;1;0;1;0;1;2;-16,71246269;-49,35669065;"SPRF-GO";"DEL01-GO";"UOP02-DEL01-GO"
248208;2019-11-09;"sábado";"13:10:00";"PE";407;124,1;"PETROLINA";"Desobediência às normas de trânsito pelo condutor";"Colisão transversal";"Com Vítimas Feridas";"Pleno dia";"Decrescente";"Sol";"Dupla";"Rotatória";"Sim";3;0;2;0;0;1;2;2;-9,36929881;-40,54137139;"SPRF-PE";"DEL06-PE";"UOP01-DEL06-PE"
248209;2019-11-09;"sábado";"13:30:00";"ES";482;81,5;"ALEGRE";"Desobediência às normas de trânsito pelo condutor";"Colisão transversal";"Com Vítimas Feridas";"Pleno dia";"Decrescente";"Céu Claro";"Simples";"Reta";"Não";2;0;1;0;1;0;1;2;-20,76086513;-41,51587805;"SPRF-ES";"DEL03-ES";"UOP02-DEL03-ES"
248211;2019-11-09;"sábado";"13:10:00";"MG";365;465;"PATROCINIO";"Falta de Atenção à Condução";"Colisão lateral";"Com Vítimas Feridas";"Pleno dia";"Crescente";"Sol";"Simples";"Reta";"Não";3;0;2;0;0;1;2;2;-18,891;-46,938;"SPRF-MG";"DEL10-MG";"UOP01-DEL10-MG"
248212;2019-11-09;"sábado";"14:20:00";"SC";101;127,4;"ITAJAI";"Defeito Mecânico no Veículo";"Queda de ocupante de veículo";"Com Vítimas Feridas";"Pleno dia";"Crescente";"Garoa/Chuvisco";"Dupla";"Reta";"Não";1;0;1;0;0;0;1;1;-26,9639319;-48,68328024;"SPRF-SC";"DEL04-SC";"UOP04-DEL04-SC"
248213;2019-11-09;"sábado";"14:15:00";"RS";290;128,7;"ELDORADO DO SUL";"Defeito Mecânico no Veículo";"Tombamento";"Com Vítimas Feridas";"Pleno dia";"Decrescente";"Sol";"Simples";"Reta";"Não";2;0;1;0;1;0;1;1;-30,057104;-51,490009;"SPRF-RS";"DEL02-RS";"UOP01-DEL02-RS"
248214;2019-11-09;"sábado";"13:40:00";"RO";364;196,7;"PIMENTA BUENO";"Desobediência às normas de trânsito pelo condutor";"Colisão transversal";"Com Vítimas Feridas";"Pleno dia";"Decrescente";"Céu Claro";"Simples";"Reta";"Sim";2;0;0;1;1;0;1;2;-11,68671732;-61,18347731;"SPRF-RO";"DEL02-RO";"UOP02-DEL02-RO"
248215;2019-11-09;"sábado";"13:30:00";"SP";116;144,4;"SAO JOSE DOS CAMPOS";"Ingestão de Álcool";"Colisão com objeto estático";"Sem Vítimas";"Pleno dia";"Crescente";"Nublado";"Múltipla";"Reta";"Sim";1;0;0;0;1;0;0;1;-23,18274416;-45,84633592;"SPRF-SP";"DEL02-SP";"UOP01-DEL02-SP"
248216;2019-11-09;"sábado";"10:55:00";"PI";316;259,5;"IPIRANGA DO PIAUI";"Desobediência às normas de trânsito pelo condutor";"Colisão transversal";"Com Vítimas Feridas";"Pleno dia";"Crescente";"Sol";"Simples";"Reta";"Sim";2;0;0;1;1;0;1;2;-6,81961598;-41,73781153;"SPRF-PI";"DEL04-PI";"UOP02-DEL04-PI"
248218;2019-11-09;"sábado";"15:00:00";"PR";376;161,4;"MARINGA";"Falta de Atenção à Condução";"Colisão transversal";"Com Vítimas Feridas";"Pleno dia";"Crescente";"Céu Claro";"Dupla";"Interseção de Vias;Retorno Regulamentado";"Sim";3;0;1;0;2;0;1;2;-23,37281665;-52,05547485;"SPRF-PR";"DEL07-PR";"UOP01-DEL09-PR"
248219;2019-11-09;"sábado";"14:40:00";"SP";116;225;"GUARULHOS";"Ingestão de Álcool";"Colisão lateral";"Sem Vítimas";"Pleno dia";"Decrescente";"Céu Claro";"Múltipla";"Reta";"Sim";2;0;0;0;2;0;0;2;-23,48586772;-46,54075317;"SPRF-SP";"DEL01-SP";"UOP01-DEL01-SP"
248222;2019-11-09;"sábado";"15:00:00";"SC";282;1;"FLORIANOPOLIS";"Falta de Atenção à Condução";"Colisão lateral";"Com Vítimas Feridas";"Pleno dia";"Decrescente";"Nublado";"Múltipla";"Reta";"Sim";3;0;2;0;1;0;2;2;-27,60096714;-48,5775277;"SPRF-SC";"DEL01-SC";"UOP01-DEL01-SC"
248223;2019-11-09;"sábado";"15:25:00";"PB";101;88;"JOAO PESSOA";"Falta de Atenção à Condução";"Queda de ocupante de veículo";"Com Vítimas Feridas";"Pleno dia";"Decrescente";"Céu Claro";"Dupla";"Curva";"Sim";1;0;1;0;0;0;1;1;-7,16470016;-34,89993643;"SPRF-PB";"DEL01-PB";"UOP01-DEL01-PB"
248224;2019-11-09;"sábado";"14:40:00";"PR";376;666;"GUARATUBA";"Pista Escorregadia";"Capotamento";"Sem Vítimas";"Pleno dia";"Decrescente";"Garoa/Chuvisco";"Dupla";"Curva;Aclive";"Não";1;0;0;0;1;0;0;1;-25,86037408;-48,95087256;"SPRF-PR";"DEL01-PR";"UOP04-DEL01-PR"
248225;2019-11-09;"sábado";"15:15:00";"PR";163;86;"CAPANEMA";"Ultrapassagem Indevida";"Colisão lateral";"Com Vítimas Feridas";"Pleno dia";"Decrescente";"Céu Claro";"Simples";"Declive;Reta";"Não";4;0;2;0;1;1;2;3;-25,688894;-53,78423;"SPRF-PR";"DEL02-PR";"UOP02-DEL02-PR"
248226;2019-11-09;"sábado";"15:30:00";"RJ";40;92;"PETROPOLIS";"Velocidade Incompatível";"Colisão com objeto estático";"Com Vítimas Feridas";"Pleno dia";"Crescente";"Nublado";"Simples";"Curva";"Não";2;0;1;0;1;0;1;1;-22,55242688;-43,2512221;"SPRF-RJ";"DEL06-RJ";"UOP01-DEL06-RJ"
248227;2019-11-09;"sábado";"15:20:00";"GO";60;82,6;"ANAPOLIS";"Avarias e/ou desgaste excessivo no pneu";"Saída de leito carroçável";"Sem Vítimas";"Pleno dia";"Decrescente";"Céu Claro";"Dupla";"Curva;Aclive";"Não";1;0;0;0;1;0;0;1;-16,31438457;-48,84073388;"SPRF-GO";"DEL02-GO";"UOP01-DEL02-GO"
248228;2019-11-09;"sábado";"15:20:00";"RJ";393;274;"BARRA DO PIRAI";"Falta de Atenção à Condução";"Capotamento";"Com Vítimas Feridas";"Pleno dia";"Crescente";"Garoa/Chuvisco";"Simples";"Curva";"Sim";4;0;1;0;3;0;1;1;-22,48328327;-43,96042792;"SPRF-RJ";"DEL05-RJ";"UOP04-DEL05-RJ"
248230;2019-11-09;"sábado";"15:30:00";"RJ";40;30,3;"TRES RIOS";"Velocidade Incompatível";"Tombamento";"Com Vítimas Feridas";"Pleno dia";"Decrescente";"Chuva";"Dupla";"Curva";"Não";2;0;1;0;1;0;1;1;-22,18633705;-43,16660309;"SPRF-RJ";"DEL06-RJ";"UOP02-DEL05-RJ"
248232;2019-11-09;"sábado";"15:50:00";"PR";469;13,1;"FOZ DO IGUACU";"Falta de Atenção à Condução";"Colisão transversal";"Com Vítimas Feridas";"Pleno dia";"Decrescente";"Sol";"Simples";"Interseção de Vias";"Sim";2;0;0;1;0;1;1;2;-25,5754;-54,5489;"SPRF-PR";"DEL05-PR";"UOP04-DEL05-PR"
248233;2019-11-09;"sábado";"15:50:00";"SC";101;213,1;"PALHOCA";"Defeito Mecânico no Veículo";"Colisão traseira";"Com Vítimas Feridas";"Pleno dia";"Decrescente";"Nublado";"Dupla";"Reta";"Sim";2;0;0;1;1;0;1;2;-27,63697369;-48,66514142;"SPRF-SC";"DEL01-SC";"UOP02-DEL01-SC"
248234;2019-11-09;"sábado";"16:05:00";"PB";230;26;"JOAO PESSOA";"Falta de Atenção à Condução";"Colisão com objeto estático";"Com Vítimas Feridas";"Pleno dia";"Crescente";"Céu Claro";"Dupla";"Reta";"Sim";1;0;1;0;0;0;1;1;-7,1693;-34,8782;"SPRF-PB";"DEL01-PB";"UOP01-DEL01-PB"
248235;2019-11-09;"sábado";"16:30:00";"MG";381;485;"BETIM";"Falta de Atenção à Condução";"Colisão frontal";"Com Vítimas Feridas";"Pleno dia";"Crescente";"Céu Claro";"Simples";"Curva";"Não";6;0;5;0;1;0;5;2;-19,95659361;-44,12622893;"SPRF-MG";"DEL01-MG";"UOP03-DEL01-MG"
248236;2019-11-09;"sábado";"16:20:00";"MG";40;620,8;"CONSELHEIRO LAFAIETE";"Avarias e/ou desgaste excessivo no pneu";"Colisão frontal";"Com Vítimas Feridas";"Pleno dia";"Decrescente";"Chuva";"Simples";"Curva";"Sim";4;0;2;1;1;0;3;2;-20,57784016;-43,80982006;"SPRF-MG";"DEL05-MG";"UOP02-DEL05-MG"
248238;2019-11-09;"sábado";"16:10:00";"RS";153;413,8;"CACHOEIRA DO SUL";"Ingestão de Álcool";"Colisão traseira";"Sem Vítimas";"Pleno dia";"Decrescente";"Nublado";"Simples";"Reta";"Não";2;0;0;0;2;0;0;2;-30,07044492;-52,87862957;"SPRF-RS";"DEL02-RS";"UOP02-DEL02-RS"
248242;2019-11-09;"sábado";"16:45:00";"RJ";116;143;"DUQUE DE CAXIAS";"Falta de Atenção do Pedestre";"Colisão com objeto em movimento";"Com Vítimas Feridas";"Pleno dia";"Crescente";"Céu Claro";"Simples";"Curva";"Sim";2;0;0;1;1;0;1;2;-22,65237271;-43,23918118;"SPRF-RJ";"DEL01-RJ";"UOP01-DEL01-RJ"
248243;2019-11-09;"sábado";"17:10:00";"PE";101;46,4;"IGARASSU";"Falta de Atenção do Pedestre";"Atropelamento de Pedestre";"Com Vítimas Fatais";"Pleno dia";"Crescente";"Céu Claro";"Múltipla";"Reta";"Sim";2;1;0;0;1;0;0;2;-7,87406004;-34,90588126;"SPRF-PE";"DEL01-PE";"UOP02-DEL01-PE"
248244;2019-11-09;"sábado";"16:45:00";"BA";324;517,6;"FEIRA DE SANTANA";"Desobediência às normas de trânsito pelo condutor";"Colisão transversal";"Com Vítimas Feridas";"Pleno dia";"Decrescente";"Céu Claro";"Simples";"Reta";"Sim";2;0;1;0;1;0;1;2;-12,25504436;-38,93224392;"SPRF-BA";"DEL02-BA";"UOP01-DEL02-BA"
248245;2019-11-09;"sábado";"15:40:00";"RO";364;13;"VILHENA";"Falta de Atenção à Condução";"Colisão transversal";"Com Vítimas Feridas";"Pleno dia";"Crescente";"Nublado";"Dupla";"Rotatória";"Sim";3;0;2;0;1;0;2;2;-12,74140004;-60,13026401;"SPRF-RO";"DEL04-RO";"UOP01-DEL04-RO"
248246;2019-11-09;"sábado";"17:25:00";"BA";407;3,7;"JUAZEIRO";"Falta de Atenção à Condução";"Tombamento";"Com Vítimas Feridas";"Pleno dia";"Crescente";"Céu Claro";"Simples";"Reta";"Sim";1;0;1;0;0;0;1;1;-9,43134011;-40,49823324;"SPRF-PE";"DEL06-PE";"UOP01-DEL06-PE"
248247;2019-11-09;"sábado";"18:05:00";"RN";226;2,7;"NATAL";"Desobediência às normas de trânsito pelo condutor";"Colisão transversal";"Com Vítimas Feridas";"Plena Noite";"Crescente";"Céu Claro";"Simples";"Reta";"Sim";2;0;1;1;0;0;2;2;-5,81814642;-35,25028763;"SPRF-RN";"DEL01-RN";"UOP02-DEL01-RN"
248248;2019-11-09;"sábado";"14:50:00";"AL";101;207;"SAO SEBASTIAO";"Desobediência às normas de trânsito pelo condutor";"Queda de ocupante de veículo";"Com Vítimas Feridas";"Pleno dia";"Crescente";"Céu Claro";"Simples";"Reta";"Não";1;0;0;1;0;0;1;1;-9,98952335;-36,58477684;"SPRF-AL";"DEL02-AL";"UOP02-DEL02-AL"
248249;2019-11-09;"sábado";"17:30:00";"PR";163;322;"TERRA ROXA";"Velocidade Incompatível";"Saída de leito carroçável";"Sem Vítimas";"Pleno dia";"Decrescente";"Céu Claro";"Simples";"Aclive;Reta";"Não";3;0;0;0;3;0;0;1;-24,32724308;-54,15520322;"SPRF-PR";"DEL06-PR";"UOP01-DEL06-PR"
248250;2019-11-09;"sábado";"10:50:00";"BA";101;422;"MARAU";"Velocidade Incompatível";"Saída de leito carroçável";"Com Vítimas Feridas";"Pleno dia";"Decrescente";"Sol";"Simples";"Curva";"Não";1;0;1;0;0;0;1;1;-14,25647613;-39,32308968;"SPRF-BA";"DEL05-BA";"UOP03-DEL05-BA"
248252;2019-11-09;"sábado";"18:10:00";"MG";40;589,4;"ITABIRITO";"Velocidade Incompatível";"Saída de leito carroçável";"Com Vítimas Feridas";"Plena Noite";"Decrescente";"Chuva";"Simples";"Curva";"Não";1;0;1;0;0;0;1;1;-20,3591;-43,90992896;"SPRF-MG";"DEL01-MG";"UOP02-DEL01-MG"
248253;2019-11-09;"sábado";"17:40:00";"RS";290;489,9;"ROSARIO DO SUL";"Defeito na Via";"Tombamento";"Com Vítimas Feridas";"Pleno dia";"Decrescente";"Nublado";"Simples";"Reta";"Não";1;0;1;0;0;0;1;1;-30,238661;-55,013279;"SPRF-RS";"DEL11-RS";"UOP02-DEL11-RS"
248254;2019-11-09;"sábado";"16:50:00";"MG";262;80,3;"MATIPO";"Desobediência às normas de trânsito pelo condutor";"Colisão frontal";"Com Vítimas Feridas";"Pleno dia";"Crescente";"Nublado";"Simples";"Reta";"Não";3;0;1;1;0;1;2;2;-20,33615292;-42,37396299;"SPRF-MG";"DEL03-MG";"UOP03-DEL03-MG"
248255;2019-11-09;"sábado";"18:30:00";"PE";232;30;"MORENO";"Falta de Atenção à Condução";"Capotamento";"Sem Vítimas";"Plena Noite";"Decrescente";"Céu Claro";"Dupla";"Reta";"Sim";1;0;0;0;1;0;0;1;-8,110788;-35,1514788;"SPRF-PE";"DEL01-PE";"UOP02-DEL02PE"
248257;2019-11-09;"sábado";"17:00:00";"MT";70;5;"BARRA DO GARCAS";"Falta de Atenção à Condução";"Colisão traseira";"Com Vítimas Feridas";"Pleno dia";"Crescente";"Céu Claro";"Dupla";"Reta";"Sim";2;0;2;0;0;0;2;2;-15,87814789;-52,296134;"SPRF-MT";"DEL07-MT";"UOP01-DEL07-MT"
248260;2019-11-09;"sábado";"14:18:00";"MG";381;669,7;"PERDOES";"Objeto estático sobre o leito carroçável";"Colisão com objeto estático";"Sem Vítimas";"Pleno dia";"Decrescente";"Nublado";"Dupla";"Declive;Reta";"Não";1;0;0;0;1;0;0;1;-21,07596273;-45,05547819;"SPRF-MG";"DEL04-MG";"UOP02-DEL04-MG"
248261;2019-11-09;"sábado";"18:30:00";"BA";407;123,2;"SENHOR DO BONFIM";"Desobediência às normas de trânsito pelo condutor";"Colisão traseira";"Com Vítimas Fatais";"Plena Noite";"Crescente";"Céu Claro";"Simples";"Reta";"Não";2;1;0;0;0;1;0;2;-10,42999697;-40,18666127;"SPRF-BA";"DEL04-BA";"UOP01-DEL04-BA"
248262;2019-11-09;"sábado";"18:00:00";"PI";343;344;"TERESINA";"Não guardar distância de segurança";"Colisão traseira";"Sem Vítimas";"Anoitecer";"Crescente";"Céu Claro";"Simples";"Rotatória";"Sim";2;0;0;0;2;0;0;2;-5,094729;-42,762775;"SPRF-PI";"DEL01-PI";"UOP01-DEL01-PI"
248263;2019-11-09;"sábado";"19:10:00";"RS";285;215;"CASEIROS";"Falta de Atenção à Condução";"Saída de leito carroçável";"Com Vítimas Feridas";"Plena Noite";"Decrescente";"Chuva";"Simples";"Reta";"Não";3;0;3;0;0;0;3;1;-28,263868;-51,661053;"SPRF-RS";"DEL08-RS";"UOP05-DEL08-RS"
248264;2019-11-09;"sábado";"16:00:00";"RJ";101;170;"MACAE";"Falta de Atenção à Condução";"Saída de leito carroçável";"Com Vítimas Feridas";"Pleno dia";"Decrescente";"Chuva";"Simples";"Reta";"Não";2;0;0;1;1;0;1;1;-22,35596699;-41,93020001;"SPRF-RJ";"DEL02-RJ";"UOP04-DEL08-RJ"
248265;2019-11-09;"sábado";"18:28:00";"MS";262;326,7;"CAMPO GRANDE";"Falta de Atenção à Condução";"Colisão transversal";"Com Vítimas Feridas";"Plena Noite";"Crescente";"Céu Claro";"Simples";"Reta";"Sim";2;0;1;0;1;0;1;2;-20,46867409;-54,53455902;"SPRF-MS";"DEL01-MS";"UOP01-DEL01-MS"
248266;2019-11-09;"sábado";"19:10:00";"PR";369;47,1;"BANDEIRANTES";"Velocidade Incompatível";"Queda de ocupante de veículo";"Com Vítimas Fatais";"Plena Noite";"Crescente";"Céu Claro";"Simples";"Reta";"Não";2;1;0;0;1;0;0;2;-23,098366;-50,305165;"SPRF-PR";"DEL07-PR";"UOP05-DEL07-PR"
248267;2019-11-09;"sábado";"18:20:00";"ES";101;406,4;"ITAPEMIRIM";"Velocidade Incompatível";"Saída de leito carroçável";"Com Vítimas Feridas";"Plena Noite";"Decrescente";"Céu Claro";"Simples";"Reta";"Não";1;0;1;0;0;0;1;1;-20,89493998;-41,02543831;"SPRF-ES";"DEL03-ES";"UOP02-DEL03-ES"
248269;2019-10-20;"domingo";"20:00:00";"RJ";116;197;"QUEIMADOS";"Falta de Atenção à Condução";"Colisão traseira";"Com Vítimas Fatais";"Plena Noite";"Crescente";"Nublado";"Dupla";"Reta";"Sim";3;2;0;0;1;0;0;2;-22,72980637;-43,56512004;"SPRF-RJ";"DEL01-RJ";"UOP02-DEL01-RJ"
248270;2019-11-09;"sábado";"19:30:00";"ES";262;55;"MARECHAL FLORIANO";"Falta de Atenção à Condução";"Tombamento";"Com Vítimas Feridas";"Plena Noite";"Decrescente";"Céu Claro";"Simples";"Reta";"Não";2;0;0;1;0;1;1;2;-20,41120651;-40,7479394;"SPRF-ES";"DEL01-ES";"UOP01-DEL01-ES"