"id";"data_inversa";"dia_semana";"horario";"uf";"br";"km";"municipio";"causa_acidente";"tipo_acidente";"classificacao_acidente";"fase_dia";"sentido_via";"condicao_metereologica";"tipo_pista";"tracado_via";"uso_solo";"pessoas";"mortos";"feridos_leves";"feridos_graves";"ilesos";"ignorados";"feridos";"veiculos";"latitude";"longitude";"regional";"delegacia";"uop"
248271;2019-11-09;"sábado";"18:20:00";"MA";135;2,1;"SAO LUIS";"Falta de Atenção à Condução";"Colisão traseira";"Com Vítimas Feridas";"Plena Noite";"Crescente";"Céu Claro";"Dupla";"Reta";"Sim";2;0;1;0;1;0;1;2;-2,59806699;-44,24573511;"SPRF-MA";"DEL01-MA";"UOP01-DEL01-MA"
248273;2019-11-09;"sábado";"19:50:00";"GO";50;245;"CATALAO";"Fenômenos da Natureza";"Queda de ocupante de veículo";"Com Vítimas Feridas";"Plena Noite";"Crescente";"Garoa/Chuvisco";"Dupla";"Reta";"Sim";1;0;1;0;0;0;1;1;-17,9259;-47,7874;"SPRF-GO";"DEL06-GO";"UOP01-DEL06-GO"
248274;2019-11-09;"sábado";"19:15:00";"SE";101;198,5;"CRISTINAPOLIS";"Falta de Atenção à Condução";"Colisão transversal";"Com Vítimas Feridas";"Plena Noite";"Crescente";"Céu Claro";"Simples";"Reta";"Sim";4;0;1;0;2;1;1;2;-11,47577697;-37,75465701;"SPRF-SE";"DEL02-SE";"UOP03-DEL02-SE"
248276;2019-11-09;"sábado";"19:20:00";"PR";369;236;"JANDAIA DO SUL";"Condutor Dormindo";"Colisão frontal";"Com Vítimas Fatais";"Plena Noite";"Crescente";"Garoa/Chuvisco";"Simples";"Curva";"Não";3;1;0;2;0;0;2;2;-23,63998187;-51,67981419;"SPRF-PR";"DEL07-PR";"UOP03-DEL07-PR"
248277;2019-11-09;"sábado";"19:30:00";"MS";163;258,9;"DOURADOS";"Falta de Atenção do Pedestre";"Atropelamento de Pedestre";"Com Vítimas Feridas";"Plena Noite";"Crescente";"Céu Claro";"Dupla";"Reta";"Sim";2;0;0;1;1;0;1;2;-22,25378635;-54,77747262;"SPRF-MS";"DEL04-MS";"UOP01-DEL04-MS"
248279;2019-11-09;"sábado";"20:10:00";"RJ";101;259;"RIO BONITO";"Velocidade Incompatível";"Colisão com objeto estático";"Com Vítimas Feridas";"Plena Noite";"Crescente";"Chuva";"Dupla";"Curva";"Sim";3;0;1;0;2;0;1;2;-22,70382012;-42,59637797;"SPRF-RJ";"DEL02-RJ";"UOP03-DEL02-RJ"
248280;2019-11-09;"sábado";"18:45:00";"RS";290;213,3;"PANTANO GRANDE";"Velocidade Incompatível";"Saída de leito carroçável";"Com Vítimas Feridas";"Anoitecer";"Decrescente";"Céu Claro";"Simples";"Interseção de Vias";"Sim";1;0;1;0;0;0;1;1;-30,18712824;-52,35809326;"SPRF-RS";"DEL02-RS";"UOP02-DEL02-RS"
248281;2019-11-09;"sábado";"18:35:00";"RO";364;432,6;"JARU";"Defeito na Via";"Queda de ocupante de veículo";"Com Vítimas Feridas";"Plena Noite";"Decrescente";"Nublado";"Simples";"Reta";"Não";2;0;2;0;0;0;2;1;-10,40041019;-62,52516413;"SPRF-RO";"DEL03-RO";"UOP02-DEL03-RO"
248282;2019-11-09;"sábado";"16:10:00";"RS";392;55,2;"RIO GRANDE";"Velocidade Incompatível";"Colisão traseira";"Com Vítimas Feridas";"Pleno dia";"Crescente";"Nublado";"Múltipla";"Reta";"Não";4;0;0;1;2;1;1;3;-31,82930395;-52,32858415;"SPRF-RS";"DEL07-RS";"UOP02-DEL07-RS"
248283;2019-11-09;"sábado";"19:00:00";"GO";153;502;"GOIANIA";"Falta de Atenção à Condução";"Queda de ocupante de veículo";"Com Vítimas Feridas";"Plena Noite";"Crescente";"Céu Claro";"Dupla";"Reta";"Sim";2;0;2;0;0;0;2;1;-16,7287;-49,2424;"SPRF-GO";"DEL01-GO";"UOP01-DEL01-GO"
248284;2019-11-09;"sábado";"20:20:00";"PE";232;76;"GRAVATA";"Ingestão de Álcool";"Colisão frontal";"Com Vítimas Feridas";"Plena Noite";"Decrescente";"Céu Claro";"Simples";"Reta";"Não";6;0;0;1;5;0;1;5;-8,19541469;-35,53424693;"SPRF-PE";"DEL01-PE";"UOP02-DEL02PE"
248285;2019-11-09;"sábado";"21:00:00";"SP";116;216;"GUARULHOS";"Falta de Atenção à Condução";"Colisão com objeto estático";"Sem Vítimas";"Plena Noite";"Crescente";"Nublado";"Múltipla";"Reta";"Sim";2;0;0;0;2;0;0;1;-23,45125405;-46,46544382;"SPRF-SP";"DEL01-SP";"UOP01-DEL01-SP"
248286;2019-11-09;"sábado";"21:00:00";"BA";324;610,5;"SALVADOR";"Falta de Atenção à Condução";"Queda de ocupante de veículo";"Com Vítimas Feridas";"Plena Noite";"Crescente";"Céu Claro";"Simples";"Reta";"Sim";2;0;2;0;0;0;2;1;-12,83798396;-38,41427011;"SPRF-BA";"DEL01-BA";"UOP01-DEL01-BA"
248287;2019-11-09;"sábado";"20:45:00";"CE";222;31;"CAUCAIA";"Animais na Pista";"Atropelamento de Animal";"Com Vítimas Feridas";"Plena Noite";"Crescente";"Céu Claro";"Simples";"Reta";"Não";2;0;1;0;1;0;1;1;-3,71019947;-38,82872412;"SPRF-CE";"DEL01-CE";"UOP01-DEL01-CE"
248289;2019-11-09;"sábado";"20:50:00";"SP";116;218,6;"GUARULHOS";"Falta de Atenção à Condução";"Colisão com objeto estático";"Com Vítimas Feridas";"Plena Noite";"Crescente";"Nublado";"Múltipla";"Reta";"Sim";2;0;1;0;0;1;1;2;-23,457972;-46,479927;"SPRF-SP";"DEL01-SP";"UOP01-DEL01-SP"
248290;2019-11-09;"sábado";"18:30:00";"MG";262;364,8;"JUATUBA";"Falta de Atenção à Condução";"Colisão com objeto estático";"Sem Vítimas";"Plena Noite";"Crescente";"Chuva";"Dupla";"Reta";"Não";1;0;0;0;0;1;0;1;-19,98290644;-44,24492623;"SPRF-MG";"DEL01-MG";"UOP03-DEL01-MG"
248291;2019-11-09;"sábado";"17:15:00";"SC";282;604;"MARAVILHA";"Não guardar distância de segurança";"Colisão traseira";"Com Vítimas Feridas";"Pleno dia";"Crescente";"Céu Claro";"Simples";"Reta;Aclive";"Não";5;0;1;2;2;0;3;3;-26,795523;-53,192974;"SPRF-SC";"DEL07-SC";"UOP02-DEL07-SC"
248294;2019-11-09;"sábado";"21:20:00";"MG";381;502,4;"BETIM";"Falta de Atenção à Condução";"Saída de leito carroçável";"Com Vítimas Feridas";"Plena Noite";"Decrescente";"Nublado";"Dupla";"Interseção de Vias;Curva";"Sim";1;0;1;0;0;0;1;1;-20,03619694;-44,24586303;"SPRF-MG";"DEL01-MG";"UOP03-DEL01-MG"
248295;2019-11-09;"sábado";"20:30:00";"MG";262;393;"PARA DE MINAS";"Velocidade Incompatível";"Queda de ocupante de veículo";"Com Vítimas Feridas";"Plena Noite";"Crescente";"Chuva";"Dupla";"Reta";"Não";2;0;2;0;0;0;2;1;-19,918104;-44,481613;"SPRF-MG";"DEL01-MG";"UOP03-DEL01-MG"
248297;2019-11-09;"sábado";"21:50:00";"MG";262;440,9;"NOVA SERRANA";"Falta de Atenção do Pedestre";"Atropelamento de Pedestre";"Com Vítimas Feridas";"Plena Noite";"Decrescente";"Garoa/Chuvisco";"Dupla";"Reta";"Sim";3;0;1;1;1;0;2;2;-19,87233514;-44,96783495;"SPRF-MG";"DEL08-MG";"UOP03-DEL08-MG"
248298;2019-11-09;"sábado";"21:50:00";"RN";101;109,8;"PARNAMIRIM";"Ingestão de Álcool";"Colisão transversal";"Com Vítimas Feridas";"Plena Noite";"Crescente";"Céu Claro";"Dupla";"Reta";"Sim";3;0;2;1;0;0;3;3;-5,94611918;-35,26499748;"SPRF-RN";"DEL01-RN";"UOP01-DEL01-RN"
248299;2019-11-09;"sábado";"22:05:00";"PA";163;981;"SANTAREM";"Falta de Atenção à Condução";"Colisão frontal";"Com Vítimas Feridas";"Plena Noite";"Crescente";"Céu Claro";"Simples";"Reta";"Sim";2;0;0;1;1;0;1;2;-2,621152;-54,733963;"SPRF-PA";"DEL05-PA";"UOP01-DEL05-PA"
248300;2019-11-09;"sábado";"21:00:00";"SC";101;235;"PALHOCA";"Defeito Mecânico no Veículo";"Colisão com objeto estático";"Sem Vítimas";"Plena Noite";"Decrescente";"Garoa/Chuvisco";"Dupla";"Aclive";"Sim";1;0;0;0;1;0;0;1;-27,8177775;-48,6315025;"SPRF-SC";"DEL01-SC";"UOP02-DEL01-SC"
248301;2019-11-09;"sábado";"22:00:00";"MG";381;335;"NOVA ERA";"Restrição de Visibilidade";"Colisão com objeto estático";"Com Vítimas Feridas";"Plena Noite";"Decrescente";"Céu Claro";"Simples";"Declive;Curva";"Não";1;0;1;0;0;0;1;1;-19,81700707;-43,06661887;"SPRF-MG";"DEL03-MG";"UOP01-DEL03-MG"
248302;2019-11-09;"sábado";"22:01:00";"SP";116;103,8;"TAUBATE";"Defeito Mecânico no Veículo";"Colisão com objeto em movimento";"Com Vítimas Feridas";"Plena Noite";"Crescente";"Nublado";"Múltipla";"Aclive";"Não";2;0;0;1;0;1;1;2;-22,99919465;-45,49788917;"SPRF-SP";"DEL06-SP";"UOP01-DEL06-SP"
248303;2019-11-09;"sábado";"22:05:00";"PR";369;152;"LONDRINA";"Velocidade Incompatível";"Saída de leito carroçável";"Com Vítimas Feridas";"Plena Noite";"Crescente";"Nublado";"Dupla";"Reta";"Sim";2;0;0;1;0;1;1;2;-23,29266;-51,181696;"SPRF-PR";"DEL07-PR";"UOP01-DEL07-PR"
248304;2019-11-09;"sábado";"21:50:00";"SC";101;115,4;"ITAJAI";"Ingestão de Álcool";"Colisão traseira";"Com Vítimas Feridas";"Plena Noite";"Decrescente";"Nublado";"Dupla";"Reta";"Não";4;0;1;0;2;1;1;2;-26,87064015;-48,72954134;"SPRF-SC";"DEL04-SC";"UOP04-DEL04-SC"
248305;2019-11-09;"sábado";"22:30:00";"RJ";0;0;"SAO GONCALO";"Falta de Atenção à Condução";"Colisão lateral";"Com Vítimas Feridas";"Plena Noite";"Não Informado";"Céu Claro";"Dupla";"Declive";"Sim";2;0;1;0;1;0;1;2;-22,82262092;-43,08460805;"SPRF-RJ";"DEL02-RJ";"UOP02-DEL02-RJ"
248306;2019-11-09;"sábado";"22:00:00";"SP";116;207,3;"GUARULHOS";"Deficiência ou não Acionamento do Sistema de Iluminação/Sinalização do Veículo";"Colisão traseira";"Com Vítimas Feridas";"Plena Noite";"Decrescente";"Céu Claro";"Dupla";"Reta";"Sim";2;0;1;0;0;1;1;2;-23,41972188;-46,38419203;"SPRF-SP";"DEL01-SP";"UOP01-DEL01-SP"
248307;2019-11-09;"sábado";"22:20:00";"PR";476;132;"CURITIBA";"Ingestão de Álcool";"Colisão lateral";"Sem Vítimas";"Plena Noite";"Decrescente";"Nublado";"Múltipla";"Reta";"Sim";5;0;0;0;5;0;0;2;-25,460718;-49,250488;"SPRF-PR";"DEL01-PR";"UOP03-DEL01-PR"
248308;2019-11-09;"sábado";"21:00:00";"MG";381;428;"SABARA";"Desobediência às normas de trânsito pelo condutor";"Colisão frontal";"Com Vítimas Feridas";"Plena Noite";"Crescente";"Céu Claro";"Simples";"Curva";"Não";3;0;2;0;1;0;2;2;-19,78885371;-43,70613892;"SPRF-MG";"DEL01-MG";"UOP01-DEL01-MG"
248309;2019-11-09;"sábado";"22:50:00";"PE";101;58;"PAULISTA";"Não guardar distância de segurança";"Colisão traseira";"Com Vítimas Feridas";"Plena Noite";"Decrescente";"Nublado";"Dupla";"Curva";"Não";3;0;2;0;0;1;2;2;-7,97063209;-34,92064675;"SPRF-PE";"DEL01-PE";"UOP02-DEL01-PE"
248310;2019-11-09;"sábado";"23:10:00";"RJ";356;25;"ITAPERUNA";"Falta de Atenção à Condução";"Colisão transversal";"Com Vítimas Fatais";"Plena Noite";"Crescente";"Nublado";"Simples";"Reta";"Não";15;2;10;3;0;0;13;3;-21,17930593;-41,96405499;"SPRF-RJ";"DEL08-RJ";"UOP03-DEL08-RJ"
248311;2019-11-09;"sábado";"21:00:00";"PI";343;323,5;"ALTOS";"Falta de Atenção à Condução";"Saída de leito carroçável";"Sem Vítimas";"Plena Noite";"Decrescente";"Céu Claro";"Simples";"Reta";"Não";1;0;0;0;0;1;0;1;-5,058037;-42,593838;"SPRF-PI";"DEL01-PI";"UOP01-DEL01-PI"
248312;2019-11-09;"sábado";"23:15:00";"GO";414;434,8;"ANAPOLIS";"Falta de Atenção à Condução";"Colisão transversal";"Com Vítimas Feridas";"Plena Noite";"Crescente";"Céu Claro";"Simples";"Curva";"Não";4;0;3;1;0;0;4;2;-16,23713788;-48,93293623;"SPRF-GO";"DEL02-GO";"UOP01-DEL02-GO"
248313;2019-11-09;"sábado";"22:50:00";"BA";116;519;"ITATIM";"Falta de Atenção à Condução";"Colisão transversal";"Sem Vítimas";"Plena Noite";"Decrescente";"Céu Claro";"Simples";"Reta";"Não";2;0;0;0;2;0;0;2;-12,68062205;-39,67114397;"SPRF-BA";"DEL03-BA";"UOP02-DEL03-BA"
248315;2019-11-09;"sábado";"22:10:00";"MG";356;266,2;"MURIAE";"Condutor Dormindo";"Saída de leito carroçável";"Com Vítimas Feridas";"Plena Noite";"Decrescente";"Nublado";"Simples";"Reta";"Sim";1;0;1;0;0;0;1;1;-21,12848993;-42,36453652;"SPRF-MG";"DEL07-MG";"UOP02-DEL07-MG"
248317;2019-11-10;"domingo";"00:00:00";"SP";116;201;"ARUJA";"Falta de Atenção à Condução";"Tombamento";"Com Vítimas Feridas";"Plena Noite";"Decrescente";"Céu Claro";"Múltipla";"Curva";"Não";1;0;1;0;0;0;1;1;-23,40362877;-46,33050107;"SPRF-SP";"DEL01-SP";"UOP02-DEL01-SP"
248318;2019-11-09;"sábado";"20:10:00";"MG";354;705,3;"CAXAMBU";"Desobediência às normas de trânsito pelo condutor";"Colisão transversal";"Sem Vítimas";"Plena Noite";"Crescente";"Nublado";"Simples";"Interseção de Vias";"Sim";2;0;0;0;2;0;0;2;-21,99205276;-44,9251702;"SPRF-MG";"DEL05-MG";"UOP01-DEL17-MG"
248319;2019-11-09;"sábado";"22:20:00";"GO";60;335;"SANTO ANTONIO DA BARRA";"Velocidade Incompatível";"Saída de leito carroçável";"Com Vítimas Feridas";"Plena Noite";"Crescente";"Chuva";"Dupla";"Reta";"Não";3;0;1;0;2;0;1;1;-17,5409;-50,5616;"SPRF-GO";"DEL04-GO";"UOP01-DEL04-GO"
248320;2019-11-09;"sábado";"22:50:00";"GO";60;123;"TEREZOPOLIS DE GOIAS";"Falta de Atenção à Condução";"Colisão traseira";"Sem Vítimas";"Plena Noite";"Decrescente";"Ignorado";"Dupla";"Reta";"Não";2;0;0;0;2;0;0;2;-16,5184;-49,1242;"SPRF-GO";"DEL01-GO";"UOP01-DEL01-GO"
248321;2019-11-09;"sábado";"03:30:00";"SC";282;141;"BOM RETIRO";"Velocidade Incompatível";"Capotamento";"Com Vítimas Feridas";"Plena Noite";"Decrescente";"Ignorado";"Simples";"Curva";"Não";1;0;1;0;0;0;1;1;-27,812729;-49,596237;"SPRF-SC";"DEL05-SC";"UOP01-DEL05-SC"
248322;2019-11-10;"domingo";"00:02:00";"PR";277;35;"MORRETES";"Falta de Atenção à Condução";"Colisão frontal";"Com Vítimas Feridas";"Plena Noite";"Decrescente";"Chuva";"Dupla";"Reta";"Sim";2;0;0;1;1;0;1;2;-25,55225338;-48,79892578;"SPRF-PR";"DEL01-PR";"UOP05-DEL01-PR"
248323;2019-11-10;"domingo";"00:20:00";"GO";153;498;"GOIANIA";"Falta de Atenção à Condução";"Colisão traseira";"Sem Vítimas";"Plena Noite";"Decrescente";"Céu Claro";"Dupla";"Reta";"Sim";3;0;0;0;3;0;0;3;-16,6939;-49,2321;"SPRF-GO";"DEL01-GO";"UOP01-DEL01-GO"
248324;2019-11-10;"domingo";"00:10:00";"SC";101;210;"SAO JOSE";"Não guardar distância de segurança";"Colisão traseira";"Sem Vítimas";"Plena Noite";"Crescente";"Nublado";"Simples";"Viaduto";"Não";2;0;0;0;2;0;0;2;-27,6167305;-48,6457265;"SPRF-SC";"DEL01-SC";"UOP01-DEL01-SC"
248326;2019-11-09;"sábado";"23:40:00";"MS";267;482,7;"JARDIM";"Falta de Atenção à Condução";"Colisão lateral";"Com Vítimas Feridas";"Plena Noite";"Crescente";"Céu Claro";"Simples";"Reta";"Sim";3;0;1;0;1;1;1;3;-21,48072589;-56,15603685;"SPRF-MS";"DEL05-MS";"UOP01-DEL05-MS"
248327;2019-11-10;"domingo";"00:10:00";"SP";381;54;"MAIRIPORA";"Não guardar distância de segurança";"Colisão lateral";"Com Vítimas Feridas";"Plena Noite";"Crescente";"Nublado";"Dupla";"Reta";"Sim";2;0;1;1;0;0;2;1;-23,2449074;-46,59562343;"SPRF-SP";"DEL03-SP";"UOP01-DEL03-SP"
248329;2019-11-10;"domingo";"00:30:00";"ES";101;271,9;"SERRA";"Falta de Atenção à Condução";"Colisão com objeto estático";"Com Vítimas Feridas";"Plena Noite";"Decrescente";"Céu Claro";"Múltipla";"Reta";"Sim";1;0;1;0;0;0;1;1;-20,23248267;-40,27720928;"SPRF-ES";"DEL02-ES";"UOP01-DEL02-ES"
248331;2019-11-09;"sábado";"21:30:00";"ES";101;31;"CONCEICAO DA BARRA";"Ingestão de Álcool";"Colisão com objeto estático";"Sem Vítimas";"Plena Noite";"Crescente";"Céu Claro";"Simples";"Rotatória";"Sim";2;0;0;0;2;0;0;2;-18,41695394;-39,93608555;"SPRF-ES";"DEL04-ES";"UOP02-DEL04-ES"
248332;2019-11-10;"domingo";"00:44:00";"RJ";393;235;"VASSOURAS";"Falta de Atenção à Condução";"Colisão lateral";"Com Vítimas Feridas";"Plena Noite";"Crescente";"Céu Claro";"Simples";"Reta";"Sim";4;0;1;0;3;0;1;2;-22,38370934;-43,64221072;"SPRF-RJ";"DEL05-RJ";"UOP03-DEL05-RJ"
248333;2019-11-09;"sábado";"21:15:00";"MG";381;742,9;"TRES CORACOES";"Condutor Dormindo";"Saída de leito carroçável";"Com Vítimas Feridas";"Plena Noite";"Decrescente";"Céu Claro";"Dupla";"Reta";"Não";3;0;3;0;0;0;3;1;-21,61838467;-45,24433851;"SPRF-MG";"DEL16-MG";"UOP02-DEL16-MG"
248334;2019-11-10;"domingo";"01:10:00";"BA";135;190,6;"BARREIRAS";"Falta de Atenção à Condução";"Colisão transversal";"Com Vítimas Feridas";"Plena Noite";"Crescente";"Céu Claro";"Simples";"Reta";"Não";5;0;1;1;3;0;2;2;-12,23728902;-45,0210006;"SPRF-BA";"DEL10-BA";"UOP01-DEL10-BA"
248335;2019-11-09;"sábado";"23:40:00";"MG";381;529;"BRUMADINHO";"Velocidade Incompatível";"Saída de leito carroçável";"Sem Vítimas";"Plena Noite";"Decrescente";"Chuva";"Dupla";"Curva";"Não";1;0;0;0;1;0;0;1;-20,16619722;-44,36914378;"SPRF-MG";"DEL04-MG";"UOP03-DEL04-MG"
248336;2019-11-10;"domingo";"00:50:00";"RJ";116;308,5;"RESENDE";"Desobediência às normas de trânsito pelo pedestre";"Atropelamento de Pedestre";"Com Vítimas Fatais";"Plena Noite";"Crescente";"Nublado";"Dupla";"Reta";"Não";2;1;0;0;1;0;0;2;-22,45783299;-44,418685;"SPRF-RJ";"DEL07-RJ";"DEL5/7-UOP03/RJ"
248337;2019-11-10;"domingo";"00:40:00";"PE";116;25,8;"SALGUEIRO";"Ingestão de Álcool";"Atropelamento de Pedestre";"Com Vítimas Feridas";"Plena Noite";"Decrescente";"Céu Claro";"Simples";"Interseção de Vias";"Sim";2;0;1;0;1;0;1;2;-8,068032;-39,134608;"SPRF-PE";"DEL05-PE";"UOP01-DEL05-PE"
248338;2019-11-09;"sábado";"21:30:00";"MS";262;416;"TERENOS";"Pista Escorregadia";"Colisão com objeto estático";"Sem Vítimas";"Plena Noite";"Crescente";"Chuva";"Simples";"Curva";"Não";1;0;0;0;1;0;0;1;-20,45201;-55,170357;"SPRF-MS";"DEL01-MS";"UOP03-DEL01-MS"
248339;2019-11-09;"sábado";"23:00:00";"RR";174;500;"BOA VISTA";"Ingestão de Álcool";"Colisão lateral";"Com Vítimas Feridas";"Plena Noite";"Crescente";"Céu Claro";"Dupla";"Reta";"Sim";4;0;3;0;0;1;3;3;2,776633;-60,708858;"SPRF-RR";"DEL01-RR";"UOP01-DEL01-RR"
248340;2019-11-09;"sábado";"22:00:00";"SC";101;24,8;"JOINVILLE";"Desobediência às normas de trânsito pelo condutor";"Colisão lateral";"Com Vítimas Feridas";"Plena Noite";"Crescente";"Céu Claro";"Simples";"Interseção de Vias";"Sim";2;0;1;0;1;0;1;2;-26,17483309;-48,90767978;"SPRF-SC";"DEL03-SC";"UOP01-DEL03-SC"
248341;2019-11-10;"domingo";"01:00:00";"SP";116;475;"JACUPIRANGA";"Falta de Atenção à Condução";"Colisão traseira";"Com Vítimas Feridas";"Plena Noite";"Decrescente";"Garoa/Chuvisco";"Dupla";"Reta";"Sim";2;0;0;1;1;0;1;2;-24,68648001;-47,98910399;"SPRF-SP";"DEL05-SP";"UAP01-DEL05-SP"
248342;2019-11-10;"domingo";"01:00:00";"RJ";116;181;"NOVA IGUACU";"Falta de Atenção à Condução";"Colisão traseira";"Com Vítimas Feridas";"Plena Noite";"Decrescente";"Nublado";"Dupla";"Reta";"Sim";5;0;4;0;1;0;4;2;-22,7651616;-43,4154728;"SPRF-RJ";"DEL01-RJ";"UOP02-DEL01-RJ"
248343;2019-11-09;"sábado";"00:20:00";"PI";343;266;"CAMPO MAIOR";"Não guardar distância de segurança";"Colisão traseira";"Com Vítimas Feridas";"Plena Noite";"Crescente";"Céu Claro";"Simples";"Reta";"Sim";2;0;1;0;1;0;1;2;-4,840245;-42,174171;"SPRF-PI";"DEL01-PI";"UOP03-DEL01-PI"
248344;2019-11-09;"sábado";"23:10:00";"PR";277;454;"LARANJEIRAS DO SUL";"Desobediência às normas de trânsito pelo condutor";"Colisão transversal";"Com Vítimas Fatais";"Plena Noite";"Decrescente";"Chuva";"Simples";"Curva";"Sim";2;1;0;0;1;0;0;2;-25,36980336;-52,37913399;"SPRF-PR";"DEL04-PR";"UOP02-DEL04-PR"
248345;2019-11-10;"domingo";"01:18:00";"AL";104;71,3;"MESSIAS";"Desobediência às normas de trânsito pelo condutor";"Colisão frontal";"Com Vítimas Fatais";"Plena Noite";"Decrescente";"Nublado";"Dupla";"Curva";"Não";2;1;0;0;1;0;0;2;-9,3554618;-35,85400192;"SPRF-AL";"DEL01-AL";"UOP02-DEL01-AL"
248346;2019-11-10;"domingo";"00:20:00";"MS";163;421,2;"CAMPO GRANDE";"Desobediência às normas de trânsito pelo pedestre";"Atropelamento de Pedestre";"Com Vítimas Feridas";"Plena Noite";"Decrescente";"Céu Claro";"Simples";"Reta";"Sim";2;0;1;0;1;0;1;2;-20,982105;-54,50545;"SPRF-MS";"DEL01-MS";"UOP01-DEL01-MS"
248347;2019-11-10;"domingo";"00:30:00";"SP";116;324;"JUQUITIBA";"Falta de Atenção à Condução";"Colisão traseira";"Com Vítimas Feridas";"Plena Noite";"Decrescente";"Nublado";"Dupla";"Reta";"Não";4;0;2;0;2;0;2;2;-23,94029914;-47,04398301;"SPRF-SP";"DEL04-SP";"UOP03-DEL04-SP"
248348;2019-11-10;"domingo";"00:15:00";"SP";116;324,9;"JUQUITIBA";"Falta de Atenção à Condução";"Capotamento";"Com Vítimas Feridas";"Plena Noite";"Decrescente";"Nublado";"Dupla";"Reta";"Não";1;0;1;0;0;0;1;1;-23,94099712;-47,05208302;"SPRF-SP";"DEL04-SP";"UOP03-DEL04-SP"
248349;2019-11-10;"domingo";"01:30:00";"SC";101;112;"ITAJAI";"Defeito Mecânico no Veículo";"Queda de ocupante de veículo";"Com Vítimas Feridas";"Pleno dia";"Decrescente";"Garoa/Chuvisco";"Dupla";"Reta";"Não";1;0;1;0;0;0;1;1;-26,84589005;-48,72131295;"SPRF-SC";"DEL04-SC";"UOP04-DEL04-SC"
248350;2019-11-10;"domingo";"00:30:00";"SC";470;247;"CURITIBANOS";"Ingestão de Álcool";"Colisão lateral";"Sem Vítimas";"Plena Noite";"Decrescente";"Garoa/Chuvisco";"Simples";"Reta";"Sim";2;0;0;0;2;0;0;2;-27,315269;-50,541786;"SPRF-SC";"DEL05-SC";"UOP03-DEL05-SC"
248351;2019-11-10;"domingo";"01:30:00";"PI";343;0,4;"TERESINA";"Ingestão de Álcool";"Colisão lateral";"Sem Vítimas";"Plena Noite";"Crescente";"Céu Claro";"Múltipla";"Reta";"Sim";3;0;0;0;3;0;0;2;-5,089569;-42,802288;"SPRF-PI";"DEL01-PI";"UOP01-DEL01-PI"
248352;2019-11-10;"domingo";"02:20:00";"RS";116;260;"CANOAS";"Ingestão de Álcool";"Colisão com objeto estático";"Sem Vítimas";"Plena Noite";"Decrescente";"Nublado";"Simples";"Reta";"Sim";1;0;0;0;1;0;0;1;-29,879208;-51,18045622;"SPRF-RS";"DEL01-RS";"UOP01-DEL01-RS"
248353;2019-11-10;"domingo";"02:25:00";"SP";381;82;"SAO PAULO";"Falta de Atenção à Condução";"Colisão com objeto estático";"Com Vítimas Feridas";"Plena Noite";"Decrescente";"Céu Claro";"Dupla";"Reta";"Não";1;0;1;0;0;0;1;1;-23,42399;-46,575112;"SPRF-SP";"DEL03-SP";"UOP01-DEL03-SP"
248355;2019-11-10;"domingo";"01:45:00";"SC";101;92;"BARRA VELHA";"Desobediência às normas de trânsito pelo pedestre";"Atropelamento de Pedestre";"Com Vítimas Fatais";"Plena Noite";"Crescente";"Nublado";"Dupla";"Reta";"Não";3;1;0;0;1;1;0;3;-26,68679502;-48,69548857;"SPRF-SC";"DEL03-SC";"UOP02-DEL03-SC"
248358;2019-11-10;"domingo";"01:50:00";"MG";381;487,2;"BETIM";"Falta de Atenção à Condução";"Colisão com objeto estático";"Sem Vítimas";"Plena Noite";"Crescente";"Nublado";"Dupla";"Curva";"Não";1;0;0;0;0;1;0;1;-19,95586853;-44,14609501;"SPRF-MG";"DEL01-MG";"UOP03-DEL01-MG"
248359;2019-11-10;"domingo";"01:15:00";"MG";381;533,6;"ITATIAIUCU";"Velocidade Incompatível";"Capotamento";"Sem Vítimas";"Plena Noite";"Decrescente";"Chuva";"Dupla";"Curva";"Não";1;0;0;0;1;0;0;1;-20,19896036;-44,38641307;"SPRF-MG";"DEL04-MG";"UOP03-DEL04-MG"
248360;2019-11-10;"domingo";"01:35:00";"ES";101;151,2;"LINHARES";"Desobediência às normas de trânsito pelo condutor";"Colisão com objeto estático";"Sem Vítimas";"Plena Noite";"Decrescente";"Céu Claro";"Simples";"Reta";"Não";1;0;0;0;0;1;0;1;-19,41280915;-40,06643057;"SPRF-ES";"DEL04-ES";"UOP01-DEL04-ES"
248361;2019-11-10;"domingo";"03:25:00";"SC";470;67,2;"INDAIAL";"Desobediência às normas de trânsito pelo condutor";"Colisão frontal";"Com Vítimas Feridas";"Plena Noite";"Crescente";"Chuva";"Simples";"Reta";"Não";8;0;3;4;1;0;7;2;-26,872158;-49,23127;"SPRF-SC";"DEL04-SC";"UOP01-DEL04-SC"
248362;2019-11-10;"domingo";"03:45:00";"RS";287;250;"SANTA MARIA";"Falta de Atenção à Condução";"Colisão transversal";"Com Vítimas Feridas";"Plena Noite";"Crescente";"Nublado";"Simples";"Reta";"Sim";4;0;1;0;1;2;1;3;-29,69077137;-53,87064812;"SPRF-RS";"DEL09-RS";"UOP01-DEL09-RS"