"id";"data_inversa";"dia_semana";"horario";"uf";"br";"km";"municipio";"causa_acidente";"tipo_acidente";"classificacao_acidente";"fase_dia";"sentido_via";"condicao_metereologica";"tipo_pista";"tracado_via";"uso_solo";"pessoas";"mortos";"feridos_leves";"feridos_graves";"ilesos";"ignorados";"feridos";"veiculos";"latitude";"longitude";"regional";"delegacia";"uop"
248464;2019-11-10;"domingo";"15:05:00";"MG";262;388;"FLORESTAL";"Ingestão de Álcool";"Capotamento";"Com Vítimas Feridas";"Pleno dia";"Crescente";"Céu Claro";"Dupla";"Reta";"Não";1;0;1;0;0;0;1;1;-19,940622;-44,386969;"SPRF-MG";"DEL01-MG";"UOP03-DEL01-MG"
248465;2019-11-10;"domingo";"15:20:00";"SP";101;41,9;"UBATUBA";"Ingestão de Álcool";"Colisão transversal";"Com Vítimas Feridas";"Pleno dia";"Decrescente";"Nublado";"Simples";"Reta";"Sim";3;0;1;1;1;0;2;2;-23,41971433;-45,0428663;"SPRF-SP";"DEL06-SP";"UOP01-DEL06-SP"
248467;2019-11-10;"domingo";"14:45:00";"MG";381;672;"PERDOES";"Falta de Atenção à Condução";"Queda de ocupante de veículo";"Sem Vítimas";"Pleno dia";"Decrescente";"Céu Claro";"Dupla";"Curva";"Não";1;0;0;0;1;0;0;1;-21,0939261;-45,07727193;"SPRF-MG";"DEL04-MG";"UOP02-DEL04-MG"
248469;2019-11-10;"domingo";"15:00:00";"PR";116;131;"FAZENDA RIO GRANDE";"Defeito Mecânico no Veículo";"Colisão com objeto estático";"Com Vítimas Feridas";"Pleno dia";"Crescente";"Céu Claro";"Dupla";"Reta";"Não";1;0;1;0;0;0;1;1;-25,648307;-49,31251207;"SPRF-PR";"DEL01-PR";"UOP03-DEL01-PR"
248470;2019-11-10;"domingo";"14:15:00";"RS";386;410,7;"TRIUNFO";"Pista Escorregadia";"Colisão frontal";"Com Vítimas Fatais";"Pleno dia";"Crescente";"Chuva";"Simples";"Aclive;Curva;Rotatória";"Não";7;1;2;4;0;0;6;2;-29,80322545;-51,51085854;"SPRF-RS";"DEL04-RS";"UOP02-DEL04-RS"
248474;2019-11-10;"domingo";"14:20:00";"MS";163;5,5;"MUNDO NOVO";"Falta de Atenção à Condução";"Colisão transversal";"Com Vítimas Feridas";"Pleno dia";"Crescente";"Nublado";"Simples";"Reta";"Não";2;0;0;1;1;0;1;2;-24,00848236;-54,30823088;"SPRF-MS";"DEL09-MS";"UOP02-DEL09-MS"
248475;2019-11-10;"domingo";"15:20:00";"PB";230;28;"JOAO PESSOA";"Não guardar distância de segurança";"Colisão traseira";"Sem Vítimas";"Pleno dia";"Crescente";"Sol";"Dupla";"Reta";"Sim";3;0;0;0;3;0;0;3;-7,1651;-34,8941;"SPRF-PB";"DEL01-PB";"UOP01-DEL01-PB"
248478;2019-11-10;"domingo";"15:25:00";"RS";290;60,2;"GRAVATAI";"Velocidade Incompatível";"Saída de leito carroçável";"Com Vítimas Feridas";"Pleno dia";"Crescente";"Chuva";"Múltipla";"Reta";"Não";2;0;2;0;0;0;2;1;-29,924509;-50,858528;"SPRF-RS";"DEL03-RS";"UOP01-DEL03-RS"
248480;2019-11-10;"domingo";"16:30:00";"PB";101;23,5;"MAMANGUAPE";"Condutor Dormindo";"Saída de leito carroçável";"Com Vítimas Fatais";"Pleno dia";"Crescente";"Céu Claro";"Dupla";"Reta";"Não";4;1;0;3;0;0;3;1;-6,695116;-35,115935;"SPRF-PB";"DEL01-PB";"UOP04-DEL01-PB"
248482;2019-11-10;"domingo";"15:30:00";"MS";163;466,2;"CAMPO GRANDE";"Não guardar distância de segurança";"Colisão traseira";"Com Vítimas Feridas";"Pleno dia";"Crescente";"Nublado";"Simples";"Rotatória";"Não";6;0;2;0;4;0;2;2;-20,58566898;-54,58258181;"SPRF-MS";"DEL01-MS";"UOP01-DEL01-MS"
248483;2019-11-10;"domingo";"16:15:00";"SC";101;216,9;"PALHOCA";"Velocidade Incompatível";"Colisão com objeto estático";"Com Vítimas Feridas";"Pleno dia";"Crescente";"Chuva";"Múltipla";"Reta";"Sim";3;0;3;0;0;0;3;1;-27,65981409;-48,67747798;"SPRF-SC";"DEL01-SC";"UOP02-DEL01-SC"
248485;2019-11-10;"domingo";"15:30:00";"PB";104;113,7;"LAGOA SECA";"Ingestão de Álcool";"Colisão traseira";"Sem Vítimas";"Pleno dia";"Decrescente";"Céu Claro";"Simples";"Reta";"Não";2;0;0;0;2;0;0;2;-7,15342626;-35,85241772;"SPRF-PB";"DEL02-PB";"UOP04-DEL02-PB"
248486;2019-11-10;"domingo";"16:45:00";"GO";40;9;"LUZIANIA";"Ingestão de Álcool";"Colisão lateral";"Com Vítimas Feridas";"Pleno dia";"Crescente";"Céu Claro";"Dupla";"Reta";"Sim";3;0;1;0;2;0;1;2;-16,128531;-47,959788;"SPRF-DF";"DEL01-DF";"UOP01-DEL01-DF"
248487;2019-11-10;"domingo";"15:30:00";"AL";316;1;"PILAR";"Ingestão de Álcool";"Colisão traseira";"Sem Vítimas";"Pleno dia";"Crescente";"Céu Claro";"Simples";"Reta";"Sim";4;0;0;0;4;0;0;2;-9,590067;-35,96341;"SPRF-AL";"DEL02-AL";"UOP01-DEL02-AL"
248488;2019-11-10;"domingo";"16:00:00";"SP";116;286,5;"ITAPECERICA DA SERRA";"Falta de Atenção à Condução";"Colisão lateral";"Com Vítimas Feridas";"Pleno dia";"Decrescente";"Nublado";"Dupla";"Reta";"Não";2;0;1;0;1;0;1;2;-23,70925128;-46,87588966;"SPRF-SP";"DEL04-SP";"UOP01-DEL04-SP"
248489;2019-11-10;"domingo";"16:27:00";"MG";381;3;"BETIM";"Falta de Atenção à Condução";"Colisão traseira";"Sem Vítimas";"Pleno dia";"Decrescente";"Sol";"Dupla";"Reta";"Sim";2;0;0;0;2;0;0;2;-19,96825;-44,198708;"SPRF-MG";"DEL01-MG";"UOP03-DEL01-MG"
248490;2019-11-10;"domingo";"14:45:00";"SC";280;282,8;"PORTO UNIAO";"Velocidade Incompatível";"Saída de leito carroçável";"Com Vítimas Feridas";"Pleno dia";"Crescente";"Céu Claro";"Simples";"Curva";"Não";2;0;2;0;0;0;2;1;-26,29627169;-50,84854296;"SPRF-SC";"DEL06-SC";"UOP04-DEL06-SC"
248491;2019-11-10;"domingo";"17:15:00";"CE";116;12;"FORTALEZA";"Desobediência às normas de trânsito pelo condutor";"Colisão lateral";"Com Vítimas Feridas";"Anoitecer";"Crescente";"Céu Claro";"Dupla";"Reta";"Não";3;0;2;0;1;0;2;2;-3,852077;-38,495525;"SPRF-CE";"DEL01-CE";"UOP02-DEL01-CE"
248492;2019-11-10;"domingo";"15:15:00";"RO";319;64;"PORTO VELHO";"Falta de Atenção à Condução";"Colisão lateral";"Com Vítimas Feridas";"Pleno dia";"Decrescente";"Céu Claro";"Múltipla";"Interseção de Vias";"Sim";2;0;1;0;1;0;1;2;-8,766685;-63,884052;"SPRF-RO";"DEL01-RO";"UOP01-DEL01-RO"
248493;2019-11-10;"domingo";"17:10:00";"GO";60;109,8;"GOIANAPOLIS";"Falta de Atenção à Condução";"Colisão com objeto estático";"Com Vítimas Feridas";"Pleno dia";"Decrescente";"Ignorado";"Dupla";"Reta";"Não";2;0;1;0;1;0;1;1;-16,4478;-49,0224;"SPRF-GO";"DEL01-GO";"UOP01-DEL01-GO"
248494;2019-11-10;"domingo";"16:40:00";"SP";116;84;"PINDAMONHANGABA";"Defeito Mecânico no Veículo";"Queda de ocupante de veículo";"Com Vítimas Feridas";"Pleno dia";"Decrescente";"Nublado";"Dupla";"Reta";"Não";1;0;0;1;0;0;1;1;-22,91777173;-45,33596814;"SPRF-SP";"DEL06-SP";"UOP01-DEL06-SP"
248496;2019-11-10;"domingo";"17:20:00";"BA";116;27;"VITORIA DA CONQUISTA";"Falta de Atenção à Condução";"Colisão lateral";"Com Vítimas Feridas";"Pleno dia";"Crescente";"Céu Claro";"Simples";"Reta";"Não";3;0;2;0;1;0;2;2;-14,8501849;-40,8394562;"SPRF-BA";"DEL08-BA";"UOP01-DEL08-BA"
248497;2019-11-10;"domingo";"17:30:00";"PB";230;13,1;"CABEDELO";"Falta de Atenção à Condução";"Colisão transversal";"Com Vítimas Feridas";"Anoitecer";"Decrescente";"Céu Claro";"Dupla";"Reta";"Não";2;0;1;0;1;0;1;2;-7,0772;-34,8494;"SPRF-PB";"DEL01-PB";"UOP01-DEL01-PB"
248498;2019-11-10;"domingo";"17:25:00";"MG";381;503;"BETIM";"Ingestão de Álcool";"Colisão traseira";"Sem Vítimas";"Pleno dia";"Decrescente";"Sol";"Dupla";"Reta";"Sim";2;0;0;0;2;0;0;2;-20,03948275;-44,25567627;"SPRF-MG";"DEL01-MG";"UOP03-DEL01-MG"
248499;2019-11-10;"domingo";"17:00:00";"RS";386;267,9;"FONTOURA XAVIER";"Falta de Atenção à Condução";"Colisão transversal";"Com Vítimas Feridas";"Pleno dia";"Crescente";"Céu Claro";"Simples";"Reta";"Não";3;0;2;0;1;0;2;2;-28,946054;-52,375538;"SPRF-RS";"DEL04-RS";"UOP03-DEL04-RS"
248500;2019-11-10;"domingo";"15:00:00";"MT";70;514;"VARZEA GRANDE";"Falta de Atenção à Condução";"Colisão transversal";"Com Vítimas Feridas";"Pleno dia";"Decrescente";"Céu Claro";"Simples";"Rotatória";"Sim";4;0;2;0;2;0;2;2;-15,70700177;-56,12228394;"SPRF-MT";"DEL01-MT";"DEL2/4-UOP02/MT"
248501;2019-11-10;"domingo";"17:00:00";"SP";116;194;"SANTA ISABEL";"Falta de Atenção à Condução";"Colisão traseira";"Sem Vítimas";"Pleno dia";"Crescente";"Céu Claro";"Dupla";"Reta";"Não";2;0;0;0;2;0;0;2;-23,38497189;-46,26686105;"SPRF-SP";"DEL02-SP";"UOP01-DEL02-SP"
248502;2019-11-10;"domingo";"17:40:00";"RN";406;101,4;"JOAO CAMARA";"Falta de Atenção à Condução";"Atropelamento de Pedestre";"Com Vítimas Feridas";"Anoitecer";"Crescente";"Céu Claro";"Simples";"Reta";"Sim";3;0;1;2;0;0;3;2;-5,52202952;-35,82286821;"SPRF-RN";"DEL02-RN";"UOP01-DEL02-RN"
248503;2019-11-10;"domingo";"17:35:00";"PR";116;126;"FAZENDA RIO GRANDE";"Ingestão de Álcool";"Engavetamento";"Sem Vítimas";"Pleno dia";"Decrescente";"Chuva";"Dupla";"Reta";"Sim";3;0;0;0;3;0;0;3;-25,60389895;-49,31824423;"SPRF-PR";"DEL01-PR";"UOP03-DEL01-PR"
248504;2019-11-10;"domingo";"16:10:00";"PR";116;39,3;"CAMPINA GRANDE DO SUL";"Velocidade Incompatível";"Saída de leito carroçável";"Com Vítimas Feridas";"Pleno dia";"Crescente";"Chuva";"Dupla";"Curva";"Não";2;0;1;0;1;0;1;1;-25,15486036;-48,86139393;"SPRF-PR";"DEL01-PR";"UOP02-DEL01-PR"
248505;2019-11-10;"domingo";"14:45:00";"GO";60;291;"ACREUNA";"Velocidade Incompatível";"Saída de leito carroçável";"Com Vítimas Feridas";"Pleno dia";"Crescente";"Céu Claro";"Dupla";"Reta";"Não";1;0;1;0;0;0;1;1;-17,3057;-50,2783;"SPRF-GO";"DEL04-GO";"UOP01-DEL04-GO"
248506;2019-11-10;"domingo";"18:20:00";"GO";414;435,4;"ANAPOLIS";"Ingestão de Álcool";"Colisão frontal";"Com Vítimas Feridas";"Pleno dia";"Decrescente";"Chuva";"Simples";"Reta";"Sim";3;0;1;1;1;0;2;2;-16,24594;-48,93446196;"SPRF-GO";"DEL02-GO";"UOP01-DEL02-GO"
248507;2019-09-19;"quinta-feira";"18:00:00";"GO";40;29,7;"LUZIANIA";"Ingestão de Álcool";"Colisão transversal";"Com Vítimas Feridas";"Anoitecer";"Decrescente";"Céu Claro";"Dupla";"Reta";"Sim";3;0;2;0;1;0;2;2;-16,273718;-47,871456;"SPRF-DF";"DEL01-DF";"UOP01-DEL01-DF"
248508;2019-11-10;"domingo";"16:50:00";"SC";163;99,6;"SAO JOSE DO CEDRO";"Falta de Atenção à Condução";"Saída de leito carroçável";"Com Vítimas Feridas";"Pleno dia";"Crescente";"Céu Claro";"Simples";"Reta";"Não";1;0;1;0;0;0;1;1;-26,49444297;-53,50152232;"SPRF-SC";"DEL07-SC";"UOP03-DEL07-SC"
248509;2019-11-10;"domingo";"18:00:00";"PR";476;141;"CURITIBA";"Falta de Atenção do Pedestre";"Atropelamento de Pedestre";"Com Vítimas Feridas";"Pleno dia";"Decrescente";"Garoa/Chuvisco";"Dupla";"Reta";"Sim";2;0;1;1;0;0;2;2;-25,528614;-49,298798;"SPRF-PR";"DEL01-PR";"UOP03-DEL01-PR"
248510;2019-11-10;"domingo";"17:00:00";"RS";153;377,6;"CACHOEIRA DO SUL";"Falta de Atenção à Condução";"Colisão transversal";"Com Vítimas Feridas";"Pleno dia";"Decrescente";"Céu Claro";"Simples";"Reta";"Não";3;0;2;0;1;0;2;2;-29,82111499;-52,96944129;"SPRF-RS";"DEL02-RS";"UOP02-DEL02-RS"
248511;2019-11-10;"domingo";"18:25:00";"RS";285;526,6;"SAO LUIZ GONZAGA";"Falta de Atenção à Condução";"Colisão frontal";"Com Vítimas Fatais";"Pleno dia";"Crescente";"Sol";"Simples";"Curva";"Não";3;1;1;1;0;0;2;2;-28,40408951;-54,53941584;"SPRF-RS";"DEL10-RS";"UOP01-DEL10-RS"
248513;2019-11-10;"domingo";"18:20:00";"GO";414;425,4;"ABADIANIA";"Falta de Atenção à Condução";"Saída de leito carroçável";"Com Vítimas Feridas";"Anoitecer";"Decrescente";"Nublado";"Simples";"Reta";"Não";2;0;2;0;0;0;2;1;-16,16566871;-48,89446933;"SPRF-GO";"DEL02-GO";"UOP01-DEL02-GO"
248515;2019-11-10;"domingo";"18:00:00";"MG";40;752;"SANTOS DUMONT";"Falta de Atenção à Condução";"Saída de leito carroçável";"Com Vítimas Feridas";"Pleno dia";"Crescente";"Nublado";"Simples";"Reta";"Não";2;0;2;0;0;0;2;1;-21,47234502;-43,554397;"SPRF-MG";"DEL05-MG";"UOP01-DEL05-MG"
248516;2019-11-10;"domingo";"18:40:00";"PA";163;998;"SANTAREM";"Desobediência às normas de trânsito pelo condutor";"Colisão frontal";"Com Vítimas Fatais";"Plena Noite";"Crescente";"Ignorado";"Simples";"Aclive";"Sim";4;1;0;0;3;0;0;2;-2,49064036;-54,73373352;"SPRF-PA";"DEL05-PA";"UOP01-DEL05-PA"
248518;2019-11-10;"domingo";"17:45:00";"MS";262;217;"RIBAS DO RIO PARDO";"Defeito Mecânico no Veículo";"Incêndio";"Sem Vítimas";"Plena Noite";"Decrescente";"Chuva";"Simples";"Reta";"Não";1;0;0;0;0;1;0;1;-20,46694707;-53,54796799;"SPRF-MS";"DEL07-MS";"UOP02-DEL07-MS"
248525;2019-11-10;"domingo";"17:30:00";"SC";282;80;"RANCHO QUEIMADO";"Velocidade Incompatível";"Saída de leito carroçável";"Com Vítimas Feridas";"Pleno dia";"Decrescente";"Chuva";"Simples";"Curva";"Não";3;0;2;0;1;0;2;1;-27,663555;-49,159309;"SPRF-SC";"DEL01-SC";"UOP03-DEL01-SC"
248526;2019-11-10;"domingo";"18:35:00";"ES";262;6,5;"CARIACICA";"Animais na Pista";"Colisão frontal";"Com Vítimas Feridas";"Plena Noite";"Crescente";"Céu Claro";"Dupla";"Reta";"Sim";2;0;1;0;1;0;1;2;-20,34007493;-40,39451305;"SPRF-ES";"DEL01-ES";"UOP01-DEL01-ES"
248527;2019-11-10;"domingo";"19:00:00";"RS";287;249;"SANTA MARIA";"Defeito na Via";"Atropelamento de Pedestre";"Com Vítimas Feridas";"Anoitecer";"Crescente";"Céu Claro";"Simples";"Em Obras";"Sim";2;0;1;0;1;0;1;2;-29,69400654;-53,86100019;"SPRF-RS";"DEL09-RS";"UOP01-DEL09-RS"
248529;2019-11-10;"domingo";"18:50:00";"PR";116;0;"QUATRO BARRAS";"Falta de Atenção à Condução";"Colisão com objeto estático";"Com Vítimas Feridas";"Plena Noite";"Decrescente";"Chuva";"Dupla";"Curva";"Sim";2;0;1;0;1;0;1;1;-25,3478;-49,0493;"SPRF-PR";"DEL01-PR";"UOP01-DEL01-PR"
248535;2019-11-10;"domingo";"18:40:00";"RS";101;7,5;"MAQUINE";"Desobediência às normas de trânsito pelo condutor";"Saída de leito carroçável";"Com Vítimas Fatais";"Anoitecer";"Decrescente";"Chuva";"Simples";"Curva";"Não";3;1;0;2;0;0;2;1;-29,6781;-50,2066;"SPRF-RS";"DEL03-RS";"UOP01-DEL03-RS"
248536;2019-11-10;"domingo";"19:20:00";"RS";392;4,3;"RIO GRANDE";"Velocidade Incompatível";"Colisão com objeto estático";"Com Vítimas Feridas";"Plena Noite";"Crescente";"Nublado";"Simples";"Reta";"Sim";4;0;1;0;3;0;1;3;-32,06960295;-52,09547805;"SPRF-RS";"DEL07-RS";"UOP02-DEL07-RS"
248539;2019-11-10;"domingo";"17:40:00";"MT";163;836;"SINOP";"Desobediência às normas de trânsito pelo condutor";"Colisão traseira";"Com Vítimas Feridas";"Anoitecer";"Decrescente";"Chuva";"Simples";"Reta";"Sim";4;0;1;0;3;0;1;2;-11,977922;-55,517017;"SPRF-MT";"DEL06-MT";"UOP02-DEL06-MT"
248540;2019-11-10;"domingo";"17:47:00";"SC";280;115,1;"SAO BENTO DO SUL";"Falta de Atenção à Condução";"Colisão frontal";"Com Vítimas Feridas";"Anoitecer";"Decrescente";"Nublado";"Simples";"Curva";"Não";2;0;2;0;0;0;2;2;-26,284761;-49,408313;"SPRF-SC";"DEL06-SC";"UOP03-DEL06-SC"
248541;2019-11-10;"domingo";"19:15:00";"RS";158;322;"SANTA MARIA";"Ingestão de Álcool";"Colisão traseira";"Sem Vítimas";"Anoitecer";"Crescente";"Céu Claro";"Simples";"Reta";"Não";2;0;0;0;2;0;0;2;-29,69143328;-53,77424459;"SPRF-RS";"DEL09-RS";"UOP01-DEL09-RS"
248542;2019-11-10;"domingo";"19:20:00";"PR";277;587;"CASCAVEL";"Ingestão de álcool e/ou substâncias psicoativas pelo pedestre";"Saída de leito carroçável";"Com Vítimas Feridas";"Plena Noite";"Crescente";"Céu Claro";"Simples";"Reta";"Sim";1;0;1;0;0;0;1;1;-24,96941255;-53,42959722;"SPRF-PR";"DEL04-PR";"UOP01-DEL04-PR"
248543;2019-11-10;"domingo";"19:45:00";"PR";373;348,7;"GUARAPUAVA";"Falta de Atenção à Condução";"Colisão transversal";"Com Vítimas Feridas";"Plena Noite";"Crescente";"Nublado";"Simples";"Reta";"Sim";6;0;4;1;1;0;5;2;-25,38509572;-51,51377768;"SPRF-PR";"DEL03-PR";"UOP01-DEL08-PR"
248544;2019-11-10;"domingo";"19:40:00";"PR";277;120;"CAMPO LARGO";"Defeito Mecânico no Veículo";"Queda de ocupante de veículo";"Com Vítimas Feridas";"Plena Noite";"Crescente";"Garoa/Chuvisco";"Dupla";"Curva";"Não";2;0;2;0;0;0;2;1;-25,4454;-49,56717;"SPRF-PR";"DEL01-PR";"UOP06-DEL01-PR"
248545;2019-11-10;"domingo";"19:45:00";"GO";40;12,4;"LUZIANIA";"Desobediência às normas de trânsito pelo pedestre";"Atropelamento de Pedestre";"Com Vítimas Feridas";"Plena Noite";"Crescente";"Céu Claro";"Dupla";"Reta";"Sim";2;0;0;1;1;0;1;2;-16,145123;-47,945382;"SPRF-DF";"DEL01-DF";"UOP01-DEL01-DF"
248546;2019-11-10;"domingo";"19:50:00";"PR";277;24;"MORRETES";"Falta de Atenção à Condução";"Saída de leito carroçável";"Sem Vítimas";"Plena Noite";"Crescente";"Garoa/Chuvisco";"Dupla";"Reta";"Não";1;0;0;0;1;0;0;1;-25,5343724;-48,70654307;"SPRF-PR";"DEL01-PR";"UOP05-DEL01-PR"
248587;2019-11-10;"domingo";"19:50:00";"RS";285;328,1;"CARAZINHO";"Velocidade Incompatível";"Saída de leito carroçável";"Com Vítimas Fatais";"Plena Noite";"Decrescente";"Céu Claro";"Simples";"Reta";"Não";1;1;0;0;0;0;0;1;-28,27996442;-52,69749999;"SPRF-RS";"DEL08-RS";"UOP03-DEL08-RS"
248607;2019-11-10;"domingo";"19:20:00";"SC";470;6,1;"NAVEGANTES";"Ingestão de Álcool";"Colisão traseira";"Com Vítimas Feridas";"Plena Noite";"Crescente";"Nublado";"Simples";"Reta";"Sim";2;0;1;0;1;0;1;2;-26,852238;-48,709545;"SPRF-SC";"DEL04-SC";"UOP04-DEL04-SC"
248612;2019-11-10;"domingo";"19:40:00";"RJ";101;503;"ANGRA DOS REIS";"Falta de Atenção à Condução";"Colisão traseira";"Com Vítimas Feridas";"Plena Noite";"Crescente";"Chuva";"Simples";"Reta";"Não";2;0;0;2;0;0;2;2;-22,92894705;-44,37879998;"SPRF-RJ";"DEL03-RJ";"UOP02-DEL03-RJ"
248613;2019-11-10;"domingo";"18:17:00";"RN";304;296,9;"MACAIBA";"Desobediência às normas de trânsito pelo condutor";"Colisão transversal";"Com Vítimas Feridas";"Pleno dia";"Crescente";"Céu Claro";"Simples";"Interseção de Vias";"Sim";2;0;0;1;1;0;1;2;-5,86484905;-35,34931012;"SPRF-RN";"DEL01-RN";"UOP02-DEL01-RN"
248621;2019-11-10;"domingo";"17:10:00";"PR";163;215,1;"CASCAVEL";"Pista Escorregadia";"Capotamento";"Com Vítimas Feridas";"Pleno dia";"Crescente";"Chuva";"Simples";"Curva";"Não";3;0;2;0;1;0;2;1;-25,002954;-53,554954;"SPRF-PR";"DEL04-PR";"UOP05-DEL05-PR"
248623;2019-11-10;"domingo";"17:00:00";"MA";135;6;"SAO LUIS";"Defeito Mecânico no Veículo";"Colisão traseira";"Sem Vítimas";"Pleno dia";"Decrescente";"Céu Claro";"Dupla";"Reta";"Sim";2;0;0;0;2;0;0;2;-2,62877986;-44,26321818;"SPRF-MA";"DEL01-MA";"UOP01-DEL01-MA"
248631;2019-11-10;"domingo";"17:55:00";"SP";116;326;"JUQUITIBA";"Desobediência às normas de trânsito pelo pedestre";"Atropelamento de Pedestre";"Com Vítimas Feridas";"Anoitecer";"Crescente";"Garoa/Chuvisco";"Dupla";"Curva";"Sim";2;0;0;1;1;0;1;2;-23,93901304;-47,06241203;"SPRF-SP";"DEL04-SP";"UOP03-DEL04-SP"
248632;2019-11-10;"domingo";"20:20:00";"PA";316;143;"CAPANEMA";"Ultrapassagem Indevida";"Colisão frontal";"Com Vítimas Feridas";"Plena Noite";"Crescente";"Céu Claro";"Simples";"Aclive";"Não";2;0;1;0;1;0;1;2;-1,24766892;-47,24422205;"SPRF-PA";"DEL01-PA";"UOP03-DEL01-PA"
248634;2019-11-10;"domingo";"15:00:00";"BA";367;37,4;"PORTO SEGURO";"Ingestão de Álcool";"Colisão lateral";"Com Vítimas Feridas";"Pleno dia";"Decrescente";"Sol";"Simples";"Reta";"Não";3;0;2;0;1;0;2;2;-16,39610012;-39,18371903;"SPRF-BA";"DEL09-BA";"UOP01-DEL09-BA"
248642;2019-11-10;"domingo";"19:00:00";"SP";262;321,7;"CASTILHO";"Animais na Pista";"Atropelamento de Animal";"Sem Vítimas";"Plena Noite";"Crescente";"Chuva";"Simples";"Reta";"Não";2;0;0;0;2;0;0;2;-20,78935176;-51,61112808;"SPRF-MS";"DEL07-MS";"UOP01-DEL07-MS"
248643;2019-11-10;"domingo";"18:30:00";"BA";110;0;"PAULO AFONSO";"Desobediência às normas de trânsito pelo condutor";"Colisão frontal";"Com Vítimas Feridas";"Plena Noite";"Crescente";"Céu Claro";"Simples";"Ponte";"Não";3;0;1;0;2;0;1;2;-9,454037;-38,202148;"SPRF-BA";"DEL07-BA";"UOP01-DEL07-BA"
248644;2019-11-10;"domingo";"20:25:00";"CE";20;426,5;"FORTALEZA";"Falta de Atenção à Condução";"Saída de leito carroçável";"Com Vítimas Feridas";"Plena Noite";"Decrescente";"Nublado";"Dupla";"Reta;Em Obras;Interseção de Vias;Aclive";"Não";1;0;1;0;0;0;1;1;-3,86371454;-38,52320736;"SPRF-CE";"DEL01-CE";"UOP02-DEL01-CE"
248645;2019-10-29;"terça-feira";"13:00:00";"AM";319;95;"CAREIRO";"Defeito na Via";"Incêndio";"Sem Vítimas";"Pleno dia";"Crescente";"Céu Claro";"Simples";"Reta";"Não";1;0;0;0;1;0;0;1;-3,702247;-60,275693;"SPRF-AM";"DEL01-AM";"UOP04-DEL01-AM"
248647;2019-11-10;"domingo";"18:00:00";"BA";110;383;"SAO SEBASTIAO DO PASSE";"Falta de Atenção à Condução";"Colisão frontal";"Com Vítimas Feridas";"Amanhecer";"Decrescente";"Céu Claro";"Simples";"Curva";"Não";6;0;4;0;2;0;4;2;-12,47631116;-38,48090863;"SPRF-BA";"DEL01-BA";"UOP01-DEL01-BA"
248648;2019-11-10;"domingo";"19:00:00";"BA";324;575;"SAO SEBASTIAO DO PASSE";"Falta de Atenção à Condução";"Tombamento";"Com Vítimas Feridas";"Anoitecer";"Crescente";"Céu Claro";"Dupla";"Reta";"Não";1;0;1;0;0;0;1;1;-12,57298496;-38,54513072;"SPRF-BA";"DEL01-BA";"UOP01-DEL01-BA"
248649;2019-11-10;"domingo";"20:30:00";"PA";316;98;"SANTA MARIA DO PARA";"Velocidade Incompatível";"Saída de leito carroçável";"Com Vítimas Feridas";"Plena Noite";"Decrescente";"Céu Claro";"Simples";"Reta";"Não";1;0;0;1;0;0;1;1;-1,33188337;-47,62160007;"SPRF-PA";"DEL01-PA";"UOP02-DEL01-PA"
248650;2019-11-10;"domingo";"19:00:00";"BA";101;873;"TEIXEIRA DE FREITAS";"Ingestão de Álcool";"Colisão frontal";"Com Vítimas Fatais";"Plena Noite";"Crescente";"Céu Claro";"Simples";"Reta";"Não";3;1;1;0;1;0;1;2;-17,50540217;-39,70371377;"SPRF-BA";"DEL09-BA";"UOP02-DEL09-BA"
248651;2019-11-10;"domingo";"19:45:00";"RS";392;10;"RIO GRANDE";"Ingestão de Álcool";"Saída de leito carroçável";"Sem Vítimas";"Plena Noite";"Crescente";"Céu Claro";"Dupla";"Reta";"Não";1;0;0;0;1;0;0;1;-32,11610015;-52,12097891;"SPRF-RS";"DEL07-RS";"UOP02-DEL07-RS"
248652;2019-11-10;"domingo";"21:50:00";"MG";116;481;"DOM CAVATI";"Falta de Atenção à Condução";"Colisão transversal";"Com Vítimas Feridas";"Plena Noite";"Crescente";"Céu Claro";"Simples";"Reta";"Não";3;0;1;0;2;0;1;2;-19,37690339;-42,10853577;"SPRF-MG";"DEL06-MG";"UOP02-DEL06-MG"
248653;2019-11-10;"domingo";"21:30:00";"PR";277;698,7;"SAO MIGUEL DO IGUACU";"Não guardar distância de segurança";"Colisão traseira";"Com Vítimas Feridas";"Plena Noite";"Crescente";"Céu Claro";"Dupla";"Aclive";"Não";2;0;1;0;0;1;1;2;-25,3964712;-54,31179289;"SPRF-PR";"DEL05-PR";"UOP01-DEL05-PR"
248656;2019-11-06;"quarta-feira";"18:20:00";"MG";116;412,9;"GOVERNADOR VALADARES";"Velocidade Incompatível";"Colisão lateral";"Com Vítimas Feridas";"Anoitecer";"Crescente";"Nublado";"Simples";"Viaduto";"Sim";2;0;2;0;0;0;2;2;-18,86882342;-41,97144241;"SPRF-MG";"DEL06-MG";"UOP01-DEL06-MG"
248657;2019-11-10;"domingo";"22:35:00";"RS";116;252,6;"SAPUCAIA DO SUL";"Falta de Atenção à Condução";"Colisão com objeto estático";"Com Vítimas Feridas";"Plena Noite";"Decrescente";"Chuva";"Dupla";"Reta";"Sim";2;0;1;0;1;0;1;1;-29,80913395;-51,1675292;"SPRF-RS";"DEL01-RS";"UOP02-DEL01-RS"
248658;2019-11-10;"domingo";"22:10:00";"PR";476;136,6;"CURITIBA";"Desobediência às normas de trânsito pelo condutor";"Colisão transversal";"Com Vítimas Feridas";"Plena Noite";"Crescente";"Garoa/Chuvisco";"Dupla";"Interseção de Vias";"Sim";6;0;2;1;2;1;3;4;-25,49571541;-49,27514076;"SPRF-PR";"DEL01-PR";"UOP03-DEL01-PR"