"id";"data_inversa";"dia_semana";"horario";"uf";"br";"km";"municipio";"causa_acidente";"tipo_acidente";"classificacao_acidente";"fase_dia";"sentido_via";"condicao_metereologica";"tipo_pista";"tracado_via";"uso_solo";"pessoas";"mortos";"feridos_leves";"feridos_graves";"ilesos";"ignorados";"feridos";"veiculos";"latitude";"longitude";"regional";"delegacia";"uop"
248659;2019-11-10;"domingo";"22:10:00";"SP";459;31,7;"LORENA";"Falta de Atenção do Pedestre";"Atropelamento de Pedestre";"Com Vítimas Feridas";"Plena Noite";"Crescente";"Nublado";"Simples";"Reta";"Sim";2;0;0;1;1;0;1;2;-22,732813;-45,098679;"SPRF-SP";"DEL08-SP";"UOP03-DEL08-SP"
248660;2019-11-10;"domingo";"22:00:00";"PE";232;509,4;"SALGUEIRO";"Ingestão de Substâncias Psicoativas";"Colisão traseira";"Sem Vítimas";"Plena Noite";"Decrescente";"Céu Claro";"Simples";"Reta";"Sim";2;0;0;0;2;0;0;2;-8,06449154;-39,1298447;"SPRF-PE";"DEL05-PE";"UOP01-DEL05-PE"
248661;2019-11-10;"domingo";"23:00:00";"PR";376;490,5;"PONTA GROSSA";"Mal Súbito";"Colisão com objeto estático";"Com Vítimas Feridas";"Plena Noite";"Decrescente";"Céu Claro";"Dupla";"Reta";"Não";1;0;1;0;0;0;1;1;-25,14692309;-50,15072006;"SPRF-PR";"DEL03-PR";"UOP04-DEL03-PR"
248662;2019-11-10;"domingo";"20:20:00";"MG";365;622,8;"UBERLANDIA";"Condutor Dormindo";"Colisão com objeto estático";"Com Vítimas Feridas";"Plena Noite";"Crescente";"Céu Claro";"Dupla";"Reta";"Sim";1;0;1;0;0;0;1;1;-18,90751667;-48,29937209;"SPRF-MG";"DEL15-MG";"UOP01-DEL15-MG"
248664;2019-11-10;"domingo";"21:50:00";"PR";376;1;"SAO JOSE DOS PINHAIS";"Falta de Atenção à Condução";"Colisão com objeto estático";"Sem Vítimas";"Plena Noite";"Crescente";"Chuva";"Dupla";"Curva";"Sim";1;0;0;0;1;0;0;1;-25,5307;-49,1958;"SPRF-PR";"DEL01-PR";"UOP01-DEL01-PR"
248666;2019-11-10;"domingo";"23:30:00";"MG";40;511;"RIBEIRAO DAS NEVES";"Falta de Atenção à Condução";"Colisão com objeto estático";"Com Vítimas Feridas";"Plena Noite";"Crescente";"Nublado";"Dupla";"Reta";"Sim";2;0;1;1;0;0;2;1;-19,78164295;-44,11733194;"SPRF-MG";"DEL01-MG";"UOP02-DEL01-MG"
248667;2019-11-10;"domingo";"21:30:00";"AC";364;135;"RIO BRANCO";"Desobediência às normas de trânsito pelo condutor";"Colisão lateral";"Com Vítimas Feridas";"Plena Noite";"Crescente";"Garoa/Chuvisco";"Dupla";"Rotatória";"Sim";2;0;1;0;1;0;1;2;-9,98588117;-67,84523538;"SPRF-AC";"DEL01-AC";"UOP01-DEL01-AC"
248668;2019-11-10;"domingo";"17:50:00";"SC";101;445,9;"SANTA ROSA DO SUL";"Falta de Atenção à Condução";"Colisão com objeto estático";"Com Vítimas Feridas";"Pleno dia";"Crescente";"Chuva";"Múltipla";"Reta";"Sim";2;0;2;0;0;0;2;1;-29,13876138;-49,71567783;"SPRF-SC";"DEL02-SC";"UOP02-DEL02-SC"
248670;2019-11-10;"domingo";"12:00:00";"SP";116;331,4;"JUQUITIBA";"Falta de Atenção à Condução";"Saída de leito carroçável";"Com Vítimas Feridas";"Pleno dia";"Decrescente";"Garoa/Chuvisco";"Dupla";"Reta";"Sim";2;0;1;0;1;0;1;1;-23,93901304;-47,06241203;"SPRF-SP";"DEL04-SP";"UOP03-DEL04-SP"
248671;2019-11-11;"segunda-feira";"01:00:00";"PR";476;139,5;"CURITIBA";"Ingestão de Álcool";"Capotamento";"Com Vítimas Feridas";"Plena Noite";"Decrescente";"Garoa/Chuvisco";"Dupla";"Curva";"Sim";2;0;1;0;1;0;1;2;-25,51284;-49,289257;"SPRF-PR";"DEL01-PR";"UOP03-DEL01-PR"
248672;2019-11-10;"domingo";"23:30:00";"RO";364;708;"PORTO VELHO";"Desobediência às normas de trânsito pelo condutor";"Saída de leito carroçável";"Sem Vítimas";"Plena Noite";"Crescente";"Céu Claro";"Dupla";"Reta";"Sim";3;0;0;0;1;2;0;2;-8,79554083;-63,84072487;"SPRF-RO";"DEL01-RO";"UOP01-DEL01-RO"
248673;2019-11-10;"domingo";"10:45:00";"MG";40;607,3;"CONGONHAS";"Animais na Pista";"Atropelamento de Animal";"Com Vítimas Feridas";"Plena Noite";"Decrescente";"Céu Claro";"Simples";"Reta;Declive";"Não";2;0;1;0;1;0;1;2;-20,47579776;-43,84269847;"SPRF-MG";"DEL05-MG";"UOP02-DEL05-MG"
248674;2019-11-11;"segunda-feira";"02:25:00";"RJ";101;296;"ITABORAI";"Ingestão de Álcool";"Queda de ocupante de veículo";"Com Vítimas Feridas";"Plena Noite";"Decrescente";"Céu Claro";"Dupla";"Reta";"Sim";1;0;1;0;0;0;1;1;-22,7670498;-42,91019601;"SPRF-RJ";"DEL02-RJ";"UOP03-DEL02-RJ"
248675;2019-11-11;"segunda-feira";"00:30:00";"PB";104;147,9;"QUEIMADAS";"Animais na Pista";"Atropelamento de Animal";"Com Vítimas Fatais";"Plena Noite";"Crescente";"Céu Claro";"Simples";"Reta";"Não";1;1;0;0;0;0;0;1;-7,439395;-35,901844;"SPRF-PB";"DEL02-PB";"UOP03-DEL02-PB"
248677;2019-11-11;"segunda-feira";"01:40:00";"MG";116;709,2;"MURIAE";"Animais na Pista";"Atropelamento de Animal";"Com Vítimas Feridas";"Plena Noite";"Decrescente";"Nublado";"Simples";"Reta;Ponte";"Não";1;0;0;1;0;0;1;1;-21,1671331;-42,37130608;"SPRF-MG";"DEL07-MG";"UOP02-DEL07-MG"
248678;2019-11-10;"domingo";"19:15:00";"BA";110;1;"PAULO AFONSO";"Restrição de Visibilidade";"Colisão frontal";"Com Vítimas Feridas";"Plena Noite";"Decrescente";"Céu Claro";"Simples";"Reta";"Sim";2;0;1;0;1;0;1;2;-9,46296001;-38,20357992;"SPRF-BA";"DEL07-BA";"UOP01-DEL07-BA"
248679;2019-11-10;"domingo";"16:15:00";"SP";116;561;"BARRA DO TURVO";"Velocidade Incompatível";"Capotamento";"Com Vítimas Feridas";"Pleno dia";"Decrescente";"Chuva";"Dupla";"Curva";"Não";1;0;1;0;0;0;1;1;-25,02045097;-48,51586004;"SPRF-SP";"DEL05-SP";"UOP02-DEL05-SP"
248681;2019-11-11;"segunda-feira";"04:45:00";"TO";153;163,3;"ARAGUAINA";"Falta de Atenção à Condução";"Queda de ocupante de veículo";"Com Vítimas Fatais";"Amanhecer";"Decrescente";"Céu Claro";"Simples";"Reta";"Não";1;1;0;0;0;0;0;1;-7,34312206;-48,32116893;"SPRF-TO";"DEL02-TO";"UOP01-DEL02-TO"
248682;2019-11-11;"segunda-feira";"04:50:00";"CE";222;11;"CAUCAIA";"Falta de Atenção do Pedestre";"Atropelamento de Pedestre";"Com Vítimas Feridas";"Amanhecer";"Decrescente";"Céu Claro";"Simples";"Reta";"Sim";3;0;1;1;0;1;2;2;-3,76597908;-38,66221996;"SPRF-CE";"DEL01-CE";"UOP01-DEL01-CE"
248683;2019-11-11;"segunda-feira";"02:45:00";"RJ";101;272;"TANGUA";"Falta de Atenção à Condução";"Saída de leito carroçável";"Com Vítimas Feridas";"Plena Noite";"Decrescente";"Nublado";"Dupla";"Reta";"Sim";1;0;1;0;0;0;1;1;-22,72935968;-42,70112512;"SPRF-RJ";"DEL02-RJ";"UOP03-DEL02-RJ"
248684;2019-11-11;"segunda-feira";"05:00:00";"MG";50;168;"UBERABA";"Condutor Dormindo";"Colisão com objeto estático";"Com Vítimas Feridas";"Pleno dia";"Crescente";"Céu Claro";"Dupla";"Reta";"Não";1;0;1;0;0;0;1;1;-19,71878606;-47,97991239;"SPRF-MG";"DEL13-MG";"UOP01-DEL13-MG"
248686;2019-11-11;"segunda-feira";"04:00:00";"CE";20;427,7;"FORTALEZA";"Falta de Atenção à Condução";"Colisão com objeto estático";"Com Vítimas Feridas";"Pleno dia";"Decrescente";"Céu Claro";"Múltipla";"Reta";"Não";1;0;1;0;0;0;1;1;-3,76999035;-38,67006282;"SPRF-CE";"DEL01-CE";"UOP02-DEL01-CE"
248688;2019-11-11;"segunda-feira";"05:00:00";"SC";470;135,3;"RIO DO SUL";"Desobediência às normas de trânsito pelo condutor";"Colisão frontal";"Com Vítimas Fatais";"Amanhecer";"Decrescente";"Garoa/Chuvisco";"Simples";"Reta";"Não";7;1;0;0;5;1;0;3;-27,18246286;-49,60116863;"SPRF-SC";"DEL04-SC";"UOP02-DEL04-SC"
248690;2019-11-11;"segunda-feira";"05:00:00";"PB";230;212,3;"SOLEDADE";"Falta de Atenção à Condução";"Colisão traseira";"Com Vítimas Feridas";"Amanhecer";"Decrescente";"Vento";"Simples";"Reta";"Não";2;0;0;2;0;0;2;2;-7,0754;-36,341;"SPRF-PB";"DEL02-PB";"UOP02-DEL02-PB"
248691;2019-11-11;"segunda-feira";"05:47:00";"MG";50;69;"UBERLANDIA";"Falta de Atenção à Condução";"Colisão traseira";"Com Vítimas Feridas";"Amanhecer";"Decrescente";"Céu Claro";"Múltipla";"Reta";"Sim";2;0;2;0;0;0;2;1;-18,85140204;-48,25345932;"SPRF-MG";"DEL15-MG";"UOP01-DEL15-MG"
248715;2019-11-11;"segunda-feira";"07:15:00";"SE";235;3;"NOSSA SENHORA DO SOCORRO";"Falta de Atenção à Condução";"Colisão lateral";"Com Vítimas Feridas";"Pleno dia";"Crescente";"Céu Claro";"Dupla";"Aclive";"Sim";2;0;1;0;1;0;1;2;-10,9059;-37,111;"SPRF-SE";"DEL01-SE";"UOP01-DEL01-SE"
248719;2019-11-11;"segunda-feira";"07:15:00";"DF";70;10;"BRASILIA";"Desobediência às normas de trânsito pelo condutor";"Colisão traseira";"Com Vítimas Feridas";"Pleno dia";"Decrescente";"Céu Claro";"Dupla";"Reta";"Sim";2;0;1;0;1;0;1;2;-15,787066;-48,140709;"SPRF-DF";"DEL01-DF";"UOP02-DEL03-DF"
248720;2019-11-10;"domingo";"23:00:00";"RJ";116;301,9;"RESENDE";"Falta de Atenção à Condução";"Saída de leito carroçável";"Sem Vítimas";"Plena Noite";"Decrescente";"Chuva";"Dupla";"Reta";"Não";1;0;0;0;1;0;0;1;-22,45801636;-44,41801764;"SPRF-RJ";"DEL07-RJ";"DEL5/7-UOP03/RJ"
248721;2019-11-11;"segunda-feira";"06:50:00";"MG";381;671,5;"PERDOES";"Pista Escorregadia";"Colisão com objeto estático";"Com Vítimas Feridas";"Pleno dia";"Crescente";"Chuva";"Dupla";"Curva";"Não";1;0;1;0;0;0;1;1;-21,08945416;-45,06864195;"SPRF-MG";"DEL04-MG";"UOP02-DEL04-MG"
248722;2019-11-11;"segunda-feira";"07:30:00";"SP";116;362;"MIRACATU";"Falta de Atenção à Condução";"Colisão com objeto estático";"Com Vítimas Feridas";"Pleno dia";"Crescente";"Chuva";"Dupla";"Curva;Declive";"Não";1;0;1;0;0;0;1;1;-24,1224915;-47,27135897;"SPRF-SP";"DEL04-SP";"UOP03-DEL04-SP"
248723;2019-11-11;"segunda-feira";"07:45:00";"PR";376;181;"MARINGA";"Não guardar distância de segurança";"Colisão traseira";"Com Vítimas Feridas";"Pleno dia";"Decrescente";"Sol";"Dupla";"Reta";"Sim";4;0;1;0;3;0;1;4;-23,4285989;-51,89289093;"SPRF-PR";"DEL07-PR";"UOP01-DEL09-PR"
248724;2019-11-11;"segunda-feira";"07:25:00";"GO";153;500,6;"GOIANIA";"Falta de Atenção à Condução";"Colisão traseira";"Com Vítimas Feridas";"Pleno dia";"Crescente";"Céu Claro";"Dupla";"Reta";"Sim";4;0;0;2;2;0;2;2;-16,7118;-49,2324;"SPRF-GO";"DEL01-GO";"UOP01-DEL01-GO"
248725;2019-11-11;"segunda-feira";"07:40:00";"PR";369;93,9;"CORNELIO PROCOPIO";"Desobediência às normas de trânsito pelo condutor";"Colisão transversal";"Com Vítimas Feridas";"Pleno dia";"Decrescente";"Nublado";"Simples";"Interseção de Vias";"Não";2;0;0;1;1;0;1;2;-23,21788692;-50,67012012;"SPRF-PR";"DEL07-PR";"UOP05-DEL07-PR"
248727;2019-11-11;"segunda-feira";"07:55:00";"DF";40;5,2;"BRASILIA";"Desobediência às normas de trânsito pelo condutor";"Colisão lateral";"Com Vítimas Feridas";"Pleno dia";"Decrescente";"Céu Claro";"Dupla";"Reta";"Não";3;0;1;0;2;0;1;3;-16,020903;-47,980541;"SPRF-DF";"DEL01-DF";"UOP01-DEL01-DF"
248728;2019-11-11;"segunda-feira";"08:00:00";"SC";282;5;"SAO JOSE";"Falta de Atenção à Condução";"Colisão lateral";"Com Vítimas Feridas";"Pleno dia";"Crescente";"Garoa/Chuvisco";"Dupla";"Reta";"Não";2;0;1;0;1;0;1;2;-27,588425;-48,612919;"SPRF-SC";"DEL01-SC";"UOP01-DEL01-SC"
248729;2019-11-11;"segunda-feira";"07:45:00";"PI";343;2;"TERESINA";"Falta de Atenção à Condução";"Colisão lateral";"Com Vítimas Feridas";"Pleno dia";"Decrescente";"Sol";"Múltipla";"Reta";"Sim";2;0;1;0;1;0;1;2;-5,089569;-42,802288;"SPRF-PI";"DEL01-PI";"UOP01-DEL01-PI"
248730;2019-11-11;"segunda-feira";"07:50:00";"SC";101;137;"BALNEARIO CAMBORIU";"Desobediência às normas de trânsito pelo condutor";"Colisão traseira";"Com Vítimas Feridas";"Pleno dia";"Decrescente";"Chuva";"Dupla";"Aclive;Reta";"Sim";3;0;1;0;2;0;1;3;-27,0157238;-48,61192763;"SPRF-SC";"DEL04-SC";"UOP03-DEL04-SC"
248732;2019-11-11;"segunda-feira";"07:30:00";"SP";116;219;"GUARULHOS";"Falta de Atenção à Condução";"Colisão lateral";"Com Vítimas Feridas";"Pleno dia";"Crescente";"Nublado";"Múltipla";"Reta";"Não";3;0;1;0;2;0;1;2;-23,46143954;-46,48885316;"SPRF-SP";"DEL01-SP";"UOP01-DEL01-SP"
248733;2019-11-11;"segunda-feira";"08:50:00";"SP";381;47;"ATIBAIA";"Velocidade Incompatível";"Colisão frontal";"Com Vítimas Feridas";"Pleno dia";"Decrescente";"Céu Claro";"Simples";"Curva";"Não";2;0;1;0;1;0;1;2;-23,16077909;-46,57376012;"SPRF-SP";"DEL03-SP";"UOP01-DEL03-SP"
248735;2019-11-11;"segunda-feira";"08:30:00";"SC";101;213,8;"PALHOCA";"Falta de Atenção à Condução";"Colisão traseira";"Com Vítimas Feridas";"Pleno dia";"Decrescente";"Nublado";"Dupla";"Reta";"Sim";2;0;1;0;1;0;1;2;-27,63697369;-48,66514142;"SPRF-SC";"DEL01-SC";"UOP02-DEL01-SC"
248736;2019-11-11;"segunda-feira";"06:20:00";"RJ";101;565;"PARATY";"Avarias e/ou desgaste excessivo no pneu";"Capotamento";"Sem Vítimas";"Pleno dia";"Crescente";"Nublado";"Simples";"Curva";"Não";2;0;0;0;2;0;0;1;-23,151162;-44,69967999;"SPRF-RJ";"DEL03-RJ";"UOP04-DEL03-RJ"
248738;2019-11-11;"segunda-feira";"08:20:00";"PR";116;51;"CAMPINA GRANDE DO SUL";"Pista Escorregadia";"Saída de leito carroçável";"Com Vítimas Feridas";"Pleno dia";"Decrescente";"Chuva";"Dupla";"Declive;Curva";"Não";3;0;1;0;2;0;1;1;-25,23481696;-48,90807771;"SPRF-PR";"DEL01-PR";"UOP02-DEL01-PR"
248739;2019-11-11;"segunda-feira";"08:20:00";"MA";135;228;"PERITORO";"Defeito na Via";"Tombamento";"Com Vítimas Feridas";"Pleno dia";"Crescente";"Sol";"Simples";"Reta";"Não";1;0;0;1;0;0;1;1;-4,39766395;-44,34442216;"SPRF-MA";"DEL03-MA";"UOP01-DEL03-MA"
248740;2019-11-11;"segunda-feira";"08:15:00";"PB";101;72;"SANTA RITA";"Falta de Atenção à Condução";"Colisão lateral";"Com Vítimas Feridas";"Pleno dia";"Decrescente";"Céu Claro";"Dupla";"Reta";"Não";2;0;1;0;1;0;1;2;-7,07961073;-34,98577248;"SPRF-PB";"DEL01-PB";"UOP04-DEL01-PB"
248744;2019-11-11;"segunda-feira";"08:00:00";"PR";376;599;"CURITIBA";"Não guardar distância de segurança";"Colisão traseira";"Sem Vítimas";"Pleno dia";"Decrescente";"Nublado";"Dupla";"Reta";"Sim";3;0;0;0;3;0;0;3;-25,52629711;-49,32958412;"SPRF-PR";"DEL01-PR";"UOP06-DEL01-PR"
248746;2019-11-11;"segunda-feira";"08:35:00";"PI";343;340;"TERESINA";"Não guardar distância de segurança";"Colisão traseira";"Com Vítimas Feridas";"Pleno dia";"Crescente";"Céu Claro";"Simples";"Reta";"Sim";3;0;1;0;2;0;1;2;-5,074137;-42,73629;"SPRF-PI";"DEL01-PI";"UOP01-DEL01-PI"
248747;2019-11-11;"segunda-feira";"08:45:00";"BA";116;333;"ARACI";"Ultrapassagem Indevida";"Colisão frontal";"Com Vítimas Feridas";"Pleno dia";"Decrescente";"Céu Claro";"Simples";"Declive";"Não";7;0;6;1;0;0;7;2;-11,44307778;-38,98064256;"SPRF-BA";"DEL02-BA";"UOP01-DEL02-BA"
248749;2019-11-11;"segunda-feira";"09:30:00";"RN";101;83,6;"SAO GONCALO DO AMARANTE";"Desobediência às normas de trânsito pelo condutor";"Engavetamento";"Com Vítimas Feridas";"Pleno dia";"Crescente";"Céu Claro";"Dupla";"Reta";"Sim";5;0;3;0;2;0;3;4;-5,7710445;-35,26616981;"SPRF-RN";"DEL02-RN";"UOP01-DEL02-RN"
248751;2019-11-11;"segunda-feira";"06:40:00";"MG";459;20,6;"CALDAS";"Falta de Atenção à Condução";"Colisão transversal";"Com Vítimas Feridas";"Amanhecer";"Crescente";"Céu Claro";"Simples";"Curva";"Não";3;0;1;1;1;0;2;2;-21,869579;-46,419968;"SPRF-MG";"DEL16-MG";"UOP01-DEL09-MG"
248753;2019-11-11;"segunda-feira";"09:20:00";"MG";381;500,5;"BETIM";"Velocidade Incompatível";"Engavetamento";"Com Vítimas Feridas";"Pleno dia";"Decrescente";"Céu Claro";"Dupla";"Reta";"Sim";3;0;1;0;2;0;1;3;-20,0052538;-44,21391601;"SPRF-MG";"DEL01-MG";"UOP03-DEL01-MG"
248755;2019-11-11;"segunda-feira";"07:00:00";"MA";222;120;"ITAPECURU MIRIM";"Falta de Atenção à Condução";"Queda de ocupante de veículo";"Com Vítimas Feridas";"Pleno dia";"Crescente";"Céu Claro";"Simples";"Reta";"Não";1;0;1;0;0;0;1;1;-3,43619984;-44,3355969;"SPRF-MA";"DEL01-MA";"UOP02-DEL01-MA"
248756;2019-11-11;"segunda-feira";"09:21:00";"MG";40;42,3;"PARACATU";"Falta de Atenção à Condução";"Colisão transversal";"Com Vítimas Feridas";"Pleno dia";"Decrescente";"Céu Claro";"Simples";"Interseção de Vias";"Sim";3;0;0;1;2;0;1;2;-17,22168901;-46,86581433;"SPRF-MG";"DEL14-MG";"UOP01-DEL14-MG"
248759;2019-11-11;"segunda-feira";"08:30:00";"BA";324;403;"NOVA FATIMA";"Falta de Atenção à Condução";"Colisão com objeto em movimento";"Com Vítimas Feridas";"Pleno dia";"Decrescente";"Céu Claro";"Simples";"Reta";"Não";2;0;0;1;1;0;1;2;-11,59896843;-39,63872853;"SPRF-BA";"DEL04-BA";"UOP02-DEL04-BA"
248760;2019-11-11;"segunda-feira";"09:40:00";"PR";277;684;"SAO MIGUEL DO IGUACU";"Falta de Atenção à Condução";"Saída de leito carroçável";"Sem Vítimas";"Pleno dia";"Decrescente";"Sol";"Dupla";"Curva";"Não";1;0;0;0;0;1;0;1;-25,33864563;-54,19917133;"SPRF-PR";"DEL05-PR";"UOP01-DEL05-PR"
248761;2019-11-11;"segunda-feira";"10:15:00";"SP";116;212,6;"GUARULHOS";"Não guardar distância de segurança";"Colisão traseira";"Com Vítimas Feridas";"Pleno dia";"Decrescente";"Nublado";"Múltipla";"Reta";"Sim";6;0;2;0;3;1;2;4;-23,43608315;-46,42805094;"SPRF-SP";"DEL01-SP";"UOP01-DEL01-SP"
248763;2019-11-11;"segunda-feira";"08:10:00";"PR";277;574;"CASCAVEL";"Falta de Atenção à Condução";"Tombamento";"Com Vítimas Feridas";"Pleno dia";"Crescente";"Céu Claro";"Simples";"Reta";"Não";1;0;1;0;0;0;1;1;-24,992673;-53,311836;"SPRF-PR";"DEL04-PR";"UOP01-DEL04-PR"
248765;2019-11-11;"segunda-feira";"08:00:00";"SP";116;564;"BARRA DO TURVO";"Pista Escorregadia";"Queda de ocupante de veículo";"Com Vítimas Feridas";"Pleno dia";"Crescente";"Garoa/Chuvisco";"Simples";"Curva;Aclive";"Não";2;0;2;0;0;0;2;1;-25,03458919;-48,53543877;"SPRF-SP";"DEL05-SP";"UOP02-DEL05-SP"
248766;2019-11-11;"segunda-feira";"10:30:00";"BA";324;619;"SIMOES FILHO";"Desobediência às normas de trânsito pelo condutor";"Colisão lateral";"Com Vítimas Feridas";"Pleno dia";"Crescente";"Céu Claro";"Dupla";"Reta";"Não";4;0;1;0;1;2;1;4;-12,84664721;-38,41741648;"SPRF-BA";"DEL01-BA";"UOP01-DEL01-BA"
248767;2019-11-11;"segunda-feira";"07:15:00";"GO";153;208;"URUACU";"Animais na Pista";"Atropelamento de Animal";"Sem Vítimas";"Pleno dia";"Crescente";"Céu Claro";"Simples";"Declive;Reta";"Não";2;0;0;0;2;0;0;1;-14,586481;-49,161167;"SPRF-GO";"DEL07-GO";"UOP01-DEL07-GO"
248768;2019-11-11;"segunda-feira";"08:40:00";"RN";226;35,4;"MACAIBA";"Falta de Atenção à Condução";"Capotamento";"Com Vítimas Feridas";"Pleno dia";"Crescente";"Sol";"Simples";"Reta";"Não";4;0;3;1;0;0;4;1;-5,90112686;-35,50522115;"SPRF-RN";"DEL01-RN";"UOP02-DEL01-RN"
248773;2019-11-11;"segunda-feira";"11:00:00";"PR";369;194,9;"ARAPONGAS";"Animais na Pista";"Atropelamento de Animal";"Sem Vítimas";"Pleno dia";"Crescente";"Céu Claro";"Simples";"Reta";"Não";1;0;0;0;1;0;0;1;-23,4380491;-51,42223835;"SPRF-PR";"DEL07-PR";"UOP03-DEL07-PR"
248780;2019-11-11;"segunda-feira";"11:30:00";"CE";116;17,1;"EUSEBIO";"Defeito Mecânico no Veículo";"Colisão traseira";"Com Vítimas Feridas";"Pleno dia";"Decrescente";"Céu Claro";"Múltipla";"Retorno Regulamentado";"Sim";2;0;1;0;1;0;1;2;-3,89617918;-38,50336042;"SPRF-CE";"DEL01-CE";"UOP02-DEL01-CE"
248783;2019-11-11;"segunda-feira";"11:00:00";"RJ";116;187,5;"NOVA IGUACU";"Defeito Mecânico no Veículo";"Incêndio";"Sem Vítimas";"Pleno dia";"Decrescente";"Chuva";"Múltipla";"Reta";"Sim";1;0;0;0;1;0;0;1;-22,73883756;-43,47245197;"SPRF-RJ";"DEL01-RJ";"UOP02-DEL01-RJ"
248784;2019-11-11;"segunda-feira";"11:40:00";"ES";101;150,2;"LINHARES";"Falta de Atenção à Condução";"Colisão com objeto estático";"Com Vítimas Feridas";"Pleno dia";"Crescente";"Sol";"Múltipla";"Reta";"Sim";1;0;0;1;0;0;1;1;-19,40436634;-40,06078896;"SPRF-ES";"DEL04-ES";"UOP01-DEL04-ES"
248785;2019-11-11;"segunda-feira";"05:10:00";"PI";316;134,3;"PASSAGEM FRANCA DO PIAUI";"Animais na Pista";"Atropelamento de Animal";"Com Vítimas Feridas";"Amanhecer";"Crescente";"Céu Claro";"Simples";"Reta";"Não";1;0;0;1;0;0;1;1;-6,046267;-42,279252;"SPRF-PI";"DEL04-PI";"UOP02-DEL04-PI"
248788;2019-11-11;"segunda-feira";"12:00:00";"MG";40;746,7;"SANTOS DUMONT";"Pista Escorregadia";"Tombamento";"Com Vítimas Feridas";"Pleno dia";"Decrescente";"Chuva";"Simples";"Curva";"Sim";1;0;1;0;0;0;1;1;-21,43028197;-43,55615283;"SPRF-MG";"DEL05-MG";"UOP01-DEL05-MG"
248789;2019-11-11;"segunda-feira";"10:30:00";"RJ";116;143,9;"DUQUE DE CAXIAS";"Desobediência às normas de trânsito pelo condutor";"Engavetamento";"Sem Vítimas";"Pleno dia";"Decrescente";"Chuva";"Múltipla";"Curva";"Sim";4;0;0;0;4;0;0;3;-22,65237271;-43,23918118;"SPRF-RJ";"DEL01-RJ";"UOP01-DEL01-RJ"
248791;2019-11-11;"segunda-feira";"12:20:00";"MG";116;218,7;"CATUJI";"Falta de Atenção à Condução";"Colisão lateral";"Com Vítimas Fatais";"Pleno dia";"Crescente";"Sol";"Simples";"Curva";"Não";8;1;0;4;3;0;4;2;-17,39235906;-41,52546224;"SPRF-MG";"DEL11-MG";"UOP01-DEL11-MG"
248792;2019-10-26;"sábado";"16:37:00";"SC";282;497,5;"XANXERE";"Ingestão de Álcool";"Saída de leito carroçável";"Com Vítimas Feridas";"Pleno dia";"Crescente";"Céu Claro";"Simples";"Curva";"Não";2;0;2;0;0;0;2;1;-26,880062;-52,344685;"SPRF-SC";"DEL07-SC";"UOP01-DEL07-SC"
248794;2019-11-11;"segunda-feira";"12:45:00";"AL";104;39,8;"UNIAO DOS PALMARES";"Desobediência às normas de trânsito pelo condutor";"Colisão frontal";"Com Vítimas Fatais";"Pleno dia";"Crescente";"Céu Claro";"Simples";"Reta";"Não";7;2;0;4;0;1;4;3;-9,19029401;-36,03691216;"SPRF-AL";"DEL01-AL";"UOP02-DEL01-AL"
248796;2019-11-11;"segunda-feira";"12:40:00";"SP";116;148;"SAO JOSE DOS CAMPOS";"Falta de Atenção à Condução";"Colisão com objeto estático";"Com Vítimas Feridas";"Pleno dia";"Decrescente";"Nublado";"Múltipla";"Reta";"Sim";1;0;1;0;0;0;1;1;-23,20067421;-45,8795018;"SPRF-SP";"DEL02-SP";"UOP01-DEL02-SP"
248797;2019-11-11;"segunda-feira";"12:15:00";"ES";101;292;"CARIACICA";"Falta de Atenção à Condução";"Colisão traseira";"Com Vítimas Feridas";"Pleno dia";"Crescente";"Sol";"Dupla";"Reta";"Não";2;0;1;0;1;0;1;2;-20,30650512;-40,39488717;"SPRF-ES";"DEL01-ES";"UOP01-DEL01-ES"
248799;2019-11-11;"segunda-feira";"12:30:00";"MG";40;510;"RIBEIRAO DAS NEVES";"Objeto estático sobre o leito carroçável";"Colisão traseira";"Com Vítimas Feridas";"Pleno dia";"Decrescente";"Céu Claro";"Dupla";"Reta";"Sim";5;0;0;1;3;1;1;3;-19,77463885;-44,12321882;"SPRF-MG";"DEL01-MG";"UOP02-DEL01-MG"
248800;2019-11-11;"segunda-feira";"12:45:00";"PR";376;304,1;"MAUA DA SERRA";"Velocidade Incompatível";"Saída de leito carroçável";"Sem Vítimas";"Pleno dia";"Decrescente";"Nublado";"Dupla";"Curva";"Não";2;0;0;0;2;0;0;1;-23,952969;-51,114033;"SPRF-PR";"DEL07-PR";"UOP02-DEL07-PR"
248801;2019-11-11;"segunda-feira";"07:20:00";"PR";116;66;"CAMPINA GRANDE DO SUL";"Velocidade Incompatível";"Saída de leito carroçável";"Sem Vítimas";"Pleno dia";"Crescente";"Chuva";"Dupla";"Curva";"Não";1;0;0;0;1;0;0;1;-25,31033956;-49,01212903;"SPRF-PR";"DEL01-PR";"UOP02-DEL01-PR"
248802;2019-11-11;"segunda-feira";"13:45:00";"PE";232;8,6;"RECIFE";"Não guardar distância de segurança";"Colisão traseira";"Sem Vítimas";"Pleno dia";"Decrescente";"Sol";"Múltipla";"Desvio Temporário";"Sim";2;0;0;0;2;0;0;2;-8,07583727;-34,97015791;"SPRF-PE";"DEL01-PE";"UOP01-DEL01-PE"