"id";"data_inversa";"dia_semana";"horario";"uf";"br";"km";"municipio";"causa_acidente";"tipo_acidente";"classificacao_acidente";"fase_dia";"sentido_via";"condicao_metereologica";"tipo_pista";"tracado_via";"uso_solo";"pessoas";"mortos";"feridos_leves";"feridos_graves";"ilesos";"ignorados";"feridos";"veiculos";"latitude";"longitude";"regional";"delegacia";"uop"
248803;2019-11-11;"segunda-feira";"13:45:00";"RS";386;350;"ESTRELA";"Defeito Mecânico no Veículo";"Tombamento";"Com Vítimas Feridas";"Pleno dia";"Crescente";"Nublado";"Dupla";"Reta";"Não";2;0;2;0;0;0;2;1;-29,47447796;-51,95311457;"SPRF-RS";"DEL04-RS";"UOP02-DEL04-RS"
248804;2019-11-11;"segunda-feira";"14:00:00";"SC";101;204;"SAO JOSE";"Não guardar distância de segurança";"Colisão traseira";"Com Vítimas Feridas";"Pleno dia";"Decrescente";"Céu Claro";"Dupla";"Reta";"Sim";2;0;1;0;1;0;1;2;-27,57413014;-48,61363083;"SPRF-SC";"DEL01-SC";"UOP01-DEL01-SC"
248805;2019-11-11;"segunda-feira";"13:40:00";"PR";376;652,5;"TIJUCAS DO SUL";"Velocidade Incompatível";"Colisão com objeto estático";"Com Vítimas Feridas";"Pleno dia";"Decrescente";"Garoa/Chuvisco";"Dupla";"Curva";"Não";3;0;3;0;0;0;3;1;-25,84470223;-49,06047821;"SPRF-PR";"DEL01-PR";"UOP04-DEL01-PR"
248807;2019-11-11;"segunda-feira";"14:20:00";"SC";470;68;"INDAIAL";"Falta de Atenção à Condução";"Colisão transversal";"Com Vítimas Feridas";"Pleno dia";"Decrescente";"Céu Claro";"Simples";"Rotatória";"Não";2;0;1;0;1;0;1;2;-26,877615;-49,239231;"SPRF-SC";"DEL04-SC";"UOP01-DEL04-SC"
248810;2019-11-11;"segunda-feira";"13:00:00";"RJ";101;430,5;"MANGARATIBA";"Velocidade Incompatível";"Colisão frontal";"Com Vítimas Feridas";"Pleno dia";"Decrescente";"Chuva";"Simples";"Curva";"Não";3;0;1;0;2;0;1;2;-22,93165999;-44,02389787;"SPRF-RJ";"DEL03-RJ";"UOP01-DEL03-RJ"
248811;2019-10-24;"quinta-feira";"07:45:00";"SC";282;0;"FLORIANOPOLIS";"Falta de Atenção à Condução";"Colisão traseira";"Com Vítimas Feridas";"Pleno dia";"Decrescente";"Sol";"Dupla";"Reta";"Não";3;0;2;0;1;0;2;2;-27,59845;-48,571995;"SPRF-SC";"DEL01-SC";"UOP01-DEL01-SC"
248812;2019-11-11;"segunda-feira";"14:20:00";"CE";116;27;"ITAITINGA";"Não guardar distância de segurança";"Colisão traseira";"Com Vítimas Feridas";"Pleno dia";"Crescente";"Sol";"Dupla";"Reta";"Sim";3;0;0;1;2;0;1;3;-3,98418708;-38,5151357;"SPRF-CE";"DEL01-CE";"UOP02-DEL01-CE"
248813;2019-11-11;"segunda-feira";"14:20:00";"SC";101;134;"BALNEARIO CAMBORIU";"Falta de Atenção à Condução";"Colisão lateral";"Com Vítimas Feridas";"Pleno dia";"Crescente";"Nublado";"Simples";"Reta";"Sim";2;0;1;0;1;0;1;2;-27,00218;-48,636433;"SPRF-SC";"DEL04-SC";"UOP03-DEL04-SC"
248814;2019-11-11;"segunda-feira";"10:30:00";"SC";470;149;"AGRONOMICA";"Condutor Dormindo";"Saída de leito carroçável";"Com Vítimas Feridas";"Pleno dia";"Decrescente";"Nublado";"Simples";"Reta";"Não";4;0;3;0;1;0;3;1;-27,252104;-49,702129;"SPRF-SC";"DEL04-SC";"UOP02-DEL04-SC"
248815;2019-11-11;"segunda-feira";"11:00:00";"RS";101;28,8;"TRES CACHOEIRAS";"Condutor Dormindo";"Colisão com objeto estático";"Com Vítimas Feridas";"Pleno dia";"Decrescente";"Nublado";"Dupla";"Curva";"Não";1;0;1;0;0;0;1;1;-29,46628752;-49,95379023;"SPRF-RS";"DEL03-RS";"UOP02-DEL03-RS"
248816;2019-11-11;"segunda-feira";"15:15:00";"PR";469;19;"FOZ DO IGUACU";"Falta de Atenção à Condução";"Colisão traseira";"Sem Vítimas";"Pleno dia";"Decrescente";"Sol";"Simples";"Reta";"Sim";2;0;0;0;2;0;0;2;-25,60190226;-54,49287415;"SPRF-PR";"DEL05-PR";"UOP04-DEL05-PR"
248818;2019-11-11;"segunda-feira";"15:30:00";"RJ";101;327;"RIO DE JANEIRO";"Avarias e/ou desgaste excessivo no pneu";"Queda de ocupante de veículo";"Com Vítimas Feridas";"Pleno dia";"Crescente";"Céu Claro";"Múltipla";"Reta";"Não";2;0;2;0;0;0;2;1;-22,87117393;-43,15595099;"SPRF-RJ";"DEL02-RJ";"UOP02-DEL02-RJ"
248820;2019-11-11;"segunda-feira";"15:30:00";"PR";116;164;"QUITANDINHA";"Pista Escorregadia";"Saída de leito carroçável";"Com Vítimas Feridas";"Pleno dia";"Decrescente";"Garoa/Chuvisco";"Simples";"Curva";"Sim";1;0;0;1;0;0;1;1;-25,86445029;-49,42745303;"SPRF-PR";"DEL01-PR";"UOP03-DEL01-PR"
248823;2019-11-11;"segunda-feira";"15:00:00";"MS";163;520,2;"JARAGUARI";"Não guardar distância de segurança";"Colisão traseira";"Com Vítimas Feridas";"Pleno dia";"Crescente";"Céu Claro";"Dupla";"Reta";"Não";4;0;1;0;2;1;1;2;-20,16179487;-54,44469725;"SPRF-MS";"DEL01-MS";"UOP02-DEL01-MS"
248824;2019-11-11;"segunda-feira";"15:55:00";"RS";116;234;"ESTANCIA VELHA";"Não guardar distância de segurança";"Colisão traseira";"Com Vítimas Feridas";"Pleno dia";"Crescente";"Céu Claro";"Simples";"Reta";"Sim";2;0;1;0;1;0;1;2;-29,65121313;-51,1444433;"SPRF-RS";"DEL01-RS";"UOP02-DEL01-RS"
248829;2019-11-11;"segunda-feira";"16:30:00";"SC";282;5,5;"SAO JOSE";"Falta de Atenção à Condução";"Colisão traseira";"Sem Vítimas";"Pleno dia";"Crescente";"Nublado";"Dupla";"Reta";"Sim";2;0;0;0;2;0;0;2;-27,588425;-48,612919;"SPRF-SC";"DEL01-SC";"UOP01-DEL01-SC"
248830;2019-11-11;"segunda-feira";"16:50:00";"PA";10;353,2;"SANTA MARIA DO PARA";"Desobediência às normas de trânsito pelo condutor";"Colisão lateral";"Com Vítimas Feridas";"Pleno dia";"Crescente";"Céu Claro";"Simples";"Interseção de Vias";"Sim";3;0;0;1;2;0;1;3;-1,35646249;-47,57423141;"SPRF-PA";"DEL01-PA";"UOP02-DEL01-PA"
248834;2019-11-11;"segunda-feira";"15:10:00";"PR";376;678,8;"GUARATUBA";"Falta de Atenção à Condução";"Saída de leito carroçável";"Com Vítimas Feridas";"Pleno dia";"Crescente";"Garoa/Chuvisco";"Dupla";"Curva";"Não";2;0;1;0;1;0;1;1;-25,94235196;-48,90906594;"SPRF-PR";"DEL01-PR";"UOP04-DEL01-PR"
248835;2019-11-11;"segunda-feira";"16:20:00";"SE";101;79,1;"LARANJEIRAS";"Desobediência às normas de trânsito pelo condutor";"Colisão traseira";"Com Vítimas Feridas";"Pleno dia";"Crescente";"Céu Claro";"Dupla";"Reta";"Não";2;0;1;0;1;0;1;2;-10,79083797;-37,14163167;"SPRF-SE";"DEL01-SE";"UOP01-DEL01-SE"
248836;2019-11-10;"domingo";"19:00:00";"SC";282;453,5;"PONTE SERRADA";"Falta de Atenção à Condução";"Atropelamento de Pedestre";"Com Vítimas Fatais";"Anoitecer";"Decrescente";"Chuva";"Simples";"Aclive";"Não";2;1;0;0;0;1;0;2;-26,89823;-51,976665;"SPRF-SC";"DEL07-SC";"UOP04-DEL07-SC"
248838;2019-11-11;"segunda-feira";"16:40:00";"SP";116;512,5;"CAJATI";"Velocidade Incompatível";"Colisão com objeto estático";"Com Vítimas Feridas";"Pleno dia";"Decrescente";"Chuva";"Simples";"Curva";"Não";2;0;1;0;1;0;1;1;-24,84304306;-48,22027915;"SPRF-SP";"DEL05-SP";"UAP01-DEL05-SP"
248839;2019-11-11;"segunda-feira";"17:10:00";"CE";116;477,9;"MILAGRES";"Animais na Pista";"Atropelamento de Animal";"Com Vítimas Feridas";"Anoitecer";"Crescente";"Céu Claro";"Simples";"Reta";"Não";1;0;0;1;0;0;1;1;-7,30234636;-38,90957127;"SPRF-CE";"DEL05-CE";"UOP03-DEL05-CE"
248840;2019-11-11;"segunda-feira";"16:55:00";"PR";376;3;"MANDAGUARI";"Desobediência às normas de trânsito pelo condutor";"Colisão transversal";"Com Vítimas Feridas";"Pleno dia";"Decrescente";"Céu Claro";"Simples";"Reta";"Sim";5;0;1;1;2;1;2;3;-23,51547589;-51,69393539;"SPRF-PR";"DEL07-PR";"UOP01-DEL09-PR"
248841;2019-11-11;"segunda-feira";"18:00:00";"PR";376;181,5;"MARINGA";"Falta de Atenção à Condução";"Colisão traseira";"Com Vítimas Feridas";"Anoitecer";"Decrescente";"Nublado";"Dupla";"Reta";"Sim";2;0;1;0;0;1;1;2;-23,42867319;-51,89267099;"SPRF-PR";"DEL07-PR";"UOP01-DEL09-PR"
248843;2019-11-11;"segunda-feira";"16:59:00";"MG";153;91,2;"PRATA";"Desobediência às normas de trânsito pelo condutor";"Colisão traseira";"Com Vítimas Feridas";"Pleno dia";"Decrescente";"Chuva";"Simples";"Reta";"Não";3;0;1;1;1;0;2;2;-19,15242696;-48,96164382;"SPRF-MG";"DEL15-MG";"UOP03-DEL15-MG"
248846;2019-11-11;"segunda-feira";"17:20:00";"ES";262;97,4;"DOMINGOS MARTINS";"Pista Escorregadia";"Colisão frontal";"Sem Vítimas";"Anoitecer";"Crescente";"Chuva";"Simples";"Curva";"Sim";3;0;0;0;3;0;0;3;-20,361035;-41,074649;"SPRF-ES";"DEL01-ES";"UOP02-DEL01-ES"
248847;2019-11-11;"segunda-feira";"18:10:00";"ES";259;61,2;"COLATINA";"Não guardar distância de segurança";"Colisão traseira";"Com Vítimas Feridas";"Anoitecer";"Crescente";"Ignorado";"Simples";"Reta";"Não";2;0;0;1;1;0;1;2;-19,53079717;-40,68209478;"SPRF-ES";"DEL02-ES";"UOP01-DEL02-ES"
248848;2019-11-11;"segunda-feira";"18:15:00";"ES";259;61,2;"COLATINA";"Falta de Atenção à Condução";"Colisão traseira";"Com Vítimas Feridas";"Plena Noite";"Crescente";"Céu Claro";"Simples";"Reta";"Não";3;0;0;1;2;0;1;3;-19,53079717;-40,68209478;"SPRF-ES";"DEL02-ES";"UOP01-DEL02-ES"
248850;2019-11-11;"segunda-feira";"09:15:00";"MA";10;263,9;"IMPERATRIZ";"Animais na Pista";"Atropelamento de Animal";"Com Vítimas Feridas";"Pleno dia";"Crescente";"Céu Claro";"Simples";"Reta";"Não";1;0;1;0;0;0;1;1;-5,436281;-47,472649;"SPRF-MA";"DEL04-MA";"UOP01-DEL04-MA"
248851;2019-11-11;"segunda-feira";"18:50:00";"MG";381;512,2;"IGARAPE";"Falta de Atenção à Condução";"Colisão transversal";"Com Vítimas Feridas";"Plena Noite";"Decrescente";"Céu Claro";"Múltipla";"Reta";"Sim";3;0;2;0;1;0;2;2;-20,09287367;-44,31456685;"SPRF-MG";"DEL01-MG";"UOP03-DEL01-MG"
248852;2019-11-11;"segunda-feira";"18:02:00";"MG";381;605;"OLIVEIRA";"Pista Escorregadia";"Capotamento";"Com Vítimas Feridas";"Anoitecer";"Crescente";"Chuva";"Dupla";"Curva";"Não";3;0;2;0;1;0;2;1;-20,66757503;-44,7378369;"SPRF-MG";"DEL04-MG";"UOP01-DEL04-MG"
248853;2019-11-11;"segunda-feira";"18:05:00";"RJ";116;298;"BARRA MANSA";"Falta de Atenção à Condução";"Colisão traseira";"Com Vítimas Feridas";"Anoitecer";"Crescente";"Chuva";"Dupla";"Reta";"Não";2;0;1;0;1;0;1;2;-22,45083254;-44,33823701;"SPRF-RJ";"DEL07-RJ";"DEL5/7-UOP03/RJ"
248856;2019-11-11;"segunda-feira";"19:30:00";"RS";386;344,7;"LAJEADO";"Falta de Atenção do Pedestre";"Atropelamento de Pedestre";"Com Vítimas Feridas";"Plena Noite";"Crescente";"Céu Claro";"Simples";"Interseção de Vias";"Sim";2;0;0;1;1;0;1;2;-29,44228845;-51,98646784;"SPRF-RS";"DEL04-RS";"UOP01-DEL04-RS"
248857;2019-11-11;"segunda-feira";"19:00:00";"MG";262;113,1;"RIO CASCA";"Pista Escorregadia";"Colisão frontal";"Com Vítimas Feridas";"Plena Noite";"Decrescente";"Chuva";"Simples";"Curva;Declive";"Não";7;0;6;0;1;0;6;2;-20,25079502;-42,60286704;"SPRF-MG";"DEL03-MG";"UOP03-DEL03-MG"
248858;2019-11-11;"segunda-feira";"18:40:00";"BA";116;427;"FEIRA DE SANTANA";"Ingestão de Álcool";"Colisão traseira";"Sem Vítimas";"Plena Noite";"Crescente";"Céu Claro";"Dupla";"Em Obras;Retorno Regulamentado;Aclive;Viaduto";"Sim";4;0;0;0;4;0;0;2;-12,25241793;-38,98887036;"SPRF-BA";"DEL02-BA";"UOP01-DEL02-BA"
248860;2019-11-11;"segunda-feira";"19:30:00";"GO";40;24;"LUZIANIA";"Desobediência às normas de trânsito pelo condutor";"Colisão frontal";"Com Vítimas Feridas";"Plena Noite";"Decrescente";"Céu Claro";"Simples";"Reta";"Sim";4;0;3;0;1;0;3;2;-16,252738;-47,900437;"SPRF-DF";"DEL01-DF";"UOP01-DEL01-DF"
248861;2019-11-11;"segunda-feira";"19:40:00";"RS";392;352,9;"SANTA MARIA";"Velocidade Incompatível";"Atropelamento de Pedestre";"Com Vítimas Feridas";"Plena Noite";"Crescente";"Nublado";"Simples";"Em Obras;Reta";"Sim";3;0;0;1;1;1;1;2;-29,71688628;-53,80916834;"SPRF-RS";"DEL09-RS";"UOP01-DEL09-RS"
248862;2019-11-11;"segunda-feira";"19:40:00";"SC";101;129;"BALNEARIO CAMBORIU";"Velocidade Incompatível";"Capotamento";"Com Vítimas Feridas";"Plena Noite";"Decrescente";"Nublado";"Dupla";"Curva";"Não";3;0;3;0;0;0;3;1;-26,98064277;-48,6790679;"SPRF-SC";"DEL04-SC";"UOP03-DEL04-SC"
248864;2019-11-11;"segunda-feira";"18:00:00";"RS";386;177;"CARAZINHO";"Desobediência às normas de trânsito pelo condutor";"Colisão transversal";"Com Vítimas Feridas";"Pleno dia";"Decrescente";"Céu Claro";"Simples";"Aclive";"Sim";3;0;2;0;1;0;2;2;-28,281309;-52,765053;"SPRF-RS";"DEL08-RS";"UOP01-DEL08-RS"
248865;2019-11-11;"segunda-feira";"18:00:00";"RJ";116;166,4;"RIO DE JANEIRO";"Desobediência às normas de trânsito pelo condutor";"Colisão traseira";"Com Vítimas Feridas";"Plena Noite";"Crescente";"Chuva";"Múltipla";"Reta";"Sim";2;0;0;1;0;1;1;2;-22,81560263;-43,30051808;"SPRF-RJ";"DEL01-RJ";"UOP02-DEL01-RJ"
248867;2019-11-11;"segunda-feira";"16:40:00";"RS";158;561;"SANTANA DO LIVRAMENTO";"Falta de Atenção à Condução";"Tombamento";"Com Vítimas Feridas";"Pleno dia";"Crescente";"Céu Claro";"Simples";"Declive";"Sim";2;0;1;1;0;0;2;1;-30,84836525;-55,47687796;"SPRF-RS";"DEL11-RS";"UOP01-DEL11-RS"
248868;2019-11-11;"segunda-feira";"16:45:00";"PI";343;345,5;"TERESINA";"Falta de Atenção à Condução";"Colisão traseira";"Sem Vítimas";"Pleno dia";"Crescente";"Céu Claro";"Dupla";"Interseção de Vias";"Sim";3;0;0;0;3;0;0;2;-5,102889;-42,766506;"SPRF-PI";"DEL01-PI";"UOP01-DEL01-PI"
248869;2019-11-11;"segunda-feira";"20:10:00";"MG";40;517,3;"RIBEIRAO DAS NEVES";"Falta de Atenção à Condução";"Tombamento";"Com Vítimas Feridas";"Plena Noite";"Crescente";"Nublado";"Dupla";"Reta";"Sim";1;0;1;0;0;0;1;1;-19,82351202;-44,08438913;"SPRF-MG";"DEL01-MG";"UOP02-DEL01-MG"
248871;2019-11-11;"segunda-feira";"20:35:00";"PE";101;50,1;"ABREU E LIMA";"Não guardar distância de segurança";"Colisão traseira";"Com Vítimas Feridas";"Plena Noite";"Crescente";"Céu Claro";"Múltipla";"Curva";"Sim";2;0;1;0;1;0;1;2;-7,90938602;-34,90123228;"SPRF-PE";"DEL01-PE";"UOP02-DEL01-PE"
248872;2019-11-11;"segunda-feira";"20:20:00";"DF";70;10;"BRASILIA";"Falta de Atenção à Condução";"Colisão traseira";"Com Vítimas Feridas";"Plena Noite";"Crescente";"Céu Claro";"Dupla";"Reta";"Não";2;0;1;0;1;0;1;2;-15,787066;-48,140709;"SPRF-DF";"DEL01-DF";"UOP02-DEL03-DF"
248873;2019-11-11;"segunda-feira";"20:20:00";"PE";101;108;"CABO DE SANTO AGOSTINHO";"Falta de Atenção à Condução";"Queda de ocupante de veículo";"Com Vítimas Feridas";"Plena Noite";"Decrescente";"Céu Claro";"Dupla";"Reta";"Não";1;0;1;0;0;0;1;1;-8,30670238;-35,09303416;"SPRF-PE";"DEL01-PE";"UOP03-DEL01-PE"
248874;2019-11-11;"segunda-feira";"20:20:00";"SC";101;211,4;"PALHOCA";"Falta de Atenção à Condução";"Colisão lateral";"Com Vítimas Feridas";"Plena Noite";"Crescente";"Nublado";"Dupla";"Reta";"Sim";2;0;1;0;1;0;1;2;-27,62549725;-48,65452588;"SPRF-SC";"DEL01-SC";"UOP02-DEL01-SC"
248876;2019-11-11;"segunda-feira";"20:35:00";"SC";101;117,3;"ITAJAI";"Desobediência às normas de trânsito pelo condutor";"Colisão transversal";"Com Vítimas Feridas";"Plena Noite";"Decrescente";"Céu Claro";"Simples";"Viaduto;Interseção de Vias";"Sim";2;0;0;1;1;0;1;2;-26,88747187;-48,72252969;"SPRF-SC";"DEL04-SC";"UOP04-DEL04-SC"
248877;2019-11-11;"segunda-feira";"19:00:00";"SC";470;296;"CAMPOS NOVOS";"Animais na Pista";"Atropelamento de Animal";"Com Vítimas Feridas";"Plena Noite";"Decrescente";"Nublado";"Simples";"Ponte";"Não";3;0;2;0;1;0;2;1;-27,351051;-51,018471;"SPRF-SC";"DEL07-SC";"UOP06-DEL07-SC"
248879;2019-11-11;"segunda-feira";"18:35:00";"PB";230;289,2;"SANTA LUZIA";"Falta de Atenção à Condução";"Colisão traseira";"Sem Vítimas";"Plena Noite";"Crescente";"Céu Claro";"Simples";"Reta";"Não";2;0;0;0;2;0;0;2;-6,8816;-36,9002;"SPRF-PB";"DEL03-PB";"UOP01-DEL03-PB"
248880;2019-11-11;"segunda-feira";"19:20:00";"PR";116;209,9;"RIO NEGRO";"Falta de Atenção do Pedestre";"Atropelamento de Pedestre";"Com Vítimas Fatais";"Plena Noite";"Decrescente";"Nublado";"Simples";"Reta";"Sim";3;1;0;0;1;1;0;2;-26,09252;-49,78011;"SPRF-SC";"DEL06-SC";"UOP01-DEL06-SC"
248881;2019-11-11;"segunda-feira";"21:30:00";"SP";116;146;"SAO JOSE DOS CAMPOS";"Falta de Atenção à Condução";"Engavetamento";"Com Vítimas Feridas";"Plena Noite";"Decrescente";"Garoa/Chuvisco";"Dupla";"Reta";"Sim";3;0;1;0;2;0;1;3;-23,19122919;-45,86327591;"SPRF-SP";"DEL02-SP";"UOP01-DEL02-SP"
248884;2019-11-11;"segunda-feira";"18:40:00";"SP";101;49,9;"UBATUBA";"Falta de Atenção do Pedestre";"Atropelamento de Pedestre";"Com Vítimas Feridas";"Anoitecer";"Crescente";"Nublado";"Simples";"Reta";"Sim";2;0;1;0;1;0;1;2;-23,45265621;-45,07505894;"SPRF-SP";"DEL06-SP";"UOP01-DEL06-SP"
248885;2019-11-11;"segunda-feira";"19:10:00";"MA";10;240;"IMPERATRIZ";"Ultrapassagem Indevida";"Colisão frontal";"Com Vítimas Feridas";"Plena Noite";"Crescente";"Céu Claro";"Simples";"Reta";"Não";2;0;0;1;1;0;1;2;-5,625862;-47,408913;"SPRF-MA";"DEL04-MA";"UOP01-DEL04-MA"
248886;2019-11-11;"segunda-feira";"16:30:00";"BA";116;817;"VITORIA DA CONQUISTA";"Falta de Atenção à Condução";"Colisão lateral";"Sem Vítimas";"Pleno dia";"Crescente";"Sol";"Simples";"Interseção de Vias";"Não";2;0;0;0;1;1;0;2;-14,82331326;-40,81813719;"SPRF-BA";"DEL08-BA";"UOP01-DEL08-BA"
248888;2019-11-11;"segunda-feira";"20:00:00";"ES";262;31;"DOMINGOS MARTINS";"Pista Escorregadia";"Colisão com objeto estático";"Com Vítimas Feridas";"Plena Noite";"Crescente";"Chuva";"Simples";"Curva";"Não";2;0;1;0;1;0;1;2;-20,38070407;-40,56849274;"SPRF-ES";"DEL01-ES";"UOP01-DEL01-ES"
248889;2019-11-11;"segunda-feira";"20:15:00";"RJ";493;111;"ITAGUAI";"Velocidade Incompatível";"Saída de leito carroçável";"Com Vítimas Feridas";"Plena Noite";"Crescente";"Chuva";"Dupla";"Reta";"Não";3;0;2;0;1;0;2;1;-22,80905;-43,79706;"SPRF-RJ";"DEL03-RJ";"UOP01-DEL03-RJ"
248890;2019-11-11;"segunda-feira";"18:00:00";"MT";364;203,9;"RONDONOPOLIS";"Desobediência às normas de trânsito pelo condutor";"Colisão transversal";"Com Vítimas Feridas";"Plena Noite";"Crescente";"Nublado";"Dupla";"Rotatória";"Sim";2;0;1;1;0;0;2;2;-16,47555256;-54,65344724;"SPRF-MT";"DEL02-MT";"UOP01-DEL02-MT"
248891;2019-11-11;"segunda-feira";"22:05:00";"SC";280;27;"ARAQUARI";"Falta de Atenção à Condução";"Colisão lateral";"Com Vítimas Feridas";"Plena Noite";"Crescente";"Chuva";"Simples";"Reta";"Não";2;0;1;0;1;0;1;2;-26,39685622;-48,74021969;"SPRF-SC";"DEL03-SC";"UOP03-DEL03-SC"
248892;2019-11-11;"segunda-feira";"22:20:00";"RJ";393;285,9;"VOLTA REDONDA";"Falta de Atenção do Pedestre";"Atropelamento de Pedestre";"Com Vítimas Feridas";"Plena Noite";"Decrescente";"Garoa/Chuvisco";"Simples";"Reta";"Sim";2;0;1;0;1;0;1;2;-22,481726;-44,06308602;"SPRF-RJ";"DEL05-RJ";"UOP04-DEL05-RJ"
248893;2019-11-11;"segunda-feira";"19:50:00";"MG";262;670;"IBIA";"Não guardar distância de segurança";"Colisão traseira";"Com Vítimas Feridas";"Plena Noite";"Decrescente";"Nublado";"Simples";"Reta";"Não";3;0;2;0;1;0;2;2;-19,54647026;-46,79910015;"SPRF-MG";"DEL08-MG";"UOP01-DEL08-MG"
248894;2019-10-22;"terça-feira";"16:30:00";"MG";116;292,2;"TEOFILO OTONI";"Não guardar distância de segurança";"Colisão traseira";"Com Vítimas Feridas";"Pleno dia";"Crescente";"Chuva";"Simples";"Reta";"Não";4;0;1;2;1;0;3;2;-17,98144887;-41,55430919;"SPRF-MG";"DEL11-MG";"UOP01-DEL11-MG"
248895;2019-11-11;"segunda-feira";"20:10:00";"PR";476;122;"CURITIBA";"Pista Escorregadia";"Queda de ocupante de veículo";"Com Vítimas Feridas";"Plena Noite";"Crescente";"Chuva";"Dupla";"Curva";"Não";1;0;1;0;0;0;1;1;-25,385775;-49,203377;"SPRF-PR";"DEL01-PR";"UOP07-DEL01-PR"
248897;2019-11-11;"segunda-feira";"22:42:00";"RJ";101;69;"CAMPOS DOS GOYTACAZES";"Falta de Atenção à Condução";"Capotamento";"Com Vítimas Feridas";"Plena Noite";"Decrescente";"Chuva";"Simples";"Curva";"Não";1;0;1;0;0;0;1;1;-21,77624383;-41,3653321;"SPRF-RJ";"DEL08-RJ";"UOP02-DEL08-RJ"
248901;2019-11-11;"segunda-feira";"22:00:00";"RJ";101;494;"ANGRA DOS REIS";"Fenômenos da Natureza";"Capotamento";"Com Vítimas Feridas";"Plena Noite";"Decrescente";"Chuva";"Dupla";"Curva";"Não";1;0;1;0;0;0;1;1;-22,93752781;-44,3185162;"SPRF-RJ";"DEL03-RJ";"UOP02-DEL03-RJ"
248902;2019-11-11;"segunda-feira";"19:10:00";"BA";101;279,3;"LAJE";"Ultrapassagem Indevida";"Colisão frontal";"Com Vítimas Fatais";"Plena Noite";"Crescente";"Céu Claro";"Simples";"Declive";"Não";5;2;0;2;1;0;2;3;-13,21708809;-39,32423862;"SPRF-BA";"DEL01-BA";"UOP02-DEL01-BA"
248903;2019-11-11;"segunda-feira";"20:00:00";"MA";402;36,5;"MORROS";"Desobediência às normas de trânsito pelo condutor";"Colisão frontal";"Com Vítimas Feridas";"Plena Noite";"Crescente";"Céu Claro";"Simples";"Ponte";"Não";2;0;0;1;1;0;1;2;-2,85868203;-44,05037295;"SPRF-MA";"DEL01-MA";"UOP01-DEL01-MA"
248904;2019-11-11;"segunda-feira";"16:53:00";"BA";324;550;"AMELIA RODRIGUES";"Defeito Mecânico no Veículo";"Incêndio";"Sem Vítimas";"Pleno dia";"Decrescente";"Céu Claro";"Múltipla";"Reta";"Não";1;0;0;0;1;0;0;1;-12,43832718;-38,72506515;"SPRF-BA";"DEL01-BA";"UOP01-DEL01-BA"
248905;2019-11-12;"terça-feira";"01:30:00";"MS";163;660,9;"RIO VERDE DE MATO GROSSO";"Velocidade Incompatível";"Saída de leito carroçável";"Sem Vítimas";"Plena Noite";"Decrescente";"Garoa/Chuvisco";"Simples";"Declive;Reta";"Não";1;0;0;0;1;0;0;1;-19,07081822;-54,79189754;"SPRF-MS";"DEL06-MS";"UOP02-DEL06-MS"
248907;2019-11-12;"terça-feira";"00:10:00";"RS";290;721;"URUGUAIANA";"Velocidade Incompatível";"Saída de leito carroçável";"Com Vítimas Feridas";"Plena Noite";"Decrescente";"Céu Claro";"Simples";"Rotatória";"Sim";2;0;0;1;1;0;1;1;-29,76061468;-57,05891132;"SPRF-RS";"DEL13-RS";"UOP01-DEL13-RS"
248910;2019-11-12;"terça-feira";"04:25:00";"MS";163;86,8;"ITAQUIRAI";"Animais na Pista";"Capotamento";"Com Vítimas Feridas";"Amanhecer";"Decrescente";"Céu Claro";"Simples";"Reta";"Não";3;0;1;0;2;0;1;1;-23,40592604;-54,20948944;"SPRF-MS";"DEL09-MS";"UOP01-DEL09-MS"
248911;2019-11-12;"terça-feira";"06:05:00";"RN";101;109;"PARNAMIRIM";"Defeito Mecânico no Veículo";"Tombamento";"Com Vítimas Feridas";"Pleno dia";"Decrescente";"Céu Claro";"Dupla";"Reta";"Sim";1;0;1;0;0;0;1;1;-5,937378;-35,26483;"SPRF-RN";"DEL01-RN";"UOP01-DEL01-RN"
248914;2019-11-12;"terça-feira";"07:00:00";"GO";60;316;"ACREUNA";"Pista Escorregadia";"Saída de leito carroçável";"Com Vítimas Feridas";"Pleno dia";"Decrescente";"Chuva";"Dupla";"Reta";"Não";2;0;1;0;1;0;1;1;-17,4588;-50,4341;"SPRF-GO";"DEL04-GO";"UOP01-DEL04-GO"
248915;2019-11-12;"terça-feira";"06:40:00";"ES";262;130,2;"BREJETUBA";"Condutor Dormindo";"Saída de leito carroçável";"Com Vítimas Feridas";"Pleno dia";"Crescente";"Chuva";"Simples";"Reta";"Não";1;0;1;0;0;0;1;1;-20,25953756;-41,29828026;"SPRF-ES";"DEL01-ES";"UOP02-DEL01-ES"
248917;2019-11-12;"terça-feira";"06:30:00";"SP";381;74;"SAO PAULO";"Velocidade Incompatível";"Queda de ocupante de veículo";"Com Vítimas Feridas";"Pleno dia";"Crescente";"Céu Claro";"Dupla";"Reta";"Não";1;0;1;0;0;0;1;1;-23,37208014;-46,55700294;"SPRF-SP";"DEL03-SP";"UOP01-DEL03-SP"