"id";"data_inversa";"dia_semana";"horario";"uf";"br";"km";"municipio";"causa_acidente";"tipo_acidente";"classificacao_acidente";"fase_dia";"sentido_via";"condicao_metereologica";"tipo_pista";"tracado_via";"uso_solo";"pessoas";"mortos";"feridos_leves";"feridos_graves";"ilesos";"ignorados";"feridos";"veiculos";"latitude";"longitude";"regional";"delegacia";"uop"
249044;2019-11-12;"terça-feira";"14:00:00";"SC";101;63;"ARAQUARI";"Velocidade Incompatível";"Saída de leito carroçável";"Com Vítimas Feridas";"Pleno dia";"Decrescente";"Chuva";"Dupla";"Curva";"Não";1;0;1;0;0;0;1;1;-26,45898367;-48,7584088;"SPRF-SC";"DEL03-SC";"UOP02-DEL03-SC"
249045;2019-11-12;"terça-feira";"17:30:00";"SC";470;35;"GASPAR";"Falta de Atenção à Condução";"Colisão frontal";"Sem Vítimas";"Pleno dia";"Decrescente";"Chuva";"Simples";"Interseção de Vias;Em Obras";"Não";4;0;0;0;4;0;0;4;-26,912857;-48,958965;"SPRF-SC";"DEL04-SC";"UOP01-DEL04-SC"
249046;2019-11-12;"terça-feira";"17:10:00";"SC";101;212,7;"PALHOCA";"Desobediência às normas de trânsito pelo condutor";"Colisão lateral";"Com Vítimas Feridas";"Pleno dia";"Decrescente";"Nublado";"Dupla";"Reta";"Não";2;0;1;0;1;0;1;2;-27,62996929;-48,65903871;"SPRF-SC";"DEL01-SC";"UOP02-DEL01-SC"
249047;2019-11-12;"terça-feira";"17:30:00";"SP";116;34;"CACHOEIRA PAULISTA";"Falta de Atenção à Condução";"Tombamento";"Com Vítimas Feridas";"Pleno dia";"Decrescente";"Nublado";"Dupla";"Rotatória";"Não";2;0;2;0;0;0;2;1;-22,65447396;-44,95940103;"SPRF-SP";"DEL08-SP";"UOP02-DEL08-SP"
249049;2019-11-12;"terça-feira";"14:20:00";"SC";116;251;"LAGES";"Falta de Atenção à Condução";"Colisão transversal";"Com Vítimas Feridas";"Pleno dia";"Crescente";"Nublado";"Simples";"Interseção de Vias";"Não";2;0;0;1;1;0;1;2;-27,84714162;-50,37941694;"SPRF-SC";"DEL05-SC";"UOP02-DEL05-SC"
249050;2019-11-12;"terça-feira";"17:38:00";"MG";262;811;"UBERABA";"Falta de Atenção à Condução";"Colisão com objeto estático";"Com Vítimas Feridas";"Pleno dia";"Crescente";"Chuva";"Dupla";"Reta";"Sim";1;0;1;0;0;0;1;1;-19,76878345;-47,9832387;"SPRF-MG";"DEL13-MG";"UOP01-DEL13-MG"
249051;2019-11-12;"terça-feira";"17:30:00";"SP";116;217;"GUARULHOS";"Falta de Atenção à Condução";"Colisão lateral";"Com Vítimas Feridas";"Pleno dia";"Crescente";"Céu Claro";"Simples";"Reta";"Não";3;0;1;0;2;0;1;2;-23,45423824;-46,47119028;"SPRF-SP";"DEL01-SP";"UOP01-DEL01-SP"
249052;2019-11-12;"terça-feira";"16:00:00";"RS";101;14,6;"DOM PEDRO DE ALCANTARA";"Condutor Dormindo";"Colisão com objeto estático";"Com Vítimas Feridas";"Pleno dia";"Decrescente";"Nublado";"Dupla";"Curva";"Não";3;0;3;0;0;0;3;1;-29,405961;-49,850329;"SPRF-RS";"DEL03-RS";"UOP02-DEL03-RS"
249053;2019-11-12;"terça-feira";"17:00:00";"RS";290;143,8;"ELDORADO DO SUL";"Falta de Atenção à Condução";"Colisão transversal";"Com Vítimas Feridas";"Pleno dia";"Decrescente";"Céu Claro";"Simples";"Interseção de Vias";"Sim";2;0;1;0;1;0;1;2;-30,093309;-51,637798;"SPRF-RS";"DEL02-RS";"UOP01-DEL02-RS"
249054;2019-11-12;"terça-feira";"12:00:00";"SC";470;174;"POUSO REDONDO";"Falta de Atenção à Condução";"Colisão transversal";"Com Vítimas Feridas";"Pleno dia";"Decrescente";"Nublado";"Simples";"Interseção de Vias;Reta";"Sim";2;0;0;1;1;0;1;2;-27,258179;-49,929146;"SPRF-SC";"DEL04-SC";"UOP02-DEL04-SC"
249055;2019-11-12;"terça-feira";"17:45:00";"RN";226;177,1;"CURRAIS NOVOS";"Ultrapassagem Indevida";"Colisão frontal";"Com Vítimas Feridas";"Plena Noite";"Crescente";"Céu Claro";"Simples";"Reta";"Sim";2;0;0;1;1;0;1;2;-6,268683;-36,522663;"SPRF-RN";"DEL03-RN";"UOP02-DEL03-RN"
249057;2019-11-12;"terça-feira";"17:05:00";"CE";20;429,5;"MARACANAU";"Desobediência às normas de trânsito pelo condutor";"Colisão transversal";"Com Vítimas Feridas";"Pleno dia";"Crescente";"Céu Claro";"Dupla";"Reta";"Sim";2;0;1;0;1;0;1;2;-3,844494;-38,581659;"SPRF-CE";"DEL01-CE";"UOP02-DEL01-CE"
249058;2019-11-12;"terça-feira";"17:40:00";"RS";290;144;"ELDORADO DO SUL";"Falta de Atenção à Condução";"Colisão transversal";"Com Vítimas Feridas";"Pleno dia";"Crescente";"Nublado";"Simples";"Reta;Aclive";"Sim";3;0;1;0;2;0;1;2;-30,096939;-51,647282;"SPRF-RS";"DEL02-RS";"UOP01-DEL02-RS"
249062;2019-11-12;"terça-feira";"18:10:00";"SC";470;45,7;"GASPAR";"Falta de Atenção à Condução";"Colisão transversal";"Com Vítimas Feridas";"Anoitecer";"Crescente";"Chuva";"Simples";"Interseção de Vias";"Não";2;0;1;0;1;0;1;2;-26,867064;-49,031109;"SPRF-SC";"DEL04-SC";"UOP01-DEL04-SC"
249063;2019-11-12;"terça-feira";"18:30:00";"RS";116;269;"CANOAS";"Não guardar distância de segurança";"Colisão lateral";"Com Vítimas Feridas";"Anoitecer";"Decrescente";"Céu Claro";"Dupla";"Reta";"Sim";2;0;1;0;1;0;1;2;-29,95942501;-51,17608515;"SPRF-RS";"DEL01-RS";"UOP01-DEL01-RS"
249064;2019-11-12;"terça-feira";"19:10:00";"PE";101;64,8;"RECIFE";"Falta de Atenção à Condução";"Tombamento";"Sem Vítimas";"Plena Noite";"Crescente";"Céu Claro";"Múltipla";"Ponte";"Não";3;0;0;0;3;0;0;3;-8,0162921;-34,94045886;"SPRF-PE";"DEL01-PE";"UOP01-DEL01-PE"
249065;2019-11-12;"terça-feira";"18:30:00";"ES";259;71,5;"COLATINA";"Falta de Atenção à Condução";"Tombamento";"Com Vítimas Feridas";"Plena Noite";"Crescente";"Céu Claro";"Simples";"Reta";"Não";1;0;0;1;0;0;1;1;-19,49732174;-40,76455411;"SPRF-ES";"DEL02-ES";"UOP01-DEL02-ES"
249066;2019-11-12;"terça-feira";"15:45:00";"SP";116;178,3;"GUARAREMA";"Falta de Atenção à Condução";"Colisão lateral";"Com Vítimas Feridas";"Pleno dia";"Crescente";"Sol";"Dupla";"Reta";"Sim";2;0;1;0;1;0;1;2;-23,32862665;-46,13040626;"SPRF-SP";"DEL02-SP";"UOP01-DEL02-SP"
249068;2019-11-12;"terça-feira";"19:20:00";"PR";376;182,2;"SARANDI";"Falta de Atenção à Condução";"Colisão traseira";"Com Vítimas Feridas";"Pleno dia";"Crescente";"Céu Claro";"Dupla";"Reta";"Sim";3;0;1;0;2;0;1;3;-23,43684112;-51,87880764;"SPRF-PR";"DEL07-PR";"UOP01-DEL09-PR"
249069;2019-11-12;"terça-feira";"18:40:00";"GO";40;10;"LUZIANIA";"Desobediência às normas de trânsito pelo condutor";"Colisão transversal";"Com Vítimas Feridas";"Plena Noite";"Crescente";"Céu Claro";"Dupla";"Reta";"Sim";4;0;2;0;1;1;2;4;-16,131285;-47,957923;"SPRF-DF";"DEL01-DF";"UOP01-DEL01-DF"
249071;2019-11-12;"terça-feira";"19:40:00";"PR";369;144,9;"LONDRINA";"Desobediência às normas de trânsito pelo condutor";"Colisão lateral";"Com Vítimas Feridas";"Plena Noite";"Decrescente";"Céu Claro";"Dupla";"Reta";"Sim";3;0;2;0;1;0;2;2;-23,29374199;-51,11230642;"SPRF-PR";"DEL07-PR";"UOP01-DEL07-PR"
249073;2019-11-12;"terça-feira";"19:30:00";"MG";365;626,5;"UBERLANDIA";"Falta de Atenção à Condução";"Colisão traseira";"Sem Vítimas";"Plena Noite";"Crescente";"Céu Claro";"Dupla";"Viaduto";"Sim";2;0;0;0;2;0;0;2;-18,90823529;-48,31332207;"SPRF-MG";"DEL15-MG";"UOP01-DEL15-MG"
249074;2019-11-12;"terça-feira";"19:25:00";"MG";381;862;"POUSO ALEGRE";"Não guardar distância de segurança";"Colisão traseira";"Sem Vítimas";"Plena Noite";"Decrescente";"Nublado";"Dupla";"Reta;Aclive";"Não";3;0;0;0;3;0;0;2;-22,37453071;-45,93949727;"SPRF-MG";"DEL16-MG";"UOP01-DEL16-MG"
249076;2019-11-12;"terça-feira";"19:30:00";"SC";101;171,1;"TIJUCAS";"Falta de Atenção à Condução";"Colisão traseira";"Com Vítimas Feridas";"Plena Noite";"Crescente";"Nublado";"Múltipla";"Reta";"Não";2;0;1;0;1;0;1;2;-27,30546499;-48,63258412;"SPRF-SC";"DEL04-SC";"UOP03-DEL04-SC"
249078;2019-11-12;"terça-feira";"20:25:00";"PI";343;332;"TERESINA";"Falta de Atenção à Condução";"Colisão frontal";"Com Vítimas Feridas";"Plena Noite";"Crescente";"Ignorado";"Simples";"Reta";"Sim";2;0;0;1;1;0;1;2;-5,058209;-42,66679;"SPRF-PI";"DEL01-PI";"UOP01-DEL01-PI"
249080;2019-11-12;"terça-feira";"19:50:00";"MG";116;479,9;"DOM CAVATI";"Ingestão de Álcool";"Atropelamento de Pedestre";"Com Vítimas Feridas";"Plena Noite";"Crescente";"Nublado";"Simples";"Reta";"Sim";2;0;0;1;1;0;1;2;-19,385223;-42,1121509;"SPRF-MG";"DEL06-MG";"UOP02-DEL06-MG"
249081;2019-11-12;"terça-feira";"19:00:00";"MG";40;42,1;"PARACATU";"Desobediência às normas de trânsito pelo condutor";"Colisão transversal";"Com Vítimas Feridas";"Plena Noite";"Decrescente";"Céu Claro";"Simples";"Reta";"Sim";2;0;2;0;0;0;2;2;-17,2188441;-46,8666753;"SPRF-MG";"DEL14-MG";"UOP01-DEL14-MG"
249083;2019-11-12;"terça-feira";"20:20:00";"SC";101;217;"PALHOCA";"Falta de Atenção à Condução";"Queda de ocupante de veículo";"Com Vítimas Feridas";"Plena Noite";"Crescente";"Céu Claro";"Múltipla";"Reta";"Não";2;0;1;0;1;0;1;2;-27,66779034;-48,67393586;"SPRF-SC";"DEL01-SC";"UOP02-DEL01-SC"
249085;2019-11-12;"terça-feira";"17:00:00";"MT";70;587,5;"POCONE";"Pista Escorregadia";"Saída de leito carroçável";"Com Vítimas Feridas";"Pleno dia";"Crescente";"Chuva";"Simples";"Declive";"Não";3;0;3;0;0;0;3;1;-15,78361933;-56,62178887;"SPRF-MT";"DEL03-MT";"UOP02-DEL03-MT"
249087;2019-11-12;"terça-feira";"19:50:00";"MG";381;0,7;"BETIM";"Falta de Atenção à Condução";"Saída de leito carroçável";"Com Vítimas Feridas";"Plena Noite";"Crescente";"Céu Claro";"Dupla";"Declive;Reta";"Sim";2;0;1;0;0;1;1;2;-19,96825;-44,198708;"SPRF-MG";"DEL01-MG";"UOP03-DEL01-MG"
249088;2019-11-12;"terça-feira";"17:00:00";"RJ";40;94;"DUQUE DE CAXIAS";"Velocidade Incompatível";"Saída de leito carroçável";"Com Vítimas Feridas";"Pleno dia";"Crescente";"Chuva";"Simples";"Curva";"Não";2;0;1;0;1;0;1;1;-22,55763285;-43,26574352;"SPRF-RJ";"DEL01-RJ";"UOP01-DEL01-RJ"
249089;2019-11-12;"terça-feira";"17:00:00";"MG";381;487,5;"BETIM";"Falta de Atenção à Condução";"Tombamento";"Com Vítimas Feridas";"Pleno dia";"Crescente";"Céu Claro";"Dupla";"Reta";"Não";1;0;1;0;0;0;1;1;-19,95712452;-44,12387252;"SPRF-MG";"DEL01-MG";"UOP03-DEL01-MG"
249091;2019-11-12;"terça-feira";"18:55:00";"AC";364;130;"RIO BRANCO";"Falta de Atenção à Condução";"Queda de ocupante de veículo";"Com Vítimas Feridas";"Plena Noite";"Decrescente";"Ignorado";"Simples";"Reta";"Não";1;0;1;0;0;0;1;1;-10,0240943;-67,8369574;"SPRF-AC";"DEL01-AC";"UOP01-DEL01-AC"
249093;2019-11-12;"terça-feira";"17:30:00";"RJ";40;75;"PETROPOLIS";"Velocidade Incompatível";"Saída de leito carroçável";"Com Vítimas Feridas";"Anoitecer";"Crescente";"Chuva";"Simples";"Curva";"Não";4;0;4;0;0;0;4;1;-22,46857126;-43,22958698;"SPRF-RJ";"DEL06-RJ";"UOP01-DEL06-RJ"
249096;2019-11-12;"terça-feira";"20:50:00";"RS";285;667,7;"SAO BORJA";"Animais na Pista";"Atropelamento de Animal";"Com Vítimas Feridas";"Plena Noite";"Crescente";"Nublado";"Simples";"Reta";"Não";1;0;1;0;0;0;1;1;-28,66214;-55,930073;"SPRF-RS";"DEL12-RS";"UOP01-DEL12-RS"
249097;2019-11-12;"terça-feira";"19:10:00";"PE";101;64,8;"RECIFE";"Falta de Atenção à Condução";"Tombamento";"Com Vítimas Feridas";"Plena Noite";"Crescente";"Céu Claro";"Múltipla";"Ponte";"Não";1;0;1;0;0;0;1;1;-8,0162921;-34,94045886;"SPRF-PE";"DEL01-PE";"UOP01-DEL01-PE"
249098;2019-10-20;"domingo";"16:10:00";"PE";232;185;"BELO JARDIM";"Falta de Atenção à Condução";"Saída de leito carroçável";"Com Vítimas Feridas";"Pleno dia";"Crescente";"Céu Claro";"Simples";"Reta";"Não";3;0;0;1;1;1;1;1;-8,33885919;-36,36556333;"SPRF-PE";"DEL02-PE";"UOP03-DEL02-PE"
249100;2019-11-12;"terça-feira";"21:15:00";"MS";163;43;"ELDORADO";"Ultrapassagem Indevida";"Colisão traseira";"Com Vítimas Feridas";"Plena Noite";"Decrescente";"Céu Claro";"Simples";"Reta";"Não";3;0;1;1;0;1;2;2;-23,76281184;-54,27377415;"SPRF-MS";"DEL09-MS";"UOP02-DEL09-MS"
249101;2019-11-12;"terça-feira";"22:15:00";"PR";376;619;"SAO JOSE DOS PINHAIS";"Falta de Atenção à Condução";"Atropelamento de Pedestre";"Com Vítimas Feridas";"Plena Noite";"Crescente";"Céu Claro";"Dupla";"Reta";"Não";2;0;1;0;0;1;1;2;-25,60034699;-49,17355691;"SPRF-PR";"DEL01-PR";"UOP01-DEL01-PR"
249103;2019-11-12;"terça-feira";"20:15:00";"MA";10;135;"ESTREITO";"Desobediência às normas de trânsito pelo condutor";"Colisão traseira";"Com Vítimas Feridas";"Plena Noite";"Decrescente";"Céu Claro";"Simples";"Reta";"Não";3;0;0;1;2;0;1;2;-6,531162;-47,401581;"SPRF-MA";"DEL04-MA";"UOP02-DEL04-MA"
249105;2019-11-12;"terça-feira";"22:45:00";"SC";116;246;"LAGES";"Falta de Atenção à Condução";"Colisão transversal";"Com Vítimas Feridas";"Plena Noite";"Crescente";"Nublado";"Simples";"Reta";"Sim";2;0;1;0;1;0;1;2;-27,80419942;-50,36509464;"SPRF-SC";"DEL05-SC";"UOP02-DEL05-SC"
249106;2019-11-12;"terça-feira";"23:10:00";"PR";116;127,1;"CURITIBA";"Falta de Atenção à Condução";"Colisão traseira";"Com Vítimas Feridas";"Plena Noite";"Crescente";"Ignorado";"Dupla";"Interseção de Vias";"Sim";2;0;1;0;1;0;1;2;-25,612752;-49,31859701;"SPRF-PR";"DEL01-PR";"UOP03-DEL01-PR"
249110;2019-11-12;"terça-feira";"22:00:00";"GO";60;48;"ABADIANIA";"Falta de Atenção à Condução";"Saída de leito carroçável";"Sem Vítimas";"Plena Noite";"Crescente";"Céu Claro";"Dupla";"Reta";"Não";1;0;0;0;1;0;0;1;-16,1607;-48,6148;"SPRF-GO";"DEL02-GO";"UOP01-DEL02-GO"
249111;2019-11-13;"quarta-feira";"00:00:00";"CE";116;43;"HORIZONTE";"Desobediência às normas de trânsito pelo condutor";"Colisão frontal";"Com Vítimas Feridas";"Plena Noite";"Decrescente";"Céu Claro";"Dupla";"Reta";"Sim";2;0;1;1;0;0;2;2;-4,11528518;-38,48917049;"SPRF-CE";"DEL01-CE";"UOP02-DEL01-CE"
249112;2019-11-12;"terça-feira";"19:30:00";"MA";402;24,5;"AXIXA";"Ingestão de Álcool";"Colisão frontal";"Com Vítimas Fatais";"Plena Noite";"Crescente";"Céu Claro";"Simples";"Curva";"Não";3;2;0;0;1;0;0;2;-2,912061;-44,135895;"SPRF-MA";"DEL01-MA";"UOP01-DEL01-MA"
249114;2019-11-13;"quarta-feira";"01:50:00";"SC";470;3,9;"NAVEGANTES";"Falta de Atenção à Condução";"Tombamento";"Com Vítimas Feridas";"Plena Noite";"Crescente";"Céu Claro";"Simples";"Reta";"Não";2;0;2;0;0;0;2;1;-26,861937;-48,681618;"SPRF-SC";"DEL04-SC";"UOP04-DEL04-SC"
249115;2019-11-12;"terça-feira";"08:40:00";"MG";365;618,1;"UBERLANDIA";"Desobediência às normas de trânsito pelo condutor";"Colisão transversal";"Com Vítimas Feridas";"Pleno dia";"Decrescente";"Sol";"Múltipla";"Desvio Temporário;Aclive;Em Obras;Reta;Interseção de Vias";"Sim";2;0;1;0;1;0;1;2;-18,89096479;-48,27070632;"SPRF-MG";"DEL15-MG";"UOP01-DEL15-MG"
249116;2019-11-12;"terça-feira";"08:40:00";"MG";365;618,1;"UBERLANDIA";"Falta de Atenção à Condução";"Colisão traseira";"Com Vítimas Feridas";"Pleno dia";"Decrescente";"Sol";"Múltipla";"Desvio Temporário;Aclive;Em Obras;Reta;Interseção de Vias";"Sim";2;0;1;0;1;0;1;2;-18,89096479;-48,27070632;"SPRF-MG";"DEL15-MG";"UOP01-DEL15-MG"
249120;2019-11-13;"quarta-feira";"03:30:00";"MG";262;193;"RIO PIRACICABA";"Animais na Pista";"Atropelamento de Animal";"Sem Vítimas";"Plena Noite";"Crescente";"Nublado";"Simples";"Reta";"Não";1;0;0;0;1;0;0;1;-19,86386999;-43,09050699;"SPRF-MG";"DEL03-MG";"UOP01-DEL03-MG"
249121;2019-11-13;"quarta-feira";"03:50:00";"SP";116;534;"BARRA DO TURVO";"Falta de Atenção à Condução";"Queda de ocupante de veículo";"Com Vítimas Feridas";"Amanhecer";"Decrescente";"Garoa/Chuvisco";"Simples";"Reta";"Não";1;0;1;0;0;0;1;1;-24,96240898;-48,33996602;"SPRF-SP";"DEL05-SP";"UOP02-DEL05-SP"
249123;2019-11-13;"quarta-feira";"05:35:00";"TO";153;152,2;"ARAGUAINA";"Animais na Pista";"Atropelamento de Animal";"Com Vítimas Feridas";"Pleno dia";"Crescente";"Garoa/Chuvisco";"Simples";"Reta";"Sim";1;0;0;1;0;0;1;1;-7,264632;-48,262614;"SPRF-TO";"DEL02-TO";"UOP01-DEL02-TO"
249124;2019-11-13;"quarta-feira";"03:35:00";"MG";381;765,2;"CAMPANHA";"Objeto estático sobre o leito carroçável";"Colisão com objeto estático";"Com Vítimas Feridas";"Plena Noite";"Decrescente";"Nublado";"Dupla";"Curva";"Não";3;0;0;1;2;0;1;1;-21,73246474;-45,38225066;"SPRF-MG";"DEL16-MG";"UOP02-DEL16-MG"
249125;2019-11-13;"quarta-feira";"05:55:00";"MG";40;511,2;"RIBEIRAO DAS NEVES";"Sinalização da via insuficiente ou inadequada";"Colisão traseira";"Com Vítimas Feridas";"Pleno dia";"Decrescente";"Nublado";"Dupla";"Reta";"Sim";2;0;1;0;1;0;1;2;-19,78298733;-44,11619464;"SPRF-MG";"DEL01-MG";"UOP02-DEL01-MG"
249126;2019-11-13;"quarta-feira";"06:15:00";"PR";376;666,3;"GUARATUBA";"Velocidade Incompatível";"Tombamento";"Com Vítimas Feridas";"Pleno dia";"Decrescente";"Nublado";"Múltipla";"Curva";"Não";1;0;1;0;0;0;1;1;-25,86037408;-48,95087256;"SPRF-PR";"DEL01-PR";"UOP04-DEL01-PR"
249127;2019-11-13;"quarta-feira";"06:10:00";"RS";290;109,9;"ELDORADO DO SUL";"Falta de Atenção à Condução";"Colisão lateral";"Com Vítimas Feridas";"Amanhecer";"Decrescente";"Céu Claro";"Dupla";"Reta";"Sim";3;0;1;2;0;0;3;2;-30,015047;-51,317017;"SPRF-RS";"DEL02-RS";"UOP01-DEL02-RS"
249128;2019-11-12;"terça-feira";"20:20:00";"MG";116;297,5;"ITAMBACURI";"Falta de Atenção do Pedestre";"Atropelamento de Pedestre";"Com Vítimas Fatais";"Plena Noite";"Crescente";"Céu Claro";"Simples";"Reta";"Não";2;1;0;0;1;0;0;2;-18,00881918;-41,58954988;"SPRF-MG";"DEL11-MG";"UOP01-DEL11-MG"
249129;2019-11-13;"quarta-feira";"06:20:00";"PR";116;121;"CURITIBA";"Falta de Atenção à Condução";"Colisão lateral";"Sem Vítimas";"Pleno dia";"Decrescente";"Nublado";"Dupla";"Curva";"Sim";3;0;0;0;3;0;0;3;-25,5599323;-49,30743945;"SPRF-PR";"DEL01-PR";"UOP03-DEL01-PR"
249130;2019-11-12;"terça-feira";"20:00:00";"SC";101;289;"IMBITUBA";"Defeito Mecânico no Veículo";"Incêndio";"Sem Vítimas";"Plena Noite";"Crescente";"Nublado";"Dupla";"Reta;Aclive";"Não";1;0;0;0;1;0;0;1;-28,25395282;-48,70289554;"SPRF-SC";"DEL02-SC";"UOP03-DEL02-SC"
249131;2019-11-13;"quarta-feira";"06:56:00";"MG";40;559;"NOVA LIMA";"Falta de Atenção à Condução";"Colisão com objeto estático";"Com Vítimas Fatais";"Pleno dia";"Decrescente";"Céu Claro";"Dupla";"Reta";"Sim";2;1;0;0;0;1;0;2;-20,11861708;-43,96783926;"SPRF-MG";"DEL01-MG";"UOP02-DEL01-MG"
249133;2019-11-13;"quarta-feira";"06:40:00";"MG";381;361,1;"SAO GONCALO DO RIO ABAIXO";"Pista Escorregadia";"Capotamento";"Com Vítimas Feridas";"Amanhecer";"Crescente";"Nublado";"Simples";"Reta";"Não";2;0;2;0;0;0;2;1;-19,85881293;-43,234108;"SPRF-MG";"DEL03-MG";"UOP01-DEL03-MG"
249134;2019-11-13;"quarta-feira";"07:10:00";"MG";381;478;"CONTAGEM";"Desobediência às normas de trânsito pelo condutor";"Colisão traseira";"Com Vítimas Feridas";"Pleno dia";"Decrescente";"Céu Claro";"Múltipla";"Reta";"Não";2;0;1;0;1;0;1;2;-19,95826094;-44,05921101;"SPRF-MG";"DEL01-MG";"UOP03-DEL01-MG"
249138;2019-11-13;"quarta-feira";"07:00:00";"BA";324;618;"SALVADOR";"Avarias e/ou desgaste excessivo no pneu";"Queda de ocupante de veículo";"Com Vítimas Feridas";"Pleno dia";"Crescente";"Céu Claro";"Dupla";"Reta";"Sim";3;0;3;0;0;0;3;2;-12,891109;-38,445374;"SPRF-BA";"DEL01-BA";"UOP01-DEL01-BA"
249140;2019-11-13;"quarta-feira";"07:30:00";"PE";101;40,1;"IGARASSU";"Falta de Atenção à Condução";"Colisão transversal";"Com Vítimas Feridas";"Pleno dia";"Crescente";"Céu Claro";"Dupla";"Reta";"Não";2;0;0;1;1;0;1;2;-7,821475;-34,916545;"SPRF-PE";"DEL01-PE";"UOP02-DEL01-PE"
249141;2019-11-13;"quarta-feira";"07:25:00";"MG";40;614;"CONGONHAS";"Falta de Atenção à Condução";"Queda de ocupante de veículo";"Com Vítimas Feridas";"Pleno dia";"Crescente";"Nublado";"Simples";"Curva";"Não";1;0;1;0;0;0;1;1;-20,52977973;-43,82351464;"SPRF-MG";"DEL05-MG";"UOP02-DEL05-MG"
249142;2019-11-13;"quarta-feira";"07:20:00";"SC";470;135,9;"RIO DO SUL";"Desobediência às normas de trânsito pelo condutor";"Atropelamento de Pedestre";"Com Vítimas Feridas";"Pleno dia";"Crescente";"Nublado";"Simples";"Reta";"Sim";3;0;2;1;0;0;3;2;-27,188492;-49,61232;"SPRF-SC";"DEL04-SC";"UOP02-DEL04-SC"
249145;2019-11-13;"quarta-feira";"07:30:00";"SP";116;226,4;"GUARULHOS";"Falta de Atenção à Condução";"Colisão lateral";"Com Vítimas Feridas";"Amanhecer";"Crescente";"Nublado";"Múltipla";"Declive";"Sim";2;0;1;0;1;0;1;2;-23,49501489;-46,55484557;"SPRF-SP";"DEL01-SP";"UOP01-DEL01-SP"
249147;2019-11-13;"quarta-feira";"08:05:00";"SC";101;338,2;"TUBARAO";"Não guardar distância de segurança";"Colisão lateral";"Com Vítimas Feridas";"Pleno dia";"Crescente";"Céu Claro";"Dupla";"Reta";"Não";1;0;1;0;0;0;1;1;-28,467924;-49,0097;"SPRF-SC";"DEL02-SC";"UOP01-DEL02-SC"
249149;2019-08-25;"domingo";"18:50:00";"MG";40;519,3;"CONTAGEM";"Defeito Mecânico no Veículo";"Queda de ocupante de veículo";"Com Vítimas Feridas";"Anoitecer";"Decrescente";"Céu Claro";"Dupla";"Reta";"Não";1;0;0;1;0;0;1;1;-19,84874811;-44,0719986;"SPRF-MG";"DEL01-MG";"UOP02-DEL01-MG"
249150;2019-11-13;"quarta-feira";"08:00:00";"SP";116;229;"SAO PAULO";"Falta de Atenção à Condução";"Colisão traseira";"Com Vítimas Feridas";"Pleno dia";"Crescente";"Nublado";"Múltipla";"Reta";"Sim";2;0;1;0;0;1;1;2;-23,51291902;-46,57604698;"SPRF-SP";"DEL01-SP";"UOP01-DEL01-SP"
249152;2019-11-13;"quarta-feira";"07:50:00";"PR";277;345,9;"GUARAPUAVA";"Falta de Atenção à Condução";"Colisão transversal";"Com Vítimas Feridas";"Pleno dia";"Crescente";"Céu Claro";"Simples";"Reta;Interseção de Vias";"Sim";3;0;1;0;2;0;1;2;-25,36737229;-51,49354219;"SPRF-PR";"DEL03-PR";"UOP01-DEL08-PR"
249153;2019-11-13;"quarta-feira";"08:20:00";"SP";381;75,8;"SAO PAULO";"Defeito na Via";"Colisão com objeto em movimento";"Com Vítimas Feridas";"Pleno dia";"Crescente";"Céu Claro";"Dupla";"Curva";"Não";2;0;1;0;1;0;1;2;-23,37660089;-46,56409613;"SPRF-SP";"DEL03-SP";"UOP01-DEL03-SP"
249154;2019-11-13;"quarta-feira";"06:55:00";"MT";174;5;"PONTES E LACERDA";"Desobediência às normas de trânsito pelo condutor";"Colisão lateral";"Com Vítimas Feridas";"Pleno dia";"Crescente";"Céu Claro";"Simples";"Reta";"Sim";2;0;1;0;1;0;1;2;-15,226537;-59,335728;"SPRF-MT";"DEL04-MT";"UOP01-DEL04-MT"
249155;2019-11-13;"quarta-feira";"07:20:00";"MT";163;838;"SINOP";"Pista Escorregadia";"Queda de ocupante de veículo";"Com Vítimas Feridas";"Pleno dia";"Decrescente";"Garoa/Chuvisco";"Dupla";"Reta";"Sim";1;0;1;0;0;0;1;1;-11,960007;-55,516914;"SPRF-MT";"DEL06-MT";"UOP02-DEL06-MT"
249156;2019-11-13;"quarta-feira";"07:50:00";"RJ";116;179;"NOVA IGUACU";"Falta de Atenção à Condução";"Queda de ocupante de veículo";"Com Vítimas Feridas";"Pleno dia";"Crescente";"Nublado";"Dupla";"Reta";"Sim";1;0;1;0;0;0;1;1;-22,74360839;-43,45003152;"SPRF-RJ";"DEL01-RJ";"UOP02-DEL01-RJ"
249157;2019-11-13;"quarta-feira";"08:30:00";"CE";116;4,5;"FORTALEZA";"Falta de Atenção à Condução";"Colisão transversal";"Com Vítimas Feridas";"Pleno dia";"Decrescente";"Céu Claro";"Múltipla";"Reta";"Sim";6;0;2;1;3;0;3;5;-3,7867209;-38,5114568;"SPRF-CE";"DEL01-CE";"UOP02-DEL01-CE"